,run.num,problem,treatment,succeeded,height,normalization.function,generation,cluster.count,error.diversity,success.generation
1,24,scrabble-score,ifs,FALSE,20,elitize_generation_data,0,1,0.125,NA
2,24,scrabble-score,ifs,FALSE,20,elitize_generation_data,1,1,0.122,NA
3,24,scrabble-score,ifs,FALSE,20,elitize_generation_data,2,2,0.1,NA
4,24,scrabble-score,ifs,FALSE,20,elitize_generation_data,3,3,0.064,NA
5,24,scrabble-score,ifs,FALSE,20,elitize_generation_data,4,4,0.026,NA
6,24,scrabble-score,ifs,FALSE,20,elitize_generation_data,5,6,0.018,NA
7,24,scrabble-score,ifs,FALSE,20,elitize_generation_data,6,5,0.017,NA
8,24,scrabble-score,ifs,FALSE,20,elitize_generation_data,7,5,0.024,NA
9,24,scrabble-score,ifs,FALSE,20,elitize_generation_data,8,5,0.029,NA
10,24,scrabble-score,ifs,FALSE,20,elitize_generation_data,9,5,0.029,NA
11,24,scrabble-score,ifs,FALSE,20,elitize_generation_data,10,4,0.036,NA
12,24,scrabble-score,ifs,FALSE,20,elitize_generation_data,11,4,0.035,NA
13,24,scrabble-score,ifs,FALSE,20,elitize_generation_data,12,5,0.041,NA
14,24,scrabble-score,ifs,FALSE,20,elitize_generation_data,13,4,0.047,NA
15,24,scrabble-score,ifs,FALSE,20,elitize_generation_data,14,5,0.044,NA
16,24,scrabble-score,ifs,FALSE,20,elitize_generation_data,15,4,0.035,NA
17,24,scrabble-score,ifs,FALSE,20,elitize_generation_data,16,5,0.045,NA
18,24,scrabble-score,ifs,FALSE,20,elitize_generation_data,17,5,0.047,NA
19,24,scrabble-score,ifs,FALSE,20,elitize_generation_data,18,4,0.048,NA
20,24,scrabble-score,ifs,FALSE,20,elitize_generation_data,19,5,0.043,NA
21,24,scrabble-score,ifs,FALSE,20,elitize_generation_data,20,5,0.06,NA
22,24,scrabble-score,ifs,FALSE,20,elitize_generation_data,21,4,0.08,NA
23,24,scrabble-score,ifs,FALSE,20,elitize_generation_data,22,5,0.11,NA
24,24,scrabble-score,ifs,FALSE,20,elitize_generation_data,23,6,0.115,NA
25,24,scrabble-score,ifs,FALSE,20,elitize_generation_data,24,4,0.11,NA
26,24,scrabble-score,ifs,FALSE,20,elitize_generation_data,25,5,0.113,NA
27,24,scrabble-score,ifs,FALSE,20,elitize_generation_data,26,5,0.102,NA
28,24,scrabble-score,ifs,FALSE,20,elitize_generation_data,27,4,0.104,NA
29,24,scrabble-score,ifs,FALSE,20,elitize_generation_data,28,6,0.106,NA
30,24,scrabble-score,ifs,FALSE,20,elitize_generation_data,29,4,0.107,NA
31,24,scrabble-score,ifs,FALSE,20,elitize_generation_data,30,6,0.114,NA
32,24,scrabble-score,ifs,FALSE,20,elitize_generation_data,31,4,0.122,NA
33,24,scrabble-score,ifs,FALSE,20,elitize_generation_data,32,6,0.147,NA
34,24,scrabble-score,ifs,FALSE,20,elitize_generation_data,33,3,0.138,NA
35,24,scrabble-score,ifs,FALSE,20,elitize_generation_data,34,3,0.138,NA
36,24,scrabble-score,ifs,FALSE,20,elitize_generation_data,35,2,0.157,NA
37,24,scrabble-score,ifs,FALSE,20,elitize_generation_data,36,3,0.176,NA
38,24,scrabble-score,ifs,FALSE,20,elitize_generation_data,37,4,0.19,NA
39,24,scrabble-score,ifs,FALSE,20,elitize_generation_data,38,4,0.217,NA
40,24,scrabble-score,ifs,FALSE,20,elitize_generation_data,39,3,0.232,NA
41,24,scrabble-score,ifs,FALSE,20,elitize_generation_data,40,4,0.239,NA
42,24,scrabble-score,ifs,FALSE,20,elitize_generation_data,41,3,0.172,NA
43,24,scrabble-score,ifs,FALSE,20,elitize_generation_data,42,6,0.124,NA
44,24,scrabble-score,ifs,FALSE,20,elitize_generation_data,43,4,0.15,NA
45,24,scrabble-score,ifs,FALSE,20,elitize_generation_data,44,6,0.151,NA
46,24,scrabble-score,ifs,FALSE,20,elitize_generation_data,45,7,0.141,NA
47,24,scrabble-score,ifs,FALSE,20,elitize_generation_data,46,5,0.12,NA
48,24,scrabble-score,ifs,FALSE,20,elitize_generation_data,47,5,0.099,NA
49,24,scrabble-score,ifs,FALSE,20,elitize_generation_data,48,5,0.093,NA
50,24,scrabble-score,ifs,FALSE,20,elitize_generation_data,49,5,0.1,NA
51,24,scrabble-score,ifs,FALSE,20,elitize_generation_data,50,5,0.089,NA
52,24,scrabble-score,ifs,FALSE,20,elitize_generation_data,51,6,0.099,NA
53,24,scrabble-score,ifs,FALSE,20,elitize_generation_data,52,8,0.088,NA
54,24,scrabble-score,ifs,FALSE,20,elitize_generation_data,53,4,0.087,NA
55,24,scrabble-score,ifs,FALSE,20,elitize_generation_data,54,3,0.103,NA
56,24,scrabble-score,ifs,FALSE,20,elitize_generation_data,55,6,0.1,NA
57,24,scrabble-score,ifs,FALSE,20,elitize_generation_data,56,5,0.077,NA
58,24,scrabble-score,ifs,FALSE,20,elitize_generation_data,57,7,0.086,NA
59,24,scrabble-score,ifs,FALSE,20,elitize_generation_data,58,9,0.085,NA
60,24,scrabble-score,ifs,FALSE,20,elitize_generation_data,59,2,0.104,NA
61,24,scrabble-score,ifs,FALSE,20,elitize_generation_data,60,6,0.097,NA
62,24,scrabble-score,ifs,FALSE,20,elitize_generation_data,61,7,0.12,NA
63,24,scrabble-score,ifs,FALSE,20,elitize_generation_data,62,6,0.112,NA
64,24,scrabble-score,ifs,FALSE,20,elitize_generation_data,63,5,0.085,NA
65,24,scrabble-score,ifs,FALSE,20,elitize_generation_data,64,5,0.087,NA
66,24,scrabble-score,ifs,FALSE,20,elitize_generation_data,65,7,0.102,NA
67,24,scrabble-score,ifs,FALSE,20,elitize_generation_data,66,8,0.099,NA
68,24,scrabble-score,ifs,FALSE,20,elitize_generation_data,67,6,0.105,NA
69,24,scrabble-score,ifs,FALSE,20,elitize_generation_data,68,6,0.094,NA
70,24,scrabble-score,ifs,FALSE,20,elitize_generation_data,69,7,0.086,NA
71,24,scrabble-score,ifs,FALSE,20,elitize_generation_data,70,7,0.089,NA
72,24,scrabble-score,ifs,FALSE,20,elitize_generation_data,71,7,0.109,NA
73,24,scrabble-score,ifs,FALSE,20,elitize_generation_data,72,7,0.09,NA
74,24,scrabble-score,ifs,FALSE,20,elitize_generation_data,73,7,0.097,NA
75,24,scrabble-score,ifs,FALSE,20,elitize_generation_data,74,6,0.088,NA
76,24,scrabble-score,ifs,FALSE,20,elitize_generation_data,75,7,0.081,NA
77,24,scrabble-score,ifs,FALSE,20,elitize_generation_data,76,8,0.074,NA
78,24,scrabble-score,ifs,FALSE,20,elitize_generation_data,77,6,0.076,NA
79,24,scrabble-score,ifs,FALSE,20,elitize_generation_data,78,8,0.085,NA
80,24,scrabble-score,ifs,FALSE,20,elitize_generation_data,79,9,0.088,NA
81,24,scrabble-score,ifs,FALSE,20,elitize_generation_data,80,7,0.133,NA
82,24,scrabble-score,ifs,FALSE,20,elitize_generation_data,81,8,0.133,NA
83,24,scrabble-score,ifs,FALSE,20,elitize_generation_data,82,7,0.113,NA
84,24,scrabble-score,ifs,FALSE,20,elitize_generation_data,83,9,0.126,NA
85,24,scrabble-score,ifs,FALSE,20,elitize_generation_data,84,8,0.127,NA
86,24,scrabble-score,ifs,FALSE,20,elitize_generation_data,85,9,0.124,NA
87,24,scrabble-score,ifs,FALSE,20,elitize_generation_data,86,10,0.141,NA
88,24,scrabble-score,ifs,FALSE,20,elitize_generation_data,87,8,0.139,NA
89,24,scrabble-score,ifs,FALSE,20,elitize_generation_data,88,8,0.148,NA
90,24,scrabble-score,ifs,FALSE,20,elitize_generation_data,89,8,0.137,NA
91,24,scrabble-score,ifs,FALSE,20,elitize_generation_data,90,8,0.159,NA
92,24,scrabble-score,ifs,FALSE,20,elitize_generation_data,91,10,0.152,NA
93,24,scrabble-score,ifs,FALSE,20,elitize_generation_data,92,9,0.142,NA
94,24,scrabble-score,ifs,FALSE,20,elitize_generation_data,93,10,0.16,NA
95,24,scrabble-score,ifs,FALSE,20,elitize_generation_data,94,8,0.153,NA
96,24,scrabble-score,ifs,FALSE,20,elitize_generation_data,95,9,0.161,NA
97,24,scrabble-score,ifs,FALSE,20,elitize_generation_data,96,8,0.139,NA
98,24,scrabble-score,ifs,FALSE,20,elitize_generation_data,97,9,0.176,NA
99,24,scrabble-score,ifs,FALSE,20,elitize_generation_data,98,9,0.172,NA
100,24,scrabble-score,ifs,FALSE,20,elitize_generation_data,99,8,0.183,NA
101,24,scrabble-score,ifs,FALSE,20,elitize_generation_data,100,9,0.204,NA
102,24,scrabble-score,ifs,FALSE,20,elitize_generation_data,101,9,0.228,NA
103,24,scrabble-score,ifs,FALSE,20,elitize_generation_data,102,8,0.205,NA
104,24,scrabble-score,ifs,FALSE,20,elitize_generation_data,103,9,0.186,NA
105,24,scrabble-score,ifs,FALSE,20,elitize_generation_data,104,9,0.212,NA
106,24,scrabble-score,ifs,FALSE,20,elitize_generation_data,105,11,0.214,NA
107,24,scrabble-score,ifs,FALSE,20,elitize_generation_data,106,11,0.234,NA
108,24,scrabble-score,ifs,FALSE,20,elitize_generation_data,107,9,0.266,NA
109,24,scrabble-score,ifs,FALSE,20,elitize_generation_data,108,8,0.294,NA
110,24,scrabble-score,ifs,FALSE,20,elitize_generation_data,109,9,0.323,NA
111,24,scrabble-score,ifs,FALSE,20,elitize_generation_data,110,9,0.287,NA
112,24,scrabble-score,ifs,FALSE,20,elitize_generation_data,111,8,0.306,NA
113,24,scrabble-score,ifs,FALSE,20,elitize_generation_data,112,9,0.281,NA
114,24,scrabble-score,ifs,FALSE,20,elitize_generation_data,113,9,0.289,NA
115,24,scrabble-score,ifs,FALSE,20,elitize_generation_data,114,9,0.318,NA
116,24,scrabble-score,ifs,FALSE,20,elitize_generation_data,115,9,0.316,NA
117,24,scrabble-score,ifs,FALSE,20,elitize_generation_data,116,9,0.314,NA
118,24,scrabble-score,ifs,FALSE,20,elitize_generation_data,117,8,0.331,NA
119,24,scrabble-score,ifs,FALSE,20,elitize_generation_data,118,8,0.311,NA
120,24,scrabble-score,ifs,FALSE,20,elitize_generation_data,119,9,0.306,NA
121,24,scrabble-score,ifs,FALSE,20,elitize_generation_data,120,11,0.323,NA
122,24,scrabble-score,ifs,FALSE,20,elitize_generation_data,121,9,0.361,NA
123,24,scrabble-score,ifs,FALSE,20,elitize_generation_data,122,9,0.391,NA
124,24,scrabble-score,ifs,FALSE,20,elitize_generation_data,123,8,0.382,NA
125,24,scrabble-score,ifs,FALSE,20,elitize_generation_data,124,9,0.406,NA
126,24,scrabble-score,ifs,FALSE,20,elitize_generation_data,125,6,0.385,NA
127,24,scrabble-score,ifs,FALSE,20,elitize_generation_data,126,7,0.361,NA
128,24,scrabble-score,ifs,FALSE,20,elitize_generation_data,127,9,0.334,NA
129,24,scrabble-score,ifs,FALSE,20,elitize_generation_data,128,7,0.37,NA
130,24,scrabble-score,ifs,FALSE,20,elitize_generation_data,129,5,0.383,NA
131,24,scrabble-score,ifs,FALSE,20,elitize_generation_data,130,7,0.355,NA
132,24,scrabble-score,ifs,FALSE,20,elitize_generation_data,131,8,0.356,NA
133,24,scrabble-score,ifs,FALSE,20,elitize_generation_data,132,6,0.343,NA
134,24,scrabble-score,ifs,FALSE,20,elitize_generation_data,133,7,0.311,NA
135,24,scrabble-score,ifs,FALSE,20,elitize_generation_data,134,8,0.354,NA
136,24,scrabble-score,ifs,FALSE,20,elitize_generation_data,135,9,0.319,NA
137,24,scrabble-score,ifs,FALSE,20,elitize_generation_data,136,5,0.325,NA
138,24,scrabble-score,ifs,FALSE,20,elitize_generation_data,137,7,0.362,NA
139,24,scrabble-score,ifs,FALSE,20,elitize_generation_data,138,7,0.385,NA
140,24,scrabble-score,ifs,FALSE,20,elitize_generation_data,139,6,0.408,NA
141,24,scrabble-score,ifs,FALSE,20,elitize_generation_data,140,5,0.42,NA
142,24,scrabble-score,ifs,FALSE,20,elitize_generation_data,141,5,0.452,NA
143,24,scrabble-score,ifs,FALSE,20,elitize_generation_data,142,7,0.413,NA
144,24,scrabble-score,ifs,FALSE,20,elitize_generation_data,143,7,0.435,NA
145,24,scrabble-score,ifs,FALSE,20,elitize_generation_data,144,4,0.456,NA
146,24,scrabble-score,ifs,FALSE,20,elitize_generation_data,145,5,0.461,NA
147,24,scrabble-score,ifs,FALSE,20,elitize_generation_data,146,9,0.467,NA
148,24,scrabble-score,ifs,FALSE,20,elitize_generation_data,147,6,0.429,NA
149,24,scrabble-score,ifs,FALSE,20,elitize_generation_data,148,6,0.384,NA
150,24,scrabble-score,ifs,FALSE,20,elitize_generation_data,149,4,0.396,NA
151,24,scrabble-score,ifs,FALSE,20,elitize_generation_data,150,9,0.412,NA
152,24,scrabble-score,ifs,FALSE,20,elitize_generation_data,151,5,0.415,NA
153,24,scrabble-score,ifs,FALSE,20,elitize_generation_data,152,7,0.449,NA
154,24,scrabble-score,ifs,FALSE,20,elitize_generation_data,153,5,0.421,NA
155,24,scrabble-score,ifs,FALSE,20,elitize_generation_data,154,6,0.418,NA
156,24,scrabble-score,ifs,FALSE,20,elitize_generation_data,155,5,0.415,NA
157,24,scrabble-score,ifs,FALSE,20,elitize_generation_data,156,8,0.398,NA
158,24,scrabble-score,ifs,FALSE,20,elitize_generation_data,157,7,0.413,NA
159,24,scrabble-score,ifs,FALSE,20,elitize_generation_data,158,5,0.455,NA
160,24,scrabble-score,ifs,FALSE,20,elitize_generation_data,159,5,0.487,NA
161,24,scrabble-score,ifs,FALSE,20,elitize_generation_data,160,5,0.503,NA
162,24,scrabble-score,ifs,FALSE,20,elitize_generation_data,161,6,0.471,NA
163,24,scrabble-score,ifs,FALSE,20,elitize_generation_data,162,5,0.505,NA
164,24,scrabble-score,ifs,FALSE,20,elitize_generation_data,163,6,0.509,NA
165,24,scrabble-score,ifs,FALSE,20,elitize_generation_data,164,4,0.479,NA
166,24,scrabble-score,ifs,FALSE,20,elitize_generation_data,165,5,0.515,NA
167,24,scrabble-score,ifs,FALSE,20,elitize_generation_data,166,7,0.533,NA
168,24,scrabble-score,ifs,FALSE,20,elitize_generation_data,167,9,0.501,NA
169,24,scrabble-score,ifs,FALSE,20,elitize_generation_data,168,3,0.5,NA
170,24,scrabble-score,ifs,FALSE,20,elitize_generation_data,169,5,0.498,NA
171,24,scrabble-score,ifs,FALSE,20,elitize_generation_data,170,5,0.521,NA
172,24,scrabble-score,ifs,FALSE,20,elitize_generation_data,171,4,0.514,NA
173,24,scrabble-score,ifs,FALSE,20,elitize_generation_data,172,6,0.483,NA
174,24,scrabble-score,ifs,FALSE,20,elitize_generation_data,173,6,0.481,NA
175,24,scrabble-score,ifs,FALSE,20,elitize_generation_data,174,6,0.485,NA
176,24,scrabble-score,ifs,FALSE,20,elitize_generation_data,175,6,0.485,NA
177,24,scrabble-score,ifs,FALSE,20,elitize_generation_data,176,7,0.493,NA
178,24,scrabble-score,ifs,FALSE,20,elitize_generation_data,177,8,0.528,NA
179,24,scrabble-score,ifs,FALSE,20,elitize_generation_data,178,7,0.515,NA
180,24,scrabble-score,ifs,FALSE,20,elitize_generation_data,179,5,0.546,NA
181,24,scrabble-score,ifs,FALSE,20,elitize_generation_data,180,7,0.533,NA
182,24,scrabble-score,ifs,FALSE,20,elitize_generation_data,181,5,0.517,NA
183,24,scrabble-score,ifs,FALSE,20,elitize_generation_data,182,5,0.537,NA
184,24,scrabble-score,ifs,FALSE,20,elitize_generation_data,183,6,0.538,NA
185,24,scrabble-score,ifs,FALSE,20,elitize_generation_data,184,8,0.57,NA
186,24,scrabble-score,ifs,FALSE,20,elitize_generation_data,185,6,0.61,NA
187,24,scrabble-score,ifs,FALSE,20,elitize_generation_data,186,6,0.605,NA
188,24,scrabble-score,ifs,FALSE,20,elitize_generation_data,187,7,0.617,NA
189,24,scrabble-score,ifs,FALSE,20,elitize_generation_data,188,8,0.621,NA
190,24,scrabble-score,ifs,FALSE,20,elitize_generation_data,189,7,0.645,NA
191,24,scrabble-score,ifs,FALSE,20,elitize_generation_data,190,7,0.654,NA
192,24,scrabble-score,ifs,FALSE,20,elitize_generation_data,191,7,0.643,NA
193,24,scrabble-score,ifs,FALSE,20,elitize_generation_data,192,5,0.664,NA
194,24,scrabble-score,ifs,FALSE,20,elitize_generation_data,193,7,0.664,NA
195,24,scrabble-score,ifs,FALSE,20,elitize_generation_data,194,6,0.652,NA
196,24,scrabble-score,ifs,FALSE,20,elitize_generation_data,195,7,0.603,NA
197,24,scrabble-score,ifs,FALSE,20,elitize_generation_data,196,6,0.614,NA
198,24,scrabble-score,ifs,FALSE,20,elitize_generation_data,197,7,0.566,NA
199,24,scrabble-score,ifs,FALSE,20,elitize_generation_data,198,7,0.531,NA
200,24,scrabble-score,ifs,FALSE,20,elitize_generation_data,199,6,0.515,NA
201,24,scrabble-score,ifs,FALSE,20,elitize_generation_data,200,9,0.527,NA
202,24,scrabble-score,ifs,FALSE,20,elitize_generation_data,201,10,0.519,NA
203,24,scrabble-score,ifs,FALSE,20,elitize_generation_data,202,9,0.532,NA
204,24,scrabble-score,ifs,FALSE,20,elitize_generation_data,203,9,0.56,NA
205,24,scrabble-score,ifs,FALSE,20,elitize_generation_data,204,7,0.567,NA
206,24,scrabble-score,ifs,FALSE,20,elitize_generation_data,205,7,0.585,NA
207,24,scrabble-score,ifs,FALSE,20,elitize_generation_data,206,8,0.589,NA
208,24,scrabble-score,ifs,FALSE,20,elitize_generation_data,207,7,0.623,NA
209,24,scrabble-score,ifs,FALSE,20,elitize_generation_data,208,7,0.644,NA
210,24,scrabble-score,ifs,FALSE,20,elitize_generation_data,209,7,0.624,NA
211,24,scrabble-score,ifs,FALSE,20,elitize_generation_data,210,8,0.647,NA
212,24,scrabble-score,ifs,FALSE,20,elitize_generation_data,211,7,0.663,NA
213,24,scrabble-score,ifs,FALSE,20,elitize_generation_data,212,7,0.656,NA
214,24,scrabble-score,ifs,FALSE,20,elitize_generation_data,213,8,0.612,NA
215,24,scrabble-score,ifs,FALSE,20,elitize_generation_data,214,10,0.585,NA
216,24,scrabble-score,ifs,FALSE,20,elitize_generation_data,215,9,0.58,NA
217,24,scrabble-score,ifs,FALSE,20,elitize_generation_data,216,8,0.607,NA
218,24,scrabble-score,ifs,FALSE,20,elitize_generation_data,217,8,0.595,NA
219,24,scrabble-score,ifs,FALSE,20,elitize_generation_data,218,9,0.64,NA
220,24,scrabble-score,ifs,FALSE,20,elitize_generation_data,219,8,0.672,NA
221,24,scrabble-score,ifs,FALSE,20,elitize_generation_data,220,7,0.648,NA
222,24,scrabble-score,ifs,FALSE,20,elitize_generation_data,221,6,0.671,NA
223,24,scrabble-score,ifs,FALSE,20,elitize_generation_data,222,9,0.66,NA
224,24,scrabble-score,ifs,FALSE,20,elitize_generation_data,223,8,0.616,NA
225,24,scrabble-score,ifs,FALSE,20,elitize_generation_data,224,6,0.592,NA
226,24,scrabble-score,ifs,FALSE,20,elitize_generation_data,225,10,0.558,NA
227,24,scrabble-score,ifs,FALSE,20,elitize_generation_data,226,7,0.614,NA
228,24,scrabble-score,ifs,FALSE,20,elitize_generation_data,227,8,0.621,NA
229,24,scrabble-score,ifs,FALSE,20,elitize_generation_data,228,7,0.653,NA
230,24,scrabble-score,ifs,FALSE,20,elitize_generation_data,229,9,0.663,NA
231,24,scrabble-score,ifs,FALSE,20,elitize_generation_data,230,7,0.665,NA
232,24,scrabble-score,ifs,FALSE,20,elitize_generation_data,231,6,0.648,NA
233,24,scrabble-score,ifs,FALSE,20,elitize_generation_data,232,9,0.655,NA
234,24,scrabble-score,ifs,FALSE,20,elitize_generation_data,233,9,0.649,NA
235,24,scrabble-score,ifs,FALSE,20,elitize_generation_data,234,9,0.678,NA
236,24,scrabble-score,ifs,FALSE,20,elitize_generation_data,235,9,0.667,NA
237,24,scrabble-score,ifs,FALSE,20,elitize_generation_data,236,11,0.654,NA
238,24,scrabble-score,ifs,FALSE,20,elitize_generation_data,237,9,0.661,NA
239,24,scrabble-score,ifs,FALSE,20,elitize_generation_data,238,10,0.675,NA
240,24,scrabble-score,ifs,FALSE,20,elitize_generation_data,239,9,0.652,NA
241,24,scrabble-score,ifs,FALSE,20,elitize_generation_data,240,11,0.64,NA
242,24,scrabble-score,ifs,FALSE,20,elitize_generation_data,241,11,0.642,NA
243,24,scrabble-score,ifs,FALSE,20,elitize_generation_data,242,11,0.629,NA
244,24,scrabble-score,ifs,FALSE,20,elitize_generation_data,243,10,0.655,NA
245,24,scrabble-score,ifs,FALSE,20,elitize_generation_data,244,7,0.672,NA
246,24,scrabble-score,ifs,FALSE,20,elitize_generation_data,245,13,0.646,NA
247,24,scrabble-score,ifs,FALSE,20,elitize_generation_data,246,7,0.663,NA
248,24,scrabble-score,ifs,FALSE,20,elitize_generation_data,247,12,0.676,NA
249,24,scrabble-score,ifs,FALSE,20,elitize_generation_data,248,8,0.676,NA
250,24,scrabble-score,ifs,FALSE,20,elitize_generation_data,249,11,0.662,NA
251,24,scrabble-score,ifs,FALSE,20,elitize_generation_data,250,9,0.658,NA
252,24,scrabble-score,ifs,FALSE,20,elitize_generation_data,251,11,0.656,NA
253,24,scrabble-score,ifs,FALSE,20,elitize_generation_data,252,14,0.67,NA
254,24,scrabble-score,ifs,FALSE,20,elitize_generation_data,253,9,0.678,NA
255,24,scrabble-score,ifs,FALSE,20,elitize_generation_data,254,10,0.676,NA
256,24,scrabble-score,ifs,FALSE,20,elitize_generation_data,255,9,0.714,NA
257,24,scrabble-score,ifs,FALSE,20,elitize_generation_data,256,10,0.712,NA
258,24,scrabble-score,ifs,FALSE,20,elitize_generation_data,257,11,0.686,NA
259,24,scrabble-score,ifs,FALSE,20,elitize_generation_data,258,9,0.699,NA
260,24,scrabble-score,ifs,FALSE,20,elitize_generation_data,259,8,0.72,NA
261,24,scrabble-score,ifs,FALSE,20,elitize_generation_data,260,11,0.716,NA
262,24,scrabble-score,ifs,FALSE,20,elitize_generation_data,261,9,0.742,NA
263,24,scrabble-score,ifs,FALSE,20,elitize_generation_data,262,9,0.739,NA
264,24,scrabble-score,ifs,FALSE,20,elitize_generation_data,263,10,0.707,NA
265,24,scrabble-score,ifs,FALSE,20,elitize_generation_data,264,10,0.737,NA
266,24,scrabble-score,ifs,FALSE,20,elitize_generation_data,265,9,0.706,NA
267,24,scrabble-score,ifs,FALSE,20,elitize_generation_data,266,10,0.706,NA
268,24,scrabble-score,ifs,FALSE,20,elitize_generation_data,267,10,0.688,NA
269,24,scrabble-score,ifs,FALSE,20,elitize_generation_data,268,10,0.705,NA
270,24,scrabble-score,ifs,FALSE,20,elitize_generation_data,269,10,0.716,NA
271,24,scrabble-score,ifs,FALSE,20,elitize_generation_data,270,8,0.707,NA
272,24,scrabble-score,ifs,FALSE,20,elitize_generation_data,271,10,0.748,NA
273,24,scrabble-score,ifs,FALSE,20,elitize_generation_data,272,9,0.724,NA
274,24,scrabble-score,ifs,FALSE,20,elitize_generation_data,273,9,0.725,NA
275,24,scrabble-score,ifs,FALSE,20,elitize_generation_data,274,9,0.702,NA
276,24,scrabble-score,ifs,FALSE,20,elitize_generation_data,275,11,0.698,NA
277,24,scrabble-score,ifs,FALSE,20,elitize_generation_data,276,12,0.7,NA
278,24,scrabble-score,ifs,FALSE,20,elitize_generation_data,277,9,0.693,NA
279,24,scrabble-score,ifs,FALSE,20,elitize_generation_data,278,12,0.673,NA
280,24,scrabble-score,ifs,FALSE,20,elitize_generation_data,279,9,0.695,NA
281,24,scrabble-score,ifs,FALSE,20,elitize_generation_data,280,9,0.725,NA
282,24,scrabble-score,ifs,FALSE,20,elitize_generation_data,281,10,0.712,NA
283,24,scrabble-score,ifs,FALSE,20,elitize_generation_data,282,8,0.699,NA
284,24,scrabble-score,ifs,FALSE,20,elitize_generation_data,283,12,0.71,NA
285,24,scrabble-score,ifs,FALSE,20,elitize_generation_data,284,10,0.714,NA
286,24,scrabble-score,ifs,FALSE,20,elitize_generation_data,285,10,0.722,NA
287,24,scrabble-score,ifs,FALSE,20,elitize_generation_data,286,10,0.71,NA
288,24,scrabble-score,ifs,FALSE,20,elitize_generation_data,287,11,0.727,NA
289,24,scrabble-score,ifs,FALSE,20,elitize_generation_data,288,14,0.723,NA
290,24,scrabble-score,ifs,FALSE,20,elitize_generation_data,289,9,0.688,NA
291,24,scrabble-score,ifs,FALSE,20,elitize_generation_data,290,9,0.666,NA
292,24,scrabble-score,ifs,FALSE,20,elitize_generation_data,291,9,0.674,NA
293,24,scrabble-score,ifs,FALSE,20,elitize_generation_data,292,10,0.675,NA
294,24,scrabble-score,ifs,FALSE,20,elitize_generation_data,293,11,0.669,NA
295,24,scrabble-score,ifs,FALSE,20,elitize_generation_data,294,10,0.693,NA
296,24,scrabble-score,ifs,FALSE,20,elitize_generation_data,295,10,0.691,NA
297,24,scrabble-score,ifs,FALSE,20,elitize_generation_data,296,9,0.682,NA
298,24,scrabble-score,ifs,FALSE,20,elitize_generation_data,297,10,0.691,NA
299,24,scrabble-score,ifs,FALSE,20,elitize_generation_data,298,11,0.706,NA
300,24,scrabble-score,ifs,FALSE,20,elitize_generation_data,299,11,0.681,NA
301,24,scrabble-score,ifs,FALSE,20,elitize_generation_data,300,10,0.682,NA
