,run.num,problem,treatment,succeeded,height,normalization.function,generation,cluster.count,error.diversity,success.generation
1,28,scrabble-score,ifs,FALSE,20,elitize_generation_data,0,6,0.112,NA
2,28,scrabble-score,ifs,FALSE,20,elitize_generation_data,1,4,0.107,NA
3,28,scrabble-score,ifs,FALSE,20,elitize_generation_data,2,2,0.137,NA
4,28,scrabble-score,ifs,FALSE,20,elitize_generation_data,3,4,0.161,NA
5,28,scrabble-score,ifs,FALSE,20,elitize_generation_data,4,2,0.153,NA
6,28,scrabble-score,ifs,FALSE,20,elitize_generation_data,5,4,0.161,NA
7,28,scrabble-score,ifs,FALSE,20,elitize_generation_data,6,6,0.242,NA
8,28,scrabble-score,ifs,FALSE,20,elitize_generation_data,7,6,0.264,NA
9,28,scrabble-score,ifs,FALSE,20,elitize_generation_data,8,4,0.264,NA
10,28,scrabble-score,ifs,FALSE,20,elitize_generation_data,9,4,0.312,NA
11,28,scrabble-score,ifs,FALSE,20,elitize_generation_data,10,6,0.395,NA
12,28,scrabble-score,ifs,FALSE,20,elitize_generation_data,11,4,0.419,NA
13,28,scrabble-score,ifs,FALSE,20,elitize_generation_data,12,3,0.378,NA
14,28,scrabble-score,ifs,FALSE,20,elitize_generation_data,13,5,0.304,NA
15,28,scrabble-score,ifs,FALSE,20,elitize_generation_data,14,6,0.271,NA
16,28,scrabble-score,ifs,FALSE,20,elitize_generation_data,15,4,0.263,NA
17,28,scrabble-score,ifs,FALSE,20,elitize_generation_data,16,3,0.292,NA
18,28,scrabble-score,ifs,FALSE,20,elitize_generation_data,17,4,0.321,NA
19,28,scrabble-score,ifs,FALSE,20,elitize_generation_data,18,5,0.303,NA
20,28,scrabble-score,ifs,FALSE,20,elitize_generation_data,19,4,0.303,NA
21,28,scrabble-score,ifs,FALSE,20,elitize_generation_data,20,4,0.279,NA
22,28,scrabble-score,ifs,FALSE,20,elitize_generation_data,21,6,0.279,NA
23,28,scrabble-score,ifs,FALSE,20,elitize_generation_data,22,6,0.262,NA
24,28,scrabble-score,ifs,FALSE,20,elitize_generation_data,23,3,0.307,NA
25,28,scrabble-score,ifs,FALSE,20,elitize_generation_data,24,5,0.264,NA
26,28,scrabble-score,ifs,FALSE,20,elitize_generation_data,25,4,0.275,NA
27,28,scrabble-score,ifs,FALSE,20,elitize_generation_data,26,5,0.308,NA
28,28,scrabble-score,ifs,FALSE,20,elitize_generation_data,27,4,0.281,NA
29,28,scrabble-score,ifs,FALSE,20,elitize_generation_data,28,4,0.292,NA
30,28,scrabble-score,ifs,FALSE,20,elitize_generation_data,29,3,0.316,NA
31,28,scrabble-score,ifs,FALSE,20,elitize_generation_data,30,5,0.322,NA
32,28,scrabble-score,ifs,FALSE,20,elitize_generation_data,31,5,0.365,NA
33,28,scrabble-score,ifs,FALSE,20,elitize_generation_data,32,5,0.351,NA
34,28,scrabble-score,ifs,FALSE,20,elitize_generation_data,33,8,0.314,NA
35,28,scrabble-score,ifs,FALSE,20,elitize_generation_data,34,7,0.362,NA
36,28,scrabble-score,ifs,FALSE,20,elitize_generation_data,35,7,0.325,NA
37,28,scrabble-score,ifs,FALSE,20,elitize_generation_data,36,6,0.304,NA
38,28,scrabble-score,ifs,FALSE,20,elitize_generation_data,37,5,0.333,NA
39,28,scrabble-score,ifs,FALSE,20,elitize_generation_data,38,5,0.356,NA
40,28,scrabble-score,ifs,FALSE,20,elitize_generation_data,39,7,0.332,NA
41,28,scrabble-score,ifs,FALSE,20,elitize_generation_data,40,4,0.356,NA
42,28,scrabble-score,ifs,FALSE,20,elitize_generation_data,41,7,0.338,NA
43,28,scrabble-score,ifs,FALSE,20,elitize_generation_data,42,8,0.34,NA
44,28,scrabble-score,ifs,FALSE,20,elitize_generation_data,43,5,0.338,NA
45,28,scrabble-score,ifs,FALSE,20,elitize_generation_data,44,6,0.348,NA
46,28,scrabble-score,ifs,FALSE,20,elitize_generation_data,45,6,0.315,NA
47,28,scrabble-score,ifs,FALSE,20,elitize_generation_data,46,6,0.318,NA
48,28,scrabble-score,ifs,FALSE,20,elitize_generation_data,47,5,0.334,NA
49,28,scrabble-score,ifs,FALSE,20,elitize_generation_data,48,4,0.319,NA
50,28,scrabble-score,ifs,FALSE,20,elitize_generation_data,49,7,0.332,NA
51,28,scrabble-score,ifs,FALSE,20,elitize_generation_data,50,4,0.338,NA
52,28,scrabble-score,ifs,FALSE,20,elitize_generation_data,51,4,0.324,NA
53,28,scrabble-score,ifs,FALSE,20,elitize_generation_data,52,5,0.319,NA
54,28,scrabble-score,ifs,FALSE,20,elitize_generation_data,53,8,0.366,NA
55,28,scrabble-score,ifs,FALSE,20,elitize_generation_data,54,6,0.358,NA
56,28,scrabble-score,ifs,FALSE,20,elitize_generation_data,55,6,0.326,NA
57,28,scrabble-score,ifs,FALSE,20,elitize_generation_data,56,4,0.33,NA
58,28,scrabble-score,ifs,FALSE,20,elitize_generation_data,57,5,0.33,NA
59,28,scrabble-score,ifs,FALSE,20,elitize_generation_data,58,5,0.354,NA
60,28,scrabble-score,ifs,FALSE,20,elitize_generation_data,59,4,0.354,NA
61,28,scrabble-score,ifs,FALSE,20,elitize_generation_data,60,8,0.363,NA
62,28,scrabble-score,ifs,FALSE,20,elitize_generation_data,61,6,0.367,NA
63,28,scrabble-score,ifs,FALSE,20,elitize_generation_data,62,7,0.348,NA
64,28,scrabble-score,ifs,FALSE,20,elitize_generation_data,63,4,0.346,NA
65,28,scrabble-score,ifs,FALSE,20,elitize_generation_data,64,4,0.367,NA
66,28,scrabble-score,ifs,FALSE,20,elitize_generation_data,65,7,0.375,NA
67,28,scrabble-score,ifs,FALSE,20,elitize_generation_data,66,5,0.363,NA
68,28,scrabble-score,ifs,FALSE,20,elitize_generation_data,67,8,0.381,NA
69,28,scrabble-score,ifs,FALSE,20,elitize_generation_data,68,7,0.399,NA
70,28,scrabble-score,ifs,FALSE,20,elitize_generation_data,69,8,0.34,NA
71,28,scrabble-score,ifs,FALSE,20,elitize_generation_data,70,6,0.384,NA
72,28,scrabble-score,ifs,FALSE,20,elitize_generation_data,71,4,0.37,NA
73,28,scrabble-score,ifs,FALSE,20,elitize_generation_data,72,8,0.376,NA
74,28,scrabble-score,ifs,FALSE,20,elitize_generation_data,73,7,0.371,NA
75,28,scrabble-score,ifs,FALSE,20,elitize_generation_data,74,5,0.375,NA
76,28,scrabble-score,ifs,FALSE,20,elitize_generation_data,75,7,0.378,NA
77,28,scrabble-score,ifs,FALSE,20,elitize_generation_data,76,5,0.373,NA
78,28,scrabble-score,ifs,FALSE,20,elitize_generation_data,77,5,0.385,NA
79,28,scrabble-score,ifs,FALSE,20,elitize_generation_data,78,5,0.395,NA
80,28,scrabble-score,ifs,FALSE,20,elitize_generation_data,79,7,0.403,NA
81,28,scrabble-score,ifs,FALSE,20,elitize_generation_data,80,5,0.382,NA
82,28,scrabble-score,ifs,FALSE,20,elitize_generation_data,81,8,0.404,NA
83,28,scrabble-score,ifs,FALSE,20,elitize_generation_data,82,5,0.384,NA
84,28,scrabble-score,ifs,FALSE,20,elitize_generation_data,83,6,0.358,NA
85,28,scrabble-score,ifs,FALSE,20,elitize_generation_data,84,4,0.358,NA
86,28,scrabble-score,ifs,FALSE,20,elitize_generation_data,85,4,0.378,NA
87,28,scrabble-score,ifs,FALSE,20,elitize_generation_data,86,4,0.419,NA
88,28,scrabble-score,ifs,FALSE,20,elitize_generation_data,87,5,0.441,NA
89,28,scrabble-score,ifs,FALSE,20,elitize_generation_data,88,5,0.442,NA
90,28,scrabble-score,ifs,FALSE,20,elitize_generation_data,89,7,0.427,NA
91,28,scrabble-score,ifs,FALSE,20,elitize_generation_data,90,8,0.416,NA
92,28,scrabble-score,ifs,FALSE,20,elitize_generation_data,91,4,0.438,NA
93,28,scrabble-score,ifs,FALSE,20,elitize_generation_data,92,6,0.409,NA
94,28,scrabble-score,ifs,FALSE,20,elitize_generation_data,93,8,0.421,NA
95,28,scrabble-score,ifs,FALSE,20,elitize_generation_data,94,7,0.434,NA
96,28,scrabble-score,ifs,FALSE,20,elitize_generation_data,95,6,0.409,NA
97,28,scrabble-score,ifs,FALSE,20,elitize_generation_data,96,6,0.431,NA
98,28,scrabble-score,ifs,FALSE,20,elitize_generation_data,97,6,0.426,NA
99,28,scrabble-score,ifs,FALSE,20,elitize_generation_data,98,6,0.387,NA
100,28,scrabble-score,ifs,FALSE,20,elitize_generation_data,99,5,0.36,NA
101,28,scrabble-score,ifs,FALSE,20,elitize_generation_data,100,4,0.34,NA
102,28,scrabble-score,ifs,FALSE,20,elitize_generation_data,101,6,0.345,NA
103,28,scrabble-score,ifs,FALSE,20,elitize_generation_data,102,9,0.354,NA
104,28,scrabble-score,ifs,FALSE,20,elitize_generation_data,103,6,0.393,NA
105,28,scrabble-score,ifs,FALSE,20,elitize_generation_data,104,4,0.397,NA
106,28,scrabble-score,ifs,FALSE,20,elitize_generation_data,105,9,0.389,NA
107,28,scrabble-score,ifs,FALSE,20,elitize_generation_data,106,5,0.41,NA
108,28,scrabble-score,ifs,FALSE,20,elitize_generation_data,107,4,0.376,NA
109,28,scrabble-score,ifs,FALSE,20,elitize_generation_data,108,7,0.389,NA
110,28,scrabble-score,ifs,FALSE,20,elitize_generation_data,109,7,0.388,NA
111,28,scrabble-score,ifs,FALSE,20,elitize_generation_data,110,8,0.363,NA
112,28,scrabble-score,ifs,FALSE,20,elitize_generation_data,111,5,0.364,NA
113,28,scrabble-score,ifs,FALSE,20,elitize_generation_data,112,6,0.34,NA
114,28,scrabble-score,ifs,FALSE,20,elitize_generation_data,113,5,0.345,NA
115,28,scrabble-score,ifs,FALSE,20,elitize_generation_data,114,4,0.322,NA
116,28,scrabble-score,ifs,FALSE,20,elitize_generation_data,115,8,0.322,NA
117,28,scrabble-score,ifs,FALSE,20,elitize_generation_data,116,4,0.353,NA
118,28,scrabble-score,ifs,FALSE,20,elitize_generation_data,117,5,0.331,NA
119,28,scrabble-score,ifs,FALSE,20,elitize_generation_data,118,4,0.36,NA
120,28,scrabble-score,ifs,FALSE,20,elitize_generation_data,119,5,0.354,NA
121,28,scrabble-score,ifs,FALSE,20,elitize_generation_data,120,7,0.343,NA
122,28,scrabble-score,ifs,FALSE,20,elitize_generation_data,121,7,0.347,NA
123,28,scrabble-score,ifs,FALSE,20,elitize_generation_data,122,5,0.335,NA
124,28,scrabble-score,ifs,FALSE,20,elitize_generation_data,123,7,0.361,NA
125,28,scrabble-score,ifs,FALSE,20,elitize_generation_data,124,7,0.35,NA
126,28,scrabble-score,ifs,FALSE,20,elitize_generation_data,125,5,0.378,NA
127,28,scrabble-score,ifs,FALSE,20,elitize_generation_data,126,8,0.381,NA
128,28,scrabble-score,ifs,FALSE,20,elitize_generation_data,127,7,0.374,NA
129,28,scrabble-score,ifs,FALSE,20,elitize_generation_data,128,7,0.357,NA
130,28,scrabble-score,ifs,FALSE,20,elitize_generation_data,129,9,0.39,NA
131,28,scrabble-score,ifs,FALSE,20,elitize_generation_data,130,9,0.389,NA
132,28,scrabble-score,ifs,FALSE,20,elitize_generation_data,131,8,0.371,NA
133,28,scrabble-score,ifs,FALSE,20,elitize_generation_data,132,6,0.395,NA
134,28,scrabble-score,ifs,FALSE,20,elitize_generation_data,133,6,0.374,NA
135,28,scrabble-score,ifs,FALSE,20,elitize_generation_data,134,7,0.398,NA
136,28,scrabble-score,ifs,FALSE,20,elitize_generation_data,135,6,0.4,NA
137,28,scrabble-score,ifs,FALSE,20,elitize_generation_data,136,5,0.332,NA
138,28,scrabble-score,ifs,FALSE,20,elitize_generation_data,137,7,0.391,NA
139,28,scrabble-score,ifs,FALSE,20,elitize_generation_data,138,6,0.384,NA
140,28,scrabble-score,ifs,FALSE,20,elitize_generation_data,139,5,0.389,NA
141,28,scrabble-score,ifs,FALSE,20,elitize_generation_data,140,7,0.384,NA
142,28,scrabble-score,ifs,FALSE,20,elitize_generation_data,141,5,0.356,NA
143,28,scrabble-score,ifs,FALSE,20,elitize_generation_data,142,5,0.359,NA
144,28,scrabble-score,ifs,FALSE,20,elitize_generation_data,143,9,0.364,NA
145,28,scrabble-score,ifs,FALSE,20,elitize_generation_data,144,6,0.379,NA
146,28,scrabble-score,ifs,FALSE,20,elitize_generation_data,145,11,0.383,NA
147,28,scrabble-score,ifs,FALSE,20,elitize_generation_data,146,8,0.383,NA
148,28,scrabble-score,ifs,FALSE,20,elitize_generation_data,147,6,0.368,NA
149,28,scrabble-score,ifs,FALSE,20,elitize_generation_data,148,8,0.376,NA
150,28,scrabble-score,ifs,FALSE,20,elitize_generation_data,149,6,0.376,NA
151,28,scrabble-score,ifs,FALSE,20,elitize_generation_data,150,7,0.372,NA
152,28,scrabble-score,ifs,FALSE,20,elitize_generation_data,151,4,0.357,NA
153,28,scrabble-score,ifs,FALSE,20,elitize_generation_data,152,6,0.354,NA
154,28,scrabble-score,ifs,FALSE,20,elitize_generation_data,153,6,0.365,NA
155,28,scrabble-score,ifs,FALSE,20,elitize_generation_data,154,5,0.345,NA
156,28,scrabble-score,ifs,FALSE,20,elitize_generation_data,155,4,0.38,NA
157,28,scrabble-score,ifs,FALSE,20,elitize_generation_data,156,7,0.396,NA
158,28,scrabble-score,ifs,FALSE,20,elitize_generation_data,157,9,0.391,NA
159,28,scrabble-score,ifs,FALSE,20,elitize_generation_data,158,7,0.383,NA
160,28,scrabble-score,ifs,FALSE,20,elitize_generation_data,159,4,0.384,NA
161,28,scrabble-score,ifs,FALSE,20,elitize_generation_data,160,5,0.353,NA
162,28,scrabble-score,ifs,FALSE,20,elitize_generation_data,161,6,0.377,NA
163,28,scrabble-score,ifs,FALSE,20,elitize_generation_data,162,8,0.386,NA
164,28,scrabble-score,ifs,FALSE,20,elitize_generation_data,163,6,0.366,NA
165,28,scrabble-score,ifs,FALSE,20,elitize_generation_data,164,8,0.388,NA
166,28,scrabble-score,ifs,FALSE,20,elitize_generation_data,165,6,0.381,NA
167,28,scrabble-score,ifs,FALSE,20,elitize_generation_data,166,7,0.366,NA
168,28,scrabble-score,ifs,FALSE,20,elitize_generation_data,167,7,0.369,NA
169,28,scrabble-score,ifs,FALSE,20,elitize_generation_data,168,5,0.373,NA
170,28,scrabble-score,ifs,FALSE,20,elitize_generation_data,169,6,0.37,NA
171,28,scrabble-score,ifs,FALSE,20,elitize_generation_data,170,6,0.379,NA
172,28,scrabble-score,ifs,FALSE,20,elitize_generation_data,171,6,0.36,NA
173,28,scrabble-score,ifs,FALSE,20,elitize_generation_data,172,6,0.385,NA
174,28,scrabble-score,ifs,FALSE,20,elitize_generation_data,173,6,0.35,NA
175,28,scrabble-score,ifs,FALSE,20,elitize_generation_data,174,9,0.342,NA
176,28,scrabble-score,ifs,FALSE,20,elitize_generation_data,175,7,0.362,NA
177,28,scrabble-score,ifs,FALSE,20,elitize_generation_data,176,10,0.347,NA
178,28,scrabble-score,ifs,FALSE,20,elitize_generation_data,177,6,0.381,NA
179,28,scrabble-score,ifs,FALSE,20,elitize_generation_data,178,6,0.381,NA
180,28,scrabble-score,ifs,FALSE,20,elitize_generation_data,179,7,0.362,NA
181,28,scrabble-score,ifs,FALSE,20,elitize_generation_data,180,9,0.347,NA
182,28,scrabble-score,ifs,FALSE,20,elitize_generation_data,181,10,0.376,NA
183,28,scrabble-score,ifs,FALSE,20,elitize_generation_data,182,10,0.376,NA
184,28,scrabble-score,ifs,FALSE,20,elitize_generation_data,183,9,0.372,NA
185,28,scrabble-score,ifs,FALSE,20,elitize_generation_data,184,8,0.382,NA
186,28,scrabble-score,ifs,FALSE,20,elitize_generation_data,185,9,0.384,NA
187,28,scrabble-score,ifs,FALSE,20,elitize_generation_data,186,6,0.378,NA
188,28,scrabble-score,ifs,FALSE,20,elitize_generation_data,187,10,0.388,NA
189,28,scrabble-score,ifs,FALSE,20,elitize_generation_data,188,7,0.386,NA
190,28,scrabble-score,ifs,FALSE,20,elitize_generation_data,189,6,0.367,NA
191,28,scrabble-score,ifs,FALSE,20,elitize_generation_data,190,7,0.378,NA
192,28,scrabble-score,ifs,FALSE,20,elitize_generation_data,191,8,0.402,NA
193,28,scrabble-score,ifs,FALSE,20,elitize_generation_data,192,6,0.362,NA
194,28,scrabble-score,ifs,FALSE,20,elitize_generation_data,193,7,0.39,NA
195,28,scrabble-score,ifs,FALSE,20,elitize_generation_data,194,9,0.365,NA
196,28,scrabble-score,ifs,FALSE,20,elitize_generation_data,195,7,0.401,NA
197,28,scrabble-score,ifs,FALSE,20,elitize_generation_data,196,9,0.418,NA
198,28,scrabble-score,ifs,FALSE,20,elitize_generation_data,197,8,0.381,NA
199,28,scrabble-score,ifs,FALSE,20,elitize_generation_data,198,7,0.387,NA
200,28,scrabble-score,ifs,FALSE,20,elitize_generation_data,199,8,0.408,NA
201,28,scrabble-score,ifs,FALSE,20,elitize_generation_data,200,6,0.378,NA
202,28,scrabble-score,ifs,FALSE,20,elitize_generation_data,201,8,0.408,NA
203,28,scrabble-score,ifs,FALSE,20,elitize_generation_data,202,6,0.376,NA
204,28,scrabble-score,ifs,FALSE,20,elitize_generation_data,203,8,0.371,NA
205,28,scrabble-score,ifs,FALSE,20,elitize_generation_data,204,7,0.38,NA
206,28,scrabble-score,ifs,FALSE,20,elitize_generation_data,205,8,0.373,NA
207,28,scrabble-score,ifs,FALSE,20,elitize_generation_data,206,11,0.405,NA
208,28,scrabble-score,ifs,FALSE,20,elitize_generation_data,207,6,0.398,NA
209,28,scrabble-score,ifs,FALSE,20,elitize_generation_data,208,11,0.362,NA
210,28,scrabble-score,ifs,FALSE,20,elitize_generation_data,209,8,0.38,NA
211,28,scrabble-score,ifs,FALSE,20,elitize_generation_data,210,5,0.382,NA
212,28,scrabble-score,ifs,FALSE,20,elitize_generation_data,211,8,0.389,NA
213,28,scrabble-score,ifs,FALSE,20,elitize_generation_data,212,10,0.396,NA
214,28,scrabble-score,ifs,FALSE,20,elitize_generation_data,213,6,0.376,NA
215,28,scrabble-score,ifs,FALSE,20,elitize_generation_data,214,7,0.391,NA
216,28,scrabble-score,ifs,FALSE,20,elitize_generation_data,215,7,0.393,NA
217,28,scrabble-score,ifs,FALSE,20,elitize_generation_data,216,4,0.404,NA
218,28,scrabble-score,ifs,FALSE,20,elitize_generation_data,217,7,0.372,NA
219,28,scrabble-score,ifs,FALSE,20,elitize_generation_data,218,6,0.37,NA
220,28,scrabble-score,ifs,FALSE,20,elitize_generation_data,219,8,0.357,NA
221,28,scrabble-score,ifs,FALSE,20,elitize_generation_data,220,8,0.371,NA
222,28,scrabble-score,ifs,FALSE,20,elitize_generation_data,221,8,0.385,NA
223,28,scrabble-score,ifs,FALSE,20,elitize_generation_data,222,10,0.369,NA
224,28,scrabble-score,ifs,FALSE,20,elitize_generation_data,223,9,0.387,NA
225,28,scrabble-score,ifs,FALSE,20,elitize_generation_data,224,8,0.367,NA
226,28,scrabble-score,ifs,FALSE,20,elitize_generation_data,225,9,0.376,NA
227,28,scrabble-score,ifs,FALSE,20,elitize_generation_data,226,8,0.377,NA
228,28,scrabble-score,ifs,FALSE,20,elitize_generation_data,227,9,0.394,NA
229,28,scrabble-score,ifs,FALSE,20,elitize_generation_data,228,7,0.375,NA
230,28,scrabble-score,ifs,FALSE,20,elitize_generation_data,229,8,0.363,NA
231,28,scrabble-score,ifs,FALSE,20,elitize_generation_data,230,8,0.373,NA
232,28,scrabble-score,ifs,FALSE,20,elitize_generation_data,231,7,0.348,NA
233,28,scrabble-score,ifs,FALSE,20,elitize_generation_data,232,7,0.37,NA
234,28,scrabble-score,ifs,FALSE,20,elitize_generation_data,233,10,0.359,NA
235,28,scrabble-score,ifs,FALSE,20,elitize_generation_data,234,8,0.37,NA
236,28,scrabble-score,ifs,FALSE,20,elitize_generation_data,235,8,0.424,NA
237,28,scrabble-score,ifs,FALSE,20,elitize_generation_data,236,8,0.384,NA
238,28,scrabble-score,ifs,FALSE,20,elitize_generation_data,237,8,0.371,NA
239,28,scrabble-score,ifs,FALSE,20,elitize_generation_data,238,8,0.374,NA
240,28,scrabble-score,ifs,FALSE,20,elitize_generation_data,239,7,0.401,NA
241,28,scrabble-score,ifs,FALSE,20,elitize_generation_data,240,7,0.367,NA
242,28,scrabble-score,ifs,FALSE,20,elitize_generation_data,241,5,0.372,NA
243,28,scrabble-score,ifs,FALSE,20,elitize_generation_data,242,11,0.371,NA
244,28,scrabble-score,ifs,FALSE,20,elitize_generation_data,243,8,0.394,NA
245,28,scrabble-score,ifs,FALSE,20,elitize_generation_data,244,8,0.378,NA
246,28,scrabble-score,ifs,FALSE,20,elitize_generation_data,245,8,0.369,NA
247,28,scrabble-score,ifs,FALSE,20,elitize_generation_data,246,5,0.347,NA
248,28,scrabble-score,ifs,FALSE,20,elitize_generation_data,247,5,0.364,NA
249,28,scrabble-score,ifs,FALSE,20,elitize_generation_data,248,8,0.36,NA
250,28,scrabble-score,ifs,FALSE,20,elitize_generation_data,249,9,0.376,NA
251,28,scrabble-score,ifs,FALSE,20,elitize_generation_data,250,7,0.378,NA
252,28,scrabble-score,ifs,FALSE,20,elitize_generation_data,251,11,0.367,NA
253,28,scrabble-score,ifs,FALSE,20,elitize_generation_data,252,9,0.395,NA
254,28,scrabble-score,ifs,FALSE,20,elitize_generation_data,253,6,0.384,NA
255,28,scrabble-score,ifs,FALSE,20,elitize_generation_data,254,7,0.366,NA
256,28,scrabble-score,ifs,FALSE,20,elitize_generation_data,255,5,0.361,NA
257,28,scrabble-score,ifs,FALSE,20,elitize_generation_data,256,12,0.368,NA
258,28,scrabble-score,ifs,FALSE,20,elitize_generation_data,257,9,0.342,NA
259,28,scrabble-score,ifs,FALSE,20,elitize_generation_data,258,8,0.362,NA
260,28,scrabble-score,ifs,FALSE,20,elitize_generation_data,259,12,0.349,NA
261,28,scrabble-score,ifs,FALSE,20,elitize_generation_data,260,5,0.354,NA
262,28,scrabble-score,ifs,FALSE,20,elitize_generation_data,261,8,0.34,NA
263,28,scrabble-score,ifs,FALSE,20,elitize_generation_data,262,7,0.37,NA
264,28,scrabble-score,ifs,FALSE,20,elitize_generation_data,263,7,0.364,NA
265,28,scrabble-score,ifs,FALSE,20,elitize_generation_data,264,8,0.358,NA
266,28,scrabble-score,ifs,FALSE,20,elitize_generation_data,265,7,0.355,NA
267,28,scrabble-score,ifs,FALSE,20,elitize_generation_data,266,7,0.398,NA
268,28,scrabble-score,ifs,FALSE,20,elitize_generation_data,267,9,0.338,NA
269,28,scrabble-score,ifs,FALSE,20,elitize_generation_data,268,9,0.367,NA
270,28,scrabble-score,ifs,FALSE,20,elitize_generation_data,269,8,0.323,NA
271,28,scrabble-score,ifs,FALSE,20,elitize_generation_data,270,7,0.355,NA
272,28,scrabble-score,ifs,FALSE,20,elitize_generation_data,271,6,0.341,NA
273,28,scrabble-score,ifs,FALSE,20,elitize_generation_data,272,8,0.362,NA
274,28,scrabble-score,ifs,FALSE,20,elitize_generation_data,273,7,0.366,NA
275,28,scrabble-score,ifs,FALSE,20,elitize_generation_data,274,9,0.356,NA
276,28,scrabble-score,ifs,FALSE,20,elitize_generation_data,275,6,0.354,NA
277,28,scrabble-score,ifs,FALSE,20,elitize_generation_data,276,9,0.389,NA
278,28,scrabble-score,ifs,FALSE,20,elitize_generation_data,277,8,0.388,NA
279,28,scrabble-score,ifs,FALSE,20,elitize_generation_data,278,6,0.359,NA
280,28,scrabble-score,ifs,FALSE,20,elitize_generation_data,279,11,0.394,NA
281,28,scrabble-score,ifs,FALSE,20,elitize_generation_data,280,9,0.378,NA
282,28,scrabble-score,ifs,FALSE,20,elitize_generation_data,281,11,0.383,NA
283,28,scrabble-score,ifs,FALSE,20,elitize_generation_data,282,7,0.346,NA
284,28,scrabble-score,ifs,FALSE,20,elitize_generation_data,283,10,0.362,NA
285,28,scrabble-score,ifs,FALSE,20,elitize_generation_data,284,8,0.382,NA
286,28,scrabble-score,ifs,FALSE,20,elitize_generation_data,285,10,0.363,NA
287,28,scrabble-score,ifs,FALSE,20,elitize_generation_data,286,9,0.356,NA
288,28,scrabble-score,ifs,FALSE,20,elitize_generation_data,287,11,0.361,NA
289,28,scrabble-score,ifs,FALSE,20,elitize_generation_data,288,12,0.348,NA
290,28,scrabble-score,ifs,FALSE,20,elitize_generation_data,289,6,0.366,NA
291,28,scrabble-score,ifs,FALSE,20,elitize_generation_data,290,8,0.37,NA
292,28,scrabble-score,ifs,FALSE,20,elitize_generation_data,291,10,0.371,NA
293,28,scrabble-score,ifs,FALSE,20,elitize_generation_data,292,7,0.352,NA
294,28,scrabble-score,ifs,FALSE,20,elitize_generation_data,293,8,0.38,NA
295,28,scrabble-score,ifs,FALSE,20,elitize_generation_data,294,10,0.363,NA
296,28,scrabble-score,ifs,FALSE,20,elitize_generation_data,295,6,0.374,NA
297,28,scrabble-score,ifs,FALSE,20,elitize_generation_data,296,9,0.369,NA
298,28,scrabble-score,ifs,FALSE,20,elitize_generation_data,297,4,0.377,NA
299,28,scrabble-score,ifs,FALSE,20,elitize_generation_data,298,5,0.399,NA
300,28,scrabble-score,ifs,FALSE,20,elitize_generation_data,299,11,0.395,NA
301,28,scrabble-score,ifs,FALSE,20,elitize_generation_data,300,9,0.376,NA
