,run.num,problem,treatment,succeeded,height,normalization.function,generation,cluster.count,error.diversity,success.generation
1,40,scrabble-score,ifs,FALSE,20,elitize_generation_data,0,5,0.105,NA
2,40,scrabble-score,ifs,FALSE,20,elitize_generation_data,1,4,0.111,NA
3,40,scrabble-score,ifs,FALSE,20,elitize_generation_data,2,3,0.11,NA
4,40,scrabble-score,ifs,FALSE,20,elitize_generation_data,3,2,0.112,NA
5,40,scrabble-score,ifs,FALSE,20,elitize_generation_data,4,6,0.086,NA
6,40,scrabble-score,ifs,FALSE,20,elitize_generation_data,5,6,0.087,NA
7,40,scrabble-score,ifs,FALSE,20,elitize_generation_data,6,9,0.11,NA
8,40,scrabble-score,ifs,FALSE,20,elitize_generation_data,7,11,0.173,NA
9,40,scrabble-score,ifs,FALSE,20,elitize_generation_data,8,11,0.181,NA
10,40,scrabble-score,ifs,FALSE,20,elitize_generation_data,9,9,0.282,NA
11,40,scrabble-score,ifs,FALSE,20,elitize_generation_data,10,9,0.348,NA
12,40,scrabble-score,ifs,FALSE,20,elitize_generation_data,11,10,0.401,NA
13,40,scrabble-score,ifs,FALSE,20,elitize_generation_data,12,9,0.436,NA
14,40,scrabble-score,ifs,FALSE,20,elitize_generation_data,13,11,0.33,NA
15,40,scrabble-score,ifs,FALSE,20,elitize_generation_data,14,12,0.212,NA
16,40,scrabble-score,ifs,FALSE,20,elitize_generation_data,15,10,0.2,NA
17,40,scrabble-score,ifs,FALSE,20,elitize_generation_data,16,12,0.258,NA
18,40,scrabble-score,ifs,FALSE,20,elitize_generation_data,17,12,0.255,NA
19,40,scrabble-score,ifs,FALSE,20,elitize_generation_data,18,8,0.199,NA
20,40,scrabble-score,ifs,FALSE,20,elitize_generation_data,19,7,0.18,NA
21,40,scrabble-score,ifs,FALSE,20,elitize_generation_data,20,8,0.18,NA
22,40,scrabble-score,ifs,FALSE,20,elitize_generation_data,21,10,0.227,NA
23,40,scrabble-score,ifs,FALSE,20,elitize_generation_data,22,12,0.252,NA
24,40,scrabble-score,ifs,FALSE,20,elitize_generation_data,23,9,0.246,NA
25,40,scrabble-score,ifs,FALSE,20,elitize_generation_data,24,8,0.263,NA
26,40,scrabble-score,ifs,FALSE,20,elitize_generation_data,25,10,0.276,NA
27,40,scrabble-score,ifs,FALSE,20,elitize_generation_data,26,9,0.274,NA
28,40,scrabble-score,ifs,FALSE,20,elitize_generation_data,27,5,0.341,NA
29,40,scrabble-score,ifs,FALSE,20,elitize_generation_data,28,6,0.353,NA
30,40,scrabble-score,ifs,FALSE,20,elitize_generation_data,29,7,0.38,NA
31,40,scrabble-score,ifs,FALSE,20,elitize_generation_data,30,10,0.318,NA
32,40,scrabble-score,ifs,FALSE,20,elitize_generation_data,31,10,0.293,NA
33,40,scrabble-score,ifs,FALSE,20,elitize_generation_data,32,10,0.254,NA
34,40,scrabble-score,ifs,FALSE,20,elitize_generation_data,33,10,0.283,NA
35,40,scrabble-score,ifs,FALSE,20,elitize_generation_data,34,10,0.315,NA
36,40,scrabble-score,ifs,FALSE,20,elitize_generation_data,35,12,0.346,NA
37,40,scrabble-score,ifs,FALSE,20,elitize_generation_data,36,9,0.331,NA
38,40,scrabble-score,ifs,FALSE,20,elitize_generation_data,37,9,0.332,NA
39,40,scrabble-score,ifs,FALSE,20,elitize_generation_data,38,8,0.38,NA
40,40,scrabble-score,ifs,FALSE,20,elitize_generation_data,39,10,0.391,NA
41,40,scrabble-score,ifs,FALSE,20,elitize_generation_data,40,6,0.313,NA
42,40,scrabble-score,ifs,FALSE,20,elitize_generation_data,41,12,0.321,NA
43,40,scrabble-score,ifs,FALSE,20,elitize_generation_data,42,8,0.342,NA
44,40,scrabble-score,ifs,FALSE,20,elitize_generation_data,43,10,0.385,NA
45,40,scrabble-score,ifs,FALSE,20,elitize_generation_data,44,13,0.395,NA
46,40,scrabble-score,ifs,FALSE,20,elitize_generation_data,45,13,0.353,NA
47,40,scrabble-score,ifs,FALSE,20,elitize_generation_data,46,9,0.336,NA
48,40,scrabble-score,ifs,FALSE,20,elitize_generation_data,47,9,0.328,NA
49,40,scrabble-score,ifs,FALSE,20,elitize_generation_data,48,8,0.34,NA
50,40,scrabble-score,ifs,FALSE,20,elitize_generation_data,49,9,0.364,NA
51,40,scrabble-score,ifs,FALSE,20,elitize_generation_data,50,10,0.386,NA
52,40,scrabble-score,ifs,FALSE,20,elitize_generation_data,51,10,0.343,NA
53,40,scrabble-score,ifs,FALSE,20,elitize_generation_data,52,8,0.339,NA
54,40,scrabble-score,ifs,FALSE,20,elitize_generation_data,53,9,0.336,NA
55,40,scrabble-score,ifs,FALSE,20,elitize_generation_data,54,13,0.371,NA
56,40,scrabble-score,ifs,FALSE,20,elitize_generation_data,55,10,0.396,NA
57,40,scrabble-score,ifs,FALSE,20,elitize_generation_data,56,8,0.445,NA
58,40,scrabble-score,ifs,FALSE,20,elitize_generation_data,57,10,0.463,NA
59,40,scrabble-score,ifs,FALSE,20,elitize_generation_data,58,8,0.437,NA
60,40,scrabble-score,ifs,FALSE,20,elitize_generation_data,59,9,0.42,NA
61,40,scrabble-score,ifs,FALSE,20,elitize_generation_data,60,8,0.368,NA
62,40,scrabble-score,ifs,FALSE,20,elitize_generation_data,61,9,0.4,NA
63,40,scrabble-score,ifs,FALSE,20,elitize_generation_data,62,9,0.386,NA
64,40,scrabble-score,ifs,FALSE,20,elitize_generation_data,63,10,0.404,NA
65,40,scrabble-score,ifs,FALSE,20,elitize_generation_data,64,9,0.42,NA
66,40,scrabble-score,ifs,FALSE,20,elitize_generation_data,65,7,0.41,NA
67,40,scrabble-score,ifs,FALSE,20,elitize_generation_data,66,10,0.425,NA
68,40,scrabble-score,ifs,FALSE,20,elitize_generation_data,67,9,0.416,NA
69,40,scrabble-score,ifs,FALSE,20,elitize_generation_data,68,10,0.434,NA
70,40,scrabble-score,ifs,FALSE,20,elitize_generation_data,69,12,0.448,NA
71,40,scrabble-score,ifs,FALSE,20,elitize_generation_data,70,8,0.432,NA
72,40,scrabble-score,ifs,FALSE,20,elitize_generation_data,71,10,0.416,NA
73,40,scrabble-score,ifs,FALSE,20,elitize_generation_data,72,10,0.432,NA
74,40,scrabble-score,ifs,FALSE,20,elitize_generation_data,73,6,0.457,NA
75,40,scrabble-score,ifs,FALSE,20,elitize_generation_data,74,8,0.476,NA
76,40,scrabble-score,ifs,FALSE,20,elitize_generation_data,75,7,0.462,NA
77,40,scrabble-score,ifs,FALSE,20,elitize_generation_data,76,11,0.476,NA
78,40,scrabble-score,ifs,FALSE,20,elitize_generation_data,77,12,0.449,NA
79,40,scrabble-score,ifs,FALSE,20,elitize_generation_data,78,9,0.462,NA
80,40,scrabble-score,ifs,FALSE,20,elitize_generation_data,79,9,0.521,NA
81,40,scrabble-score,ifs,FALSE,20,elitize_generation_data,80,12,0.516,NA
82,40,scrabble-score,ifs,FALSE,20,elitize_generation_data,81,12,0.54,NA
83,40,scrabble-score,ifs,FALSE,20,elitize_generation_data,82,19,0.564,NA
84,40,scrabble-score,ifs,FALSE,20,elitize_generation_data,83,20,0.593,NA
85,40,scrabble-score,ifs,FALSE,20,elitize_generation_data,84,17,0.617,NA
86,40,scrabble-score,ifs,FALSE,20,elitize_generation_data,85,16,0.651,NA
87,40,scrabble-score,ifs,FALSE,20,elitize_generation_data,86,23,0.691,NA
88,40,scrabble-score,ifs,FALSE,20,elitize_generation_data,87,19,0.697,NA
89,40,scrabble-score,ifs,FALSE,20,elitize_generation_data,88,18,0.657,NA
90,40,scrabble-score,ifs,FALSE,20,elitize_generation_data,89,12,0.604,NA
91,40,scrabble-score,ifs,FALSE,20,elitize_generation_data,90,19,0.598,NA
92,40,scrabble-score,ifs,FALSE,20,elitize_generation_data,91,18,0.61,NA
93,40,scrabble-score,ifs,FALSE,20,elitize_generation_data,92,19,0.628,NA
94,40,scrabble-score,ifs,FALSE,20,elitize_generation_data,93,20,0.619,NA
95,40,scrabble-score,ifs,FALSE,20,elitize_generation_data,94,23,0.649,NA
96,40,scrabble-score,ifs,FALSE,20,elitize_generation_data,95,21,0.65,NA
97,40,scrabble-score,ifs,FALSE,20,elitize_generation_data,96,22,0.625,NA
98,40,scrabble-score,ifs,FALSE,20,elitize_generation_data,97,29,0.623,NA
99,40,scrabble-score,ifs,FALSE,20,elitize_generation_data,98,26,0.599,NA
100,40,scrabble-score,ifs,FALSE,20,elitize_generation_data,99,21,0.605,NA
101,40,scrabble-score,ifs,FALSE,20,elitize_generation_data,100,21,0.676,NA
102,40,scrabble-score,ifs,FALSE,20,elitize_generation_data,101,25,0.689,NA
103,40,scrabble-score,ifs,FALSE,20,elitize_generation_data,102,27,0.666,NA
104,40,scrabble-score,ifs,FALSE,20,elitize_generation_data,103,26,0.682,NA
105,40,scrabble-score,ifs,FALSE,20,elitize_generation_data,104,32,0.735,NA
106,40,scrabble-score,ifs,FALSE,20,elitize_generation_data,105,32,0.719,NA
107,40,scrabble-score,ifs,FALSE,20,elitize_generation_data,106,26,0.761,NA
108,40,scrabble-score,ifs,FALSE,20,elitize_generation_data,107,29,0.702,NA
109,40,scrabble-score,ifs,FALSE,20,elitize_generation_data,108,22,0.716,NA
110,40,scrabble-score,ifs,FALSE,20,elitize_generation_data,109,30,0.731,NA
111,40,scrabble-score,ifs,FALSE,20,elitize_generation_data,110,34,0.715,NA
112,40,scrabble-score,ifs,FALSE,20,elitize_generation_data,111,29,0.726,NA
113,40,scrabble-score,ifs,FALSE,20,elitize_generation_data,112,21,0.761,NA
114,40,scrabble-score,ifs,FALSE,20,elitize_generation_data,113,25,0.76,NA
115,40,scrabble-score,ifs,FALSE,20,elitize_generation_data,114,23,0.755,NA
116,40,scrabble-score,ifs,FALSE,20,elitize_generation_data,115,23,0.76,NA
117,40,scrabble-score,ifs,FALSE,20,elitize_generation_data,116,21,0.735,NA
118,40,scrabble-score,ifs,FALSE,20,elitize_generation_data,117,25,0.715,NA
119,40,scrabble-score,ifs,FALSE,20,elitize_generation_data,118,18,0.704,NA
120,40,scrabble-score,ifs,FALSE,20,elitize_generation_data,119,18,0.724,NA
121,40,scrabble-score,ifs,FALSE,20,elitize_generation_data,120,23,0.736,NA
122,40,scrabble-score,ifs,FALSE,20,elitize_generation_data,121,22,0.719,NA
123,40,scrabble-score,ifs,FALSE,20,elitize_generation_data,122,22,0.74,NA
124,40,scrabble-score,ifs,FALSE,20,elitize_generation_data,123,19,0.718,NA
125,40,scrabble-score,ifs,FALSE,20,elitize_generation_data,124,32,0.721,NA
126,40,scrabble-score,ifs,FALSE,20,elitize_generation_data,125,25,0.737,NA
127,40,scrabble-score,ifs,FALSE,20,elitize_generation_data,126,32,0.744,NA
128,40,scrabble-score,ifs,FALSE,20,elitize_generation_data,127,30,0.755,NA
129,40,scrabble-score,ifs,FALSE,20,elitize_generation_data,128,29,0.757,NA
130,40,scrabble-score,ifs,FALSE,20,elitize_generation_data,129,33,0.756,NA
131,40,scrabble-score,ifs,FALSE,20,elitize_generation_data,130,32,0.755,NA
132,40,scrabble-score,ifs,FALSE,20,elitize_generation_data,131,32,0.764,NA
133,40,scrabble-score,ifs,FALSE,20,elitize_generation_data,132,36,0.755,NA
134,40,scrabble-score,ifs,FALSE,20,elitize_generation_data,133,44,0.767,NA
135,40,scrabble-score,ifs,FALSE,20,elitize_generation_data,134,32,0.794,NA
136,40,scrabble-score,ifs,FALSE,20,elitize_generation_data,135,38,0.797,NA
137,40,scrabble-score,ifs,FALSE,20,elitize_generation_data,136,37,0.775,NA
138,40,scrabble-score,ifs,FALSE,20,elitize_generation_data,137,35,0.802,NA
139,40,scrabble-score,ifs,FALSE,20,elitize_generation_data,138,34,0.819,NA
140,40,scrabble-score,ifs,FALSE,20,elitize_generation_data,139,36,0.799,NA
141,40,scrabble-score,ifs,FALSE,20,elitize_generation_data,140,30,0.79,NA
142,40,scrabble-score,ifs,FALSE,20,elitize_generation_data,141,38,0.788,NA
143,40,scrabble-score,ifs,FALSE,20,elitize_generation_data,142,33,0.786,NA
144,40,scrabble-score,ifs,FALSE,20,elitize_generation_data,143,39,0.795,NA
145,40,scrabble-score,ifs,FALSE,20,elitize_generation_data,144,32,0.789,NA
146,40,scrabble-score,ifs,FALSE,20,elitize_generation_data,145,36,0.792,NA
147,40,scrabble-score,ifs,FALSE,20,elitize_generation_data,146,29,0.781,NA
148,40,scrabble-score,ifs,FALSE,20,elitize_generation_data,147,32,0.793,NA
149,40,scrabble-score,ifs,FALSE,20,elitize_generation_data,148,34,0.788,NA
150,40,scrabble-score,ifs,FALSE,20,elitize_generation_data,149,33,0.791,NA
151,40,scrabble-score,ifs,FALSE,20,elitize_generation_data,150,34,0.79,NA
152,40,scrabble-score,ifs,FALSE,20,elitize_generation_data,151,30,0.791,NA
153,40,scrabble-score,ifs,FALSE,20,elitize_generation_data,152,33,0.817,NA
154,40,scrabble-score,ifs,FALSE,20,elitize_generation_data,153,37,0.794,NA
155,40,scrabble-score,ifs,FALSE,20,elitize_generation_data,154,37,0.813,NA
156,40,scrabble-score,ifs,FALSE,20,elitize_generation_data,155,43,0.804,NA
157,40,scrabble-score,ifs,FALSE,20,elitize_generation_data,156,39,0.827,NA
158,40,scrabble-score,ifs,FALSE,20,elitize_generation_data,157,32,0.818,NA
159,40,scrabble-score,ifs,FALSE,20,elitize_generation_data,158,30,0.828,NA
160,40,scrabble-score,ifs,FALSE,20,elitize_generation_data,159,41,0.803,NA
161,40,scrabble-score,ifs,FALSE,20,elitize_generation_data,160,33,0.807,NA
162,40,scrabble-score,ifs,FALSE,20,elitize_generation_data,161,36,0.804,NA
163,40,scrabble-score,ifs,FALSE,20,elitize_generation_data,162,36,0.805,NA
164,40,scrabble-score,ifs,FALSE,20,elitize_generation_data,163,40,0.818,NA
165,40,scrabble-score,ifs,FALSE,20,elitize_generation_data,164,34,0.786,NA
166,40,scrabble-score,ifs,FALSE,20,elitize_generation_data,165,33,0.794,NA
167,40,scrabble-score,ifs,FALSE,20,elitize_generation_data,166,31,0.788,NA
168,40,scrabble-score,ifs,FALSE,20,elitize_generation_data,167,37,0.783,NA
169,40,scrabble-score,ifs,FALSE,20,elitize_generation_data,168,37,0.802,NA
170,40,scrabble-score,ifs,FALSE,20,elitize_generation_data,169,39,0.8,NA
171,40,scrabble-score,ifs,FALSE,20,elitize_generation_data,170,32,0.794,NA
172,40,scrabble-score,ifs,FALSE,20,elitize_generation_data,171,36,0.81,NA
173,40,scrabble-score,ifs,FALSE,20,elitize_generation_data,172,35,0.809,NA
174,40,scrabble-score,ifs,FALSE,20,elitize_generation_data,173,32,0.798,NA
175,40,scrabble-score,ifs,FALSE,20,elitize_generation_data,174,35,0.8,NA
176,40,scrabble-score,ifs,FALSE,20,elitize_generation_data,175,34,0.791,NA
177,40,scrabble-score,ifs,FALSE,20,elitize_generation_data,176,33,0.796,NA
178,40,scrabble-score,ifs,FALSE,20,elitize_generation_data,177,31,0.801,NA
179,40,scrabble-score,ifs,FALSE,20,elitize_generation_data,178,37,0.793,NA
180,40,scrabble-score,ifs,FALSE,20,elitize_generation_data,179,38,0.774,NA
181,40,scrabble-score,ifs,FALSE,20,elitize_generation_data,180,32,0.778,NA
182,40,scrabble-score,ifs,FALSE,20,elitize_generation_data,181,30,0.757,NA
183,40,scrabble-score,ifs,FALSE,20,elitize_generation_data,182,43,0.788,NA
184,40,scrabble-score,ifs,FALSE,20,elitize_generation_data,183,39,0.791,NA
185,40,scrabble-score,ifs,FALSE,20,elitize_generation_data,184,34,0.793,NA
186,40,scrabble-score,ifs,FALSE,20,elitize_generation_data,185,28,0.795,NA
187,40,scrabble-score,ifs,FALSE,20,elitize_generation_data,186,32,0.794,NA
188,40,scrabble-score,ifs,FALSE,20,elitize_generation_data,187,34,0.809,NA
189,40,scrabble-score,ifs,FALSE,20,elitize_generation_data,188,33,0.79,NA
190,40,scrabble-score,ifs,FALSE,20,elitize_generation_data,189,32,0.774,NA
191,40,scrabble-score,ifs,FALSE,20,elitize_generation_data,190,33,0.823,NA
192,40,scrabble-score,ifs,FALSE,20,elitize_generation_data,191,36,0.832,NA
193,40,scrabble-score,ifs,FALSE,20,elitize_generation_data,192,42,0.814,NA
194,40,scrabble-score,ifs,FALSE,20,elitize_generation_data,193,36,0.817,NA
195,40,scrabble-score,ifs,FALSE,20,elitize_generation_data,194,32,0.815,NA
196,40,scrabble-score,ifs,FALSE,20,elitize_generation_data,195,40,0.814,NA
197,40,scrabble-score,ifs,FALSE,20,elitize_generation_data,196,33,0.827,NA
198,40,scrabble-score,ifs,FALSE,20,elitize_generation_data,197,39,0.839,NA
199,40,scrabble-score,ifs,FALSE,20,elitize_generation_data,198,32,0.854,NA
200,40,scrabble-score,ifs,FALSE,20,elitize_generation_data,199,43,0.847,NA
201,40,scrabble-score,ifs,FALSE,20,elitize_generation_data,200,44,0.857,NA
202,40,scrabble-score,ifs,FALSE,20,elitize_generation_data,201,35,0.85,NA
203,40,scrabble-score,ifs,FALSE,20,elitize_generation_data,202,33,0.848,NA
204,40,scrabble-score,ifs,FALSE,20,elitize_generation_data,203,35,0.846,NA
205,40,scrabble-score,ifs,FALSE,20,elitize_generation_data,204,42,0.836,NA
206,40,scrabble-score,ifs,FALSE,20,elitize_generation_data,205,34,0.838,NA
207,40,scrabble-score,ifs,FALSE,20,elitize_generation_data,206,37,0.839,NA
208,40,scrabble-score,ifs,FALSE,20,elitize_generation_data,207,39,0.825,NA
209,40,scrabble-score,ifs,FALSE,20,elitize_generation_data,208,33,0.841,NA
210,40,scrabble-score,ifs,FALSE,20,elitize_generation_data,209,39,0.857,NA
211,40,scrabble-score,ifs,FALSE,20,elitize_generation_data,210,41,0.854,NA
212,40,scrabble-score,ifs,FALSE,20,elitize_generation_data,211,43,0.848,NA
213,40,scrabble-score,ifs,FALSE,20,elitize_generation_data,212,42,0.841,NA
214,40,scrabble-score,ifs,FALSE,20,elitize_generation_data,213,40,0.84,NA
215,40,scrabble-score,ifs,FALSE,20,elitize_generation_data,214,44,0.839,NA
216,40,scrabble-score,ifs,FALSE,20,elitize_generation_data,215,41,0.843,NA
217,40,scrabble-score,ifs,FALSE,20,elitize_generation_data,216,27,0.842,NA
218,40,scrabble-score,ifs,FALSE,20,elitize_generation_data,217,45,0.847,NA
219,40,scrabble-score,ifs,FALSE,20,elitize_generation_data,218,48,0.846,NA
220,40,scrabble-score,ifs,FALSE,20,elitize_generation_data,219,37,0.843,NA
221,40,scrabble-score,ifs,FALSE,20,elitize_generation_data,220,37,0.842,NA
222,40,scrabble-score,ifs,FALSE,20,elitize_generation_data,221,41,0.854,NA
223,40,scrabble-score,ifs,FALSE,20,elitize_generation_data,222,43,0.858,NA
224,40,scrabble-score,ifs,FALSE,20,elitize_generation_data,223,36,0.841,NA
225,40,scrabble-score,ifs,FALSE,20,elitize_generation_data,224,39,0.847,NA
226,40,scrabble-score,ifs,FALSE,20,elitize_generation_data,225,31,0.825,NA
227,40,scrabble-score,ifs,FALSE,20,elitize_generation_data,226,37,0.84,NA
228,40,scrabble-score,ifs,FALSE,20,elitize_generation_data,227,25,0.846,NA
229,40,scrabble-score,ifs,FALSE,20,elitize_generation_data,228,30,0.814,NA
230,40,scrabble-score,ifs,FALSE,20,elitize_generation_data,229,29,0.828,NA
231,40,scrabble-score,ifs,FALSE,20,elitize_generation_data,230,32,0.835,NA
232,40,scrabble-score,ifs,FALSE,20,elitize_generation_data,231,34,0.827,NA
233,40,scrabble-score,ifs,FALSE,20,elitize_generation_data,232,31,0.819,NA
234,40,scrabble-score,ifs,FALSE,20,elitize_generation_data,233,34,0.828,NA
235,40,scrabble-score,ifs,FALSE,20,elitize_generation_data,234,33,0.825,NA
236,40,scrabble-score,ifs,FALSE,20,elitize_generation_data,235,38,0.826,NA
237,40,scrabble-score,ifs,FALSE,20,elitize_generation_data,236,37,0.828,NA
238,40,scrabble-score,ifs,FALSE,20,elitize_generation_data,237,36,0.837,NA
239,40,scrabble-score,ifs,FALSE,20,elitize_generation_data,238,32,0.861,NA
240,40,scrabble-score,ifs,FALSE,20,elitize_generation_data,239,35,0.847,NA
241,40,scrabble-score,ifs,FALSE,20,elitize_generation_data,240,38,0.818,NA
242,40,scrabble-score,ifs,FALSE,20,elitize_generation_data,241,36,0.822,NA
243,40,scrabble-score,ifs,FALSE,20,elitize_generation_data,242,42,0.845,NA
244,40,scrabble-score,ifs,FALSE,20,elitize_generation_data,243,43,0.87,NA
245,40,scrabble-score,ifs,FALSE,20,elitize_generation_data,244,38,0.857,NA
246,40,scrabble-score,ifs,FALSE,20,elitize_generation_data,245,35,0.826,NA
247,40,scrabble-score,ifs,FALSE,20,elitize_generation_data,246,38,0.835,NA
248,40,scrabble-score,ifs,FALSE,20,elitize_generation_data,247,40,0.845,NA
249,40,scrabble-score,ifs,FALSE,20,elitize_generation_data,248,37,0.851,NA
250,40,scrabble-score,ifs,FALSE,20,elitize_generation_data,249,41,0.852,NA
251,40,scrabble-score,ifs,FALSE,20,elitize_generation_data,250,32,0.821,NA
252,40,scrabble-score,ifs,FALSE,20,elitize_generation_data,251,36,0.844,NA
253,40,scrabble-score,ifs,FALSE,20,elitize_generation_data,252,33,0.859,NA
254,40,scrabble-score,ifs,FALSE,20,elitize_generation_data,253,33,0.852,NA
255,40,scrabble-score,ifs,FALSE,20,elitize_generation_data,254,29,0.876,NA
256,40,scrabble-score,ifs,FALSE,20,elitize_generation_data,255,29,0.882,NA
257,40,scrabble-score,ifs,FALSE,20,elitize_generation_data,256,41,0.87,NA
258,40,scrabble-score,ifs,FALSE,20,elitize_generation_data,257,28,0.879,NA
259,40,scrabble-score,ifs,FALSE,20,elitize_generation_data,258,34,0.864,NA
260,40,scrabble-score,ifs,FALSE,20,elitize_generation_data,259,35,0.859,NA
261,40,scrabble-score,ifs,FALSE,20,elitize_generation_data,260,28,0.847,NA
262,40,scrabble-score,ifs,FALSE,20,elitize_generation_data,261,32,0.852,NA
263,40,scrabble-score,ifs,FALSE,20,elitize_generation_data,262,25,0.878,NA
264,40,scrabble-score,ifs,FALSE,20,elitize_generation_data,263,35,0.874,NA
265,40,scrabble-score,ifs,FALSE,20,elitize_generation_data,264,35,0.884,NA
266,40,scrabble-score,ifs,FALSE,20,elitize_generation_data,265,39,0.89,NA
267,40,scrabble-score,ifs,FALSE,20,elitize_generation_data,266,33,0.886,NA
268,40,scrabble-score,ifs,FALSE,20,elitize_generation_data,267,37,0.857,NA
269,40,scrabble-score,ifs,FALSE,20,elitize_generation_data,268,36,0.878,NA
270,40,scrabble-score,ifs,FALSE,20,elitize_generation_data,269,35,0.89,NA
271,40,scrabble-score,ifs,FALSE,20,elitize_generation_data,270,38,0.893,NA
272,40,scrabble-score,ifs,FALSE,20,elitize_generation_data,271,35,0.89,NA
273,40,scrabble-score,ifs,FALSE,20,elitize_generation_data,272,46,0.893,NA
274,40,scrabble-score,ifs,FALSE,20,elitize_generation_data,273,37,0.889,NA
275,40,scrabble-score,ifs,FALSE,20,elitize_generation_data,274,43,0.894,NA
276,40,scrabble-score,ifs,FALSE,20,elitize_generation_data,275,41,0.898,NA
277,40,scrabble-score,ifs,FALSE,20,elitize_generation_data,276,36,0.877,NA
278,40,scrabble-score,ifs,FALSE,20,elitize_generation_data,277,42,0.879,NA
279,40,scrabble-score,ifs,FALSE,20,elitize_generation_data,278,33,0.886,NA
280,40,scrabble-score,ifs,FALSE,20,elitize_generation_data,279,34,0.89,NA
281,40,scrabble-score,ifs,FALSE,20,elitize_generation_data,280,36,0.864,NA
282,40,scrabble-score,ifs,FALSE,20,elitize_generation_data,281,44,0.878,NA
283,40,scrabble-score,ifs,FALSE,20,elitize_generation_data,282,35,0.882,NA
284,40,scrabble-score,ifs,FALSE,20,elitize_generation_data,283,42,0.861,NA
285,40,scrabble-score,ifs,FALSE,20,elitize_generation_data,284,41,0.848,NA
286,40,scrabble-score,ifs,FALSE,20,elitize_generation_data,285,26,0.86,NA
287,40,scrabble-score,ifs,FALSE,20,elitize_generation_data,286,34,0.865,NA
288,40,scrabble-score,ifs,FALSE,20,elitize_generation_data,287,32,0.862,NA
289,40,scrabble-score,ifs,FALSE,20,elitize_generation_data,288,39,0.854,NA
290,40,scrabble-score,ifs,FALSE,20,elitize_generation_data,289,43,0.856,NA
291,40,scrabble-score,ifs,FALSE,20,elitize_generation_data,290,42,0.859,NA
292,40,scrabble-score,ifs,FALSE,20,elitize_generation_data,291,35,0.855,NA
293,40,scrabble-score,ifs,FALSE,20,elitize_generation_data,292,43,0.843,NA
294,40,scrabble-score,ifs,FALSE,20,elitize_generation_data,293,34,0.851,NA
295,40,scrabble-score,ifs,FALSE,20,elitize_generation_data,294,37,0.842,NA
296,40,scrabble-score,ifs,FALSE,20,elitize_generation_data,295,39,0.849,NA
297,40,scrabble-score,ifs,FALSE,20,elitize_generation_data,296,36,0.842,NA
298,40,scrabble-score,ifs,FALSE,20,elitize_generation_data,297,30,0.829,NA
299,40,scrabble-score,ifs,FALSE,20,elitize_generation_data,298,42,0.83,NA
300,40,scrabble-score,ifs,FALSE,20,elitize_generation_data,299,28,0.823,NA
301,40,scrabble-score,ifs,FALSE,20,elitize_generation_data,300,37,0.839,NA
