,run.num,problem,treatment,succeeded,height,normalization.function,generation,cluster.count,error.diversity,success.generation
1,49,scrabble-score,ifs,FALSE,20,elitize_generation_data,0,5,0.107,NA
2,49,scrabble-score,ifs,FALSE,20,elitize_generation_data,1,5,0.104,NA
3,49,scrabble-score,ifs,FALSE,20,elitize_generation_data,2,4,0.1,NA
4,49,scrabble-score,ifs,FALSE,20,elitize_generation_data,3,4,0.133,NA
5,49,scrabble-score,ifs,FALSE,20,elitize_generation_data,4,4,0.134,NA
6,49,scrabble-score,ifs,FALSE,20,elitize_generation_data,5,4,0.171,NA
7,49,scrabble-score,ifs,FALSE,20,elitize_generation_data,6,7,0.194,NA
8,49,scrabble-score,ifs,FALSE,20,elitize_generation_data,7,7,0.245,NA
9,49,scrabble-score,ifs,FALSE,20,elitize_generation_data,8,6,0.182,NA
10,49,scrabble-score,ifs,FALSE,20,elitize_generation_data,9,4,0.172,NA
11,49,scrabble-score,ifs,FALSE,20,elitize_generation_data,10,3,0.268,NA
12,49,scrabble-score,ifs,FALSE,20,elitize_generation_data,11,4,0.314,NA
13,49,scrabble-score,ifs,FALSE,20,elitize_generation_data,12,5,0.344,NA
14,49,scrabble-score,ifs,FALSE,20,elitize_generation_data,13,7,0.331,NA
15,49,scrabble-score,ifs,FALSE,20,elitize_generation_data,14,6,0.333,NA
16,49,scrabble-score,ifs,FALSE,20,elitize_generation_data,15,3,0.318,NA
17,49,scrabble-score,ifs,FALSE,20,elitize_generation_data,16,4,0.314,NA
18,49,scrabble-score,ifs,FALSE,20,elitize_generation_data,17,5,0.322,NA
19,49,scrabble-score,ifs,FALSE,20,elitize_generation_data,18,5,0.34,NA
20,49,scrabble-score,ifs,FALSE,20,elitize_generation_data,19,3,0.389,NA
21,49,scrabble-score,ifs,FALSE,20,elitize_generation_data,20,4,0.359,NA
22,49,scrabble-score,ifs,FALSE,20,elitize_generation_data,21,5,0.348,NA
23,49,scrabble-score,ifs,FALSE,20,elitize_generation_data,22,6,0.359,NA
24,49,scrabble-score,ifs,FALSE,20,elitize_generation_data,23,7,0.358,NA
25,49,scrabble-score,ifs,FALSE,20,elitize_generation_data,24,5,0.361,NA
26,49,scrabble-score,ifs,FALSE,20,elitize_generation_data,25,8,0.382,NA
27,49,scrabble-score,ifs,FALSE,20,elitize_generation_data,26,6,0.383,NA
28,49,scrabble-score,ifs,FALSE,20,elitize_generation_data,27,7,0.397,NA
29,49,scrabble-score,ifs,FALSE,20,elitize_generation_data,28,7,0.389,NA
30,49,scrabble-score,ifs,FALSE,20,elitize_generation_data,29,6,0.383,NA
31,49,scrabble-score,ifs,FALSE,20,elitize_generation_data,30,7,0.384,NA
32,49,scrabble-score,ifs,FALSE,20,elitize_generation_data,31,6,0.434,NA
33,49,scrabble-score,ifs,FALSE,20,elitize_generation_data,32,6,0.472,NA
34,49,scrabble-score,ifs,FALSE,20,elitize_generation_data,33,6,0.501,NA
35,49,scrabble-score,ifs,FALSE,20,elitize_generation_data,34,7,0.466,NA
36,49,scrabble-score,ifs,FALSE,20,elitize_generation_data,35,6,0.434,NA
37,49,scrabble-score,ifs,FALSE,20,elitize_generation_data,36,9,0.401,NA
38,49,scrabble-score,ifs,FALSE,20,elitize_generation_data,37,8,0.379,NA
39,49,scrabble-score,ifs,FALSE,20,elitize_generation_data,38,8,0.434,NA
40,49,scrabble-score,ifs,FALSE,20,elitize_generation_data,39,7,0.433,NA
41,49,scrabble-score,ifs,FALSE,20,elitize_generation_data,40,4,0.447,NA
42,49,scrabble-score,ifs,FALSE,20,elitize_generation_data,41,6,0.438,NA
43,49,scrabble-score,ifs,FALSE,20,elitize_generation_data,42,3,0.446,NA
44,49,scrabble-score,ifs,FALSE,20,elitize_generation_data,43,6,0.469,NA
45,49,scrabble-score,ifs,FALSE,20,elitize_generation_data,44,6,0.493,NA
46,49,scrabble-score,ifs,FALSE,20,elitize_generation_data,45,7,0.514,NA
47,49,scrabble-score,ifs,FALSE,20,elitize_generation_data,46,5,0.522,NA
48,49,scrabble-score,ifs,FALSE,20,elitize_generation_data,47,9,0.519,NA
49,49,scrabble-score,ifs,FALSE,20,elitize_generation_data,48,6,0.497,NA
50,49,scrabble-score,ifs,FALSE,20,elitize_generation_data,49,5,0.563,NA
51,49,scrabble-score,ifs,FALSE,20,elitize_generation_data,50,5,0.539,NA
52,49,scrabble-score,ifs,FALSE,20,elitize_generation_data,51,6,0.574,NA
53,49,scrabble-score,ifs,FALSE,20,elitize_generation_data,52,6,0.57,NA
54,49,scrabble-score,ifs,FALSE,20,elitize_generation_data,53,5,0.587,NA
55,49,scrabble-score,ifs,FALSE,20,elitize_generation_data,54,7,0.572,NA
56,49,scrabble-score,ifs,FALSE,20,elitize_generation_data,55,8,0.585,NA
57,49,scrabble-score,ifs,FALSE,20,elitize_generation_data,56,6,0.555,NA
58,49,scrabble-score,ifs,FALSE,20,elitize_generation_data,57,5,0.531,NA
59,49,scrabble-score,ifs,FALSE,20,elitize_generation_data,58,6,0.55,NA
60,49,scrabble-score,ifs,FALSE,20,elitize_generation_data,59,4,0.522,NA
61,49,scrabble-score,ifs,FALSE,20,elitize_generation_data,60,5,0.543,NA
62,49,scrabble-score,ifs,FALSE,20,elitize_generation_data,61,6,0.539,NA
63,49,scrabble-score,ifs,FALSE,20,elitize_generation_data,62,8,0.531,NA
64,49,scrabble-score,ifs,FALSE,20,elitize_generation_data,63,5,0.53,NA
65,49,scrabble-score,ifs,FALSE,20,elitize_generation_data,64,9,0.529,NA
66,49,scrabble-score,ifs,FALSE,20,elitize_generation_data,65,9,0.573,NA
67,49,scrabble-score,ifs,FALSE,20,elitize_generation_data,66,6,0.558,NA
68,49,scrabble-score,ifs,FALSE,20,elitize_generation_data,67,5,0.583,NA
69,49,scrabble-score,ifs,FALSE,20,elitize_generation_data,68,6,0.572,NA
70,49,scrabble-score,ifs,FALSE,20,elitize_generation_data,69,6,0.582,NA
71,49,scrabble-score,ifs,FALSE,20,elitize_generation_data,70,8,0.565,NA
72,49,scrabble-score,ifs,FALSE,20,elitize_generation_data,71,5,0.58,NA
73,49,scrabble-score,ifs,FALSE,20,elitize_generation_data,72,7,0.55,NA
74,49,scrabble-score,ifs,FALSE,20,elitize_generation_data,73,6,0.591,NA
75,49,scrabble-score,ifs,FALSE,20,elitize_generation_data,74,6,0.626,NA
76,49,scrabble-score,ifs,FALSE,20,elitize_generation_data,75,7,0.663,NA
77,49,scrabble-score,ifs,FALSE,20,elitize_generation_data,76,6,0.627,NA
78,49,scrabble-score,ifs,FALSE,20,elitize_generation_data,77,8,0.631,NA
79,49,scrabble-score,ifs,FALSE,20,elitize_generation_data,78,6,0.615,NA
80,49,scrabble-score,ifs,FALSE,20,elitize_generation_data,79,7,0.631,NA
81,49,scrabble-score,ifs,FALSE,20,elitize_generation_data,80,7,0.614,NA
82,49,scrabble-score,ifs,FALSE,20,elitize_generation_data,81,6,0.582,NA
83,49,scrabble-score,ifs,FALSE,20,elitize_generation_data,82,7,0.586,NA
84,49,scrabble-score,ifs,FALSE,20,elitize_generation_data,83,4,0.602,NA
85,49,scrabble-score,ifs,FALSE,20,elitize_generation_data,84,4,0.56,NA
86,49,scrabble-score,ifs,FALSE,20,elitize_generation_data,85,4,0.575,NA
87,49,scrabble-score,ifs,FALSE,20,elitize_generation_data,86,6,0.566,NA
88,49,scrabble-score,ifs,FALSE,20,elitize_generation_data,87,4,0.562,NA
89,49,scrabble-score,ifs,FALSE,20,elitize_generation_data,88,7,0.567,NA
90,49,scrabble-score,ifs,FALSE,20,elitize_generation_data,89,5,0.567,NA
91,49,scrabble-score,ifs,FALSE,20,elitize_generation_data,90,5,0.551,NA
92,49,scrabble-score,ifs,FALSE,20,elitize_generation_data,91,7,0.525,NA
93,49,scrabble-score,ifs,FALSE,20,elitize_generation_data,92,7,0.541,NA
94,49,scrabble-score,ifs,FALSE,20,elitize_generation_data,93,7,0.553,NA
95,49,scrabble-score,ifs,FALSE,20,elitize_generation_data,94,6,0.55,NA
96,49,scrabble-score,ifs,FALSE,20,elitize_generation_data,95,6,0.534,NA
97,49,scrabble-score,ifs,FALSE,20,elitize_generation_data,96,7,0.556,NA
98,49,scrabble-score,ifs,FALSE,20,elitize_generation_data,97,4,0.578,NA
99,49,scrabble-score,ifs,FALSE,20,elitize_generation_data,98,5,0.567,NA
100,49,scrabble-score,ifs,FALSE,20,elitize_generation_data,99,7,0.588,NA
101,49,scrabble-score,ifs,FALSE,20,elitize_generation_data,100,8,0.58,NA
102,49,scrabble-score,ifs,FALSE,20,elitize_generation_data,101,7,0.581,NA
103,49,scrabble-score,ifs,FALSE,20,elitize_generation_data,102,8,0.586,NA
104,49,scrabble-score,ifs,FALSE,20,elitize_generation_data,103,7,0.612,NA
105,49,scrabble-score,ifs,FALSE,20,elitize_generation_data,104,6,0.588,NA
106,49,scrabble-score,ifs,FALSE,20,elitize_generation_data,105,8,0.596,NA
107,49,scrabble-score,ifs,FALSE,20,elitize_generation_data,106,5,0.584,NA
108,49,scrabble-score,ifs,FALSE,20,elitize_generation_data,107,6,0.642,NA
109,49,scrabble-score,ifs,FALSE,20,elitize_generation_data,108,6,0.615,NA
110,49,scrabble-score,ifs,FALSE,20,elitize_generation_data,109,5,0.618,NA
111,49,scrabble-score,ifs,FALSE,20,elitize_generation_data,110,10,0.622,NA
112,49,scrabble-score,ifs,FALSE,20,elitize_generation_data,111,7,0.557,NA
113,49,scrabble-score,ifs,FALSE,20,elitize_generation_data,112,5,0.598,NA
114,49,scrabble-score,ifs,FALSE,20,elitize_generation_data,113,4,0.605,NA
115,49,scrabble-score,ifs,FALSE,20,elitize_generation_data,114,7,0.611,NA
116,49,scrabble-score,ifs,FALSE,20,elitize_generation_data,115,7,0.621,NA
117,49,scrabble-score,ifs,FALSE,20,elitize_generation_data,116,5,0.63,NA
118,49,scrabble-score,ifs,FALSE,20,elitize_generation_data,117,5,0.616,NA
119,49,scrabble-score,ifs,FALSE,20,elitize_generation_data,118,8,0.598,NA
120,49,scrabble-score,ifs,FALSE,20,elitize_generation_data,119,5,0.59,NA
121,49,scrabble-score,ifs,FALSE,20,elitize_generation_data,120,6,0.626,NA
122,49,scrabble-score,ifs,FALSE,20,elitize_generation_data,121,6,0.613,NA
123,49,scrabble-score,ifs,FALSE,20,elitize_generation_data,122,6,0.622,NA
124,49,scrabble-score,ifs,FALSE,20,elitize_generation_data,123,8,0.568,NA
125,49,scrabble-score,ifs,FALSE,20,elitize_generation_data,124,8,0.579,NA
126,49,scrabble-score,ifs,FALSE,20,elitize_generation_data,125,7,0.591,NA
127,49,scrabble-score,ifs,FALSE,20,elitize_generation_data,126,5,0.582,NA
128,49,scrabble-score,ifs,FALSE,20,elitize_generation_data,127,8,0.617,NA
129,49,scrabble-score,ifs,FALSE,20,elitize_generation_data,128,8,0.626,NA
130,49,scrabble-score,ifs,FALSE,20,elitize_generation_data,129,4,0.639,NA
131,49,scrabble-score,ifs,FALSE,20,elitize_generation_data,130,5,0.666,NA
132,49,scrabble-score,ifs,FALSE,20,elitize_generation_data,131,7,0.66,NA
133,49,scrabble-score,ifs,FALSE,20,elitize_generation_data,132,8,0.645,NA
134,49,scrabble-score,ifs,FALSE,20,elitize_generation_data,133,5,0.613,NA
135,49,scrabble-score,ifs,FALSE,20,elitize_generation_data,134,5,0.613,NA
136,49,scrabble-score,ifs,FALSE,20,elitize_generation_data,135,5,0.623,NA
137,49,scrabble-score,ifs,FALSE,20,elitize_generation_data,136,6,0.632,NA
138,49,scrabble-score,ifs,FALSE,20,elitize_generation_data,137,8,0.646,NA
139,49,scrabble-score,ifs,FALSE,20,elitize_generation_data,138,6,0.657,NA
140,49,scrabble-score,ifs,FALSE,20,elitize_generation_data,139,7,0.66,NA
141,49,scrabble-score,ifs,FALSE,20,elitize_generation_data,140,9,0.665,NA
142,49,scrabble-score,ifs,FALSE,20,elitize_generation_data,141,5,0.699,NA
143,49,scrabble-score,ifs,FALSE,20,elitize_generation_data,142,5,0.69,NA
144,49,scrabble-score,ifs,FALSE,20,elitize_generation_data,143,4,0.705,NA
145,49,scrabble-score,ifs,FALSE,20,elitize_generation_data,144,7,0.696,NA
146,49,scrabble-score,ifs,FALSE,20,elitize_generation_data,145,6,0.706,NA
147,49,scrabble-score,ifs,FALSE,20,elitize_generation_data,146,6,0.683,NA
148,49,scrabble-score,ifs,FALSE,20,elitize_generation_data,147,7,0.659,NA
149,49,scrabble-score,ifs,FALSE,20,elitize_generation_data,148,6,0.669,NA
150,49,scrabble-score,ifs,FALSE,20,elitize_generation_data,149,3,0.656,NA
151,49,scrabble-score,ifs,FALSE,20,elitize_generation_data,150,7,0.693,NA
152,49,scrabble-score,ifs,FALSE,20,elitize_generation_data,151,6,0.678,NA
153,49,scrabble-score,ifs,FALSE,20,elitize_generation_data,152,4,0.685,NA
154,49,scrabble-score,ifs,FALSE,20,elitize_generation_data,153,5,0.703,NA
155,49,scrabble-score,ifs,FALSE,20,elitize_generation_data,154,6,0.707,NA
156,49,scrabble-score,ifs,FALSE,20,elitize_generation_data,155,5,0.711,NA
157,49,scrabble-score,ifs,FALSE,20,elitize_generation_data,156,6,0.721,NA
158,49,scrabble-score,ifs,FALSE,20,elitize_generation_data,157,4,0.722,NA
159,49,scrabble-score,ifs,FALSE,20,elitize_generation_data,158,5,0.726,NA
160,49,scrabble-score,ifs,FALSE,20,elitize_generation_data,159,8,0.742,NA
161,49,scrabble-score,ifs,FALSE,20,elitize_generation_data,160,7,0.754,NA
162,49,scrabble-score,ifs,FALSE,20,elitize_generation_data,161,8,0.765,NA
163,49,scrabble-score,ifs,FALSE,20,elitize_generation_data,162,5,0.769,NA
164,49,scrabble-score,ifs,FALSE,20,elitize_generation_data,163,7,0.796,NA
165,49,scrabble-score,ifs,FALSE,20,elitize_generation_data,164,4,0.803,NA
166,49,scrabble-score,ifs,FALSE,20,elitize_generation_data,165,4,0.792,NA
167,49,scrabble-score,ifs,FALSE,20,elitize_generation_data,166,5,0.793,NA
168,49,scrabble-score,ifs,FALSE,20,elitize_generation_data,167,3,0.82,NA
169,49,scrabble-score,ifs,FALSE,20,elitize_generation_data,168,4,0.805,NA
170,49,scrabble-score,ifs,FALSE,20,elitize_generation_data,169,5,0.819,NA
171,49,scrabble-score,ifs,FALSE,20,elitize_generation_data,170,6,0.824,NA
172,49,scrabble-score,ifs,FALSE,20,elitize_generation_data,171,9,0.84,NA
173,49,scrabble-score,ifs,FALSE,20,elitize_generation_data,172,5,0.832,NA
174,49,scrabble-score,ifs,FALSE,20,elitize_generation_data,173,7,0.823,NA
175,49,scrabble-score,ifs,FALSE,20,elitize_generation_data,174,7,0.821,NA
176,49,scrabble-score,ifs,FALSE,20,elitize_generation_data,175,5,0.838,NA
177,49,scrabble-score,ifs,FALSE,20,elitize_generation_data,176,6,0.843,NA
178,49,scrabble-score,ifs,FALSE,20,elitize_generation_data,177,5,0.81,NA
179,49,scrabble-score,ifs,FALSE,20,elitize_generation_data,178,5,0.855,NA
180,49,scrabble-score,ifs,FALSE,20,elitize_generation_data,179,5,0.848,NA
181,49,scrabble-score,ifs,FALSE,20,elitize_generation_data,180,6,0.826,NA
182,49,scrabble-score,ifs,FALSE,20,elitize_generation_data,181,5,0.855,NA
183,49,scrabble-score,ifs,FALSE,20,elitize_generation_data,182,4,0.84,NA
184,49,scrabble-score,ifs,FALSE,20,elitize_generation_data,183,4,0.862,NA
185,49,scrabble-score,ifs,FALSE,20,elitize_generation_data,184,4,0.867,NA
186,49,scrabble-score,ifs,FALSE,20,elitize_generation_data,185,4,0.882,NA
187,49,scrabble-score,ifs,FALSE,20,elitize_generation_data,186,5,0.869,NA
188,49,scrabble-score,ifs,FALSE,20,elitize_generation_data,187,6,0.883,NA
189,49,scrabble-score,ifs,FALSE,20,elitize_generation_data,188,5,0.884,NA
190,49,scrabble-score,ifs,FALSE,20,elitize_generation_data,189,5,0.883,NA
191,49,scrabble-score,ifs,FALSE,20,elitize_generation_data,190,5,0.897,NA
192,49,scrabble-score,ifs,FALSE,20,elitize_generation_data,191,5,0.888,NA
193,49,scrabble-score,ifs,FALSE,20,elitize_generation_data,192,5,0.874,NA
194,49,scrabble-score,ifs,FALSE,20,elitize_generation_data,193,6,0.865,NA
195,49,scrabble-score,ifs,FALSE,20,elitize_generation_data,194,5,0.874,NA
196,49,scrabble-score,ifs,FALSE,20,elitize_generation_data,195,6,0.874,NA
197,49,scrabble-score,ifs,FALSE,20,elitize_generation_data,196,6,0.88,NA
198,49,scrabble-score,ifs,FALSE,20,elitize_generation_data,197,5,0.894,NA
199,49,scrabble-score,ifs,FALSE,20,elitize_generation_data,198,4,0.888,NA
200,49,scrabble-score,ifs,FALSE,20,elitize_generation_data,199,3,0.9,NA
201,49,scrabble-score,ifs,FALSE,20,elitize_generation_data,200,6,0.897,NA
202,49,scrabble-score,ifs,FALSE,20,elitize_generation_data,201,5,0.841,NA
203,49,scrabble-score,ifs,FALSE,20,elitize_generation_data,202,5,0.881,NA
204,49,scrabble-score,ifs,FALSE,20,elitize_generation_data,203,6,0.892,NA
205,49,scrabble-score,ifs,FALSE,20,elitize_generation_data,204,7,0.893,NA
206,49,scrabble-score,ifs,FALSE,20,elitize_generation_data,205,8,0.895,NA
207,49,scrabble-score,ifs,FALSE,20,elitize_generation_data,206,10,0.896,NA
208,49,scrabble-score,ifs,FALSE,20,elitize_generation_data,207,7,0.864,NA
209,49,scrabble-score,ifs,FALSE,20,elitize_generation_data,208,10,0.823,NA
210,49,scrabble-score,ifs,FALSE,20,elitize_generation_data,209,5,0.801,NA
211,49,scrabble-score,ifs,FALSE,20,elitize_generation_data,210,6,0.817,NA
212,49,scrabble-score,ifs,FALSE,20,elitize_generation_data,211,5,0.818,NA
213,49,scrabble-score,ifs,FALSE,20,elitize_generation_data,212,4,0.859,NA
214,49,scrabble-score,ifs,FALSE,20,elitize_generation_data,213,6,0.855,NA
215,49,scrabble-score,ifs,FALSE,20,elitize_generation_data,214,8,0.845,NA
216,49,scrabble-score,ifs,FALSE,20,elitize_generation_data,215,7,0.854,NA
217,49,scrabble-score,ifs,FALSE,20,elitize_generation_data,216,8,0.854,NA
218,49,scrabble-score,ifs,FALSE,20,elitize_generation_data,217,7,0.862,NA
219,49,scrabble-score,ifs,FALSE,20,elitize_generation_data,218,9,0.858,NA
220,49,scrabble-score,ifs,FALSE,20,elitize_generation_data,219,13,0.883,NA
221,49,scrabble-score,ifs,FALSE,20,elitize_generation_data,220,14,0.875,NA
222,49,scrabble-score,ifs,FALSE,20,elitize_generation_data,221,21,0.876,NA
223,49,scrabble-score,ifs,FALSE,20,elitize_generation_data,222,20,0.85,NA
224,49,scrabble-score,ifs,FALSE,20,elitize_generation_data,223,16,0.854,NA
225,49,scrabble-score,ifs,FALSE,20,elitize_generation_data,224,22,0.85,NA
226,49,scrabble-score,ifs,FALSE,20,elitize_generation_data,225,24,0.841,NA
227,49,scrabble-score,ifs,FALSE,20,elitize_generation_data,226,17,0.828,NA
228,49,scrabble-score,ifs,FALSE,20,elitize_generation_data,227,22,0.825,NA
229,49,scrabble-score,ifs,FALSE,20,elitize_generation_data,228,19,0.845,NA
230,49,scrabble-score,ifs,FALSE,20,elitize_generation_data,229,24,0.816,NA
231,49,scrabble-score,ifs,FALSE,20,elitize_generation_data,230,22,0.821,NA
232,49,scrabble-score,ifs,FALSE,20,elitize_generation_data,231,17,0.814,NA
233,49,scrabble-score,ifs,FALSE,20,elitize_generation_data,232,19,0.813,NA
234,49,scrabble-score,ifs,FALSE,20,elitize_generation_data,233,23,0.822,NA
235,49,scrabble-score,ifs,FALSE,20,elitize_generation_data,234,15,0.836,NA
236,49,scrabble-score,ifs,FALSE,20,elitize_generation_data,235,20,0.81,NA
237,49,scrabble-score,ifs,FALSE,20,elitize_generation_data,236,19,0.804,NA
238,49,scrabble-score,ifs,FALSE,20,elitize_generation_data,237,22,0.816,NA
239,49,scrabble-score,ifs,FALSE,20,elitize_generation_data,238,23,0.813,NA
240,49,scrabble-score,ifs,FALSE,20,elitize_generation_data,239,17,0.795,NA
241,49,scrabble-score,ifs,FALSE,20,elitize_generation_data,240,20,0.808,NA
242,49,scrabble-score,ifs,FALSE,20,elitize_generation_data,241,17,0.818,NA
243,49,scrabble-score,ifs,FALSE,20,elitize_generation_data,242,20,0.809,NA
244,49,scrabble-score,ifs,FALSE,20,elitize_generation_data,243,19,0.832,NA
245,49,scrabble-score,ifs,FALSE,20,elitize_generation_data,244,25,0.798,NA
246,49,scrabble-score,ifs,FALSE,20,elitize_generation_data,245,17,0.816,NA
247,49,scrabble-score,ifs,FALSE,20,elitize_generation_data,246,12,0.815,NA
248,49,scrabble-score,ifs,FALSE,20,elitize_generation_data,247,15,0.817,NA
249,49,scrabble-score,ifs,FALSE,20,elitize_generation_data,248,28,0.849,NA
250,49,scrabble-score,ifs,FALSE,20,elitize_generation_data,249,19,0.829,NA
251,49,scrabble-score,ifs,FALSE,20,elitize_generation_data,250,21,0.836,NA
252,49,scrabble-score,ifs,FALSE,20,elitize_generation_data,251,20,0.836,NA
253,49,scrabble-score,ifs,FALSE,20,elitize_generation_data,252,18,0.829,NA
254,49,scrabble-score,ifs,FALSE,20,elitize_generation_data,253,22,0.832,NA
255,49,scrabble-score,ifs,FALSE,20,elitize_generation_data,254,17,0.842,NA
256,49,scrabble-score,ifs,FALSE,20,elitize_generation_data,255,15,0.838,NA
257,49,scrabble-score,ifs,FALSE,20,elitize_generation_data,256,15,0.828,NA
258,49,scrabble-score,ifs,FALSE,20,elitize_generation_data,257,16,0.843,NA
259,49,scrabble-score,ifs,FALSE,20,elitize_generation_data,258,10,0.844,NA
260,49,scrabble-score,ifs,FALSE,20,elitize_generation_data,259,13,0.863,NA
261,49,scrabble-score,ifs,FALSE,20,elitize_generation_data,260,12,0.843,NA
262,49,scrabble-score,ifs,FALSE,20,elitize_generation_data,261,13,0.846,NA
263,49,scrabble-score,ifs,FALSE,20,elitize_generation_data,262,7,0.842,NA
264,49,scrabble-score,ifs,FALSE,20,elitize_generation_data,263,11,0.838,NA
265,49,scrabble-score,ifs,FALSE,20,elitize_generation_data,264,10,0.852,NA
266,49,scrabble-score,ifs,FALSE,20,elitize_generation_data,265,13,0.868,NA
267,49,scrabble-score,ifs,FALSE,20,elitize_generation_data,266,15,0.868,NA
268,49,scrabble-score,ifs,FALSE,20,elitize_generation_data,267,11,0.874,NA
269,49,scrabble-score,ifs,FALSE,20,elitize_generation_data,268,16,0.859,NA
270,49,scrabble-score,ifs,FALSE,20,elitize_generation_data,269,13,0.836,NA
271,49,scrabble-score,ifs,FALSE,20,elitize_generation_data,270,13,0.831,NA
272,49,scrabble-score,ifs,FALSE,20,elitize_generation_data,271,9,0.871,NA
273,49,scrabble-score,ifs,FALSE,20,elitize_generation_data,272,11,0.844,NA
274,49,scrabble-score,ifs,FALSE,20,elitize_generation_data,273,11,0.844,NA
275,49,scrabble-score,ifs,FALSE,20,elitize_generation_data,274,12,0.853,NA
276,49,scrabble-score,ifs,FALSE,20,elitize_generation_data,275,8,0.848,NA
277,49,scrabble-score,ifs,FALSE,20,elitize_generation_data,276,9,0.854,NA
278,49,scrabble-score,ifs,FALSE,20,elitize_generation_data,277,15,0.835,NA
279,49,scrabble-score,ifs,FALSE,20,elitize_generation_data,278,11,0.824,NA
280,49,scrabble-score,ifs,FALSE,20,elitize_generation_data,279,8,0.849,NA
281,49,scrabble-score,ifs,FALSE,20,elitize_generation_data,280,13,0.856,NA
282,49,scrabble-score,ifs,FALSE,20,elitize_generation_data,281,14,0.864,NA
283,49,scrabble-score,ifs,FALSE,20,elitize_generation_data,282,11,0.861,NA
284,49,scrabble-score,ifs,FALSE,20,elitize_generation_data,283,11,0.843,NA
285,49,scrabble-score,ifs,FALSE,20,elitize_generation_data,284,12,0.875,NA
286,49,scrabble-score,ifs,FALSE,20,elitize_generation_data,285,10,0.869,NA
287,49,scrabble-score,ifs,FALSE,20,elitize_generation_data,286,15,0.887,NA
288,49,scrabble-score,ifs,FALSE,20,elitize_generation_data,287,16,0.877,NA
289,49,scrabble-score,ifs,FALSE,20,elitize_generation_data,288,10,0.889,NA
290,49,scrabble-score,ifs,FALSE,20,elitize_generation_data,289,12,0.889,NA
291,49,scrabble-score,ifs,FALSE,20,elitize_generation_data,290,7,0.882,NA
292,49,scrabble-score,ifs,FALSE,20,elitize_generation_data,291,15,0.874,NA
293,49,scrabble-score,ifs,FALSE,20,elitize_generation_data,292,15,0.898,NA
294,49,scrabble-score,ifs,FALSE,20,elitize_generation_data,293,14,0.899,NA
295,49,scrabble-score,ifs,FALSE,20,elitize_generation_data,294,10,0.905,NA
296,49,scrabble-score,ifs,FALSE,20,elitize_generation_data,295,15,0.895,NA
297,49,scrabble-score,ifs,FALSE,20,elitize_generation_data,296,12,0.898,NA
298,49,scrabble-score,ifs,FALSE,20,elitize_generation_data,297,12,0.897,NA
299,49,scrabble-score,ifs,FALSE,20,elitize_generation_data,298,18,0.919,NA
300,49,scrabble-score,ifs,FALSE,20,elitize_generation_data,299,8,0.92,NA
301,49,scrabble-score,ifs,FALSE,20,elitize_generation_data,300,11,0.9,NA
