,run.num,problem,treatment,succeeded,height,normalization.function,generation,cluster.count,error.diversity,success.generation
1,36,scrabble-score,ifs,FALSE,20,elitize_generation_data,0,2,0.097,NA
2,36,scrabble-score,ifs,FALSE,20,elitize_generation_data,1,3,0.093,NA
3,36,scrabble-score,ifs,FALSE,20,elitize_generation_data,2,2,0.086,NA
4,36,scrabble-score,ifs,FALSE,20,elitize_generation_data,3,4,0.072,NA
5,36,scrabble-score,ifs,FALSE,20,elitize_generation_data,4,6,0.047,NA
6,36,scrabble-score,ifs,FALSE,20,elitize_generation_data,5,7,0.039,NA
7,36,scrabble-score,ifs,FALSE,20,elitize_generation_data,6,6,0.055,NA
8,36,scrabble-score,ifs,FALSE,20,elitize_generation_data,7,7,0.088,NA
9,36,scrabble-score,ifs,FALSE,20,elitize_generation_data,8,8,0.136,NA
10,36,scrabble-score,ifs,FALSE,20,elitize_generation_data,9,4,0.203,NA
11,36,scrabble-score,ifs,FALSE,20,elitize_generation_data,10,5,0.22,NA
12,36,scrabble-score,ifs,FALSE,20,elitize_generation_data,11,4,0.237,NA
13,36,scrabble-score,ifs,FALSE,20,elitize_generation_data,12,7,0.225,NA
14,36,scrabble-score,ifs,FALSE,20,elitize_generation_data,13,6,0.251,NA
15,36,scrabble-score,ifs,FALSE,20,elitize_generation_data,14,5,0.301,NA
16,36,scrabble-score,ifs,FALSE,20,elitize_generation_data,15,5,0.316,NA
17,36,scrabble-score,ifs,FALSE,20,elitize_generation_data,16,7,0.336,NA
18,36,scrabble-score,ifs,FALSE,20,elitize_generation_data,17,4,0.339,NA
19,36,scrabble-score,ifs,FALSE,20,elitize_generation_data,18,3,0.347,NA
20,36,scrabble-score,ifs,FALSE,20,elitize_generation_data,19,5,0.366,NA
21,36,scrabble-score,ifs,FALSE,20,elitize_generation_data,20,5,0.368,NA
22,36,scrabble-score,ifs,FALSE,20,elitize_generation_data,21,3,0.384,NA
23,36,scrabble-score,ifs,FALSE,20,elitize_generation_data,22,5,0.423,NA
24,36,scrabble-score,ifs,FALSE,20,elitize_generation_data,23,5,0.402,NA
25,36,scrabble-score,ifs,FALSE,20,elitize_generation_data,24,3,0.467,NA
26,36,scrabble-score,ifs,FALSE,20,elitize_generation_data,25,5,0.51,NA
27,36,scrabble-score,ifs,FALSE,20,elitize_generation_data,26,3,0.522,NA
28,36,scrabble-score,ifs,FALSE,20,elitize_generation_data,27,5,0.508,NA
29,36,scrabble-score,ifs,FALSE,20,elitize_generation_data,28,3,0.548,NA
30,36,scrabble-score,ifs,FALSE,20,elitize_generation_data,29,4,0.541,NA
31,36,scrabble-score,ifs,FALSE,20,elitize_generation_data,30,5,0.558,NA
32,36,scrabble-score,ifs,FALSE,20,elitize_generation_data,31,4,0.498,NA
33,36,scrabble-score,ifs,FALSE,20,elitize_generation_data,32,4,0.514,NA
34,36,scrabble-score,ifs,FALSE,20,elitize_generation_data,33,3,0.503,NA
35,36,scrabble-score,ifs,FALSE,20,elitize_generation_data,34,2,0.502,NA
36,36,scrabble-score,ifs,FALSE,20,elitize_generation_data,35,3,0.543,NA
37,36,scrabble-score,ifs,FALSE,20,elitize_generation_data,36,3,0.562,NA
38,36,scrabble-score,ifs,FALSE,20,elitize_generation_data,37,2,0.509,NA
39,36,scrabble-score,ifs,FALSE,20,elitize_generation_data,38,3,0.494,NA
40,36,scrabble-score,ifs,FALSE,20,elitize_generation_data,39,3,0.527,NA
41,36,scrabble-score,ifs,FALSE,20,elitize_generation_data,40,3,0.524,NA
42,36,scrabble-score,ifs,FALSE,20,elitize_generation_data,41,4,0.525,NA
43,36,scrabble-score,ifs,FALSE,20,elitize_generation_data,42,4,0.552,NA
44,36,scrabble-score,ifs,FALSE,20,elitize_generation_data,43,4,0.575,NA
45,36,scrabble-score,ifs,FALSE,20,elitize_generation_data,44,3,0.548,NA
46,36,scrabble-score,ifs,FALSE,20,elitize_generation_data,45,4,0.581,NA
47,36,scrabble-score,ifs,FALSE,20,elitize_generation_data,46,3,0.552,NA
48,36,scrabble-score,ifs,FALSE,20,elitize_generation_data,47,3,0.536,NA
49,36,scrabble-score,ifs,FALSE,20,elitize_generation_data,48,4,0.556,NA
50,36,scrabble-score,ifs,FALSE,20,elitize_generation_data,49,4,0.538,NA
51,36,scrabble-score,ifs,FALSE,20,elitize_generation_data,50,4,0.555,NA
52,36,scrabble-score,ifs,FALSE,20,elitize_generation_data,51,6,0.538,NA
53,36,scrabble-score,ifs,FALSE,20,elitize_generation_data,52,4,0.566,NA
54,36,scrabble-score,ifs,FALSE,20,elitize_generation_data,53,4,0.565,NA
55,36,scrabble-score,ifs,FALSE,20,elitize_generation_data,54,4,0.51,NA
56,36,scrabble-score,ifs,FALSE,20,elitize_generation_data,55,5,0.542,NA
57,36,scrabble-score,ifs,FALSE,20,elitize_generation_data,56,4,0.54,NA
58,36,scrabble-score,ifs,FALSE,20,elitize_generation_data,57,4,0.546,NA
59,36,scrabble-score,ifs,FALSE,20,elitize_generation_data,58,6,0.558,NA
60,36,scrabble-score,ifs,FALSE,20,elitize_generation_data,59,8,0.555,NA
61,36,scrabble-score,ifs,FALSE,20,elitize_generation_data,60,6,0.535,NA
62,36,scrabble-score,ifs,FALSE,20,elitize_generation_data,61,8,0.534,NA
63,36,scrabble-score,ifs,FALSE,20,elitize_generation_data,62,6,0.512,NA
64,36,scrabble-score,ifs,FALSE,20,elitize_generation_data,63,6,0.524,NA
65,36,scrabble-score,ifs,FALSE,20,elitize_generation_data,64,8,0.55,NA
66,36,scrabble-score,ifs,FALSE,20,elitize_generation_data,65,6,0.494,NA
67,36,scrabble-score,ifs,FALSE,20,elitize_generation_data,66,7,0.505,NA
68,36,scrabble-score,ifs,FALSE,20,elitize_generation_data,67,8,0.482,NA
69,36,scrabble-score,ifs,FALSE,20,elitize_generation_data,68,7,0.52,NA
70,36,scrabble-score,ifs,FALSE,20,elitize_generation_data,69,5,0.469,NA
71,36,scrabble-score,ifs,FALSE,20,elitize_generation_data,70,7,0.487,NA
72,36,scrabble-score,ifs,FALSE,20,elitize_generation_data,71,6,0.49,NA
73,36,scrabble-score,ifs,FALSE,20,elitize_generation_data,72,7,0.52,NA
74,36,scrabble-score,ifs,FALSE,20,elitize_generation_data,73,6,0.483,NA
75,36,scrabble-score,ifs,FALSE,20,elitize_generation_data,74,5,0.484,NA
76,36,scrabble-score,ifs,FALSE,20,elitize_generation_data,75,6,0.503,NA
77,36,scrabble-score,ifs,FALSE,20,elitize_generation_data,76,5,0.484,NA
78,36,scrabble-score,ifs,FALSE,20,elitize_generation_data,77,5,0.492,NA
79,36,scrabble-score,ifs,FALSE,20,elitize_generation_data,78,6,0.484,NA
80,36,scrabble-score,ifs,FALSE,20,elitize_generation_data,79,6,0.499,NA
81,36,scrabble-score,ifs,FALSE,20,elitize_generation_data,80,6,0.499,NA
82,36,scrabble-score,ifs,FALSE,20,elitize_generation_data,81,8,0.502,NA
83,36,scrabble-score,ifs,FALSE,20,elitize_generation_data,82,7,0.517,NA
84,36,scrabble-score,ifs,FALSE,20,elitize_generation_data,83,6,0.493,NA
85,36,scrabble-score,ifs,FALSE,20,elitize_generation_data,84,8,0.512,NA
86,36,scrabble-score,ifs,FALSE,20,elitize_generation_data,85,7,0.536,NA
87,36,scrabble-score,ifs,FALSE,20,elitize_generation_data,86,7,0.562,NA
88,36,scrabble-score,ifs,FALSE,20,elitize_generation_data,87,7,0.518,NA
89,36,scrabble-score,ifs,FALSE,20,elitize_generation_data,88,6,0.554,NA
90,36,scrabble-score,ifs,FALSE,20,elitize_generation_data,89,5,0.52,NA
91,36,scrabble-score,ifs,FALSE,20,elitize_generation_data,90,8,0.537,NA
92,36,scrabble-score,ifs,FALSE,20,elitize_generation_data,91,7,0.561,NA
93,36,scrabble-score,ifs,FALSE,20,elitize_generation_data,92,5,0.552,NA
94,36,scrabble-score,ifs,FALSE,20,elitize_generation_data,93,6,0.554,NA
95,36,scrabble-score,ifs,FALSE,20,elitize_generation_data,94,5,0.555,NA
96,36,scrabble-score,ifs,FALSE,20,elitize_generation_data,95,7,0.561,NA
97,36,scrabble-score,ifs,FALSE,20,elitize_generation_data,96,4,0.574,NA
98,36,scrabble-score,ifs,FALSE,20,elitize_generation_data,97,5,0.532,NA
99,36,scrabble-score,ifs,FALSE,20,elitize_generation_data,98,7,0.579,NA
100,36,scrabble-score,ifs,FALSE,20,elitize_generation_data,99,5,0.591,NA
101,36,scrabble-score,ifs,FALSE,20,elitize_generation_data,100,5,0.585,NA
102,36,scrabble-score,ifs,FALSE,20,elitize_generation_data,101,7,0.607,NA
103,36,scrabble-score,ifs,FALSE,20,elitize_generation_data,102,5,0.632,NA
104,36,scrabble-score,ifs,FALSE,20,elitize_generation_data,103,4,0.616,NA
105,36,scrabble-score,ifs,FALSE,20,elitize_generation_data,104,6,0.629,NA
106,36,scrabble-score,ifs,FALSE,20,elitize_generation_data,105,7,0.629,NA
107,36,scrabble-score,ifs,FALSE,20,elitize_generation_data,106,6,0.627,NA
108,36,scrabble-score,ifs,FALSE,20,elitize_generation_data,107,5,0.654,NA
109,36,scrabble-score,ifs,FALSE,20,elitize_generation_data,108,7,0.624,NA
110,36,scrabble-score,ifs,FALSE,20,elitize_generation_data,109,6,0.624,NA
111,36,scrabble-score,ifs,FALSE,20,elitize_generation_data,110,7,0.668,NA
112,36,scrabble-score,ifs,FALSE,20,elitize_generation_data,111,7,0.639,NA
113,36,scrabble-score,ifs,FALSE,20,elitize_generation_data,112,6,0.62,NA
114,36,scrabble-score,ifs,FALSE,20,elitize_generation_data,113,5,0.639,NA
115,36,scrabble-score,ifs,FALSE,20,elitize_generation_data,114,5,0.644,NA
116,36,scrabble-score,ifs,FALSE,20,elitize_generation_data,115,5,0.654,NA
117,36,scrabble-score,ifs,FALSE,20,elitize_generation_data,116,5,0.645,NA
118,36,scrabble-score,ifs,FALSE,20,elitize_generation_data,117,5,0.628,NA
119,36,scrabble-score,ifs,FALSE,20,elitize_generation_data,118,6,0.662,NA
120,36,scrabble-score,ifs,FALSE,20,elitize_generation_data,119,5,0.663,NA
121,36,scrabble-score,ifs,FALSE,20,elitize_generation_data,120,5,0.647,NA
122,36,scrabble-score,ifs,FALSE,20,elitize_generation_data,121,5,0.648,NA
123,36,scrabble-score,ifs,FALSE,20,elitize_generation_data,122,8,0.648,NA
124,36,scrabble-score,ifs,FALSE,20,elitize_generation_data,123,7,0.651,NA
125,36,scrabble-score,ifs,FALSE,20,elitize_generation_data,124,5,0.657,NA
126,36,scrabble-score,ifs,FALSE,20,elitize_generation_data,125,6,0.644,NA
127,36,scrabble-score,ifs,FALSE,20,elitize_generation_data,126,8,0.636,NA
128,36,scrabble-score,ifs,FALSE,20,elitize_generation_data,127,7,0.634,NA
129,36,scrabble-score,ifs,FALSE,20,elitize_generation_data,128,5,0.638,NA
130,36,scrabble-score,ifs,FALSE,20,elitize_generation_data,129,7,0.624,NA
131,36,scrabble-score,ifs,FALSE,20,elitize_generation_data,130,7,0.622,NA
132,36,scrabble-score,ifs,FALSE,20,elitize_generation_data,131,6,0.631,NA
133,36,scrabble-score,ifs,FALSE,20,elitize_generation_data,132,5,0.635,NA
134,36,scrabble-score,ifs,FALSE,20,elitize_generation_data,133,6,0.601,NA
135,36,scrabble-score,ifs,FALSE,20,elitize_generation_data,134,5,0.64,NA
136,36,scrabble-score,ifs,FALSE,20,elitize_generation_data,135,5,0.627,NA
137,36,scrabble-score,ifs,FALSE,20,elitize_generation_data,136,5,0.632,NA
138,36,scrabble-score,ifs,FALSE,20,elitize_generation_data,137,5,0.628,NA
139,36,scrabble-score,ifs,FALSE,20,elitize_generation_data,138,5,0.63,NA
140,36,scrabble-score,ifs,FALSE,20,elitize_generation_data,139,7,0.6,NA
141,36,scrabble-score,ifs,FALSE,20,elitize_generation_data,140,5,0.6,NA
142,36,scrabble-score,ifs,FALSE,20,elitize_generation_data,141,6,0.64,NA
143,36,scrabble-score,ifs,FALSE,20,elitize_generation_data,142,5,0.602,NA
144,36,scrabble-score,ifs,FALSE,20,elitize_generation_data,143,6,0.645,NA
145,36,scrabble-score,ifs,FALSE,20,elitize_generation_data,144,6,0.652,NA
146,36,scrabble-score,ifs,FALSE,20,elitize_generation_data,145,7,0.644,NA
147,36,scrabble-score,ifs,FALSE,20,elitize_generation_data,146,5,0.636,NA
148,36,scrabble-score,ifs,FALSE,20,elitize_generation_data,147,5,0.633,NA
149,36,scrabble-score,ifs,FALSE,20,elitize_generation_data,148,6,0.63,NA
150,36,scrabble-score,ifs,FALSE,20,elitize_generation_data,149,6,0.613,NA
151,36,scrabble-score,ifs,FALSE,20,elitize_generation_data,150,6,0.652,NA
152,36,scrabble-score,ifs,FALSE,20,elitize_generation_data,151,8,0.667,NA
153,36,scrabble-score,ifs,FALSE,20,elitize_generation_data,152,5,0.631,NA
154,36,scrabble-score,ifs,FALSE,20,elitize_generation_data,153,6,0.639,NA
155,36,scrabble-score,ifs,FALSE,20,elitize_generation_data,154,7,0.669,NA
156,36,scrabble-score,ifs,FALSE,20,elitize_generation_data,155,7,0.628,NA
157,36,scrabble-score,ifs,FALSE,20,elitize_generation_data,156,6,0.655,NA
158,36,scrabble-score,ifs,FALSE,20,elitize_generation_data,157,6,0.63,NA
159,36,scrabble-score,ifs,FALSE,20,elitize_generation_data,158,6,0.636,NA
160,36,scrabble-score,ifs,FALSE,20,elitize_generation_data,159,5,0.662,NA
161,36,scrabble-score,ifs,FALSE,20,elitize_generation_data,160,6,0.624,NA
162,36,scrabble-score,ifs,FALSE,20,elitize_generation_data,161,5,0.662,NA
163,36,scrabble-score,ifs,FALSE,20,elitize_generation_data,162,7,0.665,NA
164,36,scrabble-score,ifs,FALSE,20,elitize_generation_data,163,5,0.655,NA
165,36,scrabble-score,ifs,FALSE,20,elitize_generation_data,164,5,0.639,NA
166,36,scrabble-score,ifs,FALSE,20,elitize_generation_data,165,7,0.668,NA
167,36,scrabble-score,ifs,FALSE,20,elitize_generation_data,166,6,0.676,NA
168,36,scrabble-score,ifs,FALSE,20,elitize_generation_data,167,4,0.648,NA
169,36,scrabble-score,ifs,FALSE,20,elitize_generation_data,168,5,0.655,NA
170,36,scrabble-score,ifs,FALSE,20,elitize_generation_data,169,6,0.658,NA
171,36,scrabble-score,ifs,FALSE,20,elitize_generation_data,170,5,0.671,NA
172,36,scrabble-score,ifs,FALSE,20,elitize_generation_data,171,5,0.678,NA
173,36,scrabble-score,ifs,FALSE,20,elitize_generation_data,172,6,0.652,NA
174,36,scrabble-score,ifs,FALSE,20,elitize_generation_data,173,7,0.655,NA
175,36,scrabble-score,ifs,FALSE,20,elitize_generation_data,174,6,0.626,NA
176,36,scrabble-score,ifs,FALSE,20,elitize_generation_data,175,4,0.664,NA
177,36,scrabble-score,ifs,FALSE,20,elitize_generation_data,176,5,0.636,NA
178,36,scrabble-score,ifs,FALSE,20,elitize_generation_data,177,6,0.631,NA
179,36,scrabble-score,ifs,FALSE,20,elitize_generation_data,178,5,0.65,NA
180,36,scrabble-score,ifs,FALSE,20,elitize_generation_data,179,5,0.646,NA
181,36,scrabble-score,ifs,FALSE,20,elitize_generation_data,180,5,0.602,NA
182,36,scrabble-score,ifs,FALSE,20,elitize_generation_data,181,6,0.645,NA
183,36,scrabble-score,ifs,FALSE,20,elitize_generation_data,182,5,0.603,NA
184,36,scrabble-score,ifs,FALSE,20,elitize_generation_data,183,5,0.636,NA
185,36,scrabble-score,ifs,FALSE,20,elitize_generation_data,184,5,0.624,NA
186,36,scrabble-score,ifs,FALSE,20,elitize_generation_data,185,5,0.65,NA
187,36,scrabble-score,ifs,FALSE,20,elitize_generation_data,186,6,0.624,NA
188,36,scrabble-score,ifs,FALSE,20,elitize_generation_data,187,4,0.63,NA
189,36,scrabble-score,ifs,FALSE,20,elitize_generation_data,188,5,0.652,NA
190,36,scrabble-score,ifs,FALSE,20,elitize_generation_data,189,6,0.653,NA
191,36,scrabble-score,ifs,FALSE,20,elitize_generation_data,190,6,0.665,NA
192,36,scrabble-score,ifs,FALSE,20,elitize_generation_data,191,6,0.629,NA
193,36,scrabble-score,ifs,FALSE,20,elitize_generation_data,192,6,0.63,NA
194,36,scrabble-score,ifs,FALSE,20,elitize_generation_data,193,5,0.625,NA
195,36,scrabble-score,ifs,FALSE,20,elitize_generation_data,194,5,0.649,NA
196,36,scrabble-score,ifs,FALSE,20,elitize_generation_data,195,6,0.656,NA
197,36,scrabble-score,ifs,FALSE,20,elitize_generation_data,196,5,0.633,NA
198,36,scrabble-score,ifs,FALSE,20,elitize_generation_data,197,6,0.636,NA
199,36,scrabble-score,ifs,FALSE,20,elitize_generation_data,198,5,0.61,NA
200,36,scrabble-score,ifs,FALSE,20,elitize_generation_data,199,5,0.628,NA
201,36,scrabble-score,ifs,FALSE,20,elitize_generation_data,200,6,0.643,NA
202,36,scrabble-score,ifs,FALSE,20,elitize_generation_data,201,6,0.663,NA
203,36,scrabble-score,ifs,FALSE,20,elitize_generation_data,202,5,0.636,NA
204,36,scrabble-score,ifs,FALSE,20,elitize_generation_data,203,6,0.648,NA
205,36,scrabble-score,ifs,FALSE,20,elitize_generation_data,204,5,0.627,NA
206,36,scrabble-score,ifs,FALSE,20,elitize_generation_data,205,5,0.646,NA
207,36,scrabble-score,ifs,FALSE,20,elitize_generation_data,206,5,0.641,NA
208,36,scrabble-score,ifs,FALSE,20,elitize_generation_data,207,5,0.617,NA
209,36,scrabble-score,ifs,FALSE,20,elitize_generation_data,208,6,0.629,NA
210,36,scrabble-score,ifs,FALSE,20,elitize_generation_data,209,6,0.593,NA
211,36,scrabble-score,ifs,FALSE,20,elitize_generation_data,210,5,0.594,NA
212,36,scrabble-score,ifs,FALSE,20,elitize_generation_data,211,6,0.629,NA
213,36,scrabble-score,ifs,FALSE,20,elitize_generation_data,212,5,0.586,NA
214,36,scrabble-score,ifs,FALSE,20,elitize_generation_data,213,4,0.589,NA
215,36,scrabble-score,ifs,FALSE,20,elitize_generation_data,214,4,0.618,NA
216,36,scrabble-score,ifs,FALSE,20,elitize_generation_data,215,6,0.621,NA
217,36,scrabble-score,ifs,FALSE,20,elitize_generation_data,216,6,0.631,NA
218,36,scrabble-score,ifs,FALSE,20,elitize_generation_data,217,6,0.626,NA
219,36,scrabble-score,ifs,FALSE,20,elitize_generation_data,218,6,0.645,NA
220,36,scrabble-score,ifs,FALSE,20,elitize_generation_data,219,5,0.62,NA
221,36,scrabble-score,ifs,FALSE,20,elitize_generation_data,220,6,0.634,NA
222,36,scrabble-score,ifs,FALSE,20,elitize_generation_data,221,6,0.646,NA
223,36,scrabble-score,ifs,FALSE,20,elitize_generation_data,222,4,0.63,NA
224,36,scrabble-score,ifs,FALSE,20,elitize_generation_data,223,5,0.615,NA
225,36,scrabble-score,ifs,FALSE,20,elitize_generation_data,224,5,0.636,NA
226,36,scrabble-score,ifs,FALSE,20,elitize_generation_data,225,8,0.635,NA
227,36,scrabble-score,ifs,FALSE,20,elitize_generation_data,226,5,0.62,NA
228,36,scrabble-score,ifs,FALSE,20,elitize_generation_data,227,7,0.636,NA
229,36,scrabble-score,ifs,FALSE,20,elitize_generation_data,228,5,0.637,NA
230,36,scrabble-score,ifs,FALSE,20,elitize_generation_data,229,6,0.63,NA
231,36,scrabble-score,ifs,FALSE,20,elitize_generation_data,230,5,0.627,NA
232,36,scrabble-score,ifs,FALSE,20,elitize_generation_data,231,4,0.627,NA
233,36,scrabble-score,ifs,FALSE,20,elitize_generation_data,232,5,0.607,NA
234,36,scrabble-score,ifs,FALSE,20,elitize_generation_data,233,5,0.635,NA
235,36,scrabble-score,ifs,FALSE,20,elitize_generation_data,234,6,0.628,NA
236,36,scrabble-score,ifs,FALSE,20,elitize_generation_data,235,5,0.635,NA
237,36,scrabble-score,ifs,FALSE,20,elitize_generation_data,236,4,0.624,NA
238,36,scrabble-score,ifs,FALSE,20,elitize_generation_data,237,5,0.632,NA
239,36,scrabble-score,ifs,FALSE,20,elitize_generation_data,238,4,0.606,NA
240,36,scrabble-score,ifs,FALSE,20,elitize_generation_data,239,9,0.6,NA
241,36,scrabble-score,ifs,FALSE,20,elitize_generation_data,240,5,0.591,NA
242,36,scrabble-score,ifs,FALSE,20,elitize_generation_data,241,5,0.594,NA
243,36,scrabble-score,ifs,FALSE,20,elitize_generation_data,242,6,0.616,NA
244,36,scrabble-score,ifs,FALSE,20,elitize_generation_data,243,6,0.623,NA
245,36,scrabble-score,ifs,FALSE,20,elitize_generation_data,244,6,0.612,NA
246,36,scrabble-score,ifs,FALSE,20,elitize_generation_data,245,7,0.613,NA
247,36,scrabble-score,ifs,FALSE,20,elitize_generation_data,246,6,0.583,NA
248,36,scrabble-score,ifs,FALSE,20,elitize_generation_data,247,4,0.567,NA
249,36,scrabble-score,ifs,FALSE,20,elitize_generation_data,248,5,0.577,NA
250,36,scrabble-score,ifs,FALSE,20,elitize_generation_data,249,6,0.592,NA
251,36,scrabble-score,ifs,FALSE,20,elitize_generation_data,250,5,0.618,NA
252,36,scrabble-score,ifs,FALSE,20,elitize_generation_data,251,6,0.617,NA
253,36,scrabble-score,ifs,FALSE,20,elitize_generation_data,252,6,0.606,NA
254,36,scrabble-score,ifs,FALSE,20,elitize_generation_data,253,8,0.604,NA
255,36,scrabble-score,ifs,FALSE,20,elitize_generation_data,254,5,0.61,NA
256,36,scrabble-score,ifs,FALSE,20,elitize_generation_data,255,6,0.609,NA
257,36,scrabble-score,ifs,FALSE,20,elitize_generation_data,256,7,0.614,NA
258,36,scrabble-score,ifs,FALSE,20,elitize_generation_data,257,5,0.575,NA
259,36,scrabble-score,ifs,FALSE,20,elitize_generation_data,258,6,0.587,NA
260,36,scrabble-score,ifs,FALSE,20,elitize_generation_data,259,7,0.57,NA
261,36,scrabble-score,ifs,FALSE,20,elitize_generation_data,260,5,0.565,NA
262,36,scrabble-score,ifs,FALSE,20,elitize_generation_data,261,5,0.579,NA
263,36,scrabble-score,ifs,FALSE,20,elitize_generation_data,262,6,0.577,NA
264,36,scrabble-score,ifs,FALSE,20,elitize_generation_data,263,6,0.57,NA
265,36,scrabble-score,ifs,FALSE,20,elitize_generation_data,264,5,0.59,NA
266,36,scrabble-score,ifs,FALSE,20,elitize_generation_data,265,4,0.563,NA
267,36,scrabble-score,ifs,FALSE,20,elitize_generation_data,266,4,0.564,NA
268,36,scrabble-score,ifs,FALSE,20,elitize_generation_data,267,7,0.597,NA
269,36,scrabble-score,ifs,FALSE,20,elitize_generation_data,268,4,0.575,NA
270,36,scrabble-score,ifs,FALSE,20,elitize_generation_data,269,5,0.607,NA
271,36,scrabble-score,ifs,FALSE,20,elitize_generation_data,270,6,0.574,NA
272,36,scrabble-score,ifs,FALSE,20,elitize_generation_data,271,7,0.556,NA
273,36,scrabble-score,ifs,FALSE,20,elitize_generation_data,272,6,0.552,NA
274,36,scrabble-score,ifs,FALSE,20,elitize_generation_data,273,6,0.546,NA
275,36,scrabble-score,ifs,FALSE,20,elitize_generation_data,274,4,0.529,NA
276,36,scrabble-score,ifs,FALSE,20,elitize_generation_data,275,5,0.567,NA
277,36,scrabble-score,ifs,FALSE,20,elitize_generation_data,276,7,0.544,NA
278,36,scrabble-score,ifs,FALSE,20,elitize_generation_data,277,5,0.553,NA
279,36,scrabble-score,ifs,FALSE,20,elitize_generation_data,278,4,0.56,NA
280,36,scrabble-score,ifs,FALSE,20,elitize_generation_data,279,6,0.552,NA
281,36,scrabble-score,ifs,FALSE,20,elitize_generation_data,280,4,0.558,NA
282,36,scrabble-score,ifs,FALSE,20,elitize_generation_data,281,7,0.582,NA
283,36,scrabble-score,ifs,FALSE,20,elitize_generation_data,282,6,0.539,NA
284,36,scrabble-score,ifs,FALSE,20,elitize_generation_data,283,4,0.551,NA
285,36,scrabble-score,ifs,FALSE,20,elitize_generation_data,284,5,0.557,NA
286,36,scrabble-score,ifs,FALSE,20,elitize_generation_data,285,5,0.55,NA
287,36,scrabble-score,ifs,FALSE,20,elitize_generation_data,286,5,0.589,NA
288,36,scrabble-score,ifs,FALSE,20,elitize_generation_data,287,7,0.569,NA
289,36,scrabble-score,ifs,FALSE,20,elitize_generation_data,288,6,0.577,NA
290,36,scrabble-score,ifs,FALSE,20,elitize_generation_data,289,7,0.58,NA
291,36,scrabble-score,ifs,FALSE,20,elitize_generation_data,290,6,0.556,NA
292,36,scrabble-score,ifs,FALSE,20,elitize_generation_data,291,4,0.576,NA
293,36,scrabble-score,ifs,FALSE,20,elitize_generation_data,292,4,0.592,NA
294,36,scrabble-score,ifs,FALSE,20,elitize_generation_data,293,5,0.571,NA
295,36,scrabble-score,ifs,FALSE,20,elitize_generation_data,294,7,0.591,NA
296,36,scrabble-score,ifs,FALSE,20,elitize_generation_data,295,4,0.581,NA
297,36,scrabble-score,ifs,FALSE,20,elitize_generation_data,296,5,0.596,NA
298,36,scrabble-score,ifs,FALSE,20,elitize_generation_data,297,7,0.581,NA
299,36,scrabble-score,ifs,FALSE,20,elitize_generation_data,298,5,0.567,NA
300,36,scrabble-score,ifs,FALSE,20,elitize_generation_data,299,6,0.604,NA
301,36,scrabble-score,ifs,FALSE,20,elitize_generation_data,300,6,0.622,NA
