,run.num,problem,treatment,succeeded,height,normalization.function,generation,cluster.count,error.diversity,success.generation
1,21,scrabble-score,ifs,FALSE,20,elitize_generation_data,0,2,0.11,NA
2,21,scrabble-score,ifs,FALSE,20,elitize_generation_data,1,4,0.096,NA
3,21,scrabble-score,ifs,FALSE,20,elitize_generation_data,2,4,0.121,NA
4,21,scrabble-score,ifs,FALSE,20,elitize_generation_data,3,4,0.103,NA
5,21,scrabble-score,ifs,FALSE,20,elitize_generation_data,4,6,0.069,NA
6,21,scrabble-score,ifs,FALSE,20,elitize_generation_data,5,5,0.075,NA
7,21,scrabble-score,ifs,FALSE,20,elitize_generation_data,6,6,0.083,NA
8,21,scrabble-score,ifs,FALSE,20,elitize_generation_data,7,6,0.103,NA
9,21,scrabble-score,ifs,FALSE,20,elitize_generation_data,8,5,0.146,NA
10,21,scrabble-score,ifs,FALSE,20,elitize_generation_data,9,6,0.243,NA
11,21,scrabble-score,ifs,FALSE,20,elitize_generation_data,10,7,0.216,NA
12,21,scrabble-score,ifs,FALSE,20,elitize_generation_data,11,9,0.108,NA
13,21,scrabble-score,ifs,FALSE,20,elitize_generation_data,12,8,0.09,NA
14,21,scrabble-score,ifs,FALSE,20,elitize_generation_data,13,7,0.076,NA
15,21,scrabble-score,ifs,FALSE,20,elitize_generation_data,14,7,0.073,NA
16,21,scrabble-score,ifs,FALSE,20,elitize_generation_data,15,10,0.085,NA
17,21,scrabble-score,ifs,FALSE,20,elitize_generation_data,16,9,0.094,NA
18,21,scrabble-score,ifs,FALSE,20,elitize_generation_data,17,9,0.099,NA
19,21,scrabble-score,ifs,FALSE,20,elitize_generation_data,18,7,0.097,NA
20,21,scrabble-score,ifs,FALSE,20,elitize_generation_data,19,10,0.083,NA
21,21,scrabble-score,ifs,FALSE,20,elitize_generation_data,20,8,0.077,NA
22,21,scrabble-score,ifs,FALSE,20,elitize_generation_data,21,8,0.083,NA
23,21,scrabble-score,ifs,FALSE,20,elitize_generation_data,22,8,0.09,NA
24,21,scrabble-score,ifs,FALSE,20,elitize_generation_data,23,6,0.102,NA
25,21,scrabble-score,ifs,FALSE,20,elitize_generation_data,24,8,0.095,NA
26,21,scrabble-score,ifs,FALSE,20,elitize_generation_data,25,7,0.103,NA
27,21,scrabble-score,ifs,FALSE,20,elitize_generation_data,26,8,0.101,NA
28,21,scrabble-score,ifs,FALSE,20,elitize_generation_data,27,9,0.086,NA
29,21,scrabble-score,ifs,FALSE,20,elitize_generation_data,28,9,0.078,NA
30,21,scrabble-score,ifs,FALSE,20,elitize_generation_data,29,9,0.105,NA
31,21,scrabble-score,ifs,FALSE,20,elitize_generation_data,30,10,0.112,NA
32,21,scrabble-score,ifs,FALSE,20,elitize_generation_data,31,8,0.115,NA
33,21,scrabble-score,ifs,FALSE,20,elitize_generation_data,32,10,0.088,NA
34,21,scrabble-score,ifs,FALSE,20,elitize_generation_data,33,7,0.103,NA
35,21,scrabble-score,ifs,FALSE,20,elitize_generation_data,34,8,0.083,NA
36,21,scrabble-score,ifs,FALSE,20,elitize_generation_data,35,8,0.104,NA
37,21,scrabble-score,ifs,FALSE,20,elitize_generation_data,36,8,0.102,NA
38,21,scrabble-score,ifs,FALSE,20,elitize_generation_data,37,8,0.107,NA
39,21,scrabble-score,ifs,FALSE,20,elitize_generation_data,38,7,0.101,NA
40,21,scrabble-score,ifs,FALSE,20,elitize_generation_data,39,8,0.097,NA
41,21,scrabble-score,ifs,FALSE,20,elitize_generation_data,40,7,0.111,NA
42,21,scrabble-score,ifs,FALSE,20,elitize_generation_data,41,8,0.102,NA
43,21,scrabble-score,ifs,FALSE,20,elitize_generation_data,42,8,0.119,NA
44,21,scrabble-score,ifs,FALSE,20,elitize_generation_data,43,8,0.127,NA
45,21,scrabble-score,ifs,FALSE,20,elitize_generation_data,44,7,0.125,NA
46,21,scrabble-score,ifs,FALSE,20,elitize_generation_data,45,8,0.144,NA
47,21,scrabble-score,ifs,FALSE,20,elitize_generation_data,46,8,0.181,NA
48,21,scrabble-score,ifs,FALSE,20,elitize_generation_data,47,8,0.19,NA
49,21,scrabble-score,ifs,FALSE,20,elitize_generation_data,48,7,0.186,NA
50,21,scrabble-score,ifs,FALSE,20,elitize_generation_data,49,8,0.171,NA
51,21,scrabble-score,ifs,FALSE,20,elitize_generation_data,50,9,0.157,NA
52,21,scrabble-score,ifs,FALSE,20,elitize_generation_data,51,6,0.16,NA
53,21,scrabble-score,ifs,FALSE,20,elitize_generation_data,52,6,0.172,NA
54,21,scrabble-score,ifs,FALSE,20,elitize_generation_data,53,8,0.194,NA
55,21,scrabble-score,ifs,FALSE,20,elitize_generation_data,54,6,0.201,NA
56,21,scrabble-score,ifs,FALSE,20,elitize_generation_data,55,6,0.243,NA
57,21,scrabble-score,ifs,FALSE,20,elitize_generation_data,56,5,0.236,NA
58,21,scrabble-score,ifs,FALSE,20,elitize_generation_data,57,8,0.214,NA
59,21,scrabble-score,ifs,FALSE,20,elitize_generation_data,58,7,0.214,NA
60,21,scrabble-score,ifs,FALSE,20,elitize_generation_data,59,8,0.246,NA
61,21,scrabble-score,ifs,FALSE,20,elitize_generation_data,60,5,0.237,NA
62,21,scrabble-score,ifs,FALSE,20,elitize_generation_data,61,6,0.244,NA
63,21,scrabble-score,ifs,FALSE,20,elitize_generation_data,62,8,0.215,NA
64,21,scrabble-score,ifs,FALSE,20,elitize_generation_data,63,8,0.228,NA
65,21,scrabble-score,ifs,FALSE,20,elitize_generation_data,64,6,0.217,NA
66,21,scrabble-score,ifs,FALSE,20,elitize_generation_data,65,8,0.222,NA
67,21,scrabble-score,ifs,FALSE,20,elitize_generation_data,66,6,0.225,NA
68,21,scrabble-score,ifs,FALSE,20,elitize_generation_data,67,7,0.203,NA
69,21,scrabble-score,ifs,FALSE,20,elitize_generation_data,68,6,0.268,NA
70,21,scrabble-score,ifs,FALSE,20,elitize_generation_data,69,7,0.289,NA
71,21,scrabble-score,ifs,FALSE,20,elitize_generation_data,70,5,0.303,NA
72,21,scrabble-score,ifs,FALSE,20,elitize_generation_data,71,6,0.275,NA
73,21,scrabble-score,ifs,FALSE,20,elitize_generation_data,72,7,0.289,NA
74,21,scrabble-score,ifs,FALSE,20,elitize_generation_data,73,7,0.253,NA
75,21,scrabble-score,ifs,FALSE,20,elitize_generation_data,74,9,0.28,NA
76,21,scrabble-score,ifs,FALSE,20,elitize_generation_data,75,7,0.3,NA
77,21,scrabble-score,ifs,FALSE,20,elitize_generation_data,76,5,0.292,NA
78,21,scrabble-score,ifs,FALSE,20,elitize_generation_data,77,6,0.288,NA
79,21,scrabble-score,ifs,FALSE,20,elitize_generation_data,78,6,0.248,NA
80,21,scrabble-score,ifs,FALSE,20,elitize_generation_data,79,7,0.262,NA
81,21,scrabble-score,ifs,FALSE,20,elitize_generation_data,80,6,0.29,NA
82,21,scrabble-score,ifs,FALSE,20,elitize_generation_data,81,8,0.3,NA
83,21,scrabble-score,ifs,FALSE,20,elitize_generation_data,82,7,0.314,NA
84,21,scrabble-score,ifs,FALSE,20,elitize_generation_data,83,7,0.3,NA
85,21,scrabble-score,ifs,FALSE,20,elitize_generation_data,84,5,0.313,NA
86,21,scrabble-score,ifs,FALSE,20,elitize_generation_data,85,6,0.322,NA
87,21,scrabble-score,ifs,FALSE,20,elitize_generation_data,86,6,0.355,NA
88,21,scrabble-score,ifs,FALSE,20,elitize_generation_data,87,7,0.362,NA
89,21,scrabble-score,ifs,FALSE,20,elitize_generation_data,88,6,0.323,NA
90,21,scrabble-score,ifs,FALSE,20,elitize_generation_data,89,6,0.304,NA
91,21,scrabble-score,ifs,FALSE,20,elitize_generation_data,90,7,0.316,NA
92,21,scrabble-score,ifs,FALSE,20,elitize_generation_data,91,7,0.327,NA
93,21,scrabble-score,ifs,FALSE,20,elitize_generation_data,92,6,0.335,NA
94,21,scrabble-score,ifs,FALSE,20,elitize_generation_data,93,6,0.366,NA
95,21,scrabble-score,ifs,FALSE,20,elitize_generation_data,94,5,0.404,NA
96,21,scrabble-score,ifs,FALSE,20,elitize_generation_data,95,7,0.422,NA
97,21,scrabble-score,ifs,FALSE,20,elitize_generation_data,96,6,0.463,NA
98,21,scrabble-score,ifs,FALSE,20,elitize_generation_data,97,5,0.475,NA
99,21,scrabble-score,ifs,FALSE,20,elitize_generation_data,98,9,0.467,NA
100,21,scrabble-score,ifs,FALSE,20,elitize_generation_data,99,5,0.481,NA
101,21,scrabble-score,ifs,FALSE,20,elitize_generation_data,100,6,0.488,NA
102,21,scrabble-score,ifs,FALSE,20,elitize_generation_data,101,6,0.475,NA
103,21,scrabble-score,ifs,FALSE,20,elitize_generation_data,102,7,0.477,NA
104,21,scrabble-score,ifs,FALSE,20,elitize_generation_data,103,4,0.458,NA
105,21,scrabble-score,ifs,FALSE,20,elitize_generation_data,104,6,0.456,NA
106,21,scrabble-score,ifs,FALSE,20,elitize_generation_data,105,5,0.407,NA
107,21,scrabble-score,ifs,FALSE,20,elitize_generation_data,106,6,0.384,NA
108,21,scrabble-score,ifs,FALSE,20,elitize_generation_data,107,5,0.384,NA
109,21,scrabble-score,ifs,FALSE,20,elitize_generation_data,108,5,0.379,NA
110,21,scrabble-score,ifs,FALSE,20,elitize_generation_data,109,4,0.325,NA
111,21,scrabble-score,ifs,FALSE,20,elitize_generation_data,110,6,0.322,NA
112,21,scrabble-score,ifs,FALSE,20,elitize_generation_data,111,7,0.309,NA
113,21,scrabble-score,ifs,FALSE,20,elitize_generation_data,112,6,0.309,NA
114,21,scrabble-score,ifs,FALSE,20,elitize_generation_data,113,8,0.278,NA
115,21,scrabble-score,ifs,FALSE,20,elitize_generation_data,114,5,0.271,NA
116,21,scrabble-score,ifs,FALSE,20,elitize_generation_data,115,6,0.29,NA
117,21,scrabble-score,ifs,FALSE,20,elitize_generation_data,116,8,0.307,NA
118,21,scrabble-score,ifs,FALSE,20,elitize_generation_data,117,6,0.312,NA
119,21,scrabble-score,ifs,FALSE,20,elitize_generation_data,118,6,0.349,NA
120,21,scrabble-score,ifs,FALSE,20,elitize_generation_data,119,6,0.363,NA
121,21,scrabble-score,ifs,FALSE,20,elitize_generation_data,120,5,0.376,NA
122,21,scrabble-score,ifs,FALSE,20,elitize_generation_data,121,6,0.345,NA
123,21,scrabble-score,ifs,FALSE,20,elitize_generation_data,122,7,0.326,NA
124,21,scrabble-score,ifs,FALSE,20,elitize_generation_data,123,7,0.328,NA
125,21,scrabble-score,ifs,FALSE,20,elitize_generation_data,124,6,0.298,NA
126,21,scrabble-score,ifs,FALSE,20,elitize_generation_data,125,5,0.342,NA
127,21,scrabble-score,ifs,FALSE,20,elitize_generation_data,126,3,0.369,NA
128,21,scrabble-score,ifs,FALSE,20,elitize_generation_data,127,4,0.391,NA
129,21,scrabble-score,ifs,FALSE,20,elitize_generation_data,128,4,0.395,NA
130,21,scrabble-score,ifs,FALSE,20,elitize_generation_data,129,4,0.379,NA
131,21,scrabble-score,ifs,FALSE,20,elitize_generation_data,130,3,0.369,NA
132,21,scrabble-score,ifs,FALSE,20,elitize_generation_data,131,4,0.395,NA
133,21,scrabble-score,ifs,FALSE,20,elitize_generation_data,132,5,0.369,NA
134,21,scrabble-score,ifs,FALSE,20,elitize_generation_data,133,4,0.42,NA
135,21,scrabble-score,ifs,FALSE,20,elitize_generation_data,134,7,0.415,NA
136,21,scrabble-score,ifs,FALSE,20,elitize_generation_data,135,3,0.406,NA
137,21,scrabble-score,ifs,FALSE,20,elitize_generation_data,136,5,0.409,NA
138,21,scrabble-score,ifs,FALSE,20,elitize_generation_data,137,4,0.429,NA
139,21,scrabble-score,ifs,FALSE,20,elitize_generation_data,138,6,0.426,NA
140,21,scrabble-score,ifs,FALSE,20,elitize_generation_data,139,7,0.442,NA
141,21,scrabble-score,ifs,FALSE,20,elitize_generation_data,140,8,0.43,NA
142,21,scrabble-score,ifs,FALSE,20,elitize_generation_data,141,7,0.446,NA
143,21,scrabble-score,ifs,FALSE,20,elitize_generation_data,142,5,0.455,NA
144,21,scrabble-score,ifs,FALSE,20,elitize_generation_data,143,5,0.438,NA
145,21,scrabble-score,ifs,FALSE,20,elitize_generation_data,144,5,0.441,NA
146,21,scrabble-score,ifs,FALSE,20,elitize_generation_data,145,6,0.433,NA
147,21,scrabble-score,ifs,FALSE,20,elitize_generation_data,146,8,0.425,NA
148,21,scrabble-score,ifs,FALSE,20,elitize_generation_data,147,5,0.394,NA
149,21,scrabble-score,ifs,FALSE,20,elitize_generation_data,148,5,0.413,NA
150,21,scrabble-score,ifs,FALSE,20,elitize_generation_data,149,5,0.465,NA
151,21,scrabble-score,ifs,FALSE,20,elitize_generation_data,150,6,0.472,NA
152,21,scrabble-score,ifs,FALSE,20,elitize_generation_data,151,5,0.443,NA
153,21,scrabble-score,ifs,FALSE,20,elitize_generation_data,152,4,0.421,NA
154,21,scrabble-score,ifs,FALSE,20,elitize_generation_data,153,4,0.415,NA
155,21,scrabble-score,ifs,FALSE,20,elitize_generation_data,154,6,0.428,NA
156,21,scrabble-score,ifs,FALSE,20,elitize_generation_data,155,4,0.417,NA
157,21,scrabble-score,ifs,FALSE,20,elitize_generation_data,156,6,0.427,NA
158,21,scrabble-score,ifs,FALSE,20,elitize_generation_data,157,5,0.403,NA
159,21,scrabble-score,ifs,FALSE,20,elitize_generation_data,158,5,0.401,NA
160,21,scrabble-score,ifs,FALSE,20,elitize_generation_data,159,6,0.391,NA
161,21,scrabble-score,ifs,FALSE,20,elitize_generation_data,160,4,0.399,NA
162,21,scrabble-score,ifs,FALSE,20,elitize_generation_data,161,7,0.384,NA
163,21,scrabble-score,ifs,FALSE,20,elitize_generation_data,162,5,0.396,NA
164,21,scrabble-score,ifs,FALSE,20,elitize_generation_data,163,5,0.409,NA
165,21,scrabble-score,ifs,FALSE,20,elitize_generation_data,164,6,0.425,NA
166,21,scrabble-score,ifs,FALSE,20,elitize_generation_data,165,5,0.432,NA
167,21,scrabble-score,ifs,FALSE,20,elitize_generation_data,166,4,0.423,NA
168,21,scrabble-score,ifs,FALSE,20,elitize_generation_data,167,5,0.402,NA
169,21,scrabble-score,ifs,FALSE,20,elitize_generation_data,168,4,0.425,NA
170,21,scrabble-score,ifs,FALSE,20,elitize_generation_data,169,5,0.43,NA
171,21,scrabble-score,ifs,FALSE,20,elitize_generation_data,170,5,0.433,NA
172,21,scrabble-score,ifs,FALSE,20,elitize_generation_data,171,5,0.416,NA
173,21,scrabble-score,ifs,FALSE,20,elitize_generation_data,172,6,0.448,NA
174,21,scrabble-score,ifs,FALSE,20,elitize_generation_data,173,4,0.455,NA
175,21,scrabble-score,ifs,FALSE,20,elitize_generation_data,174,6,0.448,NA
176,21,scrabble-score,ifs,FALSE,20,elitize_generation_data,175,5,0.422,NA
177,21,scrabble-score,ifs,FALSE,20,elitize_generation_data,176,6,0.467,NA
178,21,scrabble-score,ifs,FALSE,20,elitize_generation_data,177,7,0.468,NA
179,21,scrabble-score,ifs,FALSE,20,elitize_generation_data,178,7,0.446,NA
180,21,scrabble-score,ifs,FALSE,20,elitize_generation_data,179,6,0.466,NA
181,21,scrabble-score,ifs,FALSE,20,elitize_generation_data,180,6,0.458,NA
182,21,scrabble-score,ifs,FALSE,20,elitize_generation_data,181,5,0.47,NA
183,21,scrabble-score,ifs,FALSE,20,elitize_generation_data,182,5,0.481,NA
184,21,scrabble-score,ifs,FALSE,20,elitize_generation_data,183,8,0.453,NA
185,21,scrabble-score,ifs,FALSE,20,elitize_generation_data,184,8,0.497,NA
186,21,scrabble-score,ifs,FALSE,20,elitize_generation_data,185,6,0.462,NA
187,21,scrabble-score,ifs,FALSE,20,elitize_generation_data,186,8,0.488,NA
188,21,scrabble-score,ifs,FALSE,20,elitize_generation_data,187,6,0.542,NA
189,21,scrabble-score,ifs,FALSE,20,elitize_generation_data,188,7,0.483,NA
190,21,scrabble-score,ifs,FALSE,20,elitize_generation_data,189,6,0.454,NA
191,21,scrabble-score,ifs,FALSE,20,elitize_generation_data,190,6,0.426,NA
192,21,scrabble-score,ifs,FALSE,20,elitize_generation_data,191,6,0.468,NA
193,21,scrabble-score,ifs,FALSE,20,elitize_generation_data,192,5,0.446,NA
194,21,scrabble-score,ifs,FALSE,20,elitize_generation_data,193,8,0.461,NA
195,21,scrabble-score,ifs,FALSE,20,elitize_generation_data,194,6,0.488,NA
196,21,scrabble-score,ifs,FALSE,20,elitize_generation_data,195,6,0.486,NA
197,21,scrabble-score,ifs,FALSE,20,elitize_generation_data,196,6,0.499,NA
198,21,scrabble-score,ifs,FALSE,20,elitize_generation_data,197,4,0.48,NA
199,21,scrabble-score,ifs,FALSE,20,elitize_generation_data,198,7,0.463,NA
200,21,scrabble-score,ifs,FALSE,20,elitize_generation_data,199,6,0.488,NA
201,21,scrabble-score,ifs,FALSE,20,elitize_generation_data,200,6,0.48,NA
202,21,scrabble-score,ifs,FALSE,20,elitize_generation_data,201,5,0.484,NA
203,21,scrabble-score,ifs,FALSE,20,elitize_generation_data,202,7,0.511,NA
204,21,scrabble-score,ifs,FALSE,20,elitize_generation_data,203,6,0.469,NA
205,21,scrabble-score,ifs,FALSE,20,elitize_generation_data,204,7,0.481,NA
206,21,scrabble-score,ifs,FALSE,20,elitize_generation_data,205,7,0.505,NA
207,21,scrabble-score,ifs,FALSE,20,elitize_generation_data,206,7,0.562,NA
208,21,scrabble-score,ifs,FALSE,20,elitize_generation_data,207,6,0.55,NA
209,21,scrabble-score,ifs,FALSE,20,elitize_generation_data,208,5,0.51,NA
210,21,scrabble-score,ifs,FALSE,20,elitize_generation_data,209,5,0.504,NA
211,21,scrabble-score,ifs,FALSE,20,elitize_generation_data,210,7,0.488,NA
212,21,scrabble-score,ifs,FALSE,20,elitize_generation_data,211,6,0.524,NA
213,21,scrabble-score,ifs,FALSE,20,elitize_generation_data,212,8,0.533,NA
214,21,scrabble-score,ifs,FALSE,20,elitize_generation_data,213,6,0.544,NA
215,21,scrabble-score,ifs,FALSE,20,elitize_generation_data,214,5,0.561,NA
216,21,scrabble-score,ifs,FALSE,20,elitize_generation_data,215,8,0.566,NA
217,21,scrabble-score,ifs,FALSE,20,elitize_generation_data,216,6,0.582,NA
218,21,scrabble-score,ifs,FALSE,20,elitize_generation_data,217,6,0.529,NA
219,21,scrabble-score,ifs,FALSE,20,elitize_generation_data,218,7,0.573,NA
220,21,scrabble-score,ifs,FALSE,20,elitize_generation_data,219,6,0.562,NA
221,21,scrabble-score,ifs,FALSE,20,elitize_generation_data,220,7,0.577,NA
222,21,scrabble-score,ifs,FALSE,20,elitize_generation_data,221,7,0.573,NA
223,21,scrabble-score,ifs,FALSE,20,elitize_generation_data,222,6,0.591,NA
224,21,scrabble-score,ifs,FALSE,20,elitize_generation_data,223,6,0.583,NA
225,21,scrabble-score,ifs,FALSE,20,elitize_generation_data,224,7,0.558,NA
226,21,scrabble-score,ifs,FALSE,20,elitize_generation_data,225,5,0.548,NA
227,21,scrabble-score,ifs,FALSE,20,elitize_generation_data,226,5,0.562,NA
228,21,scrabble-score,ifs,FALSE,20,elitize_generation_data,227,7,0.567,NA
229,21,scrabble-score,ifs,FALSE,20,elitize_generation_data,228,6,0.569,NA
230,21,scrabble-score,ifs,FALSE,20,elitize_generation_data,229,6,0.578,NA
231,21,scrabble-score,ifs,FALSE,20,elitize_generation_data,230,5,0.564,NA
232,21,scrabble-score,ifs,FALSE,20,elitize_generation_data,231,6,0.561,NA
233,21,scrabble-score,ifs,FALSE,20,elitize_generation_data,232,6,0.548,NA
234,21,scrabble-score,ifs,FALSE,20,elitize_generation_data,233,4,0.585,NA
235,21,scrabble-score,ifs,FALSE,20,elitize_generation_data,234,5,0.596,NA
236,21,scrabble-score,ifs,FALSE,20,elitize_generation_data,235,9,0.573,NA
237,21,scrabble-score,ifs,FALSE,20,elitize_generation_data,236,7,0.524,NA
238,21,scrabble-score,ifs,FALSE,20,elitize_generation_data,237,9,0.528,NA
239,21,scrabble-score,ifs,FALSE,20,elitize_generation_data,238,6,0.526,NA
240,21,scrabble-score,ifs,FALSE,20,elitize_generation_data,239,5,0.519,NA
241,21,scrabble-score,ifs,FALSE,20,elitize_generation_data,240,5,0.539,NA
242,21,scrabble-score,ifs,FALSE,20,elitize_generation_data,241,8,0.562,NA
243,21,scrabble-score,ifs,FALSE,20,elitize_generation_data,242,7,0.558,NA
244,21,scrabble-score,ifs,FALSE,20,elitize_generation_data,243,6,0.539,NA
245,21,scrabble-score,ifs,FALSE,20,elitize_generation_data,244,6,0.534,NA
246,21,scrabble-score,ifs,FALSE,20,elitize_generation_data,245,6,0.523,NA
247,21,scrabble-score,ifs,FALSE,20,elitize_generation_data,246,5,0.557,NA
248,21,scrabble-score,ifs,FALSE,20,elitize_generation_data,247,4,0.559,NA
249,21,scrabble-score,ifs,FALSE,20,elitize_generation_data,248,6,0.579,NA
250,21,scrabble-score,ifs,FALSE,20,elitize_generation_data,249,7,0.562,NA
251,21,scrabble-score,ifs,FALSE,20,elitize_generation_data,250,6,0.569,NA
252,21,scrabble-score,ifs,FALSE,20,elitize_generation_data,251,7,0.587,NA
253,21,scrabble-score,ifs,FALSE,20,elitize_generation_data,252,7,0.577,NA
254,21,scrabble-score,ifs,FALSE,20,elitize_generation_data,253,6,0.572,NA
255,21,scrabble-score,ifs,FALSE,20,elitize_generation_data,254,5,0.611,NA
256,21,scrabble-score,ifs,FALSE,20,elitize_generation_data,255,6,0.588,NA
257,21,scrabble-score,ifs,FALSE,20,elitize_generation_data,256,11,0.621,NA
258,21,scrabble-score,ifs,FALSE,20,elitize_generation_data,257,6,0.599,NA
259,21,scrabble-score,ifs,FALSE,20,elitize_generation_data,258,6,0.592,NA
260,21,scrabble-score,ifs,FALSE,20,elitize_generation_data,259,4,0.597,NA
261,21,scrabble-score,ifs,FALSE,20,elitize_generation_data,260,9,0.621,NA
262,21,scrabble-score,ifs,FALSE,20,elitize_generation_data,261,6,0.638,NA
263,21,scrabble-score,ifs,FALSE,20,elitize_generation_data,262,9,0.647,NA
264,21,scrabble-score,ifs,FALSE,20,elitize_generation_data,263,6,0.682,NA
265,21,scrabble-score,ifs,FALSE,20,elitize_generation_data,264,7,0.697,NA
266,21,scrabble-score,ifs,FALSE,20,elitize_generation_data,265,5,0.721,NA
267,21,scrabble-score,ifs,FALSE,20,elitize_generation_data,266,6,0.713,NA
268,21,scrabble-score,ifs,FALSE,20,elitize_generation_data,267,5,0.666,NA
269,21,scrabble-score,ifs,FALSE,20,elitize_generation_data,268,8,0.661,NA
270,21,scrabble-score,ifs,FALSE,20,elitize_generation_data,269,6,0.698,NA
271,21,scrabble-score,ifs,FALSE,20,elitize_generation_data,270,5,0.681,NA
272,21,scrabble-score,ifs,FALSE,20,elitize_generation_data,271,6,0.678,NA
273,21,scrabble-score,ifs,FALSE,20,elitize_generation_data,272,7,0.691,NA
274,21,scrabble-score,ifs,FALSE,20,elitize_generation_data,273,6,0.692,NA
275,21,scrabble-score,ifs,FALSE,20,elitize_generation_data,274,8,0.722,NA
276,21,scrabble-score,ifs,FALSE,20,elitize_generation_data,275,7,0.758,NA
277,21,scrabble-score,ifs,FALSE,20,elitize_generation_data,276,6,0.747,NA
278,21,scrabble-score,ifs,FALSE,20,elitize_generation_data,277,8,0.758,NA
279,21,scrabble-score,ifs,FALSE,20,elitize_generation_data,278,7,0.73,NA
280,21,scrabble-score,ifs,FALSE,20,elitize_generation_data,279,6,0.747,NA
281,21,scrabble-score,ifs,FALSE,20,elitize_generation_data,280,5,0.773,NA
282,21,scrabble-score,ifs,FALSE,20,elitize_generation_data,281,5,0.773,NA
283,21,scrabble-score,ifs,FALSE,20,elitize_generation_data,282,6,0.742,NA
284,21,scrabble-score,ifs,FALSE,20,elitize_generation_data,283,6,0.768,NA
285,21,scrabble-score,ifs,FALSE,20,elitize_generation_data,284,7,0.749,NA
286,21,scrabble-score,ifs,FALSE,20,elitize_generation_data,285,7,0.757,NA
287,21,scrabble-score,ifs,FALSE,20,elitize_generation_data,286,7,0.771,NA
288,21,scrabble-score,ifs,FALSE,20,elitize_generation_data,287,5,0.763,NA
289,21,scrabble-score,ifs,FALSE,20,elitize_generation_data,288,4,0.745,NA
290,21,scrabble-score,ifs,FALSE,20,elitize_generation_data,289,4,0.775,NA
291,21,scrabble-score,ifs,FALSE,20,elitize_generation_data,290,7,0.759,NA
292,21,scrabble-score,ifs,FALSE,20,elitize_generation_data,291,5,0.768,NA
293,21,scrabble-score,ifs,FALSE,20,elitize_generation_data,292,5,0.764,NA
294,21,scrabble-score,ifs,FALSE,20,elitize_generation_data,293,5,0.769,NA
295,21,scrabble-score,ifs,FALSE,20,elitize_generation_data,294,5,0.79,NA
296,21,scrabble-score,ifs,FALSE,20,elitize_generation_data,295,5,0.762,NA
297,21,scrabble-score,ifs,FALSE,20,elitize_generation_data,296,6,0.777,NA
298,21,scrabble-score,ifs,FALSE,20,elitize_generation_data,297,7,0.768,NA
299,21,scrabble-score,ifs,FALSE,20,elitize_generation_data,298,5,0.769,NA
300,21,scrabble-score,ifs,FALSE,20,elitize_generation_data,299,6,0.781,NA
301,21,scrabble-score,ifs,FALSE,20,elitize_generation_data,300,5,0.757,NA
