,run.num,problem,treatment,succeeded,height,normalization.function,generation,cluster.count,error.diversity,success.generation
1,4,scrabble-score,ifs,FALSE,20,elitize_generation_data,0,5,0.109,NA
2,4,scrabble-score,ifs,FALSE,20,elitize_generation_data,1,7,0.107,NA
3,4,scrabble-score,ifs,FALSE,20,elitize_generation_data,2,1,0.122,NA
4,4,scrabble-score,ifs,FALSE,20,elitize_generation_data,3,3,0.099,NA
5,4,scrabble-score,ifs,FALSE,20,elitize_generation_data,4,7,0.071,NA
6,4,scrabble-score,ifs,FALSE,20,elitize_generation_data,5,7,0.072,NA
7,4,scrabble-score,ifs,FALSE,20,elitize_generation_data,6,7,0.106,NA
8,4,scrabble-score,ifs,FALSE,20,elitize_generation_data,7,9,0.146,NA
9,4,scrabble-score,ifs,FALSE,20,elitize_generation_data,8,7,0.187,NA
10,4,scrabble-score,ifs,FALSE,20,elitize_generation_data,9,4,0.2,NA
11,4,scrabble-score,ifs,FALSE,20,elitize_generation_data,10,5,0.209,NA
12,4,scrabble-score,ifs,FALSE,20,elitize_generation_data,11,6,0.256,NA
13,4,scrabble-score,ifs,FALSE,20,elitize_generation_data,12,8,0.283,NA
14,4,scrabble-score,ifs,FALSE,20,elitize_generation_data,13,6,0.279,NA
15,4,scrabble-score,ifs,FALSE,20,elitize_generation_data,14,7,0.275,NA
16,4,scrabble-score,ifs,FALSE,20,elitize_generation_data,15,11,0.276,NA
17,4,scrabble-score,ifs,FALSE,20,elitize_generation_data,16,7,0.285,NA
18,4,scrabble-score,ifs,FALSE,20,elitize_generation_data,17,8,0.293,NA
19,4,scrabble-score,ifs,FALSE,20,elitize_generation_data,18,7,0.312,NA
20,4,scrabble-score,ifs,FALSE,20,elitize_generation_data,19,6,0.311,NA
21,4,scrabble-score,ifs,FALSE,20,elitize_generation_data,20,5,0.316,NA
22,4,scrabble-score,ifs,FALSE,20,elitize_generation_data,21,5,0.302,NA
23,4,scrabble-score,ifs,FALSE,20,elitize_generation_data,22,8,0.288,NA
24,4,scrabble-score,ifs,FALSE,20,elitize_generation_data,23,5,0.317,NA
25,4,scrabble-score,ifs,FALSE,20,elitize_generation_data,24,11,0.312,NA
26,4,scrabble-score,ifs,FALSE,20,elitize_generation_data,25,9,0.319,NA
27,4,scrabble-score,ifs,FALSE,20,elitize_generation_data,26,9,0.31,NA
28,4,scrabble-score,ifs,FALSE,20,elitize_generation_data,27,4,0.335,NA
29,4,scrabble-score,ifs,FALSE,20,elitize_generation_data,28,7,0.313,NA
30,4,scrabble-score,ifs,FALSE,20,elitize_generation_data,29,6,0.304,NA
31,4,scrabble-score,ifs,FALSE,20,elitize_generation_data,30,7,0.34,NA
32,4,scrabble-score,ifs,FALSE,20,elitize_generation_data,31,7,0.351,NA
33,4,scrabble-score,ifs,FALSE,20,elitize_generation_data,32,8,0.36,NA
34,4,scrabble-score,ifs,FALSE,20,elitize_generation_data,33,7,0.356,NA
35,4,scrabble-score,ifs,FALSE,20,elitize_generation_data,34,6,0.342,NA
36,4,scrabble-score,ifs,FALSE,20,elitize_generation_data,35,6,0.363,NA
37,4,scrabble-score,ifs,FALSE,20,elitize_generation_data,36,5,0.378,NA
38,4,scrabble-score,ifs,FALSE,20,elitize_generation_data,37,8,0.39,NA
39,4,scrabble-score,ifs,FALSE,20,elitize_generation_data,38,8,0.393,NA
40,4,scrabble-score,ifs,FALSE,20,elitize_generation_data,39,6,0.402,NA
41,4,scrabble-score,ifs,FALSE,20,elitize_generation_data,40,7,0.394,NA
42,4,scrabble-score,ifs,FALSE,20,elitize_generation_data,41,8,0.383,NA
43,4,scrabble-score,ifs,FALSE,20,elitize_generation_data,42,8,0.41,NA
44,4,scrabble-score,ifs,FALSE,20,elitize_generation_data,43,10,0.4,NA
45,4,scrabble-score,ifs,FALSE,20,elitize_generation_data,44,7,0.391,NA
46,4,scrabble-score,ifs,FALSE,20,elitize_generation_data,45,5,0.41,NA
47,4,scrabble-score,ifs,FALSE,20,elitize_generation_data,46,6,0.394,NA
48,4,scrabble-score,ifs,FALSE,20,elitize_generation_data,47,8,0.393,NA
49,4,scrabble-score,ifs,FALSE,20,elitize_generation_data,48,6,0.404,NA
50,4,scrabble-score,ifs,FALSE,20,elitize_generation_data,49,7,0.389,NA
51,4,scrabble-score,ifs,FALSE,20,elitize_generation_data,50,7,0.476,NA
52,4,scrabble-score,ifs,FALSE,20,elitize_generation_data,51,5,0.435,NA
53,4,scrabble-score,ifs,FALSE,20,elitize_generation_data,52,8,0.476,NA
54,4,scrabble-score,ifs,FALSE,20,elitize_generation_data,53,9,0.455,NA
55,4,scrabble-score,ifs,FALSE,20,elitize_generation_data,54,10,0.439,NA
56,4,scrabble-score,ifs,FALSE,20,elitize_generation_data,55,7,0.426,NA
57,4,scrabble-score,ifs,FALSE,20,elitize_generation_data,56,6,0.463,NA
58,4,scrabble-score,ifs,FALSE,20,elitize_generation_data,57,7,0.433,NA
59,4,scrabble-score,ifs,FALSE,20,elitize_generation_data,58,6,0.473,NA
60,4,scrabble-score,ifs,FALSE,20,elitize_generation_data,59,6,0.489,NA
61,4,scrabble-score,ifs,FALSE,20,elitize_generation_data,60,7,0.501,NA
62,4,scrabble-score,ifs,FALSE,20,elitize_generation_data,61,8,0.503,NA
63,4,scrabble-score,ifs,FALSE,20,elitize_generation_data,62,7,0.517,NA
64,4,scrabble-score,ifs,FALSE,20,elitize_generation_data,63,9,0.521,NA
65,4,scrabble-score,ifs,FALSE,20,elitize_generation_data,64,8,0.539,NA
66,4,scrabble-score,ifs,FALSE,20,elitize_generation_data,65,6,0.526,NA
67,4,scrabble-score,ifs,FALSE,20,elitize_generation_data,66,8,0.494,NA
68,4,scrabble-score,ifs,FALSE,20,elitize_generation_data,67,7,0.489,NA
69,4,scrabble-score,ifs,FALSE,20,elitize_generation_data,68,6,0.479,NA
70,4,scrabble-score,ifs,FALSE,20,elitize_generation_data,69,4,0.457,NA
71,4,scrabble-score,ifs,FALSE,20,elitize_generation_data,70,8,0.465,NA
72,4,scrabble-score,ifs,FALSE,20,elitize_generation_data,71,6,0.443,NA
73,4,scrabble-score,ifs,FALSE,20,elitize_generation_data,72,9,0.443,NA
74,4,scrabble-score,ifs,FALSE,20,elitize_generation_data,73,7,0.469,NA
75,4,scrabble-score,ifs,FALSE,20,elitize_generation_data,74,6,0.478,NA
76,4,scrabble-score,ifs,FALSE,20,elitize_generation_data,75,7,0.481,NA
77,4,scrabble-score,ifs,FALSE,20,elitize_generation_data,76,7,0.507,NA
78,4,scrabble-score,ifs,FALSE,20,elitize_generation_data,77,7,0.494,NA
79,4,scrabble-score,ifs,FALSE,20,elitize_generation_data,78,8,0.521,NA
80,4,scrabble-score,ifs,FALSE,20,elitize_generation_data,79,8,0.514,NA
81,4,scrabble-score,ifs,FALSE,20,elitize_generation_data,80,7,0.542,NA
82,4,scrabble-score,ifs,FALSE,20,elitize_generation_data,81,5,0.522,NA
83,4,scrabble-score,ifs,FALSE,20,elitize_generation_data,82,5,0.481,NA
84,4,scrabble-score,ifs,FALSE,20,elitize_generation_data,83,8,0.461,NA
85,4,scrabble-score,ifs,FALSE,20,elitize_generation_data,84,8,0.474,NA
86,4,scrabble-score,ifs,FALSE,20,elitize_generation_data,85,7,0.49,NA
87,4,scrabble-score,ifs,FALSE,20,elitize_generation_data,86,5,0.495,NA
88,4,scrabble-score,ifs,FALSE,20,elitize_generation_data,87,5,0.481,NA
89,4,scrabble-score,ifs,FALSE,20,elitize_generation_data,88,6,0.483,NA
90,4,scrabble-score,ifs,FALSE,20,elitize_generation_data,89,7,0.508,NA
91,4,scrabble-score,ifs,FALSE,20,elitize_generation_data,90,6,0.489,NA
92,4,scrabble-score,ifs,FALSE,20,elitize_generation_data,91,8,0.488,NA
93,4,scrabble-score,ifs,FALSE,20,elitize_generation_data,92,10,0.506,NA
94,4,scrabble-score,ifs,FALSE,20,elitize_generation_data,93,6,0.489,NA
95,4,scrabble-score,ifs,FALSE,20,elitize_generation_data,94,6,0.533,NA
96,4,scrabble-score,ifs,FALSE,20,elitize_generation_data,95,5,0.531,NA
97,4,scrabble-score,ifs,FALSE,20,elitize_generation_data,96,4,0.537,NA
98,4,scrabble-score,ifs,FALSE,20,elitize_generation_data,97,5,0.587,NA
99,4,scrabble-score,ifs,FALSE,20,elitize_generation_data,98,10,0.576,NA
100,4,scrabble-score,ifs,FALSE,20,elitize_generation_data,99,6,0.591,NA
101,4,scrabble-score,ifs,FALSE,20,elitize_generation_data,100,5,0.546,NA
102,4,scrabble-score,ifs,FALSE,20,elitize_generation_data,101,7,0.564,NA
103,4,scrabble-score,ifs,FALSE,20,elitize_generation_data,102,6,0.574,NA
104,4,scrabble-score,ifs,FALSE,20,elitize_generation_data,103,6,0.563,NA
105,4,scrabble-score,ifs,FALSE,20,elitize_generation_data,104,4,0.579,NA
106,4,scrabble-score,ifs,FALSE,20,elitize_generation_data,105,8,0.561,NA
107,4,scrabble-score,ifs,FALSE,20,elitize_generation_data,106,6,0.562,NA
108,4,scrabble-score,ifs,FALSE,20,elitize_generation_data,107,7,0.605,NA
109,4,scrabble-score,ifs,FALSE,20,elitize_generation_data,108,8,0.582,NA
110,4,scrabble-score,ifs,FALSE,20,elitize_generation_data,109,6,0.584,NA
111,4,scrabble-score,ifs,FALSE,20,elitize_generation_data,110,6,0.617,NA
112,4,scrabble-score,ifs,FALSE,20,elitize_generation_data,111,4,0.624,NA
113,4,scrabble-score,ifs,FALSE,20,elitize_generation_data,112,4,0.618,NA
114,4,scrabble-score,ifs,FALSE,20,elitize_generation_data,113,6,0.589,NA
115,4,scrabble-score,ifs,FALSE,20,elitize_generation_data,114,3,0.622,NA
116,4,scrabble-score,ifs,FALSE,20,elitize_generation_data,115,4,0.579,NA
117,4,scrabble-score,ifs,FALSE,20,elitize_generation_data,116,5,0.607,NA
118,4,scrabble-score,ifs,FALSE,20,elitize_generation_data,117,7,0.598,NA
119,4,scrabble-score,ifs,FALSE,20,elitize_generation_data,118,6,0.593,NA
120,4,scrabble-score,ifs,FALSE,20,elitize_generation_data,119,9,0.588,NA
121,4,scrabble-score,ifs,FALSE,20,elitize_generation_data,120,7,0.569,NA
122,4,scrabble-score,ifs,FALSE,20,elitize_generation_data,121,5,0.571,NA
123,4,scrabble-score,ifs,FALSE,20,elitize_generation_data,122,8,0.547,NA
124,4,scrabble-score,ifs,FALSE,20,elitize_generation_data,123,7,0.574,NA
125,4,scrabble-score,ifs,FALSE,20,elitize_generation_data,124,6,0.59,NA
126,4,scrabble-score,ifs,FALSE,20,elitize_generation_data,125,4,0.599,NA
127,4,scrabble-score,ifs,FALSE,20,elitize_generation_data,126,7,0.566,NA
128,4,scrabble-score,ifs,FALSE,20,elitize_generation_data,127,6,0.591,NA
129,4,scrabble-score,ifs,FALSE,20,elitize_generation_data,128,6,0.585,NA
130,4,scrabble-score,ifs,FALSE,20,elitize_generation_data,129,7,0.593,NA
131,4,scrabble-score,ifs,FALSE,20,elitize_generation_data,130,6,0.616,NA
132,4,scrabble-score,ifs,FALSE,20,elitize_generation_data,131,3,0.589,NA
133,4,scrabble-score,ifs,FALSE,20,elitize_generation_data,132,6,0.6,NA
134,4,scrabble-score,ifs,FALSE,20,elitize_generation_data,133,6,0.576,NA
135,4,scrabble-score,ifs,FALSE,20,elitize_generation_data,134,5,0.573,NA
136,4,scrabble-score,ifs,FALSE,20,elitize_generation_data,135,6,0.547,NA
137,4,scrabble-score,ifs,FALSE,20,elitize_generation_data,136,6,0.549,NA
138,4,scrabble-score,ifs,FALSE,20,elitize_generation_data,137,6,0.522,NA
139,4,scrabble-score,ifs,FALSE,20,elitize_generation_data,138,6,0.511,NA
140,4,scrabble-score,ifs,FALSE,20,elitize_generation_data,139,5,0.489,NA
141,4,scrabble-score,ifs,FALSE,20,elitize_generation_data,140,4,0.555,NA
142,4,scrabble-score,ifs,FALSE,20,elitize_generation_data,141,7,0.563,NA
143,4,scrabble-score,ifs,FALSE,20,elitize_generation_data,142,5,0.554,NA
144,4,scrabble-score,ifs,FALSE,20,elitize_generation_data,143,6,0.561,NA
145,4,scrabble-score,ifs,FALSE,20,elitize_generation_data,144,6,0.55,NA
146,4,scrabble-score,ifs,FALSE,20,elitize_generation_data,145,6,0.535,NA
147,4,scrabble-score,ifs,FALSE,20,elitize_generation_data,146,7,0.53,NA
148,4,scrabble-score,ifs,FALSE,20,elitize_generation_data,147,7,0.545,NA
149,4,scrabble-score,ifs,FALSE,20,elitize_generation_data,148,8,0.556,NA
150,4,scrabble-score,ifs,FALSE,20,elitize_generation_data,149,7,0.529,NA
151,4,scrabble-score,ifs,FALSE,20,elitize_generation_data,150,6,0.572,NA
152,4,scrabble-score,ifs,FALSE,20,elitize_generation_data,151,5,0.565,NA
153,4,scrabble-score,ifs,FALSE,20,elitize_generation_data,152,7,0.59,NA
154,4,scrabble-score,ifs,FALSE,20,elitize_generation_data,153,7,0.576,NA
155,4,scrabble-score,ifs,FALSE,20,elitize_generation_data,154,7,0.568,NA
156,4,scrabble-score,ifs,FALSE,20,elitize_generation_data,155,8,0.565,NA
157,4,scrabble-score,ifs,FALSE,20,elitize_generation_data,156,7,0.567,NA
158,4,scrabble-score,ifs,FALSE,20,elitize_generation_data,157,5,0.559,NA
159,4,scrabble-score,ifs,FALSE,20,elitize_generation_data,158,10,0.538,NA
160,4,scrabble-score,ifs,FALSE,20,elitize_generation_data,159,6,0.581,NA
161,4,scrabble-score,ifs,FALSE,20,elitize_generation_data,160,6,0.541,NA
162,4,scrabble-score,ifs,FALSE,20,elitize_generation_data,161,5,0.563,NA
163,4,scrabble-score,ifs,FALSE,20,elitize_generation_data,162,4,0.586,NA
164,4,scrabble-score,ifs,FALSE,20,elitize_generation_data,163,5,0.575,NA
165,4,scrabble-score,ifs,FALSE,20,elitize_generation_data,164,5,0.565,NA
166,4,scrabble-score,ifs,FALSE,20,elitize_generation_data,165,6,0.574,NA
167,4,scrabble-score,ifs,FALSE,20,elitize_generation_data,166,6,0.564,NA
168,4,scrabble-score,ifs,FALSE,20,elitize_generation_data,167,8,0.555,NA
169,4,scrabble-score,ifs,FALSE,20,elitize_generation_data,168,8,0.525,NA
170,4,scrabble-score,ifs,FALSE,20,elitize_generation_data,169,5,0.567,NA
171,4,scrabble-score,ifs,FALSE,20,elitize_generation_data,170,4,0.565,NA
172,4,scrabble-score,ifs,FALSE,20,elitize_generation_data,171,5,0.603,NA
173,4,scrabble-score,ifs,FALSE,20,elitize_generation_data,172,6,0.589,NA
174,4,scrabble-score,ifs,FALSE,20,elitize_generation_data,173,5,0.563,NA
175,4,scrabble-score,ifs,FALSE,20,elitize_generation_data,174,5,0.579,NA
176,4,scrabble-score,ifs,FALSE,20,elitize_generation_data,175,7,0.626,NA
177,4,scrabble-score,ifs,FALSE,20,elitize_generation_data,176,6,0.595,NA
178,4,scrabble-score,ifs,FALSE,20,elitize_generation_data,177,6,0.619,NA
179,4,scrabble-score,ifs,FALSE,20,elitize_generation_data,178,8,0.604,NA
180,4,scrabble-score,ifs,FALSE,20,elitize_generation_data,179,5,0.57,NA
181,4,scrabble-score,ifs,FALSE,20,elitize_generation_data,180,6,0.559,NA
182,4,scrabble-score,ifs,FALSE,20,elitize_generation_data,181,5,0.571,NA
183,4,scrabble-score,ifs,FALSE,20,elitize_generation_data,182,6,0.603,NA
184,4,scrabble-score,ifs,FALSE,20,elitize_generation_data,183,6,0.613,NA
185,4,scrabble-score,ifs,FALSE,20,elitize_generation_data,184,8,0.569,NA
186,4,scrabble-score,ifs,FALSE,20,elitize_generation_data,185,7,0.565,NA
187,4,scrabble-score,ifs,FALSE,20,elitize_generation_data,186,6,0.573,NA
188,4,scrabble-score,ifs,FALSE,20,elitize_generation_data,187,6,0.579,NA
189,4,scrabble-score,ifs,FALSE,20,elitize_generation_data,188,7,0.594,NA
190,4,scrabble-score,ifs,FALSE,20,elitize_generation_data,189,4,0.575,NA
191,4,scrabble-score,ifs,FALSE,20,elitize_generation_data,190,6,0.599,NA
192,4,scrabble-score,ifs,FALSE,20,elitize_generation_data,191,7,0.563,NA
193,4,scrabble-score,ifs,FALSE,20,elitize_generation_data,192,5,0.598,NA
194,4,scrabble-score,ifs,FALSE,20,elitize_generation_data,193,4,0.598,NA
195,4,scrabble-score,ifs,FALSE,20,elitize_generation_data,194,4,0.566,NA
196,4,scrabble-score,ifs,FALSE,20,elitize_generation_data,195,4,0.596,NA
197,4,scrabble-score,ifs,FALSE,20,elitize_generation_data,196,4,0.578,NA
198,4,scrabble-score,ifs,FALSE,20,elitize_generation_data,197,4,0.578,NA
199,4,scrabble-score,ifs,FALSE,20,elitize_generation_data,198,5,0.572,NA
200,4,scrabble-score,ifs,FALSE,20,elitize_generation_data,199,5,0.597,NA
201,4,scrabble-score,ifs,FALSE,20,elitize_generation_data,200,4,0.588,NA
202,4,scrabble-score,ifs,FALSE,20,elitize_generation_data,201,3,0.574,NA
203,4,scrabble-score,ifs,FALSE,20,elitize_generation_data,202,4,0.599,NA
204,4,scrabble-score,ifs,FALSE,20,elitize_generation_data,203,4,0.578,NA
205,4,scrabble-score,ifs,FALSE,20,elitize_generation_data,204,4,0.582,NA
206,4,scrabble-score,ifs,FALSE,20,elitize_generation_data,205,5,0.576,NA
207,4,scrabble-score,ifs,FALSE,20,elitize_generation_data,206,4,0.582,NA
208,4,scrabble-score,ifs,FALSE,20,elitize_generation_data,207,4,0.57,NA
209,4,scrabble-score,ifs,FALSE,20,elitize_generation_data,208,5,0.589,NA
210,4,scrabble-score,ifs,FALSE,20,elitize_generation_data,209,4,0.583,NA
211,4,scrabble-score,ifs,FALSE,20,elitize_generation_data,210,4,0.597,NA
212,4,scrabble-score,ifs,FALSE,20,elitize_generation_data,211,3,0.577,NA
213,4,scrabble-score,ifs,FALSE,20,elitize_generation_data,212,5,0.56,NA
214,4,scrabble-score,ifs,FALSE,20,elitize_generation_data,213,3,0.585,NA
215,4,scrabble-score,ifs,FALSE,20,elitize_generation_data,214,3,0.622,NA
216,4,scrabble-score,ifs,FALSE,20,elitize_generation_data,215,6,0.58,NA
217,4,scrabble-score,ifs,FALSE,20,elitize_generation_data,216,4,0.597,NA
218,4,scrabble-score,ifs,FALSE,20,elitize_generation_data,217,5,0.584,NA
219,4,scrabble-score,ifs,FALSE,20,elitize_generation_data,218,4,0.576,NA
220,4,scrabble-score,ifs,FALSE,20,elitize_generation_data,219,4,0.612,NA
221,4,scrabble-score,ifs,FALSE,20,elitize_generation_data,220,3,0.606,NA
222,4,scrabble-score,ifs,FALSE,20,elitize_generation_data,221,6,0.59,NA
223,4,scrabble-score,ifs,FALSE,20,elitize_generation_data,222,6,0.56,NA
224,4,scrabble-score,ifs,FALSE,20,elitize_generation_data,223,4,0.58,NA
225,4,scrabble-score,ifs,FALSE,20,elitize_generation_data,224,7,0.552,NA
226,4,scrabble-score,ifs,FALSE,20,elitize_generation_data,225,3,0.539,NA
227,4,scrabble-score,ifs,FALSE,20,elitize_generation_data,226,4,0.588,NA
228,4,scrabble-score,ifs,FALSE,20,elitize_generation_data,227,4,0.578,NA
229,4,scrabble-score,ifs,FALSE,20,elitize_generation_data,228,4,0.577,NA
230,4,scrabble-score,ifs,FALSE,20,elitize_generation_data,229,4,0.589,NA
231,4,scrabble-score,ifs,FALSE,20,elitize_generation_data,230,5,0.577,NA
232,4,scrabble-score,ifs,FALSE,20,elitize_generation_data,231,7,0.571,NA
233,4,scrabble-score,ifs,FALSE,20,elitize_generation_data,232,5,0.582,NA
234,4,scrabble-score,ifs,FALSE,20,elitize_generation_data,233,3,0.573,NA
235,4,scrabble-score,ifs,FALSE,20,elitize_generation_data,234,3,0.595,NA
236,4,scrabble-score,ifs,FALSE,20,elitize_generation_data,235,3,0.583,NA
237,4,scrabble-score,ifs,FALSE,20,elitize_generation_data,236,4,0.588,NA
238,4,scrabble-score,ifs,FALSE,20,elitize_generation_data,237,4,0.58,NA
239,4,scrabble-score,ifs,FALSE,20,elitize_generation_data,238,3,0.573,NA
240,4,scrabble-score,ifs,FALSE,20,elitize_generation_data,239,4,0.571,NA
241,4,scrabble-score,ifs,FALSE,20,elitize_generation_data,240,5,0.591,NA
242,4,scrabble-score,ifs,FALSE,20,elitize_generation_data,241,5,0.552,NA
243,4,scrabble-score,ifs,FALSE,20,elitize_generation_data,242,3,0.609,NA
244,4,scrabble-score,ifs,FALSE,20,elitize_generation_data,243,4,0.578,NA
245,4,scrabble-score,ifs,FALSE,20,elitize_generation_data,244,6,0.607,NA
246,4,scrabble-score,ifs,FALSE,20,elitize_generation_data,245,7,0.594,NA
247,4,scrabble-score,ifs,FALSE,20,elitize_generation_data,246,4,0.577,NA
248,4,scrabble-score,ifs,FALSE,20,elitize_generation_data,247,7,0.56,NA
249,4,scrabble-score,ifs,FALSE,20,elitize_generation_data,248,4,0.572,NA
250,4,scrabble-score,ifs,FALSE,20,elitize_generation_data,249,4,0.59,NA
251,4,scrabble-score,ifs,FALSE,20,elitize_generation_data,250,6,0.557,NA
252,4,scrabble-score,ifs,FALSE,20,elitize_generation_data,251,7,0.573,NA
253,4,scrabble-score,ifs,FALSE,20,elitize_generation_data,252,6,0.587,NA
254,4,scrabble-score,ifs,FALSE,20,elitize_generation_data,253,4,0.608,NA
255,4,scrabble-score,ifs,FALSE,20,elitize_generation_data,254,6,0.609,NA
256,4,scrabble-score,ifs,FALSE,20,elitize_generation_data,255,6,0.614,NA
257,4,scrabble-score,ifs,FALSE,20,elitize_generation_data,256,6,0.6,NA
258,4,scrabble-score,ifs,FALSE,20,elitize_generation_data,257,5,0.572,NA
259,4,scrabble-score,ifs,FALSE,20,elitize_generation_data,258,7,0.609,NA
260,4,scrabble-score,ifs,FALSE,20,elitize_generation_data,259,10,0.631,NA
261,4,scrabble-score,ifs,FALSE,20,elitize_generation_data,260,12,0.616,NA
262,4,scrabble-score,ifs,FALSE,20,elitize_generation_data,261,7,0.608,NA
263,4,scrabble-score,ifs,FALSE,20,elitize_generation_data,262,6,0.611,NA
264,4,scrabble-score,ifs,FALSE,20,elitize_generation_data,263,9,0.645,NA
265,4,scrabble-score,ifs,FALSE,20,elitize_generation_data,264,6,0.589,NA
266,4,scrabble-score,ifs,FALSE,20,elitize_generation_data,265,8,0.588,NA
267,4,scrabble-score,ifs,FALSE,20,elitize_generation_data,266,8,0.586,NA
268,4,scrabble-score,ifs,FALSE,20,elitize_generation_data,267,8,0.62,NA
269,4,scrabble-score,ifs,FALSE,20,elitize_generation_data,268,8,0.582,NA
270,4,scrabble-score,ifs,FALSE,20,elitize_generation_data,269,8,0.597,NA
271,4,scrabble-score,ifs,FALSE,20,elitize_generation_data,270,8,0.609,NA
272,4,scrabble-score,ifs,FALSE,20,elitize_generation_data,271,7,0.607,NA
273,4,scrabble-score,ifs,FALSE,20,elitize_generation_data,272,8,0.567,NA
274,4,scrabble-score,ifs,FALSE,20,elitize_generation_data,273,5,0.592,NA
275,4,scrabble-score,ifs,FALSE,20,elitize_generation_data,274,10,0.652,NA
276,4,scrabble-score,ifs,FALSE,20,elitize_generation_data,275,7,0.645,NA
277,4,scrabble-score,ifs,FALSE,20,elitize_generation_data,276,6,0.641,NA
278,4,scrabble-score,ifs,FALSE,20,elitize_generation_data,277,9,0.631,NA
279,4,scrabble-score,ifs,FALSE,20,elitize_generation_data,278,6,0.642,NA
280,4,scrabble-score,ifs,FALSE,20,elitize_generation_data,279,8,0.623,NA
281,4,scrabble-score,ifs,FALSE,20,elitize_generation_data,280,9,0.632,NA
282,4,scrabble-score,ifs,FALSE,20,elitize_generation_data,281,7,0.614,NA
283,4,scrabble-score,ifs,FALSE,20,elitize_generation_data,282,6,0.624,NA
284,4,scrabble-score,ifs,FALSE,20,elitize_generation_data,283,6,0.612,NA
285,4,scrabble-score,ifs,FALSE,20,elitize_generation_data,284,10,0.612,NA
286,4,scrabble-score,ifs,FALSE,20,elitize_generation_data,285,6,0.61,NA
287,4,scrabble-score,ifs,FALSE,20,elitize_generation_data,286,9,0.618,NA
288,4,scrabble-score,ifs,FALSE,20,elitize_generation_data,287,7,0.638,NA
289,4,scrabble-score,ifs,FALSE,20,elitize_generation_data,288,7,0.629,NA
290,4,scrabble-score,ifs,FALSE,20,elitize_generation_data,289,8,0.617,NA
291,4,scrabble-score,ifs,FALSE,20,elitize_generation_data,290,8,0.622,NA
292,4,scrabble-score,ifs,FALSE,20,elitize_generation_data,291,8,0.633,NA
293,4,scrabble-score,ifs,FALSE,20,elitize_generation_data,292,7,0.622,NA
294,4,scrabble-score,ifs,FALSE,20,elitize_generation_data,293,11,0.622,NA
295,4,scrabble-score,ifs,FALSE,20,elitize_generation_data,294,9,0.631,NA
296,4,scrabble-score,ifs,FALSE,20,elitize_generation_data,295,9,0.617,NA
297,4,scrabble-score,ifs,FALSE,20,elitize_generation_data,296,7,0.6,NA
298,4,scrabble-score,ifs,FALSE,20,elitize_generation_data,297,10,0.642,NA
299,4,scrabble-score,ifs,FALSE,20,elitize_generation_data,298,11,0.631,NA
300,4,scrabble-score,ifs,FALSE,20,elitize_generation_data,299,12,0.636,NA
301,4,scrabble-score,ifs,FALSE,20,elitize_generation_data,300,8,0.615,NA
