,run.num,problem,treatment,succeeded,height,normalization.function,generation,cluster.count,error.diversity,success.generation
1,65,scrabble-score,ifs,FALSE,20,elitize_generation_data,0,4,0.111,NA
2,65,scrabble-score,ifs,FALSE,20,elitize_generation_data,1,2,0.116,NA
3,65,scrabble-score,ifs,FALSE,20,elitize_generation_data,2,4,0.128,NA
4,65,scrabble-score,ifs,FALSE,20,elitize_generation_data,3,7,0.104,NA
5,65,scrabble-score,ifs,FALSE,20,elitize_generation_data,4,7,0.067,NA
6,65,scrabble-score,ifs,FALSE,20,elitize_generation_data,5,6,0.089,NA
7,65,scrabble-score,ifs,FALSE,20,elitize_generation_data,6,5,0.148,NA
8,65,scrabble-score,ifs,FALSE,20,elitize_generation_data,7,5,0.222,NA
9,65,scrabble-score,ifs,FALSE,20,elitize_generation_data,8,3,0.281,NA
10,65,scrabble-score,ifs,FALSE,20,elitize_generation_data,9,4,0.211,NA
11,65,scrabble-score,ifs,FALSE,20,elitize_generation_data,10,6,0.092,NA
12,65,scrabble-score,ifs,FALSE,20,elitize_generation_data,11,10,0.086,NA
13,65,scrabble-score,ifs,FALSE,20,elitize_generation_data,12,11,0.112,NA
14,65,scrabble-score,ifs,FALSE,20,elitize_generation_data,13,7,0.16,NA
15,65,scrabble-score,ifs,FALSE,20,elitize_generation_data,14,9,0.235,NA
16,65,scrabble-score,ifs,FALSE,20,elitize_generation_data,15,9,0.329,NA
17,65,scrabble-score,ifs,FALSE,20,elitize_generation_data,16,9,0.388,NA
18,65,scrabble-score,ifs,FALSE,20,elitize_generation_data,17,6,0.382,NA
19,65,scrabble-score,ifs,FALSE,20,elitize_generation_data,18,7,0.378,NA
20,65,scrabble-score,ifs,FALSE,20,elitize_generation_data,19,6,0.249,NA
21,65,scrabble-score,ifs,FALSE,20,elitize_generation_data,20,6,0.229,NA
22,65,scrabble-score,ifs,FALSE,20,elitize_generation_data,21,7,0.223,NA
23,65,scrabble-score,ifs,FALSE,20,elitize_generation_data,22,5,0.224,NA
24,65,scrabble-score,ifs,FALSE,20,elitize_generation_data,23,7,0.225,NA
25,65,scrabble-score,ifs,FALSE,20,elitize_generation_data,24,6,0.262,NA
26,65,scrabble-score,ifs,FALSE,20,elitize_generation_data,25,7,0.259,NA
27,65,scrabble-score,ifs,FALSE,20,elitize_generation_data,26,7,0.262,NA
28,65,scrabble-score,ifs,FALSE,20,elitize_generation_data,27,8,0.286,NA
29,65,scrabble-score,ifs,FALSE,20,elitize_generation_data,28,12,0.276,NA
30,65,scrabble-score,ifs,FALSE,20,elitize_generation_data,29,6,0.269,NA
31,65,scrabble-score,ifs,FALSE,20,elitize_generation_data,30,10,0.271,NA
32,65,scrabble-score,ifs,FALSE,20,elitize_generation_data,31,10,0.306,NA
33,65,scrabble-score,ifs,FALSE,20,elitize_generation_data,32,8,0.317,NA
34,65,scrabble-score,ifs,FALSE,20,elitize_generation_data,33,9,0.303,NA
35,65,scrabble-score,ifs,FALSE,20,elitize_generation_data,34,8,0.278,NA
36,65,scrabble-score,ifs,FALSE,20,elitize_generation_data,35,6,0.279,NA
37,65,scrabble-score,ifs,FALSE,20,elitize_generation_data,36,7,0.29,NA
38,65,scrabble-score,ifs,FALSE,20,elitize_generation_data,37,8,0.308,NA
39,65,scrabble-score,ifs,FALSE,20,elitize_generation_data,38,8,0.276,NA
40,65,scrabble-score,ifs,FALSE,20,elitize_generation_data,39,8,0.27,NA
41,65,scrabble-score,ifs,FALSE,20,elitize_generation_data,40,9,0.254,NA
42,65,scrabble-score,ifs,FALSE,20,elitize_generation_data,41,8,0.259,NA
43,65,scrabble-score,ifs,FALSE,20,elitize_generation_data,42,8,0.259,NA
44,65,scrabble-score,ifs,FALSE,20,elitize_generation_data,43,7,0.265,NA
45,65,scrabble-score,ifs,FALSE,20,elitize_generation_data,44,6,0.261,NA
46,65,scrabble-score,ifs,FALSE,20,elitize_generation_data,45,7,0.26,NA
47,65,scrabble-score,ifs,FALSE,20,elitize_generation_data,46,8,0.292,NA
48,65,scrabble-score,ifs,FALSE,20,elitize_generation_data,47,12,0.243,NA
49,65,scrabble-score,ifs,FALSE,20,elitize_generation_data,48,8,0.237,NA
50,65,scrabble-score,ifs,FALSE,20,elitize_generation_data,49,8,0.229,NA
51,65,scrabble-score,ifs,FALSE,20,elitize_generation_data,50,9,0.235,NA
52,65,scrabble-score,ifs,FALSE,20,elitize_generation_data,51,9,0.238,NA
53,65,scrabble-score,ifs,FALSE,20,elitize_generation_data,52,4,0.242,NA
54,65,scrabble-score,ifs,FALSE,20,elitize_generation_data,53,8,0.249,NA
55,65,scrabble-score,ifs,FALSE,20,elitize_generation_data,54,9,0.244,NA
56,65,scrabble-score,ifs,FALSE,20,elitize_generation_data,55,9,0.267,NA
57,65,scrabble-score,ifs,FALSE,20,elitize_generation_data,56,9,0.241,NA
58,65,scrabble-score,ifs,FALSE,20,elitize_generation_data,57,6,0.246,NA
59,65,scrabble-score,ifs,FALSE,20,elitize_generation_data,58,7,0.276,NA
60,65,scrabble-score,ifs,FALSE,20,elitize_generation_data,59,4,0.279,NA
61,65,scrabble-score,ifs,FALSE,20,elitize_generation_data,60,7,0.259,NA
62,65,scrabble-score,ifs,FALSE,20,elitize_generation_data,61,5,0.301,NA
63,65,scrabble-score,ifs,FALSE,20,elitize_generation_data,62,9,0.352,NA
64,65,scrabble-score,ifs,FALSE,20,elitize_generation_data,63,7,0.345,NA
65,65,scrabble-score,ifs,FALSE,20,elitize_generation_data,64,6,0.326,NA
66,65,scrabble-score,ifs,FALSE,20,elitize_generation_data,65,10,0.331,NA
67,65,scrabble-score,ifs,FALSE,20,elitize_generation_data,66,9,0.39,NA
68,65,scrabble-score,ifs,FALSE,20,elitize_generation_data,67,10,0.424,NA
69,65,scrabble-score,ifs,FALSE,20,elitize_generation_data,68,12,0.413,NA
70,65,scrabble-score,ifs,FALSE,20,elitize_generation_data,69,8,0.436,NA
71,65,scrabble-score,ifs,FALSE,20,elitize_generation_data,70,10,0.469,NA
72,65,scrabble-score,ifs,FALSE,20,elitize_generation_data,71,12,0.498,NA
73,65,scrabble-score,ifs,FALSE,20,elitize_generation_data,72,7,0.471,NA
74,65,scrabble-score,ifs,FALSE,20,elitize_generation_data,73,9,0.475,NA
75,65,scrabble-score,ifs,FALSE,20,elitize_generation_data,74,9,0.456,NA
76,65,scrabble-score,ifs,FALSE,20,elitize_generation_data,75,10,0.457,NA
77,65,scrabble-score,ifs,FALSE,20,elitize_generation_data,76,8,0.435,NA
78,65,scrabble-score,ifs,FALSE,20,elitize_generation_data,77,7,0.47,NA
79,65,scrabble-score,ifs,FALSE,20,elitize_generation_data,78,8,0.49,NA
80,65,scrabble-score,ifs,FALSE,20,elitize_generation_data,79,10,0.48,NA
81,65,scrabble-score,ifs,FALSE,20,elitize_generation_data,80,11,0.48,NA
82,65,scrabble-score,ifs,FALSE,20,elitize_generation_data,81,12,0.481,NA
83,65,scrabble-score,ifs,FALSE,20,elitize_generation_data,82,9,0.531,NA
84,65,scrabble-score,ifs,FALSE,20,elitize_generation_data,83,9,0.485,NA
85,65,scrabble-score,ifs,FALSE,20,elitize_generation_data,84,9,0.438,NA
86,65,scrabble-score,ifs,FALSE,20,elitize_generation_data,85,8,0.48,NA
87,65,scrabble-score,ifs,FALSE,20,elitize_generation_data,86,8,0.523,NA
88,65,scrabble-score,ifs,FALSE,20,elitize_generation_data,87,11,0.506,NA
89,65,scrabble-score,ifs,FALSE,20,elitize_generation_data,88,10,0.572,NA
90,65,scrabble-score,ifs,FALSE,20,elitize_generation_data,89,9,0.582,NA
91,65,scrabble-score,ifs,FALSE,20,elitize_generation_data,90,9,0.567,NA
92,65,scrabble-score,ifs,FALSE,20,elitize_generation_data,91,8,0.589,NA
93,65,scrabble-score,ifs,FALSE,20,elitize_generation_data,92,9,0.618,NA
94,65,scrabble-score,ifs,FALSE,20,elitize_generation_data,93,9,0.609,NA
95,65,scrabble-score,ifs,FALSE,20,elitize_generation_data,94,12,0.561,NA
96,65,scrabble-score,ifs,FALSE,20,elitize_generation_data,95,6,0.577,NA
97,65,scrabble-score,ifs,FALSE,20,elitize_generation_data,96,12,0.567,NA
98,65,scrabble-score,ifs,FALSE,20,elitize_generation_data,97,8,0.571,NA
99,65,scrabble-score,ifs,FALSE,20,elitize_generation_data,98,7,0.58,NA
100,65,scrabble-score,ifs,FALSE,20,elitize_generation_data,99,7,0.579,NA
101,65,scrabble-score,ifs,FALSE,20,elitize_generation_data,100,11,0.595,NA
102,65,scrabble-score,ifs,FALSE,20,elitize_generation_data,101,10,0.579,NA
103,65,scrabble-score,ifs,FALSE,20,elitize_generation_data,102,7,0.558,NA
104,65,scrabble-score,ifs,FALSE,20,elitize_generation_data,103,8,0.537,NA
105,65,scrabble-score,ifs,FALSE,20,elitize_generation_data,104,9,0.556,NA
106,65,scrabble-score,ifs,FALSE,20,elitize_generation_data,105,9,0.575,NA
107,65,scrabble-score,ifs,FALSE,20,elitize_generation_data,106,14,0.568,NA
108,65,scrabble-score,ifs,FALSE,20,elitize_generation_data,107,10,0.58,NA
109,65,scrabble-score,ifs,FALSE,20,elitize_generation_data,108,8,0.587,NA
110,65,scrabble-score,ifs,FALSE,20,elitize_generation_data,109,8,0.566,NA
111,65,scrabble-score,ifs,FALSE,20,elitize_generation_data,110,9,0.536,NA
112,65,scrabble-score,ifs,FALSE,20,elitize_generation_data,111,7,0.529,NA
113,65,scrabble-score,ifs,FALSE,20,elitize_generation_data,112,9,0.525,NA
114,65,scrabble-score,ifs,FALSE,20,elitize_generation_data,113,9,0.543,NA
115,65,scrabble-score,ifs,FALSE,20,elitize_generation_data,114,9,0.563,NA
116,65,scrabble-score,ifs,FALSE,20,elitize_generation_data,115,8,0.571,NA
117,65,scrabble-score,ifs,FALSE,20,elitize_generation_data,116,8,0.594,NA
118,65,scrabble-score,ifs,FALSE,20,elitize_generation_data,117,14,0.548,NA
119,65,scrabble-score,ifs,FALSE,20,elitize_generation_data,118,8,0.568,NA
120,65,scrabble-score,ifs,FALSE,20,elitize_generation_data,119,10,0.549,NA
121,65,scrabble-score,ifs,FALSE,20,elitize_generation_data,120,10,0.539,NA
122,65,scrabble-score,ifs,FALSE,20,elitize_generation_data,121,8,0.551,NA
123,65,scrabble-score,ifs,FALSE,20,elitize_generation_data,122,11,0.571,NA
124,65,scrabble-score,ifs,FALSE,20,elitize_generation_data,123,6,0.569,NA
125,65,scrabble-score,ifs,FALSE,20,elitize_generation_data,124,6,0.598,NA
126,65,scrabble-score,ifs,FALSE,20,elitize_generation_data,125,12,0.617,NA
127,65,scrabble-score,ifs,FALSE,20,elitize_generation_data,126,10,0.627,NA
128,65,scrabble-score,ifs,FALSE,20,elitize_generation_data,127,10,0.649,NA
129,65,scrabble-score,ifs,FALSE,20,elitize_generation_data,128,7,0.661,NA
130,65,scrabble-score,ifs,FALSE,20,elitize_generation_data,129,11,0.657,NA
131,65,scrabble-score,ifs,FALSE,20,elitize_generation_data,130,9,0.627,NA
132,65,scrabble-score,ifs,FALSE,20,elitize_generation_data,131,10,0.592,NA
133,65,scrabble-score,ifs,FALSE,20,elitize_generation_data,132,7,0.57,NA
134,65,scrabble-score,ifs,FALSE,20,elitize_generation_data,133,9,0.573,NA
135,65,scrabble-score,ifs,FALSE,20,elitize_generation_data,134,14,0.569,NA
136,65,scrabble-score,ifs,FALSE,20,elitize_generation_data,135,8,0.592,NA
137,65,scrabble-score,ifs,FALSE,20,elitize_generation_data,136,10,0.593,NA
138,65,scrabble-score,ifs,FALSE,20,elitize_generation_data,137,10,0.652,NA
139,65,scrabble-score,ifs,FALSE,20,elitize_generation_data,138,10,0.62,NA
140,65,scrabble-score,ifs,FALSE,20,elitize_generation_data,139,12,0.631,NA
141,65,scrabble-score,ifs,FALSE,20,elitize_generation_data,140,9,0.633,NA
142,65,scrabble-score,ifs,FALSE,20,elitize_generation_data,141,7,0.682,NA
143,65,scrabble-score,ifs,FALSE,20,elitize_generation_data,142,13,0.671,NA
144,65,scrabble-score,ifs,FALSE,20,elitize_generation_data,143,9,0.693,NA
145,65,scrabble-score,ifs,FALSE,20,elitize_generation_data,144,8,0.697,NA
146,65,scrabble-score,ifs,FALSE,20,elitize_generation_data,145,6,0.678,NA
147,65,scrabble-score,ifs,FALSE,20,elitize_generation_data,146,8,0.68,NA
148,65,scrabble-score,ifs,FALSE,20,elitize_generation_data,147,10,0.701,NA
149,65,scrabble-score,ifs,FALSE,20,elitize_generation_data,148,7,0.717,NA
150,65,scrabble-score,ifs,FALSE,20,elitize_generation_data,149,11,0.74,NA
151,65,scrabble-score,ifs,FALSE,20,elitize_generation_data,150,9,0.755,NA
152,65,scrabble-score,ifs,FALSE,20,elitize_generation_data,151,7,0.771,NA
153,65,scrabble-score,ifs,FALSE,20,elitize_generation_data,152,9,0.727,NA
154,65,scrabble-score,ifs,FALSE,20,elitize_generation_data,153,6,0.74,NA
155,65,scrabble-score,ifs,FALSE,20,elitize_generation_data,154,7,0.744,NA
156,65,scrabble-score,ifs,FALSE,20,elitize_generation_data,155,6,0.753,NA
157,65,scrabble-score,ifs,FALSE,20,elitize_generation_data,156,9,0.739,NA
158,65,scrabble-score,ifs,FALSE,20,elitize_generation_data,157,5,0.745,NA
159,65,scrabble-score,ifs,FALSE,20,elitize_generation_data,158,6,0.745,NA
160,65,scrabble-score,ifs,FALSE,20,elitize_generation_data,159,8,0.743,NA
161,65,scrabble-score,ifs,FALSE,20,elitize_generation_data,160,7,0.722,NA
162,65,scrabble-score,ifs,FALSE,20,elitize_generation_data,161,11,0.759,NA
163,65,scrabble-score,ifs,FALSE,20,elitize_generation_data,162,10,0.755,NA
164,65,scrabble-score,ifs,FALSE,20,elitize_generation_data,163,7,0.726,NA
165,65,scrabble-score,ifs,FALSE,20,elitize_generation_data,164,7,0.717,NA
166,65,scrabble-score,ifs,FALSE,20,elitize_generation_data,165,7,0.756,NA
167,65,scrabble-score,ifs,FALSE,20,elitize_generation_data,166,9,0.749,NA
168,65,scrabble-score,ifs,FALSE,20,elitize_generation_data,167,7,0.76,NA
169,65,scrabble-score,ifs,FALSE,20,elitize_generation_data,168,8,0.749,NA
170,65,scrabble-score,ifs,FALSE,20,elitize_generation_data,169,9,0.739,NA
171,65,scrabble-score,ifs,FALSE,20,elitize_generation_data,170,6,0.746,NA
172,65,scrabble-score,ifs,FALSE,20,elitize_generation_data,171,10,0.758,NA
173,65,scrabble-score,ifs,FALSE,20,elitize_generation_data,172,7,0.754,NA
174,65,scrabble-score,ifs,FALSE,20,elitize_generation_data,173,5,0.786,NA
175,65,scrabble-score,ifs,FALSE,20,elitize_generation_data,174,11,0.738,NA
176,65,scrabble-score,ifs,FALSE,20,elitize_generation_data,175,8,0.764,NA
177,65,scrabble-score,ifs,FALSE,20,elitize_generation_data,176,10,0.767,NA
178,65,scrabble-score,ifs,FALSE,20,elitize_generation_data,177,9,0.757,NA
179,65,scrabble-score,ifs,FALSE,20,elitize_generation_data,178,7,0.763,NA
180,65,scrabble-score,ifs,FALSE,20,elitize_generation_data,179,7,0.745,NA
181,65,scrabble-score,ifs,FALSE,20,elitize_generation_data,180,10,0.75,NA
182,65,scrabble-score,ifs,FALSE,20,elitize_generation_data,181,8,0.762,NA
183,65,scrabble-score,ifs,FALSE,20,elitize_generation_data,182,9,0.749,NA
184,65,scrabble-score,ifs,FALSE,20,elitize_generation_data,183,10,0.74,NA
185,65,scrabble-score,ifs,FALSE,20,elitize_generation_data,184,9,0.75,NA
186,65,scrabble-score,ifs,FALSE,20,elitize_generation_data,185,7,0.735,NA
187,65,scrabble-score,ifs,FALSE,20,elitize_generation_data,186,6,0.722,NA
188,65,scrabble-score,ifs,FALSE,20,elitize_generation_data,187,9,0.704,NA
189,65,scrabble-score,ifs,FALSE,20,elitize_generation_data,188,9,0.724,NA
190,65,scrabble-score,ifs,FALSE,20,elitize_generation_data,189,7,0.712,NA
191,65,scrabble-score,ifs,FALSE,20,elitize_generation_data,190,9,0.705,NA
192,65,scrabble-score,ifs,FALSE,20,elitize_generation_data,191,6,0.722,NA
193,65,scrabble-score,ifs,FALSE,20,elitize_generation_data,192,11,0.696,NA
194,65,scrabble-score,ifs,FALSE,20,elitize_generation_data,193,8,0.707,NA
195,65,scrabble-score,ifs,FALSE,20,elitize_generation_data,194,10,0.695,NA
196,65,scrabble-score,ifs,FALSE,20,elitize_generation_data,195,7,0.714,NA
197,65,scrabble-score,ifs,FALSE,20,elitize_generation_data,196,9,0.712,NA
198,65,scrabble-score,ifs,FALSE,20,elitize_generation_data,197,7,0.731,NA
199,65,scrabble-score,ifs,FALSE,20,elitize_generation_data,198,11,0.735,NA
200,65,scrabble-score,ifs,FALSE,20,elitize_generation_data,199,8,0.736,NA
201,65,scrabble-score,ifs,FALSE,20,elitize_generation_data,200,7,0.738,NA
202,65,scrabble-score,ifs,FALSE,20,elitize_generation_data,201,11,0.747,NA
203,65,scrabble-score,ifs,FALSE,20,elitize_generation_data,202,9,0.737,NA
204,65,scrabble-score,ifs,FALSE,20,elitize_generation_data,203,8,0.729,NA
205,65,scrabble-score,ifs,FALSE,20,elitize_generation_data,204,10,0.741,NA
206,65,scrabble-score,ifs,FALSE,20,elitize_generation_data,205,8,0.727,NA
207,65,scrabble-score,ifs,FALSE,20,elitize_generation_data,206,6,0.721,NA
208,65,scrabble-score,ifs,FALSE,20,elitize_generation_data,207,6,0.716,NA
209,65,scrabble-score,ifs,FALSE,20,elitize_generation_data,208,7,0.738,NA
210,65,scrabble-score,ifs,FALSE,20,elitize_generation_data,209,10,0.74,NA
211,65,scrabble-score,ifs,FALSE,20,elitize_generation_data,210,8,0.717,NA
212,65,scrabble-score,ifs,FALSE,20,elitize_generation_data,211,6,0.705,NA
213,65,scrabble-score,ifs,FALSE,20,elitize_generation_data,212,7,0.693,NA
214,65,scrabble-score,ifs,FALSE,20,elitize_generation_data,213,9,0.742,NA
215,65,scrabble-score,ifs,FALSE,20,elitize_generation_data,214,8,0.741,NA
216,65,scrabble-score,ifs,FALSE,20,elitize_generation_data,215,11,0.739,NA
217,65,scrabble-score,ifs,FALSE,20,elitize_generation_data,216,7,0.737,NA
218,65,scrabble-score,ifs,FALSE,20,elitize_generation_data,217,10,0.751,NA
219,65,scrabble-score,ifs,FALSE,20,elitize_generation_data,218,8,0.745,NA
220,65,scrabble-score,ifs,FALSE,20,elitize_generation_data,219,8,0.734,NA
221,65,scrabble-score,ifs,FALSE,20,elitize_generation_data,220,9,0.706,NA
222,65,scrabble-score,ifs,FALSE,20,elitize_generation_data,221,8,0.706,NA
223,65,scrabble-score,ifs,FALSE,20,elitize_generation_data,222,10,0.726,NA
224,65,scrabble-score,ifs,FALSE,20,elitize_generation_data,223,6,0.74,NA
225,65,scrabble-score,ifs,FALSE,20,elitize_generation_data,224,6,0.73,NA
226,65,scrabble-score,ifs,FALSE,20,elitize_generation_data,225,9,0.741,NA
227,65,scrabble-score,ifs,FALSE,20,elitize_generation_data,226,6,0.726,NA
228,65,scrabble-score,ifs,FALSE,20,elitize_generation_data,227,10,0.717,NA
229,65,scrabble-score,ifs,FALSE,20,elitize_generation_data,228,7,0.709,NA
230,65,scrabble-score,ifs,FALSE,20,elitize_generation_data,229,9,0.723,NA
231,65,scrabble-score,ifs,FALSE,20,elitize_generation_data,230,7,0.718,NA
232,65,scrabble-score,ifs,FALSE,20,elitize_generation_data,231,9,0.722,NA
233,65,scrabble-score,ifs,FALSE,20,elitize_generation_data,232,7,0.741,NA
234,65,scrabble-score,ifs,FALSE,20,elitize_generation_data,233,9,0.757,NA
235,65,scrabble-score,ifs,FALSE,20,elitize_generation_data,234,10,0.735,NA
236,65,scrabble-score,ifs,FALSE,20,elitize_generation_data,235,8,0.738,NA
237,65,scrabble-score,ifs,FALSE,20,elitize_generation_data,236,8,0.743,NA
238,65,scrabble-score,ifs,FALSE,20,elitize_generation_data,237,8,0.76,NA
239,65,scrabble-score,ifs,FALSE,20,elitize_generation_data,238,9,0.763,NA
240,65,scrabble-score,ifs,FALSE,20,elitize_generation_data,239,6,0.753,NA
241,65,scrabble-score,ifs,FALSE,20,elitize_generation_data,240,8,0.749,NA
242,65,scrabble-score,ifs,FALSE,20,elitize_generation_data,241,10,0.757,NA
243,65,scrabble-score,ifs,FALSE,20,elitize_generation_data,242,7,0.736,NA
244,65,scrabble-score,ifs,FALSE,20,elitize_generation_data,243,7,0.736,NA
245,65,scrabble-score,ifs,FALSE,20,elitize_generation_data,244,11,0.723,NA
246,65,scrabble-score,ifs,FALSE,20,elitize_generation_data,245,11,0.739,NA
247,65,scrabble-score,ifs,FALSE,20,elitize_generation_data,246,9,0.722,NA
248,65,scrabble-score,ifs,FALSE,20,elitize_generation_data,247,6,0.736,NA
249,65,scrabble-score,ifs,FALSE,20,elitize_generation_data,248,9,0.73,NA
250,65,scrabble-score,ifs,FALSE,20,elitize_generation_data,249,6,0.734,NA
251,65,scrabble-score,ifs,FALSE,20,elitize_generation_data,250,8,0.76,NA
252,65,scrabble-score,ifs,FALSE,20,elitize_generation_data,251,9,0.745,NA
253,65,scrabble-score,ifs,FALSE,20,elitize_generation_data,252,7,0.762,NA
254,65,scrabble-score,ifs,FALSE,20,elitize_generation_data,253,8,0.743,NA
255,65,scrabble-score,ifs,FALSE,20,elitize_generation_data,254,6,0.725,NA
256,65,scrabble-score,ifs,FALSE,20,elitize_generation_data,255,4,0.717,NA
257,65,scrabble-score,ifs,FALSE,20,elitize_generation_data,256,8,0.739,NA
258,65,scrabble-score,ifs,FALSE,20,elitize_generation_data,257,6,0.757,NA
259,65,scrabble-score,ifs,FALSE,20,elitize_generation_data,258,7,0.763,NA
260,65,scrabble-score,ifs,FALSE,20,elitize_generation_data,259,5,0.782,NA
261,65,scrabble-score,ifs,FALSE,20,elitize_generation_data,260,6,0.788,NA
262,65,scrabble-score,ifs,FALSE,20,elitize_generation_data,261,6,0.774,NA
263,65,scrabble-score,ifs,FALSE,20,elitize_generation_data,262,9,0.789,NA
264,65,scrabble-score,ifs,FALSE,20,elitize_generation_data,263,8,0.783,NA
265,65,scrabble-score,ifs,FALSE,20,elitize_generation_data,264,5,0.802,NA
266,65,scrabble-score,ifs,FALSE,20,elitize_generation_data,265,5,0.774,NA
267,65,scrabble-score,ifs,FALSE,20,elitize_generation_data,266,7,0.781,NA
268,65,scrabble-score,ifs,FALSE,20,elitize_generation_data,267,7,0.787,NA
269,65,scrabble-score,ifs,FALSE,20,elitize_generation_data,268,8,0.778,NA
270,65,scrabble-score,ifs,FALSE,20,elitize_generation_data,269,8,0.77,NA
271,65,scrabble-score,ifs,FALSE,20,elitize_generation_data,270,7,0.747,NA
272,65,scrabble-score,ifs,FALSE,20,elitize_generation_data,271,7,0.781,NA
273,65,scrabble-score,ifs,FALSE,20,elitize_generation_data,272,6,0.763,NA
274,65,scrabble-score,ifs,FALSE,20,elitize_generation_data,273,10,0.757,NA
275,65,scrabble-score,ifs,FALSE,20,elitize_generation_data,274,6,0.766,NA
276,65,scrabble-score,ifs,FALSE,20,elitize_generation_data,275,5,0.775,NA
277,65,scrabble-score,ifs,FALSE,20,elitize_generation_data,276,8,0.775,NA
278,65,scrabble-score,ifs,FALSE,20,elitize_generation_data,277,8,0.766,NA
279,65,scrabble-score,ifs,FALSE,20,elitize_generation_data,278,8,0.785,NA
280,65,scrabble-score,ifs,FALSE,20,elitize_generation_data,279,9,0.754,NA
281,65,scrabble-score,ifs,FALSE,20,elitize_generation_data,280,3,0.78,NA
282,65,scrabble-score,ifs,FALSE,20,elitize_generation_data,281,5,0.795,NA
283,65,scrabble-score,ifs,FALSE,20,elitize_generation_data,282,7,0.801,NA
284,65,scrabble-score,ifs,FALSE,20,elitize_generation_data,283,7,0.788,NA
285,65,scrabble-score,ifs,FALSE,20,elitize_generation_data,284,5,0.747,NA
286,65,scrabble-score,ifs,FALSE,20,elitize_generation_data,285,6,0.745,NA
287,65,scrabble-score,ifs,FALSE,20,elitize_generation_data,286,5,0.737,NA
288,65,scrabble-score,ifs,FALSE,20,elitize_generation_data,287,5,0.763,NA
289,65,scrabble-score,ifs,FALSE,20,elitize_generation_data,288,6,0.765,NA
290,65,scrabble-score,ifs,FALSE,20,elitize_generation_data,289,8,0.778,NA
291,65,scrabble-score,ifs,FALSE,20,elitize_generation_data,290,8,0.77,NA
292,65,scrabble-score,ifs,FALSE,20,elitize_generation_data,291,7,0.769,NA
293,65,scrabble-score,ifs,FALSE,20,elitize_generation_data,292,6,0.759,NA
294,65,scrabble-score,ifs,FALSE,20,elitize_generation_data,293,6,0.754,NA
295,65,scrabble-score,ifs,FALSE,20,elitize_generation_data,294,11,0.774,NA
296,65,scrabble-score,ifs,FALSE,20,elitize_generation_data,295,6,0.745,NA
297,65,scrabble-score,ifs,FALSE,20,elitize_generation_data,296,8,0.762,NA
298,65,scrabble-score,ifs,FALSE,20,elitize_generation_data,297,7,0.739,NA
299,65,scrabble-score,ifs,FALSE,20,elitize_generation_data,298,8,0.714,NA
300,65,scrabble-score,ifs,FALSE,20,elitize_generation_data,299,7,0.727,NA
301,65,scrabble-score,ifs,FALSE,20,elitize_generation_data,300,6,0.749,NA
