,run.num,problem,treatment,succeeded,height,normalization.function,generation,cluster.count,error.diversity,success.generation
1,16,scrabble-score,ifs,FALSE,20,elitize_generation_data,0,6,0.097,NA
2,16,scrabble-score,ifs,FALSE,20,elitize_generation_data,1,2,0.093,NA
3,16,scrabble-score,ifs,FALSE,20,elitize_generation_data,2,2,0.093,NA
4,16,scrabble-score,ifs,FALSE,20,elitize_generation_data,3,4,0.077,NA
5,16,scrabble-score,ifs,FALSE,20,elitize_generation_data,4,6,0.046,NA
6,16,scrabble-score,ifs,FALSE,20,elitize_generation_data,5,6,0.026,NA
7,16,scrabble-score,ifs,FALSE,20,elitize_generation_data,6,3,0.028,NA
8,16,scrabble-score,ifs,FALSE,20,elitize_generation_data,7,5,0.027,NA
9,16,scrabble-score,ifs,FALSE,20,elitize_generation_data,8,4,0.023,NA
10,16,scrabble-score,ifs,FALSE,20,elitize_generation_data,9,4,0.025,NA
11,16,scrabble-score,ifs,FALSE,20,elitize_generation_data,10,5,0.033,NA
12,16,scrabble-score,ifs,FALSE,20,elitize_generation_data,11,6,0.036,NA
13,16,scrabble-score,ifs,FALSE,20,elitize_generation_data,12,6,0.033,NA
14,16,scrabble-score,ifs,FALSE,20,elitize_generation_data,13,5,0.051,NA
15,16,scrabble-score,ifs,FALSE,20,elitize_generation_data,14,8,0.061,NA
16,16,scrabble-score,ifs,FALSE,20,elitize_generation_data,15,8,0.061,NA
17,16,scrabble-score,ifs,FALSE,20,elitize_generation_data,16,8,0.099,NA
18,16,scrabble-score,ifs,FALSE,20,elitize_generation_data,17,8,0.169,NA
19,16,scrabble-score,ifs,FALSE,20,elitize_generation_data,18,8,0.174,NA
20,16,scrabble-score,ifs,FALSE,20,elitize_generation_data,19,10,0.157,NA
21,16,scrabble-score,ifs,FALSE,20,elitize_generation_data,20,8,0.15,NA
22,16,scrabble-score,ifs,FALSE,20,elitize_generation_data,21,8,0.134,NA
23,16,scrabble-score,ifs,FALSE,20,elitize_generation_data,22,8,0.166,NA
24,16,scrabble-score,ifs,FALSE,20,elitize_generation_data,23,9,0.213,NA
25,16,scrabble-score,ifs,FALSE,20,elitize_generation_data,24,8,0.249,NA
26,16,scrabble-score,ifs,FALSE,20,elitize_generation_data,25,10,0.196,NA
27,16,scrabble-score,ifs,FALSE,20,elitize_generation_data,26,9,0.158,NA
28,16,scrabble-score,ifs,FALSE,20,elitize_generation_data,27,8,0.19,NA
29,16,scrabble-score,ifs,FALSE,20,elitize_generation_data,28,11,0.222,NA
30,16,scrabble-score,ifs,FALSE,20,elitize_generation_data,29,8,0.196,NA
31,16,scrabble-score,ifs,FALSE,20,elitize_generation_data,30,10,0.219,NA
32,16,scrabble-score,ifs,FALSE,20,elitize_generation_data,31,11,0.285,NA
33,16,scrabble-score,ifs,FALSE,20,elitize_generation_data,32,11,0.293,NA
34,16,scrabble-score,ifs,FALSE,20,elitize_generation_data,33,9,0.314,NA
35,16,scrabble-score,ifs,FALSE,20,elitize_generation_data,34,8,0.276,NA
36,16,scrabble-score,ifs,FALSE,20,elitize_generation_data,35,11,0.31,NA
37,16,scrabble-score,ifs,FALSE,20,elitize_generation_data,36,11,0.32,NA
38,16,scrabble-score,ifs,FALSE,20,elitize_generation_data,37,8,0.344,NA
39,16,scrabble-score,ifs,FALSE,20,elitize_generation_data,38,9,0.401,NA
40,16,scrabble-score,ifs,FALSE,20,elitize_generation_data,39,10,0.442,NA
41,16,scrabble-score,ifs,FALSE,20,elitize_generation_data,40,9,0.485,NA
42,16,scrabble-score,ifs,FALSE,20,elitize_generation_data,41,11,0.524,NA
43,16,scrabble-score,ifs,FALSE,20,elitize_generation_data,42,10,0.471,NA
44,16,scrabble-score,ifs,FALSE,20,elitize_generation_data,43,8,0.468,NA
45,16,scrabble-score,ifs,FALSE,20,elitize_generation_data,44,6,0.513,NA
46,16,scrabble-score,ifs,FALSE,20,elitize_generation_data,45,9,0.549,NA
47,16,scrabble-score,ifs,FALSE,20,elitize_generation_data,46,8,0.561,NA
48,16,scrabble-score,ifs,FALSE,20,elitize_generation_data,47,13,0.562,NA
49,16,scrabble-score,ifs,FALSE,20,elitize_generation_data,48,11,0.591,NA
50,16,scrabble-score,ifs,FALSE,20,elitize_generation_data,49,10,0.613,NA
51,16,scrabble-score,ifs,FALSE,20,elitize_generation_data,50,9,0.614,NA
52,16,scrabble-score,ifs,FALSE,20,elitize_generation_data,51,10,0.649,NA
53,16,scrabble-score,ifs,FALSE,20,elitize_generation_data,52,10,0.629,NA
54,16,scrabble-score,ifs,FALSE,20,elitize_generation_data,53,6,0.619,NA
55,16,scrabble-score,ifs,FALSE,20,elitize_generation_data,54,11,0.582,NA
56,16,scrabble-score,ifs,FALSE,20,elitize_generation_data,55,9,0.555,NA
57,16,scrabble-score,ifs,FALSE,20,elitize_generation_data,56,8,0.572,NA
58,16,scrabble-score,ifs,FALSE,20,elitize_generation_data,57,8,0.612,NA
59,16,scrabble-score,ifs,FALSE,20,elitize_generation_data,58,10,0.584,NA
60,16,scrabble-score,ifs,FALSE,20,elitize_generation_data,59,7,0.572,NA
61,16,scrabble-score,ifs,FALSE,20,elitize_generation_data,60,7,0.538,NA
62,16,scrabble-score,ifs,FALSE,20,elitize_generation_data,61,7,0.561,NA
63,16,scrabble-score,ifs,FALSE,20,elitize_generation_data,62,7,0.632,NA
64,16,scrabble-score,ifs,FALSE,20,elitize_generation_data,63,10,0.577,NA
65,16,scrabble-score,ifs,FALSE,20,elitize_generation_data,64,10,0.553,NA
66,16,scrabble-score,ifs,FALSE,20,elitize_generation_data,65,10,0.596,NA
67,16,scrabble-score,ifs,FALSE,20,elitize_generation_data,66,9,0.622,NA
68,16,scrabble-score,ifs,FALSE,20,elitize_generation_data,67,9,0.636,NA
69,16,scrabble-score,ifs,FALSE,20,elitize_generation_data,68,12,0.677,NA
70,16,scrabble-score,ifs,FALSE,20,elitize_generation_data,69,9,0.677,NA
71,16,scrabble-score,ifs,FALSE,20,elitize_generation_data,70,7,0.688,NA
72,16,scrabble-score,ifs,FALSE,20,elitize_generation_data,71,9,0.706,NA
73,16,scrabble-score,ifs,FALSE,20,elitize_generation_data,72,9,0.722,NA
74,16,scrabble-score,ifs,FALSE,20,elitize_generation_data,73,10,0.725,NA
75,16,scrabble-score,ifs,FALSE,20,elitize_generation_data,74,10,0.709,NA
76,16,scrabble-score,ifs,FALSE,20,elitize_generation_data,75,12,0.681,NA
77,16,scrabble-score,ifs,FALSE,20,elitize_generation_data,76,8,0.744,NA
78,16,scrabble-score,ifs,FALSE,20,elitize_generation_data,77,9,0.747,NA
79,16,scrabble-score,ifs,FALSE,20,elitize_generation_data,78,8,0.744,NA
80,16,scrabble-score,ifs,FALSE,20,elitize_generation_data,79,9,0.761,NA
81,16,scrabble-score,ifs,FALSE,20,elitize_generation_data,80,8,0.761,NA
82,16,scrabble-score,ifs,FALSE,20,elitize_generation_data,81,9,0.781,NA
83,16,scrabble-score,ifs,FALSE,20,elitize_generation_data,82,11,0.782,NA
84,16,scrabble-score,ifs,FALSE,20,elitize_generation_data,83,9,0.783,NA
85,16,scrabble-score,ifs,FALSE,20,elitize_generation_data,84,9,0.77,NA
86,16,scrabble-score,ifs,FALSE,20,elitize_generation_data,85,7,0.757,NA
87,16,scrabble-score,ifs,FALSE,20,elitize_generation_data,86,8,0.751,NA
88,16,scrabble-score,ifs,FALSE,20,elitize_generation_data,87,9,0.756,NA
89,16,scrabble-score,ifs,FALSE,20,elitize_generation_data,88,10,0.751,NA
90,16,scrabble-score,ifs,FALSE,20,elitize_generation_data,89,7,0.735,NA
91,16,scrabble-score,ifs,FALSE,20,elitize_generation_data,90,13,0.752,NA
92,16,scrabble-score,ifs,FALSE,20,elitize_generation_data,91,8,0.74,NA
93,16,scrabble-score,ifs,FALSE,20,elitize_generation_data,92,8,0.742,NA
94,16,scrabble-score,ifs,FALSE,20,elitize_generation_data,93,6,0.762,NA
95,16,scrabble-score,ifs,FALSE,20,elitize_generation_data,94,9,0.775,NA
96,16,scrabble-score,ifs,FALSE,20,elitize_generation_data,95,7,0.761,NA
97,16,scrabble-score,ifs,FALSE,20,elitize_generation_data,96,7,0.761,NA
98,16,scrabble-score,ifs,FALSE,20,elitize_generation_data,97,10,0.767,NA
99,16,scrabble-score,ifs,FALSE,20,elitize_generation_data,98,7,0.802,NA
100,16,scrabble-score,ifs,FALSE,20,elitize_generation_data,99,7,0.799,NA
101,16,scrabble-score,ifs,FALSE,20,elitize_generation_data,100,11,0.809,NA
102,16,scrabble-score,ifs,FALSE,20,elitize_generation_data,101,10,0.826,NA
103,16,scrabble-score,ifs,FALSE,20,elitize_generation_data,102,13,0.818,NA
104,16,scrabble-score,ifs,FALSE,20,elitize_generation_data,103,8,0.799,NA
105,16,scrabble-score,ifs,FALSE,20,elitize_generation_data,104,12,0.813,NA
106,16,scrabble-score,ifs,FALSE,20,elitize_generation_data,105,10,0.783,NA
107,16,scrabble-score,ifs,FALSE,20,elitize_generation_data,106,14,0.779,NA
108,16,scrabble-score,ifs,FALSE,20,elitize_generation_data,107,10,0.784,NA
109,16,scrabble-score,ifs,FALSE,20,elitize_generation_data,108,11,0.819,NA
110,16,scrabble-score,ifs,FALSE,20,elitize_generation_data,109,15,0.818,NA
111,16,scrabble-score,ifs,FALSE,20,elitize_generation_data,110,12,0.809,NA
112,16,scrabble-score,ifs,FALSE,20,elitize_generation_data,111,9,0.803,NA
113,16,scrabble-score,ifs,FALSE,20,elitize_generation_data,112,8,0.822,NA
114,16,scrabble-score,ifs,FALSE,20,elitize_generation_data,113,14,0.798,NA
115,16,scrabble-score,ifs,FALSE,20,elitize_generation_data,114,11,0.77,NA
116,16,scrabble-score,ifs,FALSE,20,elitize_generation_data,115,8,0.732,NA
117,16,scrabble-score,ifs,FALSE,20,elitize_generation_data,116,8,0.696,NA
118,16,scrabble-score,ifs,FALSE,20,elitize_generation_data,117,10,0.64,NA
119,16,scrabble-score,ifs,FALSE,20,elitize_generation_data,118,7,0.578,NA
120,16,scrabble-score,ifs,FALSE,20,elitize_generation_data,119,10,0.544,NA
121,16,scrabble-score,ifs,FALSE,20,elitize_generation_data,120,11,0.543,NA
122,16,scrabble-score,ifs,FALSE,20,elitize_generation_data,121,11,0.532,NA
123,16,scrabble-score,ifs,FALSE,20,elitize_generation_data,122,9,0.562,NA
124,16,scrabble-score,ifs,FALSE,20,elitize_generation_data,123,12,0.589,NA
125,16,scrabble-score,ifs,FALSE,20,elitize_generation_data,124,8,0.594,NA
126,16,scrabble-score,ifs,FALSE,20,elitize_generation_data,125,9,0.654,NA
127,16,scrabble-score,ifs,FALSE,20,elitize_generation_data,126,9,0.689,NA
128,16,scrabble-score,ifs,FALSE,20,elitize_generation_data,127,9,0.705,NA
129,16,scrabble-score,ifs,FALSE,20,elitize_generation_data,128,8,0.705,NA
130,16,scrabble-score,ifs,FALSE,20,elitize_generation_data,129,10,0.719,NA
131,16,scrabble-score,ifs,FALSE,20,elitize_generation_data,130,9,0.736,NA
132,16,scrabble-score,ifs,FALSE,20,elitize_generation_data,131,9,0.731,NA
133,16,scrabble-score,ifs,FALSE,20,elitize_generation_data,132,5,0.717,NA
134,16,scrabble-score,ifs,FALSE,20,elitize_generation_data,133,6,0.749,NA
135,16,scrabble-score,ifs,FALSE,20,elitize_generation_data,134,6,0.766,NA
136,16,scrabble-score,ifs,FALSE,20,elitize_generation_data,135,5,0.769,NA
137,16,scrabble-score,ifs,FALSE,20,elitize_generation_data,136,7,0.773,NA
138,16,scrabble-score,ifs,FALSE,20,elitize_generation_data,137,7,0.749,NA
139,16,scrabble-score,ifs,FALSE,20,elitize_generation_data,138,8,0.802,NA
140,16,scrabble-score,ifs,FALSE,20,elitize_generation_data,139,6,0.808,NA
141,16,scrabble-score,ifs,FALSE,20,elitize_generation_data,140,7,0.8,NA
142,16,scrabble-score,ifs,FALSE,20,elitize_generation_data,141,7,0.804,NA
143,16,scrabble-score,ifs,FALSE,20,elitize_generation_data,142,9,0.814,NA
144,16,scrabble-score,ifs,FALSE,20,elitize_generation_data,143,10,0.792,NA
145,16,scrabble-score,ifs,FALSE,20,elitize_generation_data,144,7,0.804,NA
146,16,scrabble-score,ifs,FALSE,20,elitize_generation_data,145,7,0.818,NA
147,16,scrabble-score,ifs,FALSE,20,elitize_generation_data,146,7,0.83,NA
148,16,scrabble-score,ifs,FALSE,20,elitize_generation_data,147,12,0.808,NA
149,16,scrabble-score,ifs,FALSE,20,elitize_generation_data,148,13,0.8,NA
150,16,scrabble-score,ifs,FALSE,20,elitize_generation_data,149,8,0.8,NA
151,16,scrabble-score,ifs,FALSE,20,elitize_generation_data,150,10,0.806,NA
152,16,scrabble-score,ifs,FALSE,20,elitize_generation_data,151,10,0.788,NA
153,16,scrabble-score,ifs,FALSE,20,elitize_generation_data,152,7,0.8,NA
154,16,scrabble-score,ifs,FALSE,20,elitize_generation_data,153,10,0.822,NA
155,16,scrabble-score,ifs,FALSE,20,elitize_generation_data,154,8,0.791,NA
156,16,scrabble-score,ifs,FALSE,20,elitize_generation_data,155,7,0.81,NA
157,16,scrabble-score,ifs,FALSE,20,elitize_generation_data,156,6,0.788,NA
158,16,scrabble-score,ifs,FALSE,20,elitize_generation_data,157,10,0.794,NA
159,16,scrabble-score,ifs,FALSE,20,elitize_generation_data,158,7,0.818,NA
160,16,scrabble-score,ifs,FALSE,20,elitize_generation_data,159,6,0.833,NA
161,16,scrabble-score,ifs,FALSE,20,elitize_generation_data,160,11,0.826,NA
162,16,scrabble-score,ifs,FALSE,20,elitize_generation_data,161,7,0.823,NA
163,16,scrabble-score,ifs,FALSE,20,elitize_generation_data,162,6,0.804,NA
164,16,scrabble-score,ifs,FALSE,20,elitize_generation_data,163,10,0.779,NA
165,16,scrabble-score,ifs,FALSE,20,elitize_generation_data,164,9,0.789,NA
166,16,scrabble-score,ifs,FALSE,20,elitize_generation_data,165,10,0.779,NA
167,16,scrabble-score,ifs,FALSE,20,elitize_generation_data,166,8,0.76,NA
168,16,scrabble-score,ifs,FALSE,20,elitize_generation_data,167,6,0.767,NA
169,16,scrabble-score,ifs,FALSE,20,elitize_generation_data,168,8,0.749,NA
170,16,scrabble-score,ifs,FALSE,20,elitize_generation_data,169,8,0.744,NA
171,16,scrabble-score,ifs,FALSE,20,elitize_generation_data,170,7,0.748,NA
172,16,scrabble-score,ifs,FALSE,20,elitize_generation_data,171,8,0.76,NA
173,16,scrabble-score,ifs,FALSE,20,elitize_generation_data,172,5,0.741,NA
174,16,scrabble-score,ifs,FALSE,20,elitize_generation_data,173,8,0.738,NA
175,16,scrabble-score,ifs,FALSE,20,elitize_generation_data,174,6,0.716,NA
176,16,scrabble-score,ifs,FALSE,20,elitize_generation_data,175,9,0.72,NA
177,16,scrabble-score,ifs,FALSE,20,elitize_generation_data,176,6,0.727,NA
178,16,scrabble-score,ifs,FALSE,20,elitize_generation_data,177,10,0.745,NA
179,16,scrabble-score,ifs,FALSE,20,elitize_generation_data,178,11,0.744,NA
180,16,scrabble-score,ifs,FALSE,20,elitize_generation_data,179,9,0.729,NA
181,16,scrabble-score,ifs,FALSE,20,elitize_generation_data,180,10,0.73,NA
182,16,scrabble-score,ifs,FALSE,20,elitize_generation_data,181,8,0.782,NA
183,16,scrabble-score,ifs,FALSE,20,elitize_generation_data,182,9,0.754,NA
184,16,scrabble-score,ifs,FALSE,20,elitize_generation_data,183,11,0.776,NA
185,16,scrabble-score,ifs,FALSE,20,elitize_generation_data,184,10,0.777,NA
186,16,scrabble-score,ifs,FALSE,20,elitize_generation_data,185,12,0.763,NA
187,16,scrabble-score,ifs,FALSE,20,elitize_generation_data,186,12,0.757,NA
188,16,scrabble-score,ifs,FALSE,20,elitize_generation_data,187,10,0.767,NA
189,16,scrabble-score,ifs,FALSE,20,elitize_generation_data,188,12,0.757,NA
190,16,scrabble-score,ifs,FALSE,20,elitize_generation_data,189,11,0.755,NA
191,16,scrabble-score,ifs,FALSE,20,elitize_generation_data,190,7,0.745,NA
192,16,scrabble-score,ifs,FALSE,20,elitize_generation_data,191,10,0.774,NA
193,16,scrabble-score,ifs,FALSE,20,elitize_generation_data,192,10,0.776,NA
194,16,scrabble-score,ifs,FALSE,20,elitize_generation_data,193,12,0.773,NA
195,16,scrabble-score,ifs,FALSE,20,elitize_generation_data,194,10,0.775,NA
196,16,scrabble-score,ifs,FALSE,20,elitize_generation_data,195,13,0.764,NA
197,16,scrabble-score,ifs,FALSE,20,elitize_generation_data,196,14,0.783,NA
198,16,scrabble-score,ifs,FALSE,20,elitize_generation_data,197,16,0.77,NA
199,16,scrabble-score,ifs,FALSE,20,elitize_generation_data,198,8,0.773,NA
200,16,scrabble-score,ifs,FALSE,20,elitize_generation_data,199,14,0.742,NA
201,16,scrabble-score,ifs,FALSE,20,elitize_generation_data,200,13,0.768,NA
202,16,scrabble-score,ifs,FALSE,20,elitize_generation_data,201,11,0.752,NA
203,16,scrabble-score,ifs,FALSE,20,elitize_generation_data,202,11,0.767,NA
204,16,scrabble-score,ifs,FALSE,20,elitize_generation_data,203,12,0.777,NA
205,16,scrabble-score,ifs,FALSE,20,elitize_generation_data,204,12,0.754,NA
206,16,scrabble-score,ifs,FALSE,20,elitize_generation_data,205,11,0.745,NA
207,16,scrabble-score,ifs,FALSE,20,elitize_generation_data,206,12,0.766,NA
208,16,scrabble-score,ifs,FALSE,20,elitize_generation_data,207,15,0.743,NA
209,16,scrabble-score,ifs,FALSE,20,elitize_generation_data,208,15,0.734,NA
210,16,scrabble-score,ifs,FALSE,20,elitize_generation_data,209,12,0.749,NA
211,16,scrabble-score,ifs,FALSE,20,elitize_generation_data,210,9,0.725,NA
212,16,scrabble-score,ifs,FALSE,20,elitize_generation_data,211,10,0.729,NA
213,16,scrabble-score,ifs,FALSE,20,elitize_generation_data,212,12,0.716,NA
214,16,scrabble-score,ifs,FALSE,20,elitize_generation_data,213,13,0.725,NA
215,16,scrabble-score,ifs,FALSE,20,elitize_generation_data,214,15,0.693,NA
216,16,scrabble-score,ifs,FALSE,20,elitize_generation_data,215,13,0.683,NA
217,16,scrabble-score,ifs,FALSE,20,elitize_generation_data,216,17,0.723,NA
218,16,scrabble-score,ifs,FALSE,20,elitize_generation_data,217,8,0.733,NA
219,16,scrabble-score,ifs,FALSE,20,elitize_generation_data,218,12,0.762,NA
220,16,scrabble-score,ifs,FALSE,20,elitize_generation_data,219,12,0.768,NA
221,16,scrabble-score,ifs,FALSE,20,elitize_generation_data,220,10,0.729,NA
222,16,scrabble-score,ifs,FALSE,20,elitize_generation_data,221,13,0.743,NA
223,16,scrabble-score,ifs,FALSE,20,elitize_generation_data,222,9,0.777,NA
224,16,scrabble-score,ifs,FALSE,20,elitize_generation_data,223,11,0.773,NA
225,16,scrabble-score,ifs,FALSE,20,elitize_generation_data,224,13,0.756,NA
226,16,scrabble-score,ifs,FALSE,20,elitize_generation_data,225,10,0.757,NA
227,16,scrabble-score,ifs,FALSE,20,elitize_generation_data,226,10,0.758,NA
228,16,scrabble-score,ifs,FALSE,20,elitize_generation_data,227,9,0.775,NA
229,16,scrabble-score,ifs,FALSE,20,elitize_generation_data,228,15,0.776,NA
230,16,scrabble-score,ifs,FALSE,20,elitize_generation_data,229,11,0.784,NA
231,16,scrabble-score,ifs,FALSE,20,elitize_generation_data,230,13,0.792,NA
232,16,scrabble-score,ifs,FALSE,20,elitize_generation_data,231,11,0.766,NA
233,16,scrabble-score,ifs,FALSE,20,elitize_generation_data,232,14,0.769,NA
234,16,scrabble-score,ifs,FALSE,20,elitize_generation_data,233,14,0.787,NA
235,16,scrabble-score,ifs,FALSE,20,elitize_generation_data,234,12,0.806,NA
236,16,scrabble-score,ifs,FALSE,20,elitize_generation_data,235,10,0.801,NA
237,16,scrabble-score,ifs,FALSE,20,elitize_generation_data,236,14,0.795,NA
238,16,scrabble-score,ifs,FALSE,20,elitize_generation_data,237,12,0.791,NA
239,16,scrabble-score,ifs,FALSE,20,elitize_generation_data,238,13,0.796,NA
240,16,scrabble-score,ifs,FALSE,20,elitize_generation_data,239,15,0.794,NA
241,16,scrabble-score,ifs,FALSE,20,elitize_generation_data,240,12,0.805,NA
242,16,scrabble-score,ifs,FALSE,20,elitize_generation_data,241,10,0.787,NA
243,16,scrabble-score,ifs,FALSE,20,elitize_generation_data,242,10,0.797,NA
244,16,scrabble-score,ifs,FALSE,20,elitize_generation_data,243,13,0.812,NA
245,16,scrabble-score,ifs,FALSE,20,elitize_generation_data,244,12,0.794,NA
246,16,scrabble-score,ifs,FALSE,20,elitize_generation_data,245,14,0.779,NA
247,16,scrabble-score,ifs,FALSE,20,elitize_generation_data,246,11,0.78,NA
248,16,scrabble-score,ifs,FALSE,20,elitize_generation_data,247,13,0.796,NA
249,16,scrabble-score,ifs,FALSE,20,elitize_generation_data,248,12,0.802,NA
250,16,scrabble-score,ifs,FALSE,20,elitize_generation_data,249,12,0.787,NA
251,16,scrabble-score,ifs,FALSE,20,elitize_generation_data,250,12,0.767,NA
252,16,scrabble-score,ifs,FALSE,20,elitize_generation_data,251,11,0.76,NA
253,16,scrabble-score,ifs,FALSE,20,elitize_generation_data,252,9,0.776,NA
254,16,scrabble-score,ifs,FALSE,20,elitize_generation_data,253,11,0.796,NA
255,16,scrabble-score,ifs,FALSE,20,elitize_generation_data,254,9,0.778,NA
256,16,scrabble-score,ifs,FALSE,20,elitize_generation_data,255,6,0.785,NA
257,16,scrabble-score,ifs,FALSE,20,elitize_generation_data,256,11,0.791,NA
258,16,scrabble-score,ifs,FALSE,20,elitize_generation_data,257,11,0.808,NA
259,16,scrabble-score,ifs,FALSE,20,elitize_generation_data,258,11,0.806,NA
260,16,scrabble-score,ifs,FALSE,20,elitize_generation_data,259,13,0.803,NA
261,16,scrabble-score,ifs,FALSE,20,elitize_generation_data,260,9,0.8,NA
262,16,scrabble-score,ifs,FALSE,20,elitize_generation_data,261,10,0.798,NA
263,16,scrabble-score,ifs,FALSE,20,elitize_generation_data,262,10,0.787,NA
264,16,scrabble-score,ifs,FALSE,20,elitize_generation_data,263,12,0.833,NA
265,16,scrabble-score,ifs,FALSE,20,elitize_generation_data,264,12,0.808,NA
266,16,scrabble-score,ifs,FALSE,20,elitize_generation_data,265,14,0.818,NA
267,16,scrabble-score,ifs,FALSE,20,elitize_generation_data,266,9,0.809,NA
268,16,scrabble-score,ifs,FALSE,20,elitize_generation_data,267,13,0.786,NA
269,16,scrabble-score,ifs,FALSE,20,elitize_generation_data,268,12,0.814,NA
270,16,scrabble-score,ifs,FALSE,20,elitize_generation_data,269,12,0.786,NA
271,16,scrabble-score,ifs,FALSE,20,elitize_generation_data,270,10,0.79,NA
272,16,scrabble-score,ifs,FALSE,20,elitize_generation_data,271,10,0.772,NA
273,16,scrabble-score,ifs,FALSE,20,elitize_generation_data,272,13,0.798,NA
274,16,scrabble-score,ifs,FALSE,20,elitize_generation_data,273,8,0.813,NA
275,16,scrabble-score,ifs,FALSE,20,elitize_generation_data,274,12,0.787,NA
276,16,scrabble-score,ifs,FALSE,20,elitize_generation_data,275,12,0.796,NA
277,16,scrabble-score,ifs,FALSE,20,elitize_generation_data,276,13,0.797,NA
278,16,scrabble-score,ifs,FALSE,20,elitize_generation_data,277,13,0.809,NA
279,16,scrabble-score,ifs,FALSE,20,elitize_generation_data,278,9,0.796,NA
280,16,scrabble-score,ifs,FALSE,20,elitize_generation_data,279,14,0.817,NA
281,16,scrabble-score,ifs,FALSE,20,elitize_generation_data,280,10,0.805,NA
282,16,scrabble-score,ifs,FALSE,20,elitize_generation_data,281,11,0.802,NA
283,16,scrabble-score,ifs,FALSE,20,elitize_generation_data,282,10,0.815,NA
284,16,scrabble-score,ifs,FALSE,20,elitize_generation_data,283,10,0.831,NA
285,16,scrabble-score,ifs,FALSE,20,elitize_generation_data,284,19,0.817,NA
286,16,scrabble-score,ifs,FALSE,20,elitize_generation_data,285,13,0.845,NA
287,16,scrabble-score,ifs,FALSE,20,elitize_generation_data,286,9,0.864,NA
288,16,scrabble-score,ifs,FALSE,20,elitize_generation_data,287,11,0.846,NA
289,16,scrabble-score,ifs,FALSE,20,elitize_generation_data,288,11,0.862,NA
290,16,scrabble-score,ifs,FALSE,20,elitize_generation_data,289,10,0.856,NA
291,16,scrabble-score,ifs,FALSE,20,elitize_generation_data,290,15,0.859,NA
292,16,scrabble-score,ifs,FALSE,20,elitize_generation_data,291,12,0.829,NA
293,16,scrabble-score,ifs,FALSE,20,elitize_generation_data,292,15,0.85,NA
294,16,scrabble-score,ifs,FALSE,20,elitize_generation_data,293,14,0.844,NA
295,16,scrabble-score,ifs,FALSE,20,elitize_generation_data,294,15,0.836,NA
296,16,scrabble-score,ifs,FALSE,20,elitize_generation_data,295,12,0.858,NA
297,16,scrabble-score,ifs,FALSE,20,elitize_generation_data,296,16,0.84,NA
298,16,scrabble-score,ifs,FALSE,20,elitize_generation_data,297,11,0.827,NA
299,16,scrabble-score,ifs,FALSE,20,elitize_generation_data,298,13,0.843,NA
300,16,scrabble-score,ifs,FALSE,20,elitize_generation_data,299,12,0.852,NA
301,16,scrabble-score,ifs,FALSE,20,elitize_generation_data,300,13,0.866,NA
