,run.num,problem,treatment,succeeded,height,normalization.function,generation,cluster.count,error.diversity,success.generation
1,82,scrabble-score,ifs,FALSE,20,elitize_generation_data,0,5,0.117,NA
2,82,scrabble-score,ifs,FALSE,20,elitize_generation_data,1,4,0.121,NA
3,82,scrabble-score,ifs,FALSE,20,elitize_generation_data,2,3,0.106,NA
4,82,scrabble-score,ifs,FALSE,20,elitize_generation_data,3,5,0.09,NA
5,82,scrabble-score,ifs,FALSE,20,elitize_generation_data,4,9,0.053,NA
6,82,scrabble-score,ifs,FALSE,20,elitize_generation_data,5,9,0.057,NA
7,82,scrabble-score,ifs,FALSE,20,elitize_generation_data,6,8,0.087,NA
8,82,scrabble-score,ifs,FALSE,20,elitize_generation_data,7,10,0.125,NA
9,82,scrabble-score,ifs,FALSE,20,elitize_generation_data,8,10,0.124,NA
10,82,scrabble-score,ifs,FALSE,20,elitize_generation_data,9,9,0.155,NA
11,82,scrabble-score,ifs,FALSE,20,elitize_generation_data,10,7,0.138,NA
12,82,scrabble-score,ifs,FALSE,20,elitize_generation_data,11,6,0.162,NA
13,82,scrabble-score,ifs,FALSE,20,elitize_generation_data,12,8,0.17,NA
14,82,scrabble-score,ifs,FALSE,20,elitize_generation_data,13,8,0.178,NA
15,82,scrabble-score,ifs,FALSE,20,elitize_generation_data,14,5,0.162,NA
16,82,scrabble-score,ifs,FALSE,20,elitize_generation_data,15,5,0.143,NA
17,82,scrabble-score,ifs,FALSE,20,elitize_generation_data,16,7,0.165,NA
18,82,scrabble-score,ifs,FALSE,20,elitize_generation_data,17,9,0.165,NA
19,82,scrabble-score,ifs,FALSE,20,elitize_generation_data,18,6,0.195,NA
20,82,scrabble-score,ifs,FALSE,20,elitize_generation_data,19,9,0.226,NA
21,82,scrabble-score,ifs,FALSE,20,elitize_generation_data,20,7,0.253,NA
22,82,scrabble-score,ifs,FALSE,20,elitize_generation_data,21,10,0.277,NA
23,82,scrabble-score,ifs,FALSE,20,elitize_generation_data,22,5,0.286,NA
24,82,scrabble-score,ifs,FALSE,20,elitize_generation_data,23,8,0.311,NA
25,82,scrabble-score,ifs,FALSE,20,elitize_generation_data,24,5,0.375,NA
26,82,scrabble-score,ifs,FALSE,20,elitize_generation_data,25,6,0.422,NA
27,82,scrabble-score,ifs,FALSE,20,elitize_generation_data,26,6,0.526,NA
28,82,scrabble-score,ifs,FALSE,20,elitize_generation_data,27,5,0.543,NA
29,82,scrabble-score,ifs,FALSE,20,elitize_generation_data,28,6,0.543,NA
30,82,scrabble-score,ifs,FALSE,20,elitize_generation_data,29,8,0.573,NA
31,82,scrabble-score,ifs,FALSE,20,elitize_generation_data,30,9,0.566,NA
32,82,scrabble-score,ifs,FALSE,20,elitize_generation_data,31,6,0.573,NA
33,82,scrabble-score,ifs,FALSE,20,elitize_generation_data,32,4,0.579,NA
34,82,scrabble-score,ifs,FALSE,20,elitize_generation_data,33,5,0.566,NA
35,82,scrabble-score,ifs,FALSE,20,elitize_generation_data,34,3,0.567,NA
36,82,scrabble-score,ifs,FALSE,20,elitize_generation_data,35,6,0.545,NA
37,82,scrabble-score,ifs,FALSE,20,elitize_generation_data,36,5,0.566,NA
38,82,scrabble-score,ifs,FALSE,20,elitize_generation_data,37,6,0.547,NA
39,82,scrabble-score,ifs,FALSE,20,elitize_generation_data,38,5,0.556,NA
40,82,scrabble-score,ifs,FALSE,20,elitize_generation_data,39,6,0.537,NA
41,82,scrabble-score,ifs,FALSE,20,elitize_generation_data,40,4,0.558,NA
42,82,scrabble-score,ifs,FALSE,20,elitize_generation_data,41,5,0.572,NA
43,82,scrabble-score,ifs,FALSE,20,elitize_generation_data,42,6,0.584,NA
44,82,scrabble-score,ifs,FALSE,20,elitize_generation_data,43,4,0.581,NA
45,82,scrabble-score,ifs,FALSE,20,elitize_generation_data,44,4,0.591,NA
46,82,scrabble-score,ifs,FALSE,20,elitize_generation_data,45,5,0.564,NA
47,82,scrabble-score,ifs,FALSE,20,elitize_generation_data,46,6,0.612,NA
48,82,scrabble-score,ifs,FALSE,20,elitize_generation_data,47,5,0.625,NA
49,82,scrabble-score,ifs,FALSE,20,elitize_generation_data,48,5,0.667,NA
50,82,scrabble-score,ifs,FALSE,20,elitize_generation_data,49,5,0.65,NA
51,82,scrabble-score,ifs,FALSE,20,elitize_generation_data,50,7,0.691,NA
52,82,scrabble-score,ifs,FALSE,20,elitize_generation_data,51,3,0.691,NA
53,82,scrabble-score,ifs,FALSE,20,elitize_generation_data,52,6,0.714,NA
54,82,scrabble-score,ifs,FALSE,20,elitize_generation_data,53,5,0.693,NA
55,82,scrabble-score,ifs,FALSE,20,elitize_generation_data,54,7,0.696,NA
56,82,scrabble-score,ifs,FALSE,20,elitize_generation_data,55,6,0.658,NA
57,82,scrabble-score,ifs,FALSE,20,elitize_generation_data,56,4,0.636,NA
58,82,scrabble-score,ifs,FALSE,20,elitize_generation_data,57,6,0.605,NA
59,82,scrabble-score,ifs,FALSE,20,elitize_generation_data,58,7,0.656,NA
60,82,scrabble-score,ifs,FALSE,20,elitize_generation_data,59,6,0.655,NA
61,82,scrabble-score,ifs,FALSE,20,elitize_generation_data,60,4,0.681,NA
62,82,scrabble-score,ifs,FALSE,20,elitize_generation_data,61,6,0.662,NA
63,82,scrabble-score,ifs,FALSE,20,elitize_generation_data,62,5,0.647,NA
64,82,scrabble-score,ifs,FALSE,20,elitize_generation_data,63,5,0.682,NA
65,82,scrabble-score,ifs,FALSE,20,elitize_generation_data,64,4,0.657,NA
66,82,scrabble-score,ifs,FALSE,20,elitize_generation_data,65,6,0.643,NA
67,82,scrabble-score,ifs,FALSE,20,elitize_generation_data,66,4,0.655,NA
68,82,scrabble-score,ifs,FALSE,20,elitize_generation_data,67,5,0.664,NA
69,82,scrabble-score,ifs,FALSE,20,elitize_generation_data,68,3,0.669,NA
70,82,scrabble-score,ifs,FALSE,20,elitize_generation_data,69,6,0.686,NA
71,82,scrabble-score,ifs,FALSE,20,elitize_generation_data,70,4,0.683,NA
72,82,scrabble-score,ifs,FALSE,20,elitize_generation_data,71,4,0.717,NA
73,82,scrabble-score,ifs,FALSE,20,elitize_generation_data,72,5,0.742,NA
74,82,scrabble-score,ifs,FALSE,20,elitize_generation_data,73,6,0.749,NA
75,82,scrabble-score,ifs,FALSE,20,elitize_generation_data,74,7,0.774,NA
76,82,scrabble-score,ifs,FALSE,20,elitize_generation_data,75,7,0.777,NA
77,82,scrabble-score,ifs,FALSE,20,elitize_generation_data,76,8,0.796,NA
78,82,scrabble-score,ifs,FALSE,20,elitize_generation_data,77,6,0.783,NA
79,82,scrabble-score,ifs,FALSE,20,elitize_generation_data,78,4,0.797,NA
80,82,scrabble-score,ifs,FALSE,20,elitize_generation_data,79,5,0.79,NA
81,82,scrabble-score,ifs,FALSE,20,elitize_generation_data,80,5,0.8,NA
82,82,scrabble-score,ifs,FALSE,20,elitize_generation_data,81,4,0.804,NA
83,82,scrabble-score,ifs,FALSE,20,elitize_generation_data,82,5,0.791,NA
84,82,scrabble-score,ifs,FALSE,20,elitize_generation_data,83,6,0.793,NA
85,82,scrabble-score,ifs,FALSE,20,elitize_generation_data,84,6,0.793,NA
86,82,scrabble-score,ifs,FALSE,20,elitize_generation_data,85,12,0.804,NA
87,82,scrabble-score,ifs,FALSE,20,elitize_generation_data,86,7,0.804,NA
88,82,scrabble-score,ifs,FALSE,20,elitize_generation_data,87,4,0.796,NA
89,82,scrabble-score,ifs,FALSE,20,elitize_generation_data,88,7,0.803,NA
90,82,scrabble-score,ifs,FALSE,20,elitize_generation_data,89,5,0.802,NA
91,82,scrabble-score,ifs,FALSE,20,elitize_generation_data,90,7,0.793,NA
92,82,scrabble-score,ifs,FALSE,20,elitize_generation_data,91,9,0.807,NA
93,82,scrabble-score,ifs,FALSE,20,elitize_generation_data,92,8,0.81,NA
94,82,scrabble-score,ifs,FALSE,20,elitize_generation_data,93,8,0.809,NA
95,82,scrabble-score,ifs,FALSE,20,elitize_generation_data,94,6,0.797,NA
96,82,scrabble-score,ifs,FALSE,20,elitize_generation_data,95,8,0.805,NA
97,82,scrabble-score,ifs,FALSE,20,elitize_generation_data,96,4,0.813,NA
98,82,scrabble-score,ifs,FALSE,20,elitize_generation_data,97,7,0.815,NA
99,82,scrabble-score,ifs,FALSE,20,elitize_generation_data,98,8,0.824,NA
100,82,scrabble-score,ifs,FALSE,20,elitize_generation_data,99,7,0.825,NA
101,82,scrabble-score,ifs,FALSE,20,elitize_generation_data,100,7,0.827,NA
102,82,scrabble-score,ifs,FALSE,20,elitize_generation_data,101,8,0.828,NA
103,82,scrabble-score,ifs,FALSE,20,elitize_generation_data,102,5,0.829,NA
104,82,scrabble-score,ifs,FALSE,20,elitize_generation_data,103,9,0.831,NA
105,82,scrabble-score,ifs,FALSE,20,elitize_generation_data,104,7,0.846,NA
106,82,scrabble-score,ifs,FALSE,20,elitize_generation_data,105,6,0.837,NA
107,82,scrabble-score,ifs,FALSE,20,elitize_generation_data,106,5,0.834,NA
108,82,scrabble-score,ifs,FALSE,20,elitize_generation_data,107,8,0.815,NA
109,82,scrabble-score,ifs,FALSE,20,elitize_generation_data,108,7,0.811,NA
110,82,scrabble-score,ifs,FALSE,20,elitize_generation_data,109,9,0.822,NA
111,82,scrabble-score,ifs,FALSE,20,elitize_generation_data,110,6,0.811,NA
112,82,scrabble-score,ifs,FALSE,20,elitize_generation_data,111,7,0.824,NA
113,82,scrabble-score,ifs,FALSE,20,elitize_generation_data,112,8,0.795,NA
114,82,scrabble-score,ifs,FALSE,20,elitize_generation_data,113,8,0.813,NA
115,82,scrabble-score,ifs,FALSE,20,elitize_generation_data,114,6,0.798,NA
116,82,scrabble-score,ifs,FALSE,20,elitize_generation_data,115,6,0.809,NA
117,82,scrabble-score,ifs,FALSE,20,elitize_generation_data,116,8,0.818,NA
118,82,scrabble-score,ifs,FALSE,20,elitize_generation_data,117,7,0.825,NA
119,82,scrabble-score,ifs,FALSE,20,elitize_generation_data,118,7,0.818,NA
120,82,scrabble-score,ifs,FALSE,20,elitize_generation_data,119,5,0.784,NA
121,82,scrabble-score,ifs,FALSE,20,elitize_generation_data,120,11,0.779,NA
122,82,scrabble-score,ifs,FALSE,20,elitize_generation_data,121,7,0.779,NA
123,82,scrabble-score,ifs,FALSE,20,elitize_generation_data,122,8,0.778,NA
124,82,scrabble-score,ifs,FALSE,20,elitize_generation_data,123,7,0.774,NA
125,82,scrabble-score,ifs,FALSE,20,elitize_generation_data,124,3,0.785,NA
126,82,scrabble-score,ifs,FALSE,20,elitize_generation_data,125,8,0.782,NA
127,82,scrabble-score,ifs,FALSE,20,elitize_generation_data,126,9,0.817,NA
128,82,scrabble-score,ifs,FALSE,20,elitize_generation_data,127,7,0.809,NA
129,82,scrabble-score,ifs,FALSE,20,elitize_generation_data,128,6,0.807,NA
130,82,scrabble-score,ifs,FALSE,20,elitize_generation_data,129,7,0.773,NA
131,82,scrabble-score,ifs,FALSE,20,elitize_generation_data,130,7,0.805,NA
132,82,scrabble-score,ifs,FALSE,20,elitize_generation_data,131,7,0.812,NA
133,82,scrabble-score,ifs,FALSE,20,elitize_generation_data,132,7,0.795,NA
134,82,scrabble-score,ifs,FALSE,20,elitize_generation_data,133,7,0.807,NA
135,82,scrabble-score,ifs,FALSE,20,elitize_generation_data,134,5,0.804,NA
136,82,scrabble-score,ifs,FALSE,20,elitize_generation_data,135,5,0.807,NA
137,82,scrabble-score,ifs,FALSE,20,elitize_generation_data,136,5,0.825,NA
138,82,scrabble-score,ifs,FALSE,20,elitize_generation_data,137,6,0.824,NA
139,82,scrabble-score,ifs,FALSE,20,elitize_generation_data,138,6,0.81,NA
140,82,scrabble-score,ifs,FALSE,20,elitize_generation_data,139,5,0.81,NA
141,82,scrabble-score,ifs,FALSE,20,elitize_generation_data,140,7,0.81,NA
142,82,scrabble-score,ifs,FALSE,20,elitize_generation_data,141,5,0.817,NA
143,82,scrabble-score,ifs,FALSE,20,elitize_generation_data,142,6,0.824,NA
144,82,scrabble-score,ifs,FALSE,20,elitize_generation_data,143,7,0.824,NA
145,82,scrabble-score,ifs,FALSE,20,elitize_generation_data,144,5,0.816,NA
146,82,scrabble-score,ifs,FALSE,20,elitize_generation_data,145,4,0.821,NA
147,82,scrabble-score,ifs,FALSE,20,elitize_generation_data,146,7,0.829,NA
148,82,scrabble-score,ifs,FALSE,20,elitize_generation_data,147,4,0.833,NA
149,82,scrabble-score,ifs,FALSE,20,elitize_generation_data,148,8,0.802,NA
150,82,scrabble-score,ifs,FALSE,20,elitize_generation_data,149,10,0.804,NA
151,82,scrabble-score,ifs,FALSE,20,elitize_generation_data,150,5,0.824,NA
152,82,scrabble-score,ifs,FALSE,20,elitize_generation_data,151,7,0.808,NA
153,82,scrabble-score,ifs,FALSE,20,elitize_generation_data,152,7,0.809,NA
154,82,scrabble-score,ifs,FALSE,20,elitize_generation_data,153,7,0.8,NA
155,82,scrabble-score,ifs,FALSE,20,elitize_generation_data,154,8,0.81,NA
156,82,scrabble-score,ifs,FALSE,20,elitize_generation_data,155,8,0.787,NA
157,82,scrabble-score,ifs,FALSE,20,elitize_generation_data,156,5,0.808,NA
158,82,scrabble-score,ifs,FALSE,20,elitize_generation_data,157,6,0.796,NA
159,82,scrabble-score,ifs,FALSE,20,elitize_generation_data,158,7,0.796,NA
160,82,scrabble-score,ifs,FALSE,20,elitize_generation_data,159,5,0.781,NA
161,82,scrabble-score,ifs,FALSE,20,elitize_generation_data,160,9,0.784,NA
162,82,scrabble-score,ifs,FALSE,20,elitize_generation_data,161,7,0.77,NA
163,82,scrabble-score,ifs,FALSE,20,elitize_generation_data,162,8,0.784,NA
164,82,scrabble-score,ifs,FALSE,20,elitize_generation_data,163,5,0.79,NA
165,82,scrabble-score,ifs,FALSE,20,elitize_generation_data,164,10,0.797,NA
166,82,scrabble-score,ifs,FALSE,20,elitize_generation_data,165,11,0.785,NA
167,82,scrabble-score,ifs,FALSE,20,elitize_generation_data,166,10,0.792,NA
168,82,scrabble-score,ifs,FALSE,20,elitize_generation_data,167,9,0.808,NA
169,82,scrabble-score,ifs,FALSE,20,elitize_generation_data,168,5,0.789,NA
170,82,scrabble-score,ifs,FALSE,20,elitize_generation_data,169,9,0.817,NA
171,82,scrabble-score,ifs,FALSE,20,elitize_generation_data,170,7,0.808,NA
172,82,scrabble-score,ifs,FALSE,20,elitize_generation_data,171,8,0.826,NA
173,82,scrabble-score,ifs,FALSE,20,elitize_generation_data,172,5,0.814,NA
174,82,scrabble-score,ifs,FALSE,20,elitize_generation_data,173,6,0.813,NA
175,82,scrabble-score,ifs,FALSE,20,elitize_generation_data,174,11,0.811,NA
176,82,scrabble-score,ifs,FALSE,20,elitize_generation_data,175,6,0.802,NA
177,82,scrabble-score,ifs,FALSE,20,elitize_generation_data,176,8,0.812,NA
178,82,scrabble-score,ifs,FALSE,20,elitize_generation_data,177,10,0.825,NA
179,82,scrabble-score,ifs,FALSE,20,elitize_generation_data,178,8,0.795,NA
180,82,scrabble-score,ifs,FALSE,20,elitize_generation_data,179,8,0.812,NA
181,82,scrabble-score,ifs,FALSE,20,elitize_generation_data,180,6,0.824,NA
182,82,scrabble-score,ifs,FALSE,20,elitize_generation_data,181,3,0.81,NA
183,82,scrabble-score,ifs,FALSE,20,elitize_generation_data,182,6,0.811,NA
184,82,scrabble-score,ifs,FALSE,20,elitize_generation_data,183,12,0.817,NA
185,82,scrabble-score,ifs,FALSE,20,elitize_generation_data,184,8,0.841,NA
186,82,scrabble-score,ifs,FALSE,20,elitize_generation_data,185,9,0.828,NA
187,82,scrabble-score,ifs,FALSE,20,elitize_generation_data,186,4,0.823,NA
188,82,scrabble-score,ifs,FALSE,20,elitize_generation_data,187,13,0.829,NA
189,82,scrabble-score,ifs,FALSE,20,elitize_generation_data,188,8,0.833,NA
190,82,scrabble-score,ifs,FALSE,20,elitize_generation_data,189,11,0.844,NA
191,82,scrabble-score,ifs,FALSE,20,elitize_generation_data,190,6,0.842,NA
192,82,scrabble-score,ifs,FALSE,20,elitize_generation_data,191,9,0.822,NA
193,82,scrabble-score,ifs,FALSE,20,elitize_generation_data,192,5,0.798,NA
194,82,scrabble-score,ifs,FALSE,20,elitize_generation_data,193,5,0.828,NA
195,82,scrabble-score,ifs,FALSE,20,elitize_generation_data,194,6,0.812,NA
196,82,scrabble-score,ifs,FALSE,20,elitize_generation_data,195,10,0.823,NA
197,82,scrabble-score,ifs,FALSE,20,elitize_generation_data,196,7,0.829,NA
198,82,scrabble-score,ifs,FALSE,20,elitize_generation_data,197,7,0.806,NA
199,82,scrabble-score,ifs,FALSE,20,elitize_generation_data,198,9,0.828,NA
200,82,scrabble-score,ifs,FALSE,20,elitize_generation_data,199,6,0.805,NA
201,82,scrabble-score,ifs,FALSE,20,elitize_generation_data,200,7,0.828,NA
202,82,scrabble-score,ifs,FALSE,20,elitize_generation_data,201,8,0.817,NA
203,82,scrabble-score,ifs,FALSE,20,elitize_generation_data,202,8,0.796,NA
204,82,scrabble-score,ifs,FALSE,20,elitize_generation_data,203,7,0.807,NA
205,82,scrabble-score,ifs,FALSE,20,elitize_generation_data,204,7,0.797,NA
206,82,scrabble-score,ifs,FALSE,20,elitize_generation_data,205,8,0.79,NA
207,82,scrabble-score,ifs,FALSE,20,elitize_generation_data,206,7,0.817,NA
208,82,scrabble-score,ifs,FALSE,20,elitize_generation_data,207,7,0.805,NA
209,82,scrabble-score,ifs,FALSE,20,elitize_generation_data,208,7,0.801,NA
210,82,scrabble-score,ifs,FALSE,20,elitize_generation_data,209,6,0.799,NA
211,82,scrabble-score,ifs,FALSE,20,elitize_generation_data,210,6,0.826,NA
212,82,scrabble-score,ifs,FALSE,20,elitize_generation_data,211,8,0.822,NA
213,82,scrabble-score,ifs,FALSE,20,elitize_generation_data,212,5,0.807,NA
214,82,scrabble-score,ifs,FALSE,20,elitize_generation_data,213,8,0.806,NA
215,82,scrabble-score,ifs,FALSE,20,elitize_generation_data,214,6,0.809,NA
216,82,scrabble-score,ifs,FALSE,20,elitize_generation_data,215,8,0.815,NA
217,82,scrabble-score,ifs,FALSE,20,elitize_generation_data,216,6,0.804,NA
218,82,scrabble-score,ifs,FALSE,20,elitize_generation_data,217,9,0.792,NA
219,82,scrabble-score,ifs,FALSE,20,elitize_generation_data,218,6,0.777,NA
220,82,scrabble-score,ifs,FALSE,20,elitize_generation_data,219,5,0.797,NA
221,82,scrabble-score,ifs,FALSE,20,elitize_generation_data,220,6,0.798,NA
222,82,scrabble-score,ifs,FALSE,20,elitize_generation_data,221,6,0.807,NA
223,82,scrabble-score,ifs,FALSE,20,elitize_generation_data,222,7,0.825,NA
224,82,scrabble-score,ifs,FALSE,20,elitize_generation_data,223,8,0.81,NA
225,82,scrabble-score,ifs,FALSE,20,elitize_generation_data,224,8,0.812,NA
226,82,scrabble-score,ifs,FALSE,20,elitize_generation_data,225,8,0.79,NA
227,82,scrabble-score,ifs,FALSE,20,elitize_generation_data,226,8,0.797,NA
228,82,scrabble-score,ifs,FALSE,20,elitize_generation_data,227,8,0.816,NA
229,82,scrabble-score,ifs,FALSE,20,elitize_generation_data,228,8,0.795,NA
230,82,scrabble-score,ifs,FALSE,20,elitize_generation_data,229,7,0.797,NA
231,82,scrabble-score,ifs,FALSE,20,elitize_generation_data,230,5,0.812,NA
232,82,scrabble-score,ifs,FALSE,20,elitize_generation_data,231,6,0.843,NA
233,82,scrabble-score,ifs,FALSE,20,elitize_generation_data,232,6,0.844,NA
234,82,scrabble-score,ifs,FALSE,20,elitize_generation_data,233,4,0.817,NA
235,82,scrabble-score,ifs,FALSE,20,elitize_generation_data,234,5,0.794,NA
236,82,scrabble-score,ifs,FALSE,20,elitize_generation_data,235,5,0.784,NA
237,82,scrabble-score,ifs,FALSE,20,elitize_generation_data,236,6,0.809,NA
238,82,scrabble-score,ifs,FALSE,20,elitize_generation_data,237,6,0.82,NA
239,82,scrabble-score,ifs,FALSE,20,elitize_generation_data,238,9,0.821,NA
240,82,scrabble-score,ifs,FALSE,20,elitize_generation_data,239,7,0.813,NA
241,82,scrabble-score,ifs,FALSE,20,elitize_generation_data,240,9,0.838,NA
242,82,scrabble-score,ifs,FALSE,20,elitize_generation_data,241,8,0.864,NA
243,82,scrabble-score,ifs,FALSE,20,elitize_generation_data,242,6,0.84,NA
244,82,scrabble-score,ifs,FALSE,20,elitize_generation_data,243,8,0.839,NA
245,82,scrabble-score,ifs,FALSE,20,elitize_generation_data,244,4,0.814,NA
246,82,scrabble-score,ifs,FALSE,20,elitize_generation_data,245,7,0.817,NA
247,82,scrabble-score,ifs,FALSE,20,elitize_generation_data,246,6,0.813,NA
248,82,scrabble-score,ifs,FALSE,20,elitize_generation_data,247,7,0.798,NA
249,82,scrabble-score,ifs,FALSE,20,elitize_generation_data,248,5,0.818,NA
250,82,scrabble-score,ifs,FALSE,20,elitize_generation_data,249,5,0.835,NA
251,82,scrabble-score,ifs,FALSE,20,elitize_generation_data,250,7,0.811,NA
252,82,scrabble-score,ifs,FALSE,20,elitize_generation_data,251,9,0.818,NA
253,82,scrabble-score,ifs,FALSE,20,elitize_generation_data,252,4,0.788,NA
254,82,scrabble-score,ifs,FALSE,20,elitize_generation_data,253,6,0.813,NA
255,82,scrabble-score,ifs,FALSE,20,elitize_generation_data,254,8,0.8,NA
256,82,scrabble-score,ifs,FALSE,20,elitize_generation_data,255,6,0.813,NA
257,82,scrabble-score,ifs,FALSE,20,elitize_generation_data,256,4,0.812,NA
258,82,scrabble-score,ifs,FALSE,20,elitize_generation_data,257,7,0.837,NA
259,82,scrabble-score,ifs,FALSE,20,elitize_generation_data,258,8,0.852,NA
260,82,scrabble-score,ifs,FALSE,20,elitize_generation_data,259,7,0.827,NA
261,82,scrabble-score,ifs,FALSE,20,elitize_generation_data,260,8,0.851,NA
262,82,scrabble-score,ifs,FALSE,20,elitize_generation_data,261,4,0.841,NA
263,82,scrabble-score,ifs,FALSE,20,elitize_generation_data,262,9,0.844,NA
264,82,scrabble-score,ifs,FALSE,20,elitize_generation_data,263,8,0.824,NA
265,82,scrabble-score,ifs,FALSE,20,elitize_generation_data,264,6,0.825,NA
266,82,scrabble-score,ifs,FALSE,20,elitize_generation_data,265,8,0.834,NA
267,82,scrabble-score,ifs,FALSE,20,elitize_generation_data,266,4,0.829,NA
268,82,scrabble-score,ifs,FALSE,20,elitize_generation_data,267,7,0.853,NA
269,82,scrabble-score,ifs,FALSE,20,elitize_generation_data,268,6,0.842,NA
270,82,scrabble-score,ifs,FALSE,20,elitize_generation_data,269,4,0.835,NA
271,82,scrabble-score,ifs,FALSE,20,elitize_generation_data,270,9,0.845,NA
272,82,scrabble-score,ifs,FALSE,20,elitize_generation_data,271,6,0.821,NA
273,82,scrabble-score,ifs,FALSE,20,elitize_generation_data,272,5,0.852,NA
274,82,scrabble-score,ifs,FALSE,20,elitize_generation_data,273,9,0.84,NA
275,82,scrabble-score,ifs,FALSE,20,elitize_generation_data,274,10,0.853,NA
276,82,scrabble-score,ifs,FALSE,20,elitize_generation_data,275,5,0.842,NA
277,82,scrabble-score,ifs,FALSE,20,elitize_generation_data,276,8,0.836,NA
278,82,scrabble-score,ifs,FALSE,20,elitize_generation_data,277,5,0.855,NA
279,82,scrabble-score,ifs,FALSE,20,elitize_generation_data,278,5,0.825,NA
280,82,scrabble-score,ifs,FALSE,20,elitize_generation_data,279,5,0.846,NA
281,82,scrabble-score,ifs,FALSE,20,elitize_generation_data,280,7,0.831,NA
282,82,scrabble-score,ifs,FALSE,20,elitize_generation_data,281,6,0.798,NA
283,82,scrabble-score,ifs,FALSE,20,elitize_generation_data,282,5,0.844,NA
284,82,scrabble-score,ifs,FALSE,20,elitize_generation_data,283,5,0.845,NA
285,82,scrabble-score,ifs,FALSE,20,elitize_generation_data,284,5,0.849,NA
286,82,scrabble-score,ifs,FALSE,20,elitize_generation_data,285,4,0.847,NA
287,82,scrabble-score,ifs,FALSE,20,elitize_generation_data,286,5,0.855,NA
288,82,scrabble-score,ifs,FALSE,20,elitize_generation_data,287,6,0.847,NA
289,82,scrabble-score,ifs,FALSE,20,elitize_generation_data,288,9,0.842,NA
290,82,scrabble-score,ifs,FALSE,20,elitize_generation_data,289,6,0.832,NA
291,82,scrabble-score,ifs,FALSE,20,elitize_generation_data,290,6,0.836,NA
292,82,scrabble-score,ifs,FALSE,20,elitize_generation_data,291,5,0.818,NA
293,82,scrabble-score,ifs,FALSE,20,elitize_generation_data,292,4,0.817,NA
294,82,scrabble-score,ifs,FALSE,20,elitize_generation_data,293,6,0.821,NA
295,82,scrabble-score,ifs,FALSE,20,elitize_generation_data,294,6,0.837,NA
296,82,scrabble-score,ifs,FALSE,20,elitize_generation_data,295,4,0.847,NA
297,82,scrabble-score,ifs,FALSE,20,elitize_generation_data,296,4,0.824,NA
298,82,scrabble-score,ifs,FALSE,20,elitize_generation_data,297,5,0.843,NA
299,82,scrabble-score,ifs,FALSE,20,elitize_generation_data,298,6,0.832,NA
300,82,scrabble-score,ifs,FALSE,20,elitize_generation_data,299,5,0.831,NA
301,82,scrabble-score,ifs,FALSE,20,elitize_generation_data,300,4,0.801,NA
