,run.num,problem,treatment,succeeded,height,normalization.function,generation,cluster.count,error.diversity,success.generation
1,99,scrabble-score,ifs,FALSE,20,elitize_generation_data,0,4,0.105,NA
2,99,scrabble-score,ifs,FALSE,20,elitize_generation_data,1,6,0.069,NA
3,99,scrabble-score,ifs,FALSE,20,elitize_generation_data,2,4,0.054,NA
4,99,scrabble-score,ifs,FALSE,20,elitize_generation_data,3,3,0.048,NA
5,99,scrabble-score,ifs,FALSE,20,elitize_generation_data,4,7,0.022,NA
6,99,scrabble-score,ifs,FALSE,20,elitize_generation_data,5,7,0.023,NA
7,99,scrabble-score,ifs,FALSE,20,elitize_generation_data,6,8,0.031,NA
8,99,scrabble-score,ifs,FALSE,20,elitize_generation_data,7,8,0.034,NA
9,99,scrabble-score,ifs,FALSE,20,elitize_generation_data,8,9,0.04,NA
10,99,scrabble-score,ifs,FALSE,20,elitize_generation_data,9,9,0.04,NA
11,99,scrabble-score,ifs,FALSE,20,elitize_generation_data,10,10,0.047,NA
12,99,scrabble-score,ifs,FALSE,20,elitize_generation_data,11,7,0.038,NA
13,99,scrabble-score,ifs,FALSE,20,elitize_generation_data,12,7,0.045,NA
14,99,scrabble-score,ifs,FALSE,20,elitize_generation_data,13,6,0.055,NA
15,99,scrabble-score,ifs,FALSE,20,elitize_generation_data,14,6,0.048,NA
16,99,scrabble-score,ifs,FALSE,20,elitize_generation_data,15,7,0.048,NA
17,99,scrabble-score,ifs,FALSE,20,elitize_generation_data,16,10,0.057,NA
18,99,scrabble-score,ifs,FALSE,20,elitize_generation_data,17,10,0.048,NA
19,99,scrabble-score,ifs,FALSE,20,elitize_generation_data,18,8,0.059,NA
20,99,scrabble-score,ifs,FALSE,20,elitize_generation_data,19,7,0.059,NA
21,99,scrabble-score,ifs,FALSE,20,elitize_generation_data,20,6,0.077,NA
22,99,scrabble-score,ifs,FALSE,20,elitize_generation_data,21,6,0.087,NA
23,99,scrabble-score,ifs,FALSE,20,elitize_generation_data,22,6,0.115,NA
24,99,scrabble-score,ifs,FALSE,20,elitize_generation_data,23,5,0.151,NA
25,99,scrabble-score,ifs,FALSE,20,elitize_generation_data,24,7,0.169,NA
26,99,scrabble-score,ifs,FALSE,20,elitize_generation_data,25,5,0.156,NA
27,99,scrabble-score,ifs,FALSE,20,elitize_generation_data,26,8,0.159,NA
28,99,scrabble-score,ifs,FALSE,20,elitize_generation_data,27,4,0.188,NA
29,99,scrabble-score,ifs,FALSE,20,elitize_generation_data,28,5,0.189,NA
30,99,scrabble-score,ifs,FALSE,20,elitize_generation_data,29,7,0.182,NA
31,99,scrabble-score,ifs,FALSE,20,elitize_generation_data,30,7,0.168,NA
32,99,scrabble-score,ifs,FALSE,20,elitize_generation_data,31,6,0.18,NA
33,99,scrabble-score,ifs,FALSE,20,elitize_generation_data,32,9,0.188,NA
34,99,scrabble-score,ifs,FALSE,20,elitize_generation_data,33,8,0.187,NA
35,99,scrabble-score,ifs,FALSE,20,elitize_generation_data,34,6,0.254,NA
36,99,scrabble-score,ifs,FALSE,20,elitize_generation_data,35,6,0.271,NA
37,99,scrabble-score,ifs,FALSE,20,elitize_generation_data,36,9,0.229,NA
38,99,scrabble-score,ifs,FALSE,20,elitize_generation_data,37,8,0.233,NA
39,99,scrabble-score,ifs,FALSE,20,elitize_generation_data,38,6,0.224,NA
40,99,scrabble-score,ifs,FALSE,20,elitize_generation_data,39,9,0.242,NA
41,99,scrabble-score,ifs,FALSE,20,elitize_generation_data,40,7,0.252,NA
42,99,scrabble-score,ifs,FALSE,20,elitize_generation_data,41,7,0.249,NA
43,99,scrabble-score,ifs,FALSE,20,elitize_generation_data,42,7,0.282,NA
44,99,scrabble-score,ifs,FALSE,20,elitize_generation_data,43,10,0.293,NA
45,99,scrabble-score,ifs,FALSE,20,elitize_generation_data,44,8,0.288,NA
46,99,scrabble-score,ifs,FALSE,20,elitize_generation_data,45,9,0.212,NA
47,99,scrabble-score,ifs,FALSE,20,elitize_generation_data,46,9,0.172,NA
48,99,scrabble-score,ifs,FALSE,20,elitize_generation_data,47,11,0.198,NA
49,99,scrabble-score,ifs,FALSE,20,elitize_generation_data,48,9,0.177,NA
50,99,scrabble-score,ifs,FALSE,20,elitize_generation_data,49,8,0.172,NA
51,99,scrabble-score,ifs,FALSE,20,elitize_generation_data,50,8,0.201,NA
52,99,scrabble-score,ifs,FALSE,20,elitize_generation_data,51,11,0.215,NA
53,99,scrabble-score,ifs,FALSE,20,elitize_generation_data,52,7,0.209,NA
54,99,scrabble-score,ifs,FALSE,20,elitize_generation_data,53,9,0.217,NA
55,99,scrabble-score,ifs,FALSE,20,elitize_generation_data,54,9,0.216,NA
56,99,scrabble-score,ifs,FALSE,20,elitize_generation_data,55,8,0.202,NA
57,99,scrabble-score,ifs,FALSE,20,elitize_generation_data,56,9,0.202,NA
58,99,scrabble-score,ifs,FALSE,20,elitize_generation_data,57,9,0.253,NA
59,99,scrabble-score,ifs,FALSE,20,elitize_generation_data,58,9,0.238,NA
60,99,scrabble-score,ifs,FALSE,20,elitize_generation_data,59,11,0.22,NA
61,99,scrabble-score,ifs,FALSE,20,elitize_generation_data,60,8,0.215,NA
62,99,scrabble-score,ifs,FALSE,20,elitize_generation_data,61,8,0.221,NA
63,99,scrabble-score,ifs,FALSE,20,elitize_generation_data,62,10,0.223,NA
64,99,scrabble-score,ifs,FALSE,20,elitize_generation_data,63,9,0.233,NA
65,99,scrabble-score,ifs,FALSE,20,elitize_generation_data,64,9,0.244,NA
66,99,scrabble-score,ifs,FALSE,20,elitize_generation_data,65,8,0.228,NA
67,99,scrabble-score,ifs,FALSE,20,elitize_generation_data,66,11,0.218,NA
68,99,scrabble-score,ifs,FALSE,20,elitize_generation_data,67,10,0.228,NA
69,99,scrabble-score,ifs,FALSE,20,elitize_generation_data,68,9,0.241,NA
70,99,scrabble-score,ifs,FALSE,20,elitize_generation_data,69,10,0.229,NA
71,99,scrabble-score,ifs,FALSE,20,elitize_generation_data,70,9,0.238,NA
72,99,scrabble-score,ifs,FALSE,20,elitize_generation_data,71,9,0.245,NA
73,99,scrabble-score,ifs,FALSE,20,elitize_generation_data,72,10,0.261,NA
74,99,scrabble-score,ifs,FALSE,20,elitize_generation_data,73,8,0.24,NA
75,99,scrabble-score,ifs,FALSE,20,elitize_generation_data,74,10,0.27,NA
76,99,scrabble-score,ifs,FALSE,20,elitize_generation_data,75,11,0.263,NA
77,99,scrabble-score,ifs,FALSE,20,elitize_generation_data,76,8,0.278,NA
78,99,scrabble-score,ifs,FALSE,20,elitize_generation_data,77,8,0.272,NA
79,99,scrabble-score,ifs,FALSE,20,elitize_generation_data,78,10,0.314,NA
80,99,scrabble-score,ifs,FALSE,20,elitize_generation_data,79,7,0.326,NA
81,99,scrabble-score,ifs,FALSE,20,elitize_generation_data,80,11,0.282,NA
82,99,scrabble-score,ifs,FALSE,20,elitize_generation_data,81,7,0.293,NA
83,99,scrabble-score,ifs,FALSE,20,elitize_generation_data,82,9,0.316,NA
84,99,scrabble-score,ifs,FALSE,20,elitize_generation_data,83,9,0.273,NA
85,99,scrabble-score,ifs,FALSE,20,elitize_generation_data,84,7,0.293,NA
86,99,scrabble-score,ifs,FALSE,20,elitize_generation_data,85,10,0.318,NA
87,99,scrabble-score,ifs,FALSE,20,elitize_generation_data,86,10,0.328,NA
88,99,scrabble-score,ifs,FALSE,20,elitize_generation_data,87,8,0.315,NA
89,99,scrabble-score,ifs,FALSE,20,elitize_generation_data,88,11,0.296,NA
90,99,scrabble-score,ifs,FALSE,20,elitize_generation_data,89,9,0.326,NA
91,99,scrabble-score,ifs,FALSE,20,elitize_generation_data,90,12,0.37,NA
92,99,scrabble-score,ifs,FALSE,20,elitize_generation_data,91,18,0.402,NA
93,99,scrabble-score,ifs,FALSE,20,elitize_generation_data,92,25,0.427,NA
94,99,scrabble-score,ifs,FALSE,20,elitize_generation_data,93,12,0.483,NA
95,99,scrabble-score,ifs,FALSE,20,elitize_generation_data,94,10,0.466,NA
96,99,scrabble-score,ifs,FALSE,20,elitize_generation_data,95,14,0.429,NA
97,99,scrabble-score,ifs,FALSE,20,elitize_generation_data,96,9,0.446,NA
98,99,scrabble-score,ifs,FALSE,20,elitize_generation_data,97,9,0.481,NA
99,99,scrabble-score,ifs,FALSE,20,elitize_generation_data,98,10,0.478,NA
100,99,scrabble-score,ifs,FALSE,20,elitize_generation_data,99,9,0.475,NA
101,99,scrabble-score,ifs,FALSE,20,elitize_generation_data,100,12,0.465,NA
102,99,scrabble-score,ifs,FALSE,20,elitize_generation_data,101,11,0.505,NA
103,99,scrabble-score,ifs,FALSE,20,elitize_generation_data,102,13,0.491,NA
104,99,scrabble-score,ifs,FALSE,20,elitize_generation_data,103,19,0.477,NA
105,99,scrabble-score,ifs,FALSE,20,elitize_generation_data,104,11,0.522,NA
106,99,scrabble-score,ifs,FALSE,20,elitize_generation_data,105,19,0.466,NA
107,99,scrabble-score,ifs,FALSE,20,elitize_generation_data,106,28,0.495,NA
108,99,scrabble-score,ifs,FALSE,20,elitize_generation_data,107,15,0.492,NA
109,99,scrabble-score,ifs,FALSE,20,elitize_generation_data,108,14,0.457,NA
110,99,scrabble-score,ifs,FALSE,20,elitize_generation_data,109,20,0.48,NA
111,99,scrabble-score,ifs,FALSE,20,elitize_generation_data,110,13,0.507,NA
112,99,scrabble-score,ifs,FALSE,20,elitize_generation_data,111,16,0.537,NA
113,99,scrabble-score,ifs,FALSE,20,elitize_generation_data,112,13,0.544,NA
114,99,scrabble-score,ifs,FALSE,20,elitize_generation_data,113,13,0.571,NA
115,99,scrabble-score,ifs,FALSE,20,elitize_generation_data,114,15,0.524,NA
116,99,scrabble-score,ifs,FALSE,20,elitize_generation_data,115,16,0.522,NA
117,99,scrabble-score,ifs,FALSE,20,elitize_generation_data,116,18,0.497,NA
118,99,scrabble-score,ifs,FALSE,20,elitize_generation_data,117,16,0.467,NA
119,99,scrabble-score,ifs,FALSE,20,elitize_generation_data,118,18,0.48,NA
120,99,scrabble-score,ifs,FALSE,20,elitize_generation_data,119,14,0.455,NA
121,99,scrabble-score,ifs,FALSE,20,elitize_generation_data,120,11,0.465,NA
122,99,scrabble-score,ifs,FALSE,20,elitize_generation_data,121,10,0.459,NA
123,99,scrabble-score,ifs,FALSE,20,elitize_generation_data,122,14,0.482,NA
124,99,scrabble-score,ifs,FALSE,20,elitize_generation_data,123,19,0.48,NA
125,99,scrabble-score,ifs,FALSE,20,elitize_generation_data,124,13,0.472,NA
126,99,scrabble-score,ifs,FALSE,20,elitize_generation_data,125,15,0.486,NA
127,99,scrabble-score,ifs,FALSE,20,elitize_generation_data,126,16,0.474,NA
128,99,scrabble-score,ifs,FALSE,20,elitize_generation_data,127,12,0.487,NA
129,99,scrabble-score,ifs,FALSE,20,elitize_generation_data,128,17,0.509,NA
130,99,scrabble-score,ifs,FALSE,20,elitize_generation_data,129,12,0.505,NA
131,99,scrabble-score,ifs,FALSE,20,elitize_generation_data,130,18,0.527,NA
132,99,scrabble-score,ifs,FALSE,20,elitize_generation_data,131,15,0.563,NA
133,99,scrabble-score,ifs,FALSE,20,elitize_generation_data,132,17,0.588,NA
134,99,scrabble-score,ifs,FALSE,20,elitize_generation_data,133,34,0.609,NA
135,99,scrabble-score,ifs,FALSE,20,elitize_generation_data,134,22,0.618,NA
136,99,scrabble-score,ifs,FALSE,20,elitize_generation_data,135,22,0.576,NA
137,99,scrabble-score,ifs,FALSE,20,elitize_generation_data,136,16,0.601,NA
138,99,scrabble-score,ifs,FALSE,20,elitize_generation_data,137,12,0.615,NA
139,99,scrabble-score,ifs,FALSE,20,elitize_generation_data,138,14,0.582,NA
140,99,scrabble-score,ifs,FALSE,20,elitize_generation_data,139,18,0.616,NA
141,99,scrabble-score,ifs,FALSE,20,elitize_generation_data,140,21,0.617,NA
142,99,scrabble-score,ifs,FALSE,20,elitize_generation_data,141,21,0.604,NA
143,99,scrabble-score,ifs,FALSE,20,elitize_generation_data,142,15,0.616,NA
144,99,scrabble-score,ifs,FALSE,20,elitize_generation_data,143,19,0.604,NA
145,99,scrabble-score,ifs,FALSE,20,elitize_generation_data,144,25,0.603,NA
146,99,scrabble-score,ifs,FALSE,20,elitize_generation_data,145,22,0.609,NA
147,99,scrabble-score,ifs,FALSE,20,elitize_generation_data,146,19,0.593,NA
148,99,scrabble-score,ifs,FALSE,20,elitize_generation_data,147,19,0.605,NA
149,99,scrabble-score,ifs,FALSE,20,elitize_generation_data,148,15,0.613,NA
150,99,scrabble-score,ifs,FALSE,20,elitize_generation_data,149,19,0.61,NA
151,99,scrabble-score,ifs,FALSE,20,elitize_generation_data,150,18,0.593,NA
152,99,scrabble-score,ifs,FALSE,20,elitize_generation_data,151,14,0.601,NA
153,99,scrabble-score,ifs,FALSE,20,elitize_generation_data,152,21,0.575,NA
154,99,scrabble-score,ifs,FALSE,20,elitize_generation_data,153,21,0.592,NA
155,99,scrabble-score,ifs,FALSE,20,elitize_generation_data,154,17,0.611,NA
156,99,scrabble-score,ifs,FALSE,20,elitize_generation_data,155,18,0.645,NA
157,99,scrabble-score,ifs,FALSE,20,elitize_generation_data,156,27,0.594,NA
158,99,scrabble-score,ifs,FALSE,20,elitize_generation_data,157,13,0.595,NA
159,99,scrabble-score,ifs,FALSE,20,elitize_generation_data,158,16,0.615,NA
160,99,scrabble-score,ifs,FALSE,20,elitize_generation_data,159,20,0.588,NA
161,99,scrabble-score,ifs,FALSE,20,elitize_generation_data,160,20,0.602,NA
162,99,scrabble-score,ifs,FALSE,20,elitize_generation_data,161,16,0.607,NA
163,99,scrabble-score,ifs,FALSE,20,elitize_generation_data,162,25,0.589,NA
164,99,scrabble-score,ifs,FALSE,20,elitize_generation_data,163,29,0.578,NA
165,99,scrabble-score,ifs,FALSE,20,elitize_generation_data,164,13,0.598,NA
166,99,scrabble-score,ifs,FALSE,20,elitize_generation_data,165,18,0.615,NA
167,99,scrabble-score,ifs,FALSE,20,elitize_generation_data,166,24,0.595,NA
168,99,scrabble-score,ifs,FALSE,20,elitize_generation_data,167,13,0.609,NA
169,99,scrabble-score,ifs,FALSE,20,elitize_generation_data,168,20,0.641,NA
170,99,scrabble-score,ifs,FALSE,20,elitize_generation_data,169,15,0.627,NA
171,99,scrabble-score,ifs,FALSE,20,elitize_generation_data,170,26,0.61,NA
172,99,scrabble-score,ifs,FALSE,20,elitize_generation_data,171,13,0.629,NA
173,99,scrabble-score,ifs,FALSE,20,elitize_generation_data,172,13,0.664,NA
174,99,scrabble-score,ifs,FALSE,20,elitize_generation_data,173,17,0.664,NA
175,99,scrabble-score,ifs,FALSE,20,elitize_generation_data,174,14,0.635,NA
176,99,scrabble-score,ifs,FALSE,20,elitize_generation_data,175,16,0.624,NA
177,99,scrabble-score,ifs,FALSE,20,elitize_generation_data,176,16,0.623,NA
178,99,scrabble-score,ifs,FALSE,20,elitize_generation_data,177,16,0.664,NA
179,99,scrabble-score,ifs,FALSE,20,elitize_generation_data,178,22,0.655,NA
180,99,scrabble-score,ifs,FALSE,20,elitize_generation_data,179,29,0.671,NA
181,99,scrabble-score,ifs,FALSE,20,elitize_generation_data,180,11,0.654,NA
182,99,scrabble-score,ifs,FALSE,20,elitize_generation_data,181,31,0.651,NA
183,99,scrabble-score,ifs,FALSE,20,elitize_generation_data,182,32,0.686,NA
184,99,scrabble-score,ifs,FALSE,20,elitize_generation_data,183,17,0.675,NA
185,99,scrabble-score,ifs,FALSE,20,elitize_generation_data,184,18,0.704,NA
186,99,scrabble-score,ifs,FALSE,20,elitize_generation_data,185,17,0.665,NA
187,99,scrabble-score,ifs,FALSE,20,elitize_generation_data,186,9,0.676,NA
188,99,scrabble-score,ifs,FALSE,20,elitize_generation_data,187,20,0.692,NA
189,99,scrabble-score,ifs,FALSE,20,elitize_generation_data,188,22,0.68,NA
190,99,scrabble-score,ifs,FALSE,20,elitize_generation_data,189,14,0.662,NA
191,99,scrabble-score,ifs,FALSE,20,elitize_generation_data,190,14,0.671,NA
192,99,scrabble-score,ifs,FALSE,20,elitize_generation_data,191,20,0.613,NA
193,99,scrabble-score,ifs,FALSE,20,elitize_generation_data,192,26,0.625,NA
194,99,scrabble-score,ifs,FALSE,20,elitize_generation_data,193,25,0.614,NA
195,99,scrabble-score,ifs,FALSE,20,elitize_generation_data,194,19,0.657,NA
196,99,scrabble-score,ifs,FALSE,20,elitize_generation_data,195,17,0.629,NA
197,99,scrabble-score,ifs,FALSE,20,elitize_generation_data,196,20,0.643,NA
198,99,scrabble-score,ifs,FALSE,20,elitize_generation_data,197,19,0.644,NA
199,99,scrabble-score,ifs,FALSE,20,elitize_generation_data,198,21,0.654,NA
200,99,scrabble-score,ifs,FALSE,20,elitize_generation_data,199,28,0.64,NA
201,99,scrabble-score,ifs,FALSE,20,elitize_generation_data,200,23,0.641,NA
202,99,scrabble-score,ifs,FALSE,20,elitize_generation_data,201,18,0.656,NA
203,99,scrabble-score,ifs,FALSE,20,elitize_generation_data,202,28,0.635,NA
204,99,scrabble-score,ifs,FALSE,20,elitize_generation_data,203,19,0.631,NA
205,99,scrabble-score,ifs,FALSE,20,elitize_generation_data,204,16,0.629,NA
206,99,scrabble-score,ifs,FALSE,20,elitize_generation_data,205,20,0.623,NA
207,99,scrabble-score,ifs,FALSE,20,elitize_generation_data,206,14,0.634,NA
208,99,scrabble-score,ifs,FALSE,20,elitize_generation_data,207,11,0.646,NA
209,99,scrabble-score,ifs,FALSE,20,elitize_generation_data,208,18,0.616,NA
210,99,scrabble-score,ifs,FALSE,20,elitize_generation_data,209,20,0.637,NA
211,99,scrabble-score,ifs,FALSE,20,elitize_generation_data,210,14,0.649,NA
212,99,scrabble-score,ifs,FALSE,20,elitize_generation_data,211,23,0.628,NA
213,99,scrabble-score,ifs,FALSE,20,elitize_generation_data,212,24,0.637,NA
214,99,scrabble-score,ifs,FALSE,20,elitize_generation_data,213,26,0.655,NA
215,99,scrabble-score,ifs,FALSE,20,elitize_generation_data,214,19,0.626,NA
216,99,scrabble-score,ifs,FALSE,20,elitize_generation_data,215,19,0.628,NA
217,99,scrabble-score,ifs,FALSE,20,elitize_generation_data,216,21,0.633,NA
218,99,scrabble-score,ifs,FALSE,20,elitize_generation_data,217,20,0.627,NA
219,99,scrabble-score,ifs,FALSE,20,elitize_generation_data,218,21,0.643,NA
220,99,scrabble-score,ifs,FALSE,20,elitize_generation_data,219,22,0.662,NA
221,99,scrabble-score,ifs,FALSE,20,elitize_generation_data,220,29,0.641,NA
222,99,scrabble-score,ifs,FALSE,20,elitize_generation_data,221,30,0.654,NA
223,99,scrabble-score,ifs,FALSE,20,elitize_generation_data,222,21,0.65,NA
224,99,scrabble-score,ifs,FALSE,20,elitize_generation_data,223,19,0.662,NA
225,99,scrabble-score,ifs,FALSE,20,elitize_generation_data,224,27,0.664,NA
226,99,scrabble-score,ifs,FALSE,20,elitize_generation_data,225,17,0.653,NA
227,99,scrabble-score,ifs,FALSE,20,elitize_generation_data,226,22,0.635,NA
228,99,scrabble-score,ifs,FALSE,20,elitize_generation_data,227,24,0.642,NA
229,99,scrabble-score,ifs,FALSE,20,elitize_generation_data,228,20,0.648,NA
230,99,scrabble-score,ifs,FALSE,20,elitize_generation_data,229,17,0.673,NA
231,99,scrabble-score,ifs,FALSE,20,elitize_generation_data,230,22,0.63,NA
232,99,scrabble-score,ifs,FALSE,20,elitize_generation_data,231,19,0.664,NA
233,99,scrabble-score,ifs,FALSE,20,elitize_generation_data,232,14,0.633,NA
234,99,scrabble-score,ifs,FALSE,20,elitize_generation_data,233,13,0.632,NA
235,99,scrabble-score,ifs,FALSE,20,elitize_generation_data,234,20,0.646,NA
236,99,scrabble-score,ifs,FALSE,20,elitize_generation_data,235,18,0.657,NA
237,99,scrabble-score,ifs,FALSE,20,elitize_generation_data,236,20,0.641,NA
238,99,scrabble-score,ifs,FALSE,20,elitize_generation_data,237,24,0.661,NA
239,99,scrabble-score,ifs,FALSE,20,elitize_generation_data,238,22,0.637,NA
240,99,scrabble-score,ifs,FALSE,20,elitize_generation_data,239,17,0.655,NA
241,99,scrabble-score,ifs,FALSE,20,elitize_generation_data,240,16,0.636,NA
242,99,scrabble-score,ifs,FALSE,20,elitize_generation_data,241,28,0.645,NA
243,99,scrabble-score,ifs,FALSE,20,elitize_generation_data,242,17,0.643,NA
244,99,scrabble-score,ifs,FALSE,20,elitize_generation_data,243,17,0.63,NA
245,99,scrabble-score,ifs,FALSE,20,elitize_generation_data,244,28,0.645,NA
246,99,scrabble-score,ifs,FALSE,20,elitize_generation_data,245,30,0.636,NA
247,99,scrabble-score,ifs,FALSE,20,elitize_generation_data,246,13,0.618,NA
248,99,scrabble-score,ifs,FALSE,20,elitize_generation_data,247,11,0.624,NA
249,99,scrabble-score,ifs,FALSE,20,elitize_generation_data,248,14,0.65,NA
250,99,scrabble-score,ifs,FALSE,20,elitize_generation_data,249,27,0.646,NA
251,99,scrabble-score,ifs,FALSE,20,elitize_generation_data,250,18,0.638,NA
252,99,scrabble-score,ifs,FALSE,20,elitize_generation_data,251,19,0.627,NA
253,99,scrabble-score,ifs,FALSE,20,elitize_generation_data,252,21,0.623,NA
254,99,scrabble-score,ifs,FALSE,20,elitize_generation_data,253,38,0.605,NA
255,99,scrabble-score,ifs,FALSE,20,elitize_generation_data,254,15,0.562,NA
256,99,scrabble-score,ifs,FALSE,20,elitize_generation_data,255,22,0.576,NA
257,99,scrabble-score,ifs,FALSE,20,elitize_generation_data,256,17,0.597,NA
258,99,scrabble-score,ifs,FALSE,20,elitize_generation_data,257,21,0.619,NA
259,99,scrabble-score,ifs,FALSE,20,elitize_generation_data,258,19,0.608,NA
260,99,scrabble-score,ifs,FALSE,20,elitize_generation_data,259,11,0.609,NA
261,99,scrabble-score,ifs,FALSE,20,elitize_generation_data,260,25,0.618,NA
262,99,scrabble-score,ifs,FALSE,20,elitize_generation_data,261,29,0.62,NA
263,99,scrabble-score,ifs,FALSE,20,elitize_generation_data,262,18,0.615,NA
264,99,scrabble-score,ifs,FALSE,20,elitize_generation_data,263,20,0.609,NA
265,99,scrabble-score,ifs,FALSE,20,elitize_generation_data,264,22,0.646,NA
266,99,scrabble-score,ifs,FALSE,20,elitize_generation_data,265,24,0.635,NA
267,99,scrabble-score,ifs,FALSE,20,elitize_generation_data,266,20,0.625,NA
268,99,scrabble-score,ifs,FALSE,20,elitize_generation_data,267,17,0.665,NA
269,99,scrabble-score,ifs,FALSE,20,elitize_generation_data,268,21,0.659,NA
270,99,scrabble-score,ifs,FALSE,20,elitize_generation_data,269,21,0.666,NA
271,99,scrabble-score,ifs,FALSE,20,elitize_generation_data,270,16,0.689,NA
272,99,scrabble-score,ifs,FALSE,20,elitize_generation_data,271,20,0.686,NA
273,99,scrabble-score,ifs,FALSE,20,elitize_generation_data,272,16,0.674,NA
274,99,scrabble-score,ifs,FALSE,20,elitize_generation_data,273,15,0.654,NA
275,99,scrabble-score,ifs,FALSE,20,elitize_generation_data,274,32,0.648,NA
276,99,scrabble-score,ifs,FALSE,20,elitize_generation_data,275,25,0.666,NA
277,99,scrabble-score,ifs,FALSE,20,elitize_generation_data,276,19,0.675,NA
278,99,scrabble-score,ifs,FALSE,20,elitize_generation_data,277,24,0.647,NA
279,99,scrabble-score,ifs,FALSE,20,elitize_generation_data,278,17,0.677,NA
280,99,scrabble-score,ifs,FALSE,20,elitize_generation_data,279,23,0.676,NA
281,99,scrabble-score,ifs,FALSE,20,elitize_generation_data,280,15,0.681,NA
282,99,scrabble-score,ifs,FALSE,20,elitize_generation_data,281,16,0.686,NA
283,99,scrabble-score,ifs,FALSE,20,elitize_generation_data,282,19,0.685,NA
284,99,scrabble-score,ifs,FALSE,20,elitize_generation_data,283,14,0.713,NA
285,99,scrabble-score,ifs,FALSE,20,elitize_generation_data,284,17,0.726,NA
286,99,scrabble-score,ifs,FALSE,20,elitize_generation_data,285,11,0.727,NA
287,99,scrabble-score,ifs,FALSE,20,elitize_generation_data,286,7,0.717,NA
288,99,scrabble-score,ifs,FALSE,20,elitize_generation_data,287,12,0.728,NA
289,99,scrabble-score,ifs,FALSE,20,elitize_generation_data,288,14,0.699,NA
290,99,scrabble-score,ifs,FALSE,20,elitize_generation_data,289,16,0.73,NA
291,99,scrabble-score,ifs,FALSE,20,elitize_generation_data,290,8,0.734,NA
292,99,scrabble-score,ifs,FALSE,20,elitize_generation_data,291,21,0.746,NA
293,99,scrabble-score,ifs,FALSE,20,elitize_generation_data,292,21,0.724,NA
294,99,scrabble-score,ifs,FALSE,20,elitize_generation_data,293,15,0.743,NA
295,99,scrabble-score,ifs,FALSE,20,elitize_generation_data,294,13,0.737,NA
296,99,scrabble-score,ifs,FALSE,20,elitize_generation_data,295,8,0.728,NA
297,99,scrabble-score,ifs,FALSE,20,elitize_generation_data,296,13,0.746,NA
298,99,scrabble-score,ifs,FALSE,20,elitize_generation_data,297,22,0.745,NA
299,99,scrabble-score,ifs,FALSE,20,elitize_generation_data,298,15,0.73,NA
300,99,scrabble-score,ifs,FALSE,20,elitize_generation_data,299,11,0.761,NA
301,99,scrabble-score,ifs,FALSE,20,elitize_generation_data,300,8,0.743,NA
