,run.num,problem,treatment,succeeded,height,normalization.function,generation,cluster.count,error.diversity,success.generation
1,72,scrabble-score,ifs,FALSE,20,elitize_generation_data,0,3,0.098,NA
2,72,scrabble-score,ifs,FALSE,20,elitize_generation_data,1,3,0.12,NA
3,72,scrabble-score,ifs,FALSE,20,elitize_generation_data,2,1,0.101,NA
4,72,scrabble-score,ifs,FALSE,20,elitize_generation_data,3,1,0.082,NA
5,72,scrabble-score,ifs,FALSE,20,elitize_generation_data,4,4,0.04,NA
6,72,scrabble-score,ifs,FALSE,20,elitize_generation_data,5,6,0.026,NA
7,72,scrabble-score,ifs,FALSE,20,elitize_generation_data,6,6,0.05,NA
8,72,scrabble-score,ifs,FALSE,20,elitize_generation_data,7,4,0.088,NA
9,72,scrabble-score,ifs,FALSE,20,elitize_generation_data,8,5,0.152,NA
10,72,scrabble-score,ifs,FALSE,20,elitize_generation_data,9,1,0.192,NA
11,72,scrabble-score,ifs,FALSE,20,elitize_generation_data,10,2,0.255,NA
12,72,scrabble-score,ifs,FALSE,20,elitize_generation_data,11,4,0.321,NA
13,72,scrabble-score,ifs,FALSE,20,elitize_generation_data,12,5,0.354,NA
14,72,scrabble-score,ifs,FALSE,20,elitize_generation_data,13,4,0.347,NA
15,72,scrabble-score,ifs,FALSE,20,elitize_generation_data,14,5,0.295,NA
16,72,scrabble-score,ifs,FALSE,20,elitize_generation_data,15,6,0.265,NA
17,72,scrabble-score,ifs,FALSE,20,elitize_generation_data,16,6,0.25,NA
18,72,scrabble-score,ifs,FALSE,20,elitize_generation_data,17,7,0.199,NA
19,72,scrabble-score,ifs,FALSE,20,elitize_generation_data,18,9,0.179,NA
20,72,scrabble-score,ifs,FALSE,20,elitize_generation_data,19,7,0.197,NA
21,72,scrabble-score,ifs,FALSE,20,elitize_generation_data,20,7,0.243,NA
22,72,scrabble-score,ifs,FALSE,20,elitize_generation_data,21,6,0.259,NA
23,72,scrabble-score,ifs,FALSE,20,elitize_generation_data,22,6,0.215,NA
24,72,scrabble-score,ifs,FALSE,20,elitize_generation_data,23,7,0.127,NA
25,72,scrabble-score,ifs,FALSE,20,elitize_generation_data,24,6,0.124,NA
26,72,scrabble-score,ifs,FALSE,20,elitize_generation_data,25,5,0.139,NA
27,72,scrabble-score,ifs,FALSE,20,elitize_generation_data,26,7,0.144,NA
28,72,scrabble-score,ifs,FALSE,20,elitize_generation_data,27,6,0.128,NA
29,72,scrabble-score,ifs,FALSE,20,elitize_generation_data,28,7,0.178,NA
30,72,scrabble-score,ifs,FALSE,20,elitize_generation_data,29,6,0.251,NA
31,72,scrabble-score,ifs,FALSE,20,elitize_generation_data,30,8,0.259,NA
32,72,scrabble-score,ifs,FALSE,20,elitize_generation_data,31,8,0.214,NA
33,72,scrabble-score,ifs,FALSE,20,elitize_generation_data,32,6,0.22,NA
34,72,scrabble-score,ifs,FALSE,20,elitize_generation_data,33,8,0.26,NA
35,72,scrabble-score,ifs,FALSE,20,elitize_generation_data,34,7,0.284,NA
36,72,scrabble-score,ifs,FALSE,20,elitize_generation_data,35,7,0.305,NA
37,72,scrabble-score,ifs,FALSE,20,elitize_generation_data,36,7,0.258,NA
38,72,scrabble-score,ifs,FALSE,20,elitize_generation_data,37,8,0.221,NA
39,72,scrabble-score,ifs,FALSE,20,elitize_generation_data,38,6,0.215,NA
40,72,scrabble-score,ifs,FALSE,20,elitize_generation_data,39,9,0.247,NA
41,72,scrabble-score,ifs,FALSE,20,elitize_generation_data,40,8,0.234,NA
42,72,scrabble-score,ifs,FALSE,20,elitize_generation_data,41,7,0.212,NA
43,72,scrabble-score,ifs,FALSE,20,elitize_generation_data,42,9,0.182,NA
44,72,scrabble-score,ifs,FALSE,20,elitize_generation_data,43,7,0.213,NA
45,72,scrabble-score,ifs,FALSE,20,elitize_generation_data,44,5,0.208,NA
46,72,scrabble-score,ifs,FALSE,20,elitize_generation_data,45,8,0.248,NA
47,72,scrabble-score,ifs,FALSE,20,elitize_generation_data,46,5,0.244,NA
48,72,scrabble-score,ifs,FALSE,20,elitize_generation_data,47,9,0.226,NA
49,72,scrabble-score,ifs,FALSE,20,elitize_generation_data,48,9,0.235,NA
50,72,scrabble-score,ifs,FALSE,20,elitize_generation_data,49,4,0.224,NA
51,72,scrabble-score,ifs,FALSE,20,elitize_generation_data,50,5,0.222,NA
52,72,scrabble-score,ifs,FALSE,20,elitize_generation_data,51,5,0.216,NA
53,72,scrabble-score,ifs,FALSE,20,elitize_generation_data,52,6,0.247,NA
54,72,scrabble-score,ifs,FALSE,20,elitize_generation_data,53,7,0.233,NA
55,72,scrabble-score,ifs,FALSE,20,elitize_generation_data,54,8,0.241,NA
56,72,scrabble-score,ifs,FALSE,20,elitize_generation_data,55,9,0.258,NA
57,72,scrabble-score,ifs,FALSE,20,elitize_generation_data,56,6,0.264,NA
58,72,scrabble-score,ifs,FALSE,20,elitize_generation_data,57,8,0.259,NA
59,72,scrabble-score,ifs,FALSE,20,elitize_generation_data,58,7,0.299,NA
60,72,scrabble-score,ifs,FALSE,20,elitize_generation_data,59,7,0.276,NA
61,72,scrabble-score,ifs,FALSE,20,elitize_generation_data,60,5,0.293,NA
62,72,scrabble-score,ifs,FALSE,20,elitize_generation_data,61,7,0.312,NA
63,72,scrabble-score,ifs,FALSE,20,elitize_generation_data,62,7,0.344,NA
64,72,scrabble-score,ifs,FALSE,20,elitize_generation_data,63,6,0.356,NA
65,72,scrabble-score,ifs,FALSE,20,elitize_generation_data,64,7,0.346,NA
66,72,scrabble-score,ifs,FALSE,20,elitize_generation_data,65,5,0.328,NA
67,72,scrabble-score,ifs,FALSE,20,elitize_generation_data,66,7,0.324,NA
68,72,scrabble-score,ifs,FALSE,20,elitize_generation_data,67,6,0.31,NA
69,72,scrabble-score,ifs,FALSE,20,elitize_generation_data,68,9,0.334,NA
70,72,scrabble-score,ifs,FALSE,20,elitize_generation_data,69,6,0.334,NA
71,72,scrabble-score,ifs,FALSE,20,elitize_generation_data,70,5,0.336,NA
72,72,scrabble-score,ifs,FALSE,20,elitize_generation_data,71,6,0.354,NA
73,72,scrabble-score,ifs,FALSE,20,elitize_generation_data,72,8,0.377,NA
74,72,scrabble-score,ifs,FALSE,20,elitize_generation_data,73,6,0.406,NA
75,72,scrabble-score,ifs,FALSE,20,elitize_generation_data,74,3,0.44,NA
76,72,scrabble-score,ifs,FALSE,20,elitize_generation_data,75,5,0.446,NA
77,72,scrabble-score,ifs,FALSE,20,elitize_generation_data,76,6,0.431,NA
78,72,scrabble-score,ifs,FALSE,20,elitize_generation_data,77,9,0.426,NA
79,72,scrabble-score,ifs,FALSE,20,elitize_generation_data,78,6,0.444,NA
80,72,scrabble-score,ifs,FALSE,20,elitize_generation_data,79,8,0.419,NA
81,72,scrabble-score,ifs,FALSE,20,elitize_generation_data,80,8,0.457,NA
82,72,scrabble-score,ifs,FALSE,20,elitize_generation_data,81,6,0.479,NA
83,72,scrabble-score,ifs,FALSE,20,elitize_generation_data,82,5,0.48,NA
84,72,scrabble-score,ifs,FALSE,20,elitize_generation_data,83,6,0.478,NA
85,72,scrabble-score,ifs,FALSE,20,elitize_generation_data,84,5,0.491,NA
86,72,scrabble-score,ifs,FALSE,20,elitize_generation_data,85,4,0.478,NA
87,72,scrabble-score,ifs,FALSE,20,elitize_generation_data,86,8,0.496,NA
88,72,scrabble-score,ifs,FALSE,20,elitize_generation_data,87,5,0.477,NA
89,72,scrabble-score,ifs,FALSE,20,elitize_generation_data,88,3,0.495,NA
90,72,scrabble-score,ifs,FALSE,20,elitize_generation_data,89,3,0.485,NA
91,72,scrabble-score,ifs,FALSE,20,elitize_generation_data,90,5,0.48,NA
92,72,scrabble-score,ifs,FALSE,20,elitize_generation_data,91,3,0.474,NA
93,72,scrabble-score,ifs,FALSE,20,elitize_generation_data,92,3,0.498,NA
94,72,scrabble-score,ifs,FALSE,20,elitize_generation_data,93,2,0.46,NA
95,72,scrabble-score,ifs,FALSE,20,elitize_generation_data,94,6,0.455,NA
96,72,scrabble-score,ifs,FALSE,20,elitize_generation_data,95,4,0.465,NA
97,72,scrabble-score,ifs,FALSE,20,elitize_generation_data,96,6,0.498,NA
98,72,scrabble-score,ifs,FALSE,20,elitize_generation_data,97,2,0.478,NA
99,72,scrabble-score,ifs,FALSE,20,elitize_generation_data,98,3,0.486,NA
100,72,scrabble-score,ifs,FALSE,20,elitize_generation_data,99,4,0.524,NA
101,72,scrabble-score,ifs,FALSE,20,elitize_generation_data,100,3,0.483,NA
102,72,scrabble-score,ifs,FALSE,20,elitize_generation_data,101,4,0.494,NA
103,72,scrabble-score,ifs,FALSE,20,elitize_generation_data,102,3,0.485,NA
104,72,scrabble-score,ifs,FALSE,20,elitize_generation_data,103,3,0.518,NA
105,72,scrabble-score,ifs,FALSE,20,elitize_generation_data,104,6,0.502,NA
106,72,scrabble-score,ifs,FALSE,20,elitize_generation_data,105,5,0.488,NA
107,72,scrabble-score,ifs,FALSE,20,elitize_generation_data,106,5,0.497,NA
108,72,scrabble-score,ifs,FALSE,20,elitize_generation_data,107,4,0.518,NA
109,72,scrabble-score,ifs,FALSE,20,elitize_generation_data,108,6,0.49,NA
110,72,scrabble-score,ifs,FALSE,20,elitize_generation_data,109,4,0.482,NA
111,72,scrabble-score,ifs,FALSE,20,elitize_generation_data,110,5,0.493,NA
112,72,scrabble-score,ifs,FALSE,20,elitize_generation_data,111,3,0.516,NA
113,72,scrabble-score,ifs,FALSE,20,elitize_generation_data,112,3,0.503,NA
114,72,scrabble-score,ifs,FALSE,20,elitize_generation_data,113,4,0.498,NA
115,72,scrabble-score,ifs,FALSE,20,elitize_generation_data,114,3,0.521,NA
116,72,scrabble-score,ifs,FALSE,20,elitize_generation_data,115,5,0.499,NA
117,72,scrabble-score,ifs,FALSE,20,elitize_generation_data,116,5,0.533,NA
118,72,scrabble-score,ifs,FALSE,20,elitize_generation_data,117,6,0.52,NA
119,72,scrabble-score,ifs,FALSE,20,elitize_generation_data,118,4,0.527,NA
120,72,scrabble-score,ifs,FALSE,20,elitize_generation_data,119,5,0.519,NA
121,72,scrabble-score,ifs,FALSE,20,elitize_generation_data,120,3,0.498,NA
122,72,scrabble-score,ifs,FALSE,20,elitize_generation_data,121,4,0.516,NA
123,72,scrabble-score,ifs,FALSE,20,elitize_generation_data,122,4,0.481,NA
124,72,scrabble-score,ifs,FALSE,20,elitize_generation_data,123,4,0.491,NA
125,72,scrabble-score,ifs,FALSE,20,elitize_generation_data,124,4,0.511,NA
126,72,scrabble-score,ifs,FALSE,20,elitize_generation_data,125,4,0.502,NA
127,72,scrabble-score,ifs,FALSE,20,elitize_generation_data,126,4,0.501,NA
128,72,scrabble-score,ifs,FALSE,20,elitize_generation_data,127,4,0.482,NA
129,72,scrabble-score,ifs,FALSE,20,elitize_generation_data,128,3,0.479,NA
130,72,scrabble-score,ifs,FALSE,20,elitize_generation_data,129,5,0.474,NA
131,72,scrabble-score,ifs,FALSE,20,elitize_generation_data,130,4,0.497,NA
132,72,scrabble-score,ifs,FALSE,20,elitize_generation_data,131,3,0.505,NA
133,72,scrabble-score,ifs,FALSE,20,elitize_generation_data,132,4,0.499,NA
134,72,scrabble-score,ifs,FALSE,20,elitize_generation_data,133,4,0.49,NA
135,72,scrabble-score,ifs,FALSE,20,elitize_generation_data,134,7,0.491,NA
136,72,scrabble-score,ifs,FALSE,20,elitize_generation_data,135,3,0.473,NA
137,72,scrabble-score,ifs,FALSE,20,elitize_generation_data,136,6,0.491,NA
138,72,scrabble-score,ifs,FALSE,20,elitize_generation_data,137,4,0.492,NA
139,72,scrabble-score,ifs,FALSE,20,elitize_generation_data,138,4,0.526,NA
140,72,scrabble-score,ifs,FALSE,20,elitize_generation_data,139,3,0.482,NA
141,72,scrabble-score,ifs,FALSE,20,elitize_generation_data,140,5,0.508,NA
142,72,scrabble-score,ifs,FALSE,20,elitize_generation_data,141,4,0.507,NA
143,72,scrabble-score,ifs,FALSE,20,elitize_generation_data,142,5,0.511,NA
144,72,scrabble-score,ifs,FALSE,20,elitize_generation_data,143,5,0.524,NA
145,72,scrabble-score,ifs,FALSE,20,elitize_generation_data,144,3,0.497,NA
146,72,scrabble-score,ifs,FALSE,20,elitize_generation_data,145,6,0.482,NA
147,72,scrabble-score,ifs,FALSE,20,elitize_generation_data,146,4,0.484,NA
148,72,scrabble-score,ifs,FALSE,20,elitize_generation_data,147,4,0.495,NA
149,72,scrabble-score,ifs,FALSE,20,elitize_generation_data,148,2,0.486,NA
150,72,scrabble-score,ifs,FALSE,20,elitize_generation_data,149,5,0.481,NA
151,72,scrabble-score,ifs,FALSE,20,elitize_generation_data,150,3,0.486,NA
152,72,scrabble-score,ifs,FALSE,20,elitize_generation_data,151,5,0.508,NA
153,72,scrabble-score,ifs,FALSE,20,elitize_generation_data,152,6,0.49,NA
154,72,scrabble-score,ifs,FALSE,20,elitize_generation_data,153,3,0.498,NA
155,72,scrabble-score,ifs,FALSE,20,elitize_generation_data,154,4,0.508,NA
156,72,scrabble-score,ifs,FALSE,20,elitize_generation_data,155,5,0.521,NA
157,72,scrabble-score,ifs,FALSE,20,elitize_generation_data,156,3,0.492,NA
158,72,scrabble-score,ifs,FALSE,20,elitize_generation_data,157,2,0.495,NA
159,72,scrabble-score,ifs,FALSE,20,elitize_generation_data,158,6,0.515,NA
160,72,scrabble-score,ifs,FALSE,20,elitize_generation_data,159,5,0.5,NA
161,72,scrabble-score,ifs,FALSE,20,elitize_generation_data,160,4,0.484,NA
162,72,scrabble-score,ifs,FALSE,20,elitize_generation_data,161,4,0.479,NA
163,72,scrabble-score,ifs,FALSE,20,elitize_generation_data,162,4,0.492,NA
164,72,scrabble-score,ifs,FALSE,20,elitize_generation_data,163,3,0.491,NA
165,72,scrabble-score,ifs,FALSE,20,elitize_generation_data,164,6,0.51,NA
166,72,scrabble-score,ifs,FALSE,20,elitize_generation_data,165,5,0.483,NA
167,72,scrabble-score,ifs,FALSE,20,elitize_generation_data,166,6,0.503,NA
168,72,scrabble-score,ifs,FALSE,20,elitize_generation_data,167,5,0.515,NA
169,72,scrabble-score,ifs,FALSE,20,elitize_generation_data,168,5,0.508,NA
170,72,scrabble-score,ifs,FALSE,20,elitize_generation_data,169,4,0.525,NA
171,72,scrabble-score,ifs,FALSE,20,elitize_generation_data,170,3,0.499,NA
172,72,scrabble-score,ifs,FALSE,20,elitize_generation_data,171,6,0.502,NA
173,72,scrabble-score,ifs,FALSE,20,elitize_generation_data,172,4,0.509,NA
174,72,scrabble-score,ifs,FALSE,20,elitize_generation_data,173,5,0.504,NA
175,72,scrabble-score,ifs,FALSE,20,elitize_generation_data,174,6,0.527,NA
176,72,scrabble-score,ifs,FALSE,20,elitize_generation_data,175,6,0.535,NA
177,72,scrabble-score,ifs,FALSE,20,elitize_generation_data,176,3,0.524,NA
178,72,scrabble-score,ifs,FALSE,20,elitize_generation_data,177,4,0.528,NA
179,72,scrabble-score,ifs,FALSE,20,elitize_generation_data,178,4,0.557,NA
180,72,scrabble-score,ifs,FALSE,20,elitize_generation_data,179,5,0.514,NA
181,72,scrabble-score,ifs,FALSE,20,elitize_generation_data,180,4,0.528,NA
182,72,scrabble-score,ifs,FALSE,20,elitize_generation_data,181,4,0.527,NA
183,72,scrabble-score,ifs,FALSE,20,elitize_generation_data,182,4,0.519,NA
184,72,scrabble-score,ifs,FALSE,20,elitize_generation_data,183,3,0.526,NA
185,72,scrabble-score,ifs,FALSE,20,elitize_generation_data,184,4,0.536,NA
186,72,scrabble-score,ifs,FALSE,20,elitize_generation_data,185,4,0.517,NA
187,72,scrabble-score,ifs,FALSE,20,elitize_generation_data,186,6,0.544,NA
188,72,scrabble-score,ifs,FALSE,20,elitize_generation_data,187,4,0.516,NA
189,72,scrabble-score,ifs,FALSE,20,elitize_generation_data,188,5,0.517,NA
190,72,scrabble-score,ifs,FALSE,20,elitize_generation_data,189,5,0.535,NA
191,72,scrabble-score,ifs,FALSE,20,elitize_generation_data,190,3,0.551,NA
192,72,scrabble-score,ifs,FALSE,20,elitize_generation_data,191,6,0.557,NA
193,72,scrabble-score,ifs,FALSE,20,elitize_generation_data,192,5,0.596,NA
194,72,scrabble-score,ifs,FALSE,20,elitize_generation_data,193,6,0.532,NA
195,72,scrabble-score,ifs,FALSE,20,elitize_generation_data,194,4,0.52,NA
196,72,scrabble-score,ifs,FALSE,20,elitize_generation_data,195,2,0.552,NA
197,72,scrabble-score,ifs,FALSE,20,elitize_generation_data,196,4,0.577,NA
198,72,scrabble-score,ifs,FALSE,20,elitize_generation_data,197,4,0.557,NA
199,72,scrabble-score,ifs,FALSE,20,elitize_generation_data,198,5,0.558,NA
200,72,scrabble-score,ifs,FALSE,20,elitize_generation_data,199,4,0.559,NA
201,72,scrabble-score,ifs,FALSE,20,elitize_generation_data,200,5,0.562,NA
202,72,scrabble-score,ifs,FALSE,20,elitize_generation_data,201,7,0.537,NA
203,72,scrabble-score,ifs,FALSE,20,elitize_generation_data,202,7,0.559,NA
204,72,scrabble-score,ifs,FALSE,20,elitize_generation_data,203,6,0.557,NA
205,72,scrabble-score,ifs,FALSE,20,elitize_generation_data,204,6,0.572,NA
206,72,scrabble-score,ifs,FALSE,20,elitize_generation_data,205,7,0.59,NA
207,72,scrabble-score,ifs,FALSE,20,elitize_generation_data,206,4,0.572,NA
208,72,scrabble-score,ifs,FALSE,20,elitize_generation_data,207,5,0.582,NA
209,72,scrabble-score,ifs,FALSE,20,elitize_generation_data,208,4,0.573,NA
210,72,scrabble-score,ifs,FALSE,20,elitize_generation_data,209,5,0.607,NA
211,72,scrabble-score,ifs,FALSE,20,elitize_generation_data,210,5,0.586,NA
212,72,scrabble-score,ifs,FALSE,20,elitize_generation_data,211,6,0.58,NA
213,72,scrabble-score,ifs,FALSE,20,elitize_generation_data,212,8,0.565,NA
214,72,scrabble-score,ifs,FALSE,20,elitize_generation_data,213,4,0.589,NA
215,72,scrabble-score,ifs,FALSE,20,elitize_generation_data,214,5,0.572,NA
216,72,scrabble-score,ifs,FALSE,20,elitize_generation_data,215,5,0.554,NA
217,72,scrabble-score,ifs,FALSE,20,elitize_generation_data,216,6,0.565,NA
218,72,scrabble-score,ifs,FALSE,20,elitize_generation_data,217,6,0.565,NA
219,72,scrabble-score,ifs,FALSE,20,elitize_generation_data,218,4,0.588,NA
220,72,scrabble-score,ifs,FALSE,20,elitize_generation_data,219,4,0.574,NA
221,72,scrabble-score,ifs,FALSE,20,elitize_generation_data,220,5,0.564,NA
222,72,scrabble-score,ifs,FALSE,20,elitize_generation_data,221,4,0.573,NA
223,72,scrabble-score,ifs,FALSE,20,elitize_generation_data,222,4,0.565,NA
224,72,scrabble-score,ifs,FALSE,20,elitize_generation_data,223,4,0.59,NA
225,72,scrabble-score,ifs,FALSE,20,elitize_generation_data,224,7,0.578,NA
226,72,scrabble-score,ifs,FALSE,20,elitize_generation_data,225,6,0.608,NA
227,72,scrabble-score,ifs,FALSE,20,elitize_generation_data,226,5,0.592,NA
228,72,scrabble-score,ifs,FALSE,20,elitize_generation_data,227,4,0.576,NA
229,72,scrabble-score,ifs,FALSE,20,elitize_generation_data,228,6,0.604,NA
230,72,scrabble-score,ifs,FALSE,20,elitize_generation_data,229,4,0.576,NA
231,72,scrabble-score,ifs,FALSE,20,elitize_generation_data,230,7,0.625,NA
232,72,scrabble-score,ifs,FALSE,20,elitize_generation_data,231,7,0.588,NA
233,72,scrabble-score,ifs,FALSE,20,elitize_generation_data,232,5,0.614,NA
234,72,scrabble-score,ifs,FALSE,20,elitize_generation_data,233,6,0.654,NA
235,72,scrabble-score,ifs,FALSE,20,elitize_generation_data,234,5,0.646,NA
236,72,scrabble-score,ifs,FALSE,20,elitize_generation_data,235,4,0.628,NA
237,72,scrabble-score,ifs,FALSE,20,elitize_generation_data,236,6,0.593,NA
238,72,scrabble-score,ifs,FALSE,20,elitize_generation_data,237,3,0.583,NA
239,72,scrabble-score,ifs,FALSE,20,elitize_generation_data,238,6,0.593,NA
240,72,scrabble-score,ifs,FALSE,20,elitize_generation_data,239,4,0.611,NA
241,72,scrabble-score,ifs,FALSE,20,elitize_generation_data,240,4,0.575,NA
242,72,scrabble-score,ifs,FALSE,20,elitize_generation_data,241,4,0.594,NA
243,72,scrabble-score,ifs,FALSE,20,elitize_generation_data,242,5,0.584,NA
244,72,scrabble-score,ifs,FALSE,20,elitize_generation_data,243,4,0.599,NA
245,72,scrabble-score,ifs,FALSE,20,elitize_generation_data,244,5,0.595,NA
246,72,scrabble-score,ifs,FALSE,20,elitize_generation_data,245,6,0.594,NA
247,72,scrabble-score,ifs,FALSE,20,elitize_generation_data,246,5,0.59,NA
248,72,scrabble-score,ifs,FALSE,20,elitize_generation_data,247,4,0.593,NA
249,72,scrabble-score,ifs,FALSE,20,elitize_generation_data,248,4,0.599,NA
250,72,scrabble-score,ifs,FALSE,20,elitize_generation_data,249,5,0.609,NA
251,72,scrabble-score,ifs,FALSE,20,elitize_generation_data,250,5,0.6,NA
252,72,scrabble-score,ifs,FALSE,20,elitize_generation_data,251,4,0.585,NA
253,72,scrabble-score,ifs,FALSE,20,elitize_generation_data,252,5,0.6,NA
254,72,scrabble-score,ifs,FALSE,20,elitize_generation_data,253,3,0.587,NA
255,72,scrabble-score,ifs,FALSE,20,elitize_generation_data,254,6,0.599,NA
256,72,scrabble-score,ifs,FALSE,20,elitize_generation_data,255,4,0.613,NA
257,72,scrabble-score,ifs,FALSE,20,elitize_generation_data,256,5,0.622,NA
258,72,scrabble-score,ifs,FALSE,20,elitize_generation_data,257,3,0.609,NA
259,72,scrabble-score,ifs,FALSE,20,elitize_generation_data,258,5,0.597,NA
260,72,scrabble-score,ifs,FALSE,20,elitize_generation_data,259,4,0.615,NA
261,72,scrabble-score,ifs,FALSE,20,elitize_generation_data,260,4,0.587,NA
262,72,scrabble-score,ifs,FALSE,20,elitize_generation_data,261,4,0.606,NA
263,72,scrabble-score,ifs,FALSE,20,elitize_generation_data,262,5,0.592,NA
264,72,scrabble-score,ifs,FALSE,20,elitize_generation_data,263,4,0.579,NA
265,72,scrabble-score,ifs,FALSE,20,elitize_generation_data,264,5,0.595,NA
266,72,scrabble-score,ifs,FALSE,20,elitize_generation_data,265,4,0.613,NA
267,72,scrabble-score,ifs,FALSE,20,elitize_generation_data,266,6,0.62,NA
268,72,scrabble-score,ifs,FALSE,20,elitize_generation_data,267,5,0.585,NA
269,72,scrabble-score,ifs,FALSE,20,elitize_generation_data,268,5,0.596,NA
270,72,scrabble-score,ifs,FALSE,20,elitize_generation_data,269,6,0.578,NA
271,72,scrabble-score,ifs,FALSE,20,elitize_generation_data,270,5,0.593,NA
272,72,scrabble-score,ifs,FALSE,20,elitize_generation_data,271,4,0.599,NA
273,72,scrabble-score,ifs,FALSE,20,elitize_generation_data,272,4,0.622,NA
274,72,scrabble-score,ifs,FALSE,20,elitize_generation_data,273,4,0.626,NA
275,72,scrabble-score,ifs,FALSE,20,elitize_generation_data,274,7,0.622,NA
276,72,scrabble-score,ifs,FALSE,20,elitize_generation_data,275,5,0.62,NA
277,72,scrabble-score,ifs,FALSE,20,elitize_generation_data,276,5,0.63,NA
278,72,scrabble-score,ifs,FALSE,20,elitize_generation_data,277,4,0.623,NA
279,72,scrabble-score,ifs,FALSE,20,elitize_generation_data,278,5,0.612,NA
280,72,scrabble-score,ifs,FALSE,20,elitize_generation_data,279,5,0.612,NA
281,72,scrabble-score,ifs,FALSE,20,elitize_generation_data,280,4,0.634,NA
282,72,scrabble-score,ifs,FALSE,20,elitize_generation_data,281,5,0.627,NA
283,72,scrabble-score,ifs,FALSE,20,elitize_generation_data,282,5,0.621,NA
284,72,scrabble-score,ifs,FALSE,20,elitize_generation_data,283,6,0.614,NA
285,72,scrabble-score,ifs,FALSE,20,elitize_generation_data,284,7,0.612,NA
286,72,scrabble-score,ifs,FALSE,20,elitize_generation_data,285,4,0.639,NA
287,72,scrabble-score,ifs,FALSE,20,elitize_generation_data,286,5,0.584,NA
288,72,scrabble-score,ifs,FALSE,20,elitize_generation_data,287,3,0.592,NA
289,72,scrabble-score,ifs,FALSE,20,elitize_generation_data,288,5,0.587,NA
290,72,scrabble-score,ifs,FALSE,20,elitize_generation_data,289,5,0.626,NA
291,72,scrabble-score,ifs,FALSE,20,elitize_generation_data,290,5,0.605,NA
292,72,scrabble-score,ifs,FALSE,20,elitize_generation_data,291,5,0.61,NA
293,72,scrabble-score,ifs,FALSE,20,elitize_generation_data,292,4,0.616,NA
294,72,scrabble-score,ifs,FALSE,20,elitize_generation_data,293,7,0.612,NA
295,72,scrabble-score,ifs,FALSE,20,elitize_generation_data,294,5,0.603,NA
296,72,scrabble-score,ifs,FALSE,20,elitize_generation_data,295,5,0.61,NA
297,72,scrabble-score,ifs,FALSE,20,elitize_generation_data,296,4,0.607,NA
298,72,scrabble-score,ifs,FALSE,20,elitize_generation_data,297,6,0.587,NA
299,72,scrabble-score,ifs,FALSE,20,elitize_generation_data,298,6,0.592,NA
300,72,scrabble-score,ifs,FALSE,20,elitize_generation_data,299,3,0.595,NA
301,72,scrabble-score,ifs,FALSE,20,elitize_generation_data,300,7,0.61,NA
