,run.num,problem,treatment,succeeded,height,normalization.function,generation,cluster.count,error.diversity,success.generation
1,27,scrabble-score,ifs,FALSE,20,elitize_generation_data,0,1,0.113,NA
2,27,scrabble-score,ifs,FALSE,20,elitize_generation_data,1,5,0.121,NA
3,27,scrabble-score,ifs,FALSE,20,elitize_generation_data,2,5,0.127,NA
4,27,scrabble-score,ifs,FALSE,20,elitize_generation_data,3,5,0.153,NA
5,27,scrabble-score,ifs,FALSE,20,elitize_generation_data,4,5,0.141,NA
6,27,scrabble-score,ifs,FALSE,20,elitize_generation_data,5,5,0.21,NA
7,27,scrabble-score,ifs,FALSE,20,elitize_generation_data,6,5,0.308,NA
8,27,scrabble-score,ifs,FALSE,20,elitize_generation_data,7,6,0.31,NA
9,27,scrabble-score,ifs,FALSE,20,elitize_generation_data,8,5,0.262,NA
10,27,scrabble-score,ifs,FALSE,20,elitize_generation_data,9,7,0.262,NA
11,27,scrabble-score,ifs,FALSE,20,elitize_generation_data,10,8,0.248,NA
12,27,scrabble-score,ifs,FALSE,20,elitize_generation_data,11,7,0.296,NA
13,27,scrabble-score,ifs,FALSE,20,elitize_generation_data,12,9,0.309,NA
14,27,scrabble-score,ifs,FALSE,20,elitize_generation_data,13,7,0.356,NA
15,27,scrabble-score,ifs,FALSE,20,elitize_generation_data,14,9,0.398,NA
16,27,scrabble-score,ifs,FALSE,20,elitize_generation_data,15,6,0.389,NA
17,27,scrabble-score,ifs,FALSE,20,elitize_generation_data,16,9,0.377,NA
18,27,scrabble-score,ifs,FALSE,20,elitize_generation_data,17,6,0.412,NA
19,27,scrabble-score,ifs,FALSE,20,elitize_generation_data,18,12,0.427,NA
20,27,scrabble-score,ifs,FALSE,20,elitize_generation_data,19,8,0.43,NA
21,27,scrabble-score,ifs,FALSE,20,elitize_generation_data,20,10,0.459,NA
22,27,scrabble-score,ifs,FALSE,20,elitize_generation_data,21,9,0.475,NA
23,27,scrabble-score,ifs,FALSE,20,elitize_generation_data,22,8,0.435,NA
24,27,scrabble-score,ifs,FALSE,20,elitize_generation_data,23,8,0.474,NA
25,27,scrabble-score,ifs,FALSE,20,elitize_generation_data,24,8,0.433,NA
26,27,scrabble-score,ifs,FALSE,20,elitize_generation_data,25,8,0.355,NA
27,27,scrabble-score,ifs,FALSE,20,elitize_generation_data,26,8,0.278,NA
28,27,scrabble-score,ifs,FALSE,20,elitize_generation_data,27,7,0.277,NA
29,27,scrabble-score,ifs,FALSE,20,elitize_generation_data,28,9,0.28,NA
30,27,scrabble-score,ifs,FALSE,20,elitize_generation_data,29,8,0.283,NA
31,27,scrabble-score,ifs,FALSE,20,elitize_generation_data,30,12,0.304,NA
32,27,scrabble-score,ifs,FALSE,20,elitize_generation_data,31,10,0.292,NA
33,27,scrabble-score,ifs,FALSE,20,elitize_generation_data,32,6,0.311,NA
34,27,scrabble-score,ifs,FALSE,20,elitize_generation_data,33,7,0.297,NA
35,27,scrabble-score,ifs,FALSE,20,elitize_generation_data,34,10,0.322,NA
36,27,scrabble-score,ifs,FALSE,20,elitize_generation_data,35,9,0.293,NA
37,27,scrabble-score,ifs,FALSE,20,elitize_generation_data,36,10,0.298,NA
38,27,scrabble-score,ifs,FALSE,20,elitize_generation_data,37,9,0.326,NA
39,27,scrabble-score,ifs,FALSE,20,elitize_generation_data,38,9,0.308,NA
40,27,scrabble-score,ifs,FALSE,20,elitize_generation_data,39,10,0.324,NA
41,27,scrabble-score,ifs,FALSE,20,elitize_generation_data,40,11,0.375,NA
42,27,scrabble-score,ifs,FALSE,20,elitize_generation_data,41,13,0.391,NA
43,27,scrabble-score,ifs,FALSE,20,elitize_generation_data,42,12,0.382,NA
44,27,scrabble-score,ifs,FALSE,20,elitize_generation_data,43,14,0.323,NA
45,27,scrabble-score,ifs,FALSE,20,elitize_generation_data,44,12,0.289,NA
46,27,scrabble-score,ifs,FALSE,20,elitize_generation_data,45,12,0.305,NA
47,27,scrabble-score,ifs,FALSE,20,elitize_generation_data,46,10,0.333,NA
48,27,scrabble-score,ifs,FALSE,20,elitize_generation_data,47,14,0.355,NA
49,27,scrabble-score,ifs,FALSE,20,elitize_generation_data,48,13,0.364,NA
50,27,scrabble-score,ifs,FALSE,20,elitize_generation_data,49,10,0.355,NA
51,27,scrabble-score,ifs,FALSE,20,elitize_generation_data,50,12,0.358,NA
52,27,scrabble-score,ifs,FALSE,20,elitize_generation_data,51,9,0.379,NA
53,27,scrabble-score,ifs,FALSE,20,elitize_generation_data,52,11,0.375,NA
54,27,scrabble-score,ifs,FALSE,20,elitize_generation_data,53,11,0.428,NA
55,27,scrabble-score,ifs,FALSE,20,elitize_generation_data,54,9,0.421,NA
56,27,scrabble-score,ifs,FALSE,20,elitize_generation_data,55,10,0.436,NA
57,27,scrabble-score,ifs,FALSE,20,elitize_generation_data,56,7,0.402,NA
58,27,scrabble-score,ifs,FALSE,20,elitize_generation_data,57,10,0.37,NA
59,27,scrabble-score,ifs,FALSE,20,elitize_generation_data,58,10,0.4,NA
60,27,scrabble-score,ifs,FALSE,20,elitize_generation_data,59,9,0.422,NA
61,27,scrabble-score,ifs,FALSE,20,elitize_generation_data,60,8,0.403,NA
62,27,scrabble-score,ifs,FALSE,20,elitize_generation_data,61,8,0.468,NA
63,27,scrabble-score,ifs,FALSE,20,elitize_generation_data,62,11,0.468,NA
64,27,scrabble-score,ifs,FALSE,20,elitize_generation_data,63,10,0.457,NA
65,27,scrabble-score,ifs,FALSE,20,elitize_generation_data,64,18,0.463,NA
66,27,scrabble-score,ifs,FALSE,20,elitize_generation_data,65,14,0.445,NA
67,27,scrabble-score,ifs,FALSE,20,elitize_generation_data,66,11,0.427,NA
68,27,scrabble-score,ifs,FALSE,20,elitize_generation_data,67,12,0.419,NA
69,27,scrabble-score,ifs,FALSE,20,elitize_generation_data,68,11,0.436,NA
70,27,scrabble-score,ifs,FALSE,20,elitize_generation_data,69,14,0.434,NA
71,27,scrabble-score,ifs,FALSE,20,elitize_generation_data,70,9,0.473,NA
72,27,scrabble-score,ifs,FALSE,20,elitize_generation_data,71,13,0.438,NA
73,27,scrabble-score,ifs,FALSE,20,elitize_generation_data,72,10,0.428,NA
74,27,scrabble-score,ifs,FALSE,20,elitize_generation_data,73,11,0.41,NA
75,27,scrabble-score,ifs,FALSE,20,elitize_generation_data,74,15,0.426,NA
76,27,scrabble-score,ifs,FALSE,20,elitize_generation_data,75,10,0.416,NA
77,27,scrabble-score,ifs,FALSE,20,elitize_generation_data,76,12,0.436,NA
78,27,scrabble-score,ifs,FALSE,20,elitize_generation_data,77,10,0.432,NA
79,27,scrabble-score,ifs,FALSE,20,elitize_generation_data,78,12,0.417,NA
80,27,scrabble-score,ifs,FALSE,20,elitize_generation_data,79,9,0.437,NA
81,27,scrabble-score,ifs,FALSE,20,elitize_generation_data,80,12,0.435,NA
82,27,scrabble-score,ifs,FALSE,20,elitize_generation_data,81,13,0.456,NA
83,27,scrabble-score,ifs,FALSE,20,elitize_generation_data,82,12,0.452,NA
84,27,scrabble-score,ifs,FALSE,20,elitize_generation_data,83,15,0.432,NA
85,27,scrabble-score,ifs,FALSE,20,elitize_generation_data,84,11,0.408,NA
86,27,scrabble-score,ifs,FALSE,20,elitize_generation_data,85,11,0.409,NA
87,27,scrabble-score,ifs,FALSE,20,elitize_generation_data,86,13,0.424,NA
88,27,scrabble-score,ifs,FALSE,20,elitize_generation_data,87,11,0.416,NA
89,27,scrabble-score,ifs,FALSE,20,elitize_generation_data,88,12,0.422,NA
90,27,scrabble-score,ifs,FALSE,20,elitize_generation_data,89,14,0.406,NA
91,27,scrabble-score,ifs,FALSE,20,elitize_generation_data,90,12,0.432,NA
92,27,scrabble-score,ifs,FALSE,20,elitize_generation_data,91,12,0.391,NA
93,27,scrabble-score,ifs,FALSE,20,elitize_generation_data,92,13,0.421,NA
94,27,scrabble-score,ifs,FALSE,20,elitize_generation_data,93,12,0.414,NA
95,27,scrabble-score,ifs,FALSE,20,elitize_generation_data,94,14,0.417,NA
96,27,scrabble-score,ifs,FALSE,20,elitize_generation_data,95,10,0.435,NA
97,27,scrabble-score,ifs,FALSE,20,elitize_generation_data,96,15,0.438,NA
98,27,scrabble-score,ifs,FALSE,20,elitize_generation_data,97,14,0.413,NA
99,27,scrabble-score,ifs,FALSE,20,elitize_generation_data,98,16,0.407,NA
100,27,scrabble-score,ifs,FALSE,20,elitize_generation_data,99,10,0.431,NA
101,27,scrabble-score,ifs,FALSE,20,elitize_generation_data,100,9,0.456,NA
102,27,scrabble-score,ifs,FALSE,20,elitize_generation_data,101,14,0.513,NA
103,27,scrabble-score,ifs,FALSE,20,elitize_generation_data,102,15,0.487,NA
104,27,scrabble-score,ifs,FALSE,20,elitize_generation_data,103,17,0.501,NA
105,27,scrabble-score,ifs,FALSE,20,elitize_generation_data,104,15,0.565,NA
106,27,scrabble-score,ifs,FALSE,20,elitize_generation_data,105,17,0.6,NA
107,27,scrabble-score,ifs,FALSE,20,elitize_generation_data,106,20,0.613,NA
108,27,scrabble-score,ifs,FALSE,20,elitize_generation_data,107,17,0.64,NA
109,27,scrabble-score,ifs,FALSE,20,elitize_generation_data,108,18,0.658,NA
110,27,scrabble-score,ifs,FALSE,20,elitize_generation_data,109,15,0.651,NA
111,27,scrabble-score,ifs,FALSE,20,elitize_generation_data,110,17,0.675,NA
112,27,scrabble-score,ifs,FALSE,20,elitize_generation_data,111,19,0.698,NA
113,27,scrabble-score,ifs,FALSE,20,elitize_generation_data,112,20,0.717,NA
114,27,scrabble-score,ifs,FALSE,20,elitize_generation_data,113,19,0.689,NA
115,27,scrabble-score,ifs,FALSE,20,elitize_generation_data,114,19,0.691,NA
116,27,scrabble-score,ifs,FALSE,20,elitize_generation_data,115,12,0.674,NA
117,27,scrabble-score,ifs,FALSE,20,elitize_generation_data,116,14,0.685,NA
118,27,scrabble-score,ifs,FALSE,20,elitize_generation_data,117,19,0.659,NA
119,27,scrabble-score,ifs,FALSE,20,elitize_generation_data,118,18,0.653,NA
120,27,scrabble-score,ifs,FALSE,20,elitize_generation_data,119,21,0.694,NA
121,27,scrabble-score,ifs,FALSE,20,elitize_generation_data,120,21,0.714,NA
122,27,scrabble-score,ifs,FALSE,20,elitize_generation_data,121,18,0.705,NA
123,27,scrabble-score,ifs,FALSE,20,elitize_generation_data,122,21,0.726,NA
124,27,scrabble-score,ifs,FALSE,20,elitize_generation_data,123,26,0.711,NA
125,27,scrabble-score,ifs,FALSE,20,elitize_generation_data,124,23,0.717,NA
126,27,scrabble-score,ifs,FALSE,20,elitize_generation_data,125,23,0.733,NA
127,27,scrabble-score,ifs,FALSE,20,elitize_generation_data,126,15,0.736,NA
128,27,scrabble-score,ifs,FALSE,20,elitize_generation_data,127,18,0.742,NA
129,27,scrabble-score,ifs,FALSE,20,elitize_generation_data,128,19,0.726,NA
130,27,scrabble-score,ifs,FALSE,20,elitize_generation_data,129,21,0.71,NA
131,27,scrabble-score,ifs,FALSE,20,elitize_generation_data,130,15,0.729,NA
132,27,scrabble-score,ifs,FALSE,20,elitize_generation_data,131,20,0.736,NA
133,27,scrabble-score,ifs,FALSE,20,elitize_generation_data,132,20,0.709,NA
134,27,scrabble-score,ifs,FALSE,20,elitize_generation_data,133,19,0.717,NA
135,27,scrabble-score,ifs,FALSE,20,elitize_generation_data,134,15,0.704,NA
136,27,scrabble-score,ifs,FALSE,20,elitize_generation_data,135,18,0.736,NA
137,27,scrabble-score,ifs,FALSE,20,elitize_generation_data,136,21,0.718,NA
138,27,scrabble-score,ifs,FALSE,20,elitize_generation_data,137,19,0.719,NA
139,27,scrabble-score,ifs,FALSE,20,elitize_generation_data,138,15,0.733,NA
140,27,scrabble-score,ifs,FALSE,20,elitize_generation_data,139,14,0.74,NA
141,27,scrabble-score,ifs,FALSE,20,elitize_generation_data,140,16,0.729,NA
142,27,scrabble-score,ifs,FALSE,20,elitize_generation_data,141,21,0.739,NA
143,27,scrabble-score,ifs,FALSE,20,elitize_generation_data,142,23,0.724,NA
144,27,scrabble-score,ifs,FALSE,20,elitize_generation_data,143,20,0.702,NA
145,27,scrabble-score,ifs,FALSE,20,elitize_generation_data,144,21,0.695,NA
146,27,scrabble-score,ifs,FALSE,20,elitize_generation_data,145,14,0.706,NA
147,27,scrabble-score,ifs,FALSE,20,elitize_generation_data,146,15,0.686,NA
148,27,scrabble-score,ifs,FALSE,20,elitize_generation_data,147,13,0.665,NA
149,27,scrabble-score,ifs,FALSE,20,elitize_generation_data,148,14,0.687,NA
150,27,scrabble-score,ifs,FALSE,20,elitize_generation_data,149,16,0.662,NA
151,27,scrabble-score,ifs,FALSE,20,elitize_generation_data,150,13,0.678,NA
152,27,scrabble-score,ifs,FALSE,20,elitize_generation_data,151,19,0.654,NA
153,27,scrabble-score,ifs,FALSE,20,elitize_generation_data,152,17,0.65,NA
154,27,scrabble-score,ifs,FALSE,20,elitize_generation_data,153,16,0.658,NA
155,27,scrabble-score,ifs,FALSE,20,elitize_generation_data,154,18,0.686,NA
156,27,scrabble-score,ifs,FALSE,20,elitize_generation_data,155,20,0.684,NA
157,27,scrabble-score,ifs,FALSE,20,elitize_generation_data,156,21,0.663,NA
158,27,scrabble-score,ifs,FALSE,20,elitize_generation_data,157,17,0.681,NA
159,27,scrabble-score,ifs,FALSE,20,elitize_generation_data,158,15,0.667,NA
160,27,scrabble-score,ifs,FALSE,20,elitize_generation_data,159,16,0.682,NA
161,27,scrabble-score,ifs,FALSE,20,elitize_generation_data,160,18,0.671,NA
162,27,scrabble-score,ifs,FALSE,20,elitize_generation_data,161,21,0.716,NA
163,27,scrabble-score,ifs,FALSE,20,elitize_generation_data,162,17,0.688,NA
164,27,scrabble-score,ifs,FALSE,20,elitize_generation_data,163,19,0.7,NA
165,27,scrabble-score,ifs,FALSE,20,elitize_generation_data,164,19,0.707,NA
166,27,scrabble-score,ifs,FALSE,20,elitize_generation_data,165,13,0.713,NA
167,27,scrabble-score,ifs,FALSE,20,elitize_generation_data,166,16,0.683,NA
168,27,scrabble-score,ifs,FALSE,20,elitize_generation_data,167,22,0.703,NA
169,27,scrabble-score,ifs,FALSE,20,elitize_generation_data,168,16,0.683,NA
170,27,scrabble-score,ifs,FALSE,20,elitize_generation_data,169,16,0.667,NA
171,27,scrabble-score,ifs,FALSE,20,elitize_generation_data,170,18,0.695,NA
172,27,scrabble-score,ifs,FALSE,20,elitize_generation_data,171,15,0.685,NA
173,27,scrabble-score,ifs,FALSE,20,elitize_generation_data,172,11,0.681,NA
174,27,scrabble-score,ifs,FALSE,20,elitize_generation_data,173,15,0.665,NA
175,27,scrabble-score,ifs,FALSE,20,elitize_generation_data,174,16,0.681,NA
176,27,scrabble-score,ifs,FALSE,20,elitize_generation_data,175,19,0.693,NA
177,27,scrabble-score,ifs,FALSE,20,elitize_generation_data,176,20,0.714,NA
178,27,scrabble-score,ifs,FALSE,20,elitize_generation_data,177,23,0.677,NA
179,27,scrabble-score,ifs,FALSE,20,elitize_generation_data,178,15,0.704,NA
180,27,scrabble-score,ifs,FALSE,20,elitize_generation_data,179,19,0.701,NA
181,27,scrabble-score,ifs,FALSE,20,elitize_generation_data,180,18,0.667,NA
182,27,scrabble-score,ifs,FALSE,20,elitize_generation_data,181,15,0.683,NA
183,27,scrabble-score,ifs,FALSE,20,elitize_generation_data,182,19,0.669,NA
184,27,scrabble-score,ifs,FALSE,20,elitize_generation_data,183,19,0.659,NA
185,27,scrabble-score,ifs,FALSE,20,elitize_generation_data,184,15,0.681,NA
186,27,scrabble-score,ifs,FALSE,20,elitize_generation_data,185,17,0.7,NA
187,27,scrabble-score,ifs,FALSE,20,elitize_generation_data,186,16,0.66,NA
188,27,scrabble-score,ifs,FALSE,20,elitize_generation_data,187,14,0.679,NA
189,27,scrabble-score,ifs,FALSE,20,elitize_generation_data,188,18,0.659,NA
190,27,scrabble-score,ifs,FALSE,20,elitize_generation_data,189,20,0.685,NA
191,27,scrabble-score,ifs,FALSE,20,elitize_generation_data,190,20,0.703,NA
192,27,scrabble-score,ifs,FALSE,20,elitize_generation_data,191,22,0.69,NA
193,27,scrabble-score,ifs,FALSE,20,elitize_generation_data,192,19,0.718,NA
194,27,scrabble-score,ifs,FALSE,20,elitize_generation_data,193,21,0.694,NA
195,27,scrabble-score,ifs,FALSE,20,elitize_generation_data,194,19,0.726,NA
196,27,scrabble-score,ifs,FALSE,20,elitize_generation_data,195,21,0.678,NA
197,27,scrabble-score,ifs,FALSE,20,elitize_generation_data,196,16,0.672,NA
198,27,scrabble-score,ifs,FALSE,20,elitize_generation_data,197,18,0.685,NA
199,27,scrabble-score,ifs,FALSE,20,elitize_generation_data,198,21,0.701,NA
200,27,scrabble-score,ifs,FALSE,20,elitize_generation_data,199,22,0.683,NA
201,27,scrabble-score,ifs,FALSE,20,elitize_generation_data,200,20,0.708,NA
202,27,scrabble-score,ifs,FALSE,20,elitize_generation_data,201,20,0.71,NA
203,27,scrabble-score,ifs,FALSE,20,elitize_generation_data,202,21,0.711,NA
204,27,scrabble-score,ifs,FALSE,20,elitize_generation_data,203,15,0.702,NA
205,27,scrabble-score,ifs,FALSE,20,elitize_generation_data,204,16,0.711,NA
206,27,scrabble-score,ifs,FALSE,20,elitize_generation_data,205,17,0.724,NA
207,27,scrabble-score,ifs,FALSE,20,elitize_generation_data,206,17,0.691,NA
208,27,scrabble-score,ifs,FALSE,20,elitize_generation_data,207,17,0.691,NA
209,27,scrabble-score,ifs,FALSE,20,elitize_generation_data,208,18,0.674,NA
210,27,scrabble-score,ifs,FALSE,20,elitize_generation_data,209,20,0.689,NA
211,27,scrabble-score,ifs,FALSE,20,elitize_generation_data,210,19,0.711,NA
212,27,scrabble-score,ifs,FALSE,20,elitize_generation_data,211,21,0.713,NA
213,27,scrabble-score,ifs,FALSE,20,elitize_generation_data,212,21,0.687,NA
214,27,scrabble-score,ifs,FALSE,20,elitize_generation_data,213,20,0.692,NA
215,27,scrabble-score,ifs,FALSE,20,elitize_generation_data,214,21,0.696,NA
216,27,scrabble-score,ifs,FALSE,20,elitize_generation_data,215,20,0.707,NA
217,27,scrabble-score,ifs,FALSE,20,elitize_generation_data,216,22,0.728,NA
218,27,scrabble-score,ifs,FALSE,20,elitize_generation_data,217,27,0.729,NA
219,27,scrabble-score,ifs,FALSE,20,elitize_generation_data,218,26,0.73,NA
220,27,scrabble-score,ifs,FALSE,20,elitize_generation_data,219,19,0.695,NA
221,27,scrabble-score,ifs,FALSE,20,elitize_generation_data,220,18,0.714,NA
222,27,scrabble-score,ifs,FALSE,20,elitize_generation_data,221,19,0.716,NA
223,27,scrabble-score,ifs,FALSE,20,elitize_generation_data,222,18,0.73,NA
224,27,scrabble-score,ifs,FALSE,20,elitize_generation_data,223,19,0.713,NA
225,27,scrabble-score,ifs,FALSE,20,elitize_generation_data,224,26,0.69,NA
226,27,scrabble-score,ifs,FALSE,20,elitize_generation_data,225,20,0.72,NA
227,27,scrabble-score,ifs,FALSE,20,elitize_generation_data,226,16,0.701,NA
228,27,scrabble-score,ifs,FALSE,20,elitize_generation_data,227,24,0.693,NA
229,27,scrabble-score,ifs,FALSE,20,elitize_generation_data,228,26,0.696,NA
230,27,scrabble-score,ifs,FALSE,20,elitize_generation_data,229,24,0.709,NA
231,27,scrabble-score,ifs,FALSE,20,elitize_generation_data,230,22,0.663,NA
232,27,scrabble-score,ifs,FALSE,20,elitize_generation_data,231,24,0.711,NA
233,27,scrabble-score,ifs,FALSE,20,elitize_generation_data,232,17,0.731,NA
234,27,scrabble-score,ifs,FALSE,20,elitize_generation_data,233,23,0.711,NA
235,27,scrabble-score,ifs,FALSE,20,elitize_generation_data,234,25,0.709,NA
236,27,scrabble-score,ifs,FALSE,20,elitize_generation_data,235,18,0.698,NA
237,27,scrabble-score,ifs,FALSE,20,elitize_generation_data,236,19,0.699,NA
238,27,scrabble-score,ifs,FALSE,20,elitize_generation_data,237,19,0.673,NA
239,27,scrabble-score,ifs,FALSE,20,elitize_generation_data,238,22,0.69,NA
240,27,scrabble-score,ifs,FALSE,20,elitize_generation_data,239,19,0.677,NA
241,27,scrabble-score,ifs,FALSE,20,elitize_generation_data,240,16,0.704,NA
242,27,scrabble-score,ifs,FALSE,20,elitize_generation_data,241,21,0.672,NA
243,27,scrabble-score,ifs,FALSE,20,elitize_generation_data,242,22,0.697,NA
244,27,scrabble-score,ifs,FALSE,20,elitize_generation_data,243,22,0.67,NA
245,27,scrabble-score,ifs,FALSE,20,elitize_generation_data,244,21,0.674,NA
246,27,scrabble-score,ifs,FALSE,20,elitize_generation_data,245,18,0.677,NA
247,27,scrabble-score,ifs,FALSE,20,elitize_generation_data,246,22,0.658,NA
248,27,scrabble-score,ifs,FALSE,20,elitize_generation_data,247,25,0.69,NA
249,27,scrabble-score,ifs,FALSE,20,elitize_generation_data,248,17,0.682,NA
250,27,scrabble-score,ifs,FALSE,20,elitize_generation_data,249,24,0.69,NA
251,27,scrabble-score,ifs,FALSE,20,elitize_generation_data,250,19,0.705,NA
252,27,scrabble-score,ifs,FALSE,20,elitize_generation_data,251,24,0.73,NA
253,27,scrabble-score,ifs,FALSE,20,elitize_generation_data,252,21,0.695,NA
254,27,scrabble-score,ifs,FALSE,20,elitize_generation_data,253,24,0.702,NA
255,27,scrabble-score,ifs,FALSE,20,elitize_generation_data,254,22,0.724,NA
256,27,scrabble-score,ifs,FALSE,20,elitize_generation_data,255,20,0.712,NA
257,27,scrabble-score,ifs,FALSE,20,elitize_generation_data,256,23,0.679,NA
258,27,scrabble-score,ifs,FALSE,20,elitize_generation_data,257,18,0.687,NA
259,27,scrabble-score,ifs,FALSE,20,elitize_generation_data,258,18,0.702,NA
260,27,scrabble-score,ifs,FALSE,20,elitize_generation_data,259,21,0.676,NA
261,27,scrabble-score,ifs,FALSE,20,elitize_generation_data,260,22,0.658,NA
262,27,scrabble-score,ifs,FALSE,20,elitize_generation_data,261,16,0.7,NA
263,27,scrabble-score,ifs,FALSE,20,elitize_generation_data,262,22,0.695,NA
264,27,scrabble-score,ifs,FALSE,20,elitize_generation_data,263,19,0.706,NA
265,27,scrabble-score,ifs,FALSE,20,elitize_generation_data,264,14,0.675,NA
266,27,scrabble-score,ifs,FALSE,20,elitize_generation_data,265,20,0.679,NA
267,27,scrabble-score,ifs,FALSE,20,elitize_generation_data,266,22,0.686,NA
268,27,scrabble-score,ifs,FALSE,20,elitize_generation_data,267,17,0.687,NA
269,27,scrabble-score,ifs,FALSE,20,elitize_generation_data,268,15,0.691,NA
270,27,scrabble-score,ifs,FALSE,20,elitize_generation_data,269,16,0.692,NA
271,27,scrabble-score,ifs,FALSE,20,elitize_generation_data,270,21,0.674,NA
272,27,scrabble-score,ifs,FALSE,20,elitize_generation_data,271,17,0.685,NA
273,27,scrabble-score,ifs,FALSE,20,elitize_generation_data,272,20,0.665,NA
274,27,scrabble-score,ifs,FALSE,20,elitize_generation_data,273,18,0.663,NA
275,27,scrabble-score,ifs,FALSE,20,elitize_generation_data,274,20,0.661,NA
276,27,scrabble-score,ifs,FALSE,20,elitize_generation_data,275,15,0.652,NA
277,27,scrabble-score,ifs,FALSE,20,elitize_generation_data,276,21,0.696,NA
278,27,scrabble-score,ifs,FALSE,20,elitize_generation_data,277,19,0.685,NA
279,27,scrabble-score,ifs,FALSE,20,elitize_generation_data,278,16,0.674,NA
280,27,scrabble-score,ifs,FALSE,20,elitize_generation_data,279,14,0.675,NA
281,27,scrabble-score,ifs,FALSE,20,elitize_generation_data,280,24,0.682,NA
282,27,scrabble-score,ifs,FALSE,20,elitize_generation_data,281,18,0.686,NA
283,27,scrabble-score,ifs,FALSE,20,elitize_generation_data,282,19,0.682,NA
284,27,scrabble-score,ifs,FALSE,20,elitize_generation_data,283,17,0.683,NA
285,27,scrabble-score,ifs,FALSE,20,elitize_generation_data,284,17,0.672,NA
286,27,scrabble-score,ifs,FALSE,20,elitize_generation_data,285,15,0.694,NA
287,27,scrabble-score,ifs,FALSE,20,elitize_generation_data,286,13,0.691,NA
288,27,scrabble-score,ifs,FALSE,20,elitize_generation_data,287,13,0.702,NA
289,27,scrabble-score,ifs,FALSE,20,elitize_generation_data,288,17,0.688,NA
290,27,scrabble-score,ifs,FALSE,20,elitize_generation_data,289,17,0.687,NA
291,27,scrabble-score,ifs,FALSE,20,elitize_generation_data,290,13,0.69,NA
292,27,scrabble-score,ifs,FALSE,20,elitize_generation_data,291,16,0.713,NA
293,27,scrabble-score,ifs,FALSE,20,elitize_generation_data,292,18,0.709,NA
294,27,scrabble-score,ifs,FALSE,20,elitize_generation_data,293,15,0.714,NA
295,27,scrabble-score,ifs,FALSE,20,elitize_generation_data,294,19,0.703,NA
296,27,scrabble-score,ifs,FALSE,20,elitize_generation_data,295,18,0.692,NA
297,27,scrabble-score,ifs,FALSE,20,elitize_generation_data,296,16,0.692,NA
298,27,scrabble-score,ifs,FALSE,20,elitize_generation_data,297,16,0.694,NA
299,27,scrabble-score,ifs,FALSE,20,elitize_generation_data,298,16,0.698,NA
300,27,scrabble-score,ifs,FALSE,20,elitize_generation_data,299,21,0.693,NA
301,27,scrabble-score,ifs,FALSE,20,elitize_generation_data,300,16,0.692,NA
