,run.num,problem,treatment,succeeded,height,normalization.function,generation,cluster.count,error.diversity,success.generation
1,46,scrabble-score,ifs,FALSE,20,elitize_generation_data,0,3,0.108,NA
2,46,scrabble-score,ifs,FALSE,20,elitize_generation_data,1,4,0.105,NA
3,46,scrabble-score,ifs,FALSE,20,elitize_generation_data,2,4,0.11,NA
4,46,scrabble-score,ifs,FALSE,20,elitize_generation_data,3,4,0.154,NA
5,46,scrabble-score,ifs,FALSE,20,elitize_generation_data,4,4,0.181,NA
6,46,scrabble-score,ifs,FALSE,20,elitize_generation_data,5,7,0.343,NA
7,46,scrabble-score,ifs,FALSE,20,elitize_generation_data,6,4,0.462,NA
8,46,scrabble-score,ifs,FALSE,20,elitize_generation_data,7,4,0.466,NA
9,46,scrabble-score,ifs,FALSE,20,elitize_generation_data,8,6,0.509,NA
10,46,scrabble-score,ifs,FALSE,20,elitize_generation_data,9,4,0.545,NA
11,46,scrabble-score,ifs,FALSE,20,elitize_generation_data,10,4,0.567,NA
12,46,scrabble-score,ifs,FALSE,20,elitize_generation_data,11,6,0.591,NA
13,46,scrabble-score,ifs,FALSE,20,elitize_generation_data,12,7,0.614,NA
14,46,scrabble-score,ifs,FALSE,20,elitize_generation_data,13,5,0.594,NA
15,46,scrabble-score,ifs,FALSE,20,elitize_generation_data,14,5,0.581,NA
16,46,scrabble-score,ifs,FALSE,20,elitize_generation_data,15,6,0.621,NA
17,46,scrabble-score,ifs,FALSE,20,elitize_generation_data,16,7,0.658,NA
18,46,scrabble-score,ifs,FALSE,20,elitize_generation_data,17,12,0.699,NA
19,46,scrabble-score,ifs,FALSE,20,elitize_generation_data,18,8,0.711,NA
20,46,scrabble-score,ifs,FALSE,20,elitize_generation_data,19,9,0.758,NA
21,46,scrabble-score,ifs,FALSE,20,elitize_generation_data,20,5,0.715,NA
22,46,scrabble-score,ifs,FALSE,20,elitize_generation_data,21,8,0.711,NA
23,46,scrabble-score,ifs,FALSE,20,elitize_generation_data,22,8,0.7,NA
24,46,scrabble-score,ifs,FALSE,20,elitize_generation_data,23,7,0.69,NA
25,46,scrabble-score,ifs,FALSE,20,elitize_generation_data,24,5,0.655,NA
26,46,scrabble-score,ifs,FALSE,20,elitize_generation_data,25,9,0.623,NA
27,46,scrabble-score,ifs,FALSE,20,elitize_generation_data,26,11,0.612,NA
28,46,scrabble-score,ifs,FALSE,20,elitize_generation_data,27,8,0.579,NA
29,46,scrabble-score,ifs,FALSE,20,elitize_generation_data,28,8,0.597,NA
30,46,scrabble-score,ifs,FALSE,20,elitize_generation_data,29,7,0.608,NA
31,46,scrabble-score,ifs,FALSE,20,elitize_generation_data,30,9,0.639,NA
32,46,scrabble-score,ifs,FALSE,20,elitize_generation_data,31,9,0.637,NA
33,46,scrabble-score,ifs,FALSE,20,elitize_generation_data,32,7,0.614,NA
34,46,scrabble-score,ifs,FALSE,20,elitize_generation_data,33,10,0.613,NA
35,46,scrabble-score,ifs,FALSE,20,elitize_generation_data,34,7,0.632,NA
36,46,scrabble-score,ifs,FALSE,20,elitize_generation_data,35,9,0.602,NA
37,46,scrabble-score,ifs,FALSE,20,elitize_generation_data,36,8,0.617,NA
38,46,scrabble-score,ifs,FALSE,20,elitize_generation_data,37,9,0.631,NA
39,46,scrabble-score,ifs,FALSE,20,elitize_generation_data,38,6,0.648,NA
40,46,scrabble-score,ifs,FALSE,20,elitize_generation_data,39,9,0.623,NA
41,46,scrabble-score,ifs,FALSE,20,elitize_generation_data,40,12,0.571,NA
42,46,scrabble-score,ifs,FALSE,20,elitize_generation_data,41,8,0.588,NA
43,46,scrabble-score,ifs,FALSE,20,elitize_generation_data,42,8,0.566,NA
44,46,scrabble-score,ifs,FALSE,20,elitize_generation_data,43,12,0.592,NA
45,46,scrabble-score,ifs,FALSE,20,elitize_generation_data,44,9,0.569,NA
46,46,scrabble-score,ifs,FALSE,20,elitize_generation_data,45,8,0.581,NA
47,46,scrabble-score,ifs,FALSE,20,elitize_generation_data,46,7,0.611,NA
48,46,scrabble-score,ifs,FALSE,20,elitize_generation_data,47,9,0.586,NA
49,46,scrabble-score,ifs,FALSE,20,elitize_generation_data,48,11,0.591,NA
50,46,scrabble-score,ifs,FALSE,20,elitize_generation_data,49,10,0.597,NA
51,46,scrabble-score,ifs,FALSE,20,elitize_generation_data,50,11,0.612,NA
52,46,scrabble-score,ifs,FALSE,20,elitize_generation_data,51,10,0.591,NA
53,46,scrabble-score,ifs,FALSE,20,elitize_generation_data,52,11,0.612,NA
54,46,scrabble-score,ifs,FALSE,20,elitize_generation_data,53,9,0.602,NA
55,46,scrabble-score,ifs,FALSE,20,elitize_generation_data,54,8,0.626,NA
56,46,scrabble-score,ifs,FALSE,20,elitize_generation_data,55,9,0.611,NA
57,46,scrabble-score,ifs,FALSE,20,elitize_generation_data,56,12,0.644,NA
58,46,scrabble-score,ifs,FALSE,20,elitize_generation_data,57,10,0.661,NA
59,46,scrabble-score,ifs,FALSE,20,elitize_generation_data,58,13,0.667,NA
60,46,scrabble-score,ifs,FALSE,20,elitize_generation_data,59,13,0.671,NA
61,46,scrabble-score,ifs,FALSE,20,elitize_generation_data,60,8,0.658,NA
62,46,scrabble-score,ifs,FALSE,20,elitize_generation_data,61,11,0.62,NA
63,46,scrabble-score,ifs,FALSE,20,elitize_generation_data,62,12,0.639,NA
64,46,scrabble-score,ifs,FALSE,20,elitize_generation_data,63,8,0.626,NA
65,46,scrabble-score,ifs,FALSE,20,elitize_generation_data,64,11,0.609,NA
66,46,scrabble-score,ifs,FALSE,20,elitize_generation_data,65,12,0.65,NA
67,46,scrabble-score,ifs,FALSE,20,elitize_generation_data,66,13,0.608,NA
68,46,scrabble-score,ifs,FALSE,20,elitize_generation_data,67,9,0.638,NA
69,46,scrabble-score,ifs,FALSE,20,elitize_generation_data,68,10,0.638,NA
70,46,scrabble-score,ifs,FALSE,20,elitize_generation_data,69,11,0.665,NA
71,46,scrabble-score,ifs,FALSE,20,elitize_generation_data,70,13,0.665,NA
72,46,scrabble-score,ifs,FALSE,20,elitize_generation_data,71,12,0.678,NA
73,46,scrabble-score,ifs,FALSE,20,elitize_generation_data,72,7,0.686,NA
74,46,scrabble-score,ifs,FALSE,20,elitize_generation_data,73,11,0.7,NA
75,46,scrabble-score,ifs,FALSE,20,elitize_generation_data,74,8,0.704,NA
76,46,scrabble-score,ifs,FALSE,20,elitize_generation_data,75,10,0.717,NA
77,46,scrabble-score,ifs,FALSE,20,elitize_generation_data,76,6,0.713,NA
78,46,scrabble-score,ifs,FALSE,20,elitize_generation_data,77,13,0.736,NA
79,46,scrabble-score,ifs,FALSE,20,elitize_generation_data,78,14,0.742,NA
80,46,scrabble-score,ifs,FALSE,20,elitize_generation_data,79,10,0.733,NA
81,46,scrabble-score,ifs,FALSE,20,elitize_generation_data,80,8,0.688,NA
82,46,scrabble-score,ifs,FALSE,20,elitize_generation_data,81,11,0.694,NA
83,46,scrabble-score,ifs,FALSE,20,elitize_generation_data,82,7,0.676,NA
84,46,scrabble-score,ifs,FALSE,20,elitize_generation_data,83,12,0.704,NA
85,46,scrabble-score,ifs,FALSE,20,elitize_generation_data,84,9,0.712,NA
86,46,scrabble-score,ifs,FALSE,20,elitize_generation_data,85,9,0.677,NA
87,46,scrabble-score,ifs,FALSE,20,elitize_generation_data,86,7,0.686,NA
88,46,scrabble-score,ifs,FALSE,20,elitize_generation_data,87,10,0.693,NA
89,46,scrabble-score,ifs,FALSE,20,elitize_generation_data,88,14,0.686,NA
90,46,scrabble-score,ifs,FALSE,20,elitize_generation_data,89,10,0.7,NA
91,46,scrabble-score,ifs,FALSE,20,elitize_generation_data,90,13,0.728,NA
92,46,scrabble-score,ifs,FALSE,20,elitize_generation_data,91,13,0.745,NA
93,46,scrabble-score,ifs,FALSE,20,elitize_generation_data,92,10,0.703,NA
94,46,scrabble-score,ifs,FALSE,20,elitize_generation_data,93,11,0.718,NA
95,46,scrabble-score,ifs,FALSE,20,elitize_generation_data,94,13,0.723,NA
96,46,scrabble-score,ifs,FALSE,20,elitize_generation_data,95,9,0.704,NA
97,46,scrabble-score,ifs,FALSE,20,elitize_generation_data,96,12,0.703,NA
98,46,scrabble-score,ifs,FALSE,20,elitize_generation_data,97,11,0.721,NA
99,46,scrabble-score,ifs,FALSE,20,elitize_generation_data,98,10,0.697,NA
100,46,scrabble-score,ifs,FALSE,20,elitize_generation_data,99,14,0.706,NA
101,46,scrabble-score,ifs,FALSE,20,elitize_generation_data,100,10,0.732,NA
102,46,scrabble-score,ifs,FALSE,20,elitize_generation_data,101,9,0.672,NA
103,46,scrabble-score,ifs,FALSE,20,elitize_generation_data,102,11,0.687,NA
104,46,scrabble-score,ifs,FALSE,20,elitize_generation_data,103,15,0.676,NA
105,46,scrabble-score,ifs,FALSE,20,elitize_generation_data,104,12,0.672,NA
106,46,scrabble-score,ifs,FALSE,20,elitize_generation_data,105,15,0.692,NA
107,46,scrabble-score,ifs,FALSE,20,elitize_generation_data,106,13,0.675,NA
108,46,scrabble-score,ifs,FALSE,20,elitize_generation_data,107,13,0.701,NA
109,46,scrabble-score,ifs,FALSE,20,elitize_generation_data,108,11,0.676,NA
110,46,scrabble-score,ifs,FALSE,20,elitize_generation_data,109,10,0.705,NA
111,46,scrabble-score,ifs,FALSE,20,elitize_generation_data,110,10,0.703,NA
112,46,scrabble-score,ifs,FALSE,20,elitize_generation_data,111,12,0.717,NA
113,46,scrabble-score,ifs,FALSE,20,elitize_generation_data,112,12,0.692,NA
114,46,scrabble-score,ifs,FALSE,20,elitize_generation_data,113,13,0.71,NA
115,46,scrabble-score,ifs,FALSE,20,elitize_generation_data,114,11,0.712,NA
116,46,scrabble-score,ifs,FALSE,20,elitize_generation_data,115,9,0.717,NA
117,46,scrabble-score,ifs,FALSE,20,elitize_generation_data,116,15,0.724,NA
118,46,scrabble-score,ifs,FALSE,20,elitize_generation_data,117,14,0.726,NA
119,46,scrabble-score,ifs,FALSE,20,elitize_generation_data,118,11,0.723,NA
120,46,scrabble-score,ifs,FALSE,20,elitize_generation_data,119,12,0.728,NA
121,46,scrabble-score,ifs,FALSE,20,elitize_generation_data,120,14,0.749,NA
122,46,scrabble-score,ifs,FALSE,20,elitize_generation_data,121,13,0.739,NA
123,46,scrabble-score,ifs,FALSE,20,elitize_generation_data,122,14,0.701,NA
124,46,scrabble-score,ifs,FALSE,20,elitize_generation_data,123,14,0.714,NA
125,46,scrabble-score,ifs,FALSE,20,elitize_generation_data,124,14,0.701,NA
126,46,scrabble-score,ifs,FALSE,20,elitize_generation_data,125,15,0.696,NA
127,46,scrabble-score,ifs,FALSE,20,elitize_generation_data,126,14,0.707,NA
128,46,scrabble-score,ifs,FALSE,20,elitize_generation_data,127,13,0.722,NA
129,46,scrabble-score,ifs,FALSE,20,elitize_generation_data,128,12,0.746,NA
130,46,scrabble-score,ifs,FALSE,20,elitize_generation_data,129,9,0.753,NA
131,46,scrabble-score,ifs,FALSE,20,elitize_generation_data,130,16,0.772,NA
132,46,scrabble-score,ifs,FALSE,20,elitize_generation_data,131,13,0.752,NA
133,46,scrabble-score,ifs,FALSE,20,elitize_generation_data,132,12,0.748,NA
134,46,scrabble-score,ifs,FALSE,20,elitize_generation_data,133,11,0.712,NA
135,46,scrabble-score,ifs,FALSE,20,elitize_generation_data,134,8,0.673,NA
136,46,scrabble-score,ifs,FALSE,20,elitize_generation_data,135,15,0.711,NA
137,46,scrabble-score,ifs,FALSE,20,elitize_generation_data,136,15,0.701,NA
138,46,scrabble-score,ifs,FALSE,20,elitize_generation_data,137,12,0.7,NA
139,46,scrabble-score,ifs,FALSE,20,elitize_generation_data,138,12,0.678,NA
140,46,scrabble-score,ifs,FALSE,20,elitize_generation_data,139,17,0.719,NA
141,46,scrabble-score,ifs,FALSE,20,elitize_generation_data,140,15,0.698,NA
142,46,scrabble-score,ifs,FALSE,20,elitize_generation_data,141,15,0.682,NA
143,46,scrabble-score,ifs,FALSE,20,elitize_generation_data,142,11,0.706,NA
144,46,scrabble-score,ifs,FALSE,20,elitize_generation_data,143,16,0.722,NA
145,46,scrabble-score,ifs,FALSE,20,elitize_generation_data,144,16,0.745,NA
146,46,scrabble-score,ifs,FALSE,20,elitize_generation_data,145,13,0.727,NA
147,46,scrabble-score,ifs,FALSE,20,elitize_generation_data,146,14,0.717,NA
148,46,scrabble-score,ifs,FALSE,20,elitize_generation_data,147,19,0.725,NA
149,46,scrabble-score,ifs,FALSE,20,elitize_generation_data,148,20,0.697,NA
150,46,scrabble-score,ifs,FALSE,20,elitize_generation_data,149,10,0.693,NA
151,46,scrabble-score,ifs,FALSE,20,elitize_generation_data,150,14,0.7,NA
152,46,scrabble-score,ifs,FALSE,20,elitize_generation_data,151,17,0.691,NA
153,46,scrabble-score,ifs,FALSE,20,elitize_generation_data,152,16,0.701,NA
154,46,scrabble-score,ifs,FALSE,20,elitize_generation_data,153,18,0.71,NA
155,46,scrabble-score,ifs,FALSE,20,elitize_generation_data,154,15,0.737,NA
156,46,scrabble-score,ifs,FALSE,20,elitize_generation_data,155,12,0.747,NA
157,46,scrabble-score,ifs,FALSE,20,elitize_generation_data,156,14,0.722,NA
158,46,scrabble-score,ifs,FALSE,20,elitize_generation_data,157,16,0.706,NA
159,46,scrabble-score,ifs,FALSE,20,elitize_generation_data,158,12,0.688,NA
160,46,scrabble-score,ifs,FALSE,20,elitize_generation_data,159,14,0.692,NA
161,46,scrabble-score,ifs,FALSE,20,elitize_generation_data,160,12,0.671,NA
162,46,scrabble-score,ifs,FALSE,20,elitize_generation_data,161,16,0.695,NA
163,46,scrabble-score,ifs,FALSE,20,elitize_generation_data,162,20,0.688,NA
164,46,scrabble-score,ifs,FALSE,20,elitize_generation_data,163,13,0.682,NA
165,46,scrabble-score,ifs,FALSE,20,elitize_generation_data,164,11,0.689,NA
166,46,scrabble-score,ifs,FALSE,20,elitize_generation_data,165,19,0.681,NA
167,46,scrabble-score,ifs,FALSE,20,elitize_generation_data,166,18,0.677,NA
168,46,scrabble-score,ifs,FALSE,20,elitize_generation_data,167,15,0.693,NA
169,46,scrabble-score,ifs,FALSE,20,elitize_generation_data,168,17,0.683,NA
170,46,scrabble-score,ifs,FALSE,20,elitize_generation_data,169,16,0.676,NA
171,46,scrabble-score,ifs,FALSE,20,elitize_generation_data,170,18,0.668,NA
172,46,scrabble-score,ifs,FALSE,20,elitize_generation_data,171,18,0.669,NA
173,46,scrabble-score,ifs,FALSE,20,elitize_generation_data,172,14,0.668,NA
174,46,scrabble-score,ifs,FALSE,20,elitize_generation_data,173,16,0.673,NA
175,46,scrabble-score,ifs,FALSE,20,elitize_generation_data,174,13,0.67,NA
176,46,scrabble-score,ifs,FALSE,20,elitize_generation_data,175,18,0.668,NA
177,46,scrabble-score,ifs,FALSE,20,elitize_generation_data,176,14,0.665,NA
178,46,scrabble-score,ifs,FALSE,20,elitize_generation_data,177,14,0.711,NA
179,46,scrabble-score,ifs,FALSE,20,elitize_generation_data,178,12,0.689,NA
180,46,scrabble-score,ifs,FALSE,20,elitize_generation_data,179,18,0.665,NA
181,46,scrabble-score,ifs,FALSE,20,elitize_generation_data,180,14,0.678,NA
182,46,scrabble-score,ifs,FALSE,20,elitize_generation_data,181,18,0.685,NA
183,46,scrabble-score,ifs,FALSE,20,elitize_generation_data,182,20,0.685,NA
184,46,scrabble-score,ifs,FALSE,20,elitize_generation_data,183,17,0.678,NA
185,46,scrabble-score,ifs,FALSE,20,elitize_generation_data,184,14,0.692,NA
186,46,scrabble-score,ifs,FALSE,20,elitize_generation_data,185,19,0.678,NA
187,46,scrabble-score,ifs,FALSE,20,elitize_generation_data,186,18,0.679,NA
188,46,scrabble-score,ifs,FALSE,20,elitize_generation_data,187,22,0.713,NA
189,46,scrabble-score,ifs,FALSE,20,elitize_generation_data,188,20,0.688,NA
190,46,scrabble-score,ifs,FALSE,20,elitize_generation_data,189,14,0.704,NA
191,46,scrabble-score,ifs,FALSE,20,elitize_generation_data,190,17,0.698,NA
192,46,scrabble-score,ifs,FALSE,20,elitize_generation_data,191,22,0.685,NA
193,46,scrabble-score,ifs,FALSE,20,elitize_generation_data,192,14,0.663,NA
194,46,scrabble-score,ifs,FALSE,20,elitize_generation_data,193,13,0.7,NA
195,46,scrabble-score,ifs,FALSE,20,elitize_generation_data,194,14,0.698,NA
196,46,scrabble-score,ifs,FALSE,20,elitize_generation_data,195,16,0.709,NA
197,46,scrabble-score,ifs,FALSE,20,elitize_generation_data,196,14,0.747,NA
198,46,scrabble-score,ifs,FALSE,20,elitize_generation_data,197,16,0.743,NA
199,46,scrabble-score,ifs,FALSE,20,elitize_generation_data,198,19,0.74,NA
200,46,scrabble-score,ifs,FALSE,20,elitize_generation_data,199,15,0.718,NA
201,46,scrabble-score,ifs,FALSE,20,elitize_generation_data,200,23,0.734,NA
202,46,scrabble-score,ifs,FALSE,20,elitize_generation_data,201,17,0.711,NA
203,46,scrabble-score,ifs,FALSE,20,elitize_generation_data,202,19,0.751,NA
204,46,scrabble-score,ifs,FALSE,20,elitize_generation_data,203,12,0.731,NA
205,46,scrabble-score,ifs,FALSE,20,elitize_generation_data,204,11,0.722,NA
206,46,scrabble-score,ifs,FALSE,20,elitize_generation_data,205,15,0.757,NA
207,46,scrabble-score,ifs,FALSE,20,elitize_generation_data,206,20,0.745,NA
208,46,scrabble-score,ifs,FALSE,20,elitize_generation_data,207,17,0.745,NA
209,46,scrabble-score,ifs,FALSE,20,elitize_generation_data,208,21,0.735,NA
210,46,scrabble-score,ifs,FALSE,20,elitize_generation_data,209,15,0.698,NA
211,46,scrabble-score,ifs,FALSE,20,elitize_generation_data,210,22,0.711,NA
212,46,scrabble-score,ifs,FALSE,20,elitize_generation_data,211,20,0.717,NA
213,46,scrabble-score,ifs,FALSE,20,elitize_generation_data,212,20,0.717,NA
214,46,scrabble-score,ifs,FALSE,20,elitize_generation_data,213,23,0.735,NA
215,46,scrabble-score,ifs,FALSE,20,elitize_generation_data,214,17,0.738,NA
216,46,scrabble-score,ifs,FALSE,20,elitize_generation_data,215,13,0.747,NA
217,46,scrabble-score,ifs,FALSE,20,elitize_generation_data,216,20,0.716,NA
218,46,scrabble-score,ifs,FALSE,20,elitize_generation_data,217,16,0.722,NA
219,46,scrabble-score,ifs,FALSE,20,elitize_generation_data,218,18,0.693,NA
220,46,scrabble-score,ifs,FALSE,20,elitize_generation_data,219,21,0.705,NA
221,46,scrabble-score,ifs,FALSE,20,elitize_generation_data,220,18,0.706,NA
222,46,scrabble-score,ifs,FALSE,20,elitize_generation_data,221,16,0.705,NA
223,46,scrabble-score,ifs,FALSE,20,elitize_generation_data,222,18,0.706,NA
224,46,scrabble-score,ifs,FALSE,20,elitize_generation_data,223,20,0.7,NA
225,46,scrabble-score,ifs,FALSE,20,elitize_generation_data,224,18,0.692,NA
226,46,scrabble-score,ifs,FALSE,20,elitize_generation_data,225,13,0.689,NA
227,46,scrabble-score,ifs,FALSE,20,elitize_generation_data,226,15,0.679,NA
228,46,scrabble-score,ifs,FALSE,20,elitize_generation_data,227,21,0.675,NA
229,46,scrabble-score,ifs,FALSE,20,elitize_generation_data,228,18,0.691,NA
230,46,scrabble-score,ifs,FALSE,20,elitize_generation_data,229,23,0.669,NA
231,46,scrabble-score,ifs,FALSE,20,elitize_generation_data,230,21,0.674,NA
232,46,scrabble-score,ifs,FALSE,20,elitize_generation_data,231,19,0.679,NA
233,46,scrabble-score,ifs,FALSE,20,elitize_generation_data,232,20,0.661,NA
234,46,scrabble-score,ifs,FALSE,20,elitize_generation_data,233,18,0.676,NA
235,46,scrabble-score,ifs,FALSE,20,elitize_generation_data,234,18,0.675,NA
236,46,scrabble-score,ifs,FALSE,20,elitize_generation_data,235,16,0.682,NA
237,46,scrabble-score,ifs,FALSE,20,elitize_generation_data,236,22,0.71,NA
238,46,scrabble-score,ifs,FALSE,20,elitize_generation_data,237,17,0.718,NA
239,46,scrabble-score,ifs,FALSE,20,elitize_generation_data,238,21,0.696,NA
240,46,scrabble-score,ifs,FALSE,20,elitize_generation_data,239,22,0.662,NA
241,46,scrabble-score,ifs,FALSE,20,elitize_generation_data,240,19,0.705,NA
242,46,scrabble-score,ifs,FALSE,20,elitize_generation_data,241,20,0.709,NA
243,46,scrabble-score,ifs,FALSE,20,elitize_generation_data,242,21,0.678,NA
244,46,scrabble-score,ifs,FALSE,20,elitize_generation_data,243,23,0.695,NA
245,46,scrabble-score,ifs,FALSE,20,elitize_generation_data,244,20,0.677,NA
246,46,scrabble-score,ifs,FALSE,20,elitize_generation_data,245,16,0.702,NA
247,46,scrabble-score,ifs,FALSE,20,elitize_generation_data,246,17,0.7,NA
248,46,scrabble-score,ifs,FALSE,20,elitize_generation_data,247,20,0.708,NA
249,46,scrabble-score,ifs,FALSE,20,elitize_generation_data,248,18,0.708,NA
250,46,scrabble-score,ifs,FALSE,20,elitize_generation_data,249,19,0.685,NA
251,46,scrabble-score,ifs,FALSE,20,elitize_generation_data,250,19,0.681,NA
252,46,scrabble-score,ifs,FALSE,20,elitize_generation_data,251,15,0.694,NA
253,46,scrabble-score,ifs,FALSE,20,elitize_generation_data,252,16,0.712,NA
254,46,scrabble-score,ifs,FALSE,20,elitize_generation_data,253,18,0.707,NA
255,46,scrabble-score,ifs,FALSE,20,elitize_generation_data,254,16,0.714,NA
256,46,scrabble-score,ifs,FALSE,20,elitize_generation_data,255,21,0.72,NA
257,46,scrabble-score,ifs,FALSE,20,elitize_generation_data,256,19,0.717,NA
258,46,scrabble-score,ifs,FALSE,20,elitize_generation_data,257,15,0.719,NA
259,46,scrabble-score,ifs,FALSE,20,elitize_generation_data,258,19,0.689,NA
260,46,scrabble-score,ifs,FALSE,20,elitize_generation_data,259,17,0.688,NA
261,46,scrabble-score,ifs,FALSE,20,elitize_generation_data,260,22,0.68,NA
262,46,scrabble-score,ifs,FALSE,20,elitize_generation_data,261,13,0.689,NA
263,46,scrabble-score,ifs,FALSE,20,elitize_generation_data,262,21,0.703,NA
264,46,scrabble-score,ifs,FALSE,20,elitize_generation_data,263,18,0.689,NA
265,46,scrabble-score,ifs,FALSE,20,elitize_generation_data,264,16,0.728,NA
266,46,scrabble-score,ifs,FALSE,20,elitize_generation_data,265,16,0.708,NA
267,46,scrabble-score,ifs,FALSE,20,elitize_generation_data,266,19,0.729,NA
268,46,scrabble-score,ifs,FALSE,20,elitize_generation_data,267,14,0.703,NA
269,46,scrabble-score,ifs,FALSE,20,elitize_generation_data,268,15,0.702,NA
270,46,scrabble-score,ifs,FALSE,20,elitize_generation_data,269,20,0.693,NA
271,46,scrabble-score,ifs,FALSE,20,elitize_generation_data,270,14,0.702,NA
272,46,scrabble-score,ifs,FALSE,20,elitize_generation_data,271,23,0.683,NA
273,46,scrabble-score,ifs,FALSE,20,elitize_generation_data,272,16,0.683,NA
274,46,scrabble-score,ifs,FALSE,20,elitize_generation_data,273,17,0.681,NA
275,46,scrabble-score,ifs,FALSE,20,elitize_generation_data,274,17,0.681,NA
276,46,scrabble-score,ifs,FALSE,20,elitize_generation_data,275,18,0.675,NA
277,46,scrabble-score,ifs,FALSE,20,elitize_generation_data,276,18,0.703,NA
278,46,scrabble-score,ifs,FALSE,20,elitize_generation_data,277,18,0.675,NA
279,46,scrabble-score,ifs,FALSE,20,elitize_generation_data,278,19,0.683,NA
280,46,scrabble-score,ifs,FALSE,20,elitize_generation_data,279,16,0.688,NA
281,46,scrabble-score,ifs,FALSE,20,elitize_generation_data,280,17,0.678,NA
282,46,scrabble-score,ifs,FALSE,20,elitize_generation_data,281,19,0.692,NA
283,46,scrabble-score,ifs,FALSE,20,elitize_generation_data,282,13,0.688,NA
284,46,scrabble-score,ifs,FALSE,20,elitize_generation_data,283,18,0.672,NA
285,46,scrabble-score,ifs,FALSE,20,elitize_generation_data,284,20,0.691,NA
286,46,scrabble-score,ifs,FALSE,20,elitize_generation_data,285,15,0.7,NA
287,46,scrabble-score,ifs,FALSE,20,elitize_generation_data,286,17,0.71,NA
288,46,scrabble-score,ifs,FALSE,20,elitize_generation_data,287,17,0.71,NA
289,46,scrabble-score,ifs,FALSE,20,elitize_generation_data,288,22,0.718,NA
290,46,scrabble-score,ifs,FALSE,20,elitize_generation_data,289,17,0.722,NA
291,46,scrabble-score,ifs,FALSE,20,elitize_generation_data,290,20,0.697,NA
292,46,scrabble-score,ifs,FALSE,20,elitize_generation_data,291,18,0.715,NA
293,46,scrabble-score,ifs,FALSE,20,elitize_generation_data,292,15,0.752,NA
294,46,scrabble-score,ifs,FALSE,20,elitize_generation_data,293,17,0.727,NA
295,46,scrabble-score,ifs,FALSE,20,elitize_generation_data,294,21,0.727,NA
296,46,scrabble-score,ifs,FALSE,20,elitize_generation_data,295,18,0.754,NA
297,46,scrabble-score,ifs,FALSE,20,elitize_generation_data,296,16,0.71,NA
298,46,scrabble-score,ifs,FALSE,20,elitize_generation_data,297,18,0.691,NA
299,46,scrabble-score,ifs,FALSE,20,elitize_generation_data,298,18,0.689,NA
300,46,scrabble-score,ifs,FALSE,20,elitize_generation_data,299,17,0.699,NA
301,46,scrabble-score,ifs,FALSE,20,elitize_generation_data,300,14,0.666,NA
