,run.num,problem,treatment,succeeded,height,normalization.function,generation,cluster.count,error.diversity,success.generation
1,33,scrabble-score,ifs,FALSE,20,elitize_generation_data,0,4,0.12,NA
2,33,scrabble-score,ifs,FALSE,20,elitize_generation_data,1,4,0.107,NA
3,33,scrabble-score,ifs,FALSE,20,elitize_generation_data,2,3,0.09,NA
4,33,scrabble-score,ifs,FALSE,20,elitize_generation_data,3,3,0.092,NA
5,33,scrabble-score,ifs,FALSE,20,elitize_generation_data,4,6,0.094,NA
6,33,scrabble-score,ifs,FALSE,20,elitize_generation_data,5,5,0.096,NA
7,33,scrabble-score,ifs,FALSE,20,elitize_generation_data,6,9,0.068,NA
8,33,scrabble-score,ifs,FALSE,20,elitize_generation_data,7,6,0.09,NA
9,33,scrabble-score,ifs,FALSE,20,elitize_generation_data,8,5,0.129,NA
10,33,scrabble-score,ifs,FALSE,20,elitize_generation_data,9,4,0.138,NA
11,33,scrabble-score,ifs,FALSE,20,elitize_generation_data,10,5,0.184,NA
12,33,scrabble-score,ifs,FALSE,20,elitize_generation_data,11,4,0.199,NA
13,33,scrabble-score,ifs,FALSE,20,elitize_generation_data,12,7,0.155,NA
14,33,scrabble-score,ifs,FALSE,20,elitize_generation_data,13,7,0.161,NA
15,33,scrabble-score,ifs,FALSE,20,elitize_generation_data,14,9,0.185,NA
16,33,scrabble-score,ifs,FALSE,20,elitize_generation_data,15,7,0.187,NA
17,33,scrabble-score,ifs,FALSE,20,elitize_generation_data,16,9,0.217,NA
18,33,scrabble-score,ifs,FALSE,20,elitize_generation_data,17,7,0.262,NA
19,33,scrabble-score,ifs,FALSE,20,elitize_generation_data,18,6,0.256,NA
20,33,scrabble-score,ifs,FALSE,20,elitize_generation_data,19,7,0.243,NA
21,33,scrabble-score,ifs,FALSE,20,elitize_generation_data,20,5,0.257,NA
22,33,scrabble-score,ifs,FALSE,20,elitize_generation_data,21,10,0.284,NA
23,33,scrabble-score,ifs,FALSE,20,elitize_generation_data,22,7,0.297,NA
24,33,scrabble-score,ifs,FALSE,20,elitize_generation_data,23,8,0.297,NA
25,33,scrabble-score,ifs,FALSE,20,elitize_generation_data,24,8,0.288,NA
26,33,scrabble-score,ifs,FALSE,20,elitize_generation_data,25,8,0.263,NA
27,33,scrabble-score,ifs,FALSE,20,elitize_generation_data,26,9,0.271,NA
28,33,scrabble-score,ifs,FALSE,20,elitize_generation_data,27,8,0.303,NA
29,33,scrabble-score,ifs,FALSE,20,elitize_generation_data,28,9,0.312,NA
30,33,scrabble-score,ifs,FALSE,20,elitize_generation_data,29,9,0.319,NA
31,33,scrabble-score,ifs,FALSE,20,elitize_generation_data,30,9,0.344,NA
32,33,scrabble-score,ifs,FALSE,20,elitize_generation_data,31,6,0.313,NA
33,33,scrabble-score,ifs,FALSE,20,elitize_generation_data,32,11,0.341,NA
34,33,scrabble-score,ifs,FALSE,20,elitize_generation_data,33,10,0.309,NA
35,33,scrabble-score,ifs,FALSE,20,elitize_generation_data,34,9,0.314,NA
36,33,scrabble-score,ifs,FALSE,20,elitize_generation_data,35,7,0.299,NA
37,33,scrabble-score,ifs,FALSE,20,elitize_generation_data,36,6,0.278,NA
38,33,scrabble-score,ifs,FALSE,20,elitize_generation_data,37,5,0.28,NA
39,33,scrabble-score,ifs,FALSE,20,elitize_generation_data,38,7,0.278,NA
40,33,scrabble-score,ifs,FALSE,20,elitize_generation_data,39,7,0.296,NA
41,33,scrabble-score,ifs,FALSE,20,elitize_generation_data,40,8,0.291,NA
42,33,scrabble-score,ifs,FALSE,20,elitize_generation_data,41,6,0.327,NA
43,33,scrabble-score,ifs,FALSE,20,elitize_generation_data,42,8,0.384,NA
44,33,scrabble-score,ifs,FALSE,20,elitize_generation_data,43,6,0.414,NA
45,33,scrabble-score,ifs,FALSE,20,elitize_generation_data,44,8,0.425,NA
46,33,scrabble-score,ifs,FALSE,20,elitize_generation_data,45,6,0.433,NA
47,33,scrabble-score,ifs,FALSE,20,elitize_generation_data,46,7,0.451,NA
48,33,scrabble-score,ifs,FALSE,20,elitize_generation_data,47,7,0.432,NA
49,33,scrabble-score,ifs,FALSE,20,elitize_generation_data,48,8,0.439,NA
50,33,scrabble-score,ifs,FALSE,20,elitize_generation_data,49,5,0.419,NA
51,33,scrabble-score,ifs,FALSE,20,elitize_generation_data,50,6,0.424,NA
52,33,scrabble-score,ifs,FALSE,20,elitize_generation_data,51,6,0.412,NA
53,33,scrabble-score,ifs,FALSE,20,elitize_generation_data,52,8,0.408,NA
54,33,scrabble-score,ifs,FALSE,20,elitize_generation_data,53,6,0.393,NA
55,33,scrabble-score,ifs,FALSE,20,elitize_generation_data,54,5,0.37,NA
56,33,scrabble-score,ifs,FALSE,20,elitize_generation_data,55,7,0.353,NA
57,33,scrabble-score,ifs,FALSE,20,elitize_generation_data,56,7,0.348,NA
58,33,scrabble-score,ifs,FALSE,20,elitize_generation_data,57,8,0.36,NA
59,33,scrabble-score,ifs,FALSE,20,elitize_generation_data,58,5,0.393,NA
60,33,scrabble-score,ifs,FALSE,20,elitize_generation_data,59,8,0.39,NA
61,33,scrabble-score,ifs,FALSE,20,elitize_generation_data,60,7,0.391,NA
62,33,scrabble-score,ifs,FALSE,20,elitize_generation_data,61,7,0.411,NA
63,33,scrabble-score,ifs,FALSE,20,elitize_generation_data,62,7,0.398,NA
64,33,scrabble-score,ifs,FALSE,20,elitize_generation_data,63,7,0.42,NA
65,33,scrabble-score,ifs,FALSE,20,elitize_generation_data,64,7,0.395,NA
66,33,scrabble-score,ifs,FALSE,20,elitize_generation_data,65,6,0.429,NA
67,33,scrabble-score,ifs,FALSE,20,elitize_generation_data,66,6,0.385,NA
68,33,scrabble-score,ifs,FALSE,20,elitize_generation_data,67,7,0.38,NA
69,33,scrabble-score,ifs,FALSE,20,elitize_generation_data,68,6,0.371,NA
70,33,scrabble-score,ifs,FALSE,20,elitize_generation_data,69,6,0.356,NA
71,33,scrabble-score,ifs,FALSE,20,elitize_generation_data,70,6,0.392,NA
72,33,scrabble-score,ifs,FALSE,20,elitize_generation_data,71,5,0.382,NA
73,33,scrabble-score,ifs,FALSE,20,elitize_generation_data,72,7,0.369,NA
74,33,scrabble-score,ifs,FALSE,20,elitize_generation_data,73,6,0.38,NA
75,33,scrabble-score,ifs,FALSE,20,elitize_generation_data,74,5,0.384,NA
76,33,scrabble-score,ifs,FALSE,20,elitize_generation_data,75,6,0.385,NA
77,33,scrabble-score,ifs,FALSE,20,elitize_generation_data,76,6,0.339,NA
78,33,scrabble-score,ifs,FALSE,20,elitize_generation_data,77,6,0.378,NA
79,33,scrabble-score,ifs,FALSE,20,elitize_generation_data,78,8,0.38,NA
80,33,scrabble-score,ifs,FALSE,20,elitize_generation_data,79,6,0.396,NA
81,33,scrabble-score,ifs,FALSE,20,elitize_generation_data,80,7,0.423,NA
82,33,scrabble-score,ifs,FALSE,20,elitize_generation_data,81,4,0.428,NA
83,33,scrabble-score,ifs,FALSE,20,elitize_generation_data,82,7,0.454,NA
84,33,scrabble-score,ifs,FALSE,20,elitize_generation_data,83,6,0.492,NA
85,33,scrabble-score,ifs,FALSE,20,elitize_generation_data,84,8,0.485,NA
86,33,scrabble-score,ifs,FALSE,20,elitize_generation_data,85,6,0.5,NA
87,33,scrabble-score,ifs,FALSE,20,elitize_generation_data,86,7,0.514,NA
88,33,scrabble-score,ifs,FALSE,20,elitize_generation_data,87,9,0.502,NA
89,33,scrabble-score,ifs,FALSE,20,elitize_generation_data,88,5,0.517,NA
90,33,scrabble-score,ifs,FALSE,20,elitize_generation_data,89,4,0.516,NA
91,33,scrabble-score,ifs,FALSE,20,elitize_generation_data,90,5,0.525,NA
92,33,scrabble-score,ifs,FALSE,20,elitize_generation_data,91,9,0.534,NA
93,33,scrabble-score,ifs,FALSE,20,elitize_generation_data,92,6,0.529,NA
94,33,scrabble-score,ifs,FALSE,20,elitize_generation_data,93,6,0.537,NA
95,33,scrabble-score,ifs,FALSE,20,elitize_generation_data,94,5,0.519,NA
96,33,scrabble-score,ifs,FALSE,20,elitize_generation_data,95,5,0.499,NA
97,33,scrabble-score,ifs,FALSE,20,elitize_generation_data,96,5,0.532,NA
98,33,scrabble-score,ifs,FALSE,20,elitize_generation_data,97,7,0.521,NA
99,33,scrabble-score,ifs,FALSE,20,elitize_generation_data,98,6,0.547,NA
100,33,scrabble-score,ifs,FALSE,20,elitize_generation_data,99,7,0.567,NA
101,33,scrabble-score,ifs,FALSE,20,elitize_generation_data,100,7,0.555,NA
102,33,scrabble-score,ifs,FALSE,20,elitize_generation_data,101,7,0.562,NA
103,33,scrabble-score,ifs,FALSE,20,elitize_generation_data,102,6,0.536,NA
104,33,scrabble-score,ifs,FALSE,20,elitize_generation_data,103,5,0.544,NA
105,33,scrabble-score,ifs,FALSE,20,elitize_generation_data,104,7,0.55,NA
106,33,scrabble-score,ifs,FALSE,20,elitize_generation_data,105,6,0.545,NA
107,33,scrabble-score,ifs,FALSE,20,elitize_generation_data,106,6,0.57,NA
108,33,scrabble-score,ifs,FALSE,20,elitize_generation_data,107,8,0.562,NA
109,33,scrabble-score,ifs,FALSE,20,elitize_generation_data,108,6,0.551,NA
110,33,scrabble-score,ifs,FALSE,20,elitize_generation_data,109,6,0.575,NA
111,33,scrabble-score,ifs,FALSE,20,elitize_generation_data,110,7,0.61,NA
112,33,scrabble-score,ifs,FALSE,20,elitize_generation_data,111,8,0.634,NA
113,33,scrabble-score,ifs,FALSE,20,elitize_generation_data,112,8,0.65,NA
114,33,scrabble-score,ifs,FALSE,20,elitize_generation_data,113,8,0.643,NA
115,33,scrabble-score,ifs,FALSE,20,elitize_generation_data,114,8,0.646,NA
116,33,scrabble-score,ifs,FALSE,20,elitize_generation_data,115,9,0.677,NA
117,33,scrabble-score,ifs,FALSE,20,elitize_generation_data,116,9,0.678,NA
118,33,scrabble-score,ifs,FALSE,20,elitize_generation_data,117,12,0.662,NA
119,33,scrabble-score,ifs,FALSE,20,elitize_generation_data,118,7,0.643,NA
120,33,scrabble-score,ifs,FALSE,20,elitize_generation_data,119,11,0.656,NA
121,33,scrabble-score,ifs,FALSE,20,elitize_generation_data,120,10,0.66,NA
122,33,scrabble-score,ifs,FALSE,20,elitize_generation_data,121,9,0.629,NA
123,33,scrabble-score,ifs,FALSE,20,elitize_generation_data,122,12,0.626,NA
124,33,scrabble-score,ifs,FALSE,20,elitize_generation_data,123,11,0.632,NA
125,33,scrabble-score,ifs,FALSE,20,elitize_generation_data,124,8,0.632,NA
126,33,scrabble-score,ifs,FALSE,20,elitize_generation_data,125,9,0.634,NA
127,33,scrabble-score,ifs,FALSE,20,elitize_generation_data,126,6,0.683,NA
128,33,scrabble-score,ifs,FALSE,20,elitize_generation_data,127,8,0.626,NA
129,33,scrabble-score,ifs,FALSE,20,elitize_generation_data,128,9,0.651,NA
130,33,scrabble-score,ifs,FALSE,20,elitize_generation_data,129,7,0.647,NA
131,33,scrabble-score,ifs,FALSE,20,elitize_generation_data,130,10,0.636,NA
132,33,scrabble-score,ifs,FALSE,20,elitize_generation_data,131,5,0.628,NA
133,33,scrabble-score,ifs,FALSE,20,elitize_generation_data,132,4,0.659,NA
134,33,scrabble-score,ifs,FALSE,20,elitize_generation_data,133,9,0.633,NA
135,33,scrabble-score,ifs,FALSE,20,elitize_generation_data,134,7,0.605,NA
136,33,scrabble-score,ifs,FALSE,20,elitize_generation_data,135,9,0.593,NA
137,33,scrabble-score,ifs,FALSE,20,elitize_generation_data,136,6,0.611,NA
138,33,scrabble-score,ifs,FALSE,20,elitize_generation_data,137,10,0.626,NA
139,33,scrabble-score,ifs,FALSE,20,elitize_generation_data,138,6,0.634,NA
140,33,scrabble-score,ifs,FALSE,20,elitize_generation_data,139,8,0.646,NA
141,33,scrabble-score,ifs,FALSE,20,elitize_generation_data,140,6,0.646,NA
142,33,scrabble-score,ifs,FALSE,20,elitize_generation_data,141,6,0.617,NA
143,33,scrabble-score,ifs,FALSE,20,elitize_generation_data,142,5,0.635,NA
144,33,scrabble-score,ifs,FALSE,20,elitize_generation_data,143,5,0.62,NA
145,33,scrabble-score,ifs,FALSE,20,elitize_generation_data,144,9,0.609,NA
146,33,scrabble-score,ifs,FALSE,20,elitize_generation_data,145,8,0.603,NA
147,33,scrabble-score,ifs,FALSE,20,elitize_generation_data,146,7,0.608,NA
148,33,scrabble-score,ifs,FALSE,20,elitize_generation_data,147,7,0.613,NA
149,33,scrabble-score,ifs,FALSE,20,elitize_generation_data,148,6,0.615,NA
150,33,scrabble-score,ifs,FALSE,20,elitize_generation_data,149,8,0.605,NA
151,33,scrabble-score,ifs,FALSE,20,elitize_generation_data,150,7,0.574,NA
152,33,scrabble-score,ifs,FALSE,20,elitize_generation_data,151,7,0.581,NA
153,33,scrabble-score,ifs,FALSE,20,elitize_generation_data,152,10,0.603,NA
154,33,scrabble-score,ifs,FALSE,20,elitize_generation_data,153,8,0.62,NA
155,33,scrabble-score,ifs,FALSE,20,elitize_generation_data,154,9,0.61,NA
156,33,scrabble-score,ifs,FALSE,20,elitize_generation_data,155,9,0.627,NA
157,33,scrabble-score,ifs,FALSE,20,elitize_generation_data,156,10,0.628,NA
158,33,scrabble-score,ifs,FALSE,20,elitize_generation_data,157,7,0.64,NA
159,33,scrabble-score,ifs,FALSE,20,elitize_generation_data,158,8,0.648,NA
160,33,scrabble-score,ifs,FALSE,20,elitize_generation_data,159,7,0.661,NA
161,33,scrabble-score,ifs,FALSE,20,elitize_generation_data,160,6,0.653,NA
162,33,scrabble-score,ifs,FALSE,20,elitize_generation_data,161,9,0.674,NA
163,33,scrabble-score,ifs,FALSE,20,elitize_generation_data,162,7,0.653,NA
164,33,scrabble-score,ifs,FALSE,20,elitize_generation_data,163,8,0.672,NA
165,33,scrabble-score,ifs,FALSE,20,elitize_generation_data,164,6,0.685,NA
166,33,scrabble-score,ifs,FALSE,20,elitize_generation_data,165,3,0.661,NA
167,33,scrabble-score,ifs,FALSE,20,elitize_generation_data,166,6,0.705,NA
168,33,scrabble-score,ifs,FALSE,20,elitize_generation_data,167,6,0.691,NA
169,33,scrabble-score,ifs,FALSE,20,elitize_generation_data,168,6,0.677,NA
170,33,scrabble-score,ifs,FALSE,20,elitize_generation_data,169,6,0.68,NA
171,33,scrabble-score,ifs,FALSE,20,elitize_generation_data,170,5,0.652,NA
172,33,scrabble-score,ifs,FALSE,20,elitize_generation_data,171,7,0.667,NA
173,33,scrabble-score,ifs,FALSE,20,elitize_generation_data,172,5,0.69,NA
174,33,scrabble-score,ifs,FALSE,20,elitize_generation_data,173,4,0.662,NA
175,33,scrabble-score,ifs,FALSE,20,elitize_generation_data,174,5,0.658,NA
176,33,scrabble-score,ifs,FALSE,20,elitize_generation_data,175,6,0.685,NA
177,33,scrabble-score,ifs,FALSE,20,elitize_generation_data,176,7,0.689,NA
178,33,scrabble-score,ifs,FALSE,20,elitize_generation_data,177,7,0.668,NA
179,33,scrabble-score,ifs,FALSE,20,elitize_generation_data,178,9,0.669,NA
180,33,scrabble-score,ifs,FALSE,20,elitize_generation_data,179,5,0.662,NA
181,33,scrabble-score,ifs,FALSE,20,elitize_generation_data,180,4,0.672,NA
182,33,scrabble-score,ifs,FALSE,20,elitize_generation_data,181,4,0.658,NA
183,33,scrabble-score,ifs,FALSE,20,elitize_generation_data,182,5,0.661,NA
184,33,scrabble-score,ifs,FALSE,20,elitize_generation_data,183,7,0.666,NA
185,33,scrabble-score,ifs,FALSE,20,elitize_generation_data,184,5,0.66,NA
186,33,scrabble-score,ifs,FALSE,20,elitize_generation_data,185,6,0.657,NA
187,33,scrabble-score,ifs,FALSE,20,elitize_generation_data,186,6,0.68,NA
188,33,scrabble-score,ifs,FALSE,20,elitize_generation_data,187,5,0.701,NA
189,33,scrabble-score,ifs,FALSE,20,elitize_generation_data,188,6,0.71,NA
190,33,scrabble-score,ifs,FALSE,20,elitize_generation_data,189,5,0.658,NA
191,33,scrabble-score,ifs,FALSE,20,elitize_generation_data,190,5,0.699,NA
192,33,scrabble-score,ifs,FALSE,20,elitize_generation_data,191,8,0.711,NA
193,33,scrabble-score,ifs,FALSE,20,elitize_generation_data,192,6,0.676,NA
194,33,scrabble-score,ifs,FALSE,20,elitize_generation_data,193,5,0.666,NA
195,33,scrabble-score,ifs,FALSE,20,elitize_generation_data,194,5,0.677,NA
196,33,scrabble-score,ifs,FALSE,20,elitize_generation_data,195,5,0.685,NA
197,33,scrabble-score,ifs,FALSE,20,elitize_generation_data,196,5,0.699,NA
198,33,scrabble-score,ifs,FALSE,20,elitize_generation_data,197,5,0.681,NA
199,33,scrabble-score,ifs,FALSE,20,elitize_generation_data,198,7,0.697,NA
200,33,scrabble-score,ifs,FALSE,20,elitize_generation_data,199,7,0.713,NA
201,33,scrabble-score,ifs,FALSE,20,elitize_generation_data,200,6,0.678,NA
202,33,scrabble-score,ifs,FALSE,20,elitize_generation_data,201,6,0.701,NA
203,33,scrabble-score,ifs,FALSE,20,elitize_generation_data,202,6,0.706,NA
204,33,scrabble-score,ifs,FALSE,20,elitize_generation_data,203,5,0.729,NA
205,33,scrabble-score,ifs,FALSE,20,elitize_generation_data,204,9,0.704,NA
206,33,scrabble-score,ifs,FALSE,20,elitize_generation_data,205,7,0.696,NA
207,33,scrabble-score,ifs,FALSE,20,elitize_generation_data,206,6,0.685,NA
208,33,scrabble-score,ifs,FALSE,20,elitize_generation_data,207,8,0.695,NA
209,33,scrabble-score,ifs,FALSE,20,elitize_generation_data,208,6,0.677,NA
210,33,scrabble-score,ifs,FALSE,20,elitize_generation_data,209,6,0.7,NA
211,33,scrabble-score,ifs,FALSE,20,elitize_generation_data,210,6,0.682,NA
212,33,scrabble-score,ifs,FALSE,20,elitize_generation_data,211,5,0.699,NA
213,33,scrabble-score,ifs,FALSE,20,elitize_generation_data,212,7,0.666,NA
214,33,scrabble-score,ifs,FALSE,20,elitize_generation_data,213,5,0.682,NA
215,33,scrabble-score,ifs,FALSE,20,elitize_generation_data,214,8,0.672,NA
216,33,scrabble-score,ifs,FALSE,20,elitize_generation_data,215,6,0.652,NA
217,33,scrabble-score,ifs,FALSE,20,elitize_generation_data,216,4,0.694,NA
218,33,scrabble-score,ifs,FALSE,20,elitize_generation_data,217,5,0.673,NA
219,33,scrabble-score,ifs,FALSE,20,elitize_generation_data,218,6,0.633,NA
220,33,scrabble-score,ifs,FALSE,20,elitize_generation_data,219,8,0.689,NA
221,33,scrabble-score,ifs,FALSE,20,elitize_generation_data,220,7,0.684,NA
222,33,scrabble-score,ifs,FALSE,20,elitize_generation_data,221,6,0.678,NA
223,33,scrabble-score,ifs,FALSE,20,elitize_generation_data,222,11,0.649,NA
224,33,scrabble-score,ifs,FALSE,20,elitize_generation_data,223,6,0.637,NA
225,33,scrabble-score,ifs,FALSE,20,elitize_generation_data,224,7,0.658,NA
226,33,scrabble-score,ifs,FALSE,20,elitize_generation_data,225,6,0.658,NA
227,33,scrabble-score,ifs,FALSE,20,elitize_generation_data,226,5,0.637,NA
228,33,scrabble-score,ifs,FALSE,20,elitize_generation_data,227,6,0.609,NA
229,33,scrabble-score,ifs,FALSE,20,elitize_generation_data,228,8,0.599,NA
230,33,scrabble-score,ifs,FALSE,20,elitize_generation_data,229,8,0.583,NA
231,33,scrabble-score,ifs,FALSE,20,elitize_generation_data,230,9,0.611,NA
232,33,scrabble-score,ifs,FALSE,20,elitize_generation_data,231,7,0.591,NA
233,33,scrabble-score,ifs,FALSE,20,elitize_generation_data,232,9,0.599,NA
234,33,scrabble-score,ifs,FALSE,20,elitize_generation_data,233,6,0.573,NA
235,33,scrabble-score,ifs,FALSE,20,elitize_generation_data,234,10,0.585,NA
236,33,scrabble-score,ifs,FALSE,20,elitize_generation_data,235,12,0.569,NA
237,33,scrabble-score,ifs,FALSE,20,elitize_generation_data,236,6,0.598,NA
238,33,scrabble-score,ifs,FALSE,20,elitize_generation_data,237,7,0.602,NA
239,33,scrabble-score,ifs,FALSE,20,elitize_generation_data,238,10,0.599,NA
240,33,scrabble-score,ifs,FALSE,20,elitize_generation_data,239,9,0.601,NA
241,33,scrabble-score,ifs,FALSE,20,elitize_generation_data,240,9,0.598,NA
242,33,scrabble-score,ifs,FALSE,20,elitize_generation_data,241,12,0.596,NA
243,33,scrabble-score,ifs,FALSE,20,elitize_generation_data,242,7,0.599,NA
244,33,scrabble-score,ifs,FALSE,20,elitize_generation_data,243,11,0.585,NA
245,33,scrabble-score,ifs,FALSE,20,elitize_generation_data,244,11,0.578,NA
246,33,scrabble-score,ifs,FALSE,20,elitize_generation_data,245,12,0.594,NA
247,33,scrabble-score,ifs,FALSE,20,elitize_generation_data,246,9,0.583,NA
248,33,scrabble-score,ifs,FALSE,20,elitize_generation_data,247,11,0.609,NA
249,33,scrabble-score,ifs,FALSE,20,elitize_generation_data,248,10,0.584,NA
250,33,scrabble-score,ifs,FALSE,20,elitize_generation_data,249,9,0.601,NA
251,33,scrabble-score,ifs,FALSE,20,elitize_generation_data,250,11,0.609,NA
252,33,scrabble-score,ifs,FALSE,20,elitize_generation_data,251,7,0.584,NA
253,33,scrabble-score,ifs,FALSE,20,elitize_generation_data,252,8,0.62,NA
254,33,scrabble-score,ifs,FALSE,20,elitize_generation_data,253,10,0.623,NA
255,33,scrabble-score,ifs,FALSE,20,elitize_generation_data,254,10,0.609,NA
256,33,scrabble-score,ifs,FALSE,20,elitize_generation_data,255,10,0.599,NA
257,33,scrabble-score,ifs,FALSE,20,elitize_generation_data,256,8,0.596,NA
258,33,scrabble-score,ifs,FALSE,20,elitize_generation_data,257,11,0.594,NA
259,33,scrabble-score,ifs,FALSE,20,elitize_generation_data,258,10,0.575,NA
260,33,scrabble-score,ifs,FALSE,20,elitize_generation_data,259,10,0.601,NA
261,33,scrabble-score,ifs,FALSE,20,elitize_generation_data,260,9,0.572,NA
262,33,scrabble-score,ifs,FALSE,20,elitize_generation_data,261,11,0.557,NA
263,33,scrabble-score,ifs,FALSE,20,elitize_generation_data,262,14,0.588,NA
264,33,scrabble-score,ifs,FALSE,20,elitize_generation_data,263,11,0.571,NA
265,33,scrabble-score,ifs,FALSE,20,elitize_generation_data,264,9,0.578,NA
266,33,scrabble-score,ifs,FALSE,20,elitize_generation_data,265,10,0.583,NA
267,33,scrabble-score,ifs,FALSE,20,elitize_generation_data,266,12,0.574,NA
268,33,scrabble-score,ifs,FALSE,20,elitize_generation_data,267,11,0.55,NA
269,33,scrabble-score,ifs,FALSE,20,elitize_generation_data,268,10,0.581,NA
270,33,scrabble-score,ifs,FALSE,20,elitize_generation_data,269,8,0.571,NA
271,33,scrabble-score,ifs,FALSE,20,elitize_generation_data,270,8,0.577,NA
272,33,scrabble-score,ifs,FALSE,20,elitize_generation_data,271,8,0.542,NA
273,33,scrabble-score,ifs,FALSE,20,elitize_generation_data,272,10,0.568,NA
274,33,scrabble-score,ifs,FALSE,20,elitize_generation_data,273,6,0.572,NA
275,33,scrabble-score,ifs,FALSE,20,elitize_generation_data,274,8,0.591,NA
276,33,scrabble-score,ifs,FALSE,20,elitize_generation_data,275,10,0.586,NA
277,33,scrabble-score,ifs,FALSE,20,elitize_generation_data,276,7,0.591,NA
278,33,scrabble-score,ifs,FALSE,20,elitize_generation_data,277,6,0.589,NA
279,33,scrabble-score,ifs,FALSE,20,elitize_generation_data,278,9,0.579,NA
280,33,scrabble-score,ifs,FALSE,20,elitize_generation_data,279,6,0.58,NA
281,33,scrabble-score,ifs,FALSE,20,elitize_generation_data,280,10,0.561,NA
282,33,scrabble-score,ifs,FALSE,20,elitize_generation_data,281,8,0.594,NA
283,33,scrabble-score,ifs,FALSE,20,elitize_generation_data,282,10,0.594,NA
284,33,scrabble-score,ifs,FALSE,20,elitize_generation_data,283,10,0.593,NA
285,33,scrabble-score,ifs,FALSE,20,elitize_generation_data,284,8,0.596,NA
286,33,scrabble-score,ifs,FALSE,20,elitize_generation_data,285,7,0.611,NA
287,33,scrabble-score,ifs,FALSE,20,elitize_generation_data,286,6,0.597,NA
288,33,scrabble-score,ifs,FALSE,20,elitize_generation_data,287,10,0.608,NA
289,33,scrabble-score,ifs,FALSE,20,elitize_generation_data,288,7,0.581,NA
290,33,scrabble-score,ifs,FALSE,20,elitize_generation_data,289,9,0.577,NA
291,33,scrabble-score,ifs,FALSE,20,elitize_generation_data,290,5,0.593,NA
292,33,scrabble-score,ifs,FALSE,20,elitize_generation_data,291,10,0.613,NA
293,33,scrabble-score,ifs,FALSE,20,elitize_generation_data,292,9,0.608,NA
294,33,scrabble-score,ifs,FALSE,20,elitize_generation_data,293,7,0.599,NA
295,33,scrabble-score,ifs,FALSE,20,elitize_generation_data,294,9,0.613,NA
296,33,scrabble-score,ifs,FALSE,20,elitize_generation_data,295,10,0.608,NA
297,33,scrabble-score,ifs,FALSE,20,elitize_generation_data,296,12,0.61,NA
298,33,scrabble-score,ifs,FALSE,20,elitize_generation_data,297,11,0.582,NA
299,33,scrabble-score,ifs,FALSE,20,elitize_generation_data,298,11,0.607,NA
300,33,scrabble-score,ifs,FALSE,20,elitize_generation_data,299,10,0.582,NA
301,33,scrabble-score,ifs,FALSE,20,elitize_generation_data,300,11,0.629,NA
