,run.num,problem,treatment,succeeded,height,normalization.function,generation,cluster.count,error.diversity,success.generation
1,23,scrabble-score,ifs,FALSE,20,elitize_generation_data,0,5,0.096,NA
2,23,scrabble-score,ifs,FALSE,20,elitize_generation_data,1,7,0.091,NA
3,23,scrabble-score,ifs,FALSE,20,elitize_generation_data,2,4,0.111,NA
4,23,scrabble-score,ifs,FALSE,20,elitize_generation_data,3,3,0.13,NA
5,23,scrabble-score,ifs,FALSE,20,elitize_generation_data,4,4,0.08,NA
6,23,scrabble-score,ifs,FALSE,20,elitize_generation_data,5,8,0.103,NA
7,23,scrabble-score,ifs,FALSE,20,elitize_generation_data,6,9,0.093,NA
8,23,scrabble-score,ifs,FALSE,20,elitize_generation_data,7,7,0.104,NA
9,23,scrabble-score,ifs,FALSE,20,elitize_generation_data,8,9,0.132,NA
10,23,scrabble-score,ifs,FALSE,20,elitize_generation_data,9,7,0.162,NA
11,23,scrabble-score,ifs,FALSE,20,elitize_generation_data,10,6,0.131,NA
12,23,scrabble-score,ifs,FALSE,20,elitize_generation_data,11,10,0.176,NA
13,23,scrabble-score,ifs,FALSE,20,elitize_generation_data,12,7,0.216,NA
14,23,scrabble-score,ifs,FALSE,20,elitize_generation_data,13,5,0.255,NA
15,23,scrabble-score,ifs,FALSE,20,elitize_generation_data,14,6,0.244,NA
16,23,scrabble-score,ifs,FALSE,20,elitize_generation_data,15,5,0.25,NA
17,23,scrabble-score,ifs,FALSE,20,elitize_generation_data,16,4,0.289,NA
18,23,scrabble-score,ifs,FALSE,20,elitize_generation_data,17,5,0.314,NA
19,23,scrabble-score,ifs,FALSE,20,elitize_generation_data,18,7,0.289,NA
20,23,scrabble-score,ifs,FALSE,20,elitize_generation_data,19,7,0.319,NA
21,23,scrabble-score,ifs,FALSE,20,elitize_generation_data,20,4,0.318,NA
22,23,scrabble-score,ifs,FALSE,20,elitize_generation_data,21,8,0.332,NA
23,23,scrabble-score,ifs,FALSE,20,elitize_generation_data,22,6,0.386,NA
24,23,scrabble-score,ifs,FALSE,20,elitize_generation_data,23,7,0.423,NA
25,23,scrabble-score,ifs,FALSE,20,elitize_generation_data,24,6,0.464,NA
26,23,scrabble-score,ifs,FALSE,20,elitize_generation_data,25,11,0.443,NA
27,23,scrabble-score,ifs,FALSE,20,elitize_generation_data,26,6,0.426,NA
28,23,scrabble-score,ifs,FALSE,20,elitize_generation_data,27,6,0.403,NA
29,23,scrabble-score,ifs,FALSE,20,elitize_generation_data,28,7,0.394,NA
30,23,scrabble-score,ifs,FALSE,20,elitize_generation_data,29,8,0.382,NA
31,23,scrabble-score,ifs,FALSE,20,elitize_generation_data,30,7,0.426,NA
32,23,scrabble-score,ifs,FALSE,20,elitize_generation_data,31,9,0.425,NA
33,23,scrabble-score,ifs,FALSE,20,elitize_generation_data,32,5,0.439,NA
34,23,scrabble-score,ifs,FALSE,20,elitize_generation_data,33,10,0.422,NA
35,23,scrabble-score,ifs,FALSE,20,elitize_generation_data,34,8,0.466,NA
36,23,scrabble-score,ifs,FALSE,20,elitize_generation_data,35,9,0.492,NA
37,23,scrabble-score,ifs,FALSE,20,elitize_generation_data,36,8,0.542,NA
38,23,scrabble-score,ifs,FALSE,20,elitize_generation_data,37,10,0.588,NA
39,23,scrabble-score,ifs,FALSE,20,elitize_generation_data,38,9,0.623,NA
40,23,scrabble-score,ifs,FALSE,20,elitize_generation_data,39,7,0.618,NA
41,23,scrabble-score,ifs,FALSE,20,elitize_generation_data,40,7,0.7,NA
42,23,scrabble-score,ifs,FALSE,20,elitize_generation_data,41,10,0.712,NA
43,23,scrabble-score,ifs,FALSE,20,elitize_generation_data,42,7,0.718,NA
44,23,scrabble-score,ifs,FALSE,20,elitize_generation_data,43,8,0.765,NA
45,23,scrabble-score,ifs,FALSE,20,elitize_generation_data,44,9,0.74,NA
46,23,scrabble-score,ifs,FALSE,20,elitize_generation_data,45,9,0.747,NA
47,23,scrabble-score,ifs,FALSE,20,elitize_generation_data,46,13,0.689,NA
48,23,scrabble-score,ifs,FALSE,20,elitize_generation_data,47,11,0.741,NA
49,23,scrabble-score,ifs,FALSE,20,elitize_generation_data,48,12,0.72,NA
50,23,scrabble-score,ifs,FALSE,20,elitize_generation_data,49,8,0.74,NA
51,23,scrabble-score,ifs,FALSE,20,elitize_generation_data,50,5,0.716,NA
52,23,scrabble-score,ifs,FALSE,20,elitize_generation_data,51,6,0.706,NA
53,23,scrabble-score,ifs,FALSE,20,elitize_generation_data,52,8,0.687,NA
54,23,scrabble-score,ifs,FALSE,20,elitize_generation_data,53,7,0.693,NA
55,23,scrabble-score,ifs,FALSE,20,elitize_generation_data,54,11,0.704,NA
56,23,scrabble-score,ifs,FALSE,20,elitize_generation_data,55,13,0.749,NA
57,23,scrabble-score,ifs,FALSE,20,elitize_generation_data,56,9,0.742,NA
58,23,scrabble-score,ifs,FALSE,20,elitize_generation_data,57,8,0.728,NA
59,23,scrabble-score,ifs,FALSE,20,elitize_generation_data,58,10,0.691,NA
60,23,scrabble-score,ifs,FALSE,20,elitize_generation_data,59,11,0.68,NA
61,23,scrabble-score,ifs,FALSE,20,elitize_generation_data,60,9,0.699,NA
62,23,scrabble-score,ifs,FALSE,20,elitize_generation_data,61,10,0.704,NA
63,23,scrabble-score,ifs,FALSE,20,elitize_generation_data,62,12,0.743,NA
64,23,scrabble-score,ifs,FALSE,20,elitize_generation_data,63,8,0.733,NA
65,23,scrabble-score,ifs,FALSE,20,elitize_generation_data,64,9,0.735,NA
66,23,scrabble-score,ifs,FALSE,20,elitize_generation_data,65,12,0.767,NA
67,23,scrabble-score,ifs,FALSE,20,elitize_generation_data,66,10,0.755,NA
68,23,scrabble-score,ifs,FALSE,20,elitize_generation_data,67,9,0.766,NA
69,23,scrabble-score,ifs,FALSE,20,elitize_generation_data,68,5,0.799,NA
70,23,scrabble-score,ifs,FALSE,20,elitize_generation_data,69,7,0.782,NA
71,23,scrabble-score,ifs,FALSE,20,elitize_generation_data,70,8,0.78,NA
72,23,scrabble-score,ifs,FALSE,20,elitize_generation_data,71,8,0.795,NA
73,23,scrabble-score,ifs,FALSE,20,elitize_generation_data,72,7,0.801,NA
74,23,scrabble-score,ifs,FALSE,20,elitize_generation_data,73,7,0.774,NA
75,23,scrabble-score,ifs,FALSE,20,elitize_generation_data,74,9,0.799,NA
76,23,scrabble-score,ifs,FALSE,20,elitize_generation_data,75,9,0.797,NA
77,23,scrabble-score,ifs,FALSE,20,elitize_generation_data,76,7,0.809,NA
78,23,scrabble-score,ifs,FALSE,20,elitize_generation_data,77,8,0.797,NA
79,23,scrabble-score,ifs,FALSE,20,elitize_generation_data,78,10,0.793,NA
80,23,scrabble-score,ifs,FALSE,20,elitize_generation_data,79,10,0.813,NA
81,23,scrabble-score,ifs,FALSE,20,elitize_generation_data,80,8,0.79,NA
82,23,scrabble-score,ifs,FALSE,20,elitize_generation_data,81,5,0.793,NA
83,23,scrabble-score,ifs,FALSE,20,elitize_generation_data,82,9,0.817,NA
84,23,scrabble-score,ifs,FALSE,20,elitize_generation_data,83,8,0.828,NA
85,23,scrabble-score,ifs,FALSE,20,elitize_generation_data,84,6,0.82,NA
86,23,scrabble-score,ifs,FALSE,20,elitize_generation_data,85,9,0.84,NA
87,23,scrabble-score,ifs,FALSE,20,elitize_generation_data,86,8,0.852,NA
88,23,scrabble-score,ifs,FALSE,20,elitize_generation_data,87,7,0.837,NA
89,23,scrabble-score,ifs,FALSE,20,elitize_generation_data,88,6,0.835,NA
90,23,scrabble-score,ifs,FALSE,20,elitize_generation_data,89,10,0.839,NA
91,23,scrabble-score,ifs,FALSE,20,elitize_generation_data,90,6,0.847,NA
92,23,scrabble-score,ifs,FALSE,20,elitize_generation_data,91,6,0.843,NA
93,23,scrabble-score,ifs,FALSE,20,elitize_generation_data,92,5,0.852,NA
94,23,scrabble-score,ifs,FALSE,20,elitize_generation_data,93,6,0.837,NA
95,23,scrabble-score,ifs,FALSE,20,elitize_generation_data,94,11,0.845,NA
96,23,scrabble-score,ifs,FALSE,20,elitize_generation_data,95,7,0.872,NA
97,23,scrabble-score,ifs,FALSE,20,elitize_generation_data,96,11,0.877,NA
98,23,scrabble-score,ifs,FALSE,20,elitize_generation_data,97,9,0.863,NA
99,23,scrabble-score,ifs,FALSE,20,elitize_generation_data,98,8,0.855,NA
100,23,scrabble-score,ifs,FALSE,20,elitize_generation_data,99,7,0.869,NA
101,23,scrabble-score,ifs,FALSE,20,elitize_generation_data,100,8,0.879,NA
102,23,scrabble-score,ifs,FALSE,20,elitize_generation_data,101,7,0.875,NA
103,23,scrabble-score,ifs,FALSE,20,elitize_generation_data,102,7,0.906,NA
104,23,scrabble-score,ifs,FALSE,20,elitize_generation_data,103,9,0.89,NA
105,23,scrabble-score,ifs,FALSE,20,elitize_generation_data,104,9,0.863,NA
106,23,scrabble-score,ifs,FALSE,20,elitize_generation_data,105,9,0.873,NA
107,23,scrabble-score,ifs,FALSE,20,elitize_generation_data,106,9,0.878,NA
108,23,scrabble-score,ifs,FALSE,20,elitize_generation_data,107,9,0.869,NA
109,23,scrabble-score,ifs,FALSE,20,elitize_generation_data,108,6,0.887,NA
110,23,scrabble-score,ifs,FALSE,20,elitize_generation_data,109,10,0.883,NA
111,23,scrabble-score,ifs,FALSE,20,elitize_generation_data,110,6,0.881,NA
112,23,scrabble-score,ifs,FALSE,20,elitize_generation_data,111,12,0.874,NA
113,23,scrabble-score,ifs,FALSE,20,elitize_generation_data,112,11,0.878,NA
114,23,scrabble-score,ifs,FALSE,20,elitize_generation_data,113,15,0.881,NA
115,23,scrabble-score,ifs,FALSE,20,elitize_generation_data,114,9,0.872,NA
116,23,scrabble-score,ifs,FALSE,20,elitize_generation_data,115,10,0.853,NA
117,23,scrabble-score,ifs,FALSE,20,elitize_generation_data,116,9,0.873,NA
118,23,scrabble-score,ifs,FALSE,20,elitize_generation_data,117,9,0.896,NA
119,23,scrabble-score,ifs,FALSE,20,elitize_generation_data,118,9,0.897,NA
120,23,scrabble-score,ifs,FALSE,20,elitize_generation_data,119,9,0.89,NA
121,23,scrabble-score,ifs,FALSE,20,elitize_generation_data,120,7,0.892,NA
122,23,scrabble-score,ifs,FALSE,20,elitize_generation_data,121,6,0.881,NA
123,23,scrabble-score,ifs,FALSE,20,elitize_generation_data,122,7,0.881,NA
124,23,scrabble-score,ifs,FALSE,20,elitize_generation_data,123,10,0.892,NA
125,23,scrabble-score,ifs,FALSE,20,elitize_generation_data,124,6,0.891,NA
126,23,scrabble-score,ifs,FALSE,20,elitize_generation_data,125,11,0.881,NA
127,23,scrabble-score,ifs,FALSE,20,elitize_generation_data,126,8,0.901,NA
128,23,scrabble-score,ifs,FALSE,20,elitize_generation_data,127,11,0.882,NA
129,23,scrabble-score,ifs,FALSE,20,elitize_generation_data,128,6,0.885,NA
130,23,scrabble-score,ifs,FALSE,20,elitize_generation_data,129,8,0.891,NA
131,23,scrabble-score,ifs,FALSE,20,elitize_generation_data,130,8,0.889,NA
132,23,scrabble-score,ifs,FALSE,20,elitize_generation_data,131,12,0.89,NA
133,23,scrabble-score,ifs,FALSE,20,elitize_generation_data,132,10,0.884,NA
134,23,scrabble-score,ifs,FALSE,20,elitize_generation_data,133,7,0.882,NA
135,23,scrabble-score,ifs,FALSE,20,elitize_generation_data,134,9,0.865,NA
136,23,scrabble-score,ifs,FALSE,20,elitize_generation_data,135,12,0.876,NA
137,23,scrabble-score,ifs,FALSE,20,elitize_generation_data,136,9,0.879,NA
138,23,scrabble-score,ifs,FALSE,20,elitize_generation_data,137,8,0.888,NA
139,23,scrabble-score,ifs,FALSE,20,elitize_generation_data,138,6,0.888,NA
140,23,scrabble-score,ifs,FALSE,20,elitize_generation_data,139,10,0.893,NA
141,23,scrabble-score,ifs,FALSE,20,elitize_generation_data,140,8,0.873,NA
142,23,scrabble-score,ifs,FALSE,20,elitize_generation_data,141,13,0.905,NA
143,23,scrabble-score,ifs,FALSE,20,elitize_generation_data,142,9,0.908,NA
144,23,scrabble-score,ifs,FALSE,20,elitize_generation_data,143,8,0.912,NA
145,23,scrabble-score,ifs,FALSE,20,elitize_generation_data,144,9,0.887,NA
146,23,scrabble-score,ifs,FALSE,20,elitize_generation_data,145,11,0.901,NA
147,23,scrabble-score,ifs,FALSE,20,elitize_generation_data,146,13,0.896,NA
148,23,scrabble-score,ifs,FALSE,20,elitize_generation_data,147,8,0.906,NA
149,23,scrabble-score,ifs,FALSE,20,elitize_generation_data,148,10,0.855,NA
150,23,scrabble-score,ifs,FALSE,20,elitize_generation_data,149,10,0.867,NA
151,23,scrabble-score,ifs,FALSE,20,elitize_generation_data,150,8,0.871,NA
152,23,scrabble-score,ifs,FALSE,20,elitize_generation_data,151,8,0.874,NA
153,23,scrabble-score,ifs,FALSE,20,elitize_generation_data,152,10,0.877,NA
154,23,scrabble-score,ifs,FALSE,20,elitize_generation_data,153,10,0.891,NA
155,23,scrabble-score,ifs,FALSE,20,elitize_generation_data,154,14,0.888,NA
156,23,scrabble-score,ifs,FALSE,20,elitize_generation_data,155,12,0.879,NA
157,23,scrabble-score,ifs,FALSE,20,elitize_generation_data,156,9,0.894,NA
158,23,scrabble-score,ifs,FALSE,20,elitize_generation_data,157,13,0.884,NA
159,23,scrabble-score,ifs,FALSE,20,elitize_generation_data,158,12,0.882,NA
160,23,scrabble-score,ifs,FALSE,20,elitize_generation_data,159,9,0.896,NA
161,23,scrabble-score,ifs,FALSE,20,elitize_generation_data,160,9,0.899,NA
162,23,scrabble-score,ifs,FALSE,20,elitize_generation_data,161,11,0.909,NA
163,23,scrabble-score,ifs,FALSE,20,elitize_generation_data,162,12,0.899,NA
164,23,scrabble-score,ifs,FALSE,20,elitize_generation_data,163,10,0.912,NA
165,23,scrabble-score,ifs,FALSE,20,elitize_generation_data,164,10,0.896,NA
166,23,scrabble-score,ifs,FALSE,20,elitize_generation_data,165,7,0.906,NA
167,23,scrabble-score,ifs,FALSE,20,elitize_generation_data,166,8,0.889,NA
168,23,scrabble-score,ifs,FALSE,20,elitize_generation_data,167,8,0.894,NA
169,23,scrabble-score,ifs,FALSE,20,elitize_generation_data,168,10,0.906,NA
170,23,scrabble-score,ifs,FALSE,20,elitize_generation_data,169,10,0.894,NA
171,23,scrabble-score,ifs,FALSE,20,elitize_generation_data,170,13,0.909,NA
172,23,scrabble-score,ifs,FALSE,20,elitize_generation_data,171,11,0.91,NA
173,23,scrabble-score,ifs,FALSE,20,elitize_generation_data,172,10,0.915,NA
174,23,scrabble-score,ifs,FALSE,20,elitize_generation_data,173,11,0.901,NA
175,23,scrabble-score,ifs,FALSE,20,elitize_generation_data,174,12,0.89,NA
176,23,scrabble-score,ifs,FALSE,20,elitize_generation_data,175,11,0.904,NA
177,23,scrabble-score,ifs,FALSE,20,elitize_generation_data,176,10,0.921,NA
178,23,scrabble-score,ifs,FALSE,20,elitize_generation_data,177,8,0.914,NA
179,23,scrabble-score,ifs,FALSE,20,elitize_generation_data,178,8,0.9,NA
180,23,scrabble-score,ifs,FALSE,20,elitize_generation_data,179,11,0.904,NA
181,23,scrabble-score,ifs,FALSE,20,elitize_generation_data,180,12,0.897,NA
182,23,scrabble-score,ifs,FALSE,20,elitize_generation_data,181,11,0.888,NA
183,23,scrabble-score,ifs,FALSE,20,elitize_generation_data,182,9,0.916,NA
184,23,scrabble-score,ifs,FALSE,20,elitize_generation_data,183,10,0.913,NA
185,23,scrabble-score,ifs,FALSE,20,elitize_generation_data,184,10,0.882,NA
186,23,scrabble-score,ifs,FALSE,20,elitize_generation_data,185,11,0.917,NA
187,23,scrabble-score,ifs,FALSE,20,elitize_generation_data,186,11,0.898,NA
188,23,scrabble-score,ifs,FALSE,20,elitize_generation_data,187,7,0.886,NA
189,23,scrabble-score,ifs,FALSE,20,elitize_generation_data,188,11,0.901,NA
190,23,scrabble-score,ifs,FALSE,20,elitize_generation_data,189,10,0.922,NA
191,23,scrabble-score,ifs,FALSE,20,elitize_generation_data,190,11,0.922,NA
192,23,scrabble-score,ifs,FALSE,20,elitize_generation_data,191,7,0.903,NA
193,23,scrabble-score,ifs,FALSE,20,elitize_generation_data,192,11,0.898,NA
194,23,scrabble-score,ifs,FALSE,20,elitize_generation_data,193,8,0.902,NA
195,23,scrabble-score,ifs,FALSE,20,elitize_generation_data,194,9,0.924,NA
196,23,scrabble-score,ifs,FALSE,20,elitize_generation_data,195,7,0.928,NA
197,23,scrabble-score,ifs,FALSE,20,elitize_generation_data,196,10,0.899,NA
198,23,scrabble-score,ifs,FALSE,20,elitize_generation_data,197,7,0.921,NA
199,23,scrabble-score,ifs,FALSE,20,elitize_generation_data,198,7,0.909,NA
200,23,scrabble-score,ifs,FALSE,20,elitize_generation_data,199,8,0.925,NA
201,23,scrabble-score,ifs,FALSE,20,elitize_generation_data,200,11,0.895,NA
202,23,scrabble-score,ifs,FALSE,20,elitize_generation_data,201,9,0.924,NA
203,23,scrabble-score,ifs,FALSE,20,elitize_generation_data,202,9,0.917,NA
204,23,scrabble-score,ifs,FALSE,20,elitize_generation_data,203,9,0.911,NA
205,23,scrabble-score,ifs,FALSE,20,elitize_generation_data,204,11,0.904,NA
206,23,scrabble-score,ifs,FALSE,20,elitize_generation_data,205,11,0.901,NA
207,23,scrabble-score,ifs,FALSE,20,elitize_generation_data,206,11,0.917,NA
208,23,scrabble-score,ifs,FALSE,20,elitize_generation_data,207,9,0.911,NA
209,23,scrabble-score,ifs,FALSE,20,elitize_generation_data,208,9,0.908,NA
210,23,scrabble-score,ifs,FALSE,20,elitize_generation_data,209,8,0.908,NA
211,23,scrabble-score,ifs,FALSE,20,elitize_generation_data,210,10,0.907,NA
212,23,scrabble-score,ifs,FALSE,20,elitize_generation_data,211,13,0.907,NA
213,23,scrabble-score,ifs,FALSE,20,elitize_generation_data,212,12,0.91,NA
214,23,scrabble-score,ifs,FALSE,20,elitize_generation_data,213,8,0.905,NA
215,23,scrabble-score,ifs,FALSE,20,elitize_generation_data,214,11,0.882,NA
216,23,scrabble-score,ifs,FALSE,20,elitize_generation_data,215,11,0.884,NA
217,23,scrabble-score,ifs,FALSE,20,elitize_generation_data,216,9,0.892,NA
218,23,scrabble-score,ifs,FALSE,20,elitize_generation_data,217,9,0.898,NA
219,23,scrabble-score,ifs,FALSE,20,elitize_generation_data,218,10,0.898,NA
220,23,scrabble-score,ifs,FALSE,20,elitize_generation_data,219,11,0.907,NA
221,23,scrabble-score,ifs,FALSE,20,elitize_generation_data,220,7,0.908,NA
222,23,scrabble-score,ifs,FALSE,20,elitize_generation_data,221,10,0.911,NA
223,23,scrabble-score,ifs,FALSE,20,elitize_generation_data,222,11,0.913,NA
224,23,scrabble-score,ifs,FALSE,20,elitize_generation_data,223,9,0.912,NA
225,23,scrabble-score,ifs,FALSE,20,elitize_generation_data,224,9,0.914,NA
226,23,scrabble-score,ifs,FALSE,20,elitize_generation_data,225,9,0.905,NA
227,23,scrabble-score,ifs,FALSE,20,elitize_generation_data,226,7,0.885,NA
228,23,scrabble-score,ifs,FALSE,20,elitize_generation_data,227,11,0.916,NA
229,23,scrabble-score,ifs,FALSE,20,elitize_generation_data,228,7,0.9,NA
230,23,scrabble-score,ifs,FALSE,20,elitize_generation_data,229,10,0.91,NA
231,23,scrabble-score,ifs,FALSE,20,elitize_generation_data,230,8,0.892,NA
232,23,scrabble-score,ifs,FALSE,20,elitize_generation_data,231,9,0.905,NA
233,23,scrabble-score,ifs,FALSE,20,elitize_generation_data,232,8,0.91,NA
234,23,scrabble-score,ifs,FALSE,20,elitize_generation_data,233,9,0.895,NA
235,23,scrabble-score,ifs,FALSE,20,elitize_generation_data,234,8,0.898,NA
236,23,scrabble-score,ifs,FALSE,20,elitize_generation_data,235,11,0.896,NA
237,23,scrabble-score,ifs,FALSE,20,elitize_generation_data,236,9,0.902,NA
238,23,scrabble-score,ifs,FALSE,20,elitize_generation_data,237,9,0.894,NA
239,23,scrabble-score,ifs,FALSE,20,elitize_generation_data,238,9,0.892,NA
240,23,scrabble-score,ifs,FALSE,20,elitize_generation_data,239,7,0.893,NA
241,23,scrabble-score,ifs,FALSE,20,elitize_generation_data,240,7,0.903,NA
242,23,scrabble-score,ifs,FALSE,20,elitize_generation_data,241,9,0.922,NA
243,23,scrabble-score,ifs,FALSE,20,elitize_generation_data,242,12,0.907,NA
244,23,scrabble-score,ifs,FALSE,20,elitize_generation_data,243,9,0.906,NA
245,23,scrabble-score,ifs,FALSE,20,elitize_generation_data,244,7,0.914,NA
246,23,scrabble-score,ifs,FALSE,20,elitize_generation_data,245,10,0.895,NA
247,23,scrabble-score,ifs,FALSE,20,elitize_generation_data,246,9,0.893,NA
248,23,scrabble-score,ifs,FALSE,20,elitize_generation_data,247,10,0.893,NA
249,23,scrabble-score,ifs,FALSE,20,elitize_generation_data,248,9,0.889,NA
250,23,scrabble-score,ifs,FALSE,20,elitize_generation_data,249,8,0.908,NA
251,23,scrabble-score,ifs,FALSE,20,elitize_generation_data,250,8,0.901,NA
252,23,scrabble-score,ifs,FALSE,20,elitize_generation_data,251,10,0.897,NA
253,23,scrabble-score,ifs,FALSE,20,elitize_generation_data,252,9,0.881,NA
254,23,scrabble-score,ifs,FALSE,20,elitize_generation_data,253,8,0.871,NA
255,23,scrabble-score,ifs,FALSE,20,elitize_generation_data,254,8,0.856,NA
256,23,scrabble-score,ifs,FALSE,20,elitize_generation_data,255,8,0.862,NA
257,23,scrabble-score,ifs,FALSE,20,elitize_generation_data,256,8,0.89,NA
258,23,scrabble-score,ifs,FALSE,20,elitize_generation_data,257,10,0.907,NA
259,23,scrabble-score,ifs,FALSE,20,elitize_generation_data,258,10,0.891,NA
260,23,scrabble-score,ifs,FALSE,20,elitize_generation_data,259,10,0.898,NA
261,23,scrabble-score,ifs,FALSE,20,elitize_generation_data,260,6,0.903,NA
262,23,scrabble-score,ifs,FALSE,20,elitize_generation_data,261,9,0.919,NA
263,23,scrabble-score,ifs,FALSE,20,elitize_generation_data,262,5,0.918,NA
264,23,scrabble-score,ifs,FALSE,20,elitize_generation_data,263,6,0.915,NA
265,23,scrabble-score,ifs,FALSE,20,elitize_generation_data,264,9,0.915,NA
266,23,scrabble-score,ifs,FALSE,20,elitize_generation_data,265,10,0.904,NA
267,23,scrabble-score,ifs,FALSE,20,elitize_generation_data,266,7,0.903,NA
268,23,scrabble-score,ifs,FALSE,20,elitize_generation_data,267,9,0.905,NA
269,23,scrabble-score,ifs,FALSE,20,elitize_generation_data,268,7,0.901,NA
270,23,scrabble-score,ifs,FALSE,20,elitize_generation_data,269,9,0.883,NA
271,23,scrabble-score,ifs,FALSE,20,elitize_generation_data,270,8,0.903,NA
272,23,scrabble-score,ifs,FALSE,20,elitize_generation_data,271,7,0.922,NA
273,23,scrabble-score,ifs,FALSE,20,elitize_generation_data,272,6,0.902,NA
274,23,scrabble-score,ifs,FALSE,20,elitize_generation_data,273,8,0.881,NA
275,23,scrabble-score,ifs,FALSE,20,elitize_generation_data,274,9,0.879,NA
276,23,scrabble-score,ifs,FALSE,20,elitize_generation_data,275,6,0.901,NA
277,23,scrabble-score,ifs,FALSE,20,elitize_generation_data,276,6,0.909,NA
278,23,scrabble-score,ifs,FALSE,20,elitize_generation_data,277,11,0.903,NA
279,23,scrabble-score,ifs,FALSE,20,elitize_generation_data,278,12,0.881,NA
280,23,scrabble-score,ifs,FALSE,20,elitize_generation_data,279,11,0.909,NA
281,23,scrabble-score,ifs,FALSE,20,elitize_generation_data,280,10,0.883,NA
282,23,scrabble-score,ifs,FALSE,20,elitize_generation_data,281,8,0.902,NA
283,23,scrabble-score,ifs,FALSE,20,elitize_generation_data,282,6,0.906,NA
284,23,scrabble-score,ifs,FALSE,20,elitize_generation_data,283,12,0.917,NA
285,23,scrabble-score,ifs,FALSE,20,elitize_generation_data,284,10,0.895,NA
286,23,scrabble-score,ifs,FALSE,20,elitize_generation_data,285,7,0.901,NA
287,23,scrabble-score,ifs,FALSE,20,elitize_generation_data,286,5,0.914,NA
288,23,scrabble-score,ifs,FALSE,20,elitize_generation_data,287,8,0.912,NA
289,23,scrabble-score,ifs,FALSE,20,elitize_generation_data,288,8,0.902,NA
290,23,scrabble-score,ifs,FALSE,20,elitize_generation_data,289,9,0.918,NA
291,23,scrabble-score,ifs,FALSE,20,elitize_generation_data,290,7,0.934,NA
292,23,scrabble-score,ifs,FALSE,20,elitize_generation_data,291,8,0.922,NA
293,23,scrabble-score,ifs,FALSE,20,elitize_generation_data,292,4,0.929,NA
294,23,scrabble-score,ifs,FALSE,20,elitize_generation_data,293,8,0.925,NA
295,23,scrabble-score,ifs,FALSE,20,elitize_generation_data,294,9,0.908,NA
296,23,scrabble-score,ifs,FALSE,20,elitize_generation_data,295,7,0.907,NA
297,23,scrabble-score,ifs,FALSE,20,elitize_generation_data,296,11,0.921,NA
298,23,scrabble-score,ifs,FALSE,20,elitize_generation_data,297,7,0.912,NA
299,23,scrabble-score,ifs,FALSE,20,elitize_generation_data,298,10,0.915,NA
300,23,scrabble-score,ifs,FALSE,20,elitize_generation_data,299,9,0.909,NA
301,23,scrabble-score,ifs,FALSE,20,elitize_generation_data,300,8,0.913,NA
