,run.num,problem,treatment,succeeded,height,normalization.function,generation,cluster.count,error.diversity,success.generation
1,79,syllables,tourney,FALSE,20,elitize_generation_data,0,4,0.279,NA
2,79,syllables,tourney,FALSE,20,elitize_generation_data,1,6,0.225,NA
3,79,syllables,tourney,FALSE,20,elitize_generation_data,2,5,0.238,NA
4,79,syllables,tourney,FALSE,20,elitize_generation_data,3,8,0.123,NA
5,79,syllables,tourney,FALSE,20,elitize_generation_data,4,9,0.154,NA
6,79,syllables,tourney,FALSE,20,elitize_generation_data,5,10,0.21,NA
7,79,syllables,tourney,FALSE,20,elitize_generation_data,6,12,0.181,NA
8,79,syllables,tourney,FALSE,20,elitize_generation_data,7,11,0.13,NA
9,79,syllables,tourney,FALSE,20,elitize_generation_data,8,10,0.127,NA
10,79,syllables,tourney,FALSE,20,elitize_generation_data,9,12,0.102,NA
11,79,syllables,tourney,FALSE,20,elitize_generation_data,10,10,0.093,NA
12,79,syllables,tourney,FALSE,20,elitize_generation_data,11,8,0.083,NA
13,79,syllables,tourney,FALSE,20,elitize_generation_data,12,9,0.088,NA
14,79,syllables,tourney,FALSE,20,elitize_generation_data,13,7,0.088,NA
15,79,syllables,tourney,FALSE,20,elitize_generation_data,14,8,0.094,NA
16,79,syllables,tourney,FALSE,20,elitize_generation_data,15,8,0.096,NA
17,79,syllables,tourney,FALSE,20,elitize_generation_data,16,12,0.107,NA
18,79,syllables,tourney,FALSE,20,elitize_generation_data,17,12,0.108,NA
19,79,syllables,tourney,FALSE,20,elitize_generation_data,18,13,0.119,NA
20,79,syllables,tourney,FALSE,20,elitize_generation_data,19,13,0.153,NA
21,79,syllables,tourney,FALSE,20,elitize_generation_data,20,16,0.163,NA
22,79,syllables,tourney,FALSE,20,elitize_generation_data,21,14,0.172,NA
23,79,syllables,tourney,FALSE,20,elitize_generation_data,22,13,0.149,NA
24,79,syllables,tourney,FALSE,20,elitize_generation_data,23,14,0.161,NA
25,79,syllables,tourney,FALSE,20,elitize_generation_data,24,21,0.18,NA
26,79,syllables,tourney,FALSE,20,elitize_generation_data,25,19,0.232,NA
27,79,syllables,tourney,FALSE,20,elitize_generation_data,26,12,0.261,NA
28,79,syllables,tourney,FALSE,20,elitize_generation_data,27,21,0.236,NA
29,79,syllables,tourney,FALSE,20,elitize_generation_data,28,22,0.218,NA
30,79,syllables,tourney,FALSE,20,elitize_generation_data,29,23,0.203,NA
31,79,syllables,tourney,FALSE,20,elitize_generation_data,30,14,0.203,NA
32,79,syllables,tourney,FALSE,20,elitize_generation_data,31,18,0.211,NA
33,79,syllables,tourney,FALSE,20,elitize_generation_data,32,21,0.238,NA
34,79,syllables,tourney,FALSE,20,elitize_generation_data,33,18,0.251,NA
35,79,syllables,tourney,FALSE,20,elitize_generation_data,34,30,0.318,NA
36,79,syllables,tourney,FALSE,20,elitize_generation_data,35,21,0.33,NA
37,79,syllables,tourney,FALSE,20,elitize_generation_data,36,33,0.373,NA
38,79,syllables,tourney,FALSE,20,elitize_generation_data,37,26,0.367,NA
39,79,syllables,tourney,FALSE,20,elitize_generation_data,38,18,0.296,NA
40,79,syllables,tourney,FALSE,20,elitize_generation_data,39,24,0.294,NA
41,79,syllables,tourney,FALSE,20,elitize_generation_data,40,22,0.283,NA
42,79,syllables,tourney,FALSE,20,elitize_generation_data,41,20,0.285,NA
43,79,syllables,tourney,FALSE,20,elitize_generation_data,42,21,0.292,NA
44,79,syllables,tourney,FALSE,20,elitize_generation_data,43,18,0.281,NA
45,79,syllables,tourney,FALSE,20,elitize_generation_data,44,19,0.299,NA
46,79,syllables,tourney,FALSE,20,elitize_generation_data,45,21,0.285,NA
47,79,syllables,tourney,FALSE,20,elitize_generation_data,46,22,0.324,NA
48,79,syllables,tourney,FALSE,20,elitize_generation_data,47,22,0.32,NA
49,79,syllables,tourney,FALSE,20,elitize_generation_data,48,18,0.316,NA
50,79,syllables,tourney,FALSE,20,elitize_generation_data,49,20,0.308,NA
51,79,syllables,tourney,FALSE,20,elitize_generation_data,50,22,0.32,NA
52,79,syllables,tourney,FALSE,20,elitize_generation_data,51,28,0.334,NA
53,79,syllables,tourney,FALSE,20,elitize_generation_data,52,24,0.332,NA
54,79,syllables,tourney,FALSE,20,elitize_generation_data,53,21,0.329,NA
55,79,syllables,tourney,FALSE,20,elitize_generation_data,54,26,0.307,NA
56,79,syllables,tourney,FALSE,20,elitize_generation_data,55,22,0.332,NA
57,79,syllables,tourney,FALSE,20,elitize_generation_data,56,22,0.319,NA
58,79,syllables,tourney,FALSE,20,elitize_generation_data,57,23,0.33,NA
59,79,syllables,tourney,FALSE,20,elitize_generation_data,58,19,0.313,NA
60,79,syllables,tourney,FALSE,20,elitize_generation_data,59,24,0.321,NA
61,79,syllables,tourney,FALSE,20,elitize_generation_data,60,23,0.327,NA
62,79,syllables,tourney,FALSE,20,elitize_generation_data,61,26,0.336,NA
63,79,syllables,tourney,FALSE,20,elitize_generation_data,62,24,0.327,NA
64,79,syllables,tourney,FALSE,20,elitize_generation_data,63,26,0.302,NA
65,79,syllables,tourney,FALSE,20,elitize_generation_data,64,27,0.329,NA
66,79,syllables,tourney,FALSE,20,elitize_generation_data,65,24,0.321,NA
67,79,syllables,tourney,FALSE,20,elitize_generation_data,66,22,0.313,NA
68,79,syllables,tourney,FALSE,20,elitize_generation_data,67,25,0.344,NA
69,79,syllables,tourney,FALSE,20,elitize_generation_data,68,27,0.353,NA
70,79,syllables,tourney,FALSE,20,elitize_generation_data,69,39,0.389,NA
71,79,syllables,tourney,FALSE,20,elitize_generation_data,70,30,0.379,NA
72,79,syllables,tourney,FALSE,20,elitize_generation_data,71,32,0.389,NA
73,79,syllables,tourney,FALSE,20,elitize_generation_data,72,31,0.382,NA
74,79,syllables,tourney,FALSE,20,elitize_generation_data,73,40,0.389,NA
75,79,syllables,tourney,FALSE,20,elitize_generation_data,74,44,0.41,NA
76,79,syllables,tourney,FALSE,20,elitize_generation_data,75,42,0.394,NA
77,79,syllables,tourney,FALSE,20,elitize_generation_data,76,43,0.392,NA
78,79,syllables,tourney,FALSE,20,elitize_generation_data,77,46,0.399,NA
79,79,syllables,tourney,FALSE,20,elitize_generation_data,78,49,0.386,NA
80,79,syllables,tourney,FALSE,20,elitize_generation_data,79,46,0.412,NA
81,79,syllables,tourney,FALSE,20,elitize_generation_data,80,60,0.416,NA
82,79,syllables,tourney,FALSE,20,elitize_generation_data,81,54,0.401,NA
83,79,syllables,tourney,FALSE,20,elitize_generation_data,82,57,0.396,NA
84,79,syllables,tourney,FALSE,20,elitize_generation_data,83,54,0.42,NA
85,79,syllables,tourney,FALSE,20,elitize_generation_data,84,45,0.443,NA
86,79,syllables,tourney,FALSE,20,elitize_generation_data,85,51,0.424,NA
87,79,syllables,tourney,FALSE,20,elitize_generation_data,86,59,0.442,NA
88,79,syllables,tourney,FALSE,20,elitize_generation_data,87,61,0.471,NA
89,79,syllables,tourney,FALSE,20,elitize_generation_data,88,56,0.466,NA
90,79,syllables,tourney,FALSE,20,elitize_generation_data,89,44,0.436,NA
91,79,syllables,tourney,FALSE,20,elitize_generation_data,90,52,0.439,NA
92,79,syllables,tourney,FALSE,20,elitize_generation_data,91,41,0.461,NA
93,79,syllables,tourney,FALSE,20,elitize_generation_data,92,45,0.468,NA
94,79,syllables,tourney,FALSE,20,elitize_generation_data,93,55,0.482,NA
95,79,syllables,tourney,FALSE,20,elitize_generation_data,94,56,0.521,NA
96,79,syllables,tourney,FALSE,20,elitize_generation_data,95,54,0.488,NA
97,79,syllables,tourney,FALSE,20,elitize_generation_data,96,65,0.493,NA
98,79,syllables,tourney,FALSE,20,elitize_generation_data,97,69,0.502,NA
99,79,syllables,tourney,FALSE,20,elitize_generation_data,98,55,0.508,NA
100,79,syllables,tourney,FALSE,20,elitize_generation_data,99,55,0.503,NA
101,79,syllables,tourney,FALSE,20,elitize_generation_data,100,58,0.505,NA
102,79,syllables,tourney,FALSE,20,elitize_generation_data,101,60,0.471,NA
103,79,syllables,tourney,FALSE,20,elitize_generation_data,102,68,0.511,NA
104,79,syllables,tourney,FALSE,20,elitize_generation_data,103,67,0.496,NA
105,79,syllables,tourney,FALSE,20,elitize_generation_data,104,63,0.51,NA
106,79,syllables,tourney,FALSE,20,elitize_generation_data,105,70,0.509,NA
107,79,syllables,tourney,FALSE,20,elitize_generation_data,106,73,0.525,NA
108,79,syllables,tourney,FALSE,20,elitize_generation_data,107,67,0.479,NA
109,79,syllables,tourney,FALSE,20,elitize_generation_data,108,69,0.493,NA
110,79,syllables,tourney,FALSE,20,elitize_generation_data,109,74,0.474,NA
111,79,syllables,tourney,FALSE,20,elitize_generation_data,110,71,0.491,NA
112,79,syllables,tourney,FALSE,20,elitize_generation_data,111,77,0.536,NA
113,79,syllables,tourney,FALSE,20,elitize_generation_data,112,68,0.507,NA
114,79,syllables,tourney,FALSE,20,elitize_generation_data,113,73,0.508,NA
115,79,syllables,tourney,FALSE,20,elitize_generation_data,114,78,0.504,NA
116,79,syllables,tourney,FALSE,20,elitize_generation_data,115,79,0.517,NA
117,79,syllables,tourney,FALSE,20,elitize_generation_data,116,92,0.499,NA
118,79,syllables,tourney,FALSE,20,elitize_generation_data,117,71,0.475,NA
119,79,syllables,tourney,FALSE,20,elitize_generation_data,118,80,0.53,NA
120,79,syllables,tourney,FALSE,20,elitize_generation_data,119,83,0.502,NA
121,79,syllables,tourney,FALSE,20,elitize_generation_data,120,71,0.488,NA
122,79,syllables,tourney,FALSE,20,elitize_generation_data,121,94,0.517,NA
123,79,syllables,tourney,FALSE,20,elitize_generation_data,122,82,0.502,NA
124,79,syllables,tourney,FALSE,20,elitize_generation_data,123,84,0.499,NA
125,79,syllables,tourney,FALSE,20,elitize_generation_data,124,87,0.491,NA
126,79,syllables,tourney,FALSE,20,elitize_generation_data,125,91,0.515,NA
127,79,syllables,tourney,FALSE,20,elitize_generation_data,126,86,0.505,NA
128,79,syllables,tourney,FALSE,20,elitize_generation_data,127,102,0.518,NA
129,79,syllables,tourney,FALSE,20,elitize_generation_data,128,97,0.534,NA
130,79,syllables,tourney,FALSE,20,elitize_generation_data,129,97,0.524,NA
131,79,syllables,tourney,FALSE,20,elitize_generation_data,130,95,0.511,NA
132,79,syllables,tourney,FALSE,20,elitize_generation_data,131,108,0.513,NA
133,79,syllables,tourney,FALSE,20,elitize_generation_data,132,99,0.502,NA
134,79,syllables,tourney,FALSE,20,elitize_generation_data,133,104,0.514,NA
135,79,syllables,tourney,FALSE,20,elitize_generation_data,134,98,0.507,NA
136,79,syllables,tourney,FALSE,20,elitize_generation_data,135,100,0.5,NA
137,79,syllables,tourney,FALSE,20,elitize_generation_data,136,102,0.505,NA
138,79,syllables,tourney,FALSE,20,elitize_generation_data,137,97,0.482,NA
139,79,syllables,tourney,FALSE,20,elitize_generation_data,138,94,0.465,NA
140,79,syllables,tourney,FALSE,20,elitize_generation_data,139,103,0.47,NA
141,79,syllables,tourney,FALSE,20,elitize_generation_data,140,95,0.49,NA
142,79,syllables,tourney,FALSE,20,elitize_generation_data,141,99,0.494,NA
143,79,syllables,tourney,FALSE,20,elitize_generation_data,142,101,0.511,NA
144,79,syllables,tourney,FALSE,20,elitize_generation_data,143,104,0.486,NA
145,79,syllables,tourney,FALSE,20,elitize_generation_data,144,105,0.502,NA
146,79,syllables,tourney,FALSE,20,elitize_generation_data,145,105,0.506,NA
147,79,syllables,tourney,FALSE,20,elitize_generation_data,146,93,0.475,NA
148,79,syllables,tourney,FALSE,20,elitize_generation_data,147,109,0.503,NA
149,79,syllables,tourney,FALSE,20,elitize_generation_data,148,93,0.467,NA
150,79,syllables,tourney,FALSE,20,elitize_generation_data,149,104,0.491,NA
151,79,syllables,tourney,FALSE,20,elitize_generation_data,150,103,0.498,NA
152,79,syllables,tourney,FALSE,20,elitize_generation_data,151,99,0.488,NA
153,79,syllables,tourney,FALSE,20,elitize_generation_data,152,104,0.49,NA
154,79,syllables,tourney,FALSE,20,elitize_generation_data,153,92,0.485,NA
155,79,syllables,tourney,FALSE,20,elitize_generation_data,154,87,0.476,NA
156,79,syllables,tourney,FALSE,20,elitize_generation_data,155,94,0.487,NA
157,79,syllables,tourney,FALSE,20,elitize_generation_data,156,93,0.505,NA
158,79,syllables,tourney,FALSE,20,elitize_generation_data,157,116,0.513,NA
159,79,syllables,tourney,FALSE,20,elitize_generation_data,158,112,0.471,NA
160,79,syllables,tourney,FALSE,20,elitize_generation_data,159,105,0.479,NA
161,79,syllables,tourney,FALSE,20,elitize_generation_data,160,100,0.467,NA
162,79,syllables,tourney,FALSE,20,elitize_generation_data,161,106,0.487,NA
163,79,syllables,tourney,FALSE,20,elitize_generation_data,162,105,0.5,NA
164,79,syllables,tourney,FALSE,20,elitize_generation_data,163,109,0.464,NA
165,79,syllables,tourney,FALSE,20,elitize_generation_data,164,109,0.484,NA
166,79,syllables,tourney,FALSE,20,elitize_generation_data,165,104,0.452,NA
167,79,syllables,tourney,FALSE,20,elitize_generation_data,166,107,0.439,NA
168,79,syllables,tourney,FALSE,20,elitize_generation_data,167,110,0.462,NA
169,79,syllables,tourney,FALSE,20,elitize_generation_data,168,102,0.454,NA
170,79,syllables,tourney,FALSE,20,elitize_generation_data,169,107,0.48,NA
171,79,syllables,tourney,FALSE,20,elitize_generation_data,170,99,0.46,NA
172,79,syllables,tourney,FALSE,20,elitize_generation_data,171,110,0.464,NA
173,79,syllables,tourney,FALSE,20,elitize_generation_data,172,101,0.465,NA
174,79,syllables,tourney,FALSE,20,elitize_generation_data,173,98,0.459,NA
175,79,syllables,tourney,FALSE,20,elitize_generation_data,174,103,0.477,NA
176,79,syllables,tourney,FALSE,20,elitize_generation_data,175,103,0.457,NA
177,79,syllables,tourney,FALSE,20,elitize_generation_data,176,103,0.473,NA
178,79,syllables,tourney,FALSE,20,elitize_generation_data,177,90,0.446,NA
179,79,syllables,tourney,FALSE,20,elitize_generation_data,178,111,0.476,NA
180,79,syllables,tourney,FALSE,20,elitize_generation_data,179,102,0.458,NA
181,79,syllables,tourney,FALSE,20,elitize_generation_data,180,99,0.469,NA
182,79,syllables,tourney,FALSE,20,elitize_generation_data,181,89,0.452,NA
183,79,syllables,tourney,FALSE,20,elitize_generation_data,182,116,0.478,NA
184,79,syllables,tourney,FALSE,20,elitize_generation_data,183,94,0.461,NA
185,79,syllables,tourney,FALSE,20,elitize_generation_data,184,105,0.481,NA
186,79,syllables,tourney,FALSE,20,elitize_generation_data,185,97,0.487,NA
187,79,syllables,tourney,FALSE,20,elitize_generation_data,186,111,0.464,NA
188,79,syllables,tourney,FALSE,20,elitize_generation_data,187,110,0.466,NA
189,79,syllables,tourney,FALSE,20,elitize_generation_data,188,112,0.497,NA
190,79,syllables,tourney,FALSE,20,elitize_generation_data,189,98,0.462,NA
191,79,syllables,tourney,FALSE,20,elitize_generation_data,190,99,0.487,NA
192,79,syllables,tourney,FALSE,20,elitize_generation_data,191,119,0.497,NA
193,79,syllables,tourney,FALSE,20,elitize_generation_data,192,105,0.488,NA
194,79,syllables,tourney,FALSE,20,elitize_generation_data,193,110,0.506,NA
195,79,syllables,tourney,FALSE,20,elitize_generation_data,194,106,0.497,NA
196,79,syllables,tourney,FALSE,20,elitize_generation_data,195,100,0.498,NA
197,79,syllables,tourney,FALSE,20,elitize_generation_data,196,100,0.507,NA
198,79,syllables,tourney,FALSE,20,elitize_generation_data,197,121,0.514,NA
199,79,syllables,tourney,FALSE,20,elitize_generation_data,198,110,0.512,NA
200,79,syllables,tourney,FALSE,20,elitize_generation_data,199,107,0.516,NA
201,79,syllables,tourney,FALSE,20,elitize_generation_data,200,112,0.497,NA
202,79,syllables,tourney,FALSE,20,elitize_generation_data,201,110,0.489,NA
203,79,syllables,tourney,FALSE,20,elitize_generation_data,202,108,0.475,NA
204,79,syllables,tourney,FALSE,20,elitize_generation_data,203,111,0.51,NA
205,79,syllables,tourney,FALSE,20,elitize_generation_data,204,104,0.499,NA
206,79,syllables,tourney,FALSE,20,elitize_generation_data,205,101,0.497,NA
207,79,syllables,tourney,FALSE,20,elitize_generation_data,206,109,0.498,NA
208,79,syllables,tourney,FALSE,20,elitize_generation_data,207,112,0.51,NA
209,79,syllables,tourney,FALSE,20,elitize_generation_data,208,108,0.503,NA
210,79,syllables,tourney,FALSE,20,elitize_generation_data,209,118,0.518,NA
211,79,syllables,tourney,FALSE,20,elitize_generation_data,210,116,0.505,NA
212,79,syllables,tourney,FALSE,20,elitize_generation_data,211,114,0.51,NA
213,79,syllables,tourney,FALSE,20,elitize_generation_data,212,109,0.532,NA
214,79,syllables,tourney,FALSE,20,elitize_generation_data,213,127,0.519,NA
215,79,syllables,tourney,FALSE,20,elitize_generation_data,214,110,0.541,NA
216,79,syllables,tourney,FALSE,20,elitize_generation_data,215,131,0.534,NA
217,79,syllables,tourney,FALSE,20,elitize_generation_data,216,121,0.518,NA
218,79,syllables,tourney,FALSE,20,elitize_generation_data,217,120,0.524,NA
219,79,syllables,tourney,FALSE,20,elitize_generation_data,218,119,0.531,NA
220,79,syllables,tourney,FALSE,20,elitize_generation_data,219,127,0.512,NA
221,79,syllables,tourney,FALSE,20,elitize_generation_data,220,111,0.494,NA
222,79,syllables,tourney,FALSE,20,elitize_generation_data,221,106,0.474,NA
223,79,syllables,tourney,FALSE,20,elitize_generation_data,222,106,0.495,NA
224,79,syllables,tourney,FALSE,20,elitize_generation_data,223,116,0.496,NA
225,79,syllables,tourney,FALSE,20,elitize_generation_data,224,113,0.515,NA
226,79,syllables,tourney,FALSE,20,elitize_generation_data,225,117,0.539,NA
227,79,syllables,tourney,FALSE,20,elitize_generation_data,226,107,0.515,NA
228,79,syllables,tourney,FALSE,20,elitize_generation_data,227,110,0.495,NA
229,79,syllables,tourney,FALSE,20,elitize_generation_data,228,118,0.544,NA
230,79,syllables,tourney,FALSE,20,elitize_generation_data,229,120,0.529,NA
231,79,syllables,tourney,FALSE,20,elitize_generation_data,230,113,0.551,NA
232,79,syllables,tourney,FALSE,20,elitize_generation_data,231,105,0.554,NA
233,79,syllables,tourney,FALSE,20,elitize_generation_data,232,113,0.532,NA
234,79,syllables,tourney,FALSE,20,elitize_generation_data,233,113,0.513,NA
235,79,syllables,tourney,FALSE,20,elitize_generation_data,234,122,0.523,NA
236,79,syllables,tourney,FALSE,20,elitize_generation_data,235,107,0.514,NA
237,79,syllables,tourney,FALSE,20,elitize_generation_data,236,110,0.5,NA
238,79,syllables,tourney,FALSE,20,elitize_generation_data,237,112,0.524,NA
239,79,syllables,tourney,FALSE,20,elitize_generation_data,238,108,0.511,NA
240,79,syllables,tourney,FALSE,20,elitize_generation_data,239,116,0.512,NA
241,79,syllables,tourney,FALSE,20,elitize_generation_data,240,108,0.51,NA
242,79,syllables,tourney,FALSE,20,elitize_generation_data,241,118,0.532,NA
243,79,syllables,tourney,FALSE,20,elitize_generation_data,242,117,0.548,NA
244,79,syllables,tourney,FALSE,20,elitize_generation_data,243,120,0.528,NA
245,79,syllables,tourney,FALSE,20,elitize_generation_data,244,117,0.543,NA
246,79,syllables,tourney,FALSE,20,elitize_generation_data,245,118,0.571,NA
247,79,syllables,tourney,FALSE,20,elitize_generation_data,246,118,0.558,NA
248,79,syllables,tourney,FALSE,20,elitize_generation_data,247,108,0.55,NA
249,79,syllables,tourney,FALSE,20,elitize_generation_data,248,101,0.526,NA
250,79,syllables,tourney,FALSE,20,elitize_generation_data,249,99,0.521,NA
251,79,syllables,tourney,FALSE,20,elitize_generation_data,250,116,0.529,NA
252,79,syllables,tourney,FALSE,20,elitize_generation_data,251,113,0.543,NA
253,79,syllables,tourney,FALSE,20,elitize_generation_data,252,103,0.524,NA
254,79,syllables,tourney,FALSE,20,elitize_generation_data,253,108,0.497,NA
255,79,syllables,tourney,FALSE,20,elitize_generation_data,254,116,0.541,NA
256,79,syllables,tourney,FALSE,20,elitize_generation_data,255,117,0.549,NA
257,79,syllables,tourney,FALSE,20,elitize_generation_data,256,125,0.543,NA
258,79,syllables,tourney,FALSE,20,elitize_generation_data,257,124,0.547,NA
259,79,syllables,tourney,FALSE,20,elitize_generation_data,258,106,0.526,NA
260,79,syllables,tourney,FALSE,20,elitize_generation_data,259,120,0.549,NA
261,79,syllables,tourney,FALSE,20,elitize_generation_data,260,115,0.536,NA
262,79,syllables,tourney,FALSE,20,elitize_generation_data,261,104,0.505,NA
263,79,syllables,tourney,FALSE,20,elitize_generation_data,262,114,0.516,NA
264,79,syllables,tourney,FALSE,20,elitize_generation_data,263,108,0.51,NA
265,79,syllables,tourney,FALSE,20,elitize_generation_data,264,107,0.527,NA
266,79,syllables,tourney,FALSE,20,elitize_generation_data,265,107,0.53,NA
267,79,syllables,tourney,FALSE,20,elitize_generation_data,266,111,0.541,NA
268,79,syllables,tourney,FALSE,20,elitize_generation_data,267,116,0.534,NA
269,79,syllables,tourney,FALSE,20,elitize_generation_data,268,117,0.527,NA
270,79,syllables,tourney,FALSE,20,elitize_generation_data,269,114,0.498,NA
271,79,syllables,tourney,FALSE,20,elitize_generation_data,270,106,0.5,NA
272,79,syllables,tourney,FALSE,20,elitize_generation_data,271,125,0.504,NA
273,79,syllables,tourney,FALSE,20,elitize_generation_data,272,99,0.498,NA
274,79,syllables,tourney,FALSE,20,elitize_generation_data,273,102,0.494,NA
275,79,syllables,tourney,FALSE,20,elitize_generation_data,274,112,0.502,NA
276,79,syllables,tourney,FALSE,20,elitize_generation_data,275,119,0.531,NA
277,79,syllables,tourney,FALSE,20,elitize_generation_data,276,113,0.527,NA
278,79,syllables,tourney,FALSE,20,elitize_generation_data,277,100,0.489,NA
279,79,syllables,tourney,FALSE,20,elitize_generation_data,278,103,0.508,NA
280,79,syllables,tourney,FALSE,20,elitize_generation_data,279,105,0.49,NA
281,79,syllables,tourney,FALSE,20,elitize_generation_data,280,112,0.527,NA
282,79,syllables,tourney,FALSE,20,elitize_generation_data,281,115,0.498,NA
283,79,syllables,tourney,FALSE,20,elitize_generation_data,282,108,0.478,NA
284,79,syllables,tourney,FALSE,20,elitize_generation_data,283,101,0.485,NA
285,79,syllables,tourney,FALSE,20,elitize_generation_data,284,118,0.506,NA
286,79,syllables,tourney,FALSE,20,elitize_generation_data,285,102,0.5,NA
287,79,syllables,tourney,FALSE,20,elitize_generation_data,286,109,0.489,NA
288,79,syllables,tourney,FALSE,20,elitize_generation_data,287,108,0.48,NA
289,79,syllables,tourney,FALSE,20,elitize_generation_data,288,105,0.483,NA
290,79,syllables,tourney,FALSE,20,elitize_generation_data,289,106,0.493,NA
291,79,syllables,tourney,FALSE,20,elitize_generation_data,290,103,0.501,NA
292,79,syllables,tourney,FALSE,20,elitize_generation_data,291,110,0.47,NA
293,79,syllables,tourney,FALSE,20,elitize_generation_data,292,99,0.495,NA
294,79,syllables,tourney,FALSE,20,elitize_generation_data,293,108,0.487,NA
295,79,syllables,tourney,FALSE,20,elitize_generation_data,294,100,0.489,NA
296,79,syllables,tourney,FALSE,20,elitize_generation_data,295,98,0.482,NA
297,79,syllables,tourney,FALSE,20,elitize_generation_data,296,107,0.52,NA
298,79,syllables,tourney,FALSE,20,elitize_generation_data,297,121,0.489,NA
299,79,syllables,tourney,FALSE,20,elitize_generation_data,298,106,0.511,NA
300,79,syllables,tourney,FALSE,20,elitize_generation_data,299,108,0.491,NA
301,79,syllables,tourney,FALSE,20,elitize_generation_data,300,105,0.495,NA
