,run.num,problem,treatment,succeeded,height,normalization.function,generation,cluster.count,error.diversity,success.generation
1,5,syllables,tourney,FALSE,20,elitize_generation_data,0,4,0.259,NA
2,5,syllables,tourney,FALSE,20,elitize_generation_data,1,3,0.177,NA
3,5,syllables,tourney,FALSE,20,elitize_generation_data,2,6,0.197,NA
4,5,syllables,tourney,FALSE,20,elitize_generation_data,3,6,0.136,NA
5,5,syllables,tourney,FALSE,20,elitize_generation_data,4,9,0.173,NA
6,5,syllables,tourney,FALSE,20,elitize_generation_data,5,10,0.169,NA
7,5,syllables,tourney,FALSE,20,elitize_generation_data,6,13,0.079,NA
8,5,syllables,tourney,FALSE,20,elitize_generation_data,7,11,0.064,NA
9,5,syllables,tourney,FALSE,20,elitize_generation_data,8,10,0.064,NA
10,5,syllables,tourney,FALSE,20,elitize_generation_data,9,12,0.068,NA
11,5,syllables,tourney,FALSE,20,elitize_generation_data,10,10,0.07,NA
12,5,syllables,tourney,FALSE,20,elitize_generation_data,11,9,0.065,NA
13,5,syllables,tourney,FALSE,20,elitize_generation_data,12,9,0.059,NA
14,5,syllables,tourney,FALSE,20,elitize_generation_data,13,9,0.068,NA
15,5,syllables,tourney,FALSE,20,elitize_generation_data,14,10,0.076,NA
16,5,syllables,tourney,FALSE,20,elitize_generation_data,15,11,0.076,NA
17,5,syllables,tourney,FALSE,20,elitize_generation_data,16,9,0.079,NA
18,5,syllables,tourney,FALSE,20,elitize_generation_data,17,11,0.087,NA
19,5,syllables,tourney,FALSE,20,elitize_generation_data,18,11,0.11,NA
20,5,syllables,tourney,FALSE,20,elitize_generation_data,19,15,0.11,NA
21,5,syllables,tourney,FALSE,20,elitize_generation_data,20,17,0.13,NA
22,5,syllables,tourney,FALSE,20,elitize_generation_data,21,16,0.16,NA
23,5,syllables,tourney,FALSE,20,elitize_generation_data,22,16,0.167,NA
24,5,syllables,tourney,FALSE,20,elitize_generation_data,23,15,0.143,NA
25,5,syllables,tourney,FALSE,20,elitize_generation_data,24,14,0.158,NA
26,5,syllables,tourney,FALSE,20,elitize_generation_data,25,16,0.183,NA
27,5,syllables,tourney,FALSE,20,elitize_generation_data,26,14,0.209,NA
28,5,syllables,tourney,FALSE,20,elitize_generation_data,27,19,0.219,NA
29,5,syllables,tourney,FALSE,20,elitize_generation_data,28,20,0.205,NA
30,5,syllables,tourney,FALSE,20,elitize_generation_data,29,21,0.212,NA
31,5,syllables,tourney,FALSE,20,elitize_generation_data,30,24,0.195,NA
32,5,syllables,tourney,FALSE,20,elitize_generation_data,31,28,0.215,NA
33,5,syllables,tourney,FALSE,20,elitize_generation_data,32,25,0.2,NA
34,5,syllables,tourney,FALSE,20,elitize_generation_data,33,29,0.184,NA
35,5,syllables,tourney,FALSE,20,elitize_generation_data,34,28,0.217,NA
36,5,syllables,tourney,FALSE,20,elitize_generation_data,35,31,0.203,NA
37,5,syllables,tourney,FALSE,20,elitize_generation_data,36,36,0.215,NA
38,5,syllables,tourney,FALSE,20,elitize_generation_data,37,30,0.214,NA
39,5,syllables,tourney,FALSE,20,elitize_generation_data,38,29,0.206,NA
40,5,syllables,tourney,FALSE,20,elitize_generation_data,39,27,0.218,NA
41,5,syllables,tourney,FALSE,20,elitize_generation_data,40,29,0.237,NA
42,5,syllables,tourney,FALSE,20,elitize_generation_data,41,36,0.24,NA
43,5,syllables,tourney,FALSE,20,elitize_generation_data,42,36,0.263,NA
44,5,syllables,tourney,FALSE,20,elitize_generation_data,43,29,0.25,NA
45,5,syllables,tourney,FALSE,20,elitize_generation_data,44,29,0.266,NA
46,5,syllables,tourney,FALSE,20,elitize_generation_data,45,31,0.235,NA
47,5,syllables,tourney,FALSE,20,elitize_generation_data,46,28,0.244,NA
48,5,syllables,tourney,FALSE,20,elitize_generation_data,47,25,0.265,NA
49,5,syllables,tourney,FALSE,20,elitize_generation_data,48,31,0.261,NA
50,5,syllables,tourney,FALSE,20,elitize_generation_data,49,29,0.296,NA
51,5,syllables,tourney,FALSE,20,elitize_generation_data,50,31,0.3,NA
52,5,syllables,tourney,FALSE,20,elitize_generation_data,51,25,0.309,NA
53,5,syllables,tourney,FALSE,20,elitize_generation_data,52,39,0.344,NA
54,5,syllables,tourney,FALSE,20,elitize_generation_data,53,33,0.336,NA
55,5,syllables,tourney,FALSE,20,elitize_generation_data,54,37,0.366,NA
56,5,syllables,tourney,FALSE,20,elitize_generation_data,55,42,0.39,NA
57,5,syllables,tourney,FALSE,20,elitize_generation_data,56,37,0.369,NA
58,5,syllables,tourney,FALSE,20,elitize_generation_data,57,52,0.415,NA
59,5,syllables,tourney,FALSE,20,elitize_generation_data,58,60,0.419,NA
60,5,syllables,tourney,FALSE,20,elitize_generation_data,59,50,0.454,NA
61,5,syllables,tourney,FALSE,20,elitize_generation_data,60,59,0.447,NA
62,5,syllables,tourney,FALSE,20,elitize_generation_data,61,63,0.445,NA
63,5,syllables,tourney,FALSE,20,elitize_generation_data,62,59,0.444,NA
64,5,syllables,tourney,FALSE,20,elitize_generation_data,63,58,0.448,NA
65,5,syllables,tourney,FALSE,20,elitize_generation_data,64,48,0.408,NA
66,5,syllables,tourney,FALSE,20,elitize_generation_data,65,63,0.439,NA
67,5,syllables,tourney,FALSE,20,elitize_generation_data,66,49,0.454,NA
68,5,syllables,tourney,FALSE,20,elitize_generation_data,67,64,0.461,NA
69,5,syllables,tourney,FALSE,20,elitize_generation_data,68,68,0.469,NA
70,5,syllables,tourney,FALSE,20,elitize_generation_data,69,69,0.471,NA
71,5,syllables,tourney,FALSE,20,elitize_generation_data,70,67,0.473,NA
72,5,syllables,tourney,FALSE,20,elitize_generation_data,71,64,0.489,NA
73,5,syllables,tourney,FALSE,20,elitize_generation_data,72,59,0.477,NA
74,5,syllables,tourney,FALSE,20,elitize_generation_data,73,57,0.476,NA
75,5,syllables,tourney,FALSE,20,elitize_generation_data,74,65,0.473,NA
76,5,syllables,tourney,FALSE,20,elitize_generation_data,75,60,0.461,NA
77,5,syllables,tourney,FALSE,20,elitize_generation_data,76,55,0.451,NA
78,5,syllables,tourney,FALSE,20,elitize_generation_data,77,59,0.444,NA
79,5,syllables,tourney,FALSE,20,elitize_generation_data,78,60,0.452,NA
80,5,syllables,tourney,FALSE,20,elitize_generation_data,79,52,0.427,NA
81,5,syllables,tourney,FALSE,20,elitize_generation_data,80,66,0.459,NA
82,5,syllables,tourney,FALSE,20,elitize_generation_data,81,62,0.445,NA
83,5,syllables,tourney,FALSE,20,elitize_generation_data,82,72,0.419,NA
84,5,syllables,tourney,FALSE,20,elitize_generation_data,83,64,0.444,NA
85,5,syllables,tourney,FALSE,20,elitize_generation_data,84,64,0.436,NA
86,5,syllables,tourney,FALSE,20,elitize_generation_data,85,66,0.453,NA
87,5,syllables,tourney,FALSE,20,elitize_generation_data,86,61,0.412,NA
88,5,syllables,tourney,FALSE,20,elitize_generation_data,87,61,0.39,NA
89,5,syllables,tourney,FALSE,20,elitize_generation_data,88,59,0.453,NA
90,5,syllables,tourney,FALSE,20,elitize_generation_data,89,64,0.456,NA
91,5,syllables,tourney,FALSE,20,elitize_generation_data,90,65,0.42,NA
92,5,syllables,tourney,FALSE,20,elitize_generation_data,91,64,0.44,NA
93,5,syllables,tourney,FALSE,20,elitize_generation_data,92,57,0.415,NA
94,5,syllables,tourney,FALSE,20,elitize_generation_data,93,58,0.398,NA
95,5,syllables,tourney,FALSE,20,elitize_generation_data,94,60,0.414,NA
96,5,syllables,tourney,FALSE,20,elitize_generation_data,95,57,0.435,NA
97,5,syllables,tourney,FALSE,20,elitize_generation_data,96,59,0.404,NA
98,5,syllables,tourney,FALSE,20,elitize_generation_data,97,64,0.441,NA
99,5,syllables,tourney,FALSE,20,elitize_generation_data,98,58,0.425,NA
100,5,syllables,tourney,FALSE,20,elitize_generation_data,99,53,0.424,NA
101,5,syllables,tourney,FALSE,20,elitize_generation_data,100,57,0.412,NA
102,5,syllables,tourney,FALSE,20,elitize_generation_data,101,56,0.436,NA
103,5,syllables,tourney,FALSE,20,elitize_generation_data,102,54,0.426,NA
104,5,syllables,tourney,FALSE,20,elitize_generation_data,103,63,0.434,NA
105,5,syllables,tourney,FALSE,20,elitize_generation_data,104,59,0.436,NA
106,5,syllables,tourney,FALSE,20,elitize_generation_data,105,64,0.433,NA
107,5,syllables,tourney,FALSE,20,elitize_generation_data,106,52,0.439,NA
108,5,syllables,tourney,FALSE,20,elitize_generation_data,107,56,0.445,NA
109,5,syllables,tourney,FALSE,20,elitize_generation_data,108,65,0.414,NA
110,5,syllables,tourney,FALSE,20,elitize_generation_data,109,65,0.421,NA
111,5,syllables,tourney,FALSE,20,elitize_generation_data,110,66,0.421,NA
112,5,syllables,tourney,FALSE,20,elitize_generation_data,111,55,0.407,NA
113,5,syllables,tourney,FALSE,20,elitize_generation_data,112,67,0.406,NA
114,5,syllables,tourney,FALSE,20,elitize_generation_data,113,62,0.407,NA
115,5,syllables,tourney,FALSE,20,elitize_generation_data,114,56,0.426,NA
116,5,syllables,tourney,FALSE,20,elitize_generation_data,115,51,0.392,NA
117,5,syllables,tourney,FALSE,20,elitize_generation_data,116,65,0.419,NA
118,5,syllables,tourney,FALSE,20,elitize_generation_data,117,58,0.422,NA
119,5,syllables,tourney,FALSE,20,elitize_generation_data,118,61,0.444,NA
120,5,syllables,tourney,FALSE,20,elitize_generation_data,119,53,0.409,NA
121,5,syllables,tourney,FALSE,20,elitize_generation_data,120,57,0.42,NA
122,5,syllables,tourney,FALSE,20,elitize_generation_data,121,61,0.416,NA
123,5,syllables,tourney,FALSE,20,elitize_generation_data,122,57,0.412,NA
124,5,syllables,tourney,FALSE,20,elitize_generation_data,123,59,0.412,NA
125,5,syllables,tourney,FALSE,20,elitize_generation_data,124,55,0.351,NA
126,5,syllables,tourney,FALSE,20,elitize_generation_data,125,54,0.333,NA
127,5,syllables,tourney,FALSE,20,elitize_generation_data,126,48,0.308,NA
128,5,syllables,tourney,FALSE,20,elitize_generation_data,127,47,0.297,NA
129,5,syllables,tourney,FALSE,20,elitize_generation_data,128,48,0.31,NA
130,5,syllables,tourney,FALSE,20,elitize_generation_data,129,47,0.29,NA
131,5,syllables,tourney,FALSE,20,elitize_generation_data,130,48,0.297,NA
132,5,syllables,tourney,FALSE,20,elitize_generation_data,131,46,0.318,NA
133,5,syllables,tourney,FALSE,20,elitize_generation_data,132,49,0.321,NA
134,5,syllables,tourney,FALSE,20,elitize_generation_data,133,49,0.308,NA
135,5,syllables,tourney,FALSE,20,elitize_generation_data,134,40,0.326,NA
136,5,syllables,tourney,FALSE,20,elitize_generation_data,135,43,0.293,NA
137,5,syllables,tourney,FALSE,20,elitize_generation_data,136,49,0.304,NA
138,5,syllables,tourney,FALSE,20,elitize_generation_data,137,47,0.295,NA
139,5,syllables,tourney,FALSE,20,elitize_generation_data,138,53,0.307,NA
140,5,syllables,tourney,FALSE,20,elitize_generation_data,139,44,0.307,NA
141,5,syllables,tourney,FALSE,20,elitize_generation_data,140,48,0.299,NA
142,5,syllables,tourney,FALSE,20,elitize_generation_data,141,48,0.306,NA
143,5,syllables,tourney,FALSE,20,elitize_generation_data,142,46,0.318,NA
144,5,syllables,tourney,FALSE,20,elitize_generation_data,143,52,0.302,NA
145,5,syllables,tourney,FALSE,20,elitize_generation_data,144,44,0.307,NA
146,5,syllables,tourney,FALSE,20,elitize_generation_data,145,52,0.306,NA
147,5,syllables,tourney,FALSE,20,elitize_generation_data,146,45,0.322,NA
148,5,syllables,tourney,FALSE,20,elitize_generation_data,147,47,0.304,NA
149,5,syllables,tourney,FALSE,20,elitize_generation_data,148,47,0.281,NA
150,5,syllables,tourney,FALSE,20,elitize_generation_data,149,46,0.293,NA
151,5,syllables,tourney,FALSE,20,elitize_generation_data,150,60,0.314,NA
152,5,syllables,tourney,FALSE,20,elitize_generation_data,151,54,0.305,NA
153,5,syllables,tourney,FALSE,20,elitize_generation_data,152,51,0.337,NA
154,5,syllables,tourney,FALSE,20,elitize_generation_data,153,49,0.353,NA
155,5,syllables,tourney,FALSE,20,elitize_generation_data,154,53,0.341,NA
156,5,syllables,tourney,FALSE,20,elitize_generation_data,155,55,0.344,NA
157,5,syllables,tourney,FALSE,20,elitize_generation_data,156,55,0.33,NA
158,5,syllables,tourney,FALSE,20,elitize_generation_data,157,55,0.305,NA
159,5,syllables,tourney,FALSE,20,elitize_generation_data,158,55,0.338,NA
160,5,syllables,tourney,FALSE,20,elitize_generation_data,159,51,0.346,NA
161,5,syllables,tourney,FALSE,20,elitize_generation_data,160,56,0.343,NA
162,5,syllables,tourney,FALSE,20,elitize_generation_data,161,50,0.348,NA
163,5,syllables,tourney,FALSE,20,elitize_generation_data,162,50,0.329,NA
164,5,syllables,tourney,FALSE,20,elitize_generation_data,163,54,0.332,NA
165,5,syllables,tourney,FALSE,20,elitize_generation_data,164,53,0.348,NA
166,5,syllables,tourney,FALSE,20,elitize_generation_data,165,60,0.359,NA
167,5,syllables,tourney,FALSE,20,elitize_generation_data,166,45,0.331,NA
168,5,syllables,tourney,FALSE,20,elitize_generation_data,167,49,0.339,NA
169,5,syllables,tourney,FALSE,20,elitize_generation_data,168,45,0.328,NA
170,5,syllables,tourney,FALSE,20,elitize_generation_data,169,49,0.345,NA
171,5,syllables,tourney,FALSE,20,elitize_generation_data,170,44,0.32,NA
172,5,syllables,tourney,FALSE,20,elitize_generation_data,171,45,0.336,NA
173,5,syllables,tourney,FALSE,20,elitize_generation_data,172,49,0.336,NA
174,5,syllables,tourney,FALSE,20,elitize_generation_data,173,52,0.349,NA
175,5,syllables,tourney,FALSE,20,elitize_generation_data,174,51,0.33,NA
176,5,syllables,tourney,FALSE,20,elitize_generation_data,175,53,0.323,NA
177,5,syllables,tourney,FALSE,20,elitize_generation_data,176,46,0.327,NA
178,5,syllables,tourney,FALSE,20,elitize_generation_data,177,57,0.344,NA
179,5,syllables,tourney,FALSE,20,elitize_generation_data,178,49,0.338,NA
180,5,syllables,tourney,FALSE,20,elitize_generation_data,179,46,0.349,NA
181,5,syllables,tourney,FALSE,20,elitize_generation_data,180,52,0.337,NA
182,5,syllables,tourney,FALSE,20,elitize_generation_data,181,53,0.332,NA
183,5,syllables,tourney,FALSE,20,elitize_generation_data,182,48,0.329,NA
184,5,syllables,tourney,FALSE,20,elitize_generation_data,183,49,0.299,NA
185,5,syllables,tourney,FALSE,20,elitize_generation_data,184,53,0.347,NA
186,5,syllables,tourney,FALSE,20,elitize_generation_data,185,48,0.331,NA
187,5,syllables,tourney,FALSE,20,elitize_generation_data,186,52,0.339,NA
188,5,syllables,tourney,FALSE,20,elitize_generation_data,187,46,0.315,NA
189,5,syllables,tourney,FALSE,20,elitize_generation_data,188,57,0.323,NA
190,5,syllables,tourney,FALSE,20,elitize_generation_data,189,41,0.316,NA
191,5,syllables,tourney,FALSE,20,elitize_generation_data,190,42,0.312,NA
192,5,syllables,tourney,FALSE,20,elitize_generation_data,191,47,0.31,NA
193,5,syllables,tourney,FALSE,20,elitize_generation_data,192,45,0.328,NA
194,5,syllables,tourney,FALSE,20,elitize_generation_data,193,44,0.315,NA
195,5,syllables,tourney,FALSE,20,elitize_generation_data,194,48,0.314,NA
196,5,syllables,tourney,FALSE,20,elitize_generation_data,195,56,0.329,NA
197,5,syllables,tourney,FALSE,20,elitize_generation_data,196,51,0.326,NA
198,5,syllables,tourney,FALSE,20,elitize_generation_data,197,50,0.318,NA
199,5,syllables,tourney,FALSE,20,elitize_generation_data,198,47,0.332,NA
200,5,syllables,tourney,FALSE,20,elitize_generation_data,199,46,0.314,NA
201,5,syllables,tourney,FALSE,20,elitize_generation_data,200,46,0.302,NA
202,5,syllables,tourney,FALSE,20,elitize_generation_data,201,51,0.307,NA
203,5,syllables,tourney,FALSE,20,elitize_generation_data,202,46,0.315,NA
204,5,syllables,tourney,FALSE,20,elitize_generation_data,203,45,0.322,NA
205,5,syllables,tourney,FALSE,20,elitize_generation_data,204,52,0.327,NA
206,5,syllables,tourney,FALSE,20,elitize_generation_data,205,56,0.326,NA
207,5,syllables,tourney,FALSE,20,elitize_generation_data,206,45,0.308,NA
208,5,syllables,tourney,FALSE,20,elitize_generation_data,207,50,0.339,NA
209,5,syllables,tourney,FALSE,20,elitize_generation_data,208,39,0.311,NA
210,5,syllables,tourney,FALSE,20,elitize_generation_data,209,49,0.316,NA
211,5,syllables,tourney,FALSE,20,elitize_generation_data,210,51,0.311,NA
212,5,syllables,tourney,FALSE,20,elitize_generation_data,211,46,0.324,NA
213,5,syllables,tourney,FALSE,20,elitize_generation_data,212,57,0.335,NA
214,5,syllables,tourney,FALSE,20,elitize_generation_data,213,50,0.338,NA
215,5,syllables,tourney,FALSE,20,elitize_generation_data,214,51,0.338,NA
216,5,syllables,tourney,FALSE,20,elitize_generation_data,215,55,0.341,NA
217,5,syllables,tourney,FALSE,20,elitize_generation_data,216,48,0.322,NA
218,5,syllables,tourney,FALSE,20,elitize_generation_data,217,57,0.336,NA
219,5,syllables,tourney,FALSE,20,elitize_generation_data,218,50,0.322,NA
220,5,syllables,tourney,FALSE,20,elitize_generation_data,219,55,0.332,NA
221,5,syllables,tourney,FALSE,20,elitize_generation_data,220,47,0.329,NA
222,5,syllables,tourney,FALSE,20,elitize_generation_data,221,57,0.333,NA
223,5,syllables,tourney,FALSE,20,elitize_generation_data,222,55,0.332,NA
224,5,syllables,tourney,FALSE,20,elitize_generation_data,223,49,0.303,NA
225,5,syllables,tourney,FALSE,20,elitize_generation_data,224,51,0.33,NA
226,5,syllables,tourney,FALSE,20,elitize_generation_data,225,52,0.349,NA
227,5,syllables,tourney,FALSE,20,elitize_generation_data,226,47,0.325,NA
228,5,syllables,tourney,FALSE,20,elitize_generation_data,227,56,0.308,NA
229,5,syllables,tourney,FALSE,20,elitize_generation_data,228,53,0.333,NA
230,5,syllables,tourney,FALSE,20,elitize_generation_data,229,49,0.318,NA
231,5,syllables,tourney,FALSE,20,elitize_generation_data,230,48,0.313,NA
232,5,syllables,tourney,FALSE,20,elitize_generation_data,231,51,0.345,NA
233,5,syllables,tourney,FALSE,20,elitize_generation_data,232,41,0.324,NA
234,5,syllables,tourney,FALSE,20,elitize_generation_data,233,43,0.3,NA
235,5,syllables,tourney,FALSE,20,elitize_generation_data,234,47,0.317,NA
236,5,syllables,tourney,FALSE,20,elitize_generation_data,235,50,0.29,NA
237,5,syllables,tourney,FALSE,20,elitize_generation_data,236,44,0.32,NA
238,5,syllables,tourney,FALSE,20,elitize_generation_data,237,47,0.307,NA
239,5,syllables,tourney,FALSE,20,elitize_generation_data,238,45,0.299,NA
240,5,syllables,tourney,FALSE,20,elitize_generation_data,239,44,0.321,NA
241,5,syllables,tourney,FALSE,20,elitize_generation_data,240,44,0.306,NA
242,5,syllables,tourney,FALSE,20,elitize_generation_data,241,52,0.323,NA
243,5,syllables,tourney,FALSE,20,elitize_generation_data,242,45,0.321,NA
244,5,syllables,tourney,FALSE,20,elitize_generation_data,243,46,0.325,NA
245,5,syllables,tourney,FALSE,20,elitize_generation_data,244,45,0.306,NA
246,5,syllables,tourney,FALSE,20,elitize_generation_data,245,41,0.313,NA
247,5,syllables,tourney,FALSE,20,elitize_generation_data,246,45,0.306,NA
248,5,syllables,tourney,FALSE,20,elitize_generation_data,247,51,0.31,NA
249,5,syllables,tourney,FALSE,20,elitize_generation_data,248,50,0.298,NA
250,5,syllables,tourney,FALSE,20,elitize_generation_data,249,47,0.318,NA
251,5,syllables,tourney,FALSE,20,elitize_generation_data,250,40,0.302,NA
252,5,syllables,tourney,FALSE,20,elitize_generation_data,251,47,0.32,NA
253,5,syllables,tourney,FALSE,20,elitize_generation_data,252,42,0.285,NA
254,5,syllables,tourney,FALSE,20,elitize_generation_data,253,44,0.309,NA
255,5,syllables,tourney,FALSE,20,elitize_generation_data,254,52,0.317,NA
256,5,syllables,tourney,FALSE,20,elitize_generation_data,255,38,0.293,NA
257,5,syllables,tourney,FALSE,20,elitize_generation_data,256,48,0.311,NA
258,5,syllables,tourney,FALSE,20,elitize_generation_data,257,53,0.309,NA
259,5,syllables,tourney,FALSE,20,elitize_generation_data,258,43,0.301,NA
260,5,syllables,tourney,FALSE,20,elitize_generation_data,259,47,0.304,NA
261,5,syllables,tourney,FALSE,20,elitize_generation_data,260,45,0.316,NA
262,5,syllables,tourney,FALSE,20,elitize_generation_data,261,43,0.31,NA
263,5,syllables,tourney,FALSE,20,elitize_generation_data,262,55,0.311,NA
264,5,syllables,tourney,FALSE,20,elitize_generation_data,263,46,0.3,NA
265,5,syllables,tourney,FALSE,20,elitize_generation_data,264,47,0.31,NA
266,5,syllables,tourney,FALSE,20,elitize_generation_data,265,49,0.336,NA
267,5,syllables,tourney,FALSE,20,elitize_generation_data,266,49,0.318,NA
268,5,syllables,tourney,FALSE,20,elitize_generation_data,267,48,0.335,NA
269,5,syllables,tourney,FALSE,20,elitize_generation_data,268,55,0.32,NA
270,5,syllables,tourney,FALSE,20,elitize_generation_data,269,55,0.349,NA
271,5,syllables,tourney,FALSE,20,elitize_generation_data,270,52,0.315,NA
272,5,syllables,tourney,FALSE,20,elitize_generation_data,271,45,0.287,NA
273,5,syllables,tourney,FALSE,20,elitize_generation_data,272,44,0.288,NA
274,5,syllables,tourney,FALSE,20,elitize_generation_data,273,44,0.297,NA
275,5,syllables,tourney,FALSE,20,elitize_generation_data,274,39,0.267,NA
276,5,syllables,tourney,FALSE,20,elitize_generation_data,275,38,0.267,NA
277,5,syllables,tourney,FALSE,20,elitize_generation_data,276,39,0.283,NA
278,5,syllables,tourney,FALSE,20,elitize_generation_data,277,37,0.286,NA
279,5,syllables,tourney,FALSE,20,elitize_generation_data,278,44,0.296,NA
280,5,syllables,tourney,FALSE,20,elitize_generation_data,279,44,0.306,NA
281,5,syllables,tourney,FALSE,20,elitize_generation_data,280,45,0.314,NA
282,5,syllables,tourney,FALSE,20,elitize_generation_data,281,42,0.323,NA
283,5,syllables,tourney,FALSE,20,elitize_generation_data,282,43,0.287,NA
284,5,syllables,tourney,FALSE,20,elitize_generation_data,283,37,0.294,NA
285,5,syllables,tourney,FALSE,20,elitize_generation_data,284,41,0.273,NA
286,5,syllables,tourney,FALSE,20,elitize_generation_data,285,45,0.317,NA
287,5,syllables,tourney,FALSE,20,elitize_generation_data,286,49,0.302,NA
288,5,syllables,tourney,FALSE,20,elitize_generation_data,287,52,0.3,NA
289,5,syllables,tourney,FALSE,20,elitize_generation_data,288,43,0.299,NA
290,5,syllables,tourney,FALSE,20,elitize_generation_data,289,47,0.291,NA
291,5,syllables,tourney,FALSE,20,elitize_generation_data,290,44,0.306,NA
292,5,syllables,tourney,FALSE,20,elitize_generation_data,291,42,0.276,NA
293,5,syllables,tourney,FALSE,20,elitize_generation_data,292,50,0.317,NA
294,5,syllables,tourney,FALSE,20,elitize_generation_data,293,34,0.277,NA
295,5,syllables,tourney,FALSE,20,elitize_generation_data,294,45,0.296,NA
296,5,syllables,tourney,FALSE,20,elitize_generation_data,295,47,0.302,NA
297,5,syllables,tourney,FALSE,20,elitize_generation_data,296,46,0.304,NA
298,5,syllables,tourney,FALSE,20,elitize_generation_data,297,48,0.321,NA
299,5,syllables,tourney,FALSE,20,elitize_generation_data,298,44,0.322,NA
300,5,syllables,tourney,FALSE,20,elitize_generation_data,299,45,0.308,NA
301,5,syllables,tourney,FALSE,20,elitize_generation_data,300,46,0.323,NA
