,run.num,problem,treatment,succeeded,height,normalization.function,generation,cluster.count,error.diversity,success.generation
1,92,syllables,tourney,FALSE,20,elitize_generation_data,0,4,0.278,NA
2,92,syllables,tourney,FALSE,20,elitize_generation_data,1,4,0.195,NA
3,92,syllables,tourney,FALSE,20,elitize_generation_data,2,5,0.181,NA
4,92,syllables,tourney,FALSE,20,elitize_generation_data,3,6,0.138,NA
5,92,syllables,tourney,FALSE,20,elitize_generation_data,4,5,0.183,NA
6,92,syllables,tourney,FALSE,20,elitize_generation_data,5,5,0.193,NA
7,92,syllables,tourney,FALSE,20,elitize_generation_data,6,6,0.245,NA
8,92,syllables,tourney,FALSE,20,elitize_generation_data,7,7,0.223,NA
9,92,syllables,tourney,FALSE,20,elitize_generation_data,8,7,0.141,NA
10,92,syllables,tourney,FALSE,20,elitize_generation_data,9,11,0.124,NA
11,92,syllables,tourney,FALSE,20,elitize_generation_data,10,10,0.107,NA
12,92,syllables,tourney,FALSE,20,elitize_generation_data,11,11,0.137,NA
13,92,syllables,tourney,FALSE,20,elitize_generation_data,12,11,0.159,NA
14,92,syllables,tourney,FALSE,20,elitize_generation_data,13,10,0.115,NA
15,92,syllables,tourney,FALSE,20,elitize_generation_data,14,9,0.105,NA
16,92,syllables,tourney,FALSE,20,elitize_generation_data,15,9,0.088,NA
17,92,syllables,tourney,FALSE,20,elitize_generation_data,16,9,0.111,NA
18,92,syllables,tourney,FALSE,20,elitize_generation_data,17,9,0.102,NA
19,92,syllables,tourney,FALSE,20,elitize_generation_data,18,9,0.111,NA
20,92,syllables,tourney,FALSE,20,elitize_generation_data,19,9,0.128,NA
21,92,syllables,tourney,FALSE,20,elitize_generation_data,20,9,0.101,NA
22,92,syllables,tourney,FALSE,20,elitize_generation_data,21,9,0.097,NA
23,92,syllables,tourney,FALSE,20,elitize_generation_data,22,9,0.114,NA
24,92,syllables,tourney,FALSE,20,elitize_generation_data,23,9,0.101,NA
25,92,syllables,tourney,FALSE,20,elitize_generation_data,24,9,0.124,NA
26,92,syllables,tourney,FALSE,20,elitize_generation_data,25,7,0.109,NA
27,92,syllables,tourney,FALSE,20,elitize_generation_data,26,9,0.109,NA
28,92,syllables,tourney,FALSE,20,elitize_generation_data,27,9,0.105,NA
29,92,syllables,tourney,FALSE,20,elitize_generation_data,28,7,0.117,NA
30,92,syllables,tourney,FALSE,20,elitize_generation_data,29,7,0.111,NA
31,92,syllables,tourney,FALSE,20,elitize_generation_data,30,9,0.111,NA
32,92,syllables,tourney,FALSE,20,elitize_generation_data,31,8,0.121,NA
33,92,syllables,tourney,FALSE,20,elitize_generation_data,32,7,0.134,NA
34,92,syllables,tourney,FALSE,20,elitize_generation_data,33,8,0.131,NA
35,92,syllables,tourney,FALSE,20,elitize_generation_data,34,8,0.156,NA
36,92,syllables,tourney,FALSE,20,elitize_generation_data,35,8,0.151,NA
37,92,syllables,tourney,FALSE,20,elitize_generation_data,36,8,0.149,NA
38,92,syllables,tourney,FALSE,20,elitize_generation_data,37,10,0.155,NA
39,92,syllables,tourney,FALSE,20,elitize_generation_data,38,8,0.157,NA
40,92,syllables,tourney,FALSE,20,elitize_generation_data,39,9,0.139,NA
41,92,syllables,tourney,FALSE,20,elitize_generation_data,40,8,0.146,NA
42,92,syllables,tourney,FALSE,20,elitize_generation_data,41,9,0.123,NA
43,92,syllables,tourney,FALSE,20,elitize_generation_data,42,11,0.127,NA
44,92,syllables,tourney,FALSE,20,elitize_generation_data,43,9,0.146,NA
45,92,syllables,tourney,FALSE,20,elitize_generation_data,44,9,0.146,NA
46,92,syllables,tourney,FALSE,20,elitize_generation_data,45,9,0.143,NA
47,92,syllables,tourney,FALSE,20,elitize_generation_data,46,11,0.106,NA
48,92,syllables,tourney,FALSE,20,elitize_generation_data,47,12,0.124,NA
49,92,syllables,tourney,FALSE,20,elitize_generation_data,48,13,0.152,NA
50,92,syllables,tourney,FALSE,20,elitize_generation_data,49,13,0.136,NA
51,92,syllables,tourney,FALSE,20,elitize_generation_data,50,13,0.108,NA
52,92,syllables,tourney,FALSE,20,elitize_generation_data,51,13,0.113,NA
53,92,syllables,tourney,FALSE,20,elitize_generation_data,52,12,0.109,NA
54,92,syllables,tourney,FALSE,20,elitize_generation_data,53,12,0.109,NA
55,92,syllables,tourney,FALSE,20,elitize_generation_data,54,12,0.118,NA
56,92,syllables,tourney,FALSE,20,elitize_generation_data,55,12,0.118,NA
57,92,syllables,tourney,FALSE,20,elitize_generation_data,56,12,0.135,NA
58,92,syllables,tourney,FALSE,20,elitize_generation_data,57,11,0.109,NA
59,92,syllables,tourney,FALSE,20,elitize_generation_data,58,11,0.094,NA
60,92,syllables,tourney,FALSE,20,elitize_generation_data,59,12,0.097,NA
61,92,syllables,tourney,FALSE,20,elitize_generation_data,60,9,0.104,NA
62,92,syllables,tourney,FALSE,20,elitize_generation_data,61,10,0.103,NA
63,92,syllables,tourney,FALSE,20,elitize_generation_data,62,11,0.1,NA
64,92,syllables,tourney,FALSE,20,elitize_generation_data,63,14,0.101,NA
65,92,syllables,tourney,FALSE,20,elitize_generation_data,64,13,0.103,NA
66,92,syllables,tourney,FALSE,20,elitize_generation_data,65,10,0.107,NA
67,92,syllables,tourney,FALSE,20,elitize_generation_data,66,12,0.108,NA
68,92,syllables,tourney,FALSE,20,elitize_generation_data,67,10,0.094,NA
69,92,syllables,tourney,FALSE,20,elitize_generation_data,68,12,0.091,NA
70,92,syllables,tourney,FALSE,20,elitize_generation_data,69,12,0.104,NA
71,92,syllables,tourney,FALSE,20,elitize_generation_data,70,12,0.103,NA
72,92,syllables,tourney,FALSE,20,elitize_generation_data,71,11,0.11,NA
73,92,syllables,tourney,FALSE,20,elitize_generation_data,72,12,0.091,NA
74,92,syllables,tourney,FALSE,20,elitize_generation_data,73,11,0.092,NA
75,92,syllables,tourney,FALSE,20,elitize_generation_data,74,12,0.103,NA
76,92,syllables,tourney,FALSE,20,elitize_generation_data,75,12,0.09,NA
77,92,syllables,tourney,FALSE,20,elitize_generation_data,76,13,0.089,NA
78,92,syllables,tourney,FALSE,20,elitize_generation_data,77,12,0.083,NA
79,92,syllables,tourney,FALSE,20,elitize_generation_data,78,12,0.094,NA
80,92,syllables,tourney,FALSE,20,elitize_generation_data,79,10,0.093,NA
81,92,syllables,tourney,FALSE,20,elitize_generation_data,80,12,0.091,NA
82,92,syllables,tourney,FALSE,20,elitize_generation_data,81,14,0.078,NA
83,92,syllables,tourney,FALSE,20,elitize_generation_data,82,12,0.081,NA
84,92,syllables,tourney,FALSE,20,elitize_generation_data,83,11,0.098,NA
85,92,syllables,tourney,FALSE,20,elitize_generation_data,84,11,0.082,NA
86,92,syllables,tourney,FALSE,20,elitize_generation_data,85,11,0.085,NA
87,92,syllables,tourney,FALSE,20,elitize_generation_data,86,11,0.098,NA
88,92,syllables,tourney,FALSE,20,elitize_generation_data,87,12,0.084,NA
89,92,syllables,tourney,FALSE,20,elitize_generation_data,88,10,0.068,NA
90,92,syllables,tourney,FALSE,20,elitize_generation_data,89,12,0.09,NA
91,92,syllables,tourney,FALSE,20,elitize_generation_data,90,13,0.079,NA
92,92,syllables,tourney,FALSE,20,elitize_generation_data,91,12,0.086,NA
93,92,syllables,tourney,FALSE,20,elitize_generation_data,92,10,0.088,NA
94,92,syllables,tourney,FALSE,20,elitize_generation_data,93,11,0.081,NA
95,92,syllables,tourney,FALSE,20,elitize_generation_data,94,10,0.071,NA
96,92,syllables,tourney,FALSE,20,elitize_generation_data,95,10,0.08,NA
97,92,syllables,tourney,FALSE,20,elitize_generation_data,96,11,0.074,NA
98,92,syllables,tourney,FALSE,20,elitize_generation_data,97,11,0.072,NA
99,92,syllables,tourney,FALSE,20,elitize_generation_data,98,11,0.062,NA
100,92,syllables,tourney,FALSE,20,elitize_generation_data,99,14,0.072,NA
101,92,syllables,tourney,FALSE,20,elitize_generation_data,100,11,0.085,NA
102,92,syllables,tourney,FALSE,20,elitize_generation_data,101,10,0.082,NA
103,92,syllables,tourney,FALSE,20,elitize_generation_data,102,11,0.07,NA
104,92,syllables,tourney,FALSE,20,elitize_generation_data,103,14,0.074,NA
105,92,syllables,tourney,FALSE,20,elitize_generation_data,104,12,0.081,NA
106,92,syllables,tourney,FALSE,20,elitize_generation_data,105,9,0.062,NA
107,92,syllables,tourney,FALSE,20,elitize_generation_data,106,11,0.069,NA
108,92,syllables,tourney,FALSE,20,elitize_generation_data,107,12,0.08,NA
109,92,syllables,tourney,FALSE,20,elitize_generation_data,108,9,0.07,NA
110,92,syllables,tourney,FALSE,20,elitize_generation_data,109,10,0.074,NA
111,92,syllables,tourney,FALSE,20,elitize_generation_data,110,12,0.061,NA
112,92,syllables,tourney,FALSE,20,elitize_generation_data,111,12,0.074,NA
113,92,syllables,tourney,FALSE,20,elitize_generation_data,112,12,0.076,NA
114,92,syllables,tourney,FALSE,20,elitize_generation_data,113,11,0.069,NA
115,92,syllables,tourney,FALSE,20,elitize_generation_data,114,13,0.078,NA
116,92,syllables,tourney,FALSE,20,elitize_generation_data,115,13,0.076,NA
117,92,syllables,tourney,FALSE,20,elitize_generation_data,116,11,0.077,NA
118,92,syllables,tourney,FALSE,20,elitize_generation_data,117,13,0.079,NA
119,92,syllables,tourney,FALSE,20,elitize_generation_data,118,11,0.074,NA
120,92,syllables,tourney,FALSE,20,elitize_generation_data,119,11,0.079,NA
121,92,syllables,tourney,FALSE,20,elitize_generation_data,120,11,0.074,NA
122,92,syllables,tourney,FALSE,20,elitize_generation_data,121,10,0.082,NA
123,92,syllables,tourney,FALSE,20,elitize_generation_data,122,14,0.083,NA
124,92,syllables,tourney,FALSE,20,elitize_generation_data,123,12,0.07,NA
125,92,syllables,tourney,FALSE,20,elitize_generation_data,124,12,0.069,NA
126,92,syllables,tourney,FALSE,20,elitize_generation_data,125,10,0.071,NA
127,92,syllables,tourney,FALSE,20,elitize_generation_data,126,10,0.076,NA
128,92,syllables,tourney,FALSE,20,elitize_generation_data,127,13,0.083,NA
129,92,syllables,tourney,FALSE,20,elitize_generation_data,128,12,0.08,NA
130,92,syllables,tourney,FALSE,20,elitize_generation_data,129,15,0.086,NA
131,92,syllables,tourney,FALSE,20,elitize_generation_data,130,12,0.082,NA
132,92,syllables,tourney,FALSE,20,elitize_generation_data,131,12,0.068,NA
133,92,syllables,tourney,FALSE,20,elitize_generation_data,132,13,0.08,NA
134,92,syllables,tourney,FALSE,20,elitize_generation_data,133,11,0.087,NA
135,92,syllables,tourney,FALSE,20,elitize_generation_data,134,13,0.081,NA
136,92,syllables,tourney,FALSE,20,elitize_generation_data,135,14,0.081,NA
137,92,syllables,tourney,FALSE,20,elitize_generation_data,136,12,0.067,NA
138,92,syllables,tourney,FALSE,20,elitize_generation_data,137,14,0.083,NA
139,92,syllables,tourney,FALSE,20,elitize_generation_data,138,12,0.067,NA
140,92,syllables,tourney,FALSE,20,elitize_generation_data,139,13,0.083,NA
141,92,syllables,tourney,FALSE,20,elitize_generation_data,140,12,0.075,NA
142,92,syllables,tourney,FALSE,20,elitize_generation_data,141,13,0.084,NA
143,92,syllables,tourney,FALSE,20,elitize_generation_data,142,12,0.077,NA
144,92,syllables,tourney,FALSE,20,elitize_generation_data,143,12,0.069,NA
145,92,syllables,tourney,FALSE,20,elitize_generation_data,144,10,0.084,NA
146,92,syllables,tourney,FALSE,20,elitize_generation_data,145,12,0.072,NA
147,92,syllables,tourney,FALSE,20,elitize_generation_data,146,14,0.084,NA
148,92,syllables,tourney,FALSE,20,elitize_generation_data,147,12,0.065,NA
149,92,syllables,tourney,FALSE,20,elitize_generation_data,148,12,0.091,NA
150,92,syllables,tourney,FALSE,20,elitize_generation_data,149,11,0.079,NA
151,92,syllables,tourney,FALSE,20,elitize_generation_data,150,14,0.078,NA
152,92,syllables,tourney,FALSE,20,elitize_generation_data,151,13,0.072,NA
153,92,syllables,tourney,FALSE,20,elitize_generation_data,152,13,0.082,NA
154,92,syllables,tourney,FALSE,20,elitize_generation_data,153,12,0.082,NA
155,92,syllables,tourney,FALSE,20,elitize_generation_data,154,12,0.074,NA
156,92,syllables,tourney,FALSE,20,elitize_generation_data,155,10,0.079,NA
157,92,syllables,tourney,FALSE,20,elitize_generation_data,156,13,0.075,NA
158,92,syllables,tourney,FALSE,20,elitize_generation_data,157,13,0.091,NA
159,92,syllables,tourney,FALSE,20,elitize_generation_data,158,9,0.069,NA
160,92,syllables,tourney,FALSE,20,elitize_generation_data,159,14,0.083,NA
161,92,syllables,tourney,FALSE,20,elitize_generation_data,160,11,0.071,NA
162,92,syllables,tourney,FALSE,20,elitize_generation_data,161,13,0.066,NA
163,92,syllables,tourney,FALSE,20,elitize_generation_data,162,13,0.075,NA
164,92,syllables,tourney,FALSE,20,elitize_generation_data,163,12,0.075,NA
165,92,syllables,tourney,FALSE,20,elitize_generation_data,164,14,0.078,NA
166,92,syllables,tourney,FALSE,20,elitize_generation_data,165,11,0.075,NA
167,92,syllables,tourney,FALSE,20,elitize_generation_data,166,12,0.063,NA
168,92,syllables,tourney,FALSE,20,elitize_generation_data,167,11,0.082,NA
169,92,syllables,tourney,FALSE,20,elitize_generation_data,168,12,0.072,NA
170,92,syllables,tourney,FALSE,20,elitize_generation_data,169,10,0.07,NA
171,92,syllables,tourney,FALSE,20,elitize_generation_data,170,12,0.059,NA
172,92,syllables,tourney,FALSE,20,elitize_generation_data,171,10,0.071,NA
173,92,syllables,tourney,FALSE,20,elitize_generation_data,172,15,0.062,NA
174,92,syllables,tourney,FALSE,20,elitize_generation_data,173,14,0.081,NA
175,92,syllables,tourney,FALSE,20,elitize_generation_data,174,13,0.08,NA
176,92,syllables,tourney,FALSE,20,elitize_generation_data,175,11,0.07,NA
177,92,syllables,tourney,FALSE,20,elitize_generation_data,176,11,0.089,NA
178,92,syllables,tourney,FALSE,20,elitize_generation_data,177,14,0.1,NA
179,92,syllables,tourney,FALSE,20,elitize_generation_data,178,11,0.1,NA
180,92,syllables,tourney,FALSE,20,elitize_generation_data,179,13,0.108,NA
181,92,syllables,tourney,FALSE,20,elitize_generation_data,180,10,0.125,NA
182,92,syllables,tourney,FALSE,20,elitize_generation_data,181,12,0.121,NA
183,92,syllables,tourney,FALSE,20,elitize_generation_data,182,14,0.139,NA
184,92,syllables,tourney,FALSE,20,elitize_generation_data,183,14,0.15,NA
185,92,syllables,tourney,FALSE,20,elitize_generation_data,184,16,0.139,NA
186,92,syllables,tourney,FALSE,20,elitize_generation_data,185,20,0.137,NA
187,92,syllables,tourney,FALSE,20,elitize_generation_data,186,22,0.19,NA
188,92,syllables,tourney,FALSE,20,elitize_generation_data,187,24,0.195,NA
189,92,syllables,tourney,FALSE,20,elitize_generation_data,188,19,0.175,NA
190,92,syllables,tourney,FALSE,20,elitize_generation_data,189,24,0.166,NA
191,92,syllables,tourney,FALSE,20,elitize_generation_data,190,21,0.186,NA
192,92,syllables,tourney,FALSE,20,elitize_generation_data,191,20,0.185,NA
193,92,syllables,tourney,FALSE,20,elitize_generation_data,192,21,0.195,NA
194,92,syllables,tourney,FALSE,20,elitize_generation_data,193,19,0.19,NA
195,92,syllables,tourney,FALSE,20,elitize_generation_data,194,23,0.191,NA
196,92,syllables,tourney,FALSE,20,elitize_generation_data,195,19,0.189,NA
197,92,syllables,tourney,FALSE,20,elitize_generation_data,196,17,0.195,NA
198,92,syllables,tourney,FALSE,20,elitize_generation_data,197,22,0.192,NA
199,92,syllables,tourney,FALSE,20,elitize_generation_data,198,28,0.193,NA
200,92,syllables,tourney,FALSE,20,elitize_generation_data,199,32,0.191,NA
201,92,syllables,tourney,FALSE,20,elitize_generation_data,200,26,0.172,NA
202,92,syllables,tourney,FALSE,20,elitize_generation_data,201,21,0.197,NA
203,92,syllables,tourney,FALSE,20,elitize_generation_data,202,27,0.205,NA
204,92,syllables,tourney,FALSE,20,elitize_generation_data,203,26,0.216,NA
205,92,syllables,tourney,FALSE,20,elitize_generation_data,204,27,0.226,NA
206,92,syllables,tourney,FALSE,20,elitize_generation_data,205,29,0.215,NA
207,92,syllables,tourney,FALSE,20,elitize_generation_data,206,27,0.229,NA
208,92,syllables,tourney,FALSE,20,elitize_generation_data,207,31,0.237,NA
209,92,syllables,tourney,FALSE,20,elitize_generation_data,208,25,0.206,NA
210,92,syllables,tourney,FALSE,20,elitize_generation_data,209,27,0.255,NA
211,92,syllables,tourney,FALSE,20,elitize_generation_data,210,30,0.261,NA
212,92,syllables,tourney,FALSE,20,elitize_generation_data,211,27,0.244,NA
213,92,syllables,tourney,FALSE,20,elitize_generation_data,212,28,0.251,NA
214,92,syllables,tourney,FALSE,20,elitize_generation_data,213,29,0.242,NA
215,92,syllables,tourney,FALSE,20,elitize_generation_data,214,24,0.238,NA
216,92,syllables,tourney,FALSE,20,elitize_generation_data,215,29,0.271,NA
217,92,syllables,tourney,FALSE,20,elitize_generation_data,216,30,0.325,NA
218,92,syllables,tourney,FALSE,20,elitize_generation_data,217,33,0.317,NA
219,92,syllables,tourney,FALSE,20,elitize_generation_data,218,33,0.304,NA
220,92,syllables,tourney,FALSE,20,elitize_generation_data,219,28,0.294,NA
221,92,syllables,tourney,FALSE,20,elitize_generation_data,220,30,0.305,NA
222,92,syllables,tourney,FALSE,20,elitize_generation_data,221,35,0.293,NA
223,92,syllables,tourney,FALSE,20,elitize_generation_data,222,29,0.311,NA
224,92,syllables,tourney,FALSE,20,elitize_generation_data,223,33,0.32,NA
225,92,syllables,tourney,FALSE,20,elitize_generation_data,224,32,0.272,NA
226,92,syllables,tourney,FALSE,20,elitize_generation_data,225,31,0.255,NA
227,92,syllables,tourney,FALSE,20,elitize_generation_data,226,31,0.236,NA
228,92,syllables,tourney,FALSE,20,elitize_generation_data,227,35,0.257,NA
229,92,syllables,tourney,FALSE,20,elitize_generation_data,228,35,0.279,NA
230,92,syllables,tourney,FALSE,20,elitize_generation_data,229,42,0.298,NA
231,92,syllables,tourney,FALSE,20,elitize_generation_data,230,37,0.271,NA
232,92,syllables,tourney,FALSE,20,elitize_generation_data,231,31,0.28,NA
233,92,syllables,tourney,FALSE,20,elitize_generation_data,232,34,0.285,NA
234,92,syllables,tourney,FALSE,20,elitize_generation_data,233,32,0.276,NA
235,92,syllables,tourney,FALSE,20,elitize_generation_data,234,29,0.255,NA
236,92,syllables,tourney,FALSE,20,elitize_generation_data,235,34,0.268,NA
237,92,syllables,tourney,FALSE,20,elitize_generation_data,236,38,0.277,NA
238,92,syllables,tourney,FALSE,20,elitize_generation_data,237,36,0.304,NA
239,92,syllables,tourney,FALSE,20,elitize_generation_data,238,41,0.335,NA
240,92,syllables,tourney,FALSE,20,elitize_generation_data,239,39,0.336,NA
241,92,syllables,tourney,FALSE,20,elitize_generation_data,240,38,0.31,NA
242,92,syllables,tourney,FALSE,20,elitize_generation_data,241,42,0.315,NA
243,92,syllables,tourney,FALSE,20,elitize_generation_data,242,52,0.348,NA
244,92,syllables,tourney,FALSE,20,elitize_generation_data,243,60,0.363,NA
245,92,syllables,tourney,FALSE,20,elitize_generation_data,244,83,0.422,NA
246,92,syllables,tourney,FALSE,20,elitize_generation_data,245,96,0.44,NA
247,92,syllables,tourney,FALSE,20,elitize_generation_data,246,84,0.397,NA
248,92,syllables,tourney,FALSE,20,elitize_generation_data,247,90,0.383,NA
249,92,syllables,tourney,FALSE,20,elitize_generation_data,248,83,0.356,NA
250,92,syllables,tourney,FALSE,20,elitize_generation_data,249,95,0.38,NA
251,92,syllables,tourney,FALSE,20,elitize_generation_data,250,97,0.408,NA
252,92,syllables,tourney,FALSE,20,elitize_generation_data,251,99,0.383,NA
253,92,syllables,tourney,FALSE,20,elitize_generation_data,252,111,0.419,NA
254,92,syllables,tourney,FALSE,20,elitize_generation_data,253,97,0.352,NA
255,92,syllables,tourney,FALSE,20,elitize_generation_data,254,106,0.362,NA
256,92,syllables,tourney,FALSE,20,elitize_generation_data,255,90,0.308,NA
257,92,syllables,tourney,FALSE,20,elitize_generation_data,256,82,0.266,NA
258,92,syllables,tourney,FALSE,20,elitize_generation_data,257,67,0.218,NA
259,92,syllables,tourney,FALSE,20,elitize_generation_data,258,78,0.23,NA
260,92,syllables,tourney,FALSE,20,elitize_generation_data,259,77,0.251,NA
261,92,syllables,tourney,FALSE,20,elitize_generation_data,260,75,0.246,NA
262,92,syllables,tourney,FALSE,20,elitize_generation_data,261,70,0.23,NA
263,92,syllables,tourney,FALSE,20,elitize_generation_data,262,70,0.245,NA
264,92,syllables,tourney,FALSE,20,elitize_generation_data,263,69,0.221,NA
265,92,syllables,tourney,FALSE,20,elitize_generation_data,264,75,0.239,NA
266,92,syllables,tourney,FALSE,20,elitize_generation_data,265,65,0.241,NA
267,92,syllables,tourney,FALSE,20,elitize_generation_data,266,71,0.24,NA
268,92,syllables,tourney,FALSE,20,elitize_generation_data,267,86,0.262,NA
269,92,syllables,tourney,FALSE,20,elitize_generation_data,268,78,0.246,NA
270,92,syllables,tourney,FALSE,20,elitize_generation_data,269,85,0.263,NA
271,92,syllables,tourney,FALSE,20,elitize_generation_data,270,63,0.237,NA
272,92,syllables,tourney,FALSE,20,elitize_generation_data,271,80,0.233,NA
273,92,syllables,tourney,FALSE,20,elitize_generation_data,272,60,0.208,NA
274,92,syllables,tourney,FALSE,20,elitize_generation_data,273,68,0.216,NA
275,92,syllables,tourney,FALSE,20,elitize_generation_data,274,67,0.244,NA
276,92,syllables,tourney,FALSE,20,elitize_generation_data,275,72,0.235,NA
277,92,syllables,tourney,FALSE,20,elitize_generation_data,276,73,0.242,NA
278,92,syllables,tourney,FALSE,20,elitize_generation_data,277,62,0.221,NA
279,92,syllables,tourney,FALSE,20,elitize_generation_data,278,67,0.228,NA
280,92,syllables,tourney,FALSE,20,elitize_generation_data,279,81,0.244,NA
281,92,syllables,tourney,FALSE,20,elitize_generation_data,280,85,0.233,NA
282,92,syllables,tourney,FALSE,20,elitize_generation_data,281,70,0.217,NA
283,92,syllables,tourney,FALSE,20,elitize_generation_data,282,64,0.223,NA
284,92,syllables,tourney,FALSE,20,elitize_generation_data,283,67,0.237,NA
285,92,syllables,tourney,FALSE,20,elitize_generation_data,284,57,0.228,NA
286,92,syllables,tourney,FALSE,20,elitize_generation_data,285,64,0.242,NA
287,92,syllables,tourney,FALSE,20,elitize_generation_data,286,71,0.244,NA
288,92,syllables,tourney,FALSE,20,elitize_generation_data,287,66,0.225,NA
289,92,syllables,tourney,FALSE,20,elitize_generation_data,288,67,0.233,NA
290,92,syllables,tourney,FALSE,20,elitize_generation_data,289,73,0.228,NA
291,92,syllables,tourney,FALSE,20,elitize_generation_data,290,74,0.236,NA
292,92,syllables,tourney,FALSE,20,elitize_generation_data,291,63,0.212,NA
293,92,syllables,tourney,FALSE,20,elitize_generation_data,292,64,0.244,NA
294,92,syllables,tourney,FALSE,20,elitize_generation_data,293,72,0.226,NA
295,92,syllables,tourney,FALSE,20,elitize_generation_data,294,74,0.235,NA
296,92,syllables,tourney,FALSE,20,elitize_generation_data,295,69,0.234,NA
297,92,syllables,tourney,FALSE,20,elitize_generation_data,296,74,0.231,NA
298,92,syllables,tourney,FALSE,20,elitize_generation_data,297,85,0.26,NA
299,92,syllables,tourney,FALSE,20,elitize_generation_data,298,83,0.28,NA
300,92,syllables,tourney,FALSE,20,elitize_generation_data,299,90,0.274,NA
301,92,syllables,tourney,FALSE,20,elitize_generation_data,300,95,0.275,NA
