,run.num,problem,treatment,succeeded,height,normalization.function,generation,cluster.count,error.diversity,success.generation
1,75,syllables,tourney,FALSE,20,elitize_generation_data,0,4,0.259,NA
2,75,syllables,tourney,FALSE,20,elitize_generation_data,1,6,0.196,NA
3,75,syllables,tourney,FALSE,20,elitize_generation_data,2,3,0.199,NA
4,75,syllables,tourney,FALSE,20,elitize_generation_data,3,5,0.124,NA
5,75,syllables,tourney,FALSE,20,elitize_generation_data,4,4,0.194,NA
6,75,syllables,tourney,FALSE,20,elitize_generation_data,5,4,0.256,NA
7,75,syllables,tourney,FALSE,20,elitize_generation_data,6,4,0.345,NA
8,75,syllables,tourney,FALSE,20,elitize_generation_data,7,4,0.366,NA
9,75,syllables,tourney,FALSE,20,elitize_generation_data,8,4,0.383,NA
10,75,syllables,tourney,FALSE,20,elitize_generation_data,9,4,0.393,NA
11,75,syllables,tourney,FALSE,20,elitize_generation_data,10,6,0.343,NA
12,75,syllables,tourney,FALSE,20,elitize_generation_data,11,8,0.349,NA
13,75,syllables,tourney,FALSE,20,elitize_generation_data,12,9,0.291,NA
14,75,syllables,tourney,FALSE,20,elitize_generation_data,13,8,0.223,NA
15,75,syllables,tourney,FALSE,20,elitize_generation_data,14,8,0.192,NA
16,75,syllables,tourney,FALSE,20,elitize_generation_data,15,9,0.228,NA
17,75,syllables,tourney,FALSE,20,elitize_generation_data,16,10,0.199,NA
18,75,syllables,tourney,FALSE,20,elitize_generation_data,17,12,0.186,NA
19,75,syllables,tourney,FALSE,20,elitize_generation_data,18,13,0.215,NA
20,75,syllables,tourney,FALSE,20,elitize_generation_data,19,22,0.219,NA
21,75,syllables,tourney,FALSE,20,elitize_generation_data,20,15,0.23,NA
22,75,syllables,tourney,FALSE,20,elitize_generation_data,21,14,0.198,NA
23,75,syllables,tourney,FALSE,20,elitize_generation_data,22,14,0.216,NA
24,75,syllables,tourney,FALSE,20,elitize_generation_data,23,15,0.225,NA
25,75,syllables,tourney,FALSE,20,elitize_generation_data,24,13,0.207,NA
26,75,syllables,tourney,FALSE,20,elitize_generation_data,25,14,0.183,NA
27,75,syllables,tourney,FALSE,20,elitize_generation_data,26,14,0.191,NA
28,75,syllables,tourney,FALSE,20,elitize_generation_data,27,16,0.212,NA
29,75,syllables,tourney,FALSE,20,elitize_generation_data,28,17,0.235,NA
30,75,syllables,tourney,FALSE,20,elitize_generation_data,29,16,0.267,NA
31,75,syllables,tourney,FALSE,20,elitize_generation_data,30,17,0.267,NA
32,75,syllables,tourney,FALSE,20,elitize_generation_data,31,17,0.288,NA
33,75,syllables,tourney,FALSE,20,elitize_generation_data,32,15,0.256,NA
34,75,syllables,tourney,FALSE,20,elitize_generation_data,33,12,0.27,NA
35,75,syllables,tourney,FALSE,20,elitize_generation_data,34,14,0.265,NA
36,75,syllables,tourney,FALSE,20,elitize_generation_data,35,16,0.251,NA
37,75,syllables,tourney,FALSE,20,elitize_generation_data,36,13,0.278,NA
38,75,syllables,tourney,FALSE,20,elitize_generation_data,37,16,0.233,NA
39,75,syllables,tourney,FALSE,20,elitize_generation_data,38,19,0.214,NA
40,75,syllables,tourney,FALSE,20,elitize_generation_data,39,18,0.174,NA
41,75,syllables,tourney,FALSE,20,elitize_generation_data,40,19,0.153,NA
42,75,syllables,tourney,FALSE,20,elitize_generation_data,41,18,0.179,NA
43,75,syllables,tourney,FALSE,20,elitize_generation_data,42,26,0.195,NA
44,75,syllables,tourney,FALSE,20,elitize_generation_data,43,27,0.217,NA
45,75,syllables,tourney,FALSE,20,elitize_generation_data,44,21,0.205,NA
46,75,syllables,tourney,FALSE,20,elitize_generation_data,45,26,0.219,NA
47,75,syllables,tourney,FALSE,20,elitize_generation_data,46,29,0.216,NA
48,75,syllables,tourney,FALSE,20,elitize_generation_data,47,30,0.22,NA
49,75,syllables,tourney,FALSE,20,elitize_generation_data,48,29,0.223,NA
50,75,syllables,tourney,FALSE,20,elitize_generation_data,49,27,0.219,NA
51,75,syllables,tourney,FALSE,20,elitize_generation_data,50,22,0.242,NA
52,75,syllables,tourney,FALSE,20,elitize_generation_data,51,26,0.254,NA
53,75,syllables,tourney,FALSE,20,elitize_generation_data,52,29,0.286,NA
54,75,syllables,tourney,FALSE,20,elitize_generation_data,53,28,0.239,NA
55,75,syllables,tourney,FALSE,20,elitize_generation_data,54,26,0.22,NA
56,75,syllables,tourney,FALSE,20,elitize_generation_data,55,25,0.231,NA
57,75,syllables,tourney,FALSE,20,elitize_generation_data,56,29,0.238,NA
58,75,syllables,tourney,FALSE,20,elitize_generation_data,57,23,0.233,NA
59,75,syllables,tourney,FALSE,20,elitize_generation_data,58,31,0.227,NA
60,75,syllables,tourney,FALSE,20,elitize_generation_data,59,29,0.231,NA
61,75,syllables,tourney,FALSE,20,elitize_generation_data,60,31,0.26,NA
62,75,syllables,tourney,FALSE,20,elitize_generation_data,61,34,0.233,NA
63,75,syllables,tourney,FALSE,20,elitize_generation_data,62,31,0.232,NA
64,75,syllables,tourney,FALSE,20,elitize_generation_data,63,27,0.23,NA
65,75,syllables,tourney,FALSE,20,elitize_generation_data,64,27,0.246,NA
66,75,syllables,tourney,FALSE,20,elitize_generation_data,65,25,0.248,NA
67,75,syllables,tourney,FALSE,20,elitize_generation_data,66,27,0.265,NA
68,75,syllables,tourney,FALSE,20,elitize_generation_data,67,22,0.283,NA
69,75,syllables,tourney,FALSE,20,elitize_generation_data,68,29,0.281,NA
70,75,syllables,tourney,FALSE,20,elitize_generation_data,69,25,0.289,NA
71,75,syllables,tourney,FALSE,20,elitize_generation_data,70,30,0.303,NA
72,75,syllables,tourney,FALSE,20,elitize_generation_data,71,31,0.293,NA
73,75,syllables,tourney,FALSE,20,elitize_generation_data,72,30,0.287,NA
74,75,syllables,tourney,FALSE,20,elitize_generation_data,73,32,0.273,NA
75,75,syllables,tourney,FALSE,20,elitize_generation_data,74,27,0.275,NA
76,75,syllables,tourney,FALSE,20,elitize_generation_data,75,32,0.281,NA
77,75,syllables,tourney,FALSE,20,elitize_generation_data,76,29,0.273,NA
78,75,syllables,tourney,FALSE,20,elitize_generation_data,77,36,0.281,NA
79,75,syllables,tourney,FALSE,20,elitize_generation_data,78,34,0.282,NA
80,75,syllables,tourney,FALSE,20,elitize_generation_data,79,41,0.318,NA
81,75,syllables,tourney,FALSE,20,elitize_generation_data,80,47,0.272,NA
82,75,syllables,tourney,FALSE,20,elitize_generation_data,81,33,0.262,NA
83,75,syllables,tourney,FALSE,20,elitize_generation_data,82,36,0.261,NA
84,75,syllables,tourney,FALSE,20,elitize_generation_data,83,39,0.258,NA
85,75,syllables,tourney,FALSE,20,elitize_generation_data,84,40,0.252,NA
86,75,syllables,tourney,FALSE,20,elitize_generation_data,85,39,0.261,NA
87,75,syllables,tourney,FALSE,20,elitize_generation_data,86,34,0.266,NA
88,75,syllables,tourney,FALSE,20,elitize_generation_data,87,44,0.243,NA
89,75,syllables,tourney,FALSE,20,elitize_generation_data,88,39,0.262,NA
90,75,syllables,tourney,FALSE,20,elitize_generation_data,89,37,0.247,NA
91,75,syllables,tourney,FALSE,20,elitize_generation_data,90,34,0.242,NA
92,75,syllables,tourney,FALSE,20,elitize_generation_data,91,42,0.261,NA
93,75,syllables,tourney,FALSE,20,elitize_generation_data,92,44,0.246,NA
94,75,syllables,tourney,FALSE,20,elitize_generation_data,93,42,0.268,NA
95,75,syllables,tourney,FALSE,20,elitize_generation_data,94,42,0.269,NA
96,75,syllables,tourney,FALSE,20,elitize_generation_data,95,42,0.247,NA
97,75,syllables,tourney,FALSE,20,elitize_generation_data,96,36,0.256,NA
98,75,syllables,tourney,FALSE,20,elitize_generation_data,97,42,0.263,NA
99,75,syllables,tourney,FALSE,20,elitize_generation_data,98,40,0.245,NA
100,75,syllables,tourney,FALSE,20,elitize_generation_data,99,42,0.268,NA
101,75,syllables,tourney,FALSE,20,elitize_generation_data,100,39,0.256,NA
102,75,syllables,tourney,FALSE,20,elitize_generation_data,101,43,0.254,NA
103,75,syllables,tourney,FALSE,20,elitize_generation_data,102,35,0.254,NA
104,75,syllables,tourney,FALSE,20,elitize_generation_data,103,41,0.237,NA
105,75,syllables,tourney,FALSE,20,elitize_generation_data,104,38,0.268,NA
106,75,syllables,tourney,FALSE,20,elitize_generation_data,105,37,0.245,NA
107,75,syllables,tourney,FALSE,20,elitize_generation_data,106,40,0.277,NA
108,75,syllables,tourney,FALSE,20,elitize_generation_data,107,39,0.234,NA
109,75,syllables,tourney,FALSE,20,elitize_generation_data,108,36,0.228,NA
110,75,syllables,tourney,FALSE,20,elitize_generation_data,109,34,0.24,NA
111,75,syllables,tourney,FALSE,20,elitize_generation_data,110,48,0.254,NA
112,75,syllables,tourney,FALSE,20,elitize_generation_data,111,40,0.22,NA
113,75,syllables,tourney,FALSE,20,elitize_generation_data,112,38,0.243,NA
114,75,syllables,tourney,FALSE,20,elitize_generation_data,113,39,0.245,NA
115,75,syllables,tourney,FALSE,20,elitize_generation_data,114,42,0.226,NA
116,75,syllables,tourney,FALSE,20,elitize_generation_data,115,38,0.269,NA
117,75,syllables,tourney,FALSE,20,elitize_generation_data,116,47,0.26,NA
118,75,syllables,tourney,FALSE,20,elitize_generation_data,117,42,0.254,NA
119,75,syllables,tourney,FALSE,20,elitize_generation_data,118,42,0.252,NA
120,75,syllables,tourney,FALSE,20,elitize_generation_data,119,43,0.243,NA
121,75,syllables,tourney,FALSE,20,elitize_generation_data,120,40,0.238,NA
122,75,syllables,tourney,FALSE,20,elitize_generation_data,121,41,0.241,NA
123,75,syllables,tourney,FALSE,20,elitize_generation_data,122,35,0.235,NA
124,75,syllables,tourney,FALSE,20,elitize_generation_data,123,33,0.235,NA
125,75,syllables,tourney,FALSE,20,elitize_generation_data,124,38,0.245,NA
126,75,syllables,tourney,FALSE,20,elitize_generation_data,125,39,0.236,NA
127,75,syllables,tourney,FALSE,20,elitize_generation_data,126,44,0.251,NA
128,75,syllables,tourney,FALSE,20,elitize_generation_data,127,38,0.244,NA
129,75,syllables,tourney,FALSE,20,elitize_generation_data,128,39,0.228,NA
130,75,syllables,tourney,FALSE,20,elitize_generation_data,129,38,0.225,NA
131,75,syllables,tourney,FALSE,20,elitize_generation_data,130,35,0.245,NA
132,75,syllables,tourney,FALSE,20,elitize_generation_data,131,42,0.262,NA
133,75,syllables,tourney,FALSE,20,elitize_generation_data,132,39,0.217,NA
134,75,syllables,tourney,FALSE,20,elitize_generation_data,133,38,0.233,NA
135,75,syllables,tourney,FALSE,20,elitize_generation_data,134,42,0.257,NA
136,75,syllables,tourney,FALSE,20,elitize_generation_data,135,40,0.236,NA
137,75,syllables,tourney,FALSE,20,elitize_generation_data,136,33,0.25,NA
138,75,syllables,tourney,FALSE,20,elitize_generation_data,137,43,0.234,NA
139,75,syllables,tourney,FALSE,20,elitize_generation_data,138,39,0.246,NA
140,75,syllables,tourney,FALSE,20,elitize_generation_data,139,43,0.246,NA
141,75,syllables,tourney,FALSE,20,elitize_generation_data,140,37,0.251,NA
142,75,syllables,tourney,FALSE,20,elitize_generation_data,141,34,0.248,NA
143,75,syllables,tourney,FALSE,20,elitize_generation_data,142,36,0.244,NA
144,75,syllables,tourney,FALSE,20,elitize_generation_data,143,37,0.239,NA
145,75,syllables,tourney,FALSE,20,elitize_generation_data,144,33,0.224,NA
146,75,syllables,tourney,FALSE,20,elitize_generation_data,145,44,0.242,NA
147,75,syllables,tourney,FALSE,20,elitize_generation_data,146,36,0.244,NA
148,75,syllables,tourney,FALSE,20,elitize_generation_data,147,42,0.247,NA
149,75,syllables,tourney,FALSE,20,elitize_generation_data,148,42,0.241,NA
150,75,syllables,tourney,FALSE,20,elitize_generation_data,149,37,0.23,NA
151,75,syllables,tourney,FALSE,20,elitize_generation_data,150,46,0.257,NA
152,75,syllables,tourney,FALSE,20,elitize_generation_data,151,41,0.258,NA
153,75,syllables,tourney,FALSE,20,elitize_generation_data,152,43,0.223,NA
154,75,syllables,tourney,FALSE,20,elitize_generation_data,153,46,0.207,NA
155,75,syllables,tourney,FALSE,20,elitize_generation_data,154,41,0.219,NA
156,75,syllables,tourney,FALSE,20,elitize_generation_data,155,44,0.235,NA
157,75,syllables,tourney,FALSE,20,elitize_generation_data,156,41,0.183,NA
158,75,syllables,tourney,FALSE,20,elitize_generation_data,157,50,0.202,NA
159,75,syllables,tourney,FALSE,20,elitize_generation_data,158,51,0.217,NA
160,75,syllables,tourney,FALSE,20,elitize_generation_data,159,67,0.251,NA
161,75,syllables,tourney,FALSE,20,elitize_generation_data,160,67,0.241,NA
162,75,syllables,tourney,FALSE,20,elitize_generation_data,161,67,0.239,NA
163,75,syllables,tourney,FALSE,20,elitize_generation_data,162,65,0.249,NA
164,75,syllables,tourney,FALSE,20,elitize_generation_data,163,55,0.235,NA
165,75,syllables,tourney,FALSE,20,elitize_generation_data,164,63,0.234,NA
166,75,syllables,tourney,FALSE,20,elitize_generation_data,165,54,0.228,NA
167,75,syllables,tourney,FALSE,20,elitize_generation_data,166,60,0.258,NA
168,75,syllables,tourney,FALSE,20,elitize_generation_data,167,57,0.257,NA
169,75,syllables,tourney,FALSE,20,elitize_generation_data,168,52,0.243,NA
170,75,syllables,tourney,FALSE,20,elitize_generation_data,169,52,0.242,NA
171,75,syllables,tourney,FALSE,20,elitize_generation_data,170,47,0.236,NA
172,75,syllables,tourney,FALSE,20,elitize_generation_data,171,54,0.236,NA
173,75,syllables,tourney,FALSE,20,elitize_generation_data,172,42,0.216,NA
174,75,syllables,tourney,FALSE,20,elitize_generation_data,173,39,0.2,NA
175,75,syllables,tourney,FALSE,20,elitize_generation_data,174,40,0.186,NA
176,75,syllables,tourney,FALSE,20,elitize_generation_data,175,45,0.199,NA
177,75,syllables,tourney,FALSE,20,elitize_generation_data,176,40,0.188,NA
178,75,syllables,tourney,FALSE,20,elitize_generation_data,177,55,0.217,NA
179,75,syllables,tourney,FALSE,20,elitize_generation_data,178,41,0.227,NA
180,75,syllables,tourney,FALSE,20,elitize_generation_data,179,52,0.224,NA
181,75,syllables,tourney,FALSE,20,elitize_generation_data,180,46,0.219,NA
182,75,syllables,tourney,FALSE,20,elitize_generation_data,181,47,0.232,NA
183,75,syllables,tourney,FALSE,20,elitize_generation_data,182,42,0.221,NA
184,75,syllables,tourney,FALSE,20,elitize_generation_data,183,46,0.237,NA
185,75,syllables,tourney,FALSE,20,elitize_generation_data,184,47,0.218,NA
186,75,syllables,tourney,FALSE,20,elitize_generation_data,185,50,0.242,NA
187,75,syllables,tourney,FALSE,20,elitize_generation_data,186,47,0.237,NA
188,75,syllables,tourney,FALSE,20,elitize_generation_data,187,43,0.242,NA
189,75,syllables,tourney,FALSE,20,elitize_generation_data,188,46,0.247,NA
190,75,syllables,tourney,FALSE,20,elitize_generation_data,189,59,0.292,NA
191,75,syllables,tourney,FALSE,20,elitize_generation_data,190,53,0.276,NA
192,75,syllables,tourney,FALSE,20,elitize_generation_data,191,46,0.238,NA
193,75,syllables,tourney,FALSE,20,elitize_generation_data,192,50,0.217,NA
194,75,syllables,tourney,FALSE,20,elitize_generation_data,193,44,0.196,NA
195,75,syllables,tourney,FALSE,20,elitize_generation_data,194,51,0.201,NA
196,75,syllables,tourney,FALSE,20,elitize_generation_data,195,51,0.192,NA
197,75,syllables,tourney,FALSE,20,elitize_generation_data,196,50,0.194,NA
198,75,syllables,tourney,FALSE,20,elitize_generation_data,197,36,0.176,NA
199,75,syllables,tourney,FALSE,20,elitize_generation_data,198,41,0.196,NA
200,75,syllables,tourney,FALSE,20,elitize_generation_data,199,45,0.195,NA
201,75,syllables,tourney,FALSE,20,elitize_generation_data,200,39,0.205,NA
202,75,syllables,tourney,FALSE,20,elitize_generation_data,201,40,0.192,NA
203,75,syllables,tourney,FALSE,20,elitize_generation_data,202,45,0.186,NA
204,75,syllables,tourney,FALSE,20,elitize_generation_data,203,43,0.19,NA
205,75,syllables,tourney,FALSE,20,elitize_generation_data,204,37,0.19,NA
206,75,syllables,tourney,FALSE,20,elitize_generation_data,205,42,0.213,NA
207,75,syllables,tourney,FALSE,20,elitize_generation_data,206,42,0.182,NA
208,75,syllables,tourney,FALSE,20,elitize_generation_data,207,42,0.189,NA
209,75,syllables,tourney,FALSE,20,elitize_generation_data,208,40,0.189,NA
210,75,syllables,tourney,FALSE,20,elitize_generation_data,209,43,0.195,NA
211,75,syllables,tourney,FALSE,20,elitize_generation_data,210,43,0.196,NA
212,75,syllables,tourney,FALSE,20,elitize_generation_data,211,45,0.212,NA
213,75,syllables,tourney,FALSE,20,elitize_generation_data,212,37,0.242,NA
214,75,syllables,tourney,FALSE,20,elitize_generation_data,213,35,0.236,NA
215,75,syllables,tourney,FALSE,20,elitize_generation_data,214,32,0.237,NA
216,75,syllables,tourney,FALSE,20,elitize_generation_data,215,28,0.21,NA
217,75,syllables,tourney,FALSE,20,elitize_generation_data,216,18,0.216,NA
218,75,syllables,tourney,FALSE,20,elitize_generation_data,217,22,0.215,NA
219,75,syllables,tourney,FALSE,20,elitize_generation_data,218,25,0.214,NA
220,75,syllables,tourney,FALSE,20,elitize_generation_data,219,27,0.235,NA
221,75,syllables,tourney,FALSE,20,elitize_generation_data,220,22,0.216,NA
222,75,syllables,tourney,FALSE,20,elitize_generation_data,221,24,0.235,NA
223,75,syllables,tourney,FALSE,20,elitize_generation_data,222,23,0.217,NA
224,75,syllables,tourney,FALSE,20,elitize_generation_data,223,28,0.234,NA
225,75,syllables,tourney,FALSE,20,elitize_generation_data,224,25,0.228,NA
226,75,syllables,tourney,FALSE,20,elitize_generation_data,225,24,0.231,NA
227,75,syllables,tourney,FALSE,20,elitize_generation_data,226,31,0.233,NA
228,75,syllables,tourney,FALSE,20,elitize_generation_data,227,24,0.227,NA
229,75,syllables,tourney,FALSE,20,elitize_generation_data,228,25,0.208,NA
230,75,syllables,tourney,FALSE,20,elitize_generation_data,229,26,0.216,NA
231,75,syllables,tourney,FALSE,20,elitize_generation_data,230,25,0.203,NA
232,75,syllables,tourney,FALSE,20,elitize_generation_data,231,25,0.223,NA
233,75,syllables,tourney,FALSE,20,elitize_generation_data,232,28,0.226,NA
234,75,syllables,tourney,FALSE,20,elitize_generation_data,233,25,0.233,NA
235,75,syllables,tourney,FALSE,20,elitize_generation_data,234,22,0.232,NA
236,75,syllables,tourney,FALSE,20,elitize_generation_data,235,29,0.239,NA
237,75,syllables,tourney,FALSE,20,elitize_generation_data,236,22,0.235,NA
238,75,syllables,tourney,FALSE,20,elitize_generation_data,237,26,0.229,NA
239,75,syllables,tourney,FALSE,20,elitize_generation_data,238,27,0.23,NA
240,75,syllables,tourney,FALSE,20,elitize_generation_data,239,23,0.216,NA
241,75,syllables,tourney,FALSE,20,elitize_generation_data,240,23,0.217,NA
242,75,syllables,tourney,FALSE,20,elitize_generation_data,241,22,0.217,NA
243,75,syllables,tourney,FALSE,20,elitize_generation_data,242,22,0.209,NA
244,75,syllables,tourney,FALSE,20,elitize_generation_data,243,22,0.225,NA
245,75,syllables,tourney,FALSE,20,elitize_generation_data,244,25,0.225,NA
246,75,syllables,tourney,FALSE,20,elitize_generation_data,245,27,0.226,NA
247,75,syllables,tourney,FALSE,20,elitize_generation_data,246,21,0.222,NA
248,75,syllables,tourney,FALSE,20,elitize_generation_data,247,28,0.223,NA
249,75,syllables,tourney,FALSE,20,elitize_generation_data,248,25,0.249,NA
250,75,syllables,tourney,FALSE,20,elitize_generation_data,249,26,0.228,NA
251,75,syllables,tourney,FALSE,20,elitize_generation_data,250,22,0.208,NA
252,75,syllables,tourney,FALSE,20,elitize_generation_data,251,21,0.216,NA
253,75,syllables,tourney,FALSE,20,elitize_generation_data,252,25,0.232,NA
254,75,syllables,tourney,FALSE,20,elitize_generation_data,253,31,0.226,NA
255,75,syllables,tourney,FALSE,20,elitize_generation_data,254,20,0.23,NA
256,75,syllables,tourney,FALSE,20,elitize_generation_data,255,27,0.233,NA
257,75,syllables,tourney,FALSE,20,elitize_generation_data,256,26,0.245,NA
258,75,syllables,tourney,FALSE,20,elitize_generation_data,257,25,0.245,NA
259,75,syllables,tourney,FALSE,20,elitize_generation_data,258,33,0.222,NA
260,75,syllables,tourney,FALSE,20,elitize_generation_data,259,25,0.225,NA
261,75,syllables,tourney,FALSE,20,elitize_generation_data,260,24,0.203,NA
262,75,syllables,tourney,FALSE,20,elitize_generation_data,261,28,0.239,NA
263,75,syllables,tourney,FALSE,20,elitize_generation_data,262,26,0.228,NA
264,75,syllables,tourney,FALSE,20,elitize_generation_data,263,26,0.234,NA
265,75,syllables,tourney,FALSE,20,elitize_generation_data,264,30,0.225,NA
266,75,syllables,tourney,FALSE,20,elitize_generation_data,265,27,0.244,NA
267,75,syllables,tourney,FALSE,20,elitize_generation_data,266,30,0.247,NA
268,75,syllables,tourney,FALSE,20,elitize_generation_data,267,25,0.236,NA
269,75,syllables,tourney,FALSE,20,elitize_generation_data,268,32,0.237,NA
270,75,syllables,tourney,FALSE,20,elitize_generation_data,269,33,0.228,NA
271,75,syllables,tourney,FALSE,20,elitize_generation_data,270,28,0.223,NA
272,75,syllables,tourney,FALSE,20,elitize_generation_data,271,29,0.241,NA
273,75,syllables,tourney,FALSE,20,elitize_generation_data,272,24,0.239,NA
274,75,syllables,tourney,FALSE,20,elitize_generation_data,273,30,0.224,NA
275,75,syllables,tourney,FALSE,20,elitize_generation_data,274,22,0.229,NA
276,75,syllables,tourney,FALSE,20,elitize_generation_data,275,25,0.22,NA
277,75,syllables,tourney,FALSE,20,elitize_generation_data,276,28,0.224,NA
278,75,syllables,tourney,FALSE,20,elitize_generation_data,277,21,0.224,NA
279,75,syllables,tourney,FALSE,20,elitize_generation_data,278,32,0.224,NA
280,75,syllables,tourney,FALSE,20,elitize_generation_data,279,29,0.213,NA
281,75,syllables,tourney,FALSE,20,elitize_generation_data,280,31,0.227,NA
282,75,syllables,tourney,FALSE,20,elitize_generation_data,281,29,0.225,NA
283,75,syllables,tourney,FALSE,20,elitize_generation_data,282,30,0.227,NA
284,75,syllables,tourney,FALSE,20,elitize_generation_data,283,28,0.233,NA
285,75,syllables,tourney,FALSE,20,elitize_generation_data,284,34,0.24,NA
286,75,syllables,tourney,FALSE,20,elitize_generation_data,285,34,0.22,NA
287,75,syllables,tourney,FALSE,20,elitize_generation_data,286,26,0.227,NA
288,75,syllables,tourney,FALSE,20,elitize_generation_data,287,34,0.228,NA
289,75,syllables,tourney,FALSE,20,elitize_generation_data,288,25,0.206,NA
290,75,syllables,tourney,FALSE,20,elitize_generation_data,289,30,0.227,NA
291,75,syllables,tourney,FALSE,20,elitize_generation_data,290,31,0.237,NA
292,75,syllables,tourney,FALSE,20,elitize_generation_data,291,27,0.237,NA
293,75,syllables,tourney,FALSE,20,elitize_generation_data,292,26,0.229,NA
294,75,syllables,tourney,FALSE,20,elitize_generation_data,293,29,0.233,NA
295,75,syllables,tourney,FALSE,20,elitize_generation_data,294,31,0.238,NA
296,75,syllables,tourney,FALSE,20,elitize_generation_data,295,24,0.22,NA
297,75,syllables,tourney,FALSE,20,elitize_generation_data,296,26,0.224,NA
298,75,syllables,tourney,FALSE,20,elitize_generation_data,297,30,0.223,NA
299,75,syllables,tourney,FALSE,20,elitize_generation_data,298,29,0.231,NA
300,75,syllables,tourney,FALSE,20,elitize_generation_data,299,25,0.203,NA
301,75,syllables,tourney,FALSE,20,elitize_generation_data,300,33,0.221,NA
