,run.num,problem,treatment,succeeded,height,normalization.function,generation,cluster.count,error.diversity,success.generation
1,38,syllables,tourney,FALSE,20,elitize_generation_data,0,4,0.278,NA
2,38,syllables,tourney,FALSE,20,elitize_generation_data,1,4,0.222,NA
3,38,syllables,tourney,FALSE,20,elitize_generation_data,2,6,0.197,NA
4,38,syllables,tourney,FALSE,20,elitize_generation_data,3,8,0.111,NA
5,38,syllables,tourney,FALSE,20,elitize_generation_data,4,9,0.134,NA
6,38,syllables,tourney,FALSE,20,elitize_generation_data,5,10,0.168,NA
7,38,syllables,tourney,FALSE,20,elitize_generation_data,6,10,0.208,NA
8,38,syllables,tourney,FALSE,20,elitize_generation_data,7,12,0.112,NA
9,38,syllables,tourney,FALSE,20,elitize_generation_data,8,10,0.058,NA
10,38,syllables,tourney,FALSE,20,elitize_generation_data,9,14,0.079,NA
11,38,syllables,tourney,FALSE,20,elitize_generation_data,10,18,0.118,NA
12,38,syllables,tourney,FALSE,20,elitize_generation_data,11,18,0.135,NA
13,38,syllables,tourney,FALSE,20,elitize_generation_data,12,22,0.152,NA
14,38,syllables,tourney,FALSE,20,elitize_generation_data,13,24,0.145,NA
15,38,syllables,tourney,FALSE,20,elitize_generation_data,14,21,0.121,NA
16,38,syllables,tourney,FALSE,20,elitize_generation_data,15,23,0.138,NA
17,38,syllables,tourney,FALSE,20,elitize_generation_data,16,28,0.152,NA
18,38,syllables,tourney,FALSE,20,elitize_generation_data,17,25,0.162,NA
19,38,syllables,tourney,FALSE,20,elitize_generation_data,18,26,0.167,NA
20,38,syllables,tourney,FALSE,20,elitize_generation_data,19,26,0.154,NA
21,38,syllables,tourney,FALSE,20,elitize_generation_data,20,32,0.168,NA
22,38,syllables,tourney,FALSE,20,elitize_generation_data,21,21,0.176,NA
23,38,syllables,tourney,FALSE,20,elitize_generation_data,22,25,0.188,NA
24,38,syllables,tourney,FALSE,20,elitize_generation_data,23,26,0.166,NA
25,38,syllables,tourney,FALSE,20,elitize_generation_data,24,23,0.167,NA
26,38,syllables,tourney,FALSE,20,elitize_generation_data,25,20,0.171,NA
27,38,syllables,tourney,FALSE,20,elitize_generation_data,26,21,0.166,NA
28,38,syllables,tourney,FALSE,20,elitize_generation_data,27,24,0.178,NA
29,38,syllables,tourney,FALSE,20,elitize_generation_data,28,24,0.189,NA
30,38,syllables,tourney,FALSE,20,elitize_generation_data,29,23,0.192,NA
31,38,syllables,tourney,FALSE,20,elitize_generation_data,30,22,0.185,NA
32,38,syllables,tourney,FALSE,20,elitize_generation_data,31,19,0.193,NA
33,38,syllables,tourney,FALSE,20,elitize_generation_data,32,21,0.184,NA
34,38,syllables,tourney,FALSE,20,elitize_generation_data,33,27,0.223,NA
35,38,syllables,tourney,FALSE,20,elitize_generation_data,34,22,0.229,NA
36,38,syllables,tourney,FALSE,20,elitize_generation_data,35,28,0.245,NA
37,38,syllables,tourney,FALSE,20,elitize_generation_data,36,28,0.224,NA
38,38,syllables,tourney,FALSE,20,elitize_generation_data,37,24,0.21,NA
39,38,syllables,tourney,FALSE,20,elitize_generation_data,38,23,0.213,NA
40,38,syllables,tourney,FALSE,20,elitize_generation_data,39,29,0.231,NA
41,38,syllables,tourney,FALSE,20,elitize_generation_data,40,23,0.22,NA
42,38,syllables,tourney,FALSE,20,elitize_generation_data,41,30,0.25,NA
43,38,syllables,tourney,FALSE,20,elitize_generation_data,42,27,0.219,NA
44,38,syllables,tourney,FALSE,20,elitize_generation_data,43,24,0.233,NA
45,38,syllables,tourney,FALSE,20,elitize_generation_data,44,30,0.208,NA
46,38,syllables,tourney,FALSE,20,elitize_generation_data,45,33,0.233,NA
47,38,syllables,tourney,FALSE,20,elitize_generation_data,46,34,0.252,NA
48,38,syllables,tourney,FALSE,20,elitize_generation_data,47,35,0.211,NA
49,38,syllables,tourney,FALSE,20,elitize_generation_data,48,41,0.243,NA
50,38,syllables,tourney,FALSE,20,elitize_generation_data,49,34,0.218,NA
51,38,syllables,tourney,FALSE,20,elitize_generation_data,50,35,0.247,NA
52,38,syllables,tourney,FALSE,20,elitize_generation_data,51,31,0.225,NA
53,38,syllables,tourney,FALSE,20,elitize_generation_data,52,39,0.264,NA
54,38,syllables,tourney,FALSE,20,elitize_generation_data,53,34,0.257,NA
55,38,syllables,tourney,FALSE,20,elitize_generation_data,54,37,0.253,NA
56,38,syllables,tourney,FALSE,20,elitize_generation_data,55,36,0.264,NA
57,38,syllables,tourney,FALSE,20,elitize_generation_data,56,34,0.263,NA
58,38,syllables,tourney,FALSE,20,elitize_generation_data,57,40,0.286,NA
59,38,syllables,tourney,FALSE,20,elitize_generation_data,58,43,0.277,NA
60,38,syllables,tourney,FALSE,20,elitize_generation_data,59,38,0.255,NA
61,38,syllables,tourney,FALSE,20,elitize_generation_data,60,35,0.258,NA
62,38,syllables,tourney,FALSE,20,elitize_generation_data,61,39,0.272,NA
63,38,syllables,tourney,FALSE,20,elitize_generation_data,62,35,0.262,NA
64,38,syllables,tourney,FALSE,20,elitize_generation_data,63,37,0.25,NA
65,38,syllables,tourney,FALSE,20,elitize_generation_data,64,37,0.242,NA
66,38,syllables,tourney,FALSE,20,elitize_generation_data,65,34,0.242,NA
67,38,syllables,tourney,FALSE,20,elitize_generation_data,66,37,0.267,NA
68,38,syllables,tourney,FALSE,20,elitize_generation_data,67,32,0.25,NA
69,38,syllables,tourney,FALSE,20,elitize_generation_data,68,38,0.267,NA
70,38,syllables,tourney,FALSE,20,elitize_generation_data,69,37,0.263,NA
71,38,syllables,tourney,FALSE,20,elitize_generation_data,70,35,0.253,NA
72,38,syllables,tourney,FALSE,20,elitize_generation_data,71,35,0.275,NA
73,38,syllables,tourney,FALSE,20,elitize_generation_data,72,35,0.298,NA
74,38,syllables,tourney,FALSE,20,elitize_generation_data,73,34,0.276,NA
75,38,syllables,tourney,FALSE,20,elitize_generation_data,74,34,0.284,NA
76,38,syllables,tourney,FALSE,20,elitize_generation_data,75,35,0.278,NA
77,38,syllables,tourney,FALSE,20,elitize_generation_data,76,33,0.311,NA
78,38,syllables,tourney,FALSE,20,elitize_generation_data,77,39,0.308,NA
79,38,syllables,tourney,FALSE,20,elitize_generation_data,78,40,0.293,NA
80,38,syllables,tourney,FALSE,20,elitize_generation_data,79,37,0.287,NA
81,38,syllables,tourney,FALSE,20,elitize_generation_data,80,34,0.284,NA
82,38,syllables,tourney,FALSE,20,elitize_generation_data,81,39,0.286,NA
83,38,syllables,tourney,FALSE,20,elitize_generation_data,82,34,0.257,NA
84,38,syllables,tourney,FALSE,20,elitize_generation_data,83,36,0.288,NA
85,38,syllables,tourney,FALSE,20,elitize_generation_data,84,32,0.276,NA
86,38,syllables,tourney,FALSE,20,elitize_generation_data,85,33,0.305,NA
87,38,syllables,tourney,FALSE,20,elitize_generation_data,86,37,0.303,NA
88,38,syllables,tourney,FALSE,20,elitize_generation_data,87,37,0.288,NA
89,38,syllables,tourney,FALSE,20,elitize_generation_data,88,37,0.285,NA
90,38,syllables,tourney,FALSE,20,elitize_generation_data,89,39,0.295,NA
91,38,syllables,tourney,FALSE,20,elitize_generation_data,90,31,0.271,NA
92,38,syllables,tourney,FALSE,20,elitize_generation_data,91,32,0.286,NA
93,38,syllables,tourney,FALSE,20,elitize_generation_data,92,36,0.304,NA
94,38,syllables,tourney,FALSE,20,elitize_generation_data,93,31,0.293,NA
95,38,syllables,tourney,FALSE,20,elitize_generation_data,94,33,0.27,NA
96,38,syllables,tourney,FALSE,20,elitize_generation_data,95,37,0.298,NA
97,38,syllables,tourney,FALSE,20,elitize_generation_data,96,41,0.293,NA
98,38,syllables,tourney,FALSE,20,elitize_generation_data,97,34,0.285,NA
99,38,syllables,tourney,FALSE,20,elitize_generation_data,98,36,0.301,NA
100,38,syllables,tourney,FALSE,20,elitize_generation_data,99,37,0.307,NA
101,38,syllables,tourney,FALSE,20,elitize_generation_data,100,42,0.314,NA
102,38,syllables,tourney,FALSE,20,elitize_generation_data,101,39,0.334,NA
103,38,syllables,tourney,FALSE,20,elitize_generation_data,102,42,0.344,NA
104,38,syllables,tourney,FALSE,20,elitize_generation_data,103,43,0.343,NA
105,38,syllables,tourney,FALSE,20,elitize_generation_data,104,30,0.32,NA
106,38,syllables,tourney,FALSE,20,elitize_generation_data,105,40,0.328,NA
107,38,syllables,tourney,FALSE,20,elitize_generation_data,106,37,0.32,NA
108,38,syllables,tourney,FALSE,20,elitize_generation_data,107,33,0.314,NA
109,38,syllables,tourney,FALSE,20,elitize_generation_data,108,46,0.327,NA
110,38,syllables,tourney,FALSE,20,elitize_generation_data,109,41,0.306,NA
111,38,syllables,tourney,FALSE,20,elitize_generation_data,110,42,0.276,NA
112,38,syllables,tourney,FALSE,20,elitize_generation_data,111,36,0.283,NA
113,38,syllables,tourney,FALSE,20,elitize_generation_data,112,33,0.248,NA
114,38,syllables,tourney,FALSE,20,elitize_generation_data,113,31,0.261,NA
115,38,syllables,tourney,FALSE,20,elitize_generation_data,114,34,0.27,NA
116,38,syllables,tourney,FALSE,20,elitize_generation_data,115,38,0.274,NA
117,38,syllables,tourney,FALSE,20,elitize_generation_data,116,35,0.274,NA
118,38,syllables,tourney,FALSE,20,elitize_generation_data,117,40,0.256,NA
119,38,syllables,tourney,FALSE,20,elitize_generation_data,118,33,0.255,NA
120,38,syllables,tourney,FALSE,20,elitize_generation_data,119,34,0.265,NA
121,38,syllables,tourney,FALSE,20,elitize_generation_data,120,30,0.25,NA
122,38,syllables,tourney,FALSE,20,elitize_generation_data,121,25,0.231,NA
123,38,syllables,tourney,FALSE,20,elitize_generation_data,122,34,0.25,NA
124,38,syllables,tourney,FALSE,20,elitize_generation_data,123,34,0.244,NA
125,38,syllables,tourney,FALSE,20,elitize_generation_data,124,40,0.259,NA
126,38,syllables,tourney,FALSE,20,elitize_generation_data,125,38,0.254,NA
127,38,syllables,tourney,FALSE,20,elitize_generation_data,126,31,0.243,NA
128,38,syllables,tourney,FALSE,20,elitize_generation_data,127,34,0.251,NA
129,38,syllables,tourney,FALSE,20,elitize_generation_data,128,36,0.233,NA
130,38,syllables,tourney,FALSE,20,elitize_generation_data,129,34,0.251,NA
131,38,syllables,tourney,FALSE,20,elitize_generation_data,130,31,0.257,NA
132,38,syllables,tourney,FALSE,20,elitize_generation_data,131,38,0.246,NA
133,38,syllables,tourney,FALSE,20,elitize_generation_data,132,37,0.248,NA
134,38,syllables,tourney,FALSE,20,elitize_generation_data,133,39,0.247,NA
135,38,syllables,tourney,FALSE,20,elitize_generation_data,134,35,0.26,NA
136,38,syllables,tourney,FALSE,20,elitize_generation_data,135,41,0.241,NA
137,38,syllables,tourney,FALSE,20,elitize_generation_data,136,32,0.257,NA
138,38,syllables,tourney,FALSE,20,elitize_generation_data,137,32,0.27,NA
139,38,syllables,tourney,FALSE,20,elitize_generation_data,138,37,0.254,NA
140,38,syllables,tourney,FALSE,20,elitize_generation_data,139,33,0.253,NA
141,38,syllables,tourney,FALSE,20,elitize_generation_data,140,31,0.261,NA
142,38,syllables,tourney,FALSE,20,elitize_generation_data,141,33,0.241,NA
143,38,syllables,tourney,FALSE,20,elitize_generation_data,142,34,0.237,NA
144,38,syllables,tourney,FALSE,20,elitize_generation_data,143,35,0.265,NA
145,38,syllables,tourney,FALSE,20,elitize_generation_data,144,33,0.222,NA
146,38,syllables,tourney,FALSE,20,elitize_generation_data,145,34,0.248,NA
147,38,syllables,tourney,FALSE,20,elitize_generation_data,146,38,0.255,NA
148,38,syllables,tourney,FALSE,20,elitize_generation_data,147,37,0.267,NA
149,38,syllables,tourney,FALSE,20,elitize_generation_data,148,36,0.267,NA
150,38,syllables,tourney,FALSE,20,elitize_generation_data,149,39,0.252,NA
151,38,syllables,tourney,FALSE,20,elitize_generation_data,150,38,0.254,NA
152,38,syllables,tourney,FALSE,20,elitize_generation_data,151,34,0.271,NA
153,38,syllables,tourney,FALSE,20,elitize_generation_data,152,37,0.254,NA
154,38,syllables,tourney,FALSE,20,elitize_generation_data,153,38,0.286,NA
155,38,syllables,tourney,FALSE,20,elitize_generation_data,154,34,0.28,NA
156,38,syllables,tourney,FALSE,20,elitize_generation_data,155,37,0.285,NA
157,38,syllables,tourney,FALSE,20,elitize_generation_data,156,39,0.268,NA
158,38,syllables,tourney,FALSE,20,elitize_generation_data,157,36,0.253,NA
159,38,syllables,tourney,FALSE,20,elitize_generation_data,158,38,0.249,NA
160,38,syllables,tourney,FALSE,20,elitize_generation_data,159,36,0.264,NA
161,38,syllables,tourney,FALSE,20,elitize_generation_data,160,37,0.281,NA
162,38,syllables,tourney,FALSE,20,elitize_generation_data,161,30,0.245,NA
163,38,syllables,tourney,FALSE,20,elitize_generation_data,162,35,0.266,NA
164,38,syllables,tourney,FALSE,20,elitize_generation_data,163,38,0.25,NA
165,38,syllables,tourney,FALSE,20,elitize_generation_data,164,31,0.236,NA
166,38,syllables,tourney,FALSE,20,elitize_generation_data,165,35,0.261,NA
167,38,syllables,tourney,FALSE,20,elitize_generation_data,166,35,0.284,NA
168,38,syllables,tourney,FALSE,20,elitize_generation_data,167,37,0.257,NA
169,38,syllables,tourney,FALSE,20,elitize_generation_data,168,38,0.266,NA
170,38,syllables,tourney,FALSE,20,elitize_generation_data,169,35,0.264,NA
171,38,syllables,tourney,FALSE,20,elitize_generation_data,170,38,0.255,NA
172,38,syllables,tourney,FALSE,20,elitize_generation_data,171,35,0.247,NA
173,38,syllables,tourney,FALSE,20,elitize_generation_data,172,35,0.257,NA
174,38,syllables,tourney,FALSE,20,elitize_generation_data,173,32,0.241,NA
175,38,syllables,tourney,FALSE,20,elitize_generation_data,174,39,0.262,NA
176,38,syllables,tourney,FALSE,20,elitize_generation_data,175,35,0.255,NA
177,38,syllables,tourney,FALSE,20,elitize_generation_data,176,37,0.256,NA
178,38,syllables,tourney,FALSE,20,elitize_generation_data,177,35,0.241,NA
179,38,syllables,tourney,FALSE,20,elitize_generation_data,178,40,0.276,NA
180,38,syllables,tourney,FALSE,20,elitize_generation_data,179,35,0.268,NA
181,38,syllables,tourney,FALSE,20,elitize_generation_data,180,35,0.25,NA
182,38,syllables,tourney,FALSE,20,elitize_generation_data,181,36,0.267,NA
183,38,syllables,tourney,FALSE,20,elitize_generation_data,182,44,0.265,NA
184,38,syllables,tourney,FALSE,20,elitize_generation_data,183,40,0.239,NA
185,38,syllables,tourney,FALSE,20,elitize_generation_data,184,39,0.254,NA
186,38,syllables,tourney,FALSE,20,elitize_generation_data,185,34,0.248,NA
187,38,syllables,tourney,FALSE,20,elitize_generation_data,186,40,0.257,NA
188,38,syllables,tourney,FALSE,20,elitize_generation_data,187,38,0.281,NA
189,38,syllables,tourney,FALSE,20,elitize_generation_data,188,39,0.273,NA
190,38,syllables,tourney,FALSE,20,elitize_generation_data,189,43,0.28,NA
191,38,syllables,tourney,FALSE,20,elitize_generation_data,190,46,0.286,NA
192,38,syllables,tourney,FALSE,20,elitize_generation_data,191,31,0.254,NA
193,38,syllables,tourney,FALSE,20,elitize_generation_data,192,42,0.276,NA
194,38,syllables,tourney,FALSE,20,elitize_generation_data,193,36,0.255,NA
195,38,syllables,tourney,FALSE,20,elitize_generation_data,194,31,0.286,NA
196,38,syllables,tourney,FALSE,20,elitize_generation_data,195,33,0.272,NA
197,38,syllables,tourney,FALSE,20,elitize_generation_data,196,42,0.287,NA
198,38,syllables,tourney,FALSE,20,elitize_generation_data,197,39,0.29,NA
199,38,syllables,tourney,FALSE,20,elitize_generation_data,198,38,0.275,NA
200,38,syllables,tourney,FALSE,20,elitize_generation_data,199,38,0.299,NA
201,38,syllables,tourney,FALSE,20,elitize_generation_data,200,36,0.317,NA
202,38,syllables,tourney,FALSE,20,elitize_generation_data,201,42,0.339,NA
203,38,syllables,tourney,FALSE,20,elitize_generation_data,202,42,0.361,NA
204,38,syllables,tourney,FALSE,20,elitize_generation_data,203,41,0.339,NA
205,38,syllables,tourney,FALSE,20,elitize_generation_data,204,40,0.341,NA
206,38,syllables,tourney,FALSE,20,elitize_generation_data,205,38,0.326,NA
207,38,syllables,tourney,FALSE,20,elitize_generation_data,206,38,0.329,NA
208,38,syllables,tourney,FALSE,20,elitize_generation_data,207,37,0.355,NA
209,38,syllables,tourney,FALSE,20,elitize_generation_data,208,43,0.346,NA
210,38,syllables,tourney,FALSE,20,elitize_generation_data,209,43,0.37,NA
211,38,syllables,tourney,FALSE,20,elitize_generation_data,210,44,0.349,NA
212,38,syllables,tourney,FALSE,20,elitize_generation_data,211,41,0.349,NA
213,38,syllables,tourney,FALSE,20,elitize_generation_data,212,37,0.362,NA
214,38,syllables,tourney,FALSE,20,elitize_generation_data,213,41,0.326,NA
215,38,syllables,tourney,FALSE,20,elitize_generation_data,214,44,0.334,NA
216,38,syllables,tourney,FALSE,20,elitize_generation_data,215,40,0.34,NA
217,38,syllables,tourney,FALSE,20,elitize_generation_data,216,47,0.326,NA
218,38,syllables,tourney,FALSE,20,elitize_generation_data,217,41,0.353,NA
219,38,syllables,tourney,FALSE,20,elitize_generation_data,218,40,0.324,NA
220,38,syllables,tourney,FALSE,20,elitize_generation_data,219,36,0.337,NA
221,38,syllables,tourney,FALSE,20,elitize_generation_data,220,46,0.336,NA
222,38,syllables,tourney,FALSE,20,elitize_generation_data,221,46,0.338,NA
223,38,syllables,tourney,FALSE,20,elitize_generation_data,222,42,0.354,NA
224,38,syllables,tourney,FALSE,20,elitize_generation_data,223,39,0.334,NA
225,38,syllables,tourney,FALSE,20,elitize_generation_data,224,39,0.341,NA
226,38,syllables,tourney,FALSE,20,elitize_generation_data,225,41,0.337,NA
227,38,syllables,tourney,FALSE,20,elitize_generation_data,226,52,0.337,NA
228,38,syllables,tourney,FALSE,20,elitize_generation_data,227,41,0.349,NA
229,38,syllables,tourney,FALSE,20,elitize_generation_data,228,39,0.342,NA
230,38,syllables,tourney,FALSE,20,elitize_generation_data,229,45,0.359,NA
231,38,syllables,tourney,FALSE,20,elitize_generation_data,230,51,0.348,NA
232,38,syllables,tourney,FALSE,20,elitize_generation_data,231,40,0.339,NA
233,38,syllables,tourney,FALSE,20,elitize_generation_data,232,47,0.382,NA
234,38,syllables,tourney,FALSE,20,elitize_generation_data,233,50,0.354,NA
235,38,syllables,tourney,FALSE,20,elitize_generation_data,234,40,0.355,NA
236,38,syllables,tourney,FALSE,20,elitize_generation_data,235,41,0.372,NA
237,38,syllables,tourney,FALSE,20,elitize_generation_data,236,52,0.381,NA
238,38,syllables,tourney,FALSE,20,elitize_generation_data,237,51,0.394,NA
239,38,syllables,tourney,FALSE,20,elitize_generation_data,238,52,0.381,NA
240,38,syllables,tourney,FALSE,20,elitize_generation_data,239,53,0.379,NA
241,38,syllables,tourney,FALSE,20,elitize_generation_data,240,51,0.375,NA
242,38,syllables,tourney,FALSE,20,elitize_generation_data,241,45,0.363,NA
243,38,syllables,tourney,FALSE,20,elitize_generation_data,242,43,0.345,NA
244,38,syllables,tourney,FALSE,20,elitize_generation_data,243,58,0.379,NA
245,38,syllables,tourney,FALSE,20,elitize_generation_data,244,51,0.378,NA
246,38,syllables,tourney,FALSE,20,elitize_generation_data,245,59,0.374,NA
247,38,syllables,tourney,FALSE,20,elitize_generation_data,246,53,0.354,NA
248,38,syllables,tourney,FALSE,20,elitize_generation_data,247,55,0.374,NA
249,38,syllables,tourney,FALSE,20,elitize_generation_data,248,65,0.375,NA
250,38,syllables,tourney,FALSE,20,elitize_generation_data,249,60,0.374,NA
251,38,syllables,tourney,FALSE,20,elitize_generation_data,250,54,0.367,NA
252,38,syllables,tourney,FALSE,20,elitize_generation_data,251,48,0.388,NA
253,38,syllables,tourney,FALSE,20,elitize_generation_data,252,68,0.399,NA
254,38,syllables,tourney,FALSE,20,elitize_generation_data,253,58,0.374,NA
255,38,syllables,tourney,FALSE,20,elitize_generation_data,254,55,0.38,NA
256,38,syllables,tourney,FALSE,20,elitize_generation_data,255,59,0.375,NA
257,38,syllables,tourney,FALSE,20,elitize_generation_data,256,68,0.402,NA
258,38,syllables,tourney,FALSE,20,elitize_generation_data,257,63,0.394,NA
259,38,syllables,tourney,FALSE,20,elitize_generation_data,258,57,0.374,NA
260,38,syllables,tourney,FALSE,20,elitize_generation_data,259,58,0.397,NA
261,38,syllables,tourney,FALSE,20,elitize_generation_data,260,61,0.37,NA
262,38,syllables,tourney,FALSE,20,elitize_generation_data,261,57,0.386,NA
263,38,syllables,tourney,FALSE,20,elitize_generation_data,262,65,0.385,NA
264,38,syllables,tourney,FALSE,20,elitize_generation_data,263,57,0.37,NA
265,38,syllables,tourney,FALSE,20,elitize_generation_data,264,50,0.378,NA
266,38,syllables,tourney,FALSE,20,elitize_generation_data,265,65,0.396,NA
267,38,syllables,tourney,FALSE,20,elitize_generation_data,266,57,0.374,NA
268,38,syllables,tourney,FALSE,20,elitize_generation_data,267,61,0.392,NA
269,38,syllables,tourney,FALSE,20,elitize_generation_data,268,56,0.378,NA
270,38,syllables,tourney,FALSE,20,elitize_generation_data,269,50,0.397,NA
271,38,syllables,tourney,FALSE,20,elitize_generation_data,270,56,0.384,NA
272,38,syllables,tourney,FALSE,20,elitize_generation_data,271,46,0.368,NA
273,38,syllables,tourney,FALSE,20,elitize_generation_data,272,53,0.368,NA
274,38,syllables,tourney,FALSE,20,elitize_generation_data,273,49,0.392,NA
275,38,syllables,tourney,FALSE,20,elitize_generation_data,274,57,0.363,NA
276,38,syllables,tourney,FALSE,20,elitize_generation_data,275,59,0.394,NA
277,38,syllables,tourney,FALSE,20,elitize_generation_data,276,60,0.404,NA
278,38,syllables,tourney,FALSE,20,elitize_generation_data,277,64,0.385,NA
279,38,syllables,tourney,FALSE,20,elitize_generation_data,278,64,0.396,NA
280,38,syllables,tourney,FALSE,20,elitize_generation_data,279,58,0.387,NA
281,38,syllables,tourney,FALSE,20,elitize_generation_data,280,59,0.395,NA
282,38,syllables,tourney,FALSE,20,elitize_generation_data,281,64,0.374,NA
283,38,syllables,tourney,FALSE,20,elitize_generation_data,282,65,0.399,NA
284,38,syllables,tourney,FALSE,20,elitize_generation_data,283,61,0.382,NA
285,38,syllables,tourney,FALSE,20,elitize_generation_data,284,63,0.409,NA
286,38,syllables,tourney,FALSE,20,elitize_generation_data,285,58,0.389,NA
287,38,syllables,tourney,FALSE,20,elitize_generation_data,286,62,0.393,NA
288,38,syllables,tourney,FALSE,20,elitize_generation_data,287,62,0.39,NA
289,38,syllables,tourney,FALSE,20,elitize_generation_data,288,58,0.395,NA
290,38,syllables,tourney,FALSE,20,elitize_generation_data,289,60,0.421,NA
291,38,syllables,tourney,FALSE,20,elitize_generation_data,290,65,0.396,NA
292,38,syllables,tourney,FALSE,20,elitize_generation_data,291,54,0.394,NA
293,38,syllables,tourney,FALSE,20,elitize_generation_data,292,60,0.375,NA
294,38,syllables,tourney,FALSE,20,elitize_generation_data,293,55,0.371,NA
295,38,syllables,tourney,FALSE,20,elitize_generation_data,294,56,0.397,NA
296,38,syllables,tourney,FALSE,20,elitize_generation_data,295,60,0.399,NA
297,38,syllables,tourney,FALSE,20,elitize_generation_data,296,53,0.391,NA
298,38,syllables,tourney,FALSE,20,elitize_generation_data,297,57,0.401,NA
299,38,syllables,tourney,FALSE,20,elitize_generation_data,298,62,0.398,NA
300,38,syllables,tourney,FALSE,20,elitize_generation_data,299,60,0.375,NA
301,38,syllables,tourney,FALSE,20,elitize_generation_data,300,66,0.395,NA
