,run.num,problem,treatment,succeeded,height,normalization.function,generation,cluster.count,error.diversity,success.generation
1,71,syllables,tourney,FALSE,20,elitize_generation_data,0,4,0.27,NA
2,71,syllables,tourney,FALSE,20,elitize_generation_data,1,3,0.189,NA
3,71,syllables,tourney,FALSE,20,elitize_generation_data,2,4,0.172,NA
4,71,syllables,tourney,FALSE,20,elitize_generation_data,3,5,0.113,NA
5,71,syllables,tourney,FALSE,20,elitize_generation_data,4,5,0.144,NA
6,71,syllables,tourney,FALSE,20,elitize_generation_data,5,5,0.15,NA
7,71,syllables,tourney,FALSE,20,elitize_generation_data,6,6,0.174,NA
8,71,syllables,tourney,FALSE,20,elitize_generation_data,7,7,0.324,NA
9,71,syllables,tourney,FALSE,20,elitize_generation_data,8,8,0.464,NA
10,71,syllables,tourney,FALSE,20,elitize_generation_data,9,7,0.411,NA
11,71,syllables,tourney,FALSE,20,elitize_generation_data,10,10,0.338,NA
12,71,syllables,tourney,FALSE,20,elitize_generation_data,11,10,0.287,NA
13,71,syllables,tourney,FALSE,20,elitize_generation_data,12,13,0.295,NA
14,71,syllables,tourney,FALSE,20,elitize_generation_data,13,11,0.286,NA
15,71,syllables,tourney,FALSE,20,elitize_generation_data,14,9,0.286,NA
16,71,syllables,tourney,FALSE,20,elitize_generation_data,15,9,0.299,NA
17,71,syllables,tourney,FALSE,20,elitize_generation_data,16,17,0.294,NA
18,71,syllables,tourney,FALSE,20,elitize_generation_data,17,18,0.29,NA
19,71,syllables,tourney,FALSE,20,elitize_generation_data,18,16,0.271,NA
20,71,syllables,tourney,FALSE,20,elitize_generation_data,19,16,0.26,NA
21,71,syllables,tourney,FALSE,20,elitize_generation_data,20,22,0.296,NA
22,71,syllables,tourney,FALSE,20,elitize_generation_data,21,22,0.269,NA
23,71,syllables,tourney,FALSE,20,elitize_generation_data,22,18,0.262,NA
24,71,syllables,tourney,FALSE,20,elitize_generation_data,23,22,0.238,NA
25,71,syllables,tourney,FALSE,20,elitize_generation_data,24,21,0.262,NA
26,71,syllables,tourney,FALSE,20,elitize_generation_data,25,19,0.266,NA
27,71,syllables,tourney,FALSE,20,elitize_generation_data,26,19,0.281,NA
28,71,syllables,tourney,FALSE,20,elitize_generation_data,27,21,0.274,NA
29,71,syllables,tourney,FALSE,20,elitize_generation_data,28,17,0.287,NA
30,71,syllables,tourney,FALSE,20,elitize_generation_data,29,23,0.261,NA
31,71,syllables,tourney,FALSE,20,elitize_generation_data,30,23,0.262,NA
32,71,syllables,tourney,FALSE,20,elitize_generation_data,31,18,0.253,NA
33,71,syllables,tourney,FALSE,20,elitize_generation_data,32,17,0.266,NA
34,71,syllables,tourney,FALSE,20,elitize_generation_data,33,18,0.256,NA
35,71,syllables,tourney,FALSE,20,elitize_generation_data,34,21,0.262,NA
36,71,syllables,tourney,FALSE,20,elitize_generation_data,35,13,0.261,NA
37,71,syllables,tourney,FALSE,20,elitize_generation_data,36,15,0.239,NA
38,71,syllables,tourney,FALSE,20,elitize_generation_data,37,18,0.242,NA
39,71,syllables,tourney,FALSE,20,elitize_generation_data,38,17,0.249,NA
40,71,syllables,tourney,FALSE,20,elitize_generation_data,39,17,0.267,NA
41,71,syllables,tourney,FALSE,20,elitize_generation_data,40,22,0.278,NA
42,71,syllables,tourney,FALSE,20,elitize_generation_data,41,22,0.246,NA
43,71,syllables,tourney,FALSE,20,elitize_generation_data,42,19,0.245,NA
44,71,syllables,tourney,FALSE,20,elitize_generation_data,43,20,0.251,NA
45,71,syllables,tourney,FALSE,20,elitize_generation_data,44,20,0.256,NA
46,71,syllables,tourney,FALSE,20,elitize_generation_data,45,21,0.288,NA
47,71,syllables,tourney,FALSE,20,elitize_generation_data,46,19,0.269,NA
48,71,syllables,tourney,FALSE,20,elitize_generation_data,47,20,0.272,NA
49,71,syllables,tourney,FALSE,20,elitize_generation_data,48,18,0.267,NA
50,71,syllables,tourney,FALSE,20,elitize_generation_data,49,21,0.264,NA
51,71,syllables,tourney,FALSE,20,elitize_generation_data,50,25,0.248,NA
52,71,syllables,tourney,FALSE,20,elitize_generation_data,51,23,0.255,NA
53,71,syllables,tourney,FALSE,20,elitize_generation_data,52,20,0.25,NA
54,71,syllables,tourney,FALSE,20,elitize_generation_data,53,22,0.235,NA
55,71,syllables,tourney,FALSE,20,elitize_generation_data,54,20,0.237,NA
56,71,syllables,tourney,FALSE,20,elitize_generation_data,55,24,0.239,NA
57,71,syllables,tourney,FALSE,20,elitize_generation_data,56,23,0.23,NA
58,71,syllables,tourney,FALSE,20,elitize_generation_data,57,23,0.23,NA
59,71,syllables,tourney,FALSE,20,elitize_generation_data,58,21,0.24,NA
60,71,syllables,tourney,FALSE,20,elitize_generation_data,59,23,0.229,NA
61,71,syllables,tourney,FALSE,20,elitize_generation_data,60,26,0.237,NA
62,71,syllables,tourney,FALSE,20,elitize_generation_data,61,18,0.219,NA
63,71,syllables,tourney,FALSE,20,elitize_generation_data,62,23,0.231,NA
64,71,syllables,tourney,FALSE,20,elitize_generation_data,63,24,0.239,NA
65,71,syllables,tourney,FALSE,20,elitize_generation_data,64,25,0.239,NA
66,71,syllables,tourney,FALSE,20,elitize_generation_data,65,24,0.228,NA
67,71,syllables,tourney,FALSE,20,elitize_generation_data,66,24,0.242,NA
68,71,syllables,tourney,FALSE,20,elitize_generation_data,67,23,0.248,NA
69,71,syllables,tourney,FALSE,20,elitize_generation_data,68,20,0.249,NA
70,71,syllables,tourney,FALSE,20,elitize_generation_data,69,19,0.257,NA
71,71,syllables,tourney,FALSE,20,elitize_generation_data,70,24,0.24,NA
72,71,syllables,tourney,FALSE,20,elitize_generation_data,71,21,0.23,NA
73,71,syllables,tourney,FALSE,20,elitize_generation_data,72,22,0.243,NA
74,71,syllables,tourney,FALSE,20,elitize_generation_data,73,20,0.198,NA
75,71,syllables,tourney,FALSE,20,elitize_generation_data,74,24,0.232,NA
76,71,syllables,tourney,FALSE,20,elitize_generation_data,75,19,0.267,NA
77,71,syllables,tourney,FALSE,20,elitize_generation_data,76,21,0.232,NA
78,71,syllables,tourney,FALSE,20,elitize_generation_data,77,25,0.264,NA
79,71,syllables,tourney,FALSE,20,elitize_generation_data,78,25,0.268,NA
80,71,syllables,tourney,FALSE,20,elitize_generation_data,79,26,0.269,NA
81,71,syllables,tourney,FALSE,20,elitize_generation_data,80,31,0.277,NA
82,71,syllables,tourney,FALSE,20,elitize_generation_data,81,37,0.279,NA
83,71,syllables,tourney,FALSE,20,elitize_generation_data,82,37,0.342,NA
84,71,syllables,tourney,FALSE,20,elitize_generation_data,83,36,0.38,NA
85,71,syllables,tourney,FALSE,20,elitize_generation_data,84,40,0.435,NA
86,71,syllables,tourney,FALSE,20,elitize_generation_data,85,36,0.415,NA
87,71,syllables,tourney,FALSE,20,elitize_generation_data,86,42,0.461,NA
88,71,syllables,tourney,FALSE,20,elitize_generation_data,87,39,0.462,NA
89,71,syllables,tourney,FALSE,20,elitize_generation_data,88,37,0.479,NA
90,71,syllables,tourney,FALSE,20,elitize_generation_data,89,31,0.484,NA
91,71,syllables,tourney,FALSE,20,elitize_generation_data,90,36,0.481,NA
92,71,syllables,tourney,FALSE,20,elitize_generation_data,91,37,0.47,NA
93,71,syllables,tourney,FALSE,20,elitize_generation_data,92,34,0.433,NA
94,71,syllables,tourney,FALSE,20,elitize_generation_data,93,35,0.421,NA
95,71,syllables,tourney,FALSE,20,elitize_generation_data,94,34,0.399,NA
96,71,syllables,tourney,FALSE,20,elitize_generation_data,95,34,0.424,NA
97,71,syllables,tourney,FALSE,20,elitize_generation_data,96,34,0.417,NA
98,71,syllables,tourney,FALSE,20,elitize_generation_data,97,28,0.427,NA
99,71,syllables,tourney,FALSE,20,elitize_generation_data,98,31,0.44,NA
100,71,syllables,tourney,FALSE,20,elitize_generation_data,99,33,0.454,NA
101,71,syllables,tourney,FALSE,20,elitize_generation_data,100,39,0.436,NA
102,71,syllables,tourney,FALSE,20,elitize_generation_data,101,30,0.461,NA
103,71,syllables,tourney,FALSE,20,elitize_generation_data,102,35,0.476,NA
104,71,syllables,tourney,FALSE,20,elitize_generation_data,103,36,0.496,NA
105,71,syllables,tourney,FALSE,20,elitize_generation_data,104,34,0.482,NA
106,71,syllables,tourney,FALSE,20,elitize_generation_data,105,43,0.474,NA
107,71,syllables,tourney,FALSE,20,elitize_generation_data,106,35,0.489,NA
108,71,syllables,tourney,FALSE,20,elitize_generation_data,107,33,0.488,NA
109,71,syllables,tourney,FALSE,20,elitize_generation_data,108,44,0.503,NA
110,71,syllables,tourney,FALSE,20,elitize_generation_data,109,40,0.481,NA
111,71,syllables,tourney,FALSE,20,elitize_generation_data,110,37,0.443,NA
112,71,syllables,tourney,FALSE,20,elitize_generation_data,111,36,0.486,NA
113,71,syllables,tourney,FALSE,20,elitize_generation_data,112,38,0.492,NA
114,71,syllables,tourney,FALSE,20,elitize_generation_data,113,33,0.484,NA
115,71,syllables,tourney,FALSE,20,elitize_generation_data,114,36,0.483,NA
116,71,syllables,tourney,FALSE,20,elitize_generation_data,115,38,0.488,NA
117,71,syllables,tourney,FALSE,20,elitize_generation_data,116,35,0.494,NA
118,71,syllables,tourney,FALSE,20,elitize_generation_data,117,38,0.505,NA
119,71,syllables,tourney,FALSE,20,elitize_generation_data,118,40,0.491,NA
120,71,syllables,tourney,FALSE,20,elitize_generation_data,119,38,0.511,NA
121,71,syllables,tourney,FALSE,20,elitize_generation_data,120,35,0.5,NA
122,71,syllables,tourney,FALSE,20,elitize_generation_data,121,37,0.509,NA
123,71,syllables,tourney,FALSE,20,elitize_generation_data,122,45,0.509,NA
124,71,syllables,tourney,FALSE,20,elitize_generation_data,123,42,0.511,NA
125,71,syllables,tourney,FALSE,20,elitize_generation_data,124,33,0.491,NA
126,71,syllables,tourney,FALSE,20,elitize_generation_data,125,39,0.517,NA
127,71,syllables,tourney,FALSE,20,elitize_generation_data,126,46,0.518,NA
128,71,syllables,tourney,FALSE,20,elitize_generation_data,127,46,0.521,NA
129,71,syllables,tourney,FALSE,20,elitize_generation_data,128,40,0.507,NA
130,71,syllables,tourney,FALSE,20,elitize_generation_data,129,35,0.515,NA
131,71,syllables,tourney,FALSE,20,elitize_generation_data,130,39,0.542,NA
132,71,syllables,tourney,FALSE,20,elitize_generation_data,131,38,0.521,NA
133,71,syllables,tourney,FALSE,20,elitize_generation_data,132,42,0.512,NA
134,71,syllables,tourney,FALSE,20,elitize_generation_data,133,39,0.518,NA
135,71,syllables,tourney,FALSE,20,elitize_generation_data,134,39,0.517,NA
136,71,syllables,tourney,FALSE,20,elitize_generation_data,135,36,0.517,NA
137,71,syllables,tourney,FALSE,20,elitize_generation_data,136,36,0.512,NA
138,71,syllables,tourney,FALSE,20,elitize_generation_data,137,41,0.541,NA
139,71,syllables,tourney,FALSE,20,elitize_generation_data,138,39,0.499,NA
140,71,syllables,tourney,FALSE,20,elitize_generation_data,139,38,0.513,NA
141,71,syllables,tourney,FALSE,20,elitize_generation_data,140,41,0.519,NA
142,71,syllables,tourney,FALSE,20,elitize_generation_data,141,37,0.499,NA
143,71,syllables,tourney,FALSE,20,elitize_generation_data,142,43,0.528,NA
144,71,syllables,tourney,FALSE,20,elitize_generation_data,143,40,0.533,NA
145,71,syllables,tourney,FALSE,20,elitize_generation_data,144,41,0.544,NA
146,71,syllables,tourney,FALSE,20,elitize_generation_data,145,41,0.53,NA
147,71,syllables,tourney,FALSE,20,elitize_generation_data,146,48,0.545,NA
148,71,syllables,tourney,FALSE,20,elitize_generation_data,147,49,0.561,NA
149,71,syllables,tourney,FALSE,20,elitize_generation_data,148,44,0.544,NA
150,71,syllables,tourney,FALSE,20,elitize_generation_data,149,46,0.552,NA
151,71,syllables,tourney,FALSE,20,elitize_generation_data,150,38,0.54,NA
152,71,syllables,tourney,FALSE,20,elitize_generation_data,151,43,0.56,NA
153,71,syllables,tourney,FALSE,20,elitize_generation_data,152,38,0.551,NA
154,71,syllables,tourney,FALSE,20,elitize_generation_data,153,44,0.548,NA
155,71,syllables,tourney,FALSE,20,elitize_generation_data,154,44,0.559,NA
156,71,syllables,tourney,FALSE,20,elitize_generation_data,155,49,0.563,NA
157,71,syllables,tourney,FALSE,20,elitize_generation_data,156,46,0.593,NA
158,71,syllables,tourney,FALSE,20,elitize_generation_data,157,45,0.59,NA
159,71,syllables,tourney,FALSE,20,elitize_generation_data,158,48,0.6,NA
160,71,syllables,tourney,FALSE,20,elitize_generation_data,159,48,0.607,NA
161,71,syllables,tourney,FALSE,20,elitize_generation_data,160,50,0.589,NA
162,71,syllables,tourney,FALSE,20,elitize_generation_data,161,45,0.619,NA
163,71,syllables,tourney,FALSE,20,elitize_generation_data,162,45,0.638,NA
164,71,syllables,tourney,FALSE,20,elitize_generation_data,163,50,0.614,NA
165,71,syllables,tourney,FALSE,20,elitize_generation_data,164,50,0.619,NA
166,71,syllables,tourney,FALSE,20,elitize_generation_data,165,47,0.611,NA
167,71,syllables,tourney,FALSE,20,elitize_generation_data,166,52,0.589,NA
168,71,syllables,tourney,FALSE,20,elitize_generation_data,167,50,0.6,NA
169,71,syllables,tourney,FALSE,20,elitize_generation_data,168,49,0.613,NA
170,71,syllables,tourney,FALSE,20,elitize_generation_data,169,49,0.618,NA
171,71,syllables,tourney,FALSE,20,elitize_generation_data,170,54,0.626,NA
172,71,syllables,tourney,FALSE,20,elitize_generation_data,171,50,0.613,NA
173,71,syllables,tourney,FALSE,20,elitize_generation_data,172,52,0.629,NA
174,71,syllables,tourney,FALSE,20,elitize_generation_data,173,54,0.645,NA
175,71,syllables,tourney,FALSE,20,elitize_generation_data,174,55,0.63,NA
176,71,syllables,tourney,FALSE,20,elitize_generation_data,175,52,0.609,NA
177,71,syllables,tourney,FALSE,20,elitize_generation_data,176,44,0.6,NA
178,71,syllables,tourney,FALSE,20,elitize_generation_data,177,61,0.622,NA
179,71,syllables,tourney,FALSE,20,elitize_generation_data,178,54,0.627,NA
180,71,syllables,tourney,FALSE,20,elitize_generation_data,179,49,0.631,NA
181,71,syllables,tourney,FALSE,20,elitize_generation_data,180,52,0.615,NA
182,71,syllables,tourney,FALSE,20,elitize_generation_data,181,54,0.635,NA
183,71,syllables,tourney,FALSE,20,elitize_generation_data,182,56,0.582,NA
184,71,syllables,tourney,FALSE,20,elitize_generation_data,183,53,0.607,NA
185,71,syllables,tourney,FALSE,20,elitize_generation_data,184,50,0.604,NA
186,71,syllables,tourney,FALSE,20,elitize_generation_data,185,60,0.599,NA
187,71,syllables,tourney,FALSE,20,elitize_generation_data,186,58,0.622,NA
188,71,syllables,tourney,FALSE,20,elitize_generation_data,187,55,0.624,NA
189,71,syllables,tourney,FALSE,20,elitize_generation_data,188,60,0.624,NA
190,71,syllables,tourney,FALSE,20,elitize_generation_data,189,55,0.588,NA
191,71,syllables,tourney,FALSE,20,elitize_generation_data,190,53,0.615,NA
192,71,syllables,tourney,FALSE,20,elitize_generation_data,191,52,0.611,NA
193,71,syllables,tourney,FALSE,20,elitize_generation_data,192,61,0.59,NA
194,71,syllables,tourney,FALSE,20,elitize_generation_data,193,60,0.604,NA
195,71,syllables,tourney,FALSE,20,elitize_generation_data,194,53,0.604,NA
196,71,syllables,tourney,FALSE,20,elitize_generation_data,195,53,0.608,NA
197,71,syllables,tourney,FALSE,20,elitize_generation_data,196,50,0.575,NA
198,71,syllables,tourney,FALSE,20,elitize_generation_data,197,50,0.574,NA
199,71,syllables,tourney,FALSE,20,elitize_generation_data,198,50,0.599,NA
200,71,syllables,tourney,FALSE,20,elitize_generation_data,199,59,0.598,NA
201,71,syllables,tourney,FALSE,20,elitize_generation_data,200,63,0.588,NA
202,71,syllables,tourney,FALSE,20,elitize_generation_data,201,63,0.595,NA
203,71,syllables,tourney,FALSE,20,elitize_generation_data,202,54,0.625,NA
204,71,syllables,tourney,FALSE,20,elitize_generation_data,203,57,0.587,NA
205,71,syllables,tourney,FALSE,20,elitize_generation_data,204,60,0.583,NA
206,71,syllables,tourney,FALSE,20,elitize_generation_data,205,56,0.606,NA
207,71,syllables,tourney,FALSE,20,elitize_generation_data,206,57,0.62,NA
208,71,syllables,tourney,FALSE,20,elitize_generation_data,207,61,0.613,NA
209,71,syllables,tourney,FALSE,20,elitize_generation_data,208,56,0.598,NA
210,71,syllables,tourney,FALSE,20,elitize_generation_data,209,51,0.596,NA
211,71,syllables,tourney,FALSE,20,elitize_generation_data,210,64,0.62,NA
212,71,syllables,tourney,FALSE,20,elitize_generation_data,211,51,0.617,NA
213,71,syllables,tourney,FALSE,20,elitize_generation_data,212,62,0.64,NA
214,71,syllables,tourney,FALSE,20,elitize_generation_data,213,55,0.616,NA
215,71,syllables,tourney,FALSE,20,elitize_generation_data,214,59,0.635,NA
216,71,syllables,tourney,FALSE,20,elitize_generation_data,215,59,0.622,NA
217,71,syllables,tourney,FALSE,20,elitize_generation_data,216,61,0.604,NA
218,71,syllables,tourney,FALSE,20,elitize_generation_data,217,70,0.63,NA
219,71,syllables,tourney,FALSE,20,elitize_generation_data,218,65,0.634,NA
220,71,syllables,tourney,FALSE,20,elitize_generation_data,219,56,0.612,NA
221,71,syllables,tourney,FALSE,20,elitize_generation_data,220,67,0.642,NA
222,71,syllables,tourney,FALSE,20,elitize_generation_data,221,54,0.64,NA
223,71,syllables,tourney,FALSE,20,elitize_generation_data,222,60,0.655,NA
224,71,syllables,tourney,FALSE,20,elitize_generation_data,223,62,0.649,NA
225,71,syllables,tourney,FALSE,20,elitize_generation_data,224,57,0.603,NA
226,71,syllables,tourney,FALSE,20,elitize_generation_data,225,65,0.622,NA
227,71,syllables,tourney,FALSE,20,elitize_generation_data,226,61,0.623,NA
228,71,syllables,tourney,FALSE,20,elitize_generation_data,227,68,0.619,NA
229,71,syllables,tourney,FALSE,20,elitize_generation_data,228,67,0.631,NA
230,71,syllables,tourney,FALSE,20,elitize_generation_data,229,60,0.59,NA
231,71,syllables,tourney,FALSE,20,elitize_generation_data,230,63,0.615,NA
232,71,syllables,tourney,FALSE,20,elitize_generation_data,231,69,0.619,NA
233,71,syllables,tourney,FALSE,20,elitize_generation_data,232,44,0.588,NA
234,71,syllables,tourney,FALSE,20,elitize_generation_data,233,56,0.61,NA
235,71,syllables,tourney,FALSE,20,elitize_generation_data,234,62,0.62,NA
236,71,syllables,tourney,FALSE,20,elitize_generation_data,235,57,0.617,NA
237,71,syllables,tourney,FALSE,20,elitize_generation_data,236,55,0.597,NA
238,71,syllables,tourney,FALSE,20,elitize_generation_data,237,67,0.642,NA
239,71,syllables,tourney,FALSE,20,elitize_generation_data,238,51,0.6,NA
240,71,syllables,tourney,FALSE,20,elitize_generation_data,239,57,0.598,NA
241,71,syllables,tourney,FALSE,20,elitize_generation_data,240,68,0.601,NA
242,71,syllables,tourney,FALSE,20,elitize_generation_data,241,56,0.594,NA
243,71,syllables,tourney,FALSE,20,elitize_generation_data,242,63,0.616,NA
244,71,syllables,tourney,FALSE,20,elitize_generation_data,243,41,0.58,NA
245,71,syllables,tourney,FALSE,20,elitize_generation_data,244,50,0.611,NA
246,71,syllables,tourney,FALSE,20,elitize_generation_data,245,62,0.569,NA
247,71,syllables,tourney,FALSE,20,elitize_generation_data,246,55,0.551,NA
248,71,syllables,tourney,FALSE,20,elitize_generation_data,247,57,0.582,NA
249,71,syllables,tourney,FALSE,20,elitize_generation_data,248,50,0.574,NA
250,71,syllables,tourney,FALSE,20,elitize_generation_data,249,58,0.585,NA
251,71,syllables,tourney,FALSE,20,elitize_generation_data,250,62,0.593,NA
252,71,syllables,tourney,FALSE,20,elitize_generation_data,251,62,0.582,NA
253,71,syllables,tourney,FALSE,20,elitize_generation_data,252,53,0.622,NA
254,71,syllables,tourney,FALSE,20,elitize_generation_data,253,54,0.569,NA
255,71,syllables,tourney,FALSE,20,elitize_generation_data,254,51,0.602,NA
256,71,syllables,tourney,FALSE,20,elitize_generation_data,255,60,0.598,NA
257,71,syllables,tourney,FALSE,20,elitize_generation_data,256,66,0.598,NA
258,71,syllables,tourney,FALSE,20,elitize_generation_data,257,70,0.593,NA
259,71,syllables,tourney,FALSE,20,elitize_generation_data,258,67,0.606,NA
260,71,syllables,tourney,FALSE,20,elitize_generation_data,259,62,0.623,NA
261,71,syllables,tourney,FALSE,20,elitize_generation_data,260,63,0.606,NA
262,71,syllables,tourney,FALSE,20,elitize_generation_data,261,72,0.607,NA
263,71,syllables,tourney,FALSE,20,elitize_generation_data,262,54,0.585,NA
264,71,syllables,tourney,FALSE,20,elitize_generation_data,263,62,0.61,NA
265,71,syllables,tourney,FALSE,20,elitize_generation_data,264,62,0.611,NA
266,71,syllables,tourney,FALSE,20,elitize_generation_data,265,65,0.597,NA
267,71,syllables,tourney,FALSE,20,elitize_generation_data,266,66,0.606,NA
268,71,syllables,tourney,FALSE,20,elitize_generation_data,267,58,0.59,NA
269,71,syllables,tourney,FALSE,20,elitize_generation_data,268,48,0.579,NA
270,71,syllables,tourney,FALSE,20,elitize_generation_data,269,60,0.601,NA
271,71,syllables,tourney,FALSE,20,elitize_generation_data,270,53,0.608,NA
272,71,syllables,tourney,FALSE,20,elitize_generation_data,271,63,0.599,NA
273,71,syllables,tourney,FALSE,20,elitize_generation_data,272,57,0.595,NA
274,71,syllables,tourney,FALSE,20,elitize_generation_data,273,59,0.578,NA
275,71,syllables,tourney,FALSE,20,elitize_generation_data,274,52,0.581,NA
276,71,syllables,tourney,FALSE,20,elitize_generation_data,275,62,0.611,NA
277,71,syllables,tourney,FALSE,20,elitize_generation_data,276,50,0.604,NA
278,71,syllables,tourney,FALSE,20,elitize_generation_data,277,54,0.615,NA
279,71,syllables,tourney,FALSE,20,elitize_generation_data,278,53,0.58,NA
280,71,syllables,tourney,FALSE,20,elitize_generation_data,279,61,0.604,NA
281,71,syllables,tourney,FALSE,20,elitize_generation_data,280,54,0.582,NA
282,71,syllables,tourney,FALSE,20,elitize_generation_data,281,48,0.605,NA
283,71,syllables,tourney,FALSE,20,elitize_generation_data,282,45,0.579,NA
284,71,syllables,tourney,FALSE,20,elitize_generation_data,283,49,0.572,NA
285,71,syllables,tourney,FALSE,20,elitize_generation_data,284,64,0.568,NA
286,71,syllables,tourney,FALSE,20,elitize_generation_data,285,62,0.605,NA
287,71,syllables,tourney,FALSE,20,elitize_generation_data,286,62,0.605,NA
288,71,syllables,tourney,FALSE,20,elitize_generation_data,287,52,0.592,NA
289,71,syllables,tourney,FALSE,20,elitize_generation_data,288,53,0.585,NA
290,71,syllables,tourney,FALSE,20,elitize_generation_data,289,73,0.609,NA
291,71,syllables,tourney,FALSE,20,elitize_generation_data,290,57,0.603,NA
292,71,syllables,tourney,FALSE,20,elitize_generation_data,291,58,0.574,NA
293,71,syllables,tourney,FALSE,20,elitize_generation_data,292,63,0.625,NA
294,71,syllables,tourney,FALSE,20,elitize_generation_data,293,49,0.601,NA
295,71,syllables,tourney,FALSE,20,elitize_generation_data,294,60,0.635,NA
296,71,syllables,tourney,FALSE,20,elitize_generation_data,295,61,0.585,NA
297,71,syllables,tourney,FALSE,20,elitize_generation_data,296,57,0.588,NA
298,71,syllables,tourney,FALSE,20,elitize_generation_data,297,64,0.619,NA
299,71,syllables,tourney,FALSE,20,elitize_generation_data,298,61,0.591,NA
300,71,syllables,tourney,FALSE,20,elitize_generation_data,299,65,0.597,NA
301,71,syllables,tourney,FALSE,20,elitize_generation_data,300,57,0.596,NA
