,run.num,problem,treatment,succeeded,height,normalization.function,generation,cluster.count,error.diversity,success.generation
1,77,syllables,tourney,FALSE,20,elitize_generation_data,0,3,0.258,NA
2,77,syllables,tourney,FALSE,20,elitize_generation_data,1,3,0.2,NA
3,77,syllables,tourney,FALSE,20,elitize_generation_data,2,5,0.187,NA
4,77,syllables,tourney,FALSE,20,elitize_generation_data,3,5,0.098,NA
5,77,syllables,tourney,FALSE,20,elitize_generation_data,4,7,0.108,NA
6,77,syllables,tourney,FALSE,20,elitize_generation_data,5,9,0.137,NA
7,77,syllables,tourney,FALSE,20,elitize_generation_data,6,8,0.141,NA
8,77,syllables,tourney,FALSE,20,elitize_generation_data,7,9,0.084,NA
9,77,syllables,tourney,FALSE,20,elitize_generation_data,8,8,0.053,NA
10,77,syllables,tourney,FALSE,20,elitize_generation_data,9,9,0.055,NA
11,77,syllables,tourney,FALSE,20,elitize_generation_data,10,9,0.056,NA
12,77,syllables,tourney,FALSE,20,elitize_generation_data,11,10,0.063,NA
13,77,syllables,tourney,FALSE,20,elitize_generation_data,12,12,0.073,NA
14,77,syllables,tourney,FALSE,20,elitize_generation_data,13,9,0.074,NA
15,77,syllables,tourney,FALSE,20,elitize_generation_data,14,10,0.094,NA
16,77,syllables,tourney,FALSE,20,elitize_generation_data,15,13,0.098,NA
17,77,syllables,tourney,FALSE,20,elitize_generation_data,16,15,0.119,NA
18,77,syllables,tourney,FALSE,20,elitize_generation_data,17,11,0.121,NA
19,77,syllables,tourney,FALSE,20,elitize_generation_data,18,17,0.14,NA
20,77,syllables,tourney,FALSE,20,elitize_generation_data,19,19,0.158,NA
21,77,syllables,tourney,FALSE,20,elitize_generation_data,20,27,0.175,NA
22,77,syllables,tourney,FALSE,20,elitize_generation_data,21,27,0.177,NA
23,77,syllables,tourney,FALSE,20,elitize_generation_data,22,27,0.194,NA
24,77,syllables,tourney,FALSE,20,elitize_generation_data,23,37,0.185,NA
25,77,syllables,tourney,FALSE,20,elitize_generation_data,24,44,0.171,NA
26,77,syllables,tourney,FALSE,20,elitize_generation_data,25,46,0.213,NA
27,77,syllables,tourney,FALSE,20,elitize_generation_data,26,39,0.218,NA
28,77,syllables,tourney,FALSE,20,elitize_generation_data,27,39,0.178,NA
29,77,syllables,tourney,FALSE,20,elitize_generation_data,28,40,0.159,NA
30,77,syllables,tourney,FALSE,20,elitize_generation_data,29,38,0.207,NA
31,77,syllables,tourney,FALSE,20,elitize_generation_data,30,43,0.233,NA
32,77,syllables,tourney,FALSE,20,elitize_generation_data,31,45,0.241,NA
33,77,syllables,tourney,FALSE,20,elitize_generation_data,32,48,0.255,NA
34,77,syllables,tourney,FALSE,20,elitize_generation_data,33,63,0.35,NA
35,77,syllables,tourney,FALSE,20,elitize_generation_data,34,68,0.348,NA
36,77,syllables,tourney,FALSE,20,elitize_generation_data,35,69,0.335,NA
37,77,syllables,tourney,FALSE,20,elitize_generation_data,36,70,0.361,NA
38,77,syllables,tourney,FALSE,20,elitize_generation_data,37,70,0.335,NA
39,77,syllables,tourney,FALSE,20,elitize_generation_data,38,60,0.314,NA
40,77,syllables,tourney,FALSE,20,elitize_generation_data,39,66,0.32,NA
41,77,syllables,tourney,FALSE,20,elitize_generation_data,40,62,0.342,NA
42,77,syllables,tourney,FALSE,20,elitize_generation_data,41,74,0.357,NA
43,77,syllables,tourney,FALSE,20,elitize_generation_data,42,71,0.372,NA
44,77,syllables,tourney,FALSE,20,elitize_generation_data,43,74,0.395,NA
45,77,syllables,tourney,FALSE,20,elitize_generation_data,44,69,0.397,NA
46,77,syllables,tourney,FALSE,20,elitize_generation_data,45,73,0.413,NA
47,77,syllables,tourney,FALSE,20,elitize_generation_data,46,71,0.425,NA
48,77,syllables,tourney,FALSE,20,elitize_generation_data,47,76,0.459,NA
49,77,syllables,tourney,FALSE,20,elitize_generation_data,48,89,0.419,NA
50,77,syllables,tourney,FALSE,20,elitize_generation_data,49,79,0.416,NA
51,77,syllables,tourney,FALSE,20,elitize_generation_data,50,89,0.427,NA
52,77,syllables,tourney,FALSE,20,elitize_generation_data,51,87,0.424,NA
53,77,syllables,tourney,FALSE,20,elitize_generation_data,52,78,0.436,NA
54,77,syllables,tourney,FALSE,20,elitize_generation_data,53,75,0.401,NA
55,77,syllables,tourney,FALSE,20,elitize_generation_data,54,83,0.433,NA
56,77,syllables,tourney,FALSE,20,elitize_generation_data,55,75,0.434,NA
57,77,syllables,tourney,FALSE,20,elitize_generation_data,56,81,0.429,NA
58,77,syllables,tourney,FALSE,20,elitize_generation_data,57,78,0.428,NA
59,77,syllables,tourney,FALSE,20,elitize_generation_data,58,86,0.416,NA
60,77,syllables,tourney,FALSE,20,elitize_generation_data,59,77,0.401,NA
61,77,syllables,tourney,FALSE,20,elitize_generation_data,60,74,0.384,NA
62,77,syllables,tourney,FALSE,20,elitize_generation_data,61,86,0.392,NA
63,77,syllables,tourney,FALSE,20,elitize_generation_data,62,80,0.417,NA
64,77,syllables,tourney,FALSE,20,elitize_generation_data,63,79,0.418,NA
65,77,syllables,tourney,FALSE,20,elitize_generation_data,64,79,0.446,NA
66,77,syllables,tourney,FALSE,20,elitize_generation_data,65,82,0.442,NA
67,77,syllables,tourney,FALSE,20,elitize_generation_data,66,87,0.454,NA
68,77,syllables,tourney,FALSE,20,elitize_generation_data,67,76,0.452,NA
69,77,syllables,tourney,FALSE,20,elitize_generation_data,68,89,0.457,NA
70,77,syllables,tourney,FALSE,20,elitize_generation_data,69,94,0.465,NA
71,77,syllables,tourney,FALSE,20,elitize_generation_data,70,81,0.434,NA
72,77,syllables,tourney,FALSE,20,elitize_generation_data,71,77,0.424,NA
73,77,syllables,tourney,FALSE,20,elitize_generation_data,72,83,0.441,NA
74,77,syllables,tourney,FALSE,20,elitize_generation_data,73,81,0.426,NA
75,77,syllables,tourney,FALSE,20,elitize_generation_data,74,87,0.402,NA
76,77,syllables,tourney,FALSE,20,elitize_generation_data,75,83,0.395,NA
77,77,syllables,tourney,FALSE,20,elitize_generation_data,76,78,0.425,NA
78,77,syllables,tourney,FALSE,20,elitize_generation_data,77,77,0.433,NA
79,77,syllables,tourney,FALSE,20,elitize_generation_data,78,78,0.445,NA
80,77,syllables,tourney,FALSE,20,elitize_generation_data,79,76,0.429,NA
81,77,syllables,tourney,FALSE,20,elitize_generation_data,80,79,0.45,NA
82,77,syllables,tourney,FALSE,20,elitize_generation_data,81,84,0.452,NA
83,77,syllables,tourney,FALSE,20,elitize_generation_data,82,81,0.443,NA
84,77,syllables,tourney,FALSE,20,elitize_generation_data,83,78,0.439,NA
85,77,syllables,tourney,FALSE,20,elitize_generation_data,84,83,0.454,NA
86,77,syllables,tourney,FALSE,20,elitize_generation_data,85,94,0.451,NA
87,77,syllables,tourney,FALSE,20,elitize_generation_data,86,98,0.467,NA
88,77,syllables,tourney,FALSE,20,elitize_generation_data,87,83,0.444,NA
89,77,syllables,tourney,FALSE,20,elitize_generation_data,88,91,0.508,NA
90,77,syllables,tourney,FALSE,20,elitize_generation_data,89,85,0.459,NA
91,77,syllables,tourney,FALSE,20,elitize_generation_data,90,91,0.463,NA
92,77,syllables,tourney,FALSE,20,elitize_generation_data,91,95,0.443,NA
93,77,syllables,tourney,FALSE,20,elitize_generation_data,92,87,0.46,NA
94,77,syllables,tourney,FALSE,20,elitize_generation_data,93,101,0.463,NA
95,77,syllables,tourney,FALSE,20,elitize_generation_data,94,85,0.458,NA
96,77,syllables,tourney,FALSE,20,elitize_generation_data,95,89,0.489,NA
97,77,syllables,tourney,FALSE,20,elitize_generation_data,96,90,0.483,NA
98,77,syllables,tourney,FALSE,20,elitize_generation_data,97,87,0.455,NA
99,77,syllables,tourney,FALSE,20,elitize_generation_data,98,85,0.463,NA
100,77,syllables,tourney,FALSE,20,elitize_generation_data,99,91,0.445,NA
101,77,syllables,tourney,FALSE,20,elitize_generation_data,100,101,0.46,NA
102,77,syllables,tourney,FALSE,20,elitize_generation_data,101,93,0.473,NA
103,77,syllables,tourney,FALSE,20,elitize_generation_data,102,97,0.465,NA
104,77,syllables,tourney,FALSE,20,elitize_generation_data,103,101,0.468,NA
105,77,syllables,tourney,FALSE,20,elitize_generation_data,104,88,0.45,NA
106,77,syllables,tourney,FALSE,20,elitize_generation_data,105,90,0.47,NA
107,77,syllables,tourney,FALSE,20,elitize_generation_data,106,94,0.495,NA
108,77,syllables,tourney,FALSE,20,elitize_generation_data,107,95,0.493,NA
109,77,syllables,tourney,FALSE,20,elitize_generation_data,108,88,0.466,NA
110,77,syllables,tourney,FALSE,20,elitize_generation_data,109,95,0.462,NA
111,77,syllables,tourney,FALSE,20,elitize_generation_data,110,98,0.462,NA
112,77,syllables,tourney,FALSE,20,elitize_generation_data,111,84,0.464,NA
113,77,syllables,tourney,FALSE,20,elitize_generation_data,112,90,0.45,NA
114,77,syllables,tourney,FALSE,20,elitize_generation_data,113,90,0.453,NA
115,77,syllables,tourney,FALSE,20,elitize_generation_data,114,89,0.426,NA
116,77,syllables,tourney,FALSE,20,elitize_generation_data,115,96,0.456,NA
117,77,syllables,tourney,FALSE,20,elitize_generation_data,116,100,0.494,NA
118,77,syllables,tourney,FALSE,20,elitize_generation_data,117,89,0.459,NA
119,77,syllables,tourney,FALSE,20,elitize_generation_data,118,90,0.469,NA
120,77,syllables,tourney,FALSE,20,elitize_generation_data,119,91,0.471,NA
121,77,syllables,tourney,FALSE,20,elitize_generation_data,120,88,0.481,NA
122,77,syllables,tourney,FALSE,20,elitize_generation_data,121,91,0.465,NA
123,77,syllables,tourney,FALSE,20,elitize_generation_data,122,101,0.475,NA
124,77,syllables,tourney,FALSE,20,elitize_generation_data,123,94,0.469,NA
125,77,syllables,tourney,FALSE,20,elitize_generation_data,124,98,0.459,NA
126,77,syllables,tourney,FALSE,20,elitize_generation_data,125,91,0.48,NA
127,77,syllables,tourney,FALSE,20,elitize_generation_data,126,99,0.493,NA
128,77,syllables,tourney,FALSE,20,elitize_generation_data,127,103,0.508,NA
129,77,syllables,tourney,FALSE,20,elitize_generation_data,128,114,0.509,NA
130,77,syllables,tourney,FALSE,20,elitize_generation_data,129,112,0.497,NA
131,77,syllables,tourney,FALSE,20,elitize_generation_data,130,83,0.467,NA
132,77,syllables,tourney,FALSE,20,elitize_generation_data,131,89,0.459,NA
133,77,syllables,tourney,FALSE,20,elitize_generation_data,132,101,0.506,NA
134,77,syllables,tourney,FALSE,20,elitize_generation_data,133,106,0.491,NA
135,77,syllables,tourney,FALSE,20,elitize_generation_data,134,93,0.466,NA
136,77,syllables,tourney,FALSE,20,elitize_generation_data,135,100,0.483,NA
137,77,syllables,tourney,FALSE,20,elitize_generation_data,136,106,0.502,NA
138,77,syllables,tourney,FALSE,20,elitize_generation_data,137,90,0.494,NA
139,77,syllables,tourney,FALSE,20,elitize_generation_data,138,99,0.488,NA
140,77,syllables,tourney,FALSE,20,elitize_generation_data,139,103,0.498,NA
141,77,syllables,tourney,FALSE,20,elitize_generation_data,140,105,0.497,NA
142,77,syllables,tourney,FALSE,20,elitize_generation_data,141,103,0.5,NA
143,77,syllables,tourney,FALSE,20,elitize_generation_data,142,104,0.498,NA
144,77,syllables,tourney,FALSE,20,elitize_generation_data,143,98,0.49,NA
145,77,syllables,tourney,FALSE,20,elitize_generation_data,144,88,0.46,NA
146,77,syllables,tourney,FALSE,20,elitize_generation_data,145,112,0.5,NA
147,77,syllables,tourney,FALSE,20,elitize_generation_data,146,106,0.488,NA
148,77,syllables,tourney,FALSE,20,elitize_generation_data,147,93,0.499,NA
149,77,syllables,tourney,FALSE,20,elitize_generation_data,148,103,0.524,NA
150,77,syllables,tourney,FALSE,20,elitize_generation_data,149,101,0.522,NA
151,77,syllables,tourney,FALSE,20,elitize_generation_data,150,99,0.468,NA
152,77,syllables,tourney,FALSE,20,elitize_generation_data,151,93,0.499,NA
153,77,syllables,tourney,FALSE,20,elitize_generation_data,152,93,0.523,NA
154,77,syllables,tourney,FALSE,20,elitize_generation_data,153,110,0.479,NA
155,77,syllables,tourney,FALSE,20,elitize_generation_data,154,108,0.514,NA
156,77,syllables,tourney,FALSE,20,elitize_generation_data,155,113,0.504,NA
157,77,syllables,tourney,FALSE,20,elitize_generation_data,156,99,0.5,NA
158,77,syllables,tourney,FALSE,20,elitize_generation_data,157,106,0.526,NA
159,77,syllables,tourney,FALSE,20,elitize_generation_data,158,99,0.517,NA
160,77,syllables,tourney,FALSE,20,elitize_generation_data,159,96,0.512,NA
161,77,syllables,tourney,FALSE,20,elitize_generation_data,160,121,0.507,NA
162,77,syllables,tourney,FALSE,20,elitize_generation_data,161,104,0.51,NA
163,77,syllables,tourney,FALSE,20,elitize_generation_data,162,99,0.496,NA
164,77,syllables,tourney,FALSE,20,elitize_generation_data,163,107,0.491,NA
165,77,syllables,tourney,FALSE,20,elitize_generation_data,164,89,0.48,NA
166,77,syllables,tourney,FALSE,20,elitize_generation_data,165,101,0.496,NA
167,77,syllables,tourney,FALSE,20,elitize_generation_data,166,95,0.514,NA
168,77,syllables,tourney,FALSE,20,elitize_generation_data,167,96,0.501,NA
169,77,syllables,tourney,FALSE,20,elitize_generation_data,168,87,0.496,NA
170,77,syllables,tourney,FALSE,20,elitize_generation_data,169,112,0.512,NA
171,77,syllables,tourney,FALSE,20,elitize_generation_data,170,105,0.526,NA
172,77,syllables,tourney,FALSE,20,elitize_generation_data,171,115,0.519,NA
173,77,syllables,tourney,FALSE,20,elitize_generation_data,172,105,0.514,NA
174,77,syllables,tourney,FALSE,20,elitize_generation_data,173,117,0.535,NA
175,77,syllables,tourney,FALSE,20,elitize_generation_data,174,99,0.512,NA
176,77,syllables,tourney,FALSE,20,elitize_generation_data,175,106,0.516,NA
177,77,syllables,tourney,FALSE,20,elitize_generation_data,176,99,0.524,NA
178,77,syllables,tourney,FALSE,20,elitize_generation_data,177,92,0.48,NA
179,77,syllables,tourney,FALSE,20,elitize_generation_data,178,103,0.504,NA
180,77,syllables,tourney,FALSE,20,elitize_generation_data,179,98,0.511,NA
181,77,syllables,tourney,FALSE,20,elitize_generation_data,180,109,0.495,NA
182,77,syllables,tourney,FALSE,20,elitize_generation_data,181,101,0.513,NA
183,77,syllables,tourney,FALSE,20,elitize_generation_data,182,101,0.513,NA
184,77,syllables,tourney,FALSE,20,elitize_generation_data,183,106,0.478,NA
185,77,syllables,tourney,FALSE,20,elitize_generation_data,184,114,0.49,NA
186,77,syllables,tourney,FALSE,20,elitize_generation_data,185,110,0.522,NA
187,77,syllables,tourney,FALSE,20,elitize_generation_data,186,104,0.511,NA
188,77,syllables,tourney,FALSE,20,elitize_generation_data,187,116,0.533,NA
189,77,syllables,tourney,FALSE,20,elitize_generation_data,188,111,0.528,NA
190,77,syllables,tourney,FALSE,20,elitize_generation_data,189,116,0.505,NA
191,77,syllables,tourney,FALSE,20,elitize_generation_data,190,107,0.497,NA
192,77,syllables,tourney,FALSE,20,elitize_generation_data,191,105,0.503,NA
193,77,syllables,tourney,FALSE,20,elitize_generation_data,192,108,0.516,NA
194,77,syllables,tourney,FALSE,20,elitize_generation_data,193,112,0.505,NA
195,77,syllables,tourney,FALSE,20,elitize_generation_data,194,107,0.519,NA
196,77,syllables,tourney,FALSE,20,elitize_generation_data,195,106,0.542,NA
197,77,syllables,tourney,FALSE,20,elitize_generation_data,196,104,0.534,NA
198,77,syllables,tourney,FALSE,20,elitize_generation_data,197,98,0.534,NA
199,77,syllables,tourney,FALSE,20,elitize_generation_data,198,90,0.512,NA
200,77,syllables,tourney,FALSE,20,elitize_generation_data,199,112,0.52,NA
201,77,syllables,tourney,FALSE,20,elitize_generation_data,200,111,0.519,NA
202,77,syllables,tourney,FALSE,20,elitize_generation_data,201,107,0.522,NA
203,77,syllables,tourney,FALSE,20,elitize_generation_data,202,108,0.55,NA
204,77,syllables,tourney,FALSE,20,elitize_generation_data,203,117,0.584,NA
205,77,syllables,tourney,FALSE,20,elitize_generation_data,204,109,0.562,NA
206,77,syllables,tourney,FALSE,20,elitize_generation_data,205,112,0.57,NA
207,77,syllables,tourney,FALSE,20,elitize_generation_data,206,105,0.522,NA
208,77,syllables,tourney,FALSE,20,elitize_generation_data,207,100,0.521,NA
209,77,syllables,tourney,FALSE,20,elitize_generation_data,208,99,0.513,NA
210,77,syllables,tourney,FALSE,20,elitize_generation_data,209,92,0.518,NA
211,77,syllables,tourney,FALSE,20,elitize_generation_data,210,106,0.517,NA
212,77,syllables,tourney,FALSE,20,elitize_generation_data,211,117,0.551,NA
213,77,syllables,tourney,FALSE,20,elitize_generation_data,212,103,0.529,NA
214,77,syllables,tourney,FALSE,20,elitize_generation_data,213,100,0.548,NA
215,77,syllables,tourney,FALSE,20,elitize_generation_data,214,126,0.589,NA
216,77,syllables,tourney,FALSE,20,elitize_generation_data,215,134,0.555,NA
217,77,syllables,tourney,FALSE,20,elitize_generation_data,216,113,0.56,NA
218,77,syllables,tourney,FALSE,20,elitize_generation_data,217,132,0.608,NA
219,77,syllables,tourney,FALSE,20,elitize_generation_data,218,126,0.639,NA
220,77,syllables,tourney,FALSE,20,elitize_generation_data,219,133,0.608,NA
221,77,syllables,tourney,FALSE,20,elitize_generation_data,220,133,0.603,NA
222,77,syllables,tourney,FALSE,20,elitize_generation_data,221,148,0.61,NA
223,77,syllables,tourney,FALSE,20,elitize_generation_data,222,128,0.643,NA
224,77,syllables,tourney,FALSE,20,elitize_generation_data,223,138,0.58,NA
225,77,syllables,tourney,FALSE,20,elitize_generation_data,224,122,0.613,NA
226,77,syllables,tourney,FALSE,20,elitize_generation_data,225,116,0.63,NA
227,77,syllables,tourney,FALSE,20,elitize_generation_data,226,137,0.641,NA
228,77,syllables,tourney,FALSE,20,elitize_generation_data,227,137,0.645,NA
229,77,syllables,tourney,FALSE,20,elitize_generation_data,228,148,0.645,NA
230,77,syllables,tourney,FALSE,20,elitize_generation_data,229,136,0.664,NA
231,77,syllables,tourney,FALSE,20,elitize_generation_data,230,156,0.666,NA
232,77,syllables,tourney,FALSE,20,elitize_generation_data,231,152,0.686,NA
233,77,syllables,tourney,FALSE,20,elitize_generation_data,232,154,0.691,NA
234,77,syllables,tourney,FALSE,20,elitize_generation_data,233,131,0.623,NA
235,77,syllables,tourney,FALSE,20,elitize_generation_data,234,136,0.639,NA
236,77,syllables,tourney,FALSE,20,elitize_generation_data,235,123,0.635,NA
237,77,syllables,tourney,FALSE,20,elitize_generation_data,236,128,0.612,NA
238,77,syllables,tourney,FALSE,20,elitize_generation_data,237,134,0.621,NA
239,77,syllables,tourney,FALSE,20,elitize_generation_data,238,143,0.615,NA
240,77,syllables,tourney,FALSE,20,elitize_generation_data,239,123,0.609,NA
241,77,syllables,tourney,FALSE,20,elitize_generation_data,240,131,0.65,NA
242,77,syllables,tourney,FALSE,20,elitize_generation_data,241,149,0.638,NA
243,77,syllables,tourney,FALSE,20,elitize_generation_data,242,137,0.632,NA
244,77,syllables,tourney,FALSE,20,elitize_generation_data,243,131,0.598,NA
245,77,syllables,tourney,FALSE,20,elitize_generation_data,244,138,0.599,NA
246,77,syllables,tourney,FALSE,20,elitize_generation_data,245,120,0.61,NA
247,77,syllables,tourney,FALSE,20,elitize_generation_data,246,122,0.605,NA
248,77,syllables,tourney,FALSE,20,elitize_generation_data,247,121,0.609,NA
249,77,syllables,tourney,FALSE,20,elitize_generation_data,248,131,0.615,NA
250,77,syllables,tourney,FALSE,20,elitize_generation_data,249,140,0.603,NA
251,77,syllables,tourney,FALSE,20,elitize_generation_data,250,140,0.622,NA
252,77,syllables,tourney,FALSE,20,elitize_generation_data,251,125,0.615,NA
253,77,syllables,tourney,FALSE,20,elitize_generation_data,252,144,0.612,NA
254,77,syllables,tourney,FALSE,20,elitize_generation_data,253,146,0.627,NA
255,77,syllables,tourney,FALSE,20,elitize_generation_data,254,129,0.644,NA
256,77,syllables,tourney,FALSE,20,elitize_generation_data,255,130,0.652,NA
257,77,syllables,tourney,FALSE,20,elitize_generation_data,256,140,0.623,NA
258,77,syllables,tourney,FALSE,20,elitize_generation_data,257,144,0.633,NA
259,77,syllables,tourney,FALSE,20,elitize_generation_data,258,133,0.639,NA
260,77,syllables,tourney,FALSE,20,elitize_generation_data,259,137,0.634,NA
261,77,syllables,tourney,FALSE,20,elitize_generation_data,260,142,0.652,NA
262,77,syllables,tourney,FALSE,20,elitize_generation_data,261,143,0.68,NA
263,77,syllables,tourney,FALSE,20,elitize_generation_data,262,162,0.647,NA
264,77,syllables,tourney,FALSE,20,elitize_generation_data,263,131,0.642,NA
265,77,syllables,tourney,FALSE,20,elitize_generation_data,264,131,0.61,NA
266,77,syllables,tourney,FALSE,20,elitize_generation_data,265,117,0.635,NA
267,77,syllables,tourney,FALSE,20,elitize_generation_data,266,129,0.602,NA
268,77,syllables,tourney,FALSE,20,elitize_generation_data,267,131,0.602,NA
269,77,syllables,tourney,FALSE,20,elitize_generation_data,268,132,0.631,NA
270,77,syllables,tourney,FALSE,20,elitize_generation_data,269,153,0.632,NA
271,77,syllables,tourney,FALSE,20,elitize_generation_data,270,135,0.619,NA
272,77,syllables,tourney,FALSE,20,elitize_generation_data,271,135,0.642,NA
273,77,syllables,tourney,FALSE,20,elitize_generation_data,272,143,0.619,NA
274,77,syllables,tourney,FALSE,20,elitize_generation_data,273,153,0.65,NA
275,77,syllables,tourney,FALSE,20,elitize_generation_data,274,162,0.707,NA
276,77,syllables,tourney,FALSE,20,elitize_generation_data,275,161,0.681,NA
277,77,syllables,tourney,FALSE,20,elitize_generation_data,276,177,0.705,NA
278,77,syllables,tourney,FALSE,20,elitize_generation_data,277,182,0.704,NA
279,77,syllables,tourney,FALSE,20,elitize_generation_data,278,162,0.705,NA
280,77,syllables,tourney,FALSE,20,elitize_generation_data,279,161,0.698,NA
281,77,syllables,tourney,FALSE,20,elitize_generation_data,280,170,0.724,NA
282,77,syllables,tourney,FALSE,20,elitize_generation_data,281,182,0.737,NA
283,77,syllables,tourney,FALSE,20,elitize_generation_data,282,166,0.714,NA
284,77,syllables,tourney,FALSE,20,elitize_generation_data,283,162,0.7,NA
285,77,syllables,tourney,FALSE,20,elitize_generation_data,284,159,0.705,NA
286,77,syllables,tourney,FALSE,20,elitize_generation_data,285,187,0.695,NA
287,77,syllables,tourney,FALSE,20,elitize_generation_data,286,181,0.657,NA
288,77,syllables,tourney,FALSE,20,elitize_generation_data,287,163,0.673,NA
289,77,syllables,tourney,FALSE,20,elitize_generation_data,288,168,0.698,NA
290,77,syllables,tourney,FALSE,20,elitize_generation_data,289,178,0.718,NA
291,77,syllables,tourney,FALSE,20,elitize_generation_data,290,182,0.712,NA
292,77,syllables,tourney,FALSE,20,elitize_generation_data,291,181,0.728,NA
293,77,syllables,tourney,FALSE,20,elitize_generation_data,292,184,0.731,NA
294,77,syllables,tourney,FALSE,20,elitize_generation_data,293,191,0.709,NA
295,77,syllables,tourney,FALSE,20,elitize_generation_data,294,177,0.704,NA
296,77,syllables,tourney,FALSE,20,elitize_generation_data,295,179,0.69,NA
297,77,syllables,tourney,FALSE,20,elitize_generation_data,296,158,0.688,NA
298,77,syllables,tourney,FALSE,20,elitize_generation_data,297,172,0.713,NA
299,77,syllables,tourney,FALSE,20,elitize_generation_data,298,182,0.699,NA
300,77,syllables,tourney,FALSE,20,elitize_generation_data,299,170,0.694,NA
301,77,syllables,tourney,FALSE,20,elitize_generation_data,300,198,0.711,NA
