,run.num,problem,treatment,succeeded,height,normalization.function,generation,cluster.count,error.diversity,success.generation
1,83,syllables,tourney,FALSE,20,elitize_generation_data,0,5,0.262,NA
2,83,syllables,tourney,FALSE,20,elitize_generation_data,1,5,0.175,NA
3,83,syllables,tourney,FALSE,20,elitize_generation_data,2,5,0.172,NA
4,83,syllables,tourney,FALSE,20,elitize_generation_data,3,8,0.103,NA
5,83,syllables,tourney,FALSE,20,elitize_generation_data,4,6,0.123,NA
6,83,syllables,tourney,FALSE,20,elitize_generation_data,5,7,0.183,NA
7,83,syllables,tourney,FALSE,20,elitize_generation_data,6,8,0.262,NA
8,83,syllables,tourney,FALSE,20,elitize_generation_data,7,11,0.168,NA
9,83,syllables,tourney,FALSE,20,elitize_generation_data,8,10,0.109,NA
10,83,syllables,tourney,FALSE,20,elitize_generation_data,9,11,0.135,NA
11,83,syllables,tourney,FALSE,20,elitize_generation_data,10,9,0.142,NA
12,83,syllables,tourney,FALSE,20,elitize_generation_data,11,7,0.132,NA
13,83,syllables,tourney,FALSE,20,elitize_generation_data,12,10,0.123,NA
14,83,syllables,tourney,FALSE,20,elitize_generation_data,13,12,0.163,NA
15,83,syllables,tourney,FALSE,20,elitize_generation_data,14,13,0.195,NA
16,83,syllables,tourney,FALSE,20,elitize_generation_data,15,22,0.245,NA
17,83,syllables,tourney,FALSE,20,elitize_generation_data,16,25,0.315,NA
18,83,syllables,tourney,FALSE,20,elitize_generation_data,17,23,0.308,NA
19,83,syllables,tourney,FALSE,20,elitize_generation_data,18,30,0.381,NA
20,83,syllables,tourney,FALSE,20,elitize_generation_data,19,33,0.383,NA
21,83,syllables,tourney,FALSE,20,elitize_generation_data,20,31,0.408,NA
22,83,syllables,tourney,FALSE,20,elitize_generation_data,21,41,0.397,NA
23,83,syllables,tourney,FALSE,20,elitize_generation_data,22,45,0.431,NA
24,83,syllables,tourney,FALSE,20,elitize_generation_data,23,38,0.42,NA
25,83,syllables,tourney,FALSE,20,elitize_generation_data,24,48,0.447,NA
26,83,syllables,tourney,FALSE,20,elitize_generation_data,25,43,0.443,NA
27,83,syllables,tourney,FALSE,20,elitize_generation_data,26,44,0.432,NA
28,83,syllables,tourney,FALSE,20,elitize_generation_data,27,52,0.436,NA
29,83,syllables,tourney,FALSE,20,elitize_generation_data,28,51,0.433,NA
30,83,syllables,tourney,FALSE,20,elitize_generation_data,29,42,0.417,NA
31,83,syllables,tourney,FALSE,20,elitize_generation_data,30,47,0.402,NA
32,83,syllables,tourney,FALSE,20,elitize_generation_data,31,38,0.403,NA
33,83,syllables,tourney,FALSE,20,elitize_generation_data,32,36,0.371,NA
34,83,syllables,tourney,FALSE,20,elitize_generation_data,33,45,0.416,NA
35,83,syllables,tourney,FALSE,20,elitize_generation_data,34,51,0.431,NA
36,83,syllables,tourney,FALSE,20,elitize_generation_data,35,55,0.445,NA
37,83,syllables,tourney,FALSE,20,elitize_generation_data,36,55,0.425,NA
38,83,syllables,tourney,FALSE,20,elitize_generation_data,37,59,0.467,NA
39,83,syllables,tourney,FALSE,20,elitize_generation_data,38,70,0.461,NA
40,83,syllables,tourney,FALSE,20,elitize_generation_data,39,79,0.487,NA
41,83,syllables,tourney,FALSE,20,elitize_generation_data,40,82,0.522,NA
42,83,syllables,tourney,FALSE,20,elitize_generation_data,41,90,0.496,NA
43,83,syllables,tourney,FALSE,20,elitize_generation_data,42,87,0.477,NA
44,83,syllables,tourney,FALSE,20,elitize_generation_data,43,81,0.454,NA
45,83,syllables,tourney,FALSE,20,elitize_generation_data,44,83,0.467,NA
46,83,syllables,tourney,FALSE,20,elitize_generation_data,45,77,0.448,NA
47,83,syllables,tourney,FALSE,20,elitize_generation_data,46,80,0.419,NA
48,83,syllables,tourney,FALSE,20,elitize_generation_data,47,76,0.43,NA
49,83,syllables,tourney,FALSE,20,elitize_generation_data,48,79,0.414,NA
50,83,syllables,tourney,FALSE,20,elitize_generation_data,49,78,0.414,NA
51,83,syllables,tourney,FALSE,20,elitize_generation_data,50,101,0.485,NA
52,83,syllables,tourney,FALSE,20,elitize_generation_data,51,109,0.502,NA
53,83,syllables,tourney,FALSE,20,elitize_generation_data,52,116,0.54,NA
54,83,syllables,tourney,FALSE,20,elitize_generation_data,53,138,0.556,NA
55,83,syllables,tourney,FALSE,20,elitize_generation_data,54,134,0.552,NA
56,83,syllables,tourney,FALSE,20,elitize_generation_data,55,136,0.532,NA
57,83,syllables,tourney,FALSE,20,elitize_generation_data,56,132,0.545,NA
58,83,syllables,tourney,FALSE,20,elitize_generation_data,57,125,0.523,NA
59,83,syllables,tourney,FALSE,20,elitize_generation_data,58,115,0.536,NA
60,83,syllables,tourney,FALSE,20,elitize_generation_data,59,127,0.554,NA
61,83,syllables,tourney,FALSE,20,elitize_generation_data,60,146,0.554,NA
62,83,syllables,tourney,FALSE,20,elitize_generation_data,61,137,0.552,NA
63,83,syllables,tourney,FALSE,20,elitize_generation_data,62,135,0.562,NA
64,83,syllables,tourney,FALSE,20,elitize_generation_data,63,131,0.544,NA
65,83,syllables,tourney,FALSE,20,elitize_generation_data,64,136,0.564,NA
66,83,syllables,tourney,FALSE,20,elitize_generation_data,65,144,0.546,NA
67,83,syllables,tourney,FALSE,20,elitize_generation_data,66,141,0.557,NA
68,83,syllables,tourney,FALSE,20,elitize_generation_data,67,115,0.555,NA
69,83,syllables,tourney,FALSE,20,elitize_generation_data,68,137,0.536,NA
70,83,syllables,tourney,FALSE,20,elitize_generation_data,69,131,0.566,NA
71,83,syllables,tourney,FALSE,20,elitize_generation_data,70,158,0.554,NA
72,83,syllables,tourney,FALSE,20,elitize_generation_data,71,144,0.568,NA
73,83,syllables,tourney,FALSE,20,elitize_generation_data,72,143,0.562,NA
74,83,syllables,tourney,FALSE,20,elitize_generation_data,73,158,0.567,NA
75,83,syllables,tourney,FALSE,20,elitize_generation_data,74,137,0.585,NA
76,83,syllables,tourney,FALSE,20,elitize_generation_data,75,155,0.57,NA
77,83,syllables,tourney,FALSE,20,elitize_generation_data,76,131,0.538,NA
78,83,syllables,tourney,FALSE,20,elitize_generation_data,77,144,0.55,NA
79,83,syllables,tourney,FALSE,20,elitize_generation_data,78,121,0.533,NA
80,83,syllables,tourney,FALSE,20,elitize_generation_data,79,139,0.539,NA
81,83,syllables,tourney,FALSE,20,elitize_generation_data,80,145,0.559,NA
82,83,syllables,tourney,FALSE,20,elitize_generation_data,81,138,0.549,NA
83,83,syllables,tourney,FALSE,20,elitize_generation_data,82,155,0.554,NA
84,83,syllables,tourney,FALSE,20,elitize_generation_data,83,141,0.544,NA
85,83,syllables,tourney,FALSE,20,elitize_generation_data,84,153,0.528,NA
86,83,syllables,tourney,FALSE,20,elitize_generation_data,85,170,0.534,NA
87,83,syllables,tourney,FALSE,20,elitize_generation_data,86,155,0.524,NA
88,83,syllables,tourney,FALSE,20,elitize_generation_data,87,160,0.521,NA
89,83,syllables,tourney,FALSE,20,elitize_generation_data,88,165,0.544,NA
90,83,syllables,tourney,FALSE,20,elitize_generation_data,89,159,0.531,NA
91,83,syllables,tourney,FALSE,20,elitize_generation_data,90,153,0.536,NA
92,83,syllables,tourney,FALSE,20,elitize_generation_data,91,151,0.535,NA
93,83,syllables,tourney,FALSE,20,elitize_generation_data,92,157,0.54,NA
94,83,syllables,tourney,FALSE,20,elitize_generation_data,93,154,0.559,NA
95,83,syllables,tourney,FALSE,20,elitize_generation_data,94,160,0.564,NA
96,83,syllables,tourney,FALSE,20,elitize_generation_data,95,157,0.574,NA
97,83,syllables,tourney,FALSE,20,elitize_generation_data,96,165,0.595,NA
98,83,syllables,tourney,FALSE,20,elitize_generation_data,97,159,0.567,NA
99,83,syllables,tourney,FALSE,20,elitize_generation_data,98,142,0.571,NA
100,83,syllables,tourney,FALSE,20,elitize_generation_data,99,140,0.565,NA
101,83,syllables,tourney,FALSE,20,elitize_generation_data,100,136,0.553,NA
102,83,syllables,tourney,FALSE,20,elitize_generation_data,101,138,0.574,NA
103,83,syllables,tourney,FALSE,20,elitize_generation_data,102,126,0.569,NA
104,83,syllables,tourney,FALSE,20,elitize_generation_data,103,127,0.557,NA
105,83,syllables,tourney,FALSE,20,elitize_generation_data,104,138,0.572,NA
106,83,syllables,tourney,FALSE,20,elitize_generation_data,105,139,0.589,NA
107,83,syllables,tourney,FALSE,20,elitize_generation_data,106,130,0.562,NA
108,83,syllables,tourney,FALSE,20,elitize_generation_data,107,147,0.569,NA
109,83,syllables,tourney,FALSE,20,elitize_generation_data,108,142,0.587,NA
110,83,syllables,tourney,FALSE,20,elitize_generation_data,109,141,0.573,NA
111,83,syllables,tourney,FALSE,20,elitize_generation_data,110,149,0.585,NA
112,83,syllables,tourney,FALSE,20,elitize_generation_data,111,145,0.598,NA
113,83,syllables,tourney,FALSE,20,elitize_generation_data,112,145,0.577,NA
114,83,syllables,tourney,FALSE,20,elitize_generation_data,113,159,0.607,NA
115,83,syllables,tourney,FALSE,20,elitize_generation_data,114,138,0.607,NA
116,83,syllables,tourney,FALSE,20,elitize_generation_data,115,149,0.6,NA
117,83,syllables,tourney,FALSE,20,elitize_generation_data,116,159,0.613,NA
118,83,syllables,tourney,FALSE,20,elitize_generation_data,117,133,0.602,NA
119,83,syllables,tourney,FALSE,20,elitize_generation_data,118,145,0.614,NA
120,83,syllables,tourney,FALSE,20,elitize_generation_data,119,172,0.595,NA
121,83,syllables,tourney,FALSE,20,elitize_generation_data,120,162,0.597,NA
122,83,syllables,tourney,FALSE,20,elitize_generation_data,121,164,0.618,NA
123,83,syllables,tourney,FALSE,20,elitize_generation_data,122,157,0.625,NA
124,83,syllables,tourney,FALSE,20,elitize_generation_data,123,150,0.607,NA
125,83,syllables,tourney,FALSE,20,elitize_generation_data,124,155,0.62,NA
126,83,syllables,tourney,FALSE,20,elitize_generation_data,125,139,0.624,NA
127,83,syllables,tourney,FALSE,20,elitize_generation_data,126,138,0.628,NA
128,83,syllables,tourney,FALSE,20,elitize_generation_data,127,139,0.607,NA
129,83,syllables,tourney,FALSE,20,elitize_generation_data,128,159,0.642,NA
130,83,syllables,tourney,FALSE,20,elitize_generation_data,129,155,0.628,NA
131,83,syllables,tourney,FALSE,20,elitize_generation_data,130,168,0.617,NA
132,83,syllables,tourney,FALSE,20,elitize_generation_data,131,160,0.611,NA
133,83,syllables,tourney,FALSE,20,elitize_generation_data,132,152,0.615,NA
134,83,syllables,tourney,FALSE,20,elitize_generation_data,133,176,0.636,NA
135,83,syllables,tourney,FALSE,20,elitize_generation_data,134,174,0.633,NA
136,83,syllables,tourney,FALSE,20,elitize_generation_data,135,159,0.597,NA
137,83,syllables,tourney,FALSE,20,elitize_generation_data,136,174,0.648,NA
138,83,syllables,tourney,FALSE,20,elitize_generation_data,137,180,0.646,NA
139,83,syllables,tourney,FALSE,20,elitize_generation_data,138,198,0.656,NA
140,83,syllables,tourney,FALSE,20,elitize_generation_data,139,197,0.653,NA
141,83,syllables,tourney,FALSE,20,elitize_generation_data,140,179,0.577,NA
142,83,syllables,tourney,FALSE,20,elitize_generation_data,141,182,0.619,NA
143,83,syllables,tourney,FALSE,20,elitize_generation_data,142,190,0.626,NA
144,83,syllables,tourney,FALSE,20,elitize_generation_data,143,169,0.608,NA
145,83,syllables,tourney,FALSE,20,elitize_generation_data,144,175,0.598,NA
146,83,syllables,tourney,FALSE,20,elitize_generation_data,145,175,0.584,NA
147,83,syllables,tourney,FALSE,20,elitize_generation_data,146,177,0.621,NA
148,83,syllables,tourney,FALSE,20,elitize_generation_data,147,173,0.627,NA
149,83,syllables,tourney,FALSE,20,elitize_generation_data,148,186,0.645,NA
150,83,syllables,tourney,FALSE,20,elitize_generation_data,149,175,0.636,NA
151,83,syllables,tourney,FALSE,20,elitize_generation_data,150,175,0.629,NA
152,83,syllables,tourney,FALSE,20,elitize_generation_data,151,201,0.638,NA
153,83,syllables,tourney,FALSE,20,elitize_generation_data,152,172,0.634,NA
154,83,syllables,tourney,FALSE,20,elitize_generation_data,153,175,0.592,NA
155,83,syllables,tourney,FALSE,20,elitize_generation_data,154,171,0.587,NA
156,83,syllables,tourney,FALSE,20,elitize_generation_data,155,153,0.591,NA
157,83,syllables,tourney,FALSE,20,elitize_generation_data,156,154,0.559,NA
158,83,syllables,tourney,FALSE,20,elitize_generation_data,157,173,0.57,NA
159,83,syllables,tourney,FALSE,20,elitize_generation_data,158,154,0.56,NA
160,83,syllables,tourney,FALSE,20,elitize_generation_data,159,184,0.561,NA
161,83,syllables,tourney,FALSE,20,elitize_generation_data,160,180,0.583,NA
162,83,syllables,tourney,FALSE,20,elitize_generation_data,161,164,0.578,NA
163,83,syllables,tourney,FALSE,20,elitize_generation_data,162,169,0.551,NA
164,83,syllables,tourney,FALSE,20,elitize_generation_data,163,163,0.546,NA
165,83,syllables,tourney,FALSE,20,elitize_generation_data,164,182,0.567,NA
166,83,syllables,tourney,FALSE,20,elitize_generation_data,165,182,0.571,NA
167,83,syllables,tourney,FALSE,20,elitize_generation_data,166,168,0.553,NA
168,83,syllables,tourney,FALSE,20,elitize_generation_data,167,180,0.575,NA
169,83,syllables,tourney,FALSE,20,elitize_generation_data,168,184,0.603,NA
170,83,syllables,tourney,FALSE,20,elitize_generation_data,169,176,0.58,NA
171,83,syllables,tourney,FALSE,20,elitize_generation_data,170,188,0.573,NA
172,83,syllables,tourney,FALSE,20,elitize_generation_data,171,173,0.542,NA
173,83,syllables,tourney,FALSE,20,elitize_generation_data,172,180,0.597,NA
174,83,syllables,tourney,FALSE,20,elitize_generation_data,173,177,0.597,NA
175,83,syllables,tourney,FALSE,20,elitize_generation_data,174,173,0.574,NA
176,83,syllables,tourney,FALSE,20,elitize_generation_data,175,179,0.559,NA
177,83,syllables,tourney,FALSE,20,elitize_generation_data,176,197,0.551,NA
178,83,syllables,tourney,FALSE,20,elitize_generation_data,177,175,0.556,NA
179,83,syllables,tourney,FALSE,20,elitize_generation_data,178,194,0.572,NA
180,83,syllables,tourney,FALSE,20,elitize_generation_data,179,173,0.561,NA
181,83,syllables,tourney,FALSE,20,elitize_generation_data,180,190,0.586,NA
182,83,syllables,tourney,FALSE,20,elitize_generation_data,181,173,0.605,NA
183,83,syllables,tourney,FALSE,20,elitize_generation_data,182,174,0.612,NA
184,83,syllables,tourney,FALSE,20,elitize_generation_data,183,201,0.635,NA
185,83,syllables,tourney,FALSE,20,elitize_generation_data,184,188,0.627,NA
186,83,syllables,tourney,FALSE,20,elitize_generation_data,185,193,0.626,NA
187,83,syllables,tourney,FALSE,20,elitize_generation_data,186,196,0.634,NA
188,83,syllables,tourney,FALSE,20,elitize_generation_data,187,193,0.632,NA
189,83,syllables,tourney,FALSE,20,elitize_generation_data,188,204,0.646,NA
190,83,syllables,tourney,FALSE,20,elitize_generation_data,189,220,0.617,NA
191,83,syllables,tourney,FALSE,20,elitize_generation_data,190,190,0.601,NA
192,83,syllables,tourney,FALSE,20,elitize_generation_data,191,195,0.603,NA
193,83,syllables,tourney,FALSE,20,elitize_generation_data,192,188,0.594,NA
194,83,syllables,tourney,FALSE,20,elitize_generation_data,193,177,0.603,NA
195,83,syllables,tourney,FALSE,20,elitize_generation_data,194,182,0.61,NA
196,83,syllables,tourney,FALSE,20,elitize_generation_data,195,189,0.581,NA
197,83,syllables,tourney,FALSE,20,elitize_generation_data,196,180,0.612,NA
198,83,syllables,tourney,FALSE,20,elitize_generation_data,197,173,0.609,NA
199,83,syllables,tourney,FALSE,20,elitize_generation_data,198,186,0.615,NA
200,83,syllables,tourney,FALSE,20,elitize_generation_data,199,186,0.614,NA
201,83,syllables,tourney,FALSE,20,elitize_generation_data,200,201,0.636,NA
202,83,syllables,tourney,FALSE,20,elitize_generation_data,201,192,0.608,NA
203,83,syllables,tourney,FALSE,20,elitize_generation_data,202,187,0.634,NA
204,83,syllables,tourney,FALSE,20,elitize_generation_data,203,210,0.641,NA
205,83,syllables,tourney,FALSE,20,elitize_generation_data,204,177,0.599,NA
206,83,syllables,tourney,FALSE,20,elitize_generation_data,205,188,0.611,NA
207,83,syllables,tourney,FALSE,20,elitize_generation_data,206,197,0.629,NA
208,83,syllables,tourney,FALSE,20,elitize_generation_data,207,202,0.63,NA
209,83,syllables,tourney,FALSE,20,elitize_generation_data,208,194,0.622,NA
210,83,syllables,tourney,FALSE,20,elitize_generation_data,209,196,0.638,NA
211,83,syllables,tourney,FALSE,20,elitize_generation_data,210,197,0.632,NA
212,83,syllables,tourney,FALSE,20,elitize_generation_data,211,199,0.637,NA
213,83,syllables,tourney,FALSE,20,elitize_generation_data,212,185,0.654,NA
214,83,syllables,tourney,FALSE,20,elitize_generation_data,213,193,0.627,NA
215,83,syllables,tourney,FALSE,20,elitize_generation_data,214,180,0.619,NA
216,83,syllables,tourney,FALSE,20,elitize_generation_data,215,193,0.627,NA
217,83,syllables,tourney,FALSE,20,elitize_generation_data,216,190,0.652,NA
218,83,syllables,tourney,FALSE,20,elitize_generation_data,217,206,0.626,NA
219,83,syllables,tourney,FALSE,20,elitize_generation_data,218,181,0.614,NA
220,83,syllables,tourney,FALSE,20,elitize_generation_data,219,185,0.633,NA
221,83,syllables,tourney,FALSE,20,elitize_generation_data,220,198,0.619,NA
222,83,syllables,tourney,FALSE,20,elitize_generation_data,221,173,0.611,NA
223,83,syllables,tourney,FALSE,20,elitize_generation_data,222,206,0.652,NA
224,83,syllables,tourney,FALSE,20,elitize_generation_data,223,208,0.631,NA
225,83,syllables,tourney,FALSE,20,elitize_generation_data,224,190,0.626,NA
226,83,syllables,tourney,FALSE,20,elitize_generation_data,225,197,0.654,NA
227,83,syllables,tourney,FALSE,20,elitize_generation_data,226,195,0.657,NA
228,83,syllables,tourney,FALSE,20,elitize_generation_data,227,212,0.648,NA
229,83,syllables,tourney,FALSE,20,elitize_generation_data,228,197,0.626,NA
230,83,syllables,tourney,FALSE,20,elitize_generation_data,229,212,0.636,NA
231,83,syllables,tourney,FALSE,20,elitize_generation_data,230,188,0.642,NA
232,83,syllables,tourney,FALSE,20,elitize_generation_data,231,206,0.684,NA
233,83,syllables,tourney,FALSE,20,elitize_generation_data,232,189,0.651,NA
234,83,syllables,tourney,FALSE,20,elitize_generation_data,233,192,0.654,NA
235,83,syllables,tourney,FALSE,20,elitize_generation_data,234,196,0.662,NA
236,83,syllables,tourney,FALSE,20,elitize_generation_data,235,199,0.685,NA
237,83,syllables,tourney,FALSE,20,elitize_generation_data,236,182,0.687,NA
238,83,syllables,tourney,FALSE,20,elitize_generation_data,237,185,0.661,NA
239,83,syllables,tourney,FALSE,20,elitize_generation_data,238,182,0.683,NA
240,83,syllables,tourney,FALSE,20,elitize_generation_data,239,180,0.668,NA
241,83,syllables,tourney,FALSE,20,elitize_generation_data,240,185,0.693,NA
242,83,syllables,tourney,FALSE,20,elitize_generation_data,241,196,0.698,NA
243,83,syllables,tourney,FALSE,20,elitize_generation_data,242,197,0.693,NA
244,83,syllables,tourney,FALSE,20,elitize_generation_data,243,193,0.672,NA
245,83,syllables,tourney,FALSE,20,elitize_generation_data,244,189,0.63,NA
246,83,syllables,tourney,FALSE,20,elitize_generation_data,245,167,0.64,NA
247,83,syllables,tourney,FALSE,20,elitize_generation_data,246,183,0.657,NA
248,83,syllables,tourney,FALSE,20,elitize_generation_data,247,170,0.647,NA
249,83,syllables,tourney,FALSE,20,elitize_generation_data,248,178,0.651,NA
250,83,syllables,tourney,FALSE,20,elitize_generation_data,249,197,0.646,NA
251,83,syllables,tourney,FALSE,20,elitize_generation_data,250,177,0.661,NA
252,83,syllables,tourney,FALSE,20,elitize_generation_data,251,160,0.632,NA
253,83,syllables,tourney,FALSE,20,elitize_generation_data,252,154,0.646,NA
254,83,syllables,tourney,FALSE,20,elitize_generation_data,253,186,0.644,NA
255,83,syllables,tourney,FALSE,20,elitize_generation_data,254,158,0.654,NA
256,83,syllables,tourney,FALSE,20,elitize_generation_data,255,206,0.704,NA
257,83,syllables,tourney,FALSE,20,elitize_generation_data,256,198,0.657,NA
258,83,syllables,tourney,FALSE,20,elitize_generation_data,257,193,0.689,NA
259,83,syllables,tourney,FALSE,20,elitize_generation_data,258,194,0.676,NA
260,83,syllables,tourney,FALSE,20,elitize_generation_data,259,165,0.67,NA
261,83,syllables,tourney,FALSE,20,elitize_generation_data,260,173,0.678,NA
262,83,syllables,tourney,FALSE,20,elitize_generation_data,261,199,0.683,NA
263,83,syllables,tourney,FALSE,20,elitize_generation_data,262,186,0.662,NA
264,83,syllables,tourney,FALSE,20,elitize_generation_data,263,176,0.661,NA
265,83,syllables,tourney,FALSE,20,elitize_generation_data,264,170,0.67,NA
266,83,syllables,tourney,FALSE,20,elitize_generation_data,265,172,0.669,NA
267,83,syllables,tourney,FALSE,20,elitize_generation_data,266,168,0.667,NA
268,83,syllables,tourney,FALSE,20,elitize_generation_data,267,181,0.673,NA
269,83,syllables,tourney,FALSE,20,elitize_generation_data,268,167,0.665,NA
270,83,syllables,tourney,FALSE,20,elitize_generation_data,269,169,0.666,NA
271,83,syllables,tourney,FALSE,20,elitize_generation_data,270,164,0.662,NA
272,83,syllables,tourney,FALSE,20,elitize_generation_data,271,176,0.676,NA
273,83,syllables,tourney,FALSE,20,elitize_generation_data,272,159,0.656,NA
274,83,syllables,tourney,FALSE,20,elitize_generation_data,273,170,0.658,NA
275,83,syllables,tourney,FALSE,20,elitize_generation_data,274,172,0.682,NA
276,83,syllables,tourney,FALSE,20,elitize_generation_data,275,177,0.657,NA
277,83,syllables,tourney,FALSE,20,elitize_generation_data,276,172,0.659,NA
278,83,syllables,tourney,FALSE,20,elitize_generation_data,277,165,0.658,NA
279,83,syllables,tourney,FALSE,20,elitize_generation_data,278,159,0.668,NA
280,83,syllables,tourney,FALSE,20,elitize_generation_data,279,183,0.65,NA
281,83,syllables,tourney,FALSE,20,elitize_generation_data,280,165,0.642,NA
282,83,syllables,tourney,FALSE,20,elitize_generation_data,281,175,0.646,NA
283,83,syllables,tourney,FALSE,20,elitize_generation_data,282,187,0.679,NA
284,83,syllables,tourney,FALSE,20,elitize_generation_data,283,198,0.671,NA
285,83,syllables,tourney,FALSE,20,elitize_generation_data,284,178,0.663,NA
286,83,syllables,tourney,FALSE,20,elitize_generation_data,285,171,0.665,NA
287,83,syllables,tourney,FALSE,20,elitize_generation_data,286,177,0.672,NA
288,83,syllables,tourney,FALSE,20,elitize_generation_data,287,184,0.656,NA
289,83,syllables,tourney,FALSE,20,elitize_generation_data,288,187,0.651,NA
290,83,syllables,tourney,FALSE,20,elitize_generation_data,289,179,0.657,NA
291,83,syllables,tourney,FALSE,20,elitize_generation_data,290,173,0.662,NA
292,83,syllables,tourney,FALSE,20,elitize_generation_data,291,175,0.653,NA
293,83,syllables,tourney,FALSE,20,elitize_generation_data,292,194,0.639,NA
294,83,syllables,tourney,FALSE,20,elitize_generation_data,293,169,0.634,NA
295,83,syllables,tourney,FALSE,20,elitize_generation_data,294,172,0.647,NA
296,83,syllables,tourney,FALSE,20,elitize_generation_data,295,170,0.637,NA
297,83,syllables,tourney,FALSE,20,elitize_generation_data,296,177,0.649,NA
298,83,syllables,tourney,FALSE,20,elitize_generation_data,297,184,0.653,NA
299,83,syllables,tourney,FALSE,20,elitize_generation_data,298,183,0.633,NA
300,83,syllables,tourney,FALSE,20,elitize_generation_data,299,179,0.655,NA
301,83,syllables,tourney,FALSE,20,elitize_generation_data,300,176,0.682,NA
