,run.num,problem,treatment,succeeded,height,normalization.function,generation,cluster.count,error.diversity,success.generation
1,51,syllables,tourney,FALSE,20,elitize_generation_data,0,3,0.26,NA
2,51,syllables,tourney,FALSE,20,elitize_generation_data,1,3,0.174,NA
3,51,syllables,tourney,FALSE,20,elitize_generation_data,2,4,0.197,NA
4,51,syllables,tourney,FALSE,20,elitize_generation_data,3,6,0.118,NA
5,51,syllables,tourney,FALSE,20,elitize_generation_data,4,8,0.105,NA
6,51,syllables,tourney,FALSE,20,elitize_generation_data,5,9,0.143,NA
7,51,syllables,tourney,FALSE,20,elitize_generation_data,6,8,0.156,NA
8,51,syllables,tourney,FALSE,20,elitize_generation_data,7,7,0.074,NA
9,51,syllables,tourney,FALSE,20,elitize_generation_data,8,9,0.063,NA
10,51,syllables,tourney,FALSE,20,elitize_generation_data,9,7,0.066,NA
11,51,syllables,tourney,FALSE,20,elitize_generation_data,10,5,0.048,NA
12,51,syllables,tourney,FALSE,20,elitize_generation_data,11,6,0.042,NA
13,51,syllables,tourney,FALSE,20,elitize_generation_data,12,6,0.045,NA
14,51,syllables,tourney,FALSE,20,elitize_generation_data,13,5,0.047,NA
15,51,syllables,tourney,FALSE,20,elitize_generation_data,14,5,0.05,NA
16,51,syllables,tourney,FALSE,20,elitize_generation_data,15,5,0.044,NA
17,51,syllables,tourney,FALSE,20,elitize_generation_data,16,6,0.052,NA
18,51,syllables,tourney,FALSE,20,elitize_generation_data,17,6,0.048,NA
19,51,syllables,tourney,FALSE,20,elitize_generation_data,18,5,0.046,NA
20,51,syllables,tourney,FALSE,20,elitize_generation_data,19,5,0.046,NA
21,51,syllables,tourney,FALSE,20,elitize_generation_data,20,5,0.035,NA
22,51,syllables,tourney,FALSE,20,elitize_generation_data,21,5,0.036,NA
23,51,syllables,tourney,FALSE,20,elitize_generation_data,22,5,0.06,NA
24,51,syllables,tourney,FALSE,20,elitize_generation_data,23,5,0.051,NA
25,51,syllables,tourney,FALSE,20,elitize_generation_data,24,6,0.034,NA
26,51,syllables,tourney,FALSE,20,elitize_generation_data,25,6,0.046,NA
27,51,syllables,tourney,FALSE,20,elitize_generation_data,26,5,0.035,NA
28,51,syllables,tourney,FALSE,20,elitize_generation_data,27,5,0.045,NA
29,51,syllables,tourney,FALSE,20,elitize_generation_data,28,5,0.039,NA
30,51,syllables,tourney,FALSE,20,elitize_generation_data,29,6,0.043,NA
31,51,syllables,tourney,FALSE,20,elitize_generation_data,30,5,0.035,NA
32,51,syllables,tourney,FALSE,20,elitize_generation_data,31,5,0.043,NA
33,51,syllables,tourney,FALSE,20,elitize_generation_data,32,4,0.032,NA
34,51,syllables,tourney,FALSE,20,elitize_generation_data,33,5,0.035,NA
35,51,syllables,tourney,FALSE,20,elitize_generation_data,34,4,0.033,NA
36,51,syllables,tourney,FALSE,20,elitize_generation_data,35,4,0.034,NA
37,51,syllables,tourney,FALSE,20,elitize_generation_data,36,5,0.04,NA
38,51,syllables,tourney,FALSE,20,elitize_generation_data,37,6,0.051,NA
39,51,syllables,tourney,FALSE,20,elitize_generation_data,38,5,0.043,NA
40,51,syllables,tourney,FALSE,20,elitize_generation_data,39,6,0.042,NA
41,51,syllables,tourney,FALSE,20,elitize_generation_data,40,4,0.031,NA
42,51,syllables,tourney,FALSE,20,elitize_generation_data,41,5,0.028,NA
43,51,syllables,tourney,FALSE,20,elitize_generation_data,42,5,0.035,NA
44,51,syllables,tourney,FALSE,20,elitize_generation_data,43,5,0.034,NA
45,51,syllables,tourney,FALSE,20,elitize_generation_data,44,5,0.048,NA
46,51,syllables,tourney,FALSE,20,elitize_generation_data,45,5,0.044,NA
47,51,syllables,tourney,FALSE,20,elitize_generation_data,46,4,0.036,NA
48,51,syllables,tourney,FALSE,20,elitize_generation_data,47,4,0.029,NA
49,51,syllables,tourney,FALSE,20,elitize_generation_data,48,4,0.043,NA
50,51,syllables,tourney,FALSE,20,elitize_generation_data,49,5,0.03,NA
51,51,syllables,tourney,FALSE,20,elitize_generation_data,50,5,0.035,NA
52,51,syllables,tourney,FALSE,20,elitize_generation_data,51,6,0.035,NA
53,51,syllables,tourney,FALSE,20,elitize_generation_data,52,5,0.033,NA
54,51,syllables,tourney,FALSE,20,elitize_generation_data,53,4,0.029,NA
55,51,syllables,tourney,FALSE,20,elitize_generation_data,54,5,0.031,NA
56,51,syllables,tourney,FALSE,20,elitize_generation_data,55,4,0.028,NA
57,51,syllables,tourney,FALSE,20,elitize_generation_data,56,4,0.032,NA
58,51,syllables,tourney,FALSE,20,elitize_generation_data,57,4,0.028,NA
59,51,syllables,tourney,FALSE,20,elitize_generation_data,58,5,0.041,NA
60,51,syllables,tourney,FALSE,20,elitize_generation_data,59,4,0.033,NA
61,51,syllables,tourney,FALSE,20,elitize_generation_data,60,5,0.033,NA
62,51,syllables,tourney,FALSE,20,elitize_generation_data,61,4,0.039,NA
63,51,syllables,tourney,FALSE,20,elitize_generation_data,62,5,0.038,NA
64,51,syllables,tourney,FALSE,20,elitize_generation_data,63,5,0.032,NA
65,51,syllables,tourney,FALSE,20,elitize_generation_data,64,5,0.025,NA
66,51,syllables,tourney,FALSE,20,elitize_generation_data,65,4,0.031,NA
67,51,syllables,tourney,FALSE,20,elitize_generation_data,66,5,0.023,NA
68,51,syllables,tourney,FALSE,20,elitize_generation_data,67,5,0.039,NA
69,51,syllables,tourney,FALSE,20,elitize_generation_data,68,5,0.034,NA
70,51,syllables,tourney,FALSE,20,elitize_generation_data,69,5,0.036,NA
71,51,syllables,tourney,FALSE,20,elitize_generation_data,70,5,0.038,NA
72,51,syllables,tourney,FALSE,20,elitize_generation_data,71,5,0.033,NA
73,51,syllables,tourney,FALSE,20,elitize_generation_data,72,7,0.032,NA
74,51,syllables,tourney,FALSE,20,elitize_generation_data,73,4,0.035,NA
75,51,syllables,tourney,FALSE,20,elitize_generation_data,74,4,0.034,NA
76,51,syllables,tourney,FALSE,20,elitize_generation_data,75,4,0.033,NA
77,51,syllables,tourney,FALSE,20,elitize_generation_data,76,5,0.029,NA
78,51,syllables,tourney,FALSE,20,elitize_generation_data,77,4,0.037,NA
79,51,syllables,tourney,FALSE,20,elitize_generation_data,78,5,0.038,NA
80,51,syllables,tourney,FALSE,20,elitize_generation_data,79,4,0.035,NA
81,51,syllables,tourney,FALSE,20,elitize_generation_data,80,5,0.033,NA
82,51,syllables,tourney,FALSE,20,elitize_generation_data,81,5,0.033,NA
83,51,syllables,tourney,FALSE,20,elitize_generation_data,82,5,0.033,NA
84,51,syllables,tourney,FALSE,20,elitize_generation_data,83,5,0.03,NA
85,51,syllables,tourney,FALSE,20,elitize_generation_data,84,4,0.034,NA
86,51,syllables,tourney,FALSE,20,elitize_generation_data,85,5,0.031,NA
87,51,syllables,tourney,FALSE,20,elitize_generation_data,86,4,0.033,NA
88,51,syllables,tourney,FALSE,20,elitize_generation_data,87,5,0.03,NA
89,51,syllables,tourney,FALSE,20,elitize_generation_data,88,5,0.034,NA
90,51,syllables,tourney,FALSE,20,elitize_generation_data,89,5,0.03,NA
91,51,syllables,tourney,FALSE,20,elitize_generation_data,90,4,0.026,NA
92,51,syllables,tourney,FALSE,20,elitize_generation_data,91,4,0.026,NA
93,51,syllables,tourney,FALSE,20,elitize_generation_data,92,5,0.028,NA
94,51,syllables,tourney,FALSE,20,elitize_generation_data,93,4,0.028,NA
95,51,syllables,tourney,FALSE,20,elitize_generation_data,94,4,0.028,NA
96,51,syllables,tourney,FALSE,20,elitize_generation_data,95,5,0.029,NA
97,51,syllables,tourney,FALSE,20,elitize_generation_data,96,4,0.035,NA
98,51,syllables,tourney,FALSE,20,elitize_generation_data,97,4,0.023,NA
99,51,syllables,tourney,FALSE,20,elitize_generation_data,98,4,0.034,NA
100,51,syllables,tourney,FALSE,20,elitize_generation_data,99,6,0.025,NA
101,51,syllables,tourney,FALSE,20,elitize_generation_data,100,4,0.023,NA
102,51,syllables,tourney,FALSE,20,elitize_generation_data,101,4,0.029,NA
103,51,syllables,tourney,FALSE,20,elitize_generation_data,102,5,0.033,NA
104,51,syllables,tourney,FALSE,20,elitize_generation_data,103,4,0.024,NA
105,51,syllables,tourney,FALSE,20,elitize_generation_data,104,4,0.024,NA
106,51,syllables,tourney,FALSE,20,elitize_generation_data,105,4,0.031,NA
107,51,syllables,tourney,FALSE,20,elitize_generation_data,106,4,0.029,NA
108,51,syllables,tourney,FALSE,20,elitize_generation_data,107,4,0.024,NA
109,51,syllables,tourney,FALSE,20,elitize_generation_data,108,4,0.021,NA
110,51,syllables,tourney,FALSE,20,elitize_generation_data,109,6,0.029,NA
111,51,syllables,tourney,FALSE,20,elitize_generation_data,110,5,0.025,NA
112,51,syllables,tourney,FALSE,20,elitize_generation_data,111,5,0.023,NA
113,51,syllables,tourney,FALSE,20,elitize_generation_data,112,4,0.024,NA
114,51,syllables,tourney,FALSE,20,elitize_generation_data,113,4,0.021,NA
115,51,syllables,tourney,FALSE,20,elitize_generation_data,114,4,0.022,NA
116,51,syllables,tourney,FALSE,20,elitize_generation_data,115,5,0.032,NA
117,51,syllables,tourney,FALSE,20,elitize_generation_data,116,4,0.024,NA
118,51,syllables,tourney,FALSE,20,elitize_generation_data,117,5,0.024,NA
119,51,syllables,tourney,FALSE,20,elitize_generation_data,118,5,0.023,NA
120,51,syllables,tourney,FALSE,20,elitize_generation_data,119,4,0.027,NA
121,51,syllables,tourney,FALSE,20,elitize_generation_data,120,5,0.021,NA
122,51,syllables,tourney,FALSE,20,elitize_generation_data,121,4,0.024,NA
123,51,syllables,tourney,FALSE,20,elitize_generation_data,122,4,0.02,NA
124,51,syllables,tourney,FALSE,20,elitize_generation_data,123,5,0.02,NA
125,51,syllables,tourney,FALSE,20,elitize_generation_data,124,5,0.02,NA
126,51,syllables,tourney,FALSE,20,elitize_generation_data,125,4,0.021,NA
127,51,syllables,tourney,FALSE,20,elitize_generation_data,126,4,0.022,NA
128,51,syllables,tourney,FALSE,20,elitize_generation_data,127,4,0.019,NA
129,51,syllables,tourney,FALSE,20,elitize_generation_data,128,4,0.015,NA
130,51,syllables,tourney,FALSE,20,elitize_generation_data,129,4,0.022,NA
131,51,syllables,tourney,FALSE,20,elitize_generation_data,130,4,0.021,NA
132,51,syllables,tourney,FALSE,20,elitize_generation_data,131,4,0.021,NA
133,51,syllables,tourney,FALSE,20,elitize_generation_data,132,4,0.019,NA
134,51,syllables,tourney,FALSE,20,elitize_generation_data,133,4,0.021,NA
135,51,syllables,tourney,FALSE,20,elitize_generation_data,134,5,0.022,NA
136,51,syllables,tourney,FALSE,20,elitize_generation_data,135,4,0.023,NA
137,51,syllables,tourney,FALSE,20,elitize_generation_data,136,4,0.022,NA
138,51,syllables,tourney,FALSE,20,elitize_generation_data,137,4,0.02,NA
139,51,syllables,tourney,FALSE,20,elitize_generation_data,138,4,0.015,NA
140,51,syllables,tourney,FALSE,20,elitize_generation_data,139,4,0.018,NA
141,51,syllables,tourney,FALSE,20,elitize_generation_data,140,4,0.015,NA
142,51,syllables,tourney,FALSE,20,elitize_generation_data,141,4,0.018,NA
143,51,syllables,tourney,FALSE,20,elitize_generation_data,142,4,0.02,NA
144,51,syllables,tourney,FALSE,20,elitize_generation_data,143,4,0.016,NA
145,51,syllables,tourney,FALSE,20,elitize_generation_data,144,4,0.017,NA
146,51,syllables,tourney,FALSE,20,elitize_generation_data,145,5,0.019,NA
147,51,syllables,tourney,FALSE,20,elitize_generation_data,146,4,0.021,NA
148,51,syllables,tourney,FALSE,20,elitize_generation_data,147,4,0.016,NA
149,51,syllables,tourney,FALSE,20,elitize_generation_data,148,4,0.016,NA
150,51,syllables,tourney,FALSE,20,elitize_generation_data,149,5,0.02,NA
151,51,syllables,tourney,FALSE,20,elitize_generation_data,150,4,0.019,NA
152,51,syllables,tourney,FALSE,20,elitize_generation_data,151,4,0.02,NA
153,51,syllables,tourney,FALSE,20,elitize_generation_data,152,4,0.016,NA
154,51,syllables,tourney,FALSE,20,elitize_generation_data,153,4,0.019,NA
155,51,syllables,tourney,FALSE,20,elitize_generation_data,154,5,0.014,NA
156,51,syllables,tourney,FALSE,20,elitize_generation_data,155,5,0.02,NA
157,51,syllables,tourney,FALSE,20,elitize_generation_data,156,4,0.021,NA
158,51,syllables,tourney,FALSE,20,elitize_generation_data,157,5,0.021,NA
159,51,syllables,tourney,FALSE,20,elitize_generation_data,158,4,0.019,NA
160,51,syllables,tourney,FALSE,20,elitize_generation_data,159,4,0.019,NA
161,51,syllables,tourney,FALSE,20,elitize_generation_data,160,4,0.022,NA
162,51,syllables,tourney,FALSE,20,elitize_generation_data,161,4,0.017,NA
163,51,syllables,tourney,FALSE,20,elitize_generation_data,162,4,0.02,NA
164,51,syllables,tourney,FALSE,20,elitize_generation_data,163,4,0.018,NA
165,51,syllables,tourney,FALSE,20,elitize_generation_data,164,4,0.016,NA
166,51,syllables,tourney,FALSE,20,elitize_generation_data,165,4,0.016,NA
167,51,syllables,tourney,FALSE,20,elitize_generation_data,166,5,0.021,NA
168,51,syllables,tourney,FALSE,20,elitize_generation_data,167,4,0.02,NA
169,51,syllables,tourney,FALSE,20,elitize_generation_data,168,4,0.025,NA
170,51,syllables,tourney,FALSE,20,elitize_generation_data,169,4,0.018,NA
171,51,syllables,tourney,FALSE,20,elitize_generation_data,170,5,0.02,NA
172,51,syllables,tourney,FALSE,20,elitize_generation_data,171,4,0.014,NA
173,51,syllables,tourney,FALSE,20,elitize_generation_data,172,4,0.018,NA
174,51,syllables,tourney,FALSE,20,elitize_generation_data,173,4,0.017,NA
175,51,syllables,tourney,FALSE,20,elitize_generation_data,174,4,0.018,NA
176,51,syllables,tourney,FALSE,20,elitize_generation_data,175,4,0.015,NA
177,51,syllables,tourney,FALSE,20,elitize_generation_data,176,4,0.013,NA
178,51,syllables,tourney,FALSE,20,elitize_generation_data,177,4,0.017,NA
179,51,syllables,tourney,FALSE,20,elitize_generation_data,178,4,0.018,NA
180,51,syllables,tourney,FALSE,20,elitize_generation_data,179,4,0.017,NA
181,51,syllables,tourney,FALSE,20,elitize_generation_data,180,4,0.018,NA
182,51,syllables,tourney,FALSE,20,elitize_generation_data,181,4,0.016,NA
183,51,syllables,tourney,FALSE,20,elitize_generation_data,182,4,0.015,NA
184,51,syllables,tourney,FALSE,20,elitize_generation_data,183,4,0.015,NA
185,51,syllables,tourney,FALSE,20,elitize_generation_data,184,4,0.022,NA
186,51,syllables,tourney,FALSE,20,elitize_generation_data,185,4,0.013,NA
187,51,syllables,tourney,FALSE,20,elitize_generation_data,186,5,0.015,NA
188,51,syllables,tourney,FALSE,20,elitize_generation_data,187,4,0.012,NA
189,51,syllables,tourney,FALSE,20,elitize_generation_data,188,4,0.013,NA
190,51,syllables,tourney,FALSE,20,elitize_generation_data,189,4,0.014,NA
191,51,syllables,tourney,FALSE,20,elitize_generation_data,190,4,0.013,NA
192,51,syllables,tourney,FALSE,20,elitize_generation_data,191,5,0.015,NA
193,51,syllables,tourney,FALSE,20,elitize_generation_data,192,4,0.015,NA
194,51,syllables,tourney,FALSE,20,elitize_generation_data,193,4,0.015,NA
195,51,syllables,tourney,FALSE,20,elitize_generation_data,194,4,0.014,NA
196,51,syllables,tourney,FALSE,20,elitize_generation_data,195,4,0.014,NA
197,51,syllables,tourney,FALSE,20,elitize_generation_data,196,4,0.011,NA
198,51,syllables,tourney,FALSE,20,elitize_generation_data,197,4,0.011,NA
199,51,syllables,tourney,FALSE,20,elitize_generation_data,198,4,0.014,NA
200,51,syllables,tourney,FALSE,20,elitize_generation_data,199,4,0.017,NA
201,51,syllables,tourney,FALSE,20,elitize_generation_data,200,4,0.013,NA
202,51,syllables,tourney,FALSE,20,elitize_generation_data,201,4,0.017,NA
203,51,syllables,tourney,FALSE,20,elitize_generation_data,202,4,0.015,NA
204,51,syllables,tourney,FALSE,20,elitize_generation_data,203,4,0.014,NA
205,51,syllables,tourney,FALSE,20,elitize_generation_data,204,4,0.009,NA
206,51,syllables,tourney,FALSE,20,elitize_generation_data,205,4,0.014,NA
207,51,syllables,tourney,FALSE,20,elitize_generation_data,206,4,0.01,NA
208,51,syllables,tourney,FALSE,20,elitize_generation_data,207,4,0.012,NA
209,51,syllables,tourney,FALSE,20,elitize_generation_data,208,4,0.013,NA
210,51,syllables,tourney,FALSE,20,elitize_generation_data,209,5,0.013,NA
211,51,syllables,tourney,FALSE,20,elitize_generation_data,210,4,0.012,NA
212,51,syllables,tourney,FALSE,20,elitize_generation_data,211,4,0.019,NA
213,51,syllables,tourney,FALSE,20,elitize_generation_data,212,4,0.014,NA
214,51,syllables,tourney,FALSE,20,elitize_generation_data,213,4,0.012,NA
215,51,syllables,tourney,FALSE,20,elitize_generation_data,214,4,0.015,NA
216,51,syllables,tourney,FALSE,20,elitize_generation_data,215,4,0.015,NA
217,51,syllables,tourney,FALSE,20,elitize_generation_data,216,4,0.009,NA
218,51,syllables,tourney,FALSE,20,elitize_generation_data,217,4,0.013,NA
219,51,syllables,tourney,FALSE,20,elitize_generation_data,218,4,0.015,NA
220,51,syllables,tourney,FALSE,20,elitize_generation_data,219,4,0.013,NA
221,51,syllables,tourney,FALSE,20,elitize_generation_data,220,4,0.009,NA
222,51,syllables,tourney,FALSE,20,elitize_generation_data,221,4,0.01,NA
223,51,syllables,tourney,FALSE,20,elitize_generation_data,222,4,0.009,NA
224,51,syllables,tourney,FALSE,20,elitize_generation_data,223,4,0.013,NA
225,51,syllables,tourney,FALSE,20,elitize_generation_data,224,4,0.012,NA
226,51,syllables,tourney,FALSE,20,elitize_generation_data,225,4,0.016,NA
227,51,syllables,tourney,FALSE,20,elitize_generation_data,226,4,0.015,NA
228,51,syllables,tourney,FALSE,20,elitize_generation_data,227,4,0.014,NA
229,51,syllables,tourney,FALSE,20,elitize_generation_data,228,4,0.016,NA
230,51,syllables,tourney,FALSE,20,elitize_generation_data,229,4,0.007,NA
231,51,syllables,tourney,FALSE,20,elitize_generation_data,230,4,0.012,NA
232,51,syllables,tourney,FALSE,20,elitize_generation_data,231,4,0.01,NA
233,51,syllables,tourney,FALSE,20,elitize_generation_data,232,4,0.011,NA
234,51,syllables,tourney,FALSE,20,elitize_generation_data,233,4,0.014,NA
235,51,syllables,tourney,FALSE,20,elitize_generation_data,234,4,0.01,NA
236,51,syllables,tourney,FALSE,20,elitize_generation_data,235,4,0.013,NA
237,51,syllables,tourney,FALSE,20,elitize_generation_data,236,4,0.012,NA
238,51,syllables,tourney,FALSE,20,elitize_generation_data,237,4,0.01,NA
239,51,syllables,tourney,FALSE,20,elitize_generation_data,238,4,0.01,NA
240,51,syllables,tourney,FALSE,20,elitize_generation_data,239,4,0.012,NA
241,51,syllables,tourney,FALSE,20,elitize_generation_data,240,4,0.011,NA
242,51,syllables,tourney,FALSE,20,elitize_generation_data,241,4,0.016,NA
243,51,syllables,tourney,FALSE,20,elitize_generation_data,242,4,0.01,NA
244,51,syllables,tourney,FALSE,20,elitize_generation_data,243,4,0.013,NA
245,51,syllables,tourney,FALSE,20,elitize_generation_data,244,4,0.01,NA
246,51,syllables,tourney,FALSE,20,elitize_generation_data,245,4,0.012,NA
247,51,syllables,tourney,FALSE,20,elitize_generation_data,246,4,0.015,NA
248,51,syllables,tourney,FALSE,20,elitize_generation_data,247,4,0.013,NA
249,51,syllables,tourney,FALSE,20,elitize_generation_data,248,4,0.015,NA
250,51,syllables,tourney,FALSE,20,elitize_generation_data,249,4,0.012,NA
251,51,syllables,tourney,FALSE,20,elitize_generation_data,250,4,0.013,NA
252,51,syllables,tourney,FALSE,20,elitize_generation_data,251,4,0.011,NA
253,51,syllables,tourney,FALSE,20,elitize_generation_data,252,4,0.014,NA
254,51,syllables,tourney,FALSE,20,elitize_generation_data,253,4,0.014,NA
255,51,syllables,tourney,FALSE,20,elitize_generation_data,254,4,0.015,NA
256,51,syllables,tourney,FALSE,20,elitize_generation_data,255,4,0.011,NA
257,51,syllables,tourney,FALSE,20,elitize_generation_data,256,4,0.012,NA
258,51,syllables,tourney,FALSE,20,elitize_generation_data,257,4,0.015,NA
259,51,syllables,tourney,FALSE,20,elitize_generation_data,258,4,0.015,NA
260,51,syllables,tourney,FALSE,20,elitize_generation_data,259,4,0.011,NA
261,51,syllables,tourney,FALSE,20,elitize_generation_data,260,5,0.014,NA
262,51,syllables,tourney,FALSE,20,elitize_generation_data,261,4,0.009,NA
263,51,syllables,tourney,FALSE,20,elitize_generation_data,262,4,0.009,NA
264,51,syllables,tourney,FALSE,20,elitize_generation_data,263,4,0.011,NA
265,51,syllables,tourney,FALSE,20,elitize_generation_data,264,4,0.015,NA
266,51,syllables,tourney,FALSE,20,elitize_generation_data,265,5,0.013,NA
267,51,syllables,tourney,FALSE,20,elitize_generation_data,266,4,0.012,NA
268,51,syllables,tourney,FALSE,20,elitize_generation_data,267,4,0.009,NA
269,51,syllables,tourney,FALSE,20,elitize_generation_data,268,4,0.008,NA
270,51,syllables,tourney,FALSE,20,elitize_generation_data,269,4,0.015,NA
271,51,syllables,tourney,FALSE,20,elitize_generation_data,270,4,0.016,NA
272,51,syllables,tourney,FALSE,20,elitize_generation_data,271,4,0.012,NA
273,51,syllables,tourney,FALSE,20,elitize_generation_data,272,4,0.013,NA
274,51,syllables,tourney,FALSE,20,elitize_generation_data,273,4,0.01,NA
275,51,syllables,tourney,FALSE,20,elitize_generation_data,274,4,0.011,NA
276,51,syllables,tourney,FALSE,20,elitize_generation_data,275,4,0.013,NA
277,51,syllables,tourney,FALSE,20,elitize_generation_data,276,5,0.013,NA
278,51,syllables,tourney,FALSE,20,elitize_generation_data,277,4,0.014,NA
279,51,syllables,tourney,FALSE,20,elitize_generation_data,278,4,0.011,NA
280,51,syllables,tourney,FALSE,20,elitize_generation_data,279,4,0.012,NA
281,51,syllables,tourney,FALSE,20,elitize_generation_data,280,4,0.01,NA
282,51,syllables,tourney,FALSE,20,elitize_generation_data,281,4,0.014,NA
283,51,syllables,tourney,FALSE,20,elitize_generation_data,282,4,0.016,NA
284,51,syllables,tourney,FALSE,20,elitize_generation_data,283,4,0.011,NA
285,51,syllables,tourney,FALSE,20,elitize_generation_data,284,4,0.017,NA
286,51,syllables,tourney,FALSE,20,elitize_generation_data,285,4,0.012,NA
287,51,syllables,tourney,FALSE,20,elitize_generation_data,286,4,0.01,NA
288,51,syllables,tourney,FALSE,20,elitize_generation_data,287,4,0.013,NA
289,51,syllables,tourney,FALSE,20,elitize_generation_data,288,4,0.016,NA
290,51,syllables,tourney,FALSE,20,elitize_generation_data,289,4,0.015,NA
291,51,syllables,tourney,FALSE,20,elitize_generation_data,290,4,0.012,NA
292,51,syllables,tourney,FALSE,20,elitize_generation_data,291,4,0.012,NA
293,51,syllables,tourney,FALSE,20,elitize_generation_data,292,5,0.013,NA
294,51,syllables,tourney,FALSE,20,elitize_generation_data,293,4,0.011,NA
295,51,syllables,tourney,FALSE,20,elitize_generation_data,294,4,0.008,NA
296,51,syllables,tourney,FALSE,20,elitize_generation_data,295,4,0.014,NA
297,51,syllables,tourney,FALSE,20,elitize_generation_data,296,5,0.012,NA
298,51,syllables,tourney,FALSE,20,elitize_generation_data,297,4,0.014,NA
299,51,syllables,tourney,FALSE,20,elitize_generation_data,298,4,0.012,NA
300,51,syllables,tourney,FALSE,20,elitize_generation_data,299,4,0.013,NA
301,51,syllables,tourney,FALSE,20,elitize_generation_data,300,4,0.011,NA
