,run.num,problem,treatment,succeeded,height,normalization.function,generation,cluster.count,error.diversity,success.generation
1,57,syllables,tourney,FALSE,20,elitize_generation_data,0,3,0.249,NA
2,57,syllables,tourney,FALSE,20,elitize_generation_data,1,3,0.175,NA
3,57,syllables,tourney,FALSE,20,elitize_generation_data,2,5,0.211,NA
4,57,syllables,tourney,FALSE,20,elitize_generation_data,3,6,0.129,NA
5,57,syllables,tourney,FALSE,20,elitize_generation_data,4,8,0.143,NA
6,57,syllables,tourney,FALSE,20,elitize_generation_data,5,9,0.184,NA
7,57,syllables,tourney,FALSE,20,elitize_generation_data,6,10,0.234,NA
8,57,syllables,tourney,FALSE,20,elitize_generation_data,7,10,0.136,NA
9,57,syllables,tourney,FALSE,20,elitize_generation_data,8,7,0.151,NA
10,57,syllables,tourney,FALSE,20,elitize_generation_data,9,10,0.145,NA
11,57,syllables,tourney,FALSE,20,elitize_generation_data,10,9,0.152,NA
12,57,syllables,tourney,FALSE,20,elitize_generation_data,11,9,0.124,NA
13,57,syllables,tourney,FALSE,20,elitize_generation_data,12,7,0.127,NA
14,57,syllables,tourney,FALSE,20,elitize_generation_data,13,9,0.123,NA
15,57,syllables,tourney,FALSE,20,elitize_generation_data,14,10,0.12,NA
16,57,syllables,tourney,FALSE,20,elitize_generation_data,15,10,0.119,NA
17,57,syllables,tourney,FALSE,20,elitize_generation_data,16,8,0.125,NA
18,57,syllables,tourney,FALSE,20,elitize_generation_data,17,10,0.117,NA
19,57,syllables,tourney,FALSE,20,elitize_generation_data,18,10,0.111,NA
20,57,syllables,tourney,FALSE,20,elitize_generation_data,19,10,0.099,NA
21,57,syllables,tourney,FALSE,20,elitize_generation_data,20,10,0.1,NA
22,57,syllables,tourney,FALSE,20,elitize_generation_data,21,9,0.112,NA
23,57,syllables,tourney,FALSE,20,elitize_generation_data,22,7,0.106,NA
24,57,syllables,tourney,FALSE,20,elitize_generation_data,23,10,0.094,NA
25,57,syllables,tourney,FALSE,20,elitize_generation_data,24,10,0.128,NA
26,57,syllables,tourney,FALSE,20,elitize_generation_data,25,11,0.146,NA
27,57,syllables,tourney,FALSE,20,elitize_generation_data,26,12,0.129,NA
28,57,syllables,tourney,FALSE,20,elitize_generation_data,27,11,0.102,NA
29,57,syllables,tourney,FALSE,20,elitize_generation_data,28,10,0.126,NA
30,57,syllables,tourney,FALSE,20,elitize_generation_data,29,11,0.161,NA
31,57,syllables,tourney,FALSE,20,elitize_generation_data,30,14,0.187,NA
32,57,syllables,tourney,FALSE,20,elitize_generation_data,31,15,0.2,NA
33,57,syllables,tourney,FALSE,20,elitize_generation_data,32,15,0.2,NA
34,57,syllables,tourney,FALSE,20,elitize_generation_data,33,18,0.185,NA
35,57,syllables,tourney,FALSE,20,elitize_generation_data,34,26,0.24,NA
36,57,syllables,tourney,FALSE,20,elitize_generation_data,35,35,0.262,NA
37,57,syllables,tourney,FALSE,20,elitize_generation_data,36,34,0.271,NA
38,57,syllables,tourney,FALSE,20,elitize_generation_data,37,39,0.276,NA
39,57,syllables,tourney,FALSE,20,elitize_generation_data,38,54,0.302,NA
40,57,syllables,tourney,FALSE,20,elitize_generation_data,39,48,0.29,NA
41,57,syllables,tourney,FALSE,20,elitize_generation_data,40,49,0.275,NA
42,57,syllables,tourney,FALSE,20,elitize_generation_data,41,51,0.274,NA
43,57,syllables,tourney,FALSE,20,elitize_generation_data,42,52,0.316,NA
44,57,syllables,tourney,FALSE,20,elitize_generation_data,43,58,0.27,NA
45,57,syllables,tourney,FALSE,20,elitize_generation_data,44,54,0.258,NA
46,57,syllables,tourney,FALSE,20,elitize_generation_data,45,47,0.277,NA
47,57,syllables,tourney,FALSE,20,elitize_generation_data,46,44,0.285,NA
48,57,syllables,tourney,FALSE,20,elitize_generation_data,47,57,0.289,NA
49,57,syllables,tourney,FALSE,20,elitize_generation_data,48,52,0.298,NA
50,57,syllables,tourney,FALSE,20,elitize_generation_data,49,52,0.276,NA
51,57,syllables,tourney,FALSE,20,elitize_generation_data,50,57,0.281,NA
52,57,syllables,tourney,FALSE,20,elitize_generation_data,51,61,0.285,NA
53,57,syllables,tourney,FALSE,20,elitize_generation_data,52,56,0.273,NA
54,57,syllables,tourney,FALSE,20,elitize_generation_data,53,50,0.31,NA
55,57,syllables,tourney,FALSE,20,elitize_generation_data,54,53,0.309,NA
56,57,syllables,tourney,FALSE,20,elitize_generation_data,55,48,0.29,NA
57,57,syllables,tourney,FALSE,20,elitize_generation_data,56,52,0.299,NA
58,57,syllables,tourney,FALSE,20,elitize_generation_data,57,55,0.294,NA
59,57,syllables,tourney,FALSE,20,elitize_generation_data,58,53,0.305,NA
60,57,syllables,tourney,FALSE,20,elitize_generation_data,59,57,0.297,NA
61,57,syllables,tourney,FALSE,20,elitize_generation_data,60,56,0.309,NA
62,57,syllables,tourney,FALSE,20,elitize_generation_data,61,52,0.288,NA
63,57,syllables,tourney,FALSE,20,elitize_generation_data,62,57,0.291,NA
64,57,syllables,tourney,FALSE,20,elitize_generation_data,63,55,0.326,NA
65,57,syllables,tourney,FALSE,20,elitize_generation_data,64,58,0.301,NA
66,57,syllables,tourney,FALSE,20,elitize_generation_data,65,50,0.299,NA
67,57,syllables,tourney,FALSE,20,elitize_generation_data,66,54,0.298,NA
68,57,syllables,tourney,FALSE,20,elitize_generation_data,67,58,0.265,NA
69,57,syllables,tourney,FALSE,20,elitize_generation_data,68,53,0.281,NA
70,57,syllables,tourney,FALSE,20,elitize_generation_data,69,55,0.307,NA
71,57,syllables,tourney,FALSE,20,elitize_generation_data,70,57,0.311,NA
72,57,syllables,tourney,FALSE,20,elitize_generation_data,71,48,0.29,NA
73,57,syllables,tourney,FALSE,20,elitize_generation_data,72,58,0.331,NA
74,57,syllables,tourney,FALSE,20,elitize_generation_data,73,56,0.299,NA
75,57,syllables,tourney,FALSE,20,elitize_generation_data,74,55,0.299,NA
76,57,syllables,tourney,FALSE,20,elitize_generation_data,75,50,0.307,NA
77,57,syllables,tourney,FALSE,20,elitize_generation_data,76,55,0.308,NA
78,57,syllables,tourney,FALSE,20,elitize_generation_data,77,49,0.297,NA
79,57,syllables,tourney,FALSE,20,elitize_generation_data,78,50,0.303,NA
80,57,syllables,tourney,FALSE,20,elitize_generation_data,79,62,0.316,NA
81,57,syllables,tourney,FALSE,20,elitize_generation_data,80,50,0.308,NA
82,57,syllables,tourney,FALSE,20,elitize_generation_data,81,56,0.322,NA
83,57,syllables,tourney,FALSE,20,elitize_generation_data,82,56,0.331,NA
84,57,syllables,tourney,FALSE,20,elitize_generation_data,83,51,0.337,NA
85,57,syllables,tourney,FALSE,20,elitize_generation_data,84,57,0.32,NA
86,57,syllables,tourney,FALSE,20,elitize_generation_data,85,50,0.309,NA
87,57,syllables,tourney,FALSE,20,elitize_generation_data,86,52,0.329,NA
88,57,syllables,tourney,FALSE,20,elitize_generation_data,87,53,0.316,NA
89,57,syllables,tourney,FALSE,20,elitize_generation_data,88,55,0.329,NA
90,57,syllables,tourney,FALSE,20,elitize_generation_data,89,66,0.364,NA
91,57,syllables,tourney,FALSE,20,elitize_generation_data,90,69,0.305,NA
92,57,syllables,tourney,FALSE,20,elitize_generation_data,91,50,0.32,NA
93,57,syllables,tourney,FALSE,20,elitize_generation_data,92,52,0.326,NA
94,57,syllables,tourney,FALSE,20,elitize_generation_data,93,68,0.328,NA
95,57,syllables,tourney,FALSE,20,elitize_generation_data,94,61,0.325,NA
96,57,syllables,tourney,FALSE,20,elitize_generation_data,95,63,0.336,NA
97,57,syllables,tourney,FALSE,20,elitize_generation_data,96,53,0.321,NA
98,57,syllables,tourney,FALSE,20,elitize_generation_data,97,60,0.325,NA
99,57,syllables,tourney,FALSE,20,elitize_generation_data,98,56,0.346,NA
100,57,syllables,tourney,FALSE,20,elitize_generation_data,99,60,0.323,NA
101,57,syllables,tourney,FALSE,20,elitize_generation_data,100,63,0.324,NA
102,57,syllables,tourney,FALSE,20,elitize_generation_data,101,63,0.326,NA
103,57,syllables,tourney,FALSE,20,elitize_generation_data,102,67,0.344,NA
104,57,syllables,tourney,FALSE,20,elitize_generation_data,103,76,0.335,NA
105,57,syllables,tourney,FALSE,20,elitize_generation_data,104,76,0.333,NA
106,57,syllables,tourney,FALSE,20,elitize_generation_data,105,72,0.37,NA
107,57,syllables,tourney,FALSE,20,elitize_generation_data,106,70,0.36,NA
108,57,syllables,tourney,FALSE,20,elitize_generation_data,107,77,0.369,NA
109,57,syllables,tourney,FALSE,20,elitize_generation_data,108,69,0.355,NA
110,57,syllables,tourney,FALSE,20,elitize_generation_data,109,67,0.339,NA
111,57,syllables,tourney,FALSE,20,elitize_generation_data,110,65,0.342,NA
112,57,syllables,tourney,FALSE,20,elitize_generation_data,111,72,0.345,NA
113,57,syllables,tourney,FALSE,20,elitize_generation_data,112,69,0.344,NA
114,57,syllables,tourney,FALSE,20,elitize_generation_data,113,70,0.377,NA
115,57,syllables,tourney,FALSE,20,elitize_generation_data,114,67,0.368,NA
116,57,syllables,tourney,FALSE,20,elitize_generation_data,115,71,0.378,NA
117,57,syllables,tourney,FALSE,20,elitize_generation_data,116,66,0.338,NA
118,57,syllables,tourney,FALSE,20,elitize_generation_data,117,71,0.355,NA
119,57,syllables,tourney,FALSE,20,elitize_generation_data,118,68,0.366,NA
120,57,syllables,tourney,FALSE,20,elitize_generation_data,119,73,0.363,NA
121,57,syllables,tourney,FALSE,20,elitize_generation_data,120,69,0.353,NA
122,57,syllables,tourney,FALSE,20,elitize_generation_data,121,68,0.386,NA
123,57,syllables,tourney,FALSE,20,elitize_generation_data,122,66,0.373,NA
124,57,syllables,tourney,FALSE,20,elitize_generation_data,123,72,0.378,NA
125,57,syllables,tourney,FALSE,20,elitize_generation_data,124,75,0.359,NA
126,57,syllables,tourney,FALSE,20,elitize_generation_data,125,63,0.352,NA
127,57,syllables,tourney,FALSE,20,elitize_generation_data,126,69,0.374,NA
128,57,syllables,tourney,FALSE,20,elitize_generation_data,127,75,0.371,NA
129,57,syllables,tourney,FALSE,20,elitize_generation_data,128,74,0.369,NA
130,57,syllables,tourney,FALSE,20,elitize_generation_data,129,60,0.362,NA
131,57,syllables,tourney,FALSE,20,elitize_generation_data,130,76,0.367,NA
132,57,syllables,tourney,FALSE,20,elitize_generation_data,131,67,0.379,NA
133,57,syllables,tourney,FALSE,20,elitize_generation_data,132,69,0.356,NA
134,57,syllables,tourney,FALSE,20,elitize_generation_data,133,68,0.374,NA
135,57,syllables,tourney,FALSE,20,elitize_generation_data,134,73,0.365,NA
136,57,syllables,tourney,FALSE,20,elitize_generation_data,135,64,0.395,NA
137,57,syllables,tourney,FALSE,20,elitize_generation_data,136,81,0.383,NA
138,57,syllables,tourney,FALSE,20,elitize_generation_data,137,74,0.42,NA
139,57,syllables,tourney,FALSE,20,elitize_generation_data,138,71,0.385,NA
140,57,syllables,tourney,FALSE,20,elitize_generation_data,139,75,0.371,NA
141,57,syllables,tourney,FALSE,20,elitize_generation_data,140,78,0.384,NA
142,57,syllables,tourney,FALSE,20,elitize_generation_data,141,82,0.393,NA
143,57,syllables,tourney,FALSE,20,elitize_generation_data,142,84,0.387,NA
144,57,syllables,tourney,FALSE,20,elitize_generation_data,143,79,0.368,NA
145,57,syllables,tourney,FALSE,20,elitize_generation_data,144,88,0.38,NA
146,57,syllables,tourney,FALSE,20,elitize_generation_data,145,82,0.361,NA
147,57,syllables,tourney,FALSE,20,elitize_generation_data,146,90,0.387,NA
148,57,syllables,tourney,FALSE,20,elitize_generation_data,147,81,0.383,NA
149,57,syllables,tourney,FALSE,20,elitize_generation_data,148,85,0.37,NA
150,57,syllables,tourney,FALSE,20,elitize_generation_data,149,80,0.361,NA
151,57,syllables,tourney,FALSE,20,elitize_generation_data,150,84,0.379,NA
152,57,syllables,tourney,FALSE,20,elitize_generation_data,151,80,0.378,NA
153,57,syllables,tourney,FALSE,20,elitize_generation_data,152,91,0.386,NA
154,57,syllables,tourney,FALSE,20,elitize_generation_data,153,85,0.375,NA
155,57,syllables,tourney,FALSE,20,elitize_generation_data,154,75,0.365,NA
156,57,syllables,tourney,FALSE,20,elitize_generation_data,155,85,0.384,NA
157,57,syllables,tourney,FALSE,20,elitize_generation_data,156,74,0.402,NA
158,57,syllables,tourney,FALSE,20,elitize_generation_data,157,89,0.393,NA
159,57,syllables,tourney,FALSE,20,elitize_generation_data,158,91,0.387,NA
160,57,syllables,tourney,FALSE,20,elitize_generation_data,159,89,0.417,NA
161,57,syllables,tourney,FALSE,20,elitize_generation_data,160,109,0.435,NA
162,57,syllables,tourney,FALSE,20,elitize_generation_data,161,93,0.401,NA
163,57,syllables,tourney,FALSE,20,elitize_generation_data,162,97,0.398,NA
164,57,syllables,tourney,FALSE,20,elitize_generation_data,163,97,0.405,NA
165,57,syllables,tourney,FALSE,20,elitize_generation_data,164,101,0.425,NA
166,57,syllables,tourney,FALSE,20,elitize_generation_data,165,101,0.417,NA
167,57,syllables,tourney,FALSE,20,elitize_generation_data,166,83,0.403,NA
168,57,syllables,tourney,FALSE,20,elitize_generation_data,167,99,0.427,NA
169,57,syllables,tourney,FALSE,20,elitize_generation_data,168,86,0.421,NA
170,57,syllables,tourney,FALSE,20,elitize_generation_data,169,101,0.433,NA
171,57,syllables,tourney,FALSE,20,elitize_generation_data,170,94,0.423,NA
172,57,syllables,tourney,FALSE,20,elitize_generation_data,171,92,0.401,NA
173,57,syllables,tourney,FALSE,20,elitize_generation_data,172,93,0.392,NA
174,57,syllables,tourney,FALSE,20,elitize_generation_data,173,98,0.408,NA
175,57,syllables,tourney,FALSE,20,elitize_generation_data,174,95,0.411,NA
176,57,syllables,tourney,FALSE,20,elitize_generation_data,175,114,0.432,NA
177,57,syllables,tourney,FALSE,20,elitize_generation_data,176,100,0.414,NA
178,57,syllables,tourney,FALSE,20,elitize_generation_data,177,108,0.434,NA
179,57,syllables,tourney,FALSE,20,elitize_generation_data,178,94,0.437,NA
180,57,syllables,tourney,FALSE,20,elitize_generation_data,179,108,0.46,NA
181,57,syllables,tourney,FALSE,20,elitize_generation_data,180,106,0.46,NA
182,57,syllables,tourney,FALSE,20,elitize_generation_data,181,115,0.445,NA
183,57,syllables,tourney,FALSE,20,elitize_generation_data,182,108,0.467,NA
184,57,syllables,tourney,FALSE,20,elitize_generation_data,183,110,0.468,NA
185,57,syllables,tourney,FALSE,20,elitize_generation_data,184,104,0.484,NA
186,57,syllables,tourney,FALSE,20,elitize_generation_data,185,100,0.453,NA
187,57,syllables,tourney,FALSE,20,elitize_generation_data,186,107,0.486,NA
188,57,syllables,tourney,FALSE,20,elitize_generation_data,187,102,0.483,NA
189,57,syllables,tourney,FALSE,20,elitize_generation_data,188,97,0.477,NA
190,57,syllables,tourney,FALSE,20,elitize_generation_data,189,99,0.461,NA
191,57,syllables,tourney,FALSE,20,elitize_generation_data,190,96,0.439,NA
192,57,syllables,tourney,FALSE,20,elitize_generation_data,191,107,0.408,NA
193,57,syllables,tourney,FALSE,20,elitize_generation_data,192,100,0.455,NA
194,57,syllables,tourney,FALSE,20,elitize_generation_data,193,102,0.435,NA
195,57,syllables,tourney,FALSE,20,elitize_generation_data,194,86,0.414,NA
196,57,syllables,tourney,FALSE,20,elitize_generation_data,195,106,0.435,NA
197,57,syllables,tourney,FALSE,20,elitize_generation_data,196,120,0.45,NA
198,57,syllables,tourney,FALSE,20,elitize_generation_data,197,107,0.425,NA
199,57,syllables,tourney,FALSE,20,elitize_generation_data,198,109,0.459,NA
200,57,syllables,tourney,FALSE,20,elitize_generation_data,199,100,0.424,NA
201,57,syllables,tourney,FALSE,20,elitize_generation_data,200,103,0.448,NA
202,57,syllables,tourney,FALSE,20,elitize_generation_data,201,109,0.444,NA
203,57,syllables,tourney,FALSE,20,elitize_generation_data,202,105,0.441,NA
204,57,syllables,tourney,FALSE,20,elitize_generation_data,203,95,0.453,NA
205,57,syllables,tourney,FALSE,20,elitize_generation_data,204,99,0.453,NA
206,57,syllables,tourney,FALSE,20,elitize_generation_data,205,98,0.435,NA
207,57,syllables,tourney,FALSE,20,elitize_generation_data,206,100,0.429,NA
208,57,syllables,tourney,FALSE,20,elitize_generation_data,207,99,0.401,NA
209,57,syllables,tourney,FALSE,20,elitize_generation_data,208,91,0.416,NA
210,57,syllables,tourney,FALSE,20,elitize_generation_data,209,100,0.423,NA
211,57,syllables,tourney,FALSE,20,elitize_generation_data,210,93,0.437,NA
212,57,syllables,tourney,FALSE,20,elitize_generation_data,211,94,0.447,NA
213,57,syllables,tourney,FALSE,20,elitize_generation_data,212,103,0.455,NA
214,57,syllables,tourney,FALSE,20,elitize_generation_data,213,93,0.425,NA
215,57,syllables,tourney,FALSE,20,elitize_generation_data,214,101,0.414,NA
216,57,syllables,tourney,FALSE,20,elitize_generation_data,215,108,0.429,NA
217,57,syllables,tourney,FALSE,20,elitize_generation_data,216,100,0.432,NA
218,57,syllables,tourney,FALSE,20,elitize_generation_data,217,123,0.43,NA
219,57,syllables,tourney,FALSE,20,elitize_generation_data,218,114,0.445,NA
220,57,syllables,tourney,FALSE,20,elitize_generation_data,219,116,0.426,NA
221,57,syllables,tourney,FALSE,20,elitize_generation_data,220,102,0.455,NA
222,57,syllables,tourney,FALSE,20,elitize_generation_data,221,102,0.442,NA
223,57,syllables,tourney,FALSE,20,elitize_generation_data,222,107,0.439,NA
224,57,syllables,tourney,FALSE,20,elitize_generation_data,223,102,0.461,NA
225,57,syllables,tourney,FALSE,20,elitize_generation_data,224,115,0.455,NA
226,57,syllables,tourney,FALSE,20,elitize_generation_data,225,111,0.449,NA
227,57,syllables,tourney,FALSE,20,elitize_generation_data,226,103,0.44,NA
228,57,syllables,tourney,FALSE,20,elitize_generation_data,227,94,0.426,NA
229,57,syllables,tourney,FALSE,20,elitize_generation_data,228,100,0.438,NA
230,57,syllables,tourney,FALSE,20,elitize_generation_data,229,110,0.452,NA
231,57,syllables,tourney,FALSE,20,elitize_generation_data,230,91,0.432,NA
232,57,syllables,tourney,FALSE,20,elitize_generation_data,231,112,0.437,NA
233,57,syllables,tourney,FALSE,20,elitize_generation_data,232,93,0.421,NA
234,57,syllables,tourney,FALSE,20,elitize_generation_data,233,111,0.424,NA
235,57,syllables,tourney,FALSE,20,elitize_generation_data,234,107,0.42,NA
236,57,syllables,tourney,FALSE,20,elitize_generation_data,235,98,0.418,NA
237,57,syllables,tourney,FALSE,20,elitize_generation_data,236,96,0.439,NA
238,57,syllables,tourney,FALSE,20,elitize_generation_data,237,102,0.458,NA
239,57,syllables,tourney,FALSE,20,elitize_generation_data,238,99,0.437,NA
240,57,syllables,tourney,FALSE,20,elitize_generation_data,239,100,0.454,NA
241,57,syllables,tourney,FALSE,20,elitize_generation_data,240,94,0.443,NA
242,57,syllables,tourney,FALSE,20,elitize_generation_data,241,103,0.463,NA
243,57,syllables,tourney,FALSE,20,elitize_generation_data,242,103,0.456,NA
244,57,syllables,tourney,FALSE,20,elitize_generation_data,243,101,0.433,NA
245,57,syllables,tourney,FALSE,20,elitize_generation_data,244,104,0.436,NA
246,57,syllables,tourney,FALSE,20,elitize_generation_data,245,99,0.411,NA
247,57,syllables,tourney,FALSE,20,elitize_generation_data,246,109,0.421,NA
248,57,syllables,tourney,FALSE,20,elitize_generation_data,247,99,0.441,NA
249,57,syllables,tourney,FALSE,20,elitize_generation_data,248,109,0.433,NA
250,57,syllables,tourney,FALSE,20,elitize_generation_data,249,102,0.42,NA
251,57,syllables,tourney,FALSE,20,elitize_generation_data,250,107,0.453,NA
252,57,syllables,tourney,FALSE,20,elitize_generation_data,251,111,0.446,NA
253,57,syllables,tourney,FALSE,20,elitize_generation_data,252,94,0.448,NA
254,57,syllables,tourney,FALSE,20,elitize_generation_data,253,108,0.471,NA
255,57,syllables,tourney,FALSE,20,elitize_generation_data,254,110,0.454,NA
256,57,syllables,tourney,FALSE,20,elitize_generation_data,255,98,0.445,NA
257,57,syllables,tourney,FALSE,20,elitize_generation_data,256,99,0.429,NA
258,57,syllables,tourney,FALSE,20,elitize_generation_data,257,99,0.423,NA
259,57,syllables,tourney,FALSE,20,elitize_generation_data,258,112,0.445,NA
260,57,syllables,tourney,FALSE,20,elitize_generation_data,259,91,0.419,NA
261,57,syllables,tourney,FALSE,20,elitize_generation_data,260,106,0.463,NA
262,57,syllables,tourney,FALSE,20,elitize_generation_data,261,98,0.45,NA
263,57,syllables,tourney,FALSE,20,elitize_generation_data,262,104,0.461,NA
264,57,syllables,tourney,FALSE,20,elitize_generation_data,263,111,0.435,NA
265,57,syllables,tourney,FALSE,20,elitize_generation_data,264,88,0.418,NA
266,57,syllables,tourney,FALSE,20,elitize_generation_data,265,111,0.451,NA
267,57,syllables,tourney,FALSE,20,elitize_generation_data,266,101,0.468,NA
268,57,syllables,tourney,FALSE,20,elitize_generation_data,267,105,0.426,NA
269,57,syllables,tourney,FALSE,20,elitize_generation_data,268,107,0.453,NA
270,57,syllables,tourney,FALSE,20,elitize_generation_data,269,107,0.44,NA
271,57,syllables,tourney,FALSE,20,elitize_generation_data,270,107,0.447,NA
272,57,syllables,tourney,FALSE,20,elitize_generation_data,271,99,0.43,NA
273,57,syllables,tourney,FALSE,20,elitize_generation_data,272,101,0.448,NA
274,57,syllables,tourney,FALSE,20,elitize_generation_data,273,96,0.422,NA
275,57,syllables,tourney,FALSE,20,elitize_generation_data,274,103,0.415,NA
276,57,syllables,tourney,FALSE,20,elitize_generation_data,275,111,0.423,NA
277,57,syllables,tourney,FALSE,20,elitize_generation_data,276,108,0.446,NA
278,57,syllables,tourney,FALSE,20,elitize_generation_data,277,98,0.421,NA
279,57,syllables,tourney,FALSE,20,elitize_generation_data,278,90,0.402,NA
280,57,syllables,tourney,FALSE,20,elitize_generation_data,279,109,0.43,NA
281,57,syllables,tourney,FALSE,20,elitize_generation_data,280,106,0.425,NA
282,57,syllables,tourney,FALSE,20,elitize_generation_data,281,106,0.437,NA
283,57,syllables,tourney,FALSE,20,elitize_generation_data,282,108,0.416,NA
284,57,syllables,tourney,FALSE,20,elitize_generation_data,283,108,0.436,NA
285,57,syllables,tourney,FALSE,20,elitize_generation_data,284,99,0.453,NA
286,57,syllables,tourney,FALSE,20,elitize_generation_data,285,97,0.46,NA
287,57,syllables,tourney,FALSE,20,elitize_generation_data,286,93,0.456,NA
288,57,syllables,tourney,FALSE,20,elitize_generation_data,287,103,0.481,NA
289,57,syllables,tourney,FALSE,20,elitize_generation_data,288,100,0.459,NA
290,57,syllables,tourney,FALSE,20,elitize_generation_data,289,108,0.476,NA
291,57,syllables,tourney,FALSE,20,elitize_generation_data,290,108,0.455,NA
292,57,syllables,tourney,FALSE,20,elitize_generation_data,291,100,0.433,NA
293,57,syllables,tourney,FALSE,20,elitize_generation_data,292,90,0.438,NA
294,57,syllables,tourney,FALSE,20,elitize_generation_data,293,95,0.45,NA
295,57,syllables,tourney,FALSE,20,elitize_generation_data,294,107,0.463,NA
296,57,syllables,tourney,FALSE,20,elitize_generation_data,295,111,0.465,NA
297,57,syllables,tourney,FALSE,20,elitize_generation_data,296,101,0.474,NA
298,57,syllables,tourney,FALSE,20,elitize_generation_data,297,105,0.484,NA
299,57,syllables,tourney,FALSE,20,elitize_generation_data,298,106,0.511,NA
300,57,syllables,tourney,FALSE,20,elitize_generation_data,299,108,0.489,NA
301,57,syllables,tourney,FALSE,20,elitize_generation_data,300,97,0.49,NA
