,run.num,problem,treatment,succeeded,height,normalization.function,generation,cluster.count,error.diversity,success.generation
1,24,syllables,tourney,FALSE,20,elitize_generation_data,0,4,0.261,NA
2,24,syllables,tourney,FALSE,20,elitize_generation_data,1,4,0.185,NA
3,24,syllables,tourney,FALSE,20,elitize_generation_data,2,6,0.187,NA
4,24,syllables,tourney,FALSE,20,elitize_generation_data,3,7,0.14,NA
5,24,syllables,tourney,FALSE,20,elitize_generation_data,4,9,0.165,NA
6,24,syllables,tourney,FALSE,20,elitize_generation_data,5,9,0.211,NA
7,24,syllables,tourney,FALSE,20,elitize_generation_data,6,10,0.17,NA
8,24,syllables,tourney,FALSE,20,elitize_generation_data,7,10,0.085,NA
9,24,syllables,tourney,FALSE,20,elitize_generation_data,8,10,0.053,NA
10,24,syllables,tourney,FALSE,20,elitize_generation_data,9,9,0.043,NA
11,24,syllables,tourney,FALSE,20,elitize_generation_data,10,10,0.044,NA
12,24,syllables,tourney,FALSE,20,elitize_generation_data,11,10,0.041,NA
13,24,syllables,tourney,FALSE,20,elitize_generation_data,12,12,0.043,NA
14,24,syllables,tourney,FALSE,20,elitize_generation_data,13,9,0.052,NA
15,24,syllables,tourney,FALSE,20,elitize_generation_data,14,10,0.067,NA
16,24,syllables,tourney,FALSE,20,elitize_generation_data,15,10,0.076,NA
17,24,syllables,tourney,FALSE,20,elitize_generation_data,16,10,0.097,NA
18,24,syllables,tourney,FALSE,20,elitize_generation_data,17,9,0.087,NA
19,24,syllables,tourney,FALSE,20,elitize_generation_data,18,9,0.076,NA
20,24,syllables,tourney,FALSE,20,elitize_generation_data,19,11,0.092,NA
21,24,syllables,tourney,FALSE,20,elitize_generation_data,20,8,0.086,NA
22,24,syllables,tourney,FALSE,20,elitize_generation_data,21,10,0.063,NA
23,24,syllables,tourney,FALSE,20,elitize_generation_data,22,9,0.07,NA
24,24,syllables,tourney,FALSE,20,elitize_generation_data,23,10,0.072,NA
25,24,syllables,tourney,FALSE,20,elitize_generation_data,24,10,0.05,NA
26,24,syllables,tourney,FALSE,20,elitize_generation_data,25,10,0.059,NA
27,24,syllables,tourney,FALSE,20,elitize_generation_data,26,8,0.064,NA
28,24,syllables,tourney,FALSE,20,elitize_generation_data,27,9,0.058,NA
29,24,syllables,tourney,FALSE,20,elitize_generation_data,28,9,0.059,NA
30,24,syllables,tourney,FALSE,20,elitize_generation_data,29,8,0.062,NA
31,24,syllables,tourney,FALSE,20,elitize_generation_data,30,9,0.058,NA
32,24,syllables,tourney,FALSE,20,elitize_generation_data,31,8,0.058,NA
33,24,syllables,tourney,FALSE,20,elitize_generation_data,32,9,0.078,NA
34,24,syllables,tourney,FALSE,20,elitize_generation_data,33,10,0.086,NA
35,24,syllables,tourney,FALSE,20,elitize_generation_data,34,11,0.117,NA
36,24,syllables,tourney,FALSE,20,elitize_generation_data,35,13,0.128,NA
37,24,syllables,tourney,FALSE,20,elitize_generation_data,36,12,0.139,NA
38,24,syllables,tourney,FALSE,20,elitize_generation_data,37,12,0.151,NA
39,24,syllables,tourney,FALSE,20,elitize_generation_data,38,14,0.173,NA
40,24,syllables,tourney,FALSE,20,elitize_generation_data,39,14,0.143,NA
41,24,syllables,tourney,FALSE,20,elitize_generation_data,40,15,0.185,NA
42,24,syllables,tourney,FALSE,20,elitize_generation_data,41,18,0.199,NA
43,24,syllables,tourney,FALSE,20,elitize_generation_data,42,24,0.16,NA
44,24,syllables,tourney,FALSE,20,elitize_generation_data,43,23,0.14,NA
45,24,syllables,tourney,FALSE,20,elitize_generation_data,44,23,0.177,NA
46,24,syllables,tourney,FALSE,20,elitize_generation_data,45,27,0.189,NA
47,24,syllables,tourney,FALSE,20,elitize_generation_data,46,22,0.187,NA
48,24,syllables,tourney,FALSE,20,elitize_generation_data,47,26,0.203,NA
49,24,syllables,tourney,FALSE,20,elitize_generation_data,48,30,0.259,NA
50,24,syllables,tourney,FALSE,20,elitize_generation_data,49,31,0.292,NA
51,24,syllables,tourney,FALSE,20,elitize_generation_data,50,37,0.283,NA
52,24,syllables,tourney,FALSE,20,elitize_generation_data,51,40,0.307,NA
53,24,syllables,tourney,FALSE,20,elitize_generation_data,52,48,0.368,NA
54,24,syllables,tourney,FALSE,20,elitize_generation_data,53,49,0.389,NA
55,24,syllables,tourney,FALSE,20,elitize_generation_data,54,53,0.423,NA
56,24,syllables,tourney,FALSE,20,elitize_generation_data,55,57,0.379,NA
57,24,syllables,tourney,FALSE,20,elitize_generation_data,56,53,0.38,NA
58,24,syllables,tourney,FALSE,20,elitize_generation_data,57,52,0.361,NA
59,24,syllables,tourney,FALSE,20,elitize_generation_data,58,50,0.331,NA
60,24,syllables,tourney,FALSE,20,elitize_generation_data,59,49,0.335,NA
61,24,syllables,tourney,FALSE,20,elitize_generation_data,60,49,0.335,NA
62,24,syllables,tourney,FALSE,20,elitize_generation_data,61,53,0.341,NA
63,24,syllables,tourney,FALSE,20,elitize_generation_data,62,45,0.329,NA
64,24,syllables,tourney,FALSE,20,elitize_generation_data,63,46,0.343,NA
65,24,syllables,tourney,FALSE,20,elitize_generation_data,64,44,0.344,NA
66,24,syllables,tourney,FALSE,20,elitize_generation_data,65,50,0.33,NA
67,24,syllables,tourney,FALSE,20,elitize_generation_data,66,43,0.324,NA
68,24,syllables,tourney,FALSE,20,elitize_generation_data,67,46,0.328,NA
69,24,syllables,tourney,FALSE,20,elitize_generation_data,68,47,0.327,NA
70,24,syllables,tourney,FALSE,20,elitize_generation_data,69,52,0.341,NA
71,24,syllables,tourney,FALSE,20,elitize_generation_data,70,43,0.341,NA
72,24,syllables,tourney,FALSE,20,elitize_generation_data,71,42,0.327,NA
73,24,syllables,tourney,FALSE,20,elitize_generation_data,72,48,0.333,NA
74,24,syllables,tourney,FALSE,20,elitize_generation_data,73,44,0.343,NA
75,24,syllables,tourney,FALSE,20,elitize_generation_data,74,51,0.363,NA
76,24,syllables,tourney,FALSE,20,elitize_generation_data,75,48,0.335,NA
77,24,syllables,tourney,FALSE,20,elitize_generation_data,76,48,0.348,NA
78,24,syllables,tourney,FALSE,20,elitize_generation_data,77,59,0.363,NA
79,24,syllables,tourney,FALSE,20,elitize_generation_data,78,47,0.358,NA
80,24,syllables,tourney,FALSE,20,elitize_generation_data,79,47,0.339,NA
81,24,syllables,tourney,FALSE,20,elitize_generation_data,80,42,0.327,NA
82,24,syllables,tourney,FALSE,20,elitize_generation_data,81,49,0.337,NA
83,24,syllables,tourney,FALSE,20,elitize_generation_data,82,54,0.352,NA
84,24,syllables,tourney,FALSE,20,elitize_generation_data,83,49,0.349,NA
85,24,syllables,tourney,FALSE,20,elitize_generation_data,84,52,0.348,NA
86,24,syllables,tourney,FALSE,20,elitize_generation_data,85,53,0.35,NA
87,24,syllables,tourney,FALSE,20,elitize_generation_data,86,46,0.376,NA
88,24,syllables,tourney,FALSE,20,elitize_generation_data,87,51,0.379,NA
89,24,syllables,tourney,FALSE,20,elitize_generation_data,88,51,0.382,NA
90,24,syllables,tourney,FALSE,20,elitize_generation_data,89,54,0.397,NA
91,24,syllables,tourney,FALSE,20,elitize_generation_data,90,54,0.389,NA
92,24,syllables,tourney,FALSE,20,elitize_generation_data,91,59,0.37,NA
93,24,syllables,tourney,FALSE,20,elitize_generation_data,92,51,0.374,NA
94,24,syllables,tourney,FALSE,20,elitize_generation_data,93,55,0.365,NA
95,24,syllables,tourney,FALSE,20,elitize_generation_data,94,53,0.383,NA
96,24,syllables,tourney,FALSE,20,elitize_generation_data,95,54,0.359,NA
97,24,syllables,tourney,FALSE,20,elitize_generation_data,96,53,0.37,NA
98,24,syllables,tourney,FALSE,20,elitize_generation_data,97,59,0.348,NA
99,24,syllables,tourney,FALSE,20,elitize_generation_data,98,51,0.356,NA
100,24,syllables,tourney,FALSE,20,elitize_generation_data,99,54,0.37,NA
101,24,syllables,tourney,FALSE,20,elitize_generation_data,100,48,0.373,NA
102,24,syllables,tourney,FALSE,20,elitize_generation_data,101,48,0.361,NA
103,24,syllables,tourney,FALSE,20,elitize_generation_data,102,53,0.341,NA
104,24,syllables,tourney,FALSE,20,elitize_generation_data,103,54,0.365,NA
105,24,syllables,tourney,FALSE,20,elitize_generation_data,104,49,0.35,NA
106,24,syllables,tourney,FALSE,20,elitize_generation_data,105,46,0.322,NA
107,24,syllables,tourney,FALSE,20,elitize_generation_data,106,44,0.362,NA
108,24,syllables,tourney,FALSE,20,elitize_generation_data,107,48,0.342,NA
109,24,syllables,tourney,FALSE,20,elitize_generation_data,108,52,0.372,NA
110,24,syllables,tourney,FALSE,20,elitize_generation_data,109,52,0.343,NA
111,24,syllables,tourney,FALSE,20,elitize_generation_data,110,48,0.347,NA
112,24,syllables,tourney,FALSE,20,elitize_generation_data,111,49,0.323,NA
113,24,syllables,tourney,FALSE,20,elitize_generation_data,112,47,0.335,NA
114,24,syllables,tourney,FALSE,20,elitize_generation_data,113,48,0.326,NA
115,24,syllables,tourney,FALSE,20,elitize_generation_data,114,50,0.364,NA
116,24,syllables,tourney,FALSE,20,elitize_generation_data,115,54,0.36,NA
117,24,syllables,tourney,FALSE,20,elitize_generation_data,116,50,0.34,NA
118,24,syllables,tourney,FALSE,20,elitize_generation_data,117,46,0.334,NA
119,24,syllables,tourney,FALSE,20,elitize_generation_data,118,55,0.358,NA
120,24,syllables,tourney,FALSE,20,elitize_generation_data,119,49,0.351,NA
121,24,syllables,tourney,FALSE,20,elitize_generation_data,120,58,0.351,NA
122,24,syllables,tourney,FALSE,20,elitize_generation_data,121,52,0.37,NA
123,24,syllables,tourney,FALSE,20,elitize_generation_data,122,53,0.364,NA
124,24,syllables,tourney,FALSE,20,elitize_generation_data,123,54,0.373,NA
125,24,syllables,tourney,FALSE,20,elitize_generation_data,124,54,0.365,NA
126,24,syllables,tourney,FALSE,20,elitize_generation_data,125,53,0.362,NA
127,24,syllables,tourney,FALSE,20,elitize_generation_data,126,58,0.368,NA
128,24,syllables,tourney,FALSE,20,elitize_generation_data,127,58,0.35,NA
129,24,syllables,tourney,FALSE,20,elitize_generation_data,128,61,0.353,NA
130,24,syllables,tourney,FALSE,20,elitize_generation_data,129,56,0.368,NA
131,24,syllables,tourney,FALSE,20,elitize_generation_data,130,66,0.37,NA
132,24,syllables,tourney,FALSE,20,elitize_generation_data,131,63,0.379,NA
133,24,syllables,tourney,FALSE,20,elitize_generation_data,132,55,0.368,NA
134,24,syllables,tourney,FALSE,20,elitize_generation_data,133,54,0.348,NA
135,24,syllables,tourney,FALSE,20,elitize_generation_data,134,57,0.346,NA
136,24,syllables,tourney,FALSE,20,elitize_generation_data,135,57,0.347,NA
137,24,syllables,tourney,FALSE,20,elitize_generation_data,136,55,0.339,NA
138,24,syllables,tourney,FALSE,20,elitize_generation_data,137,59,0.349,NA
139,24,syllables,tourney,FALSE,20,elitize_generation_data,138,55,0.379,NA
140,24,syllables,tourney,FALSE,20,elitize_generation_data,139,59,0.327,NA
141,24,syllables,tourney,FALSE,20,elitize_generation_data,140,61,0.352,NA
142,24,syllables,tourney,FALSE,20,elitize_generation_data,141,54,0.344,NA
143,24,syllables,tourney,FALSE,20,elitize_generation_data,142,58,0.347,NA
144,24,syllables,tourney,FALSE,20,elitize_generation_data,143,56,0.35,NA
145,24,syllables,tourney,FALSE,20,elitize_generation_data,144,46,0.355,NA
146,24,syllables,tourney,FALSE,20,elitize_generation_data,145,59,0.341,NA
147,24,syllables,tourney,FALSE,20,elitize_generation_data,146,62,0.35,NA
148,24,syllables,tourney,FALSE,20,elitize_generation_data,147,51,0.357,NA
149,24,syllables,tourney,FALSE,20,elitize_generation_data,148,56,0.355,NA
150,24,syllables,tourney,FALSE,20,elitize_generation_data,149,58,0.373,NA
151,24,syllables,tourney,FALSE,20,elitize_generation_data,150,67,0.377,NA
152,24,syllables,tourney,FALSE,20,elitize_generation_data,151,60,0.372,NA
153,24,syllables,tourney,FALSE,20,elitize_generation_data,152,62,0.358,NA
154,24,syllables,tourney,FALSE,20,elitize_generation_data,153,68,0.374,NA
155,24,syllables,tourney,FALSE,20,elitize_generation_data,154,69,0.409,NA
156,24,syllables,tourney,FALSE,20,elitize_generation_data,155,73,0.389,NA
157,24,syllables,tourney,FALSE,20,elitize_generation_data,156,89,0.441,NA
158,24,syllables,tourney,FALSE,20,elitize_generation_data,157,84,0.401,NA
159,24,syllables,tourney,FALSE,20,elitize_generation_data,158,72,0.379,NA
160,24,syllables,tourney,FALSE,20,elitize_generation_data,159,68,0.362,NA
161,24,syllables,tourney,FALSE,20,elitize_generation_data,160,77,0.391,NA
162,24,syllables,tourney,FALSE,20,elitize_generation_data,161,74,0.396,NA
163,24,syllables,tourney,FALSE,20,elitize_generation_data,162,75,0.423,NA
164,24,syllables,tourney,FALSE,20,elitize_generation_data,163,75,0.422,NA
165,24,syllables,tourney,FALSE,20,elitize_generation_data,164,78,0.416,NA
166,24,syllables,tourney,FALSE,20,elitize_generation_data,165,74,0.401,NA
167,24,syllables,tourney,FALSE,20,elitize_generation_data,166,68,0.378,NA
168,24,syllables,tourney,FALSE,20,elitize_generation_data,167,68,0.36,NA
169,24,syllables,tourney,FALSE,20,elitize_generation_data,168,62,0.369,NA
170,24,syllables,tourney,FALSE,20,elitize_generation_data,169,67,0.371,NA
171,24,syllables,tourney,FALSE,20,elitize_generation_data,170,79,0.416,NA
172,24,syllables,tourney,FALSE,20,elitize_generation_data,171,78,0.388,NA
173,24,syllables,tourney,FALSE,20,elitize_generation_data,172,72,0.417,NA
174,24,syllables,tourney,FALSE,20,elitize_generation_data,173,67,0.393,NA
175,24,syllables,tourney,FALSE,20,elitize_generation_data,174,75,0.389,NA
176,24,syllables,tourney,FALSE,20,elitize_generation_data,175,72,0.41,NA
177,24,syllables,tourney,FALSE,20,elitize_generation_data,176,82,0.411,NA
178,24,syllables,tourney,FALSE,20,elitize_generation_data,177,70,0.383,NA
179,24,syllables,tourney,FALSE,20,elitize_generation_data,178,84,0.42,NA
180,24,syllables,tourney,FALSE,20,elitize_generation_data,179,79,0.4,NA
181,24,syllables,tourney,FALSE,20,elitize_generation_data,180,73,0.392,NA
182,24,syllables,tourney,FALSE,20,elitize_generation_data,181,75,0.413,NA
183,24,syllables,tourney,FALSE,20,elitize_generation_data,182,70,0.385,NA
184,24,syllables,tourney,FALSE,20,elitize_generation_data,183,66,0.423,NA
185,24,syllables,tourney,FALSE,20,elitize_generation_data,184,79,0.405,NA
186,24,syllables,tourney,FALSE,20,elitize_generation_data,185,80,0.419,NA
187,24,syllables,tourney,FALSE,20,elitize_generation_data,186,75,0.393,NA
188,24,syllables,tourney,FALSE,20,elitize_generation_data,187,78,0.415,NA
189,24,syllables,tourney,FALSE,20,elitize_generation_data,188,75,0.435,NA
190,24,syllables,tourney,FALSE,20,elitize_generation_data,189,75,0.451,NA
191,24,syllables,tourney,FALSE,20,elitize_generation_data,190,75,0.405,NA
192,24,syllables,tourney,FALSE,20,elitize_generation_data,191,79,0.399,NA
193,24,syllables,tourney,FALSE,20,elitize_generation_data,192,74,0.409,NA
194,24,syllables,tourney,FALSE,20,elitize_generation_data,193,62,0.381,NA
195,24,syllables,tourney,FALSE,20,elitize_generation_data,194,72,0.383,NA
196,24,syllables,tourney,FALSE,20,elitize_generation_data,195,62,0.378,NA
197,24,syllables,tourney,FALSE,20,elitize_generation_data,196,65,0.388,NA
198,24,syllables,tourney,FALSE,20,elitize_generation_data,197,64,0.376,NA
199,24,syllables,tourney,FALSE,20,elitize_generation_data,198,62,0.383,NA
200,24,syllables,tourney,FALSE,20,elitize_generation_data,199,64,0.38,NA
201,24,syllables,tourney,FALSE,20,elitize_generation_data,200,71,0.388,NA
202,24,syllables,tourney,FALSE,20,elitize_generation_data,201,66,0.407,NA
203,24,syllables,tourney,FALSE,20,elitize_generation_data,202,65,0.388,NA
204,24,syllables,tourney,FALSE,20,elitize_generation_data,203,61,0.417,NA
205,24,syllables,tourney,FALSE,20,elitize_generation_data,204,64,0.365,NA
206,24,syllables,tourney,FALSE,20,elitize_generation_data,205,68,0.402,NA
207,24,syllables,tourney,FALSE,20,elitize_generation_data,206,63,0.397,NA
208,24,syllables,tourney,FALSE,20,elitize_generation_data,207,63,0.411,NA
209,24,syllables,tourney,FALSE,20,elitize_generation_data,208,64,0.387,NA
210,24,syllables,tourney,FALSE,20,elitize_generation_data,209,60,0.379,NA
211,24,syllables,tourney,FALSE,20,elitize_generation_data,210,71,0.412,NA
212,24,syllables,tourney,FALSE,20,elitize_generation_data,211,64,0.378,NA
213,24,syllables,tourney,FALSE,20,elitize_generation_data,212,64,0.394,NA
214,24,syllables,tourney,FALSE,20,elitize_generation_data,213,66,0.387,NA
215,24,syllables,tourney,FALSE,20,elitize_generation_data,214,57,0.381,NA
216,24,syllables,tourney,FALSE,20,elitize_generation_data,215,73,0.405,NA
217,24,syllables,tourney,FALSE,20,elitize_generation_data,216,65,0.385,NA
218,24,syllables,tourney,FALSE,20,elitize_generation_data,217,58,0.432,NA
219,24,syllables,tourney,FALSE,20,elitize_generation_data,218,70,0.394,NA
220,24,syllables,tourney,FALSE,20,elitize_generation_data,219,70,0.422,NA
221,24,syllables,tourney,FALSE,20,elitize_generation_data,220,62,0.387,NA
222,24,syllables,tourney,FALSE,20,elitize_generation_data,221,65,0.383,NA
223,24,syllables,tourney,FALSE,20,elitize_generation_data,222,67,0.379,NA
224,24,syllables,tourney,FALSE,20,elitize_generation_data,223,67,0.401,NA
225,24,syllables,tourney,FALSE,20,elitize_generation_data,224,67,0.422,NA
226,24,syllables,tourney,FALSE,20,elitize_generation_data,225,67,0.405,NA
227,24,syllables,tourney,FALSE,20,elitize_generation_data,226,62,0.419,NA
228,24,syllables,tourney,FALSE,20,elitize_generation_data,227,66,0.4,NA
229,24,syllables,tourney,FALSE,20,elitize_generation_data,228,72,0.418,NA
230,24,syllables,tourney,FALSE,20,elitize_generation_data,229,64,0.413,NA
231,24,syllables,tourney,FALSE,20,elitize_generation_data,230,66,0.432,NA
232,24,syllables,tourney,FALSE,20,elitize_generation_data,231,67,0.389,NA
233,24,syllables,tourney,FALSE,20,elitize_generation_data,232,58,0.4,NA
234,24,syllables,tourney,FALSE,20,elitize_generation_data,233,62,0.372,NA
235,24,syllables,tourney,FALSE,20,elitize_generation_data,234,55,0.361,NA
236,24,syllables,tourney,FALSE,20,elitize_generation_data,235,65,0.387,NA
237,24,syllables,tourney,FALSE,20,elitize_generation_data,236,64,0.406,NA
238,24,syllables,tourney,FALSE,20,elitize_generation_data,237,68,0.421,NA
239,24,syllables,tourney,FALSE,20,elitize_generation_data,238,59,0.39,NA
240,24,syllables,tourney,FALSE,20,elitize_generation_data,239,62,0.395,NA
241,24,syllables,tourney,FALSE,20,elitize_generation_data,240,60,0.408,NA
242,24,syllables,tourney,FALSE,20,elitize_generation_data,241,62,0.412,NA
243,24,syllables,tourney,FALSE,20,elitize_generation_data,242,62,0.436,NA
244,24,syllables,tourney,FALSE,20,elitize_generation_data,243,62,0.409,NA
245,24,syllables,tourney,FALSE,20,elitize_generation_data,244,62,0.396,NA
246,24,syllables,tourney,FALSE,20,elitize_generation_data,245,67,0.428,NA
247,24,syllables,tourney,FALSE,20,elitize_generation_data,246,61,0.453,NA
248,24,syllables,tourney,FALSE,20,elitize_generation_data,247,58,0.42,NA
249,24,syllables,tourney,FALSE,20,elitize_generation_data,248,57,0.441,NA
250,24,syllables,tourney,FALSE,20,elitize_generation_data,249,54,0.418,NA
251,24,syllables,tourney,FALSE,20,elitize_generation_data,250,53,0.411,NA
252,24,syllables,tourney,FALSE,20,elitize_generation_data,251,59,0.428,NA
253,24,syllables,tourney,FALSE,20,elitize_generation_data,252,51,0.426,NA
254,24,syllables,tourney,FALSE,20,elitize_generation_data,253,58,0.407,NA
255,24,syllables,tourney,FALSE,20,elitize_generation_data,254,66,0.412,NA
256,24,syllables,tourney,FALSE,20,elitize_generation_data,255,62,0.434,NA
257,24,syllables,tourney,FALSE,20,elitize_generation_data,256,62,0.393,NA
258,24,syllables,tourney,FALSE,20,elitize_generation_data,257,57,0.449,NA
259,24,syllables,tourney,FALSE,20,elitize_generation_data,258,54,0.425,NA
260,24,syllables,tourney,FALSE,20,elitize_generation_data,259,58,0.433,NA
261,24,syllables,tourney,FALSE,20,elitize_generation_data,260,62,0.423,NA
262,24,syllables,tourney,FALSE,20,elitize_generation_data,261,58,0.439,NA
263,24,syllables,tourney,FALSE,20,elitize_generation_data,262,61,0.446,NA
264,24,syllables,tourney,FALSE,20,elitize_generation_data,263,58,0.427,NA
265,24,syllables,tourney,FALSE,20,elitize_generation_data,264,61,0.428,NA
266,24,syllables,tourney,FALSE,20,elitize_generation_data,265,53,0.427,NA
267,24,syllables,tourney,FALSE,20,elitize_generation_data,266,61,0.431,NA
268,24,syllables,tourney,FALSE,20,elitize_generation_data,267,55,0.437,NA
269,24,syllables,tourney,FALSE,20,elitize_generation_data,268,64,0.423,NA
270,24,syllables,tourney,FALSE,20,elitize_generation_data,269,64,0.43,NA
271,24,syllables,tourney,FALSE,20,elitize_generation_data,270,60,0.416,NA
272,24,syllables,tourney,FALSE,20,elitize_generation_data,271,64,0.417,NA
273,24,syllables,tourney,FALSE,20,elitize_generation_data,272,56,0.417,NA
274,24,syllables,tourney,FALSE,20,elitize_generation_data,273,59,0.434,NA
275,24,syllables,tourney,FALSE,20,elitize_generation_data,274,57,0.448,NA
276,24,syllables,tourney,FALSE,20,elitize_generation_data,275,63,0.443,NA
277,24,syllables,tourney,FALSE,20,elitize_generation_data,276,62,0.426,NA
278,24,syllables,tourney,FALSE,20,elitize_generation_data,277,53,0.468,NA
279,24,syllables,tourney,FALSE,20,elitize_generation_data,278,55,0.465,NA
280,24,syllables,tourney,FALSE,20,elitize_generation_data,279,59,0.439,NA
281,24,syllables,tourney,FALSE,20,elitize_generation_data,280,51,0.464,NA
282,24,syllables,tourney,FALSE,20,elitize_generation_data,281,54,0.46,NA
283,24,syllables,tourney,FALSE,20,elitize_generation_data,282,58,0.474,NA
284,24,syllables,tourney,FALSE,20,elitize_generation_data,283,50,0.465,NA
285,24,syllables,tourney,FALSE,20,elitize_generation_data,284,63,0.461,NA
286,24,syllables,tourney,FALSE,20,elitize_generation_data,285,50,0.485,NA
287,24,syllables,tourney,FALSE,20,elitize_generation_data,286,47,0.449,NA
288,24,syllables,tourney,FALSE,20,elitize_generation_data,287,47,0.421,NA
289,24,syllables,tourney,FALSE,20,elitize_generation_data,288,52,0.42,NA
290,24,syllables,tourney,FALSE,20,elitize_generation_data,289,54,0.418,NA
291,24,syllables,tourney,FALSE,20,elitize_generation_data,290,48,0.455,NA
292,24,syllables,tourney,FALSE,20,elitize_generation_data,291,49,0.449,NA
293,24,syllables,tourney,FALSE,20,elitize_generation_data,292,50,0.477,NA
294,24,syllables,tourney,FALSE,20,elitize_generation_data,293,50,0.454,NA
295,24,syllables,tourney,FALSE,20,elitize_generation_data,294,51,0.436,NA
296,24,syllables,tourney,FALSE,20,elitize_generation_data,295,57,0.47,NA
297,24,syllables,tourney,FALSE,20,elitize_generation_data,296,45,0.46,NA
298,24,syllables,tourney,FALSE,20,elitize_generation_data,297,53,0.457,NA
299,24,syllables,tourney,FALSE,20,elitize_generation_data,298,47,0.458,NA
300,24,syllables,tourney,FALSE,20,elitize_generation_data,299,50,0.49,NA
301,24,syllables,tourney,FALSE,20,elitize_generation_data,300,45,0.457,NA
