,run.num,problem,treatment,succeeded,height,normalization.function,generation,cluster.count,error.diversity,success.generation
1,17,syllables,tourney,FALSE,20,elitize_generation_data,0,7,0.269,NA
2,17,syllables,tourney,FALSE,20,elitize_generation_data,1,5,0.234,NA
3,17,syllables,tourney,FALSE,20,elitize_generation_data,2,7,0.278,NA
4,17,syllables,tourney,FALSE,20,elitize_generation_data,3,9,0.256,NA
5,17,syllables,tourney,FALSE,20,elitize_generation_data,4,9,0.275,NA
6,17,syllables,tourney,FALSE,20,elitize_generation_data,5,9,0.114,NA
7,17,syllables,tourney,FALSE,20,elitize_generation_data,6,8,0.073,NA
8,17,syllables,tourney,FALSE,20,elitize_generation_data,7,9,0.058,NA
9,17,syllables,tourney,FALSE,20,elitize_generation_data,8,10,0.071,NA
10,17,syllables,tourney,FALSE,20,elitize_generation_data,9,9,0.068,NA
11,17,syllables,tourney,FALSE,20,elitize_generation_data,10,9,0.072,NA
12,17,syllables,tourney,FALSE,20,elitize_generation_data,11,8,0.063,NA
13,17,syllables,tourney,FALSE,20,elitize_generation_data,12,8,0.061,NA
14,17,syllables,tourney,FALSE,20,elitize_generation_data,13,8,0.051,NA
15,17,syllables,tourney,FALSE,20,elitize_generation_data,14,10,0.059,NA
16,17,syllables,tourney,FALSE,20,elitize_generation_data,15,9,0.051,NA
17,17,syllables,tourney,FALSE,20,elitize_generation_data,16,8,0.042,NA
18,17,syllables,tourney,FALSE,20,elitize_generation_data,17,7,0.06,NA
19,17,syllables,tourney,FALSE,20,elitize_generation_data,18,7,0.054,NA
20,17,syllables,tourney,FALSE,20,elitize_generation_data,19,8,0.047,NA
21,17,syllables,tourney,FALSE,20,elitize_generation_data,20,8,0.067,NA
22,17,syllables,tourney,FALSE,20,elitize_generation_data,21,10,0.067,NA
23,17,syllables,tourney,FALSE,20,elitize_generation_data,22,10,0.066,NA
24,17,syllables,tourney,FALSE,20,elitize_generation_data,23,12,0.07,NA
25,17,syllables,tourney,FALSE,20,elitize_generation_data,24,13,0.073,NA
26,17,syllables,tourney,FALSE,20,elitize_generation_data,25,15,0.082,NA
27,17,syllables,tourney,FALSE,20,elitize_generation_data,26,16,0.066,NA
28,17,syllables,tourney,FALSE,20,elitize_generation_data,27,18,0.062,NA
29,17,syllables,tourney,FALSE,20,elitize_generation_data,28,14,0.048,NA
30,17,syllables,tourney,FALSE,20,elitize_generation_data,29,18,0.063,NA
31,17,syllables,tourney,FALSE,20,elitize_generation_data,30,16,0.057,NA
32,17,syllables,tourney,FALSE,20,elitize_generation_data,31,15,0.061,NA
33,17,syllables,tourney,FALSE,20,elitize_generation_data,32,13,0.052,NA
34,17,syllables,tourney,FALSE,20,elitize_generation_data,33,17,0.055,NA
35,17,syllables,tourney,FALSE,20,elitize_generation_data,34,17,0.063,NA
36,17,syllables,tourney,FALSE,20,elitize_generation_data,35,14,0.057,NA
37,17,syllables,tourney,FALSE,20,elitize_generation_data,36,12,0.058,NA
38,17,syllables,tourney,FALSE,20,elitize_generation_data,37,14,0.05,NA
39,17,syllables,tourney,FALSE,20,elitize_generation_data,38,16,0.065,NA
40,17,syllables,tourney,FALSE,20,elitize_generation_data,39,16,0.058,NA
41,17,syllables,tourney,FALSE,20,elitize_generation_data,40,15,0.063,NA
42,17,syllables,tourney,FALSE,20,elitize_generation_data,41,16,0.075,NA
43,17,syllables,tourney,FALSE,20,elitize_generation_data,42,15,0.067,NA
44,17,syllables,tourney,FALSE,20,elitize_generation_data,43,14,0.064,NA
45,17,syllables,tourney,FALSE,20,elitize_generation_data,44,18,0.06,NA
46,17,syllables,tourney,FALSE,20,elitize_generation_data,45,15,0.065,NA
47,17,syllables,tourney,FALSE,20,elitize_generation_data,46,15,0.064,NA
48,17,syllables,tourney,FALSE,20,elitize_generation_data,47,17,0.075,NA
49,17,syllables,tourney,FALSE,20,elitize_generation_data,48,16,0.087,NA
50,17,syllables,tourney,FALSE,20,elitize_generation_data,49,16,0.075,NA
51,17,syllables,tourney,FALSE,20,elitize_generation_data,50,14,0.06,NA
52,17,syllables,tourney,FALSE,20,elitize_generation_data,51,15,0.064,NA
53,17,syllables,tourney,FALSE,20,elitize_generation_data,52,12,0.064,NA
54,17,syllables,tourney,FALSE,20,elitize_generation_data,53,14,0.054,NA
55,17,syllables,tourney,FALSE,20,elitize_generation_data,54,12,0.067,NA
56,17,syllables,tourney,FALSE,20,elitize_generation_data,55,14,0.069,NA
57,17,syllables,tourney,FALSE,20,elitize_generation_data,56,13,0.058,NA
58,17,syllables,tourney,FALSE,20,elitize_generation_data,57,13,0.066,NA
59,17,syllables,tourney,FALSE,20,elitize_generation_data,58,12,0.062,NA
60,17,syllables,tourney,FALSE,20,elitize_generation_data,59,11,0.059,NA
61,17,syllables,tourney,FALSE,20,elitize_generation_data,60,11,0.056,NA
62,17,syllables,tourney,FALSE,20,elitize_generation_data,61,14,0.07,NA
63,17,syllables,tourney,FALSE,20,elitize_generation_data,62,11,0.06,NA
64,17,syllables,tourney,FALSE,20,elitize_generation_data,63,14,0.072,NA
65,17,syllables,tourney,FALSE,20,elitize_generation_data,64,12,0.053,NA
66,17,syllables,tourney,FALSE,20,elitize_generation_data,65,16,0.068,NA
67,17,syllables,tourney,FALSE,20,elitize_generation_data,66,15,0.063,NA
68,17,syllables,tourney,FALSE,20,elitize_generation_data,67,15,0.074,NA
69,17,syllables,tourney,FALSE,20,elitize_generation_data,68,13,0.067,NA
70,17,syllables,tourney,FALSE,20,elitize_generation_data,69,12,0.072,NA
71,17,syllables,tourney,FALSE,20,elitize_generation_data,70,13,0.065,NA
72,17,syllables,tourney,FALSE,20,elitize_generation_data,71,13,0.068,NA
73,17,syllables,tourney,FALSE,20,elitize_generation_data,72,15,0.074,NA
74,17,syllables,tourney,FALSE,20,elitize_generation_data,73,12,0.075,NA
75,17,syllables,tourney,FALSE,20,elitize_generation_data,74,16,0.065,NA
76,17,syllables,tourney,FALSE,20,elitize_generation_data,75,10,0.073,NA
77,17,syllables,tourney,FALSE,20,elitize_generation_data,76,12,0.066,NA
78,17,syllables,tourney,FALSE,20,elitize_generation_data,77,15,0.073,NA
79,17,syllables,tourney,FALSE,20,elitize_generation_data,78,17,0.084,NA
80,17,syllables,tourney,FALSE,20,elitize_generation_data,79,13,0.074,NA
81,17,syllables,tourney,FALSE,20,elitize_generation_data,80,20,0.082,NA
82,17,syllables,tourney,FALSE,20,elitize_generation_data,81,15,0.082,NA
83,17,syllables,tourney,FALSE,20,elitize_generation_data,82,18,0.085,NA
84,17,syllables,tourney,FALSE,20,elitize_generation_data,83,20,0.083,NA
85,17,syllables,tourney,FALSE,20,elitize_generation_data,84,19,0.064,NA
86,17,syllables,tourney,FALSE,20,elitize_generation_data,85,19,0.073,NA
87,17,syllables,tourney,FALSE,20,elitize_generation_data,86,15,0.071,NA
88,17,syllables,tourney,FALSE,20,elitize_generation_data,87,18,0.071,NA
89,17,syllables,tourney,FALSE,20,elitize_generation_data,88,18,0.07,NA
90,17,syllables,tourney,FALSE,20,elitize_generation_data,89,15,0.071,NA
91,17,syllables,tourney,FALSE,20,elitize_generation_data,90,15,0.062,NA
92,17,syllables,tourney,FALSE,20,elitize_generation_data,91,17,0.071,NA
93,17,syllables,tourney,FALSE,20,elitize_generation_data,92,14,0.072,NA
94,17,syllables,tourney,FALSE,20,elitize_generation_data,93,10,0.073,NA
95,17,syllables,tourney,FALSE,20,elitize_generation_data,94,13,0.066,NA
96,17,syllables,tourney,FALSE,20,elitize_generation_data,95,16,0.074,NA
97,17,syllables,tourney,FALSE,20,elitize_generation_data,96,13,0.074,NA
98,17,syllables,tourney,FALSE,20,elitize_generation_data,97,14,0.085,NA
99,17,syllables,tourney,FALSE,20,elitize_generation_data,98,12,0.086,NA
100,17,syllables,tourney,FALSE,20,elitize_generation_data,99,17,0.088,NA
101,17,syllables,tourney,FALSE,20,elitize_generation_data,100,15,0.08,NA
102,17,syllables,tourney,FALSE,20,elitize_generation_data,101,18,0.09,NA
103,17,syllables,tourney,FALSE,20,elitize_generation_data,102,20,0.081,NA
104,17,syllables,tourney,FALSE,20,elitize_generation_data,103,16,0.084,NA
105,17,syllables,tourney,FALSE,20,elitize_generation_data,104,15,0.085,NA
106,17,syllables,tourney,FALSE,20,elitize_generation_data,105,13,0.081,NA
107,17,syllables,tourney,FALSE,20,elitize_generation_data,106,19,0.108,NA
108,17,syllables,tourney,FALSE,20,elitize_generation_data,107,21,0.095,NA
109,17,syllables,tourney,FALSE,20,elitize_generation_data,108,15,0.095,NA
110,17,syllables,tourney,FALSE,20,elitize_generation_data,109,17,0.088,NA
111,17,syllables,tourney,FALSE,20,elitize_generation_data,110,17,0.092,NA
112,17,syllables,tourney,FALSE,20,elitize_generation_data,111,17,0.076,NA
113,17,syllables,tourney,FALSE,20,elitize_generation_data,112,16,0.092,NA
114,17,syllables,tourney,FALSE,20,elitize_generation_data,113,16,0.085,NA
115,17,syllables,tourney,FALSE,20,elitize_generation_data,114,18,0.109,NA
116,17,syllables,tourney,FALSE,20,elitize_generation_data,115,20,0.12,NA
117,17,syllables,tourney,FALSE,20,elitize_generation_data,116,25,0.106,NA
118,17,syllables,tourney,FALSE,20,elitize_generation_data,117,27,0.125,NA
119,17,syllables,tourney,FALSE,20,elitize_generation_data,118,30,0.133,NA
120,17,syllables,tourney,FALSE,20,elitize_generation_data,119,24,0.113,NA
121,17,syllables,tourney,FALSE,20,elitize_generation_data,120,22,0.08,NA
122,17,syllables,tourney,FALSE,20,elitize_generation_data,121,18,0.081,NA
123,17,syllables,tourney,FALSE,20,elitize_generation_data,122,16,0.1,NA
124,17,syllables,tourney,FALSE,20,elitize_generation_data,123,16,0.131,NA
125,17,syllables,tourney,FALSE,20,elitize_generation_data,124,17,0.127,NA
126,17,syllables,tourney,FALSE,20,elitize_generation_data,125,18,0.144,NA
127,17,syllables,tourney,FALSE,20,elitize_generation_data,126,20,0.145,NA
128,17,syllables,tourney,FALSE,20,elitize_generation_data,127,18,0.154,NA
129,17,syllables,tourney,FALSE,20,elitize_generation_data,128,23,0.144,NA
130,17,syllables,tourney,FALSE,20,elitize_generation_data,129,21,0.138,NA
131,17,syllables,tourney,FALSE,20,elitize_generation_data,130,25,0.151,NA
132,17,syllables,tourney,FALSE,20,elitize_generation_data,131,22,0.157,NA
133,17,syllables,tourney,FALSE,20,elitize_generation_data,132,22,0.171,NA
134,17,syllables,tourney,FALSE,20,elitize_generation_data,133,21,0.162,NA
135,17,syllables,tourney,FALSE,20,elitize_generation_data,134,20,0.136,NA
136,17,syllables,tourney,FALSE,20,elitize_generation_data,135,20,0.149,NA
137,17,syllables,tourney,FALSE,20,elitize_generation_data,136,22,0.16,NA
138,17,syllables,tourney,FALSE,20,elitize_generation_data,137,25,0.174,NA
139,17,syllables,tourney,FALSE,20,elitize_generation_data,138,25,0.186,NA
140,17,syllables,tourney,FALSE,20,elitize_generation_data,139,22,0.17,NA
141,17,syllables,tourney,FALSE,20,elitize_generation_data,140,23,0.167,NA
142,17,syllables,tourney,FALSE,20,elitize_generation_data,141,24,0.16,NA
143,17,syllables,tourney,FALSE,20,elitize_generation_data,142,23,0.177,NA
144,17,syllables,tourney,FALSE,20,elitize_generation_data,143,26,0.187,NA
145,17,syllables,tourney,FALSE,20,elitize_generation_data,144,23,0.167,NA
146,17,syllables,tourney,FALSE,20,elitize_generation_data,145,25,0.132,NA
147,17,syllables,tourney,FALSE,20,elitize_generation_data,146,16,0.134,NA
148,17,syllables,tourney,FALSE,20,elitize_generation_data,147,16,0.13,NA
149,17,syllables,tourney,FALSE,20,elitize_generation_data,148,21,0.138,NA
150,17,syllables,tourney,FALSE,20,elitize_generation_data,149,17,0.135,NA
151,17,syllables,tourney,FALSE,20,elitize_generation_data,150,21,0.134,NA
152,17,syllables,tourney,FALSE,20,elitize_generation_data,151,27,0.169,NA
153,17,syllables,tourney,FALSE,20,elitize_generation_data,152,25,0.161,NA
154,17,syllables,tourney,FALSE,20,elitize_generation_data,153,27,0.146,NA
155,17,syllables,tourney,FALSE,20,elitize_generation_data,154,25,0.162,NA
156,17,syllables,tourney,FALSE,20,elitize_generation_data,155,26,0.149,NA
157,17,syllables,tourney,FALSE,20,elitize_generation_data,156,31,0.183,NA
158,17,syllables,tourney,FALSE,20,elitize_generation_data,157,28,0.176,NA
159,17,syllables,tourney,FALSE,20,elitize_generation_data,158,29,0.164,NA
160,17,syllables,tourney,FALSE,20,elitize_generation_data,159,27,0.164,NA
161,17,syllables,tourney,FALSE,20,elitize_generation_data,160,22,0.139,NA
162,17,syllables,tourney,FALSE,20,elitize_generation_data,161,22,0.134,NA
163,17,syllables,tourney,FALSE,20,elitize_generation_data,162,21,0.137,NA
164,17,syllables,tourney,FALSE,20,elitize_generation_data,163,20,0.153,NA
165,17,syllables,tourney,FALSE,20,elitize_generation_data,164,28,0.155,NA
166,17,syllables,tourney,FALSE,20,elitize_generation_data,165,26,0.146,NA
167,17,syllables,tourney,FALSE,20,elitize_generation_data,166,29,0.135,NA
168,17,syllables,tourney,FALSE,20,elitize_generation_data,167,24,0.169,NA
169,17,syllables,tourney,FALSE,20,elitize_generation_data,168,23,0.13,NA
170,17,syllables,tourney,FALSE,20,elitize_generation_data,169,25,0.141,NA
171,17,syllables,tourney,FALSE,20,elitize_generation_data,170,23,0.148,NA
172,17,syllables,tourney,FALSE,20,elitize_generation_data,171,28,0.141,NA
173,17,syllables,tourney,FALSE,20,elitize_generation_data,172,32,0.133,NA
174,17,syllables,tourney,FALSE,20,elitize_generation_data,173,38,0.16,NA
175,17,syllables,tourney,FALSE,20,elitize_generation_data,174,36,0.169,NA
176,17,syllables,tourney,FALSE,20,elitize_generation_data,175,32,0.145,NA
177,17,syllables,tourney,FALSE,20,elitize_generation_data,176,38,0.171,NA
178,17,syllables,tourney,FALSE,20,elitize_generation_data,177,33,0.15,NA
179,17,syllables,tourney,FALSE,20,elitize_generation_data,178,39,0.15,NA
180,17,syllables,tourney,FALSE,20,elitize_generation_data,179,48,0.154,NA
181,17,syllables,tourney,FALSE,20,elitize_generation_data,180,40,0.171,NA
182,17,syllables,tourney,FALSE,20,elitize_generation_data,181,45,0.171,NA
183,17,syllables,tourney,FALSE,20,elitize_generation_data,182,61,0.201,NA
184,17,syllables,tourney,FALSE,20,elitize_generation_data,183,50,0.22,NA
185,17,syllables,tourney,FALSE,20,elitize_generation_data,184,55,0.23,NA
186,17,syllables,tourney,FALSE,20,elitize_generation_data,185,59,0.216,NA
187,17,syllables,tourney,FALSE,20,elitize_generation_data,186,48,0.199,NA
188,17,syllables,tourney,FALSE,20,elitize_generation_data,187,58,0.196,NA
189,17,syllables,tourney,FALSE,20,elitize_generation_data,188,47,0.215,NA
190,17,syllables,tourney,FALSE,20,elitize_generation_data,189,47,0.189,NA
191,17,syllables,tourney,FALSE,20,elitize_generation_data,190,61,0.255,NA
192,17,syllables,tourney,FALSE,20,elitize_generation_data,191,66,0.244,NA
193,17,syllables,tourney,FALSE,20,elitize_generation_data,192,57,0.246,NA
194,17,syllables,tourney,FALSE,20,elitize_generation_data,193,49,0.227,NA
195,17,syllables,tourney,FALSE,20,elitize_generation_data,194,57,0.217,NA
196,17,syllables,tourney,FALSE,20,elitize_generation_data,195,44,0.188,NA
197,17,syllables,tourney,FALSE,20,elitize_generation_data,196,38,0.176,NA
198,17,syllables,tourney,FALSE,20,elitize_generation_data,197,36,0.168,NA
199,17,syllables,tourney,FALSE,20,elitize_generation_data,198,39,0.179,NA
200,17,syllables,tourney,FALSE,20,elitize_generation_data,199,39,0.166,NA
201,17,syllables,tourney,FALSE,20,elitize_generation_data,200,40,0.168,NA
202,17,syllables,tourney,FALSE,20,elitize_generation_data,201,40,0.168,NA
203,17,syllables,tourney,FALSE,20,elitize_generation_data,202,33,0.157,NA
204,17,syllables,tourney,FALSE,20,elitize_generation_data,203,36,0.164,NA
205,17,syllables,tourney,FALSE,20,elitize_generation_data,204,36,0.156,NA
206,17,syllables,tourney,FALSE,20,elitize_generation_data,205,34,0.157,NA
207,17,syllables,tourney,FALSE,20,elitize_generation_data,206,32,0.153,NA
208,17,syllables,tourney,FALSE,20,elitize_generation_data,207,26,0.12,NA
209,17,syllables,tourney,FALSE,20,elitize_generation_data,208,31,0.126,NA
210,17,syllables,tourney,FALSE,20,elitize_generation_data,209,29,0.127,NA
211,17,syllables,tourney,FALSE,20,elitize_generation_data,210,29,0.126,NA
212,17,syllables,tourney,FALSE,20,elitize_generation_data,211,25,0.114,NA
213,17,syllables,tourney,FALSE,20,elitize_generation_data,212,30,0.14,NA
214,17,syllables,tourney,FALSE,20,elitize_generation_data,213,24,0.128,NA
215,17,syllables,tourney,FALSE,20,elitize_generation_data,214,24,0.112,NA
216,17,syllables,tourney,FALSE,20,elitize_generation_data,215,28,0.123,NA
217,17,syllables,tourney,FALSE,20,elitize_generation_data,216,23,0.125,NA
218,17,syllables,tourney,FALSE,20,elitize_generation_data,217,33,0.146,NA
219,17,syllables,tourney,FALSE,20,elitize_generation_data,218,23,0.125,NA
220,17,syllables,tourney,FALSE,20,elitize_generation_data,219,31,0.133,NA
221,17,syllables,tourney,FALSE,20,elitize_generation_data,220,33,0.144,NA
222,17,syllables,tourney,FALSE,20,elitize_generation_data,221,27,0.151,NA
223,17,syllables,tourney,FALSE,20,elitize_generation_data,222,31,0.144,NA
224,17,syllables,tourney,FALSE,20,elitize_generation_data,223,28,0.139,NA
225,17,syllables,tourney,FALSE,20,elitize_generation_data,224,30,0.13,NA
226,17,syllables,tourney,FALSE,20,elitize_generation_data,225,32,0.143,NA
227,17,syllables,tourney,FALSE,20,elitize_generation_data,226,25,0.129,NA
228,17,syllables,tourney,FALSE,20,elitize_generation_data,227,28,0.152,NA
229,17,syllables,tourney,FALSE,20,elitize_generation_data,228,26,0.127,NA
230,17,syllables,tourney,FALSE,20,elitize_generation_data,229,24,0.147,NA
231,17,syllables,tourney,FALSE,20,elitize_generation_data,230,30,0.141,NA
232,17,syllables,tourney,FALSE,20,elitize_generation_data,231,29,0.165,NA
233,17,syllables,tourney,FALSE,20,elitize_generation_data,232,29,0.155,NA
234,17,syllables,tourney,FALSE,20,elitize_generation_data,233,25,0.159,NA
235,17,syllables,tourney,FALSE,20,elitize_generation_data,234,37,0.147,NA
236,17,syllables,tourney,FALSE,20,elitize_generation_data,235,32,0.165,NA
237,17,syllables,tourney,FALSE,20,elitize_generation_data,236,27,0.151,NA
238,17,syllables,tourney,FALSE,20,elitize_generation_data,237,32,0.138,NA
239,17,syllables,tourney,FALSE,20,elitize_generation_data,238,27,0.137,NA
240,17,syllables,tourney,FALSE,20,elitize_generation_data,239,24,0.146,NA
241,17,syllables,tourney,FALSE,20,elitize_generation_data,240,27,0.182,NA
242,17,syllables,tourney,FALSE,20,elitize_generation_data,241,27,0.147,NA
243,17,syllables,tourney,FALSE,20,elitize_generation_data,242,36,0.163,NA
244,17,syllables,tourney,FALSE,20,elitize_generation_data,243,30,0.161,NA
245,17,syllables,tourney,FALSE,20,elitize_generation_data,244,30,0.165,NA
246,17,syllables,tourney,FALSE,20,elitize_generation_data,245,29,0.157,NA
247,17,syllables,tourney,FALSE,20,elitize_generation_data,246,30,0.158,NA
248,17,syllables,tourney,FALSE,20,elitize_generation_data,247,31,0.156,NA
249,17,syllables,tourney,FALSE,20,elitize_generation_data,248,26,0.16,NA
250,17,syllables,tourney,FALSE,20,elitize_generation_data,249,28,0.165,NA
251,17,syllables,tourney,FALSE,20,elitize_generation_data,250,33,0.184,NA
252,17,syllables,tourney,FALSE,20,elitize_generation_data,251,31,0.169,NA
253,17,syllables,tourney,FALSE,20,elitize_generation_data,252,31,0.147,NA
254,17,syllables,tourney,FALSE,20,elitize_generation_data,253,28,0.164,NA
255,17,syllables,tourney,FALSE,20,elitize_generation_data,254,30,0.17,NA
256,17,syllables,tourney,FALSE,20,elitize_generation_data,255,23,0.167,NA
257,17,syllables,tourney,FALSE,20,elitize_generation_data,256,28,0.165,NA
258,17,syllables,tourney,FALSE,20,elitize_generation_data,257,26,0.159,NA
259,17,syllables,tourney,FALSE,20,elitize_generation_data,258,29,0.156,NA
260,17,syllables,tourney,FALSE,20,elitize_generation_data,259,30,0.174,NA
261,17,syllables,tourney,FALSE,20,elitize_generation_data,260,34,0.172,NA
262,17,syllables,tourney,FALSE,20,elitize_generation_data,261,32,0.163,NA
263,17,syllables,tourney,FALSE,20,elitize_generation_data,262,28,0.149,NA
264,17,syllables,tourney,FALSE,20,elitize_generation_data,263,30,0.162,NA
265,17,syllables,tourney,FALSE,20,elitize_generation_data,264,29,0.164,NA
266,17,syllables,tourney,FALSE,20,elitize_generation_data,265,35,0.16,NA
267,17,syllables,tourney,FALSE,20,elitize_generation_data,266,27,0.141,NA
268,17,syllables,tourney,FALSE,20,elitize_generation_data,267,29,0.157,NA
269,17,syllables,tourney,FALSE,20,elitize_generation_data,268,29,0.161,NA
270,17,syllables,tourney,FALSE,20,elitize_generation_data,269,35,0.163,NA
271,17,syllables,tourney,FALSE,20,elitize_generation_data,270,31,0.175,NA
272,17,syllables,tourney,FALSE,20,elitize_generation_data,271,32,0.141,NA
273,17,syllables,tourney,FALSE,20,elitize_generation_data,272,33,0.157,NA
274,17,syllables,tourney,FALSE,20,elitize_generation_data,273,29,0.148,NA
275,17,syllables,tourney,FALSE,20,elitize_generation_data,274,29,0.143,NA
276,17,syllables,tourney,FALSE,20,elitize_generation_data,275,27,0.155,NA
277,17,syllables,tourney,FALSE,20,elitize_generation_data,276,30,0.152,NA
278,17,syllables,tourney,FALSE,20,elitize_generation_data,277,30,0.157,NA
279,17,syllables,tourney,FALSE,20,elitize_generation_data,278,28,0.172,NA
280,17,syllables,tourney,FALSE,20,elitize_generation_data,279,28,0.152,NA
281,17,syllables,tourney,FALSE,20,elitize_generation_data,280,28,0.163,NA
282,17,syllables,tourney,FALSE,20,elitize_generation_data,281,36,0.156,NA
283,17,syllables,tourney,FALSE,20,elitize_generation_data,282,39,0.165,NA
284,17,syllables,tourney,FALSE,20,elitize_generation_data,283,29,0.17,NA
285,17,syllables,tourney,FALSE,20,elitize_generation_data,284,30,0.168,NA
286,17,syllables,tourney,FALSE,20,elitize_generation_data,285,31,0.161,NA
287,17,syllables,tourney,FALSE,20,elitize_generation_data,286,29,0.14,NA
288,17,syllables,tourney,FALSE,20,elitize_generation_data,287,38,0.176,NA
289,17,syllables,tourney,FALSE,20,elitize_generation_data,288,26,0.171,NA
290,17,syllables,tourney,FALSE,20,elitize_generation_data,289,28,0.179,NA
291,17,syllables,tourney,FALSE,20,elitize_generation_data,290,27,0.172,NA
292,17,syllables,tourney,FALSE,20,elitize_generation_data,291,32,0.166,NA
293,17,syllables,tourney,FALSE,20,elitize_generation_data,292,32,0.184,NA
294,17,syllables,tourney,FALSE,20,elitize_generation_data,293,29,0.155,NA
295,17,syllables,tourney,FALSE,20,elitize_generation_data,294,29,0.161,NA
296,17,syllables,tourney,FALSE,20,elitize_generation_data,295,37,0.181,NA
297,17,syllables,tourney,FALSE,20,elitize_generation_data,296,34,0.174,NA
298,17,syllables,tourney,FALSE,20,elitize_generation_data,297,35,0.161,NA
299,17,syllables,tourney,FALSE,20,elitize_generation_data,298,34,0.178,NA
300,17,syllables,tourney,FALSE,20,elitize_generation_data,299,33,0.155,NA
301,17,syllables,tourney,FALSE,20,elitize_generation_data,300,31,0.165,NA
