,run.num,problem,treatment,succeeded,height,normalization.function,generation,cluster.count,error.diversity,success.generation
1,14,syllables,tourney,FALSE,20,elitize_generation_data,0,4,0.253,NA
2,14,syllables,tourney,FALSE,20,elitize_generation_data,1,5,0.231,NA
3,14,syllables,tourney,FALSE,20,elitize_generation_data,2,3,0.269,NA
4,14,syllables,tourney,FALSE,20,elitize_generation_data,3,4,0.151,NA
5,14,syllables,tourney,FALSE,20,elitize_generation_data,4,5,0.167,NA
6,14,syllables,tourney,FALSE,20,elitize_generation_data,5,5,0.251,NA
7,14,syllables,tourney,FALSE,20,elitize_generation_data,6,5,0.281,NA
8,14,syllables,tourney,FALSE,20,elitize_generation_data,7,7,0.218,NA
9,14,syllables,tourney,FALSE,20,elitize_generation_data,8,10,0.166,NA
10,14,syllables,tourney,FALSE,20,elitize_generation_data,9,9,0.194,NA
11,14,syllables,tourney,FALSE,20,elitize_generation_data,10,8,0.201,NA
12,14,syllables,tourney,FALSE,20,elitize_generation_data,11,10,0.19,NA
13,14,syllables,tourney,FALSE,20,elitize_generation_data,12,10,0.176,NA
14,14,syllables,tourney,FALSE,20,elitize_generation_data,13,9,0.159,NA
15,14,syllables,tourney,FALSE,20,elitize_generation_data,14,6,0.132,NA
16,14,syllables,tourney,FALSE,20,elitize_generation_data,15,10,0.093,NA
17,14,syllables,tourney,FALSE,20,elitize_generation_data,16,9,0.102,NA
18,14,syllables,tourney,FALSE,20,elitize_generation_data,17,11,0.101,NA
19,14,syllables,tourney,FALSE,20,elitize_generation_data,18,9,0.096,NA
20,14,syllables,tourney,FALSE,20,elitize_generation_data,19,9,0.106,NA
21,14,syllables,tourney,FALSE,20,elitize_generation_data,20,10,0.087,NA
22,14,syllables,tourney,FALSE,20,elitize_generation_data,21,8,0.081,NA
23,14,syllables,tourney,FALSE,20,elitize_generation_data,22,9,0.079,NA
24,14,syllables,tourney,FALSE,20,elitize_generation_data,23,10,0.09,NA
25,14,syllables,tourney,FALSE,20,elitize_generation_data,24,11,0.087,NA
26,14,syllables,tourney,FALSE,20,elitize_generation_data,25,11,0.08,NA
27,14,syllables,tourney,FALSE,20,elitize_generation_data,26,10,0.097,NA
28,14,syllables,tourney,FALSE,20,elitize_generation_data,27,11,0.078,NA
29,14,syllables,tourney,FALSE,20,elitize_generation_data,28,9,0.089,NA
30,14,syllables,tourney,FALSE,20,elitize_generation_data,29,10,0.095,NA
31,14,syllables,tourney,FALSE,20,elitize_generation_data,30,9,0.089,NA
32,14,syllables,tourney,FALSE,20,elitize_generation_data,31,10,0.087,NA
33,14,syllables,tourney,FALSE,20,elitize_generation_data,32,10,0.081,NA
34,14,syllables,tourney,FALSE,20,elitize_generation_data,33,11,0.087,NA
35,14,syllables,tourney,FALSE,20,elitize_generation_data,34,10,0.089,NA
36,14,syllables,tourney,FALSE,20,elitize_generation_data,35,10,0.08,NA
37,14,syllables,tourney,FALSE,20,elitize_generation_data,36,11,0.082,NA
38,14,syllables,tourney,FALSE,20,elitize_generation_data,37,11,0.073,NA
39,14,syllables,tourney,FALSE,20,elitize_generation_data,38,10,0.074,NA
40,14,syllables,tourney,FALSE,20,elitize_generation_data,39,10,0.08,NA
41,14,syllables,tourney,FALSE,20,elitize_generation_data,40,11,0.081,NA
42,14,syllables,tourney,FALSE,20,elitize_generation_data,41,11,0.073,NA
43,14,syllables,tourney,FALSE,20,elitize_generation_data,42,8,0.088,NA
44,14,syllables,tourney,FALSE,20,elitize_generation_data,43,9,0.126,NA
45,14,syllables,tourney,FALSE,20,elitize_generation_data,44,13,0.137,NA
46,14,syllables,tourney,FALSE,20,elitize_generation_data,45,12,0.176,NA
47,14,syllables,tourney,FALSE,20,elitize_generation_data,46,12,0.235,NA
48,14,syllables,tourney,FALSE,20,elitize_generation_data,47,19,0.285,NA
49,14,syllables,tourney,FALSE,20,elitize_generation_data,48,26,0.299,NA
50,14,syllables,tourney,FALSE,20,elitize_generation_data,49,35,0.324,NA
51,14,syllables,tourney,FALSE,20,elitize_generation_data,50,47,0.352,NA
52,14,syllables,tourney,FALSE,20,elitize_generation_data,51,60,0.386,NA
53,14,syllables,tourney,FALSE,20,elitize_generation_data,52,61,0.386,NA
54,14,syllables,tourney,FALSE,20,elitize_generation_data,53,67,0.391,NA
55,14,syllables,tourney,FALSE,20,elitize_generation_data,54,71,0.384,NA
56,14,syllables,tourney,FALSE,20,elitize_generation_data,55,77,0.428,NA
57,14,syllables,tourney,FALSE,20,elitize_generation_data,56,84,0.456,NA
58,14,syllables,tourney,FALSE,20,elitize_generation_data,57,98,0.476,NA
59,14,syllables,tourney,FALSE,20,elitize_generation_data,58,99,0.467,NA
60,14,syllables,tourney,FALSE,20,elitize_generation_data,59,99,0.432,NA
61,14,syllables,tourney,FALSE,20,elitize_generation_data,60,80,0.358,NA
62,14,syllables,tourney,FALSE,20,elitize_generation_data,61,75,0.344,NA
63,14,syllables,tourney,FALSE,20,elitize_generation_data,62,62,0.31,NA
64,14,syllables,tourney,FALSE,20,elitize_generation_data,63,66,0.299,NA
65,14,syllables,tourney,FALSE,20,elitize_generation_data,64,56,0.291,NA
66,14,syllables,tourney,FALSE,20,elitize_generation_data,65,58,0.274,NA
67,14,syllables,tourney,FALSE,20,elitize_generation_data,66,65,0.318,NA
68,14,syllables,tourney,FALSE,20,elitize_generation_data,67,58,0.307,NA
69,14,syllables,tourney,FALSE,20,elitize_generation_data,68,72,0.334,NA
70,14,syllables,tourney,FALSE,20,elitize_generation_data,69,74,0.334,NA
71,14,syllables,tourney,FALSE,20,elitize_generation_data,70,70,0.356,NA
72,14,syllables,tourney,FALSE,20,elitize_generation_data,71,68,0.296,NA
73,14,syllables,tourney,FALSE,20,elitize_generation_data,72,64,0.313,NA
74,14,syllables,tourney,FALSE,20,elitize_generation_data,73,67,0.3,NA
75,14,syllables,tourney,FALSE,20,elitize_generation_data,74,75,0.326,NA
76,14,syllables,tourney,FALSE,20,elitize_generation_data,75,76,0.364,NA
77,14,syllables,tourney,FALSE,20,elitize_generation_data,76,83,0.4,NA
78,14,syllables,tourney,FALSE,20,elitize_generation_data,77,79,0.392,NA
79,14,syllables,tourney,FALSE,20,elitize_generation_data,78,79,0.399,NA
80,14,syllables,tourney,FALSE,20,elitize_generation_data,79,86,0.451,NA
81,14,syllables,tourney,FALSE,20,elitize_generation_data,80,90,0.456,NA
82,14,syllables,tourney,FALSE,20,elitize_generation_data,81,93,0.454,NA
83,14,syllables,tourney,FALSE,20,elitize_generation_data,82,81,0.432,NA
84,14,syllables,tourney,FALSE,20,elitize_generation_data,83,87,0.443,NA
85,14,syllables,tourney,FALSE,20,elitize_generation_data,84,88,0.461,NA
86,14,syllables,tourney,FALSE,20,elitize_generation_data,85,93,0.459,NA
87,14,syllables,tourney,FALSE,20,elitize_generation_data,86,82,0.463,NA
88,14,syllables,tourney,FALSE,20,elitize_generation_data,87,85,0.46,NA
89,14,syllables,tourney,FALSE,20,elitize_generation_data,88,87,0.445,NA
90,14,syllables,tourney,FALSE,20,elitize_generation_data,89,80,0.436,NA
91,14,syllables,tourney,FALSE,20,elitize_generation_data,90,84,0.43,NA
92,14,syllables,tourney,FALSE,20,elitize_generation_data,91,76,0.434,NA
93,14,syllables,tourney,FALSE,20,elitize_generation_data,92,76,0.403,NA
94,14,syllables,tourney,FALSE,20,elitize_generation_data,93,76,0.41,NA
95,14,syllables,tourney,FALSE,20,elitize_generation_data,94,85,0.45,NA
96,14,syllables,tourney,FALSE,20,elitize_generation_data,95,86,0.426,NA
97,14,syllables,tourney,FALSE,20,elitize_generation_data,96,89,0.42,NA
98,14,syllables,tourney,FALSE,20,elitize_generation_data,97,84,0.444,NA
99,14,syllables,tourney,FALSE,20,elitize_generation_data,98,90,0.398,NA
100,14,syllables,tourney,FALSE,20,elitize_generation_data,99,90,0.417,NA
101,14,syllables,tourney,FALSE,20,elitize_generation_data,100,82,0.43,NA
102,14,syllables,tourney,FALSE,20,elitize_generation_data,101,82,0.423,NA
103,14,syllables,tourney,FALSE,20,elitize_generation_data,102,94,0.425,NA
104,14,syllables,tourney,FALSE,20,elitize_generation_data,103,95,0.472,NA
105,14,syllables,tourney,FALSE,20,elitize_generation_data,104,89,0.458,NA
106,14,syllables,tourney,FALSE,20,elitize_generation_data,105,91,0.465,NA
107,14,syllables,tourney,FALSE,20,elitize_generation_data,106,86,0.446,NA
108,14,syllables,tourney,FALSE,20,elitize_generation_data,107,83,0.473,NA
109,14,syllables,tourney,FALSE,20,elitize_generation_data,108,93,0.472,NA
110,14,syllables,tourney,FALSE,20,elitize_generation_data,109,88,0.5,NA
111,14,syllables,tourney,FALSE,20,elitize_generation_data,110,101,0.476,NA
112,14,syllables,tourney,FALSE,20,elitize_generation_data,111,101,0.48,NA
113,14,syllables,tourney,FALSE,20,elitize_generation_data,112,87,0.48,NA
114,14,syllables,tourney,FALSE,20,elitize_generation_data,113,94,0.452,NA
115,14,syllables,tourney,FALSE,20,elitize_generation_data,114,101,0.493,NA
116,14,syllables,tourney,FALSE,20,elitize_generation_data,115,100,0.511,NA
117,14,syllables,tourney,FALSE,20,elitize_generation_data,116,99,0.506,NA
118,14,syllables,tourney,FALSE,20,elitize_generation_data,117,101,0.505,NA
119,14,syllables,tourney,FALSE,20,elitize_generation_data,118,102,0.493,NA
120,14,syllables,tourney,FALSE,20,elitize_generation_data,119,102,0.516,NA
121,14,syllables,tourney,FALSE,20,elitize_generation_data,120,99,0.487,NA
122,14,syllables,tourney,FALSE,20,elitize_generation_data,121,85,0.48,NA
123,14,syllables,tourney,FALSE,20,elitize_generation_data,122,95,0.495,NA
124,14,syllables,tourney,FALSE,20,elitize_generation_data,123,100,0.515,NA
125,14,syllables,tourney,FALSE,20,elitize_generation_data,124,105,0.48,NA
126,14,syllables,tourney,FALSE,20,elitize_generation_data,125,99,0.505,NA
127,14,syllables,tourney,FALSE,20,elitize_generation_data,126,94,0.494,NA
128,14,syllables,tourney,FALSE,20,elitize_generation_data,127,105,0.514,NA
129,14,syllables,tourney,FALSE,20,elitize_generation_data,128,109,0.523,NA
130,14,syllables,tourney,FALSE,20,elitize_generation_data,129,116,0.512,NA
131,14,syllables,tourney,FALSE,20,elitize_generation_data,130,112,0.505,NA
132,14,syllables,tourney,FALSE,20,elitize_generation_data,131,108,0.523,NA
133,14,syllables,tourney,FALSE,20,elitize_generation_data,132,97,0.524,NA
134,14,syllables,tourney,FALSE,20,elitize_generation_data,133,107,0.549,NA
135,14,syllables,tourney,FALSE,20,elitize_generation_data,134,111,0.526,NA
136,14,syllables,tourney,FALSE,20,elitize_generation_data,135,104,0.529,NA
137,14,syllables,tourney,FALSE,20,elitize_generation_data,136,121,0.566,NA
138,14,syllables,tourney,FALSE,20,elitize_generation_data,137,101,0.511,NA
139,14,syllables,tourney,FALSE,20,elitize_generation_data,138,105,0.503,NA
140,14,syllables,tourney,FALSE,20,elitize_generation_data,139,116,0.515,NA
141,14,syllables,tourney,FALSE,20,elitize_generation_data,140,118,0.518,NA
142,14,syllables,tourney,FALSE,20,elitize_generation_data,141,115,0.496,NA
143,14,syllables,tourney,FALSE,20,elitize_generation_data,142,104,0.497,NA
144,14,syllables,tourney,FALSE,20,elitize_generation_data,143,101,0.509,NA
145,14,syllables,tourney,FALSE,20,elitize_generation_data,144,105,0.491,NA
146,14,syllables,tourney,FALSE,20,elitize_generation_data,145,108,0.492,NA
147,14,syllables,tourney,FALSE,20,elitize_generation_data,146,115,0.526,NA
148,14,syllables,tourney,FALSE,20,elitize_generation_data,147,106,0.542,NA
149,14,syllables,tourney,FALSE,20,elitize_generation_data,148,122,0.549,NA
150,14,syllables,tourney,FALSE,20,elitize_generation_data,149,110,0.51,NA
151,14,syllables,tourney,FALSE,20,elitize_generation_data,150,114,0.532,NA
152,14,syllables,tourney,FALSE,20,elitize_generation_data,151,125,0.546,NA
153,14,syllables,tourney,FALSE,20,elitize_generation_data,152,123,0.562,NA
154,14,syllables,tourney,FALSE,20,elitize_generation_data,153,120,0.539,NA
155,14,syllables,tourney,FALSE,20,elitize_generation_data,154,124,0.546,NA
156,14,syllables,tourney,FALSE,20,elitize_generation_data,155,121,0.517,NA
157,14,syllables,tourney,FALSE,20,elitize_generation_data,156,110,0.544,NA
158,14,syllables,tourney,FALSE,20,elitize_generation_data,157,114,0.552,NA
159,14,syllables,tourney,FALSE,20,elitize_generation_data,158,105,0.521,NA
160,14,syllables,tourney,FALSE,20,elitize_generation_data,159,120,0.543,NA
161,14,syllables,tourney,FALSE,20,elitize_generation_data,160,133,0.575,NA
162,14,syllables,tourney,FALSE,20,elitize_generation_data,161,127,0.542,NA
163,14,syllables,tourney,FALSE,20,elitize_generation_data,162,131,0.551,NA
164,14,syllables,tourney,FALSE,20,elitize_generation_data,163,127,0.557,NA
165,14,syllables,tourney,FALSE,20,elitize_generation_data,164,142,0.549,NA
166,14,syllables,tourney,FALSE,20,elitize_generation_data,165,147,0.571,NA
167,14,syllables,tourney,FALSE,20,elitize_generation_data,166,145,0.563,NA
168,14,syllables,tourney,FALSE,20,elitize_generation_data,167,123,0.527,NA
169,14,syllables,tourney,FALSE,20,elitize_generation_data,168,135,0.577,NA
170,14,syllables,tourney,FALSE,20,elitize_generation_data,169,147,0.552,NA
171,14,syllables,tourney,FALSE,20,elitize_generation_data,170,141,0.538,NA
172,14,syllables,tourney,FALSE,20,elitize_generation_data,171,135,0.515,NA
173,14,syllables,tourney,FALSE,20,elitize_generation_data,172,131,0.536,NA
174,14,syllables,tourney,FALSE,20,elitize_generation_data,173,148,0.546,NA
175,14,syllables,tourney,FALSE,20,elitize_generation_data,174,140,0.56,NA
176,14,syllables,tourney,FALSE,20,elitize_generation_data,175,153,0.583,NA
177,14,syllables,tourney,FALSE,20,elitize_generation_data,176,129,0.559,NA
178,14,syllables,tourney,FALSE,20,elitize_generation_data,177,145,0.544,NA
179,14,syllables,tourney,FALSE,20,elitize_generation_data,178,140,0.573,NA
180,14,syllables,tourney,FALSE,20,elitize_generation_data,179,129,0.563,NA
181,14,syllables,tourney,FALSE,20,elitize_generation_data,180,131,0.533,NA
182,14,syllables,tourney,FALSE,20,elitize_generation_data,181,136,0.556,NA
183,14,syllables,tourney,FALSE,20,elitize_generation_data,182,147,0.552,NA
184,14,syllables,tourney,FALSE,20,elitize_generation_data,183,131,0.541,NA
185,14,syllables,tourney,FALSE,20,elitize_generation_data,184,130,0.519,NA
186,14,syllables,tourney,FALSE,20,elitize_generation_data,185,135,0.534,NA
187,14,syllables,tourney,FALSE,20,elitize_generation_data,186,147,0.559,NA
188,14,syllables,tourney,FALSE,20,elitize_generation_data,187,141,0.57,NA
189,14,syllables,tourney,FALSE,20,elitize_generation_data,188,146,0.56,NA
190,14,syllables,tourney,FALSE,20,elitize_generation_data,189,138,0.54,NA
191,14,syllables,tourney,FALSE,20,elitize_generation_data,190,137,0.56,NA
192,14,syllables,tourney,FALSE,20,elitize_generation_data,191,120,0.533,NA
193,14,syllables,tourney,FALSE,20,elitize_generation_data,192,117,0.526,NA
194,14,syllables,tourney,FALSE,20,elitize_generation_data,193,128,0.578,NA
195,14,syllables,tourney,FALSE,20,elitize_generation_data,194,147,0.58,NA
196,14,syllables,tourney,FALSE,20,elitize_generation_data,195,149,0.598,NA
197,14,syllables,tourney,FALSE,20,elitize_generation_data,196,141,0.579,NA
198,14,syllables,tourney,FALSE,20,elitize_generation_data,197,138,0.584,NA
199,14,syllables,tourney,FALSE,20,elitize_generation_data,198,139,0.574,NA
200,14,syllables,tourney,FALSE,20,elitize_generation_data,199,138,0.573,NA
201,14,syllables,tourney,FALSE,20,elitize_generation_data,200,152,0.586,NA
202,14,syllables,tourney,FALSE,20,elitize_generation_data,201,144,0.559,NA
203,14,syllables,tourney,FALSE,20,elitize_generation_data,202,143,0.574,NA
204,14,syllables,tourney,FALSE,20,elitize_generation_data,203,131,0.58,NA
205,14,syllables,tourney,FALSE,20,elitize_generation_data,204,135,0.57,NA
206,14,syllables,tourney,FALSE,20,elitize_generation_data,205,143,0.574,NA
207,14,syllables,tourney,FALSE,20,elitize_generation_data,206,136,0.576,NA
208,14,syllables,tourney,FALSE,20,elitize_generation_data,207,140,0.575,NA
209,14,syllables,tourney,FALSE,20,elitize_generation_data,208,126,0.537,NA
210,14,syllables,tourney,FALSE,20,elitize_generation_data,209,149,0.589,NA
211,14,syllables,tourney,FALSE,20,elitize_generation_data,210,144,0.556,NA
212,14,syllables,tourney,FALSE,20,elitize_generation_data,211,135,0.573,NA
213,14,syllables,tourney,FALSE,20,elitize_generation_data,212,147,0.58,NA
214,14,syllables,tourney,FALSE,20,elitize_generation_data,213,130,0.559,NA
215,14,syllables,tourney,FALSE,20,elitize_generation_data,214,138,0.531,NA
216,14,syllables,tourney,FALSE,20,elitize_generation_data,215,137,0.532,NA
217,14,syllables,tourney,FALSE,20,elitize_generation_data,216,150,0.595,NA
218,14,syllables,tourney,FALSE,20,elitize_generation_data,217,137,0.551,NA
219,14,syllables,tourney,FALSE,20,elitize_generation_data,218,129,0.54,NA
220,14,syllables,tourney,FALSE,20,elitize_generation_data,219,134,0.569,NA
221,14,syllables,tourney,FALSE,20,elitize_generation_data,220,142,0.582,NA
222,14,syllables,tourney,FALSE,20,elitize_generation_data,221,125,0.541,NA
223,14,syllables,tourney,FALSE,20,elitize_generation_data,222,136,0.55,NA
224,14,syllables,tourney,FALSE,20,elitize_generation_data,223,147,0.556,NA
225,14,syllables,tourney,FALSE,20,elitize_generation_data,224,143,0.563,NA
226,14,syllables,tourney,FALSE,20,elitize_generation_data,225,126,0.564,NA
227,14,syllables,tourney,FALSE,20,elitize_generation_data,226,129,0.536,NA
228,14,syllables,tourney,FALSE,20,elitize_generation_data,227,147,0.561,NA
229,14,syllables,tourney,FALSE,20,elitize_generation_data,228,137,0.592,NA
230,14,syllables,tourney,FALSE,20,elitize_generation_data,229,135,0.574,NA
231,14,syllables,tourney,FALSE,20,elitize_generation_data,230,127,0.573,NA
232,14,syllables,tourney,FALSE,20,elitize_generation_data,231,133,0.533,NA
233,14,syllables,tourney,FALSE,20,elitize_generation_data,232,139,0.537,NA
234,14,syllables,tourney,FALSE,20,elitize_generation_data,233,142,0.568,NA
235,14,syllables,tourney,FALSE,20,elitize_generation_data,234,141,0.571,NA
236,14,syllables,tourney,FALSE,20,elitize_generation_data,235,143,0.587,NA
237,14,syllables,tourney,FALSE,20,elitize_generation_data,236,137,0.578,NA
238,14,syllables,tourney,FALSE,20,elitize_generation_data,237,137,0.576,NA
239,14,syllables,tourney,FALSE,20,elitize_generation_data,238,143,0.576,NA
240,14,syllables,tourney,FALSE,20,elitize_generation_data,239,135,0.581,NA
241,14,syllables,tourney,FALSE,20,elitize_generation_data,240,161,0.589,NA
242,14,syllables,tourney,FALSE,20,elitize_generation_data,241,154,0.599,NA
243,14,syllables,tourney,FALSE,20,elitize_generation_data,242,153,0.566,NA
244,14,syllables,tourney,FALSE,20,elitize_generation_data,243,144,0.549,NA
245,14,syllables,tourney,FALSE,20,elitize_generation_data,244,142,0.58,NA
246,14,syllables,tourney,FALSE,20,elitize_generation_data,245,159,0.589,NA
247,14,syllables,tourney,FALSE,20,elitize_generation_data,246,151,0.544,NA
248,14,syllables,tourney,FALSE,20,elitize_generation_data,247,148,0.54,NA
249,14,syllables,tourney,FALSE,20,elitize_generation_data,248,148,0.577,NA
250,14,syllables,tourney,FALSE,20,elitize_generation_data,249,145,0.577,NA
251,14,syllables,tourney,FALSE,20,elitize_generation_data,250,145,0.553,NA
252,14,syllables,tourney,FALSE,20,elitize_generation_data,251,140,0.563,NA
253,14,syllables,tourney,FALSE,20,elitize_generation_data,252,150,0.571,NA
254,14,syllables,tourney,FALSE,20,elitize_generation_data,253,137,0.568,NA
255,14,syllables,tourney,FALSE,20,elitize_generation_data,254,147,0.573,NA
256,14,syllables,tourney,FALSE,20,elitize_generation_data,255,159,0.59,NA
257,14,syllables,tourney,FALSE,20,elitize_generation_data,256,169,0.594,NA
258,14,syllables,tourney,FALSE,20,elitize_generation_data,257,136,0.595,NA
259,14,syllables,tourney,FALSE,20,elitize_generation_data,258,133,0.588,NA
260,14,syllables,tourney,FALSE,20,elitize_generation_data,259,138,0.613,NA
261,14,syllables,tourney,FALSE,20,elitize_generation_data,260,126,0.582,NA
262,14,syllables,tourney,FALSE,20,elitize_generation_data,261,139,0.608,NA
263,14,syllables,tourney,FALSE,20,elitize_generation_data,262,138,0.599,NA
264,14,syllables,tourney,FALSE,20,elitize_generation_data,263,126,0.617,NA
265,14,syllables,tourney,FALSE,20,elitize_generation_data,264,142,0.604,NA
266,14,syllables,tourney,FALSE,20,elitize_generation_data,265,144,0.605,NA
267,14,syllables,tourney,FALSE,20,elitize_generation_data,266,139,0.608,NA
268,14,syllables,tourney,FALSE,20,elitize_generation_data,267,131,0.609,NA
269,14,syllables,tourney,FALSE,20,elitize_generation_data,268,153,0.593,NA
270,14,syllables,tourney,FALSE,20,elitize_generation_data,269,139,0.594,NA
271,14,syllables,tourney,FALSE,20,elitize_generation_data,270,138,0.602,NA
272,14,syllables,tourney,FALSE,20,elitize_generation_data,271,133,0.628,NA
273,14,syllables,tourney,FALSE,20,elitize_generation_data,272,120,0.603,NA
274,14,syllables,tourney,FALSE,20,elitize_generation_data,273,147,0.632,NA
275,14,syllables,tourney,FALSE,20,elitize_generation_data,274,149,0.64,NA
276,14,syllables,tourney,FALSE,20,elitize_generation_data,275,143,0.598,NA
277,14,syllables,tourney,FALSE,20,elitize_generation_data,276,123,0.602,NA
278,14,syllables,tourney,FALSE,20,elitize_generation_data,277,139,0.581,NA
279,14,syllables,tourney,FALSE,20,elitize_generation_data,278,151,0.601,NA
280,14,syllables,tourney,FALSE,20,elitize_generation_data,279,134,0.607,NA
281,14,syllables,tourney,FALSE,20,elitize_generation_data,280,145,0.6,NA
282,14,syllables,tourney,FALSE,20,elitize_generation_data,281,145,0.603,NA
283,14,syllables,tourney,FALSE,20,elitize_generation_data,282,149,0.613,NA
284,14,syllables,tourney,FALSE,20,elitize_generation_data,283,149,0.628,NA
285,14,syllables,tourney,FALSE,20,elitize_generation_data,284,124,0.632,NA
286,14,syllables,tourney,FALSE,20,elitize_generation_data,285,137,0.618,NA
287,14,syllables,tourney,FALSE,20,elitize_generation_data,286,153,0.631,NA
288,14,syllables,tourney,FALSE,20,elitize_generation_data,287,142,0.65,NA
289,14,syllables,tourney,FALSE,20,elitize_generation_data,288,150,0.632,NA
290,14,syllables,tourney,FALSE,20,elitize_generation_data,289,140,0.64,NA
291,14,syllables,tourney,FALSE,20,elitize_generation_data,290,138,0.648,NA
292,14,syllables,tourney,FALSE,20,elitize_generation_data,291,148,0.635,NA
293,14,syllables,tourney,FALSE,20,elitize_generation_data,292,150,0.662,NA
294,14,syllables,tourney,FALSE,20,elitize_generation_data,293,142,0.639,NA
295,14,syllables,tourney,FALSE,20,elitize_generation_data,294,155,0.627,NA
296,14,syllables,tourney,FALSE,20,elitize_generation_data,295,139,0.623,NA
297,14,syllables,tourney,FALSE,20,elitize_generation_data,296,136,0.636,NA
298,14,syllables,tourney,FALSE,20,elitize_generation_data,297,161,0.65,NA
299,14,syllables,tourney,FALSE,20,elitize_generation_data,298,150,0.606,NA
300,14,syllables,tourney,FALSE,20,elitize_generation_data,299,134,0.628,NA
301,14,syllables,tourney,FALSE,20,elitize_generation_data,300,137,0.63,NA
