,run.num,problem,treatment,succeeded,height,normalization.function,generation,cluster.count,error.diversity,success.generation
1,87,syllables,tourney,FALSE,20,elitize_generation_data,0,6,0.262,NA
2,87,syllables,tourney,FALSE,20,elitize_generation_data,1,4,0.21,NA
3,87,syllables,tourney,FALSE,20,elitize_generation_data,2,5,0.224,NA
4,87,syllables,tourney,FALSE,20,elitize_generation_data,3,6,0.111,NA
5,87,syllables,tourney,FALSE,20,elitize_generation_data,4,6,0.107,NA
6,87,syllables,tourney,FALSE,20,elitize_generation_data,5,7,0.145,NA
7,87,syllables,tourney,FALSE,20,elitize_generation_data,6,8,0.193,NA
8,87,syllables,tourney,FALSE,20,elitize_generation_data,7,9,0.213,NA
9,87,syllables,tourney,FALSE,20,elitize_generation_data,8,10,0.155,NA
10,87,syllables,tourney,FALSE,20,elitize_generation_data,9,8,0.099,NA
11,87,syllables,tourney,FALSE,20,elitize_generation_data,10,10,0.081,NA
12,87,syllables,tourney,FALSE,20,elitize_generation_data,11,10,0.103,NA
13,87,syllables,tourney,FALSE,20,elitize_generation_data,12,8,0.093,NA
14,87,syllables,tourney,FALSE,20,elitize_generation_data,13,7,0.096,NA
15,87,syllables,tourney,FALSE,20,elitize_generation_data,14,7,0.091,NA
16,87,syllables,tourney,FALSE,20,elitize_generation_data,15,9,0.098,NA
17,87,syllables,tourney,FALSE,20,elitize_generation_data,16,9,0.099,NA
18,87,syllables,tourney,FALSE,20,elitize_generation_data,17,10,0.088,NA
19,87,syllables,tourney,FALSE,20,elitize_generation_data,18,8,0.086,NA
20,87,syllables,tourney,FALSE,20,elitize_generation_data,19,8,0.078,NA
21,87,syllables,tourney,FALSE,20,elitize_generation_data,20,9,0.082,NA
22,87,syllables,tourney,FALSE,20,elitize_generation_data,21,9,0.073,NA
23,87,syllables,tourney,FALSE,20,elitize_generation_data,22,11,0.076,NA
24,87,syllables,tourney,FALSE,20,elitize_generation_data,23,11,0.063,NA
25,87,syllables,tourney,FALSE,20,elitize_generation_data,24,11,0.056,NA
26,87,syllables,tourney,FALSE,20,elitize_generation_data,25,12,0.063,NA
27,87,syllables,tourney,FALSE,20,elitize_generation_data,26,12,0.067,NA
28,87,syllables,tourney,FALSE,20,elitize_generation_data,27,10,0.069,NA
29,87,syllables,tourney,FALSE,20,elitize_generation_data,28,12,0.066,NA
30,87,syllables,tourney,FALSE,20,elitize_generation_data,29,11,0.07,NA
31,87,syllables,tourney,FALSE,20,elitize_generation_data,30,11,0.062,NA
32,87,syllables,tourney,FALSE,20,elitize_generation_data,31,12,0.074,NA
33,87,syllables,tourney,FALSE,20,elitize_generation_data,32,12,0.081,NA
34,87,syllables,tourney,FALSE,20,elitize_generation_data,33,10,0.065,NA
35,87,syllables,tourney,FALSE,20,elitize_generation_data,34,11,0.077,NA
36,87,syllables,tourney,FALSE,20,elitize_generation_data,35,13,0.066,NA
37,87,syllables,tourney,FALSE,20,elitize_generation_data,36,13,0.061,NA
38,87,syllables,tourney,FALSE,20,elitize_generation_data,37,13,0.077,NA
39,87,syllables,tourney,FALSE,20,elitize_generation_data,38,15,0.086,NA
40,87,syllables,tourney,FALSE,20,elitize_generation_data,39,19,0.122,NA
41,87,syllables,tourney,FALSE,20,elitize_generation_data,40,17,0.169,NA
42,87,syllables,tourney,FALSE,20,elitize_generation_data,41,19,0.2,NA
43,87,syllables,tourney,FALSE,20,elitize_generation_data,42,24,0.205,NA
44,87,syllables,tourney,FALSE,20,elitize_generation_data,43,27,0.27,NA
45,87,syllables,tourney,FALSE,20,elitize_generation_data,44,31,0.321,NA
46,87,syllables,tourney,FALSE,20,elitize_generation_data,45,34,0.289,NA
47,87,syllables,tourney,FALSE,20,elitize_generation_data,46,36,0.304,NA
48,87,syllables,tourney,FALSE,20,elitize_generation_data,47,44,0.357,NA
49,87,syllables,tourney,FALSE,20,elitize_generation_data,48,42,0.319,NA
50,87,syllables,tourney,FALSE,20,elitize_generation_data,49,54,0.378,NA
51,87,syllables,tourney,FALSE,20,elitize_generation_data,50,52,0.406,NA
52,87,syllables,tourney,FALSE,20,elitize_generation_data,51,49,0.423,NA
53,87,syllables,tourney,FALSE,20,elitize_generation_data,52,53,0.414,NA
54,87,syllables,tourney,FALSE,20,elitize_generation_data,53,51,0.38,NA
55,87,syllables,tourney,FALSE,20,elitize_generation_data,54,55,0.394,NA
56,87,syllables,tourney,FALSE,20,elitize_generation_data,55,61,0.438,NA
57,87,syllables,tourney,FALSE,20,elitize_generation_data,56,60,0.452,NA
58,87,syllables,tourney,FALSE,20,elitize_generation_data,57,60,0.42,NA
59,87,syllables,tourney,FALSE,20,elitize_generation_data,58,70,0.411,NA
60,87,syllables,tourney,FALSE,20,elitize_generation_data,59,61,0.442,NA
61,87,syllables,tourney,FALSE,20,elitize_generation_data,60,56,0.436,NA
62,87,syllables,tourney,FALSE,20,elitize_generation_data,61,55,0.442,NA
63,87,syllables,tourney,FALSE,20,elitize_generation_data,62,49,0.447,NA
64,87,syllables,tourney,FALSE,20,elitize_generation_data,63,53,0.372,NA
65,87,syllables,tourney,FALSE,20,elitize_generation_data,64,43,0.384,NA
66,87,syllables,tourney,FALSE,20,elitize_generation_data,65,52,0.391,NA
67,87,syllables,tourney,FALSE,20,elitize_generation_data,66,53,0.422,NA
68,87,syllables,tourney,FALSE,20,elitize_generation_data,67,62,0.444,NA
69,87,syllables,tourney,FALSE,20,elitize_generation_data,68,64,0.419,NA
70,87,syllables,tourney,FALSE,20,elitize_generation_data,69,63,0.411,NA
71,87,syllables,tourney,FALSE,20,elitize_generation_data,70,62,0.417,NA
72,87,syllables,tourney,FALSE,20,elitize_generation_data,71,81,0.437,NA
73,87,syllables,tourney,FALSE,20,elitize_generation_data,72,104,0.499,NA
74,87,syllables,tourney,FALSE,20,elitize_generation_data,73,107,0.504,NA
75,87,syllables,tourney,FALSE,20,elitize_generation_data,74,109,0.521,NA
76,87,syllables,tourney,FALSE,20,elitize_generation_data,75,114,0.494,NA
77,87,syllables,tourney,FALSE,20,elitize_generation_data,76,110,0.5,NA
78,87,syllables,tourney,FALSE,20,elitize_generation_data,77,113,0.521,NA
79,87,syllables,tourney,FALSE,20,elitize_generation_data,78,112,0.514,NA
80,87,syllables,tourney,FALSE,20,elitize_generation_data,79,114,0.533,NA
81,87,syllables,tourney,FALSE,20,elitize_generation_data,80,115,0.537,NA
82,87,syllables,tourney,FALSE,20,elitize_generation_data,81,120,0.51,NA
83,87,syllables,tourney,FALSE,20,elitize_generation_data,82,132,0.528,NA
84,87,syllables,tourney,FALSE,20,elitize_generation_data,83,118,0.509,NA
85,87,syllables,tourney,FALSE,20,elitize_generation_data,84,119,0.47,NA
86,87,syllables,tourney,FALSE,20,elitize_generation_data,85,118,0.445,NA
87,87,syllables,tourney,FALSE,20,elitize_generation_data,86,115,0.456,NA
88,87,syllables,tourney,FALSE,20,elitize_generation_data,87,118,0.457,NA
89,87,syllables,tourney,FALSE,20,elitize_generation_data,88,109,0.452,NA
90,87,syllables,tourney,FALSE,20,elitize_generation_data,89,115,0.44,NA
91,87,syllables,tourney,FALSE,20,elitize_generation_data,90,127,0.479,NA
92,87,syllables,tourney,FALSE,20,elitize_generation_data,91,117,0.467,NA
93,87,syllables,tourney,FALSE,20,elitize_generation_data,92,130,0.484,NA
94,87,syllables,tourney,FALSE,20,elitize_generation_data,93,130,0.473,NA
95,87,syllables,tourney,FALSE,20,elitize_generation_data,94,131,0.485,NA
96,87,syllables,tourney,FALSE,20,elitize_generation_data,95,120,0.511,NA
97,87,syllables,tourney,FALSE,20,elitize_generation_data,96,127,0.512,NA
98,87,syllables,tourney,FALSE,20,elitize_generation_data,97,146,0.509,NA
99,87,syllables,tourney,FALSE,20,elitize_generation_data,98,131,0.476,NA
100,87,syllables,tourney,FALSE,20,elitize_generation_data,99,114,0.469,NA
101,87,syllables,tourney,FALSE,20,elitize_generation_data,100,122,0.481,NA
102,87,syllables,tourney,FALSE,20,elitize_generation_data,101,117,0.477,NA
103,87,syllables,tourney,FALSE,20,elitize_generation_data,102,123,0.496,NA
104,87,syllables,tourney,FALSE,20,elitize_generation_data,103,128,0.509,NA
105,87,syllables,tourney,FALSE,20,elitize_generation_data,104,140,0.513,NA
106,87,syllables,tourney,FALSE,20,elitize_generation_data,105,125,0.504,NA
107,87,syllables,tourney,FALSE,20,elitize_generation_data,106,137,0.55,NA
108,87,syllables,tourney,FALSE,20,elitize_generation_data,107,128,0.524,NA
109,87,syllables,tourney,FALSE,20,elitize_generation_data,108,126,0.523,NA
110,87,syllables,tourney,FALSE,20,elitize_generation_data,109,126,0.537,NA
111,87,syllables,tourney,FALSE,20,elitize_generation_data,110,139,0.558,NA
112,87,syllables,tourney,FALSE,20,elitize_generation_data,111,131,0.542,NA
113,87,syllables,tourney,FALSE,20,elitize_generation_data,112,144,0.558,NA
114,87,syllables,tourney,FALSE,20,elitize_generation_data,113,132,0.559,NA
115,87,syllables,tourney,FALSE,20,elitize_generation_data,114,139,0.552,NA
116,87,syllables,tourney,FALSE,20,elitize_generation_data,115,126,0.512,NA
117,87,syllables,tourney,FALSE,20,elitize_generation_data,116,136,0.54,NA
118,87,syllables,tourney,FALSE,20,elitize_generation_data,117,145,0.556,NA
119,87,syllables,tourney,FALSE,20,elitize_generation_data,118,147,0.542,NA
120,87,syllables,tourney,FALSE,20,elitize_generation_data,119,137,0.545,NA
121,87,syllables,tourney,FALSE,20,elitize_generation_data,120,139,0.561,NA
122,87,syllables,tourney,FALSE,20,elitize_generation_data,121,120,0.543,NA
123,87,syllables,tourney,FALSE,20,elitize_generation_data,122,131,0.532,NA
124,87,syllables,tourney,FALSE,20,elitize_generation_data,123,129,0.538,NA
125,87,syllables,tourney,FALSE,20,elitize_generation_data,124,138,0.531,NA
126,87,syllables,tourney,FALSE,20,elitize_generation_data,125,141,0.56,NA
127,87,syllables,tourney,FALSE,20,elitize_generation_data,126,143,0.558,NA
128,87,syllables,tourney,FALSE,20,elitize_generation_data,127,135,0.537,NA
129,87,syllables,tourney,FALSE,20,elitize_generation_data,128,138,0.53,NA
130,87,syllables,tourney,FALSE,20,elitize_generation_data,129,127,0.544,NA
131,87,syllables,tourney,FALSE,20,elitize_generation_data,130,147,0.562,NA
132,87,syllables,tourney,FALSE,20,elitize_generation_data,131,122,0.552,NA
133,87,syllables,tourney,FALSE,20,elitize_generation_data,132,147,0.564,NA
134,87,syllables,tourney,FALSE,20,elitize_generation_data,133,133,0.512,NA
135,87,syllables,tourney,FALSE,20,elitize_generation_data,134,138,0.524,NA
136,87,syllables,tourney,FALSE,20,elitize_generation_data,135,140,0.504,NA
137,87,syllables,tourney,FALSE,20,elitize_generation_data,136,128,0.508,NA
138,87,syllables,tourney,FALSE,20,elitize_generation_data,137,143,0.533,NA
139,87,syllables,tourney,FALSE,20,elitize_generation_data,138,134,0.515,NA
140,87,syllables,tourney,FALSE,20,elitize_generation_data,139,151,0.511,NA
141,87,syllables,tourney,FALSE,20,elitize_generation_data,140,127,0.487,NA
142,87,syllables,tourney,FALSE,20,elitize_generation_data,141,142,0.512,NA
143,87,syllables,tourney,FALSE,20,elitize_generation_data,142,132,0.483,NA
144,87,syllables,tourney,FALSE,20,elitize_generation_data,143,131,0.496,NA
145,87,syllables,tourney,FALSE,20,elitize_generation_data,144,147,0.517,NA
146,87,syllables,tourney,FALSE,20,elitize_generation_data,145,136,0.507,NA
147,87,syllables,tourney,FALSE,20,elitize_generation_data,146,131,0.491,NA
148,87,syllables,tourney,FALSE,20,elitize_generation_data,147,137,0.501,NA
149,87,syllables,tourney,FALSE,20,elitize_generation_data,148,144,0.524,NA
150,87,syllables,tourney,FALSE,20,elitize_generation_data,149,133,0.509,NA
151,87,syllables,tourney,FALSE,20,elitize_generation_data,150,134,0.519,NA
152,87,syllables,tourney,FALSE,20,elitize_generation_data,151,123,0.478,NA
153,87,syllables,tourney,FALSE,20,elitize_generation_data,152,133,0.497,NA
154,87,syllables,tourney,FALSE,20,elitize_generation_data,153,142,0.524,NA
155,87,syllables,tourney,FALSE,20,elitize_generation_data,154,138,0.512,NA
156,87,syllables,tourney,FALSE,20,elitize_generation_data,155,135,0.505,NA
157,87,syllables,tourney,FALSE,20,elitize_generation_data,156,146,0.523,NA
158,87,syllables,tourney,FALSE,20,elitize_generation_data,157,129,0.507,NA
159,87,syllables,tourney,FALSE,20,elitize_generation_data,158,150,0.516,NA
160,87,syllables,tourney,FALSE,20,elitize_generation_data,159,142,0.506,NA
161,87,syllables,tourney,FALSE,20,elitize_generation_data,160,133,0.506,NA
162,87,syllables,tourney,FALSE,20,elitize_generation_data,161,134,0.507,NA
163,87,syllables,tourney,FALSE,20,elitize_generation_data,162,134,0.493,NA
164,87,syllables,tourney,FALSE,20,elitize_generation_data,163,134,0.499,NA
165,87,syllables,tourney,FALSE,20,elitize_generation_data,164,153,0.52,NA
166,87,syllables,tourney,FALSE,20,elitize_generation_data,165,144,0.512,NA
167,87,syllables,tourney,FALSE,20,elitize_generation_data,166,115,0.505,NA
168,87,syllables,tourney,FALSE,20,elitize_generation_data,167,141,0.496,NA
169,87,syllables,tourney,FALSE,20,elitize_generation_data,168,134,0.524,NA
170,87,syllables,tourney,FALSE,20,elitize_generation_data,169,134,0.52,NA
171,87,syllables,tourney,FALSE,20,elitize_generation_data,170,140,0.506,NA
172,87,syllables,tourney,FALSE,20,elitize_generation_data,171,146,0.514,NA
173,87,syllables,tourney,FALSE,20,elitize_generation_data,172,141,0.502,NA
174,87,syllables,tourney,FALSE,20,elitize_generation_data,173,135,0.497,NA
175,87,syllables,tourney,FALSE,20,elitize_generation_data,174,129,0.482,NA
176,87,syllables,tourney,FALSE,20,elitize_generation_data,175,113,0.489,NA
177,87,syllables,tourney,FALSE,20,elitize_generation_data,176,123,0.509,NA
178,87,syllables,tourney,FALSE,20,elitize_generation_data,177,131,0.512,NA
179,87,syllables,tourney,FALSE,20,elitize_generation_data,178,138,0.533,NA
180,87,syllables,tourney,FALSE,20,elitize_generation_data,179,142,0.537,NA
181,87,syllables,tourney,FALSE,20,elitize_generation_data,180,129,0.493,NA
182,87,syllables,tourney,FALSE,20,elitize_generation_data,181,138,0.519,NA
183,87,syllables,tourney,FALSE,20,elitize_generation_data,182,146,0.525,NA
184,87,syllables,tourney,FALSE,20,elitize_generation_data,183,136,0.488,NA
185,87,syllables,tourney,FALSE,20,elitize_generation_data,184,121,0.489,NA
186,87,syllables,tourney,FALSE,20,elitize_generation_data,185,135,0.505,NA
187,87,syllables,tourney,FALSE,20,elitize_generation_data,186,130,0.503,NA
188,87,syllables,tourney,FALSE,20,elitize_generation_data,187,139,0.503,NA
189,87,syllables,tourney,FALSE,20,elitize_generation_data,188,117,0.486,NA
190,87,syllables,tourney,FALSE,20,elitize_generation_data,189,141,0.498,NA
191,87,syllables,tourney,FALSE,20,elitize_generation_data,190,124,0.501,NA
192,87,syllables,tourney,FALSE,20,elitize_generation_data,191,130,0.506,NA
193,87,syllables,tourney,FALSE,20,elitize_generation_data,192,143,0.509,NA
194,87,syllables,tourney,FALSE,20,elitize_generation_data,193,139,0.512,NA
195,87,syllables,tourney,FALSE,20,elitize_generation_data,194,141,0.512,NA
196,87,syllables,tourney,FALSE,20,elitize_generation_data,195,130,0.492,NA
197,87,syllables,tourney,FALSE,20,elitize_generation_data,196,135,0.512,NA
198,87,syllables,tourney,FALSE,20,elitize_generation_data,197,141,0.52,NA
199,87,syllables,tourney,FALSE,20,elitize_generation_data,198,136,0.529,NA
200,87,syllables,tourney,FALSE,20,elitize_generation_data,199,131,0.528,NA
201,87,syllables,tourney,FALSE,20,elitize_generation_data,200,130,0.521,NA
202,87,syllables,tourney,FALSE,20,elitize_generation_data,201,148,0.534,NA
203,87,syllables,tourney,FALSE,20,elitize_generation_data,202,147,0.529,NA
204,87,syllables,tourney,FALSE,20,elitize_generation_data,203,135,0.537,NA
205,87,syllables,tourney,FALSE,20,elitize_generation_data,204,155,0.521,NA
206,87,syllables,tourney,FALSE,20,elitize_generation_data,205,158,0.55,NA
207,87,syllables,tourney,FALSE,20,elitize_generation_data,206,148,0.516,NA
208,87,syllables,tourney,FALSE,20,elitize_generation_data,207,148,0.553,NA
209,87,syllables,tourney,FALSE,20,elitize_generation_data,208,155,0.537,NA
210,87,syllables,tourney,FALSE,20,elitize_generation_data,209,162,0.583,NA
211,87,syllables,tourney,FALSE,20,elitize_generation_data,210,159,0.569,NA
212,87,syllables,tourney,FALSE,20,elitize_generation_data,211,156,0.584,NA
213,87,syllables,tourney,FALSE,20,elitize_generation_data,212,166,0.567,NA
214,87,syllables,tourney,FALSE,20,elitize_generation_data,213,171,0.582,NA
215,87,syllables,tourney,FALSE,20,elitize_generation_data,214,162,0.575,NA
216,87,syllables,tourney,FALSE,20,elitize_generation_data,215,176,0.566,NA
217,87,syllables,tourney,FALSE,20,elitize_generation_data,216,137,0.574,NA
218,87,syllables,tourney,FALSE,20,elitize_generation_data,217,163,0.598,NA
219,87,syllables,tourney,FALSE,20,elitize_generation_data,218,172,0.617,NA
220,87,syllables,tourney,FALSE,20,elitize_generation_data,219,173,0.609,NA
221,87,syllables,tourney,FALSE,20,elitize_generation_data,220,163,0.615,NA
222,87,syllables,tourney,FALSE,20,elitize_generation_data,221,174,0.619,NA
223,87,syllables,tourney,FALSE,20,elitize_generation_data,222,173,0.609,NA
224,87,syllables,tourney,FALSE,20,elitize_generation_data,223,190,0.632,NA
225,87,syllables,tourney,FALSE,20,elitize_generation_data,224,172,0.596,NA
226,87,syllables,tourney,FALSE,20,elitize_generation_data,225,173,0.615,NA
227,87,syllables,tourney,FALSE,20,elitize_generation_data,226,177,0.607,NA
228,87,syllables,tourney,FALSE,20,elitize_generation_data,227,178,0.63,NA
229,87,syllables,tourney,FALSE,20,elitize_generation_data,228,174,0.617,NA
230,87,syllables,tourney,FALSE,20,elitize_generation_data,229,189,0.644,NA
231,87,syllables,tourney,FALSE,20,elitize_generation_data,230,180,0.615,NA
232,87,syllables,tourney,FALSE,20,elitize_generation_data,231,180,0.636,NA
233,87,syllables,tourney,FALSE,20,elitize_generation_data,232,184,0.631,NA
234,87,syllables,tourney,FALSE,20,elitize_generation_data,233,184,0.636,NA
235,87,syllables,tourney,FALSE,20,elitize_generation_data,234,168,0.612,NA
236,87,syllables,tourney,FALSE,20,elitize_generation_data,235,182,0.622,NA
237,87,syllables,tourney,FALSE,20,elitize_generation_data,236,184,0.606,NA
238,87,syllables,tourney,FALSE,20,elitize_generation_data,237,192,0.654,NA
239,87,syllables,tourney,FALSE,20,elitize_generation_data,238,190,0.647,NA
240,87,syllables,tourney,FALSE,20,elitize_generation_data,239,195,0.652,NA
241,87,syllables,tourney,FALSE,20,elitize_generation_data,240,210,0.658,NA
242,87,syllables,tourney,FALSE,20,elitize_generation_data,241,206,0.652,NA
243,87,syllables,tourney,FALSE,20,elitize_generation_data,242,211,0.662,NA
244,87,syllables,tourney,FALSE,20,elitize_generation_data,243,207,0.659,NA
245,87,syllables,tourney,FALSE,20,elitize_generation_data,244,204,0.68,NA
246,87,syllables,tourney,FALSE,20,elitize_generation_data,245,227,0.709,NA
247,87,syllables,tourney,FALSE,20,elitize_generation_data,246,218,0.695,NA
248,87,syllables,tourney,FALSE,20,elitize_generation_data,247,248,0.741,NA
249,87,syllables,tourney,FALSE,20,elitize_generation_data,248,212,0.715,NA
250,87,syllables,tourney,FALSE,20,elitize_generation_data,249,219,0.719,NA
251,87,syllables,tourney,FALSE,20,elitize_generation_data,250,232,0.732,NA
252,87,syllables,tourney,FALSE,20,elitize_generation_data,251,222,0.715,NA
253,87,syllables,tourney,FALSE,20,elitize_generation_data,252,202,0.734,NA
254,87,syllables,tourney,FALSE,20,elitize_generation_data,253,218,0.732,NA
255,87,syllables,tourney,FALSE,20,elitize_generation_data,254,227,0.7,NA
256,87,syllables,tourney,FALSE,20,elitize_generation_data,255,223,0.717,NA
257,87,syllables,tourney,FALSE,20,elitize_generation_data,256,227,0.724,NA
258,87,syllables,tourney,FALSE,20,elitize_generation_data,257,209,0.719,NA
259,87,syllables,tourney,FALSE,20,elitize_generation_data,258,227,0.702,NA
260,87,syllables,tourney,FALSE,20,elitize_generation_data,259,230,0.71,NA
261,87,syllables,tourney,FALSE,20,elitize_generation_data,260,232,0.729,NA
262,87,syllables,tourney,FALSE,20,elitize_generation_data,261,231,0.721,NA
263,87,syllables,tourney,FALSE,20,elitize_generation_data,262,220,0.717,NA
264,87,syllables,tourney,FALSE,20,elitize_generation_data,263,219,0.695,NA
265,87,syllables,tourney,FALSE,20,elitize_generation_data,264,239,0.715,NA
266,87,syllables,tourney,FALSE,20,elitize_generation_data,265,218,0.718,NA
267,87,syllables,tourney,FALSE,20,elitize_generation_data,266,234,0.754,NA
268,87,syllables,tourney,FALSE,20,elitize_generation_data,267,227,0.741,NA
269,87,syllables,tourney,FALSE,20,elitize_generation_data,268,232,0.732,NA
270,87,syllables,tourney,FALSE,20,elitize_generation_data,269,250,0.727,NA
271,87,syllables,tourney,FALSE,20,elitize_generation_data,270,223,0.714,NA
272,87,syllables,tourney,FALSE,20,elitize_generation_data,271,247,0.752,NA
273,87,syllables,tourney,FALSE,20,elitize_generation_data,272,264,0.765,NA
274,87,syllables,tourney,FALSE,20,elitize_generation_data,273,236,0.748,NA
275,87,syllables,tourney,FALSE,20,elitize_generation_data,274,247,0.751,NA
276,87,syllables,tourney,FALSE,20,elitize_generation_data,275,239,0.741,NA
277,87,syllables,tourney,FALSE,20,elitize_generation_data,276,240,0.732,NA
278,87,syllables,tourney,FALSE,20,elitize_generation_data,277,222,0.741,NA
279,87,syllables,tourney,FALSE,20,elitize_generation_data,278,221,0.725,NA
280,87,syllables,tourney,FALSE,20,elitize_generation_data,279,219,0.736,NA
281,87,syllables,tourney,FALSE,20,elitize_generation_data,280,231,0.751,NA
282,87,syllables,tourney,FALSE,20,elitize_generation_data,281,231,0.722,NA
283,87,syllables,tourney,FALSE,20,elitize_generation_data,282,235,0.714,NA
284,87,syllables,tourney,FALSE,20,elitize_generation_data,283,220,0.729,NA
285,87,syllables,tourney,FALSE,20,elitize_generation_data,284,230,0.73,NA
286,87,syllables,tourney,FALSE,20,elitize_generation_data,285,232,0.727,NA
287,87,syllables,tourney,FALSE,20,elitize_generation_data,286,220,0.72,NA
288,87,syllables,tourney,FALSE,20,elitize_generation_data,287,244,0.729,NA
289,87,syllables,tourney,FALSE,20,elitize_generation_data,288,236,0.708,NA
290,87,syllables,tourney,FALSE,20,elitize_generation_data,289,234,0.717,NA
291,87,syllables,tourney,FALSE,20,elitize_generation_data,290,244,0.719,NA
292,87,syllables,tourney,FALSE,20,elitize_generation_data,291,214,0.713,NA
293,87,syllables,tourney,FALSE,20,elitize_generation_data,292,221,0.693,NA
294,87,syllables,tourney,FALSE,20,elitize_generation_data,293,220,0.698,NA
295,87,syllables,tourney,FALSE,20,elitize_generation_data,294,232,0.712,NA
296,87,syllables,tourney,FALSE,20,elitize_generation_data,295,244,0.694,NA
297,87,syllables,tourney,FALSE,20,elitize_generation_data,296,233,0.685,NA
298,87,syllables,tourney,FALSE,20,elitize_generation_data,297,228,0.719,NA
299,87,syllables,tourney,FALSE,20,elitize_generation_data,298,233,0.727,NA
300,87,syllables,tourney,FALSE,20,elitize_generation_data,299,248,0.701,NA
301,87,syllables,tourney,FALSE,20,elitize_generation_data,300,233,0.71,NA
