,run.num,problem,treatment,succeeded,height,normalization.function,generation,cluster.count,error.diversity,success.generation
1,23,syllables,tourney,FALSE,20,elitize_generation_data,0,4,0.276,NA
2,23,syllables,tourney,FALSE,20,elitize_generation_data,1,5,0.194,NA
3,23,syllables,tourney,FALSE,20,elitize_generation_data,2,3,0.234,NA
4,23,syllables,tourney,FALSE,20,elitize_generation_data,3,5,0.153,NA
5,23,syllables,tourney,FALSE,20,elitize_generation_data,4,8,0.174,NA
6,23,syllables,tourney,FALSE,20,elitize_generation_data,5,6,0.179,NA
7,23,syllables,tourney,FALSE,20,elitize_generation_data,6,7,0.174,NA
8,23,syllables,tourney,FALSE,20,elitize_generation_data,7,7,0.163,NA
9,23,syllables,tourney,FALSE,20,elitize_generation_data,8,10,0.121,NA
10,23,syllables,tourney,FALSE,20,elitize_generation_data,9,9,0.09,NA
11,23,syllables,tourney,FALSE,20,elitize_generation_data,10,11,0.106,NA
12,23,syllables,tourney,FALSE,20,elitize_generation_data,11,10,0.103,NA
13,23,syllables,tourney,FALSE,20,elitize_generation_data,12,11,0.107,NA
14,23,syllables,tourney,FALSE,20,elitize_generation_data,13,11,0.112,NA
15,23,syllables,tourney,FALSE,20,elitize_generation_data,14,11,0.105,NA
16,23,syllables,tourney,FALSE,20,elitize_generation_data,15,11,0.117,NA
17,23,syllables,tourney,FALSE,20,elitize_generation_data,16,9,0.114,NA
18,23,syllables,tourney,FALSE,20,elitize_generation_data,17,10,0.12,NA
19,23,syllables,tourney,FALSE,20,elitize_generation_data,18,10,0.13,NA
20,23,syllables,tourney,FALSE,20,elitize_generation_data,19,12,0.157,NA
21,23,syllables,tourney,FALSE,20,elitize_generation_data,20,11,0.17,NA
22,23,syllables,tourney,FALSE,20,elitize_generation_data,21,11,0.172,NA
23,23,syllables,tourney,FALSE,20,elitize_generation_data,22,11,0.176,NA
24,23,syllables,tourney,FALSE,20,elitize_generation_data,23,10,0.175,NA
25,23,syllables,tourney,FALSE,20,elitize_generation_data,24,9,0.17,NA
26,23,syllables,tourney,FALSE,20,elitize_generation_data,25,11,0.17,NA
27,23,syllables,tourney,FALSE,20,elitize_generation_data,26,14,0.213,NA
28,23,syllables,tourney,FALSE,20,elitize_generation_data,27,11,0.175,NA
29,23,syllables,tourney,FALSE,20,elitize_generation_data,28,13,0.206,NA
30,23,syllables,tourney,FALSE,20,elitize_generation_data,29,16,0.197,NA
31,23,syllables,tourney,FALSE,20,elitize_generation_data,30,24,0.252,NA
32,23,syllables,tourney,FALSE,20,elitize_generation_data,31,21,0.294,NA
33,23,syllables,tourney,FALSE,20,elitize_generation_data,32,37,0.363,NA
34,23,syllables,tourney,FALSE,20,elitize_generation_data,33,36,0.366,NA
35,23,syllables,tourney,FALSE,20,elitize_generation_data,34,36,0.345,NA
36,23,syllables,tourney,FALSE,20,elitize_generation_data,35,33,0.363,NA
37,23,syllables,tourney,FALSE,20,elitize_generation_data,36,35,0.319,NA
38,23,syllables,tourney,FALSE,20,elitize_generation_data,37,34,0.319,NA
39,23,syllables,tourney,FALSE,20,elitize_generation_data,38,43,0.33,NA
40,23,syllables,tourney,FALSE,20,elitize_generation_data,39,49,0.359,NA
41,23,syllables,tourney,FALSE,20,elitize_generation_data,40,41,0.351,NA
42,23,syllables,tourney,FALSE,20,elitize_generation_data,41,43,0.375,NA
43,23,syllables,tourney,FALSE,20,elitize_generation_data,42,47,0.352,NA
44,23,syllables,tourney,FALSE,20,elitize_generation_data,43,47,0.346,NA
45,23,syllables,tourney,FALSE,20,elitize_generation_data,44,41,0.382,NA
46,23,syllables,tourney,FALSE,20,elitize_generation_data,45,41,0.348,NA
47,23,syllables,tourney,FALSE,20,elitize_generation_data,46,30,0.265,NA
48,23,syllables,tourney,FALSE,20,elitize_generation_data,47,35,0.287,NA
49,23,syllables,tourney,FALSE,20,elitize_generation_data,48,34,0.297,NA
50,23,syllables,tourney,FALSE,20,elitize_generation_data,49,33,0.301,NA
51,23,syllables,tourney,FALSE,20,elitize_generation_data,50,31,0.292,NA
52,23,syllables,tourney,FALSE,20,elitize_generation_data,51,33,0.278,NA
53,23,syllables,tourney,FALSE,20,elitize_generation_data,52,33,0.262,NA
54,23,syllables,tourney,FALSE,20,elitize_generation_data,53,38,0.277,NA
55,23,syllables,tourney,FALSE,20,elitize_generation_data,54,39,0.288,NA
56,23,syllables,tourney,FALSE,20,elitize_generation_data,55,28,0.288,NA
57,23,syllables,tourney,FALSE,20,elitize_generation_data,56,37,0.279,NA
58,23,syllables,tourney,FALSE,20,elitize_generation_data,57,33,0.284,NA
59,23,syllables,tourney,FALSE,20,elitize_generation_data,58,39,0.276,NA
60,23,syllables,tourney,FALSE,20,elitize_generation_data,59,29,0.272,NA
61,23,syllables,tourney,FALSE,20,elitize_generation_data,60,32,0.278,NA
62,23,syllables,tourney,FALSE,20,elitize_generation_data,61,28,0.256,NA
63,23,syllables,tourney,FALSE,20,elitize_generation_data,62,34,0.276,NA
64,23,syllables,tourney,FALSE,20,elitize_generation_data,63,35,0.272,NA
65,23,syllables,tourney,FALSE,20,elitize_generation_data,64,35,0.294,NA
66,23,syllables,tourney,FALSE,20,elitize_generation_data,65,43,0.331,NA
67,23,syllables,tourney,FALSE,20,elitize_generation_data,66,34,0.337,NA
68,23,syllables,tourney,FALSE,20,elitize_generation_data,67,31,0.305,NA
69,23,syllables,tourney,FALSE,20,elitize_generation_data,68,44,0.307,NA
70,23,syllables,tourney,FALSE,20,elitize_generation_data,69,40,0.296,NA
71,23,syllables,tourney,FALSE,20,elitize_generation_data,70,34,0.304,NA
72,23,syllables,tourney,FALSE,20,elitize_generation_data,71,30,0.323,NA
73,23,syllables,tourney,FALSE,20,elitize_generation_data,72,38,0.342,NA
74,23,syllables,tourney,FALSE,20,elitize_generation_data,73,37,0.372,NA
75,23,syllables,tourney,FALSE,20,elitize_generation_data,74,38,0.368,NA
76,23,syllables,tourney,FALSE,20,elitize_generation_data,75,36,0.372,NA
77,23,syllables,tourney,FALSE,20,elitize_generation_data,76,39,0.364,NA
78,23,syllables,tourney,FALSE,20,elitize_generation_data,77,43,0.359,NA
79,23,syllables,tourney,FALSE,20,elitize_generation_data,78,40,0.371,NA
80,23,syllables,tourney,FALSE,20,elitize_generation_data,79,40,0.353,NA
81,23,syllables,tourney,FALSE,20,elitize_generation_data,80,44,0.344,NA
82,23,syllables,tourney,FALSE,20,elitize_generation_data,81,38,0.364,NA
83,23,syllables,tourney,FALSE,20,elitize_generation_data,82,41,0.37,NA
84,23,syllables,tourney,FALSE,20,elitize_generation_data,83,41,0.374,NA
85,23,syllables,tourney,FALSE,20,elitize_generation_data,84,41,0.355,NA
86,23,syllables,tourney,FALSE,20,elitize_generation_data,85,47,0.365,NA
87,23,syllables,tourney,FALSE,20,elitize_generation_data,86,41,0.361,NA
88,23,syllables,tourney,FALSE,20,elitize_generation_data,87,38,0.337,NA
89,23,syllables,tourney,FALSE,20,elitize_generation_data,88,36,0.339,NA
90,23,syllables,tourney,FALSE,20,elitize_generation_data,89,40,0.368,NA
91,23,syllables,tourney,FALSE,20,elitize_generation_data,90,47,0.366,NA
92,23,syllables,tourney,FALSE,20,elitize_generation_data,91,39,0.362,NA
93,23,syllables,tourney,FALSE,20,elitize_generation_data,92,49,0.351,NA
94,23,syllables,tourney,FALSE,20,elitize_generation_data,93,42,0.372,NA
95,23,syllables,tourney,FALSE,20,elitize_generation_data,94,40,0.366,NA
96,23,syllables,tourney,FALSE,20,elitize_generation_data,95,43,0.366,NA
97,23,syllables,tourney,FALSE,20,elitize_generation_data,96,40,0.345,NA
98,23,syllables,tourney,FALSE,20,elitize_generation_data,97,38,0.338,NA
99,23,syllables,tourney,FALSE,20,elitize_generation_data,98,41,0.355,NA
100,23,syllables,tourney,FALSE,20,elitize_generation_data,99,36,0.325,NA
101,23,syllables,tourney,FALSE,20,elitize_generation_data,100,45,0.347,NA
102,23,syllables,tourney,FALSE,20,elitize_generation_data,101,48,0.346,NA
103,23,syllables,tourney,FALSE,20,elitize_generation_data,102,35,0.367,NA
104,23,syllables,tourney,FALSE,20,elitize_generation_data,103,44,0.395,NA
105,23,syllables,tourney,FALSE,20,elitize_generation_data,104,44,0.351,NA
106,23,syllables,tourney,FALSE,20,elitize_generation_data,105,43,0.324,NA
107,23,syllables,tourney,FALSE,20,elitize_generation_data,106,45,0.322,NA
108,23,syllables,tourney,FALSE,20,elitize_generation_data,107,43,0.338,NA
109,23,syllables,tourney,FALSE,20,elitize_generation_data,108,44,0.321,NA
110,23,syllables,tourney,FALSE,20,elitize_generation_data,109,43,0.34,NA
111,23,syllables,tourney,FALSE,20,elitize_generation_data,110,51,0.354,NA
112,23,syllables,tourney,FALSE,20,elitize_generation_data,111,39,0.345,NA
113,23,syllables,tourney,FALSE,20,elitize_generation_data,112,41,0.355,NA
114,23,syllables,tourney,FALSE,20,elitize_generation_data,113,47,0.348,NA
115,23,syllables,tourney,FALSE,20,elitize_generation_data,114,40,0.359,NA
116,23,syllables,tourney,FALSE,20,elitize_generation_data,115,41,0.356,NA
117,23,syllables,tourney,FALSE,20,elitize_generation_data,116,46,0.355,NA
118,23,syllables,tourney,FALSE,20,elitize_generation_data,117,38,0.33,NA
119,23,syllables,tourney,FALSE,20,elitize_generation_data,118,46,0.336,NA
120,23,syllables,tourney,FALSE,20,elitize_generation_data,119,39,0.363,NA
121,23,syllables,tourney,FALSE,20,elitize_generation_data,120,43,0.399,NA
122,23,syllables,tourney,FALSE,20,elitize_generation_data,121,42,0.354,NA
123,23,syllables,tourney,FALSE,20,elitize_generation_data,122,44,0.36,NA
124,23,syllables,tourney,FALSE,20,elitize_generation_data,123,38,0.323,NA
125,23,syllables,tourney,FALSE,20,elitize_generation_data,124,39,0.346,NA
126,23,syllables,tourney,FALSE,20,elitize_generation_data,125,39,0.352,NA
127,23,syllables,tourney,FALSE,20,elitize_generation_data,126,42,0.341,NA
128,23,syllables,tourney,FALSE,20,elitize_generation_data,127,42,0.336,NA
129,23,syllables,tourney,FALSE,20,elitize_generation_data,128,43,0.334,NA
130,23,syllables,tourney,FALSE,20,elitize_generation_data,129,40,0.324,NA
131,23,syllables,tourney,FALSE,20,elitize_generation_data,130,45,0.341,NA
132,23,syllables,tourney,FALSE,20,elitize_generation_data,131,36,0.331,NA
133,23,syllables,tourney,FALSE,20,elitize_generation_data,132,39,0.38,NA
134,23,syllables,tourney,FALSE,20,elitize_generation_data,133,47,0.334,NA
135,23,syllables,tourney,FALSE,20,elitize_generation_data,134,40,0.33,NA
136,23,syllables,tourney,FALSE,20,elitize_generation_data,135,46,0.361,NA
137,23,syllables,tourney,FALSE,20,elitize_generation_data,136,51,0.343,NA
138,23,syllables,tourney,FALSE,20,elitize_generation_data,137,45,0.352,NA
139,23,syllables,tourney,FALSE,20,elitize_generation_data,138,43,0.344,NA
140,23,syllables,tourney,FALSE,20,elitize_generation_data,139,47,0.348,NA
141,23,syllables,tourney,FALSE,20,elitize_generation_data,140,45,0.361,NA
142,23,syllables,tourney,FALSE,20,elitize_generation_data,141,50,0.363,NA
143,23,syllables,tourney,FALSE,20,elitize_generation_data,142,36,0.332,NA
144,23,syllables,tourney,FALSE,20,elitize_generation_data,143,49,0.354,NA
145,23,syllables,tourney,FALSE,20,elitize_generation_data,144,42,0.344,NA
146,23,syllables,tourney,FALSE,20,elitize_generation_data,145,54,0.355,NA
147,23,syllables,tourney,FALSE,20,elitize_generation_data,146,51,0.342,NA
148,23,syllables,tourney,FALSE,20,elitize_generation_data,147,45,0.371,NA
149,23,syllables,tourney,FALSE,20,elitize_generation_data,148,42,0.342,NA
150,23,syllables,tourney,FALSE,20,elitize_generation_data,149,42,0.342,NA
151,23,syllables,tourney,FALSE,20,elitize_generation_data,150,41,0.349,NA
152,23,syllables,tourney,FALSE,20,elitize_generation_data,151,45,0.346,NA
153,23,syllables,tourney,FALSE,20,elitize_generation_data,152,37,0.339,NA
154,23,syllables,tourney,FALSE,20,elitize_generation_data,153,49,0.349,NA
155,23,syllables,tourney,FALSE,20,elitize_generation_data,154,45,0.339,NA
156,23,syllables,tourney,FALSE,20,elitize_generation_data,155,40,0.354,NA
157,23,syllables,tourney,FALSE,20,elitize_generation_data,156,42,0.338,NA
158,23,syllables,tourney,FALSE,20,elitize_generation_data,157,47,0.339,NA
159,23,syllables,tourney,FALSE,20,elitize_generation_data,158,42,0.358,NA
160,23,syllables,tourney,FALSE,20,elitize_generation_data,159,39,0.366,NA
161,23,syllables,tourney,FALSE,20,elitize_generation_data,160,48,0.377,NA
162,23,syllables,tourney,FALSE,20,elitize_generation_data,161,47,0.374,NA
163,23,syllables,tourney,FALSE,20,elitize_generation_data,162,39,0.376,NA
164,23,syllables,tourney,FALSE,20,elitize_generation_data,163,43,0.356,NA
165,23,syllables,tourney,FALSE,20,elitize_generation_data,164,47,0.373,NA
166,23,syllables,tourney,FALSE,20,elitize_generation_data,165,44,0.352,NA
167,23,syllables,tourney,FALSE,20,elitize_generation_data,166,42,0.357,NA
168,23,syllables,tourney,FALSE,20,elitize_generation_data,167,45,0.369,NA
169,23,syllables,tourney,FALSE,20,elitize_generation_data,168,42,0.362,NA
170,23,syllables,tourney,FALSE,20,elitize_generation_data,169,44,0.348,NA
171,23,syllables,tourney,FALSE,20,elitize_generation_data,170,40,0.361,NA
172,23,syllables,tourney,FALSE,20,elitize_generation_data,171,45,0.338,NA
173,23,syllables,tourney,FALSE,20,elitize_generation_data,172,45,0.383,NA
174,23,syllables,tourney,FALSE,20,elitize_generation_data,173,43,0.351,NA
175,23,syllables,tourney,FALSE,20,elitize_generation_data,174,40,0.356,NA
176,23,syllables,tourney,FALSE,20,elitize_generation_data,175,43,0.387,NA
177,23,syllables,tourney,FALSE,20,elitize_generation_data,176,47,0.357,NA
178,23,syllables,tourney,FALSE,20,elitize_generation_data,177,35,0.377,NA
179,23,syllables,tourney,FALSE,20,elitize_generation_data,178,51,0.362,NA
180,23,syllables,tourney,FALSE,20,elitize_generation_data,179,38,0.366,NA
181,23,syllables,tourney,FALSE,20,elitize_generation_data,180,42,0.355,NA
182,23,syllables,tourney,FALSE,20,elitize_generation_data,181,42,0.362,NA
183,23,syllables,tourney,FALSE,20,elitize_generation_data,182,42,0.357,NA
184,23,syllables,tourney,FALSE,20,elitize_generation_data,183,44,0.353,NA
185,23,syllables,tourney,FALSE,20,elitize_generation_data,184,40,0.363,NA
186,23,syllables,tourney,FALSE,20,elitize_generation_data,185,43,0.343,NA
187,23,syllables,tourney,FALSE,20,elitize_generation_data,186,40,0.354,NA
188,23,syllables,tourney,FALSE,20,elitize_generation_data,187,44,0.378,NA
189,23,syllables,tourney,FALSE,20,elitize_generation_data,188,44,0.378,NA
190,23,syllables,tourney,FALSE,20,elitize_generation_data,189,44,0.36,NA
191,23,syllables,tourney,FALSE,20,elitize_generation_data,190,50,0.374,NA
192,23,syllables,tourney,FALSE,20,elitize_generation_data,191,42,0.373,NA
193,23,syllables,tourney,FALSE,20,elitize_generation_data,192,39,0.356,NA
194,23,syllables,tourney,FALSE,20,elitize_generation_data,193,47,0.353,NA
195,23,syllables,tourney,FALSE,20,elitize_generation_data,194,42,0.381,NA
196,23,syllables,tourney,FALSE,20,elitize_generation_data,195,47,0.382,NA
197,23,syllables,tourney,FALSE,20,elitize_generation_data,196,51,0.349,NA
198,23,syllables,tourney,FALSE,20,elitize_generation_data,197,49,0.345,NA
199,23,syllables,tourney,FALSE,20,elitize_generation_data,198,42,0.357,NA
200,23,syllables,tourney,FALSE,20,elitize_generation_data,199,44,0.373,NA
201,23,syllables,tourney,FALSE,20,elitize_generation_data,200,50,0.354,NA
202,23,syllables,tourney,FALSE,20,elitize_generation_data,201,42,0.372,NA
203,23,syllables,tourney,FALSE,20,elitize_generation_data,202,42,0.369,NA
204,23,syllables,tourney,FALSE,20,elitize_generation_data,203,48,0.365,NA
205,23,syllables,tourney,FALSE,20,elitize_generation_data,204,50,0.367,NA
206,23,syllables,tourney,FALSE,20,elitize_generation_data,205,42,0.339,NA
207,23,syllables,tourney,FALSE,20,elitize_generation_data,206,46,0.369,NA
208,23,syllables,tourney,FALSE,20,elitize_generation_data,207,44,0.359,NA
209,23,syllables,tourney,FALSE,20,elitize_generation_data,208,42,0.362,NA
210,23,syllables,tourney,FALSE,20,elitize_generation_data,209,49,0.371,NA
211,23,syllables,tourney,FALSE,20,elitize_generation_data,210,40,0.363,NA
212,23,syllables,tourney,FALSE,20,elitize_generation_data,211,43,0.359,NA
213,23,syllables,tourney,FALSE,20,elitize_generation_data,212,43,0.339,NA
214,23,syllables,tourney,FALSE,20,elitize_generation_data,213,48,0.36,NA
215,23,syllables,tourney,FALSE,20,elitize_generation_data,214,40,0.379,NA
216,23,syllables,tourney,FALSE,20,elitize_generation_data,215,45,0.368,NA
217,23,syllables,tourney,FALSE,20,elitize_generation_data,216,44,0.378,NA
218,23,syllables,tourney,FALSE,20,elitize_generation_data,217,41,0.359,NA
219,23,syllables,tourney,FALSE,20,elitize_generation_data,218,38,0.37,NA
220,23,syllables,tourney,FALSE,20,elitize_generation_data,219,39,0.359,NA
221,23,syllables,tourney,FALSE,20,elitize_generation_data,220,35,0.352,NA
222,23,syllables,tourney,FALSE,20,elitize_generation_data,221,43,0.376,NA
223,23,syllables,tourney,FALSE,20,elitize_generation_data,222,40,0.357,NA
224,23,syllables,tourney,FALSE,20,elitize_generation_data,223,51,0.355,NA
225,23,syllables,tourney,FALSE,20,elitize_generation_data,224,40,0.337,NA
226,23,syllables,tourney,FALSE,20,elitize_generation_data,225,47,0.367,NA
227,23,syllables,tourney,FALSE,20,elitize_generation_data,226,52,0.342,NA
228,23,syllables,tourney,FALSE,20,elitize_generation_data,227,45,0.371,NA
229,23,syllables,tourney,FALSE,20,elitize_generation_data,228,42,0.368,NA
230,23,syllables,tourney,FALSE,20,elitize_generation_data,229,41,0.375,NA
231,23,syllables,tourney,FALSE,20,elitize_generation_data,230,45,0.378,NA
232,23,syllables,tourney,FALSE,20,elitize_generation_data,231,40,0.357,NA
233,23,syllables,tourney,FALSE,20,elitize_generation_data,232,43,0.376,NA
234,23,syllables,tourney,FALSE,20,elitize_generation_data,233,45,0.358,NA
235,23,syllables,tourney,FALSE,20,elitize_generation_data,234,43,0.379,NA
236,23,syllables,tourney,FALSE,20,elitize_generation_data,235,46,0.396,NA
237,23,syllables,tourney,FALSE,20,elitize_generation_data,236,42,0.409,NA
238,23,syllables,tourney,FALSE,20,elitize_generation_data,237,47,0.423,NA
239,23,syllables,tourney,FALSE,20,elitize_generation_data,238,48,0.43,NA
240,23,syllables,tourney,FALSE,20,elitize_generation_data,239,50,0.447,NA
241,23,syllables,tourney,FALSE,20,elitize_generation_data,240,48,0.474,NA
242,23,syllables,tourney,FALSE,20,elitize_generation_data,241,56,0.486,NA
243,23,syllables,tourney,FALSE,20,elitize_generation_data,242,59,0.497,NA
244,23,syllables,tourney,FALSE,20,elitize_generation_data,243,51,0.484,NA
245,23,syllables,tourney,FALSE,20,elitize_generation_data,244,51,0.455,NA
246,23,syllables,tourney,FALSE,20,elitize_generation_data,245,54,0.497,NA
247,23,syllables,tourney,FALSE,20,elitize_generation_data,246,55,0.463,NA
248,23,syllables,tourney,FALSE,20,elitize_generation_data,247,44,0.471,NA
249,23,syllables,tourney,FALSE,20,elitize_generation_data,248,54,0.442,NA
250,23,syllables,tourney,FALSE,20,elitize_generation_data,249,49,0.45,NA
251,23,syllables,tourney,FALSE,20,elitize_generation_data,250,49,0.468,NA
252,23,syllables,tourney,FALSE,20,elitize_generation_data,251,54,0.495,NA
253,23,syllables,tourney,FALSE,20,elitize_generation_data,252,65,0.52,NA
254,23,syllables,tourney,FALSE,20,elitize_generation_data,253,50,0.512,NA
255,23,syllables,tourney,FALSE,20,elitize_generation_data,254,67,0.477,NA
256,23,syllables,tourney,FALSE,20,elitize_generation_data,255,58,0.5,NA
257,23,syllables,tourney,FALSE,20,elitize_generation_data,256,59,0.512,NA
258,23,syllables,tourney,FALSE,20,elitize_generation_data,257,55,0.499,NA
259,23,syllables,tourney,FALSE,20,elitize_generation_data,258,56,0.485,NA
260,23,syllables,tourney,FALSE,20,elitize_generation_data,259,53,0.506,NA
261,23,syllables,tourney,FALSE,20,elitize_generation_data,260,58,0.506,NA
262,23,syllables,tourney,FALSE,20,elitize_generation_data,261,66,0.484,NA
263,23,syllables,tourney,FALSE,20,elitize_generation_data,262,55,0.473,NA
264,23,syllables,tourney,FALSE,20,elitize_generation_data,263,55,0.502,NA
265,23,syllables,tourney,FALSE,20,elitize_generation_data,264,58,0.489,NA
266,23,syllables,tourney,FALSE,20,elitize_generation_data,265,62,0.475,NA
267,23,syllables,tourney,FALSE,20,elitize_generation_data,266,61,0.501,NA
268,23,syllables,tourney,FALSE,20,elitize_generation_data,267,58,0.493,NA
269,23,syllables,tourney,FALSE,20,elitize_generation_data,268,59,0.486,NA
270,23,syllables,tourney,FALSE,20,elitize_generation_data,269,55,0.5,NA
271,23,syllables,tourney,FALSE,20,elitize_generation_data,270,61,0.507,NA
272,23,syllables,tourney,FALSE,20,elitize_generation_data,271,59,0.507,NA
273,23,syllables,tourney,FALSE,20,elitize_generation_data,272,60,0.468,NA
274,23,syllables,tourney,FALSE,20,elitize_generation_data,273,53,0.52,NA
275,23,syllables,tourney,FALSE,20,elitize_generation_data,274,61,0.496,NA
276,23,syllables,tourney,FALSE,20,elitize_generation_data,275,61,0.53,NA
277,23,syllables,tourney,FALSE,20,elitize_generation_data,276,60,0.529,NA
278,23,syllables,tourney,FALSE,20,elitize_generation_data,277,56,0.492,NA
279,23,syllables,tourney,FALSE,20,elitize_generation_data,278,53,0.506,NA
280,23,syllables,tourney,FALSE,20,elitize_generation_data,279,65,0.532,NA
281,23,syllables,tourney,FALSE,20,elitize_generation_data,280,65,0.543,NA
282,23,syllables,tourney,FALSE,20,elitize_generation_data,281,57,0.542,NA
283,23,syllables,tourney,FALSE,20,elitize_generation_data,282,50,0.503,NA
284,23,syllables,tourney,FALSE,20,elitize_generation_data,283,45,0.474,NA
285,23,syllables,tourney,FALSE,20,elitize_generation_data,284,45,0.429,NA
286,23,syllables,tourney,FALSE,20,elitize_generation_data,285,42,0.452,NA
287,23,syllables,tourney,FALSE,20,elitize_generation_data,286,51,0.434,NA
288,23,syllables,tourney,FALSE,20,elitize_generation_data,287,50,0.44,NA
289,23,syllables,tourney,FALSE,20,elitize_generation_data,288,52,0.438,NA
290,23,syllables,tourney,FALSE,20,elitize_generation_data,289,53,0.445,NA
291,23,syllables,tourney,FALSE,20,elitize_generation_data,290,49,0.443,NA
292,23,syllables,tourney,FALSE,20,elitize_generation_data,291,43,0.455,NA
293,23,syllables,tourney,FALSE,20,elitize_generation_data,292,41,0.474,NA
294,23,syllables,tourney,FALSE,20,elitize_generation_data,293,39,0.485,NA
295,23,syllables,tourney,FALSE,20,elitize_generation_data,294,50,0.516,NA
296,23,syllables,tourney,FALSE,20,elitize_generation_data,295,50,0.471,NA
297,23,syllables,tourney,FALSE,20,elitize_generation_data,296,50,0.454,NA
298,23,syllables,tourney,FALSE,20,elitize_generation_data,297,55,0.491,NA
299,23,syllables,tourney,FALSE,20,elitize_generation_data,298,47,0.469,NA
300,23,syllables,tourney,FALSE,20,elitize_generation_data,299,55,0.506,NA
301,23,syllables,tourney,FALSE,20,elitize_generation_data,300,48,0.483,NA
