,run.num,problem,treatment,succeeded,height,normalization.function,generation,cluster.count,error.diversity,success.generation
1,16,syllables,lexicase,FALSE,20,elitize_generation_data,0,5,0.242,NA
2,16,syllables,lexicase,FALSE,20,elitize_generation_data,1,7,0.066,NA
3,16,syllables,lexicase,FALSE,20,elitize_generation_data,2,9,0.093,NA
4,16,syllables,lexicase,FALSE,20,elitize_generation_data,3,9,0.114,NA
5,16,syllables,lexicase,FALSE,20,elitize_generation_data,4,7,0.116,NA
6,16,syllables,lexicase,FALSE,20,elitize_generation_data,5,7,0.115,NA
7,16,syllables,lexicase,FALSE,20,elitize_generation_data,6,7,0.133,NA
8,16,syllables,lexicase,FALSE,20,elitize_generation_data,7,7,0.114,NA
9,16,syllables,lexicase,FALSE,20,elitize_generation_data,8,7,0.14,NA
10,16,syllables,lexicase,FALSE,20,elitize_generation_data,9,7,0.12,NA
11,16,syllables,lexicase,FALSE,20,elitize_generation_data,10,8,0.124,NA
12,16,syllables,lexicase,FALSE,20,elitize_generation_data,11,8,0.137,NA
13,16,syllables,lexicase,FALSE,20,elitize_generation_data,12,7,0.15,NA
14,16,syllables,lexicase,FALSE,20,elitize_generation_data,13,7,0.173,NA
15,16,syllables,lexicase,FALSE,20,elitize_generation_data,14,9,0.24,NA
16,16,syllables,lexicase,FALSE,20,elitize_generation_data,15,10,0.324,NA
17,16,syllables,lexicase,FALSE,20,elitize_generation_data,16,10,0.36,NA
18,16,syllables,lexicase,FALSE,20,elitize_generation_data,17,14,0.408,NA
19,16,syllables,lexicase,FALSE,20,elitize_generation_data,18,19,0.488,NA
20,16,syllables,lexicase,FALSE,20,elitize_generation_data,19,33,0.484,NA
21,16,syllables,lexicase,FALSE,20,elitize_generation_data,20,37,0.507,NA
22,16,syllables,lexicase,FALSE,20,elitize_generation_data,21,62,0.538,NA
23,16,syllables,lexicase,FALSE,20,elitize_generation_data,22,76,0.568,NA
24,16,syllables,lexicase,FALSE,20,elitize_generation_data,23,99,0.597,NA
25,16,syllables,lexicase,FALSE,20,elitize_generation_data,24,116,0.617,NA
26,16,syllables,lexicase,FALSE,20,elitize_generation_data,25,133,0.634,NA
27,16,syllables,lexicase,FALSE,20,elitize_generation_data,26,151,0.658,NA
28,16,syllables,lexicase,FALSE,20,elitize_generation_data,27,174,0.671,NA
29,16,syllables,lexicase,FALSE,20,elitize_generation_data,28,192,0.668,NA
30,16,syllables,lexicase,FALSE,20,elitize_generation_data,29,205,0.662,NA
31,16,syllables,lexicase,FALSE,20,elitize_generation_data,30,230,0.696,NA
32,16,syllables,lexicase,FALSE,20,elitize_generation_data,31,249,0.714,NA
33,16,syllables,lexicase,FALSE,20,elitize_generation_data,32,284,0.742,NA
34,16,syllables,lexicase,FALSE,20,elitize_generation_data,33,271,0.724,NA
35,16,syllables,lexicase,FALSE,20,elitize_generation_data,34,292,0.738,NA
36,16,syllables,lexicase,FALSE,20,elitize_generation_data,35,333,0.719,NA
37,16,syllables,lexicase,FALSE,20,elitize_generation_data,36,308,0.739,NA
38,16,syllables,lexicase,FALSE,20,elitize_generation_data,37,323,0.73,NA
39,16,syllables,lexicase,FALSE,20,elitize_generation_data,38,338,0.751,NA
40,16,syllables,lexicase,FALSE,20,elitize_generation_data,39,350,0.746,NA
41,16,syllables,lexicase,FALSE,20,elitize_generation_data,40,370,0.745,NA
42,16,syllables,lexicase,FALSE,20,elitize_generation_data,41,365,0.734,NA
43,16,syllables,lexicase,FALSE,20,elitize_generation_data,42,363,0.738,NA
44,16,syllables,lexicase,FALSE,20,elitize_generation_data,43,373,0.737,NA
45,16,syllables,lexicase,FALSE,20,elitize_generation_data,44,386,0.777,NA
46,16,syllables,lexicase,FALSE,20,elitize_generation_data,45,388,0.752,NA
47,16,syllables,lexicase,FALSE,20,elitize_generation_data,46,393,0.781,NA
48,16,syllables,lexicase,FALSE,20,elitize_generation_data,47,410,0.781,NA
49,16,syllables,lexicase,FALSE,20,elitize_generation_data,48,430,0.775,NA
50,16,syllables,lexicase,FALSE,20,elitize_generation_data,49,419,0.773,NA
51,16,syllables,lexicase,FALSE,20,elitize_generation_data,50,415,0.759,NA
52,16,syllables,lexicase,FALSE,20,elitize_generation_data,51,408,0.769,NA
53,16,syllables,lexicase,FALSE,20,elitize_generation_data,52,416,0.756,NA
54,16,syllables,lexicase,FALSE,20,elitize_generation_data,53,425,0.793,NA
55,16,syllables,lexicase,FALSE,20,elitize_generation_data,54,449,0.809,NA
56,16,syllables,lexicase,FALSE,20,elitize_generation_data,55,424,0.789,NA
57,16,syllables,lexicase,FALSE,20,elitize_generation_data,56,450,0.799,NA
58,16,syllables,lexicase,FALSE,20,elitize_generation_data,57,441,0.778,NA
59,16,syllables,lexicase,FALSE,20,elitize_generation_data,58,454,0.808,NA
60,16,syllables,lexicase,FALSE,20,elitize_generation_data,59,436,0.785,NA
61,16,syllables,lexicase,FALSE,20,elitize_generation_data,60,439,0.792,NA
62,16,syllables,lexicase,FALSE,20,elitize_generation_data,61,472,0.81,NA
63,16,syllables,lexicase,FALSE,20,elitize_generation_data,62,483,0.79,NA
64,16,syllables,lexicase,FALSE,20,elitize_generation_data,63,449,0.799,NA
65,16,syllables,lexicase,FALSE,20,elitize_generation_data,64,474,0.779,NA
66,16,syllables,lexicase,FALSE,20,elitize_generation_data,65,499,0.819,NA
67,16,syllables,lexicase,FALSE,20,elitize_generation_data,66,462,0.794,NA
68,16,syllables,lexicase,FALSE,20,elitize_generation_data,67,461,0.791,NA
69,16,syllables,lexicase,FALSE,20,elitize_generation_data,68,472,0.784,NA
70,16,syllables,lexicase,FALSE,20,elitize_generation_data,69,475,0.784,NA
71,16,syllables,lexicase,FALSE,20,elitize_generation_data,70,457,0.796,NA
72,16,syllables,lexicase,FALSE,20,elitize_generation_data,71,495,0.811,NA
73,16,syllables,lexicase,FALSE,20,elitize_generation_data,72,491,0.799,NA
74,16,syllables,lexicase,FALSE,20,elitize_generation_data,73,492,0.778,NA
75,16,syllables,lexicase,FALSE,20,elitize_generation_data,74,497,0.837,NA
76,16,syllables,lexicase,FALSE,20,elitize_generation_data,75,476,0.787,NA
77,16,syllables,lexicase,FALSE,20,elitize_generation_data,76,515,0.807,NA
78,16,syllables,lexicase,FALSE,20,elitize_generation_data,77,519,0.821,NA
79,16,syllables,lexicase,FALSE,20,elitize_generation_data,78,490,0.802,NA
80,16,syllables,lexicase,FALSE,20,elitize_generation_data,79,492,0.795,NA
81,16,syllables,lexicase,FALSE,20,elitize_generation_data,80,475,0.78,NA
82,16,syllables,lexicase,FALSE,20,elitize_generation_data,81,492,0.774,NA
83,16,syllables,lexicase,FALSE,20,elitize_generation_data,82,520,0.814,NA
84,16,syllables,lexicase,FALSE,20,elitize_generation_data,83,529,0.82,NA
85,16,syllables,lexicase,FALSE,20,elitize_generation_data,84,525,0.814,NA
86,16,syllables,lexicase,FALSE,20,elitize_generation_data,85,521,0.809,NA
87,16,syllables,lexicase,FALSE,20,elitize_generation_data,86,517,0.785,NA
88,16,syllables,lexicase,FALSE,20,elitize_generation_data,87,502,0.791,NA
89,16,syllables,lexicase,FALSE,20,elitize_generation_data,88,546,0.825,NA
90,16,syllables,lexicase,FALSE,20,elitize_generation_data,89,540,0.789,NA
91,16,syllables,lexicase,FALSE,20,elitize_generation_data,90,532,0.804,NA
92,16,syllables,lexicase,FALSE,20,elitize_generation_data,91,539,0.8,NA
93,16,syllables,lexicase,FALSE,20,elitize_generation_data,92,523,0.789,NA
94,16,syllables,lexicase,FALSE,20,elitize_generation_data,93,528,0.797,NA
95,16,syllables,lexicase,FALSE,20,elitize_generation_data,94,520,0.777,NA
96,16,syllables,lexicase,FALSE,20,elitize_generation_data,95,544,0.789,NA
97,16,syllables,lexicase,FALSE,20,elitize_generation_data,96,562,0.804,NA
98,16,syllables,lexicase,FALSE,20,elitize_generation_data,97,530,0.795,NA
99,16,syllables,lexicase,FALSE,20,elitize_generation_data,98,573,0.831,NA
100,16,syllables,lexicase,FALSE,20,elitize_generation_data,99,552,0.817,NA
101,16,syllables,lexicase,FALSE,20,elitize_generation_data,100,555,0.819,NA
102,16,syllables,lexicase,FALSE,20,elitize_generation_data,101,563,0.812,NA
103,16,syllables,lexicase,FALSE,20,elitize_generation_data,102,545,0.806,NA
104,16,syllables,lexicase,FALSE,20,elitize_generation_data,103,556,0.796,NA
105,16,syllables,lexicase,FALSE,20,elitize_generation_data,104,534,0.796,NA
106,16,syllables,lexicase,FALSE,20,elitize_generation_data,105,537,0.807,NA
107,16,syllables,lexicase,FALSE,20,elitize_generation_data,106,538,0.808,NA
108,16,syllables,lexicase,FALSE,20,elitize_generation_data,107,546,0.802,NA
109,16,syllables,lexicase,FALSE,20,elitize_generation_data,108,525,0.782,NA
110,16,syllables,lexicase,FALSE,20,elitize_generation_data,109,530,0.802,NA
111,16,syllables,lexicase,FALSE,20,elitize_generation_data,110,567,0.803,NA
112,16,syllables,lexicase,FALSE,20,elitize_generation_data,111,548,0.809,NA
113,16,syllables,lexicase,FALSE,20,elitize_generation_data,112,557,0.824,NA
114,16,syllables,lexicase,FALSE,20,elitize_generation_data,113,555,0.811,NA
115,16,syllables,lexicase,FALSE,20,elitize_generation_data,114,560,0.808,NA
116,16,syllables,lexicase,FALSE,20,elitize_generation_data,115,556,0.799,NA
117,16,syllables,lexicase,FALSE,20,elitize_generation_data,116,536,0.773,NA
118,16,syllables,lexicase,FALSE,20,elitize_generation_data,117,571,0.819,NA
119,16,syllables,lexicase,FALSE,20,elitize_generation_data,118,554,0.802,NA
120,16,syllables,lexicase,FALSE,20,elitize_generation_data,119,562,0.783,NA
121,16,syllables,lexicase,FALSE,20,elitize_generation_data,120,558,0.8,NA
122,16,syllables,lexicase,FALSE,20,elitize_generation_data,121,548,0.791,NA
123,16,syllables,lexicase,FALSE,20,elitize_generation_data,122,532,0.78,NA
124,16,syllables,lexicase,FALSE,20,elitize_generation_data,123,528,0.754,NA
125,16,syllables,lexicase,FALSE,20,elitize_generation_data,124,540,0.776,NA
126,16,syllables,lexicase,FALSE,20,elitize_generation_data,125,566,0.81,NA
127,16,syllables,lexicase,FALSE,20,elitize_generation_data,126,561,0.794,NA
128,16,syllables,lexicase,FALSE,20,elitize_generation_data,127,564,0.83,NA
129,16,syllables,lexicase,FALSE,20,elitize_generation_data,128,555,0.79,NA
130,16,syllables,lexicase,FALSE,20,elitize_generation_data,129,534,0.795,NA
131,16,syllables,lexicase,FALSE,20,elitize_generation_data,130,567,0.795,NA
132,16,syllables,lexicase,FALSE,20,elitize_generation_data,131,553,0.794,NA
133,16,syllables,lexicase,FALSE,20,elitize_generation_data,132,536,0.784,NA
134,16,syllables,lexicase,FALSE,20,elitize_generation_data,133,546,0.783,NA
135,16,syllables,lexicase,FALSE,20,elitize_generation_data,134,541,0.778,NA
136,16,syllables,lexicase,FALSE,20,elitize_generation_data,135,543,0.759,NA
137,16,syllables,lexicase,FALSE,20,elitize_generation_data,136,559,0.805,NA
138,16,syllables,lexicase,FALSE,20,elitize_generation_data,137,551,0.791,NA
139,16,syllables,lexicase,FALSE,20,elitize_generation_data,138,558,0.789,NA
140,16,syllables,lexicase,FALSE,20,elitize_generation_data,139,534,0.796,NA
141,16,syllables,lexicase,FALSE,20,elitize_generation_data,140,568,0.806,NA
142,16,syllables,lexicase,FALSE,20,elitize_generation_data,141,566,0.812,NA
143,16,syllables,lexicase,FALSE,20,elitize_generation_data,142,557,0.782,NA
144,16,syllables,lexicase,FALSE,20,elitize_generation_data,143,579,0.808,NA
145,16,syllables,lexicase,FALSE,20,elitize_generation_data,144,552,0.785,NA
146,16,syllables,lexicase,FALSE,20,elitize_generation_data,145,562,0.791,NA
147,16,syllables,lexicase,FALSE,20,elitize_generation_data,146,580,0.821,NA
148,16,syllables,lexicase,FALSE,20,elitize_generation_data,147,583,0.797,NA
149,16,syllables,lexicase,FALSE,20,elitize_generation_data,148,606,0.808,NA
150,16,syllables,lexicase,FALSE,20,elitize_generation_data,149,578,0.798,NA
151,16,syllables,lexicase,FALSE,20,elitize_generation_data,150,545,0.774,NA
152,16,syllables,lexicase,FALSE,20,elitize_generation_data,151,545,0.774,NA
153,16,syllables,lexicase,FALSE,20,elitize_generation_data,152,566,0.8,NA
154,16,syllables,lexicase,FALSE,20,elitize_generation_data,153,574,0.802,NA
155,16,syllables,lexicase,FALSE,20,elitize_generation_data,154,533,0.783,NA
156,16,syllables,lexicase,FALSE,20,elitize_generation_data,155,579,0.782,NA
157,16,syllables,lexicase,FALSE,20,elitize_generation_data,156,552,0.782,NA
158,16,syllables,lexicase,FALSE,20,elitize_generation_data,157,561,0.758,NA
159,16,syllables,lexicase,FALSE,20,elitize_generation_data,158,575,0.795,NA
160,16,syllables,lexicase,FALSE,20,elitize_generation_data,159,569,0.792,NA
161,16,syllables,lexicase,FALSE,20,elitize_generation_data,160,548,0.794,NA
162,16,syllables,lexicase,FALSE,20,elitize_generation_data,161,570,0.805,NA
163,16,syllables,lexicase,FALSE,20,elitize_generation_data,162,568,0.805,NA
164,16,syllables,lexicase,FALSE,20,elitize_generation_data,163,551,0.782,NA
165,16,syllables,lexicase,FALSE,20,elitize_generation_data,164,561,0.794,NA
166,16,syllables,lexicase,FALSE,20,elitize_generation_data,165,561,0.807,NA
167,16,syllables,lexicase,FALSE,20,elitize_generation_data,166,552,0.799,NA
168,16,syllables,lexicase,FALSE,20,elitize_generation_data,167,548,0.804,NA
169,16,syllables,lexicase,FALSE,20,elitize_generation_data,168,552,0.797,NA
170,16,syllables,lexicase,FALSE,20,elitize_generation_data,169,572,0.813,NA
171,16,syllables,lexicase,FALSE,20,elitize_generation_data,170,567,0.793,NA
172,16,syllables,lexicase,FALSE,20,elitize_generation_data,171,554,0.804,NA
173,16,syllables,lexicase,FALSE,20,elitize_generation_data,172,555,0.798,NA
174,16,syllables,lexicase,FALSE,20,elitize_generation_data,173,554,0.782,NA
175,16,syllables,lexicase,FALSE,20,elitize_generation_data,174,546,0.774,NA
176,16,syllables,lexicase,FALSE,20,elitize_generation_data,175,543,0.789,NA
177,16,syllables,lexicase,FALSE,20,elitize_generation_data,176,562,0.809,NA
178,16,syllables,lexicase,FALSE,20,elitize_generation_data,177,557,0.805,NA
179,16,syllables,lexicase,FALSE,20,elitize_generation_data,178,549,0.811,NA
180,16,syllables,lexicase,FALSE,20,elitize_generation_data,179,557,0.805,NA
181,16,syllables,lexicase,FALSE,20,elitize_generation_data,180,570,0.803,NA
182,16,syllables,lexicase,FALSE,20,elitize_generation_data,181,543,0.784,NA
183,16,syllables,lexicase,FALSE,20,elitize_generation_data,182,531,0.785,NA
184,16,syllables,lexicase,FALSE,20,elitize_generation_data,183,550,0.798,NA
185,16,syllables,lexicase,FALSE,20,elitize_generation_data,184,564,0.809,NA
186,16,syllables,lexicase,FALSE,20,elitize_generation_data,185,553,0.787,NA
187,16,syllables,lexicase,FALSE,20,elitize_generation_data,186,572,0.809,NA
188,16,syllables,lexicase,FALSE,20,elitize_generation_data,187,571,0.798,NA
189,16,syllables,lexicase,FALSE,20,elitize_generation_data,188,571,0.794,NA
190,16,syllables,lexicase,FALSE,20,elitize_generation_data,189,571,0.779,NA
191,16,syllables,lexicase,FALSE,20,elitize_generation_data,190,571,0.804,NA
192,16,syllables,lexicase,FALSE,20,elitize_generation_data,191,555,0.812,NA
193,16,syllables,lexicase,FALSE,20,elitize_generation_data,192,585,0.801,NA
194,16,syllables,lexicase,FALSE,20,elitize_generation_data,193,565,0.817,NA
195,16,syllables,lexicase,FALSE,20,elitize_generation_data,194,544,0.76,NA
196,16,syllables,lexicase,FALSE,20,elitize_generation_data,195,563,0.788,NA
197,16,syllables,lexicase,FALSE,20,elitize_generation_data,196,598,0.812,NA
198,16,syllables,lexicase,FALSE,20,elitize_generation_data,197,575,0.782,NA
199,16,syllables,lexicase,FALSE,20,elitize_generation_data,198,596,0.812,NA
200,16,syllables,lexicase,FALSE,20,elitize_generation_data,199,579,0.801,NA
201,16,syllables,lexicase,FALSE,20,elitize_generation_data,200,590,0.804,NA
202,16,syllables,lexicase,FALSE,20,elitize_generation_data,201,562,0.802,NA
203,16,syllables,lexicase,FALSE,20,elitize_generation_data,202,579,0.817,NA
204,16,syllables,lexicase,FALSE,20,elitize_generation_data,203,557,0.796,NA
205,16,syllables,lexicase,FALSE,20,elitize_generation_data,204,580,0.804,NA
206,16,syllables,lexicase,FALSE,20,elitize_generation_data,205,595,0.792,NA
207,16,syllables,lexicase,FALSE,20,elitize_generation_data,206,561,0.787,NA
208,16,syllables,lexicase,FALSE,20,elitize_generation_data,207,573,0.807,NA
209,16,syllables,lexicase,FALSE,20,elitize_generation_data,208,580,0.795,NA
210,16,syllables,lexicase,FALSE,20,elitize_generation_data,209,590,0.819,NA
211,16,syllables,lexicase,FALSE,20,elitize_generation_data,210,590,0.803,NA
212,16,syllables,lexicase,FALSE,20,elitize_generation_data,211,606,0.817,NA
213,16,syllables,lexicase,FALSE,20,elitize_generation_data,212,584,0.799,NA
214,16,syllables,lexicase,FALSE,20,elitize_generation_data,213,590,0.818,NA
215,16,syllables,lexicase,FALSE,20,elitize_generation_data,214,575,0.799,NA
216,16,syllables,lexicase,FALSE,20,elitize_generation_data,215,575,0.804,NA
217,16,syllables,lexicase,FALSE,20,elitize_generation_data,216,583,0.815,NA
218,16,syllables,lexicase,FALSE,20,elitize_generation_data,217,565,0.796,NA
219,16,syllables,lexicase,FALSE,20,elitize_generation_data,218,614,0.824,NA
220,16,syllables,lexicase,FALSE,20,elitize_generation_data,219,548,0.786,NA
221,16,syllables,lexicase,FALSE,20,elitize_generation_data,220,563,0.806,NA
222,16,syllables,lexicase,FALSE,20,elitize_generation_data,221,557,0.784,NA
223,16,syllables,lexicase,FALSE,20,elitize_generation_data,222,551,0.775,NA
224,16,syllables,lexicase,FALSE,20,elitize_generation_data,223,563,0.805,NA
225,16,syllables,lexicase,FALSE,20,elitize_generation_data,224,553,0.8,NA
226,16,syllables,lexicase,FALSE,20,elitize_generation_data,225,607,0.829,NA
227,16,syllables,lexicase,FALSE,20,elitize_generation_data,226,595,0.808,NA
228,16,syllables,lexicase,FALSE,20,elitize_generation_data,227,601,0.837,NA
229,16,syllables,lexicase,FALSE,20,elitize_generation_data,228,587,0.809,NA
230,16,syllables,lexicase,FALSE,20,elitize_generation_data,229,563,0.805,NA
231,16,syllables,lexicase,FALSE,20,elitize_generation_data,230,576,0.799,NA
232,16,syllables,lexicase,FALSE,20,elitize_generation_data,231,562,0.784,NA
233,16,syllables,lexicase,FALSE,20,elitize_generation_data,232,584,0.8,NA
234,16,syllables,lexicase,FALSE,20,elitize_generation_data,233,600,0.804,NA
235,16,syllables,lexicase,FALSE,20,elitize_generation_data,234,580,0.797,NA
236,16,syllables,lexicase,FALSE,20,elitize_generation_data,235,573,0.795,NA
237,16,syllables,lexicase,FALSE,20,elitize_generation_data,236,546,0.794,NA
238,16,syllables,lexicase,FALSE,20,elitize_generation_data,237,586,0.772,NA
239,16,syllables,lexicase,FALSE,20,elitize_generation_data,238,594,0.808,NA
240,16,syllables,lexicase,FALSE,20,elitize_generation_data,239,562,0.793,NA
241,16,syllables,lexicase,FALSE,20,elitize_generation_data,240,573,0.789,NA
242,16,syllables,lexicase,FALSE,20,elitize_generation_data,241,584,0.787,NA
243,16,syllables,lexicase,FALSE,20,elitize_generation_data,242,565,0.789,NA
244,16,syllables,lexicase,FALSE,20,elitize_generation_data,243,566,0.8,NA
245,16,syllables,lexicase,FALSE,20,elitize_generation_data,244,556,0.777,NA
246,16,syllables,lexicase,FALSE,20,elitize_generation_data,245,564,0.81,NA
247,16,syllables,lexicase,FALSE,20,elitize_generation_data,246,573,0.787,NA
248,16,syllables,lexicase,FALSE,20,elitize_generation_data,247,564,0.791,NA
249,16,syllables,lexicase,FALSE,20,elitize_generation_data,248,576,0.813,NA
250,16,syllables,lexicase,FALSE,20,elitize_generation_data,249,577,0.783,NA
251,16,syllables,lexicase,FALSE,20,elitize_generation_data,250,548,0.791,NA
252,16,syllables,lexicase,FALSE,20,elitize_generation_data,251,577,0.798,NA
253,16,syllables,lexicase,FALSE,20,elitize_generation_data,252,601,0.827,NA
254,16,syllables,lexicase,FALSE,20,elitize_generation_data,253,560,0.78,NA
255,16,syllables,lexicase,FALSE,20,elitize_generation_data,254,518,0.78,NA
256,16,syllables,lexicase,FALSE,20,elitize_generation_data,255,573,0.828,NA
257,16,syllables,lexicase,FALSE,20,elitize_generation_data,256,564,0.829,NA
258,16,syllables,lexicase,FALSE,20,elitize_generation_data,257,573,0.804,NA
259,16,syllables,lexicase,FALSE,20,elitize_generation_data,258,554,0.788,NA
260,16,syllables,lexicase,FALSE,20,elitize_generation_data,259,585,0.801,NA
261,16,syllables,lexicase,FALSE,20,elitize_generation_data,260,586,0.821,NA
262,16,syllables,lexicase,FALSE,20,elitize_generation_data,261,602,0.832,NA
263,16,syllables,lexicase,FALSE,20,elitize_generation_data,262,592,0.834,NA
264,16,syllables,lexicase,FALSE,20,elitize_generation_data,263,605,0.824,NA
265,16,syllables,lexicase,FALSE,20,elitize_generation_data,264,563,0.809,NA
266,16,syllables,lexicase,FALSE,20,elitize_generation_data,265,560,0.803,NA
267,16,syllables,lexicase,FALSE,20,elitize_generation_data,266,570,0.816,NA
268,16,syllables,lexicase,FALSE,20,elitize_generation_data,267,562,0.803,NA
269,16,syllables,lexicase,FALSE,20,elitize_generation_data,268,574,0.824,NA
270,16,syllables,lexicase,FALSE,20,elitize_generation_data,269,548,0.796,NA
271,16,syllables,lexicase,FALSE,20,elitize_generation_data,270,590,0.826,NA
272,16,syllables,lexicase,FALSE,20,elitize_generation_data,271,592,0.818,NA
273,16,syllables,lexicase,FALSE,20,elitize_generation_data,272,577,0.819,NA
274,16,syllables,lexicase,FALSE,20,elitize_generation_data,273,563,0.806,NA
275,16,syllables,lexicase,FALSE,20,elitize_generation_data,274,577,0.813,NA
276,16,syllables,lexicase,FALSE,20,elitize_generation_data,275,562,0.796,NA
277,16,syllables,lexicase,FALSE,20,elitize_generation_data,276,576,0.826,NA
278,16,syllables,lexicase,FALSE,20,elitize_generation_data,277,569,0.822,NA
279,16,syllables,lexicase,FALSE,20,elitize_generation_data,278,566,0.821,NA
280,16,syllables,lexicase,FALSE,20,elitize_generation_data,279,568,0.827,NA
281,16,syllables,lexicase,FALSE,20,elitize_generation_data,280,596,0.835,NA
282,16,syllables,lexicase,FALSE,20,elitize_generation_data,281,567,0.805,NA
283,16,syllables,lexicase,FALSE,20,elitize_generation_data,282,587,0.8,NA
284,16,syllables,lexicase,FALSE,20,elitize_generation_data,283,573,0.825,NA
285,16,syllables,lexicase,FALSE,20,elitize_generation_data,284,569,0.823,NA
286,16,syllables,lexicase,FALSE,20,elitize_generation_data,285,553,0.799,NA
287,16,syllables,lexicase,FALSE,20,elitize_generation_data,286,545,0.814,NA
288,16,syllables,lexicase,FALSE,20,elitize_generation_data,287,575,0.829,NA
289,16,syllables,lexicase,FALSE,20,elitize_generation_data,288,558,0.796,NA
290,16,syllables,lexicase,FALSE,20,elitize_generation_data,289,561,0.799,NA
291,16,syllables,lexicase,FALSE,20,elitize_generation_data,290,557,0.796,NA
292,16,syllables,lexicase,FALSE,20,elitize_generation_data,291,569,0.817,NA
293,16,syllables,lexicase,FALSE,20,elitize_generation_data,292,573,0.834,NA
294,16,syllables,lexicase,FALSE,20,elitize_generation_data,293,566,0.819,NA
295,16,syllables,lexicase,FALSE,20,elitize_generation_data,294,584,0.811,NA
296,16,syllables,lexicase,FALSE,20,elitize_generation_data,295,581,0.805,NA
297,16,syllables,lexicase,FALSE,20,elitize_generation_data,296,575,0.816,NA
298,16,syllables,lexicase,FALSE,20,elitize_generation_data,297,555,0.816,NA
299,16,syllables,lexicase,FALSE,20,elitize_generation_data,298,555,0.802,NA
300,16,syllables,lexicase,FALSE,20,elitize_generation_data,299,556,0.806,NA
301,16,syllables,lexicase,FALSE,20,elitize_generation_data,300,575,0.815,NA
