,run.num,problem,treatment,succeeded,height,normalization.function,generation,cluster.count,error.diversity,success.generation
1,37,syllables,lexicase,FALSE,20,elitize_generation_data,0,4,0.263,NA
2,37,syllables,lexicase,FALSE,20,elitize_generation_data,1,7,0.168,NA
3,37,syllables,lexicase,FALSE,20,elitize_generation_data,2,9,0.199,NA
4,37,syllables,lexicase,FALSE,20,elitize_generation_data,3,9,0.159,NA
5,37,syllables,lexicase,FALSE,20,elitize_generation_data,4,11,0.14,NA
6,37,syllables,lexicase,FALSE,20,elitize_generation_data,5,10,0.152,NA
7,37,syllables,lexicase,FALSE,20,elitize_generation_data,6,16,0.241,NA
8,37,syllables,lexicase,FALSE,20,elitize_generation_data,7,23,0.32,NA
9,37,syllables,lexicase,FALSE,20,elitize_generation_data,8,36,0.418,NA
10,37,syllables,lexicase,FALSE,20,elitize_generation_data,9,52,0.507,NA
11,37,syllables,lexicase,FALSE,20,elitize_generation_data,10,67,0.519,NA
12,37,syllables,lexicase,FALSE,20,elitize_generation_data,11,91,0.573,NA
13,37,syllables,lexicase,FALSE,20,elitize_generation_data,12,106,0.617,NA
14,37,syllables,lexicase,FALSE,20,elitize_generation_data,13,128,0.64,NA
15,37,syllables,lexicase,FALSE,20,elitize_generation_data,14,144,0.637,NA
16,37,syllables,lexicase,FALSE,20,elitize_generation_data,15,160,0.67,NA
17,37,syllables,lexicase,FALSE,20,elitize_generation_data,16,182,0.687,NA
18,37,syllables,lexicase,FALSE,20,elitize_generation_data,17,204,0.71,NA
19,37,syllables,lexicase,FALSE,20,elitize_generation_data,18,199,0.708,NA
20,37,syllables,lexicase,FALSE,20,elitize_generation_data,19,238,0.754,NA
21,37,syllables,lexicase,FALSE,20,elitize_generation_data,20,258,0.699,NA
22,37,syllables,lexicase,FALSE,20,elitize_generation_data,21,272,0.713,NA
23,37,syllables,lexicase,FALSE,20,elitize_generation_data,22,282,0.725,NA
24,37,syllables,lexicase,FALSE,20,elitize_generation_data,23,298,0.711,NA
25,37,syllables,lexicase,FALSE,20,elitize_generation_data,24,299,0.715,NA
26,37,syllables,lexicase,FALSE,20,elitize_generation_data,25,309,0.729,NA
27,37,syllables,lexicase,FALSE,20,elitize_generation_data,26,320,0.71,NA
28,37,syllables,lexicase,FALSE,20,elitize_generation_data,27,321,0.723,NA
29,37,syllables,lexicase,FALSE,20,elitize_generation_data,28,318,0.715,NA
30,37,syllables,lexicase,FALSE,20,elitize_generation_data,29,328,0.753,NA
31,37,syllables,lexicase,FALSE,20,elitize_generation_data,30,354,0.719,NA
32,37,syllables,lexicase,FALSE,20,elitize_generation_data,31,355,0.744,NA
33,37,syllables,lexicase,FALSE,20,elitize_generation_data,32,347,0.736,NA
34,37,syllables,lexicase,FALSE,20,elitize_generation_data,33,367,0.738,NA
35,37,syllables,lexicase,FALSE,20,elitize_generation_data,34,395,0.763,NA
36,37,syllables,lexicase,FALSE,20,elitize_generation_data,35,402,0.734,NA
37,37,syllables,lexicase,FALSE,20,elitize_generation_data,36,410,0.777,NA
38,37,syllables,lexicase,FALSE,20,elitize_generation_data,37,399,0.752,NA
39,37,syllables,lexicase,FALSE,20,elitize_generation_data,38,392,0.762,NA
40,37,syllables,lexicase,FALSE,20,elitize_generation_data,39,412,0.768,NA
41,37,syllables,lexicase,FALSE,20,elitize_generation_data,40,422,0.758,NA
42,37,syllables,lexicase,FALSE,20,elitize_generation_data,41,399,0.751,NA
43,37,syllables,lexicase,FALSE,20,elitize_generation_data,42,443,0.77,NA
44,37,syllables,lexicase,FALSE,20,elitize_generation_data,43,434,0.766,NA
45,37,syllables,lexicase,FALSE,20,elitize_generation_data,44,424,0.743,NA
46,37,syllables,lexicase,FALSE,20,elitize_generation_data,45,417,0.754,NA
47,37,syllables,lexicase,FALSE,20,elitize_generation_data,46,424,0.748,NA
48,37,syllables,lexicase,FALSE,20,elitize_generation_data,47,445,0.778,NA
49,37,syllables,lexicase,FALSE,20,elitize_generation_data,48,447,0.742,NA
50,37,syllables,lexicase,FALSE,20,elitize_generation_data,49,469,0.749,NA
51,37,syllables,lexicase,FALSE,20,elitize_generation_data,50,460,0.772,NA
52,37,syllables,lexicase,FALSE,20,elitize_generation_data,51,484,0.75,NA
53,37,syllables,lexicase,FALSE,20,elitize_generation_data,52,483,0.77,NA
54,37,syllables,lexicase,FALSE,20,elitize_generation_data,53,494,0.796,NA
55,37,syllables,lexicase,FALSE,20,elitize_generation_data,54,470,0.764,NA
56,37,syllables,lexicase,FALSE,20,elitize_generation_data,55,474,0.76,NA
57,37,syllables,lexicase,FALSE,20,elitize_generation_data,56,488,0.792,NA
58,37,syllables,lexicase,FALSE,20,elitize_generation_data,57,482,0.789,NA
59,37,syllables,lexicase,FALSE,20,elitize_generation_data,58,507,0.781,NA
60,37,syllables,lexicase,FALSE,20,elitize_generation_data,59,514,0.785,NA
61,37,syllables,lexicase,FALSE,20,elitize_generation_data,60,497,0.814,NA
62,37,syllables,lexicase,FALSE,20,elitize_generation_data,61,520,0.794,NA
63,37,syllables,lexicase,FALSE,20,elitize_generation_data,62,515,0.783,NA
64,37,syllables,lexicase,FALSE,20,elitize_generation_data,63,540,0.796,NA
65,37,syllables,lexicase,FALSE,20,elitize_generation_data,64,536,0.802,NA
66,37,syllables,lexicase,FALSE,20,elitize_generation_data,65,511,0.779,NA
67,37,syllables,lexicase,FALSE,20,elitize_generation_data,66,550,0.809,NA
68,37,syllables,lexicase,FALSE,20,elitize_generation_data,67,540,0.812,NA
69,37,syllables,lexicase,FALSE,20,elitize_generation_data,68,527,0.811,NA
70,37,syllables,lexicase,FALSE,20,elitize_generation_data,69,509,0.802,NA
71,37,syllables,lexicase,FALSE,20,elitize_generation_data,70,543,0.817,NA
72,37,syllables,lexicase,FALSE,20,elitize_generation_data,71,530,0.79,NA
73,37,syllables,lexicase,FALSE,20,elitize_generation_data,72,529,0.781,NA
74,37,syllables,lexicase,FALSE,20,elitize_generation_data,73,518,0.787,NA
75,37,syllables,lexicase,FALSE,20,elitize_generation_data,74,517,0.777,NA
76,37,syllables,lexicase,FALSE,20,elitize_generation_data,75,510,0.8,NA
77,37,syllables,lexicase,FALSE,20,elitize_generation_data,76,538,0.804,NA
78,37,syllables,lexicase,FALSE,20,elitize_generation_data,77,552,0.801,NA
79,37,syllables,lexicase,FALSE,20,elitize_generation_data,78,544,0.812,NA
80,37,syllables,lexicase,FALSE,20,elitize_generation_data,79,541,0.775,NA
81,37,syllables,lexicase,FALSE,20,elitize_generation_data,80,538,0.807,NA
82,37,syllables,lexicase,FALSE,20,elitize_generation_data,81,523,0.776,NA
83,37,syllables,lexicase,FALSE,20,elitize_generation_data,82,548,0.816,NA
84,37,syllables,lexicase,FALSE,20,elitize_generation_data,83,534,0.8,NA
85,37,syllables,lexicase,FALSE,20,elitize_generation_data,84,531,0.786,NA
86,37,syllables,lexicase,FALSE,20,elitize_generation_data,85,547,0.81,NA
87,37,syllables,lexicase,FALSE,20,elitize_generation_data,86,546,0.812,NA
88,37,syllables,lexicase,FALSE,20,elitize_generation_data,87,522,0.781,NA
89,37,syllables,lexicase,FALSE,20,elitize_generation_data,88,525,0.776,NA
90,37,syllables,lexicase,FALSE,20,elitize_generation_data,89,552,0.819,NA
91,37,syllables,lexicase,FALSE,20,elitize_generation_data,90,531,0.797,NA
92,37,syllables,lexicase,FALSE,20,elitize_generation_data,91,553,0.79,NA
93,37,syllables,lexicase,FALSE,20,elitize_generation_data,92,544,0.784,NA
94,37,syllables,lexicase,FALSE,20,elitize_generation_data,93,540,0.792,NA
95,37,syllables,lexicase,FALSE,20,elitize_generation_data,94,535,0.774,NA
96,37,syllables,lexicase,FALSE,20,elitize_generation_data,95,535,0.774,NA
97,37,syllables,lexicase,FALSE,20,elitize_generation_data,96,522,0.805,NA
98,37,syllables,lexicase,FALSE,20,elitize_generation_data,97,546,0.789,NA
99,37,syllables,lexicase,FALSE,20,elitize_generation_data,98,557,0.797,NA
100,37,syllables,lexicase,FALSE,20,elitize_generation_data,99,553,0.807,NA
101,37,syllables,lexicase,FALSE,20,elitize_generation_data,100,575,0.807,NA
102,37,syllables,lexicase,FALSE,20,elitize_generation_data,101,579,0.813,NA
103,37,syllables,lexicase,FALSE,20,elitize_generation_data,102,549,0.801,NA
104,37,syllables,lexicase,FALSE,20,elitize_generation_data,103,571,0.796,NA
105,37,syllables,lexicase,FALSE,20,elitize_generation_data,104,563,0.823,NA
106,37,syllables,lexicase,FALSE,20,elitize_generation_data,105,567,0.821,NA
107,37,syllables,lexicase,FALSE,20,elitize_generation_data,106,561,0.808,NA
108,37,syllables,lexicase,FALSE,20,elitize_generation_data,107,559,0.796,NA
109,37,syllables,lexicase,FALSE,20,elitize_generation_data,108,583,0.815,NA
110,37,syllables,lexicase,FALSE,20,elitize_generation_data,109,595,0.823,NA
111,37,syllables,lexicase,FALSE,20,elitize_generation_data,110,583,0.822,NA
112,37,syllables,lexicase,FALSE,20,elitize_generation_data,111,573,0.826,NA
113,37,syllables,lexicase,FALSE,20,elitize_generation_data,112,584,0.829,NA
114,37,syllables,lexicase,FALSE,20,elitize_generation_data,113,588,0.836,NA
115,37,syllables,lexicase,FALSE,20,elitize_generation_data,114,605,0.84,NA
116,37,syllables,lexicase,FALSE,20,elitize_generation_data,115,593,0.841,NA
117,37,syllables,lexicase,FALSE,20,elitize_generation_data,116,599,0.835,NA
118,37,syllables,lexicase,FALSE,20,elitize_generation_data,117,566,0.818,NA
119,37,syllables,lexicase,FALSE,20,elitize_generation_data,118,574,0.815,NA
120,37,syllables,lexicase,FALSE,20,elitize_generation_data,119,574,0.829,NA
121,37,syllables,lexicase,FALSE,20,elitize_generation_data,120,564,0.831,NA
122,37,syllables,lexicase,FALSE,20,elitize_generation_data,121,581,0.821,NA
123,37,syllables,lexicase,FALSE,20,elitize_generation_data,122,586,0.841,NA
124,37,syllables,lexicase,FALSE,20,elitize_generation_data,123,574,0.829,NA
125,37,syllables,lexicase,FALSE,20,elitize_generation_data,124,572,0.815,NA
126,37,syllables,lexicase,FALSE,20,elitize_generation_data,125,583,0.81,NA
127,37,syllables,lexicase,FALSE,20,elitize_generation_data,126,580,0.817,NA
128,37,syllables,lexicase,FALSE,20,elitize_generation_data,127,593,0.811,NA
129,37,syllables,lexicase,FALSE,20,elitize_generation_data,128,597,0.826,NA
130,37,syllables,lexicase,FALSE,20,elitize_generation_data,129,584,0.811,NA
131,37,syllables,lexicase,FALSE,20,elitize_generation_data,130,555,0.791,NA
132,37,syllables,lexicase,FALSE,20,elitize_generation_data,131,608,0.835,NA
133,37,syllables,lexicase,FALSE,20,elitize_generation_data,132,578,0.81,NA
134,37,syllables,lexicase,FALSE,20,elitize_generation_data,133,593,0.822,NA
135,37,syllables,lexicase,FALSE,20,elitize_generation_data,134,587,0.817,NA
136,37,syllables,lexicase,FALSE,20,elitize_generation_data,135,590,0.827,NA
137,37,syllables,lexicase,FALSE,20,elitize_generation_data,136,601,0.82,NA
138,37,syllables,lexicase,FALSE,20,elitize_generation_data,137,568,0.798,NA
139,37,syllables,lexicase,FALSE,20,elitize_generation_data,138,570,0.811,NA
140,37,syllables,lexicase,FALSE,20,elitize_generation_data,139,559,0.805,NA
141,37,syllables,lexicase,FALSE,20,elitize_generation_data,140,551,0.804,NA
142,37,syllables,lexicase,FALSE,20,elitize_generation_data,141,567,0.825,NA
143,37,syllables,lexicase,FALSE,20,elitize_generation_data,142,564,0.822,NA
144,37,syllables,lexicase,FALSE,20,elitize_generation_data,143,584,0.815,NA
145,37,syllables,lexicase,FALSE,20,elitize_generation_data,144,597,0.835,NA
146,37,syllables,lexicase,FALSE,20,elitize_generation_data,145,573,0.812,NA
147,37,syllables,lexicase,FALSE,20,elitize_generation_data,146,574,0.827,NA
148,37,syllables,lexicase,FALSE,20,elitize_generation_data,147,553,0.792,NA
149,37,syllables,lexicase,FALSE,20,elitize_generation_data,148,540,0.792,NA
150,37,syllables,lexicase,FALSE,20,elitize_generation_data,149,603,0.831,NA
151,37,syllables,lexicase,FALSE,20,elitize_generation_data,150,573,0.816,NA
152,37,syllables,lexicase,FALSE,20,elitize_generation_data,151,562,0.797,NA
153,37,syllables,lexicase,FALSE,20,elitize_generation_data,152,590,0.806,NA
154,37,syllables,lexicase,FALSE,20,elitize_generation_data,153,605,0.804,NA
155,37,syllables,lexicase,FALSE,20,elitize_generation_data,154,589,0.815,NA
156,37,syllables,lexicase,FALSE,20,elitize_generation_data,155,564,0.787,NA
157,37,syllables,lexicase,FALSE,20,elitize_generation_data,156,573,0.802,NA
158,37,syllables,lexicase,FALSE,20,elitize_generation_data,157,557,0.793,NA
159,37,syllables,lexicase,FALSE,20,elitize_generation_data,158,564,0.792,NA
160,37,syllables,lexicase,FALSE,20,elitize_generation_data,159,545,0.807,NA
161,37,syllables,lexicase,FALSE,20,elitize_generation_data,160,573,0.804,NA
162,37,syllables,lexicase,FALSE,20,elitize_generation_data,161,566,0.796,NA
163,37,syllables,lexicase,FALSE,20,elitize_generation_data,162,602,0.807,NA
164,37,syllables,lexicase,FALSE,20,elitize_generation_data,163,563,0.781,NA
165,37,syllables,lexicase,FALSE,20,elitize_generation_data,164,556,0.764,NA
166,37,syllables,lexicase,FALSE,20,elitize_generation_data,165,581,0.785,NA
167,37,syllables,lexicase,FALSE,20,elitize_generation_data,166,589,0.814,NA
168,37,syllables,lexicase,FALSE,20,elitize_generation_data,167,572,0.799,NA
169,37,syllables,lexicase,FALSE,20,elitize_generation_data,168,593,0.811,NA
170,37,syllables,lexicase,FALSE,20,elitize_generation_data,169,550,0.813,NA
171,37,syllables,lexicase,FALSE,20,elitize_generation_data,170,570,0.799,NA
172,37,syllables,lexicase,FALSE,20,elitize_generation_data,171,574,0.805,NA
173,37,syllables,lexicase,FALSE,20,elitize_generation_data,172,605,0.821,NA
174,37,syllables,lexicase,FALSE,20,elitize_generation_data,173,585,0.807,NA
175,37,syllables,lexicase,FALSE,20,elitize_generation_data,174,574,0.791,NA
176,37,syllables,lexicase,FALSE,20,elitize_generation_data,175,563,0.788,NA
177,37,syllables,lexicase,FALSE,20,elitize_generation_data,176,565,0.785,NA
178,37,syllables,lexicase,FALSE,20,elitize_generation_data,177,578,0.796,NA
179,37,syllables,lexicase,FALSE,20,elitize_generation_data,178,580,0.793,NA
180,37,syllables,lexicase,FALSE,20,elitize_generation_data,179,571,0.799,NA
181,37,syllables,lexicase,FALSE,20,elitize_generation_data,180,543,0.774,NA
182,37,syllables,lexicase,FALSE,20,elitize_generation_data,181,547,0.761,NA
183,37,syllables,lexicase,FALSE,20,elitize_generation_data,182,577,0.809,NA
184,37,syllables,lexicase,FALSE,20,elitize_generation_data,183,548,0.784,NA
185,37,syllables,lexicase,FALSE,20,elitize_generation_data,184,572,0.782,NA
186,37,syllables,lexicase,FALSE,20,elitize_generation_data,185,568,0.793,NA
187,37,syllables,lexicase,FALSE,20,elitize_generation_data,186,564,0.79,NA
188,37,syllables,lexicase,FALSE,20,elitize_generation_data,187,565,0.787,NA
189,37,syllables,lexicase,FALSE,20,elitize_generation_data,188,585,0.829,NA
190,37,syllables,lexicase,FALSE,20,elitize_generation_data,189,559,0.787,NA
191,37,syllables,lexicase,FALSE,20,elitize_generation_data,190,554,0.804,NA
192,37,syllables,lexicase,FALSE,20,elitize_generation_data,191,571,0.832,NA
193,37,syllables,lexicase,FALSE,20,elitize_generation_data,192,558,0.791,NA
194,37,syllables,lexicase,FALSE,20,elitize_generation_data,193,568,0.813,NA
195,37,syllables,lexicase,FALSE,20,elitize_generation_data,194,592,0.816,NA
196,37,syllables,lexicase,FALSE,20,elitize_generation_data,195,589,0.818,NA
197,37,syllables,lexicase,FALSE,20,elitize_generation_data,196,586,0.817,NA
198,37,syllables,lexicase,FALSE,20,elitize_generation_data,197,549,0.808,NA
199,37,syllables,lexicase,FALSE,20,elitize_generation_data,198,569,0.813,NA
200,37,syllables,lexicase,FALSE,20,elitize_generation_data,199,583,0.817,NA
201,37,syllables,lexicase,FALSE,20,elitize_generation_data,200,593,0.819,NA
202,37,syllables,lexicase,FALSE,20,elitize_generation_data,201,591,0.824,NA
203,37,syllables,lexicase,FALSE,20,elitize_generation_data,202,579,0.817,NA
204,37,syllables,lexicase,FALSE,20,elitize_generation_data,203,574,0.816,NA
205,37,syllables,lexicase,FALSE,20,elitize_generation_data,204,584,0.82,NA
206,37,syllables,lexicase,FALSE,20,elitize_generation_data,205,610,0.823,NA
207,37,syllables,lexicase,FALSE,20,elitize_generation_data,206,560,0.785,NA
208,37,syllables,lexicase,FALSE,20,elitize_generation_data,207,579,0.81,NA
209,37,syllables,lexicase,FALSE,20,elitize_generation_data,208,557,0.788,NA
210,37,syllables,lexicase,FALSE,20,elitize_generation_data,209,561,0.813,NA
211,37,syllables,lexicase,FALSE,20,elitize_generation_data,210,596,0.831,NA
212,37,syllables,lexicase,FALSE,20,elitize_generation_data,211,557,0.783,NA
213,37,syllables,lexicase,FALSE,20,elitize_generation_data,212,601,0.825,NA
214,37,syllables,lexicase,FALSE,20,elitize_generation_data,213,575,0.806,NA
215,37,syllables,lexicase,FALSE,20,elitize_generation_data,214,562,0.801,NA
216,37,syllables,lexicase,FALSE,20,elitize_generation_data,215,596,0.814,NA
217,37,syllables,lexicase,FALSE,20,elitize_generation_data,216,580,0.82,NA
218,37,syllables,lexicase,FALSE,20,elitize_generation_data,217,573,0.807,NA
219,37,syllables,lexicase,FALSE,20,elitize_generation_data,218,560,0.8,NA
220,37,syllables,lexicase,FALSE,20,elitize_generation_data,219,579,0.799,NA
221,37,syllables,lexicase,FALSE,20,elitize_generation_data,220,570,0.785,NA
222,37,syllables,lexicase,FALSE,20,elitize_generation_data,221,544,0.782,NA
223,37,syllables,lexicase,FALSE,20,elitize_generation_data,222,545,0.78,NA
224,37,syllables,lexicase,FALSE,20,elitize_generation_data,223,556,0.807,NA
225,37,syllables,lexicase,FALSE,20,elitize_generation_data,224,543,0.778,NA
226,37,syllables,lexicase,FALSE,20,elitize_generation_data,225,553,0.793,NA
227,37,syllables,lexicase,FALSE,20,elitize_generation_data,226,538,0.776,NA
228,37,syllables,lexicase,FALSE,20,elitize_generation_data,227,524,0.758,NA
229,37,syllables,lexicase,FALSE,20,elitize_generation_data,228,556,0.785,NA
230,37,syllables,lexicase,FALSE,20,elitize_generation_data,229,547,0.767,NA
231,37,syllables,lexicase,FALSE,20,elitize_generation_data,230,532,0.766,NA
232,37,syllables,lexicase,FALSE,20,elitize_generation_data,231,524,0.755,NA
233,37,syllables,lexicase,FALSE,20,elitize_generation_data,232,544,0.787,NA
234,37,syllables,lexicase,FALSE,20,elitize_generation_data,233,576,0.805,NA
235,37,syllables,lexicase,FALSE,20,elitize_generation_data,234,546,0.782,NA
236,37,syllables,lexicase,FALSE,20,elitize_generation_data,235,538,0.771,NA
237,37,syllables,lexicase,FALSE,20,elitize_generation_data,236,539,0.765,NA
238,37,syllables,lexicase,FALSE,20,elitize_generation_data,237,549,0.777,NA
239,37,syllables,lexicase,FALSE,20,elitize_generation_data,238,547,0.778,NA
240,37,syllables,lexicase,FALSE,20,elitize_generation_data,239,516,0.758,NA
241,37,syllables,lexicase,FALSE,20,elitize_generation_data,240,540,0.783,NA
242,37,syllables,lexicase,FALSE,20,elitize_generation_data,241,565,0.784,NA
243,37,syllables,lexicase,FALSE,20,elitize_generation_data,242,533,0.78,NA
244,37,syllables,lexicase,FALSE,20,elitize_generation_data,243,556,0.778,NA
245,37,syllables,lexicase,FALSE,20,elitize_generation_data,244,541,0.777,NA
246,37,syllables,lexicase,FALSE,20,elitize_generation_data,245,557,0.782,NA
247,37,syllables,lexicase,FALSE,20,elitize_generation_data,246,511,0.768,NA
248,37,syllables,lexicase,FALSE,20,elitize_generation_data,247,537,0.759,NA
249,37,syllables,lexicase,FALSE,20,elitize_generation_data,248,537,0.752,NA
250,37,syllables,lexicase,FALSE,20,elitize_generation_data,249,539,0.77,NA
251,37,syllables,lexicase,FALSE,20,elitize_generation_data,250,544,0.769,NA
252,37,syllables,lexicase,FALSE,20,elitize_generation_data,251,557,0.783,NA
253,37,syllables,lexicase,FALSE,20,elitize_generation_data,252,570,0.766,NA
254,37,syllables,lexicase,FALSE,20,elitize_generation_data,253,545,0.774,NA
255,37,syllables,lexicase,FALSE,20,elitize_generation_data,254,510,0.759,NA
256,37,syllables,lexicase,FALSE,20,elitize_generation_data,255,548,0.775,NA
257,37,syllables,lexicase,FALSE,20,elitize_generation_data,256,549,0.77,NA
258,37,syllables,lexicase,FALSE,20,elitize_generation_data,257,552,0.788,NA
259,37,syllables,lexicase,FALSE,20,elitize_generation_data,258,551,0.77,NA
260,37,syllables,lexicase,FALSE,20,elitize_generation_data,259,536,0.765,NA
261,37,syllables,lexicase,FALSE,20,elitize_generation_data,260,519,0.78,NA
262,37,syllables,lexicase,FALSE,20,elitize_generation_data,261,531,0.768,NA
263,37,syllables,lexicase,FALSE,20,elitize_generation_data,262,551,0.772,NA
264,37,syllables,lexicase,FALSE,20,elitize_generation_data,263,537,0.768,NA
265,37,syllables,lexicase,FALSE,20,elitize_generation_data,264,547,0.778,NA
266,37,syllables,lexicase,FALSE,20,elitize_generation_data,265,541,0.774,NA
267,37,syllables,lexicase,FALSE,20,elitize_generation_data,266,554,0.766,NA
268,37,syllables,lexicase,FALSE,20,elitize_generation_data,267,585,0.791,NA
269,37,syllables,lexicase,FALSE,20,elitize_generation_data,268,577,0.811,NA
270,37,syllables,lexicase,FALSE,20,elitize_generation_data,269,556,0.772,NA
271,37,syllables,lexicase,FALSE,20,elitize_generation_data,270,553,0.784,NA
272,37,syllables,lexicase,FALSE,20,elitize_generation_data,271,585,0.801,NA
273,37,syllables,lexicase,FALSE,20,elitize_generation_data,272,574,0.788,NA
274,37,syllables,lexicase,FALSE,20,elitize_generation_data,273,574,0.796,NA
275,37,syllables,lexicase,FALSE,20,elitize_generation_data,274,542,0.77,NA
276,37,syllables,lexicase,FALSE,20,elitize_generation_data,275,549,0.777,NA
277,37,syllables,lexicase,FALSE,20,elitize_generation_data,276,547,0.759,NA
278,37,syllables,lexicase,FALSE,20,elitize_generation_data,277,543,0.787,NA
279,37,syllables,lexicase,FALSE,20,elitize_generation_data,278,540,0.767,NA
280,37,syllables,lexicase,FALSE,20,elitize_generation_data,279,553,0.767,NA
281,37,syllables,lexicase,FALSE,20,elitize_generation_data,280,537,0.753,NA
282,37,syllables,lexicase,FALSE,20,elitize_generation_data,281,538,0.781,NA
283,37,syllables,lexicase,FALSE,20,elitize_generation_data,282,576,0.813,NA
284,37,syllables,lexicase,FALSE,20,elitize_generation_data,283,562,0.792,NA
285,37,syllables,lexicase,FALSE,20,elitize_generation_data,284,608,0.815,NA
286,37,syllables,lexicase,FALSE,20,elitize_generation_data,285,578,0.807,NA
287,37,syllables,lexicase,FALSE,20,elitize_generation_data,286,568,0.792,NA
288,37,syllables,lexicase,FALSE,20,elitize_generation_data,287,558,0.776,NA
289,37,syllables,lexicase,FALSE,20,elitize_generation_data,288,555,0.786,NA
290,37,syllables,lexicase,FALSE,20,elitize_generation_data,289,552,0.778,NA
291,37,syllables,lexicase,FALSE,20,elitize_generation_data,290,540,0.771,NA
292,37,syllables,lexicase,FALSE,20,elitize_generation_data,291,548,0.772,NA
293,37,syllables,lexicase,FALSE,20,elitize_generation_data,292,560,0.762,NA
294,37,syllables,lexicase,FALSE,20,elitize_generation_data,293,549,0.786,NA
295,37,syllables,lexicase,FALSE,20,elitize_generation_data,294,545,0.791,NA
296,37,syllables,lexicase,FALSE,20,elitize_generation_data,295,549,0.781,NA
297,37,syllables,lexicase,FALSE,20,elitize_generation_data,296,567,0.81,NA
298,37,syllables,lexicase,FALSE,20,elitize_generation_data,297,563,0.809,NA
299,37,syllables,lexicase,FALSE,20,elitize_generation_data,298,552,0.799,NA
300,37,syllables,lexicase,FALSE,20,elitize_generation_data,299,557,0.774,NA
301,37,syllables,lexicase,FALSE,20,elitize_generation_data,300,535,0.786,NA
