,run.num,problem,treatment,succeeded,height,normalization.function,generation,cluster.count,error.diversity,success.generation
1,97,syllables,lexicase,FALSE,20,elitize_generation_data,0,4,0.258,NA
2,97,syllables,lexicase,FALSE,20,elitize_generation_data,1,6,0.118,NA
3,97,syllables,lexicase,FALSE,20,elitize_generation_data,2,7,0.153,NA
4,97,syllables,lexicase,FALSE,20,elitize_generation_data,3,9,0.301,NA
5,97,syllables,lexicase,FALSE,20,elitize_generation_data,4,11,0.511,NA
6,97,syllables,lexicase,FALSE,20,elitize_generation_data,5,11,0.486,NA
7,97,syllables,lexicase,FALSE,20,elitize_generation_data,6,13,0.504,NA
8,97,syllables,lexicase,FALSE,20,elitize_generation_data,7,17,0.559,NA
9,97,syllables,lexicase,FALSE,20,elitize_generation_data,8,20,0.572,NA
10,97,syllables,lexicase,FALSE,20,elitize_generation_data,9,27,0.553,NA
11,97,syllables,lexicase,FALSE,20,elitize_generation_data,10,30,0.59,NA
12,97,syllables,lexicase,FALSE,20,elitize_generation_data,11,40,0.609,NA
13,97,syllables,lexicase,FALSE,20,elitize_generation_data,12,66,0.581,NA
14,97,syllables,lexicase,FALSE,20,elitize_generation_data,13,78,0.588,NA
15,97,syllables,lexicase,FALSE,20,elitize_generation_data,14,87,0.601,NA
16,97,syllables,lexicase,FALSE,20,elitize_generation_data,15,104,0.635,NA
17,97,syllables,lexicase,FALSE,20,elitize_generation_data,16,113,0.611,NA
18,97,syllables,lexicase,FALSE,20,elitize_generation_data,17,111,0.623,NA
19,97,syllables,lexicase,FALSE,20,elitize_generation_data,18,130,0.648,NA
20,97,syllables,lexicase,FALSE,20,elitize_generation_data,19,151,0.688,NA
21,97,syllables,lexicase,FALSE,20,elitize_generation_data,20,159,0.667,NA
22,97,syllables,lexicase,FALSE,20,elitize_generation_data,21,150,0.653,NA
23,97,syllables,lexicase,FALSE,20,elitize_generation_data,22,151,0.641,NA
24,97,syllables,lexicase,FALSE,20,elitize_generation_data,23,169,0.66,NA
25,97,syllables,lexicase,FALSE,20,elitize_generation_data,24,193,0.645,NA
26,97,syllables,lexicase,FALSE,20,elitize_generation_data,25,184,0.633,NA
27,97,syllables,lexicase,FALSE,20,elitize_generation_data,26,197,0.627,NA
28,97,syllables,lexicase,FALSE,20,elitize_generation_data,27,202,0.647,NA
29,97,syllables,lexicase,FALSE,20,elitize_generation_data,28,188,0.641,NA
30,97,syllables,lexicase,FALSE,20,elitize_generation_data,29,204,0.645,NA
31,97,syllables,lexicase,FALSE,20,elitize_generation_data,30,204,0.631,NA
32,97,syllables,lexicase,FALSE,20,elitize_generation_data,31,205,0.638,NA
33,97,syllables,lexicase,FALSE,20,elitize_generation_data,32,199,0.648,NA
34,97,syllables,lexicase,FALSE,20,elitize_generation_data,33,226,0.623,NA
35,97,syllables,lexicase,FALSE,20,elitize_generation_data,34,233,0.631,NA
36,97,syllables,lexicase,FALSE,20,elitize_generation_data,35,221,0.65,NA
37,97,syllables,lexicase,FALSE,20,elitize_generation_data,36,239,0.627,NA
38,97,syllables,lexicase,FALSE,20,elitize_generation_data,37,249,0.639,NA
39,97,syllables,lexicase,FALSE,20,elitize_generation_data,38,262,0.64,NA
40,97,syllables,lexicase,FALSE,20,elitize_generation_data,39,246,0.598,NA
41,97,syllables,lexicase,FALSE,20,elitize_generation_data,40,239,0.614,NA
42,97,syllables,lexicase,FALSE,20,elitize_generation_data,41,245,0.625,NA
43,97,syllables,lexicase,FALSE,20,elitize_generation_data,42,257,0.62,NA
44,97,syllables,lexicase,FALSE,20,elitize_generation_data,43,269,0.619,NA
45,97,syllables,lexicase,FALSE,20,elitize_generation_data,44,251,0.61,NA
46,97,syllables,lexicase,FALSE,20,elitize_generation_data,45,270,0.634,NA
47,97,syllables,lexicase,FALSE,20,elitize_generation_data,46,257,0.638,NA
48,97,syllables,lexicase,FALSE,20,elitize_generation_data,47,246,0.606,NA
49,97,syllables,lexicase,FALSE,20,elitize_generation_data,48,262,0.638,NA
50,97,syllables,lexicase,FALSE,20,elitize_generation_data,49,258,0.616,NA
51,97,syllables,lexicase,FALSE,20,elitize_generation_data,50,262,0.645,NA
52,97,syllables,lexicase,FALSE,20,elitize_generation_data,51,259,0.626,NA
53,97,syllables,lexicase,FALSE,20,elitize_generation_data,52,273,0.618,NA
54,97,syllables,lexicase,FALSE,20,elitize_generation_data,53,263,0.62,NA
55,97,syllables,lexicase,FALSE,20,elitize_generation_data,54,277,0.63,NA
56,97,syllables,lexicase,FALSE,20,elitize_generation_data,55,283,0.628,NA
57,97,syllables,lexicase,FALSE,20,elitize_generation_data,56,301,0.632,NA
58,97,syllables,lexicase,FALSE,20,elitize_generation_data,57,300,0.636,NA
59,97,syllables,lexicase,FALSE,20,elitize_generation_data,58,302,0.646,NA
60,97,syllables,lexicase,FALSE,20,elitize_generation_data,59,292,0.653,NA
61,97,syllables,lexicase,FALSE,20,elitize_generation_data,60,300,0.624,NA
62,97,syllables,lexicase,FALSE,20,elitize_generation_data,61,300,0.635,NA
63,97,syllables,lexicase,FALSE,20,elitize_generation_data,62,319,0.677,NA
64,97,syllables,lexicase,FALSE,20,elitize_generation_data,63,317,0.683,NA
65,97,syllables,lexicase,FALSE,20,elitize_generation_data,64,310,0.674,NA
66,97,syllables,lexicase,FALSE,20,elitize_generation_data,65,296,0.663,NA
67,97,syllables,lexicase,FALSE,20,elitize_generation_data,66,312,0.658,NA
68,97,syllables,lexicase,FALSE,20,elitize_generation_data,67,306,0.648,NA
69,97,syllables,lexicase,FALSE,20,elitize_generation_data,68,320,0.68,NA
70,97,syllables,lexicase,FALSE,20,elitize_generation_data,69,329,0.68,NA
71,97,syllables,lexicase,FALSE,20,elitize_generation_data,70,341,0.697,NA
72,97,syllables,lexicase,FALSE,20,elitize_generation_data,71,321,0.673,NA
73,97,syllables,lexicase,FALSE,20,elitize_generation_data,72,320,0.664,NA
74,97,syllables,lexicase,FALSE,20,elitize_generation_data,73,327,0.674,NA
75,97,syllables,lexicase,FALSE,20,elitize_generation_data,74,313,0.674,NA
76,97,syllables,lexicase,FALSE,20,elitize_generation_data,75,310,0.69,NA
77,97,syllables,lexicase,FALSE,20,elitize_generation_data,76,316,0.666,NA
78,97,syllables,lexicase,FALSE,20,elitize_generation_data,77,328,0.695,NA
79,97,syllables,lexicase,FALSE,20,elitize_generation_data,78,327,0.704,NA
80,97,syllables,lexicase,FALSE,20,elitize_generation_data,79,312,0.661,NA
81,97,syllables,lexicase,FALSE,20,elitize_generation_data,80,319,0.665,NA
82,97,syllables,lexicase,FALSE,20,elitize_generation_data,81,325,0.682,NA
83,97,syllables,lexicase,FALSE,20,elitize_generation_data,82,336,0.687,NA
84,97,syllables,lexicase,FALSE,20,elitize_generation_data,83,336,0.715,NA
85,97,syllables,lexicase,FALSE,20,elitize_generation_data,84,344,0.681,NA
86,97,syllables,lexicase,FALSE,20,elitize_generation_data,85,338,0.703,NA
87,97,syllables,lexicase,FALSE,20,elitize_generation_data,86,352,0.731,NA
88,97,syllables,lexicase,FALSE,20,elitize_generation_data,87,351,0.711,NA
89,97,syllables,lexicase,FALSE,20,elitize_generation_data,88,343,0.732,NA
90,97,syllables,lexicase,FALSE,20,elitize_generation_data,89,343,0.703,NA
91,97,syllables,lexicase,FALSE,20,elitize_generation_data,90,350,0.734,NA
92,97,syllables,lexicase,FALSE,20,elitize_generation_data,91,364,0.717,NA
93,97,syllables,lexicase,FALSE,20,elitize_generation_data,92,335,0.714,NA
94,97,syllables,lexicase,FALSE,20,elitize_generation_data,93,350,0.722,NA
95,97,syllables,lexicase,FALSE,20,elitize_generation_data,94,374,0.746,NA
96,97,syllables,lexicase,FALSE,20,elitize_generation_data,95,369,0.731,NA
97,97,syllables,lexicase,FALSE,20,elitize_generation_data,96,347,0.707,NA
98,97,syllables,lexicase,FALSE,20,elitize_generation_data,97,361,0.73,NA
99,97,syllables,lexicase,FALSE,20,elitize_generation_data,98,356,0.739,NA
100,97,syllables,lexicase,FALSE,20,elitize_generation_data,99,358,0.719,NA
101,97,syllables,lexicase,FALSE,20,elitize_generation_data,100,375,0.74,NA
102,97,syllables,lexicase,FALSE,20,elitize_generation_data,101,360,0.717,NA
103,97,syllables,lexicase,FALSE,20,elitize_generation_data,102,360,0.743,NA
104,97,syllables,lexicase,FALSE,20,elitize_generation_data,103,363,0.764,NA
105,97,syllables,lexicase,FALSE,20,elitize_generation_data,104,339,0.745,NA
106,97,syllables,lexicase,FALSE,20,elitize_generation_data,105,365,0.767,NA
107,97,syllables,lexicase,FALSE,20,elitize_generation_data,106,350,0.717,NA
108,97,syllables,lexicase,FALSE,20,elitize_generation_data,107,357,0.742,NA
109,97,syllables,lexicase,FALSE,20,elitize_generation_data,108,370,0.78,NA
110,97,syllables,lexicase,FALSE,20,elitize_generation_data,109,353,0.748,NA
111,97,syllables,lexicase,FALSE,20,elitize_generation_data,110,367,0.751,NA
112,97,syllables,lexicase,FALSE,20,elitize_generation_data,111,380,0.792,NA
113,97,syllables,lexicase,FALSE,20,elitize_generation_data,112,396,0.791,NA
114,97,syllables,lexicase,FALSE,20,elitize_generation_data,113,407,0.787,NA
115,97,syllables,lexicase,FALSE,20,elitize_generation_data,114,381,0.774,NA
116,97,syllables,lexicase,FALSE,20,elitize_generation_data,115,388,0.773,NA
117,97,syllables,lexicase,FALSE,20,elitize_generation_data,116,416,0.784,NA
118,97,syllables,lexicase,FALSE,20,elitize_generation_data,117,397,0.782,NA
119,97,syllables,lexicase,FALSE,20,elitize_generation_data,118,406,0.789,NA
120,97,syllables,lexicase,FALSE,20,elitize_generation_data,119,405,0.791,NA
121,97,syllables,lexicase,FALSE,20,elitize_generation_data,120,390,0.801,NA
122,97,syllables,lexicase,FALSE,20,elitize_generation_data,121,382,0.777,NA
123,97,syllables,lexicase,FALSE,20,elitize_generation_data,122,396,0.774,NA
124,97,syllables,lexicase,FALSE,20,elitize_generation_data,123,356,0.757,NA
125,97,syllables,lexicase,FALSE,20,elitize_generation_data,124,408,0.791,NA
126,97,syllables,lexicase,FALSE,20,elitize_generation_data,125,401,0.769,NA
127,97,syllables,lexicase,FALSE,20,elitize_generation_data,126,374,0.772,NA
128,97,syllables,lexicase,FALSE,20,elitize_generation_data,127,379,0.765,NA
129,97,syllables,lexicase,FALSE,20,elitize_generation_data,128,392,0.768,NA
130,97,syllables,lexicase,FALSE,20,elitize_generation_data,129,381,0.775,NA
131,97,syllables,lexicase,FALSE,20,elitize_generation_data,130,395,0.767,NA
132,97,syllables,lexicase,FALSE,20,elitize_generation_data,131,369,0.77,NA
133,97,syllables,lexicase,FALSE,20,elitize_generation_data,132,384,0.756,NA
134,97,syllables,lexicase,FALSE,20,elitize_generation_data,133,377,0.794,NA
135,97,syllables,lexicase,FALSE,20,elitize_generation_data,134,375,0.766,NA
136,97,syllables,lexicase,FALSE,20,elitize_generation_data,135,385,0.759,NA
137,97,syllables,lexicase,FALSE,20,elitize_generation_data,136,384,0.757,NA
138,97,syllables,lexicase,FALSE,20,elitize_generation_data,137,381,0.754,NA
139,97,syllables,lexicase,FALSE,20,elitize_generation_data,138,392,0.765,NA
140,97,syllables,lexicase,FALSE,20,elitize_generation_data,139,382,0.759,NA
141,97,syllables,lexicase,FALSE,20,elitize_generation_data,140,370,0.749,NA
142,97,syllables,lexicase,FALSE,20,elitize_generation_data,141,380,0.771,NA
143,97,syllables,lexicase,FALSE,20,elitize_generation_data,142,375,0.751,NA
144,97,syllables,lexicase,FALSE,20,elitize_generation_data,143,401,0.774,NA
145,97,syllables,lexicase,FALSE,20,elitize_generation_data,144,403,0.757,NA
146,97,syllables,lexicase,FALSE,20,elitize_generation_data,145,352,0.753,NA
147,97,syllables,lexicase,FALSE,20,elitize_generation_data,146,380,0.74,NA
148,97,syllables,lexicase,FALSE,20,elitize_generation_data,147,396,0.773,NA
149,97,syllables,lexicase,FALSE,20,elitize_generation_data,148,370,0.781,NA
150,97,syllables,lexicase,FALSE,20,elitize_generation_data,149,384,0.767,NA
151,97,syllables,lexicase,FALSE,20,elitize_generation_data,150,352,0.74,NA
152,97,syllables,lexicase,FALSE,20,elitize_generation_data,151,351,0.75,NA
153,97,syllables,lexicase,FALSE,20,elitize_generation_data,152,388,0.748,NA
154,97,syllables,lexicase,FALSE,20,elitize_generation_data,153,373,0.751,NA
155,97,syllables,lexicase,FALSE,20,elitize_generation_data,154,408,0.753,NA
156,97,syllables,lexicase,FALSE,20,elitize_generation_data,155,395,0.759,NA
157,97,syllables,lexicase,FALSE,20,elitize_generation_data,156,380,0.766,NA
158,97,syllables,lexicase,FALSE,20,elitize_generation_data,157,365,0.751,NA
159,97,syllables,lexicase,FALSE,20,elitize_generation_data,158,344,0.72,NA
160,97,syllables,lexicase,FALSE,20,elitize_generation_data,159,354,0.735,NA
161,97,syllables,lexicase,FALSE,20,elitize_generation_data,160,367,0.753,NA
162,97,syllables,lexicase,FALSE,20,elitize_generation_data,161,350,0.761,NA
163,97,syllables,lexicase,FALSE,20,elitize_generation_data,162,355,0.752,NA
164,97,syllables,lexicase,FALSE,20,elitize_generation_data,163,368,0.752,NA
165,97,syllables,lexicase,FALSE,20,elitize_generation_data,164,351,0.764,NA
166,97,syllables,lexicase,FALSE,20,elitize_generation_data,165,377,0.758,NA
167,97,syllables,lexicase,FALSE,20,elitize_generation_data,166,383,0.753,NA
168,97,syllables,lexicase,FALSE,20,elitize_generation_data,167,388,0.745,NA
169,97,syllables,lexicase,FALSE,20,elitize_generation_data,168,365,0.739,NA
170,97,syllables,lexicase,FALSE,20,elitize_generation_data,169,384,0.768,NA
171,97,syllables,lexicase,FALSE,20,elitize_generation_data,170,376,0.733,NA
172,97,syllables,lexicase,FALSE,20,elitize_generation_data,171,380,0.766,NA
173,97,syllables,lexicase,FALSE,20,elitize_generation_data,172,376,0.739,NA
174,97,syllables,lexicase,FALSE,20,elitize_generation_data,173,398,0.769,NA
175,97,syllables,lexicase,FALSE,20,elitize_generation_data,174,354,0.736,NA
176,97,syllables,lexicase,FALSE,20,elitize_generation_data,175,389,0.751,NA
177,97,syllables,lexicase,FALSE,20,elitize_generation_data,176,403,0.771,NA
178,97,syllables,lexicase,FALSE,20,elitize_generation_data,177,379,0.741,NA
179,97,syllables,lexicase,FALSE,20,elitize_generation_data,178,386,0.767,NA
180,97,syllables,lexicase,FALSE,20,elitize_generation_data,179,395,0.747,NA
181,97,syllables,lexicase,FALSE,20,elitize_generation_data,180,401,0.747,NA
182,97,syllables,lexicase,FALSE,20,elitize_generation_data,181,397,0.752,NA
183,97,syllables,lexicase,FALSE,20,elitize_generation_data,182,390,0.764,NA
184,97,syllables,lexicase,FALSE,20,elitize_generation_data,183,373,0.739,NA
185,97,syllables,lexicase,FALSE,20,elitize_generation_data,184,342,0.718,NA
186,97,syllables,lexicase,FALSE,20,elitize_generation_data,185,371,0.726,NA
187,97,syllables,lexicase,FALSE,20,elitize_generation_data,186,353,0.721,NA
188,97,syllables,lexicase,FALSE,20,elitize_generation_data,187,372,0.707,NA
189,97,syllables,lexicase,FALSE,20,elitize_generation_data,188,343,0.709,NA
190,97,syllables,lexicase,FALSE,20,elitize_generation_data,189,368,0.719,NA
191,97,syllables,lexicase,FALSE,20,elitize_generation_data,190,379,0.728,NA
192,97,syllables,lexicase,FALSE,20,elitize_generation_data,191,379,0.737,NA
193,97,syllables,lexicase,FALSE,20,elitize_generation_data,192,388,0.717,NA
194,97,syllables,lexicase,FALSE,20,elitize_generation_data,193,384,0.733,NA
195,97,syllables,lexicase,FALSE,20,elitize_generation_data,194,350,0.715,NA
196,97,syllables,lexicase,FALSE,20,elitize_generation_data,195,379,0.72,NA
197,97,syllables,lexicase,FALSE,20,elitize_generation_data,196,352,0.707,NA
198,97,syllables,lexicase,FALSE,20,elitize_generation_data,197,357,0.683,NA
199,97,syllables,lexicase,FALSE,20,elitize_generation_data,198,379,0.692,NA
200,97,syllables,lexicase,FALSE,20,elitize_generation_data,199,377,0.697,NA
201,97,syllables,lexicase,FALSE,20,elitize_generation_data,200,370,0.709,NA
202,97,syllables,lexicase,FALSE,20,elitize_generation_data,201,353,0.724,NA
203,97,syllables,lexicase,FALSE,20,elitize_generation_data,202,383,0.695,NA
204,97,syllables,lexicase,FALSE,20,elitize_generation_data,203,367,0.721,NA
205,97,syllables,lexicase,FALSE,20,elitize_generation_data,204,376,0.703,NA
206,97,syllables,lexicase,FALSE,20,elitize_generation_data,205,403,0.717,NA
207,97,syllables,lexicase,FALSE,20,elitize_generation_data,206,381,0.716,NA
208,97,syllables,lexicase,FALSE,20,elitize_generation_data,207,369,0.69,NA
209,97,syllables,lexicase,FALSE,20,elitize_generation_data,208,387,0.698,NA
210,97,syllables,lexicase,FALSE,20,elitize_generation_data,209,376,0.712,NA
211,97,syllables,lexicase,FALSE,20,elitize_generation_data,210,366,0.702,NA
212,97,syllables,lexicase,FALSE,20,elitize_generation_data,211,382,0.692,NA
213,97,syllables,lexicase,FALSE,20,elitize_generation_data,212,404,0.717,NA
214,97,syllables,lexicase,FALSE,20,elitize_generation_data,213,388,0.714,NA
215,97,syllables,lexicase,FALSE,20,elitize_generation_data,214,378,0.702,NA
216,97,syllables,lexicase,FALSE,20,elitize_generation_data,215,401,0.698,NA
217,97,syllables,lexicase,FALSE,20,elitize_generation_data,216,365,0.699,NA
218,97,syllables,lexicase,FALSE,20,elitize_generation_data,217,377,0.726,NA
219,97,syllables,lexicase,FALSE,20,elitize_generation_data,218,407,0.741,NA
220,97,syllables,lexicase,FALSE,20,elitize_generation_data,219,377,0.699,NA
221,97,syllables,lexicase,FALSE,20,elitize_generation_data,220,362,0.69,NA
222,97,syllables,lexicase,FALSE,20,elitize_generation_data,221,364,0.689,NA
223,97,syllables,lexicase,FALSE,20,elitize_generation_data,222,386,0.687,NA
224,97,syllables,lexicase,FALSE,20,elitize_generation_data,223,354,0.684,NA
225,97,syllables,lexicase,FALSE,20,elitize_generation_data,224,382,0.706,NA
226,97,syllables,lexicase,FALSE,20,elitize_generation_data,225,363,0.674,NA
227,97,syllables,lexicase,FALSE,20,elitize_generation_data,226,408,0.711,NA
228,97,syllables,lexicase,FALSE,20,elitize_generation_data,227,391,0.703,NA
229,97,syllables,lexicase,FALSE,20,elitize_generation_data,228,388,0.703,NA
230,97,syllables,lexicase,FALSE,20,elitize_generation_data,229,391,0.677,NA
231,97,syllables,lexicase,FALSE,20,elitize_generation_data,230,354,0.679,NA
232,97,syllables,lexicase,FALSE,20,elitize_generation_data,231,377,0.669,NA
233,97,syllables,lexicase,FALSE,20,elitize_generation_data,232,388,0.675,NA
234,97,syllables,lexicase,FALSE,20,elitize_generation_data,233,399,0.712,NA
235,97,syllables,lexicase,FALSE,20,elitize_generation_data,234,387,0.687,NA
236,97,syllables,lexicase,FALSE,20,elitize_generation_data,235,392,0.675,NA
237,97,syllables,lexicase,FALSE,20,elitize_generation_data,236,376,0.672,NA
238,97,syllables,lexicase,FALSE,20,elitize_generation_data,237,393,0.679,NA
239,97,syllables,lexicase,FALSE,20,elitize_generation_data,238,364,0.704,NA
240,97,syllables,lexicase,FALSE,20,elitize_generation_data,239,386,0.703,NA
241,97,syllables,lexicase,FALSE,20,elitize_generation_data,240,378,0.675,NA
242,97,syllables,lexicase,FALSE,20,elitize_generation_data,241,354,0.67,NA
243,97,syllables,lexicase,FALSE,20,elitize_generation_data,242,362,0.66,NA
244,97,syllables,lexicase,FALSE,20,elitize_generation_data,243,368,0.65,NA
245,97,syllables,lexicase,FALSE,20,elitize_generation_data,244,388,0.666,NA
246,97,syllables,lexicase,FALSE,20,elitize_generation_data,245,374,0.676,NA
247,97,syllables,lexicase,FALSE,20,elitize_generation_data,246,378,0.7,NA
248,97,syllables,lexicase,FALSE,20,elitize_generation_data,247,394,0.667,NA
249,97,syllables,lexicase,FALSE,20,elitize_generation_data,248,383,0.673,NA
250,97,syllables,lexicase,FALSE,20,elitize_generation_data,249,384,0.652,NA
251,97,syllables,lexicase,FALSE,20,elitize_generation_data,250,368,0.649,NA
252,97,syllables,lexicase,FALSE,20,elitize_generation_data,251,378,0.664,NA
253,97,syllables,lexicase,FALSE,20,elitize_generation_data,252,380,0.67,NA
254,97,syllables,lexicase,FALSE,20,elitize_generation_data,253,380,0.67,NA
255,97,syllables,lexicase,FALSE,20,elitize_generation_data,254,360,0.639,NA
256,97,syllables,lexicase,FALSE,20,elitize_generation_data,255,385,0.668,NA
257,97,syllables,lexicase,FALSE,20,elitize_generation_data,256,375,0.645,NA
258,97,syllables,lexicase,FALSE,20,elitize_generation_data,257,384,0.676,NA
259,97,syllables,lexicase,FALSE,20,elitize_generation_data,258,392,0.697,NA
260,97,syllables,lexicase,FALSE,20,elitize_generation_data,259,371,0.683,NA
261,97,syllables,lexicase,FALSE,20,elitize_generation_data,260,380,0.672,NA
262,97,syllables,lexicase,FALSE,20,elitize_generation_data,261,403,0.699,NA
263,97,syllables,lexicase,FALSE,20,elitize_generation_data,262,402,0.697,NA
264,97,syllables,lexicase,FALSE,20,elitize_generation_data,263,394,0.679,NA
265,97,syllables,lexicase,FALSE,20,elitize_generation_data,264,383,0.67,NA
266,97,syllables,lexicase,FALSE,20,elitize_generation_data,265,357,0.648,NA
267,97,syllables,lexicase,FALSE,20,elitize_generation_data,266,369,0.698,NA
268,97,syllables,lexicase,FALSE,20,elitize_generation_data,267,362,0.672,NA
269,97,syllables,lexicase,FALSE,20,elitize_generation_data,268,394,0.683,NA
270,97,syllables,lexicase,FALSE,20,elitize_generation_data,269,371,0.665,NA
271,97,syllables,lexicase,FALSE,20,elitize_generation_data,270,367,0.66,NA
272,97,syllables,lexicase,FALSE,20,elitize_generation_data,271,394,0.681,NA
273,97,syllables,lexicase,FALSE,20,elitize_generation_data,272,374,0.662,NA
274,97,syllables,lexicase,FALSE,20,elitize_generation_data,273,387,0.675,NA
275,97,syllables,lexicase,FALSE,20,elitize_generation_data,274,392,0.705,NA
276,97,syllables,lexicase,FALSE,20,elitize_generation_data,275,364,0.678,NA
277,97,syllables,lexicase,FALSE,20,elitize_generation_data,276,365,0.661,NA
278,97,syllables,lexicase,FALSE,20,elitize_generation_data,277,369,0.651,NA
279,97,syllables,lexicase,FALSE,20,elitize_generation_data,278,367,0.671,NA
280,97,syllables,lexicase,FALSE,20,elitize_generation_data,279,375,0.661,NA
281,97,syllables,lexicase,FALSE,20,elitize_generation_data,280,399,0.68,NA
282,97,syllables,lexicase,FALSE,20,elitize_generation_data,281,381,0.681,NA
283,97,syllables,lexicase,FALSE,20,elitize_generation_data,282,356,0.692,NA
284,97,syllables,lexicase,FALSE,20,elitize_generation_data,283,381,0.689,NA
285,97,syllables,lexicase,FALSE,20,elitize_generation_data,284,387,0.712,NA
286,97,syllables,lexicase,FALSE,20,elitize_generation_data,285,360,0.675,NA
287,97,syllables,lexicase,FALSE,20,elitize_generation_data,286,396,0.713,NA
288,97,syllables,lexicase,FALSE,20,elitize_generation_data,287,400,0.715,NA
289,97,syllables,lexicase,FALSE,20,elitize_generation_data,288,390,0.688,NA
290,97,syllables,lexicase,FALSE,20,elitize_generation_data,289,386,0.699,NA
291,97,syllables,lexicase,FALSE,20,elitize_generation_data,290,401,0.709,NA
292,97,syllables,lexicase,FALSE,20,elitize_generation_data,291,394,0.695,NA
293,97,syllables,lexicase,FALSE,20,elitize_generation_data,292,388,0.7,NA
294,97,syllables,lexicase,FALSE,20,elitize_generation_data,293,389,0.692,NA
295,97,syllables,lexicase,FALSE,20,elitize_generation_data,294,381,0.708,NA
296,97,syllables,lexicase,FALSE,20,elitize_generation_data,295,397,0.705,NA
297,97,syllables,lexicase,FALSE,20,elitize_generation_data,296,405,0.718,NA
298,97,syllables,lexicase,FALSE,20,elitize_generation_data,297,400,0.723,NA
299,97,syllables,lexicase,FALSE,20,elitize_generation_data,298,400,0.734,NA
300,97,syllables,lexicase,FALSE,20,elitize_generation_data,299,400,0.71,NA
301,97,syllables,lexicase,FALSE,20,elitize_generation_data,300,394,0.727,NA
