,run.num,problem,treatment,succeeded,height,normalization.function,generation,cluster.count,error.diversity,success.generation
1,39,syllables,lexicase,FALSE,20,elitize_generation_data,0,4,0.244,NA
2,39,syllables,lexicase,FALSE,20,elitize_generation_data,1,7,0.117,NA
3,39,syllables,lexicase,FALSE,20,elitize_generation_data,2,8,0.149,NA
4,39,syllables,lexicase,FALSE,20,elitize_generation_data,3,11,0.165,NA
5,39,syllables,lexicase,FALSE,20,elitize_generation_data,4,9,0.171,NA
6,39,syllables,lexicase,FALSE,20,elitize_generation_data,5,11,0.15,NA
7,39,syllables,lexicase,FALSE,20,elitize_generation_data,6,13,0.2,NA
8,39,syllables,lexicase,FALSE,20,elitize_generation_data,7,14,0.252,NA
9,39,syllables,lexicase,FALSE,20,elitize_generation_data,8,13,0.299,NA
10,39,syllables,lexicase,FALSE,20,elitize_generation_data,9,14,0.314,NA
11,39,syllables,lexicase,FALSE,20,elitize_generation_data,10,21,0.351,NA
12,39,syllables,lexicase,FALSE,20,elitize_generation_data,11,36,0.442,NA
13,39,syllables,lexicase,FALSE,20,elitize_generation_data,12,57,0.509,NA
14,39,syllables,lexicase,FALSE,20,elitize_generation_data,13,74,0.555,NA
15,39,syllables,lexicase,FALSE,20,elitize_generation_data,14,84,0.591,NA
16,39,syllables,lexicase,FALSE,20,elitize_generation_data,15,109,0.627,NA
17,39,syllables,lexicase,FALSE,20,elitize_generation_data,16,138,0.656,NA
18,39,syllables,lexicase,FALSE,20,elitize_generation_data,17,156,0.66,NA
19,39,syllables,lexicase,FALSE,20,elitize_generation_data,18,168,0.685,NA
20,39,syllables,lexicase,FALSE,20,elitize_generation_data,19,185,0.692,NA
21,39,syllables,lexicase,FALSE,20,elitize_generation_data,20,204,0.668,NA
22,39,syllables,lexicase,FALSE,20,elitize_generation_data,21,203,0.711,NA
23,39,syllables,lexicase,FALSE,20,elitize_generation_data,22,224,0.691,NA
24,39,syllables,lexicase,FALSE,20,elitize_generation_data,23,245,0.661,NA
25,39,syllables,lexicase,FALSE,20,elitize_generation_data,24,271,0.715,NA
26,39,syllables,lexicase,FALSE,20,elitize_generation_data,25,283,0.712,NA
27,39,syllables,lexicase,FALSE,20,elitize_generation_data,26,301,0.729,NA
28,39,syllables,lexicase,FALSE,20,elitize_generation_data,27,335,0.755,NA
29,39,syllables,lexicase,FALSE,20,elitize_generation_data,28,307,0.712,NA
30,39,syllables,lexicase,FALSE,20,elitize_generation_data,29,324,0.722,NA
31,39,syllables,lexicase,FALSE,20,elitize_generation_data,30,338,0.765,NA
32,39,syllables,lexicase,FALSE,20,elitize_generation_data,31,333,0.731,NA
33,39,syllables,lexicase,FALSE,20,elitize_generation_data,32,328,0.732,NA
34,39,syllables,lexicase,FALSE,20,elitize_generation_data,33,356,0.742,NA
35,39,syllables,lexicase,FALSE,20,elitize_generation_data,34,335,0.71,NA
36,39,syllables,lexicase,FALSE,20,elitize_generation_data,35,367,0.731,NA
37,39,syllables,lexicase,FALSE,20,elitize_generation_data,36,351,0.723,NA
38,39,syllables,lexicase,FALSE,20,elitize_generation_data,37,354,0.717,NA
39,39,syllables,lexicase,FALSE,20,elitize_generation_data,38,371,0.724,NA
40,39,syllables,lexicase,FALSE,20,elitize_generation_data,39,371,0.716,NA
41,39,syllables,lexicase,FALSE,20,elitize_generation_data,40,365,0.706,NA
42,39,syllables,lexicase,FALSE,20,elitize_generation_data,41,380,0.711,NA
43,39,syllables,lexicase,FALSE,20,elitize_generation_data,42,374,0.717,NA
44,39,syllables,lexicase,FALSE,20,elitize_generation_data,43,370,0.715,NA
45,39,syllables,lexicase,FALSE,20,elitize_generation_data,44,382,0.743,NA
46,39,syllables,lexicase,FALSE,20,elitize_generation_data,45,366,0.74,NA
47,39,syllables,lexicase,FALSE,20,elitize_generation_data,46,386,0.715,NA
48,39,syllables,lexicase,FALSE,20,elitize_generation_data,47,397,0.737,NA
49,39,syllables,lexicase,FALSE,20,elitize_generation_data,48,397,0.731,NA
50,39,syllables,lexicase,FALSE,20,elitize_generation_data,49,402,0.741,NA
51,39,syllables,lexicase,FALSE,20,elitize_generation_data,50,383,0.751,NA
52,39,syllables,lexicase,FALSE,20,elitize_generation_data,51,404,0.737,NA
53,39,syllables,lexicase,FALSE,20,elitize_generation_data,52,387,0.721,NA
54,39,syllables,lexicase,FALSE,20,elitize_generation_data,53,416,0.746,NA
55,39,syllables,lexicase,FALSE,20,elitize_generation_data,54,380,0.722,NA
56,39,syllables,lexicase,FALSE,20,elitize_generation_data,55,369,0.718,NA
57,39,syllables,lexicase,FALSE,20,elitize_generation_data,56,386,0.731,NA
58,39,syllables,lexicase,FALSE,20,elitize_generation_data,57,380,0.706,NA
59,39,syllables,lexicase,FALSE,20,elitize_generation_data,58,377,0.719,NA
60,39,syllables,lexicase,FALSE,20,elitize_generation_data,59,399,0.736,NA
61,39,syllables,lexicase,FALSE,20,elitize_generation_data,60,393,0.739,NA
62,39,syllables,lexicase,FALSE,20,elitize_generation_data,61,379,0.729,NA
63,39,syllables,lexicase,FALSE,20,elitize_generation_data,62,391,0.75,NA
64,39,syllables,lexicase,FALSE,20,elitize_generation_data,63,392,0.712,NA
65,39,syllables,lexicase,FALSE,20,elitize_generation_data,64,412,0.738,NA
66,39,syllables,lexicase,FALSE,20,elitize_generation_data,65,383,0.714,NA
67,39,syllables,lexicase,FALSE,20,elitize_generation_data,66,376,0.74,NA
68,39,syllables,lexicase,FALSE,20,elitize_generation_data,67,373,0.726,NA
69,39,syllables,lexicase,FALSE,20,elitize_generation_data,68,377,0.732,NA
70,39,syllables,lexicase,FALSE,20,elitize_generation_data,69,392,0.727,NA
71,39,syllables,lexicase,FALSE,20,elitize_generation_data,70,398,0.738,NA
72,39,syllables,lexicase,FALSE,20,elitize_generation_data,71,398,0.738,NA
73,39,syllables,lexicase,FALSE,20,elitize_generation_data,72,381,0.701,NA
74,39,syllables,lexicase,FALSE,20,elitize_generation_data,73,386,0.713,NA
75,39,syllables,lexicase,FALSE,20,elitize_generation_data,74,366,0.715,NA
76,39,syllables,lexicase,FALSE,20,elitize_generation_data,75,378,0.731,NA
77,39,syllables,lexicase,FALSE,20,elitize_generation_data,76,372,0.71,NA
78,39,syllables,lexicase,FALSE,20,elitize_generation_data,77,392,0.746,NA
79,39,syllables,lexicase,FALSE,20,elitize_generation_data,78,395,0.765,NA
80,39,syllables,lexicase,FALSE,20,elitize_generation_data,79,397,0.712,NA
81,39,syllables,lexicase,FALSE,20,elitize_generation_data,80,407,0.739,NA
82,39,syllables,lexicase,FALSE,20,elitize_generation_data,81,404,0.751,NA
83,39,syllables,lexicase,FALSE,20,elitize_generation_data,82,431,0.762,NA
84,39,syllables,lexicase,FALSE,20,elitize_generation_data,83,395,0.749,NA
85,39,syllables,lexicase,FALSE,20,elitize_generation_data,84,412,0.716,NA
86,39,syllables,lexicase,FALSE,20,elitize_generation_data,85,407,0.732,NA
87,39,syllables,lexicase,FALSE,20,elitize_generation_data,86,397,0.729,NA
88,39,syllables,lexicase,FALSE,20,elitize_generation_data,87,393,0.746,NA
89,39,syllables,lexicase,FALSE,20,elitize_generation_data,88,400,0.73,NA
90,39,syllables,lexicase,FALSE,20,elitize_generation_data,89,401,0.745,NA
91,39,syllables,lexicase,FALSE,20,elitize_generation_data,90,406,0.745,NA
92,39,syllables,lexicase,FALSE,20,elitize_generation_data,91,379,0.73,NA
93,39,syllables,lexicase,FALSE,20,elitize_generation_data,92,380,0.719,NA
94,39,syllables,lexicase,FALSE,20,elitize_generation_data,93,411,0.754,NA
95,39,syllables,lexicase,FALSE,20,elitize_generation_data,94,414,0.76,NA
96,39,syllables,lexicase,FALSE,20,elitize_generation_data,95,401,0.738,NA
97,39,syllables,lexicase,FALSE,20,elitize_generation_data,96,407,0.78,NA
98,39,syllables,lexicase,FALSE,20,elitize_generation_data,97,408,0.774,NA
99,39,syllables,lexicase,FALSE,20,elitize_generation_data,98,396,0.739,NA
100,39,syllables,lexicase,FALSE,20,elitize_generation_data,99,397,0.771,NA
101,39,syllables,lexicase,FALSE,20,elitize_generation_data,100,405,0.752,NA
102,39,syllables,lexicase,FALSE,20,elitize_generation_data,101,390,0.753,NA
103,39,syllables,lexicase,FALSE,20,elitize_generation_data,102,394,0.754,NA
104,39,syllables,lexicase,FALSE,20,elitize_generation_data,103,385,0.732,NA
105,39,syllables,lexicase,FALSE,20,elitize_generation_data,104,410,0.746,NA
106,39,syllables,lexicase,FALSE,20,elitize_generation_data,105,423,0.789,NA
107,39,syllables,lexicase,FALSE,20,elitize_generation_data,106,393,0.774,NA
108,39,syllables,lexicase,FALSE,20,elitize_generation_data,107,404,0.777,NA
109,39,syllables,lexicase,FALSE,20,elitize_generation_data,108,397,0.738,NA
110,39,syllables,lexicase,FALSE,20,elitize_generation_data,109,399,0.768,NA
111,39,syllables,lexicase,FALSE,20,elitize_generation_data,110,412,0.771,NA
112,39,syllables,lexicase,FALSE,20,elitize_generation_data,111,432,0.76,NA
113,39,syllables,lexicase,FALSE,20,elitize_generation_data,112,418,0.775,NA
114,39,syllables,lexicase,FALSE,20,elitize_generation_data,113,392,0.765,NA
115,39,syllables,lexicase,FALSE,20,elitize_generation_data,114,418,0.757,NA
116,39,syllables,lexicase,FALSE,20,elitize_generation_data,115,403,0.756,NA
117,39,syllables,lexicase,FALSE,20,elitize_generation_data,116,403,0.753,NA
118,39,syllables,lexicase,FALSE,20,elitize_generation_data,117,408,0.767,NA
119,39,syllables,lexicase,FALSE,20,elitize_generation_data,118,399,0.778,NA
120,39,syllables,lexicase,FALSE,20,elitize_generation_data,119,409,0.76,NA
121,39,syllables,lexicase,FALSE,20,elitize_generation_data,120,389,0.745,NA
122,39,syllables,lexicase,FALSE,20,elitize_generation_data,121,404,0.747,NA
123,39,syllables,lexicase,FALSE,20,elitize_generation_data,122,397,0.742,NA
124,39,syllables,lexicase,FALSE,20,elitize_generation_data,123,404,0.761,NA
125,39,syllables,lexicase,FALSE,20,elitize_generation_data,124,391,0.746,NA
126,39,syllables,lexicase,FALSE,20,elitize_generation_data,125,412,0.753,NA
127,39,syllables,lexicase,FALSE,20,elitize_generation_data,126,413,0.753,NA
128,39,syllables,lexicase,FALSE,20,elitize_generation_data,127,402,0.743,NA
129,39,syllables,lexicase,FALSE,20,elitize_generation_data,128,426,0.767,NA
130,39,syllables,lexicase,FALSE,20,elitize_generation_data,129,400,0.76,NA
131,39,syllables,lexicase,FALSE,20,elitize_generation_data,130,398,0.753,NA
132,39,syllables,lexicase,FALSE,20,elitize_generation_data,131,403,0.732,NA
133,39,syllables,lexicase,FALSE,20,elitize_generation_data,132,401,0.742,NA
134,39,syllables,lexicase,FALSE,20,elitize_generation_data,133,418,0.754,NA
135,39,syllables,lexicase,FALSE,20,elitize_generation_data,134,410,0.755,NA
136,39,syllables,lexicase,FALSE,20,elitize_generation_data,135,396,0.752,NA
137,39,syllables,lexicase,FALSE,20,elitize_generation_data,136,398,0.743,NA
138,39,syllables,lexicase,FALSE,20,elitize_generation_data,137,380,0.723,NA
139,39,syllables,lexicase,FALSE,20,elitize_generation_data,138,406,0.768,NA
140,39,syllables,lexicase,FALSE,20,elitize_generation_data,139,403,0.759,NA
141,39,syllables,lexicase,FALSE,20,elitize_generation_data,140,373,0.758,NA
142,39,syllables,lexicase,FALSE,20,elitize_generation_data,141,399,0.759,NA
143,39,syllables,lexicase,FALSE,20,elitize_generation_data,142,393,0.738,NA
144,39,syllables,lexicase,FALSE,20,elitize_generation_data,143,380,0.732,NA
145,39,syllables,lexicase,FALSE,20,elitize_generation_data,144,369,0.739,NA
146,39,syllables,lexicase,FALSE,20,elitize_generation_data,145,393,0.749,NA
147,39,syllables,lexicase,FALSE,20,elitize_generation_data,146,393,0.737,NA
148,39,syllables,lexicase,FALSE,20,elitize_generation_data,147,358,0.731,NA
149,39,syllables,lexicase,FALSE,20,elitize_generation_data,148,369,0.737,NA
150,39,syllables,lexicase,FALSE,20,elitize_generation_data,149,394,0.764,NA
151,39,syllables,lexicase,FALSE,20,elitize_generation_data,150,403,0.768,NA
152,39,syllables,lexicase,FALSE,20,elitize_generation_data,151,396,0.776,NA
153,39,syllables,lexicase,FALSE,20,elitize_generation_data,152,384,0.742,NA
154,39,syllables,lexicase,FALSE,20,elitize_generation_data,153,381,0.736,NA
155,39,syllables,lexicase,FALSE,20,elitize_generation_data,154,369,0.708,NA
156,39,syllables,lexicase,FALSE,20,elitize_generation_data,155,395,0.751,NA
157,39,syllables,lexicase,FALSE,20,elitize_generation_data,156,394,0.741,NA
158,39,syllables,lexicase,FALSE,20,elitize_generation_data,157,379,0.744,NA
159,39,syllables,lexicase,FALSE,20,elitize_generation_data,158,387,0.723,NA
160,39,syllables,lexicase,FALSE,20,elitize_generation_data,159,364,0.719,NA
161,39,syllables,lexicase,FALSE,20,elitize_generation_data,160,378,0.732,NA
162,39,syllables,lexicase,FALSE,20,elitize_generation_data,161,371,0.711,NA
163,39,syllables,lexicase,FALSE,20,elitize_generation_data,162,393,0.737,NA
164,39,syllables,lexicase,FALSE,20,elitize_generation_data,163,386,0.752,NA
165,39,syllables,lexicase,FALSE,20,elitize_generation_data,164,387,0.739,NA
166,39,syllables,lexicase,FALSE,20,elitize_generation_data,165,396,0.751,NA
167,39,syllables,lexicase,FALSE,20,elitize_generation_data,166,390,0.745,NA
168,39,syllables,lexicase,FALSE,20,elitize_generation_data,167,397,0.755,NA
169,39,syllables,lexicase,FALSE,20,elitize_generation_data,168,382,0.76,NA
170,39,syllables,lexicase,FALSE,20,elitize_generation_data,169,388,0.769,NA
171,39,syllables,lexicase,FALSE,20,elitize_generation_data,170,386,0.736,NA
172,39,syllables,lexicase,FALSE,20,elitize_generation_data,171,381,0.77,NA
173,39,syllables,lexicase,FALSE,20,elitize_generation_data,172,391,0.74,NA
174,39,syllables,lexicase,FALSE,20,elitize_generation_data,173,390,0.745,NA
175,39,syllables,lexicase,FALSE,20,elitize_generation_data,174,344,0.729,NA
176,39,syllables,lexicase,FALSE,20,elitize_generation_data,175,356,0.731,NA
177,39,syllables,lexicase,FALSE,20,elitize_generation_data,176,382,0.755,NA
178,39,syllables,lexicase,FALSE,20,elitize_generation_data,177,368,0.761,NA
179,39,syllables,lexicase,FALSE,20,elitize_generation_data,178,382,0.765,NA
180,39,syllables,lexicase,FALSE,20,elitize_generation_data,179,379,0.761,NA
181,39,syllables,lexicase,FALSE,20,elitize_generation_data,180,382,0.765,NA
182,39,syllables,lexicase,FALSE,20,elitize_generation_data,181,384,0.747,NA
183,39,syllables,lexicase,FALSE,20,elitize_generation_data,182,356,0.745,NA
184,39,syllables,lexicase,FALSE,20,elitize_generation_data,183,370,0.742,NA
185,39,syllables,lexicase,FALSE,20,elitize_generation_data,184,364,0.764,NA
186,39,syllables,lexicase,FALSE,20,elitize_generation_data,185,346,0.747,NA
187,39,syllables,lexicase,FALSE,20,elitize_generation_data,186,353,0.755,NA
188,39,syllables,lexicase,FALSE,20,elitize_generation_data,187,402,0.767,NA
189,39,syllables,lexicase,FALSE,20,elitize_generation_data,188,398,0.744,NA
190,39,syllables,lexicase,FALSE,20,elitize_generation_data,189,381,0.747,NA
191,39,syllables,lexicase,FALSE,20,elitize_generation_data,190,368,0.749,NA
192,39,syllables,lexicase,FALSE,20,elitize_generation_data,191,372,0.766,NA
193,39,syllables,lexicase,FALSE,20,elitize_generation_data,192,366,0.731,NA
194,39,syllables,lexicase,FALSE,20,elitize_generation_data,193,359,0.724,NA
195,39,syllables,lexicase,FALSE,20,elitize_generation_data,194,362,0.713,NA
196,39,syllables,lexicase,FALSE,20,elitize_generation_data,195,384,0.723,NA
197,39,syllables,lexicase,FALSE,20,elitize_generation_data,196,357,0.681,NA
198,39,syllables,lexicase,FALSE,20,elitize_generation_data,197,376,0.698,NA
199,39,syllables,lexicase,FALSE,20,elitize_generation_data,198,378,0.722,NA
200,39,syllables,lexicase,FALSE,20,elitize_generation_data,199,392,0.732,NA
201,39,syllables,lexicase,FALSE,20,elitize_generation_data,200,389,0.709,NA
202,39,syllables,lexicase,FALSE,20,elitize_generation_data,201,373,0.706,NA
203,39,syllables,lexicase,FALSE,20,elitize_generation_data,202,361,0.714,NA
204,39,syllables,lexicase,FALSE,20,elitize_generation_data,203,380,0.71,NA
205,39,syllables,lexicase,FALSE,20,elitize_generation_data,204,384,0.725,NA
206,39,syllables,lexicase,FALSE,20,elitize_generation_data,205,351,0.701,NA
207,39,syllables,lexicase,FALSE,20,elitize_generation_data,206,400,0.729,NA
208,39,syllables,lexicase,FALSE,20,elitize_generation_data,207,341,0.704,NA
209,39,syllables,lexicase,FALSE,20,elitize_generation_data,208,348,0.72,NA
210,39,syllables,lexicase,FALSE,20,elitize_generation_data,209,348,0.726,NA
211,39,syllables,lexicase,FALSE,20,elitize_generation_data,210,354,0.714,NA
212,39,syllables,lexicase,FALSE,20,elitize_generation_data,211,366,0.71,NA
213,39,syllables,lexicase,FALSE,20,elitize_generation_data,212,348,0.717,NA
214,39,syllables,lexicase,FALSE,20,elitize_generation_data,213,356,0.715,NA
215,39,syllables,lexicase,FALSE,20,elitize_generation_data,214,361,0.729,NA
216,39,syllables,lexicase,FALSE,20,elitize_generation_data,215,352,0.704,NA
217,39,syllables,lexicase,FALSE,20,elitize_generation_data,216,352,0.718,NA
218,39,syllables,lexicase,FALSE,20,elitize_generation_data,217,362,0.717,NA
219,39,syllables,lexicase,FALSE,20,elitize_generation_data,218,362,0.717,NA
220,39,syllables,lexicase,FALSE,20,elitize_generation_data,219,336,0.702,NA
221,39,syllables,lexicase,FALSE,20,elitize_generation_data,220,316,0.698,NA
222,39,syllables,lexicase,FALSE,20,elitize_generation_data,221,338,0.715,NA
223,39,syllables,lexicase,FALSE,20,elitize_generation_data,222,336,0.698,NA
224,39,syllables,lexicase,FALSE,20,elitize_generation_data,223,322,0.691,NA
225,39,syllables,lexicase,FALSE,20,elitize_generation_data,224,342,0.692,NA
226,39,syllables,lexicase,FALSE,20,elitize_generation_data,225,341,0.703,NA
227,39,syllables,lexicase,FALSE,20,elitize_generation_data,226,318,0.692,NA
228,39,syllables,lexicase,FALSE,20,elitize_generation_data,227,307,0.673,NA
229,39,syllables,lexicase,FALSE,20,elitize_generation_data,228,347,0.717,NA
230,39,syllables,lexicase,FALSE,20,elitize_generation_data,229,329,0.681,NA
231,39,syllables,lexicase,FALSE,20,elitize_generation_data,230,307,0.677,NA
232,39,syllables,lexicase,FALSE,20,elitize_generation_data,231,322,0.695,NA
233,39,syllables,lexicase,FALSE,20,elitize_generation_data,232,328,0.715,NA
234,39,syllables,lexicase,FALSE,20,elitize_generation_data,233,340,0.731,NA
235,39,syllables,lexicase,FALSE,20,elitize_generation_data,234,317,0.711,NA
236,39,syllables,lexicase,FALSE,20,elitize_generation_data,235,323,0.706,NA
237,39,syllables,lexicase,FALSE,20,elitize_generation_data,236,335,0.716,NA
238,39,syllables,lexicase,FALSE,20,elitize_generation_data,237,318,0.704,NA
239,39,syllables,lexicase,FALSE,20,elitize_generation_data,238,302,0.682,NA
240,39,syllables,lexicase,FALSE,20,elitize_generation_data,239,323,0.71,NA
241,39,syllables,lexicase,FALSE,20,elitize_generation_data,240,347,0.712,NA
242,39,syllables,lexicase,FALSE,20,elitize_generation_data,241,337,0.704,NA
243,39,syllables,lexicase,FALSE,20,elitize_generation_data,242,325,0.718,NA
244,39,syllables,lexicase,FALSE,20,elitize_generation_data,243,322,0.698,NA
245,39,syllables,lexicase,FALSE,20,elitize_generation_data,244,308,0.695,NA
246,39,syllables,lexicase,FALSE,20,elitize_generation_data,245,307,0.705,NA
247,39,syllables,lexicase,FALSE,20,elitize_generation_data,246,304,0.734,NA
248,39,syllables,lexicase,FALSE,20,elitize_generation_data,247,344,0.759,NA
249,39,syllables,lexicase,FALSE,20,elitize_generation_data,248,311,0.718,NA
250,39,syllables,lexicase,FALSE,20,elitize_generation_data,249,317,0.747,NA
251,39,syllables,lexicase,FALSE,20,elitize_generation_data,250,346,0.755,NA
252,39,syllables,lexicase,FALSE,20,elitize_generation_data,251,330,0.73,NA
253,39,syllables,lexicase,FALSE,20,elitize_generation_data,252,314,0.731,NA
254,39,syllables,lexicase,FALSE,20,elitize_generation_data,253,294,0.716,NA
255,39,syllables,lexicase,FALSE,20,elitize_generation_data,254,292,0.735,NA
256,39,syllables,lexicase,FALSE,20,elitize_generation_data,255,285,0.693,NA
257,39,syllables,lexicase,FALSE,20,elitize_generation_data,256,295,0.744,NA
258,39,syllables,lexicase,FALSE,20,elitize_generation_data,257,284,0.723,NA
259,39,syllables,lexicase,FALSE,20,elitize_generation_data,258,292,0.734,NA
260,39,syllables,lexicase,FALSE,20,elitize_generation_data,259,299,0.724,NA
261,39,syllables,lexicase,FALSE,20,elitize_generation_data,260,286,0.745,NA
262,39,syllables,lexicase,FALSE,20,elitize_generation_data,261,275,0.743,NA
263,39,syllables,lexicase,FALSE,20,elitize_generation_data,262,302,0.761,NA
264,39,syllables,lexicase,FALSE,20,elitize_generation_data,263,293,0.75,NA
265,39,syllables,lexicase,FALSE,20,elitize_generation_data,264,263,0.717,NA
266,39,syllables,lexicase,FALSE,20,elitize_generation_data,265,286,0.757,NA
267,39,syllables,lexicase,FALSE,20,elitize_generation_data,266,285,0.751,NA
268,39,syllables,lexicase,FALSE,20,elitize_generation_data,267,297,0.728,NA
269,39,syllables,lexicase,FALSE,20,elitize_generation_data,268,301,0.766,NA
270,39,syllables,lexicase,FALSE,20,elitize_generation_data,269,261,0.742,NA
271,39,syllables,lexicase,FALSE,20,elitize_generation_data,270,283,0.726,NA
272,39,syllables,lexicase,FALSE,20,elitize_generation_data,271,269,0.728,NA
273,39,syllables,lexicase,FALSE,20,elitize_generation_data,272,252,0.734,NA
274,39,syllables,lexicase,FALSE,20,elitize_generation_data,273,272,0.716,NA
275,39,syllables,lexicase,FALSE,20,elitize_generation_data,274,260,0.721,NA
276,39,syllables,lexicase,FALSE,20,elitize_generation_data,275,270,0.737,NA
277,39,syllables,lexicase,FALSE,20,elitize_generation_data,276,259,0.767,NA
278,39,syllables,lexicase,FALSE,20,elitize_generation_data,277,259,0.745,NA
279,39,syllables,lexicase,FALSE,20,elitize_generation_data,278,264,0.761,NA
280,39,syllables,lexicase,FALSE,20,elitize_generation_data,279,278,0.737,NA
281,39,syllables,lexicase,FALSE,20,elitize_generation_data,280,257,0.739,NA
282,39,syllables,lexicase,FALSE,20,elitize_generation_data,281,258,0.723,NA
283,39,syllables,lexicase,FALSE,20,elitize_generation_data,282,252,0.724,NA
284,39,syllables,lexicase,FALSE,20,elitize_generation_data,283,263,0.759,NA
285,39,syllables,lexicase,FALSE,20,elitize_generation_data,284,267,0.763,NA
286,39,syllables,lexicase,FALSE,20,elitize_generation_data,285,249,0.746,NA
287,39,syllables,lexicase,FALSE,20,elitize_generation_data,286,231,0.742,NA
288,39,syllables,lexicase,FALSE,20,elitize_generation_data,287,253,0.753,NA
289,39,syllables,lexicase,FALSE,20,elitize_generation_data,288,259,0.748,NA
290,39,syllables,lexicase,FALSE,20,elitize_generation_data,289,256,0.751,NA
291,39,syllables,lexicase,FALSE,20,elitize_generation_data,290,252,0.718,NA
292,39,syllables,lexicase,FALSE,20,elitize_generation_data,291,253,0.743,NA
293,39,syllables,lexicase,FALSE,20,elitize_generation_data,292,243,0.732,NA
294,39,syllables,lexicase,FALSE,20,elitize_generation_data,293,248,0.752,NA
295,39,syllables,lexicase,FALSE,20,elitize_generation_data,294,253,0.729,NA
296,39,syllables,lexicase,FALSE,20,elitize_generation_data,295,254,0.725,NA
297,39,syllables,lexicase,FALSE,20,elitize_generation_data,296,249,0.718,NA
298,39,syllables,lexicase,FALSE,20,elitize_generation_data,297,224,0.715,NA
299,39,syllables,lexicase,FALSE,20,elitize_generation_data,298,248,0.733,NA
300,39,syllables,lexicase,FALSE,20,elitize_generation_data,299,232,0.702,NA
301,39,syllables,lexicase,FALSE,20,elitize_generation_data,300,202,0.709,NA
