,run.num,problem,treatment,succeeded,height,normalization.function,generation,cluster.count,error.diversity,success.generation
1,68,syllables,lexicase,FALSE,20,elitize_generation_data,0,5,0.261,NA
2,68,syllables,lexicase,FALSE,20,elitize_generation_data,1,6,0.101,NA
3,68,syllables,lexicase,FALSE,20,elitize_generation_data,2,8,0.174,NA
4,68,syllables,lexicase,FALSE,20,elitize_generation_data,3,7,0.17,NA
5,68,syllables,lexicase,FALSE,20,elitize_generation_data,4,8,0.194,NA
6,68,syllables,lexicase,FALSE,20,elitize_generation_data,5,10,0.203,NA
7,68,syllables,lexicase,FALSE,20,elitize_generation_data,6,13,0.233,NA
8,68,syllables,lexicase,FALSE,20,elitize_generation_data,7,20,0.301,NA
9,68,syllables,lexicase,FALSE,20,elitize_generation_data,8,23,0.38,NA
10,68,syllables,lexicase,FALSE,20,elitize_generation_data,9,31,0.379,NA
11,68,syllables,lexicase,FALSE,20,elitize_generation_data,10,37,0.432,NA
12,68,syllables,lexicase,FALSE,20,elitize_generation_data,11,46,0.487,NA
13,68,syllables,lexicase,FALSE,20,elitize_generation_data,12,55,0.486,NA
14,68,syllables,lexicase,FALSE,20,elitize_generation_data,13,59,0.526,NA
15,68,syllables,lexicase,FALSE,20,elitize_generation_data,14,63,0.553,NA
16,68,syllables,lexicase,FALSE,20,elitize_generation_data,15,76,0.546,NA
17,68,syllables,lexicase,FALSE,20,elitize_generation_data,16,79,0.582,NA
18,68,syllables,lexicase,FALSE,20,elitize_generation_data,17,97,0.612,NA
19,68,syllables,lexicase,FALSE,20,elitize_generation_data,18,99,0.61,NA
20,68,syllables,lexicase,FALSE,20,elitize_generation_data,19,141,0.673,NA
21,68,syllables,lexicase,FALSE,20,elitize_generation_data,20,149,0.675,NA
22,68,syllables,lexicase,FALSE,20,elitize_generation_data,21,178,0.712,NA
23,68,syllables,lexicase,FALSE,20,elitize_generation_data,22,217,0.716,NA
24,68,syllables,lexicase,FALSE,20,elitize_generation_data,23,228,0.701,NA
25,68,syllables,lexicase,FALSE,20,elitize_generation_data,24,255,0.756,NA
26,68,syllables,lexicase,FALSE,20,elitize_generation_data,25,260,0.756,NA
27,68,syllables,lexicase,FALSE,20,elitize_generation_data,26,261,0.745,NA
28,68,syllables,lexicase,FALSE,20,elitize_generation_data,27,268,0.745,NA
29,68,syllables,lexicase,FALSE,20,elitize_generation_data,28,282,0.741,NA
30,68,syllables,lexicase,FALSE,20,elitize_generation_data,29,292,0.749,NA
31,68,syllables,lexicase,FALSE,20,elitize_generation_data,30,303,0.757,NA
32,68,syllables,lexicase,FALSE,20,elitize_generation_data,31,323,0.771,NA
33,68,syllables,lexicase,FALSE,20,elitize_generation_data,32,324,0.785,NA
34,68,syllables,lexicase,FALSE,20,elitize_generation_data,33,310,0.773,NA
35,68,syllables,lexicase,FALSE,20,elitize_generation_data,34,301,0.774,NA
36,68,syllables,lexicase,FALSE,20,elitize_generation_data,35,312,0.764,NA
37,68,syllables,lexicase,FALSE,20,elitize_generation_data,36,290,0.766,NA
38,68,syllables,lexicase,FALSE,20,elitize_generation_data,37,281,0.786,NA
39,68,syllables,lexicase,FALSE,20,elitize_generation_data,38,309,0.778,NA
40,68,syllables,lexicase,FALSE,20,elitize_generation_data,39,330,0.799,NA
41,68,syllables,lexicase,FALSE,20,elitize_generation_data,40,328,0.784,NA
42,68,syllables,lexicase,FALSE,20,elitize_generation_data,41,310,0.797,NA
43,68,syllables,lexicase,FALSE,20,elitize_generation_data,42,311,0.789,NA
44,68,syllables,lexicase,FALSE,20,elitize_generation_data,43,298,0.774,NA
45,68,syllables,lexicase,FALSE,20,elitize_generation_data,44,289,0.756,NA
46,68,syllables,lexicase,FALSE,20,elitize_generation_data,45,313,0.781,NA
47,68,syllables,lexicase,FALSE,20,elitize_generation_data,46,310,0.769,NA
48,68,syllables,lexicase,FALSE,20,elitize_generation_data,47,305,0.766,NA
49,68,syllables,lexicase,FALSE,20,elitize_generation_data,48,320,0.768,NA
50,68,syllables,lexicase,FALSE,20,elitize_generation_data,49,311,0.755,NA
51,68,syllables,lexicase,FALSE,20,elitize_generation_data,50,267,0.755,NA
52,68,syllables,lexicase,FALSE,20,elitize_generation_data,51,291,0.776,NA
53,68,syllables,lexicase,FALSE,20,elitize_generation_data,52,307,0.756,NA
54,68,syllables,lexicase,FALSE,20,elitize_generation_data,53,315,0.775,NA
55,68,syllables,lexicase,FALSE,20,elitize_generation_data,54,312,0.767,NA
56,68,syllables,lexicase,FALSE,20,elitize_generation_data,55,297,0.766,NA
57,68,syllables,lexicase,FALSE,20,elitize_generation_data,56,297,0.778,NA
58,68,syllables,lexicase,FALSE,20,elitize_generation_data,57,292,0.78,NA
59,68,syllables,lexicase,FALSE,20,elitize_generation_data,58,302,0.796,NA
60,68,syllables,lexicase,FALSE,20,elitize_generation_data,59,309,0.789,NA
61,68,syllables,lexicase,FALSE,20,elitize_generation_data,60,297,0.766,NA
62,68,syllables,lexicase,FALSE,20,elitize_generation_data,61,316,0.794,NA
63,68,syllables,lexicase,FALSE,20,elitize_generation_data,62,320,0.781,NA
64,68,syllables,lexicase,FALSE,20,elitize_generation_data,63,327,0.788,NA
65,68,syllables,lexicase,FALSE,20,elitize_generation_data,64,310,0.815,NA
66,68,syllables,lexicase,FALSE,20,elitize_generation_data,65,320,0.78,NA
67,68,syllables,lexicase,FALSE,20,elitize_generation_data,66,320,0.798,NA
68,68,syllables,lexicase,FALSE,20,elitize_generation_data,67,335,0.785,NA
69,68,syllables,lexicase,FALSE,20,elitize_generation_data,68,322,0.804,NA
70,68,syllables,lexicase,FALSE,20,elitize_generation_data,69,325,0.803,NA
71,68,syllables,lexicase,FALSE,20,elitize_generation_data,70,347,0.803,NA
72,68,syllables,lexicase,FALSE,20,elitize_generation_data,71,334,0.779,NA
73,68,syllables,lexicase,FALSE,20,elitize_generation_data,72,344,0.79,NA
74,68,syllables,lexicase,FALSE,20,elitize_generation_data,73,324,0.796,NA
75,68,syllables,lexicase,FALSE,20,elitize_generation_data,74,350,0.815,NA
76,68,syllables,lexicase,FALSE,20,elitize_generation_data,75,339,0.821,NA
77,68,syllables,lexicase,FALSE,20,elitize_generation_data,76,364,0.834,NA
78,68,syllables,lexicase,FALSE,20,elitize_generation_data,77,364,0.83,NA
79,68,syllables,lexicase,FALSE,20,elitize_generation_data,78,359,0.831,NA
80,68,syllables,lexicase,FALSE,20,elitize_generation_data,79,341,0.808,NA
81,68,syllables,lexicase,FALSE,20,elitize_generation_data,80,344,0.808,NA
82,68,syllables,lexicase,FALSE,20,elitize_generation_data,81,359,0.808,NA
83,68,syllables,lexicase,FALSE,20,elitize_generation_data,82,366,0.829,NA
84,68,syllables,lexicase,FALSE,20,elitize_generation_data,83,377,0.82,NA
85,68,syllables,lexicase,FALSE,20,elitize_generation_data,84,374,0.824,NA
86,68,syllables,lexicase,FALSE,20,elitize_generation_data,85,360,0.83,NA
87,68,syllables,lexicase,FALSE,20,elitize_generation_data,86,390,0.839,NA
88,68,syllables,lexicase,FALSE,20,elitize_generation_data,87,374,0.82,NA
89,68,syllables,lexicase,FALSE,20,elitize_generation_data,88,357,0.817,NA
90,68,syllables,lexicase,FALSE,20,elitize_generation_data,89,354,0.817,NA
91,68,syllables,lexicase,FALSE,20,elitize_generation_data,90,373,0.811,NA
92,68,syllables,lexicase,FALSE,20,elitize_generation_data,91,390,0.823,NA
93,68,syllables,lexicase,FALSE,20,elitize_generation_data,92,405,0.832,NA
94,68,syllables,lexicase,FALSE,20,elitize_generation_data,93,402,0.836,NA
95,68,syllables,lexicase,FALSE,20,elitize_generation_data,94,405,0.835,NA
96,68,syllables,lexicase,FALSE,20,elitize_generation_data,95,402,0.824,NA
97,68,syllables,lexicase,FALSE,20,elitize_generation_data,96,397,0.841,NA
98,68,syllables,lexicase,FALSE,20,elitize_generation_data,97,399,0.825,NA
99,68,syllables,lexicase,FALSE,20,elitize_generation_data,98,404,0.831,NA
100,68,syllables,lexicase,FALSE,20,elitize_generation_data,99,422,0.823,NA
101,68,syllables,lexicase,FALSE,20,elitize_generation_data,100,417,0.823,NA
102,68,syllables,lexicase,FALSE,20,elitize_generation_data,101,436,0.846,NA
103,68,syllables,lexicase,FALSE,20,elitize_generation_data,102,420,0.836,NA
104,68,syllables,lexicase,FALSE,20,elitize_generation_data,103,395,0.827,NA
105,68,syllables,lexicase,FALSE,20,elitize_generation_data,104,409,0.837,NA
106,68,syllables,lexicase,FALSE,20,elitize_generation_data,105,391,0.82,NA
107,68,syllables,lexicase,FALSE,20,elitize_generation_data,106,378,0.816,NA
108,68,syllables,lexicase,FALSE,20,elitize_generation_data,107,413,0.842,NA
109,68,syllables,lexicase,FALSE,20,elitize_generation_data,108,402,0.845,NA
110,68,syllables,lexicase,FALSE,20,elitize_generation_data,109,423,0.859,NA
111,68,syllables,lexicase,FALSE,20,elitize_generation_data,110,403,0.836,NA
112,68,syllables,lexicase,FALSE,20,elitize_generation_data,111,422,0.832,NA
113,68,syllables,lexicase,FALSE,20,elitize_generation_data,112,400,0.84,NA
114,68,syllables,lexicase,FALSE,20,elitize_generation_data,113,408,0.836,NA
115,68,syllables,lexicase,FALSE,20,elitize_generation_data,114,411,0.831,NA
116,68,syllables,lexicase,FALSE,20,elitize_generation_data,115,412,0.842,NA
117,68,syllables,lexicase,FALSE,20,elitize_generation_data,116,418,0.854,NA
118,68,syllables,lexicase,FALSE,20,elitize_generation_data,117,429,0.834,NA
119,68,syllables,lexicase,FALSE,20,elitize_generation_data,118,426,0.835,NA
120,68,syllables,lexicase,FALSE,20,elitize_generation_data,119,429,0.851,NA
121,68,syllables,lexicase,FALSE,20,elitize_generation_data,120,414,0.834,NA
122,68,syllables,lexicase,FALSE,20,elitize_generation_data,121,385,0.837,NA
123,68,syllables,lexicase,FALSE,20,elitize_generation_data,122,424,0.834,NA
124,68,syllables,lexicase,FALSE,20,elitize_generation_data,123,415,0.846,NA
125,68,syllables,lexicase,FALSE,20,elitize_generation_data,124,427,0.849,NA
126,68,syllables,lexicase,FALSE,20,elitize_generation_data,125,413,0.839,NA
127,68,syllables,lexicase,FALSE,20,elitize_generation_data,126,429,0.836,NA
128,68,syllables,lexicase,FALSE,20,elitize_generation_data,127,395,0.835,NA
129,68,syllables,lexicase,FALSE,20,elitize_generation_data,128,400,0.838,NA
130,68,syllables,lexicase,FALSE,20,elitize_generation_data,129,401,0.833,NA
131,68,syllables,lexicase,FALSE,20,elitize_generation_data,130,386,0.833,NA
132,68,syllables,lexicase,FALSE,20,elitize_generation_data,131,403,0.828,NA
133,68,syllables,lexicase,FALSE,20,elitize_generation_data,132,391,0.816,NA
134,68,syllables,lexicase,FALSE,20,elitize_generation_data,133,387,0.808,NA
135,68,syllables,lexicase,FALSE,20,elitize_generation_data,134,428,0.848,NA
136,68,syllables,lexicase,FALSE,20,elitize_generation_data,135,424,0.839,NA
137,68,syllables,lexicase,FALSE,20,elitize_generation_data,136,382,0.834,NA
138,68,syllables,lexicase,FALSE,20,elitize_generation_data,137,431,0.845,NA
139,68,syllables,lexicase,FALSE,20,elitize_generation_data,138,422,0.839,NA
140,68,syllables,lexicase,FALSE,20,elitize_generation_data,139,419,0.85,NA
141,68,syllables,lexicase,FALSE,20,elitize_generation_data,140,413,0.842,NA
142,68,syllables,lexicase,FALSE,20,elitize_generation_data,141,409,0.822,NA
143,68,syllables,lexicase,FALSE,20,elitize_generation_data,142,405,0.838,NA
144,68,syllables,lexicase,FALSE,20,elitize_generation_data,143,435,0.839,NA
145,68,syllables,lexicase,FALSE,20,elitize_generation_data,144,390,0.82,NA
146,68,syllables,lexicase,FALSE,20,elitize_generation_data,145,382,0.839,NA
147,68,syllables,lexicase,FALSE,20,elitize_generation_data,146,408,0.813,NA
148,68,syllables,lexicase,FALSE,20,elitize_generation_data,147,419,0.818,NA
149,68,syllables,lexicase,FALSE,20,elitize_generation_data,148,425,0.826,NA
150,68,syllables,lexicase,FALSE,20,elitize_generation_data,149,425,0.825,NA
151,68,syllables,lexicase,FALSE,20,elitize_generation_data,150,421,0.838,NA
152,68,syllables,lexicase,FALSE,20,elitize_generation_data,151,394,0.803,NA
153,68,syllables,lexicase,FALSE,20,elitize_generation_data,152,402,0.822,NA
154,68,syllables,lexicase,FALSE,20,elitize_generation_data,153,393,0.819,NA
155,68,syllables,lexicase,FALSE,20,elitize_generation_data,154,405,0.804,NA
156,68,syllables,lexicase,FALSE,20,elitize_generation_data,155,409,0.825,NA
157,68,syllables,lexicase,FALSE,20,elitize_generation_data,156,417,0.809,NA
158,68,syllables,lexicase,FALSE,20,elitize_generation_data,157,417,0.816,NA
159,68,syllables,lexicase,FALSE,20,elitize_generation_data,158,421,0.822,NA
160,68,syllables,lexicase,FALSE,20,elitize_generation_data,159,415,0.838,NA
161,68,syllables,lexicase,FALSE,20,elitize_generation_data,160,419,0.827,NA
162,68,syllables,lexicase,FALSE,20,elitize_generation_data,161,427,0.826,NA
163,68,syllables,lexicase,FALSE,20,elitize_generation_data,162,406,0.822,NA
164,68,syllables,lexicase,FALSE,20,elitize_generation_data,163,403,0.809,NA
165,68,syllables,lexicase,FALSE,20,elitize_generation_data,164,415,0.818,NA
166,68,syllables,lexicase,FALSE,20,elitize_generation_data,165,405,0.821,NA
167,68,syllables,lexicase,FALSE,20,elitize_generation_data,166,404,0.807,NA
168,68,syllables,lexicase,FALSE,20,elitize_generation_data,167,418,0.817,NA
169,68,syllables,lexicase,FALSE,20,elitize_generation_data,168,415,0.824,NA
170,68,syllables,lexicase,FALSE,20,elitize_generation_data,169,431,0.809,NA
171,68,syllables,lexicase,FALSE,20,elitize_generation_data,170,431,0.836,NA
172,68,syllables,lexicase,FALSE,20,elitize_generation_data,171,432,0.823,NA
173,68,syllables,lexicase,FALSE,20,elitize_generation_data,172,436,0.825,NA
174,68,syllables,lexicase,FALSE,20,elitize_generation_data,173,428,0.806,NA
175,68,syllables,lexicase,FALSE,20,elitize_generation_data,174,427,0.831,NA
176,68,syllables,lexicase,FALSE,20,elitize_generation_data,175,443,0.845,NA
177,68,syllables,lexicase,FALSE,20,elitize_generation_data,176,438,0.839,NA
178,68,syllables,lexicase,FALSE,20,elitize_generation_data,177,421,0.813,NA
179,68,syllables,lexicase,FALSE,20,elitize_generation_data,178,429,0.815,NA
180,68,syllables,lexicase,FALSE,20,elitize_generation_data,179,448,0.82,NA
181,68,syllables,lexicase,FALSE,20,elitize_generation_data,180,430,0.836,NA
182,68,syllables,lexicase,FALSE,20,elitize_generation_data,181,450,0.848,NA
183,68,syllables,lexicase,FALSE,20,elitize_generation_data,182,448,0.851,NA
184,68,syllables,lexicase,FALSE,20,elitize_generation_data,183,449,0.828,NA
185,68,syllables,lexicase,FALSE,20,elitize_generation_data,184,437,0.842,NA
186,68,syllables,lexicase,FALSE,20,elitize_generation_data,185,445,0.824,NA
187,68,syllables,lexicase,FALSE,20,elitize_generation_data,186,433,0.82,NA
188,68,syllables,lexicase,FALSE,20,elitize_generation_data,187,427,0.821,NA
189,68,syllables,lexicase,FALSE,20,elitize_generation_data,188,391,0.806,NA
190,68,syllables,lexicase,FALSE,20,elitize_generation_data,189,415,0.82,NA
191,68,syllables,lexicase,FALSE,20,elitize_generation_data,190,448,0.829,NA
192,68,syllables,lexicase,FALSE,20,elitize_generation_data,191,403,0.821,NA
193,68,syllables,lexicase,FALSE,20,elitize_generation_data,192,404,0.833,NA
194,68,syllables,lexicase,FALSE,20,elitize_generation_data,193,413,0.813,NA
195,68,syllables,lexicase,FALSE,20,elitize_generation_data,194,377,0.828,NA
196,68,syllables,lexicase,FALSE,20,elitize_generation_data,195,404,0.811,NA
197,68,syllables,lexicase,FALSE,20,elitize_generation_data,196,395,0.822,NA
198,68,syllables,lexicase,FALSE,20,elitize_generation_data,197,439,0.825,NA
199,68,syllables,lexicase,FALSE,20,elitize_generation_data,198,425,0.825,NA
200,68,syllables,lexicase,FALSE,20,elitize_generation_data,199,444,0.83,NA
201,68,syllables,lexicase,FALSE,20,elitize_generation_data,200,450,0.833,NA
202,68,syllables,lexicase,FALSE,20,elitize_generation_data,201,443,0.835,NA
203,68,syllables,lexicase,FALSE,20,elitize_generation_data,202,436,0.812,NA
204,68,syllables,lexicase,FALSE,20,elitize_generation_data,203,413,0.816,NA
205,68,syllables,lexicase,FALSE,20,elitize_generation_data,204,429,0.824,NA
206,68,syllables,lexicase,FALSE,20,elitize_generation_data,205,419,0.815,NA
207,68,syllables,lexicase,FALSE,20,elitize_generation_data,206,452,0.819,NA
208,68,syllables,lexicase,FALSE,20,elitize_generation_data,207,429,0.801,NA
209,68,syllables,lexicase,FALSE,20,elitize_generation_data,208,427,0.809,NA
210,68,syllables,lexicase,FALSE,20,elitize_generation_data,209,416,0.808,NA
211,68,syllables,lexicase,FALSE,20,elitize_generation_data,210,427,0.836,NA
212,68,syllables,lexicase,FALSE,20,elitize_generation_data,211,425,0.811,NA
213,68,syllables,lexicase,FALSE,20,elitize_generation_data,212,408,0.817,NA
214,68,syllables,lexicase,FALSE,20,elitize_generation_data,213,382,0.8,NA
215,68,syllables,lexicase,FALSE,20,elitize_generation_data,214,403,0.805,NA
216,68,syllables,lexicase,FALSE,20,elitize_generation_data,215,400,0.821,NA
217,68,syllables,lexicase,FALSE,20,elitize_generation_data,216,383,0.805,NA
218,68,syllables,lexicase,FALSE,20,elitize_generation_data,217,427,0.804,NA
219,68,syllables,lexicase,FALSE,20,elitize_generation_data,218,396,0.784,NA
220,68,syllables,lexicase,FALSE,20,elitize_generation_data,219,433,0.821,NA
221,68,syllables,lexicase,FALSE,20,elitize_generation_data,220,439,0.803,NA
222,68,syllables,lexicase,FALSE,20,elitize_generation_data,221,422,0.818,NA
223,68,syllables,lexicase,FALSE,20,elitize_generation_data,222,417,0.816,NA
224,68,syllables,lexicase,FALSE,20,elitize_generation_data,223,430,0.836,NA
225,68,syllables,lexicase,FALSE,20,elitize_generation_data,224,415,0.829,NA
226,68,syllables,lexicase,FALSE,20,elitize_generation_data,225,418,0.806,NA
227,68,syllables,lexicase,FALSE,20,elitize_generation_data,226,417,0.813,NA
228,68,syllables,lexicase,FALSE,20,elitize_generation_data,227,434,0.814,NA
229,68,syllables,lexicase,FALSE,20,elitize_generation_data,228,430,0.833,NA
230,68,syllables,lexicase,FALSE,20,elitize_generation_data,229,435,0.832,NA
231,68,syllables,lexicase,FALSE,20,elitize_generation_data,230,436,0.819,NA
232,68,syllables,lexicase,FALSE,20,elitize_generation_data,231,451,0.834,NA
233,68,syllables,lexicase,FALSE,20,elitize_generation_data,232,426,0.826,NA
234,68,syllables,lexicase,FALSE,20,elitize_generation_data,233,421,0.811,NA
235,68,syllables,lexicase,FALSE,20,elitize_generation_data,234,408,0.847,NA
236,68,syllables,lexicase,FALSE,20,elitize_generation_data,235,408,0.8,NA
237,68,syllables,lexicase,FALSE,20,elitize_generation_data,236,418,0.829,NA
238,68,syllables,lexicase,FALSE,20,elitize_generation_data,237,416,0.823,NA
239,68,syllables,lexicase,FALSE,20,elitize_generation_data,238,400,0.819,NA
240,68,syllables,lexicase,FALSE,20,elitize_generation_data,239,404,0.788,NA
241,68,syllables,lexicase,FALSE,20,elitize_generation_data,240,402,0.806,NA
242,68,syllables,lexicase,FALSE,20,elitize_generation_data,241,404,0.809,NA
243,68,syllables,lexicase,FALSE,20,elitize_generation_data,242,410,0.801,NA
244,68,syllables,lexicase,FALSE,20,elitize_generation_data,243,395,0.822,NA
245,68,syllables,lexicase,FALSE,20,elitize_generation_data,244,419,0.819,NA
246,68,syllables,lexicase,FALSE,20,elitize_generation_data,245,411,0.833,NA
247,68,syllables,lexicase,FALSE,20,elitize_generation_data,246,411,0.796,NA
248,68,syllables,lexicase,FALSE,20,elitize_generation_data,247,403,0.815,NA
249,68,syllables,lexicase,FALSE,20,elitize_generation_data,248,402,0.79,NA
250,68,syllables,lexicase,FALSE,20,elitize_generation_data,249,391,0.814,NA
251,68,syllables,lexicase,FALSE,20,elitize_generation_data,250,373,0.777,NA
252,68,syllables,lexicase,FALSE,20,elitize_generation_data,251,405,0.802,NA
253,68,syllables,lexicase,FALSE,20,elitize_generation_data,252,404,0.836,NA
254,68,syllables,lexicase,FALSE,20,elitize_generation_data,253,399,0.812,NA
255,68,syllables,lexicase,FALSE,20,elitize_generation_data,254,387,0.806,NA
256,68,syllables,lexicase,FALSE,20,elitize_generation_data,255,399,0.81,NA
257,68,syllables,lexicase,FALSE,20,elitize_generation_data,256,414,0.843,NA
258,68,syllables,lexicase,FALSE,20,elitize_generation_data,257,381,0.793,NA
259,68,syllables,lexicase,FALSE,20,elitize_generation_data,258,378,0.809,NA
260,68,syllables,lexicase,FALSE,20,elitize_generation_data,259,414,0.813,NA
261,68,syllables,lexicase,FALSE,20,elitize_generation_data,260,411,0.814,NA
262,68,syllables,lexicase,FALSE,20,elitize_generation_data,261,415,0.832,NA
263,68,syllables,lexicase,FALSE,20,elitize_generation_data,262,404,0.81,NA
264,68,syllables,lexicase,FALSE,20,elitize_generation_data,263,405,0.818,NA
265,68,syllables,lexicase,FALSE,20,elitize_generation_data,264,399,0.806,NA
266,68,syllables,lexicase,FALSE,20,elitize_generation_data,265,428,0.811,NA
267,68,syllables,lexicase,FALSE,20,elitize_generation_data,266,412,0.828,NA
268,68,syllables,lexicase,FALSE,20,elitize_generation_data,267,426,0.826,NA
269,68,syllables,lexicase,FALSE,20,elitize_generation_data,268,410,0.825,NA
270,68,syllables,lexicase,FALSE,20,elitize_generation_data,269,403,0.811,NA
271,68,syllables,lexicase,FALSE,20,elitize_generation_data,270,426,0.817,NA
272,68,syllables,lexicase,FALSE,20,elitize_generation_data,271,428,0.818,NA
273,68,syllables,lexicase,FALSE,20,elitize_generation_data,272,424,0.83,NA
274,68,syllables,lexicase,FALSE,20,elitize_generation_data,273,430,0.828,NA
275,68,syllables,lexicase,FALSE,20,elitize_generation_data,274,422,0.824,NA
276,68,syllables,lexicase,FALSE,20,elitize_generation_data,275,426,0.831,NA
277,68,syllables,lexicase,FALSE,20,elitize_generation_data,276,429,0.814,NA
278,68,syllables,lexicase,FALSE,20,elitize_generation_data,277,434,0.815,NA
279,68,syllables,lexicase,FALSE,20,elitize_generation_data,278,458,0.83,NA
280,68,syllables,lexicase,FALSE,20,elitize_generation_data,279,456,0.811,NA
281,68,syllables,lexicase,FALSE,20,elitize_generation_data,280,436,0.849,NA
282,68,syllables,lexicase,FALSE,20,elitize_generation_data,281,452,0.845,NA
283,68,syllables,lexicase,FALSE,20,elitize_generation_data,282,452,0.837,NA
284,68,syllables,lexicase,FALSE,20,elitize_generation_data,283,442,0.833,NA
285,68,syllables,lexicase,FALSE,20,elitize_generation_data,284,454,0.848,NA
286,68,syllables,lexicase,FALSE,20,elitize_generation_data,285,443,0.823,NA
287,68,syllables,lexicase,FALSE,20,elitize_generation_data,286,449,0.831,NA
288,68,syllables,lexicase,FALSE,20,elitize_generation_data,287,451,0.856,NA
289,68,syllables,lexicase,FALSE,20,elitize_generation_data,288,431,0.841,NA
290,68,syllables,lexicase,FALSE,20,elitize_generation_data,289,439,0.828,NA
291,68,syllables,lexicase,FALSE,20,elitize_generation_data,290,414,0.81,NA
292,68,syllables,lexicase,FALSE,20,elitize_generation_data,291,449,0.847,NA
293,68,syllables,lexicase,FALSE,20,elitize_generation_data,292,460,0.854,NA
294,68,syllables,lexicase,FALSE,20,elitize_generation_data,293,453,0.842,NA
295,68,syllables,lexicase,FALSE,20,elitize_generation_data,294,445,0.829,NA
296,68,syllables,lexicase,FALSE,20,elitize_generation_data,295,443,0.839,NA
297,68,syllables,lexicase,FALSE,20,elitize_generation_data,296,463,0.859,NA
298,68,syllables,lexicase,FALSE,20,elitize_generation_data,297,463,0.831,NA
299,68,syllables,lexicase,FALSE,20,elitize_generation_data,298,447,0.825,NA
300,68,syllables,lexicase,FALSE,20,elitize_generation_data,299,442,0.831,NA
301,68,syllables,lexicase,FALSE,20,elitize_generation_data,300,447,0.843,NA
