,run.num,problem,treatment,succeeded,height,normalization.function,generation,cluster.count,error.diversity,success.generation
1,70,syllables,lexicase,FALSE,20,elitize_generation_data,0,4,0.26,NA
2,70,syllables,lexicase,FALSE,20,elitize_generation_data,1,7,0.149,NA
3,70,syllables,lexicase,FALSE,20,elitize_generation_data,2,14,0.232,NA
4,70,syllables,lexicase,FALSE,20,elitize_generation_data,3,25,0.262,NA
5,70,syllables,lexicase,FALSE,20,elitize_generation_data,4,38,0.315,NA
6,70,syllables,lexicase,FALSE,20,elitize_generation_data,5,63,0.426,NA
7,70,syllables,lexicase,FALSE,20,elitize_generation_data,6,98,0.497,NA
8,70,syllables,lexicase,FALSE,20,elitize_generation_data,7,114,0.53,NA
9,70,syllables,lexicase,FALSE,20,elitize_generation_data,8,161,0.555,NA
10,70,syllables,lexicase,FALSE,20,elitize_generation_data,9,179,0.562,NA
11,70,syllables,lexicase,FALSE,20,elitize_generation_data,10,207,0.574,NA
12,70,syllables,lexicase,FALSE,20,elitize_generation_data,11,229,0.617,NA
13,70,syllables,lexicase,FALSE,20,elitize_generation_data,12,253,0.626,NA
14,70,syllables,lexicase,FALSE,20,elitize_generation_data,13,271,0.64,NA
15,70,syllables,lexicase,FALSE,20,elitize_generation_data,14,278,0.615,NA
16,70,syllables,lexicase,FALSE,20,elitize_generation_data,15,281,0.642,NA
17,70,syllables,lexicase,FALSE,20,elitize_generation_data,16,286,0.62,NA
18,70,syllables,lexicase,FALSE,20,elitize_generation_data,17,307,0.62,NA
19,70,syllables,lexicase,FALSE,20,elitize_generation_data,18,333,0.655,NA
20,70,syllables,lexicase,FALSE,20,elitize_generation_data,19,307,0.63,NA
21,70,syllables,lexicase,FALSE,20,elitize_generation_data,20,321,0.631,NA
22,70,syllables,lexicase,FALSE,20,elitize_generation_data,21,327,0.648,NA
23,70,syllables,lexicase,FALSE,20,elitize_generation_data,22,343,0.663,NA
24,70,syllables,lexicase,FALSE,20,elitize_generation_data,23,347,0.663,NA
25,70,syllables,lexicase,FALSE,20,elitize_generation_data,24,344,0.641,NA
26,70,syllables,lexicase,FALSE,20,elitize_generation_data,25,334,0.65,NA
27,70,syllables,lexicase,FALSE,20,elitize_generation_data,26,371,0.664,NA
28,70,syllables,lexicase,FALSE,20,elitize_generation_data,27,337,0.65,NA
29,70,syllables,lexicase,FALSE,20,elitize_generation_data,28,363,0.676,NA
30,70,syllables,lexicase,FALSE,20,elitize_generation_data,29,369,0.648,NA
31,70,syllables,lexicase,FALSE,20,elitize_generation_data,30,365,0.662,NA
32,70,syllables,lexicase,FALSE,20,elitize_generation_data,31,372,0.656,NA
33,70,syllables,lexicase,FALSE,20,elitize_generation_data,32,380,0.67,NA
34,70,syllables,lexicase,FALSE,20,elitize_generation_data,33,375,0.653,NA
35,70,syllables,lexicase,FALSE,20,elitize_generation_data,34,375,0.663,NA
36,70,syllables,lexicase,FALSE,20,elitize_generation_data,35,365,0.674,NA
37,70,syllables,lexicase,FALSE,20,elitize_generation_data,36,362,0.649,NA
38,70,syllables,lexicase,FALSE,20,elitize_generation_data,37,376,0.673,NA
39,70,syllables,lexicase,FALSE,20,elitize_generation_data,38,387,0.684,NA
40,70,syllables,lexicase,FALSE,20,elitize_generation_data,39,368,0.662,NA
41,70,syllables,lexicase,FALSE,20,elitize_generation_data,40,362,0.66,NA
42,70,syllables,lexicase,FALSE,20,elitize_generation_data,41,360,0.649,NA
43,70,syllables,lexicase,FALSE,20,elitize_generation_data,42,346,0.648,NA
44,70,syllables,lexicase,FALSE,20,elitize_generation_data,43,354,0.65,NA
45,70,syllables,lexicase,FALSE,20,elitize_generation_data,44,370,0.629,NA
46,70,syllables,lexicase,FALSE,20,elitize_generation_data,45,368,0.641,NA
47,70,syllables,lexicase,FALSE,20,elitize_generation_data,46,375,0.662,NA
48,70,syllables,lexicase,FALSE,20,elitize_generation_data,47,370,0.639,NA
49,70,syllables,lexicase,FALSE,20,elitize_generation_data,48,368,0.665,NA
50,70,syllables,lexicase,FALSE,20,elitize_generation_data,49,373,0.657,NA
51,70,syllables,lexicase,FALSE,20,elitize_generation_data,50,366,0.662,NA
52,70,syllables,lexicase,FALSE,20,elitize_generation_data,51,390,0.666,NA
53,70,syllables,lexicase,FALSE,20,elitize_generation_data,52,385,0.651,NA
54,70,syllables,lexicase,FALSE,20,elitize_generation_data,53,392,0.659,NA
55,70,syllables,lexicase,FALSE,20,elitize_generation_data,54,389,0.677,NA
56,70,syllables,lexicase,FALSE,20,elitize_generation_data,55,355,0.631,NA
57,70,syllables,lexicase,FALSE,20,elitize_generation_data,56,383,0.656,NA
58,70,syllables,lexicase,FALSE,20,elitize_generation_data,57,395,0.659,NA
59,70,syllables,lexicase,FALSE,20,elitize_generation_data,58,380,0.664,NA
60,70,syllables,lexicase,FALSE,20,elitize_generation_data,59,369,0.647,NA
61,70,syllables,lexicase,FALSE,20,elitize_generation_data,60,379,0.655,NA
62,70,syllables,lexicase,FALSE,20,elitize_generation_data,61,379,0.67,NA
63,70,syllables,lexicase,FALSE,20,elitize_generation_data,62,370,0.667,NA
64,70,syllables,lexicase,FALSE,20,elitize_generation_data,63,352,0.647,NA
65,70,syllables,lexicase,FALSE,20,elitize_generation_data,64,347,0.616,NA
66,70,syllables,lexicase,FALSE,20,elitize_generation_data,65,373,0.661,NA
67,70,syllables,lexicase,FALSE,20,elitize_generation_data,66,382,0.666,NA
68,70,syllables,lexicase,FALSE,20,elitize_generation_data,67,397,0.673,NA
69,70,syllables,lexicase,FALSE,20,elitize_generation_data,68,394,0.655,NA
70,70,syllables,lexicase,FALSE,20,elitize_generation_data,69,394,0.657,NA
71,70,syllables,lexicase,FALSE,20,elitize_generation_data,70,389,0.682,NA
72,70,syllables,lexicase,FALSE,20,elitize_generation_data,71,380,0.641,NA
73,70,syllables,lexicase,FALSE,20,elitize_generation_data,72,371,0.634,NA
74,70,syllables,lexicase,FALSE,20,elitize_generation_data,73,368,0.628,NA
75,70,syllables,lexicase,FALSE,20,elitize_generation_data,74,380,0.647,NA
76,70,syllables,lexicase,FALSE,20,elitize_generation_data,75,393,0.671,NA
77,70,syllables,lexicase,FALSE,20,elitize_generation_data,76,423,0.688,NA
78,70,syllables,lexicase,FALSE,20,elitize_generation_data,77,367,0.623,NA
79,70,syllables,lexicase,FALSE,20,elitize_generation_data,78,386,0.667,NA
80,70,syllables,lexicase,FALSE,20,elitize_generation_data,79,393,0.655,NA
81,70,syllables,lexicase,FALSE,20,elitize_generation_data,80,380,0.662,NA
82,70,syllables,lexicase,FALSE,20,elitize_generation_data,81,381,0.649,NA
83,70,syllables,lexicase,FALSE,20,elitize_generation_data,82,396,0.65,NA
84,70,syllables,lexicase,FALSE,20,elitize_generation_data,83,378,0.675,NA
85,70,syllables,lexicase,FALSE,20,elitize_generation_data,84,382,0.646,NA
86,70,syllables,lexicase,FALSE,20,elitize_generation_data,85,403,0.691,NA
87,70,syllables,lexicase,FALSE,20,elitize_generation_data,86,374,0.656,NA
88,70,syllables,lexicase,FALSE,20,elitize_generation_data,87,360,0.67,NA
89,70,syllables,lexicase,FALSE,20,elitize_generation_data,88,390,0.678,NA
90,70,syllables,lexicase,FALSE,20,elitize_generation_data,89,359,0.669,NA
91,70,syllables,lexicase,FALSE,20,elitize_generation_data,90,377,0.666,NA
92,70,syllables,lexicase,FALSE,20,elitize_generation_data,91,377,0.681,NA
93,70,syllables,lexicase,FALSE,20,elitize_generation_data,92,381,0.652,NA
94,70,syllables,lexicase,FALSE,20,elitize_generation_data,93,362,0.643,NA
95,70,syllables,lexicase,FALSE,20,elitize_generation_data,94,370,0.648,NA
96,70,syllables,lexicase,FALSE,20,elitize_generation_data,95,398,0.649,NA
97,70,syllables,lexicase,FALSE,20,elitize_generation_data,96,408,0.705,NA
98,70,syllables,lexicase,FALSE,20,elitize_generation_data,97,397,0.677,NA
99,70,syllables,lexicase,FALSE,20,elitize_generation_data,98,375,0.7,NA
100,70,syllables,lexicase,FALSE,20,elitize_generation_data,99,379,0.653,NA
101,70,syllables,lexicase,FALSE,20,elitize_generation_data,100,391,0.688,NA
102,70,syllables,lexicase,FALSE,20,elitize_generation_data,101,372,0.664,NA
103,70,syllables,lexicase,FALSE,20,elitize_generation_data,102,409,0.694,NA
104,70,syllables,lexicase,FALSE,20,elitize_generation_data,103,398,0.681,NA
105,70,syllables,lexicase,FALSE,20,elitize_generation_data,104,354,0.644,NA
106,70,syllables,lexicase,FALSE,20,elitize_generation_data,105,397,0.687,NA
107,70,syllables,lexicase,FALSE,20,elitize_generation_data,106,410,0.679,NA
108,70,syllables,lexicase,FALSE,20,elitize_generation_data,107,389,0.705,NA
109,70,syllables,lexicase,FALSE,20,elitize_generation_data,108,384,0.674,NA
110,70,syllables,lexicase,FALSE,20,elitize_generation_data,109,391,0.684,NA
111,70,syllables,lexicase,FALSE,20,elitize_generation_data,110,376,0.668,NA
112,70,syllables,lexicase,FALSE,20,elitize_generation_data,111,387,0.7,NA
113,70,syllables,lexicase,FALSE,20,elitize_generation_data,112,410,0.693,NA
114,70,syllables,lexicase,FALSE,20,elitize_generation_data,113,393,0.665,NA
115,70,syllables,lexicase,FALSE,20,elitize_generation_data,114,399,0.678,NA
116,70,syllables,lexicase,FALSE,20,elitize_generation_data,115,401,0.68,NA
117,70,syllables,lexicase,FALSE,20,elitize_generation_data,116,404,0.675,NA
118,70,syllables,lexicase,FALSE,20,elitize_generation_data,117,403,0.662,NA
119,70,syllables,lexicase,FALSE,20,elitize_generation_data,118,408,0.689,NA
120,70,syllables,lexicase,FALSE,20,elitize_generation_data,119,402,0.678,NA
121,70,syllables,lexicase,FALSE,20,elitize_generation_data,120,388,0.656,NA
122,70,syllables,lexicase,FALSE,20,elitize_generation_data,121,406,0.677,NA
123,70,syllables,lexicase,FALSE,20,elitize_generation_data,122,387,0.656,NA
124,70,syllables,lexicase,FALSE,20,elitize_generation_data,123,396,0.66,NA
125,70,syllables,lexicase,FALSE,20,elitize_generation_data,124,381,0.664,NA
126,70,syllables,lexicase,FALSE,20,elitize_generation_data,125,401,0.678,NA
127,70,syllables,lexicase,FALSE,20,elitize_generation_data,126,389,0.676,NA
128,70,syllables,lexicase,FALSE,20,elitize_generation_data,127,383,0.669,NA
129,70,syllables,lexicase,FALSE,20,elitize_generation_data,128,380,0.669,NA
130,70,syllables,lexicase,FALSE,20,elitize_generation_data,129,373,0.659,NA
131,70,syllables,lexicase,FALSE,20,elitize_generation_data,130,411,0.679,NA
132,70,syllables,lexicase,FALSE,20,elitize_generation_data,131,397,0.691,NA
133,70,syllables,lexicase,FALSE,20,elitize_generation_data,132,381,0.676,NA
134,70,syllables,lexicase,FALSE,20,elitize_generation_data,133,401,0.678,NA
135,70,syllables,lexicase,FALSE,20,elitize_generation_data,134,414,0.692,NA
136,70,syllables,lexicase,FALSE,20,elitize_generation_data,135,425,0.689,NA
137,70,syllables,lexicase,FALSE,20,elitize_generation_data,136,407,0.7,NA
138,70,syllables,lexicase,FALSE,20,elitize_generation_data,137,397,0.706,NA
139,70,syllables,lexicase,FALSE,20,elitize_generation_data,138,362,0.682,NA
140,70,syllables,lexicase,FALSE,20,elitize_generation_data,139,415,0.699,NA
141,70,syllables,lexicase,FALSE,20,elitize_generation_data,140,390,0.666,NA
142,70,syllables,lexicase,FALSE,20,elitize_generation_data,141,384,0.635,NA
143,70,syllables,lexicase,FALSE,20,elitize_generation_data,142,393,0.666,NA
144,70,syllables,lexicase,FALSE,20,elitize_generation_data,143,371,0.678,NA
145,70,syllables,lexicase,FALSE,20,elitize_generation_data,144,369,0.671,NA
146,70,syllables,lexicase,FALSE,20,elitize_generation_data,145,375,0.674,NA
147,70,syllables,lexicase,FALSE,20,elitize_generation_data,146,376,0.663,NA
148,70,syllables,lexicase,FALSE,20,elitize_generation_data,147,377,0.669,NA
149,70,syllables,lexicase,FALSE,20,elitize_generation_data,148,383,0.688,NA
150,70,syllables,lexicase,FALSE,20,elitize_generation_data,149,386,0.66,NA
151,70,syllables,lexicase,FALSE,20,elitize_generation_data,150,418,0.697,NA
152,70,syllables,lexicase,FALSE,20,elitize_generation_data,151,379,0.659,NA
153,70,syllables,lexicase,FALSE,20,elitize_generation_data,152,397,0.684,NA
154,70,syllables,lexicase,FALSE,20,elitize_generation_data,153,377,0.665,NA
155,70,syllables,lexicase,FALSE,20,elitize_generation_data,154,390,0.674,NA
156,70,syllables,lexicase,FALSE,20,elitize_generation_data,155,392,0.662,NA
157,70,syllables,lexicase,FALSE,20,elitize_generation_data,156,382,0.67,NA
158,70,syllables,lexicase,FALSE,20,elitize_generation_data,157,377,0.663,NA
159,70,syllables,lexicase,FALSE,20,elitize_generation_data,158,380,0.663,NA
160,70,syllables,lexicase,FALSE,20,elitize_generation_data,159,379,0.672,NA
161,70,syllables,lexicase,FALSE,20,elitize_generation_data,160,372,0.647,NA
162,70,syllables,lexicase,FALSE,20,elitize_generation_data,161,411,0.667,NA
163,70,syllables,lexicase,FALSE,20,elitize_generation_data,162,371,0.648,NA
164,70,syllables,lexicase,FALSE,20,elitize_generation_data,163,379,0.656,NA
165,70,syllables,lexicase,FALSE,20,elitize_generation_data,164,381,0.662,NA
166,70,syllables,lexicase,FALSE,20,elitize_generation_data,165,393,0.681,NA
167,70,syllables,lexicase,FALSE,20,elitize_generation_data,166,372,0.655,NA
168,70,syllables,lexicase,FALSE,20,elitize_generation_data,167,393,0.675,NA
169,70,syllables,lexicase,FALSE,20,elitize_generation_data,168,396,0.704,NA
170,70,syllables,lexicase,FALSE,20,elitize_generation_data,169,382,0.69,NA
171,70,syllables,lexicase,FALSE,20,elitize_generation_data,170,379,0.675,NA
172,70,syllables,lexicase,FALSE,20,elitize_generation_data,171,394,0.678,NA
173,70,syllables,lexicase,FALSE,20,elitize_generation_data,172,380,0.679,NA
174,70,syllables,lexicase,FALSE,20,elitize_generation_data,173,390,0.69,NA
175,70,syllables,lexicase,FALSE,20,elitize_generation_data,174,379,0.66,NA
176,70,syllables,lexicase,FALSE,20,elitize_generation_data,175,382,0.669,NA
177,70,syllables,lexicase,FALSE,20,elitize_generation_data,176,383,0.671,NA
178,70,syllables,lexicase,FALSE,20,elitize_generation_data,177,374,0.656,NA
179,70,syllables,lexicase,FALSE,20,elitize_generation_data,178,381,0.656,NA
180,70,syllables,lexicase,FALSE,20,elitize_generation_data,179,395,0.667,NA
181,70,syllables,lexicase,FALSE,20,elitize_generation_data,180,394,0.684,NA
182,70,syllables,lexicase,FALSE,20,elitize_generation_data,181,377,0.665,NA
183,70,syllables,lexicase,FALSE,20,elitize_generation_data,182,369,0.673,NA
184,70,syllables,lexicase,FALSE,20,elitize_generation_data,183,393,0.669,NA
185,70,syllables,lexicase,FALSE,20,elitize_generation_data,184,383,0.684,NA
186,70,syllables,lexicase,FALSE,20,elitize_generation_data,185,387,0.677,NA
187,70,syllables,lexicase,FALSE,20,elitize_generation_data,186,362,0.66,NA
188,70,syllables,lexicase,FALSE,20,elitize_generation_data,187,379,0.671,NA
189,70,syllables,lexicase,FALSE,20,elitize_generation_data,188,390,0.664,NA
190,70,syllables,lexicase,FALSE,20,elitize_generation_data,189,381,0.648,NA
191,70,syllables,lexicase,FALSE,20,elitize_generation_data,190,404,0.674,NA
192,70,syllables,lexicase,FALSE,20,elitize_generation_data,191,401,0.692,NA
193,70,syllables,lexicase,FALSE,20,elitize_generation_data,192,389,0.667,NA
194,70,syllables,lexicase,FALSE,20,elitize_generation_data,193,391,0.664,NA
195,70,syllables,lexicase,FALSE,20,elitize_generation_data,194,409,0.65,NA
196,70,syllables,lexicase,FALSE,20,elitize_generation_data,195,406,0.687,NA
197,70,syllables,lexicase,FALSE,20,elitize_generation_data,196,392,0.68,NA
198,70,syllables,lexicase,FALSE,20,elitize_generation_data,197,385,0.687,NA
199,70,syllables,lexicase,FALSE,20,elitize_generation_data,198,406,0.687,NA
200,70,syllables,lexicase,FALSE,20,elitize_generation_data,199,402,0.675,NA
201,70,syllables,lexicase,FALSE,20,elitize_generation_data,200,404,0.691,NA
202,70,syllables,lexicase,FALSE,20,elitize_generation_data,201,412,0.691,NA
203,70,syllables,lexicase,FALSE,20,elitize_generation_data,202,385,0.652,NA
204,70,syllables,lexicase,FALSE,20,elitize_generation_data,203,396,0.688,NA
205,70,syllables,lexicase,FALSE,20,elitize_generation_data,204,410,0.689,NA
206,70,syllables,lexicase,FALSE,20,elitize_generation_data,205,405,0.67,NA
207,70,syllables,lexicase,FALSE,20,elitize_generation_data,206,385,0.68,NA
208,70,syllables,lexicase,FALSE,20,elitize_generation_data,207,373,0.654,NA
209,70,syllables,lexicase,FALSE,20,elitize_generation_data,208,393,0.688,NA
210,70,syllables,lexicase,FALSE,20,elitize_generation_data,209,405,0.665,NA
211,70,syllables,lexicase,FALSE,20,elitize_generation_data,210,391,0.666,NA
212,70,syllables,lexicase,FALSE,20,elitize_generation_data,211,396,0.676,NA
213,70,syllables,lexicase,FALSE,20,elitize_generation_data,212,383,0.659,NA
214,70,syllables,lexicase,FALSE,20,elitize_generation_data,213,395,0.648,NA
215,70,syllables,lexicase,FALSE,20,elitize_generation_data,214,398,0.662,NA
216,70,syllables,lexicase,FALSE,20,elitize_generation_data,215,390,0.667,NA
217,70,syllables,lexicase,FALSE,20,elitize_generation_data,216,393,0.648,NA
218,70,syllables,lexicase,FALSE,20,elitize_generation_data,217,398,0.655,NA
219,70,syllables,lexicase,FALSE,20,elitize_generation_data,218,392,0.663,NA
220,70,syllables,lexicase,FALSE,20,elitize_generation_data,219,392,0.668,NA
221,70,syllables,lexicase,FALSE,20,elitize_generation_data,220,379,0.686,NA
222,70,syllables,lexicase,FALSE,20,elitize_generation_data,221,384,0.684,NA
223,70,syllables,lexicase,FALSE,20,elitize_generation_data,222,388,0.673,NA
224,70,syllables,lexicase,FALSE,20,elitize_generation_data,223,359,0.647,NA
225,70,syllables,lexicase,FALSE,20,elitize_generation_data,224,364,0.639,NA
226,70,syllables,lexicase,FALSE,20,elitize_generation_data,225,385,0.648,NA
227,70,syllables,lexicase,FALSE,20,elitize_generation_data,226,391,0.666,NA
228,70,syllables,lexicase,FALSE,20,elitize_generation_data,227,403,0.675,NA
229,70,syllables,lexicase,FALSE,20,elitize_generation_data,228,405,0.658,NA
230,70,syllables,lexicase,FALSE,20,elitize_generation_data,229,403,0.673,NA
231,70,syllables,lexicase,FALSE,20,elitize_generation_data,230,363,0.637,NA
232,70,syllables,lexicase,FALSE,20,elitize_generation_data,231,379,0.668,NA
233,70,syllables,lexicase,FALSE,20,elitize_generation_data,232,377,0.663,NA
234,70,syllables,lexicase,FALSE,20,elitize_generation_data,233,392,0.669,NA
235,70,syllables,lexicase,FALSE,20,elitize_generation_data,234,399,0.683,NA
236,70,syllables,lexicase,FALSE,20,elitize_generation_data,235,397,0.674,NA
237,70,syllables,lexicase,FALSE,20,elitize_generation_data,236,396,0.668,NA
238,70,syllables,lexicase,FALSE,20,elitize_generation_data,237,371,0.636,NA
239,70,syllables,lexicase,FALSE,20,elitize_generation_data,238,360,0.644,NA
240,70,syllables,lexicase,FALSE,20,elitize_generation_data,239,393,0.657,NA
241,70,syllables,lexicase,FALSE,20,elitize_generation_data,240,380,0.662,NA
242,70,syllables,lexicase,FALSE,20,elitize_generation_data,241,391,0.67,NA
243,70,syllables,lexicase,FALSE,20,elitize_generation_data,242,393,0.674,NA
244,70,syllables,lexicase,FALSE,20,elitize_generation_data,243,387,0.624,NA
245,70,syllables,lexicase,FALSE,20,elitize_generation_data,244,388,0.652,NA
246,70,syllables,lexicase,FALSE,20,elitize_generation_data,245,387,0.669,NA
247,70,syllables,lexicase,FALSE,20,elitize_generation_data,246,384,0.682,NA
248,70,syllables,lexicase,FALSE,20,elitize_generation_data,247,390,0.65,NA
249,70,syllables,lexicase,FALSE,20,elitize_generation_data,248,403,0.677,NA
250,70,syllables,lexicase,FALSE,20,elitize_generation_data,249,365,0.643,NA
251,70,syllables,lexicase,FALSE,20,elitize_generation_data,250,400,0.67,NA
252,70,syllables,lexicase,FALSE,20,elitize_generation_data,251,387,0.643,NA
253,70,syllables,lexicase,FALSE,20,elitize_generation_data,252,382,0.642,NA
254,70,syllables,lexicase,FALSE,20,elitize_generation_data,253,398,0.672,NA
255,70,syllables,lexicase,FALSE,20,elitize_generation_data,254,368,0.641,NA
256,70,syllables,lexicase,FALSE,20,elitize_generation_data,255,398,0.662,NA
257,70,syllables,lexicase,FALSE,20,elitize_generation_data,256,394,0.654,NA
258,70,syllables,lexicase,FALSE,20,elitize_generation_data,257,376,0.641,NA
259,70,syllables,lexicase,FALSE,20,elitize_generation_data,258,387,0.67,NA
260,70,syllables,lexicase,FALSE,20,elitize_generation_data,259,378,0.659,NA
261,70,syllables,lexicase,FALSE,20,elitize_generation_data,260,366,0.637,NA
262,70,syllables,lexicase,FALSE,20,elitize_generation_data,261,377,0.663,NA
263,70,syllables,lexicase,FALSE,20,elitize_generation_data,262,381,0.642,NA
264,70,syllables,lexicase,FALSE,20,elitize_generation_data,263,369,0.666,NA
265,70,syllables,lexicase,FALSE,20,elitize_generation_data,264,392,0.66,NA
266,70,syllables,lexicase,FALSE,20,elitize_generation_data,265,393,0.668,NA
267,70,syllables,lexicase,FALSE,20,elitize_generation_data,266,369,0.641,NA
268,70,syllables,lexicase,FALSE,20,elitize_generation_data,267,372,0.662,NA
269,70,syllables,lexicase,FALSE,20,elitize_generation_data,268,389,0.662,NA
270,70,syllables,lexicase,FALSE,20,elitize_generation_data,269,384,0.661,NA
271,70,syllables,lexicase,FALSE,20,elitize_generation_data,270,383,0.636,NA
272,70,syllables,lexicase,FALSE,20,elitize_generation_data,271,381,0.639,NA
273,70,syllables,lexicase,FALSE,20,elitize_generation_data,272,387,0.658,NA
274,70,syllables,lexicase,FALSE,20,elitize_generation_data,273,383,0.658,NA
275,70,syllables,lexicase,FALSE,20,elitize_generation_data,274,393,0.667,NA
276,70,syllables,lexicase,FALSE,20,elitize_generation_data,275,374,0.653,NA
277,70,syllables,lexicase,FALSE,20,elitize_generation_data,276,383,0.653,NA
278,70,syllables,lexicase,FALSE,20,elitize_generation_data,277,371,0.643,NA
279,70,syllables,lexicase,FALSE,20,elitize_generation_data,278,387,0.639,NA
280,70,syllables,lexicase,FALSE,20,elitize_generation_data,279,393,0.647,NA
281,70,syllables,lexicase,FALSE,20,elitize_generation_data,280,368,0.641,NA
282,70,syllables,lexicase,FALSE,20,elitize_generation_data,281,367,0.641,NA
283,70,syllables,lexicase,FALSE,20,elitize_generation_data,282,386,0.643,NA
284,70,syllables,lexicase,FALSE,20,elitize_generation_data,283,368,0.644,NA
285,70,syllables,lexicase,FALSE,20,elitize_generation_data,284,359,0.636,NA
286,70,syllables,lexicase,FALSE,20,elitize_generation_data,285,381,0.652,NA
287,70,syllables,lexicase,FALSE,20,elitize_generation_data,286,394,0.662,NA
288,70,syllables,lexicase,FALSE,20,elitize_generation_data,287,381,0.63,NA
289,70,syllables,lexicase,FALSE,20,elitize_generation_data,288,379,0.63,NA
290,70,syllables,lexicase,FALSE,20,elitize_generation_data,289,398,0.653,NA
291,70,syllables,lexicase,FALSE,20,elitize_generation_data,290,384,0.661,NA
292,70,syllables,lexicase,FALSE,20,elitize_generation_data,291,376,0.644,NA
293,70,syllables,lexicase,FALSE,20,elitize_generation_data,292,380,0.638,NA
294,70,syllables,lexicase,FALSE,20,elitize_generation_data,293,362,0.65,NA
295,70,syllables,lexicase,FALSE,20,elitize_generation_data,294,380,0.625,NA
296,70,syllables,lexicase,FALSE,20,elitize_generation_data,295,403,0.648,NA
297,70,syllables,lexicase,FALSE,20,elitize_generation_data,296,380,0.636,NA
298,70,syllables,lexicase,FALSE,20,elitize_generation_data,297,368,0.638,NA
299,70,syllables,lexicase,FALSE,20,elitize_generation_data,298,355,0.639,NA
300,70,syllables,lexicase,FALSE,20,elitize_generation_data,299,378,0.649,NA
301,70,syllables,lexicase,FALSE,20,elitize_generation_data,300,377,0.658,NA
