,run.num,problem,treatment,succeeded,height,normalization.function,generation,cluster.count,error.diversity,success.generation
1,61,syllables,lexicase,FALSE,20,elitize_generation_data,0,4,0.276,NA
2,61,syllables,lexicase,FALSE,20,elitize_generation_data,1,8,0.052,NA
3,61,syllables,lexicase,FALSE,20,elitize_generation_data,2,8,0.087,NA
4,61,syllables,lexicase,FALSE,20,elitize_generation_data,3,9,0.079,NA
5,61,syllables,lexicase,FALSE,20,elitize_generation_data,4,9,0.097,NA
6,61,syllables,lexicase,FALSE,20,elitize_generation_data,5,9,0.144,NA
7,61,syllables,lexicase,FALSE,20,elitize_generation_data,6,10,0.147,NA
8,61,syllables,lexicase,FALSE,20,elitize_generation_data,7,14,0.166,NA
9,61,syllables,lexicase,FALSE,20,elitize_generation_data,8,18,0.183,NA
10,61,syllables,lexicase,FALSE,20,elitize_generation_data,9,17,0.191,NA
11,61,syllables,lexicase,FALSE,20,elitize_generation_data,10,17,0.19,NA
12,61,syllables,lexicase,FALSE,20,elitize_generation_data,11,18,0.206,NA
13,61,syllables,lexicase,FALSE,20,elitize_generation_data,12,18,0.194,NA
14,61,syllables,lexicase,FALSE,20,elitize_generation_data,13,20,0.228,NA
15,61,syllables,lexicase,FALSE,20,elitize_generation_data,14,24,0.307,NA
16,61,syllables,lexicase,FALSE,20,elitize_generation_data,15,30,0.4,NA
17,61,syllables,lexicase,FALSE,20,elitize_generation_data,16,41,0.46,NA
18,61,syllables,lexicase,FALSE,20,elitize_generation_data,17,75,0.564,NA
19,61,syllables,lexicase,FALSE,20,elitize_generation_data,18,101,0.589,NA
20,61,syllables,lexicase,FALSE,20,elitize_generation_data,19,142,0.647,NA
21,61,syllables,lexicase,FALSE,20,elitize_generation_data,20,179,0.684,NA
22,61,syllables,lexicase,FALSE,20,elitize_generation_data,21,206,0.703,NA
23,61,syllables,lexicase,FALSE,20,elitize_generation_data,22,228,0.72,NA
24,61,syllables,lexicase,FALSE,20,elitize_generation_data,23,261,0.766,NA
25,61,syllables,lexicase,FALSE,20,elitize_generation_data,24,287,0.779,NA
26,61,syllables,lexicase,FALSE,20,elitize_generation_data,25,310,0.764,NA
27,61,syllables,lexicase,FALSE,20,elitize_generation_data,26,313,0.741,NA
28,61,syllables,lexicase,FALSE,20,elitize_generation_data,27,340,0.775,NA
29,61,syllables,lexicase,FALSE,20,elitize_generation_data,28,356,0.778,NA
30,61,syllables,lexicase,FALSE,20,elitize_generation_data,29,363,0.767,NA
31,61,syllables,lexicase,FALSE,20,elitize_generation_data,30,376,0.748,NA
32,61,syllables,lexicase,FALSE,20,elitize_generation_data,31,373,0.767,NA
33,61,syllables,lexicase,FALSE,20,elitize_generation_data,32,391,0.78,NA
34,61,syllables,lexicase,FALSE,20,elitize_generation_data,33,407,0.762,NA
35,61,syllables,lexicase,FALSE,20,elitize_generation_data,34,413,0.772,NA
36,61,syllables,lexicase,FALSE,20,elitize_generation_data,35,430,0.782,NA
37,61,syllables,lexicase,FALSE,20,elitize_generation_data,36,405,0.749,NA
38,61,syllables,lexicase,FALSE,20,elitize_generation_data,37,415,0.758,NA
39,61,syllables,lexicase,FALSE,20,elitize_generation_data,38,413,0.779,NA
40,61,syllables,lexicase,FALSE,20,elitize_generation_data,39,442,0.799,NA
41,61,syllables,lexicase,FALSE,20,elitize_generation_data,40,441,0.793,NA
42,61,syllables,lexicase,FALSE,20,elitize_generation_data,41,440,0.805,NA
43,61,syllables,lexicase,FALSE,20,elitize_generation_data,42,417,0.76,NA
44,61,syllables,lexicase,FALSE,20,elitize_generation_data,43,427,0.779,NA
45,61,syllables,lexicase,FALSE,20,elitize_generation_data,44,452,0.814,NA
46,61,syllables,lexicase,FALSE,20,elitize_generation_data,45,456,0.785,NA
47,61,syllables,lexicase,FALSE,20,elitize_generation_data,46,459,0.797,NA
48,61,syllables,lexicase,FALSE,20,elitize_generation_data,47,437,0.802,NA
49,61,syllables,lexicase,FALSE,20,elitize_generation_data,48,458,0.8,NA
50,61,syllables,lexicase,FALSE,20,elitize_generation_data,49,457,0.816,NA
51,61,syllables,lexicase,FALSE,20,elitize_generation_data,50,445,0.8,NA
52,61,syllables,lexicase,FALSE,20,elitize_generation_data,51,418,0.783,NA
53,61,syllables,lexicase,FALSE,20,elitize_generation_data,52,454,0.804,NA
54,61,syllables,lexicase,FALSE,20,elitize_generation_data,53,439,0.804,NA
55,61,syllables,lexicase,FALSE,20,elitize_generation_data,54,443,0.782,NA
56,61,syllables,lexicase,FALSE,20,elitize_generation_data,55,469,0.817,NA
57,61,syllables,lexicase,FALSE,20,elitize_generation_data,56,473,0.796,NA
58,61,syllables,lexicase,FALSE,20,elitize_generation_data,57,438,0.788,NA
59,61,syllables,lexicase,FALSE,20,elitize_generation_data,58,438,0.806,NA
60,61,syllables,lexicase,FALSE,20,elitize_generation_data,59,466,0.807,NA
61,61,syllables,lexicase,FALSE,20,elitize_generation_data,60,451,0.808,NA
62,61,syllables,lexicase,FALSE,20,elitize_generation_data,61,446,0.782,NA
63,61,syllables,lexicase,FALSE,20,elitize_generation_data,62,464,0.798,NA
64,61,syllables,lexicase,FALSE,20,elitize_generation_data,63,466,0.784,NA
65,61,syllables,lexicase,FALSE,20,elitize_generation_data,64,438,0.806,NA
66,61,syllables,lexicase,FALSE,20,elitize_generation_data,65,469,0.791,NA
67,61,syllables,lexicase,FALSE,20,elitize_generation_data,66,464,0.802,NA
68,61,syllables,lexicase,FALSE,20,elitize_generation_data,67,473,0.807,NA
69,61,syllables,lexicase,FALSE,20,elitize_generation_data,68,467,0.77,NA
70,61,syllables,lexicase,FALSE,20,elitize_generation_data,69,463,0.797,NA
71,61,syllables,lexicase,FALSE,20,elitize_generation_data,70,503,0.784,NA
72,61,syllables,lexicase,FALSE,20,elitize_generation_data,71,480,0.788,NA
73,61,syllables,lexicase,FALSE,20,elitize_generation_data,72,494,0.819,NA
74,61,syllables,lexicase,FALSE,20,elitize_generation_data,73,474,0.801,NA
75,61,syllables,lexicase,FALSE,20,elitize_generation_data,74,491,0.796,NA
76,61,syllables,lexicase,FALSE,20,elitize_generation_data,75,530,0.828,NA
77,61,syllables,lexicase,FALSE,20,elitize_generation_data,76,502,0.801,NA
78,61,syllables,lexicase,FALSE,20,elitize_generation_data,77,514,0.807,NA
79,61,syllables,lexicase,FALSE,20,elitize_generation_data,78,518,0.806,NA
80,61,syllables,lexicase,FALSE,20,elitize_generation_data,79,536,0.82,NA
81,61,syllables,lexicase,FALSE,20,elitize_generation_data,80,519,0.81,NA
82,61,syllables,lexicase,FALSE,20,elitize_generation_data,81,517,0.794,NA
83,61,syllables,lexicase,FALSE,20,elitize_generation_data,82,529,0.805,NA
84,61,syllables,lexicase,FALSE,20,elitize_generation_data,83,520,0.791,NA
85,61,syllables,lexicase,FALSE,20,elitize_generation_data,84,545,0.809,NA
86,61,syllables,lexicase,FALSE,20,elitize_generation_data,85,529,0.809,NA
87,61,syllables,lexicase,FALSE,20,elitize_generation_data,86,519,0.794,NA
88,61,syllables,lexicase,FALSE,20,elitize_generation_data,87,493,0.789,NA
89,61,syllables,lexicase,FALSE,20,elitize_generation_data,88,527,0.842,NA
90,61,syllables,lexicase,FALSE,20,elitize_generation_data,89,569,0.848,NA
91,61,syllables,lexicase,FALSE,20,elitize_generation_data,90,537,0.832,NA
92,61,syllables,lexicase,FALSE,20,elitize_generation_data,91,536,0.817,NA
93,61,syllables,lexicase,FALSE,20,elitize_generation_data,92,556,0.848,NA
94,61,syllables,lexicase,FALSE,20,elitize_generation_data,93,547,0.841,NA
95,61,syllables,lexicase,FALSE,20,elitize_generation_data,94,534,0.826,NA
96,61,syllables,lexicase,FALSE,20,elitize_generation_data,95,579,0.839,NA
97,61,syllables,lexicase,FALSE,20,elitize_generation_data,96,545,0.823,NA
98,61,syllables,lexicase,FALSE,20,elitize_generation_data,97,573,0.844,NA
99,61,syllables,lexicase,FALSE,20,elitize_generation_data,98,598,0.836,NA
100,61,syllables,lexicase,FALSE,20,elitize_generation_data,99,568,0.826,NA
101,61,syllables,lexicase,FALSE,20,elitize_generation_data,100,591,0.842,NA
102,61,syllables,lexicase,FALSE,20,elitize_generation_data,101,577,0.836,NA
103,61,syllables,lexicase,FALSE,20,elitize_generation_data,102,573,0.825,NA
104,61,syllables,lexicase,FALSE,20,elitize_generation_data,103,577,0.817,NA
105,61,syllables,lexicase,FALSE,20,elitize_generation_data,104,573,0.828,NA
106,61,syllables,lexicase,FALSE,20,elitize_generation_data,105,583,0.845,NA
107,61,syllables,lexicase,FALSE,20,elitize_generation_data,106,573,0.839,NA
108,61,syllables,lexicase,FALSE,20,elitize_generation_data,107,566,0.824,NA
109,61,syllables,lexicase,FALSE,20,elitize_generation_data,108,574,0.819,NA
110,61,syllables,lexicase,FALSE,20,elitize_generation_data,109,567,0.838,NA
111,61,syllables,lexicase,FALSE,20,elitize_generation_data,110,560,0.828,NA
112,61,syllables,lexicase,FALSE,20,elitize_generation_data,111,572,0.833,NA
113,61,syllables,lexicase,FALSE,20,elitize_generation_data,112,572,0.819,NA
114,61,syllables,lexicase,FALSE,20,elitize_generation_data,113,582,0.812,NA
115,61,syllables,lexicase,FALSE,20,elitize_generation_data,114,558,0.821,NA
116,61,syllables,lexicase,FALSE,20,elitize_generation_data,115,586,0.815,NA
117,61,syllables,lexicase,FALSE,20,elitize_generation_data,116,586,0.847,NA
118,61,syllables,lexicase,FALSE,20,elitize_generation_data,117,629,0.856,NA
119,61,syllables,lexicase,FALSE,20,elitize_generation_data,118,580,0.836,NA
120,61,syllables,lexicase,FALSE,20,elitize_generation_data,119,594,0.841,NA
121,61,syllables,lexicase,FALSE,20,elitize_generation_data,120,580,0.831,NA
122,61,syllables,lexicase,FALSE,20,elitize_generation_data,121,605,0.842,NA
123,61,syllables,lexicase,FALSE,20,elitize_generation_data,122,568,0.837,NA
124,61,syllables,lexicase,FALSE,20,elitize_generation_data,123,574,0.819,NA
125,61,syllables,lexicase,FALSE,20,elitize_generation_data,124,584,0.806,NA
126,61,syllables,lexicase,FALSE,20,elitize_generation_data,125,571,0.815,NA
127,61,syllables,lexicase,FALSE,20,elitize_generation_data,126,603,0.851,NA
128,61,syllables,lexicase,FALSE,20,elitize_generation_data,127,618,0.833,NA
129,61,syllables,lexicase,FALSE,20,elitize_generation_data,128,595,0.816,NA
130,61,syllables,lexicase,FALSE,20,elitize_generation_data,129,576,0.838,NA
131,61,syllables,lexicase,FALSE,20,elitize_generation_data,130,587,0.841,NA
132,61,syllables,lexicase,FALSE,20,elitize_generation_data,131,599,0.823,NA
133,61,syllables,lexicase,FALSE,20,elitize_generation_data,132,583,0.814,NA
134,61,syllables,lexicase,FALSE,20,elitize_generation_data,133,591,0.831,NA
135,61,syllables,lexicase,FALSE,20,elitize_generation_data,134,578,0.83,NA
136,61,syllables,lexicase,FALSE,20,elitize_generation_data,135,586,0.837,NA
137,61,syllables,lexicase,FALSE,20,elitize_generation_data,136,568,0.824,NA
138,61,syllables,lexicase,FALSE,20,elitize_generation_data,137,599,0.829,NA
139,61,syllables,lexicase,FALSE,20,elitize_generation_data,138,565,0.835,NA
140,61,syllables,lexicase,FALSE,20,elitize_generation_data,139,568,0.824,NA
141,61,syllables,lexicase,FALSE,20,elitize_generation_data,140,578,0.817,NA
142,61,syllables,lexicase,FALSE,20,elitize_generation_data,141,578,0.837,NA
143,61,syllables,lexicase,FALSE,20,elitize_generation_data,142,571,0.833,NA
144,61,syllables,lexicase,FALSE,20,elitize_generation_data,143,565,0.829,NA
145,61,syllables,lexicase,FALSE,20,elitize_generation_data,144,601,0.854,NA
146,61,syllables,lexicase,FALSE,20,elitize_generation_data,145,593,0.826,NA
147,61,syllables,lexicase,FALSE,20,elitize_generation_data,146,585,0.829,NA
148,61,syllables,lexicase,FALSE,20,elitize_generation_data,147,574,0.807,NA
149,61,syllables,lexicase,FALSE,20,elitize_generation_data,148,565,0.8,NA
150,61,syllables,lexicase,FALSE,20,elitize_generation_data,149,583,0.821,NA
151,61,syllables,lexicase,FALSE,20,elitize_generation_data,150,553,0.806,NA
152,61,syllables,lexicase,FALSE,20,elitize_generation_data,151,550,0.791,NA
153,61,syllables,lexicase,FALSE,20,elitize_generation_data,152,544,0.8,NA
154,61,syllables,lexicase,FALSE,20,elitize_generation_data,153,537,0.806,NA
155,61,syllables,lexicase,FALSE,20,elitize_generation_data,154,556,0.794,NA
156,61,syllables,lexicase,FALSE,20,elitize_generation_data,155,568,0.803,NA
157,61,syllables,lexicase,FALSE,20,elitize_generation_data,156,546,0.809,NA
158,61,syllables,lexicase,FALSE,20,elitize_generation_data,157,554,0.803,NA
159,61,syllables,lexicase,FALSE,20,elitize_generation_data,158,527,0.792,NA
160,61,syllables,lexicase,FALSE,20,elitize_generation_data,159,559,0.795,NA
161,61,syllables,lexicase,FALSE,20,elitize_generation_data,160,539,0.784,NA
162,61,syllables,lexicase,FALSE,20,elitize_generation_data,161,542,0.811,NA
163,61,syllables,lexicase,FALSE,20,elitize_generation_data,162,568,0.823,NA
164,61,syllables,lexicase,FALSE,20,elitize_generation_data,163,546,0.823,NA
165,61,syllables,lexicase,FALSE,20,elitize_generation_data,164,555,0.822,NA
166,61,syllables,lexicase,FALSE,20,elitize_generation_data,165,554,0.811,NA
167,61,syllables,lexicase,FALSE,20,elitize_generation_data,166,550,0.811,NA
168,61,syllables,lexicase,FALSE,20,elitize_generation_data,167,550,0.801,NA
169,61,syllables,lexicase,FALSE,20,elitize_generation_data,168,538,0.806,NA
170,61,syllables,lexicase,FALSE,20,elitize_generation_data,169,544,0.796,NA
171,61,syllables,lexicase,FALSE,20,elitize_generation_data,170,552,0.803,NA
172,61,syllables,lexicase,FALSE,20,elitize_generation_data,171,544,0.815,NA
173,61,syllables,lexicase,FALSE,20,elitize_generation_data,172,552,0.822,NA
174,61,syllables,lexicase,FALSE,20,elitize_generation_data,173,553,0.807,NA
175,61,syllables,lexicase,FALSE,20,elitize_generation_data,174,566,0.822,NA
176,61,syllables,lexicase,FALSE,20,elitize_generation_data,175,547,0.808,NA
177,61,syllables,lexicase,FALSE,20,elitize_generation_data,176,547,0.796,NA
178,61,syllables,lexicase,FALSE,20,elitize_generation_data,177,567,0.813,NA
179,61,syllables,lexicase,FALSE,20,elitize_generation_data,178,561,0.818,NA
180,61,syllables,lexicase,FALSE,20,elitize_generation_data,179,559,0.797,NA
181,61,syllables,lexicase,FALSE,20,elitize_generation_data,180,530,0.789,NA
182,61,syllables,lexicase,FALSE,20,elitize_generation_data,181,508,0.777,NA
183,61,syllables,lexicase,FALSE,20,elitize_generation_data,182,548,0.81,NA
184,61,syllables,lexicase,FALSE,20,elitize_generation_data,183,533,0.799,NA
185,61,syllables,lexicase,FALSE,20,elitize_generation_data,184,530,0.784,NA
186,61,syllables,lexicase,FALSE,20,elitize_generation_data,185,547,0.833,NA
187,61,syllables,lexicase,FALSE,20,elitize_generation_data,186,521,0.776,NA
188,61,syllables,lexicase,FALSE,20,elitize_generation_data,187,532,0.804,NA
189,61,syllables,lexicase,FALSE,20,elitize_generation_data,188,552,0.82,NA
190,61,syllables,lexicase,FALSE,20,elitize_generation_data,189,519,0.79,NA
191,61,syllables,lexicase,FALSE,20,elitize_generation_data,190,543,0.801,NA
192,61,syllables,lexicase,FALSE,20,elitize_generation_data,191,524,0.795,NA
193,61,syllables,lexicase,FALSE,20,elitize_generation_data,192,516,0.779,NA
194,61,syllables,lexicase,FALSE,20,elitize_generation_data,193,527,0.787,NA
195,61,syllables,lexicase,FALSE,20,elitize_generation_data,194,539,0.792,NA
196,61,syllables,lexicase,FALSE,20,elitize_generation_data,195,522,0.813,NA
197,61,syllables,lexicase,FALSE,20,elitize_generation_data,196,517,0.789,NA
198,61,syllables,lexicase,FALSE,20,elitize_generation_data,197,521,0.783,NA
199,61,syllables,lexicase,FALSE,20,elitize_generation_data,198,529,0.782,NA
200,61,syllables,lexicase,FALSE,20,elitize_generation_data,199,541,0.795,NA
201,61,syllables,lexicase,FALSE,20,elitize_generation_data,200,534,0.788,NA
202,61,syllables,lexicase,FALSE,20,elitize_generation_data,201,539,0.791,NA
203,61,syllables,lexicase,FALSE,20,elitize_generation_data,202,537,0.816,NA
204,61,syllables,lexicase,FALSE,20,elitize_generation_data,203,543,0.795,NA
205,61,syllables,lexicase,FALSE,20,elitize_generation_data,204,552,0.817,NA
206,61,syllables,lexicase,FALSE,20,elitize_generation_data,205,527,0.809,NA
207,61,syllables,lexicase,FALSE,20,elitize_generation_data,206,505,0.78,NA
208,61,syllables,lexicase,FALSE,20,elitize_generation_data,207,524,0.796,NA
209,61,syllables,lexicase,FALSE,20,elitize_generation_data,208,507,0.799,NA
210,61,syllables,lexicase,FALSE,20,elitize_generation_data,209,504,0.8,NA
211,61,syllables,lexicase,FALSE,20,elitize_generation_data,210,527,0.793,NA
212,61,syllables,lexicase,FALSE,20,elitize_generation_data,211,522,0.785,NA
213,61,syllables,lexicase,FALSE,20,elitize_generation_data,212,531,0.791,NA
214,61,syllables,lexicase,FALSE,20,elitize_generation_data,213,535,0.809,NA
215,61,syllables,lexicase,FALSE,20,elitize_generation_data,214,512,0.788,NA
216,61,syllables,lexicase,FALSE,20,elitize_generation_data,215,531,0.81,NA
217,61,syllables,lexicase,FALSE,20,elitize_generation_data,216,509,0.795,NA
218,61,syllables,lexicase,FALSE,20,elitize_generation_data,217,520,0.807,NA
219,61,syllables,lexicase,FALSE,20,elitize_generation_data,218,515,0.805,NA
220,61,syllables,lexicase,FALSE,20,elitize_generation_data,219,545,0.824,NA
221,61,syllables,lexicase,FALSE,20,elitize_generation_data,220,514,0.793,NA
222,61,syllables,lexicase,FALSE,20,elitize_generation_data,221,536,0.824,NA
223,61,syllables,lexicase,FALSE,20,elitize_generation_data,222,514,0.805,NA
224,61,syllables,lexicase,FALSE,20,elitize_generation_data,223,544,0.804,NA
225,61,syllables,lexicase,FALSE,20,elitize_generation_data,224,528,0.819,NA
226,61,syllables,lexicase,FALSE,20,elitize_generation_data,225,535,0.817,NA
227,61,syllables,lexicase,FALSE,20,elitize_generation_data,226,530,0.808,NA
228,61,syllables,lexicase,FALSE,20,elitize_generation_data,227,545,0.811,NA
229,61,syllables,lexicase,FALSE,20,elitize_generation_data,228,527,0.783,NA
230,61,syllables,lexicase,FALSE,20,elitize_generation_data,229,530,0.789,NA
231,61,syllables,lexicase,FALSE,20,elitize_generation_data,230,510,0.792,NA
232,61,syllables,lexicase,FALSE,20,elitize_generation_data,231,524,0.797,NA
233,61,syllables,lexicase,FALSE,20,elitize_generation_data,232,538,0.804,NA
234,61,syllables,lexicase,FALSE,20,elitize_generation_data,233,515,0.771,NA
235,61,syllables,lexicase,FALSE,20,elitize_generation_data,234,530,0.81,NA
236,61,syllables,lexicase,FALSE,20,elitize_generation_data,235,519,0.8,NA
237,61,syllables,lexicase,FALSE,20,elitize_generation_data,236,516,0.799,NA
238,61,syllables,lexicase,FALSE,20,elitize_generation_data,237,493,0.79,NA
239,61,syllables,lexicase,FALSE,20,elitize_generation_data,238,520,0.798,NA
240,61,syllables,lexicase,FALSE,20,elitize_generation_data,239,522,0.791,NA
241,61,syllables,lexicase,FALSE,20,elitize_generation_data,240,529,0.794,NA
242,61,syllables,lexicase,FALSE,20,elitize_generation_data,241,532,0.799,NA
243,61,syllables,lexicase,FALSE,20,elitize_generation_data,242,555,0.827,NA
244,61,syllables,lexicase,FALSE,20,elitize_generation_data,243,529,0.822,NA
245,61,syllables,lexicase,FALSE,20,elitize_generation_data,244,543,0.783,NA
246,61,syllables,lexicase,FALSE,20,elitize_generation_data,245,522,0.797,NA
247,61,syllables,lexicase,FALSE,20,elitize_generation_data,246,544,0.816,NA
248,61,syllables,lexicase,FALSE,20,elitize_generation_data,247,541,0.783,NA
249,61,syllables,lexicase,FALSE,20,elitize_generation_data,248,525,0.783,NA
250,61,syllables,lexicase,FALSE,20,elitize_generation_data,249,503,0.789,NA
251,61,syllables,lexicase,FALSE,20,elitize_generation_data,250,515,0.783,NA
252,61,syllables,lexicase,FALSE,20,elitize_generation_data,251,527,0.795,NA
253,61,syllables,lexicase,FALSE,20,elitize_generation_data,252,541,0.782,NA
254,61,syllables,lexicase,FALSE,20,elitize_generation_data,253,526,0.769,NA
255,61,syllables,lexicase,FALSE,20,elitize_generation_data,254,511,0.792,NA
256,61,syllables,lexicase,FALSE,20,elitize_generation_data,255,526,0.788,NA
257,61,syllables,lexicase,FALSE,20,elitize_generation_data,256,505,0.794,NA
258,61,syllables,lexicase,FALSE,20,elitize_generation_data,257,525,0.811,NA
259,61,syllables,lexicase,FALSE,20,elitize_generation_data,258,518,0.823,NA
260,61,syllables,lexicase,FALSE,20,elitize_generation_data,259,531,0.824,NA
261,61,syllables,lexicase,FALSE,20,elitize_generation_data,260,487,0.793,NA
262,61,syllables,lexicase,FALSE,20,elitize_generation_data,261,509,0.792,NA
263,61,syllables,lexicase,FALSE,20,elitize_generation_data,262,526,0.814,NA
264,61,syllables,lexicase,FALSE,20,elitize_generation_data,263,524,0.8,NA
265,61,syllables,lexicase,FALSE,20,elitize_generation_data,264,535,0.824,NA
266,61,syllables,lexicase,FALSE,20,elitize_generation_data,265,523,0.819,NA
267,61,syllables,lexicase,FALSE,20,elitize_generation_data,266,511,0.804,NA
268,61,syllables,lexicase,FALSE,20,elitize_generation_data,267,524,0.801,NA
269,61,syllables,lexicase,FALSE,20,elitize_generation_data,268,525,0.816,NA
270,61,syllables,lexicase,FALSE,20,elitize_generation_data,269,510,0.785,NA
271,61,syllables,lexicase,FALSE,20,elitize_generation_data,270,536,0.827,NA
272,61,syllables,lexicase,FALSE,20,elitize_generation_data,271,509,0.79,NA
273,61,syllables,lexicase,FALSE,20,elitize_generation_data,272,496,0.78,NA
274,61,syllables,lexicase,FALSE,20,elitize_generation_data,273,525,0.818,NA
275,61,syllables,lexicase,FALSE,20,elitize_generation_data,274,529,0.813,NA
276,61,syllables,lexicase,FALSE,20,elitize_generation_data,275,529,0.832,NA
277,61,syllables,lexicase,FALSE,20,elitize_generation_data,276,517,0.816,NA
278,61,syllables,lexicase,FALSE,20,elitize_generation_data,277,522,0.809,NA
279,61,syllables,lexicase,FALSE,20,elitize_generation_data,278,491,0.801,NA
280,61,syllables,lexicase,FALSE,20,elitize_generation_data,279,535,0.805,NA
281,61,syllables,lexicase,FALSE,20,elitize_generation_data,280,506,0.788,NA
282,61,syllables,lexicase,FALSE,20,elitize_generation_data,281,551,0.814,NA
283,61,syllables,lexicase,FALSE,20,elitize_generation_data,282,516,0.806,NA
284,61,syllables,lexicase,FALSE,20,elitize_generation_data,283,526,0.794,NA
285,61,syllables,lexicase,FALSE,20,elitize_generation_data,284,530,0.798,NA
286,61,syllables,lexicase,FALSE,20,elitize_generation_data,285,509,0.802,NA
287,61,syllables,lexicase,FALSE,20,elitize_generation_data,286,559,0.828,NA
288,61,syllables,lexicase,FALSE,20,elitize_generation_data,287,530,0.823,NA
289,61,syllables,lexicase,FALSE,20,elitize_generation_data,288,543,0.818,NA
290,61,syllables,lexicase,FALSE,20,elitize_generation_data,289,535,0.823,NA
291,61,syllables,lexicase,FALSE,20,elitize_generation_data,290,501,0.785,NA
292,61,syllables,lexicase,FALSE,20,elitize_generation_data,291,517,0.809,NA
293,61,syllables,lexicase,FALSE,20,elitize_generation_data,292,532,0.818,NA
294,61,syllables,lexicase,FALSE,20,elitize_generation_data,293,507,0.803,NA
295,61,syllables,lexicase,FALSE,20,elitize_generation_data,294,542,0.817,NA
296,61,syllables,lexicase,FALSE,20,elitize_generation_data,295,550,0.831,NA
297,61,syllables,lexicase,FALSE,20,elitize_generation_data,296,545,0.802,NA
298,61,syllables,lexicase,FALSE,20,elitize_generation_data,297,529,0.806,NA
299,61,syllables,lexicase,FALSE,20,elitize_generation_data,298,514,0.824,NA
300,61,syllables,lexicase,FALSE,20,elitize_generation_data,299,510,0.807,NA
301,61,syllables,lexicase,FALSE,20,elitize_generation_data,300,532,0.803,NA
