,run.num,problem,treatment,succeeded,height,normalization.function,generation,cluster.count,error.diversity,success.generation
1,26,syllables,lexicase,FALSE,20,elitize_generation_data,0,5,0.261,NA
2,26,syllables,lexicase,FALSE,20,elitize_generation_data,1,5,0.179,NA
3,26,syllables,lexicase,FALSE,20,elitize_generation_data,2,9,0.259,NA
4,26,syllables,lexicase,FALSE,20,elitize_generation_data,3,7,0.217,NA
5,26,syllables,lexicase,FALSE,20,elitize_generation_data,4,7,0.199,NA
6,26,syllables,lexicase,FALSE,20,elitize_generation_data,5,7,0.183,NA
7,26,syllables,lexicase,FALSE,20,elitize_generation_data,6,7,0.171,NA
8,26,syllables,lexicase,FALSE,20,elitize_generation_data,7,7,0.188,NA
9,26,syllables,lexicase,FALSE,20,elitize_generation_data,8,7,0.18,NA
10,26,syllables,lexicase,FALSE,20,elitize_generation_data,9,7,0.208,NA
11,26,syllables,lexicase,FALSE,20,elitize_generation_data,10,9,0.181,NA
12,26,syllables,lexicase,FALSE,20,elitize_generation_data,11,8,0.203,NA
13,26,syllables,lexicase,FALSE,20,elitize_generation_data,12,9,0.201,NA
14,26,syllables,lexicase,FALSE,20,elitize_generation_data,13,9,0.253,NA
15,26,syllables,lexicase,FALSE,20,elitize_generation_data,14,11,0.295,NA
16,26,syllables,lexicase,FALSE,20,elitize_generation_data,15,15,0.361,NA
17,26,syllables,lexicase,FALSE,20,elitize_generation_data,16,21,0.445,NA
18,26,syllables,lexicase,FALSE,20,elitize_generation_data,17,20,0.507,NA
19,26,syllables,lexicase,FALSE,20,elitize_generation_data,18,26,0.559,NA
20,26,syllables,lexicase,FALSE,20,elitize_generation_data,19,35,0.597,NA
21,26,syllables,lexicase,FALSE,20,elitize_generation_data,20,42,0.635,NA
22,26,syllables,lexicase,FALSE,20,elitize_generation_data,21,54,0.662,NA
23,26,syllables,lexicase,FALSE,20,elitize_generation_data,22,65,0.653,NA
24,26,syllables,lexicase,FALSE,20,elitize_generation_data,23,75,0.703,NA
25,26,syllables,lexicase,FALSE,20,elitize_generation_data,24,84,0.682,NA
26,26,syllables,lexicase,FALSE,20,elitize_generation_data,25,96,0.7,NA
27,26,syllables,lexicase,FALSE,20,elitize_generation_data,26,98,0.693,NA
28,26,syllables,lexicase,FALSE,20,elitize_generation_data,27,114,0.726,NA
29,26,syllables,lexicase,FALSE,20,elitize_generation_data,28,128,0.762,NA
30,26,syllables,lexicase,FALSE,20,elitize_generation_data,29,133,0.762,NA
31,26,syllables,lexicase,FALSE,20,elitize_generation_data,30,148,0.762,NA
32,26,syllables,lexicase,FALSE,20,elitize_generation_data,31,137,0.754,NA
33,26,syllables,lexicase,FALSE,20,elitize_generation_data,32,158,0.788,NA
34,26,syllables,lexicase,FALSE,20,elitize_generation_data,33,154,0.809,NA
35,26,syllables,lexicase,FALSE,20,elitize_generation_data,34,161,0.812,NA
36,26,syllables,lexicase,FALSE,20,elitize_generation_data,35,154,0.798,NA
37,26,syllables,lexicase,FALSE,20,elitize_generation_data,36,157,0.83,NA
38,26,syllables,lexicase,FALSE,20,elitize_generation_data,37,142,0.812,NA
39,26,syllables,lexicase,FALSE,20,elitize_generation_data,38,176,0.825,NA
40,26,syllables,lexicase,FALSE,20,elitize_generation_data,39,190,0.825,NA
41,26,syllables,lexicase,FALSE,20,elitize_generation_data,40,201,0.82,NA
42,26,syllables,lexicase,FALSE,20,elitize_generation_data,41,192,0.797,NA
43,26,syllables,lexicase,FALSE,20,elitize_generation_data,42,201,0.824,NA
44,26,syllables,lexicase,FALSE,20,elitize_generation_data,43,209,0.83,NA
45,26,syllables,lexicase,FALSE,20,elitize_generation_data,44,227,0.859,NA
46,26,syllables,lexicase,FALSE,20,elitize_generation_data,45,220,0.84,NA
47,26,syllables,lexicase,FALSE,20,elitize_generation_data,46,216,0.841,NA
48,26,syllables,lexicase,FALSE,20,elitize_generation_data,47,247,0.825,NA
49,26,syllables,lexicase,FALSE,20,elitize_generation_data,48,247,0.846,NA
50,26,syllables,lexicase,FALSE,20,elitize_generation_data,49,258,0.844,NA
51,26,syllables,lexicase,FALSE,20,elitize_generation_data,50,249,0.836,NA
52,26,syllables,lexicase,FALSE,20,elitize_generation_data,51,264,0.845,NA
53,26,syllables,lexicase,FALSE,20,elitize_generation_data,52,277,0.843,NA
54,26,syllables,lexicase,FALSE,20,elitize_generation_data,53,277,0.848,NA
55,26,syllables,lexicase,FALSE,20,elitize_generation_data,54,297,0.856,NA
56,26,syllables,lexicase,FALSE,20,elitize_generation_data,55,307,0.832,NA
57,26,syllables,lexicase,FALSE,20,elitize_generation_data,56,302,0.841,NA
58,26,syllables,lexicase,FALSE,20,elitize_generation_data,57,324,0.838,NA
59,26,syllables,lexicase,FALSE,20,elitize_generation_data,58,318,0.834,NA
60,26,syllables,lexicase,FALSE,20,elitize_generation_data,59,306,0.844,NA
61,26,syllables,lexicase,FALSE,20,elitize_generation_data,60,315,0.844,NA
62,26,syllables,lexicase,FALSE,20,elitize_generation_data,61,310,0.821,NA
63,26,syllables,lexicase,FALSE,20,elitize_generation_data,62,318,0.832,NA
64,26,syllables,lexicase,FALSE,20,elitize_generation_data,63,342,0.85,NA
65,26,syllables,lexicase,FALSE,20,elitize_generation_data,64,330,0.823,NA
66,26,syllables,lexicase,FALSE,20,elitize_generation_data,65,315,0.825,NA
67,26,syllables,lexicase,FALSE,20,elitize_generation_data,66,324,0.827,NA
68,26,syllables,lexicase,FALSE,20,elitize_generation_data,67,345,0.854,NA
69,26,syllables,lexicase,FALSE,20,elitize_generation_data,68,333,0.823,NA
70,26,syllables,lexicase,FALSE,20,elitize_generation_data,69,328,0.822,NA
71,26,syllables,lexicase,FALSE,20,elitize_generation_data,70,356,0.853,NA
72,26,syllables,lexicase,FALSE,20,elitize_generation_data,71,356,0.856,NA
73,26,syllables,lexicase,FALSE,20,elitize_generation_data,72,332,0.851,NA
74,26,syllables,lexicase,FALSE,20,elitize_generation_data,73,369,0.832,NA
75,26,syllables,lexicase,FALSE,20,elitize_generation_data,74,362,0.834,NA
76,26,syllables,lexicase,FALSE,20,elitize_generation_data,75,392,0.833,NA
77,26,syllables,lexicase,FALSE,20,elitize_generation_data,76,390,0.815,NA
78,26,syllables,lexicase,FALSE,20,elitize_generation_data,77,398,0.836,NA
79,26,syllables,lexicase,FALSE,20,elitize_generation_data,78,353,0.814,NA
80,26,syllables,lexicase,FALSE,20,elitize_generation_data,79,368,0.817,NA
81,26,syllables,lexicase,FALSE,20,elitize_generation_data,80,378,0.833,NA
82,26,syllables,lexicase,FALSE,20,elitize_generation_data,81,374,0.819,NA
83,26,syllables,lexicase,FALSE,20,elitize_generation_data,82,385,0.823,NA
84,26,syllables,lexicase,FALSE,20,elitize_generation_data,83,376,0.842,NA
85,26,syllables,lexicase,FALSE,20,elitize_generation_data,84,387,0.819,NA
86,26,syllables,lexicase,FALSE,20,elitize_generation_data,85,375,0.818,NA
87,26,syllables,lexicase,FALSE,20,elitize_generation_data,86,379,0.802,NA
88,26,syllables,lexicase,FALSE,20,elitize_generation_data,87,393,0.818,NA
89,26,syllables,lexicase,FALSE,20,elitize_generation_data,88,372,0.82,NA
90,26,syllables,lexicase,FALSE,20,elitize_generation_data,89,384,0.818,NA
91,26,syllables,lexicase,FALSE,20,elitize_generation_data,90,383,0.825,NA
92,26,syllables,lexicase,FALSE,20,elitize_generation_data,91,391,0.821,NA
93,26,syllables,lexicase,FALSE,20,elitize_generation_data,92,385,0.812,NA
94,26,syllables,lexicase,FALSE,20,elitize_generation_data,93,380,0.807,NA
95,26,syllables,lexicase,FALSE,20,elitize_generation_data,94,362,0.823,NA
96,26,syllables,lexicase,FALSE,20,elitize_generation_data,95,366,0.812,NA
97,26,syllables,lexicase,FALSE,20,elitize_generation_data,96,368,0.815,NA
98,26,syllables,lexicase,FALSE,20,elitize_generation_data,97,391,0.809,NA
99,26,syllables,lexicase,FALSE,20,elitize_generation_data,98,377,0.821,NA
100,26,syllables,lexicase,FALSE,20,elitize_generation_data,99,396,0.825,NA
101,26,syllables,lexicase,FALSE,20,elitize_generation_data,100,373,0.825,NA
102,26,syllables,lexicase,FALSE,20,elitize_generation_data,101,364,0.799,NA
103,26,syllables,lexicase,FALSE,20,elitize_generation_data,102,380,0.809,NA
104,26,syllables,lexicase,FALSE,20,elitize_generation_data,103,376,0.813,NA
105,26,syllables,lexicase,FALSE,20,elitize_generation_data,104,374,0.793,NA
106,26,syllables,lexicase,FALSE,20,elitize_generation_data,105,370,0.812,NA
107,26,syllables,lexicase,FALSE,20,elitize_generation_data,106,384,0.804,NA
108,26,syllables,lexicase,FALSE,20,elitize_generation_data,107,377,0.786,NA
109,26,syllables,lexicase,FALSE,20,elitize_generation_data,108,386,0.794,NA
110,26,syllables,lexicase,FALSE,20,elitize_generation_data,109,374,0.802,NA
111,26,syllables,lexicase,FALSE,20,elitize_generation_data,110,410,0.83,NA
112,26,syllables,lexicase,FALSE,20,elitize_generation_data,111,406,0.824,NA
113,26,syllables,lexicase,FALSE,20,elitize_generation_data,112,390,0.81,NA
114,26,syllables,lexicase,FALSE,20,elitize_generation_data,113,397,0.82,NA
115,26,syllables,lexicase,FALSE,20,elitize_generation_data,114,387,0.797,NA
116,26,syllables,lexicase,FALSE,20,elitize_generation_data,115,392,0.789,NA
117,26,syllables,lexicase,FALSE,20,elitize_generation_data,116,389,0.794,NA
118,26,syllables,lexicase,FALSE,20,elitize_generation_data,117,393,0.796,NA
119,26,syllables,lexicase,FALSE,20,elitize_generation_data,118,380,0.795,NA
120,26,syllables,lexicase,FALSE,20,elitize_generation_data,119,378,0.812,NA
121,26,syllables,lexicase,FALSE,20,elitize_generation_data,120,371,0.795,NA
122,26,syllables,lexicase,FALSE,20,elitize_generation_data,121,417,0.824,NA
123,26,syllables,lexicase,FALSE,20,elitize_generation_data,122,386,0.812,NA
124,26,syllables,lexicase,FALSE,20,elitize_generation_data,123,382,0.789,NA
125,26,syllables,lexicase,FALSE,20,elitize_generation_data,124,385,0.796,NA
126,26,syllables,lexicase,FALSE,20,elitize_generation_data,125,431,0.801,NA
127,26,syllables,lexicase,FALSE,20,elitize_generation_data,126,412,0.789,NA
128,26,syllables,lexicase,FALSE,20,elitize_generation_data,127,407,0.793,NA
129,26,syllables,lexicase,FALSE,20,elitize_generation_data,128,380,0.776,NA
130,26,syllables,lexicase,FALSE,20,elitize_generation_data,129,381,0.775,NA
131,26,syllables,lexicase,FALSE,20,elitize_generation_data,130,383,0.778,NA
132,26,syllables,lexicase,FALSE,20,elitize_generation_data,131,390,0.789,NA
133,26,syllables,lexicase,FALSE,20,elitize_generation_data,132,422,0.824,NA
134,26,syllables,lexicase,FALSE,20,elitize_generation_data,133,418,0.813,NA
135,26,syllables,lexicase,FALSE,20,elitize_generation_data,134,428,0.805,NA
136,26,syllables,lexicase,FALSE,20,elitize_generation_data,135,380,0.795,NA
137,26,syllables,lexicase,FALSE,20,elitize_generation_data,136,418,0.81,NA
138,26,syllables,lexicase,FALSE,20,elitize_generation_data,137,405,0.776,NA
139,26,syllables,lexicase,FALSE,20,elitize_generation_data,138,425,0.797,NA
140,26,syllables,lexicase,FALSE,20,elitize_generation_data,139,412,0.798,NA
141,26,syllables,lexicase,FALSE,20,elitize_generation_data,140,447,0.792,NA
142,26,syllables,lexicase,FALSE,20,elitize_generation_data,141,428,0.813,NA
143,26,syllables,lexicase,FALSE,20,elitize_generation_data,142,419,0.821,NA
144,26,syllables,lexicase,FALSE,20,elitize_generation_data,143,432,0.808,NA
145,26,syllables,lexicase,FALSE,20,elitize_generation_data,144,406,0.813,NA
146,26,syllables,lexicase,FALSE,20,elitize_generation_data,145,432,0.768,NA
147,26,syllables,lexicase,FALSE,20,elitize_generation_data,146,435,0.771,NA
148,26,syllables,lexicase,FALSE,20,elitize_generation_data,147,411,0.787,NA
149,26,syllables,lexicase,FALSE,20,elitize_generation_data,148,416,0.779,NA
150,26,syllables,lexicase,FALSE,20,elitize_generation_data,149,418,0.751,NA
151,26,syllables,lexicase,FALSE,20,elitize_generation_data,150,398,0.758,NA
152,26,syllables,lexicase,FALSE,20,elitize_generation_data,151,407,0.772,NA
153,26,syllables,lexicase,FALSE,20,elitize_generation_data,152,413,0.771,NA
154,26,syllables,lexicase,FALSE,20,elitize_generation_data,153,425,0.786,NA
155,26,syllables,lexicase,FALSE,20,elitize_generation_data,154,428,0.795,NA
156,26,syllables,lexicase,FALSE,20,elitize_generation_data,155,422,0.79,NA
157,26,syllables,lexicase,FALSE,20,elitize_generation_data,156,384,0.756,NA
158,26,syllables,lexicase,FALSE,20,elitize_generation_data,157,395,0.763,NA
159,26,syllables,lexicase,FALSE,20,elitize_generation_data,158,413,0.784,NA
160,26,syllables,lexicase,FALSE,20,elitize_generation_data,159,423,0.771,NA
161,26,syllables,lexicase,FALSE,20,elitize_generation_data,160,403,0.769,NA
162,26,syllables,lexicase,FALSE,20,elitize_generation_data,161,404,0.784,NA
163,26,syllables,lexicase,FALSE,20,elitize_generation_data,162,404,0.77,NA
164,26,syllables,lexicase,FALSE,20,elitize_generation_data,163,394,0.763,NA
165,26,syllables,lexicase,FALSE,20,elitize_generation_data,164,424,0.779,NA
166,26,syllables,lexicase,FALSE,20,elitize_generation_data,165,410,0.779,NA
167,26,syllables,lexicase,FALSE,20,elitize_generation_data,166,412,0.769,NA
168,26,syllables,lexicase,FALSE,20,elitize_generation_data,167,392,0.745,NA
169,26,syllables,lexicase,FALSE,20,elitize_generation_data,168,416,0.768,NA
170,26,syllables,lexicase,FALSE,20,elitize_generation_data,169,453,0.8,NA
171,26,syllables,lexicase,FALSE,20,elitize_generation_data,170,435,0.796,NA
172,26,syllables,lexicase,FALSE,20,elitize_generation_data,171,427,0.785,NA
173,26,syllables,lexicase,FALSE,20,elitize_generation_data,172,413,0.749,NA
174,26,syllables,lexicase,FALSE,20,elitize_generation_data,173,431,0.798,NA
175,26,syllables,lexicase,FALSE,20,elitize_generation_data,174,416,0.781,NA
176,26,syllables,lexicase,FALSE,20,elitize_generation_data,175,420,0.766,NA
177,26,syllables,lexicase,FALSE,20,elitize_generation_data,176,416,0.754,NA
178,26,syllables,lexicase,FALSE,20,elitize_generation_data,177,437,0.75,NA
179,26,syllables,lexicase,FALSE,20,elitize_generation_data,178,424,0.744,NA
180,26,syllables,lexicase,FALSE,20,elitize_generation_data,179,399,0.763,NA
181,26,syllables,lexicase,FALSE,20,elitize_generation_data,180,423,0.774,NA
182,26,syllables,lexicase,FALSE,20,elitize_generation_data,181,407,0.779,NA
183,26,syllables,lexicase,FALSE,20,elitize_generation_data,182,430,0.783,NA
184,26,syllables,lexicase,FALSE,20,elitize_generation_data,183,409,0.76,NA
185,26,syllables,lexicase,FALSE,20,elitize_generation_data,184,418,0.772,NA
186,26,syllables,lexicase,FALSE,20,elitize_generation_data,185,428,0.769,NA
187,26,syllables,lexicase,FALSE,20,elitize_generation_data,186,447,0.801,NA
188,26,syllables,lexicase,FALSE,20,elitize_generation_data,187,432,0.794,NA
189,26,syllables,lexicase,FALSE,20,elitize_generation_data,188,431,0.782,NA
190,26,syllables,lexicase,FALSE,20,elitize_generation_data,189,397,0.749,NA
191,26,syllables,lexicase,FALSE,20,elitize_generation_data,190,428,0.787,NA
192,26,syllables,lexicase,FALSE,20,elitize_generation_data,191,404,0.77,NA
193,26,syllables,lexicase,FALSE,20,elitize_generation_data,192,419,0.792,NA
194,26,syllables,lexicase,FALSE,20,elitize_generation_data,193,402,0.768,NA
195,26,syllables,lexicase,FALSE,20,elitize_generation_data,194,414,0.759,NA
196,26,syllables,lexicase,FALSE,20,elitize_generation_data,195,396,0.757,NA
197,26,syllables,lexicase,FALSE,20,elitize_generation_data,196,404,0.76,NA
198,26,syllables,lexicase,FALSE,20,elitize_generation_data,197,393,0.77,NA
199,26,syllables,lexicase,FALSE,20,elitize_generation_data,198,418,0.773,NA
200,26,syllables,lexicase,FALSE,20,elitize_generation_data,199,393,0.751,NA
201,26,syllables,lexicase,FALSE,20,elitize_generation_data,200,401,0.746,NA
202,26,syllables,lexicase,FALSE,20,elitize_generation_data,201,418,0.759,NA
203,26,syllables,lexicase,FALSE,20,elitize_generation_data,202,416,0.763,NA
204,26,syllables,lexicase,FALSE,20,elitize_generation_data,203,419,0.752,NA
205,26,syllables,lexicase,FALSE,20,elitize_generation_data,204,426,0.773,NA
206,26,syllables,lexicase,FALSE,20,elitize_generation_data,205,436,0.781,NA
207,26,syllables,lexicase,FALSE,20,elitize_generation_data,206,402,0.778,NA
208,26,syllables,lexicase,FALSE,20,elitize_generation_data,207,431,0.762,NA
209,26,syllables,lexicase,FALSE,20,elitize_generation_data,208,421,0.775,NA
210,26,syllables,lexicase,FALSE,20,elitize_generation_data,209,409,0.761,NA
211,26,syllables,lexicase,FALSE,20,elitize_generation_data,210,418,0.762,NA
212,26,syllables,lexicase,FALSE,20,elitize_generation_data,211,403,0.769,NA
213,26,syllables,lexicase,FALSE,20,elitize_generation_data,212,414,0.772,NA
214,26,syllables,lexicase,FALSE,20,elitize_generation_data,213,418,0.785,NA
215,26,syllables,lexicase,FALSE,20,elitize_generation_data,214,415,0.769,NA
216,26,syllables,lexicase,FALSE,20,elitize_generation_data,215,421,0.758,NA
217,26,syllables,lexicase,FALSE,20,elitize_generation_data,216,409,0.761,NA
218,26,syllables,lexicase,FALSE,20,elitize_generation_data,217,415,0.758,NA
219,26,syllables,lexicase,FALSE,20,elitize_generation_data,218,441,0.786,NA
220,26,syllables,lexicase,FALSE,20,elitize_generation_data,219,437,0.771,NA
221,26,syllables,lexicase,FALSE,20,elitize_generation_data,220,413,0.761,NA
222,26,syllables,lexicase,FALSE,20,elitize_generation_data,221,403,0.78,NA
223,26,syllables,lexicase,FALSE,20,elitize_generation_data,222,395,0.764,NA
224,26,syllables,lexicase,FALSE,20,elitize_generation_data,223,430,0.786,NA
225,26,syllables,lexicase,FALSE,20,elitize_generation_data,224,394,0.73,NA
226,26,syllables,lexicase,FALSE,20,elitize_generation_data,225,437,0.774,NA
227,26,syllables,lexicase,FALSE,20,elitize_generation_data,226,390,0.748,NA
228,26,syllables,lexicase,FALSE,20,elitize_generation_data,227,422,0.758,NA
229,26,syllables,lexicase,FALSE,20,elitize_generation_data,228,412,0.787,NA
230,26,syllables,lexicase,FALSE,20,elitize_generation_data,229,413,0.762,NA
231,26,syllables,lexicase,FALSE,20,elitize_generation_data,230,403,0.774,NA
232,26,syllables,lexicase,FALSE,20,elitize_generation_data,231,408,0.744,NA
233,26,syllables,lexicase,FALSE,20,elitize_generation_data,232,417,0.758,NA
234,26,syllables,lexicase,FALSE,20,elitize_generation_data,233,421,0.767,NA
235,26,syllables,lexicase,FALSE,20,elitize_generation_data,234,398,0.757,NA
236,26,syllables,lexicase,FALSE,20,elitize_generation_data,235,397,0.781,NA
237,26,syllables,lexicase,FALSE,20,elitize_generation_data,236,419,0.756,NA
238,26,syllables,lexicase,FALSE,20,elitize_generation_data,237,404,0.757,NA
239,26,syllables,lexicase,FALSE,20,elitize_generation_data,238,438,0.766,NA
240,26,syllables,lexicase,FALSE,20,elitize_generation_data,239,434,0.753,NA
241,26,syllables,lexicase,FALSE,20,elitize_generation_data,240,397,0.739,NA
242,26,syllables,lexicase,FALSE,20,elitize_generation_data,241,406,0.795,NA
243,26,syllables,lexicase,FALSE,20,elitize_generation_data,242,403,0.764,NA
244,26,syllables,lexicase,FALSE,20,elitize_generation_data,243,415,0.748,NA
245,26,syllables,lexicase,FALSE,20,elitize_generation_data,244,422,0.77,NA
246,26,syllables,lexicase,FALSE,20,elitize_generation_data,245,407,0.754,NA
247,26,syllables,lexicase,FALSE,20,elitize_generation_data,246,397,0.724,NA
248,26,syllables,lexicase,FALSE,20,elitize_generation_data,247,376,0.732,NA
249,26,syllables,lexicase,FALSE,20,elitize_generation_data,248,386,0.752,NA
250,26,syllables,lexicase,FALSE,20,elitize_generation_data,249,371,0.738,NA
251,26,syllables,lexicase,FALSE,20,elitize_generation_data,250,404,0.75,NA
252,26,syllables,lexicase,FALSE,20,elitize_generation_data,251,404,0.739,NA
253,26,syllables,lexicase,FALSE,20,elitize_generation_data,252,405,0.764,NA
254,26,syllables,lexicase,FALSE,20,elitize_generation_data,253,387,0.739,NA
255,26,syllables,lexicase,FALSE,20,elitize_generation_data,254,385,0.74,NA
256,26,syllables,lexicase,FALSE,20,elitize_generation_data,255,410,0.78,NA
257,26,syllables,lexicase,FALSE,20,elitize_generation_data,256,414,0.741,NA
258,26,syllables,lexicase,FALSE,20,elitize_generation_data,257,399,0.753,NA
259,26,syllables,lexicase,FALSE,20,elitize_generation_data,258,409,0.737,NA
260,26,syllables,lexicase,FALSE,20,elitize_generation_data,259,403,0.739,NA
261,26,syllables,lexicase,FALSE,20,elitize_generation_data,260,394,0.74,NA
262,26,syllables,lexicase,FALSE,20,elitize_generation_data,261,396,0.746,NA
263,26,syllables,lexicase,FALSE,20,elitize_generation_data,262,389,0.742,NA
264,26,syllables,lexicase,FALSE,20,elitize_generation_data,263,399,0.749,NA
265,26,syllables,lexicase,FALSE,20,elitize_generation_data,264,410,0.743,NA
266,26,syllables,lexicase,FALSE,20,elitize_generation_data,265,380,0.744,NA
267,26,syllables,lexicase,FALSE,20,elitize_generation_data,266,401,0.754,NA
268,26,syllables,lexicase,FALSE,20,elitize_generation_data,267,373,0.712,NA
269,26,syllables,lexicase,FALSE,20,elitize_generation_data,268,392,0.766,NA
270,26,syllables,lexicase,FALSE,20,elitize_generation_data,269,383,0.749,NA
271,26,syllables,lexicase,FALSE,20,elitize_generation_data,270,397,0.752,NA
272,26,syllables,lexicase,FALSE,20,elitize_generation_data,271,392,0.755,NA
273,26,syllables,lexicase,FALSE,20,elitize_generation_data,272,386,0.735,NA
274,26,syllables,lexicase,FALSE,20,elitize_generation_data,273,377,0.737,NA
275,26,syllables,lexicase,FALSE,20,elitize_generation_data,274,409,0.748,NA
276,26,syllables,lexicase,FALSE,20,elitize_generation_data,275,400,0.744,NA
277,26,syllables,lexicase,FALSE,20,elitize_generation_data,276,400,0.744,NA
278,26,syllables,lexicase,FALSE,20,elitize_generation_data,277,403,0.769,NA
279,26,syllables,lexicase,FALSE,20,elitize_generation_data,278,383,0.726,NA
280,26,syllables,lexicase,FALSE,20,elitize_generation_data,279,387,0.728,NA
281,26,syllables,lexicase,FALSE,20,elitize_generation_data,280,385,0.74,NA
282,26,syllables,lexicase,FALSE,20,elitize_generation_data,281,376,0.745,NA
283,26,syllables,lexicase,FALSE,20,elitize_generation_data,282,409,0.754,NA
284,26,syllables,lexicase,FALSE,20,elitize_generation_data,283,404,0.764,NA
285,26,syllables,lexicase,FALSE,20,elitize_generation_data,284,386,0.751,NA
286,26,syllables,lexicase,FALSE,20,elitize_generation_data,285,430,0.781,NA
287,26,syllables,lexicase,FALSE,20,elitize_generation_data,286,391,0.756,NA
288,26,syllables,lexicase,FALSE,20,elitize_generation_data,287,382,0.767,NA
289,26,syllables,lexicase,FALSE,20,elitize_generation_data,288,395,0.755,NA
290,26,syllables,lexicase,FALSE,20,elitize_generation_data,289,405,0.746,NA
291,26,syllables,lexicase,FALSE,20,elitize_generation_data,290,403,0.772,NA
292,26,syllables,lexicase,FALSE,20,elitize_generation_data,291,393,0.763,NA
293,26,syllables,lexicase,FALSE,20,elitize_generation_data,292,394,0.766,NA
294,26,syllables,lexicase,FALSE,20,elitize_generation_data,293,410,0.776,NA
295,26,syllables,lexicase,FALSE,20,elitize_generation_data,294,394,0.763,NA
296,26,syllables,lexicase,FALSE,20,elitize_generation_data,295,431,0.803,NA
297,26,syllables,lexicase,FALSE,20,elitize_generation_data,296,421,0.774,NA
298,26,syllables,lexicase,FALSE,20,elitize_generation_data,297,379,0.739,NA
299,26,syllables,lexicase,FALSE,20,elitize_generation_data,298,384,0.763,NA
300,26,syllables,lexicase,FALSE,20,elitize_generation_data,299,417,0.769,NA
301,26,syllables,lexicase,FALSE,20,elitize_generation_data,300,421,0.758,NA
