,run.num,problem,treatment,succeeded,height,normalization.function,generation,cluster.count,error.diversity,success.generation
1,20,syllables,lexicase,FALSE,20,elitize_generation_data,0,4,0.294,NA
2,20,syllables,lexicase,FALSE,20,elitize_generation_data,1,5,0.097,NA
3,20,syllables,lexicase,FALSE,20,elitize_generation_data,2,7,0.114,NA
4,20,syllables,lexicase,FALSE,20,elitize_generation_data,3,4,0.126,NA
5,20,syllables,lexicase,FALSE,20,elitize_generation_data,4,4,0.14,NA
6,20,syllables,lexicase,FALSE,20,elitize_generation_data,5,6,0.168,NA
7,20,syllables,lexicase,FALSE,20,elitize_generation_data,6,10,0.214,NA
8,20,syllables,lexicase,FALSE,20,elitize_generation_data,7,11,0.241,NA
9,20,syllables,lexicase,FALSE,20,elitize_generation_data,8,13,0.273,NA
10,20,syllables,lexicase,FALSE,20,elitize_generation_data,9,14,0.346,NA
11,20,syllables,lexicase,FALSE,20,elitize_generation_data,10,17,0.41,NA
12,20,syllables,lexicase,FALSE,20,elitize_generation_data,11,18,0.407,NA
13,20,syllables,lexicase,FALSE,20,elitize_generation_data,12,18,0.419,NA
14,20,syllables,lexicase,FALSE,20,elitize_generation_data,13,26,0.467,NA
15,20,syllables,lexicase,FALSE,20,elitize_generation_data,14,39,0.485,NA
16,20,syllables,lexicase,FALSE,20,elitize_generation_data,15,46,0.513,NA
17,20,syllables,lexicase,FALSE,20,elitize_generation_data,16,56,0.513,NA
18,20,syllables,lexicase,FALSE,20,elitize_generation_data,17,64,0.569,NA
19,20,syllables,lexicase,FALSE,20,elitize_generation_data,18,65,0.579,NA
20,20,syllables,lexicase,FALSE,20,elitize_generation_data,19,79,0.587,NA
21,20,syllables,lexicase,FALSE,20,elitize_generation_data,20,91,0.575,NA
22,20,syllables,lexicase,FALSE,20,elitize_generation_data,21,100,0.601,NA
23,20,syllables,lexicase,FALSE,20,elitize_generation_data,22,114,0.612,NA
24,20,syllables,lexicase,FALSE,20,elitize_generation_data,23,107,0.616,NA
25,20,syllables,lexicase,FALSE,20,elitize_generation_data,24,107,0.588,NA
26,20,syllables,lexicase,FALSE,20,elitize_generation_data,25,101,0.617,NA
27,20,syllables,lexicase,FALSE,20,elitize_generation_data,26,117,0.601,NA
28,20,syllables,lexicase,FALSE,20,elitize_generation_data,27,117,0.606,NA
29,20,syllables,lexicase,FALSE,20,elitize_generation_data,28,117,0.625,NA
30,20,syllables,lexicase,FALSE,20,elitize_generation_data,29,129,0.614,NA
31,20,syllables,lexicase,FALSE,20,elitize_generation_data,30,154,0.645,NA
32,20,syllables,lexicase,FALSE,20,elitize_generation_data,31,154,0.652,NA
33,20,syllables,lexicase,FALSE,20,elitize_generation_data,32,151,0.644,NA
34,20,syllables,lexicase,FALSE,20,elitize_generation_data,33,152,0.636,NA
35,20,syllables,lexicase,FALSE,20,elitize_generation_data,34,160,0.649,NA
36,20,syllables,lexicase,FALSE,20,elitize_generation_data,35,164,0.617,NA
37,20,syllables,lexicase,FALSE,20,elitize_generation_data,36,178,0.659,NA
38,20,syllables,lexicase,FALSE,20,elitize_generation_data,37,179,0.661,NA
39,20,syllables,lexicase,FALSE,20,elitize_generation_data,38,176,0.665,NA
40,20,syllables,lexicase,FALSE,20,elitize_generation_data,39,171,0.635,NA
41,20,syllables,lexicase,FALSE,20,elitize_generation_data,40,178,0.631,NA
42,20,syllables,lexicase,FALSE,20,elitize_generation_data,41,186,0.642,NA
43,20,syllables,lexicase,FALSE,20,elitize_generation_data,42,201,0.656,NA
44,20,syllables,lexicase,FALSE,20,elitize_generation_data,43,192,0.66,NA
45,20,syllables,lexicase,FALSE,20,elitize_generation_data,44,198,0.635,NA
46,20,syllables,lexicase,FALSE,20,elitize_generation_data,45,201,0.65,NA
47,20,syllables,lexicase,FALSE,20,elitize_generation_data,46,205,0.677,NA
48,20,syllables,lexicase,FALSE,20,elitize_generation_data,47,211,0.633,NA
49,20,syllables,lexicase,FALSE,20,elitize_generation_data,48,205,0.657,NA
50,20,syllables,lexicase,FALSE,20,elitize_generation_data,49,211,0.671,NA
51,20,syllables,lexicase,FALSE,20,elitize_generation_data,50,211,0.649,NA
52,20,syllables,lexicase,FALSE,20,elitize_generation_data,51,200,0.685,NA
53,20,syllables,lexicase,FALSE,20,elitize_generation_data,52,202,0.676,NA
54,20,syllables,lexicase,FALSE,20,elitize_generation_data,53,204,0.672,NA
55,20,syllables,lexicase,FALSE,20,elitize_generation_data,54,207,0.659,NA
56,20,syllables,lexicase,FALSE,20,elitize_generation_data,55,206,0.671,NA
57,20,syllables,lexicase,FALSE,20,elitize_generation_data,56,209,0.646,NA
58,20,syllables,lexicase,FALSE,20,elitize_generation_data,57,201,0.663,NA
59,20,syllables,lexicase,FALSE,20,elitize_generation_data,58,189,0.676,NA
60,20,syllables,lexicase,FALSE,20,elitize_generation_data,59,188,0.641,NA
61,20,syllables,lexicase,FALSE,20,elitize_generation_data,60,210,0.661,NA
62,20,syllables,lexicase,FALSE,20,elitize_generation_data,61,225,0.675,NA
63,20,syllables,lexicase,FALSE,20,elitize_generation_data,62,223,0.677,NA
64,20,syllables,lexicase,FALSE,20,elitize_generation_data,63,246,0.687,NA
65,20,syllables,lexicase,FALSE,20,elitize_generation_data,64,217,0.661,NA
66,20,syllables,lexicase,FALSE,20,elitize_generation_data,65,227,0.675,NA
67,20,syllables,lexicase,FALSE,20,elitize_generation_data,66,211,0.704,NA
68,20,syllables,lexicase,FALSE,20,elitize_generation_data,67,234,0.688,NA
69,20,syllables,lexicase,FALSE,20,elitize_generation_data,68,224,0.678,NA
70,20,syllables,lexicase,FALSE,20,elitize_generation_data,69,227,0.713,NA
71,20,syllables,lexicase,FALSE,20,elitize_generation_data,70,227,0.698,NA
72,20,syllables,lexicase,FALSE,20,elitize_generation_data,71,247,0.697,NA
73,20,syllables,lexicase,FALSE,20,elitize_generation_data,72,227,0.703,NA
74,20,syllables,lexicase,FALSE,20,elitize_generation_data,73,221,0.699,NA
75,20,syllables,lexicase,FALSE,20,elitize_generation_data,74,248,0.705,NA
76,20,syllables,lexicase,FALSE,20,elitize_generation_data,75,243,0.686,NA
77,20,syllables,lexicase,FALSE,20,elitize_generation_data,76,248,0.722,NA
78,20,syllables,lexicase,FALSE,20,elitize_generation_data,77,260,0.72,NA
79,20,syllables,lexicase,FALSE,20,elitize_generation_data,78,254,0.719,NA
80,20,syllables,lexicase,FALSE,20,elitize_generation_data,79,274,0.722,NA
81,20,syllables,lexicase,FALSE,20,elitize_generation_data,80,278,0.721,NA
82,20,syllables,lexicase,FALSE,20,elitize_generation_data,81,279,0.717,NA
83,20,syllables,lexicase,FALSE,20,elitize_generation_data,82,296,0.723,NA
84,20,syllables,lexicase,FALSE,20,elitize_generation_data,83,290,0.691,NA
85,20,syllables,lexicase,FALSE,20,elitize_generation_data,84,289,0.737,NA
86,20,syllables,lexicase,FALSE,20,elitize_generation_data,85,293,0.734,NA
87,20,syllables,lexicase,FALSE,20,elitize_generation_data,86,259,0.699,NA
88,20,syllables,lexicase,FALSE,20,elitize_generation_data,87,290,0.753,NA
89,20,syllables,lexicase,FALSE,20,elitize_generation_data,88,283,0.744,NA
90,20,syllables,lexicase,FALSE,20,elitize_generation_data,89,298,0.718,NA
91,20,syllables,lexicase,FALSE,20,elitize_generation_data,90,270,0.713,NA
92,20,syllables,lexicase,FALSE,20,elitize_generation_data,91,283,0.705,NA
93,20,syllables,lexicase,FALSE,20,elitize_generation_data,92,291,0.721,NA
94,20,syllables,lexicase,FALSE,20,elitize_generation_data,93,300,0.737,NA
95,20,syllables,lexicase,FALSE,20,elitize_generation_data,94,308,0.715,NA
96,20,syllables,lexicase,FALSE,20,elitize_generation_data,95,285,0.735,NA
97,20,syllables,lexicase,FALSE,20,elitize_generation_data,96,298,0.752,NA
98,20,syllables,lexicase,FALSE,20,elitize_generation_data,97,311,0.725,NA
99,20,syllables,lexicase,FALSE,20,elitize_generation_data,98,297,0.716,NA
100,20,syllables,lexicase,FALSE,20,elitize_generation_data,99,298,0.71,NA
101,20,syllables,lexicase,FALSE,20,elitize_generation_data,100,297,0.73,NA
102,20,syllables,lexicase,FALSE,20,elitize_generation_data,101,259,0.684,NA
103,20,syllables,lexicase,FALSE,20,elitize_generation_data,102,297,0.715,NA
104,20,syllables,lexicase,FALSE,20,elitize_generation_data,103,288,0.743,NA
105,20,syllables,lexicase,FALSE,20,elitize_generation_data,104,281,0.704,NA
106,20,syllables,lexicase,FALSE,20,elitize_generation_data,105,296,0.706,NA
107,20,syllables,lexicase,FALSE,20,elitize_generation_data,106,294,0.718,NA
108,20,syllables,lexicase,FALSE,20,elitize_generation_data,107,290,0.714,NA
109,20,syllables,lexicase,FALSE,20,elitize_generation_data,108,280,0.733,NA
110,20,syllables,lexicase,FALSE,20,elitize_generation_data,109,294,0.731,NA
111,20,syllables,lexicase,FALSE,20,elitize_generation_data,110,306,0.728,NA
112,20,syllables,lexicase,FALSE,20,elitize_generation_data,111,307,0.721,NA
113,20,syllables,lexicase,FALSE,20,elitize_generation_data,112,296,0.74,NA
114,20,syllables,lexicase,FALSE,20,elitize_generation_data,113,298,0.707,NA
115,20,syllables,lexicase,FALSE,20,elitize_generation_data,114,274,0.696,NA
116,20,syllables,lexicase,FALSE,20,elitize_generation_data,115,309,0.729,NA
117,20,syllables,lexicase,FALSE,20,elitize_generation_data,116,303,0.704,NA
118,20,syllables,lexicase,FALSE,20,elitize_generation_data,117,313,0.724,NA
119,20,syllables,lexicase,FALSE,20,elitize_generation_data,118,321,0.712,NA
120,20,syllables,lexicase,FALSE,20,elitize_generation_data,119,305,0.714,NA
121,20,syllables,lexicase,FALSE,20,elitize_generation_data,120,302,0.718,NA
122,20,syllables,lexicase,FALSE,20,elitize_generation_data,121,313,0.728,NA
123,20,syllables,lexicase,FALSE,20,elitize_generation_data,122,335,0.74,NA
124,20,syllables,lexicase,FALSE,20,elitize_generation_data,123,318,0.732,NA
125,20,syllables,lexicase,FALSE,20,elitize_generation_data,124,321,0.736,NA
126,20,syllables,lexicase,FALSE,20,elitize_generation_data,125,309,0.744,NA
127,20,syllables,lexicase,FALSE,20,elitize_generation_data,126,298,0.718,NA
128,20,syllables,lexicase,FALSE,20,elitize_generation_data,127,298,0.712,NA
129,20,syllables,lexicase,FALSE,20,elitize_generation_data,128,304,0.736,NA
130,20,syllables,lexicase,FALSE,20,elitize_generation_data,129,313,0.746,NA
131,20,syllables,lexicase,FALSE,20,elitize_generation_data,130,339,0.733,NA
132,20,syllables,lexicase,FALSE,20,elitize_generation_data,131,349,0.753,NA
133,20,syllables,lexicase,FALSE,20,elitize_generation_data,132,333,0.741,NA
134,20,syllables,lexicase,FALSE,20,elitize_generation_data,133,324,0.717,NA
135,20,syllables,lexicase,FALSE,20,elitize_generation_data,134,344,0.713,NA
136,20,syllables,lexicase,FALSE,20,elitize_generation_data,135,357,0.718,NA
137,20,syllables,lexicase,FALSE,20,elitize_generation_data,136,331,0.722,NA
138,20,syllables,lexicase,FALSE,20,elitize_generation_data,137,328,0.753,NA
139,20,syllables,lexicase,FALSE,20,elitize_generation_data,138,369,0.746,NA
140,20,syllables,lexicase,FALSE,20,elitize_generation_data,139,332,0.741,NA
141,20,syllables,lexicase,FALSE,20,elitize_generation_data,140,351,0.744,NA
142,20,syllables,lexicase,FALSE,20,elitize_generation_data,141,351,0.755,NA
143,20,syllables,lexicase,FALSE,20,elitize_generation_data,142,328,0.746,NA
144,20,syllables,lexicase,FALSE,20,elitize_generation_data,143,343,0.742,NA
145,20,syllables,lexicase,FALSE,20,elitize_generation_data,144,338,0.758,NA
146,20,syllables,lexicase,FALSE,20,elitize_generation_data,145,344,0.733,NA
147,20,syllables,lexicase,FALSE,20,elitize_generation_data,146,326,0.739,NA
148,20,syllables,lexicase,FALSE,20,elitize_generation_data,147,329,0.727,NA
149,20,syllables,lexicase,FALSE,20,elitize_generation_data,148,332,0.732,NA
150,20,syllables,lexicase,FALSE,20,elitize_generation_data,149,346,0.757,NA
151,20,syllables,lexicase,FALSE,20,elitize_generation_data,150,333,0.748,NA
152,20,syllables,lexicase,FALSE,20,elitize_generation_data,151,365,0.763,NA
153,20,syllables,lexicase,FALSE,20,elitize_generation_data,152,367,0.77,NA
154,20,syllables,lexicase,FALSE,20,elitize_generation_data,153,354,0.754,NA
155,20,syllables,lexicase,FALSE,20,elitize_generation_data,154,361,0.735,NA
156,20,syllables,lexicase,FALSE,20,elitize_generation_data,155,360,0.76,NA
157,20,syllables,lexicase,FALSE,20,elitize_generation_data,156,333,0.731,NA
158,20,syllables,lexicase,FALSE,20,elitize_generation_data,157,328,0.708,NA
159,20,syllables,lexicase,FALSE,20,elitize_generation_data,158,370,0.741,NA
160,20,syllables,lexicase,FALSE,20,elitize_generation_data,159,357,0.73,NA
161,20,syllables,lexicase,FALSE,20,elitize_generation_data,160,321,0.696,NA
162,20,syllables,lexicase,FALSE,20,elitize_generation_data,161,329,0.697,NA
163,20,syllables,lexicase,FALSE,20,elitize_generation_data,162,376,0.735,NA
164,20,syllables,lexicase,FALSE,20,elitize_generation_data,163,339,0.721,NA
165,20,syllables,lexicase,FALSE,20,elitize_generation_data,164,357,0.757,NA
166,20,syllables,lexicase,FALSE,20,elitize_generation_data,165,351,0.768,NA
167,20,syllables,lexicase,FALSE,20,elitize_generation_data,166,337,0.743,NA
168,20,syllables,lexicase,FALSE,20,elitize_generation_data,167,341,0.758,NA
169,20,syllables,lexicase,FALSE,20,elitize_generation_data,168,358,0.736,NA
170,20,syllables,lexicase,FALSE,20,elitize_generation_data,169,336,0.73,NA
171,20,syllables,lexicase,FALSE,20,elitize_generation_data,170,364,0.732,NA
172,20,syllables,lexicase,FALSE,20,elitize_generation_data,171,347,0.711,NA
173,20,syllables,lexicase,FALSE,20,elitize_generation_data,172,350,0.759,NA
174,20,syllables,lexicase,FALSE,20,elitize_generation_data,173,349,0.788,NA
175,20,syllables,lexicase,FALSE,20,elitize_generation_data,174,362,0.769,NA
176,20,syllables,lexicase,FALSE,20,elitize_generation_data,175,348,0.75,NA
177,20,syllables,lexicase,FALSE,20,elitize_generation_data,176,352,0.744,NA
178,20,syllables,lexicase,FALSE,20,elitize_generation_data,177,368,0.776,NA
179,20,syllables,lexicase,FALSE,20,elitize_generation_data,178,378,0.745,NA
180,20,syllables,lexicase,FALSE,20,elitize_generation_data,179,372,0.739,NA
181,20,syllables,lexicase,FALSE,20,elitize_generation_data,180,386,0.743,NA
182,20,syllables,lexicase,FALSE,20,elitize_generation_data,181,337,0.741,NA
183,20,syllables,lexicase,FALSE,20,elitize_generation_data,182,361,0.747,NA
184,20,syllables,lexicase,FALSE,20,elitize_generation_data,183,354,0.752,NA
185,20,syllables,lexicase,FALSE,20,elitize_generation_data,184,355,0.743,NA
186,20,syllables,lexicase,FALSE,20,elitize_generation_data,185,354,0.728,NA
187,20,syllables,lexicase,FALSE,20,elitize_generation_data,186,381,0.762,NA
188,20,syllables,lexicase,FALSE,20,elitize_generation_data,187,377,0.754,NA
189,20,syllables,lexicase,FALSE,20,elitize_generation_data,188,327,0.703,NA
190,20,syllables,lexicase,FALSE,20,elitize_generation_data,189,349,0.747,NA
191,20,syllables,lexicase,FALSE,20,elitize_generation_data,190,342,0.728,NA
192,20,syllables,lexicase,FALSE,20,elitize_generation_data,191,361,0.726,NA
193,20,syllables,lexicase,FALSE,20,elitize_generation_data,192,375,0.749,NA
194,20,syllables,lexicase,FALSE,20,elitize_generation_data,193,387,0.749,NA
195,20,syllables,lexicase,FALSE,20,elitize_generation_data,194,374,0.75,NA
196,20,syllables,lexicase,FALSE,20,elitize_generation_data,195,379,0.751,NA
197,20,syllables,lexicase,FALSE,20,elitize_generation_data,196,359,0.739,NA
198,20,syllables,lexicase,FALSE,20,elitize_generation_data,197,373,0.752,NA
199,20,syllables,lexicase,FALSE,20,elitize_generation_data,198,380,0.752,NA
200,20,syllables,lexicase,FALSE,20,elitize_generation_data,199,378,0.739,NA
201,20,syllables,lexicase,FALSE,20,elitize_generation_data,200,378,0.745,NA
202,20,syllables,lexicase,FALSE,20,elitize_generation_data,201,395,0.748,NA
203,20,syllables,lexicase,FALSE,20,elitize_generation_data,202,378,0.768,NA
204,20,syllables,lexicase,FALSE,20,elitize_generation_data,203,376,0.772,NA
205,20,syllables,lexicase,FALSE,20,elitize_generation_data,204,352,0.749,NA
206,20,syllables,lexicase,FALSE,20,elitize_generation_data,205,369,0.728,NA
207,20,syllables,lexicase,FALSE,20,elitize_generation_data,206,375,0.735,NA
208,20,syllables,lexicase,FALSE,20,elitize_generation_data,207,401,0.795,NA
209,20,syllables,lexicase,FALSE,20,elitize_generation_data,208,392,0.774,NA
210,20,syllables,lexicase,FALSE,20,elitize_generation_data,209,363,0.766,NA
211,20,syllables,lexicase,FALSE,20,elitize_generation_data,210,353,0.781,NA
212,20,syllables,lexicase,FALSE,20,elitize_generation_data,211,356,0.75,NA
213,20,syllables,lexicase,FALSE,20,elitize_generation_data,212,373,0.773,NA
214,20,syllables,lexicase,FALSE,20,elitize_generation_data,213,372,0.769,NA
215,20,syllables,lexicase,FALSE,20,elitize_generation_data,214,356,0.748,NA
216,20,syllables,lexicase,FALSE,20,elitize_generation_data,215,387,0.77,NA
217,20,syllables,lexicase,FALSE,20,elitize_generation_data,216,388,0.792,NA
218,20,syllables,lexicase,FALSE,20,elitize_generation_data,217,396,0.783,NA
219,20,syllables,lexicase,FALSE,20,elitize_generation_data,218,406,0.793,NA
220,20,syllables,lexicase,FALSE,20,elitize_generation_data,219,387,0.774,NA
221,20,syllables,lexicase,FALSE,20,elitize_generation_data,220,368,0.755,NA
222,20,syllables,lexicase,FALSE,20,elitize_generation_data,221,376,0.76,NA
223,20,syllables,lexicase,FALSE,20,elitize_generation_data,222,377,0.769,NA
224,20,syllables,lexicase,FALSE,20,elitize_generation_data,223,396,0.789,NA
225,20,syllables,lexicase,FALSE,20,elitize_generation_data,224,373,0.761,NA
226,20,syllables,lexicase,FALSE,20,elitize_generation_data,225,402,0.78,NA
227,20,syllables,lexicase,FALSE,20,elitize_generation_data,226,396,0.779,NA
228,20,syllables,lexicase,FALSE,20,elitize_generation_data,227,400,0.793,NA
229,20,syllables,lexicase,FALSE,20,elitize_generation_data,228,410,0.784,NA
230,20,syllables,lexicase,FALSE,20,elitize_generation_data,229,375,0.79,NA
231,20,syllables,lexicase,FALSE,20,elitize_generation_data,230,407,0.781,NA
232,20,syllables,lexicase,FALSE,20,elitize_generation_data,231,410,0.804,NA
233,20,syllables,lexicase,FALSE,20,elitize_generation_data,232,399,0.773,NA
234,20,syllables,lexicase,FALSE,20,elitize_generation_data,233,419,0.794,NA
235,20,syllables,lexicase,FALSE,20,elitize_generation_data,234,395,0.781,NA
236,20,syllables,lexicase,FALSE,20,elitize_generation_data,235,414,0.788,NA
237,20,syllables,lexicase,FALSE,20,elitize_generation_data,236,398,0.782,NA
238,20,syllables,lexicase,FALSE,20,elitize_generation_data,237,383,0.776,NA
239,20,syllables,lexicase,FALSE,20,elitize_generation_data,238,387,0.766,NA
240,20,syllables,lexicase,FALSE,20,elitize_generation_data,239,389,0.794,NA
241,20,syllables,lexicase,FALSE,20,elitize_generation_data,240,405,0.785,NA
242,20,syllables,lexicase,FALSE,20,elitize_generation_data,241,400,0.797,NA
243,20,syllables,lexicase,FALSE,20,elitize_generation_data,242,420,0.818,NA
244,20,syllables,lexicase,FALSE,20,elitize_generation_data,243,398,0.798,NA
245,20,syllables,lexicase,FALSE,20,elitize_generation_data,244,416,0.778,NA
246,20,syllables,lexicase,FALSE,20,elitize_generation_data,245,367,0.785,NA
247,20,syllables,lexicase,FALSE,20,elitize_generation_data,246,395,0.794,NA
248,20,syllables,lexicase,FALSE,20,elitize_generation_data,247,377,0.782,NA
249,20,syllables,lexicase,FALSE,20,elitize_generation_data,248,396,0.788,NA
250,20,syllables,lexicase,FALSE,20,elitize_generation_data,249,389,0.783,NA
251,20,syllables,lexicase,FALSE,20,elitize_generation_data,250,404,0.801,NA
252,20,syllables,lexicase,FALSE,20,elitize_generation_data,251,414,0.795,NA
253,20,syllables,lexicase,FALSE,20,elitize_generation_data,252,375,0.798,NA
254,20,syllables,lexicase,FALSE,20,elitize_generation_data,253,385,0.776,NA
255,20,syllables,lexicase,FALSE,20,elitize_generation_data,254,406,0.794,NA
256,20,syllables,lexicase,FALSE,20,elitize_generation_data,255,401,0.779,NA
257,20,syllables,lexicase,FALSE,20,elitize_generation_data,256,420,0.799,NA
258,20,syllables,lexicase,FALSE,20,elitize_generation_data,257,408,0.779,NA
259,20,syllables,lexicase,FALSE,20,elitize_generation_data,258,403,0.774,NA
260,20,syllables,lexicase,FALSE,20,elitize_generation_data,259,382,0.75,NA
261,20,syllables,lexicase,FALSE,20,elitize_generation_data,260,376,0.757,NA
262,20,syllables,lexicase,FALSE,20,elitize_generation_data,261,403,0.767,NA
263,20,syllables,lexicase,FALSE,20,elitize_generation_data,262,392,0.75,NA
264,20,syllables,lexicase,FALSE,20,elitize_generation_data,263,387,0.759,NA
265,20,syllables,lexicase,FALSE,20,elitize_generation_data,264,393,0.744,NA
266,20,syllables,lexicase,FALSE,20,elitize_generation_data,265,386,0.761,NA
267,20,syllables,lexicase,FALSE,20,elitize_generation_data,266,390,0.771,NA
268,20,syllables,lexicase,FALSE,20,elitize_generation_data,267,413,0.758,NA
269,20,syllables,lexicase,FALSE,20,elitize_generation_data,268,402,0.761,NA
270,20,syllables,lexicase,FALSE,20,elitize_generation_data,269,388,0.748,NA
271,20,syllables,lexicase,FALSE,20,elitize_generation_data,270,388,0.748,NA
272,20,syllables,lexicase,FALSE,20,elitize_generation_data,271,388,0.767,NA
273,20,syllables,lexicase,FALSE,20,elitize_generation_data,272,426,0.767,NA
274,20,syllables,lexicase,FALSE,20,elitize_generation_data,273,404,0.749,NA
275,20,syllables,lexicase,FALSE,20,elitize_generation_data,274,412,0.761,NA
276,20,syllables,lexicase,FALSE,20,elitize_generation_data,275,413,0.779,NA
277,20,syllables,lexicase,FALSE,20,elitize_generation_data,276,412,0.766,NA
278,20,syllables,lexicase,FALSE,20,elitize_generation_data,277,424,0.773,NA
279,20,syllables,lexicase,FALSE,20,elitize_generation_data,278,409,0.757,NA
280,20,syllables,lexicase,FALSE,20,elitize_generation_data,279,424,0.752,NA
281,20,syllables,lexicase,FALSE,20,elitize_generation_data,280,416,0.772,NA
282,20,syllables,lexicase,FALSE,20,elitize_generation_data,281,427,0.77,NA
283,20,syllables,lexicase,FALSE,20,elitize_generation_data,282,407,0.761,NA
284,20,syllables,lexicase,FALSE,20,elitize_generation_data,283,401,0.74,NA
285,20,syllables,lexicase,FALSE,20,elitize_generation_data,284,424,0.744,NA
286,20,syllables,lexicase,FALSE,20,elitize_generation_data,285,400,0.749,NA
287,20,syllables,lexicase,FALSE,20,elitize_generation_data,286,404,0.738,NA
288,20,syllables,lexicase,FALSE,20,elitize_generation_data,287,426,0.752,NA
289,20,syllables,lexicase,FALSE,20,elitize_generation_data,288,438,0.765,NA
290,20,syllables,lexicase,FALSE,20,elitize_generation_data,289,411,0.744,NA
291,20,syllables,lexicase,FALSE,20,elitize_generation_data,290,430,0.774,NA
292,20,syllables,lexicase,FALSE,20,elitize_generation_data,291,440,0.752,NA
293,20,syllables,lexicase,FALSE,20,elitize_generation_data,292,429,0.76,NA
294,20,syllables,lexicase,FALSE,20,elitize_generation_data,293,409,0.739,NA
295,20,syllables,lexicase,FALSE,20,elitize_generation_data,294,410,0.76,NA
296,20,syllables,lexicase,FALSE,20,elitize_generation_data,295,411,0.755,NA
297,20,syllables,lexicase,FALSE,20,elitize_generation_data,296,459,0.757,NA
298,20,syllables,lexicase,FALSE,20,elitize_generation_data,297,421,0.787,NA
299,20,syllables,lexicase,FALSE,20,elitize_generation_data,298,424,0.746,NA
300,20,syllables,lexicase,FALSE,20,elitize_generation_data,299,423,0.771,NA
301,20,syllables,lexicase,FALSE,20,elitize_generation_data,300,401,0.719,NA
