,run.num,problem,treatment,succeeded,height,normalization.function,generation,cluster.count,error.diversity,success.generation
1,72,syllables,lexicase,FALSE,20,elitize_generation_data,0,4,0.26,NA
2,72,syllables,lexicase,FALSE,20,elitize_generation_data,1,10,0.094,NA
3,72,syllables,lexicase,FALSE,20,elitize_generation_data,2,11,0.105,NA
4,72,syllables,lexicase,FALSE,20,elitize_generation_data,3,12,0.111,NA
5,72,syllables,lexicase,FALSE,20,elitize_generation_data,4,9,0.143,NA
6,72,syllables,lexicase,FALSE,20,elitize_generation_data,5,12,0.143,NA
7,72,syllables,lexicase,FALSE,20,elitize_generation_data,6,15,0.151,NA
8,72,syllables,lexicase,FALSE,20,elitize_generation_data,7,16,0.185,NA
9,72,syllables,lexicase,FALSE,20,elitize_generation_data,8,19,0.226,NA
10,72,syllables,lexicase,FALSE,20,elitize_generation_data,9,29,0.313,NA
11,72,syllables,lexicase,FALSE,20,elitize_generation_data,10,40,0.423,NA
12,72,syllables,lexicase,FALSE,20,elitize_generation_data,11,50,0.496,NA
13,72,syllables,lexicase,FALSE,20,elitize_generation_data,12,55,0.551,NA
14,72,syllables,lexicase,FALSE,20,elitize_generation_data,13,62,0.585,NA
15,72,syllables,lexicase,FALSE,20,elitize_generation_data,14,66,0.623,NA
16,72,syllables,lexicase,FALSE,20,elitize_generation_data,15,78,0.622,NA
17,72,syllables,lexicase,FALSE,20,elitize_generation_data,16,90,0.632,NA
18,72,syllables,lexicase,FALSE,20,elitize_generation_data,17,112,0.664,NA
19,72,syllables,lexicase,FALSE,20,elitize_generation_data,18,119,0.687,NA
20,72,syllables,lexicase,FALSE,20,elitize_generation_data,19,144,0.694,NA
21,72,syllables,lexicase,FALSE,20,elitize_generation_data,20,164,0.715,NA
22,72,syllables,lexicase,FALSE,20,elitize_generation_data,21,159,0.713,NA
23,72,syllables,lexicase,FALSE,20,elitize_generation_data,22,185,0.705,NA
24,72,syllables,lexicase,FALSE,20,elitize_generation_data,23,219,0.738,NA
25,72,syllables,lexicase,FALSE,20,elitize_generation_data,24,210,0.72,NA
26,72,syllables,lexicase,FALSE,20,elitize_generation_data,25,230,0.753,NA
27,72,syllables,lexicase,FALSE,20,elitize_generation_data,26,253,0.756,NA
28,72,syllables,lexicase,FALSE,20,elitize_generation_data,27,274,0.752,NA
29,72,syllables,lexicase,FALSE,20,elitize_generation_data,28,264,0.745,NA
30,72,syllables,lexicase,FALSE,20,elitize_generation_data,29,271,0.782,NA
31,72,syllables,lexicase,FALSE,20,elitize_generation_data,30,279,0.762,NA
32,72,syllables,lexicase,FALSE,20,elitize_generation_data,31,285,0.748,NA
33,72,syllables,lexicase,FALSE,20,elitize_generation_data,32,280,0.755,NA
34,72,syllables,lexicase,FALSE,20,elitize_generation_data,33,282,0.747,NA
35,72,syllables,lexicase,FALSE,20,elitize_generation_data,34,283,0.748,NA
36,72,syllables,lexicase,FALSE,20,elitize_generation_data,35,283,0.781,NA
37,72,syllables,lexicase,FALSE,20,elitize_generation_data,36,270,0.777,NA
38,72,syllables,lexicase,FALSE,20,elitize_generation_data,37,319,0.758,NA
39,72,syllables,lexicase,FALSE,20,elitize_generation_data,38,305,0.767,NA
40,72,syllables,lexicase,FALSE,20,elitize_generation_data,39,309,0.773,NA
41,72,syllables,lexicase,FALSE,20,elitize_generation_data,40,298,0.763,NA
42,72,syllables,lexicase,FALSE,20,elitize_generation_data,41,300,0.784,NA
43,72,syllables,lexicase,FALSE,20,elitize_generation_data,42,313,0.781,NA
44,72,syllables,lexicase,FALSE,20,elitize_generation_data,43,331,0.792,NA
45,72,syllables,lexicase,FALSE,20,elitize_generation_data,44,318,0.775,NA
46,72,syllables,lexicase,FALSE,20,elitize_generation_data,45,319,0.764,NA
47,72,syllables,lexicase,FALSE,20,elitize_generation_data,46,326,0.791,NA
48,72,syllables,lexicase,FALSE,20,elitize_generation_data,47,328,0.791,NA
49,72,syllables,lexicase,FALSE,20,elitize_generation_data,48,315,0.781,NA
50,72,syllables,lexicase,FALSE,20,elitize_generation_data,49,315,0.795,NA
51,72,syllables,lexicase,FALSE,20,elitize_generation_data,50,340,0.796,NA
52,72,syllables,lexicase,FALSE,20,elitize_generation_data,51,325,0.799,NA
53,72,syllables,lexicase,FALSE,20,elitize_generation_data,52,331,0.797,NA
54,72,syllables,lexicase,FALSE,20,elitize_generation_data,53,341,0.784,NA
55,72,syllables,lexicase,FALSE,20,elitize_generation_data,54,337,0.762,NA
56,72,syllables,lexicase,FALSE,20,elitize_generation_data,55,350,0.788,NA
57,72,syllables,lexicase,FALSE,20,elitize_generation_data,56,338,0.775,NA
58,72,syllables,lexicase,FALSE,20,elitize_generation_data,57,338,0.801,NA
59,72,syllables,lexicase,FALSE,20,elitize_generation_data,58,332,0.774,NA
60,72,syllables,lexicase,FALSE,20,elitize_generation_data,59,347,0.806,NA
61,72,syllables,lexicase,FALSE,20,elitize_generation_data,60,349,0.808,NA
62,72,syllables,lexicase,FALSE,20,elitize_generation_data,61,356,0.771,NA
63,72,syllables,lexicase,FALSE,20,elitize_generation_data,62,347,0.775,NA
64,72,syllables,lexicase,FALSE,20,elitize_generation_data,63,353,0.796,NA
65,72,syllables,lexicase,FALSE,20,elitize_generation_data,64,369,0.81,NA
66,72,syllables,lexicase,FALSE,20,elitize_generation_data,65,364,0.811,NA
67,72,syllables,lexicase,FALSE,20,elitize_generation_data,66,369,0.796,NA
68,72,syllables,lexicase,FALSE,20,elitize_generation_data,67,373,0.793,NA
69,72,syllables,lexicase,FALSE,20,elitize_generation_data,68,379,0.797,NA
70,72,syllables,lexicase,FALSE,20,elitize_generation_data,69,358,0.788,NA
71,72,syllables,lexicase,FALSE,20,elitize_generation_data,70,398,0.794,NA
72,72,syllables,lexicase,FALSE,20,elitize_generation_data,71,352,0.774,NA
73,72,syllables,lexicase,FALSE,20,elitize_generation_data,72,380,0.772,NA
74,72,syllables,lexicase,FALSE,20,elitize_generation_data,73,372,0.794,NA
75,72,syllables,lexicase,FALSE,20,elitize_generation_data,74,398,0.826,NA
76,72,syllables,lexicase,FALSE,20,elitize_generation_data,75,388,0.81,NA
77,72,syllables,lexicase,FALSE,20,elitize_generation_data,76,400,0.803,NA
78,72,syllables,lexicase,FALSE,20,elitize_generation_data,77,393,0.823,NA
79,72,syllables,lexicase,FALSE,20,elitize_generation_data,78,373,0.803,NA
80,72,syllables,lexicase,FALSE,20,elitize_generation_data,79,388,0.782,NA
81,72,syllables,lexicase,FALSE,20,elitize_generation_data,80,404,0.809,NA
82,72,syllables,lexicase,FALSE,20,elitize_generation_data,81,422,0.799,NA
83,72,syllables,lexicase,FALSE,20,elitize_generation_data,82,413,0.794,NA
84,72,syllables,lexicase,FALSE,20,elitize_generation_data,83,418,0.82,NA
85,72,syllables,lexicase,FALSE,20,elitize_generation_data,84,445,0.853,NA
86,72,syllables,lexicase,FALSE,20,elitize_generation_data,85,402,0.799,NA
87,72,syllables,lexicase,FALSE,20,elitize_generation_data,86,412,0.818,NA
88,72,syllables,lexicase,FALSE,20,elitize_generation_data,87,427,0.805,NA
89,72,syllables,lexicase,FALSE,20,elitize_generation_data,88,434,0.812,NA
90,72,syllables,lexicase,FALSE,20,elitize_generation_data,89,403,0.822,NA
91,72,syllables,lexicase,FALSE,20,elitize_generation_data,90,416,0.814,NA
92,72,syllables,lexicase,FALSE,20,elitize_generation_data,91,407,0.803,NA
93,72,syllables,lexicase,FALSE,20,elitize_generation_data,92,462,0.853,NA
94,72,syllables,lexicase,FALSE,20,elitize_generation_data,93,454,0.829,NA
95,72,syllables,lexicase,FALSE,20,elitize_generation_data,94,454,0.829,NA
96,72,syllables,lexicase,FALSE,20,elitize_generation_data,95,449,0.835,NA
97,72,syllables,lexicase,FALSE,20,elitize_generation_data,96,454,0.807,NA
98,72,syllables,lexicase,FALSE,20,elitize_generation_data,97,445,0.819,NA
99,72,syllables,lexicase,FALSE,20,elitize_generation_data,98,457,0.845,NA
100,72,syllables,lexicase,FALSE,20,elitize_generation_data,99,436,0.829,NA
101,72,syllables,lexicase,FALSE,20,elitize_generation_data,100,443,0.809,NA
102,72,syllables,lexicase,FALSE,20,elitize_generation_data,101,433,0.795,NA
103,72,syllables,lexicase,FALSE,20,elitize_generation_data,102,434,0.813,NA
104,72,syllables,lexicase,FALSE,20,elitize_generation_data,103,441,0.819,NA
105,72,syllables,lexicase,FALSE,20,elitize_generation_data,104,416,0.788,NA
106,72,syllables,lexicase,FALSE,20,elitize_generation_data,105,425,0.806,NA
107,72,syllables,lexicase,FALSE,20,elitize_generation_data,106,456,0.826,NA
108,72,syllables,lexicase,FALSE,20,elitize_generation_data,107,429,0.819,NA
109,72,syllables,lexicase,FALSE,20,elitize_generation_data,108,419,0.794,NA
110,72,syllables,lexicase,FALSE,20,elitize_generation_data,109,436,0.808,NA
111,72,syllables,lexicase,FALSE,20,elitize_generation_data,110,458,0.799,NA
112,72,syllables,lexicase,FALSE,20,elitize_generation_data,111,445,0.82,NA
113,72,syllables,lexicase,FALSE,20,elitize_generation_data,112,431,0.808,NA
114,72,syllables,lexicase,FALSE,20,elitize_generation_data,113,456,0.823,NA
115,72,syllables,lexicase,FALSE,20,elitize_generation_data,114,438,0.814,NA
116,72,syllables,lexicase,FALSE,20,elitize_generation_data,115,430,0.798,NA
117,72,syllables,lexicase,FALSE,20,elitize_generation_data,116,438,0.788,NA
118,72,syllables,lexicase,FALSE,20,elitize_generation_data,117,435,0.811,NA
119,72,syllables,lexicase,FALSE,20,elitize_generation_data,118,431,0.793,NA
120,72,syllables,lexicase,FALSE,20,elitize_generation_data,119,456,0.82,NA
121,72,syllables,lexicase,FALSE,20,elitize_generation_data,120,454,0.809,NA
122,72,syllables,lexicase,FALSE,20,elitize_generation_data,121,484,0.824,NA
123,72,syllables,lexicase,FALSE,20,elitize_generation_data,122,429,0.807,NA
124,72,syllables,lexicase,FALSE,20,elitize_generation_data,123,449,0.824,NA
125,72,syllables,lexicase,FALSE,20,elitize_generation_data,124,441,0.813,NA
126,72,syllables,lexicase,FALSE,20,elitize_generation_data,125,472,0.826,NA
127,72,syllables,lexicase,FALSE,20,elitize_generation_data,126,456,0.84,NA
128,72,syllables,lexicase,FALSE,20,elitize_generation_data,127,453,0.811,NA
129,72,syllables,lexicase,FALSE,20,elitize_generation_data,128,461,0.816,NA
130,72,syllables,lexicase,FALSE,20,elitize_generation_data,129,472,0.809,NA
131,72,syllables,lexicase,FALSE,20,elitize_generation_data,130,477,0.814,NA
132,72,syllables,lexicase,FALSE,20,elitize_generation_data,131,498,0.819,NA
133,72,syllables,lexicase,FALSE,20,elitize_generation_data,132,497,0.842,NA
134,72,syllables,lexicase,FALSE,20,elitize_generation_data,133,466,0.831,NA
135,72,syllables,lexicase,FALSE,20,elitize_generation_data,134,482,0.809,NA
136,72,syllables,lexicase,FALSE,20,elitize_generation_data,135,491,0.821,NA
137,72,syllables,lexicase,FALSE,20,elitize_generation_data,136,474,0.827,NA
138,72,syllables,lexicase,FALSE,20,elitize_generation_data,137,464,0.805,NA
139,72,syllables,lexicase,FALSE,20,elitize_generation_data,138,487,0.826,NA
140,72,syllables,lexicase,FALSE,20,elitize_generation_data,139,491,0.815,NA
141,72,syllables,lexicase,FALSE,20,elitize_generation_data,140,481,0.829,NA
142,72,syllables,lexicase,FALSE,20,elitize_generation_data,141,507,0.83,NA
143,72,syllables,lexicase,FALSE,20,elitize_generation_data,142,486,0.835,NA
144,72,syllables,lexicase,FALSE,20,elitize_generation_data,143,475,0.836,NA
145,72,syllables,lexicase,FALSE,20,elitize_generation_data,144,498,0.844,NA
146,72,syllables,lexicase,FALSE,20,elitize_generation_data,145,465,0.825,NA
147,72,syllables,lexicase,FALSE,20,elitize_generation_data,146,460,0.819,NA
148,72,syllables,lexicase,FALSE,20,elitize_generation_data,147,480,0.827,NA
149,72,syllables,lexicase,FALSE,20,elitize_generation_data,148,487,0.83,NA
150,72,syllables,lexicase,FALSE,20,elitize_generation_data,149,513,0.835,NA
151,72,syllables,lexicase,FALSE,20,elitize_generation_data,150,500,0.854,NA
152,72,syllables,lexicase,FALSE,20,elitize_generation_data,151,502,0.836,NA
153,72,syllables,lexicase,FALSE,20,elitize_generation_data,152,521,0.85,NA
154,72,syllables,lexicase,FALSE,20,elitize_generation_data,153,505,0.833,NA
155,72,syllables,lexicase,FALSE,20,elitize_generation_data,154,495,0.835,NA
156,72,syllables,lexicase,FALSE,20,elitize_generation_data,155,500,0.824,NA
157,72,syllables,lexicase,FALSE,20,elitize_generation_data,156,506,0.828,NA
158,72,syllables,lexicase,FALSE,20,elitize_generation_data,157,507,0.833,NA
159,72,syllables,lexicase,FALSE,20,elitize_generation_data,158,533,0.852,NA
160,72,syllables,lexicase,FALSE,20,elitize_generation_data,159,526,0.842,NA
161,72,syllables,lexicase,FALSE,20,elitize_generation_data,160,513,0.829,NA
162,72,syllables,lexicase,FALSE,20,elitize_generation_data,161,519,0.845,NA
163,72,syllables,lexicase,FALSE,20,elitize_generation_data,162,507,0.833,NA
164,72,syllables,lexicase,FALSE,20,elitize_generation_data,163,493,0.837,NA
165,72,syllables,lexicase,FALSE,20,elitize_generation_data,164,502,0.822,NA
166,72,syllables,lexicase,FALSE,20,elitize_generation_data,165,487,0.822,NA
167,72,syllables,lexicase,FALSE,20,elitize_generation_data,166,500,0.82,NA
168,72,syllables,lexicase,FALSE,20,elitize_generation_data,167,509,0.839,NA
169,72,syllables,lexicase,FALSE,20,elitize_generation_data,168,485,0.805,NA
170,72,syllables,lexicase,FALSE,20,elitize_generation_data,169,483,0.818,NA
171,72,syllables,lexicase,FALSE,20,elitize_generation_data,170,493,0.836,NA
172,72,syllables,lexicase,FALSE,20,elitize_generation_data,171,474,0.817,NA
173,72,syllables,lexicase,FALSE,20,elitize_generation_data,172,491,0.82,NA
174,72,syllables,lexicase,FALSE,20,elitize_generation_data,173,469,0.811,NA
175,72,syllables,lexicase,FALSE,20,elitize_generation_data,174,499,0.807,NA
176,72,syllables,lexicase,FALSE,20,elitize_generation_data,175,484,0.806,NA
177,72,syllables,lexicase,FALSE,20,elitize_generation_data,176,474,0.801,NA
178,72,syllables,lexicase,FALSE,20,elitize_generation_data,177,502,0.817,NA
179,72,syllables,lexicase,FALSE,20,elitize_generation_data,178,504,0.837,NA
180,72,syllables,lexicase,FALSE,20,elitize_generation_data,179,502,0.815,NA
181,72,syllables,lexicase,FALSE,20,elitize_generation_data,180,492,0.82,NA
182,72,syllables,lexicase,FALSE,20,elitize_generation_data,181,510,0.809,NA
183,72,syllables,lexicase,FALSE,20,elitize_generation_data,182,492,0.804,NA
184,72,syllables,lexicase,FALSE,20,elitize_generation_data,183,489,0.815,NA
185,72,syllables,lexicase,FALSE,20,elitize_generation_data,184,501,0.825,NA
186,72,syllables,lexicase,FALSE,20,elitize_generation_data,185,490,0.842,NA
187,72,syllables,lexicase,FALSE,20,elitize_generation_data,186,506,0.82,NA
188,72,syllables,lexicase,FALSE,20,elitize_generation_data,187,487,0.809,NA
189,72,syllables,lexicase,FALSE,20,elitize_generation_data,188,468,0.82,NA
190,72,syllables,lexicase,FALSE,20,elitize_generation_data,189,493,0.843,NA
191,72,syllables,lexicase,FALSE,20,elitize_generation_data,190,509,0.838,NA
192,72,syllables,lexicase,FALSE,20,elitize_generation_data,191,480,0.837,NA
193,72,syllables,lexicase,FALSE,20,elitize_generation_data,192,498,0.839,NA
194,72,syllables,lexicase,FALSE,20,elitize_generation_data,193,518,0.84,NA
195,72,syllables,lexicase,FALSE,20,elitize_generation_data,194,514,0.818,NA
196,72,syllables,lexicase,FALSE,20,elitize_generation_data,195,487,0.816,NA
197,72,syllables,lexicase,FALSE,20,elitize_generation_data,196,478,0.812,NA
198,72,syllables,lexicase,FALSE,20,elitize_generation_data,197,498,0.843,NA
199,72,syllables,lexicase,FALSE,20,elitize_generation_data,198,488,0.833,NA
200,72,syllables,lexicase,FALSE,20,elitize_generation_data,199,468,0.825,NA
201,72,syllables,lexicase,FALSE,20,elitize_generation_data,200,470,0.849,NA
202,72,syllables,lexicase,FALSE,20,elitize_generation_data,201,483,0.831,NA
203,72,syllables,lexicase,FALSE,20,elitize_generation_data,202,468,0.84,NA
204,72,syllables,lexicase,FALSE,20,elitize_generation_data,203,470,0.849,NA
205,72,syllables,lexicase,FALSE,20,elitize_generation_data,204,502,0.837,NA
206,72,syllables,lexicase,FALSE,20,elitize_generation_data,205,487,0.833,NA
207,72,syllables,lexicase,FALSE,20,elitize_generation_data,206,497,0.851,NA
208,72,syllables,lexicase,FALSE,20,elitize_generation_data,207,515,0.842,NA
209,72,syllables,lexicase,FALSE,20,elitize_generation_data,208,493,0.855,NA
210,72,syllables,lexicase,FALSE,20,elitize_generation_data,209,505,0.838,NA
211,72,syllables,lexicase,FALSE,20,elitize_generation_data,210,475,0.814,NA
212,72,syllables,lexicase,FALSE,20,elitize_generation_data,211,460,0.824,NA
213,72,syllables,lexicase,FALSE,20,elitize_generation_data,212,479,0.839,NA
214,72,syllables,lexicase,FALSE,20,elitize_generation_data,213,461,0.833,NA
215,72,syllables,lexicase,FALSE,20,elitize_generation_data,214,469,0.843,NA
216,72,syllables,lexicase,FALSE,20,elitize_generation_data,215,467,0.829,NA
217,72,syllables,lexicase,FALSE,20,elitize_generation_data,216,486,0.833,NA
218,72,syllables,lexicase,FALSE,20,elitize_generation_data,217,473,0.844,NA
219,72,syllables,lexicase,FALSE,20,elitize_generation_data,218,490,0.837,NA
220,72,syllables,lexicase,FALSE,20,elitize_generation_data,219,457,0.808,NA
221,72,syllables,lexicase,FALSE,20,elitize_generation_data,220,438,0.809,NA
222,72,syllables,lexicase,FALSE,20,elitize_generation_data,221,459,0.815,NA
223,72,syllables,lexicase,FALSE,20,elitize_generation_data,222,475,0.816,NA
224,72,syllables,lexicase,FALSE,20,elitize_generation_data,223,485,0.822,NA
225,72,syllables,lexicase,FALSE,20,elitize_generation_data,224,497,0.847,NA
226,72,syllables,lexicase,FALSE,20,elitize_generation_data,225,453,0.815,NA
227,72,syllables,lexicase,FALSE,20,elitize_generation_data,226,434,0.793,NA
228,72,syllables,lexicase,FALSE,20,elitize_generation_data,227,460,0.825,NA
229,72,syllables,lexicase,FALSE,20,elitize_generation_data,228,465,0.804,NA
230,72,syllables,lexicase,FALSE,20,elitize_generation_data,229,489,0.826,NA
231,72,syllables,lexicase,FALSE,20,elitize_generation_data,230,476,0.841,NA
232,72,syllables,lexicase,FALSE,20,elitize_generation_data,231,501,0.817,NA
233,72,syllables,lexicase,FALSE,20,elitize_generation_data,232,483,0.833,NA
234,72,syllables,lexicase,FALSE,20,elitize_generation_data,233,479,0.816,NA
235,72,syllables,lexicase,FALSE,20,elitize_generation_data,234,493,0.841,NA
236,72,syllables,lexicase,FALSE,20,elitize_generation_data,235,467,0.827,NA
237,72,syllables,lexicase,FALSE,20,elitize_generation_data,236,508,0.838,NA
238,72,syllables,lexicase,FALSE,20,elitize_generation_data,237,468,0.801,NA
239,72,syllables,lexicase,FALSE,20,elitize_generation_data,238,485,0.812,NA
240,72,syllables,lexicase,FALSE,20,elitize_generation_data,239,485,0.839,NA
241,72,syllables,lexicase,FALSE,20,elitize_generation_data,240,489,0.809,NA
242,72,syllables,lexicase,FALSE,20,elitize_generation_data,241,486,0.826,NA
243,72,syllables,lexicase,FALSE,20,elitize_generation_data,242,468,0.816,NA
244,72,syllables,lexicase,FALSE,20,elitize_generation_data,243,475,0.822,NA
245,72,syllables,lexicase,FALSE,20,elitize_generation_data,244,492,0.837,NA
246,72,syllables,lexicase,FALSE,20,elitize_generation_data,245,494,0.821,NA
247,72,syllables,lexicase,FALSE,20,elitize_generation_data,246,480,0.812,NA
248,72,syllables,lexicase,FALSE,20,elitize_generation_data,247,509,0.827,NA
249,72,syllables,lexicase,FALSE,20,elitize_generation_data,248,499,0.822,NA
250,72,syllables,lexicase,FALSE,20,elitize_generation_data,249,497,0.835,NA
251,72,syllables,lexicase,FALSE,20,elitize_generation_data,250,509,0.828,NA
252,72,syllables,lexicase,FALSE,20,elitize_generation_data,251,485,0.818,NA
253,72,syllables,lexicase,FALSE,20,elitize_generation_data,252,488,0.83,NA
254,72,syllables,lexicase,FALSE,20,elitize_generation_data,253,506,0.833,NA
255,72,syllables,lexicase,FALSE,20,elitize_generation_data,254,509,0.84,NA
256,72,syllables,lexicase,FALSE,20,elitize_generation_data,255,494,0.827,NA
257,72,syllables,lexicase,FALSE,20,elitize_generation_data,256,487,0.837,NA
258,72,syllables,lexicase,FALSE,20,elitize_generation_data,257,489,0.83,NA
259,72,syllables,lexicase,FALSE,20,elitize_generation_data,258,512,0.863,NA
260,72,syllables,lexicase,FALSE,20,elitize_generation_data,259,531,0.832,NA
261,72,syllables,lexicase,FALSE,20,elitize_generation_data,260,513,0.838,NA
262,72,syllables,lexicase,FALSE,20,elitize_generation_data,261,509,0.834,NA
263,72,syllables,lexicase,FALSE,20,elitize_generation_data,262,488,0.838,NA
264,72,syllables,lexicase,FALSE,20,elitize_generation_data,263,494,0.843,NA
265,72,syllables,lexicase,FALSE,20,elitize_generation_data,264,484,0.826,NA
266,72,syllables,lexicase,FALSE,20,elitize_generation_data,265,496,0.826,NA
267,72,syllables,lexicase,FALSE,20,elitize_generation_data,266,497,0.855,NA
268,72,syllables,lexicase,FALSE,20,elitize_generation_data,267,477,0.848,NA
269,72,syllables,lexicase,FALSE,20,elitize_generation_data,268,465,0.857,NA
270,72,syllables,lexicase,FALSE,20,elitize_generation_data,269,506,0.845,NA
271,72,syllables,lexicase,FALSE,20,elitize_generation_data,270,488,0.851,NA
272,72,syllables,lexicase,FALSE,20,elitize_generation_data,271,479,0.842,NA
273,72,syllables,lexicase,FALSE,20,elitize_generation_data,272,440,0.829,NA
274,72,syllables,lexicase,FALSE,20,elitize_generation_data,273,504,0.836,NA
275,72,syllables,lexicase,FALSE,20,elitize_generation_data,274,468,0.825,NA
276,72,syllables,lexicase,FALSE,20,elitize_generation_data,275,469,0.832,NA
277,72,syllables,lexicase,FALSE,20,elitize_generation_data,276,477,0.84,NA
278,72,syllables,lexicase,FALSE,20,elitize_generation_data,277,468,0.845,NA
279,72,syllables,lexicase,FALSE,20,elitize_generation_data,278,487,0.846,NA
280,72,syllables,lexicase,FALSE,20,elitize_generation_data,279,462,0.846,NA
281,72,syllables,lexicase,FALSE,20,elitize_generation_data,280,441,0.826,NA
282,72,syllables,lexicase,FALSE,20,elitize_generation_data,281,465,0.845,NA
283,72,syllables,lexicase,FALSE,20,elitize_generation_data,282,480,0.834,NA
284,72,syllables,lexicase,FALSE,20,elitize_generation_data,283,431,0.837,NA
285,72,syllables,lexicase,FALSE,20,elitize_generation_data,284,444,0.855,NA
286,72,syllables,lexicase,FALSE,20,elitize_generation_data,285,457,0.844,NA
287,72,syllables,lexicase,FALSE,20,elitize_generation_data,286,464,0.844,NA
288,72,syllables,lexicase,FALSE,20,elitize_generation_data,287,463,0.853,NA
289,72,syllables,lexicase,FALSE,20,elitize_generation_data,288,467,0.851,NA
290,72,syllables,lexicase,FALSE,20,elitize_generation_data,289,490,0.847,NA
291,72,syllables,lexicase,FALSE,20,elitize_generation_data,290,470,0.85,NA
292,72,syllables,lexicase,FALSE,20,elitize_generation_data,291,475,0.846,NA
293,72,syllables,lexicase,FALSE,20,elitize_generation_data,292,447,0.845,NA
294,72,syllables,lexicase,FALSE,20,elitize_generation_data,293,484,0.823,NA
295,72,syllables,lexicase,FALSE,20,elitize_generation_data,294,476,0.849,NA
296,72,syllables,lexicase,FALSE,20,elitize_generation_data,295,466,0.841,NA
297,72,syllables,lexicase,FALSE,20,elitize_generation_data,296,449,0.859,NA
298,72,syllables,lexicase,FALSE,20,elitize_generation_data,297,468,0.828,NA
299,72,syllables,lexicase,FALSE,20,elitize_generation_data,298,469,0.85,NA
300,72,syllables,lexicase,FALSE,20,elitize_generation_data,299,496,0.867,NA
301,72,syllables,lexicase,FALSE,20,elitize_generation_data,300,504,0.853,NA
