,run.num,problem,treatment,succeeded,height,normalization.function,generation,cluster.count,error.diversity,success.generation
1,11,syllables,lexicase,FALSE,20,elitize_generation_data,0,4,0.267,NA
2,11,syllables,lexicase,FALSE,20,elitize_generation_data,1,7,0.083,NA
3,11,syllables,lexicase,FALSE,20,elitize_generation_data,2,10,0.093,NA
4,11,syllables,lexicase,FALSE,20,elitize_generation_data,3,7,0.152,NA
5,11,syllables,lexicase,FALSE,20,elitize_generation_data,4,7,0.153,NA
6,11,syllables,lexicase,FALSE,20,elitize_generation_data,5,7,0.134,NA
7,11,syllables,lexicase,FALSE,20,elitize_generation_data,6,8,0.183,NA
8,11,syllables,lexicase,FALSE,20,elitize_generation_data,7,10,0.251,NA
9,11,syllables,lexicase,FALSE,20,elitize_generation_data,8,16,0.345,NA
10,11,syllables,lexicase,FALSE,20,elitize_generation_data,9,28,0.428,NA
11,11,syllables,lexicase,FALSE,20,elitize_generation_data,10,41,0.456,NA
12,11,syllables,lexicase,FALSE,20,elitize_generation_data,11,50,0.495,NA
13,11,syllables,lexicase,FALSE,20,elitize_generation_data,12,57,0.5,NA
14,11,syllables,lexicase,FALSE,20,elitize_generation_data,13,69,0.54,NA
15,11,syllables,lexicase,FALSE,20,elitize_generation_data,14,84,0.575,NA
16,11,syllables,lexicase,FALSE,20,elitize_generation_data,15,88,0.579,NA
17,11,syllables,lexicase,FALSE,20,elitize_generation_data,16,116,0.585,NA
18,11,syllables,lexicase,FALSE,20,elitize_generation_data,17,107,0.596,NA
19,11,syllables,lexicase,FALSE,20,elitize_generation_data,18,117,0.611,NA
20,11,syllables,lexicase,FALSE,20,elitize_generation_data,19,130,0.648,NA
21,11,syllables,lexicase,FALSE,20,elitize_generation_data,20,110,0.622,NA
22,11,syllables,lexicase,FALSE,20,elitize_generation_data,21,115,0.606,NA
23,11,syllables,lexicase,FALSE,20,elitize_generation_data,22,118,0.622,NA
24,11,syllables,lexicase,FALSE,20,elitize_generation_data,23,121,0.638,NA
25,11,syllables,lexicase,FALSE,20,elitize_generation_data,24,117,0.601,NA
26,11,syllables,lexicase,FALSE,20,elitize_generation_data,25,125,0.63,NA
27,11,syllables,lexicase,FALSE,20,elitize_generation_data,26,132,0.612,NA
28,11,syllables,lexicase,FALSE,20,elitize_generation_data,27,134,0.64,NA
29,11,syllables,lexicase,FALSE,20,elitize_generation_data,28,136,0.643,NA
30,11,syllables,lexicase,FALSE,20,elitize_generation_data,29,142,0.623,NA
31,11,syllables,lexicase,FALSE,20,elitize_generation_data,30,146,0.617,NA
32,11,syllables,lexicase,FALSE,20,elitize_generation_data,31,156,0.67,NA
33,11,syllables,lexicase,FALSE,20,elitize_generation_data,32,150,0.68,NA
34,11,syllables,lexicase,FALSE,20,elitize_generation_data,33,138,0.663,NA
35,11,syllables,lexicase,FALSE,20,elitize_generation_data,34,141,0.61,NA
36,11,syllables,lexicase,FALSE,20,elitize_generation_data,35,164,0.63,NA
37,11,syllables,lexicase,FALSE,20,elitize_generation_data,36,190,0.645,NA
38,11,syllables,lexicase,FALSE,20,elitize_generation_data,37,176,0.67,NA
39,11,syllables,lexicase,FALSE,20,elitize_generation_data,38,163,0.654,NA
40,11,syllables,lexicase,FALSE,20,elitize_generation_data,39,177,0.63,NA
41,11,syllables,lexicase,FALSE,20,elitize_generation_data,40,171,0.656,NA
42,11,syllables,lexicase,FALSE,20,elitize_generation_data,41,191,0.68,NA
43,11,syllables,lexicase,FALSE,20,elitize_generation_data,42,184,0.662,NA
44,11,syllables,lexicase,FALSE,20,elitize_generation_data,43,182,0.648,NA
45,11,syllables,lexicase,FALSE,20,elitize_generation_data,44,191,0.664,NA
46,11,syllables,lexicase,FALSE,20,elitize_generation_data,45,192,0.635,NA
47,11,syllables,lexicase,FALSE,20,elitize_generation_data,46,189,0.649,NA
48,11,syllables,lexicase,FALSE,20,elitize_generation_data,47,189,0.668,NA
49,11,syllables,lexicase,FALSE,20,elitize_generation_data,48,208,0.681,NA
50,11,syllables,lexicase,FALSE,20,elitize_generation_data,49,217,0.687,NA
51,11,syllables,lexicase,FALSE,20,elitize_generation_data,50,222,0.698,NA
52,11,syllables,lexicase,FALSE,20,elitize_generation_data,51,224,0.704,NA
53,11,syllables,lexicase,FALSE,20,elitize_generation_data,52,237,0.724,NA
54,11,syllables,lexicase,FALSE,20,elitize_generation_data,53,231,0.712,NA
55,11,syllables,lexicase,FALSE,20,elitize_generation_data,54,229,0.696,NA
56,11,syllables,lexicase,FALSE,20,elitize_generation_data,55,232,0.707,NA
57,11,syllables,lexicase,FALSE,20,elitize_generation_data,56,251,0.701,NA
58,11,syllables,lexicase,FALSE,20,elitize_generation_data,57,247,0.701,NA
59,11,syllables,lexicase,FALSE,20,elitize_generation_data,58,243,0.686,NA
60,11,syllables,lexicase,FALSE,20,elitize_generation_data,59,271,0.7,NA
61,11,syllables,lexicase,FALSE,20,elitize_generation_data,60,263,0.715,NA
62,11,syllables,lexicase,FALSE,20,elitize_generation_data,61,272,0.708,NA
63,11,syllables,lexicase,FALSE,20,elitize_generation_data,62,262,0.692,NA
64,11,syllables,lexicase,FALSE,20,elitize_generation_data,63,269,0.701,NA
65,11,syllables,lexicase,FALSE,20,elitize_generation_data,64,277,0.709,NA
66,11,syllables,lexicase,FALSE,20,elitize_generation_data,65,300,0.733,NA
67,11,syllables,lexicase,FALSE,20,elitize_generation_data,66,292,0.73,NA
68,11,syllables,lexicase,FALSE,20,elitize_generation_data,67,282,0.745,NA
69,11,syllables,lexicase,FALSE,20,elitize_generation_data,68,302,0.719,NA
70,11,syllables,lexicase,FALSE,20,elitize_generation_data,69,310,0.742,NA
71,11,syllables,lexicase,FALSE,20,elitize_generation_data,70,313,0.747,NA
72,11,syllables,lexicase,FALSE,20,elitize_generation_data,71,325,0.761,NA
73,11,syllables,lexicase,FALSE,20,elitize_generation_data,72,321,0.757,NA
74,11,syllables,lexicase,FALSE,20,elitize_generation_data,73,323,0.75,NA
75,11,syllables,lexicase,FALSE,20,elitize_generation_data,74,322,0.761,NA
76,11,syllables,lexicase,FALSE,20,elitize_generation_data,75,331,0.773,NA
77,11,syllables,lexicase,FALSE,20,elitize_generation_data,76,287,0.749,NA
78,11,syllables,lexicase,FALSE,20,elitize_generation_data,77,297,0.753,NA
79,11,syllables,lexicase,FALSE,20,elitize_generation_data,78,329,0.77,NA
80,11,syllables,lexicase,FALSE,20,elitize_generation_data,79,320,0.768,NA
81,11,syllables,lexicase,FALSE,20,elitize_generation_data,80,327,0.734,NA
82,11,syllables,lexicase,FALSE,20,elitize_generation_data,81,325,0.745,NA
83,11,syllables,lexicase,FALSE,20,elitize_generation_data,82,328,0.747,NA
84,11,syllables,lexicase,FALSE,20,elitize_generation_data,83,351,0.763,NA
85,11,syllables,lexicase,FALSE,20,elitize_generation_data,84,348,0.766,NA
86,11,syllables,lexicase,FALSE,20,elitize_generation_data,85,346,0.769,NA
87,11,syllables,lexicase,FALSE,20,elitize_generation_data,86,357,0.786,NA
88,11,syllables,lexicase,FALSE,20,elitize_generation_data,87,344,0.774,NA
89,11,syllables,lexicase,FALSE,20,elitize_generation_data,88,356,0.789,NA
90,11,syllables,lexicase,FALSE,20,elitize_generation_data,89,369,0.791,NA
91,11,syllables,lexicase,FALSE,20,elitize_generation_data,90,357,0.789,NA
92,11,syllables,lexicase,FALSE,20,elitize_generation_data,91,356,0.774,NA
93,11,syllables,lexicase,FALSE,20,elitize_generation_data,92,349,0.791,NA
94,11,syllables,lexicase,FALSE,20,elitize_generation_data,93,327,0.75,NA
95,11,syllables,lexicase,FALSE,20,elitize_generation_data,94,352,0.763,NA
96,11,syllables,lexicase,FALSE,20,elitize_generation_data,95,364,0.771,NA
97,11,syllables,lexicase,FALSE,20,elitize_generation_data,96,361,0.804,NA
98,11,syllables,lexicase,FALSE,20,elitize_generation_data,97,327,0.779,NA
99,11,syllables,lexicase,FALSE,20,elitize_generation_data,98,360,0.785,NA
100,11,syllables,lexicase,FALSE,20,elitize_generation_data,99,332,0.771,NA
101,11,syllables,lexicase,FALSE,20,elitize_generation_data,100,345,0.801,NA
102,11,syllables,lexicase,FALSE,20,elitize_generation_data,101,352,0.794,NA
103,11,syllables,lexicase,FALSE,20,elitize_generation_data,102,358,0.811,NA
104,11,syllables,lexicase,FALSE,20,elitize_generation_data,103,355,0.79,NA
105,11,syllables,lexicase,FALSE,20,elitize_generation_data,104,342,0.798,NA
106,11,syllables,lexicase,FALSE,20,elitize_generation_data,105,329,0.792,NA
107,11,syllables,lexicase,FALSE,20,elitize_generation_data,106,360,0.784,NA
108,11,syllables,lexicase,FALSE,20,elitize_generation_data,107,363,0.785,NA
109,11,syllables,lexicase,FALSE,20,elitize_generation_data,108,359,0.78,NA
110,11,syllables,lexicase,FALSE,20,elitize_generation_data,109,364,0.779,NA
111,11,syllables,lexicase,FALSE,20,elitize_generation_data,110,359,0.791,NA
112,11,syllables,lexicase,FALSE,20,elitize_generation_data,111,352,0.777,NA
113,11,syllables,lexicase,FALSE,20,elitize_generation_data,112,337,0.768,NA
114,11,syllables,lexicase,FALSE,20,elitize_generation_data,113,349,0.778,NA
115,11,syllables,lexicase,FALSE,20,elitize_generation_data,114,345,0.768,NA
116,11,syllables,lexicase,FALSE,20,elitize_generation_data,115,330,0.774,NA
117,11,syllables,lexicase,FALSE,20,elitize_generation_data,116,339,0.756,NA
118,11,syllables,lexicase,FALSE,20,elitize_generation_data,117,350,0.766,NA
119,11,syllables,lexicase,FALSE,20,elitize_generation_data,118,337,0.755,NA
120,11,syllables,lexicase,FALSE,20,elitize_generation_data,119,345,0.762,NA
121,11,syllables,lexicase,FALSE,20,elitize_generation_data,120,326,0.747,NA
122,11,syllables,lexicase,FALSE,20,elitize_generation_data,121,343,0.762,NA
123,11,syllables,lexicase,FALSE,20,elitize_generation_data,122,348,0.768,NA
124,11,syllables,lexicase,FALSE,20,elitize_generation_data,123,347,0.767,NA
125,11,syllables,lexicase,FALSE,20,elitize_generation_data,124,342,0.745,NA
126,11,syllables,lexicase,FALSE,20,elitize_generation_data,125,339,0.772,NA
127,11,syllables,lexicase,FALSE,20,elitize_generation_data,126,340,0.756,NA
128,11,syllables,lexicase,FALSE,20,elitize_generation_data,127,335,0.763,NA
129,11,syllables,lexicase,FALSE,20,elitize_generation_data,128,343,0.757,NA
130,11,syllables,lexicase,FALSE,20,elitize_generation_data,129,339,0.733,NA
131,11,syllables,lexicase,FALSE,20,elitize_generation_data,130,321,0.749,NA
132,11,syllables,lexicase,FALSE,20,elitize_generation_data,131,365,0.761,NA
133,11,syllables,lexicase,FALSE,20,elitize_generation_data,132,366,0.767,NA
134,11,syllables,lexicase,FALSE,20,elitize_generation_data,133,325,0.764,NA
135,11,syllables,lexicase,FALSE,20,elitize_generation_data,134,323,0.77,NA
136,11,syllables,lexicase,FALSE,20,elitize_generation_data,135,350,0.783,NA
137,11,syllables,lexicase,FALSE,20,elitize_generation_data,136,347,0.781,NA
138,11,syllables,lexicase,FALSE,20,elitize_generation_data,137,330,0.752,NA
139,11,syllables,lexicase,FALSE,20,elitize_generation_data,138,354,0.758,NA
140,11,syllables,lexicase,FALSE,20,elitize_generation_data,139,366,0.773,NA
141,11,syllables,lexicase,FALSE,20,elitize_generation_data,140,345,0.764,NA
142,11,syllables,lexicase,FALSE,20,elitize_generation_data,141,364,0.779,NA
143,11,syllables,lexicase,FALSE,20,elitize_generation_data,142,362,0.784,NA
144,11,syllables,lexicase,FALSE,20,elitize_generation_data,143,331,0.769,NA
145,11,syllables,lexicase,FALSE,20,elitize_generation_data,144,376,0.779,NA
146,11,syllables,lexicase,FALSE,20,elitize_generation_data,145,352,0.776,NA
147,11,syllables,lexicase,FALSE,20,elitize_generation_data,146,353,0.789,NA
148,11,syllables,lexicase,FALSE,20,elitize_generation_data,147,373,0.796,NA
149,11,syllables,lexicase,FALSE,20,elitize_generation_data,148,348,0.79,NA
150,11,syllables,lexicase,FALSE,20,elitize_generation_data,149,370,0.808,NA
151,11,syllables,lexicase,FALSE,20,elitize_generation_data,150,350,0.771,NA
152,11,syllables,lexicase,FALSE,20,elitize_generation_data,151,362,0.762,NA
153,11,syllables,lexicase,FALSE,20,elitize_generation_data,152,391,0.815,NA
154,11,syllables,lexicase,FALSE,20,elitize_generation_data,153,363,0.784,NA
155,11,syllables,lexicase,FALSE,20,elitize_generation_data,154,397,0.806,NA
156,11,syllables,lexicase,FALSE,20,elitize_generation_data,155,372,0.783,NA
157,11,syllables,lexicase,FALSE,20,elitize_generation_data,156,383,0.795,NA
158,11,syllables,lexicase,FALSE,20,elitize_generation_data,157,392,0.799,NA
159,11,syllables,lexicase,FALSE,20,elitize_generation_data,158,389,0.778,NA
160,11,syllables,lexicase,FALSE,20,elitize_generation_data,159,418,0.811,NA
161,11,syllables,lexicase,FALSE,20,elitize_generation_data,160,415,0.795,NA
162,11,syllables,lexicase,FALSE,20,elitize_generation_data,161,375,0.787,NA
163,11,syllables,lexicase,FALSE,20,elitize_generation_data,162,370,0.77,NA
164,11,syllables,lexicase,FALSE,20,elitize_generation_data,163,353,0.782,NA
165,11,syllables,lexicase,FALSE,20,elitize_generation_data,164,379,0.79,NA
166,11,syllables,lexicase,FALSE,20,elitize_generation_data,165,386,0.797,NA
167,11,syllables,lexicase,FALSE,20,elitize_generation_data,166,365,0.779,NA
168,11,syllables,lexicase,FALSE,20,elitize_generation_data,167,363,0.782,NA
169,11,syllables,lexicase,FALSE,20,elitize_generation_data,168,346,0.766,NA
170,11,syllables,lexicase,FALSE,20,elitize_generation_data,169,368,0.78,NA
171,11,syllables,lexicase,FALSE,20,elitize_generation_data,170,391,0.79,NA
172,11,syllables,lexicase,FALSE,20,elitize_generation_data,171,384,0.812,NA
173,11,syllables,lexicase,FALSE,20,elitize_generation_data,172,376,0.792,NA
174,11,syllables,lexicase,FALSE,20,elitize_generation_data,173,408,0.784,NA
175,11,syllables,lexicase,FALSE,20,elitize_generation_data,174,405,0.818,NA
176,11,syllables,lexicase,FALSE,20,elitize_generation_data,175,378,0.78,NA
177,11,syllables,lexicase,FALSE,20,elitize_generation_data,176,398,0.811,NA
178,11,syllables,lexicase,FALSE,20,elitize_generation_data,177,365,0.76,NA
179,11,syllables,lexicase,FALSE,20,elitize_generation_data,178,345,0.772,NA
180,11,syllables,lexicase,FALSE,20,elitize_generation_data,179,367,0.817,NA
181,11,syllables,lexicase,FALSE,20,elitize_generation_data,180,355,0.744,NA
182,11,syllables,lexicase,FALSE,20,elitize_generation_data,181,368,0.773,NA
183,11,syllables,lexicase,FALSE,20,elitize_generation_data,182,364,0.77,NA
184,11,syllables,lexicase,FALSE,20,elitize_generation_data,183,349,0.759,NA
185,11,syllables,lexicase,FALSE,20,elitize_generation_data,184,370,0.78,NA
186,11,syllables,lexicase,FALSE,20,elitize_generation_data,185,373,0.754,NA
187,11,syllables,lexicase,FALSE,20,elitize_generation_data,186,362,0.757,NA
188,11,syllables,lexicase,FALSE,20,elitize_generation_data,187,357,0.768,NA
189,11,syllables,lexicase,FALSE,20,elitize_generation_data,188,338,0.743,NA
190,11,syllables,lexicase,FALSE,20,elitize_generation_data,189,334,0.748,NA
191,11,syllables,lexicase,FALSE,20,elitize_generation_data,190,365,0.749,NA
192,11,syllables,lexicase,FALSE,20,elitize_generation_data,191,361,0.762,NA
193,11,syllables,lexicase,FALSE,20,elitize_generation_data,192,351,0.759,NA
194,11,syllables,lexicase,FALSE,20,elitize_generation_data,193,374,0.759,NA
195,11,syllables,lexicase,FALSE,20,elitize_generation_data,194,364,0.766,NA
196,11,syllables,lexicase,FALSE,20,elitize_generation_data,195,382,0.768,NA
197,11,syllables,lexicase,FALSE,20,elitize_generation_data,196,360,0.766,NA
198,11,syllables,lexicase,FALSE,20,elitize_generation_data,197,368,0.799,NA
199,11,syllables,lexicase,FALSE,20,elitize_generation_data,198,358,0.753,NA
200,11,syllables,lexicase,FALSE,20,elitize_generation_data,199,364,0.775,NA
201,11,syllables,lexicase,FALSE,20,elitize_generation_data,200,334,0.747,NA
202,11,syllables,lexicase,FALSE,20,elitize_generation_data,201,316,0.741,NA
203,11,syllables,lexicase,FALSE,20,elitize_generation_data,202,384,0.754,NA
204,11,syllables,lexicase,FALSE,20,elitize_generation_data,203,371,0.767,NA
205,11,syllables,lexicase,FALSE,20,elitize_generation_data,204,380,0.813,NA
206,11,syllables,lexicase,FALSE,20,elitize_generation_data,205,372,0.762,NA
207,11,syllables,lexicase,FALSE,20,elitize_generation_data,206,378,0.77,NA
208,11,syllables,lexicase,FALSE,20,elitize_generation_data,207,363,0.787,NA
209,11,syllables,lexicase,FALSE,20,elitize_generation_data,208,384,0.803,NA
210,11,syllables,lexicase,FALSE,20,elitize_generation_data,209,386,0.78,NA
211,11,syllables,lexicase,FALSE,20,elitize_generation_data,210,366,0.757,NA
212,11,syllables,lexicase,FALSE,20,elitize_generation_data,211,371,0.773,NA
213,11,syllables,lexicase,FALSE,20,elitize_generation_data,212,375,0.774,NA
214,11,syllables,lexicase,FALSE,20,elitize_generation_data,213,360,0.758,NA
215,11,syllables,lexicase,FALSE,20,elitize_generation_data,214,374,0.764,NA
216,11,syllables,lexicase,FALSE,20,elitize_generation_data,215,353,0.759,NA
217,11,syllables,lexicase,FALSE,20,elitize_generation_data,216,368,0.745,NA
218,11,syllables,lexicase,FALSE,20,elitize_generation_data,217,382,0.765,NA
219,11,syllables,lexicase,FALSE,20,elitize_generation_data,218,394,0.786,NA
220,11,syllables,lexicase,FALSE,20,elitize_generation_data,219,386,0.794,NA
221,11,syllables,lexicase,FALSE,20,elitize_generation_data,220,377,0.772,NA
222,11,syllables,lexicase,FALSE,20,elitize_generation_data,221,363,0.77,NA
223,11,syllables,lexicase,FALSE,20,elitize_generation_data,222,368,0.784,NA
224,11,syllables,lexicase,FALSE,20,elitize_generation_data,223,367,0.772,NA
225,11,syllables,lexicase,FALSE,20,elitize_generation_data,224,372,0.778,NA
226,11,syllables,lexicase,FALSE,20,elitize_generation_data,225,381,0.777,NA
227,11,syllables,lexicase,FALSE,20,elitize_generation_data,226,344,0.768,NA
228,11,syllables,lexicase,FALSE,20,elitize_generation_data,227,373,0.772,NA
229,11,syllables,lexicase,FALSE,20,elitize_generation_data,228,377,0.778,NA
230,11,syllables,lexicase,FALSE,20,elitize_generation_data,229,374,0.791,NA
231,11,syllables,lexicase,FALSE,20,elitize_generation_data,230,357,0.757,NA
232,11,syllables,lexicase,FALSE,20,elitize_generation_data,231,360,0.756,NA
233,11,syllables,lexicase,FALSE,20,elitize_generation_data,232,362,0.752,NA
234,11,syllables,lexicase,FALSE,20,elitize_generation_data,233,361,0.775,NA
235,11,syllables,lexicase,FALSE,20,elitize_generation_data,234,379,0.782,NA
236,11,syllables,lexicase,FALSE,20,elitize_generation_data,235,355,0.758,NA
237,11,syllables,lexicase,FALSE,20,elitize_generation_data,236,348,0.759,NA
238,11,syllables,lexicase,FALSE,20,elitize_generation_data,237,351,0.739,NA
239,11,syllables,lexicase,FALSE,20,elitize_generation_data,238,327,0.736,NA
240,11,syllables,lexicase,FALSE,20,elitize_generation_data,239,335,0.732,NA
241,11,syllables,lexicase,FALSE,20,elitize_generation_data,240,333,0.73,NA
242,11,syllables,lexicase,FALSE,20,elitize_generation_data,241,340,0.76,NA
243,11,syllables,lexicase,FALSE,20,elitize_generation_data,242,347,0.771,NA
244,11,syllables,lexicase,FALSE,20,elitize_generation_data,243,339,0.762,NA
245,11,syllables,lexicase,FALSE,20,elitize_generation_data,244,332,0.733,NA
246,11,syllables,lexicase,FALSE,20,elitize_generation_data,245,346,0.763,NA
247,11,syllables,lexicase,FALSE,20,elitize_generation_data,246,340,0.769,NA
248,11,syllables,lexicase,FALSE,20,elitize_generation_data,247,362,0.787,NA
249,11,syllables,lexicase,FALSE,20,elitize_generation_data,248,357,0.773,NA
250,11,syllables,lexicase,FALSE,20,elitize_generation_data,249,367,0.772,NA
251,11,syllables,lexicase,FALSE,20,elitize_generation_data,250,344,0.787,NA
252,11,syllables,lexicase,FALSE,20,elitize_generation_data,251,342,0.779,NA
253,11,syllables,lexicase,FALSE,20,elitize_generation_data,252,336,0.751,NA
254,11,syllables,lexicase,FALSE,20,elitize_generation_data,253,350,0.788,NA
255,11,syllables,lexicase,FALSE,20,elitize_generation_data,254,367,0.776,NA
256,11,syllables,lexicase,FALSE,20,elitize_generation_data,255,344,0.774,NA
257,11,syllables,lexicase,FALSE,20,elitize_generation_data,256,356,0.764,NA
258,11,syllables,lexicase,FALSE,20,elitize_generation_data,257,368,0.778,NA
259,11,syllables,lexicase,FALSE,20,elitize_generation_data,258,374,0.783,NA
260,11,syllables,lexicase,FALSE,20,elitize_generation_data,259,364,0.759,NA
261,11,syllables,lexicase,FALSE,20,elitize_generation_data,260,351,0.746,NA
262,11,syllables,lexicase,FALSE,20,elitize_generation_data,261,361,0.771,NA
263,11,syllables,lexicase,FALSE,20,elitize_generation_data,262,362,0.761,NA
264,11,syllables,lexicase,FALSE,20,elitize_generation_data,263,358,0.765,NA
265,11,syllables,lexicase,FALSE,20,elitize_generation_data,264,365,0.787,NA
266,11,syllables,lexicase,FALSE,20,elitize_generation_data,265,356,0.746,NA
267,11,syllables,lexicase,FALSE,20,elitize_generation_data,266,360,0.748,NA
268,11,syllables,lexicase,FALSE,20,elitize_generation_data,267,348,0.754,NA
269,11,syllables,lexicase,FALSE,20,elitize_generation_data,268,335,0.737,NA
270,11,syllables,lexicase,FALSE,20,elitize_generation_data,269,344,0.738,NA
271,11,syllables,lexicase,FALSE,20,elitize_generation_data,270,332,0.752,NA
272,11,syllables,lexicase,FALSE,20,elitize_generation_data,271,342,0.751,NA
273,11,syllables,lexicase,FALSE,20,elitize_generation_data,272,360,0.776,NA
274,11,syllables,lexicase,FALSE,20,elitize_generation_data,273,376,0.753,NA
275,11,syllables,lexicase,FALSE,20,elitize_generation_data,274,362,0.749,NA
276,11,syllables,lexicase,FALSE,20,elitize_generation_data,275,382,0.777,NA
277,11,syllables,lexicase,FALSE,20,elitize_generation_data,276,343,0.74,NA
278,11,syllables,lexicase,FALSE,20,elitize_generation_data,277,365,0.774,NA
279,11,syllables,lexicase,FALSE,20,elitize_generation_data,278,343,0.756,NA
280,11,syllables,lexicase,FALSE,20,elitize_generation_data,279,359,0.779,NA
281,11,syllables,lexicase,FALSE,20,elitize_generation_data,280,330,0.744,NA
282,11,syllables,lexicase,FALSE,20,elitize_generation_data,281,348,0.757,NA
283,11,syllables,lexicase,FALSE,20,elitize_generation_data,282,345,0.746,NA
284,11,syllables,lexicase,FALSE,20,elitize_generation_data,283,341,0.761,NA
285,11,syllables,lexicase,FALSE,20,elitize_generation_data,284,347,0.731,NA
286,11,syllables,lexicase,FALSE,20,elitize_generation_data,285,330,0.747,NA
287,11,syllables,lexicase,FALSE,20,elitize_generation_data,286,344,0.745,NA
288,11,syllables,lexicase,FALSE,20,elitize_generation_data,287,319,0.748,NA
289,11,syllables,lexicase,FALSE,20,elitize_generation_data,288,338,0.751,NA
290,11,syllables,lexicase,FALSE,20,elitize_generation_data,289,338,0.763,NA
291,11,syllables,lexicase,FALSE,20,elitize_generation_data,290,340,0.729,NA
292,11,syllables,lexicase,FALSE,20,elitize_generation_data,291,345,0.764,NA
293,11,syllables,lexicase,FALSE,20,elitize_generation_data,292,327,0.74,NA
294,11,syllables,lexicase,FALSE,20,elitize_generation_data,293,337,0.757,NA
295,11,syllables,lexicase,FALSE,20,elitize_generation_data,294,352,0.776,NA
296,11,syllables,lexicase,FALSE,20,elitize_generation_data,295,340,0.76,NA
297,11,syllables,lexicase,FALSE,20,elitize_generation_data,296,329,0.77,NA
298,11,syllables,lexicase,FALSE,20,elitize_generation_data,297,334,0.767,NA
299,11,syllables,lexicase,FALSE,20,elitize_generation_data,298,342,0.748,NA
300,11,syllables,lexicase,FALSE,20,elitize_generation_data,299,322,0.748,NA
301,11,syllables,lexicase,FALSE,20,elitize_generation_data,300,323,0.743,NA
