,run.num,problem,treatment,succeeded,height,normalization.function,generation,cluster.count,error.diversity,success.generation
1,12,syllables,lexicase,FALSE,20,elitize_generation_data,0,5,0.262,NA
2,12,syllables,lexicase,FALSE,20,elitize_generation_data,1,11,0.131,NA
3,12,syllables,lexicase,FALSE,20,elitize_generation_data,2,11,0.152,NA
4,12,syllables,lexicase,FALSE,20,elitize_generation_data,3,9,0.159,NA
5,12,syllables,lexicase,FALSE,20,elitize_generation_data,4,8,0.186,NA
6,12,syllables,lexicase,FALSE,20,elitize_generation_data,5,8,0.18,NA
7,12,syllables,lexicase,FALSE,20,elitize_generation_data,6,8,0.181,NA
8,12,syllables,lexicase,FALSE,20,elitize_generation_data,7,8,0.182,NA
9,12,syllables,lexicase,FALSE,20,elitize_generation_data,8,8,0.244,NA
10,12,syllables,lexicase,FALSE,20,elitize_generation_data,9,8,0.293,NA
11,12,syllables,lexicase,FALSE,20,elitize_generation_data,10,7,0.313,NA
12,12,syllables,lexicase,FALSE,20,elitize_generation_data,11,10,0.308,NA
13,12,syllables,lexicase,FALSE,20,elitize_generation_data,12,8,0.319,NA
14,12,syllables,lexicase,FALSE,20,elitize_generation_data,13,10,0.294,NA
15,12,syllables,lexicase,FALSE,20,elitize_generation_data,14,12,0.311,NA
16,12,syllables,lexicase,FALSE,20,elitize_generation_data,15,9,0.316,NA
17,12,syllables,lexicase,FALSE,20,elitize_generation_data,16,9,0.336,NA
18,12,syllables,lexicase,FALSE,20,elitize_generation_data,17,12,0.309,NA
19,12,syllables,lexicase,FALSE,20,elitize_generation_data,18,14,0.34,NA
20,12,syllables,lexicase,FALSE,20,elitize_generation_data,19,17,0.347,NA
21,12,syllables,lexicase,FALSE,20,elitize_generation_data,20,22,0.37,NA
22,12,syllables,lexicase,FALSE,20,elitize_generation_data,21,26,0.395,NA
23,12,syllables,lexicase,FALSE,20,elitize_generation_data,22,28,0.431,NA
24,12,syllables,lexicase,FALSE,20,elitize_generation_data,23,36,0.437,NA
25,12,syllables,lexicase,FALSE,20,elitize_generation_data,24,41,0.484,NA
26,12,syllables,lexicase,FALSE,20,elitize_generation_data,25,39,0.52,NA
27,12,syllables,lexicase,FALSE,20,elitize_generation_data,26,45,0.512,NA
28,12,syllables,lexicase,FALSE,20,elitize_generation_data,27,53,0.523,NA
29,12,syllables,lexicase,FALSE,20,elitize_generation_data,28,72,0.551,NA
30,12,syllables,lexicase,FALSE,20,elitize_generation_data,29,74,0.607,NA
31,12,syllables,lexicase,FALSE,20,elitize_generation_data,30,82,0.596,NA
32,12,syllables,lexicase,FALSE,20,elitize_generation_data,31,92,0.622,NA
33,12,syllables,lexicase,FALSE,20,elitize_generation_data,32,115,0.635,NA
34,12,syllables,lexicase,FALSE,20,elitize_generation_data,33,139,0.668,NA
35,12,syllables,lexicase,FALSE,20,elitize_generation_data,34,160,0.698,NA
36,12,syllables,lexicase,FALSE,20,elitize_generation_data,35,160,0.709,NA
37,12,syllables,lexicase,FALSE,20,elitize_generation_data,36,166,0.698,NA
38,12,syllables,lexicase,FALSE,20,elitize_generation_data,37,174,0.684,NA
39,12,syllables,lexicase,FALSE,20,elitize_generation_data,38,179,0.72,NA
40,12,syllables,lexicase,FALSE,20,elitize_generation_data,39,188,0.709,NA
41,12,syllables,lexicase,FALSE,20,elitize_generation_data,40,191,0.731,NA
42,12,syllables,lexicase,FALSE,20,elitize_generation_data,41,217,0.731,NA
43,12,syllables,lexicase,FALSE,20,elitize_generation_data,42,231,0.751,NA
44,12,syllables,lexicase,FALSE,20,elitize_generation_data,43,218,0.747,NA
45,12,syllables,lexicase,FALSE,20,elitize_generation_data,44,227,0.785,NA
46,12,syllables,lexicase,FALSE,20,elitize_generation_data,45,259,0.759,NA
47,12,syllables,lexicase,FALSE,20,elitize_generation_data,46,249,0.74,NA
48,12,syllables,lexicase,FALSE,20,elitize_generation_data,47,245,0.735,NA
49,12,syllables,lexicase,FALSE,20,elitize_generation_data,48,263,0.759,NA
50,12,syllables,lexicase,FALSE,20,elitize_generation_data,49,283,0.76,NA
51,12,syllables,lexicase,FALSE,20,elitize_generation_data,50,262,0.745,NA
52,12,syllables,lexicase,FALSE,20,elitize_generation_data,51,276,0.732,NA
53,12,syllables,lexicase,FALSE,20,elitize_generation_data,52,270,0.767,NA
54,12,syllables,lexicase,FALSE,20,elitize_generation_data,53,283,0.773,NA
55,12,syllables,lexicase,FALSE,20,elitize_generation_data,54,269,0.761,NA
56,12,syllables,lexicase,FALSE,20,elitize_generation_data,55,282,0.777,NA
57,12,syllables,lexicase,FALSE,20,elitize_generation_data,56,270,0.755,NA
58,12,syllables,lexicase,FALSE,20,elitize_generation_data,57,299,0.787,NA
59,12,syllables,lexicase,FALSE,20,elitize_generation_data,58,270,0.746,NA
60,12,syllables,lexicase,FALSE,20,elitize_generation_data,59,280,0.785,NA
61,12,syllables,lexicase,FALSE,20,elitize_generation_data,60,293,0.755,NA
62,12,syllables,lexicase,FALSE,20,elitize_generation_data,61,272,0.747,NA
63,12,syllables,lexicase,FALSE,20,elitize_generation_data,62,299,0.751,NA
64,12,syllables,lexicase,FALSE,20,elitize_generation_data,63,309,0.762,NA
65,12,syllables,lexicase,FALSE,20,elitize_generation_data,64,291,0.778,NA
66,12,syllables,lexicase,FALSE,20,elitize_generation_data,65,297,0.788,NA
67,12,syllables,lexicase,FALSE,20,elitize_generation_data,66,310,0.767,NA
68,12,syllables,lexicase,FALSE,20,elitize_generation_data,67,320,0.804,NA
69,12,syllables,lexicase,FALSE,20,elitize_generation_data,68,332,0.794,NA
70,12,syllables,lexicase,FALSE,20,elitize_generation_data,69,330,0.79,NA
71,12,syllables,lexicase,FALSE,20,elitize_generation_data,70,316,0.779,NA
72,12,syllables,lexicase,FALSE,20,elitize_generation_data,71,318,0.773,NA
73,12,syllables,lexicase,FALSE,20,elitize_generation_data,72,315,0.778,NA
74,12,syllables,lexicase,FALSE,20,elitize_generation_data,73,310,0.781,NA
75,12,syllables,lexicase,FALSE,20,elitize_generation_data,74,323,0.767,NA
76,12,syllables,lexicase,FALSE,20,elitize_generation_data,75,327,0.804,NA
77,12,syllables,lexicase,FALSE,20,elitize_generation_data,76,326,0.777,NA
78,12,syllables,lexicase,FALSE,20,elitize_generation_data,77,323,0.765,NA
79,12,syllables,lexicase,FALSE,20,elitize_generation_data,78,334,0.778,NA
80,12,syllables,lexicase,FALSE,20,elitize_generation_data,79,337,0.806,NA
81,12,syllables,lexicase,FALSE,20,elitize_generation_data,80,332,0.762,NA
82,12,syllables,lexicase,FALSE,20,elitize_generation_data,81,329,0.779,NA
83,12,syllables,lexicase,FALSE,20,elitize_generation_data,82,334,0.785,NA
84,12,syllables,lexicase,FALSE,20,elitize_generation_data,83,327,0.761,NA
85,12,syllables,lexicase,FALSE,20,elitize_generation_data,84,328,0.771,NA
86,12,syllables,lexicase,FALSE,20,elitize_generation_data,85,328,0.768,NA
87,12,syllables,lexicase,FALSE,20,elitize_generation_data,86,342,0.797,NA
88,12,syllables,lexicase,FALSE,20,elitize_generation_data,87,336,0.8,NA
89,12,syllables,lexicase,FALSE,20,elitize_generation_data,88,362,0.79,NA
90,12,syllables,lexicase,FALSE,20,elitize_generation_data,89,346,0.776,NA
91,12,syllables,lexicase,FALSE,20,elitize_generation_data,90,369,0.78,NA
92,12,syllables,lexicase,FALSE,20,elitize_generation_data,91,361,0.788,NA
93,12,syllables,lexicase,FALSE,20,elitize_generation_data,92,363,0.803,NA
94,12,syllables,lexicase,FALSE,20,elitize_generation_data,93,353,0.807,NA
95,12,syllables,lexicase,FALSE,20,elitize_generation_data,94,371,0.788,NA
96,12,syllables,lexicase,FALSE,20,elitize_generation_data,95,369,0.761,NA
97,12,syllables,lexicase,FALSE,20,elitize_generation_data,96,366,0.803,NA
98,12,syllables,lexicase,FALSE,20,elitize_generation_data,97,378,0.795,NA
99,12,syllables,lexicase,FALSE,20,elitize_generation_data,98,349,0.812,NA
100,12,syllables,lexicase,FALSE,20,elitize_generation_data,99,357,0.79,NA
101,12,syllables,lexicase,FALSE,20,elitize_generation_data,100,365,0.774,NA
102,12,syllables,lexicase,FALSE,20,elitize_generation_data,101,375,0.783,NA
103,12,syllables,lexicase,FALSE,20,elitize_generation_data,102,354,0.765,NA
104,12,syllables,lexicase,FALSE,20,elitize_generation_data,103,359,0.785,NA
105,12,syllables,lexicase,FALSE,20,elitize_generation_data,104,362,0.759,NA
106,12,syllables,lexicase,FALSE,20,elitize_generation_data,105,374,0.77,NA
107,12,syllables,lexicase,FALSE,20,elitize_generation_data,106,352,0.761,NA
108,12,syllables,lexicase,FALSE,20,elitize_generation_data,107,370,0.759,NA
109,12,syllables,lexicase,FALSE,20,elitize_generation_data,108,374,0.776,NA
110,12,syllables,lexicase,FALSE,20,elitize_generation_data,109,363,0.763,NA
111,12,syllables,lexicase,FALSE,20,elitize_generation_data,110,379,0.777,NA
112,12,syllables,lexicase,FALSE,20,elitize_generation_data,111,413,0.788,NA
113,12,syllables,lexicase,FALSE,20,elitize_generation_data,112,408,0.792,NA
114,12,syllables,lexicase,FALSE,20,elitize_generation_data,113,380,0.791,NA
115,12,syllables,lexicase,FALSE,20,elitize_generation_data,114,356,0.773,NA
116,12,syllables,lexicase,FALSE,20,elitize_generation_data,115,404,0.788,NA
117,12,syllables,lexicase,FALSE,20,elitize_generation_data,116,405,0.807,NA
118,12,syllables,lexicase,FALSE,20,elitize_generation_data,117,412,0.798,NA
119,12,syllables,lexicase,FALSE,20,elitize_generation_data,118,394,0.78,NA
120,12,syllables,lexicase,FALSE,20,elitize_generation_data,119,403,0.802,NA
121,12,syllables,lexicase,FALSE,20,elitize_generation_data,120,369,0.769,NA
122,12,syllables,lexicase,FALSE,20,elitize_generation_data,121,385,0.762,NA
123,12,syllables,lexicase,FALSE,20,elitize_generation_data,122,396,0.794,NA
124,12,syllables,lexicase,FALSE,20,elitize_generation_data,123,373,0.782,NA
125,12,syllables,lexicase,FALSE,20,elitize_generation_data,124,384,0.782,NA
126,12,syllables,lexicase,FALSE,20,elitize_generation_data,125,415,0.797,NA
127,12,syllables,lexicase,FALSE,20,elitize_generation_data,126,403,0.791,NA
128,12,syllables,lexicase,FALSE,20,elitize_generation_data,127,397,0.794,NA
129,12,syllables,lexicase,FALSE,20,elitize_generation_data,128,395,0.775,NA
130,12,syllables,lexicase,FALSE,20,elitize_generation_data,129,396,0.79,NA
131,12,syllables,lexicase,FALSE,20,elitize_generation_data,130,389,0.779,NA
132,12,syllables,lexicase,FALSE,20,elitize_generation_data,131,375,0.781,NA
133,12,syllables,lexicase,FALSE,20,elitize_generation_data,132,401,0.778,NA
134,12,syllables,lexicase,FALSE,20,elitize_generation_data,133,375,0.771,NA
135,12,syllables,lexicase,FALSE,20,elitize_generation_data,134,402,0.791,NA
136,12,syllables,lexicase,FALSE,20,elitize_generation_data,135,371,0.752,NA
137,12,syllables,lexicase,FALSE,20,elitize_generation_data,136,393,0.77,NA
138,12,syllables,lexicase,FALSE,20,elitize_generation_data,137,405,0.818,NA
139,12,syllables,lexicase,FALSE,20,elitize_generation_data,138,412,0.79,NA
140,12,syllables,lexicase,FALSE,20,elitize_generation_data,139,403,0.768,NA
141,12,syllables,lexicase,FALSE,20,elitize_generation_data,140,383,0.796,NA
142,12,syllables,lexicase,FALSE,20,elitize_generation_data,141,379,0.783,NA
143,12,syllables,lexicase,FALSE,20,elitize_generation_data,142,382,0.794,NA
144,12,syllables,lexicase,FALSE,20,elitize_generation_data,143,404,0.775,NA
145,12,syllables,lexicase,FALSE,20,elitize_generation_data,144,393,0.796,NA
146,12,syllables,lexicase,FALSE,20,elitize_generation_data,145,407,0.767,NA
147,12,syllables,lexicase,FALSE,20,elitize_generation_data,146,378,0.768,NA
148,12,syllables,lexicase,FALSE,20,elitize_generation_data,147,392,0.759,NA
149,12,syllables,lexicase,FALSE,20,elitize_generation_data,148,395,0.789,NA
150,12,syllables,lexicase,FALSE,20,elitize_generation_data,149,409,0.783,NA
151,12,syllables,lexicase,FALSE,20,elitize_generation_data,150,418,0.799,NA
152,12,syllables,lexicase,FALSE,20,elitize_generation_data,151,399,0.794,NA
153,12,syllables,lexicase,FALSE,20,elitize_generation_data,152,401,0.758,NA
154,12,syllables,lexicase,FALSE,20,elitize_generation_data,153,412,0.78,NA
155,12,syllables,lexicase,FALSE,20,elitize_generation_data,154,408,0.793,NA
156,12,syllables,lexicase,FALSE,20,elitize_generation_data,155,403,0.786,NA
157,12,syllables,lexicase,FALSE,20,elitize_generation_data,156,416,0.798,NA
158,12,syllables,lexicase,FALSE,20,elitize_generation_data,157,428,0.791,NA
159,12,syllables,lexicase,FALSE,20,elitize_generation_data,158,412,0.771,NA
160,12,syllables,lexicase,FALSE,20,elitize_generation_data,159,420,0.803,NA
161,12,syllables,lexicase,FALSE,20,elitize_generation_data,160,397,0.777,NA
162,12,syllables,lexicase,FALSE,20,elitize_generation_data,161,381,0.792,NA
163,12,syllables,lexicase,FALSE,20,elitize_generation_data,162,394,0.764,NA
164,12,syllables,lexicase,FALSE,20,elitize_generation_data,163,393,0.792,NA
165,12,syllables,lexicase,FALSE,20,elitize_generation_data,164,383,0.774,NA
166,12,syllables,lexicase,FALSE,20,elitize_generation_data,165,401,0.789,NA
167,12,syllables,lexicase,FALSE,20,elitize_generation_data,166,394,0.763,NA
168,12,syllables,lexicase,FALSE,20,elitize_generation_data,167,399,0.771,NA
169,12,syllables,lexicase,FALSE,20,elitize_generation_data,168,405,0.76,NA
170,12,syllables,lexicase,FALSE,20,elitize_generation_data,169,419,0.786,NA
171,12,syllables,lexicase,FALSE,20,elitize_generation_data,170,400,0.784,NA
172,12,syllables,lexicase,FALSE,20,elitize_generation_data,171,408,0.772,NA
173,12,syllables,lexicase,FALSE,20,elitize_generation_data,172,403,0.795,NA
174,12,syllables,lexicase,FALSE,20,elitize_generation_data,173,412,0.779,NA
175,12,syllables,lexicase,FALSE,20,elitize_generation_data,174,409,0.796,NA
176,12,syllables,lexicase,FALSE,20,elitize_generation_data,175,405,0.788,NA
177,12,syllables,lexicase,FALSE,20,elitize_generation_data,176,390,0.776,NA
178,12,syllables,lexicase,FALSE,20,elitize_generation_data,177,390,0.748,NA
179,12,syllables,lexicase,FALSE,20,elitize_generation_data,178,418,0.805,NA
180,12,syllables,lexicase,FALSE,20,elitize_generation_data,179,416,0.76,NA
181,12,syllables,lexicase,FALSE,20,elitize_generation_data,180,423,0.778,NA
182,12,syllables,lexicase,FALSE,20,elitize_generation_data,181,411,0.768,NA
183,12,syllables,lexicase,FALSE,20,elitize_generation_data,182,433,0.791,NA
184,12,syllables,lexicase,FALSE,20,elitize_generation_data,183,415,0.783,NA
185,12,syllables,lexicase,FALSE,20,elitize_generation_data,184,424,0.788,NA
186,12,syllables,lexicase,FALSE,20,elitize_generation_data,185,423,0.794,NA
187,12,syllables,lexicase,FALSE,20,elitize_generation_data,186,410,0.787,NA
188,12,syllables,lexicase,FALSE,20,elitize_generation_data,187,395,0.793,NA
189,12,syllables,lexicase,FALSE,20,elitize_generation_data,188,398,0.78,NA
190,12,syllables,lexicase,FALSE,20,elitize_generation_data,189,385,0.752,NA
191,12,syllables,lexicase,FALSE,20,elitize_generation_data,190,385,0.764,NA
192,12,syllables,lexicase,FALSE,20,elitize_generation_data,191,401,0.801,NA
193,12,syllables,lexicase,FALSE,20,elitize_generation_data,192,413,0.784,NA
194,12,syllables,lexicase,FALSE,20,elitize_generation_data,193,435,0.812,NA
195,12,syllables,lexicase,FALSE,20,elitize_generation_data,194,436,0.8,NA
196,12,syllables,lexicase,FALSE,20,elitize_generation_data,195,435,0.797,NA
197,12,syllables,lexicase,FALSE,20,elitize_generation_data,196,436,0.786,NA
198,12,syllables,lexicase,FALSE,20,elitize_generation_data,197,428,0.776,NA
199,12,syllables,lexicase,FALSE,20,elitize_generation_data,198,435,0.782,NA
200,12,syllables,lexicase,FALSE,20,elitize_generation_data,199,431,0.794,NA
201,12,syllables,lexicase,FALSE,20,elitize_generation_data,200,422,0.806,NA
202,12,syllables,lexicase,FALSE,20,elitize_generation_data,201,419,0.791,NA
203,12,syllables,lexicase,FALSE,20,elitize_generation_data,202,411,0.801,NA
204,12,syllables,lexicase,FALSE,20,elitize_generation_data,203,401,0.8,NA
205,12,syllables,lexicase,FALSE,20,elitize_generation_data,204,410,0.814,NA
206,12,syllables,lexicase,FALSE,20,elitize_generation_data,205,435,0.813,NA
207,12,syllables,lexicase,FALSE,20,elitize_generation_data,206,406,0.816,NA
208,12,syllables,lexicase,FALSE,20,elitize_generation_data,207,378,0.784,NA
209,12,syllables,lexicase,FALSE,20,elitize_generation_data,208,391,0.797,NA
210,12,syllables,lexicase,FALSE,20,elitize_generation_data,209,419,0.795,NA
211,12,syllables,lexicase,FALSE,20,elitize_generation_data,210,394,0.804,NA
212,12,syllables,lexicase,FALSE,20,elitize_generation_data,211,384,0.784,NA
213,12,syllables,lexicase,FALSE,20,elitize_generation_data,212,397,0.785,NA
214,12,syllables,lexicase,FALSE,20,elitize_generation_data,213,402,0.789,NA
215,12,syllables,lexicase,FALSE,20,elitize_generation_data,214,403,0.795,NA
216,12,syllables,lexicase,FALSE,20,elitize_generation_data,215,404,0.816,NA
217,12,syllables,lexicase,FALSE,20,elitize_generation_data,216,416,0.821,NA
218,12,syllables,lexicase,FALSE,20,elitize_generation_data,217,392,0.795,NA
219,12,syllables,lexicase,FALSE,20,elitize_generation_data,218,378,0.779,NA
220,12,syllables,lexicase,FALSE,20,elitize_generation_data,219,402,0.799,NA
221,12,syllables,lexicase,FALSE,20,elitize_generation_data,220,398,0.81,NA
222,12,syllables,lexicase,FALSE,20,elitize_generation_data,221,404,0.808,NA
223,12,syllables,lexicase,FALSE,20,elitize_generation_data,222,401,0.803,NA
224,12,syllables,lexicase,FALSE,20,elitize_generation_data,223,413,0.802,NA
225,12,syllables,lexicase,FALSE,20,elitize_generation_data,224,399,0.807,NA
226,12,syllables,lexicase,FALSE,20,elitize_generation_data,225,390,0.798,NA
227,12,syllables,lexicase,FALSE,20,elitize_generation_data,226,411,0.811,NA
228,12,syllables,lexicase,FALSE,20,elitize_generation_data,227,408,0.779,NA
229,12,syllables,lexicase,FALSE,20,elitize_generation_data,228,418,0.802,NA
230,12,syllables,lexicase,FALSE,20,elitize_generation_data,229,419,0.822,NA
231,12,syllables,lexicase,FALSE,20,elitize_generation_data,230,408,0.811,NA
232,12,syllables,lexicase,FALSE,20,elitize_generation_data,231,399,0.802,NA
233,12,syllables,lexicase,FALSE,20,elitize_generation_data,232,396,0.803,NA
234,12,syllables,lexicase,FALSE,20,elitize_generation_data,233,381,0.794,NA
235,12,syllables,lexicase,FALSE,20,elitize_generation_data,234,390,0.799,NA
236,12,syllables,lexicase,FALSE,20,elitize_generation_data,235,394,0.769,NA
237,12,syllables,lexicase,FALSE,20,elitize_generation_data,236,384,0.798,NA
238,12,syllables,lexicase,FALSE,20,elitize_generation_data,237,400,0.788,NA
239,12,syllables,lexicase,FALSE,20,elitize_generation_data,238,396,0.766,NA
240,12,syllables,lexicase,FALSE,20,elitize_generation_data,239,387,0.788,NA
241,12,syllables,lexicase,FALSE,20,elitize_generation_data,240,403,0.794,NA
242,12,syllables,lexicase,FALSE,20,elitize_generation_data,241,400,0.806,NA
243,12,syllables,lexicase,FALSE,20,elitize_generation_data,242,405,0.781,NA
244,12,syllables,lexicase,FALSE,20,elitize_generation_data,243,404,0.765,NA
245,12,syllables,lexicase,FALSE,20,elitize_generation_data,244,417,0.776,NA
246,12,syllables,lexicase,FALSE,20,elitize_generation_data,245,406,0.794,NA
247,12,syllables,lexicase,FALSE,20,elitize_generation_data,246,419,0.792,NA
248,12,syllables,lexicase,FALSE,20,elitize_generation_data,247,389,0.762,NA
249,12,syllables,lexicase,FALSE,20,elitize_generation_data,248,416,0.789,NA
250,12,syllables,lexicase,FALSE,20,elitize_generation_data,249,401,0.791,NA
251,12,syllables,lexicase,FALSE,20,elitize_generation_data,250,431,0.807,NA
252,12,syllables,lexicase,FALSE,20,elitize_generation_data,251,416,0.792,NA
253,12,syllables,lexicase,FALSE,20,elitize_generation_data,252,420,0.77,NA
254,12,syllables,lexicase,FALSE,20,elitize_generation_data,253,437,0.789,NA
255,12,syllables,lexicase,FALSE,20,elitize_generation_data,254,422,0.78,NA
256,12,syllables,lexicase,FALSE,20,elitize_generation_data,255,430,0.795,NA
257,12,syllables,lexicase,FALSE,20,elitize_generation_data,256,436,0.817,NA
258,12,syllables,lexicase,FALSE,20,elitize_generation_data,257,424,0.801,NA
259,12,syllables,lexicase,FALSE,20,elitize_generation_data,258,418,0.792,NA
260,12,syllables,lexicase,FALSE,20,elitize_generation_data,259,446,0.816,NA
261,12,syllables,lexicase,FALSE,20,elitize_generation_data,260,438,0.806,NA
262,12,syllables,lexicase,FALSE,20,elitize_generation_data,261,441,0.804,NA
263,12,syllables,lexicase,FALSE,20,elitize_generation_data,262,422,0.799,NA
264,12,syllables,lexicase,FALSE,20,elitize_generation_data,263,467,0.805,NA
265,12,syllables,lexicase,FALSE,20,elitize_generation_data,264,417,0.806,NA
266,12,syllables,lexicase,FALSE,20,elitize_generation_data,265,418,0.796,NA
267,12,syllables,lexicase,FALSE,20,elitize_generation_data,266,412,0.809,NA
268,12,syllables,lexicase,FALSE,20,elitize_generation_data,267,418,0.797,NA
269,12,syllables,lexicase,FALSE,20,elitize_generation_data,268,409,0.793,NA
270,12,syllables,lexicase,FALSE,20,elitize_generation_data,269,401,0.791,NA
271,12,syllables,lexicase,FALSE,20,elitize_generation_data,270,426,0.797,NA
272,12,syllables,lexicase,FALSE,20,elitize_generation_data,271,441,0.792,NA
273,12,syllables,lexicase,FALSE,20,elitize_generation_data,272,424,0.79,NA
274,12,syllables,lexicase,FALSE,20,elitize_generation_data,273,416,0.774,NA
275,12,syllables,lexicase,FALSE,20,elitize_generation_data,274,431,0.8,NA
276,12,syllables,lexicase,FALSE,20,elitize_generation_data,275,393,0.793,NA
277,12,syllables,lexicase,FALSE,20,elitize_generation_data,276,410,0.78,NA
278,12,syllables,lexicase,FALSE,20,elitize_generation_data,277,406,0.792,NA
279,12,syllables,lexicase,FALSE,20,elitize_generation_data,278,393,0.793,NA
280,12,syllables,lexicase,FALSE,20,elitize_generation_data,279,398,0.779,NA
281,12,syllables,lexicase,FALSE,20,elitize_generation_data,280,414,0.783,NA
282,12,syllables,lexicase,FALSE,20,elitize_generation_data,281,415,0.782,NA
283,12,syllables,lexicase,FALSE,20,elitize_generation_data,282,410,0.795,NA
284,12,syllables,lexicase,FALSE,20,elitize_generation_data,283,426,0.778,NA
285,12,syllables,lexicase,FALSE,20,elitize_generation_data,284,420,0.78,NA
286,12,syllables,lexicase,FALSE,20,elitize_generation_data,285,389,0.767,NA
287,12,syllables,lexicase,FALSE,20,elitize_generation_data,286,415,0.772,NA
288,12,syllables,lexicase,FALSE,20,elitize_generation_data,287,409,0.789,NA
289,12,syllables,lexicase,FALSE,20,elitize_generation_data,288,422,0.771,NA
290,12,syllables,lexicase,FALSE,20,elitize_generation_data,289,399,0.772,NA
291,12,syllables,lexicase,FALSE,20,elitize_generation_data,290,396,0.763,NA
292,12,syllables,lexicase,FALSE,20,elitize_generation_data,291,418,0.789,NA
293,12,syllables,lexicase,FALSE,20,elitize_generation_data,292,389,0.776,NA
294,12,syllables,lexicase,FALSE,20,elitize_generation_data,293,415,0.783,NA
295,12,syllables,lexicase,FALSE,20,elitize_generation_data,294,407,0.765,NA
296,12,syllables,lexicase,FALSE,20,elitize_generation_data,295,411,0.769,NA
297,12,syllables,lexicase,FALSE,20,elitize_generation_data,296,405,0.782,NA
298,12,syllables,lexicase,FALSE,20,elitize_generation_data,297,410,0.781,NA
299,12,syllables,lexicase,FALSE,20,elitize_generation_data,298,406,0.771,NA
300,12,syllables,lexicase,FALSE,20,elitize_generation_data,299,401,0.784,NA
301,12,syllables,lexicase,FALSE,20,elitize_generation_data,300,422,0.769,NA
