,run.num,problem,treatment,succeeded,height,normalization.function,generation,cluster.count,error.diversity,success.generation
1,58,syllables,lexicase,FALSE,20,elitize_generation_data,0,4,0.235,NA
2,58,syllables,lexicase,FALSE,20,elitize_generation_data,1,9,0.152,NA
3,58,syllables,lexicase,FALSE,20,elitize_generation_data,2,12,0.27,NA
4,58,syllables,lexicase,FALSE,20,elitize_generation_data,3,7,0.288,NA
5,58,syllables,lexicase,FALSE,20,elitize_generation_data,4,12,0.344,NA
6,58,syllables,lexicase,FALSE,20,elitize_generation_data,5,14,0.342,NA
7,58,syllables,lexicase,FALSE,20,elitize_generation_data,6,16,0.358,NA
8,58,syllables,lexicase,FALSE,20,elitize_generation_data,7,23,0.422,NA
9,58,syllables,lexicase,FALSE,20,elitize_generation_data,8,34,0.465,NA
10,58,syllables,lexicase,FALSE,20,elitize_generation_data,9,46,0.501,NA
11,58,syllables,lexicase,FALSE,20,elitize_generation_data,10,60,0.57,NA
12,58,syllables,lexicase,FALSE,20,elitize_generation_data,11,94,0.641,NA
13,58,syllables,lexicase,FALSE,20,elitize_generation_data,12,108,0.686,NA
14,58,syllables,lexicase,FALSE,20,elitize_generation_data,13,123,0.767,NA
15,58,syllables,lexicase,FALSE,20,elitize_generation_data,14,163,0.76,NA
16,58,syllables,lexicase,FALSE,20,elitize_generation_data,15,162,0.761,NA
17,58,syllables,lexicase,FALSE,20,elitize_generation_data,16,183,0.795,NA
18,58,syllables,lexicase,FALSE,20,elitize_generation_data,17,210,0.809,NA
19,58,syllables,lexicase,FALSE,20,elitize_generation_data,18,247,0.81,NA
20,58,syllables,lexicase,FALSE,20,elitize_generation_data,19,292,0.857,NA
21,58,syllables,lexicase,FALSE,20,elitize_generation_data,20,268,0.838,NA
22,58,syllables,lexicase,FALSE,20,elitize_generation_data,21,307,0.856,NA
23,58,syllables,lexicase,FALSE,20,elitize_generation_data,22,341,0.855,NA
24,58,syllables,lexicase,FALSE,20,elitize_generation_data,23,375,0.862,NA
25,58,syllables,lexicase,FALSE,20,elitize_generation_data,24,352,0.841,NA
26,58,syllables,lexicase,FALSE,20,elitize_generation_data,25,374,0.836,NA
27,58,syllables,lexicase,FALSE,20,elitize_generation_data,26,380,0.864,NA
28,58,syllables,lexicase,FALSE,20,elitize_generation_data,27,378,0.855,NA
29,58,syllables,lexicase,FALSE,20,elitize_generation_data,28,413,0.86,NA
30,58,syllables,lexicase,FALSE,20,elitize_generation_data,29,387,0.834,NA
31,58,syllables,lexicase,FALSE,20,elitize_generation_data,30,382,0.85,NA
32,58,syllables,lexicase,FALSE,20,elitize_generation_data,31,425,0.872,NA
33,58,syllables,lexicase,FALSE,20,elitize_generation_data,32,422,0.855,NA
34,58,syllables,lexicase,FALSE,20,elitize_generation_data,33,413,0.851,NA
35,58,syllables,lexicase,FALSE,20,elitize_generation_data,34,424,0.874,NA
36,58,syllables,lexicase,FALSE,20,elitize_generation_data,35,446,0.875,NA
37,58,syllables,lexicase,FALSE,20,elitize_generation_data,36,439,0.859,NA
38,58,syllables,lexicase,FALSE,20,elitize_generation_data,37,456,0.854,NA
39,58,syllables,lexicase,FALSE,20,elitize_generation_data,38,461,0.872,NA
40,58,syllables,lexicase,FALSE,20,elitize_generation_data,39,464,0.867,NA
41,58,syllables,lexicase,FALSE,20,elitize_generation_data,40,465,0.878,NA
42,58,syllables,lexicase,FALSE,20,elitize_generation_data,41,449,0.853,NA
43,58,syllables,lexicase,FALSE,20,elitize_generation_data,42,441,0.862,NA
44,58,syllables,lexicase,FALSE,20,elitize_generation_data,43,428,0.869,NA
45,58,syllables,lexicase,FALSE,20,elitize_generation_data,44,438,0.855,NA
46,58,syllables,lexicase,FALSE,20,elitize_generation_data,45,447,0.878,NA
47,58,syllables,lexicase,FALSE,20,elitize_generation_data,46,451,0.854,NA
48,58,syllables,lexicase,FALSE,20,elitize_generation_data,47,448,0.88,NA
49,58,syllables,lexicase,FALSE,20,elitize_generation_data,48,477,0.896,NA
50,58,syllables,lexicase,FALSE,20,elitize_generation_data,49,446,0.882,NA
51,58,syllables,lexicase,FALSE,20,elitize_generation_data,50,449,0.865,NA
52,58,syllables,lexicase,FALSE,20,elitize_generation_data,51,469,0.891,NA
53,58,syllables,lexicase,FALSE,20,elitize_generation_data,52,482,0.886,NA
54,58,syllables,lexicase,FALSE,20,elitize_generation_data,53,474,0.881,NA
55,58,syllables,lexicase,FALSE,20,elitize_generation_data,54,495,0.901,NA
56,58,syllables,lexicase,FALSE,20,elitize_generation_data,55,461,0.885,NA
57,58,syllables,lexicase,FALSE,20,elitize_generation_data,56,470,0.869,NA
58,58,syllables,lexicase,FALSE,20,elitize_generation_data,57,477,0.878,NA
59,58,syllables,lexicase,FALSE,20,elitize_generation_data,58,474,0.87,NA
60,58,syllables,lexicase,FALSE,20,elitize_generation_data,59,498,0.881,NA
61,58,syllables,lexicase,FALSE,20,elitize_generation_data,60,480,0.876,NA
62,58,syllables,lexicase,FALSE,20,elitize_generation_data,61,485,0.888,NA
63,58,syllables,lexicase,FALSE,20,elitize_generation_data,62,506,0.889,NA
64,58,syllables,lexicase,FALSE,20,elitize_generation_data,63,498,0.892,NA
65,58,syllables,lexicase,FALSE,20,elitize_generation_data,64,510,0.914,NA
66,58,syllables,lexicase,FALSE,20,elitize_generation_data,65,502,0.9,NA
67,58,syllables,lexicase,FALSE,20,elitize_generation_data,66,501,0.88,NA
68,58,syllables,lexicase,FALSE,20,elitize_generation_data,67,504,0.883,NA
69,58,syllables,lexicase,FALSE,20,elitize_generation_data,68,535,0.894,NA
70,58,syllables,lexicase,FALSE,20,elitize_generation_data,69,522,0.891,NA
71,58,syllables,lexicase,FALSE,20,elitize_generation_data,70,491,0.898,NA
72,58,syllables,lexicase,FALSE,20,elitize_generation_data,71,512,0.879,NA
73,58,syllables,lexicase,FALSE,20,elitize_generation_data,72,524,0.877,NA
74,58,syllables,lexicase,FALSE,20,elitize_generation_data,73,504,0.895,NA
75,58,syllables,lexicase,FALSE,20,elitize_generation_data,74,494,0.876,NA
76,58,syllables,lexicase,FALSE,20,elitize_generation_data,75,525,0.877,NA
77,58,syllables,lexicase,FALSE,20,elitize_generation_data,76,552,0.904,NA
78,58,syllables,lexicase,FALSE,20,elitize_generation_data,77,521,0.896,NA
79,58,syllables,lexicase,FALSE,20,elitize_generation_data,78,502,0.896,NA
80,58,syllables,lexicase,FALSE,20,elitize_generation_data,79,519,0.885,NA
81,58,syllables,lexicase,FALSE,20,elitize_generation_data,80,533,0.903,NA
82,58,syllables,lexicase,FALSE,20,elitize_generation_data,81,514,0.874,NA
83,58,syllables,lexicase,FALSE,20,elitize_generation_data,82,510,0.881,NA
84,58,syllables,lexicase,FALSE,20,elitize_generation_data,83,523,0.879,NA
85,58,syllables,lexicase,FALSE,20,elitize_generation_data,84,509,0.894,NA
86,58,syllables,lexicase,FALSE,20,elitize_generation_data,85,515,0.884,NA
87,58,syllables,lexicase,FALSE,20,elitize_generation_data,86,503,0.901,NA
88,58,syllables,lexicase,FALSE,20,elitize_generation_data,87,508,0.887,NA
89,58,syllables,lexicase,FALSE,20,elitize_generation_data,88,545,0.898,NA
90,58,syllables,lexicase,FALSE,20,elitize_generation_data,89,528,0.887,NA
91,58,syllables,lexicase,FALSE,20,elitize_generation_data,90,508,0.896,NA
92,58,syllables,lexicase,FALSE,20,elitize_generation_data,91,533,0.881,NA
93,58,syllables,lexicase,FALSE,20,elitize_generation_data,92,532,0.885,NA
94,58,syllables,lexicase,FALSE,20,elitize_generation_data,93,523,0.895,NA
95,58,syllables,lexicase,FALSE,20,elitize_generation_data,94,514,0.897,NA
96,58,syllables,lexicase,FALSE,20,elitize_generation_data,95,573,0.901,NA
97,58,syllables,lexicase,FALSE,20,elitize_generation_data,96,551,0.899,NA
98,58,syllables,lexicase,FALSE,20,elitize_generation_data,97,556,0.893,NA
99,58,syllables,lexicase,FALSE,20,elitize_generation_data,98,551,0.906,NA
100,58,syllables,lexicase,FALSE,20,elitize_generation_data,99,556,0.905,NA
101,58,syllables,lexicase,FALSE,20,elitize_generation_data,100,561,0.892,NA
102,58,syllables,lexicase,FALSE,20,elitize_generation_data,101,543,0.906,NA
103,58,syllables,lexicase,FALSE,20,elitize_generation_data,102,567,0.911,NA
104,58,syllables,lexicase,FALSE,20,elitize_generation_data,103,544,0.898,NA
105,58,syllables,lexicase,FALSE,20,elitize_generation_data,104,526,0.902,NA
106,58,syllables,lexicase,FALSE,20,elitize_generation_data,105,553,0.901,NA
107,58,syllables,lexicase,FALSE,20,elitize_generation_data,106,577,0.93,NA
108,58,syllables,lexicase,FALSE,20,elitize_generation_data,107,540,0.908,NA
109,58,syllables,lexicase,FALSE,20,elitize_generation_data,108,584,0.904,NA
110,58,syllables,lexicase,FALSE,20,elitize_generation_data,109,546,0.914,NA
111,58,syllables,lexicase,FALSE,20,elitize_generation_data,110,600,0.899,NA
112,58,syllables,lexicase,FALSE,20,elitize_generation_data,111,547,0.896,NA
113,58,syllables,lexicase,FALSE,20,elitize_generation_data,112,557,0.884,NA
114,58,syllables,lexicase,FALSE,20,elitize_generation_data,113,544,0.888,NA
115,58,syllables,lexicase,FALSE,20,elitize_generation_data,114,548,0.899,NA
116,58,syllables,lexicase,FALSE,20,elitize_generation_data,115,583,0.899,NA
117,58,syllables,lexicase,FALSE,20,elitize_generation_data,116,587,0.912,NA
118,58,syllables,lexicase,FALSE,20,elitize_generation_data,117,594,0.905,NA
119,58,syllables,lexicase,FALSE,20,elitize_generation_data,118,598,0.897,NA
120,58,syllables,lexicase,FALSE,20,elitize_generation_data,119,570,0.902,NA
121,58,syllables,lexicase,FALSE,20,elitize_generation_data,120,601,0.905,NA
122,58,syllables,lexicase,FALSE,20,elitize_generation_data,121,596,0.902,NA
123,58,syllables,lexicase,FALSE,20,elitize_generation_data,122,574,0.891,NA
124,58,syllables,lexicase,FALSE,20,elitize_generation_data,123,573,0.894,NA
125,58,syllables,lexicase,FALSE,20,elitize_generation_data,124,568,0.898,NA
126,58,syllables,lexicase,FALSE,20,elitize_generation_data,125,587,0.909,NA
127,58,syllables,lexicase,FALSE,20,elitize_generation_data,126,603,0.919,NA
128,58,syllables,lexicase,FALSE,20,elitize_generation_data,127,597,0.921,NA
129,58,syllables,lexicase,FALSE,20,elitize_generation_data,128,573,0.887,NA
130,58,syllables,lexicase,FALSE,20,elitize_generation_data,129,580,0.9,NA
131,58,syllables,lexicase,FALSE,20,elitize_generation_data,130,554,0.862,NA
132,58,syllables,lexicase,FALSE,20,elitize_generation_data,131,591,0.913,NA
133,58,syllables,lexicase,FALSE,20,elitize_generation_data,132,562,0.89,NA
134,58,syllables,lexicase,FALSE,20,elitize_generation_data,133,542,0.897,NA
135,58,syllables,lexicase,FALSE,20,elitize_generation_data,134,569,0.896,NA
136,58,syllables,lexicase,FALSE,20,elitize_generation_data,135,526,0.864,NA
137,58,syllables,lexicase,FALSE,20,elitize_generation_data,136,555,0.896,NA
138,58,syllables,lexicase,FALSE,20,elitize_generation_data,137,541,0.876,NA
139,58,syllables,lexicase,FALSE,20,elitize_generation_data,138,564,0.887,NA
140,58,syllables,lexicase,FALSE,20,elitize_generation_data,139,579,0.904,NA
141,58,syllables,lexicase,FALSE,20,elitize_generation_data,140,564,0.885,NA
142,58,syllables,lexicase,FALSE,20,elitize_generation_data,141,535,0.887,NA
143,58,syllables,lexicase,FALSE,20,elitize_generation_data,142,566,0.869,NA
144,58,syllables,lexicase,FALSE,20,elitize_generation_data,143,561,0.881,NA
145,58,syllables,lexicase,FALSE,20,elitize_generation_data,144,539,0.902,NA
146,58,syllables,lexicase,FALSE,20,elitize_generation_data,145,555,0.878,NA
147,58,syllables,lexicase,FALSE,20,elitize_generation_data,146,535,0.874,NA
148,58,syllables,lexicase,FALSE,20,elitize_generation_data,147,567,0.893,NA
149,58,syllables,lexicase,FALSE,20,elitize_generation_data,148,554,0.874,NA
150,58,syllables,lexicase,FALSE,20,elitize_generation_data,149,560,0.905,NA
151,58,syllables,lexicase,FALSE,20,elitize_generation_data,150,561,0.886,NA
152,58,syllables,lexicase,FALSE,20,elitize_generation_data,151,547,0.872,NA
153,58,syllables,lexicase,FALSE,20,elitize_generation_data,152,546,0.885,NA
154,58,syllables,lexicase,FALSE,20,elitize_generation_data,153,565,0.879,NA
155,58,syllables,lexicase,FALSE,20,elitize_generation_data,154,568,0.891,NA
156,58,syllables,lexicase,FALSE,20,elitize_generation_data,155,548,0.861,NA
157,58,syllables,lexicase,FALSE,20,elitize_generation_data,156,574,0.887,NA
158,58,syllables,lexicase,FALSE,20,elitize_generation_data,157,554,0.871,NA
159,58,syllables,lexicase,FALSE,20,elitize_generation_data,158,569,0.889,NA
160,58,syllables,lexicase,FALSE,20,elitize_generation_data,159,565,0.88,NA
161,58,syllables,lexicase,FALSE,20,elitize_generation_data,160,575,0.891,NA
162,58,syllables,lexicase,FALSE,20,elitize_generation_data,161,576,0.871,NA
163,58,syllables,lexicase,FALSE,20,elitize_generation_data,162,563,0.869,NA
164,58,syllables,lexicase,FALSE,20,elitize_generation_data,163,560,0.873,NA
165,58,syllables,lexicase,FALSE,20,elitize_generation_data,164,541,0.879,NA
166,58,syllables,lexicase,FALSE,20,elitize_generation_data,165,549,0.878,NA
167,58,syllables,lexicase,FALSE,20,elitize_generation_data,166,551,0.876,NA
168,58,syllables,lexicase,FALSE,20,elitize_generation_data,167,558,0.865,NA
169,58,syllables,lexicase,FALSE,20,elitize_generation_data,168,555,0.87,NA
170,58,syllables,lexicase,FALSE,20,elitize_generation_data,169,561,0.873,NA
171,58,syllables,lexicase,FALSE,20,elitize_generation_data,170,541,0.89,NA
172,58,syllables,lexicase,FALSE,20,elitize_generation_data,171,550,0.836,NA
173,58,syllables,lexicase,FALSE,20,elitize_generation_data,172,558,0.855,NA
174,58,syllables,lexicase,FALSE,20,elitize_generation_data,173,555,0.874,NA
175,58,syllables,lexicase,FALSE,20,elitize_generation_data,174,565,0.893,NA
176,58,syllables,lexicase,FALSE,20,elitize_generation_data,175,509,0.879,NA
177,58,syllables,lexicase,FALSE,20,elitize_generation_data,176,530,0.862,NA
178,58,syllables,lexicase,FALSE,20,elitize_generation_data,177,539,0.865,NA
179,58,syllables,lexicase,FALSE,20,elitize_generation_data,178,548,0.886,NA
180,58,syllables,lexicase,FALSE,20,elitize_generation_data,179,524,0.879,NA
181,58,syllables,lexicase,FALSE,20,elitize_generation_data,180,514,0.864,NA
182,58,syllables,lexicase,FALSE,20,elitize_generation_data,181,502,0.871,NA
183,58,syllables,lexicase,FALSE,20,elitize_generation_data,182,530,0.872,NA
184,58,syllables,lexicase,FALSE,20,elitize_generation_data,183,487,0.864,NA
185,58,syllables,lexicase,FALSE,20,elitize_generation_data,184,532,0.867,NA
186,58,syllables,lexicase,FALSE,20,elitize_generation_data,185,512,0.862,NA
187,58,syllables,lexicase,FALSE,20,elitize_generation_data,186,517,0.877,NA
188,58,syllables,lexicase,FALSE,20,elitize_generation_data,187,479,0.864,NA
189,58,syllables,lexicase,FALSE,20,elitize_generation_data,188,489,0.831,NA
190,58,syllables,lexicase,FALSE,20,elitize_generation_data,189,502,0.851,NA
191,58,syllables,lexicase,FALSE,20,elitize_generation_data,190,491,0.863,NA
192,58,syllables,lexicase,FALSE,20,elitize_generation_data,191,476,0.854,NA
193,58,syllables,lexicase,FALSE,20,elitize_generation_data,192,477,0.841,NA
194,58,syllables,lexicase,FALSE,20,elitize_generation_data,193,475,0.839,NA
195,58,syllables,lexicase,FALSE,20,elitize_generation_data,194,453,0.828,NA
196,58,syllables,lexicase,FALSE,20,elitize_generation_data,195,455,0.82,NA
197,58,syllables,lexicase,FALSE,20,elitize_generation_data,196,450,0.836,NA
198,58,syllables,lexicase,FALSE,20,elitize_generation_data,197,455,0.835,NA
199,58,syllables,lexicase,FALSE,20,elitize_generation_data,198,465,0.839,NA
200,58,syllables,lexicase,FALSE,20,elitize_generation_data,199,461,0.817,NA
201,58,syllables,lexicase,FALSE,20,elitize_generation_data,200,467,0.86,NA
202,58,syllables,lexicase,FALSE,20,elitize_generation_data,201,485,0.858,NA
203,58,syllables,lexicase,FALSE,20,elitize_generation_data,202,444,0.815,NA
204,58,syllables,lexicase,FALSE,20,elitize_generation_data,203,422,0.825,NA
205,58,syllables,lexicase,FALSE,20,elitize_generation_data,204,440,0.819,NA
206,58,syllables,lexicase,FALSE,20,elitize_generation_data,205,449,0.825,NA
207,58,syllables,lexicase,FALSE,20,elitize_generation_data,206,431,0.837,NA
208,58,syllables,lexicase,FALSE,20,elitize_generation_data,207,438,0.814,NA
209,58,syllables,lexicase,FALSE,20,elitize_generation_data,208,445,0.847,NA
210,58,syllables,lexicase,FALSE,20,elitize_generation_data,209,425,0.834,NA
211,58,syllables,lexicase,FALSE,20,elitize_generation_data,210,402,0.828,NA
212,58,syllables,lexicase,FALSE,20,elitize_generation_data,211,404,0.814,NA
213,58,syllables,lexicase,FALSE,20,elitize_generation_data,212,409,0.811,NA
214,58,syllables,lexicase,FALSE,20,elitize_generation_data,213,436,0.844,NA
215,58,syllables,lexicase,FALSE,20,elitize_generation_data,214,437,0.823,NA
216,58,syllables,lexicase,FALSE,20,elitize_generation_data,215,394,0.821,NA
217,58,syllables,lexicase,FALSE,20,elitize_generation_data,216,398,0.809,NA
218,58,syllables,lexicase,FALSE,20,elitize_generation_data,217,391,0.808,NA
219,58,syllables,lexicase,FALSE,20,elitize_generation_data,218,384,0.822,NA
220,58,syllables,lexicase,FALSE,20,elitize_generation_data,219,395,0.824,NA
221,58,syllables,lexicase,FALSE,20,elitize_generation_data,220,379,0.811,NA
222,58,syllables,lexicase,FALSE,20,elitize_generation_data,221,346,0.795,NA
223,58,syllables,lexicase,FALSE,20,elitize_generation_data,222,354,0.804,NA
224,58,syllables,lexicase,FALSE,20,elitize_generation_data,223,370,0.804,NA
225,58,syllables,lexicase,FALSE,20,elitize_generation_data,224,344,0.782,NA
226,58,syllables,lexicase,FALSE,20,elitize_generation_data,225,337,0.797,NA
227,58,syllables,lexicase,FALSE,20,elitize_generation_data,226,323,0.782,NA
228,58,syllables,lexicase,FALSE,20,elitize_generation_data,227,326,0.787,NA
229,58,syllables,lexicase,FALSE,20,elitize_generation_data,228,342,0.776,NA
230,58,syllables,lexicase,FALSE,20,elitize_generation_data,229,310,0.803,NA
231,58,syllables,lexicase,FALSE,20,elitize_generation_data,230,324,0.775,NA
232,58,syllables,lexicase,FALSE,20,elitize_generation_data,231,324,0.79,NA
233,58,syllables,lexicase,FALSE,20,elitize_generation_data,232,335,0.814,NA
234,58,syllables,lexicase,FALSE,20,elitize_generation_data,233,302,0.785,NA
235,58,syllables,lexicase,FALSE,20,elitize_generation_data,234,311,0.797,NA
236,58,syllables,lexicase,FALSE,20,elitize_generation_data,235,313,0.786,NA
237,58,syllables,lexicase,FALSE,20,elitize_generation_data,236,280,0.777,NA
238,58,syllables,lexicase,FALSE,20,elitize_generation_data,237,318,0.796,NA
239,58,syllables,lexicase,FALSE,20,elitize_generation_data,238,311,0.777,NA
240,58,syllables,lexicase,FALSE,20,elitize_generation_data,239,279,0.793,NA
241,58,syllables,lexicase,FALSE,20,elitize_generation_data,240,285,0.825,NA
242,58,syllables,lexicase,FALSE,20,elitize_generation_data,241,286,0.77,NA
243,58,syllables,lexicase,FALSE,20,elitize_generation_data,242,278,0.807,NA
244,58,syllables,lexicase,FALSE,20,elitize_generation_data,243,274,0.772,NA
245,58,syllables,lexicase,FALSE,20,elitize_generation_data,244,279,0.794,NA
246,58,syllables,lexicase,FALSE,20,elitize_generation_data,245,297,0.789,NA
247,58,syllables,lexicase,FALSE,20,elitize_generation_data,246,287,0.787,NA
248,58,syllables,lexicase,FALSE,20,elitize_generation_data,247,292,0.787,NA
249,58,syllables,lexicase,FALSE,20,elitize_generation_data,248,247,0.773,NA
250,58,syllables,lexicase,FALSE,20,elitize_generation_data,249,254,0.771,NA
251,58,syllables,lexicase,FALSE,20,elitize_generation_data,250,266,0.773,NA
252,58,syllables,lexicase,FALSE,20,elitize_generation_data,251,242,0.779,NA
253,58,syllables,lexicase,FALSE,20,elitize_generation_data,252,254,0.805,NA
254,58,syllables,lexicase,FALSE,20,elitize_generation_data,253,251,0.792,NA
255,58,syllables,lexicase,FALSE,20,elitize_generation_data,254,244,0.78,NA
256,58,syllables,lexicase,FALSE,20,elitize_generation_data,255,222,0.786,NA
257,58,syllables,lexicase,FALSE,20,elitize_generation_data,256,255,0.792,NA
258,58,syllables,lexicase,FALSE,20,elitize_generation_data,257,253,0.76,NA
259,58,syllables,lexicase,FALSE,20,elitize_generation_data,258,252,0.805,NA
260,58,syllables,lexicase,FALSE,20,elitize_generation_data,259,226,0.744,NA
261,58,syllables,lexicase,FALSE,20,elitize_generation_data,260,233,0.76,NA
262,58,syllables,lexicase,FALSE,20,elitize_generation_data,261,222,0.746,NA
263,58,syllables,lexicase,FALSE,20,elitize_generation_data,262,213,0.722,NA
264,58,syllables,lexicase,FALSE,20,elitize_generation_data,263,234,0.714,NA
265,58,syllables,lexicase,FALSE,20,elitize_generation_data,264,205,0.704,NA
266,58,syllables,lexicase,FALSE,20,elitize_generation_data,265,207,0.738,NA
267,58,syllables,lexicase,FALSE,20,elitize_generation_data,266,192,0.713,NA
268,58,syllables,lexicase,FALSE,20,elitize_generation_data,267,204,0.753,NA
269,58,syllables,lexicase,FALSE,20,elitize_generation_data,268,203,0.724,NA
270,58,syllables,lexicase,FALSE,20,elitize_generation_data,269,211,0.745,NA
271,58,syllables,lexicase,FALSE,20,elitize_generation_data,270,212,0.739,NA
272,58,syllables,lexicase,FALSE,20,elitize_generation_data,271,197,0.735,NA
273,58,syllables,lexicase,FALSE,20,elitize_generation_data,272,204,0.729,NA
274,58,syllables,lexicase,FALSE,20,elitize_generation_data,273,208,0.751,NA
275,58,syllables,lexicase,FALSE,20,elitize_generation_data,274,206,0.719,NA
276,58,syllables,lexicase,FALSE,20,elitize_generation_data,275,202,0.71,NA
277,58,syllables,lexicase,FALSE,20,elitize_generation_data,276,194,0.732,NA
278,58,syllables,lexicase,FALSE,20,elitize_generation_data,277,198,0.716,NA
279,58,syllables,lexicase,FALSE,20,elitize_generation_data,278,201,0.728,NA
280,58,syllables,lexicase,FALSE,20,elitize_generation_data,279,187,0.721,NA
281,58,syllables,lexicase,FALSE,20,elitize_generation_data,280,179,0.706,NA
282,58,syllables,lexicase,FALSE,20,elitize_generation_data,281,179,0.709,NA
283,58,syllables,lexicase,FALSE,20,elitize_generation_data,282,186,0.696,NA
284,58,syllables,lexicase,FALSE,20,elitize_generation_data,283,190,0.743,NA
285,58,syllables,lexicase,FALSE,20,elitize_generation_data,284,190,0.726,NA
286,58,syllables,lexicase,FALSE,20,elitize_generation_data,285,177,0.716,NA
287,58,syllables,lexicase,FALSE,20,elitize_generation_data,286,193,0.728,NA
288,58,syllables,lexicase,FALSE,20,elitize_generation_data,287,179,0.736,NA
289,58,syllables,lexicase,FALSE,20,elitize_generation_data,288,177,0.726,NA
290,58,syllables,lexicase,FALSE,20,elitize_generation_data,289,184,0.7,NA
291,58,syllables,lexicase,FALSE,20,elitize_generation_data,290,176,0.711,NA
292,58,syllables,lexicase,FALSE,20,elitize_generation_data,291,179,0.738,NA
293,58,syllables,lexicase,FALSE,20,elitize_generation_data,292,214,0.724,NA
294,58,syllables,lexicase,FALSE,20,elitize_generation_data,293,224,0.76,NA
295,58,syllables,lexicase,FALSE,20,elitize_generation_data,294,210,0.772,NA
296,58,syllables,lexicase,FALSE,20,elitize_generation_data,295,202,0.739,NA
297,58,syllables,lexicase,FALSE,20,elitize_generation_data,296,195,0.732,NA
298,58,syllables,lexicase,FALSE,20,elitize_generation_data,297,189,0.719,NA
299,58,syllables,lexicase,FALSE,20,elitize_generation_data,298,193,0.725,NA
300,58,syllables,lexicase,FALSE,20,elitize_generation_data,299,198,0.75,NA
301,58,syllables,lexicase,FALSE,20,elitize_generation_data,300,175,0.72,NA
