,run.num,problem,treatment,succeeded,height,normalization.function,generation,cluster.count,error.diversity,success.generation
1,55,syllables,lexicase,FALSE,20,elitize_generation_data,0,4,0.271,NA
2,55,syllables,lexicase,FALSE,20,elitize_generation_data,1,9,0.154,NA
3,55,syllables,lexicase,FALSE,20,elitize_generation_data,2,9,0.219,NA
4,55,syllables,lexicase,FALSE,20,elitize_generation_data,3,9,0.216,NA
5,55,syllables,lexicase,FALSE,20,elitize_generation_data,4,12,0.294,NA
6,55,syllables,lexicase,FALSE,20,elitize_generation_data,5,17,0.291,NA
7,55,syllables,lexicase,FALSE,20,elitize_generation_data,6,23,0.34,NA
8,55,syllables,lexicase,FALSE,20,elitize_generation_data,7,37,0.369,NA
9,55,syllables,lexicase,FALSE,20,elitize_generation_data,8,47,0.456,NA
10,55,syllables,lexicase,FALSE,20,elitize_generation_data,9,65,0.511,NA
11,55,syllables,lexicase,FALSE,20,elitize_generation_data,10,79,0.562,NA
12,55,syllables,lexicase,FALSE,20,elitize_generation_data,11,87,0.571,NA
13,55,syllables,lexicase,FALSE,20,elitize_generation_data,12,102,0.579,NA
14,55,syllables,lexicase,FALSE,20,elitize_generation_data,13,113,0.618,NA
15,55,syllables,lexicase,FALSE,20,elitize_generation_data,14,130,0.624,NA
16,55,syllables,lexicase,FALSE,20,elitize_generation_data,15,152,0.628,NA
17,55,syllables,lexicase,FALSE,20,elitize_generation_data,16,172,0.667,NA
18,55,syllables,lexicase,FALSE,20,elitize_generation_data,17,181,0.669,NA
19,55,syllables,lexicase,FALSE,20,elitize_generation_data,18,198,0.649,NA
20,55,syllables,lexicase,FALSE,20,elitize_generation_data,19,202,0.64,NA
21,55,syllables,lexicase,FALSE,20,elitize_generation_data,20,209,0.634,NA
22,55,syllables,lexicase,FALSE,20,elitize_generation_data,21,224,0.639,NA
23,55,syllables,lexicase,FALSE,20,elitize_generation_data,22,231,0.656,NA
24,55,syllables,lexicase,FALSE,20,elitize_generation_data,23,243,0.676,NA
25,55,syllables,lexicase,FALSE,20,elitize_generation_data,24,238,0.675,NA
26,55,syllables,lexicase,FALSE,20,elitize_generation_data,25,245,0.632,NA
27,55,syllables,lexicase,FALSE,20,elitize_generation_data,26,267,0.657,NA
28,55,syllables,lexicase,FALSE,20,elitize_generation_data,27,280,0.689,NA
29,55,syllables,lexicase,FALSE,20,elitize_generation_data,28,256,0.655,NA
30,55,syllables,lexicase,FALSE,20,elitize_generation_data,29,264,0.632,NA
31,55,syllables,lexicase,FALSE,20,elitize_generation_data,30,269,0.642,NA
32,55,syllables,lexicase,FALSE,20,elitize_generation_data,31,268,0.657,NA
33,55,syllables,lexicase,FALSE,20,elitize_generation_data,32,292,0.678,NA
34,55,syllables,lexicase,FALSE,20,elitize_generation_data,33,293,0.697,NA
35,55,syllables,lexicase,FALSE,20,elitize_generation_data,34,296,0.677,NA
36,55,syllables,lexicase,FALSE,20,elitize_generation_data,35,283,0.672,NA
37,55,syllables,lexicase,FALSE,20,elitize_generation_data,36,271,0.661,NA
38,55,syllables,lexicase,FALSE,20,elitize_generation_data,37,296,0.705,NA
39,55,syllables,lexicase,FALSE,20,elitize_generation_data,38,291,0.665,NA
40,55,syllables,lexicase,FALSE,20,elitize_generation_data,39,277,0.696,NA
41,55,syllables,lexicase,FALSE,20,elitize_generation_data,40,286,0.676,NA
42,55,syllables,lexicase,FALSE,20,elitize_generation_data,41,284,0.686,NA
43,55,syllables,lexicase,FALSE,20,elitize_generation_data,42,277,0.646,NA
44,55,syllables,lexicase,FALSE,20,elitize_generation_data,43,261,0.651,NA
45,55,syllables,lexicase,FALSE,20,elitize_generation_data,44,281,0.659,NA
46,55,syllables,lexicase,FALSE,20,elitize_generation_data,45,284,0.663,NA
47,55,syllables,lexicase,FALSE,20,elitize_generation_data,46,292,0.679,NA
48,55,syllables,lexicase,FALSE,20,elitize_generation_data,47,291,0.644,NA
49,55,syllables,lexicase,FALSE,20,elitize_generation_data,48,277,0.662,NA
50,55,syllables,lexicase,FALSE,20,elitize_generation_data,49,295,0.669,NA
51,55,syllables,lexicase,FALSE,20,elitize_generation_data,50,283,0.668,NA
52,55,syllables,lexicase,FALSE,20,elitize_generation_data,51,296,0.651,NA
53,55,syllables,lexicase,FALSE,20,elitize_generation_data,52,307,0.657,NA
54,55,syllables,lexicase,FALSE,20,elitize_generation_data,53,299,0.658,NA
55,55,syllables,lexicase,FALSE,20,elitize_generation_data,54,294,0.676,NA
56,55,syllables,lexicase,FALSE,20,elitize_generation_data,55,290,0.653,NA
57,55,syllables,lexicase,FALSE,20,elitize_generation_data,56,287,0.681,NA
58,55,syllables,lexicase,FALSE,20,elitize_generation_data,57,292,0.676,NA
59,55,syllables,lexicase,FALSE,20,elitize_generation_data,58,318,0.669,NA
60,55,syllables,lexicase,FALSE,20,elitize_generation_data,59,314,0.676,NA
61,55,syllables,lexicase,FALSE,20,elitize_generation_data,60,312,0.67,NA
62,55,syllables,lexicase,FALSE,20,elitize_generation_data,61,297,0.633,NA
63,55,syllables,lexicase,FALSE,20,elitize_generation_data,62,308,0.668,NA
64,55,syllables,lexicase,FALSE,20,elitize_generation_data,63,343,0.697,NA
65,55,syllables,lexicase,FALSE,20,elitize_generation_data,64,308,0.675,NA
66,55,syllables,lexicase,FALSE,20,elitize_generation_data,65,308,0.665,NA
67,55,syllables,lexicase,FALSE,20,elitize_generation_data,66,305,0.655,NA
68,55,syllables,lexicase,FALSE,20,elitize_generation_data,67,302,0.683,NA
69,55,syllables,lexicase,FALSE,20,elitize_generation_data,68,326,0.69,NA
70,55,syllables,lexicase,FALSE,20,elitize_generation_data,69,312,0.652,NA
71,55,syllables,lexicase,FALSE,20,elitize_generation_data,70,313,0.627,NA
72,55,syllables,lexicase,FALSE,20,elitize_generation_data,71,328,0.668,NA
73,55,syllables,lexicase,FALSE,20,elitize_generation_data,72,326,0.685,NA
74,55,syllables,lexicase,FALSE,20,elitize_generation_data,73,314,0.677,NA
75,55,syllables,lexicase,FALSE,20,elitize_generation_data,74,311,0.675,NA
76,55,syllables,lexicase,FALSE,20,elitize_generation_data,75,306,0.653,NA
77,55,syllables,lexicase,FALSE,20,elitize_generation_data,76,313,0.64,NA
78,55,syllables,lexicase,FALSE,20,elitize_generation_data,77,336,0.678,NA
79,55,syllables,lexicase,FALSE,20,elitize_generation_data,78,332,0.686,NA
80,55,syllables,lexicase,FALSE,20,elitize_generation_data,79,325,0.701,NA
81,55,syllables,lexicase,FALSE,20,elitize_generation_data,80,307,0.656,NA
82,55,syllables,lexicase,FALSE,20,elitize_generation_data,81,309,0.661,NA
83,55,syllables,lexicase,FALSE,20,elitize_generation_data,82,327,0.64,NA
84,55,syllables,lexicase,FALSE,20,elitize_generation_data,83,294,0.629,NA
85,55,syllables,lexicase,FALSE,20,elitize_generation_data,84,298,0.649,NA
86,55,syllables,lexicase,FALSE,20,elitize_generation_data,85,311,0.634,NA
87,55,syllables,lexicase,FALSE,20,elitize_generation_data,86,331,0.679,NA
88,55,syllables,lexicase,FALSE,20,elitize_generation_data,87,303,0.649,NA
89,55,syllables,lexicase,FALSE,20,elitize_generation_data,88,313,0.656,NA
90,55,syllables,lexicase,FALSE,20,elitize_generation_data,89,316,0.67,NA
91,55,syllables,lexicase,FALSE,20,elitize_generation_data,90,324,0.674,NA
92,55,syllables,lexicase,FALSE,20,elitize_generation_data,91,309,0.637,NA
93,55,syllables,lexicase,FALSE,20,elitize_generation_data,92,309,0.651,NA
94,55,syllables,lexicase,FALSE,20,elitize_generation_data,93,311,0.632,NA
95,55,syllables,lexicase,FALSE,20,elitize_generation_data,94,316,0.659,NA
96,55,syllables,lexicase,FALSE,20,elitize_generation_data,95,319,0.655,NA
97,55,syllables,lexicase,FALSE,20,elitize_generation_data,96,318,0.65,NA
98,55,syllables,lexicase,FALSE,20,elitize_generation_data,97,322,0.665,NA
99,55,syllables,lexicase,FALSE,20,elitize_generation_data,98,321,0.644,NA
100,55,syllables,lexicase,FALSE,20,elitize_generation_data,99,290,0.656,NA
101,55,syllables,lexicase,FALSE,20,elitize_generation_data,100,313,0.659,NA
102,55,syllables,lexicase,FALSE,20,elitize_generation_data,101,310,0.648,NA
103,55,syllables,lexicase,FALSE,20,elitize_generation_data,102,291,0.618,NA
104,55,syllables,lexicase,FALSE,20,elitize_generation_data,103,295,0.644,NA
105,55,syllables,lexicase,FALSE,20,elitize_generation_data,104,310,0.66,NA
106,55,syllables,lexicase,FALSE,20,elitize_generation_data,105,294,0.641,NA
107,55,syllables,lexicase,FALSE,20,elitize_generation_data,106,316,0.649,NA
108,55,syllables,lexicase,FALSE,20,elitize_generation_data,107,295,0.672,NA
109,55,syllables,lexicase,FALSE,20,elitize_generation_data,108,312,0.686,NA
110,55,syllables,lexicase,FALSE,20,elitize_generation_data,109,322,0.67,NA
111,55,syllables,lexicase,FALSE,20,elitize_generation_data,110,324,0.647,NA
112,55,syllables,lexicase,FALSE,20,elitize_generation_data,111,315,0.676,NA
113,55,syllables,lexicase,FALSE,20,elitize_generation_data,112,327,0.671,NA
114,55,syllables,lexicase,FALSE,20,elitize_generation_data,113,318,0.672,NA
115,55,syllables,lexicase,FALSE,20,elitize_generation_data,114,306,0.635,NA
116,55,syllables,lexicase,FALSE,20,elitize_generation_data,115,288,0.668,NA
117,55,syllables,lexicase,FALSE,20,elitize_generation_data,116,286,0.642,NA
118,55,syllables,lexicase,FALSE,20,elitize_generation_data,117,305,0.64,NA
119,55,syllables,lexicase,FALSE,20,elitize_generation_data,118,293,0.655,NA
120,55,syllables,lexicase,FALSE,20,elitize_generation_data,119,293,0.655,NA
121,55,syllables,lexicase,FALSE,20,elitize_generation_data,120,297,0.65,NA
122,55,syllables,lexicase,FALSE,20,elitize_generation_data,121,294,0.639,NA
123,55,syllables,lexicase,FALSE,20,elitize_generation_data,122,292,0.637,NA
124,55,syllables,lexicase,FALSE,20,elitize_generation_data,123,292,0.648,NA
125,55,syllables,lexicase,FALSE,20,elitize_generation_data,124,293,0.639,NA
126,55,syllables,lexicase,FALSE,20,elitize_generation_data,125,282,0.631,NA
127,55,syllables,lexicase,FALSE,20,elitize_generation_data,126,293,0.639,NA
128,55,syllables,lexicase,FALSE,20,elitize_generation_data,127,292,0.619,NA
129,55,syllables,lexicase,FALSE,20,elitize_generation_data,128,309,0.646,NA
130,55,syllables,lexicase,FALSE,20,elitize_generation_data,129,325,0.656,NA
131,55,syllables,lexicase,FALSE,20,elitize_generation_data,130,302,0.632,NA
132,55,syllables,lexicase,FALSE,20,elitize_generation_data,131,298,0.641,NA
133,55,syllables,lexicase,FALSE,20,elitize_generation_data,132,316,0.649,NA
134,55,syllables,lexicase,FALSE,20,elitize_generation_data,133,305,0.653,NA
135,55,syllables,lexicase,FALSE,20,elitize_generation_data,134,299,0.642,NA
136,55,syllables,lexicase,FALSE,20,elitize_generation_data,135,302,0.647,NA
137,55,syllables,lexicase,FALSE,20,elitize_generation_data,136,277,0.64,NA
138,55,syllables,lexicase,FALSE,20,elitize_generation_data,137,304,0.632,NA
139,55,syllables,lexicase,FALSE,20,elitize_generation_data,138,318,0.644,NA
140,55,syllables,lexicase,FALSE,20,elitize_generation_data,139,302,0.624,NA
141,55,syllables,lexicase,FALSE,20,elitize_generation_data,140,320,0.654,NA
142,55,syllables,lexicase,FALSE,20,elitize_generation_data,141,313,0.673,NA
143,55,syllables,lexicase,FALSE,20,elitize_generation_data,142,310,0.643,NA
144,55,syllables,lexicase,FALSE,20,elitize_generation_data,143,294,0.634,NA
145,55,syllables,lexicase,FALSE,20,elitize_generation_data,144,309,0.661,NA
146,55,syllables,lexicase,FALSE,20,elitize_generation_data,145,304,0.637,NA
147,55,syllables,lexicase,FALSE,20,elitize_generation_data,146,307,0.65,NA
148,55,syllables,lexicase,FALSE,20,elitize_generation_data,147,312,0.645,NA
149,55,syllables,lexicase,FALSE,20,elitize_generation_data,148,316,0.648,NA
150,55,syllables,lexicase,FALSE,20,elitize_generation_data,149,328,0.672,NA
151,55,syllables,lexicase,FALSE,20,elitize_generation_data,150,317,0.65,NA
152,55,syllables,lexicase,FALSE,20,elitize_generation_data,151,325,0.657,NA
153,55,syllables,lexicase,FALSE,20,elitize_generation_data,152,316,0.638,NA
154,55,syllables,lexicase,FALSE,20,elitize_generation_data,153,326,0.649,NA
155,55,syllables,lexicase,FALSE,20,elitize_generation_data,154,312,0.652,NA
156,55,syllables,lexicase,FALSE,20,elitize_generation_data,155,313,0.652,NA
157,55,syllables,lexicase,FALSE,20,elitize_generation_data,156,317,0.631,NA
158,55,syllables,lexicase,FALSE,20,elitize_generation_data,157,317,0.659,NA
159,55,syllables,lexicase,FALSE,20,elitize_generation_data,158,337,0.674,NA
160,55,syllables,lexicase,FALSE,20,elitize_generation_data,159,301,0.636,NA
161,55,syllables,lexicase,FALSE,20,elitize_generation_data,160,316,0.671,NA
162,55,syllables,lexicase,FALSE,20,elitize_generation_data,161,312,0.641,NA
163,55,syllables,lexicase,FALSE,20,elitize_generation_data,162,314,0.687,NA
164,55,syllables,lexicase,FALSE,20,elitize_generation_data,163,326,0.664,NA
165,55,syllables,lexicase,FALSE,20,elitize_generation_data,164,323,0.655,NA
166,55,syllables,lexicase,FALSE,20,elitize_generation_data,165,314,0.689,NA
167,55,syllables,lexicase,FALSE,20,elitize_generation_data,166,308,0.63,NA
168,55,syllables,lexicase,FALSE,20,elitize_generation_data,167,329,0.651,NA
169,55,syllables,lexicase,FALSE,20,elitize_generation_data,168,322,0.671,NA
170,55,syllables,lexicase,FALSE,20,elitize_generation_data,169,337,0.671,NA
171,55,syllables,lexicase,FALSE,20,elitize_generation_data,170,330,0.699,NA
172,55,syllables,lexicase,FALSE,20,elitize_generation_data,171,320,0.688,NA
173,55,syllables,lexicase,FALSE,20,elitize_generation_data,172,303,0.653,NA
174,55,syllables,lexicase,FALSE,20,elitize_generation_data,173,327,0.669,NA
175,55,syllables,lexicase,FALSE,20,elitize_generation_data,174,332,0.701,NA
176,55,syllables,lexicase,FALSE,20,elitize_generation_data,175,331,0.686,NA
177,55,syllables,lexicase,FALSE,20,elitize_generation_data,176,339,0.69,NA
178,55,syllables,lexicase,FALSE,20,elitize_generation_data,177,335,0.698,NA
179,55,syllables,lexicase,FALSE,20,elitize_generation_data,178,334,0.682,NA
180,55,syllables,lexicase,FALSE,20,elitize_generation_data,179,339,0.724,NA
181,55,syllables,lexicase,FALSE,20,elitize_generation_data,180,311,0.692,NA
182,55,syllables,lexicase,FALSE,20,elitize_generation_data,181,297,0.664,NA
183,55,syllables,lexicase,FALSE,20,elitize_generation_data,182,315,0.688,NA
184,55,syllables,lexicase,FALSE,20,elitize_generation_data,183,317,0.699,NA
185,55,syllables,lexicase,FALSE,20,elitize_generation_data,184,337,0.716,NA
186,55,syllables,lexicase,FALSE,20,elitize_generation_data,185,325,0.693,NA
187,55,syllables,lexicase,FALSE,20,elitize_generation_data,186,315,0.703,NA
188,55,syllables,lexicase,FALSE,20,elitize_generation_data,187,339,0.726,NA
189,55,syllables,lexicase,FALSE,20,elitize_generation_data,188,320,0.71,NA
190,55,syllables,lexicase,FALSE,20,elitize_generation_data,189,328,0.708,NA
191,55,syllables,lexicase,FALSE,20,elitize_generation_data,190,356,0.729,NA
192,55,syllables,lexicase,FALSE,20,elitize_generation_data,191,343,0.705,NA
193,55,syllables,lexicase,FALSE,20,elitize_generation_data,192,365,0.751,NA
194,55,syllables,lexicase,FALSE,20,elitize_generation_data,193,336,0.733,NA
195,55,syllables,lexicase,FALSE,20,elitize_generation_data,194,331,0.734,NA
196,55,syllables,lexicase,FALSE,20,elitize_generation_data,195,340,0.737,NA
197,55,syllables,lexicase,FALSE,20,elitize_generation_data,196,366,0.762,NA
198,55,syllables,lexicase,FALSE,20,elitize_generation_data,197,362,0.735,NA
199,55,syllables,lexicase,FALSE,20,elitize_generation_data,198,372,0.753,NA
200,55,syllables,lexicase,FALSE,20,elitize_generation_data,199,362,0.736,NA
201,55,syllables,lexicase,FALSE,20,elitize_generation_data,200,360,0.736,NA
202,55,syllables,lexicase,FALSE,20,elitize_generation_data,201,365,0.734,NA
203,55,syllables,lexicase,FALSE,20,elitize_generation_data,202,375,0.737,NA
204,55,syllables,lexicase,FALSE,20,elitize_generation_data,203,356,0.758,NA
205,55,syllables,lexicase,FALSE,20,elitize_generation_data,204,397,0.78,NA
206,55,syllables,lexicase,FALSE,20,elitize_generation_data,205,358,0.775,NA
207,55,syllables,lexicase,FALSE,20,elitize_generation_data,206,384,0.757,NA
208,55,syllables,lexicase,FALSE,20,elitize_generation_data,207,369,0.745,NA
209,55,syllables,lexicase,FALSE,20,elitize_generation_data,208,372,0.781,NA
210,55,syllables,lexicase,FALSE,20,elitize_generation_data,209,360,0.751,NA
211,55,syllables,lexicase,FALSE,20,elitize_generation_data,210,357,0.762,NA
212,55,syllables,lexicase,FALSE,20,elitize_generation_data,211,367,0.749,NA
213,55,syllables,lexicase,FALSE,20,elitize_generation_data,212,366,0.753,NA
214,55,syllables,lexicase,FALSE,20,elitize_generation_data,213,357,0.79,NA
215,55,syllables,lexicase,FALSE,20,elitize_generation_data,214,385,0.78,NA
216,55,syllables,lexicase,FALSE,20,elitize_generation_data,215,381,0.773,NA
217,55,syllables,lexicase,FALSE,20,elitize_generation_data,216,360,0.77,NA
218,55,syllables,lexicase,FALSE,20,elitize_generation_data,217,384,0.761,NA
219,55,syllables,lexicase,FALSE,20,elitize_generation_data,218,381,0.794,NA
220,55,syllables,lexicase,FALSE,20,elitize_generation_data,219,396,0.783,NA
221,55,syllables,lexicase,FALSE,20,elitize_generation_data,220,400,0.781,NA
222,55,syllables,lexicase,FALSE,20,elitize_generation_data,221,382,0.787,NA
223,55,syllables,lexicase,FALSE,20,elitize_generation_data,222,390,0.76,NA
224,55,syllables,lexicase,FALSE,20,elitize_generation_data,223,398,0.776,NA
225,55,syllables,lexicase,FALSE,20,elitize_generation_data,224,392,0.785,NA
226,55,syllables,lexicase,FALSE,20,elitize_generation_data,225,390,0.801,NA
227,55,syllables,lexicase,FALSE,20,elitize_generation_data,226,400,0.779,NA
228,55,syllables,lexicase,FALSE,20,elitize_generation_data,227,401,0.786,NA
229,55,syllables,lexicase,FALSE,20,elitize_generation_data,228,401,0.769,NA
230,55,syllables,lexicase,FALSE,20,elitize_generation_data,229,393,0.768,NA
231,55,syllables,lexicase,FALSE,20,elitize_generation_data,230,405,0.794,NA
232,55,syllables,lexicase,FALSE,20,elitize_generation_data,231,387,0.784,NA
233,55,syllables,lexicase,FALSE,20,elitize_generation_data,232,408,0.79,NA
234,55,syllables,lexicase,FALSE,20,elitize_generation_data,233,404,0.824,NA
235,55,syllables,lexicase,FALSE,20,elitize_generation_data,234,403,0.785,NA
236,55,syllables,lexicase,FALSE,20,elitize_generation_data,235,394,0.815,NA
237,55,syllables,lexicase,FALSE,20,elitize_generation_data,236,393,0.788,NA
238,55,syllables,lexicase,FALSE,20,elitize_generation_data,237,398,0.792,NA
239,55,syllables,lexicase,FALSE,20,elitize_generation_data,238,411,0.795,NA
240,55,syllables,lexicase,FALSE,20,elitize_generation_data,239,411,0.786,NA
241,55,syllables,lexicase,FALSE,20,elitize_generation_data,240,405,0.797,NA
242,55,syllables,lexicase,FALSE,20,elitize_generation_data,241,397,0.808,NA
243,55,syllables,lexicase,FALSE,20,elitize_generation_data,242,401,0.805,NA
244,55,syllables,lexicase,FALSE,20,elitize_generation_data,243,411,0.806,NA
245,55,syllables,lexicase,FALSE,20,elitize_generation_data,244,410,0.792,NA
246,55,syllables,lexicase,FALSE,20,elitize_generation_data,245,410,0.789,NA
247,55,syllables,lexicase,FALSE,20,elitize_generation_data,246,423,0.806,NA
248,55,syllables,lexicase,FALSE,20,elitize_generation_data,247,383,0.798,NA
249,55,syllables,lexicase,FALSE,20,elitize_generation_data,248,410,0.806,NA
250,55,syllables,lexicase,FALSE,20,elitize_generation_data,249,413,0.812,NA
251,55,syllables,lexicase,FALSE,20,elitize_generation_data,250,389,0.781,NA
252,55,syllables,lexicase,FALSE,20,elitize_generation_data,251,394,0.812,NA
253,55,syllables,lexicase,FALSE,20,elitize_generation_data,252,404,0.789,NA
254,55,syllables,lexicase,FALSE,20,elitize_generation_data,253,422,0.814,NA
255,55,syllables,lexicase,FALSE,20,elitize_generation_data,254,415,0.816,NA
256,55,syllables,lexicase,FALSE,20,elitize_generation_data,255,399,0.808,NA
257,55,syllables,lexicase,FALSE,20,elitize_generation_data,256,420,0.834,NA
258,55,syllables,lexicase,FALSE,20,elitize_generation_data,257,423,0.826,NA
259,55,syllables,lexicase,FALSE,20,elitize_generation_data,258,396,0.804,NA
260,55,syllables,lexicase,FALSE,20,elitize_generation_data,259,403,0.814,NA
261,55,syllables,lexicase,FALSE,20,elitize_generation_data,260,418,0.816,NA
262,55,syllables,lexicase,FALSE,20,elitize_generation_data,261,422,0.817,NA
263,55,syllables,lexicase,FALSE,20,elitize_generation_data,262,415,0.81,NA
264,55,syllables,lexicase,FALSE,20,elitize_generation_data,263,430,0.834,NA
265,55,syllables,lexicase,FALSE,20,elitize_generation_data,264,423,0.806,NA
266,55,syllables,lexicase,FALSE,20,elitize_generation_data,265,430,0.812,NA
267,55,syllables,lexicase,FALSE,20,elitize_generation_data,266,400,0.777,NA
268,55,syllables,lexicase,FALSE,20,elitize_generation_data,267,423,0.799,NA
269,55,syllables,lexicase,FALSE,20,elitize_generation_data,268,410,0.821,NA
270,55,syllables,lexicase,FALSE,20,elitize_generation_data,269,428,0.828,NA
271,55,syllables,lexicase,FALSE,20,elitize_generation_data,270,437,0.809,NA
272,55,syllables,lexicase,FALSE,20,elitize_generation_data,271,401,0.804,NA
273,55,syllables,lexicase,FALSE,20,elitize_generation_data,272,396,0.818,NA
274,55,syllables,lexicase,FALSE,20,elitize_generation_data,273,404,0.815,NA
275,55,syllables,lexicase,FALSE,20,elitize_generation_data,274,375,0.796,NA
276,55,syllables,lexicase,FALSE,20,elitize_generation_data,275,399,0.802,NA
277,55,syllables,lexicase,FALSE,20,elitize_generation_data,276,400,0.804,NA
278,55,syllables,lexicase,FALSE,20,elitize_generation_data,277,398,0.821,NA
279,55,syllables,lexicase,FALSE,20,elitize_generation_data,278,411,0.831,NA
280,55,syllables,lexicase,FALSE,20,elitize_generation_data,279,384,0.796,NA
281,55,syllables,lexicase,FALSE,20,elitize_generation_data,280,388,0.784,NA
282,55,syllables,lexicase,FALSE,20,elitize_generation_data,281,387,0.806,NA
283,55,syllables,lexicase,FALSE,20,elitize_generation_data,282,397,0.806,NA
284,55,syllables,lexicase,FALSE,20,elitize_generation_data,283,405,0.801,NA
285,55,syllables,lexicase,FALSE,20,elitize_generation_data,284,395,0.816,NA
286,55,syllables,lexicase,FALSE,20,elitize_generation_data,285,414,0.823,NA
287,55,syllables,lexicase,FALSE,20,elitize_generation_data,286,396,0.807,NA
288,55,syllables,lexicase,FALSE,20,elitize_generation_data,287,404,0.791,NA
289,55,syllables,lexicase,FALSE,20,elitize_generation_data,288,384,0.79,NA
290,55,syllables,lexicase,FALSE,20,elitize_generation_data,289,401,0.818,NA
291,55,syllables,lexicase,FALSE,20,elitize_generation_data,290,403,0.808,NA
292,55,syllables,lexicase,FALSE,20,elitize_generation_data,291,402,0.816,NA
293,55,syllables,lexicase,FALSE,20,elitize_generation_data,292,419,0.829,NA
294,55,syllables,lexicase,FALSE,20,elitize_generation_data,293,407,0.821,NA
295,55,syllables,lexicase,FALSE,20,elitize_generation_data,294,401,0.806,NA
296,55,syllables,lexicase,FALSE,20,elitize_generation_data,295,384,0.786,NA
297,55,syllables,lexicase,FALSE,20,elitize_generation_data,296,429,0.825,NA
298,55,syllables,lexicase,FALSE,20,elitize_generation_data,297,421,0.835,NA
299,55,syllables,lexicase,FALSE,20,elitize_generation_data,298,412,0.823,NA
300,55,syllables,lexicase,FALSE,20,elitize_generation_data,299,431,0.818,NA
301,55,syllables,lexicase,FALSE,20,elitize_generation_data,300,414,0.848,NA
