,run.num,problem,treatment,succeeded,height,normalization.function,generation,cluster.count,error.diversity,success.generation
1,48,syllables,lexicase,FALSE,20,elitize_generation_data,0,6,0.266,NA
2,48,syllables,lexicase,FALSE,20,elitize_generation_data,1,10,0.142,NA
3,48,syllables,lexicase,FALSE,20,elitize_generation_data,2,8,0.222,NA
4,48,syllables,lexicase,FALSE,20,elitize_generation_data,3,11,0.203,NA
5,48,syllables,lexicase,FALSE,20,elitize_generation_data,4,13,0.22,NA
6,48,syllables,lexicase,FALSE,20,elitize_generation_data,5,19,0.254,NA
7,48,syllables,lexicase,FALSE,20,elitize_generation_data,6,23,0.285,NA
8,48,syllables,lexicase,FALSE,20,elitize_generation_data,7,31,0.272,NA
9,48,syllables,lexicase,FALSE,20,elitize_generation_data,8,33,0.254,NA
10,48,syllables,lexicase,FALSE,20,elitize_generation_data,9,41,0.294,NA
11,48,syllables,lexicase,FALSE,20,elitize_generation_data,10,52,0.336,NA
12,48,syllables,lexicase,FALSE,20,elitize_generation_data,11,59,0.347,NA
13,48,syllables,lexicase,FALSE,20,elitize_generation_data,12,68,0.398,NA
14,48,syllables,lexicase,FALSE,20,elitize_generation_data,13,84,0.423,NA
15,48,syllables,lexicase,FALSE,20,elitize_generation_data,14,93,0.456,NA
16,48,syllables,lexicase,FALSE,20,elitize_generation_data,15,92,0.444,NA
17,48,syllables,lexicase,FALSE,20,elitize_generation_data,16,120,0.527,NA
18,48,syllables,lexicase,FALSE,20,elitize_generation_data,17,127,0.529,NA
19,48,syllables,lexicase,FALSE,20,elitize_generation_data,18,129,0.532,NA
20,48,syllables,lexicase,FALSE,20,elitize_generation_data,19,136,0.577,NA
21,48,syllables,lexicase,FALSE,20,elitize_generation_data,20,132,0.566,NA
22,48,syllables,lexicase,FALSE,20,elitize_generation_data,21,142,0.557,NA
23,48,syllables,lexicase,FALSE,20,elitize_generation_data,22,143,0.609,NA
24,48,syllables,lexicase,FALSE,20,elitize_generation_data,23,150,0.588,NA
25,48,syllables,lexicase,FALSE,20,elitize_generation_data,24,155,0.61,NA
26,48,syllables,lexicase,FALSE,20,elitize_generation_data,25,167,0.593,NA
27,48,syllables,lexicase,FALSE,20,elitize_generation_data,26,172,0.655,NA
28,48,syllables,lexicase,FALSE,20,elitize_generation_data,27,181,0.63,NA
29,48,syllables,lexicase,FALSE,20,elitize_generation_data,28,193,0.654,NA
30,48,syllables,lexicase,FALSE,20,elitize_generation_data,29,193,0.668,NA
31,48,syllables,lexicase,FALSE,20,elitize_generation_data,30,205,0.647,NA
32,48,syllables,lexicase,FALSE,20,elitize_generation_data,31,200,0.668,NA
33,48,syllables,lexicase,FALSE,20,elitize_generation_data,32,195,0.668,NA
34,48,syllables,lexicase,FALSE,20,elitize_generation_data,33,219,0.696,NA
35,48,syllables,lexicase,FALSE,20,elitize_generation_data,34,228,0.702,NA
36,48,syllables,lexicase,FALSE,20,elitize_generation_data,35,244,0.74,NA
37,48,syllables,lexicase,FALSE,20,elitize_generation_data,36,243,0.704,NA
38,48,syllables,lexicase,FALSE,20,elitize_generation_data,37,247,0.722,NA
39,48,syllables,lexicase,FALSE,20,elitize_generation_data,38,254,0.713,NA
40,48,syllables,lexicase,FALSE,20,elitize_generation_data,39,268,0.748,NA
41,48,syllables,lexicase,FALSE,20,elitize_generation_data,40,267,0.755,NA
42,48,syllables,lexicase,FALSE,20,elitize_generation_data,41,253,0.732,NA
43,48,syllables,lexicase,FALSE,20,elitize_generation_data,42,257,0.727,NA
44,48,syllables,lexicase,FALSE,20,elitize_generation_data,43,260,0.713,NA
45,48,syllables,lexicase,FALSE,20,elitize_generation_data,44,278,0.753,NA
46,48,syllables,lexicase,FALSE,20,elitize_generation_data,45,302,0.741,NA
47,48,syllables,lexicase,FALSE,20,elitize_generation_data,46,300,0.755,NA
48,48,syllables,lexicase,FALSE,20,elitize_generation_data,47,307,0.756,NA
49,48,syllables,lexicase,FALSE,20,elitize_generation_data,48,315,0.739,NA
50,48,syllables,lexicase,FALSE,20,elitize_generation_data,49,308,0.763,NA
51,48,syllables,lexicase,FALSE,20,elitize_generation_data,50,308,0.753,NA
52,48,syllables,lexicase,FALSE,20,elitize_generation_data,51,328,0.759,NA
53,48,syllables,lexicase,FALSE,20,elitize_generation_data,52,341,0.775,NA
54,48,syllables,lexicase,FALSE,20,elitize_generation_data,53,341,0.746,NA
55,48,syllables,lexicase,FALSE,20,elitize_generation_data,54,338,0.756,NA
56,48,syllables,lexicase,FALSE,20,elitize_generation_data,55,317,0.77,NA
57,48,syllables,lexicase,FALSE,20,elitize_generation_data,56,337,0.753,NA
58,48,syllables,lexicase,FALSE,20,elitize_generation_data,57,322,0.75,NA
59,48,syllables,lexicase,FALSE,20,elitize_generation_data,58,332,0.777,NA
60,48,syllables,lexicase,FALSE,20,elitize_generation_data,59,328,0.753,NA
61,48,syllables,lexicase,FALSE,20,elitize_generation_data,60,333,0.773,NA
62,48,syllables,lexicase,FALSE,20,elitize_generation_data,61,347,0.779,NA
63,48,syllables,lexicase,FALSE,20,elitize_generation_data,62,333,0.768,NA
64,48,syllables,lexicase,FALSE,20,elitize_generation_data,63,351,0.763,NA
65,48,syllables,lexicase,FALSE,20,elitize_generation_data,64,331,0.764,NA
66,48,syllables,lexicase,FALSE,20,elitize_generation_data,65,321,0.773,NA
67,48,syllables,lexicase,FALSE,20,elitize_generation_data,66,346,0.764,NA
68,48,syllables,lexicase,FALSE,20,elitize_generation_data,67,368,0.787,NA
69,48,syllables,lexicase,FALSE,20,elitize_generation_data,68,356,0.769,NA
70,48,syllables,lexicase,FALSE,20,elitize_generation_data,69,371,0.777,NA
71,48,syllables,lexicase,FALSE,20,elitize_generation_data,70,384,0.788,NA
72,48,syllables,lexicase,FALSE,20,elitize_generation_data,71,350,0.774,NA
73,48,syllables,lexicase,FALSE,20,elitize_generation_data,72,365,0.785,NA
74,48,syllables,lexicase,FALSE,20,elitize_generation_data,73,368,0.758,NA
75,48,syllables,lexicase,FALSE,20,elitize_generation_data,74,339,0.754,NA
76,48,syllables,lexicase,FALSE,20,elitize_generation_data,75,339,0.754,NA
77,48,syllables,lexicase,FALSE,20,elitize_generation_data,76,355,0.766,NA
78,48,syllables,lexicase,FALSE,20,elitize_generation_data,77,389,0.784,NA
79,48,syllables,lexicase,FALSE,20,elitize_generation_data,78,361,0.77,NA
80,48,syllables,lexicase,FALSE,20,elitize_generation_data,79,382,0.784,NA
81,48,syllables,lexicase,FALSE,20,elitize_generation_data,80,399,0.777,NA
82,48,syllables,lexicase,FALSE,20,elitize_generation_data,81,375,0.775,NA
83,48,syllables,lexicase,FALSE,20,elitize_generation_data,82,378,0.769,NA
84,48,syllables,lexicase,FALSE,20,elitize_generation_data,83,386,0.786,NA
85,48,syllables,lexicase,FALSE,20,elitize_generation_data,84,400,0.785,NA
86,48,syllables,lexicase,FALSE,20,elitize_generation_data,85,368,0.789,NA
87,48,syllables,lexicase,FALSE,20,elitize_generation_data,86,377,0.809,NA
88,48,syllables,lexicase,FALSE,20,elitize_generation_data,87,393,0.799,NA
89,48,syllables,lexicase,FALSE,20,elitize_generation_data,88,396,0.776,NA
90,48,syllables,lexicase,FALSE,20,elitize_generation_data,89,390,0.77,NA
91,48,syllables,lexicase,FALSE,20,elitize_generation_data,90,396,0.78,NA
92,48,syllables,lexicase,FALSE,20,elitize_generation_data,91,413,0.781,NA
93,48,syllables,lexicase,FALSE,20,elitize_generation_data,92,385,0.781,NA
94,48,syllables,lexicase,FALSE,20,elitize_generation_data,93,386,0.792,NA
95,48,syllables,lexicase,FALSE,20,elitize_generation_data,94,378,0.79,NA
96,48,syllables,lexicase,FALSE,20,elitize_generation_data,95,405,0.793,NA
97,48,syllables,lexicase,FALSE,20,elitize_generation_data,96,408,0.798,NA
98,48,syllables,lexicase,FALSE,20,elitize_generation_data,97,394,0.794,NA
99,48,syllables,lexicase,FALSE,20,elitize_generation_data,98,424,0.811,NA
100,48,syllables,lexicase,FALSE,20,elitize_generation_data,99,387,0.774,NA
101,48,syllables,lexicase,FALSE,20,elitize_generation_data,100,375,0.785,NA
102,48,syllables,lexicase,FALSE,20,elitize_generation_data,101,413,0.784,NA
103,48,syllables,lexicase,FALSE,20,elitize_generation_data,102,405,0.803,NA
104,48,syllables,lexicase,FALSE,20,elitize_generation_data,103,410,0.783,NA
105,48,syllables,lexicase,FALSE,20,elitize_generation_data,104,408,0.802,NA
106,48,syllables,lexicase,FALSE,20,elitize_generation_data,105,435,0.803,NA
107,48,syllables,lexicase,FALSE,20,elitize_generation_data,106,429,0.793,NA
108,48,syllables,lexicase,FALSE,20,elitize_generation_data,107,424,0.798,NA
109,48,syllables,lexicase,FALSE,20,elitize_generation_data,108,416,0.773,NA
110,48,syllables,lexicase,FALSE,20,elitize_generation_data,109,396,0.799,NA
111,48,syllables,lexicase,FALSE,20,elitize_generation_data,110,429,0.802,NA
112,48,syllables,lexicase,FALSE,20,elitize_generation_data,111,428,0.789,NA
113,48,syllables,lexicase,FALSE,20,elitize_generation_data,112,439,0.786,NA
114,48,syllables,lexicase,FALSE,20,elitize_generation_data,113,430,0.791,NA
115,48,syllables,lexicase,FALSE,20,elitize_generation_data,114,412,0.784,NA
116,48,syllables,lexicase,FALSE,20,elitize_generation_data,115,437,0.785,NA
117,48,syllables,lexicase,FALSE,20,elitize_generation_data,116,446,0.792,NA
118,48,syllables,lexicase,FALSE,20,elitize_generation_data,117,422,0.792,NA
119,48,syllables,lexicase,FALSE,20,elitize_generation_data,118,451,0.795,NA
120,48,syllables,lexicase,FALSE,20,elitize_generation_data,119,439,0.812,NA
121,48,syllables,lexicase,FALSE,20,elitize_generation_data,120,440,0.809,NA
122,48,syllables,lexicase,FALSE,20,elitize_generation_data,121,414,0.796,NA
123,48,syllables,lexicase,FALSE,20,elitize_generation_data,122,418,0.785,NA
124,48,syllables,lexicase,FALSE,20,elitize_generation_data,123,412,0.802,NA
125,48,syllables,lexicase,FALSE,20,elitize_generation_data,124,417,0.805,NA
126,48,syllables,lexicase,FALSE,20,elitize_generation_data,125,394,0.772,NA
127,48,syllables,lexicase,FALSE,20,elitize_generation_data,126,409,0.77,NA
128,48,syllables,lexicase,FALSE,20,elitize_generation_data,127,403,0.776,NA
129,48,syllables,lexicase,FALSE,20,elitize_generation_data,128,425,0.805,NA
130,48,syllables,lexicase,FALSE,20,elitize_generation_data,129,429,0.814,NA
131,48,syllables,lexicase,FALSE,20,elitize_generation_data,130,400,0.796,NA
132,48,syllables,lexicase,FALSE,20,elitize_generation_data,131,418,0.792,NA
133,48,syllables,lexicase,FALSE,20,elitize_generation_data,132,422,0.811,NA
134,48,syllables,lexicase,FALSE,20,elitize_generation_data,133,438,0.796,NA
135,48,syllables,lexicase,FALSE,20,elitize_generation_data,134,417,0.801,NA
136,48,syllables,lexicase,FALSE,20,elitize_generation_data,135,404,0.766,NA
137,48,syllables,lexicase,FALSE,20,elitize_generation_data,136,447,0.806,NA
138,48,syllables,lexicase,FALSE,20,elitize_generation_data,137,426,0.791,NA
139,48,syllables,lexicase,FALSE,20,elitize_generation_data,138,398,0.757,NA
140,48,syllables,lexicase,FALSE,20,elitize_generation_data,139,399,0.766,NA
141,48,syllables,lexicase,FALSE,20,elitize_generation_data,140,423,0.787,NA
142,48,syllables,lexicase,FALSE,20,elitize_generation_data,141,400,0.797,NA
143,48,syllables,lexicase,FALSE,20,elitize_generation_data,142,420,0.781,NA
144,48,syllables,lexicase,FALSE,20,elitize_generation_data,143,423,0.808,NA
145,48,syllables,lexicase,FALSE,20,elitize_generation_data,144,430,0.814,NA
146,48,syllables,lexicase,FALSE,20,elitize_generation_data,145,421,0.795,NA
147,48,syllables,lexicase,FALSE,20,elitize_generation_data,146,421,0.792,NA
148,48,syllables,lexicase,FALSE,20,elitize_generation_data,147,416,0.801,NA
149,48,syllables,lexicase,FALSE,20,elitize_generation_data,148,425,0.793,NA
150,48,syllables,lexicase,FALSE,20,elitize_generation_data,149,409,0.798,NA
151,48,syllables,lexicase,FALSE,20,elitize_generation_data,150,427,0.807,NA
152,48,syllables,lexicase,FALSE,20,elitize_generation_data,151,407,0.772,NA
153,48,syllables,lexicase,FALSE,20,elitize_generation_data,152,416,0.791,NA
154,48,syllables,lexicase,FALSE,20,elitize_generation_data,153,428,0.794,NA
155,48,syllables,lexicase,FALSE,20,elitize_generation_data,154,429,0.817,NA
156,48,syllables,lexicase,FALSE,20,elitize_generation_data,155,443,0.809,NA
157,48,syllables,lexicase,FALSE,20,elitize_generation_data,156,440,0.799,NA
158,48,syllables,lexicase,FALSE,20,elitize_generation_data,157,444,0.804,NA
159,48,syllables,lexicase,FALSE,20,elitize_generation_data,158,447,0.823,NA
160,48,syllables,lexicase,FALSE,20,elitize_generation_data,159,447,0.808,NA
161,48,syllables,lexicase,FALSE,20,elitize_generation_data,160,437,0.785,NA
162,48,syllables,lexicase,FALSE,20,elitize_generation_data,161,434,0.789,NA
163,48,syllables,lexicase,FALSE,20,elitize_generation_data,162,424,0.815,NA
164,48,syllables,lexicase,FALSE,20,elitize_generation_data,163,430,0.79,NA
165,48,syllables,lexicase,FALSE,20,elitize_generation_data,164,414,0.796,NA
166,48,syllables,lexicase,FALSE,20,elitize_generation_data,165,433,0.785,NA
167,48,syllables,lexicase,FALSE,20,elitize_generation_data,166,431,0.788,NA
168,48,syllables,lexicase,FALSE,20,elitize_generation_data,167,437,0.8,NA
169,48,syllables,lexicase,FALSE,20,elitize_generation_data,168,434,0.801,NA
170,48,syllables,lexicase,FALSE,20,elitize_generation_data,169,456,0.792,NA
171,48,syllables,lexicase,FALSE,20,elitize_generation_data,170,453,0.806,NA
172,48,syllables,lexicase,FALSE,20,elitize_generation_data,171,459,0.824,NA
173,48,syllables,lexicase,FALSE,20,elitize_generation_data,172,459,0.791,NA
174,48,syllables,lexicase,FALSE,20,elitize_generation_data,173,467,0.82,NA
175,48,syllables,lexicase,FALSE,20,elitize_generation_data,174,462,0.823,NA
176,48,syllables,lexicase,FALSE,20,elitize_generation_data,175,456,0.801,NA
177,48,syllables,lexicase,FALSE,20,elitize_generation_data,176,454,0.786,NA
178,48,syllables,lexicase,FALSE,20,elitize_generation_data,177,468,0.816,NA
179,48,syllables,lexicase,FALSE,20,elitize_generation_data,178,471,0.827,NA
180,48,syllables,lexicase,FALSE,20,elitize_generation_data,179,492,0.815,NA
181,48,syllables,lexicase,FALSE,20,elitize_generation_data,180,462,0.809,NA
182,48,syllables,lexicase,FALSE,20,elitize_generation_data,181,449,0.808,NA
183,48,syllables,lexicase,FALSE,20,elitize_generation_data,182,446,0.779,NA
184,48,syllables,lexicase,FALSE,20,elitize_generation_data,183,445,0.809,NA
185,48,syllables,lexicase,FALSE,20,elitize_generation_data,184,430,0.775,NA
186,48,syllables,lexicase,FALSE,20,elitize_generation_data,185,467,0.833,NA
187,48,syllables,lexicase,FALSE,20,elitize_generation_data,186,438,0.792,NA
188,48,syllables,lexicase,FALSE,20,elitize_generation_data,187,466,0.806,NA
189,48,syllables,lexicase,FALSE,20,elitize_generation_data,188,483,0.818,NA
190,48,syllables,lexicase,FALSE,20,elitize_generation_data,189,459,0.796,NA
191,48,syllables,lexicase,FALSE,20,elitize_generation_data,190,479,0.833,NA
192,48,syllables,lexicase,FALSE,20,elitize_generation_data,191,461,0.799,NA
193,48,syllables,lexicase,FALSE,20,elitize_generation_data,192,462,0.798,NA
194,48,syllables,lexicase,FALSE,20,elitize_generation_data,193,444,0.798,NA
195,48,syllables,lexicase,FALSE,20,elitize_generation_data,194,483,0.817,NA
196,48,syllables,lexicase,FALSE,20,elitize_generation_data,195,480,0.812,NA
197,48,syllables,lexicase,FALSE,20,elitize_generation_data,196,435,0.798,NA
198,48,syllables,lexicase,FALSE,20,elitize_generation_data,197,446,0.803,NA
199,48,syllables,lexicase,FALSE,20,elitize_generation_data,198,453,0.797,NA
200,48,syllables,lexicase,FALSE,20,elitize_generation_data,199,451,0.813,NA
201,48,syllables,lexicase,FALSE,20,elitize_generation_data,200,435,0.802,NA
202,48,syllables,lexicase,FALSE,20,elitize_generation_data,201,428,0.789,NA
203,48,syllables,lexicase,FALSE,20,elitize_generation_data,202,420,0.805,NA
204,48,syllables,lexicase,FALSE,20,elitize_generation_data,203,417,0.775,NA
205,48,syllables,lexicase,FALSE,20,elitize_generation_data,204,424,0.806,NA
206,48,syllables,lexicase,FALSE,20,elitize_generation_data,205,437,0.802,NA
207,48,syllables,lexicase,FALSE,20,elitize_generation_data,206,432,0.803,NA
208,48,syllables,lexicase,FALSE,20,elitize_generation_data,207,440,0.796,NA
209,48,syllables,lexicase,FALSE,20,elitize_generation_data,208,465,0.817,NA
210,48,syllables,lexicase,FALSE,20,elitize_generation_data,209,431,0.806,NA
211,48,syllables,lexicase,FALSE,20,elitize_generation_data,210,442,0.82,NA
212,48,syllables,lexicase,FALSE,20,elitize_generation_data,211,472,0.798,NA
213,48,syllables,lexicase,FALSE,20,elitize_generation_data,212,476,0.817,NA
214,48,syllables,lexicase,FALSE,20,elitize_generation_data,213,449,0.797,NA
215,48,syllables,lexicase,FALSE,20,elitize_generation_data,214,450,0.828,NA
216,48,syllables,lexicase,FALSE,20,elitize_generation_data,215,440,0.818,NA
217,48,syllables,lexicase,FALSE,20,elitize_generation_data,216,432,0.795,NA
218,48,syllables,lexicase,FALSE,20,elitize_generation_data,217,456,0.805,NA
219,48,syllables,lexicase,FALSE,20,elitize_generation_data,218,429,0.791,NA
220,48,syllables,lexicase,FALSE,20,elitize_generation_data,219,436,0.803,NA
221,48,syllables,lexicase,FALSE,20,elitize_generation_data,220,415,0.785,NA
222,48,syllables,lexicase,FALSE,20,elitize_generation_data,221,429,0.796,NA
223,48,syllables,lexicase,FALSE,20,elitize_generation_data,222,465,0.817,NA
224,48,syllables,lexicase,FALSE,20,elitize_generation_data,223,446,0.808,NA
225,48,syllables,lexicase,FALSE,20,elitize_generation_data,224,425,0.768,NA
226,48,syllables,lexicase,FALSE,20,elitize_generation_data,225,417,0.801,NA
227,48,syllables,lexicase,FALSE,20,elitize_generation_data,226,434,0.785,NA
228,48,syllables,lexicase,FALSE,20,elitize_generation_data,227,423,0.779,NA
229,48,syllables,lexicase,FALSE,20,elitize_generation_data,228,452,0.811,NA
230,48,syllables,lexicase,FALSE,20,elitize_generation_data,229,435,0.808,NA
231,48,syllables,lexicase,FALSE,20,elitize_generation_data,230,433,0.795,NA
232,48,syllables,lexicase,FALSE,20,elitize_generation_data,231,445,0.799,NA
233,48,syllables,lexicase,FALSE,20,elitize_generation_data,232,446,0.799,NA
234,48,syllables,lexicase,FALSE,20,elitize_generation_data,233,432,0.789,NA
235,48,syllables,lexicase,FALSE,20,elitize_generation_data,234,420,0.786,NA
236,48,syllables,lexicase,FALSE,20,elitize_generation_data,235,447,0.8,NA
237,48,syllables,lexicase,FALSE,20,elitize_generation_data,236,444,0.805,NA
238,48,syllables,lexicase,FALSE,20,elitize_generation_data,237,427,0.811,NA
239,48,syllables,lexicase,FALSE,20,elitize_generation_data,238,426,0.799,NA
240,48,syllables,lexicase,FALSE,20,elitize_generation_data,239,437,0.809,NA
241,48,syllables,lexicase,FALSE,20,elitize_generation_data,240,451,0.811,NA
242,48,syllables,lexicase,FALSE,20,elitize_generation_data,241,433,0.817,NA
243,48,syllables,lexicase,FALSE,20,elitize_generation_data,242,469,0.822,NA
244,48,syllables,lexicase,FALSE,20,elitize_generation_data,243,481,0.827,NA
245,48,syllables,lexicase,FALSE,20,elitize_generation_data,244,460,0.802,NA
246,48,syllables,lexicase,FALSE,20,elitize_generation_data,245,460,0.801,NA
247,48,syllables,lexicase,FALSE,20,elitize_generation_data,246,448,0.827,NA
248,48,syllables,lexicase,FALSE,20,elitize_generation_data,247,456,0.797,NA
249,48,syllables,lexicase,FALSE,20,elitize_generation_data,248,452,0.8,NA
250,48,syllables,lexicase,FALSE,20,elitize_generation_data,249,467,0.801,NA
251,48,syllables,lexicase,FALSE,20,elitize_generation_data,250,499,0.826,NA
252,48,syllables,lexicase,FALSE,20,elitize_generation_data,251,451,0.804,NA
253,48,syllables,lexicase,FALSE,20,elitize_generation_data,252,490,0.835,NA
254,48,syllables,lexicase,FALSE,20,elitize_generation_data,253,483,0.797,NA
255,48,syllables,lexicase,FALSE,20,elitize_generation_data,254,455,0.829,NA
256,48,syllables,lexicase,FALSE,20,elitize_generation_data,255,485,0.835,NA
257,48,syllables,lexicase,FALSE,20,elitize_generation_data,256,484,0.818,NA
258,48,syllables,lexicase,FALSE,20,elitize_generation_data,257,469,0.803,NA
259,48,syllables,lexicase,FALSE,20,elitize_generation_data,258,449,0.795,NA
260,48,syllables,lexicase,FALSE,20,elitize_generation_data,259,452,0.79,NA
261,48,syllables,lexicase,FALSE,20,elitize_generation_data,260,458,0.794,NA
262,48,syllables,lexicase,FALSE,20,elitize_generation_data,261,474,0.833,NA
263,48,syllables,lexicase,FALSE,20,elitize_generation_data,262,457,0.812,NA
264,48,syllables,lexicase,FALSE,20,elitize_generation_data,263,456,0.818,NA
265,48,syllables,lexicase,FALSE,20,elitize_generation_data,264,482,0.829,NA
266,48,syllables,lexicase,FALSE,20,elitize_generation_data,265,437,0.801,NA
267,48,syllables,lexicase,FALSE,20,elitize_generation_data,266,451,0.814,NA
268,48,syllables,lexicase,FALSE,20,elitize_generation_data,267,462,0.81,NA
269,48,syllables,lexicase,FALSE,20,elitize_generation_data,268,442,0.797,NA
270,48,syllables,lexicase,FALSE,20,elitize_generation_data,269,446,0.815,NA
271,48,syllables,lexicase,FALSE,20,elitize_generation_data,270,449,0.796,NA
272,48,syllables,lexicase,FALSE,20,elitize_generation_data,271,436,0.789,NA
273,48,syllables,lexicase,FALSE,20,elitize_generation_data,272,441,0.814,NA
274,48,syllables,lexicase,FALSE,20,elitize_generation_data,273,420,0.777,NA
275,48,syllables,lexicase,FALSE,20,elitize_generation_data,274,443,0.799,NA
276,48,syllables,lexicase,FALSE,20,elitize_generation_data,275,422,0.798,NA
277,48,syllables,lexicase,FALSE,20,elitize_generation_data,276,445,0.792,NA
278,48,syllables,lexicase,FALSE,20,elitize_generation_data,277,437,0.783,NA
279,48,syllables,lexicase,FALSE,20,elitize_generation_data,278,454,0.814,NA
280,48,syllables,lexicase,FALSE,20,elitize_generation_data,279,429,0.8,NA
281,48,syllables,lexicase,FALSE,20,elitize_generation_data,280,444,0.786,NA
282,48,syllables,lexicase,FALSE,20,elitize_generation_data,281,433,0.78,NA
283,48,syllables,lexicase,FALSE,20,elitize_generation_data,282,461,0.806,NA
284,48,syllables,lexicase,FALSE,20,elitize_generation_data,283,430,0.8,NA
285,48,syllables,lexicase,FALSE,20,elitize_generation_data,284,456,0.816,NA
286,48,syllables,lexicase,FALSE,20,elitize_generation_data,285,440,0.786,NA
287,48,syllables,lexicase,FALSE,20,elitize_generation_data,286,426,0.788,NA
288,48,syllables,lexicase,FALSE,20,elitize_generation_data,287,424,0.783,NA
289,48,syllables,lexicase,FALSE,20,elitize_generation_data,288,436,0.807,NA
290,48,syllables,lexicase,FALSE,20,elitize_generation_data,289,468,0.799,NA
291,48,syllables,lexicase,FALSE,20,elitize_generation_data,290,474,0.813,NA
292,48,syllables,lexicase,FALSE,20,elitize_generation_data,291,464,0.835,NA
293,48,syllables,lexicase,FALSE,20,elitize_generation_data,292,463,0.804,NA
294,48,syllables,lexicase,FALSE,20,elitize_generation_data,293,479,0.811,NA
295,48,syllables,lexicase,FALSE,20,elitize_generation_data,294,453,0.793,NA
296,48,syllables,lexicase,FALSE,20,elitize_generation_data,295,449,0.808,NA
297,48,syllables,lexicase,FALSE,20,elitize_generation_data,296,439,0.781,NA
298,48,syllables,lexicase,FALSE,20,elitize_generation_data,297,439,0.788,NA
299,48,syllables,lexicase,FALSE,20,elitize_generation_data,298,453,0.802,NA
300,48,syllables,lexicase,FALSE,20,elitize_generation_data,299,436,0.795,NA
301,48,syllables,lexicase,FALSE,20,elitize_generation_data,300,466,0.811,NA
