,run.num,problem,treatment,succeeded,height,normalization.function,generation,cluster.count,error.diversity,success.generation
1,41,syllables,lexicase,FALSE,20,elitize_generation_data,0,4,0.26,NA
2,41,syllables,lexicase,FALSE,20,elitize_generation_data,1,8,0.2,NA
3,41,syllables,lexicase,FALSE,20,elitize_generation_data,2,8,0.202,NA
4,41,syllables,lexicase,FALSE,20,elitize_generation_data,3,8,0.166,NA
5,41,syllables,lexicase,FALSE,20,elitize_generation_data,4,7,0.177,NA
6,41,syllables,lexicase,FALSE,20,elitize_generation_data,5,8,0.176,NA
7,41,syllables,lexicase,FALSE,20,elitize_generation_data,6,7,0.206,NA
8,41,syllables,lexicase,FALSE,20,elitize_generation_data,7,12,0.268,NA
9,41,syllables,lexicase,FALSE,20,elitize_generation_data,8,21,0.429,NA
10,41,syllables,lexicase,FALSE,20,elitize_generation_data,9,64,0.591,NA
11,41,syllables,lexicase,FALSE,20,elitize_generation_data,10,117,0.672,NA
12,41,syllables,lexicase,FALSE,20,elitize_generation_data,11,172,0.702,NA
13,41,syllables,lexicase,FALSE,20,elitize_generation_data,12,184,0.711,NA
14,41,syllables,lexicase,FALSE,20,elitize_generation_data,13,207,0.733,NA
15,41,syllables,lexicase,FALSE,20,elitize_generation_data,14,253,0.741,NA
16,41,syllables,lexicase,FALSE,20,elitize_generation_data,15,287,0.759,NA
17,41,syllables,lexicase,FALSE,20,elitize_generation_data,16,304,0.768,NA
18,41,syllables,lexicase,FALSE,20,elitize_generation_data,17,295,0.747,NA
19,41,syllables,lexicase,FALSE,20,elitize_generation_data,18,305,0.77,NA
20,41,syllables,lexicase,FALSE,20,elitize_generation_data,19,331,0.779,NA
21,41,syllables,lexicase,FALSE,20,elitize_generation_data,20,345,0.779,NA
22,41,syllables,lexicase,FALSE,20,elitize_generation_data,21,368,0.792,NA
23,41,syllables,lexicase,FALSE,20,elitize_generation_data,22,364,0.782,NA
24,41,syllables,lexicase,FALSE,20,elitize_generation_data,23,367,0.797,NA
25,41,syllables,lexicase,FALSE,20,elitize_generation_data,24,378,0.781,NA
26,41,syllables,lexicase,FALSE,20,elitize_generation_data,25,378,0.804,NA
27,41,syllables,lexicase,FALSE,20,elitize_generation_data,26,361,0.784,NA
28,41,syllables,lexicase,FALSE,20,elitize_generation_data,27,403,0.802,NA
29,41,syllables,lexicase,FALSE,20,elitize_generation_data,28,394,0.796,NA
30,41,syllables,lexicase,FALSE,20,elitize_generation_data,29,390,0.768,NA
31,41,syllables,lexicase,FALSE,20,elitize_generation_data,30,376,0.782,NA
32,41,syllables,lexicase,FALSE,20,elitize_generation_data,31,389,0.787,NA
33,41,syllables,lexicase,FALSE,20,elitize_generation_data,32,402,0.794,NA
34,41,syllables,lexicase,FALSE,20,elitize_generation_data,33,398,0.77,NA
35,41,syllables,lexicase,FALSE,20,elitize_generation_data,34,415,0.751,NA
36,41,syllables,lexicase,FALSE,20,elitize_generation_data,35,401,0.769,NA
37,41,syllables,lexicase,FALSE,20,elitize_generation_data,36,389,0.759,NA
38,41,syllables,lexicase,FALSE,20,elitize_generation_data,37,409,0.754,NA
39,41,syllables,lexicase,FALSE,20,elitize_generation_data,38,400,0.753,NA
40,41,syllables,lexicase,FALSE,20,elitize_generation_data,39,449,0.776,NA
41,41,syllables,lexicase,FALSE,20,elitize_generation_data,40,412,0.765,NA
42,41,syllables,lexicase,FALSE,20,elitize_generation_data,41,419,0.757,NA
43,41,syllables,lexicase,FALSE,20,elitize_generation_data,42,414,0.778,NA
44,41,syllables,lexicase,FALSE,20,elitize_generation_data,43,414,0.759,NA
45,41,syllables,lexicase,FALSE,20,elitize_generation_data,44,422,0.778,NA
46,41,syllables,lexicase,FALSE,20,elitize_generation_data,45,417,0.765,NA
47,41,syllables,lexicase,FALSE,20,elitize_generation_data,46,420,0.788,NA
48,41,syllables,lexicase,FALSE,20,elitize_generation_data,47,405,0.774,NA
49,41,syllables,lexicase,FALSE,20,elitize_generation_data,48,405,0.785,NA
50,41,syllables,lexicase,FALSE,20,elitize_generation_data,49,431,0.781,NA
51,41,syllables,lexicase,FALSE,20,elitize_generation_data,50,410,0.791,NA
52,41,syllables,lexicase,FALSE,20,elitize_generation_data,51,415,0.784,NA
53,41,syllables,lexicase,FALSE,20,elitize_generation_data,52,402,0.765,NA
54,41,syllables,lexicase,FALSE,20,elitize_generation_data,53,438,0.782,NA
55,41,syllables,lexicase,FALSE,20,elitize_generation_data,54,430,0.772,NA
56,41,syllables,lexicase,FALSE,20,elitize_generation_data,55,403,0.758,NA
57,41,syllables,lexicase,FALSE,20,elitize_generation_data,56,421,0.774,NA
58,41,syllables,lexicase,FALSE,20,elitize_generation_data,57,459,0.772,NA
59,41,syllables,lexicase,FALSE,20,elitize_generation_data,58,399,0.759,NA
60,41,syllables,lexicase,FALSE,20,elitize_generation_data,59,401,0.765,NA
61,41,syllables,lexicase,FALSE,20,elitize_generation_data,60,435,0.78,NA
62,41,syllables,lexicase,FALSE,20,elitize_generation_data,61,441,0.782,NA
63,41,syllables,lexicase,FALSE,20,elitize_generation_data,62,433,0.755,NA
64,41,syllables,lexicase,FALSE,20,elitize_generation_data,63,449,0.802,NA
65,41,syllables,lexicase,FALSE,20,elitize_generation_data,64,440,0.775,NA
66,41,syllables,lexicase,FALSE,20,elitize_generation_data,65,435,0.784,NA
67,41,syllables,lexicase,FALSE,20,elitize_generation_data,66,433,0.78,NA
68,41,syllables,lexicase,FALSE,20,elitize_generation_data,67,442,0.771,NA
69,41,syllables,lexicase,FALSE,20,elitize_generation_data,68,433,0.784,NA
70,41,syllables,lexicase,FALSE,20,elitize_generation_data,69,451,0.78,NA
71,41,syllables,lexicase,FALSE,20,elitize_generation_data,70,425,0.784,NA
72,41,syllables,lexicase,FALSE,20,elitize_generation_data,71,415,0.779,NA
73,41,syllables,lexicase,FALSE,20,elitize_generation_data,72,411,0.751,NA
74,41,syllables,lexicase,FALSE,20,elitize_generation_data,73,413,0.779,NA
75,41,syllables,lexicase,FALSE,20,elitize_generation_data,74,414,0.776,NA
76,41,syllables,lexicase,FALSE,20,elitize_generation_data,75,416,0.779,NA
77,41,syllables,lexicase,FALSE,20,elitize_generation_data,76,404,0.794,NA
78,41,syllables,lexicase,FALSE,20,elitize_generation_data,77,416,0.777,NA
79,41,syllables,lexicase,FALSE,20,elitize_generation_data,78,418,0.754,NA
80,41,syllables,lexicase,FALSE,20,elitize_generation_data,79,433,0.777,NA
81,41,syllables,lexicase,FALSE,20,elitize_generation_data,80,418,0.778,NA
82,41,syllables,lexicase,FALSE,20,elitize_generation_data,81,425,0.76,NA
83,41,syllables,lexicase,FALSE,20,elitize_generation_data,82,405,0.757,NA
84,41,syllables,lexicase,FALSE,20,elitize_generation_data,83,427,0.776,NA
85,41,syllables,lexicase,FALSE,20,elitize_generation_data,84,430,0.782,NA
86,41,syllables,lexicase,FALSE,20,elitize_generation_data,85,419,0.783,NA
87,41,syllables,lexicase,FALSE,20,elitize_generation_data,86,430,0.782,NA
88,41,syllables,lexicase,FALSE,20,elitize_generation_data,87,444,0.775,NA
89,41,syllables,lexicase,FALSE,20,elitize_generation_data,88,440,0.781,NA
90,41,syllables,lexicase,FALSE,20,elitize_generation_data,89,425,0.782,NA
91,41,syllables,lexicase,FALSE,20,elitize_generation_data,90,400,0.748,NA
92,41,syllables,lexicase,FALSE,20,elitize_generation_data,91,406,0.771,NA
93,41,syllables,lexicase,FALSE,20,elitize_generation_data,92,420,0.799,NA
94,41,syllables,lexicase,FALSE,20,elitize_generation_data,93,397,0.763,NA
95,41,syllables,lexicase,FALSE,20,elitize_generation_data,94,422,0.786,NA
96,41,syllables,lexicase,FALSE,20,elitize_generation_data,95,430,0.765,NA
97,41,syllables,lexicase,FALSE,20,elitize_generation_data,96,398,0.765,NA
98,41,syllables,lexicase,FALSE,20,elitize_generation_data,97,407,0.764,NA
99,41,syllables,lexicase,FALSE,20,elitize_generation_data,98,416,0.757,NA
100,41,syllables,lexicase,FALSE,20,elitize_generation_data,99,420,0.778,NA
101,41,syllables,lexicase,FALSE,20,elitize_generation_data,100,400,0.761,NA
102,41,syllables,lexicase,FALSE,20,elitize_generation_data,101,412,0.762,NA
103,41,syllables,lexicase,FALSE,20,elitize_generation_data,102,407,0.761,NA
104,41,syllables,lexicase,FALSE,20,elitize_generation_data,103,431,0.754,NA
105,41,syllables,lexicase,FALSE,20,elitize_generation_data,104,424,0.781,NA
106,41,syllables,lexicase,FALSE,20,elitize_generation_data,105,432,0.786,NA
107,41,syllables,lexicase,FALSE,20,elitize_generation_data,106,415,0.767,NA
108,41,syllables,lexicase,FALSE,20,elitize_generation_data,107,412,0.778,NA
109,41,syllables,lexicase,FALSE,20,elitize_generation_data,108,434,0.787,NA
110,41,syllables,lexicase,FALSE,20,elitize_generation_data,109,454,0.792,NA
111,41,syllables,lexicase,FALSE,20,elitize_generation_data,110,463,0.78,NA
112,41,syllables,lexicase,FALSE,20,elitize_generation_data,111,414,0.773,NA
113,41,syllables,lexicase,FALSE,20,elitize_generation_data,112,420,0.776,NA
114,41,syllables,lexicase,FALSE,20,elitize_generation_data,113,421,0.766,NA
115,41,syllables,lexicase,FALSE,20,elitize_generation_data,114,435,0.781,NA
116,41,syllables,lexicase,FALSE,20,elitize_generation_data,115,424,0.77,NA
117,41,syllables,lexicase,FALSE,20,elitize_generation_data,116,428,0.767,NA
118,41,syllables,lexicase,FALSE,20,elitize_generation_data,117,443,0.766,NA
119,41,syllables,lexicase,FALSE,20,elitize_generation_data,118,412,0.766,NA
120,41,syllables,lexicase,FALSE,20,elitize_generation_data,119,419,0.782,NA
121,41,syllables,lexicase,FALSE,20,elitize_generation_data,120,412,0.768,NA
122,41,syllables,lexicase,FALSE,20,elitize_generation_data,121,416,0.759,NA
123,41,syllables,lexicase,FALSE,20,elitize_generation_data,122,403,0.761,NA
124,41,syllables,lexicase,FALSE,20,elitize_generation_data,123,436,0.756,NA
125,41,syllables,lexicase,FALSE,20,elitize_generation_data,124,428,0.769,NA
126,41,syllables,lexicase,FALSE,20,elitize_generation_data,125,420,0.778,NA
127,41,syllables,lexicase,FALSE,20,elitize_generation_data,126,453,0.769,NA
128,41,syllables,lexicase,FALSE,20,elitize_generation_data,127,450,0.797,NA
129,41,syllables,lexicase,FALSE,20,elitize_generation_data,128,413,0.765,NA
130,41,syllables,lexicase,FALSE,20,elitize_generation_data,129,436,0.776,NA
131,41,syllables,lexicase,FALSE,20,elitize_generation_data,130,419,0.767,NA
132,41,syllables,lexicase,FALSE,20,elitize_generation_data,131,434,0.795,NA
133,41,syllables,lexicase,FALSE,20,elitize_generation_data,132,407,0.781,NA
134,41,syllables,lexicase,FALSE,20,elitize_generation_data,133,419,0.779,NA
135,41,syllables,lexicase,FALSE,20,elitize_generation_data,134,449,0.788,NA
136,41,syllables,lexicase,FALSE,20,elitize_generation_data,135,426,0.793,NA
137,41,syllables,lexicase,FALSE,20,elitize_generation_data,136,443,0.793,NA
138,41,syllables,lexicase,FALSE,20,elitize_generation_data,137,413,0.77,NA
139,41,syllables,lexicase,FALSE,20,elitize_generation_data,138,416,0.788,NA
140,41,syllables,lexicase,FALSE,20,elitize_generation_data,139,407,0.746,NA
141,41,syllables,lexicase,FALSE,20,elitize_generation_data,140,426,0.787,NA
142,41,syllables,lexicase,FALSE,20,elitize_generation_data,141,423,0.777,NA
143,41,syllables,lexicase,FALSE,20,elitize_generation_data,142,431,0.755,NA
144,41,syllables,lexicase,FALSE,20,elitize_generation_data,143,443,0.781,NA
145,41,syllables,lexicase,FALSE,20,elitize_generation_data,144,422,0.785,NA
146,41,syllables,lexicase,FALSE,20,elitize_generation_data,145,411,0.779,NA
147,41,syllables,lexicase,FALSE,20,elitize_generation_data,146,423,0.777,NA
148,41,syllables,lexicase,FALSE,20,elitize_generation_data,147,403,0.778,NA
149,41,syllables,lexicase,FALSE,20,elitize_generation_data,148,413,0.761,NA
150,41,syllables,lexicase,FALSE,20,elitize_generation_data,149,427,0.776,NA
151,41,syllables,lexicase,FALSE,20,elitize_generation_data,150,430,0.758,NA
152,41,syllables,lexicase,FALSE,20,elitize_generation_data,151,403,0.743,NA
153,41,syllables,lexicase,FALSE,20,elitize_generation_data,152,430,0.77,NA
154,41,syllables,lexicase,FALSE,20,elitize_generation_data,153,436,0.773,NA
155,41,syllables,lexicase,FALSE,20,elitize_generation_data,154,412,0.766,NA
156,41,syllables,lexicase,FALSE,20,elitize_generation_data,155,421,0.772,NA
157,41,syllables,lexicase,FALSE,20,elitize_generation_data,156,427,0.776,NA
158,41,syllables,lexicase,FALSE,20,elitize_generation_data,157,420,0.751,NA
159,41,syllables,lexicase,FALSE,20,elitize_generation_data,158,436,0.767,NA
160,41,syllables,lexicase,FALSE,20,elitize_generation_data,159,415,0.742,NA
161,41,syllables,lexicase,FALSE,20,elitize_generation_data,160,425,0.75,NA
162,41,syllables,lexicase,FALSE,20,elitize_generation_data,161,416,0.782,NA
163,41,syllables,lexicase,FALSE,20,elitize_generation_data,162,428,0.786,NA
164,41,syllables,lexicase,FALSE,20,elitize_generation_data,163,424,0.753,NA
165,41,syllables,lexicase,FALSE,20,elitize_generation_data,164,404,0.77,NA
166,41,syllables,lexicase,FALSE,20,elitize_generation_data,165,413,0.771,NA
167,41,syllables,lexicase,FALSE,20,elitize_generation_data,166,383,0.766,NA
168,41,syllables,lexicase,FALSE,20,elitize_generation_data,167,406,0.765,NA
169,41,syllables,lexicase,FALSE,20,elitize_generation_data,168,412,0.767,NA
170,41,syllables,lexicase,FALSE,20,elitize_generation_data,169,417,0.744,NA
171,41,syllables,lexicase,FALSE,20,elitize_generation_data,170,416,0.749,NA
172,41,syllables,lexicase,FALSE,20,elitize_generation_data,171,409,0.771,NA
173,41,syllables,lexicase,FALSE,20,elitize_generation_data,172,409,0.779,NA
174,41,syllables,lexicase,FALSE,20,elitize_generation_data,173,408,0.775,NA
175,41,syllables,lexicase,FALSE,20,elitize_generation_data,174,402,0.758,NA
176,41,syllables,lexicase,FALSE,20,elitize_generation_data,175,398,0.768,NA
177,41,syllables,lexicase,FALSE,20,elitize_generation_data,176,398,0.761,NA
178,41,syllables,lexicase,FALSE,20,elitize_generation_data,177,418,0.76,NA
179,41,syllables,lexicase,FALSE,20,elitize_generation_data,178,406,0.759,NA
180,41,syllables,lexicase,FALSE,20,elitize_generation_data,179,415,0.74,NA
181,41,syllables,lexicase,FALSE,20,elitize_generation_data,180,411,0.756,NA
182,41,syllables,lexicase,FALSE,20,elitize_generation_data,181,381,0.74,NA
183,41,syllables,lexicase,FALSE,20,elitize_generation_data,182,411,0.776,NA
184,41,syllables,lexicase,FALSE,20,elitize_generation_data,183,405,0.758,NA
185,41,syllables,lexicase,FALSE,20,elitize_generation_data,184,410,0.764,NA
186,41,syllables,lexicase,FALSE,20,elitize_generation_data,185,420,0.785,NA
187,41,syllables,lexicase,FALSE,20,elitize_generation_data,186,432,0.778,NA
188,41,syllables,lexicase,FALSE,20,elitize_generation_data,187,387,0.735,NA
189,41,syllables,lexicase,FALSE,20,elitize_generation_data,188,380,0.741,NA
190,41,syllables,lexicase,FALSE,20,elitize_generation_data,189,384,0.788,NA
191,41,syllables,lexicase,FALSE,20,elitize_generation_data,190,384,0.761,NA
192,41,syllables,lexicase,FALSE,20,elitize_generation_data,191,390,0.753,NA
193,41,syllables,lexicase,FALSE,20,elitize_generation_data,192,442,0.77,NA
194,41,syllables,lexicase,FALSE,20,elitize_generation_data,193,423,0.777,NA
195,41,syllables,lexicase,FALSE,20,elitize_generation_data,194,399,0.753,NA
196,41,syllables,lexicase,FALSE,20,elitize_generation_data,195,409,0.763,NA
197,41,syllables,lexicase,FALSE,20,elitize_generation_data,196,411,0.778,NA
198,41,syllables,lexicase,FALSE,20,elitize_generation_data,197,414,0.769,NA
199,41,syllables,lexicase,FALSE,20,elitize_generation_data,198,413,0.774,NA
200,41,syllables,lexicase,FALSE,20,elitize_generation_data,199,398,0.747,NA
201,41,syllables,lexicase,FALSE,20,elitize_generation_data,200,409,0.755,NA
202,41,syllables,lexicase,FALSE,20,elitize_generation_data,201,414,0.747,NA
203,41,syllables,lexicase,FALSE,20,elitize_generation_data,202,440,0.763,NA
204,41,syllables,lexicase,FALSE,20,elitize_generation_data,203,401,0.759,NA
205,41,syllables,lexicase,FALSE,20,elitize_generation_data,204,423,0.752,NA
206,41,syllables,lexicase,FALSE,20,elitize_generation_data,205,421,0.772,NA
207,41,syllables,lexicase,FALSE,20,elitize_generation_data,206,407,0.775,NA
208,41,syllables,lexicase,FALSE,20,elitize_generation_data,207,415,0.755,NA
209,41,syllables,lexicase,FALSE,20,elitize_generation_data,208,419,0.755,NA
210,41,syllables,lexicase,FALSE,20,elitize_generation_data,209,404,0.738,NA
211,41,syllables,lexicase,FALSE,20,elitize_generation_data,210,410,0.761,NA
212,41,syllables,lexicase,FALSE,20,elitize_generation_data,211,415,0.762,NA
213,41,syllables,lexicase,FALSE,20,elitize_generation_data,212,404,0.748,NA
214,41,syllables,lexicase,FALSE,20,elitize_generation_data,213,407,0.759,NA
215,41,syllables,lexicase,FALSE,20,elitize_generation_data,214,448,0.786,NA
216,41,syllables,lexicase,FALSE,20,elitize_generation_data,215,413,0.78,NA
217,41,syllables,lexicase,FALSE,20,elitize_generation_data,216,393,0.734,NA
218,41,syllables,lexicase,FALSE,20,elitize_generation_data,217,411,0.77,NA
219,41,syllables,lexicase,FALSE,20,elitize_generation_data,218,374,0.739,NA
220,41,syllables,lexicase,FALSE,20,elitize_generation_data,219,424,0.764,NA
221,41,syllables,lexicase,FALSE,20,elitize_generation_data,220,405,0.738,NA
222,41,syllables,lexicase,FALSE,20,elitize_generation_data,221,430,0.763,NA
223,41,syllables,lexicase,FALSE,20,elitize_generation_data,222,440,0.773,NA
224,41,syllables,lexicase,FALSE,20,elitize_generation_data,223,433,0.766,NA
225,41,syllables,lexicase,FALSE,20,elitize_generation_data,224,389,0.737,NA
226,41,syllables,lexicase,FALSE,20,elitize_generation_data,225,408,0.734,NA
227,41,syllables,lexicase,FALSE,20,elitize_generation_data,226,440,0.789,NA
228,41,syllables,lexicase,FALSE,20,elitize_generation_data,227,420,0.764,NA
229,41,syllables,lexicase,FALSE,20,elitize_generation_data,228,416,0.783,NA
230,41,syllables,lexicase,FALSE,20,elitize_generation_data,229,420,0.771,NA
231,41,syllables,lexicase,FALSE,20,elitize_generation_data,230,413,0.802,NA
232,41,syllables,lexicase,FALSE,20,elitize_generation_data,231,428,0.767,NA
233,41,syllables,lexicase,FALSE,20,elitize_generation_data,232,446,0.784,NA
234,41,syllables,lexicase,FALSE,20,elitize_generation_data,233,454,0.778,NA
235,41,syllables,lexicase,FALSE,20,elitize_generation_data,234,433,0.777,NA
236,41,syllables,lexicase,FALSE,20,elitize_generation_data,235,393,0.737,NA
237,41,syllables,lexicase,FALSE,20,elitize_generation_data,236,405,0.748,NA
238,41,syllables,lexicase,FALSE,20,elitize_generation_data,237,419,0.751,NA
239,41,syllables,lexicase,FALSE,20,elitize_generation_data,238,416,0.757,NA
240,41,syllables,lexicase,FALSE,20,elitize_generation_data,239,421,0.771,NA
241,41,syllables,lexicase,FALSE,20,elitize_generation_data,240,415,0.771,NA
242,41,syllables,lexicase,FALSE,20,elitize_generation_data,241,407,0.774,NA
243,41,syllables,lexicase,FALSE,20,elitize_generation_data,242,410,0.734,NA
244,41,syllables,lexicase,FALSE,20,elitize_generation_data,243,430,0.75,NA
245,41,syllables,lexicase,FALSE,20,elitize_generation_data,244,417,0.764,NA
246,41,syllables,lexicase,FALSE,20,elitize_generation_data,245,417,0.77,NA
247,41,syllables,lexicase,FALSE,20,elitize_generation_data,246,434,0.774,NA
248,41,syllables,lexicase,FALSE,20,elitize_generation_data,247,443,0.769,NA
249,41,syllables,lexicase,FALSE,20,elitize_generation_data,248,441,0.761,NA
250,41,syllables,lexicase,FALSE,20,elitize_generation_data,249,431,0.782,NA
251,41,syllables,lexicase,FALSE,20,elitize_generation_data,250,428,0.751,NA
252,41,syllables,lexicase,FALSE,20,elitize_generation_data,251,414,0.745,NA
253,41,syllables,lexicase,FALSE,20,elitize_generation_data,252,414,0.766,NA
254,41,syllables,lexicase,FALSE,20,elitize_generation_data,253,420,0.791,NA
255,41,syllables,lexicase,FALSE,20,elitize_generation_data,254,404,0.752,NA
256,41,syllables,lexicase,FALSE,20,elitize_generation_data,255,437,0.754,NA
257,41,syllables,lexicase,FALSE,20,elitize_generation_data,256,437,0.775,NA
258,41,syllables,lexicase,FALSE,20,elitize_generation_data,257,431,0.777,NA
259,41,syllables,lexicase,FALSE,20,elitize_generation_data,258,429,0.772,NA
260,41,syllables,lexicase,FALSE,20,elitize_generation_data,259,410,0.763,NA
261,41,syllables,lexicase,FALSE,20,elitize_generation_data,260,407,0.765,NA
262,41,syllables,lexicase,FALSE,20,elitize_generation_data,261,451,0.756,NA
263,41,syllables,lexicase,FALSE,20,elitize_generation_data,262,435,0.765,NA
264,41,syllables,lexicase,FALSE,20,elitize_generation_data,263,440,0.777,NA
265,41,syllables,lexicase,FALSE,20,elitize_generation_data,264,442,0.787,NA
266,41,syllables,lexicase,FALSE,20,elitize_generation_data,265,443,0.788,NA
267,41,syllables,lexicase,FALSE,20,elitize_generation_data,266,426,0.768,NA
268,41,syllables,lexicase,FALSE,20,elitize_generation_data,267,423,0.762,NA
269,41,syllables,lexicase,FALSE,20,elitize_generation_data,268,396,0.744,NA
270,41,syllables,lexicase,FALSE,20,elitize_generation_data,269,417,0.768,NA
271,41,syllables,lexicase,FALSE,20,elitize_generation_data,270,430,0.769,NA
272,41,syllables,lexicase,FALSE,20,elitize_generation_data,271,445,0.766,NA
273,41,syllables,lexicase,FALSE,20,elitize_generation_data,272,424,0.758,NA
274,41,syllables,lexicase,FALSE,20,elitize_generation_data,273,445,0.768,NA
275,41,syllables,lexicase,FALSE,20,elitize_generation_data,274,419,0.771,NA
276,41,syllables,lexicase,FALSE,20,elitize_generation_data,275,411,0.762,NA
277,41,syllables,lexicase,FALSE,20,elitize_generation_data,276,424,0.785,NA
278,41,syllables,lexicase,FALSE,20,elitize_generation_data,277,403,0.767,NA
279,41,syllables,lexicase,FALSE,20,elitize_generation_data,278,429,0.769,NA
280,41,syllables,lexicase,FALSE,20,elitize_generation_data,279,402,0.748,NA
281,41,syllables,lexicase,FALSE,20,elitize_generation_data,280,381,0.735,NA
282,41,syllables,lexicase,FALSE,20,elitize_generation_data,281,411,0.721,NA
283,41,syllables,lexicase,FALSE,20,elitize_generation_data,282,416,0.767,NA
284,41,syllables,lexicase,FALSE,20,elitize_generation_data,283,430,0.773,NA
285,41,syllables,lexicase,FALSE,20,elitize_generation_data,284,440,0.754,NA
286,41,syllables,lexicase,FALSE,20,elitize_generation_data,285,442,0.785,NA
287,41,syllables,lexicase,FALSE,20,elitize_generation_data,286,434,0.775,NA
288,41,syllables,lexicase,FALSE,20,elitize_generation_data,287,405,0.757,NA
289,41,syllables,lexicase,FALSE,20,elitize_generation_data,288,424,0.765,NA
290,41,syllables,lexicase,FALSE,20,elitize_generation_data,289,414,0.779,NA
291,41,syllables,lexicase,FALSE,20,elitize_generation_data,290,417,0.753,NA
292,41,syllables,lexicase,FALSE,20,elitize_generation_data,291,425,0.758,NA
293,41,syllables,lexicase,FALSE,20,elitize_generation_data,292,407,0.764,NA
294,41,syllables,lexicase,FALSE,20,elitize_generation_data,293,411,0.74,NA
295,41,syllables,lexicase,FALSE,20,elitize_generation_data,294,409,0.764,NA
296,41,syllables,lexicase,FALSE,20,elitize_generation_data,295,407,0.743,NA
297,41,syllables,lexicase,FALSE,20,elitize_generation_data,296,436,0.811,NA
298,41,syllables,lexicase,FALSE,20,elitize_generation_data,297,424,0.758,NA
299,41,syllables,lexicase,FALSE,20,elitize_generation_data,298,412,0.753,NA
300,41,syllables,lexicase,FALSE,20,elitize_generation_data,299,417,0.754,NA
301,41,syllables,lexicase,FALSE,20,elitize_generation_data,300,423,0.732,NA
