,run.num,problem,treatment,succeeded,height,normalization.function,generation,cluster.count,error.diversity,success.generation
1,49,syllables,lexicase,FALSE,20,elitize_generation_data,0,5,0.263,NA
2,49,syllables,lexicase,FALSE,20,elitize_generation_data,1,7,0.178,NA
3,49,syllables,lexicase,FALSE,20,elitize_generation_data,2,8,0.25,NA
4,49,syllables,lexicase,FALSE,20,elitize_generation_data,3,12,0.253,NA
5,49,syllables,lexicase,FALSE,20,elitize_generation_data,4,15,0.301,NA
6,49,syllables,lexicase,FALSE,20,elitize_generation_data,5,20,0.363,NA
7,49,syllables,lexicase,FALSE,20,elitize_generation_data,6,24,0.408,NA
8,49,syllables,lexicase,FALSE,20,elitize_generation_data,7,43,0.477,NA
9,49,syllables,lexicase,FALSE,20,elitize_generation_data,8,50,0.565,NA
10,49,syllables,lexicase,FALSE,20,elitize_generation_data,9,58,0.605,NA
11,49,syllables,lexicase,FALSE,20,elitize_generation_data,10,70,0.628,NA
12,49,syllables,lexicase,FALSE,20,elitize_generation_data,11,91,0.632,NA
13,49,syllables,lexicase,FALSE,20,elitize_generation_data,12,103,0.642,NA
14,49,syllables,lexicase,FALSE,20,elitize_generation_data,13,124,0.635,NA
15,49,syllables,lexicase,FALSE,20,elitize_generation_data,14,141,0.648,NA
16,49,syllables,lexicase,FALSE,20,elitize_generation_data,15,147,0.66,NA
17,49,syllables,lexicase,FALSE,20,elitize_generation_data,16,173,0.678,NA
18,49,syllables,lexicase,FALSE,20,elitize_generation_data,17,174,0.686,NA
19,49,syllables,lexicase,FALSE,20,elitize_generation_data,18,206,0.68,NA
20,49,syllables,lexicase,FALSE,20,elitize_generation_data,19,219,0.701,NA
21,49,syllables,lexicase,FALSE,20,elitize_generation_data,20,224,0.74,NA
22,49,syllables,lexicase,FALSE,20,elitize_generation_data,21,241,0.727,NA
23,49,syllables,lexicase,FALSE,20,elitize_generation_data,22,241,0.745,NA
24,49,syllables,lexicase,FALSE,20,elitize_generation_data,23,263,0.711,NA
25,49,syllables,lexicase,FALSE,20,elitize_generation_data,24,253,0.725,NA
26,49,syllables,lexicase,FALSE,20,elitize_generation_data,25,275,0.738,NA
27,49,syllables,lexicase,FALSE,20,elitize_generation_data,26,286,0.743,NA
28,49,syllables,lexicase,FALSE,20,elitize_generation_data,27,284,0.734,NA
29,49,syllables,lexicase,FALSE,20,elitize_generation_data,28,305,0.75,NA
30,49,syllables,lexicase,FALSE,20,elitize_generation_data,29,328,0.743,NA
31,49,syllables,lexicase,FALSE,20,elitize_generation_data,30,328,0.752,NA
32,49,syllables,lexicase,FALSE,20,elitize_generation_data,31,336,0.775,NA
33,49,syllables,lexicase,FALSE,20,elitize_generation_data,32,330,0.764,NA
34,49,syllables,lexicase,FALSE,20,elitize_generation_data,33,329,0.768,NA
35,49,syllables,lexicase,FALSE,20,elitize_generation_data,34,360,0.781,NA
36,49,syllables,lexicase,FALSE,20,elitize_generation_data,35,355,0.774,NA
37,49,syllables,lexicase,FALSE,20,elitize_generation_data,36,346,0.768,NA
38,49,syllables,lexicase,FALSE,20,elitize_generation_data,37,370,0.793,NA
39,49,syllables,lexicase,FALSE,20,elitize_generation_data,38,339,0.783,NA
40,49,syllables,lexicase,FALSE,20,elitize_generation_data,39,346,0.766,NA
41,49,syllables,lexicase,FALSE,20,elitize_generation_data,40,347,0.742,NA
42,49,syllables,lexicase,FALSE,20,elitize_generation_data,41,336,0.773,NA
43,49,syllables,lexicase,FALSE,20,elitize_generation_data,42,345,0.771,NA
44,49,syllables,lexicase,FALSE,20,elitize_generation_data,43,358,0.783,NA
45,49,syllables,lexicase,FALSE,20,elitize_generation_data,44,350,0.774,NA
46,49,syllables,lexicase,FALSE,20,elitize_generation_data,45,365,0.781,NA
47,49,syllables,lexicase,FALSE,20,elitize_generation_data,46,366,0.786,NA
48,49,syllables,lexicase,FALSE,20,elitize_generation_data,47,359,0.795,NA
49,49,syllables,lexicase,FALSE,20,elitize_generation_data,48,351,0.785,NA
50,49,syllables,lexicase,FALSE,20,elitize_generation_data,49,343,0.768,NA
51,49,syllables,lexicase,FALSE,20,elitize_generation_data,50,359,0.756,NA
52,49,syllables,lexicase,FALSE,20,elitize_generation_data,51,359,0.779,NA
53,49,syllables,lexicase,FALSE,20,elitize_generation_data,52,363,0.768,NA
54,49,syllables,lexicase,FALSE,20,elitize_generation_data,53,352,0.768,NA
55,49,syllables,lexicase,FALSE,20,elitize_generation_data,54,327,0.733,NA
56,49,syllables,lexicase,FALSE,20,elitize_generation_data,55,351,0.739,NA
57,49,syllables,lexicase,FALSE,20,elitize_generation_data,56,374,0.753,NA
58,49,syllables,lexicase,FALSE,20,elitize_generation_data,57,358,0.739,NA
59,49,syllables,lexicase,FALSE,20,elitize_generation_data,58,378,0.755,NA
60,49,syllables,lexicase,FALSE,20,elitize_generation_data,59,336,0.745,NA
61,49,syllables,lexicase,FALSE,20,elitize_generation_data,60,361,0.757,NA
62,49,syllables,lexicase,FALSE,20,elitize_generation_data,61,358,0.753,NA
63,49,syllables,lexicase,FALSE,20,elitize_generation_data,62,363,0.769,NA
64,49,syllables,lexicase,FALSE,20,elitize_generation_data,63,359,0.762,NA
65,49,syllables,lexicase,FALSE,20,elitize_generation_data,64,362,0.776,NA
66,49,syllables,lexicase,FALSE,20,elitize_generation_data,65,363,0.801,NA
67,49,syllables,lexicase,FALSE,20,elitize_generation_data,66,334,0.765,NA
68,49,syllables,lexicase,FALSE,20,elitize_generation_data,67,339,0.742,NA
69,49,syllables,lexicase,FALSE,20,elitize_generation_data,68,345,0.75,NA
70,49,syllables,lexicase,FALSE,20,elitize_generation_data,69,358,0.764,NA
71,49,syllables,lexicase,FALSE,20,elitize_generation_data,70,341,0.781,NA
72,49,syllables,lexicase,FALSE,20,elitize_generation_data,71,356,0.782,NA
73,49,syllables,lexicase,FALSE,20,elitize_generation_data,72,343,0.762,NA
74,49,syllables,lexicase,FALSE,20,elitize_generation_data,73,338,0.75,NA
75,49,syllables,lexicase,FALSE,20,elitize_generation_data,74,344,0.754,NA
76,49,syllables,lexicase,FALSE,20,elitize_generation_data,75,336,0.749,NA
77,49,syllables,lexicase,FALSE,20,elitize_generation_data,76,364,0.757,NA
78,49,syllables,lexicase,FALSE,20,elitize_generation_data,77,344,0.758,NA
79,49,syllables,lexicase,FALSE,20,elitize_generation_data,78,356,0.765,NA
80,49,syllables,lexicase,FALSE,20,elitize_generation_data,79,349,0.766,NA
81,49,syllables,lexicase,FALSE,20,elitize_generation_data,80,347,0.763,NA
82,49,syllables,lexicase,FALSE,20,elitize_generation_data,81,368,0.777,NA
83,49,syllables,lexicase,FALSE,20,elitize_generation_data,82,372,0.776,NA
84,49,syllables,lexicase,FALSE,20,elitize_generation_data,83,341,0.766,NA
85,49,syllables,lexicase,FALSE,20,elitize_generation_data,84,357,0.764,NA
86,49,syllables,lexicase,FALSE,20,elitize_generation_data,85,355,0.747,NA
87,49,syllables,lexicase,FALSE,20,elitize_generation_data,86,364,0.768,NA
88,49,syllables,lexicase,FALSE,20,elitize_generation_data,87,356,0.79,NA
89,49,syllables,lexicase,FALSE,20,elitize_generation_data,88,367,0.789,NA
90,49,syllables,lexicase,FALSE,20,elitize_generation_data,89,347,0.781,NA
91,49,syllables,lexicase,FALSE,20,elitize_generation_data,90,318,0.754,NA
92,49,syllables,lexicase,FALSE,20,elitize_generation_data,91,345,0.74,NA
93,49,syllables,lexicase,FALSE,20,elitize_generation_data,92,364,0.766,NA
94,49,syllables,lexicase,FALSE,20,elitize_generation_data,93,339,0.745,NA
95,49,syllables,lexicase,FALSE,20,elitize_generation_data,94,323,0.752,NA
96,49,syllables,lexicase,FALSE,20,elitize_generation_data,95,351,0.764,NA
97,49,syllables,lexicase,FALSE,20,elitize_generation_data,96,348,0.764,NA
98,49,syllables,lexicase,FALSE,20,elitize_generation_data,97,339,0.755,NA
99,49,syllables,lexicase,FALSE,20,elitize_generation_data,98,340,0.744,NA
100,49,syllables,lexicase,FALSE,20,elitize_generation_data,99,334,0.762,NA
101,49,syllables,lexicase,FALSE,20,elitize_generation_data,100,359,0.762,NA
102,49,syllables,lexicase,FALSE,20,elitize_generation_data,101,347,0.774,NA
103,49,syllables,lexicase,FALSE,20,elitize_generation_data,102,352,0.76,NA
104,49,syllables,lexicase,FALSE,20,elitize_generation_data,103,351,0.75,NA
105,49,syllables,lexicase,FALSE,20,elitize_generation_data,104,355,0.795,NA
106,49,syllables,lexicase,FALSE,20,elitize_generation_data,105,348,0.783,NA
107,49,syllables,lexicase,FALSE,20,elitize_generation_data,106,348,0.782,NA
108,49,syllables,lexicase,FALSE,20,elitize_generation_data,107,352,0.772,NA
109,49,syllables,lexicase,FALSE,20,elitize_generation_data,108,379,0.783,NA
110,49,syllables,lexicase,FALSE,20,elitize_generation_data,109,332,0.77,NA
111,49,syllables,lexicase,FALSE,20,elitize_generation_data,110,343,0.764,NA
112,49,syllables,lexicase,FALSE,20,elitize_generation_data,111,338,0.747,NA
113,49,syllables,lexicase,FALSE,20,elitize_generation_data,112,370,0.774,NA
114,49,syllables,lexicase,FALSE,20,elitize_generation_data,113,354,0.755,NA
115,49,syllables,lexicase,FALSE,20,elitize_generation_data,114,344,0.774,NA
116,49,syllables,lexicase,FALSE,20,elitize_generation_data,115,349,0.792,NA
117,49,syllables,lexicase,FALSE,20,elitize_generation_data,116,342,0.77,NA
118,49,syllables,lexicase,FALSE,20,elitize_generation_data,117,341,0.77,NA
119,49,syllables,lexicase,FALSE,20,elitize_generation_data,118,360,0.803,NA
120,49,syllables,lexicase,FALSE,20,elitize_generation_data,119,349,0.768,NA
121,49,syllables,lexicase,FALSE,20,elitize_generation_data,120,336,0.744,NA
122,49,syllables,lexicase,FALSE,20,elitize_generation_data,121,359,0.786,NA
123,49,syllables,lexicase,FALSE,20,elitize_generation_data,122,343,0.752,NA
124,49,syllables,lexicase,FALSE,20,elitize_generation_data,123,339,0.735,NA
125,49,syllables,lexicase,FALSE,20,elitize_generation_data,124,311,0.76,NA
126,49,syllables,lexicase,FALSE,20,elitize_generation_data,125,333,0.776,NA
127,49,syllables,lexicase,FALSE,20,elitize_generation_data,126,333,0.779,NA
128,49,syllables,lexicase,FALSE,20,elitize_generation_data,127,326,0.768,NA
129,49,syllables,lexicase,FALSE,20,elitize_generation_data,128,367,0.763,NA
130,49,syllables,lexicase,FALSE,20,elitize_generation_data,129,336,0.755,NA
131,49,syllables,lexicase,FALSE,20,elitize_generation_data,130,334,0.74,NA
132,49,syllables,lexicase,FALSE,20,elitize_generation_data,131,333,0.771,NA
133,49,syllables,lexicase,FALSE,20,elitize_generation_data,132,337,0.764,NA
134,49,syllables,lexicase,FALSE,20,elitize_generation_data,133,349,0.758,NA
135,49,syllables,lexicase,FALSE,20,elitize_generation_data,134,346,0.774,NA
136,49,syllables,lexicase,FALSE,20,elitize_generation_data,135,355,0.761,NA
137,49,syllables,lexicase,FALSE,20,elitize_generation_data,136,329,0.765,NA
138,49,syllables,lexicase,FALSE,20,elitize_generation_data,137,336,0.786,NA
139,49,syllables,lexicase,FALSE,20,elitize_generation_data,138,349,0.784,NA
140,49,syllables,lexicase,FALSE,20,elitize_generation_data,139,355,0.791,NA
141,49,syllables,lexicase,FALSE,20,elitize_generation_data,140,348,0.775,NA
142,49,syllables,lexicase,FALSE,20,elitize_generation_data,141,356,0.777,NA
143,49,syllables,lexicase,FALSE,20,elitize_generation_data,142,367,0.798,NA
144,49,syllables,lexicase,FALSE,20,elitize_generation_data,143,376,0.783,NA
145,49,syllables,lexicase,FALSE,20,elitize_generation_data,144,371,0.777,NA
146,49,syllables,lexicase,FALSE,20,elitize_generation_data,145,346,0.769,NA
147,49,syllables,lexicase,FALSE,20,elitize_generation_data,146,355,0.744,NA
148,49,syllables,lexicase,FALSE,20,elitize_generation_data,147,353,0.791,NA
149,49,syllables,lexicase,FALSE,20,elitize_generation_data,148,355,0.769,NA
150,49,syllables,lexicase,FALSE,20,elitize_generation_data,149,348,0.773,NA
151,49,syllables,lexicase,FALSE,20,elitize_generation_data,150,356,0.784,NA
152,49,syllables,lexicase,FALSE,20,elitize_generation_data,151,328,0.778,NA
153,49,syllables,lexicase,FALSE,20,elitize_generation_data,152,331,0.76,NA
154,49,syllables,lexicase,FALSE,20,elitize_generation_data,153,336,0.762,NA
155,49,syllables,lexicase,FALSE,20,elitize_generation_data,154,339,0.763,NA
156,49,syllables,lexicase,FALSE,20,elitize_generation_data,155,337,0.75,NA
157,49,syllables,lexicase,FALSE,20,elitize_generation_data,156,352,0.762,NA
158,49,syllables,lexicase,FALSE,20,elitize_generation_data,157,342,0.773,NA
159,49,syllables,lexicase,FALSE,20,elitize_generation_data,158,324,0.729,NA
160,49,syllables,lexicase,FALSE,20,elitize_generation_data,159,336,0.753,NA
161,49,syllables,lexicase,FALSE,20,elitize_generation_data,160,345,0.735,NA
162,49,syllables,lexicase,FALSE,20,elitize_generation_data,161,348,0.753,NA
163,49,syllables,lexicase,FALSE,20,elitize_generation_data,162,336,0.736,NA
164,49,syllables,lexicase,FALSE,20,elitize_generation_data,163,358,0.766,NA
165,49,syllables,lexicase,FALSE,20,elitize_generation_data,164,363,0.761,NA
166,49,syllables,lexicase,FALSE,20,elitize_generation_data,165,361,0.764,NA
167,49,syllables,lexicase,FALSE,20,elitize_generation_data,166,384,0.759,NA
168,49,syllables,lexicase,FALSE,20,elitize_generation_data,167,369,0.776,NA
169,49,syllables,lexicase,FALSE,20,elitize_generation_data,168,367,0.771,NA
170,49,syllables,lexicase,FALSE,20,elitize_generation_data,169,356,0.78,NA
171,49,syllables,lexicase,FALSE,20,elitize_generation_data,170,380,0.798,NA
172,49,syllables,lexicase,FALSE,20,elitize_generation_data,171,366,0.79,NA
173,49,syllables,lexicase,FALSE,20,elitize_generation_data,172,372,0.778,NA
174,49,syllables,lexicase,FALSE,20,elitize_generation_data,173,360,0.766,NA
175,49,syllables,lexicase,FALSE,20,elitize_generation_data,174,357,0.776,NA
176,49,syllables,lexicase,FALSE,20,elitize_generation_data,175,388,0.793,NA
177,49,syllables,lexicase,FALSE,20,elitize_generation_data,176,388,0.792,NA
178,49,syllables,lexicase,FALSE,20,elitize_generation_data,177,382,0.787,NA
179,49,syllables,lexicase,FALSE,20,elitize_generation_data,178,387,0.799,NA
180,49,syllables,lexicase,FALSE,20,elitize_generation_data,179,381,0.78,NA
181,49,syllables,lexicase,FALSE,20,elitize_generation_data,180,384,0.791,NA
182,49,syllables,lexicase,FALSE,20,elitize_generation_data,181,394,0.824,NA
183,49,syllables,lexicase,FALSE,20,elitize_generation_data,182,384,0.799,NA
184,49,syllables,lexicase,FALSE,20,elitize_generation_data,183,350,0.764,NA
185,49,syllables,lexicase,FALSE,20,elitize_generation_data,184,345,0.774,NA
186,49,syllables,lexicase,FALSE,20,elitize_generation_data,185,391,0.789,NA
187,49,syllables,lexicase,FALSE,20,elitize_generation_data,186,356,0.772,NA
188,49,syllables,lexicase,FALSE,20,elitize_generation_data,187,374,0.764,NA
189,49,syllables,lexicase,FALSE,20,elitize_generation_data,188,372,0.776,NA
190,49,syllables,lexicase,FALSE,20,elitize_generation_data,189,361,0.761,NA
191,49,syllables,lexicase,FALSE,20,elitize_generation_data,190,377,0.783,NA
192,49,syllables,lexicase,FALSE,20,elitize_generation_data,191,390,0.802,NA
193,49,syllables,lexicase,FALSE,20,elitize_generation_data,192,371,0.76,NA
194,49,syllables,lexicase,FALSE,20,elitize_generation_data,193,384,0.802,NA
195,49,syllables,lexicase,FALSE,20,elitize_generation_data,194,371,0.801,NA
196,49,syllables,lexicase,FALSE,20,elitize_generation_data,195,400,0.79,NA
197,49,syllables,lexicase,FALSE,20,elitize_generation_data,196,377,0.773,NA
198,49,syllables,lexicase,FALSE,20,elitize_generation_data,197,386,0.805,NA
199,49,syllables,lexicase,FALSE,20,elitize_generation_data,198,387,0.791,NA
200,49,syllables,lexicase,FALSE,20,elitize_generation_data,199,380,0.792,NA
201,49,syllables,lexicase,FALSE,20,elitize_generation_data,200,379,0.791,NA
202,49,syllables,lexicase,FALSE,20,elitize_generation_data,201,366,0.779,NA
203,49,syllables,lexicase,FALSE,20,elitize_generation_data,202,374,0.771,NA
204,49,syllables,lexicase,FALSE,20,elitize_generation_data,203,385,0.787,NA
205,49,syllables,lexicase,FALSE,20,elitize_generation_data,204,371,0.791,NA
206,49,syllables,lexicase,FALSE,20,elitize_generation_data,205,383,0.808,NA
207,49,syllables,lexicase,FALSE,20,elitize_generation_data,206,360,0.768,NA
208,49,syllables,lexicase,FALSE,20,elitize_generation_data,207,340,0.77,NA
209,49,syllables,lexicase,FALSE,20,elitize_generation_data,208,367,0.757,NA
210,49,syllables,lexicase,FALSE,20,elitize_generation_data,209,368,0.758,NA
211,49,syllables,lexicase,FALSE,20,elitize_generation_data,210,351,0.799,NA
212,49,syllables,lexicase,FALSE,20,elitize_generation_data,211,369,0.785,NA
213,49,syllables,lexicase,FALSE,20,elitize_generation_data,212,391,0.785,NA
214,49,syllables,lexicase,FALSE,20,elitize_generation_data,213,361,0.781,NA
215,49,syllables,lexicase,FALSE,20,elitize_generation_data,214,374,0.791,NA
216,49,syllables,lexicase,FALSE,20,elitize_generation_data,215,372,0.797,NA
217,49,syllables,lexicase,FALSE,20,elitize_generation_data,216,373,0.783,NA
218,49,syllables,lexicase,FALSE,20,elitize_generation_data,217,363,0.77,NA
219,49,syllables,lexicase,FALSE,20,elitize_generation_data,218,372,0.796,NA
220,49,syllables,lexicase,FALSE,20,elitize_generation_data,219,346,0.763,NA
221,49,syllables,lexicase,FALSE,20,elitize_generation_data,220,378,0.804,NA
222,49,syllables,lexicase,FALSE,20,elitize_generation_data,221,365,0.775,NA
223,49,syllables,lexicase,FALSE,20,elitize_generation_data,222,339,0.789,NA
224,49,syllables,lexicase,FALSE,20,elitize_generation_data,223,332,0.758,NA
225,49,syllables,lexicase,FALSE,20,elitize_generation_data,224,346,0.761,NA
226,49,syllables,lexicase,FALSE,20,elitize_generation_data,225,349,0.767,NA
227,49,syllables,lexicase,FALSE,20,elitize_generation_data,226,363,0.778,NA
228,49,syllables,lexicase,FALSE,20,elitize_generation_data,227,349,0.772,NA
229,49,syllables,lexicase,FALSE,20,elitize_generation_data,228,351,0.794,NA
230,49,syllables,lexicase,FALSE,20,elitize_generation_data,229,370,0.802,NA
231,49,syllables,lexicase,FALSE,20,elitize_generation_data,230,372,0.794,NA
232,49,syllables,lexicase,FALSE,20,elitize_generation_data,231,366,0.788,NA
233,49,syllables,lexicase,FALSE,20,elitize_generation_data,232,346,0.774,NA
234,49,syllables,lexicase,FALSE,20,elitize_generation_data,233,361,0.798,NA
235,49,syllables,lexicase,FALSE,20,elitize_generation_data,234,364,0.782,NA
236,49,syllables,lexicase,FALSE,20,elitize_generation_data,235,345,0.779,NA
237,49,syllables,lexicase,FALSE,20,elitize_generation_data,236,331,0.782,NA
238,49,syllables,lexicase,FALSE,20,elitize_generation_data,237,365,0.755,NA
239,49,syllables,lexicase,FALSE,20,elitize_generation_data,238,341,0.765,NA
240,49,syllables,lexicase,FALSE,20,elitize_generation_data,239,363,0.759,NA
241,49,syllables,lexicase,FALSE,20,elitize_generation_data,240,337,0.785,NA
242,49,syllables,lexicase,FALSE,20,elitize_generation_data,241,356,0.724,NA
243,49,syllables,lexicase,FALSE,20,elitize_generation_data,242,359,0.777,NA
244,49,syllables,lexicase,FALSE,20,elitize_generation_data,243,369,0.777,NA
245,49,syllables,lexicase,FALSE,20,elitize_generation_data,244,365,0.773,NA
246,49,syllables,lexicase,FALSE,20,elitize_generation_data,245,371,0.771,NA
247,49,syllables,lexicase,FALSE,20,elitize_generation_data,246,355,0.773,NA
248,49,syllables,lexicase,FALSE,20,elitize_generation_data,247,369,0.775,NA
249,49,syllables,lexicase,FALSE,20,elitize_generation_data,248,359,0.786,NA
250,49,syllables,lexicase,FALSE,20,elitize_generation_data,249,349,0.792,NA
251,49,syllables,lexicase,FALSE,20,elitize_generation_data,250,350,0.768,NA
252,49,syllables,lexicase,FALSE,20,elitize_generation_data,251,343,0.755,NA
253,49,syllables,lexicase,FALSE,20,elitize_generation_data,252,371,0.775,NA
254,49,syllables,lexicase,FALSE,20,elitize_generation_data,253,387,0.772,NA
255,49,syllables,lexicase,FALSE,20,elitize_generation_data,254,391,0.782,NA
256,49,syllables,lexicase,FALSE,20,elitize_generation_data,255,364,0.774,NA
257,49,syllables,lexicase,FALSE,20,elitize_generation_data,256,390,0.767,NA
258,49,syllables,lexicase,FALSE,20,elitize_generation_data,257,394,0.788,NA
259,49,syllables,lexicase,FALSE,20,elitize_generation_data,258,400,0.781,NA
260,49,syllables,lexicase,FALSE,20,elitize_generation_data,259,391,0.779,NA
261,49,syllables,lexicase,FALSE,20,elitize_generation_data,260,386,0.791,NA
262,49,syllables,lexicase,FALSE,20,elitize_generation_data,261,392,0.796,NA
263,49,syllables,lexicase,FALSE,20,elitize_generation_data,262,428,0.817,NA
264,49,syllables,lexicase,FALSE,20,elitize_generation_data,263,416,0.81,NA
265,49,syllables,lexicase,FALSE,20,elitize_generation_data,264,404,0.791,NA
266,49,syllables,lexicase,FALSE,20,elitize_generation_data,265,409,0.812,NA
267,49,syllables,lexicase,FALSE,20,elitize_generation_data,266,397,0.785,NA
268,49,syllables,lexicase,FALSE,20,elitize_generation_data,267,400,0.796,NA
269,49,syllables,lexicase,FALSE,20,elitize_generation_data,268,396,0.795,NA
270,49,syllables,lexicase,FALSE,20,elitize_generation_data,269,396,0.8,NA
271,49,syllables,lexicase,FALSE,20,elitize_generation_data,270,371,0.772,NA
272,49,syllables,lexicase,FALSE,20,elitize_generation_data,271,415,0.794,NA
273,49,syllables,lexicase,FALSE,20,elitize_generation_data,272,413,0.784,NA
274,49,syllables,lexicase,FALSE,20,elitize_generation_data,273,405,0.788,NA
275,49,syllables,lexicase,FALSE,20,elitize_generation_data,274,399,0.805,NA
276,49,syllables,lexicase,FALSE,20,elitize_generation_data,275,416,0.795,NA
277,49,syllables,lexicase,FALSE,20,elitize_generation_data,276,439,0.804,NA
278,49,syllables,lexicase,FALSE,20,elitize_generation_data,277,425,0.796,NA
279,49,syllables,lexicase,FALSE,20,elitize_generation_data,278,431,0.814,NA
280,49,syllables,lexicase,FALSE,20,elitize_generation_data,279,407,0.779,NA
281,49,syllables,lexicase,FALSE,20,elitize_generation_data,280,415,0.796,NA
282,49,syllables,lexicase,FALSE,20,elitize_generation_data,281,407,0.782,NA
283,49,syllables,lexicase,FALSE,20,elitize_generation_data,282,419,0.779,NA
284,49,syllables,lexicase,FALSE,20,elitize_generation_data,283,402,0.761,NA
285,49,syllables,lexicase,FALSE,20,elitize_generation_data,284,412,0.796,NA
286,49,syllables,lexicase,FALSE,20,elitize_generation_data,285,413,0.805,NA
287,49,syllables,lexicase,FALSE,20,elitize_generation_data,286,409,0.802,NA
288,49,syllables,lexicase,FALSE,20,elitize_generation_data,287,420,0.783,NA
289,49,syllables,lexicase,FALSE,20,elitize_generation_data,288,400,0.794,NA
290,49,syllables,lexicase,FALSE,20,elitize_generation_data,289,392,0.794,NA
291,49,syllables,lexicase,FALSE,20,elitize_generation_data,290,393,0.809,NA
292,49,syllables,lexicase,FALSE,20,elitize_generation_data,291,401,0.817,NA
293,49,syllables,lexicase,FALSE,20,elitize_generation_data,292,425,0.776,NA
294,49,syllables,lexicase,FALSE,20,elitize_generation_data,293,398,0.802,NA
295,49,syllables,lexicase,FALSE,20,elitize_generation_data,294,427,0.797,NA
296,49,syllables,lexicase,FALSE,20,elitize_generation_data,295,417,0.8,NA
297,49,syllables,lexicase,FALSE,20,elitize_generation_data,296,423,0.82,NA
298,49,syllables,lexicase,FALSE,20,elitize_generation_data,297,395,0.788,NA
299,49,syllables,lexicase,FALSE,20,elitize_generation_data,298,411,0.788,NA
300,49,syllables,lexicase,FALSE,20,elitize_generation_data,299,416,0.785,NA
301,49,syllables,lexicase,FALSE,20,elitize_generation_data,300,413,0.803,NA
