,run.num,problem,treatment,succeeded,height,normalization.function,generation,cluster.count,error.diversity,success.generation
1,21,syllables,lexicase,TRUE,20,elitize_generation_data,0,6,0.272,162
2,21,syllables,lexicase,TRUE,20,elitize_generation_data,1,9,0.142,162
3,21,syllables,lexicase,TRUE,20,elitize_generation_data,2,8,0.177,162
4,21,syllables,lexicase,TRUE,20,elitize_generation_data,3,8,0.168,162
5,21,syllables,lexicase,TRUE,20,elitize_generation_data,4,10,0.193,162
6,21,syllables,lexicase,TRUE,20,elitize_generation_data,5,13,0.216,162
7,21,syllables,lexicase,TRUE,20,elitize_generation_data,6,20,0.253,162
8,21,syllables,lexicase,TRUE,20,elitize_generation_data,7,31,0.306,162
9,21,syllables,lexicase,TRUE,20,elitize_generation_data,8,42,0.334,162
10,21,syllables,lexicase,TRUE,20,elitize_generation_data,9,55,0.377,162
11,21,syllables,lexicase,TRUE,20,elitize_generation_data,10,80,0.452,162
12,21,syllables,lexicase,TRUE,20,elitize_generation_data,11,88,0.477,162
13,21,syllables,lexicase,TRUE,20,elitize_generation_data,12,109,0.475,162
14,21,syllables,lexicase,TRUE,20,elitize_generation_data,13,126,0.543,162
15,21,syllables,lexicase,TRUE,20,elitize_generation_data,14,125,0.581,162
16,21,syllables,lexicase,TRUE,20,elitize_generation_data,15,131,0.571,162
17,21,syllables,lexicase,TRUE,20,elitize_generation_data,16,147,0.611,162
18,21,syllables,lexicase,TRUE,20,elitize_generation_data,17,148,0.594,162
19,21,syllables,lexicase,TRUE,20,elitize_generation_data,18,165,0.593,162
20,21,syllables,lexicase,TRUE,20,elitize_generation_data,19,183,0.628,162
21,21,syllables,lexicase,TRUE,20,elitize_generation_data,20,192,0.649,162
22,21,syllables,lexicase,TRUE,20,elitize_generation_data,21,174,0.63,162
23,21,syllables,lexicase,TRUE,20,elitize_generation_data,22,196,0.644,162
24,21,syllables,lexicase,TRUE,20,elitize_generation_data,23,204,0.641,162
25,21,syllables,lexicase,TRUE,20,elitize_generation_data,24,210,0.64,162
26,21,syllables,lexicase,TRUE,20,elitize_generation_data,25,214,0.641,162
27,21,syllables,lexicase,TRUE,20,elitize_generation_data,26,212,0.655,162
28,21,syllables,lexicase,TRUE,20,elitize_generation_data,27,224,0.673,162
29,21,syllables,lexicase,TRUE,20,elitize_generation_data,28,219,0.662,162
30,21,syllables,lexicase,TRUE,20,elitize_generation_data,29,210,0.642,162
31,21,syllables,lexicase,TRUE,20,elitize_generation_data,30,235,0.67,162
32,21,syllables,lexicase,TRUE,20,elitize_generation_data,31,242,0.671,162
33,21,syllables,lexicase,TRUE,20,elitize_generation_data,32,251,0.649,162
34,21,syllables,lexicase,TRUE,20,elitize_generation_data,33,252,0.644,162
35,21,syllables,lexicase,TRUE,20,elitize_generation_data,34,253,0.674,162
36,21,syllables,lexicase,TRUE,20,elitize_generation_data,35,241,0.672,162
37,21,syllables,lexicase,TRUE,20,elitize_generation_data,36,250,0.672,162
38,21,syllables,lexicase,TRUE,20,elitize_generation_data,37,257,0.697,162
39,21,syllables,lexicase,TRUE,20,elitize_generation_data,38,244,0.667,162
40,21,syllables,lexicase,TRUE,20,elitize_generation_data,39,274,0.684,162
41,21,syllables,lexicase,TRUE,20,elitize_generation_data,40,273,0.693,162
42,21,syllables,lexicase,TRUE,20,elitize_generation_data,41,267,0.699,162
43,21,syllables,lexicase,TRUE,20,elitize_generation_data,42,275,0.681,162
44,21,syllables,lexicase,TRUE,20,elitize_generation_data,43,262,0.683,162
45,21,syllables,lexicase,TRUE,20,elitize_generation_data,44,263,0.667,162
46,21,syllables,lexicase,TRUE,20,elitize_generation_data,45,282,0.685,162
47,21,syllables,lexicase,TRUE,20,elitize_generation_data,46,276,0.707,162
48,21,syllables,lexicase,TRUE,20,elitize_generation_data,47,283,0.717,162
49,21,syllables,lexicase,TRUE,20,elitize_generation_data,48,309,0.706,162
50,21,syllables,lexicase,TRUE,20,elitize_generation_data,49,310,0.723,162
51,21,syllables,lexicase,TRUE,20,elitize_generation_data,50,316,0.719,162
52,21,syllables,lexicase,TRUE,20,elitize_generation_data,51,309,0.701,162
53,21,syllables,lexicase,TRUE,20,elitize_generation_data,52,314,0.738,162
54,21,syllables,lexicase,TRUE,20,elitize_generation_data,53,315,0.729,162
55,21,syllables,lexicase,TRUE,20,elitize_generation_data,54,307,0.725,162
56,21,syllables,lexicase,TRUE,20,elitize_generation_data,55,333,0.716,162
57,21,syllables,lexicase,TRUE,20,elitize_generation_data,56,325,0.743,162
58,21,syllables,lexicase,TRUE,20,elitize_generation_data,57,313,0.718,162
59,21,syllables,lexicase,TRUE,20,elitize_generation_data,58,328,0.731,162
60,21,syllables,lexicase,TRUE,20,elitize_generation_data,59,338,0.714,162
61,21,syllables,lexicase,TRUE,20,elitize_generation_data,60,339,0.731,162
62,21,syllables,lexicase,TRUE,20,elitize_generation_data,61,337,0.728,162
63,21,syllables,lexicase,TRUE,20,elitize_generation_data,62,335,0.725,162
64,21,syllables,lexicase,TRUE,20,elitize_generation_data,63,345,0.732,162
65,21,syllables,lexicase,TRUE,20,elitize_generation_data,64,334,0.702,162
66,21,syllables,lexicase,TRUE,20,elitize_generation_data,65,357,0.72,162
67,21,syllables,lexicase,TRUE,20,elitize_generation_data,66,336,0.73,162
68,21,syllables,lexicase,TRUE,20,elitize_generation_data,67,341,0.719,162
69,21,syllables,lexicase,TRUE,20,elitize_generation_data,68,337,0.729,162
70,21,syllables,lexicase,TRUE,20,elitize_generation_data,69,326,0.744,162
71,21,syllables,lexicase,TRUE,20,elitize_generation_data,70,341,0.729,162
72,21,syllables,lexicase,TRUE,20,elitize_generation_data,71,344,0.731,162
73,21,syllables,lexicase,TRUE,20,elitize_generation_data,72,356,0.75,162
74,21,syllables,lexicase,TRUE,20,elitize_generation_data,73,344,0.735,162
75,21,syllables,lexicase,TRUE,20,elitize_generation_data,74,333,0.733,162
76,21,syllables,lexicase,TRUE,20,elitize_generation_data,75,354,0.727,162
77,21,syllables,lexicase,TRUE,20,elitize_generation_data,76,348,0.725,162
78,21,syllables,lexicase,TRUE,20,elitize_generation_data,77,355,0.737,162
79,21,syllables,lexicase,TRUE,20,elitize_generation_data,78,337,0.747,162
80,21,syllables,lexicase,TRUE,20,elitize_generation_data,79,362,0.725,162
81,21,syllables,lexicase,TRUE,20,elitize_generation_data,80,340,0.732,162
82,21,syllables,lexicase,TRUE,20,elitize_generation_data,81,335,0.72,162
83,21,syllables,lexicase,TRUE,20,elitize_generation_data,82,335,0.746,162
84,21,syllables,lexicase,TRUE,20,elitize_generation_data,83,349,0.734,162
85,21,syllables,lexicase,TRUE,20,elitize_generation_data,84,347,0.718,162
86,21,syllables,lexicase,TRUE,20,elitize_generation_data,85,330,0.695,162
87,21,syllables,lexicase,TRUE,20,elitize_generation_data,86,322,0.695,162
88,21,syllables,lexicase,TRUE,20,elitize_generation_data,87,348,0.744,162
89,21,syllables,lexicase,TRUE,20,elitize_generation_data,88,341,0.697,162
90,21,syllables,lexicase,TRUE,20,elitize_generation_data,89,348,0.721,162
91,21,syllables,lexicase,TRUE,20,elitize_generation_data,90,327,0.701,162
92,21,syllables,lexicase,TRUE,20,elitize_generation_data,91,316,0.686,162
93,21,syllables,lexicase,TRUE,20,elitize_generation_data,92,339,0.706,162
94,21,syllables,lexicase,TRUE,20,elitize_generation_data,93,336,0.71,162
95,21,syllables,lexicase,TRUE,20,elitize_generation_data,94,334,0.727,162
96,21,syllables,lexicase,TRUE,20,elitize_generation_data,95,338,0.709,162
97,21,syllables,lexicase,TRUE,20,elitize_generation_data,96,357,0.731,162
98,21,syllables,lexicase,TRUE,20,elitize_generation_data,97,360,0.728,162
99,21,syllables,lexicase,TRUE,20,elitize_generation_data,98,326,0.7,162
100,21,syllables,lexicase,TRUE,20,elitize_generation_data,99,356,0.703,162
101,21,syllables,lexicase,TRUE,20,elitize_generation_data,100,354,0.701,162
102,21,syllables,lexicase,TRUE,20,elitize_generation_data,101,323,0.68,162
103,21,syllables,lexicase,TRUE,20,elitize_generation_data,102,341,0.706,162
104,21,syllables,lexicase,TRUE,20,elitize_generation_data,103,360,0.717,162
105,21,syllables,lexicase,TRUE,20,elitize_generation_data,104,352,0.7,162
106,21,syllables,lexicase,TRUE,20,elitize_generation_data,105,354,0.718,162
107,21,syllables,lexicase,TRUE,20,elitize_generation_data,106,344,0.707,162
108,21,syllables,lexicase,TRUE,20,elitize_generation_data,107,344,0.709,162
109,21,syllables,lexicase,TRUE,20,elitize_generation_data,108,343,0.719,162
110,21,syllables,lexicase,TRUE,20,elitize_generation_data,109,337,0.707,162
111,21,syllables,lexicase,TRUE,20,elitize_generation_data,110,342,0.717,162
112,21,syllables,lexicase,TRUE,20,elitize_generation_data,111,336,0.722,162
113,21,syllables,lexicase,TRUE,20,elitize_generation_data,112,354,0.707,162
114,21,syllables,lexicase,TRUE,20,elitize_generation_data,113,364,0.735,162
115,21,syllables,lexicase,TRUE,20,elitize_generation_data,114,378,0.733,162
116,21,syllables,lexicase,TRUE,20,elitize_generation_data,115,356,0.743,162
117,21,syllables,lexicase,TRUE,20,elitize_generation_data,116,344,0.723,162
118,21,syllables,lexicase,TRUE,20,elitize_generation_data,117,374,0.754,162
119,21,syllables,lexicase,TRUE,20,elitize_generation_data,118,372,0.734,162
120,21,syllables,lexicase,TRUE,20,elitize_generation_data,119,355,0.703,162
121,21,syllables,lexicase,TRUE,20,elitize_generation_data,120,369,0.712,162
122,21,syllables,lexicase,TRUE,20,elitize_generation_data,121,392,0.768,162
123,21,syllables,lexicase,TRUE,20,elitize_generation_data,122,356,0.723,162
124,21,syllables,lexicase,TRUE,20,elitize_generation_data,123,367,0.744,162
125,21,syllables,lexicase,TRUE,20,elitize_generation_data,124,372,0.735,162
126,21,syllables,lexicase,TRUE,20,elitize_generation_data,125,382,0.726,162
127,21,syllables,lexicase,TRUE,20,elitize_generation_data,126,355,0.72,162
128,21,syllables,lexicase,TRUE,20,elitize_generation_data,127,362,0.729,162
129,21,syllables,lexicase,TRUE,20,elitize_generation_data,128,402,0.777,162
130,21,syllables,lexicase,TRUE,20,elitize_generation_data,129,366,0.756,162
131,21,syllables,lexicase,TRUE,20,elitize_generation_data,130,379,0.751,162
132,21,syllables,lexicase,TRUE,20,elitize_generation_data,131,368,0.751,162
133,21,syllables,lexicase,TRUE,20,elitize_generation_data,132,365,0.721,162
134,21,syllables,lexicase,TRUE,20,elitize_generation_data,133,393,0.743,162
135,21,syllables,lexicase,TRUE,20,elitize_generation_data,134,362,0.757,162
136,21,syllables,lexicase,TRUE,20,elitize_generation_data,135,386,0.772,162
137,21,syllables,lexicase,TRUE,20,elitize_generation_data,136,357,0.741,162
138,21,syllables,lexicase,TRUE,20,elitize_generation_data,137,366,0.744,162
139,21,syllables,lexicase,TRUE,20,elitize_generation_data,138,381,0.744,162
140,21,syllables,lexicase,TRUE,20,elitize_generation_data,139,339,0.745,162
141,21,syllables,lexicase,TRUE,20,elitize_generation_data,140,372,0.759,162
142,21,syllables,lexicase,TRUE,20,elitize_generation_data,141,376,0.766,162
143,21,syllables,lexicase,TRUE,20,elitize_generation_data,142,367,0.757,162
144,21,syllables,lexicase,TRUE,20,elitize_generation_data,143,398,0.76,162
145,21,syllables,lexicase,TRUE,20,elitize_generation_data,144,386,0.749,162
146,21,syllables,lexicase,TRUE,20,elitize_generation_data,145,382,0.78,162
147,21,syllables,lexicase,TRUE,20,elitize_generation_data,146,400,0.754,162
148,21,syllables,lexicase,TRUE,20,elitize_generation_data,147,397,0.746,162
149,21,syllables,lexicase,TRUE,20,elitize_generation_data,148,376,0.744,162
150,21,syllables,lexicase,TRUE,20,elitize_generation_data,149,381,0.747,162
151,21,syllables,lexicase,TRUE,20,elitize_generation_data,150,357,0.75,162
152,21,syllables,lexicase,TRUE,20,elitize_generation_data,151,361,0.764,162
153,21,syllables,lexicase,TRUE,20,elitize_generation_data,152,375,0.75,162
154,21,syllables,lexicase,TRUE,20,elitize_generation_data,153,371,0.725,162
155,21,syllables,lexicase,TRUE,20,elitize_generation_data,154,378,0.752,162
156,21,syllables,lexicase,TRUE,20,elitize_generation_data,155,377,0.743,162
157,21,syllables,lexicase,TRUE,20,elitize_generation_data,156,387,0.743,162
158,21,syllables,lexicase,TRUE,20,elitize_generation_data,157,368,0.74,162
159,21,syllables,lexicase,TRUE,20,elitize_generation_data,158,365,0.702,162
160,21,syllables,lexicase,TRUE,20,elitize_generation_data,159,341,0.7,162
161,21,syllables,lexicase,TRUE,20,elitize_generation_data,160,335,0.713,162
162,21,syllables,lexicase,TRUE,20,elitize_generation_data,161,319,0.696,162
163,21,syllables,lexicase,TRUE,20,elitize_generation_data,162,209,0.551,162
