,run.num,problem,treatment,succeeded,height,normalization.function,generation,cluster.count,error.diversity,success.generation
1,44,double-letters,tourney,FALSE,10,elitize_generation_data,0,6,0.407,NA
2,44,double-letters,tourney,FALSE,10,elitize_generation_data,1,8,0.178,NA
3,44,double-letters,tourney,FALSE,10,elitize_generation_data,2,10,0.25,NA
4,44,double-letters,tourney,FALSE,10,elitize_generation_data,3,11,0.232,NA
5,44,double-letters,tourney,FALSE,10,elitize_generation_data,4,9,0.105,NA
6,44,double-letters,tourney,FALSE,10,elitize_generation_data,5,6,0.09,NA
7,44,double-letters,tourney,FALSE,10,elitize_generation_data,6,7,0.076,NA
8,44,double-letters,tourney,FALSE,10,elitize_generation_data,7,6,0.075,NA
9,44,double-letters,tourney,FALSE,10,elitize_generation_data,8,6,0.067,NA
10,44,double-letters,tourney,FALSE,10,elitize_generation_data,9,4,0.054,NA
11,44,double-letters,tourney,FALSE,10,elitize_generation_data,10,3,0.062,NA
12,44,double-letters,tourney,FALSE,10,elitize_generation_data,11,11,0.077,NA
13,44,double-letters,tourney,FALSE,10,elitize_generation_data,12,10,0.067,NA
14,44,double-letters,tourney,FALSE,10,elitize_generation_data,13,9,0.077,NA
15,44,double-letters,tourney,FALSE,10,elitize_generation_data,14,9,0.082,NA
16,44,double-letters,tourney,FALSE,10,elitize_generation_data,15,12,0.077,NA
17,44,double-letters,tourney,FALSE,10,elitize_generation_data,16,10,0.072,NA
18,44,double-letters,tourney,FALSE,10,elitize_generation_data,17,16,0.077,NA
19,44,double-letters,tourney,FALSE,10,elitize_generation_data,18,15,0.083,NA
20,44,double-letters,tourney,FALSE,10,elitize_generation_data,19,14,0.076,NA
21,44,double-letters,tourney,FALSE,10,elitize_generation_data,20,12,0.074,NA
22,44,double-letters,tourney,FALSE,10,elitize_generation_data,21,14,0.061,NA
23,44,double-letters,tourney,FALSE,10,elitize_generation_data,22,10,0.06,NA
24,44,double-letters,tourney,FALSE,10,elitize_generation_data,23,15,0.075,NA
25,44,double-letters,tourney,FALSE,10,elitize_generation_data,24,14,0.079,NA
26,44,double-letters,tourney,FALSE,10,elitize_generation_data,25,14,0.072,NA
27,44,double-letters,tourney,FALSE,10,elitize_generation_data,26,15,0.079,NA
28,44,double-letters,tourney,FALSE,10,elitize_generation_data,27,8,0.073,NA
29,44,double-letters,tourney,FALSE,10,elitize_generation_data,28,20,0.079,NA
30,44,double-letters,tourney,FALSE,10,elitize_generation_data,29,14,0.064,NA
31,44,double-letters,tourney,FALSE,10,elitize_generation_data,30,15,0.081,NA
32,44,double-letters,tourney,FALSE,10,elitize_generation_data,31,16,0.082,NA
33,44,double-letters,tourney,FALSE,10,elitize_generation_data,32,16,0.092,NA
34,44,double-letters,tourney,FALSE,10,elitize_generation_data,33,17,0.078,NA
35,44,double-letters,tourney,FALSE,10,elitize_generation_data,34,16,0.078,NA
36,44,double-letters,tourney,FALSE,10,elitize_generation_data,35,17,0.089,NA
37,44,double-letters,tourney,FALSE,10,elitize_generation_data,36,18,0.091,NA
38,44,double-letters,tourney,FALSE,10,elitize_generation_data,37,15,0.094,NA
39,44,double-letters,tourney,FALSE,10,elitize_generation_data,38,15,0.085,NA
40,44,double-letters,tourney,FALSE,10,elitize_generation_data,39,18,0.083,NA
41,44,double-letters,tourney,FALSE,10,elitize_generation_data,40,15,0.089,NA
42,44,double-letters,tourney,FALSE,10,elitize_generation_data,41,13,0.089,NA
43,44,double-letters,tourney,FALSE,10,elitize_generation_data,42,18,0.087,NA
44,44,double-letters,tourney,FALSE,10,elitize_generation_data,43,18,0.084,NA
45,44,double-letters,tourney,FALSE,10,elitize_generation_data,44,17,0.085,NA
46,44,double-letters,tourney,FALSE,10,elitize_generation_data,45,17,0.072,NA
47,44,double-letters,tourney,FALSE,10,elitize_generation_data,46,12,0.09,NA
48,44,double-letters,tourney,FALSE,10,elitize_generation_data,47,20,0.088,NA
49,44,double-letters,tourney,FALSE,10,elitize_generation_data,48,20,0.093,NA
50,44,double-letters,tourney,FALSE,10,elitize_generation_data,49,17,0.083,NA
51,44,double-letters,tourney,FALSE,10,elitize_generation_data,50,18,0.101,NA
52,44,double-letters,tourney,FALSE,10,elitize_generation_data,51,14,0.09,NA
53,44,double-letters,tourney,FALSE,10,elitize_generation_data,52,14,0.076,NA
54,44,double-letters,tourney,FALSE,10,elitize_generation_data,53,16,0.076,NA
55,44,double-letters,tourney,FALSE,10,elitize_generation_data,54,14,0.078,NA
56,44,double-letters,tourney,FALSE,10,elitize_generation_data,55,14,0.08,NA
57,44,double-letters,tourney,FALSE,10,elitize_generation_data,56,20,0.09,NA
58,44,double-letters,tourney,FALSE,10,elitize_generation_data,57,15,0.087,NA
59,44,double-letters,tourney,FALSE,10,elitize_generation_data,58,15,0.084,NA
60,44,double-letters,tourney,FALSE,10,elitize_generation_data,59,15,0.073,NA
61,44,double-letters,tourney,FALSE,10,elitize_generation_data,60,16,0.093,NA
62,44,double-letters,tourney,FALSE,10,elitize_generation_data,61,15,0.088,NA
63,44,double-letters,tourney,FALSE,10,elitize_generation_data,62,17,0.083,NA
64,44,double-letters,tourney,FALSE,10,elitize_generation_data,63,20,0.067,NA
65,44,double-letters,tourney,FALSE,10,elitize_generation_data,64,15,0.074,NA
66,44,double-letters,tourney,FALSE,10,elitize_generation_data,65,16,0.074,NA
67,44,double-letters,tourney,FALSE,10,elitize_generation_data,66,16,0.103,NA
68,44,double-letters,tourney,FALSE,10,elitize_generation_data,67,18,0.092,NA
69,44,double-letters,tourney,FALSE,10,elitize_generation_data,68,12,0.071,NA
70,44,double-letters,tourney,FALSE,10,elitize_generation_data,69,16,0.072,NA
71,44,double-letters,tourney,FALSE,10,elitize_generation_data,70,15,0.068,NA
72,44,double-letters,tourney,FALSE,10,elitize_generation_data,71,15,0.068,NA
73,44,double-letters,tourney,FALSE,10,elitize_generation_data,72,18,0.084,NA
74,44,double-letters,tourney,FALSE,10,elitize_generation_data,73,17,0.06,NA
75,44,double-letters,tourney,FALSE,10,elitize_generation_data,74,13,0.071,NA
76,44,double-letters,tourney,FALSE,10,elitize_generation_data,75,18,0.088,NA
77,44,double-letters,tourney,FALSE,10,elitize_generation_data,76,20,0.072,NA
78,44,double-letters,tourney,FALSE,10,elitize_generation_data,77,18,0.066,NA
79,44,double-letters,tourney,FALSE,10,elitize_generation_data,78,17,0.08,NA
80,44,double-letters,tourney,FALSE,10,elitize_generation_data,79,17,0.062,NA
81,44,double-letters,tourney,FALSE,10,elitize_generation_data,80,11,0.071,NA
82,44,double-letters,tourney,FALSE,10,elitize_generation_data,81,15,0.06,NA
83,44,double-letters,tourney,FALSE,10,elitize_generation_data,82,19,0.058,NA
84,44,double-letters,tourney,FALSE,10,elitize_generation_data,83,14,0.065,NA
85,44,double-letters,tourney,FALSE,10,elitize_generation_data,84,16,0.059,NA
86,44,double-letters,tourney,FALSE,10,elitize_generation_data,85,18,0.071,NA
87,44,double-letters,tourney,FALSE,10,elitize_generation_data,86,15,0.064,NA
88,44,double-letters,tourney,FALSE,10,elitize_generation_data,87,15,0.051,NA
89,44,double-letters,tourney,FALSE,10,elitize_generation_data,88,11,0.055,NA
90,44,double-letters,tourney,FALSE,10,elitize_generation_data,89,17,0.075,NA
91,44,double-letters,tourney,FALSE,10,elitize_generation_data,90,18,0.065,NA
92,44,double-letters,tourney,FALSE,10,elitize_generation_data,91,15,0.053,NA
93,44,double-letters,tourney,FALSE,10,elitize_generation_data,92,13,0.065,NA
94,44,double-letters,tourney,FALSE,10,elitize_generation_data,93,20,0.077,NA
95,44,double-letters,tourney,FALSE,10,elitize_generation_data,94,17,0.058,NA
96,44,double-letters,tourney,FALSE,10,elitize_generation_data,95,15,0.061,NA
97,44,double-letters,tourney,FALSE,10,elitize_generation_data,96,15,0.065,NA
98,44,double-letters,tourney,FALSE,10,elitize_generation_data,97,18,0.069,NA
99,44,double-letters,tourney,FALSE,10,elitize_generation_data,98,19,0.069,NA
100,44,double-letters,tourney,FALSE,10,elitize_generation_data,99,18,0.061,NA
101,44,double-letters,tourney,FALSE,10,elitize_generation_data,100,18,0.073,NA
102,44,double-letters,tourney,FALSE,10,elitize_generation_data,101,14,0.065,NA
103,44,double-letters,tourney,FALSE,10,elitize_generation_data,102,23,0.065,NA
104,44,double-letters,tourney,FALSE,10,elitize_generation_data,103,16,0.063,NA
105,44,double-letters,tourney,FALSE,10,elitize_generation_data,104,16,0.056,NA
106,44,double-letters,tourney,FALSE,10,elitize_generation_data,105,14,0.063,NA
107,44,double-letters,tourney,FALSE,10,elitize_generation_data,106,14,0.058,NA
108,44,double-letters,tourney,FALSE,10,elitize_generation_data,107,11,0.053,NA
109,44,double-letters,tourney,FALSE,10,elitize_generation_data,108,13,0.059,NA
110,44,double-letters,tourney,FALSE,10,elitize_generation_data,109,18,0.058,NA
111,44,double-letters,tourney,FALSE,10,elitize_generation_data,110,16,0.066,NA
112,44,double-letters,tourney,FALSE,10,elitize_generation_data,111,18,0.105,NA
113,44,double-letters,tourney,FALSE,10,elitize_generation_data,112,16,0.111,NA
114,44,double-letters,tourney,FALSE,10,elitize_generation_data,113,13,0.112,NA
115,44,double-letters,tourney,FALSE,10,elitize_generation_data,114,11,0.105,NA
116,44,double-letters,tourney,FALSE,10,elitize_generation_data,115,13,0.107,NA
117,44,double-letters,tourney,FALSE,10,elitize_generation_data,116,17,0.106,NA
118,44,double-letters,tourney,FALSE,10,elitize_generation_data,117,13,0.089,NA
119,44,double-letters,tourney,FALSE,10,elitize_generation_data,118,13,0.089,NA
120,44,double-letters,tourney,FALSE,10,elitize_generation_data,119,14,0.111,NA
121,44,double-letters,tourney,FALSE,10,elitize_generation_data,120,17,0.115,NA
122,44,double-letters,tourney,FALSE,10,elitize_generation_data,121,15,0.096,NA
123,44,double-letters,tourney,FALSE,10,elitize_generation_data,122,14,0.114,NA
124,44,double-letters,tourney,FALSE,10,elitize_generation_data,123,16,0.095,NA
125,44,double-letters,tourney,FALSE,10,elitize_generation_data,124,15,0.092,NA
126,44,double-letters,tourney,FALSE,10,elitize_generation_data,125,17,0.122,NA
127,44,double-letters,tourney,FALSE,10,elitize_generation_data,126,13,0.097,NA
128,44,double-letters,tourney,FALSE,10,elitize_generation_data,127,16,0.105,NA
129,44,double-letters,tourney,FALSE,10,elitize_generation_data,128,12,0.103,NA
130,44,double-letters,tourney,FALSE,10,elitize_generation_data,129,17,0.117,NA
131,44,double-letters,tourney,FALSE,10,elitize_generation_data,130,17,0.104,NA
132,44,double-letters,tourney,FALSE,10,elitize_generation_data,131,19,0.134,NA
133,44,double-letters,tourney,FALSE,10,elitize_generation_data,132,16,0.123,NA
134,44,double-letters,tourney,FALSE,10,elitize_generation_data,133,20,0.119,NA
135,44,double-letters,tourney,FALSE,10,elitize_generation_data,134,22,0.133,NA
136,44,double-letters,tourney,FALSE,10,elitize_generation_data,135,21,0.118,NA
137,44,double-letters,tourney,FALSE,10,elitize_generation_data,136,19,0.118,NA
138,44,double-letters,tourney,FALSE,10,elitize_generation_data,137,18,0.111,NA
139,44,double-letters,tourney,FALSE,10,elitize_generation_data,138,11,0.114,NA
140,44,double-letters,tourney,FALSE,10,elitize_generation_data,139,20,0.127,NA
141,44,double-letters,tourney,FALSE,10,elitize_generation_data,140,17,0.12,NA
142,44,double-letters,tourney,FALSE,10,elitize_generation_data,141,22,0.116,NA
143,44,double-letters,tourney,FALSE,10,elitize_generation_data,142,17,0.127,NA
144,44,double-letters,tourney,FALSE,10,elitize_generation_data,143,23,0.128,NA
145,44,double-letters,tourney,FALSE,10,elitize_generation_data,144,22,0.109,NA
146,44,double-letters,tourney,FALSE,10,elitize_generation_data,145,20,0.139,NA
147,44,double-letters,tourney,FALSE,10,elitize_generation_data,146,20,0.119,NA
148,44,double-letters,tourney,FALSE,10,elitize_generation_data,147,21,0.115,NA
149,44,double-letters,tourney,FALSE,10,elitize_generation_data,148,20,0.126,NA
150,44,double-letters,tourney,FALSE,10,elitize_generation_data,149,27,0.143,NA
151,44,double-letters,tourney,FALSE,10,elitize_generation_data,150,18,0.115,NA
152,44,double-letters,tourney,FALSE,10,elitize_generation_data,151,23,0.138,NA
153,44,double-letters,tourney,FALSE,10,elitize_generation_data,152,23,0.131,NA
154,44,double-letters,tourney,FALSE,10,elitize_generation_data,153,19,0.115,NA
155,44,double-letters,tourney,FALSE,10,elitize_generation_data,154,29,0.129,NA
156,44,double-letters,tourney,FALSE,10,elitize_generation_data,155,30,0.145,NA
157,44,double-letters,tourney,FALSE,10,elitize_generation_data,156,23,0.122,NA
158,44,double-letters,tourney,FALSE,10,elitize_generation_data,157,26,0.152,NA
159,44,double-letters,tourney,FALSE,10,elitize_generation_data,158,24,0.144,NA
160,44,double-letters,tourney,FALSE,10,elitize_generation_data,159,17,0.133,NA
161,44,double-letters,tourney,FALSE,10,elitize_generation_data,160,21,0.138,NA
162,44,double-letters,tourney,FALSE,10,elitize_generation_data,161,16,0.137,NA
163,44,double-letters,tourney,FALSE,10,elitize_generation_data,162,24,0.141,NA
164,44,double-letters,tourney,FALSE,10,elitize_generation_data,163,20,0.136,NA
165,44,double-letters,tourney,FALSE,10,elitize_generation_data,164,28,0.135,NA
166,44,double-letters,tourney,FALSE,10,elitize_generation_data,165,27,0.132,NA
167,44,double-letters,tourney,FALSE,10,elitize_generation_data,166,21,0.139,NA
168,44,double-letters,tourney,FALSE,10,elitize_generation_data,167,27,0.137,NA
169,44,double-letters,tourney,FALSE,10,elitize_generation_data,168,23,0.134,NA
170,44,double-letters,tourney,FALSE,10,elitize_generation_data,169,18,0.125,NA
171,44,double-letters,tourney,FALSE,10,elitize_generation_data,170,25,0.139,NA
172,44,double-letters,tourney,FALSE,10,elitize_generation_data,171,23,0.14,NA
173,44,double-letters,tourney,FALSE,10,elitize_generation_data,172,30,0.129,NA
174,44,double-letters,tourney,FALSE,10,elitize_generation_data,173,27,0.149,NA
175,44,double-letters,tourney,FALSE,10,elitize_generation_data,174,26,0.143,NA
176,44,double-letters,tourney,FALSE,10,elitize_generation_data,175,20,0.129,NA
177,44,double-letters,tourney,FALSE,10,elitize_generation_data,176,20,0.142,NA
178,44,double-letters,tourney,FALSE,10,elitize_generation_data,177,31,0.142,NA
179,44,double-letters,tourney,FALSE,10,elitize_generation_data,178,24,0.143,NA
180,44,double-letters,tourney,FALSE,10,elitize_generation_data,179,33,0.145,NA
181,44,double-letters,tourney,FALSE,10,elitize_generation_data,180,26,0.13,NA
182,44,double-letters,tourney,FALSE,10,elitize_generation_data,181,26,0.134,NA
183,44,double-letters,tourney,FALSE,10,elitize_generation_data,182,27,0.154,NA
184,44,double-letters,tourney,FALSE,10,elitize_generation_data,183,18,0.137,NA
185,44,double-letters,tourney,FALSE,10,elitize_generation_data,184,21,0.139,NA
186,44,double-letters,tourney,FALSE,10,elitize_generation_data,185,25,0.143,NA
187,44,double-letters,tourney,FALSE,10,elitize_generation_data,186,22,0.138,NA
188,44,double-letters,tourney,FALSE,10,elitize_generation_data,187,25,0.128,NA
189,44,double-letters,tourney,FALSE,10,elitize_generation_data,188,28,0.14,NA
190,44,double-letters,tourney,FALSE,10,elitize_generation_data,189,23,0.162,NA
191,44,double-letters,tourney,FALSE,10,elitize_generation_data,190,26,0.155,NA
192,44,double-letters,tourney,FALSE,10,elitize_generation_data,191,21,0.134,NA
193,44,double-letters,tourney,FALSE,10,elitize_generation_data,192,28,0.167,NA
194,44,double-letters,tourney,FALSE,10,elitize_generation_data,193,28,0.153,NA
195,44,double-letters,tourney,FALSE,10,elitize_generation_data,194,25,0.151,NA
196,44,double-letters,tourney,FALSE,10,elitize_generation_data,195,23,0.135,NA
197,44,double-letters,tourney,FALSE,10,elitize_generation_data,196,22,0.139,NA
198,44,double-letters,tourney,FALSE,10,elitize_generation_data,197,24,0.145,NA
199,44,double-letters,tourney,FALSE,10,elitize_generation_data,198,20,0.131,NA
200,44,double-letters,tourney,FALSE,10,elitize_generation_data,199,27,0.13,NA
201,44,double-letters,tourney,FALSE,10,elitize_generation_data,200,19,0.137,NA
202,44,double-letters,tourney,FALSE,10,elitize_generation_data,201,21,0.148,NA
203,44,double-letters,tourney,FALSE,10,elitize_generation_data,202,22,0.154,NA
204,44,double-letters,tourney,FALSE,10,elitize_generation_data,203,26,0.147,NA
205,44,double-letters,tourney,FALSE,10,elitize_generation_data,204,26,0.142,NA
206,44,double-letters,tourney,FALSE,10,elitize_generation_data,205,32,0.141,NA
207,44,double-letters,tourney,FALSE,10,elitize_generation_data,206,31,0.138,NA
208,44,double-letters,tourney,FALSE,10,elitize_generation_data,207,26,0.153,NA
209,44,double-letters,tourney,FALSE,10,elitize_generation_data,208,27,0.151,NA
210,44,double-letters,tourney,FALSE,10,elitize_generation_data,209,26,0.137,NA
211,44,double-letters,tourney,FALSE,10,elitize_generation_data,210,21,0.139,NA
212,44,double-letters,tourney,FALSE,10,elitize_generation_data,211,25,0.142,NA
213,44,double-letters,tourney,FALSE,10,elitize_generation_data,212,25,0.144,NA
214,44,double-letters,tourney,FALSE,10,elitize_generation_data,213,28,0.163,NA
215,44,double-letters,tourney,FALSE,10,elitize_generation_data,214,27,0.144,NA
216,44,double-letters,tourney,FALSE,10,elitize_generation_data,215,30,0.15,NA
217,44,double-letters,tourney,FALSE,10,elitize_generation_data,216,29,0.137,NA
218,44,double-letters,tourney,FALSE,10,elitize_generation_data,217,22,0.149,NA
219,44,double-letters,tourney,FALSE,10,elitize_generation_data,218,20,0.136,NA
220,44,double-letters,tourney,FALSE,10,elitize_generation_data,219,21,0.131,NA
221,44,double-letters,tourney,FALSE,10,elitize_generation_data,220,25,0.133,NA
222,44,double-letters,tourney,FALSE,10,elitize_generation_data,221,23,0.143,NA
223,44,double-letters,tourney,FALSE,10,elitize_generation_data,222,25,0.148,NA
224,44,double-letters,tourney,FALSE,10,elitize_generation_data,223,27,0.131,NA
225,44,double-letters,tourney,FALSE,10,elitize_generation_data,224,31,0.143,NA
226,44,double-letters,tourney,FALSE,10,elitize_generation_data,225,27,0.15,NA
227,44,double-letters,tourney,FALSE,10,elitize_generation_data,226,20,0.125,NA
228,44,double-letters,tourney,FALSE,10,elitize_generation_data,227,26,0.136,NA
229,44,double-letters,tourney,FALSE,10,elitize_generation_data,228,22,0.133,NA
230,44,double-letters,tourney,FALSE,10,elitize_generation_data,229,21,0.146,NA
231,44,double-letters,tourney,FALSE,10,elitize_generation_data,230,26,0.142,NA
232,44,double-letters,tourney,FALSE,10,elitize_generation_data,231,25,0.141,NA
233,44,double-letters,tourney,FALSE,10,elitize_generation_data,232,22,0.136,NA
234,44,double-letters,tourney,FALSE,10,elitize_generation_data,233,20,0.133,NA
235,44,double-letters,tourney,FALSE,10,elitize_generation_data,234,27,0.138,NA
236,44,double-letters,tourney,FALSE,10,elitize_generation_data,235,26,0.132,NA
237,44,double-letters,tourney,FALSE,10,elitize_generation_data,236,30,0.145,NA
238,44,double-letters,tourney,FALSE,10,elitize_generation_data,237,30,0.156,NA
239,44,double-letters,tourney,FALSE,10,elitize_generation_data,238,26,0.144,NA
240,44,double-letters,tourney,FALSE,10,elitize_generation_data,239,30,0.14,NA
241,44,double-letters,tourney,FALSE,10,elitize_generation_data,240,26,0.151,NA
242,44,double-letters,tourney,FALSE,10,elitize_generation_data,241,21,0.137,NA
243,44,double-letters,tourney,FALSE,10,elitize_generation_data,242,30,0.149,NA
244,44,double-letters,tourney,FALSE,10,elitize_generation_data,243,22,0.129,NA
245,44,double-letters,tourney,FALSE,10,elitize_generation_data,244,26,0.149,NA
246,44,double-letters,tourney,FALSE,10,elitize_generation_data,245,29,0.152,NA
247,44,double-letters,tourney,FALSE,10,elitize_generation_data,246,25,0.135,NA
248,44,double-letters,tourney,FALSE,10,elitize_generation_data,247,26,0.152,NA
249,44,double-letters,tourney,FALSE,10,elitize_generation_data,248,24,0.157,NA
250,44,double-letters,tourney,FALSE,10,elitize_generation_data,249,22,0.138,NA
251,44,double-letters,tourney,FALSE,10,elitize_generation_data,250,30,0.158,NA
252,44,double-letters,tourney,FALSE,10,elitize_generation_data,251,22,0.15,NA
253,44,double-letters,tourney,FALSE,10,elitize_generation_data,252,30,0.149,NA
254,44,double-letters,tourney,FALSE,10,elitize_generation_data,253,28,0.134,NA
255,44,double-letters,tourney,FALSE,10,elitize_generation_data,254,27,0.131,NA
256,44,double-letters,tourney,FALSE,10,elitize_generation_data,255,28,0.149,NA
257,44,double-letters,tourney,FALSE,10,elitize_generation_data,256,26,0.129,NA
258,44,double-letters,tourney,FALSE,10,elitize_generation_data,257,27,0.141,NA
259,44,double-letters,tourney,FALSE,10,elitize_generation_data,258,33,0.144,NA
260,44,double-letters,tourney,FALSE,10,elitize_generation_data,259,30,0.152,NA
261,44,double-letters,tourney,FALSE,10,elitize_generation_data,260,22,0.14,NA
262,44,double-letters,tourney,FALSE,10,elitize_generation_data,261,30,0.17,NA
263,44,double-letters,tourney,FALSE,10,elitize_generation_data,262,28,0.156,NA
264,44,double-letters,tourney,FALSE,10,elitize_generation_data,263,31,0.161,NA
265,44,double-letters,tourney,FALSE,10,elitize_generation_data,264,26,0.143,NA
266,44,double-letters,tourney,FALSE,10,elitize_generation_data,265,26,0.155,NA
267,44,double-letters,tourney,FALSE,10,elitize_generation_data,266,29,0.156,NA
268,44,double-letters,tourney,FALSE,10,elitize_generation_data,267,27,0.175,NA
269,44,double-letters,tourney,FALSE,10,elitize_generation_data,268,31,0.129,NA
270,44,double-letters,tourney,FALSE,10,elitize_generation_data,269,27,0.154,NA
271,44,double-letters,tourney,FALSE,10,elitize_generation_data,270,28,0.164,NA
272,44,double-letters,tourney,FALSE,10,elitize_generation_data,271,26,0.152,NA
273,44,double-letters,tourney,FALSE,10,elitize_generation_data,272,22,0.129,NA
274,44,double-letters,tourney,FALSE,10,elitize_generation_data,273,21,0.143,NA
275,44,double-letters,tourney,FALSE,10,elitize_generation_data,274,32,0.152,NA
276,44,double-letters,tourney,FALSE,10,elitize_generation_data,275,26,0.152,NA
277,44,double-letters,tourney,FALSE,10,elitize_generation_data,276,23,0.164,NA
278,44,double-letters,tourney,FALSE,10,elitize_generation_data,277,20,0.139,NA
279,44,double-letters,tourney,FALSE,10,elitize_generation_data,278,28,0.145,NA
280,44,double-letters,tourney,FALSE,10,elitize_generation_data,279,24,0.153,NA
281,44,double-letters,tourney,FALSE,10,elitize_generation_data,280,26,0.153,NA
282,44,double-letters,tourney,FALSE,10,elitize_generation_data,281,24,0.144,NA
283,44,double-letters,tourney,FALSE,10,elitize_generation_data,282,25,0.156,NA
284,44,double-letters,tourney,FALSE,10,elitize_generation_data,283,27,0.169,NA
285,44,double-letters,tourney,FALSE,10,elitize_generation_data,284,22,0.154,NA
286,44,double-letters,tourney,FALSE,10,elitize_generation_data,285,19,0.143,NA
287,44,double-letters,tourney,FALSE,10,elitize_generation_data,286,24,0.152,NA
288,44,double-letters,tourney,FALSE,10,elitize_generation_data,287,26,0.158,NA
289,44,double-letters,tourney,FALSE,10,elitize_generation_data,288,28,0.15,NA
290,44,double-letters,tourney,FALSE,10,elitize_generation_data,289,28,0.161,NA
291,44,double-letters,tourney,FALSE,10,elitize_generation_data,290,29,0.181,NA
292,44,double-letters,tourney,FALSE,10,elitize_generation_data,291,30,0.165,NA
293,44,double-letters,tourney,FALSE,10,elitize_generation_data,292,30,0.166,NA
294,44,double-letters,tourney,FALSE,10,elitize_generation_data,293,34,0.166,NA
295,44,double-letters,tourney,FALSE,10,elitize_generation_data,294,28,0.168,NA
296,44,double-letters,tourney,FALSE,10,elitize_generation_data,295,32,0.179,NA
297,44,double-letters,tourney,FALSE,10,elitize_generation_data,296,28,0.181,NA
298,44,double-letters,tourney,FALSE,10,elitize_generation_data,297,32,0.168,NA
299,44,double-letters,tourney,FALSE,10,elitize_generation_data,298,33,0.174,NA
300,44,double-letters,tourney,FALSE,10,elitize_generation_data,299,31,0.155,NA
301,44,double-letters,tourney,FALSE,10,elitize_generation_data,300,28,0.183,NA
