,run.num,problem,treatment,succeeded,height,normalization.function,generation,cluster.count,error.diversity,success.generation
1,91,double-letters,tourney,FALSE,10,elitize_generation_data,0,3,0.378,NA
2,91,double-letters,tourney,FALSE,10,elitize_generation_data,1,4,0.185,NA
3,91,double-letters,tourney,FALSE,10,elitize_generation_data,2,8,0.238,NA
4,91,double-letters,tourney,FALSE,10,elitize_generation_data,3,8,0.271,NA
5,91,double-letters,tourney,FALSE,10,elitize_generation_data,4,10,0.156,NA
6,91,double-letters,tourney,FALSE,10,elitize_generation_data,5,7,0.082,NA
7,91,double-letters,tourney,FALSE,10,elitize_generation_data,6,9,0.075,NA
8,91,double-letters,tourney,FALSE,10,elitize_generation_data,7,10,0.106,NA
9,91,double-letters,tourney,FALSE,10,elitize_generation_data,8,11,0.138,NA
10,91,double-letters,tourney,FALSE,10,elitize_generation_data,9,11,0.217,NA
11,91,double-letters,tourney,FALSE,10,elitize_generation_data,10,13,0.214,NA
12,91,double-letters,tourney,FALSE,10,elitize_generation_data,11,10,0.162,NA
13,91,double-letters,tourney,FALSE,10,elitize_generation_data,12,12,0.164,NA
14,91,double-letters,tourney,FALSE,10,elitize_generation_data,13,10,0.145,NA
15,91,double-letters,tourney,FALSE,10,elitize_generation_data,14,12,0.147,NA
16,91,double-letters,tourney,FALSE,10,elitize_generation_data,15,10,0.161,NA
17,91,double-letters,tourney,FALSE,10,elitize_generation_data,16,15,0.159,NA
18,91,double-letters,tourney,FALSE,10,elitize_generation_data,17,14,0.148,NA
19,91,double-letters,tourney,FALSE,10,elitize_generation_data,18,12,0.162,NA
20,91,double-letters,tourney,FALSE,10,elitize_generation_data,19,14,0.187,NA
21,91,double-letters,tourney,FALSE,10,elitize_generation_data,20,14,0.246,NA
22,91,double-letters,tourney,FALSE,10,elitize_generation_data,21,15,0.253,NA
23,91,double-letters,tourney,FALSE,10,elitize_generation_data,22,16,0.262,NA
24,91,double-letters,tourney,FALSE,10,elitize_generation_data,23,12,0.322,NA
25,91,double-letters,tourney,FALSE,10,elitize_generation_data,24,17,0.394,NA
26,91,double-letters,tourney,FALSE,10,elitize_generation_data,25,19,0.432,NA
27,91,double-letters,tourney,FALSE,10,elitize_generation_data,26,18,0.422,NA
28,91,double-letters,tourney,FALSE,10,elitize_generation_data,27,18,0.383,NA
29,91,double-letters,tourney,FALSE,10,elitize_generation_data,28,17,0.423,NA
30,91,double-letters,tourney,FALSE,10,elitize_generation_data,29,23,0.455,NA
31,91,double-letters,tourney,FALSE,10,elitize_generation_data,30,25,0.47,NA
32,91,double-letters,tourney,FALSE,10,elitize_generation_data,31,23,0.423,NA
33,91,double-letters,tourney,FALSE,10,elitize_generation_data,32,23,0.309,NA
34,91,double-letters,tourney,FALSE,10,elitize_generation_data,33,25,0.314,NA
35,91,double-letters,tourney,FALSE,10,elitize_generation_data,34,22,0.295,NA
36,91,double-letters,tourney,FALSE,10,elitize_generation_data,35,26,0.368,NA
37,91,double-letters,tourney,FALSE,10,elitize_generation_data,36,28,0.366,NA
38,91,double-letters,tourney,FALSE,10,elitize_generation_data,37,37,0.424,NA
39,91,double-letters,tourney,FALSE,10,elitize_generation_data,38,33,0.461,NA
40,91,double-letters,tourney,FALSE,10,elitize_generation_data,39,31,0.43,NA
41,91,double-letters,tourney,FALSE,10,elitize_generation_data,40,31,0.533,NA
42,91,double-letters,tourney,FALSE,10,elitize_generation_data,41,29,0.554,NA
43,91,double-letters,tourney,FALSE,10,elitize_generation_data,42,33,0.584,NA
44,91,double-letters,tourney,FALSE,10,elitize_generation_data,43,32,0.585,NA
45,91,double-letters,tourney,FALSE,10,elitize_generation_data,44,35,0.619,NA
46,91,double-letters,tourney,FALSE,10,elitize_generation_data,45,41,0.618,NA
47,91,double-letters,tourney,FALSE,10,elitize_generation_data,46,34,0.642,NA
48,91,double-letters,tourney,FALSE,10,elitize_generation_data,47,44,0.629,NA
49,91,double-letters,tourney,FALSE,10,elitize_generation_data,48,40,0.623,NA
50,91,double-letters,tourney,FALSE,10,elitize_generation_data,49,41,0.589,NA
51,91,double-letters,tourney,FALSE,10,elitize_generation_data,50,35,0.579,NA
52,91,double-letters,tourney,FALSE,10,elitize_generation_data,51,42,0.554,NA
53,91,double-letters,tourney,FALSE,10,elitize_generation_data,52,43,0.58,NA
54,91,double-letters,tourney,FALSE,10,elitize_generation_data,53,38,0.592,NA
55,91,double-letters,tourney,FALSE,10,elitize_generation_data,54,35,0.594,NA
56,91,double-letters,tourney,FALSE,10,elitize_generation_data,55,34,0.578,NA
57,91,double-letters,tourney,FALSE,10,elitize_generation_data,56,45,0.586,NA
58,91,double-letters,tourney,FALSE,10,elitize_generation_data,57,41,0.593,NA
59,91,double-letters,tourney,FALSE,10,elitize_generation_data,58,43,0.651,NA
60,91,double-letters,tourney,FALSE,10,elitize_generation_data,59,49,0.652,NA
61,91,double-letters,tourney,FALSE,10,elitize_generation_data,60,45,0.648,NA
62,91,double-letters,tourney,FALSE,10,elitize_generation_data,61,49,0.67,NA
63,91,double-letters,tourney,FALSE,10,elitize_generation_data,62,43,0.663,NA
64,91,double-letters,tourney,FALSE,10,elitize_generation_data,63,45,0.674,NA
65,91,double-letters,tourney,FALSE,10,elitize_generation_data,64,47,0.667,NA
66,91,double-letters,tourney,FALSE,10,elitize_generation_data,65,52,0.679,NA
67,91,double-letters,tourney,FALSE,10,elitize_generation_data,66,57,0.64,NA
68,91,double-letters,tourney,FALSE,10,elitize_generation_data,67,54,0.678,NA
69,91,double-letters,tourney,FALSE,10,elitize_generation_data,68,53,0.696,NA
70,91,double-letters,tourney,FALSE,10,elitize_generation_data,69,57,0.739,NA
71,91,double-letters,tourney,FALSE,10,elitize_generation_data,70,49,0.684,NA
72,91,double-letters,tourney,FALSE,10,elitize_generation_data,71,62,0.689,NA
73,91,double-letters,tourney,FALSE,10,elitize_generation_data,72,60,0.672,NA
74,91,double-letters,tourney,FALSE,10,elitize_generation_data,73,46,0.651,NA
75,91,double-letters,tourney,FALSE,10,elitize_generation_data,74,51,0.66,NA
76,91,double-letters,tourney,FALSE,10,elitize_generation_data,75,65,0.643,NA
77,91,double-letters,tourney,FALSE,10,elitize_generation_data,76,54,0.623,NA
78,91,double-letters,tourney,FALSE,10,elitize_generation_data,77,74,0.612,NA
79,91,double-letters,tourney,FALSE,10,elitize_generation_data,78,57,0.626,NA
80,91,double-letters,tourney,FALSE,10,elitize_generation_data,79,51,0.601,NA
81,91,double-letters,tourney,FALSE,10,elitize_generation_data,80,44,0.569,NA
82,91,double-letters,tourney,FALSE,10,elitize_generation_data,81,42,0.579,NA
83,91,double-letters,tourney,FALSE,10,elitize_generation_data,82,39,0.601,NA
84,91,double-letters,tourney,FALSE,10,elitize_generation_data,83,47,0.589,NA
85,91,double-letters,tourney,FALSE,10,elitize_generation_data,84,45,0.612,NA
86,91,double-letters,tourney,FALSE,10,elitize_generation_data,85,48,0.61,NA
87,91,double-letters,tourney,FALSE,10,elitize_generation_data,86,47,0.614,NA
88,91,double-letters,tourney,FALSE,10,elitize_generation_data,87,43,0.623,NA
89,91,double-letters,tourney,FALSE,10,elitize_generation_data,88,58,0.636,NA
90,91,double-letters,tourney,FALSE,10,elitize_generation_data,89,62,0.629,NA
91,91,double-letters,tourney,FALSE,10,elitize_generation_data,90,61,0.637,NA
92,91,double-letters,tourney,FALSE,10,elitize_generation_data,91,60,0.669,NA
93,91,double-letters,tourney,FALSE,10,elitize_generation_data,92,57,0.66,NA
94,91,double-letters,tourney,FALSE,10,elitize_generation_data,93,73,0.661,NA
95,91,double-letters,tourney,FALSE,10,elitize_generation_data,94,63,0.654,NA
96,91,double-letters,tourney,FALSE,10,elitize_generation_data,95,56,0.637,NA
97,91,double-letters,tourney,FALSE,10,elitize_generation_data,96,68,0.644,NA
98,91,double-letters,tourney,FALSE,10,elitize_generation_data,97,42,0.649,NA
99,91,double-letters,tourney,FALSE,10,elitize_generation_data,98,60,0.644,NA
100,91,double-letters,tourney,FALSE,10,elitize_generation_data,99,54,0.631,NA
101,91,double-letters,tourney,FALSE,10,elitize_generation_data,100,59,0.612,NA
102,91,double-letters,tourney,FALSE,10,elitize_generation_data,101,58,0.628,NA
103,91,double-letters,tourney,FALSE,10,elitize_generation_data,102,57,0.616,NA
104,91,double-letters,tourney,FALSE,10,elitize_generation_data,103,54,0.624,NA
105,91,double-letters,tourney,FALSE,10,elitize_generation_data,104,69,0.634,NA
106,91,double-letters,tourney,FALSE,10,elitize_generation_data,105,58,0.625,NA
107,91,double-letters,tourney,FALSE,10,elitize_generation_data,106,58,0.622,NA
108,91,double-letters,tourney,FALSE,10,elitize_generation_data,107,66,0.649,NA
109,91,double-letters,tourney,FALSE,10,elitize_generation_data,108,71,0.65,NA
110,91,double-letters,tourney,FALSE,10,elitize_generation_data,109,66,0.624,NA
111,91,double-letters,tourney,FALSE,10,elitize_generation_data,110,73,0.634,NA
112,91,double-letters,tourney,FALSE,10,elitize_generation_data,111,75,0.633,NA
113,91,double-letters,tourney,FALSE,10,elitize_generation_data,112,62,0.666,NA
114,91,double-letters,tourney,FALSE,10,elitize_generation_data,113,71,0.682,NA
115,91,double-letters,tourney,FALSE,10,elitize_generation_data,114,73,0.697,NA
116,91,double-letters,tourney,FALSE,10,elitize_generation_data,115,73,0.732,NA
117,91,double-letters,tourney,FALSE,10,elitize_generation_data,116,67,0.719,NA
118,91,double-letters,tourney,FALSE,10,elitize_generation_data,117,72,0.751,NA
119,91,double-letters,tourney,FALSE,10,elitize_generation_data,118,83,0.78,NA
120,91,double-letters,tourney,FALSE,10,elitize_generation_data,119,78,0.78,NA
121,91,double-letters,tourney,FALSE,10,elitize_generation_data,120,83,0.783,NA
122,91,double-letters,tourney,FALSE,10,elitize_generation_data,121,78,0.789,NA
123,91,double-letters,tourney,FALSE,10,elitize_generation_data,122,78,0.769,NA
124,91,double-letters,tourney,FALSE,10,elitize_generation_data,123,84,0.775,NA
125,91,double-letters,tourney,FALSE,10,elitize_generation_data,124,77,0.773,NA
126,91,double-letters,tourney,FALSE,10,elitize_generation_data,125,92,0.751,NA
127,91,double-letters,tourney,FALSE,10,elitize_generation_data,126,95,0.795,NA
128,91,double-letters,tourney,FALSE,10,elitize_generation_data,127,92,0.763,NA
129,91,double-letters,tourney,FALSE,10,elitize_generation_data,128,71,0.753,NA
130,91,double-letters,tourney,FALSE,10,elitize_generation_data,129,76,0.749,NA
131,91,double-letters,tourney,FALSE,10,elitize_generation_data,130,77,0.754,NA
132,91,double-letters,tourney,FALSE,10,elitize_generation_data,131,78,0.757,NA
133,91,double-letters,tourney,FALSE,10,elitize_generation_data,132,82,0.767,NA
134,91,double-letters,tourney,FALSE,10,elitize_generation_data,133,88,0.769,NA
135,91,double-letters,tourney,FALSE,10,elitize_generation_data,134,79,0.731,NA
136,91,double-letters,tourney,FALSE,10,elitize_generation_data,135,93,0.725,NA
137,91,double-letters,tourney,FALSE,10,elitize_generation_data,136,89,0.74,NA
138,91,double-letters,tourney,FALSE,10,elitize_generation_data,137,80,0.757,NA
139,91,double-letters,tourney,FALSE,10,elitize_generation_data,138,80,0.715,NA
140,91,double-letters,tourney,FALSE,10,elitize_generation_data,139,80,0.718,NA
141,91,double-letters,tourney,FALSE,10,elitize_generation_data,140,70,0.707,NA
142,91,double-letters,tourney,FALSE,10,elitize_generation_data,141,79,0.72,NA
143,91,double-letters,tourney,FALSE,10,elitize_generation_data,142,69,0.734,NA
144,91,double-letters,tourney,FALSE,10,elitize_generation_data,143,65,0.698,NA
145,91,double-letters,tourney,FALSE,10,elitize_generation_data,144,70,0.723,NA
146,91,double-letters,tourney,FALSE,10,elitize_generation_data,145,80,0.728,NA
147,91,double-letters,tourney,FALSE,10,elitize_generation_data,146,83,0.723,NA
148,91,double-letters,tourney,FALSE,10,elitize_generation_data,147,80,0.723,NA
149,91,double-letters,tourney,FALSE,10,elitize_generation_data,148,68,0.702,NA
150,91,double-letters,tourney,FALSE,10,elitize_generation_data,149,91,0.737,NA
151,91,double-letters,tourney,FALSE,10,elitize_generation_data,150,69,0.7,NA
152,91,double-letters,tourney,FALSE,10,elitize_generation_data,151,90,0.734,NA
153,91,double-letters,tourney,FALSE,10,elitize_generation_data,152,79,0.761,NA
154,91,double-letters,tourney,FALSE,10,elitize_generation_data,153,88,0.749,NA
155,91,double-letters,tourney,FALSE,10,elitize_generation_data,154,85,0.743,NA
156,91,double-letters,tourney,FALSE,10,elitize_generation_data,155,80,0.748,NA
157,91,double-letters,tourney,FALSE,10,elitize_generation_data,156,84,0.75,NA
158,91,double-letters,tourney,FALSE,10,elitize_generation_data,157,92,0.732,NA
159,91,double-letters,tourney,FALSE,10,elitize_generation_data,158,90,0.741,NA
160,91,double-letters,tourney,FALSE,10,elitize_generation_data,159,81,0.741,NA
161,91,double-letters,tourney,FALSE,10,elitize_generation_data,160,78,0.737,NA
162,91,double-letters,tourney,FALSE,10,elitize_generation_data,161,88,0.749,NA
163,91,double-letters,tourney,FALSE,10,elitize_generation_data,162,79,0.73,NA
164,91,double-letters,tourney,FALSE,10,elitize_generation_data,163,73,0.746,NA
165,91,double-letters,tourney,FALSE,10,elitize_generation_data,164,86,0.76,NA
166,91,double-letters,tourney,FALSE,10,elitize_generation_data,165,88,0.737,NA
167,91,double-letters,tourney,FALSE,10,elitize_generation_data,166,96,0.734,NA
168,91,double-letters,tourney,FALSE,10,elitize_generation_data,167,83,0.718,NA
169,91,double-letters,tourney,FALSE,10,elitize_generation_data,168,86,0.727,NA
170,91,double-letters,tourney,FALSE,10,elitize_generation_data,169,71,0.727,NA
171,91,double-letters,tourney,FALSE,10,elitize_generation_data,170,88,0.734,NA
172,91,double-letters,tourney,FALSE,10,elitize_generation_data,171,94,0.724,NA
173,91,double-letters,tourney,FALSE,10,elitize_generation_data,172,77,0.736,NA
174,91,double-letters,tourney,FALSE,10,elitize_generation_data,173,97,0.738,NA
175,91,double-letters,tourney,FALSE,10,elitize_generation_data,174,83,0.742,NA
176,91,double-letters,tourney,FALSE,10,elitize_generation_data,175,77,0.761,NA
177,91,double-letters,tourney,FALSE,10,elitize_generation_data,176,77,0.758,NA
178,91,double-letters,tourney,FALSE,10,elitize_generation_data,177,74,0.75,NA
179,91,double-letters,tourney,FALSE,10,elitize_generation_data,178,74,0.752,NA
180,91,double-letters,tourney,FALSE,10,elitize_generation_data,179,96,0.735,NA
181,91,double-letters,tourney,FALSE,10,elitize_generation_data,180,87,0.753,NA
182,91,double-letters,tourney,FALSE,10,elitize_generation_data,181,87,0.727,NA
183,91,double-letters,tourney,FALSE,10,elitize_generation_data,182,93,0.747,NA
184,91,double-letters,tourney,FALSE,10,elitize_generation_data,183,100,0.716,NA
185,91,double-letters,tourney,FALSE,10,elitize_generation_data,184,77,0.728,NA
186,91,double-letters,tourney,FALSE,10,elitize_generation_data,185,88,0.73,NA
187,91,double-letters,tourney,FALSE,10,elitize_generation_data,186,78,0.727,NA
188,91,double-letters,tourney,FALSE,10,elitize_generation_data,187,82,0.729,NA
189,91,double-letters,tourney,FALSE,10,elitize_generation_data,188,99,0.739,NA
190,91,double-letters,tourney,FALSE,10,elitize_generation_data,189,91,0.756,NA
191,91,double-letters,tourney,FALSE,10,elitize_generation_data,190,79,0.727,NA
192,91,double-letters,tourney,FALSE,10,elitize_generation_data,191,74,0.746,NA
193,91,double-letters,tourney,FALSE,10,elitize_generation_data,192,81,0.734,NA
194,91,double-letters,tourney,FALSE,10,elitize_generation_data,193,98,0.741,NA
195,91,double-letters,tourney,FALSE,10,elitize_generation_data,194,86,0.73,NA
196,91,double-letters,tourney,FALSE,10,elitize_generation_data,195,80,0.717,NA
197,91,double-letters,tourney,FALSE,10,elitize_generation_data,196,84,0.715,NA
198,91,double-letters,tourney,FALSE,10,elitize_generation_data,197,69,0.699,NA
199,91,double-letters,tourney,FALSE,10,elitize_generation_data,198,73,0.722,NA
200,91,double-letters,tourney,FALSE,10,elitize_generation_data,199,74,0.705,NA
201,91,double-letters,tourney,FALSE,10,elitize_generation_data,200,87,0.696,NA
202,91,double-letters,tourney,FALSE,10,elitize_generation_data,201,81,0.699,NA
203,91,double-letters,tourney,FALSE,10,elitize_generation_data,202,73,0.709,NA
204,91,double-letters,tourney,FALSE,10,elitize_generation_data,203,79,0.703,NA
205,91,double-letters,tourney,FALSE,10,elitize_generation_data,204,66,0.683,NA
206,91,double-letters,tourney,FALSE,10,elitize_generation_data,205,87,0.697,NA
207,91,double-letters,tourney,FALSE,10,elitize_generation_data,206,77,0.704,NA
208,91,double-letters,tourney,FALSE,10,elitize_generation_data,207,80,0.705,NA
209,91,double-letters,tourney,FALSE,10,elitize_generation_data,208,67,0.718,NA
210,91,double-letters,tourney,FALSE,10,elitize_generation_data,209,73,0.688,NA
211,91,double-letters,tourney,FALSE,10,elitize_generation_data,210,91,0.693,NA
212,91,double-letters,tourney,FALSE,10,elitize_generation_data,211,66,0.675,NA
213,91,double-letters,tourney,FALSE,10,elitize_generation_data,212,95,0.716,NA
214,91,double-letters,tourney,FALSE,10,elitize_generation_data,213,75,0.686,NA
215,91,double-letters,tourney,FALSE,10,elitize_generation_data,214,73,0.685,NA
216,91,double-letters,tourney,FALSE,10,elitize_generation_data,215,71,0.673,NA
217,91,double-letters,tourney,FALSE,10,elitize_generation_data,216,75,0.677,NA
218,91,double-letters,tourney,FALSE,10,elitize_generation_data,217,82,0.682,NA
219,91,double-letters,tourney,FALSE,10,elitize_generation_data,218,84,0.681,NA
220,91,double-letters,tourney,FALSE,10,elitize_generation_data,219,68,0.655,NA
221,91,double-letters,tourney,FALSE,10,elitize_generation_data,220,65,0.679,NA
222,91,double-letters,tourney,FALSE,10,elitize_generation_data,221,76,0.659,NA
223,91,double-letters,tourney,FALSE,10,elitize_generation_data,222,67,0.712,NA
224,91,double-letters,tourney,FALSE,10,elitize_generation_data,223,65,0.708,NA
225,91,double-letters,tourney,FALSE,10,elitize_generation_data,224,85,0.721,NA
226,91,double-letters,tourney,FALSE,10,elitize_generation_data,225,78,0.733,NA
227,91,double-letters,tourney,FALSE,10,elitize_generation_data,226,79,0.736,NA
228,91,double-letters,tourney,FALSE,10,elitize_generation_data,227,97,0.748,NA
229,91,double-letters,tourney,FALSE,10,elitize_generation_data,228,79,0.691,NA
230,91,double-letters,tourney,FALSE,10,elitize_generation_data,229,74,0.711,NA
231,91,double-letters,tourney,FALSE,10,elitize_generation_data,230,93,0.708,NA
232,91,double-letters,tourney,FALSE,10,elitize_generation_data,231,90,0.721,NA
233,91,double-letters,tourney,FALSE,10,elitize_generation_data,232,84,0.717,NA
234,91,double-letters,tourney,FALSE,10,elitize_generation_data,233,80,0.75,NA
235,91,double-letters,tourney,FALSE,10,elitize_generation_data,234,77,0.697,NA
236,91,double-letters,tourney,FALSE,10,elitize_generation_data,235,79,0.697,NA
237,91,double-letters,tourney,FALSE,10,elitize_generation_data,236,91,0.657,NA
238,91,double-letters,tourney,FALSE,10,elitize_generation_data,237,78,0.664,NA
239,91,double-letters,tourney,FALSE,10,elitize_generation_data,238,89,0.684,NA
240,91,double-letters,tourney,FALSE,10,elitize_generation_data,239,56,0.682,NA
241,91,double-letters,tourney,FALSE,10,elitize_generation_data,240,82,0.681,NA
242,91,double-letters,tourney,FALSE,10,elitize_generation_data,241,87,0.692,NA
243,91,double-letters,tourney,FALSE,10,elitize_generation_data,242,74,0.703,NA
244,91,double-letters,tourney,FALSE,10,elitize_generation_data,243,88,0.693,NA
245,91,double-letters,tourney,FALSE,10,elitize_generation_data,244,84,0.693,NA
246,91,double-letters,tourney,FALSE,10,elitize_generation_data,245,67,0.663,NA
247,91,double-letters,tourney,FALSE,10,elitize_generation_data,246,70,0.669,NA
248,91,double-letters,tourney,FALSE,10,elitize_generation_data,247,77,0.667,NA
249,91,double-letters,tourney,FALSE,10,elitize_generation_data,248,91,0.693,NA
250,91,double-letters,tourney,FALSE,10,elitize_generation_data,249,91,0.719,NA
251,91,double-letters,tourney,FALSE,10,elitize_generation_data,250,89,0.687,NA
252,91,double-letters,tourney,FALSE,10,elitize_generation_data,251,89,0.68,NA
253,91,double-letters,tourney,FALSE,10,elitize_generation_data,252,80,0.677,NA
254,91,double-letters,tourney,FALSE,10,elitize_generation_data,253,80,0.677,NA
255,91,double-letters,tourney,FALSE,10,elitize_generation_data,254,68,0.683,NA
256,91,double-letters,tourney,FALSE,10,elitize_generation_data,255,97,0.737,NA
257,91,double-letters,tourney,FALSE,10,elitize_generation_data,256,81,0.705,NA
258,91,double-letters,tourney,FALSE,10,elitize_generation_data,257,93,0.724,NA
259,91,double-letters,tourney,FALSE,10,elitize_generation_data,258,86,0.721,NA
260,91,double-letters,tourney,FALSE,10,elitize_generation_data,259,98,0.745,NA
261,91,double-letters,tourney,FALSE,10,elitize_generation_data,260,95,0.722,NA
262,91,double-letters,tourney,FALSE,10,elitize_generation_data,261,88,0.733,NA
263,91,double-letters,tourney,FALSE,10,elitize_generation_data,262,96,0.716,NA
264,91,double-letters,tourney,FALSE,10,elitize_generation_data,263,81,0.731,NA
265,91,double-letters,tourney,FALSE,10,elitize_generation_data,264,83,0.718,NA
266,91,double-letters,tourney,FALSE,10,elitize_generation_data,265,81,0.711,NA
267,91,double-letters,tourney,FALSE,10,elitize_generation_data,266,88,0.712,NA
268,91,double-letters,tourney,FALSE,10,elitize_generation_data,267,92,0.722,NA
269,91,double-letters,tourney,FALSE,10,elitize_generation_data,268,87,0.733,NA
270,91,double-letters,tourney,FALSE,10,elitize_generation_data,269,78,0.744,NA
271,91,double-letters,tourney,FALSE,10,elitize_generation_data,270,117,0.757,NA
272,91,double-letters,tourney,FALSE,10,elitize_generation_data,271,105,0.74,NA
273,91,double-letters,tourney,FALSE,10,elitize_generation_data,272,95,0.744,NA
274,91,double-letters,tourney,FALSE,10,elitize_generation_data,273,94,0.735,NA
275,91,double-letters,tourney,FALSE,10,elitize_generation_data,274,106,0.747,NA
276,91,double-letters,tourney,FALSE,10,elitize_generation_data,275,86,0.756,NA
277,91,double-letters,tourney,FALSE,10,elitize_generation_data,276,120,0.765,NA
278,91,double-letters,tourney,FALSE,10,elitize_generation_data,277,103,0.751,NA
279,91,double-letters,tourney,FALSE,10,elitize_generation_data,278,104,0.757,NA
280,91,double-letters,tourney,FALSE,10,elitize_generation_data,279,105,0.746,NA
281,91,double-letters,tourney,FALSE,10,elitize_generation_data,280,97,0.751,NA
282,91,double-letters,tourney,FALSE,10,elitize_generation_data,281,98,0.744,NA
283,91,double-letters,tourney,FALSE,10,elitize_generation_data,282,109,0.782,NA
284,91,double-letters,tourney,FALSE,10,elitize_generation_data,283,112,0.79,NA
285,91,double-letters,tourney,FALSE,10,elitize_generation_data,284,99,0.784,NA
286,91,double-letters,tourney,FALSE,10,elitize_generation_data,285,97,0.781,NA
287,91,double-letters,tourney,FALSE,10,elitize_generation_data,286,98,0.769,NA
288,91,double-letters,tourney,FALSE,10,elitize_generation_data,287,105,0.775,NA
289,91,double-letters,tourney,FALSE,10,elitize_generation_data,288,91,0.782,NA
290,91,double-letters,tourney,FALSE,10,elitize_generation_data,289,106,0.8,NA
291,91,double-letters,tourney,FALSE,10,elitize_generation_data,290,90,0.779,NA
292,91,double-letters,tourney,FALSE,10,elitize_generation_data,291,89,0.772,NA
293,91,double-letters,tourney,FALSE,10,elitize_generation_data,292,87,0.754,NA
294,91,double-letters,tourney,FALSE,10,elitize_generation_data,293,119,0.777,NA
295,91,double-letters,tourney,FALSE,10,elitize_generation_data,294,103,0.752,NA
296,91,double-letters,tourney,FALSE,10,elitize_generation_data,295,95,0.774,NA
297,91,double-letters,tourney,FALSE,10,elitize_generation_data,296,88,0.767,NA
298,91,double-letters,tourney,FALSE,10,elitize_generation_data,297,105,0.771,NA
299,91,double-letters,tourney,FALSE,10,elitize_generation_data,298,103,0.792,NA
300,91,double-letters,tourney,FALSE,10,elitize_generation_data,299,115,0.758,NA
301,91,double-letters,tourney,FALSE,10,elitize_generation_data,300,104,0.764,NA
