,run.num,problem,treatment,succeeded,height,normalization.function,generation,cluster.count,error.diversity,success.generation
1,52,double-letters,tourney,FALSE,10,elitize_generation_data,0,4,0.365,NA
2,52,double-letters,tourney,FALSE,10,elitize_generation_data,1,4,0.146,NA
3,52,double-letters,tourney,FALSE,10,elitize_generation_data,2,8,0.21,NA
4,52,double-letters,tourney,FALSE,10,elitize_generation_data,3,12,0.187,NA
5,52,double-letters,tourney,FALSE,10,elitize_generation_data,4,10,0.062,NA
6,52,double-letters,tourney,FALSE,10,elitize_generation_data,5,10,0.055,NA
7,52,double-letters,tourney,FALSE,10,elitize_generation_data,6,6,0.049,NA
8,52,double-letters,tourney,FALSE,10,elitize_generation_data,7,8,0.054,NA
9,52,double-letters,tourney,FALSE,10,elitize_generation_data,8,6,0.053,NA
10,52,double-letters,tourney,FALSE,10,elitize_generation_data,9,9,0.056,NA
11,52,double-letters,tourney,FALSE,10,elitize_generation_data,10,9,0.055,NA
12,52,double-letters,tourney,FALSE,10,elitize_generation_data,11,10,0.035,NA
13,52,double-letters,tourney,FALSE,10,elitize_generation_data,12,10,0.037,NA
14,52,double-letters,tourney,FALSE,10,elitize_generation_data,13,9,0.038,NA
15,52,double-letters,tourney,FALSE,10,elitize_generation_data,14,11,0.039,NA
16,52,double-letters,tourney,FALSE,10,elitize_generation_data,15,11,0.043,NA
17,52,double-letters,tourney,FALSE,10,elitize_generation_data,16,12,0.041,NA
18,52,double-letters,tourney,FALSE,10,elitize_generation_data,17,11,0.028,NA
19,52,double-letters,tourney,FALSE,10,elitize_generation_data,18,8,0.042,NA
20,52,double-letters,tourney,FALSE,10,elitize_generation_data,19,9,0.042,NA
21,52,double-letters,tourney,FALSE,10,elitize_generation_data,20,11,0.044,NA
22,52,double-letters,tourney,FALSE,10,elitize_generation_data,21,10,0.04,NA
23,52,double-letters,tourney,FALSE,10,elitize_generation_data,22,12,0.051,NA
24,52,double-letters,tourney,FALSE,10,elitize_generation_data,23,8,0.053,NA
25,52,double-letters,tourney,FALSE,10,elitize_generation_data,24,8,0.043,NA
26,52,double-letters,tourney,FALSE,10,elitize_generation_data,25,9,0.055,NA
27,52,double-letters,tourney,FALSE,10,elitize_generation_data,26,9,0.06,NA
28,52,double-letters,tourney,FALSE,10,elitize_generation_data,27,9,0.086,NA
29,52,double-letters,tourney,FALSE,10,elitize_generation_data,28,12,0.077,NA
30,52,double-letters,tourney,FALSE,10,elitize_generation_data,29,13,0.08,NA
31,52,double-letters,tourney,FALSE,10,elitize_generation_data,30,13,0.097,NA
32,52,double-letters,tourney,FALSE,10,elitize_generation_data,31,16,0.112,NA
33,52,double-letters,tourney,FALSE,10,elitize_generation_data,32,16,0.125,NA
34,52,double-letters,tourney,FALSE,10,elitize_generation_data,33,15,0.118,NA
35,52,double-letters,tourney,FALSE,10,elitize_generation_data,34,12,0.108,NA
36,52,double-letters,tourney,FALSE,10,elitize_generation_data,35,13,0.113,NA
37,52,double-letters,tourney,FALSE,10,elitize_generation_data,36,14,0.139,NA
38,52,double-letters,tourney,FALSE,10,elitize_generation_data,37,13,0.155,NA
39,52,double-letters,tourney,FALSE,10,elitize_generation_data,38,16,0.146,NA
40,52,double-letters,tourney,FALSE,10,elitize_generation_data,39,17,0.16,NA
41,52,double-letters,tourney,FALSE,10,elitize_generation_data,40,18,0.148,NA
42,52,double-letters,tourney,FALSE,10,elitize_generation_data,41,16,0.14,NA
43,52,double-letters,tourney,FALSE,10,elitize_generation_data,42,15,0.145,NA
44,52,double-letters,tourney,FALSE,10,elitize_generation_data,43,15,0.161,NA
45,52,double-letters,tourney,FALSE,10,elitize_generation_data,44,17,0.181,NA
46,52,double-letters,tourney,FALSE,10,elitize_generation_data,45,16,0.195,NA
47,52,double-letters,tourney,FALSE,10,elitize_generation_data,46,16,0.208,NA
48,52,double-letters,tourney,FALSE,10,elitize_generation_data,47,18,0.203,NA
49,52,double-letters,tourney,FALSE,10,elitize_generation_data,48,21,0.205,NA
50,52,double-letters,tourney,FALSE,10,elitize_generation_data,49,19,0.187,NA
51,52,double-letters,tourney,FALSE,10,elitize_generation_data,50,15,0.2,NA
52,52,double-letters,tourney,FALSE,10,elitize_generation_data,51,18,0.211,NA
53,52,double-letters,tourney,FALSE,10,elitize_generation_data,52,22,0.244,NA
54,52,double-letters,tourney,FALSE,10,elitize_generation_data,53,18,0.253,NA
55,52,double-letters,tourney,FALSE,10,elitize_generation_data,54,21,0.244,NA
56,52,double-letters,tourney,FALSE,10,elitize_generation_data,55,19,0.257,NA
57,52,double-letters,tourney,FALSE,10,elitize_generation_data,56,13,0.282,NA
58,52,double-letters,tourney,FALSE,10,elitize_generation_data,57,13,0.283,NA
59,52,double-letters,tourney,FALSE,10,elitize_generation_data,58,17,0.27,NA
60,52,double-letters,tourney,FALSE,10,elitize_generation_data,59,18,0.324,NA
61,52,double-letters,tourney,FALSE,10,elitize_generation_data,60,15,0.312,NA
62,52,double-letters,tourney,FALSE,10,elitize_generation_data,61,18,0.283,NA
63,52,double-letters,tourney,FALSE,10,elitize_generation_data,62,21,0.255,NA
64,52,double-letters,tourney,FALSE,10,elitize_generation_data,63,17,0.268,NA
65,52,double-letters,tourney,FALSE,10,elitize_generation_data,64,21,0.291,NA
66,52,double-letters,tourney,FALSE,10,elitize_generation_data,65,21,0.321,NA
67,52,double-letters,tourney,FALSE,10,elitize_generation_data,66,18,0.284,NA
68,52,double-letters,tourney,FALSE,10,elitize_generation_data,67,14,0.308,NA
69,52,double-letters,tourney,FALSE,10,elitize_generation_data,68,21,0.32,NA
70,52,double-letters,tourney,FALSE,10,elitize_generation_data,69,28,0.305,NA
71,52,double-letters,tourney,FALSE,10,elitize_generation_data,70,20,0.309,NA
72,52,double-letters,tourney,FALSE,10,elitize_generation_data,71,19,0.324,NA
73,52,double-letters,tourney,FALSE,10,elitize_generation_data,72,19,0.33,NA
74,52,double-letters,tourney,FALSE,10,elitize_generation_data,73,28,0.369,NA
75,52,double-letters,tourney,FALSE,10,elitize_generation_data,74,19,0.397,NA
76,52,double-letters,tourney,FALSE,10,elitize_generation_data,75,26,0.4,NA
77,52,double-letters,tourney,FALSE,10,elitize_generation_data,76,24,0.371,NA
78,52,double-letters,tourney,FALSE,10,elitize_generation_data,77,19,0.379,NA
79,52,double-letters,tourney,FALSE,10,elitize_generation_data,78,19,0.376,NA
80,52,double-letters,tourney,FALSE,10,elitize_generation_data,79,20,0.427,NA
81,52,double-letters,tourney,FALSE,10,elitize_generation_data,80,25,0.437,NA
82,52,double-letters,tourney,FALSE,10,elitize_generation_data,81,25,0.462,NA
83,52,double-letters,tourney,FALSE,10,elitize_generation_data,82,28,0.444,NA
84,52,double-letters,tourney,FALSE,10,elitize_generation_data,83,29,0.459,NA
85,52,double-letters,tourney,FALSE,10,elitize_generation_data,84,22,0.43,NA
86,52,double-letters,tourney,FALSE,10,elitize_generation_data,85,27,0.454,NA
87,52,double-letters,tourney,FALSE,10,elitize_generation_data,86,27,0.426,NA
88,52,double-letters,tourney,FALSE,10,elitize_generation_data,87,24,0.417,NA
89,52,double-letters,tourney,FALSE,10,elitize_generation_data,88,22,0.37,NA
90,52,double-letters,tourney,FALSE,10,elitize_generation_data,89,17,0.341,NA
91,52,double-letters,tourney,FALSE,10,elitize_generation_data,90,15,0.312,NA
92,52,double-letters,tourney,FALSE,10,elitize_generation_data,91,18,0.318,NA
93,52,double-letters,tourney,FALSE,10,elitize_generation_data,92,19,0.316,NA
94,52,double-letters,tourney,FALSE,10,elitize_generation_data,93,17,0.325,NA
95,52,double-letters,tourney,FALSE,10,elitize_generation_data,94,15,0.312,NA
96,52,double-letters,tourney,FALSE,10,elitize_generation_data,95,21,0.363,NA
97,52,double-letters,tourney,FALSE,10,elitize_generation_data,96,18,0.369,NA
98,52,double-letters,tourney,FALSE,10,elitize_generation_data,97,20,0.342,NA
99,52,double-letters,tourney,FALSE,10,elitize_generation_data,98,15,0.352,NA
100,52,double-letters,tourney,FALSE,10,elitize_generation_data,99,19,0.391,NA
101,52,double-letters,tourney,FALSE,10,elitize_generation_data,100,17,0.352,NA
102,52,double-letters,tourney,FALSE,10,elitize_generation_data,101,19,0.346,NA
103,52,double-letters,tourney,FALSE,10,elitize_generation_data,102,15,0.321,NA
104,52,double-letters,tourney,FALSE,10,elitize_generation_data,103,22,0.327,NA
105,52,double-letters,tourney,FALSE,10,elitize_generation_data,104,18,0.372,NA
106,52,double-letters,tourney,FALSE,10,elitize_generation_data,105,21,0.354,NA
107,52,double-letters,tourney,FALSE,10,elitize_generation_data,106,19,0.344,NA
108,52,double-letters,tourney,FALSE,10,elitize_generation_data,107,21,0.328,NA
109,52,double-letters,tourney,FALSE,10,elitize_generation_data,108,20,0.305,NA
110,52,double-letters,tourney,FALSE,10,elitize_generation_data,109,16,0.313,NA
111,52,double-letters,tourney,FALSE,10,elitize_generation_data,110,21,0.306,NA
112,52,double-letters,tourney,FALSE,10,elitize_generation_data,111,16,0.311,NA
113,52,double-letters,tourney,FALSE,10,elitize_generation_data,112,24,0.323,NA
114,52,double-letters,tourney,FALSE,10,elitize_generation_data,113,22,0.357,NA
115,52,double-letters,tourney,FALSE,10,elitize_generation_data,114,29,0.366,NA
116,52,double-letters,tourney,FALSE,10,elitize_generation_data,115,19,0.357,NA
117,52,double-letters,tourney,FALSE,10,elitize_generation_data,116,24,0.367,NA
118,52,double-letters,tourney,FALSE,10,elitize_generation_data,117,28,0.337,NA
119,52,double-letters,tourney,FALSE,10,elitize_generation_data,118,22,0.381,NA
120,52,double-letters,tourney,FALSE,10,elitize_generation_data,119,23,0.388,NA
121,52,double-letters,tourney,FALSE,10,elitize_generation_data,120,18,0.358,NA
122,52,double-letters,tourney,FALSE,10,elitize_generation_data,121,21,0.349,NA
123,52,double-letters,tourney,FALSE,10,elitize_generation_data,122,19,0.363,NA
124,52,double-letters,tourney,FALSE,10,elitize_generation_data,123,20,0.357,NA
125,52,double-letters,tourney,FALSE,10,elitize_generation_data,124,19,0.418,NA
126,52,double-letters,tourney,FALSE,10,elitize_generation_data,125,21,0.414,NA
127,52,double-letters,tourney,FALSE,10,elitize_generation_data,126,27,0.385,NA
128,52,double-letters,tourney,FALSE,10,elitize_generation_data,127,28,0.369,NA
129,52,double-letters,tourney,FALSE,10,elitize_generation_data,128,19,0.377,NA
130,52,double-letters,tourney,FALSE,10,elitize_generation_data,129,21,0.398,NA
131,52,double-letters,tourney,FALSE,10,elitize_generation_data,130,27,0.417,NA
132,52,double-letters,tourney,FALSE,10,elitize_generation_data,131,25,0.449,NA
133,52,double-letters,tourney,FALSE,10,elitize_generation_data,132,25,0.429,NA
134,52,double-letters,tourney,FALSE,10,elitize_generation_data,133,31,0.421,NA
135,52,double-letters,tourney,FALSE,10,elitize_generation_data,134,25,0.477,NA
136,52,double-letters,tourney,FALSE,10,elitize_generation_data,135,32,0.461,NA
137,52,double-letters,tourney,FALSE,10,elitize_generation_data,136,30,0.446,NA
138,52,double-letters,tourney,FALSE,10,elitize_generation_data,137,32,0.477,NA
139,52,double-letters,tourney,FALSE,10,elitize_generation_data,138,27,0.44,NA
140,52,double-letters,tourney,FALSE,10,elitize_generation_data,139,26,0.461,NA
141,52,double-letters,tourney,FALSE,10,elitize_generation_data,140,30,0.457,NA
142,52,double-letters,tourney,FALSE,10,elitize_generation_data,141,29,0.471,NA
143,52,double-letters,tourney,FALSE,10,elitize_generation_data,142,24,0.465,NA
144,52,double-letters,tourney,FALSE,10,elitize_generation_data,143,32,0.489,NA
145,52,double-letters,tourney,FALSE,10,elitize_generation_data,144,37,0.448,NA
146,52,double-letters,tourney,FALSE,10,elitize_generation_data,145,32,0.432,NA
147,52,double-letters,tourney,FALSE,10,elitize_generation_data,146,31,0.438,NA
148,52,double-letters,tourney,FALSE,10,elitize_generation_data,147,29,0.428,NA
149,52,double-letters,tourney,FALSE,10,elitize_generation_data,148,34,0.442,NA
150,52,double-letters,tourney,FALSE,10,elitize_generation_data,149,31,0.456,NA
151,52,double-letters,tourney,FALSE,10,elitize_generation_data,150,32,0.464,NA
152,52,double-letters,tourney,FALSE,10,elitize_generation_data,151,23,0.429,NA
153,52,double-letters,tourney,FALSE,10,elitize_generation_data,152,27,0.459,NA
154,52,double-letters,tourney,FALSE,10,elitize_generation_data,153,29,0.439,NA
155,52,double-letters,tourney,FALSE,10,elitize_generation_data,154,35,0.454,NA
156,52,double-letters,tourney,FALSE,10,elitize_generation_data,155,26,0.402,NA
157,52,double-letters,tourney,FALSE,10,elitize_generation_data,156,26,0.439,NA
158,52,double-letters,tourney,FALSE,10,elitize_generation_data,157,30,0.441,NA
159,52,double-letters,tourney,FALSE,10,elitize_generation_data,158,34,0.461,NA
160,52,double-letters,tourney,FALSE,10,elitize_generation_data,159,36,0.481,NA
161,52,double-letters,tourney,FALSE,10,elitize_generation_data,160,36,0.5,NA
162,52,double-letters,tourney,FALSE,10,elitize_generation_data,161,38,0.505,NA
163,52,double-letters,tourney,FALSE,10,elitize_generation_data,162,31,0.498,NA
164,52,double-letters,tourney,FALSE,10,elitize_generation_data,163,33,0.48,NA
165,52,double-letters,tourney,FALSE,10,elitize_generation_data,164,31,0.495,NA
166,52,double-letters,tourney,FALSE,10,elitize_generation_data,165,36,0.487,NA
167,52,double-letters,tourney,FALSE,10,elitize_generation_data,166,28,0.51,NA
168,52,double-letters,tourney,FALSE,10,elitize_generation_data,167,43,0.519,NA
169,52,double-letters,tourney,FALSE,10,elitize_generation_data,168,37,0.529,NA
170,52,double-letters,tourney,FALSE,10,elitize_generation_data,169,41,0.513,NA
171,52,double-letters,tourney,FALSE,10,elitize_generation_data,170,37,0.526,NA
172,52,double-letters,tourney,FALSE,10,elitize_generation_data,171,43,0.504,NA
173,52,double-letters,tourney,FALSE,10,elitize_generation_data,172,36,0.507,NA
174,52,double-letters,tourney,FALSE,10,elitize_generation_data,173,49,0.507,NA
175,52,double-letters,tourney,FALSE,10,elitize_generation_data,174,37,0.5,NA
176,52,double-letters,tourney,FALSE,10,elitize_generation_data,175,38,0.475,NA
177,52,double-letters,tourney,FALSE,10,elitize_generation_data,176,37,0.494,NA
178,52,double-letters,tourney,FALSE,10,elitize_generation_data,177,42,0.513,NA
179,52,double-letters,tourney,FALSE,10,elitize_generation_data,178,45,0.496,NA
180,52,double-letters,tourney,FALSE,10,elitize_generation_data,179,47,0.511,NA
181,52,double-letters,tourney,FALSE,10,elitize_generation_data,180,45,0.515,NA
182,52,double-letters,tourney,FALSE,10,elitize_generation_data,181,47,0.508,NA
183,52,double-letters,tourney,FALSE,10,elitize_generation_data,182,36,0.513,NA
184,52,double-letters,tourney,FALSE,10,elitize_generation_data,183,36,0.504,NA
185,52,double-letters,tourney,FALSE,10,elitize_generation_data,184,40,0.502,NA
186,52,double-letters,tourney,FALSE,10,elitize_generation_data,185,37,0.524,NA
187,52,double-letters,tourney,FALSE,10,elitize_generation_data,186,46,0.492,NA
188,52,double-letters,tourney,FALSE,10,elitize_generation_data,187,31,0.486,NA
189,52,double-letters,tourney,FALSE,10,elitize_generation_data,188,37,0.472,NA
190,52,double-letters,tourney,FALSE,10,elitize_generation_data,189,42,0.48,NA
191,52,double-letters,tourney,FALSE,10,elitize_generation_data,190,39,0.497,NA
192,52,double-letters,tourney,FALSE,10,elitize_generation_data,191,34,0.496,NA
193,52,double-letters,tourney,FALSE,10,elitize_generation_data,192,43,0.498,NA
194,52,double-letters,tourney,FALSE,10,elitize_generation_data,193,36,0.498,NA
195,52,double-letters,tourney,FALSE,10,elitize_generation_data,194,46,0.484,NA
196,52,double-letters,tourney,FALSE,10,elitize_generation_data,195,37,0.528,NA
197,52,double-letters,tourney,FALSE,10,elitize_generation_data,196,45,0.507,NA
198,52,double-letters,tourney,FALSE,10,elitize_generation_data,197,39,0.522,NA
199,52,double-letters,tourney,FALSE,10,elitize_generation_data,198,36,0.481,NA
200,52,double-letters,tourney,FALSE,10,elitize_generation_data,199,44,0.502,NA
201,52,double-letters,tourney,FALSE,10,elitize_generation_data,200,43,0.516,NA
202,52,double-letters,tourney,FALSE,10,elitize_generation_data,201,47,0.506,NA
203,52,double-letters,tourney,FALSE,10,elitize_generation_data,202,44,0.499,NA
204,52,double-letters,tourney,FALSE,10,elitize_generation_data,203,33,0.501,NA
205,52,double-letters,tourney,FALSE,10,elitize_generation_data,204,45,0.507,NA
206,52,double-letters,tourney,FALSE,10,elitize_generation_data,205,42,0.486,NA
207,52,double-letters,tourney,FALSE,10,elitize_generation_data,206,43,0.493,NA
208,52,double-letters,tourney,FALSE,10,elitize_generation_data,207,42,0.499,NA
209,52,double-letters,tourney,FALSE,10,elitize_generation_data,208,44,0.506,NA
210,52,double-letters,tourney,FALSE,10,elitize_generation_data,209,44,0.506,NA
211,52,double-letters,tourney,FALSE,10,elitize_generation_data,210,42,0.48,NA
212,52,double-letters,tourney,FALSE,10,elitize_generation_data,211,39,0.504,NA
213,52,double-letters,tourney,FALSE,10,elitize_generation_data,212,48,0.495,NA
214,52,double-letters,tourney,FALSE,10,elitize_generation_data,213,48,0.495,NA
215,52,double-letters,tourney,FALSE,10,elitize_generation_data,214,43,0.528,NA
216,52,double-letters,tourney,FALSE,10,elitize_generation_data,215,38,0.508,NA
217,52,double-letters,tourney,FALSE,10,elitize_generation_data,216,40,0.529,NA
218,52,double-letters,tourney,FALSE,10,elitize_generation_data,217,36,0.499,NA
219,52,double-letters,tourney,FALSE,10,elitize_generation_data,218,39,0.5,NA
220,52,double-letters,tourney,FALSE,10,elitize_generation_data,219,41,0.474,NA
221,52,double-letters,tourney,FALSE,10,elitize_generation_data,220,40,0.46,NA
222,52,double-letters,tourney,FALSE,10,elitize_generation_data,221,35,0.477,NA
223,52,double-letters,tourney,FALSE,10,elitize_generation_data,222,46,0.488,NA
224,52,double-letters,tourney,FALSE,10,elitize_generation_data,223,35,0.489,NA
225,52,double-letters,tourney,FALSE,10,elitize_generation_data,224,40,0.524,NA
226,52,double-letters,tourney,FALSE,10,elitize_generation_data,225,46,0.502,NA
227,52,double-letters,tourney,FALSE,10,elitize_generation_data,226,51,0.491,NA
228,52,double-letters,tourney,FALSE,10,elitize_generation_data,227,36,0.475,NA
229,52,double-letters,tourney,FALSE,10,elitize_generation_data,228,35,0.486,NA
230,52,double-letters,tourney,FALSE,10,elitize_generation_data,229,46,0.497,NA
231,52,double-letters,tourney,FALSE,10,elitize_generation_data,230,36,0.491,NA
232,52,double-letters,tourney,FALSE,10,elitize_generation_data,231,37,0.48,NA
233,52,double-letters,tourney,FALSE,10,elitize_generation_data,232,47,0.504,NA
234,52,double-letters,tourney,FALSE,10,elitize_generation_data,233,42,0.5,NA
235,52,double-letters,tourney,FALSE,10,elitize_generation_data,234,36,0.47,NA
236,52,double-letters,tourney,FALSE,10,elitize_generation_data,235,40,0.48,NA
237,52,double-letters,tourney,FALSE,10,elitize_generation_data,236,38,0.515,NA
238,52,double-letters,tourney,FALSE,10,elitize_generation_data,237,38,0.484,NA
239,52,double-letters,tourney,FALSE,10,elitize_generation_data,238,49,0.484,NA
240,52,double-letters,tourney,FALSE,10,elitize_generation_data,239,38,0.484,NA
241,52,double-letters,tourney,FALSE,10,elitize_generation_data,240,44,0.503,NA
242,52,double-letters,tourney,FALSE,10,elitize_generation_data,241,45,0.483,NA
243,52,double-letters,tourney,FALSE,10,elitize_generation_data,242,40,0.495,NA
244,52,double-letters,tourney,FALSE,10,elitize_generation_data,243,36,0.461,NA
245,52,double-letters,tourney,FALSE,10,elitize_generation_data,244,37,0.494,NA
246,52,double-letters,tourney,FALSE,10,elitize_generation_data,245,44,0.511,NA
247,52,double-letters,tourney,FALSE,10,elitize_generation_data,246,46,0.509,NA
248,52,double-letters,tourney,FALSE,10,elitize_generation_data,247,45,0.494,NA
249,52,double-letters,tourney,FALSE,10,elitize_generation_data,248,42,0.495,NA
250,52,double-letters,tourney,FALSE,10,elitize_generation_data,249,44,0.495,NA
251,52,double-letters,tourney,FALSE,10,elitize_generation_data,250,40,0.488,NA
252,52,double-letters,tourney,FALSE,10,elitize_generation_data,251,40,0.477,NA
253,52,double-letters,tourney,FALSE,10,elitize_generation_data,252,42,0.506,NA
254,52,double-letters,tourney,FALSE,10,elitize_generation_data,253,42,0.5,NA
255,52,double-letters,tourney,FALSE,10,elitize_generation_data,254,41,0.478,NA
256,52,double-letters,tourney,FALSE,10,elitize_generation_data,255,43,0.46,NA
257,52,double-letters,tourney,FALSE,10,elitize_generation_data,256,48,0.46,NA
258,52,double-letters,tourney,FALSE,10,elitize_generation_data,257,28,0.478,NA
259,52,double-letters,tourney,FALSE,10,elitize_generation_data,258,41,0.497,NA
260,52,double-letters,tourney,FALSE,10,elitize_generation_data,259,42,0.454,NA
261,52,double-letters,tourney,FALSE,10,elitize_generation_data,260,40,0.485,NA
262,52,double-letters,tourney,FALSE,10,elitize_generation_data,261,39,0.467,NA
263,52,double-letters,tourney,FALSE,10,elitize_generation_data,262,39,0.458,NA
264,52,double-letters,tourney,FALSE,10,elitize_generation_data,263,43,0.477,NA
265,52,double-letters,tourney,FALSE,10,elitize_generation_data,264,47,0.482,NA
266,52,double-letters,tourney,FALSE,10,elitize_generation_data,265,45,0.465,NA
267,52,double-letters,tourney,FALSE,10,elitize_generation_data,266,42,0.455,NA
268,52,double-letters,tourney,FALSE,10,elitize_generation_data,267,43,0.47,NA
269,52,double-letters,tourney,FALSE,10,elitize_generation_data,268,43,0.442,NA
270,52,double-letters,tourney,FALSE,10,elitize_generation_data,269,37,0.472,NA
271,52,double-letters,tourney,FALSE,10,elitize_generation_data,270,40,0.465,NA
272,52,double-letters,tourney,FALSE,10,elitize_generation_data,271,44,0.469,NA
273,52,double-letters,tourney,FALSE,10,elitize_generation_data,272,41,0.468,NA
274,52,double-letters,tourney,FALSE,10,elitize_generation_data,273,46,0.449,NA
275,52,double-letters,tourney,FALSE,10,elitize_generation_data,274,49,0.477,NA
276,52,double-letters,tourney,FALSE,10,elitize_generation_data,275,51,0.474,NA
277,52,double-letters,tourney,FALSE,10,elitize_generation_data,276,33,0.459,NA
278,52,double-letters,tourney,FALSE,10,elitize_generation_data,277,45,0.491,NA
279,52,double-letters,tourney,FALSE,10,elitize_generation_data,278,46,0.485,NA
280,52,double-letters,tourney,FALSE,10,elitize_generation_data,279,36,0.487,NA
281,52,double-letters,tourney,FALSE,10,elitize_generation_data,280,37,0.487,NA
282,52,double-letters,tourney,FALSE,10,elitize_generation_data,281,41,0.472,NA
283,52,double-letters,tourney,FALSE,10,elitize_generation_data,282,46,0.474,NA
284,52,double-letters,tourney,FALSE,10,elitize_generation_data,283,45,0.453,NA
285,52,double-letters,tourney,FALSE,10,elitize_generation_data,284,35,0.504,NA
286,52,double-letters,tourney,FALSE,10,elitize_generation_data,285,43,0.484,NA
287,52,double-letters,tourney,FALSE,10,elitize_generation_data,286,41,0.439,NA
288,52,double-letters,tourney,FALSE,10,elitize_generation_data,287,43,0.48,NA
289,52,double-letters,tourney,FALSE,10,elitize_generation_data,288,45,0.479,NA
290,52,double-letters,tourney,FALSE,10,elitize_generation_data,289,48,0.464,NA
291,52,double-letters,tourney,FALSE,10,elitize_generation_data,290,37,0.441,NA
292,52,double-letters,tourney,FALSE,10,elitize_generation_data,291,33,0.471,NA
293,52,double-letters,tourney,FALSE,10,elitize_generation_data,292,31,0.46,NA
294,52,double-letters,tourney,FALSE,10,elitize_generation_data,293,32,0.46,NA
295,52,double-letters,tourney,FALSE,10,elitize_generation_data,294,41,0.468,NA
296,52,double-letters,tourney,FALSE,10,elitize_generation_data,295,44,0.49,NA
297,52,double-letters,tourney,FALSE,10,elitize_generation_data,296,39,0.472,NA
298,52,double-letters,tourney,FALSE,10,elitize_generation_data,297,43,0.452,NA
299,52,double-letters,tourney,FALSE,10,elitize_generation_data,298,47,0.486,NA
300,52,double-letters,tourney,FALSE,10,elitize_generation_data,299,39,0.447,NA
301,52,double-letters,tourney,FALSE,10,elitize_generation_data,300,42,0.505,NA
