,run.num,problem,treatment,succeeded,height,normalization.function,generation,cluster.count,error.diversity,success.generation
1,34,double-letters,tourney,FALSE,10,elitize_generation_data,0,5,0.373,NA
2,34,double-letters,tourney,FALSE,10,elitize_generation_data,1,6,0.134,NA
3,34,double-letters,tourney,FALSE,10,elitize_generation_data,2,7,0.2,NA
4,34,double-letters,tourney,FALSE,10,elitize_generation_data,3,10,0.248,NA
5,34,double-letters,tourney,FALSE,10,elitize_generation_data,4,11,0.07,NA
6,34,double-letters,tourney,FALSE,10,elitize_generation_data,5,6,0.018,NA
7,34,double-letters,tourney,FALSE,10,elitize_generation_data,6,6,0.026,NA
8,34,double-letters,tourney,FALSE,10,elitize_generation_data,7,6,0.024,NA
9,34,double-letters,tourney,FALSE,10,elitize_generation_data,8,6,0.02,NA
10,34,double-letters,tourney,FALSE,10,elitize_generation_data,9,6,0.019,NA
11,34,double-letters,tourney,FALSE,10,elitize_generation_data,10,4,0.019,NA
12,34,double-letters,tourney,FALSE,10,elitize_generation_data,11,7,0.015,NA
13,34,double-letters,tourney,FALSE,10,elitize_generation_data,12,4,0.015,NA
14,34,double-letters,tourney,FALSE,10,elitize_generation_data,13,6,0.018,NA
15,34,double-letters,tourney,FALSE,10,elitize_generation_data,14,5,0.01,NA
16,34,double-letters,tourney,FALSE,10,elitize_generation_data,15,5,0.016,NA
17,34,double-letters,tourney,FALSE,10,elitize_generation_data,16,5,0.015,NA
18,34,double-letters,tourney,FALSE,10,elitize_generation_data,17,6,0.013,NA
19,34,double-letters,tourney,FALSE,10,elitize_generation_data,18,4,0.011,NA
20,34,double-letters,tourney,FALSE,10,elitize_generation_data,19,5,0.012,NA
21,34,double-letters,tourney,FALSE,10,elitize_generation_data,20,5,0.014,NA
22,34,double-letters,tourney,FALSE,10,elitize_generation_data,21,5,0.008,NA
23,34,double-letters,tourney,FALSE,10,elitize_generation_data,22,6,0.013,NA
24,34,double-letters,tourney,FALSE,10,elitize_generation_data,23,7,0.012,NA
25,34,double-letters,tourney,FALSE,10,elitize_generation_data,24,5,0.013,NA
26,34,double-letters,tourney,FALSE,10,elitize_generation_data,25,6,0.01,NA
27,34,double-letters,tourney,FALSE,10,elitize_generation_data,26,5,0.01,NA
28,34,double-letters,tourney,FALSE,10,elitize_generation_data,27,4,0.011,NA
29,34,double-letters,tourney,FALSE,10,elitize_generation_data,28,6,0.015,NA
30,34,double-letters,tourney,FALSE,10,elitize_generation_data,29,6,0.009,NA
31,34,double-letters,tourney,FALSE,10,elitize_generation_data,30,5,0.011,NA
32,34,double-letters,tourney,FALSE,10,elitize_generation_data,31,4,0.008,NA
33,34,double-letters,tourney,FALSE,10,elitize_generation_data,32,5,0.006,NA
34,34,double-letters,tourney,FALSE,10,elitize_generation_data,33,5,0.012,NA
35,34,double-letters,tourney,FALSE,10,elitize_generation_data,34,6,0.012,NA
36,34,double-letters,tourney,FALSE,10,elitize_generation_data,35,5,0.011,NA
37,34,double-letters,tourney,FALSE,10,elitize_generation_data,36,5,0.009,NA
38,34,double-letters,tourney,FALSE,10,elitize_generation_data,37,5,0.008,NA
39,34,double-letters,tourney,FALSE,10,elitize_generation_data,38,5,0.01,NA
40,34,double-letters,tourney,FALSE,10,elitize_generation_data,39,5,0.009,NA
41,34,double-letters,tourney,FALSE,10,elitize_generation_data,40,5,0.005,NA
42,34,double-letters,tourney,FALSE,10,elitize_generation_data,41,4,0.006,NA
43,34,double-letters,tourney,FALSE,10,elitize_generation_data,42,5,0.007,NA
44,34,double-letters,tourney,FALSE,10,elitize_generation_data,43,5,0.008,NA
45,34,double-letters,tourney,FALSE,10,elitize_generation_data,44,5,0.006,NA
46,34,double-letters,tourney,FALSE,10,elitize_generation_data,45,4,0.005,NA
47,34,double-letters,tourney,FALSE,10,elitize_generation_data,46,4,0.007,NA
48,34,double-letters,tourney,FALSE,10,elitize_generation_data,47,4,0.008,NA
49,34,double-letters,tourney,FALSE,10,elitize_generation_data,48,5,0.008,NA
50,34,double-letters,tourney,FALSE,10,elitize_generation_data,49,5,0.012,NA
51,34,double-letters,tourney,FALSE,10,elitize_generation_data,50,4,0.006,NA
52,34,double-letters,tourney,FALSE,10,elitize_generation_data,51,4,0.007,NA
53,34,double-letters,tourney,FALSE,10,elitize_generation_data,52,4,0.008,NA
54,34,double-letters,tourney,FALSE,10,elitize_generation_data,53,4,0.006,NA
55,34,double-letters,tourney,FALSE,10,elitize_generation_data,54,6,0.008,NA
56,34,double-letters,tourney,FALSE,10,elitize_generation_data,55,6,0.014,NA
57,34,double-letters,tourney,FALSE,10,elitize_generation_data,56,5,0.01,NA
58,34,double-letters,tourney,FALSE,10,elitize_generation_data,57,6,0.007,NA
59,34,double-letters,tourney,FALSE,10,elitize_generation_data,58,4,0.009,NA
60,34,double-letters,tourney,FALSE,10,elitize_generation_data,59,4,0.009,NA
61,34,double-letters,tourney,FALSE,10,elitize_generation_data,60,4,0.005,NA
62,34,double-letters,tourney,FALSE,10,elitize_generation_data,61,4,0.007,NA
63,34,double-letters,tourney,FALSE,10,elitize_generation_data,62,4,0.008,NA
64,34,double-letters,tourney,FALSE,10,elitize_generation_data,63,3,0.004,NA
65,34,double-letters,tourney,FALSE,10,elitize_generation_data,64,5,0.006,NA
66,34,double-letters,tourney,FALSE,10,elitize_generation_data,65,5,0.006,NA
67,34,double-letters,tourney,FALSE,10,elitize_generation_data,66,5,0.006,NA
68,34,double-letters,tourney,FALSE,10,elitize_generation_data,67,5,0.007,NA
69,34,double-letters,tourney,FALSE,10,elitize_generation_data,68,4,0.007,NA
70,34,double-letters,tourney,FALSE,10,elitize_generation_data,69,4,0.006,NA
71,34,double-letters,tourney,FALSE,10,elitize_generation_data,70,3,0.006,NA
72,34,double-letters,tourney,FALSE,10,elitize_generation_data,71,5,0.008,NA
73,34,double-letters,tourney,FALSE,10,elitize_generation_data,72,5,0.006,NA
74,34,double-letters,tourney,FALSE,10,elitize_generation_data,73,4,0.005,NA
75,34,double-letters,tourney,FALSE,10,elitize_generation_data,74,5,0.006,NA
76,34,double-letters,tourney,FALSE,10,elitize_generation_data,75,4,0.005,NA
77,34,double-letters,tourney,FALSE,10,elitize_generation_data,76,7,0.009,NA
78,34,double-letters,tourney,FALSE,10,elitize_generation_data,77,4,0.005,NA
79,34,double-letters,tourney,FALSE,10,elitize_generation_data,78,3,0.003,NA
80,34,double-letters,tourney,FALSE,10,elitize_generation_data,79,4,0.006,NA
81,34,double-letters,tourney,FALSE,10,elitize_generation_data,80,5,0.011,NA
82,34,double-letters,tourney,FALSE,10,elitize_generation_data,81,4,0.005,NA
83,34,double-letters,tourney,FALSE,10,elitize_generation_data,82,4,0.007,NA
84,34,double-letters,tourney,FALSE,10,elitize_generation_data,83,3,0.003,NA
85,34,double-letters,tourney,FALSE,10,elitize_generation_data,84,4,0.006,NA
86,34,double-letters,tourney,FALSE,10,elitize_generation_data,85,5,0.006,NA
87,34,double-letters,tourney,FALSE,10,elitize_generation_data,86,3,0.005,NA
88,34,double-letters,tourney,FALSE,10,elitize_generation_data,87,5,0.008,NA
89,34,double-letters,tourney,FALSE,10,elitize_generation_data,88,3,0.004,NA
90,34,double-letters,tourney,FALSE,10,elitize_generation_data,89,4,0.004,NA
91,34,double-letters,tourney,FALSE,10,elitize_generation_data,90,4,0.007,NA
92,34,double-letters,tourney,FALSE,10,elitize_generation_data,91,3,0.003,NA
93,34,double-letters,tourney,FALSE,10,elitize_generation_data,92,4,0.005,NA
94,34,double-letters,tourney,FALSE,10,elitize_generation_data,93,4,0.006,NA
95,34,double-letters,tourney,FALSE,10,elitize_generation_data,94,4,0.005,NA
96,34,double-letters,tourney,FALSE,10,elitize_generation_data,95,5,0.007,NA
97,34,double-letters,tourney,FALSE,10,elitize_generation_data,96,3,0.004,NA
98,34,double-letters,tourney,FALSE,10,elitize_generation_data,97,4,0.004,NA
99,34,double-letters,tourney,FALSE,10,elitize_generation_data,98,4,0.005,NA
100,34,double-letters,tourney,FALSE,10,elitize_generation_data,99,4,0.006,NA
101,34,double-letters,tourney,FALSE,10,elitize_generation_data,100,3,0.004,NA
102,34,double-letters,tourney,FALSE,10,elitize_generation_data,101,4,0.005,NA
103,34,double-letters,tourney,FALSE,10,elitize_generation_data,102,3,0.004,NA
104,34,double-letters,tourney,FALSE,10,elitize_generation_data,103,4,0.004,NA
105,34,double-letters,tourney,FALSE,10,elitize_generation_data,104,3,0.004,NA
106,34,double-letters,tourney,FALSE,10,elitize_generation_data,105,3,0.003,NA
107,34,double-letters,tourney,FALSE,10,elitize_generation_data,106,4,0.004,NA
108,34,double-letters,tourney,FALSE,10,elitize_generation_data,107,4,0.004,NA
109,34,double-letters,tourney,FALSE,10,elitize_generation_data,108,3,0.004,NA
110,34,double-letters,tourney,FALSE,10,elitize_generation_data,109,5,0.006,NA
111,34,double-letters,tourney,FALSE,10,elitize_generation_data,110,4,0.005,NA
112,34,double-letters,tourney,FALSE,10,elitize_generation_data,111,4,0.005,NA
113,34,double-letters,tourney,FALSE,10,elitize_generation_data,112,5,0.008,NA
114,34,double-letters,tourney,FALSE,10,elitize_generation_data,113,6,0.006,NA
115,34,double-letters,tourney,FALSE,10,elitize_generation_data,114,3,0.003,NA
116,34,double-letters,tourney,FALSE,10,elitize_generation_data,115,4,0.006,NA
117,34,double-letters,tourney,FALSE,10,elitize_generation_data,116,4,0.004,NA
118,34,double-letters,tourney,FALSE,10,elitize_generation_data,117,5,0.005,NA
119,34,double-letters,tourney,FALSE,10,elitize_generation_data,118,5,0.008,NA
120,34,double-letters,tourney,FALSE,10,elitize_generation_data,119,5,0.007,NA
121,34,double-letters,tourney,FALSE,10,elitize_generation_data,120,3,0.007,NA
122,34,double-letters,tourney,FALSE,10,elitize_generation_data,121,3,0.004,NA
123,34,double-letters,tourney,FALSE,10,elitize_generation_data,122,4,0.007,NA
124,34,double-letters,tourney,FALSE,10,elitize_generation_data,123,4,0.008,NA
125,34,double-letters,tourney,FALSE,10,elitize_generation_data,124,6,0.008,NA
126,34,double-letters,tourney,FALSE,10,elitize_generation_data,125,4,0.006,NA
127,34,double-letters,tourney,FALSE,10,elitize_generation_data,126,6,0.009,NA
128,34,double-letters,tourney,FALSE,10,elitize_generation_data,127,8,0.015,NA
129,34,double-letters,tourney,FALSE,10,elitize_generation_data,128,10,0.03,NA
130,34,double-letters,tourney,FALSE,10,elitize_generation_data,129,11,0.032,NA
131,34,double-letters,tourney,FALSE,10,elitize_generation_data,130,11,0.026,NA
132,34,double-letters,tourney,FALSE,10,elitize_generation_data,131,11,0.036,NA
133,34,double-letters,tourney,FALSE,10,elitize_generation_data,132,12,0.032,NA
134,34,double-letters,tourney,FALSE,10,elitize_generation_data,133,10,0.035,NA
135,34,double-letters,tourney,FALSE,10,elitize_generation_data,134,10,0.033,NA
136,34,double-letters,tourney,FALSE,10,elitize_generation_data,135,10,0.03,NA
137,34,double-letters,tourney,FALSE,10,elitize_generation_data,136,10,0.037,NA
138,34,double-letters,tourney,FALSE,10,elitize_generation_data,137,11,0.031,NA
139,34,double-letters,tourney,FALSE,10,elitize_generation_data,138,10,0.024,NA
140,34,double-letters,tourney,FALSE,10,elitize_generation_data,139,10,0.035,NA
141,34,double-letters,tourney,FALSE,10,elitize_generation_data,140,12,0.037,NA
142,34,double-letters,tourney,FALSE,10,elitize_generation_data,141,9,0.033,NA
143,34,double-letters,tourney,FALSE,10,elitize_generation_data,142,8,0.027,NA
144,34,double-letters,tourney,FALSE,10,elitize_generation_data,143,10,0.035,NA
145,34,double-letters,tourney,FALSE,10,elitize_generation_data,144,10,0.029,NA
146,34,double-letters,tourney,FALSE,10,elitize_generation_data,145,11,0.028,NA
147,34,double-letters,tourney,FALSE,10,elitize_generation_data,146,10,0.035,NA
148,34,double-letters,tourney,FALSE,10,elitize_generation_data,147,10,0.035,NA
149,34,double-letters,tourney,FALSE,10,elitize_generation_data,148,9,0.027,NA
150,34,double-letters,tourney,FALSE,10,elitize_generation_data,149,9,0.029,NA
151,34,double-letters,tourney,FALSE,10,elitize_generation_data,150,7,0.032,NA
152,34,double-letters,tourney,FALSE,10,elitize_generation_data,151,10,0.027,NA
153,34,double-letters,tourney,FALSE,10,elitize_generation_data,152,12,0.033,NA
154,34,double-letters,tourney,FALSE,10,elitize_generation_data,153,13,0.038,NA
155,34,double-letters,tourney,FALSE,10,elitize_generation_data,154,12,0.03,NA
156,34,double-letters,tourney,FALSE,10,elitize_generation_data,155,11,0.036,NA
157,34,double-letters,tourney,FALSE,10,elitize_generation_data,156,7,0.027,NA
158,34,double-letters,tourney,FALSE,10,elitize_generation_data,157,10,0.031,NA
159,34,double-letters,tourney,FALSE,10,elitize_generation_data,158,11,0.028,NA
160,34,double-letters,tourney,FALSE,10,elitize_generation_data,159,8,0.033,NA
161,34,double-letters,tourney,FALSE,10,elitize_generation_data,160,8,0.027,NA
162,34,double-letters,tourney,FALSE,10,elitize_generation_data,161,10,0.031,NA
163,34,double-letters,tourney,FALSE,10,elitize_generation_data,162,12,0.034,NA
164,34,double-letters,tourney,FALSE,10,elitize_generation_data,163,14,0.033,NA
165,34,double-letters,tourney,FALSE,10,elitize_generation_data,164,11,0.039,NA
166,34,double-letters,tourney,FALSE,10,elitize_generation_data,165,11,0.032,NA
167,34,double-letters,tourney,FALSE,10,elitize_generation_data,166,10,0.038,NA
168,34,double-letters,tourney,FALSE,10,elitize_generation_data,167,10,0.031,NA
169,34,double-letters,tourney,FALSE,10,elitize_generation_data,168,11,0.041,NA
170,34,double-letters,tourney,FALSE,10,elitize_generation_data,169,10,0.034,NA
171,34,double-letters,tourney,FALSE,10,elitize_generation_data,170,10,0.03,NA
172,34,double-letters,tourney,FALSE,10,elitize_generation_data,171,9,0.029,NA
173,34,double-letters,tourney,FALSE,10,elitize_generation_data,172,9,0.033,NA
174,34,double-letters,tourney,FALSE,10,elitize_generation_data,173,9,0.032,NA
175,34,double-letters,tourney,FALSE,10,elitize_generation_data,174,11,0.041,NA
176,34,double-letters,tourney,FALSE,10,elitize_generation_data,175,10,0.036,NA
177,34,double-letters,tourney,FALSE,10,elitize_generation_data,176,8,0.029,NA
178,34,double-letters,tourney,FALSE,10,elitize_generation_data,177,7,0.031,NA
179,34,double-letters,tourney,FALSE,10,elitize_generation_data,178,10,0.032,NA
180,34,double-letters,tourney,FALSE,10,elitize_generation_data,179,12,0.036,NA
181,34,double-letters,tourney,FALSE,10,elitize_generation_data,180,9,0.034,NA
182,34,double-letters,tourney,FALSE,10,elitize_generation_data,181,9,0.036,NA
183,34,double-letters,tourney,FALSE,10,elitize_generation_data,182,10,0.029,NA
184,34,double-letters,tourney,FALSE,10,elitize_generation_data,183,14,0.04,NA
185,34,double-letters,tourney,FALSE,10,elitize_generation_data,184,12,0.036,NA
186,34,double-letters,tourney,FALSE,10,elitize_generation_data,185,9,0.026,NA
187,34,double-letters,tourney,FALSE,10,elitize_generation_data,186,10,0.033,NA
188,34,double-letters,tourney,FALSE,10,elitize_generation_data,187,10,0.028,NA
189,34,double-letters,tourney,FALSE,10,elitize_generation_data,188,8,0.031,NA
190,34,double-letters,tourney,FALSE,10,elitize_generation_data,189,11,0.027,NA
191,34,double-letters,tourney,FALSE,10,elitize_generation_data,190,9,0.027,NA
192,34,double-letters,tourney,FALSE,10,elitize_generation_data,191,8,0.024,NA
193,34,double-letters,tourney,FALSE,10,elitize_generation_data,192,10,0.026,NA
194,34,double-letters,tourney,FALSE,10,elitize_generation_data,193,7,0.026,NA
195,34,double-letters,tourney,FALSE,10,elitize_generation_data,194,10,0.037,NA
196,34,double-letters,tourney,FALSE,10,elitize_generation_data,195,10,0.035,NA
197,34,double-letters,tourney,FALSE,10,elitize_generation_data,196,9,0.023,NA
198,34,double-letters,tourney,FALSE,10,elitize_generation_data,197,11,0.027,NA
199,34,double-letters,tourney,FALSE,10,elitize_generation_data,198,9,0.023,NA
200,34,double-letters,tourney,FALSE,10,elitize_generation_data,199,8,0.023,NA
201,34,double-letters,tourney,FALSE,10,elitize_generation_data,200,10,0.029,NA
202,34,double-letters,tourney,FALSE,10,elitize_generation_data,201,7,0.024,NA
203,34,double-letters,tourney,FALSE,10,elitize_generation_data,202,10,0.03,NA
204,34,double-letters,tourney,FALSE,10,elitize_generation_data,203,11,0.029,NA
205,34,double-letters,tourney,FALSE,10,elitize_generation_data,204,12,0.041,NA
206,34,double-letters,tourney,FALSE,10,elitize_generation_data,205,10,0.03,NA
207,34,double-letters,tourney,FALSE,10,elitize_generation_data,206,10,0.027,NA
208,34,double-letters,tourney,FALSE,10,elitize_generation_data,207,8,0.028,NA
209,34,double-letters,tourney,FALSE,10,elitize_generation_data,208,10,0.031,NA
210,34,double-letters,tourney,FALSE,10,elitize_generation_data,209,9,0.026,NA
211,34,double-letters,tourney,FALSE,10,elitize_generation_data,210,11,0.028,NA
212,34,double-letters,tourney,FALSE,10,elitize_generation_data,211,11,0.026,NA
213,34,double-letters,tourney,FALSE,10,elitize_generation_data,212,10,0.03,NA
214,34,double-letters,tourney,FALSE,10,elitize_generation_data,213,10,0.025,NA
215,34,double-letters,tourney,FALSE,10,elitize_generation_data,214,9,0.028,NA
216,34,double-letters,tourney,FALSE,10,elitize_generation_data,215,10,0.034,NA
217,34,double-letters,tourney,FALSE,10,elitize_generation_data,216,10,0.025,NA
218,34,double-letters,tourney,FALSE,10,elitize_generation_data,217,9,0.023,NA
219,34,double-letters,tourney,FALSE,10,elitize_generation_data,218,12,0.025,NA
220,34,double-letters,tourney,FALSE,10,elitize_generation_data,219,8,0.026,NA
221,34,double-letters,tourney,FALSE,10,elitize_generation_data,220,9,0.02,NA
222,34,double-letters,tourney,FALSE,10,elitize_generation_data,221,10,0.024,NA
223,34,double-letters,tourney,FALSE,10,elitize_generation_data,222,8,0.022,NA
224,34,double-letters,tourney,FALSE,10,elitize_generation_data,223,9,0.029,NA
225,34,double-letters,tourney,FALSE,10,elitize_generation_data,224,10,0.02,NA
226,34,double-letters,tourney,FALSE,10,elitize_generation_data,225,8,0.028,NA
227,34,double-letters,tourney,FALSE,10,elitize_generation_data,226,8,0.025,NA
228,34,double-letters,tourney,FALSE,10,elitize_generation_data,227,11,0.028,NA
229,34,double-letters,tourney,FALSE,10,elitize_generation_data,228,10,0.03,NA
230,34,double-letters,tourney,FALSE,10,elitize_generation_data,229,11,0.028,NA
231,34,double-letters,tourney,FALSE,10,elitize_generation_data,230,10,0.029,NA
232,34,double-letters,tourney,FALSE,10,elitize_generation_data,231,12,0.028,NA
233,34,double-letters,tourney,FALSE,10,elitize_generation_data,232,7,0.021,NA
234,34,double-letters,tourney,FALSE,10,elitize_generation_data,233,7,0.026,NA
235,34,double-letters,tourney,FALSE,10,elitize_generation_data,234,8,0.02,NA
236,34,double-letters,tourney,FALSE,10,elitize_generation_data,235,10,0.025,NA
237,34,double-letters,tourney,FALSE,10,elitize_generation_data,236,10,0.021,NA
238,34,double-letters,tourney,FALSE,10,elitize_generation_data,237,9,0.025,NA
239,34,double-letters,tourney,FALSE,10,elitize_generation_data,238,9,0.026,NA
240,34,double-letters,tourney,FALSE,10,elitize_generation_data,239,10,0.029,NA
241,34,double-letters,tourney,FALSE,10,elitize_generation_data,240,7,0.022,NA
242,34,double-letters,tourney,FALSE,10,elitize_generation_data,241,8,0.021,NA
243,34,double-letters,tourney,FALSE,10,elitize_generation_data,242,6,0.028,NA
244,34,double-letters,tourney,FALSE,10,elitize_generation_data,243,8,0.022,NA
245,34,double-letters,tourney,FALSE,10,elitize_generation_data,244,9,0.027,NA
246,34,double-letters,tourney,FALSE,10,elitize_generation_data,245,8,0.022,NA
247,34,double-letters,tourney,FALSE,10,elitize_generation_data,246,12,0.033,NA
248,34,double-letters,tourney,FALSE,10,elitize_generation_data,247,11,0.026,NA
249,34,double-letters,tourney,FALSE,10,elitize_generation_data,248,9,0.031,NA
250,34,double-letters,tourney,FALSE,10,elitize_generation_data,249,8,0.02,NA
251,34,double-letters,tourney,FALSE,10,elitize_generation_data,250,8,0.024,NA
252,34,double-letters,tourney,FALSE,10,elitize_generation_data,251,9,0.029,NA
253,34,double-letters,tourney,FALSE,10,elitize_generation_data,252,9,0.028,NA
254,34,double-letters,tourney,FALSE,10,elitize_generation_data,253,8,0.026,NA
255,34,double-letters,tourney,FALSE,10,elitize_generation_data,254,8,0.021,NA
256,34,double-letters,tourney,FALSE,10,elitize_generation_data,255,9,0.026,NA
257,34,double-letters,tourney,FALSE,10,elitize_generation_data,256,12,0.029,NA
258,34,double-letters,tourney,FALSE,10,elitize_generation_data,257,7,0.019,NA
259,34,double-letters,tourney,FALSE,10,elitize_generation_data,258,9,0.027,NA
260,34,double-letters,tourney,FALSE,10,elitize_generation_data,259,11,0.026,NA
261,34,double-letters,tourney,FALSE,10,elitize_generation_data,260,10,0.027,NA
262,34,double-letters,tourney,FALSE,10,elitize_generation_data,261,6,0.027,NA
263,34,double-letters,tourney,FALSE,10,elitize_generation_data,262,6,0.022,NA
264,34,double-letters,tourney,FALSE,10,elitize_generation_data,263,10,0.028,NA
265,34,double-letters,tourney,FALSE,10,elitize_generation_data,264,9,0.021,NA
266,34,double-letters,tourney,FALSE,10,elitize_generation_data,265,7,0.022,NA
267,34,double-letters,tourney,FALSE,10,elitize_generation_data,266,7,0.027,NA
268,34,double-letters,tourney,FALSE,10,elitize_generation_data,267,7,0.027,NA
269,34,double-letters,tourney,FALSE,10,elitize_generation_data,268,10,0.021,NA
270,34,double-letters,tourney,FALSE,10,elitize_generation_data,269,9,0.026,NA
271,34,double-letters,tourney,FALSE,10,elitize_generation_data,270,8,0.032,NA
272,34,double-letters,tourney,FALSE,10,elitize_generation_data,271,10,0.027,NA
273,34,double-letters,tourney,FALSE,10,elitize_generation_data,272,7,0.025,NA
274,34,double-letters,tourney,FALSE,10,elitize_generation_data,273,9,0.04,NA
275,34,double-letters,tourney,FALSE,10,elitize_generation_data,274,12,0.053,NA
276,34,double-letters,tourney,FALSE,10,elitize_generation_data,275,8,0.054,NA
277,34,double-letters,tourney,FALSE,10,elitize_generation_data,276,12,0.079,NA
278,34,double-letters,tourney,FALSE,10,elitize_generation_data,277,9,0.064,NA
279,34,double-letters,tourney,FALSE,10,elitize_generation_data,278,10,0.059,NA
280,34,double-letters,tourney,FALSE,10,elitize_generation_data,279,11,0.058,NA
281,34,double-letters,tourney,FALSE,10,elitize_generation_data,280,12,0.068,NA
282,34,double-letters,tourney,FALSE,10,elitize_generation_data,281,14,0.081,NA
283,34,double-letters,tourney,FALSE,10,elitize_generation_data,282,13,0.069,NA
284,34,double-letters,tourney,FALSE,10,elitize_generation_data,283,13,0.072,NA
285,34,double-letters,tourney,FALSE,10,elitize_generation_data,284,14,0.074,NA
286,34,double-letters,tourney,FALSE,10,elitize_generation_data,285,11,0.072,NA
287,34,double-letters,tourney,FALSE,10,elitize_generation_data,286,11,0.069,NA
288,34,double-letters,tourney,FALSE,10,elitize_generation_data,287,16,0.065,NA
289,34,double-letters,tourney,FALSE,10,elitize_generation_data,288,13,0.068,NA
290,34,double-letters,tourney,FALSE,10,elitize_generation_data,289,15,0.07,NA
291,34,double-letters,tourney,FALSE,10,elitize_generation_data,290,13,0.07,NA
292,34,double-letters,tourney,FALSE,10,elitize_generation_data,291,14,0.062,NA
293,34,double-letters,tourney,FALSE,10,elitize_generation_data,292,13,0.071,NA
294,34,double-letters,tourney,FALSE,10,elitize_generation_data,293,13,0.071,NA
295,34,double-letters,tourney,FALSE,10,elitize_generation_data,294,12,0.068,NA
296,34,double-letters,tourney,FALSE,10,elitize_generation_data,295,13,0.076,NA
297,34,double-letters,tourney,FALSE,10,elitize_generation_data,296,12,0.066,NA
298,34,double-letters,tourney,FALSE,10,elitize_generation_data,297,13,0.075,NA
299,34,double-letters,tourney,FALSE,10,elitize_generation_data,298,16,0.07,NA
300,34,double-letters,tourney,FALSE,10,elitize_generation_data,299,12,0.067,NA
301,34,double-letters,tourney,FALSE,10,elitize_generation_data,300,15,0.068,NA
