,run.num,problem,treatment,succeeded,height,normalization.function,generation,cluster.count,error.diversity,success.generation
1,78,double-letters,tourney,FALSE,10,elitize_generation_data,0,5,0.379,NA
2,78,double-letters,tourney,FALSE,10,elitize_generation_data,1,6,0.16,NA
3,78,double-letters,tourney,FALSE,10,elitize_generation_data,2,6,0.194,NA
4,78,double-letters,tourney,FALSE,10,elitize_generation_data,3,7,0.121,NA
5,78,double-letters,tourney,FALSE,10,elitize_generation_data,4,6,0.032,NA
6,78,double-letters,tourney,FALSE,10,elitize_generation_data,5,5,0.038,NA
7,78,double-letters,tourney,FALSE,10,elitize_generation_data,6,8,0.041,NA
8,78,double-letters,tourney,FALSE,10,elitize_generation_data,7,7,0.042,NA
9,78,double-letters,tourney,FALSE,10,elitize_generation_data,8,6,0.036,NA
10,78,double-letters,tourney,FALSE,10,elitize_generation_data,9,7,0.035,NA
11,78,double-letters,tourney,FALSE,10,elitize_generation_data,10,6,0.023,NA
12,78,double-letters,tourney,FALSE,10,elitize_generation_data,11,6,0.034,NA
13,78,double-letters,tourney,FALSE,10,elitize_generation_data,12,6,0.025,NA
14,78,double-letters,tourney,FALSE,10,elitize_generation_data,13,7,0.032,NA
15,78,double-letters,tourney,FALSE,10,elitize_generation_data,14,6,0.031,NA
16,78,double-letters,tourney,FALSE,10,elitize_generation_data,15,6,0.028,NA
17,78,double-letters,tourney,FALSE,10,elitize_generation_data,16,7,0.037,NA
18,78,double-letters,tourney,FALSE,10,elitize_generation_data,17,6,0.028,NA
19,78,double-letters,tourney,FALSE,10,elitize_generation_data,18,6,0.028,NA
20,78,double-letters,tourney,FALSE,10,elitize_generation_data,19,7,0.021,NA
21,78,double-letters,tourney,FALSE,10,elitize_generation_data,20,6,0.03,NA
22,78,double-letters,tourney,FALSE,10,elitize_generation_data,21,6,0.025,NA
23,78,double-letters,tourney,FALSE,10,elitize_generation_data,22,6,0.015,NA
24,78,double-letters,tourney,FALSE,10,elitize_generation_data,23,6,0.03,NA
25,78,double-letters,tourney,FALSE,10,elitize_generation_data,24,5,0.01,NA
26,78,double-letters,tourney,FALSE,10,elitize_generation_data,25,6,0.025,NA
27,78,double-letters,tourney,FALSE,10,elitize_generation_data,26,6,0.016,NA
28,78,double-letters,tourney,FALSE,10,elitize_generation_data,27,6,0.017,NA
29,78,double-letters,tourney,FALSE,10,elitize_generation_data,28,7,0.018,NA
30,78,double-letters,tourney,FALSE,10,elitize_generation_data,29,6,0.018,NA
31,78,double-letters,tourney,FALSE,10,elitize_generation_data,30,6,0.016,NA
32,78,double-letters,tourney,FALSE,10,elitize_generation_data,31,5,0.016,NA
33,78,double-letters,tourney,FALSE,10,elitize_generation_data,32,5,0.015,NA
34,78,double-letters,tourney,FALSE,10,elitize_generation_data,33,5,0.014,NA
35,78,double-letters,tourney,FALSE,10,elitize_generation_data,34,6,0.013,NA
36,78,double-letters,tourney,FALSE,10,elitize_generation_data,35,6,0.013,NA
37,78,double-letters,tourney,FALSE,10,elitize_generation_data,36,6,0.018,NA
38,78,double-letters,tourney,FALSE,10,elitize_generation_data,37,5,0.017,NA
39,78,double-letters,tourney,FALSE,10,elitize_generation_data,38,5,0.017,NA
40,78,double-letters,tourney,FALSE,10,elitize_generation_data,39,6,0.016,NA
41,78,double-letters,tourney,FALSE,10,elitize_generation_data,40,7,0.019,NA
42,78,double-letters,tourney,FALSE,10,elitize_generation_data,41,6,0.019,NA
43,78,double-letters,tourney,FALSE,10,elitize_generation_data,42,4,0.012,NA
44,78,double-letters,tourney,FALSE,10,elitize_generation_data,43,6,0.011,NA
45,78,double-letters,tourney,FALSE,10,elitize_generation_data,44,6,0.013,NA
46,78,double-letters,tourney,FALSE,10,elitize_generation_data,45,5,0.014,NA
47,78,double-letters,tourney,FALSE,10,elitize_generation_data,46,5,0.012,NA
48,78,double-letters,tourney,FALSE,10,elitize_generation_data,47,5,0.012,NA
49,78,double-letters,tourney,FALSE,10,elitize_generation_data,48,6,0.01,NA
50,78,double-letters,tourney,FALSE,10,elitize_generation_data,49,6,0.016,NA
51,78,double-letters,tourney,FALSE,10,elitize_generation_data,50,4,0.015,NA
52,78,double-letters,tourney,FALSE,10,elitize_generation_data,51,6,0.015,NA
53,78,double-letters,tourney,FALSE,10,elitize_generation_data,52,6,0.014,NA
54,78,double-letters,tourney,FALSE,10,elitize_generation_data,53,7,0.019,NA
55,78,double-letters,tourney,FALSE,10,elitize_generation_data,54,9,0.018,NA
56,78,double-letters,tourney,FALSE,10,elitize_generation_data,55,8,0.024,NA
57,78,double-letters,tourney,FALSE,10,elitize_generation_data,56,10,0.031,NA
58,78,double-letters,tourney,FALSE,10,elitize_generation_data,57,13,0.038,NA
59,78,double-letters,tourney,FALSE,10,elitize_generation_data,58,13,0.063,NA
60,78,double-letters,tourney,FALSE,10,elitize_generation_data,59,14,0.059,NA
61,78,double-letters,tourney,FALSE,10,elitize_generation_data,60,16,0.074,NA
62,78,double-letters,tourney,FALSE,10,elitize_generation_data,61,13,0.076,NA
63,78,double-letters,tourney,FALSE,10,elitize_generation_data,62,16,0.067,NA
64,78,double-letters,tourney,FALSE,10,elitize_generation_data,63,14,0.072,NA
65,78,double-letters,tourney,FALSE,10,elitize_generation_data,64,14,0.055,NA
66,78,double-letters,tourney,FALSE,10,elitize_generation_data,65,14,0.04,NA
67,78,double-letters,tourney,FALSE,10,elitize_generation_data,66,13,0.042,NA
68,78,double-letters,tourney,FALSE,10,elitize_generation_data,67,15,0.058,NA
69,78,double-letters,tourney,FALSE,10,elitize_generation_data,68,11,0.047,NA
70,78,double-letters,tourney,FALSE,10,elitize_generation_data,69,15,0.053,NA
71,78,double-letters,tourney,FALSE,10,elitize_generation_data,70,18,0.057,NA
72,78,double-letters,tourney,FALSE,10,elitize_generation_data,71,15,0.055,NA
73,78,double-letters,tourney,FALSE,10,elitize_generation_data,72,15,0.056,NA
74,78,double-letters,tourney,FALSE,10,elitize_generation_data,73,16,0.045,NA
75,78,double-letters,tourney,FALSE,10,elitize_generation_data,74,19,0.044,NA
76,78,double-letters,tourney,FALSE,10,elitize_generation_data,75,15,0.045,NA
77,78,double-letters,tourney,FALSE,10,elitize_generation_data,76,18,0.042,NA
78,78,double-letters,tourney,FALSE,10,elitize_generation_data,77,18,0.048,NA
79,78,double-letters,tourney,FALSE,10,elitize_generation_data,78,12,0.053,NA
80,78,double-letters,tourney,FALSE,10,elitize_generation_data,79,16,0.054,NA
81,78,double-letters,tourney,FALSE,10,elitize_generation_data,80,21,0.061,NA
82,78,double-letters,tourney,FALSE,10,elitize_generation_data,81,19,0.054,NA
83,78,double-letters,tourney,FALSE,10,elitize_generation_data,82,18,0.056,NA
84,78,double-letters,tourney,FALSE,10,elitize_generation_data,83,18,0.055,NA
85,78,double-letters,tourney,FALSE,10,elitize_generation_data,84,17,0.06,NA
86,78,double-letters,tourney,FALSE,10,elitize_generation_data,85,20,0.058,NA
87,78,double-letters,tourney,FALSE,10,elitize_generation_data,86,15,0.057,NA
88,78,double-letters,tourney,FALSE,10,elitize_generation_data,87,18,0.066,NA
89,78,double-letters,tourney,FALSE,10,elitize_generation_data,88,18,0.061,NA
90,78,double-letters,tourney,FALSE,10,elitize_generation_data,89,16,0.067,NA
91,78,double-letters,tourney,FALSE,10,elitize_generation_data,90,16,0.063,NA
92,78,double-letters,tourney,FALSE,10,elitize_generation_data,91,17,0.056,NA
93,78,double-letters,tourney,FALSE,10,elitize_generation_data,92,18,0.072,NA
94,78,double-letters,tourney,FALSE,10,elitize_generation_data,93,15,0.064,NA
95,78,double-letters,tourney,FALSE,10,elitize_generation_data,94,22,0.068,NA
96,78,double-letters,tourney,FALSE,10,elitize_generation_data,95,18,0.065,NA
97,78,double-letters,tourney,FALSE,10,elitize_generation_data,96,17,0.052,NA
98,78,double-letters,tourney,FALSE,10,elitize_generation_data,97,16,0.06,NA
99,78,double-letters,tourney,FALSE,10,elitize_generation_data,98,20,0.061,NA
100,78,double-letters,tourney,FALSE,10,elitize_generation_data,99,16,0.062,NA
101,78,double-letters,tourney,FALSE,10,elitize_generation_data,100,19,0.06,NA
102,78,double-letters,tourney,FALSE,10,elitize_generation_data,101,14,0.059,NA
103,78,double-letters,tourney,FALSE,10,elitize_generation_data,102,14,0.055,NA
104,78,double-letters,tourney,FALSE,10,elitize_generation_data,103,16,0.064,NA
105,78,double-letters,tourney,FALSE,10,elitize_generation_data,104,16,0.067,NA
106,78,double-letters,tourney,FALSE,10,elitize_generation_data,105,15,0.06,NA
107,78,double-letters,tourney,FALSE,10,elitize_generation_data,106,18,0.054,NA
108,78,double-letters,tourney,FALSE,10,elitize_generation_data,107,18,0.064,NA
109,78,double-letters,tourney,FALSE,10,elitize_generation_data,108,22,0.073,NA
110,78,double-letters,tourney,FALSE,10,elitize_generation_data,109,17,0.051,NA
111,78,double-letters,tourney,FALSE,10,elitize_generation_data,110,18,0.064,NA
112,78,double-letters,tourney,FALSE,10,elitize_generation_data,111,19,0.069,NA
113,78,double-letters,tourney,FALSE,10,elitize_generation_data,112,15,0.064,NA
114,78,double-letters,tourney,FALSE,10,elitize_generation_data,113,17,0.065,NA
115,78,double-letters,tourney,FALSE,10,elitize_generation_data,114,18,0.069,NA
116,78,double-letters,tourney,FALSE,10,elitize_generation_data,115,21,0.07,NA
117,78,double-letters,tourney,FALSE,10,elitize_generation_data,116,19,0.064,NA
118,78,double-letters,tourney,FALSE,10,elitize_generation_data,117,18,0.065,NA
119,78,double-letters,tourney,FALSE,10,elitize_generation_data,118,14,0.048,NA
120,78,double-letters,tourney,FALSE,10,elitize_generation_data,119,16,0.055,NA
121,78,double-letters,tourney,FALSE,10,elitize_generation_data,120,15,0.066,NA
122,78,double-letters,tourney,FALSE,10,elitize_generation_data,121,16,0.06,NA
123,78,double-letters,tourney,FALSE,10,elitize_generation_data,122,14,0.056,NA
124,78,double-letters,tourney,FALSE,10,elitize_generation_data,123,13,0.062,NA
125,78,double-letters,tourney,FALSE,10,elitize_generation_data,124,14,0.049,NA
126,78,double-letters,tourney,FALSE,10,elitize_generation_data,125,17,0.07,NA
127,78,double-letters,tourney,FALSE,10,elitize_generation_data,126,14,0.057,NA
128,78,double-letters,tourney,FALSE,10,elitize_generation_data,127,18,0.059,NA
129,78,double-letters,tourney,FALSE,10,elitize_generation_data,128,14,0.059,NA
130,78,double-letters,tourney,FALSE,10,elitize_generation_data,129,16,0.051,NA
131,78,double-letters,tourney,FALSE,10,elitize_generation_data,130,19,0.059,NA
132,78,double-letters,tourney,FALSE,10,elitize_generation_data,131,12,0.057,NA
133,78,double-letters,tourney,FALSE,10,elitize_generation_data,132,15,0.052,NA
134,78,double-letters,tourney,FALSE,10,elitize_generation_data,133,19,0.055,NA
135,78,double-letters,tourney,FALSE,10,elitize_generation_data,134,13,0.067,NA
136,78,double-letters,tourney,FALSE,10,elitize_generation_data,135,19,0.068,NA
137,78,double-letters,tourney,FALSE,10,elitize_generation_data,136,12,0.061,NA
138,78,double-letters,tourney,FALSE,10,elitize_generation_data,137,19,0.068,NA
139,78,double-letters,tourney,FALSE,10,elitize_generation_data,138,19,0.096,NA
140,78,double-letters,tourney,FALSE,10,elitize_generation_data,139,26,0.116,NA
141,78,double-letters,tourney,FALSE,10,elitize_generation_data,140,12,0.143,NA
142,78,double-letters,tourney,FALSE,10,elitize_generation_data,141,14,0.169,NA
143,78,double-letters,tourney,FALSE,10,elitize_generation_data,142,16,0.207,NA
144,78,double-letters,tourney,FALSE,10,elitize_generation_data,143,21,0.262,NA
145,78,double-letters,tourney,FALSE,10,elitize_generation_data,144,21,0.247,NA
146,78,double-letters,tourney,FALSE,10,elitize_generation_data,145,24,0.282,NA
147,78,double-letters,tourney,FALSE,10,elitize_generation_data,146,23,0.307,NA
148,78,double-letters,tourney,FALSE,10,elitize_generation_data,147,28,0.287,NA
149,78,double-letters,tourney,FALSE,10,elitize_generation_data,148,26,0.276,NA
150,78,double-letters,tourney,FALSE,10,elitize_generation_data,149,26,0.329,NA
151,78,double-letters,tourney,FALSE,10,elitize_generation_data,150,31,0.39,NA
152,78,double-letters,tourney,FALSE,10,elitize_generation_data,151,30,0.407,NA
153,78,double-letters,tourney,FALSE,10,elitize_generation_data,152,31,0.332,NA
154,78,double-letters,tourney,FALSE,10,elitize_generation_data,153,29,0.309,NA
155,78,double-letters,tourney,FALSE,10,elitize_generation_data,154,27,0.314,NA
156,78,double-letters,tourney,FALSE,10,elitize_generation_data,155,31,0.299,NA
157,78,double-letters,tourney,FALSE,10,elitize_generation_data,156,29,0.256,NA
158,78,double-letters,tourney,FALSE,10,elitize_generation_data,157,24,0.251,NA
159,78,double-letters,tourney,FALSE,10,elitize_generation_data,158,29,0.287,NA
160,78,double-letters,tourney,FALSE,10,elitize_generation_data,159,23,0.291,NA
161,78,double-letters,tourney,FALSE,10,elitize_generation_data,160,23,0.292,NA
162,78,double-letters,tourney,FALSE,10,elitize_generation_data,161,26,0.309,NA
163,78,double-letters,tourney,FALSE,10,elitize_generation_data,162,26,0.303,NA
164,78,double-letters,tourney,FALSE,10,elitize_generation_data,163,26,0.339,NA
165,78,double-letters,tourney,FALSE,10,elitize_generation_data,164,27,0.321,NA
166,78,double-letters,tourney,FALSE,10,elitize_generation_data,165,30,0.286,NA
167,78,double-letters,tourney,FALSE,10,elitize_generation_data,166,25,0.248,NA
168,78,double-letters,tourney,FALSE,10,elitize_generation_data,167,28,0.267,NA
169,78,double-letters,tourney,FALSE,10,elitize_generation_data,168,23,0.299,NA
170,78,double-letters,tourney,FALSE,10,elitize_generation_data,169,22,0.253,NA
171,78,double-letters,tourney,FALSE,10,elitize_generation_data,170,24,0.247,NA
172,78,double-letters,tourney,FALSE,10,elitize_generation_data,171,25,0.292,NA
173,78,double-letters,tourney,FALSE,10,elitize_generation_data,172,32,0.255,NA
174,78,double-letters,tourney,FALSE,10,elitize_generation_data,173,26,0.218,NA
175,78,double-letters,tourney,FALSE,10,elitize_generation_data,174,32,0.259,NA
176,78,double-letters,tourney,FALSE,10,elitize_generation_data,175,33,0.28,NA
177,78,double-letters,tourney,FALSE,10,elitize_generation_data,176,37,0.309,NA
178,78,double-letters,tourney,FALSE,10,elitize_generation_data,177,40,0.321,NA
179,78,double-letters,tourney,FALSE,10,elitize_generation_data,178,39,0.279,NA
180,78,double-letters,tourney,FALSE,10,elitize_generation_data,179,34,0.302,NA
181,78,double-letters,tourney,FALSE,10,elitize_generation_data,180,33,0.299,NA
182,78,double-letters,tourney,FALSE,10,elitize_generation_data,181,41,0.302,NA
183,78,double-letters,tourney,FALSE,10,elitize_generation_data,182,35,0.316,NA
184,78,double-letters,tourney,FALSE,10,elitize_generation_data,183,32,0.275,NA
185,78,double-letters,tourney,FALSE,10,elitize_generation_data,184,37,0.314,NA
186,78,double-letters,tourney,FALSE,10,elitize_generation_data,185,30,0.306,NA
187,78,double-letters,tourney,FALSE,10,elitize_generation_data,186,34,0.294,NA
188,78,double-letters,tourney,FALSE,10,elitize_generation_data,187,37,0.363,NA
189,78,double-letters,tourney,FALSE,10,elitize_generation_data,188,38,0.394,NA
190,78,double-letters,tourney,FALSE,10,elitize_generation_data,189,40,0.369,NA
191,78,double-letters,tourney,FALSE,10,elitize_generation_data,190,35,0.38,NA
192,78,double-letters,tourney,FALSE,10,elitize_generation_data,191,34,0.389,NA
193,78,double-letters,tourney,FALSE,10,elitize_generation_data,192,42,0.378,NA
194,78,double-letters,tourney,FALSE,10,elitize_generation_data,193,30,0.386,NA
195,78,double-letters,tourney,FALSE,10,elitize_generation_data,194,40,0.393,NA
196,78,double-letters,tourney,FALSE,10,elitize_generation_data,195,42,0.411,NA
197,78,double-letters,tourney,FALSE,10,elitize_generation_data,196,39,0.412,NA
198,78,double-letters,tourney,FALSE,10,elitize_generation_data,197,38,0.399,NA
199,78,double-letters,tourney,FALSE,10,elitize_generation_data,198,39,0.425,NA
200,78,double-letters,tourney,FALSE,10,elitize_generation_data,199,38,0.394,NA
201,78,double-letters,tourney,FALSE,10,elitize_generation_data,200,32,0.39,NA
202,78,double-letters,tourney,FALSE,10,elitize_generation_data,201,30,0.394,NA
203,78,double-letters,tourney,FALSE,10,elitize_generation_data,202,37,0.395,NA
204,78,double-letters,tourney,FALSE,10,elitize_generation_data,203,39,0.432,NA
205,78,double-letters,tourney,FALSE,10,elitize_generation_data,204,40,0.393,NA
206,78,double-letters,tourney,FALSE,10,elitize_generation_data,205,37,0.387,NA
207,78,double-letters,tourney,FALSE,10,elitize_generation_data,206,27,0.406,NA
208,78,double-letters,tourney,FALSE,10,elitize_generation_data,207,33,0.427,NA
209,78,double-letters,tourney,FALSE,10,elitize_generation_data,208,35,0.423,NA
210,78,double-letters,tourney,FALSE,10,elitize_generation_data,209,37,0.413,NA
211,78,double-letters,tourney,FALSE,10,elitize_generation_data,210,37,0.421,NA
212,78,double-letters,tourney,FALSE,10,elitize_generation_data,211,42,0.411,NA
213,78,double-letters,tourney,FALSE,10,elitize_generation_data,212,39,0.426,NA
214,78,double-letters,tourney,FALSE,10,elitize_generation_data,213,39,0.42,NA
215,78,double-letters,tourney,FALSE,10,elitize_generation_data,214,37,0.429,NA
216,78,double-letters,tourney,FALSE,10,elitize_generation_data,215,38,0.399,NA
217,78,double-letters,tourney,FALSE,10,elitize_generation_data,216,38,0.425,NA
218,78,double-letters,tourney,FALSE,10,elitize_generation_data,217,37,0.382,NA
219,78,double-letters,tourney,FALSE,10,elitize_generation_data,218,41,0.437,NA
220,78,double-letters,tourney,FALSE,10,elitize_generation_data,219,38,0.392,NA
221,78,double-letters,tourney,FALSE,10,elitize_generation_data,220,36,0.393,NA
222,78,double-letters,tourney,FALSE,10,elitize_generation_data,221,34,0.405,NA
223,78,double-letters,tourney,FALSE,10,elitize_generation_data,222,34,0.428,NA
224,78,double-letters,tourney,FALSE,10,elitize_generation_data,223,34,0.425,NA
225,78,double-letters,tourney,FALSE,10,elitize_generation_data,224,34,0.427,NA
226,78,double-letters,tourney,FALSE,10,elitize_generation_data,225,35,0.428,NA
227,78,double-letters,tourney,FALSE,10,elitize_generation_data,226,37,0.429,NA
228,78,double-letters,tourney,FALSE,10,elitize_generation_data,227,42,0.45,NA
229,78,double-letters,tourney,FALSE,10,elitize_generation_data,228,38,0.415,NA
230,78,double-letters,tourney,FALSE,10,elitize_generation_data,229,36,0.43,NA
231,78,double-letters,tourney,FALSE,10,elitize_generation_data,230,33,0.434,NA
232,78,double-letters,tourney,FALSE,10,elitize_generation_data,231,37,0.416,NA
233,78,double-letters,tourney,FALSE,10,elitize_generation_data,232,37,0.412,NA
234,78,double-letters,tourney,FALSE,10,elitize_generation_data,233,37,0.408,NA
235,78,double-letters,tourney,FALSE,10,elitize_generation_data,234,36,0.441,NA
236,78,double-letters,tourney,FALSE,10,elitize_generation_data,235,31,0.43,NA
237,78,double-letters,tourney,FALSE,10,elitize_generation_data,236,38,0.43,NA
238,78,double-letters,tourney,FALSE,10,elitize_generation_data,237,38,0.402,NA
239,78,double-letters,tourney,FALSE,10,elitize_generation_data,238,40,0.448,NA
240,78,double-letters,tourney,FALSE,10,elitize_generation_data,239,40,0.427,NA
241,78,double-letters,tourney,FALSE,10,elitize_generation_data,240,31,0.425,NA
242,78,double-letters,tourney,FALSE,10,elitize_generation_data,241,39,0.418,NA
243,78,double-letters,tourney,FALSE,10,elitize_generation_data,242,34,0.39,NA
244,78,double-letters,tourney,FALSE,10,elitize_generation_data,243,33,0.396,NA
245,78,double-letters,tourney,FALSE,10,elitize_generation_data,244,33,0.396,NA
246,78,double-letters,tourney,FALSE,10,elitize_generation_data,245,38,0.401,NA
247,78,double-letters,tourney,FALSE,10,elitize_generation_data,246,33,0.396,NA
248,78,double-letters,tourney,FALSE,10,elitize_generation_data,247,41,0.389,NA
249,78,double-letters,tourney,FALSE,10,elitize_generation_data,248,39,0.384,NA
250,78,double-letters,tourney,FALSE,10,elitize_generation_data,249,38,0.405,NA
251,78,double-letters,tourney,FALSE,10,elitize_generation_data,250,27,0.402,NA
252,78,double-letters,tourney,FALSE,10,elitize_generation_data,251,37,0.385,NA
253,78,double-letters,tourney,FALSE,10,elitize_generation_data,252,38,0.402,NA
254,78,double-letters,tourney,FALSE,10,elitize_generation_data,253,39,0.371,NA
255,78,double-letters,tourney,FALSE,10,elitize_generation_data,254,34,0.394,NA
256,78,double-letters,tourney,FALSE,10,elitize_generation_data,255,37,0.37,NA
257,78,double-letters,tourney,FALSE,10,elitize_generation_data,256,36,0.378,NA
258,78,double-letters,tourney,FALSE,10,elitize_generation_data,257,32,0.382,NA
259,78,double-letters,tourney,FALSE,10,elitize_generation_data,258,33,0.404,NA
260,78,double-letters,tourney,FALSE,10,elitize_generation_data,259,39,0.387,NA
261,78,double-letters,tourney,FALSE,10,elitize_generation_data,260,26,0.333,NA
262,78,double-letters,tourney,FALSE,10,elitize_generation_data,261,25,0.3,NA
263,78,double-letters,tourney,FALSE,10,elitize_generation_data,262,36,0.315,NA
264,78,double-letters,tourney,FALSE,10,elitize_generation_data,263,30,0.304,NA
265,78,double-letters,tourney,FALSE,10,elitize_generation_data,264,31,0.332,NA
266,78,double-letters,tourney,FALSE,10,elitize_generation_data,265,29,0.337,NA
267,78,double-letters,tourney,FALSE,10,elitize_generation_data,266,27,0.325,NA
268,78,double-letters,tourney,FALSE,10,elitize_generation_data,267,32,0.318,NA
269,78,double-letters,tourney,FALSE,10,elitize_generation_data,268,32,0.318,NA
270,78,double-letters,tourney,FALSE,10,elitize_generation_data,269,29,0.33,NA
271,78,double-letters,tourney,FALSE,10,elitize_generation_data,270,31,0.324,NA
272,78,double-letters,tourney,FALSE,10,elitize_generation_data,271,32,0.361,NA
273,78,double-letters,tourney,FALSE,10,elitize_generation_data,272,31,0.345,NA
274,78,double-letters,tourney,FALSE,10,elitize_generation_data,273,25,0.324,NA
275,78,double-letters,tourney,FALSE,10,elitize_generation_data,274,27,0.344,NA
276,78,double-letters,tourney,FALSE,10,elitize_generation_data,275,30,0.35,NA
277,78,double-letters,tourney,FALSE,10,elitize_generation_data,276,32,0.323,NA
278,78,double-letters,tourney,FALSE,10,elitize_generation_data,277,35,0.328,NA
279,78,double-letters,tourney,FALSE,10,elitize_generation_data,278,42,0.339,NA
280,78,double-letters,tourney,FALSE,10,elitize_generation_data,279,35,0.338,NA
281,78,double-letters,tourney,FALSE,10,elitize_generation_data,280,34,0.324,NA
282,78,double-letters,tourney,FALSE,10,elitize_generation_data,281,31,0.358,NA
283,78,double-letters,tourney,FALSE,10,elitize_generation_data,282,36,0.332,NA
284,78,double-letters,tourney,FALSE,10,elitize_generation_data,283,32,0.333,NA
285,78,double-letters,tourney,FALSE,10,elitize_generation_data,284,32,0.339,NA
286,78,double-letters,tourney,FALSE,10,elitize_generation_data,285,36,0.341,NA
287,78,double-letters,tourney,FALSE,10,elitize_generation_data,286,35,0.351,NA
288,78,double-letters,tourney,FALSE,10,elitize_generation_data,287,32,0.338,NA
289,78,double-letters,tourney,FALSE,10,elitize_generation_data,288,37,0.344,NA
290,78,double-letters,tourney,FALSE,10,elitize_generation_data,289,37,0.356,NA
291,78,double-letters,tourney,FALSE,10,elitize_generation_data,290,34,0.344,NA
292,78,double-letters,tourney,FALSE,10,elitize_generation_data,291,36,0.342,NA
293,78,double-letters,tourney,FALSE,10,elitize_generation_data,292,32,0.365,NA
294,78,double-letters,tourney,FALSE,10,elitize_generation_data,293,35,0.336,NA
295,78,double-letters,tourney,FALSE,10,elitize_generation_data,294,32,0.352,NA
296,78,double-letters,tourney,FALSE,10,elitize_generation_data,295,30,0.346,NA
297,78,double-letters,tourney,FALSE,10,elitize_generation_data,296,35,0.365,NA
298,78,double-letters,tourney,FALSE,10,elitize_generation_data,297,38,0.36,NA
299,78,double-letters,tourney,FALSE,10,elitize_generation_data,298,40,0.375,NA
300,78,double-letters,tourney,FALSE,10,elitize_generation_data,299,28,0.348,NA
301,78,double-letters,tourney,FALSE,10,elitize_generation_data,300,33,0.358,NA
