,run.num,problem,treatment,succeeded,height,normalization.function,generation,cluster.count,error.diversity,success.generation
1,54,double-letters,tourney,FALSE,10,elitize_generation_data,0,7,0.381,NA
2,54,double-letters,tourney,FALSE,10,elitize_generation_data,1,9,0.164,NA
3,54,double-letters,tourney,FALSE,10,elitize_generation_data,2,14,0.234,NA
4,54,double-letters,tourney,FALSE,10,elitize_generation_data,3,6,0.194,NA
5,54,double-letters,tourney,FALSE,10,elitize_generation_data,4,8,0.119,NA
6,54,double-letters,tourney,FALSE,10,elitize_generation_data,5,7,0.089,NA
7,54,double-letters,tourney,FALSE,10,elitize_generation_data,6,10,0.087,NA
8,54,double-letters,tourney,FALSE,10,elitize_generation_data,7,6,0.079,NA
9,54,double-letters,tourney,FALSE,10,elitize_generation_data,8,12,0.108,NA
10,54,double-letters,tourney,FALSE,10,elitize_generation_data,9,8,0.081,NA
11,54,double-letters,tourney,FALSE,10,elitize_generation_data,10,9,0.082,NA
12,54,double-letters,tourney,FALSE,10,elitize_generation_data,11,11,0.089,NA
13,54,double-letters,tourney,FALSE,10,elitize_generation_data,12,9,0.071,NA
14,54,double-letters,tourney,FALSE,10,elitize_generation_data,13,8,0.096,NA
15,54,double-letters,tourney,FALSE,10,elitize_generation_data,14,9,0.085,NA
16,54,double-letters,tourney,FALSE,10,elitize_generation_data,15,13,0.092,NA
17,54,double-letters,tourney,FALSE,10,elitize_generation_data,16,11,0.077,NA
18,54,double-letters,tourney,FALSE,10,elitize_generation_data,17,10,0.08,NA
19,54,double-letters,tourney,FALSE,10,elitize_generation_data,18,15,0.09,NA
20,54,double-letters,tourney,FALSE,10,elitize_generation_data,19,12,0.09,NA
21,54,double-letters,tourney,FALSE,10,elitize_generation_data,20,12,0.098,NA
22,54,double-letters,tourney,FALSE,10,elitize_generation_data,21,10,0.08,NA
23,54,double-letters,tourney,FALSE,10,elitize_generation_data,22,11,0.089,NA
24,54,double-letters,tourney,FALSE,10,elitize_generation_data,23,10,0.088,NA
25,54,double-letters,tourney,FALSE,10,elitize_generation_data,24,9,0.082,NA
26,54,double-letters,tourney,FALSE,10,elitize_generation_data,25,13,0.096,NA
27,54,double-letters,tourney,FALSE,10,elitize_generation_data,26,12,0.087,NA
28,54,double-letters,tourney,FALSE,10,elitize_generation_data,27,14,0.087,NA
29,54,double-letters,tourney,FALSE,10,elitize_generation_data,28,10,0.089,NA
30,54,double-letters,tourney,FALSE,10,elitize_generation_data,29,11,0.079,NA
31,54,double-letters,tourney,FALSE,10,elitize_generation_data,30,10,0.085,NA
32,54,double-letters,tourney,FALSE,10,elitize_generation_data,31,11,0.095,NA
33,54,double-letters,tourney,FALSE,10,elitize_generation_data,32,12,0.084,NA
34,54,double-letters,tourney,FALSE,10,elitize_generation_data,33,8,0.077,NA
35,54,double-letters,tourney,FALSE,10,elitize_generation_data,34,12,0.087,NA
36,54,double-letters,tourney,FALSE,10,elitize_generation_data,35,9,0.087,NA
37,54,double-letters,tourney,FALSE,10,elitize_generation_data,36,9,0.085,NA
38,54,double-letters,tourney,FALSE,10,elitize_generation_data,37,7,0.093,NA
39,54,double-letters,tourney,FALSE,10,elitize_generation_data,38,8,0.093,NA
40,54,double-letters,tourney,FALSE,10,elitize_generation_data,39,6,0.12,NA
41,54,double-letters,tourney,FALSE,10,elitize_generation_data,40,11,0.108,NA
42,54,double-letters,tourney,FALSE,10,elitize_generation_data,41,8,0.094,NA
43,54,double-letters,tourney,FALSE,10,elitize_generation_data,42,8,0.11,NA
44,54,double-letters,tourney,FALSE,10,elitize_generation_data,43,10,0.104,NA
45,54,double-letters,tourney,FALSE,10,elitize_generation_data,44,10,0.121,NA
46,54,double-letters,tourney,FALSE,10,elitize_generation_data,45,15,0.121,NA
47,54,double-letters,tourney,FALSE,10,elitize_generation_data,46,14,0.144,NA
48,54,double-letters,tourney,FALSE,10,elitize_generation_data,47,15,0.119,NA
49,54,double-letters,tourney,FALSE,10,elitize_generation_data,48,13,0.129,NA
50,54,double-letters,tourney,FALSE,10,elitize_generation_data,49,13,0.11,NA
51,54,double-letters,tourney,FALSE,10,elitize_generation_data,50,10,0.109,NA
52,54,double-letters,tourney,FALSE,10,elitize_generation_data,51,15,0.114,NA
53,54,double-letters,tourney,FALSE,10,elitize_generation_data,52,14,0.143,NA
54,54,double-letters,tourney,FALSE,10,elitize_generation_data,53,12,0.118,NA
55,54,double-letters,tourney,FALSE,10,elitize_generation_data,54,11,0.12,NA
56,54,double-letters,tourney,FALSE,10,elitize_generation_data,55,14,0.124,NA
57,54,double-letters,tourney,FALSE,10,elitize_generation_data,56,12,0.119,NA
58,54,double-letters,tourney,FALSE,10,elitize_generation_data,57,13,0.118,NA
59,54,double-letters,tourney,FALSE,10,elitize_generation_data,58,13,0.111,NA
60,54,double-letters,tourney,FALSE,10,elitize_generation_data,59,9,0.109,NA
61,54,double-letters,tourney,FALSE,10,elitize_generation_data,60,8,0.113,NA
62,54,double-letters,tourney,FALSE,10,elitize_generation_data,61,11,0.123,NA
63,54,double-letters,tourney,FALSE,10,elitize_generation_data,62,12,0.118,NA
64,54,double-letters,tourney,FALSE,10,elitize_generation_data,63,12,0.125,NA
65,54,double-letters,tourney,FALSE,10,elitize_generation_data,64,12,0.125,NA
66,54,double-letters,tourney,FALSE,10,elitize_generation_data,65,13,0.124,NA
67,54,double-letters,tourney,FALSE,10,elitize_generation_data,66,12,0.12,NA
68,54,double-letters,tourney,FALSE,10,elitize_generation_data,67,13,0.114,NA
69,54,double-letters,tourney,FALSE,10,elitize_generation_data,68,14,0.139,NA
70,54,double-letters,tourney,FALSE,10,elitize_generation_data,69,11,0.138,NA
71,54,double-letters,tourney,FALSE,10,elitize_generation_data,70,13,0.108,NA
72,54,double-letters,tourney,FALSE,10,elitize_generation_data,71,11,0.128,NA
73,54,double-letters,tourney,FALSE,10,elitize_generation_data,72,14,0.134,NA
74,54,double-letters,tourney,FALSE,10,elitize_generation_data,73,9,0.122,NA
75,54,double-letters,tourney,FALSE,10,elitize_generation_data,74,16,0.119,NA
76,54,double-letters,tourney,FALSE,10,elitize_generation_data,75,13,0.129,NA
77,54,double-letters,tourney,FALSE,10,elitize_generation_data,76,14,0.124,NA
78,54,double-letters,tourney,FALSE,10,elitize_generation_data,77,10,0.123,NA
79,54,double-letters,tourney,FALSE,10,elitize_generation_data,78,14,0.139,NA
80,54,double-letters,tourney,FALSE,10,elitize_generation_data,79,16,0.16,NA
81,54,double-letters,tourney,FALSE,10,elitize_generation_data,80,13,0.124,NA
82,54,double-letters,tourney,FALSE,10,elitize_generation_data,81,11,0.125,NA
83,54,double-letters,tourney,FALSE,10,elitize_generation_data,82,11,0.141,NA
84,54,double-letters,tourney,FALSE,10,elitize_generation_data,83,10,0.136,NA
85,54,double-letters,tourney,FALSE,10,elitize_generation_data,84,14,0.138,NA
86,54,double-letters,tourney,FALSE,10,elitize_generation_data,85,15,0.155,NA
87,54,double-letters,tourney,FALSE,10,elitize_generation_data,86,17,0.135,NA
88,54,double-letters,tourney,FALSE,10,elitize_generation_data,87,13,0.146,NA
89,54,double-letters,tourney,FALSE,10,elitize_generation_data,88,13,0.15,NA
90,54,double-letters,tourney,FALSE,10,elitize_generation_data,89,14,0.134,NA
91,54,double-letters,tourney,FALSE,10,elitize_generation_data,90,14,0.135,NA
92,54,double-letters,tourney,FALSE,10,elitize_generation_data,91,17,0.14,NA
93,54,double-letters,tourney,FALSE,10,elitize_generation_data,92,13,0.144,NA
94,54,double-letters,tourney,FALSE,10,elitize_generation_data,93,13,0.151,NA
95,54,double-letters,tourney,FALSE,10,elitize_generation_data,94,17,0.139,NA
96,54,double-letters,tourney,FALSE,10,elitize_generation_data,95,13,0.161,NA
97,54,double-letters,tourney,FALSE,10,elitize_generation_data,96,12,0.144,NA
98,54,double-letters,tourney,FALSE,10,elitize_generation_data,97,18,0.148,NA
99,54,double-letters,tourney,FALSE,10,elitize_generation_data,98,14,0.144,NA
100,54,double-letters,tourney,FALSE,10,elitize_generation_data,99,15,0.146,NA
101,54,double-letters,tourney,FALSE,10,elitize_generation_data,100,13,0.142,NA
102,54,double-letters,tourney,FALSE,10,elitize_generation_data,101,15,0.144,NA
103,54,double-letters,tourney,FALSE,10,elitize_generation_data,102,12,0.135,NA
104,54,double-letters,tourney,FALSE,10,elitize_generation_data,103,12,0.138,NA
105,54,double-letters,tourney,FALSE,10,elitize_generation_data,104,17,0.139,NA
106,54,double-letters,tourney,FALSE,10,elitize_generation_data,105,13,0.133,NA
107,54,double-letters,tourney,FALSE,10,elitize_generation_data,106,13,0.151,NA
108,54,double-letters,tourney,FALSE,10,elitize_generation_data,107,14,0.132,NA
109,54,double-letters,tourney,FALSE,10,elitize_generation_data,108,14,0.123,NA
110,54,double-letters,tourney,FALSE,10,elitize_generation_data,109,14,0.158,NA
111,54,double-letters,tourney,FALSE,10,elitize_generation_data,110,13,0.118,NA
112,54,double-letters,tourney,FALSE,10,elitize_generation_data,111,15,0.131,NA
113,54,double-letters,tourney,FALSE,10,elitize_generation_data,112,10,0.146,NA
114,54,double-letters,tourney,FALSE,10,elitize_generation_data,113,13,0.159,NA
115,54,double-letters,tourney,FALSE,10,elitize_generation_data,114,14,0.15,NA
116,54,double-letters,tourney,FALSE,10,elitize_generation_data,115,16,0.157,NA
117,54,double-letters,tourney,FALSE,10,elitize_generation_data,116,14,0.163,NA
118,54,double-letters,tourney,FALSE,10,elitize_generation_data,117,18,0.166,NA
119,54,double-letters,tourney,FALSE,10,elitize_generation_data,118,20,0.197,NA
120,54,double-letters,tourney,FALSE,10,elitize_generation_data,119,22,0.256,NA
121,54,double-letters,tourney,FALSE,10,elitize_generation_data,120,27,0.295,NA
122,54,double-letters,tourney,FALSE,10,elitize_generation_data,121,25,0.31,NA
123,54,double-letters,tourney,FALSE,10,elitize_generation_data,122,32,0.344,NA
124,54,double-letters,tourney,FALSE,10,elitize_generation_data,123,37,0.353,NA
125,54,double-letters,tourney,FALSE,10,elitize_generation_data,124,34,0.373,NA
126,54,double-letters,tourney,FALSE,10,elitize_generation_data,125,31,0.369,NA
127,54,double-letters,tourney,FALSE,10,elitize_generation_data,126,28,0.348,NA
128,54,double-letters,tourney,FALSE,10,elitize_generation_data,127,32,0.362,NA
129,54,double-letters,tourney,FALSE,10,elitize_generation_data,128,29,0.368,NA
130,54,double-letters,tourney,FALSE,10,elitize_generation_data,129,32,0.444,NA
131,54,double-letters,tourney,FALSE,10,elitize_generation_data,130,28,0.408,NA
132,54,double-letters,tourney,FALSE,10,elitize_generation_data,131,34,0.415,NA
133,54,double-letters,tourney,FALSE,10,elitize_generation_data,132,29,0.378,NA
134,54,double-letters,tourney,FALSE,10,elitize_generation_data,133,34,0.415,NA
135,54,double-letters,tourney,FALSE,10,elitize_generation_data,134,34,0.413,NA
136,54,double-letters,tourney,FALSE,10,elitize_generation_data,135,26,0.372,NA
137,54,double-letters,tourney,FALSE,10,elitize_generation_data,136,25,0.335,NA
138,54,double-letters,tourney,FALSE,10,elitize_generation_data,137,30,0.336,NA
139,54,double-letters,tourney,FALSE,10,elitize_generation_data,138,28,0.365,NA
140,54,double-letters,tourney,FALSE,10,elitize_generation_data,139,31,0.375,NA
141,54,double-letters,tourney,FALSE,10,elitize_generation_data,140,29,0.355,NA
142,54,double-letters,tourney,FALSE,10,elitize_generation_data,141,29,0.373,NA
143,54,double-letters,tourney,FALSE,10,elitize_generation_data,142,29,0.347,NA
144,54,double-letters,tourney,FALSE,10,elitize_generation_data,143,27,0.327,NA
145,54,double-letters,tourney,FALSE,10,elitize_generation_data,144,24,0.297,NA
146,54,double-letters,tourney,FALSE,10,elitize_generation_data,145,27,0.337,NA
147,54,double-letters,tourney,FALSE,10,elitize_generation_data,146,25,0.365,NA
148,54,double-letters,tourney,FALSE,10,elitize_generation_data,147,38,0.377,NA
149,54,double-letters,tourney,FALSE,10,elitize_generation_data,148,33,0.361,NA
150,54,double-letters,tourney,FALSE,10,elitize_generation_data,149,29,0.29,NA
151,54,double-letters,tourney,FALSE,10,elitize_generation_data,150,18,0.245,NA
152,54,double-letters,tourney,FALSE,10,elitize_generation_data,151,21,0.246,NA
153,54,double-letters,tourney,FALSE,10,elitize_generation_data,152,17,0.228,NA
154,54,double-letters,tourney,FALSE,10,elitize_generation_data,153,16,0.25,NA
155,54,double-letters,tourney,FALSE,10,elitize_generation_data,154,23,0.265,NA
156,54,double-letters,tourney,FALSE,10,elitize_generation_data,155,20,0.292,NA
157,54,double-letters,tourney,FALSE,10,elitize_generation_data,156,25,0.305,NA
158,54,double-letters,tourney,FALSE,10,elitize_generation_data,157,24,0.319,NA
159,54,double-letters,tourney,FALSE,10,elitize_generation_data,158,25,0.328,NA
160,54,double-letters,tourney,FALSE,10,elitize_generation_data,159,23,0.313,NA
161,54,double-letters,tourney,FALSE,10,elitize_generation_data,160,24,0.343,NA
162,54,double-letters,tourney,FALSE,10,elitize_generation_data,161,30,0.348,NA
163,54,double-letters,tourney,FALSE,10,elitize_generation_data,162,24,0.344,NA
164,54,double-letters,tourney,FALSE,10,elitize_generation_data,163,21,0.334,NA
165,54,double-letters,tourney,FALSE,10,elitize_generation_data,164,23,0.358,NA
166,54,double-letters,tourney,FALSE,10,elitize_generation_data,165,20,0.366,NA
167,54,double-letters,tourney,FALSE,10,elitize_generation_data,166,20,0.342,NA
168,54,double-letters,tourney,FALSE,10,elitize_generation_data,167,19,0.359,NA
169,54,double-letters,tourney,FALSE,10,elitize_generation_data,168,20,0.363,NA
170,54,double-letters,tourney,FALSE,10,elitize_generation_data,169,24,0.361,NA
171,54,double-letters,tourney,FALSE,10,elitize_generation_data,170,32,0.379,NA
172,54,double-letters,tourney,FALSE,10,elitize_generation_data,171,32,0.367,NA
173,54,double-letters,tourney,FALSE,10,elitize_generation_data,172,27,0.373,NA
174,54,double-letters,tourney,FALSE,10,elitize_generation_data,173,23,0.372,NA
175,54,double-letters,tourney,FALSE,10,elitize_generation_data,174,23,0.327,NA
176,54,double-letters,tourney,FALSE,10,elitize_generation_data,175,22,0.333,NA
177,54,double-letters,tourney,FALSE,10,elitize_generation_data,176,28,0.321,NA
178,54,double-letters,tourney,FALSE,10,elitize_generation_data,177,25,0.335,NA
179,54,double-letters,tourney,FALSE,10,elitize_generation_data,178,27,0.349,NA
180,54,double-letters,tourney,FALSE,10,elitize_generation_data,179,26,0.333,NA
181,54,double-letters,tourney,FALSE,10,elitize_generation_data,180,24,0.354,NA
182,54,double-letters,tourney,FALSE,10,elitize_generation_data,181,25,0.341,NA
183,54,double-letters,tourney,FALSE,10,elitize_generation_data,182,29,0.351,NA
184,54,double-letters,tourney,FALSE,10,elitize_generation_data,183,34,0.324,NA
185,54,double-letters,tourney,FALSE,10,elitize_generation_data,184,25,0.294,NA
186,54,double-letters,tourney,FALSE,10,elitize_generation_data,185,32,0.319,NA
187,54,double-letters,tourney,FALSE,10,elitize_generation_data,186,34,0.296,NA
188,54,double-letters,tourney,FALSE,10,elitize_generation_data,187,32,0.328,NA
189,54,double-letters,tourney,FALSE,10,elitize_generation_data,188,28,0.307,NA
190,54,double-letters,tourney,FALSE,10,elitize_generation_data,189,31,0.303,NA
191,54,double-letters,tourney,FALSE,10,elitize_generation_data,190,37,0.331,NA
192,54,double-letters,tourney,FALSE,10,elitize_generation_data,191,34,0.319,NA
193,54,double-letters,tourney,FALSE,10,elitize_generation_data,192,33,0.287,NA
194,54,double-letters,tourney,FALSE,10,elitize_generation_data,193,33,0.316,NA
195,54,double-letters,tourney,FALSE,10,elitize_generation_data,194,40,0.338,NA
196,54,double-letters,tourney,FALSE,10,elitize_generation_data,195,31,0.329,NA
197,54,double-letters,tourney,FALSE,10,elitize_generation_data,196,37,0.307,NA
198,54,double-letters,tourney,FALSE,10,elitize_generation_data,197,38,0.304,NA
199,54,double-letters,tourney,FALSE,10,elitize_generation_data,198,29,0.311,NA
200,54,double-letters,tourney,FALSE,10,elitize_generation_data,199,32,0.289,NA
201,54,double-letters,tourney,FALSE,10,elitize_generation_data,200,28,0.282,NA
202,54,double-letters,tourney,FALSE,10,elitize_generation_data,201,35,0.32,NA
203,54,double-letters,tourney,FALSE,10,elitize_generation_data,202,41,0.345,NA
204,54,double-letters,tourney,FALSE,10,elitize_generation_data,203,36,0.335,NA
205,54,double-letters,tourney,FALSE,10,elitize_generation_data,204,37,0.362,NA
206,54,double-letters,tourney,FALSE,10,elitize_generation_data,205,29,0.337,NA
207,54,double-letters,tourney,FALSE,10,elitize_generation_data,206,29,0.344,NA
208,54,double-letters,tourney,FALSE,10,elitize_generation_data,207,35,0.323,NA
209,54,double-letters,tourney,FALSE,10,elitize_generation_data,208,32,0.334,NA
210,54,double-letters,tourney,FALSE,10,elitize_generation_data,209,25,0.355,NA
211,54,double-letters,tourney,FALSE,10,elitize_generation_data,210,38,0.343,NA
212,54,double-letters,tourney,FALSE,10,elitize_generation_data,211,38,0.356,NA
213,54,double-letters,tourney,FALSE,10,elitize_generation_data,212,31,0.356,NA
214,54,double-letters,tourney,FALSE,10,elitize_generation_data,213,39,0.357,NA
215,54,double-letters,tourney,FALSE,10,elitize_generation_data,214,34,0.366,NA
216,54,double-letters,tourney,FALSE,10,elitize_generation_data,215,38,0.36,NA
217,54,double-letters,tourney,FALSE,10,elitize_generation_data,216,43,0.376,NA
218,54,double-letters,tourney,FALSE,10,elitize_generation_data,217,35,0.381,NA
219,54,double-letters,tourney,FALSE,10,elitize_generation_data,218,35,0.372,NA
220,54,double-letters,tourney,FALSE,10,elitize_generation_data,219,36,0.347,NA
221,54,double-letters,tourney,FALSE,10,elitize_generation_data,220,37,0.357,NA
222,54,double-letters,tourney,FALSE,10,elitize_generation_data,221,37,0.376,NA
223,54,double-letters,tourney,FALSE,10,elitize_generation_data,222,34,0.369,NA
224,54,double-letters,tourney,FALSE,10,elitize_generation_data,223,33,0.367,NA
225,54,double-letters,tourney,FALSE,10,elitize_generation_data,224,44,0.371,NA
226,54,double-letters,tourney,FALSE,10,elitize_generation_data,225,42,0.366,NA
227,54,double-letters,tourney,FALSE,10,elitize_generation_data,226,26,0.38,NA
228,54,double-letters,tourney,FALSE,10,elitize_generation_data,227,48,0.397,NA
229,54,double-letters,tourney,FALSE,10,elitize_generation_data,228,39,0.358,NA
230,54,double-letters,tourney,FALSE,10,elitize_generation_data,229,42,0.407,NA
231,54,double-letters,tourney,FALSE,10,elitize_generation_data,230,32,0.372,NA
232,54,double-letters,tourney,FALSE,10,elitize_generation_data,231,39,0.411,NA
233,54,double-letters,tourney,FALSE,10,elitize_generation_data,232,39,0.376,NA
234,54,double-letters,tourney,FALSE,10,elitize_generation_data,233,34,0.373,NA
235,54,double-letters,tourney,FALSE,10,elitize_generation_data,234,46,0.34,NA
236,54,double-letters,tourney,FALSE,10,elitize_generation_data,235,39,0.374,NA
237,54,double-letters,tourney,FALSE,10,elitize_generation_data,236,45,0.389,NA
238,54,double-letters,tourney,FALSE,10,elitize_generation_data,237,39,0.374,NA
239,54,double-letters,tourney,FALSE,10,elitize_generation_data,238,43,0.386,NA
240,54,double-letters,tourney,FALSE,10,elitize_generation_data,239,37,0.405,NA
241,54,double-letters,tourney,FALSE,10,elitize_generation_data,240,39,0.378,NA
242,54,double-letters,tourney,FALSE,10,elitize_generation_data,241,40,0.4,NA
243,54,double-letters,tourney,FALSE,10,elitize_generation_data,242,28,0.388,NA
244,54,double-letters,tourney,FALSE,10,elitize_generation_data,243,42,0.395,NA
245,54,double-letters,tourney,FALSE,10,elitize_generation_data,244,33,0.386,NA
246,54,double-letters,tourney,FALSE,10,elitize_generation_data,245,48,0.411,NA
247,54,double-letters,tourney,FALSE,10,elitize_generation_data,246,36,0.399,NA
248,54,double-letters,tourney,FALSE,10,elitize_generation_data,247,37,0.398,NA
249,54,double-letters,tourney,FALSE,10,elitize_generation_data,248,38,0.385,NA
250,54,double-letters,tourney,FALSE,10,elitize_generation_data,249,37,0.394,NA
251,54,double-letters,tourney,FALSE,10,elitize_generation_data,250,33,0.422,NA
252,54,double-letters,tourney,FALSE,10,elitize_generation_data,251,39,0.461,NA
253,54,double-letters,tourney,FALSE,10,elitize_generation_data,252,44,0.476,NA
254,54,double-letters,tourney,FALSE,10,elitize_generation_data,253,41,0.501,NA
255,54,double-letters,tourney,FALSE,10,elitize_generation_data,254,49,0.555,NA
256,54,double-letters,tourney,FALSE,10,elitize_generation_data,255,39,0.581,NA
257,54,double-letters,tourney,FALSE,10,elitize_generation_data,256,37,0.556,NA
258,54,double-letters,tourney,FALSE,10,elitize_generation_data,257,35,0.534,NA
259,54,double-letters,tourney,FALSE,10,elitize_generation_data,258,33,0.54,NA
260,54,double-letters,tourney,FALSE,10,elitize_generation_data,259,39,0.556,NA
261,54,double-letters,tourney,FALSE,10,elitize_generation_data,260,42,0.578,NA
262,54,double-letters,tourney,FALSE,10,elitize_generation_data,261,38,0.567,NA
263,54,double-letters,tourney,FALSE,10,elitize_generation_data,262,43,0.601,NA
264,54,double-letters,tourney,FALSE,10,elitize_generation_data,263,47,0.611,NA
265,54,double-letters,tourney,FALSE,10,elitize_generation_data,264,46,0.636,NA
266,54,double-letters,tourney,FALSE,10,elitize_generation_data,265,47,0.641,NA
267,54,double-letters,tourney,FALSE,10,elitize_generation_data,266,46,0.655,NA
268,54,double-letters,tourney,FALSE,10,elitize_generation_data,267,42,0.667,NA
269,54,double-letters,tourney,FALSE,10,elitize_generation_data,268,46,0.653,NA
270,54,double-letters,tourney,FALSE,10,elitize_generation_data,269,44,0.699,NA
271,54,double-letters,tourney,FALSE,10,elitize_generation_data,270,37,0.666,NA
272,54,double-letters,tourney,FALSE,10,elitize_generation_data,271,38,0.695,NA
273,54,double-letters,tourney,FALSE,10,elitize_generation_data,272,48,0.7,NA
274,54,double-letters,tourney,FALSE,10,elitize_generation_data,273,42,0.662,NA
275,54,double-letters,tourney,FALSE,10,elitize_generation_data,274,38,0.714,NA
276,54,double-letters,tourney,FALSE,10,elitize_generation_data,275,44,0.686,NA
277,54,double-letters,tourney,FALSE,10,elitize_generation_data,276,37,0.704,NA
278,54,double-letters,tourney,FALSE,10,elitize_generation_data,277,41,0.7,NA
279,54,double-letters,tourney,FALSE,10,elitize_generation_data,278,44,0.712,NA
280,54,double-letters,tourney,FALSE,10,elitize_generation_data,279,45,0.71,NA
281,54,double-letters,tourney,FALSE,10,elitize_generation_data,280,46,0.689,NA
282,54,double-letters,tourney,FALSE,10,elitize_generation_data,281,40,0.716,NA
283,54,double-letters,tourney,FALSE,10,elitize_generation_data,282,43,0.746,NA
284,54,double-letters,tourney,FALSE,10,elitize_generation_data,283,39,0.738,NA
285,54,double-letters,tourney,FALSE,10,elitize_generation_data,284,34,0.717,NA
286,54,double-letters,tourney,FALSE,10,elitize_generation_data,285,47,0.709,NA
287,54,double-letters,tourney,FALSE,10,elitize_generation_data,286,46,0.733,NA
288,54,double-letters,tourney,FALSE,10,elitize_generation_data,287,47,0.718,NA
289,54,double-letters,tourney,FALSE,10,elitize_generation_data,288,36,0.739,NA
290,54,double-letters,tourney,FALSE,10,elitize_generation_data,289,37,0.715,NA
291,54,double-letters,tourney,FALSE,10,elitize_generation_data,290,48,0.728,NA
292,54,double-letters,tourney,FALSE,10,elitize_generation_data,291,51,0.702,NA
293,54,double-letters,tourney,FALSE,10,elitize_generation_data,292,51,0.724,NA
294,54,double-letters,tourney,FALSE,10,elitize_generation_data,293,52,0.696,NA
295,54,double-letters,tourney,FALSE,10,elitize_generation_data,294,40,0.719,NA
296,54,double-letters,tourney,FALSE,10,elitize_generation_data,295,48,0.689,NA
297,54,double-letters,tourney,FALSE,10,elitize_generation_data,296,41,0.699,NA
298,54,double-letters,tourney,FALSE,10,elitize_generation_data,297,49,0.705,NA
299,54,double-letters,tourney,FALSE,10,elitize_generation_data,298,51,0.682,NA
300,54,double-letters,tourney,FALSE,10,elitize_generation_data,299,44,0.673,NA
301,54,double-letters,tourney,FALSE,10,elitize_generation_data,300,48,0.7,NA
