,run.num,problem,treatment,succeeded,height,normalization.function,generation,cluster.count,error.diversity,success.generation
1,48,double-letters,tourney,FALSE,10,elitize_generation_data,0,4,0.384,NA
2,48,double-letters,tourney,FALSE,10,elitize_generation_data,1,5,0.149,NA
3,48,double-letters,tourney,FALSE,10,elitize_generation_data,2,8,0.188,NA
4,48,double-letters,tourney,FALSE,10,elitize_generation_data,3,6,0.162,NA
5,48,double-letters,tourney,FALSE,10,elitize_generation_data,4,8,0.071,NA
6,48,double-letters,tourney,FALSE,10,elitize_generation_data,5,7,0.067,NA
7,48,double-letters,tourney,FALSE,10,elitize_generation_data,6,13,0.075,NA
8,48,double-letters,tourney,FALSE,10,elitize_generation_data,7,11,0.076,NA
9,48,double-letters,tourney,FALSE,10,elitize_generation_data,8,15,0.094,NA
10,48,double-letters,tourney,FALSE,10,elitize_generation_data,9,13,0.125,NA
11,48,double-letters,tourney,FALSE,10,elitize_generation_data,10,10,0.119,NA
12,48,double-letters,tourney,FALSE,10,elitize_generation_data,11,16,0.157,NA
13,48,double-letters,tourney,FALSE,10,elitize_generation_data,12,17,0.154,NA
14,48,double-letters,tourney,FALSE,10,elitize_generation_data,13,23,0.196,NA
15,48,double-letters,tourney,FALSE,10,elitize_generation_data,14,29,0.22,NA
16,48,double-letters,tourney,FALSE,10,elitize_generation_data,15,20,0.24,NA
17,48,double-letters,tourney,FALSE,10,elitize_generation_data,16,20,0.225,NA
18,48,double-letters,tourney,FALSE,10,elitize_generation_data,17,15,0.244,NA
19,48,double-letters,tourney,FALSE,10,elitize_generation_data,18,22,0.273,NA
20,48,double-letters,tourney,FALSE,10,elitize_generation_data,19,19,0.284,NA
21,48,double-letters,tourney,FALSE,10,elitize_generation_data,20,17,0.301,NA
22,48,double-letters,tourney,FALSE,10,elitize_generation_data,21,14,0.278,NA
23,48,double-letters,tourney,FALSE,10,elitize_generation_data,22,17,0.266,NA
24,48,double-letters,tourney,FALSE,10,elitize_generation_data,23,18,0.268,NA
25,48,double-letters,tourney,FALSE,10,elitize_generation_data,24,13,0.24,NA
26,48,double-letters,tourney,FALSE,10,elitize_generation_data,25,14,0.228,NA
27,48,double-letters,tourney,FALSE,10,elitize_generation_data,26,16,0.247,NA
28,48,double-letters,tourney,FALSE,10,elitize_generation_data,27,17,0.223,NA
29,48,double-letters,tourney,FALSE,10,elitize_generation_data,28,18,0.28,NA
30,48,double-letters,tourney,FALSE,10,elitize_generation_data,29,9,0.296,NA
31,48,double-letters,tourney,FALSE,10,elitize_generation_data,30,22,0.351,NA
32,48,double-letters,tourney,FALSE,10,elitize_generation_data,31,19,0.353,NA
33,48,double-letters,tourney,FALSE,10,elitize_generation_data,32,17,0.376,NA
34,48,double-letters,tourney,FALSE,10,elitize_generation_data,33,31,0.41,NA
35,48,double-letters,tourney,FALSE,10,elitize_generation_data,34,25,0.391,NA
36,48,double-letters,tourney,FALSE,10,elitize_generation_data,35,27,0.421,NA
37,48,double-letters,tourney,FALSE,10,elitize_generation_data,36,26,0.38,NA
38,48,double-letters,tourney,FALSE,10,elitize_generation_data,37,20,0.36,NA
39,48,double-letters,tourney,FALSE,10,elitize_generation_data,38,21,0.3,NA
40,48,double-letters,tourney,FALSE,10,elitize_generation_data,39,21,0.27,NA
41,48,double-letters,tourney,FALSE,10,elitize_generation_data,40,23,0.269,NA
42,48,double-letters,tourney,FALSE,10,elitize_generation_data,41,22,0.273,NA
43,48,double-letters,tourney,FALSE,10,elitize_generation_data,42,16,0.285,NA
44,48,double-letters,tourney,FALSE,10,elitize_generation_data,43,15,0.281,NA
45,48,double-letters,tourney,FALSE,10,elitize_generation_data,44,18,0.267,NA
46,48,double-letters,tourney,FALSE,10,elitize_generation_data,45,19,0.305,NA
47,48,double-letters,tourney,FALSE,10,elitize_generation_data,46,22,0.303,NA
48,48,double-letters,tourney,FALSE,10,elitize_generation_data,47,21,0.32,NA
49,48,double-letters,tourney,FALSE,10,elitize_generation_data,48,23,0.334,NA
50,48,double-letters,tourney,FALSE,10,elitize_generation_data,49,22,0.31,NA
51,48,double-letters,tourney,FALSE,10,elitize_generation_data,50,18,0.322,NA
52,48,double-letters,tourney,FALSE,10,elitize_generation_data,51,24,0.351,NA
53,48,double-letters,tourney,FALSE,10,elitize_generation_data,52,23,0.322,NA
54,48,double-letters,tourney,FALSE,10,elitize_generation_data,53,28,0.363,NA
55,48,double-letters,tourney,FALSE,10,elitize_generation_data,54,21,0.367,NA
56,48,double-letters,tourney,FALSE,10,elitize_generation_data,55,23,0.382,NA
57,48,double-letters,tourney,FALSE,10,elitize_generation_data,56,24,0.398,NA
58,48,double-letters,tourney,FALSE,10,elitize_generation_data,57,25,0.39,NA
59,48,double-letters,tourney,FALSE,10,elitize_generation_data,58,29,0.383,NA
60,48,double-letters,tourney,FALSE,10,elitize_generation_data,59,25,0.348,NA
61,48,double-letters,tourney,FALSE,10,elitize_generation_data,60,28,0.352,NA
62,48,double-letters,tourney,FALSE,10,elitize_generation_data,61,28,0.388,NA
63,48,double-letters,tourney,FALSE,10,elitize_generation_data,62,31,0.354,NA
64,48,double-letters,tourney,FALSE,10,elitize_generation_data,63,24,0.348,NA
65,48,double-letters,tourney,FALSE,10,elitize_generation_data,64,28,0.362,NA
66,48,double-letters,tourney,FALSE,10,elitize_generation_data,65,24,0.356,NA
67,48,double-letters,tourney,FALSE,10,elitize_generation_data,66,25,0.339,NA
68,48,double-letters,tourney,FALSE,10,elitize_generation_data,67,24,0.347,NA
69,48,double-letters,tourney,FALSE,10,elitize_generation_data,68,31,0.355,NA
70,48,double-letters,tourney,FALSE,10,elitize_generation_data,69,22,0.394,NA
71,48,double-letters,tourney,FALSE,10,elitize_generation_data,70,25,0.429,NA
72,48,double-letters,tourney,FALSE,10,elitize_generation_data,71,27,0.423,NA
73,48,double-letters,tourney,FALSE,10,elitize_generation_data,72,21,0.363,NA
74,48,double-letters,tourney,FALSE,10,elitize_generation_data,73,25,0.356,NA
75,48,double-letters,tourney,FALSE,10,elitize_generation_data,74,22,0.385,NA
76,48,double-letters,tourney,FALSE,10,elitize_generation_data,75,24,0.401,NA
77,48,double-letters,tourney,FALSE,10,elitize_generation_data,76,24,0.402,NA
78,48,double-letters,tourney,FALSE,10,elitize_generation_data,77,35,0.415,NA
79,48,double-letters,tourney,FALSE,10,elitize_generation_data,78,30,0.421,NA
80,48,double-letters,tourney,FALSE,10,elitize_generation_data,79,29,0.439,NA
81,48,double-letters,tourney,FALSE,10,elitize_generation_data,80,22,0.41,NA
82,48,double-letters,tourney,FALSE,10,elitize_generation_data,81,32,0.42,NA
83,48,double-letters,tourney,FALSE,10,elitize_generation_data,82,36,0.428,NA
84,48,double-letters,tourney,FALSE,10,elitize_generation_data,83,32,0.439,NA
85,48,double-letters,tourney,FALSE,10,elitize_generation_data,84,28,0.451,NA
86,48,double-letters,tourney,FALSE,10,elitize_generation_data,85,31,0.462,NA
87,48,double-letters,tourney,FALSE,10,elitize_generation_data,86,30,0.429,NA
88,48,double-letters,tourney,FALSE,10,elitize_generation_data,87,28,0.389,NA
89,48,double-letters,tourney,FALSE,10,elitize_generation_data,88,32,0.401,NA
90,48,double-letters,tourney,FALSE,10,elitize_generation_data,89,25,0.401,NA
91,48,double-letters,tourney,FALSE,10,elitize_generation_data,90,31,0.428,NA
92,48,double-letters,tourney,FALSE,10,elitize_generation_data,91,31,0.437,NA
93,48,double-letters,tourney,FALSE,10,elitize_generation_data,92,27,0.429,NA
94,48,double-letters,tourney,FALSE,10,elitize_generation_data,93,26,0.397,NA
95,48,double-letters,tourney,FALSE,10,elitize_generation_data,94,29,0.458,NA
96,48,double-letters,tourney,FALSE,10,elitize_generation_data,95,30,0.42,NA
97,48,double-letters,tourney,FALSE,10,elitize_generation_data,96,32,0.42,NA
98,48,double-letters,tourney,FALSE,10,elitize_generation_data,97,32,0.44,NA
99,48,double-letters,tourney,FALSE,10,elitize_generation_data,98,33,0.414,NA
100,48,double-letters,tourney,FALSE,10,elitize_generation_data,99,37,0.428,NA
101,48,double-letters,tourney,FALSE,10,elitize_generation_data,100,35,0.427,NA
102,48,double-letters,tourney,FALSE,10,elitize_generation_data,101,30,0.408,NA
103,48,double-letters,tourney,FALSE,10,elitize_generation_data,102,36,0.389,NA
104,48,double-letters,tourney,FALSE,10,elitize_generation_data,103,22,0.382,NA
105,48,double-letters,tourney,FALSE,10,elitize_generation_data,104,30,0.392,NA
106,48,double-letters,tourney,FALSE,10,elitize_generation_data,105,26,0.402,NA
107,48,double-letters,tourney,FALSE,10,elitize_generation_data,106,33,0.366,NA
108,48,double-letters,tourney,FALSE,10,elitize_generation_data,107,27,0.373,NA
109,48,double-letters,tourney,FALSE,10,elitize_generation_data,108,32,0.355,NA
110,48,double-letters,tourney,FALSE,10,elitize_generation_data,109,37,0.383,NA
111,48,double-letters,tourney,FALSE,10,elitize_generation_data,110,33,0.375,NA
112,48,double-letters,tourney,FALSE,10,elitize_generation_data,111,29,0.368,NA
113,48,double-letters,tourney,FALSE,10,elitize_generation_data,112,34,0.373,NA
114,48,double-letters,tourney,FALSE,10,elitize_generation_data,113,35,0.373,NA
115,48,double-letters,tourney,FALSE,10,elitize_generation_data,114,32,0.368,NA
116,48,double-letters,tourney,FALSE,10,elitize_generation_data,115,39,0.365,NA
117,48,double-letters,tourney,FALSE,10,elitize_generation_data,116,35,0.36,NA
118,48,double-letters,tourney,FALSE,10,elitize_generation_data,117,36,0.363,NA
119,48,double-letters,tourney,FALSE,10,elitize_generation_data,118,32,0.356,NA
120,48,double-letters,tourney,FALSE,10,elitize_generation_data,119,32,0.392,NA
121,48,double-letters,tourney,FALSE,10,elitize_generation_data,120,31,0.39,NA
122,48,double-letters,tourney,FALSE,10,elitize_generation_data,121,45,0.389,NA
123,48,double-letters,tourney,FALSE,10,elitize_generation_data,122,33,0.364,NA
124,48,double-letters,tourney,FALSE,10,elitize_generation_data,123,39,0.38,NA
125,48,double-letters,tourney,FALSE,10,elitize_generation_data,124,31,0.386,NA
126,48,double-letters,tourney,FALSE,10,elitize_generation_data,125,39,0.38,NA
127,48,double-letters,tourney,FALSE,10,elitize_generation_data,126,33,0.376,NA
128,48,double-letters,tourney,FALSE,10,elitize_generation_data,127,38,0.386,NA
129,48,double-letters,tourney,FALSE,10,elitize_generation_data,128,40,0.362,NA
130,48,double-letters,tourney,FALSE,10,elitize_generation_data,129,32,0.378,NA
131,48,double-letters,tourney,FALSE,10,elitize_generation_data,130,32,0.402,NA
132,48,double-letters,tourney,FALSE,10,elitize_generation_data,131,35,0.399,NA
133,48,double-letters,tourney,FALSE,10,elitize_generation_data,132,31,0.376,NA
134,48,double-letters,tourney,FALSE,10,elitize_generation_data,133,42,0.365,NA
135,48,double-letters,tourney,FALSE,10,elitize_generation_data,134,41,0.391,NA
136,48,double-letters,tourney,FALSE,10,elitize_generation_data,135,37,0.368,NA
137,48,double-letters,tourney,FALSE,10,elitize_generation_data,136,35,0.373,NA
138,48,double-letters,tourney,FALSE,10,elitize_generation_data,137,29,0.38,NA
139,48,double-letters,tourney,FALSE,10,elitize_generation_data,138,36,0.396,NA
140,48,double-letters,tourney,FALSE,10,elitize_generation_data,139,37,0.368,NA
141,48,double-letters,tourney,FALSE,10,elitize_generation_data,140,30,0.382,NA
142,48,double-letters,tourney,FALSE,10,elitize_generation_data,141,32,0.377,NA
143,48,double-letters,tourney,FALSE,10,elitize_generation_data,142,37,0.361,NA
144,48,double-letters,tourney,FALSE,10,elitize_generation_data,143,37,0.359,NA
145,48,double-letters,tourney,FALSE,10,elitize_generation_data,144,29,0.38,NA
146,48,double-letters,tourney,FALSE,10,elitize_generation_data,145,36,0.34,NA
147,48,double-letters,tourney,FALSE,10,elitize_generation_data,146,38,0.378,NA
148,48,double-letters,tourney,FALSE,10,elitize_generation_data,147,37,0.375,NA
149,48,double-letters,tourney,FALSE,10,elitize_generation_data,148,35,0.381,NA
150,48,double-letters,tourney,FALSE,10,elitize_generation_data,149,29,0.374,NA
151,48,double-letters,tourney,FALSE,10,elitize_generation_data,150,31,0.359,NA
152,48,double-letters,tourney,FALSE,10,elitize_generation_data,151,31,0.401,NA
153,48,double-letters,tourney,FALSE,10,elitize_generation_data,152,35,0.372,NA
154,48,double-letters,tourney,FALSE,10,elitize_generation_data,153,44,0.375,NA
155,48,double-letters,tourney,FALSE,10,elitize_generation_data,154,32,0.378,NA
156,48,double-letters,tourney,FALSE,10,elitize_generation_data,155,35,0.382,NA
157,48,double-letters,tourney,FALSE,10,elitize_generation_data,156,35,0.374,NA
158,48,double-letters,tourney,FALSE,10,elitize_generation_data,157,34,0.377,NA
159,48,double-letters,tourney,FALSE,10,elitize_generation_data,158,27,0.398,NA
160,48,double-letters,tourney,FALSE,10,elitize_generation_data,159,34,0.371,NA
161,48,double-letters,tourney,FALSE,10,elitize_generation_data,160,33,0.385,NA
162,48,double-letters,tourney,FALSE,10,elitize_generation_data,161,47,0.381,NA
163,48,double-letters,tourney,FALSE,10,elitize_generation_data,162,30,0.397,NA
164,48,double-letters,tourney,FALSE,10,elitize_generation_data,163,45,0.398,NA
165,48,double-letters,tourney,FALSE,10,elitize_generation_data,164,40,0.36,NA
166,48,double-letters,tourney,FALSE,10,elitize_generation_data,165,38,0.342,NA
167,48,double-letters,tourney,FALSE,10,elitize_generation_data,166,34,0.361,NA
168,48,double-letters,tourney,FALSE,10,elitize_generation_data,167,38,0.361,NA
169,48,double-letters,tourney,FALSE,10,elitize_generation_data,168,32,0.376,NA
170,48,double-letters,tourney,FALSE,10,elitize_generation_data,169,44,0.397,NA
171,48,double-letters,tourney,FALSE,10,elitize_generation_data,170,40,0.342,NA
172,48,double-letters,tourney,FALSE,10,elitize_generation_data,171,30,0.381,NA
173,48,double-letters,tourney,FALSE,10,elitize_generation_data,172,29,0.393,NA
174,48,double-letters,tourney,FALSE,10,elitize_generation_data,173,36,0.398,NA
175,48,double-letters,tourney,FALSE,10,elitize_generation_data,174,32,0.381,NA
176,48,double-letters,tourney,FALSE,10,elitize_generation_data,175,34,0.38,NA
177,48,double-letters,tourney,FALSE,10,elitize_generation_data,176,38,0.373,NA
178,48,double-letters,tourney,FALSE,10,elitize_generation_data,177,40,0.389,NA
179,48,double-letters,tourney,FALSE,10,elitize_generation_data,178,39,0.378,NA
180,48,double-letters,tourney,FALSE,10,elitize_generation_data,179,36,0.395,NA
181,48,double-letters,tourney,FALSE,10,elitize_generation_data,180,39,0.387,NA
182,48,double-letters,tourney,FALSE,10,elitize_generation_data,181,41,0.408,NA
183,48,double-letters,tourney,FALSE,10,elitize_generation_data,182,36,0.385,NA
184,48,double-letters,tourney,FALSE,10,elitize_generation_data,183,42,0.375,NA
185,48,double-letters,tourney,FALSE,10,elitize_generation_data,184,41,0.391,NA
186,48,double-letters,tourney,FALSE,10,elitize_generation_data,185,35,0.4,NA
187,48,double-letters,tourney,FALSE,10,elitize_generation_data,186,32,0.385,NA
188,48,double-letters,tourney,FALSE,10,elitize_generation_data,187,35,0.41,NA
189,48,double-letters,tourney,FALSE,10,elitize_generation_data,188,32,0.43,NA
190,48,double-letters,tourney,FALSE,10,elitize_generation_data,189,34,0.402,NA
191,48,double-letters,tourney,FALSE,10,elitize_generation_data,190,36,0.376,NA
192,48,double-letters,tourney,FALSE,10,elitize_generation_data,191,42,0.387,NA
193,48,double-letters,tourney,FALSE,10,elitize_generation_data,192,30,0.374,NA
194,48,double-letters,tourney,FALSE,10,elitize_generation_data,193,29,0.369,NA
195,48,double-letters,tourney,FALSE,10,elitize_generation_data,194,31,0.375,NA
196,48,double-letters,tourney,FALSE,10,elitize_generation_data,195,29,0.399,NA
197,48,double-letters,tourney,FALSE,10,elitize_generation_data,196,40,0.394,NA
198,48,double-letters,tourney,FALSE,10,elitize_generation_data,197,34,0.367,NA
199,48,double-letters,tourney,FALSE,10,elitize_generation_data,198,28,0.407,NA
200,48,double-letters,tourney,FALSE,10,elitize_generation_data,199,42,0.367,NA
201,48,double-letters,tourney,FALSE,10,elitize_generation_data,200,35,0.378,NA
202,48,double-letters,tourney,FALSE,10,elitize_generation_data,201,34,0.404,NA
203,48,double-letters,tourney,FALSE,10,elitize_generation_data,202,38,0.387,NA
204,48,double-letters,tourney,FALSE,10,elitize_generation_data,203,35,0.403,NA
205,48,double-letters,tourney,FALSE,10,elitize_generation_data,204,34,0.395,NA
206,48,double-letters,tourney,FALSE,10,elitize_generation_data,205,36,0.392,NA
207,48,double-letters,tourney,FALSE,10,elitize_generation_data,206,39,0.391,NA
208,48,double-letters,tourney,FALSE,10,elitize_generation_data,207,34,0.387,NA
209,48,double-letters,tourney,FALSE,10,elitize_generation_data,208,32,0.408,NA
210,48,double-letters,tourney,FALSE,10,elitize_generation_data,209,31,0.365,NA
211,48,double-letters,tourney,FALSE,10,elitize_generation_data,210,31,0.393,NA
212,48,double-letters,tourney,FALSE,10,elitize_generation_data,211,31,0.394,NA
213,48,double-letters,tourney,FALSE,10,elitize_generation_data,212,36,0.399,NA
214,48,double-letters,tourney,FALSE,10,elitize_generation_data,213,41,0.394,NA
215,48,double-letters,tourney,FALSE,10,elitize_generation_data,214,44,0.417,NA
216,48,double-letters,tourney,FALSE,10,elitize_generation_data,215,38,0.393,NA
217,48,double-letters,tourney,FALSE,10,elitize_generation_data,216,38,0.392,NA
218,48,double-letters,tourney,FALSE,10,elitize_generation_data,217,39,0.392,NA
219,48,double-letters,tourney,FALSE,10,elitize_generation_data,218,36,0.388,NA
220,48,double-letters,tourney,FALSE,10,elitize_generation_data,219,42,0.413,NA
221,48,double-letters,tourney,FALSE,10,elitize_generation_data,220,39,0.405,NA
222,48,double-letters,tourney,FALSE,10,elitize_generation_data,221,35,0.387,NA
223,48,double-letters,tourney,FALSE,10,elitize_generation_data,222,35,0.387,NA
224,48,double-letters,tourney,FALSE,10,elitize_generation_data,223,42,0.392,NA
225,48,double-letters,tourney,FALSE,10,elitize_generation_data,224,35,0.399,NA
226,48,double-letters,tourney,FALSE,10,elitize_generation_data,225,39,0.422,NA
227,48,double-letters,tourney,FALSE,10,elitize_generation_data,226,34,0.38,NA
228,48,double-letters,tourney,FALSE,10,elitize_generation_data,227,36,0.402,NA
229,48,double-letters,tourney,FALSE,10,elitize_generation_data,228,45,0.411,NA
230,48,double-letters,tourney,FALSE,10,elitize_generation_data,229,43,0.405,NA
231,48,double-letters,tourney,FALSE,10,elitize_generation_data,230,40,0.436,NA
232,48,double-letters,tourney,FALSE,10,elitize_generation_data,231,36,0.416,NA
233,48,double-letters,tourney,FALSE,10,elitize_generation_data,232,40,0.409,NA
234,48,double-letters,tourney,FALSE,10,elitize_generation_data,233,32,0.426,NA
235,48,double-letters,tourney,FALSE,10,elitize_generation_data,234,37,0.41,NA
236,48,double-letters,tourney,FALSE,10,elitize_generation_data,235,37,0.408,NA
237,48,double-letters,tourney,FALSE,10,elitize_generation_data,236,38,0.429,NA
238,48,double-letters,tourney,FALSE,10,elitize_generation_data,237,35,0.422,NA
239,48,double-letters,tourney,FALSE,10,elitize_generation_data,238,36,0.429,NA
240,48,double-letters,tourney,FALSE,10,elitize_generation_data,239,35,0.411,NA
241,48,double-letters,tourney,FALSE,10,elitize_generation_data,240,35,0.414,NA
242,48,double-letters,tourney,FALSE,10,elitize_generation_data,241,28,0.406,NA
243,48,double-letters,tourney,FALSE,10,elitize_generation_data,242,32,0.421,NA
244,48,double-letters,tourney,FALSE,10,elitize_generation_data,243,38,0.406,NA
245,48,double-letters,tourney,FALSE,10,elitize_generation_data,244,30,0.425,NA
246,48,double-letters,tourney,FALSE,10,elitize_generation_data,245,40,0.438,NA
247,48,double-letters,tourney,FALSE,10,elitize_generation_data,246,38,0.44,NA
248,48,double-letters,tourney,FALSE,10,elitize_generation_data,247,42,0.428,NA
249,48,double-letters,tourney,FALSE,10,elitize_generation_data,248,40,0.426,NA
250,48,double-letters,tourney,FALSE,10,elitize_generation_data,249,42,0.437,NA
251,48,double-letters,tourney,FALSE,10,elitize_generation_data,250,37,0.431,NA
252,48,double-letters,tourney,FALSE,10,elitize_generation_data,251,38,0.439,NA
253,48,double-letters,tourney,FALSE,10,elitize_generation_data,252,51,0.425,NA
254,48,double-letters,tourney,FALSE,10,elitize_generation_data,253,41,0.451,NA
255,48,double-letters,tourney,FALSE,10,elitize_generation_data,254,41,0.43,NA
256,48,double-letters,tourney,FALSE,10,elitize_generation_data,255,42,0.435,NA
257,48,double-letters,tourney,FALSE,10,elitize_generation_data,256,37,0.419,NA
258,48,double-letters,tourney,FALSE,10,elitize_generation_data,257,37,0.455,NA
259,48,double-letters,tourney,FALSE,10,elitize_generation_data,258,36,0.409,NA
260,48,double-letters,tourney,FALSE,10,elitize_generation_data,259,43,0.426,NA
261,48,double-letters,tourney,FALSE,10,elitize_generation_data,260,39,0.446,NA
262,48,double-letters,tourney,FALSE,10,elitize_generation_data,261,44,0.439,NA
263,48,double-letters,tourney,FALSE,10,elitize_generation_data,262,37,0.43,NA
264,48,double-letters,tourney,FALSE,10,elitize_generation_data,263,45,0.444,NA
265,48,double-letters,tourney,FALSE,10,elitize_generation_data,264,40,0.456,NA
266,48,double-letters,tourney,FALSE,10,elitize_generation_data,265,48,0.443,NA
267,48,double-letters,tourney,FALSE,10,elitize_generation_data,266,37,0.436,NA
268,48,double-letters,tourney,FALSE,10,elitize_generation_data,267,30,0.457,NA
269,48,double-letters,tourney,FALSE,10,elitize_generation_data,268,40,0.446,NA
270,48,double-letters,tourney,FALSE,10,elitize_generation_data,269,40,0.44,NA
271,48,double-letters,tourney,FALSE,10,elitize_generation_data,270,48,0.446,NA
272,48,double-letters,tourney,FALSE,10,elitize_generation_data,271,35,0.447,NA
273,48,double-letters,tourney,FALSE,10,elitize_generation_data,272,38,0.456,NA
274,48,double-letters,tourney,FALSE,10,elitize_generation_data,273,38,0.456,NA
275,48,double-letters,tourney,FALSE,10,elitize_generation_data,274,37,0.442,NA
276,48,double-letters,tourney,FALSE,10,elitize_generation_data,275,48,0.434,NA
277,48,double-letters,tourney,FALSE,10,elitize_generation_data,276,39,0.438,NA
278,48,double-letters,tourney,FALSE,10,elitize_generation_data,277,38,0.44,NA
279,48,double-letters,tourney,FALSE,10,elitize_generation_data,278,43,0.435,NA
280,48,double-letters,tourney,FALSE,10,elitize_generation_data,279,35,0.45,NA
281,48,double-letters,tourney,FALSE,10,elitize_generation_data,280,35,0.439,NA
282,48,double-letters,tourney,FALSE,10,elitize_generation_data,281,36,0.437,NA
283,48,double-letters,tourney,FALSE,10,elitize_generation_data,282,38,0.428,NA
284,48,double-letters,tourney,FALSE,10,elitize_generation_data,283,47,0.447,NA
285,48,double-letters,tourney,FALSE,10,elitize_generation_data,284,33,0.465,NA
286,48,double-letters,tourney,FALSE,10,elitize_generation_data,285,38,0.465,NA
287,48,double-letters,tourney,FALSE,10,elitize_generation_data,286,38,0.454,NA
288,48,double-letters,tourney,FALSE,10,elitize_generation_data,287,43,0.469,NA
289,48,double-letters,tourney,FALSE,10,elitize_generation_data,288,37,0.434,NA
290,48,double-letters,tourney,FALSE,10,elitize_generation_data,289,27,0.423,NA
291,48,double-letters,tourney,FALSE,10,elitize_generation_data,290,30,0.417,NA
292,48,double-letters,tourney,FALSE,10,elitize_generation_data,291,33,0.391,NA
293,48,double-letters,tourney,FALSE,10,elitize_generation_data,292,24,0.423,NA
294,48,double-letters,tourney,FALSE,10,elitize_generation_data,293,29,0.399,NA
295,48,double-letters,tourney,FALSE,10,elitize_generation_data,294,25,0.416,NA
296,48,double-letters,tourney,FALSE,10,elitize_generation_data,295,26,0.428,NA
297,48,double-letters,tourney,FALSE,10,elitize_generation_data,296,22,0.41,NA
298,48,double-letters,tourney,FALSE,10,elitize_generation_data,297,28,0.394,NA
299,48,double-letters,tourney,FALSE,10,elitize_generation_data,298,30,0.423,NA
300,48,double-letters,tourney,FALSE,10,elitize_generation_data,299,32,0.417,NA
301,48,double-letters,tourney,FALSE,10,elitize_generation_data,300,23,0.439,NA
