,run.num,problem,treatment,succeeded,height,normalization.function,generation,cluster.count,error.diversity,success.generation
1,53,double-letters,tourney,FALSE,10,elitize_generation_data,0,6,0.39,NA
2,53,double-letters,tourney,FALSE,10,elitize_generation_data,1,7,0.159,NA
3,53,double-letters,tourney,FALSE,10,elitize_generation_data,2,10,0.229,NA
4,53,double-letters,tourney,FALSE,10,elitize_generation_data,3,12,0.185,NA
5,53,double-letters,tourney,FALSE,10,elitize_generation_data,4,10,0.058,NA
6,53,double-letters,tourney,FALSE,10,elitize_generation_data,5,7,0.063,NA
7,53,double-letters,tourney,FALSE,10,elitize_generation_data,6,6,0.037,NA
8,53,double-letters,tourney,FALSE,10,elitize_generation_data,7,4,0.034,NA
9,53,double-letters,tourney,FALSE,10,elitize_generation_data,8,5,0.043,NA
10,53,double-letters,tourney,FALSE,10,elitize_generation_data,9,6,0.055,NA
11,53,double-letters,tourney,FALSE,10,elitize_generation_data,10,8,0.066,NA
12,53,double-letters,tourney,FALSE,10,elitize_generation_data,11,8,0.09,NA
13,53,double-letters,tourney,FALSE,10,elitize_generation_data,12,7,0.091,NA
14,53,double-letters,tourney,FALSE,10,elitize_generation_data,13,7,0.092,NA
15,53,double-letters,tourney,FALSE,10,elitize_generation_data,14,5,0.095,NA
16,53,double-letters,tourney,FALSE,10,elitize_generation_data,15,8,0.111,NA
17,53,double-letters,tourney,FALSE,10,elitize_generation_data,16,6,0.118,NA
18,53,double-letters,tourney,FALSE,10,elitize_generation_data,17,8,0.092,NA
19,53,double-letters,tourney,FALSE,10,elitize_generation_data,18,8,0.124,NA
20,53,double-letters,tourney,FALSE,10,elitize_generation_data,19,8,0.107,NA
21,53,double-letters,tourney,FALSE,10,elitize_generation_data,20,10,0.113,NA
22,53,double-letters,tourney,FALSE,10,elitize_generation_data,21,7,0.088,NA
23,53,double-letters,tourney,FALSE,10,elitize_generation_data,22,8,0.116,NA
24,53,double-letters,tourney,FALSE,10,elitize_generation_data,23,13,0.113,NA
25,53,double-letters,tourney,FALSE,10,elitize_generation_data,24,8,0.104,NA
26,53,double-letters,tourney,FALSE,10,elitize_generation_data,25,8,0.092,NA
27,53,double-letters,tourney,FALSE,10,elitize_generation_data,26,9,0.089,NA
28,53,double-letters,tourney,FALSE,10,elitize_generation_data,27,7,0.102,NA
29,53,double-letters,tourney,FALSE,10,elitize_generation_data,28,11,0.104,NA
30,53,double-letters,tourney,FALSE,10,elitize_generation_data,29,8,0.099,NA
31,53,double-letters,tourney,FALSE,10,elitize_generation_data,30,6,0.089,NA
32,53,double-letters,tourney,FALSE,10,elitize_generation_data,31,7,0.085,NA
33,53,double-letters,tourney,FALSE,10,elitize_generation_data,32,11,0.109,NA
34,53,double-letters,tourney,FALSE,10,elitize_generation_data,33,9,0.088,NA
35,53,double-letters,tourney,FALSE,10,elitize_generation_data,34,10,0.087,NA
36,53,double-letters,tourney,FALSE,10,elitize_generation_data,35,13,0.088,NA
37,53,double-letters,tourney,FALSE,10,elitize_generation_data,36,17,0.122,NA
38,53,double-letters,tourney,FALSE,10,elitize_generation_data,37,20,0.153,NA
39,53,double-letters,tourney,FALSE,10,elitize_generation_data,38,19,0.151,NA
40,53,double-letters,tourney,FALSE,10,elitize_generation_data,39,20,0.184,NA
41,53,double-letters,tourney,FALSE,10,elitize_generation_data,40,24,0.165,NA
42,53,double-letters,tourney,FALSE,10,elitize_generation_data,41,29,0.185,NA
43,53,double-letters,tourney,FALSE,10,elitize_generation_data,42,30,0.184,NA
44,53,double-letters,tourney,FALSE,10,elitize_generation_data,43,32,0.209,NA
45,53,double-letters,tourney,FALSE,10,elitize_generation_data,44,44,0.258,NA
46,53,double-letters,tourney,FALSE,10,elitize_generation_data,45,35,0.278,NA
47,53,double-letters,tourney,FALSE,10,elitize_generation_data,46,44,0.289,NA
48,53,double-letters,tourney,FALSE,10,elitize_generation_data,47,42,0.274,NA
49,53,double-letters,tourney,FALSE,10,elitize_generation_data,48,34,0.277,NA
50,53,double-letters,tourney,FALSE,10,elitize_generation_data,49,42,0.269,NA
51,53,double-letters,tourney,FALSE,10,elitize_generation_data,50,43,0.298,NA
52,53,double-letters,tourney,FALSE,10,elitize_generation_data,51,50,0.301,NA
53,53,double-letters,tourney,FALSE,10,elitize_generation_data,52,61,0.29,NA
54,53,double-letters,tourney,FALSE,10,elitize_generation_data,53,80,0.341,NA
55,53,double-letters,tourney,FALSE,10,elitize_generation_data,54,65,0.336,NA
56,53,double-letters,tourney,FALSE,10,elitize_generation_data,55,71,0.347,NA
57,53,double-letters,tourney,FALSE,10,elitize_generation_data,56,70,0.329,NA
58,53,double-letters,tourney,FALSE,10,elitize_generation_data,57,68,0.332,NA
59,53,double-letters,tourney,FALSE,10,elitize_generation_data,58,68,0.354,NA
60,53,double-letters,tourney,FALSE,10,elitize_generation_data,59,66,0.344,NA
61,53,double-letters,tourney,FALSE,10,elitize_generation_data,60,71,0.356,NA
62,53,double-letters,tourney,FALSE,10,elitize_generation_data,61,72,0.394,NA
63,53,double-letters,tourney,FALSE,10,elitize_generation_data,62,74,0.389,NA
64,53,double-letters,tourney,FALSE,10,elitize_generation_data,63,63,0.397,NA
65,53,double-letters,tourney,FALSE,10,elitize_generation_data,64,80,0.414,NA
66,53,double-letters,tourney,FALSE,10,elitize_generation_data,65,63,0.378,NA
67,53,double-letters,tourney,FALSE,10,elitize_generation_data,66,76,0.404,NA
68,53,double-letters,tourney,FALSE,10,elitize_generation_data,67,78,0.397,NA
69,53,double-letters,tourney,FALSE,10,elitize_generation_data,68,76,0.371,NA
70,53,double-letters,tourney,FALSE,10,elitize_generation_data,69,79,0.377,NA
71,53,double-letters,tourney,FALSE,10,elitize_generation_data,70,77,0.385,NA
72,53,double-letters,tourney,FALSE,10,elitize_generation_data,71,60,0.364,NA
73,53,double-letters,tourney,FALSE,10,elitize_generation_data,72,78,0.389,NA
74,53,double-letters,tourney,FALSE,10,elitize_generation_data,73,70,0.365,NA
75,53,double-letters,tourney,FALSE,10,elitize_generation_data,74,73,0.425,NA
76,53,double-letters,tourney,FALSE,10,elitize_generation_data,75,77,0.4,NA
77,53,double-letters,tourney,FALSE,10,elitize_generation_data,76,64,0.392,NA
78,53,double-letters,tourney,FALSE,10,elitize_generation_data,77,68,0.379,NA
79,53,double-letters,tourney,FALSE,10,elitize_generation_data,78,71,0.392,NA
80,53,double-letters,tourney,FALSE,10,elitize_generation_data,79,69,0.357,NA
81,53,double-letters,tourney,FALSE,10,elitize_generation_data,80,48,0.353,NA
82,53,double-letters,tourney,FALSE,10,elitize_generation_data,81,59,0.345,NA
83,53,double-letters,tourney,FALSE,10,elitize_generation_data,82,60,0.339,NA
84,53,double-letters,tourney,FALSE,10,elitize_generation_data,83,63,0.334,NA
85,53,double-letters,tourney,FALSE,10,elitize_generation_data,84,63,0.322,NA
86,53,double-letters,tourney,FALSE,10,elitize_generation_data,85,64,0.332,NA
87,53,double-letters,tourney,FALSE,10,elitize_generation_data,86,56,0.331,NA
88,53,double-letters,tourney,FALSE,10,elitize_generation_data,87,56,0.328,NA
89,53,double-letters,tourney,FALSE,10,elitize_generation_data,88,60,0.333,NA
90,53,double-letters,tourney,FALSE,10,elitize_generation_data,89,63,0.361,NA
91,53,double-letters,tourney,FALSE,10,elitize_generation_data,90,61,0.342,NA
92,53,double-letters,tourney,FALSE,10,elitize_generation_data,91,58,0.317,NA
93,53,double-letters,tourney,FALSE,10,elitize_generation_data,92,57,0.353,NA
94,53,double-letters,tourney,FALSE,10,elitize_generation_data,93,63,0.347,NA
95,53,double-letters,tourney,FALSE,10,elitize_generation_data,94,66,0.336,NA
96,53,double-letters,tourney,FALSE,10,elitize_generation_data,95,61,0.354,NA
97,53,double-letters,tourney,FALSE,10,elitize_generation_data,96,59,0.353,NA
98,53,double-letters,tourney,FALSE,10,elitize_generation_data,97,68,0.349,NA
99,53,double-letters,tourney,FALSE,10,elitize_generation_data,98,67,0.35,NA
100,53,double-letters,tourney,FALSE,10,elitize_generation_data,99,59,0.324,NA
101,53,double-letters,tourney,FALSE,10,elitize_generation_data,100,70,0.387,NA
102,53,double-letters,tourney,FALSE,10,elitize_generation_data,101,70,0.35,NA
103,53,double-letters,tourney,FALSE,10,elitize_generation_data,102,61,0.343,NA
104,53,double-letters,tourney,FALSE,10,elitize_generation_data,103,63,0.337,NA
105,53,double-letters,tourney,FALSE,10,elitize_generation_data,104,62,0.347,NA
106,53,double-letters,tourney,FALSE,10,elitize_generation_data,105,62,0.352,NA
107,53,double-letters,tourney,FALSE,10,elitize_generation_data,106,76,0.341,NA
108,53,double-letters,tourney,FALSE,10,elitize_generation_data,107,55,0.343,NA
109,53,double-letters,tourney,FALSE,10,elitize_generation_data,108,61,0.356,NA
110,53,double-letters,tourney,FALSE,10,elitize_generation_data,109,62,0.354,NA
111,53,double-letters,tourney,FALSE,10,elitize_generation_data,110,69,0.34,NA
112,53,double-letters,tourney,FALSE,10,elitize_generation_data,111,57,0.361,NA
113,53,double-letters,tourney,FALSE,10,elitize_generation_data,112,67,0.364,NA
114,53,double-letters,tourney,FALSE,10,elitize_generation_data,113,72,0.414,NA
115,53,double-letters,tourney,FALSE,10,elitize_generation_data,114,64,0.403,NA
116,53,double-letters,tourney,FALSE,10,elitize_generation_data,115,76,0.374,NA
117,53,double-letters,tourney,FALSE,10,elitize_generation_data,116,80,0.405,NA
118,53,double-letters,tourney,FALSE,10,elitize_generation_data,117,74,0.391,NA
119,53,double-letters,tourney,FALSE,10,elitize_generation_data,118,77,0.386,NA
120,53,double-letters,tourney,FALSE,10,elitize_generation_data,119,72,0.386,NA
121,53,double-letters,tourney,FALSE,10,elitize_generation_data,120,81,0.404,NA
122,53,double-letters,tourney,FALSE,10,elitize_generation_data,121,71,0.396,NA
123,53,double-letters,tourney,FALSE,10,elitize_generation_data,122,64,0.399,NA
124,53,double-letters,tourney,FALSE,10,elitize_generation_data,123,87,0.404,NA
125,53,double-letters,tourney,FALSE,10,elitize_generation_data,124,70,0.404,NA
126,53,double-letters,tourney,FALSE,10,elitize_generation_data,125,69,0.414,NA
127,53,double-letters,tourney,FALSE,10,elitize_generation_data,126,68,0.39,NA
128,53,double-letters,tourney,FALSE,10,elitize_generation_data,127,71,0.403,NA
129,53,double-letters,tourney,FALSE,10,elitize_generation_data,128,80,0.4,NA
130,53,double-letters,tourney,FALSE,10,elitize_generation_data,129,77,0.424,NA
131,53,double-letters,tourney,FALSE,10,elitize_generation_data,130,81,0.459,NA
132,53,double-letters,tourney,FALSE,10,elitize_generation_data,131,83,0.457,NA
133,53,double-letters,tourney,FALSE,10,elitize_generation_data,132,84,0.432,NA
134,53,double-letters,tourney,FALSE,10,elitize_generation_data,133,78,0.433,NA
135,53,double-letters,tourney,FALSE,10,elitize_generation_data,134,87,0.429,NA
136,53,double-letters,tourney,FALSE,10,elitize_generation_data,135,87,0.433,NA
137,53,double-letters,tourney,FALSE,10,elitize_generation_data,136,87,0.44,NA
138,53,double-letters,tourney,FALSE,10,elitize_generation_data,137,73,0.412,NA
139,53,double-letters,tourney,FALSE,10,elitize_generation_data,138,85,0.418,NA
140,53,double-letters,tourney,FALSE,10,elitize_generation_data,139,90,0.442,NA
141,53,double-letters,tourney,FALSE,10,elitize_generation_data,140,90,0.418,NA
142,53,double-letters,tourney,FALSE,10,elitize_generation_data,141,86,0.443,NA
143,53,double-letters,tourney,FALSE,10,elitize_generation_data,142,99,0.423,NA
144,53,double-letters,tourney,FALSE,10,elitize_generation_data,143,97,0.441,NA
145,53,double-letters,tourney,FALSE,10,elitize_generation_data,144,76,0.426,NA
146,53,double-letters,tourney,FALSE,10,elitize_generation_data,145,86,0.423,NA
147,53,double-letters,tourney,FALSE,10,elitize_generation_data,146,82,0.411,NA
148,53,double-letters,tourney,FALSE,10,elitize_generation_data,147,87,0.42,NA
149,53,double-letters,tourney,FALSE,10,elitize_generation_data,148,89,0.436,NA
150,53,double-letters,tourney,FALSE,10,elitize_generation_data,149,88,0.43,NA
151,53,double-letters,tourney,FALSE,10,elitize_generation_data,150,86,0.431,NA
152,53,double-letters,tourney,FALSE,10,elitize_generation_data,151,88,0.434,NA
153,53,double-letters,tourney,FALSE,10,elitize_generation_data,152,94,0.431,NA
154,53,double-letters,tourney,FALSE,10,elitize_generation_data,153,86,0.402,NA
155,53,double-letters,tourney,FALSE,10,elitize_generation_data,154,85,0.396,NA
156,53,double-letters,tourney,FALSE,10,elitize_generation_data,155,73,0.39,NA
157,53,double-letters,tourney,FALSE,10,elitize_generation_data,156,78,0.401,NA
158,53,double-letters,tourney,FALSE,10,elitize_generation_data,157,72,0.387,NA
159,53,double-letters,tourney,FALSE,10,elitize_generation_data,158,83,0.439,NA
160,53,double-letters,tourney,FALSE,10,elitize_generation_data,159,83,0.428,NA
161,53,double-letters,tourney,FALSE,10,elitize_generation_data,160,89,0.442,NA
162,53,double-letters,tourney,FALSE,10,elitize_generation_data,161,90,0.419,NA
163,53,double-letters,tourney,FALSE,10,elitize_generation_data,162,83,0.4,NA
164,53,double-letters,tourney,FALSE,10,elitize_generation_data,163,94,0.418,NA
165,53,double-letters,tourney,FALSE,10,elitize_generation_data,164,96,0.421,NA
166,53,double-letters,tourney,FALSE,10,elitize_generation_data,165,92,0.425,NA
167,53,double-letters,tourney,FALSE,10,elitize_generation_data,166,81,0.403,NA
168,53,double-letters,tourney,FALSE,10,elitize_generation_data,167,92,0.422,NA
169,53,double-letters,tourney,FALSE,10,elitize_generation_data,168,78,0.371,NA
170,53,double-letters,tourney,FALSE,10,elitize_generation_data,169,73,0.378,NA
171,53,double-letters,tourney,FALSE,10,elitize_generation_data,170,83,0.4,NA
172,53,double-letters,tourney,FALSE,10,elitize_generation_data,171,85,0.391,NA
173,53,double-letters,tourney,FALSE,10,elitize_generation_data,172,78,0.362,NA
174,53,double-letters,tourney,FALSE,10,elitize_generation_data,173,76,0.357,NA
175,53,double-letters,tourney,FALSE,10,elitize_generation_data,174,73,0.366,NA
176,53,double-letters,tourney,FALSE,10,elitize_generation_data,175,80,0.381,NA
177,53,double-letters,tourney,FALSE,10,elitize_generation_data,176,75,0.359,NA
178,53,double-letters,tourney,FALSE,10,elitize_generation_data,177,65,0.348,NA
179,53,double-letters,tourney,FALSE,10,elitize_generation_data,178,71,0.359,NA
180,53,double-letters,tourney,FALSE,10,elitize_generation_data,179,69,0.333,NA
181,53,double-letters,tourney,FALSE,10,elitize_generation_data,180,70,0.353,NA
182,53,double-letters,tourney,FALSE,10,elitize_generation_data,181,77,0.34,NA
183,53,double-letters,tourney,FALSE,10,elitize_generation_data,182,77,0.34,NA
184,53,double-letters,tourney,FALSE,10,elitize_generation_data,183,77,0.335,NA
185,53,double-letters,tourney,FALSE,10,elitize_generation_data,184,84,0.356,NA
186,53,double-letters,tourney,FALSE,10,elitize_generation_data,185,68,0.346,NA
187,53,double-letters,tourney,FALSE,10,elitize_generation_data,186,71,0.345,NA
188,53,double-letters,tourney,FALSE,10,elitize_generation_data,187,68,0.344,NA
189,53,double-letters,tourney,FALSE,10,elitize_generation_data,188,65,0.319,NA
190,53,double-letters,tourney,FALSE,10,elitize_generation_data,189,73,0.339,NA
191,53,double-letters,tourney,FALSE,10,elitize_generation_data,190,74,0.33,NA
192,53,double-letters,tourney,FALSE,10,elitize_generation_data,191,78,0.332,NA
193,53,double-letters,tourney,FALSE,10,elitize_generation_data,192,78,0.344,NA
194,53,double-letters,tourney,FALSE,10,elitize_generation_data,193,68,0.362,NA
195,53,double-letters,tourney,FALSE,10,elitize_generation_data,194,67,0.324,NA
196,53,double-letters,tourney,FALSE,10,elitize_generation_data,195,62,0.31,NA
197,53,double-letters,tourney,FALSE,10,elitize_generation_data,196,78,0.335,NA
198,53,double-letters,tourney,FALSE,10,elitize_generation_data,197,74,0.345,NA
199,53,double-letters,tourney,FALSE,10,elitize_generation_data,198,78,0.337,NA
200,53,double-letters,tourney,FALSE,10,elitize_generation_data,199,84,0.329,NA
201,53,double-letters,tourney,FALSE,10,elitize_generation_data,200,71,0.328,NA
202,53,double-letters,tourney,FALSE,10,elitize_generation_data,201,34,0.337,NA
203,53,double-letters,tourney,FALSE,10,elitize_generation_data,202,28,0.32,NA
204,53,double-letters,tourney,FALSE,10,elitize_generation_data,203,26,0.311,NA
205,53,double-letters,tourney,FALSE,10,elitize_generation_data,204,28,0.346,NA
206,53,double-letters,tourney,FALSE,10,elitize_generation_data,205,31,0.317,NA
207,53,double-letters,tourney,FALSE,10,elitize_generation_data,206,34,0.274,NA
208,53,double-letters,tourney,FALSE,10,elitize_generation_data,207,30,0.238,NA
209,53,double-letters,tourney,FALSE,10,elitize_generation_data,208,29,0.229,NA
210,53,double-letters,tourney,FALSE,10,elitize_generation_data,209,42,0.274,NA
211,53,double-letters,tourney,FALSE,10,elitize_generation_data,210,28,0.276,NA
212,53,double-letters,tourney,FALSE,10,elitize_generation_data,211,47,0.282,NA
213,53,double-letters,tourney,FALSE,10,elitize_generation_data,212,46,0.32,NA
214,53,double-letters,tourney,FALSE,10,elitize_generation_data,213,55,0.406,NA
215,53,double-letters,tourney,FALSE,10,elitize_generation_data,214,61,0.427,NA
216,53,double-letters,tourney,FALSE,10,elitize_generation_data,215,60,0.467,NA
217,53,double-letters,tourney,FALSE,10,elitize_generation_data,216,40,0.451,NA
218,53,double-letters,tourney,FALSE,10,elitize_generation_data,217,56,0.478,NA
219,53,double-letters,tourney,FALSE,10,elitize_generation_data,218,57,0.466,NA
220,53,double-letters,tourney,FALSE,10,elitize_generation_data,219,48,0.453,NA
221,53,double-letters,tourney,FALSE,10,elitize_generation_data,220,34,0.453,NA
222,53,double-letters,tourney,FALSE,10,elitize_generation_data,221,38,0.478,NA
223,53,double-letters,tourney,FALSE,10,elitize_generation_data,222,53,0.478,NA
224,53,double-letters,tourney,FALSE,10,elitize_generation_data,223,60,0.455,NA
225,53,double-letters,tourney,FALSE,10,elitize_generation_data,224,57,0.475,NA
226,53,double-letters,tourney,FALSE,10,elitize_generation_data,225,56,0.462,NA
227,53,double-letters,tourney,FALSE,10,elitize_generation_data,226,54,0.475,NA
228,53,double-letters,tourney,FALSE,10,elitize_generation_data,227,55,0.501,NA
229,53,double-letters,tourney,FALSE,10,elitize_generation_data,228,55,0.461,NA
230,53,double-letters,tourney,FALSE,10,elitize_generation_data,229,58,0.495,NA
231,53,double-letters,tourney,FALSE,10,elitize_generation_data,230,55,0.466,NA
232,53,double-letters,tourney,FALSE,10,elitize_generation_data,231,61,0.472,NA
233,53,double-letters,tourney,FALSE,10,elitize_generation_data,232,63,0.474,NA
234,53,double-letters,tourney,FALSE,10,elitize_generation_data,233,54,0.475,NA
235,53,double-letters,tourney,FALSE,10,elitize_generation_data,234,60,0.464,NA
236,53,double-letters,tourney,FALSE,10,elitize_generation_data,235,64,0.496,NA
237,53,double-letters,tourney,FALSE,10,elitize_generation_data,236,61,0.491,NA
238,53,double-letters,tourney,FALSE,10,elitize_generation_data,237,56,0.481,NA
239,53,double-letters,tourney,FALSE,10,elitize_generation_data,238,56,0.468,NA
240,53,double-letters,tourney,FALSE,10,elitize_generation_data,239,59,0.459,NA
241,53,double-letters,tourney,FALSE,10,elitize_generation_data,240,41,0.434,NA
242,53,double-letters,tourney,FALSE,10,elitize_generation_data,241,41,0.435,NA
243,53,double-letters,tourney,FALSE,10,elitize_generation_data,242,50,0.434,NA
244,53,double-letters,tourney,FALSE,10,elitize_generation_data,243,48,0.46,NA
245,53,double-letters,tourney,FALSE,10,elitize_generation_data,244,47,0.43,NA
246,53,double-letters,tourney,FALSE,10,elitize_generation_data,245,47,0.459,NA
247,53,double-letters,tourney,FALSE,10,elitize_generation_data,246,44,0.466,NA
248,53,double-letters,tourney,FALSE,10,elitize_generation_data,247,47,0.507,NA
249,53,double-letters,tourney,FALSE,10,elitize_generation_data,248,45,0.553,NA
250,53,double-letters,tourney,FALSE,10,elitize_generation_data,249,51,0.586,NA
251,53,double-letters,tourney,FALSE,10,elitize_generation_data,250,43,0.575,NA
252,53,double-letters,tourney,FALSE,10,elitize_generation_data,251,52,0.552,NA
253,53,double-letters,tourney,FALSE,10,elitize_generation_data,252,44,0.541,NA
254,53,double-letters,tourney,FALSE,10,elitize_generation_data,253,48,0.563,NA
255,53,double-letters,tourney,FALSE,10,elitize_generation_data,254,54,0.511,NA
256,53,double-letters,tourney,FALSE,10,elitize_generation_data,255,50,0.559,NA
257,53,double-letters,tourney,FALSE,10,elitize_generation_data,256,55,0.534,NA
258,53,double-letters,tourney,FALSE,10,elitize_generation_data,257,53,0.541,NA
259,53,double-letters,tourney,FALSE,10,elitize_generation_data,258,39,0.532,NA
260,53,double-letters,tourney,FALSE,10,elitize_generation_data,259,54,0.546,NA
261,53,double-letters,tourney,FALSE,10,elitize_generation_data,260,46,0.545,NA
262,53,double-letters,tourney,FALSE,10,elitize_generation_data,261,52,0.537,NA
263,53,double-letters,tourney,FALSE,10,elitize_generation_data,262,47,0.589,NA
264,53,double-letters,tourney,FALSE,10,elitize_generation_data,263,53,0.592,NA
265,53,double-letters,tourney,FALSE,10,elitize_generation_data,264,52,0.604,NA
266,53,double-letters,tourney,FALSE,10,elitize_generation_data,265,50,0.61,NA
267,53,double-letters,tourney,FALSE,10,elitize_generation_data,266,62,0.573,NA
268,53,double-letters,tourney,FALSE,10,elitize_generation_data,267,50,0.557,NA
269,53,double-letters,tourney,FALSE,10,elitize_generation_data,268,45,0.526,NA
270,53,double-letters,tourney,FALSE,10,elitize_generation_data,269,41,0.546,NA
271,53,double-letters,tourney,FALSE,10,elitize_generation_data,270,47,0.547,NA
272,53,double-letters,tourney,FALSE,10,elitize_generation_data,271,54,0.561,NA
273,53,double-letters,tourney,FALSE,10,elitize_generation_data,272,46,0.543,NA
274,53,double-letters,tourney,FALSE,10,elitize_generation_data,273,46,0.54,NA
275,53,double-letters,tourney,FALSE,10,elitize_generation_data,274,53,0.579,NA
276,53,double-letters,tourney,FALSE,10,elitize_generation_data,275,57,0.565,NA
277,53,double-letters,tourney,FALSE,10,elitize_generation_data,276,65,0.594,NA
278,53,double-letters,tourney,FALSE,10,elitize_generation_data,277,56,0.577,NA
279,53,double-letters,tourney,FALSE,10,elitize_generation_data,278,52,0.582,NA
280,53,double-letters,tourney,FALSE,10,elitize_generation_data,279,60,0.573,NA
281,53,double-letters,tourney,FALSE,10,elitize_generation_data,280,70,0.582,NA
282,53,double-letters,tourney,FALSE,10,elitize_generation_data,281,61,0.554,NA
283,53,double-letters,tourney,FALSE,10,elitize_generation_data,282,55,0.544,NA
284,53,double-letters,tourney,FALSE,10,elitize_generation_data,283,53,0.54,NA
285,53,double-letters,tourney,FALSE,10,elitize_generation_data,284,64,0.539,NA
286,53,double-letters,tourney,FALSE,10,elitize_generation_data,285,57,0.558,NA
287,53,double-letters,tourney,FALSE,10,elitize_generation_data,286,52,0.555,NA
288,53,double-letters,tourney,FALSE,10,elitize_generation_data,287,61,0.554,NA
289,53,double-letters,tourney,FALSE,10,elitize_generation_data,288,68,0.535,NA
290,53,double-letters,tourney,FALSE,10,elitize_generation_data,289,60,0.55,NA
291,53,double-letters,tourney,FALSE,10,elitize_generation_data,290,66,0.571,NA
292,53,double-letters,tourney,FALSE,10,elitize_generation_data,291,82,0.571,NA
293,53,double-letters,tourney,FALSE,10,elitize_generation_data,292,53,0.546,NA
294,53,double-letters,tourney,FALSE,10,elitize_generation_data,293,64,0.531,NA
295,53,double-letters,tourney,FALSE,10,elitize_generation_data,294,65,0.55,NA
296,53,double-letters,tourney,FALSE,10,elitize_generation_data,295,59,0.517,NA
297,53,double-letters,tourney,FALSE,10,elitize_generation_data,296,75,0.562,NA
298,53,double-letters,tourney,FALSE,10,elitize_generation_data,297,56,0.561,NA
299,53,double-letters,tourney,FALSE,10,elitize_generation_data,298,59,0.547,NA
300,53,double-letters,tourney,FALSE,10,elitize_generation_data,299,48,0.537,NA
301,53,double-letters,tourney,FALSE,10,elitize_generation_data,300,53,0.549,NA
