,run.num,problem,treatment,succeeded,height,normalization.function,generation,cluster.count,error.diversity,success.generation
1,59,double-letters,tourney,FALSE,10,elitize_generation_data,0,4,0.398,NA
2,59,double-letters,tourney,FALSE,10,elitize_generation_data,1,6,0.136,NA
3,59,double-letters,tourney,FALSE,10,elitize_generation_data,2,11,0.2,NA
4,59,double-letters,tourney,FALSE,10,elitize_generation_data,3,9,0.118,NA
5,59,double-letters,tourney,FALSE,10,elitize_generation_data,4,8,0.049,NA
6,59,double-letters,tourney,FALSE,10,elitize_generation_data,5,7,0.046,NA
7,59,double-letters,tourney,FALSE,10,elitize_generation_data,6,9,0.036,NA
8,59,double-letters,tourney,FALSE,10,elitize_generation_data,7,5,0.033,NA
9,59,double-letters,tourney,FALSE,10,elitize_generation_data,8,5,0.037,NA
10,59,double-letters,tourney,FALSE,10,elitize_generation_data,9,5,0.027,NA
11,59,double-letters,tourney,FALSE,10,elitize_generation_data,10,5,0.034,NA
12,59,double-letters,tourney,FALSE,10,elitize_generation_data,11,6,0.033,NA
13,59,double-letters,tourney,FALSE,10,elitize_generation_data,12,8,0.026,NA
14,59,double-letters,tourney,FALSE,10,elitize_generation_data,13,7,0.02,NA
15,59,double-letters,tourney,FALSE,10,elitize_generation_data,14,7,0.02,NA
16,59,double-letters,tourney,FALSE,10,elitize_generation_data,15,7,0.021,NA
17,59,double-letters,tourney,FALSE,10,elitize_generation_data,16,9,0.022,NA
18,59,double-letters,tourney,FALSE,10,elitize_generation_data,17,7,0.02,NA
19,59,double-letters,tourney,FALSE,10,elitize_generation_data,18,8,0.036,NA
20,59,double-letters,tourney,FALSE,10,elitize_generation_data,19,8,0.023,NA
21,59,double-letters,tourney,FALSE,10,elitize_generation_data,20,10,0.031,NA
22,59,double-letters,tourney,FALSE,10,elitize_generation_data,21,8,0.032,NA
23,59,double-letters,tourney,FALSE,10,elitize_generation_data,22,6,0.036,NA
24,59,double-letters,tourney,FALSE,10,elitize_generation_data,23,7,0.025,NA
25,59,double-letters,tourney,FALSE,10,elitize_generation_data,24,8,0.029,NA
26,59,double-letters,tourney,FALSE,10,elitize_generation_data,25,8,0.032,NA
27,59,double-letters,tourney,FALSE,10,elitize_generation_data,26,7,0.029,NA
28,59,double-letters,tourney,FALSE,10,elitize_generation_data,27,5,0.031,NA
29,59,double-letters,tourney,FALSE,10,elitize_generation_data,28,7,0.036,NA
30,59,double-letters,tourney,FALSE,10,elitize_generation_data,29,5,0.036,NA
31,59,double-letters,tourney,FALSE,10,elitize_generation_data,30,6,0.029,NA
32,59,double-letters,tourney,FALSE,10,elitize_generation_data,31,6,0.032,NA
33,59,double-letters,tourney,FALSE,10,elitize_generation_data,32,7,0.034,NA
34,59,double-letters,tourney,FALSE,10,elitize_generation_data,33,7,0.032,NA
35,59,double-letters,tourney,FALSE,10,elitize_generation_data,34,10,0.039,NA
36,59,double-letters,tourney,FALSE,10,elitize_generation_data,35,7,0.037,NA
37,59,double-letters,tourney,FALSE,10,elitize_generation_data,36,9,0.044,NA
38,59,double-letters,tourney,FALSE,10,elitize_generation_data,37,6,0.031,NA
39,59,double-letters,tourney,FALSE,10,elitize_generation_data,38,6,0.035,NA
40,59,double-letters,tourney,FALSE,10,elitize_generation_data,39,6,0.035,NA
41,59,double-letters,tourney,FALSE,10,elitize_generation_data,40,10,0.038,NA
42,59,double-letters,tourney,FALSE,10,elitize_generation_data,41,7,0.034,NA
43,59,double-letters,tourney,FALSE,10,elitize_generation_data,42,9,0.035,NA
44,59,double-letters,tourney,FALSE,10,elitize_generation_data,43,7,0.039,NA
45,59,double-letters,tourney,FALSE,10,elitize_generation_data,44,10,0.049,NA
46,59,double-letters,tourney,FALSE,10,elitize_generation_data,45,5,0.041,NA
47,59,double-letters,tourney,FALSE,10,elitize_generation_data,46,10,0.035,NA
48,59,double-letters,tourney,FALSE,10,elitize_generation_data,47,6,0.035,NA
49,59,double-letters,tourney,FALSE,10,elitize_generation_data,48,7,0.04,NA
50,59,double-letters,tourney,FALSE,10,elitize_generation_data,49,6,0.03,NA
51,59,double-letters,tourney,FALSE,10,elitize_generation_data,50,9,0.033,NA
52,59,double-letters,tourney,FALSE,10,elitize_generation_data,51,8,0.043,NA
53,59,double-letters,tourney,FALSE,10,elitize_generation_data,52,7,0.034,NA
54,59,double-letters,tourney,FALSE,10,elitize_generation_data,53,8,0.042,NA
55,59,double-letters,tourney,FALSE,10,elitize_generation_data,54,8,0.043,NA
56,59,double-letters,tourney,FALSE,10,elitize_generation_data,55,7,0.048,NA
57,59,double-letters,tourney,FALSE,10,elitize_generation_data,56,10,0.053,NA
58,59,double-letters,tourney,FALSE,10,elitize_generation_data,57,10,0.044,NA
59,59,double-letters,tourney,FALSE,10,elitize_generation_data,58,8,0.051,NA
60,59,double-letters,tourney,FALSE,10,elitize_generation_data,59,6,0.037,NA
61,59,double-letters,tourney,FALSE,10,elitize_generation_data,60,6,0.043,NA
62,59,double-letters,tourney,FALSE,10,elitize_generation_data,61,8,0.04,NA
63,59,double-letters,tourney,FALSE,10,elitize_generation_data,62,10,0.04,NA
64,59,double-letters,tourney,FALSE,10,elitize_generation_data,63,5,0.03,NA
65,59,double-letters,tourney,FALSE,10,elitize_generation_data,64,5,0.044,NA
66,59,double-letters,tourney,FALSE,10,elitize_generation_data,65,7,0.05,NA
67,59,double-letters,tourney,FALSE,10,elitize_generation_data,66,5,0.042,NA
68,59,double-letters,tourney,FALSE,10,elitize_generation_data,67,8,0.043,NA
69,59,double-letters,tourney,FALSE,10,elitize_generation_data,68,8,0.042,NA
70,59,double-letters,tourney,FALSE,10,elitize_generation_data,69,10,0.043,NA
71,59,double-letters,tourney,FALSE,10,elitize_generation_data,70,8,0.046,NA
72,59,double-letters,tourney,FALSE,10,elitize_generation_data,71,9,0.048,NA
73,59,double-letters,tourney,FALSE,10,elitize_generation_data,72,6,0.039,NA
74,59,double-letters,tourney,FALSE,10,elitize_generation_data,73,7,0.041,NA
75,59,double-letters,tourney,FALSE,10,elitize_generation_data,74,5,0.043,NA
76,59,double-letters,tourney,FALSE,10,elitize_generation_data,75,9,0.041,NA
77,59,double-letters,tourney,FALSE,10,elitize_generation_data,76,7,0.037,NA
78,59,double-letters,tourney,FALSE,10,elitize_generation_data,77,10,0.042,NA
79,59,double-letters,tourney,FALSE,10,elitize_generation_data,78,6,0.047,NA
80,59,double-letters,tourney,FALSE,10,elitize_generation_data,79,9,0.039,NA
81,59,double-letters,tourney,FALSE,10,elitize_generation_data,80,8,0.052,NA
82,59,double-letters,tourney,FALSE,10,elitize_generation_data,81,6,0.03,NA
83,59,double-letters,tourney,FALSE,10,elitize_generation_data,82,9,0.039,NA
84,59,double-letters,tourney,FALSE,10,elitize_generation_data,83,6,0.039,NA
85,59,double-letters,tourney,FALSE,10,elitize_generation_data,84,9,0.044,NA
86,59,double-letters,tourney,FALSE,10,elitize_generation_data,85,6,0.05,NA
87,59,double-letters,tourney,FALSE,10,elitize_generation_data,86,6,0.034,NA
88,59,double-letters,tourney,FALSE,10,elitize_generation_data,87,9,0.039,NA
89,59,double-letters,tourney,FALSE,10,elitize_generation_data,88,8,0.045,NA
90,59,double-letters,tourney,FALSE,10,elitize_generation_data,89,9,0.048,NA
91,59,double-letters,tourney,FALSE,10,elitize_generation_data,90,5,0.035,NA
92,59,double-letters,tourney,FALSE,10,elitize_generation_data,91,8,0.033,NA
93,59,double-letters,tourney,FALSE,10,elitize_generation_data,92,8,0.039,NA
94,59,double-letters,tourney,FALSE,10,elitize_generation_data,93,8,0.031,NA
95,59,double-letters,tourney,FALSE,10,elitize_generation_data,94,6,0.048,NA
96,59,double-letters,tourney,FALSE,10,elitize_generation_data,95,6,0.034,NA
97,59,double-letters,tourney,FALSE,10,elitize_generation_data,96,5,0.029,NA
98,59,double-letters,tourney,FALSE,10,elitize_generation_data,97,9,0.04,NA
99,59,double-letters,tourney,FALSE,10,elitize_generation_data,98,10,0.047,NA
100,59,double-letters,tourney,FALSE,10,elitize_generation_data,99,7,0.037,NA
101,59,double-letters,tourney,FALSE,10,elitize_generation_data,100,9,0.037,NA
102,59,double-letters,tourney,FALSE,10,elitize_generation_data,101,12,0.048,NA
103,59,double-letters,tourney,FALSE,10,elitize_generation_data,102,5,0.04,NA
104,59,double-letters,tourney,FALSE,10,elitize_generation_data,103,7,0.042,NA
105,59,double-letters,tourney,FALSE,10,elitize_generation_data,104,10,0.037,NA
106,59,double-letters,tourney,FALSE,10,elitize_generation_data,105,8,0.032,NA
107,59,double-letters,tourney,FALSE,10,elitize_generation_data,106,6,0.04,NA
108,59,double-letters,tourney,FALSE,10,elitize_generation_data,107,7,0.031,NA
109,59,double-letters,tourney,FALSE,10,elitize_generation_data,108,7,0.037,NA
110,59,double-letters,tourney,FALSE,10,elitize_generation_data,109,7,0.031,NA
111,59,double-letters,tourney,FALSE,10,elitize_generation_data,110,7,0.036,NA
112,59,double-letters,tourney,FALSE,10,elitize_generation_data,111,7,0.045,NA
113,59,double-letters,tourney,FALSE,10,elitize_generation_data,112,8,0.038,NA
114,59,double-letters,tourney,FALSE,10,elitize_generation_data,113,9,0.042,NA
115,59,double-letters,tourney,FALSE,10,elitize_generation_data,114,6,0.046,NA
116,59,double-letters,tourney,FALSE,10,elitize_generation_data,115,7,0.042,NA
117,59,double-letters,tourney,FALSE,10,elitize_generation_data,116,13,0.048,NA
118,59,double-letters,tourney,FALSE,10,elitize_generation_data,117,9,0.045,NA
119,59,double-letters,tourney,FALSE,10,elitize_generation_data,118,11,0.047,NA
120,59,double-letters,tourney,FALSE,10,elitize_generation_data,119,8,0.046,NA
121,59,double-letters,tourney,FALSE,10,elitize_generation_data,120,8,0.045,NA
122,59,double-letters,tourney,FALSE,10,elitize_generation_data,121,9,0.043,NA
123,59,double-letters,tourney,FALSE,10,elitize_generation_data,122,9,0.045,NA
124,59,double-letters,tourney,FALSE,10,elitize_generation_data,123,10,0.049,NA
125,59,double-letters,tourney,FALSE,10,elitize_generation_data,124,10,0.053,NA
126,59,double-letters,tourney,FALSE,10,elitize_generation_data,125,8,0.048,NA
127,59,double-letters,tourney,FALSE,10,elitize_generation_data,126,8,0.042,NA
128,59,double-letters,tourney,FALSE,10,elitize_generation_data,127,9,0.045,NA
129,59,double-letters,tourney,FALSE,10,elitize_generation_data,128,12,0.058,NA
130,59,double-letters,tourney,FALSE,10,elitize_generation_data,129,11,0.049,NA
131,59,double-letters,tourney,FALSE,10,elitize_generation_data,130,14,0.051,NA
132,59,double-letters,tourney,FALSE,10,elitize_generation_data,131,13,0.046,NA
133,59,double-letters,tourney,FALSE,10,elitize_generation_data,132,11,0.053,NA
134,59,double-letters,tourney,FALSE,10,elitize_generation_data,133,9,0.051,NA
135,59,double-letters,tourney,FALSE,10,elitize_generation_data,134,7,0.049,NA
136,59,double-letters,tourney,FALSE,10,elitize_generation_data,135,10,0.054,NA
137,59,double-letters,tourney,FALSE,10,elitize_generation_data,136,12,0.052,NA
138,59,double-letters,tourney,FALSE,10,elitize_generation_data,137,12,0.051,NA
139,59,double-letters,tourney,FALSE,10,elitize_generation_data,138,10,0.053,NA
140,59,double-letters,tourney,FALSE,10,elitize_generation_data,139,11,0.055,NA
141,59,double-letters,tourney,FALSE,10,elitize_generation_data,140,14,0.059,NA
142,59,double-letters,tourney,FALSE,10,elitize_generation_data,141,13,0.048,NA
143,59,double-letters,tourney,FALSE,10,elitize_generation_data,142,10,0.05,NA
144,59,double-letters,tourney,FALSE,10,elitize_generation_data,143,16,0.058,NA
145,59,double-letters,tourney,FALSE,10,elitize_generation_data,144,12,0.052,NA
146,59,double-letters,tourney,FALSE,10,elitize_generation_data,145,16,0.063,NA
147,59,double-letters,tourney,FALSE,10,elitize_generation_data,146,14,0.05,NA
148,59,double-letters,tourney,FALSE,10,elitize_generation_data,147,12,0.044,NA
149,59,double-letters,tourney,FALSE,10,elitize_generation_data,148,11,0.046,NA
150,59,double-letters,tourney,FALSE,10,elitize_generation_data,149,10,0.042,NA
151,59,double-letters,tourney,FALSE,10,elitize_generation_data,150,11,0.051,NA
152,59,double-letters,tourney,FALSE,10,elitize_generation_data,151,13,0.058,NA
153,59,double-letters,tourney,FALSE,10,elitize_generation_data,152,8,0.055,NA
154,59,double-letters,tourney,FALSE,10,elitize_generation_data,153,12,0.049,NA
155,59,double-letters,tourney,FALSE,10,elitize_generation_data,154,12,0.058,NA
156,59,double-letters,tourney,FALSE,10,elitize_generation_data,155,12,0.057,NA
157,59,double-letters,tourney,FALSE,10,elitize_generation_data,156,8,0.051,NA
158,59,double-letters,tourney,FALSE,10,elitize_generation_data,157,14,0.065,NA
159,59,double-letters,tourney,FALSE,10,elitize_generation_data,158,12,0.06,NA
160,59,double-letters,tourney,FALSE,10,elitize_generation_data,159,13,0.063,NA
161,59,double-letters,tourney,FALSE,10,elitize_generation_data,160,11,0.062,NA
162,59,double-letters,tourney,FALSE,10,elitize_generation_data,161,11,0.056,NA
163,59,double-letters,tourney,FALSE,10,elitize_generation_data,162,10,0.048,NA
164,59,double-letters,tourney,FALSE,10,elitize_generation_data,163,15,0.061,NA
165,59,double-letters,tourney,FALSE,10,elitize_generation_data,164,11,0.059,NA
166,59,double-letters,tourney,FALSE,10,elitize_generation_data,165,12,0.062,NA
167,59,double-letters,tourney,FALSE,10,elitize_generation_data,166,12,0.054,NA
168,59,double-letters,tourney,FALSE,10,elitize_generation_data,167,15,0.067,NA
169,59,double-letters,tourney,FALSE,10,elitize_generation_data,168,12,0.052,NA
170,59,double-letters,tourney,FALSE,10,elitize_generation_data,169,11,0.061,NA
171,59,double-letters,tourney,FALSE,10,elitize_generation_data,170,14,0.059,NA
172,59,double-letters,tourney,FALSE,10,elitize_generation_data,171,16,0.064,NA
173,59,double-letters,tourney,FALSE,10,elitize_generation_data,172,11,0.059,NA
174,59,double-letters,tourney,FALSE,10,elitize_generation_data,173,16,0.068,NA
175,59,double-letters,tourney,FALSE,10,elitize_generation_data,174,13,0.062,NA
176,59,double-letters,tourney,FALSE,10,elitize_generation_data,175,13,0.072,NA
177,59,double-letters,tourney,FALSE,10,elitize_generation_data,176,14,0.069,NA
178,59,double-letters,tourney,FALSE,10,elitize_generation_data,177,12,0.053,NA
179,59,double-letters,tourney,FALSE,10,elitize_generation_data,178,14,0.067,NA
180,59,double-letters,tourney,FALSE,10,elitize_generation_data,179,14,0.063,NA
181,59,double-letters,tourney,FALSE,10,elitize_generation_data,180,13,0.062,NA
182,59,double-letters,tourney,FALSE,10,elitize_generation_data,181,13,0.056,NA
183,59,double-letters,tourney,FALSE,10,elitize_generation_data,182,15,0.062,NA
184,59,double-letters,tourney,FALSE,10,elitize_generation_data,183,15,0.059,NA
185,59,double-letters,tourney,FALSE,10,elitize_generation_data,184,12,0.06,NA
186,59,double-letters,tourney,FALSE,10,elitize_generation_data,185,14,0.049,NA
187,59,double-letters,tourney,FALSE,10,elitize_generation_data,186,10,0.058,NA
188,59,double-letters,tourney,FALSE,10,elitize_generation_data,187,10,0.066,NA
189,59,double-letters,tourney,FALSE,10,elitize_generation_data,188,10,0.058,NA
190,59,double-letters,tourney,FALSE,10,elitize_generation_data,189,12,0.065,NA
191,59,double-letters,tourney,FALSE,10,elitize_generation_data,190,10,0.078,NA
192,59,double-letters,tourney,FALSE,10,elitize_generation_data,191,14,0.1,NA
193,59,double-letters,tourney,FALSE,10,elitize_generation_data,192,11,0.082,NA
194,59,double-letters,tourney,FALSE,10,elitize_generation_data,193,15,0.081,NA
195,59,double-letters,tourney,FALSE,10,elitize_generation_data,194,16,0.084,NA
196,59,double-letters,tourney,FALSE,10,elitize_generation_data,195,14,0.089,NA
197,59,double-letters,tourney,FALSE,10,elitize_generation_data,196,14,0.079,NA
198,59,double-letters,tourney,FALSE,10,elitize_generation_data,197,13,0.076,NA
199,59,double-letters,tourney,FALSE,10,elitize_generation_data,198,11,0.083,NA
200,59,double-letters,tourney,FALSE,10,elitize_generation_data,199,13,0.108,NA
201,59,double-letters,tourney,FALSE,10,elitize_generation_data,200,19,0.106,NA
202,59,double-letters,tourney,FALSE,10,elitize_generation_data,201,16,0.097,NA
203,59,double-letters,tourney,FALSE,10,elitize_generation_data,202,16,0.094,NA
204,59,double-letters,tourney,FALSE,10,elitize_generation_data,203,13,0.107,NA
205,59,double-letters,tourney,FALSE,10,elitize_generation_data,204,11,0.095,NA
206,59,double-letters,tourney,FALSE,10,elitize_generation_data,205,13,0.099,NA
207,59,double-letters,tourney,FALSE,10,elitize_generation_data,206,10,0.1,NA
208,59,double-letters,tourney,FALSE,10,elitize_generation_data,207,14,0.113,NA
209,59,double-letters,tourney,FALSE,10,elitize_generation_data,208,16,0.098,NA
210,59,double-letters,tourney,FALSE,10,elitize_generation_data,209,15,0.12,NA
211,59,double-letters,tourney,FALSE,10,elitize_generation_data,210,11,0.098,NA
212,59,double-letters,tourney,FALSE,10,elitize_generation_data,211,17,0.092,NA
213,59,double-letters,tourney,FALSE,10,elitize_generation_data,212,16,0.104,NA
214,59,double-letters,tourney,FALSE,10,elitize_generation_data,213,14,0.097,NA
215,59,double-letters,tourney,FALSE,10,elitize_generation_data,214,15,0.097,NA
216,59,double-letters,tourney,FALSE,10,elitize_generation_data,215,12,0.097,NA
217,59,double-letters,tourney,FALSE,10,elitize_generation_data,216,17,0.112,NA
218,59,double-letters,tourney,FALSE,10,elitize_generation_data,217,13,0.118,NA
219,59,double-letters,tourney,FALSE,10,elitize_generation_data,218,17,0.122,NA
220,59,double-letters,tourney,FALSE,10,elitize_generation_data,219,16,0.109,NA
221,59,double-letters,tourney,FALSE,10,elitize_generation_data,220,19,0.115,NA
222,59,double-letters,tourney,FALSE,10,elitize_generation_data,221,13,0.112,NA
223,59,double-letters,tourney,FALSE,10,elitize_generation_data,222,15,0.119,NA
224,59,double-letters,tourney,FALSE,10,elitize_generation_data,223,17,0.124,NA
225,59,double-letters,tourney,FALSE,10,elitize_generation_data,224,10,0.121,NA
226,59,double-letters,tourney,FALSE,10,elitize_generation_data,225,12,0.113,NA
227,59,double-letters,tourney,FALSE,10,elitize_generation_data,226,16,0.112,NA
228,59,double-letters,tourney,FALSE,10,elitize_generation_data,227,19,0.115,NA
229,59,double-letters,tourney,FALSE,10,elitize_generation_data,228,16,0.119,NA
230,59,double-letters,tourney,FALSE,10,elitize_generation_data,229,16,0.106,NA
231,59,double-letters,tourney,FALSE,10,elitize_generation_data,230,14,0.116,NA
232,59,double-letters,tourney,FALSE,10,elitize_generation_data,231,15,0.132,NA
233,59,double-letters,tourney,FALSE,10,elitize_generation_data,232,16,0.12,NA
234,59,double-letters,tourney,FALSE,10,elitize_generation_data,233,15,0.123,NA
235,59,double-letters,tourney,FALSE,10,elitize_generation_data,234,15,0.116,NA
236,59,double-letters,tourney,FALSE,10,elitize_generation_data,235,16,0.122,NA
237,59,double-letters,tourney,FALSE,10,elitize_generation_data,236,19,0.121,NA
238,59,double-letters,tourney,FALSE,10,elitize_generation_data,237,15,0.121,NA
239,59,double-letters,tourney,FALSE,10,elitize_generation_data,238,16,0.109,NA
240,59,double-letters,tourney,FALSE,10,elitize_generation_data,239,13,0.111,NA
241,59,double-letters,tourney,FALSE,10,elitize_generation_data,240,17,0.11,NA
242,59,double-letters,tourney,FALSE,10,elitize_generation_data,241,13,0.121,NA
243,59,double-letters,tourney,FALSE,10,elitize_generation_data,242,18,0.136,NA
244,59,double-letters,tourney,FALSE,10,elitize_generation_data,243,16,0.11,NA
245,59,double-letters,tourney,FALSE,10,elitize_generation_data,244,15,0.11,NA
246,59,double-letters,tourney,FALSE,10,elitize_generation_data,245,20,0.131,NA
247,59,double-letters,tourney,FALSE,10,elitize_generation_data,246,17,0.108,NA
248,59,double-letters,tourney,FALSE,10,elitize_generation_data,247,16,0.106,NA
249,59,double-letters,tourney,FALSE,10,elitize_generation_data,248,18,0.105,NA
250,59,double-letters,tourney,FALSE,10,elitize_generation_data,249,16,0.116,NA
251,59,double-letters,tourney,FALSE,10,elitize_generation_data,250,15,0.107,NA
252,59,double-letters,tourney,FALSE,10,elitize_generation_data,251,17,0.118,NA
253,59,double-letters,tourney,FALSE,10,elitize_generation_data,252,15,0.118,NA
254,59,double-letters,tourney,FALSE,10,elitize_generation_data,253,16,0.122,NA
255,59,double-letters,tourney,FALSE,10,elitize_generation_data,254,16,0.106,NA
256,59,double-letters,tourney,FALSE,10,elitize_generation_data,255,18,0.116,NA
257,59,double-letters,tourney,FALSE,10,elitize_generation_data,256,17,0.11,NA
258,59,double-letters,tourney,FALSE,10,elitize_generation_data,257,15,0.115,NA
259,59,double-letters,tourney,FALSE,10,elitize_generation_data,258,17,0.116,NA
260,59,double-letters,tourney,FALSE,10,elitize_generation_data,259,16,0.106,NA
261,59,double-letters,tourney,FALSE,10,elitize_generation_data,260,16,0.104,NA
262,59,double-letters,tourney,FALSE,10,elitize_generation_data,261,17,0.115,NA
263,59,double-letters,tourney,FALSE,10,elitize_generation_data,262,18,0.152,NA
264,59,double-letters,tourney,FALSE,10,elitize_generation_data,263,17,0.169,NA
265,59,double-letters,tourney,FALSE,10,elitize_generation_data,264,16,0.198,NA
266,59,double-letters,tourney,FALSE,10,elitize_generation_data,265,18,0.185,NA
267,59,double-letters,tourney,FALSE,10,elitize_generation_data,266,14,0.178,NA
268,59,double-letters,tourney,FALSE,10,elitize_generation_data,267,14,0.164,NA
269,59,double-letters,tourney,FALSE,10,elitize_generation_data,268,15,0.186,NA
270,59,double-letters,tourney,FALSE,10,elitize_generation_data,269,19,0.158,NA
271,59,double-letters,tourney,FALSE,10,elitize_generation_data,270,19,0.185,NA
272,59,double-letters,tourney,FALSE,10,elitize_generation_data,271,19,0.17,NA
273,59,double-letters,tourney,FALSE,10,elitize_generation_data,272,15,0.195,NA
274,59,double-letters,tourney,FALSE,10,elitize_generation_data,273,17,0.194,NA
275,59,double-letters,tourney,FALSE,10,elitize_generation_data,274,16,0.212,NA
276,59,double-letters,tourney,FALSE,10,elitize_generation_data,275,20,0.245,NA
277,59,double-letters,tourney,FALSE,10,elitize_generation_data,276,18,0.239,NA
278,59,double-letters,tourney,FALSE,10,elitize_generation_data,277,19,0.237,NA
279,59,double-letters,tourney,FALSE,10,elitize_generation_data,278,18,0.222,NA
280,59,double-letters,tourney,FALSE,10,elitize_generation_data,279,18,0.246,NA
281,59,double-letters,tourney,FALSE,10,elitize_generation_data,280,20,0.279,NA
282,59,double-letters,tourney,FALSE,10,elitize_generation_data,281,19,0.253,NA
283,59,double-letters,tourney,FALSE,10,elitize_generation_data,282,15,0.237,NA
284,59,double-letters,tourney,FALSE,10,elitize_generation_data,283,16,0.21,NA
285,59,double-letters,tourney,FALSE,10,elitize_generation_data,284,16,0.214,NA
286,59,double-letters,tourney,FALSE,10,elitize_generation_data,285,14,0.222,NA
287,59,double-letters,tourney,FALSE,10,elitize_generation_data,286,16,0.235,NA
288,59,double-letters,tourney,FALSE,10,elitize_generation_data,287,16,0.234,NA
289,59,double-letters,tourney,FALSE,10,elitize_generation_data,288,16,0.273,NA
290,59,double-letters,tourney,FALSE,10,elitize_generation_data,289,15,0.26,NA
291,59,double-letters,tourney,FALSE,10,elitize_generation_data,290,18,0.265,NA
292,59,double-letters,tourney,FALSE,10,elitize_generation_data,291,14,0.269,NA
293,59,double-letters,tourney,FALSE,10,elitize_generation_data,292,16,0.276,NA
294,59,double-letters,tourney,FALSE,10,elitize_generation_data,293,17,0.284,NA
295,59,double-letters,tourney,FALSE,10,elitize_generation_data,294,16,0.301,NA
296,59,double-letters,tourney,FALSE,10,elitize_generation_data,295,16,0.278,NA
297,59,double-letters,tourney,FALSE,10,elitize_generation_data,296,18,0.304,NA
298,59,double-letters,tourney,FALSE,10,elitize_generation_data,297,17,0.326,NA
299,59,double-letters,tourney,FALSE,10,elitize_generation_data,298,19,0.365,NA
300,59,double-letters,tourney,FALSE,10,elitize_generation_data,299,18,0.352,NA
301,59,double-letters,tourney,FALSE,10,elitize_generation_data,300,18,0.328,NA
