,run.num,problem,treatment,succeeded,height,normalization.function,generation,cluster.count,error.diversity,success.generation
1,38,double-letters,tourney,FALSE,10,elitize_generation_data,0,5,0.389,NA
2,38,double-letters,tourney,FALSE,10,elitize_generation_data,1,7,0.159,NA
3,38,double-letters,tourney,FALSE,10,elitize_generation_data,2,9,0.214,NA
4,38,double-letters,tourney,FALSE,10,elitize_generation_data,3,8,0.148,NA
5,38,double-letters,tourney,FALSE,10,elitize_generation_data,4,7,0.044,NA
6,38,double-letters,tourney,FALSE,10,elitize_generation_data,5,9,0.054,NA
7,38,double-letters,tourney,FALSE,10,elitize_generation_data,6,7,0.041,NA
8,38,double-letters,tourney,FALSE,10,elitize_generation_data,7,8,0.058,NA
9,38,double-letters,tourney,FALSE,10,elitize_generation_data,8,8,0.051,NA
10,38,double-letters,tourney,FALSE,10,elitize_generation_data,9,12,0.057,NA
11,38,double-letters,tourney,FALSE,10,elitize_generation_data,10,14,0.086,NA
12,38,double-letters,tourney,FALSE,10,elitize_generation_data,11,8,0.082,NA
13,38,double-letters,tourney,FALSE,10,elitize_generation_data,12,14,0.065,NA
14,38,double-letters,tourney,FALSE,10,elitize_generation_data,13,13,0.07,NA
15,38,double-letters,tourney,FALSE,10,elitize_generation_data,14,10,0.05,NA
16,38,double-letters,tourney,FALSE,10,elitize_generation_data,15,9,0.048,NA
17,38,double-letters,tourney,FALSE,10,elitize_generation_data,16,10,0.062,NA
18,38,double-letters,tourney,FALSE,10,elitize_generation_data,17,10,0.058,NA
19,38,double-letters,tourney,FALSE,10,elitize_generation_data,18,11,0.057,NA
20,38,double-letters,tourney,FALSE,10,elitize_generation_data,19,11,0.06,NA
21,38,double-letters,tourney,FALSE,10,elitize_generation_data,20,11,0.05,NA
22,38,double-letters,tourney,FALSE,10,elitize_generation_data,21,7,0.05,NA
23,38,double-letters,tourney,FALSE,10,elitize_generation_data,22,6,0.04,NA
24,38,double-letters,tourney,FALSE,10,elitize_generation_data,23,7,0.046,NA
25,38,double-letters,tourney,FALSE,10,elitize_generation_data,24,7,0.042,NA
26,38,double-letters,tourney,FALSE,10,elitize_generation_data,25,10,0.044,NA
27,38,double-letters,tourney,FALSE,10,elitize_generation_data,26,11,0.061,NA
28,38,double-letters,tourney,FALSE,10,elitize_generation_data,27,7,0.048,NA
29,38,double-letters,tourney,FALSE,10,elitize_generation_data,28,8,0.06,NA
30,38,double-letters,tourney,FALSE,10,elitize_generation_data,29,7,0.06,NA
31,38,double-letters,tourney,FALSE,10,elitize_generation_data,30,5,0.07,NA
32,38,double-letters,tourney,FALSE,10,elitize_generation_data,31,10,0.059,NA
33,38,double-letters,tourney,FALSE,10,elitize_generation_data,32,5,0.051,NA
34,38,double-letters,tourney,FALSE,10,elitize_generation_data,33,8,0.055,NA
35,38,double-letters,tourney,FALSE,10,elitize_generation_data,34,5,0.072,NA
36,38,double-letters,tourney,FALSE,10,elitize_generation_data,35,10,0.071,NA
37,38,double-letters,tourney,FALSE,10,elitize_generation_data,36,7,0.077,NA
38,38,double-letters,tourney,FALSE,10,elitize_generation_data,37,8,0.068,NA
39,38,double-letters,tourney,FALSE,10,elitize_generation_data,38,12,0.087,NA
40,38,double-letters,tourney,FALSE,10,elitize_generation_data,39,11,0.085,NA
41,38,double-letters,tourney,FALSE,10,elitize_generation_data,40,11,0.089,NA
42,38,double-letters,tourney,FALSE,10,elitize_generation_data,41,9,0.08,NA
43,38,double-letters,tourney,FALSE,10,elitize_generation_data,42,9,0.086,NA
44,38,double-letters,tourney,FALSE,10,elitize_generation_data,43,9,0.089,NA
45,38,double-letters,tourney,FALSE,10,elitize_generation_data,44,11,0.081,NA
46,38,double-letters,tourney,FALSE,10,elitize_generation_data,45,6,0.115,NA
47,38,double-letters,tourney,FALSE,10,elitize_generation_data,46,11,0.123,NA
48,38,double-letters,tourney,FALSE,10,elitize_generation_data,47,14,0.145,NA
49,38,double-letters,tourney,FALSE,10,elitize_generation_data,48,10,0.149,NA
50,38,double-letters,tourney,FALSE,10,elitize_generation_data,49,13,0.162,NA
51,38,double-letters,tourney,FALSE,10,elitize_generation_data,50,13,0.176,NA
52,38,double-letters,tourney,FALSE,10,elitize_generation_data,51,16,0.18,NA
53,38,double-letters,tourney,FALSE,10,elitize_generation_data,52,15,0.214,NA
54,38,double-letters,tourney,FALSE,10,elitize_generation_data,53,19,0.236,NA
55,38,double-letters,tourney,FALSE,10,elitize_generation_data,54,18,0.213,NA
56,38,double-letters,tourney,FALSE,10,elitize_generation_data,55,15,0.242,NA
57,38,double-letters,tourney,FALSE,10,elitize_generation_data,56,21,0.216,NA
58,38,double-letters,tourney,FALSE,10,elitize_generation_data,57,14,0.23,NA
59,38,double-letters,tourney,FALSE,10,elitize_generation_data,58,17,0.266,NA
60,38,double-letters,tourney,FALSE,10,elitize_generation_data,59,15,0.288,NA
61,38,double-letters,tourney,FALSE,10,elitize_generation_data,60,11,0.344,NA
62,38,double-letters,tourney,FALSE,10,elitize_generation_data,61,17,0.31,NA
63,38,double-letters,tourney,FALSE,10,elitize_generation_data,62,15,0.314,NA
64,38,double-letters,tourney,FALSE,10,elitize_generation_data,63,12,0.291,NA
65,38,double-letters,tourney,FALSE,10,elitize_generation_data,64,17,0.319,NA
66,38,double-letters,tourney,FALSE,10,elitize_generation_data,65,12,0.303,NA
67,38,double-letters,tourney,FALSE,10,elitize_generation_data,66,18,0.302,NA
68,38,double-letters,tourney,FALSE,10,elitize_generation_data,67,14,0.334,NA
69,38,double-letters,tourney,FALSE,10,elitize_generation_data,68,20,0.332,NA
70,38,double-letters,tourney,FALSE,10,elitize_generation_data,69,17,0.426,NA
71,38,double-letters,tourney,FALSE,10,elitize_generation_data,70,14,0.477,NA
72,38,double-letters,tourney,FALSE,10,elitize_generation_data,71,15,0.437,NA
73,38,double-letters,tourney,FALSE,10,elitize_generation_data,72,6,0.38,NA
74,38,double-letters,tourney,FALSE,10,elitize_generation_data,73,13,0.36,NA
75,38,double-letters,tourney,FALSE,10,elitize_generation_data,74,10,0.368,NA
76,38,double-letters,tourney,FALSE,10,elitize_generation_data,75,13,0.354,NA
77,38,double-letters,tourney,FALSE,10,elitize_generation_data,76,16,0.378,NA
78,38,double-letters,tourney,FALSE,10,elitize_generation_data,77,13,0.407,NA
79,38,double-letters,tourney,FALSE,10,elitize_generation_data,78,13,0.439,NA
80,38,double-letters,tourney,FALSE,10,elitize_generation_data,79,12,0.438,NA
81,38,double-letters,tourney,FALSE,10,elitize_generation_data,80,14,0.459,NA
82,38,double-letters,tourney,FALSE,10,elitize_generation_data,81,10,0.465,NA
83,38,double-letters,tourney,FALSE,10,elitize_generation_data,82,15,0.486,NA
84,38,double-letters,tourney,FALSE,10,elitize_generation_data,83,11,0.45,NA
85,38,double-letters,tourney,FALSE,10,elitize_generation_data,84,15,0.471,NA
86,38,double-letters,tourney,FALSE,10,elitize_generation_data,85,11,0.496,NA
87,38,double-letters,tourney,FALSE,10,elitize_generation_data,86,11,0.474,NA
88,38,double-letters,tourney,FALSE,10,elitize_generation_data,87,15,0.475,NA
89,38,double-letters,tourney,FALSE,10,elitize_generation_data,88,11,0.441,NA
90,38,double-letters,tourney,FALSE,10,elitize_generation_data,89,11,0.436,NA
91,38,double-letters,tourney,FALSE,10,elitize_generation_data,90,10,0.439,NA
92,38,double-letters,tourney,FALSE,10,elitize_generation_data,91,14,0.458,NA
93,38,double-letters,tourney,FALSE,10,elitize_generation_data,92,13,0.416,NA
94,38,double-letters,tourney,FALSE,10,elitize_generation_data,93,12,0.431,NA
95,38,double-letters,tourney,FALSE,10,elitize_generation_data,94,12,0.414,NA
96,38,double-letters,tourney,FALSE,10,elitize_generation_data,95,12,0.383,NA
97,38,double-letters,tourney,FALSE,10,elitize_generation_data,96,10,0.414,NA
98,38,double-letters,tourney,FALSE,10,elitize_generation_data,97,9,0.408,NA
99,38,double-letters,tourney,FALSE,10,elitize_generation_data,98,9,0.407,NA
100,38,double-letters,tourney,FALSE,10,elitize_generation_data,99,10,0.435,NA
101,38,double-letters,tourney,FALSE,10,elitize_generation_data,100,9,0.425,NA
102,38,double-letters,tourney,FALSE,10,elitize_generation_data,101,12,0.396,NA
103,38,double-letters,tourney,FALSE,10,elitize_generation_data,102,11,0.405,NA
104,38,double-letters,tourney,FALSE,10,elitize_generation_data,103,12,0.385,NA
105,38,double-letters,tourney,FALSE,10,elitize_generation_data,104,16,0.416,NA
106,38,double-letters,tourney,FALSE,10,elitize_generation_data,105,11,0.387,NA
107,38,double-letters,tourney,FALSE,10,elitize_generation_data,106,11,0.39,NA
108,38,double-letters,tourney,FALSE,10,elitize_generation_data,107,7,0.409,NA
109,38,double-letters,tourney,FALSE,10,elitize_generation_data,108,10,0.402,NA
110,38,double-letters,tourney,FALSE,10,elitize_generation_data,109,14,0.373,NA
111,38,double-letters,tourney,FALSE,10,elitize_generation_data,110,12,0.412,NA
112,38,double-letters,tourney,FALSE,10,elitize_generation_data,111,14,0.379,NA
113,38,double-letters,tourney,FALSE,10,elitize_generation_data,112,10,0.374,NA
114,38,double-letters,tourney,FALSE,10,elitize_generation_data,113,12,0.421,NA
115,38,double-letters,tourney,FALSE,10,elitize_generation_data,114,13,0.415,NA
116,38,double-letters,tourney,FALSE,10,elitize_generation_data,115,11,0.413,NA
117,38,double-letters,tourney,FALSE,10,elitize_generation_data,116,9,0.382,NA
118,38,double-letters,tourney,FALSE,10,elitize_generation_data,117,17,0.421,NA
119,38,double-letters,tourney,FALSE,10,elitize_generation_data,118,11,0.407,NA
120,38,double-letters,tourney,FALSE,10,elitize_generation_data,119,10,0.404,NA
121,38,double-letters,tourney,FALSE,10,elitize_generation_data,120,12,0.383,NA
122,38,double-letters,tourney,FALSE,10,elitize_generation_data,121,12,0.405,NA
123,38,double-letters,tourney,FALSE,10,elitize_generation_data,122,9,0.405,NA
124,38,double-letters,tourney,FALSE,10,elitize_generation_data,123,12,0.433,NA
125,38,double-letters,tourney,FALSE,10,elitize_generation_data,124,13,0.424,NA
126,38,double-letters,tourney,FALSE,10,elitize_generation_data,125,10,0.404,NA
127,38,double-letters,tourney,FALSE,10,elitize_generation_data,126,15,0.395,NA
128,38,double-letters,tourney,FALSE,10,elitize_generation_data,127,12,0.395,NA
129,38,double-letters,tourney,FALSE,10,elitize_generation_data,128,13,0.414,NA
130,38,double-letters,tourney,FALSE,10,elitize_generation_data,129,12,0.394,NA
131,38,double-letters,tourney,FALSE,10,elitize_generation_data,130,14,0.396,NA
132,38,double-letters,tourney,FALSE,10,elitize_generation_data,131,12,0.4,NA
133,38,double-letters,tourney,FALSE,10,elitize_generation_data,132,14,0.411,NA
134,38,double-letters,tourney,FALSE,10,elitize_generation_data,133,12,0.374,NA
135,38,double-letters,tourney,FALSE,10,elitize_generation_data,134,13,0.399,NA
136,38,double-letters,tourney,FALSE,10,elitize_generation_data,135,12,0.37,NA
137,38,double-letters,tourney,FALSE,10,elitize_generation_data,136,12,0.4,NA
138,38,double-letters,tourney,FALSE,10,elitize_generation_data,137,10,0.389,NA
139,38,double-letters,tourney,FALSE,10,elitize_generation_data,138,10,0.397,NA
140,38,double-letters,tourney,FALSE,10,elitize_generation_data,139,10,0.38,NA
141,38,double-letters,tourney,FALSE,10,elitize_generation_data,140,14,0.379,NA
142,38,double-letters,tourney,FALSE,10,elitize_generation_data,141,12,0.401,NA
143,38,double-letters,tourney,FALSE,10,elitize_generation_data,142,15,0.417,NA
144,38,double-letters,tourney,FALSE,10,elitize_generation_data,143,14,0.375,NA
145,38,double-letters,tourney,FALSE,10,elitize_generation_data,144,16,0.395,NA
146,38,double-letters,tourney,FALSE,10,elitize_generation_data,145,11,0.384,NA
147,38,double-letters,tourney,FALSE,10,elitize_generation_data,146,13,0.381,NA
148,38,double-letters,tourney,FALSE,10,elitize_generation_data,147,10,0.381,NA
149,38,double-letters,tourney,FALSE,10,elitize_generation_data,148,15,0.384,NA
150,38,double-letters,tourney,FALSE,10,elitize_generation_data,149,12,0.375,NA
151,38,double-letters,tourney,FALSE,10,elitize_generation_data,150,12,0.394,NA
152,38,double-letters,tourney,FALSE,10,elitize_generation_data,151,10,0.384,NA
153,38,double-letters,tourney,FALSE,10,elitize_generation_data,152,13,0.395,NA
154,38,double-letters,tourney,FALSE,10,elitize_generation_data,153,10,0.384,NA
155,38,double-letters,tourney,FALSE,10,elitize_generation_data,154,12,0.394,NA
156,38,double-letters,tourney,FALSE,10,elitize_generation_data,155,11,0.423,NA
157,38,double-letters,tourney,FALSE,10,elitize_generation_data,156,11,0.392,NA
158,38,double-letters,tourney,FALSE,10,elitize_generation_data,157,13,0.393,NA
159,38,double-letters,tourney,FALSE,10,elitize_generation_data,158,11,0.393,NA
160,38,double-letters,tourney,FALSE,10,elitize_generation_data,159,13,0.385,NA
161,38,double-letters,tourney,FALSE,10,elitize_generation_data,160,14,0.394,NA
162,38,double-letters,tourney,FALSE,10,elitize_generation_data,161,12,0.404,NA
163,38,double-letters,tourney,FALSE,10,elitize_generation_data,162,14,0.422,NA
164,38,double-letters,tourney,FALSE,10,elitize_generation_data,163,11,0.404,NA
165,38,double-letters,tourney,FALSE,10,elitize_generation_data,164,15,0.382,NA
166,38,double-letters,tourney,FALSE,10,elitize_generation_data,165,13,0.397,NA
167,38,double-letters,tourney,FALSE,10,elitize_generation_data,166,10,0.419,NA
168,38,double-letters,tourney,FALSE,10,elitize_generation_data,167,10,0.4,NA
169,38,double-letters,tourney,FALSE,10,elitize_generation_data,168,13,0.41,NA
170,38,double-letters,tourney,FALSE,10,elitize_generation_data,169,14,0.396,NA
171,38,double-letters,tourney,FALSE,10,elitize_generation_data,170,10,0.392,NA
172,38,double-letters,tourney,FALSE,10,elitize_generation_data,171,9,0.42,NA
173,38,double-letters,tourney,FALSE,10,elitize_generation_data,172,11,0.412,NA
174,38,double-letters,tourney,FALSE,10,elitize_generation_data,173,15,0.386,NA
175,38,double-letters,tourney,FALSE,10,elitize_generation_data,174,8,0.412,NA
176,38,double-letters,tourney,FALSE,10,elitize_generation_data,175,8,0.415,NA
177,38,double-letters,tourney,FALSE,10,elitize_generation_data,176,10,0.406,NA
178,38,double-letters,tourney,FALSE,10,elitize_generation_data,177,8,0.444,NA
179,38,double-letters,tourney,FALSE,10,elitize_generation_data,178,10,0.458,NA
180,38,double-letters,tourney,FALSE,10,elitize_generation_data,179,13,0.483,NA
181,38,double-letters,tourney,FALSE,10,elitize_generation_data,180,13,0.496,NA
182,38,double-letters,tourney,FALSE,10,elitize_generation_data,181,14,0.567,NA
183,38,double-letters,tourney,FALSE,10,elitize_generation_data,182,12,0.569,NA
184,38,double-letters,tourney,FALSE,10,elitize_generation_data,183,14,0.586,NA
185,38,double-letters,tourney,FALSE,10,elitize_generation_data,184,12,0.512,NA
186,38,double-letters,tourney,FALSE,10,elitize_generation_data,185,11,0.498,NA
187,38,double-letters,tourney,FALSE,10,elitize_generation_data,186,12,0.502,NA
188,38,double-letters,tourney,FALSE,10,elitize_generation_data,187,12,0.487,NA
189,38,double-letters,tourney,FALSE,10,elitize_generation_data,188,9,0.486,NA
190,38,double-letters,tourney,FALSE,10,elitize_generation_data,189,14,0.503,NA
191,38,double-letters,tourney,FALSE,10,elitize_generation_data,190,11,0.481,NA
192,38,double-letters,tourney,FALSE,10,elitize_generation_data,191,12,0.488,NA
193,38,double-letters,tourney,FALSE,10,elitize_generation_data,192,11,0.495,NA
194,38,double-letters,tourney,FALSE,10,elitize_generation_data,193,11,0.496,NA
195,38,double-letters,tourney,FALSE,10,elitize_generation_data,194,12,0.513,NA
196,38,double-letters,tourney,FALSE,10,elitize_generation_data,195,14,0.501,NA
197,38,double-letters,tourney,FALSE,10,elitize_generation_data,196,12,0.525,NA
198,38,double-letters,tourney,FALSE,10,elitize_generation_data,197,17,0.535,NA
199,38,double-letters,tourney,FALSE,10,elitize_generation_data,198,13,0.565,NA
200,38,double-letters,tourney,FALSE,10,elitize_generation_data,199,11,0.558,NA
201,38,double-letters,tourney,FALSE,10,elitize_generation_data,200,9,0.525,NA
202,38,double-letters,tourney,FALSE,10,elitize_generation_data,201,14,0.503,NA
203,38,double-letters,tourney,FALSE,10,elitize_generation_data,202,14,0.468,NA
204,38,double-letters,tourney,FALSE,10,elitize_generation_data,203,17,0.481,NA
205,38,double-letters,tourney,FALSE,10,elitize_generation_data,204,13,0.523,NA
206,38,double-letters,tourney,FALSE,10,elitize_generation_data,205,13,0.508,NA
207,38,double-letters,tourney,FALSE,10,elitize_generation_data,206,19,0.517,NA
208,38,double-letters,tourney,FALSE,10,elitize_generation_data,207,14,0.538,NA
209,38,double-letters,tourney,FALSE,10,elitize_generation_data,208,12,0.49,NA
210,38,double-letters,tourney,FALSE,10,elitize_generation_data,209,14,0.497,NA
211,38,double-letters,tourney,FALSE,10,elitize_generation_data,210,14,0.519,NA
212,38,double-letters,tourney,FALSE,10,elitize_generation_data,211,18,0.515,NA
213,38,double-letters,tourney,FALSE,10,elitize_generation_data,212,14,0.518,NA
214,38,double-letters,tourney,FALSE,10,elitize_generation_data,213,14,0.486,NA
215,38,double-letters,tourney,FALSE,10,elitize_generation_data,214,19,0.474,NA
216,38,double-letters,tourney,FALSE,10,elitize_generation_data,215,15,0.488,NA
217,38,double-letters,tourney,FALSE,10,elitize_generation_data,216,17,0.494,NA
218,38,double-letters,tourney,FALSE,10,elitize_generation_data,217,17,0.479,NA
219,38,double-letters,tourney,FALSE,10,elitize_generation_data,218,13,0.502,NA
220,38,double-letters,tourney,FALSE,10,elitize_generation_data,219,12,0.513,NA
221,38,double-letters,tourney,FALSE,10,elitize_generation_data,220,14,0.522,NA
222,38,double-letters,tourney,FALSE,10,elitize_generation_data,221,15,0.525,NA
223,38,double-letters,tourney,FALSE,10,elitize_generation_data,222,15,0.499,NA
224,38,double-letters,tourney,FALSE,10,elitize_generation_data,223,17,0.49,NA
225,38,double-letters,tourney,FALSE,10,elitize_generation_data,224,14,0.51,NA
226,38,double-letters,tourney,FALSE,10,elitize_generation_data,225,21,0.502,NA
227,38,double-letters,tourney,FALSE,10,elitize_generation_data,226,18,0.52,NA
228,38,double-letters,tourney,FALSE,10,elitize_generation_data,227,17,0.524,NA
229,38,double-letters,tourney,FALSE,10,elitize_generation_data,228,14,0.536,NA
230,38,double-letters,tourney,FALSE,10,elitize_generation_data,229,16,0.545,NA
231,38,double-letters,tourney,FALSE,10,elitize_generation_data,230,18,0.535,NA
232,38,double-letters,tourney,FALSE,10,elitize_generation_data,231,24,0.523,NA
233,38,double-letters,tourney,FALSE,10,elitize_generation_data,232,24,0.529,NA
234,38,double-letters,tourney,FALSE,10,elitize_generation_data,233,20,0.517,NA
235,38,double-letters,tourney,FALSE,10,elitize_generation_data,234,23,0.497,NA
236,38,double-letters,tourney,FALSE,10,elitize_generation_data,235,20,0.509,NA
237,38,double-letters,tourney,FALSE,10,elitize_generation_data,236,21,0.537,NA
238,38,double-letters,tourney,FALSE,10,elitize_generation_data,237,20,0.531,NA
239,38,double-letters,tourney,FALSE,10,elitize_generation_data,238,26,0.537,NA
240,38,double-letters,tourney,FALSE,10,elitize_generation_data,239,22,0.532,NA
241,38,double-letters,tourney,FALSE,10,elitize_generation_data,240,23,0.539,NA
242,38,double-letters,tourney,FALSE,10,elitize_generation_data,241,22,0.53,NA
243,38,double-letters,tourney,FALSE,10,elitize_generation_data,242,18,0.519,NA
244,38,double-letters,tourney,FALSE,10,elitize_generation_data,243,18,0.513,NA
245,38,double-letters,tourney,FALSE,10,elitize_generation_data,244,16,0.513,NA
246,38,double-letters,tourney,FALSE,10,elitize_generation_data,245,20,0.506,NA
247,38,double-letters,tourney,FALSE,10,elitize_generation_data,246,16,0.479,NA
248,38,double-letters,tourney,FALSE,10,elitize_generation_data,247,19,0.457,NA
249,38,double-letters,tourney,FALSE,10,elitize_generation_data,248,19,0.496,NA
250,38,double-letters,tourney,FALSE,10,elitize_generation_data,249,17,0.475,NA
251,38,double-letters,tourney,FALSE,10,elitize_generation_data,250,17,0.46,NA
252,38,double-letters,tourney,FALSE,10,elitize_generation_data,251,16,0.502,NA
253,38,double-letters,tourney,FALSE,10,elitize_generation_data,252,16,0.474,NA
254,38,double-letters,tourney,FALSE,10,elitize_generation_data,253,18,0.486,NA
255,38,double-letters,tourney,FALSE,10,elitize_generation_data,254,21,0.491,NA
256,38,double-letters,tourney,FALSE,10,elitize_generation_data,255,23,0.507,NA
257,38,double-letters,tourney,FALSE,10,elitize_generation_data,256,20,0.503,NA
258,38,double-letters,tourney,FALSE,10,elitize_generation_data,257,16,0.504,NA
259,38,double-letters,tourney,FALSE,10,elitize_generation_data,258,19,0.486,NA
260,38,double-letters,tourney,FALSE,10,elitize_generation_data,259,19,0.511,NA
261,38,double-letters,tourney,FALSE,10,elitize_generation_data,260,17,0.51,NA
262,38,double-letters,tourney,FALSE,10,elitize_generation_data,261,16,0.503,NA
263,38,double-letters,tourney,FALSE,10,elitize_generation_data,262,19,0.507,NA
264,38,double-letters,tourney,FALSE,10,elitize_generation_data,263,19,0.517,NA
265,38,double-letters,tourney,FALSE,10,elitize_generation_data,264,17,0.507,NA
266,38,double-letters,tourney,FALSE,10,elitize_generation_data,265,19,0.502,NA
267,38,double-letters,tourney,FALSE,10,elitize_generation_data,266,14,0.503,NA
268,38,double-letters,tourney,FALSE,10,elitize_generation_data,267,17,0.535,NA
269,38,double-letters,tourney,FALSE,10,elitize_generation_data,268,17,0.482,NA
270,38,double-letters,tourney,FALSE,10,elitize_generation_data,269,19,0.491,NA
271,38,double-letters,tourney,FALSE,10,elitize_generation_data,270,21,0.511,NA
272,38,double-letters,tourney,FALSE,10,elitize_generation_data,271,16,0.53,NA
273,38,double-letters,tourney,FALSE,10,elitize_generation_data,272,21,0.532,NA
274,38,double-letters,tourney,FALSE,10,elitize_generation_data,273,17,0.53,NA
275,38,double-letters,tourney,FALSE,10,elitize_generation_data,274,17,0.558,NA
276,38,double-letters,tourney,FALSE,10,elitize_generation_data,275,18,0.536,NA
277,38,double-letters,tourney,FALSE,10,elitize_generation_data,276,19,0.562,NA
278,38,double-letters,tourney,FALSE,10,elitize_generation_data,277,24,0.538,NA
279,38,double-letters,tourney,FALSE,10,elitize_generation_data,278,19,0.515,NA
280,38,double-letters,tourney,FALSE,10,elitize_generation_data,279,21,0.527,NA
281,38,double-letters,tourney,FALSE,10,elitize_generation_data,280,22,0.549,NA
282,38,double-letters,tourney,FALSE,10,elitize_generation_data,281,18,0.547,NA
283,38,double-letters,tourney,FALSE,10,elitize_generation_data,282,21,0.532,NA
284,38,double-letters,tourney,FALSE,10,elitize_generation_data,283,18,0.52,NA
285,38,double-letters,tourney,FALSE,10,elitize_generation_data,284,22,0.52,NA
286,38,double-letters,tourney,FALSE,10,elitize_generation_data,285,24,0.54,NA
287,38,double-letters,tourney,FALSE,10,elitize_generation_data,286,23,0.519,NA
288,38,double-letters,tourney,FALSE,10,elitize_generation_data,287,16,0.507,NA
289,38,double-letters,tourney,FALSE,10,elitize_generation_data,288,22,0.519,NA
290,38,double-letters,tourney,FALSE,10,elitize_generation_data,289,20,0.538,NA
291,38,double-letters,tourney,FALSE,10,elitize_generation_data,290,21,0.527,NA
292,38,double-letters,tourney,FALSE,10,elitize_generation_data,291,19,0.517,NA
293,38,double-letters,tourney,FALSE,10,elitize_generation_data,292,16,0.536,NA
294,38,double-letters,tourney,FALSE,10,elitize_generation_data,293,17,0.553,NA
295,38,double-letters,tourney,FALSE,10,elitize_generation_data,294,25,0.534,NA
296,38,double-letters,tourney,FALSE,10,elitize_generation_data,295,20,0.546,NA
297,38,double-letters,tourney,FALSE,10,elitize_generation_data,296,18,0.537,NA
298,38,double-letters,tourney,FALSE,10,elitize_generation_data,297,22,0.545,NA
299,38,double-letters,tourney,FALSE,10,elitize_generation_data,298,20,0.5,NA
300,38,double-letters,tourney,FALSE,10,elitize_generation_data,299,21,0.534,NA
301,38,double-letters,tourney,FALSE,10,elitize_generation_data,300,17,0.506,NA
