,run.num,problem,treatment,succeeded,height,normalization.function,generation,cluster.count,error.diversity,success.generation
1,82,double-letters,tourney,FALSE,10,elitize_generation_data,0,5,0.37,NA
2,82,double-letters,tourney,FALSE,10,elitize_generation_data,1,7,0.15,NA
3,82,double-letters,tourney,FALSE,10,elitize_generation_data,2,10,0.218,NA
4,82,double-letters,tourney,FALSE,10,elitize_generation_data,3,9,0.211,NA
5,82,double-letters,tourney,FALSE,10,elitize_generation_data,4,7,0.083,NA
6,82,double-letters,tourney,FALSE,10,elitize_generation_data,5,11,0.07,NA
7,82,double-letters,tourney,FALSE,10,elitize_generation_data,6,9,0.065,NA
8,82,double-letters,tourney,FALSE,10,elitize_generation_data,7,10,0.09,NA
9,82,double-letters,tourney,FALSE,10,elitize_generation_data,8,13,0.087,NA
10,82,double-letters,tourney,FALSE,10,elitize_generation_data,9,14,0.081,NA
11,82,double-letters,tourney,FALSE,10,elitize_generation_data,10,16,0.12,NA
12,82,double-letters,tourney,FALSE,10,elitize_generation_data,11,27,0.169,NA
13,82,double-letters,tourney,FALSE,10,elitize_generation_data,12,27,0.196,NA
14,82,double-letters,tourney,FALSE,10,elitize_generation_data,13,26,0.213,NA
15,82,double-letters,tourney,FALSE,10,elitize_generation_data,14,28,0.184,NA
16,82,double-letters,tourney,FALSE,10,elitize_generation_data,15,25,0.166,NA
17,82,double-letters,tourney,FALSE,10,elitize_generation_data,16,27,0.19,NA
18,82,double-letters,tourney,FALSE,10,elitize_generation_data,17,25,0.224,NA
19,82,double-letters,tourney,FALSE,10,elitize_generation_data,18,29,0.229,NA
20,82,double-letters,tourney,FALSE,10,elitize_generation_data,19,26,0.201,NA
21,82,double-letters,tourney,FALSE,10,elitize_generation_data,20,21,0.176,NA
22,82,double-letters,tourney,FALSE,10,elitize_generation_data,21,25,0.195,NA
23,82,double-letters,tourney,FALSE,10,elitize_generation_data,22,28,0.168,NA
24,82,double-letters,tourney,FALSE,10,elitize_generation_data,23,21,0.171,NA
25,82,double-letters,tourney,FALSE,10,elitize_generation_data,24,20,0.177,NA
26,82,double-letters,tourney,FALSE,10,elitize_generation_data,25,25,0.199,NA
27,82,double-letters,tourney,FALSE,10,elitize_generation_data,26,27,0.24,NA
28,82,double-letters,tourney,FALSE,10,elitize_generation_data,27,30,0.245,NA
29,82,double-letters,tourney,FALSE,10,elitize_generation_data,28,33,0.271,NA
30,82,double-letters,tourney,FALSE,10,elitize_generation_data,29,34,0.269,NA
31,82,double-letters,tourney,FALSE,10,elitize_generation_data,30,29,0.239,NA
32,82,double-letters,tourney,FALSE,10,elitize_generation_data,31,33,0.254,NA
33,82,double-letters,tourney,FALSE,10,elitize_generation_data,32,36,0.271,NA
34,82,double-letters,tourney,FALSE,10,elitize_generation_data,33,25,0.264,NA
35,82,double-letters,tourney,FALSE,10,elitize_generation_data,34,37,0.273,NA
36,82,double-letters,tourney,FALSE,10,elitize_generation_data,35,35,0.28,NA
37,82,double-letters,tourney,FALSE,10,elitize_generation_data,36,34,0.288,NA
38,82,double-letters,tourney,FALSE,10,elitize_generation_data,37,39,0.266,NA
39,82,double-letters,tourney,FALSE,10,elitize_generation_data,38,28,0.255,NA
40,82,double-letters,tourney,FALSE,10,elitize_generation_data,39,35,0.282,NA
41,82,double-letters,tourney,FALSE,10,elitize_generation_data,40,31,0.283,NA
42,82,double-letters,tourney,FALSE,10,elitize_generation_data,41,30,0.291,NA
43,82,double-letters,tourney,FALSE,10,elitize_generation_data,42,30,0.266,NA
44,82,double-letters,tourney,FALSE,10,elitize_generation_data,43,34,0.264,NA
45,82,double-letters,tourney,FALSE,10,elitize_generation_data,44,30,0.266,NA
46,82,double-letters,tourney,FALSE,10,elitize_generation_data,45,29,0.26,NA
47,82,double-letters,tourney,FALSE,10,elitize_generation_data,46,35,0.295,NA
48,82,double-letters,tourney,FALSE,10,elitize_generation_data,47,34,0.282,NA
49,82,double-letters,tourney,FALSE,10,elitize_generation_data,48,29,0.246,NA
50,82,double-letters,tourney,FALSE,10,elitize_generation_data,49,29,0.28,NA
51,82,double-letters,tourney,FALSE,10,elitize_generation_data,50,30,0.272,NA
52,82,double-letters,tourney,FALSE,10,elitize_generation_data,51,31,0.265,NA
53,82,double-letters,tourney,FALSE,10,elitize_generation_data,52,33,0.262,NA
54,82,double-letters,tourney,FALSE,10,elitize_generation_data,53,28,0.241,NA
55,82,double-letters,tourney,FALSE,10,elitize_generation_data,54,34,0.271,NA
56,82,double-letters,tourney,FALSE,10,elitize_generation_data,55,31,0.259,NA
57,82,double-letters,tourney,FALSE,10,elitize_generation_data,56,24,0.271,NA
58,82,double-letters,tourney,FALSE,10,elitize_generation_data,57,38,0.259,NA
59,82,double-letters,tourney,FALSE,10,elitize_generation_data,58,29,0.241,NA
60,82,double-letters,tourney,FALSE,10,elitize_generation_data,59,32,0.278,NA
61,82,double-letters,tourney,FALSE,10,elitize_generation_data,60,33,0.279,NA
62,82,double-letters,tourney,FALSE,10,elitize_generation_data,61,37,0.291,NA
63,82,double-letters,tourney,FALSE,10,elitize_generation_data,62,27,0.251,NA
64,82,double-letters,tourney,FALSE,10,elitize_generation_data,63,24,0.263,NA
65,82,double-letters,tourney,FALSE,10,elitize_generation_data,64,32,0.254,NA
66,82,double-letters,tourney,FALSE,10,elitize_generation_data,65,27,0.246,NA
67,82,double-letters,tourney,FALSE,10,elitize_generation_data,66,31,0.291,NA
68,82,double-letters,tourney,FALSE,10,elitize_generation_data,67,34,0.276,NA
69,82,double-letters,tourney,FALSE,10,elitize_generation_data,68,37,0.251,NA
70,82,double-letters,tourney,FALSE,10,elitize_generation_data,69,31,0.244,NA
71,82,double-letters,tourney,FALSE,10,elitize_generation_data,70,29,0.245,NA
72,82,double-letters,tourney,FALSE,10,elitize_generation_data,71,37,0.273,NA
73,82,double-letters,tourney,FALSE,10,elitize_generation_data,72,32,0.248,NA
74,82,double-letters,tourney,FALSE,10,elitize_generation_data,73,26,0.226,NA
75,82,double-letters,tourney,FALSE,10,elitize_generation_data,74,34,0.236,NA
76,82,double-letters,tourney,FALSE,10,elitize_generation_data,75,28,0.259,NA
77,82,double-letters,tourney,FALSE,10,elitize_generation_data,76,35,0.254,NA
78,82,double-letters,tourney,FALSE,10,elitize_generation_data,77,31,0.248,NA
79,82,double-letters,tourney,FALSE,10,elitize_generation_data,78,28,0.244,NA
80,82,double-letters,tourney,FALSE,10,elitize_generation_data,79,28,0.241,NA
81,82,double-letters,tourney,FALSE,10,elitize_generation_data,80,26,0.228,NA
82,82,double-letters,tourney,FALSE,10,elitize_generation_data,81,30,0.263,NA
83,82,double-letters,tourney,FALSE,10,elitize_generation_data,82,32,0.239,NA
84,82,double-letters,tourney,FALSE,10,elitize_generation_data,83,35,0.244,NA
85,82,double-letters,tourney,FALSE,10,elitize_generation_data,84,32,0.241,NA
86,82,double-letters,tourney,FALSE,10,elitize_generation_data,85,28,0.235,NA
87,82,double-letters,tourney,FALSE,10,elitize_generation_data,86,31,0.252,NA
88,82,double-letters,tourney,FALSE,10,elitize_generation_data,87,26,0.246,NA
89,82,double-letters,tourney,FALSE,10,elitize_generation_data,88,33,0.265,NA
90,82,double-letters,tourney,FALSE,10,elitize_generation_data,89,30,0.228,NA
91,82,double-letters,tourney,FALSE,10,elitize_generation_data,90,32,0.257,NA
92,82,double-letters,tourney,FALSE,10,elitize_generation_data,91,27,0.231,NA
93,82,double-letters,tourney,FALSE,10,elitize_generation_data,92,33,0.269,NA
94,82,double-letters,tourney,FALSE,10,elitize_generation_data,93,21,0.239,NA
95,82,double-letters,tourney,FALSE,10,elitize_generation_data,94,35,0.248,NA
96,82,double-letters,tourney,FALSE,10,elitize_generation_data,95,32,0.243,NA
97,82,double-letters,tourney,FALSE,10,elitize_generation_data,96,32,0.244,NA
98,82,double-letters,tourney,FALSE,10,elitize_generation_data,97,32,0.248,NA
99,82,double-letters,tourney,FALSE,10,elitize_generation_data,98,27,0.239,NA
100,82,double-letters,tourney,FALSE,10,elitize_generation_data,99,33,0.232,NA
101,82,double-letters,tourney,FALSE,10,elitize_generation_data,100,29,0.226,NA
102,82,double-letters,tourney,FALSE,10,elitize_generation_data,101,27,0.243,NA
103,82,double-letters,tourney,FALSE,10,elitize_generation_data,102,33,0.262,NA
104,82,double-letters,tourney,FALSE,10,elitize_generation_data,103,34,0.259,NA
105,82,double-letters,tourney,FALSE,10,elitize_generation_data,104,28,0.247,NA
106,82,double-letters,tourney,FALSE,10,elitize_generation_data,105,30,0.236,NA
107,82,double-letters,tourney,FALSE,10,elitize_generation_data,106,26,0.235,NA
108,82,double-letters,tourney,FALSE,10,elitize_generation_data,107,25,0.245,NA
109,82,double-letters,tourney,FALSE,10,elitize_generation_data,108,26,0.242,NA
110,82,double-letters,tourney,FALSE,10,elitize_generation_data,109,31,0.25,NA
111,82,double-letters,tourney,FALSE,10,elitize_generation_data,110,34,0.231,NA
112,82,double-letters,tourney,FALSE,10,elitize_generation_data,111,32,0.252,NA
113,82,double-letters,tourney,FALSE,10,elitize_generation_data,112,28,0.227,NA
114,82,double-letters,tourney,FALSE,10,elitize_generation_data,113,25,0.252,NA
115,82,double-letters,tourney,FALSE,10,elitize_generation_data,114,25,0.253,NA
116,82,double-letters,tourney,FALSE,10,elitize_generation_data,115,28,0.231,NA
117,82,double-letters,tourney,FALSE,10,elitize_generation_data,116,29,0.245,NA
118,82,double-letters,tourney,FALSE,10,elitize_generation_data,117,24,0.22,NA
119,82,double-letters,tourney,FALSE,10,elitize_generation_data,118,34,0.256,NA
120,82,double-letters,tourney,FALSE,10,elitize_generation_data,119,25,0.235,NA
121,82,double-letters,tourney,FALSE,10,elitize_generation_data,120,30,0.217,NA
122,82,double-letters,tourney,FALSE,10,elitize_generation_data,121,26,0.216,NA
123,82,double-letters,tourney,FALSE,10,elitize_generation_data,122,30,0.244,NA
124,82,double-letters,tourney,FALSE,10,elitize_generation_data,123,32,0.215,NA
125,82,double-letters,tourney,FALSE,10,elitize_generation_data,124,31,0.226,NA
126,82,double-letters,tourney,FALSE,10,elitize_generation_data,125,32,0.219,NA
127,82,double-letters,tourney,FALSE,10,elitize_generation_data,126,29,0.224,NA
128,82,double-letters,tourney,FALSE,10,elitize_generation_data,127,32,0.229,NA
129,82,double-letters,tourney,FALSE,10,elitize_generation_data,128,38,0.245,NA
130,82,double-letters,tourney,FALSE,10,elitize_generation_data,129,29,0.225,NA
131,82,double-letters,tourney,FALSE,10,elitize_generation_data,130,35,0.249,NA
132,82,double-letters,tourney,FALSE,10,elitize_generation_data,131,29,0.236,NA
133,82,double-letters,tourney,FALSE,10,elitize_generation_data,132,29,0.217,NA
134,82,double-letters,tourney,FALSE,10,elitize_generation_data,133,30,0.218,NA
135,82,double-letters,tourney,FALSE,10,elitize_generation_data,134,30,0.231,NA
136,82,double-letters,tourney,FALSE,10,elitize_generation_data,135,33,0.208,NA
137,82,double-letters,tourney,FALSE,10,elitize_generation_data,136,30,0.227,NA
138,82,double-letters,tourney,FALSE,10,elitize_generation_data,137,24,0.199,NA
139,82,double-letters,tourney,FALSE,10,elitize_generation_data,138,30,0.249,NA
140,82,double-letters,tourney,FALSE,10,elitize_generation_data,139,33,0.238,NA
141,82,double-letters,tourney,FALSE,10,elitize_generation_data,140,26,0.228,NA
142,82,double-letters,tourney,FALSE,10,elitize_generation_data,141,26,0.223,NA
143,82,double-letters,tourney,FALSE,10,elitize_generation_data,142,28,0.236,NA
144,82,double-letters,tourney,FALSE,10,elitize_generation_data,143,24,0.213,NA
145,82,double-letters,tourney,FALSE,10,elitize_generation_data,144,29,0.209,NA
146,82,double-letters,tourney,FALSE,10,elitize_generation_data,145,32,0.228,NA
147,82,double-letters,tourney,FALSE,10,elitize_generation_data,146,27,0.204,NA
148,82,double-letters,tourney,FALSE,10,elitize_generation_data,147,27,0.229,NA
149,82,double-letters,tourney,FALSE,10,elitize_generation_data,148,29,0.2,NA
150,82,double-letters,tourney,FALSE,10,elitize_generation_data,149,29,0.232,NA
151,82,double-letters,tourney,FALSE,10,elitize_generation_data,150,34,0.214,NA
152,82,double-letters,tourney,FALSE,10,elitize_generation_data,151,27,0.204,NA
153,82,double-letters,tourney,FALSE,10,elitize_generation_data,152,26,0.211,NA
154,82,double-letters,tourney,FALSE,10,elitize_generation_data,153,25,0.201,NA
155,82,double-letters,tourney,FALSE,10,elitize_generation_data,154,28,0.194,NA
156,82,double-letters,tourney,FALSE,10,elitize_generation_data,155,25,0.194,NA
157,82,double-letters,tourney,FALSE,10,elitize_generation_data,156,31,0.206,NA
158,82,double-letters,tourney,FALSE,10,elitize_generation_data,157,28,0.207,NA
159,82,double-letters,tourney,FALSE,10,elitize_generation_data,158,23,0.196,NA
160,82,double-letters,tourney,FALSE,10,elitize_generation_data,159,28,0.213,NA
161,82,double-letters,tourney,FALSE,10,elitize_generation_data,160,29,0.214,NA
162,82,double-letters,tourney,FALSE,10,elitize_generation_data,161,36,0.2,NA
163,82,double-letters,tourney,FALSE,10,elitize_generation_data,162,22,0.209,NA
164,82,double-letters,tourney,FALSE,10,elitize_generation_data,163,23,0.197,NA
165,82,double-letters,tourney,FALSE,10,elitize_generation_data,164,27,0.189,NA
166,82,double-letters,tourney,FALSE,10,elitize_generation_data,165,24,0.213,NA
167,82,double-letters,tourney,FALSE,10,elitize_generation_data,166,27,0.201,NA
168,82,double-letters,tourney,FALSE,10,elitize_generation_data,167,25,0.228,NA
169,82,double-letters,tourney,FALSE,10,elitize_generation_data,168,26,0.199,NA
170,82,double-letters,tourney,FALSE,10,elitize_generation_data,169,23,0.216,NA
171,82,double-letters,tourney,FALSE,10,elitize_generation_data,170,25,0.232,NA
172,82,double-letters,tourney,FALSE,10,elitize_generation_data,171,23,0.198,NA
173,82,double-letters,tourney,FALSE,10,elitize_generation_data,172,27,0.21,NA
174,82,double-letters,tourney,FALSE,10,elitize_generation_data,173,22,0.207,NA
175,82,double-letters,tourney,FALSE,10,elitize_generation_data,174,25,0.207,NA
176,82,double-letters,tourney,FALSE,10,elitize_generation_data,175,24,0.217,NA
177,82,double-letters,tourney,FALSE,10,elitize_generation_data,176,30,0.231,NA
178,82,double-letters,tourney,FALSE,10,elitize_generation_data,177,26,0.219,NA
179,82,double-letters,tourney,FALSE,10,elitize_generation_data,178,31,0.211,NA
180,82,double-letters,tourney,FALSE,10,elitize_generation_data,179,25,0.222,NA
181,82,double-letters,tourney,FALSE,10,elitize_generation_data,180,23,0.194,NA
182,82,double-letters,tourney,FALSE,10,elitize_generation_data,181,23,0.211,NA
183,82,double-letters,tourney,FALSE,10,elitize_generation_data,182,29,0.193,NA
184,82,double-letters,tourney,FALSE,10,elitize_generation_data,183,27,0.207,NA
185,82,double-letters,tourney,FALSE,10,elitize_generation_data,184,25,0.211,NA
186,82,double-letters,tourney,FALSE,10,elitize_generation_data,185,22,0.187,NA
187,82,double-letters,tourney,FALSE,10,elitize_generation_data,186,26,0.222,NA
188,82,double-letters,tourney,FALSE,10,elitize_generation_data,187,27,0.218,NA
189,82,double-letters,tourney,FALSE,10,elitize_generation_data,188,31,0.228,NA
190,82,double-letters,tourney,FALSE,10,elitize_generation_data,189,26,0.176,NA
191,82,double-letters,tourney,FALSE,10,elitize_generation_data,190,21,0.157,NA
192,82,double-letters,tourney,FALSE,10,elitize_generation_data,191,25,0.164,NA
193,82,double-letters,tourney,FALSE,10,elitize_generation_data,192,26,0.151,NA
194,82,double-letters,tourney,FALSE,10,elitize_generation_data,193,19,0.165,NA
195,82,double-letters,tourney,FALSE,10,elitize_generation_data,194,21,0.141,NA
196,82,double-letters,tourney,FALSE,10,elitize_generation_data,195,26,0.162,NA
197,82,double-letters,tourney,FALSE,10,elitize_generation_data,196,27,0.169,NA
198,82,double-letters,tourney,FALSE,10,elitize_generation_data,197,21,0.159,NA
199,82,double-letters,tourney,FALSE,10,elitize_generation_data,198,23,0.157,NA
200,82,double-letters,tourney,FALSE,10,elitize_generation_data,199,30,0.18,NA
201,82,double-letters,tourney,FALSE,10,elitize_generation_data,200,22,0.201,NA
202,82,double-letters,tourney,FALSE,10,elitize_generation_data,201,36,0.207,NA
203,82,double-letters,tourney,FALSE,10,elitize_generation_data,202,29,0.165,NA
204,82,double-letters,tourney,FALSE,10,elitize_generation_data,203,27,0.172,NA
205,82,double-letters,tourney,FALSE,10,elitize_generation_data,204,30,0.182,NA
206,82,double-letters,tourney,FALSE,10,elitize_generation_data,205,33,0.185,NA
207,82,double-letters,tourney,FALSE,10,elitize_generation_data,206,41,0.194,NA
208,82,double-letters,tourney,FALSE,10,elitize_generation_data,207,38,0.229,NA
209,82,double-letters,tourney,FALSE,10,elitize_generation_data,208,38,0.214,NA
210,82,double-letters,tourney,FALSE,10,elitize_generation_data,209,32,0.195,NA
211,82,double-letters,tourney,FALSE,10,elitize_generation_data,210,52,0.22,NA
212,82,double-letters,tourney,FALSE,10,elitize_generation_data,211,41,0.231,NA
213,82,double-letters,tourney,FALSE,10,elitize_generation_data,212,43,0.234,NA
214,82,double-letters,tourney,FALSE,10,elitize_generation_data,213,45,0.238,NA
215,82,double-letters,tourney,FALSE,10,elitize_generation_data,214,47,0.227,NA
216,82,double-letters,tourney,FALSE,10,elitize_generation_data,215,51,0.255,NA
217,82,double-letters,tourney,FALSE,10,elitize_generation_data,216,52,0.251,NA
218,82,double-letters,tourney,FALSE,10,elitize_generation_data,217,44,0.255,NA
219,82,double-letters,tourney,FALSE,10,elitize_generation_data,218,47,0.23,NA
220,82,double-letters,tourney,FALSE,10,elitize_generation_data,219,58,0.264,NA
221,82,double-letters,tourney,FALSE,10,elitize_generation_data,220,49,0.221,NA
222,82,double-letters,tourney,FALSE,10,elitize_generation_data,221,59,0.243,NA
223,82,double-letters,tourney,FALSE,10,elitize_generation_data,222,42,0.224,NA
224,82,double-letters,tourney,FALSE,10,elitize_generation_data,223,42,0.227,NA
225,82,double-letters,tourney,FALSE,10,elitize_generation_data,224,37,0.218,NA
226,82,double-letters,tourney,FALSE,10,elitize_generation_data,225,41,0.23,NA
227,82,double-letters,tourney,FALSE,10,elitize_generation_data,226,37,0.236,NA
228,82,double-letters,tourney,FALSE,10,elitize_generation_data,227,34,0.217,NA
229,82,double-letters,tourney,FALSE,10,elitize_generation_data,228,38,0.202,NA
230,82,double-letters,tourney,FALSE,10,elitize_generation_data,229,19,0.169,NA
231,82,double-letters,tourney,FALSE,10,elitize_generation_data,230,27,0.179,NA
232,82,double-letters,tourney,FALSE,10,elitize_generation_data,231,25,0.174,NA
233,82,double-letters,tourney,FALSE,10,elitize_generation_data,232,17,0.155,NA
234,82,double-letters,tourney,FALSE,10,elitize_generation_data,233,26,0.17,NA
235,82,double-letters,tourney,FALSE,10,elitize_generation_data,234,27,0.176,NA
236,82,double-letters,tourney,FALSE,10,elitize_generation_data,235,21,0.184,NA
237,82,double-letters,tourney,FALSE,10,elitize_generation_data,236,22,0.179,NA
238,82,double-letters,tourney,FALSE,10,elitize_generation_data,237,30,0.246,NA
239,82,double-letters,tourney,FALSE,10,elitize_generation_data,238,30,0.229,NA
240,82,double-letters,tourney,FALSE,10,elitize_generation_data,239,32,0.231,NA
241,82,double-letters,tourney,FALSE,10,elitize_generation_data,240,33,0.237,NA
242,82,double-letters,tourney,FALSE,10,elitize_generation_data,241,30,0.233,NA
243,82,double-letters,tourney,FALSE,10,elitize_generation_data,242,27,0.236,NA
244,82,double-letters,tourney,FALSE,10,elitize_generation_data,243,29,0.233,NA
245,82,double-letters,tourney,FALSE,10,elitize_generation_data,244,27,0.273,NA
246,82,double-letters,tourney,FALSE,10,elitize_generation_data,245,32,0.284,NA
247,82,double-letters,tourney,FALSE,10,elitize_generation_data,246,31,0.323,NA
248,82,double-letters,tourney,FALSE,10,elitize_generation_data,247,23,0.313,NA
249,82,double-letters,tourney,FALSE,10,elitize_generation_data,248,33,0.315,NA
250,82,double-letters,tourney,FALSE,10,elitize_generation_data,249,32,0.315,NA
251,82,double-letters,tourney,FALSE,10,elitize_generation_data,250,26,0.343,NA
252,82,double-letters,tourney,FALSE,10,elitize_generation_data,251,39,0.365,NA
253,82,double-letters,tourney,FALSE,10,elitize_generation_data,252,29,0.344,NA
254,82,double-letters,tourney,FALSE,10,elitize_generation_data,253,29,0.324,NA
255,82,double-letters,tourney,FALSE,10,elitize_generation_data,254,24,0.332,NA
256,82,double-letters,tourney,FALSE,10,elitize_generation_data,255,39,0.362,NA
257,82,double-letters,tourney,FALSE,10,elitize_generation_data,256,31,0.346,NA
258,82,double-letters,tourney,FALSE,10,elitize_generation_data,257,25,0.338,NA
259,82,double-letters,tourney,FALSE,10,elitize_generation_data,258,33,0.354,NA
260,82,double-letters,tourney,FALSE,10,elitize_generation_data,259,27,0.345,NA
261,82,double-letters,tourney,FALSE,10,elitize_generation_data,260,25,0.345,NA
262,82,double-letters,tourney,FALSE,10,elitize_generation_data,261,28,0.34,NA
263,82,double-letters,tourney,FALSE,10,elitize_generation_data,262,30,0.366,NA
264,82,double-letters,tourney,FALSE,10,elitize_generation_data,263,33,0.347,NA
265,82,double-letters,tourney,FALSE,10,elitize_generation_data,264,28,0.367,NA
266,82,double-letters,tourney,FALSE,10,elitize_generation_data,265,33,0.366,NA
267,82,double-letters,tourney,FALSE,10,elitize_generation_data,266,39,0.37,NA
268,82,double-letters,tourney,FALSE,10,elitize_generation_data,267,31,0.382,NA
269,82,double-letters,tourney,FALSE,10,elitize_generation_data,268,32,0.331,NA
270,82,double-letters,tourney,FALSE,10,elitize_generation_data,269,35,0.358,NA
271,82,double-letters,tourney,FALSE,10,elitize_generation_data,270,26,0.371,NA
272,82,double-letters,tourney,FALSE,10,elitize_generation_data,271,41,0.382,NA
273,82,double-letters,tourney,FALSE,10,elitize_generation_data,272,26,0.345,NA
274,82,double-letters,tourney,FALSE,10,elitize_generation_data,273,27,0.346,NA
275,82,double-letters,tourney,FALSE,10,elitize_generation_data,274,31,0.353,NA
276,82,double-letters,tourney,FALSE,10,elitize_generation_data,275,30,0.366,NA
277,82,double-letters,tourney,FALSE,10,elitize_generation_data,276,31,0.388,NA
278,82,double-letters,tourney,FALSE,10,elitize_generation_data,277,34,0.365,NA
279,82,double-letters,tourney,FALSE,10,elitize_generation_data,278,36,0.387,NA
280,82,double-letters,tourney,FALSE,10,elitize_generation_data,279,32,0.392,NA
281,82,double-letters,tourney,FALSE,10,elitize_generation_data,280,35,0.374,NA
282,82,double-letters,tourney,FALSE,10,elitize_generation_data,281,34,0.388,NA
283,82,double-letters,tourney,FALSE,10,elitize_generation_data,282,26,0.408,NA
284,82,double-letters,tourney,FALSE,10,elitize_generation_data,283,31,0.369,NA
285,82,double-letters,tourney,FALSE,10,elitize_generation_data,284,36,0.406,NA
286,82,double-letters,tourney,FALSE,10,elitize_generation_data,285,37,0.429,NA
287,82,double-letters,tourney,FALSE,10,elitize_generation_data,286,37,0.406,NA
288,82,double-letters,tourney,FALSE,10,elitize_generation_data,287,29,0.432,NA
289,82,double-letters,tourney,FALSE,10,elitize_generation_data,288,34,0.424,NA
290,82,double-letters,tourney,FALSE,10,elitize_generation_data,289,29,0.414,NA
291,82,double-letters,tourney,FALSE,10,elitize_generation_data,290,23,0.412,NA
292,82,double-letters,tourney,FALSE,10,elitize_generation_data,291,33,0.42,NA
293,82,double-letters,tourney,FALSE,10,elitize_generation_data,292,31,0.413,NA
294,82,double-letters,tourney,FALSE,10,elitize_generation_data,293,31,0.433,NA
295,82,double-letters,tourney,FALSE,10,elitize_generation_data,294,34,0.448,NA
296,82,double-letters,tourney,FALSE,10,elitize_generation_data,295,27,0.413,NA
297,82,double-letters,tourney,FALSE,10,elitize_generation_data,296,29,0.442,NA
298,82,double-letters,tourney,FALSE,10,elitize_generation_data,297,24,0.437,NA
299,82,double-letters,tourney,FALSE,10,elitize_generation_data,298,38,0.397,NA
300,82,double-letters,tourney,FALSE,10,elitize_generation_data,299,36,0.421,NA
301,82,double-letters,tourney,FALSE,10,elitize_generation_data,300,25,0.405,NA
