,run.num,problem,treatment,succeeded,height,normalization.function,generation,cluster.count,error.diversity,success.generation
1,99,double-letters,tourney,FALSE,10,elitize_generation_data,0,5,0.359,NA
2,99,double-letters,tourney,FALSE,10,elitize_generation_data,1,7,0.137,NA
3,99,double-letters,tourney,FALSE,10,elitize_generation_data,2,6,0.207,NA
4,99,double-letters,tourney,FALSE,10,elitize_generation_data,3,6,0.124,NA
5,99,double-letters,tourney,FALSE,10,elitize_generation_data,4,5,0.07,NA
6,99,double-letters,tourney,FALSE,10,elitize_generation_data,5,6,0.075,NA
7,99,double-letters,tourney,FALSE,10,elitize_generation_data,6,7,0.113,NA
8,99,double-letters,tourney,FALSE,10,elitize_generation_data,7,9,0.106,NA
9,99,double-letters,tourney,FALSE,10,elitize_generation_data,8,8,0.09,NA
10,99,double-letters,tourney,FALSE,10,elitize_generation_data,9,7,0.082,NA
11,99,double-letters,tourney,FALSE,10,elitize_generation_data,10,8,0.076,NA
12,99,double-letters,tourney,FALSE,10,elitize_generation_data,11,9,0.081,NA
13,99,double-letters,tourney,FALSE,10,elitize_generation_data,12,9,0.079,NA
14,99,double-letters,tourney,FALSE,10,elitize_generation_data,13,6,0.066,NA
15,99,double-letters,tourney,FALSE,10,elitize_generation_data,14,6,0.077,NA
16,99,double-letters,tourney,FALSE,10,elitize_generation_data,15,6,0.068,NA
17,99,double-letters,tourney,FALSE,10,elitize_generation_data,16,6,0.075,NA
18,99,double-letters,tourney,FALSE,10,elitize_generation_data,17,6,0.06,NA
19,99,double-letters,tourney,FALSE,10,elitize_generation_data,18,8,0.084,NA
20,99,double-letters,tourney,FALSE,10,elitize_generation_data,19,8,0.05,NA
21,99,double-letters,tourney,FALSE,10,elitize_generation_data,20,9,0.068,NA
22,99,double-letters,tourney,FALSE,10,elitize_generation_data,21,11,0.08,NA
23,99,double-letters,tourney,FALSE,10,elitize_generation_data,22,7,0.072,NA
24,99,double-letters,tourney,FALSE,10,elitize_generation_data,23,8,0.06,NA
25,99,double-letters,tourney,FALSE,10,elitize_generation_data,24,10,0.048,NA
26,99,double-letters,tourney,FALSE,10,elitize_generation_data,25,9,0.047,NA
27,99,double-letters,tourney,FALSE,10,elitize_generation_data,26,7,0.038,NA
28,99,double-letters,tourney,FALSE,10,elitize_generation_data,27,6,0.038,NA
29,99,double-letters,tourney,FALSE,10,elitize_generation_data,28,6,0.037,NA
30,99,double-letters,tourney,FALSE,10,elitize_generation_data,29,9,0.041,NA
31,99,double-letters,tourney,FALSE,10,elitize_generation_data,30,11,0.05,NA
32,99,double-letters,tourney,FALSE,10,elitize_generation_data,31,9,0.035,NA
33,99,double-letters,tourney,FALSE,10,elitize_generation_data,32,7,0.035,NA
34,99,double-letters,tourney,FALSE,10,elitize_generation_data,33,8,0.045,NA
35,99,double-letters,tourney,FALSE,10,elitize_generation_data,34,8,0.039,NA
36,99,double-letters,tourney,FALSE,10,elitize_generation_data,35,7,0.045,NA
37,99,double-letters,tourney,FALSE,10,elitize_generation_data,36,10,0.042,NA
38,99,double-letters,tourney,FALSE,10,elitize_generation_data,37,9,0.045,NA
39,99,double-letters,tourney,FALSE,10,elitize_generation_data,38,7,0.042,NA
40,99,double-letters,tourney,FALSE,10,elitize_generation_data,39,9,0.041,NA
41,99,double-letters,tourney,FALSE,10,elitize_generation_data,40,8,0.045,NA
42,99,double-letters,tourney,FALSE,10,elitize_generation_data,41,10,0.041,NA
43,99,double-letters,tourney,FALSE,10,elitize_generation_data,42,8,0.045,NA
44,99,double-letters,tourney,FALSE,10,elitize_generation_data,43,8,0.04,NA
45,99,double-letters,tourney,FALSE,10,elitize_generation_data,44,8,0.046,NA
46,99,double-letters,tourney,FALSE,10,elitize_generation_data,45,9,0.052,NA
47,99,double-letters,tourney,FALSE,10,elitize_generation_data,46,8,0.039,NA
48,99,double-letters,tourney,FALSE,10,elitize_generation_data,47,8,0.041,NA
49,99,double-letters,tourney,FALSE,10,elitize_generation_data,48,7,0.042,NA
50,99,double-letters,tourney,FALSE,10,elitize_generation_data,49,8,0.037,NA
51,99,double-letters,tourney,FALSE,10,elitize_generation_data,50,8,0.047,NA
52,99,double-letters,tourney,FALSE,10,elitize_generation_data,51,8,0.041,NA
53,99,double-letters,tourney,FALSE,10,elitize_generation_data,52,11,0.037,NA
54,99,double-letters,tourney,FALSE,10,elitize_generation_data,53,9,0.048,NA
55,99,double-letters,tourney,FALSE,10,elitize_generation_data,54,11,0.038,NA
56,99,double-letters,tourney,FALSE,10,elitize_generation_data,55,9,0.041,NA
57,99,double-letters,tourney,FALSE,10,elitize_generation_data,56,10,0.044,NA
58,99,double-letters,tourney,FALSE,10,elitize_generation_data,57,9,0.044,NA
59,99,double-letters,tourney,FALSE,10,elitize_generation_data,58,6,0.041,NA
60,99,double-letters,tourney,FALSE,10,elitize_generation_data,59,8,0.04,NA
61,99,double-letters,tourney,FALSE,10,elitize_generation_data,60,11,0.041,NA
62,99,double-letters,tourney,FALSE,10,elitize_generation_data,61,10,0.047,NA
63,99,double-letters,tourney,FALSE,10,elitize_generation_data,62,10,0.053,NA
64,99,double-letters,tourney,FALSE,10,elitize_generation_data,63,11,0.068,NA
65,99,double-letters,tourney,FALSE,10,elitize_generation_data,64,12,0.074,NA
66,99,double-letters,tourney,FALSE,10,elitize_generation_data,65,8,0.063,NA
67,99,double-letters,tourney,FALSE,10,elitize_generation_data,66,11,0.086,NA
68,99,double-letters,tourney,FALSE,10,elitize_generation_data,67,15,0.096,NA
69,99,double-letters,tourney,FALSE,10,elitize_generation_data,68,17,0.101,NA
70,99,double-letters,tourney,FALSE,10,elitize_generation_data,69,16,0.124,NA
71,99,double-letters,tourney,FALSE,10,elitize_generation_data,70,14,0.103,NA
72,99,double-letters,tourney,FALSE,10,elitize_generation_data,71,16,0.101,NA
73,99,double-letters,tourney,FALSE,10,elitize_generation_data,72,16,0.126,NA
74,99,double-letters,tourney,FALSE,10,elitize_generation_data,73,14,0.126,NA
75,99,double-letters,tourney,FALSE,10,elitize_generation_data,74,15,0.135,NA
76,99,double-letters,tourney,FALSE,10,elitize_generation_data,75,14,0.142,NA
77,99,double-letters,tourney,FALSE,10,elitize_generation_data,76,16,0.149,NA
78,99,double-letters,tourney,FALSE,10,elitize_generation_data,77,15,0.155,NA
79,99,double-letters,tourney,FALSE,10,elitize_generation_data,78,14,0.146,NA
80,99,double-letters,tourney,FALSE,10,elitize_generation_data,79,15,0.141,NA
81,99,double-letters,tourney,FALSE,10,elitize_generation_data,80,13,0.153,NA
82,99,double-letters,tourney,FALSE,10,elitize_generation_data,81,15,0.161,NA
83,99,double-letters,tourney,FALSE,10,elitize_generation_data,82,14,0.14,NA
84,99,double-letters,tourney,FALSE,10,elitize_generation_data,83,12,0.14,NA
85,99,double-letters,tourney,FALSE,10,elitize_generation_data,84,16,0.134,NA
86,99,double-letters,tourney,FALSE,10,elitize_generation_data,85,19,0.116,NA
87,99,double-letters,tourney,FALSE,10,elitize_generation_data,86,19,0.088,NA
88,99,double-letters,tourney,FALSE,10,elitize_generation_data,87,11,0.063,NA
89,99,double-letters,tourney,FALSE,10,elitize_generation_data,88,13,0.081,NA
90,99,double-letters,tourney,FALSE,10,elitize_generation_data,89,13,0.081,NA
91,99,double-letters,tourney,FALSE,10,elitize_generation_data,90,11,0.074,NA
92,99,double-letters,tourney,FALSE,10,elitize_generation_data,91,14,0.068,NA
93,99,double-letters,tourney,FALSE,10,elitize_generation_data,92,10,0.074,NA
94,99,double-letters,tourney,FALSE,10,elitize_generation_data,93,12,0.051,NA
95,99,double-letters,tourney,FALSE,10,elitize_generation_data,94,10,0.058,NA
96,99,double-letters,tourney,FALSE,10,elitize_generation_data,95,11,0.053,NA
97,99,double-letters,tourney,FALSE,10,elitize_generation_data,96,11,0.058,NA
98,99,double-letters,tourney,FALSE,10,elitize_generation_data,97,13,0.054,NA
99,99,double-letters,tourney,FALSE,10,elitize_generation_data,98,9,0.051,NA
100,99,double-letters,tourney,FALSE,10,elitize_generation_data,99,8,0.047,NA
101,99,double-letters,tourney,FALSE,10,elitize_generation_data,100,12,0.055,NA
102,99,double-letters,tourney,FALSE,10,elitize_generation_data,101,9,0.047,NA
103,99,double-letters,tourney,FALSE,10,elitize_generation_data,102,12,0.051,NA
104,99,double-letters,tourney,FALSE,10,elitize_generation_data,103,13,0.045,NA
105,99,double-letters,tourney,FALSE,10,elitize_generation_data,104,14,0.048,NA
106,99,double-letters,tourney,FALSE,10,elitize_generation_data,105,9,0.039,NA
107,99,double-letters,tourney,FALSE,10,elitize_generation_data,106,11,0.059,NA
108,99,double-letters,tourney,FALSE,10,elitize_generation_data,107,9,0.049,NA
109,99,double-letters,tourney,FALSE,10,elitize_generation_data,108,9,0.048,NA
110,99,double-letters,tourney,FALSE,10,elitize_generation_data,109,10,0.042,NA
111,99,double-letters,tourney,FALSE,10,elitize_generation_data,110,10,0.045,NA
112,99,double-letters,tourney,FALSE,10,elitize_generation_data,111,12,0.052,NA
113,99,double-letters,tourney,FALSE,10,elitize_generation_data,112,11,0.044,NA
114,99,double-letters,tourney,FALSE,10,elitize_generation_data,113,10,0.046,NA
115,99,double-letters,tourney,FALSE,10,elitize_generation_data,114,10,0.044,NA
116,99,double-letters,tourney,FALSE,10,elitize_generation_data,115,10,0.045,NA
117,99,double-letters,tourney,FALSE,10,elitize_generation_data,116,9,0.043,NA
118,99,double-letters,tourney,FALSE,10,elitize_generation_data,117,10,0.042,NA
119,99,double-letters,tourney,FALSE,10,elitize_generation_data,118,8,0.05,NA
120,99,double-letters,tourney,FALSE,10,elitize_generation_data,119,10,0.043,NA
121,99,double-letters,tourney,FALSE,10,elitize_generation_data,120,11,0.045,NA
122,99,double-letters,tourney,FALSE,10,elitize_generation_data,121,9,0.047,NA
123,99,double-letters,tourney,FALSE,10,elitize_generation_data,122,10,0.046,NA
124,99,double-letters,tourney,FALSE,10,elitize_generation_data,123,8,0.041,NA
125,99,double-letters,tourney,FALSE,10,elitize_generation_data,124,11,0.048,NA
126,99,double-letters,tourney,FALSE,10,elitize_generation_data,125,10,0.049,NA
127,99,double-letters,tourney,FALSE,10,elitize_generation_data,126,11,0.038,NA
128,99,double-letters,tourney,FALSE,10,elitize_generation_data,127,7,0.041,NA
129,99,double-letters,tourney,FALSE,10,elitize_generation_data,128,8,0.046,NA
130,99,double-letters,tourney,FALSE,10,elitize_generation_data,129,11,0.049,NA
131,99,double-letters,tourney,FALSE,10,elitize_generation_data,130,10,0.049,NA
132,99,double-letters,tourney,FALSE,10,elitize_generation_data,131,10,0.047,NA
133,99,double-letters,tourney,FALSE,10,elitize_generation_data,132,10,0.049,NA
134,99,double-letters,tourney,FALSE,10,elitize_generation_data,133,11,0.045,NA
135,99,double-letters,tourney,FALSE,10,elitize_generation_data,134,8,0.039,NA
136,99,double-letters,tourney,FALSE,10,elitize_generation_data,135,9,0.052,NA
137,99,double-letters,tourney,FALSE,10,elitize_generation_data,136,14,0.054,NA
138,99,double-letters,tourney,FALSE,10,elitize_generation_data,137,11,0.046,NA
139,99,double-letters,tourney,FALSE,10,elitize_generation_data,138,14,0.05,NA
140,99,double-letters,tourney,FALSE,10,elitize_generation_data,139,9,0.048,NA
141,99,double-letters,tourney,FALSE,10,elitize_generation_data,140,7,0.038,NA
142,99,double-letters,tourney,FALSE,10,elitize_generation_data,141,9,0.041,NA
143,99,double-letters,tourney,FALSE,10,elitize_generation_data,142,11,0.042,NA
144,99,double-letters,tourney,FALSE,10,elitize_generation_data,143,10,0.044,NA
145,99,double-letters,tourney,FALSE,10,elitize_generation_data,144,8,0.035,NA
146,99,double-letters,tourney,FALSE,10,elitize_generation_data,145,8,0.048,NA
147,99,double-letters,tourney,FALSE,10,elitize_generation_data,146,9,0.043,NA
148,99,double-letters,tourney,FALSE,10,elitize_generation_data,147,9,0.047,NA
149,99,double-letters,tourney,FALSE,10,elitize_generation_data,148,8,0.043,NA
150,99,double-letters,tourney,FALSE,10,elitize_generation_data,149,11,0.041,NA
151,99,double-letters,tourney,FALSE,10,elitize_generation_data,150,11,0.04,NA
152,99,double-letters,tourney,FALSE,10,elitize_generation_data,151,12,0.035,NA
153,99,double-letters,tourney,FALSE,10,elitize_generation_data,152,10,0.046,NA
154,99,double-letters,tourney,FALSE,10,elitize_generation_data,153,10,0.038,NA
155,99,double-letters,tourney,FALSE,10,elitize_generation_data,154,9,0.048,NA
156,99,double-letters,tourney,FALSE,10,elitize_generation_data,155,12,0.044,NA
157,99,double-letters,tourney,FALSE,10,elitize_generation_data,156,11,0.04,NA
158,99,double-letters,tourney,FALSE,10,elitize_generation_data,157,8,0.035,NA
159,99,double-letters,tourney,FALSE,10,elitize_generation_data,158,12,0.046,NA
160,99,double-letters,tourney,FALSE,10,elitize_generation_data,159,10,0.047,NA
161,99,double-letters,tourney,FALSE,10,elitize_generation_data,160,13,0.05,NA
162,99,double-letters,tourney,FALSE,10,elitize_generation_data,161,13,0.053,NA
163,99,double-letters,tourney,FALSE,10,elitize_generation_data,162,9,0.039,NA
164,99,double-letters,tourney,FALSE,10,elitize_generation_data,163,11,0.05,NA
165,99,double-letters,tourney,FALSE,10,elitize_generation_data,164,12,0.057,NA
166,99,double-letters,tourney,FALSE,10,elitize_generation_data,165,8,0.035,NA
167,99,double-letters,tourney,FALSE,10,elitize_generation_data,166,10,0.048,NA
168,99,double-letters,tourney,FALSE,10,elitize_generation_data,167,11,0.042,NA
169,99,double-letters,tourney,FALSE,10,elitize_generation_data,168,9,0.047,NA
170,99,double-letters,tourney,FALSE,10,elitize_generation_data,169,10,0.039,NA
171,99,double-letters,tourney,FALSE,10,elitize_generation_data,170,10,0.036,NA
172,99,double-letters,tourney,FALSE,10,elitize_generation_data,171,8,0.044,NA
173,99,double-letters,tourney,FALSE,10,elitize_generation_data,172,11,0.039,NA
174,99,double-letters,tourney,FALSE,10,elitize_generation_data,173,12,0.048,NA
175,99,double-letters,tourney,FALSE,10,elitize_generation_data,174,13,0.052,NA
176,99,double-letters,tourney,FALSE,10,elitize_generation_data,175,8,0.048,NA
177,99,double-letters,tourney,FALSE,10,elitize_generation_data,176,10,0.043,NA
178,99,double-letters,tourney,FALSE,10,elitize_generation_data,177,10,0.035,NA
179,99,double-letters,tourney,FALSE,10,elitize_generation_data,178,8,0.036,NA
180,99,double-letters,tourney,FALSE,10,elitize_generation_data,179,9,0.05,NA
181,99,double-letters,tourney,FALSE,10,elitize_generation_data,180,11,0.041,NA
182,99,double-letters,tourney,FALSE,10,elitize_generation_data,181,12,0.047,NA
183,99,double-letters,tourney,FALSE,10,elitize_generation_data,182,10,0.037,NA
184,99,double-letters,tourney,FALSE,10,elitize_generation_data,183,9,0.041,NA
185,99,double-letters,tourney,FALSE,10,elitize_generation_data,184,9,0.043,NA
186,99,double-letters,tourney,FALSE,10,elitize_generation_data,185,12,0.04,NA
187,99,double-letters,tourney,FALSE,10,elitize_generation_data,186,11,0.047,NA
188,99,double-letters,tourney,FALSE,10,elitize_generation_data,187,8,0.042,NA
189,99,double-letters,tourney,FALSE,10,elitize_generation_data,188,10,0.035,NA
190,99,double-letters,tourney,FALSE,10,elitize_generation_data,189,11,0.039,NA
191,99,double-letters,tourney,FALSE,10,elitize_generation_data,190,11,0.042,NA
192,99,double-letters,tourney,FALSE,10,elitize_generation_data,191,9,0.034,NA
193,99,double-letters,tourney,FALSE,10,elitize_generation_data,192,12,0.036,NA
194,99,double-letters,tourney,FALSE,10,elitize_generation_data,193,10,0.047,NA
195,99,double-letters,tourney,FALSE,10,elitize_generation_data,194,11,0.041,NA
196,99,double-letters,tourney,FALSE,10,elitize_generation_data,195,11,0.05,NA
197,99,double-letters,tourney,FALSE,10,elitize_generation_data,196,13,0.049,NA
198,99,double-letters,tourney,FALSE,10,elitize_generation_data,197,14,0.045,NA
199,99,double-letters,tourney,FALSE,10,elitize_generation_data,198,9,0.034,NA
200,99,double-letters,tourney,FALSE,10,elitize_generation_data,199,10,0.04,NA
201,99,double-letters,tourney,FALSE,10,elitize_generation_data,200,8,0.038,NA
202,99,double-letters,tourney,FALSE,10,elitize_generation_data,201,9,0.038,NA
203,99,double-letters,tourney,FALSE,10,elitize_generation_data,202,9,0.04,NA
204,99,double-letters,tourney,FALSE,10,elitize_generation_data,203,10,0.048,NA
205,99,double-letters,tourney,FALSE,10,elitize_generation_data,204,10,0.046,NA
206,99,double-letters,tourney,FALSE,10,elitize_generation_data,205,10,0.05,NA
207,99,double-letters,tourney,FALSE,10,elitize_generation_data,206,8,0.036,NA
208,99,double-letters,tourney,FALSE,10,elitize_generation_data,207,10,0.043,NA
209,99,double-letters,tourney,FALSE,10,elitize_generation_data,208,11,0.042,NA
210,99,double-letters,tourney,FALSE,10,elitize_generation_data,209,10,0.041,NA
211,99,double-letters,tourney,FALSE,10,elitize_generation_data,210,11,0.036,NA
212,99,double-letters,tourney,FALSE,10,elitize_generation_data,211,12,0.044,NA
213,99,double-letters,tourney,FALSE,10,elitize_generation_data,212,11,0.036,NA
214,99,double-letters,tourney,FALSE,10,elitize_generation_data,213,9,0.028,NA
215,99,double-letters,tourney,FALSE,10,elitize_generation_data,214,11,0.035,NA
216,99,double-letters,tourney,FALSE,10,elitize_generation_data,215,12,0.04,NA
217,99,double-letters,tourney,FALSE,10,elitize_generation_data,216,13,0.042,NA
218,99,double-letters,tourney,FALSE,10,elitize_generation_data,217,9,0.034,NA
219,99,double-letters,tourney,FALSE,10,elitize_generation_data,218,12,0.051,NA
220,99,double-letters,tourney,FALSE,10,elitize_generation_data,219,8,0.035,NA
221,99,double-letters,tourney,FALSE,10,elitize_generation_data,220,9,0.027,NA
222,99,double-letters,tourney,FALSE,10,elitize_generation_data,221,10,0.038,NA
223,99,double-letters,tourney,FALSE,10,elitize_generation_data,222,8,0.039,NA
224,99,double-letters,tourney,FALSE,10,elitize_generation_data,223,7,0.033,NA
225,99,double-letters,tourney,FALSE,10,elitize_generation_data,224,9,0.025,NA
226,99,double-letters,tourney,FALSE,10,elitize_generation_data,225,10,0.032,NA
227,99,double-letters,tourney,FALSE,10,elitize_generation_data,226,8,0.033,NA
228,99,double-letters,tourney,FALSE,10,elitize_generation_data,227,10,0.036,NA
229,99,double-letters,tourney,FALSE,10,elitize_generation_data,228,10,0.034,NA
230,99,double-letters,tourney,FALSE,10,elitize_generation_data,229,14,0.032,NA
231,99,double-letters,tourney,FALSE,10,elitize_generation_data,230,7,0.036,NA
232,99,double-letters,tourney,FALSE,10,elitize_generation_data,231,8,0.031,NA
233,99,double-letters,tourney,FALSE,10,elitize_generation_data,232,10,0.036,NA
234,99,double-letters,tourney,FALSE,10,elitize_generation_data,233,12,0.039,NA
235,99,double-letters,tourney,FALSE,10,elitize_generation_data,234,9,0.032,NA
236,99,double-letters,tourney,FALSE,10,elitize_generation_data,235,14,0.036,NA
237,99,double-letters,tourney,FALSE,10,elitize_generation_data,236,10,0.034,NA
238,99,double-letters,tourney,FALSE,10,elitize_generation_data,237,9,0.027,NA
239,99,double-letters,tourney,FALSE,10,elitize_generation_data,238,10,0.041,NA
240,99,double-letters,tourney,FALSE,10,elitize_generation_data,239,10,0.034,NA
241,99,double-letters,tourney,FALSE,10,elitize_generation_data,240,9,0.031,NA
242,99,double-letters,tourney,FALSE,10,elitize_generation_data,241,9,0.035,NA
243,99,double-letters,tourney,FALSE,10,elitize_generation_data,242,10,0.034,NA
244,99,double-letters,tourney,FALSE,10,elitize_generation_data,243,11,0.033,NA
245,99,double-letters,tourney,FALSE,10,elitize_generation_data,244,10,0.037,NA
246,99,double-letters,tourney,FALSE,10,elitize_generation_data,245,9,0.027,NA
247,99,double-letters,tourney,FALSE,10,elitize_generation_data,246,9,0.028,NA
248,99,double-letters,tourney,FALSE,10,elitize_generation_data,247,10,0.024,NA
249,99,double-letters,tourney,FALSE,10,elitize_generation_data,248,8,0.021,NA
250,99,double-letters,tourney,FALSE,10,elitize_generation_data,249,11,0.033,NA
251,99,double-letters,tourney,FALSE,10,elitize_generation_data,250,10,0.029,NA
252,99,double-letters,tourney,FALSE,10,elitize_generation_data,251,9,0.027,NA
253,99,double-letters,tourney,FALSE,10,elitize_generation_data,252,9,0.029,NA
254,99,double-letters,tourney,FALSE,10,elitize_generation_data,253,10,0.034,NA
255,99,double-letters,tourney,FALSE,10,elitize_generation_data,254,8,0.029,NA
256,99,double-letters,tourney,FALSE,10,elitize_generation_data,255,12,0.039,NA
257,99,double-letters,tourney,FALSE,10,elitize_generation_data,256,10,0.035,NA
258,99,double-letters,tourney,FALSE,10,elitize_generation_data,257,10,0.029,NA
259,99,double-letters,tourney,FALSE,10,elitize_generation_data,258,7,0.025,NA
260,99,double-letters,tourney,FALSE,10,elitize_generation_data,259,8,0.03,NA
261,99,double-letters,tourney,FALSE,10,elitize_generation_data,260,9,0.027,NA
262,99,double-letters,tourney,FALSE,10,elitize_generation_data,261,11,0.039,NA
263,99,double-letters,tourney,FALSE,10,elitize_generation_data,262,9,0.025,NA
264,99,double-letters,tourney,FALSE,10,elitize_generation_data,263,9,0.031,NA
265,99,double-letters,tourney,FALSE,10,elitize_generation_data,264,11,0.035,NA
266,99,double-letters,tourney,FALSE,10,elitize_generation_data,265,8,0.022,NA
267,99,double-letters,tourney,FALSE,10,elitize_generation_data,266,10,0.028,NA
268,99,double-letters,tourney,FALSE,10,elitize_generation_data,267,10,0.031,NA
269,99,double-letters,tourney,FALSE,10,elitize_generation_data,268,8,0.018,NA
270,99,double-letters,tourney,FALSE,10,elitize_generation_data,269,12,0.033,NA
271,99,double-letters,tourney,FALSE,10,elitize_generation_data,270,12,0.03,NA
272,99,double-letters,tourney,FALSE,10,elitize_generation_data,271,10,0.033,NA
273,99,double-letters,tourney,FALSE,10,elitize_generation_data,272,13,0.03,NA
274,99,double-letters,tourney,FALSE,10,elitize_generation_data,273,8,0.03,NA
275,99,double-letters,tourney,FALSE,10,elitize_generation_data,274,9,0.031,NA
276,99,double-letters,tourney,FALSE,10,elitize_generation_data,275,12,0.031,NA
277,99,double-letters,tourney,FALSE,10,elitize_generation_data,276,9,0.032,NA
278,99,double-letters,tourney,FALSE,10,elitize_generation_data,277,11,0.031,NA
279,99,double-letters,tourney,FALSE,10,elitize_generation_data,278,11,0.031,NA
280,99,double-letters,tourney,FALSE,10,elitize_generation_data,279,12,0.029,NA
281,99,double-letters,tourney,FALSE,10,elitize_generation_data,280,10,0.031,NA
282,99,double-letters,tourney,FALSE,10,elitize_generation_data,281,9,0.03,NA
283,99,double-letters,tourney,FALSE,10,elitize_generation_data,282,9,0.03,NA
284,99,double-letters,tourney,FALSE,10,elitize_generation_data,283,10,0.025,NA
285,99,double-letters,tourney,FALSE,10,elitize_generation_data,284,9,0.025,NA
286,99,double-letters,tourney,FALSE,10,elitize_generation_data,285,12,0.031,NA
287,99,double-letters,tourney,FALSE,10,elitize_generation_data,286,9,0.031,NA
288,99,double-letters,tourney,FALSE,10,elitize_generation_data,287,10,0.035,NA
289,99,double-letters,tourney,FALSE,10,elitize_generation_data,288,10,0.028,NA
290,99,double-letters,tourney,FALSE,10,elitize_generation_data,289,10,0.032,NA
291,99,double-letters,tourney,FALSE,10,elitize_generation_data,290,11,0.031,NA
292,99,double-letters,tourney,FALSE,10,elitize_generation_data,291,11,0.029,NA
293,99,double-letters,tourney,FALSE,10,elitize_generation_data,292,13,0.038,NA
294,99,double-letters,tourney,FALSE,10,elitize_generation_data,293,11,0.03,NA
295,99,double-letters,tourney,FALSE,10,elitize_generation_data,294,9,0.036,NA
296,99,double-letters,tourney,FALSE,10,elitize_generation_data,295,10,0.032,NA
297,99,double-letters,tourney,FALSE,10,elitize_generation_data,296,13,0.037,NA
298,99,double-letters,tourney,FALSE,10,elitize_generation_data,297,9,0.037,NA
299,99,double-letters,tourney,FALSE,10,elitize_generation_data,298,9,0.025,NA
300,99,double-letters,tourney,FALSE,10,elitize_generation_data,299,11,0.038,NA
301,99,double-letters,tourney,FALSE,10,elitize_generation_data,300,10,0.036,NA
