,run.num,problem,treatment,succeeded,height,normalization.function,generation,cluster.count,error.diversity,success.generation
1,83,double-letters,tourney,FALSE,10,elitize_generation_data,0,5,0.389,NA
2,83,double-letters,tourney,FALSE,10,elitize_generation_data,1,5,0.16,NA
3,83,double-letters,tourney,FALSE,10,elitize_generation_data,2,8,0.211,NA
4,83,double-letters,tourney,FALSE,10,elitize_generation_data,3,12,0.185,NA
5,83,double-letters,tourney,FALSE,10,elitize_generation_data,4,7,0.073,NA
6,83,double-letters,tourney,FALSE,10,elitize_generation_data,5,7,0.062,NA
7,83,double-letters,tourney,FALSE,10,elitize_generation_data,6,5,0.05,NA
8,83,double-letters,tourney,FALSE,10,elitize_generation_data,7,6,0.043,NA
9,83,double-letters,tourney,FALSE,10,elitize_generation_data,8,4,0.047,NA
10,83,double-letters,tourney,FALSE,10,elitize_generation_data,9,7,0.048,NA
11,83,double-letters,tourney,FALSE,10,elitize_generation_data,10,7,0.047,NA
12,83,double-letters,tourney,FALSE,10,elitize_generation_data,11,8,0.042,NA
13,83,double-letters,tourney,FALSE,10,elitize_generation_data,12,6,0.038,NA
14,83,double-letters,tourney,FALSE,10,elitize_generation_data,13,9,0.042,NA
15,83,double-letters,tourney,FALSE,10,elitize_generation_data,14,6,0.036,NA
16,83,double-letters,tourney,FALSE,10,elitize_generation_data,15,5,0.04,NA
17,83,double-letters,tourney,FALSE,10,elitize_generation_data,16,5,0.03,NA
18,83,double-letters,tourney,FALSE,10,elitize_generation_data,17,8,0.036,NA
19,83,double-letters,tourney,FALSE,10,elitize_generation_data,18,6,0.035,NA
20,83,double-letters,tourney,FALSE,10,elitize_generation_data,19,6,0.029,NA
21,83,double-letters,tourney,FALSE,10,elitize_generation_data,20,7,0.034,NA
22,83,double-letters,tourney,FALSE,10,elitize_generation_data,21,5,0.032,NA
23,83,double-letters,tourney,FALSE,10,elitize_generation_data,22,5,0.033,NA
24,83,double-letters,tourney,FALSE,10,elitize_generation_data,23,5,0.042,NA
25,83,double-letters,tourney,FALSE,10,elitize_generation_data,24,7,0.046,NA
26,83,double-letters,tourney,FALSE,10,elitize_generation_data,25,5,0.063,NA
27,83,double-letters,tourney,FALSE,10,elitize_generation_data,26,6,0.048,NA
28,83,double-letters,tourney,FALSE,10,elitize_generation_data,27,7,0.059,NA
29,83,double-letters,tourney,FALSE,10,elitize_generation_data,28,7,0.07,NA
30,83,double-letters,tourney,FALSE,10,elitize_generation_data,29,11,0.073,NA
31,83,double-letters,tourney,FALSE,10,elitize_generation_data,30,12,0.094,NA
32,83,double-letters,tourney,FALSE,10,elitize_generation_data,31,11,0.114,NA
33,83,double-letters,tourney,FALSE,10,elitize_generation_data,32,8,0.094,NA
34,83,double-letters,tourney,FALSE,10,elitize_generation_data,33,10,0.112,NA
35,83,double-letters,tourney,FALSE,10,elitize_generation_data,34,9,0.087,NA
36,83,double-letters,tourney,FALSE,10,elitize_generation_data,35,12,0.1,NA
37,83,double-letters,tourney,FALSE,10,elitize_generation_data,36,12,0.126,NA
38,83,double-letters,tourney,FALSE,10,elitize_generation_data,37,11,0.134,NA
39,83,double-letters,tourney,FALSE,10,elitize_generation_data,38,8,0.123,NA
40,83,double-letters,tourney,FALSE,10,elitize_generation_data,39,8,0.122,NA
41,83,double-letters,tourney,FALSE,10,elitize_generation_data,40,12,0.147,NA
42,83,double-letters,tourney,FALSE,10,elitize_generation_data,41,11,0.131,NA
43,83,double-letters,tourney,FALSE,10,elitize_generation_data,42,10,0.147,NA
44,83,double-letters,tourney,FALSE,10,elitize_generation_data,43,13,0.146,NA
45,83,double-letters,tourney,FALSE,10,elitize_generation_data,44,10,0.091,NA
46,83,double-letters,tourney,FALSE,10,elitize_generation_data,45,11,0.122,NA
47,83,double-letters,tourney,FALSE,10,elitize_generation_data,46,17,0.146,NA
48,83,double-letters,tourney,FALSE,10,elitize_generation_data,47,12,0.132,NA
49,83,double-letters,tourney,FALSE,10,elitize_generation_data,48,16,0.141,NA
50,83,double-letters,tourney,FALSE,10,elitize_generation_data,49,21,0.185,NA
51,83,double-letters,tourney,FALSE,10,elitize_generation_data,50,17,0.19,NA
52,83,double-letters,tourney,FALSE,10,elitize_generation_data,51,18,0.198,NA
53,83,double-letters,tourney,FALSE,10,elitize_generation_data,52,18,0.177,NA
54,83,double-letters,tourney,FALSE,10,elitize_generation_data,53,17,0.198,NA
55,83,double-letters,tourney,FALSE,10,elitize_generation_data,54,22,0.206,NA
56,83,double-letters,tourney,FALSE,10,elitize_generation_data,55,15,0.184,NA
57,83,double-letters,tourney,FALSE,10,elitize_generation_data,56,20,0.196,NA
58,83,double-letters,tourney,FALSE,10,elitize_generation_data,57,12,0.199,NA
59,83,double-letters,tourney,FALSE,10,elitize_generation_data,58,19,0.202,NA
60,83,double-letters,tourney,FALSE,10,elitize_generation_data,59,21,0.215,NA
61,83,double-letters,tourney,FALSE,10,elitize_generation_data,60,21,0.208,NA
62,83,double-letters,tourney,FALSE,10,elitize_generation_data,61,17,0.193,NA
63,83,double-letters,tourney,FALSE,10,elitize_generation_data,62,19,0.198,NA
64,83,double-letters,tourney,FALSE,10,elitize_generation_data,63,24,0.207,NA
65,83,double-letters,tourney,FALSE,10,elitize_generation_data,64,18,0.188,NA
66,83,double-letters,tourney,FALSE,10,elitize_generation_data,65,20,0.215,NA
67,83,double-letters,tourney,FALSE,10,elitize_generation_data,66,18,0.199,NA
68,83,double-letters,tourney,FALSE,10,elitize_generation_data,67,22,0.212,NA
69,83,double-letters,tourney,FALSE,10,elitize_generation_data,68,20,0.213,NA
70,83,double-letters,tourney,FALSE,10,elitize_generation_data,69,20,0.224,NA
71,83,double-letters,tourney,FALSE,10,elitize_generation_data,70,21,0.275,NA
72,83,double-letters,tourney,FALSE,10,elitize_generation_data,71,25,0.261,NA
73,83,double-letters,tourney,FALSE,10,elitize_generation_data,72,24,0.275,NA
74,83,double-letters,tourney,FALSE,10,elitize_generation_data,73,29,0.294,NA
75,83,double-letters,tourney,FALSE,10,elitize_generation_data,74,31,0.295,NA
76,83,double-letters,tourney,FALSE,10,elitize_generation_data,75,26,0.269,NA
77,83,double-letters,tourney,FALSE,10,elitize_generation_data,76,32,0.279,NA
78,83,double-letters,tourney,FALSE,10,elitize_generation_data,77,34,0.287,NA
79,83,double-letters,tourney,FALSE,10,elitize_generation_data,78,33,0.28,NA
80,83,double-letters,tourney,FALSE,10,elitize_generation_data,79,30,0.294,NA
81,83,double-letters,tourney,FALSE,10,elitize_generation_data,80,32,0.266,NA
82,83,double-letters,tourney,FALSE,10,elitize_generation_data,81,27,0.213,NA
83,83,double-letters,tourney,FALSE,10,elitize_generation_data,82,24,0.222,NA
84,83,double-letters,tourney,FALSE,10,elitize_generation_data,83,34,0.261,NA
85,83,double-letters,tourney,FALSE,10,elitize_generation_data,84,37,0.257,NA
86,83,double-letters,tourney,FALSE,10,elitize_generation_data,85,36,0.314,NA
87,83,double-letters,tourney,FALSE,10,elitize_generation_data,86,34,0.3,NA
88,83,double-letters,tourney,FALSE,10,elitize_generation_data,87,32,0.245,NA
89,83,double-letters,tourney,FALSE,10,elitize_generation_data,88,27,0.255,NA
90,83,double-letters,tourney,FALSE,10,elitize_generation_data,89,34,0.309,NA
91,83,double-letters,tourney,FALSE,10,elitize_generation_data,90,30,0.292,NA
92,83,double-letters,tourney,FALSE,10,elitize_generation_data,91,28,0.227,NA
93,83,double-letters,tourney,FALSE,10,elitize_generation_data,92,21,0.163,NA
94,83,double-letters,tourney,FALSE,10,elitize_generation_data,93,15,0.173,NA
95,83,double-letters,tourney,FALSE,10,elitize_generation_data,94,16,0.145,NA
96,83,double-letters,tourney,FALSE,10,elitize_generation_data,95,20,0.152,NA
97,83,double-letters,tourney,FALSE,10,elitize_generation_data,96,19,0.164,NA
98,83,double-letters,tourney,FALSE,10,elitize_generation_data,97,11,0.149,NA
99,83,double-letters,tourney,FALSE,10,elitize_generation_data,98,17,0.173,NA
100,83,double-letters,tourney,FALSE,10,elitize_generation_data,99,18,0.15,NA
101,83,double-letters,tourney,FALSE,10,elitize_generation_data,100,23,0.164,NA
102,83,double-letters,tourney,FALSE,10,elitize_generation_data,101,18,0.143,NA
103,83,double-letters,tourney,FALSE,10,elitize_generation_data,102,16,0.146,NA
104,83,double-letters,tourney,FALSE,10,elitize_generation_data,103,20,0.17,NA
105,83,double-letters,tourney,FALSE,10,elitize_generation_data,104,24,0.155,NA
106,83,double-letters,tourney,FALSE,10,elitize_generation_data,105,25,0.163,NA
107,83,double-letters,tourney,FALSE,10,elitize_generation_data,106,21,0.156,NA
108,83,double-letters,tourney,FALSE,10,elitize_generation_data,107,20,0.162,NA
109,83,double-letters,tourney,FALSE,10,elitize_generation_data,108,18,0.162,NA
110,83,double-letters,tourney,FALSE,10,elitize_generation_data,109,21,0.162,NA
111,83,double-letters,tourney,FALSE,10,elitize_generation_data,110,21,0.157,NA
112,83,double-letters,tourney,FALSE,10,elitize_generation_data,111,17,0.154,NA
113,83,double-letters,tourney,FALSE,10,elitize_generation_data,112,22,0.17,NA
114,83,double-letters,tourney,FALSE,10,elitize_generation_data,113,14,0.154,NA
115,83,double-letters,tourney,FALSE,10,elitize_generation_data,114,17,0.174,NA
116,83,double-letters,tourney,FALSE,10,elitize_generation_data,115,23,0.162,NA
117,83,double-letters,tourney,FALSE,10,elitize_generation_data,116,22,0.16,NA
118,83,double-letters,tourney,FALSE,10,elitize_generation_data,117,20,0.153,NA
119,83,double-letters,tourney,FALSE,10,elitize_generation_data,118,19,0.151,NA
120,83,double-letters,tourney,FALSE,10,elitize_generation_data,119,26,0.163,NA
121,83,double-letters,tourney,FALSE,10,elitize_generation_data,120,24,0.174,NA
122,83,double-letters,tourney,FALSE,10,elitize_generation_data,121,21,0.146,NA
123,83,double-letters,tourney,FALSE,10,elitize_generation_data,122,18,0.146,NA
124,83,double-letters,tourney,FALSE,10,elitize_generation_data,123,23,0.152,NA
125,83,double-letters,tourney,FALSE,10,elitize_generation_data,124,19,0.166,NA
126,83,double-letters,tourney,FALSE,10,elitize_generation_data,125,20,0.151,NA
127,83,double-letters,tourney,FALSE,10,elitize_generation_data,126,20,0.165,NA
128,83,double-letters,tourney,FALSE,10,elitize_generation_data,127,19,0.153,NA
129,83,double-letters,tourney,FALSE,10,elitize_generation_data,128,21,0.139,NA
130,83,double-letters,tourney,FALSE,10,elitize_generation_data,129,19,0.14,NA
131,83,double-letters,tourney,FALSE,10,elitize_generation_data,130,21,0.16,NA
132,83,double-letters,tourney,FALSE,10,elitize_generation_data,131,19,0.146,NA
133,83,double-letters,tourney,FALSE,10,elitize_generation_data,132,22,0.145,NA
134,83,double-letters,tourney,FALSE,10,elitize_generation_data,133,20,0.153,NA
135,83,double-letters,tourney,FALSE,10,elitize_generation_data,134,21,0.141,NA
136,83,double-letters,tourney,FALSE,10,elitize_generation_data,135,17,0.162,NA
137,83,double-letters,tourney,FALSE,10,elitize_generation_data,136,20,0.143,NA
138,83,double-letters,tourney,FALSE,10,elitize_generation_data,137,17,0.142,NA
139,83,double-letters,tourney,FALSE,10,elitize_generation_data,138,23,0.14,NA
140,83,double-letters,tourney,FALSE,10,elitize_generation_data,139,23,0.144,NA
141,83,double-letters,tourney,FALSE,10,elitize_generation_data,140,18,0.154,NA
142,83,double-letters,tourney,FALSE,10,elitize_generation_data,141,25,0.163,NA
143,83,double-letters,tourney,FALSE,10,elitize_generation_data,142,18,0.145,NA
144,83,double-letters,tourney,FALSE,10,elitize_generation_data,143,22,0.154,NA
145,83,double-letters,tourney,FALSE,10,elitize_generation_data,144,21,0.132,NA
146,83,double-letters,tourney,FALSE,10,elitize_generation_data,145,22,0.148,NA
147,83,double-letters,tourney,FALSE,10,elitize_generation_data,146,19,0.13,NA
148,83,double-letters,tourney,FALSE,10,elitize_generation_data,147,21,0.151,NA
149,83,double-letters,tourney,FALSE,10,elitize_generation_data,148,22,0.139,NA
150,83,double-letters,tourney,FALSE,10,elitize_generation_data,149,20,0.139,NA
151,83,double-letters,tourney,FALSE,10,elitize_generation_data,150,21,0.147,NA
152,83,double-letters,tourney,FALSE,10,elitize_generation_data,151,20,0.146,NA
153,83,double-letters,tourney,FALSE,10,elitize_generation_data,152,14,0.137,NA
154,83,double-letters,tourney,FALSE,10,elitize_generation_data,153,21,0.152,NA
155,83,double-letters,tourney,FALSE,10,elitize_generation_data,154,17,0.146,NA
156,83,double-letters,tourney,FALSE,10,elitize_generation_data,155,16,0.136,NA
157,83,double-letters,tourney,FALSE,10,elitize_generation_data,156,24,0.161,NA
158,83,double-letters,tourney,FALSE,10,elitize_generation_data,157,16,0.151,NA
159,83,double-letters,tourney,FALSE,10,elitize_generation_data,158,16,0.134,NA
160,83,double-letters,tourney,FALSE,10,elitize_generation_data,159,15,0.115,NA
161,83,double-letters,tourney,FALSE,10,elitize_generation_data,160,19,0.133,NA
162,83,double-letters,tourney,FALSE,10,elitize_generation_data,161,22,0.154,NA
163,83,double-letters,tourney,FALSE,10,elitize_generation_data,162,22,0.143,NA
164,83,double-letters,tourney,FALSE,10,elitize_generation_data,163,17,0.112,NA
165,83,double-letters,tourney,FALSE,10,elitize_generation_data,164,18,0.129,NA
166,83,double-letters,tourney,FALSE,10,elitize_generation_data,165,18,0.117,NA
167,83,double-letters,tourney,FALSE,10,elitize_generation_data,166,23,0.133,NA
168,83,double-letters,tourney,FALSE,10,elitize_generation_data,167,20,0.135,NA
169,83,double-letters,tourney,FALSE,10,elitize_generation_data,168,14,0.127,NA
170,83,double-letters,tourney,FALSE,10,elitize_generation_data,169,18,0.12,NA
171,83,double-letters,tourney,FALSE,10,elitize_generation_data,170,16,0.121,NA
172,83,double-letters,tourney,FALSE,10,elitize_generation_data,171,20,0.124,NA
173,83,double-letters,tourney,FALSE,10,elitize_generation_data,172,15,0.138,NA
174,83,double-letters,tourney,FALSE,10,elitize_generation_data,173,18,0.129,NA
175,83,double-letters,tourney,FALSE,10,elitize_generation_data,174,20,0.126,NA
176,83,double-letters,tourney,FALSE,10,elitize_generation_data,175,19,0.135,NA
177,83,double-letters,tourney,FALSE,10,elitize_generation_data,176,17,0.149,NA
178,83,double-letters,tourney,FALSE,10,elitize_generation_data,177,20,0.127,NA
179,83,double-letters,tourney,FALSE,10,elitize_generation_data,178,17,0.136,NA
180,83,double-letters,tourney,FALSE,10,elitize_generation_data,179,19,0.126,NA
181,83,double-letters,tourney,FALSE,10,elitize_generation_data,180,21,0.122,NA
182,83,double-letters,tourney,FALSE,10,elitize_generation_data,181,16,0.127,NA
183,83,double-letters,tourney,FALSE,10,elitize_generation_data,182,21,0.122,NA
184,83,double-letters,tourney,FALSE,10,elitize_generation_data,183,18,0.124,NA
185,83,double-letters,tourney,FALSE,10,elitize_generation_data,184,15,0.106,NA
186,83,double-letters,tourney,FALSE,10,elitize_generation_data,185,18,0.127,NA
187,83,double-letters,tourney,FALSE,10,elitize_generation_data,186,20,0.132,NA
188,83,double-letters,tourney,FALSE,10,elitize_generation_data,187,24,0.129,NA
189,83,double-letters,tourney,FALSE,10,elitize_generation_data,188,20,0.14,NA
190,83,double-letters,tourney,FALSE,10,elitize_generation_data,189,17,0.139,NA
191,83,double-letters,tourney,FALSE,10,elitize_generation_data,190,17,0.11,NA
192,83,double-letters,tourney,FALSE,10,elitize_generation_data,191,20,0.133,NA
193,83,double-letters,tourney,FALSE,10,elitize_generation_data,192,21,0.117,NA
194,83,double-letters,tourney,FALSE,10,elitize_generation_data,193,19,0.159,NA
195,83,double-letters,tourney,FALSE,10,elitize_generation_data,194,24,0.147,NA
196,83,double-letters,tourney,FALSE,10,elitize_generation_data,195,16,0.145,NA
197,83,double-letters,tourney,FALSE,10,elitize_generation_data,196,21,0.148,NA
198,83,double-letters,tourney,FALSE,10,elitize_generation_data,197,21,0.173,NA
199,83,double-letters,tourney,FALSE,10,elitize_generation_data,198,18,0.165,NA
200,83,double-letters,tourney,FALSE,10,elitize_generation_data,199,25,0.168,NA
201,83,double-letters,tourney,FALSE,10,elitize_generation_data,200,23,0.185,NA
202,83,double-letters,tourney,FALSE,10,elitize_generation_data,201,24,0.193,NA
203,83,double-letters,tourney,FALSE,10,elitize_generation_data,202,22,0.158,NA
204,83,double-letters,tourney,FALSE,10,elitize_generation_data,203,20,0.165,NA
205,83,double-letters,tourney,FALSE,10,elitize_generation_data,204,23,0.178,NA
206,83,double-letters,tourney,FALSE,10,elitize_generation_data,205,27,0.175,NA
207,83,double-letters,tourney,FALSE,10,elitize_generation_data,206,23,0.176,NA
208,83,double-letters,tourney,FALSE,10,elitize_generation_data,207,29,0.177,NA
209,83,double-letters,tourney,FALSE,10,elitize_generation_data,208,30,0.189,NA
210,83,double-letters,tourney,FALSE,10,elitize_generation_data,209,27,0.159,NA
211,83,double-letters,tourney,FALSE,10,elitize_generation_data,210,26,0.183,NA
212,83,double-letters,tourney,FALSE,10,elitize_generation_data,211,36,0.183,NA
213,83,double-letters,tourney,FALSE,10,elitize_generation_data,212,26,0.17,NA
214,83,double-letters,tourney,FALSE,10,elitize_generation_data,213,33,0.183,NA
215,83,double-letters,tourney,FALSE,10,elitize_generation_data,214,29,0.171,NA
216,83,double-letters,tourney,FALSE,10,elitize_generation_data,215,29,0.186,NA
217,83,double-letters,tourney,FALSE,10,elitize_generation_data,216,26,0.199,NA
218,83,double-letters,tourney,FALSE,10,elitize_generation_data,217,30,0.204,NA
219,83,double-letters,tourney,FALSE,10,elitize_generation_data,218,30,0.229,NA
220,83,double-letters,tourney,FALSE,10,elitize_generation_data,219,27,0.236,NA
221,83,double-letters,tourney,FALSE,10,elitize_generation_data,220,24,0.232,NA
222,83,double-letters,tourney,FALSE,10,elitize_generation_data,221,34,0.244,NA
223,83,double-letters,tourney,FALSE,10,elitize_generation_data,222,27,0.244,NA
224,83,double-letters,tourney,FALSE,10,elitize_generation_data,223,30,0.244,NA
225,83,double-letters,tourney,FALSE,10,elitize_generation_data,224,24,0.262,NA
226,83,double-letters,tourney,FALSE,10,elitize_generation_data,225,24,0.262,NA
227,83,double-letters,tourney,FALSE,10,elitize_generation_data,226,31,0.252,NA
228,83,double-letters,tourney,FALSE,10,elitize_generation_data,227,28,0.26,NA
229,83,double-letters,tourney,FALSE,10,elitize_generation_data,228,24,0.256,NA
230,83,double-letters,tourney,FALSE,10,elitize_generation_data,229,32,0.27,NA
231,83,double-letters,tourney,FALSE,10,elitize_generation_data,230,36,0.26,NA
232,83,double-letters,tourney,FALSE,10,elitize_generation_data,231,31,0.288,NA
233,83,double-letters,tourney,FALSE,10,elitize_generation_data,232,36,0.299,NA
234,83,double-letters,tourney,FALSE,10,elitize_generation_data,233,42,0.314,NA
235,83,double-letters,tourney,FALSE,10,elitize_generation_data,234,38,0.31,NA
236,83,double-letters,tourney,FALSE,10,elitize_generation_data,235,34,0.318,NA
237,83,double-letters,tourney,FALSE,10,elitize_generation_data,236,31,0.352,NA
238,83,double-letters,tourney,FALSE,10,elitize_generation_data,237,29,0.367,NA
239,83,double-letters,tourney,FALSE,10,elitize_generation_data,238,30,0.358,NA
240,83,double-letters,tourney,FALSE,10,elitize_generation_data,239,26,0.415,NA
241,83,double-letters,tourney,FALSE,10,elitize_generation_data,240,40,0.446,NA
242,83,double-letters,tourney,FALSE,10,elitize_generation_data,241,36,0.447,NA
243,83,double-letters,tourney,FALSE,10,elitize_generation_data,242,44,0.391,NA
244,83,double-letters,tourney,FALSE,10,elitize_generation_data,243,48,0.397,NA
245,83,double-letters,tourney,FALSE,10,elitize_generation_data,244,44,0.478,NA
246,83,double-letters,tourney,FALSE,10,elitize_generation_data,245,55,0.54,NA
247,83,double-letters,tourney,FALSE,10,elitize_generation_data,246,59,0.592,NA
248,83,double-letters,tourney,FALSE,10,elitize_generation_data,247,73,0.622,NA
249,83,double-letters,tourney,FALSE,10,elitize_generation_data,248,55,0.619,NA
250,83,double-letters,tourney,FALSE,10,elitize_generation_data,249,43,0.594,NA
251,83,double-letters,tourney,FALSE,10,elitize_generation_data,250,58,0.589,NA
252,83,double-letters,tourney,FALSE,10,elitize_generation_data,251,55,0.596,NA
253,83,double-letters,tourney,FALSE,10,elitize_generation_data,252,64,0.587,NA
254,83,double-letters,tourney,FALSE,10,elitize_generation_data,253,51,0.611,NA
255,83,double-letters,tourney,FALSE,10,elitize_generation_data,254,45,0.626,NA
256,83,double-letters,tourney,FALSE,10,elitize_generation_data,255,61,0.644,NA
257,83,double-letters,tourney,FALSE,10,elitize_generation_data,256,53,0.622,NA
258,83,double-letters,tourney,FALSE,10,elitize_generation_data,257,53,0.639,NA
259,83,double-letters,tourney,FALSE,10,elitize_generation_data,258,51,0.606,NA
260,83,double-letters,tourney,FALSE,10,elitize_generation_data,259,57,0.554,NA
261,83,double-letters,tourney,FALSE,10,elitize_generation_data,260,54,0.59,NA
262,83,double-letters,tourney,FALSE,10,elitize_generation_data,261,52,0.549,NA
263,83,double-letters,tourney,FALSE,10,elitize_generation_data,262,52,0.553,NA
264,83,double-letters,tourney,FALSE,10,elitize_generation_data,263,42,0.496,NA
265,83,double-letters,tourney,FALSE,10,elitize_generation_data,264,64,0.512,NA
266,83,double-letters,tourney,FALSE,10,elitize_generation_data,265,43,0.512,NA
267,83,double-letters,tourney,FALSE,10,elitize_generation_data,266,46,0.522,NA
268,83,double-letters,tourney,FALSE,10,elitize_generation_data,267,53,0.538,NA
269,83,double-letters,tourney,FALSE,10,elitize_generation_data,268,49,0.491,NA
270,83,double-letters,tourney,FALSE,10,elitize_generation_data,269,50,0.508,NA
271,83,double-letters,tourney,FALSE,10,elitize_generation_data,270,50,0.521,NA
272,83,double-letters,tourney,FALSE,10,elitize_generation_data,271,52,0.512,NA
273,83,double-letters,tourney,FALSE,10,elitize_generation_data,272,56,0.529,NA
274,83,double-letters,tourney,FALSE,10,elitize_generation_data,273,66,0.54,NA
275,83,double-letters,tourney,FALSE,10,elitize_generation_data,274,55,0.533,NA
276,83,double-letters,tourney,FALSE,10,elitize_generation_data,275,48,0.539,NA
277,83,double-letters,tourney,FALSE,10,elitize_generation_data,276,50,0.539,NA
278,83,double-letters,tourney,FALSE,10,elitize_generation_data,277,55,0.543,NA
279,83,double-letters,tourney,FALSE,10,elitize_generation_data,278,45,0.515,NA
280,83,double-letters,tourney,FALSE,10,elitize_generation_data,279,52,0.533,NA
281,83,double-letters,tourney,FALSE,10,elitize_generation_data,280,48,0.508,NA
282,83,double-letters,tourney,FALSE,10,elitize_generation_data,281,48,0.527,NA
283,83,double-letters,tourney,FALSE,10,elitize_generation_data,282,46,0.498,NA
284,83,double-letters,tourney,FALSE,10,elitize_generation_data,283,47,0.519,NA
285,83,double-letters,tourney,FALSE,10,elitize_generation_data,284,54,0.529,NA
286,83,double-letters,tourney,FALSE,10,elitize_generation_data,285,45,0.532,NA
287,83,double-letters,tourney,FALSE,10,elitize_generation_data,286,56,0.545,NA
288,83,double-letters,tourney,FALSE,10,elitize_generation_data,287,52,0.53,NA
289,83,double-letters,tourney,FALSE,10,elitize_generation_data,288,39,0.521,NA
290,83,double-letters,tourney,FALSE,10,elitize_generation_data,289,43,0.533,NA
291,83,double-letters,tourney,FALSE,10,elitize_generation_data,290,41,0.538,NA
292,83,double-letters,tourney,FALSE,10,elitize_generation_data,291,49,0.538,NA
293,83,double-letters,tourney,FALSE,10,elitize_generation_data,292,45,0.576,NA
294,83,double-letters,tourney,FALSE,10,elitize_generation_data,293,50,0.546,NA
295,83,double-letters,tourney,FALSE,10,elitize_generation_data,294,38,0.558,NA
296,83,double-letters,tourney,FALSE,10,elitize_generation_data,295,51,0.552,NA
297,83,double-letters,tourney,FALSE,10,elitize_generation_data,296,62,0.554,NA
298,83,double-letters,tourney,FALSE,10,elitize_generation_data,297,56,0.548,NA
299,83,double-letters,tourney,FALSE,10,elitize_generation_data,298,45,0.565,NA
300,83,double-letters,tourney,FALSE,10,elitize_generation_data,299,58,0.577,NA
301,83,double-letters,tourney,FALSE,10,elitize_generation_data,300,56,0.587,NA
