,run.num,problem,treatment,succeeded,height,normalization.function,generation,cluster.count,error.diversity,success.generation
1,24,double-letters,tourney,FALSE,10,elitize_generation_data,0,4,0.37,NA
2,24,double-letters,tourney,FALSE,10,elitize_generation_data,1,4,0.137,NA
3,24,double-letters,tourney,FALSE,10,elitize_generation_data,2,7,0.162,NA
4,24,double-letters,tourney,FALSE,10,elitize_generation_data,3,6,0.109,NA
5,24,double-letters,tourney,FALSE,10,elitize_generation_data,4,7,0.054,NA
6,24,double-letters,tourney,FALSE,10,elitize_generation_data,5,7,0.049,NA
7,24,double-letters,tourney,FALSE,10,elitize_generation_data,6,5,0.044,NA
8,24,double-letters,tourney,FALSE,10,elitize_generation_data,7,7,0.04,NA
9,24,double-letters,tourney,FALSE,10,elitize_generation_data,8,5,0.044,NA
10,24,double-letters,tourney,FALSE,10,elitize_generation_data,9,8,0.053,NA
11,24,double-letters,tourney,FALSE,10,elitize_generation_data,10,7,0.037,NA
12,24,double-letters,tourney,FALSE,10,elitize_generation_data,11,8,0.053,NA
13,24,double-letters,tourney,FALSE,10,elitize_generation_data,12,8,0.055,NA
14,24,double-letters,tourney,FALSE,10,elitize_generation_data,13,8,0.063,NA
15,24,double-letters,tourney,FALSE,10,elitize_generation_data,14,11,0.102,NA
16,24,double-letters,tourney,FALSE,10,elitize_generation_data,15,13,0.11,NA
17,24,double-letters,tourney,FALSE,10,elitize_generation_data,16,16,0.134,NA
18,24,double-letters,tourney,FALSE,10,elitize_generation_data,17,21,0.147,NA
19,24,double-letters,tourney,FALSE,10,elitize_generation_data,18,23,0.155,NA
20,24,double-letters,tourney,FALSE,10,elitize_generation_data,19,13,0.112,NA
21,24,double-letters,tourney,FALSE,10,elitize_generation_data,20,14,0.111,NA
22,24,double-letters,tourney,FALSE,10,elitize_generation_data,21,19,0.138,NA
23,24,double-letters,tourney,FALSE,10,elitize_generation_data,22,16,0.128,NA
24,24,double-letters,tourney,FALSE,10,elitize_generation_data,23,18,0.167,NA
25,24,double-letters,tourney,FALSE,10,elitize_generation_data,24,18,0.153,NA
26,24,double-letters,tourney,FALSE,10,elitize_generation_data,25,20,0.131,NA
27,24,double-letters,tourney,FALSE,10,elitize_generation_data,26,16,0.107,NA
28,24,double-letters,tourney,FALSE,10,elitize_generation_data,27,21,0.13,NA
29,24,double-letters,tourney,FALSE,10,elitize_generation_data,28,19,0.127,NA
30,24,double-letters,tourney,FALSE,10,elitize_generation_data,29,18,0.109,NA
31,24,double-letters,tourney,FALSE,10,elitize_generation_data,30,15,0.139,NA
32,24,double-letters,tourney,FALSE,10,elitize_generation_data,31,17,0.154,NA
33,24,double-letters,tourney,FALSE,10,elitize_generation_data,32,16,0.165,NA
34,24,double-letters,tourney,FALSE,10,elitize_generation_data,33,19,0.175,NA
35,24,double-letters,tourney,FALSE,10,elitize_generation_data,34,16,0.2,NA
36,24,double-letters,tourney,FALSE,10,elitize_generation_data,35,17,0.194,NA
37,24,double-letters,tourney,FALSE,10,elitize_generation_data,36,16,0.19,NA
38,24,double-letters,tourney,FALSE,10,elitize_generation_data,37,21,0.211,NA
39,24,double-letters,tourney,FALSE,10,elitize_generation_data,38,21,0.217,NA
40,24,double-letters,tourney,FALSE,10,elitize_generation_data,39,15,0.215,NA
41,24,double-letters,tourney,FALSE,10,elitize_generation_data,40,18,0.206,NA
42,24,double-letters,tourney,FALSE,10,elitize_generation_data,41,19,0.197,NA
43,24,double-letters,tourney,FALSE,10,elitize_generation_data,42,17,0.197,NA
44,24,double-letters,tourney,FALSE,10,elitize_generation_data,43,19,0.219,NA
45,24,double-letters,tourney,FALSE,10,elitize_generation_data,44,14,0.194,NA
46,24,double-letters,tourney,FALSE,10,elitize_generation_data,45,19,0.178,NA
47,24,double-letters,tourney,FALSE,10,elitize_generation_data,46,16,0.182,NA
48,24,double-letters,tourney,FALSE,10,elitize_generation_data,47,15,0.194,NA
49,24,double-letters,tourney,FALSE,10,elitize_generation_data,48,18,0.184,NA
50,24,double-letters,tourney,FALSE,10,elitize_generation_data,49,16,0.165,NA
51,24,double-letters,tourney,FALSE,10,elitize_generation_data,50,16,0.173,NA
52,24,double-letters,tourney,FALSE,10,elitize_generation_data,51,15,0.191,NA
53,24,double-letters,tourney,FALSE,10,elitize_generation_data,52,15,0.189,NA
54,24,double-letters,tourney,FALSE,10,elitize_generation_data,53,17,0.18,NA
55,24,double-letters,tourney,FALSE,10,elitize_generation_data,54,16,0.155,NA
56,24,double-letters,tourney,FALSE,10,elitize_generation_data,55,12,0.159,NA
57,24,double-letters,tourney,FALSE,10,elitize_generation_data,56,17,0.158,NA
58,24,double-letters,tourney,FALSE,10,elitize_generation_data,57,20,0.181,NA
59,24,double-letters,tourney,FALSE,10,elitize_generation_data,58,16,0.197,NA
60,24,double-letters,tourney,FALSE,10,elitize_generation_data,59,18,0.2,NA
61,24,double-letters,tourney,FALSE,10,elitize_generation_data,60,21,0.188,NA
62,24,double-letters,tourney,FALSE,10,elitize_generation_data,61,15,0.196,NA
63,24,double-letters,tourney,FALSE,10,elitize_generation_data,62,14,0.184,NA
64,24,double-letters,tourney,FALSE,10,elitize_generation_data,63,20,0.179,NA
65,24,double-letters,tourney,FALSE,10,elitize_generation_data,64,17,0.173,NA
66,24,double-letters,tourney,FALSE,10,elitize_generation_data,65,18,0.192,NA
67,24,double-letters,tourney,FALSE,10,elitize_generation_data,66,18,0.192,NA
68,24,double-letters,tourney,FALSE,10,elitize_generation_data,67,14,0.2,NA
69,24,double-letters,tourney,FALSE,10,elitize_generation_data,68,14,0.201,NA
70,24,double-letters,tourney,FALSE,10,elitize_generation_data,69,19,0.255,NA
71,24,double-letters,tourney,FALSE,10,elitize_generation_data,70,17,0.26,NA
72,24,double-letters,tourney,FALSE,10,elitize_generation_data,71,24,0.242,NA
73,24,double-letters,tourney,FALSE,10,elitize_generation_data,72,20,0.268,NA
74,24,double-letters,tourney,FALSE,10,elitize_generation_data,73,19,0.278,NA
75,24,double-letters,tourney,FALSE,10,elitize_generation_data,74,23,0.26,NA
76,24,double-letters,tourney,FALSE,10,elitize_generation_data,75,21,0.255,NA
77,24,double-letters,tourney,FALSE,10,elitize_generation_data,76,23,0.258,NA
78,24,double-letters,tourney,FALSE,10,elitize_generation_data,77,20,0.27,NA
79,24,double-letters,tourney,FALSE,10,elitize_generation_data,78,26,0.246,NA
80,24,double-letters,tourney,FALSE,10,elitize_generation_data,79,24,0.259,NA
81,24,double-letters,tourney,FALSE,10,elitize_generation_data,80,25,0.257,NA
82,24,double-letters,tourney,FALSE,10,elitize_generation_data,81,21,0.262,NA
83,24,double-letters,tourney,FALSE,10,elitize_generation_data,82,21,0.261,NA
84,24,double-letters,tourney,FALSE,10,elitize_generation_data,83,23,0.263,NA
85,24,double-letters,tourney,FALSE,10,elitize_generation_data,84,26,0.245,NA
86,24,double-letters,tourney,FALSE,10,elitize_generation_data,85,18,0.243,NA
87,24,double-letters,tourney,FALSE,10,elitize_generation_data,86,22,0.271,NA
88,24,double-letters,tourney,FALSE,10,elitize_generation_data,87,22,0.241,NA
89,24,double-letters,tourney,FALSE,10,elitize_generation_data,88,22,0.253,NA
90,24,double-letters,tourney,FALSE,10,elitize_generation_data,89,23,0.251,NA
91,24,double-letters,tourney,FALSE,10,elitize_generation_data,90,25,0.266,NA
92,24,double-letters,tourney,FALSE,10,elitize_generation_data,91,23,0.259,NA
93,24,double-letters,tourney,FALSE,10,elitize_generation_data,92,17,0.262,NA
94,24,double-letters,tourney,FALSE,10,elitize_generation_data,93,21,0.268,NA
95,24,double-letters,tourney,FALSE,10,elitize_generation_data,94,22,0.248,NA
96,24,double-letters,tourney,FALSE,10,elitize_generation_data,95,21,0.291,NA
97,24,double-letters,tourney,FALSE,10,elitize_generation_data,96,24,0.263,NA
98,24,double-letters,tourney,FALSE,10,elitize_generation_data,97,23,0.251,NA
99,24,double-letters,tourney,FALSE,10,elitize_generation_data,98,22,0.267,NA
100,24,double-letters,tourney,FALSE,10,elitize_generation_data,99,19,0.232,NA
101,24,double-letters,tourney,FALSE,10,elitize_generation_data,100,16,0.247,NA
102,24,double-letters,tourney,FALSE,10,elitize_generation_data,101,22,0.281,NA
103,24,double-letters,tourney,FALSE,10,elitize_generation_data,102,21,0.267,NA
104,24,double-letters,tourney,FALSE,10,elitize_generation_data,103,20,0.244,NA
105,24,double-letters,tourney,FALSE,10,elitize_generation_data,104,18,0.27,NA
106,24,double-letters,tourney,FALSE,10,elitize_generation_data,105,20,0.269,NA
107,24,double-letters,tourney,FALSE,10,elitize_generation_data,106,25,0.242,NA
108,24,double-letters,tourney,FALSE,10,elitize_generation_data,107,19,0.258,NA
109,24,double-letters,tourney,FALSE,10,elitize_generation_data,108,19,0.264,NA
110,24,double-letters,tourney,FALSE,10,elitize_generation_data,109,17,0.246,NA
111,24,double-letters,tourney,FALSE,10,elitize_generation_data,110,23,0.252,NA
112,24,double-letters,tourney,FALSE,10,elitize_generation_data,111,21,0.273,NA
113,24,double-letters,tourney,FALSE,10,elitize_generation_data,112,23,0.251,NA
114,24,double-letters,tourney,FALSE,10,elitize_generation_data,113,20,0.228,NA
115,24,double-letters,tourney,FALSE,10,elitize_generation_data,114,23,0.268,NA
116,24,double-letters,tourney,FALSE,10,elitize_generation_data,115,16,0.255,NA
117,24,double-letters,tourney,FALSE,10,elitize_generation_data,116,23,0.253,NA
118,24,double-letters,tourney,FALSE,10,elitize_generation_data,117,22,0.252,NA
119,24,double-letters,tourney,FALSE,10,elitize_generation_data,118,22,0.251,NA
120,24,double-letters,tourney,FALSE,10,elitize_generation_data,119,20,0.261,NA
121,24,double-letters,tourney,FALSE,10,elitize_generation_data,120,15,0.248,NA
122,24,double-letters,tourney,FALSE,10,elitize_generation_data,121,13,0.26,NA
123,24,double-letters,tourney,FALSE,10,elitize_generation_data,122,15,0.272,NA
124,24,double-letters,tourney,FALSE,10,elitize_generation_data,123,15,0.254,NA
125,24,double-letters,tourney,FALSE,10,elitize_generation_data,124,19,0.28,NA
126,24,double-letters,tourney,FALSE,10,elitize_generation_data,125,20,0.304,NA
127,24,double-letters,tourney,FALSE,10,elitize_generation_data,126,20,0.295,NA
128,24,double-letters,tourney,FALSE,10,elitize_generation_data,127,16,0.24,NA
129,24,double-letters,tourney,FALSE,10,elitize_generation_data,128,15,0.246,NA
130,24,double-letters,tourney,FALSE,10,elitize_generation_data,129,15,0.262,NA
131,24,double-letters,tourney,FALSE,10,elitize_generation_data,130,14,0.241,NA
132,24,double-letters,tourney,FALSE,10,elitize_generation_data,131,14,0.24,NA
133,24,double-letters,tourney,FALSE,10,elitize_generation_data,132,15,0.251,NA
134,24,double-letters,tourney,FALSE,10,elitize_generation_data,133,14,0.215,NA
135,24,double-letters,tourney,FALSE,10,elitize_generation_data,134,15,0.24,NA
136,24,double-letters,tourney,FALSE,10,elitize_generation_data,135,13,0.26,NA
137,24,double-letters,tourney,FALSE,10,elitize_generation_data,136,18,0.249,NA
138,24,double-letters,tourney,FALSE,10,elitize_generation_data,137,16,0.28,NA
139,24,double-letters,tourney,FALSE,10,elitize_generation_data,138,13,0.259,NA
140,24,double-letters,tourney,FALSE,10,elitize_generation_data,139,14,0.28,NA
141,24,double-letters,tourney,FALSE,10,elitize_generation_data,140,14,0.24,NA
142,24,double-letters,tourney,FALSE,10,elitize_generation_data,141,14,0.243,NA
143,24,double-letters,tourney,FALSE,10,elitize_generation_data,142,13,0.221,NA
144,24,double-letters,tourney,FALSE,10,elitize_generation_data,143,15,0.224,NA
145,24,double-letters,tourney,FALSE,10,elitize_generation_data,144,15,0.229,NA
146,24,double-letters,tourney,FALSE,10,elitize_generation_data,145,14,0.233,NA
147,24,double-letters,tourney,FALSE,10,elitize_generation_data,146,15,0.251,NA
148,24,double-letters,tourney,FALSE,10,elitize_generation_data,147,13,0.26,NA
149,24,double-letters,tourney,FALSE,10,elitize_generation_data,148,17,0.285,NA
150,24,double-letters,tourney,FALSE,10,elitize_generation_data,149,17,0.265,NA
151,24,double-letters,tourney,FALSE,10,elitize_generation_data,150,16,0.234,NA
152,24,double-letters,tourney,FALSE,10,elitize_generation_data,151,16,0.233,NA
153,24,double-letters,tourney,FALSE,10,elitize_generation_data,152,15,0.251,NA
154,24,double-letters,tourney,FALSE,10,elitize_generation_data,153,13,0.208,NA
155,24,double-letters,tourney,FALSE,10,elitize_generation_data,154,14,0.222,NA
156,24,double-letters,tourney,FALSE,10,elitize_generation_data,155,13,0.221,NA
157,24,double-letters,tourney,FALSE,10,elitize_generation_data,156,14,0.258,NA
158,24,double-letters,tourney,FALSE,10,elitize_generation_data,157,10,0.235,NA
159,24,double-letters,tourney,FALSE,10,elitize_generation_data,158,17,0.246,NA
160,24,double-letters,tourney,FALSE,10,elitize_generation_data,159,14,0.247,NA
161,24,double-letters,tourney,FALSE,10,elitize_generation_data,160,13,0.231,NA
162,24,double-letters,tourney,FALSE,10,elitize_generation_data,161,14,0.249,NA
163,24,double-letters,tourney,FALSE,10,elitize_generation_data,162,13,0.229,NA
164,24,double-letters,tourney,FALSE,10,elitize_generation_data,163,14,0.239,NA
165,24,double-letters,tourney,FALSE,10,elitize_generation_data,164,13,0.234,NA
166,24,double-letters,tourney,FALSE,10,elitize_generation_data,165,13,0.269,NA
167,24,double-letters,tourney,FALSE,10,elitize_generation_data,166,16,0.274,NA
168,24,double-letters,tourney,FALSE,10,elitize_generation_data,167,16,0.281,NA
169,24,double-letters,tourney,FALSE,10,elitize_generation_data,168,16,0.325,NA
170,24,double-letters,tourney,FALSE,10,elitize_generation_data,169,19,0.342,NA
171,24,double-letters,tourney,FALSE,10,elitize_generation_data,170,14,0.335,NA
172,24,double-letters,tourney,FALSE,10,elitize_generation_data,171,17,0.318,NA
173,24,double-letters,tourney,FALSE,10,elitize_generation_data,172,15,0.318,NA
174,24,double-letters,tourney,FALSE,10,elitize_generation_data,173,13,0.299,NA
175,24,double-letters,tourney,FALSE,10,elitize_generation_data,174,15,0.309,NA
176,24,double-letters,tourney,FALSE,10,elitize_generation_data,175,16,0.312,NA
177,24,double-letters,tourney,FALSE,10,elitize_generation_data,176,15,0.292,NA
178,24,double-letters,tourney,FALSE,10,elitize_generation_data,177,17,0.299,NA
179,24,double-letters,tourney,FALSE,10,elitize_generation_data,178,16,0.303,NA
180,24,double-letters,tourney,FALSE,10,elitize_generation_data,179,16,0.309,NA
181,24,double-letters,tourney,FALSE,10,elitize_generation_data,180,17,0.347,NA
182,24,double-letters,tourney,FALSE,10,elitize_generation_data,181,16,0.357,NA
183,24,double-letters,tourney,FALSE,10,elitize_generation_data,182,17,0.373,NA
184,24,double-letters,tourney,FALSE,10,elitize_generation_data,183,19,0.38,NA
185,24,double-letters,tourney,FALSE,10,elitize_generation_data,184,16,0.387,NA
186,24,double-letters,tourney,FALSE,10,elitize_generation_data,185,19,0.379,NA
187,24,double-letters,tourney,FALSE,10,elitize_generation_data,186,16,0.367,NA
188,24,double-letters,tourney,FALSE,10,elitize_generation_data,187,15,0.362,NA
189,24,double-letters,tourney,FALSE,10,elitize_generation_data,188,21,0.369,NA
190,24,double-letters,tourney,FALSE,10,elitize_generation_data,189,16,0.383,NA
191,24,double-letters,tourney,FALSE,10,elitize_generation_data,190,20,0.372,NA
192,24,double-letters,tourney,FALSE,10,elitize_generation_data,191,14,0.376,NA
193,24,double-letters,tourney,FALSE,10,elitize_generation_data,192,13,0.369,NA
194,24,double-letters,tourney,FALSE,10,elitize_generation_data,193,18,0.36,NA
195,24,double-letters,tourney,FALSE,10,elitize_generation_data,194,15,0.39,NA
196,24,double-letters,tourney,FALSE,10,elitize_generation_data,195,14,0.37,NA
197,24,double-letters,tourney,FALSE,10,elitize_generation_data,196,16,0.364,NA
198,24,double-letters,tourney,FALSE,10,elitize_generation_data,197,19,0.37,NA
199,24,double-letters,tourney,FALSE,10,elitize_generation_data,198,18,0.373,NA
200,24,double-letters,tourney,FALSE,10,elitize_generation_data,199,19,0.367,NA
201,24,double-letters,tourney,FALSE,10,elitize_generation_data,200,17,0.357,NA
202,24,double-letters,tourney,FALSE,10,elitize_generation_data,201,18,0.357,NA
203,24,double-letters,tourney,FALSE,10,elitize_generation_data,202,17,0.359,NA
204,24,double-letters,tourney,FALSE,10,elitize_generation_data,203,14,0.352,NA
205,24,double-letters,tourney,FALSE,10,elitize_generation_data,204,15,0.37,NA
206,24,double-letters,tourney,FALSE,10,elitize_generation_data,205,21,0.403,NA
207,24,double-letters,tourney,FALSE,10,elitize_generation_data,206,15,0.384,NA
208,24,double-letters,tourney,FALSE,10,elitize_generation_data,207,18,0.369,NA
209,24,double-letters,tourney,FALSE,10,elitize_generation_data,208,16,0.409,NA
210,24,double-letters,tourney,FALSE,10,elitize_generation_data,209,15,0.393,NA
211,24,double-letters,tourney,FALSE,10,elitize_generation_data,210,17,0.391,NA
212,24,double-letters,tourney,FALSE,10,elitize_generation_data,211,15,0.382,NA
213,24,double-letters,tourney,FALSE,10,elitize_generation_data,212,15,0.371,NA
214,24,double-letters,tourney,FALSE,10,elitize_generation_data,213,14,0.393,NA
215,24,double-letters,tourney,FALSE,10,elitize_generation_data,214,17,0.361,NA
216,24,double-letters,tourney,FALSE,10,elitize_generation_data,215,16,0.374,NA
217,24,double-letters,tourney,FALSE,10,elitize_generation_data,216,18,0.378,NA
218,24,double-letters,tourney,FALSE,10,elitize_generation_data,217,16,0.368,NA
219,24,double-letters,tourney,FALSE,10,elitize_generation_data,218,16,0.38,NA
220,24,double-letters,tourney,FALSE,10,elitize_generation_data,219,15,0.393,NA
221,24,double-letters,tourney,FALSE,10,elitize_generation_data,220,17,0.37,NA
222,24,double-letters,tourney,FALSE,10,elitize_generation_data,221,16,0.384,NA
223,24,double-letters,tourney,FALSE,10,elitize_generation_data,222,14,0.346,NA
224,24,double-letters,tourney,FALSE,10,elitize_generation_data,223,16,0.346,NA
225,24,double-letters,tourney,FALSE,10,elitize_generation_data,224,18,0.388,NA
226,24,double-letters,tourney,FALSE,10,elitize_generation_data,225,17,0.408,NA
227,24,double-letters,tourney,FALSE,10,elitize_generation_data,226,13,0.371,NA
228,24,double-letters,tourney,FALSE,10,elitize_generation_data,227,17,0.441,NA
229,24,double-letters,tourney,FALSE,10,elitize_generation_data,228,13,0.433,NA
230,24,double-letters,tourney,FALSE,10,elitize_generation_data,229,16,0.453,NA
231,24,double-letters,tourney,FALSE,10,elitize_generation_data,230,17,0.439,NA
232,24,double-letters,tourney,FALSE,10,elitize_generation_data,231,17,0.452,NA
233,24,double-letters,tourney,FALSE,10,elitize_generation_data,232,19,0.456,NA
234,24,double-letters,tourney,FALSE,10,elitize_generation_data,233,19,0.459,NA
235,24,double-letters,tourney,FALSE,10,elitize_generation_data,234,20,0.446,NA
236,24,double-letters,tourney,FALSE,10,elitize_generation_data,235,16,0.469,NA
237,24,double-letters,tourney,FALSE,10,elitize_generation_data,236,14,0.468,NA
238,24,double-letters,tourney,FALSE,10,elitize_generation_data,237,15,0.524,NA
239,24,double-letters,tourney,FALSE,10,elitize_generation_data,238,14,0.51,NA
240,24,double-letters,tourney,FALSE,10,elitize_generation_data,239,17,0.509,NA
241,24,double-letters,tourney,FALSE,10,elitize_generation_data,240,15,0.494,NA
242,24,double-letters,tourney,FALSE,10,elitize_generation_data,241,17,0.481,NA
243,24,double-letters,tourney,FALSE,10,elitize_generation_data,242,19,0.496,NA
244,24,double-letters,tourney,FALSE,10,elitize_generation_data,243,18,0.487,NA
245,24,double-letters,tourney,FALSE,10,elitize_generation_data,244,14,0.478,NA
246,24,double-letters,tourney,FALSE,10,elitize_generation_data,245,17,0.507,NA
247,24,double-letters,tourney,FALSE,10,elitize_generation_data,246,16,0.511,NA
248,24,double-letters,tourney,FALSE,10,elitize_generation_data,247,17,0.509,NA
249,24,double-letters,tourney,FALSE,10,elitize_generation_data,248,18,0.515,NA
250,24,double-letters,tourney,FALSE,10,elitize_generation_data,249,14,0.504,NA
251,24,double-letters,tourney,FALSE,10,elitize_generation_data,250,15,0.506,NA
252,24,double-letters,tourney,FALSE,10,elitize_generation_data,251,16,0.489,NA
253,24,double-letters,tourney,FALSE,10,elitize_generation_data,252,17,0.511,NA
254,24,double-letters,tourney,FALSE,10,elitize_generation_data,253,16,0.513,NA
255,24,double-letters,tourney,FALSE,10,elitize_generation_data,254,20,0.525,NA
256,24,double-letters,tourney,FALSE,10,elitize_generation_data,255,15,0.499,NA
257,24,double-letters,tourney,FALSE,10,elitize_generation_data,256,17,0.488,NA
258,24,double-letters,tourney,FALSE,10,elitize_generation_data,257,22,0.515,NA
259,24,double-letters,tourney,FALSE,10,elitize_generation_data,258,13,0.52,NA
260,24,double-letters,tourney,FALSE,10,elitize_generation_data,259,16,0.51,NA
261,24,double-letters,tourney,FALSE,10,elitize_generation_data,260,13,0.519,NA
262,24,double-letters,tourney,FALSE,10,elitize_generation_data,261,13,0.495,NA
263,24,double-letters,tourney,FALSE,10,elitize_generation_data,262,17,0.524,NA
264,24,double-letters,tourney,FALSE,10,elitize_generation_data,263,14,0.54,NA
265,24,double-letters,tourney,FALSE,10,elitize_generation_data,264,16,0.544,NA
266,24,double-letters,tourney,FALSE,10,elitize_generation_data,265,18,0.549,NA
267,24,double-letters,tourney,FALSE,10,elitize_generation_data,266,15,0.536,NA
268,24,double-letters,tourney,FALSE,10,elitize_generation_data,267,17,0.544,NA
269,24,double-letters,tourney,FALSE,10,elitize_generation_data,268,16,0.552,NA
270,24,double-letters,tourney,FALSE,10,elitize_generation_data,269,15,0.539,NA
271,24,double-letters,tourney,FALSE,10,elitize_generation_data,270,16,0.537,NA
272,24,double-letters,tourney,FALSE,10,elitize_generation_data,271,18,0.568,NA
273,24,double-letters,tourney,FALSE,10,elitize_generation_data,272,18,0.611,NA
274,24,double-letters,tourney,FALSE,10,elitize_generation_data,273,15,0.623,NA
275,24,double-letters,tourney,FALSE,10,elitize_generation_data,274,13,0.65,NA
276,24,double-letters,tourney,FALSE,10,elitize_generation_data,275,13,0.606,NA
277,24,double-letters,tourney,FALSE,10,elitize_generation_data,276,12,0.629,NA
278,24,double-letters,tourney,FALSE,10,elitize_generation_data,277,15,0.643,NA
279,24,double-letters,tourney,FALSE,10,elitize_generation_data,278,13,0.638,NA
280,24,double-letters,tourney,FALSE,10,elitize_generation_data,279,17,0.668,NA
281,24,double-letters,tourney,FALSE,10,elitize_generation_data,280,14,0.693,NA
282,24,double-letters,tourney,FALSE,10,elitize_generation_data,281,17,0.687,NA
283,24,double-letters,tourney,FALSE,10,elitize_generation_data,282,17,0.67,NA
284,24,double-letters,tourney,FALSE,10,elitize_generation_data,283,17,0.675,NA
285,24,double-letters,tourney,FALSE,10,elitize_generation_data,284,16,0.666,NA
286,24,double-letters,tourney,FALSE,10,elitize_generation_data,285,17,0.694,NA
287,24,double-letters,tourney,FALSE,10,elitize_generation_data,286,15,0.67,NA
288,24,double-letters,tourney,FALSE,10,elitize_generation_data,287,16,0.653,NA
289,24,double-letters,tourney,FALSE,10,elitize_generation_data,288,19,0.687,NA
290,24,double-letters,tourney,FALSE,10,elitize_generation_data,289,17,0.723,NA
291,24,double-letters,tourney,FALSE,10,elitize_generation_data,290,19,0.728,NA
292,24,double-letters,tourney,FALSE,10,elitize_generation_data,291,16,0.718,NA
293,24,double-letters,tourney,FALSE,10,elitize_generation_data,292,19,0.757,NA
294,24,double-letters,tourney,FALSE,10,elitize_generation_data,293,11,0.741,NA
295,24,double-letters,tourney,FALSE,10,elitize_generation_data,294,19,0.728,NA
296,24,double-letters,tourney,FALSE,10,elitize_generation_data,295,19,0.74,NA
297,24,double-letters,tourney,FALSE,10,elitize_generation_data,296,15,0.729,NA
298,24,double-letters,tourney,FALSE,10,elitize_generation_data,297,23,0.738,NA
299,24,double-letters,tourney,FALSE,10,elitize_generation_data,298,19,0.714,NA
300,24,double-letters,tourney,FALSE,10,elitize_generation_data,299,22,0.701,NA
301,24,double-letters,tourney,FALSE,10,elitize_generation_data,300,16,0.684,NA
