,run.num,problem,treatment,succeeded,height,normalization.function,generation,cluster.count,error.diversity,success.generation
1,96,double-letters,tourney,FALSE,10,elitize_generation_data,0,4,0.39,NA
2,96,double-letters,tourney,FALSE,10,elitize_generation_data,1,6,0.199,NA
3,96,double-letters,tourney,FALSE,10,elitize_generation_data,2,7,0.288,NA
4,96,double-letters,tourney,FALSE,10,elitize_generation_data,3,8,0.301,NA
5,96,double-letters,tourney,FALSE,10,elitize_generation_data,4,8,0.11,NA
6,96,double-letters,tourney,FALSE,10,elitize_generation_data,5,8,0.069,NA
7,96,double-letters,tourney,FALSE,10,elitize_generation_data,6,7,0.103,NA
8,96,double-letters,tourney,FALSE,10,elitize_generation_data,7,6,0.142,NA
9,96,double-letters,tourney,FALSE,10,elitize_generation_data,8,6,0.112,NA
10,96,double-letters,tourney,FALSE,10,elitize_generation_data,9,8,0.104,NA
11,96,double-letters,tourney,FALSE,10,elitize_generation_data,10,6,0.098,NA
12,96,double-letters,tourney,FALSE,10,elitize_generation_data,11,8,0.123,NA
13,96,double-letters,tourney,FALSE,10,elitize_generation_data,12,9,0.14,NA
14,96,double-letters,tourney,FALSE,10,elitize_generation_data,13,10,0.162,NA
15,96,double-letters,tourney,FALSE,10,elitize_generation_data,14,7,0.12,NA
16,96,double-letters,tourney,FALSE,10,elitize_generation_data,15,8,0.113,NA
17,96,double-letters,tourney,FALSE,10,elitize_generation_data,16,10,0.153,NA
18,96,double-letters,tourney,FALSE,10,elitize_generation_data,17,9,0.144,NA
19,96,double-letters,tourney,FALSE,10,elitize_generation_data,18,9,0.133,NA
20,96,double-letters,tourney,FALSE,10,elitize_generation_data,19,11,0.136,NA
21,96,double-letters,tourney,FALSE,10,elitize_generation_data,20,9,0.149,NA
22,96,double-letters,tourney,FALSE,10,elitize_generation_data,21,11,0.171,NA
23,96,double-letters,tourney,FALSE,10,elitize_generation_data,22,9,0.17,NA
24,96,double-letters,tourney,FALSE,10,elitize_generation_data,23,10,0.154,NA
25,96,double-letters,tourney,FALSE,10,elitize_generation_data,24,13,0.16,NA
26,96,double-letters,tourney,FALSE,10,elitize_generation_data,25,14,0.207,NA
27,96,double-letters,tourney,FALSE,10,elitize_generation_data,26,14,0.17,NA
28,96,double-letters,tourney,FALSE,10,elitize_generation_data,27,10,0.169,NA
29,96,double-letters,tourney,FALSE,10,elitize_generation_data,28,12,0.211,NA
30,96,double-letters,tourney,FALSE,10,elitize_generation_data,29,16,0.198,NA
31,96,double-letters,tourney,FALSE,10,elitize_generation_data,30,15,0.205,NA
32,96,double-letters,tourney,FALSE,10,elitize_generation_data,31,16,0.202,NA
33,96,double-letters,tourney,FALSE,10,elitize_generation_data,32,18,0.214,NA
34,96,double-letters,tourney,FALSE,10,elitize_generation_data,33,17,0.208,NA
35,96,double-letters,tourney,FALSE,10,elitize_generation_data,34,19,0.195,NA
36,96,double-letters,tourney,FALSE,10,elitize_generation_data,35,19,0.188,NA
37,96,double-letters,tourney,FALSE,10,elitize_generation_data,36,19,0.17,NA
38,96,double-letters,tourney,FALSE,10,elitize_generation_data,37,17,0.177,NA
39,96,double-letters,tourney,FALSE,10,elitize_generation_data,38,18,0.182,NA
40,96,double-letters,tourney,FALSE,10,elitize_generation_data,39,18,0.16,NA
41,96,double-letters,tourney,FALSE,10,elitize_generation_data,40,18,0.18,NA
42,96,double-letters,tourney,FALSE,10,elitize_generation_data,41,19,0.194,NA
43,96,double-letters,tourney,FALSE,10,elitize_generation_data,42,16,0.176,NA
44,96,double-letters,tourney,FALSE,10,elitize_generation_data,43,18,0.163,NA
45,96,double-letters,tourney,FALSE,10,elitize_generation_data,44,15,0.162,NA
46,96,double-letters,tourney,FALSE,10,elitize_generation_data,45,19,0.183,NA
47,96,double-letters,tourney,FALSE,10,elitize_generation_data,46,18,0.174,NA
48,96,double-letters,tourney,FALSE,10,elitize_generation_data,47,19,0.19,NA
49,96,double-letters,tourney,FALSE,10,elitize_generation_data,48,18,0.184,NA
50,96,double-letters,tourney,FALSE,10,elitize_generation_data,49,16,0.162,NA
51,96,double-letters,tourney,FALSE,10,elitize_generation_data,50,18,0.199,NA
52,96,double-letters,tourney,FALSE,10,elitize_generation_data,51,15,0.18,NA
53,96,double-letters,tourney,FALSE,10,elitize_generation_data,52,15,0.173,NA
54,96,double-letters,tourney,FALSE,10,elitize_generation_data,53,16,0.169,NA
55,96,double-letters,tourney,FALSE,10,elitize_generation_data,54,17,0.189,NA
56,96,double-letters,tourney,FALSE,10,elitize_generation_data,55,19,0.189,NA
57,96,double-letters,tourney,FALSE,10,elitize_generation_data,56,18,0.2,NA
58,96,double-letters,tourney,FALSE,10,elitize_generation_data,57,19,0.207,NA
59,96,double-letters,tourney,FALSE,10,elitize_generation_data,58,16,0.204,NA
60,96,double-letters,tourney,FALSE,10,elitize_generation_data,59,13,0.201,NA
61,96,double-letters,tourney,FALSE,10,elitize_generation_data,60,19,0.218,NA
62,96,double-letters,tourney,FALSE,10,elitize_generation_data,61,18,0.212,NA
63,96,double-letters,tourney,FALSE,10,elitize_generation_data,62,20,0.191,NA
64,96,double-letters,tourney,FALSE,10,elitize_generation_data,63,15,0.208,NA
65,96,double-letters,tourney,FALSE,10,elitize_generation_data,64,15,0.201,NA
66,96,double-letters,tourney,FALSE,10,elitize_generation_data,65,22,0.236,NA
67,96,double-letters,tourney,FALSE,10,elitize_generation_data,66,19,0.218,NA
68,96,double-letters,tourney,FALSE,10,elitize_generation_data,67,18,0.188,NA
69,96,double-letters,tourney,FALSE,10,elitize_generation_data,68,17,0.165,NA
70,96,double-letters,tourney,FALSE,10,elitize_generation_data,69,18,0.197,NA
71,96,double-letters,tourney,FALSE,10,elitize_generation_data,70,17,0.164,NA
72,96,double-letters,tourney,FALSE,10,elitize_generation_data,71,17,0.18,NA
73,96,double-letters,tourney,FALSE,10,elitize_generation_data,72,17,0.177,NA
74,96,double-letters,tourney,FALSE,10,elitize_generation_data,73,14,0.19,NA
75,96,double-letters,tourney,FALSE,10,elitize_generation_data,74,19,0.183,NA
76,96,double-letters,tourney,FALSE,10,elitize_generation_data,75,15,0.176,NA
77,96,double-letters,tourney,FALSE,10,elitize_generation_data,76,18,0.185,NA
78,96,double-letters,tourney,FALSE,10,elitize_generation_data,77,17,0.189,NA
79,96,double-letters,tourney,FALSE,10,elitize_generation_data,78,19,0.165,NA
80,96,double-letters,tourney,FALSE,10,elitize_generation_data,79,19,0.198,NA
81,96,double-letters,tourney,FALSE,10,elitize_generation_data,80,18,0.183,NA
82,96,double-letters,tourney,FALSE,10,elitize_generation_data,81,13,0.186,NA
83,96,double-letters,tourney,FALSE,10,elitize_generation_data,82,16,0.172,NA
84,96,double-letters,tourney,FALSE,10,elitize_generation_data,83,14,0.183,NA
85,96,double-letters,tourney,FALSE,10,elitize_generation_data,84,19,0.184,NA
86,96,double-letters,tourney,FALSE,10,elitize_generation_data,85,17,0.203,NA
87,96,double-letters,tourney,FALSE,10,elitize_generation_data,86,21,0.195,NA
88,96,double-letters,tourney,FALSE,10,elitize_generation_data,87,16,0.196,NA
89,96,double-letters,tourney,FALSE,10,elitize_generation_data,88,16,0.181,NA
90,96,double-letters,tourney,FALSE,10,elitize_generation_data,89,18,0.202,NA
91,96,double-letters,tourney,FALSE,10,elitize_generation_data,90,16,0.197,NA
92,96,double-letters,tourney,FALSE,10,elitize_generation_data,91,19,0.207,NA
93,96,double-letters,tourney,FALSE,10,elitize_generation_data,92,16,0.197,NA
94,96,double-letters,tourney,FALSE,10,elitize_generation_data,93,16,0.214,NA
95,96,double-letters,tourney,FALSE,10,elitize_generation_data,94,16,0.195,NA
96,96,double-letters,tourney,FALSE,10,elitize_generation_data,95,14,0.183,NA
97,96,double-letters,tourney,FALSE,10,elitize_generation_data,96,17,0.192,NA
98,96,double-letters,tourney,FALSE,10,elitize_generation_data,97,15,0.199,NA
99,96,double-letters,tourney,FALSE,10,elitize_generation_data,98,23,0.192,NA
100,96,double-letters,tourney,FALSE,10,elitize_generation_data,99,18,0.214,NA
101,96,double-letters,tourney,FALSE,10,elitize_generation_data,100,19,0.231,NA
102,96,double-letters,tourney,FALSE,10,elitize_generation_data,101,17,0.184,NA
103,96,double-letters,tourney,FALSE,10,elitize_generation_data,102,18,0.183,NA
104,96,double-letters,tourney,FALSE,10,elitize_generation_data,103,18,0.193,NA
105,96,double-letters,tourney,FALSE,10,elitize_generation_data,104,19,0.197,NA
106,96,double-letters,tourney,FALSE,10,elitize_generation_data,105,18,0.192,NA
107,96,double-letters,tourney,FALSE,10,elitize_generation_data,106,21,0.206,NA
108,96,double-letters,tourney,FALSE,10,elitize_generation_data,107,17,0.196,NA
109,96,double-letters,tourney,FALSE,10,elitize_generation_data,108,19,0.207,NA
110,96,double-letters,tourney,FALSE,10,elitize_generation_data,109,20,0.196,NA
111,96,double-letters,tourney,FALSE,10,elitize_generation_data,110,17,0.196,NA
112,96,double-letters,tourney,FALSE,10,elitize_generation_data,111,19,0.202,NA
113,96,double-letters,tourney,FALSE,10,elitize_generation_data,112,19,0.195,NA
114,96,double-letters,tourney,FALSE,10,elitize_generation_data,113,18,0.194,NA
115,96,double-letters,tourney,FALSE,10,elitize_generation_data,114,19,0.196,NA
116,96,double-letters,tourney,FALSE,10,elitize_generation_data,115,17,0.217,NA
117,96,double-letters,tourney,FALSE,10,elitize_generation_data,116,21,0.181,NA
118,96,double-letters,tourney,FALSE,10,elitize_generation_data,117,18,0.208,NA
119,96,double-letters,tourney,FALSE,10,elitize_generation_data,118,17,0.179,NA
120,96,double-letters,tourney,FALSE,10,elitize_generation_data,119,14,0.201,NA
121,96,double-letters,tourney,FALSE,10,elitize_generation_data,120,20,0.188,NA
122,96,double-letters,tourney,FALSE,10,elitize_generation_data,121,21,0.178,NA
123,96,double-letters,tourney,FALSE,10,elitize_generation_data,122,24,0.21,NA
124,96,double-letters,tourney,FALSE,10,elitize_generation_data,123,17,0.193,NA
125,96,double-letters,tourney,FALSE,10,elitize_generation_data,124,20,0.186,NA
126,96,double-letters,tourney,FALSE,10,elitize_generation_data,125,20,0.207,NA
127,96,double-letters,tourney,FALSE,10,elitize_generation_data,126,17,0.228,NA
128,96,double-letters,tourney,FALSE,10,elitize_generation_data,127,17,0.198,NA
129,96,double-letters,tourney,FALSE,10,elitize_generation_data,128,19,0.21,NA
130,96,double-letters,tourney,FALSE,10,elitize_generation_data,129,19,0.223,NA
131,96,double-letters,tourney,FALSE,10,elitize_generation_data,130,19,0.205,NA
132,96,double-letters,tourney,FALSE,10,elitize_generation_data,131,21,0.195,NA
133,96,double-letters,tourney,FALSE,10,elitize_generation_data,132,21,0.213,NA
134,96,double-letters,tourney,FALSE,10,elitize_generation_data,133,16,0.205,NA
135,96,double-letters,tourney,FALSE,10,elitize_generation_data,134,19,0.2,NA
136,96,double-letters,tourney,FALSE,10,elitize_generation_data,135,23,0.217,NA
137,96,double-letters,tourney,FALSE,10,elitize_generation_data,136,19,0.204,NA
138,96,double-letters,tourney,FALSE,10,elitize_generation_data,137,21,0.21,NA
139,96,double-letters,tourney,FALSE,10,elitize_generation_data,138,20,0.179,NA
140,96,double-letters,tourney,FALSE,10,elitize_generation_data,139,19,0.2,NA
141,96,double-letters,tourney,FALSE,10,elitize_generation_data,140,14,0.21,NA
142,96,double-letters,tourney,FALSE,10,elitize_generation_data,141,18,0.213,NA
143,96,double-letters,tourney,FALSE,10,elitize_generation_data,142,17,0.232,NA
144,96,double-letters,tourney,FALSE,10,elitize_generation_data,143,20,0.22,NA
145,96,double-letters,tourney,FALSE,10,elitize_generation_data,144,23,0.191,NA
146,96,double-letters,tourney,FALSE,10,elitize_generation_data,145,23,0.205,NA
147,96,double-letters,tourney,FALSE,10,elitize_generation_data,146,15,0.215,NA
148,96,double-letters,tourney,FALSE,10,elitize_generation_data,147,19,0.195,NA
149,96,double-letters,tourney,FALSE,10,elitize_generation_data,148,19,0.21,NA
150,96,double-letters,tourney,FALSE,10,elitize_generation_data,149,15,0.228,NA
151,96,double-letters,tourney,FALSE,10,elitize_generation_data,150,21,0.209,NA
152,96,double-letters,tourney,FALSE,10,elitize_generation_data,151,17,0.194,NA
153,96,double-letters,tourney,FALSE,10,elitize_generation_data,152,20,0.202,NA
154,96,double-letters,tourney,FALSE,10,elitize_generation_data,153,17,0.198,NA
155,96,double-letters,tourney,FALSE,10,elitize_generation_data,154,18,0.175,NA
156,96,double-letters,tourney,FALSE,10,elitize_generation_data,155,19,0.203,NA
157,96,double-letters,tourney,FALSE,10,elitize_generation_data,156,19,0.197,NA
158,96,double-letters,tourney,FALSE,10,elitize_generation_data,157,18,0.208,NA
159,96,double-letters,tourney,FALSE,10,elitize_generation_data,158,20,0.208,NA
160,96,double-letters,tourney,FALSE,10,elitize_generation_data,159,18,0.193,NA
161,96,double-letters,tourney,FALSE,10,elitize_generation_data,160,19,0.209,NA
162,96,double-letters,tourney,FALSE,10,elitize_generation_data,161,21,0.192,NA
163,96,double-letters,tourney,FALSE,10,elitize_generation_data,162,22,0.22,NA
164,96,double-letters,tourney,FALSE,10,elitize_generation_data,163,19,0.186,NA
165,96,double-letters,tourney,FALSE,10,elitize_generation_data,164,17,0.188,NA
166,96,double-letters,tourney,FALSE,10,elitize_generation_data,165,21,0.184,NA
167,96,double-letters,tourney,FALSE,10,elitize_generation_data,166,17,0.194,NA
168,96,double-letters,tourney,FALSE,10,elitize_generation_data,167,20,0.196,NA
169,96,double-letters,tourney,FALSE,10,elitize_generation_data,168,22,0.21,NA
170,96,double-letters,tourney,FALSE,10,elitize_generation_data,169,19,0.203,NA
171,96,double-letters,tourney,FALSE,10,elitize_generation_data,170,20,0.198,NA
172,96,double-letters,tourney,FALSE,10,elitize_generation_data,171,22,0.18,NA
173,96,double-letters,tourney,FALSE,10,elitize_generation_data,172,20,0.218,NA
174,96,double-letters,tourney,FALSE,10,elitize_generation_data,173,21,0.211,NA
175,96,double-letters,tourney,FALSE,10,elitize_generation_data,174,19,0.213,NA
176,96,double-letters,tourney,FALSE,10,elitize_generation_data,175,17,0.198,NA
177,96,double-letters,tourney,FALSE,10,elitize_generation_data,176,17,0.187,NA
178,96,double-letters,tourney,FALSE,10,elitize_generation_data,177,17,0.203,NA
179,96,double-letters,tourney,FALSE,10,elitize_generation_data,178,22,0.21,NA
180,96,double-letters,tourney,FALSE,10,elitize_generation_data,179,16,0.18,NA
181,96,double-letters,tourney,FALSE,10,elitize_generation_data,180,18,0.202,NA
182,96,double-letters,tourney,FALSE,10,elitize_generation_data,181,19,0.194,NA
183,96,double-letters,tourney,FALSE,10,elitize_generation_data,182,16,0.191,NA
184,96,double-letters,tourney,FALSE,10,elitize_generation_data,183,18,0.204,NA
185,96,double-letters,tourney,FALSE,10,elitize_generation_data,184,20,0.189,NA
186,96,double-letters,tourney,FALSE,10,elitize_generation_data,185,20,0.194,NA
187,96,double-letters,tourney,FALSE,10,elitize_generation_data,186,17,0.199,NA
188,96,double-letters,tourney,FALSE,10,elitize_generation_data,187,21,0.193,NA
189,96,double-letters,tourney,FALSE,10,elitize_generation_data,188,19,0.2,NA
190,96,double-letters,tourney,FALSE,10,elitize_generation_data,189,19,0.195,NA
191,96,double-letters,tourney,FALSE,10,elitize_generation_data,190,20,0.181,NA
192,96,double-letters,tourney,FALSE,10,elitize_generation_data,191,19,0.201,NA
193,96,double-letters,tourney,FALSE,10,elitize_generation_data,192,14,0.188,NA
194,96,double-letters,tourney,FALSE,10,elitize_generation_data,193,20,0.203,NA
195,96,double-letters,tourney,FALSE,10,elitize_generation_data,194,14,0.189,NA
196,96,double-letters,tourney,FALSE,10,elitize_generation_data,195,19,0.183,NA
197,96,double-letters,tourney,FALSE,10,elitize_generation_data,196,15,0.199,NA
198,96,double-letters,tourney,FALSE,10,elitize_generation_data,197,16,0.209,NA
199,96,double-letters,tourney,FALSE,10,elitize_generation_data,198,17,0.211,NA
200,96,double-letters,tourney,FALSE,10,elitize_generation_data,199,16,0.202,NA
201,96,double-letters,tourney,FALSE,10,elitize_generation_data,200,19,0.207,NA
202,96,double-letters,tourney,FALSE,10,elitize_generation_data,201,19,0.198,NA
203,96,double-letters,tourney,FALSE,10,elitize_generation_data,202,17,0.203,NA
204,96,double-letters,tourney,FALSE,10,elitize_generation_data,203,18,0.185,NA
205,96,double-letters,tourney,FALSE,10,elitize_generation_data,204,17,0.194,NA
206,96,double-letters,tourney,FALSE,10,elitize_generation_data,205,22,0.186,NA
207,96,double-letters,tourney,FALSE,10,elitize_generation_data,206,18,0.193,NA
208,96,double-letters,tourney,FALSE,10,elitize_generation_data,207,19,0.195,NA
209,96,double-letters,tourney,FALSE,10,elitize_generation_data,208,22,0.208,NA
210,96,double-letters,tourney,FALSE,10,elitize_generation_data,209,24,0.192,NA
211,96,double-letters,tourney,FALSE,10,elitize_generation_data,210,16,0.195,NA
212,96,double-letters,tourney,FALSE,10,elitize_generation_data,211,15,0.196,NA
213,96,double-letters,tourney,FALSE,10,elitize_generation_data,212,18,0.179,NA
214,96,double-letters,tourney,FALSE,10,elitize_generation_data,213,15,0.195,NA
215,96,double-letters,tourney,FALSE,10,elitize_generation_data,214,17,0.193,NA
216,96,double-letters,tourney,FALSE,10,elitize_generation_data,215,19,0.196,NA
217,96,double-letters,tourney,FALSE,10,elitize_generation_data,216,18,0.195,NA
218,96,double-letters,tourney,FALSE,10,elitize_generation_data,217,17,0.194,NA
219,96,double-letters,tourney,FALSE,10,elitize_generation_data,218,19,0.185,NA
220,96,double-letters,tourney,FALSE,10,elitize_generation_data,219,16,0.2,NA
221,96,double-letters,tourney,FALSE,10,elitize_generation_data,220,18,0.191,NA
222,96,double-letters,tourney,FALSE,10,elitize_generation_data,221,21,0.166,NA
223,96,double-letters,tourney,FALSE,10,elitize_generation_data,222,17,0.18,NA
224,96,double-letters,tourney,FALSE,10,elitize_generation_data,223,22,0.205,NA
225,96,double-letters,tourney,FALSE,10,elitize_generation_data,224,16,0.188,NA
226,96,double-letters,tourney,FALSE,10,elitize_generation_data,225,17,0.199,NA
227,96,double-letters,tourney,FALSE,10,elitize_generation_data,226,16,0.2,NA
228,96,double-letters,tourney,FALSE,10,elitize_generation_data,227,18,0.176,NA
229,96,double-letters,tourney,FALSE,10,elitize_generation_data,228,18,0.188,NA
230,96,double-letters,tourney,FALSE,10,elitize_generation_data,229,16,0.183,NA
231,96,double-letters,tourney,FALSE,10,elitize_generation_data,230,14,0.163,NA
232,96,double-letters,tourney,FALSE,10,elitize_generation_data,231,22,0.192,NA
233,96,double-letters,tourney,FALSE,10,elitize_generation_data,232,21,0.21,NA
234,96,double-letters,tourney,FALSE,10,elitize_generation_data,233,16,0.202,NA
235,96,double-letters,tourney,FALSE,10,elitize_generation_data,234,14,0.182,NA
236,96,double-letters,tourney,FALSE,10,elitize_generation_data,235,18,0.196,NA
237,96,double-letters,tourney,FALSE,10,elitize_generation_data,236,21,0.196,NA
238,96,double-letters,tourney,FALSE,10,elitize_generation_data,237,16,0.202,NA
239,96,double-letters,tourney,FALSE,10,elitize_generation_data,238,16,0.201,NA
240,96,double-letters,tourney,FALSE,10,elitize_generation_data,239,19,0.196,NA
241,96,double-letters,tourney,FALSE,10,elitize_generation_data,240,23,0.206,NA
242,96,double-letters,tourney,FALSE,10,elitize_generation_data,241,20,0.196,NA
243,96,double-letters,tourney,FALSE,10,elitize_generation_data,242,22,0.218,NA
244,96,double-letters,tourney,FALSE,10,elitize_generation_data,243,17,0.195,NA
245,96,double-letters,tourney,FALSE,10,elitize_generation_data,244,17,0.189,NA
246,96,double-letters,tourney,FALSE,10,elitize_generation_data,245,19,0.175,NA
247,96,double-letters,tourney,FALSE,10,elitize_generation_data,246,19,0.181,NA
248,96,double-letters,tourney,FALSE,10,elitize_generation_data,247,16,0.185,NA
249,96,double-letters,tourney,FALSE,10,elitize_generation_data,248,18,0.191,NA
250,96,double-letters,tourney,FALSE,10,elitize_generation_data,249,24,0.18,NA
251,96,double-letters,tourney,FALSE,10,elitize_generation_data,250,17,0.179,NA
252,96,double-letters,tourney,FALSE,10,elitize_generation_data,251,22,0.184,NA
253,96,double-letters,tourney,FALSE,10,elitize_generation_data,252,19,0.176,NA
254,96,double-letters,tourney,FALSE,10,elitize_generation_data,253,17,0.167,NA
255,96,double-letters,tourney,FALSE,10,elitize_generation_data,254,15,0.19,NA
256,96,double-letters,tourney,FALSE,10,elitize_generation_data,255,18,0.19,NA
257,96,double-letters,tourney,FALSE,10,elitize_generation_data,256,15,0.195,NA
258,96,double-letters,tourney,FALSE,10,elitize_generation_data,257,19,0.185,NA
259,96,double-letters,tourney,FALSE,10,elitize_generation_data,258,16,0.192,NA
260,96,double-letters,tourney,FALSE,10,elitize_generation_data,259,17,0.18,NA
261,96,double-letters,tourney,FALSE,10,elitize_generation_data,260,20,0.167,NA
262,96,double-letters,tourney,FALSE,10,elitize_generation_data,261,17,0.184,NA
263,96,double-letters,tourney,FALSE,10,elitize_generation_data,262,14,0.169,NA
264,96,double-letters,tourney,FALSE,10,elitize_generation_data,263,18,0.175,NA
265,96,double-letters,tourney,FALSE,10,elitize_generation_data,264,15,0.168,NA
266,96,double-letters,tourney,FALSE,10,elitize_generation_data,265,14,0.164,NA
267,96,double-letters,tourney,FALSE,10,elitize_generation_data,266,19,0.184,NA
268,96,double-letters,tourney,FALSE,10,elitize_generation_data,267,19,0.171,NA
269,96,double-letters,tourney,FALSE,10,elitize_generation_data,268,17,0.175,NA
270,96,double-letters,tourney,FALSE,10,elitize_generation_data,269,15,0.171,NA
271,96,double-letters,tourney,FALSE,10,elitize_generation_data,270,17,0.174,NA
272,96,double-letters,tourney,FALSE,10,elitize_generation_data,271,17,0.186,NA
273,96,double-letters,tourney,FALSE,10,elitize_generation_data,272,15,0.152,NA
274,96,double-letters,tourney,FALSE,10,elitize_generation_data,273,14,0.172,NA
275,96,double-letters,tourney,FALSE,10,elitize_generation_data,274,15,0.169,NA
276,96,double-letters,tourney,FALSE,10,elitize_generation_data,275,17,0.155,NA
277,96,double-letters,tourney,FALSE,10,elitize_generation_data,276,16,0.17,NA
278,96,double-letters,tourney,FALSE,10,elitize_generation_data,277,20,0.151,NA
279,96,double-letters,tourney,FALSE,10,elitize_generation_data,278,13,0.165,NA
280,96,double-letters,tourney,FALSE,10,elitize_generation_data,279,17,0.178,NA
281,96,double-letters,tourney,FALSE,10,elitize_generation_data,280,18,0.185,NA
282,96,double-letters,tourney,FALSE,10,elitize_generation_data,281,17,0.168,NA
283,96,double-letters,tourney,FALSE,10,elitize_generation_data,282,19,0.174,NA
284,96,double-letters,tourney,FALSE,10,elitize_generation_data,283,17,0.163,NA
285,96,double-letters,tourney,FALSE,10,elitize_generation_data,284,18,0.172,NA
286,96,double-letters,tourney,FALSE,10,elitize_generation_data,285,16,0.168,NA
287,96,double-letters,tourney,FALSE,10,elitize_generation_data,286,19,0.176,NA
288,96,double-letters,tourney,FALSE,10,elitize_generation_data,287,16,0.164,NA
289,96,double-letters,tourney,FALSE,10,elitize_generation_data,288,15,0.16,NA
290,96,double-letters,tourney,FALSE,10,elitize_generation_data,289,17,0.147,NA
291,96,double-letters,tourney,FALSE,10,elitize_generation_data,290,18,0.168,NA
292,96,double-letters,tourney,FALSE,10,elitize_generation_data,291,19,0.176,NA
293,96,double-letters,tourney,FALSE,10,elitize_generation_data,292,15,0.171,NA
294,96,double-letters,tourney,FALSE,10,elitize_generation_data,293,15,0.163,NA
295,96,double-letters,tourney,FALSE,10,elitize_generation_data,294,17,0.163,NA
296,96,double-letters,tourney,FALSE,10,elitize_generation_data,295,15,0.175,NA
297,96,double-letters,tourney,FALSE,10,elitize_generation_data,296,17,0.177,NA
298,96,double-letters,tourney,FALSE,10,elitize_generation_data,297,15,0.17,NA
299,96,double-letters,tourney,FALSE,10,elitize_generation_data,298,18,0.18,NA
300,96,double-letters,tourney,FALSE,10,elitize_generation_data,299,16,0.189,NA
301,96,double-letters,tourney,FALSE,10,elitize_generation_data,300,22,0.155,NA
