,run.num,problem,treatment,succeeded,height,normalization.function,generation,cluster.count,error.diversity,success.generation
1,29,double-letters,tourney,FALSE,10,elitize_generation_data,0,4,0.367,NA
2,29,double-letters,tourney,FALSE,10,elitize_generation_data,1,6,0.154,NA
3,29,double-letters,tourney,FALSE,10,elitize_generation_data,2,8,0.186,NA
4,29,double-letters,tourney,FALSE,10,elitize_generation_data,3,7,0.113,NA
5,29,double-letters,tourney,FALSE,10,elitize_generation_data,4,6,0.022,NA
6,29,double-letters,tourney,FALSE,10,elitize_generation_data,5,8,0.023,NA
7,29,double-letters,tourney,FALSE,10,elitize_generation_data,6,8,0.024,NA
8,29,double-letters,tourney,FALSE,10,elitize_generation_data,7,5,0.025,NA
9,29,double-letters,tourney,FALSE,10,elitize_generation_data,8,6,0.021,NA
10,29,double-letters,tourney,FALSE,10,elitize_generation_data,9,4,0.015,NA
11,29,double-letters,tourney,FALSE,10,elitize_generation_data,10,7,0.022,NA
12,29,double-letters,tourney,FALSE,10,elitize_generation_data,11,6,0.015,NA
13,29,double-letters,tourney,FALSE,10,elitize_generation_data,12,5,0.017,NA
14,29,double-letters,tourney,FALSE,10,elitize_generation_data,13,5,0.019,NA
15,29,double-letters,tourney,FALSE,10,elitize_generation_data,14,8,0.015,NA
16,29,double-letters,tourney,FALSE,10,elitize_generation_data,15,6,0.023,NA
17,29,double-letters,tourney,FALSE,10,elitize_generation_data,16,5,0.017,NA
18,29,double-letters,tourney,FALSE,10,elitize_generation_data,17,5,0.016,NA
19,29,double-letters,tourney,FALSE,10,elitize_generation_data,18,5,0.015,NA
20,29,double-letters,tourney,FALSE,10,elitize_generation_data,19,5,0.018,NA
21,29,double-letters,tourney,FALSE,10,elitize_generation_data,20,5,0.021,NA
22,29,double-letters,tourney,FALSE,10,elitize_generation_data,21,6,0.027,NA
23,29,double-letters,tourney,FALSE,10,elitize_generation_data,22,5,0.046,NA
24,29,double-letters,tourney,FALSE,10,elitize_generation_data,23,6,0.051,NA
25,29,double-letters,tourney,FALSE,10,elitize_generation_data,24,7,0.05,NA
26,29,double-letters,tourney,FALSE,10,elitize_generation_data,25,5,0.073,NA
27,29,double-letters,tourney,FALSE,10,elitize_generation_data,26,6,0.084,NA
28,29,double-letters,tourney,FALSE,10,elitize_generation_data,27,6,0.093,NA
29,29,double-letters,tourney,FALSE,10,elitize_generation_data,28,9,0.089,NA
30,29,double-letters,tourney,FALSE,10,elitize_generation_data,29,8,0.113,NA
31,29,double-letters,tourney,FALSE,10,elitize_generation_data,30,9,0.106,NA
32,29,double-letters,tourney,FALSE,10,elitize_generation_data,31,9,0.075,NA
33,29,double-letters,tourney,FALSE,10,elitize_generation_data,32,9,0.097,NA
34,29,double-letters,tourney,FALSE,10,elitize_generation_data,33,8,0.088,NA
35,29,double-letters,tourney,FALSE,10,elitize_generation_data,34,8,0.091,NA
36,29,double-letters,tourney,FALSE,10,elitize_generation_data,35,13,0.122,NA
37,29,double-letters,tourney,FALSE,10,elitize_generation_data,36,9,0.128,NA
38,29,double-letters,tourney,FALSE,10,elitize_generation_data,37,8,0.117,NA
39,29,double-letters,tourney,FALSE,10,elitize_generation_data,38,8,0.132,NA
40,29,double-letters,tourney,FALSE,10,elitize_generation_data,39,9,0.13,NA
41,29,double-letters,tourney,FALSE,10,elitize_generation_data,40,10,0.132,NA
42,29,double-letters,tourney,FALSE,10,elitize_generation_data,41,10,0.106,NA
43,29,double-letters,tourney,FALSE,10,elitize_generation_data,42,10,0.118,NA
44,29,double-letters,tourney,FALSE,10,elitize_generation_data,43,12,0.121,NA
45,29,double-letters,tourney,FALSE,10,elitize_generation_data,44,12,0.134,NA
46,29,double-letters,tourney,FALSE,10,elitize_generation_data,45,12,0.113,NA
47,29,double-letters,tourney,FALSE,10,elitize_generation_data,46,11,0.115,NA
48,29,double-letters,tourney,FALSE,10,elitize_generation_data,47,10,0.129,NA
49,29,double-letters,tourney,FALSE,10,elitize_generation_data,48,10,0.133,NA
50,29,double-letters,tourney,FALSE,10,elitize_generation_data,49,11,0.126,NA
51,29,double-letters,tourney,FALSE,10,elitize_generation_data,50,11,0.111,NA
52,29,double-letters,tourney,FALSE,10,elitize_generation_data,51,11,0.135,NA
53,29,double-letters,tourney,FALSE,10,elitize_generation_data,52,10,0.135,NA
54,29,double-letters,tourney,FALSE,10,elitize_generation_data,53,8,0.141,NA
55,29,double-letters,tourney,FALSE,10,elitize_generation_data,54,11,0.156,NA
56,29,double-letters,tourney,FALSE,10,elitize_generation_data,55,10,0.151,NA
57,29,double-letters,tourney,FALSE,10,elitize_generation_data,56,11,0.132,NA
58,29,double-letters,tourney,FALSE,10,elitize_generation_data,57,11,0.133,NA
59,29,double-letters,tourney,FALSE,10,elitize_generation_data,58,9,0.141,NA
60,29,double-letters,tourney,FALSE,10,elitize_generation_data,59,11,0.154,NA
61,29,double-letters,tourney,FALSE,10,elitize_generation_data,60,10,0.142,NA
62,29,double-letters,tourney,FALSE,10,elitize_generation_data,61,10,0.163,NA
63,29,double-letters,tourney,FALSE,10,elitize_generation_data,62,12,0.149,NA
64,29,double-letters,tourney,FALSE,10,elitize_generation_data,63,12,0.142,NA
65,29,double-letters,tourney,FALSE,10,elitize_generation_data,64,14,0.15,NA
66,29,double-letters,tourney,FALSE,10,elitize_generation_data,65,8,0.145,NA
67,29,double-letters,tourney,FALSE,10,elitize_generation_data,66,13,0.165,NA
68,29,double-letters,tourney,FALSE,10,elitize_generation_data,67,13,0.147,NA
69,29,double-letters,tourney,FALSE,10,elitize_generation_data,68,12,0.14,NA
70,29,double-letters,tourney,FALSE,10,elitize_generation_data,69,13,0.156,NA
71,29,double-letters,tourney,FALSE,10,elitize_generation_data,70,12,0.143,NA
72,29,double-letters,tourney,FALSE,10,elitize_generation_data,71,9,0.155,NA
73,29,double-letters,tourney,FALSE,10,elitize_generation_data,72,11,0.122,NA
74,29,double-letters,tourney,FALSE,10,elitize_generation_data,73,11,0.127,NA
75,29,double-letters,tourney,FALSE,10,elitize_generation_data,74,11,0.122,NA
76,29,double-letters,tourney,FALSE,10,elitize_generation_data,75,13,0.125,NA
77,29,double-letters,tourney,FALSE,10,elitize_generation_data,76,11,0.119,NA
78,29,double-letters,tourney,FALSE,10,elitize_generation_data,77,13,0.147,NA
79,29,double-letters,tourney,FALSE,10,elitize_generation_data,78,11,0.12,NA
80,29,double-letters,tourney,FALSE,10,elitize_generation_data,79,12,0.127,NA
81,29,double-letters,tourney,FALSE,10,elitize_generation_data,80,12,0.134,NA
82,29,double-letters,tourney,FALSE,10,elitize_generation_data,81,13,0.126,NA
83,29,double-letters,tourney,FALSE,10,elitize_generation_data,82,12,0.132,NA
84,29,double-letters,tourney,FALSE,10,elitize_generation_data,83,13,0.142,NA
85,29,double-letters,tourney,FALSE,10,elitize_generation_data,84,10,0.148,NA
86,29,double-letters,tourney,FALSE,10,elitize_generation_data,85,11,0.139,NA
87,29,double-letters,tourney,FALSE,10,elitize_generation_data,86,10,0.147,NA
88,29,double-letters,tourney,FALSE,10,elitize_generation_data,87,13,0.158,NA
89,29,double-letters,tourney,FALSE,10,elitize_generation_data,88,10,0.124,NA
90,29,double-letters,tourney,FALSE,10,elitize_generation_data,89,14,0.146,NA
91,29,double-letters,tourney,FALSE,10,elitize_generation_data,90,11,0.156,NA
92,29,double-letters,tourney,FALSE,10,elitize_generation_data,91,14,0.14,NA
93,29,double-letters,tourney,FALSE,10,elitize_generation_data,92,12,0.147,NA
94,29,double-letters,tourney,FALSE,10,elitize_generation_data,93,12,0.135,NA
95,29,double-letters,tourney,FALSE,10,elitize_generation_data,94,12,0.17,NA
96,29,double-letters,tourney,FALSE,10,elitize_generation_data,95,14,0.161,NA
97,29,double-letters,tourney,FALSE,10,elitize_generation_data,96,11,0.132,NA
98,29,double-letters,tourney,FALSE,10,elitize_generation_data,97,13,0.144,NA
99,29,double-letters,tourney,FALSE,10,elitize_generation_data,98,12,0.129,NA
100,29,double-letters,tourney,FALSE,10,elitize_generation_data,99,12,0.148,NA
101,29,double-letters,tourney,FALSE,10,elitize_generation_data,100,12,0.147,NA
102,29,double-letters,tourney,FALSE,10,elitize_generation_data,101,14,0.155,NA
103,29,double-letters,tourney,FALSE,10,elitize_generation_data,102,13,0.145,NA
104,29,double-letters,tourney,FALSE,10,elitize_generation_data,103,12,0.148,NA
105,29,double-letters,tourney,FALSE,10,elitize_generation_data,104,11,0.155,NA
106,29,double-letters,tourney,FALSE,10,elitize_generation_data,105,11,0.152,NA
107,29,double-letters,tourney,FALSE,10,elitize_generation_data,106,13,0.146,NA
108,29,double-letters,tourney,FALSE,10,elitize_generation_data,107,11,0.168,NA
109,29,double-letters,tourney,FALSE,10,elitize_generation_data,108,11,0.157,NA
110,29,double-letters,tourney,FALSE,10,elitize_generation_data,109,11,0.143,NA
111,29,double-letters,tourney,FALSE,10,elitize_generation_data,110,13,0.142,NA
112,29,double-letters,tourney,FALSE,10,elitize_generation_data,111,10,0.154,NA
113,29,double-letters,tourney,FALSE,10,elitize_generation_data,112,12,0.138,NA
114,29,double-letters,tourney,FALSE,10,elitize_generation_data,113,15,0.145,NA
115,29,double-letters,tourney,FALSE,10,elitize_generation_data,114,15,0.175,NA
116,29,double-letters,tourney,FALSE,10,elitize_generation_data,115,15,0.173,NA
117,29,double-letters,tourney,FALSE,10,elitize_generation_data,116,14,0.196,NA
118,29,double-letters,tourney,FALSE,10,elitize_generation_data,117,15,0.163,NA
119,29,double-letters,tourney,FALSE,10,elitize_generation_data,118,15,0.16,NA
120,29,double-letters,tourney,FALSE,10,elitize_generation_data,119,14,0.185,NA
121,29,double-letters,tourney,FALSE,10,elitize_generation_data,120,13,0.192,NA
122,29,double-letters,tourney,FALSE,10,elitize_generation_data,121,18,0.201,NA
123,29,double-letters,tourney,FALSE,10,elitize_generation_data,122,17,0.189,NA
124,29,double-letters,tourney,FALSE,10,elitize_generation_data,123,12,0.188,NA
125,29,double-letters,tourney,FALSE,10,elitize_generation_data,124,17,0.198,NA
126,29,double-letters,tourney,FALSE,10,elitize_generation_data,125,15,0.185,NA
127,29,double-letters,tourney,FALSE,10,elitize_generation_data,126,15,0.182,NA
128,29,double-letters,tourney,FALSE,10,elitize_generation_data,127,12,0.168,NA
129,29,double-letters,tourney,FALSE,10,elitize_generation_data,128,17,0.172,NA
130,29,double-letters,tourney,FALSE,10,elitize_generation_data,129,14,0.176,NA
131,29,double-letters,tourney,FALSE,10,elitize_generation_data,130,14,0.204,NA
132,29,double-letters,tourney,FALSE,10,elitize_generation_data,131,18,0.19,NA
133,29,double-letters,tourney,FALSE,10,elitize_generation_data,132,17,0.177,NA
134,29,double-letters,tourney,FALSE,10,elitize_generation_data,133,11,0.18,NA
135,29,double-letters,tourney,FALSE,10,elitize_generation_data,134,16,0.198,NA
136,29,double-letters,tourney,FALSE,10,elitize_generation_data,135,13,0.16,NA
137,29,double-letters,tourney,FALSE,10,elitize_generation_data,136,13,0.186,NA
138,29,double-letters,tourney,FALSE,10,elitize_generation_data,137,16,0.159,NA
139,29,double-letters,tourney,FALSE,10,elitize_generation_data,138,13,0.176,NA
140,29,double-letters,tourney,FALSE,10,elitize_generation_data,139,14,0.196,NA
141,29,double-letters,tourney,FALSE,10,elitize_generation_data,140,15,0.178,NA
142,29,double-letters,tourney,FALSE,10,elitize_generation_data,141,19,0.165,NA
143,29,double-letters,tourney,FALSE,10,elitize_generation_data,142,17,0.182,NA
144,29,double-letters,tourney,FALSE,10,elitize_generation_data,143,13,0.184,NA
145,29,double-letters,tourney,FALSE,10,elitize_generation_data,144,16,0.175,NA
146,29,double-letters,tourney,FALSE,10,elitize_generation_data,145,15,0.18,NA
147,29,double-letters,tourney,FALSE,10,elitize_generation_data,146,17,0.189,NA
148,29,double-letters,tourney,FALSE,10,elitize_generation_data,147,13,0.18,NA
149,29,double-letters,tourney,FALSE,10,elitize_generation_data,148,15,0.192,NA
150,29,double-letters,tourney,FALSE,10,elitize_generation_data,149,12,0.187,NA
151,29,double-letters,tourney,FALSE,10,elitize_generation_data,150,15,0.194,NA
152,29,double-letters,tourney,FALSE,10,elitize_generation_data,151,16,0.192,NA
153,29,double-letters,tourney,FALSE,10,elitize_generation_data,152,14,0.185,NA
154,29,double-letters,tourney,FALSE,10,elitize_generation_data,153,14,0.191,NA
155,29,double-letters,tourney,FALSE,10,elitize_generation_data,154,13,0.194,NA
156,29,double-letters,tourney,FALSE,10,elitize_generation_data,155,15,0.198,NA
157,29,double-letters,tourney,FALSE,10,elitize_generation_data,156,14,0.197,NA
158,29,double-letters,tourney,FALSE,10,elitize_generation_data,157,17,0.189,NA
159,29,double-letters,tourney,FALSE,10,elitize_generation_data,158,16,0.216,NA
160,29,double-letters,tourney,FALSE,10,elitize_generation_data,159,13,0.207,NA
161,29,double-letters,tourney,FALSE,10,elitize_generation_data,160,14,0.183,NA
162,29,double-letters,tourney,FALSE,10,elitize_generation_data,161,17,0.178,NA
163,29,double-letters,tourney,FALSE,10,elitize_generation_data,162,16,0.189,NA
164,29,double-letters,tourney,FALSE,10,elitize_generation_data,163,18,0.188,NA
165,29,double-letters,tourney,FALSE,10,elitize_generation_data,164,13,0.204,NA
166,29,double-letters,tourney,FALSE,10,elitize_generation_data,165,19,0.207,NA
167,29,double-letters,tourney,FALSE,10,elitize_generation_data,166,14,0.207,NA
168,29,double-letters,tourney,FALSE,10,elitize_generation_data,167,16,0.206,NA
169,29,double-letters,tourney,FALSE,10,elitize_generation_data,168,18,0.198,NA
170,29,double-letters,tourney,FALSE,10,elitize_generation_data,169,18,0.215,NA
171,29,double-letters,tourney,FALSE,10,elitize_generation_data,170,15,0.215,NA
172,29,double-letters,tourney,FALSE,10,elitize_generation_data,171,18,0.212,NA
173,29,double-letters,tourney,FALSE,10,elitize_generation_data,172,16,0.222,NA
174,29,double-letters,tourney,FALSE,10,elitize_generation_data,173,21,0.237,NA
175,29,double-letters,tourney,FALSE,10,elitize_generation_data,174,19,0.205,NA
176,29,double-letters,tourney,FALSE,10,elitize_generation_data,175,17,0.213,NA
177,29,double-letters,tourney,FALSE,10,elitize_generation_data,176,22,0.224,NA
178,29,double-letters,tourney,FALSE,10,elitize_generation_data,177,20,0.209,NA
179,29,double-letters,tourney,FALSE,10,elitize_generation_data,178,19,0.214,NA
180,29,double-letters,tourney,FALSE,10,elitize_generation_data,179,21,0.22,NA
181,29,double-letters,tourney,FALSE,10,elitize_generation_data,180,20,0.203,NA
182,29,double-letters,tourney,FALSE,10,elitize_generation_data,181,18,0.224,NA
183,29,double-letters,tourney,FALSE,10,elitize_generation_data,182,18,0.209,NA
184,29,double-letters,tourney,FALSE,10,elitize_generation_data,183,16,0.214,NA
185,29,double-letters,tourney,FALSE,10,elitize_generation_data,184,15,0.213,NA
186,29,double-letters,tourney,FALSE,10,elitize_generation_data,185,15,0.213,NA
187,29,double-letters,tourney,FALSE,10,elitize_generation_data,186,16,0.202,NA
188,29,double-letters,tourney,FALSE,10,elitize_generation_data,187,16,0.219,NA
189,29,double-letters,tourney,FALSE,10,elitize_generation_data,188,15,0.21,NA
190,29,double-letters,tourney,FALSE,10,elitize_generation_data,189,17,0.233,NA
191,29,double-letters,tourney,FALSE,10,elitize_generation_data,190,16,0.212,NA
192,29,double-letters,tourney,FALSE,10,elitize_generation_data,191,15,0.219,NA
193,29,double-letters,tourney,FALSE,10,elitize_generation_data,192,16,0.231,NA
194,29,double-letters,tourney,FALSE,10,elitize_generation_data,193,20,0.226,NA
195,29,double-letters,tourney,FALSE,10,elitize_generation_data,194,16,0.222,NA
196,29,double-letters,tourney,FALSE,10,elitize_generation_data,195,17,0.238,NA
197,29,double-letters,tourney,FALSE,10,elitize_generation_data,196,17,0.241,NA
198,29,double-letters,tourney,FALSE,10,elitize_generation_data,197,23,0.215,NA
199,29,double-letters,tourney,FALSE,10,elitize_generation_data,198,16,0.233,NA
200,29,double-letters,tourney,FALSE,10,elitize_generation_data,199,18,0.212,NA
201,29,double-letters,tourney,FALSE,10,elitize_generation_data,200,23,0.255,NA
202,29,double-letters,tourney,FALSE,10,elitize_generation_data,201,15,0.218,NA
203,29,double-letters,tourney,FALSE,10,elitize_generation_data,202,15,0.206,NA
204,29,double-letters,tourney,FALSE,10,elitize_generation_data,203,21,0.206,NA
205,29,double-letters,tourney,FALSE,10,elitize_generation_data,204,23,0.213,NA
206,29,double-letters,tourney,FALSE,10,elitize_generation_data,205,21,0.198,NA
207,29,double-letters,tourney,FALSE,10,elitize_generation_data,206,16,0.217,NA
208,29,double-letters,tourney,FALSE,10,elitize_generation_data,207,16,0.218,NA
209,29,double-letters,tourney,FALSE,10,elitize_generation_data,208,17,0.212,NA
210,29,double-letters,tourney,FALSE,10,elitize_generation_data,209,22,0.216,NA
211,29,double-letters,tourney,FALSE,10,elitize_generation_data,210,15,0.229,NA
212,29,double-letters,tourney,FALSE,10,elitize_generation_data,211,15,0.217,NA
213,29,double-letters,tourney,FALSE,10,elitize_generation_data,212,20,0.215,NA
214,29,double-letters,tourney,FALSE,10,elitize_generation_data,213,16,0.228,NA
215,29,double-letters,tourney,FALSE,10,elitize_generation_data,214,15,0.218,NA
216,29,double-letters,tourney,FALSE,10,elitize_generation_data,215,21,0.224,NA
217,29,double-letters,tourney,FALSE,10,elitize_generation_data,216,20,0.206,NA
218,29,double-letters,tourney,FALSE,10,elitize_generation_data,217,16,0.202,NA
219,29,double-letters,tourney,FALSE,10,elitize_generation_data,218,19,0.211,NA
220,29,double-letters,tourney,FALSE,10,elitize_generation_data,219,20,0.229,NA
221,29,double-letters,tourney,FALSE,10,elitize_generation_data,220,22,0.214,NA
222,29,double-letters,tourney,FALSE,10,elitize_generation_data,221,17,0.237,NA
223,29,double-letters,tourney,FALSE,10,elitize_generation_data,222,20,0.236,NA
224,29,double-letters,tourney,FALSE,10,elitize_generation_data,223,16,0.244,NA
225,29,double-letters,tourney,FALSE,10,elitize_generation_data,224,19,0.248,NA
226,29,double-letters,tourney,FALSE,10,elitize_generation_data,225,21,0.23,NA
227,29,double-letters,tourney,FALSE,10,elitize_generation_data,226,19,0.236,NA
228,29,double-letters,tourney,FALSE,10,elitize_generation_data,227,23,0.23,NA
229,29,double-letters,tourney,FALSE,10,elitize_generation_data,228,16,0.21,NA
230,29,double-letters,tourney,FALSE,10,elitize_generation_data,229,24,0.238,NA
231,29,double-letters,tourney,FALSE,10,elitize_generation_data,230,19,0.233,NA
232,29,double-letters,tourney,FALSE,10,elitize_generation_data,231,16,0.233,NA
233,29,double-letters,tourney,FALSE,10,elitize_generation_data,232,17,0.23,NA
234,29,double-letters,tourney,FALSE,10,elitize_generation_data,233,14,0.237,NA
235,29,double-letters,tourney,FALSE,10,elitize_generation_data,234,17,0.229,NA
236,29,double-letters,tourney,FALSE,10,elitize_generation_data,235,18,0.222,NA
237,29,double-letters,tourney,FALSE,10,elitize_generation_data,236,16,0.219,NA
238,29,double-letters,tourney,FALSE,10,elitize_generation_data,237,16,0.21,NA
239,29,double-letters,tourney,FALSE,10,elitize_generation_data,238,14,0.229,NA
240,29,double-letters,tourney,FALSE,10,elitize_generation_data,239,15,0.232,NA
241,29,double-letters,tourney,FALSE,10,elitize_generation_data,240,20,0.211,NA
242,29,double-letters,tourney,FALSE,10,elitize_generation_data,241,20,0.226,NA
243,29,double-letters,tourney,FALSE,10,elitize_generation_data,242,18,0.228,NA
244,29,double-letters,tourney,FALSE,10,elitize_generation_data,243,16,0.219,NA
245,29,double-letters,tourney,FALSE,10,elitize_generation_data,244,16,0.214,NA
246,29,double-letters,tourney,FALSE,10,elitize_generation_data,245,25,0.226,NA
247,29,double-letters,tourney,FALSE,10,elitize_generation_data,246,16,0.237,NA
248,29,double-letters,tourney,FALSE,10,elitize_generation_data,247,15,0.203,NA
249,29,double-letters,tourney,FALSE,10,elitize_generation_data,248,17,0.202,NA
250,29,double-letters,tourney,FALSE,10,elitize_generation_data,249,22,0.207,NA
251,29,double-letters,tourney,FALSE,10,elitize_generation_data,250,19,0.231,NA
252,29,double-letters,tourney,FALSE,10,elitize_generation_data,251,19,0.207,NA
253,29,double-letters,tourney,FALSE,10,elitize_generation_data,252,18,0.221,NA
254,29,double-letters,tourney,FALSE,10,elitize_generation_data,253,21,0.231,NA
255,29,double-letters,tourney,FALSE,10,elitize_generation_data,254,19,0.225,NA
256,29,double-letters,tourney,FALSE,10,elitize_generation_data,255,17,0.199,NA
257,29,double-letters,tourney,FALSE,10,elitize_generation_data,256,21,0.237,NA
258,29,double-letters,tourney,FALSE,10,elitize_generation_data,257,20,0.278,NA
259,29,double-letters,tourney,FALSE,10,elitize_generation_data,258,26,0.287,NA
260,29,double-letters,tourney,FALSE,10,elitize_generation_data,259,22,0.281,NA
261,29,double-letters,tourney,FALSE,10,elitize_generation_data,260,22,0.323,NA
262,29,double-letters,tourney,FALSE,10,elitize_generation_data,261,18,0.378,NA
263,29,double-letters,tourney,FALSE,10,elitize_generation_data,262,19,0.458,NA
264,29,double-letters,tourney,FALSE,10,elitize_generation_data,263,12,0.521,NA
265,29,double-letters,tourney,FALSE,10,elitize_generation_data,264,15,0.572,NA
266,29,double-letters,tourney,FALSE,10,elitize_generation_data,265,15,0.558,NA
267,29,double-letters,tourney,FALSE,10,elitize_generation_data,266,13,0.555,NA
268,29,double-letters,tourney,FALSE,10,elitize_generation_data,267,14,0.493,NA
269,29,double-letters,tourney,FALSE,10,elitize_generation_data,268,14,0.472,NA
270,29,double-letters,tourney,FALSE,10,elitize_generation_data,269,13,0.498,NA
271,29,double-letters,tourney,FALSE,10,elitize_generation_data,270,15,0.429,NA
272,29,double-letters,tourney,FALSE,10,elitize_generation_data,271,16,0.443,NA
273,29,double-letters,tourney,FALSE,10,elitize_generation_data,272,14,0.45,NA
274,29,double-letters,tourney,FALSE,10,elitize_generation_data,273,16,0.441,NA
275,29,double-letters,tourney,FALSE,10,elitize_generation_data,274,18,0.477,NA
276,29,double-letters,tourney,FALSE,10,elitize_generation_data,275,16,0.485,NA
277,29,double-letters,tourney,FALSE,10,elitize_generation_data,276,17,0.525,NA
278,29,double-letters,tourney,FALSE,10,elitize_generation_data,277,16,0.533,NA
279,29,double-letters,tourney,FALSE,10,elitize_generation_data,278,18,0.487,NA
280,29,double-letters,tourney,FALSE,10,elitize_generation_data,279,17,0.486,NA
281,29,double-letters,tourney,FALSE,10,elitize_generation_data,280,14,0.47,NA
282,29,double-letters,tourney,FALSE,10,elitize_generation_data,281,14,0.446,NA
283,29,double-letters,tourney,FALSE,10,elitize_generation_data,282,14,0.44,NA
284,29,double-letters,tourney,FALSE,10,elitize_generation_data,283,16,0.464,NA
285,29,double-letters,tourney,FALSE,10,elitize_generation_data,284,14,0.45,NA
286,29,double-letters,tourney,FALSE,10,elitize_generation_data,285,11,0.454,NA
287,29,double-letters,tourney,FALSE,10,elitize_generation_data,286,14,0.44,NA
288,29,double-letters,tourney,FALSE,10,elitize_generation_data,287,15,0.448,NA
289,29,double-letters,tourney,FALSE,10,elitize_generation_data,288,12,0.436,NA
290,29,double-letters,tourney,FALSE,10,elitize_generation_data,289,18,0.457,NA
291,29,double-letters,tourney,FALSE,10,elitize_generation_data,290,14,0.469,NA
292,29,double-letters,tourney,FALSE,10,elitize_generation_data,291,15,0.462,NA
293,29,double-letters,tourney,FALSE,10,elitize_generation_data,292,13,0.456,NA
294,29,double-letters,tourney,FALSE,10,elitize_generation_data,293,15,0.458,NA
295,29,double-letters,tourney,FALSE,10,elitize_generation_data,294,15,0.464,NA
296,29,double-letters,tourney,FALSE,10,elitize_generation_data,295,17,0.465,NA
297,29,double-letters,tourney,FALSE,10,elitize_generation_data,296,18,0.467,NA
298,29,double-letters,tourney,FALSE,10,elitize_generation_data,297,19,0.474,NA
299,29,double-letters,tourney,FALSE,10,elitize_generation_data,298,14,0.462,NA
300,29,double-letters,tourney,FALSE,10,elitize_generation_data,299,11,0.472,NA
301,29,double-letters,tourney,FALSE,10,elitize_generation_data,300,14,0.456,NA
