,run.num,problem,treatment,succeeded,height,normalization.function,generation,cluster.count,error.diversity,success.generation
1,7,checksum,tourney,FALSE,20,elitize_generation_data,0,2,0.327,NA
2,7,checksum,tourney,FALSE,20,elitize_generation_data,1,2,0.239,NA
3,7,checksum,tourney,FALSE,20,elitize_generation_data,2,2,0.149,NA
4,7,checksum,tourney,FALSE,20,elitize_generation_data,3,2,0.128,NA
5,7,checksum,tourney,FALSE,20,elitize_generation_data,4,3,0.118,NA
6,7,checksum,tourney,FALSE,20,elitize_generation_data,5,2,0.169,NA
7,7,checksum,tourney,FALSE,20,elitize_generation_data,6,2,0.283,NA
8,7,checksum,tourney,FALSE,20,elitize_generation_data,7,3,0.183,NA
9,7,checksum,tourney,FALSE,20,elitize_generation_data,8,4,0.064,NA
10,7,checksum,tourney,FALSE,20,elitize_generation_data,9,6,0.07,NA
11,7,checksum,tourney,FALSE,20,elitize_generation_data,10,5,0.084,NA
12,7,checksum,tourney,FALSE,20,elitize_generation_data,11,4,0.081,NA
13,7,checksum,tourney,FALSE,20,elitize_generation_data,12,4,0.092,NA
14,7,checksum,tourney,FALSE,20,elitize_generation_data,13,4,0.101,NA
15,7,checksum,tourney,FALSE,20,elitize_generation_data,14,5,0.074,NA
16,7,checksum,tourney,FALSE,20,elitize_generation_data,15,6,0.054,NA
17,7,checksum,tourney,FALSE,20,elitize_generation_data,16,7,0.038,NA
18,7,checksum,tourney,FALSE,20,elitize_generation_data,17,8,0.041,NA
19,7,checksum,tourney,FALSE,20,elitize_generation_data,18,6,0.042,NA
20,7,checksum,tourney,FALSE,20,elitize_generation_data,19,6,0.045,NA
21,7,checksum,tourney,FALSE,20,elitize_generation_data,20,6,0.043,NA
22,7,checksum,tourney,FALSE,20,elitize_generation_data,21,6,0.035,NA
23,7,checksum,tourney,FALSE,20,elitize_generation_data,22,7,0.035,NA
24,7,checksum,tourney,FALSE,20,elitize_generation_data,23,6,0.037,NA
25,7,checksum,tourney,FALSE,20,elitize_generation_data,24,7,0.033,NA
26,7,checksum,tourney,FALSE,20,elitize_generation_data,25,6,0.043,NA
27,7,checksum,tourney,FALSE,20,elitize_generation_data,26,7,0.05,NA
28,7,checksum,tourney,FALSE,20,elitize_generation_data,27,8,0.044,NA
29,7,checksum,tourney,FALSE,20,elitize_generation_data,28,6,0.046,NA
30,7,checksum,tourney,FALSE,20,elitize_generation_data,29,7,0.05,NA
31,7,checksum,tourney,FALSE,20,elitize_generation_data,30,8,0.068,NA
32,7,checksum,tourney,FALSE,20,elitize_generation_data,31,8,0.062,NA
33,7,checksum,tourney,FALSE,20,elitize_generation_data,32,9,0.061,NA
34,7,checksum,tourney,FALSE,20,elitize_generation_data,33,6,0.066,NA
35,7,checksum,tourney,FALSE,20,elitize_generation_data,34,9,0.068,NA
36,7,checksum,tourney,FALSE,20,elitize_generation_data,35,7,0.078,NA
37,7,checksum,tourney,FALSE,20,elitize_generation_data,36,8,0.07,NA
38,7,checksum,tourney,FALSE,20,elitize_generation_data,37,8,0.06,NA
39,7,checksum,tourney,FALSE,20,elitize_generation_data,38,9,0.077,NA
40,7,checksum,tourney,FALSE,20,elitize_generation_data,39,7,0.088,NA
41,7,checksum,tourney,FALSE,20,elitize_generation_data,40,10,0.102,NA
42,7,checksum,tourney,FALSE,20,elitize_generation_data,41,9,0.12,NA
43,7,checksum,tourney,FALSE,20,elitize_generation_data,42,10,0.149,NA
44,7,checksum,tourney,FALSE,20,elitize_generation_data,43,10,0.133,NA
45,7,checksum,tourney,FALSE,20,elitize_generation_data,44,7,0.138,NA
46,7,checksum,tourney,FALSE,20,elitize_generation_data,45,8,0.15,NA
47,7,checksum,tourney,FALSE,20,elitize_generation_data,46,8,0.135,NA
48,7,checksum,tourney,FALSE,20,elitize_generation_data,47,8,0.16,NA
49,7,checksum,tourney,FALSE,20,elitize_generation_data,48,8,0.142,NA
50,7,checksum,tourney,FALSE,20,elitize_generation_data,49,8,0.145,NA
51,7,checksum,tourney,FALSE,20,elitize_generation_data,50,11,0.142,NA
52,7,checksum,tourney,FALSE,20,elitize_generation_data,51,9,0.141,NA
53,7,checksum,tourney,FALSE,20,elitize_generation_data,52,10,0.144,NA
54,7,checksum,tourney,FALSE,20,elitize_generation_data,53,8,0.153,NA
55,7,checksum,tourney,FALSE,20,elitize_generation_data,54,7,0.147,NA
56,7,checksum,tourney,FALSE,20,elitize_generation_data,55,8,0.15,NA
57,7,checksum,tourney,FALSE,20,elitize_generation_data,56,9,0.149,NA
58,7,checksum,tourney,FALSE,20,elitize_generation_data,57,11,0.15,NA
59,7,checksum,tourney,FALSE,20,elitize_generation_data,58,9,0.129,NA
60,7,checksum,tourney,FALSE,20,elitize_generation_data,59,9,0.142,NA
61,7,checksum,tourney,FALSE,20,elitize_generation_data,60,5,0.143,NA
62,7,checksum,tourney,FALSE,20,elitize_generation_data,61,9,0.14,NA
63,7,checksum,tourney,FALSE,20,elitize_generation_data,62,8,0.156,NA
64,7,checksum,tourney,FALSE,20,elitize_generation_data,63,10,0.146,NA
65,7,checksum,tourney,FALSE,20,elitize_generation_data,64,6,0.142,NA
66,7,checksum,tourney,FALSE,20,elitize_generation_data,65,9,0.166,NA
67,7,checksum,tourney,FALSE,20,elitize_generation_data,66,10,0.138,NA
68,7,checksum,tourney,FALSE,20,elitize_generation_data,67,6,0.162,NA
69,7,checksum,tourney,FALSE,20,elitize_generation_data,68,13,0.153,NA
70,7,checksum,tourney,FALSE,20,elitize_generation_data,69,10,0.149,NA
71,7,checksum,tourney,FALSE,20,elitize_generation_data,70,8,0.153,NA
72,7,checksum,tourney,FALSE,20,elitize_generation_data,71,9,0.161,NA
73,7,checksum,tourney,FALSE,20,elitize_generation_data,72,8,0.156,NA
74,7,checksum,tourney,FALSE,20,elitize_generation_data,73,8,0.144,NA
75,7,checksum,tourney,FALSE,20,elitize_generation_data,74,9,0.159,NA
76,7,checksum,tourney,FALSE,20,elitize_generation_data,75,10,0.136,NA
77,7,checksum,tourney,FALSE,20,elitize_generation_data,76,10,0.136,NA
78,7,checksum,tourney,FALSE,20,elitize_generation_data,77,9,0.135,NA
79,7,checksum,tourney,FALSE,20,elitize_generation_data,78,8,0.144,NA
80,7,checksum,tourney,FALSE,20,elitize_generation_data,79,6,0.16,NA
81,7,checksum,tourney,FALSE,20,elitize_generation_data,80,7,0.135,NA
82,7,checksum,tourney,FALSE,20,elitize_generation_data,81,6,0.143,NA
83,7,checksum,tourney,FALSE,20,elitize_generation_data,82,5,0.139,NA
84,7,checksum,tourney,FALSE,20,elitize_generation_data,83,9,0.14,NA
85,7,checksum,tourney,FALSE,20,elitize_generation_data,84,8,0.158,NA
86,7,checksum,tourney,FALSE,20,elitize_generation_data,85,9,0.143,NA
87,7,checksum,tourney,FALSE,20,elitize_generation_data,86,7,0.152,NA
88,7,checksum,tourney,FALSE,20,elitize_generation_data,87,6,0.153,NA
89,7,checksum,tourney,FALSE,20,elitize_generation_data,88,8,0.148,NA
90,7,checksum,tourney,FALSE,20,elitize_generation_data,89,10,0.145,NA
91,7,checksum,tourney,FALSE,20,elitize_generation_data,90,10,0.138,NA
92,7,checksum,tourney,FALSE,20,elitize_generation_data,91,4,0.14,NA
93,7,checksum,tourney,FALSE,20,elitize_generation_data,92,9,0.135,NA
94,7,checksum,tourney,FALSE,20,elitize_generation_data,93,12,0.14,NA
95,7,checksum,tourney,FALSE,20,elitize_generation_data,94,9,0.122,NA
96,7,checksum,tourney,FALSE,20,elitize_generation_data,95,6,0.118,NA
97,7,checksum,tourney,FALSE,20,elitize_generation_data,96,8,0.137,NA
98,7,checksum,tourney,FALSE,20,elitize_generation_data,97,12,0.114,NA
99,7,checksum,tourney,FALSE,20,elitize_generation_data,98,10,0.132,NA
100,7,checksum,tourney,FALSE,20,elitize_generation_data,99,9,0.122,NA
101,7,checksum,tourney,FALSE,20,elitize_generation_data,100,9,0.132,NA
102,7,checksum,tourney,FALSE,20,elitize_generation_data,101,10,0.126,NA
103,7,checksum,tourney,FALSE,20,elitize_generation_data,102,8,0.121,NA
104,7,checksum,tourney,FALSE,20,elitize_generation_data,103,9,0.119,NA
105,7,checksum,tourney,FALSE,20,elitize_generation_data,104,11,0.116,NA
106,7,checksum,tourney,FALSE,20,elitize_generation_data,105,10,0.116,NA
107,7,checksum,tourney,FALSE,20,elitize_generation_data,106,10,0.113,NA
108,7,checksum,tourney,FALSE,20,elitize_generation_data,107,10,0.129,NA
109,7,checksum,tourney,FALSE,20,elitize_generation_data,108,7,0.117,NA
110,7,checksum,tourney,FALSE,20,elitize_generation_data,109,8,0.122,NA
111,7,checksum,tourney,FALSE,20,elitize_generation_data,110,11,0.113,NA
112,7,checksum,tourney,FALSE,20,elitize_generation_data,111,5,0.115,NA
113,7,checksum,tourney,FALSE,20,elitize_generation_data,112,8,0.11,NA
114,7,checksum,tourney,FALSE,20,elitize_generation_data,113,7,0.114,NA
115,7,checksum,tourney,FALSE,20,elitize_generation_data,114,9,0.107,NA
116,7,checksum,tourney,FALSE,20,elitize_generation_data,115,7,0.108,NA
117,7,checksum,tourney,FALSE,20,elitize_generation_data,116,9,0.103,NA
118,7,checksum,tourney,FALSE,20,elitize_generation_data,117,9,0.097,NA
119,7,checksum,tourney,FALSE,20,elitize_generation_data,118,8,0.103,NA
120,7,checksum,tourney,FALSE,20,elitize_generation_data,119,8,0.115,NA
121,7,checksum,tourney,FALSE,20,elitize_generation_data,120,9,0.118,NA
122,7,checksum,tourney,FALSE,20,elitize_generation_data,121,7,0.102,NA
123,7,checksum,tourney,FALSE,20,elitize_generation_data,122,11,0.099,NA
124,7,checksum,tourney,FALSE,20,elitize_generation_data,123,9,0.11,NA
125,7,checksum,tourney,FALSE,20,elitize_generation_data,124,8,0.12,NA
126,7,checksum,tourney,FALSE,20,elitize_generation_data,125,8,0.116,NA
127,7,checksum,tourney,FALSE,20,elitize_generation_data,126,9,0.114,NA
128,7,checksum,tourney,FALSE,20,elitize_generation_data,127,8,0.106,NA
129,7,checksum,tourney,FALSE,20,elitize_generation_data,128,9,0.108,NA
130,7,checksum,tourney,FALSE,20,elitize_generation_data,129,12,0.133,NA
131,7,checksum,tourney,FALSE,20,elitize_generation_data,130,11,0.118,NA
132,7,checksum,tourney,FALSE,20,elitize_generation_data,131,11,0.112,NA
133,7,checksum,tourney,FALSE,20,elitize_generation_data,132,9,0.125,NA
134,7,checksum,tourney,FALSE,20,elitize_generation_data,133,7,0.131,NA
135,7,checksum,tourney,FALSE,20,elitize_generation_data,134,9,0.124,NA
136,7,checksum,tourney,FALSE,20,elitize_generation_data,135,13,0.125,NA
137,7,checksum,tourney,FALSE,20,elitize_generation_data,136,12,0.117,NA
138,7,checksum,tourney,FALSE,20,elitize_generation_data,137,10,0.122,NA
139,7,checksum,tourney,FALSE,20,elitize_generation_data,138,11,0.114,NA
140,7,checksum,tourney,FALSE,20,elitize_generation_data,139,10,0.139,NA
141,7,checksum,tourney,FALSE,20,elitize_generation_data,140,14,0.121,NA
142,7,checksum,tourney,FALSE,20,elitize_generation_data,141,9,0.118,NA
143,7,checksum,tourney,FALSE,20,elitize_generation_data,142,10,0.146,NA
144,7,checksum,tourney,FALSE,20,elitize_generation_data,143,10,0.138,NA
145,7,checksum,tourney,FALSE,20,elitize_generation_data,144,7,0.123,NA
146,7,checksum,tourney,FALSE,20,elitize_generation_data,145,11,0.115,NA
147,7,checksum,tourney,FALSE,20,elitize_generation_data,146,10,0.128,NA
148,7,checksum,tourney,FALSE,20,elitize_generation_data,147,10,0.134,NA
149,7,checksum,tourney,FALSE,20,elitize_generation_data,148,9,0.142,NA
150,7,checksum,tourney,FALSE,20,elitize_generation_data,149,10,0.128,NA
151,7,checksum,tourney,FALSE,20,elitize_generation_data,150,10,0.118,NA
152,7,checksum,tourney,FALSE,20,elitize_generation_data,151,10,0.148,NA
153,7,checksum,tourney,FALSE,20,elitize_generation_data,152,11,0.126,NA
154,7,checksum,tourney,FALSE,20,elitize_generation_data,153,10,0.125,NA
155,7,checksum,tourney,FALSE,20,elitize_generation_data,154,8,0.126,NA
156,7,checksum,tourney,FALSE,20,elitize_generation_data,155,8,0.13,NA
157,7,checksum,tourney,FALSE,20,elitize_generation_data,156,8,0.129,NA
158,7,checksum,tourney,FALSE,20,elitize_generation_data,157,12,0.128,NA
159,7,checksum,tourney,FALSE,20,elitize_generation_data,158,8,0.164,NA
160,7,checksum,tourney,FALSE,20,elitize_generation_data,159,8,0.158,NA
161,7,checksum,tourney,FALSE,20,elitize_generation_data,160,8,0.163,NA
162,7,checksum,tourney,FALSE,20,elitize_generation_data,161,8,0.167,NA
163,7,checksum,tourney,FALSE,20,elitize_generation_data,162,12,0.19,NA
164,7,checksum,tourney,FALSE,20,elitize_generation_data,163,11,0.231,NA
165,7,checksum,tourney,FALSE,20,elitize_generation_data,164,10,0.246,NA
166,7,checksum,tourney,FALSE,20,elitize_generation_data,165,10,0.242,NA
167,7,checksum,tourney,FALSE,20,elitize_generation_data,166,8,0.245,NA
168,7,checksum,tourney,FALSE,20,elitize_generation_data,167,12,0.224,NA
169,7,checksum,tourney,FALSE,20,elitize_generation_data,168,7,0.209,NA
170,7,checksum,tourney,FALSE,20,elitize_generation_data,169,7,0.215,NA
171,7,checksum,tourney,FALSE,20,elitize_generation_data,170,7,0.208,NA
172,7,checksum,tourney,FALSE,20,elitize_generation_data,171,6,0.198,NA
173,7,checksum,tourney,FALSE,20,elitize_generation_data,172,6,0.21,NA
174,7,checksum,tourney,FALSE,20,elitize_generation_data,173,11,0.202,NA
175,7,checksum,tourney,FALSE,20,elitize_generation_data,174,8,0.205,NA
176,7,checksum,tourney,FALSE,20,elitize_generation_data,175,8,0.222,NA
177,7,checksum,tourney,FALSE,20,elitize_generation_data,176,7,0.216,NA
178,7,checksum,tourney,FALSE,20,elitize_generation_data,177,9,0.234,NA
179,7,checksum,tourney,FALSE,20,elitize_generation_data,178,10,0.231,NA
180,7,checksum,tourney,FALSE,20,elitize_generation_data,179,5,0.248,NA
181,7,checksum,tourney,FALSE,20,elitize_generation_data,180,9,0.228,NA
182,7,checksum,tourney,FALSE,20,elitize_generation_data,181,9,0.201,NA
183,7,checksum,tourney,FALSE,20,elitize_generation_data,182,8,0.2,NA
184,7,checksum,tourney,FALSE,20,elitize_generation_data,183,5,0.192,NA
185,7,checksum,tourney,FALSE,20,elitize_generation_data,184,7,0.214,NA
186,7,checksum,tourney,FALSE,20,elitize_generation_data,185,10,0.237,NA
187,7,checksum,tourney,FALSE,20,elitize_generation_data,186,8,0.231,NA
188,7,checksum,tourney,FALSE,20,elitize_generation_data,187,9,0.239,NA
189,7,checksum,tourney,FALSE,20,elitize_generation_data,188,9,0.228,NA
190,7,checksum,tourney,FALSE,20,elitize_generation_data,189,6,0.23,NA
191,7,checksum,tourney,FALSE,20,elitize_generation_data,190,8,0.263,NA
192,7,checksum,tourney,FALSE,20,elitize_generation_data,191,7,0.254,NA
193,7,checksum,tourney,FALSE,20,elitize_generation_data,192,8,0.251,NA
194,7,checksum,tourney,FALSE,20,elitize_generation_data,193,11,0.258,NA
195,7,checksum,tourney,FALSE,20,elitize_generation_data,194,9,0.244,NA
196,7,checksum,tourney,FALSE,20,elitize_generation_data,195,9,0.251,NA
197,7,checksum,tourney,FALSE,20,elitize_generation_data,196,9,0.241,NA
198,7,checksum,tourney,FALSE,20,elitize_generation_data,197,12,0.252,NA
199,7,checksum,tourney,FALSE,20,elitize_generation_data,198,8,0.264,NA
200,7,checksum,tourney,FALSE,20,elitize_generation_data,199,8,0.242,NA
201,7,checksum,tourney,FALSE,20,elitize_generation_data,200,8,0.26,NA
202,7,checksum,tourney,FALSE,20,elitize_generation_data,201,9,0.252,NA
203,7,checksum,tourney,FALSE,20,elitize_generation_data,202,9,0.247,NA
204,7,checksum,tourney,FALSE,20,elitize_generation_data,203,9,0.245,NA
205,7,checksum,tourney,FALSE,20,elitize_generation_data,204,16,0.238,NA
206,7,checksum,tourney,FALSE,20,elitize_generation_data,205,11,0.244,NA
207,7,checksum,tourney,FALSE,20,elitize_generation_data,206,9,0.225,NA
208,7,checksum,tourney,FALSE,20,elitize_generation_data,207,10,0.244,NA
209,7,checksum,tourney,FALSE,20,elitize_generation_data,208,8,0.273,NA
210,7,checksum,tourney,FALSE,20,elitize_generation_data,209,9,0.246,NA
211,7,checksum,tourney,FALSE,20,elitize_generation_data,210,10,0.251,NA
212,7,checksum,tourney,FALSE,20,elitize_generation_data,211,10,0.251,NA
213,7,checksum,tourney,FALSE,20,elitize_generation_data,212,7,0.25,NA
214,7,checksum,tourney,FALSE,20,elitize_generation_data,213,10,0.234,NA
215,7,checksum,tourney,FALSE,20,elitize_generation_data,214,10,0.269,NA
216,7,checksum,tourney,FALSE,20,elitize_generation_data,215,7,0.242,NA
217,7,checksum,tourney,FALSE,20,elitize_generation_data,216,10,0.266,NA
218,7,checksum,tourney,FALSE,20,elitize_generation_data,217,10,0.235,NA
219,7,checksum,tourney,FALSE,20,elitize_generation_data,218,10,0.254,NA
220,7,checksum,tourney,FALSE,20,elitize_generation_data,219,10,0.26,NA
221,7,checksum,tourney,FALSE,20,elitize_generation_data,220,9,0.239,NA
222,7,checksum,tourney,FALSE,20,elitize_generation_data,221,8,0.264,NA
223,7,checksum,tourney,FALSE,20,elitize_generation_data,222,7,0.243,NA
224,7,checksum,tourney,FALSE,20,elitize_generation_data,223,10,0.261,NA
225,7,checksum,tourney,FALSE,20,elitize_generation_data,224,16,0.251,NA
226,7,checksum,tourney,FALSE,20,elitize_generation_data,225,9,0.237,NA
227,7,checksum,tourney,FALSE,20,elitize_generation_data,226,11,0.262,NA
228,7,checksum,tourney,FALSE,20,elitize_generation_data,227,9,0.261,NA
229,7,checksum,tourney,FALSE,20,elitize_generation_data,228,12,0.253,NA
230,7,checksum,tourney,FALSE,20,elitize_generation_data,229,10,0.269,NA
231,7,checksum,tourney,FALSE,20,elitize_generation_data,230,11,0.271,NA
232,7,checksum,tourney,FALSE,20,elitize_generation_data,231,8,0.27,NA
233,7,checksum,tourney,FALSE,20,elitize_generation_data,232,8,0.266,NA
234,7,checksum,tourney,FALSE,20,elitize_generation_data,233,8,0.269,NA
235,7,checksum,tourney,FALSE,20,elitize_generation_data,234,12,0.244,NA
236,7,checksum,tourney,FALSE,20,elitize_generation_data,235,6,0.266,NA
237,7,checksum,tourney,FALSE,20,elitize_generation_data,236,9,0.264,NA
238,7,checksum,tourney,FALSE,20,elitize_generation_data,237,7,0.283,NA
239,7,checksum,tourney,FALSE,20,elitize_generation_data,238,13,0.253,NA
240,7,checksum,tourney,FALSE,20,elitize_generation_data,239,9,0.246,NA
241,7,checksum,tourney,FALSE,20,elitize_generation_data,240,8,0.262,NA
242,7,checksum,tourney,FALSE,20,elitize_generation_data,241,9,0.253,NA
243,7,checksum,tourney,FALSE,20,elitize_generation_data,242,12,0.259,NA
244,7,checksum,tourney,FALSE,20,elitize_generation_data,243,9,0.269,NA
245,7,checksum,tourney,FALSE,20,elitize_generation_data,244,9,0.289,NA
246,7,checksum,tourney,FALSE,20,elitize_generation_data,245,7,0.285,NA
247,7,checksum,tourney,FALSE,20,elitize_generation_data,246,6,0.255,NA
248,7,checksum,tourney,FALSE,20,elitize_generation_data,247,7,0.272,NA
249,7,checksum,tourney,FALSE,20,elitize_generation_data,248,8,0.26,NA
250,7,checksum,tourney,FALSE,20,elitize_generation_data,249,11,0.253,NA
251,7,checksum,tourney,FALSE,20,elitize_generation_data,250,5,0.247,NA
252,7,checksum,tourney,FALSE,20,elitize_generation_data,251,8,0.227,NA
253,7,checksum,tourney,FALSE,20,elitize_generation_data,252,7,0.266,NA
254,7,checksum,tourney,FALSE,20,elitize_generation_data,253,7,0.257,NA
255,7,checksum,tourney,FALSE,20,elitize_generation_data,254,6,0.253,NA
256,7,checksum,tourney,FALSE,20,elitize_generation_data,255,6,0.257,NA
257,7,checksum,tourney,FALSE,20,elitize_generation_data,256,6,0.249,NA
258,7,checksum,tourney,FALSE,20,elitize_generation_data,257,7,0.24,NA
259,7,checksum,tourney,FALSE,20,elitize_generation_data,258,7,0.22,NA
260,7,checksum,tourney,FALSE,20,elitize_generation_data,259,8,0.24,NA
261,7,checksum,tourney,FALSE,20,elitize_generation_data,260,9,0.264,NA
262,7,checksum,tourney,FALSE,20,elitize_generation_data,261,6,0.243,NA
263,7,checksum,tourney,FALSE,20,elitize_generation_data,262,8,0.25,NA
264,7,checksum,tourney,FALSE,20,elitize_generation_data,263,9,0.251,NA
265,7,checksum,tourney,FALSE,20,elitize_generation_data,264,8,0.234,NA
266,7,checksum,tourney,FALSE,20,elitize_generation_data,265,8,0.26,NA
267,7,checksum,tourney,FALSE,20,elitize_generation_data,266,6,0.236,NA
268,7,checksum,tourney,FALSE,20,elitize_generation_data,267,7,0.241,NA
269,7,checksum,tourney,FALSE,20,elitize_generation_data,268,9,0.251,NA
270,7,checksum,tourney,FALSE,20,elitize_generation_data,269,11,0.254,NA
271,7,checksum,tourney,FALSE,20,elitize_generation_data,270,10,0.241,NA
272,7,checksum,tourney,FALSE,20,elitize_generation_data,271,9,0.256,NA
273,7,checksum,tourney,FALSE,20,elitize_generation_data,272,9,0.248,NA
274,7,checksum,tourney,FALSE,20,elitize_generation_data,273,7,0.254,NA
275,7,checksum,tourney,FALSE,20,elitize_generation_data,274,9,0.246,NA
276,7,checksum,tourney,FALSE,20,elitize_generation_data,275,7,0.257,NA
277,7,checksum,tourney,FALSE,20,elitize_generation_data,276,9,0.265,NA
278,7,checksum,tourney,FALSE,20,elitize_generation_data,277,7,0.235,NA
279,7,checksum,tourney,FALSE,20,elitize_generation_data,278,7,0.258,NA
280,7,checksum,tourney,FALSE,20,elitize_generation_data,279,11,0.229,NA
281,7,checksum,tourney,FALSE,20,elitize_generation_data,280,9,0.244,NA
282,7,checksum,tourney,FALSE,20,elitize_generation_data,281,9,0.217,NA
283,7,checksum,tourney,FALSE,20,elitize_generation_data,282,7,0.249,NA
284,7,checksum,tourney,FALSE,20,elitize_generation_data,283,7,0.237,NA
285,7,checksum,tourney,FALSE,20,elitize_generation_data,284,9,0.246,NA
286,7,checksum,tourney,FALSE,20,elitize_generation_data,285,10,0.259,NA
287,7,checksum,tourney,FALSE,20,elitize_generation_data,286,8,0.253,NA
288,7,checksum,tourney,FALSE,20,elitize_generation_data,287,6,0.226,NA
289,7,checksum,tourney,FALSE,20,elitize_generation_data,288,8,0.235,NA
290,7,checksum,tourney,FALSE,20,elitize_generation_data,289,7,0.255,NA
291,7,checksum,tourney,FALSE,20,elitize_generation_data,290,8,0.23,NA
292,7,checksum,tourney,FALSE,20,elitize_generation_data,291,9,0.259,NA
293,7,checksum,tourney,FALSE,20,elitize_generation_data,292,7,0.247,NA
294,7,checksum,tourney,FALSE,20,elitize_generation_data,293,7,0.236,NA
295,7,checksum,tourney,FALSE,20,elitize_generation_data,294,8,0.25,NA
296,7,checksum,tourney,FALSE,20,elitize_generation_data,295,7,0.263,NA
297,7,checksum,tourney,FALSE,20,elitize_generation_data,296,8,0.255,NA
298,7,checksum,tourney,FALSE,20,elitize_generation_data,297,12,0.261,NA
299,7,checksum,tourney,FALSE,20,elitize_generation_data,298,9,0.263,NA
300,7,checksum,tourney,FALSE,20,elitize_generation_data,299,7,0.234,NA
301,7,checksum,tourney,FALSE,20,elitize_generation_data,300,9,0.241,NA
