,run.num,problem,treatment,succeeded,height,normalization.function,generation,cluster.count,error.diversity,success.generation
1,15,checksum,tourney,FALSE,20,elitize_generation_data,0,3,0.31,NA
2,15,checksum,tourney,FALSE,20,elitize_generation_data,1,3,0.229,NA
3,15,checksum,tourney,FALSE,20,elitize_generation_data,2,4,0.148,NA
4,15,checksum,tourney,FALSE,20,elitize_generation_data,3,3,0.178,NA
5,15,checksum,tourney,FALSE,20,elitize_generation_data,4,3,0.248,NA
6,15,checksum,tourney,FALSE,20,elitize_generation_data,5,5,0.259,NA
7,15,checksum,tourney,FALSE,20,elitize_generation_data,6,5,0.114,NA
8,15,checksum,tourney,FALSE,20,elitize_generation_data,7,4,0.063,NA
9,15,checksum,tourney,FALSE,20,elitize_generation_data,8,6,0.064,NA
10,15,checksum,tourney,FALSE,20,elitize_generation_data,9,6,0.075,NA
11,15,checksum,tourney,FALSE,20,elitize_generation_data,10,6,0.081,NA
12,15,checksum,tourney,FALSE,20,elitize_generation_data,11,6,0.087,NA
13,15,checksum,tourney,FALSE,20,elitize_generation_data,12,5,0.067,NA
14,15,checksum,tourney,FALSE,20,elitize_generation_data,13,3,0.082,NA
15,15,checksum,tourney,FALSE,20,elitize_generation_data,14,3,0.083,NA
16,15,checksum,tourney,FALSE,20,elitize_generation_data,15,6,0.074,NA
17,15,checksum,tourney,FALSE,20,elitize_generation_data,16,7,0.069,NA
18,15,checksum,tourney,FALSE,20,elitize_generation_data,17,6,0.074,NA
19,15,checksum,tourney,FALSE,20,elitize_generation_data,18,4,0.074,NA
20,15,checksum,tourney,FALSE,20,elitize_generation_data,19,4,0.075,NA
21,15,checksum,tourney,FALSE,20,elitize_generation_data,20,4,0.084,NA
22,15,checksum,tourney,FALSE,20,elitize_generation_data,21,5,0.091,NA
23,15,checksum,tourney,FALSE,20,elitize_generation_data,22,5,0.117,NA
24,15,checksum,tourney,FALSE,20,elitize_generation_data,23,6,0.173,NA
25,15,checksum,tourney,FALSE,20,elitize_generation_data,24,7,0.196,NA
26,15,checksum,tourney,FALSE,20,elitize_generation_data,25,8,0.235,NA
27,15,checksum,tourney,FALSE,20,elitize_generation_data,26,8,0.209,NA
28,15,checksum,tourney,FALSE,20,elitize_generation_data,27,7,0.23,NA
29,15,checksum,tourney,FALSE,20,elitize_generation_data,28,9,0.216,NA
30,15,checksum,tourney,FALSE,20,elitize_generation_data,29,10,0.227,NA
31,15,checksum,tourney,FALSE,20,elitize_generation_data,30,12,0.27,NA
32,15,checksum,tourney,FALSE,20,elitize_generation_data,31,13,0.308,NA
33,15,checksum,tourney,FALSE,20,elitize_generation_data,32,11,0.309,NA
34,15,checksum,tourney,FALSE,20,elitize_generation_data,33,16,0.3,NA
35,15,checksum,tourney,FALSE,20,elitize_generation_data,34,10,0.31,NA
36,15,checksum,tourney,FALSE,20,elitize_generation_data,35,13,0.354,NA
37,15,checksum,tourney,FALSE,20,elitize_generation_data,36,15,0.376,NA
38,15,checksum,tourney,FALSE,20,elitize_generation_data,37,12,0.434,NA
39,15,checksum,tourney,FALSE,20,elitize_generation_data,38,11,0.398,NA
40,15,checksum,tourney,FALSE,20,elitize_generation_data,39,10,0.342,NA
41,15,checksum,tourney,FALSE,20,elitize_generation_data,40,10,0.324,NA
42,15,checksum,tourney,FALSE,20,elitize_generation_data,41,13,0.278,NA
43,15,checksum,tourney,FALSE,20,elitize_generation_data,42,12,0.283,NA
44,15,checksum,tourney,FALSE,20,elitize_generation_data,43,14,0.301,NA
45,15,checksum,tourney,FALSE,20,elitize_generation_data,44,19,0.306,NA
46,15,checksum,tourney,FALSE,20,elitize_generation_data,45,16,0.338,NA
47,15,checksum,tourney,FALSE,20,elitize_generation_data,46,13,0.363,NA
48,15,checksum,tourney,FALSE,20,elitize_generation_data,47,13,0.314,NA
49,15,checksum,tourney,FALSE,20,elitize_generation_data,48,11,0.301,NA
50,15,checksum,tourney,FALSE,20,elitize_generation_data,49,19,0.326,NA
51,15,checksum,tourney,FALSE,20,elitize_generation_data,50,19,0.329,NA
52,15,checksum,tourney,FALSE,20,elitize_generation_data,51,20,0.335,NA
53,15,checksum,tourney,FALSE,20,elitize_generation_data,52,20,0.343,NA
54,15,checksum,tourney,FALSE,20,elitize_generation_data,53,18,0.311,NA
55,15,checksum,tourney,FALSE,20,elitize_generation_data,54,17,0.317,NA
56,15,checksum,tourney,FALSE,20,elitize_generation_data,55,17,0.314,NA
57,15,checksum,tourney,FALSE,20,elitize_generation_data,56,17,0.305,NA
58,15,checksum,tourney,FALSE,20,elitize_generation_data,57,17,0.304,NA
59,15,checksum,tourney,FALSE,20,elitize_generation_data,58,23,0.312,NA
60,15,checksum,tourney,FALSE,20,elitize_generation_data,59,17,0.28,NA
61,15,checksum,tourney,FALSE,20,elitize_generation_data,60,13,0.286,NA
62,15,checksum,tourney,FALSE,20,elitize_generation_data,61,19,0.291,NA
63,15,checksum,tourney,FALSE,20,elitize_generation_data,62,18,0.303,NA
64,15,checksum,tourney,FALSE,20,elitize_generation_data,63,15,0.309,NA
65,15,checksum,tourney,FALSE,20,elitize_generation_data,64,18,0.277,NA
66,15,checksum,tourney,FALSE,20,elitize_generation_data,65,20,0.272,NA
67,15,checksum,tourney,FALSE,20,elitize_generation_data,66,18,0.273,NA
68,15,checksum,tourney,FALSE,20,elitize_generation_data,67,17,0.276,NA
69,15,checksum,tourney,FALSE,20,elitize_generation_data,68,10,0.286,NA
70,15,checksum,tourney,FALSE,20,elitize_generation_data,69,21,0.29,NA
71,15,checksum,tourney,FALSE,20,elitize_generation_data,70,17,0.265,NA
72,15,checksum,tourney,FALSE,20,elitize_generation_data,71,15,0.279,NA
73,15,checksum,tourney,FALSE,20,elitize_generation_data,72,19,0.265,NA
74,15,checksum,tourney,FALSE,20,elitize_generation_data,73,19,0.246,NA
75,15,checksum,tourney,FALSE,20,elitize_generation_data,74,14,0.259,NA
76,15,checksum,tourney,FALSE,20,elitize_generation_data,75,20,0.261,NA
77,15,checksum,tourney,FALSE,20,elitize_generation_data,76,16,0.257,NA
78,15,checksum,tourney,FALSE,20,elitize_generation_data,77,14,0.261,NA
79,15,checksum,tourney,FALSE,20,elitize_generation_data,78,18,0.275,NA
80,15,checksum,tourney,FALSE,20,elitize_generation_data,79,17,0.261,NA
81,15,checksum,tourney,FALSE,20,elitize_generation_data,80,14,0.258,NA
82,15,checksum,tourney,FALSE,20,elitize_generation_data,81,19,0.274,NA
83,15,checksum,tourney,FALSE,20,elitize_generation_data,82,20,0.259,NA
84,15,checksum,tourney,FALSE,20,elitize_generation_data,83,18,0.278,NA
85,15,checksum,tourney,FALSE,20,elitize_generation_data,84,15,0.277,NA
86,15,checksum,tourney,FALSE,20,elitize_generation_data,85,14,0.291,NA
87,15,checksum,tourney,FALSE,20,elitize_generation_data,86,18,0.255,NA
88,15,checksum,tourney,FALSE,20,elitize_generation_data,87,20,0.258,NA
89,15,checksum,tourney,FALSE,20,elitize_generation_data,88,20,0.261,NA
90,15,checksum,tourney,FALSE,20,elitize_generation_data,89,21,0.283,NA
91,15,checksum,tourney,FALSE,20,elitize_generation_data,90,21,0.316,NA
92,15,checksum,tourney,FALSE,20,elitize_generation_data,91,22,0.313,NA
93,15,checksum,tourney,FALSE,20,elitize_generation_data,92,20,0.359,NA
94,15,checksum,tourney,FALSE,20,elitize_generation_data,93,21,0.344,NA
95,15,checksum,tourney,FALSE,20,elitize_generation_data,94,14,0.357,NA
96,15,checksum,tourney,FALSE,20,elitize_generation_data,95,17,0.378,NA
97,15,checksum,tourney,FALSE,20,elitize_generation_data,96,14,0.385,NA
98,15,checksum,tourney,FALSE,20,elitize_generation_data,97,11,0.393,NA
99,15,checksum,tourney,FALSE,20,elitize_generation_data,98,18,0.404,NA
100,15,checksum,tourney,FALSE,20,elitize_generation_data,99,15,0.395,NA
101,15,checksum,tourney,FALSE,20,elitize_generation_data,100,13,0.386,NA
102,15,checksum,tourney,FALSE,20,elitize_generation_data,101,11,0.41,NA
103,15,checksum,tourney,FALSE,20,elitize_generation_data,102,19,0.417,NA
104,15,checksum,tourney,FALSE,20,elitize_generation_data,103,16,0.375,NA
105,15,checksum,tourney,FALSE,20,elitize_generation_data,104,8,0.381,NA
106,15,checksum,tourney,FALSE,20,elitize_generation_data,105,11,0.366,NA
107,15,checksum,tourney,FALSE,20,elitize_generation_data,106,11,0.389,NA
108,15,checksum,tourney,FALSE,20,elitize_generation_data,107,15,0.4,NA
109,15,checksum,tourney,FALSE,20,elitize_generation_data,108,20,0.411,NA
110,15,checksum,tourney,FALSE,20,elitize_generation_data,109,14,0.42,NA
111,15,checksum,tourney,FALSE,20,elitize_generation_data,110,14,0.456,NA
112,15,checksum,tourney,FALSE,20,elitize_generation_data,111,21,0.501,NA
113,15,checksum,tourney,FALSE,20,elitize_generation_data,112,19,0.503,NA
114,15,checksum,tourney,FALSE,20,elitize_generation_data,113,22,0.5,NA
115,15,checksum,tourney,FALSE,20,elitize_generation_data,114,19,0.473,NA
116,15,checksum,tourney,FALSE,20,elitize_generation_data,115,20,0.485,NA
117,15,checksum,tourney,FALSE,20,elitize_generation_data,116,18,0.503,NA
118,15,checksum,tourney,FALSE,20,elitize_generation_data,117,23,0.518,NA
119,15,checksum,tourney,FALSE,20,elitize_generation_data,118,21,0.497,NA
120,15,checksum,tourney,FALSE,20,elitize_generation_data,119,15,0.503,NA
121,15,checksum,tourney,FALSE,20,elitize_generation_data,120,20,0.515,NA
122,15,checksum,tourney,FALSE,20,elitize_generation_data,121,21,0.551,NA
123,15,checksum,tourney,FALSE,20,elitize_generation_data,122,22,0.527,NA
124,15,checksum,tourney,FALSE,20,elitize_generation_data,123,17,0.549,NA
125,15,checksum,tourney,FALSE,20,elitize_generation_data,124,23,0.561,NA
126,15,checksum,tourney,FALSE,20,elitize_generation_data,125,27,0.544,NA
127,15,checksum,tourney,FALSE,20,elitize_generation_data,126,33,0.55,NA
128,15,checksum,tourney,FALSE,20,elitize_generation_data,127,20,0.543,NA
129,15,checksum,tourney,FALSE,20,elitize_generation_data,128,26,0.568,NA
130,15,checksum,tourney,FALSE,20,elitize_generation_data,129,29,0.575,NA
131,15,checksum,tourney,FALSE,20,elitize_generation_data,130,21,0.575,NA
132,15,checksum,tourney,FALSE,20,elitize_generation_data,131,21,0.586,NA
133,15,checksum,tourney,FALSE,20,elitize_generation_data,132,21,0.562,NA
134,15,checksum,tourney,FALSE,20,elitize_generation_data,133,25,0.548,NA
135,15,checksum,tourney,FALSE,20,elitize_generation_data,134,21,0.559,NA
136,15,checksum,tourney,FALSE,20,elitize_generation_data,135,26,0.549,NA
137,15,checksum,tourney,FALSE,20,elitize_generation_data,136,26,0.533,NA
138,15,checksum,tourney,FALSE,20,elitize_generation_data,137,28,0.533,NA
139,15,checksum,tourney,FALSE,20,elitize_generation_data,138,26,0.562,NA
140,15,checksum,tourney,FALSE,20,elitize_generation_data,139,27,0.536,NA
141,15,checksum,tourney,FALSE,20,elitize_generation_data,140,27,0.547,NA
142,15,checksum,tourney,FALSE,20,elitize_generation_data,141,29,0.573,NA
143,15,checksum,tourney,FALSE,20,elitize_generation_data,142,26,0.552,NA
144,15,checksum,tourney,FALSE,20,elitize_generation_data,143,23,0.548,NA
145,15,checksum,tourney,FALSE,20,elitize_generation_data,144,23,0.546,NA
146,15,checksum,tourney,FALSE,20,elitize_generation_data,145,23,0.539,NA
147,15,checksum,tourney,FALSE,20,elitize_generation_data,146,19,0.543,NA
148,15,checksum,tourney,FALSE,20,elitize_generation_data,147,29,0.543,NA
149,15,checksum,tourney,FALSE,20,elitize_generation_data,148,23,0.56,NA
150,15,checksum,tourney,FALSE,20,elitize_generation_data,149,26,0.549,NA
151,15,checksum,tourney,FALSE,20,elitize_generation_data,150,25,0.552,NA
152,15,checksum,tourney,FALSE,20,elitize_generation_data,151,37,0.559,NA
153,15,checksum,tourney,FALSE,20,elitize_generation_data,152,28,0.558,NA
154,15,checksum,tourney,FALSE,20,elitize_generation_data,153,34,0.563,NA
155,15,checksum,tourney,FALSE,20,elitize_generation_data,154,23,0.548,NA
156,15,checksum,tourney,FALSE,20,elitize_generation_data,155,32,0.567,NA
157,15,checksum,tourney,FALSE,20,elitize_generation_data,156,32,0.573,NA
158,15,checksum,tourney,FALSE,20,elitize_generation_data,157,31,0.578,NA
159,15,checksum,tourney,FALSE,20,elitize_generation_data,158,25,0.569,NA
160,15,checksum,tourney,FALSE,20,elitize_generation_data,159,37,0.573,NA
161,15,checksum,tourney,FALSE,20,elitize_generation_data,160,39,0.546,NA
162,15,checksum,tourney,FALSE,20,elitize_generation_data,161,42,0.549,NA
163,15,checksum,tourney,FALSE,20,elitize_generation_data,162,32,0.569,NA
164,15,checksum,tourney,FALSE,20,elitize_generation_data,163,40,0.588,NA
165,15,checksum,tourney,FALSE,20,elitize_generation_data,164,36,0.594,NA
166,15,checksum,tourney,FALSE,20,elitize_generation_data,165,25,0.597,NA
167,15,checksum,tourney,FALSE,20,elitize_generation_data,166,38,0.579,NA
168,15,checksum,tourney,FALSE,20,elitize_generation_data,167,31,0.58,NA
169,15,checksum,tourney,FALSE,20,elitize_generation_data,168,26,0.58,NA
170,15,checksum,tourney,FALSE,20,elitize_generation_data,169,33,0.581,NA
171,15,checksum,tourney,FALSE,20,elitize_generation_data,170,26,0.575,NA
172,15,checksum,tourney,FALSE,20,elitize_generation_data,171,27,0.536,NA
173,15,checksum,tourney,FALSE,20,elitize_generation_data,172,31,0.53,NA
174,15,checksum,tourney,FALSE,20,elitize_generation_data,173,33,0.564,NA
175,15,checksum,tourney,FALSE,20,elitize_generation_data,174,29,0.546,NA
176,15,checksum,tourney,FALSE,20,elitize_generation_data,175,27,0.572,NA
177,15,checksum,tourney,FALSE,20,elitize_generation_data,176,21,0.536,NA
178,15,checksum,tourney,FALSE,20,elitize_generation_data,177,23,0.567,NA
179,15,checksum,tourney,FALSE,20,elitize_generation_data,178,31,0.581,NA
180,15,checksum,tourney,FALSE,20,elitize_generation_data,179,35,0.576,NA
181,15,checksum,tourney,FALSE,20,elitize_generation_data,180,31,0.612,NA
182,15,checksum,tourney,FALSE,20,elitize_generation_data,181,32,0.596,NA
183,15,checksum,tourney,FALSE,20,elitize_generation_data,182,33,0.589,NA
184,15,checksum,tourney,FALSE,20,elitize_generation_data,183,27,0.576,NA
185,15,checksum,tourney,FALSE,20,elitize_generation_data,184,25,0.58,NA
186,15,checksum,tourney,FALSE,20,elitize_generation_data,185,33,0.582,NA
187,15,checksum,tourney,FALSE,20,elitize_generation_data,186,31,0.588,NA
188,15,checksum,tourney,FALSE,20,elitize_generation_data,187,33,0.559,NA
189,15,checksum,tourney,FALSE,20,elitize_generation_data,188,39,0.559,NA
190,15,checksum,tourney,FALSE,20,elitize_generation_data,189,29,0.561,NA
191,15,checksum,tourney,FALSE,20,elitize_generation_data,190,37,0.57,NA
192,15,checksum,tourney,FALSE,20,elitize_generation_data,191,36,0.579,NA
193,15,checksum,tourney,FALSE,20,elitize_generation_data,192,33,0.566,NA
194,15,checksum,tourney,FALSE,20,elitize_generation_data,193,32,0.559,NA
195,15,checksum,tourney,FALSE,20,elitize_generation_data,194,38,0.591,NA
196,15,checksum,tourney,FALSE,20,elitize_generation_data,195,23,0.563,NA
197,15,checksum,tourney,FALSE,20,elitize_generation_data,196,27,0.574,NA
198,15,checksum,tourney,FALSE,20,elitize_generation_data,197,37,0.557,NA
199,15,checksum,tourney,FALSE,20,elitize_generation_data,198,28,0.598,NA
200,15,checksum,tourney,FALSE,20,elitize_generation_data,199,21,0.576,NA
201,15,checksum,tourney,FALSE,20,elitize_generation_data,200,30,0.562,NA
202,15,checksum,tourney,FALSE,20,elitize_generation_data,201,28,0.57,NA
203,15,checksum,tourney,FALSE,20,elitize_generation_data,202,39,0.551,NA
204,15,checksum,tourney,FALSE,20,elitize_generation_data,203,29,0.532,NA
205,15,checksum,tourney,FALSE,20,elitize_generation_data,204,30,0.58,NA
206,15,checksum,tourney,FALSE,20,elitize_generation_data,205,23,0.551,NA
207,15,checksum,tourney,FALSE,20,elitize_generation_data,206,24,0.586,NA
208,15,checksum,tourney,FALSE,20,elitize_generation_data,207,33,0.555,NA
209,15,checksum,tourney,FALSE,20,elitize_generation_data,208,34,0.55,NA
210,15,checksum,tourney,FALSE,20,elitize_generation_data,209,22,0.544,NA
211,15,checksum,tourney,FALSE,20,elitize_generation_data,210,15,0.521,NA
212,15,checksum,tourney,FALSE,20,elitize_generation_data,211,30,0.57,NA
213,15,checksum,tourney,FALSE,20,elitize_generation_data,212,25,0.532,NA
214,15,checksum,tourney,FALSE,20,elitize_generation_data,213,16,0.536,NA
215,15,checksum,tourney,FALSE,20,elitize_generation_data,214,27,0.538,NA
216,15,checksum,tourney,FALSE,20,elitize_generation_data,215,22,0.531,NA
217,15,checksum,tourney,FALSE,20,elitize_generation_data,216,38,0.546,NA
218,15,checksum,tourney,FALSE,20,elitize_generation_data,217,24,0.525,NA
219,15,checksum,tourney,FALSE,20,elitize_generation_data,218,21,0.528,NA
220,15,checksum,tourney,FALSE,20,elitize_generation_data,219,27,0.556,NA
221,15,checksum,tourney,FALSE,20,elitize_generation_data,220,22,0.545,NA
222,15,checksum,tourney,FALSE,20,elitize_generation_data,221,19,0.552,NA
223,15,checksum,tourney,FALSE,20,elitize_generation_data,222,14,0.552,NA
224,15,checksum,tourney,FALSE,20,elitize_generation_data,223,20,0.517,NA
225,15,checksum,tourney,FALSE,20,elitize_generation_data,224,23,0.547,NA
226,15,checksum,tourney,FALSE,20,elitize_generation_data,225,16,0.527,NA
227,15,checksum,tourney,FALSE,20,elitize_generation_data,226,15,0.534,NA
228,15,checksum,tourney,FALSE,20,elitize_generation_data,227,22,0.54,NA
229,15,checksum,tourney,FALSE,20,elitize_generation_data,228,13,0.565,NA
230,15,checksum,tourney,FALSE,20,elitize_generation_data,229,12,0.563,NA
231,15,checksum,tourney,FALSE,20,elitize_generation_data,230,16,0.563,NA
232,15,checksum,tourney,FALSE,20,elitize_generation_data,231,19,0.564,NA
233,15,checksum,tourney,FALSE,20,elitize_generation_data,232,19,0.579,NA
234,15,checksum,tourney,FALSE,20,elitize_generation_data,233,16,0.561,NA
235,15,checksum,tourney,FALSE,20,elitize_generation_data,234,16,0.59,NA
236,15,checksum,tourney,FALSE,20,elitize_generation_data,235,14,0.599,NA
237,15,checksum,tourney,FALSE,20,elitize_generation_data,236,14,0.562,NA
238,15,checksum,tourney,FALSE,20,elitize_generation_data,237,12,0.568,NA
239,15,checksum,tourney,FALSE,20,elitize_generation_data,238,17,0.571,NA
240,15,checksum,tourney,FALSE,20,elitize_generation_data,239,10,0.577,NA
241,15,checksum,tourney,FALSE,20,elitize_generation_data,240,6,0.612,NA
242,15,checksum,tourney,FALSE,20,elitize_generation_data,241,12,0.602,NA
243,15,checksum,tourney,FALSE,20,elitize_generation_data,242,8,0.59,NA
244,15,checksum,tourney,FALSE,20,elitize_generation_data,243,10,0.611,NA
245,15,checksum,tourney,FALSE,20,elitize_generation_data,244,10,0.614,NA
246,15,checksum,tourney,FALSE,20,elitize_generation_data,245,11,0.626,NA
247,15,checksum,tourney,FALSE,20,elitize_generation_data,246,3,0.64,NA
248,15,checksum,tourney,FALSE,20,elitize_generation_data,247,8,0.624,NA
249,15,checksum,tourney,FALSE,20,elitize_generation_data,248,7,0.611,NA
250,15,checksum,tourney,FALSE,20,elitize_generation_data,249,4,0.633,NA
251,15,checksum,tourney,FALSE,20,elitize_generation_data,250,3,0.629,NA
252,15,checksum,tourney,FALSE,20,elitize_generation_data,251,3,0.656,NA
253,15,checksum,tourney,FALSE,20,elitize_generation_data,252,3,0.662,NA
254,15,checksum,tourney,FALSE,20,elitize_generation_data,253,2,0.646,NA
255,15,checksum,tourney,FALSE,20,elitize_generation_data,254,3,0.663,NA
256,15,checksum,tourney,FALSE,20,elitize_generation_data,255,3,0.633,NA
257,15,checksum,tourney,FALSE,20,elitize_generation_data,256,5,0.62,NA
258,15,checksum,tourney,FALSE,20,elitize_generation_data,257,3,0.598,NA
259,15,checksum,tourney,FALSE,20,elitize_generation_data,258,2,0.625,NA
260,15,checksum,tourney,FALSE,20,elitize_generation_data,259,4,0.634,NA
261,15,checksum,tourney,FALSE,20,elitize_generation_data,260,2,0.636,NA
262,15,checksum,tourney,FALSE,20,elitize_generation_data,261,3,0.663,NA
263,15,checksum,tourney,FALSE,20,elitize_generation_data,262,3,0.641,NA
264,15,checksum,tourney,FALSE,20,elitize_generation_data,263,2,0.644,NA
265,15,checksum,tourney,FALSE,20,elitize_generation_data,264,3,0.635,NA
266,15,checksum,tourney,FALSE,20,elitize_generation_data,265,2,0.63,NA
267,15,checksum,tourney,FALSE,20,elitize_generation_data,266,3,0.614,NA
268,15,checksum,tourney,FALSE,20,elitize_generation_data,267,3,0.634,NA
269,15,checksum,tourney,FALSE,20,elitize_generation_data,268,2,0.644,NA
270,15,checksum,tourney,FALSE,20,elitize_generation_data,269,3,0.65,NA
271,15,checksum,tourney,FALSE,20,elitize_generation_data,270,3,0.648,NA
272,15,checksum,tourney,FALSE,20,elitize_generation_data,271,3,0.641,NA
273,15,checksum,tourney,FALSE,20,elitize_generation_data,272,2,0.638,NA
274,15,checksum,tourney,FALSE,20,elitize_generation_data,273,2,0.631,NA
275,15,checksum,tourney,FALSE,20,elitize_generation_data,274,3,0.651,NA
276,15,checksum,tourney,FALSE,20,elitize_generation_data,275,2,0.643,NA
277,15,checksum,tourney,FALSE,20,elitize_generation_data,276,3,0.644,NA
278,15,checksum,tourney,FALSE,20,elitize_generation_data,277,3,0.635,NA
279,15,checksum,tourney,FALSE,20,elitize_generation_data,278,3,0.658,NA
280,15,checksum,tourney,FALSE,20,elitize_generation_data,279,2,0.648,NA
281,15,checksum,tourney,FALSE,20,elitize_generation_data,280,3,0.621,NA
282,15,checksum,tourney,FALSE,20,elitize_generation_data,281,2,0.627,NA
283,15,checksum,tourney,FALSE,20,elitize_generation_data,282,2,0.663,NA
284,15,checksum,tourney,FALSE,20,elitize_generation_data,283,3,0.637,NA
285,15,checksum,tourney,FALSE,20,elitize_generation_data,284,2,0.646,NA
286,15,checksum,tourney,FALSE,20,elitize_generation_data,285,3,0.649,NA
287,15,checksum,tourney,FALSE,20,elitize_generation_data,286,3,0.647,NA
288,15,checksum,tourney,FALSE,20,elitize_generation_data,287,3,0.67,NA
289,15,checksum,tourney,FALSE,20,elitize_generation_data,288,3,0.67,NA
290,15,checksum,tourney,FALSE,20,elitize_generation_data,289,2,0.684,NA
291,15,checksum,tourney,FALSE,20,elitize_generation_data,290,3,0.675,NA
292,15,checksum,tourney,FALSE,20,elitize_generation_data,291,2,0.656,NA
293,15,checksum,tourney,FALSE,20,elitize_generation_data,292,2,0.673,NA
294,15,checksum,tourney,FALSE,20,elitize_generation_data,293,2,0.688,NA
295,15,checksum,tourney,FALSE,20,elitize_generation_data,294,2,0.692,NA
296,15,checksum,tourney,FALSE,20,elitize_generation_data,295,3,0.678,NA
297,15,checksum,tourney,FALSE,20,elitize_generation_data,296,3,0.676,NA
298,15,checksum,tourney,FALSE,20,elitize_generation_data,297,2,0.676,NA
299,15,checksum,tourney,FALSE,20,elitize_generation_data,298,2,0.707,NA
300,15,checksum,tourney,FALSE,20,elitize_generation_data,299,3,0.678,NA
301,15,checksum,tourney,FALSE,20,elitize_generation_data,300,2,0.667,NA
