,run.num,problem,treatment,succeeded,height,normalization.function,generation,cluster.count,error.diversity,success.generation
1,51,checksum,tourney,FALSE,20,elitize_generation_data,0,3,0.289,NA
2,51,checksum,tourney,FALSE,20,elitize_generation_data,1,2,0.217,NA
3,51,checksum,tourney,FALSE,20,elitize_generation_data,2,2,0.145,NA
4,51,checksum,tourney,FALSE,20,elitize_generation_data,3,3,0.122,NA
5,51,checksum,tourney,FALSE,20,elitize_generation_data,4,3,0.12,NA
6,51,checksum,tourney,FALSE,20,elitize_generation_data,5,4,0.101,NA
7,51,checksum,tourney,FALSE,20,elitize_generation_data,6,5,0.078,NA
8,51,checksum,tourney,FALSE,20,elitize_generation_data,7,6,0.099,NA
9,51,checksum,tourney,FALSE,20,elitize_generation_data,8,6,0.084,NA
10,51,checksum,tourney,FALSE,20,elitize_generation_data,9,4,0.042,NA
11,51,checksum,tourney,FALSE,20,elitize_generation_data,10,3,0.038,NA
12,51,checksum,tourney,FALSE,20,elitize_generation_data,11,4,0.052,NA
13,51,checksum,tourney,FALSE,20,elitize_generation_data,12,4,0.053,NA
14,51,checksum,tourney,FALSE,20,elitize_generation_data,13,4,0.049,NA
15,51,checksum,tourney,FALSE,20,elitize_generation_data,14,7,0.03,NA
16,51,checksum,tourney,FALSE,20,elitize_generation_data,15,4,0.037,NA
17,51,checksum,tourney,FALSE,20,elitize_generation_data,16,7,0.038,NA
18,51,checksum,tourney,FALSE,20,elitize_generation_data,17,5,0.043,NA
19,51,checksum,tourney,FALSE,20,elitize_generation_data,18,6,0.033,NA
20,51,checksum,tourney,FALSE,20,elitize_generation_data,19,5,0.037,NA
21,51,checksum,tourney,FALSE,20,elitize_generation_data,20,6,0.044,NA
22,51,checksum,tourney,FALSE,20,elitize_generation_data,21,6,0.045,NA
23,51,checksum,tourney,FALSE,20,elitize_generation_data,22,5,0.051,NA
24,51,checksum,tourney,FALSE,20,elitize_generation_data,23,6,0.046,NA
25,51,checksum,tourney,FALSE,20,elitize_generation_data,24,6,0.039,NA
26,51,checksum,tourney,FALSE,20,elitize_generation_data,25,7,0.043,NA
27,51,checksum,tourney,FALSE,20,elitize_generation_data,26,6,0.04,NA
28,51,checksum,tourney,FALSE,20,elitize_generation_data,27,5,0.05,NA
29,51,checksum,tourney,FALSE,20,elitize_generation_data,28,7,0.045,NA
30,51,checksum,tourney,FALSE,20,elitize_generation_data,29,4,0.051,NA
31,51,checksum,tourney,FALSE,20,elitize_generation_data,30,8,0.047,NA
32,51,checksum,tourney,FALSE,20,elitize_generation_data,31,5,0.041,NA
33,51,checksum,tourney,FALSE,20,elitize_generation_data,32,6,0.055,NA
34,51,checksum,tourney,FALSE,20,elitize_generation_data,33,3,0.048,NA
35,51,checksum,tourney,FALSE,20,elitize_generation_data,34,4,0.044,NA
36,51,checksum,tourney,FALSE,20,elitize_generation_data,35,5,0.038,NA
37,51,checksum,tourney,FALSE,20,elitize_generation_data,36,5,0.046,NA
38,51,checksum,tourney,FALSE,20,elitize_generation_data,37,7,0.057,NA
39,51,checksum,tourney,FALSE,20,elitize_generation_data,38,7,0.051,NA
40,51,checksum,tourney,FALSE,20,elitize_generation_data,39,5,0.041,NA
41,51,checksum,tourney,FALSE,20,elitize_generation_data,40,4,0.04,NA
42,51,checksum,tourney,FALSE,20,elitize_generation_data,41,6,0.043,NA
43,51,checksum,tourney,FALSE,20,elitize_generation_data,42,7,0.04,NA
44,51,checksum,tourney,FALSE,20,elitize_generation_data,43,7,0.043,NA
45,51,checksum,tourney,FALSE,20,elitize_generation_data,44,6,0.053,NA
46,51,checksum,tourney,FALSE,20,elitize_generation_data,45,3,0.046,NA
47,51,checksum,tourney,FALSE,20,elitize_generation_data,46,5,0.048,NA
48,51,checksum,tourney,FALSE,20,elitize_generation_data,47,10,0.04,NA
49,51,checksum,tourney,FALSE,20,elitize_generation_data,48,5,0.039,NA
50,51,checksum,tourney,FALSE,20,elitize_generation_data,49,7,0.047,NA
51,51,checksum,tourney,FALSE,20,elitize_generation_data,50,5,0.049,NA
52,51,checksum,tourney,FALSE,20,elitize_generation_data,51,5,0.038,NA
53,51,checksum,tourney,FALSE,20,elitize_generation_data,52,5,0.04,NA
54,51,checksum,tourney,FALSE,20,elitize_generation_data,53,7,0.043,NA
55,51,checksum,tourney,FALSE,20,elitize_generation_data,54,6,0.049,NA
56,51,checksum,tourney,FALSE,20,elitize_generation_data,55,7,0.048,NA
57,51,checksum,tourney,FALSE,20,elitize_generation_data,56,3,0.051,NA
58,51,checksum,tourney,FALSE,20,elitize_generation_data,57,3,0.052,NA
59,51,checksum,tourney,FALSE,20,elitize_generation_data,58,6,0.044,NA
60,51,checksum,tourney,FALSE,20,elitize_generation_data,59,5,0.035,NA
61,51,checksum,tourney,FALSE,20,elitize_generation_data,60,5,0.039,NA
62,51,checksum,tourney,FALSE,20,elitize_generation_data,61,6,0.04,NA
63,51,checksum,tourney,FALSE,20,elitize_generation_data,62,7,0.043,NA
64,51,checksum,tourney,FALSE,20,elitize_generation_data,63,6,0.031,NA
65,51,checksum,tourney,FALSE,20,elitize_generation_data,64,4,0.045,NA
66,51,checksum,tourney,FALSE,20,elitize_generation_data,65,6,0.034,NA
67,51,checksum,tourney,FALSE,20,elitize_generation_data,66,8,0.035,NA
68,51,checksum,tourney,FALSE,20,elitize_generation_data,67,6,0.041,NA
69,51,checksum,tourney,FALSE,20,elitize_generation_data,68,4,0.042,NA
70,51,checksum,tourney,FALSE,20,elitize_generation_data,69,5,0.044,NA
71,51,checksum,tourney,FALSE,20,elitize_generation_data,70,7,0.041,NA
72,51,checksum,tourney,FALSE,20,elitize_generation_data,71,8,0.035,NA
73,51,checksum,tourney,FALSE,20,elitize_generation_data,72,5,0.03,NA
74,51,checksum,tourney,FALSE,20,elitize_generation_data,73,6,0.033,NA
75,51,checksum,tourney,FALSE,20,elitize_generation_data,74,8,0.03,NA
76,51,checksum,tourney,FALSE,20,elitize_generation_data,75,6,0.036,NA
77,51,checksum,tourney,FALSE,20,elitize_generation_data,76,6,0.033,NA
78,51,checksum,tourney,FALSE,20,elitize_generation_data,77,7,0.042,NA
79,51,checksum,tourney,FALSE,20,elitize_generation_data,78,6,0.039,NA
80,51,checksum,tourney,FALSE,20,elitize_generation_data,79,5,0.03,NA
81,51,checksum,tourney,FALSE,20,elitize_generation_data,80,8,0.033,NA
82,51,checksum,tourney,FALSE,20,elitize_generation_data,81,5,0.032,NA
83,51,checksum,tourney,FALSE,20,elitize_generation_data,82,6,0.034,NA
84,51,checksum,tourney,FALSE,20,elitize_generation_data,83,8,0.034,NA
85,51,checksum,tourney,FALSE,20,elitize_generation_data,84,3,0.038,NA
86,51,checksum,tourney,FALSE,20,elitize_generation_data,85,5,0.031,NA
87,51,checksum,tourney,FALSE,20,elitize_generation_data,86,5,0.031,NA
88,51,checksum,tourney,FALSE,20,elitize_generation_data,87,7,0.026,NA
89,51,checksum,tourney,FALSE,20,elitize_generation_data,88,7,0.029,NA
90,51,checksum,tourney,FALSE,20,elitize_generation_data,89,5,0.03,NA
91,51,checksum,tourney,FALSE,20,elitize_generation_data,90,7,0.029,NA
92,51,checksum,tourney,FALSE,20,elitize_generation_data,91,6,0.035,NA
93,51,checksum,tourney,FALSE,20,elitize_generation_data,92,5,0.028,NA
94,51,checksum,tourney,FALSE,20,elitize_generation_data,93,7,0.027,NA
95,51,checksum,tourney,FALSE,20,elitize_generation_data,94,7,0.03,NA
96,51,checksum,tourney,FALSE,20,elitize_generation_data,95,6,0.026,NA
97,51,checksum,tourney,FALSE,20,elitize_generation_data,96,7,0.021,NA
98,51,checksum,tourney,FALSE,20,elitize_generation_data,97,7,0.033,NA
99,51,checksum,tourney,FALSE,20,elitize_generation_data,98,6,0.028,NA
100,51,checksum,tourney,FALSE,20,elitize_generation_data,99,6,0.03,NA
101,51,checksum,tourney,FALSE,20,elitize_generation_data,100,6,0.033,NA
102,51,checksum,tourney,FALSE,20,elitize_generation_data,101,7,0.028,NA
103,51,checksum,tourney,FALSE,20,elitize_generation_data,102,8,0.029,NA
104,51,checksum,tourney,FALSE,20,elitize_generation_data,103,8,0.03,NA
105,51,checksum,tourney,FALSE,20,elitize_generation_data,104,6,0.023,NA
106,51,checksum,tourney,FALSE,20,elitize_generation_data,105,5,0.027,NA
107,51,checksum,tourney,FALSE,20,elitize_generation_data,106,7,0.023,NA
108,51,checksum,tourney,FALSE,20,elitize_generation_data,107,7,0.029,NA
109,51,checksum,tourney,FALSE,20,elitize_generation_data,108,6,0.032,NA
110,51,checksum,tourney,FALSE,20,elitize_generation_data,109,4,0.024,NA
111,51,checksum,tourney,FALSE,20,elitize_generation_data,110,6,0.024,NA
112,51,checksum,tourney,FALSE,20,elitize_generation_data,111,7,0.023,NA
113,51,checksum,tourney,FALSE,20,elitize_generation_data,112,5,0.022,NA
114,51,checksum,tourney,FALSE,20,elitize_generation_data,113,6,0.025,NA
115,51,checksum,tourney,FALSE,20,elitize_generation_data,114,6,0.029,NA
116,51,checksum,tourney,FALSE,20,elitize_generation_data,115,5,0.024,NA
117,51,checksum,tourney,FALSE,20,elitize_generation_data,116,4,0.028,NA
118,51,checksum,tourney,FALSE,20,elitize_generation_data,117,7,0.032,NA
119,51,checksum,tourney,FALSE,20,elitize_generation_data,118,6,0.023,NA
120,51,checksum,tourney,FALSE,20,elitize_generation_data,119,7,0.03,NA
121,51,checksum,tourney,FALSE,20,elitize_generation_data,120,4,0.027,NA
122,51,checksum,tourney,FALSE,20,elitize_generation_data,121,6,0.025,NA
123,51,checksum,tourney,FALSE,20,elitize_generation_data,122,7,0.022,NA
124,51,checksum,tourney,FALSE,20,elitize_generation_data,123,6,0.024,NA
125,51,checksum,tourney,FALSE,20,elitize_generation_data,124,5,0.022,NA
126,51,checksum,tourney,FALSE,20,elitize_generation_data,125,5,0.024,NA
127,51,checksum,tourney,FALSE,20,elitize_generation_data,126,7,0.019,NA
128,51,checksum,tourney,FALSE,20,elitize_generation_data,127,6,0.03,NA
129,51,checksum,tourney,FALSE,20,elitize_generation_data,128,7,0.032,NA
130,51,checksum,tourney,FALSE,20,elitize_generation_data,129,7,0.026,NA
131,51,checksum,tourney,FALSE,20,elitize_generation_data,130,6,0.041,NA
132,51,checksum,tourney,FALSE,20,elitize_generation_data,131,10,0.034,NA
133,51,checksum,tourney,FALSE,20,elitize_generation_data,132,9,0.048,NA
134,51,checksum,tourney,FALSE,20,elitize_generation_data,133,7,0.037,NA
135,51,checksum,tourney,FALSE,20,elitize_generation_data,134,9,0.035,NA
136,51,checksum,tourney,FALSE,20,elitize_generation_data,135,9,0.044,NA
137,51,checksum,tourney,FALSE,20,elitize_generation_data,136,6,0.066,NA
138,51,checksum,tourney,FALSE,20,elitize_generation_data,137,10,0.07,NA
139,51,checksum,tourney,FALSE,20,elitize_generation_data,138,9,0.084,NA
140,51,checksum,tourney,FALSE,20,elitize_generation_data,139,9,0.058,NA
141,51,checksum,tourney,FALSE,20,elitize_generation_data,140,10,0.06,NA
142,51,checksum,tourney,FALSE,20,elitize_generation_data,141,7,0.054,NA
143,51,checksum,tourney,FALSE,20,elitize_generation_data,142,9,0.062,NA
144,51,checksum,tourney,FALSE,20,elitize_generation_data,143,5,0.07,NA
145,51,checksum,tourney,FALSE,20,elitize_generation_data,144,9,0.061,NA
146,51,checksum,tourney,FALSE,20,elitize_generation_data,145,9,0.067,NA
147,51,checksum,tourney,FALSE,20,elitize_generation_data,146,8,0.063,NA
148,51,checksum,tourney,FALSE,20,elitize_generation_data,147,7,0.062,NA
149,51,checksum,tourney,FALSE,20,elitize_generation_data,148,6,0.055,NA
150,51,checksum,tourney,FALSE,20,elitize_generation_data,149,7,0.06,NA
151,51,checksum,tourney,FALSE,20,elitize_generation_data,150,7,0.065,NA
152,51,checksum,tourney,FALSE,20,elitize_generation_data,151,10,0.057,NA
153,51,checksum,tourney,FALSE,20,elitize_generation_data,152,9,0.069,NA
154,51,checksum,tourney,FALSE,20,elitize_generation_data,153,10,0.057,NA
155,51,checksum,tourney,FALSE,20,elitize_generation_data,154,8,0.061,NA
156,51,checksum,tourney,FALSE,20,elitize_generation_data,155,8,0.071,NA
157,51,checksum,tourney,FALSE,20,elitize_generation_data,156,9,0.072,NA
158,51,checksum,tourney,FALSE,20,elitize_generation_data,157,8,0.077,NA
159,51,checksum,tourney,FALSE,20,elitize_generation_data,158,9,0.068,NA
160,51,checksum,tourney,FALSE,20,elitize_generation_data,159,7,0.063,NA
161,51,checksum,tourney,FALSE,20,elitize_generation_data,160,6,0.06,NA
162,51,checksum,tourney,FALSE,20,elitize_generation_data,161,9,0.072,NA
163,51,checksum,tourney,FALSE,20,elitize_generation_data,162,9,0.074,NA
164,51,checksum,tourney,FALSE,20,elitize_generation_data,163,10,0.079,NA
165,51,checksum,tourney,FALSE,20,elitize_generation_data,164,9,0.12,NA
166,51,checksum,tourney,FALSE,20,elitize_generation_data,165,9,0.16,NA
167,51,checksum,tourney,FALSE,20,elitize_generation_data,166,11,0.151,NA
168,51,checksum,tourney,FALSE,20,elitize_generation_data,167,8,0.156,NA
169,51,checksum,tourney,FALSE,20,elitize_generation_data,168,8,0.164,NA
170,51,checksum,tourney,FALSE,20,elitize_generation_data,169,9,0.18,NA
171,51,checksum,tourney,FALSE,20,elitize_generation_data,170,11,0.166,NA
172,51,checksum,tourney,FALSE,20,elitize_generation_data,171,9,0.159,NA
173,51,checksum,tourney,FALSE,20,elitize_generation_data,172,5,0.206,NA
174,51,checksum,tourney,FALSE,20,elitize_generation_data,173,4,0.179,NA
175,51,checksum,tourney,FALSE,20,elitize_generation_data,174,6,0.15,NA
176,51,checksum,tourney,FALSE,20,elitize_generation_data,175,7,0.148,NA
177,51,checksum,tourney,FALSE,20,elitize_generation_data,176,7,0.135,NA
178,51,checksum,tourney,FALSE,20,elitize_generation_data,177,8,0.128,NA
179,51,checksum,tourney,FALSE,20,elitize_generation_data,178,8,0.167,NA
180,51,checksum,tourney,FALSE,20,elitize_generation_data,179,9,0.159,NA
181,51,checksum,tourney,FALSE,20,elitize_generation_data,180,5,0.124,NA
182,51,checksum,tourney,FALSE,20,elitize_generation_data,181,4,0.158,NA
183,51,checksum,tourney,FALSE,20,elitize_generation_data,182,6,0.155,NA
184,51,checksum,tourney,FALSE,20,elitize_generation_data,183,7,0.149,NA
185,51,checksum,tourney,FALSE,20,elitize_generation_data,184,7,0.162,NA
186,51,checksum,tourney,FALSE,20,elitize_generation_data,185,7,0.16,NA
187,51,checksum,tourney,FALSE,20,elitize_generation_data,186,6,0.143,NA
188,51,checksum,tourney,FALSE,20,elitize_generation_data,187,6,0.149,NA
189,51,checksum,tourney,FALSE,20,elitize_generation_data,188,6,0.152,NA
190,51,checksum,tourney,FALSE,20,elitize_generation_data,189,6,0.148,NA
191,51,checksum,tourney,FALSE,20,elitize_generation_data,190,10,0.154,NA
192,51,checksum,tourney,FALSE,20,elitize_generation_data,191,9,0.152,NA
193,51,checksum,tourney,FALSE,20,elitize_generation_data,192,7,0.15,NA
194,51,checksum,tourney,FALSE,20,elitize_generation_data,193,6,0.164,NA
195,51,checksum,tourney,FALSE,20,elitize_generation_data,194,4,0.168,NA
196,51,checksum,tourney,FALSE,20,elitize_generation_data,195,8,0.156,NA
197,51,checksum,tourney,FALSE,20,elitize_generation_data,196,5,0.169,NA
198,51,checksum,tourney,FALSE,20,elitize_generation_data,197,6,0.154,NA
199,51,checksum,tourney,FALSE,20,elitize_generation_data,198,5,0.173,NA
200,51,checksum,tourney,FALSE,20,elitize_generation_data,199,5,0.15,NA
201,51,checksum,tourney,FALSE,20,elitize_generation_data,200,4,0.162,NA
202,51,checksum,tourney,FALSE,20,elitize_generation_data,201,6,0.173,NA
203,51,checksum,tourney,FALSE,20,elitize_generation_data,202,8,0.167,NA
204,51,checksum,tourney,FALSE,20,elitize_generation_data,203,7,0.168,NA
205,51,checksum,tourney,FALSE,20,elitize_generation_data,204,7,0.199,NA
206,51,checksum,tourney,FALSE,20,elitize_generation_data,205,8,0.165,NA
207,51,checksum,tourney,FALSE,20,elitize_generation_data,206,9,0.164,NA
208,51,checksum,tourney,FALSE,20,elitize_generation_data,207,8,0.17,NA
209,51,checksum,tourney,FALSE,20,elitize_generation_data,208,5,0.19,NA
210,51,checksum,tourney,FALSE,20,elitize_generation_data,209,6,0.179,NA
211,51,checksum,tourney,FALSE,20,elitize_generation_data,210,11,0.15,NA
212,51,checksum,tourney,FALSE,20,elitize_generation_data,211,7,0.17,NA
213,51,checksum,tourney,FALSE,20,elitize_generation_data,212,5,0.15,NA
214,51,checksum,tourney,FALSE,20,elitize_generation_data,213,9,0.17,NA
215,51,checksum,tourney,FALSE,20,elitize_generation_data,214,4,0.177,NA
216,51,checksum,tourney,FALSE,20,elitize_generation_data,215,6,0.176,NA
217,51,checksum,tourney,FALSE,20,elitize_generation_data,216,7,0.156,NA
218,51,checksum,tourney,FALSE,20,elitize_generation_data,217,13,0.176,NA
219,51,checksum,tourney,FALSE,20,elitize_generation_data,218,11,0.172,NA
220,51,checksum,tourney,FALSE,20,elitize_generation_data,219,6,0.178,NA
221,51,checksum,tourney,FALSE,20,elitize_generation_data,220,7,0.179,NA
222,51,checksum,tourney,FALSE,20,elitize_generation_data,221,8,0.17,NA
223,51,checksum,tourney,FALSE,20,elitize_generation_data,222,9,0.179,NA
224,51,checksum,tourney,FALSE,20,elitize_generation_data,223,5,0.165,NA
225,51,checksum,tourney,FALSE,20,elitize_generation_data,224,7,0.172,NA
226,51,checksum,tourney,FALSE,20,elitize_generation_data,225,5,0.166,NA
227,51,checksum,tourney,FALSE,20,elitize_generation_data,226,3,0.157,NA
228,51,checksum,tourney,FALSE,20,elitize_generation_data,227,8,0.179,NA
229,51,checksum,tourney,FALSE,20,elitize_generation_data,228,9,0.15,NA
230,51,checksum,tourney,FALSE,20,elitize_generation_data,229,5,0.174,NA
231,51,checksum,tourney,FALSE,20,elitize_generation_data,230,11,0.164,NA
232,51,checksum,tourney,FALSE,20,elitize_generation_data,231,7,0.182,NA
233,51,checksum,tourney,FALSE,20,elitize_generation_data,232,6,0.163,NA
234,51,checksum,tourney,FALSE,20,elitize_generation_data,233,7,0.171,NA
235,51,checksum,tourney,FALSE,20,elitize_generation_data,234,6,0.17,NA
236,51,checksum,tourney,FALSE,20,elitize_generation_data,235,11,0.163,NA
237,51,checksum,tourney,FALSE,20,elitize_generation_data,236,4,0.17,NA
238,51,checksum,tourney,FALSE,20,elitize_generation_data,237,9,0.173,NA
239,51,checksum,tourney,FALSE,20,elitize_generation_data,238,12,0.162,NA
240,51,checksum,tourney,FALSE,20,elitize_generation_data,239,13,0.169,NA
241,51,checksum,tourney,FALSE,20,elitize_generation_data,240,9,0.168,NA
242,51,checksum,tourney,FALSE,20,elitize_generation_data,241,9,0.167,NA
243,51,checksum,tourney,FALSE,20,elitize_generation_data,242,3,0.182,NA
244,51,checksum,tourney,FALSE,20,elitize_generation_data,243,10,0.162,NA
245,51,checksum,tourney,FALSE,20,elitize_generation_data,244,4,0.173,NA
246,51,checksum,tourney,FALSE,20,elitize_generation_data,245,9,0.166,NA
247,51,checksum,tourney,FALSE,20,elitize_generation_data,246,7,0.161,NA
248,51,checksum,tourney,FALSE,20,elitize_generation_data,247,6,0.165,NA
249,51,checksum,tourney,FALSE,20,elitize_generation_data,248,9,0.193,NA
250,51,checksum,tourney,FALSE,20,elitize_generation_data,249,3,0.174,NA
251,51,checksum,tourney,FALSE,20,elitize_generation_data,250,9,0.159,NA
252,51,checksum,tourney,FALSE,20,elitize_generation_data,251,3,0.152,NA
253,51,checksum,tourney,FALSE,20,elitize_generation_data,252,8,0.167,NA
254,51,checksum,tourney,FALSE,20,elitize_generation_data,253,9,0.16,NA
255,51,checksum,tourney,FALSE,20,elitize_generation_data,254,4,0.171,NA
256,51,checksum,tourney,FALSE,20,elitize_generation_data,255,8,0.174,NA
257,51,checksum,tourney,FALSE,20,elitize_generation_data,256,5,0.161,NA
258,51,checksum,tourney,FALSE,20,elitize_generation_data,257,6,0.173,NA
259,51,checksum,tourney,FALSE,20,elitize_generation_data,258,5,0.178,NA
260,51,checksum,tourney,FALSE,20,elitize_generation_data,259,6,0.151,NA
261,51,checksum,tourney,FALSE,20,elitize_generation_data,260,4,0.157,NA
262,51,checksum,tourney,FALSE,20,elitize_generation_data,261,9,0.166,NA
263,51,checksum,tourney,FALSE,20,elitize_generation_data,262,8,0.15,NA
264,51,checksum,tourney,FALSE,20,elitize_generation_data,263,6,0.149,NA
265,51,checksum,tourney,FALSE,20,elitize_generation_data,264,8,0.139,NA
266,51,checksum,tourney,FALSE,20,elitize_generation_data,265,5,0.167,NA
267,51,checksum,tourney,FALSE,20,elitize_generation_data,266,8,0.164,NA
268,51,checksum,tourney,FALSE,20,elitize_generation_data,267,8,0.168,NA
269,51,checksum,tourney,FALSE,20,elitize_generation_data,268,8,0.161,NA
270,51,checksum,tourney,FALSE,20,elitize_generation_data,269,8,0.153,NA
271,51,checksum,tourney,FALSE,20,elitize_generation_data,270,6,0.141,NA
272,51,checksum,tourney,FALSE,20,elitize_generation_data,271,8,0.176,NA
273,51,checksum,tourney,FALSE,20,elitize_generation_data,272,4,0.138,NA
274,51,checksum,tourney,FALSE,20,elitize_generation_data,273,11,0.142,NA
275,51,checksum,tourney,FALSE,20,elitize_generation_data,274,5,0.148,NA
276,51,checksum,tourney,FALSE,20,elitize_generation_data,275,6,0.164,NA
277,51,checksum,tourney,FALSE,20,elitize_generation_data,276,8,0.147,NA
278,51,checksum,tourney,FALSE,20,elitize_generation_data,277,7,0.164,NA
279,51,checksum,tourney,FALSE,20,elitize_generation_data,278,3,0.145,NA
280,51,checksum,tourney,FALSE,20,elitize_generation_data,279,9,0.139,NA
281,51,checksum,tourney,FALSE,20,elitize_generation_data,280,7,0.146,NA
282,51,checksum,tourney,FALSE,20,elitize_generation_data,281,6,0.158,NA
283,51,checksum,tourney,FALSE,20,elitize_generation_data,282,5,0.176,NA
284,51,checksum,tourney,FALSE,20,elitize_generation_data,283,8,0.153,NA
285,51,checksum,tourney,FALSE,20,elitize_generation_data,284,11,0.141,NA
286,51,checksum,tourney,FALSE,20,elitize_generation_data,285,6,0.166,NA
287,51,checksum,tourney,FALSE,20,elitize_generation_data,286,8,0.145,NA
288,51,checksum,tourney,FALSE,20,elitize_generation_data,287,8,0.152,NA
289,51,checksum,tourney,FALSE,20,elitize_generation_data,288,10,0.136,NA
290,51,checksum,tourney,FALSE,20,elitize_generation_data,289,6,0.156,NA
291,51,checksum,tourney,FALSE,20,elitize_generation_data,290,9,0.166,NA
292,51,checksum,tourney,FALSE,20,elitize_generation_data,291,7,0.143,NA
293,51,checksum,tourney,FALSE,20,elitize_generation_data,292,13,0.157,NA
294,51,checksum,tourney,FALSE,20,elitize_generation_data,293,4,0.155,NA
295,51,checksum,tourney,FALSE,20,elitize_generation_data,294,6,0.139,NA
296,51,checksum,tourney,FALSE,20,elitize_generation_data,295,11,0.166,NA
297,51,checksum,tourney,FALSE,20,elitize_generation_data,296,12,0.145,NA
298,51,checksum,tourney,FALSE,20,elitize_generation_data,297,9,0.144,NA
299,51,checksum,tourney,FALSE,20,elitize_generation_data,298,6,0.165,NA
300,51,checksum,tourney,FALSE,20,elitize_generation_data,299,11,0.138,NA
301,51,checksum,tourney,FALSE,20,elitize_generation_data,300,12,0.178,NA
