,run.num,problem,treatment,succeeded,height,normalization.function,generation,cluster.count,error.diversity,success.generation
1,72,checksum,tourney,FALSE,20,elitize_generation_data,0,2,0.312,NA
2,72,checksum,tourney,FALSE,20,elitize_generation_data,1,2,0.241,NA
3,72,checksum,tourney,FALSE,20,elitize_generation_data,2,3,0.162,NA
4,72,checksum,tourney,FALSE,20,elitize_generation_data,3,4,0.172,NA
5,72,checksum,tourney,FALSE,20,elitize_generation_data,4,4,0.22,NA
6,72,checksum,tourney,FALSE,20,elitize_generation_data,5,4,0.184,NA
7,72,checksum,tourney,FALSE,20,elitize_generation_data,6,4,0.178,NA
8,72,checksum,tourney,FALSE,20,elitize_generation_data,7,4,0.161,NA
9,72,checksum,tourney,FALSE,20,elitize_generation_data,8,5,0.12,NA
10,72,checksum,tourney,FALSE,20,elitize_generation_data,9,7,0.089,NA
11,72,checksum,tourney,FALSE,20,elitize_generation_data,10,5,0.08,NA
12,72,checksum,tourney,FALSE,20,elitize_generation_data,11,5,0.083,NA
13,72,checksum,tourney,FALSE,20,elitize_generation_data,12,3,0.094,NA
14,72,checksum,tourney,FALSE,20,elitize_generation_data,13,3,0.075,NA
15,72,checksum,tourney,FALSE,20,elitize_generation_data,14,4,0.093,NA
16,72,checksum,tourney,FALSE,20,elitize_generation_data,15,3,0.097,NA
17,72,checksum,tourney,FALSE,20,elitize_generation_data,16,3,0.088,NA
18,72,checksum,tourney,FALSE,20,elitize_generation_data,17,4,0.106,NA
19,72,checksum,tourney,FALSE,20,elitize_generation_data,18,4,0.103,NA
20,72,checksum,tourney,FALSE,20,elitize_generation_data,19,5,0.107,NA
21,72,checksum,tourney,FALSE,20,elitize_generation_data,20,4,0.096,NA
22,72,checksum,tourney,FALSE,20,elitize_generation_data,21,4,0.103,NA
23,72,checksum,tourney,FALSE,20,elitize_generation_data,22,3,0.102,NA
24,72,checksum,tourney,FALSE,20,elitize_generation_data,23,3,0.094,NA
25,72,checksum,tourney,FALSE,20,elitize_generation_data,24,4,0.099,NA
26,72,checksum,tourney,FALSE,20,elitize_generation_data,25,5,0.099,NA
27,72,checksum,tourney,FALSE,20,elitize_generation_data,26,4,0.098,NA
28,72,checksum,tourney,FALSE,20,elitize_generation_data,27,5,0.107,NA
29,72,checksum,tourney,FALSE,20,elitize_generation_data,28,5,0.092,NA
30,72,checksum,tourney,FALSE,20,elitize_generation_data,29,5,0.109,NA
31,72,checksum,tourney,FALSE,20,elitize_generation_data,30,3,0.105,NA
32,72,checksum,tourney,FALSE,20,elitize_generation_data,31,8,0.09,NA
33,72,checksum,tourney,FALSE,20,elitize_generation_data,32,4,0.094,NA
34,72,checksum,tourney,FALSE,20,elitize_generation_data,33,3,0.093,NA
35,72,checksum,tourney,FALSE,20,elitize_generation_data,34,3,0.112,NA
36,72,checksum,tourney,FALSE,20,elitize_generation_data,35,4,0.088,NA
37,72,checksum,tourney,FALSE,20,elitize_generation_data,36,8,0.093,NA
38,72,checksum,tourney,FALSE,20,elitize_generation_data,37,7,0.088,NA
39,72,checksum,tourney,FALSE,20,elitize_generation_data,38,3,0.096,NA
40,72,checksum,tourney,FALSE,20,elitize_generation_data,39,4,0.076,NA
41,72,checksum,tourney,FALSE,20,elitize_generation_data,40,3,0.085,NA
42,72,checksum,tourney,FALSE,20,elitize_generation_data,41,6,0.075,NA
43,72,checksum,tourney,FALSE,20,elitize_generation_data,42,5,0.093,NA
44,72,checksum,tourney,FALSE,20,elitize_generation_data,43,5,0.085,NA
45,72,checksum,tourney,FALSE,20,elitize_generation_data,44,6,0.088,NA
46,72,checksum,tourney,FALSE,20,elitize_generation_data,45,5,0.086,NA
47,72,checksum,tourney,FALSE,20,elitize_generation_data,46,5,0.087,NA
48,72,checksum,tourney,FALSE,20,elitize_generation_data,47,4,0.081,NA
49,72,checksum,tourney,FALSE,20,elitize_generation_data,48,4,0.078,NA
50,72,checksum,tourney,FALSE,20,elitize_generation_data,49,7,0.073,NA
51,72,checksum,tourney,FALSE,20,elitize_generation_data,50,6,0.075,NA
52,72,checksum,tourney,FALSE,20,elitize_generation_data,51,6,0.084,NA
53,72,checksum,tourney,FALSE,20,elitize_generation_data,52,6,0.082,NA
54,72,checksum,tourney,FALSE,20,elitize_generation_data,53,5,0.079,NA
55,72,checksum,tourney,FALSE,20,elitize_generation_data,54,4,0.074,NA
56,72,checksum,tourney,FALSE,20,elitize_generation_data,55,5,0.076,NA
57,72,checksum,tourney,FALSE,20,elitize_generation_data,56,5,0.069,NA
58,72,checksum,tourney,FALSE,20,elitize_generation_data,57,4,0.071,NA
59,72,checksum,tourney,FALSE,20,elitize_generation_data,58,4,0.065,NA
60,72,checksum,tourney,FALSE,20,elitize_generation_data,59,4,0.068,NA
61,72,checksum,tourney,FALSE,20,elitize_generation_data,60,4,0.075,NA
62,72,checksum,tourney,FALSE,20,elitize_generation_data,61,4,0.072,NA
63,72,checksum,tourney,FALSE,20,elitize_generation_data,62,6,0.069,NA
64,72,checksum,tourney,FALSE,20,elitize_generation_data,63,5,0.065,NA
65,72,checksum,tourney,FALSE,20,elitize_generation_data,64,5,0.067,NA
66,72,checksum,tourney,FALSE,20,elitize_generation_data,65,3,0.067,NA
67,72,checksum,tourney,FALSE,20,elitize_generation_data,66,4,0.067,NA
68,72,checksum,tourney,FALSE,20,elitize_generation_data,67,6,0.058,NA
69,72,checksum,tourney,FALSE,20,elitize_generation_data,68,4,0.075,NA
70,72,checksum,tourney,FALSE,20,elitize_generation_data,69,3,0.067,NA
71,72,checksum,tourney,FALSE,20,elitize_generation_data,70,3,0.071,NA
72,72,checksum,tourney,FALSE,20,elitize_generation_data,71,6,0.063,NA
73,72,checksum,tourney,FALSE,20,elitize_generation_data,72,5,0.071,NA
74,72,checksum,tourney,FALSE,20,elitize_generation_data,73,4,0.069,NA
75,72,checksum,tourney,FALSE,20,elitize_generation_data,74,5,0.065,NA
76,72,checksum,tourney,FALSE,20,elitize_generation_data,75,5,0.058,NA
77,72,checksum,tourney,FALSE,20,elitize_generation_data,76,5,0.063,NA
78,72,checksum,tourney,FALSE,20,elitize_generation_data,77,3,0.057,NA
79,72,checksum,tourney,FALSE,20,elitize_generation_data,78,5,0.058,NA
80,72,checksum,tourney,FALSE,20,elitize_generation_data,79,5,0.063,NA
81,72,checksum,tourney,FALSE,20,elitize_generation_data,80,6,0.062,NA
82,72,checksum,tourney,FALSE,20,elitize_generation_data,81,4,0.06,NA
83,72,checksum,tourney,FALSE,20,elitize_generation_data,82,3,0.063,NA
84,72,checksum,tourney,FALSE,20,elitize_generation_data,83,3,0.065,NA
85,72,checksum,tourney,FALSE,20,elitize_generation_data,84,4,0.061,NA
86,72,checksum,tourney,FALSE,20,elitize_generation_data,85,4,0.06,NA
87,72,checksum,tourney,FALSE,20,elitize_generation_data,86,4,0.062,NA
88,72,checksum,tourney,FALSE,20,elitize_generation_data,87,5,0.057,NA
89,72,checksum,tourney,FALSE,20,elitize_generation_data,88,4,0.056,NA
90,72,checksum,tourney,FALSE,20,elitize_generation_data,89,4,0.061,NA
91,72,checksum,tourney,FALSE,20,elitize_generation_data,90,5,0.057,NA
92,72,checksum,tourney,FALSE,20,elitize_generation_data,91,5,0.054,NA
93,72,checksum,tourney,FALSE,20,elitize_generation_data,92,5,0.054,NA
94,72,checksum,tourney,FALSE,20,elitize_generation_data,93,5,0.051,NA
95,72,checksum,tourney,FALSE,20,elitize_generation_data,94,3,0.054,NA
96,72,checksum,tourney,FALSE,20,elitize_generation_data,95,5,0.053,NA
97,72,checksum,tourney,FALSE,20,elitize_generation_data,96,5,0.049,NA
98,72,checksum,tourney,FALSE,20,elitize_generation_data,97,5,0.043,NA
99,72,checksum,tourney,FALSE,20,elitize_generation_data,98,3,0.049,NA
100,72,checksum,tourney,FALSE,20,elitize_generation_data,99,7,0.045,NA
101,72,checksum,tourney,FALSE,20,elitize_generation_data,100,4,0.053,NA
102,72,checksum,tourney,FALSE,20,elitize_generation_data,101,3,0.056,NA
103,72,checksum,tourney,FALSE,20,elitize_generation_data,102,4,0.063,NA
104,72,checksum,tourney,FALSE,20,elitize_generation_data,103,5,0.044,NA
105,72,checksum,tourney,FALSE,20,elitize_generation_data,104,3,0.05,NA
106,72,checksum,tourney,FALSE,20,elitize_generation_data,105,6,0.05,NA
107,72,checksum,tourney,FALSE,20,elitize_generation_data,106,6,0.051,NA
108,72,checksum,tourney,FALSE,20,elitize_generation_data,107,6,0.053,NA
109,72,checksum,tourney,FALSE,20,elitize_generation_data,108,5,0.049,NA
110,72,checksum,tourney,FALSE,20,elitize_generation_data,109,3,0.058,NA
111,72,checksum,tourney,FALSE,20,elitize_generation_data,110,3,0.059,NA
112,72,checksum,tourney,FALSE,20,elitize_generation_data,111,5,0.043,NA
113,72,checksum,tourney,FALSE,20,elitize_generation_data,112,4,0.049,NA
114,72,checksum,tourney,FALSE,20,elitize_generation_data,113,4,0.047,NA
115,72,checksum,tourney,FALSE,20,elitize_generation_data,114,4,0.04,NA
116,72,checksum,tourney,FALSE,20,elitize_generation_data,115,6,0.049,NA
117,72,checksum,tourney,FALSE,20,elitize_generation_data,116,4,0.053,NA
118,72,checksum,tourney,FALSE,20,elitize_generation_data,117,4,0.051,NA
119,72,checksum,tourney,FALSE,20,elitize_generation_data,118,4,0.052,NA
120,72,checksum,tourney,FALSE,20,elitize_generation_data,119,5,0.066,NA
121,72,checksum,tourney,FALSE,20,elitize_generation_data,120,4,0.113,NA
122,72,checksum,tourney,FALSE,20,elitize_generation_data,121,2,0.118,NA
123,72,checksum,tourney,FALSE,20,elitize_generation_data,122,2,0.141,NA
124,72,checksum,tourney,FALSE,20,elitize_generation_data,123,3,0.15,NA
125,72,checksum,tourney,FALSE,20,elitize_generation_data,124,3,0.133,NA
126,72,checksum,tourney,FALSE,20,elitize_generation_data,125,4,0.129,NA
127,72,checksum,tourney,FALSE,20,elitize_generation_data,126,2,0.149,NA
128,72,checksum,tourney,FALSE,20,elitize_generation_data,127,4,0.142,NA
129,72,checksum,tourney,FALSE,20,elitize_generation_data,128,5,0.139,NA
130,72,checksum,tourney,FALSE,20,elitize_generation_data,129,2,0.129,NA
131,72,checksum,tourney,FALSE,20,elitize_generation_data,130,4,0.138,NA
132,72,checksum,tourney,FALSE,20,elitize_generation_data,131,4,0.117,NA
133,72,checksum,tourney,FALSE,20,elitize_generation_data,132,4,0.093,NA
134,72,checksum,tourney,FALSE,20,elitize_generation_data,133,3,0.107,NA
135,72,checksum,tourney,FALSE,20,elitize_generation_data,134,5,0.095,NA
136,72,checksum,tourney,FALSE,20,elitize_generation_data,135,5,0.113,NA
137,72,checksum,tourney,FALSE,20,elitize_generation_data,136,3,0.135,NA
138,72,checksum,tourney,FALSE,20,elitize_generation_data,137,4,0.135,NA
139,72,checksum,tourney,FALSE,20,elitize_generation_data,138,4,0.149,NA
140,72,checksum,tourney,FALSE,20,elitize_generation_data,139,4,0.147,NA
141,72,checksum,tourney,FALSE,20,elitize_generation_data,140,3,0.136,NA
142,72,checksum,tourney,FALSE,20,elitize_generation_data,141,5,0.159,NA
143,72,checksum,tourney,FALSE,20,elitize_generation_data,142,5,0.171,NA
144,72,checksum,tourney,FALSE,20,elitize_generation_data,143,4,0.161,NA
145,72,checksum,tourney,FALSE,20,elitize_generation_data,144,3,0.155,NA
146,72,checksum,tourney,FALSE,20,elitize_generation_data,145,3,0.172,NA
147,72,checksum,tourney,FALSE,20,elitize_generation_data,146,4,0.162,NA
148,72,checksum,tourney,FALSE,20,elitize_generation_data,147,5,0.156,NA
149,72,checksum,tourney,FALSE,20,elitize_generation_data,148,3,0.172,NA
150,72,checksum,tourney,FALSE,20,elitize_generation_data,149,4,0.167,NA
151,72,checksum,tourney,FALSE,20,elitize_generation_data,150,4,0.18,NA
152,72,checksum,tourney,FALSE,20,elitize_generation_data,151,3,0.178,NA
153,72,checksum,tourney,FALSE,20,elitize_generation_data,152,3,0.16,NA
154,72,checksum,tourney,FALSE,20,elitize_generation_data,153,2,0.183,NA
155,72,checksum,tourney,FALSE,20,elitize_generation_data,154,3,0.156,NA
156,72,checksum,tourney,FALSE,20,elitize_generation_data,155,3,0.184,NA
157,72,checksum,tourney,FALSE,20,elitize_generation_data,156,5,0.171,NA
158,72,checksum,tourney,FALSE,20,elitize_generation_data,157,3,0.176,NA
159,72,checksum,tourney,FALSE,20,elitize_generation_data,158,4,0.15,NA
160,72,checksum,tourney,FALSE,20,elitize_generation_data,159,3,0.189,NA
161,72,checksum,tourney,FALSE,20,elitize_generation_data,160,3,0.183,NA
162,72,checksum,tourney,FALSE,20,elitize_generation_data,161,3,0.181,NA
163,72,checksum,tourney,FALSE,20,elitize_generation_data,162,4,0.164,NA
164,72,checksum,tourney,FALSE,20,elitize_generation_data,163,5,0.193,NA
165,72,checksum,tourney,FALSE,20,elitize_generation_data,164,3,0.194,NA
166,72,checksum,tourney,FALSE,20,elitize_generation_data,165,5,0.163,NA
167,72,checksum,tourney,FALSE,20,elitize_generation_data,166,4,0.187,NA
168,72,checksum,tourney,FALSE,20,elitize_generation_data,167,4,0.193,NA
169,72,checksum,tourney,FALSE,20,elitize_generation_data,168,4,0.172,NA
170,72,checksum,tourney,FALSE,20,elitize_generation_data,169,5,0.176,NA
171,72,checksum,tourney,FALSE,20,elitize_generation_data,170,4,0.168,NA
172,72,checksum,tourney,FALSE,20,elitize_generation_data,171,3,0.197,NA
173,72,checksum,tourney,FALSE,20,elitize_generation_data,172,2,0.177,NA
174,72,checksum,tourney,FALSE,20,elitize_generation_data,173,4,0.188,NA
175,72,checksum,tourney,FALSE,20,elitize_generation_data,174,5,0.186,NA
176,72,checksum,tourney,FALSE,20,elitize_generation_data,175,3,0.192,NA
177,72,checksum,tourney,FALSE,20,elitize_generation_data,176,2,0.189,NA
178,72,checksum,tourney,FALSE,20,elitize_generation_data,177,3,0.172,NA
179,72,checksum,tourney,FALSE,20,elitize_generation_data,178,5,0.15,NA
180,72,checksum,tourney,FALSE,20,elitize_generation_data,179,6,0.124,NA
181,72,checksum,tourney,FALSE,20,elitize_generation_data,180,6,0.132,NA
182,72,checksum,tourney,FALSE,20,elitize_generation_data,181,6,0.152,NA
183,72,checksum,tourney,FALSE,20,elitize_generation_data,182,4,0.127,NA
184,72,checksum,tourney,FALSE,20,elitize_generation_data,183,4,0.13,NA
185,72,checksum,tourney,FALSE,20,elitize_generation_data,184,5,0.135,NA
186,72,checksum,tourney,FALSE,20,elitize_generation_data,185,3,0.167,NA
187,72,checksum,tourney,FALSE,20,elitize_generation_data,186,7,0.161,NA
188,72,checksum,tourney,FALSE,20,elitize_generation_data,187,6,0.129,NA
189,72,checksum,tourney,FALSE,20,elitize_generation_data,188,4,0.129,NA
190,72,checksum,tourney,FALSE,20,elitize_generation_data,189,7,0.129,NA
191,72,checksum,tourney,FALSE,20,elitize_generation_data,190,6,0.142,NA
192,72,checksum,tourney,FALSE,20,elitize_generation_data,191,5,0.146,NA
193,72,checksum,tourney,FALSE,20,elitize_generation_data,192,5,0.193,NA
194,72,checksum,tourney,FALSE,20,elitize_generation_data,193,5,0.177,NA
195,72,checksum,tourney,FALSE,20,elitize_generation_data,194,9,0.175,NA
196,72,checksum,tourney,FALSE,20,elitize_generation_data,195,5,0.196,NA
197,72,checksum,tourney,FALSE,20,elitize_generation_data,196,9,0.179,NA
198,72,checksum,tourney,FALSE,20,elitize_generation_data,197,6,0.208,NA
199,72,checksum,tourney,FALSE,20,elitize_generation_data,198,8,0.19,NA
200,72,checksum,tourney,FALSE,20,elitize_generation_data,199,8,0.184,NA
201,72,checksum,tourney,FALSE,20,elitize_generation_data,200,6,0.178,NA
202,72,checksum,tourney,FALSE,20,elitize_generation_data,201,8,0.201,NA
203,72,checksum,tourney,FALSE,20,elitize_generation_data,202,6,0.187,NA
204,72,checksum,tourney,FALSE,20,elitize_generation_data,203,7,0.192,NA
205,72,checksum,tourney,FALSE,20,elitize_generation_data,204,11,0.207,NA
206,72,checksum,tourney,FALSE,20,elitize_generation_data,205,7,0.217,NA
207,72,checksum,tourney,FALSE,20,elitize_generation_data,206,6,0.228,NA
208,72,checksum,tourney,FALSE,20,elitize_generation_data,207,7,0.255,NA
209,72,checksum,tourney,FALSE,20,elitize_generation_data,208,9,0.267,NA
210,72,checksum,tourney,FALSE,20,elitize_generation_data,209,10,0.241,NA
211,72,checksum,tourney,FALSE,20,elitize_generation_data,210,8,0.26,NA
212,72,checksum,tourney,FALSE,20,elitize_generation_data,211,6,0.256,NA
213,72,checksum,tourney,FALSE,20,elitize_generation_data,212,4,0.246,NA
214,72,checksum,tourney,FALSE,20,elitize_generation_data,213,7,0.264,NA
215,72,checksum,tourney,FALSE,20,elitize_generation_data,214,9,0.272,NA
216,72,checksum,tourney,FALSE,20,elitize_generation_data,215,6,0.3,NA
217,72,checksum,tourney,FALSE,20,elitize_generation_data,216,6,0.277,NA
218,72,checksum,tourney,FALSE,20,elitize_generation_data,217,4,0.323,NA
219,72,checksum,tourney,FALSE,20,elitize_generation_data,218,6,0.329,NA
220,72,checksum,tourney,FALSE,20,elitize_generation_data,219,4,0.378,NA
221,72,checksum,tourney,FALSE,20,elitize_generation_data,220,2,0.374,NA
222,72,checksum,tourney,FALSE,20,elitize_generation_data,221,5,0.357,NA
223,72,checksum,tourney,FALSE,20,elitize_generation_data,222,8,0.391,NA
224,72,checksum,tourney,FALSE,20,elitize_generation_data,223,4,0.385,NA
225,72,checksum,tourney,FALSE,20,elitize_generation_data,224,5,0.398,NA
226,72,checksum,tourney,FALSE,20,elitize_generation_data,225,5,0.401,NA
227,72,checksum,tourney,FALSE,20,elitize_generation_data,226,6,0.401,NA
228,72,checksum,tourney,FALSE,20,elitize_generation_data,227,8,0.362,NA
229,72,checksum,tourney,FALSE,20,elitize_generation_data,228,5,0.406,NA
230,72,checksum,tourney,FALSE,20,elitize_generation_data,229,7,0.415,NA
231,72,checksum,tourney,FALSE,20,elitize_generation_data,230,5,0.393,NA
232,72,checksum,tourney,FALSE,20,elitize_generation_data,231,6,0.393,NA
233,72,checksum,tourney,FALSE,20,elitize_generation_data,232,7,0.402,NA
234,72,checksum,tourney,FALSE,20,elitize_generation_data,233,6,0.416,NA
235,72,checksum,tourney,FALSE,20,elitize_generation_data,234,6,0.391,NA
236,72,checksum,tourney,FALSE,20,elitize_generation_data,235,5,0.417,NA
237,72,checksum,tourney,FALSE,20,elitize_generation_data,236,6,0.426,NA
238,72,checksum,tourney,FALSE,20,elitize_generation_data,237,6,0.401,NA
239,72,checksum,tourney,FALSE,20,elitize_generation_data,238,2,0.38,NA
240,72,checksum,tourney,FALSE,20,elitize_generation_data,239,3,0.34,NA
241,72,checksum,tourney,FALSE,20,elitize_generation_data,240,6,0.363,NA
242,72,checksum,tourney,FALSE,20,elitize_generation_data,241,7,0.341,NA
243,72,checksum,tourney,FALSE,20,elitize_generation_data,242,6,0.368,NA
244,72,checksum,tourney,FALSE,20,elitize_generation_data,243,6,0.378,NA
245,72,checksum,tourney,FALSE,20,elitize_generation_data,244,10,0.379,NA
246,72,checksum,tourney,FALSE,20,elitize_generation_data,245,4,0.366,NA
247,72,checksum,tourney,FALSE,20,elitize_generation_data,246,9,0.376,NA
248,72,checksum,tourney,FALSE,20,elitize_generation_data,247,5,0.356,NA
249,72,checksum,tourney,FALSE,20,elitize_generation_data,248,7,0.4,NA
250,72,checksum,tourney,FALSE,20,elitize_generation_data,249,4,0.408,NA
251,72,checksum,tourney,FALSE,20,elitize_generation_data,250,4,0.388,NA
252,72,checksum,tourney,FALSE,20,elitize_generation_data,251,5,0.374,NA
253,72,checksum,tourney,FALSE,20,elitize_generation_data,252,9,0.371,NA
254,72,checksum,tourney,FALSE,20,elitize_generation_data,253,4,0.378,NA
255,72,checksum,tourney,FALSE,20,elitize_generation_data,254,5,0.361,NA
256,72,checksum,tourney,FALSE,20,elitize_generation_data,255,5,0.35,NA
257,72,checksum,tourney,FALSE,20,elitize_generation_data,256,9,0.358,NA
258,72,checksum,tourney,FALSE,20,elitize_generation_data,257,9,0.358,NA
259,72,checksum,tourney,FALSE,20,elitize_generation_data,258,4,0.384,NA
260,72,checksum,tourney,FALSE,20,elitize_generation_data,259,6,0.36,NA
261,72,checksum,tourney,FALSE,20,elitize_generation_data,260,5,0.344,NA
262,72,checksum,tourney,FALSE,20,elitize_generation_data,261,7,0.396,NA
263,72,checksum,tourney,FALSE,20,elitize_generation_data,262,6,0.359,NA
264,72,checksum,tourney,FALSE,20,elitize_generation_data,263,8,0.382,NA
265,72,checksum,tourney,FALSE,20,elitize_generation_data,264,6,0.384,NA
266,72,checksum,tourney,FALSE,20,elitize_generation_data,265,6,0.397,NA
267,72,checksum,tourney,FALSE,20,elitize_generation_data,266,7,0.393,NA
268,72,checksum,tourney,FALSE,20,elitize_generation_data,267,6,0.399,NA
269,72,checksum,tourney,FALSE,20,elitize_generation_data,268,7,0.397,NA
270,72,checksum,tourney,FALSE,20,elitize_generation_data,269,7,0.364,NA
271,72,checksum,tourney,FALSE,20,elitize_generation_data,270,4,0.382,NA
272,72,checksum,tourney,FALSE,20,elitize_generation_data,271,6,0.385,NA
273,72,checksum,tourney,FALSE,20,elitize_generation_data,272,4,0.39,NA
274,72,checksum,tourney,FALSE,20,elitize_generation_data,273,8,0.398,NA
275,72,checksum,tourney,FALSE,20,elitize_generation_data,274,5,0.413,NA
276,72,checksum,tourney,FALSE,20,elitize_generation_data,275,5,0.429,NA
277,72,checksum,tourney,FALSE,20,elitize_generation_data,276,5,0.43,NA
278,72,checksum,tourney,FALSE,20,elitize_generation_data,277,8,0.457,NA
279,72,checksum,tourney,FALSE,20,elitize_generation_data,278,7,0.421,NA
280,72,checksum,tourney,FALSE,20,elitize_generation_data,279,7,0.425,NA
281,72,checksum,tourney,FALSE,20,elitize_generation_data,280,4,0.409,NA
282,72,checksum,tourney,FALSE,20,elitize_generation_data,281,6,0.434,NA
283,72,checksum,tourney,FALSE,20,elitize_generation_data,282,11,0.429,NA
284,72,checksum,tourney,FALSE,20,elitize_generation_data,283,3,0.407,NA
285,72,checksum,tourney,FALSE,20,elitize_generation_data,284,8,0.42,NA
286,72,checksum,tourney,FALSE,20,elitize_generation_data,285,9,0.437,NA
287,72,checksum,tourney,FALSE,20,elitize_generation_data,286,8,0.413,NA
288,72,checksum,tourney,FALSE,20,elitize_generation_data,287,5,0.397,NA
289,72,checksum,tourney,FALSE,20,elitize_generation_data,288,6,0.397,NA
290,72,checksum,tourney,FALSE,20,elitize_generation_data,289,6,0.403,NA
291,72,checksum,tourney,FALSE,20,elitize_generation_data,290,9,0.402,NA
292,72,checksum,tourney,FALSE,20,elitize_generation_data,291,5,0.377,NA
293,72,checksum,tourney,FALSE,20,elitize_generation_data,292,8,0.401,NA
294,72,checksum,tourney,FALSE,20,elitize_generation_data,293,8,0.405,NA
295,72,checksum,tourney,FALSE,20,elitize_generation_data,294,5,0.393,NA
296,72,checksum,tourney,FALSE,20,elitize_generation_data,295,3,0.399,NA
297,72,checksum,tourney,FALSE,20,elitize_generation_data,296,7,0.423,NA
298,72,checksum,tourney,FALSE,20,elitize_generation_data,297,8,0.402,NA
299,72,checksum,tourney,FALSE,20,elitize_generation_data,298,4,0.395,NA
300,72,checksum,tourney,FALSE,20,elitize_generation_data,299,6,0.409,NA
301,72,checksum,tourney,FALSE,20,elitize_generation_data,300,6,0.418,NA
