,run.num,problem,treatment,succeeded,height,normalization.function,generation,cluster.count,error.diversity,success.generation
1,87,checksum,tourney,FALSE,20,elitize_generation_data,0,2,0.322,NA
2,87,checksum,tourney,FALSE,20,elitize_generation_data,1,2,0.274,NA
3,87,checksum,tourney,FALSE,20,elitize_generation_data,2,2,0.155,NA
4,87,checksum,tourney,FALSE,20,elitize_generation_data,3,2,0.137,NA
5,87,checksum,tourney,FALSE,20,elitize_generation_data,4,2,0.149,NA
6,87,checksum,tourney,FALSE,20,elitize_generation_data,5,2,0.206,NA
7,87,checksum,tourney,FALSE,20,elitize_generation_data,6,7,0.158,NA
8,87,checksum,tourney,FALSE,20,elitize_generation_data,7,6,0.074,NA
9,87,checksum,tourney,FALSE,20,elitize_generation_data,8,7,0.074,NA
10,87,checksum,tourney,FALSE,20,elitize_generation_data,9,6,0.073,NA
11,87,checksum,tourney,FALSE,20,elitize_generation_data,10,6,0.084,NA
12,87,checksum,tourney,FALSE,20,elitize_generation_data,11,5,0.074,NA
13,87,checksum,tourney,FALSE,20,elitize_generation_data,12,6,0.075,NA
14,87,checksum,tourney,FALSE,20,elitize_generation_data,13,6,0.085,NA
15,87,checksum,tourney,FALSE,20,elitize_generation_data,14,5,0.065,NA
16,87,checksum,tourney,FALSE,20,elitize_generation_data,15,5,0.065,NA
17,87,checksum,tourney,FALSE,20,elitize_generation_data,16,5,0.059,NA
18,87,checksum,tourney,FALSE,20,elitize_generation_data,17,5,0.061,NA
19,87,checksum,tourney,FALSE,20,elitize_generation_data,18,8,0.06,NA
20,87,checksum,tourney,FALSE,20,elitize_generation_data,19,6,0.064,NA
21,87,checksum,tourney,FALSE,20,elitize_generation_data,20,6,0.063,NA
22,87,checksum,tourney,FALSE,20,elitize_generation_data,21,6,0.06,NA
23,87,checksum,tourney,FALSE,20,elitize_generation_data,22,5,0.046,NA
24,87,checksum,tourney,FALSE,20,elitize_generation_data,23,4,0.051,NA
25,87,checksum,tourney,FALSE,20,elitize_generation_data,24,5,0.059,NA
26,87,checksum,tourney,FALSE,20,elitize_generation_data,25,5,0.057,NA
27,87,checksum,tourney,FALSE,20,elitize_generation_data,26,6,0.056,NA
28,87,checksum,tourney,FALSE,20,elitize_generation_data,27,5,0.052,NA
29,87,checksum,tourney,FALSE,20,elitize_generation_data,28,6,0.06,NA
30,87,checksum,tourney,FALSE,20,elitize_generation_data,29,6,0.064,NA
31,87,checksum,tourney,FALSE,20,elitize_generation_data,30,5,0.047,NA
32,87,checksum,tourney,FALSE,20,elitize_generation_data,31,6,0.052,NA
33,87,checksum,tourney,FALSE,20,elitize_generation_data,32,8,0.056,NA
34,87,checksum,tourney,FALSE,20,elitize_generation_data,33,4,0.062,NA
35,87,checksum,tourney,FALSE,20,elitize_generation_data,34,5,0.06,NA
36,87,checksum,tourney,FALSE,20,elitize_generation_data,35,5,0.055,NA
37,87,checksum,tourney,FALSE,20,elitize_generation_data,36,6,0.056,NA
38,87,checksum,tourney,FALSE,20,elitize_generation_data,37,6,0.064,NA
39,87,checksum,tourney,FALSE,20,elitize_generation_data,38,6,0.05,NA
40,87,checksum,tourney,FALSE,20,elitize_generation_data,39,6,0.045,NA
41,87,checksum,tourney,FALSE,20,elitize_generation_data,40,6,0.061,NA
42,87,checksum,tourney,FALSE,20,elitize_generation_data,41,7,0.044,NA
43,87,checksum,tourney,FALSE,20,elitize_generation_data,42,6,0.057,NA
44,87,checksum,tourney,FALSE,20,elitize_generation_data,43,6,0.048,NA
45,87,checksum,tourney,FALSE,20,elitize_generation_data,44,7,0.062,NA
46,87,checksum,tourney,FALSE,20,elitize_generation_data,45,5,0.052,NA
47,87,checksum,tourney,FALSE,20,elitize_generation_data,46,8,0.05,NA
48,87,checksum,tourney,FALSE,20,elitize_generation_data,47,7,0.042,NA
49,87,checksum,tourney,FALSE,20,elitize_generation_data,48,7,0.042,NA
50,87,checksum,tourney,FALSE,20,elitize_generation_data,49,5,0.051,NA
51,87,checksum,tourney,FALSE,20,elitize_generation_data,50,7,0.04,NA
52,87,checksum,tourney,FALSE,20,elitize_generation_data,51,8,0.05,NA
53,87,checksum,tourney,FALSE,20,elitize_generation_data,52,5,0.043,NA
54,87,checksum,tourney,FALSE,20,elitize_generation_data,53,7,0.056,NA
55,87,checksum,tourney,FALSE,20,elitize_generation_data,54,6,0.044,NA
56,87,checksum,tourney,FALSE,20,elitize_generation_data,55,5,0.041,NA
57,87,checksum,tourney,FALSE,20,elitize_generation_data,56,6,0.039,NA
58,87,checksum,tourney,FALSE,20,elitize_generation_data,57,6,0.04,NA
59,87,checksum,tourney,FALSE,20,elitize_generation_data,58,9,0.039,NA
60,87,checksum,tourney,FALSE,20,elitize_generation_data,59,9,0.042,NA
61,87,checksum,tourney,FALSE,20,elitize_generation_data,60,6,0.036,NA
62,87,checksum,tourney,FALSE,20,elitize_generation_data,61,8,0.022,NA
63,87,checksum,tourney,FALSE,20,elitize_generation_data,62,6,0.016,NA
64,87,checksum,tourney,FALSE,20,elitize_generation_data,63,8,0.027,NA
65,87,checksum,tourney,FALSE,20,elitize_generation_data,64,8,0.024,NA
66,87,checksum,tourney,FALSE,20,elitize_generation_data,65,8,0.022,NA
67,87,checksum,tourney,FALSE,20,elitize_generation_data,66,9,0.023,NA
68,87,checksum,tourney,FALSE,20,elitize_generation_data,67,8,0.025,NA
69,87,checksum,tourney,FALSE,20,elitize_generation_data,68,7,0.027,NA
70,87,checksum,tourney,FALSE,20,elitize_generation_data,69,8,0.018,NA
71,87,checksum,tourney,FALSE,20,elitize_generation_data,70,8,0.026,NA
72,87,checksum,tourney,FALSE,20,elitize_generation_data,71,7,0.028,NA
73,87,checksum,tourney,FALSE,20,elitize_generation_data,72,9,0.028,NA
74,87,checksum,tourney,FALSE,20,elitize_generation_data,73,7,0.024,NA
75,87,checksum,tourney,FALSE,20,elitize_generation_data,74,7,0.029,NA
76,87,checksum,tourney,FALSE,20,elitize_generation_data,75,8,0.036,NA
77,87,checksum,tourney,FALSE,20,elitize_generation_data,76,9,0.036,NA
78,87,checksum,tourney,FALSE,20,elitize_generation_data,77,8,0.032,NA
79,87,checksum,tourney,FALSE,20,elitize_generation_data,78,7,0.023,NA
80,87,checksum,tourney,FALSE,20,elitize_generation_data,79,7,0.025,NA
81,87,checksum,tourney,FALSE,20,elitize_generation_data,80,6,0.025,NA
82,87,checksum,tourney,FALSE,20,elitize_generation_data,81,7,0.03,NA
83,87,checksum,tourney,FALSE,20,elitize_generation_data,82,6,0.03,NA
84,87,checksum,tourney,FALSE,20,elitize_generation_data,83,8,0.023,NA
85,87,checksum,tourney,FALSE,20,elitize_generation_data,84,8,0.028,NA
86,87,checksum,tourney,FALSE,20,elitize_generation_data,85,7,0.032,NA
87,87,checksum,tourney,FALSE,20,elitize_generation_data,86,7,0.029,NA
88,87,checksum,tourney,FALSE,20,elitize_generation_data,87,7,0.025,NA
89,87,checksum,tourney,FALSE,20,elitize_generation_data,88,9,0.028,NA
90,87,checksum,tourney,FALSE,20,elitize_generation_data,89,8,0.031,NA
91,87,checksum,tourney,FALSE,20,elitize_generation_data,90,6,0.027,NA
92,87,checksum,tourney,FALSE,20,elitize_generation_data,91,7,0.023,NA
93,87,checksum,tourney,FALSE,20,elitize_generation_data,92,7,0.024,NA
94,87,checksum,tourney,FALSE,20,elitize_generation_data,93,7,0.026,NA
95,87,checksum,tourney,FALSE,20,elitize_generation_data,94,7,0.028,NA
96,87,checksum,tourney,FALSE,20,elitize_generation_data,95,7,0.021,NA
97,87,checksum,tourney,FALSE,20,elitize_generation_data,96,8,0.034,NA
98,87,checksum,tourney,FALSE,20,elitize_generation_data,97,7,0.026,NA
99,87,checksum,tourney,FALSE,20,elitize_generation_data,98,5,0.034,NA
100,87,checksum,tourney,FALSE,20,elitize_generation_data,99,7,0.026,NA
101,87,checksum,tourney,FALSE,20,elitize_generation_data,100,7,0.031,NA
102,87,checksum,tourney,FALSE,20,elitize_generation_data,101,8,0.027,NA
103,87,checksum,tourney,FALSE,20,elitize_generation_data,102,7,0.027,NA
104,87,checksum,tourney,FALSE,20,elitize_generation_data,103,6,0.024,NA
105,87,checksum,tourney,FALSE,20,elitize_generation_data,104,6,0.028,NA
106,87,checksum,tourney,FALSE,20,elitize_generation_data,105,4,0.026,NA
107,87,checksum,tourney,FALSE,20,elitize_generation_data,106,7,0.027,NA
108,87,checksum,tourney,FALSE,20,elitize_generation_data,107,8,0.031,NA
109,87,checksum,tourney,FALSE,20,elitize_generation_data,108,8,0.025,NA
110,87,checksum,tourney,FALSE,20,elitize_generation_data,109,8,0.029,NA
111,87,checksum,tourney,FALSE,20,elitize_generation_data,110,8,0.042,NA
112,87,checksum,tourney,FALSE,20,elitize_generation_data,111,10,0.06,NA
113,87,checksum,tourney,FALSE,20,elitize_generation_data,112,13,0.064,NA
114,87,checksum,tourney,FALSE,20,elitize_generation_data,113,15,0.052,NA
115,87,checksum,tourney,FALSE,20,elitize_generation_data,114,10,0.071,NA
116,87,checksum,tourney,FALSE,20,elitize_generation_data,115,14,0.066,NA
117,87,checksum,tourney,FALSE,20,elitize_generation_data,116,14,0.076,NA
118,87,checksum,tourney,FALSE,20,elitize_generation_data,117,10,0.072,NA
119,87,checksum,tourney,FALSE,20,elitize_generation_data,118,18,0.071,NA
120,87,checksum,tourney,FALSE,20,elitize_generation_data,119,10,0.077,NA
121,87,checksum,tourney,FALSE,20,elitize_generation_data,120,14,0.064,NA
122,87,checksum,tourney,FALSE,20,elitize_generation_data,121,16,0.069,NA
123,87,checksum,tourney,FALSE,20,elitize_generation_data,122,15,0.069,NA
124,87,checksum,tourney,FALSE,20,elitize_generation_data,123,15,0.063,NA
125,87,checksum,tourney,FALSE,20,elitize_generation_data,124,17,0.081,NA
126,87,checksum,tourney,FALSE,20,elitize_generation_data,125,16,0.065,NA
127,87,checksum,tourney,FALSE,20,elitize_generation_data,126,12,0.076,NA
128,87,checksum,tourney,FALSE,20,elitize_generation_data,127,13,0.075,NA
129,87,checksum,tourney,FALSE,20,elitize_generation_data,128,12,0.076,NA
130,87,checksum,tourney,FALSE,20,elitize_generation_data,129,14,0.07,NA
131,87,checksum,tourney,FALSE,20,elitize_generation_data,130,17,0.076,NA
132,87,checksum,tourney,FALSE,20,elitize_generation_data,131,14,0.067,NA
133,87,checksum,tourney,FALSE,20,elitize_generation_data,132,17,0.087,NA
134,87,checksum,tourney,FALSE,20,elitize_generation_data,133,9,0.098,NA
135,87,checksum,tourney,FALSE,20,elitize_generation_data,134,10,0.102,NA
136,87,checksum,tourney,FALSE,20,elitize_generation_data,135,11,0.092,NA
137,87,checksum,tourney,FALSE,20,elitize_generation_data,136,13,0.083,NA
138,87,checksum,tourney,FALSE,20,elitize_generation_data,137,12,0.098,NA
139,87,checksum,tourney,FALSE,20,elitize_generation_data,138,10,0.106,NA
140,87,checksum,tourney,FALSE,20,elitize_generation_data,139,14,0.09,NA
141,87,checksum,tourney,FALSE,20,elitize_generation_data,140,13,0.082,NA
142,87,checksum,tourney,FALSE,20,elitize_generation_data,141,11,0.1,NA
143,87,checksum,tourney,FALSE,20,elitize_generation_data,142,14,0.106,NA
144,87,checksum,tourney,FALSE,20,elitize_generation_data,143,11,0.095,NA
145,87,checksum,tourney,FALSE,20,elitize_generation_data,144,12,0.111,NA
146,87,checksum,tourney,FALSE,20,elitize_generation_data,145,11,0.1,NA
147,87,checksum,tourney,FALSE,20,elitize_generation_data,146,11,0.079,NA
148,87,checksum,tourney,FALSE,20,elitize_generation_data,147,12,0.078,NA
149,87,checksum,tourney,FALSE,20,elitize_generation_data,148,11,0.079,NA
150,87,checksum,tourney,FALSE,20,elitize_generation_data,149,11,0.087,NA
151,87,checksum,tourney,FALSE,20,elitize_generation_data,150,13,0.083,NA
152,87,checksum,tourney,FALSE,20,elitize_generation_data,151,11,0.082,NA
153,87,checksum,tourney,FALSE,20,elitize_generation_data,152,11,0.087,NA
154,87,checksum,tourney,FALSE,20,elitize_generation_data,153,10,0.079,NA
155,87,checksum,tourney,FALSE,20,elitize_generation_data,154,13,0.079,NA
156,87,checksum,tourney,FALSE,20,elitize_generation_data,155,11,0.081,NA
157,87,checksum,tourney,FALSE,20,elitize_generation_data,156,9,0.076,NA
158,87,checksum,tourney,FALSE,20,elitize_generation_data,157,11,0.083,NA
159,87,checksum,tourney,FALSE,20,elitize_generation_data,158,11,0.075,NA
160,87,checksum,tourney,FALSE,20,elitize_generation_data,159,11,0.099,NA
161,87,checksum,tourney,FALSE,20,elitize_generation_data,160,12,0.106,NA
162,87,checksum,tourney,FALSE,20,elitize_generation_data,161,11,0.089,NA
163,87,checksum,tourney,FALSE,20,elitize_generation_data,162,12,0.075,NA
164,87,checksum,tourney,FALSE,20,elitize_generation_data,163,11,0.09,NA
165,87,checksum,tourney,FALSE,20,elitize_generation_data,164,8,0.086,NA
166,87,checksum,tourney,FALSE,20,elitize_generation_data,165,10,0.099,NA
167,87,checksum,tourney,FALSE,20,elitize_generation_data,166,10,0.087,NA
168,87,checksum,tourney,FALSE,20,elitize_generation_data,167,10,0.088,NA
169,87,checksum,tourney,FALSE,20,elitize_generation_data,168,10,0.084,NA
170,87,checksum,tourney,FALSE,20,elitize_generation_data,169,11,0.083,NA
171,87,checksum,tourney,FALSE,20,elitize_generation_data,170,10,0.081,NA
172,87,checksum,tourney,FALSE,20,elitize_generation_data,171,9,0.085,NA
173,87,checksum,tourney,FALSE,20,elitize_generation_data,172,10,0.096,NA
174,87,checksum,tourney,FALSE,20,elitize_generation_data,173,12,0.082,NA
175,87,checksum,tourney,FALSE,20,elitize_generation_data,174,11,0.085,NA
176,87,checksum,tourney,FALSE,20,elitize_generation_data,175,12,0.093,NA
177,87,checksum,tourney,FALSE,20,elitize_generation_data,176,10,0.089,NA
178,87,checksum,tourney,FALSE,20,elitize_generation_data,177,9,0.08,NA
179,87,checksum,tourney,FALSE,20,elitize_generation_data,178,13,0.08,NA
180,87,checksum,tourney,FALSE,20,elitize_generation_data,179,11,0.083,NA
181,87,checksum,tourney,FALSE,20,elitize_generation_data,180,12,0.102,NA
182,87,checksum,tourney,FALSE,20,elitize_generation_data,181,10,0.076,NA
183,87,checksum,tourney,FALSE,20,elitize_generation_data,182,10,0.081,NA
184,87,checksum,tourney,FALSE,20,elitize_generation_data,183,13,0.08,NA
185,87,checksum,tourney,FALSE,20,elitize_generation_data,184,11,0.094,NA
186,87,checksum,tourney,FALSE,20,elitize_generation_data,185,11,0.08,NA
187,87,checksum,tourney,FALSE,20,elitize_generation_data,186,9,0.093,NA
188,87,checksum,tourney,FALSE,20,elitize_generation_data,187,11,0.098,NA
189,87,checksum,tourney,FALSE,20,elitize_generation_data,188,11,0.093,NA
190,87,checksum,tourney,FALSE,20,elitize_generation_data,189,14,0.095,NA
191,87,checksum,tourney,FALSE,20,elitize_generation_data,190,15,0.083,NA
192,87,checksum,tourney,FALSE,20,elitize_generation_data,191,8,0.092,NA
193,87,checksum,tourney,FALSE,20,elitize_generation_data,192,10,0.094,NA
194,87,checksum,tourney,FALSE,20,elitize_generation_data,193,12,0.074,NA
195,87,checksum,tourney,FALSE,20,elitize_generation_data,194,13,0.088,NA
196,87,checksum,tourney,FALSE,20,elitize_generation_data,195,9,0.083,NA
197,87,checksum,tourney,FALSE,20,elitize_generation_data,196,10,0.085,NA
198,87,checksum,tourney,FALSE,20,elitize_generation_data,197,12,0.081,NA
199,87,checksum,tourney,FALSE,20,elitize_generation_data,198,11,0.088,NA
200,87,checksum,tourney,FALSE,20,elitize_generation_data,199,11,0.117,NA
201,87,checksum,tourney,FALSE,20,elitize_generation_data,200,11,0.11,NA
202,87,checksum,tourney,FALSE,20,elitize_generation_data,201,8,0.142,NA
203,87,checksum,tourney,FALSE,20,elitize_generation_data,202,9,0.128,NA
204,87,checksum,tourney,FALSE,20,elitize_generation_data,203,10,0.145,NA
205,87,checksum,tourney,FALSE,20,elitize_generation_data,204,6,0.152,NA
206,87,checksum,tourney,FALSE,20,elitize_generation_data,205,9,0.153,NA
207,87,checksum,tourney,FALSE,20,elitize_generation_data,206,11,0.129,NA
208,87,checksum,tourney,FALSE,20,elitize_generation_data,207,9,0.133,NA
209,87,checksum,tourney,FALSE,20,elitize_generation_data,208,9,0.127,NA
210,87,checksum,tourney,FALSE,20,elitize_generation_data,209,8,0.143,NA
211,87,checksum,tourney,FALSE,20,elitize_generation_data,210,9,0.135,NA
212,87,checksum,tourney,FALSE,20,elitize_generation_data,211,10,0.135,NA
213,87,checksum,tourney,FALSE,20,elitize_generation_data,212,11,0.147,NA
214,87,checksum,tourney,FALSE,20,elitize_generation_data,213,11,0.14,NA
215,87,checksum,tourney,FALSE,20,elitize_generation_data,214,11,0.165,NA
216,87,checksum,tourney,FALSE,20,elitize_generation_data,215,10,0.141,NA
217,87,checksum,tourney,FALSE,20,elitize_generation_data,216,12,0.144,NA
218,87,checksum,tourney,FALSE,20,elitize_generation_data,217,8,0.156,NA
219,87,checksum,tourney,FALSE,20,elitize_generation_data,218,10,0.155,NA
220,87,checksum,tourney,FALSE,20,elitize_generation_data,219,12,0.16,NA
221,87,checksum,tourney,FALSE,20,elitize_generation_data,220,14,0.153,NA
222,87,checksum,tourney,FALSE,20,elitize_generation_data,221,10,0.162,NA
223,87,checksum,tourney,FALSE,20,elitize_generation_data,222,10,0.149,NA
224,87,checksum,tourney,FALSE,20,elitize_generation_data,223,15,0.181,NA
225,87,checksum,tourney,FALSE,20,elitize_generation_data,224,9,0.158,NA
226,87,checksum,tourney,FALSE,20,elitize_generation_data,225,9,0.155,NA
227,87,checksum,tourney,FALSE,20,elitize_generation_data,226,10,0.173,NA
228,87,checksum,tourney,FALSE,20,elitize_generation_data,227,14,0.142,NA
229,87,checksum,tourney,FALSE,20,elitize_generation_data,228,10,0.158,NA
230,87,checksum,tourney,FALSE,20,elitize_generation_data,229,13,0.17,NA
231,87,checksum,tourney,FALSE,20,elitize_generation_data,230,16,0.155,NA
232,87,checksum,tourney,FALSE,20,elitize_generation_data,231,14,0.154,NA
233,87,checksum,tourney,FALSE,20,elitize_generation_data,232,11,0.167,NA
234,87,checksum,tourney,FALSE,20,elitize_generation_data,233,9,0.171,NA
235,87,checksum,tourney,FALSE,20,elitize_generation_data,234,11,0.17,NA
236,87,checksum,tourney,FALSE,20,elitize_generation_data,235,8,0.187,NA
237,87,checksum,tourney,FALSE,20,elitize_generation_data,236,10,0.161,NA
238,87,checksum,tourney,FALSE,20,elitize_generation_data,237,12,0.171,NA
239,87,checksum,tourney,FALSE,20,elitize_generation_data,238,12,0.181,NA
240,87,checksum,tourney,FALSE,20,elitize_generation_data,239,12,0.176,NA
241,87,checksum,tourney,FALSE,20,elitize_generation_data,240,13,0.213,NA
242,87,checksum,tourney,FALSE,20,elitize_generation_data,241,13,0.221,NA
243,87,checksum,tourney,FALSE,20,elitize_generation_data,242,9,0.218,NA
244,87,checksum,tourney,FALSE,20,elitize_generation_data,243,13,0.191,NA
245,87,checksum,tourney,FALSE,20,elitize_generation_data,244,10,0.205,NA
246,87,checksum,tourney,FALSE,20,elitize_generation_data,245,9,0.189,NA
247,87,checksum,tourney,FALSE,20,elitize_generation_data,246,11,0.199,NA
248,87,checksum,tourney,FALSE,20,elitize_generation_data,247,12,0.194,NA
249,87,checksum,tourney,FALSE,20,elitize_generation_data,248,13,0.189,NA
250,87,checksum,tourney,FALSE,20,elitize_generation_data,249,11,0.205,NA
251,87,checksum,tourney,FALSE,20,elitize_generation_data,250,11,0.223,NA
252,87,checksum,tourney,FALSE,20,elitize_generation_data,251,12,0.212,NA
253,87,checksum,tourney,FALSE,20,elitize_generation_data,252,12,0.208,NA
254,87,checksum,tourney,FALSE,20,elitize_generation_data,253,8,0.213,NA
255,87,checksum,tourney,FALSE,20,elitize_generation_data,254,14,0.222,NA
256,87,checksum,tourney,FALSE,20,elitize_generation_data,255,12,0.219,NA
257,87,checksum,tourney,FALSE,20,elitize_generation_data,256,13,0.222,NA
258,87,checksum,tourney,FALSE,20,elitize_generation_data,257,14,0.213,NA
259,87,checksum,tourney,FALSE,20,elitize_generation_data,258,14,0.225,NA
260,87,checksum,tourney,FALSE,20,elitize_generation_data,259,11,0.228,NA
261,87,checksum,tourney,FALSE,20,elitize_generation_data,260,11,0.237,NA
262,87,checksum,tourney,FALSE,20,elitize_generation_data,261,13,0.227,NA
263,87,checksum,tourney,FALSE,20,elitize_generation_data,262,11,0.213,NA
264,87,checksum,tourney,FALSE,20,elitize_generation_data,263,9,0.201,NA
265,87,checksum,tourney,FALSE,20,elitize_generation_data,264,9,0.223,NA
266,87,checksum,tourney,FALSE,20,elitize_generation_data,265,12,0.223,NA
267,87,checksum,tourney,FALSE,20,elitize_generation_data,266,12,0.217,NA
268,87,checksum,tourney,FALSE,20,elitize_generation_data,267,11,0.218,NA
269,87,checksum,tourney,FALSE,20,elitize_generation_data,268,12,0.218,NA
270,87,checksum,tourney,FALSE,20,elitize_generation_data,269,13,0.228,NA
271,87,checksum,tourney,FALSE,20,elitize_generation_data,270,15,0.211,NA
272,87,checksum,tourney,FALSE,20,elitize_generation_data,271,13,0.221,NA
273,87,checksum,tourney,FALSE,20,elitize_generation_data,272,11,0.225,NA
274,87,checksum,tourney,FALSE,20,elitize_generation_data,273,13,0.228,NA
275,87,checksum,tourney,FALSE,20,elitize_generation_data,274,17,0.226,NA
276,87,checksum,tourney,FALSE,20,elitize_generation_data,275,14,0.245,NA
277,87,checksum,tourney,FALSE,20,elitize_generation_data,276,14,0.234,NA
278,87,checksum,tourney,FALSE,20,elitize_generation_data,277,15,0.225,NA
279,87,checksum,tourney,FALSE,20,elitize_generation_data,278,15,0.23,NA
280,87,checksum,tourney,FALSE,20,elitize_generation_data,279,11,0.223,NA
281,87,checksum,tourney,FALSE,20,elitize_generation_data,280,14,0.229,NA
282,87,checksum,tourney,FALSE,20,elitize_generation_data,281,16,0.241,NA
283,87,checksum,tourney,FALSE,20,elitize_generation_data,282,13,0.213,NA
284,87,checksum,tourney,FALSE,20,elitize_generation_data,283,13,0.235,NA
285,87,checksum,tourney,FALSE,20,elitize_generation_data,284,12,0.225,NA
286,87,checksum,tourney,FALSE,20,elitize_generation_data,285,12,0.232,NA
287,87,checksum,tourney,FALSE,20,elitize_generation_data,286,11,0.21,NA
288,87,checksum,tourney,FALSE,20,elitize_generation_data,287,10,0.249,NA
289,87,checksum,tourney,FALSE,20,elitize_generation_data,288,10,0.22,NA
290,87,checksum,tourney,FALSE,20,elitize_generation_data,289,12,0.233,NA
291,87,checksum,tourney,FALSE,20,elitize_generation_data,290,10,0.241,NA
292,87,checksum,tourney,FALSE,20,elitize_generation_data,291,9,0.234,NA
293,87,checksum,tourney,FALSE,20,elitize_generation_data,292,9,0.182,NA
294,87,checksum,tourney,FALSE,20,elitize_generation_data,293,9,0.199,NA
295,87,checksum,tourney,FALSE,20,elitize_generation_data,294,12,0.188,NA
296,87,checksum,tourney,FALSE,20,elitize_generation_data,295,12,0.216,NA
297,87,checksum,tourney,FALSE,20,elitize_generation_data,296,12,0.199,NA
298,87,checksum,tourney,FALSE,20,elitize_generation_data,297,8,0.211,NA
299,87,checksum,tourney,FALSE,20,elitize_generation_data,298,11,0.202,NA
300,87,checksum,tourney,FALSE,20,elitize_generation_data,299,13,0.184,NA
301,87,checksum,tourney,FALSE,20,elitize_generation_data,300,11,0.22,NA
