,run.num,problem,treatment,succeeded,height,normalization.function,generation,cluster.count,error.diversity,success.generation
1,97,checksum,tourney,FALSE,20,elitize_generation_data,0,2,0.303,NA
2,97,checksum,tourney,FALSE,20,elitize_generation_data,1,2,0.263,NA
3,97,checksum,tourney,FALSE,20,elitize_generation_data,2,3,0.179,NA
4,97,checksum,tourney,FALSE,20,elitize_generation_data,3,2,0.201,NA
5,97,checksum,tourney,FALSE,20,elitize_generation_data,4,3,0.239,NA
6,97,checksum,tourney,FALSE,20,elitize_generation_data,5,5,0.177,NA
7,97,checksum,tourney,FALSE,20,elitize_generation_data,6,6,0.105,NA
8,97,checksum,tourney,FALSE,20,elitize_generation_data,7,6,0.149,NA
9,97,checksum,tourney,FALSE,20,elitize_generation_data,8,4,0.152,NA
10,97,checksum,tourney,FALSE,20,elitize_generation_data,9,5,0.105,NA
11,97,checksum,tourney,FALSE,20,elitize_generation_data,10,5,0.124,NA
12,97,checksum,tourney,FALSE,20,elitize_generation_data,11,5,0.118,NA
13,97,checksum,tourney,FALSE,20,elitize_generation_data,12,6,0.073,NA
14,97,checksum,tourney,FALSE,20,elitize_generation_data,13,6,0.049,NA
15,97,checksum,tourney,FALSE,20,elitize_generation_data,14,6,0.051,NA
16,97,checksum,tourney,FALSE,20,elitize_generation_data,15,8,0.045,NA
17,97,checksum,tourney,FALSE,20,elitize_generation_data,16,5,0.055,NA
18,97,checksum,tourney,FALSE,20,elitize_generation_data,17,7,0.048,NA
19,97,checksum,tourney,FALSE,20,elitize_generation_data,18,6,0.051,NA
20,97,checksum,tourney,FALSE,20,elitize_generation_data,19,5,0.06,NA
21,97,checksum,tourney,FALSE,20,elitize_generation_data,20,6,0.044,NA
22,97,checksum,tourney,FALSE,20,elitize_generation_data,21,7,0.043,NA
23,97,checksum,tourney,FALSE,20,elitize_generation_data,22,6,0.047,NA
24,97,checksum,tourney,FALSE,20,elitize_generation_data,23,6,0.048,NA
25,97,checksum,tourney,FALSE,20,elitize_generation_data,24,5,0.051,NA
26,97,checksum,tourney,FALSE,20,elitize_generation_data,25,7,0.053,NA
27,97,checksum,tourney,FALSE,20,elitize_generation_data,26,5,0.039,NA
28,97,checksum,tourney,FALSE,20,elitize_generation_data,27,4,0.048,NA
29,97,checksum,tourney,FALSE,20,elitize_generation_data,28,5,0.043,NA
30,97,checksum,tourney,FALSE,20,elitize_generation_data,29,5,0.05,NA
31,97,checksum,tourney,FALSE,20,elitize_generation_data,30,6,0.044,NA
32,97,checksum,tourney,FALSE,20,elitize_generation_data,31,4,0.057,NA
33,97,checksum,tourney,FALSE,20,elitize_generation_data,32,7,0.051,NA
34,97,checksum,tourney,FALSE,20,elitize_generation_data,33,7,0.051,NA
35,97,checksum,tourney,FALSE,20,elitize_generation_data,34,8,0.064,NA
36,97,checksum,tourney,FALSE,20,elitize_generation_data,35,6,0.059,NA
37,97,checksum,tourney,FALSE,20,elitize_generation_data,36,7,0.073,NA
38,97,checksum,tourney,FALSE,20,elitize_generation_data,37,4,0.072,NA
39,97,checksum,tourney,FALSE,20,elitize_generation_data,38,6,0.069,NA
40,97,checksum,tourney,FALSE,20,elitize_generation_data,39,5,0.07,NA
41,97,checksum,tourney,FALSE,20,elitize_generation_data,40,5,0.072,NA
42,97,checksum,tourney,FALSE,20,elitize_generation_data,41,6,0.078,NA
43,97,checksum,tourney,FALSE,20,elitize_generation_data,42,6,0.07,NA
44,97,checksum,tourney,FALSE,20,elitize_generation_data,43,8,0.071,NA
45,97,checksum,tourney,FALSE,20,elitize_generation_data,44,6,0.068,NA
46,97,checksum,tourney,FALSE,20,elitize_generation_data,45,5,0.078,NA
47,97,checksum,tourney,FALSE,20,elitize_generation_data,46,5,0.076,NA
48,97,checksum,tourney,FALSE,20,elitize_generation_data,47,5,0.087,NA
49,97,checksum,tourney,FALSE,20,elitize_generation_data,48,6,0.07,NA
50,97,checksum,tourney,FALSE,20,elitize_generation_data,49,6,0.081,NA
51,97,checksum,tourney,FALSE,20,elitize_generation_data,50,6,0.066,NA
52,97,checksum,tourney,FALSE,20,elitize_generation_data,51,6,0.062,NA
53,97,checksum,tourney,FALSE,20,elitize_generation_data,52,6,0.073,NA
54,97,checksum,tourney,FALSE,20,elitize_generation_data,53,7,0.069,NA
55,97,checksum,tourney,FALSE,20,elitize_generation_data,54,7,0.073,NA
56,97,checksum,tourney,FALSE,20,elitize_generation_data,55,7,0.085,NA
57,97,checksum,tourney,FALSE,20,elitize_generation_data,56,7,0.069,NA
58,97,checksum,tourney,FALSE,20,elitize_generation_data,57,7,0.071,NA
59,97,checksum,tourney,FALSE,20,elitize_generation_data,58,5,0.066,NA
60,97,checksum,tourney,FALSE,20,elitize_generation_data,59,6,0.079,NA
61,97,checksum,tourney,FALSE,20,elitize_generation_data,60,5,0.078,NA
62,97,checksum,tourney,FALSE,20,elitize_generation_data,61,4,0.082,NA
63,97,checksum,tourney,FALSE,20,elitize_generation_data,62,5,0.077,NA
64,97,checksum,tourney,FALSE,20,elitize_generation_data,63,7,0.076,NA
65,97,checksum,tourney,FALSE,20,elitize_generation_data,64,6,0.083,NA
66,97,checksum,tourney,FALSE,20,elitize_generation_data,65,6,0.091,NA
67,97,checksum,tourney,FALSE,20,elitize_generation_data,66,6,0.089,NA
68,97,checksum,tourney,FALSE,20,elitize_generation_data,67,8,0.08,NA
69,97,checksum,tourney,FALSE,20,elitize_generation_data,68,7,0.074,NA
70,97,checksum,tourney,FALSE,20,elitize_generation_data,69,9,0.078,NA
71,97,checksum,tourney,FALSE,20,elitize_generation_data,70,7,0.085,NA
72,97,checksum,tourney,FALSE,20,elitize_generation_data,71,6,0.082,NA
73,97,checksum,tourney,FALSE,20,elitize_generation_data,72,6,0.083,NA
74,97,checksum,tourney,FALSE,20,elitize_generation_data,73,6,0.076,NA
75,97,checksum,tourney,FALSE,20,elitize_generation_data,74,6,0.08,NA
76,97,checksum,tourney,FALSE,20,elitize_generation_data,75,4,0.078,NA
77,97,checksum,tourney,FALSE,20,elitize_generation_data,76,7,0.089,NA
78,97,checksum,tourney,FALSE,20,elitize_generation_data,77,8,0.079,NA
79,97,checksum,tourney,FALSE,20,elitize_generation_data,78,6,0.082,NA
80,97,checksum,tourney,FALSE,20,elitize_generation_data,79,7,0.075,NA
81,97,checksum,tourney,FALSE,20,elitize_generation_data,80,8,0.072,NA
82,97,checksum,tourney,FALSE,20,elitize_generation_data,81,5,0.085,NA
83,97,checksum,tourney,FALSE,20,elitize_generation_data,82,6,0.073,NA
84,97,checksum,tourney,FALSE,20,elitize_generation_data,83,6,0.078,NA
85,97,checksum,tourney,FALSE,20,elitize_generation_data,84,8,0.077,NA
86,97,checksum,tourney,FALSE,20,elitize_generation_data,85,6,0.084,NA
87,97,checksum,tourney,FALSE,20,elitize_generation_data,86,6,0.072,NA
88,97,checksum,tourney,FALSE,20,elitize_generation_data,87,6,0.073,NA
89,97,checksum,tourney,FALSE,20,elitize_generation_data,88,6,0.083,NA
90,97,checksum,tourney,FALSE,20,elitize_generation_data,89,6,0.067,NA
91,97,checksum,tourney,FALSE,20,elitize_generation_data,90,6,0.067,NA
92,97,checksum,tourney,FALSE,20,elitize_generation_data,91,6,0.063,NA
93,97,checksum,tourney,FALSE,20,elitize_generation_data,92,6,0.069,NA
94,97,checksum,tourney,FALSE,20,elitize_generation_data,93,6,0.065,NA
95,97,checksum,tourney,FALSE,20,elitize_generation_data,94,9,0.061,NA
96,97,checksum,tourney,FALSE,20,elitize_generation_data,95,6,0.072,NA
97,97,checksum,tourney,FALSE,20,elitize_generation_data,96,6,0.063,NA
98,97,checksum,tourney,FALSE,20,elitize_generation_data,97,6,0.062,NA
99,97,checksum,tourney,FALSE,20,elitize_generation_data,98,5,0.06,NA
100,97,checksum,tourney,FALSE,20,elitize_generation_data,99,5,0.068,NA
101,97,checksum,tourney,FALSE,20,elitize_generation_data,100,4,0.066,NA
102,97,checksum,tourney,FALSE,20,elitize_generation_data,101,6,0.057,NA
103,97,checksum,tourney,FALSE,20,elitize_generation_data,102,5,0.064,NA
104,97,checksum,tourney,FALSE,20,elitize_generation_data,103,6,0.062,NA
105,97,checksum,tourney,FALSE,20,elitize_generation_data,104,6,0.056,NA
106,97,checksum,tourney,FALSE,20,elitize_generation_data,105,5,0.066,NA
107,97,checksum,tourney,FALSE,20,elitize_generation_data,106,5,0.068,NA
108,97,checksum,tourney,FALSE,20,elitize_generation_data,107,5,0.063,NA
109,97,checksum,tourney,FALSE,20,elitize_generation_data,108,6,0.077,NA
110,97,checksum,tourney,FALSE,20,elitize_generation_data,109,6,0.063,NA
111,97,checksum,tourney,FALSE,20,elitize_generation_data,110,7,0.063,NA
112,97,checksum,tourney,FALSE,20,elitize_generation_data,111,5,0.066,NA
113,97,checksum,tourney,FALSE,20,elitize_generation_data,112,8,0.059,NA
114,97,checksum,tourney,FALSE,20,elitize_generation_data,113,8,0.06,NA
115,97,checksum,tourney,FALSE,20,elitize_generation_data,114,4,0.061,NA
116,97,checksum,tourney,FALSE,20,elitize_generation_data,115,7,0.059,NA
117,97,checksum,tourney,FALSE,20,elitize_generation_data,116,5,0.06,NA
118,97,checksum,tourney,FALSE,20,elitize_generation_data,117,7,0.051,NA
119,97,checksum,tourney,FALSE,20,elitize_generation_data,118,5,0.055,NA
120,97,checksum,tourney,FALSE,20,elitize_generation_data,119,9,0.056,NA
121,97,checksum,tourney,FALSE,20,elitize_generation_data,120,7,0.055,NA
122,97,checksum,tourney,FALSE,20,elitize_generation_data,121,6,0.047,NA
123,97,checksum,tourney,FALSE,20,elitize_generation_data,122,5,0.057,NA
124,97,checksum,tourney,FALSE,20,elitize_generation_data,123,6,0.046,NA
125,97,checksum,tourney,FALSE,20,elitize_generation_data,124,5,0.054,NA
126,97,checksum,tourney,FALSE,20,elitize_generation_data,125,6,0.058,NA
127,97,checksum,tourney,FALSE,20,elitize_generation_data,126,7,0.052,NA
128,97,checksum,tourney,FALSE,20,elitize_generation_data,127,7,0.047,NA
129,97,checksum,tourney,FALSE,20,elitize_generation_data,128,8,0.056,NA
130,97,checksum,tourney,FALSE,20,elitize_generation_data,129,5,0.063,NA
131,97,checksum,tourney,FALSE,20,elitize_generation_data,130,6,0.05,NA
132,97,checksum,tourney,FALSE,20,elitize_generation_data,131,8,0.052,NA
133,97,checksum,tourney,FALSE,20,elitize_generation_data,132,8,0.05,NA
134,97,checksum,tourney,FALSE,20,elitize_generation_data,133,8,0.052,NA
135,97,checksum,tourney,FALSE,20,elitize_generation_data,134,8,0.05,NA
136,97,checksum,tourney,FALSE,20,elitize_generation_data,135,6,0.059,NA
137,97,checksum,tourney,FALSE,20,elitize_generation_data,136,8,0.051,NA
138,97,checksum,tourney,FALSE,20,elitize_generation_data,137,5,0.054,NA
139,97,checksum,tourney,FALSE,20,elitize_generation_data,138,8,0.05,NA
140,97,checksum,tourney,FALSE,20,elitize_generation_data,139,6,0.057,NA
141,97,checksum,tourney,FALSE,20,elitize_generation_data,140,7,0.048,NA
142,97,checksum,tourney,FALSE,20,elitize_generation_data,141,6,0.047,NA
143,97,checksum,tourney,FALSE,20,elitize_generation_data,142,6,0.051,NA
144,97,checksum,tourney,FALSE,20,elitize_generation_data,143,7,0.042,NA
145,97,checksum,tourney,FALSE,20,elitize_generation_data,144,7,0.049,NA
146,97,checksum,tourney,FALSE,20,elitize_generation_data,145,6,0.058,NA
147,97,checksum,tourney,FALSE,20,elitize_generation_data,146,8,0.049,NA
148,97,checksum,tourney,FALSE,20,elitize_generation_data,147,8,0.042,NA
149,97,checksum,tourney,FALSE,20,elitize_generation_data,148,5,0.043,NA
150,97,checksum,tourney,FALSE,20,elitize_generation_data,149,9,0.044,NA
151,97,checksum,tourney,FALSE,20,elitize_generation_data,150,7,0.056,NA
152,97,checksum,tourney,FALSE,20,elitize_generation_data,151,6,0.045,NA
153,97,checksum,tourney,FALSE,20,elitize_generation_data,152,6,0.05,NA
154,97,checksum,tourney,FALSE,20,elitize_generation_data,153,7,0.045,NA
155,97,checksum,tourney,FALSE,20,elitize_generation_data,154,9,0.041,NA
156,97,checksum,tourney,FALSE,20,elitize_generation_data,155,6,0.05,NA
157,97,checksum,tourney,FALSE,20,elitize_generation_data,156,9,0.042,NA
158,97,checksum,tourney,FALSE,20,elitize_generation_data,157,7,0.041,NA
159,97,checksum,tourney,FALSE,20,elitize_generation_data,158,6,0.044,NA
160,97,checksum,tourney,FALSE,20,elitize_generation_data,159,7,0.047,NA
161,97,checksum,tourney,FALSE,20,elitize_generation_data,160,7,0.047,NA
162,97,checksum,tourney,FALSE,20,elitize_generation_data,161,8,0.044,NA
163,97,checksum,tourney,FALSE,20,elitize_generation_data,162,4,0.048,NA
164,97,checksum,tourney,FALSE,20,elitize_generation_data,163,6,0.053,NA
165,97,checksum,tourney,FALSE,20,elitize_generation_data,164,6,0.049,NA
166,97,checksum,tourney,FALSE,20,elitize_generation_data,165,5,0.05,NA
167,97,checksum,tourney,FALSE,20,elitize_generation_data,166,5,0.054,NA
168,97,checksum,tourney,FALSE,20,elitize_generation_data,167,6,0.046,NA
169,97,checksum,tourney,FALSE,20,elitize_generation_data,168,8,0.043,NA
170,97,checksum,tourney,FALSE,20,elitize_generation_data,169,6,0.043,NA
171,97,checksum,tourney,FALSE,20,elitize_generation_data,170,4,0.054,NA
172,97,checksum,tourney,FALSE,20,elitize_generation_data,171,8,0.046,NA
173,97,checksum,tourney,FALSE,20,elitize_generation_data,172,6,0.052,NA
174,97,checksum,tourney,FALSE,20,elitize_generation_data,173,6,0.053,NA
175,97,checksum,tourney,FALSE,20,elitize_generation_data,174,7,0.046,NA
176,97,checksum,tourney,FALSE,20,elitize_generation_data,175,8,0.05,NA
177,97,checksum,tourney,FALSE,20,elitize_generation_data,176,5,0.045,NA
178,97,checksum,tourney,FALSE,20,elitize_generation_data,177,6,0.048,NA
179,97,checksum,tourney,FALSE,20,elitize_generation_data,178,7,0.043,NA
180,97,checksum,tourney,FALSE,20,elitize_generation_data,179,5,0.042,NA
181,97,checksum,tourney,FALSE,20,elitize_generation_data,180,6,0.037,NA
182,97,checksum,tourney,FALSE,20,elitize_generation_data,181,5,0.046,NA
183,97,checksum,tourney,FALSE,20,elitize_generation_data,182,7,0.05,NA
184,97,checksum,tourney,FALSE,20,elitize_generation_data,183,8,0.04,NA
185,97,checksum,tourney,FALSE,20,elitize_generation_data,184,7,0.039,NA
186,97,checksum,tourney,FALSE,20,elitize_generation_data,185,8,0.036,NA
187,97,checksum,tourney,FALSE,20,elitize_generation_data,186,8,0.043,NA
188,97,checksum,tourney,FALSE,20,elitize_generation_data,187,8,0.038,NA
189,97,checksum,tourney,FALSE,20,elitize_generation_data,188,8,0.045,NA
190,97,checksum,tourney,FALSE,20,elitize_generation_data,189,5,0.043,NA
191,97,checksum,tourney,FALSE,20,elitize_generation_data,190,8,0.05,NA
192,97,checksum,tourney,FALSE,20,elitize_generation_data,191,9,0.041,NA
193,97,checksum,tourney,FALSE,20,elitize_generation_data,192,6,0.042,NA
194,97,checksum,tourney,FALSE,20,elitize_generation_data,193,5,0.039,NA
195,97,checksum,tourney,FALSE,20,elitize_generation_data,194,8,0.037,NA
196,97,checksum,tourney,FALSE,20,elitize_generation_data,195,7,0.042,NA
197,97,checksum,tourney,FALSE,20,elitize_generation_data,196,7,0.044,NA
198,97,checksum,tourney,FALSE,20,elitize_generation_data,197,5,0.045,NA
199,97,checksum,tourney,FALSE,20,elitize_generation_data,198,7,0.041,NA
200,97,checksum,tourney,FALSE,20,elitize_generation_data,199,8,0.038,NA
201,97,checksum,tourney,FALSE,20,elitize_generation_data,200,7,0.038,NA
202,97,checksum,tourney,FALSE,20,elitize_generation_data,201,7,0.038,NA
203,97,checksum,tourney,FALSE,20,elitize_generation_data,202,9,0.039,NA
204,97,checksum,tourney,FALSE,20,elitize_generation_data,203,7,0.04,NA
205,97,checksum,tourney,FALSE,20,elitize_generation_data,204,6,0.039,NA
206,97,checksum,tourney,FALSE,20,elitize_generation_data,205,8,0.038,NA
207,97,checksum,tourney,FALSE,20,elitize_generation_data,206,8,0.039,NA
208,97,checksum,tourney,FALSE,20,elitize_generation_data,207,8,0.04,NA
209,97,checksum,tourney,FALSE,20,elitize_generation_data,208,8,0.034,NA
210,97,checksum,tourney,FALSE,20,elitize_generation_data,209,5,0.043,NA
211,97,checksum,tourney,FALSE,20,elitize_generation_data,210,8,0.039,NA
212,97,checksum,tourney,FALSE,20,elitize_generation_data,211,8,0.042,NA
213,97,checksum,tourney,FALSE,20,elitize_generation_data,212,7,0.036,NA
214,97,checksum,tourney,FALSE,20,elitize_generation_data,213,6,0.041,NA
215,97,checksum,tourney,FALSE,20,elitize_generation_data,214,8,0.048,NA
216,97,checksum,tourney,FALSE,20,elitize_generation_data,215,8,0.031,NA
217,97,checksum,tourney,FALSE,20,elitize_generation_data,216,10,0.044,NA
218,97,checksum,tourney,FALSE,20,elitize_generation_data,217,7,0.039,NA
219,97,checksum,tourney,FALSE,20,elitize_generation_data,218,7,0.039,NA
220,97,checksum,tourney,FALSE,20,elitize_generation_data,219,8,0.034,NA
221,97,checksum,tourney,FALSE,20,elitize_generation_data,220,7,0.036,NA
222,97,checksum,tourney,FALSE,20,elitize_generation_data,221,6,0.036,NA
223,97,checksum,tourney,FALSE,20,elitize_generation_data,222,6,0.037,NA
224,97,checksum,tourney,FALSE,20,elitize_generation_data,223,4,0.043,NA
225,97,checksum,tourney,FALSE,20,elitize_generation_data,224,9,0.039,NA
226,97,checksum,tourney,FALSE,20,elitize_generation_data,225,7,0.03,NA
227,97,checksum,tourney,FALSE,20,elitize_generation_data,226,9,0.039,NA
228,97,checksum,tourney,FALSE,20,elitize_generation_data,227,7,0.035,NA
229,97,checksum,tourney,FALSE,20,elitize_generation_data,228,7,0.038,NA
230,97,checksum,tourney,FALSE,20,elitize_generation_data,229,7,0.037,NA
231,97,checksum,tourney,FALSE,20,elitize_generation_data,230,8,0.03,NA
232,97,checksum,tourney,FALSE,20,elitize_generation_data,231,8,0.037,NA
233,97,checksum,tourney,FALSE,20,elitize_generation_data,232,7,0.034,NA
234,97,checksum,tourney,FALSE,20,elitize_generation_data,233,6,0.042,NA
235,97,checksum,tourney,FALSE,20,elitize_generation_data,234,8,0.035,NA
236,97,checksum,tourney,FALSE,20,elitize_generation_data,235,8,0.042,NA
237,97,checksum,tourney,FALSE,20,elitize_generation_data,236,7,0.031,NA
238,97,checksum,tourney,FALSE,20,elitize_generation_data,237,8,0.036,NA
239,97,checksum,tourney,FALSE,20,elitize_generation_data,238,7,0.032,NA
240,97,checksum,tourney,FALSE,20,elitize_generation_data,239,7,0.035,NA
241,97,checksum,tourney,FALSE,20,elitize_generation_data,240,8,0.032,NA
242,97,checksum,tourney,FALSE,20,elitize_generation_data,241,8,0.039,NA
243,97,checksum,tourney,FALSE,20,elitize_generation_data,242,6,0.035,NA
244,97,checksum,tourney,FALSE,20,elitize_generation_data,243,8,0.037,NA
245,97,checksum,tourney,FALSE,20,elitize_generation_data,244,6,0.04,NA
246,97,checksum,tourney,FALSE,20,elitize_generation_data,245,8,0.033,NA
247,97,checksum,tourney,FALSE,20,elitize_generation_data,246,7,0.04,NA
248,97,checksum,tourney,FALSE,20,elitize_generation_data,247,8,0.036,NA
249,97,checksum,tourney,FALSE,20,elitize_generation_data,248,8,0.03,NA
250,97,checksum,tourney,FALSE,20,elitize_generation_data,249,6,0.035,NA
251,97,checksum,tourney,FALSE,20,elitize_generation_data,250,7,0.043,NA
252,97,checksum,tourney,FALSE,20,elitize_generation_data,251,6,0.04,NA
253,97,checksum,tourney,FALSE,20,elitize_generation_data,252,8,0.039,NA
254,97,checksum,tourney,FALSE,20,elitize_generation_data,253,6,0.037,NA
255,97,checksum,tourney,FALSE,20,elitize_generation_data,254,7,0.036,NA
256,97,checksum,tourney,FALSE,20,elitize_generation_data,255,7,0.038,NA
257,97,checksum,tourney,FALSE,20,elitize_generation_data,256,8,0.032,NA
258,97,checksum,tourney,FALSE,20,elitize_generation_data,257,8,0.035,NA
259,97,checksum,tourney,FALSE,20,elitize_generation_data,258,8,0.041,NA
260,97,checksum,tourney,FALSE,20,elitize_generation_data,259,7,0.034,NA
261,97,checksum,tourney,FALSE,20,elitize_generation_data,260,9,0.031,NA
262,97,checksum,tourney,FALSE,20,elitize_generation_data,261,5,0.037,NA
263,97,checksum,tourney,FALSE,20,elitize_generation_data,262,6,0.035,NA
264,97,checksum,tourney,FALSE,20,elitize_generation_data,263,6,0.034,NA
265,97,checksum,tourney,FALSE,20,elitize_generation_data,264,5,0.032,NA
266,97,checksum,tourney,FALSE,20,elitize_generation_data,265,8,0.04,NA
267,97,checksum,tourney,FALSE,20,elitize_generation_data,266,7,0.029,NA
268,97,checksum,tourney,FALSE,20,elitize_generation_data,267,7,0.04,NA
269,97,checksum,tourney,FALSE,20,elitize_generation_data,268,7,0.04,NA
270,97,checksum,tourney,FALSE,20,elitize_generation_data,269,7,0.027,NA
271,97,checksum,tourney,FALSE,20,elitize_generation_data,270,7,0.031,NA
272,97,checksum,tourney,FALSE,20,elitize_generation_data,271,6,0.031,NA
273,97,checksum,tourney,FALSE,20,elitize_generation_data,272,8,0.031,NA
274,97,checksum,tourney,FALSE,20,elitize_generation_data,273,7,0.036,NA
275,97,checksum,tourney,FALSE,20,elitize_generation_data,274,7,0.038,NA
276,97,checksum,tourney,FALSE,20,elitize_generation_data,275,7,0.032,NA
277,97,checksum,tourney,FALSE,20,elitize_generation_data,276,8,0.04,NA
278,97,checksum,tourney,FALSE,20,elitize_generation_data,277,7,0.036,NA
279,97,checksum,tourney,FALSE,20,elitize_generation_data,278,7,0.04,NA
280,97,checksum,tourney,FALSE,20,elitize_generation_data,279,7,0.037,NA
281,97,checksum,tourney,FALSE,20,elitize_generation_data,280,9,0.028,NA
282,97,checksum,tourney,FALSE,20,elitize_generation_data,281,8,0.03,NA
283,97,checksum,tourney,FALSE,20,elitize_generation_data,282,8,0.034,NA
284,97,checksum,tourney,FALSE,20,elitize_generation_data,283,5,0.04,NA
285,97,checksum,tourney,FALSE,20,elitize_generation_data,284,8,0.037,NA
286,97,checksum,tourney,FALSE,20,elitize_generation_data,285,7,0.032,NA
287,97,checksum,tourney,FALSE,20,elitize_generation_data,286,7,0.044,NA
288,97,checksum,tourney,FALSE,20,elitize_generation_data,287,8,0.033,NA
289,97,checksum,tourney,FALSE,20,elitize_generation_data,288,9,0.03,NA
290,97,checksum,tourney,FALSE,20,elitize_generation_data,289,6,0.034,NA
291,97,checksum,tourney,FALSE,20,elitize_generation_data,290,8,0.033,NA
292,97,checksum,tourney,FALSE,20,elitize_generation_data,291,9,0.03,NA
293,97,checksum,tourney,FALSE,20,elitize_generation_data,292,9,0.039,NA
294,97,checksum,tourney,FALSE,20,elitize_generation_data,293,5,0.038,NA
295,97,checksum,tourney,FALSE,20,elitize_generation_data,294,9,0.038,NA
296,97,checksum,tourney,FALSE,20,elitize_generation_data,295,7,0.039,NA
297,97,checksum,tourney,FALSE,20,elitize_generation_data,296,4,0.038,NA
298,97,checksum,tourney,FALSE,20,elitize_generation_data,297,7,0.035,NA
299,97,checksum,tourney,FALSE,20,elitize_generation_data,298,7,0.033,NA
300,97,checksum,tourney,FALSE,20,elitize_generation_data,299,7,0.037,NA
301,97,checksum,tourney,FALSE,20,elitize_generation_data,300,9,0.032,NA
