,run.num,problem,treatment,succeeded,height,normalization.function,generation,cluster.count,error.diversity,success.generation
1,4,checksum,tourney,FALSE,20,elitize_generation_data,0,2,0.318,NA
2,4,checksum,tourney,FALSE,20,elitize_generation_data,1,2,0.251,NA
3,4,checksum,tourney,FALSE,20,elitize_generation_data,2,3,0.131,NA
4,4,checksum,tourney,FALSE,20,elitize_generation_data,3,3,0.132,NA
5,4,checksum,tourney,FALSE,20,elitize_generation_data,4,3,0.138,NA
6,4,checksum,tourney,FALSE,20,elitize_generation_data,5,4,0.119,NA
7,4,checksum,tourney,FALSE,20,elitize_generation_data,6,5,0.073,NA
8,4,checksum,tourney,FALSE,20,elitize_generation_data,7,5,0.065,NA
9,4,checksum,tourney,FALSE,20,elitize_generation_data,8,5,0.063,NA
10,4,checksum,tourney,FALSE,20,elitize_generation_data,9,5,0.068,NA
11,4,checksum,tourney,FALSE,20,elitize_generation_data,10,4,0.06,NA
12,4,checksum,tourney,FALSE,20,elitize_generation_data,11,6,0.05,NA
13,4,checksum,tourney,FALSE,20,elitize_generation_data,12,7,0.042,NA
14,4,checksum,tourney,FALSE,20,elitize_generation_data,13,5,0.037,NA
15,4,checksum,tourney,FALSE,20,elitize_generation_data,14,6,0.042,NA
16,4,checksum,tourney,FALSE,20,elitize_generation_data,15,5,0.04,NA
17,4,checksum,tourney,FALSE,20,elitize_generation_data,16,6,0.037,NA
18,4,checksum,tourney,FALSE,20,elitize_generation_data,17,7,0.043,NA
19,4,checksum,tourney,FALSE,20,elitize_generation_data,18,7,0.038,NA
20,4,checksum,tourney,FALSE,20,elitize_generation_data,19,6,0.043,NA
21,4,checksum,tourney,FALSE,20,elitize_generation_data,20,7,0.039,NA
22,4,checksum,tourney,FALSE,20,elitize_generation_data,21,5,0.044,NA
23,4,checksum,tourney,FALSE,20,elitize_generation_data,22,4,0.037,NA
24,4,checksum,tourney,FALSE,20,elitize_generation_data,23,7,0.042,NA
25,4,checksum,tourney,FALSE,20,elitize_generation_data,24,6,0.044,NA
26,4,checksum,tourney,FALSE,20,elitize_generation_data,25,5,0.04,NA
27,4,checksum,tourney,FALSE,20,elitize_generation_data,26,6,0.036,NA
28,4,checksum,tourney,FALSE,20,elitize_generation_data,27,5,0.032,NA
29,4,checksum,tourney,FALSE,20,elitize_generation_data,28,6,0.041,NA
30,4,checksum,tourney,FALSE,20,elitize_generation_data,29,6,0.042,NA
31,4,checksum,tourney,FALSE,20,elitize_generation_data,30,7,0.036,NA
32,4,checksum,tourney,FALSE,20,elitize_generation_data,31,4,0.043,NA
33,4,checksum,tourney,FALSE,20,elitize_generation_data,32,4,0.036,NA
34,4,checksum,tourney,FALSE,20,elitize_generation_data,33,4,0.042,NA
35,4,checksum,tourney,FALSE,20,elitize_generation_data,34,6,0.04,NA
36,4,checksum,tourney,FALSE,20,elitize_generation_data,35,6,0.038,NA
37,4,checksum,tourney,FALSE,20,elitize_generation_data,36,6,0.035,NA
38,4,checksum,tourney,FALSE,20,elitize_generation_data,37,4,0.043,NA
39,4,checksum,tourney,FALSE,20,elitize_generation_data,38,5,0.042,NA
40,4,checksum,tourney,FALSE,20,elitize_generation_data,39,6,0.041,NA
41,4,checksum,tourney,FALSE,20,elitize_generation_data,40,6,0.041,NA
42,4,checksum,tourney,FALSE,20,elitize_generation_data,41,7,0.046,NA
43,4,checksum,tourney,FALSE,20,elitize_generation_data,42,7,0.031,NA
44,4,checksum,tourney,FALSE,20,elitize_generation_data,43,6,0.04,NA
45,4,checksum,tourney,FALSE,20,elitize_generation_data,44,5,0.039,NA
46,4,checksum,tourney,FALSE,20,elitize_generation_data,45,4,0.049,NA
47,4,checksum,tourney,FALSE,20,elitize_generation_data,46,4,0.044,NA
48,4,checksum,tourney,FALSE,20,elitize_generation_data,47,4,0.042,NA
49,4,checksum,tourney,FALSE,20,elitize_generation_data,48,4,0.041,NA
50,4,checksum,tourney,FALSE,20,elitize_generation_data,49,6,0.037,NA
51,4,checksum,tourney,FALSE,20,elitize_generation_data,50,6,0.037,NA
52,4,checksum,tourney,FALSE,20,elitize_generation_data,51,7,0.042,NA
53,4,checksum,tourney,FALSE,20,elitize_generation_data,52,5,0.043,NA
54,4,checksum,tourney,FALSE,20,elitize_generation_data,53,4,0.047,NA
55,4,checksum,tourney,FALSE,20,elitize_generation_data,54,4,0.043,NA
56,4,checksum,tourney,FALSE,20,elitize_generation_data,55,4,0.038,NA
57,4,checksum,tourney,FALSE,20,elitize_generation_data,56,6,0.034,NA
58,4,checksum,tourney,FALSE,20,elitize_generation_data,57,5,0.043,NA
59,4,checksum,tourney,FALSE,20,elitize_generation_data,58,7,0.046,NA
60,4,checksum,tourney,FALSE,20,elitize_generation_data,59,5,0.038,NA
61,4,checksum,tourney,FALSE,20,elitize_generation_data,60,4,0.038,NA
62,4,checksum,tourney,FALSE,20,elitize_generation_data,61,6,0.038,NA
63,4,checksum,tourney,FALSE,20,elitize_generation_data,62,7,0.043,NA
64,4,checksum,tourney,FALSE,20,elitize_generation_data,63,6,0.034,NA
65,4,checksum,tourney,FALSE,20,elitize_generation_data,64,6,0.046,NA
66,4,checksum,tourney,FALSE,20,elitize_generation_data,65,5,0.041,NA
67,4,checksum,tourney,FALSE,20,elitize_generation_data,66,6,0.044,NA
68,4,checksum,tourney,FALSE,20,elitize_generation_data,67,4,0.043,NA
69,4,checksum,tourney,FALSE,20,elitize_generation_data,68,5,0.041,NA
70,4,checksum,tourney,FALSE,20,elitize_generation_data,69,6,0.033,NA
71,4,checksum,tourney,FALSE,20,elitize_generation_data,70,7,0.036,NA
72,4,checksum,tourney,FALSE,20,elitize_generation_data,71,5,0.04,NA
73,4,checksum,tourney,FALSE,20,elitize_generation_data,72,7,0.038,NA
74,4,checksum,tourney,FALSE,20,elitize_generation_data,73,7,0.042,NA
75,4,checksum,tourney,FALSE,20,elitize_generation_data,74,5,0.037,NA
76,4,checksum,tourney,FALSE,20,elitize_generation_data,75,4,0.044,NA
77,4,checksum,tourney,FALSE,20,elitize_generation_data,76,7,0.036,NA
78,4,checksum,tourney,FALSE,20,elitize_generation_data,77,4,0.034,NA
79,4,checksum,tourney,FALSE,20,elitize_generation_data,78,5,0.045,NA
80,4,checksum,tourney,FALSE,20,elitize_generation_data,79,6,0.042,NA
81,4,checksum,tourney,FALSE,20,elitize_generation_data,80,4,0.035,NA
82,4,checksum,tourney,FALSE,20,elitize_generation_data,81,5,0.04,NA
83,4,checksum,tourney,FALSE,20,elitize_generation_data,82,6,0.038,NA
84,4,checksum,tourney,FALSE,20,elitize_generation_data,83,6,0.037,NA
85,4,checksum,tourney,FALSE,20,elitize_generation_data,84,4,0.037,NA
86,4,checksum,tourney,FALSE,20,elitize_generation_data,85,6,0.036,NA
87,4,checksum,tourney,FALSE,20,elitize_generation_data,86,4,0.035,NA
88,4,checksum,tourney,FALSE,20,elitize_generation_data,87,6,0.04,NA
89,4,checksum,tourney,FALSE,20,elitize_generation_data,88,6,0.047,NA
90,4,checksum,tourney,FALSE,20,elitize_generation_data,89,5,0.038,NA
91,4,checksum,tourney,FALSE,20,elitize_generation_data,90,4,0.041,NA
92,4,checksum,tourney,FALSE,20,elitize_generation_data,91,4,0.044,NA
93,4,checksum,tourney,FALSE,20,elitize_generation_data,92,5,0.039,NA
94,4,checksum,tourney,FALSE,20,elitize_generation_data,93,7,0.037,NA
95,4,checksum,tourney,FALSE,20,elitize_generation_data,94,4,0.045,NA
96,4,checksum,tourney,FALSE,20,elitize_generation_data,95,4,0.038,NA
97,4,checksum,tourney,FALSE,20,elitize_generation_data,96,6,0.035,NA
98,4,checksum,tourney,FALSE,20,elitize_generation_data,97,4,0.038,NA
99,4,checksum,tourney,FALSE,20,elitize_generation_data,98,4,0.037,NA
100,4,checksum,tourney,FALSE,20,elitize_generation_data,99,7,0.044,NA
101,4,checksum,tourney,FALSE,20,elitize_generation_data,100,6,0.037,NA
102,4,checksum,tourney,FALSE,20,elitize_generation_data,101,6,0.033,NA
103,4,checksum,tourney,FALSE,20,elitize_generation_data,102,5,0.038,NA
104,4,checksum,tourney,FALSE,20,elitize_generation_data,103,4,0.038,NA
105,4,checksum,tourney,FALSE,20,elitize_generation_data,104,4,0.046,NA
106,4,checksum,tourney,FALSE,20,elitize_generation_data,105,6,0.042,NA
107,4,checksum,tourney,FALSE,20,elitize_generation_data,106,5,0.04,NA
108,4,checksum,tourney,FALSE,20,elitize_generation_data,107,7,0.033,NA
109,4,checksum,tourney,FALSE,20,elitize_generation_data,108,7,0.044,NA
110,4,checksum,tourney,FALSE,20,elitize_generation_data,109,6,0.043,NA
111,4,checksum,tourney,FALSE,20,elitize_generation_data,110,6,0.037,NA
112,4,checksum,tourney,FALSE,20,elitize_generation_data,111,6,0.042,NA
113,4,checksum,tourney,FALSE,20,elitize_generation_data,112,5,0.041,NA
114,4,checksum,tourney,FALSE,20,elitize_generation_data,113,7,0.041,NA
115,4,checksum,tourney,FALSE,20,elitize_generation_data,114,7,0.042,NA
116,4,checksum,tourney,FALSE,20,elitize_generation_data,115,6,0.041,NA
117,4,checksum,tourney,FALSE,20,elitize_generation_data,116,6,0.032,NA
118,4,checksum,tourney,FALSE,20,elitize_generation_data,117,4,0.04,NA
119,4,checksum,tourney,FALSE,20,elitize_generation_data,118,4,0.043,NA
120,4,checksum,tourney,FALSE,20,elitize_generation_data,119,6,0.042,NA
121,4,checksum,tourney,FALSE,20,elitize_generation_data,120,7,0.038,NA
122,4,checksum,tourney,FALSE,20,elitize_generation_data,121,5,0.038,NA
123,4,checksum,tourney,FALSE,20,elitize_generation_data,122,6,0.038,NA
124,4,checksum,tourney,FALSE,20,elitize_generation_data,123,6,0.043,NA
125,4,checksum,tourney,FALSE,20,elitize_generation_data,124,6,0.033,NA
126,4,checksum,tourney,FALSE,20,elitize_generation_data,125,4,0.03,NA
127,4,checksum,tourney,FALSE,20,elitize_generation_data,126,5,0.035,NA
128,4,checksum,tourney,FALSE,20,elitize_generation_data,127,6,0.037,NA
129,4,checksum,tourney,FALSE,20,elitize_generation_data,128,5,0.035,NA
130,4,checksum,tourney,FALSE,20,elitize_generation_data,129,7,0.036,NA
131,4,checksum,tourney,FALSE,20,elitize_generation_data,130,4,0.045,NA
132,4,checksum,tourney,FALSE,20,elitize_generation_data,131,7,0.043,NA
133,4,checksum,tourney,FALSE,20,elitize_generation_data,132,5,0.044,NA
134,4,checksum,tourney,FALSE,20,elitize_generation_data,133,6,0.04,NA
135,4,checksum,tourney,FALSE,20,elitize_generation_data,134,4,0.035,NA
136,4,checksum,tourney,FALSE,20,elitize_generation_data,135,6,0.038,NA
137,4,checksum,tourney,FALSE,20,elitize_generation_data,136,5,0.034,NA
138,4,checksum,tourney,FALSE,20,elitize_generation_data,137,4,0.041,NA
139,4,checksum,tourney,FALSE,20,elitize_generation_data,138,7,0.035,NA
140,4,checksum,tourney,FALSE,20,elitize_generation_data,139,7,0.039,NA
141,4,checksum,tourney,FALSE,20,elitize_generation_data,140,6,0.035,NA
142,4,checksum,tourney,FALSE,20,elitize_generation_data,141,7,0.041,NA
143,4,checksum,tourney,FALSE,20,elitize_generation_data,142,4,0.035,NA
144,4,checksum,tourney,FALSE,20,elitize_generation_data,143,5,0.042,NA
145,4,checksum,tourney,FALSE,20,elitize_generation_data,144,4,0.038,NA
146,4,checksum,tourney,FALSE,20,elitize_generation_data,145,5,0.044,NA
147,4,checksum,tourney,FALSE,20,elitize_generation_data,146,5,0.031,NA
148,4,checksum,tourney,FALSE,20,elitize_generation_data,147,6,0.039,NA
149,4,checksum,tourney,FALSE,20,elitize_generation_data,148,4,0.042,NA
150,4,checksum,tourney,FALSE,20,elitize_generation_data,149,4,0.04,NA
151,4,checksum,tourney,FALSE,20,elitize_generation_data,150,5,0.036,NA
152,4,checksum,tourney,FALSE,20,elitize_generation_data,151,4,0.042,NA
153,4,checksum,tourney,FALSE,20,elitize_generation_data,152,5,0.032,NA
154,4,checksum,tourney,FALSE,20,elitize_generation_data,153,6,0.036,NA
155,4,checksum,tourney,FALSE,20,elitize_generation_data,154,5,0.038,NA
156,4,checksum,tourney,FALSE,20,elitize_generation_data,155,6,0.033,NA
157,4,checksum,tourney,FALSE,20,elitize_generation_data,156,5,0.044,NA
158,4,checksum,tourney,FALSE,20,elitize_generation_data,157,5,0.035,NA
159,4,checksum,tourney,FALSE,20,elitize_generation_data,158,5,0.036,NA
160,4,checksum,tourney,FALSE,20,elitize_generation_data,159,5,0.046,NA
161,4,checksum,tourney,FALSE,20,elitize_generation_data,160,4,0.042,NA
162,4,checksum,tourney,FALSE,20,elitize_generation_data,161,5,0.035,NA
163,4,checksum,tourney,FALSE,20,elitize_generation_data,162,5,0.043,NA
164,4,checksum,tourney,FALSE,20,elitize_generation_data,163,6,0.038,NA
165,4,checksum,tourney,FALSE,20,elitize_generation_data,164,4,0.044,NA
166,4,checksum,tourney,FALSE,20,elitize_generation_data,165,5,0.032,NA
167,4,checksum,tourney,FALSE,20,elitize_generation_data,166,5,0.038,NA
168,4,checksum,tourney,FALSE,20,elitize_generation_data,167,6,0.036,NA
169,4,checksum,tourney,FALSE,20,elitize_generation_data,168,6,0.041,NA
170,4,checksum,tourney,FALSE,20,elitize_generation_data,169,7,0.042,NA
171,4,checksum,tourney,FALSE,20,elitize_generation_data,170,7,0.045,NA
172,4,checksum,tourney,FALSE,20,elitize_generation_data,171,5,0.035,NA
173,4,checksum,tourney,FALSE,20,elitize_generation_data,172,6,0.034,NA
174,4,checksum,tourney,FALSE,20,elitize_generation_data,173,6,0.038,NA
175,4,checksum,tourney,FALSE,20,elitize_generation_data,174,7,0.036,NA
176,4,checksum,tourney,FALSE,20,elitize_generation_data,175,7,0.037,NA
177,4,checksum,tourney,FALSE,20,elitize_generation_data,176,5,0.039,NA
178,4,checksum,tourney,FALSE,20,elitize_generation_data,177,4,0.039,NA
179,4,checksum,tourney,FALSE,20,elitize_generation_data,178,4,0.041,NA
180,4,checksum,tourney,FALSE,20,elitize_generation_data,179,5,0.035,NA
181,4,checksum,tourney,FALSE,20,elitize_generation_data,180,6,0.036,NA
182,4,checksum,tourney,FALSE,20,elitize_generation_data,181,6,0.034,NA
183,4,checksum,tourney,FALSE,20,elitize_generation_data,182,6,0.034,NA
184,4,checksum,tourney,FALSE,20,elitize_generation_data,183,6,0.042,NA
185,4,checksum,tourney,FALSE,20,elitize_generation_data,184,4,0.035,NA
186,4,checksum,tourney,FALSE,20,elitize_generation_data,185,4,0.042,NA
187,4,checksum,tourney,FALSE,20,elitize_generation_data,186,6,0.035,NA
188,4,checksum,tourney,FALSE,20,elitize_generation_data,187,7,0.038,NA
189,4,checksum,tourney,FALSE,20,elitize_generation_data,188,5,0.034,NA
190,4,checksum,tourney,FALSE,20,elitize_generation_data,189,5,0.034,NA
191,4,checksum,tourney,FALSE,20,elitize_generation_data,190,7,0.04,NA
192,4,checksum,tourney,FALSE,20,elitize_generation_data,191,6,0.034,NA
193,4,checksum,tourney,FALSE,20,elitize_generation_data,192,6,0.034,NA
194,4,checksum,tourney,FALSE,20,elitize_generation_data,193,7,0.034,NA
195,4,checksum,tourney,FALSE,20,elitize_generation_data,194,5,0.035,NA
196,4,checksum,tourney,FALSE,20,elitize_generation_data,195,5,0.035,NA
197,4,checksum,tourney,FALSE,20,elitize_generation_data,196,6,0.045,NA
198,4,checksum,tourney,FALSE,20,elitize_generation_data,197,6,0.036,NA
199,4,checksum,tourney,FALSE,20,elitize_generation_data,198,5,0.04,NA
200,4,checksum,tourney,FALSE,20,elitize_generation_data,199,5,0.043,NA
201,4,checksum,tourney,FALSE,20,elitize_generation_data,200,5,0.035,NA
202,4,checksum,tourney,FALSE,20,elitize_generation_data,201,4,0.038,NA
203,4,checksum,tourney,FALSE,20,elitize_generation_data,202,4,0.034,NA
204,4,checksum,tourney,FALSE,20,elitize_generation_data,203,5,0.036,NA
205,4,checksum,tourney,FALSE,20,elitize_generation_data,204,7,0.035,NA
206,4,checksum,tourney,FALSE,20,elitize_generation_data,205,5,0.042,NA
207,4,checksum,tourney,FALSE,20,elitize_generation_data,206,4,0.03,NA
208,4,checksum,tourney,FALSE,20,elitize_generation_data,207,4,0.041,NA
209,4,checksum,tourney,FALSE,20,elitize_generation_data,208,7,0.039,NA
210,4,checksum,tourney,FALSE,20,elitize_generation_data,209,4,0.031,NA
211,4,checksum,tourney,FALSE,20,elitize_generation_data,210,6,0.033,NA
212,4,checksum,tourney,FALSE,20,elitize_generation_data,211,7,0.035,NA
213,4,checksum,tourney,FALSE,20,elitize_generation_data,212,4,0.04,NA
214,4,checksum,tourney,FALSE,20,elitize_generation_data,213,5,0.034,NA
215,4,checksum,tourney,FALSE,20,elitize_generation_data,214,6,0.042,NA
216,4,checksum,tourney,FALSE,20,elitize_generation_data,215,4,0.037,NA
217,4,checksum,tourney,FALSE,20,elitize_generation_data,216,6,0.035,NA
218,4,checksum,tourney,FALSE,20,elitize_generation_data,217,5,0.048,NA
219,4,checksum,tourney,FALSE,20,elitize_generation_data,218,6,0.031,NA
220,4,checksum,tourney,FALSE,20,elitize_generation_data,219,6,0.046,NA
221,4,checksum,tourney,FALSE,20,elitize_generation_data,220,4,0.04,NA
222,4,checksum,tourney,FALSE,20,elitize_generation_data,221,7,0.041,NA
223,4,checksum,tourney,FALSE,20,elitize_generation_data,222,6,0.037,NA
224,4,checksum,tourney,FALSE,20,elitize_generation_data,223,4,0.034,NA
225,4,checksum,tourney,FALSE,20,elitize_generation_data,224,5,0.036,NA
226,4,checksum,tourney,FALSE,20,elitize_generation_data,225,6,0.047,NA
227,4,checksum,tourney,FALSE,20,elitize_generation_data,226,6,0.034,NA
228,4,checksum,tourney,FALSE,20,elitize_generation_data,227,6,0.03,NA
229,4,checksum,tourney,FALSE,20,elitize_generation_data,228,4,0.044,NA
230,4,checksum,tourney,FALSE,20,elitize_generation_data,229,7,0.038,NA
231,4,checksum,tourney,FALSE,20,elitize_generation_data,230,4,0.038,NA
232,4,checksum,tourney,FALSE,20,elitize_generation_data,231,5,0.042,NA
233,4,checksum,tourney,FALSE,20,elitize_generation_data,232,7,0.041,NA
234,4,checksum,tourney,FALSE,20,elitize_generation_data,233,6,0.027,NA
235,4,checksum,tourney,FALSE,20,elitize_generation_data,234,8,0.034,NA
236,4,checksum,tourney,FALSE,20,elitize_generation_data,235,4,0.036,NA
237,4,checksum,tourney,FALSE,20,elitize_generation_data,236,4,0.036,NA
238,4,checksum,tourney,FALSE,20,elitize_generation_data,237,6,0.029,NA
239,4,checksum,tourney,FALSE,20,elitize_generation_data,238,6,0.032,NA
240,4,checksum,tourney,FALSE,20,elitize_generation_data,239,5,0.041,NA
241,4,checksum,tourney,FALSE,20,elitize_generation_data,240,5,0.034,NA
242,4,checksum,tourney,FALSE,20,elitize_generation_data,241,4,0.033,NA
243,4,checksum,tourney,FALSE,20,elitize_generation_data,242,7,0.036,NA
244,4,checksum,tourney,FALSE,20,elitize_generation_data,243,5,0.038,NA
245,4,checksum,tourney,FALSE,20,elitize_generation_data,244,4,0.041,NA
246,4,checksum,tourney,FALSE,20,elitize_generation_data,245,7,0.038,NA
247,4,checksum,tourney,FALSE,20,elitize_generation_data,246,5,0.039,NA
248,4,checksum,tourney,FALSE,20,elitize_generation_data,247,6,0.039,NA
249,4,checksum,tourney,FALSE,20,elitize_generation_data,248,6,0.037,NA
250,4,checksum,tourney,FALSE,20,elitize_generation_data,249,4,0.038,NA
251,4,checksum,tourney,FALSE,20,elitize_generation_data,250,5,0.044,NA
252,4,checksum,tourney,FALSE,20,elitize_generation_data,251,4,0.03,NA
253,4,checksum,tourney,FALSE,20,elitize_generation_data,252,5,0.031,NA
254,4,checksum,tourney,FALSE,20,elitize_generation_data,253,5,0.04,NA
255,4,checksum,tourney,FALSE,20,elitize_generation_data,254,5,0.031,NA
256,4,checksum,tourney,FALSE,20,elitize_generation_data,255,5,0.041,NA
257,4,checksum,tourney,FALSE,20,elitize_generation_data,256,6,0.034,NA
258,4,checksum,tourney,FALSE,20,elitize_generation_data,257,5,0.039,NA
259,4,checksum,tourney,FALSE,20,elitize_generation_data,258,5,0.037,NA
260,4,checksum,tourney,FALSE,20,elitize_generation_data,259,7,0.044,NA
261,4,checksum,tourney,FALSE,20,elitize_generation_data,260,5,0.035,NA
262,4,checksum,tourney,FALSE,20,elitize_generation_data,261,6,0.035,NA
263,4,checksum,tourney,FALSE,20,elitize_generation_data,262,7,0.041,NA
264,4,checksum,tourney,FALSE,20,elitize_generation_data,263,5,0.034,NA
265,4,checksum,tourney,FALSE,20,elitize_generation_data,264,5,0.04,NA
266,4,checksum,tourney,FALSE,20,elitize_generation_data,265,5,0.039,NA
267,4,checksum,tourney,FALSE,20,elitize_generation_data,266,5,0.031,NA
268,4,checksum,tourney,FALSE,20,elitize_generation_data,267,4,0.044,NA
269,4,checksum,tourney,FALSE,20,elitize_generation_data,268,6,0.036,NA
270,4,checksum,tourney,FALSE,20,elitize_generation_data,269,7,0.04,NA
271,4,checksum,tourney,FALSE,20,elitize_generation_data,270,4,0.042,NA
272,4,checksum,tourney,FALSE,20,elitize_generation_data,271,5,0.043,NA
273,4,checksum,tourney,FALSE,20,elitize_generation_data,272,4,0.034,NA
274,4,checksum,tourney,FALSE,20,elitize_generation_data,273,5,0.038,NA
275,4,checksum,tourney,FALSE,20,elitize_generation_data,274,5,0.033,NA
276,4,checksum,tourney,FALSE,20,elitize_generation_data,275,6,0.035,NA
277,4,checksum,tourney,FALSE,20,elitize_generation_data,276,4,0.038,NA
278,4,checksum,tourney,FALSE,20,elitize_generation_data,277,5,0.037,NA
279,4,checksum,tourney,FALSE,20,elitize_generation_data,278,6,0.036,NA
280,4,checksum,tourney,FALSE,20,elitize_generation_data,279,6,0.037,NA
281,4,checksum,tourney,FALSE,20,elitize_generation_data,280,6,0.039,NA
282,4,checksum,tourney,FALSE,20,elitize_generation_data,281,7,0.036,NA
283,4,checksum,tourney,FALSE,20,elitize_generation_data,282,5,0.037,NA
284,4,checksum,tourney,FALSE,20,elitize_generation_data,283,6,0.035,NA
285,4,checksum,tourney,FALSE,20,elitize_generation_data,284,7,0.039,NA
286,4,checksum,tourney,FALSE,20,elitize_generation_data,285,5,0.033,NA
287,4,checksum,tourney,FALSE,20,elitize_generation_data,286,6,0.039,NA
288,4,checksum,tourney,FALSE,20,elitize_generation_data,287,4,0.039,NA
289,4,checksum,tourney,FALSE,20,elitize_generation_data,288,7,0.035,NA
290,4,checksum,tourney,FALSE,20,elitize_generation_data,289,5,0.03,NA
291,4,checksum,tourney,FALSE,20,elitize_generation_data,290,7,0.034,NA
292,4,checksum,tourney,FALSE,20,elitize_generation_data,291,7,0.04,NA
293,4,checksum,tourney,FALSE,20,elitize_generation_data,292,7,0.042,NA
294,4,checksum,tourney,FALSE,20,elitize_generation_data,293,5,0.035,NA
295,4,checksum,tourney,FALSE,20,elitize_generation_data,294,5,0.039,NA
296,4,checksum,tourney,FALSE,20,elitize_generation_data,295,5,0.039,NA
297,4,checksum,tourney,FALSE,20,elitize_generation_data,296,5,0.031,NA
298,4,checksum,tourney,FALSE,20,elitize_generation_data,297,7,0.039,NA
299,4,checksum,tourney,FALSE,20,elitize_generation_data,298,5,0.035,NA
300,4,checksum,tourney,FALSE,20,elitize_generation_data,299,6,0.035,NA
301,4,checksum,tourney,FALSE,20,elitize_generation_data,300,6,0.038,NA
