,run.num,problem,treatment,succeeded,height,normalization.function,generation,cluster.count,error.diversity,success.generation
1,21,checksum,tourney,FALSE,20,elitize_generation_data,0,2,0.319,NA
2,21,checksum,tourney,FALSE,20,elitize_generation_data,1,3,0.294,NA
3,21,checksum,tourney,FALSE,20,elitize_generation_data,2,2,0.19,NA
4,21,checksum,tourney,FALSE,20,elitize_generation_data,3,8,0.173,NA
5,21,checksum,tourney,FALSE,20,elitize_generation_data,4,13,0.199,NA
6,21,checksum,tourney,FALSE,20,elitize_generation_data,5,5,0.259,NA
7,21,checksum,tourney,FALSE,20,elitize_generation_data,6,4,0.138,NA
8,21,checksum,tourney,FALSE,20,elitize_generation_data,7,3,0.093,NA
9,21,checksum,tourney,FALSE,20,elitize_generation_data,8,4,0.08,NA
10,21,checksum,tourney,FALSE,20,elitize_generation_data,9,8,0.065,NA
11,21,checksum,tourney,FALSE,20,elitize_generation_data,10,5,0.066,NA
12,21,checksum,tourney,FALSE,20,elitize_generation_data,11,6,0.05,NA
13,21,checksum,tourney,FALSE,20,elitize_generation_data,12,7,0.051,NA
14,21,checksum,tourney,FALSE,20,elitize_generation_data,13,6,0.039,NA
15,21,checksum,tourney,FALSE,20,elitize_generation_data,14,5,0.04,NA
16,21,checksum,tourney,FALSE,20,elitize_generation_data,15,7,0.049,NA
17,21,checksum,tourney,FALSE,20,elitize_generation_data,16,5,0.034,NA
18,21,checksum,tourney,FALSE,20,elitize_generation_data,17,8,0.036,NA
19,21,checksum,tourney,FALSE,20,elitize_generation_data,18,7,0.051,NA
20,21,checksum,tourney,FALSE,20,elitize_generation_data,19,8,0.08,NA
21,21,checksum,tourney,FALSE,20,elitize_generation_data,20,9,0.098,NA
22,21,checksum,tourney,FALSE,20,elitize_generation_data,21,9,0.095,NA
23,21,checksum,tourney,FALSE,20,elitize_generation_data,22,7,0.092,NA
24,21,checksum,tourney,FALSE,20,elitize_generation_data,23,10,0.079,NA
25,21,checksum,tourney,FALSE,20,elitize_generation_data,24,9,0.086,NA
26,21,checksum,tourney,FALSE,20,elitize_generation_data,25,8,0.086,NA
27,21,checksum,tourney,FALSE,20,elitize_generation_data,26,7,0.081,NA
28,21,checksum,tourney,FALSE,20,elitize_generation_data,27,7,0.096,NA
29,21,checksum,tourney,FALSE,20,elitize_generation_data,28,8,0.09,NA
30,21,checksum,tourney,FALSE,20,elitize_generation_data,29,6,0.109,NA
31,21,checksum,tourney,FALSE,20,elitize_generation_data,30,7,0.116,NA
32,21,checksum,tourney,FALSE,20,elitize_generation_data,31,10,0.136,NA
33,21,checksum,tourney,FALSE,20,elitize_generation_data,32,8,0.154,NA
34,21,checksum,tourney,FALSE,20,elitize_generation_data,33,11,0.18,NA
35,21,checksum,tourney,FALSE,20,elitize_generation_data,34,12,0.183,NA
36,21,checksum,tourney,FALSE,20,elitize_generation_data,35,8,0.202,NA
37,21,checksum,tourney,FALSE,20,elitize_generation_data,36,15,0.205,NA
38,21,checksum,tourney,FALSE,20,elitize_generation_data,37,11,0.264,NA
39,21,checksum,tourney,FALSE,20,elitize_generation_data,38,9,0.236,NA
40,21,checksum,tourney,FALSE,20,elitize_generation_data,39,9,0.27,NA
41,21,checksum,tourney,FALSE,20,elitize_generation_data,40,12,0.3,NA
42,21,checksum,tourney,FALSE,20,elitize_generation_data,41,10,0.292,NA
43,21,checksum,tourney,FALSE,20,elitize_generation_data,42,15,0.292,NA
44,21,checksum,tourney,FALSE,20,elitize_generation_data,43,12,0.277,NA
45,21,checksum,tourney,FALSE,20,elitize_generation_data,44,11,0.256,NA
46,21,checksum,tourney,FALSE,20,elitize_generation_data,45,10,0.275,NA
47,21,checksum,tourney,FALSE,20,elitize_generation_data,46,10,0.261,NA
48,21,checksum,tourney,FALSE,20,elitize_generation_data,47,13,0.299,NA
49,21,checksum,tourney,FALSE,20,elitize_generation_data,48,13,0.307,NA
50,21,checksum,tourney,FALSE,20,elitize_generation_data,49,10,0.312,NA
51,21,checksum,tourney,FALSE,20,elitize_generation_data,50,8,0.334,NA
52,21,checksum,tourney,FALSE,20,elitize_generation_data,51,12,0.385,NA
53,21,checksum,tourney,FALSE,20,elitize_generation_data,52,20,0.404,NA
54,21,checksum,tourney,FALSE,20,elitize_generation_data,53,14,0.467,NA
55,21,checksum,tourney,FALSE,20,elitize_generation_data,54,13,0.475,NA
56,21,checksum,tourney,FALSE,20,elitize_generation_data,55,17,0.521,NA
57,21,checksum,tourney,FALSE,20,elitize_generation_data,56,21,0.541,NA
58,21,checksum,tourney,FALSE,20,elitize_generation_data,57,14,0.512,NA
59,21,checksum,tourney,FALSE,20,elitize_generation_data,58,13,0.451,NA
60,21,checksum,tourney,FALSE,20,elitize_generation_data,59,12,0.472,NA
61,21,checksum,tourney,FALSE,20,elitize_generation_data,60,16,0.458,NA
62,21,checksum,tourney,FALSE,20,elitize_generation_data,61,15,0.44,NA
63,21,checksum,tourney,FALSE,20,elitize_generation_data,62,9,0.419,NA
64,21,checksum,tourney,FALSE,20,elitize_generation_data,63,7,0.43,NA
65,21,checksum,tourney,FALSE,20,elitize_generation_data,64,11,0.442,NA
66,21,checksum,tourney,FALSE,20,elitize_generation_data,65,10,0.473,NA
67,21,checksum,tourney,FALSE,20,elitize_generation_data,66,8,0.5,NA
68,21,checksum,tourney,FALSE,20,elitize_generation_data,67,18,0.501,NA
69,21,checksum,tourney,FALSE,20,elitize_generation_data,68,9,0.522,NA
70,21,checksum,tourney,FALSE,20,elitize_generation_data,69,14,0.544,NA
71,21,checksum,tourney,FALSE,20,elitize_generation_data,70,10,0.554,NA
72,21,checksum,tourney,FALSE,20,elitize_generation_data,71,13,0.519,NA
73,21,checksum,tourney,FALSE,20,elitize_generation_data,72,12,0.552,NA
74,21,checksum,tourney,FALSE,20,elitize_generation_data,73,11,0.592,NA
75,21,checksum,tourney,FALSE,20,elitize_generation_data,74,10,0.599,NA
76,21,checksum,tourney,FALSE,20,elitize_generation_data,75,15,0.565,NA
77,21,checksum,tourney,FALSE,20,elitize_generation_data,76,12,0.583,NA
78,21,checksum,tourney,FALSE,20,elitize_generation_data,77,13,0.602,NA
79,21,checksum,tourney,FALSE,20,elitize_generation_data,78,10,0.598,NA
80,21,checksum,tourney,FALSE,20,elitize_generation_data,79,12,0.617,NA
81,21,checksum,tourney,FALSE,20,elitize_generation_data,80,16,0.623,NA
82,21,checksum,tourney,FALSE,20,elitize_generation_data,81,13,0.641,NA
83,21,checksum,tourney,FALSE,20,elitize_generation_data,82,21,0.655,NA
84,21,checksum,tourney,FALSE,20,elitize_generation_data,83,15,0.659,NA
85,21,checksum,tourney,FALSE,20,elitize_generation_data,84,16,0.684,NA
86,21,checksum,tourney,FALSE,20,elitize_generation_data,85,14,0.673,NA
87,21,checksum,tourney,FALSE,20,elitize_generation_data,86,14,0.669,NA
88,21,checksum,tourney,FALSE,20,elitize_generation_data,87,11,0.67,NA
89,21,checksum,tourney,FALSE,20,elitize_generation_data,88,12,0.686,NA
90,21,checksum,tourney,FALSE,20,elitize_generation_data,89,8,0.682,NA
91,21,checksum,tourney,FALSE,20,elitize_generation_data,90,11,0.689,NA
92,21,checksum,tourney,FALSE,20,elitize_generation_data,91,14,0.708,NA
93,21,checksum,tourney,FALSE,20,elitize_generation_data,92,18,0.717,NA
94,21,checksum,tourney,FALSE,20,elitize_generation_data,93,16,0.716,NA
95,21,checksum,tourney,FALSE,20,elitize_generation_data,94,13,0.713,NA
96,21,checksum,tourney,FALSE,20,elitize_generation_data,95,9,0.698,NA
97,21,checksum,tourney,FALSE,20,elitize_generation_data,96,12,0.703,NA
98,21,checksum,tourney,FALSE,20,elitize_generation_data,97,10,0.691,NA
99,21,checksum,tourney,FALSE,20,elitize_generation_data,98,17,0.69,NA
100,21,checksum,tourney,FALSE,20,elitize_generation_data,99,20,0.675,NA
101,21,checksum,tourney,FALSE,20,elitize_generation_data,100,13,0.66,NA
102,21,checksum,tourney,FALSE,20,elitize_generation_data,101,18,0.628,NA
103,21,checksum,tourney,FALSE,20,elitize_generation_data,102,11,0.655,NA
104,21,checksum,tourney,FALSE,20,elitize_generation_data,103,10,0.648,NA
105,21,checksum,tourney,FALSE,20,elitize_generation_data,104,6,0.659,NA
106,21,checksum,tourney,FALSE,20,elitize_generation_data,105,15,0.654,NA
107,21,checksum,tourney,FALSE,20,elitize_generation_data,106,11,0.655,NA
108,21,checksum,tourney,FALSE,20,elitize_generation_data,107,14,0.646,NA
109,21,checksum,tourney,FALSE,20,elitize_generation_data,108,15,0.662,NA
110,21,checksum,tourney,FALSE,20,elitize_generation_data,109,16,0.689,NA
111,21,checksum,tourney,FALSE,20,elitize_generation_data,110,22,0.701,NA
112,21,checksum,tourney,FALSE,20,elitize_generation_data,111,18,0.713,NA
113,21,checksum,tourney,FALSE,20,elitize_generation_data,112,17,0.726,NA
114,21,checksum,tourney,FALSE,20,elitize_generation_data,113,17,0.696,NA
115,21,checksum,tourney,FALSE,20,elitize_generation_data,114,13,0.687,NA
116,21,checksum,tourney,FALSE,20,elitize_generation_data,115,11,0.699,NA
117,21,checksum,tourney,FALSE,20,elitize_generation_data,116,14,0.723,NA
118,21,checksum,tourney,FALSE,20,elitize_generation_data,117,22,0.701,NA
119,21,checksum,tourney,FALSE,20,elitize_generation_data,118,23,0.697,NA
120,21,checksum,tourney,FALSE,20,elitize_generation_data,119,18,0.682,NA
121,21,checksum,tourney,FALSE,20,elitize_generation_data,120,18,0.646,NA
122,21,checksum,tourney,FALSE,20,elitize_generation_data,121,16,0.632,NA
123,21,checksum,tourney,FALSE,20,elitize_generation_data,122,19,0.657,NA
124,21,checksum,tourney,FALSE,20,elitize_generation_data,123,21,0.645,NA
125,21,checksum,tourney,FALSE,20,elitize_generation_data,124,13,0.661,NA
126,21,checksum,tourney,FALSE,20,elitize_generation_data,125,20,0.643,NA
127,21,checksum,tourney,FALSE,20,elitize_generation_data,126,15,0.693,NA
128,21,checksum,tourney,FALSE,20,elitize_generation_data,127,14,0.668,NA
129,21,checksum,tourney,FALSE,20,elitize_generation_data,128,20,0.69,NA
130,21,checksum,tourney,FALSE,20,elitize_generation_data,129,11,0.702,NA
131,21,checksum,tourney,FALSE,20,elitize_generation_data,130,19,0.71,NA
132,21,checksum,tourney,FALSE,20,elitize_generation_data,131,19,0.714,NA
133,21,checksum,tourney,FALSE,20,elitize_generation_data,132,17,0.732,NA
134,21,checksum,tourney,FALSE,20,elitize_generation_data,133,22,0.709,NA
135,21,checksum,tourney,FALSE,20,elitize_generation_data,134,19,0.742,NA
136,21,checksum,tourney,FALSE,20,elitize_generation_data,135,21,0.721,NA
137,21,checksum,tourney,FALSE,20,elitize_generation_data,136,20,0.752,NA
138,21,checksum,tourney,FALSE,20,elitize_generation_data,137,19,0.737,NA
139,21,checksum,tourney,FALSE,20,elitize_generation_data,138,22,0.733,NA
140,21,checksum,tourney,FALSE,20,elitize_generation_data,139,16,0.752,NA
141,21,checksum,tourney,FALSE,20,elitize_generation_data,140,14,0.738,NA
142,21,checksum,tourney,FALSE,20,elitize_generation_data,141,15,0.739,NA
143,21,checksum,tourney,FALSE,20,elitize_generation_data,142,14,0.733,NA
144,21,checksum,tourney,FALSE,20,elitize_generation_data,143,15,0.725,NA
145,21,checksum,tourney,FALSE,20,elitize_generation_data,144,14,0.729,NA
146,21,checksum,tourney,FALSE,20,elitize_generation_data,145,20,0.715,NA
147,21,checksum,tourney,FALSE,20,elitize_generation_data,146,25,0.743,NA
148,21,checksum,tourney,FALSE,20,elitize_generation_data,147,21,0.723,NA
149,21,checksum,tourney,FALSE,20,elitize_generation_data,148,21,0.74,NA
150,21,checksum,tourney,FALSE,20,elitize_generation_data,149,24,0.739,NA
151,21,checksum,tourney,FALSE,20,elitize_generation_data,150,16,0.735,NA
152,21,checksum,tourney,FALSE,20,elitize_generation_data,151,23,0.771,NA
153,21,checksum,tourney,FALSE,20,elitize_generation_data,152,28,0.72,NA
154,21,checksum,tourney,FALSE,20,elitize_generation_data,153,23,0.748,NA
155,21,checksum,tourney,FALSE,20,elitize_generation_data,154,17,0.738,NA
156,21,checksum,tourney,FALSE,20,elitize_generation_data,155,17,0.724,NA
157,21,checksum,tourney,FALSE,20,elitize_generation_data,156,16,0.706,NA
158,21,checksum,tourney,FALSE,20,elitize_generation_data,157,7,0.697,NA
159,21,checksum,tourney,FALSE,20,elitize_generation_data,158,17,0.718,NA
160,21,checksum,tourney,FALSE,20,elitize_generation_data,159,26,0.71,NA
161,21,checksum,tourney,FALSE,20,elitize_generation_data,160,12,0.705,NA
162,21,checksum,tourney,FALSE,20,elitize_generation_data,161,18,0.737,NA
163,21,checksum,tourney,FALSE,20,elitize_generation_data,162,16,0.738,NA
164,21,checksum,tourney,FALSE,20,elitize_generation_data,163,21,0.743,NA
165,21,checksum,tourney,FALSE,20,elitize_generation_data,164,14,0.751,NA
166,21,checksum,tourney,FALSE,20,elitize_generation_data,165,15,0.746,NA
167,21,checksum,tourney,FALSE,20,elitize_generation_data,166,17,0.749,NA
168,21,checksum,tourney,FALSE,20,elitize_generation_data,167,23,0.725,NA
169,21,checksum,tourney,FALSE,20,elitize_generation_data,168,22,0.733,NA
170,21,checksum,tourney,FALSE,20,elitize_generation_data,169,32,0.723,NA
171,21,checksum,tourney,FALSE,20,elitize_generation_data,170,20,0.714,NA
172,21,checksum,tourney,FALSE,20,elitize_generation_data,171,25,0.717,NA
173,21,checksum,tourney,FALSE,20,elitize_generation_data,172,19,0.699,NA
174,21,checksum,tourney,FALSE,20,elitize_generation_data,173,21,0.706,NA
175,21,checksum,tourney,FALSE,20,elitize_generation_data,174,21,0.701,NA
176,21,checksum,tourney,FALSE,20,elitize_generation_data,175,26,0.733,NA
177,21,checksum,tourney,FALSE,20,elitize_generation_data,176,28,0.732,NA
178,21,checksum,tourney,FALSE,20,elitize_generation_data,177,21,0.728,NA
179,21,checksum,tourney,FALSE,20,elitize_generation_data,178,19,0.723,NA
180,21,checksum,tourney,FALSE,20,elitize_generation_data,179,20,0.707,NA
181,21,checksum,tourney,FALSE,20,elitize_generation_data,180,9,0.717,NA
182,21,checksum,tourney,FALSE,20,elitize_generation_data,181,17,0.73,NA
183,21,checksum,tourney,FALSE,20,elitize_generation_data,182,18,0.713,NA
184,21,checksum,tourney,FALSE,20,elitize_generation_data,183,32,0.702,NA
185,21,checksum,tourney,FALSE,20,elitize_generation_data,184,15,0.695,NA
186,21,checksum,tourney,FALSE,20,elitize_generation_data,185,21,0.68,NA
187,21,checksum,tourney,FALSE,20,elitize_generation_data,186,22,0.673,NA
188,21,checksum,tourney,FALSE,20,elitize_generation_data,187,22,0.665,NA
189,21,checksum,tourney,FALSE,20,elitize_generation_data,188,15,0.716,NA
190,21,checksum,tourney,FALSE,20,elitize_generation_data,189,13,0.708,NA
191,21,checksum,tourney,FALSE,20,elitize_generation_data,190,19,0.68,NA
192,21,checksum,tourney,FALSE,20,elitize_generation_data,191,16,0.691,NA
193,21,checksum,tourney,FALSE,20,elitize_generation_data,192,21,0.695,NA
194,21,checksum,tourney,FALSE,20,elitize_generation_data,193,8,0.717,NA
195,21,checksum,tourney,FALSE,20,elitize_generation_data,194,16,0.697,NA
196,21,checksum,tourney,FALSE,20,elitize_generation_data,195,17,0.695,NA
197,21,checksum,tourney,FALSE,20,elitize_generation_data,196,26,0.677,NA
198,21,checksum,tourney,FALSE,20,elitize_generation_data,197,28,0.685,NA
199,21,checksum,tourney,FALSE,20,elitize_generation_data,198,26,0.693,NA
200,21,checksum,tourney,FALSE,20,elitize_generation_data,199,16,0.649,NA
201,21,checksum,tourney,FALSE,20,elitize_generation_data,200,21,0.659,NA
202,21,checksum,tourney,FALSE,20,elitize_generation_data,201,16,0.665,NA
203,21,checksum,tourney,FALSE,20,elitize_generation_data,202,21,0.681,NA
204,21,checksum,tourney,FALSE,20,elitize_generation_data,203,13,0.659,NA
205,21,checksum,tourney,FALSE,20,elitize_generation_data,204,12,0.679,NA
206,21,checksum,tourney,FALSE,20,elitize_generation_data,205,12,0.687,NA
207,21,checksum,tourney,FALSE,20,elitize_generation_data,206,19,0.699,NA
208,21,checksum,tourney,FALSE,20,elitize_generation_data,207,11,0.698,NA
209,21,checksum,tourney,FALSE,20,elitize_generation_data,208,21,0.682,NA
210,21,checksum,tourney,FALSE,20,elitize_generation_data,209,22,0.705,NA
211,21,checksum,tourney,FALSE,20,elitize_generation_data,210,16,0.681,NA
212,21,checksum,tourney,FALSE,20,elitize_generation_data,211,19,0.711,NA
213,21,checksum,tourney,FALSE,20,elitize_generation_data,212,18,0.703,NA
214,21,checksum,tourney,FALSE,20,elitize_generation_data,213,13,0.708,NA
215,21,checksum,tourney,FALSE,20,elitize_generation_data,214,20,0.705,NA
216,21,checksum,tourney,FALSE,20,elitize_generation_data,215,15,0.715,NA
217,21,checksum,tourney,FALSE,20,elitize_generation_data,216,22,0.7,NA
218,21,checksum,tourney,FALSE,20,elitize_generation_data,217,19,0.721,NA
219,21,checksum,tourney,FALSE,20,elitize_generation_data,218,22,0.732,NA
220,21,checksum,tourney,FALSE,20,elitize_generation_data,219,19,0.711,NA
221,21,checksum,tourney,FALSE,20,elitize_generation_data,220,18,0.727,NA
222,21,checksum,tourney,FALSE,20,elitize_generation_data,221,21,0.729,NA
223,21,checksum,tourney,FALSE,20,elitize_generation_data,222,14,0.694,NA
224,21,checksum,tourney,FALSE,20,elitize_generation_data,223,27,0.676,NA
225,21,checksum,tourney,FALSE,20,elitize_generation_data,224,33,0.673,NA
226,21,checksum,tourney,FALSE,20,elitize_generation_data,225,20,0.684,NA
227,21,checksum,tourney,FALSE,20,elitize_generation_data,226,8,0.665,NA
228,21,checksum,tourney,FALSE,20,elitize_generation_data,227,25,0.667,NA
229,21,checksum,tourney,FALSE,20,elitize_generation_data,228,19,0.667,NA
230,21,checksum,tourney,FALSE,20,elitize_generation_data,229,19,0.689,NA
231,21,checksum,tourney,FALSE,20,elitize_generation_data,230,24,0.683,NA
232,21,checksum,tourney,FALSE,20,elitize_generation_data,231,23,0.687,NA
233,21,checksum,tourney,FALSE,20,elitize_generation_data,232,22,0.66,NA
234,21,checksum,tourney,FALSE,20,elitize_generation_data,233,22,0.693,NA
235,21,checksum,tourney,FALSE,20,elitize_generation_data,234,18,0.671,NA
236,21,checksum,tourney,FALSE,20,elitize_generation_data,235,23,0.658,NA
237,21,checksum,tourney,FALSE,20,elitize_generation_data,236,27,0.7,NA
238,21,checksum,tourney,FALSE,20,elitize_generation_data,237,13,0.654,NA
239,21,checksum,tourney,FALSE,20,elitize_generation_data,238,24,0.663,NA
240,21,checksum,tourney,FALSE,20,elitize_generation_data,239,23,0.678,NA
241,21,checksum,tourney,FALSE,20,elitize_generation_data,240,18,0.657,NA
242,21,checksum,tourney,FALSE,20,elitize_generation_data,241,20,0.671,NA
243,21,checksum,tourney,FALSE,20,elitize_generation_data,242,13,0.701,NA
244,21,checksum,tourney,FALSE,20,elitize_generation_data,243,20,0.715,NA
245,21,checksum,tourney,FALSE,20,elitize_generation_data,244,20,0.699,NA
246,21,checksum,tourney,FALSE,20,elitize_generation_data,245,28,0.692,NA
247,21,checksum,tourney,FALSE,20,elitize_generation_data,246,18,0.669,NA
248,21,checksum,tourney,FALSE,20,elitize_generation_data,247,22,0.675,NA
249,21,checksum,tourney,FALSE,20,elitize_generation_data,248,22,0.719,NA
250,21,checksum,tourney,FALSE,20,elitize_generation_data,249,16,0.684,NA
251,21,checksum,tourney,FALSE,20,elitize_generation_data,250,16,0.689,NA
252,21,checksum,tourney,FALSE,20,elitize_generation_data,251,17,0.668,NA
253,21,checksum,tourney,FALSE,20,elitize_generation_data,252,17,0.696,NA
254,21,checksum,tourney,FALSE,20,elitize_generation_data,253,15,0.698,NA
255,21,checksum,tourney,FALSE,20,elitize_generation_data,254,18,0.704,NA
256,21,checksum,tourney,FALSE,20,elitize_generation_data,255,24,0.702,NA
257,21,checksum,tourney,FALSE,20,elitize_generation_data,256,20,0.692,NA
258,21,checksum,tourney,FALSE,20,elitize_generation_data,257,24,0.717,NA
259,21,checksum,tourney,FALSE,20,elitize_generation_data,258,15,0.708,NA
260,21,checksum,tourney,FALSE,20,elitize_generation_data,259,15,0.685,NA
261,21,checksum,tourney,FALSE,20,elitize_generation_data,260,11,0.695,NA
262,21,checksum,tourney,FALSE,20,elitize_generation_data,261,12,0.713,NA
263,21,checksum,tourney,FALSE,20,elitize_generation_data,262,13,0.688,NA
264,21,checksum,tourney,FALSE,20,elitize_generation_data,263,24,0.68,NA
265,21,checksum,tourney,FALSE,20,elitize_generation_data,264,15,0.7,NA
266,21,checksum,tourney,FALSE,20,elitize_generation_data,265,22,0.671,NA
267,21,checksum,tourney,FALSE,20,elitize_generation_data,266,20,0.698,NA
268,21,checksum,tourney,FALSE,20,elitize_generation_data,267,25,0.694,NA
269,21,checksum,tourney,FALSE,20,elitize_generation_data,268,22,0.717,NA
270,21,checksum,tourney,FALSE,20,elitize_generation_data,269,23,0.707,NA
271,21,checksum,tourney,FALSE,20,elitize_generation_data,270,23,0.696,NA
272,21,checksum,tourney,FALSE,20,elitize_generation_data,271,21,0.721,NA
273,21,checksum,tourney,FALSE,20,elitize_generation_data,272,21,0.714,NA
274,21,checksum,tourney,FALSE,20,elitize_generation_data,273,27,0.724,NA
275,21,checksum,tourney,FALSE,20,elitize_generation_data,274,40,0.74,NA
276,21,checksum,tourney,FALSE,20,elitize_generation_data,275,30,0.761,NA
277,21,checksum,tourney,FALSE,20,elitize_generation_data,276,22,0.758,NA
278,21,checksum,tourney,FALSE,20,elitize_generation_data,277,42,0.764,NA
279,21,checksum,tourney,FALSE,20,elitize_generation_data,278,29,0.755,NA
280,21,checksum,tourney,FALSE,20,elitize_generation_data,279,28,0.752,NA
281,21,checksum,tourney,FALSE,20,elitize_generation_data,280,20,0.738,NA
282,21,checksum,tourney,FALSE,20,elitize_generation_data,281,36,0.748,NA
283,21,checksum,tourney,FALSE,20,elitize_generation_data,282,27,0.758,NA
284,21,checksum,tourney,FALSE,20,elitize_generation_data,283,18,0.742,NA
285,21,checksum,tourney,FALSE,20,elitize_generation_data,284,25,0.741,NA
286,21,checksum,tourney,FALSE,20,elitize_generation_data,285,17,0.727,NA
287,21,checksum,tourney,FALSE,20,elitize_generation_data,286,16,0.754,NA
288,21,checksum,tourney,FALSE,20,elitize_generation_data,287,34,0.73,NA
289,21,checksum,tourney,FALSE,20,elitize_generation_data,288,36,0.741,NA
290,21,checksum,tourney,FALSE,20,elitize_generation_data,289,25,0.745,NA
291,21,checksum,tourney,FALSE,20,elitize_generation_data,290,27,0.748,NA
292,21,checksum,tourney,FALSE,20,elitize_generation_data,291,31,0.743,NA
293,21,checksum,tourney,FALSE,20,elitize_generation_data,292,17,0.754,NA
294,21,checksum,tourney,FALSE,20,elitize_generation_data,293,27,0.759,NA
295,21,checksum,tourney,FALSE,20,elitize_generation_data,294,26,0.727,NA
296,21,checksum,tourney,FALSE,20,elitize_generation_data,295,19,0.715,NA
297,21,checksum,tourney,FALSE,20,elitize_generation_data,296,26,0.732,NA
298,21,checksum,tourney,FALSE,20,elitize_generation_data,297,34,0.704,NA
299,21,checksum,tourney,FALSE,20,elitize_generation_data,298,28,0.747,NA
300,21,checksum,tourney,FALSE,20,elitize_generation_data,299,24,0.752,NA
301,21,checksum,tourney,FALSE,20,elitize_generation_data,300,22,0.753,NA
