,run.num,problem,treatment,succeeded,height,normalization.function,generation,cluster.count,error.diversity,success.generation
1,81,checksum,tourney,FALSE,20,elitize_generation_data,0,2,0.322,NA
2,81,checksum,tourney,FALSE,20,elitize_generation_data,1,2,0.227,NA
3,81,checksum,tourney,FALSE,20,elitize_generation_data,2,2,0.131,NA
4,81,checksum,tourney,FALSE,20,elitize_generation_data,3,2,0.148,NA
5,81,checksum,tourney,FALSE,20,elitize_generation_data,4,3,0.162,NA
6,81,checksum,tourney,FALSE,20,elitize_generation_data,5,3,0.145,NA
7,81,checksum,tourney,FALSE,20,elitize_generation_data,6,3,0.075,NA
8,81,checksum,tourney,FALSE,20,elitize_generation_data,7,3,0.07,NA
9,81,checksum,tourney,FALSE,20,elitize_generation_data,8,4,0.109,NA
10,81,checksum,tourney,FALSE,20,elitize_generation_data,9,5,0.165,NA
11,81,checksum,tourney,FALSE,20,elitize_generation_data,10,5,0.174,NA
12,81,checksum,tourney,FALSE,20,elitize_generation_data,11,5,0.129,NA
13,81,checksum,tourney,FALSE,20,elitize_generation_data,12,5,0.086,NA
14,81,checksum,tourney,FALSE,20,elitize_generation_data,13,5,0.081,NA
15,81,checksum,tourney,FALSE,20,elitize_generation_data,14,5,0.068,NA
16,81,checksum,tourney,FALSE,20,elitize_generation_data,15,5,0.075,NA
17,81,checksum,tourney,FALSE,20,elitize_generation_data,16,9,0.079,NA
18,81,checksum,tourney,FALSE,20,elitize_generation_data,17,8,0.071,NA
19,81,checksum,tourney,FALSE,20,elitize_generation_data,18,7,0.059,NA
20,81,checksum,tourney,FALSE,20,elitize_generation_data,19,5,0.066,NA
21,81,checksum,tourney,FALSE,20,elitize_generation_data,20,7,0.068,NA
22,81,checksum,tourney,FALSE,20,elitize_generation_data,21,8,0.074,NA
23,81,checksum,tourney,FALSE,20,elitize_generation_data,22,7,0.076,NA
24,81,checksum,tourney,FALSE,20,elitize_generation_data,23,9,0.1,NA
25,81,checksum,tourney,FALSE,20,elitize_generation_data,24,9,0.079,NA
26,81,checksum,tourney,FALSE,20,elitize_generation_data,25,7,0.093,NA
27,81,checksum,tourney,FALSE,20,elitize_generation_data,26,7,0.068,NA
28,81,checksum,tourney,FALSE,20,elitize_generation_data,27,7,0.097,NA
29,81,checksum,tourney,FALSE,20,elitize_generation_data,28,6,0.088,NA
30,81,checksum,tourney,FALSE,20,elitize_generation_data,29,6,0.074,NA
31,81,checksum,tourney,FALSE,20,elitize_generation_data,30,9,0.076,NA
32,81,checksum,tourney,FALSE,20,elitize_generation_data,31,5,0.088,NA
33,81,checksum,tourney,FALSE,20,elitize_generation_data,32,7,0.082,NA
34,81,checksum,tourney,FALSE,20,elitize_generation_data,33,5,0.081,NA
35,81,checksum,tourney,FALSE,20,elitize_generation_data,34,8,0.081,NA
36,81,checksum,tourney,FALSE,20,elitize_generation_data,35,5,0.087,NA
37,81,checksum,tourney,FALSE,20,elitize_generation_data,36,6,0.075,NA
38,81,checksum,tourney,FALSE,20,elitize_generation_data,37,7,0.073,NA
39,81,checksum,tourney,FALSE,20,elitize_generation_data,38,5,0.091,NA
40,81,checksum,tourney,FALSE,20,elitize_generation_data,39,7,0.089,NA
41,81,checksum,tourney,FALSE,20,elitize_generation_data,40,7,0.093,NA
42,81,checksum,tourney,FALSE,20,elitize_generation_data,41,5,0.088,NA
43,81,checksum,tourney,FALSE,20,elitize_generation_data,42,5,0.09,NA
44,81,checksum,tourney,FALSE,20,elitize_generation_data,43,6,0.087,NA
45,81,checksum,tourney,FALSE,20,elitize_generation_data,44,7,0.089,NA
46,81,checksum,tourney,FALSE,20,elitize_generation_data,45,7,0.088,NA
47,81,checksum,tourney,FALSE,20,elitize_generation_data,46,4,0.09,NA
48,81,checksum,tourney,FALSE,20,elitize_generation_data,47,6,0.087,NA
49,81,checksum,tourney,FALSE,20,elitize_generation_data,48,4,0.092,NA
50,81,checksum,tourney,FALSE,20,elitize_generation_data,49,8,0.072,NA
51,81,checksum,tourney,FALSE,20,elitize_generation_data,50,8,0.089,NA
52,81,checksum,tourney,FALSE,20,elitize_generation_data,51,7,0.08,NA
53,81,checksum,tourney,FALSE,20,elitize_generation_data,52,7,0.089,NA
54,81,checksum,tourney,FALSE,20,elitize_generation_data,53,7,0.081,NA
55,81,checksum,tourney,FALSE,20,elitize_generation_data,54,6,0.096,NA
56,81,checksum,tourney,FALSE,20,elitize_generation_data,55,6,0.09,NA
57,81,checksum,tourney,FALSE,20,elitize_generation_data,56,7,0.073,NA
58,81,checksum,tourney,FALSE,20,elitize_generation_data,57,5,0.08,NA
59,81,checksum,tourney,FALSE,20,elitize_generation_data,58,8,0.067,NA
60,81,checksum,tourney,FALSE,20,elitize_generation_data,59,7,0.065,NA
61,81,checksum,tourney,FALSE,20,elitize_generation_data,60,7,0.06,NA
62,81,checksum,tourney,FALSE,20,elitize_generation_data,61,5,0.061,NA
63,81,checksum,tourney,FALSE,20,elitize_generation_data,62,6,0.063,NA
64,81,checksum,tourney,FALSE,20,elitize_generation_data,63,7,0.075,NA
65,81,checksum,tourney,FALSE,20,elitize_generation_data,64,6,0.066,NA
66,81,checksum,tourney,FALSE,20,elitize_generation_data,65,6,0.068,NA
67,81,checksum,tourney,FALSE,20,elitize_generation_data,66,5,0.068,NA
68,81,checksum,tourney,FALSE,20,elitize_generation_data,67,7,0.055,NA
69,81,checksum,tourney,FALSE,20,elitize_generation_data,68,6,0.065,NA
70,81,checksum,tourney,FALSE,20,elitize_generation_data,69,7,0.059,NA
71,81,checksum,tourney,FALSE,20,elitize_generation_data,70,7,0.069,NA
72,81,checksum,tourney,FALSE,20,elitize_generation_data,71,7,0.081,NA
73,81,checksum,tourney,FALSE,20,elitize_generation_data,72,7,0.072,NA
74,81,checksum,tourney,FALSE,20,elitize_generation_data,73,6,0.069,NA
75,81,checksum,tourney,FALSE,20,elitize_generation_data,74,8,0.069,NA
76,81,checksum,tourney,FALSE,20,elitize_generation_data,75,7,0.071,NA
77,81,checksum,tourney,FALSE,20,elitize_generation_data,76,8,0.064,NA
78,81,checksum,tourney,FALSE,20,elitize_generation_data,77,6,0.065,NA
79,81,checksum,tourney,FALSE,20,elitize_generation_data,78,5,0.069,NA
80,81,checksum,tourney,FALSE,20,elitize_generation_data,79,6,0.068,NA
81,81,checksum,tourney,FALSE,20,elitize_generation_data,80,7,0.072,NA
82,81,checksum,tourney,FALSE,20,elitize_generation_data,81,7,0.077,NA
83,81,checksum,tourney,FALSE,20,elitize_generation_data,82,6,0.065,NA
84,81,checksum,tourney,FALSE,20,elitize_generation_data,83,6,0.079,NA
85,81,checksum,tourney,FALSE,20,elitize_generation_data,84,6,0.073,NA
86,81,checksum,tourney,FALSE,20,elitize_generation_data,85,6,0.07,NA
87,81,checksum,tourney,FALSE,20,elitize_generation_data,86,5,0.074,NA
88,81,checksum,tourney,FALSE,20,elitize_generation_data,87,6,0.072,NA
89,81,checksum,tourney,FALSE,20,elitize_generation_data,88,7,0.071,NA
90,81,checksum,tourney,FALSE,20,elitize_generation_data,89,6,0.075,NA
91,81,checksum,tourney,FALSE,20,elitize_generation_data,90,6,0.066,NA
92,81,checksum,tourney,FALSE,20,elitize_generation_data,91,5,0.063,NA
93,81,checksum,tourney,FALSE,20,elitize_generation_data,92,7,0.069,NA
94,81,checksum,tourney,FALSE,20,elitize_generation_data,93,6,0.076,NA
95,81,checksum,tourney,FALSE,20,elitize_generation_data,94,8,0.088,NA
96,81,checksum,tourney,FALSE,20,elitize_generation_data,95,8,0.073,NA
97,81,checksum,tourney,FALSE,20,elitize_generation_data,96,8,0.066,NA
98,81,checksum,tourney,FALSE,20,elitize_generation_data,97,9,0.074,NA
99,81,checksum,tourney,FALSE,20,elitize_generation_data,98,9,0.081,NA
100,81,checksum,tourney,FALSE,20,elitize_generation_data,99,10,0.089,NA
101,81,checksum,tourney,FALSE,20,elitize_generation_data,100,6,0.069,NA
102,81,checksum,tourney,FALSE,20,elitize_generation_data,101,6,0.071,NA
103,81,checksum,tourney,FALSE,20,elitize_generation_data,102,10,0.081,NA
104,81,checksum,tourney,FALSE,20,elitize_generation_data,103,8,0.061,NA
105,81,checksum,tourney,FALSE,20,elitize_generation_data,104,8,0.073,NA
106,81,checksum,tourney,FALSE,20,elitize_generation_data,105,5,0.073,NA
107,81,checksum,tourney,FALSE,20,elitize_generation_data,106,7,0.063,NA
108,81,checksum,tourney,FALSE,20,elitize_generation_data,107,6,0.072,NA
109,81,checksum,tourney,FALSE,20,elitize_generation_data,108,9,0.074,NA
110,81,checksum,tourney,FALSE,20,elitize_generation_data,109,11,0.072,NA
111,81,checksum,tourney,FALSE,20,elitize_generation_data,110,9,0.076,NA
112,81,checksum,tourney,FALSE,20,elitize_generation_data,111,9,0.075,NA
113,81,checksum,tourney,FALSE,20,elitize_generation_data,112,12,0.068,NA
114,81,checksum,tourney,FALSE,20,elitize_generation_data,113,10,0.081,NA
115,81,checksum,tourney,FALSE,20,elitize_generation_data,114,7,0.072,NA
116,81,checksum,tourney,FALSE,20,elitize_generation_data,115,11,0.066,NA
117,81,checksum,tourney,FALSE,20,elitize_generation_data,116,6,0.068,NA
118,81,checksum,tourney,FALSE,20,elitize_generation_data,117,9,0.084,NA
119,81,checksum,tourney,FALSE,20,elitize_generation_data,118,7,0.068,NA
120,81,checksum,tourney,FALSE,20,elitize_generation_data,119,9,0.082,NA
121,81,checksum,tourney,FALSE,20,elitize_generation_data,120,7,0.073,NA
122,81,checksum,tourney,FALSE,20,elitize_generation_data,121,9,0.087,NA
123,81,checksum,tourney,FALSE,20,elitize_generation_data,122,7,0.07,NA
124,81,checksum,tourney,FALSE,20,elitize_generation_data,123,7,0.073,NA
125,81,checksum,tourney,FALSE,20,elitize_generation_data,124,8,0.074,NA
126,81,checksum,tourney,FALSE,20,elitize_generation_data,125,7,0.069,NA
127,81,checksum,tourney,FALSE,20,elitize_generation_data,126,12,0.07,NA
128,81,checksum,tourney,FALSE,20,elitize_generation_data,127,8,0.066,NA
129,81,checksum,tourney,FALSE,20,elitize_generation_data,128,8,0.065,NA
130,81,checksum,tourney,FALSE,20,elitize_generation_data,129,7,0.072,NA
131,81,checksum,tourney,FALSE,20,elitize_generation_data,130,7,0.066,NA
132,81,checksum,tourney,FALSE,20,elitize_generation_data,131,6,0.07,NA
133,81,checksum,tourney,FALSE,20,elitize_generation_data,132,9,0.074,NA
134,81,checksum,tourney,FALSE,20,elitize_generation_data,133,10,0.064,NA
135,81,checksum,tourney,FALSE,20,elitize_generation_data,134,11,0.073,NA
136,81,checksum,tourney,FALSE,20,elitize_generation_data,135,6,0.074,NA
137,81,checksum,tourney,FALSE,20,elitize_generation_data,136,5,0.06,NA
138,81,checksum,tourney,FALSE,20,elitize_generation_data,137,7,0.075,NA
139,81,checksum,tourney,FALSE,20,elitize_generation_data,138,6,0.066,NA
140,81,checksum,tourney,FALSE,20,elitize_generation_data,139,5,0.063,NA
141,81,checksum,tourney,FALSE,20,elitize_generation_data,140,11,0.072,NA
142,81,checksum,tourney,FALSE,20,elitize_generation_data,141,7,0.072,NA
143,81,checksum,tourney,FALSE,20,elitize_generation_data,142,7,0.073,NA
144,81,checksum,tourney,FALSE,20,elitize_generation_data,143,7,0.076,NA
145,81,checksum,tourney,FALSE,20,elitize_generation_data,144,8,0.062,NA
146,81,checksum,tourney,FALSE,20,elitize_generation_data,145,11,0.068,NA
147,81,checksum,tourney,FALSE,20,elitize_generation_data,146,8,0.065,NA
148,81,checksum,tourney,FALSE,20,elitize_generation_data,147,9,0.081,NA
149,81,checksum,tourney,FALSE,20,elitize_generation_data,148,5,0.063,NA
150,81,checksum,tourney,FALSE,20,elitize_generation_data,149,9,0.06,NA
151,81,checksum,tourney,FALSE,20,elitize_generation_data,150,10,0.056,NA
152,81,checksum,tourney,FALSE,20,elitize_generation_data,151,7,0.066,NA
153,81,checksum,tourney,FALSE,20,elitize_generation_data,152,11,0.061,NA
154,81,checksum,tourney,FALSE,20,elitize_generation_data,153,7,0.053,NA
155,81,checksum,tourney,FALSE,20,elitize_generation_data,154,10,0.059,NA
156,81,checksum,tourney,FALSE,20,elitize_generation_data,155,9,0.064,NA
157,81,checksum,tourney,FALSE,20,elitize_generation_data,156,10,0.057,NA
158,81,checksum,tourney,FALSE,20,elitize_generation_data,157,9,0.057,NA
159,81,checksum,tourney,FALSE,20,elitize_generation_data,158,9,0.064,NA
160,81,checksum,tourney,FALSE,20,elitize_generation_data,159,9,0.065,NA
161,81,checksum,tourney,FALSE,20,elitize_generation_data,160,7,0.068,NA
162,81,checksum,tourney,FALSE,20,elitize_generation_data,161,11,0.063,NA
163,81,checksum,tourney,FALSE,20,elitize_generation_data,162,7,0.062,NA
164,81,checksum,tourney,FALSE,20,elitize_generation_data,163,7,0.064,NA
165,81,checksum,tourney,FALSE,20,elitize_generation_data,164,7,0.065,NA
166,81,checksum,tourney,FALSE,20,elitize_generation_data,165,7,0.058,NA
167,81,checksum,tourney,FALSE,20,elitize_generation_data,166,8,0.06,NA
168,81,checksum,tourney,FALSE,20,elitize_generation_data,167,7,0.055,NA
169,81,checksum,tourney,FALSE,20,elitize_generation_data,168,11,0.059,NA
170,81,checksum,tourney,FALSE,20,elitize_generation_data,169,7,0.067,NA
171,81,checksum,tourney,FALSE,20,elitize_generation_data,170,7,0.067,NA
172,81,checksum,tourney,FALSE,20,elitize_generation_data,171,11,0.053,NA
173,81,checksum,tourney,FALSE,20,elitize_generation_data,172,8,0.062,NA
174,81,checksum,tourney,FALSE,20,elitize_generation_data,173,11,0.062,NA
175,81,checksum,tourney,FALSE,20,elitize_generation_data,174,5,0.063,NA
176,81,checksum,tourney,FALSE,20,elitize_generation_data,175,8,0.061,NA
177,81,checksum,tourney,FALSE,20,elitize_generation_data,176,10,0.049,NA
178,81,checksum,tourney,FALSE,20,elitize_generation_data,177,7,0.057,NA
179,81,checksum,tourney,FALSE,20,elitize_generation_data,178,10,0.064,NA
180,81,checksum,tourney,FALSE,20,elitize_generation_data,179,7,0.071,NA
181,81,checksum,tourney,FALSE,20,elitize_generation_data,180,10,0.055,NA
182,81,checksum,tourney,FALSE,20,elitize_generation_data,181,11,0.071,NA
183,81,checksum,tourney,FALSE,20,elitize_generation_data,182,6,0.061,NA
184,81,checksum,tourney,FALSE,20,elitize_generation_data,183,12,0.076,NA
185,81,checksum,tourney,FALSE,20,elitize_generation_data,184,8,0.071,NA
186,81,checksum,tourney,FALSE,20,elitize_generation_data,185,6,0.069,NA
187,81,checksum,tourney,FALSE,20,elitize_generation_data,186,5,0.065,NA
188,81,checksum,tourney,FALSE,20,elitize_generation_data,187,8,0.07,NA
189,81,checksum,tourney,FALSE,20,elitize_generation_data,188,5,0.062,NA
190,81,checksum,tourney,FALSE,20,elitize_generation_data,189,11,0.065,NA
191,81,checksum,tourney,FALSE,20,elitize_generation_data,190,9,0.052,NA
192,81,checksum,tourney,FALSE,20,elitize_generation_data,191,9,0.062,NA
193,81,checksum,tourney,FALSE,20,elitize_generation_data,192,7,0.063,NA
194,81,checksum,tourney,FALSE,20,elitize_generation_data,193,8,0.061,NA
195,81,checksum,tourney,FALSE,20,elitize_generation_data,194,9,0.055,NA
196,81,checksum,tourney,FALSE,20,elitize_generation_data,195,6,0.066,NA
197,81,checksum,tourney,FALSE,20,elitize_generation_data,196,5,0.074,NA
198,81,checksum,tourney,FALSE,20,elitize_generation_data,197,3,0.069,NA
199,81,checksum,tourney,FALSE,20,elitize_generation_data,198,11,0.069,NA
200,81,checksum,tourney,FALSE,20,elitize_generation_data,199,7,0.063,NA
201,81,checksum,tourney,FALSE,20,elitize_generation_data,200,10,0.066,NA
202,81,checksum,tourney,FALSE,20,elitize_generation_data,201,11,0.068,NA
203,81,checksum,tourney,FALSE,20,elitize_generation_data,202,7,0.047,NA
204,81,checksum,tourney,FALSE,20,elitize_generation_data,203,7,0.041,NA
205,81,checksum,tourney,FALSE,20,elitize_generation_data,204,8,0.06,NA
206,81,checksum,tourney,FALSE,20,elitize_generation_data,205,8,0.049,NA
207,81,checksum,tourney,FALSE,20,elitize_generation_data,206,8,0.05,NA
208,81,checksum,tourney,FALSE,20,elitize_generation_data,207,11,0.05,NA
209,81,checksum,tourney,FALSE,20,elitize_generation_data,208,5,0.056,NA
210,81,checksum,tourney,FALSE,20,elitize_generation_data,209,5,0.052,NA
211,81,checksum,tourney,FALSE,20,elitize_generation_data,210,5,0.06,NA
212,81,checksum,tourney,FALSE,20,elitize_generation_data,211,9,0.063,NA
213,81,checksum,tourney,FALSE,20,elitize_generation_data,212,8,0.053,NA
214,81,checksum,tourney,FALSE,20,elitize_generation_data,213,8,0.057,NA
215,81,checksum,tourney,FALSE,20,elitize_generation_data,214,5,0.064,NA
216,81,checksum,tourney,FALSE,20,elitize_generation_data,215,7,0.056,NA
217,81,checksum,tourney,FALSE,20,elitize_generation_data,216,8,0.061,NA
218,81,checksum,tourney,FALSE,20,elitize_generation_data,217,9,0.064,NA
219,81,checksum,tourney,FALSE,20,elitize_generation_data,218,5,0.057,NA
220,81,checksum,tourney,FALSE,20,elitize_generation_data,219,10,0.049,NA
221,81,checksum,tourney,FALSE,20,elitize_generation_data,220,8,0.062,NA
222,81,checksum,tourney,FALSE,20,elitize_generation_data,221,6,0.063,NA
223,81,checksum,tourney,FALSE,20,elitize_generation_data,222,6,0.056,NA
224,81,checksum,tourney,FALSE,20,elitize_generation_data,223,7,0.059,NA
225,81,checksum,tourney,FALSE,20,elitize_generation_data,224,6,0.06,NA
226,81,checksum,tourney,FALSE,20,elitize_generation_data,225,9,0.052,NA
227,81,checksum,tourney,FALSE,20,elitize_generation_data,226,7,0.061,NA
228,81,checksum,tourney,FALSE,20,elitize_generation_data,227,8,0.053,NA
229,81,checksum,tourney,FALSE,20,elitize_generation_data,228,5,0.06,NA
230,81,checksum,tourney,FALSE,20,elitize_generation_data,229,7,0.058,NA
231,81,checksum,tourney,FALSE,20,elitize_generation_data,230,8,0.058,NA
232,81,checksum,tourney,FALSE,20,elitize_generation_data,231,7,0.075,NA
233,81,checksum,tourney,FALSE,20,elitize_generation_data,232,9,0.059,NA
234,81,checksum,tourney,FALSE,20,elitize_generation_data,233,8,0.067,NA
235,81,checksum,tourney,FALSE,20,elitize_generation_data,234,5,0.069,NA
236,81,checksum,tourney,FALSE,20,elitize_generation_data,235,4,0.058,NA
237,81,checksum,tourney,FALSE,20,elitize_generation_data,236,8,0.06,NA
238,81,checksum,tourney,FALSE,20,elitize_generation_data,237,8,0.062,NA
239,81,checksum,tourney,FALSE,20,elitize_generation_data,238,8,0.062,NA
240,81,checksum,tourney,FALSE,20,elitize_generation_data,239,7,0.064,NA
241,81,checksum,tourney,FALSE,20,elitize_generation_data,240,7,0.052,NA
242,81,checksum,tourney,FALSE,20,elitize_generation_data,241,9,0.06,NA
243,81,checksum,tourney,FALSE,20,elitize_generation_data,242,10,0.07,NA
244,81,checksum,tourney,FALSE,20,elitize_generation_data,243,11,0.055,NA
245,81,checksum,tourney,FALSE,20,elitize_generation_data,244,9,0.062,NA
246,81,checksum,tourney,FALSE,20,elitize_generation_data,245,9,0.062,NA
247,81,checksum,tourney,FALSE,20,elitize_generation_data,246,8,0.065,NA
248,81,checksum,tourney,FALSE,20,elitize_generation_data,247,7,0.064,NA
249,81,checksum,tourney,FALSE,20,elitize_generation_data,248,10,0.06,NA
250,81,checksum,tourney,FALSE,20,elitize_generation_data,249,5,0.066,NA
251,81,checksum,tourney,FALSE,20,elitize_generation_data,250,9,0.059,NA
252,81,checksum,tourney,FALSE,20,elitize_generation_data,251,9,0.047,NA
253,81,checksum,tourney,FALSE,20,elitize_generation_data,252,7,0.067,NA
254,81,checksum,tourney,FALSE,20,elitize_generation_data,253,6,0.052,NA
255,81,checksum,tourney,FALSE,20,elitize_generation_data,254,5,0.074,NA
256,81,checksum,tourney,FALSE,20,elitize_generation_data,255,11,0.051,NA
257,81,checksum,tourney,FALSE,20,elitize_generation_data,256,9,0.062,NA
258,81,checksum,tourney,FALSE,20,elitize_generation_data,257,9,0.055,NA
259,81,checksum,tourney,FALSE,20,elitize_generation_data,258,9,0.064,NA
260,81,checksum,tourney,FALSE,20,elitize_generation_data,259,6,0.06,NA
261,81,checksum,tourney,FALSE,20,elitize_generation_data,260,4,0.073,NA
262,81,checksum,tourney,FALSE,20,elitize_generation_data,261,7,0.058,NA
263,81,checksum,tourney,FALSE,20,elitize_generation_data,262,6,0.061,NA
264,81,checksum,tourney,FALSE,20,elitize_generation_data,263,5,0.053,NA
265,81,checksum,tourney,FALSE,20,elitize_generation_data,264,10,0.057,NA
266,81,checksum,tourney,FALSE,20,elitize_generation_data,265,6,0.068,NA
267,81,checksum,tourney,FALSE,20,elitize_generation_data,266,7,0.056,NA
268,81,checksum,tourney,FALSE,20,elitize_generation_data,267,6,0.065,NA
269,81,checksum,tourney,FALSE,20,elitize_generation_data,268,7,0.071,NA
270,81,checksum,tourney,FALSE,20,elitize_generation_data,269,7,0.068,NA
271,81,checksum,tourney,FALSE,20,elitize_generation_data,270,7,0.061,NA
272,81,checksum,tourney,FALSE,20,elitize_generation_data,271,6,0.055,NA
273,81,checksum,tourney,FALSE,20,elitize_generation_data,272,8,0.06,NA
274,81,checksum,tourney,FALSE,20,elitize_generation_data,273,11,0.058,NA
275,81,checksum,tourney,FALSE,20,elitize_generation_data,274,6,0.055,NA
276,81,checksum,tourney,FALSE,20,elitize_generation_data,275,8,0.07,NA
277,81,checksum,tourney,FALSE,20,elitize_generation_data,276,5,0.054,NA
278,81,checksum,tourney,FALSE,20,elitize_generation_data,277,11,0.059,NA
279,81,checksum,tourney,FALSE,20,elitize_generation_data,278,10,0.064,NA
280,81,checksum,tourney,FALSE,20,elitize_generation_data,279,6,0.059,NA
281,81,checksum,tourney,FALSE,20,elitize_generation_data,280,6,0.053,NA
282,81,checksum,tourney,FALSE,20,elitize_generation_data,281,8,0.056,NA
283,81,checksum,tourney,FALSE,20,elitize_generation_data,282,9,0.051,NA
284,81,checksum,tourney,FALSE,20,elitize_generation_data,283,6,0.05,NA
285,81,checksum,tourney,FALSE,20,elitize_generation_data,284,6,0.053,NA
286,81,checksum,tourney,FALSE,20,elitize_generation_data,285,7,0.061,NA
287,81,checksum,tourney,FALSE,20,elitize_generation_data,286,6,0.06,NA
288,81,checksum,tourney,FALSE,20,elitize_generation_data,287,6,0.059,NA
289,81,checksum,tourney,FALSE,20,elitize_generation_data,288,6,0.058,NA
290,81,checksum,tourney,FALSE,20,elitize_generation_data,289,7,0.06,NA
291,81,checksum,tourney,FALSE,20,elitize_generation_data,290,8,0.059,NA
292,81,checksum,tourney,FALSE,20,elitize_generation_data,291,7,0.059,NA
293,81,checksum,tourney,FALSE,20,elitize_generation_data,292,6,0.05,NA
294,81,checksum,tourney,FALSE,20,elitize_generation_data,293,6,0.057,NA
295,81,checksum,tourney,FALSE,20,elitize_generation_data,294,8,0.057,NA
296,81,checksum,tourney,FALSE,20,elitize_generation_data,295,6,0.056,NA
297,81,checksum,tourney,FALSE,20,elitize_generation_data,296,9,0.056,NA
298,81,checksum,tourney,FALSE,20,elitize_generation_data,297,5,0.058,NA
299,81,checksum,tourney,FALSE,20,elitize_generation_data,298,9,0.053,NA
300,81,checksum,tourney,FALSE,20,elitize_generation_data,299,10,0.064,NA
301,81,checksum,tourney,FALSE,20,elitize_generation_data,300,9,0.053,NA
