,run.num,problem,treatment,succeeded,height,normalization.function,generation,cluster.count,error.diversity,success.generation
1,84,checksum,tourney,FALSE,20,elitize_generation_data,0,2,0.328,NA
2,84,checksum,tourney,FALSE,20,elitize_generation_data,1,3,0.269,NA
3,84,checksum,tourney,FALSE,20,elitize_generation_data,2,2,0.161,NA
4,84,checksum,tourney,FALSE,20,elitize_generation_data,3,4,0.129,NA
5,84,checksum,tourney,FALSE,20,elitize_generation_data,4,5,0.146,NA
6,84,checksum,tourney,FALSE,20,elitize_generation_data,5,6,0.178,NA
7,84,checksum,tourney,FALSE,20,elitize_generation_data,6,6,0.137,NA
8,84,checksum,tourney,FALSE,20,elitize_generation_data,7,7,0.032,NA
9,84,checksum,tourney,FALSE,20,elitize_generation_data,8,6,0.011,NA
10,84,checksum,tourney,FALSE,20,elitize_generation_data,9,5,0.015,NA
11,84,checksum,tourney,FALSE,20,elitize_generation_data,10,6,0.017,NA
12,84,checksum,tourney,FALSE,20,elitize_generation_data,11,5,0.014,NA
13,84,checksum,tourney,FALSE,20,elitize_generation_data,12,5,0.014,NA
14,84,checksum,tourney,FALSE,20,elitize_generation_data,13,5,0.011,NA
15,84,checksum,tourney,FALSE,20,elitize_generation_data,14,6,0.014,NA
16,84,checksum,tourney,FALSE,20,elitize_generation_data,15,7,0.013,NA
17,84,checksum,tourney,FALSE,20,elitize_generation_data,16,5,0.012,NA
18,84,checksum,tourney,FALSE,20,elitize_generation_data,17,6,0.015,NA
19,84,checksum,tourney,FALSE,20,elitize_generation_data,18,6,0.013,NA
20,84,checksum,tourney,FALSE,20,elitize_generation_data,19,5,0.013,NA
21,84,checksum,tourney,FALSE,20,elitize_generation_data,20,5,0.015,NA
22,84,checksum,tourney,FALSE,20,elitize_generation_data,21,6,0.015,NA
23,84,checksum,tourney,FALSE,20,elitize_generation_data,22,5,0.012,NA
24,84,checksum,tourney,FALSE,20,elitize_generation_data,23,6,0.012,NA
25,84,checksum,tourney,FALSE,20,elitize_generation_data,24,5,0.011,NA
26,84,checksum,tourney,FALSE,20,elitize_generation_data,25,6,0.012,NA
27,84,checksum,tourney,FALSE,20,elitize_generation_data,26,5,0.012,NA
28,84,checksum,tourney,FALSE,20,elitize_generation_data,27,6,0.016,NA
29,84,checksum,tourney,FALSE,20,elitize_generation_data,28,6,0.015,NA
30,84,checksum,tourney,FALSE,20,elitize_generation_data,29,7,0.013,NA
31,84,checksum,tourney,FALSE,20,elitize_generation_data,30,6,0.013,NA
32,84,checksum,tourney,FALSE,20,elitize_generation_data,31,5,0.015,NA
33,84,checksum,tourney,FALSE,20,elitize_generation_data,32,5,0.022,NA
34,84,checksum,tourney,FALSE,20,elitize_generation_data,33,7,0.013,NA
35,84,checksum,tourney,FALSE,20,elitize_generation_data,34,5,0.011,NA
36,84,checksum,tourney,FALSE,20,elitize_generation_data,35,6,0.013,NA
37,84,checksum,tourney,FALSE,20,elitize_generation_data,36,6,0.014,NA
38,84,checksum,tourney,FALSE,20,elitize_generation_data,37,5,0.015,NA
39,84,checksum,tourney,FALSE,20,elitize_generation_data,38,6,0.012,NA
40,84,checksum,tourney,FALSE,20,elitize_generation_data,39,5,0.018,NA
41,84,checksum,tourney,FALSE,20,elitize_generation_data,40,6,0.017,NA
42,84,checksum,tourney,FALSE,20,elitize_generation_data,41,6,0.018,NA
43,84,checksum,tourney,FALSE,20,elitize_generation_data,42,5,0.014,NA
44,84,checksum,tourney,FALSE,20,elitize_generation_data,43,6,0.018,NA
45,84,checksum,tourney,FALSE,20,elitize_generation_data,44,5,0.019,NA
46,84,checksum,tourney,FALSE,20,elitize_generation_data,45,5,0.017,NA
47,84,checksum,tourney,FALSE,20,elitize_generation_data,46,5,0.014,NA
48,84,checksum,tourney,FALSE,20,elitize_generation_data,47,5,0.012,NA
49,84,checksum,tourney,FALSE,20,elitize_generation_data,48,6,0.017,NA
50,84,checksum,tourney,FALSE,20,elitize_generation_data,49,6,0.021,NA
51,84,checksum,tourney,FALSE,20,elitize_generation_data,50,6,0.012,NA
52,84,checksum,tourney,FALSE,20,elitize_generation_data,51,6,0.02,NA
53,84,checksum,tourney,FALSE,20,elitize_generation_data,52,6,0.018,NA
54,84,checksum,tourney,FALSE,20,elitize_generation_data,53,6,0.017,NA
55,84,checksum,tourney,FALSE,20,elitize_generation_data,54,6,0.015,NA
56,84,checksum,tourney,FALSE,20,elitize_generation_data,55,6,0.015,NA
57,84,checksum,tourney,FALSE,20,elitize_generation_data,56,7,0.016,NA
58,84,checksum,tourney,FALSE,20,elitize_generation_data,57,5,0.014,NA
59,84,checksum,tourney,FALSE,20,elitize_generation_data,58,7,0.016,NA
60,84,checksum,tourney,FALSE,20,elitize_generation_data,59,5,0.017,NA
61,84,checksum,tourney,FALSE,20,elitize_generation_data,60,6,0.012,NA
62,84,checksum,tourney,FALSE,20,elitize_generation_data,61,5,0.016,NA
63,84,checksum,tourney,FALSE,20,elitize_generation_data,62,7,0.014,NA
64,84,checksum,tourney,FALSE,20,elitize_generation_data,63,6,0.019,NA
65,84,checksum,tourney,FALSE,20,elitize_generation_data,64,5,0.014,NA
66,84,checksum,tourney,FALSE,20,elitize_generation_data,65,6,0.014,NA
67,84,checksum,tourney,FALSE,20,elitize_generation_data,66,6,0.017,NA
68,84,checksum,tourney,FALSE,20,elitize_generation_data,67,7,0.021,NA
69,84,checksum,tourney,FALSE,20,elitize_generation_data,68,6,0.016,NA
70,84,checksum,tourney,FALSE,20,elitize_generation_data,69,6,0.016,NA
71,84,checksum,tourney,FALSE,20,elitize_generation_data,70,6,0.018,NA
72,84,checksum,tourney,FALSE,20,elitize_generation_data,71,5,0.022,NA
73,84,checksum,tourney,FALSE,20,elitize_generation_data,72,6,0.019,NA
74,84,checksum,tourney,FALSE,20,elitize_generation_data,73,6,0.015,NA
75,84,checksum,tourney,FALSE,20,elitize_generation_data,74,5,0.011,NA
76,84,checksum,tourney,FALSE,20,elitize_generation_data,75,6,0.016,NA
77,84,checksum,tourney,FALSE,20,elitize_generation_data,76,7,0.015,NA
78,84,checksum,tourney,FALSE,20,elitize_generation_data,77,4,0.013,NA
79,84,checksum,tourney,FALSE,20,elitize_generation_data,78,6,0.024,NA
80,84,checksum,tourney,FALSE,20,elitize_generation_data,79,5,0.016,NA
81,84,checksum,tourney,FALSE,20,elitize_generation_data,80,5,0.014,NA
82,84,checksum,tourney,FALSE,20,elitize_generation_data,81,6,0.018,NA
83,84,checksum,tourney,FALSE,20,elitize_generation_data,82,4,0.01,NA
84,84,checksum,tourney,FALSE,20,elitize_generation_data,83,6,0.013,NA
85,84,checksum,tourney,FALSE,20,elitize_generation_data,84,5,0.014,NA
86,84,checksum,tourney,FALSE,20,elitize_generation_data,85,6,0.014,NA
87,84,checksum,tourney,FALSE,20,elitize_generation_data,86,6,0.016,NA
88,84,checksum,tourney,FALSE,20,elitize_generation_data,87,5,0.014,NA
89,84,checksum,tourney,FALSE,20,elitize_generation_data,88,5,0.017,NA
90,84,checksum,tourney,FALSE,20,elitize_generation_data,89,5,0.011,NA
91,84,checksum,tourney,FALSE,20,elitize_generation_data,90,5,0.014,NA
92,84,checksum,tourney,FALSE,20,elitize_generation_data,91,6,0.016,NA
93,84,checksum,tourney,FALSE,20,elitize_generation_data,92,6,0.02,NA
94,84,checksum,tourney,FALSE,20,elitize_generation_data,93,5,0.015,NA
95,84,checksum,tourney,FALSE,20,elitize_generation_data,94,5,0.014,NA
96,84,checksum,tourney,FALSE,20,elitize_generation_data,95,6,0.016,NA
97,84,checksum,tourney,FALSE,20,elitize_generation_data,96,5,0.015,NA
98,84,checksum,tourney,FALSE,20,elitize_generation_data,97,5,0.013,NA
99,84,checksum,tourney,FALSE,20,elitize_generation_data,98,7,0.015,NA
100,84,checksum,tourney,FALSE,20,elitize_generation_data,99,7,0.018,NA
101,84,checksum,tourney,FALSE,20,elitize_generation_data,100,7,0.017,NA
102,84,checksum,tourney,FALSE,20,elitize_generation_data,101,5,0.016,NA
103,84,checksum,tourney,FALSE,20,elitize_generation_data,102,6,0.014,NA
104,84,checksum,tourney,FALSE,20,elitize_generation_data,103,6,0.021,NA
105,84,checksum,tourney,FALSE,20,elitize_generation_data,104,5,0.02,NA
106,84,checksum,tourney,FALSE,20,elitize_generation_data,105,7,0.017,NA
107,84,checksum,tourney,FALSE,20,elitize_generation_data,106,6,0.018,NA
108,84,checksum,tourney,FALSE,20,elitize_generation_data,107,6,0.019,NA
109,84,checksum,tourney,FALSE,20,elitize_generation_data,108,7,0.018,NA
110,84,checksum,tourney,FALSE,20,elitize_generation_data,109,6,0.017,NA
111,84,checksum,tourney,FALSE,20,elitize_generation_data,110,8,0.017,NA
112,84,checksum,tourney,FALSE,20,elitize_generation_data,111,7,0.014,NA
113,84,checksum,tourney,FALSE,20,elitize_generation_data,112,5,0.014,NA
114,84,checksum,tourney,FALSE,20,elitize_generation_data,113,6,0.015,NA
115,84,checksum,tourney,FALSE,20,elitize_generation_data,114,8,0.02,NA
116,84,checksum,tourney,FALSE,20,elitize_generation_data,115,7,0.015,NA
117,84,checksum,tourney,FALSE,20,elitize_generation_data,116,8,0.02,NA
118,84,checksum,tourney,FALSE,20,elitize_generation_data,117,6,0.014,NA
119,84,checksum,tourney,FALSE,20,elitize_generation_data,118,5,0.013,NA
120,84,checksum,tourney,FALSE,20,elitize_generation_data,119,6,0.012,NA
121,84,checksum,tourney,FALSE,20,elitize_generation_data,120,6,0.014,NA
122,84,checksum,tourney,FALSE,20,elitize_generation_data,121,7,0.013,NA
123,84,checksum,tourney,FALSE,20,elitize_generation_data,122,6,0.019,NA
124,84,checksum,tourney,FALSE,20,elitize_generation_data,123,6,0.019,NA
125,84,checksum,tourney,FALSE,20,elitize_generation_data,124,6,0.012,NA
126,84,checksum,tourney,FALSE,20,elitize_generation_data,125,6,0.015,NA
127,84,checksum,tourney,FALSE,20,elitize_generation_data,126,7,0.016,NA
128,84,checksum,tourney,FALSE,20,elitize_generation_data,127,6,0.012,NA
129,84,checksum,tourney,FALSE,20,elitize_generation_data,128,5,0.018,NA
130,84,checksum,tourney,FALSE,20,elitize_generation_data,129,6,0.018,NA
131,84,checksum,tourney,FALSE,20,elitize_generation_data,130,6,0.017,NA
132,84,checksum,tourney,FALSE,20,elitize_generation_data,131,6,0.013,NA
133,84,checksum,tourney,FALSE,20,elitize_generation_data,132,5,0.016,NA
134,84,checksum,tourney,FALSE,20,elitize_generation_data,133,4,0.019,NA
135,84,checksum,tourney,FALSE,20,elitize_generation_data,134,5,0.013,NA
136,84,checksum,tourney,FALSE,20,elitize_generation_data,135,5,0.015,NA
137,84,checksum,tourney,FALSE,20,elitize_generation_data,136,6,0.021,NA
138,84,checksum,tourney,FALSE,20,elitize_generation_data,137,5,0.012,NA
139,84,checksum,tourney,FALSE,20,elitize_generation_data,138,6,0.017,NA
140,84,checksum,tourney,FALSE,20,elitize_generation_data,139,4,0.024,NA
141,84,checksum,tourney,FALSE,20,elitize_generation_data,140,5,0.016,NA
142,84,checksum,tourney,FALSE,20,elitize_generation_data,141,4,0.013,NA
143,84,checksum,tourney,FALSE,20,elitize_generation_data,142,5,0.016,NA
144,84,checksum,tourney,FALSE,20,elitize_generation_data,143,6,0.017,NA
145,84,checksum,tourney,FALSE,20,elitize_generation_data,144,6,0.012,NA
146,84,checksum,tourney,FALSE,20,elitize_generation_data,145,6,0.015,NA
147,84,checksum,tourney,FALSE,20,elitize_generation_data,146,5,0.013,NA
148,84,checksum,tourney,FALSE,20,elitize_generation_data,147,5,0.018,NA
149,84,checksum,tourney,FALSE,20,elitize_generation_data,148,5,0.011,NA
150,84,checksum,tourney,FALSE,20,elitize_generation_data,149,7,0.02,NA
151,84,checksum,tourney,FALSE,20,elitize_generation_data,150,6,0.016,NA
152,84,checksum,tourney,FALSE,20,elitize_generation_data,151,5,0.02,NA
153,84,checksum,tourney,FALSE,20,elitize_generation_data,152,7,0.017,NA
154,84,checksum,tourney,FALSE,20,elitize_generation_data,153,7,0.012,NA
155,84,checksum,tourney,FALSE,20,elitize_generation_data,154,7,0.022,NA
156,84,checksum,tourney,FALSE,20,elitize_generation_data,155,7,0.015,NA
157,84,checksum,tourney,FALSE,20,elitize_generation_data,156,6,0.019,NA
158,84,checksum,tourney,FALSE,20,elitize_generation_data,157,6,0.017,NA
159,84,checksum,tourney,FALSE,20,elitize_generation_data,158,4,0.022,NA
160,84,checksum,tourney,FALSE,20,elitize_generation_data,159,8,0.019,NA
161,84,checksum,tourney,FALSE,20,elitize_generation_data,160,8,0.015,NA
162,84,checksum,tourney,FALSE,20,elitize_generation_data,161,6,0.022,NA
163,84,checksum,tourney,FALSE,20,elitize_generation_data,162,6,0.015,NA
164,84,checksum,tourney,FALSE,20,elitize_generation_data,163,5,0.02,NA
165,84,checksum,tourney,FALSE,20,elitize_generation_data,164,6,0.017,NA
166,84,checksum,tourney,FALSE,20,elitize_generation_data,165,6,0.024,NA
167,84,checksum,tourney,FALSE,20,elitize_generation_data,166,5,0.016,NA
168,84,checksum,tourney,FALSE,20,elitize_generation_data,167,8,0.016,NA
169,84,checksum,tourney,FALSE,20,elitize_generation_data,168,5,0.016,NA
170,84,checksum,tourney,FALSE,20,elitize_generation_data,169,6,0.019,NA
171,84,checksum,tourney,FALSE,20,elitize_generation_data,170,6,0.016,NA
172,84,checksum,tourney,FALSE,20,elitize_generation_data,171,5,0.014,NA
173,84,checksum,tourney,FALSE,20,elitize_generation_data,172,6,0.011,NA
174,84,checksum,tourney,FALSE,20,elitize_generation_data,173,7,0.013,NA
175,84,checksum,tourney,FALSE,20,elitize_generation_data,174,7,0.018,NA
176,84,checksum,tourney,FALSE,20,elitize_generation_data,175,6,0.013,NA
177,84,checksum,tourney,FALSE,20,elitize_generation_data,176,6,0.013,NA
178,84,checksum,tourney,FALSE,20,elitize_generation_data,177,5,0.017,NA
179,84,checksum,tourney,FALSE,20,elitize_generation_data,178,7,0.021,NA
180,84,checksum,tourney,FALSE,20,elitize_generation_data,179,5,0.013,NA
181,84,checksum,tourney,FALSE,20,elitize_generation_data,180,6,0.014,NA
182,84,checksum,tourney,FALSE,20,elitize_generation_data,181,6,0.02,NA
183,84,checksum,tourney,FALSE,20,elitize_generation_data,182,6,0.015,NA
184,84,checksum,tourney,FALSE,20,elitize_generation_data,183,5,0.011,NA
185,84,checksum,tourney,FALSE,20,elitize_generation_data,184,5,0.016,NA
186,84,checksum,tourney,FALSE,20,elitize_generation_data,185,7,0.018,NA
187,84,checksum,tourney,FALSE,20,elitize_generation_data,186,7,0.013,NA
188,84,checksum,tourney,FALSE,20,elitize_generation_data,187,6,0.02,NA
189,84,checksum,tourney,FALSE,20,elitize_generation_data,188,6,0.014,NA
190,84,checksum,tourney,FALSE,20,elitize_generation_data,189,5,0.013,NA
191,84,checksum,tourney,FALSE,20,elitize_generation_data,190,6,0.018,NA
192,84,checksum,tourney,FALSE,20,elitize_generation_data,191,7,0.014,NA
193,84,checksum,tourney,FALSE,20,elitize_generation_data,192,6,0.015,NA
194,84,checksum,tourney,FALSE,20,elitize_generation_data,193,5,0.017,NA
195,84,checksum,tourney,FALSE,20,elitize_generation_data,194,7,0.018,NA
196,84,checksum,tourney,FALSE,20,elitize_generation_data,195,6,0.016,NA
197,84,checksum,tourney,FALSE,20,elitize_generation_data,196,5,0.028,NA
198,84,checksum,tourney,FALSE,20,elitize_generation_data,197,5,0.02,NA
199,84,checksum,tourney,FALSE,20,elitize_generation_data,198,6,0.034,NA
200,84,checksum,tourney,FALSE,20,elitize_generation_data,199,8,0.032,NA
201,84,checksum,tourney,FALSE,20,elitize_generation_data,200,7,0.033,NA
202,84,checksum,tourney,FALSE,20,elitize_generation_data,201,5,0.029,NA
203,84,checksum,tourney,FALSE,20,elitize_generation_data,202,6,0.049,NA
204,84,checksum,tourney,FALSE,20,elitize_generation_data,203,7,0.068,NA
205,84,checksum,tourney,FALSE,20,elitize_generation_data,204,5,0.081,NA
206,84,checksum,tourney,FALSE,20,elitize_generation_data,205,6,0.073,NA
207,84,checksum,tourney,FALSE,20,elitize_generation_data,206,7,0.093,NA
208,84,checksum,tourney,FALSE,20,elitize_generation_data,207,8,0.085,NA
209,84,checksum,tourney,FALSE,20,elitize_generation_data,208,8,0.088,NA
210,84,checksum,tourney,FALSE,20,elitize_generation_data,209,10,0.09,NA
211,84,checksum,tourney,FALSE,20,elitize_generation_data,210,8,0.101,NA
212,84,checksum,tourney,FALSE,20,elitize_generation_data,211,11,0.102,NA
213,84,checksum,tourney,FALSE,20,elitize_generation_data,212,9,0.115,NA
214,84,checksum,tourney,FALSE,20,elitize_generation_data,213,8,0.118,NA
215,84,checksum,tourney,FALSE,20,elitize_generation_data,214,8,0.11,NA
216,84,checksum,tourney,FALSE,20,elitize_generation_data,215,10,0.121,NA
217,84,checksum,tourney,FALSE,20,elitize_generation_data,216,14,0.174,NA
218,84,checksum,tourney,FALSE,20,elitize_generation_data,217,9,0.168,NA
219,84,checksum,tourney,FALSE,20,elitize_generation_data,218,10,0.147,NA
220,84,checksum,tourney,FALSE,20,elitize_generation_data,219,8,0.196,NA
221,84,checksum,tourney,FALSE,20,elitize_generation_data,220,8,0.234,NA
222,84,checksum,tourney,FALSE,20,elitize_generation_data,221,9,0.262,NA
223,84,checksum,tourney,FALSE,20,elitize_generation_data,222,9,0.288,NA
224,84,checksum,tourney,FALSE,20,elitize_generation_data,223,13,0.28,NA
225,84,checksum,tourney,FALSE,20,elitize_generation_data,224,8,0.304,NA
226,84,checksum,tourney,FALSE,20,elitize_generation_data,225,10,0.358,NA
227,84,checksum,tourney,FALSE,20,elitize_generation_data,226,13,0.357,NA
228,84,checksum,tourney,FALSE,20,elitize_generation_data,227,8,0.379,NA
229,84,checksum,tourney,FALSE,20,elitize_generation_data,228,9,0.385,NA
230,84,checksum,tourney,FALSE,20,elitize_generation_data,229,12,0.378,NA
231,84,checksum,tourney,FALSE,20,elitize_generation_data,230,13,0.34,NA
232,84,checksum,tourney,FALSE,20,elitize_generation_data,231,13,0.378,NA
233,84,checksum,tourney,FALSE,20,elitize_generation_data,232,14,0.39,NA
234,84,checksum,tourney,FALSE,20,elitize_generation_data,233,14,0.367,NA
235,84,checksum,tourney,FALSE,20,elitize_generation_data,234,10,0.371,NA
236,84,checksum,tourney,FALSE,20,elitize_generation_data,235,18,0.373,NA
237,84,checksum,tourney,FALSE,20,elitize_generation_data,236,13,0.345,NA
238,84,checksum,tourney,FALSE,20,elitize_generation_data,237,16,0.331,NA
239,84,checksum,tourney,FALSE,20,elitize_generation_data,238,14,0.358,NA
240,84,checksum,tourney,FALSE,20,elitize_generation_data,239,17,0.38,NA
241,84,checksum,tourney,FALSE,20,elitize_generation_data,240,16,0.406,NA
242,84,checksum,tourney,FALSE,20,elitize_generation_data,241,29,0.37,NA
243,84,checksum,tourney,FALSE,20,elitize_generation_data,242,23,0.383,NA
244,84,checksum,tourney,FALSE,20,elitize_generation_data,243,22,0.379,NA
245,84,checksum,tourney,FALSE,20,elitize_generation_data,244,20,0.391,NA
246,84,checksum,tourney,FALSE,20,elitize_generation_data,245,24,0.413,NA
247,84,checksum,tourney,FALSE,20,elitize_generation_data,246,20,0.414,NA
248,84,checksum,tourney,FALSE,20,elitize_generation_data,247,28,0.433,NA
249,84,checksum,tourney,FALSE,20,elitize_generation_data,248,28,0.436,NA
250,84,checksum,tourney,FALSE,20,elitize_generation_data,249,32,0.425,NA
251,84,checksum,tourney,FALSE,20,elitize_generation_data,250,30,0.402,NA
252,84,checksum,tourney,FALSE,20,elitize_generation_data,251,20,0.402,NA
253,84,checksum,tourney,FALSE,20,elitize_generation_data,252,28,0.392,NA
254,84,checksum,tourney,FALSE,20,elitize_generation_data,253,23,0.404,NA
255,84,checksum,tourney,FALSE,20,elitize_generation_data,254,31,0.411,NA
256,84,checksum,tourney,FALSE,20,elitize_generation_data,255,38,0.418,NA
257,84,checksum,tourney,FALSE,20,elitize_generation_data,256,25,0.425,NA
258,84,checksum,tourney,FALSE,20,elitize_generation_data,257,37,0.421,NA
259,84,checksum,tourney,FALSE,20,elitize_generation_data,258,31,0.398,NA
260,84,checksum,tourney,FALSE,20,elitize_generation_data,259,24,0.431,NA
261,84,checksum,tourney,FALSE,20,elitize_generation_data,260,34,0.457,NA
262,84,checksum,tourney,FALSE,20,elitize_generation_data,261,28,0.435,NA
263,84,checksum,tourney,FALSE,20,elitize_generation_data,262,33,0.427,NA
264,84,checksum,tourney,FALSE,20,elitize_generation_data,263,33,0.445,NA
265,84,checksum,tourney,FALSE,20,elitize_generation_data,264,26,0.415,NA
266,84,checksum,tourney,FALSE,20,elitize_generation_data,265,37,0.457,NA
267,84,checksum,tourney,FALSE,20,elitize_generation_data,266,34,0.468,NA
268,84,checksum,tourney,FALSE,20,elitize_generation_data,267,24,0.457,NA
269,84,checksum,tourney,FALSE,20,elitize_generation_data,268,27,0.463,NA
270,84,checksum,tourney,FALSE,20,elitize_generation_data,269,34,0.47,NA
271,84,checksum,tourney,FALSE,20,elitize_generation_data,270,32,0.494,NA
272,84,checksum,tourney,FALSE,20,elitize_generation_data,271,42,0.474,NA
273,84,checksum,tourney,FALSE,20,elitize_generation_data,272,39,0.458,NA
274,84,checksum,tourney,FALSE,20,elitize_generation_data,273,39,0.485,NA
275,84,checksum,tourney,FALSE,20,elitize_generation_data,274,44,0.481,NA
276,84,checksum,tourney,FALSE,20,elitize_generation_data,275,51,0.484,NA
277,84,checksum,tourney,FALSE,20,elitize_generation_data,276,57,0.489,NA
278,84,checksum,tourney,FALSE,20,elitize_generation_data,277,33,0.483,NA
279,84,checksum,tourney,FALSE,20,elitize_generation_data,278,58,0.51,NA
280,84,checksum,tourney,FALSE,20,elitize_generation_data,279,43,0.507,NA
281,84,checksum,tourney,FALSE,20,elitize_generation_data,280,35,0.518,NA
282,84,checksum,tourney,FALSE,20,elitize_generation_data,281,39,0.481,NA
283,84,checksum,tourney,FALSE,20,elitize_generation_data,282,45,0.518,NA
284,84,checksum,tourney,FALSE,20,elitize_generation_data,283,46,0.516,NA
285,84,checksum,tourney,FALSE,20,elitize_generation_data,284,45,0.518,NA
286,84,checksum,tourney,FALSE,20,elitize_generation_data,285,51,0.513,NA
287,84,checksum,tourney,FALSE,20,elitize_generation_data,286,53,0.502,NA
288,84,checksum,tourney,FALSE,20,elitize_generation_data,287,53,0.516,NA
289,84,checksum,tourney,FALSE,20,elitize_generation_data,288,61,0.513,NA
290,84,checksum,tourney,FALSE,20,elitize_generation_data,289,52,0.532,NA
291,84,checksum,tourney,FALSE,20,elitize_generation_data,290,57,0.535,NA
292,84,checksum,tourney,FALSE,20,elitize_generation_data,291,37,0.531,NA
293,84,checksum,tourney,FALSE,20,elitize_generation_data,292,52,0.534,NA
294,84,checksum,tourney,FALSE,20,elitize_generation_data,293,37,0.514,NA
295,84,checksum,tourney,FALSE,20,elitize_generation_data,294,37,0.508,NA
296,84,checksum,tourney,FALSE,20,elitize_generation_data,295,46,0.535,NA
297,84,checksum,tourney,FALSE,20,elitize_generation_data,296,54,0.525,NA
298,84,checksum,tourney,FALSE,20,elitize_generation_data,297,56,0.573,NA
299,84,checksum,tourney,FALSE,20,elitize_generation_data,298,54,0.54,NA
300,84,checksum,tourney,FALSE,20,elitize_generation_data,299,47,0.575,NA
301,84,checksum,tourney,FALSE,20,elitize_generation_data,300,61,0.547,NA
