,run.num,problem,treatment,succeeded,height,normalization.function,generation,cluster.count,error.diversity,success.generation
1,96,checksum,tourney,FALSE,20,elitize_generation_data,0,2,0.323,NA
2,96,checksum,tourney,FALSE,20,elitize_generation_data,1,2,0.257,NA
3,96,checksum,tourney,FALSE,20,elitize_generation_data,2,3,0.167,NA
4,96,checksum,tourney,FALSE,20,elitize_generation_data,3,3,0.185,NA
5,96,checksum,tourney,FALSE,20,elitize_generation_data,4,3,0.223,NA
6,96,checksum,tourney,FALSE,20,elitize_generation_data,5,2,0.27,NA
7,96,checksum,tourney,FALSE,20,elitize_generation_data,6,4,0.249,NA
8,96,checksum,tourney,FALSE,20,elitize_generation_data,7,4,0.179,NA
9,96,checksum,tourney,FALSE,20,elitize_generation_data,8,5,0.189,NA
10,96,checksum,tourney,FALSE,20,elitize_generation_data,9,6,0.187,NA
11,96,checksum,tourney,FALSE,20,elitize_generation_data,10,4,0.192,NA
12,96,checksum,tourney,FALSE,20,elitize_generation_data,11,6,0.157,NA
13,96,checksum,tourney,FALSE,20,elitize_generation_data,12,4,0.144,NA
14,96,checksum,tourney,FALSE,20,elitize_generation_data,13,5,0.08,NA
15,96,checksum,tourney,FALSE,20,elitize_generation_data,14,5,0.071,NA
16,96,checksum,tourney,FALSE,20,elitize_generation_data,15,6,0.079,NA
17,96,checksum,tourney,FALSE,20,elitize_generation_data,16,7,0.08,NA
18,96,checksum,tourney,FALSE,20,elitize_generation_data,17,7,0.085,NA
19,96,checksum,tourney,FALSE,20,elitize_generation_data,18,6,0.108,NA
20,96,checksum,tourney,FALSE,20,elitize_generation_data,19,7,0.116,NA
21,96,checksum,tourney,FALSE,20,elitize_generation_data,20,7,0.135,NA
22,96,checksum,tourney,FALSE,20,elitize_generation_data,21,6,0.132,NA
23,96,checksum,tourney,FALSE,20,elitize_generation_data,22,9,0.144,NA
24,96,checksum,tourney,FALSE,20,elitize_generation_data,23,8,0.131,NA
25,96,checksum,tourney,FALSE,20,elitize_generation_data,24,7,0.139,NA
26,96,checksum,tourney,FALSE,20,elitize_generation_data,25,5,0.124,NA
27,96,checksum,tourney,FALSE,20,elitize_generation_data,26,5,0.124,NA
28,96,checksum,tourney,FALSE,20,elitize_generation_data,27,9,0.122,NA
29,96,checksum,tourney,FALSE,20,elitize_generation_data,28,6,0.131,NA
30,96,checksum,tourney,FALSE,20,elitize_generation_data,29,6,0.131,NA
31,96,checksum,tourney,FALSE,20,elitize_generation_data,30,8,0.137,NA
32,96,checksum,tourney,FALSE,20,elitize_generation_data,31,7,0.141,NA
33,96,checksum,tourney,FALSE,20,elitize_generation_data,32,8,0.117,NA
34,96,checksum,tourney,FALSE,20,elitize_generation_data,33,9,0.093,NA
35,96,checksum,tourney,FALSE,20,elitize_generation_data,34,9,0.107,NA
36,96,checksum,tourney,FALSE,20,elitize_generation_data,35,9,0.119,NA
37,96,checksum,tourney,FALSE,20,elitize_generation_data,36,8,0.108,NA
38,96,checksum,tourney,FALSE,20,elitize_generation_data,37,9,0.12,NA
39,96,checksum,tourney,FALSE,20,elitize_generation_data,38,8,0.119,NA
40,96,checksum,tourney,FALSE,20,elitize_generation_data,39,9,0.119,NA
41,96,checksum,tourney,FALSE,20,elitize_generation_data,40,8,0.11,NA
42,96,checksum,tourney,FALSE,20,elitize_generation_data,41,8,0.118,NA
43,96,checksum,tourney,FALSE,20,elitize_generation_data,42,14,0.133,NA
44,96,checksum,tourney,FALSE,20,elitize_generation_data,43,10,0.139,NA
45,96,checksum,tourney,FALSE,20,elitize_generation_data,44,11,0.117,NA
46,96,checksum,tourney,FALSE,20,elitize_generation_data,45,11,0.122,NA
47,96,checksum,tourney,FALSE,20,elitize_generation_data,46,7,0.128,NA
48,96,checksum,tourney,FALSE,20,elitize_generation_data,47,10,0.128,NA
49,96,checksum,tourney,FALSE,20,elitize_generation_data,48,10,0.114,NA
50,96,checksum,tourney,FALSE,20,elitize_generation_data,49,8,0.107,NA
51,96,checksum,tourney,FALSE,20,elitize_generation_data,50,10,0.105,NA
52,96,checksum,tourney,FALSE,20,elitize_generation_data,51,8,0.127,NA
53,96,checksum,tourney,FALSE,20,elitize_generation_data,52,8,0.117,NA
54,96,checksum,tourney,FALSE,20,elitize_generation_data,53,9,0.128,NA
55,96,checksum,tourney,FALSE,20,elitize_generation_data,54,11,0.129,NA
56,96,checksum,tourney,FALSE,20,elitize_generation_data,55,6,0.112,NA
57,96,checksum,tourney,FALSE,20,elitize_generation_data,56,6,0.122,NA
58,96,checksum,tourney,FALSE,20,elitize_generation_data,57,10,0.121,NA
59,96,checksum,tourney,FALSE,20,elitize_generation_data,58,10,0.146,NA
60,96,checksum,tourney,FALSE,20,elitize_generation_data,59,10,0.143,NA
61,96,checksum,tourney,FALSE,20,elitize_generation_data,60,9,0.197,NA
62,96,checksum,tourney,FALSE,20,elitize_generation_data,61,8,0.236,NA
63,96,checksum,tourney,FALSE,20,elitize_generation_data,62,10,0.257,NA
64,96,checksum,tourney,FALSE,20,elitize_generation_data,63,12,0.274,NA
65,96,checksum,tourney,FALSE,20,elitize_generation_data,64,7,0.278,NA
66,96,checksum,tourney,FALSE,20,elitize_generation_data,65,10,0.313,NA
67,96,checksum,tourney,FALSE,20,elitize_generation_data,66,10,0.323,NA
68,96,checksum,tourney,FALSE,20,elitize_generation_data,67,9,0.318,NA
69,96,checksum,tourney,FALSE,20,elitize_generation_data,68,8,0.329,NA
70,96,checksum,tourney,FALSE,20,elitize_generation_data,69,12,0.311,NA
71,96,checksum,tourney,FALSE,20,elitize_generation_data,70,10,0.246,NA
72,96,checksum,tourney,FALSE,20,elitize_generation_data,71,9,0.243,NA
73,96,checksum,tourney,FALSE,20,elitize_generation_data,72,12,0.277,NA
74,96,checksum,tourney,FALSE,20,elitize_generation_data,73,11,0.258,NA
75,96,checksum,tourney,FALSE,20,elitize_generation_data,74,12,0.266,NA
76,96,checksum,tourney,FALSE,20,elitize_generation_data,75,10,0.245,NA
77,96,checksum,tourney,FALSE,20,elitize_generation_data,76,5,0.231,NA
78,96,checksum,tourney,FALSE,20,elitize_generation_data,77,7,0.253,NA
79,96,checksum,tourney,FALSE,20,elitize_generation_data,78,11,0.266,NA
80,96,checksum,tourney,FALSE,20,elitize_generation_data,79,10,0.277,NA
81,96,checksum,tourney,FALSE,20,elitize_generation_data,80,9,0.273,NA
82,96,checksum,tourney,FALSE,20,elitize_generation_data,81,10,0.3,NA
83,96,checksum,tourney,FALSE,20,elitize_generation_data,82,9,0.294,NA
84,96,checksum,tourney,FALSE,20,elitize_generation_data,83,13,0.336,NA
85,96,checksum,tourney,FALSE,20,elitize_generation_data,84,13,0.336,NA
86,96,checksum,tourney,FALSE,20,elitize_generation_data,85,12,0.327,NA
87,96,checksum,tourney,FALSE,20,elitize_generation_data,86,12,0.32,NA
88,96,checksum,tourney,FALSE,20,elitize_generation_data,87,12,0.325,NA
89,96,checksum,tourney,FALSE,20,elitize_generation_data,88,18,0.346,NA
90,96,checksum,tourney,FALSE,20,elitize_generation_data,89,12,0.341,NA
91,96,checksum,tourney,FALSE,20,elitize_generation_data,90,17,0.337,NA
92,96,checksum,tourney,FALSE,20,elitize_generation_data,91,16,0.374,NA
93,96,checksum,tourney,FALSE,20,elitize_generation_data,92,16,0.408,NA
94,96,checksum,tourney,FALSE,20,elitize_generation_data,93,20,0.411,NA
95,96,checksum,tourney,FALSE,20,elitize_generation_data,94,18,0.441,NA
96,96,checksum,tourney,FALSE,20,elitize_generation_data,95,24,0.451,NA
97,96,checksum,tourney,FALSE,20,elitize_generation_data,96,22,0.477,NA
98,96,checksum,tourney,FALSE,20,elitize_generation_data,97,29,0.481,NA
99,96,checksum,tourney,FALSE,20,elitize_generation_data,98,23,0.497,NA
100,96,checksum,tourney,FALSE,20,elitize_generation_data,99,19,0.483,NA
101,96,checksum,tourney,FALSE,20,elitize_generation_data,100,25,0.513,NA
102,96,checksum,tourney,FALSE,20,elitize_generation_data,101,22,0.53,NA
103,96,checksum,tourney,FALSE,20,elitize_generation_data,102,22,0.546,NA
104,96,checksum,tourney,FALSE,20,elitize_generation_data,103,23,0.508,NA
105,96,checksum,tourney,FALSE,20,elitize_generation_data,104,18,0.5,NA
106,96,checksum,tourney,FALSE,20,elitize_generation_data,105,14,0.492,NA
107,96,checksum,tourney,FALSE,20,elitize_generation_data,106,30,0.493,NA
108,96,checksum,tourney,FALSE,20,elitize_generation_data,107,26,0.497,NA
109,96,checksum,tourney,FALSE,20,elitize_generation_data,108,23,0.49,NA
110,96,checksum,tourney,FALSE,20,elitize_generation_data,109,18,0.482,NA
111,96,checksum,tourney,FALSE,20,elitize_generation_data,110,23,0.479,NA
112,96,checksum,tourney,FALSE,20,elitize_generation_data,111,15,0.47,NA
113,96,checksum,tourney,FALSE,20,elitize_generation_data,112,17,0.509,NA
114,96,checksum,tourney,FALSE,20,elitize_generation_data,113,19,0.489,NA
115,96,checksum,tourney,FALSE,20,elitize_generation_data,114,22,0.512,NA
116,96,checksum,tourney,FALSE,20,elitize_generation_data,115,22,0.492,NA
117,96,checksum,tourney,FALSE,20,elitize_generation_data,116,19,0.528,NA
118,96,checksum,tourney,FALSE,20,elitize_generation_data,117,25,0.53,NA
119,96,checksum,tourney,FALSE,20,elitize_generation_data,118,19,0.501,NA
120,96,checksum,tourney,FALSE,20,elitize_generation_data,119,25,0.517,NA
121,96,checksum,tourney,FALSE,20,elitize_generation_data,120,26,0.54,NA
122,96,checksum,tourney,FALSE,20,elitize_generation_data,121,27,0.56,NA
123,96,checksum,tourney,FALSE,20,elitize_generation_data,122,23,0.586,NA
124,96,checksum,tourney,FALSE,20,elitize_generation_data,123,29,0.581,NA
125,96,checksum,tourney,FALSE,20,elitize_generation_data,124,24,0.602,NA
126,96,checksum,tourney,FALSE,20,elitize_generation_data,125,22,0.588,NA
127,96,checksum,tourney,FALSE,20,elitize_generation_data,126,26,0.621,NA
128,96,checksum,tourney,FALSE,20,elitize_generation_data,127,25,0.604,NA
129,96,checksum,tourney,FALSE,20,elitize_generation_data,128,29,0.624,NA
130,96,checksum,tourney,FALSE,20,elitize_generation_data,129,18,0.64,NA
131,96,checksum,tourney,FALSE,20,elitize_generation_data,130,27,0.656,NA
132,96,checksum,tourney,FALSE,20,elitize_generation_data,131,27,0.63,NA
133,96,checksum,tourney,FALSE,20,elitize_generation_data,132,17,0.673,NA
134,96,checksum,tourney,FALSE,20,elitize_generation_data,133,20,0.633,NA
135,96,checksum,tourney,FALSE,20,elitize_generation_data,134,20,0.627,NA
136,96,checksum,tourney,FALSE,20,elitize_generation_data,135,20,0.587,NA
137,96,checksum,tourney,FALSE,20,elitize_generation_data,136,20,0.594,NA
138,96,checksum,tourney,FALSE,20,elitize_generation_data,137,20,0.589,NA
139,96,checksum,tourney,FALSE,20,elitize_generation_data,138,21,0.586,NA
140,96,checksum,tourney,FALSE,20,elitize_generation_data,139,21,0.586,NA
141,96,checksum,tourney,FALSE,20,elitize_generation_data,140,18,0.608,NA
142,96,checksum,tourney,FALSE,20,elitize_generation_data,141,19,0.581,NA
143,96,checksum,tourney,FALSE,20,elitize_generation_data,142,19,0.602,NA
144,96,checksum,tourney,FALSE,20,elitize_generation_data,143,18,0.628,NA
145,96,checksum,tourney,FALSE,20,elitize_generation_data,144,28,0.629,NA
146,96,checksum,tourney,FALSE,20,elitize_generation_data,145,22,0.61,NA
147,96,checksum,tourney,FALSE,20,elitize_generation_data,146,21,0.624,NA
148,96,checksum,tourney,FALSE,20,elitize_generation_data,147,24,0.626,NA
149,96,checksum,tourney,FALSE,20,elitize_generation_data,148,23,0.624,NA
150,96,checksum,tourney,FALSE,20,elitize_generation_data,149,31,0.64,NA
151,96,checksum,tourney,FALSE,20,elitize_generation_data,150,28,0.635,NA
152,96,checksum,tourney,FALSE,20,elitize_generation_data,151,28,0.622,NA
153,96,checksum,tourney,FALSE,20,elitize_generation_data,152,24,0.634,NA
154,96,checksum,tourney,FALSE,20,elitize_generation_data,153,26,0.638,NA
155,96,checksum,tourney,FALSE,20,elitize_generation_data,154,22,0.644,NA
156,96,checksum,tourney,FALSE,20,elitize_generation_data,155,21,0.618,NA
157,96,checksum,tourney,FALSE,20,elitize_generation_data,156,27,0.625,NA
158,96,checksum,tourney,FALSE,20,elitize_generation_data,157,24,0.638,NA
159,96,checksum,tourney,FALSE,20,elitize_generation_data,158,25,0.664,NA
160,96,checksum,tourney,FALSE,20,elitize_generation_data,159,28,0.659,NA
161,96,checksum,tourney,FALSE,20,elitize_generation_data,160,26,0.656,NA
162,96,checksum,tourney,FALSE,20,elitize_generation_data,161,26,0.666,NA
163,96,checksum,tourney,FALSE,20,elitize_generation_data,162,19,0.649,NA
164,96,checksum,tourney,FALSE,20,elitize_generation_data,163,25,0.675,NA
165,96,checksum,tourney,FALSE,20,elitize_generation_data,164,28,0.675,NA
166,96,checksum,tourney,FALSE,20,elitize_generation_data,165,28,0.655,NA
167,96,checksum,tourney,FALSE,20,elitize_generation_data,166,24,0.697,NA
168,96,checksum,tourney,FALSE,20,elitize_generation_data,167,26,0.69,NA
169,96,checksum,tourney,FALSE,20,elitize_generation_data,168,25,0.687,NA
170,96,checksum,tourney,FALSE,20,elitize_generation_data,169,28,0.671,NA
171,96,checksum,tourney,FALSE,20,elitize_generation_data,170,26,0.697,NA
172,96,checksum,tourney,FALSE,20,elitize_generation_data,171,28,0.663,NA
173,96,checksum,tourney,FALSE,20,elitize_generation_data,172,28,0.674,NA
174,96,checksum,tourney,FALSE,20,elitize_generation_data,173,26,0.639,NA
175,96,checksum,tourney,FALSE,20,elitize_generation_data,174,18,0.646,NA
176,96,checksum,tourney,FALSE,20,elitize_generation_data,175,31,0.637,NA
177,96,checksum,tourney,FALSE,20,elitize_generation_data,176,28,0.647,NA
178,96,checksum,tourney,FALSE,20,elitize_generation_data,177,25,0.668,NA
179,96,checksum,tourney,FALSE,20,elitize_generation_data,178,26,0.66,NA
180,96,checksum,tourney,FALSE,20,elitize_generation_data,179,27,0.706,NA
181,96,checksum,tourney,FALSE,20,elitize_generation_data,180,28,0.703,NA
182,96,checksum,tourney,FALSE,20,elitize_generation_data,181,28,0.718,NA
183,96,checksum,tourney,FALSE,20,elitize_generation_data,182,29,0.716,NA
184,96,checksum,tourney,FALSE,20,elitize_generation_data,183,23,0.71,NA
185,96,checksum,tourney,FALSE,20,elitize_generation_data,184,21,0.68,NA
186,96,checksum,tourney,FALSE,20,elitize_generation_data,185,28,0.682,NA
187,96,checksum,tourney,FALSE,20,elitize_generation_data,186,18,0.722,NA
188,96,checksum,tourney,FALSE,20,elitize_generation_data,187,27,0.707,NA
189,96,checksum,tourney,FALSE,20,elitize_generation_data,188,31,0.683,NA
190,96,checksum,tourney,FALSE,20,elitize_generation_data,189,21,0.688,NA
191,96,checksum,tourney,FALSE,20,elitize_generation_data,190,28,0.689,NA
192,96,checksum,tourney,FALSE,20,elitize_generation_data,191,34,0.662,NA
193,96,checksum,tourney,FALSE,20,elitize_generation_data,192,29,0.714,NA
194,96,checksum,tourney,FALSE,20,elitize_generation_data,193,26,0.692,NA
195,96,checksum,tourney,FALSE,20,elitize_generation_data,194,25,0.647,NA
196,96,checksum,tourney,FALSE,20,elitize_generation_data,195,24,0.655,NA
197,96,checksum,tourney,FALSE,20,elitize_generation_data,196,28,0.694,NA
198,96,checksum,tourney,FALSE,20,elitize_generation_data,197,28,0.721,NA
199,96,checksum,tourney,FALSE,20,elitize_generation_data,198,33,0.708,NA
200,96,checksum,tourney,FALSE,20,elitize_generation_data,199,34,0.723,NA
201,96,checksum,tourney,FALSE,20,elitize_generation_data,200,36,0.719,NA
202,96,checksum,tourney,FALSE,20,elitize_generation_data,201,38,0.726,NA
203,96,checksum,tourney,FALSE,20,elitize_generation_data,202,35,0.726,NA
204,96,checksum,tourney,FALSE,20,elitize_generation_data,203,43,0.712,NA
205,96,checksum,tourney,FALSE,20,elitize_generation_data,204,33,0.703,NA
206,96,checksum,tourney,FALSE,20,elitize_generation_data,205,34,0.706,NA
207,96,checksum,tourney,FALSE,20,elitize_generation_data,206,38,0.706,NA
208,96,checksum,tourney,FALSE,20,elitize_generation_data,207,30,0.692,NA
209,96,checksum,tourney,FALSE,20,elitize_generation_data,208,47,0.707,NA
210,96,checksum,tourney,FALSE,20,elitize_generation_data,209,41,0.694,NA
211,96,checksum,tourney,FALSE,20,elitize_generation_data,210,44,0.719,NA
212,96,checksum,tourney,FALSE,20,elitize_generation_data,211,40,0.709,NA
213,96,checksum,tourney,FALSE,20,elitize_generation_data,212,43,0.713,NA
214,96,checksum,tourney,FALSE,20,elitize_generation_data,213,42,0.696,NA
215,96,checksum,tourney,FALSE,20,elitize_generation_data,214,47,0.733,NA
216,96,checksum,tourney,FALSE,20,elitize_generation_data,215,56,0.713,NA
217,96,checksum,tourney,FALSE,20,elitize_generation_data,216,55,0.746,NA
218,96,checksum,tourney,FALSE,20,elitize_generation_data,217,44,0.744,NA
219,96,checksum,tourney,FALSE,20,elitize_generation_data,218,46,0.714,NA
220,96,checksum,tourney,FALSE,20,elitize_generation_data,219,33,0.721,NA
221,96,checksum,tourney,FALSE,20,elitize_generation_data,220,49,0.728,NA
222,96,checksum,tourney,FALSE,20,elitize_generation_data,221,40,0.709,NA
223,96,checksum,tourney,FALSE,20,elitize_generation_data,222,40,0.722,NA
224,96,checksum,tourney,FALSE,20,elitize_generation_data,223,44,0.706,NA
225,96,checksum,tourney,FALSE,20,elitize_generation_data,224,52,0.711,NA
226,96,checksum,tourney,FALSE,20,elitize_generation_data,225,47,0.72,NA
227,96,checksum,tourney,FALSE,20,elitize_generation_data,226,34,0.716,NA
228,96,checksum,tourney,FALSE,20,elitize_generation_data,227,50,0.739,NA
229,96,checksum,tourney,FALSE,20,elitize_generation_data,228,46,0.691,NA
230,96,checksum,tourney,FALSE,20,elitize_generation_data,229,46,0.685,NA
231,96,checksum,tourney,FALSE,20,elitize_generation_data,230,53,0.708,NA
232,96,checksum,tourney,FALSE,20,elitize_generation_data,231,37,0.7,NA
233,96,checksum,tourney,FALSE,20,elitize_generation_data,232,43,0.711,NA
234,96,checksum,tourney,FALSE,20,elitize_generation_data,233,50,0.729,NA
235,96,checksum,tourney,FALSE,20,elitize_generation_data,234,63,0.73,NA
236,96,checksum,tourney,FALSE,20,elitize_generation_data,235,58,0.724,NA
237,96,checksum,tourney,FALSE,20,elitize_generation_data,236,55,0.741,NA
238,96,checksum,tourney,FALSE,20,elitize_generation_data,237,52,0.73,NA
239,96,checksum,tourney,FALSE,20,elitize_generation_data,238,55,0.722,NA
240,96,checksum,tourney,FALSE,20,elitize_generation_data,239,41,0.744,NA
241,96,checksum,tourney,FALSE,20,elitize_generation_data,240,42,0.745,NA
242,96,checksum,tourney,FALSE,20,elitize_generation_data,241,50,0.738,NA
243,96,checksum,tourney,FALSE,20,elitize_generation_data,242,32,0.739,NA
244,96,checksum,tourney,FALSE,20,elitize_generation_data,243,44,0.726,NA
245,96,checksum,tourney,FALSE,20,elitize_generation_data,244,52,0.731,NA
246,96,checksum,tourney,FALSE,20,elitize_generation_data,245,44,0.721,NA
247,96,checksum,tourney,FALSE,20,elitize_generation_data,246,38,0.726,NA
248,96,checksum,tourney,FALSE,20,elitize_generation_data,247,56,0.713,NA
249,96,checksum,tourney,FALSE,20,elitize_generation_data,248,41,0.729,NA
250,96,checksum,tourney,FALSE,20,elitize_generation_data,249,52,0.738,NA
251,96,checksum,tourney,FALSE,20,elitize_generation_data,250,40,0.737,NA
252,96,checksum,tourney,FALSE,20,elitize_generation_data,251,56,0.746,NA
253,96,checksum,tourney,FALSE,20,elitize_generation_data,252,37,0.746,NA
254,96,checksum,tourney,FALSE,20,elitize_generation_data,253,47,0.726,NA
255,96,checksum,tourney,FALSE,20,elitize_generation_data,254,52,0.728,NA
256,96,checksum,tourney,FALSE,20,elitize_generation_data,255,54,0.742,NA
257,96,checksum,tourney,FALSE,20,elitize_generation_data,256,47,0.741,NA
258,96,checksum,tourney,FALSE,20,elitize_generation_data,257,48,0.75,NA
259,96,checksum,tourney,FALSE,20,elitize_generation_data,258,42,0.767,NA
260,96,checksum,tourney,FALSE,20,elitize_generation_data,259,38,0.765,NA
261,96,checksum,tourney,FALSE,20,elitize_generation_data,260,45,0.77,NA
262,96,checksum,tourney,FALSE,20,elitize_generation_data,261,43,0.737,NA
263,96,checksum,tourney,FALSE,20,elitize_generation_data,262,36,0.757,NA
264,96,checksum,tourney,FALSE,20,elitize_generation_data,263,46,0.741,NA
265,96,checksum,tourney,FALSE,20,elitize_generation_data,264,44,0.762,NA
266,96,checksum,tourney,FALSE,20,elitize_generation_data,265,44,0.783,NA
267,96,checksum,tourney,FALSE,20,elitize_generation_data,266,52,0.77,NA
268,96,checksum,tourney,FALSE,20,elitize_generation_data,267,44,0.784,NA
269,96,checksum,tourney,FALSE,20,elitize_generation_data,268,41,0.804,NA
270,96,checksum,tourney,FALSE,20,elitize_generation_data,269,45,0.8,NA
271,96,checksum,tourney,FALSE,20,elitize_generation_data,270,51,0.767,NA
272,96,checksum,tourney,FALSE,20,elitize_generation_data,271,38,0.792,NA
273,96,checksum,tourney,FALSE,20,elitize_generation_data,272,50,0.768,NA
274,96,checksum,tourney,FALSE,20,elitize_generation_data,273,55,0.783,NA
275,96,checksum,tourney,FALSE,20,elitize_generation_data,274,46,0.8,NA
276,96,checksum,tourney,FALSE,20,elitize_generation_data,275,40,0.778,NA
277,96,checksum,tourney,FALSE,20,elitize_generation_data,276,46,0.816,NA
278,96,checksum,tourney,FALSE,20,elitize_generation_data,277,49,0.82,NA
279,96,checksum,tourney,FALSE,20,elitize_generation_data,278,43,0.807,NA
280,96,checksum,tourney,FALSE,20,elitize_generation_data,279,45,0.802,NA
281,96,checksum,tourney,FALSE,20,elitize_generation_data,280,47,0.813,NA
282,96,checksum,tourney,FALSE,20,elitize_generation_data,281,48,0.819,NA
283,96,checksum,tourney,FALSE,20,elitize_generation_data,282,42,0.819,NA
284,96,checksum,tourney,FALSE,20,elitize_generation_data,283,53,0.824,NA
285,96,checksum,tourney,FALSE,20,elitize_generation_data,284,47,0.829,NA
286,96,checksum,tourney,FALSE,20,elitize_generation_data,285,54,0.825,NA
287,96,checksum,tourney,FALSE,20,elitize_generation_data,286,42,0.832,NA
288,96,checksum,tourney,FALSE,20,elitize_generation_data,287,58,0.798,NA
289,96,checksum,tourney,FALSE,20,elitize_generation_data,288,49,0.801,NA
290,96,checksum,tourney,FALSE,20,elitize_generation_data,289,52,0.815,NA
291,96,checksum,tourney,FALSE,20,elitize_generation_data,290,60,0.819,NA
292,96,checksum,tourney,FALSE,20,elitize_generation_data,291,56,0.848,NA
293,96,checksum,tourney,FALSE,20,elitize_generation_data,292,43,0.796,NA
294,96,checksum,tourney,FALSE,20,elitize_generation_data,293,47,0.802,NA
295,96,checksum,tourney,FALSE,20,elitize_generation_data,294,41,0.77,NA
296,96,checksum,tourney,FALSE,20,elitize_generation_data,295,60,0.762,NA
297,96,checksum,tourney,FALSE,20,elitize_generation_data,296,35,0.771,NA
298,96,checksum,tourney,FALSE,20,elitize_generation_data,297,41,0.778,NA
299,96,checksum,tourney,FALSE,20,elitize_generation_data,298,52,0.78,NA
300,96,checksum,tourney,FALSE,20,elitize_generation_data,299,47,0.799,NA
301,96,checksum,tourney,FALSE,20,elitize_generation_data,300,44,0.809,NA
