,run.num,problem,treatment,succeeded,height,normalization.function,generation,cluster.count,error.diversity,success.generation
1,2,checksum,tourney,FALSE,20,elitize_generation_data,0,3,0.317,NA
2,2,checksum,tourney,FALSE,20,elitize_generation_data,1,3,0.235,NA
3,2,checksum,tourney,FALSE,20,elitize_generation_data,2,4,0.166,NA
4,2,checksum,tourney,FALSE,20,elitize_generation_data,3,3,0.206,NA
5,2,checksum,tourney,FALSE,20,elitize_generation_data,4,2,0.292,NA
6,2,checksum,tourney,FALSE,20,elitize_generation_data,5,4,0.315,NA
7,2,checksum,tourney,FALSE,20,elitize_generation_data,6,2,0.235,NA
8,2,checksum,tourney,FALSE,20,elitize_generation_data,7,3,0.13,NA
9,2,checksum,tourney,FALSE,20,elitize_generation_data,8,5,0.054,NA
10,2,checksum,tourney,FALSE,20,elitize_generation_data,9,5,0.063,NA
11,2,checksum,tourney,FALSE,20,elitize_generation_data,10,6,0.058,NA
12,2,checksum,tourney,FALSE,20,elitize_generation_data,11,4,0.053,NA
13,2,checksum,tourney,FALSE,20,elitize_generation_data,12,6,0.039,NA
14,2,checksum,tourney,FALSE,20,elitize_generation_data,13,4,0.052,NA
15,2,checksum,tourney,FALSE,20,elitize_generation_data,14,4,0.057,NA
16,2,checksum,tourney,FALSE,20,elitize_generation_data,15,6,0.049,NA
17,2,checksum,tourney,FALSE,20,elitize_generation_data,16,6,0.058,NA
18,2,checksum,tourney,FALSE,20,elitize_generation_data,17,7,0.044,NA
19,2,checksum,tourney,FALSE,20,elitize_generation_data,18,7,0.04,NA
20,2,checksum,tourney,FALSE,20,elitize_generation_data,19,8,0.056,NA
21,2,checksum,tourney,FALSE,20,elitize_generation_data,20,6,0.049,NA
22,2,checksum,tourney,FALSE,20,elitize_generation_data,21,5,0.071,NA
23,2,checksum,tourney,FALSE,20,elitize_generation_data,22,6,0.075,NA
24,2,checksum,tourney,FALSE,20,elitize_generation_data,23,11,0.091,NA
25,2,checksum,tourney,FALSE,20,elitize_generation_data,24,9,0.094,NA
26,2,checksum,tourney,FALSE,20,elitize_generation_data,25,8,0.102,NA
27,2,checksum,tourney,FALSE,20,elitize_generation_data,26,6,0.084,NA
28,2,checksum,tourney,FALSE,20,elitize_generation_data,27,9,0.09,NA
29,2,checksum,tourney,FALSE,20,elitize_generation_data,28,9,0.107,NA
30,2,checksum,tourney,FALSE,20,elitize_generation_data,29,11,0.13,NA
31,2,checksum,tourney,FALSE,20,elitize_generation_data,30,6,0.149,NA
32,2,checksum,tourney,FALSE,20,elitize_generation_data,31,7,0.153,NA
33,2,checksum,tourney,FALSE,20,elitize_generation_data,32,5,0.141,NA
34,2,checksum,tourney,FALSE,20,elitize_generation_data,33,7,0.143,NA
35,2,checksum,tourney,FALSE,20,elitize_generation_data,34,8,0.146,NA
36,2,checksum,tourney,FALSE,20,elitize_generation_data,35,8,0.135,NA
37,2,checksum,tourney,FALSE,20,elitize_generation_data,36,9,0.132,NA
38,2,checksum,tourney,FALSE,20,elitize_generation_data,37,6,0.14,NA
39,2,checksum,tourney,FALSE,20,elitize_generation_data,38,8,0.097,NA
40,2,checksum,tourney,FALSE,20,elitize_generation_data,39,6,0.101,NA
41,2,checksum,tourney,FALSE,20,elitize_generation_data,40,6,0.107,NA
42,2,checksum,tourney,FALSE,20,elitize_generation_data,41,7,0.092,NA
43,2,checksum,tourney,FALSE,20,elitize_generation_data,42,8,0.104,NA
44,2,checksum,tourney,FALSE,20,elitize_generation_data,43,7,0.105,NA
45,2,checksum,tourney,FALSE,20,elitize_generation_data,44,8,0.1,NA
46,2,checksum,tourney,FALSE,20,elitize_generation_data,45,8,0.108,NA
47,2,checksum,tourney,FALSE,20,elitize_generation_data,46,10,0.105,NA
48,2,checksum,tourney,FALSE,20,elitize_generation_data,47,7,0.108,NA
49,2,checksum,tourney,FALSE,20,elitize_generation_data,48,7,0.112,NA
50,2,checksum,tourney,FALSE,20,elitize_generation_data,49,9,0.119,NA
51,2,checksum,tourney,FALSE,20,elitize_generation_data,50,10,0.115,NA
52,2,checksum,tourney,FALSE,20,elitize_generation_data,51,8,0.103,NA
53,2,checksum,tourney,FALSE,20,elitize_generation_data,52,5,0.109,NA
54,2,checksum,tourney,FALSE,20,elitize_generation_data,53,7,0.103,NA
55,2,checksum,tourney,FALSE,20,elitize_generation_data,54,9,0.105,NA
56,2,checksum,tourney,FALSE,20,elitize_generation_data,55,12,0.115,NA
57,2,checksum,tourney,FALSE,20,elitize_generation_data,56,9,0.12,NA
58,2,checksum,tourney,FALSE,20,elitize_generation_data,57,12,0.119,NA
59,2,checksum,tourney,FALSE,20,elitize_generation_data,58,12,0.116,NA
60,2,checksum,tourney,FALSE,20,elitize_generation_data,59,12,0.14,NA
61,2,checksum,tourney,FALSE,20,elitize_generation_data,60,12,0.175,NA
62,2,checksum,tourney,FALSE,20,elitize_generation_data,61,16,0.219,NA
63,2,checksum,tourney,FALSE,20,elitize_generation_data,62,20,0.298,NA
64,2,checksum,tourney,FALSE,20,elitize_generation_data,63,14,0.338,NA
65,2,checksum,tourney,FALSE,20,elitize_generation_data,64,21,0.36,NA
66,2,checksum,tourney,FALSE,20,elitize_generation_data,65,22,0.377,NA
67,2,checksum,tourney,FALSE,20,elitize_generation_data,66,20,0.356,NA
68,2,checksum,tourney,FALSE,20,elitize_generation_data,67,23,0.379,NA
69,2,checksum,tourney,FALSE,20,elitize_generation_data,68,19,0.376,NA
70,2,checksum,tourney,FALSE,20,elitize_generation_data,69,19,0.36,NA
71,2,checksum,tourney,FALSE,20,elitize_generation_data,70,18,0.32,NA
72,2,checksum,tourney,FALSE,20,elitize_generation_data,71,16,0.284,NA
73,2,checksum,tourney,FALSE,20,elitize_generation_data,72,24,0.299,NA
74,2,checksum,tourney,FALSE,20,elitize_generation_data,73,17,0.287,NA
75,2,checksum,tourney,FALSE,20,elitize_generation_data,74,15,0.299,NA
76,2,checksum,tourney,FALSE,20,elitize_generation_data,75,17,0.291,NA
77,2,checksum,tourney,FALSE,20,elitize_generation_data,76,19,0.333,NA
78,2,checksum,tourney,FALSE,20,elitize_generation_data,77,18,0.343,NA
79,2,checksum,tourney,FALSE,20,elitize_generation_data,78,24,0.373,NA
80,2,checksum,tourney,FALSE,20,elitize_generation_data,79,18,0.382,NA
81,2,checksum,tourney,FALSE,20,elitize_generation_data,80,22,0.346,NA
82,2,checksum,tourney,FALSE,20,elitize_generation_data,81,20,0.38,NA
83,2,checksum,tourney,FALSE,20,elitize_generation_data,82,18,0.337,NA
84,2,checksum,tourney,FALSE,20,elitize_generation_data,83,17,0.354,NA
85,2,checksum,tourney,FALSE,20,elitize_generation_data,84,16,0.311,NA
86,2,checksum,tourney,FALSE,20,elitize_generation_data,85,18,0.316,NA
87,2,checksum,tourney,FALSE,20,elitize_generation_data,86,17,0.313,NA
88,2,checksum,tourney,FALSE,20,elitize_generation_data,87,15,0.289,NA
89,2,checksum,tourney,FALSE,20,elitize_generation_data,88,15,0.293,NA
90,2,checksum,tourney,FALSE,20,elitize_generation_data,89,19,0.304,NA
91,2,checksum,tourney,FALSE,20,elitize_generation_data,90,21,0.278,NA
92,2,checksum,tourney,FALSE,20,elitize_generation_data,91,17,0.291,NA
93,2,checksum,tourney,FALSE,20,elitize_generation_data,92,16,0.283,NA
94,2,checksum,tourney,FALSE,20,elitize_generation_data,93,14,0.289,NA
95,2,checksum,tourney,FALSE,20,elitize_generation_data,94,22,0.29,NA
96,2,checksum,tourney,FALSE,20,elitize_generation_data,95,21,0.288,NA
97,2,checksum,tourney,FALSE,20,elitize_generation_data,96,17,0.287,NA
98,2,checksum,tourney,FALSE,20,elitize_generation_data,97,19,0.288,NA
99,2,checksum,tourney,FALSE,20,elitize_generation_data,98,19,0.302,NA
100,2,checksum,tourney,FALSE,20,elitize_generation_data,99,17,0.287,NA
101,2,checksum,tourney,FALSE,20,elitize_generation_data,100,25,0.335,NA
102,2,checksum,tourney,FALSE,20,elitize_generation_data,101,23,0.341,NA
103,2,checksum,tourney,FALSE,20,elitize_generation_data,102,19,0.384,NA
104,2,checksum,tourney,FALSE,20,elitize_generation_data,103,21,0.401,NA
105,2,checksum,tourney,FALSE,20,elitize_generation_data,104,21,0.432,NA
106,2,checksum,tourney,FALSE,20,elitize_generation_data,105,30,0.467,NA
107,2,checksum,tourney,FALSE,20,elitize_generation_data,106,20,0.511,NA
108,2,checksum,tourney,FALSE,20,elitize_generation_data,107,23,0.481,NA
109,2,checksum,tourney,FALSE,20,elitize_generation_data,108,22,0.46,NA
110,2,checksum,tourney,FALSE,20,elitize_generation_data,109,24,0.48,NA
111,2,checksum,tourney,FALSE,20,elitize_generation_data,110,24,0.486,NA
112,2,checksum,tourney,FALSE,20,elitize_generation_data,111,25,0.477,NA
113,2,checksum,tourney,FALSE,20,elitize_generation_data,112,27,0.525,NA
114,2,checksum,tourney,FALSE,20,elitize_generation_data,113,24,0.53,NA
115,2,checksum,tourney,FALSE,20,elitize_generation_data,114,22,0.54,NA
116,2,checksum,tourney,FALSE,20,elitize_generation_data,115,30,0.526,NA
117,2,checksum,tourney,FALSE,20,elitize_generation_data,116,26,0.523,NA
118,2,checksum,tourney,FALSE,20,elitize_generation_data,117,22,0.518,NA
119,2,checksum,tourney,FALSE,20,elitize_generation_data,118,27,0.508,NA
120,2,checksum,tourney,FALSE,20,elitize_generation_data,119,23,0.534,NA
121,2,checksum,tourney,FALSE,20,elitize_generation_data,120,24,0.508,NA
122,2,checksum,tourney,FALSE,20,elitize_generation_data,121,20,0.478,NA
123,2,checksum,tourney,FALSE,20,elitize_generation_data,122,23,0.491,NA
124,2,checksum,tourney,FALSE,20,elitize_generation_data,123,23,0.531,NA
125,2,checksum,tourney,FALSE,20,elitize_generation_data,124,20,0.501,NA
126,2,checksum,tourney,FALSE,20,elitize_generation_data,125,22,0.504,NA
127,2,checksum,tourney,FALSE,20,elitize_generation_data,126,27,0.512,NA
128,2,checksum,tourney,FALSE,20,elitize_generation_data,127,25,0.514,NA
129,2,checksum,tourney,FALSE,20,elitize_generation_data,128,24,0.531,NA
130,2,checksum,tourney,FALSE,20,elitize_generation_data,129,27,0.55,NA
131,2,checksum,tourney,FALSE,20,elitize_generation_data,130,21,0.558,NA
132,2,checksum,tourney,FALSE,20,elitize_generation_data,131,23,0.591,NA
133,2,checksum,tourney,FALSE,20,elitize_generation_data,132,29,0.585,NA
134,2,checksum,tourney,FALSE,20,elitize_generation_data,133,20,0.532,NA
135,2,checksum,tourney,FALSE,20,elitize_generation_data,134,25,0.568,NA
136,2,checksum,tourney,FALSE,20,elitize_generation_data,135,20,0.553,NA
137,2,checksum,tourney,FALSE,20,elitize_generation_data,136,26,0.526,NA
138,2,checksum,tourney,FALSE,20,elitize_generation_data,137,22,0.544,NA
139,2,checksum,tourney,FALSE,20,elitize_generation_data,138,22,0.577,NA
140,2,checksum,tourney,FALSE,20,elitize_generation_data,139,25,0.576,NA
141,2,checksum,tourney,FALSE,20,elitize_generation_data,140,23,0.571,NA
142,2,checksum,tourney,FALSE,20,elitize_generation_data,141,28,0.582,NA
143,2,checksum,tourney,FALSE,20,elitize_generation_data,142,28,0.571,NA
144,2,checksum,tourney,FALSE,20,elitize_generation_data,143,25,0.558,NA
145,2,checksum,tourney,FALSE,20,elitize_generation_data,144,23,0.57,NA
146,2,checksum,tourney,FALSE,20,elitize_generation_data,145,23,0.557,NA
147,2,checksum,tourney,FALSE,20,elitize_generation_data,146,25,0.534,NA
148,2,checksum,tourney,FALSE,20,elitize_generation_data,147,22,0.553,NA
149,2,checksum,tourney,FALSE,20,elitize_generation_data,148,27,0.549,NA
150,2,checksum,tourney,FALSE,20,elitize_generation_data,149,29,0.532,NA
151,2,checksum,tourney,FALSE,20,elitize_generation_data,150,21,0.551,NA
152,2,checksum,tourney,FALSE,20,elitize_generation_data,151,31,0.546,NA
153,2,checksum,tourney,FALSE,20,elitize_generation_data,152,29,0.54,NA
154,2,checksum,tourney,FALSE,20,elitize_generation_data,153,26,0.543,NA
155,2,checksum,tourney,FALSE,20,elitize_generation_data,154,25,0.55,NA
156,2,checksum,tourney,FALSE,20,elitize_generation_data,155,26,0.55,NA
157,2,checksum,tourney,FALSE,20,elitize_generation_data,156,29,0.579,NA
158,2,checksum,tourney,FALSE,20,elitize_generation_data,157,24,0.601,NA
159,2,checksum,tourney,FALSE,20,elitize_generation_data,158,27,0.58,NA
160,2,checksum,tourney,FALSE,20,elitize_generation_data,159,24,0.539,NA
161,2,checksum,tourney,FALSE,20,elitize_generation_data,160,31,0.571,NA
162,2,checksum,tourney,FALSE,20,elitize_generation_data,161,20,0.537,NA
163,2,checksum,tourney,FALSE,20,elitize_generation_data,162,27,0.536,NA
164,2,checksum,tourney,FALSE,20,elitize_generation_data,163,28,0.541,NA
165,2,checksum,tourney,FALSE,20,elitize_generation_data,164,30,0.546,NA
166,2,checksum,tourney,FALSE,20,elitize_generation_data,165,27,0.55,NA
167,2,checksum,tourney,FALSE,20,elitize_generation_data,166,27,0.551,NA
168,2,checksum,tourney,FALSE,20,elitize_generation_data,167,23,0.548,NA
169,2,checksum,tourney,FALSE,20,elitize_generation_data,168,18,0.507,NA
170,2,checksum,tourney,FALSE,20,elitize_generation_data,169,23,0.515,NA
171,2,checksum,tourney,FALSE,20,elitize_generation_data,170,23,0.532,NA
172,2,checksum,tourney,FALSE,20,elitize_generation_data,171,26,0.528,NA
173,2,checksum,tourney,FALSE,20,elitize_generation_data,172,26,0.551,NA
174,2,checksum,tourney,FALSE,20,elitize_generation_data,173,22,0.575,NA
175,2,checksum,tourney,FALSE,20,elitize_generation_data,174,25,0.539,NA
176,2,checksum,tourney,FALSE,20,elitize_generation_data,175,24,0.561,NA
177,2,checksum,tourney,FALSE,20,elitize_generation_data,176,25,0.528,NA
178,2,checksum,tourney,FALSE,20,elitize_generation_data,177,24,0.517,NA
179,2,checksum,tourney,FALSE,20,elitize_generation_data,178,24,0.54,NA
180,2,checksum,tourney,FALSE,20,elitize_generation_data,179,20,0.539,NA
181,2,checksum,tourney,FALSE,20,elitize_generation_data,180,24,0.551,NA
182,2,checksum,tourney,FALSE,20,elitize_generation_data,181,23,0.546,NA
183,2,checksum,tourney,FALSE,20,elitize_generation_data,182,31,0.552,NA
184,2,checksum,tourney,FALSE,20,elitize_generation_data,183,32,0.569,NA
185,2,checksum,tourney,FALSE,20,elitize_generation_data,184,23,0.544,NA
186,2,checksum,tourney,FALSE,20,elitize_generation_data,185,25,0.545,NA
187,2,checksum,tourney,FALSE,20,elitize_generation_data,186,25,0.557,NA
188,2,checksum,tourney,FALSE,20,elitize_generation_data,187,33,0.555,NA
189,2,checksum,tourney,FALSE,20,elitize_generation_data,188,24,0.576,NA
190,2,checksum,tourney,FALSE,20,elitize_generation_data,189,22,0.6,NA
191,2,checksum,tourney,FALSE,20,elitize_generation_data,190,27,0.557,NA
192,2,checksum,tourney,FALSE,20,elitize_generation_data,191,22,0.546,NA
193,2,checksum,tourney,FALSE,20,elitize_generation_data,192,21,0.518,NA
194,2,checksum,tourney,FALSE,20,elitize_generation_data,193,19,0.553,NA
195,2,checksum,tourney,FALSE,20,elitize_generation_data,194,27,0.518,NA
196,2,checksum,tourney,FALSE,20,elitize_generation_data,195,22,0.558,NA
197,2,checksum,tourney,FALSE,20,elitize_generation_data,196,25,0.539,NA
198,2,checksum,tourney,FALSE,20,elitize_generation_data,197,28,0.526,NA
199,2,checksum,tourney,FALSE,20,elitize_generation_data,198,17,0.524,NA
200,2,checksum,tourney,FALSE,20,elitize_generation_data,199,23,0.566,NA
201,2,checksum,tourney,FALSE,20,elitize_generation_data,200,31,0.54,NA
202,2,checksum,tourney,FALSE,20,elitize_generation_data,201,27,0.542,NA
203,2,checksum,tourney,FALSE,20,elitize_generation_data,202,26,0.524,NA
204,2,checksum,tourney,FALSE,20,elitize_generation_data,203,23,0.544,NA
205,2,checksum,tourney,FALSE,20,elitize_generation_data,204,26,0.516,NA
206,2,checksum,tourney,FALSE,20,elitize_generation_data,205,26,0.559,NA
207,2,checksum,tourney,FALSE,20,elitize_generation_data,206,22,0.545,NA
208,2,checksum,tourney,FALSE,20,elitize_generation_data,207,24,0.522,NA
209,2,checksum,tourney,FALSE,20,elitize_generation_data,208,26,0.509,NA
210,2,checksum,tourney,FALSE,20,elitize_generation_data,209,25,0.526,NA
211,2,checksum,tourney,FALSE,20,elitize_generation_data,210,30,0.568,NA
212,2,checksum,tourney,FALSE,20,elitize_generation_data,211,30,0.536,NA
213,2,checksum,tourney,FALSE,20,elitize_generation_data,212,30,0.509,NA
214,2,checksum,tourney,FALSE,20,elitize_generation_data,213,24,0.529,NA
215,2,checksum,tourney,FALSE,20,elitize_generation_data,214,22,0.55,NA
216,2,checksum,tourney,FALSE,20,elitize_generation_data,215,27,0.535,NA
217,2,checksum,tourney,FALSE,20,elitize_generation_data,216,31,0.534,NA
218,2,checksum,tourney,FALSE,20,elitize_generation_data,217,26,0.532,NA
219,2,checksum,tourney,FALSE,20,elitize_generation_data,218,33,0.559,NA
220,2,checksum,tourney,FALSE,20,elitize_generation_data,219,29,0.55,NA
221,2,checksum,tourney,FALSE,20,elitize_generation_data,220,23,0.553,NA
222,2,checksum,tourney,FALSE,20,elitize_generation_data,221,23,0.543,NA
223,2,checksum,tourney,FALSE,20,elitize_generation_data,222,31,0.539,NA
224,2,checksum,tourney,FALSE,20,elitize_generation_data,223,26,0.526,NA
225,2,checksum,tourney,FALSE,20,elitize_generation_data,224,25,0.531,NA
226,2,checksum,tourney,FALSE,20,elitize_generation_data,225,26,0.566,NA
227,2,checksum,tourney,FALSE,20,elitize_generation_data,226,28,0.551,NA
228,2,checksum,tourney,FALSE,20,elitize_generation_data,227,25,0.557,NA
229,2,checksum,tourney,FALSE,20,elitize_generation_data,228,24,0.557,NA
230,2,checksum,tourney,FALSE,20,elitize_generation_data,229,24,0.567,NA
231,2,checksum,tourney,FALSE,20,elitize_generation_data,230,23,0.573,NA
232,2,checksum,tourney,FALSE,20,elitize_generation_data,231,22,0.552,NA
233,2,checksum,tourney,FALSE,20,elitize_generation_data,232,24,0.535,NA
234,2,checksum,tourney,FALSE,20,elitize_generation_data,233,26,0.554,NA
235,2,checksum,tourney,FALSE,20,elitize_generation_data,234,23,0.554,NA
236,2,checksum,tourney,FALSE,20,elitize_generation_data,235,27,0.569,NA
237,2,checksum,tourney,FALSE,20,elitize_generation_data,236,27,0.538,NA
238,2,checksum,tourney,FALSE,20,elitize_generation_data,237,28,0.537,NA
239,2,checksum,tourney,FALSE,20,elitize_generation_data,238,28,0.572,NA
240,2,checksum,tourney,FALSE,20,elitize_generation_data,239,25,0.55,NA
241,2,checksum,tourney,FALSE,20,elitize_generation_data,240,26,0.538,NA
242,2,checksum,tourney,FALSE,20,elitize_generation_data,241,20,0.534,NA
243,2,checksum,tourney,FALSE,20,elitize_generation_data,242,31,0.548,NA
244,2,checksum,tourney,FALSE,20,elitize_generation_data,243,32,0.535,NA
245,2,checksum,tourney,FALSE,20,elitize_generation_data,244,27,0.524,NA
246,2,checksum,tourney,FALSE,20,elitize_generation_data,245,26,0.556,NA
247,2,checksum,tourney,FALSE,20,elitize_generation_data,246,25,0.522,NA
248,2,checksum,tourney,FALSE,20,elitize_generation_data,247,30,0.532,NA
249,2,checksum,tourney,FALSE,20,elitize_generation_data,248,22,0.555,NA
250,2,checksum,tourney,FALSE,20,elitize_generation_data,249,28,0.545,NA
251,2,checksum,tourney,FALSE,20,elitize_generation_data,250,22,0.577,NA
252,2,checksum,tourney,FALSE,20,elitize_generation_data,251,34,0.585,NA
253,2,checksum,tourney,FALSE,20,elitize_generation_data,252,25,0.55,NA
254,2,checksum,tourney,FALSE,20,elitize_generation_data,253,24,0.563,NA
255,2,checksum,tourney,FALSE,20,elitize_generation_data,254,24,0.584,NA
256,2,checksum,tourney,FALSE,20,elitize_generation_data,255,27,0.565,NA
257,2,checksum,tourney,FALSE,20,elitize_generation_data,256,26,0.572,NA
258,2,checksum,tourney,FALSE,20,elitize_generation_data,257,29,0.548,NA
259,2,checksum,tourney,FALSE,20,elitize_generation_data,258,23,0.545,NA
260,2,checksum,tourney,FALSE,20,elitize_generation_data,259,30,0.552,NA
261,2,checksum,tourney,FALSE,20,elitize_generation_data,260,30,0.532,NA
262,2,checksum,tourney,FALSE,20,elitize_generation_data,261,28,0.562,NA
263,2,checksum,tourney,FALSE,20,elitize_generation_data,262,23,0.537,NA
264,2,checksum,tourney,FALSE,20,elitize_generation_data,263,23,0.557,NA
265,2,checksum,tourney,FALSE,20,elitize_generation_data,264,27,0.552,NA
266,2,checksum,tourney,FALSE,20,elitize_generation_data,265,25,0.546,NA
267,2,checksum,tourney,FALSE,20,elitize_generation_data,266,25,0.549,NA
268,2,checksum,tourney,FALSE,20,elitize_generation_data,267,26,0.523,NA
269,2,checksum,tourney,FALSE,20,elitize_generation_data,268,30,0.55,NA
270,2,checksum,tourney,FALSE,20,elitize_generation_data,269,29,0.535,NA
271,2,checksum,tourney,FALSE,20,elitize_generation_data,270,25,0.541,NA
272,2,checksum,tourney,FALSE,20,elitize_generation_data,271,21,0.557,NA
273,2,checksum,tourney,FALSE,20,elitize_generation_data,272,23,0.558,NA
274,2,checksum,tourney,FALSE,20,elitize_generation_data,273,30,0.552,NA
275,2,checksum,tourney,FALSE,20,elitize_generation_data,274,33,0.547,NA
276,2,checksum,tourney,FALSE,20,elitize_generation_data,275,24,0.557,NA
277,2,checksum,tourney,FALSE,20,elitize_generation_data,276,23,0.536,NA
278,2,checksum,tourney,FALSE,20,elitize_generation_data,277,31,0.549,NA
279,2,checksum,tourney,FALSE,20,elitize_generation_data,278,25,0.575,NA
280,2,checksum,tourney,FALSE,20,elitize_generation_data,279,28,0.538,NA
281,2,checksum,tourney,FALSE,20,elitize_generation_data,280,24,0.546,NA
282,2,checksum,tourney,FALSE,20,elitize_generation_data,281,29,0.552,NA
283,2,checksum,tourney,FALSE,20,elitize_generation_data,282,26,0.55,NA
284,2,checksum,tourney,FALSE,20,elitize_generation_data,283,23,0.559,NA
285,2,checksum,tourney,FALSE,20,elitize_generation_data,284,31,0.544,NA
286,2,checksum,tourney,FALSE,20,elitize_generation_data,285,27,0.529,NA
287,2,checksum,tourney,FALSE,20,elitize_generation_data,286,23,0.542,NA
288,2,checksum,tourney,FALSE,20,elitize_generation_data,287,32,0.555,NA
289,2,checksum,tourney,FALSE,20,elitize_generation_data,288,30,0.547,NA
290,2,checksum,tourney,FALSE,20,elitize_generation_data,289,36,0.523,NA
291,2,checksum,tourney,FALSE,20,elitize_generation_data,290,32,0.551,NA
292,2,checksum,tourney,FALSE,20,elitize_generation_data,291,26,0.549,NA
293,2,checksum,tourney,FALSE,20,elitize_generation_data,292,28,0.571,NA
294,2,checksum,tourney,FALSE,20,elitize_generation_data,293,26,0.559,NA
295,2,checksum,tourney,FALSE,20,elitize_generation_data,294,33,0.543,NA
296,2,checksum,tourney,FALSE,20,elitize_generation_data,295,27,0.571,NA
297,2,checksum,tourney,FALSE,20,elitize_generation_data,296,23,0.569,NA
298,2,checksum,tourney,FALSE,20,elitize_generation_data,297,30,0.54,NA
299,2,checksum,tourney,FALSE,20,elitize_generation_data,298,23,0.54,NA
300,2,checksum,tourney,FALSE,20,elitize_generation_data,299,23,0.549,NA
301,2,checksum,tourney,FALSE,20,elitize_generation_data,300,29,0.538,NA
