,run.num,problem,treatment,succeeded,height,normalization.function,generation,cluster.count,error.diversity,success.generation
1,75,checksum,tourney,FALSE,20,elitize_generation_data,0,2,0.297,NA
2,75,checksum,tourney,FALSE,20,elitize_generation_data,1,2,0.237,NA
3,75,checksum,tourney,FALSE,20,elitize_generation_data,2,3,0.143,NA
4,75,checksum,tourney,FALSE,20,elitize_generation_data,3,4,0.145,NA
5,75,checksum,tourney,FALSE,20,elitize_generation_data,4,3,0.108,NA
6,75,checksum,tourney,FALSE,20,elitize_generation_data,5,5,0.083,NA
7,75,checksum,tourney,FALSE,20,elitize_generation_data,6,7,0.081,NA
8,75,checksum,tourney,FALSE,20,elitize_generation_data,7,8,0.047,NA
9,75,checksum,tourney,FALSE,20,elitize_generation_data,8,5,0.055,NA
10,75,checksum,tourney,FALSE,20,elitize_generation_data,9,7,0.047,NA
11,75,checksum,tourney,FALSE,20,elitize_generation_data,10,7,0.049,NA
12,75,checksum,tourney,FALSE,20,elitize_generation_data,11,7,0.046,NA
13,75,checksum,tourney,FALSE,20,elitize_generation_data,12,6,0.048,NA
14,75,checksum,tourney,FALSE,20,elitize_generation_data,13,7,0.051,NA
15,75,checksum,tourney,FALSE,20,elitize_generation_data,14,7,0.044,NA
16,75,checksum,tourney,FALSE,20,elitize_generation_data,15,8,0.042,NA
17,75,checksum,tourney,FALSE,20,elitize_generation_data,16,6,0.042,NA
18,75,checksum,tourney,FALSE,20,elitize_generation_data,17,5,0.05,NA
19,75,checksum,tourney,FALSE,20,elitize_generation_data,18,7,0.041,NA
20,75,checksum,tourney,FALSE,20,elitize_generation_data,19,7,0.048,NA
21,75,checksum,tourney,FALSE,20,elitize_generation_data,20,5,0.049,NA
22,75,checksum,tourney,FALSE,20,elitize_generation_data,21,7,0.034,NA
23,75,checksum,tourney,FALSE,20,elitize_generation_data,22,6,0.042,NA
24,75,checksum,tourney,FALSE,20,elitize_generation_data,23,5,0.044,NA
25,75,checksum,tourney,FALSE,20,elitize_generation_data,24,5,0.044,NA
26,75,checksum,tourney,FALSE,20,elitize_generation_data,25,7,0.046,NA
27,75,checksum,tourney,FALSE,20,elitize_generation_data,26,6,0.046,NA
28,75,checksum,tourney,FALSE,20,elitize_generation_data,27,4,0.041,NA
29,75,checksum,tourney,FALSE,20,elitize_generation_data,28,8,0.043,NA
30,75,checksum,tourney,FALSE,20,elitize_generation_data,29,7,0.032,NA
31,75,checksum,tourney,FALSE,20,elitize_generation_data,30,6,0.052,NA
32,75,checksum,tourney,FALSE,20,elitize_generation_data,31,7,0.056,NA
33,75,checksum,tourney,FALSE,20,elitize_generation_data,32,5,0.07,NA
34,75,checksum,tourney,FALSE,20,elitize_generation_data,33,7,0.1,NA
35,75,checksum,tourney,FALSE,20,elitize_generation_data,34,6,0.115,NA
36,75,checksum,tourney,FALSE,20,elitize_generation_data,35,7,0.096,NA
37,75,checksum,tourney,FALSE,20,elitize_generation_data,36,7,0.092,NA
38,75,checksum,tourney,FALSE,20,elitize_generation_data,37,11,0.113,NA
39,75,checksum,tourney,FALSE,20,elitize_generation_data,38,11,0.102,NA
40,75,checksum,tourney,FALSE,20,elitize_generation_data,39,6,0.099,NA
41,75,checksum,tourney,FALSE,20,elitize_generation_data,40,8,0.11,NA
42,75,checksum,tourney,FALSE,20,elitize_generation_data,41,10,0.118,NA
43,75,checksum,tourney,FALSE,20,elitize_generation_data,42,5,0.116,NA
44,75,checksum,tourney,FALSE,20,elitize_generation_data,43,9,0.095,NA
45,75,checksum,tourney,FALSE,20,elitize_generation_data,44,10,0.108,NA
46,75,checksum,tourney,FALSE,20,elitize_generation_data,45,8,0.112,NA
47,75,checksum,tourney,FALSE,20,elitize_generation_data,46,8,0.109,NA
48,75,checksum,tourney,FALSE,20,elitize_generation_data,47,7,0.132,NA
49,75,checksum,tourney,FALSE,20,elitize_generation_data,48,8,0.134,NA
50,75,checksum,tourney,FALSE,20,elitize_generation_data,49,6,0.12,NA
51,75,checksum,tourney,FALSE,20,elitize_generation_data,50,7,0.139,NA
52,75,checksum,tourney,FALSE,20,elitize_generation_data,51,8,0.138,NA
53,75,checksum,tourney,FALSE,20,elitize_generation_data,52,9,0.134,NA
54,75,checksum,tourney,FALSE,20,elitize_generation_data,53,8,0.143,NA
55,75,checksum,tourney,FALSE,20,elitize_generation_data,54,6,0.136,NA
56,75,checksum,tourney,FALSE,20,elitize_generation_data,55,10,0.163,NA
57,75,checksum,tourney,FALSE,20,elitize_generation_data,56,9,0.159,NA
58,75,checksum,tourney,FALSE,20,elitize_generation_data,57,7,0.141,NA
59,75,checksum,tourney,FALSE,20,elitize_generation_data,58,6,0.14,NA
60,75,checksum,tourney,FALSE,20,elitize_generation_data,59,7,0.144,NA
61,75,checksum,tourney,FALSE,20,elitize_generation_data,60,8,0.163,NA
62,75,checksum,tourney,FALSE,20,elitize_generation_data,61,9,0.161,NA
63,75,checksum,tourney,FALSE,20,elitize_generation_data,62,6,0.147,NA
64,75,checksum,tourney,FALSE,20,elitize_generation_data,63,10,0.156,NA
65,75,checksum,tourney,FALSE,20,elitize_generation_data,64,10,0.164,NA
66,75,checksum,tourney,FALSE,20,elitize_generation_data,65,10,0.16,NA
67,75,checksum,tourney,FALSE,20,elitize_generation_data,66,9,0.15,NA
68,75,checksum,tourney,FALSE,20,elitize_generation_data,67,8,0.183,NA
69,75,checksum,tourney,FALSE,20,elitize_generation_data,68,10,0.184,NA
70,75,checksum,tourney,FALSE,20,elitize_generation_data,69,6,0.177,NA
71,75,checksum,tourney,FALSE,20,elitize_generation_data,70,11,0.194,NA
72,75,checksum,tourney,FALSE,20,elitize_generation_data,71,9,0.219,NA
73,75,checksum,tourney,FALSE,20,elitize_generation_data,72,9,0.207,NA
74,75,checksum,tourney,FALSE,20,elitize_generation_data,73,9,0.228,NA
75,75,checksum,tourney,FALSE,20,elitize_generation_data,74,8,0.202,NA
76,75,checksum,tourney,FALSE,20,elitize_generation_data,75,10,0.202,NA
77,75,checksum,tourney,FALSE,20,elitize_generation_data,76,9,0.223,NA
78,75,checksum,tourney,FALSE,20,elitize_generation_data,77,9,0.213,NA
79,75,checksum,tourney,FALSE,20,elitize_generation_data,78,9,0.188,NA
80,75,checksum,tourney,FALSE,20,elitize_generation_data,79,7,0.201,NA
81,75,checksum,tourney,FALSE,20,elitize_generation_data,80,8,0.205,NA
82,75,checksum,tourney,FALSE,20,elitize_generation_data,81,9,0.206,NA
83,75,checksum,tourney,FALSE,20,elitize_generation_data,82,9,0.221,NA
84,75,checksum,tourney,FALSE,20,elitize_generation_data,83,10,0.201,NA
85,75,checksum,tourney,FALSE,20,elitize_generation_data,84,10,0.207,NA
86,75,checksum,tourney,FALSE,20,elitize_generation_data,85,11,0.198,NA
87,75,checksum,tourney,FALSE,20,elitize_generation_data,86,10,0.197,NA
88,75,checksum,tourney,FALSE,20,elitize_generation_data,87,9,0.201,NA
89,75,checksum,tourney,FALSE,20,elitize_generation_data,88,6,0.182,NA
90,75,checksum,tourney,FALSE,20,elitize_generation_data,89,7,0.187,NA
91,75,checksum,tourney,FALSE,20,elitize_generation_data,90,6,0.193,NA
92,75,checksum,tourney,FALSE,20,elitize_generation_data,91,7,0.181,NA
93,75,checksum,tourney,FALSE,20,elitize_generation_data,92,7,0.194,NA
94,75,checksum,tourney,FALSE,20,elitize_generation_data,93,10,0.181,NA
95,75,checksum,tourney,FALSE,20,elitize_generation_data,94,5,0.181,NA
96,75,checksum,tourney,FALSE,20,elitize_generation_data,95,8,0.166,NA
97,75,checksum,tourney,FALSE,20,elitize_generation_data,96,11,0.18,NA
98,75,checksum,tourney,FALSE,20,elitize_generation_data,97,5,0.175,NA
99,75,checksum,tourney,FALSE,20,elitize_generation_data,98,7,0.179,NA
100,75,checksum,tourney,FALSE,20,elitize_generation_data,99,6,0.162,NA
101,75,checksum,tourney,FALSE,20,elitize_generation_data,100,5,0.201,NA
102,75,checksum,tourney,FALSE,20,elitize_generation_data,101,8,0.207,NA
103,75,checksum,tourney,FALSE,20,elitize_generation_data,102,8,0.221,NA
104,75,checksum,tourney,FALSE,20,elitize_generation_data,103,4,0.163,NA
105,75,checksum,tourney,FALSE,20,elitize_generation_data,104,8,0.16,NA
106,75,checksum,tourney,FALSE,20,elitize_generation_data,105,5,0.154,NA
107,75,checksum,tourney,FALSE,20,elitize_generation_data,106,7,0.166,NA
108,75,checksum,tourney,FALSE,20,elitize_generation_data,107,7,0.199,NA
109,75,checksum,tourney,FALSE,20,elitize_generation_data,108,8,0.204,NA
110,75,checksum,tourney,FALSE,20,elitize_generation_data,109,6,0.212,NA
111,75,checksum,tourney,FALSE,20,elitize_generation_data,110,6,0.219,NA
112,75,checksum,tourney,FALSE,20,elitize_generation_data,111,6,0.238,NA
113,75,checksum,tourney,FALSE,20,elitize_generation_data,112,6,0.261,NA
114,75,checksum,tourney,FALSE,20,elitize_generation_data,113,7,0.279,NA
115,75,checksum,tourney,FALSE,20,elitize_generation_data,114,6,0.269,NA
116,75,checksum,tourney,FALSE,20,elitize_generation_data,115,5,0.268,NA
117,75,checksum,tourney,FALSE,20,elitize_generation_data,116,6,0.253,NA
118,75,checksum,tourney,FALSE,20,elitize_generation_data,117,5,0.287,NA
119,75,checksum,tourney,FALSE,20,elitize_generation_data,118,9,0.278,NA
120,75,checksum,tourney,FALSE,20,elitize_generation_data,119,6,0.272,NA
121,75,checksum,tourney,FALSE,20,elitize_generation_data,120,9,0.247,NA
122,75,checksum,tourney,FALSE,20,elitize_generation_data,121,8,0.27,NA
123,75,checksum,tourney,FALSE,20,elitize_generation_data,122,7,0.287,NA
124,75,checksum,tourney,FALSE,20,elitize_generation_data,123,8,0.285,NA
125,75,checksum,tourney,FALSE,20,elitize_generation_data,124,10,0.282,NA
126,75,checksum,tourney,FALSE,20,elitize_generation_data,125,5,0.284,NA
127,75,checksum,tourney,FALSE,20,elitize_generation_data,126,4,0.282,NA
128,75,checksum,tourney,FALSE,20,elitize_generation_data,127,6,0.276,NA
129,75,checksum,tourney,FALSE,20,elitize_generation_data,128,7,0.295,NA
130,75,checksum,tourney,FALSE,20,elitize_generation_data,129,6,0.274,NA
131,75,checksum,tourney,FALSE,20,elitize_generation_data,130,8,0.273,NA
132,75,checksum,tourney,FALSE,20,elitize_generation_data,131,9,0.283,NA
133,75,checksum,tourney,FALSE,20,elitize_generation_data,132,8,0.278,NA
134,75,checksum,tourney,FALSE,20,elitize_generation_data,133,6,0.275,NA
135,75,checksum,tourney,FALSE,20,elitize_generation_data,134,6,0.293,NA
136,75,checksum,tourney,FALSE,20,elitize_generation_data,135,5,0.284,NA
137,75,checksum,tourney,FALSE,20,elitize_generation_data,136,7,0.302,NA
138,75,checksum,tourney,FALSE,20,elitize_generation_data,137,6,0.27,NA
139,75,checksum,tourney,FALSE,20,elitize_generation_data,138,6,0.28,NA
140,75,checksum,tourney,FALSE,20,elitize_generation_data,139,8,0.278,NA
141,75,checksum,tourney,FALSE,20,elitize_generation_data,140,8,0.27,NA
142,75,checksum,tourney,FALSE,20,elitize_generation_data,141,6,0.251,NA
143,75,checksum,tourney,FALSE,20,elitize_generation_data,142,5,0.272,NA
144,75,checksum,tourney,FALSE,20,elitize_generation_data,143,8,0.277,NA
145,75,checksum,tourney,FALSE,20,elitize_generation_data,144,7,0.276,NA
146,75,checksum,tourney,FALSE,20,elitize_generation_data,145,6,0.261,NA
147,75,checksum,tourney,FALSE,20,elitize_generation_data,146,7,0.26,NA
148,75,checksum,tourney,FALSE,20,elitize_generation_data,147,6,0.277,NA
149,75,checksum,tourney,FALSE,20,elitize_generation_data,148,6,0.261,NA
150,75,checksum,tourney,FALSE,20,elitize_generation_data,149,7,0.247,NA
151,75,checksum,tourney,FALSE,20,elitize_generation_data,150,7,0.259,NA
152,75,checksum,tourney,FALSE,20,elitize_generation_data,151,10,0.269,NA
153,75,checksum,tourney,FALSE,20,elitize_generation_data,152,7,0.263,NA
154,75,checksum,tourney,FALSE,20,elitize_generation_data,153,7,0.269,NA
155,75,checksum,tourney,FALSE,20,elitize_generation_data,154,6,0.256,NA
156,75,checksum,tourney,FALSE,20,elitize_generation_data,155,7,0.243,NA
157,75,checksum,tourney,FALSE,20,elitize_generation_data,156,5,0.261,NA
158,75,checksum,tourney,FALSE,20,elitize_generation_data,157,5,0.271,NA
159,75,checksum,tourney,FALSE,20,elitize_generation_data,158,6,0.258,NA
160,75,checksum,tourney,FALSE,20,elitize_generation_data,159,9,0.236,NA
161,75,checksum,tourney,FALSE,20,elitize_generation_data,160,5,0.248,NA
162,75,checksum,tourney,FALSE,20,elitize_generation_data,161,8,0.238,NA
163,75,checksum,tourney,FALSE,20,elitize_generation_data,162,6,0.287,NA
164,75,checksum,tourney,FALSE,20,elitize_generation_data,163,9,0.269,NA
165,75,checksum,tourney,FALSE,20,elitize_generation_data,164,7,0.245,NA
166,75,checksum,tourney,FALSE,20,elitize_generation_data,165,8,0.249,NA
167,75,checksum,tourney,FALSE,20,elitize_generation_data,166,4,0.25,NA
168,75,checksum,tourney,FALSE,20,elitize_generation_data,167,8,0.264,NA
169,75,checksum,tourney,FALSE,20,elitize_generation_data,168,5,0.258,NA
170,75,checksum,tourney,FALSE,20,elitize_generation_data,169,7,0.274,NA
171,75,checksum,tourney,FALSE,20,elitize_generation_data,170,6,0.276,NA
172,75,checksum,tourney,FALSE,20,elitize_generation_data,171,6,0.264,NA
173,75,checksum,tourney,FALSE,20,elitize_generation_data,172,6,0.256,NA
174,75,checksum,tourney,FALSE,20,elitize_generation_data,173,5,0.268,NA
175,75,checksum,tourney,FALSE,20,elitize_generation_data,174,6,0.267,NA
176,75,checksum,tourney,FALSE,20,elitize_generation_data,175,7,0.243,NA
177,75,checksum,tourney,FALSE,20,elitize_generation_data,176,5,0.239,NA
178,75,checksum,tourney,FALSE,20,elitize_generation_data,177,6,0.264,NA
179,75,checksum,tourney,FALSE,20,elitize_generation_data,178,6,0.24,NA
180,75,checksum,tourney,FALSE,20,elitize_generation_data,179,7,0.246,NA
181,75,checksum,tourney,FALSE,20,elitize_generation_data,180,6,0.264,NA
182,75,checksum,tourney,FALSE,20,elitize_generation_data,181,5,0.249,NA
183,75,checksum,tourney,FALSE,20,elitize_generation_data,182,6,0.263,NA
184,75,checksum,tourney,FALSE,20,elitize_generation_data,183,6,0.248,NA
185,75,checksum,tourney,FALSE,20,elitize_generation_data,184,8,0.249,NA
186,75,checksum,tourney,FALSE,20,elitize_generation_data,185,7,0.245,NA
187,75,checksum,tourney,FALSE,20,elitize_generation_data,186,7,0.27,NA
188,75,checksum,tourney,FALSE,20,elitize_generation_data,187,7,0.25,NA
189,75,checksum,tourney,FALSE,20,elitize_generation_data,188,5,0.257,NA
190,75,checksum,tourney,FALSE,20,elitize_generation_data,189,6,0.258,NA
191,75,checksum,tourney,FALSE,20,elitize_generation_data,190,8,0.256,NA
192,75,checksum,tourney,FALSE,20,elitize_generation_data,191,6,0.261,NA
193,75,checksum,tourney,FALSE,20,elitize_generation_data,192,6,0.237,NA
194,75,checksum,tourney,FALSE,20,elitize_generation_data,193,6,0.255,NA
195,75,checksum,tourney,FALSE,20,elitize_generation_data,194,7,0.254,NA
196,75,checksum,tourney,FALSE,20,elitize_generation_data,195,7,0.239,NA
197,75,checksum,tourney,FALSE,20,elitize_generation_data,196,6,0.243,NA
198,75,checksum,tourney,FALSE,20,elitize_generation_data,197,5,0.256,NA
199,75,checksum,tourney,FALSE,20,elitize_generation_data,198,7,0.242,NA
200,75,checksum,tourney,FALSE,20,elitize_generation_data,199,6,0.252,NA
201,75,checksum,tourney,FALSE,20,elitize_generation_data,200,7,0.239,NA
202,75,checksum,tourney,FALSE,20,elitize_generation_data,201,6,0.249,NA
203,75,checksum,tourney,FALSE,20,elitize_generation_data,202,8,0.249,NA
204,75,checksum,tourney,FALSE,20,elitize_generation_data,203,6,0.24,NA
205,75,checksum,tourney,FALSE,20,elitize_generation_data,204,9,0.244,NA
206,75,checksum,tourney,FALSE,20,elitize_generation_data,205,9,0.236,NA
207,75,checksum,tourney,FALSE,20,elitize_generation_data,206,6,0.256,NA
208,75,checksum,tourney,FALSE,20,elitize_generation_data,207,5,0.242,NA
209,75,checksum,tourney,FALSE,20,elitize_generation_data,208,6,0.232,NA
210,75,checksum,tourney,FALSE,20,elitize_generation_data,209,7,0.238,NA
211,75,checksum,tourney,FALSE,20,elitize_generation_data,210,7,0.235,NA
212,75,checksum,tourney,FALSE,20,elitize_generation_data,211,6,0.232,NA
213,75,checksum,tourney,FALSE,20,elitize_generation_data,212,10,0.221,NA
214,75,checksum,tourney,FALSE,20,elitize_generation_data,213,7,0.227,NA
215,75,checksum,tourney,FALSE,20,elitize_generation_data,214,6,0.246,NA
216,75,checksum,tourney,FALSE,20,elitize_generation_data,215,6,0.219,NA
217,75,checksum,tourney,FALSE,20,elitize_generation_data,216,8,0.244,NA
218,75,checksum,tourney,FALSE,20,elitize_generation_data,217,7,0.23,NA
219,75,checksum,tourney,FALSE,20,elitize_generation_data,218,7,0.233,NA
220,75,checksum,tourney,FALSE,20,elitize_generation_data,219,7,0.221,NA
221,75,checksum,tourney,FALSE,20,elitize_generation_data,220,5,0.236,NA
222,75,checksum,tourney,FALSE,20,elitize_generation_data,221,7,0.209,NA
223,75,checksum,tourney,FALSE,20,elitize_generation_data,222,5,0.226,NA
224,75,checksum,tourney,FALSE,20,elitize_generation_data,223,6,0.229,NA
225,75,checksum,tourney,FALSE,20,elitize_generation_data,224,5,0.218,NA
226,75,checksum,tourney,FALSE,20,elitize_generation_data,225,10,0.218,NA
227,75,checksum,tourney,FALSE,20,elitize_generation_data,226,6,0.213,NA
228,75,checksum,tourney,FALSE,20,elitize_generation_data,227,7,0.246,NA
229,75,checksum,tourney,FALSE,20,elitize_generation_data,228,7,0.216,NA
230,75,checksum,tourney,FALSE,20,elitize_generation_data,229,9,0.224,NA
231,75,checksum,tourney,FALSE,20,elitize_generation_data,230,7,0.226,NA
232,75,checksum,tourney,FALSE,20,elitize_generation_data,231,4,0.238,NA
233,75,checksum,tourney,FALSE,20,elitize_generation_data,232,5,0.232,NA
234,75,checksum,tourney,FALSE,20,elitize_generation_data,233,7,0.224,NA
235,75,checksum,tourney,FALSE,20,elitize_generation_data,234,6,0.237,NA
236,75,checksum,tourney,FALSE,20,elitize_generation_data,235,4,0.223,NA
237,75,checksum,tourney,FALSE,20,elitize_generation_data,236,6,0.223,NA
238,75,checksum,tourney,FALSE,20,elitize_generation_data,237,5,0.231,NA
239,75,checksum,tourney,FALSE,20,elitize_generation_data,238,6,0.222,NA
240,75,checksum,tourney,FALSE,20,elitize_generation_data,239,6,0.211,NA
241,75,checksum,tourney,FALSE,20,elitize_generation_data,240,7,0.23,NA
242,75,checksum,tourney,FALSE,20,elitize_generation_data,241,4,0.219,NA
243,75,checksum,tourney,FALSE,20,elitize_generation_data,242,5,0.207,NA
244,75,checksum,tourney,FALSE,20,elitize_generation_data,243,6,0.233,NA
245,75,checksum,tourney,FALSE,20,elitize_generation_data,244,6,0.228,NA
246,75,checksum,tourney,FALSE,20,elitize_generation_data,245,8,0.234,NA
247,75,checksum,tourney,FALSE,20,elitize_generation_data,246,6,0.218,NA
248,75,checksum,tourney,FALSE,20,elitize_generation_data,247,7,0.225,NA
249,75,checksum,tourney,FALSE,20,elitize_generation_data,248,8,0.241,NA
250,75,checksum,tourney,FALSE,20,elitize_generation_data,249,7,0.225,NA
251,75,checksum,tourney,FALSE,20,elitize_generation_data,250,6,0.225,NA
252,75,checksum,tourney,FALSE,20,elitize_generation_data,251,7,0.219,NA
253,75,checksum,tourney,FALSE,20,elitize_generation_data,252,7,0.242,NA
254,75,checksum,tourney,FALSE,20,elitize_generation_data,253,6,0.222,NA
255,75,checksum,tourney,FALSE,20,elitize_generation_data,254,6,0.243,NA
256,75,checksum,tourney,FALSE,20,elitize_generation_data,255,5,0.231,NA
257,75,checksum,tourney,FALSE,20,elitize_generation_data,256,7,0.217,NA
258,75,checksum,tourney,FALSE,20,elitize_generation_data,257,8,0.236,NA
259,75,checksum,tourney,FALSE,20,elitize_generation_data,258,5,0.221,NA
260,75,checksum,tourney,FALSE,20,elitize_generation_data,259,8,0.219,NA
261,75,checksum,tourney,FALSE,20,elitize_generation_data,260,5,0.209,NA
262,75,checksum,tourney,FALSE,20,elitize_generation_data,261,6,0.238,NA
263,75,checksum,tourney,FALSE,20,elitize_generation_data,262,7,0.22,NA
264,75,checksum,tourney,FALSE,20,elitize_generation_data,263,8,0.222,NA
265,75,checksum,tourney,FALSE,20,elitize_generation_data,264,8,0.228,NA
266,75,checksum,tourney,FALSE,20,elitize_generation_data,265,6,0.218,NA
267,75,checksum,tourney,FALSE,20,elitize_generation_data,266,5,0.224,NA
268,75,checksum,tourney,FALSE,20,elitize_generation_data,267,5,0.225,NA
269,75,checksum,tourney,FALSE,20,elitize_generation_data,268,5,0.21,NA
270,75,checksum,tourney,FALSE,20,elitize_generation_data,269,9,0.203,NA
271,75,checksum,tourney,FALSE,20,elitize_generation_data,270,6,0.212,NA
272,75,checksum,tourney,FALSE,20,elitize_generation_data,271,5,0.22,NA
273,75,checksum,tourney,FALSE,20,elitize_generation_data,272,6,0.215,NA
274,75,checksum,tourney,FALSE,20,elitize_generation_data,273,6,0.213,NA
275,75,checksum,tourney,FALSE,20,elitize_generation_data,274,8,0.202,NA
276,75,checksum,tourney,FALSE,20,elitize_generation_data,275,6,0.22,NA
277,75,checksum,tourney,FALSE,20,elitize_generation_data,276,8,0.203,NA
278,75,checksum,tourney,FALSE,20,elitize_generation_data,277,5,0.193,NA
279,75,checksum,tourney,FALSE,20,elitize_generation_data,278,4,0.2,NA
280,75,checksum,tourney,FALSE,20,elitize_generation_data,279,6,0.189,NA
281,75,checksum,tourney,FALSE,20,elitize_generation_data,280,6,0.206,NA
282,75,checksum,tourney,FALSE,20,elitize_generation_data,281,7,0.196,NA
283,75,checksum,tourney,FALSE,20,elitize_generation_data,282,6,0.187,NA
284,75,checksum,tourney,FALSE,20,elitize_generation_data,283,8,0.179,NA
285,75,checksum,tourney,FALSE,20,elitize_generation_data,284,6,0.168,NA
286,75,checksum,tourney,FALSE,20,elitize_generation_data,285,5,0.183,NA
287,75,checksum,tourney,FALSE,20,elitize_generation_data,286,6,0.171,NA
288,75,checksum,tourney,FALSE,20,elitize_generation_data,287,6,0.194,NA
289,75,checksum,tourney,FALSE,20,elitize_generation_data,288,7,0.172,NA
290,75,checksum,tourney,FALSE,20,elitize_generation_data,289,6,0.165,NA
291,75,checksum,tourney,FALSE,20,elitize_generation_data,290,6,0.175,NA
292,75,checksum,tourney,FALSE,20,elitize_generation_data,291,6,0.171,NA
293,75,checksum,tourney,FALSE,20,elitize_generation_data,292,6,0.166,NA
294,75,checksum,tourney,FALSE,20,elitize_generation_data,293,5,0.174,NA
295,75,checksum,tourney,FALSE,20,elitize_generation_data,294,7,0.158,NA
296,75,checksum,tourney,FALSE,20,elitize_generation_data,295,7,0.158,NA
297,75,checksum,tourney,FALSE,20,elitize_generation_data,296,7,0.149,NA
298,75,checksum,tourney,FALSE,20,elitize_generation_data,297,7,0.157,NA
299,75,checksum,tourney,FALSE,20,elitize_generation_data,298,5,0.171,NA
300,75,checksum,tourney,FALSE,20,elitize_generation_data,299,5,0.155,NA
301,75,checksum,tourney,FALSE,20,elitize_generation_data,300,6,0.152,NA
