,run.num,problem,treatment,succeeded,height,normalization.function,generation,cluster.count,error.diversity,success.generation
1,40,checksum,tourney,FALSE,20,elitize_generation_data,0,2,0.312,NA
2,40,checksum,tourney,FALSE,20,elitize_generation_data,1,2,0.259,NA
3,40,checksum,tourney,FALSE,20,elitize_generation_data,2,2,0.158,NA
4,40,checksum,tourney,FALSE,20,elitize_generation_data,3,3,0.175,NA
5,40,checksum,tourney,FALSE,20,elitize_generation_data,4,2,0.213,NA
6,40,checksum,tourney,FALSE,20,elitize_generation_data,5,4,0.231,NA
7,40,checksum,tourney,FALSE,20,elitize_generation_data,6,6,0.213,NA
8,40,checksum,tourney,FALSE,20,elitize_generation_data,7,3,0.09,NA
9,40,checksum,tourney,FALSE,20,elitize_generation_data,8,4,0.138,NA
10,40,checksum,tourney,FALSE,20,elitize_generation_data,9,3,0.135,NA
11,40,checksum,tourney,FALSE,20,elitize_generation_data,10,3,0.128,NA
12,40,checksum,tourney,FALSE,20,elitize_generation_data,11,5,0.122,NA
13,40,checksum,tourney,FALSE,20,elitize_generation_data,12,4,0.133,NA
14,40,checksum,tourney,FALSE,20,elitize_generation_data,13,5,0.115,NA
15,40,checksum,tourney,FALSE,20,elitize_generation_data,14,4,0.104,NA
16,40,checksum,tourney,FALSE,20,elitize_generation_data,15,6,0.1,NA
17,40,checksum,tourney,FALSE,20,elitize_generation_data,16,6,0.096,NA
18,40,checksum,tourney,FALSE,20,elitize_generation_data,17,5,0.107,NA
19,40,checksum,tourney,FALSE,20,elitize_generation_data,18,6,0.103,NA
20,40,checksum,tourney,FALSE,20,elitize_generation_data,19,5,0.104,NA
21,40,checksum,tourney,FALSE,20,elitize_generation_data,20,6,0.106,NA
22,40,checksum,tourney,FALSE,20,elitize_generation_data,21,5,0.102,NA
23,40,checksum,tourney,FALSE,20,elitize_generation_data,22,5,0.103,NA
24,40,checksum,tourney,FALSE,20,elitize_generation_data,23,4,0.095,NA
25,40,checksum,tourney,FALSE,20,elitize_generation_data,24,5,0.102,NA
26,40,checksum,tourney,FALSE,20,elitize_generation_data,25,3,0.115,NA
27,40,checksum,tourney,FALSE,20,elitize_generation_data,26,5,0.095,NA
28,40,checksum,tourney,FALSE,20,elitize_generation_data,27,5,0.086,NA
29,40,checksum,tourney,FALSE,20,elitize_generation_data,28,5,0.099,NA
30,40,checksum,tourney,FALSE,20,elitize_generation_data,29,5,0.105,NA
31,40,checksum,tourney,FALSE,20,elitize_generation_data,30,5,0.09,NA
32,40,checksum,tourney,FALSE,20,elitize_generation_data,31,5,0.094,NA
33,40,checksum,tourney,FALSE,20,elitize_generation_data,32,5,0.099,NA
34,40,checksum,tourney,FALSE,20,elitize_generation_data,33,6,0.141,NA
35,40,checksum,tourney,FALSE,20,elitize_generation_data,34,8,0.192,NA
36,40,checksum,tourney,FALSE,20,elitize_generation_data,35,10,0.231,NA
37,40,checksum,tourney,FALSE,20,elitize_generation_data,36,6,0.225,NA
38,40,checksum,tourney,FALSE,20,elitize_generation_data,37,6,0.261,NA
39,40,checksum,tourney,FALSE,20,elitize_generation_data,38,9,0.259,NA
40,40,checksum,tourney,FALSE,20,elitize_generation_data,39,7,0.239,NA
41,40,checksum,tourney,FALSE,20,elitize_generation_data,40,10,0.252,NA
42,40,checksum,tourney,FALSE,20,elitize_generation_data,41,15,0.322,NA
43,40,checksum,tourney,FALSE,20,elitize_generation_data,42,13,0.366,NA
44,40,checksum,tourney,FALSE,20,elitize_generation_data,43,16,0.398,NA
45,40,checksum,tourney,FALSE,20,elitize_generation_data,44,26,0.448,NA
46,40,checksum,tourney,FALSE,20,elitize_generation_data,45,29,0.5,NA
47,40,checksum,tourney,FALSE,20,elitize_generation_data,46,37,0.471,NA
48,40,checksum,tourney,FALSE,20,elitize_generation_data,47,27,0.402,NA
49,40,checksum,tourney,FALSE,20,elitize_generation_data,48,36,0.469,NA
50,40,checksum,tourney,FALSE,20,elitize_generation_data,49,35,0.527,NA
51,40,checksum,tourney,FALSE,20,elitize_generation_data,50,32,0.546,NA
52,40,checksum,tourney,FALSE,20,elitize_generation_data,51,34,0.514,NA
53,40,checksum,tourney,FALSE,20,elitize_generation_data,52,40,0.499,NA
54,40,checksum,tourney,FALSE,20,elitize_generation_data,53,51,0.501,NA
55,40,checksum,tourney,FALSE,20,elitize_generation_data,54,53,0.532,NA
56,40,checksum,tourney,FALSE,20,elitize_generation_data,55,47,0.549,NA
57,40,checksum,tourney,FALSE,20,elitize_generation_data,56,50,0.516,NA
58,40,checksum,tourney,FALSE,20,elitize_generation_data,57,52,0.558,NA
59,40,checksum,tourney,FALSE,20,elitize_generation_data,58,48,0.545,NA
60,40,checksum,tourney,FALSE,20,elitize_generation_data,59,53,0.576,NA
61,40,checksum,tourney,FALSE,20,elitize_generation_data,60,50,0.566,NA
62,40,checksum,tourney,FALSE,20,elitize_generation_data,61,67,0.578,NA
63,40,checksum,tourney,FALSE,20,elitize_generation_data,62,54,0.513,NA
64,40,checksum,tourney,FALSE,20,elitize_generation_data,63,51,0.456,NA
65,40,checksum,tourney,FALSE,20,elitize_generation_data,64,46,0.514,NA
66,40,checksum,tourney,FALSE,20,elitize_generation_data,65,52,0.508,NA
67,40,checksum,tourney,FALSE,20,elitize_generation_data,66,71,0.542,NA
68,40,checksum,tourney,FALSE,20,elitize_generation_data,67,66,0.549,NA
69,40,checksum,tourney,FALSE,20,elitize_generation_data,68,92,0.581,NA
70,40,checksum,tourney,FALSE,20,elitize_generation_data,69,60,0.566,NA
71,40,checksum,tourney,FALSE,20,elitize_generation_data,70,61,0.544,NA
72,40,checksum,tourney,FALSE,20,elitize_generation_data,71,60,0.547,NA
73,40,checksum,tourney,FALSE,20,elitize_generation_data,72,60,0.525,NA
74,40,checksum,tourney,FALSE,20,elitize_generation_data,73,62,0.508,NA
75,40,checksum,tourney,FALSE,20,elitize_generation_data,74,68,0.527,NA
76,40,checksum,tourney,FALSE,20,elitize_generation_data,75,68,0.569,NA
77,40,checksum,tourney,FALSE,20,elitize_generation_data,76,61,0.582,NA
78,40,checksum,tourney,FALSE,20,elitize_generation_data,77,64,0.575,NA
79,40,checksum,tourney,FALSE,20,elitize_generation_data,78,63,0.573,NA
80,40,checksum,tourney,FALSE,20,elitize_generation_data,79,53,0.552,NA
81,40,checksum,tourney,FALSE,20,elitize_generation_data,80,52,0.555,NA
82,40,checksum,tourney,FALSE,20,elitize_generation_data,81,67,0.578,NA
83,40,checksum,tourney,FALSE,20,elitize_generation_data,82,61,0.541,NA
84,40,checksum,tourney,FALSE,20,elitize_generation_data,83,68,0.566,NA
85,40,checksum,tourney,FALSE,20,elitize_generation_data,84,56,0.562,NA
86,40,checksum,tourney,FALSE,20,elitize_generation_data,85,72,0.58,NA
87,40,checksum,tourney,FALSE,20,elitize_generation_data,86,66,0.609,NA
88,40,checksum,tourney,FALSE,20,elitize_generation_data,87,55,0.572,NA
89,40,checksum,tourney,FALSE,20,elitize_generation_data,88,75,0.531,NA
90,40,checksum,tourney,FALSE,20,elitize_generation_data,89,76,0.49,NA
91,40,checksum,tourney,FALSE,20,elitize_generation_data,90,77,0.553,NA
92,40,checksum,tourney,FALSE,20,elitize_generation_data,91,79,0.555,NA
93,40,checksum,tourney,FALSE,20,elitize_generation_data,92,68,0.521,NA
94,40,checksum,tourney,FALSE,20,elitize_generation_data,93,84,0.522,NA
95,40,checksum,tourney,FALSE,20,elitize_generation_data,94,84,0.544,NA
96,40,checksum,tourney,FALSE,20,elitize_generation_data,95,64,0.543,NA
97,40,checksum,tourney,FALSE,20,elitize_generation_data,96,104,0.523,NA
98,40,checksum,tourney,FALSE,20,elitize_generation_data,97,104,0.537,NA
99,40,checksum,tourney,FALSE,20,elitize_generation_data,98,114,0.55,NA
100,40,checksum,tourney,FALSE,20,elitize_generation_data,99,104,0.525,NA
101,40,checksum,tourney,FALSE,20,elitize_generation_data,100,96,0.525,NA
102,40,checksum,tourney,FALSE,20,elitize_generation_data,101,86,0.499,NA
103,40,checksum,tourney,FALSE,20,elitize_generation_data,102,101,0.48,NA
104,40,checksum,tourney,FALSE,20,elitize_generation_data,103,108,0.49,NA
105,40,checksum,tourney,FALSE,20,elitize_generation_data,104,92,0.496,NA
106,40,checksum,tourney,FALSE,20,elitize_generation_data,105,88,0.479,NA
107,40,checksum,tourney,FALSE,20,elitize_generation_data,106,100,0.468,NA
108,40,checksum,tourney,FALSE,20,elitize_generation_data,107,89,0.462,NA
109,40,checksum,tourney,FALSE,20,elitize_generation_data,108,94,0.458,NA
110,40,checksum,tourney,FALSE,20,elitize_generation_data,109,101,0.483,NA
111,40,checksum,tourney,FALSE,20,elitize_generation_data,110,92,0.486,NA
112,40,checksum,tourney,FALSE,20,elitize_generation_data,111,122,0.504,NA
113,40,checksum,tourney,FALSE,20,elitize_generation_data,112,102,0.477,NA
114,40,checksum,tourney,FALSE,20,elitize_generation_data,113,109,0.47,NA
115,40,checksum,tourney,FALSE,20,elitize_generation_data,114,99,0.482,NA
116,40,checksum,tourney,FALSE,20,elitize_generation_data,115,81,0.484,NA
117,40,checksum,tourney,FALSE,20,elitize_generation_data,116,108,0.509,NA
118,40,checksum,tourney,FALSE,20,elitize_generation_data,117,82,0.501,NA
119,40,checksum,tourney,FALSE,20,elitize_generation_data,118,103,0.49,NA
120,40,checksum,tourney,FALSE,20,elitize_generation_data,119,115,0.509,NA
121,40,checksum,tourney,FALSE,20,elitize_generation_data,120,108,0.502,NA
122,40,checksum,tourney,FALSE,20,elitize_generation_data,121,92,0.496,NA
123,40,checksum,tourney,FALSE,20,elitize_generation_data,122,114,0.484,NA
124,40,checksum,tourney,FALSE,20,elitize_generation_data,123,104,0.478,NA
125,40,checksum,tourney,FALSE,20,elitize_generation_data,124,99,0.487,NA
126,40,checksum,tourney,FALSE,20,elitize_generation_data,125,104,0.466,NA
127,40,checksum,tourney,FALSE,20,elitize_generation_data,126,106,0.484,NA
128,40,checksum,tourney,FALSE,20,elitize_generation_data,127,113,0.515,NA
129,40,checksum,tourney,FALSE,20,elitize_generation_data,128,96,0.522,NA
130,40,checksum,tourney,FALSE,20,elitize_generation_data,129,116,0.524,NA
131,40,checksum,tourney,FALSE,20,elitize_generation_data,130,120,0.503,NA
132,40,checksum,tourney,FALSE,20,elitize_generation_data,131,135,0.466,NA
133,40,checksum,tourney,FALSE,20,elitize_generation_data,132,89,0.469,NA
134,40,checksum,tourney,FALSE,20,elitize_generation_data,133,113,0.475,NA
135,40,checksum,tourney,FALSE,20,elitize_generation_data,134,117,0.496,NA
136,40,checksum,tourney,FALSE,20,elitize_generation_data,135,113,0.499,NA
137,40,checksum,tourney,FALSE,20,elitize_generation_data,136,113,0.49,NA
138,40,checksum,tourney,FALSE,20,elitize_generation_data,137,124,0.541,NA
139,40,checksum,tourney,FALSE,20,elitize_generation_data,138,101,0.519,NA
140,40,checksum,tourney,FALSE,20,elitize_generation_data,139,138,0.535,NA
141,40,checksum,tourney,FALSE,20,elitize_generation_data,140,111,0.498,NA
142,40,checksum,tourney,FALSE,20,elitize_generation_data,141,138,0.524,NA
143,40,checksum,tourney,FALSE,20,elitize_generation_data,142,123,0.511,NA
144,40,checksum,tourney,FALSE,20,elitize_generation_data,143,121,0.508,NA
145,40,checksum,tourney,FALSE,20,elitize_generation_data,144,109,0.527,NA
146,40,checksum,tourney,FALSE,20,elitize_generation_data,145,112,0.534,NA
147,40,checksum,tourney,FALSE,20,elitize_generation_data,146,136,0.525,NA
148,40,checksum,tourney,FALSE,20,elitize_generation_data,147,122,0.554,NA
149,40,checksum,tourney,FALSE,20,elitize_generation_data,148,125,0.517,NA
150,40,checksum,tourney,FALSE,20,elitize_generation_data,149,100,0.52,NA
151,40,checksum,tourney,FALSE,20,elitize_generation_data,150,100,0.501,NA
152,40,checksum,tourney,FALSE,20,elitize_generation_data,151,97,0.495,NA
153,40,checksum,tourney,FALSE,20,elitize_generation_data,152,132,0.521,NA
154,40,checksum,tourney,FALSE,20,elitize_generation_data,153,105,0.541,NA
155,40,checksum,tourney,FALSE,20,elitize_generation_data,154,127,0.525,NA
156,40,checksum,tourney,FALSE,20,elitize_generation_data,155,153,0.552,NA
157,40,checksum,tourney,FALSE,20,elitize_generation_data,156,110,0.554,NA
158,40,checksum,tourney,FALSE,20,elitize_generation_data,157,125,0.564,NA
159,40,checksum,tourney,FALSE,20,elitize_generation_data,158,123,0.555,NA
160,40,checksum,tourney,FALSE,20,elitize_generation_data,159,124,0.556,NA
161,40,checksum,tourney,FALSE,20,elitize_generation_data,160,108,0.578,NA
162,40,checksum,tourney,FALSE,20,elitize_generation_data,161,117,0.552,NA
163,40,checksum,tourney,FALSE,20,elitize_generation_data,162,100,0.525,NA
164,40,checksum,tourney,FALSE,20,elitize_generation_data,163,114,0.574,NA
165,40,checksum,tourney,FALSE,20,elitize_generation_data,164,118,0.517,NA
166,40,checksum,tourney,FALSE,20,elitize_generation_data,165,133,0.532,NA
167,40,checksum,tourney,FALSE,20,elitize_generation_data,166,127,0.52,NA
168,40,checksum,tourney,FALSE,20,elitize_generation_data,167,130,0.523,NA
169,40,checksum,tourney,FALSE,20,elitize_generation_data,168,141,0.537,NA
170,40,checksum,tourney,FALSE,20,elitize_generation_data,169,150,0.564,NA
171,40,checksum,tourney,FALSE,20,elitize_generation_data,170,154,0.546,NA
172,40,checksum,tourney,FALSE,20,elitize_generation_data,171,130,0.534,NA
173,40,checksum,tourney,FALSE,20,elitize_generation_data,172,134,0.534,NA
174,40,checksum,tourney,FALSE,20,elitize_generation_data,173,160,0.538,NA
175,40,checksum,tourney,FALSE,20,elitize_generation_data,174,126,0.537,NA
176,40,checksum,tourney,FALSE,20,elitize_generation_data,175,147,0.553,NA
177,40,checksum,tourney,FALSE,20,elitize_generation_data,176,152,0.531,NA
178,40,checksum,tourney,FALSE,20,elitize_generation_data,177,154,0.559,NA
179,40,checksum,tourney,FALSE,20,elitize_generation_data,178,158,0.552,NA
180,40,checksum,tourney,FALSE,20,elitize_generation_data,179,140,0.541,NA
181,40,checksum,tourney,FALSE,20,elitize_generation_data,180,136,0.506,NA
182,40,checksum,tourney,FALSE,20,elitize_generation_data,181,137,0.542,NA
183,40,checksum,tourney,FALSE,20,elitize_generation_data,182,132,0.549,NA
184,40,checksum,tourney,FALSE,20,elitize_generation_data,183,158,0.547,NA
185,40,checksum,tourney,FALSE,20,elitize_generation_data,184,151,0.543,NA
186,40,checksum,tourney,FALSE,20,elitize_generation_data,185,124,0.539,NA
187,40,checksum,tourney,FALSE,20,elitize_generation_data,186,145,0.555,NA
188,40,checksum,tourney,FALSE,20,elitize_generation_data,187,162,0.551,NA
189,40,checksum,tourney,FALSE,20,elitize_generation_data,188,148,0.533,NA
190,40,checksum,tourney,FALSE,20,elitize_generation_data,189,165,0.56,NA
191,40,checksum,tourney,FALSE,20,elitize_generation_data,190,148,0.543,NA
192,40,checksum,tourney,FALSE,20,elitize_generation_data,191,157,0.523,NA
193,40,checksum,tourney,FALSE,20,elitize_generation_data,192,162,0.544,NA
194,40,checksum,tourney,FALSE,20,elitize_generation_data,193,140,0.524,NA
195,40,checksum,tourney,FALSE,20,elitize_generation_data,194,137,0.529,NA
196,40,checksum,tourney,FALSE,20,elitize_generation_data,195,151,0.54,NA
197,40,checksum,tourney,FALSE,20,elitize_generation_data,196,166,0.544,NA
198,40,checksum,tourney,FALSE,20,elitize_generation_data,197,149,0.528,NA
199,40,checksum,tourney,FALSE,20,elitize_generation_data,198,154,0.522,NA
200,40,checksum,tourney,FALSE,20,elitize_generation_data,199,145,0.51,NA
201,40,checksum,tourney,FALSE,20,elitize_generation_data,200,162,0.512,NA
202,40,checksum,tourney,FALSE,20,elitize_generation_data,201,146,0.507,NA
203,40,checksum,tourney,FALSE,20,elitize_generation_data,202,163,0.534,NA
204,40,checksum,tourney,FALSE,20,elitize_generation_data,203,165,0.512,NA
205,40,checksum,tourney,FALSE,20,elitize_generation_data,204,152,0.506,NA
206,40,checksum,tourney,FALSE,20,elitize_generation_data,205,132,0.522,NA
207,40,checksum,tourney,FALSE,20,elitize_generation_data,206,169,0.516,NA
208,40,checksum,tourney,FALSE,20,elitize_generation_data,207,142,0.5,NA
209,40,checksum,tourney,FALSE,20,elitize_generation_data,208,148,0.534,NA
210,40,checksum,tourney,FALSE,20,elitize_generation_data,209,160,0.516,NA
211,40,checksum,tourney,FALSE,20,elitize_generation_data,210,147,0.526,NA
212,40,checksum,tourney,FALSE,20,elitize_generation_data,211,168,0.549,NA
213,40,checksum,tourney,FALSE,20,elitize_generation_data,212,156,0.548,NA
214,40,checksum,tourney,FALSE,20,elitize_generation_data,213,167,0.524,NA
215,40,checksum,tourney,FALSE,20,elitize_generation_data,214,162,0.517,NA
216,40,checksum,tourney,FALSE,20,elitize_generation_data,215,156,0.508,NA
217,40,checksum,tourney,FALSE,20,elitize_generation_data,216,140,0.537,NA
218,40,checksum,tourney,FALSE,20,elitize_generation_data,217,140,0.532,NA
219,40,checksum,tourney,FALSE,20,elitize_generation_data,218,171,0.542,NA
220,40,checksum,tourney,FALSE,20,elitize_generation_data,219,158,0.516,NA
221,40,checksum,tourney,FALSE,20,elitize_generation_data,220,164,0.534,NA
222,40,checksum,tourney,FALSE,20,elitize_generation_data,221,156,0.555,NA
223,40,checksum,tourney,FALSE,20,elitize_generation_data,222,162,0.561,NA
224,40,checksum,tourney,FALSE,20,elitize_generation_data,223,159,0.547,NA
225,40,checksum,tourney,FALSE,20,elitize_generation_data,224,179,0.549,NA
226,40,checksum,tourney,FALSE,20,elitize_generation_data,225,178,0.555,NA
227,40,checksum,tourney,FALSE,20,elitize_generation_data,226,179,0.557,NA
228,40,checksum,tourney,FALSE,20,elitize_generation_data,227,183,0.554,NA
229,40,checksum,tourney,FALSE,20,elitize_generation_data,228,166,0.559,NA
230,40,checksum,tourney,FALSE,20,elitize_generation_data,229,168,0.57,NA
231,40,checksum,tourney,FALSE,20,elitize_generation_data,230,159,0.552,NA
232,40,checksum,tourney,FALSE,20,elitize_generation_data,231,146,0.606,NA
233,40,checksum,tourney,FALSE,20,elitize_generation_data,232,173,0.594,NA
234,40,checksum,tourney,FALSE,20,elitize_generation_data,233,167,0.601,NA
235,40,checksum,tourney,FALSE,20,elitize_generation_data,234,163,0.587,NA
236,40,checksum,tourney,FALSE,20,elitize_generation_data,235,187,0.583,NA
237,40,checksum,tourney,FALSE,20,elitize_generation_data,236,174,0.593,NA
238,40,checksum,tourney,FALSE,20,elitize_generation_data,237,168,0.6,NA
239,40,checksum,tourney,FALSE,20,elitize_generation_data,238,147,0.596,NA
240,40,checksum,tourney,FALSE,20,elitize_generation_data,239,181,0.605,NA
241,40,checksum,tourney,FALSE,20,elitize_generation_data,240,157,0.606,NA
242,40,checksum,tourney,FALSE,20,elitize_generation_data,241,159,0.577,NA
243,40,checksum,tourney,FALSE,20,elitize_generation_data,242,158,0.542,NA
244,40,checksum,tourney,FALSE,20,elitize_generation_data,243,149,0.584,NA
245,40,checksum,tourney,FALSE,20,elitize_generation_data,244,169,0.58,NA
246,40,checksum,tourney,FALSE,20,elitize_generation_data,245,183,0.592,NA
247,40,checksum,tourney,FALSE,20,elitize_generation_data,246,185,0.594,NA
248,40,checksum,tourney,FALSE,20,elitize_generation_data,247,170,0.604,NA
249,40,checksum,tourney,FALSE,20,elitize_generation_data,248,163,0.584,NA
250,40,checksum,tourney,FALSE,20,elitize_generation_data,249,166,0.616,NA
251,40,checksum,tourney,FALSE,20,elitize_generation_data,250,142,0.614,NA
252,40,checksum,tourney,FALSE,20,elitize_generation_data,251,165,0.594,NA
253,40,checksum,tourney,FALSE,20,elitize_generation_data,252,187,0.62,NA
254,40,checksum,tourney,FALSE,20,elitize_generation_data,253,169,0.619,NA
255,40,checksum,tourney,FALSE,20,elitize_generation_data,254,188,0.639,NA
256,40,checksum,tourney,FALSE,20,elitize_generation_data,255,168,0.654,NA
257,40,checksum,tourney,FALSE,20,elitize_generation_data,256,179,0.636,NA
258,40,checksum,tourney,FALSE,20,elitize_generation_data,257,189,0.624,NA
259,40,checksum,tourney,FALSE,20,elitize_generation_data,258,152,0.575,NA
260,40,checksum,tourney,FALSE,20,elitize_generation_data,259,167,0.577,NA
261,40,checksum,tourney,FALSE,20,elitize_generation_data,260,146,0.588,NA
262,40,checksum,tourney,FALSE,20,elitize_generation_data,261,185,0.588,NA
263,40,checksum,tourney,FALSE,20,elitize_generation_data,262,172,0.587,NA
264,40,checksum,tourney,FALSE,20,elitize_generation_data,263,171,0.573,NA
265,40,checksum,tourney,FALSE,20,elitize_generation_data,264,166,0.598,NA
266,40,checksum,tourney,FALSE,20,elitize_generation_data,265,146,0.58,NA
267,40,checksum,tourney,FALSE,20,elitize_generation_data,266,187,0.575,NA
268,40,checksum,tourney,FALSE,20,elitize_generation_data,267,186,0.573,NA
269,40,checksum,tourney,FALSE,20,elitize_generation_data,268,165,0.57,NA
270,40,checksum,tourney,FALSE,20,elitize_generation_data,269,180,0.614,NA
271,40,checksum,tourney,FALSE,20,elitize_generation_data,270,161,0.594,NA
272,40,checksum,tourney,FALSE,20,elitize_generation_data,271,160,0.601,NA
273,40,checksum,tourney,FALSE,20,elitize_generation_data,272,149,0.599,NA
274,40,checksum,tourney,FALSE,20,elitize_generation_data,273,144,0.585,NA
275,40,checksum,tourney,FALSE,20,elitize_generation_data,274,156,0.574,NA
276,40,checksum,tourney,FALSE,20,elitize_generation_data,275,177,0.591,NA
277,40,checksum,tourney,FALSE,20,elitize_generation_data,276,135,0.553,NA
278,40,checksum,tourney,FALSE,20,elitize_generation_data,277,148,0.586,NA
279,40,checksum,tourney,FALSE,20,elitize_generation_data,278,147,0.602,NA
280,40,checksum,tourney,FALSE,20,elitize_generation_data,279,143,0.582,NA
281,40,checksum,tourney,FALSE,20,elitize_generation_data,280,162,0.582,NA
282,40,checksum,tourney,FALSE,20,elitize_generation_data,281,163,0.57,NA
283,40,checksum,tourney,FALSE,20,elitize_generation_data,282,150,0.594,NA
284,40,checksum,tourney,FALSE,20,elitize_generation_data,283,146,0.572,NA
285,40,checksum,tourney,FALSE,20,elitize_generation_data,284,170,0.598,NA
286,40,checksum,tourney,FALSE,20,elitize_generation_data,285,170,0.634,NA
287,40,checksum,tourney,FALSE,20,elitize_generation_data,286,174,0.605,NA
288,40,checksum,tourney,FALSE,20,elitize_generation_data,287,171,0.612,NA
289,40,checksum,tourney,FALSE,20,elitize_generation_data,288,163,0.607,NA
290,40,checksum,tourney,FALSE,20,elitize_generation_data,289,182,0.613,NA
291,40,checksum,tourney,FALSE,20,elitize_generation_data,290,186,0.608,NA
292,40,checksum,tourney,FALSE,20,elitize_generation_data,291,178,0.61,NA
293,40,checksum,tourney,FALSE,20,elitize_generation_data,292,173,0.61,NA
294,40,checksum,tourney,FALSE,20,elitize_generation_data,293,166,0.616,NA
295,40,checksum,tourney,FALSE,20,elitize_generation_data,294,152,0.608,NA
296,40,checksum,tourney,FALSE,20,elitize_generation_data,295,176,0.616,NA
297,40,checksum,tourney,FALSE,20,elitize_generation_data,296,176,0.624,NA
298,40,checksum,tourney,FALSE,20,elitize_generation_data,297,153,0.621,NA
299,40,checksum,tourney,FALSE,20,elitize_generation_data,298,180,0.603,NA
300,40,checksum,tourney,FALSE,20,elitize_generation_data,299,165,0.651,NA
301,40,checksum,tourney,FALSE,20,elitize_generation_data,300,178,0.663,NA
