,run.num,problem,treatment,succeeded,height,normalization.function,generation,cluster.count,error.diversity,success.generation
1,50,checksum,tourney,FALSE,20,elitize_generation_data,0,2,0.321,NA
2,50,checksum,tourney,FALSE,20,elitize_generation_data,1,2,0.258,NA
3,50,checksum,tourney,FALSE,20,elitize_generation_data,2,2,0.196,NA
4,50,checksum,tourney,FALSE,20,elitize_generation_data,3,3,0.187,NA
5,50,checksum,tourney,FALSE,20,elitize_generation_data,4,3,0.241,NA
6,50,checksum,tourney,FALSE,20,elitize_generation_data,5,5,0.237,NA
7,50,checksum,tourney,FALSE,20,elitize_generation_data,6,7,0.24,NA
8,50,checksum,tourney,FALSE,20,elitize_generation_data,7,5,0.267,NA
9,50,checksum,tourney,FALSE,20,elitize_generation_data,8,4,0.287,NA
10,50,checksum,tourney,FALSE,20,elitize_generation_data,9,4,0.247,NA
11,50,checksum,tourney,FALSE,20,elitize_generation_data,10,5,0.16,NA
12,50,checksum,tourney,FALSE,20,elitize_generation_data,11,5,0.118,NA
13,50,checksum,tourney,FALSE,20,elitize_generation_data,12,4,0.131,NA
14,50,checksum,tourney,FALSE,20,elitize_generation_data,13,6,0.115,NA
15,50,checksum,tourney,FALSE,20,elitize_generation_data,14,4,0.113,NA
16,50,checksum,tourney,FALSE,20,elitize_generation_data,15,3,0.126,NA
17,50,checksum,tourney,FALSE,20,elitize_generation_data,16,3,0.127,NA
18,50,checksum,tourney,FALSE,20,elitize_generation_data,17,9,0.115,NA
19,50,checksum,tourney,FALSE,20,elitize_generation_data,18,6,0.124,NA
20,50,checksum,tourney,FALSE,20,elitize_generation_data,19,3,0.115,NA
21,50,checksum,tourney,FALSE,20,elitize_generation_data,20,5,0.12,NA
22,50,checksum,tourney,FALSE,20,elitize_generation_data,21,6,0.131,NA
23,50,checksum,tourney,FALSE,20,elitize_generation_data,22,5,0.113,NA
24,50,checksum,tourney,FALSE,20,elitize_generation_data,23,6,0.114,NA
25,50,checksum,tourney,FALSE,20,elitize_generation_data,24,4,0.128,NA
26,50,checksum,tourney,FALSE,20,elitize_generation_data,25,4,0.114,NA
27,50,checksum,tourney,FALSE,20,elitize_generation_data,26,5,0.122,NA
28,50,checksum,tourney,FALSE,20,elitize_generation_data,27,4,0.118,NA
29,50,checksum,tourney,FALSE,20,elitize_generation_data,28,4,0.109,NA
30,50,checksum,tourney,FALSE,20,elitize_generation_data,29,5,0.112,NA
31,50,checksum,tourney,FALSE,20,elitize_generation_data,30,4,0.12,NA
32,50,checksum,tourney,FALSE,20,elitize_generation_data,31,6,0.101,NA
33,50,checksum,tourney,FALSE,20,elitize_generation_data,32,5,0.118,NA
34,50,checksum,tourney,FALSE,20,elitize_generation_data,33,4,0.11,NA
35,50,checksum,tourney,FALSE,20,elitize_generation_data,34,5,0.097,NA
36,50,checksum,tourney,FALSE,20,elitize_generation_data,35,5,0.103,NA
37,50,checksum,tourney,FALSE,20,elitize_generation_data,36,6,0.099,NA
38,50,checksum,tourney,FALSE,20,elitize_generation_data,37,5,0.109,NA
39,50,checksum,tourney,FALSE,20,elitize_generation_data,38,6,0.088,NA
40,50,checksum,tourney,FALSE,20,elitize_generation_data,39,4,0.101,NA
41,50,checksum,tourney,FALSE,20,elitize_generation_data,40,4,0.096,NA
42,50,checksum,tourney,FALSE,20,elitize_generation_data,41,5,0.114,NA
43,50,checksum,tourney,FALSE,20,elitize_generation_data,42,5,0.13,NA
44,50,checksum,tourney,FALSE,20,elitize_generation_data,43,5,0.176,NA
45,50,checksum,tourney,FALSE,20,elitize_generation_data,44,8,0.151,NA
46,50,checksum,tourney,FALSE,20,elitize_generation_data,45,5,0.105,NA
47,50,checksum,tourney,FALSE,20,elitize_generation_data,46,5,0.137,NA
48,50,checksum,tourney,FALSE,20,elitize_generation_data,47,5,0.132,NA
49,50,checksum,tourney,FALSE,20,elitize_generation_data,48,5,0.145,NA
50,50,checksum,tourney,FALSE,20,elitize_generation_data,49,4,0.161,NA
51,50,checksum,tourney,FALSE,20,elitize_generation_data,50,3,0.189,NA
52,50,checksum,tourney,FALSE,20,elitize_generation_data,51,6,0.252,NA
53,50,checksum,tourney,FALSE,20,elitize_generation_data,52,5,0.238,NA
54,50,checksum,tourney,FALSE,20,elitize_generation_data,53,7,0.283,NA
55,50,checksum,tourney,FALSE,20,elitize_generation_data,54,7,0.275,NA
56,50,checksum,tourney,FALSE,20,elitize_generation_data,55,6,0.261,NA
57,50,checksum,tourney,FALSE,20,elitize_generation_data,56,4,0.282,NA
58,50,checksum,tourney,FALSE,20,elitize_generation_data,57,10,0.263,NA
59,50,checksum,tourney,FALSE,20,elitize_generation_data,58,6,0.291,NA
60,50,checksum,tourney,FALSE,20,elitize_generation_data,59,5,0.289,NA
61,50,checksum,tourney,FALSE,20,elitize_generation_data,60,7,0.272,NA
62,50,checksum,tourney,FALSE,20,elitize_generation_data,61,3,0.293,NA
63,50,checksum,tourney,FALSE,20,elitize_generation_data,62,9,0.312,NA
64,50,checksum,tourney,FALSE,20,elitize_generation_data,63,10,0.303,NA
65,50,checksum,tourney,FALSE,20,elitize_generation_data,64,8,0.328,NA
66,50,checksum,tourney,FALSE,20,elitize_generation_data,65,5,0.339,NA
67,50,checksum,tourney,FALSE,20,elitize_generation_data,66,12,0.398,NA
68,50,checksum,tourney,FALSE,20,elitize_generation_data,67,12,0.461,NA
69,50,checksum,tourney,FALSE,20,elitize_generation_data,68,17,0.476,NA
70,50,checksum,tourney,FALSE,20,elitize_generation_data,69,14,0.488,NA
71,50,checksum,tourney,FALSE,20,elitize_generation_data,70,11,0.521,NA
72,50,checksum,tourney,FALSE,20,elitize_generation_data,71,12,0.429,NA
73,50,checksum,tourney,FALSE,20,elitize_generation_data,72,10,0.402,NA
74,50,checksum,tourney,FALSE,20,elitize_generation_data,73,15,0.422,NA
75,50,checksum,tourney,FALSE,20,elitize_generation_data,74,10,0.411,NA
76,50,checksum,tourney,FALSE,20,elitize_generation_data,75,15,0.431,NA
77,50,checksum,tourney,FALSE,20,elitize_generation_data,76,14,0.428,NA
78,50,checksum,tourney,FALSE,20,elitize_generation_data,77,12,0.457,NA
79,50,checksum,tourney,FALSE,20,elitize_generation_data,78,16,0.466,NA
80,50,checksum,tourney,FALSE,20,elitize_generation_data,79,11,0.463,NA
81,50,checksum,tourney,FALSE,20,elitize_generation_data,80,12,0.474,NA
82,50,checksum,tourney,FALSE,20,elitize_generation_data,81,13,0.459,NA
83,50,checksum,tourney,FALSE,20,elitize_generation_data,82,15,0.438,NA
84,50,checksum,tourney,FALSE,20,elitize_generation_data,83,13,0.453,NA
85,50,checksum,tourney,FALSE,20,elitize_generation_data,84,14,0.466,NA
86,50,checksum,tourney,FALSE,20,elitize_generation_data,85,9,0.478,NA
87,50,checksum,tourney,FALSE,20,elitize_generation_data,86,11,0.461,NA
88,50,checksum,tourney,FALSE,20,elitize_generation_data,87,14,0.468,NA
89,50,checksum,tourney,FALSE,20,elitize_generation_data,88,11,0.455,NA
90,50,checksum,tourney,FALSE,20,elitize_generation_data,89,14,0.412,NA
91,50,checksum,tourney,FALSE,20,elitize_generation_data,90,10,0.417,NA
92,50,checksum,tourney,FALSE,20,elitize_generation_data,91,14,0.446,NA
93,50,checksum,tourney,FALSE,20,elitize_generation_data,92,10,0.419,NA
94,50,checksum,tourney,FALSE,20,elitize_generation_data,93,12,0.419,NA
95,50,checksum,tourney,FALSE,20,elitize_generation_data,94,12,0.436,NA
96,50,checksum,tourney,FALSE,20,elitize_generation_data,95,12,0.424,NA
97,50,checksum,tourney,FALSE,20,elitize_generation_data,96,9,0.402,NA
98,50,checksum,tourney,FALSE,20,elitize_generation_data,97,10,0.417,NA
99,50,checksum,tourney,FALSE,20,elitize_generation_data,98,14,0.401,NA
100,50,checksum,tourney,FALSE,20,elitize_generation_data,99,13,0.397,NA
101,50,checksum,tourney,FALSE,20,elitize_generation_data,100,9,0.376,NA
102,50,checksum,tourney,FALSE,20,elitize_generation_data,101,13,0.427,NA
103,50,checksum,tourney,FALSE,20,elitize_generation_data,102,14,0.427,NA
104,50,checksum,tourney,FALSE,20,elitize_generation_data,103,13,0.415,NA
105,50,checksum,tourney,FALSE,20,elitize_generation_data,104,18,0.409,NA
106,50,checksum,tourney,FALSE,20,elitize_generation_data,105,11,0.394,NA
107,50,checksum,tourney,FALSE,20,elitize_generation_data,106,16,0.413,NA
108,50,checksum,tourney,FALSE,20,elitize_generation_data,107,14,0.406,NA
109,50,checksum,tourney,FALSE,20,elitize_generation_data,108,12,0.418,NA
110,50,checksum,tourney,FALSE,20,elitize_generation_data,109,16,0.429,NA
111,50,checksum,tourney,FALSE,20,elitize_generation_data,110,13,0.43,NA
112,50,checksum,tourney,FALSE,20,elitize_generation_data,111,14,0.431,NA
113,50,checksum,tourney,FALSE,20,elitize_generation_data,112,16,0.439,NA
114,50,checksum,tourney,FALSE,20,elitize_generation_data,113,9,0.45,NA
115,50,checksum,tourney,FALSE,20,elitize_generation_data,114,15,0.457,NA
116,50,checksum,tourney,FALSE,20,elitize_generation_data,115,14,0.415,NA
117,50,checksum,tourney,FALSE,20,elitize_generation_data,116,13,0.422,NA
118,50,checksum,tourney,FALSE,20,elitize_generation_data,117,14,0.399,NA
119,50,checksum,tourney,FALSE,20,elitize_generation_data,118,14,0.409,NA
120,50,checksum,tourney,FALSE,20,elitize_generation_data,119,14,0.378,NA
121,50,checksum,tourney,FALSE,20,elitize_generation_data,120,20,0.403,NA
122,50,checksum,tourney,FALSE,20,elitize_generation_data,121,17,0.403,NA
123,50,checksum,tourney,FALSE,20,elitize_generation_data,122,15,0.411,NA
124,50,checksum,tourney,FALSE,20,elitize_generation_data,123,12,0.367,NA
125,50,checksum,tourney,FALSE,20,elitize_generation_data,124,18,0.387,NA
126,50,checksum,tourney,FALSE,20,elitize_generation_data,125,13,0.385,NA
127,50,checksum,tourney,FALSE,20,elitize_generation_data,126,14,0.401,NA
128,50,checksum,tourney,FALSE,20,elitize_generation_data,127,13,0.427,NA
129,50,checksum,tourney,FALSE,20,elitize_generation_data,128,19,0.415,NA
130,50,checksum,tourney,FALSE,20,elitize_generation_data,129,18,0.422,NA
131,50,checksum,tourney,FALSE,20,elitize_generation_data,130,28,0.457,NA
132,50,checksum,tourney,FALSE,20,elitize_generation_data,131,18,0.486,NA
133,50,checksum,tourney,FALSE,20,elitize_generation_data,132,20,0.494,NA
134,50,checksum,tourney,FALSE,20,elitize_generation_data,133,20,0.491,NA
135,50,checksum,tourney,FALSE,20,elitize_generation_data,134,23,0.48,NA
136,50,checksum,tourney,FALSE,20,elitize_generation_data,135,23,0.429,NA
137,50,checksum,tourney,FALSE,20,elitize_generation_data,136,16,0.405,NA
138,50,checksum,tourney,FALSE,20,elitize_generation_data,137,10,0.383,NA
139,50,checksum,tourney,FALSE,20,elitize_generation_data,138,10,0.353,NA
140,50,checksum,tourney,FALSE,20,elitize_generation_data,139,9,0.35,NA
141,50,checksum,tourney,FALSE,20,elitize_generation_data,140,10,0.347,NA
142,50,checksum,tourney,FALSE,20,elitize_generation_data,141,7,0.355,NA
143,50,checksum,tourney,FALSE,20,elitize_generation_data,142,6,0.348,NA
144,50,checksum,tourney,FALSE,20,elitize_generation_data,143,10,0.374,NA
145,50,checksum,tourney,FALSE,20,elitize_generation_data,144,11,0.367,NA
146,50,checksum,tourney,FALSE,20,elitize_generation_data,145,11,0.359,NA
147,50,checksum,tourney,FALSE,20,elitize_generation_data,146,8,0.344,NA
148,50,checksum,tourney,FALSE,20,elitize_generation_data,147,10,0.352,NA
149,50,checksum,tourney,FALSE,20,elitize_generation_data,148,10,0.371,NA
150,50,checksum,tourney,FALSE,20,elitize_generation_data,149,9,0.382,NA
151,50,checksum,tourney,FALSE,20,elitize_generation_data,150,11,0.361,NA
152,50,checksum,tourney,FALSE,20,elitize_generation_data,151,8,0.363,NA
153,50,checksum,tourney,FALSE,20,elitize_generation_data,152,6,0.394,NA
154,50,checksum,tourney,FALSE,20,elitize_generation_data,153,8,0.383,NA
155,50,checksum,tourney,FALSE,20,elitize_generation_data,154,9,0.381,NA
156,50,checksum,tourney,FALSE,20,elitize_generation_data,155,10,0.386,NA
157,50,checksum,tourney,FALSE,20,elitize_generation_data,156,13,0.372,NA
158,50,checksum,tourney,FALSE,20,elitize_generation_data,157,9,0.413,NA
159,50,checksum,tourney,FALSE,20,elitize_generation_data,158,6,0.373,NA
160,50,checksum,tourney,FALSE,20,elitize_generation_data,159,10,0.366,NA
161,50,checksum,tourney,FALSE,20,elitize_generation_data,160,9,0.379,NA
162,50,checksum,tourney,FALSE,20,elitize_generation_data,161,11,0.376,NA
163,50,checksum,tourney,FALSE,20,elitize_generation_data,162,10,0.358,NA
164,50,checksum,tourney,FALSE,20,elitize_generation_data,163,6,0.35,NA
165,50,checksum,tourney,FALSE,20,elitize_generation_data,164,8,0.366,NA
166,50,checksum,tourney,FALSE,20,elitize_generation_data,165,7,0.377,NA
167,50,checksum,tourney,FALSE,20,elitize_generation_data,166,7,0.39,NA
168,50,checksum,tourney,FALSE,20,elitize_generation_data,167,9,0.361,NA
169,50,checksum,tourney,FALSE,20,elitize_generation_data,168,6,0.355,NA
170,50,checksum,tourney,FALSE,20,elitize_generation_data,169,8,0.372,NA
171,50,checksum,tourney,FALSE,20,elitize_generation_data,170,9,0.389,NA
172,50,checksum,tourney,FALSE,20,elitize_generation_data,171,8,0.405,NA
173,50,checksum,tourney,FALSE,20,elitize_generation_data,172,8,0.4,NA
174,50,checksum,tourney,FALSE,20,elitize_generation_data,173,10,0.392,NA
175,50,checksum,tourney,FALSE,20,elitize_generation_data,174,7,0.389,NA
176,50,checksum,tourney,FALSE,20,elitize_generation_data,175,15,0.407,NA
177,50,checksum,tourney,FALSE,20,elitize_generation_data,176,16,0.394,NA
178,50,checksum,tourney,FALSE,20,elitize_generation_data,177,7,0.402,NA
179,50,checksum,tourney,FALSE,20,elitize_generation_data,178,7,0.385,NA
180,50,checksum,tourney,FALSE,20,elitize_generation_data,179,11,0.389,NA
181,50,checksum,tourney,FALSE,20,elitize_generation_data,180,9,0.375,NA
182,50,checksum,tourney,FALSE,20,elitize_generation_data,181,9,0.41,NA
183,50,checksum,tourney,FALSE,20,elitize_generation_data,182,9,0.427,NA
184,50,checksum,tourney,FALSE,20,elitize_generation_data,183,8,0.432,NA
185,50,checksum,tourney,FALSE,20,elitize_generation_data,184,8,0.435,NA
186,50,checksum,tourney,FALSE,20,elitize_generation_data,185,12,0.422,NA
187,50,checksum,tourney,FALSE,20,elitize_generation_data,186,9,0.443,NA
188,50,checksum,tourney,FALSE,20,elitize_generation_data,187,8,0.43,NA
189,50,checksum,tourney,FALSE,20,elitize_generation_data,188,10,0.415,NA
190,50,checksum,tourney,FALSE,20,elitize_generation_data,189,10,0.428,NA
191,50,checksum,tourney,FALSE,20,elitize_generation_data,190,13,0.433,NA
192,50,checksum,tourney,FALSE,20,elitize_generation_data,191,8,0.42,NA
193,50,checksum,tourney,FALSE,20,elitize_generation_data,192,10,0.398,NA
194,50,checksum,tourney,FALSE,20,elitize_generation_data,193,12,0.423,NA
195,50,checksum,tourney,FALSE,20,elitize_generation_data,194,13,0.434,NA
196,50,checksum,tourney,FALSE,20,elitize_generation_data,195,11,0.453,NA
197,50,checksum,tourney,FALSE,20,elitize_generation_data,196,12,0.449,NA
198,50,checksum,tourney,FALSE,20,elitize_generation_data,197,12,0.438,NA
199,50,checksum,tourney,FALSE,20,elitize_generation_data,198,14,0.426,NA
200,50,checksum,tourney,FALSE,20,elitize_generation_data,199,12,0.447,NA
201,50,checksum,tourney,FALSE,20,elitize_generation_data,200,10,0.477,NA
202,50,checksum,tourney,FALSE,20,elitize_generation_data,201,14,0.45,NA
203,50,checksum,tourney,FALSE,20,elitize_generation_data,202,13,0.425,NA
204,50,checksum,tourney,FALSE,20,elitize_generation_data,203,9,0.435,NA
205,50,checksum,tourney,FALSE,20,elitize_generation_data,204,14,0.464,NA
206,50,checksum,tourney,FALSE,20,elitize_generation_data,205,11,0.418,NA
207,50,checksum,tourney,FALSE,20,elitize_generation_data,206,14,0.446,NA
208,50,checksum,tourney,FALSE,20,elitize_generation_data,207,15,0.442,NA
209,50,checksum,tourney,FALSE,20,elitize_generation_data,208,11,0.451,NA
210,50,checksum,tourney,FALSE,20,elitize_generation_data,209,10,0.478,NA
211,50,checksum,tourney,FALSE,20,elitize_generation_data,210,9,0.461,NA
212,50,checksum,tourney,FALSE,20,elitize_generation_data,211,11,0.464,NA
213,50,checksum,tourney,FALSE,20,elitize_generation_data,212,14,0.466,NA
214,50,checksum,tourney,FALSE,20,elitize_generation_data,213,13,0.477,NA
215,50,checksum,tourney,FALSE,20,elitize_generation_data,214,12,0.52,NA
216,50,checksum,tourney,FALSE,20,elitize_generation_data,215,14,0.502,NA
217,50,checksum,tourney,FALSE,20,elitize_generation_data,216,12,0.496,NA
218,50,checksum,tourney,FALSE,20,elitize_generation_data,217,9,0.507,NA
219,50,checksum,tourney,FALSE,20,elitize_generation_data,218,20,0.508,NA
220,50,checksum,tourney,FALSE,20,elitize_generation_data,219,10,0.474,NA
221,50,checksum,tourney,FALSE,20,elitize_generation_data,220,15,0.505,NA
222,50,checksum,tourney,FALSE,20,elitize_generation_data,221,18,0.507,NA
223,50,checksum,tourney,FALSE,20,elitize_generation_data,222,20,0.53,NA
224,50,checksum,tourney,FALSE,20,elitize_generation_data,223,15,0.485,NA
225,50,checksum,tourney,FALSE,20,elitize_generation_data,224,23,0.495,NA
226,50,checksum,tourney,FALSE,20,elitize_generation_data,225,14,0.486,NA
227,50,checksum,tourney,FALSE,20,elitize_generation_data,226,17,0.491,NA
228,50,checksum,tourney,FALSE,20,elitize_generation_data,227,16,0.488,NA
229,50,checksum,tourney,FALSE,20,elitize_generation_data,228,17,0.481,NA
230,50,checksum,tourney,FALSE,20,elitize_generation_data,229,20,0.495,NA
231,50,checksum,tourney,FALSE,20,elitize_generation_data,230,17,0.502,NA
232,50,checksum,tourney,FALSE,20,elitize_generation_data,231,23,0.48,NA
233,50,checksum,tourney,FALSE,20,elitize_generation_data,232,20,0.482,NA
234,50,checksum,tourney,FALSE,20,elitize_generation_data,233,19,0.493,NA
235,50,checksum,tourney,FALSE,20,elitize_generation_data,234,18,0.494,NA
236,50,checksum,tourney,FALSE,20,elitize_generation_data,235,14,0.481,NA
237,50,checksum,tourney,FALSE,20,elitize_generation_data,236,19,0.481,NA
238,50,checksum,tourney,FALSE,20,elitize_generation_data,237,14,0.48,NA
239,50,checksum,tourney,FALSE,20,elitize_generation_data,238,14,0.491,NA
240,50,checksum,tourney,FALSE,20,elitize_generation_data,239,11,0.473,NA
241,50,checksum,tourney,FALSE,20,elitize_generation_data,240,16,0.463,NA
242,50,checksum,tourney,FALSE,20,elitize_generation_data,241,17,0.469,NA
243,50,checksum,tourney,FALSE,20,elitize_generation_data,242,17,0.519,NA
244,50,checksum,tourney,FALSE,20,elitize_generation_data,243,19,0.505,NA
245,50,checksum,tourney,FALSE,20,elitize_generation_data,244,16,0.53,NA
246,50,checksum,tourney,FALSE,20,elitize_generation_data,245,16,0.516,NA
247,50,checksum,tourney,FALSE,20,elitize_generation_data,246,18,0.521,NA
248,50,checksum,tourney,FALSE,20,elitize_generation_data,247,13,0.504,NA
249,50,checksum,tourney,FALSE,20,elitize_generation_data,248,16,0.53,NA
250,50,checksum,tourney,FALSE,20,elitize_generation_data,249,14,0.527,NA
251,50,checksum,tourney,FALSE,20,elitize_generation_data,250,16,0.512,NA
252,50,checksum,tourney,FALSE,20,elitize_generation_data,251,12,0.517,NA
253,50,checksum,tourney,FALSE,20,elitize_generation_data,252,16,0.529,NA
254,50,checksum,tourney,FALSE,20,elitize_generation_data,253,18,0.537,NA
255,50,checksum,tourney,FALSE,20,elitize_generation_data,254,17,0.505,NA
256,50,checksum,tourney,FALSE,20,elitize_generation_data,255,14,0.501,NA
257,50,checksum,tourney,FALSE,20,elitize_generation_data,256,16,0.491,NA
258,50,checksum,tourney,FALSE,20,elitize_generation_data,257,14,0.477,NA
259,50,checksum,tourney,FALSE,20,elitize_generation_data,258,17,0.465,NA
260,50,checksum,tourney,FALSE,20,elitize_generation_data,259,21,0.468,NA
261,50,checksum,tourney,FALSE,20,elitize_generation_data,260,15,0.49,NA
262,50,checksum,tourney,FALSE,20,elitize_generation_data,261,18,0.502,NA
263,50,checksum,tourney,FALSE,20,elitize_generation_data,262,20,0.488,NA
264,50,checksum,tourney,FALSE,20,elitize_generation_data,263,20,0.513,NA
265,50,checksum,tourney,FALSE,20,elitize_generation_data,264,15,0.469,NA
266,50,checksum,tourney,FALSE,20,elitize_generation_data,265,21,0.48,NA
267,50,checksum,tourney,FALSE,20,elitize_generation_data,266,19,0.497,NA
268,50,checksum,tourney,FALSE,20,elitize_generation_data,267,21,0.496,NA
269,50,checksum,tourney,FALSE,20,elitize_generation_data,268,16,0.48,NA
270,50,checksum,tourney,FALSE,20,elitize_generation_data,269,15,0.516,NA
271,50,checksum,tourney,FALSE,20,elitize_generation_data,270,16,0.536,NA
272,50,checksum,tourney,FALSE,20,elitize_generation_data,271,13,0.5,NA
273,50,checksum,tourney,FALSE,20,elitize_generation_data,272,21,0.502,NA
274,50,checksum,tourney,FALSE,20,elitize_generation_data,273,20,0.494,NA
275,50,checksum,tourney,FALSE,20,elitize_generation_data,274,17,0.52,NA
276,50,checksum,tourney,FALSE,20,elitize_generation_data,275,21,0.474,NA
277,50,checksum,tourney,FALSE,20,elitize_generation_data,276,18,0.478,NA
278,50,checksum,tourney,FALSE,20,elitize_generation_data,277,20,0.446,NA
279,50,checksum,tourney,FALSE,20,elitize_generation_data,278,16,0.481,NA
280,50,checksum,tourney,FALSE,20,elitize_generation_data,279,12,0.47,NA
281,50,checksum,tourney,FALSE,20,elitize_generation_data,280,15,0.436,NA
282,50,checksum,tourney,FALSE,20,elitize_generation_data,281,16,0.453,NA
283,50,checksum,tourney,FALSE,20,elitize_generation_data,282,11,0.462,NA
284,50,checksum,tourney,FALSE,20,elitize_generation_data,283,16,0.45,NA
285,50,checksum,tourney,FALSE,20,elitize_generation_data,284,17,0.45,NA
286,50,checksum,tourney,FALSE,20,elitize_generation_data,285,19,0.444,NA
287,50,checksum,tourney,FALSE,20,elitize_generation_data,286,14,0.486,NA
288,50,checksum,tourney,FALSE,20,elitize_generation_data,287,14,0.487,NA
289,50,checksum,tourney,FALSE,20,elitize_generation_data,288,16,0.512,NA
290,50,checksum,tourney,FALSE,20,elitize_generation_data,289,11,0.493,NA
291,50,checksum,tourney,FALSE,20,elitize_generation_data,290,22,0.508,NA
292,50,checksum,tourney,FALSE,20,elitize_generation_data,291,17,0.533,NA
293,50,checksum,tourney,FALSE,20,elitize_generation_data,292,17,0.483,NA
294,50,checksum,tourney,FALSE,20,elitize_generation_data,293,15,0.513,NA
295,50,checksum,tourney,FALSE,20,elitize_generation_data,294,17,0.494,NA
296,50,checksum,tourney,FALSE,20,elitize_generation_data,295,13,0.536,NA
297,50,checksum,tourney,FALSE,20,elitize_generation_data,296,18,0.53,NA
298,50,checksum,tourney,FALSE,20,elitize_generation_data,297,14,0.527,NA
299,50,checksum,tourney,FALSE,20,elitize_generation_data,298,17,0.532,NA
300,50,checksum,tourney,FALSE,20,elitize_generation_data,299,13,0.506,NA
301,50,checksum,tourney,FALSE,20,elitize_generation_data,300,13,0.509,NA
