,run.num,problem,treatment,succeeded,height,normalization.function,generation,cluster.count,error.diversity,success.generation
1,13,checksum,tourney,FALSE,20,elitize_generation_data,0,2,0.334,NA
2,13,checksum,tourney,FALSE,20,elitize_generation_data,1,2,0.261,NA
3,13,checksum,tourney,FALSE,20,elitize_generation_data,2,2,0.164,NA
4,13,checksum,tourney,FALSE,20,elitize_generation_data,3,2,0.126,NA
5,13,checksum,tourney,FALSE,20,elitize_generation_data,4,2,0.184,NA
6,13,checksum,tourney,FALSE,20,elitize_generation_data,5,2,0.233,NA
7,13,checksum,tourney,FALSE,20,elitize_generation_data,6,2,0.231,NA
8,13,checksum,tourney,FALSE,20,elitize_generation_data,7,3,0.205,NA
9,13,checksum,tourney,FALSE,20,elitize_generation_data,8,4,0.14,NA
10,13,checksum,tourney,FALSE,20,elitize_generation_data,9,4,0.116,NA
11,13,checksum,tourney,FALSE,20,elitize_generation_data,10,4,0.128,NA
12,13,checksum,tourney,FALSE,20,elitize_generation_data,11,3,0.13,NA
13,13,checksum,tourney,FALSE,20,elitize_generation_data,12,2,0.12,NA
14,13,checksum,tourney,FALSE,20,elitize_generation_data,13,5,0.133,NA
15,13,checksum,tourney,FALSE,20,elitize_generation_data,14,3,0.095,NA
16,13,checksum,tourney,FALSE,20,elitize_generation_data,15,5,0.073,NA
17,13,checksum,tourney,FALSE,20,elitize_generation_data,16,3,0.054,NA
18,13,checksum,tourney,FALSE,20,elitize_generation_data,17,3,0.067,NA
19,13,checksum,tourney,FALSE,20,elitize_generation_data,18,5,0.056,NA
20,13,checksum,tourney,FALSE,20,elitize_generation_data,19,6,0.051,NA
21,13,checksum,tourney,FALSE,20,elitize_generation_data,20,5,0.047,NA
22,13,checksum,tourney,FALSE,20,elitize_generation_data,21,5,0.052,NA
23,13,checksum,tourney,FALSE,20,elitize_generation_data,22,5,0.056,NA
24,13,checksum,tourney,FALSE,20,elitize_generation_data,23,5,0.06,NA
25,13,checksum,tourney,FALSE,20,elitize_generation_data,24,5,0.051,NA
26,13,checksum,tourney,FALSE,20,elitize_generation_data,25,4,0.047,NA
27,13,checksum,tourney,FALSE,20,elitize_generation_data,26,5,0.057,NA
28,13,checksum,tourney,FALSE,20,elitize_generation_data,27,6,0.069,NA
29,13,checksum,tourney,FALSE,20,elitize_generation_data,28,6,0.061,NA
30,13,checksum,tourney,FALSE,20,elitize_generation_data,29,5,0.073,NA
31,13,checksum,tourney,FALSE,20,elitize_generation_data,30,6,0.059,NA
32,13,checksum,tourney,FALSE,20,elitize_generation_data,31,6,0.065,NA
33,13,checksum,tourney,FALSE,20,elitize_generation_data,32,5,0.064,NA
34,13,checksum,tourney,FALSE,20,elitize_generation_data,33,5,0.071,NA
35,13,checksum,tourney,FALSE,20,elitize_generation_data,34,5,0.076,NA
36,13,checksum,tourney,FALSE,20,elitize_generation_data,35,5,0.061,NA
37,13,checksum,tourney,FALSE,20,elitize_generation_data,36,6,0.071,NA
38,13,checksum,tourney,FALSE,20,elitize_generation_data,37,5,0.064,NA
39,13,checksum,tourney,FALSE,20,elitize_generation_data,38,5,0.059,NA
40,13,checksum,tourney,FALSE,20,elitize_generation_data,39,6,0.05,NA
41,13,checksum,tourney,FALSE,20,elitize_generation_data,40,6,0.07,NA
42,13,checksum,tourney,FALSE,20,elitize_generation_data,41,5,0.066,NA
43,13,checksum,tourney,FALSE,20,elitize_generation_data,42,4,0.067,NA
44,13,checksum,tourney,FALSE,20,elitize_generation_data,43,5,0.083,NA
45,13,checksum,tourney,FALSE,20,elitize_generation_data,44,5,0.085,NA
46,13,checksum,tourney,FALSE,20,elitize_generation_data,45,6,0.074,NA
47,13,checksum,tourney,FALSE,20,elitize_generation_data,46,5,0.073,NA
48,13,checksum,tourney,FALSE,20,elitize_generation_data,47,6,0.078,NA
49,13,checksum,tourney,FALSE,20,elitize_generation_data,48,5,0.087,NA
50,13,checksum,tourney,FALSE,20,elitize_generation_data,49,5,0.086,NA
51,13,checksum,tourney,FALSE,20,elitize_generation_data,50,8,0.082,NA
52,13,checksum,tourney,FALSE,20,elitize_generation_data,51,5,0.097,NA
53,13,checksum,tourney,FALSE,20,elitize_generation_data,52,6,0.078,NA
54,13,checksum,tourney,FALSE,20,elitize_generation_data,53,5,0.075,NA
55,13,checksum,tourney,FALSE,20,elitize_generation_data,54,6,0.064,NA
56,13,checksum,tourney,FALSE,20,elitize_generation_data,55,5,0.082,NA
57,13,checksum,tourney,FALSE,20,elitize_generation_data,56,5,0.083,NA
58,13,checksum,tourney,FALSE,20,elitize_generation_data,57,5,0.066,NA
59,13,checksum,tourney,FALSE,20,elitize_generation_data,58,5,0.068,NA
60,13,checksum,tourney,FALSE,20,elitize_generation_data,59,4,0.074,NA
61,13,checksum,tourney,FALSE,20,elitize_generation_data,60,5,0.065,NA
62,13,checksum,tourney,FALSE,20,elitize_generation_data,61,5,0.059,NA
63,13,checksum,tourney,FALSE,20,elitize_generation_data,62,7,0.075,NA
64,13,checksum,tourney,FALSE,20,elitize_generation_data,63,6,0.074,NA
65,13,checksum,tourney,FALSE,20,elitize_generation_data,64,6,0.061,NA
66,13,checksum,tourney,FALSE,20,elitize_generation_data,65,5,0.071,NA
67,13,checksum,tourney,FALSE,20,elitize_generation_data,66,6,0.068,NA
68,13,checksum,tourney,FALSE,20,elitize_generation_data,67,6,0.063,NA
69,13,checksum,tourney,FALSE,20,elitize_generation_data,68,4,0.067,NA
70,13,checksum,tourney,FALSE,20,elitize_generation_data,69,8,0.053,NA
71,13,checksum,tourney,FALSE,20,elitize_generation_data,70,8,0.063,NA
72,13,checksum,tourney,FALSE,20,elitize_generation_data,71,6,0.052,NA
73,13,checksum,tourney,FALSE,20,elitize_generation_data,72,5,0.051,NA
74,13,checksum,tourney,FALSE,20,elitize_generation_data,73,7,0.064,NA
75,13,checksum,tourney,FALSE,20,elitize_generation_data,74,5,0.062,NA
76,13,checksum,tourney,FALSE,20,elitize_generation_data,75,5,0.058,NA
77,13,checksum,tourney,FALSE,20,elitize_generation_data,76,7,0.047,NA
78,13,checksum,tourney,FALSE,20,elitize_generation_data,77,7,0.052,NA
79,13,checksum,tourney,FALSE,20,elitize_generation_data,78,6,0.052,NA
80,13,checksum,tourney,FALSE,20,elitize_generation_data,79,5,0.046,NA
81,13,checksum,tourney,FALSE,20,elitize_generation_data,80,6,0.062,NA
82,13,checksum,tourney,FALSE,20,elitize_generation_data,81,7,0.047,NA
83,13,checksum,tourney,FALSE,20,elitize_generation_data,82,6,0.052,NA
84,13,checksum,tourney,FALSE,20,elitize_generation_data,83,9,0.048,NA
85,13,checksum,tourney,FALSE,20,elitize_generation_data,84,5,0.055,NA
86,13,checksum,tourney,FALSE,20,elitize_generation_data,85,5,0.043,NA
87,13,checksum,tourney,FALSE,20,elitize_generation_data,86,6,0.049,NA
88,13,checksum,tourney,FALSE,20,elitize_generation_data,87,6,0.04,NA
89,13,checksum,tourney,FALSE,20,elitize_generation_data,88,6,0.046,NA
90,13,checksum,tourney,FALSE,20,elitize_generation_data,89,7,0.039,NA
91,13,checksum,tourney,FALSE,20,elitize_generation_data,90,7,0.047,NA
92,13,checksum,tourney,FALSE,20,elitize_generation_data,91,5,0.045,NA
93,13,checksum,tourney,FALSE,20,elitize_generation_data,92,6,0.045,NA
94,13,checksum,tourney,FALSE,20,elitize_generation_data,93,7,0.04,NA
95,13,checksum,tourney,FALSE,20,elitize_generation_data,94,6,0.046,NA
96,13,checksum,tourney,FALSE,20,elitize_generation_data,95,6,0.044,NA
97,13,checksum,tourney,FALSE,20,elitize_generation_data,96,6,0.039,NA
98,13,checksum,tourney,FALSE,20,elitize_generation_data,97,6,0.044,NA
99,13,checksum,tourney,FALSE,20,elitize_generation_data,98,6,0.042,NA
100,13,checksum,tourney,FALSE,20,elitize_generation_data,99,7,0.042,NA
101,13,checksum,tourney,FALSE,20,elitize_generation_data,100,7,0.043,NA
102,13,checksum,tourney,FALSE,20,elitize_generation_data,101,7,0.037,NA
103,13,checksum,tourney,FALSE,20,elitize_generation_data,102,5,0.043,NA
104,13,checksum,tourney,FALSE,20,elitize_generation_data,103,7,0.04,NA
105,13,checksum,tourney,FALSE,20,elitize_generation_data,104,7,0.037,NA
106,13,checksum,tourney,FALSE,20,elitize_generation_data,105,7,0.039,NA
107,13,checksum,tourney,FALSE,20,elitize_generation_data,106,4,0.048,NA
108,13,checksum,tourney,FALSE,20,elitize_generation_data,107,7,0.042,NA
109,13,checksum,tourney,FALSE,20,elitize_generation_data,108,5,0.037,NA
110,13,checksum,tourney,FALSE,20,elitize_generation_data,109,7,0.033,NA
111,13,checksum,tourney,FALSE,20,elitize_generation_data,110,5,0.043,NA
112,13,checksum,tourney,FALSE,20,elitize_generation_data,111,7,0.041,NA
113,13,checksum,tourney,FALSE,20,elitize_generation_data,112,4,0.041,NA
114,13,checksum,tourney,FALSE,20,elitize_generation_data,113,5,0.042,NA
115,13,checksum,tourney,FALSE,20,elitize_generation_data,114,6,0.026,NA
116,13,checksum,tourney,FALSE,20,elitize_generation_data,115,6,0.032,NA
117,13,checksum,tourney,FALSE,20,elitize_generation_data,116,6,0.038,NA
118,13,checksum,tourney,FALSE,20,elitize_generation_data,117,5,0.032,NA
119,13,checksum,tourney,FALSE,20,elitize_generation_data,118,8,0.037,NA
120,13,checksum,tourney,FALSE,20,elitize_generation_data,119,5,0.033,NA
121,13,checksum,tourney,FALSE,20,elitize_generation_data,120,7,0.032,NA
122,13,checksum,tourney,FALSE,20,elitize_generation_data,121,5,0.039,NA
123,13,checksum,tourney,FALSE,20,elitize_generation_data,122,8,0.04,NA
124,13,checksum,tourney,FALSE,20,elitize_generation_data,123,7,0.036,NA
125,13,checksum,tourney,FALSE,20,elitize_generation_data,124,5,0.029,NA
126,13,checksum,tourney,FALSE,20,elitize_generation_data,125,6,0.028,NA
127,13,checksum,tourney,FALSE,20,elitize_generation_data,126,6,0.037,NA
128,13,checksum,tourney,FALSE,20,elitize_generation_data,127,6,0.028,NA
129,13,checksum,tourney,FALSE,20,elitize_generation_data,128,6,0.038,NA
130,13,checksum,tourney,FALSE,20,elitize_generation_data,129,6,0.04,NA
131,13,checksum,tourney,FALSE,20,elitize_generation_data,130,5,0.045,NA
132,13,checksum,tourney,FALSE,20,elitize_generation_data,131,4,0.035,NA
133,13,checksum,tourney,FALSE,20,elitize_generation_data,132,6,0.043,NA
134,13,checksum,tourney,FALSE,20,elitize_generation_data,133,6,0.03,NA
135,13,checksum,tourney,FALSE,20,elitize_generation_data,134,8,0.037,NA
136,13,checksum,tourney,FALSE,20,elitize_generation_data,135,8,0.037,NA
137,13,checksum,tourney,FALSE,20,elitize_generation_data,136,7,0.036,NA
138,13,checksum,tourney,FALSE,20,elitize_generation_data,137,7,0.03,NA
139,13,checksum,tourney,FALSE,20,elitize_generation_data,138,6,0.031,NA
140,13,checksum,tourney,FALSE,20,elitize_generation_data,139,7,0.033,NA
141,13,checksum,tourney,FALSE,20,elitize_generation_data,140,5,0.032,NA
142,13,checksum,tourney,FALSE,20,elitize_generation_data,141,6,0.039,NA
143,13,checksum,tourney,FALSE,20,elitize_generation_data,142,5,0.033,NA
144,13,checksum,tourney,FALSE,20,elitize_generation_data,143,6,0.029,NA
145,13,checksum,tourney,FALSE,20,elitize_generation_data,144,7,0.037,NA
146,13,checksum,tourney,FALSE,20,elitize_generation_data,145,6,0.04,NA
147,13,checksum,tourney,FALSE,20,elitize_generation_data,146,8,0.029,NA
148,13,checksum,tourney,FALSE,20,elitize_generation_data,147,6,0.033,NA
149,13,checksum,tourney,FALSE,20,elitize_generation_data,148,7,0.028,NA
150,13,checksum,tourney,FALSE,20,elitize_generation_data,149,6,0.031,NA
151,13,checksum,tourney,FALSE,20,elitize_generation_data,150,6,0.033,NA
152,13,checksum,tourney,FALSE,20,elitize_generation_data,151,6,0.031,NA
153,13,checksum,tourney,FALSE,20,elitize_generation_data,152,7,0.027,NA
154,13,checksum,tourney,FALSE,20,elitize_generation_data,153,8,0.032,NA
155,13,checksum,tourney,FALSE,20,elitize_generation_data,154,6,0.037,NA
156,13,checksum,tourney,FALSE,20,elitize_generation_data,155,8,0.032,NA
157,13,checksum,tourney,FALSE,20,elitize_generation_data,156,5,0.03,NA
158,13,checksum,tourney,FALSE,20,elitize_generation_data,157,6,0.033,NA
159,13,checksum,tourney,FALSE,20,elitize_generation_data,158,7,0.046,NA
160,13,checksum,tourney,FALSE,20,elitize_generation_data,159,6,0.038,NA
161,13,checksum,tourney,FALSE,20,elitize_generation_data,160,8,0.032,NA
162,13,checksum,tourney,FALSE,20,elitize_generation_data,161,7,0.032,NA
163,13,checksum,tourney,FALSE,20,elitize_generation_data,162,6,0.033,NA
164,13,checksum,tourney,FALSE,20,elitize_generation_data,163,7,0.028,NA
165,13,checksum,tourney,FALSE,20,elitize_generation_data,164,6,0.037,NA
166,13,checksum,tourney,FALSE,20,elitize_generation_data,165,7,0.036,NA
167,13,checksum,tourney,FALSE,20,elitize_generation_data,166,6,0.034,NA
168,13,checksum,tourney,FALSE,20,elitize_generation_data,167,7,0.029,NA
169,13,checksum,tourney,FALSE,20,elitize_generation_data,168,9,0.031,NA
170,13,checksum,tourney,FALSE,20,elitize_generation_data,169,6,0.033,NA
171,13,checksum,tourney,FALSE,20,elitize_generation_data,170,7,0.029,NA
172,13,checksum,tourney,FALSE,20,elitize_generation_data,171,7,0.035,NA
173,13,checksum,tourney,FALSE,20,elitize_generation_data,172,6,0.029,NA
174,13,checksum,tourney,FALSE,20,elitize_generation_data,173,7,0.027,NA
175,13,checksum,tourney,FALSE,20,elitize_generation_data,174,6,0.025,NA
176,13,checksum,tourney,FALSE,20,elitize_generation_data,175,6,0.026,NA
177,13,checksum,tourney,FALSE,20,elitize_generation_data,176,8,0.031,NA
178,13,checksum,tourney,FALSE,20,elitize_generation_data,177,7,0.029,NA
179,13,checksum,tourney,FALSE,20,elitize_generation_data,178,7,0.026,NA
180,13,checksum,tourney,FALSE,20,elitize_generation_data,179,7,0.03,NA
181,13,checksum,tourney,FALSE,20,elitize_generation_data,180,6,0.031,NA
182,13,checksum,tourney,FALSE,20,elitize_generation_data,181,7,0.032,NA
183,13,checksum,tourney,FALSE,20,elitize_generation_data,182,6,0.03,NA
184,13,checksum,tourney,FALSE,20,elitize_generation_data,183,7,0.033,NA
185,13,checksum,tourney,FALSE,20,elitize_generation_data,184,6,0.032,NA
186,13,checksum,tourney,FALSE,20,elitize_generation_data,185,5,0.031,NA
187,13,checksum,tourney,FALSE,20,elitize_generation_data,186,7,0.03,NA
188,13,checksum,tourney,FALSE,20,elitize_generation_data,187,7,0.029,NA
189,13,checksum,tourney,FALSE,20,elitize_generation_data,188,7,0.027,NA
190,13,checksum,tourney,FALSE,20,elitize_generation_data,189,7,0.033,NA
191,13,checksum,tourney,FALSE,20,elitize_generation_data,190,6,0.028,NA
192,13,checksum,tourney,FALSE,20,elitize_generation_data,191,7,0.024,NA
193,13,checksum,tourney,FALSE,20,elitize_generation_data,192,5,0.027,NA
194,13,checksum,tourney,FALSE,20,elitize_generation_data,193,8,0.023,NA
195,13,checksum,tourney,FALSE,20,elitize_generation_data,194,7,0.027,NA
196,13,checksum,tourney,FALSE,20,elitize_generation_data,195,7,0.023,NA
197,13,checksum,tourney,FALSE,20,elitize_generation_data,196,6,0.025,NA
198,13,checksum,tourney,FALSE,20,elitize_generation_data,197,7,0.025,NA
199,13,checksum,tourney,FALSE,20,elitize_generation_data,198,5,0.023,NA
200,13,checksum,tourney,FALSE,20,elitize_generation_data,199,5,0.024,NA
201,13,checksum,tourney,FALSE,20,elitize_generation_data,200,7,0.026,NA
202,13,checksum,tourney,FALSE,20,elitize_generation_data,201,4,0.027,NA
203,13,checksum,tourney,FALSE,20,elitize_generation_data,202,7,0.025,NA
204,13,checksum,tourney,FALSE,20,elitize_generation_data,203,7,0.028,NA
205,13,checksum,tourney,FALSE,20,elitize_generation_data,204,4,0.024,NA
206,13,checksum,tourney,FALSE,20,elitize_generation_data,205,7,0.019,NA
207,13,checksum,tourney,FALSE,20,elitize_generation_data,206,9,0.024,NA
208,13,checksum,tourney,FALSE,20,elitize_generation_data,207,6,0.029,NA
209,13,checksum,tourney,FALSE,20,elitize_generation_data,208,7,0.023,NA
210,13,checksum,tourney,FALSE,20,elitize_generation_data,209,7,0.02,NA
211,13,checksum,tourney,FALSE,20,elitize_generation_data,210,9,0.029,NA
212,13,checksum,tourney,FALSE,20,elitize_generation_data,211,7,0.022,NA
213,13,checksum,tourney,FALSE,20,elitize_generation_data,212,7,0.02,NA
214,13,checksum,tourney,FALSE,20,elitize_generation_data,213,5,0.02,NA
215,13,checksum,tourney,FALSE,20,elitize_generation_data,214,6,0.027,NA
216,13,checksum,tourney,FALSE,20,elitize_generation_data,215,6,0.02,NA
217,13,checksum,tourney,FALSE,20,elitize_generation_data,216,7,0.018,NA
218,13,checksum,tourney,FALSE,20,elitize_generation_data,217,6,0.017,NA
219,13,checksum,tourney,FALSE,20,elitize_generation_data,218,7,0.016,NA
220,13,checksum,tourney,FALSE,20,elitize_generation_data,219,6,0.015,NA
221,13,checksum,tourney,FALSE,20,elitize_generation_data,220,6,0.018,NA
222,13,checksum,tourney,FALSE,20,elitize_generation_data,221,7,0.023,NA
223,13,checksum,tourney,FALSE,20,elitize_generation_data,222,7,0.017,NA
224,13,checksum,tourney,FALSE,20,elitize_generation_data,223,6,0.017,NA
225,13,checksum,tourney,FALSE,20,elitize_generation_data,224,6,0.021,NA
226,13,checksum,tourney,FALSE,20,elitize_generation_data,225,6,0.014,NA
227,13,checksum,tourney,FALSE,20,elitize_generation_data,226,7,0.017,NA
228,13,checksum,tourney,FALSE,20,elitize_generation_data,227,7,0.019,NA
229,13,checksum,tourney,FALSE,20,elitize_generation_data,228,6,0.013,NA
230,13,checksum,tourney,FALSE,20,elitize_generation_data,229,6,0.015,NA
231,13,checksum,tourney,FALSE,20,elitize_generation_data,230,7,0.014,NA
232,13,checksum,tourney,FALSE,20,elitize_generation_data,231,6,0.02,NA
233,13,checksum,tourney,FALSE,20,elitize_generation_data,232,6,0.017,NA
234,13,checksum,tourney,FALSE,20,elitize_generation_data,233,4,0.013,NA
235,13,checksum,tourney,FALSE,20,elitize_generation_data,234,6,0.02,NA
236,13,checksum,tourney,FALSE,20,elitize_generation_data,235,7,0.018,NA
237,13,checksum,tourney,FALSE,20,elitize_generation_data,236,7,0.014,NA
238,13,checksum,tourney,FALSE,20,elitize_generation_data,237,5,0.015,NA
239,13,checksum,tourney,FALSE,20,elitize_generation_data,238,6,0.016,NA
240,13,checksum,tourney,FALSE,20,elitize_generation_data,239,8,0.02,NA
241,13,checksum,tourney,FALSE,20,elitize_generation_data,240,8,0.021,NA
242,13,checksum,tourney,FALSE,20,elitize_generation_data,241,6,0.017,NA
243,13,checksum,tourney,FALSE,20,elitize_generation_data,242,7,0.015,NA
244,13,checksum,tourney,FALSE,20,elitize_generation_data,243,7,0.015,NA
245,13,checksum,tourney,FALSE,20,elitize_generation_data,244,7,0.014,NA
246,13,checksum,tourney,FALSE,20,elitize_generation_data,245,5,0.016,NA
247,13,checksum,tourney,FALSE,20,elitize_generation_data,246,6,0.019,NA
248,13,checksum,tourney,FALSE,20,elitize_generation_data,247,6,0.016,NA
249,13,checksum,tourney,FALSE,20,elitize_generation_data,248,7,0.02,NA
250,13,checksum,tourney,FALSE,20,elitize_generation_data,249,6,0.014,NA
251,13,checksum,tourney,FALSE,20,elitize_generation_data,250,7,0.02,NA
252,13,checksum,tourney,FALSE,20,elitize_generation_data,251,7,0.019,NA
253,13,checksum,tourney,FALSE,20,elitize_generation_data,252,5,0.014,NA
254,13,checksum,tourney,FALSE,20,elitize_generation_data,253,6,0.015,NA
255,13,checksum,tourney,FALSE,20,elitize_generation_data,254,6,0.014,NA
256,13,checksum,tourney,FALSE,20,elitize_generation_data,255,5,0.02,NA
257,13,checksum,tourney,FALSE,20,elitize_generation_data,256,5,0.015,NA
258,13,checksum,tourney,FALSE,20,elitize_generation_data,257,6,0.015,NA
259,13,checksum,tourney,FALSE,20,elitize_generation_data,258,6,0.014,NA
260,13,checksum,tourney,FALSE,20,elitize_generation_data,259,8,0.016,NA
261,13,checksum,tourney,FALSE,20,elitize_generation_data,260,6,0.016,NA
262,13,checksum,tourney,FALSE,20,elitize_generation_data,261,5,0.016,NA
263,13,checksum,tourney,FALSE,20,elitize_generation_data,262,5,0.013,NA
264,13,checksum,tourney,FALSE,20,elitize_generation_data,263,6,0.014,NA
265,13,checksum,tourney,FALSE,20,elitize_generation_data,264,7,0.016,NA
266,13,checksum,tourney,FALSE,20,elitize_generation_data,265,6,0.011,NA
267,13,checksum,tourney,FALSE,20,elitize_generation_data,266,6,0.012,NA
268,13,checksum,tourney,FALSE,20,elitize_generation_data,267,7,0.017,NA
269,13,checksum,tourney,FALSE,20,elitize_generation_data,268,7,0.017,NA
270,13,checksum,tourney,FALSE,20,elitize_generation_data,269,6,0.016,NA
271,13,checksum,tourney,FALSE,20,elitize_generation_data,270,8,0.016,NA
272,13,checksum,tourney,FALSE,20,elitize_generation_data,271,6,0.014,NA
273,13,checksum,tourney,FALSE,20,elitize_generation_data,272,5,0.012,NA
274,13,checksum,tourney,FALSE,20,elitize_generation_data,273,6,0.017,NA
275,13,checksum,tourney,FALSE,20,elitize_generation_data,274,6,0.017,NA
276,13,checksum,tourney,FALSE,20,elitize_generation_data,275,6,0.015,NA
277,13,checksum,tourney,FALSE,20,elitize_generation_data,276,5,0.015,NA
278,13,checksum,tourney,FALSE,20,elitize_generation_data,277,6,0.018,NA
279,13,checksum,tourney,FALSE,20,elitize_generation_data,278,6,0.013,NA
280,13,checksum,tourney,FALSE,20,elitize_generation_data,279,7,0.018,NA
281,13,checksum,tourney,FALSE,20,elitize_generation_data,280,6,0.014,NA
282,13,checksum,tourney,FALSE,20,elitize_generation_data,281,7,0.015,NA
283,13,checksum,tourney,FALSE,20,elitize_generation_data,282,6,0.016,NA
284,13,checksum,tourney,FALSE,20,elitize_generation_data,283,6,0.011,NA
285,13,checksum,tourney,FALSE,20,elitize_generation_data,284,7,0.015,NA
286,13,checksum,tourney,FALSE,20,elitize_generation_data,285,5,0.015,NA
287,13,checksum,tourney,FALSE,20,elitize_generation_data,286,5,0.016,NA
288,13,checksum,tourney,FALSE,20,elitize_generation_data,287,6,0.011,NA
289,13,checksum,tourney,FALSE,20,elitize_generation_data,288,5,0.012,NA
290,13,checksum,tourney,FALSE,20,elitize_generation_data,289,7,0.018,NA
291,13,checksum,tourney,FALSE,20,elitize_generation_data,290,7,0.014,NA
292,13,checksum,tourney,FALSE,20,elitize_generation_data,291,6,0.013,NA
293,13,checksum,tourney,FALSE,20,elitize_generation_data,292,6,0.012,NA
294,13,checksum,tourney,FALSE,20,elitize_generation_data,293,5,0.015,NA
295,13,checksum,tourney,FALSE,20,elitize_generation_data,294,6,0.012,NA
296,13,checksum,tourney,FALSE,20,elitize_generation_data,295,7,0.017,NA
297,13,checksum,tourney,FALSE,20,elitize_generation_data,296,6,0.017,NA
298,13,checksum,tourney,FALSE,20,elitize_generation_data,297,6,0.018,NA
299,13,checksum,tourney,FALSE,20,elitize_generation_data,298,6,0.016,NA
300,13,checksum,tourney,FALSE,20,elitize_generation_data,299,6,0.016,NA
301,13,checksum,tourney,FALSE,20,elitize_generation_data,300,6,0.01,NA
