,run.num,problem,treatment,succeeded,height,normalization.function,generation,cluster.count,error.diversity,success.generation
1,0,checksum,tourney,FALSE,20,elitize_generation_data,0,2,0.308,NA
2,0,checksum,tourney,FALSE,20,elitize_generation_data,1,2,0.233,NA
3,0,checksum,tourney,FALSE,20,elitize_generation_data,2,2,0.136,NA
4,0,checksum,tourney,FALSE,20,elitize_generation_data,3,3,0.116,NA
5,0,checksum,tourney,FALSE,20,elitize_generation_data,4,3,0.09,NA
6,0,checksum,tourney,FALSE,20,elitize_generation_data,5,4,0.112,NA
7,0,checksum,tourney,FALSE,20,elitize_generation_data,6,3,0.095,NA
8,0,checksum,tourney,FALSE,20,elitize_generation_data,7,4,0.085,NA
9,0,checksum,tourney,FALSE,20,elitize_generation_data,8,5,0.046,NA
10,0,checksum,tourney,FALSE,20,elitize_generation_data,9,7,0.054,NA
11,0,checksum,tourney,FALSE,20,elitize_generation_data,10,4,0.078,NA
12,0,checksum,tourney,FALSE,20,elitize_generation_data,11,7,0.08,NA
13,0,checksum,tourney,FALSE,20,elitize_generation_data,12,9,0.074,NA
14,0,checksum,tourney,FALSE,20,elitize_generation_data,13,8,0.079,NA
15,0,checksum,tourney,FALSE,20,elitize_generation_data,14,8,0.074,NA
16,0,checksum,tourney,FALSE,20,elitize_generation_data,15,6,0.079,NA
17,0,checksum,tourney,FALSE,20,elitize_generation_data,16,10,0.08,NA
18,0,checksum,tourney,FALSE,20,elitize_generation_data,17,8,0.077,NA
19,0,checksum,tourney,FALSE,20,elitize_generation_data,18,8,0.08,NA
20,0,checksum,tourney,FALSE,20,elitize_generation_data,19,11,0.072,NA
21,0,checksum,tourney,FALSE,20,elitize_generation_data,20,7,0.085,NA
22,0,checksum,tourney,FALSE,20,elitize_generation_data,21,7,0.096,NA
23,0,checksum,tourney,FALSE,20,elitize_generation_data,22,8,0.089,NA
24,0,checksum,tourney,FALSE,20,elitize_generation_data,23,8,0.082,NA
25,0,checksum,tourney,FALSE,20,elitize_generation_data,24,7,0.072,NA
26,0,checksum,tourney,FALSE,20,elitize_generation_data,25,7,0.084,NA
27,0,checksum,tourney,FALSE,20,elitize_generation_data,26,7,0.086,NA
28,0,checksum,tourney,FALSE,20,elitize_generation_data,27,6,0.084,NA
29,0,checksum,tourney,FALSE,20,elitize_generation_data,28,11,0.076,NA
30,0,checksum,tourney,FALSE,20,elitize_generation_data,29,8,0.092,NA
31,0,checksum,tourney,FALSE,20,elitize_generation_data,30,6,0.102,NA
32,0,checksum,tourney,FALSE,20,elitize_generation_data,31,5,0.094,NA
33,0,checksum,tourney,FALSE,20,elitize_generation_data,32,7,0.084,NA
34,0,checksum,tourney,FALSE,20,elitize_generation_data,33,6,0.094,NA
35,0,checksum,tourney,FALSE,20,elitize_generation_data,34,5,0.088,NA
36,0,checksum,tourney,FALSE,20,elitize_generation_data,35,9,0.101,NA
37,0,checksum,tourney,FALSE,20,elitize_generation_data,36,8,0.093,NA
38,0,checksum,tourney,FALSE,20,elitize_generation_data,37,8,0.086,NA
39,0,checksum,tourney,FALSE,20,elitize_generation_data,38,6,0.096,NA
40,0,checksum,tourney,FALSE,20,elitize_generation_data,39,5,0.096,NA
41,0,checksum,tourney,FALSE,20,elitize_generation_data,40,5,0.096,NA
42,0,checksum,tourney,FALSE,20,elitize_generation_data,41,6,0.098,NA
43,0,checksum,tourney,FALSE,20,elitize_generation_data,42,6,0.116,NA
44,0,checksum,tourney,FALSE,20,elitize_generation_data,43,5,0.129,NA
45,0,checksum,tourney,FALSE,20,elitize_generation_data,44,5,0.139,NA
46,0,checksum,tourney,FALSE,20,elitize_generation_data,45,5,0.13,NA
47,0,checksum,tourney,FALSE,20,elitize_generation_data,46,4,0.112,NA
48,0,checksum,tourney,FALSE,20,elitize_generation_data,47,4,0.134,NA
49,0,checksum,tourney,FALSE,20,elitize_generation_data,48,6,0.136,NA
50,0,checksum,tourney,FALSE,20,elitize_generation_data,49,8,0.143,NA
51,0,checksum,tourney,FALSE,20,elitize_generation_data,50,5,0.145,NA
52,0,checksum,tourney,FALSE,20,elitize_generation_data,51,7,0.124,NA
53,0,checksum,tourney,FALSE,20,elitize_generation_data,52,8,0.129,NA
54,0,checksum,tourney,FALSE,20,elitize_generation_data,53,5,0.126,NA
55,0,checksum,tourney,FALSE,20,elitize_generation_data,54,5,0.109,NA
56,0,checksum,tourney,FALSE,20,elitize_generation_data,55,11,0.118,NA
57,0,checksum,tourney,FALSE,20,elitize_generation_data,56,7,0.108,NA
58,0,checksum,tourney,FALSE,20,elitize_generation_data,57,9,0.122,NA
59,0,checksum,tourney,FALSE,20,elitize_generation_data,58,7,0.125,NA
60,0,checksum,tourney,FALSE,20,elitize_generation_data,59,6,0.135,NA
61,0,checksum,tourney,FALSE,20,elitize_generation_data,60,7,0.113,NA
62,0,checksum,tourney,FALSE,20,elitize_generation_data,61,7,0.127,NA
63,0,checksum,tourney,FALSE,20,elitize_generation_data,62,7,0.131,NA
64,0,checksum,tourney,FALSE,20,elitize_generation_data,63,6,0.133,NA
65,0,checksum,tourney,FALSE,20,elitize_generation_data,64,8,0.137,NA
66,0,checksum,tourney,FALSE,20,elitize_generation_data,65,6,0.119,NA
67,0,checksum,tourney,FALSE,20,elitize_generation_data,66,9,0.134,NA
68,0,checksum,tourney,FALSE,20,elitize_generation_data,67,10,0.137,NA
69,0,checksum,tourney,FALSE,20,elitize_generation_data,68,7,0.132,NA
70,0,checksum,tourney,FALSE,20,elitize_generation_data,69,6,0.136,NA
71,0,checksum,tourney,FALSE,20,elitize_generation_data,70,9,0.129,NA
72,0,checksum,tourney,FALSE,20,elitize_generation_data,71,7,0.129,NA
73,0,checksum,tourney,FALSE,20,elitize_generation_data,72,8,0.156,NA
74,0,checksum,tourney,FALSE,20,elitize_generation_data,73,8,0.149,NA
75,0,checksum,tourney,FALSE,20,elitize_generation_data,74,7,0.16,NA
76,0,checksum,tourney,FALSE,20,elitize_generation_data,75,6,0.167,NA
77,0,checksum,tourney,FALSE,20,elitize_generation_data,76,9,0.136,NA
78,0,checksum,tourney,FALSE,20,elitize_generation_data,77,8,0.137,NA
79,0,checksum,tourney,FALSE,20,elitize_generation_data,78,8,0.159,NA
80,0,checksum,tourney,FALSE,20,elitize_generation_data,79,5,0.145,NA
81,0,checksum,tourney,FALSE,20,elitize_generation_data,80,9,0.131,NA
82,0,checksum,tourney,FALSE,20,elitize_generation_data,81,9,0.152,NA
83,0,checksum,tourney,FALSE,20,elitize_generation_data,82,7,0.14,NA
84,0,checksum,tourney,FALSE,20,elitize_generation_data,83,7,0.14,NA
85,0,checksum,tourney,FALSE,20,elitize_generation_data,84,9,0.137,NA
86,0,checksum,tourney,FALSE,20,elitize_generation_data,85,7,0.14,NA
87,0,checksum,tourney,FALSE,20,elitize_generation_data,86,5,0.151,NA
88,0,checksum,tourney,FALSE,20,elitize_generation_data,87,8,0.14,NA
89,0,checksum,tourney,FALSE,20,elitize_generation_data,88,7,0.163,NA
90,0,checksum,tourney,FALSE,20,elitize_generation_data,89,8,0.142,NA
91,0,checksum,tourney,FALSE,20,elitize_generation_data,90,9,0.136,NA
92,0,checksum,tourney,FALSE,20,elitize_generation_data,91,9,0.144,NA
93,0,checksum,tourney,FALSE,20,elitize_generation_data,92,7,0.159,NA
94,0,checksum,tourney,FALSE,20,elitize_generation_data,93,7,0.152,NA
95,0,checksum,tourney,FALSE,20,elitize_generation_data,94,6,0.162,NA
96,0,checksum,tourney,FALSE,20,elitize_generation_data,95,7,0.169,NA
97,0,checksum,tourney,FALSE,20,elitize_generation_data,96,8,0.168,NA
98,0,checksum,tourney,FALSE,20,elitize_generation_data,97,8,0.211,NA
99,0,checksum,tourney,FALSE,20,elitize_generation_data,98,6,0.199,NA
100,0,checksum,tourney,FALSE,20,elitize_generation_data,99,7,0.171,NA
101,0,checksum,tourney,FALSE,20,elitize_generation_data,100,7,0.173,NA
102,0,checksum,tourney,FALSE,20,elitize_generation_data,101,7,0.196,NA
103,0,checksum,tourney,FALSE,20,elitize_generation_data,102,7,0.205,NA
104,0,checksum,tourney,FALSE,20,elitize_generation_data,103,6,0.187,NA
105,0,checksum,tourney,FALSE,20,elitize_generation_data,104,11,0.177,NA
106,0,checksum,tourney,FALSE,20,elitize_generation_data,105,8,0.193,NA
107,0,checksum,tourney,FALSE,20,elitize_generation_data,106,6,0.211,NA
108,0,checksum,tourney,FALSE,20,elitize_generation_data,107,5,0.212,NA
109,0,checksum,tourney,FALSE,20,elitize_generation_data,108,8,0.213,NA
110,0,checksum,tourney,FALSE,20,elitize_generation_data,109,10,0.238,NA
111,0,checksum,tourney,FALSE,20,elitize_generation_data,110,10,0.247,NA
112,0,checksum,tourney,FALSE,20,elitize_generation_data,111,6,0.198,NA
113,0,checksum,tourney,FALSE,20,elitize_generation_data,112,7,0.212,NA
114,0,checksum,tourney,FALSE,20,elitize_generation_data,113,7,0.224,NA
115,0,checksum,tourney,FALSE,20,elitize_generation_data,114,7,0.202,NA
116,0,checksum,tourney,FALSE,20,elitize_generation_data,115,8,0.204,NA
117,0,checksum,tourney,FALSE,20,elitize_generation_data,116,8,0.182,NA
118,0,checksum,tourney,FALSE,20,elitize_generation_data,117,10,0.184,NA
119,0,checksum,tourney,FALSE,20,elitize_generation_data,118,11,0.182,NA
120,0,checksum,tourney,FALSE,20,elitize_generation_data,119,5,0.189,NA
121,0,checksum,tourney,FALSE,20,elitize_generation_data,120,5,0.21,NA
122,0,checksum,tourney,FALSE,20,elitize_generation_data,121,4,0.213,NA
123,0,checksum,tourney,FALSE,20,elitize_generation_data,122,6,0.181,NA
124,0,checksum,tourney,FALSE,20,elitize_generation_data,123,8,0.19,NA
125,0,checksum,tourney,FALSE,20,elitize_generation_data,124,7,0.238,NA
126,0,checksum,tourney,FALSE,20,elitize_generation_data,125,6,0.217,NA
127,0,checksum,tourney,FALSE,20,elitize_generation_data,126,10,0.217,NA
128,0,checksum,tourney,FALSE,20,elitize_generation_data,127,7,0.206,NA
129,0,checksum,tourney,FALSE,20,elitize_generation_data,128,8,0.212,NA
130,0,checksum,tourney,FALSE,20,elitize_generation_data,129,5,0.192,NA
131,0,checksum,tourney,FALSE,20,elitize_generation_data,130,7,0.224,NA
132,0,checksum,tourney,FALSE,20,elitize_generation_data,131,9,0.214,NA
133,0,checksum,tourney,FALSE,20,elitize_generation_data,132,7,0.216,NA
134,0,checksum,tourney,FALSE,20,elitize_generation_data,133,8,0.215,NA
135,0,checksum,tourney,FALSE,20,elitize_generation_data,134,5,0.23,NA
136,0,checksum,tourney,FALSE,20,elitize_generation_data,135,6,0.213,NA
137,0,checksum,tourney,FALSE,20,elitize_generation_data,136,8,0.234,NA
138,0,checksum,tourney,FALSE,20,elitize_generation_data,137,11,0.209,NA
139,0,checksum,tourney,FALSE,20,elitize_generation_data,138,9,0.224,NA
140,0,checksum,tourney,FALSE,20,elitize_generation_data,139,5,0.225,NA
141,0,checksum,tourney,FALSE,20,elitize_generation_data,140,7,0.233,NA
142,0,checksum,tourney,FALSE,20,elitize_generation_data,141,5,0.225,NA
143,0,checksum,tourney,FALSE,20,elitize_generation_data,142,9,0.224,NA
144,0,checksum,tourney,FALSE,20,elitize_generation_data,143,6,0.213,NA
145,0,checksum,tourney,FALSE,20,elitize_generation_data,144,9,0.205,NA
146,0,checksum,tourney,FALSE,20,elitize_generation_data,145,6,0.205,NA
147,0,checksum,tourney,FALSE,20,elitize_generation_data,146,11,0.228,NA
148,0,checksum,tourney,FALSE,20,elitize_generation_data,147,8,0.218,NA
149,0,checksum,tourney,FALSE,20,elitize_generation_data,148,8,0.235,NA
150,0,checksum,tourney,FALSE,20,elitize_generation_data,149,6,0.222,NA
151,0,checksum,tourney,FALSE,20,elitize_generation_data,150,6,0.23,NA
152,0,checksum,tourney,FALSE,20,elitize_generation_data,151,9,0.214,NA
153,0,checksum,tourney,FALSE,20,elitize_generation_data,152,6,0.213,NA
154,0,checksum,tourney,FALSE,20,elitize_generation_data,153,7,0.214,NA
155,0,checksum,tourney,FALSE,20,elitize_generation_data,154,7,0.224,NA
156,0,checksum,tourney,FALSE,20,elitize_generation_data,155,7,0.214,NA
157,0,checksum,tourney,FALSE,20,elitize_generation_data,156,7,0.211,NA
158,0,checksum,tourney,FALSE,20,elitize_generation_data,157,7,0.227,NA
159,0,checksum,tourney,FALSE,20,elitize_generation_data,158,9,0.231,NA
160,0,checksum,tourney,FALSE,20,elitize_generation_data,159,10,0.243,NA
161,0,checksum,tourney,FALSE,20,elitize_generation_data,160,8,0.233,NA
162,0,checksum,tourney,FALSE,20,elitize_generation_data,161,5,0.243,NA
163,0,checksum,tourney,FALSE,20,elitize_generation_data,162,7,0.246,NA
164,0,checksum,tourney,FALSE,20,elitize_generation_data,163,9,0.301,NA
165,0,checksum,tourney,FALSE,20,elitize_generation_data,164,7,0.303,NA
166,0,checksum,tourney,FALSE,20,elitize_generation_data,165,10,0.259,NA
167,0,checksum,tourney,FALSE,20,elitize_generation_data,166,6,0.258,NA
168,0,checksum,tourney,FALSE,20,elitize_generation_data,167,10,0.268,NA
169,0,checksum,tourney,FALSE,20,elitize_generation_data,168,10,0.286,NA
170,0,checksum,tourney,FALSE,20,elitize_generation_data,169,7,0.287,NA
171,0,checksum,tourney,FALSE,20,elitize_generation_data,170,9,0.265,NA
172,0,checksum,tourney,FALSE,20,elitize_generation_data,171,11,0.256,NA
173,0,checksum,tourney,FALSE,20,elitize_generation_data,172,6,0.289,NA
174,0,checksum,tourney,FALSE,20,elitize_generation_data,173,11,0.3,NA
175,0,checksum,tourney,FALSE,20,elitize_generation_data,174,6,0.329,NA
176,0,checksum,tourney,FALSE,20,elitize_generation_data,175,7,0.297,NA
177,0,checksum,tourney,FALSE,20,elitize_generation_data,176,7,0.284,NA
178,0,checksum,tourney,FALSE,20,elitize_generation_data,177,7,0.296,NA
179,0,checksum,tourney,FALSE,20,elitize_generation_data,178,9,0.304,NA
180,0,checksum,tourney,FALSE,20,elitize_generation_data,179,7,0.302,NA
181,0,checksum,tourney,FALSE,20,elitize_generation_data,180,9,0.346,NA
182,0,checksum,tourney,FALSE,20,elitize_generation_data,181,7,0.361,NA
183,0,checksum,tourney,FALSE,20,elitize_generation_data,182,6,0.348,NA
184,0,checksum,tourney,FALSE,20,elitize_generation_data,183,7,0.322,NA
185,0,checksum,tourney,FALSE,20,elitize_generation_data,184,7,0.311,NA
186,0,checksum,tourney,FALSE,20,elitize_generation_data,185,9,0.333,NA
187,0,checksum,tourney,FALSE,20,elitize_generation_data,186,8,0.356,NA
188,0,checksum,tourney,FALSE,20,elitize_generation_data,187,8,0.328,NA
189,0,checksum,tourney,FALSE,20,elitize_generation_data,188,8,0.337,NA
190,0,checksum,tourney,FALSE,20,elitize_generation_data,189,7,0.315,NA
191,0,checksum,tourney,FALSE,20,elitize_generation_data,190,8,0.319,NA
192,0,checksum,tourney,FALSE,20,elitize_generation_data,191,8,0.342,NA
193,0,checksum,tourney,FALSE,20,elitize_generation_data,192,7,0.342,NA
194,0,checksum,tourney,FALSE,20,elitize_generation_data,193,8,0.359,NA
195,0,checksum,tourney,FALSE,20,elitize_generation_data,194,9,0.347,NA
196,0,checksum,tourney,FALSE,20,elitize_generation_data,195,9,0.324,NA
197,0,checksum,tourney,FALSE,20,elitize_generation_data,196,9,0.327,NA
198,0,checksum,tourney,FALSE,20,elitize_generation_data,197,5,0.332,NA
199,0,checksum,tourney,FALSE,20,elitize_generation_data,198,7,0.299,NA
200,0,checksum,tourney,FALSE,20,elitize_generation_data,199,7,0.329,NA
201,0,checksum,tourney,FALSE,20,elitize_generation_data,200,6,0.331,NA
202,0,checksum,tourney,FALSE,20,elitize_generation_data,201,7,0.357,NA
203,0,checksum,tourney,FALSE,20,elitize_generation_data,202,9,0.339,NA
204,0,checksum,tourney,FALSE,20,elitize_generation_data,203,7,0.367,NA
205,0,checksum,tourney,FALSE,20,elitize_generation_data,204,7,0.353,NA
206,0,checksum,tourney,FALSE,20,elitize_generation_data,205,8,0.342,NA
207,0,checksum,tourney,FALSE,20,elitize_generation_data,206,8,0.35,NA
208,0,checksum,tourney,FALSE,20,elitize_generation_data,207,5,0.351,NA
209,0,checksum,tourney,FALSE,20,elitize_generation_data,208,7,0.342,NA
210,0,checksum,tourney,FALSE,20,elitize_generation_data,209,7,0.334,NA
211,0,checksum,tourney,FALSE,20,elitize_generation_data,210,7,0.335,NA
212,0,checksum,tourney,FALSE,20,elitize_generation_data,211,6,0.352,NA
213,0,checksum,tourney,FALSE,20,elitize_generation_data,212,6,0.356,NA
214,0,checksum,tourney,FALSE,20,elitize_generation_data,213,10,0.351,NA
215,0,checksum,tourney,FALSE,20,elitize_generation_data,214,7,0.366,NA
216,0,checksum,tourney,FALSE,20,elitize_generation_data,215,6,0.331,NA
217,0,checksum,tourney,FALSE,20,elitize_generation_data,216,6,0.359,NA
218,0,checksum,tourney,FALSE,20,elitize_generation_data,217,5,0.336,NA
219,0,checksum,tourney,FALSE,20,elitize_generation_data,218,10,0.346,NA
220,0,checksum,tourney,FALSE,20,elitize_generation_data,219,7,0.348,NA
221,0,checksum,tourney,FALSE,20,elitize_generation_data,220,8,0.35,NA
222,0,checksum,tourney,FALSE,20,elitize_generation_data,221,9,0.332,NA
223,0,checksum,tourney,FALSE,20,elitize_generation_data,222,10,0.341,NA
224,0,checksum,tourney,FALSE,20,elitize_generation_data,223,4,0.349,NA
225,0,checksum,tourney,FALSE,20,elitize_generation_data,224,6,0.337,NA
226,0,checksum,tourney,FALSE,20,elitize_generation_data,225,5,0.349,NA
227,0,checksum,tourney,FALSE,20,elitize_generation_data,226,6,0.327,NA
228,0,checksum,tourney,FALSE,20,elitize_generation_data,227,7,0.337,NA
229,0,checksum,tourney,FALSE,20,elitize_generation_data,228,6,0.349,NA
230,0,checksum,tourney,FALSE,20,elitize_generation_data,229,7,0.343,NA
231,0,checksum,tourney,FALSE,20,elitize_generation_data,230,5,0.351,NA
232,0,checksum,tourney,FALSE,20,elitize_generation_data,231,7,0.347,NA
233,0,checksum,tourney,FALSE,20,elitize_generation_data,232,8,0.363,NA
234,0,checksum,tourney,FALSE,20,elitize_generation_data,233,5,0.339,NA
235,0,checksum,tourney,FALSE,20,elitize_generation_data,234,5,0.345,NA
236,0,checksum,tourney,FALSE,20,elitize_generation_data,235,5,0.353,NA
237,0,checksum,tourney,FALSE,20,elitize_generation_data,236,10,0.33,NA
238,0,checksum,tourney,FALSE,20,elitize_generation_data,237,6,0.361,NA
239,0,checksum,tourney,FALSE,20,elitize_generation_data,238,7,0.36,NA
240,0,checksum,tourney,FALSE,20,elitize_generation_data,239,5,0.348,NA
241,0,checksum,tourney,FALSE,20,elitize_generation_data,240,7,0.363,NA
242,0,checksum,tourney,FALSE,20,elitize_generation_data,241,6,0.352,NA
243,0,checksum,tourney,FALSE,20,elitize_generation_data,242,8,0.344,NA
244,0,checksum,tourney,FALSE,20,elitize_generation_data,243,6,0.341,NA
245,0,checksum,tourney,FALSE,20,elitize_generation_data,244,6,0.356,NA
246,0,checksum,tourney,FALSE,20,elitize_generation_data,245,6,0.337,NA
247,0,checksum,tourney,FALSE,20,elitize_generation_data,246,7,0.368,NA
248,0,checksum,tourney,FALSE,20,elitize_generation_data,247,9,0.353,NA
249,0,checksum,tourney,FALSE,20,elitize_generation_data,248,7,0.365,NA
250,0,checksum,tourney,FALSE,20,elitize_generation_data,249,8,0.353,NA
251,0,checksum,tourney,FALSE,20,elitize_generation_data,250,8,0.364,NA
252,0,checksum,tourney,FALSE,20,elitize_generation_data,251,5,0.357,NA
253,0,checksum,tourney,FALSE,20,elitize_generation_data,252,7,0.352,NA
254,0,checksum,tourney,FALSE,20,elitize_generation_data,253,8,0.364,NA
255,0,checksum,tourney,FALSE,20,elitize_generation_data,254,7,0.347,NA
256,0,checksum,tourney,FALSE,20,elitize_generation_data,255,4,0.368,NA
257,0,checksum,tourney,FALSE,20,elitize_generation_data,256,4,0.379,NA
258,0,checksum,tourney,FALSE,20,elitize_generation_data,257,6,0.364,NA
259,0,checksum,tourney,FALSE,20,elitize_generation_data,258,6,0.36,NA
260,0,checksum,tourney,FALSE,20,elitize_generation_data,259,6,0.328,NA
261,0,checksum,tourney,FALSE,20,elitize_generation_data,260,6,0.343,NA
262,0,checksum,tourney,FALSE,20,elitize_generation_data,261,8,0.343,NA
263,0,checksum,tourney,FALSE,20,elitize_generation_data,262,9,0.352,NA
264,0,checksum,tourney,FALSE,20,elitize_generation_data,263,7,0.358,NA
265,0,checksum,tourney,FALSE,20,elitize_generation_data,264,6,0.339,NA
266,0,checksum,tourney,FALSE,20,elitize_generation_data,265,6,0.325,NA
267,0,checksum,tourney,FALSE,20,elitize_generation_data,266,6,0.33,NA
268,0,checksum,tourney,FALSE,20,elitize_generation_data,267,6,0.341,NA
269,0,checksum,tourney,FALSE,20,elitize_generation_data,268,7,0.332,NA
270,0,checksum,tourney,FALSE,20,elitize_generation_data,269,7,0.386,NA
271,0,checksum,tourney,FALSE,20,elitize_generation_data,270,7,0.348,NA
272,0,checksum,tourney,FALSE,20,elitize_generation_data,271,7,0.346,NA
273,0,checksum,tourney,FALSE,20,elitize_generation_data,272,7,0.33,NA
274,0,checksum,tourney,FALSE,20,elitize_generation_data,273,7,0.343,NA
275,0,checksum,tourney,FALSE,20,elitize_generation_data,274,8,0.356,NA
276,0,checksum,tourney,FALSE,20,elitize_generation_data,275,9,0.329,NA
277,0,checksum,tourney,FALSE,20,elitize_generation_data,276,8,0.351,NA
278,0,checksum,tourney,FALSE,20,elitize_generation_data,277,4,0.332,NA
279,0,checksum,tourney,FALSE,20,elitize_generation_data,278,6,0.33,NA
280,0,checksum,tourney,FALSE,20,elitize_generation_data,279,8,0.336,NA
281,0,checksum,tourney,FALSE,20,elitize_generation_data,280,7,0.328,NA
282,0,checksum,tourney,FALSE,20,elitize_generation_data,281,5,0.351,NA
283,0,checksum,tourney,FALSE,20,elitize_generation_data,282,10,0.344,NA
284,0,checksum,tourney,FALSE,20,elitize_generation_data,283,6,0.317,NA
285,0,checksum,tourney,FALSE,20,elitize_generation_data,284,9,0.336,NA
286,0,checksum,tourney,FALSE,20,elitize_generation_data,285,9,0.328,NA
287,0,checksum,tourney,FALSE,20,elitize_generation_data,286,11,0.319,NA
288,0,checksum,tourney,FALSE,20,elitize_generation_data,287,8,0.336,NA
289,0,checksum,tourney,FALSE,20,elitize_generation_data,288,5,0.353,NA
290,0,checksum,tourney,FALSE,20,elitize_generation_data,289,7,0.321,NA
291,0,checksum,tourney,FALSE,20,elitize_generation_data,290,7,0.339,NA
292,0,checksum,tourney,FALSE,20,elitize_generation_data,291,10,0.341,NA
293,0,checksum,tourney,FALSE,20,elitize_generation_data,292,7,0.35,NA
294,0,checksum,tourney,FALSE,20,elitize_generation_data,293,6,0.296,NA
295,0,checksum,tourney,FALSE,20,elitize_generation_data,294,6,0.267,NA
296,0,checksum,tourney,FALSE,20,elitize_generation_data,295,6,0.276,NA
297,0,checksum,tourney,FALSE,20,elitize_generation_data,296,11,0.28,NA
298,0,checksum,tourney,FALSE,20,elitize_generation_data,297,8,0.26,NA
299,0,checksum,tourney,FALSE,20,elitize_generation_data,298,8,0.277,NA
300,0,checksum,tourney,FALSE,20,elitize_generation_data,299,11,0.304,NA
301,0,checksum,tourney,FALSE,20,elitize_generation_data,300,9,0.277,NA
