,run.num,problem,treatment,succeeded,height,normalization.function,generation,cluster.count,error.diversity,success.generation
1,62,checksum,tourney,FALSE,20,elitize_generation_data,0,2,0.323,NA
2,62,checksum,tourney,FALSE,20,elitize_generation_data,1,2,0.257,NA
3,62,checksum,tourney,FALSE,20,elitize_generation_data,2,2,0.174,NA
4,62,checksum,tourney,FALSE,20,elitize_generation_data,3,3,0.208,NA
5,62,checksum,tourney,FALSE,20,elitize_generation_data,4,4,0.274,NA
6,62,checksum,tourney,FALSE,20,elitize_generation_data,5,3,0.27,NA
7,62,checksum,tourney,FALSE,20,elitize_generation_data,6,4,0.211,NA
8,62,checksum,tourney,FALSE,20,elitize_generation_data,7,7,0.135,NA
9,62,checksum,tourney,FALSE,20,elitize_generation_data,8,4,0.128,NA
10,62,checksum,tourney,FALSE,20,elitize_generation_data,9,4,0.112,NA
11,62,checksum,tourney,FALSE,20,elitize_generation_data,10,3,0.116,NA
12,62,checksum,tourney,FALSE,20,elitize_generation_data,11,5,0.09,NA
13,62,checksum,tourney,FALSE,20,elitize_generation_data,12,2,0.082,NA
14,62,checksum,tourney,FALSE,20,elitize_generation_data,13,6,0.084,NA
15,62,checksum,tourney,FALSE,20,elitize_generation_data,14,3,0.109,NA
16,62,checksum,tourney,FALSE,20,elitize_generation_data,15,6,0.107,NA
17,62,checksum,tourney,FALSE,20,elitize_generation_data,16,3,0.113,NA
18,62,checksum,tourney,FALSE,20,elitize_generation_data,17,6,0.128,NA
19,62,checksum,tourney,FALSE,20,elitize_generation_data,18,5,0.125,NA
20,62,checksum,tourney,FALSE,20,elitize_generation_data,19,4,0.123,NA
21,62,checksum,tourney,FALSE,20,elitize_generation_data,20,5,0.119,NA
22,62,checksum,tourney,FALSE,20,elitize_generation_data,21,4,0.121,NA
23,62,checksum,tourney,FALSE,20,elitize_generation_data,22,6,0.116,NA
24,62,checksum,tourney,FALSE,20,elitize_generation_data,23,7,0.138,NA
25,62,checksum,tourney,FALSE,20,elitize_generation_data,24,4,0.128,NA
26,62,checksum,tourney,FALSE,20,elitize_generation_data,25,9,0.139,NA
27,62,checksum,tourney,FALSE,20,elitize_generation_data,26,3,0.128,NA
28,62,checksum,tourney,FALSE,20,elitize_generation_data,27,5,0.124,NA
29,62,checksum,tourney,FALSE,20,elitize_generation_data,28,5,0.128,NA
30,62,checksum,tourney,FALSE,20,elitize_generation_data,29,3,0.134,NA
31,62,checksum,tourney,FALSE,20,elitize_generation_data,30,3,0.136,NA
32,62,checksum,tourney,FALSE,20,elitize_generation_data,31,5,0.13,NA
33,62,checksum,tourney,FALSE,20,elitize_generation_data,32,5,0.132,NA
34,62,checksum,tourney,FALSE,20,elitize_generation_data,33,4,0.118,NA
35,62,checksum,tourney,FALSE,20,elitize_generation_data,34,3,0.13,NA
36,62,checksum,tourney,FALSE,20,elitize_generation_data,35,6,0.12,NA
37,62,checksum,tourney,FALSE,20,elitize_generation_data,36,3,0.121,NA
38,62,checksum,tourney,FALSE,20,elitize_generation_data,37,3,0.116,NA
39,62,checksum,tourney,FALSE,20,elitize_generation_data,38,4,0.128,NA
40,62,checksum,tourney,FALSE,20,elitize_generation_data,39,4,0.105,NA
41,62,checksum,tourney,FALSE,20,elitize_generation_data,40,4,0.112,NA
42,62,checksum,tourney,FALSE,20,elitize_generation_data,41,3,0.11,NA
43,62,checksum,tourney,FALSE,20,elitize_generation_data,42,6,0.106,NA
44,62,checksum,tourney,FALSE,20,elitize_generation_data,43,4,0.11,NA
45,62,checksum,tourney,FALSE,20,elitize_generation_data,44,5,0.106,NA
46,62,checksum,tourney,FALSE,20,elitize_generation_data,45,4,0.102,NA
47,62,checksum,tourney,FALSE,20,elitize_generation_data,46,4,0.107,NA
48,62,checksum,tourney,FALSE,20,elitize_generation_data,47,5,0.107,NA
49,62,checksum,tourney,FALSE,20,elitize_generation_data,48,5,0.107,NA
50,62,checksum,tourney,FALSE,20,elitize_generation_data,49,6,0.109,NA
51,62,checksum,tourney,FALSE,20,elitize_generation_data,50,5,0.101,NA
52,62,checksum,tourney,FALSE,20,elitize_generation_data,51,5,0.101,NA
53,62,checksum,tourney,FALSE,20,elitize_generation_data,52,4,0.097,NA
54,62,checksum,tourney,FALSE,20,elitize_generation_data,53,3,0.099,NA
55,62,checksum,tourney,FALSE,20,elitize_generation_data,54,5,0.104,NA
56,62,checksum,tourney,FALSE,20,elitize_generation_data,55,4,0.086,NA
57,62,checksum,tourney,FALSE,20,elitize_generation_data,56,4,0.097,NA
58,62,checksum,tourney,FALSE,20,elitize_generation_data,57,5,0.099,NA
59,62,checksum,tourney,FALSE,20,elitize_generation_data,58,4,0.105,NA
60,62,checksum,tourney,FALSE,20,elitize_generation_data,59,3,0.099,NA
61,62,checksum,tourney,FALSE,20,elitize_generation_data,60,4,0.105,NA
62,62,checksum,tourney,FALSE,20,elitize_generation_data,61,3,0.107,NA
63,62,checksum,tourney,FALSE,20,elitize_generation_data,62,2,0.105,NA
64,62,checksum,tourney,FALSE,20,elitize_generation_data,63,3,0.11,NA
65,62,checksum,tourney,FALSE,20,elitize_generation_data,64,6,0.105,NA
66,62,checksum,tourney,FALSE,20,elitize_generation_data,65,5,0.099,NA
67,62,checksum,tourney,FALSE,20,elitize_generation_data,66,6,0.102,NA
68,62,checksum,tourney,FALSE,20,elitize_generation_data,67,5,0.084,NA
69,62,checksum,tourney,FALSE,20,elitize_generation_data,68,4,0.102,NA
70,62,checksum,tourney,FALSE,20,elitize_generation_data,69,5,0.103,NA
71,62,checksum,tourney,FALSE,20,elitize_generation_data,70,4,0.099,NA
72,62,checksum,tourney,FALSE,20,elitize_generation_data,71,4,0.085,NA
73,62,checksum,tourney,FALSE,20,elitize_generation_data,72,5,0.087,NA
74,62,checksum,tourney,FALSE,20,elitize_generation_data,73,5,0.092,NA
75,62,checksum,tourney,FALSE,20,elitize_generation_data,74,3,0.095,NA
76,62,checksum,tourney,FALSE,20,elitize_generation_data,75,6,0.088,NA
77,62,checksum,tourney,FALSE,20,elitize_generation_data,76,4,0.093,NA
78,62,checksum,tourney,FALSE,20,elitize_generation_data,77,5,0.098,NA
79,62,checksum,tourney,FALSE,20,elitize_generation_data,78,4,0.102,NA
80,62,checksum,tourney,FALSE,20,elitize_generation_data,79,6,0.099,NA
81,62,checksum,tourney,FALSE,20,elitize_generation_data,80,3,0.103,NA
82,62,checksum,tourney,FALSE,20,elitize_generation_data,81,3,0.093,NA
83,62,checksum,tourney,FALSE,20,elitize_generation_data,82,5,0.094,NA
84,62,checksum,tourney,FALSE,20,elitize_generation_data,83,4,0.081,NA
85,62,checksum,tourney,FALSE,20,elitize_generation_data,84,4,0.099,NA
86,62,checksum,tourney,FALSE,20,elitize_generation_data,85,3,0.11,NA
87,62,checksum,tourney,FALSE,20,elitize_generation_data,86,4,0.096,NA
88,62,checksum,tourney,FALSE,20,elitize_generation_data,87,4,0.096,NA
89,62,checksum,tourney,FALSE,20,elitize_generation_data,88,2,0.108,NA
90,62,checksum,tourney,FALSE,20,elitize_generation_data,89,5,0.105,NA
91,62,checksum,tourney,FALSE,20,elitize_generation_data,90,7,0.102,NA
92,62,checksum,tourney,FALSE,20,elitize_generation_data,91,6,0.089,NA
93,62,checksum,tourney,FALSE,20,elitize_generation_data,92,3,0.092,NA
94,62,checksum,tourney,FALSE,20,elitize_generation_data,93,5,0.082,NA
95,62,checksum,tourney,FALSE,20,elitize_generation_data,94,6,0.086,NA
96,62,checksum,tourney,FALSE,20,elitize_generation_data,95,3,0.092,NA
97,62,checksum,tourney,FALSE,20,elitize_generation_data,96,5,0.095,NA
98,62,checksum,tourney,FALSE,20,elitize_generation_data,97,4,0.093,NA
99,62,checksum,tourney,FALSE,20,elitize_generation_data,98,3,0.092,NA
100,62,checksum,tourney,FALSE,20,elitize_generation_data,99,4,0.1,NA
101,62,checksum,tourney,FALSE,20,elitize_generation_data,100,4,0.092,NA
102,62,checksum,tourney,FALSE,20,elitize_generation_data,101,5,0.081,NA
103,62,checksum,tourney,FALSE,20,elitize_generation_data,102,4,0.102,NA
104,62,checksum,tourney,FALSE,20,elitize_generation_data,103,5,0.096,NA
105,62,checksum,tourney,FALSE,20,elitize_generation_data,104,7,0.093,NA
106,62,checksum,tourney,FALSE,20,elitize_generation_data,105,5,0.083,NA
107,62,checksum,tourney,FALSE,20,elitize_generation_data,106,4,0.091,NA
108,62,checksum,tourney,FALSE,20,elitize_generation_data,107,4,0.086,NA
109,62,checksum,tourney,FALSE,20,elitize_generation_data,108,5,0.081,NA
110,62,checksum,tourney,FALSE,20,elitize_generation_data,109,6,0.091,NA
111,62,checksum,tourney,FALSE,20,elitize_generation_data,110,4,0.095,NA
112,62,checksum,tourney,FALSE,20,elitize_generation_data,111,3,0.088,NA
113,62,checksum,tourney,FALSE,20,elitize_generation_data,112,5,0.082,NA
114,62,checksum,tourney,FALSE,20,elitize_generation_data,113,3,0.082,NA
115,62,checksum,tourney,FALSE,20,elitize_generation_data,114,5,0.081,NA
116,62,checksum,tourney,FALSE,20,elitize_generation_data,115,3,0.085,NA
117,62,checksum,tourney,FALSE,20,elitize_generation_data,116,3,0.095,NA
118,62,checksum,tourney,FALSE,20,elitize_generation_data,117,3,0.075,NA
119,62,checksum,tourney,FALSE,20,elitize_generation_data,118,5,0.09,NA
120,62,checksum,tourney,FALSE,20,elitize_generation_data,119,4,0.095,NA
121,62,checksum,tourney,FALSE,20,elitize_generation_data,120,5,0.091,NA
122,62,checksum,tourney,FALSE,20,elitize_generation_data,121,6,0.08,NA
123,62,checksum,tourney,FALSE,20,elitize_generation_data,122,5,0.092,NA
124,62,checksum,tourney,FALSE,20,elitize_generation_data,123,3,0.083,NA
125,62,checksum,tourney,FALSE,20,elitize_generation_data,124,3,0.09,NA
126,62,checksum,tourney,FALSE,20,elitize_generation_data,125,4,0.078,NA
127,62,checksum,tourney,FALSE,20,elitize_generation_data,126,4,0.079,NA
128,62,checksum,tourney,FALSE,20,elitize_generation_data,127,4,0.085,NA
129,62,checksum,tourney,FALSE,20,elitize_generation_data,128,4,0.082,NA
130,62,checksum,tourney,FALSE,20,elitize_generation_data,129,5,0.081,NA
131,62,checksum,tourney,FALSE,20,elitize_generation_data,130,6,0.088,NA
132,62,checksum,tourney,FALSE,20,elitize_generation_data,131,4,0.094,NA
133,62,checksum,tourney,FALSE,20,elitize_generation_data,132,4,0.08,NA
134,62,checksum,tourney,FALSE,20,elitize_generation_data,133,4,0.081,NA
135,62,checksum,tourney,FALSE,20,elitize_generation_data,134,5,0.092,NA
136,62,checksum,tourney,FALSE,20,elitize_generation_data,135,6,0.086,NA
137,62,checksum,tourney,FALSE,20,elitize_generation_data,136,4,0.079,NA
138,62,checksum,tourney,FALSE,20,elitize_generation_data,137,7,0.093,NA
139,62,checksum,tourney,FALSE,20,elitize_generation_data,138,4,0.08,NA
140,62,checksum,tourney,FALSE,20,elitize_generation_data,139,4,0.087,NA
141,62,checksum,tourney,FALSE,20,elitize_generation_data,140,4,0.079,NA
142,62,checksum,tourney,FALSE,20,elitize_generation_data,141,5,0.085,NA
143,62,checksum,tourney,FALSE,20,elitize_generation_data,142,5,0.086,NA
144,62,checksum,tourney,FALSE,20,elitize_generation_data,143,4,0.081,NA
145,62,checksum,tourney,FALSE,20,elitize_generation_data,144,5,0.077,NA
146,62,checksum,tourney,FALSE,20,elitize_generation_data,145,4,0.085,NA
147,62,checksum,tourney,FALSE,20,elitize_generation_data,146,4,0.092,NA
148,62,checksum,tourney,FALSE,20,elitize_generation_data,147,6,0.067,NA
149,62,checksum,tourney,FALSE,20,elitize_generation_data,148,7,0.073,NA
150,62,checksum,tourney,FALSE,20,elitize_generation_data,149,5,0.081,NA
151,62,checksum,tourney,FALSE,20,elitize_generation_data,150,5,0.073,NA
152,62,checksum,tourney,FALSE,20,elitize_generation_data,151,3,0.073,NA
153,62,checksum,tourney,FALSE,20,elitize_generation_data,152,5,0.073,NA
154,62,checksum,tourney,FALSE,20,elitize_generation_data,153,6,0.08,NA
155,62,checksum,tourney,FALSE,20,elitize_generation_data,154,8,0.078,NA
156,62,checksum,tourney,FALSE,20,elitize_generation_data,155,5,0.077,NA
157,62,checksum,tourney,FALSE,20,elitize_generation_data,156,5,0.067,NA
158,62,checksum,tourney,FALSE,20,elitize_generation_data,157,3,0.072,NA
159,62,checksum,tourney,FALSE,20,elitize_generation_data,158,5,0.072,NA
160,62,checksum,tourney,FALSE,20,elitize_generation_data,159,6,0.075,NA
161,62,checksum,tourney,FALSE,20,elitize_generation_data,160,3,0.073,NA
162,62,checksum,tourney,FALSE,20,elitize_generation_data,161,4,0.071,NA
163,62,checksum,tourney,FALSE,20,elitize_generation_data,162,4,0.067,NA
164,62,checksum,tourney,FALSE,20,elitize_generation_data,163,6,0.078,NA
165,62,checksum,tourney,FALSE,20,elitize_generation_data,164,6,0.064,NA
166,62,checksum,tourney,FALSE,20,elitize_generation_data,165,4,0.071,NA
167,62,checksum,tourney,FALSE,20,elitize_generation_data,166,5,0.066,NA
168,62,checksum,tourney,FALSE,20,elitize_generation_data,167,3,0.067,NA
169,62,checksum,tourney,FALSE,20,elitize_generation_data,168,4,0.059,NA
170,62,checksum,tourney,FALSE,20,elitize_generation_data,169,5,0.058,NA
171,62,checksum,tourney,FALSE,20,elitize_generation_data,170,5,0.056,NA
172,62,checksum,tourney,FALSE,20,elitize_generation_data,171,3,0.062,NA
173,62,checksum,tourney,FALSE,20,elitize_generation_data,172,6,0.066,NA
174,62,checksum,tourney,FALSE,20,elitize_generation_data,173,4,0.057,NA
175,62,checksum,tourney,FALSE,20,elitize_generation_data,174,6,0.059,NA
176,62,checksum,tourney,FALSE,20,elitize_generation_data,175,6,0.059,NA
177,62,checksum,tourney,FALSE,20,elitize_generation_data,176,3,0.06,NA
178,62,checksum,tourney,FALSE,20,elitize_generation_data,177,9,0.063,NA
179,62,checksum,tourney,FALSE,20,elitize_generation_data,178,6,0.053,NA
180,62,checksum,tourney,FALSE,20,elitize_generation_data,179,6,0.054,NA
181,62,checksum,tourney,FALSE,20,elitize_generation_data,180,5,0.044,NA
182,62,checksum,tourney,FALSE,20,elitize_generation_data,181,3,0.052,NA
183,62,checksum,tourney,FALSE,20,elitize_generation_data,182,6,0.055,NA
184,62,checksum,tourney,FALSE,20,elitize_generation_data,183,3,0.06,NA
185,62,checksum,tourney,FALSE,20,elitize_generation_data,184,5,0.051,NA
186,62,checksum,tourney,FALSE,20,elitize_generation_data,185,4,0.059,NA
187,62,checksum,tourney,FALSE,20,elitize_generation_data,186,5,0.059,NA
188,62,checksum,tourney,FALSE,20,elitize_generation_data,187,4,0.059,NA
189,62,checksum,tourney,FALSE,20,elitize_generation_data,188,3,0.05,NA
190,62,checksum,tourney,FALSE,20,elitize_generation_data,189,5,0.066,NA
191,62,checksum,tourney,FALSE,20,elitize_generation_data,190,3,0.061,NA
192,62,checksum,tourney,FALSE,20,elitize_generation_data,191,6,0.048,NA
193,62,checksum,tourney,FALSE,20,elitize_generation_data,192,8,0.053,NA
194,62,checksum,tourney,FALSE,20,elitize_generation_data,193,5,0.057,NA
195,62,checksum,tourney,FALSE,20,elitize_generation_data,194,7,0.05,NA
196,62,checksum,tourney,FALSE,20,elitize_generation_data,195,5,0.054,NA
197,62,checksum,tourney,FALSE,20,elitize_generation_data,196,4,0.047,NA
198,62,checksum,tourney,FALSE,20,elitize_generation_data,197,6,0.049,NA
199,62,checksum,tourney,FALSE,20,elitize_generation_data,198,8,0.061,NA
200,62,checksum,tourney,FALSE,20,elitize_generation_data,199,6,0.066,NA
201,62,checksum,tourney,FALSE,20,elitize_generation_data,200,7,0.061,NA
202,62,checksum,tourney,FALSE,20,elitize_generation_data,201,4,0.063,NA
203,62,checksum,tourney,FALSE,20,elitize_generation_data,202,7,0.053,NA
204,62,checksum,tourney,FALSE,20,elitize_generation_data,203,5,0.055,NA
205,62,checksum,tourney,FALSE,20,elitize_generation_data,204,4,0.052,NA
206,62,checksum,tourney,FALSE,20,elitize_generation_data,205,4,0.052,NA
207,62,checksum,tourney,FALSE,20,elitize_generation_data,206,4,0.042,NA
208,62,checksum,tourney,FALSE,20,elitize_generation_data,207,3,0.061,NA
209,62,checksum,tourney,FALSE,20,elitize_generation_data,208,3,0.052,NA
210,62,checksum,tourney,FALSE,20,elitize_generation_data,209,4,0.065,NA
211,62,checksum,tourney,FALSE,20,elitize_generation_data,210,6,0.05,NA
212,62,checksum,tourney,FALSE,20,elitize_generation_data,211,7,0.056,NA
213,62,checksum,tourney,FALSE,20,elitize_generation_data,212,8,0.053,NA
214,62,checksum,tourney,FALSE,20,elitize_generation_data,213,6,0.053,NA
215,62,checksum,tourney,FALSE,20,elitize_generation_data,214,5,0.059,NA
216,62,checksum,tourney,FALSE,20,elitize_generation_data,215,5,0.054,NA
217,62,checksum,tourney,FALSE,20,elitize_generation_data,216,5,0.045,NA
218,62,checksum,tourney,FALSE,20,elitize_generation_data,217,6,0.045,NA
219,62,checksum,tourney,FALSE,20,elitize_generation_data,218,4,0.061,NA
220,62,checksum,tourney,FALSE,20,elitize_generation_data,219,6,0.038,NA
221,62,checksum,tourney,FALSE,20,elitize_generation_data,220,6,0.052,NA
222,62,checksum,tourney,FALSE,20,elitize_generation_data,221,7,0.053,NA
223,62,checksum,tourney,FALSE,20,elitize_generation_data,222,5,0.04,NA
224,62,checksum,tourney,FALSE,20,elitize_generation_data,223,4,0.051,NA
225,62,checksum,tourney,FALSE,20,elitize_generation_data,224,6,0.046,NA
226,62,checksum,tourney,FALSE,20,elitize_generation_data,225,6,0.05,NA
227,62,checksum,tourney,FALSE,20,elitize_generation_data,226,6,0.059,NA
228,62,checksum,tourney,FALSE,20,elitize_generation_data,227,5,0.053,NA
229,62,checksum,tourney,FALSE,20,elitize_generation_data,228,7,0.05,NA
230,62,checksum,tourney,FALSE,20,elitize_generation_data,229,5,0.045,NA
231,62,checksum,tourney,FALSE,20,elitize_generation_data,230,3,0.05,NA
232,62,checksum,tourney,FALSE,20,elitize_generation_data,231,5,0.047,NA
233,62,checksum,tourney,FALSE,20,elitize_generation_data,232,5,0.051,NA
234,62,checksum,tourney,FALSE,20,elitize_generation_data,233,4,0.05,NA
235,62,checksum,tourney,FALSE,20,elitize_generation_data,234,4,0.063,NA
236,62,checksum,tourney,FALSE,20,elitize_generation_data,235,4,0.051,NA
237,62,checksum,tourney,FALSE,20,elitize_generation_data,236,5,0.056,NA
238,62,checksum,tourney,FALSE,20,elitize_generation_data,237,7,0.049,NA
239,62,checksum,tourney,FALSE,20,elitize_generation_data,238,5,0.051,NA
240,62,checksum,tourney,FALSE,20,elitize_generation_data,239,5,0.054,NA
241,62,checksum,tourney,FALSE,20,elitize_generation_data,240,4,0.046,NA
242,62,checksum,tourney,FALSE,20,elitize_generation_data,241,4,0.053,NA
243,62,checksum,tourney,FALSE,20,elitize_generation_data,242,4,0.047,NA
244,62,checksum,tourney,FALSE,20,elitize_generation_data,243,3,0.055,NA
245,62,checksum,tourney,FALSE,20,elitize_generation_data,244,3,0.064,NA
246,62,checksum,tourney,FALSE,20,elitize_generation_data,245,6,0.041,NA
247,62,checksum,tourney,FALSE,20,elitize_generation_data,246,4,0.05,NA
248,62,checksum,tourney,FALSE,20,elitize_generation_data,247,5,0.05,NA
249,62,checksum,tourney,FALSE,20,elitize_generation_data,248,4,0.058,NA
250,62,checksum,tourney,FALSE,20,elitize_generation_data,249,4,0.051,NA
251,62,checksum,tourney,FALSE,20,elitize_generation_data,250,4,0.054,NA
252,62,checksum,tourney,FALSE,20,elitize_generation_data,251,3,0.054,NA
253,62,checksum,tourney,FALSE,20,elitize_generation_data,252,4,0.051,NA
254,62,checksum,tourney,FALSE,20,elitize_generation_data,253,5,0.053,NA
255,62,checksum,tourney,FALSE,20,elitize_generation_data,254,4,0.054,NA
256,62,checksum,tourney,FALSE,20,elitize_generation_data,255,6,0.048,NA
257,62,checksum,tourney,FALSE,20,elitize_generation_data,256,3,0.056,NA
258,62,checksum,tourney,FALSE,20,elitize_generation_data,257,6,0.057,NA
259,62,checksum,tourney,FALSE,20,elitize_generation_data,258,6,0.057,NA
260,62,checksum,tourney,FALSE,20,elitize_generation_data,259,4,0.048,NA
261,62,checksum,tourney,FALSE,20,elitize_generation_data,260,5,0.054,NA
262,62,checksum,tourney,FALSE,20,elitize_generation_data,261,4,0.05,NA
263,62,checksum,tourney,FALSE,20,elitize_generation_data,262,4,0.049,NA
264,62,checksum,tourney,FALSE,20,elitize_generation_data,263,5,0.056,NA
265,62,checksum,tourney,FALSE,20,elitize_generation_data,264,6,0.052,NA
266,62,checksum,tourney,FALSE,20,elitize_generation_data,265,4,0.055,NA
267,62,checksum,tourney,FALSE,20,elitize_generation_data,266,7,0.057,NA
268,62,checksum,tourney,FALSE,20,elitize_generation_data,267,6,0.047,NA
269,62,checksum,tourney,FALSE,20,elitize_generation_data,268,5,0.054,NA
270,62,checksum,tourney,FALSE,20,elitize_generation_data,269,5,0.048,NA
271,62,checksum,tourney,FALSE,20,elitize_generation_data,270,5,0.05,NA
272,62,checksum,tourney,FALSE,20,elitize_generation_data,271,4,0.051,NA
273,62,checksum,tourney,FALSE,20,elitize_generation_data,272,3,0.044,NA
274,62,checksum,tourney,FALSE,20,elitize_generation_data,273,3,0.052,NA
275,62,checksum,tourney,FALSE,20,elitize_generation_data,274,4,0.053,NA
276,62,checksum,tourney,FALSE,20,elitize_generation_data,275,5,0.058,NA
277,62,checksum,tourney,FALSE,20,elitize_generation_data,276,5,0.059,NA
278,62,checksum,tourney,FALSE,20,elitize_generation_data,277,4,0.053,NA
279,62,checksum,tourney,FALSE,20,elitize_generation_data,278,4,0.056,NA
280,62,checksum,tourney,FALSE,20,elitize_generation_data,279,5,0.054,NA
281,62,checksum,tourney,FALSE,20,elitize_generation_data,280,5,0.041,NA
282,62,checksum,tourney,FALSE,20,elitize_generation_data,281,5,0.057,NA
283,62,checksum,tourney,FALSE,20,elitize_generation_data,282,6,0.041,NA
284,62,checksum,tourney,FALSE,20,elitize_generation_data,283,5,0.051,NA
285,62,checksum,tourney,FALSE,20,elitize_generation_data,284,4,0.053,NA
286,62,checksum,tourney,FALSE,20,elitize_generation_data,285,6,0.042,NA
287,62,checksum,tourney,FALSE,20,elitize_generation_data,286,5,0.053,NA
288,62,checksum,tourney,FALSE,20,elitize_generation_data,287,3,0.053,NA
289,62,checksum,tourney,FALSE,20,elitize_generation_data,288,6,0.051,NA
290,62,checksum,tourney,FALSE,20,elitize_generation_data,289,3,0.05,NA
291,62,checksum,tourney,FALSE,20,elitize_generation_data,290,4,0.054,NA
292,62,checksum,tourney,FALSE,20,elitize_generation_data,291,5,0.042,NA
293,62,checksum,tourney,FALSE,20,elitize_generation_data,292,6,0.05,NA
294,62,checksum,tourney,FALSE,20,elitize_generation_data,293,6,0.041,NA
295,62,checksum,tourney,FALSE,20,elitize_generation_data,294,4,0.043,NA
296,62,checksum,tourney,FALSE,20,elitize_generation_data,295,5,0.057,NA
297,62,checksum,tourney,FALSE,20,elitize_generation_data,296,8,0.052,NA
298,62,checksum,tourney,FALSE,20,elitize_generation_data,297,4,0.046,NA
299,62,checksum,tourney,FALSE,20,elitize_generation_data,298,6,0.053,NA
300,62,checksum,tourney,FALSE,20,elitize_generation_data,299,4,0.046,NA
301,62,checksum,tourney,FALSE,20,elitize_generation_data,300,7,0.046,NA
