,run.num,problem,treatment,succeeded,height,normalization.function,generation,cluster.count,error.diversity,success.generation
1,65,checksum,tourney,FALSE,20,elitize_generation_data,0,2,0.32,NA
2,65,checksum,tourney,FALSE,20,elitize_generation_data,1,2,0.242,NA
3,65,checksum,tourney,FALSE,20,elitize_generation_data,2,2,0.145,NA
4,65,checksum,tourney,FALSE,20,elitize_generation_data,3,3,0.145,NA
5,65,checksum,tourney,FALSE,20,elitize_generation_data,4,2,0.169,NA
6,65,checksum,tourney,FALSE,20,elitize_generation_data,5,5,0.207,NA
7,65,checksum,tourney,FALSE,20,elitize_generation_data,6,5,0.215,NA
8,65,checksum,tourney,FALSE,20,elitize_generation_data,7,4,0.117,NA
9,65,checksum,tourney,FALSE,20,elitize_generation_data,8,6,0.06,NA
10,65,checksum,tourney,FALSE,20,elitize_generation_data,9,4,0.033,NA
11,65,checksum,tourney,FALSE,20,elitize_generation_data,10,6,0.032,NA
12,65,checksum,tourney,FALSE,20,elitize_generation_data,11,5,0.048,NA
13,65,checksum,tourney,FALSE,20,elitize_generation_data,12,6,0.035,NA
14,65,checksum,tourney,FALSE,20,elitize_generation_data,13,7,0.044,NA
15,65,checksum,tourney,FALSE,20,elitize_generation_data,14,6,0.03,NA
16,65,checksum,tourney,FALSE,20,elitize_generation_data,15,7,0.043,NA
17,65,checksum,tourney,FALSE,20,elitize_generation_data,16,5,0.033,NA
18,65,checksum,tourney,FALSE,20,elitize_generation_data,17,7,0.038,NA
19,65,checksum,tourney,FALSE,20,elitize_generation_data,18,8,0.033,NA
20,65,checksum,tourney,FALSE,20,elitize_generation_data,19,6,0.042,NA
21,65,checksum,tourney,FALSE,20,elitize_generation_data,20,6,0.033,NA
22,65,checksum,tourney,FALSE,20,elitize_generation_data,21,5,0.04,NA
23,65,checksum,tourney,FALSE,20,elitize_generation_data,22,5,0.025,NA
24,65,checksum,tourney,FALSE,20,elitize_generation_data,23,6,0.046,NA
25,65,checksum,tourney,FALSE,20,elitize_generation_data,24,5,0.044,NA
26,65,checksum,tourney,FALSE,20,elitize_generation_data,25,6,0.048,NA
27,65,checksum,tourney,FALSE,20,elitize_generation_data,26,7,0.069,NA
28,65,checksum,tourney,FALSE,20,elitize_generation_data,27,5,0.09,NA
29,65,checksum,tourney,FALSE,20,elitize_generation_data,28,4,0.111,NA
30,65,checksum,tourney,FALSE,20,elitize_generation_data,29,4,0.108,NA
31,65,checksum,tourney,FALSE,20,elitize_generation_data,30,6,0.126,NA
32,65,checksum,tourney,FALSE,20,elitize_generation_data,31,8,0.129,NA
33,65,checksum,tourney,FALSE,20,elitize_generation_data,32,8,0.149,NA
34,65,checksum,tourney,FALSE,20,elitize_generation_data,33,7,0.12,NA
35,65,checksum,tourney,FALSE,20,elitize_generation_data,34,7,0.108,NA
36,65,checksum,tourney,FALSE,20,elitize_generation_data,35,7,0.13,NA
37,65,checksum,tourney,FALSE,20,elitize_generation_data,36,8,0.151,NA
38,65,checksum,tourney,FALSE,20,elitize_generation_data,37,7,0.181,NA
39,65,checksum,tourney,FALSE,20,elitize_generation_data,38,7,0.17,NA
40,65,checksum,tourney,FALSE,20,elitize_generation_data,39,7,0.16,NA
41,65,checksum,tourney,FALSE,20,elitize_generation_data,40,7,0.197,NA
42,65,checksum,tourney,FALSE,20,elitize_generation_data,41,9,0.23,NA
43,65,checksum,tourney,FALSE,20,elitize_generation_data,42,6,0.256,NA
44,65,checksum,tourney,FALSE,20,elitize_generation_data,43,6,0.234,NA
45,65,checksum,tourney,FALSE,20,elitize_generation_data,44,6,0.231,NA
46,65,checksum,tourney,FALSE,20,elitize_generation_data,45,9,0.228,NA
47,65,checksum,tourney,FALSE,20,elitize_generation_data,46,9,0.291,NA
48,65,checksum,tourney,FALSE,20,elitize_generation_data,47,7,0.301,NA
49,65,checksum,tourney,FALSE,20,elitize_generation_data,48,4,0.313,NA
50,65,checksum,tourney,FALSE,20,elitize_generation_data,49,6,0.29,NA
51,65,checksum,tourney,FALSE,20,elitize_generation_data,50,7,0.282,NA
52,65,checksum,tourney,FALSE,20,elitize_generation_data,51,8,0.273,NA
53,65,checksum,tourney,FALSE,20,elitize_generation_data,52,7,0.261,NA
54,65,checksum,tourney,FALSE,20,elitize_generation_data,53,9,0.264,NA
55,65,checksum,tourney,FALSE,20,elitize_generation_data,54,6,0.249,NA
56,65,checksum,tourney,FALSE,20,elitize_generation_data,55,7,0.247,NA
57,65,checksum,tourney,FALSE,20,elitize_generation_data,56,6,0.256,NA
58,65,checksum,tourney,FALSE,20,elitize_generation_data,57,8,0.273,NA
59,65,checksum,tourney,FALSE,20,elitize_generation_data,58,8,0.252,NA
60,65,checksum,tourney,FALSE,20,elitize_generation_data,59,4,0.307,NA
61,65,checksum,tourney,FALSE,20,elitize_generation_data,60,5,0.329,NA
62,65,checksum,tourney,FALSE,20,elitize_generation_data,61,5,0.382,NA
63,65,checksum,tourney,FALSE,20,elitize_generation_data,62,6,0.387,NA
64,65,checksum,tourney,FALSE,20,elitize_generation_data,63,6,0.367,NA
65,65,checksum,tourney,FALSE,20,elitize_generation_data,64,5,0.385,NA
66,65,checksum,tourney,FALSE,20,elitize_generation_data,65,6,0.39,NA
67,65,checksum,tourney,FALSE,20,elitize_generation_data,66,4,0.387,NA
68,65,checksum,tourney,FALSE,20,elitize_generation_data,67,6,0.364,NA
69,65,checksum,tourney,FALSE,20,elitize_generation_data,68,7,0.359,NA
70,65,checksum,tourney,FALSE,20,elitize_generation_data,69,6,0.372,NA
71,65,checksum,tourney,FALSE,20,elitize_generation_data,70,8,0.34,NA
72,65,checksum,tourney,FALSE,20,elitize_generation_data,71,8,0.376,NA
73,65,checksum,tourney,FALSE,20,elitize_generation_data,72,5,0.344,NA
74,65,checksum,tourney,FALSE,20,elitize_generation_data,73,6,0.332,NA
75,65,checksum,tourney,FALSE,20,elitize_generation_data,74,10,0.358,NA
76,65,checksum,tourney,FALSE,20,elitize_generation_data,75,10,0.339,NA
77,65,checksum,tourney,FALSE,20,elitize_generation_data,76,8,0.354,NA
78,65,checksum,tourney,FALSE,20,elitize_generation_data,77,7,0.344,NA
79,65,checksum,tourney,FALSE,20,elitize_generation_data,78,12,0.353,NA
80,65,checksum,tourney,FALSE,20,elitize_generation_data,79,10,0.355,NA
81,65,checksum,tourney,FALSE,20,elitize_generation_data,80,8,0.344,NA
82,65,checksum,tourney,FALSE,20,elitize_generation_data,81,5,0.355,NA
83,65,checksum,tourney,FALSE,20,elitize_generation_data,82,5,0.377,NA
84,65,checksum,tourney,FALSE,20,elitize_generation_data,83,7,0.373,NA
85,65,checksum,tourney,FALSE,20,elitize_generation_data,84,7,0.393,NA
86,65,checksum,tourney,FALSE,20,elitize_generation_data,85,10,0.413,NA
87,65,checksum,tourney,FALSE,20,elitize_generation_data,86,8,0.392,NA
88,65,checksum,tourney,FALSE,20,elitize_generation_data,87,12,0.424,NA
89,65,checksum,tourney,FALSE,20,elitize_generation_data,88,8,0.424,NA
90,65,checksum,tourney,FALSE,20,elitize_generation_data,89,9,0.476,NA
91,65,checksum,tourney,FALSE,20,elitize_generation_data,90,12,0.456,NA
92,65,checksum,tourney,FALSE,20,elitize_generation_data,91,11,0.481,NA
93,65,checksum,tourney,FALSE,20,elitize_generation_data,92,9,0.494,NA
94,65,checksum,tourney,FALSE,20,elitize_generation_data,93,8,0.503,NA
95,65,checksum,tourney,FALSE,20,elitize_generation_data,94,13,0.546,NA
96,65,checksum,tourney,FALSE,20,elitize_generation_data,95,9,0.533,NA
97,65,checksum,tourney,FALSE,20,elitize_generation_data,96,13,0.557,NA
98,65,checksum,tourney,FALSE,20,elitize_generation_data,97,11,0.557,NA
99,65,checksum,tourney,FALSE,20,elitize_generation_data,98,9,0.564,NA
100,65,checksum,tourney,FALSE,20,elitize_generation_data,99,12,0.549,NA
101,65,checksum,tourney,FALSE,20,elitize_generation_data,100,10,0.572,NA
102,65,checksum,tourney,FALSE,20,elitize_generation_data,101,15,0.565,NA
103,65,checksum,tourney,FALSE,20,elitize_generation_data,102,13,0.604,NA
104,65,checksum,tourney,FALSE,20,elitize_generation_data,103,14,0.582,NA
105,65,checksum,tourney,FALSE,20,elitize_generation_data,104,13,0.596,NA
106,65,checksum,tourney,FALSE,20,elitize_generation_data,105,13,0.571,NA
107,65,checksum,tourney,FALSE,20,elitize_generation_data,106,8,0.566,NA
108,65,checksum,tourney,FALSE,20,elitize_generation_data,107,9,0.598,NA
109,65,checksum,tourney,FALSE,20,elitize_generation_data,108,8,0.641,NA
110,65,checksum,tourney,FALSE,20,elitize_generation_data,109,9,0.606,NA
111,65,checksum,tourney,FALSE,20,elitize_generation_data,110,10,0.614,NA
112,65,checksum,tourney,FALSE,20,elitize_generation_data,111,7,0.615,NA
113,65,checksum,tourney,FALSE,20,elitize_generation_data,112,14,0.634,NA
114,65,checksum,tourney,FALSE,20,elitize_generation_data,113,7,0.629,NA
115,65,checksum,tourney,FALSE,20,elitize_generation_data,114,8,0.631,NA
116,65,checksum,tourney,FALSE,20,elitize_generation_data,115,11,0.609,NA
117,65,checksum,tourney,FALSE,20,elitize_generation_data,116,7,0.609,NA
118,65,checksum,tourney,FALSE,20,elitize_generation_data,117,12,0.607,NA
119,65,checksum,tourney,FALSE,20,elitize_generation_data,118,10,0.603,NA
120,65,checksum,tourney,FALSE,20,elitize_generation_data,119,10,0.635,NA
121,65,checksum,tourney,FALSE,20,elitize_generation_data,120,11,0.65,NA
122,65,checksum,tourney,FALSE,20,elitize_generation_data,121,10,0.652,NA
123,65,checksum,tourney,FALSE,20,elitize_generation_data,122,8,0.616,NA
124,65,checksum,tourney,FALSE,20,elitize_generation_data,123,9,0.634,NA
125,65,checksum,tourney,FALSE,20,elitize_generation_data,124,12,0.66,NA
126,65,checksum,tourney,FALSE,20,elitize_generation_data,125,12,0.654,NA
127,65,checksum,tourney,FALSE,20,elitize_generation_data,126,15,0.653,NA
128,65,checksum,tourney,FALSE,20,elitize_generation_data,127,11,0.682,NA
129,65,checksum,tourney,FALSE,20,elitize_generation_data,128,11,0.678,NA
130,65,checksum,tourney,FALSE,20,elitize_generation_data,129,18,0.646,NA
131,65,checksum,tourney,FALSE,20,elitize_generation_data,130,13,0.658,NA
132,65,checksum,tourney,FALSE,20,elitize_generation_data,131,17,0.675,NA
133,65,checksum,tourney,FALSE,20,elitize_generation_data,132,14,0.662,NA
134,65,checksum,tourney,FALSE,20,elitize_generation_data,133,16,0.639,NA
135,65,checksum,tourney,FALSE,20,elitize_generation_data,134,16,0.632,NA
136,65,checksum,tourney,FALSE,20,elitize_generation_data,135,17,0.661,NA
137,65,checksum,tourney,FALSE,20,elitize_generation_data,136,16,0.672,NA
138,65,checksum,tourney,FALSE,20,elitize_generation_data,137,14,0.645,NA
139,65,checksum,tourney,FALSE,20,elitize_generation_data,138,16,0.66,NA
140,65,checksum,tourney,FALSE,20,elitize_generation_data,139,14,0.634,NA
141,65,checksum,tourney,FALSE,20,elitize_generation_data,140,14,0.656,NA
142,65,checksum,tourney,FALSE,20,elitize_generation_data,141,17,0.633,NA
143,65,checksum,tourney,FALSE,20,elitize_generation_data,142,9,0.674,NA
144,65,checksum,tourney,FALSE,20,elitize_generation_data,143,8,0.654,NA
145,65,checksum,tourney,FALSE,20,elitize_generation_data,144,19,0.673,NA
146,65,checksum,tourney,FALSE,20,elitize_generation_data,145,18,0.676,NA
147,65,checksum,tourney,FALSE,20,elitize_generation_data,146,22,0.664,NA
148,65,checksum,tourney,FALSE,20,elitize_generation_data,147,15,0.658,NA
149,65,checksum,tourney,FALSE,20,elitize_generation_data,148,17,0.648,NA
150,65,checksum,tourney,FALSE,20,elitize_generation_data,149,11,0.679,NA
151,65,checksum,tourney,FALSE,20,elitize_generation_data,150,15,0.666,NA
152,65,checksum,tourney,FALSE,20,elitize_generation_data,151,15,0.69,NA
153,65,checksum,tourney,FALSE,20,elitize_generation_data,152,14,0.675,NA
154,65,checksum,tourney,FALSE,20,elitize_generation_data,153,17,0.683,NA
155,65,checksum,tourney,FALSE,20,elitize_generation_data,154,14,0.692,NA
156,65,checksum,tourney,FALSE,20,elitize_generation_data,155,15,0.67,NA
157,65,checksum,tourney,FALSE,20,elitize_generation_data,156,12,0.681,NA
158,65,checksum,tourney,FALSE,20,elitize_generation_data,157,10,0.652,NA
159,65,checksum,tourney,FALSE,20,elitize_generation_data,158,12,0.672,NA
160,65,checksum,tourney,FALSE,20,elitize_generation_data,159,15,0.66,NA
161,65,checksum,tourney,FALSE,20,elitize_generation_data,160,12,0.648,NA
162,65,checksum,tourney,FALSE,20,elitize_generation_data,161,12,0.656,NA
163,65,checksum,tourney,FALSE,20,elitize_generation_data,162,15,0.673,NA
164,65,checksum,tourney,FALSE,20,elitize_generation_data,163,12,0.664,NA
165,65,checksum,tourney,FALSE,20,elitize_generation_data,164,16,0.623,NA
166,65,checksum,tourney,FALSE,20,elitize_generation_data,165,14,0.646,NA
167,65,checksum,tourney,FALSE,20,elitize_generation_data,166,10,0.611,NA
168,65,checksum,tourney,FALSE,20,elitize_generation_data,167,11,0.601,NA
169,65,checksum,tourney,FALSE,20,elitize_generation_data,168,11,0.637,NA
170,65,checksum,tourney,FALSE,20,elitize_generation_data,169,11,0.612,NA
171,65,checksum,tourney,FALSE,20,elitize_generation_data,170,15,0.63,NA
172,65,checksum,tourney,FALSE,20,elitize_generation_data,171,10,0.625,NA
173,65,checksum,tourney,FALSE,20,elitize_generation_data,172,8,0.62,NA
174,65,checksum,tourney,FALSE,20,elitize_generation_data,173,7,0.62,NA
175,65,checksum,tourney,FALSE,20,elitize_generation_data,174,11,0.617,NA
176,65,checksum,tourney,FALSE,20,elitize_generation_data,175,8,0.608,NA
177,65,checksum,tourney,FALSE,20,elitize_generation_data,176,11,0.637,NA
178,65,checksum,tourney,FALSE,20,elitize_generation_data,177,9,0.65,NA
179,65,checksum,tourney,FALSE,20,elitize_generation_data,178,15,0.653,NA
180,65,checksum,tourney,FALSE,20,elitize_generation_data,179,12,0.645,NA
181,65,checksum,tourney,FALSE,20,elitize_generation_data,180,12,0.665,NA
182,65,checksum,tourney,FALSE,20,elitize_generation_data,181,16,0.628,NA
183,65,checksum,tourney,FALSE,20,elitize_generation_data,182,17,0.649,NA
184,65,checksum,tourney,FALSE,20,elitize_generation_data,183,19,0.646,NA
185,65,checksum,tourney,FALSE,20,elitize_generation_data,184,16,0.659,NA
186,65,checksum,tourney,FALSE,20,elitize_generation_data,185,16,0.655,NA
187,65,checksum,tourney,FALSE,20,elitize_generation_data,186,13,0.642,NA
188,65,checksum,tourney,FALSE,20,elitize_generation_data,187,19,0.637,NA
189,65,checksum,tourney,FALSE,20,elitize_generation_data,188,11,0.629,NA
190,65,checksum,tourney,FALSE,20,elitize_generation_data,189,13,0.633,NA
191,65,checksum,tourney,FALSE,20,elitize_generation_data,190,17,0.623,NA
192,65,checksum,tourney,FALSE,20,elitize_generation_data,191,17,0.603,NA
193,65,checksum,tourney,FALSE,20,elitize_generation_data,192,16,0.604,NA
194,65,checksum,tourney,FALSE,20,elitize_generation_data,193,13,0.609,NA
195,65,checksum,tourney,FALSE,20,elitize_generation_data,194,14,0.646,NA
196,65,checksum,tourney,FALSE,20,elitize_generation_data,195,14,0.634,NA
197,65,checksum,tourney,FALSE,20,elitize_generation_data,196,11,0.639,NA
198,65,checksum,tourney,FALSE,20,elitize_generation_data,197,12,0.651,NA
199,65,checksum,tourney,FALSE,20,elitize_generation_data,198,11,0.628,NA
200,65,checksum,tourney,FALSE,20,elitize_generation_data,199,14,0.608,NA
201,65,checksum,tourney,FALSE,20,elitize_generation_data,200,15,0.596,NA
202,65,checksum,tourney,FALSE,20,elitize_generation_data,201,13,0.578,NA
203,65,checksum,tourney,FALSE,20,elitize_generation_data,202,15,0.541,NA
204,65,checksum,tourney,FALSE,20,elitize_generation_data,203,11,0.554,NA
205,65,checksum,tourney,FALSE,20,elitize_generation_data,204,9,0.584,NA
206,65,checksum,tourney,FALSE,20,elitize_generation_data,205,15,0.56,NA
207,65,checksum,tourney,FALSE,20,elitize_generation_data,206,14,0.572,NA
208,65,checksum,tourney,FALSE,20,elitize_generation_data,207,10,0.552,NA
209,65,checksum,tourney,FALSE,20,elitize_generation_data,208,12,0.564,NA
210,65,checksum,tourney,FALSE,20,elitize_generation_data,209,6,0.547,NA
211,65,checksum,tourney,FALSE,20,elitize_generation_data,210,12,0.502,NA
212,65,checksum,tourney,FALSE,20,elitize_generation_data,211,9,0.464,NA
213,65,checksum,tourney,FALSE,20,elitize_generation_data,212,6,0.431,NA
214,65,checksum,tourney,FALSE,20,elitize_generation_data,213,4,0.414,NA
215,65,checksum,tourney,FALSE,20,elitize_generation_data,214,4,0.397,NA
216,65,checksum,tourney,FALSE,20,elitize_generation_data,215,5,0.398,NA
217,65,checksum,tourney,FALSE,20,elitize_generation_data,216,4,0.394,NA
218,65,checksum,tourney,FALSE,20,elitize_generation_data,217,3,0.404,NA
219,65,checksum,tourney,FALSE,20,elitize_generation_data,218,4,0.374,NA
220,65,checksum,tourney,FALSE,20,elitize_generation_data,219,3,0.392,NA
221,65,checksum,tourney,FALSE,20,elitize_generation_data,220,5,0.4,NA
222,65,checksum,tourney,FALSE,20,elitize_generation_data,221,3,0.397,NA
223,65,checksum,tourney,FALSE,20,elitize_generation_data,222,6,0.405,NA
224,65,checksum,tourney,FALSE,20,elitize_generation_data,223,5,0.413,NA
225,65,checksum,tourney,FALSE,20,elitize_generation_data,224,5,0.427,NA
226,65,checksum,tourney,FALSE,20,elitize_generation_data,225,4,0.413,NA
227,65,checksum,tourney,FALSE,20,elitize_generation_data,226,4,0.392,NA
228,65,checksum,tourney,FALSE,20,elitize_generation_data,227,4,0.381,NA
229,65,checksum,tourney,FALSE,20,elitize_generation_data,228,4,0.369,NA
230,65,checksum,tourney,FALSE,20,elitize_generation_data,229,4,0.357,NA
231,65,checksum,tourney,FALSE,20,elitize_generation_data,230,5,0.369,NA
232,65,checksum,tourney,FALSE,20,elitize_generation_data,231,4,0.386,NA
233,65,checksum,tourney,FALSE,20,elitize_generation_data,232,4,0.393,NA
234,65,checksum,tourney,FALSE,20,elitize_generation_data,233,6,0.371,NA
235,65,checksum,tourney,FALSE,20,elitize_generation_data,234,5,0.388,NA
236,65,checksum,tourney,FALSE,20,elitize_generation_data,235,4,0.364,NA
237,65,checksum,tourney,FALSE,20,elitize_generation_data,236,4,0.344,NA
238,65,checksum,tourney,FALSE,20,elitize_generation_data,237,5,0.371,NA
239,65,checksum,tourney,FALSE,20,elitize_generation_data,238,5,0.397,NA
240,65,checksum,tourney,FALSE,20,elitize_generation_data,239,5,0.38,NA
241,65,checksum,tourney,FALSE,20,elitize_generation_data,240,5,0.368,NA
242,65,checksum,tourney,FALSE,20,elitize_generation_data,241,5,0.376,NA
243,65,checksum,tourney,FALSE,20,elitize_generation_data,242,6,0.375,NA
244,65,checksum,tourney,FALSE,20,elitize_generation_data,243,6,0.359,NA
245,65,checksum,tourney,FALSE,20,elitize_generation_data,244,4,0.368,NA
246,65,checksum,tourney,FALSE,20,elitize_generation_data,245,6,0.387,NA
247,65,checksum,tourney,FALSE,20,elitize_generation_data,246,5,0.406,NA
248,65,checksum,tourney,FALSE,20,elitize_generation_data,247,5,0.393,NA
249,65,checksum,tourney,FALSE,20,elitize_generation_data,248,5,0.36,NA
250,65,checksum,tourney,FALSE,20,elitize_generation_data,249,5,0.392,NA
251,65,checksum,tourney,FALSE,20,elitize_generation_data,250,5,0.395,NA
252,65,checksum,tourney,FALSE,20,elitize_generation_data,251,5,0.39,NA
253,65,checksum,tourney,FALSE,20,elitize_generation_data,252,4,0.402,NA
254,65,checksum,tourney,FALSE,20,elitize_generation_data,253,7,0.384,NA
255,65,checksum,tourney,FALSE,20,elitize_generation_data,254,4,0.392,NA
256,65,checksum,tourney,FALSE,20,elitize_generation_data,255,5,0.37,NA
257,65,checksum,tourney,FALSE,20,elitize_generation_data,256,4,0.367,NA
258,65,checksum,tourney,FALSE,20,elitize_generation_data,257,5,0.39,NA
259,65,checksum,tourney,FALSE,20,elitize_generation_data,258,4,0.373,NA
260,65,checksum,tourney,FALSE,20,elitize_generation_data,259,4,0.389,NA
261,65,checksum,tourney,FALSE,20,elitize_generation_data,260,4,0.412,NA
262,65,checksum,tourney,FALSE,20,elitize_generation_data,261,6,0.384,NA
263,65,checksum,tourney,FALSE,20,elitize_generation_data,262,6,0.404,NA
264,65,checksum,tourney,FALSE,20,elitize_generation_data,263,6,0.381,NA
265,65,checksum,tourney,FALSE,20,elitize_generation_data,264,5,0.401,NA
266,65,checksum,tourney,FALSE,20,elitize_generation_data,265,4,0.379,NA
267,65,checksum,tourney,FALSE,20,elitize_generation_data,266,5,0.404,NA
268,65,checksum,tourney,FALSE,20,elitize_generation_data,267,6,0.374,NA
269,65,checksum,tourney,FALSE,20,elitize_generation_data,268,4,0.374,NA
270,65,checksum,tourney,FALSE,20,elitize_generation_data,269,6,0.391,NA
271,65,checksum,tourney,FALSE,20,elitize_generation_data,270,5,0.394,NA
272,65,checksum,tourney,FALSE,20,elitize_generation_data,271,5,0.36,NA
273,65,checksum,tourney,FALSE,20,elitize_generation_data,272,4,0.38,NA
274,65,checksum,tourney,FALSE,20,elitize_generation_data,273,5,0.412,NA
275,65,checksum,tourney,FALSE,20,elitize_generation_data,274,6,0.388,NA
276,65,checksum,tourney,FALSE,20,elitize_generation_data,275,5,0.354,NA
277,65,checksum,tourney,FALSE,20,elitize_generation_data,276,4,0.399,NA
278,65,checksum,tourney,FALSE,20,elitize_generation_data,277,6,0.375,NA
279,65,checksum,tourney,FALSE,20,elitize_generation_data,278,5,0.375,NA
280,65,checksum,tourney,FALSE,20,elitize_generation_data,279,4,0.383,NA
281,65,checksum,tourney,FALSE,20,elitize_generation_data,280,5,0.386,NA
282,65,checksum,tourney,FALSE,20,elitize_generation_data,281,5,0.382,NA
283,65,checksum,tourney,FALSE,20,elitize_generation_data,282,5,0.36,NA
284,65,checksum,tourney,FALSE,20,elitize_generation_data,283,5,0.355,NA
285,65,checksum,tourney,FALSE,20,elitize_generation_data,284,5,0.38,NA
286,65,checksum,tourney,FALSE,20,elitize_generation_data,285,4,0.378,NA
287,65,checksum,tourney,FALSE,20,elitize_generation_data,286,4,0.378,NA
288,65,checksum,tourney,FALSE,20,elitize_generation_data,287,4,0.373,NA
289,65,checksum,tourney,FALSE,20,elitize_generation_data,288,6,0.383,NA
290,65,checksum,tourney,FALSE,20,elitize_generation_data,289,6,0.372,NA
291,65,checksum,tourney,FALSE,20,elitize_generation_data,290,6,0.377,NA
292,65,checksum,tourney,FALSE,20,elitize_generation_data,291,4,0.399,NA
293,65,checksum,tourney,FALSE,20,elitize_generation_data,292,3,0.363,NA
294,65,checksum,tourney,FALSE,20,elitize_generation_data,293,4,0.361,NA
295,65,checksum,tourney,FALSE,20,elitize_generation_data,294,5,0.387,NA
296,65,checksum,tourney,FALSE,20,elitize_generation_data,295,5,0.402,NA
297,65,checksum,tourney,FALSE,20,elitize_generation_data,296,4,0.39,NA
298,65,checksum,tourney,FALSE,20,elitize_generation_data,297,5,0.365,NA
299,65,checksum,tourney,FALSE,20,elitize_generation_data,298,5,0.364,NA
300,65,checksum,tourney,FALSE,20,elitize_generation_data,299,6,0.362,NA
301,65,checksum,tourney,FALSE,20,elitize_generation_data,300,6,0.389,NA
