,run.num,problem,treatment,succeeded,height,normalization.function,generation,cluster.count,error.diversity,success.generation
1,95,checksum,tourney,FALSE,20,elitize_generation_data,0,2,0.298,NA
2,95,checksum,tourney,FALSE,20,elitize_generation_data,1,2,0.209,NA
3,95,checksum,tourney,FALSE,20,elitize_generation_data,2,3,0.124,NA
4,95,checksum,tourney,FALSE,20,elitize_generation_data,3,3,0.131,NA
5,95,checksum,tourney,FALSE,20,elitize_generation_data,4,4,0.181,NA
6,95,checksum,tourney,FALSE,20,elitize_generation_data,5,7,0.257,NA
7,95,checksum,tourney,FALSE,20,elitize_generation_data,6,6,0.24,NA
8,95,checksum,tourney,FALSE,20,elitize_generation_data,7,6,0.185,NA
9,95,checksum,tourney,FALSE,20,elitize_generation_data,8,7,0.139,NA
10,95,checksum,tourney,FALSE,20,elitize_generation_data,9,6,0.07,NA
11,95,checksum,tourney,FALSE,20,elitize_generation_data,10,6,0.066,NA
12,95,checksum,tourney,FALSE,20,elitize_generation_data,11,4,0.084,NA
13,95,checksum,tourney,FALSE,20,elitize_generation_data,12,9,0.127,NA
14,95,checksum,tourney,FALSE,20,elitize_generation_data,13,12,0.169,NA
15,95,checksum,tourney,FALSE,20,elitize_generation_data,14,12,0.181,NA
16,95,checksum,tourney,FALSE,20,elitize_generation_data,15,6,0.19,NA
17,95,checksum,tourney,FALSE,20,elitize_generation_data,16,8,0.201,NA
18,95,checksum,tourney,FALSE,20,elitize_generation_data,17,10,0.217,NA
19,95,checksum,tourney,FALSE,20,elitize_generation_data,18,11,0.191,NA
20,95,checksum,tourney,FALSE,20,elitize_generation_data,19,11,0.19,NA
21,95,checksum,tourney,FALSE,20,elitize_generation_data,20,10,0.189,NA
22,95,checksum,tourney,FALSE,20,elitize_generation_data,21,10,0.204,NA
23,95,checksum,tourney,FALSE,20,elitize_generation_data,22,13,0.237,NA
24,95,checksum,tourney,FALSE,20,elitize_generation_data,23,11,0.221,NA
25,95,checksum,tourney,FALSE,20,elitize_generation_data,24,12,0.226,NA
26,95,checksum,tourney,FALSE,20,elitize_generation_data,25,10,0.237,NA
27,95,checksum,tourney,FALSE,20,elitize_generation_data,26,14,0.28,NA
28,95,checksum,tourney,FALSE,20,elitize_generation_data,27,13,0.286,NA
29,95,checksum,tourney,FALSE,20,elitize_generation_data,28,10,0.301,NA
30,95,checksum,tourney,FALSE,20,elitize_generation_data,29,10,0.304,NA
31,95,checksum,tourney,FALSE,20,elitize_generation_data,30,7,0.307,NA
32,95,checksum,tourney,FALSE,20,elitize_generation_data,31,11,0.28,NA
33,95,checksum,tourney,FALSE,20,elitize_generation_data,32,12,0.257,NA
34,95,checksum,tourney,FALSE,20,elitize_generation_data,33,13,0.247,NA
35,95,checksum,tourney,FALSE,20,elitize_generation_data,34,11,0.231,NA
36,95,checksum,tourney,FALSE,20,elitize_generation_data,35,11,0.208,NA
37,95,checksum,tourney,FALSE,20,elitize_generation_data,36,11,0.23,NA
38,95,checksum,tourney,FALSE,20,elitize_generation_data,37,11,0.219,NA
39,95,checksum,tourney,FALSE,20,elitize_generation_data,38,13,0.2,NA
40,95,checksum,tourney,FALSE,20,elitize_generation_data,39,11,0.211,NA
41,95,checksum,tourney,FALSE,20,elitize_generation_data,40,7,0.203,NA
42,95,checksum,tourney,FALSE,20,elitize_generation_data,41,11,0.212,NA
43,95,checksum,tourney,FALSE,20,elitize_generation_data,42,9,0.238,NA
44,95,checksum,tourney,FALSE,20,elitize_generation_data,43,12,0.204,NA
45,95,checksum,tourney,FALSE,20,elitize_generation_data,44,14,0.222,NA
46,95,checksum,tourney,FALSE,20,elitize_generation_data,45,20,0.213,NA
47,95,checksum,tourney,FALSE,20,elitize_generation_data,46,7,0.21,NA
48,95,checksum,tourney,FALSE,20,elitize_generation_data,47,16,0.209,NA
49,95,checksum,tourney,FALSE,20,elitize_generation_data,48,14,0.225,NA
50,95,checksum,tourney,FALSE,20,elitize_generation_data,49,11,0.211,NA
51,95,checksum,tourney,FALSE,20,elitize_generation_data,50,12,0.218,NA
52,95,checksum,tourney,FALSE,20,elitize_generation_data,51,9,0.21,NA
53,95,checksum,tourney,FALSE,20,elitize_generation_data,52,14,0.205,NA
54,95,checksum,tourney,FALSE,20,elitize_generation_data,53,11,0.234,NA
55,95,checksum,tourney,FALSE,20,elitize_generation_data,54,11,0.225,NA
56,95,checksum,tourney,FALSE,20,elitize_generation_data,55,13,0.209,NA
57,95,checksum,tourney,FALSE,20,elitize_generation_data,56,10,0.22,NA
58,95,checksum,tourney,FALSE,20,elitize_generation_data,57,15,0.211,NA
59,95,checksum,tourney,FALSE,20,elitize_generation_data,58,11,0.206,NA
60,95,checksum,tourney,FALSE,20,elitize_generation_data,59,14,0.201,NA
61,95,checksum,tourney,FALSE,20,elitize_generation_data,60,7,0.205,NA
62,95,checksum,tourney,FALSE,20,elitize_generation_data,61,11,0.203,NA
63,95,checksum,tourney,FALSE,20,elitize_generation_data,62,11,0.202,NA
64,95,checksum,tourney,FALSE,20,elitize_generation_data,63,10,0.211,NA
65,95,checksum,tourney,FALSE,20,elitize_generation_data,64,8,0.209,NA
66,95,checksum,tourney,FALSE,20,elitize_generation_data,65,10,0.202,NA
67,95,checksum,tourney,FALSE,20,elitize_generation_data,66,11,0.197,NA
68,95,checksum,tourney,FALSE,20,elitize_generation_data,67,9,0.202,NA
69,95,checksum,tourney,FALSE,20,elitize_generation_data,68,13,0.205,NA
70,95,checksum,tourney,FALSE,20,elitize_generation_data,69,11,0.209,NA
71,95,checksum,tourney,FALSE,20,elitize_generation_data,70,8,0.23,NA
72,95,checksum,tourney,FALSE,20,elitize_generation_data,71,9,0.195,NA
73,95,checksum,tourney,FALSE,20,elitize_generation_data,72,13,0.199,NA
74,95,checksum,tourney,FALSE,20,elitize_generation_data,73,9,0.191,NA
75,95,checksum,tourney,FALSE,20,elitize_generation_data,74,12,0.189,NA
76,95,checksum,tourney,FALSE,20,elitize_generation_data,75,14,0.198,NA
77,95,checksum,tourney,FALSE,20,elitize_generation_data,76,10,0.194,NA
78,95,checksum,tourney,FALSE,20,elitize_generation_data,77,10,0.195,NA
79,95,checksum,tourney,FALSE,20,elitize_generation_data,78,10,0.198,NA
80,95,checksum,tourney,FALSE,20,elitize_generation_data,79,12,0.194,NA
81,95,checksum,tourney,FALSE,20,elitize_generation_data,80,8,0.185,NA
82,95,checksum,tourney,FALSE,20,elitize_generation_data,81,11,0.189,NA
83,95,checksum,tourney,FALSE,20,elitize_generation_data,82,8,0.202,NA
84,95,checksum,tourney,FALSE,20,elitize_generation_data,83,11,0.184,NA
85,95,checksum,tourney,FALSE,20,elitize_generation_data,84,9,0.192,NA
86,95,checksum,tourney,FALSE,20,elitize_generation_data,85,9,0.186,NA
87,95,checksum,tourney,FALSE,20,elitize_generation_data,86,10,0.178,NA
88,95,checksum,tourney,FALSE,20,elitize_generation_data,87,12,0.18,NA
89,95,checksum,tourney,FALSE,20,elitize_generation_data,88,10,0.183,NA
90,95,checksum,tourney,FALSE,20,elitize_generation_data,89,12,0.184,NA
91,95,checksum,tourney,FALSE,20,elitize_generation_data,90,12,0.182,NA
92,95,checksum,tourney,FALSE,20,elitize_generation_data,91,8,0.179,NA
93,95,checksum,tourney,FALSE,20,elitize_generation_data,92,8,0.188,NA
94,95,checksum,tourney,FALSE,20,elitize_generation_data,93,14,0.185,NA
95,95,checksum,tourney,FALSE,20,elitize_generation_data,94,6,0.178,NA
96,95,checksum,tourney,FALSE,20,elitize_generation_data,95,11,0.178,NA
97,95,checksum,tourney,FALSE,20,elitize_generation_data,96,7,0.196,NA
98,95,checksum,tourney,FALSE,20,elitize_generation_data,97,11,0.177,NA
99,95,checksum,tourney,FALSE,20,elitize_generation_data,98,11,0.203,NA
100,95,checksum,tourney,FALSE,20,elitize_generation_data,99,8,0.178,NA
101,95,checksum,tourney,FALSE,20,elitize_generation_data,100,7,0.178,NA
102,95,checksum,tourney,FALSE,20,elitize_generation_data,101,11,0.205,NA
103,95,checksum,tourney,FALSE,20,elitize_generation_data,102,9,0.177,NA
104,95,checksum,tourney,FALSE,20,elitize_generation_data,103,12,0.179,NA
105,95,checksum,tourney,FALSE,20,elitize_generation_data,104,7,0.169,NA
106,95,checksum,tourney,FALSE,20,elitize_generation_data,105,12,0.178,NA
107,95,checksum,tourney,FALSE,20,elitize_generation_data,106,9,0.191,NA
108,95,checksum,tourney,FALSE,20,elitize_generation_data,107,9,0.166,NA
109,95,checksum,tourney,FALSE,20,elitize_generation_data,108,9,0.164,NA
110,95,checksum,tourney,FALSE,20,elitize_generation_data,109,12,0.171,NA
111,95,checksum,tourney,FALSE,20,elitize_generation_data,110,9,0.212,NA
112,95,checksum,tourney,FALSE,20,elitize_generation_data,111,10,0.18,NA
113,95,checksum,tourney,FALSE,20,elitize_generation_data,112,10,0.191,NA
114,95,checksum,tourney,FALSE,20,elitize_generation_data,113,12,0.189,NA
115,95,checksum,tourney,FALSE,20,elitize_generation_data,114,10,0.199,NA
116,95,checksum,tourney,FALSE,20,elitize_generation_data,115,9,0.199,NA
117,95,checksum,tourney,FALSE,20,elitize_generation_data,116,6,0.189,NA
118,95,checksum,tourney,FALSE,20,elitize_generation_data,117,11,0.195,NA
119,95,checksum,tourney,FALSE,20,elitize_generation_data,118,11,0.202,NA
120,95,checksum,tourney,FALSE,20,elitize_generation_data,119,9,0.186,NA
121,95,checksum,tourney,FALSE,20,elitize_generation_data,120,10,0.189,NA
122,95,checksum,tourney,FALSE,20,elitize_generation_data,121,7,0.194,NA
123,95,checksum,tourney,FALSE,20,elitize_generation_data,122,10,0.202,NA
124,95,checksum,tourney,FALSE,20,elitize_generation_data,123,8,0.2,NA
125,95,checksum,tourney,FALSE,20,elitize_generation_data,124,9,0.195,NA
126,95,checksum,tourney,FALSE,20,elitize_generation_data,125,11,0.181,NA
127,95,checksum,tourney,FALSE,20,elitize_generation_data,126,14,0.194,NA
128,95,checksum,tourney,FALSE,20,elitize_generation_data,127,9,0.185,NA
129,95,checksum,tourney,FALSE,20,elitize_generation_data,128,9,0.197,NA
130,95,checksum,tourney,FALSE,20,elitize_generation_data,129,10,0.189,NA
131,95,checksum,tourney,FALSE,20,elitize_generation_data,130,13,0.19,NA
132,95,checksum,tourney,FALSE,20,elitize_generation_data,131,10,0.192,NA
133,95,checksum,tourney,FALSE,20,elitize_generation_data,132,7,0.194,NA
134,95,checksum,tourney,FALSE,20,elitize_generation_data,133,12,0.187,NA
135,95,checksum,tourney,FALSE,20,elitize_generation_data,134,9,0.183,NA
136,95,checksum,tourney,FALSE,20,elitize_generation_data,135,10,0.178,NA
137,95,checksum,tourney,FALSE,20,elitize_generation_data,136,6,0.17,NA
138,95,checksum,tourney,FALSE,20,elitize_generation_data,137,12,0.188,NA
139,95,checksum,tourney,FALSE,20,elitize_generation_data,138,8,0.198,NA
140,95,checksum,tourney,FALSE,20,elitize_generation_data,139,13,0.167,NA
141,95,checksum,tourney,FALSE,20,elitize_generation_data,140,9,0.182,NA
142,95,checksum,tourney,FALSE,20,elitize_generation_data,141,15,0.181,NA
143,95,checksum,tourney,FALSE,20,elitize_generation_data,142,8,0.174,NA
144,95,checksum,tourney,FALSE,20,elitize_generation_data,143,10,0.182,NA
145,95,checksum,tourney,FALSE,20,elitize_generation_data,144,12,0.189,NA
146,95,checksum,tourney,FALSE,20,elitize_generation_data,145,7,0.179,NA
147,95,checksum,tourney,FALSE,20,elitize_generation_data,146,11,0.181,NA
148,95,checksum,tourney,FALSE,20,elitize_generation_data,147,10,0.18,NA
149,95,checksum,tourney,FALSE,20,elitize_generation_data,148,11,0.169,NA
150,95,checksum,tourney,FALSE,20,elitize_generation_data,149,7,0.17,NA
151,95,checksum,tourney,FALSE,20,elitize_generation_data,150,8,0.173,NA
152,95,checksum,tourney,FALSE,20,elitize_generation_data,151,13,0.182,NA
153,95,checksum,tourney,FALSE,20,elitize_generation_data,152,16,0.188,NA
154,95,checksum,tourney,FALSE,20,elitize_generation_data,153,10,0.184,NA
155,95,checksum,tourney,FALSE,20,elitize_generation_data,154,11,0.157,NA
156,95,checksum,tourney,FALSE,20,elitize_generation_data,155,8,0.174,NA
157,95,checksum,tourney,FALSE,20,elitize_generation_data,156,8,0.176,NA
158,95,checksum,tourney,FALSE,20,elitize_generation_data,157,13,0.173,NA
159,95,checksum,tourney,FALSE,20,elitize_generation_data,158,12,0.175,NA
160,95,checksum,tourney,FALSE,20,elitize_generation_data,159,7,0.162,NA
161,95,checksum,tourney,FALSE,20,elitize_generation_data,160,8,0.173,NA
162,95,checksum,tourney,FALSE,20,elitize_generation_data,161,7,0.2,NA
163,95,checksum,tourney,FALSE,20,elitize_generation_data,162,9,0.166,NA
164,95,checksum,tourney,FALSE,20,elitize_generation_data,163,5,0.18,NA
165,95,checksum,tourney,FALSE,20,elitize_generation_data,164,9,0.187,NA
166,95,checksum,tourney,FALSE,20,elitize_generation_data,165,16,0.187,NA
167,95,checksum,tourney,FALSE,20,elitize_generation_data,166,15,0.186,NA
168,95,checksum,tourney,FALSE,20,elitize_generation_data,167,10,0.183,NA
169,95,checksum,tourney,FALSE,20,elitize_generation_data,168,8,0.176,NA
170,95,checksum,tourney,FALSE,20,elitize_generation_data,169,6,0.172,NA
171,95,checksum,tourney,FALSE,20,elitize_generation_data,170,8,0.185,NA
172,95,checksum,tourney,FALSE,20,elitize_generation_data,171,12,0.164,NA
173,95,checksum,tourney,FALSE,20,elitize_generation_data,172,12,0.166,NA
174,95,checksum,tourney,FALSE,20,elitize_generation_data,173,9,0.181,NA
175,95,checksum,tourney,FALSE,20,elitize_generation_data,174,11,0.167,NA
176,95,checksum,tourney,FALSE,20,elitize_generation_data,175,13,0.182,NA
177,95,checksum,tourney,FALSE,20,elitize_generation_data,176,9,0.163,NA
178,95,checksum,tourney,FALSE,20,elitize_generation_data,177,14,0.178,NA
179,95,checksum,tourney,FALSE,20,elitize_generation_data,178,15,0.166,NA
180,95,checksum,tourney,FALSE,20,elitize_generation_data,179,10,0.172,NA
181,95,checksum,tourney,FALSE,20,elitize_generation_data,180,12,0.143,NA
182,95,checksum,tourney,FALSE,20,elitize_generation_data,181,10,0.165,NA
183,95,checksum,tourney,FALSE,20,elitize_generation_data,182,9,0.173,NA
184,95,checksum,tourney,FALSE,20,elitize_generation_data,183,9,0.166,NA
185,95,checksum,tourney,FALSE,20,elitize_generation_data,184,7,0.172,NA
186,95,checksum,tourney,FALSE,20,elitize_generation_data,185,8,0.161,NA
187,95,checksum,tourney,FALSE,20,elitize_generation_data,186,6,0.164,NA
188,95,checksum,tourney,FALSE,20,elitize_generation_data,187,12,0.147,NA
189,95,checksum,tourney,FALSE,20,elitize_generation_data,188,13,0.149,NA
190,95,checksum,tourney,FALSE,20,elitize_generation_data,189,6,0.143,NA
191,95,checksum,tourney,FALSE,20,elitize_generation_data,190,10,0.169,NA
192,95,checksum,tourney,FALSE,20,elitize_generation_data,191,9,0.156,NA
193,95,checksum,tourney,FALSE,20,elitize_generation_data,192,11,0.161,NA
194,95,checksum,tourney,FALSE,20,elitize_generation_data,193,9,0.149,NA
195,95,checksum,tourney,FALSE,20,elitize_generation_data,194,7,0.157,NA
196,95,checksum,tourney,FALSE,20,elitize_generation_data,195,11,0.149,NA
197,95,checksum,tourney,FALSE,20,elitize_generation_data,196,9,0.137,NA
198,95,checksum,tourney,FALSE,20,elitize_generation_data,197,8,0.155,NA
199,95,checksum,tourney,FALSE,20,elitize_generation_data,198,7,0.137,NA
200,95,checksum,tourney,FALSE,20,elitize_generation_data,199,7,0.136,NA
201,95,checksum,tourney,FALSE,20,elitize_generation_data,200,12,0.136,NA
202,95,checksum,tourney,FALSE,20,elitize_generation_data,201,9,0.136,NA
203,95,checksum,tourney,FALSE,20,elitize_generation_data,202,7,0.146,NA
204,95,checksum,tourney,FALSE,20,elitize_generation_data,203,13,0.132,NA
205,95,checksum,tourney,FALSE,20,elitize_generation_data,204,11,0.155,NA
206,95,checksum,tourney,FALSE,20,elitize_generation_data,205,8,0.165,NA
207,95,checksum,tourney,FALSE,20,elitize_generation_data,206,10,0.162,NA
208,95,checksum,tourney,FALSE,20,elitize_generation_data,207,9,0.147,NA
209,95,checksum,tourney,FALSE,20,elitize_generation_data,208,12,0.164,NA
210,95,checksum,tourney,FALSE,20,elitize_generation_data,209,11,0.144,NA
211,95,checksum,tourney,FALSE,20,elitize_generation_data,210,12,0.151,NA
212,95,checksum,tourney,FALSE,20,elitize_generation_data,211,8,0.159,NA
213,95,checksum,tourney,FALSE,20,elitize_generation_data,212,8,0.148,NA
214,95,checksum,tourney,FALSE,20,elitize_generation_data,213,11,0.135,NA
215,95,checksum,tourney,FALSE,20,elitize_generation_data,214,9,0.151,NA
216,95,checksum,tourney,FALSE,20,elitize_generation_data,215,9,0.148,NA
217,95,checksum,tourney,FALSE,20,elitize_generation_data,216,9,0.159,NA
218,95,checksum,tourney,FALSE,20,elitize_generation_data,217,6,0.141,NA
219,95,checksum,tourney,FALSE,20,elitize_generation_data,218,9,0.168,NA
220,95,checksum,tourney,FALSE,20,elitize_generation_data,219,8,0.148,NA
221,95,checksum,tourney,FALSE,20,elitize_generation_data,220,8,0.158,NA
222,95,checksum,tourney,FALSE,20,elitize_generation_data,221,9,0.142,NA
223,95,checksum,tourney,FALSE,20,elitize_generation_data,222,11,0.126,NA
224,95,checksum,tourney,FALSE,20,elitize_generation_data,223,9,0.147,NA
225,95,checksum,tourney,FALSE,20,elitize_generation_data,224,7,0.148,NA
226,95,checksum,tourney,FALSE,20,elitize_generation_data,225,11,0.152,NA
227,95,checksum,tourney,FALSE,20,elitize_generation_data,226,14,0.14,NA
228,95,checksum,tourney,FALSE,20,elitize_generation_data,227,11,0.157,NA
229,95,checksum,tourney,FALSE,20,elitize_generation_data,228,11,0.145,NA
230,95,checksum,tourney,FALSE,20,elitize_generation_data,229,11,0.135,NA
231,95,checksum,tourney,FALSE,20,elitize_generation_data,230,7,0.145,NA
232,95,checksum,tourney,FALSE,20,elitize_generation_data,231,11,0.154,NA
233,95,checksum,tourney,FALSE,20,elitize_generation_data,232,7,0.151,NA
234,95,checksum,tourney,FALSE,20,elitize_generation_data,233,12,0.152,NA
235,95,checksum,tourney,FALSE,20,elitize_generation_data,234,10,0.136,NA
236,95,checksum,tourney,FALSE,20,elitize_generation_data,235,7,0.141,NA
237,95,checksum,tourney,FALSE,20,elitize_generation_data,236,9,0.143,NA
238,95,checksum,tourney,FALSE,20,elitize_generation_data,237,4,0.144,NA
239,95,checksum,tourney,FALSE,20,elitize_generation_data,238,12,0.127,NA
240,95,checksum,tourney,FALSE,20,elitize_generation_data,239,11,0.162,NA
241,95,checksum,tourney,FALSE,20,elitize_generation_data,240,7,0.133,NA
242,95,checksum,tourney,FALSE,20,elitize_generation_data,241,9,0.136,NA
243,95,checksum,tourney,FALSE,20,elitize_generation_data,242,7,0.16,NA
244,95,checksum,tourney,FALSE,20,elitize_generation_data,243,9,0.118,NA
245,95,checksum,tourney,FALSE,20,elitize_generation_data,244,9,0.145,NA
246,95,checksum,tourney,FALSE,20,elitize_generation_data,245,9,0.142,NA
247,95,checksum,tourney,FALSE,20,elitize_generation_data,246,8,0.122,NA
248,95,checksum,tourney,FALSE,20,elitize_generation_data,247,7,0.151,NA
249,95,checksum,tourney,FALSE,20,elitize_generation_data,248,10,0.134,NA
250,95,checksum,tourney,FALSE,20,elitize_generation_data,249,10,0.146,NA
251,95,checksum,tourney,FALSE,20,elitize_generation_data,250,9,0.14,NA
252,95,checksum,tourney,FALSE,20,elitize_generation_data,251,10,0.133,NA
253,95,checksum,tourney,FALSE,20,elitize_generation_data,252,8,0.141,NA
254,95,checksum,tourney,FALSE,20,elitize_generation_data,253,9,0.15,NA
255,95,checksum,tourney,FALSE,20,elitize_generation_data,254,10,0.124,NA
256,95,checksum,tourney,FALSE,20,elitize_generation_data,255,6,0.129,NA
257,95,checksum,tourney,FALSE,20,elitize_generation_data,256,11,0.141,NA
258,95,checksum,tourney,FALSE,20,elitize_generation_data,257,5,0.135,NA
259,95,checksum,tourney,FALSE,20,elitize_generation_data,258,10,0.142,NA
260,95,checksum,tourney,FALSE,20,elitize_generation_data,259,8,0.125,NA
261,95,checksum,tourney,FALSE,20,elitize_generation_data,260,5,0.153,NA
262,95,checksum,tourney,FALSE,20,elitize_generation_data,261,10,0.138,NA
263,95,checksum,tourney,FALSE,20,elitize_generation_data,262,8,0.156,NA
264,95,checksum,tourney,FALSE,20,elitize_generation_data,263,6,0.131,NA
265,95,checksum,tourney,FALSE,20,elitize_generation_data,264,6,0.141,NA
266,95,checksum,tourney,FALSE,20,elitize_generation_data,265,7,0.132,NA
267,95,checksum,tourney,FALSE,20,elitize_generation_data,266,13,0.137,NA
268,95,checksum,tourney,FALSE,20,elitize_generation_data,267,11,0.146,NA
269,95,checksum,tourney,FALSE,20,elitize_generation_data,268,10,0.136,NA
270,95,checksum,tourney,FALSE,20,elitize_generation_data,269,13,0.128,NA
271,95,checksum,tourney,FALSE,20,elitize_generation_data,270,7,0.12,NA
272,95,checksum,tourney,FALSE,20,elitize_generation_data,271,10,0.139,NA
273,95,checksum,tourney,FALSE,20,elitize_generation_data,272,12,0.149,NA
274,95,checksum,tourney,FALSE,20,elitize_generation_data,273,9,0.139,NA
275,95,checksum,tourney,FALSE,20,elitize_generation_data,274,10,0.126,NA
276,95,checksum,tourney,FALSE,20,elitize_generation_data,275,13,0.139,NA
277,95,checksum,tourney,FALSE,20,elitize_generation_data,276,13,0.127,NA
278,95,checksum,tourney,FALSE,20,elitize_generation_data,277,10,0.132,NA
279,95,checksum,tourney,FALSE,20,elitize_generation_data,278,9,0.12,NA
280,95,checksum,tourney,FALSE,20,elitize_generation_data,279,7,0.136,NA
281,95,checksum,tourney,FALSE,20,elitize_generation_data,280,10,0.133,NA
282,95,checksum,tourney,FALSE,20,elitize_generation_data,281,10,0.132,NA
283,95,checksum,tourney,FALSE,20,elitize_generation_data,282,12,0.131,NA
284,95,checksum,tourney,FALSE,20,elitize_generation_data,283,8,0.136,NA
285,95,checksum,tourney,FALSE,20,elitize_generation_data,284,10,0.136,NA
286,95,checksum,tourney,FALSE,20,elitize_generation_data,285,11,0.128,NA
287,95,checksum,tourney,FALSE,20,elitize_generation_data,286,10,0.143,NA
288,95,checksum,tourney,FALSE,20,elitize_generation_data,287,9,0.124,NA
289,95,checksum,tourney,FALSE,20,elitize_generation_data,288,11,0.148,NA
290,95,checksum,tourney,FALSE,20,elitize_generation_data,289,12,0.137,NA
291,95,checksum,tourney,FALSE,20,elitize_generation_data,290,6,0.138,NA
292,95,checksum,tourney,FALSE,20,elitize_generation_data,291,8,0.13,NA
293,95,checksum,tourney,FALSE,20,elitize_generation_data,292,12,0.141,NA
294,95,checksum,tourney,FALSE,20,elitize_generation_data,293,11,0.135,NA
295,95,checksum,tourney,FALSE,20,elitize_generation_data,294,7,0.131,NA
296,95,checksum,tourney,FALSE,20,elitize_generation_data,295,10,0.119,NA
297,95,checksum,tourney,FALSE,20,elitize_generation_data,296,8,0.129,NA
298,95,checksum,tourney,FALSE,20,elitize_generation_data,297,7,0.126,NA
299,95,checksum,tourney,FALSE,20,elitize_generation_data,298,8,0.133,NA
300,95,checksum,tourney,FALSE,20,elitize_generation_data,299,6,0.125,NA
301,95,checksum,tourney,FALSE,20,elitize_generation_data,300,10,0.136,NA
