,run.num,problem,treatment,succeeded,height,normalization.function,generation,cluster.count,error.diversity,success.generation
1,71,replace-space-with-newline,ifs,FALSE,20,elitize_generation_data,0,4,0.467,NA
2,71,replace-space-with-newline,ifs,FALSE,20,elitize_generation_data,1,4,0.336,NA
3,71,replace-space-with-newline,ifs,FALSE,20,elitize_generation_data,2,4,0.217,NA
4,71,replace-space-with-newline,ifs,FALSE,20,elitize_generation_data,3,6,0.208,NA
5,71,replace-space-with-newline,ifs,FALSE,20,elitize_generation_data,4,5,0.117,NA
6,71,replace-space-with-newline,ifs,FALSE,20,elitize_generation_data,5,6,0.153,NA
7,71,replace-space-with-newline,ifs,FALSE,20,elitize_generation_data,6,8,0.139,NA
8,71,replace-space-with-newline,ifs,FALSE,20,elitize_generation_data,7,8,0.155,NA
9,71,replace-space-with-newline,ifs,FALSE,20,elitize_generation_data,8,10,0.106,NA
10,71,replace-space-with-newline,ifs,FALSE,20,elitize_generation_data,9,10,0.096,NA
11,71,replace-space-with-newline,ifs,FALSE,20,elitize_generation_data,10,10,0.112,NA
12,71,replace-space-with-newline,ifs,FALSE,20,elitize_generation_data,11,9,0.14,NA
13,71,replace-space-with-newline,ifs,FALSE,20,elitize_generation_data,12,10,0.153,NA
14,71,replace-space-with-newline,ifs,FALSE,20,elitize_generation_data,13,10,0.138,NA
15,71,replace-space-with-newline,ifs,FALSE,20,elitize_generation_data,14,11,0.141,NA
16,71,replace-space-with-newline,ifs,FALSE,20,elitize_generation_data,15,11,0.135,NA
17,71,replace-space-with-newline,ifs,FALSE,20,elitize_generation_data,16,8,0.152,NA
18,71,replace-space-with-newline,ifs,FALSE,20,elitize_generation_data,17,9,0.14,NA
19,71,replace-space-with-newline,ifs,FALSE,20,elitize_generation_data,18,11,0.144,NA
20,71,replace-space-with-newline,ifs,FALSE,20,elitize_generation_data,19,14,0.173,NA
21,71,replace-space-with-newline,ifs,FALSE,20,elitize_generation_data,20,13,0.168,NA
22,71,replace-space-with-newline,ifs,FALSE,20,elitize_generation_data,21,14,0.122,NA
23,71,replace-space-with-newline,ifs,FALSE,20,elitize_generation_data,22,14,0.146,NA
24,71,replace-space-with-newline,ifs,FALSE,20,elitize_generation_data,23,14,0.147,NA
25,71,replace-space-with-newline,ifs,FALSE,20,elitize_generation_data,24,14,0.123,NA
26,71,replace-space-with-newline,ifs,FALSE,20,elitize_generation_data,25,14,0.126,NA
27,71,replace-space-with-newline,ifs,FALSE,20,elitize_generation_data,26,13,0.134,NA
28,71,replace-space-with-newline,ifs,FALSE,20,elitize_generation_data,27,11,0.132,NA
29,71,replace-space-with-newline,ifs,FALSE,20,elitize_generation_data,28,17,0.113,NA
30,71,replace-space-with-newline,ifs,FALSE,20,elitize_generation_data,29,11,0.114,NA
31,71,replace-space-with-newline,ifs,FALSE,20,elitize_generation_data,30,13,0.129,NA
32,71,replace-space-with-newline,ifs,FALSE,20,elitize_generation_data,31,17,0.129,NA
33,71,replace-space-with-newline,ifs,FALSE,20,elitize_generation_data,32,13,0.116,NA
34,71,replace-space-with-newline,ifs,FALSE,20,elitize_generation_data,33,13,0.132,NA
35,71,replace-space-with-newline,ifs,FALSE,20,elitize_generation_data,34,12,0.127,NA
36,71,replace-space-with-newline,ifs,FALSE,20,elitize_generation_data,35,17,0.112,NA
37,71,replace-space-with-newline,ifs,FALSE,20,elitize_generation_data,36,12,0.108,NA
38,71,replace-space-with-newline,ifs,FALSE,20,elitize_generation_data,37,16,0.123,NA
39,71,replace-space-with-newline,ifs,FALSE,20,elitize_generation_data,38,15,0.135,NA
40,71,replace-space-with-newline,ifs,FALSE,20,elitize_generation_data,39,12,0.137,NA
41,71,replace-space-with-newline,ifs,FALSE,20,elitize_generation_data,40,14,0.14,NA
42,71,replace-space-with-newline,ifs,FALSE,20,elitize_generation_data,41,17,0.13,NA
43,71,replace-space-with-newline,ifs,FALSE,20,elitize_generation_data,42,16,0.131,NA
44,71,replace-space-with-newline,ifs,FALSE,20,elitize_generation_data,43,11,0.118,NA
45,71,replace-space-with-newline,ifs,FALSE,20,elitize_generation_data,44,13,0.138,NA
46,71,replace-space-with-newline,ifs,FALSE,20,elitize_generation_data,45,16,0.147,NA
47,71,replace-space-with-newline,ifs,FALSE,20,elitize_generation_data,46,13,0.15,NA
48,71,replace-space-with-newline,ifs,FALSE,20,elitize_generation_data,47,17,0.152,NA
49,71,replace-space-with-newline,ifs,FALSE,20,elitize_generation_data,48,20,0.183,NA
50,71,replace-space-with-newline,ifs,FALSE,20,elitize_generation_data,49,22,0.224,NA
51,71,replace-space-with-newline,ifs,FALSE,20,elitize_generation_data,50,25,0.212,NA
52,71,replace-space-with-newline,ifs,FALSE,20,elitize_generation_data,51,28,0.249,NA
53,71,replace-space-with-newline,ifs,FALSE,20,elitize_generation_data,52,30,0.269,NA
54,71,replace-space-with-newline,ifs,FALSE,20,elitize_generation_data,53,32,0.306,NA
55,71,replace-space-with-newline,ifs,FALSE,20,elitize_generation_data,54,41,0.318,NA
56,71,replace-space-with-newline,ifs,FALSE,20,elitize_generation_data,55,34,0.316,NA
57,71,replace-space-with-newline,ifs,FALSE,20,elitize_generation_data,56,28,0.23,NA
58,71,replace-space-with-newline,ifs,FALSE,20,elitize_generation_data,57,19,0.16,NA
59,71,replace-space-with-newline,ifs,FALSE,20,elitize_generation_data,58,24,0.2,NA
60,71,replace-space-with-newline,ifs,FALSE,20,elitize_generation_data,59,30,0.27,NA
61,71,replace-space-with-newline,ifs,FALSE,20,elitize_generation_data,60,25,0.294,NA
62,71,replace-space-with-newline,ifs,FALSE,20,elitize_generation_data,61,34,0.346,NA
63,71,replace-space-with-newline,ifs,FALSE,20,elitize_generation_data,62,34,0.356,NA
64,71,replace-space-with-newline,ifs,FALSE,20,elitize_generation_data,63,26,0.311,NA
65,71,replace-space-with-newline,ifs,FALSE,20,elitize_generation_data,64,21,0.235,NA
66,71,replace-space-with-newline,ifs,FALSE,20,elitize_generation_data,65,23,0.235,NA
67,71,replace-space-with-newline,ifs,FALSE,20,elitize_generation_data,66,27,0.254,NA
68,71,replace-space-with-newline,ifs,FALSE,20,elitize_generation_data,67,30,0.272,NA
69,71,replace-space-with-newline,ifs,FALSE,20,elitize_generation_data,68,31,0.298,NA
70,71,replace-space-with-newline,ifs,FALSE,20,elitize_generation_data,69,42,0.292,NA
71,71,replace-space-with-newline,ifs,FALSE,20,elitize_generation_data,70,32,0.264,NA
72,71,replace-space-with-newline,ifs,FALSE,20,elitize_generation_data,71,33,0.274,NA
73,71,replace-space-with-newline,ifs,FALSE,20,elitize_generation_data,72,33,0.31,NA
74,71,replace-space-with-newline,ifs,FALSE,20,elitize_generation_data,73,40,0.313,NA
75,71,replace-space-with-newline,ifs,FALSE,20,elitize_generation_data,74,35,0.335,NA
76,71,replace-space-with-newline,ifs,FALSE,20,elitize_generation_data,75,33,0.306,NA
77,71,replace-space-with-newline,ifs,FALSE,20,elitize_generation_data,76,37,0.302,NA
78,71,replace-space-with-newline,ifs,FALSE,20,elitize_generation_data,77,32,0.317,NA
79,71,replace-space-with-newline,ifs,FALSE,20,elitize_generation_data,78,45,0.36,NA
80,71,replace-space-with-newline,ifs,FALSE,20,elitize_generation_data,79,40,0.362,NA
81,71,replace-space-with-newline,ifs,FALSE,20,elitize_generation_data,80,40,0.344,NA
82,71,replace-space-with-newline,ifs,FALSE,20,elitize_generation_data,81,42,0.371,NA
83,71,replace-space-with-newline,ifs,FALSE,20,elitize_generation_data,82,38,0.39,NA
84,71,replace-space-with-newline,ifs,FALSE,20,elitize_generation_data,83,34,0.38,NA
85,71,replace-space-with-newline,ifs,FALSE,20,elitize_generation_data,84,35,0.359,NA
86,71,replace-space-with-newline,ifs,FALSE,20,elitize_generation_data,85,41,0.385,NA
87,71,replace-space-with-newline,ifs,FALSE,20,elitize_generation_data,86,36,0.412,NA
88,71,replace-space-with-newline,ifs,FALSE,20,elitize_generation_data,87,37,0.391,NA
89,71,replace-space-with-newline,ifs,FALSE,20,elitize_generation_data,88,40,0.373,NA
90,71,replace-space-with-newline,ifs,FALSE,20,elitize_generation_data,89,42,0.35,NA
91,71,replace-space-with-newline,ifs,FALSE,20,elitize_generation_data,90,34,0.372,NA
92,71,replace-space-with-newline,ifs,FALSE,20,elitize_generation_data,91,38,0.406,NA
93,71,replace-space-with-newline,ifs,FALSE,20,elitize_generation_data,92,41,0.408,NA
94,71,replace-space-with-newline,ifs,FALSE,20,elitize_generation_data,93,37,0.44,NA
95,71,replace-space-with-newline,ifs,FALSE,20,elitize_generation_data,94,31,0.418,NA
96,71,replace-space-with-newline,ifs,FALSE,20,elitize_generation_data,95,40,0.396,NA
97,71,replace-space-with-newline,ifs,FALSE,20,elitize_generation_data,96,34,0.418,NA
98,71,replace-space-with-newline,ifs,FALSE,20,elitize_generation_data,97,40,0.417,NA
99,71,replace-space-with-newline,ifs,FALSE,20,elitize_generation_data,98,40,0.416,NA
100,71,replace-space-with-newline,ifs,FALSE,20,elitize_generation_data,99,40,0.431,NA
101,71,replace-space-with-newline,ifs,FALSE,20,elitize_generation_data,100,33,0.416,NA
102,71,replace-space-with-newline,ifs,FALSE,20,elitize_generation_data,101,33,0.448,NA
103,71,replace-space-with-newline,ifs,FALSE,20,elitize_generation_data,102,38,0.424,NA
104,71,replace-space-with-newline,ifs,FALSE,20,elitize_generation_data,103,36,0.435,NA
105,71,replace-space-with-newline,ifs,FALSE,20,elitize_generation_data,104,42,0.436,NA
106,71,replace-space-with-newline,ifs,FALSE,20,elitize_generation_data,105,39,0.455,NA
107,71,replace-space-with-newline,ifs,FALSE,20,elitize_generation_data,106,40,0.464,NA
108,71,replace-space-with-newline,ifs,FALSE,20,elitize_generation_data,107,48,0.479,NA
109,71,replace-space-with-newline,ifs,FALSE,20,elitize_generation_data,108,43,0.469,NA
110,71,replace-space-with-newline,ifs,FALSE,20,elitize_generation_data,109,39,0.475,NA
111,71,replace-space-with-newline,ifs,FALSE,20,elitize_generation_data,110,35,0.46,NA
112,71,replace-space-with-newline,ifs,FALSE,20,elitize_generation_data,111,34,0.451,NA
113,71,replace-space-with-newline,ifs,FALSE,20,elitize_generation_data,112,40,0.471,NA
114,71,replace-space-with-newline,ifs,FALSE,20,elitize_generation_data,113,37,0.461,NA
115,71,replace-space-with-newline,ifs,FALSE,20,elitize_generation_data,114,35,0.443,NA
116,71,replace-space-with-newline,ifs,FALSE,20,elitize_generation_data,115,47,0.468,NA
117,71,replace-space-with-newline,ifs,FALSE,20,elitize_generation_data,116,36,0.447,NA
118,71,replace-space-with-newline,ifs,FALSE,20,elitize_generation_data,117,38,0.468,NA
119,71,replace-space-with-newline,ifs,FALSE,20,elitize_generation_data,118,38,0.437,NA
120,71,replace-space-with-newline,ifs,FALSE,20,elitize_generation_data,119,36,0.456,NA
121,71,replace-space-with-newline,ifs,FALSE,20,elitize_generation_data,120,42,0.497,NA
122,71,replace-space-with-newline,ifs,FALSE,20,elitize_generation_data,121,37,0.517,NA
123,71,replace-space-with-newline,ifs,FALSE,20,elitize_generation_data,122,48,0.531,NA
124,71,replace-space-with-newline,ifs,FALSE,20,elitize_generation_data,123,46,0.544,NA
125,71,replace-space-with-newline,ifs,FALSE,20,elitize_generation_data,124,45,0.55,NA
126,71,replace-space-with-newline,ifs,FALSE,20,elitize_generation_data,125,41,0.554,NA
127,71,replace-space-with-newline,ifs,FALSE,20,elitize_generation_data,126,46,0.56,NA
128,71,replace-space-with-newline,ifs,FALSE,20,elitize_generation_data,127,52,0.565,NA
129,71,replace-space-with-newline,ifs,FALSE,20,elitize_generation_data,128,46,0.563,NA
130,71,replace-space-with-newline,ifs,FALSE,20,elitize_generation_data,129,49,0.573,NA
131,71,replace-space-with-newline,ifs,FALSE,20,elitize_generation_data,130,43,0.563,NA
132,71,replace-space-with-newline,ifs,FALSE,20,elitize_generation_data,131,50,0.521,NA
133,71,replace-space-with-newline,ifs,FALSE,20,elitize_generation_data,132,38,0.557,NA
134,71,replace-space-with-newline,ifs,FALSE,20,elitize_generation_data,133,43,0.554,NA
135,71,replace-space-with-newline,ifs,FALSE,20,elitize_generation_data,134,51,0.547,NA
136,71,replace-space-with-newline,ifs,FALSE,20,elitize_generation_data,135,38,0.51,NA
137,71,replace-space-with-newline,ifs,FALSE,20,elitize_generation_data,136,44,0.529,NA
138,71,replace-space-with-newline,ifs,FALSE,20,elitize_generation_data,137,45,0.535,NA
139,71,replace-space-with-newline,ifs,FALSE,20,elitize_generation_data,138,43,0.512,NA
140,71,replace-space-with-newline,ifs,FALSE,20,elitize_generation_data,139,44,0.507,NA
141,71,replace-space-with-newline,ifs,FALSE,20,elitize_generation_data,140,41,0.506,NA
142,71,replace-space-with-newline,ifs,FALSE,20,elitize_generation_data,141,45,0.486,NA
143,71,replace-space-with-newline,ifs,FALSE,20,elitize_generation_data,142,39,0.488,NA
144,71,replace-space-with-newline,ifs,FALSE,20,elitize_generation_data,143,42,0.518,NA
145,71,replace-space-with-newline,ifs,FALSE,20,elitize_generation_data,144,46,0.545,NA
146,71,replace-space-with-newline,ifs,FALSE,20,elitize_generation_data,145,48,0.539,NA
147,71,replace-space-with-newline,ifs,FALSE,20,elitize_generation_data,146,51,0.527,NA
148,71,replace-space-with-newline,ifs,FALSE,20,elitize_generation_data,147,49,0.521,NA
149,71,replace-space-with-newline,ifs,FALSE,20,elitize_generation_data,148,44,0.527,NA
150,71,replace-space-with-newline,ifs,FALSE,20,elitize_generation_data,149,43,0.508,NA
151,71,replace-space-with-newline,ifs,FALSE,20,elitize_generation_data,150,39,0.541,NA
152,71,replace-space-with-newline,ifs,FALSE,20,elitize_generation_data,151,44,0.559,NA
153,71,replace-space-with-newline,ifs,FALSE,20,elitize_generation_data,152,45,0.552,NA
154,71,replace-space-with-newline,ifs,FALSE,20,elitize_generation_data,153,45,0.514,NA
155,71,replace-space-with-newline,ifs,FALSE,20,elitize_generation_data,154,50,0.499,NA
156,71,replace-space-with-newline,ifs,FALSE,20,elitize_generation_data,155,49,0.564,NA
157,71,replace-space-with-newline,ifs,FALSE,20,elitize_generation_data,156,50,0.549,NA
158,71,replace-space-with-newline,ifs,FALSE,20,elitize_generation_data,157,66,0.558,NA
159,71,replace-space-with-newline,ifs,FALSE,20,elitize_generation_data,158,55,0.579,NA
160,71,replace-space-with-newline,ifs,FALSE,20,elitize_generation_data,159,63,0.568,NA
161,71,replace-space-with-newline,ifs,FALSE,20,elitize_generation_data,160,57,0.573,NA
162,71,replace-space-with-newline,ifs,FALSE,20,elitize_generation_data,161,65,0.577,NA
163,71,replace-space-with-newline,ifs,FALSE,20,elitize_generation_data,162,65,0.578,NA
164,71,replace-space-with-newline,ifs,FALSE,20,elitize_generation_data,163,64,0.55,NA
165,71,replace-space-with-newline,ifs,FALSE,20,elitize_generation_data,164,67,0.552,NA
166,71,replace-space-with-newline,ifs,FALSE,20,elitize_generation_data,165,61,0.588,NA
167,71,replace-space-with-newline,ifs,FALSE,20,elitize_generation_data,166,66,0.569,NA
168,71,replace-space-with-newline,ifs,FALSE,20,elitize_generation_data,167,61,0.558,NA
169,71,replace-space-with-newline,ifs,FALSE,20,elitize_generation_data,168,59,0.567,NA
170,71,replace-space-with-newline,ifs,FALSE,20,elitize_generation_data,169,66,0.564,NA
171,71,replace-space-with-newline,ifs,FALSE,20,elitize_generation_data,170,61,0.554,NA
172,71,replace-space-with-newline,ifs,FALSE,20,elitize_generation_data,171,65,0.552,NA
173,71,replace-space-with-newline,ifs,FALSE,20,elitize_generation_data,172,59,0.552,NA
174,71,replace-space-with-newline,ifs,FALSE,20,elitize_generation_data,173,74,0.578,NA
175,71,replace-space-with-newline,ifs,FALSE,20,elitize_generation_data,174,61,0.58,NA
176,71,replace-space-with-newline,ifs,FALSE,20,elitize_generation_data,175,58,0.575,NA
177,71,replace-space-with-newline,ifs,FALSE,20,elitize_generation_data,176,70,0.593,NA
178,71,replace-space-with-newline,ifs,FALSE,20,elitize_generation_data,177,67,0.563,NA
179,71,replace-space-with-newline,ifs,FALSE,20,elitize_generation_data,178,59,0.56,NA
180,71,replace-space-with-newline,ifs,FALSE,20,elitize_generation_data,179,57,0.561,NA
181,71,replace-space-with-newline,ifs,FALSE,20,elitize_generation_data,180,54,0.564,NA
182,71,replace-space-with-newline,ifs,FALSE,20,elitize_generation_data,181,54,0.581,NA
183,71,replace-space-with-newline,ifs,FALSE,20,elitize_generation_data,182,57,0.575,NA
184,71,replace-space-with-newline,ifs,FALSE,20,elitize_generation_data,183,66,0.578,NA
185,71,replace-space-with-newline,ifs,FALSE,20,elitize_generation_data,184,63,0.587,NA
186,71,replace-space-with-newline,ifs,FALSE,20,elitize_generation_data,185,72,0.585,NA
187,71,replace-space-with-newline,ifs,FALSE,20,elitize_generation_data,186,60,0.576,NA
188,71,replace-space-with-newline,ifs,FALSE,20,elitize_generation_data,187,73,0.597,NA
189,71,replace-space-with-newline,ifs,FALSE,20,elitize_generation_data,188,74,0.584,NA
190,71,replace-space-with-newline,ifs,FALSE,20,elitize_generation_data,189,67,0.567,NA
191,71,replace-space-with-newline,ifs,FALSE,20,elitize_generation_data,190,52,0.56,NA
192,71,replace-space-with-newline,ifs,FALSE,20,elitize_generation_data,191,67,0.572,NA
193,71,replace-space-with-newline,ifs,FALSE,20,elitize_generation_data,192,59,0.55,NA
194,71,replace-space-with-newline,ifs,FALSE,20,elitize_generation_data,193,62,0.575,NA
195,71,replace-space-with-newline,ifs,FALSE,20,elitize_generation_data,194,62,0.567,NA
196,71,replace-space-with-newline,ifs,FALSE,20,elitize_generation_data,195,64,0.607,NA
197,71,replace-space-with-newline,ifs,FALSE,20,elitize_generation_data,196,69,0.596,NA
198,71,replace-space-with-newline,ifs,FALSE,20,elitize_generation_data,197,61,0.585,NA
199,71,replace-space-with-newline,ifs,FALSE,20,elitize_generation_data,198,65,0.58,NA
200,71,replace-space-with-newline,ifs,FALSE,20,elitize_generation_data,199,66,0.579,NA
201,71,replace-space-with-newline,ifs,FALSE,20,elitize_generation_data,200,63,0.569,NA
202,71,replace-space-with-newline,ifs,FALSE,20,elitize_generation_data,201,57,0.577,NA
203,71,replace-space-with-newline,ifs,FALSE,20,elitize_generation_data,202,52,0.556,NA
204,71,replace-space-with-newline,ifs,FALSE,20,elitize_generation_data,203,65,0.557,NA
205,71,replace-space-with-newline,ifs,FALSE,20,elitize_generation_data,204,54,0.564,NA
206,71,replace-space-with-newline,ifs,FALSE,20,elitize_generation_data,205,68,0.588,NA
207,71,replace-space-with-newline,ifs,FALSE,20,elitize_generation_data,206,63,0.592,NA
208,71,replace-space-with-newline,ifs,FALSE,20,elitize_generation_data,207,53,0.563,NA
209,71,replace-space-with-newline,ifs,FALSE,20,elitize_generation_data,208,72,0.597,NA
210,71,replace-space-with-newline,ifs,FALSE,20,elitize_generation_data,209,65,0.597,NA
211,71,replace-space-with-newline,ifs,FALSE,20,elitize_generation_data,210,61,0.594,NA
212,71,replace-space-with-newline,ifs,FALSE,20,elitize_generation_data,211,71,0.61,NA
213,71,replace-space-with-newline,ifs,FALSE,20,elitize_generation_data,212,52,0.577,NA
214,71,replace-space-with-newline,ifs,FALSE,20,elitize_generation_data,213,57,0.572,NA
215,71,replace-space-with-newline,ifs,FALSE,20,elitize_generation_data,214,58,0.593,NA
216,71,replace-space-with-newline,ifs,FALSE,20,elitize_generation_data,215,73,0.602,NA
217,71,replace-space-with-newline,ifs,FALSE,20,elitize_generation_data,216,61,0.588,NA
218,71,replace-space-with-newline,ifs,FALSE,20,elitize_generation_data,217,61,0.603,NA
219,71,replace-space-with-newline,ifs,FALSE,20,elitize_generation_data,218,72,0.579,NA
220,71,replace-space-with-newline,ifs,FALSE,20,elitize_generation_data,219,61,0.559,NA
221,71,replace-space-with-newline,ifs,FALSE,20,elitize_generation_data,220,58,0.557,NA
222,71,replace-space-with-newline,ifs,FALSE,20,elitize_generation_data,221,71,0.607,NA
223,71,replace-space-with-newline,ifs,FALSE,20,elitize_generation_data,222,62,0.575,NA
224,71,replace-space-with-newline,ifs,FALSE,20,elitize_generation_data,223,67,0.608,NA
225,71,replace-space-with-newline,ifs,FALSE,20,elitize_generation_data,224,52,0.583,NA
226,71,replace-space-with-newline,ifs,FALSE,20,elitize_generation_data,225,77,0.588,NA
227,71,replace-space-with-newline,ifs,FALSE,20,elitize_generation_data,226,57,0.602,NA
228,71,replace-space-with-newline,ifs,FALSE,20,elitize_generation_data,227,66,0.59,NA
229,71,replace-space-with-newline,ifs,FALSE,20,elitize_generation_data,228,71,0.576,NA
230,71,replace-space-with-newline,ifs,FALSE,20,elitize_generation_data,229,61,0.528,NA
231,71,replace-space-with-newline,ifs,FALSE,20,elitize_generation_data,230,65,0.566,NA
232,71,replace-space-with-newline,ifs,FALSE,20,elitize_generation_data,231,64,0.604,NA
233,71,replace-space-with-newline,ifs,FALSE,20,elitize_generation_data,232,61,0.593,NA
234,71,replace-space-with-newline,ifs,FALSE,20,elitize_generation_data,233,56,0.594,NA
235,71,replace-space-with-newline,ifs,FALSE,20,elitize_generation_data,234,68,0.585,NA
236,71,replace-space-with-newline,ifs,FALSE,20,elitize_generation_data,235,57,0.577,NA
237,71,replace-space-with-newline,ifs,FALSE,20,elitize_generation_data,236,64,0.586,NA
238,71,replace-space-with-newline,ifs,FALSE,20,elitize_generation_data,237,52,0.591,NA
239,71,replace-space-with-newline,ifs,FALSE,20,elitize_generation_data,238,64,0.548,NA
240,71,replace-space-with-newline,ifs,FALSE,20,elitize_generation_data,239,55,0.579,NA
241,71,replace-space-with-newline,ifs,FALSE,20,elitize_generation_data,240,57,0.578,NA
242,71,replace-space-with-newline,ifs,FALSE,20,elitize_generation_data,241,56,0.558,NA
243,71,replace-space-with-newline,ifs,FALSE,20,elitize_generation_data,242,66,0.573,NA
244,71,replace-space-with-newline,ifs,FALSE,20,elitize_generation_data,243,64,0.578,NA
245,71,replace-space-with-newline,ifs,FALSE,20,elitize_generation_data,244,68,0.566,NA
246,71,replace-space-with-newline,ifs,FALSE,20,elitize_generation_data,245,64,0.568,NA
247,71,replace-space-with-newline,ifs,FALSE,20,elitize_generation_data,246,71,0.573,NA
248,71,replace-space-with-newline,ifs,FALSE,20,elitize_generation_data,247,60,0.615,NA
249,71,replace-space-with-newline,ifs,FALSE,20,elitize_generation_data,248,60,0.63,NA
250,71,replace-space-with-newline,ifs,FALSE,20,elitize_generation_data,249,57,0.569,NA
251,71,replace-space-with-newline,ifs,FALSE,20,elitize_generation_data,250,55,0.562,NA
252,71,replace-space-with-newline,ifs,FALSE,20,elitize_generation_data,251,65,0.567,NA
253,71,replace-space-with-newline,ifs,FALSE,20,elitize_generation_data,252,55,0.577,NA
254,71,replace-space-with-newline,ifs,FALSE,20,elitize_generation_data,253,65,0.584,NA
255,71,replace-space-with-newline,ifs,FALSE,20,elitize_generation_data,254,57,0.587,NA
256,71,replace-space-with-newline,ifs,FALSE,20,elitize_generation_data,255,58,0.586,NA
257,71,replace-space-with-newline,ifs,FALSE,20,elitize_generation_data,256,70,0.582,NA
258,71,replace-space-with-newline,ifs,FALSE,20,elitize_generation_data,257,66,0.55,NA
259,71,replace-space-with-newline,ifs,FALSE,20,elitize_generation_data,258,62,0.552,NA
260,71,replace-space-with-newline,ifs,FALSE,20,elitize_generation_data,259,52,0.531,NA
261,71,replace-space-with-newline,ifs,FALSE,20,elitize_generation_data,260,58,0.575,NA
262,71,replace-space-with-newline,ifs,FALSE,20,elitize_generation_data,261,58,0.566,NA
263,71,replace-space-with-newline,ifs,FALSE,20,elitize_generation_data,262,62,0.591,NA
264,71,replace-space-with-newline,ifs,FALSE,20,elitize_generation_data,263,67,0.578,NA
265,71,replace-space-with-newline,ifs,FALSE,20,elitize_generation_data,264,57,0.585,NA
266,71,replace-space-with-newline,ifs,FALSE,20,elitize_generation_data,265,60,0.561,NA
267,71,replace-space-with-newline,ifs,FALSE,20,elitize_generation_data,266,63,0.55,NA
268,71,replace-space-with-newline,ifs,FALSE,20,elitize_generation_data,267,53,0.539,NA
269,71,replace-space-with-newline,ifs,FALSE,20,elitize_generation_data,268,65,0.542,NA
270,71,replace-space-with-newline,ifs,FALSE,20,elitize_generation_data,269,70,0.556,NA
271,71,replace-space-with-newline,ifs,FALSE,20,elitize_generation_data,270,70,0.574,NA
272,71,replace-space-with-newline,ifs,FALSE,20,elitize_generation_data,271,55,0.537,NA
273,71,replace-space-with-newline,ifs,FALSE,20,elitize_generation_data,272,57,0.574,NA
274,71,replace-space-with-newline,ifs,FALSE,20,elitize_generation_data,273,61,0.564,NA
275,71,replace-space-with-newline,ifs,FALSE,20,elitize_generation_data,274,65,0.571,NA
276,71,replace-space-with-newline,ifs,FALSE,20,elitize_generation_data,275,59,0.549,NA
277,71,replace-space-with-newline,ifs,FALSE,20,elitize_generation_data,276,59,0.581,NA
278,71,replace-space-with-newline,ifs,FALSE,20,elitize_generation_data,277,57,0.556,NA
279,71,replace-space-with-newline,ifs,FALSE,20,elitize_generation_data,278,68,0.55,NA
280,71,replace-space-with-newline,ifs,FALSE,20,elitize_generation_data,279,61,0.572,NA
281,71,replace-space-with-newline,ifs,FALSE,20,elitize_generation_data,280,61,0.549,NA
282,71,replace-space-with-newline,ifs,FALSE,20,elitize_generation_data,281,66,0.566,NA
283,71,replace-space-with-newline,ifs,FALSE,20,elitize_generation_data,282,69,0.557,NA
284,71,replace-space-with-newline,ifs,FALSE,20,elitize_generation_data,283,55,0.526,NA
285,71,replace-space-with-newline,ifs,FALSE,20,elitize_generation_data,284,68,0.55,NA
286,71,replace-space-with-newline,ifs,FALSE,20,elitize_generation_data,285,63,0.523,NA
287,71,replace-space-with-newline,ifs,FALSE,20,elitize_generation_data,286,56,0.55,NA
288,71,replace-space-with-newline,ifs,FALSE,20,elitize_generation_data,287,49,0.56,NA
289,71,replace-space-with-newline,ifs,FALSE,20,elitize_generation_data,288,54,0.553,NA
290,71,replace-space-with-newline,ifs,FALSE,20,elitize_generation_data,289,58,0.54,NA
291,71,replace-space-with-newline,ifs,FALSE,20,elitize_generation_data,290,69,0.572,NA
292,71,replace-space-with-newline,ifs,FALSE,20,elitize_generation_data,291,60,0.56,NA
293,71,replace-space-with-newline,ifs,FALSE,20,elitize_generation_data,292,63,0.558,NA
294,71,replace-space-with-newline,ifs,FALSE,20,elitize_generation_data,293,62,0.565,NA
295,71,replace-space-with-newline,ifs,FALSE,20,elitize_generation_data,294,61,0.565,NA
296,71,replace-space-with-newline,ifs,FALSE,20,elitize_generation_data,295,62,0.583,NA
297,71,replace-space-with-newline,ifs,FALSE,20,elitize_generation_data,296,55,0.581,NA
298,71,replace-space-with-newline,ifs,FALSE,20,elitize_generation_data,297,58,0.537,NA
299,71,replace-space-with-newline,ifs,FALSE,20,elitize_generation_data,298,55,0.577,NA
300,71,replace-space-with-newline,ifs,FALSE,20,elitize_generation_data,299,65,0.542,NA
301,71,replace-space-with-newline,ifs,FALSE,20,elitize_generation_data,300,66,0.563,NA
