,run.num,problem,treatment,succeeded,height,normalization.function,generation,cluster.count,error.diversity,success.generation
1,75,replace-space-with-newline,ifs,FALSE,20,elitize_generation_data,0,4,0.462,NA
2,75,replace-space-with-newline,ifs,FALSE,20,elitize_generation_data,1,4,0.354,NA
3,75,replace-space-with-newline,ifs,FALSE,20,elitize_generation_data,2,6,0.222,NA
4,75,replace-space-with-newline,ifs,FALSE,20,elitize_generation_data,3,7,0.221,NA
5,75,replace-space-with-newline,ifs,FALSE,20,elitize_generation_data,4,9,0.174,NA
6,75,replace-space-with-newline,ifs,FALSE,20,elitize_generation_data,5,10,0.193,NA
7,75,replace-space-with-newline,ifs,FALSE,20,elitize_generation_data,6,10,0.19,NA
8,75,replace-space-with-newline,ifs,FALSE,20,elitize_generation_data,7,7,0.101,NA
9,75,replace-space-with-newline,ifs,FALSE,20,elitize_generation_data,8,9,0.046,NA
10,75,replace-space-with-newline,ifs,FALSE,20,elitize_generation_data,9,8,0.037,NA
11,75,replace-space-with-newline,ifs,FALSE,20,elitize_generation_data,10,10,0.048,NA
12,75,replace-space-with-newline,ifs,FALSE,20,elitize_generation_data,11,13,0.069,NA
13,75,replace-space-with-newline,ifs,FALSE,20,elitize_generation_data,12,11,0.078,NA
14,75,replace-space-with-newline,ifs,FALSE,20,elitize_generation_data,13,12,0.114,NA
15,75,replace-space-with-newline,ifs,FALSE,20,elitize_generation_data,14,12,0.123,NA
16,75,replace-space-with-newline,ifs,FALSE,20,elitize_generation_data,15,13,0.125,NA
17,75,replace-space-with-newline,ifs,FALSE,20,elitize_generation_data,16,15,0.128,NA
18,75,replace-space-with-newline,ifs,FALSE,20,elitize_generation_data,17,12,0.132,NA
19,75,replace-space-with-newline,ifs,FALSE,20,elitize_generation_data,18,15,0.143,NA
20,75,replace-space-with-newline,ifs,FALSE,20,elitize_generation_data,19,14,0.193,NA
21,75,replace-space-with-newline,ifs,FALSE,20,elitize_generation_data,20,17,0.165,NA
22,75,replace-space-with-newline,ifs,FALSE,20,elitize_generation_data,21,13,0.147,NA
23,75,replace-space-with-newline,ifs,FALSE,20,elitize_generation_data,22,15,0.113,NA
24,75,replace-space-with-newline,ifs,FALSE,20,elitize_generation_data,23,16,0.145,NA
25,75,replace-space-with-newline,ifs,FALSE,20,elitize_generation_data,24,14,0.15,NA
26,75,replace-space-with-newline,ifs,FALSE,20,elitize_generation_data,25,12,0.121,NA
27,75,replace-space-with-newline,ifs,FALSE,20,elitize_generation_data,26,13,0.157,NA
28,75,replace-space-with-newline,ifs,FALSE,20,elitize_generation_data,27,17,0.179,NA
29,75,replace-space-with-newline,ifs,FALSE,20,elitize_generation_data,28,17,0.202,NA
30,75,replace-space-with-newline,ifs,FALSE,20,elitize_generation_data,29,18,0.171,NA
31,75,replace-space-with-newline,ifs,FALSE,20,elitize_generation_data,30,25,0.206,NA
32,75,replace-space-with-newline,ifs,FALSE,20,elitize_generation_data,31,18,0.182,NA
33,75,replace-space-with-newline,ifs,FALSE,20,elitize_generation_data,32,22,0.178,NA
34,75,replace-space-with-newline,ifs,FALSE,20,elitize_generation_data,33,20,0.184,NA
35,75,replace-space-with-newline,ifs,FALSE,20,elitize_generation_data,34,23,0.2,NA
36,75,replace-space-with-newline,ifs,FALSE,20,elitize_generation_data,35,23,0.183,NA
37,75,replace-space-with-newline,ifs,FALSE,20,elitize_generation_data,36,23,0.158,NA
38,75,replace-space-with-newline,ifs,FALSE,20,elitize_generation_data,37,19,0.179,NA
39,75,replace-space-with-newline,ifs,FALSE,20,elitize_generation_data,38,19,0.178,NA
40,75,replace-space-with-newline,ifs,FALSE,20,elitize_generation_data,39,19,0.185,NA
41,75,replace-space-with-newline,ifs,FALSE,20,elitize_generation_data,40,18,0.194,NA
42,75,replace-space-with-newline,ifs,FALSE,20,elitize_generation_data,41,22,0.178,NA
43,75,replace-space-with-newline,ifs,FALSE,20,elitize_generation_data,42,22,0.184,NA
44,75,replace-space-with-newline,ifs,FALSE,20,elitize_generation_data,43,24,0.177,NA
45,75,replace-space-with-newline,ifs,FALSE,20,elitize_generation_data,44,18,0.183,NA
46,75,replace-space-with-newline,ifs,FALSE,20,elitize_generation_data,45,20,0.176,NA
47,75,replace-space-with-newline,ifs,FALSE,20,elitize_generation_data,46,25,0.199,NA
48,75,replace-space-with-newline,ifs,FALSE,20,elitize_generation_data,47,24,0.184,NA
49,75,replace-space-with-newline,ifs,FALSE,20,elitize_generation_data,48,24,0.215,NA
50,75,replace-space-with-newline,ifs,FALSE,20,elitize_generation_data,49,17,0.188,NA
51,75,replace-space-with-newline,ifs,FALSE,20,elitize_generation_data,50,21,0.175,NA
52,75,replace-space-with-newline,ifs,FALSE,20,elitize_generation_data,51,28,0.215,NA
53,75,replace-space-with-newline,ifs,FALSE,20,elitize_generation_data,52,22,0.205,NA
54,75,replace-space-with-newline,ifs,FALSE,20,elitize_generation_data,53,28,0.216,NA
55,75,replace-space-with-newline,ifs,FALSE,20,elitize_generation_data,54,21,0.221,NA
56,75,replace-space-with-newline,ifs,FALSE,20,elitize_generation_data,55,22,0.232,NA
57,75,replace-space-with-newline,ifs,FALSE,20,elitize_generation_data,56,22,0.242,NA
58,75,replace-space-with-newline,ifs,FALSE,20,elitize_generation_data,57,22,0.288,NA
59,75,replace-space-with-newline,ifs,FALSE,20,elitize_generation_data,58,27,0.327,NA
60,75,replace-space-with-newline,ifs,FALSE,20,elitize_generation_data,59,27,0.308,NA
61,75,replace-space-with-newline,ifs,FALSE,20,elitize_generation_data,60,32,0.358,NA
62,75,replace-space-with-newline,ifs,FALSE,20,elitize_generation_data,61,28,0.331,NA
63,75,replace-space-with-newline,ifs,FALSE,20,elitize_generation_data,62,28,0.363,NA
64,75,replace-space-with-newline,ifs,FALSE,20,elitize_generation_data,63,34,0.354,NA
65,75,replace-space-with-newline,ifs,FALSE,20,elitize_generation_data,64,32,0.313,NA
66,75,replace-space-with-newline,ifs,FALSE,20,elitize_generation_data,65,31,0.263,NA
67,75,replace-space-with-newline,ifs,FALSE,20,elitize_generation_data,66,28,0.251,NA
68,75,replace-space-with-newline,ifs,FALSE,20,elitize_generation_data,67,30,0.283,NA
69,75,replace-space-with-newline,ifs,FALSE,20,elitize_generation_data,68,32,0.246,NA
70,75,replace-space-with-newline,ifs,FALSE,20,elitize_generation_data,69,34,0.292,NA
71,75,replace-space-with-newline,ifs,FALSE,20,elitize_generation_data,70,27,0.301,NA
72,75,replace-space-with-newline,ifs,FALSE,20,elitize_generation_data,71,29,0.302,NA
73,75,replace-space-with-newline,ifs,FALSE,20,elitize_generation_data,72,30,0.292,NA
74,75,replace-space-with-newline,ifs,FALSE,20,elitize_generation_data,73,33,0.353,NA
75,75,replace-space-with-newline,ifs,FALSE,20,elitize_generation_data,74,33,0.352,NA
76,75,replace-space-with-newline,ifs,FALSE,20,elitize_generation_data,75,38,0.316,NA
77,75,replace-space-with-newline,ifs,FALSE,20,elitize_generation_data,76,37,0.322,NA
78,75,replace-space-with-newline,ifs,FALSE,20,elitize_generation_data,77,33,0.338,NA
79,75,replace-space-with-newline,ifs,FALSE,20,elitize_generation_data,78,33,0.346,NA
80,75,replace-space-with-newline,ifs,FALSE,20,elitize_generation_data,79,37,0.375,NA
81,75,replace-space-with-newline,ifs,FALSE,20,elitize_generation_data,80,38,0.383,NA
82,75,replace-space-with-newline,ifs,FALSE,20,elitize_generation_data,81,46,0.374,NA
83,75,replace-space-with-newline,ifs,FALSE,20,elitize_generation_data,82,51,0.383,NA
84,75,replace-space-with-newline,ifs,FALSE,20,elitize_generation_data,83,41,0.374,NA
85,75,replace-space-with-newline,ifs,FALSE,20,elitize_generation_data,84,47,0.362,NA
86,75,replace-space-with-newline,ifs,FALSE,20,elitize_generation_data,85,41,0.344,NA
87,75,replace-space-with-newline,ifs,FALSE,20,elitize_generation_data,86,48,0.368,NA
88,75,replace-space-with-newline,ifs,FALSE,20,elitize_generation_data,87,50,0.401,NA
89,75,replace-space-with-newline,ifs,FALSE,20,elitize_generation_data,88,43,0.436,NA
90,75,replace-space-with-newline,ifs,FALSE,20,elitize_generation_data,89,40,0.417,NA
91,75,replace-space-with-newline,ifs,FALSE,20,elitize_generation_data,90,38,0.406,NA
92,75,replace-space-with-newline,ifs,FALSE,20,elitize_generation_data,91,43,0.434,NA
93,75,replace-space-with-newline,ifs,FALSE,20,elitize_generation_data,92,42,0.442,NA
94,75,replace-space-with-newline,ifs,FALSE,20,elitize_generation_data,93,48,0.44,NA
95,75,replace-space-with-newline,ifs,FALSE,20,elitize_generation_data,94,49,0.474,NA
96,75,replace-space-with-newline,ifs,FALSE,20,elitize_generation_data,95,48,0.447,NA
97,75,replace-space-with-newline,ifs,FALSE,20,elitize_generation_data,96,41,0.429,NA
98,75,replace-space-with-newline,ifs,FALSE,20,elitize_generation_data,97,50,0.387,NA
99,75,replace-space-with-newline,ifs,FALSE,20,elitize_generation_data,98,41,0.403,NA
100,75,replace-space-with-newline,ifs,FALSE,20,elitize_generation_data,99,34,0.394,NA
101,75,replace-space-with-newline,ifs,FALSE,20,elitize_generation_data,100,42,0.411,NA
102,75,replace-space-with-newline,ifs,FALSE,20,elitize_generation_data,101,45,0.398,NA
103,75,replace-space-with-newline,ifs,FALSE,20,elitize_generation_data,102,47,0.411,NA
104,75,replace-space-with-newline,ifs,FALSE,20,elitize_generation_data,103,52,0.405,NA
105,75,replace-space-with-newline,ifs,FALSE,20,elitize_generation_data,104,40,0.394,NA
106,75,replace-space-with-newline,ifs,FALSE,20,elitize_generation_data,105,50,0.401,NA
107,75,replace-space-with-newline,ifs,FALSE,20,elitize_generation_data,106,53,0.394,NA
108,75,replace-space-with-newline,ifs,FALSE,20,elitize_generation_data,107,49,0.42,NA
109,75,replace-space-with-newline,ifs,FALSE,20,elitize_generation_data,108,51,0.402,NA
110,75,replace-space-with-newline,ifs,FALSE,20,elitize_generation_data,109,48,0.425,NA
111,75,replace-space-with-newline,ifs,FALSE,20,elitize_generation_data,110,47,0.402,NA
112,75,replace-space-with-newline,ifs,FALSE,20,elitize_generation_data,111,54,0.426,NA
113,75,replace-space-with-newline,ifs,FALSE,20,elitize_generation_data,112,39,0.404,NA
114,75,replace-space-with-newline,ifs,FALSE,20,elitize_generation_data,113,45,0.386,NA
115,75,replace-space-with-newline,ifs,FALSE,20,elitize_generation_data,114,41,0.42,NA
116,75,replace-space-with-newline,ifs,FALSE,20,elitize_generation_data,115,46,0.399,NA
117,75,replace-space-with-newline,ifs,FALSE,20,elitize_generation_data,116,46,0.378,NA
118,75,replace-space-with-newline,ifs,FALSE,20,elitize_generation_data,117,49,0.399,NA
119,75,replace-space-with-newline,ifs,FALSE,20,elitize_generation_data,118,49,0.417,NA
120,75,replace-space-with-newline,ifs,FALSE,20,elitize_generation_data,119,49,0.436,NA
121,75,replace-space-with-newline,ifs,FALSE,20,elitize_generation_data,120,38,0.414,NA
122,75,replace-space-with-newline,ifs,FALSE,20,elitize_generation_data,121,50,0.453,NA
123,75,replace-space-with-newline,ifs,FALSE,20,elitize_generation_data,122,41,0.421,NA
124,75,replace-space-with-newline,ifs,FALSE,20,elitize_generation_data,123,51,0.438,NA
125,75,replace-space-with-newline,ifs,FALSE,20,elitize_generation_data,124,38,0.403,NA
126,75,replace-space-with-newline,ifs,FALSE,20,elitize_generation_data,125,36,0.419,NA
127,75,replace-space-with-newline,ifs,FALSE,20,elitize_generation_data,126,45,0.425,NA
128,75,replace-space-with-newline,ifs,FALSE,20,elitize_generation_data,127,39,0.409,NA
129,75,replace-space-with-newline,ifs,FALSE,20,elitize_generation_data,128,36,0.397,NA
130,75,replace-space-with-newline,ifs,FALSE,20,elitize_generation_data,129,47,0.424,NA
131,75,replace-space-with-newline,ifs,FALSE,20,elitize_generation_data,130,45,0.428,NA
132,75,replace-space-with-newline,ifs,FALSE,20,elitize_generation_data,131,42,0.456,NA
133,75,replace-space-with-newline,ifs,FALSE,20,elitize_generation_data,132,45,0.436,NA
134,75,replace-space-with-newline,ifs,FALSE,20,elitize_generation_data,133,40,0.421,NA
135,75,replace-space-with-newline,ifs,FALSE,20,elitize_generation_data,134,38,0.41,NA
136,75,replace-space-with-newline,ifs,FALSE,20,elitize_generation_data,135,45,0.426,NA
137,75,replace-space-with-newline,ifs,FALSE,20,elitize_generation_data,136,40,0.419,NA
138,75,replace-space-with-newline,ifs,FALSE,20,elitize_generation_data,137,36,0.412,NA
139,75,replace-space-with-newline,ifs,FALSE,20,elitize_generation_data,138,59,0.402,NA
140,75,replace-space-with-newline,ifs,FALSE,20,elitize_generation_data,139,44,0.421,NA
141,75,replace-space-with-newline,ifs,FALSE,20,elitize_generation_data,140,46,0.409,NA
142,75,replace-space-with-newline,ifs,FALSE,20,elitize_generation_data,141,47,0.419,NA
143,75,replace-space-with-newline,ifs,FALSE,20,elitize_generation_data,142,45,0.416,NA
144,75,replace-space-with-newline,ifs,FALSE,20,elitize_generation_data,143,44,0.419,NA
145,75,replace-space-with-newline,ifs,FALSE,20,elitize_generation_data,144,41,0.431,NA
146,75,replace-space-with-newline,ifs,FALSE,20,elitize_generation_data,145,41,0.398,NA
147,75,replace-space-with-newline,ifs,FALSE,20,elitize_generation_data,146,49,0.445,NA
148,75,replace-space-with-newline,ifs,FALSE,20,elitize_generation_data,147,42,0.41,NA
149,75,replace-space-with-newline,ifs,FALSE,20,elitize_generation_data,148,42,0.427,NA
150,75,replace-space-with-newline,ifs,FALSE,20,elitize_generation_data,149,41,0.402,NA
151,75,replace-space-with-newline,ifs,FALSE,20,elitize_generation_data,150,40,0.399,NA
152,75,replace-space-with-newline,ifs,FALSE,20,elitize_generation_data,151,43,0.41,NA
153,75,replace-space-with-newline,ifs,FALSE,20,elitize_generation_data,152,43,0.408,NA
154,75,replace-space-with-newline,ifs,FALSE,20,elitize_generation_data,153,46,0.411,NA
155,75,replace-space-with-newline,ifs,FALSE,20,elitize_generation_data,154,41,0.392,NA
156,75,replace-space-with-newline,ifs,FALSE,20,elitize_generation_data,155,42,0.39,NA
157,75,replace-space-with-newline,ifs,FALSE,20,elitize_generation_data,156,50,0.407,NA
158,75,replace-space-with-newline,ifs,FALSE,20,elitize_generation_data,157,42,0.389,NA
159,75,replace-space-with-newline,ifs,FALSE,20,elitize_generation_data,158,49,0.387,NA
160,75,replace-space-with-newline,ifs,FALSE,20,elitize_generation_data,159,49,0.41,NA
161,75,replace-space-with-newline,ifs,FALSE,20,elitize_generation_data,160,48,0.411,NA
162,75,replace-space-with-newline,ifs,FALSE,20,elitize_generation_data,161,42,0.425,NA
163,75,replace-space-with-newline,ifs,FALSE,20,elitize_generation_data,162,43,0.396,NA
164,75,replace-space-with-newline,ifs,FALSE,20,elitize_generation_data,163,49,0.414,NA
165,75,replace-space-with-newline,ifs,FALSE,20,elitize_generation_data,164,50,0.415,NA
166,75,replace-space-with-newline,ifs,FALSE,20,elitize_generation_data,165,55,0.41,NA
167,75,replace-space-with-newline,ifs,FALSE,20,elitize_generation_data,166,44,0.415,NA
168,75,replace-space-with-newline,ifs,FALSE,20,elitize_generation_data,167,33,0.403,NA
169,75,replace-space-with-newline,ifs,FALSE,20,elitize_generation_data,168,44,0.394,NA
170,75,replace-space-with-newline,ifs,FALSE,20,elitize_generation_data,169,51,0.385,NA
171,75,replace-space-with-newline,ifs,FALSE,20,elitize_generation_data,170,45,0.397,NA
172,75,replace-space-with-newline,ifs,FALSE,20,elitize_generation_data,171,47,0.425,NA
173,75,replace-space-with-newline,ifs,FALSE,20,elitize_generation_data,172,58,0.397,NA
174,75,replace-space-with-newline,ifs,FALSE,20,elitize_generation_data,173,59,0.411,NA
175,75,replace-space-with-newline,ifs,FALSE,20,elitize_generation_data,174,61,0.437,NA
176,75,replace-space-with-newline,ifs,FALSE,20,elitize_generation_data,175,51,0.421,NA
177,75,replace-space-with-newline,ifs,FALSE,20,elitize_generation_data,176,57,0.416,NA
178,75,replace-space-with-newline,ifs,FALSE,20,elitize_generation_data,177,49,0.402,NA
179,75,replace-space-with-newline,ifs,FALSE,20,elitize_generation_data,178,57,0.42,NA
180,75,replace-space-with-newline,ifs,FALSE,20,elitize_generation_data,179,52,0.453,NA
181,75,replace-space-with-newline,ifs,FALSE,20,elitize_generation_data,180,56,0.483,NA
182,75,replace-space-with-newline,ifs,FALSE,20,elitize_generation_data,181,61,0.515,NA
183,75,replace-space-with-newline,ifs,FALSE,20,elitize_generation_data,182,58,0.518,NA
184,75,replace-space-with-newline,ifs,FALSE,20,elitize_generation_data,183,60,0.551,NA
185,75,replace-space-with-newline,ifs,FALSE,20,elitize_generation_data,184,68,0.567,NA
186,75,replace-space-with-newline,ifs,FALSE,20,elitize_generation_data,185,66,0.579,NA
187,75,replace-space-with-newline,ifs,FALSE,20,elitize_generation_data,186,64,0.578,NA
188,75,replace-space-with-newline,ifs,FALSE,20,elitize_generation_data,187,64,0.565,NA
189,75,replace-space-with-newline,ifs,FALSE,20,elitize_generation_data,188,50,0.563,NA
190,75,replace-space-with-newline,ifs,FALSE,20,elitize_generation_data,189,64,0.569,NA
191,75,replace-space-with-newline,ifs,FALSE,20,elitize_generation_data,190,72,0.551,NA
192,75,replace-space-with-newline,ifs,FALSE,20,elitize_generation_data,191,70,0.584,NA
193,75,replace-space-with-newline,ifs,FALSE,20,elitize_generation_data,192,64,0.622,NA
194,75,replace-space-with-newline,ifs,FALSE,20,elitize_generation_data,193,76,0.625,NA
195,75,replace-space-with-newline,ifs,FALSE,20,elitize_generation_data,194,63,0.592,NA
196,75,replace-space-with-newline,ifs,FALSE,20,elitize_generation_data,195,64,0.598,NA
197,75,replace-space-with-newline,ifs,FALSE,20,elitize_generation_data,196,52,0.628,NA
198,75,replace-space-with-newline,ifs,FALSE,20,elitize_generation_data,197,67,0.638,NA
199,75,replace-space-with-newline,ifs,FALSE,20,elitize_generation_data,198,61,0.631,NA
200,75,replace-space-with-newline,ifs,FALSE,20,elitize_generation_data,199,66,0.623,NA
201,75,replace-space-with-newline,ifs,FALSE,20,elitize_generation_data,200,67,0.646,NA
202,75,replace-space-with-newline,ifs,FALSE,20,elitize_generation_data,201,76,0.618,NA
203,75,replace-space-with-newline,ifs,FALSE,20,elitize_generation_data,202,63,0.603,NA
204,75,replace-space-with-newline,ifs,FALSE,20,elitize_generation_data,203,67,0.617,NA
205,75,replace-space-with-newline,ifs,FALSE,20,elitize_generation_data,204,71,0.621,NA
206,75,replace-space-with-newline,ifs,FALSE,20,elitize_generation_data,205,71,0.645,NA
207,75,replace-space-with-newline,ifs,FALSE,20,elitize_generation_data,206,67,0.632,NA
208,75,replace-space-with-newline,ifs,FALSE,20,elitize_generation_data,207,67,0.638,NA
209,75,replace-space-with-newline,ifs,FALSE,20,elitize_generation_data,208,81,0.647,NA
210,75,replace-space-with-newline,ifs,FALSE,20,elitize_generation_data,209,85,0.646,NA
211,75,replace-space-with-newline,ifs,FALSE,20,elitize_generation_data,210,65,0.636,NA
212,75,replace-space-with-newline,ifs,FALSE,20,elitize_generation_data,211,78,0.612,NA
213,75,replace-space-with-newline,ifs,FALSE,20,elitize_generation_data,212,73,0.635,NA
214,75,replace-space-with-newline,ifs,FALSE,20,elitize_generation_data,213,82,0.646,NA
215,75,replace-space-with-newline,ifs,FALSE,20,elitize_generation_data,214,81,0.633,NA
216,75,replace-space-with-newline,ifs,FALSE,20,elitize_generation_data,215,79,0.634,NA
217,75,replace-space-with-newline,ifs,FALSE,20,elitize_generation_data,216,66,0.646,NA
218,75,replace-space-with-newline,ifs,FALSE,20,elitize_generation_data,217,82,0.617,NA
219,75,replace-space-with-newline,ifs,FALSE,20,elitize_generation_data,218,85,0.637,NA
220,75,replace-space-with-newline,ifs,FALSE,20,elitize_generation_data,219,71,0.624,NA
221,75,replace-space-with-newline,ifs,FALSE,20,elitize_generation_data,220,68,0.613,NA
222,75,replace-space-with-newline,ifs,FALSE,20,elitize_generation_data,221,58,0.62,NA
223,75,replace-space-with-newline,ifs,FALSE,20,elitize_generation_data,222,77,0.636,NA
224,75,replace-space-with-newline,ifs,FALSE,20,elitize_generation_data,223,78,0.615,NA
225,75,replace-space-with-newline,ifs,FALSE,20,elitize_generation_data,224,80,0.629,NA
226,75,replace-space-with-newline,ifs,FALSE,20,elitize_generation_data,225,81,0.647,NA
227,75,replace-space-with-newline,ifs,FALSE,20,elitize_generation_data,226,70,0.637,NA
228,75,replace-space-with-newline,ifs,FALSE,20,elitize_generation_data,227,72,0.628,NA
229,75,replace-space-with-newline,ifs,FALSE,20,elitize_generation_data,228,85,0.632,NA
230,75,replace-space-with-newline,ifs,FALSE,20,elitize_generation_data,229,70,0.622,NA
231,75,replace-space-with-newline,ifs,FALSE,20,elitize_generation_data,230,85,0.637,NA
232,75,replace-space-with-newline,ifs,FALSE,20,elitize_generation_data,231,76,0.655,NA
233,75,replace-space-with-newline,ifs,FALSE,20,elitize_generation_data,232,99,0.656,NA
234,75,replace-space-with-newline,ifs,FALSE,20,elitize_generation_data,233,82,0.621,NA
235,75,replace-space-with-newline,ifs,FALSE,20,elitize_generation_data,234,73,0.628,NA
236,75,replace-space-with-newline,ifs,FALSE,20,elitize_generation_data,235,83,0.609,NA
237,75,replace-space-with-newline,ifs,FALSE,20,elitize_generation_data,236,79,0.641,NA
238,75,replace-space-with-newline,ifs,FALSE,20,elitize_generation_data,237,91,0.657,NA
239,75,replace-space-with-newline,ifs,FALSE,20,elitize_generation_data,238,81,0.641,NA
240,75,replace-space-with-newline,ifs,FALSE,20,elitize_generation_data,239,82,0.627,NA
241,75,replace-space-with-newline,ifs,FALSE,20,elitize_generation_data,240,75,0.624,NA
242,75,replace-space-with-newline,ifs,FALSE,20,elitize_generation_data,241,81,0.629,NA
243,75,replace-space-with-newline,ifs,FALSE,20,elitize_generation_data,242,86,0.633,NA
244,75,replace-space-with-newline,ifs,FALSE,20,elitize_generation_data,243,84,0.654,NA
245,75,replace-space-with-newline,ifs,FALSE,20,elitize_generation_data,244,96,0.622,NA
246,75,replace-space-with-newline,ifs,FALSE,20,elitize_generation_data,245,70,0.629,NA
247,75,replace-space-with-newline,ifs,FALSE,20,elitize_generation_data,246,87,0.65,NA
248,75,replace-space-with-newline,ifs,FALSE,20,elitize_generation_data,247,68,0.627,NA
249,75,replace-space-with-newline,ifs,FALSE,20,elitize_generation_data,248,70,0.625,NA
250,75,replace-space-with-newline,ifs,FALSE,20,elitize_generation_data,249,82,0.617,NA
251,75,replace-space-with-newline,ifs,FALSE,20,elitize_generation_data,250,82,0.646,NA
252,75,replace-space-with-newline,ifs,FALSE,20,elitize_generation_data,251,77,0.634,NA
253,75,replace-space-with-newline,ifs,FALSE,20,elitize_generation_data,252,83,0.628,NA
254,75,replace-space-with-newline,ifs,FALSE,20,elitize_generation_data,253,88,0.639,NA
255,75,replace-space-with-newline,ifs,FALSE,20,elitize_generation_data,254,77,0.636,NA
256,75,replace-space-with-newline,ifs,FALSE,20,elitize_generation_data,255,71,0.597,NA
257,75,replace-space-with-newline,ifs,FALSE,20,elitize_generation_data,256,84,0.625,NA
258,75,replace-space-with-newline,ifs,FALSE,20,elitize_generation_data,257,79,0.624,NA
259,75,replace-space-with-newline,ifs,FALSE,20,elitize_generation_data,258,74,0.631,NA
260,75,replace-space-with-newline,ifs,FALSE,20,elitize_generation_data,259,74,0.625,NA
261,75,replace-space-with-newline,ifs,FALSE,20,elitize_generation_data,260,67,0.62,NA
262,75,replace-space-with-newline,ifs,FALSE,20,elitize_generation_data,261,79,0.632,NA
263,75,replace-space-with-newline,ifs,FALSE,20,elitize_generation_data,262,75,0.609,NA
264,75,replace-space-with-newline,ifs,FALSE,20,elitize_generation_data,263,67,0.625,NA
265,75,replace-space-with-newline,ifs,FALSE,20,elitize_generation_data,264,77,0.612,NA
266,75,replace-space-with-newline,ifs,FALSE,20,elitize_generation_data,265,70,0.624,NA
267,75,replace-space-with-newline,ifs,FALSE,20,elitize_generation_data,266,73,0.624,NA
268,75,replace-space-with-newline,ifs,FALSE,20,elitize_generation_data,267,87,0.631,NA
269,75,replace-space-with-newline,ifs,FALSE,20,elitize_generation_data,268,85,0.625,NA
270,75,replace-space-with-newline,ifs,FALSE,20,elitize_generation_data,269,80,0.637,NA
271,75,replace-space-with-newline,ifs,FALSE,20,elitize_generation_data,270,88,0.664,NA
272,75,replace-space-with-newline,ifs,FALSE,20,elitize_generation_data,271,84,0.634,NA
273,75,replace-space-with-newline,ifs,FALSE,20,elitize_generation_data,272,75,0.622,NA
274,75,replace-space-with-newline,ifs,FALSE,20,elitize_generation_data,273,75,0.586,NA
275,75,replace-space-with-newline,ifs,FALSE,20,elitize_generation_data,274,67,0.588,NA
276,75,replace-space-with-newline,ifs,FALSE,20,elitize_generation_data,275,70,0.608,NA
277,75,replace-space-with-newline,ifs,FALSE,20,elitize_generation_data,276,73,0.595,NA
278,75,replace-space-with-newline,ifs,FALSE,20,elitize_generation_data,277,67,0.629,NA
279,75,replace-space-with-newline,ifs,FALSE,20,elitize_generation_data,278,65,0.593,NA
280,75,replace-space-with-newline,ifs,FALSE,20,elitize_generation_data,279,67,0.59,NA
281,75,replace-space-with-newline,ifs,FALSE,20,elitize_generation_data,280,68,0.594,NA
282,75,replace-space-with-newline,ifs,FALSE,20,elitize_generation_data,281,75,0.592,NA
283,75,replace-space-with-newline,ifs,FALSE,20,elitize_generation_data,282,76,0.596,NA
284,75,replace-space-with-newline,ifs,FALSE,20,elitize_generation_data,283,77,0.601,NA
285,75,replace-space-with-newline,ifs,FALSE,20,elitize_generation_data,284,73,0.595,NA
286,75,replace-space-with-newline,ifs,FALSE,20,elitize_generation_data,285,67,0.571,NA
287,75,replace-space-with-newline,ifs,FALSE,20,elitize_generation_data,286,68,0.587,NA
288,75,replace-space-with-newline,ifs,FALSE,20,elitize_generation_data,287,74,0.613,NA
289,75,replace-space-with-newline,ifs,FALSE,20,elitize_generation_data,288,67,0.616,NA
290,75,replace-space-with-newline,ifs,FALSE,20,elitize_generation_data,289,90,0.646,NA
291,75,replace-space-with-newline,ifs,FALSE,20,elitize_generation_data,290,78,0.633,NA
292,75,replace-space-with-newline,ifs,FALSE,20,elitize_generation_data,291,65,0.604,NA
293,75,replace-space-with-newline,ifs,FALSE,20,elitize_generation_data,292,78,0.627,NA
294,75,replace-space-with-newline,ifs,FALSE,20,elitize_generation_data,293,81,0.633,NA
295,75,replace-space-with-newline,ifs,FALSE,20,elitize_generation_data,294,74,0.61,NA
296,75,replace-space-with-newline,ifs,FALSE,20,elitize_generation_data,295,83,0.611,NA
297,75,replace-space-with-newline,ifs,FALSE,20,elitize_generation_data,296,80,0.643,NA
298,75,replace-space-with-newline,ifs,FALSE,20,elitize_generation_data,297,73,0.677,NA
299,75,replace-space-with-newline,ifs,FALSE,20,elitize_generation_data,298,80,0.668,NA
300,75,replace-space-with-newline,ifs,FALSE,20,elitize_generation_data,299,70,0.653,NA
301,75,replace-space-with-newline,ifs,FALSE,20,elitize_generation_data,300,78,0.673,NA
