,run.num,problem,treatment,succeeded,height,normalization.function,generation,cluster.count,error.diversity,success.generation
1,64,replace-space-with-newline,ifs,FALSE,20,elitize_generation_data,0,3,0.512,NA
2,64,replace-space-with-newline,ifs,FALSE,20,elitize_generation_data,1,6,0.343,NA
3,64,replace-space-with-newline,ifs,FALSE,20,elitize_generation_data,2,7,0.266,NA
4,64,replace-space-with-newline,ifs,FALSE,20,elitize_generation_data,3,8,0.206,NA
5,64,replace-space-with-newline,ifs,FALSE,20,elitize_generation_data,4,8,0.102,NA
6,64,replace-space-with-newline,ifs,FALSE,20,elitize_generation_data,5,12,0.056,NA
7,64,replace-space-with-newline,ifs,FALSE,20,elitize_generation_data,6,12,0.069,NA
8,64,replace-space-with-newline,ifs,FALSE,20,elitize_generation_data,7,10,0.091,NA
9,64,replace-space-with-newline,ifs,FALSE,20,elitize_generation_data,8,13,0.099,NA
10,64,replace-space-with-newline,ifs,FALSE,20,elitize_generation_data,9,16,0.104,NA
11,64,replace-space-with-newline,ifs,FALSE,20,elitize_generation_data,10,13,0.103,NA
12,64,replace-space-with-newline,ifs,FALSE,20,elitize_generation_data,11,15,0.115,NA
13,64,replace-space-with-newline,ifs,FALSE,20,elitize_generation_data,12,14,0.107,NA
14,64,replace-space-with-newline,ifs,FALSE,20,elitize_generation_data,13,14,0.113,NA
15,64,replace-space-with-newline,ifs,FALSE,20,elitize_generation_data,14,13,0.131,NA
16,64,replace-space-with-newline,ifs,FALSE,20,elitize_generation_data,15,20,0.147,NA
17,64,replace-space-with-newline,ifs,FALSE,20,elitize_generation_data,16,17,0.132,NA
18,64,replace-space-with-newline,ifs,FALSE,20,elitize_generation_data,17,16,0.152,NA
19,64,replace-space-with-newline,ifs,FALSE,20,elitize_generation_data,18,17,0.141,NA
20,64,replace-space-with-newline,ifs,FALSE,20,elitize_generation_data,19,18,0.162,NA
21,64,replace-space-with-newline,ifs,FALSE,20,elitize_generation_data,20,21,0.181,NA
22,64,replace-space-with-newline,ifs,FALSE,20,elitize_generation_data,21,19,0.168,NA
23,64,replace-space-with-newline,ifs,FALSE,20,elitize_generation_data,22,15,0.154,NA
24,64,replace-space-with-newline,ifs,FALSE,20,elitize_generation_data,23,21,0.159,NA
25,64,replace-space-with-newline,ifs,FALSE,20,elitize_generation_data,24,14,0.143,NA
26,64,replace-space-with-newline,ifs,FALSE,20,elitize_generation_data,25,15,0.162,NA
27,64,replace-space-with-newline,ifs,FALSE,20,elitize_generation_data,26,19,0.177,NA
28,64,replace-space-with-newline,ifs,FALSE,20,elitize_generation_data,27,12,0.167,NA
29,64,replace-space-with-newline,ifs,FALSE,20,elitize_generation_data,28,16,0.149,NA
30,64,replace-space-with-newline,ifs,FALSE,20,elitize_generation_data,29,13,0.164,NA
31,64,replace-space-with-newline,ifs,FALSE,20,elitize_generation_data,30,14,0.173,NA
32,64,replace-space-with-newline,ifs,FALSE,20,elitize_generation_data,31,17,0.182,NA
33,64,replace-space-with-newline,ifs,FALSE,20,elitize_generation_data,32,16,0.163,NA
34,64,replace-space-with-newline,ifs,FALSE,20,elitize_generation_data,33,16,0.153,NA
35,64,replace-space-with-newline,ifs,FALSE,20,elitize_generation_data,34,15,0.158,NA
36,64,replace-space-with-newline,ifs,FALSE,20,elitize_generation_data,35,19,0.147,NA
37,64,replace-space-with-newline,ifs,FALSE,20,elitize_generation_data,36,13,0.143,NA
38,64,replace-space-with-newline,ifs,FALSE,20,elitize_generation_data,37,17,0.178,NA
39,64,replace-space-with-newline,ifs,FALSE,20,elitize_generation_data,38,21,0.181,NA
40,64,replace-space-with-newline,ifs,FALSE,20,elitize_generation_data,39,18,0.187,NA
41,64,replace-space-with-newline,ifs,FALSE,20,elitize_generation_data,40,15,0.205,NA
42,64,replace-space-with-newline,ifs,FALSE,20,elitize_generation_data,41,16,0.2,NA
43,64,replace-space-with-newline,ifs,FALSE,20,elitize_generation_data,42,16,0.155,NA
44,64,replace-space-with-newline,ifs,FALSE,20,elitize_generation_data,43,14,0.14,NA
45,64,replace-space-with-newline,ifs,FALSE,20,elitize_generation_data,44,15,0.144,NA
46,64,replace-space-with-newline,ifs,FALSE,20,elitize_generation_data,45,17,0.134,NA
47,64,replace-space-with-newline,ifs,FALSE,20,elitize_generation_data,46,16,0.14,NA
48,64,replace-space-with-newline,ifs,FALSE,20,elitize_generation_data,47,14,0.132,NA
49,64,replace-space-with-newline,ifs,FALSE,20,elitize_generation_data,48,16,0.149,NA
50,64,replace-space-with-newline,ifs,FALSE,20,elitize_generation_data,49,17,0.137,NA
51,64,replace-space-with-newline,ifs,FALSE,20,elitize_generation_data,50,17,0.139,NA
52,64,replace-space-with-newline,ifs,FALSE,20,elitize_generation_data,51,17,0.164,NA
53,64,replace-space-with-newline,ifs,FALSE,20,elitize_generation_data,52,17,0.142,NA
54,64,replace-space-with-newline,ifs,FALSE,20,elitize_generation_data,53,18,0.141,NA
55,64,replace-space-with-newline,ifs,FALSE,20,elitize_generation_data,54,15,0.142,NA
56,64,replace-space-with-newline,ifs,FALSE,20,elitize_generation_data,55,15,0.145,NA
57,64,replace-space-with-newline,ifs,FALSE,20,elitize_generation_data,56,17,0.143,NA
58,64,replace-space-with-newline,ifs,FALSE,20,elitize_generation_data,57,17,0.149,NA
59,64,replace-space-with-newline,ifs,FALSE,20,elitize_generation_data,58,14,0.158,NA
60,64,replace-space-with-newline,ifs,FALSE,20,elitize_generation_data,59,17,0.163,NA
61,64,replace-space-with-newline,ifs,FALSE,20,elitize_generation_data,60,17,0.157,NA
62,64,replace-space-with-newline,ifs,FALSE,20,elitize_generation_data,61,13,0.149,NA
63,64,replace-space-with-newline,ifs,FALSE,20,elitize_generation_data,62,18,0.147,NA
64,64,replace-space-with-newline,ifs,FALSE,20,elitize_generation_data,63,17,0.17,NA
65,64,replace-space-with-newline,ifs,FALSE,20,elitize_generation_data,64,17,0.152,NA
66,64,replace-space-with-newline,ifs,FALSE,20,elitize_generation_data,65,18,0.164,NA
67,64,replace-space-with-newline,ifs,FALSE,20,elitize_generation_data,66,20,0.162,NA
68,64,replace-space-with-newline,ifs,FALSE,20,elitize_generation_data,67,16,0.151,NA
69,64,replace-space-with-newline,ifs,FALSE,20,elitize_generation_data,68,17,0.128,NA
70,64,replace-space-with-newline,ifs,FALSE,20,elitize_generation_data,69,18,0.156,NA
71,64,replace-space-with-newline,ifs,FALSE,20,elitize_generation_data,70,17,0.142,NA
72,64,replace-space-with-newline,ifs,FALSE,20,elitize_generation_data,71,18,0.163,NA
73,64,replace-space-with-newline,ifs,FALSE,20,elitize_generation_data,72,17,0.147,NA
74,64,replace-space-with-newline,ifs,FALSE,20,elitize_generation_data,73,17,0.153,NA
75,64,replace-space-with-newline,ifs,FALSE,20,elitize_generation_data,74,18,0.15,NA
76,64,replace-space-with-newline,ifs,FALSE,20,elitize_generation_data,75,18,0.147,NA
77,64,replace-space-with-newline,ifs,FALSE,20,elitize_generation_data,76,16,0.133,NA
78,64,replace-space-with-newline,ifs,FALSE,20,elitize_generation_data,77,18,0.147,NA
79,64,replace-space-with-newline,ifs,FALSE,20,elitize_generation_data,78,17,0.137,NA
80,64,replace-space-with-newline,ifs,FALSE,20,elitize_generation_data,79,15,0.129,NA
81,64,replace-space-with-newline,ifs,FALSE,20,elitize_generation_data,80,16,0.159,NA
82,64,replace-space-with-newline,ifs,FALSE,20,elitize_generation_data,81,19,0.171,NA
83,64,replace-space-with-newline,ifs,FALSE,20,elitize_generation_data,82,20,0.182,NA
84,64,replace-space-with-newline,ifs,FALSE,20,elitize_generation_data,83,23,0.166,NA
85,64,replace-space-with-newline,ifs,FALSE,20,elitize_generation_data,84,19,0.179,NA
86,64,replace-space-with-newline,ifs,FALSE,20,elitize_generation_data,85,20,0.178,NA
87,64,replace-space-with-newline,ifs,FALSE,20,elitize_generation_data,86,18,0.174,NA
88,64,replace-space-with-newline,ifs,FALSE,20,elitize_generation_data,87,22,0.2,NA
89,64,replace-space-with-newline,ifs,FALSE,20,elitize_generation_data,88,22,0.178,NA
90,64,replace-space-with-newline,ifs,FALSE,20,elitize_generation_data,89,25,0.199,NA
91,64,replace-space-with-newline,ifs,FALSE,20,elitize_generation_data,90,24,0.179,NA
92,64,replace-space-with-newline,ifs,FALSE,20,elitize_generation_data,91,23,0.194,NA
93,64,replace-space-with-newline,ifs,FALSE,20,elitize_generation_data,92,25,0.191,NA
94,64,replace-space-with-newline,ifs,FALSE,20,elitize_generation_data,93,29,0.176,NA
95,64,replace-space-with-newline,ifs,FALSE,20,elitize_generation_data,94,21,0.172,NA
96,64,replace-space-with-newline,ifs,FALSE,20,elitize_generation_data,95,26,0.168,NA
97,64,replace-space-with-newline,ifs,FALSE,20,elitize_generation_data,96,30,0.174,NA
98,64,replace-space-with-newline,ifs,FALSE,20,elitize_generation_data,97,22,0.178,NA
99,64,replace-space-with-newline,ifs,FALSE,20,elitize_generation_data,98,22,0.178,NA
100,64,replace-space-with-newline,ifs,FALSE,20,elitize_generation_data,99,26,0.187,NA
101,64,replace-space-with-newline,ifs,FALSE,20,elitize_generation_data,100,21,0.202,NA
102,64,replace-space-with-newline,ifs,FALSE,20,elitize_generation_data,101,28,0.177,NA
103,64,replace-space-with-newline,ifs,FALSE,20,elitize_generation_data,102,22,0.172,NA
104,64,replace-space-with-newline,ifs,FALSE,20,elitize_generation_data,103,23,0.177,NA
105,64,replace-space-with-newline,ifs,FALSE,20,elitize_generation_data,104,30,0.204,NA
106,64,replace-space-with-newline,ifs,FALSE,20,elitize_generation_data,105,20,0.185,NA
107,64,replace-space-with-newline,ifs,FALSE,20,elitize_generation_data,106,26,0.179,NA
108,64,replace-space-with-newline,ifs,FALSE,20,elitize_generation_data,107,23,0.178,NA
109,64,replace-space-with-newline,ifs,FALSE,20,elitize_generation_data,108,21,0.181,NA
110,64,replace-space-with-newline,ifs,FALSE,20,elitize_generation_data,109,23,0.169,NA
111,64,replace-space-with-newline,ifs,FALSE,20,elitize_generation_data,110,21,0.179,NA
112,64,replace-space-with-newline,ifs,FALSE,20,elitize_generation_data,111,25,0.195,NA
113,64,replace-space-with-newline,ifs,FALSE,20,elitize_generation_data,112,23,0.19,NA
114,64,replace-space-with-newline,ifs,FALSE,20,elitize_generation_data,113,22,0.179,NA
115,64,replace-space-with-newline,ifs,FALSE,20,elitize_generation_data,114,28,0.188,NA
116,64,replace-space-with-newline,ifs,FALSE,20,elitize_generation_data,115,20,0.173,NA
117,64,replace-space-with-newline,ifs,FALSE,20,elitize_generation_data,116,22,0.175,NA
118,64,replace-space-with-newline,ifs,FALSE,20,elitize_generation_data,117,24,0.183,NA
119,64,replace-space-with-newline,ifs,FALSE,20,elitize_generation_data,118,31,0.2,NA
120,64,replace-space-with-newline,ifs,FALSE,20,elitize_generation_data,119,21,0.179,NA
121,64,replace-space-with-newline,ifs,FALSE,20,elitize_generation_data,120,23,0.183,NA
122,64,replace-space-with-newline,ifs,FALSE,20,elitize_generation_data,121,21,0.182,NA
123,64,replace-space-with-newline,ifs,FALSE,20,elitize_generation_data,122,21,0.201,NA
124,64,replace-space-with-newline,ifs,FALSE,20,elitize_generation_data,123,22,0.203,NA
125,64,replace-space-with-newline,ifs,FALSE,20,elitize_generation_data,124,24,0.197,NA
126,64,replace-space-with-newline,ifs,FALSE,20,elitize_generation_data,125,21,0.21,NA
127,64,replace-space-with-newline,ifs,FALSE,20,elitize_generation_data,126,22,0.185,NA
128,64,replace-space-with-newline,ifs,FALSE,20,elitize_generation_data,127,23,0.194,NA
129,64,replace-space-with-newline,ifs,FALSE,20,elitize_generation_data,128,24,0.182,NA
130,64,replace-space-with-newline,ifs,FALSE,20,elitize_generation_data,129,22,0.206,NA
131,64,replace-space-with-newline,ifs,FALSE,20,elitize_generation_data,130,23,0.175,NA
132,64,replace-space-with-newline,ifs,FALSE,20,elitize_generation_data,131,22,0.199,NA
133,64,replace-space-with-newline,ifs,FALSE,20,elitize_generation_data,132,24,0.187,NA
134,64,replace-space-with-newline,ifs,FALSE,20,elitize_generation_data,133,26,0.184,NA
135,64,replace-space-with-newline,ifs,FALSE,20,elitize_generation_data,134,19,0.194,NA
136,64,replace-space-with-newline,ifs,FALSE,20,elitize_generation_data,135,26,0.212,NA
137,64,replace-space-with-newline,ifs,FALSE,20,elitize_generation_data,136,20,0.183,NA
138,64,replace-space-with-newline,ifs,FALSE,20,elitize_generation_data,137,23,0.199,NA
139,64,replace-space-with-newline,ifs,FALSE,20,elitize_generation_data,138,24,0.216,NA
140,64,replace-space-with-newline,ifs,FALSE,20,elitize_generation_data,139,22,0.208,NA
141,64,replace-space-with-newline,ifs,FALSE,20,elitize_generation_data,140,26,0.214,NA
142,64,replace-space-with-newline,ifs,FALSE,20,elitize_generation_data,141,21,0.211,NA
143,64,replace-space-with-newline,ifs,FALSE,20,elitize_generation_data,142,28,0.269,NA
144,64,replace-space-with-newline,ifs,FALSE,20,elitize_generation_data,143,30,0.267,NA
145,64,replace-space-with-newline,ifs,FALSE,20,elitize_generation_data,144,29,0.249,NA
146,64,replace-space-with-newline,ifs,FALSE,20,elitize_generation_data,145,24,0.242,NA
147,64,replace-space-with-newline,ifs,FALSE,20,elitize_generation_data,146,29,0.26,NA
148,64,replace-space-with-newline,ifs,FALSE,20,elitize_generation_data,147,30,0.266,NA
149,64,replace-space-with-newline,ifs,FALSE,20,elitize_generation_data,148,32,0.253,NA
150,64,replace-space-with-newline,ifs,FALSE,20,elitize_generation_data,149,27,0.211,NA
151,64,replace-space-with-newline,ifs,FALSE,20,elitize_generation_data,150,26,0.223,NA
152,64,replace-space-with-newline,ifs,FALSE,20,elitize_generation_data,151,28,0.23,NA
153,64,replace-space-with-newline,ifs,FALSE,20,elitize_generation_data,152,24,0.252,NA
154,64,replace-space-with-newline,ifs,FALSE,20,elitize_generation_data,153,35,0.251,NA
155,64,replace-space-with-newline,ifs,FALSE,20,elitize_generation_data,154,34,0.287,NA
156,64,replace-space-with-newline,ifs,FALSE,20,elitize_generation_data,155,30,0.316,NA
157,64,replace-space-with-newline,ifs,FALSE,20,elitize_generation_data,156,35,0.284,NA
158,64,replace-space-with-newline,ifs,FALSE,20,elitize_generation_data,157,34,0.326,NA
159,64,replace-space-with-newline,ifs,FALSE,20,elitize_generation_data,158,38,0.358,NA
160,64,replace-space-with-newline,ifs,FALSE,20,elitize_generation_data,159,40,0.352,NA
161,64,replace-space-with-newline,ifs,FALSE,20,elitize_generation_data,160,43,0.368,NA
162,64,replace-space-with-newline,ifs,FALSE,20,elitize_generation_data,161,28,0.289,NA
163,64,replace-space-with-newline,ifs,FALSE,20,elitize_generation_data,162,29,0.267,NA
164,64,replace-space-with-newline,ifs,FALSE,20,elitize_generation_data,163,41,0.304,NA
165,64,replace-space-with-newline,ifs,FALSE,20,elitize_generation_data,164,36,0.303,NA
166,64,replace-space-with-newline,ifs,FALSE,20,elitize_generation_data,165,34,0.288,NA
167,64,replace-space-with-newline,ifs,FALSE,20,elitize_generation_data,166,23,0.272,NA
168,64,replace-space-with-newline,ifs,FALSE,20,elitize_generation_data,167,34,0.3,NA
169,64,replace-space-with-newline,ifs,FALSE,20,elitize_generation_data,168,40,0.288,NA
170,64,replace-space-with-newline,ifs,FALSE,20,elitize_generation_data,169,37,0.296,NA
171,64,replace-space-with-newline,ifs,FALSE,20,elitize_generation_data,170,32,0.27,NA
172,64,replace-space-with-newline,ifs,FALSE,20,elitize_generation_data,171,43,0.32,NA
173,64,replace-space-with-newline,ifs,FALSE,20,elitize_generation_data,172,37,0.305,NA
174,64,replace-space-with-newline,ifs,FALSE,20,elitize_generation_data,173,36,0.311,NA
175,64,replace-space-with-newline,ifs,FALSE,20,elitize_generation_data,174,41,0.356,NA
176,64,replace-space-with-newline,ifs,FALSE,20,elitize_generation_data,175,56,0.403,NA
177,64,replace-space-with-newline,ifs,FALSE,20,elitize_generation_data,176,52,0.42,NA
178,64,replace-space-with-newline,ifs,FALSE,20,elitize_generation_data,177,55,0.395,NA
179,64,replace-space-with-newline,ifs,FALSE,20,elitize_generation_data,178,47,0.416,NA
180,64,replace-space-with-newline,ifs,FALSE,20,elitize_generation_data,179,56,0.416,NA
181,64,replace-space-with-newline,ifs,FALSE,20,elitize_generation_data,180,59,0.432,NA
182,64,replace-space-with-newline,ifs,FALSE,20,elitize_generation_data,181,54,0.434,NA
183,64,replace-space-with-newline,ifs,FALSE,20,elitize_generation_data,182,52,0.429,NA
184,64,replace-space-with-newline,ifs,FALSE,20,elitize_generation_data,183,54,0.466,NA
185,64,replace-space-with-newline,ifs,FALSE,20,elitize_generation_data,184,56,0.457,NA
186,64,replace-space-with-newline,ifs,FALSE,20,elitize_generation_data,185,63,0.452,NA
187,64,replace-space-with-newline,ifs,FALSE,20,elitize_generation_data,186,53,0.431,NA
188,64,replace-space-with-newline,ifs,FALSE,20,elitize_generation_data,187,52,0.448,NA
189,64,replace-space-with-newline,ifs,FALSE,20,elitize_generation_data,188,53,0.43,NA
190,64,replace-space-with-newline,ifs,FALSE,20,elitize_generation_data,189,49,0.421,NA
191,64,replace-space-with-newline,ifs,FALSE,20,elitize_generation_data,190,51,0.432,NA
192,64,replace-space-with-newline,ifs,FALSE,20,elitize_generation_data,191,61,0.439,NA
193,64,replace-space-with-newline,ifs,FALSE,20,elitize_generation_data,192,59,0.429,NA
194,64,replace-space-with-newline,ifs,FALSE,20,elitize_generation_data,193,55,0.422,NA
195,64,replace-space-with-newline,ifs,FALSE,20,elitize_generation_data,194,60,0.464,NA
196,64,replace-space-with-newline,ifs,FALSE,20,elitize_generation_data,195,58,0.428,NA
197,64,replace-space-with-newline,ifs,FALSE,20,elitize_generation_data,196,67,0.431,NA
198,64,replace-space-with-newline,ifs,FALSE,20,elitize_generation_data,197,56,0.443,NA
199,64,replace-space-with-newline,ifs,FALSE,20,elitize_generation_data,198,56,0.444,NA
200,64,replace-space-with-newline,ifs,FALSE,20,elitize_generation_data,199,64,0.441,NA
201,64,replace-space-with-newline,ifs,FALSE,20,elitize_generation_data,200,55,0.452,NA
202,64,replace-space-with-newline,ifs,FALSE,20,elitize_generation_data,201,60,0.442,NA
203,64,replace-space-with-newline,ifs,FALSE,20,elitize_generation_data,202,62,0.466,NA
204,64,replace-space-with-newline,ifs,FALSE,20,elitize_generation_data,203,62,0.462,NA
205,64,replace-space-with-newline,ifs,FALSE,20,elitize_generation_data,204,62,0.455,NA
206,64,replace-space-with-newline,ifs,FALSE,20,elitize_generation_data,205,55,0.423,NA
207,64,replace-space-with-newline,ifs,FALSE,20,elitize_generation_data,206,71,0.464,NA
208,64,replace-space-with-newline,ifs,FALSE,20,elitize_generation_data,207,61,0.468,NA
209,64,replace-space-with-newline,ifs,FALSE,20,elitize_generation_data,208,61,0.453,NA
210,64,replace-space-with-newline,ifs,FALSE,20,elitize_generation_data,209,77,0.48,NA
211,64,replace-space-with-newline,ifs,FALSE,20,elitize_generation_data,210,60,0.458,NA
212,64,replace-space-with-newline,ifs,FALSE,20,elitize_generation_data,211,60,0.427,NA
213,64,replace-space-with-newline,ifs,FALSE,20,elitize_generation_data,212,70,0.471,NA
214,64,replace-space-with-newline,ifs,FALSE,20,elitize_generation_data,213,59,0.45,NA
215,64,replace-space-with-newline,ifs,FALSE,20,elitize_generation_data,214,58,0.46,NA
216,64,replace-space-with-newline,ifs,FALSE,20,elitize_generation_data,215,69,0.476,NA
217,64,replace-space-with-newline,ifs,FALSE,20,elitize_generation_data,216,69,0.487,NA
218,64,replace-space-with-newline,ifs,FALSE,20,elitize_generation_data,217,74,0.52,NA
219,64,replace-space-with-newline,ifs,FALSE,20,elitize_generation_data,218,71,0.54,NA
220,64,replace-space-with-newline,ifs,FALSE,20,elitize_generation_data,219,73,0.547,NA
221,64,replace-space-with-newline,ifs,FALSE,20,elitize_generation_data,220,76,0.52,NA
222,64,replace-space-with-newline,ifs,FALSE,20,elitize_generation_data,221,71,0.537,NA
223,64,replace-space-with-newline,ifs,FALSE,20,elitize_generation_data,222,70,0.528,NA
224,64,replace-space-with-newline,ifs,FALSE,20,elitize_generation_data,223,62,0.475,NA
225,64,replace-space-with-newline,ifs,FALSE,20,elitize_generation_data,224,73,0.498,NA
226,64,replace-space-with-newline,ifs,FALSE,20,elitize_generation_data,225,75,0.486,NA
227,64,replace-space-with-newline,ifs,FALSE,20,elitize_generation_data,226,69,0.534,NA
228,64,replace-space-with-newline,ifs,FALSE,20,elitize_generation_data,227,72,0.5,NA
229,64,replace-space-with-newline,ifs,FALSE,20,elitize_generation_data,228,73,0.501,NA
230,64,replace-space-with-newline,ifs,FALSE,20,elitize_generation_data,229,64,0.497,NA
231,64,replace-space-with-newline,ifs,FALSE,20,elitize_generation_data,230,67,0.479,NA
232,64,replace-space-with-newline,ifs,FALSE,20,elitize_generation_data,231,59,0.504,NA
233,64,replace-space-with-newline,ifs,FALSE,20,elitize_generation_data,232,60,0.506,NA
234,64,replace-space-with-newline,ifs,FALSE,20,elitize_generation_data,233,64,0.504,NA
235,64,replace-space-with-newline,ifs,FALSE,20,elitize_generation_data,234,66,0.486,NA
236,64,replace-space-with-newline,ifs,FALSE,20,elitize_generation_data,235,67,0.48,NA
237,64,replace-space-with-newline,ifs,FALSE,20,elitize_generation_data,236,72,0.491,NA
238,64,replace-space-with-newline,ifs,FALSE,20,elitize_generation_data,237,56,0.477,NA
239,64,replace-space-with-newline,ifs,FALSE,20,elitize_generation_data,238,68,0.507,NA
240,64,replace-space-with-newline,ifs,FALSE,20,elitize_generation_data,239,67,0.492,NA
241,64,replace-space-with-newline,ifs,FALSE,20,elitize_generation_data,240,60,0.515,NA
242,64,replace-space-with-newline,ifs,FALSE,20,elitize_generation_data,241,67,0.49,NA
243,64,replace-space-with-newline,ifs,FALSE,20,elitize_generation_data,242,67,0.505,NA
244,64,replace-space-with-newline,ifs,FALSE,20,elitize_generation_data,243,61,0.489,NA
245,64,replace-space-with-newline,ifs,FALSE,20,elitize_generation_data,244,69,0.485,NA
246,64,replace-space-with-newline,ifs,FALSE,20,elitize_generation_data,245,50,0.482,NA
247,64,replace-space-with-newline,ifs,FALSE,20,elitize_generation_data,246,61,0.469,NA
248,64,replace-space-with-newline,ifs,FALSE,20,elitize_generation_data,247,71,0.502,NA
249,64,replace-space-with-newline,ifs,FALSE,20,elitize_generation_data,248,67,0.492,NA
250,64,replace-space-with-newline,ifs,FALSE,20,elitize_generation_data,249,64,0.518,NA
251,64,replace-space-with-newline,ifs,FALSE,20,elitize_generation_data,250,72,0.499,NA
252,64,replace-space-with-newline,ifs,FALSE,20,elitize_generation_data,251,62,0.492,NA
253,64,replace-space-with-newline,ifs,FALSE,20,elitize_generation_data,252,62,0.489,NA
254,64,replace-space-with-newline,ifs,FALSE,20,elitize_generation_data,253,69,0.488,NA
255,64,replace-space-with-newline,ifs,FALSE,20,elitize_generation_data,254,63,0.512,NA
256,64,replace-space-with-newline,ifs,FALSE,20,elitize_generation_data,255,62,0.496,NA
257,64,replace-space-with-newline,ifs,FALSE,20,elitize_generation_data,256,64,0.501,NA
258,64,replace-space-with-newline,ifs,FALSE,20,elitize_generation_data,257,60,0.484,NA
259,64,replace-space-with-newline,ifs,FALSE,20,elitize_generation_data,258,67,0.514,NA
260,64,replace-space-with-newline,ifs,FALSE,20,elitize_generation_data,259,60,0.489,NA
261,64,replace-space-with-newline,ifs,FALSE,20,elitize_generation_data,260,59,0.487,NA
262,64,replace-space-with-newline,ifs,FALSE,20,elitize_generation_data,261,54,0.472,NA
263,64,replace-space-with-newline,ifs,FALSE,20,elitize_generation_data,262,55,0.486,NA
264,64,replace-space-with-newline,ifs,FALSE,20,elitize_generation_data,263,59,0.485,NA
265,64,replace-space-with-newline,ifs,FALSE,20,elitize_generation_data,264,75,0.498,NA
266,64,replace-space-with-newline,ifs,FALSE,20,elitize_generation_data,265,69,0.489,NA
267,64,replace-space-with-newline,ifs,FALSE,20,elitize_generation_data,266,60,0.507,NA
268,64,replace-space-with-newline,ifs,FALSE,20,elitize_generation_data,267,76,0.496,NA
269,64,replace-space-with-newline,ifs,FALSE,20,elitize_generation_data,268,72,0.494,NA
270,64,replace-space-with-newline,ifs,FALSE,20,elitize_generation_data,269,66,0.494,NA
271,64,replace-space-with-newline,ifs,FALSE,20,elitize_generation_data,270,67,0.498,NA
272,64,replace-space-with-newline,ifs,FALSE,20,elitize_generation_data,271,63,0.482,NA
273,64,replace-space-with-newline,ifs,FALSE,20,elitize_generation_data,272,51,0.491,NA
274,64,replace-space-with-newline,ifs,FALSE,20,elitize_generation_data,273,67,0.481,NA
275,64,replace-space-with-newline,ifs,FALSE,20,elitize_generation_data,274,66,0.489,NA
276,64,replace-space-with-newline,ifs,FALSE,20,elitize_generation_data,275,62,0.482,NA
277,64,replace-space-with-newline,ifs,FALSE,20,elitize_generation_data,276,66,0.494,NA
278,64,replace-space-with-newline,ifs,FALSE,20,elitize_generation_data,277,74,0.5,NA
279,64,replace-space-with-newline,ifs,FALSE,20,elitize_generation_data,278,61,0.494,NA
280,64,replace-space-with-newline,ifs,FALSE,20,elitize_generation_data,279,65,0.48,NA
281,64,replace-space-with-newline,ifs,FALSE,20,elitize_generation_data,280,61,0.45,NA
282,64,replace-space-with-newline,ifs,FALSE,20,elitize_generation_data,281,72,0.499,NA
283,64,replace-space-with-newline,ifs,FALSE,20,elitize_generation_data,282,62,0.481,NA
284,64,replace-space-with-newline,ifs,FALSE,20,elitize_generation_data,283,60,0.492,NA
285,64,replace-space-with-newline,ifs,FALSE,20,elitize_generation_data,284,55,0.478,NA
286,64,replace-space-with-newline,ifs,FALSE,20,elitize_generation_data,285,45,0.514,NA
287,64,replace-space-with-newline,ifs,FALSE,20,elitize_generation_data,286,54,0.441,NA
288,64,replace-space-with-newline,ifs,FALSE,20,elitize_generation_data,287,54,0.469,NA
289,64,replace-space-with-newline,ifs,FALSE,20,elitize_generation_data,288,55,0.5,NA
290,64,replace-space-with-newline,ifs,FALSE,20,elitize_generation_data,289,56,0.513,NA
291,64,replace-space-with-newline,ifs,FALSE,20,elitize_generation_data,290,63,0.472,NA
292,64,replace-space-with-newline,ifs,FALSE,20,elitize_generation_data,291,62,0.48,NA
293,64,replace-space-with-newline,ifs,FALSE,20,elitize_generation_data,292,62,0.463,NA
294,64,replace-space-with-newline,ifs,FALSE,20,elitize_generation_data,293,50,0.499,NA
295,64,replace-space-with-newline,ifs,FALSE,20,elitize_generation_data,294,51,0.471,NA
296,64,replace-space-with-newline,ifs,FALSE,20,elitize_generation_data,295,61,0.508,NA
297,64,replace-space-with-newline,ifs,FALSE,20,elitize_generation_data,296,51,0.477,NA
298,64,replace-space-with-newline,ifs,FALSE,20,elitize_generation_data,297,57,0.492,NA
299,64,replace-space-with-newline,ifs,FALSE,20,elitize_generation_data,298,53,0.494,NA
300,64,replace-space-with-newline,ifs,FALSE,20,elitize_generation_data,299,58,0.483,NA
301,64,replace-space-with-newline,ifs,FALSE,20,elitize_generation_data,300,50,0.499,NA
