,run.num,problem,treatment,succeeded,height,normalization.function,generation,cluster.count,error.diversity,success.generation
1,44,replace-space-with-newline,ifs,FALSE,20,elitize_generation_data,0,6,0.484,NA
2,44,replace-space-with-newline,ifs,FALSE,20,elitize_generation_data,1,9,0.336,NA
3,44,replace-space-with-newline,ifs,FALSE,20,elitize_generation_data,2,7,0.234,NA
4,44,replace-space-with-newline,ifs,FALSE,20,elitize_generation_data,3,7,0.208,NA
5,44,replace-space-with-newline,ifs,FALSE,20,elitize_generation_data,4,11,0.187,NA
6,44,replace-space-with-newline,ifs,FALSE,20,elitize_generation_data,5,7,0.139,NA
7,44,replace-space-with-newline,ifs,FALSE,20,elitize_generation_data,6,12,0.069,NA
8,44,replace-space-with-newline,ifs,FALSE,20,elitize_generation_data,7,9,0.066,NA
9,44,replace-space-with-newline,ifs,FALSE,20,elitize_generation_data,8,10,0.08,NA
10,44,replace-space-with-newline,ifs,FALSE,20,elitize_generation_data,9,10,0.108,NA
11,44,replace-space-with-newline,ifs,FALSE,20,elitize_generation_data,10,11,0.162,NA
12,44,replace-space-with-newline,ifs,FALSE,20,elitize_generation_data,11,13,0.173,NA
13,44,replace-space-with-newline,ifs,FALSE,20,elitize_generation_data,12,10,0.092,NA
14,44,replace-space-with-newline,ifs,FALSE,20,elitize_generation_data,13,10,0.073,NA
15,44,replace-space-with-newline,ifs,FALSE,20,elitize_generation_data,14,11,0.096,NA
16,44,replace-space-with-newline,ifs,FALSE,20,elitize_generation_data,15,14,0.11,NA
17,44,replace-space-with-newline,ifs,FALSE,20,elitize_generation_data,16,13,0.132,NA
18,44,replace-space-with-newline,ifs,FALSE,20,elitize_generation_data,17,13,0.149,NA
19,44,replace-space-with-newline,ifs,FALSE,20,elitize_generation_data,18,16,0.172,NA
20,44,replace-space-with-newline,ifs,FALSE,20,elitize_generation_data,19,13,0.147,NA
21,44,replace-space-with-newline,ifs,FALSE,20,elitize_generation_data,20,15,0.175,NA
22,44,replace-space-with-newline,ifs,FALSE,20,elitize_generation_data,21,15,0.197,NA
23,44,replace-space-with-newline,ifs,FALSE,20,elitize_generation_data,22,15,0.197,NA
24,44,replace-space-with-newline,ifs,FALSE,20,elitize_generation_data,23,15,0.19,NA
25,44,replace-space-with-newline,ifs,FALSE,20,elitize_generation_data,24,18,0.185,NA
26,44,replace-space-with-newline,ifs,FALSE,20,elitize_generation_data,25,12,0.183,NA
27,44,replace-space-with-newline,ifs,FALSE,20,elitize_generation_data,26,12,0.202,NA
28,44,replace-space-with-newline,ifs,FALSE,20,elitize_generation_data,27,9,0.17,NA
29,44,replace-space-with-newline,ifs,FALSE,20,elitize_generation_data,28,15,0.177,NA
30,44,replace-space-with-newline,ifs,FALSE,20,elitize_generation_data,29,14,0.2,NA
31,44,replace-space-with-newline,ifs,FALSE,20,elitize_generation_data,30,18,0.194,NA
32,44,replace-space-with-newline,ifs,FALSE,20,elitize_generation_data,31,22,0.179,NA
33,44,replace-space-with-newline,ifs,FALSE,20,elitize_generation_data,32,17,0.16,NA
34,44,replace-space-with-newline,ifs,FALSE,20,elitize_generation_data,33,18,0.146,NA
35,44,replace-space-with-newline,ifs,FALSE,20,elitize_generation_data,34,20,0.172,NA
36,44,replace-space-with-newline,ifs,FALSE,20,elitize_generation_data,35,24,0.16,NA
37,44,replace-space-with-newline,ifs,FALSE,20,elitize_generation_data,36,22,0.166,NA
38,44,replace-space-with-newline,ifs,FALSE,20,elitize_generation_data,37,30,0.182,NA
39,44,replace-space-with-newline,ifs,FALSE,20,elitize_generation_data,38,24,0.204,NA
40,44,replace-space-with-newline,ifs,FALSE,20,elitize_generation_data,39,25,0.247,NA
41,44,replace-space-with-newline,ifs,FALSE,20,elitize_generation_data,40,30,0.24,NA
42,44,replace-space-with-newline,ifs,FALSE,20,elitize_generation_data,41,21,0.213,NA
43,44,replace-space-with-newline,ifs,FALSE,20,elitize_generation_data,42,22,0.229,NA
44,44,replace-space-with-newline,ifs,FALSE,20,elitize_generation_data,43,24,0.267,NA
45,44,replace-space-with-newline,ifs,FALSE,20,elitize_generation_data,44,31,0.318,NA
46,44,replace-space-with-newline,ifs,FALSE,20,elitize_generation_data,45,20,0.291,NA
47,44,replace-space-with-newline,ifs,FALSE,20,elitize_generation_data,46,20,0.3,NA
48,44,replace-space-with-newline,ifs,FALSE,20,elitize_generation_data,47,21,0.292,NA
49,44,replace-space-with-newline,ifs,FALSE,20,elitize_generation_data,48,21,0.257,NA
50,44,replace-space-with-newline,ifs,FALSE,20,elitize_generation_data,49,19,0.25,NA
51,44,replace-space-with-newline,ifs,FALSE,20,elitize_generation_data,50,22,0.212,NA
52,44,replace-space-with-newline,ifs,FALSE,20,elitize_generation_data,51,23,0.241,NA
53,44,replace-space-with-newline,ifs,FALSE,20,elitize_generation_data,52,22,0.214,NA
54,44,replace-space-with-newline,ifs,FALSE,20,elitize_generation_data,53,24,0.237,NA
55,44,replace-space-with-newline,ifs,FALSE,20,elitize_generation_data,54,25,0.272,NA
56,44,replace-space-with-newline,ifs,FALSE,20,elitize_generation_data,55,24,0.297,NA
57,44,replace-space-with-newline,ifs,FALSE,20,elitize_generation_data,56,19,0.317,NA
58,44,replace-space-with-newline,ifs,FALSE,20,elitize_generation_data,57,19,0.344,NA
59,44,replace-space-with-newline,ifs,FALSE,20,elitize_generation_data,58,20,0.374,NA
60,44,replace-space-with-newline,ifs,FALSE,20,elitize_generation_data,59,21,0.357,NA
61,44,replace-space-with-newline,ifs,FALSE,20,elitize_generation_data,60,26,0.363,NA
62,44,replace-space-with-newline,ifs,FALSE,20,elitize_generation_data,61,24,0.379,NA
63,44,replace-space-with-newline,ifs,FALSE,20,elitize_generation_data,62,20,0.389,NA
64,44,replace-space-with-newline,ifs,FALSE,20,elitize_generation_data,63,22,0.402,NA
65,44,replace-space-with-newline,ifs,FALSE,20,elitize_generation_data,64,19,0.41,NA
66,44,replace-space-with-newline,ifs,FALSE,20,elitize_generation_data,65,14,0.37,NA
67,44,replace-space-with-newline,ifs,FALSE,20,elitize_generation_data,66,19,0.358,NA
68,44,replace-space-with-newline,ifs,FALSE,20,elitize_generation_data,67,14,0.351,NA
69,44,replace-space-with-newline,ifs,FALSE,20,elitize_generation_data,68,16,0.383,NA
70,44,replace-space-with-newline,ifs,FALSE,20,elitize_generation_data,69,18,0.381,NA
71,44,replace-space-with-newline,ifs,FALSE,20,elitize_generation_data,70,19,0.35,NA
72,44,replace-space-with-newline,ifs,FALSE,20,elitize_generation_data,71,16,0.382,NA
73,44,replace-space-with-newline,ifs,FALSE,20,elitize_generation_data,72,17,0.42,NA
74,44,replace-space-with-newline,ifs,FALSE,20,elitize_generation_data,73,17,0.442,NA
75,44,replace-space-with-newline,ifs,FALSE,20,elitize_generation_data,74,21,0.462,NA
76,44,replace-space-with-newline,ifs,FALSE,20,elitize_generation_data,75,19,0.451,NA
77,44,replace-space-with-newline,ifs,FALSE,20,elitize_generation_data,76,19,0.459,NA
78,44,replace-space-with-newline,ifs,FALSE,20,elitize_generation_data,77,21,0.488,NA
79,44,replace-space-with-newline,ifs,FALSE,20,elitize_generation_data,78,19,0.475,NA
80,44,replace-space-with-newline,ifs,FALSE,20,elitize_generation_data,79,23,0.484,NA
81,44,replace-space-with-newline,ifs,FALSE,20,elitize_generation_data,80,18,0.499,NA
82,44,replace-space-with-newline,ifs,FALSE,20,elitize_generation_data,81,16,0.506,NA
83,44,replace-space-with-newline,ifs,FALSE,20,elitize_generation_data,82,20,0.521,NA
84,44,replace-space-with-newline,ifs,FALSE,20,elitize_generation_data,83,18,0.516,NA
85,44,replace-space-with-newline,ifs,FALSE,20,elitize_generation_data,84,17,0.518,NA
86,44,replace-space-with-newline,ifs,FALSE,20,elitize_generation_data,85,15,0.498,NA
87,44,replace-space-with-newline,ifs,FALSE,20,elitize_generation_data,86,21,0.546,NA
88,44,replace-space-with-newline,ifs,FALSE,20,elitize_generation_data,87,20,0.56,NA
89,44,replace-space-with-newline,ifs,FALSE,20,elitize_generation_data,88,24,0.549,NA
90,44,replace-space-with-newline,ifs,FALSE,20,elitize_generation_data,89,18,0.548,NA
91,44,replace-space-with-newline,ifs,FALSE,20,elitize_generation_data,90,23,0.553,NA
92,44,replace-space-with-newline,ifs,FALSE,20,elitize_generation_data,91,17,0.586,NA
93,44,replace-space-with-newline,ifs,FALSE,20,elitize_generation_data,92,23,0.564,NA
94,44,replace-space-with-newline,ifs,FALSE,20,elitize_generation_data,93,21,0.592,NA
95,44,replace-space-with-newline,ifs,FALSE,20,elitize_generation_data,94,19,0.595,NA
96,44,replace-space-with-newline,ifs,FALSE,20,elitize_generation_data,95,26,0.618,NA
97,44,replace-space-with-newline,ifs,FALSE,20,elitize_generation_data,96,23,0.581,NA
98,44,replace-space-with-newline,ifs,FALSE,20,elitize_generation_data,97,22,0.564,NA
99,44,replace-space-with-newline,ifs,FALSE,20,elitize_generation_data,98,20,0.569,NA
100,44,replace-space-with-newline,ifs,FALSE,20,elitize_generation_data,99,24,0.551,NA
101,44,replace-space-with-newline,ifs,FALSE,20,elitize_generation_data,100,24,0.585,NA
102,44,replace-space-with-newline,ifs,FALSE,20,elitize_generation_data,101,27,0.583,NA
103,44,replace-space-with-newline,ifs,FALSE,20,elitize_generation_data,102,30,0.617,NA
104,44,replace-space-with-newline,ifs,FALSE,20,elitize_generation_data,103,31,0.62,NA
105,44,replace-space-with-newline,ifs,FALSE,20,elitize_generation_data,104,32,0.601,NA
106,44,replace-space-with-newline,ifs,FALSE,20,elitize_generation_data,105,39,0.615,NA
107,44,replace-space-with-newline,ifs,FALSE,20,elitize_generation_data,106,40,0.542,NA
108,44,replace-space-with-newline,ifs,FALSE,20,elitize_generation_data,107,42,0.517,NA
109,44,replace-space-with-newline,ifs,FALSE,20,elitize_generation_data,108,37,0.522,NA
110,44,replace-space-with-newline,ifs,FALSE,20,elitize_generation_data,109,36,0.552,NA
111,44,replace-space-with-newline,ifs,FALSE,20,elitize_generation_data,110,54,0.642,NA
112,44,replace-space-with-newline,ifs,FALSE,20,elitize_generation_data,111,58,0.625,NA
113,44,replace-space-with-newline,ifs,FALSE,20,elitize_generation_data,112,66,0.621,NA
114,44,replace-space-with-newline,ifs,FALSE,20,elitize_generation_data,113,58,0.601,NA
115,44,replace-space-with-newline,ifs,FALSE,20,elitize_generation_data,114,56,0.534,NA
116,44,replace-space-with-newline,ifs,FALSE,20,elitize_generation_data,115,39,0.442,NA
117,44,replace-space-with-newline,ifs,FALSE,20,elitize_generation_data,116,31,0.294,NA
118,44,replace-space-with-newline,ifs,FALSE,20,elitize_generation_data,117,22,0.259,NA
119,44,replace-space-with-newline,ifs,FALSE,20,elitize_generation_data,118,26,0.23,NA
120,44,replace-space-with-newline,ifs,FALSE,20,elitize_generation_data,119,31,0.262,NA
121,44,replace-space-with-newline,ifs,FALSE,20,elitize_generation_data,120,26,0.24,NA
122,44,replace-space-with-newline,ifs,FALSE,20,elitize_generation_data,121,23,0.243,NA
123,44,replace-space-with-newline,ifs,FALSE,20,elitize_generation_data,122,31,0.259,NA
124,44,replace-space-with-newline,ifs,FALSE,20,elitize_generation_data,123,29,0.224,NA
125,44,replace-space-with-newline,ifs,FALSE,20,elitize_generation_data,124,24,0.244,NA
126,44,replace-space-with-newline,ifs,FALSE,20,elitize_generation_data,125,26,0.232,NA
127,44,replace-space-with-newline,ifs,FALSE,20,elitize_generation_data,126,30,0.223,NA
128,44,replace-space-with-newline,ifs,FALSE,20,elitize_generation_data,127,28,0.212,NA
129,44,replace-space-with-newline,ifs,FALSE,20,elitize_generation_data,128,31,0.254,NA
130,44,replace-space-with-newline,ifs,FALSE,20,elitize_generation_data,129,26,0.193,NA
131,44,replace-space-with-newline,ifs,FALSE,20,elitize_generation_data,130,24,0.203,NA
132,44,replace-space-with-newline,ifs,FALSE,20,elitize_generation_data,131,22,0.218,NA
133,44,replace-space-with-newline,ifs,FALSE,20,elitize_generation_data,132,23,0.193,NA
134,44,replace-space-with-newline,ifs,FALSE,20,elitize_generation_data,133,22,0.178,NA
135,44,replace-space-with-newline,ifs,FALSE,20,elitize_generation_data,134,25,0.183,NA
136,44,replace-space-with-newline,ifs,FALSE,20,elitize_generation_data,135,25,0.178,NA
137,44,replace-space-with-newline,ifs,FALSE,20,elitize_generation_data,136,26,0.167,NA
138,44,replace-space-with-newline,ifs,FALSE,20,elitize_generation_data,137,17,0.182,NA
139,44,replace-space-with-newline,ifs,FALSE,20,elitize_generation_data,138,27,0.166,NA
140,44,replace-space-with-newline,ifs,FALSE,20,elitize_generation_data,139,25,0.16,NA
141,44,replace-space-with-newline,ifs,FALSE,20,elitize_generation_data,140,20,0.152,NA
142,44,replace-space-with-newline,ifs,FALSE,20,elitize_generation_data,141,19,0.135,NA
143,44,replace-space-with-newline,ifs,FALSE,20,elitize_generation_data,142,21,0.133,NA
144,44,replace-space-with-newline,ifs,FALSE,20,elitize_generation_data,143,20,0.138,NA
145,44,replace-space-with-newline,ifs,FALSE,20,elitize_generation_data,144,18,0.138,NA
146,44,replace-space-with-newline,ifs,FALSE,20,elitize_generation_data,145,22,0.12,NA
147,44,replace-space-with-newline,ifs,FALSE,20,elitize_generation_data,146,23,0.122,NA
148,44,replace-space-with-newline,ifs,FALSE,20,elitize_generation_data,147,17,0.109,NA
149,44,replace-space-with-newline,ifs,FALSE,20,elitize_generation_data,148,15,0.123,NA
150,44,replace-space-with-newline,ifs,FALSE,20,elitize_generation_data,149,17,0.126,NA
151,44,replace-space-with-newline,ifs,FALSE,20,elitize_generation_data,150,16,0.113,NA
152,44,replace-space-with-newline,ifs,FALSE,20,elitize_generation_data,151,21,0.114,NA
153,44,replace-space-with-newline,ifs,FALSE,20,elitize_generation_data,152,15,0.104,NA
154,44,replace-space-with-newline,ifs,FALSE,20,elitize_generation_data,153,17,0.12,NA
155,44,replace-space-with-newline,ifs,FALSE,20,elitize_generation_data,154,15,0.105,NA
156,44,replace-space-with-newline,ifs,FALSE,20,elitize_generation_data,155,16,0.108,NA
157,44,replace-space-with-newline,ifs,FALSE,20,elitize_generation_data,156,15,0.102,NA
158,44,replace-space-with-newline,ifs,FALSE,20,elitize_generation_data,157,15,0.097,NA
159,44,replace-space-with-newline,ifs,FALSE,20,elitize_generation_data,158,17,0.1,NA
160,44,replace-space-with-newline,ifs,FALSE,20,elitize_generation_data,159,16,0.108,NA
161,44,replace-space-with-newline,ifs,FALSE,20,elitize_generation_data,160,11,0.087,NA
162,44,replace-space-with-newline,ifs,FALSE,20,elitize_generation_data,161,14,0.096,NA
163,44,replace-space-with-newline,ifs,FALSE,20,elitize_generation_data,162,19,0.102,NA
164,44,replace-space-with-newline,ifs,FALSE,20,elitize_generation_data,163,12,0.092,NA
165,44,replace-space-with-newline,ifs,FALSE,20,elitize_generation_data,164,15,0.09,NA
166,44,replace-space-with-newline,ifs,FALSE,20,elitize_generation_data,165,10,0.088,NA
167,44,replace-space-with-newline,ifs,FALSE,20,elitize_generation_data,166,11,0.088,NA
168,44,replace-space-with-newline,ifs,FALSE,20,elitize_generation_data,167,13,0.077,NA
169,44,replace-space-with-newline,ifs,FALSE,20,elitize_generation_data,168,12,0.08,NA
170,44,replace-space-with-newline,ifs,FALSE,20,elitize_generation_data,169,11,0.077,NA
171,44,replace-space-with-newline,ifs,FALSE,20,elitize_generation_data,170,18,0.089,NA
172,44,replace-space-with-newline,ifs,FALSE,20,elitize_generation_data,171,9,0.073,NA
173,44,replace-space-with-newline,ifs,FALSE,20,elitize_generation_data,172,13,0.075,NA
174,44,replace-space-with-newline,ifs,FALSE,20,elitize_generation_data,173,11,0.078,NA
175,44,replace-space-with-newline,ifs,FALSE,20,elitize_generation_data,174,11,0.087,NA
176,44,replace-space-with-newline,ifs,FALSE,20,elitize_generation_data,175,14,0.08,NA
177,44,replace-space-with-newline,ifs,FALSE,20,elitize_generation_data,176,15,0.082,NA
178,44,replace-space-with-newline,ifs,FALSE,20,elitize_generation_data,177,12,0.085,NA
179,44,replace-space-with-newline,ifs,FALSE,20,elitize_generation_data,178,13,0.075,NA
180,44,replace-space-with-newline,ifs,FALSE,20,elitize_generation_data,179,13,0.093,NA
181,44,replace-space-with-newline,ifs,FALSE,20,elitize_generation_data,180,13,0.075,NA
182,44,replace-space-with-newline,ifs,FALSE,20,elitize_generation_data,181,16,0.081,NA
183,44,replace-space-with-newline,ifs,FALSE,20,elitize_generation_data,182,17,0.081,NA
184,44,replace-space-with-newline,ifs,FALSE,20,elitize_generation_data,183,10,0.06,NA
185,44,replace-space-with-newline,ifs,FALSE,20,elitize_generation_data,184,17,0.074,NA
186,44,replace-space-with-newline,ifs,FALSE,20,elitize_generation_data,185,13,0.071,NA
187,44,replace-space-with-newline,ifs,FALSE,20,elitize_generation_data,186,13,0.073,NA
188,44,replace-space-with-newline,ifs,FALSE,20,elitize_generation_data,187,12,0.087,NA
189,44,replace-space-with-newline,ifs,FALSE,20,elitize_generation_data,188,12,0.065,NA
190,44,replace-space-with-newline,ifs,FALSE,20,elitize_generation_data,189,14,0.087,NA
191,44,replace-space-with-newline,ifs,FALSE,20,elitize_generation_data,190,11,0.064,NA
192,44,replace-space-with-newline,ifs,FALSE,20,elitize_generation_data,191,9,0.066,NA
193,44,replace-space-with-newline,ifs,FALSE,20,elitize_generation_data,192,12,0.068,NA
194,44,replace-space-with-newline,ifs,FALSE,20,elitize_generation_data,193,11,0.072,NA
195,44,replace-space-with-newline,ifs,FALSE,20,elitize_generation_data,194,13,0.077,NA
196,44,replace-space-with-newline,ifs,FALSE,20,elitize_generation_data,195,11,0.067,NA
197,44,replace-space-with-newline,ifs,FALSE,20,elitize_generation_data,196,9,0.07,NA
198,44,replace-space-with-newline,ifs,FALSE,20,elitize_generation_data,197,14,0.076,NA
199,44,replace-space-with-newline,ifs,FALSE,20,elitize_generation_data,198,11,0.074,NA
200,44,replace-space-with-newline,ifs,FALSE,20,elitize_generation_data,199,10,0.061,NA
201,44,replace-space-with-newline,ifs,FALSE,20,elitize_generation_data,200,10,0.072,NA
202,44,replace-space-with-newline,ifs,FALSE,20,elitize_generation_data,201,16,0.072,NA
203,44,replace-space-with-newline,ifs,FALSE,20,elitize_generation_data,202,15,0.067,NA
204,44,replace-space-with-newline,ifs,FALSE,20,elitize_generation_data,203,15,0.072,NA
205,44,replace-space-with-newline,ifs,FALSE,20,elitize_generation_data,204,8,0.067,NA
206,44,replace-space-with-newline,ifs,FALSE,20,elitize_generation_data,205,13,0.074,NA
207,44,replace-space-with-newline,ifs,FALSE,20,elitize_generation_data,206,10,0.063,NA
208,44,replace-space-with-newline,ifs,FALSE,20,elitize_generation_data,207,13,0.068,NA
209,44,replace-space-with-newline,ifs,FALSE,20,elitize_generation_data,208,11,0.062,NA
210,44,replace-space-with-newline,ifs,FALSE,20,elitize_generation_data,209,13,0.059,NA
211,44,replace-space-with-newline,ifs,FALSE,20,elitize_generation_data,210,10,0.057,NA
212,44,replace-space-with-newline,ifs,FALSE,20,elitize_generation_data,211,11,0.069,NA
213,44,replace-space-with-newline,ifs,FALSE,20,elitize_generation_data,212,14,0.066,NA
214,44,replace-space-with-newline,ifs,FALSE,20,elitize_generation_data,213,10,0.056,NA
215,44,replace-space-with-newline,ifs,FALSE,20,elitize_generation_data,214,12,0.052,NA
216,44,replace-space-with-newline,ifs,FALSE,20,elitize_generation_data,215,10,0.049,NA
217,44,replace-space-with-newline,ifs,FALSE,20,elitize_generation_data,216,9,0.067,NA
218,44,replace-space-with-newline,ifs,FALSE,20,elitize_generation_data,217,13,0.062,NA
219,44,replace-space-with-newline,ifs,FALSE,20,elitize_generation_data,218,9,0.056,NA
220,44,replace-space-with-newline,ifs,FALSE,20,elitize_generation_data,219,10,0.054,NA
221,44,replace-space-with-newline,ifs,FALSE,20,elitize_generation_data,220,10,0.062,NA
222,44,replace-space-with-newline,ifs,FALSE,20,elitize_generation_data,221,10,0.062,NA
223,44,replace-space-with-newline,ifs,FALSE,20,elitize_generation_data,222,13,0.048,NA
224,44,replace-space-with-newline,ifs,FALSE,20,elitize_generation_data,223,15,0.054,NA
225,44,replace-space-with-newline,ifs,FALSE,20,elitize_generation_data,224,12,0.056,NA
226,44,replace-space-with-newline,ifs,FALSE,20,elitize_generation_data,225,15,0.054,NA
227,44,replace-space-with-newline,ifs,FALSE,20,elitize_generation_data,226,18,0.06,NA
228,44,replace-space-with-newline,ifs,FALSE,20,elitize_generation_data,227,13,0.053,NA
229,44,replace-space-with-newline,ifs,FALSE,20,elitize_generation_data,228,14,0.055,NA
230,44,replace-space-with-newline,ifs,FALSE,20,elitize_generation_data,229,12,0.052,NA
231,44,replace-space-with-newline,ifs,FALSE,20,elitize_generation_data,230,9,0.052,NA
232,44,replace-space-with-newline,ifs,FALSE,20,elitize_generation_data,231,13,0.047,NA
233,44,replace-space-with-newline,ifs,FALSE,20,elitize_generation_data,232,14,0.04,NA
234,44,replace-space-with-newline,ifs,FALSE,20,elitize_generation_data,233,10,0.049,NA
235,44,replace-space-with-newline,ifs,FALSE,20,elitize_generation_data,234,11,0.041,NA
236,44,replace-space-with-newline,ifs,FALSE,20,elitize_generation_data,235,8,0.044,NA
237,44,replace-space-with-newline,ifs,FALSE,20,elitize_generation_data,236,8,0.031,NA
238,44,replace-space-with-newline,ifs,FALSE,20,elitize_generation_data,237,12,0.044,NA
239,44,replace-space-with-newline,ifs,FALSE,20,elitize_generation_data,238,10,0.038,NA
240,44,replace-space-with-newline,ifs,FALSE,20,elitize_generation_data,239,9,0.03,NA
241,44,replace-space-with-newline,ifs,FALSE,20,elitize_generation_data,240,10,0.038,NA
242,44,replace-space-with-newline,ifs,FALSE,20,elitize_generation_data,241,14,0.038,NA
243,44,replace-space-with-newline,ifs,FALSE,20,elitize_generation_data,242,14,0.041,NA
244,44,replace-space-with-newline,ifs,FALSE,20,elitize_generation_data,243,12,0.039,NA
245,44,replace-space-with-newline,ifs,FALSE,20,elitize_generation_data,244,8,0.035,NA
246,44,replace-space-with-newline,ifs,FALSE,20,elitize_generation_data,245,11,0.037,NA
247,44,replace-space-with-newline,ifs,FALSE,20,elitize_generation_data,246,11,0.04,NA
248,44,replace-space-with-newline,ifs,FALSE,20,elitize_generation_data,247,11,0.04,NA
249,44,replace-space-with-newline,ifs,FALSE,20,elitize_generation_data,248,9,0.033,NA
250,44,replace-space-with-newline,ifs,FALSE,20,elitize_generation_data,249,9,0.039,NA
251,44,replace-space-with-newline,ifs,FALSE,20,elitize_generation_data,250,8,0.036,NA
252,44,replace-space-with-newline,ifs,FALSE,20,elitize_generation_data,251,9,0.034,NA
253,44,replace-space-with-newline,ifs,FALSE,20,elitize_generation_data,252,10,0.033,NA
254,44,replace-space-with-newline,ifs,FALSE,20,elitize_generation_data,253,11,0.032,NA
255,44,replace-space-with-newline,ifs,FALSE,20,elitize_generation_data,254,12,0.033,NA
256,44,replace-space-with-newline,ifs,FALSE,20,elitize_generation_data,255,10,0.035,NA
257,44,replace-space-with-newline,ifs,FALSE,20,elitize_generation_data,256,6,0.029,NA
258,44,replace-space-with-newline,ifs,FALSE,20,elitize_generation_data,257,8,0.03,NA
259,44,replace-space-with-newline,ifs,FALSE,20,elitize_generation_data,258,9,0.031,NA
260,44,replace-space-with-newline,ifs,FALSE,20,elitize_generation_data,259,8,0.033,NA
261,44,replace-space-with-newline,ifs,FALSE,20,elitize_generation_data,260,14,0.036,NA
262,44,replace-space-with-newline,ifs,FALSE,20,elitize_generation_data,261,7,0.031,NA
263,44,replace-space-with-newline,ifs,FALSE,20,elitize_generation_data,262,7,0.022,NA
264,44,replace-space-with-newline,ifs,FALSE,20,elitize_generation_data,263,10,0.029,NA
265,44,replace-space-with-newline,ifs,FALSE,20,elitize_generation_data,264,12,0.034,NA
266,44,replace-space-with-newline,ifs,FALSE,20,elitize_generation_data,265,8,0.03,NA
267,44,replace-space-with-newline,ifs,FALSE,20,elitize_generation_data,266,10,0.034,NA
268,44,replace-space-with-newline,ifs,FALSE,20,elitize_generation_data,267,10,0.039,NA
269,44,replace-space-with-newline,ifs,FALSE,20,elitize_generation_data,268,8,0.038,NA
270,44,replace-space-with-newline,ifs,FALSE,20,elitize_generation_data,269,7,0.025,NA
271,44,replace-space-with-newline,ifs,FALSE,20,elitize_generation_data,270,12,0.03,NA
272,44,replace-space-with-newline,ifs,FALSE,20,elitize_generation_data,271,10,0.037,NA
273,44,replace-space-with-newline,ifs,FALSE,20,elitize_generation_data,272,11,0.032,NA
274,44,replace-space-with-newline,ifs,FALSE,20,elitize_generation_data,273,9,0.023,NA
275,44,replace-space-with-newline,ifs,FALSE,20,elitize_generation_data,274,13,0.04,NA
276,44,replace-space-with-newline,ifs,FALSE,20,elitize_generation_data,275,14,0.048,NA
277,44,replace-space-with-newline,ifs,FALSE,20,elitize_generation_data,276,12,0.035,NA
278,44,replace-space-with-newline,ifs,FALSE,20,elitize_generation_data,277,10,0.033,NA
279,44,replace-space-with-newline,ifs,FALSE,20,elitize_generation_data,278,12,0.037,NA
280,44,replace-space-with-newline,ifs,FALSE,20,elitize_generation_data,279,8,0.038,NA
281,44,replace-space-with-newline,ifs,FALSE,20,elitize_generation_data,280,12,0.031,NA
282,44,replace-space-with-newline,ifs,FALSE,20,elitize_generation_data,281,9,0.038,NA
283,44,replace-space-with-newline,ifs,FALSE,20,elitize_generation_data,282,12,0.035,NA
284,44,replace-space-with-newline,ifs,FALSE,20,elitize_generation_data,283,12,0.032,NA
285,44,replace-space-with-newline,ifs,FALSE,20,elitize_generation_data,284,10,0.031,NA
286,44,replace-space-with-newline,ifs,FALSE,20,elitize_generation_data,285,9,0.03,NA
287,44,replace-space-with-newline,ifs,FALSE,20,elitize_generation_data,286,11,0.032,NA
288,44,replace-space-with-newline,ifs,FALSE,20,elitize_generation_data,287,10,0.03,NA
289,44,replace-space-with-newline,ifs,FALSE,20,elitize_generation_data,288,12,0.041,NA
290,44,replace-space-with-newline,ifs,FALSE,20,elitize_generation_data,289,11,0.035,NA
291,44,replace-space-with-newline,ifs,FALSE,20,elitize_generation_data,290,12,0.027,NA
292,44,replace-space-with-newline,ifs,FALSE,20,elitize_generation_data,291,8,0.035,NA
293,44,replace-space-with-newline,ifs,FALSE,20,elitize_generation_data,292,7,0.027,NA
294,44,replace-space-with-newline,ifs,FALSE,20,elitize_generation_data,293,9,0.032,NA
295,44,replace-space-with-newline,ifs,FALSE,20,elitize_generation_data,294,10,0.031,NA
296,44,replace-space-with-newline,ifs,FALSE,20,elitize_generation_data,295,13,0.035,NA
297,44,replace-space-with-newline,ifs,FALSE,20,elitize_generation_data,296,9,0.029,NA
298,44,replace-space-with-newline,ifs,FALSE,20,elitize_generation_data,297,10,0.034,NA
299,44,replace-space-with-newline,ifs,FALSE,20,elitize_generation_data,298,13,0.032,NA
300,44,replace-space-with-newline,ifs,FALSE,20,elitize_generation_data,299,10,0.025,NA
301,44,replace-space-with-newline,ifs,FALSE,20,elitize_generation_data,300,7,0.033,NA
