,run.num,problem,treatment,succeeded,height,normalization.function,generation,cluster.count,error.diversity,success.generation
1,4,replace-space-with-newline,ifs,FALSE,20,elitize_generation_data,0,4,0.505,NA
2,4,replace-space-with-newline,ifs,FALSE,20,elitize_generation_data,1,4,0.347,NA
3,4,replace-space-with-newline,ifs,FALSE,20,elitize_generation_data,2,4,0.24,NA
4,4,replace-space-with-newline,ifs,FALSE,20,elitize_generation_data,3,10,0.2,NA
5,4,replace-space-with-newline,ifs,FALSE,20,elitize_generation_data,4,13,0.186,NA
6,4,replace-space-with-newline,ifs,FALSE,20,elitize_generation_data,5,10,0.117,NA
7,4,replace-space-with-newline,ifs,FALSE,20,elitize_generation_data,6,14,0.114,NA
8,4,replace-space-with-newline,ifs,FALSE,20,elitize_generation_data,7,15,0.115,NA
9,4,replace-space-with-newline,ifs,FALSE,20,elitize_generation_data,8,15,0.124,NA
10,4,replace-space-with-newline,ifs,FALSE,20,elitize_generation_data,9,15,0.114,NA
11,4,replace-space-with-newline,ifs,FALSE,20,elitize_generation_data,10,13,0.107,NA
12,4,replace-space-with-newline,ifs,FALSE,20,elitize_generation_data,11,15,0.106,NA
13,4,replace-space-with-newline,ifs,FALSE,20,elitize_generation_data,12,13,0.115,NA
14,4,replace-space-with-newline,ifs,FALSE,20,elitize_generation_data,13,18,0.11,NA
15,4,replace-space-with-newline,ifs,FALSE,20,elitize_generation_data,14,15,0.098,NA
16,4,replace-space-with-newline,ifs,FALSE,20,elitize_generation_data,15,12,0.118,NA
17,4,replace-space-with-newline,ifs,FALSE,20,elitize_generation_data,16,18,0.141,NA
18,4,replace-space-with-newline,ifs,FALSE,20,elitize_generation_data,17,15,0.16,NA
19,4,replace-space-with-newline,ifs,FALSE,20,elitize_generation_data,18,14,0.149,NA
20,4,replace-space-with-newline,ifs,FALSE,20,elitize_generation_data,19,13,0.136,NA
21,4,replace-space-with-newline,ifs,FALSE,20,elitize_generation_data,20,19,0.16,NA
22,4,replace-space-with-newline,ifs,FALSE,20,elitize_generation_data,21,13,0.138,NA
23,4,replace-space-with-newline,ifs,FALSE,20,elitize_generation_data,22,20,0.166,NA
24,4,replace-space-with-newline,ifs,FALSE,20,elitize_generation_data,23,10,0.137,NA
25,4,replace-space-with-newline,ifs,FALSE,20,elitize_generation_data,24,14,0.149,NA
26,4,replace-space-with-newline,ifs,FALSE,20,elitize_generation_data,25,18,0.151,NA
27,4,replace-space-with-newline,ifs,FALSE,20,elitize_generation_data,26,14,0.156,NA
28,4,replace-space-with-newline,ifs,FALSE,20,elitize_generation_data,27,14,0.165,NA
29,4,replace-space-with-newline,ifs,FALSE,20,elitize_generation_data,28,12,0.143,NA
30,4,replace-space-with-newline,ifs,FALSE,20,elitize_generation_data,29,22,0.15,NA
31,4,replace-space-with-newline,ifs,FALSE,20,elitize_generation_data,30,15,0.149,NA
32,4,replace-space-with-newline,ifs,FALSE,20,elitize_generation_data,31,17,0.13,NA
33,4,replace-space-with-newline,ifs,FALSE,20,elitize_generation_data,32,14,0.136,NA
34,4,replace-space-with-newline,ifs,FALSE,20,elitize_generation_data,33,17,0.177,NA
35,4,replace-space-with-newline,ifs,FALSE,20,elitize_generation_data,34,15,0.14,NA
36,4,replace-space-with-newline,ifs,FALSE,20,elitize_generation_data,35,20,0.147,NA
37,4,replace-space-with-newline,ifs,FALSE,20,elitize_generation_data,36,21,0.141,NA
38,4,replace-space-with-newline,ifs,FALSE,20,elitize_generation_data,37,17,0.146,NA
39,4,replace-space-with-newline,ifs,FALSE,20,elitize_generation_data,38,18,0.155,NA
40,4,replace-space-with-newline,ifs,FALSE,20,elitize_generation_data,39,19,0.15,NA
41,4,replace-space-with-newline,ifs,FALSE,20,elitize_generation_data,40,12,0.134,NA
42,4,replace-space-with-newline,ifs,FALSE,20,elitize_generation_data,41,12,0.139,NA
43,4,replace-space-with-newline,ifs,FALSE,20,elitize_generation_data,42,13,0.148,NA
44,4,replace-space-with-newline,ifs,FALSE,20,elitize_generation_data,43,15,0.137,NA
45,4,replace-space-with-newline,ifs,FALSE,20,elitize_generation_data,44,18,0.128,NA
46,4,replace-space-with-newline,ifs,FALSE,20,elitize_generation_data,45,11,0.13,NA
47,4,replace-space-with-newline,ifs,FALSE,20,elitize_generation_data,46,15,0.134,NA
48,4,replace-space-with-newline,ifs,FALSE,20,elitize_generation_data,47,15,0.136,NA
49,4,replace-space-with-newline,ifs,FALSE,20,elitize_generation_data,48,18,0.143,NA
50,4,replace-space-with-newline,ifs,FALSE,20,elitize_generation_data,49,20,0.147,NA
51,4,replace-space-with-newline,ifs,FALSE,20,elitize_generation_data,50,12,0.132,NA
52,4,replace-space-with-newline,ifs,FALSE,20,elitize_generation_data,51,15,0.142,NA
53,4,replace-space-with-newline,ifs,FALSE,20,elitize_generation_data,52,17,0.135,NA
54,4,replace-space-with-newline,ifs,FALSE,20,elitize_generation_data,53,13,0.13,NA
55,4,replace-space-with-newline,ifs,FALSE,20,elitize_generation_data,54,13,0.144,NA
56,4,replace-space-with-newline,ifs,FALSE,20,elitize_generation_data,55,14,0.128,NA
57,4,replace-space-with-newline,ifs,FALSE,20,elitize_generation_data,56,16,0.12,NA
58,4,replace-space-with-newline,ifs,FALSE,20,elitize_generation_data,57,12,0.132,NA
59,4,replace-space-with-newline,ifs,FALSE,20,elitize_generation_data,58,17,0.148,NA
60,4,replace-space-with-newline,ifs,FALSE,20,elitize_generation_data,59,13,0.126,NA
61,4,replace-space-with-newline,ifs,FALSE,20,elitize_generation_data,60,16,0.139,NA
62,4,replace-space-with-newline,ifs,FALSE,20,elitize_generation_data,61,17,0.145,NA
63,4,replace-space-with-newline,ifs,FALSE,20,elitize_generation_data,62,18,0.135,NA
64,4,replace-space-with-newline,ifs,FALSE,20,elitize_generation_data,63,14,0.134,NA
65,4,replace-space-with-newline,ifs,FALSE,20,elitize_generation_data,64,12,0.137,NA
66,4,replace-space-with-newline,ifs,FALSE,20,elitize_generation_data,65,10,0.117,NA
67,4,replace-space-with-newline,ifs,FALSE,20,elitize_generation_data,66,12,0.123,NA
68,4,replace-space-with-newline,ifs,FALSE,20,elitize_generation_data,67,13,0.127,NA
69,4,replace-space-with-newline,ifs,FALSE,20,elitize_generation_data,68,15,0.115,NA
70,4,replace-space-with-newline,ifs,FALSE,20,elitize_generation_data,69,12,0.119,NA
71,4,replace-space-with-newline,ifs,FALSE,20,elitize_generation_data,70,15,0.117,NA
72,4,replace-space-with-newline,ifs,FALSE,20,elitize_generation_data,71,15,0.124,NA
73,4,replace-space-with-newline,ifs,FALSE,20,elitize_generation_data,72,16,0.133,NA
74,4,replace-space-with-newline,ifs,FALSE,20,elitize_generation_data,73,14,0.121,NA
75,4,replace-space-with-newline,ifs,FALSE,20,elitize_generation_data,74,13,0.113,NA
76,4,replace-space-with-newline,ifs,FALSE,20,elitize_generation_data,75,15,0.121,NA
77,4,replace-space-with-newline,ifs,FALSE,20,elitize_generation_data,76,13,0.138,NA
78,4,replace-space-with-newline,ifs,FALSE,20,elitize_generation_data,77,14,0.122,NA
79,4,replace-space-with-newline,ifs,FALSE,20,elitize_generation_data,78,12,0.122,NA
80,4,replace-space-with-newline,ifs,FALSE,20,elitize_generation_data,79,14,0.117,NA
81,4,replace-space-with-newline,ifs,FALSE,20,elitize_generation_data,80,12,0.111,NA
82,4,replace-space-with-newline,ifs,FALSE,20,elitize_generation_data,81,16,0.129,NA
83,4,replace-space-with-newline,ifs,FALSE,20,elitize_generation_data,82,11,0.115,NA
84,4,replace-space-with-newline,ifs,FALSE,20,elitize_generation_data,83,12,0.12,NA
85,4,replace-space-with-newline,ifs,FALSE,20,elitize_generation_data,84,14,0.116,NA
86,4,replace-space-with-newline,ifs,FALSE,20,elitize_generation_data,85,13,0.11,NA
87,4,replace-space-with-newline,ifs,FALSE,20,elitize_generation_data,86,11,0.103,NA
88,4,replace-space-with-newline,ifs,FALSE,20,elitize_generation_data,87,13,0.113,NA
89,4,replace-space-with-newline,ifs,FALSE,20,elitize_generation_data,88,16,0.119,NA
90,4,replace-space-with-newline,ifs,FALSE,20,elitize_generation_data,89,15,0.105,NA
91,4,replace-space-with-newline,ifs,FALSE,20,elitize_generation_data,90,16,0.122,NA
92,4,replace-space-with-newline,ifs,FALSE,20,elitize_generation_data,91,15,0.116,NA
93,4,replace-space-with-newline,ifs,FALSE,20,elitize_generation_data,92,12,0.113,NA
94,4,replace-space-with-newline,ifs,FALSE,20,elitize_generation_data,93,12,0.117,NA
95,4,replace-space-with-newline,ifs,FALSE,20,elitize_generation_data,94,14,0.11,NA
96,4,replace-space-with-newline,ifs,FALSE,20,elitize_generation_data,95,14,0.097,NA
97,4,replace-space-with-newline,ifs,FALSE,20,elitize_generation_data,96,12,0.104,NA
98,4,replace-space-with-newline,ifs,FALSE,20,elitize_generation_data,97,13,0.117,NA
99,4,replace-space-with-newline,ifs,FALSE,20,elitize_generation_data,98,14,0.117,NA
100,4,replace-space-with-newline,ifs,FALSE,20,elitize_generation_data,99,14,0.111,NA
101,4,replace-space-with-newline,ifs,FALSE,20,elitize_generation_data,100,12,0.115,NA
102,4,replace-space-with-newline,ifs,FALSE,20,elitize_generation_data,101,12,0.105,NA
103,4,replace-space-with-newline,ifs,FALSE,20,elitize_generation_data,102,16,0.1,NA
104,4,replace-space-with-newline,ifs,FALSE,20,elitize_generation_data,103,14,0.111,NA
105,4,replace-space-with-newline,ifs,FALSE,20,elitize_generation_data,104,11,0.078,NA
106,4,replace-space-with-newline,ifs,FALSE,20,elitize_generation_data,105,12,0.081,NA
107,4,replace-space-with-newline,ifs,FALSE,20,elitize_generation_data,106,11,0.101,NA
108,4,replace-space-with-newline,ifs,FALSE,20,elitize_generation_data,107,18,0.089,NA
109,4,replace-space-with-newline,ifs,FALSE,20,elitize_generation_data,108,14,0.091,NA
110,4,replace-space-with-newline,ifs,FALSE,20,elitize_generation_data,109,11,0.103,NA
111,4,replace-space-with-newline,ifs,FALSE,20,elitize_generation_data,110,11,0.093,NA
112,4,replace-space-with-newline,ifs,FALSE,20,elitize_generation_data,111,15,0.089,NA
113,4,replace-space-with-newline,ifs,FALSE,20,elitize_generation_data,112,13,0.108,NA
114,4,replace-space-with-newline,ifs,FALSE,20,elitize_generation_data,113,9,0.086,NA
115,4,replace-space-with-newline,ifs,FALSE,20,elitize_generation_data,114,12,0.088,NA
116,4,replace-space-with-newline,ifs,FALSE,20,elitize_generation_data,115,10,0.094,NA
117,4,replace-space-with-newline,ifs,FALSE,20,elitize_generation_data,116,14,0.082,NA
118,4,replace-space-with-newline,ifs,FALSE,20,elitize_generation_data,117,12,0.09,NA
119,4,replace-space-with-newline,ifs,FALSE,20,elitize_generation_data,118,14,0.084,NA
120,4,replace-space-with-newline,ifs,FALSE,20,elitize_generation_data,119,11,0.104,NA
121,4,replace-space-with-newline,ifs,FALSE,20,elitize_generation_data,120,12,0.096,NA
122,4,replace-space-with-newline,ifs,FALSE,20,elitize_generation_data,121,12,0.093,NA
123,4,replace-space-with-newline,ifs,FALSE,20,elitize_generation_data,122,13,0.085,NA
124,4,replace-space-with-newline,ifs,FALSE,20,elitize_generation_data,123,11,0.091,NA
125,4,replace-space-with-newline,ifs,FALSE,20,elitize_generation_data,124,16,0.092,NA
126,4,replace-space-with-newline,ifs,FALSE,20,elitize_generation_data,125,14,0.086,NA
127,4,replace-space-with-newline,ifs,FALSE,20,elitize_generation_data,126,15,0.092,NA
128,4,replace-space-with-newline,ifs,FALSE,20,elitize_generation_data,127,10,0.094,NA
129,4,replace-space-with-newline,ifs,FALSE,20,elitize_generation_data,128,10,0.091,NA
130,4,replace-space-with-newline,ifs,FALSE,20,elitize_generation_data,129,13,0.093,NA
131,4,replace-space-with-newline,ifs,FALSE,20,elitize_generation_data,130,10,0.09,NA
132,4,replace-space-with-newline,ifs,FALSE,20,elitize_generation_data,131,12,0.104,NA
133,4,replace-space-with-newline,ifs,FALSE,20,elitize_generation_data,132,14,0.097,NA
134,4,replace-space-with-newline,ifs,FALSE,20,elitize_generation_data,133,12,0.09,NA
135,4,replace-space-with-newline,ifs,FALSE,20,elitize_generation_data,134,9,0.077,NA
136,4,replace-space-with-newline,ifs,FALSE,20,elitize_generation_data,135,11,0.098,NA
137,4,replace-space-with-newline,ifs,FALSE,20,elitize_generation_data,136,13,0.094,NA
138,4,replace-space-with-newline,ifs,FALSE,20,elitize_generation_data,137,10,0.085,NA
139,4,replace-space-with-newline,ifs,FALSE,20,elitize_generation_data,138,15,0.088,NA
140,4,replace-space-with-newline,ifs,FALSE,20,elitize_generation_data,139,10,0.091,NA
141,4,replace-space-with-newline,ifs,FALSE,20,elitize_generation_data,140,13,0.081,NA
142,4,replace-space-with-newline,ifs,FALSE,20,elitize_generation_data,141,11,0.081,NA
143,4,replace-space-with-newline,ifs,FALSE,20,elitize_generation_data,142,10,0.084,NA
144,4,replace-space-with-newline,ifs,FALSE,20,elitize_generation_data,143,13,0.093,NA
145,4,replace-space-with-newline,ifs,FALSE,20,elitize_generation_data,144,10,0.077,NA
146,4,replace-space-with-newline,ifs,FALSE,20,elitize_generation_data,145,14,0.086,NA
147,4,replace-space-with-newline,ifs,FALSE,20,elitize_generation_data,146,11,0.088,NA
148,4,replace-space-with-newline,ifs,FALSE,20,elitize_generation_data,147,12,0.095,NA
149,4,replace-space-with-newline,ifs,FALSE,20,elitize_generation_data,148,12,0.081,NA
150,4,replace-space-with-newline,ifs,FALSE,20,elitize_generation_data,149,12,0.099,NA
151,4,replace-space-with-newline,ifs,FALSE,20,elitize_generation_data,150,18,0.089,NA
152,4,replace-space-with-newline,ifs,FALSE,20,elitize_generation_data,151,11,0.078,NA
153,4,replace-space-with-newline,ifs,FALSE,20,elitize_generation_data,152,14,0.093,NA
154,4,replace-space-with-newline,ifs,FALSE,20,elitize_generation_data,153,12,0.077,NA
155,4,replace-space-with-newline,ifs,FALSE,20,elitize_generation_data,154,13,0.095,NA
156,4,replace-space-with-newline,ifs,FALSE,20,elitize_generation_data,155,14,0.085,NA
157,4,replace-space-with-newline,ifs,FALSE,20,elitize_generation_data,156,9,0.082,NA
158,4,replace-space-with-newline,ifs,FALSE,20,elitize_generation_data,157,10,0.087,NA
159,4,replace-space-with-newline,ifs,FALSE,20,elitize_generation_data,158,14,0.086,NA
160,4,replace-space-with-newline,ifs,FALSE,20,elitize_generation_data,159,14,0.081,NA
161,4,replace-space-with-newline,ifs,FALSE,20,elitize_generation_data,160,16,0.086,NA
162,4,replace-space-with-newline,ifs,FALSE,20,elitize_generation_data,161,15,0.092,NA
163,4,replace-space-with-newline,ifs,FALSE,20,elitize_generation_data,162,11,0.091,NA
164,4,replace-space-with-newline,ifs,FALSE,20,elitize_generation_data,163,11,0.078,NA
165,4,replace-space-with-newline,ifs,FALSE,20,elitize_generation_data,164,12,0.083,NA
166,4,replace-space-with-newline,ifs,FALSE,20,elitize_generation_data,165,13,0.074,NA
167,4,replace-space-with-newline,ifs,FALSE,20,elitize_generation_data,166,12,0.086,NA
168,4,replace-space-with-newline,ifs,FALSE,20,elitize_generation_data,167,10,0.08,NA
169,4,replace-space-with-newline,ifs,FALSE,20,elitize_generation_data,168,13,0.094,NA
170,4,replace-space-with-newline,ifs,FALSE,20,elitize_generation_data,169,9,0.077,NA
171,4,replace-space-with-newline,ifs,FALSE,20,elitize_generation_data,170,16,0.085,NA
172,4,replace-space-with-newline,ifs,FALSE,20,elitize_generation_data,171,11,0.081,NA
173,4,replace-space-with-newline,ifs,FALSE,20,elitize_generation_data,172,13,0.086,NA
174,4,replace-space-with-newline,ifs,FALSE,20,elitize_generation_data,173,9,0.086,NA
175,4,replace-space-with-newline,ifs,FALSE,20,elitize_generation_data,174,17,0.085,NA
176,4,replace-space-with-newline,ifs,FALSE,20,elitize_generation_data,175,8,0.075,NA
177,4,replace-space-with-newline,ifs,FALSE,20,elitize_generation_data,176,13,0.081,NA
178,4,replace-space-with-newline,ifs,FALSE,20,elitize_generation_data,177,9,0.075,NA
179,4,replace-space-with-newline,ifs,FALSE,20,elitize_generation_data,178,13,0.092,NA
180,4,replace-space-with-newline,ifs,FALSE,20,elitize_generation_data,179,11,0.076,NA
181,4,replace-space-with-newline,ifs,FALSE,20,elitize_generation_data,180,14,0.084,NA
182,4,replace-space-with-newline,ifs,FALSE,20,elitize_generation_data,181,11,0.068,NA
183,4,replace-space-with-newline,ifs,FALSE,20,elitize_generation_data,182,8,0.079,NA
184,4,replace-space-with-newline,ifs,FALSE,20,elitize_generation_data,183,11,0.084,NA
185,4,replace-space-with-newline,ifs,FALSE,20,elitize_generation_data,184,8,0.067,NA
186,4,replace-space-with-newline,ifs,FALSE,20,elitize_generation_data,185,11,0.071,NA
187,4,replace-space-with-newline,ifs,FALSE,20,elitize_generation_data,186,10,0.061,NA
188,4,replace-space-with-newline,ifs,FALSE,20,elitize_generation_data,187,13,0.077,NA
189,4,replace-space-with-newline,ifs,FALSE,20,elitize_generation_data,188,12,0.071,NA
190,4,replace-space-with-newline,ifs,FALSE,20,elitize_generation_data,189,8,0.068,NA
191,4,replace-space-with-newline,ifs,FALSE,20,elitize_generation_data,190,8,0.071,NA
192,4,replace-space-with-newline,ifs,FALSE,20,elitize_generation_data,191,8,0.062,NA
193,4,replace-space-with-newline,ifs,FALSE,20,elitize_generation_data,192,13,0.068,NA
194,4,replace-space-with-newline,ifs,FALSE,20,elitize_generation_data,193,7,0.068,NA
195,4,replace-space-with-newline,ifs,FALSE,20,elitize_generation_data,194,13,0.065,NA
196,4,replace-space-with-newline,ifs,FALSE,20,elitize_generation_data,195,9,0.068,NA
197,4,replace-space-with-newline,ifs,FALSE,20,elitize_generation_data,196,10,0.074,NA
198,4,replace-space-with-newline,ifs,FALSE,20,elitize_generation_data,197,11,0.074,NA
199,4,replace-space-with-newline,ifs,FALSE,20,elitize_generation_data,198,9,0.062,NA
200,4,replace-space-with-newline,ifs,FALSE,20,elitize_generation_data,199,10,0.056,NA
201,4,replace-space-with-newline,ifs,FALSE,20,elitize_generation_data,200,10,0.059,NA
202,4,replace-space-with-newline,ifs,FALSE,20,elitize_generation_data,201,13,0.06,NA
203,4,replace-space-with-newline,ifs,FALSE,20,elitize_generation_data,202,11,0.07,NA
204,4,replace-space-with-newline,ifs,FALSE,20,elitize_generation_data,203,12,0.065,NA
205,4,replace-space-with-newline,ifs,FALSE,20,elitize_generation_data,204,11,0.058,NA
206,4,replace-space-with-newline,ifs,FALSE,20,elitize_generation_data,205,12,0.059,NA
207,4,replace-space-with-newline,ifs,FALSE,20,elitize_generation_data,206,14,0.056,NA
208,4,replace-space-with-newline,ifs,FALSE,20,elitize_generation_data,207,10,0.069,NA
209,4,replace-space-with-newline,ifs,FALSE,20,elitize_generation_data,208,10,0.056,NA
210,4,replace-space-with-newline,ifs,FALSE,20,elitize_generation_data,209,8,0.06,NA
211,4,replace-space-with-newline,ifs,FALSE,20,elitize_generation_data,210,13,0.067,NA
212,4,replace-space-with-newline,ifs,FALSE,20,elitize_generation_data,211,14,0.055,NA
213,4,replace-space-with-newline,ifs,FALSE,20,elitize_generation_data,212,9,0.062,NA
214,4,replace-space-with-newline,ifs,FALSE,20,elitize_generation_data,213,8,0.052,NA
215,4,replace-space-with-newline,ifs,FALSE,20,elitize_generation_data,214,12,0.062,NA
216,4,replace-space-with-newline,ifs,FALSE,20,elitize_generation_data,215,11,0.058,NA
217,4,replace-space-with-newline,ifs,FALSE,20,elitize_generation_data,216,9,0.055,NA
218,4,replace-space-with-newline,ifs,FALSE,20,elitize_generation_data,217,12,0.071,NA
219,4,replace-space-with-newline,ifs,FALSE,20,elitize_generation_data,218,9,0.056,NA
220,4,replace-space-with-newline,ifs,FALSE,20,elitize_generation_data,219,12,0.059,NA
221,4,replace-space-with-newline,ifs,FALSE,20,elitize_generation_data,220,10,0.051,NA
222,4,replace-space-with-newline,ifs,FALSE,20,elitize_generation_data,221,14,0.063,NA
223,4,replace-space-with-newline,ifs,FALSE,20,elitize_generation_data,222,10,0.051,NA
224,4,replace-space-with-newline,ifs,FALSE,20,elitize_generation_data,223,14,0.062,NA
225,4,replace-space-with-newline,ifs,FALSE,20,elitize_generation_data,224,10,0.071,NA
226,4,replace-space-with-newline,ifs,FALSE,20,elitize_generation_data,225,12,0.055,NA
227,4,replace-space-with-newline,ifs,FALSE,20,elitize_generation_data,226,16,0.07,NA
228,4,replace-space-with-newline,ifs,FALSE,20,elitize_generation_data,227,8,0.051,NA
229,4,replace-space-with-newline,ifs,FALSE,20,elitize_generation_data,228,10,0.055,NA
230,4,replace-space-with-newline,ifs,FALSE,20,elitize_generation_data,229,12,0.056,NA
231,4,replace-space-with-newline,ifs,FALSE,20,elitize_generation_data,230,11,0.051,NA
232,4,replace-space-with-newline,ifs,FALSE,20,elitize_generation_data,231,8,0.054,NA
233,4,replace-space-with-newline,ifs,FALSE,20,elitize_generation_data,232,11,0.059,NA
234,4,replace-space-with-newline,ifs,FALSE,20,elitize_generation_data,233,12,0.061,NA
235,4,replace-space-with-newline,ifs,FALSE,20,elitize_generation_data,234,13,0.057,NA
236,4,replace-space-with-newline,ifs,FALSE,20,elitize_generation_data,235,11,0.052,NA
237,4,replace-space-with-newline,ifs,FALSE,20,elitize_generation_data,236,11,0.06,NA
238,4,replace-space-with-newline,ifs,FALSE,20,elitize_generation_data,237,9,0.047,NA
239,4,replace-space-with-newline,ifs,FALSE,20,elitize_generation_data,238,9,0.059,NA
240,4,replace-space-with-newline,ifs,FALSE,20,elitize_generation_data,239,11,0.064,NA
241,4,replace-space-with-newline,ifs,FALSE,20,elitize_generation_data,240,11,0.051,NA
242,4,replace-space-with-newline,ifs,FALSE,20,elitize_generation_data,241,8,0.05,NA
243,4,replace-space-with-newline,ifs,FALSE,20,elitize_generation_data,242,10,0.044,NA
244,4,replace-space-with-newline,ifs,FALSE,20,elitize_generation_data,243,12,0.053,NA
245,4,replace-space-with-newline,ifs,FALSE,20,elitize_generation_data,244,10,0.053,NA
246,4,replace-space-with-newline,ifs,FALSE,20,elitize_generation_data,245,10,0.052,NA
247,4,replace-space-with-newline,ifs,FALSE,20,elitize_generation_data,246,7,0.05,NA
248,4,replace-space-with-newline,ifs,FALSE,20,elitize_generation_data,247,11,0.064,NA
249,4,replace-space-with-newline,ifs,FALSE,20,elitize_generation_data,248,12,0.056,NA
250,4,replace-space-with-newline,ifs,FALSE,20,elitize_generation_data,249,11,0.061,NA
251,4,replace-space-with-newline,ifs,FALSE,20,elitize_generation_data,250,9,0.056,NA
252,4,replace-space-with-newline,ifs,FALSE,20,elitize_generation_data,251,14,0.057,NA
253,4,replace-space-with-newline,ifs,FALSE,20,elitize_generation_data,252,13,0.064,NA
254,4,replace-space-with-newline,ifs,FALSE,20,elitize_generation_data,253,12,0.052,NA
255,4,replace-space-with-newline,ifs,FALSE,20,elitize_generation_data,254,10,0.052,NA
256,4,replace-space-with-newline,ifs,FALSE,20,elitize_generation_data,255,12,0.049,NA
257,4,replace-space-with-newline,ifs,FALSE,20,elitize_generation_data,256,11,0.045,NA
258,4,replace-space-with-newline,ifs,FALSE,20,elitize_generation_data,257,15,0.054,NA
259,4,replace-space-with-newline,ifs,FALSE,20,elitize_generation_data,258,10,0.05,NA
260,4,replace-space-with-newline,ifs,FALSE,20,elitize_generation_data,259,8,0.049,NA
261,4,replace-space-with-newline,ifs,FALSE,20,elitize_generation_data,260,10,0.048,NA
262,4,replace-space-with-newline,ifs,FALSE,20,elitize_generation_data,261,14,0.052,NA
263,4,replace-space-with-newline,ifs,FALSE,20,elitize_generation_data,262,12,0.056,NA
264,4,replace-space-with-newline,ifs,FALSE,20,elitize_generation_data,263,12,0.055,NA
265,4,replace-space-with-newline,ifs,FALSE,20,elitize_generation_data,264,14,0.06,NA
266,4,replace-space-with-newline,ifs,FALSE,20,elitize_generation_data,265,11,0.06,NA
267,4,replace-space-with-newline,ifs,FALSE,20,elitize_generation_data,266,12,0.045,NA
268,4,replace-space-with-newline,ifs,FALSE,20,elitize_generation_data,267,12,0.054,NA
269,4,replace-space-with-newline,ifs,FALSE,20,elitize_generation_data,268,13,0.053,NA
270,4,replace-space-with-newline,ifs,FALSE,20,elitize_generation_data,269,15,0.058,NA
271,4,replace-space-with-newline,ifs,FALSE,20,elitize_generation_data,270,12,0.057,NA
272,4,replace-space-with-newline,ifs,FALSE,20,elitize_generation_data,271,8,0.053,NA
273,4,replace-space-with-newline,ifs,FALSE,20,elitize_generation_data,272,9,0.056,NA
274,4,replace-space-with-newline,ifs,FALSE,20,elitize_generation_data,273,9,0.052,NA
275,4,replace-space-with-newline,ifs,FALSE,20,elitize_generation_data,274,9,0.047,NA
276,4,replace-space-with-newline,ifs,FALSE,20,elitize_generation_data,275,10,0.053,NA
277,4,replace-space-with-newline,ifs,FALSE,20,elitize_generation_data,276,10,0.065,NA
278,4,replace-space-with-newline,ifs,FALSE,20,elitize_generation_data,277,10,0.063,NA
279,4,replace-space-with-newline,ifs,FALSE,20,elitize_generation_data,278,9,0.059,NA
280,4,replace-space-with-newline,ifs,FALSE,20,elitize_generation_data,279,11,0.056,NA
281,4,replace-space-with-newline,ifs,FALSE,20,elitize_generation_data,280,10,0.063,NA
282,4,replace-space-with-newline,ifs,FALSE,20,elitize_generation_data,281,14,0.064,NA
283,4,replace-space-with-newline,ifs,FALSE,20,elitize_generation_data,282,9,0.047,NA
284,4,replace-space-with-newline,ifs,FALSE,20,elitize_generation_data,283,11,0.056,NA
285,4,replace-space-with-newline,ifs,FALSE,20,elitize_generation_data,284,12,0.06,NA
286,4,replace-space-with-newline,ifs,FALSE,20,elitize_generation_data,285,10,0.053,NA
287,4,replace-space-with-newline,ifs,FALSE,20,elitize_generation_data,286,9,0.053,NA
288,4,replace-space-with-newline,ifs,FALSE,20,elitize_generation_data,287,9,0.05,NA
289,4,replace-space-with-newline,ifs,FALSE,20,elitize_generation_data,288,11,0.05,NA
290,4,replace-space-with-newline,ifs,FALSE,20,elitize_generation_data,289,12,0.058,NA
291,4,replace-space-with-newline,ifs,FALSE,20,elitize_generation_data,290,10,0.056,NA
292,4,replace-space-with-newline,ifs,FALSE,20,elitize_generation_data,291,10,0.056,NA
293,4,replace-space-with-newline,ifs,FALSE,20,elitize_generation_data,292,9,0.06,NA
294,4,replace-space-with-newline,ifs,FALSE,20,elitize_generation_data,293,6,0.042,NA
295,4,replace-space-with-newline,ifs,FALSE,20,elitize_generation_data,294,8,0.049,NA
296,4,replace-space-with-newline,ifs,FALSE,20,elitize_generation_data,295,11,0.056,NA
297,4,replace-space-with-newline,ifs,FALSE,20,elitize_generation_data,296,8,0.048,NA
298,4,replace-space-with-newline,ifs,FALSE,20,elitize_generation_data,297,10,0.056,NA
299,4,replace-space-with-newline,ifs,FALSE,20,elitize_generation_data,298,11,0.054,NA
300,4,replace-space-with-newline,ifs,FALSE,20,elitize_generation_data,299,10,0.051,NA
301,4,replace-space-with-newline,ifs,FALSE,20,elitize_generation_data,300,13,0.062,NA
