,run.num,problem,treatment,succeeded,height,normalization.function,generation,cluster.count,error.diversity,success.generation
1,51,replace-space-with-newline,ifs,TRUE,20,elitize_generation_data,0,4,0.471,271
2,51,replace-space-with-newline,ifs,TRUE,20,elitize_generation_data,1,6,0.377,271
3,51,replace-space-with-newline,ifs,TRUE,20,elitize_generation_data,2,8,0.286,271
4,51,replace-space-with-newline,ifs,TRUE,20,elitize_generation_data,3,7,0.299,271
5,51,replace-space-with-newline,ifs,TRUE,20,elitize_generation_data,4,11,0.305,271
6,51,replace-space-with-newline,ifs,TRUE,20,elitize_generation_data,5,10,0.214,271
7,51,replace-space-with-newline,ifs,TRUE,20,elitize_generation_data,6,13,0.116,271
8,51,replace-space-with-newline,ifs,TRUE,20,elitize_generation_data,7,11,0.085,271
9,51,replace-space-with-newline,ifs,TRUE,20,elitize_generation_data,8,7,0.074,271
10,51,replace-space-with-newline,ifs,TRUE,20,elitize_generation_data,9,9,0.075,271
11,51,replace-space-with-newline,ifs,TRUE,20,elitize_generation_data,10,9,0.072,271
12,51,replace-space-with-newline,ifs,TRUE,20,elitize_generation_data,11,10,0.059,271
13,51,replace-space-with-newline,ifs,TRUE,20,elitize_generation_data,12,9,0.061,271
14,51,replace-space-with-newline,ifs,TRUE,20,elitize_generation_data,13,11,0.06,271
15,51,replace-space-with-newline,ifs,TRUE,20,elitize_generation_data,14,11,0.079,271
16,51,replace-space-with-newline,ifs,TRUE,20,elitize_generation_data,15,11,0.079,271
17,51,replace-space-with-newline,ifs,TRUE,20,elitize_generation_data,16,11,0.068,271
18,51,replace-space-with-newline,ifs,TRUE,20,elitize_generation_data,17,12,0.074,271
19,51,replace-space-with-newline,ifs,TRUE,20,elitize_generation_data,18,11,0.084,271
20,51,replace-space-with-newline,ifs,TRUE,20,elitize_generation_data,19,12,0.093,271
21,51,replace-space-with-newline,ifs,TRUE,20,elitize_generation_data,20,13,0.137,271
22,51,replace-space-with-newline,ifs,TRUE,20,elitize_generation_data,21,13,0.091,271
23,51,replace-space-with-newline,ifs,TRUE,20,elitize_generation_data,22,13,0.079,271
24,51,replace-space-with-newline,ifs,TRUE,20,elitize_generation_data,23,12,0.079,271
25,51,replace-space-with-newline,ifs,TRUE,20,elitize_generation_data,24,10,0.072,271
26,51,replace-space-with-newline,ifs,TRUE,20,elitize_generation_data,25,11,0.052,271
27,51,replace-space-with-newline,ifs,TRUE,20,elitize_generation_data,26,12,0.045,271
28,51,replace-space-with-newline,ifs,TRUE,20,elitize_generation_data,27,11,0.044,271
29,51,replace-space-with-newline,ifs,TRUE,20,elitize_generation_data,28,10,0.047,271
30,51,replace-space-with-newline,ifs,TRUE,20,elitize_generation_data,29,9,0.04,271
31,51,replace-space-with-newline,ifs,TRUE,20,elitize_generation_data,30,9,0.043,271
32,51,replace-space-with-newline,ifs,TRUE,20,elitize_generation_data,31,9,0.046,271
33,51,replace-space-with-newline,ifs,TRUE,20,elitize_generation_data,32,11,0.046,271
34,51,replace-space-with-newline,ifs,TRUE,20,elitize_generation_data,33,14,0.052,271
35,51,replace-space-with-newline,ifs,TRUE,20,elitize_generation_data,34,10,0.049,271
36,51,replace-space-with-newline,ifs,TRUE,20,elitize_generation_data,35,12,0.045,271
37,51,replace-space-with-newline,ifs,TRUE,20,elitize_generation_data,36,13,0.048,271
38,51,replace-space-with-newline,ifs,TRUE,20,elitize_generation_data,37,15,0.053,271
39,51,replace-space-with-newline,ifs,TRUE,20,elitize_generation_data,38,11,0.039,271
40,51,replace-space-with-newline,ifs,TRUE,20,elitize_generation_data,39,12,0.056,271
41,51,replace-space-with-newline,ifs,TRUE,20,elitize_generation_data,40,11,0.057,271
42,51,replace-space-with-newline,ifs,TRUE,20,elitize_generation_data,41,10,0.055,271
43,51,replace-space-with-newline,ifs,TRUE,20,elitize_generation_data,42,14,0.058,271
44,51,replace-space-with-newline,ifs,TRUE,20,elitize_generation_data,43,10,0.055,271
45,51,replace-space-with-newline,ifs,TRUE,20,elitize_generation_data,44,14,0.051,271
46,51,replace-space-with-newline,ifs,TRUE,20,elitize_generation_data,45,11,0.053,271
47,51,replace-space-with-newline,ifs,TRUE,20,elitize_generation_data,46,12,0.056,271
48,51,replace-space-with-newline,ifs,TRUE,20,elitize_generation_data,47,13,0.067,271
49,51,replace-space-with-newline,ifs,TRUE,20,elitize_generation_data,48,10,0.052,271
50,51,replace-space-with-newline,ifs,TRUE,20,elitize_generation_data,49,11,0.053,271
51,51,replace-space-with-newline,ifs,TRUE,20,elitize_generation_data,50,11,0.06,271
52,51,replace-space-with-newline,ifs,TRUE,20,elitize_generation_data,51,9,0.054,271
53,51,replace-space-with-newline,ifs,TRUE,20,elitize_generation_data,52,9,0.068,271
54,51,replace-space-with-newline,ifs,TRUE,20,elitize_generation_data,53,10,0.056,271
55,51,replace-space-with-newline,ifs,TRUE,20,elitize_generation_data,54,10,0.06,271
56,51,replace-space-with-newline,ifs,TRUE,20,elitize_generation_data,55,12,0.06,271
57,51,replace-space-with-newline,ifs,TRUE,20,elitize_generation_data,56,10,0.066,271
58,51,replace-space-with-newline,ifs,TRUE,20,elitize_generation_data,57,10,0.069,271
59,51,replace-space-with-newline,ifs,TRUE,20,elitize_generation_data,58,13,0.065,271
60,51,replace-space-with-newline,ifs,TRUE,20,elitize_generation_data,59,12,0.071,271
61,51,replace-space-with-newline,ifs,TRUE,20,elitize_generation_data,60,14,0.068,271
62,51,replace-space-with-newline,ifs,TRUE,20,elitize_generation_data,61,12,0.061,271
63,51,replace-space-with-newline,ifs,TRUE,20,elitize_generation_data,62,10,0.06,271
64,51,replace-space-with-newline,ifs,TRUE,20,elitize_generation_data,63,12,0.061,271
65,51,replace-space-with-newline,ifs,TRUE,20,elitize_generation_data,64,9,0.057,271
66,51,replace-space-with-newline,ifs,TRUE,20,elitize_generation_data,65,12,0.062,271
67,51,replace-space-with-newline,ifs,TRUE,20,elitize_generation_data,66,12,0.073,271
68,51,replace-space-with-newline,ifs,TRUE,20,elitize_generation_data,67,11,0.062,271
69,51,replace-space-with-newline,ifs,TRUE,20,elitize_generation_data,68,8,0.061,271
70,51,replace-space-with-newline,ifs,TRUE,20,elitize_generation_data,69,9,0.061,271
71,51,replace-space-with-newline,ifs,TRUE,20,elitize_generation_data,70,12,0.059,271
72,51,replace-space-with-newline,ifs,TRUE,20,elitize_generation_data,71,10,0.067,271
73,51,replace-space-with-newline,ifs,TRUE,20,elitize_generation_data,72,8,0.06,271
74,51,replace-space-with-newline,ifs,TRUE,20,elitize_generation_data,73,10,0.058,271
75,51,replace-space-with-newline,ifs,TRUE,20,elitize_generation_data,74,11,0.062,271
76,51,replace-space-with-newline,ifs,TRUE,20,elitize_generation_data,75,11,0.069,271
77,51,replace-space-with-newline,ifs,TRUE,20,elitize_generation_data,76,10,0.063,271
78,51,replace-space-with-newline,ifs,TRUE,20,elitize_generation_data,77,9,0.062,271
79,51,replace-space-with-newline,ifs,TRUE,20,elitize_generation_data,78,10,0.058,271
80,51,replace-space-with-newline,ifs,TRUE,20,elitize_generation_data,79,11,0.065,271
81,51,replace-space-with-newline,ifs,TRUE,20,elitize_generation_data,80,12,0.061,271
82,51,replace-space-with-newline,ifs,TRUE,20,elitize_generation_data,81,9,0.058,271
83,51,replace-space-with-newline,ifs,TRUE,20,elitize_generation_data,82,11,0.071,271
84,51,replace-space-with-newline,ifs,TRUE,20,elitize_generation_data,83,9,0.049,271
85,51,replace-space-with-newline,ifs,TRUE,20,elitize_generation_data,84,9,0.05,271
86,51,replace-space-with-newline,ifs,TRUE,20,elitize_generation_data,85,13,0.06,271
87,51,replace-space-with-newline,ifs,TRUE,20,elitize_generation_data,86,9,0.048,271
88,51,replace-space-with-newline,ifs,TRUE,20,elitize_generation_data,87,11,0.058,271
89,51,replace-space-with-newline,ifs,TRUE,20,elitize_generation_data,88,8,0.064,271
90,51,replace-space-with-newline,ifs,TRUE,20,elitize_generation_data,89,8,0.049,271
91,51,replace-space-with-newline,ifs,TRUE,20,elitize_generation_data,90,7,0.057,271
92,51,replace-space-with-newline,ifs,TRUE,20,elitize_generation_data,91,11,0.062,271
93,51,replace-space-with-newline,ifs,TRUE,20,elitize_generation_data,92,9,0.055,271
94,51,replace-space-with-newline,ifs,TRUE,20,elitize_generation_data,93,12,0.054,271
95,51,replace-space-with-newline,ifs,TRUE,20,elitize_generation_data,94,9,0.052,271
96,51,replace-space-with-newline,ifs,TRUE,20,elitize_generation_data,95,12,0.063,271
97,51,replace-space-with-newline,ifs,TRUE,20,elitize_generation_data,96,11,0.059,271
98,51,replace-space-with-newline,ifs,TRUE,20,elitize_generation_data,97,9,0.057,271
99,51,replace-space-with-newline,ifs,TRUE,20,elitize_generation_data,98,11,0.056,271
100,51,replace-space-with-newline,ifs,TRUE,20,elitize_generation_data,99,11,0.06,271
101,51,replace-space-with-newline,ifs,TRUE,20,elitize_generation_data,100,10,0.065,271
102,51,replace-space-with-newline,ifs,TRUE,20,elitize_generation_data,101,7,0.054,271
103,51,replace-space-with-newline,ifs,TRUE,20,elitize_generation_data,102,11,0.053,271
104,51,replace-space-with-newline,ifs,TRUE,20,elitize_generation_data,103,9,0.05,271
105,51,replace-space-with-newline,ifs,TRUE,20,elitize_generation_data,104,7,0.05,271
106,51,replace-space-with-newline,ifs,TRUE,20,elitize_generation_data,105,9,0.047,271
107,51,replace-space-with-newline,ifs,TRUE,20,elitize_generation_data,106,8,0.057,271
108,51,replace-space-with-newline,ifs,TRUE,20,elitize_generation_data,107,11,0.06,271
109,51,replace-space-with-newline,ifs,TRUE,20,elitize_generation_data,108,7,0.051,271
110,51,replace-space-with-newline,ifs,TRUE,20,elitize_generation_data,109,10,0.042,271
111,51,replace-space-with-newline,ifs,TRUE,20,elitize_generation_data,110,13,0.045,271
112,51,replace-space-with-newline,ifs,TRUE,20,elitize_generation_data,111,12,0.054,271
113,51,replace-space-with-newline,ifs,TRUE,20,elitize_generation_data,112,9,0.049,271
114,51,replace-space-with-newline,ifs,TRUE,20,elitize_generation_data,113,10,0.051,271
115,51,replace-space-with-newline,ifs,TRUE,20,elitize_generation_data,114,9,0.057,271
116,51,replace-space-with-newline,ifs,TRUE,20,elitize_generation_data,115,8,0.048,271
117,51,replace-space-with-newline,ifs,TRUE,20,elitize_generation_data,116,10,0.054,271
118,51,replace-space-with-newline,ifs,TRUE,20,elitize_generation_data,117,12,0.057,271
119,51,replace-space-with-newline,ifs,TRUE,20,elitize_generation_data,118,13,0.051,271
120,51,replace-space-with-newline,ifs,TRUE,20,elitize_generation_data,119,9,0.043,271
121,51,replace-space-with-newline,ifs,TRUE,20,elitize_generation_data,120,7,0.049,271
122,51,replace-space-with-newline,ifs,TRUE,20,elitize_generation_data,121,10,0.042,271
123,51,replace-space-with-newline,ifs,TRUE,20,elitize_generation_data,122,8,0.054,271
124,51,replace-space-with-newline,ifs,TRUE,20,elitize_generation_data,123,10,0.042,271
125,51,replace-space-with-newline,ifs,TRUE,20,elitize_generation_data,124,12,0.049,271
126,51,replace-space-with-newline,ifs,TRUE,20,elitize_generation_data,125,9,0.032,271
127,51,replace-space-with-newline,ifs,TRUE,20,elitize_generation_data,126,9,0.046,271
128,51,replace-space-with-newline,ifs,TRUE,20,elitize_generation_data,127,11,0.056,271
129,51,replace-space-with-newline,ifs,TRUE,20,elitize_generation_data,128,10,0.047,271
130,51,replace-space-with-newline,ifs,TRUE,20,elitize_generation_data,129,8,0.043,271
131,51,replace-space-with-newline,ifs,TRUE,20,elitize_generation_data,130,10,0.051,271
132,51,replace-space-with-newline,ifs,TRUE,20,elitize_generation_data,131,11,0.037,271
133,51,replace-space-with-newline,ifs,TRUE,20,elitize_generation_data,132,9,0.04,271
134,51,replace-space-with-newline,ifs,TRUE,20,elitize_generation_data,133,10,0.046,271
135,51,replace-space-with-newline,ifs,TRUE,20,elitize_generation_data,134,14,0.055,271
136,51,replace-space-with-newline,ifs,TRUE,20,elitize_generation_data,135,11,0.047,271
137,51,replace-space-with-newline,ifs,TRUE,20,elitize_generation_data,136,10,0.037,271
138,51,replace-space-with-newline,ifs,TRUE,20,elitize_generation_data,137,13,0.058,271
139,51,replace-space-with-newline,ifs,TRUE,20,elitize_generation_data,138,12,0.05,271
140,51,replace-space-with-newline,ifs,TRUE,20,elitize_generation_data,139,8,0.041,271
141,51,replace-space-with-newline,ifs,TRUE,20,elitize_generation_data,140,9,0.053,271
142,51,replace-space-with-newline,ifs,TRUE,20,elitize_generation_data,141,12,0.051,271
143,51,replace-space-with-newline,ifs,TRUE,20,elitize_generation_data,142,8,0.045,271
144,51,replace-space-with-newline,ifs,TRUE,20,elitize_generation_data,143,10,0.046,271
145,51,replace-space-with-newline,ifs,TRUE,20,elitize_generation_data,144,10,0.042,271
146,51,replace-space-with-newline,ifs,TRUE,20,elitize_generation_data,145,11,0.041,271
147,51,replace-space-with-newline,ifs,TRUE,20,elitize_generation_data,146,14,0.043,271
148,51,replace-space-with-newline,ifs,TRUE,20,elitize_generation_data,147,12,0.044,271
149,51,replace-space-with-newline,ifs,TRUE,20,elitize_generation_data,148,11,0.037,271
150,51,replace-space-with-newline,ifs,TRUE,20,elitize_generation_data,149,10,0.041,271
151,51,replace-space-with-newline,ifs,TRUE,20,elitize_generation_data,150,13,0.043,271
152,51,replace-space-with-newline,ifs,TRUE,20,elitize_generation_data,151,11,0.049,271
153,51,replace-space-with-newline,ifs,TRUE,20,elitize_generation_data,152,11,0.036,271
154,51,replace-space-with-newline,ifs,TRUE,20,elitize_generation_data,153,15,0.049,271
155,51,replace-space-with-newline,ifs,TRUE,20,elitize_generation_data,154,9,0.035,271
156,51,replace-space-with-newline,ifs,TRUE,20,elitize_generation_data,155,13,0.045,271
157,51,replace-space-with-newline,ifs,TRUE,20,elitize_generation_data,156,14,0.038,271
158,51,replace-space-with-newline,ifs,TRUE,20,elitize_generation_data,157,9,0.048,271
159,51,replace-space-with-newline,ifs,TRUE,20,elitize_generation_data,158,13,0.038,271
160,51,replace-space-with-newline,ifs,TRUE,20,elitize_generation_data,159,12,0.045,271
161,51,replace-space-with-newline,ifs,TRUE,20,elitize_generation_data,160,10,0.042,271
162,51,replace-space-with-newline,ifs,TRUE,20,elitize_generation_data,161,12,0.048,271
163,51,replace-space-with-newline,ifs,TRUE,20,elitize_generation_data,162,12,0.046,271
164,51,replace-space-with-newline,ifs,TRUE,20,elitize_generation_data,163,15,0.046,271
165,51,replace-space-with-newline,ifs,TRUE,20,elitize_generation_data,164,11,0.036,271
166,51,replace-space-with-newline,ifs,TRUE,20,elitize_generation_data,165,12,0.045,271
167,51,replace-space-with-newline,ifs,TRUE,20,elitize_generation_data,166,11,0.039,271
168,51,replace-space-with-newline,ifs,TRUE,20,elitize_generation_data,167,12,0.038,271
169,51,replace-space-with-newline,ifs,TRUE,20,elitize_generation_data,168,9,0.035,271
170,51,replace-space-with-newline,ifs,TRUE,20,elitize_generation_data,169,15,0.038,271
171,51,replace-space-with-newline,ifs,TRUE,20,elitize_generation_data,170,12,0.038,271
172,51,replace-space-with-newline,ifs,TRUE,20,elitize_generation_data,171,11,0.04,271
173,51,replace-space-with-newline,ifs,TRUE,20,elitize_generation_data,172,10,0.034,271
174,51,replace-space-with-newline,ifs,TRUE,20,elitize_generation_data,173,9,0.041,271
175,51,replace-space-with-newline,ifs,TRUE,20,elitize_generation_data,174,10,0.03,271
176,51,replace-space-with-newline,ifs,TRUE,20,elitize_generation_data,175,7,0.035,271
177,51,replace-space-with-newline,ifs,TRUE,20,elitize_generation_data,176,12,0.043,271
178,51,replace-space-with-newline,ifs,TRUE,20,elitize_generation_data,177,14,0.046,271
179,51,replace-space-with-newline,ifs,TRUE,20,elitize_generation_data,178,12,0.038,271
180,51,replace-space-with-newline,ifs,TRUE,20,elitize_generation_data,179,13,0.032,271
181,51,replace-space-with-newline,ifs,TRUE,20,elitize_generation_data,180,10,0.047,271
182,51,replace-space-with-newline,ifs,TRUE,20,elitize_generation_data,181,12,0.036,271
183,51,replace-space-with-newline,ifs,TRUE,20,elitize_generation_data,182,11,0.028,271
184,51,replace-space-with-newline,ifs,TRUE,20,elitize_generation_data,183,11,0.039,271
185,51,replace-space-with-newline,ifs,TRUE,20,elitize_generation_data,184,14,0.039,271
186,51,replace-space-with-newline,ifs,TRUE,20,elitize_generation_data,185,11,0.039,271
187,51,replace-space-with-newline,ifs,TRUE,20,elitize_generation_data,186,10,0.037,271
188,51,replace-space-with-newline,ifs,TRUE,20,elitize_generation_data,187,10,0.033,271
189,51,replace-space-with-newline,ifs,TRUE,20,elitize_generation_data,188,13,0.038,271
190,51,replace-space-with-newline,ifs,TRUE,20,elitize_generation_data,189,9,0.031,271
191,51,replace-space-with-newline,ifs,TRUE,20,elitize_generation_data,190,13,0.035,271
192,51,replace-space-with-newline,ifs,TRUE,20,elitize_generation_data,191,13,0.029,271
193,51,replace-space-with-newline,ifs,TRUE,20,elitize_generation_data,192,11,0.04,271
194,51,replace-space-with-newline,ifs,TRUE,20,elitize_generation_data,193,13,0.039,271
195,51,replace-space-with-newline,ifs,TRUE,20,elitize_generation_data,194,9,0.039,271
196,51,replace-space-with-newline,ifs,TRUE,20,elitize_generation_data,195,7,0.022,271
197,51,replace-space-with-newline,ifs,TRUE,20,elitize_generation_data,196,9,0.041,271
198,51,replace-space-with-newline,ifs,TRUE,20,elitize_generation_data,197,11,0.032,271
199,51,replace-space-with-newline,ifs,TRUE,20,elitize_generation_data,198,11,0.036,271
200,51,replace-space-with-newline,ifs,TRUE,20,elitize_generation_data,199,9,0.035,271
201,51,replace-space-with-newline,ifs,TRUE,20,elitize_generation_data,200,8,0.029,271
202,51,replace-space-with-newline,ifs,TRUE,20,elitize_generation_data,201,7,0.035,271
203,51,replace-space-with-newline,ifs,TRUE,20,elitize_generation_data,202,12,0.036,271
204,51,replace-space-with-newline,ifs,TRUE,20,elitize_generation_data,203,9,0.027,271
205,51,replace-space-with-newline,ifs,TRUE,20,elitize_generation_data,204,8,0.025,271
206,51,replace-space-with-newline,ifs,TRUE,20,elitize_generation_data,205,11,0.036,271
207,51,replace-space-with-newline,ifs,TRUE,20,elitize_generation_data,206,11,0.041,271
208,51,replace-space-with-newline,ifs,TRUE,20,elitize_generation_data,207,10,0.035,271
209,51,replace-space-with-newline,ifs,TRUE,20,elitize_generation_data,208,11,0.035,271
210,51,replace-space-with-newline,ifs,TRUE,20,elitize_generation_data,209,12,0.033,271
211,51,replace-space-with-newline,ifs,TRUE,20,elitize_generation_data,210,9,0.03,271
212,51,replace-space-with-newline,ifs,TRUE,20,elitize_generation_data,211,11,0.035,271
213,51,replace-space-with-newline,ifs,TRUE,20,elitize_generation_data,212,10,0.038,271
214,51,replace-space-with-newline,ifs,TRUE,20,elitize_generation_data,213,11,0.035,271
215,51,replace-space-with-newline,ifs,TRUE,20,elitize_generation_data,214,12,0.035,271
216,51,replace-space-with-newline,ifs,TRUE,20,elitize_generation_data,215,12,0.039,271
217,51,replace-space-with-newline,ifs,TRUE,20,elitize_generation_data,216,10,0.036,271
218,51,replace-space-with-newline,ifs,TRUE,20,elitize_generation_data,217,9,0.03,271
219,51,replace-space-with-newline,ifs,TRUE,20,elitize_generation_data,218,10,0.035,271
220,51,replace-space-with-newline,ifs,TRUE,20,elitize_generation_data,219,9,0.031,271
221,51,replace-space-with-newline,ifs,TRUE,20,elitize_generation_data,220,9,0.03,271
222,51,replace-space-with-newline,ifs,TRUE,20,elitize_generation_data,221,8,0.028,271
223,51,replace-space-with-newline,ifs,TRUE,20,elitize_generation_data,222,9,0.039,271
224,51,replace-space-with-newline,ifs,TRUE,20,elitize_generation_data,223,10,0.035,271
225,51,replace-space-with-newline,ifs,TRUE,20,elitize_generation_data,224,13,0.041,271
226,51,replace-space-with-newline,ifs,TRUE,20,elitize_generation_data,225,11,0.031,271
227,51,replace-space-with-newline,ifs,TRUE,20,elitize_generation_data,226,11,0.03,271
228,51,replace-space-with-newline,ifs,TRUE,20,elitize_generation_data,227,11,0.041,271
229,51,replace-space-with-newline,ifs,TRUE,20,elitize_generation_data,228,11,0.032,271
230,51,replace-space-with-newline,ifs,TRUE,20,elitize_generation_data,229,10,0.033,271
231,51,replace-space-with-newline,ifs,TRUE,20,elitize_generation_data,230,11,0.039,271
232,51,replace-space-with-newline,ifs,TRUE,20,elitize_generation_data,231,11,0.028,271
233,51,replace-space-with-newline,ifs,TRUE,20,elitize_generation_data,232,8,0.027,271
234,51,replace-space-with-newline,ifs,TRUE,20,elitize_generation_data,233,9,0.026,271
235,51,replace-space-with-newline,ifs,TRUE,20,elitize_generation_data,234,8,0.03,271
236,51,replace-space-with-newline,ifs,TRUE,20,elitize_generation_data,235,11,0.033,271
237,51,replace-space-with-newline,ifs,TRUE,20,elitize_generation_data,236,6,0.03,271
238,51,replace-space-with-newline,ifs,TRUE,20,elitize_generation_data,237,8,0.033,271
239,51,replace-space-with-newline,ifs,TRUE,20,elitize_generation_data,238,8,0.029,271
240,51,replace-space-with-newline,ifs,TRUE,20,elitize_generation_data,239,8,0.029,271
241,51,replace-space-with-newline,ifs,TRUE,20,elitize_generation_data,240,11,0.039,271
242,51,replace-space-with-newline,ifs,TRUE,20,elitize_generation_data,241,10,0.037,271
243,51,replace-space-with-newline,ifs,TRUE,20,elitize_generation_data,242,11,0.029,271
244,51,replace-space-with-newline,ifs,TRUE,20,elitize_generation_data,243,12,0.043,271
245,51,replace-space-with-newline,ifs,TRUE,20,elitize_generation_data,244,8,0.023,271
246,51,replace-space-with-newline,ifs,TRUE,20,elitize_generation_data,245,9,0.032,271
247,51,replace-space-with-newline,ifs,TRUE,20,elitize_generation_data,246,8,0.026,271
248,51,replace-space-with-newline,ifs,TRUE,20,elitize_generation_data,247,8,0.034,271
249,51,replace-space-with-newline,ifs,TRUE,20,elitize_generation_data,248,14,0.034,271
250,51,replace-space-with-newline,ifs,TRUE,20,elitize_generation_data,249,9,0.027,271
251,51,replace-space-with-newline,ifs,TRUE,20,elitize_generation_data,250,11,0.033,271
252,51,replace-space-with-newline,ifs,TRUE,20,elitize_generation_data,251,8,0.027,271
253,51,replace-space-with-newline,ifs,TRUE,20,elitize_generation_data,252,9,0.029,271
254,51,replace-space-with-newline,ifs,TRUE,20,elitize_generation_data,253,8,0.027,271
255,51,replace-space-with-newline,ifs,TRUE,20,elitize_generation_data,254,10,0.03,271
256,51,replace-space-with-newline,ifs,TRUE,20,elitize_generation_data,255,7,0.027,271
257,51,replace-space-with-newline,ifs,TRUE,20,elitize_generation_data,256,10,0.034,271
258,51,replace-space-with-newline,ifs,TRUE,20,elitize_generation_data,257,9,0.024,271
259,51,replace-space-with-newline,ifs,TRUE,20,elitize_generation_data,258,11,0.028,271
260,51,replace-space-with-newline,ifs,TRUE,20,elitize_generation_data,259,8,0.029,271
261,51,replace-space-with-newline,ifs,TRUE,20,elitize_generation_data,260,7,0.024,271
262,51,replace-space-with-newline,ifs,TRUE,20,elitize_generation_data,261,8,0.025,271
263,51,replace-space-with-newline,ifs,TRUE,20,elitize_generation_data,262,7,0.022,271
264,51,replace-space-with-newline,ifs,TRUE,20,elitize_generation_data,263,8,0.027,271
265,51,replace-space-with-newline,ifs,TRUE,20,elitize_generation_data,264,8,0.024,271
266,51,replace-space-with-newline,ifs,TRUE,20,elitize_generation_data,265,10,0.027,271
267,51,replace-space-with-newline,ifs,TRUE,20,elitize_generation_data,266,8,0.019,271
268,51,replace-space-with-newline,ifs,TRUE,20,elitize_generation_data,267,7,0.024,271
269,51,replace-space-with-newline,ifs,TRUE,20,elitize_generation_data,268,9,0.031,271
270,51,replace-space-with-newline,ifs,TRUE,20,elitize_generation_data,269,9,0.032,271
271,51,replace-space-with-newline,ifs,TRUE,20,elitize_generation_data,270,6,0.027,271
272,51,replace-space-with-newline,ifs,TRUE,20,elitize_generation_data,271,9,0.03,271
