,run.num,problem,treatment,succeeded,height,normalization.function,generation,cluster.count,error.diversity,success.generation
1,45,replace-space-with-newline,ifs,FALSE,20,elitize_generation_data,0,5,0.472,NA
2,45,replace-space-with-newline,ifs,FALSE,20,elitize_generation_data,1,6,0.351,NA
3,45,replace-space-with-newline,ifs,FALSE,20,elitize_generation_data,2,8,0.282,NA
4,45,replace-space-with-newline,ifs,FALSE,20,elitize_generation_data,3,6,0.305,NA
5,45,replace-space-with-newline,ifs,FALSE,20,elitize_generation_data,4,9,0.209,NA
6,45,replace-space-with-newline,ifs,FALSE,20,elitize_generation_data,5,10,0.202,NA
7,45,replace-space-with-newline,ifs,FALSE,20,elitize_generation_data,6,10,0.193,NA
8,45,replace-space-with-newline,ifs,FALSE,20,elitize_generation_data,7,8,0.233,NA
9,45,replace-space-with-newline,ifs,FALSE,20,elitize_generation_data,8,8,0.303,NA
10,45,replace-space-with-newline,ifs,FALSE,20,elitize_generation_data,9,8,0.311,NA
11,45,replace-space-with-newline,ifs,FALSE,20,elitize_generation_data,10,10,0.149,NA
12,45,replace-space-with-newline,ifs,FALSE,20,elitize_generation_data,11,11,0.092,NA
13,45,replace-space-with-newline,ifs,FALSE,20,elitize_generation_data,12,10,0.089,NA
14,45,replace-space-with-newline,ifs,FALSE,20,elitize_generation_data,13,11,0.11,NA
15,45,replace-space-with-newline,ifs,FALSE,20,elitize_generation_data,14,13,0.091,NA
16,45,replace-space-with-newline,ifs,FALSE,20,elitize_generation_data,15,15,0.114,NA
17,45,replace-space-with-newline,ifs,FALSE,20,elitize_generation_data,16,18,0.132,NA
18,45,replace-space-with-newline,ifs,FALSE,20,elitize_generation_data,17,16,0.194,NA
19,45,replace-space-with-newline,ifs,FALSE,20,elitize_generation_data,18,13,0.225,NA
20,45,replace-space-with-newline,ifs,FALSE,20,elitize_generation_data,19,15,0.21,NA
21,45,replace-space-with-newline,ifs,FALSE,20,elitize_generation_data,20,15,0.232,NA
22,45,replace-space-with-newline,ifs,FALSE,20,elitize_generation_data,21,15,0.267,NA
23,45,replace-space-with-newline,ifs,FALSE,20,elitize_generation_data,22,17,0.295,NA
24,45,replace-space-with-newline,ifs,FALSE,20,elitize_generation_data,23,16,0.329,NA
25,45,replace-space-with-newline,ifs,FALSE,20,elitize_generation_data,24,17,0.313,NA
26,45,replace-space-with-newline,ifs,FALSE,20,elitize_generation_data,25,17,0.306,NA
27,45,replace-space-with-newline,ifs,FALSE,20,elitize_generation_data,26,19,0.285,NA
28,45,replace-space-with-newline,ifs,FALSE,20,elitize_generation_data,27,18,0.299,NA
29,45,replace-space-with-newline,ifs,FALSE,20,elitize_generation_data,28,17,0.345,NA
30,45,replace-space-with-newline,ifs,FALSE,20,elitize_generation_data,29,17,0.317,NA
31,45,replace-space-with-newline,ifs,FALSE,20,elitize_generation_data,30,26,0.311,NA
32,45,replace-space-with-newline,ifs,FALSE,20,elitize_generation_data,31,18,0.331,NA
33,45,replace-space-with-newline,ifs,FALSE,20,elitize_generation_data,32,16,0.337,NA
34,45,replace-space-with-newline,ifs,FALSE,20,elitize_generation_data,33,23,0.324,NA
35,45,replace-space-with-newline,ifs,FALSE,20,elitize_generation_data,34,22,0.361,NA
36,45,replace-space-with-newline,ifs,FALSE,20,elitize_generation_data,35,22,0.405,NA
37,45,replace-space-with-newline,ifs,FALSE,20,elitize_generation_data,36,24,0.405,NA
38,45,replace-space-with-newline,ifs,FALSE,20,elitize_generation_data,37,23,0.454,NA
39,45,replace-space-with-newline,ifs,FALSE,20,elitize_generation_data,38,24,0.43,NA
40,45,replace-space-with-newline,ifs,FALSE,20,elitize_generation_data,39,25,0.477,NA
41,45,replace-space-with-newline,ifs,FALSE,20,elitize_generation_data,40,25,0.452,NA
42,45,replace-space-with-newline,ifs,FALSE,20,elitize_generation_data,41,26,0.445,NA
43,45,replace-space-with-newline,ifs,FALSE,20,elitize_generation_data,42,20,0.416,NA
44,45,replace-space-with-newline,ifs,FALSE,20,elitize_generation_data,43,24,0.438,NA
45,45,replace-space-with-newline,ifs,FALSE,20,elitize_generation_data,44,20,0.416,NA
46,45,replace-space-with-newline,ifs,FALSE,20,elitize_generation_data,45,20,0.383,NA
47,45,replace-space-with-newline,ifs,FALSE,20,elitize_generation_data,46,16,0.353,NA
48,45,replace-space-with-newline,ifs,FALSE,20,elitize_generation_data,47,15,0.312,NA
49,45,replace-space-with-newline,ifs,FALSE,20,elitize_generation_data,48,18,0.325,NA
50,45,replace-space-with-newline,ifs,FALSE,20,elitize_generation_data,49,18,0.322,NA
51,45,replace-space-with-newline,ifs,FALSE,20,elitize_generation_data,50,14,0.294,NA
52,45,replace-space-with-newline,ifs,FALSE,20,elitize_generation_data,51,16,0.317,NA
53,45,replace-space-with-newline,ifs,FALSE,20,elitize_generation_data,52,19,0.318,NA
54,45,replace-space-with-newline,ifs,FALSE,20,elitize_generation_data,53,17,0.322,NA
55,45,replace-space-with-newline,ifs,FALSE,20,elitize_generation_data,54,17,0.371,NA
56,45,replace-space-with-newline,ifs,FALSE,20,elitize_generation_data,55,18,0.371,NA
57,45,replace-space-with-newline,ifs,FALSE,20,elitize_generation_data,56,19,0.401,NA
58,45,replace-space-with-newline,ifs,FALSE,20,elitize_generation_data,57,20,0.403,NA
59,45,replace-space-with-newline,ifs,FALSE,20,elitize_generation_data,58,16,0.344,NA
60,45,replace-space-with-newline,ifs,FALSE,20,elitize_generation_data,59,16,0.315,NA
61,45,replace-space-with-newline,ifs,FALSE,20,elitize_generation_data,60,21,0.325,NA
62,45,replace-space-with-newline,ifs,FALSE,20,elitize_generation_data,61,17,0.305,NA
63,45,replace-space-with-newline,ifs,FALSE,20,elitize_generation_data,62,17,0.331,NA
64,45,replace-space-with-newline,ifs,FALSE,20,elitize_generation_data,63,21,0.336,NA
65,45,replace-space-with-newline,ifs,FALSE,20,elitize_generation_data,64,19,0.338,NA
66,45,replace-space-with-newline,ifs,FALSE,20,elitize_generation_data,65,21,0.321,NA
67,45,replace-space-with-newline,ifs,FALSE,20,elitize_generation_data,66,24,0.364,NA
68,45,replace-space-with-newline,ifs,FALSE,20,elitize_generation_data,67,21,0.335,NA
69,45,replace-space-with-newline,ifs,FALSE,20,elitize_generation_data,68,16,0.35,NA
70,45,replace-space-with-newline,ifs,FALSE,20,elitize_generation_data,69,18,0.371,NA
71,45,replace-space-with-newline,ifs,FALSE,20,elitize_generation_data,70,22,0.4,NA
72,45,replace-space-with-newline,ifs,FALSE,20,elitize_generation_data,71,19,0.456,NA
73,45,replace-space-with-newline,ifs,FALSE,20,elitize_generation_data,72,20,0.484,NA
74,45,replace-space-with-newline,ifs,FALSE,20,elitize_generation_data,73,22,0.482,NA
75,45,replace-space-with-newline,ifs,FALSE,20,elitize_generation_data,74,19,0.472,NA
76,45,replace-space-with-newline,ifs,FALSE,20,elitize_generation_data,75,20,0.439,NA
77,45,replace-space-with-newline,ifs,FALSE,20,elitize_generation_data,76,20,0.442,NA
78,45,replace-space-with-newline,ifs,FALSE,20,elitize_generation_data,77,22,0.441,NA
79,45,replace-space-with-newline,ifs,FALSE,20,elitize_generation_data,78,22,0.408,NA
80,45,replace-space-with-newline,ifs,FALSE,20,elitize_generation_data,79,24,0.428,NA
81,45,replace-space-with-newline,ifs,FALSE,20,elitize_generation_data,80,19,0.441,NA
82,45,replace-space-with-newline,ifs,FALSE,20,elitize_generation_data,81,22,0.438,NA
83,45,replace-space-with-newline,ifs,FALSE,20,elitize_generation_data,82,22,0.422,NA
84,45,replace-space-with-newline,ifs,FALSE,20,elitize_generation_data,83,23,0.442,NA
85,45,replace-space-with-newline,ifs,FALSE,20,elitize_generation_data,84,29,0.435,NA
86,45,replace-space-with-newline,ifs,FALSE,20,elitize_generation_data,85,21,0.455,NA
87,45,replace-space-with-newline,ifs,FALSE,20,elitize_generation_data,86,27,0.432,NA
88,45,replace-space-with-newline,ifs,FALSE,20,elitize_generation_data,87,23,0.431,NA
89,45,replace-space-with-newline,ifs,FALSE,20,elitize_generation_data,88,20,0.433,NA
90,45,replace-space-with-newline,ifs,FALSE,20,elitize_generation_data,89,24,0.436,NA
91,45,replace-space-with-newline,ifs,FALSE,20,elitize_generation_data,90,26,0.457,NA
92,45,replace-space-with-newline,ifs,FALSE,20,elitize_generation_data,91,25,0.465,NA
93,45,replace-space-with-newline,ifs,FALSE,20,elitize_generation_data,92,29,0.49,NA
94,45,replace-space-with-newline,ifs,FALSE,20,elitize_generation_data,93,27,0.489,NA
95,45,replace-space-with-newline,ifs,FALSE,20,elitize_generation_data,94,26,0.455,NA
96,45,replace-space-with-newline,ifs,FALSE,20,elitize_generation_data,95,30,0.447,NA
97,45,replace-space-with-newline,ifs,FALSE,20,elitize_generation_data,96,36,0.512,NA
98,45,replace-space-with-newline,ifs,FALSE,20,elitize_generation_data,97,36,0.524,NA
99,45,replace-space-with-newline,ifs,FALSE,20,elitize_generation_data,98,41,0.544,NA
100,45,replace-space-with-newline,ifs,FALSE,20,elitize_generation_data,99,38,0.501,NA
101,45,replace-space-with-newline,ifs,FALSE,20,elitize_generation_data,100,35,0.462,NA
102,45,replace-space-with-newline,ifs,FALSE,20,elitize_generation_data,101,44,0.449,NA
103,45,replace-space-with-newline,ifs,FALSE,20,elitize_generation_data,102,46,0.461,NA
104,45,replace-space-with-newline,ifs,FALSE,20,elitize_generation_data,103,43,0.452,NA
105,45,replace-space-with-newline,ifs,FALSE,20,elitize_generation_data,104,49,0.535,NA
106,45,replace-space-with-newline,ifs,FALSE,20,elitize_generation_data,105,54,0.538,NA
107,45,replace-space-with-newline,ifs,FALSE,20,elitize_generation_data,106,52,0.523,NA
108,45,replace-space-with-newline,ifs,FALSE,20,elitize_generation_data,107,49,0.527,NA
109,45,replace-space-with-newline,ifs,FALSE,20,elitize_generation_data,108,48,0.529,NA
110,45,replace-space-with-newline,ifs,FALSE,20,elitize_generation_data,109,50,0.52,NA
111,45,replace-space-with-newline,ifs,FALSE,20,elitize_generation_data,110,42,0.519,NA
112,45,replace-space-with-newline,ifs,FALSE,20,elitize_generation_data,111,35,0.551,NA
113,45,replace-space-with-newline,ifs,FALSE,20,elitize_generation_data,112,45,0.574,NA
114,45,replace-space-with-newline,ifs,FALSE,20,elitize_generation_data,113,52,0.613,NA
115,45,replace-space-with-newline,ifs,FALSE,20,elitize_generation_data,114,35,0.577,NA
116,45,replace-space-with-newline,ifs,FALSE,20,elitize_generation_data,115,36,0.592,NA
117,45,replace-space-with-newline,ifs,FALSE,20,elitize_generation_data,116,40,0.575,NA
118,45,replace-space-with-newline,ifs,FALSE,20,elitize_generation_data,117,31,0.567,NA
119,45,replace-space-with-newline,ifs,FALSE,20,elitize_generation_data,118,39,0.561,NA
120,45,replace-space-with-newline,ifs,FALSE,20,elitize_generation_data,119,39,0.568,NA
121,45,replace-space-with-newline,ifs,FALSE,20,elitize_generation_data,120,33,0.58,NA
122,45,replace-space-with-newline,ifs,FALSE,20,elitize_generation_data,121,31,0.562,NA
123,45,replace-space-with-newline,ifs,FALSE,20,elitize_generation_data,122,31,0.602,NA
124,45,replace-space-with-newline,ifs,FALSE,20,elitize_generation_data,123,32,0.566,NA
125,45,replace-space-with-newline,ifs,FALSE,20,elitize_generation_data,124,31,0.594,NA
126,45,replace-space-with-newline,ifs,FALSE,20,elitize_generation_data,125,35,0.577,NA
127,45,replace-space-with-newline,ifs,FALSE,20,elitize_generation_data,126,33,0.584,NA
128,45,replace-space-with-newline,ifs,FALSE,20,elitize_generation_data,127,35,0.592,NA
129,45,replace-space-with-newline,ifs,FALSE,20,elitize_generation_data,128,34,0.602,NA
130,45,replace-space-with-newline,ifs,FALSE,20,elitize_generation_data,129,34,0.588,NA
131,45,replace-space-with-newline,ifs,FALSE,20,elitize_generation_data,130,39,0.591,NA
132,45,replace-space-with-newline,ifs,FALSE,20,elitize_generation_data,131,38,0.599,NA
133,45,replace-space-with-newline,ifs,FALSE,20,elitize_generation_data,132,36,0.571,NA
134,45,replace-space-with-newline,ifs,FALSE,20,elitize_generation_data,133,36,0.545,NA
135,45,replace-space-with-newline,ifs,FALSE,20,elitize_generation_data,134,40,0.549,NA
136,45,replace-space-with-newline,ifs,FALSE,20,elitize_generation_data,135,41,0.533,NA
137,45,replace-space-with-newline,ifs,FALSE,20,elitize_generation_data,136,39,0.533,NA
138,45,replace-space-with-newline,ifs,FALSE,20,elitize_generation_data,137,40,0.543,NA
139,45,replace-space-with-newline,ifs,FALSE,20,elitize_generation_data,138,42,0.552,NA
140,45,replace-space-with-newline,ifs,FALSE,20,elitize_generation_data,139,44,0.565,NA
141,45,replace-space-with-newline,ifs,FALSE,20,elitize_generation_data,140,38,0.562,NA
142,45,replace-space-with-newline,ifs,FALSE,20,elitize_generation_data,141,38,0.594,NA
143,45,replace-space-with-newline,ifs,FALSE,20,elitize_generation_data,142,44,0.588,NA
144,45,replace-space-with-newline,ifs,FALSE,20,elitize_generation_data,143,33,0.588,NA
145,45,replace-space-with-newline,ifs,FALSE,20,elitize_generation_data,144,41,0.564,NA
146,45,replace-space-with-newline,ifs,FALSE,20,elitize_generation_data,145,38,0.564,NA
147,45,replace-space-with-newline,ifs,FALSE,20,elitize_generation_data,146,44,0.552,NA
148,45,replace-space-with-newline,ifs,FALSE,20,elitize_generation_data,147,48,0.548,NA
149,45,replace-space-with-newline,ifs,FALSE,20,elitize_generation_data,148,45,0.55,NA
150,45,replace-space-with-newline,ifs,FALSE,20,elitize_generation_data,149,46,0.556,NA
151,45,replace-space-with-newline,ifs,FALSE,20,elitize_generation_data,150,41,0.559,NA
152,45,replace-space-with-newline,ifs,FALSE,20,elitize_generation_data,151,46,0.575,NA
153,45,replace-space-with-newline,ifs,FALSE,20,elitize_generation_data,152,43,0.568,NA
154,45,replace-space-with-newline,ifs,FALSE,20,elitize_generation_data,153,42,0.598,NA
155,45,replace-space-with-newline,ifs,FALSE,20,elitize_generation_data,154,40,0.601,NA
156,45,replace-space-with-newline,ifs,FALSE,20,elitize_generation_data,155,37,0.591,NA
157,45,replace-space-with-newline,ifs,FALSE,20,elitize_generation_data,156,47,0.558,NA
158,45,replace-space-with-newline,ifs,FALSE,20,elitize_generation_data,157,37,0.557,NA
159,45,replace-space-with-newline,ifs,FALSE,20,elitize_generation_data,158,46,0.575,NA
160,45,replace-space-with-newline,ifs,FALSE,20,elitize_generation_data,159,47,0.565,NA
161,45,replace-space-with-newline,ifs,FALSE,20,elitize_generation_data,160,36,0.564,NA
162,45,replace-space-with-newline,ifs,FALSE,20,elitize_generation_data,161,47,0.56,NA
163,45,replace-space-with-newline,ifs,FALSE,20,elitize_generation_data,162,41,0.565,NA
164,45,replace-space-with-newline,ifs,FALSE,20,elitize_generation_data,163,34,0.544,NA
165,45,replace-space-with-newline,ifs,FALSE,20,elitize_generation_data,164,45,0.566,NA
166,45,replace-space-with-newline,ifs,FALSE,20,elitize_generation_data,165,47,0.544,NA
167,45,replace-space-with-newline,ifs,FALSE,20,elitize_generation_data,166,39,0.529,NA
168,45,replace-space-with-newline,ifs,FALSE,20,elitize_generation_data,167,40,0.55,NA
169,45,replace-space-with-newline,ifs,FALSE,20,elitize_generation_data,168,36,0.583,NA
170,45,replace-space-with-newline,ifs,FALSE,20,elitize_generation_data,169,45,0.566,NA
171,45,replace-space-with-newline,ifs,FALSE,20,elitize_generation_data,170,41,0.546,NA
172,45,replace-space-with-newline,ifs,FALSE,20,elitize_generation_data,171,45,0.537,NA
173,45,replace-space-with-newline,ifs,FALSE,20,elitize_generation_data,172,45,0.581,NA
174,45,replace-space-with-newline,ifs,FALSE,20,elitize_generation_data,173,47,0.537,NA
175,45,replace-space-with-newline,ifs,FALSE,20,elitize_generation_data,174,47,0.518,NA
176,45,replace-space-with-newline,ifs,FALSE,20,elitize_generation_data,175,45,0.51,NA
177,45,replace-space-with-newline,ifs,FALSE,20,elitize_generation_data,176,44,0.536,NA
178,45,replace-space-with-newline,ifs,FALSE,20,elitize_generation_data,177,39,0.533,NA
179,45,replace-space-with-newline,ifs,FALSE,20,elitize_generation_data,178,48,0.512,NA
180,45,replace-space-with-newline,ifs,FALSE,20,elitize_generation_data,179,45,0.53,NA
181,45,replace-space-with-newline,ifs,FALSE,20,elitize_generation_data,180,38,0.529,NA
182,45,replace-space-with-newline,ifs,FALSE,20,elitize_generation_data,181,46,0.53,NA
183,45,replace-space-with-newline,ifs,FALSE,20,elitize_generation_data,182,42,0.515,NA
184,45,replace-space-with-newline,ifs,FALSE,20,elitize_generation_data,183,42,0.565,NA
185,45,replace-space-with-newline,ifs,FALSE,20,elitize_generation_data,184,32,0.522,NA
186,45,replace-space-with-newline,ifs,FALSE,20,elitize_generation_data,185,46,0.56,NA
187,45,replace-space-with-newline,ifs,FALSE,20,elitize_generation_data,186,45,0.538,NA
188,45,replace-space-with-newline,ifs,FALSE,20,elitize_generation_data,187,38,0.504,NA
189,45,replace-space-with-newline,ifs,FALSE,20,elitize_generation_data,188,44,0.507,NA
190,45,replace-space-with-newline,ifs,FALSE,20,elitize_generation_data,189,36,0.474,NA
191,45,replace-space-with-newline,ifs,FALSE,20,elitize_generation_data,190,37,0.487,NA
192,45,replace-space-with-newline,ifs,FALSE,20,elitize_generation_data,191,40,0.5,NA
193,45,replace-space-with-newline,ifs,FALSE,20,elitize_generation_data,192,31,0.468,NA
194,45,replace-space-with-newline,ifs,FALSE,20,elitize_generation_data,193,37,0.466,NA
195,45,replace-space-with-newline,ifs,FALSE,20,elitize_generation_data,194,37,0.476,NA
196,45,replace-space-with-newline,ifs,FALSE,20,elitize_generation_data,195,34,0.446,NA
197,45,replace-space-with-newline,ifs,FALSE,20,elitize_generation_data,196,30,0.465,NA
198,45,replace-space-with-newline,ifs,FALSE,20,elitize_generation_data,197,41,0.47,NA
199,45,replace-space-with-newline,ifs,FALSE,20,elitize_generation_data,198,35,0.429,NA
200,45,replace-space-with-newline,ifs,FALSE,20,elitize_generation_data,199,41,0.442,NA
201,45,replace-space-with-newline,ifs,FALSE,20,elitize_generation_data,200,33,0.465,NA
202,45,replace-space-with-newline,ifs,FALSE,20,elitize_generation_data,201,32,0.486,NA
203,45,replace-space-with-newline,ifs,FALSE,20,elitize_generation_data,202,31,0.461,NA
204,45,replace-space-with-newline,ifs,FALSE,20,elitize_generation_data,203,30,0.445,NA
205,45,replace-space-with-newline,ifs,FALSE,20,elitize_generation_data,204,36,0.459,NA
206,45,replace-space-with-newline,ifs,FALSE,20,elitize_generation_data,205,39,0.474,NA
207,45,replace-space-with-newline,ifs,FALSE,20,elitize_generation_data,206,35,0.435,NA
208,45,replace-space-with-newline,ifs,FALSE,20,elitize_generation_data,207,38,0.454,NA
209,45,replace-space-with-newline,ifs,FALSE,20,elitize_generation_data,208,37,0.479,NA
210,45,replace-space-with-newline,ifs,FALSE,20,elitize_generation_data,209,40,0.466,NA
211,45,replace-space-with-newline,ifs,FALSE,20,elitize_generation_data,210,34,0.459,NA
212,45,replace-space-with-newline,ifs,FALSE,20,elitize_generation_data,211,39,0.453,NA
213,45,replace-space-with-newline,ifs,FALSE,20,elitize_generation_data,212,35,0.451,NA
214,45,replace-space-with-newline,ifs,FALSE,20,elitize_generation_data,213,35,0.472,NA
215,45,replace-space-with-newline,ifs,FALSE,20,elitize_generation_data,214,37,0.45,NA
216,45,replace-space-with-newline,ifs,FALSE,20,elitize_generation_data,215,32,0.45,NA
217,45,replace-space-with-newline,ifs,FALSE,20,elitize_generation_data,216,38,0.453,NA
218,45,replace-space-with-newline,ifs,FALSE,20,elitize_generation_data,217,34,0.459,NA
219,45,replace-space-with-newline,ifs,FALSE,20,elitize_generation_data,218,30,0.434,NA
220,45,replace-space-with-newline,ifs,FALSE,20,elitize_generation_data,219,37,0.439,NA
221,45,replace-space-with-newline,ifs,FALSE,20,elitize_generation_data,220,34,0.447,NA
222,45,replace-space-with-newline,ifs,FALSE,20,elitize_generation_data,221,37,0.45,NA
223,45,replace-space-with-newline,ifs,FALSE,20,elitize_generation_data,222,26,0.466,NA
224,45,replace-space-with-newline,ifs,FALSE,20,elitize_generation_data,223,26,0.431,NA
225,45,replace-space-with-newline,ifs,FALSE,20,elitize_generation_data,224,37,0.435,NA
226,45,replace-space-with-newline,ifs,FALSE,20,elitize_generation_data,225,29,0.434,NA
227,45,replace-space-with-newline,ifs,FALSE,20,elitize_generation_data,226,31,0.451,NA
228,45,replace-space-with-newline,ifs,FALSE,20,elitize_generation_data,227,31,0.451,NA
229,45,replace-space-with-newline,ifs,FALSE,20,elitize_generation_data,228,35,0.464,NA
230,45,replace-space-with-newline,ifs,FALSE,20,elitize_generation_data,229,28,0.475,NA
231,45,replace-space-with-newline,ifs,FALSE,20,elitize_generation_data,230,37,0.493,NA
232,45,replace-space-with-newline,ifs,FALSE,20,elitize_generation_data,231,35,0.457,NA
233,45,replace-space-with-newline,ifs,FALSE,20,elitize_generation_data,232,35,0.446,NA
234,45,replace-space-with-newline,ifs,FALSE,20,elitize_generation_data,233,31,0.433,NA
235,45,replace-space-with-newline,ifs,FALSE,20,elitize_generation_data,234,33,0.452,NA
236,45,replace-space-with-newline,ifs,FALSE,20,elitize_generation_data,235,36,0.45,NA
237,45,replace-space-with-newline,ifs,FALSE,20,elitize_generation_data,236,28,0.431,NA
238,45,replace-space-with-newline,ifs,FALSE,20,elitize_generation_data,237,35,0.444,NA
239,45,replace-space-with-newline,ifs,FALSE,20,elitize_generation_data,238,38,0.458,NA
240,45,replace-space-with-newline,ifs,FALSE,20,elitize_generation_data,239,41,0.45,NA
241,45,replace-space-with-newline,ifs,FALSE,20,elitize_generation_data,240,42,0.449,NA
242,45,replace-space-with-newline,ifs,FALSE,20,elitize_generation_data,241,33,0.436,NA
243,45,replace-space-with-newline,ifs,FALSE,20,elitize_generation_data,242,30,0.427,NA
244,45,replace-space-with-newline,ifs,FALSE,20,elitize_generation_data,243,31,0.442,NA
245,45,replace-space-with-newline,ifs,FALSE,20,elitize_generation_data,244,32,0.438,NA
246,45,replace-space-with-newline,ifs,FALSE,20,elitize_generation_data,245,35,0.441,NA
247,45,replace-space-with-newline,ifs,FALSE,20,elitize_generation_data,246,25,0.438,NA
248,45,replace-space-with-newline,ifs,FALSE,20,elitize_generation_data,247,32,0.421,NA
249,45,replace-space-with-newline,ifs,FALSE,20,elitize_generation_data,248,34,0.456,NA
250,45,replace-space-with-newline,ifs,FALSE,20,elitize_generation_data,249,36,0.449,NA
251,45,replace-space-with-newline,ifs,FALSE,20,elitize_generation_data,250,41,0.432,NA
252,45,replace-space-with-newline,ifs,FALSE,20,elitize_generation_data,251,31,0.434,NA
253,45,replace-space-with-newline,ifs,FALSE,20,elitize_generation_data,252,28,0.445,NA
254,45,replace-space-with-newline,ifs,FALSE,20,elitize_generation_data,253,29,0.433,NA
255,45,replace-space-with-newline,ifs,FALSE,20,elitize_generation_data,254,34,0.43,NA
256,45,replace-space-with-newline,ifs,FALSE,20,elitize_generation_data,255,31,0.439,NA
257,45,replace-space-with-newline,ifs,FALSE,20,elitize_generation_data,256,34,0.468,NA
258,45,replace-space-with-newline,ifs,FALSE,20,elitize_generation_data,257,27,0.434,NA
259,45,replace-space-with-newline,ifs,FALSE,20,elitize_generation_data,258,35,0.473,NA
260,45,replace-space-with-newline,ifs,FALSE,20,elitize_generation_data,259,30,0.445,NA
261,45,replace-space-with-newline,ifs,FALSE,20,elitize_generation_data,260,32,0.459,NA
262,45,replace-space-with-newline,ifs,FALSE,20,elitize_generation_data,261,32,0.427,NA
263,45,replace-space-with-newline,ifs,FALSE,20,elitize_generation_data,262,32,0.43,NA
264,45,replace-space-with-newline,ifs,FALSE,20,elitize_generation_data,263,32,0.451,NA
265,45,replace-space-with-newline,ifs,FALSE,20,elitize_generation_data,264,36,0.444,NA
266,45,replace-space-with-newline,ifs,FALSE,20,elitize_generation_data,265,37,0.429,NA
267,45,replace-space-with-newline,ifs,FALSE,20,elitize_generation_data,266,32,0.449,NA
268,45,replace-space-with-newline,ifs,FALSE,20,elitize_generation_data,267,28,0.448,NA
269,45,replace-space-with-newline,ifs,FALSE,20,elitize_generation_data,268,27,0.43,NA
270,45,replace-space-with-newline,ifs,FALSE,20,elitize_generation_data,269,25,0.449,NA
271,45,replace-space-with-newline,ifs,FALSE,20,elitize_generation_data,270,35,0.425,NA
272,45,replace-space-with-newline,ifs,FALSE,20,elitize_generation_data,271,30,0.437,NA
273,45,replace-space-with-newline,ifs,FALSE,20,elitize_generation_data,272,29,0.408,NA
274,45,replace-space-with-newline,ifs,FALSE,20,elitize_generation_data,273,29,0.419,NA
275,45,replace-space-with-newline,ifs,FALSE,20,elitize_generation_data,274,38,0.448,NA
276,45,replace-space-with-newline,ifs,FALSE,20,elitize_generation_data,275,31,0.449,NA
277,45,replace-space-with-newline,ifs,FALSE,20,elitize_generation_data,276,28,0.429,NA
278,45,replace-space-with-newline,ifs,FALSE,20,elitize_generation_data,277,34,0.432,NA
279,45,replace-space-with-newline,ifs,FALSE,20,elitize_generation_data,278,32,0.408,NA
280,45,replace-space-with-newline,ifs,FALSE,20,elitize_generation_data,279,31,0.442,NA
281,45,replace-space-with-newline,ifs,FALSE,20,elitize_generation_data,280,32,0.409,NA
282,45,replace-space-with-newline,ifs,FALSE,20,elitize_generation_data,281,35,0.423,NA
283,45,replace-space-with-newline,ifs,FALSE,20,elitize_generation_data,282,28,0.411,NA
284,45,replace-space-with-newline,ifs,FALSE,20,elitize_generation_data,283,33,0.41,NA
285,45,replace-space-with-newline,ifs,FALSE,20,elitize_generation_data,284,35,0.417,NA
286,45,replace-space-with-newline,ifs,FALSE,20,elitize_generation_data,285,35,0.408,NA
287,45,replace-space-with-newline,ifs,FALSE,20,elitize_generation_data,286,33,0.411,NA
288,45,replace-space-with-newline,ifs,FALSE,20,elitize_generation_data,287,31,0.4,NA
289,45,replace-space-with-newline,ifs,FALSE,20,elitize_generation_data,288,34,0.412,NA
290,45,replace-space-with-newline,ifs,FALSE,20,elitize_generation_data,289,31,0.391,NA
291,45,replace-space-with-newline,ifs,FALSE,20,elitize_generation_data,290,28,0.389,NA
292,45,replace-space-with-newline,ifs,FALSE,20,elitize_generation_data,291,29,0.407,NA
293,45,replace-space-with-newline,ifs,FALSE,20,elitize_generation_data,292,32,0.409,NA
294,45,replace-space-with-newline,ifs,FALSE,20,elitize_generation_data,293,28,0.398,NA
295,45,replace-space-with-newline,ifs,FALSE,20,elitize_generation_data,294,31,0.398,NA
296,45,replace-space-with-newline,ifs,FALSE,20,elitize_generation_data,295,27,0.404,NA
297,45,replace-space-with-newline,ifs,FALSE,20,elitize_generation_data,296,35,0.412,NA
298,45,replace-space-with-newline,ifs,FALSE,20,elitize_generation_data,297,26,0.401,NA
299,45,replace-space-with-newline,ifs,FALSE,20,elitize_generation_data,298,31,0.397,NA
300,45,replace-space-with-newline,ifs,FALSE,20,elitize_generation_data,299,30,0.39,NA
301,45,replace-space-with-newline,ifs,FALSE,20,elitize_generation_data,300,32,0.376,NA
