,run.num,problem,treatment,succeeded,height,normalization.function,generation,cluster.count,error.diversity,success.generation
1,42,replace-space-with-newline,ifs,FALSE,20,elitize_generation_data,0,5,0.44,NA
2,42,replace-space-with-newline,ifs,FALSE,20,elitize_generation_data,1,6,0.338,NA
3,42,replace-space-with-newline,ifs,FALSE,20,elitize_generation_data,2,8,0.269,NA
4,42,replace-space-with-newline,ifs,FALSE,20,elitize_generation_data,3,11,0.276,NA
5,42,replace-space-with-newline,ifs,FALSE,20,elitize_generation_data,4,11,0.24,NA
6,42,replace-space-with-newline,ifs,FALSE,20,elitize_generation_data,5,11,0.233,NA
7,42,replace-space-with-newline,ifs,FALSE,20,elitize_generation_data,6,12,0.185,NA
8,42,replace-space-with-newline,ifs,FALSE,20,elitize_generation_data,7,9,0.175,NA
9,42,replace-space-with-newline,ifs,FALSE,20,elitize_generation_data,8,9,0.152,NA
10,42,replace-space-with-newline,ifs,FALSE,20,elitize_generation_data,9,13,0.134,NA
11,42,replace-space-with-newline,ifs,FALSE,20,elitize_generation_data,10,13,0.124,NA
12,42,replace-space-with-newline,ifs,FALSE,20,elitize_generation_data,11,10,0.075,NA
13,42,replace-space-with-newline,ifs,FALSE,20,elitize_generation_data,12,12,0.067,NA
14,42,replace-space-with-newline,ifs,FALSE,20,elitize_generation_data,13,11,0.067,NA
15,42,replace-space-with-newline,ifs,FALSE,20,elitize_generation_data,14,12,0.071,NA
16,42,replace-space-with-newline,ifs,FALSE,20,elitize_generation_data,15,13,0.093,NA
17,42,replace-space-with-newline,ifs,FALSE,20,elitize_generation_data,16,12,0.086,NA
18,42,replace-space-with-newline,ifs,FALSE,20,elitize_generation_data,17,11,0.063,NA
19,42,replace-space-with-newline,ifs,FALSE,20,elitize_generation_data,18,14,0.063,NA
20,42,replace-space-with-newline,ifs,FALSE,20,elitize_generation_data,19,12,0.072,NA
21,42,replace-space-with-newline,ifs,FALSE,20,elitize_generation_data,20,12,0.064,NA
22,42,replace-space-with-newline,ifs,FALSE,20,elitize_generation_data,21,14,0.081,NA
23,42,replace-space-with-newline,ifs,FALSE,20,elitize_generation_data,22,9,0.066,NA
24,42,replace-space-with-newline,ifs,FALSE,20,elitize_generation_data,23,11,0.067,NA
25,42,replace-space-with-newline,ifs,FALSE,20,elitize_generation_data,24,11,0.085,NA
26,42,replace-space-with-newline,ifs,FALSE,20,elitize_generation_data,25,14,0.072,NA
27,42,replace-space-with-newline,ifs,FALSE,20,elitize_generation_data,26,13,0.072,NA
28,42,replace-space-with-newline,ifs,FALSE,20,elitize_generation_data,27,12,0.087,NA
29,42,replace-space-with-newline,ifs,FALSE,20,elitize_generation_data,28,13,0.092,NA
30,42,replace-space-with-newline,ifs,FALSE,20,elitize_generation_data,29,12,0.076,NA
31,42,replace-space-with-newline,ifs,FALSE,20,elitize_generation_data,30,14,0.096,NA
32,42,replace-space-with-newline,ifs,FALSE,20,elitize_generation_data,31,10,0.103,NA
33,42,replace-space-with-newline,ifs,FALSE,20,elitize_generation_data,32,14,0.124,NA
34,42,replace-space-with-newline,ifs,FALSE,20,elitize_generation_data,33,12,0.104,NA
35,42,replace-space-with-newline,ifs,FALSE,20,elitize_generation_data,34,17,0.123,NA
36,42,replace-space-with-newline,ifs,FALSE,20,elitize_generation_data,35,10,0.118,NA
37,42,replace-space-with-newline,ifs,FALSE,20,elitize_generation_data,36,15,0.144,NA
38,42,replace-space-with-newline,ifs,FALSE,20,elitize_generation_data,37,13,0.169,NA
39,42,replace-space-with-newline,ifs,FALSE,20,elitize_generation_data,38,17,0.209,NA
40,42,replace-space-with-newline,ifs,FALSE,20,elitize_generation_data,39,19,0.23,NA
41,42,replace-space-with-newline,ifs,FALSE,20,elitize_generation_data,40,18,0.202,NA
42,42,replace-space-with-newline,ifs,FALSE,20,elitize_generation_data,41,17,0.205,NA
43,42,replace-space-with-newline,ifs,FALSE,20,elitize_generation_data,42,14,0.2,NA
44,42,replace-space-with-newline,ifs,FALSE,20,elitize_generation_data,43,22,0.22,NA
45,42,replace-space-with-newline,ifs,FALSE,20,elitize_generation_data,44,17,0.23,NA
46,42,replace-space-with-newline,ifs,FALSE,20,elitize_generation_data,45,17,0.26,NA
47,42,replace-space-with-newline,ifs,FALSE,20,elitize_generation_data,46,12,0.233,NA
48,42,replace-space-with-newline,ifs,FALSE,20,elitize_generation_data,47,16,0.219,NA
49,42,replace-space-with-newline,ifs,FALSE,20,elitize_generation_data,48,21,0.231,NA
50,42,replace-space-with-newline,ifs,FALSE,20,elitize_generation_data,49,21,0.254,NA
51,42,replace-space-with-newline,ifs,FALSE,20,elitize_generation_data,50,29,0.309,NA
52,42,replace-space-with-newline,ifs,FALSE,20,elitize_generation_data,51,31,0.288,NA
53,42,replace-space-with-newline,ifs,FALSE,20,elitize_generation_data,52,29,0.274,NA
54,42,replace-space-with-newline,ifs,FALSE,20,elitize_generation_data,53,26,0.272,NA
55,42,replace-space-with-newline,ifs,FALSE,20,elitize_generation_data,54,33,0.257,NA
56,42,replace-space-with-newline,ifs,FALSE,20,elitize_generation_data,55,32,0.256,NA
57,42,replace-space-with-newline,ifs,FALSE,20,elitize_generation_data,56,23,0.257,NA
58,42,replace-space-with-newline,ifs,FALSE,20,elitize_generation_data,57,24,0.251,NA
59,42,replace-space-with-newline,ifs,FALSE,20,elitize_generation_data,58,35,0.263,NA
60,42,replace-space-with-newline,ifs,FALSE,20,elitize_generation_data,59,32,0.261,NA
61,42,replace-space-with-newline,ifs,FALSE,20,elitize_generation_data,60,25,0.247,NA
62,42,replace-space-with-newline,ifs,FALSE,20,elitize_generation_data,61,38,0.266,NA
63,42,replace-space-with-newline,ifs,FALSE,20,elitize_generation_data,62,32,0.252,NA
64,42,replace-space-with-newline,ifs,FALSE,20,elitize_generation_data,63,38,0.295,NA
65,42,replace-space-with-newline,ifs,FALSE,20,elitize_generation_data,64,34,0.257,NA
66,42,replace-space-with-newline,ifs,FALSE,20,elitize_generation_data,65,33,0.245,NA
67,42,replace-space-with-newline,ifs,FALSE,20,elitize_generation_data,66,35,0.245,NA
68,42,replace-space-with-newline,ifs,FALSE,20,elitize_generation_data,67,26,0.253,NA
69,42,replace-space-with-newline,ifs,FALSE,20,elitize_generation_data,68,38,0.239,NA
70,42,replace-space-with-newline,ifs,FALSE,20,elitize_generation_data,69,37,0.235,NA
71,42,replace-space-with-newline,ifs,FALSE,20,elitize_generation_data,70,36,0.234,NA
72,42,replace-space-with-newline,ifs,FALSE,20,elitize_generation_data,71,25,0.229,NA
73,42,replace-space-with-newline,ifs,FALSE,20,elitize_generation_data,72,34,0.246,NA
74,42,replace-space-with-newline,ifs,FALSE,20,elitize_generation_data,73,28,0.232,NA
75,42,replace-space-with-newline,ifs,FALSE,20,elitize_generation_data,74,32,0.239,NA
76,42,replace-space-with-newline,ifs,FALSE,20,elitize_generation_data,75,38,0.225,NA
77,42,replace-space-with-newline,ifs,FALSE,20,elitize_generation_data,76,32,0.193,NA
78,42,replace-space-with-newline,ifs,FALSE,20,elitize_generation_data,77,31,0.222,NA
79,42,replace-space-with-newline,ifs,FALSE,20,elitize_generation_data,78,29,0.207,NA
80,42,replace-space-with-newline,ifs,FALSE,20,elitize_generation_data,79,34,0.206,NA
81,42,replace-space-with-newline,ifs,FALSE,20,elitize_generation_data,80,26,0.2,NA
82,42,replace-space-with-newline,ifs,FALSE,20,elitize_generation_data,81,26,0.213,NA
83,42,replace-space-with-newline,ifs,FALSE,20,elitize_generation_data,82,28,0.21,NA
84,42,replace-space-with-newline,ifs,FALSE,20,elitize_generation_data,83,31,0.204,NA
85,42,replace-space-with-newline,ifs,FALSE,20,elitize_generation_data,84,26,0.183,NA
86,42,replace-space-with-newline,ifs,FALSE,20,elitize_generation_data,85,26,0.171,NA
87,42,replace-space-with-newline,ifs,FALSE,20,elitize_generation_data,86,25,0.199,NA
88,42,replace-space-with-newline,ifs,FALSE,20,elitize_generation_data,87,25,0.149,NA
89,42,replace-space-with-newline,ifs,FALSE,20,elitize_generation_data,88,27,0.18,NA
90,42,replace-space-with-newline,ifs,FALSE,20,elitize_generation_data,89,23,0.17,NA
91,42,replace-space-with-newline,ifs,FALSE,20,elitize_generation_data,90,26,0.178,NA
92,42,replace-space-with-newline,ifs,FALSE,20,elitize_generation_data,91,19,0.157,NA
93,42,replace-space-with-newline,ifs,FALSE,20,elitize_generation_data,92,22,0.154,NA
94,42,replace-space-with-newline,ifs,FALSE,20,elitize_generation_data,93,22,0.15,NA
95,42,replace-space-with-newline,ifs,FALSE,20,elitize_generation_data,94,28,0.159,NA
96,42,replace-space-with-newline,ifs,FALSE,20,elitize_generation_data,95,28,0.162,NA
97,42,replace-space-with-newline,ifs,FALSE,20,elitize_generation_data,96,23,0.142,NA
98,42,replace-space-with-newline,ifs,FALSE,20,elitize_generation_data,97,25,0.152,NA
99,42,replace-space-with-newline,ifs,FALSE,20,elitize_generation_data,98,22,0.16,NA
100,42,replace-space-with-newline,ifs,FALSE,20,elitize_generation_data,99,25,0.161,NA
101,42,replace-space-with-newline,ifs,FALSE,20,elitize_generation_data,100,30,0.147,NA
102,42,replace-space-with-newline,ifs,FALSE,20,elitize_generation_data,101,29,0.156,NA
103,42,replace-space-with-newline,ifs,FALSE,20,elitize_generation_data,102,20,0.132,NA
104,42,replace-space-with-newline,ifs,FALSE,20,elitize_generation_data,103,26,0.144,NA
105,42,replace-space-with-newline,ifs,FALSE,20,elitize_generation_data,104,23,0.157,NA
106,42,replace-space-with-newline,ifs,FALSE,20,elitize_generation_data,105,25,0.139,NA
107,42,replace-space-with-newline,ifs,FALSE,20,elitize_generation_data,106,22,0.135,NA
108,42,replace-space-with-newline,ifs,FALSE,20,elitize_generation_data,107,18,0.118,NA
109,42,replace-space-with-newline,ifs,FALSE,20,elitize_generation_data,108,24,0.126,NA
110,42,replace-space-with-newline,ifs,FALSE,20,elitize_generation_data,109,25,0.129,NA
111,42,replace-space-with-newline,ifs,FALSE,20,elitize_generation_data,110,15,0.118,NA
112,42,replace-space-with-newline,ifs,FALSE,20,elitize_generation_data,111,16,0.118,NA
113,42,replace-space-with-newline,ifs,FALSE,20,elitize_generation_data,112,21,0.11,NA
114,42,replace-space-with-newline,ifs,FALSE,20,elitize_generation_data,113,19,0.127,NA
115,42,replace-space-with-newline,ifs,FALSE,20,elitize_generation_data,114,21,0.122,NA
116,42,replace-space-with-newline,ifs,FALSE,20,elitize_generation_data,115,23,0.107,NA
117,42,replace-space-with-newline,ifs,FALSE,20,elitize_generation_data,116,21,0.132,NA
118,42,replace-space-with-newline,ifs,FALSE,20,elitize_generation_data,117,22,0.118,NA
119,42,replace-space-with-newline,ifs,FALSE,20,elitize_generation_data,118,24,0.12,NA
120,42,replace-space-with-newline,ifs,FALSE,20,elitize_generation_data,119,17,0.113,NA
121,42,replace-space-with-newline,ifs,FALSE,20,elitize_generation_data,120,24,0.122,NA
122,42,replace-space-with-newline,ifs,FALSE,20,elitize_generation_data,121,28,0.119,NA
123,42,replace-space-with-newline,ifs,FALSE,20,elitize_generation_data,122,23,0.114,NA
124,42,replace-space-with-newline,ifs,FALSE,20,elitize_generation_data,123,16,0.107,NA
125,42,replace-space-with-newline,ifs,FALSE,20,elitize_generation_data,124,24,0.115,NA
126,42,replace-space-with-newline,ifs,FALSE,20,elitize_generation_data,125,23,0.122,NA
127,42,replace-space-with-newline,ifs,FALSE,20,elitize_generation_data,126,20,0.12,NA
128,42,replace-space-with-newline,ifs,FALSE,20,elitize_generation_data,127,19,0.114,NA
129,42,replace-space-with-newline,ifs,FALSE,20,elitize_generation_data,128,21,0.13,NA
130,42,replace-space-with-newline,ifs,FALSE,20,elitize_generation_data,129,14,0.112,NA
131,42,replace-space-with-newline,ifs,FALSE,20,elitize_generation_data,130,18,0.117,NA
132,42,replace-space-with-newline,ifs,FALSE,20,elitize_generation_data,131,19,0.114,NA
133,42,replace-space-with-newline,ifs,FALSE,20,elitize_generation_data,132,14,0.102,NA
134,42,replace-space-with-newline,ifs,FALSE,20,elitize_generation_data,133,21,0.111,NA
135,42,replace-space-with-newline,ifs,FALSE,20,elitize_generation_data,134,20,0.106,NA
136,42,replace-space-with-newline,ifs,FALSE,20,elitize_generation_data,135,19,0.107,NA
137,42,replace-space-with-newline,ifs,FALSE,20,elitize_generation_data,136,19,0.103,NA
138,42,replace-space-with-newline,ifs,FALSE,20,elitize_generation_data,137,21,0.103,NA
139,42,replace-space-with-newline,ifs,FALSE,20,elitize_generation_data,138,17,0.103,NA
140,42,replace-space-with-newline,ifs,FALSE,20,elitize_generation_data,139,25,0.113,NA
141,42,replace-space-with-newline,ifs,FALSE,20,elitize_generation_data,140,25,0.111,NA
142,42,replace-space-with-newline,ifs,FALSE,20,elitize_generation_data,141,15,0.086,NA
143,42,replace-space-with-newline,ifs,FALSE,20,elitize_generation_data,142,17,0.094,NA
144,42,replace-space-with-newline,ifs,FALSE,20,elitize_generation_data,143,21,0.112,NA
145,42,replace-space-with-newline,ifs,FALSE,20,elitize_generation_data,144,18,0.118,NA
146,42,replace-space-with-newline,ifs,FALSE,20,elitize_generation_data,145,17,0.118,NA
147,42,replace-space-with-newline,ifs,FALSE,20,elitize_generation_data,146,21,0.09,NA
148,42,replace-space-with-newline,ifs,FALSE,20,elitize_generation_data,147,14,0.092,NA
149,42,replace-space-with-newline,ifs,FALSE,20,elitize_generation_data,148,20,0.087,NA
150,42,replace-space-with-newline,ifs,FALSE,20,elitize_generation_data,149,18,0.096,NA
151,42,replace-space-with-newline,ifs,FALSE,20,elitize_generation_data,150,16,0.095,NA
152,42,replace-space-with-newline,ifs,FALSE,20,elitize_generation_data,151,23,0.107,NA
153,42,replace-space-with-newline,ifs,FALSE,20,elitize_generation_data,152,22,0.102,NA
154,42,replace-space-with-newline,ifs,FALSE,20,elitize_generation_data,153,17,0.089,NA
155,42,replace-space-with-newline,ifs,FALSE,20,elitize_generation_data,154,24,0.109,NA
156,42,replace-space-with-newline,ifs,FALSE,20,elitize_generation_data,155,19,0.1,NA
157,42,replace-space-with-newline,ifs,FALSE,20,elitize_generation_data,156,14,0.093,NA
158,42,replace-space-with-newline,ifs,FALSE,20,elitize_generation_data,157,17,0.092,NA
159,42,replace-space-with-newline,ifs,FALSE,20,elitize_generation_data,158,15,0.086,NA
160,42,replace-space-with-newline,ifs,FALSE,20,elitize_generation_data,159,25,0.101,NA
161,42,replace-space-with-newline,ifs,FALSE,20,elitize_generation_data,160,18,0.1,NA
162,42,replace-space-with-newline,ifs,FALSE,20,elitize_generation_data,161,21,0.102,NA
163,42,replace-space-with-newline,ifs,FALSE,20,elitize_generation_data,162,17,0.102,NA
164,42,replace-space-with-newline,ifs,FALSE,20,elitize_generation_data,163,24,0.105,NA
165,42,replace-space-with-newline,ifs,FALSE,20,elitize_generation_data,164,20,0.08,NA
166,42,replace-space-with-newline,ifs,FALSE,20,elitize_generation_data,165,19,0.098,NA
167,42,replace-space-with-newline,ifs,FALSE,20,elitize_generation_data,166,21,0.101,NA
168,42,replace-space-with-newline,ifs,FALSE,20,elitize_generation_data,167,18,0.088,NA
169,42,replace-space-with-newline,ifs,FALSE,20,elitize_generation_data,168,19,0.099,NA
170,42,replace-space-with-newline,ifs,FALSE,20,elitize_generation_data,169,15,0.093,NA
171,42,replace-space-with-newline,ifs,FALSE,20,elitize_generation_data,170,19,0.097,NA
172,42,replace-space-with-newline,ifs,FALSE,20,elitize_generation_data,171,20,0.1,NA
173,42,replace-space-with-newline,ifs,FALSE,20,elitize_generation_data,172,19,0.098,NA
174,42,replace-space-with-newline,ifs,FALSE,20,elitize_generation_data,173,13,0.094,NA
175,42,replace-space-with-newline,ifs,FALSE,20,elitize_generation_data,174,13,0.089,NA
176,42,replace-space-with-newline,ifs,FALSE,20,elitize_generation_data,175,22,0.111,NA
177,42,replace-space-with-newline,ifs,FALSE,20,elitize_generation_data,176,24,0.109,NA
178,42,replace-space-with-newline,ifs,FALSE,20,elitize_generation_data,177,22,0.096,NA
179,42,replace-space-with-newline,ifs,FALSE,20,elitize_generation_data,178,21,0.095,NA
180,42,replace-space-with-newline,ifs,FALSE,20,elitize_generation_data,179,18,0.104,NA
181,42,replace-space-with-newline,ifs,FALSE,20,elitize_generation_data,180,19,0.084,NA
182,42,replace-space-with-newline,ifs,FALSE,20,elitize_generation_data,181,18,0.099,NA
183,42,replace-space-with-newline,ifs,FALSE,20,elitize_generation_data,182,15,0.099,NA
184,42,replace-space-with-newline,ifs,FALSE,20,elitize_generation_data,183,20,0.093,NA
185,42,replace-space-with-newline,ifs,FALSE,20,elitize_generation_data,184,19,0.082,NA
186,42,replace-space-with-newline,ifs,FALSE,20,elitize_generation_data,185,20,0.082,NA
187,42,replace-space-with-newline,ifs,FALSE,20,elitize_generation_data,186,22,0.095,NA
188,42,replace-space-with-newline,ifs,FALSE,20,elitize_generation_data,187,21,0.093,NA
189,42,replace-space-with-newline,ifs,FALSE,20,elitize_generation_data,188,19,0.086,NA
190,42,replace-space-with-newline,ifs,FALSE,20,elitize_generation_data,189,17,0.087,NA
191,42,replace-space-with-newline,ifs,FALSE,20,elitize_generation_data,190,13,0.086,NA
192,42,replace-space-with-newline,ifs,FALSE,20,elitize_generation_data,191,20,0.093,NA
193,42,replace-space-with-newline,ifs,FALSE,20,elitize_generation_data,192,16,0.092,NA
194,42,replace-space-with-newline,ifs,FALSE,20,elitize_generation_data,193,18,0.099,NA
195,42,replace-space-with-newline,ifs,FALSE,20,elitize_generation_data,194,17,0.082,NA
196,42,replace-space-with-newline,ifs,FALSE,20,elitize_generation_data,195,20,0.09,NA
197,42,replace-space-with-newline,ifs,FALSE,20,elitize_generation_data,196,22,0.092,NA
198,42,replace-space-with-newline,ifs,FALSE,20,elitize_generation_data,197,22,0.097,NA
199,42,replace-space-with-newline,ifs,FALSE,20,elitize_generation_data,198,18,0.088,NA
200,42,replace-space-with-newline,ifs,FALSE,20,elitize_generation_data,199,17,0.087,NA
201,42,replace-space-with-newline,ifs,FALSE,20,elitize_generation_data,200,22,0.09,NA
202,42,replace-space-with-newline,ifs,FALSE,20,elitize_generation_data,201,20,0.093,NA
203,42,replace-space-with-newline,ifs,FALSE,20,elitize_generation_data,202,18,0.101,NA
204,42,replace-space-with-newline,ifs,FALSE,20,elitize_generation_data,203,26,0.101,NA
205,42,replace-space-with-newline,ifs,FALSE,20,elitize_generation_data,204,23,0.103,NA
206,42,replace-space-with-newline,ifs,FALSE,20,elitize_generation_data,205,17,0.08,NA
207,42,replace-space-with-newline,ifs,FALSE,20,elitize_generation_data,206,21,0.095,NA
208,42,replace-space-with-newline,ifs,FALSE,20,elitize_generation_data,207,17,0.103,NA
209,42,replace-space-with-newline,ifs,FALSE,20,elitize_generation_data,208,23,0.105,NA
210,42,replace-space-with-newline,ifs,FALSE,20,elitize_generation_data,209,22,0.105,NA
211,42,replace-space-with-newline,ifs,FALSE,20,elitize_generation_data,210,23,0.109,NA
212,42,replace-space-with-newline,ifs,FALSE,20,elitize_generation_data,211,21,0.103,NA
213,42,replace-space-with-newline,ifs,FALSE,20,elitize_generation_data,212,23,0.104,NA
214,42,replace-space-with-newline,ifs,FALSE,20,elitize_generation_data,213,25,0.103,NA
215,42,replace-space-with-newline,ifs,FALSE,20,elitize_generation_data,214,24,0.103,NA
216,42,replace-space-with-newline,ifs,FALSE,20,elitize_generation_data,215,23,0.108,NA
217,42,replace-space-with-newline,ifs,FALSE,20,elitize_generation_data,216,18,0.104,NA
218,42,replace-space-with-newline,ifs,FALSE,20,elitize_generation_data,217,23,0.091,NA
219,42,replace-space-with-newline,ifs,FALSE,20,elitize_generation_data,218,26,0.111,NA
220,42,replace-space-with-newline,ifs,FALSE,20,elitize_generation_data,219,22,0.1,NA
221,42,replace-space-with-newline,ifs,FALSE,20,elitize_generation_data,220,18,0.1,NA
222,42,replace-space-with-newline,ifs,FALSE,20,elitize_generation_data,221,20,0.111,NA
223,42,replace-space-with-newline,ifs,FALSE,20,elitize_generation_data,222,24,0.1,NA
224,42,replace-space-with-newline,ifs,FALSE,20,elitize_generation_data,223,19,0.093,NA
225,42,replace-space-with-newline,ifs,FALSE,20,elitize_generation_data,224,21,0.101,NA
226,42,replace-space-with-newline,ifs,FALSE,20,elitize_generation_data,225,16,0.103,NA
227,42,replace-space-with-newline,ifs,FALSE,20,elitize_generation_data,226,22,0.103,NA
228,42,replace-space-with-newline,ifs,FALSE,20,elitize_generation_data,227,19,0.108,NA
229,42,replace-space-with-newline,ifs,FALSE,20,elitize_generation_data,228,23,0.095,NA
230,42,replace-space-with-newline,ifs,FALSE,20,elitize_generation_data,229,16,0.101,NA
231,42,replace-space-with-newline,ifs,FALSE,20,elitize_generation_data,230,22,0.109,NA
232,42,replace-space-with-newline,ifs,FALSE,20,elitize_generation_data,231,25,0.117,NA
233,42,replace-space-with-newline,ifs,FALSE,20,elitize_generation_data,232,20,0.095,NA
234,42,replace-space-with-newline,ifs,FALSE,20,elitize_generation_data,233,16,0.103,NA
235,42,replace-space-with-newline,ifs,FALSE,20,elitize_generation_data,234,23,0.105,NA
236,42,replace-space-with-newline,ifs,FALSE,20,elitize_generation_data,235,20,0.108,NA
237,42,replace-space-with-newline,ifs,FALSE,20,elitize_generation_data,236,21,0.104,NA
238,42,replace-space-with-newline,ifs,FALSE,20,elitize_generation_data,237,20,0.103,NA
239,42,replace-space-with-newline,ifs,FALSE,20,elitize_generation_data,238,21,0.099,NA
240,42,replace-space-with-newline,ifs,FALSE,20,elitize_generation_data,239,18,0.1,NA
241,42,replace-space-with-newline,ifs,FALSE,20,elitize_generation_data,240,20,0.101,NA
242,42,replace-space-with-newline,ifs,FALSE,20,elitize_generation_data,241,16,0.101,NA
243,42,replace-space-with-newline,ifs,FALSE,20,elitize_generation_data,242,25,0.118,NA
244,42,replace-space-with-newline,ifs,FALSE,20,elitize_generation_data,243,20,0.102,NA
245,42,replace-space-with-newline,ifs,FALSE,20,elitize_generation_data,244,22,0.1,NA
246,42,replace-space-with-newline,ifs,FALSE,20,elitize_generation_data,245,22,0.106,NA
247,42,replace-space-with-newline,ifs,FALSE,20,elitize_generation_data,246,18,0.094,NA
248,42,replace-space-with-newline,ifs,FALSE,20,elitize_generation_data,247,24,0.117,NA
249,42,replace-space-with-newline,ifs,FALSE,20,elitize_generation_data,248,15,0.09,NA
250,42,replace-space-with-newline,ifs,FALSE,20,elitize_generation_data,249,20,0.102,NA
251,42,replace-space-with-newline,ifs,FALSE,20,elitize_generation_data,250,19,0.099,NA
252,42,replace-space-with-newline,ifs,FALSE,20,elitize_generation_data,251,16,0.104,NA
253,42,replace-space-with-newline,ifs,FALSE,20,elitize_generation_data,252,13,0.09,NA
254,42,replace-space-with-newline,ifs,FALSE,20,elitize_generation_data,253,20,0.094,NA
255,42,replace-space-with-newline,ifs,FALSE,20,elitize_generation_data,254,18,0.1,NA
256,42,replace-space-with-newline,ifs,FALSE,20,elitize_generation_data,255,14,0.114,NA
257,42,replace-space-with-newline,ifs,FALSE,20,elitize_generation_data,256,19,0.098,NA
258,42,replace-space-with-newline,ifs,FALSE,20,elitize_generation_data,257,19,0.107,NA
259,42,replace-space-with-newline,ifs,FALSE,20,elitize_generation_data,258,16,0.102,NA
260,42,replace-space-with-newline,ifs,FALSE,20,elitize_generation_data,259,15,0.097,NA
261,42,replace-space-with-newline,ifs,FALSE,20,elitize_generation_data,260,18,0.101,NA
262,42,replace-space-with-newline,ifs,FALSE,20,elitize_generation_data,261,19,0.101,NA
263,42,replace-space-with-newline,ifs,FALSE,20,elitize_generation_data,262,15,0.096,NA
264,42,replace-space-with-newline,ifs,FALSE,20,elitize_generation_data,263,21,0.099,NA
265,42,replace-space-with-newline,ifs,FALSE,20,elitize_generation_data,264,18,0.097,NA
266,42,replace-space-with-newline,ifs,FALSE,20,elitize_generation_data,265,17,0.091,NA
267,42,replace-space-with-newline,ifs,FALSE,20,elitize_generation_data,266,19,0.098,NA
268,42,replace-space-with-newline,ifs,FALSE,20,elitize_generation_data,267,20,0.115,NA
269,42,replace-space-with-newline,ifs,FALSE,20,elitize_generation_data,268,19,0.099,NA
270,42,replace-space-with-newline,ifs,FALSE,20,elitize_generation_data,269,14,0.094,NA
271,42,replace-space-with-newline,ifs,FALSE,20,elitize_generation_data,270,17,0.102,NA
272,42,replace-space-with-newline,ifs,FALSE,20,elitize_generation_data,271,17,0.098,NA
273,42,replace-space-with-newline,ifs,FALSE,20,elitize_generation_data,272,18,0.106,NA
274,42,replace-space-with-newline,ifs,FALSE,20,elitize_generation_data,273,24,0.102,NA
275,42,replace-space-with-newline,ifs,FALSE,20,elitize_generation_data,274,16,0.096,NA
276,42,replace-space-with-newline,ifs,FALSE,20,elitize_generation_data,275,19,0.101,NA
277,42,replace-space-with-newline,ifs,FALSE,20,elitize_generation_data,276,16,0.09,NA
278,42,replace-space-with-newline,ifs,FALSE,20,elitize_generation_data,277,15,0.099,NA
279,42,replace-space-with-newline,ifs,FALSE,20,elitize_generation_data,278,21,0.098,NA
280,42,replace-space-with-newline,ifs,FALSE,20,elitize_generation_data,279,16,0.095,NA
281,42,replace-space-with-newline,ifs,FALSE,20,elitize_generation_data,280,17,0.096,NA
282,42,replace-space-with-newline,ifs,FALSE,20,elitize_generation_data,281,17,0.101,NA
283,42,replace-space-with-newline,ifs,FALSE,20,elitize_generation_data,282,15,0.092,NA
284,42,replace-space-with-newline,ifs,FALSE,20,elitize_generation_data,283,18,0.098,NA
285,42,replace-space-with-newline,ifs,FALSE,20,elitize_generation_data,284,17,0.091,NA
286,42,replace-space-with-newline,ifs,FALSE,20,elitize_generation_data,285,17,0.088,NA
287,42,replace-space-with-newline,ifs,FALSE,20,elitize_generation_data,286,15,0.089,NA
288,42,replace-space-with-newline,ifs,FALSE,20,elitize_generation_data,287,19,0.103,NA
289,42,replace-space-with-newline,ifs,FALSE,20,elitize_generation_data,288,16,0.081,NA
290,42,replace-space-with-newline,ifs,FALSE,20,elitize_generation_data,289,20,0.088,NA
291,42,replace-space-with-newline,ifs,FALSE,20,elitize_generation_data,290,20,0.089,NA
292,42,replace-space-with-newline,ifs,FALSE,20,elitize_generation_data,291,14,0.086,NA
293,42,replace-space-with-newline,ifs,FALSE,20,elitize_generation_data,292,13,0.099,NA
294,42,replace-space-with-newline,ifs,FALSE,20,elitize_generation_data,293,16,0.096,NA
295,42,replace-space-with-newline,ifs,FALSE,20,elitize_generation_data,294,19,0.092,NA
296,42,replace-space-with-newline,ifs,FALSE,20,elitize_generation_data,295,15,0.097,NA
297,42,replace-space-with-newline,ifs,FALSE,20,elitize_generation_data,296,16,0.088,NA
298,42,replace-space-with-newline,ifs,FALSE,20,elitize_generation_data,297,15,0.106,NA
299,42,replace-space-with-newline,ifs,FALSE,20,elitize_generation_data,298,18,0.099,NA
300,42,replace-space-with-newline,ifs,FALSE,20,elitize_generation_data,299,21,0.101,NA
301,42,replace-space-with-newline,ifs,FALSE,20,elitize_generation_data,300,18,0.082,NA
