,run.num,problem,treatment,succeeded,height,normalization.function,generation,cluster.count,error.diversity,success.generation
1,52,replace-space-with-newline,ifs,TRUE,20,elitize_generation_data,0,4,0.462,149
2,52,replace-space-with-newline,ifs,TRUE,20,elitize_generation_data,1,4,0.323,149
3,52,replace-space-with-newline,ifs,TRUE,20,elitize_generation_data,2,5,0.225,149
4,52,replace-space-with-newline,ifs,TRUE,20,elitize_generation_data,3,9,0.222,149
5,52,replace-space-with-newline,ifs,TRUE,20,elitize_generation_data,4,12,0.216,149
6,52,replace-space-with-newline,ifs,TRUE,20,elitize_generation_data,5,17,0.188,149
7,52,replace-space-with-newline,ifs,TRUE,20,elitize_generation_data,6,14,0.159,149
8,52,replace-space-with-newline,ifs,TRUE,20,elitize_generation_data,7,19,0.193,149
9,52,replace-space-with-newline,ifs,TRUE,20,elitize_generation_data,8,17,0.159,149
10,52,replace-space-with-newline,ifs,TRUE,20,elitize_generation_data,9,17,0.12,149
11,52,replace-space-with-newline,ifs,TRUE,20,elitize_generation_data,10,21,0.186,149
12,52,replace-space-with-newline,ifs,TRUE,20,elitize_generation_data,11,22,0.251,149
13,52,replace-space-with-newline,ifs,TRUE,20,elitize_generation_data,12,26,0.302,149
14,52,replace-space-with-newline,ifs,TRUE,20,elitize_generation_data,13,22,0.303,149
15,52,replace-space-with-newline,ifs,TRUE,20,elitize_generation_data,14,22,0.327,149
16,52,replace-space-with-newline,ifs,TRUE,20,elitize_generation_data,15,30,0.331,149
17,52,replace-space-with-newline,ifs,TRUE,20,elitize_generation_data,16,24,0.331,149
18,52,replace-space-with-newline,ifs,TRUE,20,elitize_generation_data,17,27,0.371,149
19,52,replace-space-with-newline,ifs,TRUE,20,elitize_generation_data,18,26,0.331,149
20,52,replace-space-with-newline,ifs,TRUE,20,elitize_generation_data,19,21,0.297,149
21,52,replace-space-with-newline,ifs,TRUE,20,elitize_generation_data,20,28,0.272,149
22,52,replace-space-with-newline,ifs,TRUE,20,elitize_generation_data,21,37,0.308,149
23,52,replace-space-with-newline,ifs,TRUE,20,elitize_generation_data,22,31,0.318,149
24,52,replace-space-with-newline,ifs,TRUE,20,elitize_generation_data,23,29,0.351,149
25,52,replace-space-with-newline,ifs,TRUE,20,elitize_generation_data,24,29,0.361,149
26,52,replace-space-with-newline,ifs,TRUE,20,elitize_generation_data,25,28,0.388,149
27,52,replace-space-with-newline,ifs,TRUE,20,elitize_generation_data,26,41,0.413,149
28,52,replace-space-with-newline,ifs,TRUE,20,elitize_generation_data,27,37,0.427,149
29,52,replace-space-with-newline,ifs,TRUE,20,elitize_generation_data,28,53,0.45,149
30,52,replace-space-with-newline,ifs,TRUE,20,elitize_generation_data,29,48,0.445,149
31,52,replace-space-with-newline,ifs,TRUE,20,elitize_generation_data,30,43,0.332,149
32,52,replace-space-with-newline,ifs,TRUE,20,elitize_generation_data,31,39,0.319,149
33,52,replace-space-with-newline,ifs,TRUE,20,elitize_generation_data,32,28,0.28,149
34,52,replace-space-with-newline,ifs,TRUE,20,elitize_generation_data,33,29,0.263,149
35,52,replace-space-with-newline,ifs,TRUE,20,elitize_generation_data,34,27,0.253,149
36,52,replace-space-with-newline,ifs,TRUE,20,elitize_generation_data,35,27,0.22,149
37,52,replace-space-with-newline,ifs,TRUE,20,elitize_generation_data,36,19,0.21,149
38,52,replace-space-with-newline,ifs,TRUE,20,elitize_generation_data,37,21,0.213,149
39,52,replace-space-with-newline,ifs,TRUE,20,elitize_generation_data,38,19,0.223,149
40,52,replace-space-with-newline,ifs,TRUE,20,elitize_generation_data,39,20,0.2,149
41,52,replace-space-with-newline,ifs,TRUE,20,elitize_generation_data,40,14,0.203,149
42,52,replace-space-with-newline,ifs,TRUE,20,elitize_generation_data,41,19,0.196,149
43,52,replace-space-with-newline,ifs,TRUE,20,elitize_generation_data,42,19,0.203,149
44,52,replace-space-with-newline,ifs,TRUE,20,elitize_generation_data,43,15,0.19,149
45,52,replace-space-with-newline,ifs,TRUE,20,elitize_generation_data,44,13,0.212,149
46,52,replace-space-with-newline,ifs,TRUE,20,elitize_generation_data,45,18,0.21,149
47,52,replace-space-with-newline,ifs,TRUE,20,elitize_generation_data,46,18,0.205,149
48,52,replace-space-with-newline,ifs,TRUE,20,elitize_generation_data,47,16,0.193,149
49,52,replace-space-with-newline,ifs,TRUE,20,elitize_generation_data,48,17,0.201,149
50,52,replace-space-with-newline,ifs,TRUE,20,elitize_generation_data,49,18,0.201,149
51,52,replace-space-with-newline,ifs,TRUE,20,elitize_generation_data,50,18,0.208,149
52,52,replace-space-with-newline,ifs,TRUE,20,elitize_generation_data,51,22,0.203,149
53,52,replace-space-with-newline,ifs,TRUE,20,elitize_generation_data,52,16,0.213,149
54,52,replace-space-with-newline,ifs,TRUE,20,elitize_generation_data,53,17,0.219,149
55,52,replace-space-with-newline,ifs,TRUE,20,elitize_generation_data,54,14,0.21,149
56,52,replace-space-with-newline,ifs,TRUE,20,elitize_generation_data,55,19,0.2,149
57,52,replace-space-with-newline,ifs,TRUE,20,elitize_generation_data,56,21,0.238,149
58,52,replace-space-with-newline,ifs,TRUE,20,elitize_generation_data,57,17,0.206,149
59,52,replace-space-with-newline,ifs,TRUE,20,elitize_generation_data,58,18,0.2,149
60,52,replace-space-with-newline,ifs,TRUE,20,elitize_generation_data,59,19,0.21,149
61,52,replace-space-with-newline,ifs,TRUE,20,elitize_generation_data,60,20,0.194,149
62,52,replace-space-with-newline,ifs,TRUE,20,elitize_generation_data,61,20,0.201,149
63,52,replace-space-with-newline,ifs,TRUE,20,elitize_generation_data,62,20,0.201,149
64,52,replace-space-with-newline,ifs,TRUE,20,elitize_generation_data,63,17,0.2,149
65,52,replace-space-with-newline,ifs,TRUE,20,elitize_generation_data,64,20,0.209,149
66,52,replace-space-with-newline,ifs,TRUE,20,elitize_generation_data,65,24,0.207,149
67,52,replace-space-with-newline,ifs,TRUE,20,elitize_generation_data,66,25,0.213,149
68,52,replace-space-with-newline,ifs,TRUE,20,elitize_generation_data,67,21,0.21,149
69,52,replace-space-with-newline,ifs,TRUE,20,elitize_generation_data,68,19,0.205,149
70,52,replace-space-with-newline,ifs,TRUE,20,elitize_generation_data,69,20,0.199,149
71,52,replace-space-with-newline,ifs,TRUE,20,elitize_generation_data,70,19,0.221,149
72,52,replace-space-with-newline,ifs,TRUE,20,elitize_generation_data,71,16,0.206,149
73,52,replace-space-with-newline,ifs,TRUE,20,elitize_generation_data,72,18,0.187,149
74,52,replace-space-with-newline,ifs,TRUE,20,elitize_generation_data,73,23,0.239,149
75,52,replace-space-with-newline,ifs,TRUE,20,elitize_generation_data,74,21,0.201,149
76,52,replace-space-with-newline,ifs,TRUE,20,elitize_generation_data,75,21,0.221,149
77,52,replace-space-with-newline,ifs,TRUE,20,elitize_generation_data,76,22,0.212,149
78,52,replace-space-with-newline,ifs,TRUE,20,elitize_generation_data,77,18,0.188,149
79,52,replace-space-with-newline,ifs,TRUE,20,elitize_generation_data,78,25,0.201,149
80,52,replace-space-with-newline,ifs,TRUE,20,elitize_generation_data,79,26,0.195,149
81,52,replace-space-with-newline,ifs,TRUE,20,elitize_generation_data,80,17,0.192,149
82,52,replace-space-with-newline,ifs,TRUE,20,elitize_generation_data,81,14,0.204,149
83,52,replace-space-with-newline,ifs,TRUE,20,elitize_generation_data,82,20,0.207,149
84,52,replace-space-with-newline,ifs,TRUE,20,elitize_generation_data,83,18,0.192,149
85,52,replace-space-with-newline,ifs,TRUE,20,elitize_generation_data,84,16,0.199,149
86,52,replace-space-with-newline,ifs,TRUE,20,elitize_generation_data,85,17,0.189,149
87,52,replace-space-with-newline,ifs,TRUE,20,elitize_generation_data,86,20,0.182,149
88,52,replace-space-with-newline,ifs,TRUE,20,elitize_generation_data,87,19,0.203,149
89,52,replace-space-with-newline,ifs,TRUE,20,elitize_generation_data,88,21,0.19,149
90,52,replace-space-with-newline,ifs,TRUE,20,elitize_generation_data,89,21,0.174,149
91,52,replace-space-with-newline,ifs,TRUE,20,elitize_generation_data,90,15,0.167,149
92,52,replace-space-with-newline,ifs,TRUE,20,elitize_generation_data,91,22,0.192,149
93,52,replace-space-with-newline,ifs,TRUE,20,elitize_generation_data,92,19,0.183,149
94,52,replace-space-with-newline,ifs,TRUE,20,elitize_generation_data,93,18,0.176,149
95,52,replace-space-with-newline,ifs,TRUE,20,elitize_generation_data,94,24,0.2,149
96,52,replace-space-with-newline,ifs,TRUE,20,elitize_generation_data,95,24,0.176,149
97,52,replace-space-with-newline,ifs,TRUE,20,elitize_generation_data,96,25,0.185,149
98,52,replace-space-with-newline,ifs,TRUE,20,elitize_generation_data,97,23,0.188,149
99,52,replace-space-with-newline,ifs,TRUE,20,elitize_generation_data,98,21,0.184,149
100,52,replace-space-with-newline,ifs,TRUE,20,elitize_generation_data,99,14,0.183,149
101,52,replace-space-with-newline,ifs,TRUE,20,elitize_generation_data,100,22,0.206,149
102,52,replace-space-with-newline,ifs,TRUE,20,elitize_generation_data,101,20,0.195,149
103,52,replace-space-with-newline,ifs,TRUE,20,elitize_generation_data,102,21,0.193,149
104,52,replace-space-with-newline,ifs,TRUE,20,elitize_generation_data,103,21,0.182,149
105,52,replace-space-with-newline,ifs,TRUE,20,elitize_generation_data,104,21,0.179,149
106,52,replace-space-with-newline,ifs,TRUE,20,elitize_generation_data,105,20,0.179,149
107,52,replace-space-with-newline,ifs,TRUE,20,elitize_generation_data,106,22,0.19,149
108,52,replace-space-with-newline,ifs,TRUE,20,elitize_generation_data,107,14,0.195,149
109,52,replace-space-with-newline,ifs,TRUE,20,elitize_generation_data,108,22,0.185,149
110,52,replace-space-with-newline,ifs,TRUE,20,elitize_generation_data,109,21,0.178,149
111,52,replace-space-with-newline,ifs,TRUE,20,elitize_generation_data,110,16,0.193,149
112,52,replace-space-with-newline,ifs,TRUE,20,elitize_generation_data,111,18,0.192,149
113,52,replace-space-with-newline,ifs,TRUE,20,elitize_generation_data,112,22,0.177,149
114,52,replace-space-with-newline,ifs,TRUE,20,elitize_generation_data,113,22,0.185,149
115,52,replace-space-with-newline,ifs,TRUE,20,elitize_generation_data,114,17,0.185,149
116,52,replace-space-with-newline,ifs,TRUE,20,elitize_generation_data,115,23,0.201,149
117,52,replace-space-with-newline,ifs,TRUE,20,elitize_generation_data,116,17,0.161,149
118,52,replace-space-with-newline,ifs,TRUE,20,elitize_generation_data,117,23,0.2,149
119,52,replace-space-with-newline,ifs,TRUE,20,elitize_generation_data,118,18,0.171,149
120,52,replace-space-with-newline,ifs,TRUE,20,elitize_generation_data,119,18,0.182,149
121,52,replace-space-with-newline,ifs,TRUE,20,elitize_generation_data,120,20,0.196,149
122,52,replace-space-with-newline,ifs,TRUE,20,elitize_generation_data,121,18,0.18,149
123,52,replace-space-with-newline,ifs,TRUE,20,elitize_generation_data,122,18,0.177,149
124,52,replace-space-with-newline,ifs,TRUE,20,elitize_generation_data,123,22,0.194,149
125,52,replace-space-with-newline,ifs,TRUE,20,elitize_generation_data,124,20,0.191,149
126,52,replace-space-with-newline,ifs,TRUE,20,elitize_generation_data,125,21,0.184,149
127,52,replace-space-with-newline,ifs,TRUE,20,elitize_generation_data,126,22,0.186,149
128,52,replace-space-with-newline,ifs,TRUE,20,elitize_generation_data,127,20,0.179,149
129,52,replace-space-with-newline,ifs,TRUE,20,elitize_generation_data,128,18,0.189,149
130,52,replace-space-with-newline,ifs,TRUE,20,elitize_generation_data,129,22,0.188,149
131,52,replace-space-with-newline,ifs,TRUE,20,elitize_generation_data,130,18,0.191,149
132,52,replace-space-with-newline,ifs,TRUE,20,elitize_generation_data,131,23,0.191,149
133,52,replace-space-with-newline,ifs,TRUE,20,elitize_generation_data,132,25,0.172,149
134,52,replace-space-with-newline,ifs,TRUE,20,elitize_generation_data,133,21,0.184,149
135,52,replace-space-with-newline,ifs,TRUE,20,elitize_generation_data,134,20,0.174,149
136,52,replace-space-with-newline,ifs,TRUE,20,elitize_generation_data,135,22,0.196,149
137,52,replace-space-with-newline,ifs,TRUE,20,elitize_generation_data,136,20,0.18,149
138,52,replace-space-with-newline,ifs,TRUE,20,elitize_generation_data,137,19,0.18,149
139,52,replace-space-with-newline,ifs,TRUE,20,elitize_generation_data,138,22,0.171,149
140,52,replace-space-with-newline,ifs,TRUE,20,elitize_generation_data,139,21,0.168,149
141,52,replace-space-with-newline,ifs,TRUE,20,elitize_generation_data,140,18,0.18,149
142,52,replace-space-with-newline,ifs,TRUE,20,elitize_generation_data,141,13,0.2,149
143,52,replace-space-with-newline,ifs,TRUE,20,elitize_generation_data,142,18,0.201,149
144,52,replace-space-with-newline,ifs,TRUE,20,elitize_generation_data,143,16,0.189,149
145,52,replace-space-with-newline,ifs,TRUE,20,elitize_generation_data,144,18,0.177,149
146,52,replace-space-with-newline,ifs,TRUE,20,elitize_generation_data,145,22,0.179,149
147,52,replace-space-with-newline,ifs,TRUE,20,elitize_generation_data,146,17,0.165,149
148,52,replace-space-with-newline,ifs,TRUE,20,elitize_generation_data,147,21,0.161,149
149,52,replace-space-with-newline,ifs,TRUE,20,elitize_generation_data,148,20,0.151,149
150,52,replace-space-with-newline,ifs,TRUE,20,elitize_generation_data,149,20,0.147,149
