,run.num,problem,treatment,succeeded,height,normalization.function,generation,cluster.count,error.diversity,success.generation
1,47,replace-space-with-newline,ifs,FALSE,20,elitize_generation_data,0,3,0.497,NA
2,47,replace-space-with-newline,ifs,FALSE,20,elitize_generation_data,1,4,0.357,NA
3,47,replace-space-with-newline,ifs,FALSE,20,elitize_generation_data,2,7,0.288,NA
4,47,replace-space-with-newline,ifs,FALSE,20,elitize_generation_data,3,9,0.292,NA
5,47,replace-space-with-newline,ifs,FALSE,20,elitize_generation_data,4,11,0.21,NA
6,47,replace-space-with-newline,ifs,FALSE,20,elitize_generation_data,5,12,0.221,NA
7,47,replace-space-with-newline,ifs,FALSE,20,elitize_generation_data,6,13,0.216,NA
8,47,replace-space-with-newline,ifs,FALSE,20,elitize_generation_data,7,13,0.098,NA
9,47,replace-space-with-newline,ifs,FALSE,20,elitize_generation_data,8,14,0.087,NA
10,47,replace-space-with-newline,ifs,FALSE,20,elitize_generation_data,9,15,0.082,NA
11,47,replace-space-with-newline,ifs,FALSE,20,elitize_generation_data,10,9,0.096,NA
12,47,replace-space-with-newline,ifs,FALSE,20,elitize_generation_data,11,16,0.094,NA
13,47,replace-space-with-newline,ifs,FALSE,20,elitize_generation_data,12,17,0.084,NA
14,47,replace-space-with-newline,ifs,FALSE,20,elitize_generation_data,13,16,0.069,NA
15,47,replace-space-with-newline,ifs,FALSE,20,elitize_generation_data,14,11,0.063,NA
16,47,replace-space-with-newline,ifs,FALSE,20,elitize_generation_data,15,18,0.084,NA
17,47,replace-space-with-newline,ifs,FALSE,20,elitize_generation_data,16,17,0.071,NA
18,47,replace-space-with-newline,ifs,FALSE,20,elitize_generation_data,17,15,0.083,NA
19,47,replace-space-with-newline,ifs,FALSE,20,elitize_generation_data,18,15,0.082,NA
20,47,replace-space-with-newline,ifs,FALSE,20,elitize_generation_data,19,17,0.073,NA
21,47,replace-space-with-newline,ifs,FALSE,20,elitize_generation_data,20,14,0.069,NA
22,47,replace-space-with-newline,ifs,FALSE,20,elitize_generation_data,21,19,0.095,NA
23,47,replace-space-with-newline,ifs,FALSE,20,elitize_generation_data,22,15,0.096,NA
24,47,replace-space-with-newline,ifs,FALSE,20,elitize_generation_data,23,16,0.082,NA
25,47,replace-space-with-newline,ifs,FALSE,20,elitize_generation_data,24,15,0.093,NA
26,47,replace-space-with-newline,ifs,FALSE,20,elitize_generation_data,25,15,0.095,NA
27,47,replace-space-with-newline,ifs,FALSE,20,elitize_generation_data,26,15,0.092,NA
28,47,replace-space-with-newline,ifs,FALSE,20,elitize_generation_data,27,16,0.12,NA
29,47,replace-space-with-newline,ifs,FALSE,20,elitize_generation_data,28,15,0.101,NA
30,47,replace-space-with-newline,ifs,FALSE,20,elitize_generation_data,29,17,0.137,NA
31,47,replace-space-with-newline,ifs,FALSE,20,elitize_generation_data,30,13,0.12,NA
32,47,replace-space-with-newline,ifs,FALSE,20,elitize_generation_data,31,14,0.14,NA
33,47,replace-space-with-newline,ifs,FALSE,20,elitize_generation_data,32,13,0.123,NA
34,47,replace-space-with-newline,ifs,FALSE,20,elitize_generation_data,33,15,0.114,NA
35,47,replace-space-with-newline,ifs,FALSE,20,elitize_generation_data,34,17,0.125,NA
36,47,replace-space-with-newline,ifs,FALSE,20,elitize_generation_data,35,15,0.13,NA
37,47,replace-space-with-newline,ifs,FALSE,20,elitize_generation_data,36,13,0.128,NA
38,47,replace-space-with-newline,ifs,FALSE,20,elitize_generation_data,37,19,0.129,NA
39,47,replace-space-with-newline,ifs,FALSE,20,elitize_generation_data,38,15,0.125,NA
40,47,replace-space-with-newline,ifs,FALSE,20,elitize_generation_data,39,14,0.125,NA
41,47,replace-space-with-newline,ifs,FALSE,20,elitize_generation_data,40,19,0.14,NA
42,47,replace-space-with-newline,ifs,FALSE,20,elitize_generation_data,41,15,0.15,NA
43,47,replace-space-with-newline,ifs,FALSE,20,elitize_generation_data,42,14,0.152,NA
44,47,replace-space-with-newline,ifs,FALSE,20,elitize_generation_data,43,17,0.149,NA
45,47,replace-space-with-newline,ifs,FALSE,20,elitize_generation_data,44,18,0.164,NA
46,47,replace-space-with-newline,ifs,FALSE,20,elitize_generation_data,45,20,0.157,NA
47,47,replace-space-with-newline,ifs,FALSE,20,elitize_generation_data,46,20,0.19,NA
48,47,replace-space-with-newline,ifs,FALSE,20,elitize_generation_data,47,22,0.2,NA
49,47,replace-space-with-newline,ifs,FALSE,20,elitize_generation_data,48,16,0.156,NA
50,47,replace-space-with-newline,ifs,FALSE,20,elitize_generation_data,49,18,0.144,NA
51,47,replace-space-with-newline,ifs,FALSE,20,elitize_generation_data,50,19,0.178,NA
52,47,replace-space-with-newline,ifs,FALSE,20,elitize_generation_data,51,22,0.208,NA
53,47,replace-space-with-newline,ifs,FALSE,20,elitize_generation_data,52,26,0.231,NA
54,47,replace-space-with-newline,ifs,FALSE,20,elitize_generation_data,53,31,0.267,NA
55,47,replace-space-with-newline,ifs,FALSE,20,elitize_generation_data,54,37,0.29,NA
56,47,replace-space-with-newline,ifs,FALSE,20,elitize_generation_data,55,42,0.259,NA
57,47,replace-space-with-newline,ifs,FALSE,20,elitize_generation_data,56,26,0.207,NA
58,47,replace-space-with-newline,ifs,FALSE,20,elitize_generation_data,57,32,0.203,NA
59,47,replace-space-with-newline,ifs,FALSE,20,elitize_generation_data,58,27,0.179,NA
60,47,replace-space-with-newline,ifs,FALSE,20,elitize_generation_data,59,26,0.192,NA
61,47,replace-space-with-newline,ifs,FALSE,20,elitize_generation_data,60,26,0.193,NA
62,47,replace-space-with-newline,ifs,FALSE,20,elitize_generation_data,61,26,0.174,NA
63,47,replace-space-with-newline,ifs,FALSE,20,elitize_generation_data,62,19,0.138,NA
64,47,replace-space-with-newline,ifs,FALSE,20,elitize_generation_data,63,16,0.141,NA
65,47,replace-space-with-newline,ifs,FALSE,20,elitize_generation_data,64,20,0.151,NA
66,47,replace-space-with-newline,ifs,FALSE,20,elitize_generation_data,65,18,0.135,NA
67,47,replace-space-with-newline,ifs,FALSE,20,elitize_generation_data,66,21,0.159,NA
68,47,replace-space-with-newline,ifs,FALSE,20,elitize_generation_data,67,19,0.143,NA
69,47,replace-space-with-newline,ifs,FALSE,20,elitize_generation_data,68,21,0.161,NA
70,47,replace-space-with-newline,ifs,FALSE,20,elitize_generation_data,69,23,0.145,NA
71,47,replace-space-with-newline,ifs,FALSE,20,elitize_generation_data,70,19,0.156,NA
72,47,replace-space-with-newline,ifs,FALSE,20,elitize_generation_data,71,19,0.175,NA
73,47,replace-space-with-newline,ifs,FALSE,20,elitize_generation_data,72,19,0.163,NA
74,47,replace-space-with-newline,ifs,FALSE,20,elitize_generation_data,73,16,0.143,NA
75,47,replace-space-with-newline,ifs,FALSE,20,elitize_generation_data,74,21,0.162,NA
76,47,replace-space-with-newline,ifs,FALSE,20,elitize_generation_data,75,23,0.166,NA
77,47,replace-space-with-newline,ifs,FALSE,20,elitize_generation_data,76,23,0.183,NA
78,47,replace-space-with-newline,ifs,FALSE,20,elitize_generation_data,77,20,0.159,NA
79,47,replace-space-with-newline,ifs,FALSE,20,elitize_generation_data,78,20,0.163,NA
80,47,replace-space-with-newline,ifs,FALSE,20,elitize_generation_data,79,19,0.154,NA
81,47,replace-space-with-newline,ifs,FALSE,20,elitize_generation_data,80,20,0.156,NA
82,47,replace-space-with-newline,ifs,FALSE,20,elitize_generation_data,81,13,0.176,NA
83,47,replace-space-with-newline,ifs,FALSE,20,elitize_generation_data,82,15,0.144,NA
84,47,replace-space-with-newline,ifs,FALSE,20,elitize_generation_data,83,19,0.171,NA
85,47,replace-space-with-newline,ifs,FALSE,20,elitize_generation_data,84,21,0.166,NA
86,47,replace-space-with-newline,ifs,FALSE,20,elitize_generation_data,85,24,0.183,NA
87,47,replace-space-with-newline,ifs,FALSE,20,elitize_generation_data,86,17,0.164,NA
88,47,replace-space-with-newline,ifs,FALSE,20,elitize_generation_data,87,24,0.174,NA
89,47,replace-space-with-newline,ifs,FALSE,20,elitize_generation_data,88,21,0.169,NA
90,47,replace-space-with-newline,ifs,FALSE,20,elitize_generation_data,89,17,0.145,NA
91,47,replace-space-with-newline,ifs,FALSE,20,elitize_generation_data,90,23,0.156,NA
92,47,replace-space-with-newline,ifs,FALSE,20,elitize_generation_data,91,16,0.169,NA
93,47,replace-space-with-newline,ifs,FALSE,20,elitize_generation_data,92,18,0.159,NA
94,47,replace-space-with-newline,ifs,FALSE,20,elitize_generation_data,93,16,0.16,NA
95,47,replace-space-with-newline,ifs,FALSE,20,elitize_generation_data,94,23,0.159,NA
96,47,replace-space-with-newline,ifs,FALSE,20,elitize_generation_data,95,21,0.183,NA
97,47,replace-space-with-newline,ifs,FALSE,20,elitize_generation_data,96,21,0.146,NA
98,47,replace-space-with-newline,ifs,FALSE,20,elitize_generation_data,97,20,0.169,NA
99,47,replace-space-with-newline,ifs,FALSE,20,elitize_generation_data,98,20,0.174,NA
100,47,replace-space-with-newline,ifs,FALSE,20,elitize_generation_data,99,21,0.162,NA
101,47,replace-space-with-newline,ifs,FALSE,20,elitize_generation_data,100,17,0.167,NA
102,47,replace-space-with-newline,ifs,FALSE,20,elitize_generation_data,101,17,0.167,NA
103,47,replace-space-with-newline,ifs,FALSE,20,elitize_generation_data,102,18,0.17,NA
104,47,replace-space-with-newline,ifs,FALSE,20,elitize_generation_data,103,22,0.18,NA
105,47,replace-space-with-newline,ifs,FALSE,20,elitize_generation_data,104,20,0.145,NA
106,47,replace-space-with-newline,ifs,FALSE,20,elitize_generation_data,105,17,0.16,NA
107,47,replace-space-with-newline,ifs,FALSE,20,elitize_generation_data,106,24,0.165,NA
108,47,replace-space-with-newline,ifs,FALSE,20,elitize_generation_data,107,17,0.161,NA
109,47,replace-space-with-newline,ifs,FALSE,20,elitize_generation_data,108,15,0.17,NA
110,47,replace-space-with-newline,ifs,FALSE,20,elitize_generation_data,109,17,0.183,NA
111,47,replace-space-with-newline,ifs,FALSE,20,elitize_generation_data,110,21,0.163,NA
112,47,replace-space-with-newline,ifs,FALSE,20,elitize_generation_data,111,19,0.164,NA
113,47,replace-space-with-newline,ifs,FALSE,20,elitize_generation_data,112,22,0.168,NA
114,47,replace-space-with-newline,ifs,FALSE,20,elitize_generation_data,113,18,0.156,NA
115,47,replace-space-with-newline,ifs,FALSE,20,elitize_generation_data,114,19,0.155,NA
116,47,replace-space-with-newline,ifs,FALSE,20,elitize_generation_data,115,18,0.147,NA
117,47,replace-space-with-newline,ifs,FALSE,20,elitize_generation_data,116,16,0.153,NA
118,47,replace-space-with-newline,ifs,FALSE,20,elitize_generation_data,117,23,0.162,NA
119,47,replace-space-with-newline,ifs,FALSE,20,elitize_generation_data,118,19,0.167,NA
120,47,replace-space-with-newline,ifs,FALSE,20,elitize_generation_data,119,16,0.164,NA
121,47,replace-space-with-newline,ifs,FALSE,20,elitize_generation_data,120,19,0.18,NA
122,47,replace-space-with-newline,ifs,FALSE,20,elitize_generation_data,121,20,0.161,NA
123,47,replace-space-with-newline,ifs,FALSE,20,elitize_generation_data,122,17,0.163,NA
124,47,replace-space-with-newline,ifs,FALSE,20,elitize_generation_data,123,17,0.146,NA
125,47,replace-space-with-newline,ifs,FALSE,20,elitize_generation_data,124,17,0.174,NA
126,47,replace-space-with-newline,ifs,FALSE,20,elitize_generation_data,125,20,0.134,NA
127,47,replace-space-with-newline,ifs,FALSE,20,elitize_generation_data,126,19,0.144,NA
128,47,replace-space-with-newline,ifs,FALSE,20,elitize_generation_data,127,22,0.162,NA
129,47,replace-space-with-newline,ifs,FALSE,20,elitize_generation_data,128,16,0.179,NA
130,47,replace-space-with-newline,ifs,FALSE,20,elitize_generation_data,129,18,0.153,NA
131,47,replace-space-with-newline,ifs,FALSE,20,elitize_generation_data,130,19,0.144,NA
132,47,replace-space-with-newline,ifs,FALSE,20,elitize_generation_data,131,14,0.125,NA
133,47,replace-space-with-newline,ifs,FALSE,20,elitize_generation_data,132,18,0.12,NA
134,47,replace-space-with-newline,ifs,FALSE,20,elitize_generation_data,133,17,0.14,NA
135,47,replace-space-with-newline,ifs,FALSE,20,elitize_generation_data,134,13,0.138,NA
136,47,replace-space-with-newline,ifs,FALSE,20,elitize_generation_data,135,16,0.134,NA
137,47,replace-space-with-newline,ifs,FALSE,20,elitize_generation_data,136,14,0.131,NA
138,47,replace-space-with-newline,ifs,FALSE,20,elitize_generation_data,137,12,0.131,NA
139,47,replace-space-with-newline,ifs,FALSE,20,elitize_generation_data,138,16,0.129,NA
140,47,replace-space-with-newline,ifs,FALSE,20,elitize_generation_data,139,15,0.152,NA
141,47,replace-space-with-newline,ifs,FALSE,20,elitize_generation_data,140,14,0.149,NA
142,47,replace-space-with-newline,ifs,FALSE,20,elitize_generation_data,141,13,0.135,NA
143,47,replace-space-with-newline,ifs,FALSE,20,elitize_generation_data,142,14,0.124,NA
144,47,replace-space-with-newline,ifs,FALSE,20,elitize_generation_data,143,14,0.146,NA
145,47,replace-space-with-newline,ifs,FALSE,20,elitize_generation_data,144,18,0.139,NA
146,47,replace-space-with-newline,ifs,FALSE,20,elitize_generation_data,145,16,0.155,NA
147,47,replace-space-with-newline,ifs,FALSE,20,elitize_generation_data,146,17,0.163,NA
148,47,replace-space-with-newline,ifs,FALSE,20,elitize_generation_data,147,16,0.164,NA
149,47,replace-space-with-newline,ifs,FALSE,20,elitize_generation_data,148,15,0.147,NA
150,47,replace-space-with-newline,ifs,FALSE,20,elitize_generation_data,149,15,0.131,NA
151,47,replace-space-with-newline,ifs,FALSE,20,elitize_generation_data,150,15,0.135,NA
152,47,replace-space-with-newline,ifs,FALSE,20,elitize_generation_data,151,12,0.147,NA
153,47,replace-space-with-newline,ifs,FALSE,20,elitize_generation_data,152,16,0.141,NA
154,47,replace-space-with-newline,ifs,FALSE,20,elitize_generation_data,153,19,0.142,NA
155,47,replace-space-with-newline,ifs,FALSE,20,elitize_generation_data,154,19,0.154,NA
156,47,replace-space-with-newline,ifs,FALSE,20,elitize_generation_data,155,16,0.139,NA
157,47,replace-space-with-newline,ifs,FALSE,20,elitize_generation_data,156,15,0.152,NA
158,47,replace-space-with-newline,ifs,FALSE,20,elitize_generation_data,157,19,0.149,NA
159,47,replace-space-with-newline,ifs,FALSE,20,elitize_generation_data,158,17,0.139,NA
160,47,replace-space-with-newline,ifs,FALSE,20,elitize_generation_data,159,16,0.148,NA
161,47,replace-space-with-newline,ifs,FALSE,20,elitize_generation_data,160,13,0.154,NA
162,47,replace-space-with-newline,ifs,FALSE,20,elitize_generation_data,161,16,0.153,NA
163,47,replace-space-with-newline,ifs,FALSE,20,elitize_generation_data,162,21,0.14,NA
164,47,replace-space-with-newline,ifs,FALSE,20,elitize_generation_data,163,14,0.152,NA
165,47,replace-space-with-newline,ifs,FALSE,20,elitize_generation_data,164,22,0.145,NA
166,47,replace-space-with-newline,ifs,FALSE,20,elitize_generation_data,165,18,0.152,NA
167,47,replace-space-with-newline,ifs,FALSE,20,elitize_generation_data,166,16,0.143,NA
168,47,replace-space-with-newline,ifs,FALSE,20,elitize_generation_data,167,16,0.154,NA
169,47,replace-space-with-newline,ifs,FALSE,20,elitize_generation_data,168,18,0.149,NA
170,47,replace-space-with-newline,ifs,FALSE,20,elitize_generation_data,169,18,0.146,NA
171,47,replace-space-with-newline,ifs,FALSE,20,elitize_generation_data,170,19,0.171,NA
172,47,replace-space-with-newline,ifs,FALSE,20,elitize_generation_data,171,18,0.139,NA
173,47,replace-space-with-newline,ifs,FALSE,20,elitize_generation_data,172,17,0.138,NA
174,47,replace-space-with-newline,ifs,FALSE,20,elitize_generation_data,173,17,0.158,NA
175,47,replace-space-with-newline,ifs,FALSE,20,elitize_generation_data,174,17,0.14,NA
176,47,replace-space-with-newline,ifs,FALSE,20,elitize_generation_data,175,12,0.129,NA
177,47,replace-space-with-newline,ifs,FALSE,20,elitize_generation_data,176,14,0.136,NA
178,47,replace-space-with-newline,ifs,FALSE,20,elitize_generation_data,177,20,0.139,NA
179,47,replace-space-with-newline,ifs,FALSE,20,elitize_generation_data,178,15,0.151,NA
180,47,replace-space-with-newline,ifs,FALSE,20,elitize_generation_data,179,18,0.133,NA
181,47,replace-space-with-newline,ifs,FALSE,20,elitize_generation_data,180,13,0.126,NA
182,47,replace-space-with-newline,ifs,FALSE,20,elitize_generation_data,181,16,0.135,NA
183,47,replace-space-with-newline,ifs,FALSE,20,elitize_generation_data,182,17,0.136,NA
184,47,replace-space-with-newline,ifs,FALSE,20,elitize_generation_data,183,16,0.137,NA
185,47,replace-space-with-newline,ifs,FALSE,20,elitize_generation_data,184,17,0.139,NA
186,47,replace-space-with-newline,ifs,FALSE,20,elitize_generation_data,185,10,0.112,NA
187,47,replace-space-with-newline,ifs,FALSE,20,elitize_generation_data,186,17,0.148,NA
188,47,replace-space-with-newline,ifs,FALSE,20,elitize_generation_data,187,15,0.139,NA
189,47,replace-space-with-newline,ifs,FALSE,20,elitize_generation_data,188,13,0.127,NA
190,47,replace-space-with-newline,ifs,FALSE,20,elitize_generation_data,189,16,0.145,NA
191,47,replace-space-with-newline,ifs,FALSE,20,elitize_generation_data,190,17,0.122,NA
192,47,replace-space-with-newline,ifs,FALSE,20,elitize_generation_data,191,16,0.133,NA
193,47,replace-space-with-newline,ifs,FALSE,20,elitize_generation_data,192,19,0.136,NA
194,47,replace-space-with-newline,ifs,FALSE,20,elitize_generation_data,193,14,0.126,NA
195,47,replace-space-with-newline,ifs,FALSE,20,elitize_generation_data,194,14,0.136,NA
196,47,replace-space-with-newline,ifs,FALSE,20,elitize_generation_data,195,17,0.139,NA
197,47,replace-space-with-newline,ifs,FALSE,20,elitize_generation_data,196,15,0.138,NA
198,47,replace-space-with-newline,ifs,FALSE,20,elitize_generation_data,197,12,0.11,NA
199,47,replace-space-with-newline,ifs,FALSE,20,elitize_generation_data,198,11,0.133,NA
200,47,replace-space-with-newline,ifs,FALSE,20,elitize_generation_data,199,14,0.135,NA
201,47,replace-space-with-newline,ifs,FALSE,20,elitize_generation_data,200,13,0.117,NA
202,47,replace-space-with-newline,ifs,FALSE,20,elitize_generation_data,201,14,0.127,NA
203,47,replace-space-with-newline,ifs,FALSE,20,elitize_generation_data,202,14,0.13,NA
204,47,replace-space-with-newline,ifs,FALSE,20,elitize_generation_data,203,14,0.127,NA
205,47,replace-space-with-newline,ifs,FALSE,20,elitize_generation_data,204,17,0.129,NA
206,47,replace-space-with-newline,ifs,FALSE,20,elitize_generation_data,205,15,0.134,NA
207,47,replace-space-with-newline,ifs,FALSE,20,elitize_generation_data,206,14,0.119,NA
208,47,replace-space-with-newline,ifs,FALSE,20,elitize_generation_data,207,13,0.122,NA
209,47,replace-space-with-newline,ifs,FALSE,20,elitize_generation_data,208,17,0.148,NA
210,47,replace-space-with-newline,ifs,FALSE,20,elitize_generation_data,209,17,0.131,NA
211,47,replace-space-with-newline,ifs,FALSE,20,elitize_generation_data,210,15,0.133,NA
212,47,replace-space-with-newline,ifs,FALSE,20,elitize_generation_data,211,14,0.134,NA
213,47,replace-space-with-newline,ifs,FALSE,20,elitize_generation_data,212,16,0.124,NA
214,47,replace-space-with-newline,ifs,FALSE,20,elitize_generation_data,213,15,0.121,NA
215,47,replace-space-with-newline,ifs,FALSE,20,elitize_generation_data,214,15,0.13,NA
216,47,replace-space-with-newline,ifs,FALSE,20,elitize_generation_data,215,17,0.132,NA
217,47,replace-space-with-newline,ifs,FALSE,20,elitize_generation_data,216,14,0.125,NA
218,47,replace-space-with-newline,ifs,FALSE,20,elitize_generation_data,217,14,0.124,NA
219,47,replace-space-with-newline,ifs,FALSE,20,elitize_generation_data,218,17,0.126,NA
220,47,replace-space-with-newline,ifs,FALSE,20,elitize_generation_data,219,18,0.135,NA
221,47,replace-space-with-newline,ifs,FALSE,20,elitize_generation_data,220,16,0.139,NA
222,47,replace-space-with-newline,ifs,FALSE,20,elitize_generation_data,221,14,0.138,NA
223,47,replace-space-with-newline,ifs,FALSE,20,elitize_generation_data,222,12,0.121,NA
224,47,replace-space-with-newline,ifs,FALSE,20,elitize_generation_data,223,11,0.133,NA
225,47,replace-space-with-newline,ifs,FALSE,20,elitize_generation_data,224,14,0.12,NA
226,47,replace-space-with-newline,ifs,FALSE,20,elitize_generation_data,225,13,0.118,NA
227,47,replace-space-with-newline,ifs,FALSE,20,elitize_generation_data,226,15,0.125,NA
228,47,replace-space-with-newline,ifs,FALSE,20,elitize_generation_data,227,11,0.129,NA
229,47,replace-space-with-newline,ifs,FALSE,20,elitize_generation_data,228,15,0.121,NA
230,47,replace-space-with-newline,ifs,FALSE,20,elitize_generation_data,229,16,0.124,NA
231,47,replace-space-with-newline,ifs,FALSE,20,elitize_generation_data,230,16,0.123,NA
232,47,replace-space-with-newline,ifs,FALSE,20,elitize_generation_data,231,11,0.114,NA
233,47,replace-space-with-newline,ifs,FALSE,20,elitize_generation_data,232,14,0.122,NA
234,47,replace-space-with-newline,ifs,FALSE,20,elitize_generation_data,233,14,0.12,NA
235,47,replace-space-with-newline,ifs,FALSE,20,elitize_generation_data,234,17,0.135,NA
236,47,replace-space-with-newline,ifs,FALSE,20,elitize_generation_data,235,13,0.125,NA
237,47,replace-space-with-newline,ifs,FALSE,20,elitize_generation_data,236,14,0.121,NA
238,47,replace-space-with-newline,ifs,FALSE,20,elitize_generation_data,237,16,0.106,NA
239,47,replace-space-with-newline,ifs,FALSE,20,elitize_generation_data,238,13,0.135,NA
240,47,replace-space-with-newline,ifs,FALSE,20,elitize_generation_data,239,13,0.128,NA
241,47,replace-space-with-newline,ifs,FALSE,20,elitize_generation_data,240,13,0.122,NA
242,47,replace-space-with-newline,ifs,FALSE,20,elitize_generation_data,241,12,0.128,NA
243,47,replace-space-with-newline,ifs,FALSE,20,elitize_generation_data,242,13,0.126,NA
244,47,replace-space-with-newline,ifs,FALSE,20,elitize_generation_data,243,12,0.12,NA
245,47,replace-space-with-newline,ifs,FALSE,20,elitize_generation_data,244,11,0.109,NA
246,47,replace-space-with-newline,ifs,FALSE,20,elitize_generation_data,245,13,0.126,NA
247,47,replace-space-with-newline,ifs,FALSE,20,elitize_generation_data,246,14,0.128,NA
248,47,replace-space-with-newline,ifs,FALSE,20,elitize_generation_data,247,12,0.115,NA
249,47,replace-space-with-newline,ifs,FALSE,20,elitize_generation_data,248,14,0.118,NA
250,47,replace-space-with-newline,ifs,FALSE,20,elitize_generation_data,249,13,0.128,NA
251,47,replace-space-with-newline,ifs,FALSE,20,elitize_generation_data,250,17,0.12,NA
252,47,replace-space-with-newline,ifs,FALSE,20,elitize_generation_data,251,13,0.123,NA
253,47,replace-space-with-newline,ifs,FALSE,20,elitize_generation_data,252,14,0.117,NA
254,47,replace-space-with-newline,ifs,FALSE,20,elitize_generation_data,253,16,0.125,NA
255,47,replace-space-with-newline,ifs,FALSE,20,elitize_generation_data,254,12,0.119,NA
256,47,replace-space-with-newline,ifs,FALSE,20,elitize_generation_data,255,17,0.111,NA
257,47,replace-space-with-newline,ifs,FALSE,20,elitize_generation_data,256,16,0.111,NA
258,47,replace-space-with-newline,ifs,FALSE,20,elitize_generation_data,257,15,0.111,NA
259,47,replace-space-with-newline,ifs,FALSE,20,elitize_generation_data,258,12,0.119,NA
260,47,replace-space-with-newline,ifs,FALSE,20,elitize_generation_data,259,13,0.115,NA
261,47,replace-space-with-newline,ifs,FALSE,20,elitize_generation_data,260,14,0.125,NA
262,47,replace-space-with-newline,ifs,FALSE,20,elitize_generation_data,261,8,0.11,NA
263,47,replace-space-with-newline,ifs,FALSE,20,elitize_generation_data,262,16,0.11,NA
264,47,replace-space-with-newline,ifs,FALSE,20,elitize_generation_data,263,14,0.104,NA
265,47,replace-space-with-newline,ifs,FALSE,20,elitize_generation_data,264,13,0.104,NA
266,47,replace-space-with-newline,ifs,FALSE,20,elitize_generation_data,265,13,0.117,NA
267,47,replace-space-with-newline,ifs,FALSE,20,elitize_generation_data,266,13,0.111,NA
268,47,replace-space-with-newline,ifs,FALSE,20,elitize_generation_data,267,10,0.114,NA
269,47,replace-space-with-newline,ifs,FALSE,20,elitize_generation_data,268,11,0.114,NA
270,47,replace-space-with-newline,ifs,FALSE,20,elitize_generation_data,269,11,0.102,NA
271,47,replace-space-with-newline,ifs,FALSE,20,elitize_generation_data,270,10,0.101,NA
272,47,replace-space-with-newline,ifs,FALSE,20,elitize_generation_data,271,11,0.111,NA
273,47,replace-space-with-newline,ifs,FALSE,20,elitize_generation_data,272,7,0.103,NA
274,47,replace-space-with-newline,ifs,FALSE,20,elitize_generation_data,273,15,0.103,NA
275,47,replace-space-with-newline,ifs,FALSE,20,elitize_generation_data,274,9,0.102,NA
276,47,replace-space-with-newline,ifs,FALSE,20,elitize_generation_data,275,11,0.128,NA
277,47,replace-space-with-newline,ifs,FALSE,20,elitize_generation_data,276,9,0.117,NA
278,47,replace-space-with-newline,ifs,FALSE,20,elitize_generation_data,277,14,0.114,NA
279,47,replace-space-with-newline,ifs,FALSE,20,elitize_generation_data,278,12,0.106,NA
280,47,replace-space-with-newline,ifs,FALSE,20,elitize_generation_data,279,12,0.107,NA
281,47,replace-space-with-newline,ifs,FALSE,20,elitize_generation_data,280,10,0.095,NA
282,47,replace-space-with-newline,ifs,FALSE,20,elitize_generation_data,281,12,0.103,NA
283,47,replace-space-with-newline,ifs,FALSE,20,elitize_generation_data,282,9,0.111,NA
284,47,replace-space-with-newline,ifs,FALSE,20,elitize_generation_data,283,12,0.108,NA
285,47,replace-space-with-newline,ifs,FALSE,20,elitize_generation_data,284,13,0.117,NA
286,47,replace-space-with-newline,ifs,FALSE,20,elitize_generation_data,285,12,0.108,NA
287,47,replace-space-with-newline,ifs,FALSE,20,elitize_generation_data,286,15,0.114,NA
288,47,replace-space-with-newline,ifs,FALSE,20,elitize_generation_data,287,12,0.126,NA
289,47,replace-space-with-newline,ifs,FALSE,20,elitize_generation_data,288,14,0.12,NA
290,47,replace-space-with-newline,ifs,FALSE,20,elitize_generation_data,289,15,0.12,NA
291,47,replace-space-with-newline,ifs,FALSE,20,elitize_generation_data,290,16,0.124,NA
292,47,replace-space-with-newline,ifs,FALSE,20,elitize_generation_data,291,11,0.113,NA
293,47,replace-space-with-newline,ifs,FALSE,20,elitize_generation_data,292,15,0.12,NA
294,47,replace-space-with-newline,ifs,FALSE,20,elitize_generation_data,293,16,0.122,NA
295,47,replace-space-with-newline,ifs,FALSE,20,elitize_generation_data,294,9,0.127,NA
296,47,replace-space-with-newline,ifs,FALSE,20,elitize_generation_data,295,11,0.123,NA
297,47,replace-space-with-newline,ifs,FALSE,20,elitize_generation_data,296,11,0.12,NA
298,47,replace-space-with-newline,ifs,FALSE,20,elitize_generation_data,297,17,0.112,NA
299,47,replace-space-with-newline,ifs,FALSE,20,elitize_generation_data,298,9,0.109,NA
300,47,replace-space-with-newline,ifs,FALSE,20,elitize_generation_data,299,13,0.138,NA
301,47,replace-space-with-newline,ifs,FALSE,20,elitize_generation_data,300,15,0.121,NA
