,run.num,problem,treatment,succeeded,height,normalization.function,generation,cluster.count,error.diversity,success.generation
1,98,replace-space-with-newline,ifs,FALSE,20,elitize_generation_data,0,2,0.489,NA
2,98,replace-space-with-newline,ifs,FALSE,20,elitize_generation_data,1,4,0.355,NA
3,98,replace-space-with-newline,ifs,FALSE,20,elitize_generation_data,2,6,0.28,NA
4,98,replace-space-with-newline,ifs,FALSE,20,elitize_generation_data,3,7,0.262,NA
5,98,replace-space-with-newline,ifs,FALSE,20,elitize_generation_data,4,10,0.166,NA
6,98,replace-space-with-newline,ifs,FALSE,20,elitize_generation_data,5,12,0.174,NA
7,98,replace-space-with-newline,ifs,FALSE,20,elitize_generation_data,6,6,0.219,NA
8,98,replace-space-with-newline,ifs,FALSE,20,elitize_generation_data,7,10,0.199,NA
9,98,replace-space-with-newline,ifs,FALSE,20,elitize_generation_data,8,15,0.168,NA
10,98,replace-space-with-newline,ifs,FALSE,20,elitize_generation_data,9,19,0.137,NA
11,98,replace-space-with-newline,ifs,FALSE,20,elitize_generation_data,10,16,0.148,NA
12,98,replace-space-with-newline,ifs,FALSE,20,elitize_generation_data,11,13,0.145,NA
13,98,replace-space-with-newline,ifs,FALSE,20,elitize_generation_data,12,12,0.12,NA
14,98,replace-space-with-newline,ifs,FALSE,20,elitize_generation_data,13,16,0.116,NA
15,98,replace-space-with-newline,ifs,FALSE,20,elitize_generation_data,14,17,0.099,NA
16,98,replace-space-with-newline,ifs,FALSE,20,elitize_generation_data,15,15,0.102,NA
17,98,replace-space-with-newline,ifs,FALSE,20,elitize_generation_data,16,16,0.121,NA
18,98,replace-space-with-newline,ifs,FALSE,20,elitize_generation_data,17,18,0.136,NA
19,98,replace-space-with-newline,ifs,FALSE,20,elitize_generation_data,18,15,0.109,NA
20,98,replace-space-with-newline,ifs,FALSE,20,elitize_generation_data,19,14,0.111,NA
21,98,replace-space-with-newline,ifs,FALSE,20,elitize_generation_data,20,13,0.103,NA
22,98,replace-space-with-newline,ifs,FALSE,20,elitize_generation_data,21,15,0.124,NA
23,98,replace-space-with-newline,ifs,FALSE,20,elitize_generation_data,22,14,0.103,NA
24,98,replace-space-with-newline,ifs,FALSE,20,elitize_generation_data,23,15,0.107,NA
25,98,replace-space-with-newline,ifs,FALSE,20,elitize_generation_data,24,14,0.118,NA
26,98,replace-space-with-newline,ifs,FALSE,20,elitize_generation_data,25,14,0.109,NA
27,98,replace-space-with-newline,ifs,FALSE,20,elitize_generation_data,26,18,0.116,NA
28,98,replace-space-with-newline,ifs,FALSE,20,elitize_generation_data,27,15,0.116,NA
29,98,replace-space-with-newline,ifs,FALSE,20,elitize_generation_data,28,16,0.121,NA
30,98,replace-space-with-newline,ifs,FALSE,20,elitize_generation_data,29,13,0.104,NA
31,98,replace-space-with-newline,ifs,FALSE,20,elitize_generation_data,30,14,0.109,NA
32,98,replace-space-with-newline,ifs,FALSE,20,elitize_generation_data,31,13,0.112,NA
33,98,replace-space-with-newline,ifs,FALSE,20,elitize_generation_data,32,12,0.114,NA
34,98,replace-space-with-newline,ifs,FALSE,20,elitize_generation_data,33,9,0.125,NA
35,98,replace-space-with-newline,ifs,FALSE,20,elitize_generation_data,34,12,0.119,NA
36,98,replace-space-with-newline,ifs,FALSE,20,elitize_generation_data,35,15,0.142,NA
37,98,replace-space-with-newline,ifs,FALSE,20,elitize_generation_data,36,14,0.145,NA
38,98,replace-space-with-newline,ifs,FALSE,20,elitize_generation_data,37,13,0.147,NA
39,98,replace-space-with-newline,ifs,FALSE,20,elitize_generation_data,38,11,0.136,NA
40,98,replace-space-with-newline,ifs,FALSE,20,elitize_generation_data,39,12,0.165,NA
41,98,replace-space-with-newline,ifs,FALSE,20,elitize_generation_data,40,12,0.15,NA
42,98,replace-space-with-newline,ifs,FALSE,20,elitize_generation_data,41,15,0.166,NA
43,98,replace-space-with-newline,ifs,FALSE,20,elitize_generation_data,42,18,0.186,NA
44,98,replace-space-with-newline,ifs,FALSE,20,elitize_generation_data,43,13,0.156,NA
45,98,replace-space-with-newline,ifs,FALSE,20,elitize_generation_data,44,11,0.17,NA
46,98,replace-space-with-newline,ifs,FALSE,20,elitize_generation_data,45,14,0.177,NA
47,98,replace-space-with-newline,ifs,FALSE,20,elitize_generation_data,46,11,0.172,NA
48,98,replace-space-with-newline,ifs,FALSE,20,elitize_generation_data,47,13,0.147,NA
49,98,replace-space-with-newline,ifs,FALSE,20,elitize_generation_data,48,13,0.134,NA
50,98,replace-space-with-newline,ifs,FALSE,20,elitize_generation_data,49,12,0.157,NA
51,98,replace-space-with-newline,ifs,FALSE,20,elitize_generation_data,50,12,0.138,NA
52,98,replace-space-with-newline,ifs,FALSE,20,elitize_generation_data,51,13,0.155,NA
53,98,replace-space-with-newline,ifs,FALSE,20,elitize_generation_data,52,10,0.134,NA
54,98,replace-space-with-newline,ifs,FALSE,20,elitize_generation_data,53,9,0.162,NA
55,98,replace-space-with-newline,ifs,FALSE,20,elitize_generation_data,54,9,0.171,NA
56,98,replace-space-with-newline,ifs,FALSE,20,elitize_generation_data,55,13,0.155,NA
57,98,replace-space-with-newline,ifs,FALSE,20,elitize_generation_data,56,12,0.16,NA
58,98,replace-space-with-newline,ifs,FALSE,20,elitize_generation_data,57,13,0.154,NA
59,98,replace-space-with-newline,ifs,FALSE,20,elitize_generation_data,58,12,0.161,NA
60,98,replace-space-with-newline,ifs,FALSE,20,elitize_generation_data,59,12,0.16,NA
61,98,replace-space-with-newline,ifs,FALSE,20,elitize_generation_data,60,15,0.162,NA
62,98,replace-space-with-newline,ifs,FALSE,20,elitize_generation_data,61,11,0.182,NA
63,98,replace-space-with-newline,ifs,FALSE,20,elitize_generation_data,62,10,0.166,NA
64,98,replace-space-with-newline,ifs,FALSE,20,elitize_generation_data,63,11,0.166,NA
65,98,replace-space-with-newline,ifs,FALSE,20,elitize_generation_data,64,14,0.184,NA
66,98,replace-space-with-newline,ifs,FALSE,20,elitize_generation_data,65,15,0.177,NA
67,98,replace-space-with-newline,ifs,FALSE,20,elitize_generation_data,66,11,0.183,NA
68,98,replace-space-with-newline,ifs,FALSE,20,elitize_generation_data,67,12,0.176,NA
69,98,replace-space-with-newline,ifs,FALSE,20,elitize_generation_data,68,16,0.174,NA
70,98,replace-space-with-newline,ifs,FALSE,20,elitize_generation_data,69,11,0.161,NA
71,98,replace-space-with-newline,ifs,FALSE,20,elitize_generation_data,70,16,0.173,NA
72,98,replace-space-with-newline,ifs,FALSE,20,elitize_generation_data,71,13,0.142,NA
73,98,replace-space-with-newline,ifs,FALSE,20,elitize_generation_data,72,13,0.178,NA
74,98,replace-space-with-newline,ifs,FALSE,20,elitize_generation_data,73,14,0.169,NA
75,98,replace-space-with-newline,ifs,FALSE,20,elitize_generation_data,74,12,0.169,NA
76,98,replace-space-with-newline,ifs,FALSE,20,elitize_generation_data,75,11,0.22,NA
77,98,replace-space-with-newline,ifs,FALSE,20,elitize_generation_data,76,17,0.226,NA
78,98,replace-space-with-newline,ifs,FALSE,20,elitize_generation_data,77,11,0.229,NA
79,98,replace-space-with-newline,ifs,FALSE,20,elitize_generation_data,78,9,0.221,NA
80,98,replace-space-with-newline,ifs,FALSE,20,elitize_generation_data,79,9,0.241,NA
81,98,replace-space-with-newline,ifs,FALSE,20,elitize_generation_data,80,17,0.256,NA
82,98,replace-space-with-newline,ifs,FALSE,20,elitize_generation_data,81,11,0.291,NA
83,98,replace-space-with-newline,ifs,FALSE,20,elitize_generation_data,82,14,0.311,NA
84,98,replace-space-with-newline,ifs,FALSE,20,elitize_generation_data,83,12,0.302,NA
85,98,replace-space-with-newline,ifs,FALSE,20,elitize_generation_data,84,11,0.36,NA
86,98,replace-space-with-newline,ifs,FALSE,20,elitize_generation_data,85,16,0.34,NA
87,98,replace-space-with-newline,ifs,FALSE,20,elitize_generation_data,86,14,0.33,NA
88,98,replace-space-with-newline,ifs,FALSE,20,elitize_generation_data,87,16,0.305,NA
89,98,replace-space-with-newline,ifs,FALSE,20,elitize_generation_data,88,14,0.305,NA
90,98,replace-space-with-newline,ifs,FALSE,20,elitize_generation_data,89,15,0.32,NA
91,98,replace-space-with-newline,ifs,FALSE,20,elitize_generation_data,90,12,0.386,NA
92,98,replace-space-with-newline,ifs,FALSE,20,elitize_generation_data,91,15,0.378,NA
93,98,replace-space-with-newline,ifs,FALSE,20,elitize_generation_data,92,13,0.382,NA
94,98,replace-space-with-newline,ifs,FALSE,20,elitize_generation_data,93,14,0.388,NA
95,98,replace-space-with-newline,ifs,FALSE,20,elitize_generation_data,94,13,0.409,NA
96,98,replace-space-with-newline,ifs,FALSE,20,elitize_generation_data,95,15,0.412,NA
97,98,replace-space-with-newline,ifs,FALSE,20,elitize_generation_data,96,17,0.42,NA
98,98,replace-space-with-newline,ifs,FALSE,20,elitize_generation_data,97,20,0.447,NA
99,98,replace-space-with-newline,ifs,FALSE,20,elitize_generation_data,98,20,0.415,NA
100,98,replace-space-with-newline,ifs,FALSE,20,elitize_generation_data,99,19,0.429,NA
101,98,replace-space-with-newline,ifs,FALSE,20,elitize_generation_data,100,28,0.447,NA
102,98,replace-space-with-newline,ifs,FALSE,20,elitize_generation_data,101,21,0.453,NA
103,98,replace-space-with-newline,ifs,FALSE,20,elitize_generation_data,102,21,0.484,NA
104,98,replace-space-with-newline,ifs,FALSE,20,elitize_generation_data,103,21,0.457,NA
105,98,replace-space-with-newline,ifs,FALSE,20,elitize_generation_data,104,24,0.452,NA
106,98,replace-space-with-newline,ifs,FALSE,20,elitize_generation_data,105,26,0.473,NA
107,98,replace-space-with-newline,ifs,FALSE,20,elitize_generation_data,106,24,0.459,NA
108,98,replace-space-with-newline,ifs,FALSE,20,elitize_generation_data,107,22,0.495,NA
109,98,replace-space-with-newline,ifs,FALSE,20,elitize_generation_data,108,19,0.498,NA
110,98,replace-space-with-newline,ifs,FALSE,20,elitize_generation_data,109,27,0.524,NA
111,98,replace-space-with-newline,ifs,FALSE,20,elitize_generation_data,110,18,0.502,NA
112,98,replace-space-with-newline,ifs,FALSE,20,elitize_generation_data,111,25,0.474,NA
113,98,replace-space-with-newline,ifs,FALSE,20,elitize_generation_data,112,23,0.443,NA
114,98,replace-space-with-newline,ifs,FALSE,20,elitize_generation_data,113,20,0.394,NA
115,98,replace-space-with-newline,ifs,FALSE,20,elitize_generation_data,114,22,0.405,NA
116,98,replace-space-with-newline,ifs,FALSE,20,elitize_generation_data,115,18,0.423,NA
117,98,replace-space-with-newline,ifs,FALSE,20,elitize_generation_data,116,22,0.441,NA
118,98,replace-space-with-newline,ifs,FALSE,20,elitize_generation_data,117,26,0.445,NA
119,98,replace-space-with-newline,ifs,FALSE,20,elitize_generation_data,118,21,0.418,NA
120,98,replace-space-with-newline,ifs,FALSE,20,elitize_generation_data,119,25,0.44,NA
121,98,replace-space-with-newline,ifs,FALSE,20,elitize_generation_data,120,20,0.438,NA
122,98,replace-space-with-newline,ifs,FALSE,20,elitize_generation_data,121,17,0.42,NA
123,98,replace-space-with-newline,ifs,FALSE,20,elitize_generation_data,122,16,0.433,NA
124,98,replace-space-with-newline,ifs,FALSE,20,elitize_generation_data,123,20,0.47,NA
125,98,replace-space-with-newline,ifs,FALSE,20,elitize_generation_data,124,22,0.467,NA
126,98,replace-space-with-newline,ifs,FALSE,20,elitize_generation_data,125,17,0.504,NA
127,98,replace-space-with-newline,ifs,FALSE,20,elitize_generation_data,126,14,0.511,NA
128,98,replace-space-with-newline,ifs,FALSE,20,elitize_generation_data,127,19,0.532,NA
129,98,replace-space-with-newline,ifs,FALSE,20,elitize_generation_data,128,26,0.551,NA
130,98,replace-space-with-newline,ifs,FALSE,20,elitize_generation_data,129,17,0.561,NA
131,98,replace-space-with-newline,ifs,FALSE,20,elitize_generation_data,130,22,0.536,NA
132,98,replace-space-with-newline,ifs,FALSE,20,elitize_generation_data,131,19,0.566,NA
133,98,replace-space-with-newline,ifs,FALSE,20,elitize_generation_data,132,21,0.56,NA
134,98,replace-space-with-newline,ifs,FALSE,20,elitize_generation_data,133,21,0.539,NA
135,98,replace-space-with-newline,ifs,FALSE,20,elitize_generation_data,134,22,0.541,NA
136,98,replace-space-with-newline,ifs,FALSE,20,elitize_generation_data,135,25,0.548,NA
137,98,replace-space-with-newline,ifs,FALSE,20,elitize_generation_data,136,26,0.548,NA
138,98,replace-space-with-newline,ifs,FALSE,20,elitize_generation_data,137,24,0.574,NA
139,98,replace-space-with-newline,ifs,FALSE,20,elitize_generation_data,138,19,0.535,NA
140,98,replace-space-with-newline,ifs,FALSE,20,elitize_generation_data,139,26,0.561,NA
141,98,replace-space-with-newline,ifs,FALSE,20,elitize_generation_data,140,23,0.582,NA
142,98,replace-space-with-newline,ifs,FALSE,20,elitize_generation_data,141,21,0.536,NA
143,98,replace-space-with-newline,ifs,FALSE,20,elitize_generation_data,142,27,0.567,NA
144,98,replace-space-with-newline,ifs,FALSE,20,elitize_generation_data,143,23,0.58,NA
145,98,replace-space-with-newline,ifs,FALSE,20,elitize_generation_data,144,24,0.565,NA
146,98,replace-space-with-newline,ifs,FALSE,20,elitize_generation_data,145,20,0.603,NA
147,98,replace-space-with-newline,ifs,FALSE,20,elitize_generation_data,146,33,0.59,NA
148,98,replace-space-with-newline,ifs,FALSE,20,elitize_generation_data,147,34,0.622,NA
149,98,replace-space-with-newline,ifs,FALSE,20,elitize_generation_data,148,27,0.596,NA
150,98,replace-space-with-newline,ifs,FALSE,20,elitize_generation_data,149,30,0.574,NA
151,98,replace-space-with-newline,ifs,FALSE,20,elitize_generation_data,150,29,0.544,NA
152,98,replace-space-with-newline,ifs,FALSE,20,elitize_generation_data,151,28,0.598,NA
153,98,replace-space-with-newline,ifs,FALSE,20,elitize_generation_data,152,32,0.566,NA
154,98,replace-space-with-newline,ifs,FALSE,20,elitize_generation_data,153,30,0.608,NA
155,98,replace-space-with-newline,ifs,FALSE,20,elitize_generation_data,154,32,0.609,NA
156,98,replace-space-with-newline,ifs,FALSE,20,elitize_generation_data,155,36,0.6,NA
157,98,replace-space-with-newline,ifs,FALSE,20,elitize_generation_data,156,36,0.589,NA
158,98,replace-space-with-newline,ifs,FALSE,20,elitize_generation_data,157,34,0.599,NA
159,98,replace-space-with-newline,ifs,FALSE,20,elitize_generation_data,158,33,0.598,NA
160,98,replace-space-with-newline,ifs,FALSE,20,elitize_generation_data,159,33,0.636,NA
161,98,replace-space-with-newline,ifs,FALSE,20,elitize_generation_data,160,37,0.606,NA
162,98,replace-space-with-newline,ifs,FALSE,20,elitize_generation_data,161,40,0.654,NA
163,98,replace-space-with-newline,ifs,FALSE,20,elitize_generation_data,162,41,0.649,NA
164,98,replace-space-with-newline,ifs,FALSE,20,elitize_generation_data,163,36,0.648,NA
165,98,replace-space-with-newline,ifs,FALSE,20,elitize_generation_data,164,32,0.641,NA
166,98,replace-space-with-newline,ifs,FALSE,20,elitize_generation_data,165,37,0.669,NA
167,98,replace-space-with-newline,ifs,FALSE,20,elitize_generation_data,166,37,0.634,NA
168,98,replace-space-with-newline,ifs,FALSE,20,elitize_generation_data,167,39,0.642,NA
169,98,replace-space-with-newline,ifs,FALSE,20,elitize_generation_data,168,41,0.627,NA
170,98,replace-space-with-newline,ifs,FALSE,20,elitize_generation_data,169,30,0.577,NA
171,98,replace-space-with-newline,ifs,FALSE,20,elitize_generation_data,170,36,0.635,NA
172,98,replace-space-with-newline,ifs,FALSE,20,elitize_generation_data,171,37,0.629,NA
173,98,replace-space-with-newline,ifs,FALSE,20,elitize_generation_data,172,36,0.609,NA
174,98,replace-space-with-newline,ifs,FALSE,20,elitize_generation_data,173,31,0.622,NA
175,98,replace-space-with-newline,ifs,FALSE,20,elitize_generation_data,174,29,0.63,NA
176,98,replace-space-with-newline,ifs,FALSE,20,elitize_generation_data,175,34,0.662,NA
177,98,replace-space-with-newline,ifs,FALSE,20,elitize_generation_data,176,41,0.661,NA
178,98,replace-space-with-newline,ifs,FALSE,20,elitize_generation_data,177,35,0.649,NA
179,98,replace-space-with-newline,ifs,FALSE,20,elitize_generation_data,178,37,0.662,NA
180,98,replace-space-with-newline,ifs,FALSE,20,elitize_generation_data,179,38,0.637,NA
181,98,replace-space-with-newline,ifs,FALSE,20,elitize_generation_data,180,31,0.645,NA
182,98,replace-space-with-newline,ifs,FALSE,20,elitize_generation_data,181,34,0.651,NA
183,98,replace-space-with-newline,ifs,FALSE,20,elitize_generation_data,182,37,0.683,NA
184,98,replace-space-with-newline,ifs,FALSE,20,elitize_generation_data,183,42,0.661,NA
185,98,replace-space-with-newline,ifs,FALSE,20,elitize_generation_data,184,35,0.643,NA
186,98,replace-space-with-newline,ifs,FALSE,20,elitize_generation_data,185,29,0.646,NA
187,98,replace-space-with-newline,ifs,FALSE,20,elitize_generation_data,186,36,0.673,NA
188,98,replace-space-with-newline,ifs,FALSE,20,elitize_generation_data,187,33,0.675,NA
189,98,replace-space-with-newline,ifs,FALSE,20,elitize_generation_data,188,32,0.666,NA
190,98,replace-space-with-newline,ifs,FALSE,20,elitize_generation_data,189,35,0.653,NA
191,98,replace-space-with-newline,ifs,FALSE,20,elitize_generation_data,190,32,0.653,NA
192,98,replace-space-with-newline,ifs,FALSE,20,elitize_generation_data,191,34,0.643,NA
193,98,replace-space-with-newline,ifs,FALSE,20,elitize_generation_data,192,33,0.638,NA
194,98,replace-space-with-newline,ifs,FALSE,20,elitize_generation_data,193,31,0.605,NA
195,98,replace-space-with-newline,ifs,FALSE,20,elitize_generation_data,194,32,0.582,NA
196,98,replace-space-with-newline,ifs,FALSE,20,elitize_generation_data,195,33,0.627,NA
197,98,replace-space-with-newline,ifs,FALSE,20,elitize_generation_data,196,36,0.621,NA
198,98,replace-space-with-newline,ifs,FALSE,20,elitize_generation_data,197,28,0.605,NA
199,98,replace-space-with-newline,ifs,FALSE,20,elitize_generation_data,198,26,0.604,NA
200,98,replace-space-with-newline,ifs,FALSE,20,elitize_generation_data,199,36,0.626,NA
201,98,replace-space-with-newline,ifs,FALSE,20,elitize_generation_data,200,30,0.621,NA
202,98,replace-space-with-newline,ifs,FALSE,20,elitize_generation_data,201,35,0.642,NA
203,98,replace-space-with-newline,ifs,FALSE,20,elitize_generation_data,202,35,0.631,NA
204,98,replace-space-with-newline,ifs,FALSE,20,elitize_generation_data,203,33,0.617,NA
205,98,replace-space-with-newline,ifs,FALSE,20,elitize_generation_data,204,29,0.644,NA
206,98,replace-space-with-newline,ifs,FALSE,20,elitize_generation_data,205,35,0.607,NA
207,98,replace-space-with-newline,ifs,FALSE,20,elitize_generation_data,206,37,0.62,NA
208,98,replace-space-with-newline,ifs,FALSE,20,elitize_generation_data,207,34,0.638,NA
209,98,replace-space-with-newline,ifs,FALSE,20,elitize_generation_data,208,36,0.635,NA
210,98,replace-space-with-newline,ifs,FALSE,20,elitize_generation_data,209,38,0.634,NA
211,98,replace-space-with-newline,ifs,FALSE,20,elitize_generation_data,210,30,0.662,NA
212,98,replace-space-with-newline,ifs,FALSE,20,elitize_generation_data,211,36,0.646,NA
213,98,replace-space-with-newline,ifs,FALSE,20,elitize_generation_data,212,32,0.648,NA
214,98,replace-space-with-newline,ifs,FALSE,20,elitize_generation_data,213,34,0.651,NA
215,98,replace-space-with-newline,ifs,FALSE,20,elitize_generation_data,214,35,0.627,NA
216,98,replace-space-with-newline,ifs,FALSE,20,elitize_generation_data,215,33,0.633,NA
217,98,replace-space-with-newline,ifs,FALSE,20,elitize_generation_data,216,37,0.637,NA
218,98,replace-space-with-newline,ifs,FALSE,20,elitize_generation_data,217,34,0.619,NA
219,98,replace-space-with-newline,ifs,FALSE,20,elitize_generation_data,218,33,0.637,NA
220,98,replace-space-with-newline,ifs,FALSE,20,elitize_generation_data,219,37,0.656,NA
221,98,replace-space-with-newline,ifs,FALSE,20,elitize_generation_data,220,28,0.67,NA
222,98,replace-space-with-newline,ifs,FALSE,20,elitize_generation_data,221,29,0.651,NA
223,98,replace-space-with-newline,ifs,FALSE,20,elitize_generation_data,222,33,0.635,NA
224,98,replace-space-with-newline,ifs,FALSE,20,elitize_generation_data,223,33,0.628,NA
225,98,replace-space-with-newline,ifs,FALSE,20,elitize_generation_data,224,32,0.617,NA
226,98,replace-space-with-newline,ifs,FALSE,20,elitize_generation_data,225,30,0.653,NA
227,98,replace-space-with-newline,ifs,FALSE,20,elitize_generation_data,226,35,0.654,NA
228,98,replace-space-with-newline,ifs,FALSE,20,elitize_generation_data,227,40,0.646,NA
229,98,replace-space-with-newline,ifs,FALSE,20,elitize_generation_data,228,32,0.635,NA
230,98,replace-space-with-newline,ifs,FALSE,20,elitize_generation_data,229,32,0.604,NA
231,98,replace-space-with-newline,ifs,FALSE,20,elitize_generation_data,230,33,0.622,NA
232,98,replace-space-with-newline,ifs,FALSE,20,elitize_generation_data,231,30,0.595,NA
233,98,replace-space-with-newline,ifs,FALSE,20,elitize_generation_data,232,31,0.6,NA
234,98,replace-space-with-newline,ifs,FALSE,20,elitize_generation_data,233,37,0.62,NA
235,98,replace-space-with-newline,ifs,FALSE,20,elitize_generation_data,234,33,0.643,NA
236,98,replace-space-with-newline,ifs,FALSE,20,elitize_generation_data,235,35,0.611,NA
237,98,replace-space-with-newline,ifs,FALSE,20,elitize_generation_data,236,29,0.629,NA
238,98,replace-space-with-newline,ifs,FALSE,20,elitize_generation_data,237,32,0.625,NA
239,98,replace-space-with-newline,ifs,FALSE,20,elitize_generation_data,238,38,0.597,NA
240,98,replace-space-with-newline,ifs,FALSE,20,elitize_generation_data,239,35,0.624,NA
241,98,replace-space-with-newline,ifs,FALSE,20,elitize_generation_data,240,31,0.592,NA
242,98,replace-space-with-newline,ifs,FALSE,20,elitize_generation_data,241,29,0.604,NA
243,98,replace-space-with-newline,ifs,FALSE,20,elitize_generation_data,242,26,0.62,NA
244,98,replace-space-with-newline,ifs,FALSE,20,elitize_generation_data,243,30,0.609,NA
245,98,replace-space-with-newline,ifs,FALSE,20,elitize_generation_data,244,35,0.619,NA
246,98,replace-space-with-newline,ifs,FALSE,20,elitize_generation_data,245,29,0.595,NA
247,98,replace-space-with-newline,ifs,FALSE,20,elitize_generation_data,246,34,0.596,NA
248,98,replace-space-with-newline,ifs,FALSE,20,elitize_generation_data,247,30,0.589,NA
249,98,replace-space-with-newline,ifs,FALSE,20,elitize_generation_data,248,32,0.557,NA
250,98,replace-space-with-newline,ifs,FALSE,20,elitize_generation_data,249,33,0.569,NA
251,98,replace-space-with-newline,ifs,FALSE,20,elitize_generation_data,250,32,0.602,NA
252,98,replace-space-with-newline,ifs,FALSE,20,elitize_generation_data,251,28,0.597,NA
253,98,replace-space-with-newline,ifs,FALSE,20,elitize_generation_data,252,32,0.624,NA
254,98,replace-space-with-newline,ifs,FALSE,20,elitize_generation_data,253,44,0.659,NA
255,98,replace-space-with-newline,ifs,FALSE,20,elitize_generation_data,254,38,0.615,NA
256,98,replace-space-with-newline,ifs,FALSE,20,elitize_generation_data,255,30,0.615,NA
257,98,replace-space-with-newline,ifs,FALSE,20,elitize_generation_data,256,29,0.632,NA
258,98,replace-space-with-newline,ifs,FALSE,20,elitize_generation_data,257,31,0.616,NA
259,98,replace-space-with-newline,ifs,FALSE,20,elitize_generation_data,258,39,0.62,NA
260,98,replace-space-with-newline,ifs,FALSE,20,elitize_generation_data,259,27,0.609,NA
261,98,replace-space-with-newline,ifs,FALSE,20,elitize_generation_data,260,31,0.565,NA
262,98,replace-space-with-newline,ifs,FALSE,20,elitize_generation_data,261,30,0.626,NA
263,98,replace-space-with-newline,ifs,FALSE,20,elitize_generation_data,262,30,0.627,NA
264,98,replace-space-with-newline,ifs,FALSE,20,elitize_generation_data,263,33,0.596,NA
265,98,replace-space-with-newline,ifs,FALSE,20,elitize_generation_data,264,35,0.642,NA
266,98,replace-space-with-newline,ifs,FALSE,20,elitize_generation_data,265,29,0.618,NA
267,98,replace-space-with-newline,ifs,FALSE,20,elitize_generation_data,266,29,0.636,NA
268,98,replace-space-with-newline,ifs,FALSE,20,elitize_generation_data,267,31,0.608,NA
269,98,replace-space-with-newline,ifs,FALSE,20,elitize_generation_data,268,35,0.597,NA
270,98,replace-space-with-newline,ifs,FALSE,20,elitize_generation_data,269,31,0.593,NA
271,98,replace-space-with-newline,ifs,FALSE,20,elitize_generation_data,270,37,0.617,NA
272,98,replace-space-with-newline,ifs,FALSE,20,elitize_generation_data,271,40,0.633,NA
273,98,replace-space-with-newline,ifs,FALSE,20,elitize_generation_data,272,40,0.639,NA
274,98,replace-space-with-newline,ifs,FALSE,20,elitize_generation_data,273,35,0.647,NA
275,98,replace-space-with-newline,ifs,FALSE,20,elitize_generation_data,274,36,0.633,NA
276,98,replace-space-with-newline,ifs,FALSE,20,elitize_generation_data,275,30,0.612,NA
277,98,replace-space-with-newline,ifs,FALSE,20,elitize_generation_data,276,34,0.618,NA
278,98,replace-space-with-newline,ifs,FALSE,20,elitize_generation_data,277,33,0.621,NA
279,98,replace-space-with-newline,ifs,FALSE,20,elitize_generation_data,278,38,0.634,NA
280,98,replace-space-with-newline,ifs,FALSE,20,elitize_generation_data,279,31,0.615,NA
281,98,replace-space-with-newline,ifs,FALSE,20,elitize_generation_data,280,33,0.607,NA
282,98,replace-space-with-newline,ifs,FALSE,20,elitize_generation_data,281,36,0.637,NA
283,98,replace-space-with-newline,ifs,FALSE,20,elitize_generation_data,282,35,0.663,NA
284,98,replace-space-with-newline,ifs,FALSE,20,elitize_generation_data,283,40,0.637,NA
285,98,replace-space-with-newline,ifs,FALSE,20,elitize_generation_data,284,32,0.637,NA
286,98,replace-space-with-newline,ifs,FALSE,20,elitize_generation_data,285,30,0.632,NA
287,98,replace-space-with-newline,ifs,FALSE,20,elitize_generation_data,286,34,0.641,NA
288,98,replace-space-with-newline,ifs,FALSE,20,elitize_generation_data,287,31,0.651,NA
289,98,replace-space-with-newline,ifs,FALSE,20,elitize_generation_data,288,34,0.656,NA
290,98,replace-space-with-newline,ifs,FALSE,20,elitize_generation_data,289,33,0.663,NA
291,98,replace-space-with-newline,ifs,FALSE,20,elitize_generation_data,290,30,0.633,NA
292,98,replace-space-with-newline,ifs,FALSE,20,elitize_generation_data,291,30,0.632,NA
293,98,replace-space-with-newline,ifs,FALSE,20,elitize_generation_data,292,35,0.614,NA
294,98,replace-space-with-newline,ifs,FALSE,20,elitize_generation_data,293,30,0.679,NA
295,98,replace-space-with-newline,ifs,FALSE,20,elitize_generation_data,294,35,0.633,NA
296,98,replace-space-with-newline,ifs,FALSE,20,elitize_generation_data,295,38,0.665,NA
297,98,replace-space-with-newline,ifs,FALSE,20,elitize_generation_data,296,35,0.656,NA
298,98,replace-space-with-newline,ifs,FALSE,20,elitize_generation_data,297,36,0.659,NA
299,98,replace-space-with-newline,ifs,FALSE,20,elitize_generation_data,298,38,0.661,NA
300,98,replace-space-with-newline,ifs,FALSE,20,elitize_generation_data,299,27,0.654,NA
301,98,replace-space-with-newline,ifs,FALSE,20,elitize_generation_data,300,27,0.658,NA
