,run.num,problem,treatment,succeeded,height,normalization.function,generation,cluster.count,error.diversity,success.generation
1,15,replace-space-with-newline,ifs,FALSE,20,elitize_generation_data,0,3,0.466,NA
2,15,replace-space-with-newline,ifs,FALSE,20,elitize_generation_data,1,5,0.329,NA
3,15,replace-space-with-newline,ifs,FALSE,20,elitize_generation_data,2,6,0.257,NA
4,15,replace-space-with-newline,ifs,FALSE,20,elitize_generation_data,3,8,0.225,NA
5,15,replace-space-with-newline,ifs,FALSE,20,elitize_generation_data,4,12,0.146,NA
6,15,replace-space-with-newline,ifs,FALSE,20,elitize_generation_data,5,12,0.149,NA
7,15,replace-space-with-newline,ifs,FALSE,20,elitize_generation_data,6,14,0.132,NA
8,15,replace-space-with-newline,ifs,FALSE,20,elitize_generation_data,7,14,0.122,NA
9,15,replace-space-with-newline,ifs,FALSE,20,elitize_generation_data,8,10,0.131,NA
10,15,replace-space-with-newline,ifs,FALSE,20,elitize_generation_data,9,16,0.166,NA
11,15,replace-space-with-newline,ifs,FALSE,20,elitize_generation_data,10,26,0.214,NA
12,15,replace-space-with-newline,ifs,FALSE,20,elitize_generation_data,11,33,0.222,NA
13,15,replace-space-with-newline,ifs,FALSE,20,elitize_generation_data,12,30,0.254,NA
14,15,replace-space-with-newline,ifs,FALSE,20,elitize_generation_data,13,39,0.24,NA
15,15,replace-space-with-newline,ifs,FALSE,20,elitize_generation_data,14,34,0.221,NA
16,15,replace-space-with-newline,ifs,FALSE,20,elitize_generation_data,15,33,0.219,NA
17,15,replace-space-with-newline,ifs,FALSE,20,elitize_generation_data,16,45,0.289,NA
18,15,replace-space-with-newline,ifs,FALSE,20,elitize_generation_data,17,43,0.274,NA
19,15,replace-space-with-newline,ifs,FALSE,20,elitize_generation_data,18,42,0.248,NA
20,15,replace-space-with-newline,ifs,FALSE,20,elitize_generation_data,19,43,0.278,NA
21,15,replace-space-with-newline,ifs,FALSE,20,elitize_generation_data,20,55,0.323,NA
22,15,replace-space-with-newline,ifs,FALSE,20,elitize_generation_data,21,55,0.338,NA
23,15,replace-space-with-newline,ifs,FALSE,20,elitize_generation_data,22,39,0.303,NA
24,15,replace-space-with-newline,ifs,FALSE,20,elitize_generation_data,23,40,0.276,NA
25,15,replace-space-with-newline,ifs,FALSE,20,elitize_generation_data,24,39,0.314,NA
26,15,replace-space-with-newline,ifs,FALSE,20,elitize_generation_data,25,38,0.326,NA
27,15,replace-space-with-newline,ifs,FALSE,20,elitize_generation_data,26,43,0.334,NA
28,15,replace-space-with-newline,ifs,FALSE,20,elitize_generation_data,27,47,0.344,NA
29,15,replace-space-with-newline,ifs,FALSE,20,elitize_generation_data,28,39,0.368,NA
30,15,replace-space-with-newline,ifs,FALSE,20,elitize_generation_data,29,47,0.368,NA
31,15,replace-space-with-newline,ifs,FALSE,20,elitize_generation_data,30,35,0.378,NA
32,15,replace-space-with-newline,ifs,FALSE,20,elitize_generation_data,31,37,0.395,NA
33,15,replace-space-with-newline,ifs,FALSE,20,elitize_generation_data,32,50,0.413,NA
34,15,replace-space-with-newline,ifs,FALSE,20,elitize_generation_data,33,40,0.415,NA
35,15,replace-space-with-newline,ifs,FALSE,20,elitize_generation_data,34,48,0.441,NA
36,15,replace-space-with-newline,ifs,FALSE,20,elitize_generation_data,35,43,0.429,NA
37,15,replace-space-with-newline,ifs,FALSE,20,elitize_generation_data,36,47,0.464,NA
38,15,replace-space-with-newline,ifs,FALSE,20,elitize_generation_data,37,40,0.456,NA
39,15,replace-space-with-newline,ifs,FALSE,20,elitize_generation_data,38,40,0.478,NA
40,15,replace-space-with-newline,ifs,FALSE,20,elitize_generation_data,39,38,0.498,NA
41,15,replace-space-with-newline,ifs,FALSE,20,elitize_generation_data,40,47,0.498,NA
42,15,replace-space-with-newline,ifs,FALSE,20,elitize_generation_data,41,46,0.505,NA
43,15,replace-space-with-newline,ifs,FALSE,20,elitize_generation_data,42,43,0.487,NA
44,15,replace-space-with-newline,ifs,FALSE,20,elitize_generation_data,43,42,0.507,NA
45,15,replace-space-with-newline,ifs,FALSE,20,elitize_generation_data,44,40,0.507,NA
46,15,replace-space-with-newline,ifs,FALSE,20,elitize_generation_data,45,34,0.486,NA
47,15,replace-space-with-newline,ifs,FALSE,20,elitize_generation_data,46,32,0.484,NA
48,15,replace-space-with-newline,ifs,FALSE,20,elitize_generation_data,47,36,0.499,NA
49,15,replace-space-with-newline,ifs,FALSE,20,elitize_generation_data,48,35,0.469,NA
50,15,replace-space-with-newline,ifs,FALSE,20,elitize_generation_data,49,41,0.476,NA
51,15,replace-space-with-newline,ifs,FALSE,20,elitize_generation_data,50,41,0.464,NA
52,15,replace-space-with-newline,ifs,FALSE,20,elitize_generation_data,51,41,0.452,NA
53,15,replace-space-with-newline,ifs,FALSE,20,elitize_generation_data,52,39,0.451,NA
54,15,replace-space-with-newline,ifs,FALSE,20,elitize_generation_data,53,43,0.436,NA
55,15,replace-space-with-newline,ifs,FALSE,20,elitize_generation_data,54,45,0.453,NA
56,15,replace-space-with-newline,ifs,FALSE,20,elitize_generation_data,55,44,0.431,NA
57,15,replace-space-with-newline,ifs,FALSE,20,elitize_generation_data,56,40,0.46,NA
58,15,replace-space-with-newline,ifs,FALSE,20,elitize_generation_data,57,45,0.439,NA
59,15,replace-space-with-newline,ifs,FALSE,20,elitize_generation_data,58,40,0.454,NA
60,15,replace-space-with-newline,ifs,FALSE,20,elitize_generation_data,59,43,0.446,NA
61,15,replace-space-with-newline,ifs,FALSE,20,elitize_generation_data,60,41,0.459,NA
62,15,replace-space-with-newline,ifs,FALSE,20,elitize_generation_data,61,41,0.461,NA
63,15,replace-space-with-newline,ifs,FALSE,20,elitize_generation_data,62,52,0.475,NA
64,15,replace-space-with-newline,ifs,FALSE,20,elitize_generation_data,63,48,0.506,NA
65,15,replace-space-with-newline,ifs,FALSE,20,elitize_generation_data,64,55,0.521,NA
66,15,replace-space-with-newline,ifs,FALSE,20,elitize_generation_data,65,47,0.575,NA
67,15,replace-space-with-newline,ifs,FALSE,20,elitize_generation_data,66,49,0.587,NA
68,15,replace-space-with-newline,ifs,FALSE,20,elitize_generation_data,67,53,0.625,NA
69,15,replace-space-with-newline,ifs,FALSE,20,elitize_generation_data,68,56,0.656,NA
70,15,replace-space-with-newline,ifs,FALSE,20,elitize_generation_data,69,68,0.637,NA
71,15,replace-space-with-newline,ifs,FALSE,20,elitize_generation_data,70,58,0.611,NA
72,15,replace-space-with-newline,ifs,FALSE,20,elitize_generation_data,71,56,0.587,NA
73,15,replace-space-with-newline,ifs,FALSE,20,elitize_generation_data,72,57,0.592,NA
74,15,replace-space-with-newline,ifs,FALSE,20,elitize_generation_data,73,64,0.597,NA
75,15,replace-space-with-newline,ifs,FALSE,20,elitize_generation_data,74,61,0.622,NA
76,15,replace-space-with-newline,ifs,FALSE,20,elitize_generation_data,75,62,0.599,NA
77,15,replace-space-with-newline,ifs,FALSE,20,elitize_generation_data,76,58,0.615,NA
78,15,replace-space-with-newline,ifs,FALSE,20,elitize_generation_data,77,58,0.618,NA
79,15,replace-space-with-newline,ifs,FALSE,20,elitize_generation_data,78,53,0.613,NA
80,15,replace-space-with-newline,ifs,FALSE,20,elitize_generation_data,79,57,0.636,NA
81,15,replace-space-with-newline,ifs,FALSE,20,elitize_generation_data,80,68,0.568,NA
82,15,replace-space-with-newline,ifs,FALSE,20,elitize_generation_data,81,59,0.561,NA
83,15,replace-space-with-newline,ifs,FALSE,20,elitize_generation_data,82,53,0.561,NA
84,15,replace-space-with-newline,ifs,FALSE,20,elitize_generation_data,83,65,0.563,NA
85,15,replace-space-with-newline,ifs,FALSE,20,elitize_generation_data,84,63,0.553,NA
86,15,replace-space-with-newline,ifs,FALSE,20,elitize_generation_data,85,57,0.566,NA
87,15,replace-space-with-newline,ifs,FALSE,20,elitize_generation_data,86,60,0.588,NA
88,15,replace-space-with-newline,ifs,FALSE,20,elitize_generation_data,87,62,0.566,NA
89,15,replace-space-with-newline,ifs,FALSE,20,elitize_generation_data,88,57,0.545,NA
90,15,replace-space-with-newline,ifs,FALSE,20,elitize_generation_data,89,54,0.543,NA
91,15,replace-space-with-newline,ifs,FALSE,20,elitize_generation_data,90,66,0.522,NA
92,15,replace-space-with-newline,ifs,FALSE,20,elitize_generation_data,91,48,0.564,NA
93,15,replace-space-with-newline,ifs,FALSE,20,elitize_generation_data,92,65,0.534,NA
94,15,replace-space-with-newline,ifs,FALSE,20,elitize_generation_data,93,70,0.546,NA
95,15,replace-space-with-newline,ifs,FALSE,20,elitize_generation_data,94,65,0.559,NA
96,15,replace-space-with-newline,ifs,FALSE,20,elitize_generation_data,95,57,0.551,NA
97,15,replace-space-with-newline,ifs,FALSE,20,elitize_generation_data,96,66,0.572,NA
98,15,replace-space-with-newline,ifs,FALSE,20,elitize_generation_data,97,50,0.534,NA
99,15,replace-space-with-newline,ifs,FALSE,20,elitize_generation_data,98,68,0.522,NA
100,15,replace-space-with-newline,ifs,FALSE,20,elitize_generation_data,99,65,0.547,NA
101,15,replace-space-with-newline,ifs,FALSE,20,elitize_generation_data,100,64,0.557,NA
102,15,replace-space-with-newline,ifs,FALSE,20,elitize_generation_data,101,66,0.52,NA
103,15,replace-space-with-newline,ifs,FALSE,20,elitize_generation_data,102,64,0.545,NA
104,15,replace-space-with-newline,ifs,FALSE,20,elitize_generation_data,103,67,0.532,NA
105,15,replace-space-with-newline,ifs,FALSE,20,elitize_generation_data,104,69,0.522,NA
106,15,replace-space-with-newline,ifs,FALSE,20,elitize_generation_data,105,75,0.546,NA
107,15,replace-space-with-newline,ifs,FALSE,20,elitize_generation_data,106,62,0.523,NA
108,15,replace-space-with-newline,ifs,FALSE,20,elitize_generation_data,107,65,0.563,NA
109,15,replace-space-with-newline,ifs,FALSE,20,elitize_generation_data,108,72,0.52,NA
110,15,replace-space-with-newline,ifs,FALSE,20,elitize_generation_data,109,67,0.529,NA
111,15,replace-space-with-newline,ifs,FALSE,20,elitize_generation_data,110,55,0.522,NA
112,15,replace-space-with-newline,ifs,FALSE,20,elitize_generation_data,111,60,0.507,NA
113,15,replace-space-with-newline,ifs,FALSE,20,elitize_generation_data,112,67,0.516,NA
114,15,replace-space-with-newline,ifs,FALSE,20,elitize_generation_data,113,66,0.526,NA
115,15,replace-space-with-newline,ifs,FALSE,20,elitize_generation_data,114,78,0.55,NA
116,15,replace-space-with-newline,ifs,FALSE,20,elitize_generation_data,115,68,0.533,NA
117,15,replace-space-with-newline,ifs,FALSE,20,elitize_generation_data,116,66,0.589,NA
118,15,replace-space-with-newline,ifs,FALSE,20,elitize_generation_data,117,68,0.609,NA
119,15,replace-space-with-newline,ifs,FALSE,20,elitize_generation_data,118,75,0.592,NA
120,15,replace-space-with-newline,ifs,FALSE,20,elitize_generation_data,119,65,0.609,NA
121,15,replace-space-with-newline,ifs,FALSE,20,elitize_generation_data,120,80,0.613,NA
122,15,replace-space-with-newline,ifs,FALSE,20,elitize_generation_data,121,67,0.613,NA
123,15,replace-space-with-newline,ifs,FALSE,20,elitize_generation_data,122,77,0.618,NA
124,15,replace-space-with-newline,ifs,FALSE,20,elitize_generation_data,123,75,0.632,NA
125,15,replace-space-with-newline,ifs,FALSE,20,elitize_generation_data,124,90,0.666,NA
126,15,replace-space-with-newline,ifs,FALSE,20,elitize_generation_data,125,75,0.692,NA
127,15,replace-space-with-newline,ifs,FALSE,20,elitize_generation_data,126,80,0.687,NA
128,15,replace-space-with-newline,ifs,FALSE,20,elitize_generation_data,127,92,0.713,NA
129,15,replace-space-with-newline,ifs,FALSE,20,elitize_generation_data,128,80,0.692,NA
130,15,replace-space-with-newline,ifs,FALSE,20,elitize_generation_data,129,86,0.702,NA
131,15,replace-space-with-newline,ifs,FALSE,20,elitize_generation_data,130,81,0.74,NA
132,15,replace-space-with-newline,ifs,FALSE,20,elitize_generation_data,131,91,0.724,NA
133,15,replace-space-with-newline,ifs,FALSE,20,elitize_generation_data,132,115,0.74,NA
134,15,replace-space-with-newline,ifs,FALSE,20,elitize_generation_data,133,104,0.756,NA
135,15,replace-space-with-newline,ifs,FALSE,20,elitize_generation_data,134,90,0.77,NA
136,15,replace-space-with-newline,ifs,FALSE,20,elitize_generation_data,135,105,0.789,NA
137,15,replace-space-with-newline,ifs,FALSE,20,elitize_generation_data,136,98,0.779,NA
138,15,replace-space-with-newline,ifs,FALSE,20,elitize_generation_data,137,113,0.793,NA
139,15,replace-space-with-newline,ifs,FALSE,20,elitize_generation_data,138,109,0.795,NA
140,15,replace-space-with-newline,ifs,FALSE,20,elitize_generation_data,139,109,0.8,NA
141,15,replace-space-with-newline,ifs,FALSE,20,elitize_generation_data,140,96,0.808,NA
142,15,replace-space-with-newline,ifs,FALSE,20,elitize_generation_data,141,114,0.803,NA
143,15,replace-space-with-newline,ifs,FALSE,20,elitize_generation_data,142,110,0.812,NA
144,15,replace-space-with-newline,ifs,FALSE,20,elitize_generation_data,143,115,0.813,NA
145,15,replace-space-with-newline,ifs,FALSE,20,elitize_generation_data,144,115,0.823,NA
146,15,replace-space-with-newline,ifs,FALSE,20,elitize_generation_data,145,108,0.815,NA
147,15,replace-space-with-newline,ifs,FALSE,20,elitize_generation_data,146,123,0.831,NA
148,15,replace-space-with-newline,ifs,FALSE,20,elitize_generation_data,147,105,0.822,NA
149,15,replace-space-with-newline,ifs,FALSE,20,elitize_generation_data,148,123,0.822,NA
150,15,replace-space-with-newline,ifs,FALSE,20,elitize_generation_data,149,113,0.836,NA
151,15,replace-space-with-newline,ifs,FALSE,20,elitize_generation_data,150,110,0.861,NA
152,15,replace-space-with-newline,ifs,FALSE,20,elitize_generation_data,151,119,0.848,NA
153,15,replace-space-with-newline,ifs,FALSE,20,elitize_generation_data,152,110,0.856,NA
154,15,replace-space-with-newline,ifs,FALSE,20,elitize_generation_data,153,107,0.821,NA
155,15,replace-space-with-newline,ifs,FALSE,20,elitize_generation_data,154,107,0.85,NA
156,15,replace-space-with-newline,ifs,FALSE,20,elitize_generation_data,155,101,0.817,NA
157,15,replace-space-with-newline,ifs,FALSE,20,elitize_generation_data,156,91,0.823,NA
158,15,replace-space-with-newline,ifs,FALSE,20,elitize_generation_data,157,106,0.824,NA
159,15,replace-space-with-newline,ifs,FALSE,20,elitize_generation_data,158,120,0.813,NA
160,15,replace-space-with-newline,ifs,FALSE,20,elitize_generation_data,159,103,0.831,NA
161,15,replace-space-with-newline,ifs,FALSE,20,elitize_generation_data,160,104,0.807,NA
162,15,replace-space-with-newline,ifs,FALSE,20,elitize_generation_data,161,103,0.817,NA
163,15,replace-space-with-newline,ifs,FALSE,20,elitize_generation_data,162,100,0.808,NA
164,15,replace-space-with-newline,ifs,FALSE,20,elitize_generation_data,163,114,0.789,NA
165,15,replace-space-with-newline,ifs,FALSE,20,elitize_generation_data,164,103,0.804,NA
166,15,replace-space-with-newline,ifs,FALSE,20,elitize_generation_data,165,114,0.808,NA
167,15,replace-space-with-newline,ifs,FALSE,20,elitize_generation_data,166,114,0.827,NA
168,15,replace-space-with-newline,ifs,FALSE,20,elitize_generation_data,167,101,0.801,NA
169,15,replace-space-with-newline,ifs,FALSE,20,elitize_generation_data,168,100,0.817,NA
170,15,replace-space-with-newline,ifs,FALSE,20,elitize_generation_data,169,102,0.83,NA
171,15,replace-space-with-newline,ifs,FALSE,20,elitize_generation_data,170,100,0.827,NA
172,15,replace-space-with-newline,ifs,FALSE,20,elitize_generation_data,171,105,0.831,NA
173,15,replace-space-with-newline,ifs,FALSE,20,elitize_generation_data,172,92,0.815,NA
174,15,replace-space-with-newline,ifs,FALSE,20,elitize_generation_data,173,105,0.795,NA
175,15,replace-space-with-newline,ifs,FALSE,20,elitize_generation_data,174,109,0.811,NA
176,15,replace-space-with-newline,ifs,FALSE,20,elitize_generation_data,175,105,0.783,NA
177,15,replace-space-with-newline,ifs,FALSE,20,elitize_generation_data,176,118,0.789,NA
178,15,replace-space-with-newline,ifs,FALSE,20,elitize_generation_data,177,112,0.816,NA
179,15,replace-space-with-newline,ifs,FALSE,20,elitize_generation_data,178,112,0.814,NA
180,15,replace-space-with-newline,ifs,FALSE,20,elitize_generation_data,179,99,0.819,NA
181,15,replace-space-with-newline,ifs,FALSE,20,elitize_generation_data,180,111,0.807,NA
182,15,replace-space-with-newline,ifs,FALSE,20,elitize_generation_data,181,101,0.788,NA
183,15,replace-space-with-newline,ifs,FALSE,20,elitize_generation_data,182,105,0.803,NA
184,15,replace-space-with-newline,ifs,FALSE,20,elitize_generation_data,183,104,0.774,NA
185,15,replace-space-with-newline,ifs,FALSE,20,elitize_generation_data,184,101,0.783,NA
186,15,replace-space-with-newline,ifs,FALSE,20,elitize_generation_data,185,111,0.784,NA
187,15,replace-space-with-newline,ifs,FALSE,20,elitize_generation_data,186,111,0.782,NA
188,15,replace-space-with-newline,ifs,FALSE,20,elitize_generation_data,187,108,0.785,NA
189,15,replace-space-with-newline,ifs,FALSE,20,elitize_generation_data,188,97,0.78,NA
190,15,replace-space-with-newline,ifs,FALSE,20,elitize_generation_data,189,89,0.768,NA
191,15,replace-space-with-newline,ifs,FALSE,20,elitize_generation_data,190,102,0.792,NA
192,15,replace-space-with-newline,ifs,FALSE,20,elitize_generation_data,191,96,0.745,NA
193,15,replace-space-with-newline,ifs,FALSE,20,elitize_generation_data,192,103,0.759,NA
194,15,replace-space-with-newline,ifs,FALSE,20,elitize_generation_data,193,94,0.777,NA
195,15,replace-space-with-newline,ifs,FALSE,20,elitize_generation_data,194,98,0.748,NA
196,15,replace-space-with-newline,ifs,FALSE,20,elitize_generation_data,195,99,0.768,NA
197,15,replace-space-with-newline,ifs,FALSE,20,elitize_generation_data,196,113,0.782,NA
198,15,replace-space-with-newline,ifs,FALSE,20,elitize_generation_data,197,89,0.779,NA
199,15,replace-space-with-newline,ifs,FALSE,20,elitize_generation_data,198,86,0.812,NA
200,15,replace-space-with-newline,ifs,FALSE,20,elitize_generation_data,199,119,0.806,NA
201,15,replace-space-with-newline,ifs,FALSE,20,elitize_generation_data,200,100,0.821,NA
202,15,replace-space-with-newline,ifs,FALSE,20,elitize_generation_data,201,111,0.796,NA
203,15,replace-space-with-newline,ifs,FALSE,20,elitize_generation_data,202,102,0.775,NA
204,15,replace-space-with-newline,ifs,FALSE,20,elitize_generation_data,203,104,0.8,NA
205,15,replace-space-with-newline,ifs,FALSE,20,elitize_generation_data,204,112,0.811,NA
206,15,replace-space-with-newline,ifs,FALSE,20,elitize_generation_data,205,114,0.812,NA
207,15,replace-space-with-newline,ifs,FALSE,20,elitize_generation_data,206,112,0.833,NA
208,15,replace-space-with-newline,ifs,FALSE,20,elitize_generation_data,207,119,0.816,NA
209,15,replace-space-with-newline,ifs,FALSE,20,elitize_generation_data,208,123,0.814,NA
210,15,replace-space-with-newline,ifs,FALSE,20,elitize_generation_data,209,108,0.813,NA
211,15,replace-space-with-newline,ifs,FALSE,20,elitize_generation_data,210,102,0.779,NA
212,15,replace-space-with-newline,ifs,FALSE,20,elitize_generation_data,211,115,0.796,NA
213,15,replace-space-with-newline,ifs,FALSE,20,elitize_generation_data,212,103,0.804,NA
214,15,replace-space-with-newline,ifs,FALSE,20,elitize_generation_data,213,111,0.801,NA
215,15,replace-space-with-newline,ifs,FALSE,20,elitize_generation_data,214,120,0.807,NA
216,15,replace-space-with-newline,ifs,FALSE,20,elitize_generation_data,215,107,0.788,NA
217,15,replace-space-with-newline,ifs,FALSE,20,elitize_generation_data,216,111,0.801,NA
218,15,replace-space-with-newline,ifs,FALSE,20,elitize_generation_data,217,82,0.788,NA
219,15,replace-space-with-newline,ifs,FALSE,20,elitize_generation_data,218,102,0.784,NA
220,15,replace-space-with-newline,ifs,FALSE,20,elitize_generation_data,219,107,0.793,NA
221,15,replace-space-with-newline,ifs,FALSE,20,elitize_generation_data,220,106,0.766,NA
222,15,replace-space-with-newline,ifs,FALSE,20,elitize_generation_data,221,103,0.787,NA
223,15,replace-space-with-newline,ifs,FALSE,20,elitize_generation_data,222,107,0.794,NA
224,15,replace-space-with-newline,ifs,FALSE,20,elitize_generation_data,223,98,0.79,NA
225,15,replace-space-with-newline,ifs,FALSE,20,elitize_generation_data,224,93,0.787,NA
226,15,replace-space-with-newline,ifs,FALSE,20,elitize_generation_data,225,97,0.827,NA
227,15,replace-space-with-newline,ifs,FALSE,20,elitize_generation_data,226,92,0.835,NA
228,15,replace-space-with-newline,ifs,FALSE,20,elitize_generation_data,227,95,0.814,NA
229,15,replace-space-with-newline,ifs,FALSE,20,elitize_generation_data,228,101,0.789,NA
230,15,replace-space-with-newline,ifs,FALSE,20,elitize_generation_data,229,97,0.815,NA
231,15,replace-space-with-newline,ifs,FALSE,20,elitize_generation_data,230,106,0.801,NA
232,15,replace-space-with-newline,ifs,FALSE,20,elitize_generation_data,231,98,0.792,NA
233,15,replace-space-with-newline,ifs,FALSE,20,elitize_generation_data,232,100,0.785,NA
234,15,replace-space-with-newline,ifs,FALSE,20,elitize_generation_data,233,98,0.755,NA
235,15,replace-space-with-newline,ifs,FALSE,20,elitize_generation_data,234,83,0.748,NA
236,15,replace-space-with-newline,ifs,FALSE,20,elitize_generation_data,235,89,0.767,NA
237,15,replace-space-with-newline,ifs,FALSE,20,elitize_generation_data,236,106,0.77,NA
238,15,replace-space-with-newline,ifs,FALSE,20,elitize_generation_data,237,86,0.762,NA
239,15,replace-space-with-newline,ifs,FALSE,20,elitize_generation_data,238,89,0.768,NA
240,15,replace-space-with-newline,ifs,FALSE,20,elitize_generation_data,239,95,0.797,NA
241,15,replace-space-with-newline,ifs,FALSE,20,elitize_generation_data,240,86,0.781,NA
242,15,replace-space-with-newline,ifs,FALSE,20,elitize_generation_data,241,79,0.768,NA
243,15,replace-space-with-newline,ifs,FALSE,20,elitize_generation_data,242,90,0.771,NA
244,15,replace-space-with-newline,ifs,FALSE,20,elitize_generation_data,243,94,0.781,NA
245,15,replace-space-with-newline,ifs,FALSE,20,elitize_generation_data,244,86,0.767,NA
246,15,replace-space-with-newline,ifs,FALSE,20,elitize_generation_data,245,103,0.802,NA
247,15,replace-space-with-newline,ifs,FALSE,20,elitize_generation_data,246,95,0.767,NA
248,15,replace-space-with-newline,ifs,FALSE,20,elitize_generation_data,247,96,0.78,NA
249,15,replace-space-with-newline,ifs,FALSE,20,elitize_generation_data,248,105,0.779,NA
250,15,replace-space-with-newline,ifs,FALSE,20,elitize_generation_data,249,96,0.779,NA
251,15,replace-space-with-newline,ifs,FALSE,20,elitize_generation_data,250,87,0.78,NA
252,15,replace-space-with-newline,ifs,FALSE,20,elitize_generation_data,251,100,0.798,NA
253,15,replace-space-with-newline,ifs,FALSE,20,elitize_generation_data,252,108,0.78,NA
254,15,replace-space-with-newline,ifs,FALSE,20,elitize_generation_data,253,99,0.805,NA
255,15,replace-space-with-newline,ifs,FALSE,20,elitize_generation_data,254,104,0.815,NA
256,15,replace-space-with-newline,ifs,FALSE,20,elitize_generation_data,255,94,0.79,NA
257,15,replace-space-with-newline,ifs,FALSE,20,elitize_generation_data,256,88,0.794,NA
258,15,replace-space-with-newline,ifs,FALSE,20,elitize_generation_data,257,101,0.804,NA
259,15,replace-space-with-newline,ifs,FALSE,20,elitize_generation_data,258,84,0.809,NA
260,15,replace-space-with-newline,ifs,FALSE,20,elitize_generation_data,259,95,0.787,NA
261,15,replace-space-with-newline,ifs,FALSE,20,elitize_generation_data,260,94,0.787,NA
262,15,replace-space-with-newline,ifs,FALSE,20,elitize_generation_data,261,105,0.771,NA
263,15,replace-space-with-newline,ifs,FALSE,20,elitize_generation_data,262,84,0.76,NA
264,15,replace-space-with-newline,ifs,FALSE,20,elitize_generation_data,263,110,0.775,NA
265,15,replace-space-with-newline,ifs,FALSE,20,elitize_generation_data,264,100,0.775,NA
266,15,replace-space-with-newline,ifs,FALSE,20,elitize_generation_data,265,111,0.759,NA
267,15,replace-space-with-newline,ifs,FALSE,20,elitize_generation_data,266,93,0.787,NA
268,15,replace-space-with-newline,ifs,FALSE,20,elitize_generation_data,267,93,0.781,NA
269,15,replace-space-with-newline,ifs,FALSE,20,elitize_generation_data,268,95,0.775,NA
270,15,replace-space-with-newline,ifs,FALSE,20,elitize_generation_data,269,99,0.788,NA
271,15,replace-space-with-newline,ifs,FALSE,20,elitize_generation_data,270,105,0.772,NA
272,15,replace-space-with-newline,ifs,FALSE,20,elitize_generation_data,271,119,0.779,NA
273,15,replace-space-with-newline,ifs,FALSE,20,elitize_generation_data,272,96,0.767,NA
274,15,replace-space-with-newline,ifs,FALSE,20,elitize_generation_data,273,94,0.774,NA
275,15,replace-space-with-newline,ifs,FALSE,20,elitize_generation_data,274,102,0.794,NA
276,15,replace-space-with-newline,ifs,FALSE,20,elitize_generation_data,275,108,0.778,NA
277,15,replace-space-with-newline,ifs,FALSE,20,elitize_generation_data,276,91,0.79,NA
278,15,replace-space-with-newline,ifs,FALSE,20,elitize_generation_data,277,102,0.772,NA
279,15,replace-space-with-newline,ifs,FALSE,20,elitize_generation_data,278,108,0.793,NA
280,15,replace-space-with-newline,ifs,FALSE,20,elitize_generation_data,279,99,0.783,NA
281,15,replace-space-with-newline,ifs,FALSE,20,elitize_generation_data,280,98,0.74,NA
282,15,replace-space-with-newline,ifs,FALSE,20,elitize_generation_data,281,87,0.753,NA
283,15,replace-space-with-newline,ifs,FALSE,20,elitize_generation_data,282,89,0.734,NA
284,15,replace-space-with-newline,ifs,FALSE,20,elitize_generation_data,283,95,0.731,NA
285,15,replace-space-with-newline,ifs,FALSE,20,elitize_generation_data,284,79,0.688,NA
286,15,replace-space-with-newline,ifs,FALSE,20,elitize_generation_data,285,75,0.686,NA
287,15,replace-space-with-newline,ifs,FALSE,20,elitize_generation_data,286,75,0.7,NA
288,15,replace-space-with-newline,ifs,FALSE,20,elitize_generation_data,287,93,0.729,NA
289,15,replace-space-with-newline,ifs,FALSE,20,elitize_generation_data,288,97,0.731,NA
290,15,replace-space-with-newline,ifs,FALSE,20,elitize_generation_data,289,78,0.725,NA
291,15,replace-space-with-newline,ifs,FALSE,20,elitize_generation_data,290,93,0.746,NA
292,15,replace-space-with-newline,ifs,FALSE,20,elitize_generation_data,291,90,0.731,NA
293,15,replace-space-with-newline,ifs,FALSE,20,elitize_generation_data,292,84,0.723,NA
294,15,replace-space-with-newline,ifs,FALSE,20,elitize_generation_data,293,96,0.74,NA
295,15,replace-space-with-newline,ifs,FALSE,20,elitize_generation_data,294,87,0.745,NA
296,15,replace-space-with-newline,ifs,FALSE,20,elitize_generation_data,295,91,0.733,NA
297,15,replace-space-with-newline,ifs,FALSE,20,elitize_generation_data,296,95,0.72,NA
298,15,replace-space-with-newline,ifs,FALSE,20,elitize_generation_data,297,94,0.725,NA
299,15,replace-space-with-newline,ifs,FALSE,20,elitize_generation_data,298,92,0.71,NA
300,15,replace-space-with-newline,ifs,FALSE,20,elitize_generation_data,299,99,0.749,NA
301,15,replace-space-with-newline,ifs,FALSE,20,elitize_generation_data,300,110,0.737,NA
