,run.num,problem,treatment,succeeded,height,normalization.function,generation,cluster.count,error.diversity,success.generation
1,9,replace-space-with-newline,ifs,FALSE,20,elitize_generation_data,0,4,0.447,NA
2,9,replace-space-with-newline,ifs,FALSE,20,elitize_generation_data,1,5,0.347,NA
3,9,replace-space-with-newline,ifs,FALSE,20,elitize_generation_data,2,6,0.229,NA
4,9,replace-space-with-newline,ifs,FALSE,20,elitize_generation_data,3,8,0.16,NA
5,9,replace-space-with-newline,ifs,FALSE,20,elitize_generation_data,4,9,0.073,NA
6,9,replace-space-with-newline,ifs,FALSE,20,elitize_generation_data,5,10,0.089,NA
7,9,replace-space-with-newline,ifs,FALSE,20,elitize_generation_data,6,10,0.114,NA
8,9,replace-space-with-newline,ifs,FALSE,20,elitize_generation_data,7,9,0.094,NA
9,9,replace-space-with-newline,ifs,FALSE,20,elitize_generation_data,8,9,0.049,NA
10,9,replace-space-with-newline,ifs,FALSE,20,elitize_generation_data,9,8,0.042,NA
11,9,replace-space-with-newline,ifs,FALSE,20,elitize_generation_data,10,6,0.041,NA
12,9,replace-space-with-newline,ifs,FALSE,20,elitize_generation_data,11,9,0.044,NA
13,9,replace-space-with-newline,ifs,FALSE,20,elitize_generation_data,12,8,0.045,NA
14,9,replace-space-with-newline,ifs,FALSE,20,elitize_generation_data,13,8,0.037,NA
15,9,replace-space-with-newline,ifs,FALSE,20,elitize_generation_data,14,7,0.054,NA
16,9,replace-space-with-newline,ifs,FALSE,20,elitize_generation_data,15,11,0.055,NA
17,9,replace-space-with-newline,ifs,FALSE,20,elitize_generation_data,16,10,0.059,NA
18,9,replace-space-with-newline,ifs,FALSE,20,elitize_generation_data,17,11,0.069,NA
19,9,replace-space-with-newline,ifs,FALSE,20,elitize_generation_data,18,10,0.073,NA
20,9,replace-space-with-newline,ifs,FALSE,20,elitize_generation_data,19,13,0.064,NA
21,9,replace-space-with-newline,ifs,FALSE,20,elitize_generation_data,20,11,0.058,NA
22,9,replace-space-with-newline,ifs,FALSE,20,elitize_generation_data,21,12,0.056,NA
23,9,replace-space-with-newline,ifs,FALSE,20,elitize_generation_data,22,10,0.051,NA
24,9,replace-space-with-newline,ifs,FALSE,20,elitize_generation_data,23,11,0.05,NA
25,9,replace-space-with-newline,ifs,FALSE,20,elitize_generation_data,24,11,0.051,NA
26,9,replace-space-with-newline,ifs,FALSE,20,elitize_generation_data,25,10,0.056,NA
27,9,replace-space-with-newline,ifs,FALSE,20,elitize_generation_data,26,9,0.051,NA
28,9,replace-space-with-newline,ifs,FALSE,20,elitize_generation_data,27,12,0.053,NA
29,9,replace-space-with-newline,ifs,FALSE,20,elitize_generation_data,28,11,0.062,NA
30,9,replace-space-with-newline,ifs,FALSE,20,elitize_generation_data,29,12,0.057,NA
31,9,replace-space-with-newline,ifs,FALSE,20,elitize_generation_data,30,12,0.06,NA
32,9,replace-space-with-newline,ifs,FALSE,20,elitize_generation_data,31,13,0.059,NA
33,9,replace-space-with-newline,ifs,FALSE,20,elitize_generation_data,32,11,0.068,NA
34,9,replace-space-with-newline,ifs,FALSE,20,elitize_generation_data,33,9,0.06,NA
35,9,replace-space-with-newline,ifs,FALSE,20,elitize_generation_data,34,16,0.072,NA
36,9,replace-space-with-newline,ifs,FALSE,20,elitize_generation_data,35,14,0.061,NA
37,9,replace-space-with-newline,ifs,FALSE,20,elitize_generation_data,36,13,0.063,NA
38,9,replace-space-with-newline,ifs,FALSE,20,elitize_generation_data,37,13,0.059,NA
39,9,replace-space-with-newline,ifs,FALSE,20,elitize_generation_data,38,9,0.063,NA
40,9,replace-space-with-newline,ifs,FALSE,20,elitize_generation_data,39,15,0.065,NA
41,9,replace-space-with-newline,ifs,FALSE,20,elitize_generation_data,40,11,0.063,NA
42,9,replace-space-with-newline,ifs,FALSE,20,elitize_generation_data,41,9,0.07,NA
43,9,replace-space-with-newline,ifs,FALSE,20,elitize_generation_data,42,9,0.068,NA
44,9,replace-space-with-newline,ifs,FALSE,20,elitize_generation_data,43,10,0.061,NA
45,9,replace-space-with-newline,ifs,FALSE,20,elitize_generation_data,44,11,0.052,NA
46,9,replace-space-with-newline,ifs,FALSE,20,elitize_generation_data,45,12,0.057,NA
47,9,replace-space-with-newline,ifs,FALSE,20,elitize_generation_data,46,9,0.06,NA
48,9,replace-space-with-newline,ifs,FALSE,20,elitize_generation_data,47,10,0.058,NA
49,9,replace-space-with-newline,ifs,FALSE,20,elitize_generation_data,48,9,0.049,NA
50,9,replace-space-with-newline,ifs,FALSE,20,elitize_generation_data,49,8,0.048,NA
51,9,replace-space-with-newline,ifs,FALSE,20,elitize_generation_data,50,10,0.062,NA
52,9,replace-space-with-newline,ifs,FALSE,20,elitize_generation_data,51,10,0.069,NA
53,9,replace-space-with-newline,ifs,FALSE,20,elitize_generation_data,52,10,0.053,NA
54,9,replace-space-with-newline,ifs,FALSE,20,elitize_generation_data,53,9,0.065,NA
55,9,replace-space-with-newline,ifs,FALSE,20,elitize_generation_data,54,12,0.055,NA
56,9,replace-space-with-newline,ifs,FALSE,20,elitize_generation_data,55,10,0.063,NA
57,9,replace-space-with-newline,ifs,FALSE,20,elitize_generation_data,56,11,0.05,NA
58,9,replace-space-with-newline,ifs,FALSE,20,elitize_generation_data,57,10,0.057,NA
59,9,replace-space-with-newline,ifs,FALSE,20,elitize_generation_data,58,9,0.047,NA
60,9,replace-space-with-newline,ifs,FALSE,20,elitize_generation_data,59,9,0.054,NA
61,9,replace-space-with-newline,ifs,FALSE,20,elitize_generation_data,60,10,0.06,NA
62,9,replace-space-with-newline,ifs,FALSE,20,elitize_generation_data,61,10,0.043,NA
63,9,replace-space-with-newline,ifs,FALSE,20,elitize_generation_data,62,10,0.047,NA
64,9,replace-space-with-newline,ifs,FALSE,20,elitize_generation_data,63,9,0.049,NA
65,9,replace-space-with-newline,ifs,FALSE,20,elitize_generation_data,64,6,0.042,NA
66,9,replace-space-with-newline,ifs,FALSE,20,elitize_generation_data,65,10,0.046,NA
67,9,replace-space-with-newline,ifs,FALSE,20,elitize_generation_data,66,9,0.036,NA
68,9,replace-space-with-newline,ifs,FALSE,20,elitize_generation_data,67,9,0.039,NA
69,9,replace-space-with-newline,ifs,FALSE,20,elitize_generation_data,68,10,0.047,NA
70,9,replace-space-with-newline,ifs,FALSE,20,elitize_generation_data,69,10,0.048,NA
71,9,replace-space-with-newline,ifs,FALSE,20,elitize_generation_data,70,7,0.036,NA
72,9,replace-space-with-newline,ifs,FALSE,20,elitize_generation_data,71,10,0.045,NA
73,9,replace-space-with-newline,ifs,FALSE,20,elitize_generation_data,72,10,0.045,NA
74,9,replace-space-with-newline,ifs,FALSE,20,elitize_generation_data,73,9,0.048,NA
75,9,replace-space-with-newline,ifs,FALSE,20,elitize_generation_data,74,9,0.039,NA
76,9,replace-space-with-newline,ifs,FALSE,20,elitize_generation_data,75,9,0.042,NA
77,9,replace-space-with-newline,ifs,FALSE,20,elitize_generation_data,76,8,0.035,NA
78,9,replace-space-with-newline,ifs,FALSE,20,elitize_generation_data,77,8,0.039,NA
79,9,replace-space-with-newline,ifs,FALSE,20,elitize_generation_data,78,8,0.049,NA
80,9,replace-space-with-newline,ifs,FALSE,20,elitize_generation_data,79,6,0.042,NA
81,9,replace-space-with-newline,ifs,FALSE,20,elitize_generation_data,80,8,0.039,NA
82,9,replace-space-with-newline,ifs,FALSE,20,elitize_generation_data,81,6,0.036,NA
83,9,replace-space-with-newline,ifs,FALSE,20,elitize_generation_data,82,5,0.043,NA
84,9,replace-space-with-newline,ifs,FALSE,20,elitize_generation_data,83,13,0.054,NA
85,9,replace-space-with-newline,ifs,FALSE,20,elitize_generation_data,84,6,0.033,NA
86,9,replace-space-with-newline,ifs,FALSE,20,elitize_generation_data,85,8,0.043,NA
87,9,replace-space-with-newline,ifs,FALSE,20,elitize_generation_data,86,7,0.034,NA
88,9,replace-space-with-newline,ifs,FALSE,20,elitize_generation_data,87,6,0.037,NA
89,9,replace-space-with-newline,ifs,FALSE,20,elitize_generation_data,88,11,0.032,NA
90,9,replace-space-with-newline,ifs,FALSE,20,elitize_generation_data,89,7,0.041,NA
91,9,replace-space-with-newline,ifs,FALSE,20,elitize_generation_data,90,9,0.042,NA
92,9,replace-space-with-newline,ifs,FALSE,20,elitize_generation_data,91,9,0.037,NA
93,9,replace-space-with-newline,ifs,FALSE,20,elitize_generation_data,92,8,0.035,NA
94,9,replace-space-with-newline,ifs,FALSE,20,elitize_generation_data,93,6,0.033,NA
95,9,replace-space-with-newline,ifs,FALSE,20,elitize_generation_data,94,7,0.037,NA
96,9,replace-space-with-newline,ifs,FALSE,20,elitize_generation_data,95,8,0.025,NA
97,9,replace-space-with-newline,ifs,FALSE,20,elitize_generation_data,96,7,0.041,NA
98,9,replace-space-with-newline,ifs,FALSE,20,elitize_generation_data,97,7,0.031,NA
99,9,replace-space-with-newline,ifs,FALSE,20,elitize_generation_data,98,7,0.033,NA
100,9,replace-space-with-newline,ifs,FALSE,20,elitize_generation_data,99,6,0.034,NA
101,9,replace-space-with-newline,ifs,FALSE,20,elitize_generation_data,100,8,0.03,NA
102,9,replace-space-with-newline,ifs,FALSE,20,elitize_generation_data,101,9,0.033,NA
103,9,replace-space-with-newline,ifs,FALSE,20,elitize_generation_data,102,8,0.038,NA
104,9,replace-space-with-newline,ifs,FALSE,20,elitize_generation_data,103,11,0.036,NA
105,9,replace-space-with-newline,ifs,FALSE,20,elitize_generation_data,104,7,0.036,NA
106,9,replace-space-with-newline,ifs,FALSE,20,elitize_generation_data,105,7,0.029,NA
107,9,replace-space-with-newline,ifs,FALSE,20,elitize_generation_data,106,8,0.035,NA
108,9,replace-space-with-newline,ifs,FALSE,20,elitize_generation_data,107,5,0.027,NA
109,9,replace-space-with-newline,ifs,FALSE,20,elitize_generation_data,108,8,0.037,NA
110,9,replace-space-with-newline,ifs,FALSE,20,elitize_generation_data,109,6,0.036,NA
111,9,replace-space-with-newline,ifs,FALSE,20,elitize_generation_data,110,7,0.035,NA
112,9,replace-space-with-newline,ifs,FALSE,20,elitize_generation_data,111,6,0.026,NA
113,9,replace-space-with-newline,ifs,FALSE,20,elitize_generation_data,112,9,0.026,NA
114,9,replace-space-with-newline,ifs,FALSE,20,elitize_generation_data,113,9,0.032,NA
115,9,replace-space-with-newline,ifs,FALSE,20,elitize_generation_data,114,7,0.032,NA
116,9,replace-space-with-newline,ifs,FALSE,20,elitize_generation_data,115,6,0.029,NA
117,9,replace-space-with-newline,ifs,FALSE,20,elitize_generation_data,116,7,0.028,NA
118,9,replace-space-with-newline,ifs,FALSE,20,elitize_generation_data,117,6,0.033,NA
119,9,replace-space-with-newline,ifs,FALSE,20,elitize_generation_data,118,7,0.031,NA
120,9,replace-space-with-newline,ifs,FALSE,20,elitize_generation_data,119,7,0.027,NA
121,9,replace-space-with-newline,ifs,FALSE,20,elitize_generation_data,120,6,0.027,NA
122,9,replace-space-with-newline,ifs,FALSE,20,elitize_generation_data,121,6,0.025,NA
123,9,replace-space-with-newline,ifs,FALSE,20,elitize_generation_data,122,6,0.026,NA
124,9,replace-space-with-newline,ifs,FALSE,20,elitize_generation_data,123,9,0.039,NA
125,9,replace-space-with-newline,ifs,FALSE,20,elitize_generation_data,124,6,0.026,NA
126,9,replace-space-with-newline,ifs,FALSE,20,elitize_generation_data,125,7,0.028,NA
127,9,replace-space-with-newline,ifs,FALSE,20,elitize_generation_data,126,6,0.033,NA
128,9,replace-space-with-newline,ifs,FALSE,20,elitize_generation_data,127,8,0.033,NA
129,9,replace-space-with-newline,ifs,FALSE,20,elitize_generation_data,128,6,0.025,NA
130,9,replace-space-with-newline,ifs,FALSE,20,elitize_generation_data,129,6,0.032,NA
131,9,replace-space-with-newline,ifs,FALSE,20,elitize_generation_data,130,8,0.036,NA
132,9,replace-space-with-newline,ifs,FALSE,20,elitize_generation_data,131,7,0.029,NA
133,9,replace-space-with-newline,ifs,FALSE,20,elitize_generation_data,132,7,0.024,NA
134,9,replace-space-with-newline,ifs,FALSE,20,elitize_generation_data,133,7,0.029,NA
135,9,replace-space-with-newline,ifs,FALSE,20,elitize_generation_data,134,8,0.026,NA
136,9,replace-space-with-newline,ifs,FALSE,20,elitize_generation_data,135,4,0.025,NA
137,9,replace-space-with-newline,ifs,FALSE,20,elitize_generation_data,136,8,0.036,NA
138,9,replace-space-with-newline,ifs,FALSE,20,elitize_generation_data,137,6,0.032,NA
139,9,replace-space-with-newline,ifs,FALSE,20,elitize_generation_data,138,7,0.028,NA
140,9,replace-space-with-newline,ifs,FALSE,20,elitize_generation_data,139,6,0.029,NA
141,9,replace-space-with-newline,ifs,FALSE,20,elitize_generation_data,140,8,0.034,NA
142,9,replace-space-with-newline,ifs,FALSE,20,elitize_generation_data,141,5,0.034,NA
143,9,replace-space-with-newline,ifs,FALSE,20,elitize_generation_data,142,5,0.024,NA
144,9,replace-space-with-newline,ifs,FALSE,20,elitize_generation_data,143,5,0.025,NA
145,9,replace-space-with-newline,ifs,FALSE,20,elitize_generation_data,144,9,0.032,NA
146,9,replace-space-with-newline,ifs,FALSE,20,elitize_generation_data,145,6,0.032,NA
147,9,replace-space-with-newline,ifs,FALSE,20,elitize_generation_data,146,9,0.038,NA
148,9,replace-space-with-newline,ifs,FALSE,20,elitize_generation_data,147,6,0.033,NA
149,9,replace-space-with-newline,ifs,FALSE,20,elitize_generation_data,148,7,0.031,NA
150,9,replace-space-with-newline,ifs,FALSE,20,elitize_generation_data,149,8,0.022,NA
151,9,replace-space-with-newline,ifs,FALSE,20,elitize_generation_data,150,5,0.024,NA
152,9,replace-space-with-newline,ifs,FALSE,20,elitize_generation_data,151,5,0.023,NA
153,9,replace-space-with-newline,ifs,FALSE,20,elitize_generation_data,152,7,0.027,NA
154,9,replace-space-with-newline,ifs,FALSE,20,elitize_generation_data,153,5,0.029,NA
155,9,replace-space-with-newline,ifs,FALSE,20,elitize_generation_data,154,7,0.024,NA
156,9,replace-space-with-newline,ifs,FALSE,20,elitize_generation_data,155,5,0.034,NA
157,9,replace-space-with-newline,ifs,FALSE,20,elitize_generation_data,156,6,0.03,NA
158,9,replace-space-with-newline,ifs,FALSE,20,elitize_generation_data,157,8,0.03,NA
159,9,replace-space-with-newline,ifs,FALSE,20,elitize_generation_data,158,5,0.024,NA
160,9,replace-space-with-newline,ifs,FALSE,20,elitize_generation_data,159,7,0.028,NA
161,9,replace-space-with-newline,ifs,FALSE,20,elitize_generation_data,160,6,0.027,NA
162,9,replace-space-with-newline,ifs,FALSE,20,elitize_generation_data,161,6,0.027,NA
163,9,replace-space-with-newline,ifs,FALSE,20,elitize_generation_data,162,7,0.025,NA
164,9,replace-space-with-newline,ifs,FALSE,20,elitize_generation_data,163,7,0.033,NA
165,9,replace-space-with-newline,ifs,FALSE,20,elitize_generation_data,164,6,0.022,NA
166,9,replace-space-with-newline,ifs,FALSE,20,elitize_generation_data,165,5,0.021,NA
167,9,replace-space-with-newline,ifs,FALSE,20,elitize_generation_data,166,6,0.027,NA
168,9,replace-space-with-newline,ifs,FALSE,20,elitize_generation_data,167,9,0.031,NA
169,9,replace-space-with-newline,ifs,FALSE,20,elitize_generation_data,168,12,0.036,NA
170,9,replace-space-with-newline,ifs,FALSE,20,elitize_generation_data,169,8,0.031,NA
171,9,replace-space-with-newline,ifs,FALSE,20,elitize_generation_data,170,6,0.025,NA
172,9,replace-space-with-newline,ifs,FALSE,20,elitize_generation_data,171,7,0.033,NA
173,9,replace-space-with-newline,ifs,FALSE,20,elitize_generation_data,172,5,0.029,NA
174,9,replace-space-with-newline,ifs,FALSE,20,elitize_generation_data,173,7,0.024,NA
175,9,replace-space-with-newline,ifs,FALSE,20,elitize_generation_data,174,7,0.026,NA
176,9,replace-space-with-newline,ifs,FALSE,20,elitize_generation_data,175,8,0.018,NA
177,9,replace-space-with-newline,ifs,FALSE,20,elitize_generation_data,176,6,0.027,NA
178,9,replace-space-with-newline,ifs,FALSE,20,elitize_generation_data,177,8,0.026,NA
179,9,replace-space-with-newline,ifs,FALSE,20,elitize_generation_data,178,6,0.025,NA
180,9,replace-space-with-newline,ifs,FALSE,20,elitize_generation_data,179,6,0.022,NA
181,9,replace-space-with-newline,ifs,FALSE,20,elitize_generation_data,180,5,0.023,NA
182,9,replace-space-with-newline,ifs,FALSE,20,elitize_generation_data,181,6,0.018,NA
183,9,replace-space-with-newline,ifs,FALSE,20,elitize_generation_data,182,7,0.029,NA
184,9,replace-space-with-newline,ifs,FALSE,20,elitize_generation_data,183,8,0.03,NA
185,9,replace-space-with-newline,ifs,FALSE,20,elitize_generation_data,184,9,0.029,NA
186,9,replace-space-with-newline,ifs,FALSE,20,elitize_generation_data,185,6,0.025,NA
187,9,replace-space-with-newline,ifs,FALSE,20,elitize_generation_data,186,8,0.026,NA
188,9,replace-space-with-newline,ifs,FALSE,20,elitize_generation_data,187,5,0.018,NA
189,9,replace-space-with-newline,ifs,FALSE,20,elitize_generation_data,188,7,0.023,NA
190,9,replace-space-with-newline,ifs,FALSE,20,elitize_generation_data,189,7,0.023,NA
191,9,replace-space-with-newline,ifs,FALSE,20,elitize_generation_data,190,6,0.028,NA
192,9,replace-space-with-newline,ifs,FALSE,20,elitize_generation_data,191,6,0.024,NA
193,9,replace-space-with-newline,ifs,FALSE,20,elitize_generation_data,192,8,0.031,NA
194,9,replace-space-with-newline,ifs,FALSE,20,elitize_generation_data,193,6,0.029,NA
195,9,replace-space-with-newline,ifs,FALSE,20,elitize_generation_data,194,6,0.021,NA
196,9,replace-space-with-newline,ifs,FALSE,20,elitize_generation_data,195,6,0.022,NA
197,9,replace-space-with-newline,ifs,FALSE,20,elitize_generation_data,196,6,0.022,NA
198,9,replace-space-with-newline,ifs,FALSE,20,elitize_generation_data,197,6,0.022,NA
199,9,replace-space-with-newline,ifs,FALSE,20,elitize_generation_data,198,4,0.017,NA
200,9,replace-space-with-newline,ifs,FALSE,20,elitize_generation_data,199,6,0.021,NA
201,9,replace-space-with-newline,ifs,FALSE,20,elitize_generation_data,200,6,0.024,NA
202,9,replace-space-with-newline,ifs,FALSE,20,elitize_generation_data,201,5,0.024,NA
203,9,replace-space-with-newline,ifs,FALSE,20,elitize_generation_data,202,7,0.023,NA
204,9,replace-space-with-newline,ifs,FALSE,20,elitize_generation_data,203,8,0.029,NA
205,9,replace-space-with-newline,ifs,FALSE,20,elitize_generation_data,204,8,0.028,NA
206,9,replace-space-with-newline,ifs,FALSE,20,elitize_generation_data,205,6,0.027,NA
207,9,replace-space-with-newline,ifs,FALSE,20,elitize_generation_data,206,5,0.019,NA
208,9,replace-space-with-newline,ifs,FALSE,20,elitize_generation_data,207,6,0.019,NA
209,9,replace-space-with-newline,ifs,FALSE,20,elitize_generation_data,208,5,0.022,NA
210,9,replace-space-with-newline,ifs,FALSE,20,elitize_generation_data,209,5,0.021,NA
211,9,replace-space-with-newline,ifs,FALSE,20,elitize_generation_data,210,6,0.014,NA
212,9,replace-space-with-newline,ifs,FALSE,20,elitize_generation_data,211,6,0.025,NA
213,9,replace-space-with-newline,ifs,FALSE,20,elitize_generation_data,212,9,0.021,NA
214,9,replace-space-with-newline,ifs,FALSE,20,elitize_generation_data,213,8,0.02,NA
215,9,replace-space-with-newline,ifs,FALSE,20,elitize_generation_data,214,9,0.025,NA
216,9,replace-space-with-newline,ifs,FALSE,20,elitize_generation_data,215,7,0.023,NA
217,9,replace-space-with-newline,ifs,FALSE,20,elitize_generation_data,216,7,0.018,NA
218,9,replace-space-with-newline,ifs,FALSE,20,elitize_generation_data,217,8,0.026,NA
219,9,replace-space-with-newline,ifs,FALSE,20,elitize_generation_data,218,5,0.022,NA
220,9,replace-space-with-newline,ifs,FALSE,20,elitize_generation_data,219,6,0.028,NA
221,9,replace-space-with-newline,ifs,FALSE,20,elitize_generation_data,220,8,0.025,NA
222,9,replace-space-with-newline,ifs,FALSE,20,elitize_generation_data,221,7,0.027,NA
223,9,replace-space-with-newline,ifs,FALSE,20,elitize_generation_data,222,6,0.023,NA
224,9,replace-space-with-newline,ifs,FALSE,20,elitize_generation_data,223,10,0.026,NA
225,9,replace-space-with-newline,ifs,FALSE,20,elitize_generation_data,224,6,0.02,NA
226,9,replace-space-with-newline,ifs,FALSE,20,elitize_generation_data,225,8,0.03,NA
227,9,replace-space-with-newline,ifs,FALSE,20,elitize_generation_data,226,5,0.017,NA
228,9,replace-space-with-newline,ifs,FALSE,20,elitize_generation_data,227,11,0.028,NA
229,9,replace-space-with-newline,ifs,FALSE,20,elitize_generation_data,228,6,0.017,NA
230,9,replace-space-with-newline,ifs,FALSE,20,elitize_generation_data,229,6,0.028,NA
231,9,replace-space-with-newline,ifs,FALSE,20,elitize_generation_data,230,10,0.027,NA
232,9,replace-space-with-newline,ifs,FALSE,20,elitize_generation_data,231,5,0.023,NA
233,9,replace-space-with-newline,ifs,FALSE,20,elitize_generation_data,232,6,0.019,NA
234,9,replace-space-with-newline,ifs,FALSE,20,elitize_generation_data,233,8,0.03,NA
235,9,replace-space-with-newline,ifs,FALSE,20,elitize_generation_data,234,5,0.023,NA
236,9,replace-space-with-newline,ifs,FALSE,20,elitize_generation_data,235,7,0.017,NA
237,9,replace-space-with-newline,ifs,FALSE,20,elitize_generation_data,236,9,0.029,NA
238,9,replace-space-with-newline,ifs,FALSE,20,elitize_generation_data,237,6,0.026,NA
239,9,replace-space-with-newline,ifs,FALSE,20,elitize_generation_data,238,6,0.023,NA
240,9,replace-space-with-newline,ifs,FALSE,20,elitize_generation_data,239,10,0.024,NA
241,9,replace-space-with-newline,ifs,FALSE,20,elitize_generation_data,240,8,0.023,NA
242,9,replace-space-with-newline,ifs,FALSE,20,elitize_generation_data,241,7,0.025,NA
243,9,replace-space-with-newline,ifs,FALSE,20,elitize_generation_data,242,7,0.022,NA
244,9,replace-space-with-newline,ifs,FALSE,20,elitize_generation_data,243,7,0.021,NA
245,9,replace-space-with-newline,ifs,FALSE,20,elitize_generation_data,244,7,0.018,NA
246,9,replace-space-with-newline,ifs,FALSE,20,elitize_generation_data,245,4,0.028,NA
247,9,replace-space-with-newline,ifs,FALSE,20,elitize_generation_data,246,5,0.023,NA
248,9,replace-space-with-newline,ifs,FALSE,20,elitize_generation_data,247,6,0.021,NA
249,9,replace-space-with-newline,ifs,FALSE,20,elitize_generation_data,248,6,0.021,NA
250,9,replace-space-with-newline,ifs,FALSE,20,elitize_generation_data,249,7,0.02,NA
251,9,replace-space-with-newline,ifs,FALSE,20,elitize_generation_data,250,6,0.021,NA
252,9,replace-space-with-newline,ifs,FALSE,20,elitize_generation_data,251,4,0.018,NA
253,9,replace-space-with-newline,ifs,FALSE,20,elitize_generation_data,252,7,0.022,NA
254,9,replace-space-with-newline,ifs,FALSE,20,elitize_generation_data,253,4,0.016,NA
255,9,replace-space-with-newline,ifs,FALSE,20,elitize_generation_data,254,6,0.021,NA
256,9,replace-space-with-newline,ifs,FALSE,20,elitize_generation_data,255,6,0.023,NA
257,9,replace-space-with-newline,ifs,FALSE,20,elitize_generation_data,256,7,0.023,NA
258,9,replace-space-with-newline,ifs,FALSE,20,elitize_generation_data,257,5,0.02,NA
259,9,replace-space-with-newline,ifs,FALSE,20,elitize_generation_data,258,6,0.018,NA
260,9,replace-space-with-newline,ifs,FALSE,20,elitize_generation_data,259,8,0.019,NA
261,9,replace-space-with-newline,ifs,FALSE,20,elitize_generation_data,260,5,0.016,NA
262,9,replace-space-with-newline,ifs,FALSE,20,elitize_generation_data,261,4,0.016,NA
263,9,replace-space-with-newline,ifs,FALSE,20,elitize_generation_data,262,6,0.017,NA
264,9,replace-space-with-newline,ifs,FALSE,20,elitize_generation_data,263,5,0.016,NA
265,9,replace-space-with-newline,ifs,FALSE,20,elitize_generation_data,264,6,0.017,NA
266,9,replace-space-with-newline,ifs,FALSE,20,elitize_generation_data,265,4,0.013,NA
267,9,replace-space-with-newline,ifs,FALSE,20,elitize_generation_data,266,5,0.018,NA
268,9,replace-space-with-newline,ifs,FALSE,20,elitize_generation_data,267,6,0.016,NA
269,9,replace-space-with-newline,ifs,FALSE,20,elitize_generation_data,268,7,0.027,NA
270,9,replace-space-with-newline,ifs,FALSE,20,elitize_generation_data,269,7,0.021,NA
271,9,replace-space-with-newline,ifs,FALSE,20,elitize_generation_data,270,8,0.025,NA
272,9,replace-space-with-newline,ifs,FALSE,20,elitize_generation_data,271,5,0.019,NA
273,9,replace-space-with-newline,ifs,FALSE,20,elitize_generation_data,272,8,0.023,NA
274,9,replace-space-with-newline,ifs,FALSE,20,elitize_generation_data,273,6,0.015,NA
275,9,replace-space-with-newline,ifs,FALSE,20,elitize_generation_data,274,5,0.016,NA
276,9,replace-space-with-newline,ifs,FALSE,20,elitize_generation_data,275,5,0.017,NA
277,9,replace-space-with-newline,ifs,FALSE,20,elitize_generation_data,276,5,0.017,NA
278,9,replace-space-with-newline,ifs,FALSE,20,elitize_generation_data,277,7,0.017,NA
279,9,replace-space-with-newline,ifs,FALSE,20,elitize_generation_data,278,5,0.019,NA
280,9,replace-space-with-newline,ifs,FALSE,20,elitize_generation_data,279,6,0.019,NA
281,9,replace-space-with-newline,ifs,FALSE,20,elitize_generation_data,280,5,0.016,NA
282,9,replace-space-with-newline,ifs,FALSE,20,elitize_generation_data,281,5,0.024,NA
283,9,replace-space-with-newline,ifs,FALSE,20,elitize_generation_data,282,7,0.016,NA
284,9,replace-space-with-newline,ifs,FALSE,20,elitize_generation_data,283,5,0.018,NA
285,9,replace-space-with-newline,ifs,FALSE,20,elitize_generation_data,284,5,0.016,NA
286,9,replace-space-with-newline,ifs,FALSE,20,elitize_generation_data,285,4,0.017,NA
287,9,replace-space-with-newline,ifs,FALSE,20,elitize_generation_data,286,7,0.025,NA
288,9,replace-space-with-newline,ifs,FALSE,20,elitize_generation_data,287,5,0.021,NA
289,9,replace-space-with-newline,ifs,FALSE,20,elitize_generation_data,288,7,0.019,NA
290,9,replace-space-with-newline,ifs,FALSE,20,elitize_generation_data,289,6,0.016,NA
291,9,replace-space-with-newline,ifs,FALSE,20,elitize_generation_data,290,6,0.021,NA
292,9,replace-space-with-newline,ifs,FALSE,20,elitize_generation_data,291,6,0.017,NA
293,9,replace-space-with-newline,ifs,FALSE,20,elitize_generation_data,292,5,0.019,NA
294,9,replace-space-with-newline,ifs,FALSE,20,elitize_generation_data,293,7,0.02,NA
295,9,replace-space-with-newline,ifs,FALSE,20,elitize_generation_data,294,5,0.02,NA
296,9,replace-space-with-newline,ifs,FALSE,20,elitize_generation_data,295,5,0.019,NA
297,9,replace-space-with-newline,ifs,FALSE,20,elitize_generation_data,296,5,0.018,NA
298,9,replace-space-with-newline,ifs,FALSE,20,elitize_generation_data,297,6,0.022,NA
299,9,replace-space-with-newline,ifs,FALSE,20,elitize_generation_data,298,5,0.025,NA
300,9,replace-space-with-newline,ifs,FALSE,20,elitize_generation_data,299,6,0.021,NA
301,9,replace-space-with-newline,ifs,FALSE,20,elitize_generation_data,300,6,0.022,NA
