,run.num,problem,treatment,succeeded,height,normalization.function,generation,cluster.count,error.diversity,success.generation
1,27,replace-space-with-newline,ifs,FALSE,20,elitize_generation_data,0,4,0.501,NA
2,27,replace-space-with-newline,ifs,FALSE,20,elitize_generation_data,1,4,0.355,NA
3,27,replace-space-with-newline,ifs,FALSE,20,elitize_generation_data,2,5,0.245,NA
4,27,replace-space-with-newline,ifs,FALSE,20,elitize_generation_data,3,8,0.168,NA
5,27,replace-space-with-newline,ifs,FALSE,20,elitize_generation_data,4,10,0.067,NA
6,27,replace-space-with-newline,ifs,FALSE,20,elitize_generation_data,5,9,0.086,NA
7,27,replace-space-with-newline,ifs,FALSE,20,elitize_generation_data,6,16,0.132,NA
8,27,replace-space-with-newline,ifs,FALSE,20,elitize_generation_data,7,11,0.084,NA
9,27,replace-space-with-newline,ifs,FALSE,20,elitize_generation_data,8,10,0.029,NA
10,27,replace-space-with-newline,ifs,FALSE,20,elitize_generation_data,9,8,0.035,NA
11,27,replace-space-with-newline,ifs,FALSE,20,elitize_generation_data,10,10,0.039,NA
12,27,replace-space-with-newline,ifs,FALSE,20,elitize_generation_data,11,8,0.046,NA
13,27,replace-space-with-newline,ifs,FALSE,20,elitize_generation_data,12,10,0.038,NA
14,27,replace-space-with-newline,ifs,FALSE,20,elitize_generation_data,13,8,0.048,NA
15,27,replace-space-with-newline,ifs,FALSE,20,elitize_generation_data,14,9,0.043,NA
16,27,replace-space-with-newline,ifs,FALSE,20,elitize_generation_data,15,11,0.05,NA
17,27,replace-space-with-newline,ifs,FALSE,20,elitize_generation_data,16,8,0.046,NA
18,27,replace-space-with-newline,ifs,FALSE,20,elitize_generation_data,17,11,0.058,NA
19,27,replace-space-with-newline,ifs,FALSE,20,elitize_generation_data,18,9,0.037,NA
20,27,replace-space-with-newline,ifs,FALSE,20,elitize_generation_data,19,9,0.052,NA
21,27,replace-space-with-newline,ifs,FALSE,20,elitize_generation_data,20,8,0.055,NA
22,27,replace-space-with-newline,ifs,FALSE,20,elitize_generation_data,21,9,0.04,NA
23,27,replace-space-with-newline,ifs,FALSE,20,elitize_generation_data,22,9,0.042,NA
24,27,replace-space-with-newline,ifs,FALSE,20,elitize_generation_data,23,8,0.058,NA
25,27,replace-space-with-newline,ifs,FALSE,20,elitize_generation_data,24,9,0.045,NA
26,27,replace-space-with-newline,ifs,FALSE,20,elitize_generation_data,25,9,0.056,NA
27,27,replace-space-with-newline,ifs,FALSE,20,elitize_generation_data,26,10,0.051,NA
28,27,replace-space-with-newline,ifs,FALSE,20,elitize_generation_data,27,9,0.042,NA
29,27,replace-space-with-newline,ifs,FALSE,20,elitize_generation_data,28,10,0.049,NA
30,27,replace-space-with-newline,ifs,FALSE,20,elitize_generation_data,29,8,0.05,NA
31,27,replace-space-with-newline,ifs,FALSE,20,elitize_generation_data,30,9,0.052,NA
32,27,replace-space-with-newline,ifs,FALSE,20,elitize_generation_data,31,9,0.073,NA
33,27,replace-space-with-newline,ifs,FALSE,20,elitize_generation_data,32,10,0.091,NA
34,27,replace-space-with-newline,ifs,FALSE,20,elitize_generation_data,33,13,0.081,NA
35,27,replace-space-with-newline,ifs,FALSE,20,elitize_generation_data,34,11,0.094,NA
36,27,replace-space-with-newline,ifs,FALSE,20,elitize_generation_data,35,11,0.094,NA
37,27,replace-space-with-newline,ifs,FALSE,20,elitize_generation_data,36,11,0.106,NA
38,27,replace-space-with-newline,ifs,FALSE,20,elitize_generation_data,37,10,0.088,NA
39,27,replace-space-with-newline,ifs,FALSE,20,elitize_generation_data,38,11,0.089,NA
40,27,replace-space-with-newline,ifs,FALSE,20,elitize_generation_data,39,11,0.1,NA
41,27,replace-space-with-newline,ifs,FALSE,20,elitize_generation_data,40,11,0.099,NA
42,27,replace-space-with-newline,ifs,FALSE,20,elitize_generation_data,41,9,0.125,NA
43,27,replace-space-with-newline,ifs,FALSE,20,elitize_generation_data,42,11,0.107,NA
44,27,replace-space-with-newline,ifs,FALSE,20,elitize_generation_data,43,10,0.095,NA
45,27,replace-space-with-newline,ifs,FALSE,20,elitize_generation_data,44,12,0.082,NA
46,27,replace-space-with-newline,ifs,FALSE,20,elitize_generation_data,45,10,0.088,NA
47,27,replace-space-with-newline,ifs,FALSE,20,elitize_generation_data,46,9,0.081,NA
48,27,replace-space-with-newline,ifs,FALSE,20,elitize_generation_data,47,10,0.107,NA
49,27,replace-space-with-newline,ifs,FALSE,20,elitize_generation_data,48,13,0.107,NA
50,27,replace-space-with-newline,ifs,FALSE,20,elitize_generation_data,49,13,0.1,NA
51,27,replace-space-with-newline,ifs,FALSE,20,elitize_generation_data,50,12,0.122,NA
52,27,replace-space-with-newline,ifs,FALSE,20,elitize_generation_data,51,10,0.11,NA
53,27,replace-space-with-newline,ifs,FALSE,20,elitize_generation_data,52,14,0.109,NA
54,27,replace-space-with-newline,ifs,FALSE,20,elitize_generation_data,53,10,0.114,NA
55,27,replace-space-with-newline,ifs,FALSE,20,elitize_generation_data,54,10,0.143,NA
56,27,replace-space-with-newline,ifs,FALSE,20,elitize_generation_data,55,15,0.145,NA
57,27,replace-space-with-newline,ifs,FALSE,20,elitize_generation_data,56,11,0.154,NA
58,27,replace-space-with-newline,ifs,FALSE,20,elitize_generation_data,57,16,0.155,NA
59,27,replace-space-with-newline,ifs,FALSE,20,elitize_generation_data,58,10,0.153,NA
60,27,replace-space-with-newline,ifs,FALSE,20,elitize_generation_data,59,17,0.166,NA
61,27,replace-space-with-newline,ifs,FALSE,20,elitize_generation_data,60,15,0.167,NA
62,27,replace-space-with-newline,ifs,FALSE,20,elitize_generation_data,61,14,0.131,NA
63,27,replace-space-with-newline,ifs,FALSE,20,elitize_generation_data,62,16,0.152,NA
64,27,replace-space-with-newline,ifs,FALSE,20,elitize_generation_data,63,16,0.156,NA
65,27,replace-space-with-newline,ifs,FALSE,20,elitize_generation_data,64,22,0.186,NA
66,27,replace-space-with-newline,ifs,FALSE,20,elitize_generation_data,65,20,0.162,NA
67,27,replace-space-with-newline,ifs,FALSE,20,elitize_generation_data,66,19,0.129,NA
68,27,replace-space-with-newline,ifs,FALSE,20,elitize_generation_data,67,16,0.103,NA
69,27,replace-space-with-newline,ifs,FALSE,20,elitize_generation_data,68,15,0.112,NA
70,27,replace-space-with-newline,ifs,FALSE,20,elitize_generation_data,69,16,0.133,NA
71,27,replace-space-with-newline,ifs,FALSE,20,elitize_generation_data,70,17,0.118,NA
72,27,replace-space-with-newline,ifs,FALSE,20,elitize_generation_data,71,15,0.128,NA
73,27,replace-space-with-newline,ifs,FALSE,20,elitize_generation_data,72,18,0.14,NA
74,27,replace-space-with-newline,ifs,FALSE,20,elitize_generation_data,73,18,0.13,NA
75,27,replace-space-with-newline,ifs,FALSE,20,elitize_generation_data,74,14,0.122,NA
76,27,replace-space-with-newline,ifs,FALSE,20,elitize_generation_data,75,15,0.128,NA
77,27,replace-space-with-newline,ifs,FALSE,20,elitize_generation_data,76,20,0.135,NA
78,27,replace-space-with-newline,ifs,FALSE,20,elitize_generation_data,77,20,0.135,NA
79,27,replace-space-with-newline,ifs,FALSE,20,elitize_generation_data,78,12,0.111,NA
80,27,replace-space-with-newline,ifs,FALSE,20,elitize_generation_data,79,14,0.125,NA
81,27,replace-space-with-newline,ifs,FALSE,20,elitize_generation_data,80,16,0.124,NA
82,27,replace-space-with-newline,ifs,FALSE,20,elitize_generation_data,81,18,0.128,NA
83,27,replace-space-with-newline,ifs,FALSE,20,elitize_generation_data,82,17,0.108,NA
84,27,replace-space-with-newline,ifs,FALSE,20,elitize_generation_data,83,17,0.103,NA
85,27,replace-space-with-newline,ifs,FALSE,20,elitize_generation_data,84,16,0.108,NA
86,27,replace-space-with-newline,ifs,FALSE,20,elitize_generation_data,85,15,0.094,NA
87,27,replace-space-with-newline,ifs,FALSE,20,elitize_generation_data,86,14,0.112,NA
88,27,replace-space-with-newline,ifs,FALSE,20,elitize_generation_data,87,15,0.109,NA
89,27,replace-space-with-newline,ifs,FALSE,20,elitize_generation_data,88,18,0.111,NA
90,27,replace-space-with-newline,ifs,FALSE,20,elitize_generation_data,89,16,0.101,NA
91,27,replace-space-with-newline,ifs,FALSE,20,elitize_generation_data,90,14,0.103,NA
92,27,replace-space-with-newline,ifs,FALSE,20,elitize_generation_data,91,16,0.103,NA
93,27,replace-space-with-newline,ifs,FALSE,20,elitize_generation_data,92,16,0.103,NA
94,27,replace-space-with-newline,ifs,FALSE,20,elitize_generation_data,93,14,0.089,NA
95,27,replace-space-with-newline,ifs,FALSE,20,elitize_generation_data,94,13,0.089,NA
96,27,replace-space-with-newline,ifs,FALSE,20,elitize_generation_data,95,15,0.084,NA
97,27,replace-space-with-newline,ifs,FALSE,20,elitize_generation_data,96,16,0.097,NA
98,27,replace-space-with-newline,ifs,FALSE,20,elitize_generation_data,97,16,0.09,NA
99,27,replace-space-with-newline,ifs,FALSE,20,elitize_generation_data,98,15,0.097,NA
100,27,replace-space-with-newline,ifs,FALSE,20,elitize_generation_data,99,21,0.105,NA
101,27,replace-space-with-newline,ifs,FALSE,20,elitize_generation_data,100,11,0.09,NA
102,27,replace-space-with-newline,ifs,FALSE,20,elitize_generation_data,101,18,0.101,NA
103,27,replace-space-with-newline,ifs,FALSE,20,elitize_generation_data,102,16,0.081,NA
104,27,replace-space-with-newline,ifs,FALSE,20,elitize_generation_data,103,19,0.09,NA
105,27,replace-space-with-newline,ifs,FALSE,20,elitize_generation_data,104,17,0.084,NA
106,27,replace-space-with-newline,ifs,FALSE,20,elitize_generation_data,105,15,0.081,NA
107,27,replace-space-with-newline,ifs,FALSE,20,elitize_generation_data,106,14,0.081,NA
108,27,replace-space-with-newline,ifs,FALSE,20,elitize_generation_data,107,17,0.083,NA
109,27,replace-space-with-newline,ifs,FALSE,20,elitize_generation_data,108,15,0.082,NA
110,27,replace-space-with-newline,ifs,FALSE,20,elitize_generation_data,109,15,0.081,NA
111,27,replace-space-with-newline,ifs,FALSE,20,elitize_generation_data,110,14,0.083,NA
112,27,replace-space-with-newline,ifs,FALSE,20,elitize_generation_data,111,12,0.07,NA
113,27,replace-space-with-newline,ifs,FALSE,20,elitize_generation_data,112,11,0.07,NA
114,27,replace-space-with-newline,ifs,FALSE,20,elitize_generation_data,113,15,0.071,NA
115,27,replace-space-with-newline,ifs,FALSE,20,elitize_generation_data,114,19,0.066,NA
116,27,replace-space-with-newline,ifs,FALSE,20,elitize_generation_data,115,12,0.073,NA
117,27,replace-space-with-newline,ifs,FALSE,20,elitize_generation_data,116,15,0.076,NA
118,27,replace-space-with-newline,ifs,FALSE,20,elitize_generation_data,117,13,0.057,NA
119,27,replace-space-with-newline,ifs,FALSE,20,elitize_generation_data,118,11,0.072,NA
120,27,replace-space-with-newline,ifs,FALSE,20,elitize_generation_data,119,13,0.059,NA
121,27,replace-space-with-newline,ifs,FALSE,20,elitize_generation_data,120,13,0.062,NA
122,27,replace-space-with-newline,ifs,FALSE,20,elitize_generation_data,121,14,0.063,NA
123,27,replace-space-with-newline,ifs,FALSE,20,elitize_generation_data,122,11,0.066,NA
124,27,replace-space-with-newline,ifs,FALSE,20,elitize_generation_data,123,17,0.06,NA
125,27,replace-space-with-newline,ifs,FALSE,20,elitize_generation_data,124,12,0.062,NA
126,27,replace-space-with-newline,ifs,FALSE,20,elitize_generation_data,125,13,0.066,NA
127,27,replace-space-with-newline,ifs,FALSE,20,elitize_generation_data,126,12,0.059,NA
128,27,replace-space-with-newline,ifs,FALSE,20,elitize_generation_data,127,15,0.069,NA
129,27,replace-space-with-newline,ifs,FALSE,20,elitize_generation_data,128,12,0.054,NA
130,27,replace-space-with-newline,ifs,FALSE,20,elitize_generation_data,129,12,0.058,NA
131,27,replace-space-with-newline,ifs,FALSE,20,elitize_generation_data,130,11,0.065,NA
132,27,replace-space-with-newline,ifs,FALSE,20,elitize_generation_data,131,12,0.07,NA
133,27,replace-space-with-newline,ifs,FALSE,20,elitize_generation_data,132,13,0.049,NA
134,27,replace-space-with-newline,ifs,FALSE,20,elitize_generation_data,133,12,0.059,NA
135,27,replace-space-with-newline,ifs,FALSE,20,elitize_generation_data,134,10,0.06,NA
136,27,replace-space-with-newline,ifs,FALSE,20,elitize_generation_data,135,12,0.058,NA
137,27,replace-space-with-newline,ifs,FALSE,20,elitize_generation_data,136,12,0.06,NA
138,27,replace-space-with-newline,ifs,FALSE,20,elitize_generation_data,137,11,0.056,NA
139,27,replace-space-with-newline,ifs,FALSE,20,elitize_generation_data,138,10,0.053,NA
140,27,replace-space-with-newline,ifs,FALSE,20,elitize_generation_data,139,12,0.058,NA
141,27,replace-space-with-newline,ifs,FALSE,20,elitize_generation_data,140,11,0.057,NA
142,27,replace-space-with-newline,ifs,FALSE,20,elitize_generation_data,141,15,0.054,NA
143,27,replace-space-with-newline,ifs,FALSE,20,elitize_generation_data,142,13,0.05,NA
144,27,replace-space-with-newline,ifs,FALSE,20,elitize_generation_data,143,13,0.05,NA
145,27,replace-space-with-newline,ifs,FALSE,20,elitize_generation_data,144,11,0.053,NA
146,27,replace-space-with-newline,ifs,FALSE,20,elitize_generation_data,145,11,0.055,NA
147,27,replace-space-with-newline,ifs,FALSE,20,elitize_generation_data,146,14,0.056,NA
148,27,replace-space-with-newline,ifs,FALSE,20,elitize_generation_data,147,12,0.047,NA
149,27,replace-space-with-newline,ifs,FALSE,20,elitize_generation_data,148,12,0.051,NA
150,27,replace-space-with-newline,ifs,FALSE,20,elitize_generation_data,149,10,0.051,NA
151,27,replace-space-with-newline,ifs,FALSE,20,elitize_generation_data,150,15,0.06,NA
152,27,replace-space-with-newline,ifs,FALSE,20,elitize_generation_data,151,13,0.048,NA
153,27,replace-space-with-newline,ifs,FALSE,20,elitize_generation_data,152,13,0.056,NA
154,27,replace-space-with-newline,ifs,FALSE,20,elitize_generation_data,153,13,0.051,NA
155,27,replace-space-with-newline,ifs,FALSE,20,elitize_generation_data,154,11,0.048,NA
156,27,replace-space-with-newline,ifs,FALSE,20,elitize_generation_data,155,10,0.042,NA
157,27,replace-space-with-newline,ifs,FALSE,20,elitize_generation_data,156,10,0.051,NA
158,27,replace-space-with-newline,ifs,FALSE,20,elitize_generation_data,157,11,0.059,NA
159,27,replace-space-with-newline,ifs,FALSE,20,elitize_generation_data,158,12,0.059,NA
160,27,replace-space-with-newline,ifs,FALSE,20,elitize_generation_data,159,15,0.06,NA
161,27,replace-space-with-newline,ifs,FALSE,20,elitize_generation_data,160,11,0.049,NA
162,27,replace-space-with-newline,ifs,FALSE,20,elitize_generation_data,161,10,0.054,NA
163,27,replace-space-with-newline,ifs,FALSE,20,elitize_generation_data,162,11,0.05,NA
164,27,replace-space-with-newline,ifs,FALSE,20,elitize_generation_data,163,12,0.045,NA
165,27,replace-space-with-newline,ifs,FALSE,20,elitize_generation_data,164,11,0.047,NA
166,27,replace-space-with-newline,ifs,FALSE,20,elitize_generation_data,165,11,0.044,NA
167,27,replace-space-with-newline,ifs,FALSE,20,elitize_generation_data,166,10,0.059,NA
168,27,replace-space-with-newline,ifs,FALSE,20,elitize_generation_data,167,8,0.053,NA
169,27,replace-space-with-newline,ifs,FALSE,20,elitize_generation_data,168,13,0.046,NA
170,27,replace-space-with-newline,ifs,FALSE,20,elitize_generation_data,169,10,0.056,NA
171,27,replace-space-with-newline,ifs,FALSE,20,elitize_generation_data,170,10,0.051,NA
172,27,replace-space-with-newline,ifs,FALSE,20,elitize_generation_data,171,10,0.046,NA
173,27,replace-space-with-newline,ifs,FALSE,20,elitize_generation_data,172,11,0.058,NA
174,27,replace-space-with-newline,ifs,FALSE,20,elitize_generation_data,173,13,0.06,NA
175,27,replace-space-with-newline,ifs,FALSE,20,elitize_generation_data,174,12,0.048,NA
176,27,replace-space-with-newline,ifs,FALSE,20,elitize_generation_data,175,14,0.043,NA
177,27,replace-space-with-newline,ifs,FALSE,20,elitize_generation_data,176,11,0.046,NA
178,27,replace-space-with-newline,ifs,FALSE,20,elitize_generation_data,177,9,0.045,NA
179,27,replace-space-with-newline,ifs,FALSE,20,elitize_generation_data,178,13,0.043,NA
180,27,replace-space-with-newline,ifs,FALSE,20,elitize_generation_data,179,14,0.052,NA
181,27,replace-space-with-newline,ifs,FALSE,20,elitize_generation_data,180,12,0.048,NA
182,27,replace-space-with-newline,ifs,FALSE,20,elitize_generation_data,181,11,0.049,NA
183,27,replace-space-with-newline,ifs,FALSE,20,elitize_generation_data,182,9,0.048,NA
184,27,replace-space-with-newline,ifs,FALSE,20,elitize_generation_data,183,13,0.046,NA
185,27,replace-space-with-newline,ifs,FALSE,20,elitize_generation_data,184,10,0.051,NA
186,27,replace-space-with-newline,ifs,FALSE,20,elitize_generation_data,185,10,0.044,NA
187,27,replace-space-with-newline,ifs,FALSE,20,elitize_generation_data,186,12,0.056,NA
188,27,replace-space-with-newline,ifs,FALSE,20,elitize_generation_data,187,13,0.051,NA
189,27,replace-space-with-newline,ifs,FALSE,20,elitize_generation_data,188,12,0.05,NA
190,27,replace-space-with-newline,ifs,FALSE,20,elitize_generation_data,189,11,0.045,NA
191,27,replace-space-with-newline,ifs,FALSE,20,elitize_generation_data,190,8,0.036,NA
192,27,replace-space-with-newline,ifs,FALSE,20,elitize_generation_data,191,13,0.047,NA
193,27,replace-space-with-newline,ifs,FALSE,20,elitize_generation_data,192,9,0.044,NA
194,27,replace-space-with-newline,ifs,FALSE,20,elitize_generation_data,193,13,0.042,NA
195,27,replace-space-with-newline,ifs,FALSE,20,elitize_generation_data,194,12,0.054,NA
196,27,replace-space-with-newline,ifs,FALSE,20,elitize_generation_data,195,8,0.045,NA
197,27,replace-space-with-newline,ifs,FALSE,20,elitize_generation_data,196,8,0.043,NA
198,27,replace-space-with-newline,ifs,FALSE,20,elitize_generation_data,197,10,0.042,NA
199,27,replace-space-with-newline,ifs,FALSE,20,elitize_generation_data,198,9,0.048,NA
200,27,replace-space-with-newline,ifs,FALSE,20,elitize_generation_data,199,13,0.042,NA
201,27,replace-space-with-newline,ifs,FALSE,20,elitize_generation_data,200,9,0.04,NA
202,27,replace-space-with-newline,ifs,FALSE,20,elitize_generation_data,201,10,0.045,NA
203,27,replace-space-with-newline,ifs,FALSE,20,elitize_generation_data,202,12,0.045,NA
204,27,replace-space-with-newline,ifs,FALSE,20,elitize_generation_data,203,12,0.045,NA
205,27,replace-space-with-newline,ifs,FALSE,20,elitize_generation_data,204,12,0.044,NA
206,27,replace-space-with-newline,ifs,FALSE,20,elitize_generation_data,205,9,0.038,NA
207,27,replace-space-with-newline,ifs,FALSE,20,elitize_generation_data,206,12,0.044,NA
208,27,replace-space-with-newline,ifs,FALSE,20,elitize_generation_data,207,9,0.037,NA
209,27,replace-space-with-newline,ifs,FALSE,20,elitize_generation_data,208,9,0.053,NA
210,27,replace-space-with-newline,ifs,FALSE,20,elitize_generation_data,209,10,0.037,NA
211,27,replace-space-with-newline,ifs,FALSE,20,elitize_generation_data,210,8,0.039,NA
212,27,replace-space-with-newline,ifs,FALSE,20,elitize_generation_data,211,10,0.038,NA
213,27,replace-space-with-newline,ifs,FALSE,20,elitize_generation_data,212,10,0.034,NA
214,27,replace-space-with-newline,ifs,FALSE,20,elitize_generation_data,213,12,0.044,NA
215,27,replace-space-with-newline,ifs,FALSE,20,elitize_generation_data,214,10,0.041,NA
216,27,replace-space-with-newline,ifs,FALSE,20,elitize_generation_data,215,10,0.036,NA
217,27,replace-space-with-newline,ifs,FALSE,20,elitize_generation_data,216,9,0.04,NA
218,27,replace-space-with-newline,ifs,FALSE,20,elitize_generation_data,217,12,0.044,NA
219,27,replace-space-with-newline,ifs,FALSE,20,elitize_generation_data,218,11,0.041,NA
220,27,replace-space-with-newline,ifs,FALSE,20,elitize_generation_data,219,9,0.035,NA
221,27,replace-space-with-newline,ifs,FALSE,20,elitize_generation_data,220,10,0.041,NA
222,27,replace-space-with-newline,ifs,FALSE,20,elitize_generation_data,221,9,0.039,NA
223,27,replace-space-with-newline,ifs,FALSE,20,elitize_generation_data,222,8,0.037,NA
224,27,replace-space-with-newline,ifs,FALSE,20,elitize_generation_data,223,9,0.035,NA
225,27,replace-space-with-newline,ifs,FALSE,20,elitize_generation_data,224,12,0.04,NA
226,27,replace-space-with-newline,ifs,FALSE,20,elitize_generation_data,225,10,0.042,NA
227,27,replace-space-with-newline,ifs,FALSE,20,elitize_generation_data,226,10,0.034,NA
228,27,replace-space-with-newline,ifs,FALSE,20,elitize_generation_data,227,9,0.043,NA
229,27,replace-space-with-newline,ifs,FALSE,20,elitize_generation_data,228,11,0.039,NA
230,27,replace-space-with-newline,ifs,FALSE,20,elitize_generation_data,229,8,0.038,NA
231,27,replace-space-with-newline,ifs,FALSE,20,elitize_generation_data,230,11,0.04,NA
232,27,replace-space-with-newline,ifs,FALSE,20,elitize_generation_data,231,9,0.035,NA
233,27,replace-space-with-newline,ifs,FALSE,20,elitize_generation_data,232,13,0.033,NA
234,27,replace-space-with-newline,ifs,FALSE,20,elitize_generation_data,233,10,0.032,NA
235,27,replace-space-with-newline,ifs,FALSE,20,elitize_generation_data,234,11,0.035,NA
236,27,replace-space-with-newline,ifs,FALSE,20,elitize_generation_data,235,8,0.029,NA
237,27,replace-space-with-newline,ifs,FALSE,20,elitize_generation_data,236,11,0.032,NA
238,27,replace-space-with-newline,ifs,FALSE,20,elitize_generation_data,237,10,0.034,NA
239,27,replace-space-with-newline,ifs,FALSE,20,elitize_generation_data,238,10,0.034,NA
240,27,replace-space-with-newline,ifs,FALSE,20,elitize_generation_data,239,9,0.042,NA
241,27,replace-space-with-newline,ifs,FALSE,20,elitize_generation_data,240,9,0.033,NA
242,27,replace-space-with-newline,ifs,FALSE,20,elitize_generation_data,241,11,0.043,NA
243,27,replace-space-with-newline,ifs,FALSE,20,elitize_generation_data,242,10,0.032,NA
244,27,replace-space-with-newline,ifs,FALSE,20,elitize_generation_data,243,12,0.036,NA
245,27,replace-space-with-newline,ifs,FALSE,20,elitize_generation_data,244,11,0.033,NA
246,27,replace-space-with-newline,ifs,FALSE,20,elitize_generation_data,245,9,0.036,NA
247,27,replace-space-with-newline,ifs,FALSE,20,elitize_generation_data,246,9,0.032,NA
248,27,replace-space-with-newline,ifs,FALSE,20,elitize_generation_data,247,10,0.037,NA
249,27,replace-space-with-newline,ifs,FALSE,20,elitize_generation_data,248,10,0.032,NA
250,27,replace-space-with-newline,ifs,FALSE,20,elitize_generation_data,249,10,0.035,NA
251,27,replace-space-with-newline,ifs,FALSE,20,elitize_generation_data,250,9,0.031,NA
252,27,replace-space-with-newline,ifs,FALSE,20,elitize_generation_data,251,11,0.039,NA
253,27,replace-space-with-newline,ifs,FALSE,20,elitize_generation_data,252,7,0.038,NA
254,27,replace-space-with-newline,ifs,FALSE,20,elitize_generation_data,253,9,0.041,NA
255,27,replace-space-with-newline,ifs,FALSE,20,elitize_generation_data,254,10,0.029,NA
256,27,replace-space-with-newline,ifs,FALSE,20,elitize_generation_data,255,10,0.041,NA
257,27,replace-space-with-newline,ifs,FALSE,20,elitize_generation_data,256,8,0.036,NA
258,27,replace-space-with-newline,ifs,FALSE,20,elitize_generation_data,257,10,0.032,NA
259,27,replace-space-with-newline,ifs,FALSE,20,elitize_generation_data,258,8,0.032,NA
260,27,replace-space-with-newline,ifs,FALSE,20,elitize_generation_data,259,8,0.034,NA
261,27,replace-space-with-newline,ifs,FALSE,20,elitize_generation_data,260,10,0.034,NA
262,27,replace-space-with-newline,ifs,FALSE,20,elitize_generation_data,261,12,0.041,NA
263,27,replace-space-with-newline,ifs,FALSE,20,elitize_generation_data,262,8,0.038,NA
264,27,replace-space-with-newline,ifs,FALSE,20,elitize_generation_data,263,8,0.039,NA
265,27,replace-space-with-newline,ifs,FALSE,20,elitize_generation_data,264,8,0.034,NA
266,27,replace-space-with-newline,ifs,FALSE,20,elitize_generation_data,265,9,0.047,NA
267,27,replace-space-with-newline,ifs,FALSE,20,elitize_generation_data,266,9,0.034,NA
268,27,replace-space-with-newline,ifs,FALSE,20,elitize_generation_data,267,9,0.039,NA
269,27,replace-space-with-newline,ifs,FALSE,20,elitize_generation_data,268,9,0.025,NA
270,27,replace-space-with-newline,ifs,FALSE,20,elitize_generation_data,269,8,0.031,NA
271,27,replace-space-with-newline,ifs,FALSE,20,elitize_generation_data,270,10,0.04,NA
272,27,replace-space-with-newline,ifs,FALSE,20,elitize_generation_data,271,9,0.034,NA
273,27,replace-space-with-newline,ifs,FALSE,20,elitize_generation_data,272,7,0.033,NA
274,27,replace-space-with-newline,ifs,FALSE,20,elitize_generation_data,273,9,0.027,NA
275,27,replace-space-with-newline,ifs,FALSE,20,elitize_generation_data,274,12,0.044,NA
276,27,replace-space-with-newline,ifs,FALSE,20,elitize_generation_data,275,8,0.031,NA
277,27,replace-space-with-newline,ifs,FALSE,20,elitize_generation_data,276,9,0.033,NA
278,27,replace-space-with-newline,ifs,FALSE,20,elitize_generation_data,277,9,0.031,NA
279,27,replace-space-with-newline,ifs,FALSE,20,elitize_generation_data,278,8,0.031,NA
280,27,replace-space-with-newline,ifs,FALSE,20,elitize_generation_data,279,9,0.03,NA
281,27,replace-space-with-newline,ifs,FALSE,20,elitize_generation_data,280,9,0.033,NA
282,27,replace-space-with-newline,ifs,FALSE,20,elitize_generation_data,281,8,0.042,NA
283,27,replace-space-with-newline,ifs,FALSE,20,elitize_generation_data,282,9,0.029,NA
284,27,replace-space-with-newline,ifs,FALSE,20,elitize_generation_data,283,11,0.036,NA
285,27,replace-space-with-newline,ifs,FALSE,20,elitize_generation_data,284,8,0.032,NA
286,27,replace-space-with-newline,ifs,FALSE,20,elitize_generation_data,285,9,0.033,NA
287,27,replace-space-with-newline,ifs,FALSE,20,elitize_generation_data,286,9,0.022,NA
288,27,replace-space-with-newline,ifs,FALSE,20,elitize_generation_data,287,12,0.036,NA
289,27,replace-space-with-newline,ifs,FALSE,20,elitize_generation_data,288,9,0.029,NA
290,27,replace-space-with-newline,ifs,FALSE,20,elitize_generation_data,289,9,0.035,NA
291,27,replace-space-with-newline,ifs,FALSE,20,elitize_generation_data,290,10,0.033,NA
292,27,replace-space-with-newline,ifs,FALSE,20,elitize_generation_data,291,8,0.028,NA
293,27,replace-space-with-newline,ifs,FALSE,20,elitize_generation_data,292,8,0.037,NA
294,27,replace-space-with-newline,ifs,FALSE,20,elitize_generation_data,293,9,0.03,NA
295,27,replace-space-with-newline,ifs,FALSE,20,elitize_generation_data,294,8,0.036,NA
296,27,replace-space-with-newline,ifs,FALSE,20,elitize_generation_data,295,8,0.033,NA
297,27,replace-space-with-newline,ifs,FALSE,20,elitize_generation_data,296,9,0.032,NA
298,27,replace-space-with-newline,ifs,FALSE,20,elitize_generation_data,297,8,0.026,NA
299,27,replace-space-with-newline,ifs,FALSE,20,elitize_generation_data,298,9,0.039,NA
300,27,replace-space-with-newline,ifs,FALSE,20,elitize_generation_data,299,8,0.026,NA
301,27,replace-space-with-newline,ifs,FALSE,20,elitize_generation_data,300,10,0.031,NA
