,run.num,problem,treatment,succeeded,height,normalization.function,generation,cluster.count,error.diversity,success.generation
1,62,replace-space-with-newline,ifs,FALSE,20,elitize_generation_data,0,5,0.505,NA
2,62,replace-space-with-newline,ifs,FALSE,20,elitize_generation_data,1,6,0.36,NA
3,62,replace-space-with-newline,ifs,FALSE,20,elitize_generation_data,2,6,0.267,NA
4,62,replace-space-with-newline,ifs,FALSE,20,elitize_generation_data,3,8,0.224,NA
5,62,replace-space-with-newline,ifs,FALSE,20,elitize_generation_data,4,6,0.208,NA
6,62,replace-space-with-newline,ifs,FALSE,20,elitize_generation_data,5,7,0.181,NA
7,62,replace-space-with-newline,ifs,FALSE,20,elitize_generation_data,6,8,0.122,NA
8,62,replace-space-with-newline,ifs,FALSE,20,elitize_generation_data,7,12,0.115,NA
9,62,replace-space-with-newline,ifs,FALSE,20,elitize_generation_data,8,10,0.115,NA
10,62,replace-space-with-newline,ifs,FALSE,20,elitize_generation_data,9,12,0.107,NA
11,62,replace-space-with-newline,ifs,FALSE,20,elitize_generation_data,10,11,0.081,NA
12,62,replace-space-with-newline,ifs,FALSE,20,elitize_generation_data,11,10,0.095,NA
13,62,replace-space-with-newline,ifs,FALSE,20,elitize_generation_data,12,13,0.076,NA
14,62,replace-space-with-newline,ifs,FALSE,20,elitize_generation_data,13,11,0.084,NA
15,62,replace-space-with-newline,ifs,FALSE,20,elitize_generation_data,14,10,0.066,NA
16,62,replace-space-with-newline,ifs,FALSE,20,elitize_generation_data,15,10,0.061,NA
17,62,replace-space-with-newline,ifs,FALSE,20,elitize_generation_data,16,10,0.08,NA
18,62,replace-space-with-newline,ifs,FALSE,20,elitize_generation_data,17,10,0.1,NA
19,62,replace-space-with-newline,ifs,FALSE,20,elitize_generation_data,18,11,0.07,NA
20,62,replace-space-with-newline,ifs,FALSE,20,elitize_generation_data,19,8,0.056,NA
21,62,replace-space-with-newline,ifs,FALSE,20,elitize_generation_data,20,10,0.063,NA
22,62,replace-space-with-newline,ifs,FALSE,20,elitize_generation_data,21,10,0.062,NA
23,62,replace-space-with-newline,ifs,FALSE,20,elitize_generation_data,22,9,0.061,NA
24,62,replace-space-with-newline,ifs,FALSE,20,elitize_generation_data,23,9,0.066,NA
25,62,replace-space-with-newline,ifs,FALSE,20,elitize_generation_data,24,13,0.059,NA
26,62,replace-space-with-newline,ifs,FALSE,20,elitize_generation_data,25,9,0.065,NA
27,62,replace-space-with-newline,ifs,FALSE,20,elitize_generation_data,26,11,0.061,NA
28,62,replace-space-with-newline,ifs,FALSE,20,elitize_generation_data,27,10,0.076,NA
29,62,replace-space-with-newline,ifs,FALSE,20,elitize_generation_data,28,13,0.066,NA
30,62,replace-space-with-newline,ifs,FALSE,20,elitize_generation_data,29,7,0.065,NA
31,62,replace-space-with-newline,ifs,FALSE,20,elitize_generation_data,30,10,0.059,NA
32,62,replace-space-with-newline,ifs,FALSE,20,elitize_generation_data,31,9,0.068,NA
33,62,replace-space-with-newline,ifs,FALSE,20,elitize_generation_data,32,9,0.064,NA
34,62,replace-space-with-newline,ifs,FALSE,20,elitize_generation_data,33,9,0.059,NA
35,62,replace-space-with-newline,ifs,FALSE,20,elitize_generation_data,34,13,0.063,NA
36,62,replace-space-with-newline,ifs,FALSE,20,elitize_generation_data,35,13,0.067,NA
37,62,replace-space-with-newline,ifs,FALSE,20,elitize_generation_data,36,10,0.066,NA
38,62,replace-space-with-newline,ifs,FALSE,20,elitize_generation_data,37,11,0.063,NA
39,62,replace-space-with-newline,ifs,FALSE,20,elitize_generation_data,38,10,0.065,NA
40,62,replace-space-with-newline,ifs,FALSE,20,elitize_generation_data,39,10,0.078,NA
41,62,replace-space-with-newline,ifs,FALSE,20,elitize_generation_data,40,10,0.087,NA
42,62,replace-space-with-newline,ifs,FALSE,20,elitize_generation_data,41,10,0.114,NA
43,62,replace-space-with-newline,ifs,FALSE,20,elitize_generation_data,42,11,0.095,NA
44,62,replace-space-with-newline,ifs,FALSE,20,elitize_generation_data,43,12,0.108,NA
45,62,replace-space-with-newline,ifs,FALSE,20,elitize_generation_data,44,13,0.118,NA
46,62,replace-space-with-newline,ifs,FALSE,20,elitize_generation_data,45,13,0.103,NA
47,62,replace-space-with-newline,ifs,FALSE,20,elitize_generation_data,46,14,0.144,NA
48,62,replace-space-with-newline,ifs,FALSE,20,elitize_generation_data,47,14,0.146,NA
49,62,replace-space-with-newline,ifs,FALSE,20,elitize_generation_data,48,15,0.173,NA
50,62,replace-space-with-newline,ifs,FALSE,20,elitize_generation_data,49,13,0.183,NA
51,62,replace-space-with-newline,ifs,FALSE,20,elitize_generation_data,50,14,0.127,NA
52,62,replace-space-with-newline,ifs,FALSE,20,elitize_generation_data,51,14,0.085,NA
53,62,replace-space-with-newline,ifs,FALSE,20,elitize_generation_data,52,11,0.08,NA
54,62,replace-space-with-newline,ifs,FALSE,20,elitize_generation_data,53,9,0.063,NA
55,62,replace-space-with-newline,ifs,FALSE,20,elitize_generation_data,54,11,0.079,NA
56,62,replace-space-with-newline,ifs,FALSE,20,elitize_generation_data,55,10,0.08,NA
57,62,replace-space-with-newline,ifs,FALSE,20,elitize_generation_data,56,11,0.076,NA
58,62,replace-space-with-newline,ifs,FALSE,20,elitize_generation_data,57,9,0.07,NA
59,62,replace-space-with-newline,ifs,FALSE,20,elitize_generation_data,58,12,0.071,NA
60,62,replace-space-with-newline,ifs,FALSE,20,elitize_generation_data,59,8,0.075,NA
61,62,replace-space-with-newline,ifs,FALSE,20,elitize_generation_data,60,10,0.07,NA
62,62,replace-space-with-newline,ifs,FALSE,20,elitize_generation_data,61,10,0.065,NA
63,62,replace-space-with-newline,ifs,FALSE,20,elitize_generation_data,62,12,0.066,NA
64,62,replace-space-with-newline,ifs,FALSE,20,elitize_generation_data,63,8,0.063,NA
65,62,replace-space-with-newline,ifs,FALSE,20,elitize_generation_data,64,13,0.066,NA
66,62,replace-space-with-newline,ifs,FALSE,20,elitize_generation_data,65,10,0.076,NA
67,62,replace-space-with-newline,ifs,FALSE,20,elitize_generation_data,66,10,0.065,NA
68,62,replace-space-with-newline,ifs,FALSE,20,elitize_generation_data,67,10,0.065,NA
69,62,replace-space-with-newline,ifs,FALSE,20,elitize_generation_data,68,10,0.064,NA
70,62,replace-space-with-newline,ifs,FALSE,20,elitize_generation_data,69,9,0.06,NA
71,62,replace-space-with-newline,ifs,FALSE,20,elitize_generation_data,70,12,0.079,NA
72,62,replace-space-with-newline,ifs,FALSE,20,elitize_generation_data,71,10,0.066,NA
73,62,replace-space-with-newline,ifs,FALSE,20,elitize_generation_data,72,11,0.063,NA
74,62,replace-space-with-newline,ifs,FALSE,20,elitize_generation_data,73,9,0.059,NA
75,62,replace-space-with-newline,ifs,FALSE,20,elitize_generation_data,74,10,0.056,NA
76,62,replace-space-with-newline,ifs,FALSE,20,elitize_generation_data,75,9,0.069,NA
77,62,replace-space-with-newline,ifs,FALSE,20,elitize_generation_data,76,11,0.068,NA
78,62,replace-space-with-newline,ifs,FALSE,20,elitize_generation_data,77,7,0.061,NA
79,62,replace-space-with-newline,ifs,FALSE,20,elitize_generation_data,78,9,0.071,NA
80,62,replace-space-with-newline,ifs,FALSE,20,elitize_generation_data,79,11,0.078,NA
81,62,replace-space-with-newline,ifs,FALSE,20,elitize_generation_data,80,9,0.058,NA
82,62,replace-space-with-newline,ifs,FALSE,20,elitize_generation_data,81,12,0.057,NA
83,62,replace-space-with-newline,ifs,FALSE,20,elitize_generation_data,82,9,0.067,NA
84,62,replace-space-with-newline,ifs,FALSE,20,elitize_generation_data,83,10,0.075,NA
85,62,replace-space-with-newline,ifs,FALSE,20,elitize_generation_data,84,9,0.059,NA
86,62,replace-space-with-newline,ifs,FALSE,20,elitize_generation_data,85,8,0.074,NA
87,62,replace-space-with-newline,ifs,FALSE,20,elitize_generation_data,86,8,0.059,NA
88,62,replace-space-with-newline,ifs,FALSE,20,elitize_generation_data,87,10,0.052,NA
89,62,replace-space-with-newline,ifs,FALSE,20,elitize_generation_data,88,5,0.059,NA
90,62,replace-space-with-newline,ifs,FALSE,20,elitize_generation_data,89,8,0.076,NA
91,62,replace-space-with-newline,ifs,FALSE,20,elitize_generation_data,90,12,0.065,NA
92,62,replace-space-with-newline,ifs,FALSE,20,elitize_generation_data,91,8,0.068,NA
93,62,replace-space-with-newline,ifs,FALSE,20,elitize_generation_data,92,8,0.063,NA
94,62,replace-space-with-newline,ifs,FALSE,20,elitize_generation_data,93,9,0.061,NA
95,62,replace-space-with-newline,ifs,FALSE,20,elitize_generation_data,94,9,0.06,NA
96,62,replace-space-with-newline,ifs,FALSE,20,elitize_generation_data,95,7,0.066,NA
97,62,replace-space-with-newline,ifs,FALSE,20,elitize_generation_data,96,8,0.064,NA
98,62,replace-space-with-newline,ifs,FALSE,20,elitize_generation_data,97,7,0.052,NA
99,62,replace-space-with-newline,ifs,FALSE,20,elitize_generation_data,98,12,0.063,NA
100,62,replace-space-with-newline,ifs,FALSE,20,elitize_generation_data,99,7,0.059,NA
101,62,replace-space-with-newline,ifs,FALSE,20,elitize_generation_data,100,8,0.073,NA
102,62,replace-space-with-newline,ifs,FALSE,20,elitize_generation_data,101,10,0.064,NA
103,62,replace-space-with-newline,ifs,FALSE,20,elitize_generation_data,102,8,0.051,NA
104,62,replace-space-with-newline,ifs,FALSE,20,elitize_generation_data,103,10,0.064,NA
105,62,replace-space-with-newline,ifs,FALSE,20,elitize_generation_data,104,14,0.075,NA
106,62,replace-space-with-newline,ifs,FALSE,20,elitize_generation_data,105,7,0.058,NA
107,62,replace-space-with-newline,ifs,FALSE,20,elitize_generation_data,106,11,0.057,NA
108,62,replace-space-with-newline,ifs,FALSE,20,elitize_generation_data,107,8,0.059,NA
109,62,replace-space-with-newline,ifs,FALSE,20,elitize_generation_data,108,8,0.061,NA
110,62,replace-space-with-newline,ifs,FALSE,20,elitize_generation_data,109,11,0.057,NA
111,62,replace-space-with-newline,ifs,FALSE,20,elitize_generation_data,110,7,0.051,NA
112,62,replace-space-with-newline,ifs,FALSE,20,elitize_generation_data,111,9,0.056,NA
113,62,replace-space-with-newline,ifs,FALSE,20,elitize_generation_data,112,7,0.056,NA
114,62,replace-space-with-newline,ifs,FALSE,20,elitize_generation_data,113,12,0.059,NA
115,62,replace-space-with-newline,ifs,FALSE,20,elitize_generation_data,114,7,0.062,NA
116,62,replace-space-with-newline,ifs,FALSE,20,elitize_generation_data,115,8,0.055,NA
117,62,replace-space-with-newline,ifs,FALSE,20,elitize_generation_data,116,7,0.046,NA
118,62,replace-space-with-newline,ifs,FALSE,20,elitize_generation_data,117,7,0.047,NA
119,62,replace-space-with-newline,ifs,FALSE,20,elitize_generation_data,118,9,0.058,NA
120,62,replace-space-with-newline,ifs,FALSE,20,elitize_generation_data,119,10,0.061,NA
121,62,replace-space-with-newline,ifs,FALSE,20,elitize_generation_data,120,6,0.045,NA
122,62,replace-space-with-newline,ifs,FALSE,20,elitize_generation_data,121,8,0.047,NA
123,62,replace-space-with-newline,ifs,FALSE,20,elitize_generation_data,122,9,0.054,NA
124,62,replace-space-with-newline,ifs,FALSE,20,elitize_generation_data,123,11,0.067,NA
125,62,replace-space-with-newline,ifs,FALSE,20,elitize_generation_data,124,8,0.05,NA
126,62,replace-space-with-newline,ifs,FALSE,20,elitize_generation_data,125,8,0.055,NA
127,62,replace-space-with-newline,ifs,FALSE,20,elitize_generation_data,126,10,0.052,NA
128,62,replace-space-with-newline,ifs,FALSE,20,elitize_generation_data,127,10,0.057,NA
129,62,replace-space-with-newline,ifs,FALSE,20,elitize_generation_data,128,10,0.049,NA
130,62,replace-space-with-newline,ifs,FALSE,20,elitize_generation_data,129,8,0.056,NA
131,62,replace-space-with-newline,ifs,FALSE,20,elitize_generation_data,130,6,0.053,NA
132,62,replace-space-with-newline,ifs,FALSE,20,elitize_generation_data,131,9,0.058,NA
133,62,replace-space-with-newline,ifs,FALSE,20,elitize_generation_data,132,11,0.064,NA
134,62,replace-space-with-newline,ifs,FALSE,20,elitize_generation_data,133,9,0.044,NA
135,62,replace-space-with-newline,ifs,FALSE,20,elitize_generation_data,134,10,0.046,NA
136,62,replace-space-with-newline,ifs,FALSE,20,elitize_generation_data,135,12,0.059,NA
137,62,replace-space-with-newline,ifs,FALSE,20,elitize_generation_data,136,7,0.051,NA
138,62,replace-space-with-newline,ifs,FALSE,20,elitize_generation_data,137,7,0.051,NA
139,62,replace-space-with-newline,ifs,FALSE,20,elitize_generation_data,138,10,0.055,NA
140,62,replace-space-with-newline,ifs,FALSE,20,elitize_generation_data,139,8,0.058,NA
141,62,replace-space-with-newline,ifs,FALSE,20,elitize_generation_data,140,11,0.056,NA
142,62,replace-space-with-newline,ifs,FALSE,20,elitize_generation_data,141,8,0.045,NA
143,62,replace-space-with-newline,ifs,FALSE,20,elitize_generation_data,142,8,0.049,NA
144,62,replace-space-with-newline,ifs,FALSE,20,elitize_generation_data,143,9,0.054,NA
145,62,replace-space-with-newline,ifs,FALSE,20,elitize_generation_data,144,9,0.047,NA
146,62,replace-space-with-newline,ifs,FALSE,20,elitize_generation_data,145,11,0.06,NA
147,62,replace-space-with-newline,ifs,FALSE,20,elitize_generation_data,146,8,0.052,NA
148,62,replace-space-with-newline,ifs,FALSE,20,elitize_generation_data,147,6,0.044,NA
149,62,replace-space-with-newline,ifs,FALSE,20,elitize_generation_data,148,10,0.054,NA
150,62,replace-space-with-newline,ifs,FALSE,20,elitize_generation_data,149,7,0.043,NA
151,62,replace-space-with-newline,ifs,FALSE,20,elitize_generation_data,150,7,0.049,NA
152,62,replace-space-with-newline,ifs,FALSE,20,elitize_generation_data,151,9,0.046,NA
153,62,replace-space-with-newline,ifs,FALSE,20,elitize_generation_data,152,7,0.053,NA
154,62,replace-space-with-newline,ifs,FALSE,20,elitize_generation_data,153,7,0.047,NA
155,62,replace-space-with-newline,ifs,FALSE,20,elitize_generation_data,154,8,0.046,NA
156,62,replace-space-with-newline,ifs,FALSE,20,elitize_generation_data,155,8,0.053,NA
157,62,replace-space-with-newline,ifs,FALSE,20,elitize_generation_data,156,9,0.049,NA
158,62,replace-space-with-newline,ifs,FALSE,20,elitize_generation_data,157,7,0.047,NA
159,62,replace-space-with-newline,ifs,FALSE,20,elitize_generation_data,158,6,0.042,NA
160,62,replace-space-with-newline,ifs,FALSE,20,elitize_generation_data,159,8,0.045,NA
161,62,replace-space-with-newline,ifs,FALSE,20,elitize_generation_data,160,6,0.042,NA
162,62,replace-space-with-newline,ifs,FALSE,20,elitize_generation_data,161,10,0.061,NA
163,62,replace-space-with-newline,ifs,FALSE,20,elitize_generation_data,162,8,0.048,NA
164,62,replace-space-with-newline,ifs,FALSE,20,elitize_generation_data,163,6,0.049,NA
165,62,replace-space-with-newline,ifs,FALSE,20,elitize_generation_data,164,9,0.036,NA
166,62,replace-space-with-newline,ifs,FALSE,20,elitize_generation_data,165,9,0.041,NA
167,62,replace-space-with-newline,ifs,FALSE,20,elitize_generation_data,166,9,0.052,NA
168,62,replace-space-with-newline,ifs,FALSE,20,elitize_generation_data,167,6,0.046,NA
169,62,replace-space-with-newline,ifs,FALSE,20,elitize_generation_data,168,7,0.042,NA
170,62,replace-space-with-newline,ifs,FALSE,20,elitize_generation_data,169,8,0.048,NA
171,62,replace-space-with-newline,ifs,FALSE,20,elitize_generation_data,170,6,0.04,NA
172,62,replace-space-with-newline,ifs,FALSE,20,elitize_generation_data,171,7,0.045,NA
173,62,replace-space-with-newline,ifs,FALSE,20,elitize_generation_data,172,8,0.052,NA
174,62,replace-space-with-newline,ifs,FALSE,20,elitize_generation_data,173,5,0.046,NA
175,62,replace-space-with-newline,ifs,FALSE,20,elitize_generation_data,174,9,0.042,NA
176,62,replace-space-with-newline,ifs,FALSE,20,elitize_generation_data,175,7,0.042,NA
177,62,replace-space-with-newline,ifs,FALSE,20,elitize_generation_data,176,8,0.05,NA
178,62,replace-space-with-newline,ifs,FALSE,20,elitize_generation_data,177,8,0.04,NA
179,62,replace-space-with-newline,ifs,FALSE,20,elitize_generation_data,178,6,0.045,NA
180,62,replace-space-with-newline,ifs,FALSE,20,elitize_generation_data,179,7,0.043,NA
181,62,replace-space-with-newline,ifs,FALSE,20,elitize_generation_data,180,7,0.05,NA
182,62,replace-space-with-newline,ifs,FALSE,20,elitize_generation_data,181,8,0.044,NA
183,62,replace-space-with-newline,ifs,FALSE,20,elitize_generation_data,182,6,0.052,NA
184,62,replace-space-with-newline,ifs,FALSE,20,elitize_generation_data,183,6,0.048,NA
185,62,replace-space-with-newline,ifs,FALSE,20,elitize_generation_data,184,7,0.034,NA
186,62,replace-space-with-newline,ifs,FALSE,20,elitize_generation_data,185,10,0.043,NA
187,62,replace-space-with-newline,ifs,FALSE,20,elitize_generation_data,186,9,0.04,NA
188,62,replace-space-with-newline,ifs,FALSE,20,elitize_generation_data,187,9,0.041,NA
189,62,replace-space-with-newline,ifs,FALSE,20,elitize_generation_data,188,8,0.05,NA
190,62,replace-space-with-newline,ifs,FALSE,20,elitize_generation_data,189,6,0.035,NA
191,62,replace-space-with-newline,ifs,FALSE,20,elitize_generation_data,190,7,0.039,NA
192,62,replace-space-with-newline,ifs,FALSE,20,elitize_generation_data,191,8,0.039,NA
193,62,replace-space-with-newline,ifs,FALSE,20,elitize_generation_data,192,6,0.048,NA
194,62,replace-space-with-newline,ifs,FALSE,20,elitize_generation_data,193,8,0.043,NA
195,62,replace-space-with-newline,ifs,FALSE,20,elitize_generation_data,194,6,0.036,NA
196,62,replace-space-with-newline,ifs,FALSE,20,elitize_generation_data,195,8,0.037,NA
197,62,replace-space-with-newline,ifs,FALSE,20,elitize_generation_data,196,7,0.039,NA
198,62,replace-space-with-newline,ifs,FALSE,20,elitize_generation_data,197,6,0.04,NA
199,62,replace-space-with-newline,ifs,FALSE,20,elitize_generation_data,198,9,0.041,NA
200,62,replace-space-with-newline,ifs,FALSE,20,elitize_generation_data,199,7,0.043,NA
201,62,replace-space-with-newline,ifs,FALSE,20,elitize_generation_data,200,8,0.044,NA
202,62,replace-space-with-newline,ifs,FALSE,20,elitize_generation_data,201,8,0.045,NA
203,62,replace-space-with-newline,ifs,FALSE,20,elitize_generation_data,202,6,0.037,NA
204,62,replace-space-with-newline,ifs,FALSE,20,elitize_generation_data,203,9,0.049,NA
205,62,replace-space-with-newline,ifs,FALSE,20,elitize_generation_data,204,9,0.04,NA
206,62,replace-space-with-newline,ifs,FALSE,20,elitize_generation_data,205,8,0.04,NA
207,62,replace-space-with-newline,ifs,FALSE,20,elitize_generation_data,206,7,0.054,NA
208,62,replace-space-with-newline,ifs,FALSE,20,elitize_generation_data,207,7,0.035,NA
209,62,replace-space-with-newline,ifs,FALSE,20,elitize_generation_data,208,6,0.033,NA
210,62,replace-space-with-newline,ifs,FALSE,20,elitize_generation_data,209,7,0.042,NA
211,62,replace-space-with-newline,ifs,FALSE,20,elitize_generation_data,210,8,0.048,NA
212,62,replace-space-with-newline,ifs,FALSE,20,elitize_generation_data,211,8,0.037,NA
213,62,replace-space-with-newline,ifs,FALSE,20,elitize_generation_data,212,8,0.039,NA
214,62,replace-space-with-newline,ifs,FALSE,20,elitize_generation_data,213,7,0.045,NA
215,62,replace-space-with-newline,ifs,FALSE,20,elitize_generation_data,214,6,0.042,NA
216,62,replace-space-with-newline,ifs,FALSE,20,elitize_generation_data,215,10,0.047,NA
217,62,replace-space-with-newline,ifs,FALSE,20,elitize_generation_data,216,10,0.049,NA
218,62,replace-space-with-newline,ifs,FALSE,20,elitize_generation_data,217,7,0.039,NA
219,62,replace-space-with-newline,ifs,FALSE,20,elitize_generation_data,218,9,0.042,NA
220,62,replace-space-with-newline,ifs,FALSE,20,elitize_generation_data,219,7,0.044,NA
221,62,replace-space-with-newline,ifs,FALSE,20,elitize_generation_data,220,8,0.045,NA
222,62,replace-space-with-newline,ifs,FALSE,20,elitize_generation_data,221,10,0.05,NA
223,62,replace-space-with-newline,ifs,FALSE,20,elitize_generation_data,222,8,0.044,NA
224,62,replace-space-with-newline,ifs,FALSE,20,elitize_generation_data,223,8,0.037,NA
225,62,replace-space-with-newline,ifs,FALSE,20,elitize_generation_data,224,9,0.037,NA
226,62,replace-space-with-newline,ifs,FALSE,20,elitize_generation_data,225,7,0.048,NA
227,62,replace-space-with-newline,ifs,FALSE,20,elitize_generation_data,226,10,0.049,NA
228,62,replace-space-with-newline,ifs,FALSE,20,elitize_generation_data,227,7,0.047,NA
229,62,replace-space-with-newline,ifs,FALSE,20,elitize_generation_data,228,9,0.041,NA
230,62,replace-space-with-newline,ifs,FALSE,20,elitize_generation_data,229,6,0.031,NA
231,62,replace-space-with-newline,ifs,FALSE,20,elitize_generation_data,230,7,0.037,NA
232,62,replace-space-with-newline,ifs,FALSE,20,elitize_generation_data,231,6,0.04,NA
233,62,replace-space-with-newline,ifs,FALSE,20,elitize_generation_data,232,8,0.038,NA
234,62,replace-space-with-newline,ifs,FALSE,20,elitize_generation_data,233,7,0.036,NA
235,62,replace-space-with-newline,ifs,FALSE,20,elitize_generation_data,234,7,0.042,NA
236,62,replace-space-with-newline,ifs,FALSE,20,elitize_generation_data,235,7,0.039,NA
237,62,replace-space-with-newline,ifs,FALSE,20,elitize_generation_data,236,6,0.035,NA
238,62,replace-space-with-newline,ifs,FALSE,20,elitize_generation_data,237,6,0.041,NA
239,62,replace-space-with-newline,ifs,FALSE,20,elitize_generation_data,238,6,0.046,NA
240,62,replace-space-with-newline,ifs,FALSE,20,elitize_generation_data,239,9,0.04,NA
241,62,replace-space-with-newline,ifs,FALSE,20,elitize_generation_data,240,7,0.039,NA
242,62,replace-space-with-newline,ifs,FALSE,20,elitize_generation_data,241,9,0.039,NA
243,62,replace-space-with-newline,ifs,FALSE,20,elitize_generation_data,242,6,0.042,NA
244,62,replace-space-with-newline,ifs,FALSE,20,elitize_generation_data,243,7,0.046,NA
245,62,replace-space-with-newline,ifs,FALSE,20,elitize_generation_data,244,7,0.043,NA
246,62,replace-space-with-newline,ifs,FALSE,20,elitize_generation_data,245,8,0.049,NA
247,62,replace-space-with-newline,ifs,FALSE,20,elitize_generation_data,246,8,0.036,NA
248,62,replace-space-with-newline,ifs,FALSE,20,elitize_generation_data,247,8,0.048,NA
249,62,replace-space-with-newline,ifs,FALSE,20,elitize_generation_data,248,7,0.035,NA
250,62,replace-space-with-newline,ifs,FALSE,20,elitize_generation_data,249,7,0.042,NA
251,62,replace-space-with-newline,ifs,FALSE,20,elitize_generation_data,250,8,0.042,NA
252,62,replace-space-with-newline,ifs,FALSE,20,elitize_generation_data,251,7,0.034,NA
253,62,replace-space-with-newline,ifs,FALSE,20,elitize_generation_data,252,9,0.037,NA
254,62,replace-space-with-newline,ifs,FALSE,20,elitize_generation_data,253,7,0.041,NA
255,62,replace-space-with-newline,ifs,FALSE,20,elitize_generation_data,254,6,0.04,NA
256,62,replace-space-with-newline,ifs,FALSE,20,elitize_generation_data,255,8,0.04,NA
257,62,replace-space-with-newline,ifs,FALSE,20,elitize_generation_data,256,6,0.043,NA
258,62,replace-space-with-newline,ifs,FALSE,20,elitize_generation_data,257,6,0.042,NA
259,62,replace-space-with-newline,ifs,FALSE,20,elitize_generation_data,258,8,0.042,NA
260,62,replace-space-with-newline,ifs,FALSE,20,elitize_generation_data,259,8,0.045,NA
261,62,replace-space-with-newline,ifs,FALSE,20,elitize_generation_data,260,7,0.04,NA
262,62,replace-space-with-newline,ifs,FALSE,20,elitize_generation_data,261,8,0.04,NA
263,62,replace-space-with-newline,ifs,FALSE,20,elitize_generation_data,262,7,0.036,NA
264,62,replace-space-with-newline,ifs,FALSE,20,elitize_generation_data,263,6,0.043,NA
265,62,replace-space-with-newline,ifs,FALSE,20,elitize_generation_data,264,6,0.035,NA
266,62,replace-space-with-newline,ifs,FALSE,20,elitize_generation_data,265,8,0.042,NA
267,62,replace-space-with-newline,ifs,FALSE,20,elitize_generation_data,266,7,0.037,NA
268,62,replace-space-with-newline,ifs,FALSE,20,elitize_generation_data,267,6,0.041,NA
269,62,replace-space-with-newline,ifs,FALSE,20,elitize_generation_data,268,7,0.043,NA
270,62,replace-space-with-newline,ifs,FALSE,20,elitize_generation_data,269,6,0.034,NA
271,62,replace-space-with-newline,ifs,FALSE,20,elitize_generation_data,270,7,0.045,NA
272,62,replace-space-with-newline,ifs,FALSE,20,elitize_generation_data,271,7,0.043,NA
273,62,replace-space-with-newline,ifs,FALSE,20,elitize_generation_data,272,7,0.041,NA
274,62,replace-space-with-newline,ifs,FALSE,20,elitize_generation_data,273,7,0.043,NA
275,62,replace-space-with-newline,ifs,FALSE,20,elitize_generation_data,274,6,0.033,NA
276,62,replace-space-with-newline,ifs,FALSE,20,elitize_generation_data,275,6,0.035,NA
277,62,replace-space-with-newline,ifs,FALSE,20,elitize_generation_data,276,8,0.039,NA
278,62,replace-space-with-newline,ifs,FALSE,20,elitize_generation_data,277,6,0.041,NA
279,62,replace-space-with-newline,ifs,FALSE,20,elitize_generation_data,278,6,0.038,NA
280,62,replace-space-with-newline,ifs,FALSE,20,elitize_generation_data,279,6,0.031,NA
281,62,replace-space-with-newline,ifs,FALSE,20,elitize_generation_data,280,7,0.039,NA
282,62,replace-space-with-newline,ifs,FALSE,20,elitize_generation_data,281,7,0.037,NA
283,62,replace-space-with-newline,ifs,FALSE,20,elitize_generation_data,282,10,0.037,NA
284,62,replace-space-with-newline,ifs,FALSE,20,elitize_generation_data,283,5,0.033,NA
285,62,replace-space-with-newline,ifs,FALSE,20,elitize_generation_data,284,6,0.03,NA
286,62,replace-space-with-newline,ifs,FALSE,20,elitize_generation_data,285,6,0.04,NA
287,62,replace-space-with-newline,ifs,FALSE,20,elitize_generation_data,286,9,0.032,NA
288,62,replace-space-with-newline,ifs,FALSE,20,elitize_generation_data,287,7,0.029,NA
289,62,replace-space-with-newline,ifs,FALSE,20,elitize_generation_data,288,8,0.037,NA
290,62,replace-space-with-newline,ifs,FALSE,20,elitize_generation_data,289,8,0.038,NA
291,62,replace-space-with-newline,ifs,FALSE,20,elitize_generation_data,290,7,0.037,NA
292,62,replace-space-with-newline,ifs,FALSE,20,elitize_generation_data,291,7,0.027,NA
293,62,replace-space-with-newline,ifs,FALSE,20,elitize_generation_data,292,6,0.037,NA
294,62,replace-space-with-newline,ifs,FALSE,20,elitize_generation_data,293,7,0.032,NA
295,62,replace-space-with-newline,ifs,FALSE,20,elitize_generation_data,294,7,0.033,NA
296,62,replace-space-with-newline,ifs,FALSE,20,elitize_generation_data,295,10,0.036,NA
297,62,replace-space-with-newline,ifs,FALSE,20,elitize_generation_data,296,6,0.05,NA
298,62,replace-space-with-newline,ifs,FALSE,20,elitize_generation_data,297,6,0.046,NA
299,62,replace-space-with-newline,ifs,FALSE,20,elitize_generation_data,298,6,0.033,NA
300,62,replace-space-with-newline,ifs,FALSE,20,elitize_generation_data,299,5,0.035,NA
301,62,replace-space-with-newline,ifs,FALSE,20,elitize_generation_data,300,6,0.039,NA
