,run.num,problem,treatment,succeeded,height,normalization.function,generation,cluster.count,error.diversity,success.generation
1,50,replace-space-with-newline,ifs,FALSE,20,elitize_generation_data,0,4,0.481,NA
2,50,replace-space-with-newline,ifs,FALSE,20,elitize_generation_data,1,3,0.342,NA
3,50,replace-space-with-newline,ifs,FALSE,20,elitize_generation_data,2,6,0.207,NA
4,50,replace-space-with-newline,ifs,FALSE,20,elitize_generation_data,3,8,0.175,NA
5,50,replace-space-with-newline,ifs,FALSE,20,elitize_generation_data,4,12,0.091,NA
6,50,replace-space-with-newline,ifs,FALSE,20,elitize_generation_data,5,8,0.106,NA
7,50,replace-space-with-newline,ifs,FALSE,20,elitize_generation_data,6,13,0.149,NA
8,50,replace-space-with-newline,ifs,FALSE,20,elitize_generation_data,7,17,0.249,NA
9,50,replace-space-with-newline,ifs,FALSE,20,elitize_generation_data,8,16,0.338,NA
10,50,replace-space-with-newline,ifs,FALSE,20,elitize_generation_data,9,22,0.325,NA
11,50,replace-space-with-newline,ifs,FALSE,20,elitize_generation_data,10,25,0.333,NA
12,50,replace-space-with-newline,ifs,FALSE,20,elitize_generation_data,11,26,0.345,NA
13,50,replace-space-with-newline,ifs,FALSE,20,elitize_generation_data,12,28,0.328,NA
14,50,replace-space-with-newline,ifs,FALSE,20,elitize_generation_data,13,26,0.352,NA
15,50,replace-space-with-newline,ifs,FALSE,20,elitize_generation_data,14,24,0.353,NA
16,50,replace-space-with-newline,ifs,FALSE,20,elitize_generation_data,15,25,0.354,NA
17,50,replace-space-with-newline,ifs,FALSE,20,elitize_generation_data,16,22,0.299,NA
18,50,replace-space-with-newline,ifs,FALSE,20,elitize_generation_data,17,27,0.317,NA
19,50,replace-space-with-newline,ifs,FALSE,20,elitize_generation_data,18,25,0.343,NA
20,50,replace-space-with-newline,ifs,FALSE,20,elitize_generation_data,19,31,0.358,NA
21,50,replace-space-with-newline,ifs,FALSE,20,elitize_generation_data,20,25,0.378,NA
22,50,replace-space-with-newline,ifs,FALSE,20,elitize_generation_data,21,24,0.367,NA
23,50,replace-space-with-newline,ifs,FALSE,20,elitize_generation_data,22,22,0.379,NA
24,50,replace-space-with-newline,ifs,FALSE,20,elitize_generation_data,23,19,0.339,NA
25,50,replace-space-with-newline,ifs,FALSE,20,elitize_generation_data,24,18,0.307,NA
26,50,replace-space-with-newline,ifs,FALSE,20,elitize_generation_data,25,14,0.343,NA
27,50,replace-space-with-newline,ifs,FALSE,20,elitize_generation_data,26,15,0.356,NA
28,50,replace-space-with-newline,ifs,FALSE,20,elitize_generation_data,27,14,0.396,NA
29,50,replace-space-with-newline,ifs,FALSE,20,elitize_generation_data,28,13,0.406,NA
30,50,replace-space-with-newline,ifs,FALSE,20,elitize_generation_data,29,20,0.414,NA
31,50,replace-space-with-newline,ifs,FALSE,20,elitize_generation_data,30,15,0.38,NA
32,50,replace-space-with-newline,ifs,FALSE,20,elitize_generation_data,31,17,0.399,NA
33,50,replace-space-with-newline,ifs,FALSE,20,elitize_generation_data,32,18,0.433,NA
34,50,replace-space-with-newline,ifs,FALSE,20,elitize_generation_data,33,18,0.444,NA
35,50,replace-space-with-newline,ifs,FALSE,20,elitize_generation_data,34,20,0.476,NA
36,50,replace-space-with-newline,ifs,FALSE,20,elitize_generation_data,35,19,0.475,NA
37,50,replace-space-with-newline,ifs,FALSE,20,elitize_generation_data,36,15,0.464,NA
38,50,replace-space-with-newline,ifs,FALSE,20,elitize_generation_data,37,22,0.486,NA
39,50,replace-space-with-newline,ifs,FALSE,20,elitize_generation_data,38,26,0.536,NA
40,50,replace-space-with-newline,ifs,FALSE,20,elitize_generation_data,39,24,0.564,NA
41,50,replace-space-with-newline,ifs,FALSE,20,elitize_generation_data,40,33,0.617,NA
42,50,replace-space-with-newline,ifs,FALSE,20,elitize_generation_data,41,32,0.659,NA
43,50,replace-space-with-newline,ifs,FALSE,20,elitize_generation_data,42,40,0.698,NA
44,50,replace-space-with-newline,ifs,FALSE,20,elitize_generation_data,43,43,0.715,NA
45,50,replace-space-with-newline,ifs,FALSE,20,elitize_generation_data,44,55,0.736,NA
46,50,replace-space-with-newline,ifs,FALSE,20,elitize_generation_data,45,56,0.748,NA
47,50,replace-space-with-newline,ifs,FALSE,20,elitize_generation_data,46,52,0.719,NA
48,50,replace-space-with-newline,ifs,FALSE,20,elitize_generation_data,47,43,0.731,NA
49,50,replace-space-with-newline,ifs,FALSE,20,elitize_generation_data,48,45,0.799,NA
50,50,replace-space-with-newline,ifs,FALSE,20,elitize_generation_data,49,36,0.776,NA
51,50,replace-space-with-newline,ifs,FALSE,20,elitize_generation_data,50,35,0.776,NA
52,50,replace-space-with-newline,ifs,FALSE,20,elitize_generation_data,51,41,0.756,NA
53,50,replace-space-with-newline,ifs,FALSE,20,elitize_generation_data,52,34,0.754,NA
54,50,replace-space-with-newline,ifs,FALSE,20,elitize_generation_data,53,31,0.725,NA
55,50,replace-space-with-newline,ifs,FALSE,20,elitize_generation_data,54,36,0.631,NA
56,50,replace-space-with-newline,ifs,FALSE,20,elitize_generation_data,55,38,0.596,NA
57,50,replace-space-with-newline,ifs,FALSE,20,elitize_generation_data,56,24,0.528,NA
58,50,replace-space-with-newline,ifs,FALSE,20,elitize_generation_data,57,32,0.515,NA
59,50,replace-space-with-newline,ifs,FALSE,20,elitize_generation_data,58,33,0.509,NA
60,50,replace-space-with-newline,ifs,FALSE,20,elitize_generation_data,59,30,0.501,NA
61,50,replace-space-with-newline,ifs,FALSE,20,elitize_generation_data,60,27,0.483,NA
62,50,replace-space-with-newline,ifs,FALSE,20,elitize_generation_data,61,29,0.469,NA
63,50,replace-space-with-newline,ifs,FALSE,20,elitize_generation_data,62,29,0.499,NA
64,50,replace-space-with-newline,ifs,FALSE,20,elitize_generation_data,63,28,0.513,NA
65,50,replace-space-with-newline,ifs,FALSE,20,elitize_generation_data,64,35,0.491,NA
66,50,replace-space-with-newline,ifs,FALSE,20,elitize_generation_data,65,38,0.513,NA
67,50,replace-space-with-newline,ifs,FALSE,20,elitize_generation_data,66,31,0.46,NA
68,50,replace-space-with-newline,ifs,FALSE,20,elitize_generation_data,67,40,0.424,NA
69,50,replace-space-with-newline,ifs,FALSE,20,elitize_generation_data,68,24,0.394,NA
70,50,replace-space-with-newline,ifs,FALSE,20,elitize_generation_data,69,27,0.379,NA
71,50,replace-space-with-newline,ifs,FALSE,20,elitize_generation_data,70,24,0.393,NA
72,50,replace-space-with-newline,ifs,FALSE,20,elitize_generation_data,71,38,0.413,NA
73,50,replace-space-with-newline,ifs,FALSE,20,elitize_generation_data,72,39,0.417,NA
74,50,replace-space-with-newline,ifs,FALSE,20,elitize_generation_data,73,32,0.397,NA
75,50,replace-space-with-newline,ifs,FALSE,20,elitize_generation_data,74,33,0.403,NA
76,50,replace-space-with-newline,ifs,FALSE,20,elitize_generation_data,75,37,0.41,NA
77,50,replace-space-with-newline,ifs,FALSE,20,elitize_generation_data,76,35,0.398,NA
78,50,replace-space-with-newline,ifs,FALSE,20,elitize_generation_data,77,30,0.384,NA
79,50,replace-space-with-newline,ifs,FALSE,20,elitize_generation_data,78,31,0.391,NA
80,50,replace-space-with-newline,ifs,FALSE,20,elitize_generation_data,79,31,0.417,NA
81,50,replace-space-with-newline,ifs,FALSE,20,elitize_generation_data,80,33,0.388,NA
82,50,replace-space-with-newline,ifs,FALSE,20,elitize_generation_data,81,42,0.404,NA
83,50,replace-space-with-newline,ifs,FALSE,20,elitize_generation_data,82,41,0.411,NA
84,50,replace-space-with-newline,ifs,FALSE,20,elitize_generation_data,83,33,0.423,NA
85,50,replace-space-with-newline,ifs,FALSE,20,elitize_generation_data,84,48,0.398,NA
86,50,replace-space-with-newline,ifs,FALSE,20,elitize_generation_data,85,42,0.397,NA
87,50,replace-space-with-newline,ifs,FALSE,20,elitize_generation_data,86,33,0.4,NA
88,50,replace-space-with-newline,ifs,FALSE,20,elitize_generation_data,87,30,0.389,NA
89,50,replace-space-with-newline,ifs,FALSE,20,elitize_generation_data,88,42,0.353,NA
90,50,replace-space-with-newline,ifs,FALSE,20,elitize_generation_data,89,25,0.377,NA
91,50,replace-space-with-newline,ifs,FALSE,20,elitize_generation_data,90,35,0.351,NA
92,50,replace-space-with-newline,ifs,FALSE,20,elitize_generation_data,91,27,0.306,NA
93,50,replace-space-with-newline,ifs,FALSE,20,elitize_generation_data,92,33,0.309,NA
94,50,replace-space-with-newline,ifs,FALSE,20,elitize_generation_data,93,27,0.326,NA
95,50,replace-space-with-newline,ifs,FALSE,20,elitize_generation_data,94,25,0.276,NA
96,50,replace-space-with-newline,ifs,FALSE,20,elitize_generation_data,95,20,0.276,NA
97,50,replace-space-with-newline,ifs,FALSE,20,elitize_generation_data,96,20,0.292,NA
98,50,replace-space-with-newline,ifs,FALSE,20,elitize_generation_data,97,21,0.288,NA
99,50,replace-space-with-newline,ifs,FALSE,20,elitize_generation_data,98,25,0.297,NA
100,50,replace-space-with-newline,ifs,FALSE,20,elitize_generation_data,99,20,0.284,NA
101,50,replace-space-with-newline,ifs,FALSE,20,elitize_generation_data,100,26,0.278,NA
102,50,replace-space-with-newline,ifs,FALSE,20,elitize_generation_data,101,21,0.294,NA
103,50,replace-space-with-newline,ifs,FALSE,20,elitize_generation_data,102,19,0.289,NA
104,50,replace-space-with-newline,ifs,FALSE,20,elitize_generation_data,103,19,0.273,NA
105,50,replace-space-with-newline,ifs,FALSE,20,elitize_generation_data,104,16,0.264,NA
106,50,replace-space-with-newline,ifs,FALSE,20,elitize_generation_data,105,24,0.296,NA
107,50,replace-space-with-newline,ifs,FALSE,20,elitize_generation_data,106,27,0.279,NA
108,50,replace-space-with-newline,ifs,FALSE,20,elitize_generation_data,107,20,0.274,NA
109,50,replace-space-with-newline,ifs,FALSE,20,elitize_generation_data,108,17,0.283,NA
110,50,replace-space-with-newline,ifs,FALSE,20,elitize_generation_data,109,21,0.294,NA
111,50,replace-space-with-newline,ifs,FALSE,20,elitize_generation_data,110,19,0.284,NA
112,50,replace-space-with-newline,ifs,FALSE,20,elitize_generation_data,111,20,0.281,NA
113,50,replace-space-with-newline,ifs,FALSE,20,elitize_generation_data,112,17,0.278,NA
114,50,replace-space-with-newline,ifs,FALSE,20,elitize_generation_data,113,14,0.291,NA
115,50,replace-space-with-newline,ifs,FALSE,20,elitize_generation_data,114,16,0.252,NA
116,50,replace-space-with-newline,ifs,FALSE,20,elitize_generation_data,115,17,0.27,NA
117,50,replace-space-with-newline,ifs,FALSE,20,elitize_generation_data,116,11,0.267,NA
118,50,replace-space-with-newline,ifs,FALSE,20,elitize_generation_data,117,18,0.256,NA
119,50,replace-space-with-newline,ifs,FALSE,20,elitize_generation_data,118,16,0.247,NA
120,50,replace-space-with-newline,ifs,FALSE,20,elitize_generation_data,119,19,0.272,NA
121,50,replace-space-with-newline,ifs,FALSE,20,elitize_generation_data,120,20,0.232,NA
122,50,replace-space-with-newline,ifs,FALSE,20,elitize_generation_data,121,16,0.238,NA
123,50,replace-space-with-newline,ifs,FALSE,20,elitize_generation_data,122,13,0.227,NA
124,50,replace-space-with-newline,ifs,FALSE,20,elitize_generation_data,123,16,0.252,NA
125,50,replace-space-with-newline,ifs,FALSE,20,elitize_generation_data,124,21,0.247,NA
126,50,replace-space-with-newline,ifs,FALSE,20,elitize_generation_data,125,13,0.248,NA
127,50,replace-space-with-newline,ifs,FALSE,20,elitize_generation_data,126,23,0.252,NA
128,50,replace-space-with-newline,ifs,FALSE,20,elitize_generation_data,127,17,0.261,NA
129,50,replace-space-with-newline,ifs,FALSE,20,elitize_generation_data,128,19,0.251,NA
130,50,replace-space-with-newline,ifs,FALSE,20,elitize_generation_data,129,19,0.252,NA
131,50,replace-space-with-newline,ifs,FALSE,20,elitize_generation_data,130,15,0.229,NA
132,50,replace-space-with-newline,ifs,FALSE,20,elitize_generation_data,131,21,0.241,NA
133,50,replace-space-with-newline,ifs,FALSE,20,elitize_generation_data,132,19,0.24,NA
134,50,replace-space-with-newline,ifs,FALSE,20,elitize_generation_data,133,14,0.248,NA
135,50,replace-space-with-newline,ifs,FALSE,20,elitize_generation_data,134,16,0.225,NA
136,50,replace-space-with-newline,ifs,FALSE,20,elitize_generation_data,135,19,0.24,NA
137,50,replace-space-with-newline,ifs,FALSE,20,elitize_generation_data,136,19,0.23,NA
138,50,replace-space-with-newline,ifs,FALSE,20,elitize_generation_data,137,16,0.241,NA
139,50,replace-space-with-newline,ifs,FALSE,20,elitize_generation_data,138,14,0.237,NA
140,50,replace-space-with-newline,ifs,FALSE,20,elitize_generation_data,139,18,0.242,NA
141,50,replace-space-with-newline,ifs,FALSE,20,elitize_generation_data,140,19,0.228,NA
142,50,replace-space-with-newline,ifs,FALSE,20,elitize_generation_data,141,21,0.241,NA
143,50,replace-space-with-newline,ifs,FALSE,20,elitize_generation_data,142,15,0.229,NA
144,50,replace-space-with-newline,ifs,FALSE,20,elitize_generation_data,143,20,0.233,NA
145,50,replace-space-with-newline,ifs,FALSE,20,elitize_generation_data,144,20,0.244,NA
146,50,replace-space-with-newline,ifs,FALSE,20,elitize_generation_data,145,21,0.253,NA
147,50,replace-space-with-newline,ifs,FALSE,20,elitize_generation_data,146,19,0.229,NA
148,50,replace-space-with-newline,ifs,FALSE,20,elitize_generation_data,147,18,0.235,NA
149,50,replace-space-with-newline,ifs,FALSE,20,elitize_generation_data,148,18,0.238,NA
150,50,replace-space-with-newline,ifs,FALSE,20,elitize_generation_data,149,28,0.259,NA
151,50,replace-space-with-newline,ifs,FALSE,20,elitize_generation_data,150,24,0.225,NA
152,50,replace-space-with-newline,ifs,FALSE,20,elitize_generation_data,151,18,0.279,NA
153,50,replace-space-with-newline,ifs,FALSE,20,elitize_generation_data,152,14,0.242,NA
154,50,replace-space-with-newline,ifs,FALSE,20,elitize_generation_data,153,19,0.234,NA
155,50,replace-space-with-newline,ifs,FALSE,20,elitize_generation_data,154,26,0.262,NA
156,50,replace-space-with-newline,ifs,FALSE,20,elitize_generation_data,155,20,0.242,NA
157,50,replace-space-with-newline,ifs,FALSE,20,elitize_generation_data,156,22,0.264,NA
158,50,replace-space-with-newline,ifs,FALSE,20,elitize_generation_data,157,21,0.221,NA
159,50,replace-space-with-newline,ifs,FALSE,20,elitize_generation_data,158,16,0.244,NA
160,50,replace-space-with-newline,ifs,FALSE,20,elitize_generation_data,159,22,0.234,NA
161,50,replace-space-with-newline,ifs,FALSE,20,elitize_generation_data,160,28,0.247,NA
162,50,replace-space-with-newline,ifs,FALSE,20,elitize_generation_data,161,16,0.223,NA
163,50,replace-space-with-newline,ifs,FALSE,20,elitize_generation_data,162,24,0.245,NA
164,50,replace-space-with-newline,ifs,FALSE,20,elitize_generation_data,163,21,0.235,NA
165,50,replace-space-with-newline,ifs,FALSE,20,elitize_generation_data,164,23,0.267,NA
166,50,replace-space-with-newline,ifs,FALSE,20,elitize_generation_data,165,18,0.241,NA
167,50,replace-space-with-newline,ifs,FALSE,20,elitize_generation_data,166,16,0.222,NA
168,50,replace-space-with-newline,ifs,FALSE,20,elitize_generation_data,167,22,0.235,NA
169,50,replace-space-with-newline,ifs,FALSE,20,elitize_generation_data,168,17,0.236,NA
170,50,replace-space-with-newline,ifs,FALSE,20,elitize_generation_data,169,20,0.239,NA
171,50,replace-space-with-newline,ifs,FALSE,20,elitize_generation_data,170,25,0.239,NA
172,50,replace-space-with-newline,ifs,FALSE,20,elitize_generation_data,171,18,0.25,NA
173,50,replace-space-with-newline,ifs,FALSE,20,elitize_generation_data,172,24,0.219,NA
174,50,replace-space-with-newline,ifs,FALSE,20,elitize_generation_data,173,20,0.228,NA
175,50,replace-space-with-newline,ifs,FALSE,20,elitize_generation_data,174,26,0.238,NA
176,50,replace-space-with-newline,ifs,FALSE,20,elitize_generation_data,175,17,0.233,NA
177,50,replace-space-with-newline,ifs,FALSE,20,elitize_generation_data,176,21,0.237,NA
178,50,replace-space-with-newline,ifs,FALSE,20,elitize_generation_data,177,18,0.226,NA
179,50,replace-space-with-newline,ifs,FALSE,20,elitize_generation_data,178,19,0.209,NA
180,50,replace-space-with-newline,ifs,FALSE,20,elitize_generation_data,179,17,0.222,NA
181,50,replace-space-with-newline,ifs,FALSE,20,elitize_generation_data,180,18,0.223,NA
182,50,replace-space-with-newline,ifs,FALSE,20,elitize_generation_data,181,22,0.247,NA
183,50,replace-space-with-newline,ifs,FALSE,20,elitize_generation_data,182,23,0.245,NA
184,50,replace-space-with-newline,ifs,FALSE,20,elitize_generation_data,183,24,0.22,NA
185,50,replace-space-with-newline,ifs,FALSE,20,elitize_generation_data,184,30,0.236,NA
186,50,replace-space-with-newline,ifs,FALSE,20,elitize_generation_data,185,16,0.22,NA
187,50,replace-space-with-newline,ifs,FALSE,20,elitize_generation_data,186,16,0.224,NA
188,50,replace-space-with-newline,ifs,FALSE,20,elitize_generation_data,187,15,0.209,NA
189,50,replace-space-with-newline,ifs,FALSE,20,elitize_generation_data,188,23,0.228,NA
190,50,replace-space-with-newline,ifs,FALSE,20,elitize_generation_data,189,22,0.221,NA
191,50,replace-space-with-newline,ifs,FALSE,20,elitize_generation_data,190,20,0.236,NA
192,50,replace-space-with-newline,ifs,FALSE,20,elitize_generation_data,191,18,0.253,NA
193,50,replace-space-with-newline,ifs,FALSE,20,elitize_generation_data,192,21,0.217,NA
194,50,replace-space-with-newline,ifs,FALSE,20,elitize_generation_data,193,24,0.219,NA
195,50,replace-space-with-newline,ifs,FALSE,20,elitize_generation_data,194,17,0.201,NA
196,50,replace-space-with-newline,ifs,FALSE,20,elitize_generation_data,195,18,0.228,NA
197,50,replace-space-with-newline,ifs,FALSE,20,elitize_generation_data,196,21,0.194,NA
198,50,replace-space-with-newline,ifs,FALSE,20,elitize_generation_data,197,18,0.19,NA
199,50,replace-space-with-newline,ifs,FALSE,20,elitize_generation_data,198,16,0.189,NA
200,50,replace-space-with-newline,ifs,FALSE,20,elitize_generation_data,199,19,0.183,NA
201,50,replace-space-with-newline,ifs,FALSE,20,elitize_generation_data,200,14,0.235,NA
202,50,replace-space-with-newline,ifs,FALSE,20,elitize_generation_data,201,18,0.207,NA
203,50,replace-space-with-newline,ifs,FALSE,20,elitize_generation_data,202,22,0.223,NA
204,50,replace-space-with-newline,ifs,FALSE,20,elitize_generation_data,203,14,0.212,NA
205,50,replace-space-with-newline,ifs,FALSE,20,elitize_generation_data,204,19,0.185,NA
206,50,replace-space-with-newline,ifs,FALSE,20,elitize_generation_data,205,17,0.202,NA
207,50,replace-space-with-newline,ifs,FALSE,20,elitize_generation_data,206,16,0.195,NA
208,50,replace-space-with-newline,ifs,FALSE,20,elitize_generation_data,207,18,0.219,NA
209,50,replace-space-with-newline,ifs,FALSE,20,elitize_generation_data,208,17,0.201,NA
210,50,replace-space-with-newline,ifs,FALSE,20,elitize_generation_data,209,18,0.194,NA
211,50,replace-space-with-newline,ifs,FALSE,20,elitize_generation_data,210,19,0.19,NA
212,50,replace-space-with-newline,ifs,FALSE,20,elitize_generation_data,211,15,0.18,NA
213,50,replace-space-with-newline,ifs,FALSE,20,elitize_generation_data,212,16,0.198,NA
214,50,replace-space-with-newline,ifs,FALSE,20,elitize_generation_data,213,21,0.198,NA
215,50,replace-space-with-newline,ifs,FALSE,20,elitize_generation_data,214,16,0.216,NA
216,50,replace-space-with-newline,ifs,FALSE,20,elitize_generation_data,215,21,0.189,NA
217,50,replace-space-with-newline,ifs,FALSE,20,elitize_generation_data,216,13,0.199,NA
218,50,replace-space-with-newline,ifs,FALSE,20,elitize_generation_data,217,15,0.18,NA
219,50,replace-space-with-newline,ifs,FALSE,20,elitize_generation_data,218,19,0.175,NA
220,50,replace-space-with-newline,ifs,FALSE,20,elitize_generation_data,219,19,0.201,NA
221,50,replace-space-with-newline,ifs,FALSE,20,elitize_generation_data,220,17,0.199,NA
222,50,replace-space-with-newline,ifs,FALSE,20,elitize_generation_data,221,21,0.185,NA
223,50,replace-space-with-newline,ifs,FALSE,20,elitize_generation_data,222,17,0.184,NA
224,50,replace-space-with-newline,ifs,FALSE,20,elitize_generation_data,223,19,0.21,NA
225,50,replace-space-with-newline,ifs,FALSE,20,elitize_generation_data,224,18,0.168,NA
226,50,replace-space-with-newline,ifs,FALSE,20,elitize_generation_data,225,16,0.173,NA
227,50,replace-space-with-newline,ifs,FALSE,20,elitize_generation_data,226,19,0.184,NA
228,50,replace-space-with-newline,ifs,FALSE,20,elitize_generation_data,227,19,0.181,NA
229,50,replace-space-with-newline,ifs,FALSE,20,elitize_generation_data,228,19,0.188,NA
230,50,replace-space-with-newline,ifs,FALSE,20,elitize_generation_data,229,16,0.176,NA
231,50,replace-space-with-newline,ifs,FALSE,20,elitize_generation_data,230,16,0.166,NA
232,50,replace-space-with-newline,ifs,FALSE,20,elitize_generation_data,231,22,0.207,NA
233,50,replace-space-with-newline,ifs,FALSE,20,elitize_generation_data,232,26,0.176,NA
234,50,replace-space-with-newline,ifs,FALSE,20,elitize_generation_data,233,21,0.187,NA
235,50,replace-space-with-newline,ifs,FALSE,20,elitize_generation_data,234,17,0.177,NA
236,50,replace-space-with-newline,ifs,FALSE,20,elitize_generation_data,235,16,0.183,NA
237,50,replace-space-with-newline,ifs,FALSE,20,elitize_generation_data,236,18,0.164,NA
238,50,replace-space-with-newline,ifs,FALSE,20,elitize_generation_data,237,16,0.176,NA
239,50,replace-space-with-newline,ifs,FALSE,20,elitize_generation_data,238,15,0.163,NA
240,50,replace-space-with-newline,ifs,FALSE,20,elitize_generation_data,239,15,0.181,NA
241,50,replace-space-with-newline,ifs,FALSE,20,elitize_generation_data,240,16,0.161,NA
242,50,replace-space-with-newline,ifs,FALSE,20,elitize_generation_data,241,18,0.171,NA
243,50,replace-space-with-newline,ifs,FALSE,20,elitize_generation_data,242,22,0.173,NA
244,50,replace-space-with-newline,ifs,FALSE,20,elitize_generation_data,243,16,0.172,NA
245,50,replace-space-with-newline,ifs,FALSE,20,elitize_generation_data,244,20,0.192,NA
246,50,replace-space-with-newline,ifs,FALSE,20,elitize_generation_data,245,20,0.18,NA
247,50,replace-space-with-newline,ifs,FALSE,20,elitize_generation_data,246,17,0.173,NA
248,50,replace-space-with-newline,ifs,FALSE,20,elitize_generation_data,247,14,0.171,NA
249,50,replace-space-with-newline,ifs,FALSE,20,elitize_generation_data,248,15,0.174,NA
250,50,replace-space-with-newline,ifs,FALSE,20,elitize_generation_data,249,14,0.157,NA
251,50,replace-space-with-newline,ifs,FALSE,20,elitize_generation_data,250,14,0.173,NA
252,50,replace-space-with-newline,ifs,FALSE,20,elitize_generation_data,251,14,0.158,NA
253,50,replace-space-with-newline,ifs,FALSE,20,elitize_generation_data,252,14,0.164,NA
254,50,replace-space-with-newline,ifs,FALSE,20,elitize_generation_data,253,16,0.17,NA
255,50,replace-space-with-newline,ifs,FALSE,20,elitize_generation_data,254,12,0.181,NA
256,50,replace-space-with-newline,ifs,FALSE,20,elitize_generation_data,255,11,0.162,NA
257,50,replace-space-with-newline,ifs,FALSE,20,elitize_generation_data,256,22,0.187,NA
258,50,replace-space-with-newline,ifs,FALSE,20,elitize_generation_data,257,16,0.191,NA
259,50,replace-space-with-newline,ifs,FALSE,20,elitize_generation_data,258,13,0.17,NA
260,50,replace-space-with-newline,ifs,FALSE,20,elitize_generation_data,259,17,0.184,NA
261,50,replace-space-with-newline,ifs,FALSE,20,elitize_generation_data,260,13,0.177,NA
262,50,replace-space-with-newline,ifs,FALSE,20,elitize_generation_data,261,19,0.169,NA
263,50,replace-space-with-newline,ifs,FALSE,20,elitize_generation_data,262,18,0.196,NA
264,50,replace-space-with-newline,ifs,FALSE,20,elitize_generation_data,263,15,0.165,NA
265,50,replace-space-with-newline,ifs,FALSE,20,elitize_generation_data,264,21,0.175,NA
266,50,replace-space-with-newline,ifs,FALSE,20,elitize_generation_data,265,22,0.203,NA
267,50,replace-space-with-newline,ifs,FALSE,20,elitize_generation_data,266,23,0.185,NA
268,50,replace-space-with-newline,ifs,FALSE,20,elitize_generation_data,267,19,0.183,NA
269,50,replace-space-with-newline,ifs,FALSE,20,elitize_generation_data,268,16,0.206,NA
270,50,replace-space-with-newline,ifs,FALSE,20,elitize_generation_data,269,17,0.176,NA
271,50,replace-space-with-newline,ifs,FALSE,20,elitize_generation_data,270,16,0.191,NA
272,50,replace-space-with-newline,ifs,FALSE,20,elitize_generation_data,271,18,0.169,NA
273,50,replace-space-with-newline,ifs,FALSE,20,elitize_generation_data,272,12,0.175,NA
274,50,replace-space-with-newline,ifs,FALSE,20,elitize_generation_data,273,10,0.163,NA
275,50,replace-space-with-newline,ifs,FALSE,20,elitize_generation_data,274,13,0.158,NA
276,50,replace-space-with-newline,ifs,FALSE,20,elitize_generation_data,275,13,0.163,NA
277,50,replace-space-with-newline,ifs,FALSE,20,elitize_generation_data,276,13,0.163,NA
278,50,replace-space-with-newline,ifs,FALSE,20,elitize_generation_data,277,18,0.196,NA
279,50,replace-space-with-newline,ifs,FALSE,20,elitize_generation_data,278,17,0.178,NA
280,50,replace-space-with-newline,ifs,FALSE,20,elitize_generation_data,279,17,0.169,NA
281,50,replace-space-with-newline,ifs,FALSE,20,elitize_generation_data,280,19,0.186,NA
282,50,replace-space-with-newline,ifs,FALSE,20,elitize_generation_data,281,10,0.185,NA
283,50,replace-space-with-newline,ifs,FALSE,20,elitize_generation_data,282,15,0.201,NA
284,50,replace-space-with-newline,ifs,FALSE,20,elitize_generation_data,283,14,0.194,NA
285,50,replace-space-with-newline,ifs,FALSE,20,elitize_generation_data,284,22,0.173,NA
286,50,replace-space-with-newline,ifs,FALSE,20,elitize_generation_data,285,13,0.169,NA
287,50,replace-space-with-newline,ifs,FALSE,20,elitize_generation_data,286,14,0.182,NA
288,50,replace-space-with-newline,ifs,FALSE,20,elitize_generation_data,287,12,0.153,NA
289,50,replace-space-with-newline,ifs,FALSE,20,elitize_generation_data,288,15,0.161,NA
290,50,replace-space-with-newline,ifs,FALSE,20,elitize_generation_data,289,25,0.171,NA
291,50,replace-space-with-newline,ifs,FALSE,20,elitize_generation_data,290,19,0.182,NA
292,50,replace-space-with-newline,ifs,FALSE,20,elitize_generation_data,291,12,0.153,NA
293,50,replace-space-with-newline,ifs,FALSE,20,elitize_generation_data,292,15,0.168,NA
294,50,replace-space-with-newline,ifs,FALSE,20,elitize_generation_data,293,20,0.169,NA
295,50,replace-space-with-newline,ifs,FALSE,20,elitize_generation_data,294,12,0.161,NA
296,50,replace-space-with-newline,ifs,FALSE,20,elitize_generation_data,295,17,0.174,NA
297,50,replace-space-with-newline,ifs,FALSE,20,elitize_generation_data,296,20,0.171,NA
298,50,replace-space-with-newline,ifs,FALSE,20,elitize_generation_data,297,20,0.163,NA
299,50,replace-space-with-newline,ifs,FALSE,20,elitize_generation_data,298,21,0.17,NA
300,50,replace-space-with-newline,ifs,FALSE,20,elitize_generation_data,299,17,0.149,NA
301,50,replace-space-with-newline,ifs,FALSE,20,elitize_generation_data,300,13,0.155,NA
