,run.num,problem,treatment,succeeded,height,normalization.function,generation,cluster.count,error.diversity,success.generation
1,91,replace-space-with-newline,ifs,FALSE,20,elitize_generation_data,0,5,0.473,NA
2,91,replace-space-with-newline,ifs,FALSE,20,elitize_generation_data,1,5,0.323,NA
3,91,replace-space-with-newline,ifs,FALSE,20,elitize_generation_data,2,7,0.246,NA
4,91,replace-space-with-newline,ifs,FALSE,20,elitize_generation_data,3,9,0.149,NA
5,91,replace-space-with-newline,ifs,FALSE,20,elitize_generation_data,4,8,0.091,NA
6,91,replace-space-with-newline,ifs,FALSE,20,elitize_generation_data,5,10,0.104,NA
7,91,replace-space-with-newline,ifs,FALSE,20,elitize_generation_data,6,14,0.106,NA
8,91,replace-space-with-newline,ifs,FALSE,20,elitize_generation_data,7,12,0.069,NA
9,91,replace-space-with-newline,ifs,FALSE,20,elitize_generation_data,8,11,0.067,NA
10,91,replace-space-with-newline,ifs,FALSE,20,elitize_generation_data,9,13,0.059,NA
11,91,replace-space-with-newline,ifs,FALSE,20,elitize_generation_data,10,11,0.071,NA
12,91,replace-space-with-newline,ifs,FALSE,20,elitize_generation_data,11,13,0.069,NA
13,91,replace-space-with-newline,ifs,FALSE,20,elitize_generation_data,12,14,0.071,NA
14,91,replace-space-with-newline,ifs,FALSE,20,elitize_generation_data,13,14,0.072,NA
15,91,replace-space-with-newline,ifs,FALSE,20,elitize_generation_data,14,15,0.085,NA
16,91,replace-space-with-newline,ifs,FALSE,20,elitize_generation_data,15,10,0.084,NA
17,91,replace-space-with-newline,ifs,FALSE,20,elitize_generation_data,16,12,0.095,NA
18,91,replace-space-with-newline,ifs,FALSE,20,elitize_generation_data,17,13,0.107,NA
19,91,replace-space-with-newline,ifs,FALSE,20,elitize_generation_data,18,13,0.1,NA
20,91,replace-space-with-newline,ifs,FALSE,20,elitize_generation_data,19,11,0.094,NA
21,91,replace-space-with-newline,ifs,FALSE,20,elitize_generation_data,20,12,0.097,NA
22,91,replace-space-with-newline,ifs,FALSE,20,elitize_generation_data,21,12,0.08,NA
23,91,replace-space-with-newline,ifs,FALSE,20,elitize_generation_data,22,15,0.081,NA
24,91,replace-space-with-newline,ifs,FALSE,20,elitize_generation_data,23,15,0.101,NA
25,91,replace-space-with-newline,ifs,FALSE,20,elitize_generation_data,24,11,0.104,NA
26,91,replace-space-with-newline,ifs,FALSE,20,elitize_generation_data,25,16,0.082,NA
27,91,replace-space-with-newline,ifs,FALSE,20,elitize_generation_data,26,22,0.08,NA
28,91,replace-space-with-newline,ifs,FALSE,20,elitize_generation_data,27,12,0.076,NA
29,91,replace-space-with-newline,ifs,FALSE,20,elitize_generation_data,28,16,0.082,NA
30,91,replace-space-with-newline,ifs,FALSE,20,elitize_generation_data,29,13,0.084,NA
31,91,replace-space-with-newline,ifs,FALSE,20,elitize_generation_data,30,17,0.095,NA
32,91,replace-space-with-newline,ifs,FALSE,20,elitize_generation_data,31,15,0.088,NA
33,91,replace-space-with-newline,ifs,FALSE,20,elitize_generation_data,32,13,0.086,NA
34,91,replace-space-with-newline,ifs,FALSE,20,elitize_generation_data,33,14,0.088,NA
35,91,replace-space-with-newline,ifs,FALSE,20,elitize_generation_data,34,11,0.064,NA
36,91,replace-space-with-newline,ifs,FALSE,20,elitize_generation_data,35,14,0.082,NA
37,91,replace-space-with-newline,ifs,FALSE,20,elitize_generation_data,36,12,0.075,NA
38,91,replace-space-with-newline,ifs,FALSE,20,elitize_generation_data,37,14,0.086,NA
39,91,replace-space-with-newline,ifs,FALSE,20,elitize_generation_data,38,15,0.063,NA
40,91,replace-space-with-newline,ifs,FALSE,20,elitize_generation_data,39,17,0.067,NA
41,91,replace-space-with-newline,ifs,FALSE,20,elitize_generation_data,40,14,0.072,NA
42,91,replace-space-with-newline,ifs,FALSE,20,elitize_generation_data,41,14,0.07,NA
43,91,replace-space-with-newline,ifs,FALSE,20,elitize_generation_data,42,13,0.061,NA
44,91,replace-space-with-newline,ifs,FALSE,20,elitize_generation_data,43,13,0.065,NA
45,91,replace-space-with-newline,ifs,FALSE,20,elitize_generation_data,44,15,0.068,NA
46,91,replace-space-with-newline,ifs,FALSE,20,elitize_generation_data,45,12,0.065,NA
47,91,replace-space-with-newline,ifs,FALSE,20,elitize_generation_data,46,17,0.073,NA
48,91,replace-space-with-newline,ifs,FALSE,20,elitize_generation_data,47,10,0.061,NA
49,91,replace-space-with-newline,ifs,FALSE,20,elitize_generation_data,48,13,0.06,NA
50,91,replace-space-with-newline,ifs,FALSE,20,elitize_generation_data,49,11,0.061,NA
51,91,replace-space-with-newline,ifs,FALSE,20,elitize_generation_data,50,18,0.053,NA
52,91,replace-space-with-newline,ifs,FALSE,20,elitize_generation_data,51,14,0.052,NA
53,91,replace-space-with-newline,ifs,FALSE,20,elitize_generation_data,52,12,0.057,NA
54,91,replace-space-with-newline,ifs,FALSE,20,elitize_generation_data,53,11,0.053,NA
55,91,replace-space-with-newline,ifs,FALSE,20,elitize_generation_data,54,12,0.048,NA
56,91,replace-space-with-newline,ifs,FALSE,20,elitize_generation_data,55,13,0.055,NA
57,91,replace-space-with-newline,ifs,FALSE,20,elitize_generation_data,56,13,0.051,NA
58,91,replace-space-with-newline,ifs,FALSE,20,elitize_generation_data,57,12,0.058,NA
59,91,replace-space-with-newline,ifs,FALSE,20,elitize_generation_data,58,12,0.057,NA
60,91,replace-space-with-newline,ifs,FALSE,20,elitize_generation_data,59,13,0.048,NA
61,91,replace-space-with-newline,ifs,FALSE,20,elitize_generation_data,60,15,0.054,NA
62,91,replace-space-with-newline,ifs,FALSE,20,elitize_generation_data,61,12,0.051,NA
63,91,replace-space-with-newline,ifs,FALSE,20,elitize_generation_data,62,12,0.046,NA
64,91,replace-space-with-newline,ifs,FALSE,20,elitize_generation_data,63,11,0.053,NA
65,91,replace-space-with-newline,ifs,FALSE,20,elitize_generation_data,64,10,0.047,NA
66,91,replace-space-with-newline,ifs,FALSE,20,elitize_generation_data,65,13,0.047,NA
67,91,replace-space-with-newline,ifs,FALSE,20,elitize_generation_data,66,12,0.048,NA
68,91,replace-space-with-newline,ifs,FALSE,20,elitize_generation_data,67,12,0.054,NA
69,91,replace-space-with-newline,ifs,FALSE,20,elitize_generation_data,68,12,0.048,NA
70,91,replace-space-with-newline,ifs,FALSE,20,elitize_generation_data,69,10,0.046,NA
71,91,replace-space-with-newline,ifs,FALSE,20,elitize_generation_data,70,14,0.057,NA
72,91,replace-space-with-newline,ifs,FALSE,20,elitize_generation_data,71,11,0.044,NA
73,91,replace-space-with-newline,ifs,FALSE,20,elitize_generation_data,72,9,0.048,NA
74,91,replace-space-with-newline,ifs,FALSE,20,elitize_generation_data,73,9,0.047,NA
75,91,replace-space-with-newline,ifs,FALSE,20,elitize_generation_data,74,10,0.05,NA
76,91,replace-space-with-newline,ifs,FALSE,20,elitize_generation_data,75,14,0.056,NA
77,91,replace-space-with-newline,ifs,FALSE,20,elitize_generation_data,76,12,0.044,NA
78,91,replace-space-with-newline,ifs,FALSE,20,elitize_generation_data,77,12,0.045,NA
79,91,replace-space-with-newline,ifs,FALSE,20,elitize_generation_data,78,12,0.054,NA
80,91,replace-space-with-newline,ifs,FALSE,20,elitize_generation_data,79,15,0.05,NA
81,91,replace-space-with-newline,ifs,FALSE,20,elitize_generation_data,80,12,0.048,NA
82,91,replace-space-with-newline,ifs,FALSE,20,elitize_generation_data,81,10,0.041,NA
83,91,replace-space-with-newline,ifs,FALSE,20,elitize_generation_data,82,11,0.04,NA
84,91,replace-space-with-newline,ifs,FALSE,20,elitize_generation_data,83,10,0.044,NA
85,91,replace-space-with-newline,ifs,FALSE,20,elitize_generation_data,84,10,0.043,NA
86,91,replace-space-with-newline,ifs,FALSE,20,elitize_generation_data,85,13,0.042,NA
87,91,replace-space-with-newline,ifs,FALSE,20,elitize_generation_data,86,10,0.037,NA
88,91,replace-space-with-newline,ifs,FALSE,20,elitize_generation_data,87,11,0.043,NA
89,91,replace-space-with-newline,ifs,FALSE,20,elitize_generation_data,88,10,0.041,NA
90,91,replace-space-with-newline,ifs,FALSE,20,elitize_generation_data,89,9,0.035,NA
91,91,replace-space-with-newline,ifs,FALSE,20,elitize_generation_data,90,12,0.041,NA
92,91,replace-space-with-newline,ifs,FALSE,20,elitize_generation_data,91,13,0.052,NA
93,91,replace-space-with-newline,ifs,FALSE,20,elitize_generation_data,92,9,0.038,NA
94,91,replace-space-with-newline,ifs,FALSE,20,elitize_generation_data,93,12,0.042,NA
95,91,replace-space-with-newline,ifs,FALSE,20,elitize_generation_data,94,8,0.034,NA
96,91,replace-space-with-newline,ifs,FALSE,20,elitize_generation_data,95,10,0.047,NA
97,91,replace-space-with-newline,ifs,FALSE,20,elitize_generation_data,96,11,0.043,NA
98,91,replace-space-with-newline,ifs,FALSE,20,elitize_generation_data,97,9,0.044,NA
99,91,replace-space-with-newline,ifs,FALSE,20,elitize_generation_data,98,10,0.033,NA
100,91,replace-space-with-newline,ifs,FALSE,20,elitize_generation_data,99,10,0.051,NA
101,91,replace-space-with-newline,ifs,FALSE,20,elitize_generation_data,100,9,0.035,NA
102,91,replace-space-with-newline,ifs,FALSE,20,elitize_generation_data,101,11,0.042,NA
103,91,replace-space-with-newline,ifs,FALSE,20,elitize_generation_data,102,8,0.038,NA
104,91,replace-space-with-newline,ifs,FALSE,20,elitize_generation_data,103,8,0.037,NA
105,91,replace-space-with-newline,ifs,FALSE,20,elitize_generation_data,104,13,0.038,NA
106,91,replace-space-with-newline,ifs,FALSE,20,elitize_generation_data,105,8,0.033,NA
107,91,replace-space-with-newline,ifs,FALSE,20,elitize_generation_data,106,12,0.038,NA
108,91,replace-space-with-newline,ifs,FALSE,20,elitize_generation_data,107,9,0.041,NA
109,91,replace-space-with-newline,ifs,FALSE,20,elitize_generation_data,108,9,0.037,NA
110,91,replace-space-with-newline,ifs,FALSE,20,elitize_generation_data,109,10,0.037,NA
111,91,replace-space-with-newline,ifs,FALSE,20,elitize_generation_data,110,10,0.04,NA
112,91,replace-space-with-newline,ifs,FALSE,20,elitize_generation_data,111,10,0.041,NA
113,91,replace-space-with-newline,ifs,FALSE,20,elitize_generation_data,112,9,0.039,NA
114,91,replace-space-with-newline,ifs,FALSE,20,elitize_generation_data,113,10,0.044,NA
115,91,replace-space-with-newline,ifs,FALSE,20,elitize_generation_data,114,9,0.029,NA
116,91,replace-space-with-newline,ifs,FALSE,20,elitize_generation_data,115,10,0.038,NA
117,91,replace-space-with-newline,ifs,FALSE,20,elitize_generation_data,116,11,0.044,NA
118,91,replace-space-with-newline,ifs,FALSE,20,elitize_generation_data,117,9,0.036,NA
119,91,replace-space-with-newline,ifs,FALSE,20,elitize_generation_data,118,11,0.042,NA
120,91,replace-space-with-newline,ifs,FALSE,20,elitize_generation_data,119,7,0.029,NA
121,91,replace-space-with-newline,ifs,FALSE,20,elitize_generation_data,120,11,0.039,NA
122,91,replace-space-with-newline,ifs,FALSE,20,elitize_generation_data,121,8,0.03,NA
123,91,replace-space-with-newline,ifs,FALSE,20,elitize_generation_data,122,7,0.032,NA
124,91,replace-space-with-newline,ifs,FALSE,20,elitize_generation_data,123,9,0.037,NA
125,91,replace-space-with-newline,ifs,FALSE,20,elitize_generation_data,124,9,0.031,NA
126,91,replace-space-with-newline,ifs,FALSE,20,elitize_generation_data,125,12,0.036,NA
127,91,replace-space-with-newline,ifs,FALSE,20,elitize_generation_data,126,8,0.031,NA
128,91,replace-space-with-newline,ifs,FALSE,20,elitize_generation_data,127,7,0.035,NA
129,91,replace-space-with-newline,ifs,FALSE,20,elitize_generation_data,128,7,0.032,NA
130,91,replace-space-with-newline,ifs,FALSE,20,elitize_generation_data,129,11,0.035,NA
131,91,replace-space-with-newline,ifs,FALSE,20,elitize_generation_data,130,9,0.039,NA
132,91,replace-space-with-newline,ifs,FALSE,20,elitize_generation_data,131,12,0.036,NA
133,91,replace-space-with-newline,ifs,FALSE,20,elitize_generation_data,132,9,0.032,NA
134,91,replace-space-with-newline,ifs,FALSE,20,elitize_generation_data,133,12,0.044,NA
135,91,replace-space-with-newline,ifs,FALSE,20,elitize_generation_data,134,8,0.039,NA
136,91,replace-space-with-newline,ifs,FALSE,20,elitize_generation_data,135,9,0.028,NA
137,91,replace-space-with-newline,ifs,FALSE,20,elitize_generation_data,136,10,0.032,NA
138,91,replace-space-with-newline,ifs,FALSE,20,elitize_generation_data,137,12,0.039,NA
139,91,replace-space-with-newline,ifs,FALSE,20,elitize_generation_data,138,11,0.032,NA
140,91,replace-space-with-newline,ifs,FALSE,20,elitize_generation_data,139,10,0.035,NA
141,91,replace-space-with-newline,ifs,FALSE,20,elitize_generation_data,140,8,0.032,NA
142,91,replace-space-with-newline,ifs,FALSE,20,elitize_generation_data,141,11,0.029,NA
143,91,replace-space-with-newline,ifs,FALSE,20,elitize_generation_data,142,7,0.032,NA
144,91,replace-space-with-newline,ifs,FALSE,20,elitize_generation_data,143,14,0.044,NA
145,91,replace-space-with-newline,ifs,FALSE,20,elitize_generation_data,144,10,0.038,NA
146,91,replace-space-with-newline,ifs,FALSE,20,elitize_generation_data,145,7,0.033,NA
147,91,replace-space-with-newline,ifs,FALSE,20,elitize_generation_data,146,9,0.035,NA
148,91,replace-space-with-newline,ifs,FALSE,20,elitize_generation_data,147,8,0.026,NA
149,91,replace-space-with-newline,ifs,FALSE,20,elitize_generation_data,148,9,0.03,NA
150,91,replace-space-with-newline,ifs,FALSE,20,elitize_generation_data,149,11,0.039,NA
151,91,replace-space-with-newline,ifs,FALSE,20,elitize_generation_data,150,9,0.028,NA
152,91,replace-space-with-newline,ifs,FALSE,20,elitize_generation_data,151,8,0.033,NA
153,91,replace-space-with-newline,ifs,FALSE,20,elitize_generation_data,152,9,0.035,NA
154,91,replace-space-with-newline,ifs,FALSE,20,elitize_generation_data,153,9,0.033,NA
155,91,replace-space-with-newline,ifs,FALSE,20,elitize_generation_data,154,9,0.029,NA
156,91,replace-space-with-newline,ifs,FALSE,20,elitize_generation_data,155,10,0.034,NA
157,91,replace-space-with-newline,ifs,FALSE,20,elitize_generation_data,156,9,0.028,NA
158,91,replace-space-with-newline,ifs,FALSE,20,elitize_generation_data,157,11,0.032,NA
159,91,replace-space-with-newline,ifs,FALSE,20,elitize_generation_data,158,9,0.038,NA
160,91,replace-space-with-newline,ifs,FALSE,20,elitize_generation_data,159,9,0.029,NA
161,91,replace-space-with-newline,ifs,FALSE,20,elitize_generation_data,160,10,0.029,NA
162,91,replace-space-with-newline,ifs,FALSE,20,elitize_generation_data,161,8,0.031,NA
163,91,replace-space-with-newline,ifs,FALSE,20,elitize_generation_data,162,10,0.034,NA
164,91,replace-space-with-newline,ifs,FALSE,20,elitize_generation_data,163,11,0.034,NA
165,91,replace-space-with-newline,ifs,FALSE,20,elitize_generation_data,164,11,0.035,NA
166,91,replace-space-with-newline,ifs,FALSE,20,elitize_generation_data,165,8,0.025,NA
167,91,replace-space-with-newline,ifs,FALSE,20,elitize_generation_data,166,10,0.037,NA
168,91,replace-space-with-newline,ifs,FALSE,20,elitize_generation_data,167,9,0.037,NA
169,91,replace-space-with-newline,ifs,FALSE,20,elitize_generation_data,168,8,0.023,NA
170,91,replace-space-with-newline,ifs,FALSE,20,elitize_generation_data,169,8,0.028,NA
171,91,replace-space-with-newline,ifs,FALSE,20,elitize_generation_data,170,8,0.022,NA
172,91,replace-space-with-newline,ifs,FALSE,20,elitize_generation_data,171,8,0.032,NA
173,91,replace-space-with-newline,ifs,FALSE,20,elitize_generation_data,172,9,0.031,NA
174,91,replace-space-with-newline,ifs,FALSE,20,elitize_generation_data,173,8,0.03,NA
175,91,replace-space-with-newline,ifs,FALSE,20,elitize_generation_data,174,8,0.026,NA
176,91,replace-space-with-newline,ifs,FALSE,20,elitize_generation_data,175,9,0.032,NA
177,91,replace-space-with-newline,ifs,FALSE,20,elitize_generation_data,176,10,0.04,NA
178,91,replace-space-with-newline,ifs,FALSE,20,elitize_generation_data,177,8,0.028,NA
179,91,replace-space-with-newline,ifs,FALSE,20,elitize_generation_data,178,11,0.028,NA
180,91,replace-space-with-newline,ifs,FALSE,20,elitize_generation_data,179,6,0.024,NA
181,91,replace-space-with-newline,ifs,FALSE,20,elitize_generation_data,180,9,0.032,NA
182,91,replace-space-with-newline,ifs,FALSE,20,elitize_generation_data,181,8,0.025,NA
183,91,replace-space-with-newline,ifs,FALSE,20,elitize_generation_data,182,9,0.033,NA
184,91,replace-space-with-newline,ifs,FALSE,20,elitize_generation_data,183,10,0.039,NA
185,91,replace-space-with-newline,ifs,FALSE,20,elitize_generation_data,184,11,0.022,NA
186,91,replace-space-with-newline,ifs,FALSE,20,elitize_generation_data,185,9,0.024,NA
187,91,replace-space-with-newline,ifs,FALSE,20,elitize_generation_data,186,8,0.021,NA
188,91,replace-space-with-newline,ifs,FALSE,20,elitize_generation_data,187,8,0.023,NA
189,91,replace-space-with-newline,ifs,FALSE,20,elitize_generation_data,188,13,0.03,NA
190,91,replace-space-with-newline,ifs,FALSE,20,elitize_generation_data,189,9,0.024,NA
191,91,replace-space-with-newline,ifs,FALSE,20,elitize_generation_data,190,7,0.022,NA
192,91,replace-space-with-newline,ifs,FALSE,20,elitize_generation_data,191,8,0.022,NA
193,91,replace-space-with-newline,ifs,FALSE,20,elitize_generation_data,192,7,0.023,NA
194,91,replace-space-with-newline,ifs,FALSE,20,elitize_generation_data,193,8,0.026,NA
195,91,replace-space-with-newline,ifs,FALSE,20,elitize_generation_data,194,11,0.03,NA
196,91,replace-space-with-newline,ifs,FALSE,20,elitize_generation_data,195,7,0.025,NA
197,91,replace-space-with-newline,ifs,FALSE,20,elitize_generation_data,196,8,0.021,NA
198,91,replace-space-with-newline,ifs,FALSE,20,elitize_generation_data,197,8,0.019,NA
199,91,replace-space-with-newline,ifs,FALSE,20,elitize_generation_data,198,6,0.025,NA
200,91,replace-space-with-newline,ifs,FALSE,20,elitize_generation_data,199,10,0.023,NA
201,91,replace-space-with-newline,ifs,FALSE,20,elitize_generation_data,200,8,0.03,NA
202,91,replace-space-with-newline,ifs,FALSE,20,elitize_generation_data,201,10,0.025,NA
203,91,replace-space-with-newline,ifs,FALSE,20,elitize_generation_data,202,9,0.026,NA
204,91,replace-space-with-newline,ifs,FALSE,20,elitize_generation_data,203,7,0.02,NA
205,91,replace-space-with-newline,ifs,FALSE,20,elitize_generation_data,204,6,0.024,NA
206,91,replace-space-with-newline,ifs,FALSE,20,elitize_generation_data,205,8,0.027,NA
207,91,replace-space-with-newline,ifs,FALSE,20,elitize_generation_data,206,7,0.021,NA
208,91,replace-space-with-newline,ifs,FALSE,20,elitize_generation_data,207,8,0.028,NA
209,91,replace-space-with-newline,ifs,FALSE,20,elitize_generation_data,208,7,0.024,NA
210,91,replace-space-with-newline,ifs,FALSE,20,elitize_generation_data,209,7,0.027,NA
211,91,replace-space-with-newline,ifs,FALSE,20,elitize_generation_data,210,7,0.019,NA
212,91,replace-space-with-newline,ifs,FALSE,20,elitize_generation_data,211,6,0.016,NA
213,91,replace-space-with-newline,ifs,FALSE,20,elitize_generation_data,212,7,0.023,NA
214,91,replace-space-with-newline,ifs,FALSE,20,elitize_generation_data,213,7,0.02,NA
215,91,replace-space-with-newline,ifs,FALSE,20,elitize_generation_data,214,8,0.021,NA
216,91,replace-space-with-newline,ifs,FALSE,20,elitize_generation_data,215,6,0.023,NA
217,91,replace-space-with-newline,ifs,FALSE,20,elitize_generation_data,216,8,0.019,NA
218,91,replace-space-with-newline,ifs,FALSE,20,elitize_generation_data,217,8,0.021,NA
219,91,replace-space-with-newline,ifs,FALSE,20,elitize_generation_data,218,8,0.024,NA
220,91,replace-space-with-newline,ifs,FALSE,20,elitize_generation_data,219,7,0.023,NA
221,91,replace-space-with-newline,ifs,FALSE,20,elitize_generation_data,220,7,0.025,NA
222,91,replace-space-with-newline,ifs,FALSE,20,elitize_generation_data,221,6,0.021,NA
223,91,replace-space-with-newline,ifs,FALSE,20,elitize_generation_data,222,9,0.019,NA
224,91,replace-space-with-newline,ifs,FALSE,20,elitize_generation_data,223,9,0.026,NA
225,91,replace-space-with-newline,ifs,FALSE,20,elitize_generation_data,224,8,0.02,NA
226,91,replace-space-with-newline,ifs,FALSE,20,elitize_generation_data,225,6,0.017,NA
227,91,replace-space-with-newline,ifs,FALSE,20,elitize_generation_data,226,7,0.024,NA
228,91,replace-space-with-newline,ifs,FALSE,20,elitize_generation_data,227,7,0.021,NA
229,91,replace-space-with-newline,ifs,FALSE,20,elitize_generation_data,228,6,0.014,NA
230,91,replace-space-with-newline,ifs,FALSE,20,elitize_generation_data,229,6,0.016,NA
231,91,replace-space-with-newline,ifs,FALSE,20,elitize_generation_data,230,8,0.017,NA
232,91,replace-space-with-newline,ifs,FALSE,20,elitize_generation_data,231,8,0.016,NA
233,91,replace-space-with-newline,ifs,FALSE,20,elitize_generation_data,232,8,0.02,NA
234,91,replace-space-with-newline,ifs,FALSE,20,elitize_generation_data,233,7,0.02,NA
235,91,replace-space-with-newline,ifs,FALSE,20,elitize_generation_data,234,6,0.021,NA
236,91,replace-space-with-newline,ifs,FALSE,20,elitize_generation_data,235,7,0.021,NA
237,91,replace-space-with-newline,ifs,FALSE,20,elitize_generation_data,236,7,0.014,NA
238,91,replace-space-with-newline,ifs,FALSE,20,elitize_generation_data,237,6,0.019,NA
239,91,replace-space-with-newline,ifs,FALSE,20,elitize_generation_data,238,7,0.018,NA
240,91,replace-space-with-newline,ifs,FALSE,20,elitize_generation_data,239,6,0.023,NA
241,91,replace-space-with-newline,ifs,FALSE,20,elitize_generation_data,240,7,0.017,NA
242,91,replace-space-with-newline,ifs,FALSE,20,elitize_generation_data,241,9,0.019,NA
243,91,replace-space-with-newline,ifs,FALSE,20,elitize_generation_data,242,6,0.015,NA
244,91,replace-space-with-newline,ifs,FALSE,20,elitize_generation_data,243,6,0.022,NA
245,91,replace-space-with-newline,ifs,FALSE,20,elitize_generation_data,244,8,0.018,NA
246,91,replace-space-with-newline,ifs,FALSE,20,elitize_generation_data,245,9,0.018,NA
247,91,replace-space-with-newline,ifs,FALSE,20,elitize_generation_data,246,7,0.02,NA
248,91,replace-space-with-newline,ifs,FALSE,20,elitize_generation_data,247,6,0.016,NA
249,91,replace-space-with-newline,ifs,FALSE,20,elitize_generation_data,248,9,0.021,NA
250,91,replace-space-with-newline,ifs,FALSE,20,elitize_generation_data,249,6,0.014,NA
251,91,replace-space-with-newline,ifs,FALSE,20,elitize_generation_data,250,8,0.019,NA
252,91,replace-space-with-newline,ifs,FALSE,20,elitize_generation_data,251,6,0.015,NA
253,91,replace-space-with-newline,ifs,FALSE,20,elitize_generation_data,252,7,0.015,NA
254,91,replace-space-with-newline,ifs,FALSE,20,elitize_generation_data,253,7,0.015,NA
255,91,replace-space-with-newline,ifs,FALSE,20,elitize_generation_data,254,7,0.019,NA
256,91,replace-space-with-newline,ifs,FALSE,20,elitize_generation_data,255,7,0.017,NA
257,91,replace-space-with-newline,ifs,FALSE,20,elitize_generation_data,256,6,0.013,NA
258,91,replace-space-with-newline,ifs,FALSE,20,elitize_generation_data,257,9,0.017,NA
259,91,replace-space-with-newline,ifs,FALSE,20,elitize_generation_data,258,9,0.017,NA
260,91,replace-space-with-newline,ifs,FALSE,20,elitize_generation_data,259,8,0.019,NA
261,91,replace-space-with-newline,ifs,FALSE,20,elitize_generation_data,260,7,0.017,NA
262,91,replace-space-with-newline,ifs,FALSE,20,elitize_generation_data,261,7,0.015,NA
263,91,replace-space-with-newline,ifs,FALSE,20,elitize_generation_data,262,10,0.02,NA
264,91,replace-space-with-newline,ifs,FALSE,20,elitize_generation_data,263,6,0.018,NA
265,91,replace-space-with-newline,ifs,FALSE,20,elitize_generation_data,264,8,0.017,NA
266,91,replace-space-with-newline,ifs,FALSE,20,elitize_generation_data,265,8,0.021,NA
267,91,replace-space-with-newline,ifs,FALSE,20,elitize_generation_data,266,7,0.018,NA
268,91,replace-space-with-newline,ifs,FALSE,20,elitize_generation_data,267,7,0.014,NA
269,91,replace-space-with-newline,ifs,FALSE,20,elitize_generation_data,268,7,0.013,NA
270,91,replace-space-with-newline,ifs,FALSE,20,elitize_generation_data,269,6,0.015,NA
271,91,replace-space-with-newline,ifs,FALSE,20,elitize_generation_data,270,8,0.017,NA
272,91,replace-space-with-newline,ifs,FALSE,20,elitize_generation_data,271,7,0.016,NA
273,91,replace-space-with-newline,ifs,FALSE,20,elitize_generation_data,272,7,0.012,NA
274,91,replace-space-with-newline,ifs,FALSE,20,elitize_generation_data,273,6,0.015,NA
275,91,replace-space-with-newline,ifs,FALSE,20,elitize_generation_data,274,9,0.02,NA
276,91,replace-space-with-newline,ifs,FALSE,20,elitize_generation_data,275,10,0.018,NA
277,91,replace-space-with-newline,ifs,FALSE,20,elitize_generation_data,276,8,0.019,NA
278,91,replace-space-with-newline,ifs,FALSE,20,elitize_generation_data,277,7,0.014,NA
279,91,replace-space-with-newline,ifs,FALSE,20,elitize_generation_data,278,6,0.019,NA
280,91,replace-space-with-newline,ifs,FALSE,20,elitize_generation_data,279,7,0.017,NA
281,91,replace-space-with-newline,ifs,FALSE,20,elitize_generation_data,280,6,0.015,NA
282,91,replace-space-with-newline,ifs,FALSE,20,elitize_generation_data,281,6,0.013,NA
283,91,replace-space-with-newline,ifs,FALSE,20,elitize_generation_data,282,6,0.012,NA
284,91,replace-space-with-newline,ifs,FALSE,20,elitize_generation_data,283,6,0.013,NA
285,91,replace-space-with-newline,ifs,FALSE,20,elitize_generation_data,284,9,0.021,NA
286,91,replace-space-with-newline,ifs,FALSE,20,elitize_generation_data,285,9,0.012,NA
287,91,replace-space-with-newline,ifs,FALSE,20,elitize_generation_data,286,8,0.017,NA
288,91,replace-space-with-newline,ifs,FALSE,20,elitize_generation_data,287,8,0.016,NA
289,91,replace-space-with-newline,ifs,FALSE,20,elitize_generation_data,288,7,0.015,NA
290,91,replace-space-with-newline,ifs,FALSE,20,elitize_generation_data,289,8,0.015,NA
291,91,replace-space-with-newline,ifs,FALSE,20,elitize_generation_data,290,7,0.015,NA
292,91,replace-space-with-newline,ifs,FALSE,20,elitize_generation_data,291,6,0.011,NA
293,91,replace-space-with-newline,ifs,FALSE,20,elitize_generation_data,292,7,0.016,NA
294,91,replace-space-with-newline,ifs,FALSE,20,elitize_generation_data,293,8,0.013,NA
295,91,replace-space-with-newline,ifs,FALSE,20,elitize_generation_data,294,8,0.014,NA
296,91,replace-space-with-newline,ifs,FALSE,20,elitize_generation_data,295,7,0.014,NA
297,91,replace-space-with-newline,ifs,FALSE,20,elitize_generation_data,296,7,0.015,NA
298,91,replace-space-with-newline,ifs,FALSE,20,elitize_generation_data,297,6,0.016,NA
299,91,replace-space-with-newline,ifs,FALSE,20,elitize_generation_data,298,7,0.014,NA
300,91,replace-space-with-newline,ifs,FALSE,20,elitize_generation_data,299,9,0.016,NA
301,91,replace-space-with-newline,ifs,FALSE,20,elitize_generation_data,300,7,0.013,NA
