,run.num,problem,treatment,succeeded,height,normalization.function,generation,cluster.count,error.diversity,success.generation
1,63,replace-space-with-newline,ifs,TRUE,20,elitize_generation_data,0,4,0.505,280
2,63,replace-space-with-newline,ifs,TRUE,20,elitize_generation_data,1,3,0.375,280
3,63,replace-space-with-newline,ifs,TRUE,20,elitize_generation_data,2,6,0.248,280
4,63,replace-space-with-newline,ifs,TRUE,20,elitize_generation_data,3,4,0.236,280
5,63,replace-space-with-newline,ifs,TRUE,20,elitize_generation_data,4,8,0.172,280
6,63,replace-space-with-newline,ifs,TRUE,20,elitize_generation_data,5,11,0.138,280
7,63,replace-space-with-newline,ifs,TRUE,20,elitize_generation_data,6,7,0.159,280
8,63,replace-space-with-newline,ifs,TRUE,20,elitize_generation_data,7,10,0.181,280
9,63,replace-space-with-newline,ifs,TRUE,20,elitize_generation_data,8,13,0.184,280
10,63,replace-space-with-newline,ifs,TRUE,20,elitize_generation_data,9,12,0.094,280
11,63,replace-space-with-newline,ifs,TRUE,20,elitize_generation_data,10,14,0.107,280
12,63,replace-space-with-newline,ifs,TRUE,20,elitize_generation_data,11,10,0.077,280
13,63,replace-space-with-newline,ifs,TRUE,20,elitize_generation_data,12,11,0.092,280
14,63,replace-space-with-newline,ifs,TRUE,20,elitize_generation_data,13,11,0.097,280
15,63,replace-space-with-newline,ifs,TRUE,20,elitize_generation_data,14,13,0.077,280
16,63,replace-space-with-newline,ifs,TRUE,20,elitize_generation_data,15,10,0.094,280
17,63,replace-space-with-newline,ifs,TRUE,20,elitize_generation_data,16,9,0.075,280
18,63,replace-space-with-newline,ifs,TRUE,20,elitize_generation_data,17,11,0.074,280
19,63,replace-space-with-newline,ifs,TRUE,20,elitize_generation_data,18,12,0.087,280
20,63,replace-space-with-newline,ifs,TRUE,20,elitize_generation_data,19,13,0.092,280
21,63,replace-space-with-newline,ifs,TRUE,20,elitize_generation_data,20,14,0.092,280
22,63,replace-space-with-newline,ifs,TRUE,20,elitize_generation_data,21,10,0.091,280
23,63,replace-space-with-newline,ifs,TRUE,20,elitize_generation_data,22,12,0.08,280
24,63,replace-space-with-newline,ifs,TRUE,20,elitize_generation_data,23,9,0.072,280
25,63,replace-space-with-newline,ifs,TRUE,20,elitize_generation_data,24,11,0.08,280
26,63,replace-space-with-newline,ifs,TRUE,20,elitize_generation_data,25,13,0.078,280
27,63,replace-space-with-newline,ifs,TRUE,20,elitize_generation_data,26,13,0.08,280
28,63,replace-space-with-newline,ifs,TRUE,20,elitize_generation_data,27,12,0.094,280
29,63,replace-space-with-newline,ifs,TRUE,20,elitize_generation_data,28,11,0.073,280
30,63,replace-space-with-newline,ifs,TRUE,20,elitize_generation_data,29,12,0.086,280
31,63,replace-space-with-newline,ifs,TRUE,20,elitize_generation_data,30,14,0.082,280
32,63,replace-space-with-newline,ifs,TRUE,20,elitize_generation_data,31,10,0.086,280
33,63,replace-space-with-newline,ifs,TRUE,20,elitize_generation_data,32,10,0.079,280
34,63,replace-space-with-newline,ifs,TRUE,20,elitize_generation_data,33,13,0.08,280
35,63,replace-space-with-newline,ifs,TRUE,20,elitize_generation_data,34,12,0.089,280
36,63,replace-space-with-newline,ifs,TRUE,20,elitize_generation_data,35,13,0.07,280
37,63,replace-space-with-newline,ifs,TRUE,20,elitize_generation_data,36,15,0.088,280
38,63,replace-space-with-newline,ifs,TRUE,20,elitize_generation_data,37,12,0.092,280
39,63,replace-space-with-newline,ifs,TRUE,20,elitize_generation_data,38,11,0.084,280
40,63,replace-space-with-newline,ifs,TRUE,20,elitize_generation_data,39,12,0.086,280
41,63,replace-space-with-newline,ifs,TRUE,20,elitize_generation_data,40,8,0.079,280
42,63,replace-space-with-newline,ifs,TRUE,20,elitize_generation_data,41,12,0.071,280
43,63,replace-space-with-newline,ifs,TRUE,20,elitize_generation_data,42,10,0.079,280
44,63,replace-space-with-newline,ifs,TRUE,20,elitize_generation_data,43,15,0.076,280
45,63,replace-space-with-newline,ifs,TRUE,20,elitize_generation_data,44,13,0.083,280
46,63,replace-space-with-newline,ifs,TRUE,20,elitize_generation_data,45,9,0.079,280
47,63,replace-space-with-newline,ifs,TRUE,20,elitize_generation_data,46,12,0.084,280
48,63,replace-space-with-newline,ifs,TRUE,20,elitize_generation_data,47,12,0.091,280
49,63,replace-space-with-newline,ifs,TRUE,20,elitize_generation_data,48,14,0.078,280
50,63,replace-space-with-newline,ifs,TRUE,20,elitize_generation_data,49,16,0.08,280
51,63,replace-space-with-newline,ifs,TRUE,20,elitize_generation_data,50,12,0.09,280
52,63,replace-space-with-newline,ifs,TRUE,20,elitize_generation_data,51,15,0.095,280
53,63,replace-space-with-newline,ifs,TRUE,20,elitize_generation_data,52,11,0.057,280
54,63,replace-space-with-newline,ifs,TRUE,20,elitize_generation_data,53,15,0.084,280
55,63,replace-space-with-newline,ifs,TRUE,20,elitize_generation_data,54,13,0.07,280
56,63,replace-space-with-newline,ifs,TRUE,20,elitize_generation_data,55,16,0.072,280
57,63,replace-space-with-newline,ifs,TRUE,20,elitize_generation_data,56,13,0.05,280
58,63,replace-space-with-newline,ifs,TRUE,20,elitize_generation_data,57,10,0.06,280
59,63,replace-space-with-newline,ifs,TRUE,20,elitize_generation_data,58,14,0.052,280
60,63,replace-space-with-newline,ifs,TRUE,20,elitize_generation_data,59,12,0.05,280
61,63,replace-space-with-newline,ifs,TRUE,20,elitize_generation_data,60,12,0.057,280
62,63,replace-space-with-newline,ifs,TRUE,20,elitize_generation_data,61,11,0.054,280
63,63,replace-space-with-newline,ifs,TRUE,20,elitize_generation_data,62,11,0.049,280
64,63,replace-space-with-newline,ifs,TRUE,20,elitize_generation_data,63,10,0.046,280
65,63,replace-space-with-newline,ifs,TRUE,20,elitize_generation_data,64,12,0.051,280
66,63,replace-space-with-newline,ifs,TRUE,20,elitize_generation_data,65,11,0.053,280
67,63,replace-space-with-newline,ifs,TRUE,20,elitize_generation_data,66,13,0.051,280
68,63,replace-space-with-newline,ifs,TRUE,20,elitize_generation_data,67,10,0.043,280
69,63,replace-space-with-newline,ifs,TRUE,20,elitize_generation_data,68,8,0.041,280
70,63,replace-space-with-newline,ifs,TRUE,20,elitize_generation_data,69,11,0.055,280
71,63,replace-space-with-newline,ifs,TRUE,20,elitize_generation_data,70,11,0.053,280
72,63,replace-space-with-newline,ifs,TRUE,20,elitize_generation_data,71,11,0.056,280
73,63,replace-space-with-newline,ifs,TRUE,20,elitize_generation_data,72,11,0.052,280
74,63,replace-space-with-newline,ifs,TRUE,20,elitize_generation_data,73,10,0.047,280
75,63,replace-space-with-newline,ifs,TRUE,20,elitize_generation_data,74,11,0.051,280
76,63,replace-space-with-newline,ifs,TRUE,20,elitize_generation_data,75,10,0.062,280
77,63,replace-space-with-newline,ifs,TRUE,20,elitize_generation_data,76,11,0.051,280
78,63,replace-space-with-newline,ifs,TRUE,20,elitize_generation_data,77,12,0.05,280
79,63,replace-space-with-newline,ifs,TRUE,20,elitize_generation_data,78,11,0.05,280
80,63,replace-space-with-newline,ifs,TRUE,20,elitize_generation_data,79,11,0.048,280
81,63,replace-space-with-newline,ifs,TRUE,20,elitize_generation_data,80,12,0.055,280
82,63,replace-space-with-newline,ifs,TRUE,20,elitize_generation_data,81,12,0.049,280
83,63,replace-space-with-newline,ifs,TRUE,20,elitize_generation_data,82,10,0.045,280
84,63,replace-space-with-newline,ifs,TRUE,20,elitize_generation_data,83,10,0.046,280
85,63,replace-space-with-newline,ifs,TRUE,20,elitize_generation_data,84,10,0.047,280
86,63,replace-space-with-newline,ifs,TRUE,20,elitize_generation_data,85,12,0.054,280
87,63,replace-space-with-newline,ifs,TRUE,20,elitize_generation_data,86,14,0.051,280
88,63,replace-space-with-newline,ifs,TRUE,20,elitize_generation_data,87,12,0.062,280
89,63,replace-space-with-newline,ifs,TRUE,20,elitize_generation_data,88,14,0.054,280
90,63,replace-space-with-newline,ifs,TRUE,20,elitize_generation_data,89,11,0.048,280
91,63,replace-space-with-newline,ifs,TRUE,20,elitize_generation_data,90,9,0.046,280
92,63,replace-space-with-newline,ifs,TRUE,20,elitize_generation_data,91,11,0.043,280
93,63,replace-space-with-newline,ifs,TRUE,20,elitize_generation_data,92,9,0.04,280
94,63,replace-space-with-newline,ifs,TRUE,20,elitize_generation_data,93,9,0.039,280
95,63,replace-space-with-newline,ifs,TRUE,20,elitize_generation_data,94,13,0.049,280
96,63,replace-space-with-newline,ifs,TRUE,20,elitize_generation_data,95,11,0.045,280
97,63,replace-space-with-newline,ifs,TRUE,20,elitize_generation_data,96,8,0.045,280
98,63,replace-space-with-newline,ifs,TRUE,20,elitize_generation_data,97,11,0.043,280
99,63,replace-space-with-newline,ifs,TRUE,20,elitize_generation_data,98,13,0.044,280
100,63,replace-space-with-newline,ifs,TRUE,20,elitize_generation_data,99,10,0.044,280
101,63,replace-space-with-newline,ifs,TRUE,20,elitize_generation_data,100,13,0.054,280
102,63,replace-space-with-newline,ifs,TRUE,20,elitize_generation_data,101,10,0.04,280
103,63,replace-space-with-newline,ifs,TRUE,20,elitize_generation_data,102,13,0.045,280
104,63,replace-space-with-newline,ifs,TRUE,20,elitize_generation_data,103,12,0.036,280
105,63,replace-space-with-newline,ifs,TRUE,20,elitize_generation_data,104,12,0.04,280
106,63,replace-space-with-newline,ifs,TRUE,20,elitize_generation_data,105,10,0.05,280
107,63,replace-space-with-newline,ifs,TRUE,20,elitize_generation_data,106,10,0.038,280
108,63,replace-space-with-newline,ifs,TRUE,20,elitize_generation_data,107,11,0.043,280
109,63,replace-space-with-newline,ifs,TRUE,20,elitize_generation_data,108,7,0.037,280
110,63,replace-space-with-newline,ifs,TRUE,20,elitize_generation_data,109,11,0.043,280
111,63,replace-space-with-newline,ifs,TRUE,20,elitize_generation_data,110,12,0.044,280
112,63,replace-space-with-newline,ifs,TRUE,20,elitize_generation_data,111,8,0.031,280
113,63,replace-space-with-newline,ifs,TRUE,20,elitize_generation_data,112,9,0.042,280
114,63,replace-space-with-newline,ifs,TRUE,20,elitize_generation_data,113,6,0.033,280
115,63,replace-space-with-newline,ifs,TRUE,20,elitize_generation_data,114,11,0.038,280
116,63,replace-space-with-newline,ifs,TRUE,20,elitize_generation_data,115,7,0.041,280
117,63,replace-space-with-newline,ifs,TRUE,20,elitize_generation_data,116,12,0.042,280
118,63,replace-space-with-newline,ifs,TRUE,20,elitize_generation_data,117,10,0.035,280
119,63,replace-space-with-newline,ifs,TRUE,20,elitize_generation_data,118,12,0.045,280
120,63,replace-space-with-newline,ifs,TRUE,20,elitize_generation_data,119,9,0.043,280
121,63,replace-space-with-newline,ifs,TRUE,20,elitize_generation_data,120,7,0.04,280
122,63,replace-space-with-newline,ifs,TRUE,20,elitize_generation_data,121,9,0.032,280
123,63,replace-space-with-newline,ifs,TRUE,20,elitize_generation_data,122,12,0.044,280
124,63,replace-space-with-newline,ifs,TRUE,20,elitize_generation_data,123,13,0.049,280
125,63,replace-space-with-newline,ifs,TRUE,20,elitize_generation_data,124,12,0.038,280
126,63,replace-space-with-newline,ifs,TRUE,20,elitize_generation_data,125,13,0.045,280
127,63,replace-space-with-newline,ifs,TRUE,20,elitize_generation_data,126,8,0.033,280
128,63,replace-space-with-newline,ifs,TRUE,20,elitize_generation_data,127,10,0.036,280
129,63,replace-space-with-newline,ifs,TRUE,20,elitize_generation_data,128,8,0.039,280
130,63,replace-space-with-newline,ifs,TRUE,20,elitize_generation_data,129,11,0.039,280
131,63,replace-space-with-newline,ifs,TRUE,20,elitize_generation_data,130,9,0.037,280
132,63,replace-space-with-newline,ifs,TRUE,20,elitize_generation_data,131,9,0.041,280
133,63,replace-space-with-newline,ifs,TRUE,20,elitize_generation_data,132,9,0.038,280
134,63,replace-space-with-newline,ifs,TRUE,20,elitize_generation_data,133,7,0.03,280
135,63,replace-space-with-newline,ifs,TRUE,20,elitize_generation_data,134,10,0.037,280
136,63,replace-space-with-newline,ifs,TRUE,20,elitize_generation_data,135,11,0.036,280
137,63,replace-space-with-newline,ifs,TRUE,20,elitize_generation_data,136,10,0.032,280
138,63,replace-space-with-newline,ifs,TRUE,20,elitize_generation_data,137,8,0.035,280
139,63,replace-space-with-newline,ifs,TRUE,20,elitize_generation_data,138,7,0.036,280
140,63,replace-space-with-newline,ifs,TRUE,20,elitize_generation_data,139,11,0.041,280
141,63,replace-space-with-newline,ifs,TRUE,20,elitize_generation_data,140,9,0.037,280
142,63,replace-space-with-newline,ifs,TRUE,20,elitize_generation_data,141,9,0.037,280
143,63,replace-space-with-newline,ifs,TRUE,20,elitize_generation_data,142,7,0.035,280
144,63,replace-space-with-newline,ifs,TRUE,20,elitize_generation_data,143,9,0.034,280
145,63,replace-space-with-newline,ifs,TRUE,20,elitize_generation_data,144,10,0.035,280
146,63,replace-space-with-newline,ifs,TRUE,20,elitize_generation_data,145,10,0.032,280
147,63,replace-space-with-newline,ifs,TRUE,20,elitize_generation_data,146,11,0.04,280
148,63,replace-space-with-newline,ifs,TRUE,20,elitize_generation_data,147,8,0.028,280
149,63,replace-space-with-newline,ifs,TRUE,20,elitize_generation_data,148,10,0.034,280
150,63,replace-space-with-newline,ifs,TRUE,20,elitize_generation_data,149,12,0.046,280
151,63,replace-space-with-newline,ifs,TRUE,20,elitize_generation_data,150,11,0.044,280
152,63,replace-space-with-newline,ifs,TRUE,20,elitize_generation_data,151,12,0.044,280
153,63,replace-space-with-newline,ifs,TRUE,20,elitize_generation_data,152,14,0.047,280
154,63,replace-space-with-newline,ifs,TRUE,20,elitize_generation_data,153,7,0.032,280
155,63,replace-space-with-newline,ifs,TRUE,20,elitize_generation_data,154,10,0.038,280
156,63,replace-space-with-newline,ifs,TRUE,20,elitize_generation_data,155,11,0.037,280
157,63,replace-space-with-newline,ifs,TRUE,20,elitize_generation_data,156,9,0.038,280
158,63,replace-space-with-newline,ifs,TRUE,20,elitize_generation_data,157,14,0.042,280
159,63,replace-space-with-newline,ifs,TRUE,20,elitize_generation_data,158,9,0.044,280
160,63,replace-space-with-newline,ifs,TRUE,20,elitize_generation_data,159,12,0.034,280
161,63,replace-space-with-newline,ifs,TRUE,20,elitize_generation_data,160,9,0.035,280
162,63,replace-space-with-newline,ifs,TRUE,20,elitize_generation_data,161,12,0.039,280
163,63,replace-space-with-newline,ifs,TRUE,20,elitize_generation_data,162,8,0.039,280
164,63,replace-space-with-newline,ifs,TRUE,20,elitize_generation_data,163,7,0.029,280
165,63,replace-space-with-newline,ifs,TRUE,20,elitize_generation_data,164,10,0.036,280
166,63,replace-space-with-newline,ifs,TRUE,20,elitize_generation_data,165,10,0.043,280
167,63,replace-space-with-newline,ifs,TRUE,20,elitize_generation_data,166,10,0.034,280
168,63,replace-space-with-newline,ifs,TRUE,20,elitize_generation_data,167,10,0.032,280
169,63,replace-space-with-newline,ifs,TRUE,20,elitize_generation_data,168,7,0.032,280
170,63,replace-space-with-newline,ifs,TRUE,20,elitize_generation_data,169,10,0.029,280
171,63,replace-space-with-newline,ifs,TRUE,20,elitize_generation_data,170,8,0.026,280
172,63,replace-space-with-newline,ifs,TRUE,20,elitize_generation_data,171,7,0.034,280
173,63,replace-space-with-newline,ifs,TRUE,20,elitize_generation_data,172,8,0.037,280
174,63,replace-space-with-newline,ifs,TRUE,20,elitize_generation_data,173,12,0.034,280
175,63,replace-space-with-newline,ifs,TRUE,20,elitize_generation_data,174,7,0.02,280
176,63,replace-space-with-newline,ifs,TRUE,20,elitize_generation_data,175,9,0.033,280
177,63,replace-space-with-newline,ifs,TRUE,20,elitize_generation_data,176,12,0.043,280
178,63,replace-space-with-newline,ifs,TRUE,20,elitize_generation_data,177,11,0.04,280
179,63,replace-space-with-newline,ifs,TRUE,20,elitize_generation_data,178,7,0.034,280
180,63,replace-space-with-newline,ifs,TRUE,20,elitize_generation_data,179,10,0.032,280
181,63,replace-space-with-newline,ifs,TRUE,20,elitize_generation_data,180,7,0.038,280
182,63,replace-space-with-newline,ifs,TRUE,20,elitize_generation_data,181,8,0.034,280
183,63,replace-space-with-newline,ifs,TRUE,20,elitize_generation_data,182,9,0.034,280
184,63,replace-space-with-newline,ifs,TRUE,20,elitize_generation_data,183,9,0.031,280
185,63,replace-space-with-newline,ifs,TRUE,20,elitize_generation_data,184,12,0.036,280
186,63,replace-space-with-newline,ifs,TRUE,20,elitize_generation_data,185,12,0.034,280
187,63,replace-space-with-newline,ifs,TRUE,20,elitize_generation_data,186,8,0.032,280
188,63,replace-space-with-newline,ifs,TRUE,20,elitize_generation_data,187,10,0.035,280
189,63,replace-space-with-newline,ifs,TRUE,20,elitize_generation_data,188,8,0.029,280
190,63,replace-space-with-newline,ifs,TRUE,20,elitize_generation_data,189,9,0.038,280
191,63,replace-space-with-newline,ifs,TRUE,20,elitize_generation_data,190,7,0.026,280
192,63,replace-space-with-newline,ifs,TRUE,20,elitize_generation_data,191,8,0.03,280
193,63,replace-space-with-newline,ifs,TRUE,20,elitize_generation_data,192,13,0.038,280
194,63,replace-space-with-newline,ifs,TRUE,20,elitize_generation_data,193,10,0.033,280
195,63,replace-space-with-newline,ifs,TRUE,20,elitize_generation_data,194,8,0.028,280
196,63,replace-space-with-newline,ifs,TRUE,20,elitize_generation_data,195,11,0.031,280
197,63,replace-space-with-newline,ifs,TRUE,20,elitize_generation_data,196,8,0.028,280
198,63,replace-space-with-newline,ifs,TRUE,20,elitize_generation_data,197,10,0.033,280
199,63,replace-space-with-newline,ifs,TRUE,20,elitize_generation_data,198,6,0.024,280
200,63,replace-space-with-newline,ifs,TRUE,20,elitize_generation_data,199,7,0.03,280
201,63,replace-space-with-newline,ifs,TRUE,20,elitize_generation_data,200,11,0.029,280
202,63,replace-space-with-newline,ifs,TRUE,20,elitize_generation_data,201,9,0.03,280
203,63,replace-space-with-newline,ifs,TRUE,20,elitize_generation_data,202,8,0.029,280
204,63,replace-space-with-newline,ifs,TRUE,20,elitize_generation_data,203,12,0.037,280
205,63,replace-space-with-newline,ifs,TRUE,20,elitize_generation_data,204,9,0.031,280
206,63,replace-space-with-newline,ifs,TRUE,20,elitize_generation_data,205,9,0.029,280
207,63,replace-space-with-newline,ifs,TRUE,20,elitize_generation_data,206,8,0.033,280
208,63,replace-space-with-newline,ifs,TRUE,20,elitize_generation_data,207,9,0.037,280
209,63,replace-space-with-newline,ifs,TRUE,20,elitize_generation_data,208,10,0.027,280
210,63,replace-space-with-newline,ifs,TRUE,20,elitize_generation_data,209,8,0.031,280
211,63,replace-space-with-newline,ifs,TRUE,20,elitize_generation_data,210,6,0.028,280
212,63,replace-space-with-newline,ifs,TRUE,20,elitize_generation_data,211,10,0.033,280
213,63,replace-space-with-newline,ifs,TRUE,20,elitize_generation_data,212,9,0.029,280
214,63,replace-space-with-newline,ifs,TRUE,20,elitize_generation_data,213,7,0.031,280
215,63,replace-space-with-newline,ifs,TRUE,20,elitize_generation_data,214,8,0.03,280
216,63,replace-space-with-newline,ifs,TRUE,20,elitize_generation_data,215,8,0.03,280
217,63,replace-space-with-newline,ifs,TRUE,20,elitize_generation_data,216,7,0.027,280
218,63,replace-space-with-newline,ifs,TRUE,20,elitize_generation_data,217,8,0.032,280
219,63,replace-space-with-newline,ifs,TRUE,20,elitize_generation_data,218,7,0.028,280
220,63,replace-space-with-newline,ifs,TRUE,20,elitize_generation_data,219,9,0.034,280
221,63,replace-space-with-newline,ifs,TRUE,20,elitize_generation_data,220,10,0.029,280
222,63,replace-space-with-newline,ifs,TRUE,20,elitize_generation_data,221,10,0.029,280
223,63,replace-space-with-newline,ifs,TRUE,20,elitize_generation_data,222,9,0.025,280
224,63,replace-space-with-newline,ifs,TRUE,20,elitize_generation_data,223,8,0.031,280
225,63,replace-space-with-newline,ifs,TRUE,20,elitize_generation_data,224,8,0.031,280
226,63,replace-space-with-newline,ifs,TRUE,20,elitize_generation_data,225,7,0.026,280
227,63,replace-space-with-newline,ifs,TRUE,20,elitize_generation_data,226,7,0.024,280
228,63,replace-space-with-newline,ifs,TRUE,20,elitize_generation_data,227,8,0.027,280
229,63,replace-space-with-newline,ifs,TRUE,20,elitize_generation_data,228,8,0.028,280
230,63,replace-space-with-newline,ifs,TRUE,20,elitize_generation_data,229,14,0.034,280
231,63,replace-space-with-newline,ifs,TRUE,20,elitize_generation_data,230,11,0.034,280
232,63,replace-space-with-newline,ifs,TRUE,20,elitize_generation_data,231,10,0.029,280
233,63,replace-space-with-newline,ifs,TRUE,20,elitize_generation_data,232,7,0.035,280
234,63,replace-space-with-newline,ifs,TRUE,20,elitize_generation_data,233,9,0.027,280
235,63,replace-space-with-newline,ifs,TRUE,20,elitize_generation_data,234,10,0.026,280
236,63,replace-space-with-newline,ifs,TRUE,20,elitize_generation_data,235,7,0.028,280
237,63,replace-space-with-newline,ifs,TRUE,20,elitize_generation_data,236,8,0.029,280
238,63,replace-space-with-newline,ifs,TRUE,20,elitize_generation_data,237,8,0.027,280
239,63,replace-space-with-newline,ifs,TRUE,20,elitize_generation_data,238,11,0.034,280
240,63,replace-space-with-newline,ifs,TRUE,20,elitize_generation_data,239,11,0.029,280
241,63,replace-space-with-newline,ifs,TRUE,20,elitize_generation_data,240,7,0.025,280
242,63,replace-space-with-newline,ifs,TRUE,20,elitize_generation_data,241,9,0.03,280
243,63,replace-space-with-newline,ifs,TRUE,20,elitize_generation_data,242,11,0.034,280
244,63,replace-space-with-newline,ifs,TRUE,20,elitize_generation_data,243,14,0.035,280
245,63,replace-space-with-newline,ifs,TRUE,20,elitize_generation_data,244,12,0.035,280
246,63,replace-space-with-newline,ifs,TRUE,20,elitize_generation_data,245,11,0.031,280
247,63,replace-space-with-newline,ifs,TRUE,20,elitize_generation_data,246,10,0.036,280
248,63,replace-space-with-newline,ifs,TRUE,20,elitize_generation_data,247,10,0.03,280
249,63,replace-space-with-newline,ifs,TRUE,20,elitize_generation_data,248,13,0.03,280
250,63,replace-space-with-newline,ifs,TRUE,20,elitize_generation_data,249,10,0.03,280
251,63,replace-space-with-newline,ifs,TRUE,20,elitize_generation_data,250,9,0.025,280
252,63,replace-space-with-newline,ifs,TRUE,20,elitize_generation_data,251,9,0.039,280
253,63,replace-space-with-newline,ifs,TRUE,20,elitize_generation_data,252,7,0.028,280
254,63,replace-space-with-newline,ifs,TRUE,20,elitize_generation_data,253,8,0.027,280
255,63,replace-space-with-newline,ifs,TRUE,20,elitize_generation_data,254,6,0.024,280
256,63,replace-space-with-newline,ifs,TRUE,20,elitize_generation_data,255,9,0.033,280
257,63,replace-space-with-newline,ifs,TRUE,20,elitize_generation_data,256,11,0.029,280
258,63,replace-space-with-newline,ifs,TRUE,20,elitize_generation_data,257,9,0.027,280
259,63,replace-space-with-newline,ifs,TRUE,20,elitize_generation_data,258,11,0.036,280
260,63,replace-space-with-newline,ifs,TRUE,20,elitize_generation_data,259,9,0.028,280
261,63,replace-space-with-newline,ifs,TRUE,20,elitize_generation_data,260,11,0.035,280
262,63,replace-space-with-newline,ifs,TRUE,20,elitize_generation_data,261,8,0.026,280
263,63,replace-space-with-newline,ifs,TRUE,20,elitize_generation_data,262,10,0.035,280
264,63,replace-space-with-newline,ifs,TRUE,20,elitize_generation_data,263,7,0.024,280
265,63,replace-space-with-newline,ifs,TRUE,20,elitize_generation_data,264,12,0.034,280
266,63,replace-space-with-newline,ifs,TRUE,20,elitize_generation_data,265,11,0.037,280
267,63,replace-space-with-newline,ifs,TRUE,20,elitize_generation_data,266,11,0.037,280
268,63,replace-space-with-newline,ifs,TRUE,20,elitize_generation_data,267,6,0.03,280
269,63,replace-space-with-newline,ifs,TRUE,20,elitize_generation_data,268,10,0.026,280
270,63,replace-space-with-newline,ifs,TRUE,20,elitize_generation_data,269,9,0.032,280
271,63,replace-space-with-newline,ifs,TRUE,20,elitize_generation_data,270,10,0.033,280
272,63,replace-space-with-newline,ifs,TRUE,20,elitize_generation_data,271,9,0.031,280
273,63,replace-space-with-newline,ifs,TRUE,20,elitize_generation_data,272,11,0.032,280
274,63,replace-space-with-newline,ifs,TRUE,20,elitize_generation_data,273,14,0.038,280
275,63,replace-space-with-newline,ifs,TRUE,20,elitize_generation_data,274,18,0.042,280
276,63,replace-space-with-newline,ifs,TRUE,20,elitize_generation_data,275,16,0.043,280
277,63,replace-space-with-newline,ifs,TRUE,20,elitize_generation_data,276,15,0.037,280
278,63,replace-space-with-newline,ifs,TRUE,20,elitize_generation_data,277,19,0.047,280
279,63,replace-space-with-newline,ifs,TRUE,20,elitize_generation_data,278,19,0.041,280
280,63,replace-space-with-newline,ifs,TRUE,20,elitize_generation_data,279,19,0.049,280
281,63,replace-space-with-newline,ifs,TRUE,20,elitize_generation_data,280,21,0.057,280
