,run.num,problem,treatment,succeeded,height,normalization.function,generation,cluster.count,error.diversity,success.generation
1,38,replace-space-with-newline,ifs,TRUE,20,elitize_generation_data,0,5,0.507,285
2,38,replace-space-with-newline,ifs,TRUE,20,elitize_generation_data,1,5,0.394,285
3,38,replace-space-with-newline,ifs,TRUE,20,elitize_generation_data,2,8,0.265,285
4,38,replace-space-with-newline,ifs,TRUE,20,elitize_generation_data,3,9,0.237,285
5,38,replace-space-with-newline,ifs,TRUE,20,elitize_generation_data,4,9,0.22,285
6,38,replace-space-with-newline,ifs,TRUE,20,elitize_generation_data,5,9,0.185,285
7,38,replace-space-with-newline,ifs,TRUE,20,elitize_generation_data,6,10,0.146,285
8,38,replace-space-with-newline,ifs,TRUE,20,elitize_generation_data,7,9,0.148,285
9,38,replace-space-with-newline,ifs,TRUE,20,elitize_generation_data,8,15,0.136,285
10,38,replace-space-with-newline,ifs,TRUE,20,elitize_generation_data,9,13,0.106,285
11,38,replace-space-with-newline,ifs,TRUE,20,elitize_generation_data,10,16,0.129,285
12,38,replace-space-with-newline,ifs,TRUE,20,elitize_generation_data,11,17,0.135,285
13,38,replace-space-with-newline,ifs,TRUE,20,elitize_generation_data,12,21,0.113,285
14,38,replace-space-with-newline,ifs,TRUE,20,elitize_generation_data,13,13,0.124,285
15,38,replace-space-with-newline,ifs,TRUE,20,elitize_generation_data,14,17,0.138,285
16,38,replace-space-with-newline,ifs,TRUE,20,elitize_generation_data,15,19,0.131,285
17,38,replace-space-with-newline,ifs,TRUE,20,elitize_generation_data,16,25,0.142,285
18,38,replace-space-with-newline,ifs,TRUE,20,elitize_generation_data,17,19,0.124,285
19,38,replace-space-with-newline,ifs,TRUE,20,elitize_generation_data,18,19,0.141,285
20,38,replace-space-with-newline,ifs,TRUE,20,elitize_generation_data,19,25,0.142,285
21,38,replace-space-with-newline,ifs,TRUE,20,elitize_generation_data,20,31,0.148,285
22,38,replace-space-with-newline,ifs,TRUE,20,elitize_generation_data,21,28,0.181,285
23,38,replace-space-with-newline,ifs,TRUE,20,elitize_generation_data,22,26,0.167,285
24,38,replace-space-with-newline,ifs,TRUE,20,elitize_generation_data,23,26,0.185,285
25,38,replace-space-with-newline,ifs,TRUE,20,elitize_generation_data,24,26,0.169,285
26,38,replace-space-with-newline,ifs,TRUE,20,elitize_generation_data,25,28,0.168,285
27,38,replace-space-with-newline,ifs,TRUE,20,elitize_generation_data,26,22,0.149,285
28,38,replace-space-with-newline,ifs,TRUE,20,elitize_generation_data,27,33,0.159,285
29,38,replace-space-with-newline,ifs,TRUE,20,elitize_generation_data,28,29,0.188,285
30,38,replace-space-with-newline,ifs,TRUE,20,elitize_generation_data,29,36,0.166,285
31,38,replace-space-with-newline,ifs,TRUE,20,elitize_generation_data,30,25,0.164,285
32,38,replace-space-with-newline,ifs,TRUE,20,elitize_generation_data,31,31,0.201,285
33,38,replace-space-with-newline,ifs,TRUE,20,elitize_generation_data,32,29,0.195,285
34,38,replace-space-with-newline,ifs,TRUE,20,elitize_generation_data,33,20,0.157,285
35,38,replace-space-with-newline,ifs,TRUE,20,elitize_generation_data,34,17,0.118,285
36,38,replace-space-with-newline,ifs,TRUE,20,elitize_generation_data,35,15,0.116,285
37,38,replace-space-with-newline,ifs,TRUE,20,elitize_generation_data,36,13,0.092,285
38,38,replace-space-with-newline,ifs,TRUE,20,elitize_generation_data,37,14,0.106,285
39,38,replace-space-with-newline,ifs,TRUE,20,elitize_generation_data,38,15,0.107,285
40,38,replace-space-with-newline,ifs,TRUE,20,elitize_generation_data,39,18,0.096,285
41,38,replace-space-with-newline,ifs,TRUE,20,elitize_generation_data,40,18,0.113,285
42,38,replace-space-with-newline,ifs,TRUE,20,elitize_generation_data,41,20,0.1,285
43,38,replace-space-with-newline,ifs,TRUE,20,elitize_generation_data,42,18,0.09,285
44,38,replace-space-with-newline,ifs,TRUE,20,elitize_generation_data,43,14,0.096,285
45,38,replace-space-with-newline,ifs,TRUE,20,elitize_generation_data,44,15,0.089,285
46,38,replace-space-with-newline,ifs,TRUE,20,elitize_generation_data,45,13,0.098,285
47,38,replace-space-with-newline,ifs,TRUE,20,elitize_generation_data,46,16,0.08,285
48,38,replace-space-with-newline,ifs,TRUE,20,elitize_generation_data,47,16,0.079,285
49,38,replace-space-with-newline,ifs,TRUE,20,elitize_generation_data,48,14,0.08,285
50,38,replace-space-with-newline,ifs,TRUE,20,elitize_generation_data,49,12,0.094,285
51,38,replace-space-with-newline,ifs,TRUE,20,elitize_generation_data,50,17,0.081,285
52,38,replace-space-with-newline,ifs,TRUE,20,elitize_generation_data,51,14,0.075,285
53,38,replace-space-with-newline,ifs,TRUE,20,elitize_generation_data,52,15,0.067,285
54,38,replace-space-with-newline,ifs,TRUE,20,elitize_generation_data,53,15,0.065,285
55,38,replace-space-with-newline,ifs,TRUE,20,elitize_generation_data,54,13,0.064,285
56,38,replace-space-with-newline,ifs,TRUE,20,elitize_generation_data,55,15,0.07,285
57,38,replace-space-with-newline,ifs,TRUE,20,elitize_generation_data,56,13,0.071,285
58,38,replace-space-with-newline,ifs,TRUE,20,elitize_generation_data,57,13,0.079,285
59,38,replace-space-with-newline,ifs,TRUE,20,elitize_generation_data,58,13,0.071,285
60,38,replace-space-with-newline,ifs,TRUE,20,elitize_generation_data,59,12,0.067,285
61,38,replace-space-with-newline,ifs,TRUE,20,elitize_generation_data,60,16,0.056,285
62,38,replace-space-with-newline,ifs,TRUE,20,elitize_generation_data,61,14,0.077,285
63,38,replace-space-with-newline,ifs,TRUE,20,elitize_generation_data,62,13,0.057,285
64,38,replace-space-with-newline,ifs,TRUE,20,elitize_generation_data,63,14,0.067,285
65,38,replace-space-with-newline,ifs,TRUE,20,elitize_generation_data,64,18,0.074,285
66,38,replace-space-with-newline,ifs,TRUE,20,elitize_generation_data,65,16,0.073,285
67,38,replace-space-with-newline,ifs,TRUE,20,elitize_generation_data,66,17,0.081,285
68,38,replace-space-with-newline,ifs,TRUE,20,elitize_generation_data,67,13,0.063,285
69,38,replace-space-with-newline,ifs,TRUE,20,elitize_generation_data,68,11,0.051,285
70,38,replace-space-with-newline,ifs,TRUE,20,elitize_generation_data,69,14,0.072,285
71,38,replace-space-with-newline,ifs,TRUE,20,elitize_generation_data,70,12,0.062,285
72,38,replace-space-with-newline,ifs,TRUE,20,elitize_generation_data,71,13,0.074,285
73,38,replace-space-with-newline,ifs,TRUE,20,elitize_generation_data,72,18,0.065,285
74,38,replace-space-with-newline,ifs,TRUE,20,elitize_generation_data,73,14,0.073,285
75,38,replace-space-with-newline,ifs,TRUE,20,elitize_generation_data,74,11,0.06,285
76,38,replace-space-with-newline,ifs,TRUE,20,elitize_generation_data,75,14,0.058,285
77,38,replace-space-with-newline,ifs,TRUE,20,elitize_generation_data,76,13,0.062,285
78,38,replace-space-with-newline,ifs,TRUE,20,elitize_generation_data,77,15,0.059,285
79,38,replace-space-with-newline,ifs,TRUE,20,elitize_generation_data,78,14,0.062,285
80,38,replace-space-with-newline,ifs,TRUE,20,elitize_generation_data,79,16,0.048,285
81,38,replace-space-with-newline,ifs,TRUE,20,elitize_generation_data,80,16,0.057,285
82,38,replace-space-with-newline,ifs,TRUE,20,elitize_generation_data,81,15,0.05,285
83,38,replace-space-with-newline,ifs,TRUE,20,elitize_generation_data,82,12,0.059,285
84,38,replace-space-with-newline,ifs,TRUE,20,elitize_generation_data,83,16,0.059,285
85,38,replace-space-with-newline,ifs,TRUE,20,elitize_generation_data,84,14,0.056,285
86,38,replace-space-with-newline,ifs,TRUE,20,elitize_generation_data,85,15,0.063,285
87,38,replace-space-with-newline,ifs,TRUE,20,elitize_generation_data,86,15,0.063,285
88,38,replace-space-with-newline,ifs,TRUE,20,elitize_generation_data,87,14,0.057,285
89,38,replace-space-with-newline,ifs,TRUE,20,elitize_generation_data,88,14,0.053,285
90,38,replace-space-with-newline,ifs,TRUE,20,elitize_generation_data,89,12,0.05,285
91,38,replace-space-with-newline,ifs,TRUE,20,elitize_generation_data,90,12,0.054,285
92,38,replace-space-with-newline,ifs,TRUE,20,elitize_generation_data,91,11,0.065,285
93,38,replace-space-with-newline,ifs,TRUE,20,elitize_generation_data,92,12,0.061,285
94,38,replace-space-with-newline,ifs,TRUE,20,elitize_generation_data,93,12,0.062,285
95,38,replace-space-with-newline,ifs,TRUE,20,elitize_generation_data,94,14,0.063,285
96,38,replace-space-with-newline,ifs,TRUE,20,elitize_generation_data,95,11,0.062,285
97,38,replace-space-with-newline,ifs,TRUE,20,elitize_generation_data,96,15,0.058,285
98,38,replace-space-with-newline,ifs,TRUE,20,elitize_generation_data,97,10,0.05,285
99,38,replace-space-with-newline,ifs,TRUE,20,elitize_generation_data,98,18,0.054,285
100,38,replace-space-with-newline,ifs,TRUE,20,elitize_generation_data,99,11,0.058,285
101,38,replace-space-with-newline,ifs,TRUE,20,elitize_generation_data,100,13,0.052,285
102,38,replace-space-with-newline,ifs,TRUE,20,elitize_generation_data,101,11,0.052,285
103,38,replace-space-with-newline,ifs,TRUE,20,elitize_generation_data,102,9,0.061,285
104,38,replace-space-with-newline,ifs,TRUE,20,elitize_generation_data,103,12,0.045,285
105,38,replace-space-with-newline,ifs,TRUE,20,elitize_generation_data,104,11,0.049,285
106,38,replace-space-with-newline,ifs,TRUE,20,elitize_generation_data,105,8,0.048,285
107,38,replace-space-with-newline,ifs,TRUE,20,elitize_generation_data,106,12,0.046,285
108,38,replace-space-with-newline,ifs,TRUE,20,elitize_generation_data,107,14,0.055,285
109,38,replace-space-with-newline,ifs,TRUE,20,elitize_generation_data,108,10,0.047,285
110,38,replace-space-with-newline,ifs,TRUE,20,elitize_generation_data,109,13,0.055,285
111,38,replace-space-with-newline,ifs,TRUE,20,elitize_generation_data,110,13,0.054,285
112,38,replace-space-with-newline,ifs,TRUE,20,elitize_generation_data,111,9,0.044,285
113,38,replace-space-with-newline,ifs,TRUE,20,elitize_generation_data,112,12,0.056,285
114,38,replace-space-with-newline,ifs,TRUE,20,elitize_generation_data,113,14,0.056,285
115,38,replace-space-with-newline,ifs,TRUE,20,elitize_generation_data,114,11,0.048,285
116,38,replace-space-with-newline,ifs,TRUE,20,elitize_generation_data,115,12,0.058,285
117,38,replace-space-with-newline,ifs,TRUE,20,elitize_generation_data,116,15,0.048,285
118,38,replace-space-with-newline,ifs,TRUE,20,elitize_generation_data,117,11,0.056,285
119,38,replace-space-with-newline,ifs,TRUE,20,elitize_generation_data,118,11,0.049,285
120,38,replace-space-with-newline,ifs,TRUE,20,elitize_generation_data,119,13,0.046,285
121,38,replace-space-with-newline,ifs,TRUE,20,elitize_generation_data,120,9,0.044,285
122,38,replace-space-with-newline,ifs,TRUE,20,elitize_generation_data,121,14,0.05,285
123,38,replace-space-with-newline,ifs,TRUE,20,elitize_generation_data,122,10,0.055,285
124,38,replace-space-with-newline,ifs,TRUE,20,elitize_generation_data,123,11,0.038,285
125,38,replace-space-with-newline,ifs,TRUE,20,elitize_generation_data,124,11,0.053,285
126,38,replace-space-with-newline,ifs,TRUE,20,elitize_generation_data,125,11,0.052,285
127,38,replace-space-with-newline,ifs,TRUE,20,elitize_generation_data,126,12,0.059,285
128,38,replace-space-with-newline,ifs,TRUE,20,elitize_generation_data,127,10,0.048,285
129,38,replace-space-with-newline,ifs,TRUE,20,elitize_generation_data,128,13,0.047,285
130,38,replace-space-with-newline,ifs,TRUE,20,elitize_generation_data,129,9,0.043,285
131,38,replace-space-with-newline,ifs,TRUE,20,elitize_generation_data,130,11,0.054,285
132,38,replace-space-with-newline,ifs,TRUE,20,elitize_generation_data,131,9,0.044,285
133,38,replace-space-with-newline,ifs,TRUE,20,elitize_generation_data,132,13,0.056,285
134,38,replace-space-with-newline,ifs,TRUE,20,elitize_generation_data,133,13,0.048,285
135,38,replace-space-with-newline,ifs,TRUE,20,elitize_generation_data,134,12,0.05,285
136,38,replace-space-with-newline,ifs,TRUE,20,elitize_generation_data,135,12,0.052,285
137,38,replace-space-with-newline,ifs,TRUE,20,elitize_generation_data,136,11,0.048,285
138,38,replace-space-with-newline,ifs,TRUE,20,elitize_generation_data,137,7,0.046,285
139,38,replace-space-with-newline,ifs,TRUE,20,elitize_generation_data,138,9,0.045,285
140,38,replace-space-with-newline,ifs,TRUE,20,elitize_generation_data,139,12,0.044,285
141,38,replace-space-with-newline,ifs,TRUE,20,elitize_generation_data,140,11,0.044,285
142,38,replace-space-with-newline,ifs,TRUE,20,elitize_generation_data,141,9,0.049,285
143,38,replace-space-with-newline,ifs,TRUE,20,elitize_generation_data,142,9,0.044,285
144,38,replace-space-with-newline,ifs,TRUE,20,elitize_generation_data,143,9,0.05,285
145,38,replace-space-with-newline,ifs,TRUE,20,elitize_generation_data,144,11,0.045,285
146,38,replace-space-with-newline,ifs,TRUE,20,elitize_generation_data,145,9,0.053,285
147,38,replace-space-with-newline,ifs,TRUE,20,elitize_generation_data,146,10,0.048,285
148,38,replace-space-with-newline,ifs,TRUE,20,elitize_generation_data,147,11,0.049,285
149,38,replace-space-with-newline,ifs,TRUE,20,elitize_generation_data,148,9,0.047,285
150,38,replace-space-with-newline,ifs,TRUE,20,elitize_generation_data,149,10,0.041,285
151,38,replace-space-with-newline,ifs,TRUE,20,elitize_generation_data,150,9,0.052,285
152,38,replace-space-with-newline,ifs,TRUE,20,elitize_generation_data,151,9,0.04,285
153,38,replace-space-with-newline,ifs,TRUE,20,elitize_generation_data,152,8,0.037,285
154,38,replace-space-with-newline,ifs,TRUE,20,elitize_generation_data,153,10,0.047,285
155,38,replace-space-with-newline,ifs,TRUE,20,elitize_generation_data,154,9,0.033,285
156,38,replace-space-with-newline,ifs,TRUE,20,elitize_generation_data,155,9,0.038,285
157,38,replace-space-with-newline,ifs,TRUE,20,elitize_generation_data,156,9,0.035,285
158,38,replace-space-with-newline,ifs,TRUE,20,elitize_generation_data,157,8,0.041,285
159,38,replace-space-with-newline,ifs,TRUE,20,elitize_generation_data,158,11,0.044,285
160,38,replace-space-with-newline,ifs,TRUE,20,elitize_generation_data,159,8,0.05,285
161,38,replace-space-with-newline,ifs,TRUE,20,elitize_generation_data,160,10,0.043,285
162,38,replace-space-with-newline,ifs,TRUE,20,elitize_generation_data,161,12,0.049,285
163,38,replace-space-with-newline,ifs,TRUE,20,elitize_generation_data,162,8,0.045,285
164,38,replace-space-with-newline,ifs,TRUE,20,elitize_generation_data,163,10,0.039,285
165,38,replace-space-with-newline,ifs,TRUE,20,elitize_generation_data,164,11,0.047,285
166,38,replace-space-with-newline,ifs,TRUE,20,elitize_generation_data,165,6,0.037,285
167,38,replace-space-with-newline,ifs,TRUE,20,elitize_generation_data,166,10,0.043,285
168,38,replace-space-with-newline,ifs,TRUE,20,elitize_generation_data,167,10,0.043,285
169,38,replace-space-with-newline,ifs,TRUE,20,elitize_generation_data,168,9,0.039,285
170,38,replace-space-with-newline,ifs,TRUE,20,elitize_generation_data,169,7,0.032,285
171,38,replace-space-with-newline,ifs,TRUE,20,elitize_generation_data,170,7,0.042,285
172,38,replace-space-with-newline,ifs,TRUE,20,elitize_generation_data,171,8,0.041,285
173,38,replace-space-with-newline,ifs,TRUE,20,elitize_generation_data,172,9,0.047,285
174,38,replace-space-with-newline,ifs,TRUE,20,elitize_generation_data,173,7,0.04,285
175,38,replace-space-with-newline,ifs,TRUE,20,elitize_generation_data,174,8,0.038,285
176,38,replace-space-with-newline,ifs,TRUE,20,elitize_generation_data,175,6,0.039,285
177,38,replace-space-with-newline,ifs,TRUE,20,elitize_generation_data,176,7,0.037,285
178,38,replace-space-with-newline,ifs,TRUE,20,elitize_generation_data,177,9,0.037,285
179,38,replace-space-with-newline,ifs,TRUE,20,elitize_generation_data,178,8,0.034,285
180,38,replace-space-with-newline,ifs,TRUE,20,elitize_generation_data,179,9,0.032,285
181,38,replace-space-with-newline,ifs,TRUE,20,elitize_generation_data,180,7,0.041,285
182,38,replace-space-with-newline,ifs,TRUE,20,elitize_generation_data,181,8,0.035,285
183,38,replace-space-with-newline,ifs,TRUE,20,elitize_generation_data,182,7,0.041,285
184,38,replace-space-with-newline,ifs,TRUE,20,elitize_generation_data,183,8,0.041,285
185,38,replace-space-with-newline,ifs,TRUE,20,elitize_generation_data,184,7,0.035,285
186,38,replace-space-with-newline,ifs,TRUE,20,elitize_generation_data,185,8,0.046,285
187,38,replace-space-with-newline,ifs,TRUE,20,elitize_generation_data,186,8,0.039,285
188,38,replace-space-with-newline,ifs,TRUE,20,elitize_generation_data,187,8,0.04,285
189,38,replace-space-with-newline,ifs,TRUE,20,elitize_generation_data,188,9,0.044,285
190,38,replace-space-with-newline,ifs,TRUE,20,elitize_generation_data,189,7,0.033,285
191,38,replace-space-with-newline,ifs,TRUE,20,elitize_generation_data,190,8,0.035,285
192,38,replace-space-with-newline,ifs,TRUE,20,elitize_generation_data,191,9,0.036,285
193,38,replace-space-with-newline,ifs,TRUE,20,elitize_generation_data,192,10,0.05,285
194,38,replace-space-with-newline,ifs,TRUE,20,elitize_generation_data,193,7,0.036,285
195,38,replace-space-with-newline,ifs,TRUE,20,elitize_generation_data,194,8,0.036,285
196,38,replace-space-with-newline,ifs,TRUE,20,elitize_generation_data,195,8,0.037,285
197,38,replace-space-with-newline,ifs,TRUE,20,elitize_generation_data,196,11,0.043,285
198,38,replace-space-with-newline,ifs,TRUE,20,elitize_generation_data,197,11,0.042,285
199,38,replace-space-with-newline,ifs,TRUE,20,elitize_generation_data,198,8,0.035,285
200,38,replace-space-with-newline,ifs,TRUE,20,elitize_generation_data,199,9,0.036,285
201,38,replace-space-with-newline,ifs,TRUE,20,elitize_generation_data,200,10,0.041,285
202,38,replace-space-with-newline,ifs,TRUE,20,elitize_generation_data,201,7,0.035,285
203,38,replace-space-with-newline,ifs,TRUE,20,elitize_generation_data,202,8,0.041,285
204,38,replace-space-with-newline,ifs,TRUE,20,elitize_generation_data,203,9,0.041,285
205,38,replace-space-with-newline,ifs,TRUE,20,elitize_generation_data,204,7,0.036,285
206,38,replace-space-with-newline,ifs,TRUE,20,elitize_generation_data,205,12,0.039,285
207,38,replace-space-with-newline,ifs,TRUE,20,elitize_generation_data,206,8,0.045,285
208,38,replace-space-with-newline,ifs,TRUE,20,elitize_generation_data,207,8,0.04,285
209,38,replace-space-with-newline,ifs,TRUE,20,elitize_generation_data,208,7,0.035,285
210,38,replace-space-with-newline,ifs,TRUE,20,elitize_generation_data,209,8,0.035,285
211,38,replace-space-with-newline,ifs,TRUE,20,elitize_generation_data,210,8,0.041,285
212,38,replace-space-with-newline,ifs,TRUE,20,elitize_generation_data,211,6,0.04,285
213,38,replace-space-with-newline,ifs,TRUE,20,elitize_generation_data,212,8,0.043,285
214,38,replace-space-with-newline,ifs,TRUE,20,elitize_generation_data,213,6,0.03,285
215,38,replace-space-with-newline,ifs,TRUE,20,elitize_generation_data,214,7,0.035,285
216,38,replace-space-with-newline,ifs,TRUE,20,elitize_generation_data,215,9,0.039,285
217,38,replace-space-with-newline,ifs,TRUE,20,elitize_generation_data,216,9,0.037,285
218,38,replace-space-with-newline,ifs,TRUE,20,elitize_generation_data,217,8,0.028,285
219,38,replace-space-with-newline,ifs,TRUE,20,elitize_generation_data,218,7,0.027,285
220,38,replace-space-with-newline,ifs,TRUE,20,elitize_generation_data,219,9,0.039,285
221,38,replace-space-with-newline,ifs,TRUE,20,elitize_generation_data,220,7,0.035,285
222,38,replace-space-with-newline,ifs,TRUE,20,elitize_generation_data,221,6,0.036,285
223,38,replace-space-with-newline,ifs,TRUE,20,elitize_generation_data,222,9,0.036,285
224,38,replace-space-with-newline,ifs,TRUE,20,elitize_generation_data,223,7,0.038,285
225,38,replace-space-with-newline,ifs,TRUE,20,elitize_generation_data,224,9,0.046,285
226,38,replace-space-with-newline,ifs,TRUE,20,elitize_generation_data,225,7,0.036,285
227,38,replace-space-with-newline,ifs,TRUE,20,elitize_generation_data,226,10,0.035,285
228,38,replace-space-with-newline,ifs,TRUE,20,elitize_generation_data,227,6,0.034,285
229,38,replace-space-with-newline,ifs,TRUE,20,elitize_generation_data,228,8,0.036,285
230,38,replace-space-with-newline,ifs,TRUE,20,elitize_generation_data,229,8,0.039,285
231,38,replace-space-with-newline,ifs,TRUE,20,elitize_generation_data,230,6,0.03,285
232,38,replace-space-with-newline,ifs,TRUE,20,elitize_generation_data,231,8,0.037,285
233,38,replace-space-with-newline,ifs,TRUE,20,elitize_generation_data,232,8,0.032,285
234,38,replace-space-with-newline,ifs,TRUE,20,elitize_generation_data,233,7,0.04,285
235,38,replace-space-with-newline,ifs,TRUE,20,elitize_generation_data,234,7,0.033,285
236,38,replace-space-with-newline,ifs,TRUE,20,elitize_generation_data,235,7,0.036,285
237,38,replace-space-with-newline,ifs,TRUE,20,elitize_generation_data,236,7,0.033,285
238,38,replace-space-with-newline,ifs,TRUE,20,elitize_generation_data,237,9,0.03,285
239,38,replace-space-with-newline,ifs,TRUE,20,elitize_generation_data,238,9,0.038,285
240,38,replace-space-with-newline,ifs,TRUE,20,elitize_generation_data,239,8,0.033,285
241,38,replace-space-with-newline,ifs,TRUE,20,elitize_generation_data,240,7,0.031,285
242,38,replace-space-with-newline,ifs,TRUE,20,elitize_generation_data,241,7,0.026,285
243,38,replace-space-with-newline,ifs,TRUE,20,elitize_generation_data,242,7,0.026,285
244,38,replace-space-with-newline,ifs,TRUE,20,elitize_generation_data,243,9,0.03,285
245,38,replace-space-with-newline,ifs,TRUE,20,elitize_generation_data,244,7,0.028,285
246,38,replace-space-with-newline,ifs,TRUE,20,elitize_generation_data,245,8,0.038,285
247,38,replace-space-with-newline,ifs,TRUE,20,elitize_generation_data,246,10,0.041,285
248,38,replace-space-with-newline,ifs,TRUE,20,elitize_generation_data,247,8,0.036,285
249,38,replace-space-with-newline,ifs,TRUE,20,elitize_generation_data,248,8,0.027,285
250,38,replace-space-with-newline,ifs,TRUE,20,elitize_generation_data,249,9,0.034,285
251,38,replace-space-with-newline,ifs,TRUE,20,elitize_generation_data,250,8,0.026,285
252,38,replace-space-with-newline,ifs,TRUE,20,elitize_generation_data,251,7,0.032,285
253,38,replace-space-with-newline,ifs,TRUE,20,elitize_generation_data,252,7,0.039,285
254,38,replace-space-with-newline,ifs,TRUE,20,elitize_generation_data,253,9,0.029,285
255,38,replace-space-with-newline,ifs,TRUE,20,elitize_generation_data,254,7,0.033,285
256,38,replace-space-with-newline,ifs,TRUE,20,elitize_generation_data,255,7,0.027,285
257,38,replace-space-with-newline,ifs,TRUE,20,elitize_generation_data,256,9,0.039,285
258,38,replace-space-with-newline,ifs,TRUE,20,elitize_generation_data,257,8,0.028,285
259,38,replace-space-with-newline,ifs,TRUE,20,elitize_generation_data,258,6,0.03,285
260,38,replace-space-with-newline,ifs,TRUE,20,elitize_generation_data,259,10,0.031,285
261,38,replace-space-with-newline,ifs,TRUE,20,elitize_generation_data,260,9,0.035,285
262,38,replace-space-with-newline,ifs,TRUE,20,elitize_generation_data,261,6,0.032,285
263,38,replace-space-with-newline,ifs,TRUE,20,elitize_generation_data,262,8,0.032,285
264,38,replace-space-with-newline,ifs,TRUE,20,elitize_generation_data,263,6,0.032,285
265,38,replace-space-with-newline,ifs,TRUE,20,elitize_generation_data,264,10,0.037,285
266,38,replace-space-with-newline,ifs,TRUE,20,elitize_generation_data,265,8,0.03,285
267,38,replace-space-with-newline,ifs,TRUE,20,elitize_generation_data,266,9,0.026,285
268,38,replace-space-with-newline,ifs,TRUE,20,elitize_generation_data,267,8,0.032,285
269,38,replace-space-with-newline,ifs,TRUE,20,elitize_generation_data,268,7,0.036,285
270,38,replace-space-with-newline,ifs,TRUE,20,elitize_generation_data,269,9,0.034,285
271,38,replace-space-with-newline,ifs,TRUE,20,elitize_generation_data,270,6,0.029,285
272,38,replace-space-with-newline,ifs,TRUE,20,elitize_generation_data,271,7,0.026,285
273,38,replace-space-with-newline,ifs,TRUE,20,elitize_generation_data,272,8,0.037,285
274,38,replace-space-with-newline,ifs,TRUE,20,elitize_generation_data,273,7,0.033,285
275,38,replace-space-with-newline,ifs,TRUE,20,elitize_generation_data,274,12,0.032,285
276,38,replace-space-with-newline,ifs,TRUE,20,elitize_generation_data,275,9,0.04,285
277,38,replace-space-with-newline,ifs,TRUE,20,elitize_generation_data,276,9,0.048,285
278,38,replace-space-with-newline,ifs,TRUE,20,elitize_generation_data,277,9,0.038,285
279,38,replace-space-with-newline,ifs,TRUE,20,elitize_generation_data,278,10,0.036,285
280,38,replace-space-with-newline,ifs,TRUE,20,elitize_generation_data,279,9,0.037,285
281,38,replace-space-with-newline,ifs,TRUE,20,elitize_generation_data,280,11,0.045,285
282,38,replace-space-with-newline,ifs,TRUE,20,elitize_generation_data,281,10,0.041,285
283,38,replace-space-with-newline,ifs,TRUE,20,elitize_generation_data,282,9,0.039,285
284,38,replace-space-with-newline,ifs,TRUE,20,elitize_generation_data,283,10,0.042,285
285,38,replace-space-with-newline,ifs,TRUE,20,elitize_generation_data,284,9,0.038,285
286,38,replace-space-with-newline,ifs,TRUE,20,elitize_generation_data,285,9,0.04,285
