,run.num,problem,treatment,succeeded,height,normalization.function,generation,cluster.count,error.diversity,success.generation
1,39,replace-space-with-newline,ifs,FALSE,20,elitize_generation_data,0,5,0.483,NA
2,39,replace-space-with-newline,ifs,FALSE,20,elitize_generation_data,1,6,0.372,NA
3,39,replace-space-with-newline,ifs,FALSE,20,elitize_generation_data,2,8,0.21,NA
4,39,replace-space-with-newline,ifs,FALSE,20,elitize_generation_data,3,8,0.173,NA
5,39,replace-space-with-newline,ifs,FALSE,20,elitize_generation_data,4,9,0.187,NA
6,39,replace-space-with-newline,ifs,FALSE,20,elitize_generation_data,5,10,0.196,NA
7,39,replace-space-with-newline,ifs,FALSE,20,elitize_generation_data,6,10,0.314,NA
8,39,replace-space-with-newline,ifs,FALSE,20,elitize_generation_data,7,16,0.368,NA
9,39,replace-space-with-newline,ifs,FALSE,20,elitize_generation_data,8,17,0.309,NA
10,39,replace-space-with-newline,ifs,FALSE,20,elitize_generation_data,9,16,0.25,NA
11,39,replace-space-with-newline,ifs,FALSE,20,elitize_generation_data,10,21,0.259,NA
12,39,replace-space-with-newline,ifs,FALSE,20,elitize_generation_data,11,29,0.223,NA
13,39,replace-space-with-newline,ifs,FALSE,20,elitize_generation_data,12,16,0.207,NA
14,39,replace-space-with-newline,ifs,FALSE,20,elitize_generation_data,13,17,0.137,NA
15,39,replace-space-with-newline,ifs,FALSE,20,elitize_generation_data,14,15,0.111,NA
16,39,replace-space-with-newline,ifs,FALSE,20,elitize_generation_data,15,16,0.122,NA
17,39,replace-space-with-newline,ifs,FALSE,20,elitize_generation_data,16,11,0.169,NA
18,39,replace-space-with-newline,ifs,FALSE,20,elitize_generation_data,17,18,0.183,NA
19,39,replace-space-with-newline,ifs,FALSE,20,elitize_generation_data,18,15,0.144,NA
20,39,replace-space-with-newline,ifs,FALSE,20,elitize_generation_data,19,16,0.158,NA
21,39,replace-space-with-newline,ifs,FALSE,20,elitize_generation_data,20,18,0.145,NA
22,39,replace-space-with-newline,ifs,FALSE,20,elitize_generation_data,21,15,0.16,NA
23,39,replace-space-with-newline,ifs,FALSE,20,elitize_generation_data,22,15,0.137,NA
24,39,replace-space-with-newline,ifs,FALSE,20,elitize_generation_data,23,14,0.152,NA
25,39,replace-space-with-newline,ifs,FALSE,20,elitize_generation_data,24,15,0.159,NA
26,39,replace-space-with-newline,ifs,FALSE,20,elitize_generation_data,25,18,0.161,NA
27,39,replace-space-with-newline,ifs,FALSE,20,elitize_generation_data,26,14,0.173,NA
28,39,replace-space-with-newline,ifs,FALSE,20,elitize_generation_data,27,20,0.204,NA
29,39,replace-space-with-newline,ifs,FALSE,20,elitize_generation_data,28,16,0.183,NA
30,39,replace-space-with-newline,ifs,FALSE,20,elitize_generation_data,29,16,0.17,NA
31,39,replace-space-with-newline,ifs,FALSE,20,elitize_generation_data,30,18,0.193,NA
32,39,replace-space-with-newline,ifs,FALSE,20,elitize_generation_data,31,18,0.214,NA
33,39,replace-space-with-newline,ifs,FALSE,20,elitize_generation_data,32,20,0.22,NA
34,39,replace-space-with-newline,ifs,FALSE,20,elitize_generation_data,33,15,0.225,NA
35,39,replace-space-with-newline,ifs,FALSE,20,elitize_generation_data,34,18,0.229,NA
36,39,replace-space-with-newline,ifs,FALSE,20,elitize_generation_data,35,17,0.22,NA
37,39,replace-space-with-newline,ifs,FALSE,20,elitize_generation_data,36,19,0.251,NA
38,39,replace-space-with-newline,ifs,FALSE,20,elitize_generation_data,37,19,0.299,NA
39,39,replace-space-with-newline,ifs,FALSE,20,elitize_generation_data,38,24,0.324,NA
40,39,replace-space-with-newline,ifs,FALSE,20,elitize_generation_data,39,18,0.321,NA
41,39,replace-space-with-newline,ifs,FALSE,20,elitize_generation_data,40,17,0.348,NA
42,39,replace-space-with-newline,ifs,FALSE,20,elitize_generation_data,41,23,0.414,NA
43,39,replace-space-with-newline,ifs,FALSE,20,elitize_generation_data,42,24,0.427,NA
44,39,replace-space-with-newline,ifs,FALSE,20,elitize_generation_data,43,25,0.383,NA
45,39,replace-space-with-newline,ifs,FALSE,20,elitize_generation_data,44,20,0.359,NA
46,39,replace-space-with-newline,ifs,FALSE,20,elitize_generation_data,45,20,0.39,NA
47,39,replace-space-with-newline,ifs,FALSE,20,elitize_generation_data,46,20,0.364,NA
48,39,replace-space-with-newline,ifs,FALSE,20,elitize_generation_data,47,19,0.337,NA
49,39,replace-space-with-newline,ifs,FALSE,20,elitize_generation_data,48,20,0.35,NA
50,39,replace-space-with-newline,ifs,FALSE,20,elitize_generation_data,49,21,0.3,NA
51,39,replace-space-with-newline,ifs,FALSE,20,elitize_generation_data,50,14,0.289,NA
52,39,replace-space-with-newline,ifs,FALSE,20,elitize_generation_data,51,18,0.312,NA
53,39,replace-space-with-newline,ifs,FALSE,20,elitize_generation_data,52,18,0.276,NA
54,39,replace-space-with-newline,ifs,FALSE,20,elitize_generation_data,53,22,0.301,NA
55,39,replace-space-with-newline,ifs,FALSE,20,elitize_generation_data,54,19,0.291,NA
56,39,replace-space-with-newline,ifs,FALSE,20,elitize_generation_data,55,21,0.307,NA
57,39,replace-space-with-newline,ifs,FALSE,20,elitize_generation_data,56,18,0.316,NA
58,39,replace-space-with-newline,ifs,FALSE,20,elitize_generation_data,57,12,0.299,NA
59,39,replace-space-with-newline,ifs,FALSE,20,elitize_generation_data,58,16,0.327,NA
60,39,replace-space-with-newline,ifs,FALSE,20,elitize_generation_data,59,19,0.298,NA
61,39,replace-space-with-newline,ifs,FALSE,20,elitize_generation_data,60,17,0.303,NA
62,39,replace-space-with-newline,ifs,FALSE,20,elitize_generation_data,61,23,0.294,NA
63,39,replace-space-with-newline,ifs,FALSE,20,elitize_generation_data,62,17,0.302,NA
64,39,replace-space-with-newline,ifs,FALSE,20,elitize_generation_data,63,19,0.315,NA
65,39,replace-space-with-newline,ifs,FALSE,20,elitize_generation_data,64,21,0.347,NA
66,39,replace-space-with-newline,ifs,FALSE,20,elitize_generation_data,65,15,0.284,NA
67,39,replace-space-with-newline,ifs,FALSE,20,elitize_generation_data,66,19,0.328,NA
68,39,replace-space-with-newline,ifs,FALSE,20,elitize_generation_data,67,19,0.301,NA
69,39,replace-space-with-newline,ifs,FALSE,20,elitize_generation_data,68,17,0.299,NA
70,39,replace-space-with-newline,ifs,FALSE,20,elitize_generation_data,69,17,0.294,NA
71,39,replace-space-with-newline,ifs,FALSE,20,elitize_generation_data,70,18,0.287,NA
72,39,replace-space-with-newline,ifs,FALSE,20,elitize_generation_data,71,16,0.309,NA
73,39,replace-space-with-newline,ifs,FALSE,20,elitize_generation_data,72,17,0.298,NA
74,39,replace-space-with-newline,ifs,FALSE,20,elitize_generation_data,73,18,0.307,NA
75,39,replace-space-with-newline,ifs,FALSE,20,elitize_generation_data,74,18,0.288,NA
76,39,replace-space-with-newline,ifs,FALSE,20,elitize_generation_data,75,23,0.324,NA
77,39,replace-space-with-newline,ifs,FALSE,20,elitize_generation_data,76,23,0.318,NA
78,39,replace-space-with-newline,ifs,FALSE,20,elitize_generation_data,77,18,0.304,NA
79,39,replace-space-with-newline,ifs,FALSE,20,elitize_generation_data,78,17,0.313,NA
80,39,replace-space-with-newline,ifs,FALSE,20,elitize_generation_data,79,19,0.313,NA
81,39,replace-space-with-newline,ifs,FALSE,20,elitize_generation_data,80,20,0.325,NA
82,39,replace-space-with-newline,ifs,FALSE,20,elitize_generation_data,81,23,0.303,NA
83,39,replace-space-with-newline,ifs,FALSE,20,elitize_generation_data,82,27,0.332,NA
84,39,replace-space-with-newline,ifs,FALSE,20,elitize_generation_data,83,26,0.334,NA
85,39,replace-space-with-newline,ifs,FALSE,20,elitize_generation_data,84,18,0.318,NA
86,39,replace-space-with-newline,ifs,FALSE,20,elitize_generation_data,85,19,0.297,NA
87,39,replace-space-with-newline,ifs,FALSE,20,elitize_generation_data,86,24,0.317,NA
88,39,replace-space-with-newline,ifs,FALSE,20,elitize_generation_data,87,24,0.327,NA
89,39,replace-space-with-newline,ifs,FALSE,20,elitize_generation_data,88,14,0.287,NA
90,39,replace-space-with-newline,ifs,FALSE,20,elitize_generation_data,89,17,0.312,NA
91,39,replace-space-with-newline,ifs,FALSE,20,elitize_generation_data,90,13,0.32,NA
92,39,replace-space-with-newline,ifs,FALSE,20,elitize_generation_data,91,19,0.285,NA
93,39,replace-space-with-newline,ifs,FALSE,20,elitize_generation_data,92,18,0.294,NA
94,39,replace-space-with-newline,ifs,FALSE,20,elitize_generation_data,93,21,0.3,NA
95,39,replace-space-with-newline,ifs,FALSE,20,elitize_generation_data,94,19,0.314,NA
96,39,replace-space-with-newline,ifs,FALSE,20,elitize_generation_data,95,16,0.286,NA
97,39,replace-space-with-newline,ifs,FALSE,20,elitize_generation_data,96,19,0.29,NA
98,39,replace-space-with-newline,ifs,FALSE,20,elitize_generation_data,97,15,0.271,NA
99,39,replace-space-with-newline,ifs,FALSE,20,elitize_generation_data,98,16,0.294,NA
100,39,replace-space-with-newline,ifs,FALSE,20,elitize_generation_data,99,16,0.27,NA
101,39,replace-space-with-newline,ifs,FALSE,20,elitize_generation_data,100,20,0.291,NA
102,39,replace-space-with-newline,ifs,FALSE,20,elitize_generation_data,101,22,0.289,NA
103,39,replace-space-with-newline,ifs,FALSE,20,elitize_generation_data,102,22,0.312,NA
104,39,replace-space-with-newline,ifs,FALSE,20,elitize_generation_data,103,20,0.275,NA
105,39,replace-space-with-newline,ifs,FALSE,20,elitize_generation_data,104,16,0.287,NA
106,39,replace-space-with-newline,ifs,FALSE,20,elitize_generation_data,105,18,0.295,NA
107,39,replace-space-with-newline,ifs,FALSE,20,elitize_generation_data,106,17,0.293,NA
108,39,replace-space-with-newline,ifs,FALSE,20,elitize_generation_data,107,16,0.302,NA
109,39,replace-space-with-newline,ifs,FALSE,20,elitize_generation_data,108,16,0.279,NA
110,39,replace-space-with-newline,ifs,FALSE,20,elitize_generation_data,109,20,0.286,NA
111,39,replace-space-with-newline,ifs,FALSE,20,elitize_generation_data,110,17,0.299,NA
112,39,replace-space-with-newline,ifs,FALSE,20,elitize_generation_data,111,17,0.289,NA
113,39,replace-space-with-newline,ifs,FALSE,20,elitize_generation_data,112,18,0.295,NA
114,39,replace-space-with-newline,ifs,FALSE,20,elitize_generation_data,113,20,0.278,NA
115,39,replace-space-with-newline,ifs,FALSE,20,elitize_generation_data,114,15,0.298,NA
116,39,replace-space-with-newline,ifs,FALSE,20,elitize_generation_data,115,21,0.284,NA
117,39,replace-space-with-newline,ifs,FALSE,20,elitize_generation_data,116,17,0.271,NA
118,39,replace-space-with-newline,ifs,FALSE,20,elitize_generation_data,117,14,0.282,NA
119,39,replace-space-with-newline,ifs,FALSE,20,elitize_generation_data,118,14,0.316,NA
120,39,replace-space-with-newline,ifs,FALSE,20,elitize_generation_data,119,18,0.294,NA
121,39,replace-space-with-newline,ifs,FALSE,20,elitize_generation_data,120,13,0.282,NA
122,39,replace-space-with-newline,ifs,FALSE,20,elitize_generation_data,121,21,0.286,NA
123,39,replace-space-with-newline,ifs,FALSE,20,elitize_generation_data,122,20,0.284,NA
124,39,replace-space-with-newline,ifs,FALSE,20,elitize_generation_data,123,18,0.264,NA
125,39,replace-space-with-newline,ifs,FALSE,20,elitize_generation_data,124,15,0.279,NA
126,39,replace-space-with-newline,ifs,FALSE,20,elitize_generation_data,125,19,0.279,NA
127,39,replace-space-with-newline,ifs,FALSE,20,elitize_generation_data,126,17,0.285,NA
128,39,replace-space-with-newline,ifs,FALSE,20,elitize_generation_data,127,18,0.276,NA
129,39,replace-space-with-newline,ifs,FALSE,20,elitize_generation_data,128,15,0.29,NA
130,39,replace-space-with-newline,ifs,FALSE,20,elitize_generation_data,129,16,0.278,NA
131,39,replace-space-with-newline,ifs,FALSE,20,elitize_generation_data,130,15,0.279,NA
132,39,replace-space-with-newline,ifs,FALSE,20,elitize_generation_data,131,15,0.257,NA
133,39,replace-space-with-newline,ifs,FALSE,20,elitize_generation_data,132,14,0.267,NA
134,39,replace-space-with-newline,ifs,FALSE,20,elitize_generation_data,133,12,0.258,NA
135,39,replace-space-with-newline,ifs,FALSE,20,elitize_generation_data,134,16,0.281,NA
136,39,replace-space-with-newline,ifs,FALSE,20,elitize_generation_data,135,16,0.267,NA
137,39,replace-space-with-newline,ifs,FALSE,20,elitize_generation_data,136,15,0.267,NA
138,39,replace-space-with-newline,ifs,FALSE,20,elitize_generation_data,137,14,0.268,NA
139,39,replace-space-with-newline,ifs,FALSE,20,elitize_generation_data,138,13,0.256,NA
140,39,replace-space-with-newline,ifs,FALSE,20,elitize_generation_data,139,19,0.259,NA
141,39,replace-space-with-newline,ifs,FALSE,20,elitize_generation_data,140,17,0.264,NA
142,39,replace-space-with-newline,ifs,FALSE,20,elitize_generation_data,141,18,0.283,NA
143,39,replace-space-with-newline,ifs,FALSE,20,elitize_generation_data,142,18,0.237,NA
144,39,replace-space-with-newline,ifs,FALSE,20,elitize_generation_data,143,15,0.254,NA
145,39,replace-space-with-newline,ifs,FALSE,20,elitize_generation_data,144,18,0.265,NA
146,39,replace-space-with-newline,ifs,FALSE,20,elitize_generation_data,145,14,0.253,NA
147,39,replace-space-with-newline,ifs,FALSE,20,elitize_generation_data,146,18,0.251,NA
148,39,replace-space-with-newline,ifs,FALSE,20,elitize_generation_data,147,17,0.246,NA
149,39,replace-space-with-newline,ifs,FALSE,20,elitize_generation_data,148,20,0.264,NA
150,39,replace-space-with-newline,ifs,FALSE,20,elitize_generation_data,149,17,0.247,NA
151,39,replace-space-with-newline,ifs,FALSE,20,elitize_generation_data,150,20,0.248,NA
152,39,replace-space-with-newline,ifs,FALSE,20,elitize_generation_data,151,20,0.266,NA
153,39,replace-space-with-newline,ifs,FALSE,20,elitize_generation_data,152,17,0.258,NA
154,39,replace-space-with-newline,ifs,FALSE,20,elitize_generation_data,153,16,0.271,NA
155,39,replace-space-with-newline,ifs,FALSE,20,elitize_generation_data,154,17,0.3,NA
156,39,replace-space-with-newline,ifs,FALSE,20,elitize_generation_data,155,22,0.331,NA
157,39,replace-space-with-newline,ifs,FALSE,20,elitize_generation_data,156,18,0.377,NA
158,39,replace-space-with-newline,ifs,FALSE,20,elitize_generation_data,157,24,0.385,NA
159,39,replace-space-with-newline,ifs,FALSE,20,elitize_generation_data,158,30,0.374,NA
160,39,replace-space-with-newline,ifs,FALSE,20,elitize_generation_data,159,28,0.345,NA
161,39,replace-space-with-newline,ifs,FALSE,20,elitize_generation_data,160,33,0.388,NA
162,39,replace-space-with-newline,ifs,FALSE,20,elitize_generation_data,161,30,0.373,NA
163,39,replace-space-with-newline,ifs,FALSE,20,elitize_generation_data,162,28,0.316,NA
164,39,replace-space-with-newline,ifs,FALSE,20,elitize_generation_data,163,23,0.269,NA
165,39,replace-space-with-newline,ifs,FALSE,20,elitize_generation_data,164,24,0.279,NA
166,39,replace-space-with-newline,ifs,FALSE,20,elitize_generation_data,165,27,0.269,NA
167,39,replace-space-with-newline,ifs,FALSE,20,elitize_generation_data,166,28,0.285,NA
168,39,replace-space-with-newline,ifs,FALSE,20,elitize_generation_data,167,30,0.276,NA
169,39,replace-space-with-newline,ifs,FALSE,20,elitize_generation_data,168,25,0.274,NA
170,39,replace-space-with-newline,ifs,FALSE,20,elitize_generation_data,169,25,0.276,NA
171,39,replace-space-with-newline,ifs,FALSE,20,elitize_generation_data,170,22,0.234,NA
172,39,replace-space-with-newline,ifs,FALSE,20,elitize_generation_data,171,24,0.224,NA
173,39,replace-space-with-newline,ifs,FALSE,20,elitize_generation_data,172,26,0.212,NA
174,39,replace-space-with-newline,ifs,FALSE,20,elitize_generation_data,173,19,0.211,NA
175,39,replace-space-with-newline,ifs,FALSE,20,elitize_generation_data,174,22,0.211,NA
176,39,replace-space-with-newline,ifs,FALSE,20,elitize_generation_data,175,29,0.233,NA
177,39,replace-space-with-newline,ifs,FALSE,20,elitize_generation_data,176,24,0.233,NA
178,39,replace-space-with-newline,ifs,FALSE,20,elitize_generation_data,177,18,0.215,NA
179,39,replace-space-with-newline,ifs,FALSE,20,elitize_generation_data,178,18,0.201,NA
180,39,replace-space-with-newline,ifs,FALSE,20,elitize_generation_data,179,15,0.128,NA
181,39,replace-space-with-newline,ifs,FALSE,20,elitize_generation_data,180,14,0.125,NA
182,39,replace-space-with-newline,ifs,FALSE,20,elitize_generation_data,181,11,0.138,NA
183,39,replace-space-with-newline,ifs,FALSE,20,elitize_generation_data,182,12,0.117,NA
184,39,replace-space-with-newline,ifs,FALSE,20,elitize_generation_data,183,12,0.13,NA
185,39,replace-space-with-newline,ifs,FALSE,20,elitize_generation_data,184,11,0.12,NA
186,39,replace-space-with-newline,ifs,FALSE,20,elitize_generation_data,185,11,0.129,NA
187,39,replace-space-with-newline,ifs,FALSE,20,elitize_generation_data,186,13,0.124,NA
188,39,replace-space-with-newline,ifs,FALSE,20,elitize_generation_data,187,11,0.135,NA
189,39,replace-space-with-newline,ifs,FALSE,20,elitize_generation_data,188,12,0.126,NA
190,39,replace-space-with-newline,ifs,FALSE,20,elitize_generation_data,189,11,0.116,NA
191,39,replace-space-with-newline,ifs,FALSE,20,elitize_generation_data,190,13,0.136,NA
192,39,replace-space-with-newline,ifs,FALSE,20,elitize_generation_data,191,13,0.131,NA
193,39,replace-space-with-newline,ifs,FALSE,20,elitize_generation_data,192,13,0.124,NA
194,39,replace-space-with-newline,ifs,FALSE,20,elitize_generation_data,193,13,0.125,NA
195,39,replace-space-with-newline,ifs,FALSE,20,elitize_generation_data,194,11,0.112,NA
196,39,replace-space-with-newline,ifs,FALSE,20,elitize_generation_data,195,13,0.141,NA
197,39,replace-space-with-newline,ifs,FALSE,20,elitize_generation_data,196,10,0.127,NA
198,39,replace-space-with-newline,ifs,FALSE,20,elitize_generation_data,197,14,0.139,NA
199,39,replace-space-with-newline,ifs,FALSE,20,elitize_generation_data,198,15,0.111,NA
200,39,replace-space-with-newline,ifs,FALSE,20,elitize_generation_data,199,11,0.1,NA
201,39,replace-space-with-newline,ifs,FALSE,20,elitize_generation_data,200,12,0.113,NA
202,39,replace-space-with-newline,ifs,FALSE,20,elitize_generation_data,201,16,0.114,NA
203,39,replace-space-with-newline,ifs,FALSE,20,elitize_generation_data,202,14,0.12,NA
204,39,replace-space-with-newline,ifs,FALSE,20,elitize_generation_data,203,12,0.115,NA
205,39,replace-space-with-newline,ifs,FALSE,20,elitize_generation_data,204,14,0.1,NA
206,39,replace-space-with-newline,ifs,FALSE,20,elitize_generation_data,205,15,0.095,NA
207,39,replace-space-with-newline,ifs,FALSE,20,elitize_generation_data,206,15,0.097,NA
208,39,replace-space-with-newline,ifs,FALSE,20,elitize_generation_data,207,12,0.107,NA
209,39,replace-space-with-newline,ifs,FALSE,20,elitize_generation_data,208,12,0.093,NA
210,39,replace-space-with-newline,ifs,FALSE,20,elitize_generation_data,209,13,0.093,NA
211,39,replace-space-with-newline,ifs,FALSE,20,elitize_generation_data,210,15,0.098,NA
212,39,replace-space-with-newline,ifs,FALSE,20,elitize_generation_data,211,12,0.079,NA
213,39,replace-space-with-newline,ifs,FALSE,20,elitize_generation_data,212,12,0.078,NA
214,39,replace-space-with-newline,ifs,FALSE,20,elitize_generation_data,213,11,0.084,NA
215,39,replace-space-with-newline,ifs,FALSE,20,elitize_generation_data,214,15,0.071,NA
216,39,replace-space-with-newline,ifs,FALSE,20,elitize_generation_data,215,15,0.082,NA
217,39,replace-space-with-newline,ifs,FALSE,20,elitize_generation_data,216,12,0.08,NA
218,39,replace-space-with-newline,ifs,FALSE,20,elitize_generation_data,217,10,0.085,NA
219,39,replace-space-with-newline,ifs,FALSE,20,elitize_generation_data,218,15,0.092,NA
220,39,replace-space-with-newline,ifs,FALSE,20,elitize_generation_data,219,11,0.072,NA
221,39,replace-space-with-newline,ifs,FALSE,20,elitize_generation_data,220,12,0.085,NA
222,39,replace-space-with-newline,ifs,FALSE,20,elitize_generation_data,221,10,0.079,NA
223,39,replace-space-with-newline,ifs,FALSE,20,elitize_generation_data,222,13,0.084,NA
224,39,replace-space-with-newline,ifs,FALSE,20,elitize_generation_data,223,14,0.073,NA
225,39,replace-space-with-newline,ifs,FALSE,20,elitize_generation_data,224,12,0.079,NA
226,39,replace-space-with-newline,ifs,FALSE,20,elitize_generation_data,225,12,0.08,NA
227,39,replace-space-with-newline,ifs,FALSE,20,elitize_generation_data,226,11,0.067,NA
228,39,replace-space-with-newline,ifs,FALSE,20,elitize_generation_data,227,12,0.072,NA
229,39,replace-space-with-newline,ifs,FALSE,20,elitize_generation_data,228,12,0.083,NA
230,39,replace-space-with-newline,ifs,FALSE,20,elitize_generation_data,229,11,0.071,NA
231,39,replace-space-with-newline,ifs,FALSE,20,elitize_generation_data,230,11,0.077,NA
232,39,replace-space-with-newline,ifs,FALSE,20,elitize_generation_data,231,14,0.072,NA
233,39,replace-space-with-newline,ifs,FALSE,20,elitize_generation_data,232,12,0.068,NA
234,39,replace-space-with-newline,ifs,FALSE,20,elitize_generation_data,233,11,0.08,NA
235,39,replace-space-with-newline,ifs,FALSE,20,elitize_generation_data,234,16,0.08,NA
236,39,replace-space-with-newline,ifs,FALSE,20,elitize_generation_data,235,16,0.078,NA
237,39,replace-space-with-newline,ifs,FALSE,20,elitize_generation_data,236,12,0.074,NA
238,39,replace-space-with-newline,ifs,FALSE,20,elitize_generation_data,237,13,0.074,NA
239,39,replace-space-with-newline,ifs,FALSE,20,elitize_generation_data,238,14,0.073,NA
240,39,replace-space-with-newline,ifs,FALSE,20,elitize_generation_data,239,10,0.069,NA
241,39,replace-space-with-newline,ifs,FALSE,20,elitize_generation_data,240,10,0.066,NA
242,39,replace-space-with-newline,ifs,FALSE,20,elitize_generation_data,241,11,0.06,NA
243,39,replace-space-with-newline,ifs,FALSE,20,elitize_generation_data,242,8,0.072,NA
244,39,replace-space-with-newline,ifs,FALSE,20,elitize_generation_data,243,12,0.073,NA
245,39,replace-space-with-newline,ifs,FALSE,20,elitize_generation_data,244,10,0.08,NA
246,39,replace-space-with-newline,ifs,FALSE,20,elitize_generation_data,245,10,0.075,NA
247,39,replace-space-with-newline,ifs,FALSE,20,elitize_generation_data,246,10,0.061,NA
248,39,replace-space-with-newline,ifs,FALSE,20,elitize_generation_data,247,9,0.07,NA
249,39,replace-space-with-newline,ifs,FALSE,20,elitize_generation_data,248,12,0.074,NA
250,39,replace-space-with-newline,ifs,FALSE,20,elitize_generation_data,249,12,0.072,NA
251,39,replace-space-with-newline,ifs,FALSE,20,elitize_generation_data,250,14,0.076,NA
252,39,replace-space-with-newline,ifs,FALSE,20,elitize_generation_data,251,11,0.072,NA
253,39,replace-space-with-newline,ifs,FALSE,20,elitize_generation_data,252,10,0.062,NA
254,39,replace-space-with-newline,ifs,FALSE,20,elitize_generation_data,253,10,0.064,NA
255,39,replace-space-with-newline,ifs,FALSE,20,elitize_generation_data,254,8,0.069,NA
256,39,replace-space-with-newline,ifs,FALSE,20,elitize_generation_data,255,12,0.072,NA
257,39,replace-space-with-newline,ifs,FALSE,20,elitize_generation_data,256,11,0.076,NA
258,39,replace-space-with-newline,ifs,FALSE,20,elitize_generation_data,257,11,0.062,NA
259,39,replace-space-with-newline,ifs,FALSE,20,elitize_generation_data,258,10,0.071,NA
260,39,replace-space-with-newline,ifs,FALSE,20,elitize_generation_data,259,12,0.068,NA
261,39,replace-space-with-newline,ifs,FALSE,20,elitize_generation_data,260,12,0.07,NA
262,39,replace-space-with-newline,ifs,FALSE,20,elitize_generation_data,261,10,0.061,NA
263,39,replace-space-with-newline,ifs,FALSE,20,elitize_generation_data,262,14,0.073,NA
264,39,replace-space-with-newline,ifs,FALSE,20,elitize_generation_data,263,14,0.088,NA
265,39,replace-space-with-newline,ifs,FALSE,20,elitize_generation_data,264,12,0.073,NA
266,39,replace-space-with-newline,ifs,FALSE,20,elitize_generation_data,265,11,0.065,NA
267,39,replace-space-with-newline,ifs,FALSE,20,elitize_generation_data,266,10,0.077,NA
268,39,replace-space-with-newline,ifs,FALSE,20,elitize_generation_data,267,11,0.077,NA
269,39,replace-space-with-newline,ifs,FALSE,20,elitize_generation_data,268,11,0.062,NA
270,39,replace-space-with-newline,ifs,FALSE,20,elitize_generation_data,269,11,0.064,NA
271,39,replace-space-with-newline,ifs,FALSE,20,elitize_generation_data,270,14,0.069,NA
272,39,replace-space-with-newline,ifs,FALSE,20,elitize_generation_data,271,12,0.067,NA
273,39,replace-space-with-newline,ifs,FALSE,20,elitize_generation_data,272,10,0.07,NA
274,39,replace-space-with-newline,ifs,FALSE,20,elitize_generation_data,273,13,0.069,NA
275,39,replace-space-with-newline,ifs,FALSE,20,elitize_generation_data,274,11,0.067,NA
276,39,replace-space-with-newline,ifs,FALSE,20,elitize_generation_data,275,12,0.072,NA
277,39,replace-space-with-newline,ifs,FALSE,20,elitize_generation_data,276,11,0.07,NA
278,39,replace-space-with-newline,ifs,FALSE,20,elitize_generation_data,277,14,0.069,NA
279,39,replace-space-with-newline,ifs,FALSE,20,elitize_generation_data,278,11,0.079,NA
280,39,replace-space-with-newline,ifs,FALSE,20,elitize_generation_data,279,13,0.068,NA
281,39,replace-space-with-newline,ifs,FALSE,20,elitize_generation_data,280,11,0.072,NA
282,39,replace-space-with-newline,ifs,FALSE,20,elitize_generation_data,281,10,0.076,NA
283,39,replace-space-with-newline,ifs,FALSE,20,elitize_generation_data,282,12,0.078,NA
284,39,replace-space-with-newline,ifs,FALSE,20,elitize_generation_data,283,13,0.075,NA
285,39,replace-space-with-newline,ifs,FALSE,20,elitize_generation_data,284,9,0.066,NA
286,39,replace-space-with-newline,ifs,FALSE,20,elitize_generation_data,285,12,0.073,NA
287,39,replace-space-with-newline,ifs,FALSE,20,elitize_generation_data,286,11,0.077,NA
288,39,replace-space-with-newline,ifs,FALSE,20,elitize_generation_data,287,9,0.064,NA
289,39,replace-space-with-newline,ifs,FALSE,20,elitize_generation_data,288,11,0.076,NA
290,39,replace-space-with-newline,ifs,FALSE,20,elitize_generation_data,289,11,0.077,NA
291,39,replace-space-with-newline,ifs,FALSE,20,elitize_generation_data,290,11,0.076,NA
292,39,replace-space-with-newline,ifs,FALSE,20,elitize_generation_data,291,11,0.067,NA
293,39,replace-space-with-newline,ifs,FALSE,20,elitize_generation_data,292,11,0.07,NA
294,39,replace-space-with-newline,ifs,FALSE,20,elitize_generation_data,293,10,0.064,NA
295,39,replace-space-with-newline,ifs,FALSE,20,elitize_generation_data,294,12,0.068,NA
296,39,replace-space-with-newline,ifs,FALSE,20,elitize_generation_data,295,10,0.072,NA
297,39,replace-space-with-newline,ifs,FALSE,20,elitize_generation_data,296,9,0.079,NA
298,39,replace-space-with-newline,ifs,FALSE,20,elitize_generation_data,297,17,0.093,NA
299,39,replace-space-with-newline,ifs,FALSE,20,elitize_generation_data,298,11,0.063,NA
300,39,replace-space-with-newline,ifs,FALSE,20,elitize_generation_data,299,17,0.074,NA
301,39,replace-space-with-newline,ifs,FALSE,20,elitize_generation_data,300,11,0.07,NA
