,run.num,problem,treatment,succeeded,height,normalization.function,generation,cluster.count,error.diversity,success.generation
1,95,replace-space-with-newline,ifs,FALSE,20,elitize_generation_data,0,6,0.507,NA
2,95,replace-space-with-newline,ifs,FALSE,20,elitize_generation_data,1,4,0.338,NA
3,95,replace-space-with-newline,ifs,FALSE,20,elitize_generation_data,2,4,0.242,NA
4,95,replace-space-with-newline,ifs,FALSE,20,elitize_generation_data,3,10,0.204,NA
5,95,replace-space-with-newline,ifs,FALSE,20,elitize_generation_data,4,9,0.127,NA
6,95,replace-space-with-newline,ifs,FALSE,20,elitize_generation_data,5,5,0.126,NA
7,95,replace-space-with-newline,ifs,FALSE,20,elitize_generation_data,6,5,0.155,NA
8,95,replace-space-with-newline,ifs,FALSE,20,elitize_generation_data,7,5,0.144,NA
9,95,replace-space-with-newline,ifs,FALSE,20,elitize_generation_data,8,7,0.112,NA
10,95,replace-space-with-newline,ifs,FALSE,20,elitize_generation_data,9,7,0.1,NA
11,95,replace-space-with-newline,ifs,FALSE,20,elitize_generation_data,10,7,0.104,NA
12,95,replace-space-with-newline,ifs,FALSE,20,elitize_generation_data,11,9,0.104,NA
13,95,replace-space-with-newline,ifs,FALSE,20,elitize_generation_data,12,11,0.078,NA
14,95,replace-space-with-newline,ifs,FALSE,20,elitize_generation_data,13,16,0.118,NA
15,95,replace-space-with-newline,ifs,FALSE,20,elitize_generation_data,14,18,0.131,NA
16,95,replace-space-with-newline,ifs,FALSE,20,elitize_generation_data,15,16,0.125,NA
17,95,replace-space-with-newline,ifs,FALSE,20,elitize_generation_data,16,16,0.123,NA
18,95,replace-space-with-newline,ifs,FALSE,20,elitize_generation_data,17,18,0.15,NA
19,95,replace-space-with-newline,ifs,FALSE,20,elitize_generation_data,18,22,0.161,NA
20,95,replace-space-with-newline,ifs,FALSE,20,elitize_generation_data,19,17,0.139,NA
21,95,replace-space-with-newline,ifs,FALSE,20,elitize_generation_data,20,20,0.141,NA
22,95,replace-space-with-newline,ifs,FALSE,20,elitize_generation_data,21,16,0.141,NA
23,95,replace-space-with-newline,ifs,FALSE,20,elitize_generation_data,22,17,0.146,NA
24,95,replace-space-with-newline,ifs,FALSE,20,elitize_generation_data,23,18,0.165,NA
25,95,replace-space-with-newline,ifs,FALSE,20,elitize_generation_data,24,20,0.187,NA
26,95,replace-space-with-newline,ifs,FALSE,20,elitize_generation_data,25,29,0.185,NA
27,95,replace-space-with-newline,ifs,FALSE,20,elitize_generation_data,26,27,0.188,NA
28,95,replace-space-with-newline,ifs,FALSE,20,elitize_generation_data,27,24,0.2,NA
29,95,replace-space-with-newline,ifs,FALSE,20,elitize_generation_data,28,30,0.2,NA
30,95,replace-space-with-newline,ifs,FALSE,20,elitize_generation_data,29,23,0.191,NA
31,95,replace-space-with-newline,ifs,FALSE,20,elitize_generation_data,30,24,0.204,NA
32,95,replace-space-with-newline,ifs,FALSE,20,elitize_generation_data,31,25,0.197,NA
33,95,replace-space-with-newline,ifs,FALSE,20,elitize_generation_data,32,24,0.209,NA
34,95,replace-space-with-newline,ifs,FALSE,20,elitize_generation_data,33,19,0.22,NA
35,95,replace-space-with-newline,ifs,FALSE,20,elitize_generation_data,34,27,0.225,NA
36,95,replace-space-with-newline,ifs,FALSE,20,elitize_generation_data,35,25,0.233,NA
37,95,replace-space-with-newline,ifs,FALSE,20,elitize_generation_data,36,26,0.244,NA
38,95,replace-space-with-newline,ifs,FALSE,20,elitize_generation_data,37,26,0.244,NA
39,95,replace-space-with-newline,ifs,FALSE,20,elitize_generation_data,38,28,0.257,NA
40,95,replace-space-with-newline,ifs,FALSE,20,elitize_generation_data,39,23,0.253,NA
41,95,replace-space-with-newline,ifs,FALSE,20,elitize_generation_data,40,21,0.256,NA
42,95,replace-space-with-newline,ifs,FALSE,20,elitize_generation_data,41,24,0.249,NA
43,95,replace-space-with-newline,ifs,FALSE,20,elitize_generation_data,42,20,0.24,NA
44,95,replace-space-with-newline,ifs,FALSE,20,elitize_generation_data,43,21,0.249,NA
45,95,replace-space-with-newline,ifs,FALSE,20,elitize_generation_data,44,24,0.254,NA
46,95,replace-space-with-newline,ifs,FALSE,20,elitize_generation_data,45,23,0.285,NA
47,95,replace-space-with-newline,ifs,FALSE,20,elitize_generation_data,46,22,0.284,NA
48,95,replace-space-with-newline,ifs,FALSE,20,elitize_generation_data,47,20,0.29,NA
49,95,replace-space-with-newline,ifs,FALSE,20,elitize_generation_data,48,21,0.295,NA
50,95,replace-space-with-newline,ifs,FALSE,20,elitize_generation_data,49,25,0.31,NA
51,95,replace-space-with-newline,ifs,FALSE,20,elitize_generation_data,50,30,0.36,NA
52,95,replace-space-with-newline,ifs,FALSE,20,elitize_generation_data,51,31,0.423,NA
53,95,replace-space-with-newline,ifs,FALSE,20,elitize_generation_data,52,28,0.465,NA
54,95,replace-space-with-newline,ifs,FALSE,20,elitize_generation_data,53,36,0.482,NA
55,95,replace-space-with-newline,ifs,FALSE,20,elitize_generation_data,54,38,0.536,NA
56,95,replace-space-with-newline,ifs,FALSE,20,elitize_generation_data,55,39,0.522,NA
57,95,replace-space-with-newline,ifs,FALSE,20,elitize_generation_data,56,43,0.529,NA
58,95,replace-space-with-newline,ifs,FALSE,20,elitize_generation_data,57,38,0.539,NA
59,95,replace-space-with-newline,ifs,FALSE,20,elitize_generation_data,58,35,0.566,NA
60,95,replace-space-with-newline,ifs,FALSE,20,elitize_generation_data,59,46,0.594,NA
61,95,replace-space-with-newline,ifs,FALSE,20,elitize_generation_data,60,45,0.622,NA
62,95,replace-space-with-newline,ifs,FALSE,20,elitize_generation_data,61,53,0.647,NA
63,95,replace-space-with-newline,ifs,FALSE,20,elitize_generation_data,62,58,0.65,NA
64,95,replace-space-with-newline,ifs,FALSE,20,elitize_generation_data,63,60,0.626,NA
65,95,replace-space-with-newline,ifs,FALSE,20,elitize_generation_data,64,59,0.636,NA
66,95,replace-space-with-newline,ifs,FALSE,20,elitize_generation_data,65,66,0.62,NA
67,95,replace-space-with-newline,ifs,FALSE,20,elitize_generation_data,66,59,0.628,NA
68,95,replace-space-with-newline,ifs,FALSE,20,elitize_generation_data,67,74,0.661,NA
69,95,replace-space-with-newline,ifs,FALSE,20,elitize_generation_data,68,62,0.686,NA
70,95,replace-space-with-newline,ifs,FALSE,20,elitize_generation_data,69,60,0.672,NA
71,95,replace-space-with-newline,ifs,FALSE,20,elitize_generation_data,70,64,0.692,NA
72,95,replace-space-with-newline,ifs,FALSE,20,elitize_generation_data,71,77,0.668,NA
73,95,replace-space-with-newline,ifs,FALSE,20,elitize_generation_data,72,66,0.693,NA
74,95,replace-space-with-newline,ifs,FALSE,20,elitize_generation_data,73,73,0.682,NA
75,95,replace-space-with-newline,ifs,FALSE,20,elitize_generation_data,74,75,0.727,NA
76,95,replace-space-with-newline,ifs,FALSE,20,elitize_generation_data,75,68,0.688,NA
77,95,replace-space-with-newline,ifs,FALSE,20,elitize_generation_data,76,69,0.717,NA
78,95,replace-space-with-newline,ifs,FALSE,20,elitize_generation_data,77,56,0.699,NA
79,95,replace-space-with-newline,ifs,FALSE,20,elitize_generation_data,78,63,0.685,NA
80,95,replace-space-with-newline,ifs,FALSE,20,elitize_generation_data,79,54,0.695,NA
81,95,replace-space-with-newline,ifs,FALSE,20,elitize_generation_data,80,68,0.724,NA
82,95,replace-space-with-newline,ifs,FALSE,20,elitize_generation_data,81,64,0.722,NA
83,95,replace-space-with-newline,ifs,FALSE,20,elitize_generation_data,82,74,0.745,NA
84,95,replace-space-with-newline,ifs,FALSE,20,elitize_generation_data,83,76,0.768,NA
85,95,replace-space-with-newline,ifs,FALSE,20,elitize_generation_data,84,83,0.762,NA
86,95,replace-space-with-newline,ifs,FALSE,20,elitize_generation_data,85,82,0.732,NA
87,95,replace-space-with-newline,ifs,FALSE,20,elitize_generation_data,86,88,0.766,NA
88,95,replace-space-with-newline,ifs,FALSE,20,elitize_generation_data,87,93,0.8,NA
89,95,replace-space-with-newline,ifs,FALSE,20,elitize_generation_data,88,83,0.785,NA
90,95,replace-space-with-newline,ifs,FALSE,20,elitize_generation_data,89,85,0.785,NA
91,95,replace-space-with-newline,ifs,FALSE,20,elitize_generation_data,90,86,0.767,NA
92,95,replace-space-with-newline,ifs,FALSE,20,elitize_generation_data,91,91,0.773,NA
93,95,replace-space-with-newline,ifs,FALSE,20,elitize_generation_data,92,84,0.761,NA
94,95,replace-space-with-newline,ifs,FALSE,20,elitize_generation_data,93,77,0.757,NA
95,95,replace-space-with-newline,ifs,FALSE,20,elitize_generation_data,94,79,0.76,NA
96,95,replace-space-with-newline,ifs,FALSE,20,elitize_generation_data,95,76,0.75,NA
97,95,replace-space-with-newline,ifs,FALSE,20,elitize_generation_data,96,78,0.779,NA
98,95,replace-space-with-newline,ifs,FALSE,20,elitize_generation_data,97,76,0.767,NA
99,95,replace-space-with-newline,ifs,FALSE,20,elitize_generation_data,98,88,0.764,NA
100,95,replace-space-with-newline,ifs,FALSE,20,elitize_generation_data,99,77,0.769,NA
101,95,replace-space-with-newline,ifs,FALSE,20,elitize_generation_data,100,86,0.785,NA
102,95,replace-space-with-newline,ifs,FALSE,20,elitize_generation_data,101,102,0.787,NA
103,95,replace-space-with-newline,ifs,FALSE,20,elitize_generation_data,102,102,0.784,NA
104,95,replace-space-with-newline,ifs,FALSE,20,elitize_generation_data,103,88,0.782,NA
105,95,replace-space-with-newline,ifs,FALSE,20,elitize_generation_data,104,92,0.808,NA
106,95,replace-space-with-newline,ifs,FALSE,20,elitize_generation_data,105,89,0.782,NA
107,95,replace-space-with-newline,ifs,FALSE,20,elitize_generation_data,106,84,0.788,NA
108,95,replace-space-with-newline,ifs,FALSE,20,elitize_generation_data,107,87,0.772,NA
109,95,replace-space-with-newline,ifs,FALSE,20,elitize_generation_data,108,79,0.781,NA
110,95,replace-space-with-newline,ifs,FALSE,20,elitize_generation_data,109,87,0.785,NA
111,95,replace-space-with-newline,ifs,FALSE,20,elitize_generation_data,110,95,0.786,NA
112,95,replace-space-with-newline,ifs,FALSE,20,elitize_generation_data,111,96,0.794,NA
113,95,replace-space-with-newline,ifs,FALSE,20,elitize_generation_data,112,96,0.813,NA
114,95,replace-space-with-newline,ifs,FALSE,20,elitize_generation_data,113,90,0.811,NA
115,95,replace-space-with-newline,ifs,FALSE,20,elitize_generation_data,114,81,0.798,NA
116,95,replace-space-with-newline,ifs,FALSE,20,elitize_generation_data,115,115,0.802,NA
117,95,replace-space-with-newline,ifs,FALSE,20,elitize_generation_data,116,96,0.789,NA
118,95,replace-space-with-newline,ifs,FALSE,20,elitize_generation_data,117,101,0.783,NA
119,95,replace-space-with-newline,ifs,FALSE,20,elitize_generation_data,118,102,0.801,NA
120,95,replace-space-with-newline,ifs,FALSE,20,elitize_generation_data,119,116,0.78,NA
121,95,replace-space-with-newline,ifs,FALSE,20,elitize_generation_data,120,108,0.782,NA
122,95,replace-space-with-newline,ifs,FALSE,20,elitize_generation_data,121,103,0.797,NA
123,95,replace-space-with-newline,ifs,FALSE,20,elitize_generation_data,122,96,0.766,NA
124,95,replace-space-with-newline,ifs,FALSE,20,elitize_generation_data,123,94,0.77,NA
125,95,replace-space-with-newline,ifs,FALSE,20,elitize_generation_data,124,91,0.76,NA
126,95,replace-space-with-newline,ifs,FALSE,20,elitize_generation_data,125,98,0.752,NA
127,95,replace-space-with-newline,ifs,FALSE,20,elitize_generation_data,126,82,0.711,NA
128,95,replace-space-with-newline,ifs,FALSE,20,elitize_generation_data,127,91,0.732,NA
129,95,replace-space-with-newline,ifs,FALSE,20,elitize_generation_data,128,101,0.745,NA
130,95,replace-space-with-newline,ifs,FALSE,20,elitize_generation_data,129,107,0.728,NA
131,95,replace-space-with-newline,ifs,FALSE,20,elitize_generation_data,130,98,0.717,NA
132,95,replace-space-with-newline,ifs,FALSE,20,elitize_generation_data,131,110,0.717,NA
133,95,replace-space-with-newline,ifs,FALSE,20,elitize_generation_data,132,94,0.737,NA
134,95,replace-space-with-newline,ifs,FALSE,20,elitize_generation_data,133,84,0.737,NA
135,95,replace-space-with-newline,ifs,FALSE,20,elitize_generation_data,134,84,0.722,NA
136,95,replace-space-with-newline,ifs,FALSE,20,elitize_generation_data,135,93,0.716,NA
137,95,replace-space-with-newline,ifs,FALSE,20,elitize_generation_data,136,103,0.73,NA
138,95,replace-space-with-newline,ifs,FALSE,20,elitize_generation_data,137,108,0.752,NA
139,95,replace-space-with-newline,ifs,FALSE,20,elitize_generation_data,138,115,0.771,NA
140,95,replace-space-with-newline,ifs,FALSE,20,elitize_generation_data,139,85,0.768,NA
141,95,replace-space-with-newline,ifs,FALSE,20,elitize_generation_data,140,97,0.767,NA
142,95,replace-space-with-newline,ifs,FALSE,20,elitize_generation_data,141,101,0.768,NA
143,95,replace-space-with-newline,ifs,FALSE,20,elitize_generation_data,142,112,0.772,NA
144,95,replace-space-with-newline,ifs,FALSE,20,elitize_generation_data,143,95,0.751,NA
145,95,replace-space-with-newline,ifs,FALSE,20,elitize_generation_data,144,95,0.749,NA
146,95,replace-space-with-newline,ifs,FALSE,20,elitize_generation_data,145,96,0.745,NA
147,95,replace-space-with-newline,ifs,FALSE,20,elitize_generation_data,146,101,0.746,NA
148,95,replace-space-with-newline,ifs,FALSE,20,elitize_generation_data,147,95,0.754,NA
149,95,replace-space-with-newline,ifs,FALSE,20,elitize_generation_data,148,95,0.757,NA
150,95,replace-space-with-newline,ifs,FALSE,20,elitize_generation_data,149,105,0.755,NA
151,95,replace-space-with-newline,ifs,FALSE,20,elitize_generation_data,150,87,0.745,NA
152,95,replace-space-with-newline,ifs,FALSE,20,elitize_generation_data,151,83,0.751,NA
153,95,replace-space-with-newline,ifs,FALSE,20,elitize_generation_data,152,97,0.745,NA
154,95,replace-space-with-newline,ifs,FALSE,20,elitize_generation_data,153,86,0.751,NA
155,95,replace-space-with-newline,ifs,FALSE,20,elitize_generation_data,154,86,0.71,NA
156,95,replace-space-with-newline,ifs,FALSE,20,elitize_generation_data,155,78,0.709,NA
157,95,replace-space-with-newline,ifs,FALSE,20,elitize_generation_data,156,94,0.694,NA
158,95,replace-space-with-newline,ifs,FALSE,20,elitize_generation_data,157,82,0.716,NA
159,95,replace-space-with-newline,ifs,FALSE,20,elitize_generation_data,158,71,0.695,NA
160,95,replace-space-with-newline,ifs,FALSE,20,elitize_generation_data,159,82,0.703,NA
161,95,replace-space-with-newline,ifs,FALSE,20,elitize_generation_data,160,91,0.725,NA
162,95,replace-space-with-newline,ifs,FALSE,20,elitize_generation_data,161,86,0.715,NA
163,95,replace-space-with-newline,ifs,FALSE,20,elitize_generation_data,162,82,0.708,NA
164,95,replace-space-with-newline,ifs,FALSE,20,elitize_generation_data,163,87,0.73,NA
165,95,replace-space-with-newline,ifs,FALSE,20,elitize_generation_data,164,77,0.715,NA
166,95,replace-space-with-newline,ifs,FALSE,20,elitize_generation_data,165,85,0.734,NA
167,95,replace-space-with-newline,ifs,FALSE,20,elitize_generation_data,166,104,0.745,NA
168,95,replace-space-with-newline,ifs,FALSE,20,elitize_generation_data,167,77,0.721,NA
169,95,replace-space-with-newline,ifs,FALSE,20,elitize_generation_data,168,91,0.724,NA
170,95,replace-space-with-newline,ifs,FALSE,20,elitize_generation_data,169,86,0.722,NA
171,95,replace-space-with-newline,ifs,FALSE,20,elitize_generation_data,170,81,0.732,NA
172,95,replace-space-with-newline,ifs,FALSE,20,elitize_generation_data,171,86,0.726,NA
173,95,replace-space-with-newline,ifs,FALSE,20,elitize_generation_data,172,95,0.754,NA
174,95,replace-space-with-newline,ifs,FALSE,20,elitize_generation_data,173,88,0.738,NA
175,95,replace-space-with-newline,ifs,FALSE,20,elitize_generation_data,174,92,0.734,NA
176,95,replace-space-with-newline,ifs,FALSE,20,elitize_generation_data,175,81,0.75,NA
177,95,replace-space-with-newline,ifs,FALSE,20,elitize_generation_data,176,95,0.763,NA
178,95,replace-space-with-newline,ifs,FALSE,20,elitize_generation_data,177,82,0.756,NA
179,95,replace-space-with-newline,ifs,FALSE,20,elitize_generation_data,178,77,0.749,NA
180,95,replace-space-with-newline,ifs,FALSE,20,elitize_generation_data,179,84,0.757,NA
181,95,replace-space-with-newline,ifs,FALSE,20,elitize_generation_data,180,88,0.729,NA
182,95,replace-space-with-newline,ifs,FALSE,20,elitize_generation_data,181,84,0.746,NA
183,95,replace-space-with-newline,ifs,FALSE,20,elitize_generation_data,182,72,0.755,NA
184,95,replace-space-with-newline,ifs,FALSE,20,elitize_generation_data,183,91,0.759,NA
185,95,replace-space-with-newline,ifs,FALSE,20,elitize_generation_data,184,94,0.777,NA
186,95,replace-space-with-newline,ifs,FALSE,20,elitize_generation_data,185,86,0.747,NA
187,95,replace-space-with-newline,ifs,FALSE,20,elitize_generation_data,186,93,0.754,NA
188,95,replace-space-with-newline,ifs,FALSE,20,elitize_generation_data,187,84,0.742,NA
189,95,replace-space-with-newline,ifs,FALSE,20,elitize_generation_data,188,95,0.778,NA
190,95,replace-space-with-newline,ifs,FALSE,20,elitize_generation_data,189,102,0.749,NA
191,95,replace-space-with-newline,ifs,FALSE,20,elitize_generation_data,190,76,0.764,NA
192,95,replace-space-with-newline,ifs,FALSE,20,elitize_generation_data,191,97,0.736,NA
193,95,replace-space-with-newline,ifs,FALSE,20,elitize_generation_data,192,109,0.764,NA
194,95,replace-space-with-newline,ifs,FALSE,20,elitize_generation_data,193,99,0.779,NA
195,95,replace-space-with-newline,ifs,FALSE,20,elitize_generation_data,194,84,0.724,NA
196,95,replace-space-with-newline,ifs,FALSE,20,elitize_generation_data,195,78,0.724,NA
197,95,replace-space-with-newline,ifs,FALSE,20,elitize_generation_data,196,90,0.73,NA
198,95,replace-space-with-newline,ifs,FALSE,20,elitize_generation_data,197,97,0.734,NA
199,95,replace-space-with-newline,ifs,FALSE,20,elitize_generation_data,198,83,0.704,NA
200,95,replace-space-with-newline,ifs,FALSE,20,elitize_generation_data,199,99,0.715,NA
201,95,replace-space-with-newline,ifs,FALSE,20,elitize_generation_data,200,92,0.733,NA
202,95,replace-space-with-newline,ifs,FALSE,20,elitize_generation_data,201,74,0.743,NA
203,95,replace-space-with-newline,ifs,FALSE,20,elitize_generation_data,202,85,0.79,NA
204,95,replace-space-with-newline,ifs,FALSE,20,elitize_generation_data,203,87,0.777,NA
205,95,replace-space-with-newline,ifs,FALSE,20,elitize_generation_data,204,94,0.78,NA
206,95,replace-space-with-newline,ifs,FALSE,20,elitize_generation_data,205,88,0.75,NA
207,95,replace-space-with-newline,ifs,FALSE,20,elitize_generation_data,206,102,0.791,NA
208,95,replace-space-with-newline,ifs,FALSE,20,elitize_generation_data,207,98,0.769,NA
209,95,replace-space-with-newline,ifs,FALSE,20,elitize_generation_data,208,89,0.753,NA
210,95,replace-space-with-newline,ifs,FALSE,20,elitize_generation_data,209,93,0.753,NA
211,95,replace-space-with-newline,ifs,FALSE,20,elitize_generation_data,210,93,0.775,NA
212,95,replace-space-with-newline,ifs,FALSE,20,elitize_generation_data,211,97,0.733,NA
213,95,replace-space-with-newline,ifs,FALSE,20,elitize_generation_data,212,79,0.76,NA
214,95,replace-space-with-newline,ifs,FALSE,20,elitize_generation_data,213,87,0.746,NA
215,95,replace-space-with-newline,ifs,FALSE,20,elitize_generation_data,214,104,0.749,NA
216,95,replace-space-with-newline,ifs,FALSE,20,elitize_generation_data,215,87,0.756,NA
217,95,replace-space-with-newline,ifs,FALSE,20,elitize_generation_data,216,105,0.758,NA
218,95,replace-space-with-newline,ifs,FALSE,20,elitize_generation_data,217,106,0.768,NA
219,95,replace-space-with-newline,ifs,FALSE,20,elitize_generation_data,218,111,0.755,NA
220,95,replace-space-with-newline,ifs,FALSE,20,elitize_generation_data,219,127,0.743,NA
221,95,replace-space-with-newline,ifs,FALSE,20,elitize_generation_data,220,111,0.755,NA
222,95,replace-space-with-newline,ifs,FALSE,20,elitize_generation_data,221,115,0.763,NA
223,95,replace-space-with-newline,ifs,FALSE,20,elitize_generation_data,222,121,0.748,NA
224,95,replace-space-with-newline,ifs,FALSE,20,elitize_generation_data,223,129,0.747,NA
225,95,replace-space-with-newline,ifs,FALSE,20,elitize_generation_data,224,123,0.745,NA
226,95,replace-space-with-newline,ifs,FALSE,20,elitize_generation_data,225,131,0.747,NA
227,95,replace-space-with-newline,ifs,FALSE,20,elitize_generation_data,226,121,0.761,NA
228,95,replace-space-with-newline,ifs,FALSE,20,elitize_generation_data,227,134,0.762,NA
229,95,replace-space-with-newline,ifs,FALSE,20,elitize_generation_data,228,130,0.769,NA
230,95,replace-space-with-newline,ifs,FALSE,20,elitize_generation_data,229,122,0.771,NA
231,95,replace-space-with-newline,ifs,FALSE,20,elitize_generation_data,230,128,0.758,NA
232,95,replace-space-with-newline,ifs,FALSE,20,elitize_generation_data,231,147,0.754,NA
233,95,replace-space-with-newline,ifs,FALSE,20,elitize_generation_data,232,142,0.766,NA
234,95,replace-space-with-newline,ifs,FALSE,20,elitize_generation_data,233,129,0.741,NA
235,95,replace-space-with-newline,ifs,FALSE,20,elitize_generation_data,234,136,0.768,NA
236,95,replace-space-with-newline,ifs,FALSE,20,elitize_generation_data,235,135,0.751,NA
237,95,replace-space-with-newline,ifs,FALSE,20,elitize_generation_data,236,129,0.758,NA
238,95,replace-space-with-newline,ifs,FALSE,20,elitize_generation_data,237,135,0.755,NA
239,95,replace-space-with-newline,ifs,FALSE,20,elitize_generation_data,238,143,0.772,NA
240,95,replace-space-with-newline,ifs,FALSE,20,elitize_generation_data,239,140,0.754,NA
241,95,replace-space-with-newline,ifs,FALSE,20,elitize_generation_data,240,127,0.761,NA
242,95,replace-space-with-newline,ifs,FALSE,20,elitize_generation_data,241,146,0.758,NA
243,95,replace-space-with-newline,ifs,FALSE,20,elitize_generation_data,242,126,0.761,NA
244,95,replace-space-with-newline,ifs,FALSE,20,elitize_generation_data,243,130,0.77,NA
245,95,replace-space-with-newline,ifs,FALSE,20,elitize_generation_data,244,129,0.757,NA
246,95,replace-space-with-newline,ifs,FALSE,20,elitize_generation_data,245,128,0.782,NA
247,95,replace-space-with-newline,ifs,FALSE,20,elitize_generation_data,246,140,0.781,NA
248,95,replace-space-with-newline,ifs,FALSE,20,elitize_generation_data,247,132,0.76,NA
249,95,replace-space-with-newline,ifs,FALSE,20,elitize_generation_data,248,139,0.762,NA
250,95,replace-space-with-newline,ifs,FALSE,20,elitize_generation_data,249,133,0.758,NA
251,95,replace-space-with-newline,ifs,FALSE,20,elitize_generation_data,250,138,0.783,NA
252,95,replace-space-with-newline,ifs,FALSE,20,elitize_generation_data,251,141,0.786,NA
253,95,replace-space-with-newline,ifs,FALSE,20,elitize_generation_data,252,134,0.747,NA
254,95,replace-space-with-newline,ifs,FALSE,20,elitize_generation_data,253,145,0.768,NA
255,95,replace-space-with-newline,ifs,FALSE,20,elitize_generation_data,254,156,0.781,NA
256,95,replace-space-with-newline,ifs,FALSE,20,elitize_generation_data,255,138,0.744,NA
257,95,replace-space-with-newline,ifs,FALSE,20,elitize_generation_data,256,124,0.742,NA
258,95,replace-space-with-newline,ifs,FALSE,20,elitize_generation_data,257,141,0.766,NA
259,95,replace-space-with-newline,ifs,FALSE,20,elitize_generation_data,258,133,0.749,NA
260,95,replace-space-with-newline,ifs,FALSE,20,elitize_generation_data,259,142,0.763,NA
261,95,replace-space-with-newline,ifs,FALSE,20,elitize_generation_data,260,126,0.742,NA
262,95,replace-space-with-newline,ifs,FALSE,20,elitize_generation_data,261,142,0.754,NA
263,95,replace-space-with-newline,ifs,FALSE,20,elitize_generation_data,262,135,0.768,NA
264,95,replace-space-with-newline,ifs,FALSE,20,elitize_generation_data,263,139,0.759,NA
265,95,replace-space-with-newline,ifs,FALSE,20,elitize_generation_data,264,148,0.758,NA
266,95,replace-space-with-newline,ifs,FALSE,20,elitize_generation_data,265,144,0.759,NA
267,95,replace-space-with-newline,ifs,FALSE,20,elitize_generation_data,266,136,0.759,NA
268,95,replace-space-with-newline,ifs,FALSE,20,elitize_generation_data,267,130,0.749,NA
269,95,replace-space-with-newline,ifs,FALSE,20,elitize_generation_data,268,155,0.741,NA
270,95,replace-space-with-newline,ifs,FALSE,20,elitize_generation_data,269,155,0.757,NA
271,95,replace-space-with-newline,ifs,FALSE,20,elitize_generation_data,270,140,0.775,NA
272,95,replace-space-with-newline,ifs,FALSE,20,elitize_generation_data,271,138,0.727,NA
273,95,replace-space-with-newline,ifs,FALSE,20,elitize_generation_data,272,149,0.759,NA
274,95,replace-space-with-newline,ifs,FALSE,20,elitize_generation_data,273,141,0.772,NA
275,95,replace-space-with-newline,ifs,FALSE,20,elitize_generation_data,274,142,0.744,NA
276,95,replace-space-with-newline,ifs,FALSE,20,elitize_generation_data,275,147,0.782,NA
277,95,replace-space-with-newline,ifs,FALSE,20,elitize_generation_data,276,154,0.773,NA
278,95,replace-space-with-newline,ifs,FALSE,20,elitize_generation_data,277,149,0.787,NA
279,95,replace-space-with-newline,ifs,FALSE,20,elitize_generation_data,278,146,0.771,NA
280,95,replace-space-with-newline,ifs,FALSE,20,elitize_generation_data,279,145,0.783,NA
281,95,replace-space-with-newline,ifs,FALSE,20,elitize_generation_data,280,144,0.796,NA
282,95,replace-space-with-newline,ifs,FALSE,20,elitize_generation_data,281,142,0.778,NA
283,95,replace-space-with-newline,ifs,FALSE,20,elitize_generation_data,282,144,0.786,NA
284,95,replace-space-with-newline,ifs,FALSE,20,elitize_generation_data,283,143,0.763,NA
285,95,replace-space-with-newline,ifs,FALSE,20,elitize_generation_data,284,149,0.761,NA
286,95,replace-space-with-newline,ifs,FALSE,20,elitize_generation_data,285,146,0.778,NA
287,95,replace-space-with-newline,ifs,FALSE,20,elitize_generation_data,286,150,0.788,NA
288,95,replace-space-with-newline,ifs,FALSE,20,elitize_generation_data,287,145,0.77,NA
289,95,replace-space-with-newline,ifs,FALSE,20,elitize_generation_data,288,142,0.764,NA
290,95,replace-space-with-newline,ifs,FALSE,20,elitize_generation_data,289,141,0.752,NA
291,95,replace-space-with-newline,ifs,FALSE,20,elitize_generation_data,290,162,0.768,NA
292,95,replace-space-with-newline,ifs,FALSE,20,elitize_generation_data,291,157,0.776,NA
293,95,replace-space-with-newline,ifs,FALSE,20,elitize_generation_data,292,155,0.764,NA
294,95,replace-space-with-newline,ifs,FALSE,20,elitize_generation_data,293,149,0.743,NA
295,95,replace-space-with-newline,ifs,FALSE,20,elitize_generation_data,294,142,0.738,NA
296,95,replace-space-with-newline,ifs,FALSE,20,elitize_generation_data,295,154,0.75,NA
297,95,replace-space-with-newline,ifs,FALSE,20,elitize_generation_data,296,161,0.746,NA
298,95,replace-space-with-newline,ifs,FALSE,20,elitize_generation_data,297,159,0.759,NA
299,95,replace-space-with-newline,ifs,FALSE,20,elitize_generation_data,298,157,0.749,NA
300,95,replace-space-with-newline,ifs,FALSE,20,elitize_generation_data,299,158,0.781,NA
301,95,replace-space-with-newline,ifs,FALSE,20,elitize_generation_data,300,156,0.785,NA
