,run.num,problem,treatment,succeeded,height,normalization.function,generation,cluster.count,error.diversity,success.generation
1,81,replace-space-with-newline,ifs,FALSE,20,elitize_generation_data,0,5,0.478,NA
2,81,replace-space-with-newline,ifs,FALSE,20,elitize_generation_data,1,6,0.356,NA
3,81,replace-space-with-newline,ifs,FALSE,20,elitize_generation_data,2,7,0.242,NA
4,81,replace-space-with-newline,ifs,FALSE,20,elitize_generation_data,3,9,0.243,NA
5,81,replace-space-with-newline,ifs,FALSE,20,elitize_generation_data,4,12,0.214,NA
6,81,replace-space-with-newline,ifs,FALSE,20,elitize_generation_data,5,11,0.17,NA
7,81,replace-space-with-newline,ifs,FALSE,20,elitize_generation_data,6,8,0.145,NA
8,81,replace-space-with-newline,ifs,FALSE,20,elitize_generation_data,7,10,0.162,NA
9,81,replace-space-with-newline,ifs,FALSE,20,elitize_generation_data,8,14,0.192,NA
10,81,replace-space-with-newline,ifs,FALSE,20,elitize_generation_data,9,19,0.203,NA
11,81,replace-space-with-newline,ifs,FALSE,20,elitize_generation_data,10,20,0.244,NA
12,81,replace-space-with-newline,ifs,FALSE,20,elitize_generation_data,11,25,0.273,NA
13,81,replace-space-with-newline,ifs,FALSE,20,elitize_generation_data,12,26,0.263,NA
14,81,replace-space-with-newline,ifs,FALSE,20,elitize_generation_data,13,28,0.276,NA
15,81,replace-space-with-newline,ifs,FALSE,20,elitize_generation_data,14,27,0.312,NA
16,81,replace-space-with-newline,ifs,FALSE,20,elitize_generation_data,15,31,0.33,NA
17,81,replace-space-with-newline,ifs,FALSE,20,elitize_generation_data,16,41,0.359,NA
18,81,replace-space-with-newline,ifs,FALSE,20,elitize_generation_data,17,30,0.414,NA
19,81,replace-space-with-newline,ifs,FALSE,20,elitize_generation_data,18,36,0.4,NA
20,81,replace-space-with-newline,ifs,FALSE,20,elitize_generation_data,19,31,0.445,NA
21,81,replace-space-with-newline,ifs,FALSE,20,elitize_generation_data,20,46,0.495,NA
22,81,replace-space-with-newline,ifs,FALSE,20,elitize_generation_data,21,49,0.487,NA
23,81,replace-space-with-newline,ifs,FALSE,20,elitize_generation_data,22,34,0.469,NA
24,81,replace-space-with-newline,ifs,FALSE,20,elitize_generation_data,23,30,0.42,NA
25,81,replace-space-with-newline,ifs,FALSE,20,elitize_generation_data,24,33,0.408,NA
26,81,replace-space-with-newline,ifs,FALSE,20,elitize_generation_data,25,29,0.47,NA
27,81,replace-space-with-newline,ifs,FALSE,20,elitize_generation_data,26,38,0.451,NA
28,81,replace-space-with-newline,ifs,FALSE,20,elitize_generation_data,27,37,0.417,NA
29,81,replace-space-with-newline,ifs,FALSE,20,elitize_generation_data,28,30,0.425,NA
30,81,replace-space-with-newline,ifs,FALSE,20,elitize_generation_data,29,33,0.464,NA
31,81,replace-space-with-newline,ifs,FALSE,20,elitize_generation_data,30,43,0.507,NA
32,81,replace-space-with-newline,ifs,FALSE,20,elitize_generation_data,31,32,0.524,NA
33,81,replace-space-with-newline,ifs,FALSE,20,elitize_generation_data,32,33,0.556,NA
34,81,replace-space-with-newline,ifs,FALSE,20,elitize_generation_data,33,37,0.512,NA
35,81,replace-space-with-newline,ifs,FALSE,20,elitize_generation_data,34,47,0.514,NA
36,81,replace-space-with-newline,ifs,FALSE,20,elitize_generation_data,35,50,0.568,NA
37,81,replace-space-with-newline,ifs,FALSE,20,elitize_generation_data,36,49,0.568,NA
38,81,replace-space-with-newline,ifs,FALSE,20,elitize_generation_data,37,49,0.58,NA
39,81,replace-space-with-newline,ifs,FALSE,20,elitize_generation_data,38,47,0.573,NA
40,81,replace-space-with-newline,ifs,FALSE,20,elitize_generation_data,39,47,0.565,NA
41,81,replace-space-with-newline,ifs,FALSE,20,elitize_generation_data,40,39,0.585,NA
42,81,replace-space-with-newline,ifs,FALSE,20,elitize_generation_data,41,46,0.633,NA
43,81,replace-space-with-newline,ifs,FALSE,20,elitize_generation_data,42,52,0.662,NA
44,81,replace-space-with-newline,ifs,FALSE,20,elitize_generation_data,43,52,0.65,NA
45,81,replace-space-with-newline,ifs,FALSE,20,elitize_generation_data,44,42,0.641,NA
46,81,replace-space-with-newline,ifs,FALSE,20,elitize_generation_data,45,50,0.618,NA
47,81,replace-space-with-newline,ifs,FALSE,20,elitize_generation_data,46,40,0.634,NA
48,81,replace-space-with-newline,ifs,FALSE,20,elitize_generation_data,47,47,0.637,NA
49,81,replace-space-with-newline,ifs,FALSE,20,elitize_generation_data,48,49,0.618,NA
50,81,replace-space-with-newline,ifs,FALSE,20,elitize_generation_data,49,43,0.63,NA
51,81,replace-space-with-newline,ifs,FALSE,20,elitize_generation_data,50,38,0.598,NA
52,81,replace-space-with-newline,ifs,FALSE,20,elitize_generation_data,51,39,0.603,NA
53,81,replace-space-with-newline,ifs,FALSE,20,elitize_generation_data,52,41,0.619,NA
54,81,replace-space-with-newline,ifs,FALSE,20,elitize_generation_data,53,51,0.62,NA
55,81,replace-space-with-newline,ifs,FALSE,20,elitize_generation_data,54,43,0.644,NA
56,81,replace-space-with-newline,ifs,FALSE,20,elitize_generation_data,55,50,0.665,NA
57,81,replace-space-with-newline,ifs,FALSE,20,elitize_generation_data,56,43,0.647,NA
58,81,replace-space-with-newline,ifs,FALSE,20,elitize_generation_data,57,50,0.673,NA
59,81,replace-space-with-newline,ifs,FALSE,20,elitize_generation_data,58,56,0.672,NA
60,81,replace-space-with-newline,ifs,FALSE,20,elitize_generation_data,59,40,0.664,NA
61,81,replace-space-with-newline,ifs,FALSE,20,elitize_generation_data,60,63,0.687,NA
62,81,replace-space-with-newline,ifs,FALSE,20,elitize_generation_data,61,65,0.704,NA
63,81,replace-space-with-newline,ifs,FALSE,20,elitize_generation_data,62,57,0.727,NA
64,81,replace-space-with-newline,ifs,FALSE,20,elitize_generation_data,63,70,0.743,NA
65,81,replace-space-with-newline,ifs,FALSE,20,elitize_generation_data,64,54,0.729,NA
66,81,replace-space-with-newline,ifs,FALSE,20,elitize_generation_data,65,62,0.75,NA
67,81,replace-space-with-newline,ifs,FALSE,20,elitize_generation_data,66,73,0.721,NA
68,81,replace-space-with-newline,ifs,FALSE,20,elitize_generation_data,67,61,0.734,NA
69,81,replace-space-with-newline,ifs,FALSE,20,elitize_generation_data,68,65,0.716,NA
70,81,replace-space-with-newline,ifs,FALSE,20,elitize_generation_data,69,67,0.712,NA
71,81,replace-space-with-newline,ifs,FALSE,20,elitize_generation_data,70,51,0.716,NA
72,81,replace-space-with-newline,ifs,FALSE,20,elitize_generation_data,71,75,0.724,NA
73,81,replace-space-with-newline,ifs,FALSE,20,elitize_generation_data,72,68,0.719,NA
74,81,replace-space-with-newline,ifs,FALSE,20,elitize_generation_data,73,64,0.742,NA
75,81,replace-space-with-newline,ifs,FALSE,20,elitize_generation_data,74,61,0.732,NA
76,81,replace-space-with-newline,ifs,FALSE,20,elitize_generation_data,75,60,0.737,NA
77,81,replace-space-with-newline,ifs,FALSE,20,elitize_generation_data,76,72,0.725,NA
78,81,replace-space-with-newline,ifs,FALSE,20,elitize_generation_data,77,67,0.723,NA
79,81,replace-space-with-newline,ifs,FALSE,20,elitize_generation_data,78,74,0.681,NA
80,81,replace-space-with-newline,ifs,FALSE,20,elitize_generation_data,79,71,0.694,NA
81,81,replace-space-with-newline,ifs,FALSE,20,elitize_generation_data,80,66,0.67,NA
82,81,replace-space-with-newline,ifs,FALSE,20,elitize_generation_data,81,68,0.657,NA
83,81,replace-space-with-newline,ifs,FALSE,20,elitize_generation_data,82,61,0.651,NA
84,81,replace-space-with-newline,ifs,FALSE,20,elitize_generation_data,83,66,0.663,NA
85,81,replace-space-with-newline,ifs,FALSE,20,elitize_generation_data,84,60,0.662,NA
86,81,replace-space-with-newline,ifs,FALSE,20,elitize_generation_data,85,55,0.667,NA
87,81,replace-space-with-newline,ifs,FALSE,20,elitize_generation_data,86,64,0.671,NA
88,81,replace-space-with-newline,ifs,FALSE,20,elitize_generation_data,87,63,0.687,NA
89,81,replace-space-with-newline,ifs,FALSE,20,elitize_generation_data,88,72,0.701,NA
90,81,replace-space-with-newline,ifs,FALSE,20,elitize_generation_data,89,67,0.723,NA
91,81,replace-space-with-newline,ifs,FALSE,20,elitize_generation_data,90,71,0.745,NA
92,81,replace-space-with-newline,ifs,FALSE,20,elitize_generation_data,91,66,0.739,NA
93,81,replace-space-with-newline,ifs,FALSE,20,elitize_generation_data,92,65,0.729,NA
94,81,replace-space-with-newline,ifs,FALSE,20,elitize_generation_data,93,82,0.743,NA
95,81,replace-space-with-newline,ifs,FALSE,20,elitize_generation_data,94,72,0.772,NA
96,81,replace-space-with-newline,ifs,FALSE,20,elitize_generation_data,95,81,0.74,NA
97,81,replace-space-with-newline,ifs,FALSE,20,elitize_generation_data,96,82,0.759,NA
98,81,replace-space-with-newline,ifs,FALSE,20,elitize_generation_data,97,71,0.739,NA
99,81,replace-space-with-newline,ifs,FALSE,20,elitize_generation_data,98,69,0.765,NA
100,81,replace-space-with-newline,ifs,FALSE,20,elitize_generation_data,99,59,0.739,NA
101,81,replace-space-with-newline,ifs,FALSE,20,elitize_generation_data,100,77,0.749,NA
102,81,replace-space-with-newline,ifs,FALSE,20,elitize_generation_data,101,66,0.742,NA
103,81,replace-space-with-newline,ifs,FALSE,20,elitize_generation_data,102,75,0.718,NA
104,81,replace-space-with-newline,ifs,FALSE,20,elitize_generation_data,103,68,0.725,NA
105,81,replace-space-with-newline,ifs,FALSE,20,elitize_generation_data,104,77,0.727,NA
106,81,replace-space-with-newline,ifs,FALSE,20,elitize_generation_data,105,68,0.693,NA
107,81,replace-space-with-newline,ifs,FALSE,20,elitize_generation_data,106,57,0.673,NA
108,81,replace-space-with-newline,ifs,FALSE,20,elitize_generation_data,107,70,0.69,NA
109,81,replace-space-with-newline,ifs,FALSE,20,elitize_generation_data,108,65,0.719,NA
110,81,replace-space-with-newline,ifs,FALSE,20,elitize_generation_data,109,76,0.726,NA
111,81,replace-space-with-newline,ifs,FALSE,20,elitize_generation_data,110,64,0.689,NA
112,81,replace-space-with-newline,ifs,FALSE,20,elitize_generation_data,111,73,0.678,NA
113,81,replace-space-with-newline,ifs,FALSE,20,elitize_generation_data,112,65,0.707,NA
114,81,replace-space-with-newline,ifs,FALSE,20,elitize_generation_data,113,67,0.694,NA
115,81,replace-space-with-newline,ifs,FALSE,20,elitize_generation_data,114,75,0.702,NA
116,81,replace-space-with-newline,ifs,FALSE,20,elitize_generation_data,115,70,0.709,NA
117,81,replace-space-with-newline,ifs,FALSE,20,elitize_generation_data,116,72,0.719,NA
118,81,replace-space-with-newline,ifs,FALSE,20,elitize_generation_data,117,76,0.721,NA
119,81,replace-space-with-newline,ifs,FALSE,20,elitize_generation_data,118,72,0.705,NA
120,81,replace-space-with-newline,ifs,FALSE,20,elitize_generation_data,119,80,0.749,NA
121,81,replace-space-with-newline,ifs,FALSE,20,elitize_generation_data,120,76,0.753,NA
122,81,replace-space-with-newline,ifs,FALSE,20,elitize_generation_data,121,82,0.755,NA
123,81,replace-space-with-newline,ifs,FALSE,20,elitize_generation_data,122,58,0.712,NA
124,81,replace-space-with-newline,ifs,FALSE,20,elitize_generation_data,123,83,0.732,NA
125,81,replace-space-with-newline,ifs,FALSE,20,elitize_generation_data,124,78,0.667,NA
126,81,replace-space-with-newline,ifs,FALSE,20,elitize_generation_data,125,77,0.692,NA
127,81,replace-space-with-newline,ifs,FALSE,20,elitize_generation_data,126,84,0.716,NA
128,81,replace-space-with-newline,ifs,FALSE,20,elitize_generation_data,127,78,0.723,NA
129,81,replace-space-with-newline,ifs,FALSE,20,elitize_generation_data,128,79,0.712,NA
130,81,replace-space-with-newline,ifs,FALSE,20,elitize_generation_data,129,69,0.711,NA
131,81,replace-space-with-newline,ifs,FALSE,20,elitize_generation_data,130,69,0.704,NA
132,81,replace-space-with-newline,ifs,FALSE,20,elitize_generation_data,131,68,0.689,NA
133,81,replace-space-with-newline,ifs,FALSE,20,elitize_generation_data,132,71,0.711,NA
134,81,replace-space-with-newline,ifs,FALSE,20,elitize_generation_data,133,68,0.694,NA
135,81,replace-space-with-newline,ifs,FALSE,20,elitize_generation_data,134,77,0.689,NA
136,81,replace-space-with-newline,ifs,FALSE,20,elitize_generation_data,135,71,0.663,NA
137,81,replace-space-with-newline,ifs,FALSE,20,elitize_generation_data,136,69,0.657,NA
138,81,replace-space-with-newline,ifs,FALSE,20,elitize_generation_data,137,72,0.681,NA
139,81,replace-space-with-newline,ifs,FALSE,20,elitize_generation_data,138,75,0.69,NA
140,81,replace-space-with-newline,ifs,FALSE,20,elitize_generation_data,139,71,0.743,NA
141,81,replace-space-with-newline,ifs,FALSE,20,elitize_generation_data,140,69,0.717,NA
142,81,replace-space-with-newline,ifs,FALSE,20,elitize_generation_data,141,84,0.724,NA
143,81,replace-space-with-newline,ifs,FALSE,20,elitize_generation_data,142,65,0.731,NA
144,81,replace-space-with-newline,ifs,FALSE,20,elitize_generation_data,143,69,0.722,NA
145,81,replace-space-with-newline,ifs,FALSE,20,elitize_generation_data,144,75,0.73,NA
146,81,replace-space-with-newline,ifs,FALSE,20,elitize_generation_data,145,89,0.765,NA
147,81,replace-space-with-newline,ifs,FALSE,20,elitize_generation_data,146,92,0.773,NA
148,81,replace-space-with-newline,ifs,FALSE,20,elitize_generation_data,147,85,0.772,NA
149,81,replace-space-with-newline,ifs,FALSE,20,elitize_generation_data,148,91,0.785,NA
150,81,replace-space-with-newline,ifs,FALSE,20,elitize_generation_data,149,83,0.775,NA
151,81,replace-space-with-newline,ifs,FALSE,20,elitize_generation_data,150,95,0.772,NA
152,81,replace-space-with-newline,ifs,FALSE,20,elitize_generation_data,151,95,0.77,NA
153,81,replace-space-with-newline,ifs,FALSE,20,elitize_generation_data,152,79,0.763,NA
154,81,replace-space-with-newline,ifs,FALSE,20,elitize_generation_data,153,90,0.765,NA
155,81,replace-space-with-newline,ifs,FALSE,20,elitize_generation_data,154,74,0.746,NA
156,81,replace-space-with-newline,ifs,FALSE,20,elitize_generation_data,155,88,0.747,NA
157,81,replace-space-with-newline,ifs,FALSE,20,elitize_generation_data,156,95,0.754,NA
158,81,replace-space-with-newline,ifs,FALSE,20,elitize_generation_data,157,83,0.771,NA
159,81,replace-space-with-newline,ifs,FALSE,20,elitize_generation_data,158,78,0.768,NA
160,81,replace-space-with-newline,ifs,FALSE,20,elitize_generation_data,159,81,0.762,NA
161,81,replace-space-with-newline,ifs,FALSE,20,elitize_generation_data,160,74,0.764,NA
162,81,replace-space-with-newline,ifs,FALSE,20,elitize_generation_data,161,89,0.767,NA
163,81,replace-space-with-newline,ifs,FALSE,20,elitize_generation_data,162,84,0.771,NA
164,81,replace-space-with-newline,ifs,FALSE,20,elitize_generation_data,163,77,0.78,NA
165,81,replace-space-with-newline,ifs,FALSE,20,elitize_generation_data,164,84,0.77,NA
166,81,replace-space-with-newline,ifs,FALSE,20,elitize_generation_data,165,82,0.744,NA
167,81,replace-space-with-newline,ifs,FALSE,20,elitize_generation_data,166,83,0.761,NA
168,81,replace-space-with-newline,ifs,FALSE,20,elitize_generation_data,167,74,0.763,NA
169,81,replace-space-with-newline,ifs,FALSE,20,elitize_generation_data,168,63,0.732,NA
170,81,replace-space-with-newline,ifs,FALSE,20,elitize_generation_data,169,62,0.751,NA
171,81,replace-space-with-newline,ifs,FALSE,20,elitize_generation_data,170,65,0.751,NA
172,81,replace-space-with-newline,ifs,FALSE,20,elitize_generation_data,171,73,0.731,NA
173,81,replace-space-with-newline,ifs,FALSE,20,elitize_generation_data,172,66,0.733,NA
174,81,replace-space-with-newline,ifs,FALSE,20,elitize_generation_data,173,67,0.736,NA
175,81,replace-space-with-newline,ifs,FALSE,20,elitize_generation_data,174,62,0.764,NA
176,81,replace-space-with-newline,ifs,FALSE,20,elitize_generation_data,175,67,0.717,NA
177,81,replace-space-with-newline,ifs,FALSE,20,elitize_generation_data,176,58,0.718,NA
178,81,replace-space-with-newline,ifs,FALSE,20,elitize_generation_data,177,70,0.719,NA
179,81,replace-space-with-newline,ifs,FALSE,20,elitize_generation_data,178,66,0.742,NA
180,81,replace-space-with-newline,ifs,FALSE,20,elitize_generation_data,179,69,0.733,NA
181,81,replace-space-with-newline,ifs,FALSE,20,elitize_generation_data,180,74,0.719,NA
182,81,replace-space-with-newline,ifs,FALSE,20,elitize_generation_data,181,69,0.744,NA
183,81,replace-space-with-newline,ifs,FALSE,20,elitize_generation_data,182,66,0.755,NA
184,81,replace-space-with-newline,ifs,FALSE,20,elitize_generation_data,183,79,0.776,NA
185,81,replace-space-with-newline,ifs,FALSE,20,elitize_generation_data,184,72,0.754,NA
186,81,replace-space-with-newline,ifs,FALSE,20,elitize_generation_data,185,68,0.787,NA
187,81,replace-space-with-newline,ifs,FALSE,20,elitize_generation_data,186,69,0.791,NA
188,81,replace-space-with-newline,ifs,FALSE,20,elitize_generation_data,187,69,0.77,NA
189,81,replace-space-with-newline,ifs,FALSE,20,elitize_generation_data,188,71,0.779,NA
190,81,replace-space-with-newline,ifs,FALSE,20,elitize_generation_data,189,78,0.775,NA
191,81,replace-space-with-newline,ifs,FALSE,20,elitize_generation_data,190,76,0.784,NA
192,81,replace-space-with-newline,ifs,FALSE,20,elitize_generation_data,191,65,0.764,NA
193,81,replace-space-with-newline,ifs,FALSE,20,elitize_generation_data,192,69,0.75,NA
194,81,replace-space-with-newline,ifs,FALSE,20,elitize_generation_data,193,82,0.771,NA
195,81,replace-space-with-newline,ifs,FALSE,20,elitize_generation_data,194,68,0.772,NA
196,81,replace-space-with-newline,ifs,FALSE,20,elitize_generation_data,195,77,0.77,NA
197,81,replace-space-with-newline,ifs,FALSE,20,elitize_generation_data,196,71,0.749,NA
198,81,replace-space-with-newline,ifs,FALSE,20,elitize_generation_data,197,82,0.77,NA
199,81,replace-space-with-newline,ifs,FALSE,20,elitize_generation_data,198,80,0.775,NA
200,81,replace-space-with-newline,ifs,FALSE,20,elitize_generation_data,199,75,0.79,NA
201,81,replace-space-with-newline,ifs,FALSE,20,elitize_generation_data,200,94,0.776,NA
202,81,replace-space-with-newline,ifs,FALSE,20,elitize_generation_data,201,72,0.773,NA
203,81,replace-space-with-newline,ifs,FALSE,20,elitize_generation_data,202,88,0.763,NA
204,81,replace-space-with-newline,ifs,FALSE,20,elitize_generation_data,203,72,0.763,NA
205,81,replace-space-with-newline,ifs,FALSE,20,elitize_generation_data,204,74,0.753,NA
206,81,replace-space-with-newline,ifs,FALSE,20,elitize_generation_data,205,71,0.733,NA
207,81,replace-space-with-newline,ifs,FALSE,20,elitize_generation_data,206,71,0.736,NA
208,81,replace-space-with-newline,ifs,FALSE,20,elitize_generation_data,207,67,0.73,NA
209,81,replace-space-with-newline,ifs,FALSE,20,elitize_generation_data,208,70,0.735,NA
210,81,replace-space-with-newline,ifs,FALSE,20,elitize_generation_data,209,77,0.743,NA
211,81,replace-space-with-newline,ifs,FALSE,20,elitize_generation_data,210,73,0.729,NA
212,81,replace-space-with-newline,ifs,FALSE,20,elitize_generation_data,211,74,0.744,NA
213,81,replace-space-with-newline,ifs,FALSE,20,elitize_generation_data,212,62,0.733,NA
214,81,replace-space-with-newline,ifs,FALSE,20,elitize_generation_data,213,72,0.737,NA
215,81,replace-space-with-newline,ifs,FALSE,20,elitize_generation_data,214,68,0.744,NA
216,81,replace-space-with-newline,ifs,FALSE,20,elitize_generation_data,215,86,0.747,NA
217,81,replace-space-with-newline,ifs,FALSE,20,elitize_generation_data,216,80,0.731,NA
218,81,replace-space-with-newline,ifs,FALSE,20,elitize_generation_data,217,78,0.756,NA
219,81,replace-space-with-newline,ifs,FALSE,20,elitize_generation_data,218,71,0.742,NA
220,81,replace-space-with-newline,ifs,FALSE,20,elitize_generation_data,219,70,0.748,NA
221,81,replace-space-with-newline,ifs,FALSE,20,elitize_generation_data,220,87,0.759,NA
222,81,replace-space-with-newline,ifs,FALSE,20,elitize_generation_data,221,78,0.784,NA
223,81,replace-space-with-newline,ifs,FALSE,20,elitize_generation_data,222,78,0.751,NA
224,81,replace-space-with-newline,ifs,FALSE,20,elitize_generation_data,223,82,0.736,NA
225,81,replace-space-with-newline,ifs,FALSE,20,elitize_generation_data,224,84,0.741,NA
226,81,replace-space-with-newline,ifs,FALSE,20,elitize_generation_data,225,81,0.725,NA
227,81,replace-space-with-newline,ifs,FALSE,20,elitize_generation_data,226,81,0.734,NA
228,81,replace-space-with-newline,ifs,FALSE,20,elitize_generation_data,227,77,0.756,NA
229,81,replace-space-with-newline,ifs,FALSE,20,elitize_generation_data,228,84,0.752,NA
230,81,replace-space-with-newline,ifs,FALSE,20,elitize_generation_data,229,75,0.759,NA
231,81,replace-space-with-newline,ifs,FALSE,20,elitize_generation_data,230,79,0.762,NA
232,81,replace-space-with-newline,ifs,FALSE,20,elitize_generation_data,231,65,0.743,NA
233,81,replace-space-with-newline,ifs,FALSE,20,elitize_generation_data,232,66,0.747,NA
234,81,replace-space-with-newline,ifs,FALSE,20,elitize_generation_data,233,86,0.754,NA
235,81,replace-space-with-newline,ifs,FALSE,20,elitize_generation_data,234,79,0.746,NA
236,81,replace-space-with-newline,ifs,FALSE,20,elitize_generation_data,235,83,0.747,NA
237,81,replace-space-with-newline,ifs,FALSE,20,elitize_generation_data,236,78,0.744,NA
238,81,replace-space-with-newline,ifs,FALSE,20,elitize_generation_data,237,91,0.731,NA
239,81,replace-space-with-newline,ifs,FALSE,20,elitize_generation_data,238,69,0.712,NA
240,81,replace-space-with-newline,ifs,FALSE,20,elitize_generation_data,239,72,0.731,NA
241,81,replace-space-with-newline,ifs,FALSE,20,elitize_generation_data,240,69,0.73,NA
242,81,replace-space-with-newline,ifs,FALSE,20,elitize_generation_data,241,91,0.758,NA
243,81,replace-space-with-newline,ifs,FALSE,20,elitize_generation_data,242,79,0.738,NA
244,81,replace-space-with-newline,ifs,FALSE,20,elitize_generation_data,243,78,0.748,NA
245,81,replace-space-with-newline,ifs,FALSE,20,elitize_generation_data,244,67,0.731,NA
246,81,replace-space-with-newline,ifs,FALSE,20,elitize_generation_data,245,74,0.717,NA
247,81,replace-space-with-newline,ifs,FALSE,20,elitize_generation_data,246,64,0.747,NA
248,81,replace-space-with-newline,ifs,FALSE,20,elitize_generation_data,247,79,0.738,NA
249,81,replace-space-with-newline,ifs,FALSE,20,elitize_generation_data,248,76,0.734,NA
250,81,replace-space-with-newline,ifs,FALSE,20,elitize_generation_data,249,68,0.724,NA
251,81,replace-space-with-newline,ifs,FALSE,20,elitize_generation_data,250,83,0.737,NA
252,81,replace-space-with-newline,ifs,FALSE,20,elitize_generation_data,251,63,0.767,NA
253,81,replace-space-with-newline,ifs,FALSE,20,elitize_generation_data,252,69,0.76,NA
254,81,replace-space-with-newline,ifs,FALSE,20,elitize_generation_data,253,79,0.748,NA
255,81,replace-space-with-newline,ifs,FALSE,20,elitize_generation_data,254,67,0.726,NA
256,81,replace-space-with-newline,ifs,FALSE,20,elitize_generation_data,255,70,0.73,NA
257,81,replace-space-with-newline,ifs,FALSE,20,elitize_generation_data,256,78,0.723,NA
258,81,replace-space-with-newline,ifs,FALSE,20,elitize_generation_data,257,68,0.717,NA
259,81,replace-space-with-newline,ifs,FALSE,20,elitize_generation_data,258,71,0.731,NA
260,81,replace-space-with-newline,ifs,FALSE,20,elitize_generation_data,259,65,0.712,NA
261,81,replace-space-with-newline,ifs,FALSE,20,elitize_generation_data,260,70,0.738,NA
262,81,replace-space-with-newline,ifs,FALSE,20,elitize_generation_data,261,67,0.71,NA
263,81,replace-space-with-newline,ifs,FALSE,20,elitize_generation_data,262,63,0.723,NA
264,81,replace-space-with-newline,ifs,FALSE,20,elitize_generation_data,263,67,0.704,NA
265,81,replace-space-with-newline,ifs,FALSE,20,elitize_generation_data,264,69,0.698,NA
266,81,replace-space-with-newline,ifs,FALSE,20,elitize_generation_data,265,62,0.699,NA
267,81,replace-space-with-newline,ifs,FALSE,20,elitize_generation_data,266,64,0.671,NA
268,81,replace-space-with-newline,ifs,FALSE,20,elitize_generation_data,267,58,0.68,NA
269,81,replace-space-with-newline,ifs,FALSE,20,elitize_generation_data,268,62,0.669,NA
270,81,replace-space-with-newline,ifs,FALSE,20,elitize_generation_data,269,70,0.647,NA
271,81,replace-space-with-newline,ifs,FALSE,20,elitize_generation_data,270,81,0.649,NA
272,81,replace-space-with-newline,ifs,FALSE,20,elitize_generation_data,271,74,0.669,NA
273,81,replace-space-with-newline,ifs,FALSE,20,elitize_generation_data,272,69,0.669,NA
274,81,replace-space-with-newline,ifs,FALSE,20,elitize_generation_data,273,72,0.655,NA
275,81,replace-space-with-newline,ifs,FALSE,20,elitize_generation_data,274,65,0.656,NA
276,81,replace-space-with-newline,ifs,FALSE,20,elitize_generation_data,275,69,0.673,NA
277,81,replace-space-with-newline,ifs,FALSE,20,elitize_generation_data,276,60,0.674,NA
278,81,replace-space-with-newline,ifs,FALSE,20,elitize_generation_data,277,61,0.663,NA
279,81,replace-space-with-newline,ifs,FALSE,20,elitize_generation_data,278,69,0.685,NA
280,81,replace-space-with-newline,ifs,FALSE,20,elitize_generation_data,279,74,0.692,NA
281,81,replace-space-with-newline,ifs,FALSE,20,elitize_generation_data,280,72,0.654,NA
282,81,replace-space-with-newline,ifs,FALSE,20,elitize_generation_data,281,66,0.676,NA
283,81,replace-space-with-newline,ifs,FALSE,20,elitize_generation_data,282,63,0.678,NA
284,81,replace-space-with-newline,ifs,FALSE,20,elitize_generation_data,283,64,0.676,NA
285,81,replace-space-with-newline,ifs,FALSE,20,elitize_generation_data,284,68,0.653,NA
286,81,replace-space-with-newline,ifs,FALSE,20,elitize_generation_data,285,74,0.687,NA
287,81,replace-space-with-newline,ifs,FALSE,20,elitize_generation_data,286,74,0.699,NA
288,81,replace-space-with-newline,ifs,FALSE,20,elitize_generation_data,287,76,0.661,NA
289,81,replace-space-with-newline,ifs,FALSE,20,elitize_generation_data,288,74,0.661,NA
290,81,replace-space-with-newline,ifs,FALSE,20,elitize_generation_data,289,80,0.676,NA
291,81,replace-space-with-newline,ifs,FALSE,20,elitize_generation_data,290,84,0.684,NA
292,81,replace-space-with-newline,ifs,FALSE,20,elitize_generation_data,291,71,0.678,NA
293,81,replace-space-with-newline,ifs,FALSE,20,elitize_generation_data,292,72,0.688,NA
294,81,replace-space-with-newline,ifs,FALSE,20,elitize_generation_data,293,69,0.687,NA
295,81,replace-space-with-newline,ifs,FALSE,20,elitize_generation_data,294,72,0.695,NA
296,81,replace-space-with-newline,ifs,FALSE,20,elitize_generation_data,295,67,0.696,NA
297,81,replace-space-with-newline,ifs,FALSE,20,elitize_generation_data,296,72,0.712,NA
298,81,replace-space-with-newline,ifs,FALSE,20,elitize_generation_data,297,72,0.705,NA
299,81,replace-space-with-newline,ifs,FALSE,20,elitize_generation_data,298,74,0.679,NA
300,81,replace-space-with-newline,ifs,FALSE,20,elitize_generation_data,299,75,0.705,NA
301,81,replace-space-with-newline,ifs,FALSE,20,elitize_generation_data,300,66,0.702,NA
