,run.num,problem,treatment,succeeded,height,normalization.function,generation,cluster.count,error.diversity,success.generation
1,68,replace-space-with-newline,ifs,TRUE,20,elitize_generation_data,0,5,0.467,86
2,68,replace-space-with-newline,ifs,TRUE,20,elitize_generation_data,1,7,0.334,86
3,68,replace-space-with-newline,ifs,TRUE,20,elitize_generation_data,2,8,0.211,86
4,68,replace-space-with-newline,ifs,TRUE,20,elitize_generation_data,3,8,0.248,86
5,68,replace-space-with-newline,ifs,TRUE,20,elitize_generation_data,4,10,0.183,86
6,68,replace-space-with-newline,ifs,TRUE,20,elitize_generation_data,5,10,0.184,86
7,68,replace-space-with-newline,ifs,TRUE,20,elitize_generation_data,6,13,0.215,86
8,68,replace-space-with-newline,ifs,TRUE,20,elitize_generation_data,7,11,0.167,86
9,68,replace-space-with-newline,ifs,TRUE,20,elitize_generation_data,8,10,0.137,86
10,68,replace-space-with-newline,ifs,TRUE,20,elitize_generation_data,9,13,0.155,86
11,68,replace-space-with-newline,ifs,TRUE,20,elitize_generation_data,10,13,0.105,86
12,68,replace-space-with-newline,ifs,TRUE,20,elitize_generation_data,11,11,0.122,86
13,68,replace-space-with-newline,ifs,TRUE,20,elitize_generation_data,12,12,0.132,86
14,68,replace-space-with-newline,ifs,TRUE,20,elitize_generation_data,13,21,0.155,86
15,68,replace-space-with-newline,ifs,TRUE,20,elitize_generation_data,14,14,0.146,86
16,68,replace-space-with-newline,ifs,TRUE,20,elitize_generation_data,15,12,0.143,86
17,68,replace-space-with-newline,ifs,TRUE,20,elitize_generation_data,16,13,0.17,86
18,68,replace-space-with-newline,ifs,TRUE,20,elitize_generation_data,17,20,0.179,86
19,68,replace-space-with-newline,ifs,TRUE,20,elitize_generation_data,18,18,0.166,86
20,68,replace-space-with-newline,ifs,TRUE,20,elitize_generation_data,19,22,0.229,86
21,68,replace-space-with-newline,ifs,TRUE,20,elitize_generation_data,20,25,0.273,86
22,68,replace-space-with-newline,ifs,TRUE,20,elitize_generation_data,21,32,0.29,86
23,68,replace-space-with-newline,ifs,TRUE,20,elitize_generation_data,22,30,0.31,86
24,68,replace-space-with-newline,ifs,TRUE,20,elitize_generation_data,23,39,0.364,86
25,68,replace-space-with-newline,ifs,TRUE,20,elitize_generation_data,24,57,0.404,86
26,68,replace-space-with-newline,ifs,TRUE,20,elitize_generation_data,25,47,0.426,86
27,68,replace-space-with-newline,ifs,TRUE,20,elitize_generation_data,26,63,0.509,86
28,68,replace-space-with-newline,ifs,TRUE,20,elitize_generation_data,27,60,0.522,86
29,68,replace-space-with-newline,ifs,TRUE,20,elitize_generation_data,28,51,0.52,86
30,68,replace-space-with-newline,ifs,TRUE,20,elitize_generation_data,29,42,0.487,86
31,68,replace-space-with-newline,ifs,TRUE,20,elitize_generation_data,30,33,0.47,86
32,68,replace-space-with-newline,ifs,TRUE,20,elitize_generation_data,31,39,0.457,86
33,68,replace-space-with-newline,ifs,TRUE,20,elitize_generation_data,32,31,0.367,86
34,68,replace-space-with-newline,ifs,TRUE,20,elitize_generation_data,33,29,0.295,86
35,68,replace-space-with-newline,ifs,TRUE,20,elitize_generation_data,34,22,0.222,86
36,68,replace-space-with-newline,ifs,TRUE,20,elitize_generation_data,35,25,0.204,86
37,68,replace-space-with-newline,ifs,TRUE,20,elitize_generation_data,36,19,0.189,86
38,68,replace-space-with-newline,ifs,TRUE,20,elitize_generation_data,37,25,0.181,86
39,68,replace-space-with-newline,ifs,TRUE,20,elitize_generation_data,38,16,0.179,86
40,68,replace-space-with-newline,ifs,TRUE,20,elitize_generation_data,39,29,0.183,86
41,68,replace-space-with-newline,ifs,TRUE,20,elitize_generation_data,40,18,0.158,86
42,68,replace-space-with-newline,ifs,TRUE,20,elitize_generation_data,41,21,0.18,86
43,68,replace-space-with-newline,ifs,TRUE,20,elitize_generation_data,42,23,0.167,86
44,68,replace-space-with-newline,ifs,TRUE,20,elitize_generation_data,43,19,0.157,86
45,68,replace-space-with-newline,ifs,TRUE,20,elitize_generation_data,44,22,0.149,86
46,68,replace-space-with-newline,ifs,TRUE,20,elitize_generation_data,45,19,0.148,86
47,68,replace-space-with-newline,ifs,TRUE,20,elitize_generation_data,46,20,0.159,86
48,68,replace-space-with-newline,ifs,TRUE,20,elitize_generation_data,47,18,0.148,86
49,68,replace-space-with-newline,ifs,TRUE,20,elitize_generation_data,48,20,0.15,86
50,68,replace-space-with-newline,ifs,TRUE,20,elitize_generation_data,49,16,0.141,86
51,68,replace-space-with-newline,ifs,TRUE,20,elitize_generation_data,50,22,0.133,86
52,68,replace-space-with-newline,ifs,TRUE,20,elitize_generation_data,51,15,0.112,86
53,68,replace-space-with-newline,ifs,TRUE,20,elitize_generation_data,52,14,0.135,86
54,68,replace-space-with-newline,ifs,TRUE,20,elitize_generation_data,53,16,0.126,86
55,68,replace-space-with-newline,ifs,TRUE,20,elitize_generation_data,54,19,0.135,86
56,68,replace-space-with-newline,ifs,TRUE,20,elitize_generation_data,55,22,0.126,86
57,68,replace-space-with-newline,ifs,TRUE,20,elitize_generation_data,56,15,0.113,86
58,68,replace-space-with-newline,ifs,TRUE,20,elitize_generation_data,57,17,0.11,86
59,68,replace-space-with-newline,ifs,TRUE,20,elitize_generation_data,58,16,0.129,86
60,68,replace-space-with-newline,ifs,TRUE,20,elitize_generation_data,59,13,0.117,86
61,68,replace-space-with-newline,ifs,TRUE,20,elitize_generation_data,60,19,0.132,86
62,68,replace-space-with-newline,ifs,TRUE,20,elitize_generation_data,61,20,0.128,86
63,68,replace-space-with-newline,ifs,TRUE,20,elitize_generation_data,62,16,0.119,86
64,68,replace-space-with-newline,ifs,TRUE,20,elitize_generation_data,63,18,0.139,86
65,68,replace-space-with-newline,ifs,TRUE,20,elitize_generation_data,64,16,0.119,86
66,68,replace-space-with-newline,ifs,TRUE,20,elitize_generation_data,65,17,0.125,86
67,68,replace-space-with-newline,ifs,TRUE,20,elitize_generation_data,66,15,0.116,86
68,68,replace-space-with-newline,ifs,TRUE,20,elitize_generation_data,67,20,0.128,86
69,68,replace-space-with-newline,ifs,TRUE,20,elitize_generation_data,68,13,0.111,86
70,68,replace-space-with-newline,ifs,TRUE,20,elitize_generation_data,69,12,0.113,86
71,68,replace-space-with-newline,ifs,TRUE,20,elitize_generation_data,70,19,0.126,86
72,68,replace-space-with-newline,ifs,TRUE,20,elitize_generation_data,71,18,0.116,86
73,68,replace-space-with-newline,ifs,TRUE,20,elitize_generation_data,72,15,0.125,86
74,68,replace-space-with-newline,ifs,TRUE,20,elitize_generation_data,73,18,0.13,86
75,68,replace-space-with-newline,ifs,TRUE,20,elitize_generation_data,74,16,0.117,86
76,68,replace-space-with-newline,ifs,TRUE,20,elitize_generation_data,75,16,0.12,86
77,68,replace-space-with-newline,ifs,TRUE,20,elitize_generation_data,76,17,0.11,86
78,68,replace-space-with-newline,ifs,TRUE,20,elitize_generation_data,77,17,0.126,86
79,68,replace-space-with-newline,ifs,TRUE,20,elitize_generation_data,78,14,0.119,86
80,68,replace-space-with-newline,ifs,TRUE,20,elitize_generation_data,79,20,0.139,86
81,68,replace-space-with-newline,ifs,TRUE,20,elitize_generation_data,80,18,0.126,86
82,68,replace-space-with-newline,ifs,TRUE,20,elitize_generation_data,81,19,0.132,86
83,68,replace-space-with-newline,ifs,TRUE,20,elitize_generation_data,82,14,0.124,86
84,68,replace-space-with-newline,ifs,TRUE,20,elitize_generation_data,83,15,0.128,86
85,68,replace-space-with-newline,ifs,TRUE,20,elitize_generation_data,84,15,0.115,86
86,68,replace-space-with-newline,ifs,TRUE,20,elitize_generation_data,85,15,0.125,86
87,68,replace-space-with-newline,ifs,TRUE,20,elitize_generation_data,86,14,0.134,86
