,run.num,problem,treatment,succeeded,height,normalization.function,generation,cluster.count,error.diversity,success.generation
1,66,replace-space-with-newline,ifs,FALSE,20,elitize_generation_data,0,4,0.47,NA
2,66,replace-space-with-newline,ifs,FALSE,20,elitize_generation_data,1,4,0.341,NA
3,66,replace-space-with-newline,ifs,FALSE,20,elitize_generation_data,2,7,0.24,NA
4,66,replace-space-with-newline,ifs,FALSE,20,elitize_generation_data,3,9,0.259,NA
5,66,replace-space-with-newline,ifs,FALSE,20,elitize_generation_data,4,12,0.23,NA
6,66,replace-space-with-newline,ifs,FALSE,20,elitize_generation_data,5,16,0.169,NA
7,66,replace-space-with-newline,ifs,FALSE,20,elitize_generation_data,6,13,0.159,NA
8,66,replace-space-with-newline,ifs,FALSE,20,elitize_generation_data,7,13,0.16,NA
9,66,replace-space-with-newline,ifs,FALSE,20,elitize_generation_data,8,7,0.134,NA
10,66,replace-space-with-newline,ifs,FALSE,20,elitize_generation_data,9,12,0.124,NA
11,66,replace-space-with-newline,ifs,FALSE,20,elitize_generation_data,10,15,0.14,NA
12,66,replace-space-with-newline,ifs,FALSE,20,elitize_generation_data,11,12,0.101,NA
13,66,replace-space-with-newline,ifs,FALSE,20,elitize_generation_data,12,12,0.095,NA
14,66,replace-space-with-newline,ifs,FALSE,20,elitize_generation_data,13,11,0.102,NA
15,66,replace-space-with-newline,ifs,FALSE,20,elitize_generation_data,14,19,0.109,NA
16,66,replace-space-with-newline,ifs,FALSE,20,elitize_generation_data,15,15,0.107,NA
17,66,replace-space-with-newline,ifs,FALSE,20,elitize_generation_data,16,15,0.098,NA
18,66,replace-space-with-newline,ifs,FALSE,20,elitize_generation_data,17,14,0.106,NA
19,66,replace-space-with-newline,ifs,FALSE,20,elitize_generation_data,18,14,0.093,NA
20,66,replace-space-with-newline,ifs,FALSE,20,elitize_generation_data,19,13,0.095,NA
21,66,replace-space-with-newline,ifs,FALSE,20,elitize_generation_data,20,14,0.098,NA
22,66,replace-space-with-newline,ifs,FALSE,20,elitize_generation_data,21,13,0.095,NA
23,66,replace-space-with-newline,ifs,FALSE,20,elitize_generation_data,22,12,0.093,NA
24,66,replace-space-with-newline,ifs,FALSE,20,elitize_generation_data,23,14,0.096,NA
25,66,replace-space-with-newline,ifs,FALSE,20,elitize_generation_data,24,12,0.092,NA
26,66,replace-space-with-newline,ifs,FALSE,20,elitize_generation_data,25,13,0.086,NA
27,66,replace-space-with-newline,ifs,FALSE,20,elitize_generation_data,26,9,0.095,NA
28,66,replace-space-with-newline,ifs,FALSE,20,elitize_generation_data,27,13,0.094,NA
29,66,replace-space-with-newline,ifs,FALSE,20,elitize_generation_data,28,15,0.102,NA
30,66,replace-space-with-newline,ifs,FALSE,20,elitize_generation_data,29,16,0.093,NA
31,66,replace-space-with-newline,ifs,FALSE,20,elitize_generation_data,30,9,0.09,NA
32,66,replace-space-with-newline,ifs,FALSE,20,elitize_generation_data,31,17,0.091,NA
33,66,replace-space-with-newline,ifs,FALSE,20,elitize_generation_data,32,13,0.098,NA
34,66,replace-space-with-newline,ifs,FALSE,20,elitize_generation_data,33,15,0.09,NA
35,66,replace-space-with-newline,ifs,FALSE,20,elitize_generation_data,34,11,0.08,NA
36,66,replace-space-with-newline,ifs,FALSE,20,elitize_generation_data,35,12,0.09,NA
37,66,replace-space-with-newline,ifs,FALSE,20,elitize_generation_data,36,12,0.083,NA
38,66,replace-space-with-newline,ifs,FALSE,20,elitize_generation_data,37,17,0.086,NA
39,66,replace-space-with-newline,ifs,FALSE,20,elitize_generation_data,38,15,0.093,NA
40,66,replace-space-with-newline,ifs,FALSE,20,elitize_generation_data,39,19,0.1,NA
41,66,replace-space-with-newline,ifs,FALSE,20,elitize_generation_data,40,15,0.089,NA
42,66,replace-space-with-newline,ifs,FALSE,20,elitize_generation_data,41,11,0.081,NA
43,66,replace-space-with-newline,ifs,FALSE,20,elitize_generation_data,42,15,0.081,NA
44,66,replace-space-with-newline,ifs,FALSE,20,elitize_generation_data,43,17,0.091,NA
45,66,replace-space-with-newline,ifs,FALSE,20,elitize_generation_data,44,17,0.074,NA
46,66,replace-space-with-newline,ifs,FALSE,20,elitize_generation_data,45,15,0.078,NA
47,66,replace-space-with-newline,ifs,FALSE,20,elitize_generation_data,46,14,0.069,NA
48,66,replace-space-with-newline,ifs,FALSE,20,elitize_generation_data,47,13,0.079,NA
49,66,replace-space-with-newline,ifs,FALSE,20,elitize_generation_data,48,13,0.089,NA
50,66,replace-space-with-newline,ifs,FALSE,20,elitize_generation_data,49,9,0.071,NA
51,66,replace-space-with-newline,ifs,FALSE,20,elitize_generation_data,50,14,0.08,NA
52,66,replace-space-with-newline,ifs,FALSE,20,elitize_generation_data,51,13,0.074,NA
53,66,replace-space-with-newline,ifs,FALSE,20,elitize_generation_data,52,10,0.065,NA
54,66,replace-space-with-newline,ifs,FALSE,20,elitize_generation_data,53,14,0.078,NA
55,66,replace-space-with-newline,ifs,FALSE,20,elitize_generation_data,54,10,0.091,NA
56,66,replace-space-with-newline,ifs,FALSE,20,elitize_generation_data,55,11,0.075,NA
57,66,replace-space-with-newline,ifs,FALSE,20,elitize_generation_data,56,11,0.068,NA
58,66,replace-space-with-newline,ifs,FALSE,20,elitize_generation_data,57,16,0.075,NA
59,66,replace-space-with-newline,ifs,FALSE,20,elitize_generation_data,58,15,0.073,NA
60,66,replace-space-with-newline,ifs,FALSE,20,elitize_generation_data,59,14,0.078,NA
61,66,replace-space-with-newline,ifs,FALSE,20,elitize_generation_data,60,13,0.078,NA
62,66,replace-space-with-newline,ifs,FALSE,20,elitize_generation_data,61,12,0.076,NA
63,66,replace-space-with-newline,ifs,FALSE,20,elitize_generation_data,62,9,0.067,NA
64,66,replace-space-with-newline,ifs,FALSE,20,elitize_generation_data,63,13,0.069,NA
65,66,replace-space-with-newline,ifs,FALSE,20,elitize_generation_data,64,12,0.074,NA
66,66,replace-space-with-newline,ifs,FALSE,20,elitize_generation_data,65,15,0.059,NA
67,66,replace-space-with-newline,ifs,FALSE,20,elitize_generation_data,66,11,0.064,NA
68,66,replace-space-with-newline,ifs,FALSE,20,elitize_generation_data,67,14,0.069,NA
69,66,replace-space-with-newline,ifs,FALSE,20,elitize_generation_data,68,10,0.057,NA
70,66,replace-space-with-newline,ifs,FALSE,20,elitize_generation_data,69,13,0.064,NA
71,66,replace-space-with-newline,ifs,FALSE,20,elitize_generation_data,70,10,0.061,NA
72,66,replace-space-with-newline,ifs,FALSE,20,elitize_generation_data,71,14,0.06,NA
73,66,replace-space-with-newline,ifs,FALSE,20,elitize_generation_data,72,13,0.076,NA
74,66,replace-space-with-newline,ifs,FALSE,20,elitize_generation_data,73,12,0.062,NA
75,66,replace-space-with-newline,ifs,FALSE,20,elitize_generation_data,74,14,0.066,NA
76,66,replace-space-with-newline,ifs,FALSE,20,elitize_generation_data,75,13,0.069,NA
77,66,replace-space-with-newline,ifs,FALSE,20,elitize_generation_data,76,16,0.053,NA
78,66,replace-space-with-newline,ifs,FALSE,20,elitize_generation_data,77,12,0.057,NA
79,66,replace-space-with-newline,ifs,FALSE,20,elitize_generation_data,78,10,0.057,NA
80,66,replace-space-with-newline,ifs,FALSE,20,elitize_generation_data,79,13,0.068,NA
81,66,replace-space-with-newline,ifs,FALSE,20,elitize_generation_data,80,15,0.066,NA
82,66,replace-space-with-newline,ifs,FALSE,20,elitize_generation_data,81,15,0.054,NA
83,66,replace-space-with-newline,ifs,FALSE,20,elitize_generation_data,82,16,0.063,NA
84,66,replace-space-with-newline,ifs,FALSE,20,elitize_generation_data,83,13,0.058,NA
85,66,replace-space-with-newline,ifs,FALSE,20,elitize_generation_data,84,12,0.055,NA
86,66,replace-space-with-newline,ifs,FALSE,20,elitize_generation_data,85,12,0.063,NA
87,66,replace-space-with-newline,ifs,FALSE,20,elitize_generation_data,86,16,0.056,NA
88,66,replace-space-with-newline,ifs,FALSE,20,elitize_generation_data,87,15,0.057,NA
89,66,replace-space-with-newline,ifs,FALSE,20,elitize_generation_data,88,14,0.058,NA
90,66,replace-space-with-newline,ifs,FALSE,20,elitize_generation_data,89,13,0.053,NA
91,66,replace-space-with-newline,ifs,FALSE,20,elitize_generation_data,90,12,0.052,NA
92,66,replace-space-with-newline,ifs,FALSE,20,elitize_generation_data,91,13,0.045,NA
93,66,replace-space-with-newline,ifs,FALSE,20,elitize_generation_data,92,9,0.032,NA
94,66,replace-space-with-newline,ifs,FALSE,20,elitize_generation_data,93,14,0.047,NA
95,66,replace-space-with-newline,ifs,FALSE,20,elitize_generation_data,94,13,0.059,NA
96,66,replace-space-with-newline,ifs,FALSE,20,elitize_generation_data,95,15,0.048,NA
97,66,replace-space-with-newline,ifs,FALSE,20,elitize_generation_data,96,9,0.046,NA
98,66,replace-space-with-newline,ifs,FALSE,20,elitize_generation_data,97,14,0.057,NA
99,66,replace-space-with-newline,ifs,FALSE,20,elitize_generation_data,98,17,0.06,NA
100,66,replace-space-with-newline,ifs,FALSE,20,elitize_generation_data,99,13,0.042,NA
101,66,replace-space-with-newline,ifs,FALSE,20,elitize_generation_data,100,12,0.052,NA
102,66,replace-space-with-newline,ifs,FALSE,20,elitize_generation_data,101,13,0.041,NA
103,66,replace-space-with-newline,ifs,FALSE,20,elitize_generation_data,102,14,0.049,NA
104,66,replace-space-with-newline,ifs,FALSE,20,elitize_generation_data,103,10,0.038,NA
105,66,replace-space-with-newline,ifs,FALSE,20,elitize_generation_data,104,12,0.048,NA
106,66,replace-space-with-newline,ifs,FALSE,20,elitize_generation_data,105,13,0.048,NA
107,66,replace-space-with-newline,ifs,FALSE,20,elitize_generation_data,106,13,0.042,NA
108,66,replace-space-with-newline,ifs,FALSE,20,elitize_generation_data,107,13,0.05,NA
109,66,replace-space-with-newline,ifs,FALSE,20,elitize_generation_data,108,16,0.049,NA
110,66,replace-space-with-newline,ifs,FALSE,20,elitize_generation_data,109,14,0.051,NA
111,66,replace-space-with-newline,ifs,FALSE,20,elitize_generation_data,110,10,0.046,NA
112,66,replace-space-with-newline,ifs,FALSE,20,elitize_generation_data,111,16,0.036,NA
113,66,replace-space-with-newline,ifs,FALSE,20,elitize_generation_data,112,15,0.041,NA
114,66,replace-space-with-newline,ifs,FALSE,20,elitize_generation_data,113,17,0.044,NA
115,66,replace-space-with-newline,ifs,FALSE,20,elitize_generation_data,114,16,0.05,NA
116,66,replace-space-with-newline,ifs,FALSE,20,elitize_generation_data,115,17,0.056,NA
117,66,replace-space-with-newline,ifs,FALSE,20,elitize_generation_data,116,13,0.045,NA
118,66,replace-space-with-newline,ifs,FALSE,20,elitize_generation_data,117,12,0.034,NA
119,66,replace-space-with-newline,ifs,FALSE,20,elitize_generation_data,118,14,0.038,NA
120,66,replace-space-with-newline,ifs,FALSE,20,elitize_generation_data,119,13,0.035,NA
121,66,replace-space-with-newline,ifs,FALSE,20,elitize_generation_data,120,14,0.047,NA
122,66,replace-space-with-newline,ifs,FALSE,20,elitize_generation_data,121,13,0.033,NA
123,66,replace-space-with-newline,ifs,FALSE,20,elitize_generation_data,122,10,0.04,NA
124,66,replace-space-with-newline,ifs,FALSE,20,elitize_generation_data,123,15,0.055,NA
125,66,replace-space-with-newline,ifs,FALSE,20,elitize_generation_data,124,12,0.044,NA
126,66,replace-space-with-newline,ifs,FALSE,20,elitize_generation_data,125,11,0.038,NA
127,66,replace-space-with-newline,ifs,FALSE,20,elitize_generation_data,126,13,0.036,NA
128,66,replace-space-with-newline,ifs,FALSE,20,elitize_generation_data,127,14,0.048,NA
129,66,replace-space-with-newline,ifs,FALSE,20,elitize_generation_data,128,12,0.042,NA
130,66,replace-space-with-newline,ifs,FALSE,20,elitize_generation_data,129,16,0.051,NA
131,66,replace-space-with-newline,ifs,FALSE,20,elitize_generation_data,130,13,0.04,NA
132,66,replace-space-with-newline,ifs,FALSE,20,elitize_generation_data,131,15,0.045,NA
133,66,replace-space-with-newline,ifs,FALSE,20,elitize_generation_data,132,15,0.048,NA
134,66,replace-space-with-newline,ifs,FALSE,20,elitize_generation_data,133,12,0.039,NA
135,66,replace-space-with-newline,ifs,FALSE,20,elitize_generation_data,134,16,0.054,NA
136,66,replace-space-with-newline,ifs,FALSE,20,elitize_generation_data,135,11,0.04,NA
137,66,replace-space-with-newline,ifs,FALSE,20,elitize_generation_data,136,19,0.057,NA
138,66,replace-space-with-newline,ifs,FALSE,20,elitize_generation_data,137,13,0.045,NA
139,66,replace-space-with-newline,ifs,FALSE,20,elitize_generation_data,138,12,0.039,NA
140,66,replace-space-with-newline,ifs,FALSE,20,elitize_generation_data,139,13,0.044,NA
141,66,replace-space-with-newline,ifs,FALSE,20,elitize_generation_data,140,13,0.044,NA
142,66,replace-space-with-newline,ifs,FALSE,20,elitize_generation_data,141,13,0.042,NA
143,66,replace-space-with-newline,ifs,FALSE,20,elitize_generation_data,142,14,0.041,NA
144,66,replace-space-with-newline,ifs,FALSE,20,elitize_generation_data,143,12,0.035,NA
145,66,replace-space-with-newline,ifs,FALSE,20,elitize_generation_data,144,16,0.047,NA
146,66,replace-space-with-newline,ifs,FALSE,20,elitize_generation_data,145,17,0.056,NA
147,66,replace-space-with-newline,ifs,FALSE,20,elitize_generation_data,146,13,0.04,NA
148,66,replace-space-with-newline,ifs,FALSE,20,elitize_generation_data,147,13,0.039,NA
149,66,replace-space-with-newline,ifs,FALSE,20,elitize_generation_data,148,11,0.034,NA
150,66,replace-space-with-newline,ifs,FALSE,20,elitize_generation_data,149,13,0.038,NA
151,66,replace-space-with-newline,ifs,FALSE,20,elitize_generation_data,150,12,0.039,NA
152,66,replace-space-with-newline,ifs,FALSE,20,elitize_generation_data,151,12,0.039,NA
153,66,replace-space-with-newline,ifs,FALSE,20,elitize_generation_data,152,10,0.04,NA
154,66,replace-space-with-newline,ifs,FALSE,20,elitize_generation_data,153,12,0.039,NA
155,66,replace-space-with-newline,ifs,FALSE,20,elitize_generation_data,154,12,0.038,NA
156,66,replace-space-with-newline,ifs,FALSE,20,elitize_generation_data,155,10,0.037,NA
157,66,replace-space-with-newline,ifs,FALSE,20,elitize_generation_data,156,14,0.044,NA
158,66,replace-space-with-newline,ifs,FALSE,20,elitize_generation_data,157,14,0.043,NA
159,66,replace-space-with-newline,ifs,FALSE,20,elitize_generation_data,158,10,0.038,NA
160,66,replace-space-with-newline,ifs,FALSE,20,elitize_generation_data,159,11,0.038,NA
161,66,replace-space-with-newline,ifs,FALSE,20,elitize_generation_data,160,11,0.032,NA
162,66,replace-space-with-newline,ifs,FALSE,20,elitize_generation_data,161,10,0.036,NA
163,66,replace-space-with-newline,ifs,FALSE,20,elitize_generation_data,162,11,0.03,NA
164,66,replace-space-with-newline,ifs,FALSE,20,elitize_generation_data,163,14,0.035,NA
165,66,replace-space-with-newline,ifs,FALSE,20,elitize_generation_data,164,10,0.043,NA
166,66,replace-space-with-newline,ifs,FALSE,20,elitize_generation_data,165,11,0.035,NA
167,66,replace-space-with-newline,ifs,FALSE,20,elitize_generation_data,166,11,0.036,NA
168,66,replace-space-with-newline,ifs,FALSE,20,elitize_generation_data,167,12,0.033,NA
169,66,replace-space-with-newline,ifs,FALSE,20,elitize_generation_data,168,11,0.031,NA
170,66,replace-space-with-newline,ifs,FALSE,20,elitize_generation_data,169,15,0.035,NA
171,66,replace-space-with-newline,ifs,FALSE,20,elitize_generation_data,170,12,0.037,NA
172,66,replace-space-with-newline,ifs,FALSE,20,elitize_generation_data,171,11,0.037,NA
173,66,replace-space-with-newline,ifs,FALSE,20,elitize_generation_data,172,11,0.033,NA
174,66,replace-space-with-newline,ifs,FALSE,20,elitize_generation_data,173,11,0.024,NA
175,66,replace-space-with-newline,ifs,FALSE,20,elitize_generation_data,174,15,0.046,NA
176,66,replace-space-with-newline,ifs,FALSE,20,elitize_generation_data,175,10,0.034,NA
177,66,replace-space-with-newline,ifs,FALSE,20,elitize_generation_data,176,13,0.04,NA
178,66,replace-space-with-newline,ifs,FALSE,20,elitize_generation_data,177,17,0.045,NA
179,66,replace-space-with-newline,ifs,FALSE,20,elitize_generation_data,178,16,0.04,NA
180,66,replace-space-with-newline,ifs,FALSE,20,elitize_generation_data,179,9,0.034,NA
181,66,replace-space-with-newline,ifs,FALSE,20,elitize_generation_data,180,10,0.034,NA
182,66,replace-space-with-newline,ifs,FALSE,20,elitize_generation_data,181,8,0.03,NA
183,66,replace-space-with-newline,ifs,FALSE,20,elitize_generation_data,182,9,0.033,NA
184,66,replace-space-with-newline,ifs,FALSE,20,elitize_generation_data,183,9,0.031,NA
185,66,replace-space-with-newline,ifs,FALSE,20,elitize_generation_data,184,15,0.037,NA
186,66,replace-space-with-newline,ifs,FALSE,20,elitize_generation_data,185,10,0.035,NA
187,66,replace-space-with-newline,ifs,FALSE,20,elitize_generation_data,186,10,0.032,NA
188,66,replace-space-with-newline,ifs,FALSE,20,elitize_generation_data,187,9,0.034,NA
189,66,replace-space-with-newline,ifs,FALSE,20,elitize_generation_data,188,8,0.032,NA
190,66,replace-space-with-newline,ifs,FALSE,20,elitize_generation_data,189,10,0.031,NA
191,66,replace-space-with-newline,ifs,FALSE,20,elitize_generation_data,190,7,0.035,NA
192,66,replace-space-with-newline,ifs,FALSE,20,elitize_generation_data,191,10,0.03,NA
193,66,replace-space-with-newline,ifs,FALSE,20,elitize_generation_data,192,11,0.026,NA
194,66,replace-space-with-newline,ifs,FALSE,20,elitize_generation_data,193,11,0.035,NA
195,66,replace-space-with-newline,ifs,FALSE,20,elitize_generation_data,194,9,0.025,NA
196,66,replace-space-with-newline,ifs,FALSE,20,elitize_generation_data,195,8,0.038,NA
197,66,replace-space-with-newline,ifs,FALSE,20,elitize_generation_data,196,8,0.037,NA
198,66,replace-space-with-newline,ifs,FALSE,20,elitize_generation_data,197,9,0.034,NA
199,66,replace-space-with-newline,ifs,FALSE,20,elitize_generation_data,198,10,0.024,NA
200,66,replace-space-with-newline,ifs,FALSE,20,elitize_generation_data,199,9,0.032,NA
201,66,replace-space-with-newline,ifs,FALSE,20,elitize_generation_data,200,9,0.035,NA
202,66,replace-space-with-newline,ifs,FALSE,20,elitize_generation_data,201,11,0.033,NA
203,66,replace-space-with-newline,ifs,FALSE,20,elitize_generation_data,202,7,0.038,NA
204,66,replace-space-with-newline,ifs,FALSE,20,elitize_generation_data,203,9,0.031,NA
205,66,replace-space-with-newline,ifs,FALSE,20,elitize_generation_data,204,7,0.034,NA
206,66,replace-space-with-newline,ifs,FALSE,20,elitize_generation_data,205,6,0.033,NA
207,66,replace-space-with-newline,ifs,FALSE,20,elitize_generation_data,206,12,0.037,NA
208,66,replace-space-with-newline,ifs,FALSE,20,elitize_generation_data,207,9,0.029,NA
209,66,replace-space-with-newline,ifs,FALSE,20,elitize_generation_data,208,10,0.033,NA
210,66,replace-space-with-newline,ifs,FALSE,20,elitize_generation_data,209,10,0.03,NA
211,66,replace-space-with-newline,ifs,FALSE,20,elitize_generation_data,210,9,0.035,NA
212,66,replace-space-with-newline,ifs,FALSE,20,elitize_generation_data,211,6,0.031,NA
213,66,replace-space-with-newline,ifs,FALSE,20,elitize_generation_data,212,7,0.036,NA
214,66,replace-space-with-newline,ifs,FALSE,20,elitize_generation_data,213,11,0.042,NA
215,66,replace-space-with-newline,ifs,FALSE,20,elitize_generation_data,214,12,0.031,NA
216,66,replace-space-with-newline,ifs,FALSE,20,elitize_generation_data,215,9,0.032,NA
217,66,replace-space-with-newline,ifs,FALSE,20,elitize_generation_data,216,7,0.023,NA
218,66,replace-space-with-newline,ifs,FALSE,20,elitize_generation_data,217,10,0.026,NA
219,66,replace-space-with-newline,ifs,FALSE,20,elitize_generation_data,218,7,0.031,NA
220,66,replace-space-with-newline,ifs,FALSE,20,elitize_generation_data,219,9,0.03,NA
221,66,replace-space-with-newline,ifs,FALSE,20,elitize_generation_data,220,7,0.03,NA
222,66,replace-space-with-newline,ifs,FALSE,20,elitize_generation_data,221,8,0.029,NA
223,66,replace-space-with-newline,ifs,FALSE,20,elitize_generation_data,222,8,0.026,NA
224,66,replace-space-with-newline,ifs,FALSE,20,elitize_generation_data,223,10,0.032,NA
225,66,replace-space-with-newline,ifs,FALSE,20,elitize_generation_data,224,11,0.034,NA
226,66,replace-space-with-newline,ifs,FALSE,20,elitize_generation_data,225,8,0.03,NA
227,66,replace-space-with-newline,ifs,FALSE,20,elitize_generation_data,226,12,0.022,NA
228,66,replace-space-with-newline,ifs,FALSE,20,elitize_generation_data,227,12,0.036,NA
229,66,replace-space-with-newline,ifs,FALSE,20,elitize_generation_data,228,9,0.028,NA
230,66,replace-space-with-newline,ifs,FALSE,20,elitize_generation_data,229,7,0.031,NA
231,66,replace-space-with-newline,ifs,FALSE,20,elitize_generation_data,230,8,0.032,NA
232,66,replace-space-with-newline,ifs,FALSE,20,elitize_generation_data,231,11,0.03,NA
233,66,replace-space-with-newline,ifs,FALSE,20,elitize_generation_data,232,9,0.027,NA
234,66,replace-space-with-newline,ifs,FALSE,20,elitize_generation_data,233,11,0.034,NA
235,66,replace-space-with-newline,ifs,FALSE,20,elitize_generation_data,234,8,0.029,NA
236,66,replace-space-with-newline,ifs,FALSE,20,elitize_generation_data,235,7,0.025,NA
237,66,replace-space-with-newline,ifs,FALSE,20,elitize_generation_data,236,6,0.022,NA
238,66,replace-space-with-newline,ifs,FALSE,20,elitize_generation_data,237,12,0.034,NA
239,66,replace-space-with-newline,ifs,FALSE,20,elitize_generation_data,238,8,0.027,NA
240,66,replace-space-with-newline,ifs,FALSE,20,elitize_generation_data,239,9,0.028,NA
241,66,replace-space-with-newline,ifs,FALSE,20,elitize_generation_data,240,11,0.027,NA
242,66,replace-space-with-newline,ifs,FALSE,20,elitize_generation_data,241,8,0.022,NA
243,66,replace-space-with-newline,ifs,FALSE,20,elitize_generation_data,242,9,0.03,NA
244,66,replace-space-with-newline,ifs,FALSE,20,elitize_generation_data,243,9,0.028,NA
245,66,replace-space-with-newline,ifs,FALSE,20,elitize_generation_data,244,9,0.025,NA
246,66,replace-space-with-newline,ifs,FALSE,20,elitize_generation_data,245,10,0.026,NA
247,66,replace-space-with-newline,ifs,FALSE,20,elitize_generation_data,246,8,0.022,NA
248,66,replace-space-with-newline,ifs,FALSE,20,elitize_generation_data,247,9,0.024,NA
249,66,replace-space-with-newline,ifs,FALSE,20,elitize_generation_data,248,9,0.026,NA
250,66,replace-space-with-newline,ifs,FALSE,20,elitize_generation_data,249,11,0.031,NA
251,66,replace-space-with-newline,ifs,FALSE,20,elitize_generation_data,250,11,0.033,NA
252,66,replace-space-with-newline,ifs,FALSE,20,elitize_generation_data,251,9,0.024,NA
253,66,replace-space-with-newline,ifs,FALSE,20,elitize_generation_data,252,11,0.033,NA
254,66,replace-space-with-newline,ifs,FALSE,20,elitize_generation_data,253,9,0.032,NA
255,66,replace-space-with-newline,ifs,FALSE,20,elitize_generation_data,254,10,0.032,NA
256,66,replace-space-with-newline,ifs,FALSE,20,elitize_generation_data,255,11,0.023,NA
257,66,replace-space-with-newline,ifs,FALSE,20,elitize_generation_data,256,8,0.032,NA
258,66,replace-space-with-newline,ifs,FALSE,20,elitize_generation_data,257,11,0.025,NA
259,66,replace-space-with-newline,ifs,FALSE,20,elitize_generation_data,258,12,0.036,NA
260,66,replace-space-with-newline,ifs,FALSE,20,elitize_generation_data,259,7,0.021,NA
261,66,replace-space-with-newline,ifs,FALSE,20,elitize_generation_data,260,8,0.025,NA
262,66,replace-space-with-newline,ifs,FALSE,20,elitize_generation_data,261,10,0.027,NA
263,66,replace-space-with-newline,ifs,FALSE,20,elitize_generation_data,262,14,0.032,NA
264,66,replace-space-with-newline,ifs,FALSE,20,elitize_generation_data,263,10,0.039,NA
265,66,replace-space-with-newline,ifs,FALSE,20,elitize_generation_data,264,9,0.024,NA
266,66,replace-space-with-newline,ifs,FALSE,20,elitize_generation_data,265,7,0.023,NA
267,66,replace-space-with-newline,ifs,FALSE,20,elitize_generation_data,266,10,0.03,NA
268,66,replace-space-with-newline,ifs,FALSE,20,elitize_generation_data,267,10,0.027,NA
269,66,replace-space-with-newline,ifs,FALSE,20,elitize_generation_data,268,9,0.028,NA
270,66,replace-space-with-newline,ifs,FALSE,20,elitize_generation_data,269,10,0.023,NA
271,66,replace-space-with-newline,ifs,FALSE,20,elitize_generation_data,270,10,0.027,NA
272,66,replace-space-with-newline,ifs,FALSE,20,elitize_generation_data,271,11,0.027,NA
273,66,replace-space-with-newline,ifs,FALSE,20,elitize_generation_data,272,6,0.022,NA
274,66,replace-space-with-newline,ifs,FALSE,20,elitize_generation_data,273,8,0.025,NA
275,66,replace-space-with-newline,ifs,FALSE,20,elitize_generation_data,274,9,0.029,NA
276,66,replace-space-with-newline,ifs,FALSE,20,elitize_generation_data,275,10,0.023,NA
277,66,replace-space-with-newline,ifs,FALSE,20,elitize_generation_data,276,8,0.025,NA
278,66,replace-space-with-newline,ifs,FALSE,20,elitize_generation_data,277,9,0.027,NA
279,66,replace-space-with-newline,ifs,FALSE,20,elitize_generation_data,278,8,0.024,NA
280,66,replace-space-with-newline,ifs,FALSE,20,elitize_generation_data,279,8,0.03,NA
281,66,replace-space-with-newline,ifs,FALSE,20,elitize_generation_data,280,10,0.023,NA
282,66,replace-space-with-newline,ifs,FALSE,20,elitize_generation_data,281,9,0.019,NA
283,66,replace-space-with-newline,ifs,FALSE,20,elitize_generation_data,282,8,0.03,NA
284,66,replace-space-with-newline,ifs,FALSE,20,elitize_generation_data,283,9,0.022,NA
285,66,replace-space-with-newline,ifs,FALSE,20,elitize_generation_data,284,7,0.02,NA
286,66,replace-space-with-newline,ifs,FALSE,20,elitize_generation_data,285,8,0.021,NA
287,66,replace-space-with-newline,ifs,FALSE,20,elitize_generation_data,286,10,0.023,NA
288,66,replace-space-with-newline,ifs,FALSE,20,elitize_generation_data,287,10,0.023,NA
289,66,replace-space-with-newline,ifs,FALSE,20,elitize_generation_data,288,7,0.028,NA
290,66,replace-space-with-newline,ifs,FALSE,20,elitize_generation_data,289,12,0.026,NA
291,66,replace-space-with-newline,ifs,FALSE,20,elitize_generation_data,290,8,0.023,NA
292,66,replace-space-with-newline,ifs,FALSE,20,elitize_generation_data,291,10,0.028,NA
293,66,replace-space-with-newline,ifs,FALSE,20,elitize_generation_data,292,8,0.027,NA
294,66,replace-space-with-newline,ifs,FALSE,20,elitize_generation_data,293,9,0.026,NA
295,66,replace-space-with-newline,ifs,FALSE,20,elitize_generation_data,294,9,0.028,NA
296,66,replace-space-with-newline,ifs,FALSE,20,elitize_generation_data,295,7,0.016,NA
297,66,replace-space-with-newline,ifs,FALSE,20,elitize_generation_data,296,7,0.025,NA
298,66,replace-space-with-newline,ifs,FALSE,20,elitize_generation_data,297,9,0.029,NA
299,66,replace-space-with-newline,ifs,FALSE,20,elitize_generation_data,298,9,0.022,NA
300,66,replace-space-with-newline,ifs,FALSE,20,elitize_generation_data,299,11,0.03,NA
301,66,replace-space-with-newline,ifs,FALSE,20,elitize_generation_data,300,8,0.024,NA
