,run.num,problem,treatment,succeeded,height,normalization.function,generation,cluster.count,error.diversity,success.generation
1,40,replace-space-with-newline,ifs,FALSE,20,elitize_generation_data,0,6,0.483,NA
2,40,replace-space-with-newline,ifs,FALSE,20,elitize_generation_data,1,7,0.332,NA
3,40,replace-space-with-newline,ifs,FALSE,20,elitize_generation_data,2,9,0.256,NA
4,40,replace-space-with-newline,ifs,FALSE,20,elitize_generation_data,3,11,0.279,NA
5,40,replace-space-with-newline,ifs,FALSE,20,elitize_generation_data,4,11,0.301,NA
6,40,replace-space-with-newline,ifs,FALSE,20,elitize_generation_data,5,12,0.3,NA
7,40,replace-space-with-newline,ifs,FALSE,20,elitize_generation_data,6,10,0.327,NA
8,40,replace-space-with-newline,ifs,FALSE,20,elitize_generation_data,7,14,0.384,NA
9,40,replace-space-with-newline,ifs,FALSE,20,elitize_generation_data,8,15,0.348,NA
10,40,replace-space-with-newline,ifs,FALSE,20,elitize_generation_data,9,21,0.208,NA
11,40,replace-space-with-newline,ifs,FALSE,20,elitize_generation_data,10,15,0.126,NA
12,40,replace-space-with-newline,ifs,FALSE,20,elitize_generation_data,11,16,0.15,NA
13,40,replace-space-with-newline,ifs,FALSE,20,elitize_generation_data,12,18,0.168,NA
14,40,replace-space-with-newline,ifs,FALSE,20,elitize_generation_data,13,18,0.17,NA
15,40,replace-space-with-newline,ifs,FALSE,20,elitize_generation_data,14,16,0.158,NA
16,40,replace-space-with-newline,ifs,FALSE,20,elitize_generation_data,15,14,0.176,NA
17,40,replace-space-with-newline,ifs,FALSE,20,elitize_generation_data,16,18,0.166,NA
18,40,replace-space-with-newline,ifs,FALSE,20,elitize_generation_data,17,18,0.136,NA
19,40,replace-space-with-newline,ifs,FALSE,20,elitize_generation_data,18,17,0.165,NA
20,40,replace-space-with-newline,ifs,FALSE,20,elitize_generation_data,19,20,0.165,NA
21,40,replace-space-with-newline,ifs,FALSE,20,elitize_generation_data,20,16,0.175,NA
22,40,replace-space-with-newline,ifs,FALSE,20,elitize_generation_data,21,17,0.162,NA
23,40,replace-space-with-newline,ifs,FALSE,20,elitize_generation_data,22,16,0.162,NA
24,40,replace-space-with-newline,ifs,FALSE,20,elitize_generation_data,23,16,0.173,NA
25,40,replace-space-with-newline,ifs,FALSE,20,elitize_generation_data,24,20,0.223,NA
26,40,replace-space-with-newline,ifs,FALSE,20,elitize_generation_data,25,16,0.219,NA
27,40,replace-space-with-newline,ifs,FALSE,20,elitize_generation_data,26,16,0.206,NA
28,40,replace-space-with-newline,ifs,FALSE,20,elitize_generation_data,27,19,0.236,NA
29,40,replace-space-with-newline,ifs,FALSE,20,elitize_generation_data,28,16,0.167,NA
30,40,replace-space-with-newline,ifs,FALSE,20,elitize_generation_data,29,14,0.134,NA
31,40,replace-space-with-newline,ifs,FALSE,20,elitize_generation_data,30,16,0.132,NA
32,40,replace-space-with-newline,ifs,FALSE,20,elitize_generation_data,31,17,0.15,NA
33,40,replace-space-with-newline,ifs,FALSE,20,elitize_generation_data,32,21,0.169,NA
34,40,replace-space-with-newline,ifs,FALSE,20,elitize_generation_data,33,23,0.164,NA
35,40,replace-space-with-newline,ifs,FALSE,20,elitize_generation_data,34,18,0.187,NA
36,40,replace-space-with-newline,ifs,FALSE,20,elitize_generation_data,35,22,0.208,NA
37,40,replace-space-with-newline,ifs,FALSE,20,elitize_generation_data,36,23,0.197,NA
38,40,replace-space-with-newline,ifs,FALSE,20,elitize_generation_data,37,21,0.225,NA
39,40,replace-space-with-newline,ifs,FALSE,20,elitize_generation_data,38,20,0.222,NA
40,40,replace-space-with-newline,ifs,FALSE,20,elitize_generation_data,39,27,0.221,NA
41,40,replace-space-with-newline,ifs,FALSE,20,elitize_generation_data,40,21,0.233,NA
42,40,replace-space-with-newline,ifs,FALSE,20,elitize_generation_data,41,22,0.23,NA
43,40,replace-space-with-newline,ifs,FALSE,20,elitize_generation_data,42,25,0.235,NA
44,40,replace-space-with-newline,ifs,FALSE,20,elitize_generation_data,43,20,0.226,NA
45,40,replace-space-with-newline,ifs,FALSE,20,elitize_generation_data,44,24,0.242,NA
46,40,replace-space-with-newline,ifs,FALSE,20,elitize_generation_data,45,23,0.242,NA
47,40,replace-space-with-newline,ifs,FALSE,20,elitize_generation_data,46,22,0.237,NA
48,40,replace-space-with-newline,ifs,FALSE,20,elitize_generation_data,47,25,0.24,NA
49,40,replace-space-with-newline,ifs,FALSE,20,elitize_generation_data,48,29,0.248,NA
50,40,replace-space-with-newline,ifs,FALSE,20,elitize_generation_data,49,27,0.274,NA
51,40,replace-space-with-newline,ifs,FALSE,20,elitize_generation_data,50,31,0.296,NA
52,40,replace-space-with-newline,ifs,FALSE,20,elitize_generation_data,51,24,0.286,NA
53,40,replace-space-with-newline,ifs,FALSE,20,elitize_generation_data,52,28,0.306,NA
54,40,replace-space-with-newline,ifs,FALSE,20,elitize_generation_data,53,31,0.332,NA
55,40,replace-space-with-newline,ifs,FALSE,20,elitize_generation_data,54,35,0.362,NA
56,40,replace-space-with-newline,ifs,FALSE,20,elitize_generation_data,55,32,0.34,NA
57,40,replace-space-with-newline,ifs,FALSE,20,elitize_generation_data,56,34,0.333,NA
58,40,replace-space-with-newline,ifs,FALSE,20,elitize_generation_data,57,39,0.329,NA
59,40,replace-space-with-newline,ifs,FALSE,20,elitize_generation_data,58,28,0.291,NA
60,40,replace-space-with-newline,ifs,FALSE,20,elitize_generation_data,59,39,0.328,NA
61,40,replace-space-with-newline,ifs,FALSE,20,elitize_generation_data,60,49,0.328,NA
62,40,replace-space-with-newline,ifs,FALSE,20,elitize_generation_data,61,36,0.338,NA
63,40,replace-space-with-newline,ifs,FALSE,20,elitize_generation_data,62,40,0.332,NA
64,40,replace-space-with-newline,ifs,FALSE,20,elitize_generation_data,63,57,0.389,NA
65,40,replace-space-with-newline,ifs,FALSE,20,elitize_generation_data,64,53,0.393,NA
66,40,replace-space-with-newline,ifs,FALSE,20,elitize_generation_data,65,41,0.384,NA
67,40,replace-space-with-newline,ifs,FALSE,20,elitize_generation_data,66,39,0.391,NA
68,40,replace-space-with-newline,ifs,FALSE,20,elitize_generation_data,67,44,0.398,NA
69,40,replace-space-with-newline,ifs,FALSE,20,elitize_generation_data,68,33,0.39,NA
70,40,replace-space-with-newline,ifs,FALSE,20,elitize_generation_data,69,34,0.402,NA
71,40,replace-space-with-newline,ifs,FALSE,20,elitize_generation_data,70,44,0.425,NA
72,40,replace-space-with-newline,ifs,FALSE,20,elitize_generation_data,71,42,0.423,NA
73,40,replace-space-with-newline,ifs,FALSE,20,elitize_generation_data,72,33,0.394,NA
74,40,replace-space-with-newline,ifs,FALSE,20,elitize_generation_data,73,40,0.397,NA
75,40,replace-space-with-newline,ifs,FALSE,20,elitize_generation_data,74,39,0.426,NA
76,40,replace-space-with-newline,ifs,FALSE,20,elitize_generation_data,75,38,0.404,NA
77,40,replace-space-with-newline,ifs,FALSE,20,elitize_generation_data,76,36,0.413,NA
78,40,replace-space-with-newline,ifs,FALSE,20,elitize_generation_data,77,43,0.444,NA
79,40,replace-space-with-newline,ifs,FALSE,20,elitize_generation_data,78,41,0.428,NA
80,40,replace-space-with-newline,ifs,FALSE,20,elitize_generation_data,79,34,0.421,NA
81,40,replace-space-with-newline,ifs,FALSE,20,elitize_generation_data,80,34,0.389,NA
82,40,replace-space-with-newline,ifs,FALSE,20,elitize_generation_data,81,34,0.391,NA
83,40,replace-space-with-newline,ifs,FALSE,20,elitize_generation_data,82,41,0.396,NA
84,40,replace-space-with-newline,ifs,FALSE,20,elitize_generation_data,83,32,0.368,NA
85,40,replace-space-with-newline,ifs,FALSE,20,elitize_generation_data,84,36,0.392,NA
86,40,replace-space-with-newline,ifs,FALSE,20,elitize_generation_data,85,34,0.398,NA
87,40,replace-space-with-newline,ifs,FALSE,20,elitize_generation_data,86,35,0.377,NA
88,40,replace-space-with-newline,ifs,FALSE,20,elitize_generation_data,87,36,0.392,NA
89,40,replace-space-with-newline,ifs,FALSE,20,elitize_generation_data,88,37,0.393,NA
90,40,replace-space-with-newline,ifs,FALSE,20,elitize_generation_data,89,32,0.382,NA
91,40,replace-space-with-newline,ifs,FALSE,20,elitize_generation_data,90,30,0.391,NA
92,40,replace-space-with-newline,ifs,FALSE,20,elitize_generation_data,91,38,0.392,NA
93,40,replace-space-with-newline,ifs,FALSE,20,elitize_generation_data,92,37,0.405,NA
94,40,replace-space-with-newline,ifs,FALSE,20,elitize_generation_data,93,36,0.396,NA
95,40,replace-space-with-newline,ifs,FALSE,20,elitize_generation_data,94,37,0.383,NA
96,40,replace-space-with-newline,ifs,FALSE,20,elitize_generation_data,95,34,0.375,NA
97,40,replace-space-with-newline,ifs,FALSE,20,elitize_generation_data,96,34,0.393,NA
98,40,replace-space-with-newline,ifs,FALSE,20,elitize_generation_data,97,34,0.385,NA
99,40,replace-space-with-newline,ifs,FALSE,20,elitize_generation_data,98,40,0.408,NA
100,40,replace-space-with-newline,ifs,FALSE,20,elitize_generation_data,99,27,0.381,NA
101,40,replace-space-with-newline,ifs,FALSE,20,elitize_generation_data,100,36,0.391,NA
102,40,replace-space-with-newline,ifs,FALSE,20,elitize_generation_data,101,32,0.366,NA
103,40,replace-space-with-newline,ifs,FALSE,20,elitize_generation_data,102,35,0.369,NA
104,40,replace-space-with-newline,ifs,FALSE,20,elitize_generation_data,103,37,0.374,NA
105,40,replace-space-with-newline,ifs,FALSE,20,elitize_generation_data,104,35,0.384,NA
106,40,replace-space-with-newline,ifs,FALSE,20,elitize_generation_data,105,41,0.381,NA
107,40,replace-space-with-newline,ifs,FALSE,20,elitize_generation_data,106,38,0.37,NA
108,40,replace-space-with-newline,ifs,FALSE,20,elitize_generation_data,107,32,0.374,NA
109,40,replace-space-with-newline,ifs,FALSE,20,elitize_generation_data,108,34,0.39,NA
110,40,replace-space-with-newline,ifs,FALSE,20,elitize_generation_data,109,40,0.404,NA
111,40,replace-space-with-newline,ifs,FALSE,20,elitize_generation_data,110,30,0.362,NA
112,40,replace-space-with-newline,ifs,FALSE,20,elitize_generation_data,111,37,0.385,NA
113,40,replace-space-with-newline,ifs,FALSE,20,elitize_generation_data,112,33,0.396,NA
114,40,replace-space-with-newline,ifs,FALSE,20,elitize_generation_data,113,35,0.369,NA
115,40,replace-space-with-newline,ifs,FALSE,20,elitize_generation_data,114,31,0.372,NA
116,40,replace-space-with-newline,ifs,FALSE,20,elitize_generation_data,115,39,0.378,NA
117,40,replace-space-with-newline,ifs,FALSE,20,elitize_generation_data,116,36,0.387,NA
118,40,replace-space-with-newline,ifs,FALSE,20,elitize_generation_data,117,36,0.363,NA
119,40,replace-space-with-newline,ifs,FALSE,20,elitize_generation_data,118,40,0.369,NA
120,40,replace-space-with-newline,ifs,FALSE,20,elitize_generation_data,119,38,0.363,NA
121,40,replace-space-with-newline,ifs,FALSE,20,elitize_generation_data,120,39,0.361,NA
122,40,replace-space-with-newline,ifs,FALSE,20,elitize_generation_data,121,36,0.392,NA
123,40,replace-space-with-newline,ifs,FALSE,20,elitize_generation_data,122,44,0.401,NA
124,40,replace-space-with-newline,ifs,FALSE,20,elitize_generation_data,123,42,0.403,NA
125,40,replace-space-with-newline,ifs,FALSE,20,elitize_generation_data,124,35,0.377,NA
126,40,replace-space-with-newline,ifs,FALSE,20,elitize_generation_data,125,39,0.324,NA
127,40,replace-space-with-newline,ifs,FALSE,20,elitize_generation_data,126,34,0.328,NA
128,40,replace-space-with-newline,ifs,FALSE,20,elitize_generation_data,127,36,0.344,NA
129,40,replace-space-with-newline,ifs,FALSE,20,elitize_generation_data,128,41,0.342,NA
130,40,replace-space-with-newline,ifs,FALSE,20,elitize_generation_data,129,48,0.365,NA
131,40,replace-space-with-newline,ifs,FALSE,20,elitize_generation_data,130,36,0.353,NA
132,40,replace-space-with-newline,ifs,FALSE,20,elitize_generation_data,131,39,0.32,NA
133,40,replace-space-with-newline,ifs,FALSE,20,elitize_generation_data,132,42,0.337,NA
134,40,replace-space-with-newline,ifs,FALSE,20,elitize_generation_data,133,50,0.365,NA
135,40,replace-space-with-newline,ifs,FALSE,20,elitize_generation_data,134,37,0.341,NA
136,40,replace-space-with-newline,ifs,FALSE,20,elitize_generation_data,135,37,0.347,NA
137,40,replace-space-with-newline,ifs,FALSE,20,elitize_generation_data,136,45,0.359,NA
138,40,replace-space-with-newline,ifs,FALSE,20,elitize_generation_data,137,46,0.342,NA
139,40,replace-space-with-newline,ifs,FALSE,20,elitize_generation_data,138,42,0.336,NA
140,40,replace-space-with-newline,ifs,FALSE,20,elitize_generation_data,139,38,0.36,NA
141,40,replace-space-with-newline,ifs,FALSE,20,elitize_generation_data,140,42,0.348,NA
142,40,replace-space-with-newline,ifs,FALSE,20,elitize_generation_data,141,48,0.373,NA
143,40,replace-space-with-newline,ifs,FALSE,20,elitize_generation_data,142,57,0.378,NA
144,40,replace-space-with-newline,ifs,FALSE,20,elitize_generation_data,143,40,0.359,NA
145,40,replace-space-with-newline,ifs,FALSE,20,elitize_generation_data,144,42,0.353,NA
146,40,replace-space-with-newline,ifs,FALSE,20,elitize_generation_data,145,47,0.356,NA
147,40,replace-space-with-newline,ifs,FALSE,20,elitize_generation_data,146,37,0.359,NA
148,40,replace-space-with-newline,ifs,FALSE,20,elitize_generation_data,147,43,0.349,NA
149,40,replace-space-with-newline,ifs,FALSE,20,elitize_generation_data,148,38,0.37,NA
150,40,replace-space-with-newline,ifs,FALSE,20,elitize_generation_data,149,36,0.382,NA
151,40,replace-space-with-newline,ifs,FALSE,20,elitize_generation_data,150,39,0.347,NA
152,40,replace-space-with-newline,ifs,FALSE,20,elitize_generation_data,151,38,0.351,NA
153,40,replace-space-with-newline,ifs,FALSE,20,elitize_generation_data,152,39,0.354,NA
154,40,replace-space-with-newline,ifs,FALSE,20,elitize_generation_data,153,37,0.358,NA
155,40,replace-space-with-newline,ifs,FALSE,20,elitize_generation_data,154,38,0.347,NA
156,40,replace-space-with-newline,ifs,FALSE,20,elitize_generation_data,155,43,0.373,NA
157,40,replace-space-with-newline,ifs,FALSE,20,elitize_generation_data,156,38,0.373,NA
158,40,replace-space-with-newline,ifs,FALSE,20,elitize_generation_data,157,48,0.357,NA
159,40,replace-space-with-newline,ifs,FALSE,20,elitize_generation_data,158,44,0.359,NA
160,40,replace-space-with-newline,ifs,FALSE,20,elitize_generation_data,159,40,0.377,NA
161,40,replace-space-with-newline,ifs,FALSE,20,elitize_generation_data,160,49,0.367,NA
162,40,replace-space-with-newline,ifs,FALSE,20,elitize_generation_data,161,43,0.367,NA
163,40,replace-space-with-newline,ifs,FALSE,20,elitize_generation_data,162,41,0.374,NA
164,40,replace-space-with-newline,ifs,FALSE,20,elitize_generation_data,163,36,0.352,NA
165,40,replace-space-with-newline,ifs,FALSE,20,elitize_generation_data,164,35,0.356,NA
166,40,replace-space-with-newline,ifs,FALSE,20,elitize_generation_data,165,45,0.366,NA
167,40,replace-space-with-newline,ifs,FALSE,20,elitize_generation_data,166,46,0.367,NA
168,40,replace-space-with-newline,ifs,FALSE,20,elitize_generation_data,167,40,0.355,NA
169,40,replace-space-with-newline,ifs,FALSE,20,elitize_generation_data,168,48,0.358,NA
170,40,replace-space-with-newline,ifs,FALSE,20,elitize_generation_data,169,42,0.378,NA
171,40,replace-space-with-newline,ifs,FALSE,20,elitize_generation_data,170,47,0.394,NA
172,40,replace-space-with-newline,ifs,FALSE,20,elitize_generation_data,171,43,0.367,NA
173,40,replace-space-with-newline,ifs,FALSE,20,elitize_generation_data,172,51,0.372,NA
174,40,replace-space-with-newline,ifs,FALSE,20,elitize_generation_data,173,41,0.369,NA
175,40,replace-space-with-newline,ifs,FALSE,20,elitize_generation_data,174,36,0.351,NA
176,40,replace-space-with-newline,ifs,FALSE,20,elitize_generation_data,175,42,0.363,NA
177,40,replace-space-with-newline,ifs,FALSE,20,elitize_generation_data,176,46,0.381,NA
178,40,replace-space-with-newline,ifs,FALSE,20,elitize_generation_data,177,38,0.357,NA
179,40,replace-space-with-newline,ifs,FALSE,20,elitize_generation_data,178,39,0.329,NA
180,40,replace-space-with-newline,ifs,FALSE,20,elitize_generation_data,179,41,0.385,NA
181,40,replace-space-with-newline,ifs,FALSE,20,elitize_generation_data,180,36,0.348,NA
182,40,replace-space-with-newline,ifs,FALSE,20,elitize_generation_data,181,48,0.379,NA
183,40,replace-space-with-newline,ifs,FALSE,20,elitize_generation_data,182,42,0.384,NA
184,40,replace-space-with-newline,ifs,FALSE,20,elitize_generation_data,183,49,0.376,NA
185,40,replace-space-with-newline,ifs,FALSE,20,elitize_generation_data,184,32,0.396,NA
186,40,replace-space-with-newline,ifs,FALSE,20,elitize_generation_data,185,43,0.424,NA
187,40,replace-space-with-newline,ifs,FALSE,20,elitize_generation_data,186,37,0.439,NA
188,40,replace-space-with-newline,ifs,FALSE,20,elitize_generation_data,187,52,0.494,NA
189,40,replace-space-with-newline,ifs,FALSE,20,elitize_generation_data,188,47,0.475,NA
190,40,replace-space-with-newline,ifs,FALSE,20,elitize_generation_data,189,43,0.498,NA
191,40,replace-space-with-newline,ifs,FALSE,20,elitize_generation_data,190,44,0.536,NA
192,40,replace-space-with-newline,ifs,FALSE,20,elitize_generation_data,191,39,0.558,NA
193,40,replace-space-with-newline,ifs,FALSE,20,elitize_generation_data,192,53,0.585,NA
194,40,replace-space-with-newline,ifs,FALSE,20,elitize_generation_data,193,62,0.603,NA
195,40,replace-space-with-newline,ifs,FALSE,20,elitize_generation_data,194,46,0.577,NA
196,40,replace-space-with-newline,ifs,FALSE,20,elitize_generation_data,195,56,0.594,NA
197,40,replace-space-with-newline,ifs,FALSE,20,elitize_generation_data,196,67,0.593,NA
198,40,replace-space-with-newline,ifs,FALSE,20,elitize_generation_data,197,55,0.627,NA
199,40,replace-space-with-newline,ifs,FALSE,20,elitize_generation_data,198,65,0.617,NA
200,40,replace-space-with-newline,ifs,FALSE,20,elitize_generation_data,199,70,0.621,NA
201,40,replace-space-with-newline,ifs,FALSE,20,elitize_generation_data,200,67,0.596,NA
202,40,replace-space-with-newline,ifs,FALSE,20,elitize_generation_data,201,67,0.574,NA
203,40,replace-space-with-newline,ifs,FALSE,20,elitize_generation_data,202,55,0.564,NA
204,40,replace-space-with-newline,ifs,FALSE,20,elitize_generation_data,203,64,0.54,NA
205,40,replace-space-with-newline,ifs,FALSE,20,elitize_generation_data,204,58,0.554,NA
206,40,replace-space-with-newline,ifs,FALSE,20,elitize_generation_data,205,46,0.568,NA
207,40,replace-space-with-newline,ifs,FALSE,20,elitize_generation_data,206,59,0.563,NA
208,40,replace-space-with-newline,ifs,FALSE,20,elitize_generation_data,207,61,0.616,NA
209,40,replace-space-with-newline,ifs,FALSE,20,elitize_generation_data,208,55,0.611,NA
210,40,replace-space-with-newline,ifs,FALSE,20,elitize_generation_data,209,71,0.613,NA
211,40,replace-space-with-newline,ifs,FALSE,20,elitize_generation_data,210,63,0.601,NA
212,40,replace-space-with-newline,ifs,FALSE,20,elitize_generation_data,211,61,0.57,NA
213,40,replace-space-with-newline,ifs,FALSE,20,elitize_generation_data,212,62,0.59,NA
214,40,replace-space-with-newline,ifs,FALSE,20,elitize_generation_data,213,77,0.59,NA
215,40,replace-space-with-newline,ifs,FALSE,20,elitize_generation_data,214,90,0.579,NA
216,40,replace-space-with-newline,ifs,FALSE,20,elitize_generation_data,215,64,0.606,NA
217,40,replace-space-with-newline,ifs,FALSE,20,elitize_generation_data,216,69,0.6,NA
218,40,replace-space-with-newline,ifs,FALSE,20,elitize_generation_data,217,65,0.56,NA
219,40,replace-space-with-newline,ifs,FALSE,20,elitize_generation_data,218,61,0.56,NA
220,40,replace-space-with-newline,ifs,FALSE,20,elitize_generation_data,219,60,0.592,NA
221,40,replace-space-with-newline,ifs,FALSE,20,elitize_generation_data,220,58,0.567,NA
222,40,replace-space-with-newline,ifs,FALSE,20,elitize_generation_data,221,60,0.565,NA
223,40,replace-space-with-newline,ifs,FALSE,20,elitize_generation_data,222,68,0.574,NA
224,40,replace-space-with-newline,ifs,FALSE,20,elitize_generation_data,223,66,0.615,NA
225,40,replace-space-with-newline,ifs,FALSE,20,elitize_generation_data,224,71,0.612,NA
226,40,replace-space-with-newline,ifs,FALSE,20,elitize_generation_data,225,61,0.594,NA
227,40,replace-space-with-newline,ifs,FALSE,20,elitize_generation_data,226,73,0.612,NA
228,40,replace-space-with-newline,ifs,FALSE,20,elitize_generation_data,227,73,0.614,NA
229,40,replace-space-with-newline,ifs,FALSE,20,elitize_generation_data,228,74,0.597,NA
230,40,replace-space-with-newline,ifs,FALSE,20,elitize_generation_data,229,74,0.608,NA
231,40,replace-space-with-newline,ifs,FALSE,20,elitize_generation_data,230,74,0.59,NA
232,40,replace-space-with-newline,ifs,FALSE,20,elitize_generation_data,231,69,0.594,NA
233,40,replace-space-with-newline,ifs,FALSE,20,elitize_generation_data,232,76,0.615,NA
234,40,replace-space-with-newline,ifs,FALSE,20,elitize_generation_data,233,61,0.567,NA
235,40,replace-space-with-newline,ifs,FALSE,20,elitize_generation_data,234,67,0.585,NA
236,40,replace-space-with-newline,ifs,FALSE,20,elitize_generation_data,235,65,0.551,NA
237,40,replace-space-with-newline,ifs,FALSE,20,elitize_generation_data,236,75,0.59,NA
238,40,replace-space-with-newline,ifs,FALSE,20,elitize_generation_data,237,72,0.599,NA
239,40,replace-space-with-newline,ifs,FALSE,20,elitize_generation_data,238,69,0.589,NA
240,40,replace-space-with-newline,ifs,FALSE,20,elitize_generation_data,239,67,0.611,NA
241,40,replace-space-with-newline,ifs,FALSE,20,elitize_generation_data,240,70,0.599,NA
242,40,replace-space-with-newline,ifs,FALSE,20,elitize_generation_data,241,63,0.6,NA
243,40,replace-space-with-newline,ifs,FALSE,20,elitize_generation_data,242,50,0.642,NA
244,40,replace-space-with-newline,ifs,FALSE,20,elitize_generation_data,243,71,0.623,NA
245,40,replace-space-with-newline,ifs,FALSE,20,elitize_generation_data,244,54,0.616,NA
246,40,replace-space-with-newline,ifs,FALSE,20,elitize_generation_data,245,68,0.589,NA
247,40,replace-space-with-newline,ifs,FALSE,20,elitize_generation_data,246,65,0.582,NA
248,40,replace-space-with-newline,ifs,FALSE,20,elitize_generation_data,247,48,0.597,NA
249,40,replace-space-with-newline,ifs,FALSE,20,elitize_generation_data,248,60,0.601,NA
250,40,replace-space-with-newline,ifs,FALSE,20,elitize_generation_data,249,67,0.609,NA
251,40,replace-space-with-newline,ifs,FALSE,20,elitize_generation_data,250,54,0.622,NA
252,40,replace-space-with-newline,ifs,FALSE,20,elitize_generation_data,251,60,0.63,NA
253,40,replace-space-with-newline,ifs,FALSE,20,elitize_generation_data,252,53,0.608,NA
254,40,replace-space-with-newline,ifs,FALSE,20,elitize_generation_data,253,60,0.597,NA
255,40,replace-space-with-newline,ifs,FALSE,20,elitize_generation_data,254,56,0.593,NA
256,40,replace-space-with-newline,ifs,FALSE,20,elitize_generation_data,255,60,0.606,NA
257,40,replace-space-with-newline,ifs,FALSE,20,elitize_generation_data,256,53,0.612,NA
258,40,replace-space-with-newline,ifs,FALSE,20,elitize_generation_data,257,60,0.624,NA
259,40,replace-space-with-newline,ifs,FALSE,20,elitize_generation_data,258,58,0.626,NA
260,40,replace-space-with-newline,ifs,FALSE,20,elitize_generation_data,259,54,0.664,NA
261,40,replace-space-with-newline,ifs,FALSE,20,elitize_generation_data,260,50,0.691,NA
262,40,replace-space-with-newline,ifs,FALSE,20,elitize_generation_data,261,54,0.659,NA
263,40,replace-space-with-newline,ifs,FALSE,20,elitize_generation_data,262,56,0.686,NA
264,40,replace-space-with-newline,ifs,FALSE,20,elitize_generation_data,263,59,0.691,NA
265,40,replace-space-with-newline,ifs,FALSE,20,elitize_generation_data,264,56,0.665,NA
266,40,replace-space-with-newline,ifs,FALSE,20,elitize_generation_data,265,63,0.691,NA
267,40,replace-space-with-newline,ifs,FALSE,20,elitize_generation_data,266,59,0.665,NA
268,40,replace-space-with-newline,ifs,FALSE,20,elitize_generation_data,267,58,0.677,NA
269,40,replace-space-with-newline,ifs,FALSE,20,elitize_generation_data,268,61,0.649,NA
270,40,replace-space-with-newline,ifs,FALSE,20,elitize_generation_data,269,52,0.67,NA
271,40,replace-space-with-newline,ifs,FALSE,20,elitize_generation_data,270,73,0.679,NA
272,40,replace-space-with-newline,ifs,FALSE,20,elitize_generation_data,271,64,0.679,NA
273,40,replace-space-with-newline,ifs,FALSE,20,elitize_generation_data,272,56,0.656,NA
274,40,replace-space-with-newline,ifs,FALSE,20,elitize_generation_data,273,56,0.658,NA
275,40,replace-space-with-newline,ifs,FALSE,20,elitize_generation_data,274,62,0.693,NA
276,40,replace-space-with-newline,ifs,FALSE,20,elitize_generation_data,275,59,0.675,NA
277,40,replace-space-with-newline,ifs,FALSE,20,elitize_generation_data,276,70,0.665,NA
278,40,replace-space-with-newline,ifs,FALSE,20,elitize_generation_data,277,70,0.66,NA
279,40,replace-space-with-newline,ifs,FALSE,20,elitize_generation_data,278,63,0.66,NA
280,40,replace-space-with-newline,ifs,FALSE,20,elitize_generation_data,279,79,0.664,NA
281,40,replace-space-with-newline,ifs,FALSE,20,elitize_generation_data,280,67,0.663,NA
282,40,replace-space-with-newline,ifs,FALSE,20,elitize_generation_data,281,66,0.656,NA
283,40,replace-space-with-newline,ifs,FALSE,20,elitize_generation_data,282,74,0.648,NA
284,40,replace-space-with-newline,ifs,FALSE,20,elitize_generation_data,283,75,0.668,NA
285,40,replace-space-with-newline,ifs,FALSE,20,elitize_generation_data,284,64,0.696,NA
286,40,replace-space-with-newline,ifs,FALSE,20,elitize_generation_data,285,69,0.686,NA
287,40,replace-space-with-newline,ifs,FALSE,20,elitize_generation_data,286,63,0.725,NA
288,40,replace-space-with-newline,ifs,FALSE,20,elitize_generation_data,287,70,0.739,NA
289,40,replace-space-with-newline,ifs,FALSE,20,elitize_generation_data,288,70,0.751,NA
290,40,replace-space-with-newline,ifs,FALSE,20,elitize_generation_data,289,61,0.726,NA
291,40,replace-space-with-newline,ifs,FALSE,20,elitize_generation_data,290,61,0.709,NA
292,40,replace-space-with-newline,ifs,FALSE,20,elitize_generation_data,291,57,0.714,NA
293,40,replace-space-with-newline,ifs,FALSE,20,elitize_generation_data,292,73,0.708,NA
294,40,replace-space-with-newline,ifs,FALSE,20,elitize_generation_data,293,58,0.689,NA
295,40,replace-space-with-newline,ifs,FALSE,20,elitize_generation_data,294,57,0.679,NA
296,40,replace-space-with-newline,ifs,FALSE,20,elitize_generation_data,295,55,0.673,NA
297,40,replace-space-with-newline,ifs,FALSE,20,elitize_generation_data,296,64,0.682,NA
298,40,replace-space-with-newline,ifs,FALSE,20,elitize_generation_data,297,57,0.707,NA
299,40,replace-space-with-newline,ifs,FALSE,20,elitize_generation_data,298,54,0.703,NA
300,40,replace-space-with-newline,ifs,FALSE,20,elitize_generation_data,299,65,0.702,NA
301,40,replace-space-with-newline,ifs,FALSE,20,elitize_generation_data,300,60,0.681,NA
