,run.num,problem,treatment,succeeded,height,normalization.function,generation,cluster.count,error.diversity,success.generation
1,6,replace-space-with-newline,ifs,FALSE,20,elitize_generation_data,0,5,0.503,NA
2,6,replace-space-with-newline,ifs,FALSE,20,elitize_generation_data,1,6,0.361,NA
3,6,replace-space-with-newline,ifs,FALSE,20,elitize_generation_data,2,8,0.245,NA
4,6,replace-space-with-newline,ifs,FALSE,20,elitize_generation_data,3,9,0.217,NA
5,6,replace-space-with-newline,ifs,FALSE,20,elitize_generation_data,4,12,0.172,NA
6,6,replace-space-with-newline,ifs,FALSE,20,elitize_generation_data,5,11,0.113,NA
7,6,replace-space-with-newline,ifs,FALSE,20,elitize_generation_data,6,11,0.139,NA
8,6,replace-space-with-newline,ifs,FALSE,20,elitize_generation_data,7,10,0.134,NA
9,6,replace-space-with-newline,ifs,FALSE,20,elitize_generation_data,8,13,0.073,NA
10,6,replace-space-with-newline,ifs,FALSE,20,elitize_generation_data,9,12,0.058,NA
11,6,replace-space-with-newline,ifs,FALSE,20,elitize_generation_data,10,14,0.067,NA
12,6,replace-space-with-newline,ifs,FALSE,20,elitize_generation_data,11,15,0.068,NA
13,6,replace-space-with-newline,ifs,FALSE,20,elitize_generation_data,12,14,0.061,NA
14,6,replace-space-with-newline,ifs,FALSE,20,elitize_generation_data,13,12,0.066,NA
15,6,replace-space-with-newline,ifs,FALSE,20,elitize_generation_data,14,15,0.087,NA
16,6,replace-space-with-newline,ifs,FALSE,20,elitize_generation_data,15,12,0.083,NA
17,6,replace-space-with-newline,ifs,FALSE,20,elitize_generation_data,16,16,0.1,NA
18,6,replace-space-with-newline,ifs,FALSE,20,elitize_generation_data,17,26,0.152,NA
19,6,replace-space-with-newline,ifs,FALSE,20,elitize_generation_data,18,25,0.131,NA
20,6,replace-space-with-newline,ifs,FALSE,20,elitize_generation_data,19,18,0.126,NA
21,6,replace-space-with-newline,ifs,FALSE,20,elitize_generation_data,20,15,0.125,NA
22,6,replace-space-with-newline,ifs,FALSE,20,elitize_generation_data,21,11,0.11,NA
23,6,replace-space-with-newline,ifs,FALSE,20,elitize_generation_data,22,13,0.145,NA
24,6,replace-space-with-newline,ifs,FALSE,20,elitize_generation_data,23,9,0.144,NA
25,6,replace-space-with-newline,ifs,FALSE,20,elitize_generation_data,24,11,0.146,NA
26,6,replace-space-with-newline,ifs,FALSE,20,elitize_generation_data,25,12,0.119,NA
27,6,replace-space-with-newline,ifs,FALSE,20,elitize_generation_data,26,13,0.09,NA
28,6,replace-space-with-newline,ifs,FALSE,20,elitize_generation_data,27,11,0.096,NA
29,6,replace-space-with-newline,ifs,FALSE,20,elitize_generation_data,28,12,0.127,NA
30,6,replace-space-with-newline,ifs,FALSE,20,elitize_generation_data,29,15,0.132,NA
31,6,replace-space-with-newline,ifs,FALSE,20,elitize_generation_data,30,19,0.136,NA
32,6,replace-space-with-newline,ifs,FALSE,20,elitize_generation_data,31,18,0.139,NA
33,6,replace-space-with-newline,ifs,FALSE,20,elitize_generation_data,32,22,0.172,NA
34,6,replace-space-with-newline,ifs,FALSE,20,elitize_generation_data,33,15,0.169,NA
35,6,replace-space-with-newline,ifs,FALSE,20,elitize_generation_data,34,20,0.17,NA
36,6,replace-space-with-newline,ifs,FALSE,20,elitize_generation_data,35,14,0.18,NA
37,6,replace-space-with-newline,ifs,FALSE,20,elitize_generation_data,36,22,0.174,NA
38,6,replace-space-with-newline,ifs,FALSE,20,elitize_generation_data,37,27,0.201,NA
39,6,replace-space-with-newline,ifs,FALSE,20,elitize_generation_data,38,17,0.185,NA
40,6,replace-space-with-newline,ifs,FALSE,20,elitize_generation_data,39,24,0.193,NA
41,6,replace-space-with-newline,ifs,FALSE,20,elitize_generation_data,40,22,0.18,NA
42,6,replace-space-with-newline,ifs,FALSE,20,elitize_generation_data,41,19,0.15,NA
43,6,replace-space-with-newline,ifs,FALSE,20,elitize_generation_data,42,19,0.143,NA
44,6,replace-space-with-newline,ifs,FALSE,20,elitize_generation_data,43,20,0.17,NA
45,6,replace-space-with-newline,ifs,FALSE,20,elitize_generation_data,44,16,0.17,NA
46,6,replace-space-with-newline,ifs,FALSE,20,elitize_generation_data,45,16,0.163,NA
47,6,replace-space-with-newline,ifs,FALSE,20,elitize_generation_data,46,18,0.161,NA
48,6,replace-space-with-newline,ifs,FALSE,20,elitize_generation_data,47,24,0.185,NA
49,6,replace-space-with-newline,ifs,FALSE,20,elitize_generation_data,48,18,0.173,NA
50,6,replace-space-with-newline,ifs,FALSE,20,elitize_generation_data,49,19,0.188,NA
51,6,replace-space-with-newline,ifs,FALSE,20,elitize_generation_data,50,18,0.194,NA
52,6,replace-space-with-newline,ifs,FALSE,20,elitize_generation_data,51,23,0.163,NA
53,6,replace-space-with-newline,ifs,FALSE,20,elitize_generation_data,52,18,0.177,NA
54,6,replace-space-with-newline,ifs,FALSE,20,elitize_generation_data,53,20,0.165,NA
55,6,replace-space-with-newline,ifs,FALSE,20,elitize_generation_data,54,20,0.164,NA
56,6,replace-space-with-newline,ifs,FALSE,20,elitize_generation_data,55,20,0.171,NA
57,6,replace-space-with-newline,ifs,FALSE,20,elitize_generation_data,56,20,0.187,NA
58,6,replace-space-with-newline,ifs,FALSE,20,elitize_generation_data,57,22,0.209,NA
59,6,replace-space-with-newline,ifs,FALSE,20,elitize_generation_data,58,22,0.199,NA
60,6,replace-space-with-newline,ifs,FALSE,20,elitize_generation_data,59,23,0.2,NA
61,6,replace-space-with-newline,ifs,FALSE,20,elitize_generation_data,60,24,0.169,NA
62,6,replace-space-with-newline,ifs,FALSE,20,elitize_generation_data,61,21,0.165,NA
63,6,replace-space-with-newline,ifs,FALSE,20,elitize_generation_data,62,24,0.181,NA
64,6,replace-space-with-newline,ifs,FALSE,20,elitize_generation_data,63,21,0.187,NA
65,6,replace-space-with-newline,ifs,FALSE,20,elitize_generation_data,64,17,0.188,NA
66,6,replace-space-with-newline,ifs,FALSE,20,elitize_generation_data,65,27,0.206,NA
67,6,replace-space-with-newline,ifs,FALSE,20,elitize_generation_data,66,25,0.209,NA
68,6,replace-space-with-newline,ifs,FALSE,20,elitize_generation_data,67,21,0.182,NA
69,6,replace-space-with-newline,ifs,FALSE,20,elitize_generation_data,68,26,0.196,NA
70,6,replace-space-with-newline,ifs,FALSE,20,elitize_generation_data,69,24,0.209,NA
71,6,replace-space-with-newline,ifs,FALSE,20,elitize_generation_data,70,20,0.201,NA
72,6,replace-space-with-newline,ifs,FALSE,20,elitize_generation_data,71,19,0.179,NA
73,6,replace-space-with-newline,ifs,FALSE,20,elitize_generation_data,72,21,0.194,NA
74,6,replace-space-with-newline,ifs,FALSE,20,elitize_generation_data,73,24,0.206,NA
75,6,replace-space-with-newline,ifs,FALSE,20,elitize_generation_data,74,28,0.196,NA
76,6,replace-space-with-newline,ifs,FALSE,20,elitize_generation_data,75,19,0.2,NA
77,6,replace-space-with-newline,ifs,FALSE,20,elitize_generation_data,76,25,0.184,NA
78,6,replace-space-with-newline,ifs,FALSE,20,elitize_generation_data,77,22,0.199,NA
79,6,replace-space-with-newline,ifs,FALSE,20,elitize_generation_data,78,24,0.19,NA
80,6,replace-space-with-newline,ifs,FALSE,20,elitize_generation_data,79,20,0.202,NA
81,6,replace-space-with-newline,ifs,FALSE,20,elitize_generation_data,80,23,0.182,NA
82,6,replace-space-with-newline,ifs,FALSE,20,elitize_generation_data,81,21,0.207,NA
83,6,replace-space-with-newline,ifs,FALSE,20,elitize_generation_data,82,19,0.203,NA
84,6,replace-space-with-newline,ifs,FALSE,20,elitize_generation_data,83,23,0.205,NA
85,6,replace-space-with-newline,ifs,FALSE,20,elitize_generation_data,84,24,0.202,NA
86,6,replace-space-with-newline,ifs,FALSE,20,elitize_generation_data,85,28,0.199,NA
87,6,replace-space-with-newline,ifs,FALSE,20,elitize_generation_data,86,19,0.201,NA
88,6,replace-space-with-newline,ifs,FALSE,20,elitize_generation_data,87,23,0.19,NA
89,6,replace-space-with-newline,ifs,FALSE,20,elitize_generation_data,88,24,0.21,NA
90,6,replace-space-with-newline,ifs,FALSE,20,elitize_generation_data,89,25,0.201,NA
91,6,replace-space-with-newline,ifs,FALSE,20,elitize_generation_data,90,24,0.21,NA
92,6,replace-space-with-newline,ifs,FALSE,20,elitize_generation_data,91,20,0.209,NA
93,6,replace-space-with-newline,ifs,FALSE,20,elitize_generation_data,92,18,0.217,NA
94,6,replace-space-with-newline,ifs,FALSE,20,elitize_generation_data,93,26,0.208,NA
95,6,replace-space-with-newline,ifs,FALSE,20,elitize_generation_data,94,19,0.198,NA
96,6,replace-space-with-newline,ifs,FALSE,20,elitize_generation_data,95,24,0.223,NA
97,6,replace-space-with-newline,ifs,FALSE,20,elitize_generation_data,96,24,0.225,NA
98,6,replace-space-with-newline,ifs,FALSE,20,elitize_generation_data,97,23,0.204,NA
99,6,replace-space-with-newline,ifs,FALSE,20,elitize_generation_data,98,22,0.211,NA
100,6,replace-space-with-newline,ifs,FALSE,20,elitize_generation_data,99,16,0.21,NA
101,6,replace-space-with-newline,ifs,FALSE,20,elitize_generation_data,100,23,0.233,NA
102,6,replace-space-with-newline,ifs,FALSE,20,elitize_generation_data,101,24,0.2,NA
103,6,replace-space-with-newline,ifs,FALSE,20,elitize_generation_data,102,21,0.214,NA
104,6,replace-space-with-newline,ifs,FALSE,20,elitize_generation_data,103,22,0.22,NA
105,6,replace-space-with-newline,ifs,FALSE,20,elitize_generation_data,104,22,0.208,NA
106,6,replace-space-with-newline,ifs,FALSE,20,elitize_generation_data,105,20,0.213,NA
107,6,replace-space-with-newline,ifs,FALSE,20,elitize_generation_data,106,22,0.216,NA
108,6,replace-space-with-newline,ifs,FALSE,20,elitize_generation_data,107,24,0.23,NA
109,6,replace-space-with-newline,ifs,FALSE,20,elitize_generation_data,108,25,0.223,NA
110,6,replace-space-with-newline,ifs,FALSE,20,elitize_generation_data,109,24,0.219,NA
111,6,replace-space-with-newline,ifs,FALSE,20,elitize_generation_data,110,26,0.226,NA
112,6,replace-space-with-newline,ifs,FALSE,20,elitize_generation_data,111,27,0.237,NA
113,6,replace-space-with-newline,ifs,FALSE,20,elitize_generation_data,112,29,0.233,NA
114,6,replace-space-with-newline,ifs,FALSE,20,elitize_generation_data,113,23,0.191,NA
115,6,replace-space-with-newline,ifs,FALSE,20,elitize_generation_data,114,27,0.204,NA
116,6,replace-space-with-newline,ifs,FALSE,20,elitize_generation_data,115,24,0.199,NA
117,6,replace-space-with-newline,ifs,FALSE,20,elitize_generation_data,116,24,0.208,NA
118,6,replace-space-with-newline,ifs,FALSE,20,elitize_generation_data,117,25,0.216,NA
119,6,replace-space-with-newline,ifs,FALSE,20,elitize_generation_data,118,25,0.234,NA
120,6,replace-space-with-newline,ifs,FALSE,20,elitize_generation_data,119,31,0.21,NA
121,6,replace-space-with-newline,ifs,FALSE,20,elitize_generation_data,120,24,0.217,NA
122,6,replace-space-with-newline,ifs,FALSE,20,elitize_generation_data,121,28,0.245,NA
123,6,replace-space-with-newline,ifs,FALSE,20,elitize_generation_data,122,37,0.24,NA
124,6,replace-space-with-newline,ifs,FALSE,20,elitize_generation_data,123,32,0.217,NA
125,6,replace-space-with-newline,ifs,FALSE,20,elitize_generation_data,124,34,0.223,NA
126,6,replace-space-with-newline,ifs,FALSE,20,elitize_generation_data,125,43,0.187,NA
127,6,replace-space-with-newline,ifs,FALSE,20,elitize_generation_data,126,39,0.224,NA
128,6,replace-space-with-newline,ifs,FALSE,20,elitize_generation_data,127,54,0.268,NA
129,6,replace-space-with-newline,ifs,FALSE,20,elitize_generation_data,128,50,0.255,NA
130,6,replace-space-with-newline,ifs,FALSE,20,elitize_generation_data,129,40,0.249,NA
131,6,replace-space-with-newline,ifs,FALSE,20,elitize_generation_data,130,40,0.22,NA
132,6,replace-space-with-newline,ifs,FALSE,20,elitize_generation_data,131,41,0.22,NA
133,6,replace-space-with-newline,ifs,FALSE,20,elitize_generation_data,132,39,0.221,NA
134,6,replace-space-with-newline,ifs,FALSE,20,elitize_generation_data,133,30,0.226,NA
135,6,replace-space-with-newline,ifs,FALSE,20,elitize_generation_data,134,27,0.192,NA
136,6,replace-space-with-newline,ifs,FALSE,20,elitize_generation_data,135,30,0.212,NA
137,6,replace-space-with-newline,ifs,FALSE,20,elitize_generation_data,136,24,0.215,NA
138,6,replace-space-with-newline,ifs,FALSE,20,elitize_generation_data,137,39,0.225,NA
139,6,replace-space-with-newline,ifs,FALSE,20,elitize_generation_data,138,44,0.252,NA
140,6,replace-space-with-newline,ifs,FALSE,20,elitize_generation_data,139,52,0.279,NA
141,6,replace-space-with-newline,ifs,FALSE,20,elitize_generation_data,140,42,0.282,NA
142,6,replace-space-with-newline,ifs,FALSE,20,elitize_generation_data,141,36,0.264,NA
143,6,replace-space-with-newline,ifs,FALSE,20,elitize_generation_data,142,35,0.253,NA
144,6,replace-space-with-newline,ifs,FALSE,20,elitize_generation_data,143,35,0.235,NA
145,6,replace-space-with-newline,ifs,FALSE,20,elitize_generation_data,144,33,0.239,NA
146,6,replace-space-with-newline,ifs,FALSE,20,elitize_generation_data,145,35,0.229,NA
147,6,replace-space-with-newline,ifs,FALSE,20,elitize_generation_data,146,34,0.27,NA
148,6,replace-space-with-newline,ifs,FALSE,20,elitize_generation_data,147,39,0.258,NA
149,6,replace-space-with-newline,ifs,FALSE,20,elitize_generation_data,148,44,0.27,NA
150,6,replace-space-with-newline,ifs,FALSE,20,elitize_generation_data,149,39,0.263,NA
151,6,replace-space-with-newline,ifs,FALSE,20,elitize_generation_data,150,45,0.263,NA
152,6,replace-space-with-newline,ifs,FALSE,20,elitize_generation_data,151,39,0.264,NA
153,6,replace-space-with-newline,ifs,FALSE,20,elitize_generation_data,152,41,0.285,NA
154,6,replace-space-with-newline,ifs,FALSE,20,elitize_generation_data,153,44,0.305,NA
155,6,replace-space-with-newline,ifs,FALSE,20,elitize_generation_data,154,37,0.312,NA
156,6,replace-space-with-newline,ifs,FALSE,20,elitize_generation_data,155,37,0.3,NA
157,6,replace-space-with-newline,ifs,FALSE,20,elitize_generation_data,156,40,0.297,NA
158,6,replace-space-with-newline,ifs,FALSE,20,elitize_generation_data,157,39,0.272,NA
159,6,replace-space-with-newline,ifs,FALSE,20,elitize_generation_data,158,31,0.263,NA
160,6,replace-space-with-newline,ifs,FALSE,20,elitize_generation_data,159,38,0.254,NA
161,6,replace-space-with-newline,ifs,FALSE,20,elitize_generation_data,160,39,0.269,NA
162,6,replace-space-with-newline,ifs,FALSE,20,elitize_generation_data,161,32,0.255,NA
163,6,replace-space-with-newline,ifs,FALSE,20,elitize_generation_data,162,32,0.247,NA
164,6,replace-space-with-newline,ifs,FALSE,20,elitize_generation_data,163,32,0.257,NA
165,6,replace-space-with-newline,ifs,FALSE,20,elitize_generation_data,164,33,0.265,NA
166,6,replace-space-with-newline,ifs,FALSE,20,elitize_generation_data,165,38,0.259,NA
167,6,replace-space-with-newline,ifs,FALSE,20,elitize_generation_data,166,34,0.254,NA
168,6,replace-space-with-newline,ifs,FALSE,20,elitize_generation_data,167,42,0.26,NA
169,6,replace-space-with-newline,ifs,FALSE,20,elitize_generation_data,168,35,0.247,NA
170,6,replace-space-with-newline,ifs,FALSE,20,elitize_generation_data,169,32,0.265,NA
171,6,replace-space-with-newline,ifs,FALSE,20,elitize_generation_data,170,39,0.265,NA
172,6,replace-space-with-newline,ifs,FALSE,20,elitize_generation_data,171,29,0.258,NA
173,6,replace-space-with-newline,ifs,FALSE,20,elitize_generation_data,172,37,0.272,NA
174,6,replace-space-with-newline,ifs,FALSE,20,elitize_generation_data,173,30,0.278,NA
175,6,replace-space-with-newline,ifs,FALSE,20,elitize_generation_data,174,38,0.283,NA
176,6,replace-space-with-newline,ifs,FALSE,20,elitize_generation_data,175,36,0.281,NA
177,6,replace-space-with-newline,ifs,FALSE,20,elitize_generation_data,176,41,0.275,NA
178,6,replace-space-with-newline,ifs,FALSE,20,elitize_generation_data,177,36,0.266,NA
179,6,replace-space-with-newline,ifs,FALSE,20,elitize_generation_data,178,32,0.276,NA
180,6,replace-space-with-newline,ifs,FALSE,20,elitize_generation_data,179,36,0.27,NA
181,6,replace-space-with-newline,ifs,FALSE,20,elitize_generation_data,180,39,0.3,NA
182,6,replace-space-with-newline,ifs,FALSE,20,elitize_generation_data,181,34,0.303,NA
183,6,replace-space-with-newline,ifs,FALSE,20,elitize_generation_data,182,29,0.274,NA
184,6,replace-space-with-newline,ifs,FALSE,20,elitize_generation_data,183,29,0.27,NA
185,6,replace-space-with-newline,ifs,FALSE,20,elitize_generation_data,184,34,0.262,NA
186,6,replace-space-with-newline,ifs,FALSE,20,elitize_generation_data,185,23,0.267,NA
187,6,replace-space-with-newline,ifs,FALSE,20,elitize_generation_data,186,36,0.287,NA
188,6,replace-space-with-newline,ifs,FALSE,20,elitize_generation_data,187,34,0.295,NA
189,6,replace-space-with-newline,ifs,FALSE,20,elitize_generation_data,188,33,0.274,NA
190,6,replace-space-with-newline,ifs,FALSE,20,elitize_generation_data,189,29,0.278,NA
191,6,replace-space-with-newline,ifs,FALSE,20,elitize_generation_data,190,38,0.282,NA
192,6,replace-space-with-newline,ifs,FALSE,20,elitize_generation_data,191,47,0.287,NA
193,6,replace-space-with-newline,ifs,FALSE,20,elitize_generation_data,192,39,0.289,NA
194,6,replace-space-with-newline,ifs,FALSE,20,elitize_generation_data,193,37,0.273,NA
195,6,replace-space-with-newline,ifs,FALSE,20,elitize_generation_data,194,37,0.289,NA
196,6,replace-space-with-newline,ifs,FALSE,20,elitize_generation_data,195,35,0.271,NA
197,6,replace-space-with-newline,ifs,FALSE,20,elitize_generation_data,196,33,0.268,NA
198,6,replace-space-with-newline,ifs,FALSE,20,elitize_generation_data,197,32,0.285,NA
199,6,replace-space-with-newline,ifs,FALSE,20,elitize_generation_data,198,35,0.275,NA
200,6,replace-space-with-newline,ifs,FALSE,20,elitize_generation_data,199,36,0.287,NA
201,6,replace-space-with-newline,ifs,FALSE,20,elitize_generation_data,200,30,0.29,NA
202,6,replace-space-with-newline,ifs,FALSE,20,elitize_generation_data,201,35,0.295,NA
203,6,replace-space-with-newline,ifs,FALSE,20,elitize_generation_data,202,32,0.279,NA
204,6,replace-space-with-newline,ifs,FALSE,20,elitize_generation_data,203,34,0.272,NA
205,6,replace-space-with-newline,ifs,FALSE,20,elitize_generation_data,204,36,0.277,NA
206,6,replace-space-with-newline,ifs,FALSE,20,elitize_generation_data,205,35,0.286,NA
207,6,replace-space-with-newline,ifs,FALSE,20,elitize_generation_data,206,32,0.284,NA
208,6,replace-space-with-newline,ifs,FALSE,20,elitize_generation_data,207,33,0.281,NA
209,6,replace-space-with-newline,ifs,FALSE,20,elitize_generation_data,208,31,0.28,NA
210,6,replace-space-with-newline,ifs,FALSE,20,elitize_generation_data,209,35,0.283,NA
211,6,replace-space-with-newline,ifs,FALSE,20,elitize_generation_data,210,33,0.277,NA
212,6,replace-space-with-newline,ifs,FALSE,20,elitize_generation_data,211,37,0.271,NA
213,6,replace-space-with-newline,ifs,FALSE,20,elitize_generation_data,212,36,0.272,NA
214,6,replace-space-with-newline,ifs,FALSE,20,elitize_generation_data,213,36,0.273,NA
215,6,replace-space-with-newline,ifs,FALSE,20,elitize_generation_data,214,32,0.3,NA
216,6,replace-space-with-newline,ifs,FALSE,20,elitize_generation_data,215,28,0.292,NA
217,6,replace-space-with-newline,ifs,FALSE,20,elitize_generation_data,216,37,0.297,NA
218,6,replace-space-with-newline,ifs,FALSE,20,elitize_generation_data,217,35,0.274,NA
219,6,replace-space-with-newline,ifs,FALSE,20,elitize_generation_data,218,30,0.27,NA
220,6,replace-space-with-newline,ifs,FALSE,20,elitize_generation_data,219,29,0.283,NA
221,6,replace-space-with-newline,ifs,FALSE,20,elitize_generation_data,220,33,0.278,NA
222,6,replace-space-with-newline,ifs,FALSE,20,elitize_generation_data,221,30,0.245,NA
223,6,replace-space-with-newline,ifs,FALSE,20,elitize_generation_data,222,24,0.251,NA
224,6,replace-space-with-newline,ifs,FALSE,20,elitize_generation_data,223,28,0.278,NA
225,6,replace-space-with-newline,ifs,FALSE,20,elitize_generation_data,224,31,0.271,NA
226,6,replace-space-with-newline,ifs,FALSE,20,elitize_generation_data,225,36,0.278,NA
227,6,replace-space-with-newline,ifs,FALSE,20,elitize_generation_data,226,37,0.258,NA
228,6,replace-space-with-newline,ifs,FALSE,20,elitize_generation_data,227,26,0.266,NA
229,6,replace-space-with-newline,ifs,FALSE,20,elitize_generation_data,228,28,0.279,NA
230,6,replace-space-with-newline,ifs,FALSE,20,elitize_generation_data,229,33,0.259,NA
231,6,replace-space-with-newline,ifs,FALSE,20,elitize_generation_data,230,35,0.266,NA
232,6,replace-space-with-newline,ifs,FALSE,20,elitize_generation_data,231,24,0.256,NA
233,6,replace-space-with-newline,ifs,FALSE,20,elitize_generation_data,232,28,0.26,NA
234,6,replace-space-with-newline,ifs,FALSE,20,elitize_generation_data,233,31,0.263,NA
235,6,replace-space-with-newline,ifs,FALSE,20,elitize_generation_data,234,35,0.241,NA
236,6,replace-space-with-newline,ifs,FALSE,20,elitize_generation_data,235,32,0.259,NA
237,6,replace-space-with-newline,ifs,FALSE,20,elitize_generation_data,236,33,0.273,NA
238,6,replace-space-with-newline,ifs,FALSE,20,elitize_generation_data,237,31,0.273,NA
239,6,replace-space-with-newline,ifs,FALSE,20,elitize_generation_data,238,36,0.275,NA
240,6,replace-space-with-newline,ifs,FALSE,20,elitize_generation_data,239,32,0.252,NA
241,6,replace-space-with-newline,ifs,FALSE,20,elitize_generation_data,240,26,0.242,NA
242,6,replace-space-with-newline,ifs,FALSE,20,elitize_generation_data,241,33,0.234,NA
243,6,replace-space-with-newline,ifs,FALSE,20,elitize_generation_data,242,34,0.255,NA
244,6,replace-space-with-newline,ifs,FALSE,20,elitize_generation_data,243,33,0.247,NA
245,6,replace-space-with-newline,ifs,FALSE,20,elitize_generation_data,244,34,0.264,NA
246,6,replace-space-with-newline,ifs,FALSE,20,elitize_generation_data,245,24,0.236,NA
247,6,replace-space-with-newline,ifs,FALSE,20,elitize_generation_data,246,33,0.244,NA
248,6,replace-space-with-newline,ifs,FALSE,20,elitize_generation_data,247,32,0.255,NA
249,6,replace-space-with-newline,ifs,FALSE,20,elitize_generation_data,248,33,0.254,NA
250,6,replace-space-with-newline,ifs,FALSE,20,elitize_generation_data,249,28,0.248,NA
251,6,replace-space-with-newline,ifs,FALSE,20,elitize_generation_data,250,29,0.248,NA
252,6,replace-space-with-newline,ifs,FALSE,20,elitize_generation_data,251,28,0.227,NA
253,6,replace-space-with-newline,ifs,FALSE,20,elitize_generation_data,252,34,0.215,NA
254,6,replace-space-with-newline,ifs,FALSE,20,elitize_generation_data,253,23,0.237,NA
255,6,replace-space-with-newline,ifs,FALSE,20,elitize_generation_data,254,33,0.224,NA
256,6,replace-space-with-newline,ifs,FALSE,20,elitize_generation_data,255,34,0.243,NA
257,6,replace-space-with-newline,ifs,FALSE,20,elitize_generation_data,256,29,0.238,NA
258,6,replace-space-with-newline,ifs,FALSE,20,elitize_generation_data,257,26,0.233,NA
259,6,replace-space-with-newline,ifs,FALSE,20,elitize_generation_data,258,25,0.245,NA
260,6,replace-space-with-newline,ifs,FALSE,20,elitize_generation_data,259,28,0.227,NA
261,6,replace-space-with-newline,ifs,FALSE,20,elitize_generation_data,260,29,0.218,NA
262,6,replace-space-with-newline,ifs,FALSE,20,elitize_generation_data,261,26,0.226,NA
263,6,replace-space-with-newline,ifs,FALSE,20,elitize_generation_data,262,29,0.215,NA
264,6,replace-space-with-newline,ifs,FALSE,20,elitize_generation_data,263,25,0.221,NA
265,6,replace-space-with-newline,ifs,FALSE,20,elitize_generation_data,264,26,0.207,NA
266,6,replace-space-with-newline,ifs,FALSE,20,elitize_generation_data,265,25,0.196,NA
267,6,replace-space-with-newline,ifs,FALSE,20,elitize_generation_data,266,29,0.196,NA
268,6,replace-space-with-newline,ifs,FALSE,20,elitize_generation_data,267,24,0.19,NA
269,6,replace-space-with-newline,ifs,FALSE,20,elitize_generation_data,268,21,0.197,NA
270,6,replace-space-with-newline,ifs,FALSE,20,elitize_generation_data,269,24,0.191,NA
271,6,replace-space-with-newline,ifs,FALSE,20,elitize_generation_data,270,24,0.201,NA
272,6,replace-space-with-newline,ifs,FALSE,20,elitize_generation_data,271,29,0.199,NA
273,6,replace-space-with-newline,ifs,FALSE,20,elitize_generation_data,272,21,0.195,NA
274,6,replace-space-with-newline,ifs,FALSE,20,elitize_generation_data,273,31,0.207,NA
275,6,replace-space-with-newline,ifs,FALSE,20,elitize_generation_data,274,26,0.214,NA
276,6,replace-space-with-newline,ifs,FALSE,20,elitize_generation_data,275,26,0.204,NA
277,6,replace-space-with-newline,ifs,FALSE,20,elitize_generation_data,276,21,0.187,NA
278,6,replace-space-with-newline,ifs,FALSE,20,elitize_generation_data,277,27,0.202,NA
279,6,replace-space-with-newline,ifs,FALSE,20,elitize_generation_data,278,26,0.213,NA
280,6,replace-space-with-newline,ifs,FALSE,20,elitize_generation_data,279,24,0.172,NA
281,6,replace-space-with-newline,ifs,FALSE,20,elitize_generation_data,280,28,0.196,NA
282,6,replace-space-with-newline,ifs,FALSE,20,elitize_generation_data,281,20,0.199,NA
283,6,replace-space-with-newline,ifs,FALSE,20,elitize_generation_data,282,22,0.18,NA
284,6,replace-space-with-newline,ifs,FALSE,20,elitize_generation_data,283,21,0.178,NA
285,6,replace-space-with-newline,ifs,FALSE,20,elitize_generation_data,284,30,0.181,NA
286,6,replace-space-with-newline,ifs,FALSE,20,elitize_generation_data,285,19,0.172,NA
287,6,replace-space-with-newline,ifs,FALSE,20,elitize_generation_data,286,25,0.198,NA
288,6,replace-space-with-newline,ifs,FALSE,20,elitize_generation_data,287,23,0.179,NA
289,6,replace-space-with-newline,ifs,FALSE,20,elitize_generation_data,288,22,0.182,NA
290,6,replace-space-with-newline,ifs,FALSE,20,elitize_generation_data,289,24,0.182,NA
291,6,replace-space-with-newline,ifs,FALSE,20,elitize_generation_data,290,29,0.204,NA
292,6,replace-space-with-newline,ifs,FALSE,20,elitize_generation_data,291,29,0.175,NA
293,6,replace-space-with-newline,ifs,FALSE,20,elitize_generation_data,292,21,0.17,NA
294,6,replace-space-with-newline,ifs,FALSE,20,elitize_generation_data,293,19,0.175,NA
295,6,replace-space-with-newline,ifs,FALSE,20,elitize_generation_data,294,24,0.184,NA
296,6,replace-space-with-newline,ifs,FALSE,20,elitize_generation_data,295,21,0.161,NA
297,6,replace-space-with-newline,ifs,FALSE,20,elitize_generation_data,296,24,0.182,NA
298,6,replace-space-with-newline,ifs,FALSE,20,elitize_generation_data,297,24,0.188,NA
299,6,replace-space-with-newline,ifs,FALSE,20,elitize_generation_data,298,23,0.176,NA
300,6,replace-space-with-newline,ifs,FALSE,20,elitize_generation_data,299,20,0.178,NA
301,6,replace-space-with-newline,ifs,FALSE,20,elitize_generation_data,300,25,0.191,NA
