,run.num,problem,treatment,succeeded,height,normalization.function,generation,cluster.count,error.diversity,success.generation
1,79,checksum,lexicase,FALSE,20,elitize_generation_data,0,2,0.33,NA
2,79,checksum,lexicase,FALSE,20,elitize_generation_data,1,2,0.156,NA
3,79,checksum,lexicase,FALSE,20,elitize_generation_data,2,3,0.257,NA
4,79,checksum,lexicase,FALSE,20,elitize_generation_data,3,3,0.306,NA
5,79,checksum,lexicase,FALSE,20,elitize_generation_data,4,5,0.303,NA
6,79,checksum,lexicase,FALSE,20,elitize_generation_data,5,3,0.297,NA
7,79,checksum,lexicase,FALSE,20,elitize_generation_data,6,4,0.315,NA
8,79,checksum,lexicase,FALSE,20,elitize_generation_data,7,4,0.36,NA
9,79,checksum,lexicase,FALSE,20,elitize_generation_data,8,5,0.37,NA
10,79,checksum,lexicase,FALSE,20,elitize_generation_data,9,4,0.404,NA
11,79,checksum,lexicase,FALSE,20,elitize_generation_data,10,2,0.425,NA
12,79,checksum,lexicase,FALSE,20,elitize_generation_data,11,2,0.45,NA
13,79,checksum,lexicase,FALSE,20,elitize_generation_data,12,1,0.505,NA
14,79,checksum,lexicase,FALSE,20,elitize_generation_data,13,1,0.515,NA
15,79,checksum,lexicase,FALSE,20,elitize_generation_data,14,1,0.512,NA
16,79,checksum,lexicase,FALSE,20,elitize_generation_data,15,1,0.578,NA
17,79,checksum,lexicase,FALSE,20,elitize_generation_data,16,1,0.582,NA
18,79,checksum,lexicase,FALSE,20,elitize_generation_data,17,1,0.615,NA
19,79,checksum,lexicase,FALSE,20,elitize_generation_data,18,1,0.633,NA
20,79,checksum,lexicase,FALSE,20,elitize_generation_data,19,1,0.681,NA
21,79,checksum,lexicase,FALSE,20,elitize_generation_data,20,1,0.708,NA
22,79,checksum,lexicase,FALSE,20,elitize_generation_data,21,1,0.722,NA
23,79,checksum,lexicase,FALSE,20,elitize_generation_data,22,1,0.741,NA
24,79,checksum,lexicase,FALSE,20,elitize_generation_data,23,1,0.744,NA
25,79,checksum,lexicase,FALSE,20,elitize_generation_data,24,1,0.756,NA
26,79,checksum,lexicase,FALSE,20,elitize_generation_data,25,1,0.78,NA
27,79,checksum,lexicase,FALSE,20,elitize_generation_data,26,1,0.774,NA
28,79,checksum,lexicase,FALSE,20,elitize_generation_data,27,1,0.788,NA
29,79,checksum,lexicase,FALSE,20,elitize_generation_data,28,1,0.79,NA
30,79,checksum,lexicase,FALSE,20,elitize_generation_data,29,1,0.773,NA
31,79,checksum,lexicase,FALSE,20,elitize_generation_data,30,1,0.789,NA
32,79,checksum,lexicase,FALSE,20,elitize_generation_data,31,1,0.815,NA
33,79,checksum,lexicase,FALSE,20,elitize_generation_data,32,1,0.801,NA
34,79,checksum,lexicase,FALSE,20,elitize_generation_data,33,1,0.801,NA
35,79,checksum,lexicase,FALSE,20,elitize_generation_data,34,1,0.817,NA
36,79,checksum,lexicase,FALSE,20,elitize_generation_data,35,1,0.831,NA
37,79,checksum,lexicase,FALSE,20,elitize_generation_data,36,1,0.828,NA
38,79,checksum,lexicase,FALSE,20,elitize_generation_data,37,1,0.789,NA
39,79,checksum,lexicase,FALSE,20,elitize_generation_data,38,1,0.818,NA
40,79,checksum,lexicase,FALSE,20,elitize_generation_data,39,1,0.829,NA
41,79,checksum,lexicase,FALSE,20,elitize_generation_data,40,1,0.814,NA
42,79,checksum,lexicase,FALSE,20,elitize_generation_data,41,1,0.832,NA
43,79,checksum,lexicase,FALSE,20,elitize_generation_data,42,1,0.821,NA
44,79,checksum,lexicase,FALSE,20,elitize_generation_data,43,1,0.831,NA
45,79,checksum,lexicase,FALSE,20,elitize_generation_data,44,1,0.8,NA
46,79,checksum,lexicase,FALSE,20,elitize_generation_data,45,1,0.814,NA
47,79,checksum,lexicase,FALSE,20,elitize_generation_data,46,1,0.792,NA
48,79,checksum,lexicase,FALSE,20,elitize_generation_data,47,1,0.82,NA
49,79,checksum,lexicase,FALSE,20,elitize_generation_data,48,1,0.821,NA
50,79,checksum,lexicase,FALSE,20,elitize_generation_data,49,1,0.798,NA
51,79,checksum,lexicase,FALSE,20,elitize_generation_data,50,1,0.83,NA
52,79,checksum,lexicase,FALSE,20,elitize_generation_data,51,1,0.827,NA
53,79,checksum,lexicase,FALSE,20,elitize_generation_data,52,1,0.844,NA
54,79,checksum,lexicase,FALSE,20,elitize_generation_data,53,1,0.835,NA
55,79,checksum,lexicase,FALSE,20,elitize_generation_data,54,1,0.828,NA
56,79,checksum,lexicase,FALSE,20,elitize_generation_data,55,1,0.813,NA
57,79,checksum,lexicase,FALSE,20,elitize_generation_data,56,1,0.837,NA
58,79,checksum,lexicase,FALSE,20,elitize_generation_data,57,1,0.856,NA
59,79,checksum,lexicase,FALSE,20,elitize_generation_data,58,1,0.849,NA
60,79,checksum,lexicase,FALSE,20,elitize_generation_data,59,1,0.835,NA
61,79,checksum,lexicase,FALSE,20,elitize_generation_data,60,1,0.852,NA
62,79,checksum,lexicase,FALSE,20,elitize_generation_data,61,1,0.833,NA
63,79,checksum,lexicase,FALSE,20,elitize_generation_data,62,1,0.86,NA
64,79,checksum,lexicase,FALSE,20,elitize_generation_data,63,1,0.845,NA
65,79,checksum,lexicase,FALSE,20,elitize_generation_data,64,1,0.835,NA
66,79,checksum,lexicase,FALSE,20,elitize_generation_data,65,1,0.824,NA
67,79,checksum,lexicase,FALSE,20,elitize_generation_data,66,1,0.819,NA
68,79,checksum,lexicase,FALSE,20,elitize_generation_data,67,1,0.814,NA
69,79,checksum,lexicase,FALSE,20,elitize_generation_data,68,1,0.844,NA
70,79,checksum,lexicase,FALSE,20,elitize_generation_data,69,1,0.819,NA
71,79,checksum,lexicase,FALSE,20,elitize_generation_data,70,1,0.818,NA
72,79,checksum,lexicase,FALSE,20,elitize_generation_data,71,1,0.822,NA
73,79,checksum,lexicase,FALSE,20,elitize_generation_data,72,1,0.823,NA
74,79,checksum,lexicase,FALSE,20,elitize_generation_data,73,1,0.815,NA
75,79,checksum,lexicase,FALSE,20,elitize_generation_data,74,1,0.807,NA
76,79,checksum,lexicase,FALSE,20,elitize_generation_data,75,1,0.808,NA
77,79,checksum,lexicase,FALSE,20,elitize_generation_data,76,1,0.827,NA
78,79,checksum,lexicase,FALSE,20,elitize_generation_data,77,1,0.826,NA
79,79,checksum,lexicase,FALSE,20,elitize_generation_data,78,1,0.817,NA
80,79,checksum,lexicase,FALSE,20,elitize_generation_data,79,1,0.824,NA
81,79,checksum,lexicase,FALSE,20,elitize_generation_data,80,1,0.824,NA
82,79,checksum,lexicase,FALSE,20,elitize_generation_data,81,1,0.822,NA
83,79,checksum,lexicase,FALSE,20,elitize_generation_data,82,1,0.843,NA
84,79,checksum,lexicase,FALSE,20,elitize_generation_data,83,1,0.846,NA
85,79,checksum,lexicase,FALSE,20,elitize_generation_data,84,1,0.83,NA
86,79,checksum,lexicase,FALSE,20,elitize_generation_data,85,1,0.84,NA
87,79,checksum,lexicase,FALSE,20,elitize_generation_data,86,1,0.854,NA
88,79,checksum,lexicase,FALSE,20,elitize_generation_data,87,1,0.81,NA
89,79,checksum,lexicase,FALSE,20,elitize_generation_data,88,1,0.825,NA
90,79,checksum,lexicase,FALSE,20,elitize_generation_data,89,1,0.838,NA
91,79,checksum,lexicase,FALSE,20,elitize_generation_data,90,1,0.811,NA
92,79,checksum,lexicase,FALSE,20,elitize_generation_data,91,1,0.802,NA
93,79,checksum,lexicase,FALSE,20,elitize_generation_data,92,1,0.823,NA
94,79,checksum,lexicase,FALSE,20,elitize_generation_data,93,1,0.841,NA
95,79,checksum,lexicase,FALSE,20,elitize_generation_data,94,1,0.826,NA
96,79,checksum,lexicase,FALSE,20,elitize_generation_data,95,1,0.825,NA
97,79,checksum,lexicase,FALSE,20,elitize_generation_data,96,1,0.81,NA
98,79,checksum,lexicase,FALSE,20,elitize_generation_data,97,1,0.827,NA
99,79,checksum,lexicase,FALSE,20,elitize_generation_data,98,1,0.821,NA
100,79,checksum,lexicase,FALSE,20,elitize_generation_data,99,1,0.828,NA
101,79,checksum,lexicase,FALSE,20,elitize_generation_data,100,1,0.857,NA
102,79,checksum,lexicase,FALSE,20,elitize_generation_data,101,1,0.854,NA
103,79,checksum,lexicase,FALSE,20,elitize_generation_data,102,1,0.844,NA
104,79,checksum,lexicase,FALSE,20,elitize_generation_data,103,1,0.849,NA
105,79,checksum,lexicase,FALSE,20,elitize_generation_data,104,1,0.833,NA
106,79,checksum,lexicase,FALSE,20,elitize_generation_data,105,1,0.836,NA
107,79,checksum,lexicase,FALSE,20,elitize_generation_data,106,1,0.851,NA
108,79,checksum,lexicase,FALSE,20,elitize_generation_data,107,1,0.855,NA
109,79,checksum,lexicase,FALSE,20,elitize_generation_data,108,1,0.848,NA
110,79,checksum,lexicase,FALSE,20,elitize_generation_data,109,1,0.864,NA
111,79,checksum,lexicase,FALSE,20,elitize_generation_data,110,1,0.829,NA
112,79,checksum,lexicase,FALSE,20,elitize_generation_data,111,1,0.872,NA
113,79,checksum,lexicase,FALSE,20,elitize_generation_data,112,1,0.861,NA
114,79,checksum,lexicase,FALSE,20,elitize_generation_data,113,1,0.875,NA
115,79,checksum,lexicase,FALSE,20,elitize_generation_data,114,1,0.884,NA
116,79,checksum,lexicase,FALSE,20,elitize_generation_data,115,1,0.876,NA
117,79,checksum,lexicase,FALSE,20,elitize_generation_data,116,1,0.843,NA
118,79,checksum,lexicase,FALSE,20,elitize_generation_data,117,1,0.883,NA
119,79,checksum,lexicase,FALSE,20,elitize_generation_data,118,1,0.869,NA
120,79,checksum,lexicase,FALSE,20,elitize_generation_data,119,1,0.882,NA
121,79,checksum,lexicase,FALSE,20,elitize_generation_data,120,1,0.877,NA
122,79,checksum,lexicase,FALSE,20,elitize_generation_data,121,1,0.88,NA
123,79,checksum,lexicase,FALSE,20,elitize_generation_data,122,1,0.866,NA
124,79,checksum,lexicase,FALSE,20,elitize_generation_data,123,1,0.897,NA
125,79,checksum,lexicase,FALSE,20,elitize_generation_data,124,3,0.885,NA
126,79,checksum,lexicase,FALSE,20,elitize_generation_data,125,2,0.894,NA
127,79,checksum,lexicase,FALSE,20,elitize_generation_data,126,2,0.885,NA
128,79,checksum,lexicase,FALSE,20,elitize_generation_data,127,3,0.893,NA
129,79,checksum,lexicase,FALSE,20,elitize_generation_data,128,2,0.873,NA
130,79,checksum,lexicase,FALSE,20,elitize_generation_data,129,2,0.873,NA
131,79,checksum,lexicase,FALSE,20,elitize_generation_data,130,3,0.892,NA
132,79,checksum,lexicase,FALSE,20,elitize_generation_data,131,2,0.896,NA
133,79,checksum,lexicase,FALSE,20,elitize_generation_data,132,1,0.898,NA
134,79,checksum,lexicase,FALSE,20,elitize_generation_data,133,1,0.876,NA
135,79,checksum,lexicase,FALSE,20,elitize_generation_data,134,1,0.86,NA
136,79,checksum,lexicase,FALSE,20,elitize_generation_data,135,1,0.887,NA
137,79,checksum,lexicase,FALSE,20,elitize_generation_data,136,2,0.887,NA
138,79,checksum,lexicase,FALSE,20,elitize_generation_data,137,1,0.906,NA
139,79,checksum,lexicase,FALSE,20,elitize_generation_data,138,1,0.884,NA
140,79,checksum,lexicase,FALSE,20,elitize_generation_data,139,1,0.887,NA
141,79,checksum,lexicase,FALSE,20,elitize_generation_data,140,1,0.895,NA
142,79,checksum,lexicase,FALSE,20,elitize_generation_data,141,1,0.882,NA
143,79,checksum,lexicase,FALSE,20,elitize_generation_data,142,1,0.886,NA
144,79,checksum,lexicase,FALSE,20,elitize_generation_data,143,1,0.891,NA
145,79,checksum,lexicase,FALSE,20,elitize_generation_data,144,1,0.899,NA
146,79,checksum,lexicase,FALSE,20,elitize_generation_data,145,1,0.906,NA
147,79,checksum,lexicase,FALSE,20,elitize_generation_data,146,1,0.894,NA
148,79,checksum,lexicase,FALSE,20,elitize_generation_data,147,1,0.907,NA
149,79,checksum,lexicase,FALSE,20,elitize_generation_data,148,1,0.887,NA
150,79,checksum,lexicase,FALSE,20,elitize_generation_data,149,1,0.876,NA
151,79,checksum,lexicase,FALSE,20,elitize_generation_data,150,1,0.91,NA
152,79,checksum,lexicase,FALSE,20,elitize_generation_data,151,1,0.882,NA
153,79,checksum,lexicase,FALSE,20,elitize_generation_data,152,1,0.897,NA
154,79,checksum,lexicase,FALSE,20,elitize_generation_data,153,1,0.904,NA
155,79,checksum,lexicase,FALSE,20,elitize_generation_data,154,1,0.894,NA
156,79,checksum,lexicase,FALSE,20,elitize_generation_data,155,1,0.895,NA
157,79,checksum,lexicase,FALSE,20,elitize_generation_data,156,1,0.9,NA
158,79,checksum,lexicase,FALSE,20,elitize_generation_data,157,1,0.904,NA
159,79,checksum,lexicase,FALSE,20,elitize_generation_data,158,1,0.899,NA
160,79,checksum,lexicase,FALSE,20,elitize_generation_data,159,1,0.892,NA
161,79,checksum,lexicase,FALSE,20,elitize_generation_data,160,1,0.904,NA
162,79,checksum,lexicase,FALSE,20,elitize_generation_data,161,1,0.893,NA
163,79,checksum,lexicase,FALSE,20,elitize_generation_data,162,1,0.897,NA
164,79,checksum,lexicase,FALSE,20,elitize_generation_data,163,1,0.896,NA
165,79,checksum,lexicase,FALSE,20,elitize_generation_data,164,1,0.895,NA
166,79,checksum,lexicase,FALSE,20,elitize_generation_data,165,1,0.896,NA
167,79,checksum,lexicase,FALSE,20,elitize_generation_data,166,1,0.891,NA
168,79,checksum,lexicase,FALSE,20,elitize_generation_data,167,1,0.911,NA
169,79,checksum,lexicase,FALSE,20,elitize_generation_data,168,1,0.898,NA
170,79,checksum,lexicase,FALSE,20,elitize_generation_data,169,1,0.891,NA
171,79,checksum,lexicase,FALSE,20,elitize_generation_data,170,1,0.89,NA
172,79,checksum,lexicase,FALSE,20,elitize_generation_data,171,1,0.869,NA
173,79,checksum,lexicase,FALSE,20,elitize_generation_data,172,1,0.875,NA
174,79,checksum,lexicase,FALSE,20,elitize_generation_data,173,1,0.9,NA
175,79,checksum,lexicase,FALSE,20,elitize_generation_data,174,1,0.888,NA
176,79,checksum,lexicase,FALSE,20,elitize_generation_data,175,1,0.894,NA
177,79,checksum,lexicase,FALSE,20,elitize_generation_data,176,2,0.889,NA
178,79,checksum,lexicase,FALSE,20,elitize_generation_data,177,1,0.882,NA
179,79,checksum,lexicase,FALSE,20,elitize_generation_data,178,1,0.876,NA
180,79,checksum,lexicase,FALSE,20,elitize_generation_data,179,1,0.905,NA
181,79,checksum,lexicase,FALSE,20,elitize_generation_data,180,1,0.884,NA
182,79,checksum,lexicase,FALSE,20,elitize_generation_data,181,1,0.873,NA
183,79,checksum,lexicase,FALSE,20,elitize_generation_data,182,1,0.915,NA
184,79,checksum,lexicase,FALSE,20,elitize_generation_data,183,1,0.895,NA
185,79,checksum,lexicase,FALSE,20,elitize_generation_data,184,1,0.881,NA
186,79,checksum,lexicase,FALSE,20,elitize_generation_data,185,1,0.887,NA
187,79,checksum,lexicase,FALSE,20,elitize_generation_data,186,1,0.878,NA
188,79,checksum,lexicase,FALSE,20,elitize_generation_data,187,1,0.882,NA
189,79,checksum,lexicase,FALSE,20,elitize_generation_data,188,1,0.883,NA
190,79,checksum,lexicase,FALSE,20,elitize_generation_data,189,1,0.884,NA
191,79,checksum,lexicase,FALSE,20,elitize_generation_data,190,1,0.881,NA
192,79,checksum,lexicase,FALSE,20,elitize_generation_data,191,1,0.902,NA
193,79,checksum,lexicase,FALSE,20,elitize_generation_data,192,1,0.895,NA
194,79,checksum,lexicase,FALSE,20,elitize_generation_data,193,1,0.875,NA
195,79,checksum,lexicase,FALSE,20,elitize_generation_data,194,1,0.895,NA
196,79,checksum,lexicase,FALSE,20,elitize_generation_data,195,1,0.879,NA
197,79,checksum,lexicase,FALSE,20,elitize_generation_data,196,1,0.895,NA
198,79,checksum,lexicase,FALSE,20,elitize_generation_data,197,1,0.889,NA
199,79,checksum,lexicase,FALSE,20,elitize_generation_data,198,1,0.889,NA
200,79,checksum,lexicase,FALSE,20,elitize_generation_data,199,1,0.865,NA
201,79,checksum,lexicase,FALSE,20,elitize_generation_data,200,1,0.879,NA
202,79,checksum,lexicase,FALSE,20,elitize_generation_data,201,1,0.891,NA
203,79,checksum,lexicase,FALSE,20,elitize_generation_data,202,2,0.877,NA
204,79,checksum,lexicase,FALSE,20,elitize_generation_data,203,1,0.863,NA
205,79,checksum,lexicase,FALSE,20,elitize_generation_data,204,1,0.884,NA
206,79,checksum,lexicase,FALSE,20,elitize_generation_data,205,1,0.891,NA
207,79,checksum,lexicase,FALSE,20,elitize_generation_data,206,1,0.87,NA
208,79,checksum,lexicase,FALSE,20,elitize_generation_data,207,1,0.857,NA
209,79,checksum,lexicase,FALSE,20,elitize_generation_data,208,1,0.881,NA
210,79,checksum,lexicase,FALSE,20,elitize_generation_data,209,1,0.881,NA
211,79,checksum,lexicase,FALSE,20,elitize_generation_data,210,1,0.886,NA
212,79,checksum,lexicase,FALSE,20,elitize_generation_data,211,1,0.861,NA
213,79,checksum,lexicase,FALSE,20,elitize_generation_data,212,1,0.87,NA
214,79,checksum,lexicase,FALSE,20,elitize_generation_data,213,2,0.856,NA
215,79,checksum,lexicase,FALSE,20,elitize_generation_data,214,1,0.88,NA
216,79,checksum,lexicase,FALSE,20,elitize_generation_data,215,1,0.872,NA
217,79,checksum,lexicase,FALSE,20,elitize_generation_data,216,1,0.905,NA
218,79,checksum,lexicase,FALSE,20,elitize_generation_data,217,1,0.884,NA
219,79,checksum,lexicase,FALSE,20,elitize_generation_data,218,1,0.893,NA
220,79,checksum,lexicase,FALSE,20,elitize_generation_data,219,2,0.877,NA
221,79,checksum,lexicase,FALSE,20,elitize_generation_data,220,1,0.881,NA
222,79,checksum,lexicase,FALSE,20,elitize_generation_data,221,1,0.875,NA
223,79,checksum,lexicase,FALSE,20,elitize_generation_data,222,1,0.894,NA
224,79,checksum,lexicase,FALSE,20,elitize_generation_data,223,2,0.878,NA
225,79,checksum,lexicase,FALSE,20,elitize_generation_data,224,2,0.888,NA
226,79,checksum,lexicase,FALSE,20,elitize_generation_data,225,1,0.88,NA
227,79,checksum,lexicase,FALSE,20,elitize_generation_data,226,1,0.893,NA
228,79,checksum,lexicase,FALSE,20,elitize_generation_data,227,1,0.901,NA
229,79,checksum,lexicase,FALSE,20,elitize_generation_data,228,2,0.87,NA
230,79,checksum,lexicase,FALSE,20,elitize_generation_data,229,1,0.883,NA
231,79,checksum,lexicase,FALSE,20,elitize_generation_data,230,1,0.885,NA
232,79,checksum,lexicase,FALSE,20,elitize_generation_data,231,1,0.868,NA
233,79,checksum,lexicase,FALSE,20,elitize_generation_data,232,1,0.88,NA
234,79,checksum,lexicase,FALSE,20,elitize_generation_data,233,1,0.877,NA
235,79,checksum,lexicase,FALSE,20,elitize_generation_data,234,1,0.885,NA
236,79,checksum,lexicase,FALSE,20,elitize_generation_data,235,1,0.896,NA
237,79,checksum,lexicase,FALSE,20,elitize_generation_data,236,1,0.89,NA
238,79,checksum,lexicase,FALSE,20,elitize_generation_data,237,1,0.873,NA
239,79,checksum,lexicase,FALSE,20,elitize_generation_data,238,2,0.862,NA
240,79,checksum,lexicase,FALSE,20,elitize_generation_data,239,2,0.894,NA
241,79,checksum,lexicase,FALSE,20,elitize_generation_data,240,1,0.869,NA
242,79,checksum,lexicase,FALSE,20,elitize_generation_data,241,1,0.857,NA
243,79,checksum,lexicase,FALSE,20,elitize_generation_data,242,2,0.881,NA
244,79,checksum,lexicase,FALSE,20,elitize_generation_data,243,2,0.858,NA
245,79,checksum,lexicase,FALSE,20,elitize_generation_data,244,1,0.866,NA
246,79,checksum,lexicase,FALSE,20,elitize_generation_data,245,2,0.867,NA
247,79,checksum,lexicase,FALSE,20,elitize_generation_data,246,2,0.895,NA
248,79,checksum,lexicase,FALSE,20,elitize_generation_data,247,2,0.882,NA
249,79,checksum,lexicase,FALSE,20,elitize_generation_data,248,1,0.878,NA
250,79,checksum,lexicase,FALSE,20,elitize_generation_data,249,2,0.882,NA
251,79,checksum,lexicase,FALSE,20,elitize_generation_data,250,2,0.88,NA
252,79,checksum,lexicase,FALSE,20,elitize_generation_data,251,2,0.879,NA
253,79,checksum,lexicase,FALSE,20,elitize_generation_data,252,2,0.885,NA
254,79,checksum,lexicase,FALSE,20,elitize_generation_data,253,1,0.873,NA
255,79,checksum,lexicase,FALSE,20,elitize_generation_data,254,1,0.866,NA
256,79,checksum,lexicase,FALSE,20,elitize_generation_data,255,1,0.864,NA
257,79,checksum,lexicase,FALSE,20,elitize_generation_data,256,1,0.877,NA
258,79,checksum,lexicase,FALSE,20,elitize_generation_data,257,1,0.875,NA
259,79,checksum,lexicase,FALSE,20,elitize_generation_data,258,1,0.861,NA
260,79,checksum,lexicase,FALSE,20,elitize_generation_data,259,1,0.869,NA
261,79,checksum,lexicase,FALSE,20,elitize_generation_data,260,1,0.878,NA
262,79,checksum,lexicase,FALSE,20,elitize_generation_data,261,1,0.877,NA
263,79,checksum,lexicase,FALSE,20,elitize_generation_data,262,1,0.873,NA
264,79,checksum,lexicase,FALSE,20,elitize_generation_data,263,2,0.877,NA
265,79,checksum,lexicase,FALSE,20,elitize_generation_data,264,1,0.877,NA
266,79,checksum,lexicase,FALSE,20,elitize_generation_data,265,2,0.876,NA
267,79,checksum,lexicase,FALSE,20,elitize_generation_data,266,2,0.893,NA
268,79,checksum,lexicase,FALSE,20,elitize_generation_data,267,2,0.865,NA
269,79,checksum,lexicase,FALSE,20,elitize_generation_data,268,1,0.874,NA
270,79,checksum,lexicase,FALSE,20,elitize_generation_data,269,2,0.891,NA
271,79,checksum,lexicase,FALSE,20,elitize_generation_data,270,2,0.891,NA
272,79,checksum,lexicase,FALSE,20,elitize_generation_data,271,2,0.86,NA
273,79,checksum,lexicase,FALSE,20,elitize_generation_data,272,2,0.875,NA
274,79,checksum,lexicase,FALSE,20,elitize_generation_data,273,2,0.89,NA
275,79,checksum,lexicase,FALSE,20,elitize_generation_data,274,2,0.877,NA
276,79,checksum,lexicase,FALSE,20,elitize_generation_data,275,2,0.87,NA
277,79,checksum,lexicase,FALSE,20,elitize_generation_data,276,2,0.883,NA
278,79,checksum,lexicase,FALSE,20,elitize_generation_data,277,2,0.881,NA
279,79,checksum,lexicase,FALSE,20,elitize_generation_data,278,1,0.884,NA
280,79,checksum,lexicase,FALSE,20,elitize_generation_data,279,2,0.885,NA
281,79,checksum,lexicase,FALSE,20,elitize_generation_data,280,2,0.869,NA
282,79,checksum,lexicase,FALSE,20,elitize_generation_data,281,1,0.901,NA
283,79,checksum,lexicase,FALSE,20,elitize_generation_data,282,2,0.907,NA
284,79,checksum,lexicase,FALSE,20,elitize_generation_data,283,2,0.862,NA
285,79,checksum,lexicase,FALSE,20,elitize_generation_data,284,1,0.894,NA
286,79,checksum,lexicase,FALSE,20,elitize_generation_data,285,1,0.877,NA
287,79,checksum,lexicase,FALSE,20,elitize_generation_data,286,1,0.867,NA
288,79,checksum,lexicase,FALSE,20,elitize_generation_data,287,1,0.862,NA
289,79,checksum,lexicase,FALSE,20,elitize_generation_data,288,2,0.878,NA
290,79,checksum,lexicase,FALSE,20,elitize_generation_data,289,1,0.892,NA
291,79,checksum,lexicase,FALSE,20,elitize_generation_data,290,1,0.898,NA
292,79,checksum,lexicase,FALSE,20,elitize_generation_data,291,1,0.893,NA
293,79,checksum,lexicase,FALSE,20,elitize_generation_data,292,1,0.865,NA
294,79,checksum,lexicase,FALSE,20,elitize_generation_data,293,2,0.877,NA
295,79,checksum,lexicase,FALSE,20,elitize_generation_data,294,2,0.885,NA
296,79,checksum,lexicase,FALSE,20,elitize_generation_data,295,1,0.873,NA
297,79,checksum,lexicase,FALSE,20,elitize_generation_data,296,2,0.891,NA
298,79,checksum,lexicase,FALSE,20,elitize_generation_data,297,2,0.891,NA
299,79,checksum,lexicase,FALSE,20,elitize_generation_data,298,2,0.872,NA
300,79,checksum,lexicase,FALSE,20,elitize_generation_data,299,2,0.884,NA
301,79,checksum,lexicase,FALSE,20,elitize_generation_data,300,1,0.889,NA
