,run.num,problem,treatment,succeeded,height,normalization.function,generation,cluster.count,error.diversity,success.generation
1,53,checksum,lexicase,FALSE,20,elitize_generation_data,0,2,0.344,NA
2,53,checksum,lexicase,FALSE,20,elitize_generation_data,1,2,0.256,NA
3,53,checksum,lexicase,FALSE,20,elitize_generation_data,2,2,0.3,NA
4,53,checksum,lexicase,FALSE,20,elitize_generation_data,3,2,0.329,NA
5,53,checksum,lexicase,FALSE,20,elitize_generation_data,4,2,0.332,NA
6,53,checksum,lexicase,FALSE,20,elitize_generation_data,5,6,0.377,NA
7,53,checksum,lexicase,FALSE,20,elitize_generation_data,6,4,0.403,NA
8,53,checksum,lexicase,FALSE,20,elitize_generation_data,7,5,0.362,NA
9,53,checksum,lexicase,FALSE,20,elitize_generation_data,8,1,0.354,NA
10,53,checksum,lexicase,FALSE,20,elitize_generation_data,9,1,0.39,NA
11,53,checksum,lexicase,FALSE,20,elitize_generation_data,10,1,0.352,NA
12,53,checksum,lexicase,FALSE,20,elitize_generation_data,11,1,0.369,NA
13,53,checksum,lexicase,FALSE,20,elitize_generation_data,12,1,0.378,NA
14,53,checksum,lexicase,FALSE,20,elitize_generation_data,13,1,0.396,NA
15,53,checksum,lexicase,FALSE,20,elitize_generation_data,14,1,0.414,NA
16,53,checksum,lexicase,FALSE,20,elitize_generation_data,15,1,0.436,NA
17,53,checksum,lexicase,FALSE,20,elitize_generation_data,16,1,0.478,NA
18,53,checksum,lexicase,FALSE,20,elitize_generation_data,17,1,0.493,NA
19,53,checksum,lexicase,FALSE,20,elitize_generation_data,18,1,0.537,NA
20,53,checksum,lexicase,FALSE,20,elitize_generation_data,19,1,0.552,NA
21,53,checksum,lexicase,FALSE,20,elitize_generation_data,20,1,0.605,NA
22,53,checksum,lexicase,FALSE,20,elitize_generation_data,21,1,0.648,NA
23,53,checksum,lexicase,FALSE,20,elitize_generation_data,22,1,0.663,NA
24,53,checksum,lexicase,FALSE,20,elitize_generation_data,23,1,0.704,NA
25,53,checksum,lexicase,FALSE,20,elitize_generation_data,24,1,0.69,NA
26,53,checksum,lexicase,FALSE,20,elitize_generation_data,25,1,0.708,NA
27,53,checksum,lexicase,FALSE,20,elitize_generation_data,26,1,0.698,NA
28,53,checksum,lexicase,FALSE,20,elitize_generation_data,27,1,0.734,NA
29,53,checksum,lexicase,FALSE,20,elitize_generation_data,28,1,0.707,NA
30,53,checksum,lexicase,FALSE,20,elitize_generation_data,29,1,0.723,NA
31,53,checksum,lexicase,FALSE,20,elitize_generation_data,30,1,0.746,NA
32,53,checksum,lexicase,FALSE,20,elitize_generation_data,31,1,0.729,NA
33,53,checksum,lexicase,FALSE,20,elitize_generation_data,32,1,0.744,NA
34,53,checksum,lexicase,FALSE,20,elitize_generation_data,33,1,0.761,NA
35,53,checksum,lexicase,FALSE,20,elitize_generation_data,34,1,0.769,NA
36,53,checksum,lexicase,FALSE,20,elitize_generation_data,35,1,0.761,NA
37,53,checksum,lexicase,FALSE,20,elitize_generation_data,36,1,0.74,NA
38,53,checksum,lexicase,FALSE,20,elitize_generation_data,37,1,0.776,NA
39,53,checksum,lexicase,FALSE,20,elitize_generation_data,38,1,0.752,NA
40,53,checksum,lexicase,FALSE,20,elitize_generation_data,39,1,0.763,NA
41,53,checksum,lexicase,FALSE,20,elitize_generation_data,40,1,0.783,NA
42,53,checksum,lexicase,FALSE,20,elitize_generation_data,41,1,0.765,NA
43,53,checksum,lexicase,FALSE,20,elitize_generation_data,42,1,0.776,NA
44,53,checksum,lexicase,FALSE,20,elitize_generation_data,43,1,0.793,NA
45,53,checksum,lexicase,FALSE,20,elitize_generation_data,44,1,0.77,NA
46,53,checksum,lexicase,FALSE,20,elitize_generation_data,45,1,0.799,NA
47,53,checksum,lexicase,FALSE,20,elitize_generation_data,46,1,0.776,NA
48,53,checksum,lexicase,FALSE,20,elitize_generation_data,47,1,0.756,NA
49,53,checksum,lexicase,FALSE,20,elitize_generation_data,48,2,0.783,NA
50,53,checksum,lexicase,FALSE,20,elitize_generation_data,49,2,0.779,NA
51,53,checksum,lexicase,FALSE,20,elitize_generation_data,50,1,0.792,NA
52,53,checksum,lexicase,FALSE,20,elitize_generation_data,51,2,0.789,NA
53,53,checksum,lexicase,FALSE,20,elitize_generation_data,52,1,0.79,NA
54,53,checksum,lexicase,FALSE,20,elitize_generation_data,53,1,0.782,NA
55,53,checksum,lexicase,FALSE,20,elitize_generation_data,54,1,0.774,NA
56,53,checksum,lexicase,FALSE,20,elitize_generation_data,55,1,0.795,NA
57,53,checksum,lexicase,FALSE,20,elitize_generation_data,56,2,0.808,NA
58,53,checksum,lexicase,FALSE,20,elitize_generation_data,57,1,0.779,NA
59,53,checksum,lexicase,FALSE,20,elitize_generation_data,58,1,0.816,NA
60,53,checksum,lexicase,FALSE,20,elitize_generation_data,59,1,0.793,NA
61,53,checksum,lexicase,FALSE,20,elitize_generation_data,60,1,0.804,NA
62,53,checksum,lexicase,FALSE,20,elitize_generation_data,61,1,0.809,NA
63,53,checksum,lexicase,FALSE,20,elitize_generation_data,62,1,0.806,NA
64,53,checksum,lexicase,FALSE,20,elitize_generation_data,63,1,0.821,NA
65,53,checksum,lexicase,FALSE,20,elitize_generation_data,64,1,0.823,NA
66,53,checksum,lexicase,FALSE,20,elitize_generation_data,65,1,0.814,NA
67,53,checksum,lexicase,FALSE,20,elitize_generation_data,66,1,0.805,NA
68,53,checksum,lexicase,FALSE,20,elitize_generation_data,67,1,0.792,NA
69,53,checksum,lexicase,FALSE,20,elitize_generation_data,68,1,0.804,NA
70,53,checksum,lexicase,FALSE,20,elitize_generation_data,69,2,0.788,NA
71,53,checksum,lexicase,FALSE,20,elitize_generation_data,70,1,0.782,NA
72,53,checksum,lexicase,FALSE,20,elitize_generation_data,71,2,0.794,NA
73,53,checksum,lexicase,FALSE,20,elitize_generation_data,72,2,0.802,NA
74,53,checksum,lexicase,FALSE,20,elitize_generation_data,73,2,0.789,NA
75,53,checksum,lexicase,FALSE,20,elitize_generation_data,74,1,0.784,NA
76,53,checksum,lexicase,FALSE,20,elitize_generation_data,75,1,0.775,NA
77,53,checksum,lexicase,FALSE,20,elitize_generation_data,76,2,0.787,NA
78,53,checksum,lexicase,FALSE,20,elitize_generation_data,77,1,0.779,NA
79,53,checksum,lexicase,FALSE,20,elitize_generation_data,78,1,0.789,NA
80,53,checksum,lexicase,FALSE,20,elitize_generation_data,79,1,0.768,NA
81,53,checksum,lexicase,FALSE,20,elitize_generation_data,80,1,0.776,NA
82,53,checksum,lexicase,FALSE,20,elitize_generation_data,81,1,0.789,NA
83,53,checksum,lexicase,FALSE,20,elitize_generation_data,82,1,0.78,NA
84,53,checksum,lexicase,FALSE,20,elitize_generation_data,83,1,0.796,NA
85,53,checksum,lexicase,FALSE,20,elitize_generation_data,84,1,0.804,NA
86,53,checksum,lexicase,FALSE,20,elitize_generation_data,85,1,0.773,NA
87,53,checksum,lexicase,FALSE,20,elitize_generation_data,86,1,0.78,NA
88,53,checksum,lexicase,FALSE,20,elitize_generation_data,87,2,0.77,NA
89,53,checksum,lexicase,FALSE,20,elitize_generation_data,88,2,0.781,NA
90,53,checksum,lexicase,FALSE,20,elitize_generation_data,89,3,0.779,NA
91,53,checksum,lexicase,FALSE,20,elitize_generation_data,90,3,0.801,NA
92,53,checksum,lexicase,FALSE,20,elitize_generation_data,91,3,0.784,NA
93,53,checksum,lexicase,FALSE,20,elitize_generation_data,92,3,0.789,NA
94,53,checksum,lexicase,FALSE,20,elitize_generation_data,93,2,0.798,NA
95,53,checksum,lexicase,FALSE,20,elitize_generation_data,94,1,0.766,NA
96,53,checksum,lexicase,FALSE,20,elitize_generation_data,95,1,0.78,NA
97,53,checksum,lexicase,FALSE,20,elitize_generation_data,96,1,0.78,NA
98,53,checksum,lexicase,FALSE,20,elitize_generation_data,97,1,0.779,NA
99,53,checksum,lexicase,FALSE,20,elitize_generation_data,98,1,0.788,NA
100,53,checksum,lexicase,FALSE,20,elitize_generation_data,99,1,0.792,NA
101,53,checksum,lexicase,FALSE,20,elitize_generation_data,100,1,0.777,NA
102,53,checksum,lexicase,FALSE,20,elitize_generation_data,101,1,0.8,NA
103,53,checksum,lexicase,FALSE,20,elitize_generation_data,102,1,0.775,NA
104,53,checksum,lexicase,FALSE,20,elitize_generation_data,103,2,0.772,NA
105,53,checksum,lexicase,FALSE,20,elitize_generation_data,104,2,0.8,NA
106,53,checksum,lexicase,FALSE,20,elitize_generation_data,105,1,0.792,NA
107,53,checksum,lexicase,FALSE,20,elitize_generation_data,106,1,0.774,NA
108,53,checksum,lexicase,FALSE,20,elitize_generation_data,107,1,0.777,NA
109,53,checksum,lexicase,FALSE,20,elitize_generation_data,108,1,0.76,NA
110,53,checksum,lexicase,FALSE,20,elitize_generation_data,109,1,0.796,NA
111,53,checksum,lexicase,FALSE,20,elitize_generation_data,110,1,0.804,NA
112,53,checksum,lexicase,FALSE,20,elitize_generation_data,111,1,0.793,NA
113,53,checksum,lexicase,FALSE,20,elitize_generation_data,112,2,0.753,NA
114,53,checksum,lexicase,FALSE,20,elitize_generation_data,113,1,0.791,NA
115,53,checksum,lexicase,FALSE,20,elitize_generation_data,114,1,0.779,NA
116,53,checksum,lexicase,FALSE,20,elitize_generation_data,115,1,0.799,NA
117,53,checksum,lexicase,FALSE,20,elitize_generation_data,116,2,0.776,NA
118,53,checksum,lexicase,FALSE,20,elitize_generation_data,117,1,0.777,NA
119,53,checksum,lexicase,FALSE,20,elitize_generation_data,118,2,0.814,NA
120,53,checksum,lexicase,FALSE,20,elitize_generation_data,119,2,0.794,NA
121,53,checksum,lexicase,FALSE,20,elitize_generation_data,120,3,0.788,NA
122,53,checksum,lexicase,FALSE,20,elitize_generation_data,121,2,0.78,NA
123,53,checksum,lexicase,FALSE,20,elitize_generation_data,122,1,0.787,NA
124,53,checksum,lexicase,FALSE,20,elitize_generation_data,123,2,0.783,NA
125,53,checksum,lexicase,FALSE,20,elitize_generation_data,124,2,0.797,NA
126,53,checksum,lexicase,FALSE,20,elitize_generation_data,125,2,0.809,NA
127,53,checksum,lexicase,FALSE,20,elitize_generation_data,126,2,0.789,NA
128,53,checksum,lexicase,FALSE,20,elitize_generation_data,127,1,0.807,NA
129,53,checksum,lexicase,FALSE,20,elitize_generation_data,128,2,0.822,NA
130,53,checksum,lexicase,FALSE,20,elitize_generation_data,129,2,0.81,NA
131,53,checksum,lexicase,FALSE,20,elitize_generation_data,130,2,0.793,NA
132,53,checksum,lexicase,FALSE,20,elitize_generation_data,131,2,0.795,NA
133,53,checksum,lexicase,FALSE,20,elitize_generation_data,132,1,0.8,NA
134,53,checksum,lexicase,FALSE,20,elitize_generation_data,133,2,0.806,NA
135,53,checksum,lexicase,FALSE,20,elitize_generation_data,134,1,0.792,NA
136,53,checksum,lexicase,FALSE,20,elitize_generation_data,135,1,0.803,NA
137,53,checksum,lexicase,FALSE,20,elitize_generation_data,136,1,0.784,NA
138,53,checksum,lexicase,FALSE,20,elitize_generation_data,137,1,0.784,NA
139,53,checksum,lexicase,FALSE,20,elitize_generation_data,138,1,0.777,NA
140,53,checksum,lexicase,FALSE,20,elitize_generation_data,139,1,0.784,NA
141,53,checksum,lexicase,FALSE,20,elitize_generation_data,140,2,0.763,NA
142,53,checksum,lexicase,FALSE,20,elitize_generation_data,141,1,0.778,NA
143,53,checksum,lexicase,FALSE,20,elitize_generation_data,142,2,0.765,NA
144,53,checksum,lexicase,FALSE,20,elitize_generation_data,143,1,0.806,NA
145,53,checksum,lexicase,FALSE,20,elitize_generation_data,144,1,0.792,NA
146,53,checksum,lexicase,FALSE,20,elitize_generation_data,145,1,0.781,NA
147,53,checksum,lexicase,FALSE,20,elitize_generation_data,146,1,0.783,NA
148,53,checksum,lexicase,FALSE,20,elitize_generation_data,147,1,0.784,NA
149,53,checksum,lexicase,FALSE,20,elitize_generation_data,148,2,0.766,NA
150,53,checksum,lexicase,FALSE,20,elitize_generation_data,149,2,0.772,NA
151,53,checksum,lexicase,FALSE,20,elitize_generation_data,150,2,0.76,NA
152,53,checksum,lexicase,FALSE,20,elitize_generation_data,151,4,0.778,NA
153,53,checksum,lexicase,FALSE,20,elitize_generation_data,152,2,0.816,NA
154,53,checksum,lexicase,FALSE,20,elitize_generation_data,153,2,0.793,NA
155,53,checksum,lexicase,FALSE,20,elitize_generation_data,154,2,0.76,NA
156,53,checksum,lexicase,FALSE,20,elitize_generation_data,155,3,0.789,NA
157,53,checksum,lexicase,FALSE,20,elitize_generation_data,156,2,0.781,NA
158,53,checksum,lexicase,FALSE,20,elitize_generation_data,157,3,0.786,NA
159,53,checksum,lexicase,FALSE,20,elitize_generation_data,158,4,0.806,NA
160,53,checksum,lexicase,FALSE,20,elitize_generation_data,159,5,0.81,NA
161,53,checksum,lexicase,FALSE,20,elitize_generation_data,160,5,0.809,NA
162,53,checksum,lexicase,FALSE,20,elitize_generation_data,161,4,0.794,NA
163,53,checksum,lexicase,FALSE,20,elitize_generation_data,162,3,0.815,NA
164,53,checksum,lexicase,FALSE,20,elitize_generation_data,163,3,0.8,NA
165,53,checksum,lexicase,FALSE,20,elitize_generation_data,164,4,0.8,NA
166,53,checksum,lexicase,FALSE,20,elitize_generation_data,165,4,0.78,NA
167,53,checksum,lexicase,FALSE,20,elitize_generation_data,166,5,0.793,NA
168,53,checksum,lexicase,FALSE,20,elitize_generation_data,167,4,0.797,NA
169,53,checksum,lexicase,FALSE,20,elitize_generation_data,168,5,0.775,NA
170,53,checksum,lexicase,FALSE,20,elitize_generation_data,169,5,0.798,NA
171,53,checksum,lexicase,FALSE,20,elitize_generation_data,170,3,0.808,NA
172,53,checksum,lexicase,FALSE,20,elitize_generation_data,171,5,0.798,NA
173,53,checksum,lexicase,FALSE,20,elitize_generation_data,172,5,0.808,NA
174,53,checksum,lexicase,FALSE,20,elitize_generation_data,173,3,0.813,NA
175,53,checksum,lexicase,FALSE,20,elitize_generation_data,174,4,0.79,NA
176,53,checksum,lexicase,FALSE,20,elitize_generation_data,175,5,0.795,NA
177,53,checksum,lexicase,FALSE,20,elitize_generation_data,176,5,0.762,NA
178,53,checksum,lexicase,FALSE,20,elitize_generation_data,177,3,0.792,NA
179,53,checksum,lexicase,FALSE,20,elitize_generation_data,178,3,0.804,NA
180,53,checksum,lexicase,FALSE,20,elitize_generation_data,179,2,0.806,NA
181,53,checksum,lexicase,FALSE,20,elitize_generation_data,180,3,0.788,NA
182,53,checksum,lexicase,FALSE,20,elitize_generation_data,181,2,0.799,NA
183,53,checksum,lexicase,FALSE,20,elitize_generation_data,182,3,0.806,NA
184,53,checksum,lexicase,FALSE,20,elitize_generation_data,183,5,0.791,NA
185,53,checksum,lexicase,FALSE,20,elitize_generation_data,184,2,0.802,NA
186,53,checksum,lexicase,FALSE,20,elitize_generation_data,185,3,0.808,NA
187,53,checksum,lexicase,FALSE,20,elitize_generation_data,186,4,0.789,NA
188,53,checksum,lexicase,FALSE,20,elitize_generation_data,187,3,0.813,NA
189,53,checksum,lexicase,FALSE,20,elitize_generation_data,188,3,0.825,NA
190,53,checksum,lexicase,FALSE,20,elitize_generation_data,189,3,0.823,NA
191,53,checksum,lexicase,FALSE,20,elitize_generation_data,190,3,0.823,NA
192,53,checksum,lexicase,FALSE,20,elitize_generation_data,191,4,0.815,NA
193,53,checksum,lexicase,FALSE,20,elitize_generation_data,192,4,0.797,NA
194,53,checksum,lexicase,FALSE,20,elitize_generation_data,193,2,0.799,NA
195,53,checksum,lexicase,FALSE,20,elitize_generation_data,194,4,0.799,NA
196,53,checksum,lexicase,FALSE,20,elitize_generation_data,195,3,0.806,NA
197,53,checksum,lexicase,FALSE,20,elitize_generation_data,196,3,0.826,NA
198,53,checksum,lexicase,FALSE,20,elitize_generation_data,197,3,0.824,NA
199,53,checksum,lexicase,FALSE,20,elitize_generation_data,198,3,0.808,NA
200,53,checksum,lexicase,FALSE,20,elitize_generation_data,199,3,0.797,NA
201,53,checksum,lexicase,FALSE,20,elitize_generation_data,200,5,0.814,NA
202,53,checksum,lexicase,FALSE,20,elitize_generation_data,201,3,0.797,NA
203,53,checksum,lexicase,FALSE,20,elitize_generation_data,202,4,0.817,NA
204,53,checksum,lexicase,FALSE,20,elitize_generation_data,203,3,0.809,NA
205,53,checksum,lexicase,FALSE,20,elitize_generation_data,204,5,0.811,NA
206,53,checksum,lexicase,FALSE,20,elitize_generation_data,205,5,0.82,NA
207,53,checksum,lexicase,FALSE,20,elitize_generation_data,206,3,0.806,NA
208,53,checksum,lexicase,FALSE,20,elitize_generation_data,207,4,0.82,NA
209,53,checksum,lexicase,FALSE,20,elitize_generation_data,208,4,0.805,NA
210,53,checksum,lexicase,FALSE,20,elitize_generation_data,209,3,0.799,NA
211,53,checksum,lexicase,FALSE,20,elitize_generation_data,210,3,0.82,NA
212,53,checksum,lexicase,FALSE,20,elitize_generation_data,211,4,0.804,NA
213,53,checksum,lexicase,FALSE,20,elitize_generation_data,212,4,0.785,NA
214,53,checksum,lexicase,FALSE,20,elitize_generation_data,213,2,0.787,NA
215,53,checksum,lexicase,FALSE,20,elitize_generation_data,214,2,0.784,NA
216,53,checksum,lexicase,FALSE,20,elitize_generation_data,215,4,0.819,NA
217,53,checksum,lexicase,FALSE,20,elitize_generation_data,216,3,0.841,NA
218,53,checksum,lexicase,FALSE,20,elitize_generation_data,217,3,0.803,NA
219,53,checksum,lexicase,FALSE,20,elitize_generation_data,218,2,0.811,NA
220,53,checksum,lexicase,FALSE,20,elitize_generation_data,219,3,0.824,NA
221,53,checksum,lexicase,FALSE,20,elitize_generation_data,220,4,0.83,NA
222,53,checksum,lexicase,FALSE,20,elitize_generation_data,221,3,0.794,NA
223,53,checksum,lexicase,FALSE,20,elitize_generation_data,222,2,0.787,NA
224,53,checksum,lexicase,FALSE,20,elitize_generation_data,223,4,0.792,NA
225,53,checksum,lexicase,FALSE,20,elitize_generation_data,224,3,0.828,NA
226,53,checksum,lexicase,FALSE,20,elitize_generation_data,225,3,0.824,NA
227,53,checksum,lexicase,FALSE,20,elitize_generation_data,226,4,0.803,NA
228,53,checksum,lexicase,FALSE,20,elitize_generation_data,227,3,0.81,NA
229,53,checksum,lexicase,FALSE,20,elitize_generation_data,228,4,0.827,NA
230,53,checksum,lexicase,FALSE,20,elitize_generation_data,229,5,0.804,NA
231,53,checksum,lexicase,FALSE,20,elitize_generation_data,230,5,0.807,NA
232,53,checksum,lexicase,FALSE,20,elitize_generation_data,231,4,0.825,NA
233,53,checksum,lexicase,FALSE,20,elitize_generation_data,232,3,0.804,NA
234,53,checksum,lexicase,FALSE,20,elitize_generation_data,233,4,0.804,NA
235,53,checksum,lexicase,FALSE,20,elitize_generation_data,234,3,0.821,NA
236,53,checksum,lexicase,FALSE,20,elitize_generation_data,235,4,0.79,NA
237,53,checksum,lexicase,FALSE,20,elitize_generation_data,236,2,0.811,NA
238,53,checksum,lexicase,FALSE,20,elitize_generation_data,237,5,0.813,NA
239,53,checksum,lexicase,FALSE,20,elitize_generation_data,238,4,0.81,NA
240,53,checksum,lexicase,FALSE,20,elitize_generation_data,239,3,0.804,NA
241,53,checksum,lexicase,FALSE,20,elitize_generation_data,240,3,0.815,NA
242,53,checksum,lexicase,FALSE,20,elitize_generation_data,241,3,0.803,NA
243,53,checksum,lexicase,FALSE,20,elitize_generation_data,242,3,0.805,NA
244,53,checksum,lexicase,FALSE,20,elitize_generation_data,243,5,0.811,NA
245,53,checksum,lexicase,FALSE,20,elitize_generation_data,244,1,0.792,NA
246,53,checksum,lexicase,FALSE,20,elitize_generation_data,245,2,0.806,NA
247,53,checksum,lexicase,FALSE,20,elitize_generation_data,246,3,0.819,NA
248,53,checksum,lexicase,FALSE,20,elitize_generation_data,247,4,0.806,NA
249,53,checksum,lexicase,FALSE,20,elitize_generation_data,248,3,0.821,NA
250,53,checksum,lexicase,FALSE,20,elitize_generation_data,249,2,0.84,NA
251,53,checksum,lexicase,FALSE,20,elitize_generation_data,250,3,0.789,NA
252,53,checksum,lexicase,FALSE,20,elitize_generation_data,251,1,0.814,NA
253,53,checksum,lexicase,FALSE,20,elitize_generation_data,252,1,0.808,NA
254,53,checksum,lexicase,FALSE,20,elitize_generation_data,253,2,0.804,NA
255,53,checksum,lexicase,FALSE,20,elitize_generation_data,254,2,0.796,NA
256,53,checksum,lexicase,FALSE,20,elitize_generation_data,255,2,0.808,NA
257,53,checksum,lexicase,FALSE,20,elitize_generation_data,256,3,0.762,NA
258,53,checksum,lexicase,FALSE,20,elitize_generation_data,257,2,0.786,NA
259,53,checksum,lexicase,FALSE,20,elitize_generation_data,258,2,0.783,NA
260,53,checksum,lexicase,FALSE,20,elitize_generation_data,259,4,0.793,NA
261,53,checksum,lexicase,FALSE,20,elitize_generation_data,260,3,0.805,NA
262,53,checksum,lexicase,FALSE,20,elitize_generation_data,261,2,0.838,NA
263,53,checksum,lexicase,FALSE,20,elitize_generation_data,262,2,0.808,NA
264,53,checksum,lexicase,FALSE,20,elitize_generation_data,263,2,0.796,NA
265,53,checksum,lexicase,FALSE,20,elitize_generation_data,264,2,0.801,NA
266,53,checksum,lexicase,FALSE,20,elitize_generation_data,265,2,0.792,NA
267,53,checksum,lexicase,FALSE,20,elitize_generation_data,266,3,0.775,NA
268,53,checksum,lexicase,FALSE,20,elitize_generation_data,267,2,0.792,NA
269,53,checksum,lexicase,FALSE,20,elitize_generation_data,268,4,0.786,NA
270,53,checksum,lexicase,FALSE,20,elitize_generation_data,269,5,0.772,NA
271,53,checksum,lexicase,FALSE,20,elitize_generation_data,270,3,0.812,NA
272,53,checksum,lexicase,FALSE,20,elitize_generation_data,271,3,0.818,NA
273,53,checksum,lexicase,FALSE,20,elitize_generation_data,272,4,0.795,NA
274,53,checksum,lexicase,FALSE,20,elitize_generation_data,273,3,0.785,NA
275,53,checksum,lexicase,FALSE,20,elitize_generation_data,274,5,0.8,NA
276,53,checksum,lexicase,FALSE,20,elitize_generation_data,275,3,0.802,NA
277,53,checksum,lexicase,FALSE,20,elitize_generation_data,276,2,0.81,NA
278,53,checksum,lexicase,FALSE,20,elitize_generation_data,277,3,0.822,NA
279,53,checksum,lexicase,FALSE,20,elitize_generation_data,278,3,0.826,NA
280,53,checksum,lexicase,FALSE,20,elitize_generation_data,279,2,0.799,NA
281,53,checksum,lexicase,FALSE,20,elitize_generation_data,280,3,0.803,NA
282,53,checksum,lexicase,FALSE,20,elitize_generation_data,281,4,0.831,NA
283,53,checksum,lexicase,FALSE,20,elitize_generation_data,282,6,0.82,NA
284,53,checksum,lexicase,FALSE,20,elitize_generation_data,283,4,0.798,NA
285,53,checksum,lexicase,FALSE,20,elitize_generation_data,284,6,0.821,NA
286,53,checksum,lexicase,FALSE,20,elitize_generation_data,285,4,0.8,NA
287,53,checksum,lexicase,FALSE,20,elitize_generation_data,286,5,0.788,NA
288,53,checksum,lexicase,FALSE,20,elitize_generation_data,287,6,0.803,NA
289,53,checksum,lexicase,FALSE,20,elitize_generation_data,288,6,0.777,NA
290,53,checksum,lexicase,FALSE,20,elitize_generation_data,289,3,0.813,NA
291,53,checksum,lexicase,FALSE,20,elitize_generation_data,290,5,0.811,NA
292,53,checksum,lexicase,FALSE,20,elitize_generation_data,291,4,0.797,NA
293,53,checksum,lexicase,FALSE,20,elitize_generation_data,292,6,0.784,NA
294,53,checksum,lexicase,FALSE,20,elitize_generation_data,293,5,0.817,NA
295,53,checksum,lexicase,FALSE,20,elitize_generation_data,294,5,0.803,NA
296,53,checksum,lexicase,FALSE,20,elitize_generation_data,295,5,0.825,NA
297,53,checksum,lexicase,FALSE,20,elitize_generation_data,296,4,0.803,NA
298,53,checksum,lexicase,FALSE,20,elitize_generation_data,297,7,0.811,NA
299,53,checksum,lexicase,FALSE,20,elitize_generation_data,298,7,0.83,NA
300,53,checksum,lexicase,FALSE,20,elitize_generation_data,299,5,0.805,NA
301,53,checksum,lexicase,FALSE,20,elitize_generation_data,300,7,0.794,NA
