,run.num,problem,treatment,succeeded,height,normalization.function,generation,cluster.count,error.diversity,success.generation
1,88,checksum,lexicase,FALSE,20,elitize_generation_data,0,2,0.315,NA
2,88,checksum,lexicase,FALSE,20,elitize_generation_data,1,3,0.233,NA
3,88,checksum,lexicase,FALSE,20,elitize_generation_data,2,5,0.241,NA
4,88,checksum,lexicase,FALSE,20,elitize_generation_data,3,7,0.33,NA
5,88,checksum,lexicase,FALSE,20,elitize_generation_data,4,9,0.403,NA
6,88,checksum,lexicase,FALSE,20,elitize_generation_data,5,10,0.524,NA
7,88,checksum,lexicase,FALSE,20,elitize_generation_data,6,6,0.535,NA
8,88,checksum,lexicase,FALSE,20,elitize_generation_data,7,4,0.519,NA
9,88,checksum,lexicase,FALSE,20,elitize_generation_data,8,2,0.454,NA
10,88,checksum,lexicase,FALSE,20,elitize_generation_data,9,1,0.393,NA
11,88,checksum,lexicase,FALSE,20,elitize_generation_data,10,1,0.367,NA
12,88,checksum,lexicase,FALSE,20,elitize_generation_data,11,1,0.346,NA
13,88,checksum,lexicase,FALSE,20,elitize_generation_data,12,1,0.333,NA
14,88,checksum,lexicase,FALSE,20,elitize_generation_data,13,1,0.355,NA
15,88,checksum,lexicase,FALSE,20,elitize_generation_data,14,1,0.33,NA
16,88,checksum,lexicase,FALSE,20,elitize_generation_data,15,1,0.341,NA
17,88,checksum,lexicase,FALSE,20,elitize_generation_data,16,1,0.387,NA
18,88,checksum,lexicase,FALSE,20,elitize_generation_data,17,1,0.347,NA
19,88,checksum,lexicase,FALSE,20,elitize_generation_data,18,1,0.352,NA
20,88,checksum,lexicase,FALSE,20,elitize_generation_data,19,1,0.381,NA
21,88,checksum,lexicase,FALSE,20,elitize_generation_data,20,1,0.42,NA
22,88,checksum,lexicase,FALSE,20,elitize_generation_data,21,1,0.465,NA
23,88,checksum,lexicase,FALSE,20,elitize_generation_data,22,1,0.449,NA
24,88,checksum,lexicase,FALSE,20,elitize_generation_data,23,1,0.489,NA
25,88,checksum,lexicase,FALSE,20,elitize_generation_data,24,1,0.486,NA
26,88,checksum,lexicase,FALSE,20,elitize_generation_data,25,1,0.509,NA
27,88,checksum,lexicase,FALSE,20,elitize_generation_data,26,1,0.528,NA
28,88,checksum,lexicase,FALSE,20,elitize_generation_data,27,1,0.538,NA
29,88,checksum,lexicase,FALSE,20,elitize_generation_data,28,1,0.565,NA
30,88,checksum,lexicase,FALSE,20,elitize_generation_data,29,1,0.582,NA
31,88,checksum,lexicase,FALSE,20,elitize_generation_data,30,1,0.643,NA
32,88,checksum,lexicase,FALSE,20,elitize_generation_data,31,1,0.686,NA
33,88,checksum,lexicase,FALSE,20,elitize_generation_data,32,1,0.684,NA
34,88,checksum,lexicase,FALSE,20,elitize_generation_data,33,1,0.745,NA
35,88,checksum,lexicase,FALSE,20,elitize_generation_data,34,1,0.734,NA
36,88,checksum,lexicase,FALSE,20,elitize_generation_data,35,1,0.715,NA
37,88,checksum,lexicase,FALSE,20,elitize_generation_data,36,1,0.731,NA
38,88,checksum,lexicase,FALSE,20,elitize_generation_data,37,1,0.743,NA
39,88,checksum,lexicase,FALSE,20,elitize_generation_data,38,1,0.762,NA
40,88,checksum,lexicase,FALSE,20,elitize_generation_data,39,1,0.78,NA
41,88,checksum,lexicase,FALSE,20,elitize_generation_data,40,1,0.788,NA
42,88,checksum,lexicase,FALSE,20,elitize_generation_data,41,1,0.783,NA
43,88,checksum,lexicase,FALSE,20,elitize_generation_data,42,1,0.812,NA
44,88,checksum,lexicase,FALSE,20,elitize_generation_data,43,1,0.774,NA
45,88,checksum,lexicase,FALSE,20,elitize_generation_data,44,1,0.782,NA
46,88,checksum,lexicase,FALSE,20,elitize_generation_data,45,1,0.807,NA
47,88,checksum,lexicase,FALSE,20,elitize_generation_data,46,1,0.794,NA
48,88,checksum,lexicase,FALSE,20,elitize_generation_data,47,1,0.796,NA
49,88,checksum,lexicase,FALSE,20,elitize_generation_data,48,1,0.8,NA
50,88,checksum,lexicase,FALSE,20,elitize_generation_data,49,1,0.816,NA
51,88,checksum,lexicase,FALSE,20,elitize_generation_data,50,1,0.811,NA
52,88,checksum,lexicase,FALSE,20,elitize_generation_data,51,1,0.806,NA
53,88,checksum,lexicase,FALSE,20,elitize_generation_data,52,1,0.816,NA
54,88,checksum,lexicase,FALSE,20,elitize_generation_data,53,1,0.847,NA
55,88,checksum,lexicase,FALSE,20,elitize_generation_data,54,1,0.849,NA
56,88,checksum,lexicase,FALSE,20,elitize_generation_data,55,1,0.874,NA
57,88,checksum,lexicase,FALSE,20,elitize_generation_data,56,1,0.86,NA
58,88,checksum,lexicase,FALSE,20,elitize_generation_data,57,1,0.863,NA
59,88,checksum,lexicase,FALSE,20,elitize_generation_data,58,1,0.855,NA
60,88,checksum,lexicase,FALSE,20,elitize_generation_data,59,1,0.876,NA
61,88,checksum,lexicase,FALSE,20,elitize_generation_data,60,1,0.879,NA
62,88,checksum,lexicase,FALSE,20,elitize_generation_data,61,1,0.886,NA
63,88,checksum,lexicase,FALSE,20,elitize_generation_data,62,1,0.889,NA
64,88,checksum,lexicase,FALSE,20,elitize_generation_data,63,1,0.879,NA
65,88,checksum,lexicase,FALSE,20,elitize_generation_data,64,1,0.88,NA
66,88,checksum,lexicase,FALSE,20,elitize_generation_data,65,1,0.892,NA
67,88,checksum,lexicase,FALSE,20,elitize_generation_data,66,2,0.854,NA
68,88,checksum,lexicase,FALSE,20,elitize_generation_data,67,1,0.847,NA
69,88,checksum,lexicase,FALSE,20,elitize_generation_data,68,1,0.869,NA
70,88,checksum,lexicase,FALSE,20,elitize_generation_data,69,1,0.863,NA
71,88,checksum,lexicase,FALSE,20,elitize_generation_data,70,1,0.863,NA
72,88,checksum,lexicase,FALSE,20,elitize_generation_data,71,1,0.887,NA
73,88,checksum,lexicase,FALSE,20,elitize_generation_data,72,1,0.873,NA
74,88,checksum,lexicase,FALSE,20,elitize_generation_data,73,1,0.871,NA
75,88,checksum,lexicase,FALSE,20,elitize_generation_data,74,1,0.874,NA
76,88,checksum,lexicase,FALSE,20,elitize_generation_data,75,1,0.891,NA
77,88,checksum,lexicase,FALSE,20,elitize_generation_data,76,1,0.904,NA
78,88,checksum,lexicase,FALSE,20,elitize_generation_data,77,1,0.877,NA
79,88,checksum,lexicase,FALSE,20,elitize_generation_data,78,1,0.904,NA
80,88,checksum,lexicase,FALSE,20,elitize_generation_data,79,1,0.88,NA
81,88,checksum,lexicase,FALSE,20,elitize_generation_data,80,1,0.912,NA
82,88,checksum,lexicase,FALSE,20,elitize_generation_data,81,1,0.898,NA
83,88,checksum,lexicase,FALSE,20,elitize_generation_data,82,1,0.887,NA
84,88,checksum,lexicase,FALSE,20,elitize_generation_data,83,1,0.904,NA
85,88,checksum,lexicase,FALSE,20,elitize_generation_data,84,1,0.885,NA
86,88,checksum,lexicase,FALSE,20,elitize_generation_data,85,1,0.882,NA
87,88,checksum,lexicase,FALSE,20,elitize_generation_data,86,1,0.868,NA
88,88,checksum,lexicase,FALSE,20,elitize_generation_data,87,1,0.899,NA
89,88,checksum,lexicase,FALSE,20,elitize_generation_data,88,1,0.879,NA
90,88,checksum,lexicase,FALSE,20,elitize_generation_data,89,1,0.894,NA
91,88,checksum,lexicase,FALSE,20,elitize_generation_data,90,1,0.893,NA
92,88,checksum,lexicase,FALSE,20,elitize_generation_data,91,1,0.883,NA
93,88,checksum,lexicase,FALSE,20,elitize_generation_data,92,1,0.893,NA
94,88,checksum,lexicase,FALSE,20,elitize_generation_data,93,1,0.89,NA
95,88,checksum,lexicase,FALSE,20,elitize_generation_data,94,1,0.871,NA
96,88,checksum,lexicase,FALSE,20,elitize_generation_data,95,1,0.904,NA
97,88,checksum,lexicase,FALSE,20,elitize_generation_data,96,1,0.892,NA
98,88,checksum,lexicase,FALSE,20,elitize_generation_data,97,1,0.884,NA
99,88,checksum,lexicase,FALSE,20,elitize_generation_data,98,1,0.888,NA
100,88,checksum,lexicase,FALSE,20,elitize_generation_data,99,1,0.858,NA
101,88,checksum,lexicase,FALSE,20,elitize_generation_data,100,1,0.856,NA
102,88,checksum,lexicase,FALSE,20,elitize_generation_data,101,1,0.877,NA
103,88,checksum,lexicase,FALSE,20,elitize_generation_data,102,1,0.887,NA
104,88,checksum,lexicase,FALSE,20,elitize_generation_data,103,1,0.873,NA
105,88,checksum,lexicase,FALSE,20,elitize_generation_data,104,1,0.871,NA
106,88,checksum,lexicase,FALSE,20,elitize_generation_data,105,1,0.871,NA
107,88,checksum,lexicase,FALSE,20,elitize_generation_data,106,1,0.87,NA
108,88,checksum,lexicase,FALSE,20,elitize_generation_data,107,1,0.888,NA
109,88,checksum,lexicase,FALSE,20,elitize_generation_data,108,1,0.876,NA
110,88,checksum,lexicase,FALSE,20,elitize_generation_data,109,1,0.871,NA
111,88,checksum,lexicase,FALSE,20,elitize_generation_data,110,1,0.891,NA
112,88,checksum,lexicase,FALSE,20,elitize_generation_data,111,1,0.87,NA
113,88,checksum,lexicase,FALSE,20,elitize_generation_data,112,1,0.867,NA
114,88,checksum,lexicase,FALSE,20,elitize_generation_data,113,1,0.848,NA
115,88,checksum,lexicase,FALSE,20,elitize_generation_data,114,1,0.863,NA
116,88,checksum,lexicase,FALSE,20,elitize_generation_data,115,1,0.856,NA
117,88,checksum,lexicase,FALSE,20,elitize_generation_data,116,1,0.865,NA
118,88,checksum,lexicase,FALSE,20,elitize_generation_data,117,1,0.869,NA
119,88,checksum,lexicase,FALSE,20,elitize_generation_data,118,1,0.882,NA
120,88,checksum,lexicase,FALSE,20,elitize_generation_data,119,1,0.853,NA
121,88,checksum,lexicase,FALSE,20,elitize_generation_data,120,1,0.883,NA
122,88,checksum,lexicase,FALSE,20,elitize_generation_data,121,1,0.889,NA
123,88,checksum,lexicase,FALSE,20,elitize_generation_data,122,1,0.872,NA
124,88,checksum,lexicase,FALSE,20,elitize_generation_data,123,1,0.883,NA
125,88,checksum,lexicase,FALSE,20,elitize_generation_data,124,1,0.86,NA
126,88,checksum,lexicase,FALSE,20,elitize_generation_data,125,1,0.887,NA
127,88,checksum,lexicase,FALSE,20,elitize_generation_data,126,1,0.886,NA
128,88,checksum,lexicase,FALSE,20,elitize_generation_data,127,1,0.86,NA
129,88,checksum,lexicase,FALSE,20,elitize_generation_data,128,1,0.875,NA
130,88,checksum,lexicase,FALSE,20,elitize_generation_data,129,1,0.875,NA
131,88,checksum,lexicase,FALSE,20,elitize_generation_data,130,1,0.895,NA
132,88,checksum,lexicase,FALSE,20,elitize_generation_data,131,1,0.897,NA
133,88,checksum,lexicase,FALSE,20,elitize_generation_data,132,1,0.872,NA
134,88,checksum,lexicase,FALSE,20,elitize_generation_data,133,1,0.879,NA
135,88,checksum,lexicase,FALSE,20,elitize_generation_data,134,1,0.877,NA
136,88,checksum,lexicase,FALSE,20,elitize_generation_data,135,1,0.898,NA
137,88,checksum,lexicase,FALSE,20,elitize_generation_data,136,1,0.899,NA
138,88,checksum,lexicase,FALSE,20,elitize_generation_data,137,1,0.888,NA
139,88,checksum,lexicase,FALSE,20,elitize_generation_data,138,1,0.87,NA
140,88,checksum,lexicase,FALSE,20,elitize_generation_data,139,2,0.859,NA
141,88,checksum,lexicase,FALSE,20,elitize_generation_data,140,1,0.871,NA
142,88,checksum,lexicase,FALSE,20,elitize_generation_data,141,2,0.873,NA
143,88,checksum,lexicase,FALSE,20,elitize_generation_data,142,1,0.875,NA
144,88,checksum,lexicase,FALSE,20,elitize_generation_data,143,2,0.874,NA
145,88,checksum,lexicase,FALSE,20,elitize_generation_data,144,1,0.885,NA
146,88,checksum,lexicase,FALSE,20,elitize_generation_data,145,1,0.878,NA
147,88,checksum,lexicase,FALSE,20,elitize_generation_data,146,1,0.89,NA
148,88,checksum,lexicase,FALSE,20,elitize_generation_data,147,1,0.86,NA
149,88,checksum,lexicase,FALSE,20,elitize_generation_data,148,1,0.882,NA
150,88,checksum,lexicase,FALSE,20,elitize_generation_data,149,1,0.854,NA
151,88,checksum,lexicase,FALSE,20,elitize_generation_data,150,1,0.881,NA
152,88,checksum,lexicase,FALSE,20,elitize_generation_data,151,1,0.881,NA
153,88,checksum,lexicase,FALSE,20,elitize_generation_data,152,1,0.882,NA
154,88,checksum,lexicase,FALSE,20,elitize_generation_data,153,1,0.871,NA
155,88,checksum,lexicase,FALSE,20,elitize_generation_data,154,1,0.854,NA
156,88,checksum,lexicase,FALSE,20,elitize_generation_data,155,1,0.839,NA
157,88,checksum,lexicase,FALSE,20,elitize_generation_data,156,1,0.867,NA
158,88,checksum,lexicase,FALSE,20,elitize_generation_data,157,1,0.842,NA
159,88,checksum,lexicase,FALSE,20,elitize_generation_data,158,1,0.841,NA
160,88,checksum,lexicase,FALSE,20,elitize_generation_data,159,1,0.838,NA
161,88,checksum,lexicase,FALSE,20,elitize_generation_data,160,1,0.856,NA
162,88,checksum,lexicase,FALSE,20,elitize_generation_data,161,1,0.831,NA
163,88,checksum,lexicase,FALSE,20,elitize_generation_data,162,1,0.829,NA
164,88,checksum,lexicase,FALSE,20,elitize_generation_data,163,2,0.856,NA
165,88,checksum,lexicase,FALSE,20,elitize_generation_data,164,2,0.838,NA
166,88,checksum,lexicase,FALSE,20,elitize_generation_data,165,1,0.855,NA
167,88,checksum,lexicase,FALSE,20,elitize_generation_data,166,1,0.842,NA
168,88,checksum,lexicase,FALSE,20,elitize_generation_data,167,1,0.859,NA
169,88,checksum,lexicase,FALSE,20,elitize_generation_data,168,1,0.867,NA
170,88,checksum,lexicase,FALSE,20,elitize_generation_data,169,1,0.865,NA
171,88,checksum,lexicase,FALSE,20,elitize_generation_data,170,1,0.869,NA
172,88,checksum,lexicase,FALSE,20,elitize_generation_data,171,1,0.857,NA
173,88,checksum,lexicase,FALSE,20,elitize_generation_data,172,1,0.857,NA
174,88,checksum,lexicase,FALSE,20,elitize_generation_data,173,1,0.837,NA
175,88,checksum,lexicase,FALSE,20,elitize_generation_data,174,1,0.854,NA
176,88,checksum,lexicase,FALSE,20,elitize_generation_data,175,1,0.847,NA
177,88,checksum,lexicase,FALSE,20,elitize_generation_data,176,1,0.853,NA
178,88,checksum,lexicase,FALSE,20,elitize_generation_data,177,1,0.864,NA
179,88,checksum,lexicase,FALSE,20,elitize_generation_data,178,2,0.848,NA
180,88,checksum,lexicase,FALSE,20,elitize_generation_data,179,2,0.838,NA
181,88,checksum,lexicase,FALSE,20,elitize_generation_data,180,1,0.866,NA
182,88,checksum,lexicase,FALSE,20,elitize_generation_data,181,1,0.847,NA
183,88,checksum,lexicase,FALSE,20,elitize_generation_data,182,1,0.856,NA
184,88,checksum,lexicase,FALSE,20,elitize_generation_data,183,1,0.855,NA
185,88,checksum,lexicase,FALSE,20,elitize_generation_data,184,1,0.864,NA
186,88,checksum,lexicase,FALSE,20,elitize_generation_data,185,1,0.883,NA
187,88,checksum,lexicase,FALSE,20,elitize_generation_data,186,1,0.872,NA
188,88,checksum,lexicase,FALSE,20,elitize_generation_data,187,1,0.838,NA
189,88,checksum,lexicase,FALSE,20,elitize_generation_data,188,1,0.859,NA
190,88,checksum,lexicase,FALSE,20,elitize_generation_data,189,1,0.856,NA
191,88,checksum,lexicase,FALSE,20,elitize_generation_data,190,1,0.849,NA
192,88,checksum,lexicase,FALSE,20,elitize_generation_data,191,1,0.843,NA
193,88,checksum,lexicase,FALSE,20,elitize_generation_data,192,1,0.854,NA
194,88,checksum,lexicase,FALSE,20,elitize_generation_data,193,1,0.846,NA
195,88,checksum,lexicase,FALSE,20,elitize_generation_data,194,1,0.858,NA
196,88,checksum,lexicase,FALSE,20,elitize_generation_data,195,1,0.851,NA
197,88,checksum,lexicase,FALSE,20,elitize_generation_data,196,1,0.861,NA
198,88,checksum,lexicase,FALSE,20,elitize_generation_data,197,1,0.858,NA
199,88,checksum,lexicase,FALSE,20,elitize_generation_data,198,1,0.843,NA
200,88,checksum,lexicase,FALSE,20,elitize_generation_data,199,1,0.816,NA
201,88,checksum,lexicase,FALSE,20,elitize_generation_data,200,1,0.842,NA
202,88,checksum,lexicase,FALSE,20,elitize_generation_data,201,1,0.846,NA
203,88,checksum,lexicase,FALSE,20,elitize_generation_data,202,1,0.845,NA
204,88,checksum,lexicase,FALSE,20,elitize_generation_data,203,1,0.83,NA
205,88,checksum,lexicase,FALSE,20,elitize_generation_data,204,1,0.82,NA
206,88,checksum,lexicase,FALSE,20,elitize_generation_data,205,1,0.821,NA
207,88,checksum,lexicase,FALSE,20,elitize_generation_data,206,1,0.848,NA
208,88,checksum,lexicase,FALSE,20,elitize_generation_data,207,1,0.832,NA
209,88,checksum,lexicase,FALSE,20,elitize_generation_data,208,1,0.832,NA
210,88,checksum,lexicase,FALSE,20,elitize_generation_data,209,1,0.83,NA
211,88,checksum,lexicase,FALSE,20,elitize_generation_data,210,1,0.835,NA
212,88,checksum,lexicase,FALSE,20,elitize_generation_data,211,1,0.82,NA
213,88,checksum,lexicase,FALSE,20,elitize_generation_data,212,1,0.843,NA
214,88,checksum,lexicase,FALSE,20,elitize_generation_data,213,1,0.836,NA
215,88,checksum,lexicase,FALSE,20,elitize_generation_data,214,1,0.839,NA
216,88,checksum,lexicase,FALSE,20,elitize_generation_data,215,2,0.84,NA
217,88,checksum,lexicase,FALSE,20,elitize_generation_data,216,1,0.813,NA
218,88,checksum,lexicase,FALSE,20,elitize_generation_data,217,1,0.852,NA
219,88,checksum,lexicase,FALSE,20,elitize_generation_data,218,1,0.834,NA
220,88,checksum,lexicase,FALSE,20,elitize_generation_data,219,1,0.835,NA
221,88,checksum,lexicase,FALSE,20,elitize_generation_data,220,1,0.842,NA
222,88,checksum,lexicase,FALSE,20,elitize_generation_data,221,1,0.842,NA
223,88,checksum,lexicase,FALSE,20,elitize_generation_data,222,1,0.825,NA
224,88,checksum,lexicase,FALSE,20,elitize_generation_data,223,1,0.798,NA
225,88,checksum,lexicase,FALSE,20,elitize_generation_data,224,1,0.821,NA
226,88,checksum,lexicase,FALSE,20,elitize_generation_data,225,1,0.803,NA
227,88,checksum,lexicase,FALSE,20,elitize_generation_data,226,1,0.819,NA
228,88,checksum,lexicase,FALSE,20,elitize_generation_data,227,1,0.835,NA
229,88,checksum,lexicase,FALSE,20,elitize_generation_data,228,1,0.814,NA
230,88,checksum,lexicase,FALSE,20,elitize_generation_data,229,1,0.825,NA
231,88,checksum,lexicase,FALSE,20,elitize_generation_data,230,1,0.848,NA
232,88,checksum,lexicase,FALSE,20,elitize_generation_data,231,1,0.842,NA
233,88,checksum,lexicase,FALSE,20,elitize_generation_data,232,1,0.819,NA
234,88,checksum,lexicase,FALSE,20,elitize_generation_data,233,1,0.822,NA
235,88,checksum,lexicase,FALSE,20,elitize_generation_data,234,1,0.797,NA
236,88,checksum,lexicase,FALSE,20,elitize_generation_data,235,1,0.822,NA
237,88,checksum,lexicase,FALSE,20,elitize_generation_data,236,1,0.825,NA
238,88,checksum,lexicase,FALSE,20,elitize_generation_data,237,1,0.805,NA
239,88,checksum,lexicase,FALSE,20,elitize_generation_data,238,1,0.809,NA
240,88,checksum,lexicase,FALSE,20,elitize_generation_data,239,1,0.833,NA
241,88,checksum,lexicase,FALSE,20,elitize_generation_data,240,2,0.826,NA
242,88,checksum,lexicase,FALSE,20,elitize_generation_data,241,2,0.841,NA
243,88,checksum,lexicase,FALSE,20,elitize_generation_data,242,1,0.831,NA
244,88,checksum,lexicase,FALSE,20,elitize_generation_data,243,1,0.871,NA
245,88,checksum,lexicase,FALSE,20,elitize_generation_data,244,2,0.855,NA
246,88,checksum,lexicase,FALSE,20,elitize_generation_data,245,2,0.845,NA
247,88,checksum,lexicase,FALSE,20,elitize_generation_data,246,1,0.85,NA
248,88,checksum,lexicase,FALSE,20,elitize_generation_data,247,2,0.851,NA
249,88,checksum,lexicase,FALSE,20,elitize_generation_data,248,2,0.838,NA
250,88,checksum,lexicase,FALSE,20,elitize_generation_data,249,2,0.835,NA
251,88,checksum,lexicase,FALSE,20,elitize_generation_data,250,1,0.82,NA
252,88,checksum,lexicase,FALSE,20,elitize_generation_data,251,1,0.823,NA
253,88,checksum,lexicase,FALSE,20,elitize_generation_data,252,1,0.845,NA
254,88,checksum,lexicase,FALSE,20,elitize_generation_data,253,1,0.839,NA
255,88,checksum,lexicase,FALSE,20,elitize_generation_data,254,2,0.841,NA
256,88,checksum,lexicase,FALSE,20,elitize_generation_data,255,2,0.849,NA
257,88,checksum,lexicase,FALSE,20,elitize_generation_data,256,2,0.845,NA
258,88,checksum,lexicase,FALSE,20,elitize_generation_data,257,2,0.834,NA
259,88,checksum,lexicase,FALSE,20,elitize_generation_data,258,2,0.821,NA
260,88,checksum,lexicase,FALSE,20,elitize_generation_data,259,1,0.858,NA
261,88,checksum,lexicase,FALSE,20,elitize_generation_data,260,1,0.86,NA
262,88,checksum,lexicase,FALSE,20,elitize_generation_data,261,1,0.82,NA
263,88,checksum,lexicase,FALSE,20,elitize_generation_data,262,1,0.84,NA
264,88,checksum,lexicase,FALSE,20,elitize_generation_data,263,1,0.819,NA
265,88,checksum,lexicase,FALSE,20,elitize_generation_data,264,1,0.814,NA
266,88,checksum,lexicase,FALSE,20,elitize_generation_data,265,2,0.826,NA
267,88,checksum,lexicase,FALSE,20,elitize_generation_data,266,2,0.808,NA
268,88,checksum,lexicase,FALSE,20,elitize_generation_data,267,2,0.838,NA
269,88,checksum,lexicase,FALSE,20,elitize_generation_data,268,1,0.814,NA
270,88,checksum,lexicase,FALSE,20,elitize_generation_data,269,1,0.82,NA
271,88,checksum,lexicase,FALSE,20,elitize_generation_data,270,2,0.804,NA
272,88,checksum,lexicase,FALSE,20,elitize_generation_data,271,1,0.81,NA
273,88,checksum,lexicase,FALSE,20,elitize_generation_data,272,1,0.821,NA
274,88,checksum,lexicase,FALSE,20,elitize_generation_data,273,1,0.804,NA
275,88,checksum,lexicase,FALSE,20,elitize_generation_data,274,2,0.792,NA
276,88,checksum,lexicase,FALSE,20,elitize_generation_data,275,2,0.8,NA
277,88,checksum,lexicase,FALSE,20,elitize_generation_data,276,1,0.82,NA
278,88,checksum,lexicase,FALSE,20,elitize_generation_data,277,1,0.822,NA
279,88,checksum,lexicase,FALSE,20,elitize_generation_data,278,1,0.818,NA
280,88,checksum,lexicase,FALSE,20,elitize_generation_data,279,1,0.805,NA
281,88,checksum,lexicase,FALSE,20,elitize_generation_data,280,1,0.807,NA
282,88,checksum,lexicase,FALSE,20,elitize_generation_data,281,1,0.816,NA
283,88,checksum,lexicase,FALSE,20,elitize_generation_data,282,1,0.82,NA
284,88,checksum,lexicase,FALSE,20,elitize_generation_data,283,2,0.8,NA
285,88,checksum,lexicase,FALSE,20,elitize_generation_data,284,2,0.805,NA
286,88,checksum,lexicase,FALSE,20,elitize_generation_data,285,2,0.792,NA
287,88,checksum,lexicase,FALSE,20,elitize_generation_data,286,1,0.812,NA
288,88,checksum,lexicase,FALSE,20,elitize_generation_data,287,1,0.807,NA
289,88,checksum,lexicase,FALSE,20,elitize_generation_data,288,1,0.795,NA
290,88,checksum,lexicase,FALSE,20,elitize_generation_data,289,1,0.81,NA
291,88,checksum,lexicase,FALSE,20,elitize_generation_data,290,1,0.782,NA
292,88,checksum,lexicase,FALSE,20,elitize_generation_data,291,1,0.797,NA
293,88,checksum,lexicase,FALSE,20,elitize_generation_data,292,1,0.777,NA
294,88,checksum,lexicase,FALSE,20,elitize_generation_data,293,1,0.806,NA
295,88,checksum,lexicase,FALSE,20,elitize_generation_data,294,1,0.799,NA
296,88,checksum,lexicase,FALSE,20,elitize_generation_data,295,2,0.805,NA
297,88,checksum,lexicase,FALSE,20,elitize_generation_data,296,1,0.808,NA
298,88,checksum,lexicase,FALSE,20,elitize_generation_data,297,2,0.801,NA
299,88,checksum,lexicase,FALSE,20,elitize_generation_data,298,2,0.81,NA
300,88,checksum,lexicase,FALSE,20,elitize_generation_data,299,2,0.8,NA
301,88,checksum,lexicase,FALSE,20,elitize_generation_data,300,2,0.787,NA
