,run.num,problem,treatment,succeeded,height,normalization.function,generation,cluster.count,error.diversity,success.generation
1,18,checksum,lexicase,FALSE,20,elitize_generation_data,0,2,0.32,NA
2,18,checksum,lexicase,FALSE,20,elitize_generation_data,1,2,0.26,NA
3,18,checksum,lexicase,FALSE,20,elitize_generation_data,2,3,0.321,NA
4,18,checksum,lexicase,FALSE,20,elitize_generation_data,3,3,0.36,NA
5,18,checksum,lexicase,FALSE,20,elitize_generation_data,4,4,0.355,NA
6,18,checksum,lexicase,FALSE,20,elitize_generation_data,5,3,0.375,NA
7,18,checksum,lexicase,FALSE,20,elitize_generation_data,6,3,0.432,NA
8,18,checksum,lexicase,FALSE,20,elitize_generation_data,7,3,0.468,NA
9,18,checksum,lexicase,FALSE,20,elitize_generation_data,8,4,0.472,NA
10,18,checksum,lexicase,FALSE,20,elitize_generation_data,9,3,0.506,NA
11,18,checksum,lexicase,FALSE,20,elitize_generation_data,10,2,0.541,NA
12,18,checksum,lexicase,FALSE,20,elitize_generation_data,11,1,0.49,NA
13,18,checksum,lexicase,FALSE,20,elitize_generation_data,12,1,0.445,NA
14,18,checksum,lexicase,FALSE,20,elitize_generation_data,13,1,0.453,NA
15,18,checksum,lexicase,FALSE,20,elitize_generation_data,14,1,0.439,NA
16,18,checksum,lexicase,FALSE,20,elitize_generation_data,15,1,0.415,NA
17,18,checksum,lexicase,FALSE,20,elitize_generation_data,16,1,0.411,NA
18,18,checksum,lexicase,FALSE,20,elitize_generation_data,17,1,0.399,NA
19,18,checksum,lexicase,FALSE,20,elitize_generation_data,18,1,0.391,NA
20,18,checksum,lexicase,FALSE,20,elitize_generation_data,19,1,0.37,NA
21,18,checksum,lexicase,FALSE,20,elitize_generation_data,20,1,0.389,NA
22,18,checksum,lexicase,FALSE,20,elitize_generation_data,21,1,0.395,NA
23,18,checksum,lexicase,FALSE,20,elitize_generation_data,22,1,0.363,NA
24,18,checksum,lexicase,FALSE,20,elitize_generation_data,23,1,0.372,NA
25,18,checksum,lexicase,FALSE,20,elitize_generation_data,24,1,0.354,NA
26,18,checksum,lexicase,FALSE,20,elitize_generation_data,25,1,0.352,NA
27,18,checksum,lexicase,FALSE,20,elitize_generation_data,26,1,0.387,NA
28,18,checksum,lexicase,FALSE,20,elitize_generation_data,27,1,0.368,NA
29,18,checksum,lexicase,FALSE,20,elitize_generation_data,28,1,0.452,NA
30,18,checksum,lexicase,FALSE,20,elitize_generation_data,29,1,0.45,NA
31,18,checksum,lexicase,FALSE,20,elitize_generation_data,30,1,0.44,NA
32,18,checksum,lexicase,FALSE,20,elitize_generation_data,31,1,0.448,NA
33,18,checksum,lexicase,FALSE,20,elitize_generation_data,32,1,0.49,NA
34,18,checksum,lexicase,FALSE,20,elitize_generation_data,33,1,0.496,NA
35,18,checksum,lexicase,FALSE,20,elitize_generation_data,34,1,0.522,NA
36,18,checksum,lexicase,FALSE,20,elitize_generation_data,35,1,0.492,NA
37,18,checksum,lexicase,FALSE,20,elitize_generation_data,36,1,0.552,NA
38,18,checksum,lexicase,FALSE,20,elitize_generation_data,37,1,0.584,NA
39,18,checksum,lexicase,FALSE,20,elitize_generation_data,38,1,0.622,NA
40,18,checksum,lexicase,FALSE,20,elitize_generation_data,39,1,0.662,NA
41,18,checksum,lexicase,FALSE,20,elitize_generation_data,40,1,0.737,NA
42,18,checksum,lexicase,FALSE,20,elitize_generation_data,41,1,0.738,NA
43,18,checksum,lexicase,FALSE,20,elitize_generation_data,42,1,0.748,NA
44,18,checksum,lexicase,FALSE,20,elitize_generation_data,43,1,0.762,NA
45,18,checksum,lexicase,FALSE,20,elitize_generation_data,44,1,0.754,NA
46,18,checksum,lexicase,FALSE,20,elitize_generation_data,45,1,0.767,NA
47,18,checksum,lexicase,FALSE,20,elitize_generation_data,46,1,0.743,NA
48,18,checksum,lexicase,FALSE,20,elitize_generation_data,47,1,0.76,NA
49,18,checksum,lexicase,FALSE,20,elitize_generation_data,48,1,0.778,NA
50,18,checksum,lexicase,FALSE,20,elitize_generation_data,49,1,0.755,NA
51,18,checksum,lexicase,FALSE,20,elitize_generation_data,50,1,0.773,NA
52,18,checksum,lexicase,FALSE,20,elitize_generation_data,51,1,0.781,NA
53,18,checksum,lexicase,FALSE,20,elitize_generation_data,52,1,0.756,NA
54,18,checksum,lexicase,FALSE,20,elitize_generation_data,53,1,0.737,NA
55,18,checksum,lexicase,FALSE,20,elitize_generation_data,54,1,0.759,NA
56,18,checksum,lexicase,FALSE,20,elitize_generation_data,55,1,0.76,NA
57,18,checksum,lexicase,FALSE,20,elitize_generation_data,56,1,0.732,NA
58,18,checksum,lexicase,FALSE,20,elitize_generation_data,57,1,0.772,NA
59,18,checksum,lexicase,FALSE,20,elitize_generation_data,58,1,0.726,NA
60,18,checksum,lexicase,FALSE,20,elitize_generation_data,59,1,0.751,NA
61,18,checksum,lexicase,FALSE,20,elitize_generation_data,60,1,0.771,NA
62,18,checksum,lexicase,FALSE,20,elitize_generation_data,61,1,0.734,NA
63,18,checksum,lexicase,FALSE,20,elitize_generation_data,62,1,0.762,NA
64,18,checksum,lexicase,FALSE,20,elitize_generation_data,63,1,0.744,NA
65,18,checksum,lexicase,FALSE,20,elitize_generation_data,64,1,0.784,NA
66,18,checksum,lexicase,FALSE,20,elitize_generation_data,65,1,0.772,NA
67,18,checksum,lexicase,FALSE,20,elitize_generation_data,66,1,0.759,NA
68,18,checksum,lexicase,FALSE,20,elitize_generation_data,67,1,0.78,NA
69,18,checksum,lexicase,FALSE,20,elitize_generation_data,68,1,0.752,NA
70,18,checksum,lexicase,FALSE,20,elitize_generation_data,69,1,0.749,NA
71,18,checksum,lexicase,FALSE,20,elitize_generation_data,70,1,0.778,NA
72,18,checksum,lexicase,FALSE,20,elitize_generation_data,71,1,0.786,NA
73,18,checksum,lexicase,FALSE,20,elitize_generation_data,72,1,0.79,NA
74,18,checksum,lexicase,FALSE,20,elitize_generation_data,73,1,0.794,NA
75,18,checksum,lexicase,FALSE,20,elitize_generation_data,74,1,0.801,NA
76,18,checksum,lexicase,FALSE,20,elitize_generation_data,75,1,0.815,NA
77,18,checksum,lexicase,FALSE,20,elitize_generation_data,76,1,0.776,NA
78,18,checksum,lexicase,FALSE,20,elitize_generation_data,77,1,0.812,NA
79,18,checksum,lexicase,FALSE,20,elitize_generation_data,78,1,0.81,NA
80,18,checksum,lexicase,FALSE,20,elitize_generation_data,79,1,0.805,NA
81,18,checksum,lexicase,FALSE,20,elitize_generation_data,80,1,0.82,NA
82,18,checksum,lexicase,FALSE,20,elitize_generation_data,81,1,0.806,NA
83,18,checksum,lexicase,FALSE,20,elitize_generation_data,82,1,0.82,NA
84,18,checksum,lexicase,FALSE,20,elitize_generation_data,83,1,0.799,NA
85,18,checksum,lexicase,FALSE,20,elitize_generation_data,84,1,0.806,NA
86,18,checksum,lexicase,FALSE,20,elitize_generation_data,85,1,0.793,NA
87,18,checksum,lexicase,FALSE,20,elitize_generation_data,86,1,0.826,NA
88,18,checksum,lexicase,FALSE,20,elitize_generation_data,87,1,0.827,NA
89,18,checksum,lexicase,FALSE,20,elitize_generation_data,88,1,0.815,NA
90,18,checksum,lexicase,FALSE,20,elitize_generation_data,89,1,0.823,NA
91,18,checksum,lexicase,FALSE,20,elitize_generation_data,90,1,0.83,NA
92,18,checksum,lexicase,FALSE,20,elitize_generation_data,91,1,0.801,NA
93,18,checksum,lexicase,FALSE,20,elitize_generation_data,92,1,0.823,NA
94,18,checksum,lexicase,FALSE,20,elitize_generation_data,93,1,0.827,NA
95,18,checksum,lexicase,FALSE,20,elitize_generation_data,94,1,0.817,NA
96,18,checksum,lexicase,FALSE,20,elitize_generation_data,95,1,0.81,NA
97,18,checksum,lexicase,FALSE,20,elitize_generation_data,96,1,0.799,NA
98,18,checksum,lexicase,FALSE,20,elitize_generation_data,97,1,0.818,NA
99,18,checksum,lexicase,FALSE,20,elitize_generation_data,98,1,0.822,NA
100,18,checksum,lexicase,FALSE,20,elitize_generation_data,99,1,0.799,NA
101,18,checksum,lexicase,FALSE,20,elitize_generation_data,100,1,0.812,NA
102,18,checksum,lexicase,FALSE,20,elitize_generation_data,101,1,0.816,NA
103,18,checksum,lexicase,FALSE,20,elitize_generation_data,102,1,0.793,NA
104,18,checksum,lexicase,FALSE,20,elitize_generation_data,103,1,0.788,NA
105,18,checksum,lexicase,FALSE,20,elitize_generation_data,104,1,0.808,NA
106,18,checksum,lexicase,FALSE,20,elitize_generation_data,105,1,0.814,NA
107,18,checksum,lexicase,FALSE,20,elitize_generation_data,106,1,0.792,NA
108,18,checksum,lexicase,FALSE,20,elitize_generation_data,107,1,0.811,NA
109,18,checksum,lexicase,FALSE,20,elitize_generation_data,108,1,0.82,NA
110,18,checksum,lexicase,FALSE,20,elitize_generation_data,109,1,0.799,NA
111,18,checksum,lexicase,FALSE,20,elitize_generation_data,110,1,0.793,NA
112,18,checksum,lexicase,FALSE,20,elitize_generation_data,111,1,0.821,NA
113,18,checksum,lexicase,FALSE,20,elitize_generation_data,112,1,0.793,NA
114,18,checksum,lexicase,FALSE,20,elitize_generation_data,113,1,0.813,NA
115,18,checksum,lexicase,FALSE,20,elitize_generation_data,114,1,0.801,NA
116,18,checksum,lexicase,FALSE,20,elitize_generation_data,115,1,0.818,NA
117,18,checksum,lexicase,FALSE,20,elitize_generation_data,116,1,0.82,NA
118,18,checksum,lexicase,FALSE,20,elitize_generation_data,117,1,0.817,NA
119,18,checksum,lexicase,FALSE,20,elitize_generation_data,118,1,0.794,NA
120,18,checksum,lexicase,FALSE,20,elitize_generation_data,119,1,0.808,NA
121,18,checksum,lexicase,FALSE,20,elitize_generation_data,120,1,0.811,NA
122,18,checksum,lexicase,FALSE,20,elitize_generation_data,121,1,0.822,NA
123,18,checksum,lexicase,FALSE,20,elitize_generation_data,122,1,0.821,NA
124,18,checksum,lexicase,FALSE,20,elitize_generation_data,123,1,0.816,NA
125,18,checksum,lexicase,FALSE,20,elitize_generation_data,124,2,0.787,NA
126,18,checksum,lexicase,FALSE,20,elitize_generation_data,125,2,0.796,NA
127,18,checksum,lexicase,FALSE,20,elitize_generation_data,126,2,0.805,NA
128,18,checksum,lexicase,FALSE,20,elitize_generation_data,127,2,0.828,NA
129,18,checksum,lexicase,FALSE,20,elitize_generation_data,128,1,0.808,NA
130,18,checksum,lexicase,FALSE,20,elitize_generation_data,129,2,0.831,NA
131,18,checksum,lexicase,FALSE,20,elitize_generation_data,130,1,0.813,NA
132,18,checksum,lexicase,FALSE,20,elitize_generation_data,131,1,0.824,NA
133,18,checksum,lexicase,FALSE,20,elitize_generation_data,132,1,0.821,NA
134,18,checksum,lexicase,FALSE,20,elitize_generation_data,133,2,0.836,NA
135,18,checksum,lexicase,FALSE,20,elitize_generation_data,134,2,0.836,NA
136,18,checksum,lexicase,FALSE,20,elitize_generation_data,135,2,0.799,NA
137,18,checksum,lexicase,FALSE,20,elitize_generation_data,136,2,0.843,NA
138,18,checksum,lexicase,FALSE,20,elitize_generation_data,137,1,0.843,NA
139,18,checksum,lexicase,FALSE,20,elitize_generation_data,138,2,0.813,NA
140,18,checksum,lexicase,FALSE,20,elitize_generation_data,139,2,0.832,NA
141,18,checksum,lexicase,FALSE,20,elitize_generation_data,140,2,0.844,NA
142,18,checksum,lexicase,FALSE,20,elitize_generation_data,141,2,0.819,NA
143,18,checksum,lexicase,FALSE,20,elitize_generation_data,142,2,0.825,NA
144,18,checksum,lexicase,FALSE,20,elitize_generation_data,143,2,0.838,NA
145,18,checksum,lexicase,FALSE,20,elitize_generation_data,144,2,0.828,NA
146,18,checksum,lexicase,FALSE,20,elitize_generation_data,145,2,0.834,NA
147,18,checksum,lexicase,FALSE,20,elitize_generation_data,146,2,0.829,NA
148,18,checksum,lexicase,FALSE,20,elitize_generation_data,147,1,0.823,NA
149,18,checksum,lexicase,FALSE,20,elitize_generation_data,148,2,0.836,NA
150,18,checksum,lexicase,FALSE,20,elitize_generation_data,149,2,0.831,NA
151,18,checksum,lexicase,FALSE,20,elitize_generation_data,150,2,0.816,NA
152,18,checksum,lexicase,FALSE,20,elitize_generation_data,151,2,0.85,NA
153,18,checksum,lexicase,FALSE,20,elitize_generation_data,152,2,0.833,NA
154,18,checksum,lexicase,FALSE,20,elitize_generation_data,153,2,0.843,NA
155,18,checksum,lexicase,FALSE,20,elitize_generation_data,154,2,0.833,NA
156,18,checksum,lexicase,FALSE,20,elitize_generation_data,155,2,0.851,NA
157,18,checksum,lexicase,FALSE,20,elitize_generation_data,156,1,0.847,NA
158,18,checksum,lexicase,FALSE,20,elitize_generation_data,157,1,0.845,NA
159,18,checksum,lexicase,FALSE,20,elitize_generation_data,158,1,0.82,NA
160,18,checksum,lexicase,FALSE,20,elitize_generation_data,159,1,0.852,NA
161,18,checksum,lexicase,FALSE,20,elitize_generation_data,160,1,0.84,NA
162,18,checksum,lexicase,FALSE,20,elitize_generation_data,161,1,0.833,NA
163,18,checksum,lexicase,FALSE,20,elitize_generation_data,162,1,0.819,NA
164,18,checksum,lexicase,FALSE,20,elitize_generation_data,163,1,0.853,NA
165,18,checksum,lexicase,FALSE,20,elitize_generation_data,164,1,0.849,NA
166,18,checksum,lexicase,FALSE,20,elitize_generation_data,165,1,0.823,NA
167,18,checksum,lexicase,FALSE,20,elitize_generation_data,166,1,0.837,NA
168,18,checksum,lexicase,FALSE,20,elitize_generation_data,167,1,0.845,NA
169,18,checksum,lexicase,FALSE,20,elitize_generation_data,168,1,0.836,NA
170,18,checksum,lexicase,FALSE,20,elitize_generation_data,169,1,0.839,NA
171,18,checksum,lexicase,FALSE,20,elitize_generation_data,170,1,0.83,NA
172,18,checksum,lexicase,FALSE,20,elitize_generation_data,171,1,0.834,NA
173,18,checksum,lexicase,FALSE,20,elitize_generation_data,172,1,0.853,NA
174,18,checksum,lexicase,FALSE,20,elitize_generation_data,173,1,0.846,NA
175,18,checksum,lexicase,FALSE,20,elitize_generation_data,174,1,0.825,NA
176,18,checksum,lexicase,FALSE,20,elitize_generation_data,175,1,0.829,NA
177,18,checksum,lexicase,FALSE,20,elitize_generation_data,176,1,0.85,NA
178,18,checksum,lexicase,FALSE,20,elitize_generation_data,177,1,0.852,NA
179,18,checksum,lexicase,FALSE,20,elitize_generation_data,178,1,0.852,NA
180,18,checksum,lexicase,FALSE,20,elitize_generation_data,179,1,0.859,NA
181,18,checksum,lexicase,FALSE,20,elitize_generation_data,180,1,0.849,NA
182,18,checksum,lexicase,FALSE,20,elitize_generation_data,181,1,0.838,NA
183,18,checksum,lexicase,FALSE,20,elitize_generation_data,182,1,0.825,NA
184,18,checksum,lexicase,FALSE,20,elitize_generation_data,183,1,0.816,NA
185,18,checksum,lexicase,FALSE,20,elitize_generation_data,184,1,0.811,NA
186,18,checksum,lexicase,FALSE,20,elitize_generation_data,185,1,0.823,NA
187,18,checksum,lexicase,FALSE,20,elitize_generation_data,186,1,0.818,NA
188,18,checksum,lexicase,FALSE,20,elitize_generation_data,187,1,0.823,NA
189,18,checksum,lexicase,FALSE,20,elitize_generation_data,188,1,0.824,NA
190,18,checksum,lexicase,FALSE,20,elitize_generation_data,189,1,0.801,NA
191,18,checksum,lexicase,FALSE,20,elitize_generation_data,190,1,0.83,NA
192,18,checksum,lexicase,FALSE,20,elitize_generation_data,191,1,0.844,NA
193,18,checksum,lexicase,FALSE,20,elitize_generation_data,192,1,0.808,NA
194,18,checksum,lexicase,FALSE,20,elitize_generation_data,193,1,0.84,NA
195,18,checksum,lexicase,FALSE,20,elitize_generation_data,194,1,0.824,NA
196,18,checksum,lexicase,FALSE,20,elitize_generation_data,195,1,0.833,NA
197,18,checksum,lexicase,FALSE,20,elitize_generation_data,196,1,0.841,NA
198,18,checksum,lexicase,FALSE,20,elitize_generation_data,197,1,0.836,NA
199,18,checksum,lexicase,FALSE,20,elitize_generation_data,198,1,0.822,NA
200,18,checksum,lexicase,FALSE,20,elitize_generation_data,199,1,0.835,NA
201,18,checksum,lexicase,FALSE,20,elitize_generation_data,200,1,0.845,NA
202,18,checksum,lexicase,FALSE,20,elitize_generation_data,201,1,0.838,NA
203,18,checksum,lexicase,FALSE,20,elitize_generation_data,202,1,0.839,NA
204,18,checksum,lexicase,FALSE,20,elitize_generation_data,203,1,0.842,NA
205,18,checksum,lexicase,FALSE,20,elitize_generation_data,204,1,0.831,NA
206,18,checksum,lexicase,FALSE,20,elitize_generation_data,205,1,0.842,NA
207,18,checksum,lexicase,FALSE,20,elitize_generation_data,206,1,0.839,NA
208,18,checksum,lexicase,FALSE,20,elitize_generation_data,207,1,0.834,NA
209,18,checksum,lexicase,FALSE,20,elitize_generation_data,208,1,0.827,NA
210,18,checksum,lexicase,FALSE,20,elitize_generation_data,209,1,0.844,NA
211,18,checksum,lexicase,FALSE,20,elitize_generation_data,210,1,0.85,NA
212,18,checksum,lexicase,FALSE,20,elitize_generation_data,211,2,0.832,NA
213,18,checksum,lexicase,FALSE,20,elitize_generation_data,212,2,0.856,NA
214,18,checksum,lexicase,FALSE,20,elitize_generation_data,213,2,0.853,NA
215,18,checksum,lexicase,FALSE,20,elitize_generation_data,214,3,0.831,NA
216,18,checksum,lexicase,FALSE,20,elitize_generation_data,215,1,0.824,NA
217,18,checksum,lexicase,FALSE,20,elitize_generation_data,216,1,0.841,NA
218,18,checksum,lexicase,FALSE,20,elitize_generation_data,217,1,0.808,NA
219,18,checksum,lexicase,FALSE,20,elitize_generation_data,218,1,0.844,NA
220,18,checksum,lexicase,FALSE,20,elitize_generation_data,219,3,0.83,NA
221,18,checksum,lexicase,FALSE,20,elitize_generation_data,220,2,0.816,NA
222,18,checksum,lexicase,FALSE,20,elitize_generation_data,221,2,0.833,NA
223,18,checksum,lexicase,FALSE,20,elitize_generation_data,222,2,0.826,NA
224,18,checksum,lexicase,FALSE,20,elitize_generation_data,223,1,0.805,NA
225,18,checksum,lexicase,FALSE,20,elitize_generation_data,224,2,0.82,NA
226,18,checksum,lexicase,FALSE,20,elitize_generation_data,225,2,0.828,NA
227,18,checksum,lexicase,FALSE,20,elitize_generation_data,226,2,0.828,NA
228,18,checksum,lexicase,FALSE,20,elitize_generation_data,227,2,0.838,NA
229,18,checksum,lexicase,FALSE,20,elitize_generation_data,228,3,0.798,NA
230,18,checksum,lexicase,FALSE,20,elitize_generation_data,229,3,0.831,NA
231,18,checksum,lexicase,FALSE,20,elitize_generation_data,230,2,0.801,NA
232,18,checksum,lexicase,FALSE,20,elitize_generation_data,231,1,0.824,NA
233,18,checksum,lexicase,FALSE,20,elitize_generation_data,232,1,0.815,NA
234,18,checksum,lexicase,FALSE,20,elitize_generation_data,233,2,0.804,NA
235,18,checksum,lexicase,FALSE,20,elitize_generation_data,234,3,0.834,NA
236,18,checksum,lexicase,FALSE,20,elitize_generation_data,235,3,0.813,NA
237,18,checksum,lexicase,FALSE,20,elitize_generation_data,236,3,0.812,NA
238,18,checksum,lexicase,FALSE,20,elitize_generation_data,237,3,0.799,NA
239,18,checksum,lexicase,FALSE,20,elitize_generation_data,238,3,0.808,NA
240,18,checksum,lexicase,FALSE,20,elitize_generation_data,239,2,0.818,NA
241,18,checksum,lexicase,FALSE,20,elitize_generation_data,240,3,0.825,NA
242,18,checksum,lexicase,FALSE,20,elitize_generation_data,241,2,0.785,NA
243,18,checksum,lexicase,FALSE,20,elitize_generation_data,242,2,0.783,NA
244,18,checksum,lexicase,FALSE,20,elitize_generation_data,243,2,0.806,NA
245,18,checksum,lexicase,FALSE,20,elitize_generation_data,244,2,0.822,NA
246,18,checksum,lexicase,FALSE,20,elitize_generation_data,245,2,0.781,NA
247,18,checksum,lexicase,FALSE,20,elitize_generation_data,246,1,0.79,NA
248,18,checksum,lexicase,FALSE,20,elitize_generation_data,247,2,0.827,NA
249,18,checksum,lexicase,FALSE,20,elitize_generation_data,248,3,0.824,NA
250,18,checksum,lexicase,FALSE,20,elitize_generation_data,249,3,0.784,NA
251,18,checksum,lexicase,FALSE,20,elitize_generation_data,250,2,0.807,NA
252,18,checksum,lexicase,FALSE,20,elitize_generation_data,251,2,0.808,NA
253,18,checksum,lexicase,FALSE,20,elitize_generation_data,252,2,0.809,NA
254,18,checksum,lexicase,FALSE,20,elitize_generation_data,253,2,0.813,NA
255,18,checksum,lexicase,FALSE,20,elitize_generation_data,254,3,0.825,NA
256,18,checksum,lexicase,FALSE,20,elitize_generation_data,255,2,0.82,NA
257,18,checksum,lexicase,FALSE,20,elitize_generation_data,256,1,0.81,NA
258,18,checksum,lexicase,FALSE,20,elitize_generation_data,257,2,0.788,NA
259,18,checksum,lexicase,FALSE,20,elitize_generation_data,258,3,0.781,NA
260,18,checksum,lexicase,FALSE,20,elitize_generation_data,259,3,0.775,NA
261,18,checksum,lexicase,FALSE,20,elitize_generation_data,260,5,0.8,NA
262,18,checksum,lexicase,FALSE,20,elitize_generation_data,261,3,0.81,NA
263,18,checksum,lexicase,FALSE,20,elitize_generation_data,262,3,0.8,NA
264,18,checksum,lexicase,FALSE,20,elitize_generation_data,263,3,0.806,NA
265,18,checksum,lexicase,FALSE,20,elitize_generation_data,264,2,0.818,NA
266,18,checksum,lexicase,FALSE,20,elitize_generation_data,265,2,0.814,NA
267,18,checksum,lexicase,FALSE,20,elitize_generation_data,266,3,0.805,NA
268,18,checksum,lexicase,FALSE,20,elitize_generation_data,267,2,0.796,NA
269,18,checksum,lexicase,FALSE,20,elitize_generation_data,268,3,0.821,NA
270,18,checksum,lexicase,FALSE,20,elitize_generation_data,269,4,0.798,NA
271,18,checksum,lexicase,FALSE,20,elitize_generation_data,270,2,0.804,NA
272,18,checksum,lexicase,FALSE,20,elitize_generation_data,271,2,0.792,NA
273,18,checksum,lexicase,FALSE,20,elitize_generation_data,272,2,0.822,NA
274,18,checksum,lexicase,FALSE,20,elitize_generation_data,273,2,0.831,NA
275,18,checksum,lexicase,FALSE,20,elitize_generation_data,274,3,0.803,NA
276,18,checksum,lexicase,FALSE,20,elitize_generation_data,275,4,0.794,NA
277,18,checksum,lexicase,FALSE,20,elitize_generation_data,276,2,0.783,NA
278,18,checksum,lexicase,FALSE,20,elitize_generation_data,277,2,0.785,NA
279,18,checksum,lexicase,FALSE,20,elitize_generation_data,278,1,0.814,NA
280,18,checksum,lexicase,FALSE,20,elitize_generation_data,279,1,0.806,NA
281,18,checksum,lexicase,FALSE,20,elitize_generation_data,280,2,0.784,NA
282,18,checksum,lexicase,FALSE,20,elitize_generation_data,281,1,0.779,NA
283,18,checksum,lexicase,FALSE,20,elitize_generation_data,282,1,0.779,NA
284,18,checksum,lexicase,FALSE,20,elitize_generation_data,283,3,0.801,NA
285,18,checksum,lexicase,FALSE,20,elitize_generation_data,284,2,0.779,NA
286,18,checksum,lexicase,FALSE,20,elitize_generation_data,285,3,0.781,NA
287,18,checksum,lexicase,FALSE,20,elitize_generation_data,286,2,0.77,NA
288,18,checksum,lexicase,FALSE,20,elitize_generation_data,287,3,0.793,NA
289,18,checksum,lexicase,FALSE,20,elitize_generation_data,288,3,0.813,NA
290,18,checksum,lexicase,FALSE,20,elitize_generation_data,289,2,0.806,NA
291,18,checksum,lexicase,FALSE,20,elitize_generation_data,290,3,0.819,NA
292,18,checksum,lexicase,FALSE,20,elitize_generation_data,291,3,0.781,NA
293,18,checksum,lexicase,FALSE,20,elitize_generation_data,292,2,0.798,NA
294,18,checksum,lexicase,FALSE,20,elitize_generation_data,293,3,0.783,NA
295,18,checksum,lexicase,FALSE,20,elitize_generation_data,294,2,0.815,NA
296,18,checksum,lexicase,FALSE,20,elitize_generation_data,295,2,0.802,NA
297,18,checksum,lexicase,FALSE,20,elitize_generation_data,296,3,0.825,NA
298,18,checksum,lexicase,FALSE,20,elitize_generation_data,297,2,0.814,NA
299,18,checksum,lexicase,FALSE,20,elitize_generation_data,298,3,0.819,NA
300,18,checksum,lexicase,FALSE,20,elitize_generation_data,299,3,0.793,NA
301,18,checksum,lexicase,FALSE,20,elitize_generation_data,300,5,0.795,NA
