,run.num,problem,treatment,succeeded,height,normalization.function,generation,cluster.count,error.diversity,success.generation
1,13,checksum,lexicase,FALSE,20,elitize_generation_data,0,2,0.317,NA
2,13,checksum,lexicase,FALSE,20,elitize_generation_data,1,2,0.239,NA
3,13,checksum,lexicase,FALSE,20,elitize_generation_data,2,3,0.344,NA
4,13,checksum,lexicase,FALSE,20,elitize_generation_data,3,4,0.376,NA
5,13,checksum,lexicase,FALSE,20,elitize_generation_data,4,4,0.425,NA
6,13,checksum,lexicase,FALSE,20,elitize_generation_data,5,5,0.486,NA
7,13,checksum,lexicase,FALSE,20,elitize_generation_data,6,7,0.514,NA
8,13,checksum,lexicase,FALSE,20,elitize_generation_data,7,10,0.553,NA
9,13,checksum,lexicase,FALSE,20,elitize_generation_data,8,9,0.598,NA
10,13,checksum,lexicase,FALSE,20,elitize_generation_data,9,7,0.601,NA
11,13,checksum,lexicase,FALSE,20,elitize_generation_data,10,9,0.587,NA
12,13,checksum,lexicase,FALSE,20,elitize_generation_data,11,9,0.56,NA
13,13,checksum,lexicase,FALSE,20,elitize_generation_data,12,10,0.619,NA
14,13,checksum,lexicase,FALSE,20,elitize_generation_data,13,7,0.649,NA
15,13,checksum,lexicase,FALSE,20,elitize_generation_data,14,3,0.636,NA
16,13,checksum,lexicase,FALSE,20,elitize_generation_data,15,3,0.634,NA
17,13,checksum,lexicase,FALSE,20,elitize_generation_data,16,4,0.673,NA
18,13,checksum,lexicase,FALSE,20,elitize_generation_data,17,2,0.639,NA
19,13,checksum,lexicase,FALSE,20,elitize_generation_data,18,2,0.651,NA
20,13,checksum,lexicase,FALSE,20,elitize_generation_data,19,2,0.66,NA
21,13,checksum,lexicase,FALSE,20,elitize_generation_data,20,2,0.674,NA
22,13,checksum,lexicase,FALSE,20,elitize_generation_data,21,2,0.68,NA
23,13,checksum,lexicase,FALSE,20,elitize_generation_data,22,1,0.692,NA
24,13,checksum,lexicase,FALSE,20,elitize_generation_data,23,2,0.7,NA
25,13,checksum,lexicase,FALSE,20,elitize_generation_data,24,1,0.701,NA
26,13,checksum,lexicase,FALSE,20,elitize_generation_data,25,1,0.722,NA
27,13,checksum,lexicase,FALSE,20,elitize_generation_data,26,1,0.708,NA
28,13,checksum,lexicase,FALSE,20,elitize_generation_data,27,1,0.712,NA
29,13,checksum,lexicase,FALSE,20,elitize_generation_data,28,1,0.721,NA
30,13,checksum,lexicase,FALSE,20,elitize_generation_data,29,1,0.739,NA
31,13,checksum,lexicase,FALSE,20,elitize_generation_data,30,1,0.691,NA
32,13,checksum,lexicase,FALSE,20,elitize_generation_data,31,1,0.697,NA
33,13,checksum,lexicase,FALSE,20,elitize_generation_data,32,1,0.714,NA
34,13,checksum,lexicase,FALSE,20,elitize_generation_data,33,1,0.71,NA
35,13,checksum,lexicase,FALSE,20,elitize_generation_data,34,1,0.722,NA
36,13,checksum,lexicase,FALSE,20,elitize_generation_data,35,1,0.726,NA
37,13,checksum,lexicase,FALSE,20,elitize_generation_data,36,1,0.716,NA
38,13,checksum,lexicase,FALSE,20,elitize_generation_data,37,1,0.726,NA
39,13,checksum,lexicase,FALSE,20,elitize_generation_data,38,1,0.714,NA
40,13,checksum,lexicase,FALSE,20,elitize_generation_data,39,1,0.722,NA
41,13,checksum,lexicase,FALSE,20,elitize_generation_data,40,1,0.736,NA
42,13,checksum,lexicase,FALSE,20,elitize_generation_data,41,1,0.723,NA
43,13,checksum,lexicase,FALSE,20,elitize_generation_data,42,1,0.746,NA
44,13,checksum,lexicase,FALSE,20,elitize_generation_data,43,1,0.723,NA
45,13,checksum,lexicase,FALSE,20,elitize_generation_data,44,1,0.74,NA
46,13,checksum,lexicase,FALSE,20,elitize_generation_data,45,1,0.746,NA
47,13,checksum,lexicase,FALSE,20,elitize_generation_data,46,1,0.759,NA
48,13,checksum,lexicase,FALSE,20,elitize_generation_data,47,1,0.771,NA
49,13,checksum,lexicase,FALSE,20,elitize_generation_data,48,1,0.742,NA
50,13,checksum,lexicase,FALSE,20,elitize_generation_data,49,1,0.739,NA
51,13,checksum,lexicase,FALSE,20,elitize_generation_data,50,1,0.729,NA
52,13,checksum,lexicase,FALSE,20,elitize_generation_data,51,1,0.73,NA
53,13,checksum,lexicase,FALSE,20,elitize_generation_data,52,1,0.744,NA
54,13,checksum,lexicase,FALSE,20,elitize_generation_data,53,1,0.741,NA
55,13,checksum,lexicase,FALSE,20,elitize_generation_data,54,1,0.774,NA
56,13,checksum,lexicase,FALSE,20,elitize_generation_data,55,1,0.747,NA
57,13,checksum,lexicase,FALSE,20,elitize_generation_data,56,1,0.775,NA
58,13,checksum,lexicase,FALSE,20,elitize_generation_data,57,1,0.789,NA
59,13,checksum,lexicase,FALSE,20,elitize_generation_data,58,1,0.793,NA
60,13,checksum,lexicase,FALSE,20,elitize_generation_data,59,1,0.793,NA
61,13,checksum,lexicase,FALSE,20,elitize_generation_data,60,2,0.783,NA
62,13,checksum,lexicase,FALSE,20,elitize_generation_data,61,1,0.763,NA
63,13,checksum,lexicase,FALSE,20,elitize_generation_data,62,2,0.775,NA
64,13,checksum,lexicase,FALSE,20,elitize_generation_data,63,2,0.758,NA
65,13,checksum,lexicase,FALSE,20,elitize_generation_data,64,2,0.797,NA
66,13,checksum,lexicase,FALSE,20,elitize_generation_data,65,1,0.782,NA
67,13,checksum,lexicase,FALSE,20,elitize_generation_data,66,1,0.777,NA
68,13,checksum,lexicase,FALSE,20,elitize_generation_data,67,1,0.794,NA
69,13,checksum,lexicase,FALSE,20,elitize_generation_data,68,1,0.787,NA
70,13,checksum,lexicase,FALSE,20,elitize_generation_data,69,1,0.793,NA
71,13,checksum,lexicase,FALSE,20,elitize_generation_data,70,1,0.765,NA
72,13,checksum,lexicase,FALSE,20,elitize_generation_data,71,1,0.804,NA
73,13,checksum,lexicase,FALSE,20,elitize_generation_data,72,1,0.8,NA
74,13,checksum,lexicase,FALSE,20,elitize_generation_data,73,1,0.791,NA
75,13,checksum,lexicase,FALSE,20,elitize_generation_data,74,1,0.782,NA
76,13,checksum,lexicase,FALSE,20,elitize_generation_data,75,1,0.765,NA
77,13,checksum,lexicase,FALSE,20,elitize_generation_data,76,1,0.781,NA
78,13,checksum,lexicase,FALSE,20,elitize_generation_data,77,1,0.733,NA
79,13,checksum,lexicase,FALSE,20,elitize_generation_data,78,2,0.772,NA
80,13,checksum,lexicase,FALSE,20,elitize_generation_data,79,2,0.758,NA
81,13,checksum,lexicase,FALSE,20,elitize_generation_data,80,2,0.773,NA
82,13,checksum,lexicase,FALSE,20,elitize_generation_data,81,3,0.76,NA
83,13,checksum,lexicase,FALSE,20,elitize_generation_data,82,2,0.786,NA
84,13,checksum,lexicase,FALSE,20,elitize_generation_data,83,2,0.792,NA
85,13,checksum,lexicase,FALSE,20,elitize_generation_data,84,2,0.788,NA
86,13,checksum,lexicase,FALSE,20,elitize_generation_data,85,2,0.784,NA
87,13,checksum,lexicase,FALSE,20,elitize_generation_data,86,1,0.801,NA
88,13,checksum,lexicase,FALSE,20,elitize_generation_data,87,2,0.784,NA
89,13,checksum,lexicase,FALSE,20,elitize_generation_data,88,1,0.78,NA
90,13,checksum,lexicase,FALSE,20,elitize_generation_data,89,3,0.801,NA
91,13,checksum,lexicase,FALSE,20,elitize_generation_data,90,2,0.775,NA
92,13,checksum,lexicase,FALSE,20,elitize_generation_data,91,2,0.783,NA
93,13,checksum,lexicase,FALSE,20,elitize_generation_data,92,2,0.781,NA
94,13,checksum,lexicase,FALSE,20,elitize_generation_data,93,2,0.806,NA
95,13,checksum,lexicase,FALSE,20,elitize_generation_data,94,3,0.807,NA
96,13,checksum,lexicase,FALSE,20,elitize_generation_data,95,2,0.82,NA
97,13,checksum,lexicase,FALSE,20,elitize_generation_data,96,2,0.805,NA
98,13,checksum,lexicase,FALSE,20,elitize_generation_data,97,2,0.82,NA
99,13,checksum,lexicase,FALSE,20,elitize_generation_data,98,2,0.81,NA
100,13,checksum,lexicase,FALSE,20,elitize_generation_data,99,1,0.802,NA
101,13,checksum,lexicase,FALSE,20,elitize_generation_data,100,1,0.783,NA
102,13,checksum,lexicase,FALSE,20,elitize_generation_data,101,1,0.815,NA
103,13,checksum,lexicase,FALSE,20,elitize_generation_data,102,1,0.808,NA
104,13,checksum,lexicase,FALSE,20,elitize_generation_data,103,1,0.813,NA
105,13,checksum,lexicase,FALSE,20,elitize_generation_data,104,1,0.796,NA
106,13,checksum,lexicase,FALSE,20,elitize_generation_data,105,2,0.806,NA
107,13,checksum,lexicase,FALSE,20,elitize_generation_data,106,2,0.781,NA
108,13,checksum,lexicase,FALSE,20,elitize_generation_data,107,2,0.786,NA
109,13,checksum,lexicase,FALSE,20,elitize_generation_data,108,1,0.788,NA
110,13,checksum,lexicase,FALSE,20,elitize_generation_data,109,2,0.808,NA
111,13,checksum,lexicase,FALSE,20,elitize_generation_data,110,1,0.826,NA
112,13,checksum,lexicase,FALSE,20,elitize_generation_data,111,2,0.796,NA
113,13,checksum,lexicase,FALSE,20,elitize_generation_data,112,2,0.795,NA
114,13,checksum,lexicase,FALSE,20,elitize_generation_data,113,1,0.819,NA
115,13,checksum,lexicase,FALSE,20,elitize_generation_data,114,1,0.789,NA
116,13,checksum,lexicase,FALSE,20,elitize_generation_data,115,2,0.808,NA
117,13,checksum,lexicase,FALSE,20,elitize_generation_data,116,1,0.798,NA
118,13,checksum,lexicase,FALSE,20,elitize_generation_data,117,1,0.802,NA
119,13,checksum,lexicase,FALSE,20,elitize_generation_data,118,1,0.813,NA
120,13,checksum,lexicase,FALSE,20,elitize_generation_data,119,1,0.774,NA
121,13,checksum,lexicase,FALSE,20,elitize_generation_data,120,2,0.785,NA
122,13,checksum,lexicase,FALSE,20,elitize_generation_data,121,1,0.816,NA
123,13,checksum,lexicase,FALSE,20,elitize_generation_data,122,1,0.797,NA
124,13,checksum,lexicase,FALSE,20,elitize_generation_data,123,1,0.788,NA
125,13,checksum,lexicase,FALSE,20,elitize_generation_data,124,2,0.801,NA
126,13,checksum,lexicase,FALSE,20,elitize_generation_data,125,1,0.796,NA
127,13,checksum,lexicase,FALSE,20,elitize_generation_data,126,2,0.779,NA
128,13,checksum,lexicase,FALSE,20,elitize_generation_data,127,1,0.769,NA
129,13,checksum,lexicase,FALSE,20,elitize_generation_data,128,1,0.784,NA
130,13,checksum,lexicase,FALSE,20,elitize_generation_data,129,2,0.791,NA
131,13,checksum,lexicase,FALSE,20,elitize_generation_data,130,1,0.779,NA
132,13,checksum,lexicase,FALSE,20,elitize_generation_data,131,2,0.806,NA
133,13,checksum,lexicase,FALSE,20,elitize_generation_data,132,2,0.797,NA
134,13,checksum,lexicase,FALSE,20,elitize_generation_data,133,2,0.787,NA
135,13,checksum,lexicase,FALSE,20,elitize_generation_data,134,1,0.78,NA
136,13,checksum,lexicase,FALSE,20,elitize_generation_data,135,1,0.768,NA
137,13,checksum,lexicase,FALSE,20,elitize_generation_data,136,1,0.774,NA
138,13,checksum,lexicase,FALSE,20,elitize_generation_data,137,1,0.787,NA
139,13,checksum,lexicase,FALSE,20,elitize_generation_data,138,1,0.767,NA
140,13,checksum,lexicase,FALSE,20,elitize_generation_data,139,1,0.781,NA
141,13,checksum,lexicase,FALSE,20,elitize_generation_data,140,1,0.757,NA
142,13,checksum,lexicase,FALSE,20,elitize_generation_data,141,1,0.771,NA
143,13,checksum,lexicase,FALSE,20,elitize_generation_data,142,1,0.754,NA
144,13,checksum,lexicase,FALSE,20,elitize_generation_data,143,1,0.761,NA
145,13,checksum,lexicase,FALSE,20,elitize_generation_data,144,1,0.759,NA
146,13,checksum,lexicase,FALSE,20,elitize_generation_data,145,1,0.757,NA
147,13,checksum,lexicase,FALSE,20,elitize_generation_data,146,2,0.769,NA
148,13,checksum,lexicase,FALSE,20,elitize_generation_data,147,1,0.754,NA
149,13,checksum,lexicase,FALSE,20,elitize_generation_data,148,2,0.751,NA
150,13,checksum,lexicase,FALSE,20,elitize_generation_data,149,2,0.769,NA
151,13,checksum,lexicase,FALSE,20,elitize_generation_data,150,2,0.767,NA
152,13,checksum,lexicase,FALSE,20,elitize_generation_data,151,1,0.772,NA
153,13,checksum,lexicase,FALSE,20,elitize_generation_data,152,1,0.759,NA
154,13,checksum,lexicase,FALSE,20,elitize_generation_data,153,2,0.766,NA
155,13,checksum,lexicase,FALSE,20,elitize_generation_data,154,2,0.784,NA
156,13,checksum,lexicase,FALSE,20,elitize_generation_data,155,2,0.768,NA
157,13,checksum,lexicase,FALSE,20,elitize_generation_data,156,2,0.776,NA
158,13,checksum,lexicase,FALSE,20,elitize_generation_data,157,2,0.778,NA
159,13,checksum,lexicase,FALSE,20,elitize_generation_data,158,2,0.77,NA
160,13,checksum,lexicase,FALSE,20,elitize_generation_data,159,2,0.747,NA
161,13,checksum,lexicase,FALSE,20,elitize_generation_data,160,1,0.734,NA
162,13,checksum,lexicase,FALSE,20,elitize_generation_data,161,1,0.756,NA
163,13,checksum,lexicase,FALSE,20,elitize_generation_data,162,1,0.723,NA
164,13,checksum,lexicase,FALSE,20,elitize_generation_data,163,1,0.759,NA
165,13,checksum,lexicase,FALSE,20,elitize_generation_data,164,1,0.759,NA
166,13,checksum,lexicase,FALSE,20,elitize_generation_data,165,1,0.751,NA
167,13,checksum,lexicase,FALSE,20,elitize_generation_data,166,1,0.742,NA
168,13,checksum,lexicase,FALSE,20,elitize_generation_data,167,1,0.715,NA
169,13,checksum,lexicase,FALSE,20,elitize_generation_data,168,1,0.732,NA
170,13,checksum,lexicase,FALSE,20,elitize_generation_data,169,2,0.733,NA
171,13,checksum,lexicase,FALSE,20,elitize_generation_data,170,2,0.736,NA
172,13,checksum,lexicase,FALSE,20,elitize_generation_data,171,2,0.729,NA
173,13,checksum,lexicase,FALSE,20,elitize_generation_data,172,2,0.752,NA
174,13,checksum,lexicase,FALSE,20,elitize_generation_data,173,2,0.73,NA
175,13,checksum,lexicase,FALSE,20,elitize_generation_data,174,1,0.72,NA
176,13,checksum,lexicase,FALSE,20,elitize_generation_data,175,2,0.735,NA
177,13,checksum,lexicase,FALSE,20,elitize_generation_data,176,2,0.755,NA
178,13,checksum,lexicase,FALSE,20,elitize_generation_data,177,1,0.743,NA
179,13,checksum,lexicase,FALSE,20,elitize_generation_data,178,1,0.752,NA
180,13,checksum,lexicase,FALSE,20,elitize_generation_data,179,2,0.757,NA
181,13,checksum,lexicase,FALSE,20,elitize_generation_data,180,2,0.737,NA
182,13,checksum,lexicase,FALSE,20,elitize_generation_data,181,1,0.759,NA
183,13,checksum,lexicase,FALSE,20,elitize_generation_data,182,3,0.747,NA
184,13,checksum,lexicase,FALSE,20,elitize_generation_data,183,3,0.764,NA
185,13,checksum,lexicase,FALSE,20,elitize_generation_data,184,2,0.75,NA
186,13,checksum,lexicase,FALSE,20,elitize_generation_data,185,3,0.773,NA
187,13,checksum,lexicase,FALSE,20,elitize_generation_data,186,3,0.773,NA
188,13,checksum,lexicase,FALSE,20,elitize_generation_data,187,3,0.749,NA
189,13,checksum,lexicase,FALSE,20,elitize_generation_data,188,2,0.775,NA
190,13,checksum,lexicase,FALSE,20,elitize_generation_data,189,3,0.744,NA
191,13,checksum,lexicase,FALSE,20,elitize_generation_data,190,2,0.746,NA
192,13,checksum,lexicase,FALSE,20,elitize_generation_data,191,2,0.742,NA
193,13,checksum,lexicase,FALSE,20,elitize_generation_data,192,2,0.759,NA
194,13,checksum,lexicase,FALSE,20,elitize_generation_data,193,2,0.746,NA
195,13,checksum,lexicase,FALSE,20,elitize_generation_data,194,3,0.753,NA
196,13,checksum,lexicase,FALSE,20,elitize_generation_data,195,2,0.761,NA
197,13,checksum,lexicase,FALSE,20,elitize_generation_data,196,3,0.767,NA
198,13,checksum,lexicase,FALSE,20,elitize_generation_data,197,1,0.746,NA
199,13,checksum,lexicase,FALSE,20,elitize_generation_data,198,1,0.755,NA
200,13,checksum,lexicase,FALSE,20,elitize_generation_data,199,4,0.746,NA
201,13,checksum,lexicase,FALSE,20,elitize_generation_data,200,3,0.74,NA
202,13,checksum,lexicase,FALSE,20,elitize_generation_data,201,5,0.726,NA
203,13,checksum,lexicase,FALSE,20,elitize_generation_data,202,3,0.75,NA
204,13,checksum,lexicase,FALSE,20,elitize_generation_data,203,3,0.779,NA
205,13,checksum,lexicase,FALSE,20,elitize_generation_data,204,6,0.764,NA
206,13,checksum,lexicase,FALSE,20,elitize_generation_data,205,2,0.765,NA
207,13,checksum,lexicase,FALSE,20,elitize_generation_data,206,3,0.771,NA
208,13,checksum,lexicase,FALSE,20,elitize_generation_data,207,1,0.762,NA
209,13,checksum,lexicase,FALSE,20,elitize_generation_data,208,2,0.73,NA
210,13,checksum,lexicase,FALSE,20,elitize_generation_data,209,2,0.735,NA
211,13,checksum,lexicase,FALSE,20,elitize_generation_data,210,1,0.754,NA
212,13,checksum,lexicase,FALSE,20,elitize_generation_data,211,2,0.771,NA
213,13,checksum,lexicase,FALSE,20,elitize_generation_data,212,2,0.743,NA
214,13,checksum,lexicase,FALSE,20,elitize_generation_data,213,2,0.76,NA
215,13,checksum,lexicase,FALSE,20,elitize_generation_data,214,3,0.782,NA
216,13,checksum,lexicase,FALSE,20,elitize_generation_data,215,2,0.767,NA
217,13,checksum,lexicase,FALSE,20,elitize_generation_data,216,2,0.77,NA
218,13,checksum,lexicase,FALSE,20,elitize_generation_data,217,3,0.731,NA
219,13,checksum,lexicase,FALSE,20,elitize_generation_data,218,1,0.768,NA
220,13,checksum,lexicase,FALSE,20,elitize_generation_data,219,2,0.778,NA
221,13,checksum,lexicase,FALSE,20,elitize_generation_data,220,1,0.763,NA
222,13,checksum,lexicase,FALSE,20,elitize_generation_data,221,2,0.746,NA
223,13,checksum,lexicase,FALSE,20,elitize_generation_data,222,2,0.773,NA
224,13,checksum,lexicase,FALSE,20,elitize_generation_data,223,1,0.742,NA
225,13,checksum,lexicase,FALSE,20,elitize_generation_data,224,3,0.754,NA
226,13,checksum,lexicase,FALSE,20,elitize_generation_data,225,1,0.751,NA
227,13,checksum,lexicase,FALSE,20,elitize_generation_data,226,3,0.745,NA
228,13,checksum,lexicase,FALSE,20,elitize_generation_data,227,2,0.747,NA
229,13,checksum,lexicase,FALSE,20,elitize_generation_data,228,2,0.736,NA
230,13,checksum,lexicase,FALSE,20,elitize_generation_data,229,1,0.75,NA
231,13,checksum,lexicase,FALSE,20,elitize_generation_data,230,2,0.738,NA
232,13,checksum,lexicase,FALSE,20,elitize_generation_data,231,3,0.744,NA
233,13,checksum,lexicase,FALSE,20,elitize_generation_data,232,2,0.747,NA
234,13,checksum,lexicase,FALSE,20,elitize_generation_data,233,2,0.725,NA
235,13,checksum,lexicase,FALSE,20,elitize_generation_data,234,3,0.749,NA
236,13,checksum,lexicase,FALSE,20,elitize_generation_data,235,5,0.738,NA
237,13,checksum,lexicase,FALSE,20,elitize_generation_data,236,2,0.747,NA
238,13,checksum,lexicase,FALSE,20,elitize_generation_data,237,3,0.721,NA
239,13,checksum,lexicase,FALSE,20,elitize_generation_data,238,1,0.756,NA
240,13,checksum,lexicase,FALSE,20,elitize_generation_data,239,3,0.732,NA
241,13,checksum,lexicase,FALSE,20,elitize_generation_data,240,3,0.763,NA
242,13,checksum,lexicase,FALSE,20,elitize_generation_data,241,2,0.777,NA
243,13,checksum,lexicase,FALSE,20,elitize_generation_data,242,1,0.748,NA
244,13,checksum,lexicase,FALSE,20,elitize_generation_data,243,4,0.747,NA
245,13,checksum,lexicase,FALSE,20,elitize_generation_data,244,3,0.735,NA
246,13,checksum,lexicase,FALSE,20,elitize_generation_data,245,1,0.748,NA
247,13,checksum,lexicase,FALSE,20,elitize_generation_data,246,2,0.735,NA
248,13,checksum,lexicase,FALSE,20,elitize_generation_data,247,2,0.789,NA
249,13,checksum,lexicase,FALSE,20,elitize_generation_data,248,1,0.745,NA
250,13,checksum,lexicase,FALSE,20,elitize_generation_data,249,2,0.756,NA
251,13,checksum,lexicase,FALSE,20,elitize_generation_data,250,1,0.735,NA
252,13,checksum,lexicase,FALSE,20,elitize_generation_data,251,2,0.776,NA
253,13,checksum,lexicase,FALSE,20,elitize_generation_data,252,1,0.779,NA
254,13,checksum,lexicase,FALSE,20,elitize_generation_data,253,2,0.767,NA
255,13,checksum,lexicase,FALSE,20,elitize_generation_data,254,1,0.774,NA
256,13,checksum,lexicase,FALSE,20,elitize_generation_data,255,2,0.771,NA
257,13,checksum,lexicase,FALSE,20,elitize_generation_data,256,1,0.766,NA
258,13,checksum,lexicase,FALSE,20,elitize_generation_data,257,2,0.75,NA
259,13,checksum,lexicase,FALSE,20,elitize_generation_data,258,2,0.753,NA
260,13,checksum,lexicase,FALSE,20,elitize_generation_data,259,1,0.758,NA
261,13,checksum,lexicase,FALSE,20,elitize_generation_data,260,2,0.757,NA
262,13,checksum,lexicase,FALSE,20,elitize_generation_data,261,2,0.737,NA
263,13,checksum,lexicase,FALSE,20,elitize_generation_data,262,2,0.783,NA
264,13,checksum,lexicase,FALSE,20,elitize_generation_data,263,3,0.785,NA
265,13,checksum,lexicase,FALSE,20,elitize_generation_data,264,1,0.771,NA
266,13,checksum,lexicase,FALSE,20,elitize_generation_data,265,1,0.776,NA
267,13,checksum,lexicase,FALSE,20,elitize_generation_data,266,2,0.769,NA
268,13,checksum,lexicase,FALSE,20,elitize_generation_data,267,1,0.77,NA
269,13,checksum,lexicase,FALSE,20,elitize_generation_data,268,1,0.748,NA
270,13,checksum,lexicase,FALSE,20,elitize_generation_data,269,2,0.753,NA
271,13,checksum,lexicase,FALSE,20,elitize_generation_data,270,4,0.74,NA
272,13,checksum,lexicase,FALSE,20,elitize_generation_data,271,4,0.755,NA
273,13,checksum,lexicase,FALSE,20,elitize_generation_data,272,3,0.77,NA
274,13,checksum,lexicase,FALSE,20,elitize_generation_data,273,4,0.781,NA
275,13,checksum,lexicase,FALSE,20,elitize_generation_data,274,5,0.755,NA
276,13,checksum,lexicase,FALSE,20,elitize_generation_data,275,3,0.776,NA
277,13,checksum,lexicase,FALSE,20,elitize_generation_data,276,5,0.751,NA
278,13,checksum,lexicase,FALSE,20,elitize_generation_data,277,5,0.767,NA
279,13,checksum,lexicase,FALSE,20,elitize_generation_data,278,3,0.77,NA
280,13,checksum,lexicase,FALSE,20,elitize_generation_data,279,4,0.782,NA
281,13,checksum,lexicase,FALSE,20,elitize_generation_data,280,1,0.807,NA
282,13,checksum,lexicase,FALSE,20,elitize_generation_data,281,3,0.799,NA
283,13,checksum,lexicase,FALSE,20,elitize_generation_data,282,3,0.785,NA
284,13,checksum,lexicase,FALSE,20,elitize_generation_data,283,3,0.815,NA
285,13,checksum,lexicase,FALSE,20,elitize_generation_data,284,5,0.797,NA
286,13,checksum,lexicase,FALSE,20,elitize_generation_data,285,4,0.8,NA
287,13,checksum,lexicase,FALSE,20,elitize_generation_data,286,4,0.8,NA
288,13,checksum,lexicase,FALSE,20,elitize_generation_data,287,5,0.796,NA
289,13,checksum,lexicase,FALSE,20,elitize_generation_data,288,1,0.784,NA
290,13,checksum,lexicase,FALSE,20,elitize_generation_data,289,3,0.816,NA
291,13,checksum,lexicase,FALSE,20,elitize_generation_data,290,3,0.81,NA
292,13,checksum,lexicase,FALSE,20,elitize_generation_data,291,3,0.802,NA
293,13,checksum,lexicase,FALSE,20,elitize_generation_data,292,3,0.794,NA
294,13,checksum,lexicase,FALSE,20,elitize_generation_data,293,3,0.797,NA
295,13,checksum,lexicase,FALSE,20,elitize_generation_data,294,2,0.813,NA
296,13,checksum,lexicase,FALSE,20,elitize_generation_data,295,2,0.831,NA
297,13,checksum,lexicase,FALSE,20,elitize_generation_data,296,4,0.795,NA
298,13,checksum,lexicase,FALSE,20,elitize_generation_data,297,2,0.806,NA
299,13,checksum,lexicase,FALSE,20,elitize_generation_data,298,2,0.774,NA
300,13,checksum,lexicase,FALSE,20,elitize_generation_data,299,2,0.809,NA
301,13,checksum,lexicase,FALSE,20,elitize_generation_data,300,2,0.801,NA
