,run.num,problem,treatment,succeeded,height,normalization.function,generation,cluster.count,error.diversity,success.generation
1,83,checksum,lexicase,FALSE,20,elitize_generation_data,0,2,0.288,NA
2,83,checksum,lexicase,FALSE,20,elitize_generation_data,1,3,0.182,NA
3,83,checksum,lexicase,FALSE,20,elitize_generation_data,2,15,0.322,NA
4,83,checksum,lexicase,FALSE,20,elitize_generation_data,3,37,0.465,NA
5,83,checksum,lexicase,FALSE,20,elitize_generation_data,4,43,0.556,NA
6,83,checksum,lexicase,FALSE,20,elitize_generation_data,5,45,0.592,NA
7,83,checksum,lexicase,FALSE,20,elitize_generation_data,6,44,0.598,NA
8,83,checksum,lexicase,FALSE,20,elitize_generation_data,7,52,0.601,NA
9,83,checksum,lexicase,FALSE,20,elitize_generation_data,8,50,0.619,NA
10,83,checksum,lexicase,FALSE,20,elitize_generation_data,9,56,0.644,NA
11,83,checksum,lexicase,FALSE,20,elitize_generation_data,10,50,0.596,NA
12,83,checksum,lexicase,FALSE,20,elitize_generation_data,11,49,0.585,NA
13,83,checksum,lexicase,FALSE,20,elitize_generation_data,12,50,0.586,NA
14,83,checksum,lexicase,FALSE,20,elitize_generation_data,13,42,0.618,NA
15,83,checksum,lexicase,FALSE,20,elitize_generation_data,14,43,0.66,NA
16,83,checksum,lexicase,FALSE,20,elitize_generation_data,15,38,0.686,NA
17,83,checksum,lexicase,FALSE,20,elitize_generation_data,16,19,0.714,NA
18,83,checksum,lexicase,FALSE,20,elitize_generation_data,17,12,0.675,NA
19,83,checksum,lexicase,FALSE,20,elitize_generation_data,18,7,0.681,NA
20,83,checksum,lexicase,FALSE,20,elitize_generation_data,19,3,0.688,NA
21,83,checksum,lexicase,FALSE,20,elitize_generation_data,20,2,0.708,NA
22,83,checksum,lexicase,FALSE,20,elitize_generation_data,21,2,0.702,NA
23,83,checksum,lexicase,FALSE,20,elitize_generation_data,22,1,0.684,NA
24,83,checksum,lexicase,FALSE,20,elitize_generation_data,23,1,0.696,NA
25,83,checksum,lexicase,FALSE,20,elitize_generation_data,24,1,0.708,NA
26,83,checksum,lexicase,FALSE,20,elitize_generation_data,25,1,0.715,NA
27,83,checksum,lexicase,FALSE,20,elitize_generation_data,26,1,0.751,NA
28,83,checksum,lexicase,FALSE,20,elitize_generation_data,27,1,0.743,NA
29,83,checksum,lexicase,FALSE,20,elitize_generation_data,28,1,0.752,NA
30,83,checksum,lexicase,FALSE,20,elitize_generation_data,29,1,0.773,NA
31,83,checksum,lexicase,FALSE,20,elitize_generation_data,30,1,0.784,NA
32,83,checksum,lexicase,FALSE,20,elitize_generation_data,31,1,0.807,NA
33,83,checksum,lexicase,FALSE,20,elitize_generation_data,32,1,0.794,NA
34,83,checksum,lexicase,FALSE,20,elitize_generation_data,33,1,0.79,NA
35,83,checksum,lexicase,FALSE,20,elitize_generation_data,34,1,0.802,NA
36,83,checksum,lexicase,FALSE,20,elitize_generation_data,35,1,0.789,NA
37,83,checksum,lexicase,FALSE,20,elitize_generation_data,36,1,0.782,NA
38,83,checksum,lexicase,FALSE,20,elitize_generation_data,37,1,0.803,NA
39,83,checksum,lexicase,FALSE,20,elitize_generation_data,38,1,0.792,NA
40,83,checksum,lexicase,FALSE,20,elitize_generation_data,39,1,0.807,NA
41,83,checksum,lexicase,FALSE,20,elitize_generation_data,40,1,0.789,NA
42,83,checksum,lexicase,FALSE,20,elitize_generation_data,41,1,0.819,NA
43,83,checksum,lexicase,FALSE,20,elitize_generation_data,42,1,0.817,NA
44,83,checksum,lexicase,FALSE,20,elitize_generation_data,43,1,0.84,NA
45,83,checksum,lexicase,FALSE,20,elitize_generation_data,44,1,0.842,NA
46,83,checksum,lexicase,FALSE,20,elitize_generation_data,45,1,0.805,NA
47,83,checksum,lexicase,FALSE,20,elitize_generation_data,46,1,0.855,NA
48,83,checksum,lexicase,FALSE,20,elitize_generation_data,47,1,0.858,NA
49,83,checksum,lexicase,FALSE,20,elitize_generation_data,48,1,0.852,NA
50,83,checksum,lexicase,FALSE,20,elitize_generation_data,49,2,0.857,NA
51,83,checksum,lexicase,FALSE,20,elitize_generation_data,50,1,0.827,NA
52,83,checksum,lexicase,FALSE,20,elitize_generation_data,51,1,0.837,NA
53,83,checksum,lexicase,FALSE,20,elitize_generation_data,52,1,0.834,NA
54,83,checksum,lexicase,FALSE,20,elitize_generation_data,53,1,0.828,NA
55,83,checksum,lexicase,FALSE,20,elitize_generation_data,54,1,0.843,NA
56,83,checksum,lexicase,FALSE,20,elitize_generation_data,55,1,0.844,NA
57,83,checksum,lexicase,FALSE,20,elitize_generation_data,56,1,0.857,NA
58,83,checksum,lexicase,FALSE,20,elitize_generation_data,57,1,0.856,NA
59,83,checksum,lexicase,FALSE,20,elitize_generation_data,58,2,0.853,NA
60,83,checksum,lexicase,FALSE,20,elitize_generation_data,59,1,0.851,NA
61,83,checksum,lexicase,FALSE,20,elitize_generation_data,60,2,0.856,NA
62,83,checksum,lexicase,FALSE,20,elitize_generation_data,61,1,0.862,NA
63,83,checksum,lexicase,FALSE,20,elitize_generation_data,62,1,0.856,NA
64,83,checksum,lexicase,FALSE,20,elitize_generation_data,63,1,0.861,NA
65,83,checksum,lexicase,FALSE,20,elitize_generation_data,64,1,0.861,NA
66,83,checksum,lexicase,FALSE,20,elitize_generation_data,65,2,0.87,NA
67,83,checksum,lexicase,FALSE,20,elitize_generation_data,66,1,0.868,NA
68,83,checksum,lexicase,FALSE,20,elitize_generation_data,67,1,0.867,NA
69,83,checksum,lexicase,FALSE,20,elitize_generation_data,68,1,0.889,NA
70,83,checksum,lexicase,FALSE,20,elitize_generation_data,69,1,0.86,NA
71,83,checksum,lexicase,FALSE,20,elitize_generation_data,70,1,0.872,NA
72,83,checksum,lexicase,FALSE,20,elitize_generation_data,71,1,0.885,NA
73,83,checksum,lexicase,FALSE,20,elitize_generation_data,72,1,0.891,NA
74,83,checksum,lexicase,FALSE,20,elitize_generation_data,73,1,0.87,NA
75,83,checksum,lexicase,FALSE,20,elitize_generation_data,74,2,0.865,NA
76,83,checksum,lexicase,FALSE,20,elitize_generation_data,75,1,0.892,NA
77,83,checksum,lexicase,FALSE,20,elitize_generation_data,76,1,0.892,NA
78,83,checksum,lexicase,FALSE,20,elitize_generation_data,77,1,0.891,NA
79,83,checksum,lexicase,FALSE,20,elitize_generation_data,78,1,0.863,NA
80,83,checksum,lexicase,FALSE,20,elitize_generation_data,79,1,0.872,NA
81,83,checksum,lexicase,FALSE,20,elitize_generation_data,80,1,0.884,NA
82,83,checksum,lexicase,FALSE,20,elitize_generation_data,81,1,0.864,NA
83,83,checksum,lexicase,FALSE,20,elitize_generation_data,82,1,0.894,NA
84,83,checksum,lexicase,FALSE,20,elitize_generation_data,83,1,0.881,NA
85,83,checksum,lexicase,FALSE,20,elitize_generation_data,84,1,0.884,NA
86,83,checksum,lexicase,FALSE,20,elitize_generation_data,85,1,0.87,NA
87,83,checksum,lexicase,FALSE,20,elitize_generation_data,86,1,0.886,NA
88,83,checksum,lexicase,FALSE,20,elitize_generation_data,87,1,0.879,NA
89,83,checksum,lexicase,FALSE,20,elitize_generation_data,88,1,0.9,NA
90,83,checksum,lexicase,FALSE,20,elitize_generation_data,89,1,0.899,NA
91,83,checksum,lexicase,FALSE,20,elitize_generation_data,90,1,0.893,NA
92,83,checksum,lexicase,FALSE,20,elitize_generation_data,91,1,0.897,NA
93,83,checksum,lexicase,FALSE,20,elitize_generation_data,92,1,0.9,NA
94,83,checksum,lexicase,FALSE,20,elitize_generation_data,93,1,0.876,NA
95,83,checksum,lexicase,FALSE,20,elitize_generation_data,94,1,0.883,NA
96,83,checksum,lexicase,FALSE,20,elitize_generation_data,95,1,0.884,NA
97,83,checksum,lexicase,FALSE,20,elitize_generation_data,96,1,0.897,NA
98,83,checksum,lexicase,FALSE,20,elitize_generation_data,97,1,0.869,NA
99,83,checksum,lexicase,FALSE,20,elitize_generation_data,98,1,0.909,NA
100,83,checksum,lexicase,FALSE,20,elitize_generation_data,99,1,0.896,NA
101,83,checksum,lexicase,FALSE,20,elitize_generation_data,100,1,0.88,NA
102,83,checksum,lexicase,FALSE,20,elitize_generation_data,101,1,0.869,NA
103,83,checksum,lexicase,FALSE,20,elitize_generation_data,102,1,0.867,NA
104,83,checksum,lexicase,FALSE,20,elitize_generation_data,103,1,0.894,NA
105,83,checksum,lexicase,FALSE,20,elitize_generation_data,104,1,0.883,NA
106,83,checksum,lexicase,FALSE,20,elitize_generation_data,105,1,0.885,NA
107,83,checksum,lexicase,FALSE,20,elitize_generation_data,106,1,0.91,NA
108,83,checksum,lexicase,FALSE,20,elitize_generation_data,107,1,0.893,NA
109,83,checksum,lexicase,FALSE,20,elitize_generation_data,108,1,0.878,NA
110,83,checksum,lexicase,FALSE,20,elitize_generation_data,109,1,0.885,NA
111,83,checksum,lexicase,FALSE,20,elitize_generation_data,110,1,0.899,NA
112,83,checksum,lexicase,FALSE,20,elitize_generation_data,111,1,0.889,NA
113,83,checksum,lexicase,FALSE,20,elitize_generation_data,112,1,0.864,NA
114,83,checksum,lexicase,FALSE,20,elitize_generation_data,113,1,0.881,NA
115,83,checksum,lexicase,FALSE,20,elitize_generation_data,114,1,0.865,NA
116,83,checksum,lexicase,FALSE,20,elitize_generation_data,115,1,0.874,NA
117,83,checksum,lexicase,FALSE,20,elitize_generation_data,116,2,0.871,NA
118,83,checksum,lexicase,FALSE,20,elitize_generation_data,117,1,0.882,NA
119,83,checksum,lexicase,FALSE,20,elitize_generation_data,118,1,0.855,NA
120,83,checksum,lexicase,FALSE,20,elitize_generation_data,119,1,0.848,NA
121,83,checksum,lexicase,FALSE,20,elitize_generation_data,120,1,0.864,NA
122,83,checksum,lexicase,FALSE,20,elitize_generation_data,121,1,0.853,NA
123,83,checksum,lexicase,FALSE,20,elitize_generation_data,122,1,0.864,NA
124,83,checksum,lexicase,FALSE,20,elitize_generation_data,123,1,0.867,NA
125,83,checksum,lexicase,FALSE,20,elitize_generation_data,124,1,0.864,NA
126,83,checksum,lexicase,FALSE,20,elitize_generation_data,125,1,0.834,NA
127,83,checksum,lexicase,FALSE,20,elitize_generation_data,126,1,0.833,NA
128,83,checksum,lexicase,FALSE,20,elitize_generation_data,127,1,0.84,NA
129,83,checksum,lexicase,FALSE,20,elitize_generation_data,128,1,0.839,NA
130,83,checksum,lexicase,FALSE,20,elitize_generation_data,129,1,0.852,NA
131,83,checksum,lexicase,FALSE,20,elitize_generation_data,130,1,0.856,NA
132,83,checksum,lexicase,FALSE,20,elitize_generation_data,131,1,0.841,NA
133,83,checksum,lexicase,FALSE,20,elitize_generation_data,132,1,0.86,NA
134,83,checksum,lexicase,FALSE,20,elitize_generation_data,133,1,0.857,NA
135,83,checksum,lexicase,FALSE,20,elitize_generation_data,134,1,0.86,NA
136,83,checksum,lexicase,FALSE,20,elitize_generation_data,135,1,0.856,NA
137,83,checksum,lexicase,FALSE,20,elitize_generation_data,136,1,0.865,NA
138,83,checksum,lexicase,FALSE,20,elitize_generation_data,137,1,0.858,NA
139,83,checksum,lexicase,FALSE,20,elitize_generation_data,138,1,0.865,NA
140,83,checksum,lexicase,FALSE,20,elitize_generation_data,139,1,0.853,NA
141,83,checksum,lexicase,FALSE,20,elitize_generation_data,140,1,0.858,NA
142,83,checksum,lexicase,FALSE,20,elitize_generation_data,141,1,0.851,NA
143,83,checksum,lexicase,FALSE,20,elitize_generation_data,142,1,0.868,NA
144,83,checksum,lexicase,FALSE,20,elitize_generation_data,143,1,0.867,NA
145,83,checksum,lexicase,FALSE,20,elitize_generation_data,144,1,0.851,NA
146,83,checksum,lexicase,FALSE,20,elitize_generation_data,145,1,0.844,NA
147,83,checksum,lexicase,FALSE,20,elitize_generation_data,146,1,0.859,NA
148,83,checksum,lexicase,FALSE,20,elitize_generation_data,147,1,0.841,NA
149,83,checksum,lexicase,FALSE,20,elitize_generation_data,148,1,0.852,NA
150,83,checksum,lexicase,FALSE,20,elitize_generation_data,149,1,0.872,NA
151,83,checksum,lexicase,FALSE,20,elitize_generation_data,150,1,0.865,NA
152,83,checksum,lexicase,FALSE,20,elitize_generation_data,151,1,0.864,NA
153,83,checksum,lexicase,FALSE,20,elitize_generation_data,152,1,0.852,NA
154,83,checksum,lexicase,FALSE,20,elitize_generation_data,153,1,0.85,NA
155,83,checksum,lexicase,FALSE,20,elitize_generation_data,154,1,0.854,NA
156,83,checksum,lexicase,FALSE,20,elitize_generation_data,155,1,0.849,NA
157,83,checksum,lexicase,FALSE,20,elitize_generation_data,156,1,0.872,NA
158,83,checksum,lexicase,FALSE,20,elitize_generation_data,157,1,0.858,NA
159,83,checksum,lexicase,FALSE,20,elitize_generation_data,158,1,0.848,NA
160,83,checksum,lexicase,FALSE,20,elitize_generation_data,159,1,0.833,NA
161,83,checksum,lexicase,FALSE,20,elitize_generation_data,160,1,0.847,NA
162,83,checksum,lexicase,FALSE,20,elitize_generation_data,161,1,0.884,NA
163,83,checksum,lexicase,FALSE,20,elitize_generation_data,162,1,0.857,NA
164,83,checksum,lexicase,FALSE,20,elitize_generation_data,163,1,0.845,NA
165,83,checksum,lexicase,FALSE,20,elitize_generation_data,164,1,0.86,NA
166,83,checksum,lexicase,FALSE,20,elitize_generation_data,165,1,0.872,NA
167,83,checksum,lexicase,FALSE,20,elitize_generation_data,166,1,0.859,NA
168,83,checksum,lexicase,FALSE,20,elitize_generation_data,167,1,0.855,NA
169,83,checksum,lexicase,FALSE,20,elitize_generation_data,168,1,0.867,NA
170,83,checksum,lexicase,FALSE,20,elitize_generation_data,169,1,0.866,NA
171,83,checksum,lexicase,FALSE,20,elitize_generation_data,170,1,0.844,NA
172,83,checksum,lexicase,FALSE,20,elitize_generation_data,171,1,0.852,NA
173,83,checksum,lexicase,FALSE,20,elitize_generation_data,172,1,0.844,NA
174,83,checksum,lexicase,FALSE,20,elitize_generation_data,173,1,0.867,NA
175,83,checksum,lexicase,FALSE,20,elitize_generation_data,174,1,0.858,NA
176,83,checksum,lexicase,FALSE,20,elitize_generation_data,175,2,0.855,NA
177,83,checksum,lexicase,FALSE,20,elitize_generation_data,176,1,0.863,NA
178,83,checksum,lexicase,FALSE,20,elitize_generation_data,177,1,0.886,NA
179,83,checksum,lexicase,FALSE,20,elitize_generation_data,178,1,0.874,NA
180,83,checksum,lexicase,FALSE,20,elitize_generation_data,179,1,0.869,NA
181,83,checksum,lexicase,FALSE,20,elitize_generation_data,180,1,0.858,NA
182,83,checksum,lexicase,FALSE,20,elitize_generation_data,181,1,0.849,NA
183,83,checksum,lexicase,FALSE,20,elitize_generation_data,182,1,0.872,NA
184,83,checksum,lexicase,FALSE,20,elitize_generation_data,183,1,0.854,NA
185,83,checksum,lexicase,FALSE,20,elitize_generation_data,184,2,0.875,NA
186,83,checksum,lexicase,FALSE,20,elitize_generation_data,185,2,0.878,NA
187,83,checksum,lexicase,FALSE,20,elitize_generation_data,186,1,0.868,NA
188,83,checksum,lexicase,FALSE,20,elitize_generation_data,187,2,0.854,NA
189,83,checksum,lexicase,FALSE,20,elitize_generation_data,188,1,0.847,NA
190,83,checksum,lexicase,FALSE,20,elitize_generation_data,189,1,0.861,NA
191,83,checksum,lexicase,FALSE,20,elitize_generation_data,190,2,0.843,NA
192,83,checksum,lexicase,FALSE,20,elitize_generation_data,191,1,0.85,NA
193,83,checksum,lexicase,FALSE,20,elitize_generation_data,192,1,0.852,NA
194,83,checksum,lexicase,FALSE,20,elitize_generation_data,193,1,0.848,NA
195,83,checksum,lexicase,FALSE,20,elitize_generation_data,194,1,0.862,NA
196,83,checksum,lexicase,FALSE,20,elitize_generation_data,195,1,0.857,NA
197,83,checksum,lexicase,FALSE,20,elitize_generation_data,196,1,0.841,NA
198,83,checksum,lexicase,FALSE,20,elitize_generation_data,197,1,0.843,NA
199,83,checksum,lexicase,FALSE,20,elitize_generation_data,198,1,0.875,NA
200,83,checksum,lexicase,FALSE,20,elitize_generation_data,199,1,0.858,NA
201,83,checksum,lexicase,FALSE,20,elitize_generation_data,200,1,0.85,NA
202,83,checksum,lexicase,FALSE,20,elitize_generation_data,201,1,0.845,NA
203,83,checksum,lexicase,FALSE,20,elitize_generation_data,202,1,0.845,NA
204,83,checksum,lexicase,FALSE,20,elitize_generation_data,203,1,0.879,NA
205,83,checksum,lexicase,FALSE,20,elitize_generation_data,204,1,0.88,NA
206,83,checksum,lexicase,FALSE,20,elitize_generation_data,205,1,0.859,NA
207,83,checksum,lexicase,FALSE,20,elitize_generation_data,206,1,0.854,NA
208,83,checksum,lexicase,FALSE,20,elitize_generation_data,207,1,0.865,NA
209,83,checksum,lexicase,FALSE,20,elitize_generation_data,208,2,0.869,NA
210,83,checksum,lexicase,FALSE,20,elitize_generation_data,209,1,0.868,NA
211,83,checksum,lexicase,FALSE,20,elitize_generation_data,210,1,0.868,NA
212,83,checksum,lexicase,FALSE,20,elitize_generation_data,211,1,0.863,NA
213,83,checksum,lexicase,FALSE,20,elitize_generation_data,212,3,0.856,NA
214,83,checksum,lexicase,FALSE,20,elitize_generation_data,213,3,0.863,NA
215,83,checksum,lexicase,FALSE,20,elitize_generation_data,214,2,0.873,NA
216,83,checksum,lexicase,FALSE,20,elitize_generation_data,215,2,0.87,NA
217,83,checksum,lexicase,FALSE,20,elitize_generation_data,216,1,0.879,NA
218,83,checksum,lexicase,FALSE,20,elitize_generation_data,217,3,0.878,NA
219,83,checksum,lexicase,FALSE,20,elitize_generation_data,218,2,0.868,NA
220,83,checksum,lexicase,FALSE,20,elitize_generation_data,219,1,0.877,NA
221,83,checksum,lexicase,FALSE,20,elitize_generation_data,220,1,0.881,NA
222,83,checksum,lexicase,FALSE,20,elitize_generation_data,221,1,0.868,NA
223,83,checksum,lexicase,FALSE,20,elitize_generation_data,222,1,0.868,NA
224,83,checksum,lexicase,FALSE,20,elitize_generation_data,223,1,0.886,NA
225,83,checksum,lexicase,FALSE,20,elitize_generation_data,224,1,0.9,NA
226,83,checksum,lexicase,FALSE,20,elitize_generation_data,225,2,0.874,NA
227,83,checksum,lexicase,FALSE,20,elitize_generation_data,226,1,0.88,NA
228,83,checksum,lexicase,FALSE,20,elitize_generation_data,227,1,0.89,NA
229,83,checksum,lexicase,FALSE,20,elitize_generation_data,228,1,0.894,NA
230,83,checksum,lexicase,FALSE,20,elitize_generation_data,229,2,0.866,NA
231,83,checksum,lexicase,FALSE,20,elitize_generation_data,230,1,0.897,NA
232,83,checksum,lexicase,FALSE,20,elitize_generation_data,231,2,0.887,NA
233,83,checksum,lexicase,FALSE,20,elitize_generation_data,232,3,0.872,NA
234,83,checksum,lexicase,FALSE,20,elitize_generation_data,233,3,0.891,NA
235,83,checksum,lexicase,FALSE,20,elitize_generation_data,234,2,0.874,NA
236,83,checksum,lexicase,FALSE,20,elitize_generation_data,235,1,0.865,NA
237,83,checksum,lexicase,FALSE,20,elitize_generation_data,236,1,0.873,NA
238,83,checksum,lexicase,FALSE,20,elitize_generation_data,237,1,0.86,NA
239,83,checksum,lexicase,FALSE,20,elitize_generation_data,238,1,0.869,NA
240,83,checksum,lexicase,FALSE,20,elitize_generation_data,239,2,0.877,NA
241,83,checksum,lexicase,FALSE,20,elitize_generation_data,240,2,0.861,NA
242,83,checksum,lexicase,FALSE,20,elitize_generation_data,241,3,0.882,NA
243,83,checksum,lexicase,FALSE,20,elitize_generation_data,242,2,0.861,NA
244,83,checksum,lexicase,FALSE,20,elitize_generation_data,243,3,0.863,NA
245,83,checksum,lexicase,FALSE,20,elitize_generation_data,244,3,0.846,NA
246,83,checksum,lexicase,FALSE,20,elitize_generation_data,245,1,0.857,NA
247,83,checksum,lexicase,FALSE,20,elitize_generation_data,246,3,0.879,NA
248,83,checksum,lexicase,FALSE,20,elitize_generation_data,247,1,0.846,NA
249,83,checksum,lexicase,FALSE,20,elitize_generation_data,248,1,0.865,NA
250,83,checksum,lexicase,FALSE,20,elitize_generation_data,249,1,0.863,NA
251,83,checksum,lexicase,FALSE,20,elitize_generation_data,250,1,0.862,NA
252,83,checksum,lexicase,FALSE,20,elitize_generation_data,251,1,0.871,NA
253,83,checksum,lexicase,FALSE,20,elitize_generation_data,252,1,0.858,NA
254,83,checksum,lexicase,FALSE,20,elitize_generation_data,253,1,0.861,NA
255,83,checksum,lexicase,FALSE,20,elitize_generation_data,254,1,0.85,NA
256,83,checksum,lexicase,FALSE,20,elitize_generation_data,255,1,0.873,NA
257,83,checksum,lexicase,FALSE,20,elitize_generation_data,256,1,0.857,NA
258,83,checksum,lexicase,FALSE,20,elitize_generation_data,257,1,0.864,NA
259,83,checksum,lexicase,FALSE,20,elitize_generation_data,258,1,0.869,NA
260,83,checksum,lexicase,FALSE,20,elitize_generation_data,259,1,0.883,NA
261,83,checksum,lexicase,FALSE,20,elitize_generation_data,260,1,0.852,NA
262,83,checksum,lexicase,FALSE,20,elitize_generation_data,261,2,0.867,NA
263,83,checksum,lexicase,FALSE,20,elitize_generation_data,262,1,0.848,NA
264,83,checksum,lexicase,FALSE,20,elitize_generation_data,263,1,0.86,NA
265,83,checksum,lexicase,FALSE,20,elitize_generation_data,264,1,0.861,NA
266,83,checksum,lexicase,FALSE,20,elitize_generation_data,265,1,0.876,NA
267,83,checksum,lexicase,FALSE,20,elitize_generation_data,266,1,0.874,NA
268,83,checksum,lexicase,FALSE,20,elitize_generation_data,267,1,0.848,NA
269,83,checksum,lexicase,FALSE,20,elitize_generation_data,268,1,0.841,NA
270,83,checksum,lexicase,FALSE,20,elitize_generation_data,269,1,0.868,NA
271,83,checksum,lexicase,FALSE,20,elitize_generation_data,270,1,0.876,NA
272,83,checksum,lexicase,FALSE,20,elitize_generation_data,271,1,0.857,NA
273,83,checksum,lexicase,FALSE,20,elitize_generation_data,272,1,0.864,NA
274,83,checksum,lexicase,FALSE,20,elitize_generation_data,273,1,0.875,NA
275,83,checksum,lexicase,FALSE,20,elitize_generation_data,274,1,0.86,NA
276,83,checksum,lexicase,FALSE,20,elitize_generation_data,275,1,0.869,NA
277,83,checksum,lexicase,FALSE,20,elitize_generation_data,276,1,0.855,NA
278,83,checksum,lexicase,FALSE,20,elitize_generation_data,277,1,0.862,NA
279,83,checksum,lexicase,FALSE,20,elitize_generation_data,278,2,0.883,NA
280,83,checksum,lexicase,FALSE,20,elitize_generation_data,279,1,0.864,NA
281,83,checksum,lexicase,FALSE,20,elitize_generation_data,280,1,0.858,NA
282,83,checksum,lexicase,FALSE,20,elitize_generation_data,281,1,0.86,NA
283,83,checksum,lexicase,FALSE,20,elitize_generation_data,282,1,0.863,NA
284,83,checksum,lexicase,FALSE,20,elitize_generation_data,283,1,0.873,NA
285,83,checksum,lexicase,FALSE,20,elitize_generation_data,284,1,0.862,NA
286,83,checksum,lexicase,FALSE,20,elitize_generation_data,285,1,0.841,NA
287,83,checksum,lexicase,FALSE,20,elitize_generation_data,286,1,0.867,NA
288,83,checksum,lexicase,FALSE,20,elitize_generation_data,287,1,0.868,NA
289,83,checksum,lexicase,FALSE,20,elitize_generation_data,288,2,0.871,NA
290,83,checksum,lexicase,FALSE,20,elitize_generation_data,289,2,0.832,NA
291,83,checksum,lexicase,FALSE,20,elitize_generation_data,290,1,0.83,NA
292,83,checksum,lexicase,FALSE,20,elitize_generation_data,291,1,0.838,NA
293,83,checksum,lexicase,FALSE,20,elitize_generation_data,292,1,0.854,NA
294,83,checksum,lexicase,FALSE,20,elitize_generation_data,293,2,0.847,NA
295,83,checksum,lexicase,FALSE,20,elitize_generation_data,294,1,0.822,NA
296,83,checksum,lexicase,FALSE,20,elitize_generation_data,295,1,0.841,NA
297,83,checksum,lexicase,FALSE,20,elitize_generation_data,296,1,0.84,NA
298,83,checksum,lexicase,FALSE,20,elitize_generation_data,297,2,0.837,NA
299,83,checksum,lexicase,FALSE,20,elitize_generation_data,298,1,0.865,NA
300,83,checksum,lexicase,FALSE,20,elitize_generation_data,299,2,0.843,NA
301,83,checksum,lexicase,FALSE,20,elitize_generation_data,300,2,0.86,NA
