,run.num,problem,treatment,succeeded,height,normalization.function,generation,cluster.count,error.diversity,success.generation
1,99,checksum,lexicase,FALSE,20,elitize_generation_data,0,3,0.345,NA
2,99,checksum,lexicase,FALSE,20,elitize_generation_data,1,3,0.212,NA
3,99,checksum,lexicase,FALSE,20,elitize_generation_data,2,3,0.338,NA
4,99,checksum,lexicase,FALSE,20,elitize_generation_data,3,6,0.426,NA
5,99,checksum,lexicase,FALSE,20,elitize_generation_data,4,7,0.451,NA
6,99,checksum,lexicase,FALSE,20,elitize_generation_data,5,6,0.493,NA
7,99,checksum,lexicase,FALSE,20,elitize_generation_data,6,5,0.555,NA
8,99,checksum,lexicase,FALSE,20,elitize_generation_data,7,6,0.566,NA
9,99,checksum,lexicase,FALSE,20,elitize_generation_data,8,5,0.569,NA
10,99,checksum,lexicase,FALSE,20,elitize_generation_data,9,6,0.603,NA
11,99,checksum,lexicase,FALSE,20,elitize_generation_data,10,6,0.612,NA
12,99,checksum,lexicase,FALSE,20,elitize_generation_data,11,9,0.632,NA
13,99,checksum,lexicase,FALSE,20,elitize_generation_data,12,8,0.662,NA
14,99,checksum,lexicase,FALSE,20,elitize_generation_data,13,5,0.647,NA
15,99,checksum,lexicase,FALSE,20,elitize_generation_data,14,8,0.687,NA
16,99,checksum,lexicase,FALSE,20,elitize_generation_data,15,2,0.672,NA
17,99,checksum,lexicase,FALSE,20,elitize_generation_data,16,2,0.651,NA
18,99,checksum,lexicase,FALSE,20,elitize_generation_data,17,2,0.683,NA
19,99,checksum,lexicase,FALSE,20,elitize_generation_data,18,2,0.69,NA
20,99,checksum,lexicase,FALSE,20,elitize_generation_data,19,2,0.693,NA
21,99,checksum,lexicase,FALSE,20,elitize_generation_data,20,1,0.688,NA
22,99,checksum,lexicase,FALSE,20,elitize_generation_data,21,1,0.697,NA
23,99,checksum,lexicase,FALSE,20,elitize_generation_data,22,1,0.71,NA
24,99,checksum,lexicase,FALSE,20,elitize_generation_data,23,1,0.709,NA
25,99,checksum,lexicase,FALSE,20,elitize_generation_data,24,2,0.708,NA
26,99,checksum,lexicase,FALSE,20,elitize_generation_data,25,3,0.707,NA
27,99,checksum,lexicase,FALSE,20,elitize_generation_data,26,1,0.713,NA
28,99,checksum,lexicase,FALSE,20,elitize_generation_data,27,1,0.722,NA
29,99,checksum,lexicase,FALSE,20,elitize_generation_data,28,1,0.711,NA
30,99,checksum,lexicase,FALSE,20,elitize_generation_data,29,1,0.708,NA
31,99,checksum,lexicase,FALSE,20,elitize_generation_data,30,1,0.726,NA
32,99,checksum,lexicase,FALSE,20,elitize_generation_data,31,1,0.722,NA
33,99,checksum,lexicase,FALSE,20,elitize_generation_data,32,1,0.747,NA
34,99,checksum,lexicase,FALSE,20,elitize_generation_data,33,1,0.753,NA
35,99,checksum,lexicase,FALSE,20,elitize_generation_data,34,1,0.754,NA
36,99,checksum,lexicase,FALSE,20,elitize_generation_data,35,1,0.745,NA
37,99,checksum,lexicase,FALSE,20,elitize_generation_data,36,1,0.778,NA
38,99,checksum,lexicase,FALSE,20,elitize_generation_data,37,1,0.74,NA
39,99,checksum,lexicase,FALSE,20,elitize_generation_data,38,1,0.766,NA
40,99,checksum,lexicase,FALSE,20,elitize_generation_data,39,1,0.73,NA
41,99,checksum,lexicase,FALSE,20,elitize_generation_data,40,1,0.738,NA
42,99,checksum,lexicase,FALSE,20,elitize_generation_data,41,1,0.732,NA
43,99,checksum,lexicase,FALSE,20,elitize_generation_data,42,1,0.736,NA
44,99,checksum,lexicase,FALSE,20,elitize_generation_data,43,1,0.738,NA
45,99,checksum,lexicase,FALSE,20,elitize_generation_data,44,2,0.739,NA
46,99,checksum,lexicase,FALSE,20,elitize_generation_data,45,2,0.731,NA
47,99,checksum,lexicase,FALSE,20,elitize_generation_data,46,1,0.736,NA
48,99,checksum,lexicase,FALSE,20,elitize_generation_data,47,2,0.731,NA
49,99,checksum,lexicase,FALSE,20,elitize_generation_data,48,2,0.733,NA
50,99,checksum,lexicase,FALSE,20,elitize_generation_data,49,1,0.75,NA
51,99,checksum,lexicase,FALSE,20,elitize_generation_data,50,1,0.772,NA
52,99,checksum,lexicase,FALSE,20,elitize_generation_data,51,1,0.73,NA
53,99,checksum,lexicase,FALSE,20,elitize_generation_data,52,2,0.754,NA
54,99,checksum,lexicase,FALSE,20,elitize_generation_data,53,1,0.742,NA
55,99,checksum,lexicase,FALSE,20,elitize_generation_data,54,1,0.746,NA
56,99,checksum,lexicase,FALSE,20,elitize_generation_data,55,1,0.747,NA
57,99,checksum,lexicase,FALSE,20,elitize_generation_data,56,1,0.738,NA
58,99,checksum,lexicase,FALSE,20,elitize_generation_data,57,1,0.749,NA
59,99,checksum,lexicase,FALSE,20,elitize_generation_data,58,1,0.781,NA
60,99,checksum,lexicase,FALSE,20,elitize_generation_data,59,1,0.762,NA
61,99,checksum,lexicase,FALSE,20,elitize_generation_data,60,1,0.747,NA
62,99,checksum,lexicase,FALSE,20,elitize_generation_data,61,1,0.781,NA
63,99,checksum,lexicase,FALSE,20,elitize_generation_data,62,1,0.77,NA
64,99,checksum,lexicase,FALSE,20,elitize_generation_data,63,1,0.758,NA
65,99,checksum,lexicase,FALSE,20,elitize_generation_data,64,1,0.764,NA
66,99,checksum,lexicase,FALSE,20,elitize_generation_data,65,1,0.786,NA
67,99,checksum,lexicase,FALSE,20,elitize_generation_data,66,1,0.785,NA
68,99,checksum,lexicase,FALSE,20,elitize_generation_data,67,1,0.798,NA
69,99,checksum,lexicase,FALSE,20,elitize_generation_data,68,1,0.788,NA
70,99,checksum,lexicase,FALSE,20,elitize_generation_data,69,1,0.789,NA
71,99,checksum,lexicase,FALSE,20,elitize_generation_data,70,1,0.784,NA
72,99,checksum,lexicase,FALSE,20,elitize_generation_data,71,1,0.807,NA
73,99,checksum,lexicase,FALSE,20,elitize_generation_data,72,1,0.79,NA
74,99,checksum,lexicase,FALSE,20,elitize_generation_data,73,1,0.774,NA
75,99,checksum,lexicase,FALSE,20,elitize_generation_data,74,1,0.776,NA
76,99,checksum,lexicase,FALSE,20,elitize_generation_data,75,1,0.813,NA
77,99,checksum,lexicase,FALSE,20,elitize_generation_data,76,1,0.793,NA
78,99,checksum,lexicase,FALSE,20,elitize_generation_data,77,1,0.788,NA
79,99,checksum,lexicase,FALSE,20,elitize_generation_data,78,1,0.786,NA
80,99,checksum,lexicase,FALSE,20,elitize_generation_data,79,1,0.774,NA
81,99,checksum,lexicase,FALSE,20,elitize_generation_data,80,1,0.79,NA
82,99,checksum,lexicase,FALSE,20,elitize_generation_data,81,1,0.808,NA
83,99,checksum,lexicase,FALSE,20,elitize_generation_data,82,1,0.801,NA
84,99,checksum,lexicase,FALSE,20,elitize_generation_data,83,1,0.765,NA
85,99,checksum,lexicase,FALSE,20,elitize_generation_data,84,1,0.811,NA
86,99,checksum,lexicase,FALSE,20,elitize_generation_data,85,1,0.806,NA
87,99,checksum,lexicase,FALSE,20,elitize_generation_data,86,1,0.796,NA
88,99,checksum,lexicase,FALSE,20,elitize_generation_data,87,1,0.806,NA
89,99,checksum,lexicase,FALSE,20,elitize_generation_data,88,1,0.809,NA
90,99,checksum,lexicase,FALSE,20,elitize_generation_data,89,1,0.805,NA
91,99,checksum,lexicase,FALSE,20,elitize_generation_data,90,1,0.799,NA
92,99,checksum,lexicase,FALSE,20,elitize_generation_data,91,1,0.791,NA
93,99,checksum,lexicase,FALSE,20,elitize_generation_data,92,2,0.783,NA
94,99,checksum,lexicase,FALSE,20,elitize_generation_data,93,3,0.788,NA
95,99,checksum,lexicase,FALSE,20,elitize_generation_data,94,1,0.796,NA
96,99,checksum,lexicase,FALSE,20,elitize_generation_data,95,1,0.775,NA
97,99,checksum,lexicase,FALSE,20,elitize_generation_data,96,1,0.773,NA
98,99,checksum,lexicase,FALSE,20,elitize_generation_data,97,1,0.772,NA
99,99,checksum,lexicase,FALSE,20,elitize_generation_data,98,1,0.785,NA
100,99,checksum,lexicase,FALSE,20,elitize_generation_data,99,1,0.775,NA
101,99,checksum,lexicase,FALSE,20,elitize_generation_data,100,2,0.767,NA
102,99,checksum,lexicase,FALSE,20,elitize_generation_data,101,1,0.781,NA
103,99,checksum,lexicase,FALSE,20,elitize_generation_data,102,2,0.765,NA
104,99,checksum,lexicase,FALSE,20,elitize_generation_data,103,1,0.748,NA
105,99,checksum,lexicase,FALSE,20,elitize_generation_data,104,1,0.772,NA
106,99,checksum,lexicase,FALSE,20,elitize_generation_data,105,2,0.773,NA
107,99,checksum,lexicase,FALSE,20,elitize_generation_data,106,1,0.747,NA
108,99,checksum,lexicase,FALSE,20,elitize_generation_data,107,2,0.748,NA
109,99,checksum,lexicase,FALSE,20,elitize_generation_data,108,2,0.774,NA
110,99,checksum,lexicase,FALSE,20,elitize_generation_data,109,1,0.785,NA
111,99,checksum,lexicase,FALSE,20,elitize_generation_data,110,1,0.748,NA
112,99,checksum,lexicase,FALSE,20,elitize_generation_data,111,2,0.768,NA
113,99,checksum,lexicase,FALSE,20,elitize_generation_data,112,2,0.797,NA
114,99,checksum,lexicase,FALSE,20,elitize_generation_data,113,2,0.772,NA
115,99,checksum,lexicase,FALSE,20,elitize_generation_data,114,2,0.8,NA
116,99,checksum,lexicase,FALSE,20,elitize_generation_data,115,2,0.792,NA
117,99,checksum,lexicase,FALSE,20,elitize_generation_data,116,2,0.781,NA
118,99,checksum,lexicase,FALSE,20,elitize_generation_data,117,2,0.799,NA
119,99,checksum,lexicase,FALSE,20,elitize_generation_data,118,1,0.785,NA
120,99,checksum,lexicase,FALSE,20,elitize_generation_data,119,1,0.781,NA
121,99,checksum,lexicase,FALSE,20,elitize_generation_data,120,1,0.811,NA
122,99,checksum,lexicase,FALSE,20,elitize_generation_data,121,1,0.794,NA
123,99,checksum,lexicase,FALSE,20,elitize_generation_data,122,1,0.803,NA
124,99,checksum,lexicase,FALSE,20,elitize_generation_data,123,1,0.776,NA
125,99,checksum,lexicase,FALSE,20,elitize_generation_data,124,2,0.782,NA
126,99,checksum,lexicase,FALSE,20,elitize_generation_data,125,2,0.793,NA
127,99,checksum,lexicase,FALSE,20,elitize_generation_data,126,1,0.803,NA
128,99,checksum,lexicase,FALSE,20,elitize_generation_data,127,1,0.791,NA
129,99,checksum,lexicase,FALSE,20,elitize_generation_data,128,2,0.775,NA
130,99,checksum,lexicase,FALSE,20,elitize_generation_data,129,1,0.785,NA
131,99,checksum,lexicase,FALSE,20,elitize_generation_data,130,2,0.794,NA
132,99,checksum,lexicase,FALSE,20,elitize_generation_data,131,2,0.791,NA
133,99,checksum,lexicase,FALSE,20,elitize_generation_data,132,2,0.805,NA
134,99,checksum,lexicase,FALSE,20,elitize_generation_data,133,2,0.795,NA
135,99,checksum,lexicase,FALSE,20,elitize_generation_data,134,2,0.826,NA
136,99,checksum,lexicase,FALSE,20,elitize_generation_data,135,2,0.779,NA
137,99,checksum,lexicase,FALSE,20,elitize_generation_data,136,2,0.82,NA
138,99,checksum,lexicase,FALSE,20,elitize_generation_data,137,1,0.825,NA
139,99,checksum,lexicase,FALSE,20,elitize_generation_data,138,1,0.816,NA
140,99,checksum,lexicase,FALSE,20,elitize_generation_data,139,1,0.799,NA
141,99,checksum,lexicase,FALSE,20,elitize_generation_data,140,1,0.784,NA
142,99,checksum,lexicase,FALSE,20,elitize_generation_data,141,2,0.787,NA
143,99,checksum,lexicase,FALSE,20,elitize_generation_data,142,2,0.784,NA
144,99,checksum,lexicase,FALSE,20,elitize_generation_data,143,2,0.798,NA
145,99,checksum,lexicase,FALSE,20,elitize_generation_data,144,2,0.79,NA
146,99,checksum,lexicase,FALSE,20,elitize_generation_data,145,2,0.802,NA
147,99,checksum,lexicase,FALSE,20,elitize_generation_data,146,2,0.786,NA
148,99,checksum,lexicase,FALSE,20,elitize_generation_data,147,2,0.79,NA
149,99,checksum,lexicase,FALSE,20,elitize_generation_data,148,2,0.805,NA
150,99,checksum,lexicase,FALSE,20,elitize_generation_data,149,1,0.789,NA
151,99,checksum,lexicase,FALSE,20,elitize_generation_data,150,2,0.805,NA
152,99,checksum,lexicase,FALSE,20,elitize_generation_data,151,2,0.802,NA
153,99,checksum,lexicase,FALSE,20,elitize_generation_data,152,1,0.805,NA
154,99,checksum,lexicase,FALSE,20,elitize_generation_data,153,1,0.78,NA
155,99,checksum,lexicase,FALSE,20,elitize_generation_data,154,1,0.803,NA
156,99,checksum,lexicase,FALSE,20,elitize_generation_data,155,1,0.815,NA
157,99,checksum,lexicase,FALSE,20,elitize_generation_data,156,1,0.81,NA
158,99,checksum,lexicase,FALSE,20,elitize_generation_data,157,1,0.794,NA
159,99,checksum,lexicase,FALSE,20,elitize_generation_data,158,2,0.802,NA
160,99,checksum,lexicase,FALSE,20,elitize_generation_data,159,2,0.792,NA
161,99,checksum,lexicase,FALSE,20,elitize_generation_data,160,1,0.79,NA
162,99,checksum,lexicase,FALSE,20,elitize_generation_data,161,2,0.81,NA
163,99,checksum,lexicase,FALSE,20,elitize_generation_data,162,2,0.8,NA
164,99,checksum,lexicase,FALSE,20,elitize_generation_data,163,1,0.8,NA
165,99,checksum,lexicase,FALSE,20,elitize_generation_data,164,2,0.797,NA
166,99,checksum,lexicase,FALSE,20,elitize_generation_data,165,1,0.796,NA
167,99,checksum,lexicase,FALSE,20,elitize_generation_data,166,1,0.779,NA
168,99,checksum,lexicase,FALSE,20,elitize_generation_data,167,1,0.809,NA
169,99,checksum,lexicase,FALSE,20,elitize_generation_data,168,1,0.786,NA
170,99,checksum,lexicase,FALSE,20,elitize_generation_data,169,1,0.798,NA
171,99,checksum,lexicase,FALSE,20,elitize_generation_data,170,1,0.815,NA
172,99,checksum,lexicase,FALSE,20,elitize_generation_data,171,2,0.786,NA
173,99,checksum,lexicase,FALSE,20,elitize_generation_data,172,1,0.803,NA
174,99,checksum,lexicase,FALSE,20,elitize_generation_data,173,1,0.8,NA
175,99,checksum,lexicase,FALSE,20,elitize_generation_data,174,1,0.802,NA
176,99,checksum,lexicase,FALSE,20,elitize_generation_data,175,1,0.82,NA
177,99,checksum,lexicase,FALSE,20,elitize_generation_data,176,1,0.812,NA
178,99,checksum,lexicase,FALSE,20,elitize_generation_data,177,2,0.802,NA
179,99,checksum,lexicase,FALSE,20,elitize_generation_data,178,1,0.833,NA
180,99,checksum,lexicase,FALSE,20,elitize_generation_data,179,1,0.811,NA
181,99,checksum,lexicase,FALSE,20,elitize_generation_data,180,1,0.816,NA
182,99,checksum,lexicase,FALSE,20,elitize_generation_data,181,1,0.815,NA
183,99,checksum,lexicase,FALSE,20,elitize_generation_data,182,1,0.83,NA
184,99,checksum,lexicase,FALSE,20,elitize_generation_data,183,1,0.836,NA
185,99,checksum,lexicase,FALSE,20,elitize_generation_data,184,2,0.814,NA
186,99,checksum,lexicase,FALSE,20,elitize_generation_data,185,2,0.823,NA
187,99,checksum,lexicase,FALSE,20,elitize_generation_data,186,1,0.81,NA
188,99,checksum,lexicase,FALSE,20,elitize_generation_data,187,1,0.814,NA
189,99,checksum,lexicase,FALSE,20,elitize_generation_data,188,2,0.813,NA
190,99,checksum,lexicase,FALSE,20,elitize_generation_data,189,2,0.806,NA
191,99,checksum,lexicase,FALSE,20,elitize_generation_data,190,2,0.815,NA
192,99,checksum,lexicase,FALSE,20,elitize_generation_data,191,1,0.812,NA
193,99,checksum,lexicase,FALSE,20,elitize_generation_data,192,1,0.811,NA
194,99,checksum,lexicase,FALSE,20,elitize_generation_data,193,2,0.809,NA
195,99,checksum,lexicase,FALSE,20,elitize_generation_data,194,2,0.816,NA
196,99,checksum,lexicase,FALSE,20,elitize_generation_data,195,1,0.825,NA
197,99,checksum,lexicase,FALSE,20,elitize_generation_data,196,1,0.797,NA
198,99,checksum,lexicase,FALSE,20,elitize_generation_data,197,1,0.805,NA
199,99,checksum,lexicase,FALSE,20,elitize_generation_data,198,1,0.805,NA
200,99,checksum,lexicase,FALSE,20,elitize_generation_data,199,2,0.802,NA
201,99,checksum,lexicase,FALSE,20,elitize_generation_data,200,2,0.808,NA
202,99,checksum,lexicase,FALSE,20,elitize_generation_data,201,2,0.814,NA
203,99,checksum,lexicase,FALSE,20,elitize_generation_data,202,1,0.84,NA
204,99,checksum,lexicase,FALSE,20,elitize_generation_data,203,1,0.816,NA
205,99,checksum,lexicase,FALSE,20,elitize_generation_data,204,2,0.799,NA
206,99,checksum,lexicase,FALSE,20,elitize_generation_data,205,1,0.808,NA
207,99,checksum,lexicase,FALSE,20,elitize_generation_data,206,4,0.813,NA
208,99,checksum,lexicase,FALSE,20,elitize_generation_data,207,1,0.785,NA
209,99,checksum,lexicase,FALSE,20,elitize_generation_data,208,1,0.821,NA
210,99,checksum,lexicase,FALSE,20,elitize_generation_data,209,3,0.786,NA
211,99,checksum,lexicase,FALSE,20,elitize_generation_data,210,2,0.812,NA
212,99,checksum,lexicase,FALSE,20,elitize_generation_data,211,2,0.826,NA
213,99,checksum,lexicase,FALSE,20,elitize_generation_data,212,2,0.81,NA
214,99,checksum,lexicase,FALSE,20,elitize_generation_data,213,2,0.82,NA
215,99,checksum,lexicase,FALSE,20,elitize_generation_data,214,2,0.807,NA
216,99,checksum,lexicase,FALSE,20,elitize_generation_data,215,1,0.795,NA
217,99,checksum,lexicase,FALSE,20,elitize_generation_data,216,1,0.791,NA
218,99,checksum,lexicase,FALSE,20,elitize_generation_data,217,2,0.799,NA
219,99,checksum,lexicase,FALSE,20,elitize_generation_data,218,1,0.808,NA
220,99,checksum,lexicase,FALSE,20,elitize_generation_data,219,1,0.811,NA
221,99,checksum,lexicase,FALSE,20,elitize_generation_data,220,1,0.816,NA
222,99,checksum,lexicase,FALSE,20,elitize_generation_data,221,2,0.799,NA
223,99,checksum,lexicase,FALSE,20,elitize_generation_data,222,2,0.808,NA
224,99,checksum,lexicase,FALSE,20,elitize_generation_data,223,1,0.808,NA
225,99,checksum,lexicase,FALSE,20,elitize_generation_data,224,1,0.819,NA
226,99,checksum,lexicase,FALSE,20,elitize_generation_data,225,1,0.845,NA
227,99,checksum,lexicase,FALSE,20,elitize_generation_data,226,2,0.81,NA
228,99,checksum,lexicase,FALSE,20,elitize_generation_data,227,1,0.83,NA
229,99,checksum,lexicase,FALSE,20,elitize_generation_data,228,2,0.82,NA
230,99,checksum,lexicase,FALSE,20,elitize_generation_data,229,1,0.833,NA
231,99,checksum,lexicase,FALSE,20,elitize_generation_data,230,2,0.811,NA
232,99,checksum,lexicase,FALSE,20,elitize_generation_data,231,1,0.834,NA
233,99,checksum,lexicase,FALSE,20,elitize_generation_data,232,2,0.801,NA
234,99,checksum,lexicase,FALSE,20,elitize_generation_data,233,1,0.809,NA
235,99,checksum,lexicase,FALSE,20,elitize_generation_data,234,1,0.804,NA
236,99,checksum,lexicase,FALSE,20,elitize_generation_data,235,2,0.813,NA
237,99,checksum,lexicase,FALSE,20,elitize_generation_data,236,1,0.814,NA
238,99,checksum,lexicase,FALSE,20,elitize_generation_data,237,1,0.832,NA
239,99,checksum,lexicase,FALSE,20,elitize_generation_data,238,1,0.827,NA
240,99,checksum,lexicase,FALSE,20,elitize_generation_data,239,2,0.83,NA
241,99,checksum,lexicase,FALSE,20,elitize_generation_data,240,1,0.812,NA
242,99,checksum,lexicase,FALSE,20,elitize_generation_data,241,1,0.828,NA
243,99,checksum,lexicase,FALSE,20,elitize_generation_data,242,1,0.798,NA
244,99,checksum,lexicase,FALSE,20,elitize_generation_data,243,1,0.832,NA
245,99,checksum,lexicase,FALSE,20,elitize_generation_data,244,2,0.817,NA
246,99,checksum,lexicase,FALSE,20,elitize_generation_data,245,1,0.828,NA
247,99,checksum,lexicase,FALSE,20,elitize_generation_data,246,1,0.819,NA
248,99,checksum,lexicase,FALSE,20,elitize_generation_data,247,1,0.823,NA
249,99,checksum,lexicase,FALSE,20,elitize_generation_data,248,1,0.828,NA
250,99,checksum,lexicase,FALSE,20,elitize_generation_data,249,1,0.809,NA
251,99,checksum,lexicase,FALSE,20,elitize_generation_data,250,1,0.824,NA
252,99,checksum,lexicase,FALSE,20,elitize_generation_data,251,1,0.808,NA
253,99,checksum,lexicase,FALSE,20,elitize_generation_data,252,1,0.817,NA
254,99,checksum,lexicase,FALSE,20,elitize_generation_data,253,1,0.837,NA
255,99,checksum,lexicase,FALSE,20,elitize_generation_data,254,2,0.802,NA
256,99,checksum,lexicase,FALSE,20,elitize_generation_data,255,2,0.81,NA
257,99,checksum,lexicase,FALSE,20,elitize_generation_data,256,2,0.821,NA
258,99,checksum,lexicase,FALSE,20,elitize_generation_data,257,1,0.82,NA
259,99,checksum,lexicase,FALSE,20,elitize_generation_data,258,1,0.814,NA
260,99,checksum,lexicase,FALSE,20,elitize_generation_data,259,1,0.815,NA
261,99,checksum,lexicase,FALSE,20,elitize_generation_data,260,1,0.801,NA
262,99,checksum,lexicase,FALSE,20,elitize_generation_data,261,2,0.812,NA
263,99,checksum,lexicase,FALSE,20,elitize_generation_data,262,1,0.797,NA
264,99,checksum,lexicase,FALSE,20,elitize_generation_data,263,2,0.806,NA
265,99,checksum,lexicase,FALSE,20,elitize_generation_data,264,3,0.788,NA
266,99,checksum,lexicase,FALSE,20,elitize_generation_data,265,1,0.796,NA
267,99,checksum,lexicase,FALSE,20,elitize_generation_data,266,3,0.806,NA
268,99,checksum,lexicase,FALSE,20,elitize_generation_data,267,2,0.793,NA
269,99,checksum,lexicase,FALSE,20,elitize_generation_data,268,2,0.797,NA
270,99,checksum,lexicase,FALSE,20,elitize_generation_data,269,2,0.811,NA
271,99,checksum,lexicase,FALSE,20,elitize_generation_data,270,2,0.814,NA
272,99,checksum,lexicase,FALSE,20,elitize_generation_data,271,1,0.814,NA
273,99,checksum,lexicase,FALSE,20,elitize_generation_data,272,1,0.781,NA
274,99,checksum,lexicase,FALSE,20,elitize_generation_data,273,2,0.782,NA
275,99,checksum,lexicase,FALSE,20,elitize_generation_data,274,2,0.799,NA
276,99,checksum,lexicase,FALSE,20,elitize_generation_data,275,2,0.774,NA
277,99,checksum,lexicase,FALSE,20,elitize_generation_data,276,1,0.811,NA
278,99,checksum,lexicase,FALSE,20,elitize_generation_data,277,1,0.825,NA
279,99,checksum,lexicase,FALSE,20,elitize_generation_data,278,2,0.823,NA
280,99,checksum,lexicase,FALSE,20,elitize_generation_data,279,1,0.792,NA
281,99,checksum,lexicase,FALSE,20,elitize_generation_data,280,1,0.794,NA
282,99,checksum,lexicase,FALSE,20,elitize_generation_data,281,1,0.801,NA
283,99,checksum,lexicase,FALSE,20,elitize_generation_data,282,2,0.802,NA
284,99,checksum,lexicase,FALSE,20,elitize_generation_data,283,2,0.787,NA
285,99,checksum,lexicase,FALSE,20,elitize_generation_data,284,1,0.802,NA
286,99,checksum,lexicase,FALSE,20,elitize_generation_data,285,1,0.797,NA
287,99,checksum,lexicase,FALSE,20,elitize_generation_data,286,1,0.812,NA
288,99,checksum,lexicase,FALSE,20,elitize_generation_data,287,2,0.81,NA
289,99,checksum,lexicase,FALSE,20,elitize_generation_data,288,1,0.806,NA
290,99,checksum,lexicase,FALSE,20,elitize_generation_data,289,1,0.785,NA
291,99,checksum,lexicase,FALSE,20,elitize_generation_data,290,2,0.796,NA
292,99,checksum,lexicase,FALSE,20,elitize_generation_data,291,1,0.806,NA
293,99,checksum,lexicase,FALSE,20,elitize_generation_data,292,1,0.8,NA
294,99,checksum,lexicase,FALSE,20,elitize_generation_data,293,1,0.798,NA
295,99,checksum,lexicase,FALSE,20,elitize_generation_data,294,1,0.802,NA
296,99,checksum,lexicase,FALSE,20,elitize_generation_data,295,1,0.817,NA
297,99,checksum,lexicase,FALSE,20,elitize_generation_data,296,1,0.804,NA
298,99,checksum,lexicase,FALSE,20,elitize_generation_data,297,1,0.779,NA
299,99,checksum,lexicase,FALSE,20,elitize_generation_data,298,2,0.794,NA
300,99,checksum,lexicase,FALSE,20,elitize_generation_data,299,1,0.784,NA
301,99,checksum,lexicase,FALSE,20,elitize_generation_data,300,2,0.78,NA
