,run.num,problem,treatment,succeeded,height,normalization.function,generation,cluster.count,error.diversity,success.generation
1,35,checksum,lexicase,FALSE,20,elitize_generation_data,0,2,0.318,NA
2,35,checksum,lexicase,FALSE,20,elitize_generation_data,1,4,0.184,NA
3,35,checksum,lexicase,FALSE,20,elitize_generation_data,2,1,0.367,NA
4,35,checksum,lexicase,FALSE,20,elitize_generation_data,3,1,0.453,NA
5,35,checksum,lexicase,FALSE,20,elitize_generation_data,4,1,0.375,NA
6,35,checksum,lexicase,FALSE,20,elitize_generation_data,5,1,0.403,NA
7,35,checksum,lexicase,FALSE,20,elitize_generation_data,6,1,0.432,NA
8,35,checksum,lexicase,FALSE,20,elitize_generation_data,7,1,0.462,NA
9,35,checksum,lexicase,FALSE,20,elitize_generation_data,8,1,0.458,NA
10,35,checksum,lexicase,FALSE,20,elitize_generation_data,9,1,0.451,NA
11,35,checksum,lexicase,FALSE,20,elitize_generation_data,10,1,0.449,NA
12,35,checksum,lexicase,FALSE,20,elitize_generation_data,11,1,0.483,NA
13,35,checksum,lexicase,FALSE,20,elitize_generation_data,12,1,0.465,NA
14,35,checksum,lexicase,FALSE,20,elitize_generation_data,13,1,0.498,NA
15,35,checksum,lexicase,FALSE,20,elitize_generation_data,14,1,0.5,NA
16,35,checksum,lexicase,FALSE,20,elitize_generation_data,15,1,0.489,NA
17,35,checksum,lexicase,FALSE,20,elitize_generation_data,16,1,0.531,NA
18,35,checksum,lexicase,FALSE,20,elitize_generation_data,17,1,0.53,NA
19,35,checksum,lexicase,FALSE,20,elitize_generation_data,18,1,0.526,NA
20,35,checksum,lexicase,FALSE,20,elitize_generation_data,19,1,0.501,NA
21,35,checksum,lexicase,FALSE,20,elitize_generation_data,20,1,0.549,NA
22,35,checksum,lexicase,FALSE,20,elitize_generation_data,21,1,0.511,NA
23,35,checksum,lexicase,FALSE,20,elitize_generation_data,22,1,0.537,NA
24,35,checksum,lexicase,FALSE,20,elitize_generation_data,23,1,0.513,NA
25,35,checksum,lexicase,FALSE,20,elitize_generation_data,24,1,0.526,NA
26,35,checksum,lexicase,FALSE,20,elitize_generation_data,25,1,0.514,NA
27,35,checksum,lexicase,FALSE,20,elitize_generation_data,26,1,0.542,NA
28,35,checksum,lexicase,FALSE,20,elitize_generation_data,27,1,0.546,NA
29,35,checksum,lexicase,FALSE,20,elitize_generation_data,28,1,0.539,NA
30,35,checksum,lexicase,FALSE,20,elitize_generation_data,29,1,0.547,NA
31,35,checksum,lexicase,FALSE,20,elitize_generation_data,30,1,0.568,NA
32,35,checksum,lexicase,FALSE,20,elitize_generation_data,31,1,0.541,NA
33,35,checksum,lexicase,FALSE,20,elitize_generation_data,32,1,0.551,NA
34,35,checksum,lexicase,FALSE,20,elitize_generation_data,33,1,0.567,NA
35,35,checksum,lexicase,FALSE,20,elitize_generation_data,34,1,0.56,NA
36,35,checksum,lexicase,FALSE,20,elitize_generation_data,35,1,0.573,NA
37,35,checksum,lexicase,FALSE,20,elitize_generation_data,36,1,0.536,NA
38,35,checksum,lexicase,FALSE,20,elitize_generation_data,37,1,0.547,NA
39,35,checksum,lexicase,FALSE,20,elitize_generation_data,38,1,0.572,NA
40,35,checksum,lexicase,FALSE,20,elitize_generation_data,39,1,0.56,NA
41,35,checksum,lexicase,FALSE,20,elitize_generation_data,40,1,0.573,NA
42,35,checksum,lexicase,FALSE,20,elitize_generation_data,41,1,0.57,NA
43,35,checksum,lexicase,FALSE,20,elitize_generation_data,42,1,0.571,NA
44,35,checksum,lexicase,FALSE,20,elitize_generation_data,43,1,0.566,NA
45,35,checksum,lexicase,FALSE,20,elitize_generation_data,44,1,0.574,NA
46,35,checksum,lexicase,FALSE,20,elitize_generation_data,45,1,0.568,NA
47,35,checksum,lexicase,FALSE,20,elitize_generation_data,46,1,0.579,NA
48,35,checksum,lexicase,FALSE,20,elitize_generation_data,47,1,0.61,NA
49,35,checksum,lexicase,FALSE,20,elitize_generation_data,48,1,0.586,NA
50,35,checksum,lexicase,FALSE,20,elitize_generation_data,49,1,0.582,NA
51,35,checksum,lexicase,FALSE,20,elitize_generation_data,50,1,0.575,NA
52,35,checksum,lexicase,FALSE,20,elitize_generation_data,51,1,0.57,NA
53,35,checksum,lexicase,FALSE,20,elitize_generation_data,52,1,0.599,NA
54,35,checksum,lexicase,FALSE,20,elitize_generation_data,53,1,0.618,NA
55,35,checksum,lexicase,FALSE,20,elitize_generation_data,54,1,0.589,NA
56,35,checksum,lexicase,FALSE,20,elitize_generation_data,55,1,0.593,NA
57,35,checksum,lexicase,FALSE,20,elitize_generation_data,56,1,0.578,NA
58,35,checksum,lexicase,FALSE,20,elitize_generation_data,57,1,0.572,NA
59,35,checksum,lexicase,FALSE,20,elitize_generation_data,58,1,0.593,NA
60,35,checksum,lexicase,FALSE,20,elitize_generation_data,59,1,0.596,NA
61,35,checksum,lexicase,FALSE,20,elitize_generation_data,60,1,0.609,NA
62,35,checksum,lexicase,FALSE,20,elitize_generation_data,61,1,0.597,NA
63,35,checksum,lexicase,FALSE,20,elitize_generation_data,62,1,0.584,NA
64,35,checksum,lexicase,FALSE,20,elitize_generation_data,63,1,0.608,NA
65,35,checksum,lexicase,FALSE,20,elitize_generation_data,64,1,0.586,NA
66,35,checksum,lexicase,FALSE,20,elitize_generation_data,65,1,0.596,NA
67,35,checksum,lexicase,FALSE,20,elitize_generation_data,66,1,0.588,NA
68,35,checksum,lexicase,FALSE,20,elitize_generation_data,67,1,0.605,NA
69,35,checksum,lexicase,FALSE,20,elitize_generation_data,68,1,0.606,NA
70,35,checksum,lexicase,FALSE,20,elitize_generation_data,69,1,0.615,NA
71,35,checksum,lexicase,FALSE,20,elitize_generation_data,70,1,0.603,NA
72,35,checksum,lexicase,FALSE,20,elitize_generation_data,71,1,0.595,NA
73,35,checksum,lexicase,FALSE,20,elitize_generation_data,72,1,0.599,NA
74,35,checksum,lexicase,FALSE,20,elitize_generation_data,73,1,0.584,NA
75,35,checksum,lexicase,FALSE,20,elitize_generation_data,74,1,0.614,NA
76,35,checksum,lexicase,FALSE,20,elitize_generation_data,75,1,0.606,NA
77,35,checksum,lexicase,FALSE,20,elitize_generation_data,76,1,0.618,NA
78,35,checksum,lexicase,FALSE,20,elitize_generation_data,77,1,0.625,NA
79,35,checksum,lexicase,FALSE,20,elitize_generation_data,78,1,0.626,NA
80,35,checksum,lexicase,FALSE,20,elitize_generation_data,79,1,0.608,NA
81,35,checksum,lexicase,FALSE,20,elitize_generation_data,80,1,0.615,NA
82,35,checksum,lexicase,FALSE,20,elitize_generation_data,81,1,0.583,NA
83,35,checksum,lexicase,FALSE,20,elitize_generation_data,82,1,0.588,NA
84,35,checksum,lexicase,FALSE,20,elitize_generation_data,83,1,0.608,NA
85,35,checksum,lexicase,FALSE,20,elitize_generation_data,84,1,0.618,NA
86,35,checksum,lexicase,FALSE,20,elitize_generation_data,85,1,0.606,NA
87,35,checksum,lexicase,FALSE,20,elitize_generation_data,86,1,0.596,NA
88,35,checksum,lexicase,FALSE,20,elitize_generation_data,87,1,0.594,NA
89,35,checksum,lexicase,FALSE,20,elitize_generation_data,88,1,0.571,NA
90,35,checksum,lexicase,FALSE,20,elitize_generation_data,89,1,0.578,NA
91,35,checksum,lexicase,FALSE,20,elitize_generation_data,90,1,0.563,NA
92,35,checksum,lexicase,FALSE,20,elitize_generation_data,91,1,0.59,NA
93,35,checksum,lexicase,FALSE,20,elitize_generation_data,92,1,0.611,NA
94,35,checksum,lexicase,FALSE,20,elitize_generation_data,93,1,0.618,NA
95,35,checksum,lexicase,FALSE,20,elitize_generation_data,94,1,0.595,NA
96,35,checksum,lexicase,FALSE,20,elitize_generation_data,95,1,0.594,NA
97,35,checksum,lexicase,FALSE,20,elitize_generation_data,96,1,0.588,NA
98,35,checksum,lexicase,FALSE,20,elitize_generation_data,97,1,0.585,NA
99,35,checksum,lexicase,FALSE,20,elitize_generation_data,98,1,0.557,NA
100,35,checksum,lexicase,FALSE,20,elitize_generation_data,99,1,0.561,NA
101,35,checksum,lexicase,FALSE,20,elitize_generation_data,100,1,0.56,NA
102,35,checksum,lexicase,FALSE,20,elitize_generation_data,101,1,0.588,NA
103,35,checksum,lexicase,FALSE,20,elitize_generation_data,102,1,0.571,NA
104,35,checksum,lexicase,FALSE,20,elitize_generation_data,103,1,0.582,NA
105,35,checksum,lexicase,FALSE,20,elitize_generation_data,104,1,0.569,NA
106,35,checksum,lexicase,FALSE,20,elitize_generation_data,105,1,0.589,NA
107,35,checksum,lexicase,FALSE,20,elitize_generation_data,106,1,0.587,NA
108,35,checksum,lexicase,FALSE,20,elitize_generation_data,107,1,0.592,NA
109,35,checksum,lexicase,FALSE,20,elitize_generation_data,108,1,0.619,NA
110,35,checksum,lexicase,FALSE,20,elitize_generation_data,109,1,0.599,NA
111,35,checksum,lexicase,FALSE,20,elitize_generation_data,110,1,0.584,NA
112,35,checksum,lexicase,FALSE,20,elitize_generation_data,111,1,0.597,NA
113,35,checksum,lexicase,FALSE,20,elitize_generation_data,112,1,0.576,NA
114,35,checksum,lexicase,FALSE,20,elitize_generation_data,113,1,0.589,NA
115,35,checksum,lexicase,FALSE,20,elitize_generation_data,114,1,0.6,NA
116,35,checksum,lexicase,FALSE,20,elitize_generation_data,115,1,0.552,NA
117,35,checksum,lexicase,FALSE,20,elitize_generation_data,116,1,0.563,NA
118,35,checksum,lexicase,FALSE,20,elitize_generation_data,117,1,0.563,NA
119,35,checksum,lexicase,FALSE,20,elitize_generation_data,118,1,0.602,NA
120,35,checksum,lexicase,FALSE,20,elitize_generation_data,119,1,0.578,NA
121,35,checksum,lexicase,FALSE,20,elitize_generation_data,120,1,0.573,NA
122,35,checksum,lexicase,FALSE,20,elitize_generation_data,121,1,0.591,NA
123,35,checksum,lexicase,FALSE,20,elitize_generation_data,122,1,0.574,NA
124,35,checksum,lexicase,FALSE,20,elitize_generation_data,123,1,0.591,NA
125,35,checksum,lexicase,FALSE,20,elitize_generation_data,124,1,0.581,NA
126,35,checksum,lexicase,FALSE,20,elitize_generation_data,125,1,0.58,NA
127,35,checksum,lexicase,FALSE,20,elitize_generation_data,126,1,0.583,NA
128,35,checksum,lexicase,FALSE,20,elitize_generation_data,127,1,0.589,NA
129,35,checksum,lexicase,FALSE,20,elitize_generation_data,128,1,0.573,NA
130,35,checksum,lexicase,FALSE,20,elitize_generation_data,129,1,0.605,NA
131,35,checksum,lexicase,FALSE,20,elitize_generation_data,130,1,0.61,NA
132,35,checksum,lexicase,FALSE,20,elitize_generation_data,131,1,0.639,NA
133,35,checksum,lexicase,FALSE,20,elitize_generation_data,132,1,0.604,NA
134,35,checksum,lexicase,FALSE,20,elitize_generation_data,133,1,0.617,NA
135,35,checksum,lexicase,FALSE,20,elitize_generation_data,134,1,0.624,NA
136,35,checksum,lexicase,FALSE,20,elitize_generation_data,135,1,0.616,NA
137,35,checksum,lexicase,FALSE,20,elitize_generation_data,136,1,0.604,NA
138,35,checksum,lexicase,FALSE,20,elitize_generation_data,137,1,0.602,NA
139,35,checksum,lexicase,FALSE,20,elitize_generation_data,138,1,0.573,NA
140,35,checksum,lexicase,FALSE,20,elitize_generation_data,139,1,0.611,NA
141,35,checksum,lexicase,FALSE,20,elitize_generation_data,140,1,0.605,NA
142,35,checksum,lexicase,FALSE,20,elitize_generation_data,141,1,0.613,NA
143,35,checksum,lexicase,FALSE,20,elitize_generation_data,142,1,0.615,NA
144,35,checksum,lexicase,FALSE,20,elitize_generation_data,143,1,0.628,NA
145,35,checksum,lexicase,FALSE,20,elitize_generation_data,144,1,0.622,NA
146,35,checksum,lexicase,FALSE,20,elitize_generation_data,145,1,0.624,NA
147,35,checksum,lexicase,FALSE,20,elitize_generation_data,146,1,0.591,NA
148,35,checksum,lexicase,FALSE,20,elitize_generation_data,147,1,0.622,NA
149,35,checksum,lexicase,FALSE,20,elitize_generation_data,148,1,0.61,NA
150,35,checksum,lexicase,FALSE,20,elitize_generation_data,149,1,0.601,NA
151,35,checksum,lexicase,FALSE,20,elitize_generation_data,150,1,0.631,NA
152,35,checksum,lexicase,FALSE,20,elitize_generation_data,151,1,0.643,NA
153,35,checksum,lexicase,FALSE,20,elitize_generation_data,152,1,0.617,NA
154,35,checksum,lexicase,FALSE,20,elitize_generation_data,153,1,0.589,NA
155,35,checksum,lexicase,FALSE,20,elitize_generation_data,154,1,0.613,NA
156,35,checksum,lexicase,FALSE,20,elitize_generation_data,155,1,0.627,NA
157,35,checksum,lexicase,FALSE,20,elitize_generation_data,156,1,0.636,NA
158,35,checksum,lexicase,FALSE,20,elitize_generation_data,157,1,0.615,NA
159,35,checksum,lexicase,FALSE,20,elitize_generation_data,158,1,0.61,NA
160,35,checksum,lexicase,FALSE,20,elitize_generation_data,159,1,0.578,NA
161,35,checksum,lexicase,FALSE,20,elitize_generation_data,160,1,0.587,NA
162,35,checksum,lexicase,FALSE,20,elitize_generation_data,161,1,0.613,NA
163,35,checksum,lexicase,FALSE,20,elitize_generation_data,162,1,0.605,NA
164,35,checksum,lexicase,FALSE,20,elitize_generation_data,163,1,0.611,NA
165,35,checksum,lexicase,FALSE,20,elitize_generation_data,164,1,0.592,NA
166,35,checksum,lexicase,FALSE,20,elitize_generation_data,165,1,0.58,NA
167,35,checksum,lexicase,FALSE,20,elitize_generation_data,166,1,0.597,NA
168,35,checksum,lexicase,FALSE,20,elitize_generation_data,167,1,0.599,NA
169,35,checksum,lexicase,FALSE,20,elitize_generation_data,168,1,0.594,NA
170,35,checksum,lexicase,FALSE,20,elitize_generation_data,169,1,0.592,NA
171,35,checksum,lexicase,FALSE,20,elitize_generation_data,170,1,0.613,NA
172,35,checksum,lexicase,FALSE,20,elitize_generation_data,171,1,0.586,NA
173,35,checksum,lexicase,FALSE,20,elitize_generation_data,172,1,0.627,NA
174,35,checksum,lexicase,FALSE,20,elitize_generation_data,173,1,0.617,NA
175,35,checksum,lexicase,FALSE,20,elitize_generation_data,174,1,0.627,NA
176,35,checksum,lexicase,FALSE,20,elitize_generation_data,175,1,0.602,NA
177,35,checksum,lexicase,FALSE,20,elitize_generation_data,176,1,0.597,NA
178,35,checksum,lexicase,FALSE,20,elitize_generation_data,177,1,0.599,NA
179,35,checksum,lexicase,FALSE,20,elitize_generation_data,178,1,0.605,NA
180,35,checksum,lexicase,FALSE,20,elitize_generation_data,179,1,0.621,NA
181,35,checksum,lexicase,FALSE,20,elitize_generation_data,180,1,0.601,NA
182,35,checksum,lexicase,FALSE,20,elitize_generation_data,181,1,0.612,NA
183,35,checksum,lexicase,FALSE,20,elitize_generation_data,182,1,0.614,NA
184,35,checksum,lexicase,FALSE,20,elitize_generation_data,183,1,0.61,NA
185,35,checksum,lexicase,FALSE,20,elitize_generation_data,184,1,0.626,NA
186,35,checksum,lexicase,FALSE,20,elitize_generation_data,185,1,0.61,NA
187,35,checksum,lexicase,FALSE,20,elitize_generation_data,186,1,0.588,NA
188,35,checksum,lexicase,FALSE,20,elitize_generation_data,187,1,0.599,NA
189,35,checksum,lexicase,FALSE,20,elitize_generation_data,188,1,0.626,NA
190,35,checksum,lexicase,FALSE,20,elitize_generation_data,189,1,0.638,NA
191,35,checksum,lexicase,FALSE,20,elitize_generation_data,190,1,0.622,NA
192,35,checksum,lexicase,FALSE,20,elitize_generation_data,191,1,0.601,NA
193,35,checksum,lexicase,FALSE,20,elitize_generation_data,192,1,0.619,NA
194,35,checksum,lexicase,FALSE,20,elitize_generation_data,193,1,0.604,NA
195,35,checksum,lexicase,FALSE,20,elitize_generation_data,194,1,0.608,NA
196,35,checksum,lexicase,FALSE,20,elitize_generation_data,195,1,0.604,NA
197,35,checksum,lexicase,FALSE,20,elitize_generation_data,196,1,0.626,NA
198,35,checksum,lexicase,FALSE,20,elitize_generation_data,197,1,0.611,NA
199,35,checksum,lexicase,FALSE,20,elitize_generation_data,198,1,0.627,NA
200,35,checksum,lexicase,FALSE,20,elitize_generation_data,199,1,0.605,NA
201,35,checksum,lexicase,FALSE,20,elitize_generation_data,200,1,0.619,NA
202,35,checksum,lexicase,FALSE,20,elitize_generation_data,201,1,0.609,NA
203,35,checksum,lexicase,FALSE,20,elitize_generation_data,202,1,0.621,NA
204,35,checksum,lexicase,FALSE,20,elitize_generation_data,203,1,0.564,NA
205,35,checksum,lexicase,FALSE,20,elitize_generation_data,204,1,0.616,NA
206,35,checksum,lexicase,FALSE,20,elitize_generation_data,205,1,0.616,NA
207,35,checksum,lexicase,FALSE,20,elitize_generation_data,206,1,0.618,NA
208,35,checksum,lexicase,FALSE,20,elitize_generation_data,207,1,0.618,NA
209,35,checksum,lexicase,FALSE,20,elitize_generation_data,208,1,0.614,NA
210,35,checksum,lexicase,FALSE,20,elitize_generation_data,209,1,0.615,NA
211,35,checksum,lexicase,FALSE,20,elitize_generation_data,210,1,0.628,NA
212,35,checksum,lexicase,FALSE,20,elitize_generation_data,211,1,0.643,NA
213,35,checksum,lexicase,FALSE,20,elitize_generation_data,212,1,0.618,NA
214,35,checksum,lexicase,FALSE,20,elitize_generation_data,213,1,0.659,NA
215,35,checksum,lexicase,FALSE,20,elitize_generation_data,214,1,0.601,NA
216,35,checksum,lexicase,FALSE,20,elitize_generation_data,215,1,0.623,NA
217,35,checksum,lexicase,FALSE,20,elitize_generation_data,216,1,0.617,NA
218,35,checksum,lexicase,FALSE,20,elitize_generation_data,217,1,0.62,NA
219,35,checksum,lexicase,FALSE,20,elitize_generation_data,218,1,0.625,NA
220,35,checksum,lexicase,FALSE,20,elitize_generation_data,219,1,0.622,NA
221,35,checksum,lexicase,FALSE,20,elitize_generation_data,220,1,0.651,NA
222,35,checksum,lexicase,FALSE,20,elitize_generation_data,221,1,0.625,NA
223,35,checksum,lexicase,FALSE,20,elitize_generation_data,222,1,0.628,NA
224,35,checksum,lexicase,FALSE,20,elitize_generation_data,223,1,0.641,NA
225,35,checksum,lexicase,FALSE,20,elitize_generation_data,224,1,0.631,NA
226,35,checksum,lexicase,FALSE,20,elitize_generation_data,225,1,0.623,NA
227,35,checksum,lexicase,FALSE,20,elitize_generation_data,226,1,0.608,NA
228,35,checksum,lexicase,FALSE,20,elitize_generation_data,227,1,0.645,NA
229,35,checksum,lexicase,FALSE,20,elitize_generation_data,228,1,0.623,NA
230,35,checksum,lexicase,FALSE,20,elitize_generation_data,229,1,0.627,NA
231,35,checksum,lexicase,FALSE,20,elitize_generation_data,230,1,0.64,NA
232,35,checksum,lexicase,FALSE,20,elitize_generation_data,231,1,0.634,NA
233,35,checksum,lexicase,FALSE,20,elitize_generation_data,232,1,0.655,NA
234,35,checksum,lexicase,FALSE,20,elitize_generation_data,233,1,0.618,NA
235,35,checksum,lexicase,FALSE,20,elitize_generation_data,234,1,0.61,NA
236,35,checksum,lexicase,FALSE,20,elitize_generation_data,235,1,0.62,NA
237,35,checksum,lexicase,FALSE,20,elitize_generation_data,236,1,0.629,NA
238,35,checksum,lexicase,FALSE,20,elitize_generation_data,237,1,0.606,NA
239,35,checksum,lexicase,FALSE,20,elitize_generation_data,238,1,0.61,NA
240,35,checksum,lexicase,FALSE,20,elitize_generation_data,239,1,0.625,NA
241,35,checksum,lexicase,FALSE,20,elitize_generation_data,240,1,0.61,NA
242,35,checksum,lexicase,FALSE,20,elitize_generation_data,241,1,0.605,NA
243,35,checksum,lexicase,FALSE,20,elitize_generation_data,242,1,0.618,NA
244,35,checksum,lexicase,FALSE,20,elitize_generation_data,243,1,0.624,NA
245,35,checksum,lexicase,FALSE,20,elitize_generation_data,244,1,0.635,NA
246,35,checksum,lexicase,FALSE,20,elitize_generation_data,245,1,0.66,NA
247,35,checksum,lexicase,FALSE,20,elitize_generation_data,246,1,0.635,NA
248,35,checksum,lexicase,FALSE,20,elitize_generation_data,247,1,0.649,NA
249,35,checksum,lexicase,FALSE,20,elitize_generation_data,248,1,0.654,NA
250,35,checksum,lexicase,FALSE,20,elitize_generation_data,249,1,0.608,NA
251,35,checksum,lexicase,FALSE,20,elitize_generation_data,250,1,0.592,NA
252,35,checksum,lexicase,FALSE,20,elitize_generation_data,251,1,0.621,NA
253,35,checksum,lexicase,FALSE,20,elitize_generation_data,252,1,0.648,NA
254,35,checksum,lexicase,FALSE,20,elitize_generation_data,253,1,0.613,NA
255,35,checksum,lexicase,FALSE,20,elitize_generation_data,254,1,0.622,NA
256,35,checksum,lexicase,FALSE,20,elitize_generation_data,255,1,0.635,NA
257,35,checksum,lexicase,FALSE,20,elitize_generation_data,256,1,0.638,NA
258,35,checksum,lexicase,FALSE,20,elitize_generation_data,257,1,0.634,NA
259,35,checksum,lexicase,FALSE,20,elitize_generation_data,258,1,0.643,NA
260,35,checksum,lexicase,FALSE,20,elitize_generation_data,259,1,0.63,NA
261,35,checksum,lexicase,FALSE,20,elitize_generation_data,260,1,0.637,NA
262,35,checksum,lexicase,FALSE,20,elitize_generation_data,261,1,0.643,NA
263,35,checksum,lexicase,FALSE,20,elitize_generation_data,262,1,0.615,NA
264,35,checksum,lexicase,FALSE,20,elitize_generation_data,263,1,0.62,NA
265,35,checksum,lexicase,FALSE,20,elitize_generation_data,264,1,0.649,NA
266,35,checksum,lexicase,FALSE,20,elitize_generation_data,265,1,0.626,NA
267,35,checksum,lexicase,FALSE,20,elitize_generation_data,266,1,0.641,NA
268,35,checksum,lexicase,FALSE,20,elitize_generation_data,267,1,0.65,NA
269,35,checksum,lexicase,FALSE,20,elitize_generation_data,268,1,0.622,NA
270,35,checksum,lexicase,FALSE,20,elitize_generation_data,269,1,0.647,NA
271,35,checksum,lexicase,FALSE,20,elitize_generation_data,270,1,0.648,NA
272,35,checksum,lexicase,FALSE,20,elitize_generation_data,271,1,0.652,NA
273,35,checksum,lexicase,FALSE,20,elitize_generation_data,272,1,0.644,NA
274,35,checksum,lexicase,FALSE,20,elitize_generation_data,273,1,0.666,NA
275,35,checksum,lexicase,FALSE,20,elitize_generation_data,274,1,0.636,NA
276,35,checksum,lexicase,FALSE,20,elitize_generation_data,275,1,0.653,NA
277,35,checksum,lexicase,FALSE,20,elitize_generation_data,276,1,0.644,NA
278,35,checksum,lexicase,FALSE,20,elitize_generation_data,277,1,0.632,NA
279,35,checksum,lexicase,FALSE,20,elitize_generation_data,278,1,0.663,NA
280,35,checksum,lexicase,FALSE,20,elitize_generation_data,279,1,0.618,NA
281,35,checksum,lexicase,FALSE,20,elitize_generation_data,280,1,0.645,NA
282,35,checksum,lexicase,FALSE,20,elitize_generation_data,281,1,0.646,NA
283,35,checksum,lexicase,FALSE,20,elitize_generation_data,282,1,0.658,NA
284,35,checksum,lexicase,FALSE,20,elitize_generation_data,283,1,0.633,NA
285,35,checksum,lexicase,FALSE,20,elitize_generation_data,284,1,0.615,NA
286,35,checksum,lexicase,FALSE,20,elitize_generation_data,285,1,0.628,NA
287,35,checksum,lexicase,FALSE,20,elitize_generation_data,286,1,0.607,NA
288,35,checksum,lexicase,FALSE,20,elitize_generation_data,287,1,0.613,NA
289,35,checksum,lexicase,FALSE,20,elitize_generation_data,288,1,0.624,NA
290,35,checksum,lexicase,FALSE,20,elitize_generation_data,289,1,0.629,NA
291,35,checksum,lexicase,FALSE,20,elitize_generation_data,290,1,0.608,NA
292,35,checksum,lexicase,FALSE,20,elitize_generation_data,291,1,0.629,NA
293,35,checksum,lexicase,FALSE,20,elitize_generation_data,292,1,0.606,NA
294,35,checksum,lexicase,FALSE,20,elitize_generation_data,293,1,0.629,NA
295,35,checksum,lexicase,FALSE,20,elitize_generation_data,294,1,0.637,NA
296,35,checksum,lexicase,FALSE,20,elitize_generation_data,295,1,0.631,NA
297,35,checksum,lexicase,FALSE,20,elitize_generation_data,296,1,0.639,NA
298,35,checksum,lexicase,FALSE,20,elitize_generation_data,297,1,0.596,NA
299,35,checksum,lexicase,FALSE,20,elitize_generation_data,298,1,0.684,NA
300,35,checksum,lexicase,FALSE,20,elitize_generation_data,299,1,0.627,NA
301,35,checksum,lexicase,FALSE,20,elitize_generation_data,300,1,0.635,NA
