,run.num,problem,treatment,succeeded,height,normalization.function,generation,cluster.count,error.diversity,success.generation
1,74,checksum,lexicase,FALSE,20,elitize_generation_data,0,3,0.297,NA
2,74,checksum,lexicase,FALSE,20,elitize_generation_data,1,3,0.13,NA
3,74,checksum,lexicase,FALSE,20,elitize_generation_data,2,2,0.259,NA
4,74,checksum,lexicase,FALSE,20,elitize_generation_data,3,2,0.287,NA
5,74,checksum,lexicase,FALSE,20,elitize_generation_data,4,2,0.272,NA
6,74,checksum,lexicase,FALSE,20,elitize_generation_data,5,1,0.241,NA
7,74,checksum,lexicase,FALSE,20,elitize_generation_data,6,1,0.259,NA
8,74,checksum,lexicase,FALSE,20,elitize_generation_data,7,1,0.261,NA
9,74,checksum,lexicase,FALSE,20,elitize_generation_data,8,1,0.26,NA
10,74,checksum,lexicase,FALSE,20,elitize_generation_data,9,1,0.255,NA
11,74,checksum,lexicase,FALSE,20,elitize_generation_data,10,1,0.24,NA
12,74,checksum,lexicase,FALSE,20,elitize_generation_data,11,1,0.265,NA
13,74,checksum,lexicase,FALSE,20,elitize_generation_data,12,1,0.258,NA
14,74,checksum,lexicase,FALSE,20,elitize_generation_data,13,1,0.26,NA
15,74,checksum,lexicase,FALSE,20,elitize_generation_data,14,1,0.239,NA
16,74,checksum,lexicase,FALSE,20,elitize_generation_data,15,1,0.246,NA
17,74,checksum,lexicase,FALSE,20,elitize_generation_data,16,1,0.255,NA
18,74,checksum,lexicase,FALSE,20,elitize_generation_data,17,1,0.233,NA
19,74,checksum,lexicase,FALSE,20,elitize_generation_data,18,1,0.248,NA
20,74,checksum,lexicase,FALSE,20,elitize_generation_data,19,1,0.251,NA
21,74,checksum,lexicase,FALSE,20,elitize_generation_data,20,1,0.236,NA
22,74,checksum,lexicase,FALSE,20,elitize_generation_data,21,1,0.223,NA
23,74,checksum,lexicase,FALSE,20,elitize_generation_data,22,1,0.243,NA
24,74,checksum,lexicase,FALSE,20,elitize_generation_data,23,1,0.252,NA
25,74,checksum,lexicase,FALSE,20,elitize_generation_data,24,1,0.233,NA
26,74,checksum,lexicase,FALSE,20,elitize_generation_data,25,1,0.245,NA
27,74,checksum,lexicase,FALSE,20,elitize_generation_data,26,1,0.238,NA
28,74,checksum,lexicase,FALSE,20,elitize_generation_data,27,1,0.235,NA
29,74,checksum,lexicase,FALSE,20,elitize_generation_data,28,1,0.227,NA
30,74,checksum,lexicase,FALSE,20,elitize_generation_data,29,1,0.23,NA
31,74,checksum,lexicase,FALSE,20,elitize_generation_data,30,1,0.228,NA
32,74,checksum,lexicase,FALSE,20,elitize_generation_data,31,1,0.225,NA
33,74,checksum,lexicase,FALSE,20,elitize_generation_data,32,1,0.253,NA
34,74,checksum,lexicase,FALSE,20,elitize_generation_data,33,1,0.222,NA
35,74,checksum,lexicase,FALSE,20,elitize_generation_data,34,1,0.24,NA
36,74,checksum,lexicase,FALSE,20,elitize_generation_data,35,1,0.243,NA
37,74,checksum,lexicase,FALSE,20,elitize_generation_data,36,1,0.225,NA
38,74,checksum,lexicase,FALSE,20,elitize_generation_data,37,1,0.243,NA
39,74,checksum,lexicase,FALSE,20,elitize_generation_data,38,1,0.21,NA
40,74,checksum,lexicase,FALSE,20,elitize_generation_data,39,1,0.226,NA
41,74,checksum,lexicase,FALSE,20,elitize_generation_data,40,1,0.217,NA
42,74,checksum,lexicase,FALSE,20,elitize_generation_data,41,1,0.228,NA
43,74,checksum,lexicase,FALSE,20,elitize_generation_data,42,1,0.238,NA
44,74,checksum,lexicase,FALSE,20,elitize_generation_data,43,1,0.221,NA
45,74,checksum,lexicase,FALSE,20,elitize_generation_data,44,1,0.205,NA
46,74,checksum,lexicase,FALSE,20,elitize_generation_data,45,1,0.219,NA
47,74,checksum,lexicase,FALSE,20,elitize_generation_data,46,1,0.222,NA
48,74,checksum,lexicase,FALSE,20,elitize_generation_data,47,1,0.234,NA
49,74,checksum,lexicase,FALSE,20,elitize_generation_data,48,1,0.231,NA
50,74,checksum,lexicase,FALSE,20,elitize_generation_data,49,1,0.204,NA
51,74,checksum,lexicase,FALSE,20,elitize_generation_data,50,1,0.207,NA
52,74,checksum,lexicase,FALSE,20,elitize_generation_data,51,1,0.198,NA
53,74,checksum,lexicase,FALSE,20,elitize_generation_data,52,1,0.214,NA
54,74,checksum,lexicase,FALSE,20,elitize_generation_data,53,1,0.223,NA
55,74,checksum,lexicase,FALSE,20,elitize_generation_data,54,1,0.216,NA
56,74,checksum,lexicase,FALSE,20,elitize_generation_data,55,1,0.207,NA
57,74,checksum,lexicase,FALSE,20,elitize_generation_data,56,1,0.209,NA
58,74,checksum,lexicase,FALSE,20,elitize_generation_data,57,1,0.206,NA
59,74,checksum,lexicase,FALSE,20,elitize_generation_data,58,1,0.219,NA
60,74,checksum,lexicase,FALSE,20,elitize_generation_data,59,1,0.212,NA
61,74,checksum,lexicase,FALSE,20,elitize_generation_data,60,1,0.22,NA
62,74,checksum,lexicase,FALSE,20,elitize_generation_data,61,1,0.218,NA
63,74,checksum,lexicase,FALSE,20,elitize_generation_data,62,1,0.233,NA
64,74,checksum,lexicase,FALSE,20,elitize_generation_data,63,1,0.201,NA
65,74,checksum,lexicase,FALSE,20,elitize_generation_data,64,1,0.195,NA
66,74,checksum,lexicase,FALSE,20,elitize_generation_data,65,1,0.205,NA
67,74,checksum,lexicase,FALSE,20,elitize_generation_data,66,1,0.204,NA
68,74,checksum,lexicase,FALSE,20,elitize_generation_data,67,1,0.213,NA
69,74,checksum,lexicase,FALSE,20,elitize_generation_data,68,1,0.203,NA
70,74,checksum,lexicase,FALSE,20,elitize_generation_data,69,1,0.19,NA
71,74,checksum,lexicase,FALSE,20,elitize_generation_data,70,1,0.206,NA
72,74,checksum,lexicase,FALSE,20,elitize_generation_data,71,1,0.198,NA
73,74,checksum,lexicase,FALSE,20,elitize_generation_data,72,1,0.188,NA
74,74,checksum,lexicase,FALSE,20,elitize_generation_data,73,1,0.219,NA
75,74,checksum,lexicase,FALSE,20,elitize_generation_data,74,1,0.21,NA
76,74,checksum,lexicase,FALSE,20,elitize_generation_data,75,1,0.213,NA
77,74,checksum,lexicase,FALSE,20,elitize_generation_data,76,1,0.204,NA
78,74,checksum,lexicase,FALSE,20,elitize_generation_data,77,1,0.187,NA
79,74,checksum,lexicase,FALSE,20,elitize_generation_data,78,1,0.201,NA
80,74,checksum,lexicase,FALSE,20,elitize_generation_data,79,1,0.208,NA
81,74,checksum,lexicase,FALSE,20,elitize_generation_data,80,1,0.197,NA
82,74,checksum,lexicase,FALSE,20,elitize_generation_data,81,1,0.214,NA
83,74,checksum,lexicase,FALSE,20,elitize_generation_data,82,1,0.191,NA
84,74,checksum,lexicase,FALSE,20,elitize_generation_data,83,1,0.189,NA
85,74,checksum,lexicase,FALSE,20,elitize_generation_data,84,1,0.198,NA
86,74,checksum,lexicase,FALSE,20,elitize_generation_data,85,1,0.206,NA
87,74,checksum,lexicase,FALSE,20,elitize_generation_data,86,1,0.176,NA
88,74,checksum,lexicase,FALSE,20,elitize_generation_data,87,1,0.19,NA
89,74,checksum,lexicase,FALSE,20,elitize_generation_data,88,1,0.193,NA
90,74,checksum,lexicase,FALSE,20,elitize_generation_data,89,1,0.199,NA
91,74,checksum,lexicase,FALSE,20,elitize_generation_data,90,1,0.196,NA
92,74,checksum,lexicase,FALSE,20,elitize_generation_data,91,1,0.188,NA
93,74,checksum,lexicase,FALSE,20,elitize_generation_data,92,1,0.2,NA
94,74,checksum,lexicase,FALSE,20,elitize_generation_data,93,1,0.187,NA
95,74,checksum,lexicase,FALSE,20,elitize_generation_data,94,1,0.215,NA
96,74,checksum,lexicase,FALSE,20,elitize_generation_data,95,1,0.195,NA
97,74,checksum,lexicase,FALSE,20,elitize_generation_data,96,1,0.211,NA
98,74,checksum,lexicase,FALSE,20,elitize_generation_data,97,1,0.195,NA
99,74,checksum,lexicase,FALSE,20,elitize_generation_data,98,1,0.197,NA
100,74,checksum,lexicase,FALSE,20,elitize_generation_data,99,1,0.192,NA
101,74,checksum,lexicase,FALSE,20,elitize_generation_data,100,1,0.192,NA
102,74,checksum,lexicase,FALSE,20,elitize_generation_data,101,1,0.198,NA
103,74,checksum,lexicase,FALSE,20,elitize_generation_data,102,1,0.205,NA
104,74,checksum,lexicase,FALSE,20,elitize_generation_data,103,1,0.211,NA
105,74,checksum,lexicase,FALSE,20,elitize_generation_data,104,1,0.193,NA
106,74,checksum,lexicase,FALSE,20,elitize_generation_data,105,1,0.197,NA
107,74,checksum,lexicase,FALSE,20,elitize_generation_data,106,1,0.179,NA
108,74,checksum,lexicase,FALSE,20,elitize_generation_data,107,1,0.214,NA
109,74,checksum,lexicase,FALSE,20,elitize_generation_data,108,1,0.202,NA
110,74,checksum,lexicase,FALSE,20,elitize_generation_data,109,1,0.186,NA
111,74,checksum,lexicase,FALSE,20,elitize_generation_data,110,1,0.195,NA
112,74,checksum,lexicase,FALSE,20,elitize_generation_data,111,1,0.179,NA
113,74,checksum,lexicase,FALSE,20,elitize_generation_data,112,1,0.197,NA
114,74,checksum,lexicase,FALSE,20,elitize_generation_data,113,1,0.19,NA
115,74,checksum,lexicase,FALSE,20,elitize_generation_data,114,1,0.19,NA
116,74,checksum,lexicase,FALSE,20,elitize_generation_data,115,1,0.201,NA
117,74,checksum,lexicase,FALSE,20,elitize_generation_data,116,1,0.193,NA
118,74,checksum,lexicase,FALSE,20,elitize_generation_data,117,1,0.21,NA
119,74,checksum,lexicase,FALSE,20,elitize_generation_data,118,1,0.195,NA
120,74,checksum,lexicase,FALSE,20,elitize_generation_data,119,1,0.191,NA
121,74,checksum,lexicase,FALSE,20,elitize_generation_data,120,1,0.192,NA
122,74,checksum,lexicase,FALSE,20,elitize_generation_data,121,1,0.187,NA
123,74,checksum,lexicase,FALSE,20,elitize_generation_data,122,1,0.185,NA
124,74,checksum,lexicase,FALSE,20,elitize_generation_data,123,1,0.193,NA
125,74,checksum,lexicase,FALSE,20,elitize_generation_data,124,1,0.185,NA
126,74,checksum,lexicase,FALSE,20,elitize_generation_data,125,1,0.197,NA
127,74,checksum,lexicase,FALSE,20,elitize_generation_data,126,1,0.199,NA
128,74,checksum,lexicase,FALSE,20,elitize_generation_data,127,1,0.187,NA
129,74,checksum,lexicase,FALSE,20,elitize_generation_data,128,1,0.181,NA
130,74,checksum,lexicase,FALSE,20,elitize_generation_data,129,1,0.2,NA
131,74,checksum,lexicase,FALSE,20,elitize_generation_data,130,1,0.179,NA
132,74,checksum,lexicase,FALSE,20,elitize_generation_data,131,1,0.181,NA
133,74,checksum,lexicase,FALSE,20,elitize_generation_data,132,1,0.184,NA
134,74,checksum,lexicase,FALSE,20,elitize_generation_data,133,1,0.21,NA
135,74,checksum,lexicase,FALSE,20,elitize_generation_data,134,1,0.2,NA
136,74,checksum,lexicase,FALSE,20,elitize_generation_data,135,1,0.183,NA
137,74,checksum,lexicase,FALSE,20,elitize_generation_data,136,1,0.193,NA
138,74,checksum,lexicase,FALSE,20,elitize_generation_data,137,1,0.191,NA
139,74,checksum,lexicase,FALSE,20,elitize_generation_data,138,1,0.212,NA
140,74,checksum,lexicase,FALSE,20,elitize_generation_data,139,1,0.185,NA
141,74,checksum,lexicase,FALSE,20,elitize_generation_data,140,1,0.198,NA
142,74,checksum,lexicase,FALSE,20,elitize_generation_data,141,1,0.194,NA
143,74,checksum,lexicase,FALSE,20,elitize_generation_data,142,1,0.203,NA
144,74,checksum,lexicase,FALSE,20,elitize_generation_data,143,1,0.194,NA
145,74,checksum,lexicase,FALSE,20,elitize_generation_data,144,1,0.204,NA
146,74,checksum,lexicase,FALSE,20,elitize_generation_data,145,1,0.197,NA
147,74,checksum,lexicase,FALSE,20,elitize_generation_data,146,1,0.203,NA
148,74,checksum,lexicase,FALSE,20,elitize_generation_data,147,1,0.202,NA
149,74,checksum,lexicase,FALSE,20,elitize_generation_data,148,1,0.189,NA
150,74,checksum,lexicase,FALSE,20,elitize_generation_data,149,1,0.196,NA
151,74,checksum,lexicase,FALSE,20,elitize_generation_data,150,1,0.199,NA
152,74,checksum,lexicase,FALSE,20,elitize_generation_data,151,1,0.212,NA
153,74,checksum,lexicase,FALSE,20,elitize_generation_data,152,1,0.188,NA
154,74,checksum,lexicase,FALSE,20,elitize_generation_data,153,1,0.196,NA
155,74,checksum,lexicase,FALSE,20,elitize_generation_data,154,1,0.198,NA
156,74,checksum,lexicase,FALSE,20,elitize_generation_data,155,1,0.188,NA
157,74,checksum,lexicase,FALSE,20,elitize_generation_data,156,1,0.203,NA
158,74,checksum,lexicase,FALSE,20,elitize_generation_data,157,1,0.204,NA
159,74,checksum,lexicase,FALSE,20,elitize_generation_data,158,1,0.197,NA
160,74,checksum,lexicase,FALSE,20,elitize_generation_data,159,1,0.209,NA
161,74,checksum,lexicase,FALSE,20,elitize_generation_data,160,1,0.19,NA
162,74,checksum,lexicase,FALSE,20,elitize_generation_data,161,1,0.189,NA
163,74,checksum,lexicase,FALSE,20,elitize_generation_data,162,1,0.2,NA
164,74,checksum,lexicase,FALSE,20,elitize_generation_data,163,1,0.197,NA
165,74,checksum,lexicase,FALSE,20,elitize_generation_data,164,1,0.183,NA
166,74,checksum,lexicase,FALSE,20,elitize_generation_data,165,1,0.204,NA
167,74,checksum,lexicase,FALSE,20,elitize_generation_data,166,1,0.194,NA
168,74,checksum,lexicase,FALSE,20,elitize_generation_data,167,1,0.201,NA
169,74,checksum,lexicase,FALSE,20,elitize_generation_data,168,1,0.215,NA
170,74,checksum,lexicase,FALSE,20,elitize_generation_data,169,1,0.199,NA
171,74,checksum,lexicase,FALSE,20,elitize_generation_data,170,1,0.206,NA
172,74,checksum,lexicase,FALSE,20,elitize_generation_data,171,1,0.219,NA
173,74,checksum,lexicase,FALSE,20,elitize_generation_data,172,1,0.213,NA
174,74,checksum,lexicase,FALSE,20,elitize_generation_data,173,1,0.194,NA
175,74,checksum,lexicase,FALSE,20,elitize_generation_data,174,1,0.204,NA
176,74,checksum,lexicase,FALSE,20,elitize_generation_data,175,1,0.213,NA
177,74,checksum,lexicase,FALSE,20,elitize_generation_data,176,1,0.197,NA
178,74,checksum,lexicase,FALSE,20,elitize_generation_data,177,1,0.204,NA
179,74,checksum,lexicase,FALSE,20,elitize_generation_data,178,1,0.193,NA
180,74,checksum,lexicase,FALSE,20,elitize_generation_data,179,1,0.22,NA
181,74,checksum,lexicase,FALSE,20,elitize_generation_data,180,1,0.198,NA
182,74,checksum,lexicase,FALSE,20,elitize_generation_data,181,1,0.219,NA
183,74,checksum,lexicase,FALSE,20,elitize_generation_data,182,1,0.21,NA
184,74,checksum,lexicase,FALSE,20,elitize_generation_data,183,1,0.193,NA
185,74,checksum,lexicase,FALSE,20,elitize_generation_data,184,1,0.21,NA
186,74,checksum,lexicase,FALSE,20,elitize_generation_data,185,1,0.207,NA
187,74,checksum,lexicase,FALSE,20,elitize_generation_data,186,1,0.201,NA
188,74,checksum,lexicase,FALSE,20,elitize_generation_data,187,1,0.197,NA
189,74,checksum,lexicase,FALSE,20,elitize_generation_data,188,1,0.206,NA
190,74,checksum,lexicase,FALSE,20,elitize_generation_data,189,1,0.209,NA
191,74,checksum,lexicase,FALSE,20,elitize_generation_data,190,1,0.215,NA
192,74,checksum,lexicase,FALSE,20,elitize_generation_data,191,1,0.198,NA
193,74,checksum,lexicase,FALSE,20,elitize_generation_data,192,1,0.208,NA
194,74,checksum,lexicase,FALSE,20,elitize_generation_data,193,1,0.21,NA
195,74,checksum,lexicase,FALSE,20,elitize_generation_data,194,1,0.215,NA
196,74,checksum,lexicase,FALSE,20,elitize_generation_data,195,1,0.209,NA
197,74,checksum,lexicase,FALSE,20,elitize_generation_data,196,1,0.206,NA
198,74,checksum,lexicase,FALSE,20,elitize_generation_data,197,1,0.214,NA
199,74,checksum,lexicase,FALSE,20,elitize_generation_data,198,1,0.203,NA
200,74,checksum,lexicase,FALSE,20,elitize_generation_data,199,1,0.221,NA
201,74,checksum,lexicase,FALSE,20,elitize_generation_data,200,1,0.211,NA
202,74,checksum,lexicase,FALSE,20,elitize_generation_data,201,1,0.217,NA
203,74,checksum,lexicase,FALSE,20,elitize_generation_data,202,1,0.216,NA
204,74,checksum,lexicase,FALSE,20,elitize_generation_data,203,1,0.255,NA
205,74,checksum,lexicase,FALSE,20,elitize_generation_data,204,1,0.219,NA
206,74,checksum,lexicase,FALSE,20,elitize_generation_data,205,1,0.253,NA
207,74,checksum,lexicase,FALSE,20,elitize_generation_data,206,1,0.319,NA
208,74,checksum,lexicase,FALSE,20,elitize_generation_data,207,1,0.353,NA
209,74,checksum,lexicase,FALSE,20,elitize_generation_data,208,1,0.401,NA
210,74,checksum,lexicase,FALSE,20,elitize_generation_data,209,1,0.432,NA
211,74,checksum,lexicase,FALSE,20,elitize_generation_data,210,1,0.478,NA
212,74,checksum,lexicase,FALSE,20,elitize_generation_data,211,1,0.532,NA
213,74,checksum,lexicase,FALSE,20,elitize_generation_data,212,1,0.564,NA
214,74,checksum,lexicase,FALSE,20,elitize_generation_data,213,1,0.58,NA
215,74,checksum,lexicase,FALSE,20,elitize_generation_data,214,1,0.625,NA
216,74,checksum,lexicase,FALSE,20,elitize_generation_data,215,1,0.616,NA
217,74,checksum,lexicase,FALSE,20,elitize_generation_data,216,1,0.633,NA
218,74,checksum,lexicase,FALSE,20,elitize_generation_data,217,2,0.619,NA
219,74,checksum,lexicase,FALSE,20,elitize_generation_data,218,2,0.663,NA
220,74,checksum,lexicase,FALSE,20,elitize_generation_data,219,1,0.65,NA
221,74,checksum,lexicase,FALSE,20,elitize_generation_data,220,1,0.645,NA
222,74,checksum,lexicase,FALSE,20,elitize_generation_data,221,1,0.644,NA
223,74,checksum,lexicase,FALSE,20,elitize_generation_data,222,2,0.688,NA
224,74,checksum,lexicase,FALSE,20,elitize_generation_data,223,1,0.69,NA
225,74,checksum,lexicase,FALSE,20,elitize_generation_data,224,1,0.686,NA
226,74,checksum,lexicase,FALSE,20,elitize_generation_data,225,1,0.684,NA
227,74,checksum,lexicase,FALSE,20,elitize_generation_data,226,1,0.672,NA
228,74,checksum,lexicase,FALSE,20,elitize_generation_data,227,1,0.681,NA
229,74,checksum,lexicase,FALSE,20,elitize_generation_data,228,2,0.676,NA
230,74,checksum,lexicase,FALSE,20,elitize_generation_data,229,2,0.68,NA
231,74,checksum,lexicase,FALSE,20,elitize_generation_data,230,2,0.697,NA
232,74,checksum,lexicase,FALSE,20,elitize_generation_data,231,2,0.72,NA
233,74,checksum,lexicase,FALSE,20,elitize_generation_data,232,2,0.678,NA
234,74,checksum,lexicase,FALSE,20,elitize_generation_data,233,2,0.698,NA
235,74,checksum,lexicase,FALSE,20,elitize_generation_data,234,1,0.724,NA
236,74,checksum,lexicase,FALSE,20,elitize_generation_data,235,2,0.686,NA
237,74,checksum,lexicase,FALSE,20,elitize_generation_data,236,1,0.696,NA
238,74,checksum,lexicase,FALSE,20,elitize_generation_data,237,2,0.707,NA
239,74,checksum,lexicase,FALSE,20,elitize_generation_data,238,1,0.72,NA
240,74,checksum,lexicase,FALSE,20,elitize_generation_data,239,1,0.721,NA
241,74,checksum,lexicase,FALSE,20,elitize_generation_data,240,1,0.695,NA
242,74,checksum,lexicase,FALSE,20,elitize_generation_data,241,2,0.689,NA
243,74,checksum,lexicase,FALSE,20,elitize_generation_data,242,2,0.701,NA
244,74,checksum,lexicase,FALSE,20,elitize_generation_data,243,1,0.735,NA
245,74,checksum,lexicase,FALSE,20,elitize_generation_data,244,1,0.715,NA
246,74,checksum,lexicase,FALSE,20,elitize_generation_data,245,2,0.7,NA
247,74,checksum,lexicase,FALSE,20,elitize_generation_data,246,1,0.718,NA
248,74,checksum,lexicase,FALSE,20,elitize_generation_data,247,1,0.737,NA
249,74,checksum,lexicase,FALSE,20,elitize_generation_data,248,3,0.686,NA
250,74,checksum,lexicase,FALSE,20,elitize_generation_data,249,2,0.703,NA
251,74,checksum,lexicase,FALSE,20,elitize_generation_data,250,2,0.72,NA
252,74,checksum,lexicase,FALSE,20,elitize_generation_data,251,2,0.727,NA
253,74,checksum,lexicase,FALSE,20,elitize_generation_data,252,2,0.705,NA
254,74,checksum,lexicase,FALSE,20,elitize_generation_data,253,2,0.691,NA
255,74,checksum,lexicase,FALSE,20,elitize_generation_data,254,2,0.74,NA
256,74,checksum,lexicase,FALSE,20,elitize_generation_data,255,1,0.715,NA
257,74,checksum,lexicase,FALSE,20,elitize_generation_data,256,3,0.698,NA
258,74,checksum,lexicase,FALSE,20,elitize_generation_data,257,2,0.697,NA
259,74,checksum,lexicase,FALSE,20,elitize_generation_data,258,2,0.707,NA
260,74,checksum,lexicase,FALSE,20,elitize_generation_data,259,2,0.705,NA
261,74,checksum,lexicase,FALSE,20,elitize_generation_data,260,2,0.722,NA
262,74,checksum,lexicase,FALSE,20,elitize_generation_data,261,2,0.718,NA
263,74,checksum,lexicase,FALSE,20,elitize_generation_data,262,2,0.718,NA
264,74,checksum,lexicase,FALSE,20,elitize_generation_data,263,1,0.728,NA
265,74,checksum,lexicase,FALSE,20,elitize_generation_data,264,2,0.716,NA
266,74,checksum,lexicase,FALSE,20,elitize_generation_data,265,2,0.72,NA
267,74,checksum,lexicase,FALSE,20,elitize_generation_data,266,1,0.712,NA
268,74,checksum,lexicase,FALSE,20,elitize_generation_data,267,1,0.712,NA
269,74,checksum,lexicase,FALSE,20,elitize_generation_data,268,2,0.731,NA
270,74,checksum,lexicase,FALSE,20,elitize_generation_data,269,2,0.714,NA
271,74,checksum,lexicase,FALSE,20,elitize_generation_data,270,1,0.722,NA
272,74,checksum,lexicase,FALSE,20,elitize_generation_data,271,2,0.72,NA
273,74,checksum,lexicase,FALSE,20,elitize_generation_data,272,2,0.737,NA
274,74,checksum,lexicase,FALSE,20,elitize_generation_data,273,2,0.75,NA
275,74,checksum,lexicase,FALSE,20,elitize_generation_data,274,2,0.717,NA
276,74,checksum,lexicase,FALSE,20,elitize_generation_data,275,1,0.721,NA
277,74,checksum,lexicase,FALSE,20,elitize_generation_data,276,2,0.707,NA
278,74,checksum,lexicase,FALSE,20,elitize_generation_data,277,1,0.73,NA
279,74,checksum,lexicase,FALSE,20,elitize_generation_data,278,2,0.722,NA
280,74,checksum,lexicase,FALSE,20,elitize_generation_data,279,3,0.717,NA
281,74,checksum,lexicase,FALSE,20,elitize_generation_data,280,2,0.724,NA
282,74,checksum,lexicase,FALSE,20,elitize_generation_data,281,3,0.715,NA
283,74,checksum,lexicase,FALSE,20,elitize_generation_data,282,2,0.728,NA
284,74,checksum,lexicase,FALSE,20,elitize_generation_data,283,3,0.717,NA
285,74,checksum,lexicase,FALSE,20,elitize_generation_data,284,2,0.722,NA
286,74,checksum,lexicase,FALSE,20,elitize_generation_data,285,2,0.706,NA
287,74,checksum,lexicase,FALSE,20,elitize_generation_data,286,2,0.72,NA
288,74,checksum,lexicase,FALSE,20,elitize_generation_data,287,2,0.726,NA
289,74,checksum,lexicase,FALSE,20,elitize_generation_data,288,2,0.704,NA
290,74,checksum,lexicase,FALSE,20,elitize_generation_data,289,2,0.685,NA
291,74,checksum,lexicase,FALSE,20,elitize_generation_data,290,1,0.732,NA
292,74,checksum,lexicase,FALSE,20,elitize_generation_data,291,2,0.727,NA
293,74,checksum,lexicase,FALSE,20,elitize_generation_data,292,2,0.712,NA
294,74,checksum,lexicase,FALSE,20,elitize_generation_data,293,2,0.739,NA
295,74,checksum,lexicase,FALSE,20,elitize_generation_data,294,2,0.728,NA
296,74,checksum,lexicase,FALSE,20,elitize_generation_data,295,2,0.718,NA
297,74,checksum,lexicase,FALSE,20,elitize_generation_data,296,3,0.741,NA
298,74,checksum,lexicase,FALSE,20,elitize_generation_data,297,3,0.717,NA
299,74,checksum,lexicase,FALSE,20,elitize_generation_data,298,2,0.749,NA
300,74,checksum,lexicase,FALSE,20,elitize_generation_data,299,2,0.726,NA
301,74,checksum,lexicase,FALSE,20,elitize_generation_data,300,2,0.727,NA
