,run.num,problem,treatment,succeeded,height,normalization.function,generation,cluster.count,error.diversity,success.generation
1,85,checksum,lexicase,FALSE,20,elitize_generation_data,0,2,0.324,NA
2,85,checksum,lexicase,FALSE,20,elitize_generation_data,1,3,0.221,NA
3,85,checksum,lexicase,FALSE,20,elitize_generation_data,2,7,0.354,NA
4,85,checksum,lexicase,FALSE,20,elitize_generation_data,3,8,0.41,NA
5,85,checksum,lexicase,FALSE,20,elitize_generation_data,4,8,0.507,NA
6,85,checksum,lexicase,FALSE,20,elitize_generation_data,5,6,0.558,NA
7,85,checksum,lexicase,FALSE,20,elitize_generation_data,6,8,0.536,NA
8,85,checksum,lexicase,FALSE,20,elitize_generation_data,7,5,0.557,NA
9,85,checksum,lexicase,FALSE,20,elitize_generation_data,8,2,0.527,NA
10,85,checksum,lexicase,FALSE,20,elitize_generation_data,9,1,0.455,NA
11,85,checksum,lexicase,FALSE,20,elitize_generation_data,10,1,0.466,NA
12,85,checksum,lexicase,FALSE,20,elitize_generation_data,11,1,0.424,NA
13,85,checksum,lexicase,FALSE,20,elitize_generation_data,12,1,0.419,NA
14,85,checksum,lexicase,FALSE,20,elitize_generation_data,13,1,0.491,NA
15,85,checksum,lexicase,FALSE,20,elitize_generation_data,14,1,0.519,NA
16,85,checksum,lexicase,FALSE,20,elitize_generation_data,15,1,0.564,NA
17,85,checksum,lexicase,FALSE,20,elitize_generation_data,16,1,0.582,NA
18,85,checksum,lexicase,FALSE,20,elitize_generation_data,17,1,0.634,NA
19,85,checksum,lexicase,FALSE,20,elitize_generation_data,18,1,0.662,NA
20,85,checksum,lexicase,FALSE,20,elitize_generation_data,19,1,0.699,NA
21,85,checksum,lexicase,FALSE,20,elitize_generation_data,20,1,0.696,NA
22,85,checksum,lexicase,FALSE,20,elitize_generation_data,21,1,0.713,NA
23,85,checksum,lexicase,FALSE,20,elitize_generation_data,22,1,0.715,NA
24,85,checksum,lexicase,FALSE,20,elitize_generation_data,23,1,0.747,NA
25,85,checksum,lexicase,FALSE,20,elitize_generation_data,24,1,0.756,NA
26,85,checksum,lexicase,FALSE,20,elitize_generation_data,25,1,0.792,NA
27,85,checksum,lexicase,FALSE,20,elitize_generation_data,26,1,0.783,NA
28,85,checksum,lexicase,FALSE,20,elitize_generation_data,27,1,0.803,NA
29,85,checksum,lexicase,FALSE,20,elitize_generation_data,28,1,0.792,NA
30,85,checksum,lexicase,FALSE,20,elitize_generation_data,29,1,0.775,NA
31,85,checksum,lexicase,FALSE,20,elitize_generation_data,30,1,0.8,NA
32,85,checksum,lexicase,FALSE,20,elitize_generation_data,31,1,0.787,NA
33,85,checksum,lexicase,FALSE,20,elitize_generation_data,32,1,0.821,NA
34,85,checksum,lexicase,FALSE,20,elitize_generation_data,33,1,0.797,NA
35,85,checksum,lexicase,FALSE,20,elitize_generation_data,34,1,0.827,NA
36,85,checksum,lexicase,FALSE,20,elitize_generation_data,35,1,0.818,NA
37,85,checksum,lexicase,FALSE,20,elitize_generation_data,36,1,0.796,NA
38,85,checksum,lexicase,FALSE,20,elitize_generation_data,37,1,0.814,NA
39,85,checksum,lexicase,FALSE,20,elitize_generation_data,38,1,0.822,NA
40,85,checksum,lexicase,FALSE,20,elitize_generation_data,39,1,0.831,NA
41,85,checksum,lexicase,FALSE,20,elitize_generation_data,40,1,0.789,NA
42,85,checksum,lexicase,FALSE,20,elitize_generation_data,41,1,0.786,NA
43,85,checksum,lexicase,FALSE,20,elitize_generation_data,42,1,0.796,NA
44,85,checksum,lexicase,FALSE,20,elitize_generation_data,43,1,0.814,NA
45,85,checksum,lexicase,FALSE,20,elitize_generation_data,44,1,0.813,NA
46,85,checksum,lexicase,FALSE,20,elitize_generation_data,45,1,0.78,NA
47,85,checksum,lexicase,FALSE,20,elitize_generation_data,46,1,0.806,NA
48,85,checksum,lexicase,FALSE,20,elitize_generation_data,47,1,0.801,NA
49,85,checksum,lexicase,FALSE,20,elitize_generation_data,48,1,0.79,NA
50,85,checksum,lexicase,FALSE,20,elitize_generation_data,49,1,0.796,NA
51,85,checksum,lexicase,FALSE,20,elitize_generation_data,50,1,0.81,NA
52,85,checksum,lexicase,FALSE,20,elitize_generation_data,51,1,0.784,NA
53,85,checksum,lexicase,FALSE,20,elitize_generation_data,52,1,0.815,NA
54,85,checksum,lexicase,FALSE,20,elitize_generation_data,53,1,0.788,NA
55,85,checksum,lexicase,FALSE,20,elitize_generation_data,54,1,0.795,NA
56,85,checksum,lexicase,FALSE,20,elitize_generation_data,55,1,0.78,NA
57,85,checksum,lexicase,FALSE,20,elitize_generation_data,56,1,0.802,NA
58,85,checksum,lexicase,FALSE,20,elitize_generation_data,57,1,0.797,NA
59,85,checksum,lexicase,FALSE,20,elitize_generation_data,58,1,0.81,NA
60,85,checksum,lexicase,FALSE,20,elitize_generation_data,59,1,0.815,NA
61,85,checksum,lexicase,FALSE,20,elitize_generation_data,60,1,0.801,NA
62,85,checksum,lexicase,FALSE,20,elitize_generation_data,61,1,0.825,NA
63,85,checksum,lexicase,FALSE,20,elitize_generation_data,62,1,0.81,NA
64,85,checksum,lexicase,FALSE,20,elitize_generation_data,63,1,0.801,NA
65,85,checksum,lexicase,FALSE,20,elitize_generation_data,64,1,0.782,NA
66,85,checksum,lexicase,FALSE,20,elitize_generation_data,65,1,0.8,NA
67,85,checksum,lexicase,FALSE,20,elitize_generation_data,66,1,0.791,NA
68,85,checksum,lexicase,FALSE,20,elitize_generation_data,67,1,0.783,NA
69,85,checksum,lexicase,FALSE,20,elitize_generation_data,68,1,0.79,NA
70,85,checksum,lexicase,FALSE,20,elitize_generation_data,69,1,0.794,NA
71,85,checksum,lexicase,FALSE,20,elitize_generation_data,70,1,0.796,NA
72,85,checksum,lexicase,FALSE,20,elitize_generation_data,71,1,0.828,NA
73,85,checksum,lexicase,FALSE,20,elitize_generation_data,72,1,0.797,NA
74,85,checksum,lexicase,FALSE,20,elitize_generation_data,73,1,0.835,NA
75,85,checksum,lexicase,FALSE,20,elitize_generation_data,74,1,0.828,NA
76,85,checksum,lexicase,FALSE,20,elitize_generation_data,75,1,0.789,NA
77,85,checksum,lexicase,FALSE,20,elitize_generation_data,76,1,0.814,NA
78,85,checksum,lexicase,FALSE,20,elitize_generation_data,77,1,0.822,NA
79,85,checksum,lexicase,FALSE,20,elitize_generation_data,78,1,0.784,NA
80,85,checksum,lexicase,FALSE,20,elitize_generation_data,79,1,0.798,NA
81,85,checksum,lexicase,FALSE,20,elitize_generation_data,80,1,0.792,NA
82,85,checksum,lexicase,FALSE,20,elitize_generation_data,81,1,0.789,NA
83,85,checksum,lexicase,FALSE,20,elitize_generation_data,82,1,0.802,NA
84,85,checksum,lexicase,FALSE,20,elitize_generation_data,83,1,0.796,NA
85,85,checksum,lexicase,FALSE,20,elitize_generation_data,84,1,0.798,NA
86,85,checksum,lexicase,FALSE,20,elitize_generation_data,85,1,0.79,NA
87,85,checksum,lexicase,FALSE,20,elitize_generation_data,86,1,0.819,NA
88,85,checksum,lexicase,FALSE,20,elitize_generation_data,87,1,0.797,NA
89,85,checksum,lexicase,FALSE,20,elitize_generation_data,88,1,0.801,NA
90,85,checksum,lexicase,FALSE,20,elitize_generation_data,89,1,0.775,NA
91,85,checksum,lexicase,FALSE,20,elitize_generation_data,90,1,0.792,NA
92,85,checksum,lexicase,FALSE,20,elitize_generation_data,91,1,0.783,NA
93,85,checksum,lexicase,FALSE,20,elitize_generation_data,92,1,0.809,NA
94,85,checksum,lexicase,FALSE,20,elitize_generation_data,93,1,0.797,NA
95,85,checksum,lexicase,FALSE,20,elitize_generation_data,94,1,0.796,NA
96,85,checksum,lexicase,FALSE,20,elitize_generation_data,95,1,0.829,NA
97,85,checksum,lexicase,FALSE,20,elitize_generation_data,96,1,0.82,NA
98,85,checksum,lexicase,FALSE,20,elitize_generation_data,97,1,0.807,NA
99,85,checksum,lexicase,FALSE,20,elitize_generation_data,98,1,0.815,NA
100,85,checksum,lexicase,FALSE,20,elitize_generation_data,99,1,0.823,NA
101,85,checksum,lexicase,FALSE,20,elitize_generation_data,100,1,0.806,NA
102,85,checksum,lexicase,FALSE,20,elitize_generation_data,101,1,0.809,NA
103,85,checksum,lexicase,FALSE,20,elitize_generation_data,102,1,0.834,NA
104,85,checksum,lexicase,FALSE,20,elitize_generation_data,103,1,0.819,NA
105,85,checksum,lexicase,FALSE,20,elitize_generation_data,104,1,0.801,NA
106,85,checksum,lexicase,FALSE,20,elitize_generation_data,105,1,0.789,NA
107,85,checksum,lexicase,FALSE,20,elitize_generation_data,106,1,0.784,NA
108,85,checksum,lexicase,FALSE,20,elitize_generation_data,107,1,0.809,NA
109,85,checksum,lexicase,FALSE,20,elitize_generation_data,108,1,0.817,NA
110,85,checksum,lexicase,FALSE,20,elitize_generation_data,109,1,0.821,NA
111,85,checksum,lexicase,FALSE,20,elitize_generation_data,110,1,0.807,NA
112,85,checksum,lexicase,FALSE,20,elitize_generation_data,111,1,0.79,NA
113,85,checksum,lexicase,FALSE,20,elitize_generation_data,112,1,0.809,NA
114,85,checksum,lexicase,FALSE,20,elitize_generation_data,113,1,0.786,NA
115,85,checksum,lexicase,FALSE,20,elitize_generation_data,114,1,0.82,NA
116,85,checksum,lexicase,FALSE,20,elitize_generation_data,115,1,0.814,NA
117,85,checksum,lexicase,FALSE,20,elitize_generation_data,116,1,0.804,NA
118,85,checksum,lexicase,FALSE,20,elitize_generation_data,117,1,0.793,NA
119,85,checksum,lexicase,FALSE,20,elitize_generation_data,118,1,0.811,NA
120,85,checksum,lexicase,FALSE,20,elitize_generation_data,119,1,0.811,NA
121,85,checksum,lexicase,FALSE,20,elitize_generation_data,120,1,0.804,NA
122,85,checksum,lexicase,FALSE,20,elitize_generation_data,121,1,0.814,NA
123,85,checksum,lexicase,FALSE,20,elitize_generation_data,122,1,0.817,NA
124,85,checksum,lexicase,FALSE,20,elitize_generation_data,123,1,0.819,NA
125,85,checksum,lexicase,FALSE,20,elitize_generation_data,124,1,0.784,NA
126,85,checksum,lexicase,FALSE,20,elitize_generation_data,125,1,0.827,NA
127,85,checksum,lexicase,FALSE,20,elitize_generation_data,126,1,0.795,NA
128,85,checksum,lexicase,FALSE,20,elitize_generation_data,127,1,0.808,NA
129,85,checksum,lexicase,FALSE,20,elitize_generation_data,128,1,0.788,NA
130,85,checksum,lexicase,FALSE,20,elitize_generation_data,129,1,0.809,NA
131,85,checksum,lexicase,FALSE,20,elitize_generation_data,130,1,0.803,NA
132,85,checksum,lexicase,FALSE,20,elitize_generation_data,131,1,0.796,NA
133,85,checksum,lexicase,FALSE,20,elitize_generation_data,132,1,0.809,NA
134,85,checksum,lexicase,FALSE,20,elitize_generation_data,133,1,0.821,NA
135,85,checksum,lexicase,FALSE,20,elitize_generation_data,134,1,0.834,NA
136,85,checksum,lexicase,FALSE,20,elitize_generation_data,135,1,0.828,NA
137,85,checksum,lexicase,FALSE,20,elitize_generation_data,136,1,0.815,NA
138,85,checksum,lexicase,FALSE,20,elitize_generation_data,137,1,0.794,NA
139,85,checksum,lexicase,FALSE,20,elitize_generation_data,138,1,0.799,NA
140,85,checksum,lexicase,FALSE,20,elitize_generation_data,139,2,0.8,NA
141,85,checksum,lexicase,FALSE,20,elitize_generation_data,140,1,0.813,NA
142,85,checksum,lexicase,FALSE,20,elitize_generation_data,141,1,0.79,NA
143,85,checksum,lexicase,FALSE,20,elitize_generation_data,142,2,0.781,NA
144,85,checksum,lexicase,FALSE,20,elitize_generation_data,143,1,0.809,NA
145,85,checksum,lexicase,FALSE,20,elitize_generation_data,144,1,0.831,NA
146,85,checksum,lexicase,FALSE,20,elitize_generation_data,145,2,0.804,NA
147,85,checksum,lexicase,FALSE,20,elitize_generation_data,146,2,0.81,NA
148,85,checksum,lexicase,FALSE,20,elitize_generation_data,147,2,0.797,NA
149,85,checksum,lexicase,FALSE,20,elitize_generation_data,148,1,0.846,NA
150,85,checksum,lexicase,FALSE,20,elitize_generation_data,149,1,0.809,NA
151,85,checksum,lexicase,FALSE,20,elitize_generation_data,150,2,0.804,NA
152,85,checksum,lexicase,FALSE,20,elitize_generation_data,151,1,0.818,NA
153,85,checksum,lexicase,FALSE,20,elitize_generation_data,152,1,0.83,NA
154,85,checksum,lexicase,FALSE,20,elitize_generation_data,153,2,0.808,NA
155,85,checksum,lexicase,FALSE,20,elitize_generation_data,154,1,0.832,NA
156,85,checksum,lexicase,FALSE,20,elitize_generation_data,155,1,0.821,NA
157,85,checksum,lexicase,FALSE,20,elitize_generation_data,156,2,0.83,NA
158,85,checksum,lexicase,FALSE,20,elitize_generation_data,157,3,0.834,NA
159,85,checksum,lexicase,FALSE,20,elitize_generation_data,158,1,0.846,NA
160,85,checksum,lexicase,FALSE,20,elitize_generation_data,159,3,0.828,NA
161,85,checksum,lexicase,FALSE,20,elitize_generation_data,160,1,0.826,NA
162,85,checksum,lexicase,FALSE,20,elitize_generation_data,161,1,0.811,NA
163,85,checksum,lexicase,FALSE,20,elitize_generation_data,162,2,0.836,NA
164,85,checksum,lexicase,FALSE,20,elitize_generation_data,163,1,0.814,NA
165,85,checksum,lexicase,FALSE,20,elitize_generation_data,164,1,0.838,NA
166,85,checksum,lexicase,FALSE,20,elitize_generation_data,165,1,0.854,NA
167,85,checksum,lexicase,FALSE,20,elitize_generation_data,166,1,0.837,NA
168,85,checksum,lexicase,FALSE,20,elitize_generation_data,167,1,0.839,NA
169,85,checksum,lexicase,FALSE,20,elitize_generation_data,168,1,0.827,NA
170,85,checksum,lexicase,FALSE,20,elitize_generation_data,169,1,0.846,NA
171,85,checksum,lexicase,FALSE,20,elitize_generation_data,170,1,0.847,NA
172,85,checksum,lexicase,FALSE,20,elitize_generation_data,171,2,0.824,NA
173,85,checksum,lexicase,FALSE,20,elitize_generation_data,172,2,0.828,NA
174,85,checksum,lexicase,FALSE,20,elitize_generation_data,173,2,0.809,NA
175,85,checksum,lexicase,FALSE,20,elitize_generation_data,174,1,0.835,NA
176,85,checksum,lexicase,FALSE,20,elitize_generation_data,175,1,0.832,NA
177,85,checksum,lexicase,FALSE,20,elitize_generation_data,176,1,0.857,NA
178,85,checksum,lexicase,FALSE,20,elitize_generation_data,177,3,0.847,NA
179,85,checksum,lexicase,FALSE,20,elitize_generation_data,178,1,0.832,NA
180,85,checksum,lexicase,FALSE,20,elitize_generation_data,179,1,0.846,NA
181,85,checksum,lexicase,FALSE,20,elitize_generation_data,180,2,0.861,NA
182,85,checksum,lexicase,FALSE,20,elitize_generation_data,181,2,0.844,NA
183,85,checksum,lexicase,FALSE,20,elitize_generation_data,182,2,0.842,NA
184,85,checksum,lexicase,FALSE,20,elitize_generation_data,183,2,0.849,NA
185,85,checksum,lexicase,FALSE,20,elitize_generation_data,184,2,0.839,NA
186,85,checksum,lexicase,FALSE,20,elitize_generation_data,185,2,0.822,NA
187,85,checksum,lexicase,FALSE,20,elitize_generation_data,186,2,0.835,NA
188,85,checksum,lexicase,FALSE,20,elitize_generation_data,187,2,0.848,NA
189,85,checksum,lexicase,FALSE,20,elitize_generation_data,188,1,0.826,NA
190,85,checksum,lexicase,FALSE,20,elitize_generation_data,189,1,0.858,NA
191,85,checksum,lexicase,FALSE,20,elitize_generation_data,190,1,0.846,NA
192,85,checksum,lexicase,FALSE,20,elitize_generation_data,191,1,0.848,NA
193,85,checksum,lexicase,FALSE,20,elitize_generation_data,192,2,0.844,NA
194,85,checksum,lexicase,FALSE,20,elitize_generation_data,193,1,0.829,NA
195,85,checksum,lexicase,FALSE,20,elitize_generation_data,194,2,0.816,NA
196,85,checksum,lexicase,FALSE,20,elitize_generation_data,195,2,0.817,NA
197,85,checksum,lexicase,FALSE,20,elitize_generation_data,196,1,0.84,NA
198,85,checksum,lexicase,FALSE,20,elitize_generation_data,197,3,0.841,NA
199,85,checksum,lexicase,FALSE,20,elitize_generation_data,198,2,0.823,NA
200,85,checksum,lexicase,FALSE,20,elitize_generation_data,199,3,0.819,NA
201,85,checksum,lexicase,FALSE,20,elitize_generation_data,200,2,0.822,NA
202,85,checksum,lexicase,FALSE,20,elitize_generation_data,201,2,0.823,NA
203,85,checksum,lexicase,FALSE,20,elitize_generation_data,202,2,0.802,NA
204,85,checksum,lexicase,FALSE,20,elitize_generation_data,203,2,0.809,NA
205,85,checksum,lexicase,FALSE,20,elitize_generation_data,204,3,0.806,NA
206,85,checksum,lexicase,FALSE,20,elitize_generation_data,205,3,0.802,NA
207,85,checksum,lexicase,FALSE,20,elitize_generation_data,206,3,0.808,NA
208,85,checksum,lexicase,FALSE,20,elitize_generation_data,207,3,0.821,NA
209,85,checksum,lexicase,FALSE,20,elitize_generation_data,208,3,0.796,NA
210,85,checksum,lexicase,FALSE,20,elitize_generation_data,209,2,0.792,NA
211,85,checksum,lexicase,FALSE,20,elitize_generation_data,210,2,0.747,NA
212,85,checksum,lexicase,FALSE,20,elitize_generation_data,211,2,0.795,NA
213,85,checksum,lexicase,FALSE,20,elitize_generation_data,212,2,0.799,NA
214,85,checksum,lexicase,FALSE,20,elitize_generation_data,213,2,0.796,NA
215,85,checksum,lexicase,FALSE,20,elitize_generation_data,214,1,0.79,NA
216,85,checksum,lexicase,FALSE,20,elitize_generation_data,215,1,0.781,NA
217,85,checksum,lexicase,FALSE,20,elitize_generation_data,216,2,0.827,NA
218,85,checksum,lexicase,FALSE,20,elitize_generation_data,217,2,0.797,NA
219,85,checksum,lexicase,FALSE,20,elitize_generation_data,218,2,0.812,NA
220,85,checksum,lexicase,FALSE,20,elitize_generation_data,219,3,0.807,NA
221,85,checksum,lexicase,FALSE,20,elitize_generation_data,220,2,0.819,NA
222,85,checksum,lexicase,FALSE,20,elitize_generation_data,221,1,0.81,NA
223,85,checksum,lexicase,FALSE,20,elitize_generation_data,222,1,0.809,NA
224,85,checksum,lexicase,FALSE,20,elitize_generation_data,223,1,0.788,NA
225,85,checksum,lexicase,FALSE,20,elitize_generation_data,224,1,0.791,NA
226,85,checksum,lexicase,FALSE,20,elitize_generation_data,225,1,0.803,NA
227,85,checksum,lexicase,FALSE,20,elitize_generation_data,226,1,0.808,NA
228,85,checksum,lexicase,FALSE,20,elitize_generation_data,227,1,0.8,NA
229,85,checksum,lexicase,FALSE,20,elitize_generation_data,228,3,0.781,NA
230,85,checksum,lexicase,FALSE,20,elitize_generation_data,229,3,0.808,NA
231,85,checksum,lexicase,FALSE,20,elitize_generation_data,230,2,0.807,NA
232,85,checksum,lexicase,FALSE,20,elitize_generation_data,231,1,0.823,NA
233,85,checksum,lexicase,FALSE,20,elitize_generation_data,232,3,0.811,NA
234,85,checksum,lexicase,FALSE,20,elitize_generation_data,233,3,0.796,NA
235,85,checksum,lexicase,FALSE,20,elitize_generation_data,234,4,0.795,NA
236,85,checksum,lexicase,FALSE,20,elitize_generation_data,235,3,0.803,NA
237,85,checksum,lexicase,FALSE,20,elitize_generation_data,236,3,0.816,NA
238,85,checksum,lexicase,FALSE,20,elitize_generation_data,237,3,0.807,NA
239,85,checksum,lexicase,FALSE,20,elitize_generation_data,238,2,0.8,NA
240,85,checksum,lexicase,FALSE,20,elitize_generation_data,239,2,0.816,NA
241,85,checksum,lexicase,FALSE,20,elitize_generation_data,240,2,0.802,NA
242,85,checksum,lexicase,FALSE,20,elitize_generation_data,241,3,0.809,NA
243,85,checksum,lexicase,FALSE,20,elitize_generation_data,242,3,0.812,NA
244,85,checksum,lexicase,FALSE,20,elitize_generation_data,243,3,0.798,NA
245,85,checksum,lexicase,FALSE,20,elitize_generation_data,244,4,0.79,NA
246,85,checksum,lexicase,FALSE,20,elitize_generation_data,245,2,0.796,NA
247,85,checksum,lexicase,FALSE,20,elitize_generation_data,246,2,0.785,NA
248,85,checksum,lexicase,FALSE,20,elitize_generation_data,247,2,0.777,NA
249,85,checksum,lexicase,FALSE,20,elitize_generation_data,248,3,0.798,NA
250,85,checksum,lexicase,FALSE,20,elitize_generation_data,249,2,0.808,NA
251,85,checksum,lexicase,FALSE,20,elitize_generation_data,250,2,0.826,NA
252,85,checksum,lexicase,FALSE,20,elitize_generation_data,251,2,0.797,NA
253,85,checksum,lexicase,FALSE,20,elitize_generation_data,252,3,0.824,NA
254,85,checksum,lexicase,FALSE,20,elitize_generation_data,253,4,0.797,NA
255,85,checksum,lexicase,FALSE,20,elitize_generation_data,254,3,0.789,NA
256,85,checksum,lexicase,FALSE,20,elitize_generation_data,255,3,0.784,NA
257,85,checksum,lexicase,FALSE,20,elitize_generation_data,256,3,0.805,NA
258,85,checksum,lexicase,FALSE,20,elitize_generation_data,257,3,0.772,NA
259,85,checksum,lexicase,FALSE,20,elitize_generation_data,258,3,0.783,NA
260,85,checksum,lexicase,FALSE,20,elitize_generation_data,259,2,0.794,NA
261,85,checksum,lexicase,FALSE,20,elitize_generation_data,260,1,0.802,NA
262,85,checksum,lexicase,FALSE,20,elitize_generation_data,261,3,0.77,NA
263,85,checksum,lexicase,FALSE,20,elitize_generation_data,262,4,0.796,NA
264,85,checksum,lexicase,FALSE,20,elitize_generation_data,263,2,0.797,NA
265,85,checksum,lexicase,FALSE,20,elitize_generation_data,264,3,0.791,NA
266,85,checksum,lexicase,FALSE,20,elitize_generation_data,265,5,0.803,NA
267,85,checksum,lexicase,FALSE,20,elitize_generation_data,266,2,0.792,NA
268,85,checksum,lexicase,FALSE,20,elitize_generation_data,267,2,0.797,NA
269,85,checksum,lexicase,FALSE,20,elitize_generation_data,268,3,0.774,NA
270,85,checksum,lexicase,FALSE,20,elitize_generation_data,269,1,0.8,NA
271,85,checksum,lexicase,FALSE,20,elitize_generation_data,270,2,0.822,NA
272,85,checksum,lexicase,FALSE,20,elitize_generation_data,271,3,0.803,NA
273,85,checksum,lexicase,FALSE,20,elitize_generation_data,272,4,0.835,NA
274,85,checksum,lexicase,FALSE,20,elitize_generation_data,273,2,0.834,NA
275,85,checksum,lexicase,FALSE,20,elitize_generation_data,274,3,0.82,NA
276,85,checksum,lexicase,FALSE,20,elitize_generation_data,275,1,0.803,NA
277,85,checksum,lexicase,FALSE,20,elitize_generation_data,276,4,0.809,NA
278,85,checksum,lexicase,FALSE,20,elitize_generation_data,277,3,0.819,NA
279,85,checksum,lexicase,FALSE,20,elitize_generation_data,278,1,0.831,NA
280,85,checksum,lexicase,FALSE,20,elitize_generation_data,279,3,0.796,NA
281,85,checksum,lexicase,FALSE,20,elitize_generation_data,280,1,0.812,NA
282,85,checksum,lexicase,FALSE,20,elitize_generation_data,281,3,0.836,NA
283,85,checksum,lexicase,FALSE,20,elitize_generation_data,282,1,0.792,NA
284,85,checksum,lexicase,FALSE,20,elitize_generation_data,283,2,0.819,NA
285,85,checksum,lexicase,FALSE,20,elitize_generation_data,284,4,0.802,NA
286,85,checksum,lexicase,FALSE,20,elitize_generation_data,285,2,0.823,NA
287,85,checksum,lexicase,FALSE,20,elitize_generation_data,286,4,0.814,NA
288,85,checksum,lexicase,FALSE,20,elitize_generation_data,287,3,0.8,NA
289,85,checksum,lexicase,FALSE,20,elitize_generation_data,288,3,0.779,NA
290,85,checksum,lexicase,FALSE,20,elitize_generation_data,289,1,0.81,NA
291,85,checksum,lexicase,FALSE,20,elitize_generation_data,290,2,0.817,NA
292,85,checksum,lexicase,FALSE,20,elitize_generation_data,291,1,0.807,NA
293,85,checksum,lexicase,FALSE,20,elitize_generation_data,292,1,0.825,NA
294,85,checksum,lexicase,FALSE,20,elitize_generation_data,293,2,0.804,NA
295,85,checksum,lexicase,FALSE,20,elitize_generation_data,294,2,0.788,NA
296,85,checksum,lexicase,FALSE,20,elitize_generation_data,295,2,0.831,NA
297,85,checksum,lexicase,FALSE,20,elitize_generation_data,296,2,0.835,NA
298,85,checksum,lexicase,FALSE,20,elitize_generation_data,297,2,0.798,NA
299,85,checksum,lexicase,FALSE,20,elitize_generation_data,298,2,0.817,NA
300,85,checksum,lexicase,FALSE,20,elitize_generation_data,299,3,0.793,NA
301,85,checksum,lexicase,FALSE,20,elitize_generation_data,300,3,0.798,NA
