,run.num,problem,treatment,succeeded,height,normalization.function,generation,cluster.count,error.diversity,success.generation
1,91,checksum,lexicase,FALSE,20,elitize_generation_data,0,2,0.315,NA
2,91,checksum,lexicase,FALSE,20,elitize_generation_data,1,2,0.252,NA
3,91,checksum,lexicase,FALSE,20,elitize_generation_data,2,2,0.328,NA
4,91,checksum,lexicase,FALSE,20,elitize_generation_data,3,3,0.317,NA
5,91,checksum,lexicase,FALSE,20,elitize_generation_data,4,3,0.38,NA
6,91,checksum,lexicase,FALSE,20,elitize_generation_data,5,1,0.32,NA
7,91,checksum,lexicase,FALSE,20,elitize_generation_data,6,1,0.254,NA
8,91,checksum,lexicase,FALSE,20,elitize_generation_data,7,1,0.247,NA
9,91,checksum,lexicase,FALSE,20,elitize_generation_data,8,1,0.259,NA
10,91,checksum,lexicase,FALSE,20,elitize_generation_data,9,1,0.239,NA
11,91,checksum,lexicase,FALSE,20,elitize_generation_data,10,1,0.256,NA
12,91,checksum,lexicase,FALSE,20,elitize_generation_data,11,1,0.254,NA
13,91,checksum,lexicase,FALSE,20,elitize_generation_data,12,1,0.238,NA
14,91,checksum,lexicase,FALSE,20,elitize_generation_data,13,1,0.246,NA
15,91,checksum,lexicase,FALSE,20,elitize_generation_data,14,1,0.235,NA
16,91,checksum,lexicase,FALSE,20,elitize_generation_data,15,1,0.232,NA
17,91,checksum,lexicase,FALSE,20,elitize_generation_data,16,1,0.258,NA
18,91,checksum,lexicase,FALSE,20,elitize_generation_data,17,1,0.243,NA
19,91,checksum,lexicase,FALSE,20,elitize_generation_data,18,1,0.242,NA
20,91,checksum,lexicase,FALSE,20,elitize_generation_data,19,1,0.242,NA
21,91,checksum,lexicase,FALSE,20,elitize_generation_data,20,1,0.255,NA
22,91,checksum,lexicase,FALSE,20,elitize_generation_data,21,1,0.252,NA
23,91,checksum,lexicase,FALSE,20,elitize_generation_data,22,1,0.263,NA
24,91,checksum,lexicase,FALSE,20,elitize_generation_data,23,1,0.269,NA
25,91,checksum,lexicase,FALSE,20,elitize_generation_data,24,1,0.313,NA
26,91,checksum,lexicase,FALSE,20,elitize_generation_data,25,1,0.3,NA
27,91,checksum,lexicase,FALSE,20,elitize_generation_data,26,1,0.31,NA
28,91,checksum,lexicase,FALSE,20,elitize_generation_data,27,1,0.305,NA
29,91,checksum,lexicase,FALSE,20,elitize_generation_data,28,1,0.312,NA
30,91,checksum,lexicase,FALSE,20,elitize_generation_data,29,1,0.31,NA
31,91,checksum,lexicase,FALSE,20,elitize_generation_data,30,1,0.304,NA
32,91,checksum,lexicase,FALSE,20,elitize_generation_data,31,1,0.333,NA
33,91,checksum,lexicase,FALSE,20,elitize_generation_data,32,1,0.365,NA
34,91,checksum,lexicase,FALSE,20,elitize_generation_data,33,1,0.366,NA
35,91,checksum,lexicase,FALSE,20,elitize_generation_data,34,1,0.341,NA
36,91,checksum,lexicase,FALSE,20,elitize_generation_data,35,1,0.367,NA
37,91,checksum,lexicase,FALSE,20,elitize_generation_data,36,1,0.358,NA
38,91,checksum,lexicase,FALSE,20,elitize_generation_data,37,1,0.386,NA
39,91,checksum,lexicase,FALSE,20,elitize_generation_data,38,1,0.421,NA
40,91,checksum,lexicase,FALSE,20,elitize_generation_data,39,1,0.527,NA
41,91,checksum,lexicase,FALSE,20,elitize_generation_data,40,1,0.578,NA
42,91,checksum,lexicase,FALSE,20,elitize_generation_data,41,1,0.609,NA
43,91,checksum,lexicase,FALSE,20,elitize_generation_data,42,1,0.631,NA
44,91,checksum,lexicase,FALSE,20,elitize_generation_data,43,1,0.653,NA
45,91,checksum,lexicase,FALSE,20,elitize_generation_data,44,1,0.7,NA
46,91,checksum,lexicase,FALSE,20,elitize_generation_data,45,1,0.719,NA
47,91,checksum,lexicase,FALSE,20,elitize_generation_data,46,1,0.72,NA
48,91,checksum,lexicase,FALSE,20,elitize_generation_data,47,1,0.726,NA
49,91,checksum,lexicase,FALSE,20,elitize_generation_data,48,1,0.721,NA
50,91,checksum,lexicase,FALSE,20,elitize_generation_data,49,1,0.729,NA
51,91,checksum,lexicase,FALSE,20,elitize_generation_data,50,1,0.727,NA
52,91,checksum,lexicase,FALSE,20,elitize_generation_data,51,1,0.758,NA
53,91,checksum,lexicase,FALSE,20,elitize_generation_data,52,1,0.782,NA
54,91,checksum,lexicase,FALSE,20,elitize_generation_data,53,1,0.756,NA
55,91,checksum,lexicase,FALSE,20,elitize_generation_data,54,1,0.756,NA
56,91,checksum,lexicase,FALSE,20,elitize_generation_data,55,1,0.764,NA
57,91,checksum,lexicase,FALSE,20,elitize_generation_data,56,1,0.735,NA
58,91,checksum,lexicase,FALSE,20,elitize_generation_data,57,1,0.739,NA
59,91,checksum,lexicase,FALSE,20,elitize_generation_data,58,1,0.76,NA
60,91,checksum,lexicase,FALSE,20,elitize_generation_data,59,1,0.765,NA
61,91,checksum,lexicase,FALSE,20,elitize_generation_data,60,1,0.764,NA
62,91,checksum,lexicase,FALSE,20,elitize_generation_data,61,1,0.749,NA
63,91,checksum,lexicase,FALSE,20,elitize_generation_data,62,1,0.741,NA
64,91,checksum,lexicase,FALSE,20,elitize_generation_data,63,1,0.76,NA
65,91,checksum,lexicase,FALSE,20,elitize_generation_data,64,1,0.779,NA
66,91,checksum,lexicase,FALSE,20,elitize_generation_data,65,1,0.767,NA
67,91,checksum,lexicase,FALSE,20,elitize_generation_data,66,1,0.752,NA
68,91,checksum,lexicase,FALSE,20,elitize_generation_data,67,1,0.742,NA
69,91,checksum,lexicase,FALSE,20,elitize_generation_data,68,1,0.779,NA
70,91,checksum,lexicase,FALSE,20,elitize_generation_data,69,1,0.763,NA
71,91,checksum,lexicase,FALSE,20,elitize_generation_data,70,1,0.769,NA
72,91,checksum,lexicase,FALSE,20,elitize_generation_data,71,1,0.762,NA
73,91,checksum,lexicase,FALSE,20,elitize_generation_data,72,1,0.76,NA
74,91,checksum,lexicase,FALSE,20,elitize_generation_data,73,1,0.789,NA
75,91,checksum,lexicase,FALSE,20,elitize_generation_data,74,1,0.764,NA
76,91,checksum,lexicase,FALSE,20,elitize_generation_data,75,1,0.793,NA
77,91,checksum,lexicase,FALSE,20,elitize_generation_data,76,1,0.767,NA
78,91,checksum,lexicase,FALSE,20,elitize_generation_data,77,1,0.773,NA
79,91,checksum,lexicase,FALSE,20,elitize_generation_data,78,1,0.779,NA
80,91,checksum,lexicase,FALSE,20,elitize_generation_data,79,1,0.764,NA
81,91,checksum,lexicase,FALSE,20,elitize_generation_data,80,1,0.765,NA
82,91,checksum,lexicase,FALSE,20,elitize_generation_data,81,1,0.775,NA
83,91,checksum,lexicase,FALSE,20,elitize_generation_data,82,1,0.741,NA
84,91,checksum,lexicase,FALSE,20,elitize_generation_data,83,1,0.783,NA
85,91,checksum,lexicase,FALSE,20,elitize_generation_data,84,1,0.776,NA
86,91,checksum,lexicase,FALSE,20,elitize_generation_data,85,1,0.788,NA
87,91,checksum,lexicase,FALSE,20,elitize_generation_data,86,1,0.764,NA
88,91,checksum,lexicase,FALSE,20,elitize_generation_data,87,1,0.774,NA
89,91,checksum,lexicase,FALSE,20,elitize_generation_data,88,1,0.781,NA
90,91,checksum,lexicase,FALSE,20,elitize_generation_data,89,1,0.741,NA
91,91,checksum,lexicase,FALSE,20,elitize_generation_data,90,1,0.776,NA
92,91,checksum,lexicase,FALSE,20,elitize_generation_data,91,1,0.8,NA
93,91,checksum,lexicase,FALSE,20,elitize_generation_data,92,1,0.781,NA
94,91,checksum,lexicase,FALSE,20,elitize_generation_data,93,1,0.776,NA
95,91,checksum,lexicase,FALSE,20,elitize_generation_data,94,1,0.796,NA
96,91,checksum,lexicase,FALSE,20,elitize_generation_data,95,1,0.748,NA
97,91,checksum,lexicase,FALSE,20,elitize_generation_data,96,1,0.782,NA
98,91,checksum,lexicase,FALSE,20,elitize_generation_data,97,1,0.781,NA
99,91,checksum,lexicase,FALSE,20,elitize_generation_data,98,1,0.752,NA
100,91,checksum,lexicase,FALSE,20,elitize_generation_data,99,1,0.786,NA
101,91,checksum,lexicase,FALSE,20,elitize_generation_data,100,1,0.786,NA
102,91,checksum,lexicase,FALSE,20,elitize_generation_data,101,1,0.779,NA
103,91,checksum,lexicase,FALSE,20,elitize_generation_data,102,1,0.795,NA
104,91,checksum,lexicase,FALSE,20,elitize_generation_data,103,1,0.77,NA
105,91,checksum,lexicase,FALSE,20,elitize_generation_data,104,1,0.782,NA
106,91,checksum,lexicase,FALSE,20,elitize_generation_data,105,1,0.782,NA
107,91,checksum,lexicase,FALSE,20,elitize_generation_data,106,1,0.763,NA
108,91,checksum,lexicase,FALSE,20,elitize_generation_data,107,1,0.763,NA
109,91,checksum,lexicase,FALSE,20,elitize_generation_data,108,1,0.762,NA
110,91,checksum,lexicase,FALSE,20,elitize_generation_data,109,1,0.762,NA
111,91,checksum,lexicase,FALSE,20,elitize_generation_data,110,1,0.786,NA
112,91,checksum,lexicase,FALSE,20,elitize_generation_data,111,1,0.77,NA
113,91,checksum,lexicase,FALSE,20,elitize_generation_data,112,1,0.765,NA
114,91,checksum,lexicase,FALSE,20,elitize_generation_data,113,1,0.774,NA
115,91,checksum,lexicase,FALSE,20,elitize_generation_data,114,1,0.771,NA
116,91,checksum,lexicase,FALSE,20,elitize_generation_data,115,1,0.773,NA
117,91,checksum,lexicase,FALSE,20,elitize_generation_data,116,1,0.784,NA
118,91,checksum,lexicase,FALSE,20,elitize_generation_data,117,1,0.787,NA
119,91,checksum,lexicase,FALSE,20,elitize_generation_data,118,1,0.779,NA
120,91,checksum,lexicase,FALSE,20,elitize_generation_data,119,1,0.78,NA
121,91,checksum,lexicase,FALSE,20,elitize_generation_data,120,1,0.76,NA
122,91,checksum,lexicase,FALSE,20,elitize_generation_data,121,1,0.758,NA
123,91,checksum,lexicase,FALSE,20,elitize_generation_data,122,1,0.751,NA
124,91,checksum,lexicase,FALSE,20,elitize_generation_data,123,1,0.765,NA
125,91,checksum,lexicase,FALSE,20,elitize_generation_data,124,1,0.774,NA
126,91,checksum,lexicase,FALSE,20,elitize_generation_data,125,1,0.779,NA
127,91,checksum,lexicase,FALSE,20,elitize_generation_data,126,1,0.785,NA
128,91,checksum,lexicase,FALSE,20,elitize_generation_data,127,1,0.764,NA
129,91,checksum,lexicase,FALSE,20,elitize_generation_data,128,1,0.774,NA
130,91,checksum,lexicase,FALSE,20,elitize_generation_data,129,1,0.799,NA
131,91,checksum,lexicase,FALSE,20,elitize_generation_data,130,1,0.749,NA
132,91,checksum,lexicase,FALSE,20,elitize_generation_data,131,1,0.779,NA
133,91,checksum,lexicase,FALSE,20,elitize_generation_data,132,1,0.757,NA
134,91,checksum,lexicase,FALSE,20,elitize_generation_data,133,1,0.765,NA
135,91,checksum,lexicase,FALSE,20,elitize_generation_data,134,1,0.78,NA
136,91,checksum,lexicase,FALSE,20,elitize_generation_data,135,1,0.772,NA
137,91,checksum,lexicase,FALSE,20,elitize_generation_data,136,1,0.792,NA
138,91,checksum,lexicase,FALSE,20,elitize_generation_data,137,1,0.751,NA
139,91,checksum,lexicase,FALSE,20,elitize_generation_data,138,1,0.802,NA
140,91,checksum,lexicase,FALSE,20,elitize_generation_data,139,1,0.802,NA
141,91,checksum,lexicase,FALSE,20,elitize_generation_data,140,1,0.782,NA
142,91,checksum,lexicase,FALSE,20,elitize_generation_data,141,1,0.781,NA
143,91,checksum,lexicase,FALSE,20,elitize_generation_data,142,1,0.771,NA
144,91,checksum,lexicase,FALSE,20,elitize_generation_data,143,1,0.768,NA
145,91,checksum,lexicase,FALSE,20,elitize_generation_data,144,1,0.789,NA
146,91,checksum,lexicase,FALSE,20,elitize_generation_data,145,1,0.784,NA
147,91,checksum,lexicase,FALSE,20,elitize_generation_data,146,1,0.8,NA
148,91,checksum,lexicase,FALSE,20,elitize_generation_data,147,1,0.806,NA
149,91,checksum,lexicase,FALSE,20,elitize_generation_data,148,1,0.801,NA
150,91,checksum,lexicase,FALSE,20,elitize_generation_data,149,1,0.781,NA
151,91,checksum,lexicase,FALSE,20,elitize_generation_data,150,1,0.783,NA
152,91,checksum,lexicase,FALSE,20,elitize_generation_data,151,1,0.798,NA
153,91,checksum,lexicase,FALSE,20,elitize_generation_data,152,1,0.801,NA
154,91,checksum,lexicase,FALSE,20,elitize_generation_data,153,1,0.801,NA
155,91,checksum,lexicase,FALSE,20,elitize_generation_data,154,1,0.84,NA
156,91,checksum,lexicase,FALSE,20,elitize_generation_data,155,1,0.783,NA
157,91,checksum,lexicase,FALSE,20,elitize_generation_data,156,1,0.766,NA
158,91,checksum,lexicase,FALSE,20,elitize_generation_data,157,1,0.81,NA
159,91,checksum,lexicase,FALSE,20,elitize_generation_data,158,1,0.804,NA
160,91,checksum,lexicase,FALSE,20,elitize_generation_data,159,1,0.815,NA
161,91,checksum,lexicase,FALSE,20,elitize_generation_data,160,1,0.779,NA
162,91,checksum,lexicase,FALSE,20,elitize_generation_data,161,1,0.794,NA
163,91,checksum,lexicase,FALSE,20,elitize_generation_data,162,1,0.792,NA
164,91,checksum,lexicase,FALSE,20,elitize_generation_data,163,1,0.802,NA
165,91,checksum,lexicase,FALSE,20,elitize_generation_data,164,1,0.834,NA
166,91,checksum,lexicase,FALSE,20,elitize_generation_data,165,1,0.794,NA
167,91,checksum,lexicase,FALSE,20,elitize_generation_data,166,1,0.791,NA
168,91,checksum,lexicase,FALSE,20,elitize_generation_data,167,1,0.803,NA
169,91,checksum,lexicase,FALSE,20,elitize_generation_data,168,1,0.795,NA
170,91,checksum,lexicase,FALSE,20,elitize_generation_data,169,1,0.773,NA
171,91,checksum,lexicase,FALSE,20,elitize_generation_data,170,1,0.804,NA
172,91,checksum,lexicase,FALSE,20,elitize_generation_data,171,1,0.782,NA
173,91,checksum,lexicase,FALSE,20,elitize_generation_data,172,1,0.802,NA
174,91,checksum,lexicase,FALSE,20,elitize_generation_data,173,1,0.776,NA
175,91,checksum,lexicase,FALSE,20,elitize_generation_data,174,1,0.78,NA
176,91,checksum,lexicase,FALSE,20,elitize_generation_data,175,1,0.77,NA
177,91,checksum,lexicase,FALSE,20,elitize_generation_data,176,1,0.784,NA
178,91,checksum,lexicase,FALSE,20,elitize_generation_data,177,1,0.799,NA
179,91,checksum,lexicase,FALSE,20,elitize_generation_data,178,1,0.775,NA
180,91,checksum,lexicase,FALSE,20,elitize_generation_data,179,1,0.79,NA
181,91,checksum,lexicase,FALSE,20,elitize_generation_data,180,1,0.78,NA
182,91,checksum,lexicase,FALSE,20,elitize_generation_data,181,2,0.757,NA
183,91,checksum,lexicase,FALSE,20,elitize_generation_data,182,2,0.79,NA
184,91,checksum,lexicase,FALSE,20,elitize_generation_data,183,1,0.779,NA
185,91,checksum,lexicase,FALSE,20,elitize_generation_data,184,1,0.784,NA
186,91,checksum,lexicase,FALSE,20,elitize_generation_data,185,1,0.779,NA
187,91,checksum,lexicase,FALSE,20,elitize_generation_data,186,1,0.801,NA
188,91,checksum,lexicase,FALSE,20,elitize_generation_data,187,1,0.791,NA
189,91,checksum,lexicase,FALSE,20,elitize_generation_data,188,1,0.784,NA
190,91,checksum,lexicase,FALSE,20,elitize_generation_data,189,1,0.8,NA
191,91,checksum,lexicase,FALSE,20,elitize_generation_data,190,1,0.788,NA
192,91,checksum,lexicase,FALSE,20,elitize_generation_data,191,1,0.779,NA
193,91,checksum,lexicase,FALSE,20,elitize_generation_data,192,1,0.795,NA
194,91,checksum,lexicase,FALSE,20,elitize_generation_data,193,1,0.792,NA
195,91,checksum,lexicase,FALSE,20,elitize_generation_data,194,1,0.772,NA
196,91,checksum,lexicase,FALSE,20,elitize_generation_data,195,1,0.774,NA
197,91,checksum,lexicase,FALSE,20,elitize_generation_data,196,1,0.765,NA
198,91,checksum,lexicase,FALSE,20,elitize_generation_data,197,1,0.787,NA
199,91,checksum,lexicase,FALSE,20,elitize_generation_data,198,1,0.783,NA
200,91,checksum,lexicase,FALSE,20,elitize_generation_data,199,1,0.786,NA
201,91,checksum,lexicase,FALSE,20,elitize_generation_data,200,1,0.798,NA
202,91,checksum,lexicase,FALSE,20,elitize_generation_data,201,1,0.793,NA
203,91,checksum,lexicase,FALSE,20,elitize_generation_data,202,1,0.797,NA
204,91,checksum,lexicase,FALSE,20,elitize_generation_data,203,1,0.784,NA
205,91,checksum,lexicase,FALSE,20,elitize_generation_data,204,1,0.783,NA
206,91,checksum,lexicase,FALSE,20,elitize_generation_data,205,1,0.792,NA
207,91,checksum,lexicase,FALSE,20,elitize_generation_data,206,1,0.781,NA
208,91,checksum,lexicase,FALSE,20,elitize_generation_data,207,1,0.79,NA
209,91,checksum,lexicase,FALSE,20,elitize_generation_data,208,1,0.788,NA
210,91,checksum,lexicase,FALSE,20,elitize_generation_data,209,1,0.798,NA
211,91,checksum,lexicase,FALSE,20,elitize_generation_data,210,1,0.777,NA
212,91,checksum,lexicase,FALSE,20,elitize_generation_data,211,1,0.803,NA
213,91,checksum,lexicase,FALSE,20,elitize_generation_data,212,1,0.8,NA
214,91,checksum,lexicase,FALSE,20,elitize_generation_data,213,1,0.794,NA
215,91,checksum,lexicase,FALSE,20,elitize_generation_data,214,1,0.783,NA
216,91,checksum,lexicase,FALSE,20,elitize_generation_data,215,1,0.808,NA
217,91,checksum,lexicase,FALSE,20,elitize_generation_data,216,1,0.79,NA
218,91,checksum,lexicase,FALSE,20,elitize_generation_data,217,1,0.795,NA
219,91,checksum,lexicase,FALSE,20,elitize_generation_data,218,1,0.804,NA
220,91,checksum,lexicase,FALSE,20,elitize_generation_data,219,1,0.809,NA
221,91,checksum,lexicase,FALSE,20,elitize_generation_data,220,1,0.776,NA
222,91,checksum,lexicase,FALSE,20,elitize_generation_data,221,1,0.798,NA
223,91,checksum,lexicase,FALSE,20,elitize_generation_data,222,1,0.796,NA
224,91,checksum,lexicase,FALSE,20,elitize_generation_data,223,1,0.766,NA
225,91,checksum,lexicase,FALSE,20,elitize_generation_data,224,1,0.776,NA
226,91,checksum,lexicase,FALSE,20,elitize_generation_data,225,1,0.788,NA
227,91,checksum,lexicase,FALSE,20,elitize_generation_data,226,1,0.805,NA
228,91,checksum,lexicase,FALSE,20,elitize_generation_data,227,1,0.754,NA
229,91,checksum,lexicase,FALSE,20,elitize_generation_data,228,1,0.8,NA
230,91,checksum,lexicase,FALSE,20,elitize_generation_data,229,1,0.794,NA
231,91,checksum,lexicase,FALSE,20,elitize_generation_data,230,1,0.799,NA
232,91,checksum,lexicase,FALSE,20,elitize_generation_data,231,1,0.805,NA
233,91,checksum,lexicase,FALSE,20,elitize_generation_data,232,1,0.795,NA
234,91,checksum,lexicase,FALSE,20,elitize_generation_data,233,1,0.821,NA
235,91,checksum,lexicase,FALSE,20,elitize_generation_data,234,1,0.8,NA
236,91,checksum,lexicase,FALSE,20,elitize_generation_data,235,1,0.8,NA
237,91,checksum,lexicase,FALSE,20,elitize_generation_data,236,1,0.817,NA
238,91,checksum,lexicase,FALSE,20,elitize_generation_data,237,1,0.807,NA
239,91,checksum,lexicase,FALSE,20,elitize_generation_data,238,1,0.815,NA
240,91,checksum,lexicase,FALSE,20,elitize_generation_data,239,1,0.819,NA
241,91,checksum,lexicase,FALSE,20,elitize_generation_data,240,1,0.821,NA
242,91,checksum,lexicase,FALSE,20,elitize_generation_data,241,1,0.822,NA
243,91,checksum,lexicase,FALSE,20,elitize_generation_data,242,1,0.823,NA
244,91,checksum,lexicase,FALSE,20,elitize_generation_data,243,1,0.78,NA
245,91,checksum,lexicase,FALSE,20,elitize_generation_data,244,1,0.809,NA
246,91,checksum,lexicase,FALSE,20,elitize_generation_data,245,1,0.791,NA
247,91,checksum,lexicase,FALSE,20,elitize_generation_data,246,1,0.793,NA
248,91,checksum,lexicase,FALSE,20,elitize_generation_data,247,1,0.796,NA
249,91,checksum,lexicase,FALSE,20,elitize_generation_data,248,1,0.797,NA
250,91,checksum,lexicase,FALSE,20,elitize_generation_data,249,1,0.818,NA
251,91,checksum,lexicase,FALSE,20,elitize_generation_data,250,1,0.826,NA
252,91,checksum,lexicase,FALSE,20,elitize_generation_data,251,1,0.826,NA
253,91,checksum,lexicase,FALSE,20,elitize_generation_data,252,1,0.797,NA
254,91,checksum,lexicase,FALSE,20,elitize_generation_data,253,1,0.81,NA
255,91,checksum,lexicase,FALSE,20,elitize_generation_data,254,1,0.827,NA
256,91,checksum,lexicase,FALSE,20,elitize_generation_data,255,1,0.802,NA
257,91,checksum,lexicase,FALSE,20,elitize_generation_data,256,1,0.806,NA
258,91,checksum,lexicase,FALSE,20,elitize_generation_data,257,1,0.803,NA
259,91,checksum,lexicase,FALSE,20,elitize_generation_data,258,1,0.789,NA
260,91,checksum,lexicase,FALSE,20,elitize_generation_data,259,1,0.794,NA
261,91,checksum,lexicase,FALSE,20,elitize_generation_data,260,1,0.817,NA
262,91,checksum,lexicase,FALSE,20,elitize_generation_data,261,1,0.804,NA
263,91,checksum,lexicase,FALSE,20,elitize_generation_data,262,1,0.784,NA
264,91,checksum,lexicase,FALSE,20,elitize_generation_data,263,1,0.79,NA
265,91,checksum,lexicase,FALSE,20,elitize_generation_data,264,1,0.786,NA
266,91,checksum,lexicase,FALSE,20,elitize_generation_data,265,1,0.803,NA
267,91,checksum,lexicase,FALSE,20,elitize_generation_data,266,1,0.78,NA
268,91,checksum,lexicase,FALSE,20,elitize_generation_data,267,1,0.786,NA
269,91,checksum,lexicase,FALSE,20,elitize_generation_data,268,1,0.806,NA
270,91,checksum,lexicase,FALSE,20,elitize_generation_data,269,1,0.775,NA
271,91,checksum,lexicase,FALSE,20,elitize_generation_data,270,1,0.794,NA
272,91,checksum,lexicase,FALSE,20,elitize_generation_data,271,1,0.779,NA
273,91,checksum,lexicase,FALSE,20,elitize_generation_data,272,1,0.781,NA
274,91,checksum,lexicase,FALSE,20,elitize_generation_data,273,1,0.771,NA
275,91,checksum,lexicase,FALSE,20,elitize_generation_data,274,2,0.794,NA
276,91,checksum,lexicase,FALSE,20,elitize_generation_data,275,1,0.791,NA
277,91,checksum,lexicase,FALSE,20,elitize_generation_data,276,1,0.812,NA
278,91,checksum,lexicase,FALSE,20,elitize_generation_data,277,1,0.798,NA
279,91,checksum,lexicase,FALSE,20,elitize_generation_data,278,1,0.79,NA
280,91,checksum,lexicase,FALSE,20,elitize_generation_data,279,1,0.801,NA
281,91,checksum,lexicase,FALSE,20,elitize_generation_data,280,2,0.798,NA
282,91,checksum,lexicase,FALSE,20,elitize_generation_data,281,1,0.792,NA
283,91,checksum,lexicase,FALSE,20,elitize_generation_data,282,1,0.781,NA
284,91,checksum,lexicase,FALSE,20,elitize_generation_data,283,1,0.757,NA
285,91,checksum,lexicase,FALSE,20,elitize_generation_data,284,1,0.774,NA
286,91,checksum,lexicase,FALSE,20,elitize_generation_data,285,1,0.764,NA
287,91,checksum,lexicase,FALSE,20,elitize_generation_data,286,1,0.771,NA
288,91,checksum,lexicase,FALSE,20,elitize_generation_data,287,1,0.776,NA
289,91,checksum,lexicase,FALSE,20,elitize_generation_data,288,2,0.79,NA
290,91,checksum,lexicase,FALSE,20,elitize_generation_data,289,1,0.759,NA
291,91,checksum,lexicase,FALSE,20,elitize_generation_data,290,1,0.796,NA
292,91,checksum,lexicase,FALSE,20,elitize_generation_data,291,1,0.781,NA
293,91,checksum,lexicase,FALSE,20,elitize_generation_data,292,2,0.776,NA
294,91,checksum,lexicase,FALSE,20,elitize_generation_data,293,1,0.805,NA
295,91,checksum,lexicase,FALSE,20,elitize_generation_data,294,1,0.806,NA
296,91,checksum,lexicase,FALSE,20,elitize_generation_data,295,2,0.799,NA
297,91,checksum,lexicase,FALSE,20,elitize_generation_data,296,2,0.767,NA
298,91,checksum,lexicase,FALSE,20,elitize_generation_data,297,2,0.767,NA
299,91,checksum,lexicase,FALSE,20,elitize_generation_data,298,2,0.795,NA
300,91,checksum,lexicase,FALSE,20,elitize_generation_data,299,3,0.78,NA
301,91,checksum,lexicase,FALSE,20,elitize_generation_data,300,2,0.755,NA
