,run.num,problem,treatment,succeeded,height,normalization.function,generation,cluster.count,error.diversity,success.generation
1,7,checksum,lexicase,FALSE,20,elitize_generation_data,0,2,0.317,NA
2,7,checksum,lexicase,FALSE,20,elitize_generation_data,1,3,0.208,NA
3,7,checksum,lexicase,FALSE,20,elitize_generation_data,2,7,0.377,NA
4,7,checksum,lexicase,FALSE,20,elitize_generation_data,3,6,0.352,NA
5,7,checksum,lexicase,FALSE,20,elitize_generation_data,4,7,0.379,NA
6,7,checksum,lexicase,FALSE,20,elitize_generation_data,5,9,0.38,NA
7,7,checksum,lexicase,FALSE,20,elitize_generation_data,6,6,0.371,NA
8,7,checksum,lexicase,FALSE,20,elitize_generation_data,7,8,0.414,NA
9,7,checksum,lexicase,FALSE,20,elitize_generation_data,8,5,0.39,NA
10,7,checksum,lexicase,FALSE,20,elitize_generation_data,9,8,0.426,NA
11,7,checksum,lexicase,FALSE,20,elitize_generation_data,10,6,0.444,NA
12,7,checksum,lexicase,FALSE,20,elitize_generation_data,11,5,0.477,NA
13,7,checksum,lexicase,FALSE,20,elitize_generation_data,12,2,0.488,NA
14,7,checksum,lexicase,FALSE,20,elitize_generation_data,13,1,0.447,NA
15,7,checksum,lexicase,FALSE,20,elitize_generation_data,14,1,0.391,NA
16,7,checksum,lexicase,FALSE,20,elitize_generation_data,15,1,0.375,NA
17,7,checksum,lexicase,FALSE,20,elitize_generation_data,16,1,0.388,NA
18,7,checksum,lexicase,FALSE,20,elitize_generation_data,17,1,0.367,NA
19,7,checksum,lexicase,FALSE,20,elitize_generation_data,18,1,0.393,NA
20,7,checksum,lexicase,FALSE,20,elitize_generation_data,19,1,0.427,NA
21,7,checksum,lexicase,FALSE,20,elitize_generation_data,20,1,0.468,NA
22,7,checksum,lexicase,FALSE,20,elitize_generation_data,21,1,0.482,NA
23,7,checksum,lexicase,FALSE,20,elitize_generation_data,22,1,0.536,NA
24,7,checksum,lexicase,FALSE,20,elitize_generation_data,23,1,0.559,NA
25,7,checksum,lexicase,FALSE,20,elitize_generation_data,24,1,0.545,NA
26,7,checksum,lexicase,FALSE,20,elitize_generation_data,25,1,0.57,NA
27,7,checksum,lexicase,FALSE,20,elitize_generation_data,26,1,0.605,NA
28,7,checksum,lexicase,FALSE,20,elitize_generation_data,27,1,0.621,NA
29,7,checksum,lexicase,FALSE,20,elitize_generation_data,28,1,0.667,NA
30,7,checksum,lexicase,FALSE,20,elitize_generation_data,29,1,0.631,NA
31,7,checksum,lexicase,FALSE,20,elitize_generation_data,30,1,0.614,NA
32,7,checksum,lexicase,FALSE,20,elitize_generation_data,31,1,0.563,NA
33,7,checksum,lexicase,FALSE,20,elitize_generation_data,32,1,0.557,NA
34,7,checksum,lexicase,FALSE,20,elitize_generation_data,33,1,0.561,NA
35,7,checksum,lexicase,FALSE,20,elitize_generation_data,34,1,0.587,NA
36,7,checksum,lexicase,FALSE,20,elitize_generation_data,35,1,0.589,NA
37,7,checksum,lexicase,FALSE,20,elitize_generation_data,36,1,0.592,NA
38,7,checksum,lexicase,FALSE,20,elitize_generation_data,37,1,0.581,NA
39,7,checksum,lexicase,FALSE,20,elitize_generation_data,38,1,0.564,NA
40,7,checksum,lexicase,FALSE,20,elitize_generation_data,39,1,0.569,NA
41,7,checksum,lexicase,FALSE,20,elitize_generation_data,40,1,0.635,NA
42,7,checksum,lexicase,FALSE,20,elitize_generation_data,41,1,0.629,NA
43,7,checksum,lexicase,FALSE,20,elitize_generation_data,42,1,0.6,NA
44,7,checksum,lexicase,FALSE,20,elitize_generation_data,43,1,0.62,NA
45,7,checksum,lexicase,FALSE,20,elitize_generation_data,44,1,0.647,NA
46,7,checksum,lexicase,FALSE,20,elitize_generation_data,45,1,0.641,NA
47,7,checksum,lexicase,FALSE,20,elitize_generation_data,46,1,0.647,NA
48,7,checksum,lexicase,FALSE,20,elitize_generation_data,47,1,0.646,NA
49,7,checksum,lexicase,FALSE,20,elitize_generation_data,48,1,0.654,NA
50,7,checksum,lexicase,FALSE,20,elitize_generation_data,49,1,0.688,NA
51,7,checksum,lexicase,FALSE,20,elitize_generation_data,50,1,0.672,NA
52,7,checksum,lexicase,FALSE,20,elitize_generation_data,51,1,0.678,NA
53,7,checksum,lexicase,FALSE,20,elitize_generation_data,52,1,0.685,NA
54,7,checksum,lexicase,FALSE,20,elitize_generation_data,53,1,0.682,NA
55,7,checksum,lexicase,FALSE,20,elitize_generation_data,54,1,0.689,NA
56,7,checksum,lexicase,FALSE,20,elitize_generation_data,55,1,0.693,NA
57,7,checksum,lexicase,FALSE,20,elitize_generation_data,56,1,0.688,NA
58,7,checksum,lexicase,FALSE,20,elitize_generation_data,57,1,0.663,NA
59,7,checksum,lexicase,FALSE,20,elitize_generation_data,58,1,0.647,NA
60,7,checksum,lexicase,FALSE,20,elitize_generation_data,59,1,0.702,NA
61,7,checksum,lexicase,FALSE,20,elitize_generation_data,60,1,0.669,NA
62,7,checksum,lexicase,FALSE,20,elitize_generation_data,61,1,0.704,NA
63,7,checksum,lexicase,FALSE,20,elitize_generation_data,62,1,0.713,NA
64,7,checksum,lexicase,FALSE,20,elitize_generation_data,63,1,0.715,NA
65,7,checksum,lexicase,FALSE,20,elitize_generation_data,64,1,0.719,NA
66,7,checksum,lexicase,FALSE,20,elitize_generation_data,65,1,0.701,NA
67,7,checksum,lexicase,FALSE,20,elitize_generation_data,66,1,0.687,NA
68,7,checksum,lexicase,FALSE,20,elitize_generation_data,67,1,0.701,NA
69,7,checksum,lexicase,FALSE,20,elitize_generation_data,68,1,0.705,NA
70,7,checksum,lexicase,FALSE,20,elitize_generation_data,69,1,0.669,NA
71,7,checksum,lexicase,FALSE,20,elitize_generation_data,70,1,0.715,NA
72,7,checksum,lexicase,FALSE,20,elitize_generation_data,71,1,0.703,NA
73,7,checksum,lexicase,FALSE,20,elitize_generation_data,72,1,0.726,NA
74,7,checksum,lexicase,FALSE,20,elitize_generation_data,73,1,0.695,NA
75,7,checksum,lexicase,FALSE,20,elitize_generation_data,74,1,0.718,NA
76,7,checksum,lexicase,FALSE,20,elitize_generation_data,75,1,0.703,NA
77,7,checksum,lexicase,FALSE,20,elitize_generation_data,76,1,0.706,NA
78,7,checksum,lexicase,FALSE,20,elitize_generation_data,77,1,0.716,NA
79,7,checksum,lexicase,FALSE,20,elitize_generation_data,78,1,0.71,NA
80,7,checksum,lexicase,FALSE,20,elitize_generation_data,79,1,0.7,NA
81,7,checksum,lexicase,FALSE,20,elitize_generation_data,80,1,0.745,NA
82,7,checksum,lexicase,FALSE,20,elitize_generation_data,81,1,0.719,NA
83,7,checksum,lexicase,FALSE,20,elitize_generation_data,82,1,0.729,NA
84,7,checksum,lexicase,FALSE,20,elitize_generation_data,83,1,0.733,NA
85,7,checksum,lexicase,FALSE,20,elitize_generation_data,84,1,0.715,NA
86,7,checksum,lexicase,FALSE,20,elitize_generation_data,85,1,0.706,NA
87,7,checksum,lexicase,FALSE,20,elitize_generation_data,86,1,0.729,NA
88,7,checksum,lexicase,FALSE,20,elitize_generation_data,87,1,0.717,NA
89,7,checksum,lexicase,FALSE,20,elitize_generation_data,88,1,0.735,NA
90,7,checksum,lexicase,FALSE,20,elitize_generation_data,89,1,0.717,NA
91,7,checksum,lexicase,FALSE,20,elitize_generation_data,90,1,0.722,NA
92,7,checksum,lexicase,FALSE,20,elitize_generation_data,91,1,0.751,NA
93,7,checksum,lexicase,FALSE,20,elitize_generation_data,92,1,0.74,NA
94,7,checksum,lexicase,FALSE,20,elitize_generation_data,93,1,0.72,NA
95,7,checksum,lexicase,FALSE,20,elitize_generation_data,94,1,0.706,NA
96,7,checksum,lexicase,FALSE,20,elitize_generation_data,95,1,0.736,NA
97,7,checksum,lexicase,FALSE,20,elitize_generation_data,96,1,0.709,NA
98,7,checksum,lexicase,FALSE,20,elitize_generation_data,97,1,0.73,NA
99,7,checksum,lexicase,FALSE,20,elitize_generation_data,98,1,0.738,NA
100,7,checksum,lexicase,FALSE,20,elitize_generation_data,99,1,0.703,NA
101,7,checksum,lexicase,FALSE,20,elitize_generation_data,100,1,0.72,NA
102,7,checksum,lexicase,FALSE,20,elitize_generation_data,101,1,0.736,NA
103,7,checksum,lexicase,FALSE,20,elitize_generation_data,102,1,0.733,NA
104,7,checksum,lexicase,FALSE,20,elitize_generation_data,103,1,0.706,NA
105,7,checksum,lexicase,FALSE,20,elitize_generation_data,104,1,0.716,NA
106,7,checksum,lexicase,FALSE,20,elitize_generation_data,105,1,0.707,NA
107,7,checksum,lexicase,FALSE,20,elitize_generation_data,106,1,0.718,NA
108,7,checksum,lexicase,FALSE,20,elitize_generation_data,107,1,0.721,NA
109,7,checksum,lexicase,FALSE,20,elitize_generation_data,108,1,0.724,NA
110,7,checksum,lexicase,FALSE,20,elitize_generation_data,109,1,0.729,NA
111,7,checksum,lexicase,FALSE,20,elitize_generation_data,110,1,0.688,NA
112,7,checksum,lexicase,FALSE,20,elitize_generation_data,111,1,0.729,NA
113,7,checksum,lexicase,FALSE,20,elitize_generation_data,112,1,0.727,NA
114,7,checksum,lexicase,FALSE,20,elitize_generation_data,113,1,0.741,NA
115,7,checksum,lexicase,FALSE,20,elitize_generation_data,114,1,0.74,NA
116,7,checksum,lexicase,FALSE,20,elitize_generation_data,115,1,0.722,NA
117,7,checksum,lexicase,FALSE,20,elitize_generation_data,116,1,0.724,NA
118,7,checksum,lexicase,FALSE,20,elitize_generation_data,117,1,0.714,NA
119,7,checksum,lexicase,FALSE,20,elitize_generation_data,118,1,0.731,NA
120,7,checksum,lexicase,FALSE,20,elitize_generation_data,119,1,0.729,NA
121,7,checksum,lexicase,FALSE,20,elitize_generation_data,120,1,0.74,NA
122,7,checksum,lexicase,FALSE,20,elitize_generation_data,121,1,0.731,NA
123,7,checksum,lexicase,FALSE,20,elitize_generation_data,122,2,0.733,NA
124,7,checksum,lexicase,FALSE,20,elitize_generation_data,123,2,0.744,NA
125,7,checksum,lexicase,FALSE,20,elitize_generation_data,124,1,0.754,NA
126,7,checksum,lexicase,FALSE,20,elitize_generation_data,125,1,0.703,NA
127,7,checksum,lexicase,FALSE,20,elitize_generation_data,126,1,0.745,NA
128,7,checksum,lexicase,FALSE,20,elitize_generation_data,127,1,0.723,NA
129,7,checksum,lexicase,FALSE,20,elitize_generation_data,128,1,0.74,NA
130,7,checksum,lexicase,FALSE,20,elitize_generation_data,129,1,0.733,NA
131,7,checksum,lexicase,FALSE,20,elitize_generation_data,130,1,0.715,NA
132,7,checksum,lexicase,FALSE,20,elitize_generation_data,131,1,0.731,NA
133,7,checksum,lexicase,FALSE,20,elitize_generation_data,132,1,0.718,NA
134,7,checksum,lexicase,FALSE,20,elitize_generation_data,133,1,0.75,NA
135,7,checksum,lexicase,FALSE,20,elitize_generation_data,134,1,0.76,NA
136,7,checksum,lexicase,FALSE,20,elitize_generation_data,135,1,0.752,NA
137,7,checksum,lexicase,FALSE,20,elitize_generation_data,136,1,0.754,NA
138,7,checksum,lexicase,FALSE,20,elitize_generation_data,137,1,0.722,NA
139,7,checksum,lexicase,FALSE,20,elitize_generation_data,138,1,0.725,NA
140,7,checksum,lexicase,FALSE,20,elitize_generation_data,139,1,0.738,NA
141,7,checksum,lexicase,FALSE,20,elitize_generation_data,140,1,0.767,NA
142,7,checksum,lexicase,FALSE,20,elitize_generation_data,141,1,0.742,NA
143,7,checksum,lexicase,FALSE,20,elitize_generation_data,142,1,0.756,NA
144,7,checksum,lexicase,FALSE,20,elitize_generation_data,143,1,0.768,NA
145,7,checksum,lexicase,FALSE,20,elitize_generation_data,144,1,0.765,NA
146,7,checksum,lexicase,FALSE,20,elitize_generation_data,145,1,0.746,NA
147,7,checksum,lexicase,FALSE,20,elitize_generation_data,146,1,0.764,NA
148,7,checksum,lexicase,FALSE,20,elitize_generation_data,147,1,0.754,NA
149,7,checksum,lexicase,FALSE,20,elitize_generation_data,148,1,0.721,NA
150,7,checksum,lexicase,FALSE,20,elitize_generation_data,149,2,0.752,NA
151,7,checksum,lexicase,FALSE,20,elitize_generation_data,150,1,0.755,NA
152,7,checksum,lexicase,FALSE,20,elitize_generation_data,151,2,0.741,NA
153,7,checksum,lexicase,FALSE,20,elitize_generation_data,152,2,0.785,NA
154,7,checksum,lexicase,FALSE,20,elitize_generation_data,153,1,0.771,NA
155,7,checksum,lexicase,FALSE,20,elitize_generation_data,154,2,0.764,NA
156,7,checksum,lexicase,FALSE,20,elitize_generation_data,155,1,0.744,NA
157,7,checksum,lexicase,FALSE,20,elitize_generation_data,156,1,0.754,NA
158,7,checksum,lexicase,FALSE,20,elitize_generation_data,157,1,0.767,NA
159,7,checksum,lexicase,FALSE,20,elitize_generation_data,158,1,0.733,NA
160,7,checksum,lexicase,FALSE,20,elitize_generation_data,159,1,0.766,NA
161,7,checksum,lexicase,FALSE,20,elitize_generation_data,160,1,0.784,NA
162,7,checksum,lexicase,FALSE,20,elitize_generation_data,161,1,0.761,NA
163,7,checksum,lexicase,FALSE,20,elitize_generation_data,162,1,0.779,NA
164,7,checksum,lexicase,FALSE,20,elitize_generation_data,163,1,0.756,NA
165,7,checksum,lexicase,FALSE,20,elitize_generation_data,164,1,0.771,NA
166,7,checksum,lexicase,FALSE,20,elitize_generation_data,165,1,0.792,NA
167,7,checksum,lexicase,FALSE,20,elitize_generation_data,166,1,0.761,NA
168,7,checksum,lexicase,FALSE,20,elitize_generation_data,167,1,0.771,NA
169,7,checksum,lexicase,FALSE,20,elitize_generation_data,168,1,0.75,NA
170,7,checksum,lexicase,FALSE,20,elitize_generation_data,169,1,0.761,NA
171,7,checksum,lexicase,FALSE,20,elitize_generation_data,170,1,0.781,NA
172,7,checksum,lexicase,FALSE,20,elitize_generation_data,171,1,0.759,NA
173,7,checksum,lexicase,FALSE,20,elitize_generation_data,172,1,0.756,NA
174,7,checksum,lexicase,FALSE,20,elitize_generation_data,173,1,0.766,NA
175,7,checksum,lexicase,FALSE,20,elitize_generation_data,174,1,0.779,NA
176,7,checksum,lexicase,FALSE,20,elitize_generation_data,175,1,0.762,NA
177,7,checksum,lexicase,FALSE,20,elitize_generation_data,176,1,0.773,NA
178,7,checksum,lexicase,FALSE,20,elitize_generation_data,177,1,0.792,NA
179,7,checksum,lexicase,FALSE,20,elitize_generation_data,178,1,0.793,NA
180,7,checksum,lexicase,FALSE,20,elitize_generation_data,179,1,0.763,NA
181,7,checksum,lexicase,FALSE,20,elitize_generation_data,180,1,0.775,NA
182,7,checksum,lexicase,FALSE,20,elitize_generation_data,181,1,0.746,NA
183,7,checksum,lexicase,FALSE,20,elitize_generation_data,182,1,0.793,NA
184,7,checksum,lexicase,FALSE,20,elitize_generation_data,183,1,0.755,NA
185,7,checksum,lexicase,FALSE,20,elitize_generation_data,184,1,0.784,NA
186,7,checksum,lexicase,FALSE,20,elitize_generation_data,185,1,0.788,NA
187,7,checksum,lexicase,FALSE,20,elitize_generation_data,186,1,0.756,NA
188,7,checksum,lexicase,FALSE,20,elitize_generation_data,187,1,0.78,NA
189,7,checksum,lexicase,FALSE,20,elitize_generation_data,188,1,0.762,NA
190,7,checksum,lexicase,FALSE,20,elitize_generation_data,189,1,0.79,NA
191,7,checksum,lexicase,FALSE,20,elitize_generation_data,190,1,0.782,NA
192,7,checksum,lexicase,FALSE,20,elitize_generation_data,191,1,0.774,NA
193,7,checksum,lexicase,FALSE,20,elitize_generation_data,192,1,0.785,NA
194,7,checksum,lexicase,FALSE,20,elitize_generation_data,193,1,0.797,NA
195,7,checksum,lexicase,FALSE,20,elitize_generation_data,194,1,0.775,NA
196,7,checksum,lexicase,FALSE,20,elitize_generation_data,195,1,0.794,NA
197,7,checksum,lexicase,FALSE,20,elitize_generation_data,196,1,0.764,NA
198,7,checksum,lexicase,FALSE,20,elitize_generation_data,197,1,0.769,NA
199,7,checksum,lexicase,FALSE,20,elitize_generation_data,198,1,0.771,NA
200,7,checksum,lexicase,FALSE,20,elitize_generation_data,199,1,0.757,NA
201,7,checksum,lexicase,FALSE,20,elitize_generation_data,200,1,0.797,NA
202,7,checksum,lexicase,FALSE,20,elitize_generation_data,201,1,0.782,NA
203,7,checksum,lexicase,FALSE,20,elitize_generation_data,202,1,0.799,NA
204,7,checksum,lexicase,FALSE,20,elitize_generation_data,203,1,0.784,NA
205,7,checksum,lexicase,FALSE,20,elitize_generation_data,204,1,0.793,NA
206,7,checksum,lexicase,FALSE,20,elitize_generation_data,205,1,0.764,NA
207,7,checksum,lexicase,FALSE,20,elitize_generation_data,206,1,0.767,NA
208,7,checksum,lexicase,FALSE,20,elitize_generation_data,207,1,0.764,NA
209,7,checksum,lexicase,FALSE,20,elitize_generation_data,208,1,0.765,NA
210,7,checksum,lexicase,FALSE,20,elitize_generation_data,209,1,0.778,NA
211,7,checksum,lexicase,FALSE,20,elitize_generation_data,210,1,0.763,NA
212,7,checksum,lexicase,FALSE,20,elitize_generation_data,211,1,0.771,NA
213,7,checksum,lexicase,FALSE,20,elitize_generation_data,212,1,0.804,NA
214,7,checksum,lexicase,FALSE,20,elitize_generation_data,213,1,0.783,NA
215,7,checksum,lexicase,FALSE,20,elitize_generation_data,214,1,0.788,NA
216,7,checksum,lexicase,FALSE,20,elitize_generation_data,215,1,0.759,NA
217,7,checksum,lexicase,FALSE,20,elitize_generation_data,216,1,0.755,NA
218,7,checksum,lexicase,FALSE,20,elitize_generation_data,217,1,0.765,NA
219,7,checksum,lexicase,FALSE,20,elitize_generation_data,218,1,0.764,NA
220,7,checksum,lexicase,FALSE,20,elitize_generation_data,219,1,0.756,NA
221,7,checksum,lexicase,FALSE,20,elitize_generation_data,220,1,0.772,NA
222,7,checksum,lexicase,FALSE,20,elitize_generation_data,221,1,0.723,NA
223,7,checksum,lexicase,FALSE,20,elitize_generation_data,222,1,0.77,NA
224,7,checksum,lexicase,FALSE,20,elitize_generation_data,223,1,0.779,NA
225,7,checksum,lexicase,FALSE,20,elitize_generation_data,224,1,0.766,NA
226,7,checksum,lexicase,FALSE,20,elitize_generation_data,225,1,0.762,NA
227,7,checksum,lexicase,FALSE,20,elitize_generation_data,226,1,0.746,NA
228,7,checksum,lexicase,FALSE,20,elitize_generation_data,227,1,0.76,NA
229,7,checksum,lexicase,FALSE,20,elitize_generation_data,228,1,0.76,NA
230,7,checksum,lexicase,FALSE,20,elitize_generation_data,229,1,0.786,NA
231,7,checksum,lexicase,FALSE,20,elitize_generation_data,230,1,0.762,NA
232,7,checksum,lexicase,FALSE,20,elitize_generation_data,231,1,0.779,NA
233,7,checksum,lexicase,FALSE,20,elitize_generation_data,232,1,0.787,NA
234,7,checksum,lexicase,FALSE,20,elitize_generation_data,233,1,0.762,NA
235,7,checksum,lexicase,FALSE,20,elitize_generation_data,234,1,0.776,NA
236,7,checksum,lexicase,FALSE,20,elitize_generation_data,235,1,0.779,NA
237,7,checksum,lexicase,FALSE,20,elitize_generation_data,236,1,0.745,NA
238,7,checksum,lexicase,FALSE,20,elitize_generation_data,237,1,0.795,NA
239,7,checksum,lexicase,FALSE,20,elitize_generation_data,238,1,0.772,NA
240,7,checksum,lexicase,FALSE,20,elitize_generation_data,239,1,0.788,NA
241,7,checksum,lexicase,FALSE,20,elitize_generation_data,240,1,0.773,NA
242,7,checksum,lexicase,FALSE,20,elitize_generation_data,241,1,0.759,NA
243,7,checksum,lexicase,FALSE,20,elitize_generation_data,242,1,0.742,NA
244,7,checksum,lexicase,FALSE,20,elitize_generation_data,243,1,0.764,NA
245,7,checksum,lexicase,FALSE,20,elitize_generation_data,244,1,0.74,NA
246,7,checksum,lexicase,FALSE,20,elitize_generation_data,245,1,0.77,NA
247,7,checksum,lexicase,FALSE,20,elitize_generation_data,246,1,0.766,NA
248,7,checksum,lexicase,FALSE,20,elitize_generation_data,247,1,0.768,NA
249,7,checksum,lexicase,FALSE,20,elitize_generation_data,248,1,0.734,NA
250,7,checksum,lexicase,FALSE,20,elitize_generation_data,249,1,0.731,NA
251,7,checksum,lexicase,FALSE,20,elitize_generation_data,250,1,0.743,NA
252,7,checksum,lexicase,FALSE,20,elitize_generation_data,251,1,0.75,NA
253,7,checksum,lexicase,FALSE,20,elitize_generation_data,252,1,0.785,NA
254,7,checksum,lexicase,FALSE,20,elitize_generation_data,253,1,0.757,NA
255,7,checksum,lexicase,FALSE,20,elitize_generation_data,254,1,0.769,NA
256,7,checksum,lexicase,FALSE,20,elitize_generation_data,255,1,0.743,NA
257,7,checksum,lexicase,FALSE,20,elitize_generation_data,256,1,0.729,NA
258,7,checksum,lexicase,FALSE,20,elitize_generation_data,257,1,0.724,NA
259,7,checksum,lexicase,FALSE,20,elitize_generation_data,258,1,0.741,NA
260,7,checksum,lexicase,FALSE,20,elitize_generation_data,259,1,0.726,NA
261,7,checksum,lexicase,FALSE,20,elitize_generation_data,260,1,0.725,NA
262,7,checksum,lexicase,FALSE,20,elitize_generation_data,261,1,0.721,NA
263,7,checksum,lexicase,FALSE,20,elitize_generation_data,262,1,0.721,NA
264,7,checksum,lexicase,FALSE,20,elitize_generation_data,263,1,0.7,NA
265,7,checksum,lexicase,FALSE,20,elitize_generation_data,264,1,0.745,NA
266,7,checksum,lexicase,FALSE,20,elitize_generation_data,265,1,0.762,NA
267,7,checksum,lexicase,FALSE,20,elitize_generation_data,266,1,0.761,NA
268,7,checksum,lexicase,FALSE,20,elitize_generation_data,267,1,0.763,NA
269,7,checksum,lexicase,FALSE,20,elitize_generation_data,268,1,0.733,NA
270,7,checksum,lexicase,FALSE,20,elitize_generation_data,269,1,0.765,NA
271,7,checksum,lexicase,FALSE,20,elitize_generation_data,270,1,0.747,NA
272,7,checksum,lexicase,FALSE,20,elitize_generation_data,271,1,0.763,NA
273,7,checksum,lexicase,FALSE,20,elitize_generation_data,272,1,0.754,NA
274,7,checksum,lexicase,FALSE,20,elitize_generation_data,273,1,0.746,NA
275,7,checksum,lexicase,FALSE,20,elitize_generation_data,274,1,0.755,NA
276,7,checksum,lexicase,FALSE,20,elitize_generation_data,275,1,0.749,NA
277,7,checksum,lexicase,FALSE,20,elitize_generation_data,276,1,0.732,NA
278,7,checksum,lexicase,FALSE,20,elitize_generation_data,277,1,0.73,NA
279,7,checksum,lexicase,FALSE,20,elitize_generation_data,278,1,0.719,NA
280,7,checksum,lexicase,FALSE,20,elitize_generation_data,279,1,0.748,NA
281,7,checksum,lexicase,FALSE,20,elitize_generation_data,280,1,0.742,NA
282,7,checksum,lexicase,FALSE,20,elitize_generation_data,281,1,0.752,NA
283,7,checksum,lexicase,FALSE,20,elitize_generation_data,282,1,0.757,NA
284,7,checksum,lexicase,FALSE,20,elitize_generation_data,283,1,0.756,NA
285,7,checksum,lexicase,FALSE,20,elitize_generation_data,284,1,0.763,NA
286,7,checksum,lexicase,FALSE,20,elitize_generation_data,285,2,0.745,NA
287,7,checksum,lexicase,FALSE,20,elitize_generation_data,286,2,0.782,NA
288,7,checksum,lexicase,FALSE,20,elitize_generation_data,287,1,0.777,NA
289,7,checksum,lexicase,FALSE,20,elitize_generation_data,288,1,0.748,NA
290,7,checksum,lexicase,FALSE,20,elitize_generation_data,289,1,0.754,NA
291,7,checksum,lexicase,FALSE,20,elitize_generation_data,290,1,0.757,NA
292,7,checksum,lexicase,FALSE,20,elitize_generation_data,291,2,0.769,NA
293,7,checksum,lexicase,FALSE,20,elitize_generation_data,292,1,0.76,NA
294,7,checksum,lexicase,FALSE,20,elitize_generation_data,293,1,0.759,NA
295,7,checksum,lexicase,FALSE,20,elitize_generation_data,294,1,0.786,NA
296,7,checksum,lexicase,FALSE,20,elitize_generation_data,295,1,0.78,NA
297,7,checksum,lexicase,FALSE,20,elitize_generation_data,296,1,0.747,NA
298,7,checksum,lexicase,FALSE,20,elitize_generation_data,297,1,0.76,NA
299,7,checksum,lexicase,FALSE,20,elitize_generation_data,298,1,0.765,NA
300,7,checksum,lexicase,FALSE,20,elitize_generation_data,299,1,0.778,NA
301,7,checksum,lexicase,FALSE,20,elitize_generation_data,300,1,0.787,NA
