,run.num,problem,treatment,succeeded,height,normalization.function,generation,cluster.count,error.diversity,success.generation
1,97,checksum,lexicase,FALSE,20,elitize_generation_data,0,2,0.311,NA
2,97,checksum,lexicase,FALSE,20,elitize_generation_data,1,2,0.185,NA
3,97,checksum,lexicase,FALSE,20,elitize_generation_data,2,2,0.196,NA
4,97,checksum,lexicase,FALSE,20,elitize_generation_data,3,2,0.246,NA
5,97,checksum,lexicase,FALSE,20,elitize_generation_data,4,2,0.274,NA
6,97,checksum,lexicase,FALSE,20,elitize_generation_data,5,2,0.279,NA
7,97,checksum,lexicase,FALSE,20,elitize_generation_data,6,2,0.305,NA
8,97,checksum,lexicase,FALSE,20,elitize_generation_data,7,2,0.323,NA
9,97,checksum,lexicase,FALSE,20,elitize_generation_data,8,1,0.348,NA
10,97,checksum,lexicase,FALSE,20,elitize_generation_data,9,1,0.324,NA
11,97,checksum,lexicase,FALSE,20,elitize_generation_data,10,1,0.368,NA
12,97,checksum,lexicase,FALSE,20,elitize_generation_data,11,1,0.364,NA
13,97,checksum,lexicase,FALSE,20,elitize_generation_data,12,1,0.38,NA
14,97,checksum,lexicase,FALSE,20,elitize_generation_data,13,1,0.376,NA
15,97,checksum,lexicase,FALSE,20,elitize_generation_data,14,1,0.344,NA
16,97,checksum,lexicase,FALSE,20,elitize_generation_data,15,1,0.353,NA
17,97,checksum,lexicase,FALSE,20,elitize_generation_data,16,1,0.385,NA
18,97,checksum,lexicase,FALSE,20,elitize_generation_data,17,1,0.441,NA
19,97,checksum,lexicase,FALSE,20,elitize_generation_data,18,1,0.442,NA
20,97,checksum,lexicase,FALSE,20,elitize_generation_data,19,1,0.454,NA
21,97,checksum,lexicase,FALSE,20,elitize_generation_data,20,1,0.474,NA
22,97,checksum,lexicase,FALSE,20,elitize_generation_data,21,1,0.452,NA
23,97,checksum,lexicase,FALSE,20,elitize_generation_data,22,1,0.448,NA
24,97,checksum,lexicase,FALSE,20,elitize_generation_data,23,1,0.455,NA
25,97,checksum,lexicase,FALSE,20,elitize_generation_data,24,1,0.454,NA
26,97,checksum,lexicase,FALSE,20,elitize_generation_data,25,1,0.438,NA
27,97,checksum,lexicase,FALSE,20,elitize_generation_data,26,1,0.436,NA
28,97,checksum,lexicase,FALSE,20,elitize_generation_data,27,1,0.436,NA
29,97,checksum,lexicase,FALSE,20,elitize_generation_data,28,1,0.464,NA
30,97,checksum,lexicase,FALSE,20,elitize_generation_data,29,1,0.452,NA
31,97,checksum,lexicase,FALSE,20,elitize_generation_data,30,1,0.469,NA
32,97,checksum,lexicase,FALSE,20,elitize_generation_data,31,1,0.499,NA
33,97,checksum,lexicase,FALSE,20,elitize_generation_data,32,1,0.498,NA
34,97,checksum,lexicase,FALSE,20,elitize_generation_data,33,1,0.49,NA
35,97,checksum,lexicase,FALSE,20,elitize_generation_data,34,1,0.523,NA
36,97,checksum,lexicase,FALSE,20,elitize_generation_data,35,1,0.547,NA
37,97,checksum,lexicase,FALSE,20,elitize_generation_data,36,1,0.565,NA
38,97,checksum,lexicase,FALSE,20,elitize_generation_data,37,1,0.549,NA
39,97,checksum,lexicase,FALSE,20,elitize_generation_data,38,1,0.586,NA
40,97,checksum,lexicase,FALSE,20,elitize_generation_data,39,1,0.608,NA
41,97,checksum,lexicase,FALSE,20,elitize_generation_data,40,1,0.577,NA
42,97,checksum,lexicase,FALSE,20,elitize_generation_data,41,1,0.629,NA
43,97,checksum,lexicase,FALSE,20,elitize_generation_data,42,1,0.632,NA
44,97,checksum,lexicase,FALSE,20,elitize_generation_data,43,1,0.605,NA
45,97,checksum,lexicase,FALSE,20,elitize_generation_data,44,1,0.615,NA
46,97,checksum,lexicase,FALSE,20,elitize_generation_data,45,1,0.61,NA
47,97,checksum,lexicase,FALSE,20,elitize_generation_data,46,1,0.639,NA
48,97,checksum,lexicase,FALSE,20,elitize_generation_data,47,1,0.628,NA
49,97,checksum,lexicase,FALSE,20,elitize_generation_data,48,1,0.66,NA
50,97,checksum,lexicase,FALSE,20,elitize_generation_data,49,1,0.641,NA
51,97,checksum,lexicase,FALSE,20,elitize_generation_data,50,1,0.675,NA
52,97,checksum,lexicase,FALSE,20,elitize_generation_data,51,1,0.706,NA
53,97,checksum,lexicase,FALSE,20,elitize_generation_data,52,1,0.702,NA
54,97,checksum,lexicase,FALSE,20,elitize_generation_data,53,1,0.699,NA
55,97,checksum,lexicase,FALSE,20,elitize_generation_data,54,1,0.694,NA
56,97,checksum,lexicase,FALSE,20,elitize_generation_data,55,1,0.694,NA
57,97,checksum,lexicase,FALSE,20,elitize_generation_data,56,1,0.718,NA
58,97,checksum,lexicase,FALSE,20,elitize_generation_data,57,1,0.705,NA
59,97,checksum,lexicase,FALSE,20,elitize_generation_data,58,1,0.712,NA
60,97,checksum,lexicase,FALSE,20,elitize_generation_data,59,1,0.711,NA
61,97,checksum,lexicase,FALSE,20,elitize_generation_data,60,1,0.727,NA
62,97,checksum,lexicase,FALSE,20,elitize_generation_data,61,1,0.71,NA
63,97,checksum,lexicase,FALSE,20,elitize_generation_data,62,1,0.739,NA
64,97,checksum,lexicase,FALSE,20,elitize_generation_data,63,1,0.719,NA
65,97,checksum,lexicase,FALSE,20,elitize_generation_data,64,1,0.724,NA
66,97,checksum,lexicase,FALSE,20,elitize_generation_data,65,1,0.709,NA
67,97,checksum,lexicase,FALSE,20,elitize_generation_data,66,1,0.71,NA
68,97,checksum,lexicase,FALSE,20,elitize_generation_data,67,1,0.723,NA
69,97,checksum,lexicase,FALSE,20,elitize_generation_data,68,1,0.724,NA
70,97,checksum,lexicase,FALSE,20,elitize_generation_data,69,1,0.739,NA
71,97,checksum,lexicase,FALSE,20,elitize_generation_data,70,1,0.713,NA
72,97,checksum,lexicase,FALSE,20,elitize_generation_data,71,1,0.727,NA
73,97,checksum,lexicase,FALSE,20,elitize_generation_data,72,1,0.733,NA
74,97,checksum,lexicase,FALSE,20,elitize_generation_data,73,1,0.73,NA
75,97,checksum,lexicase,FALSE,20,elitize_generation_data,74,1,0.755,NA
76,97,checksum,lexicase,FALSE,20,elitize_generation_data,75,1,0.76,NA
77,97,checksum,lexicase,FALSE,20,elitize_generation_data,76,1,0.734,NA
78,97,checksum,lexicase,FALSE,20,elitize_generation_data,77,1,0.762,NA
79,97,checksum,lexicase,FALSE,20,elitize_generation_data,78,1,0.734,NA
80,97,checksum,lexicase,FALSE,20,elitize_generation_data,79,1,0.719,NA
81,97,checksum,lexicase,FALSE,20,elitize_generation_data,80,1,0.751,NA
82,97,checksum,lexicase,FALSE,20,elitize_generation_data,81,1,0.734,NA
83,97,checksum,lexicase,FALSE,20,elitize_generation_data,82,1,0.711,NA
84,97,checksum,lexicase,FALSE,20,elitize_generation_data,83,1,0.763,NA
85,97,checksum,lexicase,FALSE,20,elitize_generation_data,84,1,0.726,NA
86,97,checksum,lexicase,FALSE,20,elitize_generation_data,85,1,0.772,NA
87,97,checksum,lexicase,FALSE,20,elitize_generation_data,86,1,0.743,NA
88,97,checksum,lexicase,FALSE,20,elitize_generation_data,87,1,0.771,NA
89,97,checksum,lexicase,FALSE,20,elitize_generation_data,88,1,0.747,NA
90,97,checksum,lexicase,FALSE,20,elitize_generation_data,89,1,0.753,NA
91,97,checksum,lexicase,FALSE,20,elitize_generation_data,90,1,0.715,NA
92,97,checksum,lexicase,FALSE,20,elitize_generation_data,91,1,0.745,NA
93,97,checksum,lexicase,FALSE,20,elitize_generation_data,92,1,0.707,NA
94,97,checksum,lexicase,FALSE,20,elitize_generation_data,93,1,0.694,NA
95,97,checksum,lexicase,FALSE,20,elitize_generation_data,94,1,0.715,NA
96,97,checksum,lexicase,FALSE,20,elitize_generation_data,95,1,0.731,NA
97,97,checksum,lexicase,FALSE,20,elitize_generation_data,96,1,0.728,NA
98,97,checksum,lexicase,FALSE,20,elitize_generation_data,97,1,0.735,NA
99,97,checksum,lexicase,FALSE,20,elitize_generation_data,98,1,0.71,NA
100,97,checksum,lexicase,FALSE,20,elitize_generation_data,99,1,0.719,NA
101,97,checksum,lexicase,FALSE,20,elitize_generation_data,100,1,0.724,NA
102,97,checksum,lexicase,FALSE,20,elitize_generation_data,101,1,0.734,NA
103,97,checksum,lexicase,FALSE,20,elitize_generation_data,102,1,0.719,NA
104,97,checksum,lexicase,FALSE,20,elitize_generation_data,103,1,0.739,NA
105,97,checksum,lexicase,FALSE,20,elitize_generation_data,104,1,0.71,NA
106,97,checksum,lexicase,FALSE,20,elitize_generation_data,105,1,0.733,NA
107,97,checksum,lexicase,FALSE,20,elitize_generation_data,106,1,0.716,NA
108,97,checksum,lexicase,FALSE,20,elitize_generation_data,107,1,0.732,NA
109,97,checksum,lexicase,FALSE,20,elitize_generation_data,108,1,0.754,NA
110,97,checksum,lexicase,FALSE,20,elitize_generation_data,109,1,0.737,NA
111,97,checksum,lexicase,FALSE,20,elitize_generation_data,110,1,0.742,NA
112,97,checksum,lexicase,FALSE,20,elitize_generation_data,111,1,0.741,NA
113,97,checksum,lexicase,FALSE,20,elitize_generation_data,112,1,0.721,NA
114,97,checksum,lexicase,FALSE,20,elitize_generation_data,113,1,0.717,NA
115,97,checksum,lexicase,FALSE,20,elitize_generation_data,114,1,0.697,NA
116,97,checksum,lexicase,FALSE,20,elitize_generation_data,115,1,0.719,NA
117,97,checksum,lexicase,FALSE,20,elitize_generation_data,116,1,0.725,NA
118,97,checksum,lexicase,FALSE,20,elitize_generation_data,117,1,0.695,NA
119,97,checksum,lexicase,FALSE,20,elitize_generation_data,118,1,0.709,NA
120,97,checksum,lexicase,FALSE,20,elitize_generation_data,119,1,0.718,NA
121,97,checksum,lexicase,FALSE,20,elitize_generation_data,120,1,0.736,NA
122,97,checksum,lexicase,FALSE,20,elitize_generation_data,121,1,0.732,NA
123,97,checksum,lexicase,FALSE,20,elitize_generation_data,122,1,0.748,NA
124,97,checksum,lexicase,FALSE,20,elitize_generation_data,123,1,0.753,NA
125,97,checksum,lexicase,FALSE,20,elitize_generation_data,124,1,0.726,NA
126,97,checksum,lexicase,FALSE,20,elitize_generation_data,125,1,0.742,NA
127,97,checksum,lexicase,FALSE,20,elitize_generation_data,126,1,0.754,NA
128,97,checksum,lexicase,FALSE,20,elitize_generation_data,127,1,0.755,NA
129,97,checksum,lexicase,FALSE,20,elitize_generation_data,128,1,0.717,NA
130,97,checksum,lexicase,FALSE,20,elitize_generation_data,129,1,0.741,NA
131,97,checksum,lexicase,FALSE,20,elitize_generation_data,130,1,0.729,NA
132,97,checksum,lexicase,FALSE,20,elitize_generation_data,131,1,0.739,NA
133,97,checksum,lexicase,FALSE,20,elitize_generation_data,132,1,0.732,NA
134,97,checksum,lexicase,FALSE,20,elitize_generation_data,133,1,0.73,NA
135,97,checksum,lexicase,FALSE,20,elitize_generation_data,134,1,0.716,NA
136,97,checksum,lexicase,FALSE,20,elitize_generation_data,135,1,0.725,NA
137,97,checksum,lexicase,FALSE,20,elitize_generation_data,136,1,0.752,NA
138,97,checksum,lexicase,FALSE,20,elitize_generation_data,137,1,0.732,NA
139,97,checksum,lexicase,FALSE,20,elitize_generation_data,138,1,0.731,NA
140,97,checksum,lexicase,FALSE,20,elitize_generation_data,139,1,0.732,NA
141,97,checksum,lexicase,FALSE,20,elitize_generation_data,140,1,0.722,NA
142,97,checksum,lexicase,FALSE,20,elitize_generation_data,141,1,0.716,NA
143,97,checksum,lexicase,FALSE,20,elitize_generation_data,142,1,0.746,NA
144,97,checksum,lexicase,FALSE,20,elitize_generation_data,143,1,0.722,NA
145,97,checksum,lexicase,FALSE,20,elitize_generation_data,144,1,0.744,NA
146,97,checksum,lexicase,FALSE,20,elitize_generation_data,145,1,0.741,NA
147,97,checksum,lexicase,FALSE,20,elitize_generation_data,146,2,0.71,NA
148,97,checksum,lexicase,FALSE,20,elitize_generation_data,147,1,0.73,NA
149,97,checksum,lexicase,FALSE,20,elitize_generation_data,148,2,0.741,NA
150,97,checksum,lexicase,FALSE,20,elitize_generation_data,149,2,0.721,NA
151,97,checksum,lexicase,FALSE,20,elitize_generation_data,150,1,0.743,NA
152,97,checksum,lexicase,FALSE,20,elitize_generation_data,151,2,0.699,NA
153,97,checksum,lexicase,FALSE,20,elitize_generation_data,152,2,0.723,NA
154,97,checksum,lexicase,FALSE,20,elitize_generation_data,153,2,0.706,NA
155,97,checksum,lexicase,FALSE,20,elitize_generation_data,154,2,0.725,NA
156,97,checksum,lexicase,FALSE,20,elitize_generation_data,155,2,0.72,NA
157,97,checksum,lexicase,FALSE,20,elitize_generation_data,156,1,0.76,NA
158,97,checksum,lexicase,FALSE,20,elitize_generation_data,157,1,0.732,NA
159,97,checksum,lexicase,FALSE,20,elitize_generation_data,158,2,0.713,NA
160,97,checksum,lexicase,FALSE,20,elitize_generation_data,159,1,0.703,NA
161,97,checksum,lexicase,FALSE,20,elitize_generation_data,160,1,0.679,NA
162,97,checksum,lexicase,FALSE,20,elitize_generation_data,161,1,0.703,NA
163,97,checksum,lexicase,FALSE,20,elitize_generation_data,162,1,0.73,NA
164,97,checksum,lexicase,FALSE,20,elitize_generation_data,163,1,0.733,NA
165,97,checksum,lexicase,FALSE,20,elitize_generation_data,164,2,0.705,NA
166,97,checksum,lexicase,FALSE,20,elitize_generation_data,165,1,0.716,NA
167,97,checksum,lexicase,FALSE,20,elitize_generation_data,166,1,0.71,NA
168,97,checksum,lexicase,FALSE,20,elitize_generation_data,167,1,0.699,NA
169,97,checksum,lexicase,FALSE,20,elitize_generation_data,168,1,0.755,NA
170,97,checksum,lexicase,FALSE,20,elitize_generation_data,169,1,0.719,NA
171,97,checksum,lexicase,FALSE,20,elitize_generation_data,170,2,0.702,NA
172,97,checksum,lexicase,FALSE,20,elitize_generation_data,171,1,0.728,NA
173,97,checksum,lexicase,FALSE,20,elitize_generation_data,172,1,0.728,NA
174,97,checksum,lexicase,FALSE,20,elitize_generation_data,173,2,0.681,NA
175,97,checksum,lexicase,FALSE,20,elitize_generation_data,174,1,0.677,NA
176,97,checksum,lexicase,FALSE,20,elitize_generation_data,175,2,0.702,NA
177,97,checksum,lexicase,FALSE,20,elitize_generation_data,176,2,0.695,NA
178,97,checksum,lexicase,FALSE,20,elitize_generation_data,177,1,0.731,NA
179,97,checksum,lexicase,FALSE,20,elitize_generation_data,178,1,0.697,NA
180,97,checksum,lexicase,FALSE,20,elitize_generation_data,179,2,0.688,NA
181,97,checksum,lexicase,FALSE,20,elitize_generation_data,180,2,0.705,NA
182,97,checksum,lexicase,FALSE,20,elitize_generation_data,181,2,0.704,NA
183,97,checksum,lexicase,FALSE,20,elitize_generation_data,182,1,0.681,NA
184,97,checksum,lexicase,FALSE,20,elitize_generation_data,183,2,0.678,NA
185,97,checksum,lexicase,FALSE,20,elitize_generation_data,184,1,0.683,NA
186,97,checksum,lexicase,FALSE,20,elitize_generation_data,185,1,0.725,NA
187,97,checksum,lexicase,FALSE,20,elitize_generation_data,186,2,0.683,NA
188,97,checksum,lexicase,FALSE,20,elitize_generation_data,187,2,0.699,NA
189,97,checksum,lexicase,FALSE,20,elitize_generation_data,188,2,0.696,NA
190,97,checksum,lexicase,FALSE,20,elitize_generation_data,189,2,0.713,NA
191,97,checksum,lexicase,FALSE,20,elitize_generation_data,190,2,0.686,NA
192,97,checksum,lexicase,FALSE,20,elitize_generation_data,191,2,0.704,NA
193,97,checksum,lexicase,FALSE,20,elitize_generation_data,192,2,0.708,NA
194,97,checksum,lexicase,FALSE,20,elitize_generation_data,193,2,0.717,NA
195,97,checksum,lexicase,FALSE,20,elitize_generation_data,194,2,0.688,NA
196,97,checksum,lexicase,FALSE,20,elitize_generation_data,195,2,0.695,NA
197,97,checksum,lexicase,FALSE,20,elitize_generation_data,196,2,0.682,NA
198,97,checksum,lexicase,FALSE,20,elitize_generation_data,197,2,0.702,NA
199,97,checksum,lexicase,FALSE,20,elitize_generation_data,198,2,0.674,NA
200,97,checksum,lexicase,FALSE,20,elitize_generation_data,199,2,0.697,NA
201,97,checksum,lexicase,FALSE,20,elitize_generation_data,200,2,0.664,NA
202,97,checksum,lexicase,FALSE,20,elitize_generation_data,201,2,0.661,NA
203,97,checksum,lexicase,FALSE,20,elitize_generation_data,202,1,0.679,NA
204,97,checksum,lexicase,FALSE,20,elitize_generation_data,203,2,0.679,NA
205,97,checksum,lexicase,FALSE,20,elitize_generation_data,204,1,0.693,NA
206,97,checksum,lexicase,FALSE,20,elitize_generation_data,205,2,0.672,NA
207,97,checksum,lexicase,FALSE,20,elitize_generation_data,206,2,0.646,NA
208,97,checksum,lexicase,FALSE,20,elitize_generation_data,207,2,0.675,NA
209,97,checksum,lexicase,FALSE,20,elitize_generation_data,208,2,0.683,NA
210,97,checksum,lexicase,FALSE,20,elitize_generation_data,209,3,0.699,NA
211,97,checksum,lexicase,FALSE,20,elitize_generation_data,210,2,0.672,NA
212,97,checksum,lexicase,FALSE,20,elitize_generation_data,211,2,0.699,NA
213,97,checksum,lexicase,FALSE,20,elitize_generation_data,212,2,0.695,NA
214,97,checksum,lexicase,FALSE,20,elitize_generation_data,213,2,0.705,NA
215,97,checksum,lexicase,FALSE,20,elitize_generation_data,214,2,0.669,NA
216,97,checksum,lexicase,FALSE,20,elitize_generation_data,215,2,0.689,NA
217,97,checksum,lexicase,FALSE,20,elitize_generation_data,216,2,0.708,NA
218,97,checksum,lexicase,FALSE,20,elitize_generation_data,217,3,0.702,NA
219,97,checksum,lexicase,FALSE,20,elitize_generation_data,218,2,0.685,NA
220,97,checksum,lexicase,FALSE,20,elitize_generation_data,219,2,0.687,NA
221,97,checksum,lexicase,FALSE,20,elitize_generation_data,220,2,0.688,NA
222,97,checksum,lexicase,FALSE,20,elitize_generation_data,221,2,0.703,NA
223,97,checksum,lexicase,FALSE,20,elitize_generation_data,222,2,0.669,NA
224,97,checksum,lexicase,FALSE,20,elitize_generation_data,223,3,0.706,NA
225,97,checksum,lexicase,FALSE,20,elitize_generation_data,224,3,0.676,NA
226,97,checksum,lexicase,FALSE,20,elitize_generation_data,225,3,0.687,NA
227,97,checksum,lexicase,FALSE,20,elitize_generation_data,226,3,0.684,NA
228,97,checksum,lexicase,FALSE,20,elitize_generation_data,227,2,0.696,NA
229,97,checksum,lexicase,FALSE,20,elitize_generation_data,228,3,0.661,NA
230,97,checksum,lexicase,FALSE,20,elitize_generation_data,229,3,0.694,NA
231,97,checksum,lexicase,FALSE,20,elitize_generation_data,230,2,0.705,NA
232,97,checksum,lexicase,FALSE,20,elitize_generation_data,231,2,0.668,NA
233,97,checksum,lexicase,FALSE,20,elitize_generation_data,232,2,0.692,NA
234,97,checksum,lexicase,FALSE,20,elitize_generation_data,233,2,0.676,NA
235,97,checksum,lexicase,FALSE,20,elitize_generation_data,234,2,0.666,NA
236,97,checksum,lexicase,FALSE,20,elitize_generation_data,235,2,0.721,NA
237,97,checksum,lexicase,FALSE,20,elitize_generation_data,236,3,0.68,NA
238,97,checksum,lexicase,FALSE,20,elitize_generation_data,237,3,0.676,NA
239,97,checksum,lexicase,FALSE,20,elitize_generation_data,238,1,0.698,NA
240,97,checksum,lexicase,FALSE,20,elitize_generation_data,239,2,0.683,NA
241,97,checksum,lexicase,FALSE,20,elitize_generation_data,240,2,0.668,NA
242,97,checksum,lexicase,FALSE,20,elitize_generation_data,241,2,0.67,NA
243,97,checksum,lexicase,FALSE,20,elitize_generation_data,242,2,0.679,NA
244,97,checksum,lexicase,FALSE,20,elitize_generation_data,243,2,0.661,NA
245,97,checksum,lexicase,FALSE,20,elitize_generation_data,244,2,0.688,NA
246,97,checksum,lexicase,FALSE,20,elitize_generation_data,245,2,0.678,NA
247,97,checksum,lexicase,FALSE,20,elitize_generation_data,246,2,0.655,NA
248,97,checksum,lexicase,FALSE,20,elitize_generation_data,247,2,0.694,NA
249,97,checksum,lexicase,FALSE,20,elitize_generation_data,248,2,0.69,NA
250,97,checksum,lexicase,FALSE,20,elitize_generation_data,249,2,0.692,NA
251,97,checksum,lexicase,FALSE,20,elitize_generation_data,250,2,0.686,NA
252,97,checksum,lexicase,FALSE,20,elitize_generation_data,251,2,0.685,NA
253,97,checksum,lexicase,FALSE,20,elitize_generation_data,252,2,0.697,NA
254,97,checksum,lexicase,FALSE,20,elitize_generation_data,253,2,0.697,NA
255,97,checksum,lexicase,FALSE,20,elitize_generation_data,254,2,0.689,NA
256,97,checksum,lexicase,FALSE,20,elitize_generation_data,255,2,0.685,NA
257,97,checksum,lexicase,FALSE,20,elitize_generation_data,256,2,0.69,NA
258,97,checksum,lexicase,FALSE,20,elitize_generation_data,257,2,0.702,NA
259,97,checksum,lexicase,FALSE,20,elitize_generation_data,258,1,0.684,NA
260,97,checksum,lexicase,FALSE,20,elitize_generation_data,259,2,0.649,NA
261,97,checksum,lexicase,FALSE,20,elitize_generation_data,260,1,0.677,NA
262,97,checksum,lexicase,FALSE,20,elitize_generation_data,261,2,0.682,NA
263,97,checksum,lexicase,FALSE,20,elitize_generation_data,262,2,0.682,NA
264,97,checksum,lexicase,FALSE,20,elitize_generation_data,263,2,0.718,NA
265,97,checksum,lexicase,FALSE,20,elitize_generation_data,264,2,0.656,NA
266,97,checksum,lexicase,FALSE,20,elitize_generation_data,265,2,0.68,NA
267,97,checksum,lexicase,FALSE,20,elitize_generation_data,266,2,0.692,NA
268,97,checksum,lexicase,FALSE,20,elitize_generation_data,267,2,0.694,NA
269,97,checksum,lexicase,FALSE,20,elitize_generation_data,268,2,0.691,NA
270,97,checksum,lexicase,FALSE,20,elitize_generation_data,269,1,0.684,NA
271,97,checksum,lexicase,FALSE,20,elitize_generation_data,270,2,0.661,NA
272,97,checksum,lexicase,FALSE,20,elitize_generation_data,271,2,0.686,NA
273,97,checksum,lexicase,FALSE,20,elitize_generation_data,272,3,0.697,NA
274,97,checksum,lexicase,FALSE,20,elitize_generation_data,273,4,0.692,NA
275,97,checksum,lexicase,FALSE,20,elitize_generation_data,274,2,0.678,NA
276,97,checksum,lexicase,FALSE,20,elitize_generation_data,275,2,0.663,NA
277,97,checksum,lexicase,FALSE,20,elitize_generation_data,276,2,0.695,NA
278,97,checksum,lexicase,FALSE,20,elitize_generation_data,277,2,0.68,NA
279,97,checksum,lexicase,FALSE,20,elitize_generation_data,278,1,0.696,NA
280,97,checksum,lexicase,FALSE,20,elitize_generation_data,279,2,0.683,NA
281,97,checksum,lexicase,FALSE,20,elitize_generation_data,280,2,0.677,NA
282,97,checksum,lexicase,FALSE,20,elitize_generation_data,281,2,0.698,NA
283,97,checksum,lexicase,FALSE,20,elitize_generation_data,282,2,0.684,NA
284,97,checksum,lexicase,FALSE,20,elitize_generation_data,283,2,0.684,NA
285,97,checksum,lexicase,FALSE,20,elitize_generation_data,284,2,0.679,NA
286,97,checksum,lexicase,FALSE,20,elitize_generation_data,285,2,0.69,NA
287,97,checksum,lexicase,FALSE,20,elitize_generation_data,286,2,0.684,NA
288,97,checksum,lexicase,FALSE,20,elitize_generation_data,287,2,0.681,NA
289,97,checksum,lexicase,FALSE,20,elitize_generation_data,288,2,0.689,NA
290,97,checksum,lexicase,FALSE,20,elitize_generation_data,289,2,0.652,NA
291,97,checksum,lexicase,FALSE,20,elitize_generation_data,290,2,0.669,NA
292,97,checksum,lexicase,FALSE,20,elitize_generation_data,291,1,0.664,NA
293,97,checksum,lexicase,FALSE,20,elitize_generation_data,292,1,0.669,NA
294,97,checksum,lexicase,FALSE,20,elitize_generation_data,293,2,0.676,NA
295,97,checksum,lexicase,FALSE,20,elitize_generation_data,294,2,0.665,NA
296,97,checksum,lexicase,FALSE,20,elitize_generation_data,295,1,0.682,NA
297,97,checksum,lexicase,FALSE,20,elitize_generation_data,296,1,0.68,NA
298,97,checksum,lexicase,FALSE,20,elitize_generation_data,297,1,0.681,NA
299,97,checksum,lexicase,FALSE,20,elitize_generation_data,298,2,0.686,NA
300,97,checksum,lexicase,FALSE,20,elitize_generation_data,299,1,0.649,NA
301,97,checksum,lexicase,FALSE,20,elitize_generation_data,300,2,0.641,NA
