,run.num,problem,treatment,succeeded,height,normalization.function,generation,cluster.count,error.diversity,success.generation
1,44,checksum,lexicase,FALSE,20,elitize_generation_data,0,2,0.328,NA
2,44,checksum,lexicase,FALSE,20,elitize_generation_data,1,4,0.236,NA
3,44,checksum,lexicase,FALSE,20,elitize_generation_data,2,4,0.241,NA
4,44,checksum,lexicase,FALSE,20,elitize_generation_data,3,4,0.21,NA
5,44,checksum,lexicase,FALSE,20,elitize_generation_data,4,4,0.231,NA
6,44,checksum,lexicase,FALSE,20,elitize_generation_data,5,3,0.305,NA
7,44,checksum,lexicase,FALSE,20,elitize_generation_data,6,2,0.345,NA
8,44,checksum,lexicase,FALSE,20,elitize_generation_data,7,3,0.369,NA
9,44,checksum,lexicase,FALSE,20,elitize_generation_data,8,1,0.448,NA
10,44,checksum,lexicase,FALSE,20,elitize_generation_data,9,1,0.459,NA
11,44,checksum,lexicase,FALSE,20,elitize_generation_data,10,1,0.51,NA
12,44,checksum,lexicase,FALSE,20,elitize_generation_data,11,1,0.549,NA
13,44,checksum,lexicase,FALSE,20,elitize_generation_data,12,1,0.584,NA
14,44,checksum,lexicase,FALSE,20,elitize_generation_data,13,1,0.644,NA
15,44,checksum,lexicase,FALSE,20,elitize_generation_data,14,1,0.673,NA
16,44,checksum,lexicase,FALSE,20,elitize_generation_data,15,1,0.667,NA
17,44,checksum,lexicase,FALSE,20,elitize_generation_data,16,1,0.687,NA
18,44,checksum,lexicase,FALSE,20,elitize_generation_data,17,1,0.68,NA
19,44,checksum,lexicase,FALSE,20,elitize_generation_data,18,1,0.706,NA
20,44,checksum,lexicase,FALSE,20,elitize_generation_data,19,1,0.706,NA
21,44,checksum,lexicase,FALSE,20,elitize_generation_data,20,1,0.703,NA
22,44,checksum,lexicase,FALSE,20,elitize_generation_data,21,1,0.706,NA
23,44,checksum,lexicase,FALSE,20,elitize_generation_data,22,1,0.718,NA
24,44,checksum,lexicase,FALSE,20,elitize_generation_data,23,1,0.738,NA
25,44,checksum,lexicase,FALSE,20,elitize_generation_data,24,1,0.719,NA
26,44,checksum,lexicase,FALSE,20,elitize_generation_data,25,1,0.735,NA
27,44,checksum,lexicase,FALSE,20,elitize_generation_data,26,1,0.732,NA
28,44,checksum,lexicase,FALSE,20,elitize_generation_data,27,1,0.733,NA
29,44,checksum,lexicase,FALSE,20,elitize_generation_data,28,1,0.733,NA
30,44,checksum,lexicase,FALSE,20,elitize_generation_data,29,1,0.738,NA
31,44,checksum,lexicase,FALSE,20,elitize_generation_data,30,1,0.76,NA
32,44,checksum,lexicase,FALSE,20,elitize_generation_data,31,1,0.789,NA
33,44,checksum,lexicase,FALSE,20,elitize_generation_data,32,1,0.737,NA
34,44,checksum,lexicase,FALSE,20,elitize_generation_data,33,1,0.766,NA
35,44,checksum,lexicase,FALSE,20,elitize_generation_data,34,1,0.75,NA
36,44,checksum,lexicase,FALSE,20,elitize_generation_data,35,1,0.743,NA
37,44,checksum,lexicase,FALSE,20,elitize_generation_data,36,1,0.724,NA
38,44,checksum,lexicase,FALSE,20,elitize_generation_data,37,1,0.754,NA
39,44,checksum,lexicase,FALSE,20,elitize_generation_data,38,1,0.761,NA
40,44,checksum,lexicase,FALSE,20,elitize_generation_data,39,1,0.774,NA
41,44,checksum,lexicase,FALSE,20,elitize_generation_data,40,1,0.759,NA
42,44,checksum,lexicase,FALSE,20,elitize_generation_data,41,1,0.75,NA
43,44,checksum,lexicase,FALSE,20,elitize_generation_data,42,1,0.741,NA
44,44,checksum,lexicase,FALSE,20,elitize_generation_data,43,1,0.779,NA
45,44,checksum,lexicase,FALSE,20,elitize_generation_data,44,1,0.76,NA
46,44,checksum,lexicase,FALSE,20,elitize_generation_data,45,1,0.751,NA
47,44,checksum,lexicase,FALSE,20,elitize_generation_data,46,1,0.763,NA
48,44,checksum,lexicase,FALSE,20,elitize_generation_data,47,1,0.755,NA
49,44,checksum,lexicase,FALSE,20,elitize_generation_data,48,1,0.766,NA
50,44,checksum,lexicase,FALSE,20,elitize_generation_data,49,1,0.742,NA
51,44,checksum,lexicase,FALSE,20,elitize_generation_data,50,1,0.748,NA
52,44,checksum,lexicase,FALSE,20,elitize_generation_data,51,1,0.772,NA
53,44,checksum,lexicase,FALSE,20,elitize_generation_data,52,1,0.775,NA
54,44,checksum,lexicase,FALSE,20,elitize_generation_data,53,1,0.757,NA
55,44,checksum,lexicase,FALSE,20,elitize_generation_data,54,1,0.767,NA
56,44,checksum,lexicase,FALSE,20,elitize_generation_data,55,1,0.761,NA
57,44,checksum,lexicase,FALSE,20,elitize_generation_data,56,1,0.771,NA
58,44,checksum,lexicase,FALSE,20,elitize_generation_data,57,1,0.761,NA
59,44,checksum,lexicase,FALSE,20,elitize_generation_data,58,1,0.752,NA
60,44,checksum,lexicase,FALSE,20,elitize_generation_data,59,1,0.773,NA
61,44,checksum,lexicase,FALSE,20,elitize_generation_data,60,1,0.777,NA
62,44,checksum,lexicase,FALSE,20,elitize_generation_data,61,1,0.754,NA
63,44,checksum,lexicase,FALSE,20,elitize_generation_data,62,1,0.755,NA
64,44,checksum,lexicase,FALSE,20,elitize_generation_data,63,1,0.763,NA
65,44,checksum,lexicase,FALSE,20,elitize_generation_data,64,1,0.727,NA
66,44,checksum,lexicase,FALSE,20,elitize_generation_data,65,1,0.766,NA
67,44,checksum,lexicase,FALSE,20,elitize_generation_data,66,1,0.759,NA
68,44,checksum,lexicase,FALSE,20,elitize_generation_data,67,1,0.764,NA
69,44,checksum,lexicase,FALSE,20,elitize_generation_data,68,1,0.747,NA
70,44,checksum,lexicase,FALSE,20,elitize_generation_data,69,1,0.78,NA
71,44,checksum,lexicase,FALSE,20,elitize_generation_data,70,1,0.736,NA
72,44,checksum,lexicase,FALSE,20,elitize_generation_data,71,1,0.772,NA
73,44,checksum,lexicase,FALSE,20,elitize_generation_data,72,1,0.771,NA
74,44,checksum,lexicase,FALSE,20,elitize_generation_data,73,1,0.754,NA
75,44,checksum,lexicase,FALSE,20,elitize_generation_data,74,1,0.737,NA
76,44,checksum,lexicase,FALSE,20,elitize_generation_data,75,1,0.722,NA
77,44,checksum,lexicase,FALSE,20,elitize_generation_data,76,1,0.757,NA
78,44,checksum,lexicase,FALSE,20,elitize_generation_data,77,1,0.785,NA
79,44,checksum,lexicase,FALSE,20,elitize_generation_data,78,1,0.774,NA
80,44,checksum,lexicase,FALSE,20,elitize_generation_data,79,1,0.752,NA
81,44,checksum,lexicase,FALSE,20,elitize_generation_data,80,1,0.783,NA
82,44,checksum,lexicase,FALSE,20,elitize_generation_data,81,1,0.752,NA
83,44,checksum,lexicase,FALSE,20,elitize_generation_data,82,1,0.783,NA
84,44,checksum,lexicase,FALSE,20,elitize_generation_data,83,1,0.746,NA
85,44,checksum,lexicase,FALSE,20,elitize_generation_data,84,1,0.761,NA
86,44,checksum,lexicase,FALSE,20,elitize_generation_data,85,1,0.737,NA
87,44,checksum,lexicase,FALSE,20,elitize_generation_data,86,1,0.75,NA
88,44,checksum,lexicase,FALSE,20,elitize_generation_data,87,1,0.758,NA
89,44,checksum,lexicase,FALSE,20,elitize_generation_data,88,1,0.755,NA
90,44,checksum,lexicase,FALSE,20,elitize_generation_data,89,1,0.772,NA
91,44,checksum,lexicase,FALSE,20,elitize_generation_data,90,1,0.772,NA
92,44,checksum,lexicase,FALSE,20,elitize_generation_data,91,1,0.766,NA
93,44,checksum,lexicase,FALSE,20,elitize_generation_data,92,1,0.754,NA
94,44,checksum,lexicase,FALSE,20,elitize_generation_data,93,1,0.778,NA
95,44,checksum,lexicase,FALSE,20,elitize_generation_data,94,1,0.771,NA
96,44,checksum,lexicase,FALSE,20,elitize_generation_data,95,1,0.764,NA
97,44,checksum,lexicase,FALSE,20,elitize_generation_data,96,1,0.77,NA
98,44,checksum,lexicase,FALSE,20,elitize_generation_data,97,1,0.763,NA
99,44,checksum,lexicase,FALSE,20,elitize_generation_data,98,1,0.779,NA
100,44,checksum,lexicase,FALSE,20,elitize_generation_data,99,1,0.735,NA
101,44,checksum,lexicase,FALSE,20,elitize_generation_data,100,1,0.753,NA
102,44,checksum,lexicase,FALSE,20,elitize_generation_data,101,1,0.742,NA
103,44,checksum,lexicase,FALSE,20,elitize_generation_data,102,1,0.731,NA
104,44,checksum,lexicase,FALSE,20,elitize_generation_data,103,1,0.729,NA
105,44,checksum,lexicase,FALSE,20,elitize_generation_data,104,1,0.758,NA
106,44,checksum,lexicase,FALSE,20,elitize_generation_data,105,1,0.772,NA
107,44,checksum,lexicase,FALSE,20,elitize_generation_data,106,1,0.767,NA
108,44,checksum,lexicase,FALSE,20,elitize_generation_data,107,1,0.777,NA
109,44,checksum,lexicase,FALSE,20,elitize_generation_data,108,1,0.742,NA
110,44,checksum,lexicase,FALSE,20,elitize_generation_data,109,1,0.755,NA
111,44,checksum,lexicase,FALSE,20,elitize_generation_data,110,1,0.769,NA
112,44,checksum,lexicase,FALSE,20,elitize_generation_data,111,1,0.763,NA
113,44,checksum,lexicase,FALSE,20,elitize_generation_data,112,1,0.784,NA
114,44,checksum,lexicase,FALSE,20,elitize_generation_data,113,1,0.793,NA
115,44,checksum,lexicase,FALSE,20,elitize_generation_data,114,1,0.789,NA
116,44,checksum,lexicase,FALSE,20,elitize_generation_data,115,1,0.766,NA
117,44,checksum,lexicase,FALSE,20,elitize_generation_data,116,1,0.8,NA
118,44,checksum,lexicase,FALSE,20,elitize_generation_data,117,1,0.779,NA
119,44,checksum,lexicase,FALSE,20,elitize_generation_data,118,1,0.798,NA
120,44,checksum,lexicase,FALSE,20,elitize_generation_data,119,1,0.801,NA
121,44,checksum,lexicase,FALSE,20,elitize_generation_data,120,1,0.803,NA
122,44,checksum,lexicase,FALSE,20,elitize_generation_data,121,1,0.805,NA
123,44,checksum,lexicase,FALSE,20,elitize_generation_data,122,1,0.811,NA
124,44,checksum,lexicase,FALSE,20,elitize_generation_data,123,1,0.817,NA
125,44,checksum,lexicase,FALSE,20,elitize_generation_data,124,1,0.8,NA
126,44,checksum,lexicase,FALSE,20,elitize_generation_data,125,1,0.799,NA
127,44,checksum,lexicase,FALSE,20,elitize_generation_data,126,1,0.802,NA
128,44,checksum,lexicase,FALSE,20,elitize_generation_data,127,1,0.806,NA
129,44,checksum,lexicase,FALSE,20,elitize_generation_data,128,1,0.813,NA
130,44,checksum,lexicase,FALSE,20,elitize_generation_data,129,2,0.825,NA
131,44,checksum,lexicase,FALSE,20,elitize_generation_data,130,2,0.814,NA
132,44,checksum,lexicase,FALSE,20,elitize_generation_data,131,1,0.804,NA
133,44,checksum,lexicase,FALSE,20,elitize_generation_data,132,1,0.807,NA
134,44,checksum,lexicase,FALSE,20,elitize_generation_data,133,1,0.8,NA
135,44,checksum,lexicase,FALSE,20,elitize_generation_data,134,1,0.835,NA
136,44,checksum,lexicase,FALSE,20,elitize_generation_data,135,1,0.817,NA
137,44,checksum,lexicase,FALSE,20,elitize_generation_data,136,1,0.831,NA
138,44,checksum,lexicase,FALSE,20,elitize_generation_data,137,1,0.81,NA
139,44,checksum,lexicase,FALSE,20,elitize_generation_data,138,2,0.809,NA
140,44,checksum,lexicase,FALSE,20,elitize_generation_data,139,1,0.817,NA
141,44,checksum,lexicase,FALSE,20,elitize_generation_data,140,1,0.811,NA
142,44,checksum,lexicase,FALSE,20,elitize_generation_data,141,1,0.817,NA
143,44,checksum,lexicase,FALSE,20,elitize_generation_data,142,1,0.811,NA
144,44,checksum,lexicase,FALSE,20,elitize_generation_data,143,1,0.827,NA
145,44,checksum,lexicase,FALSE,20,elitize_generation_data,144,1,0.781,NA
146,44,checksum,lexicase,FALSE,20,elitize_generation_data,145,1,0.814,NA
147,44,checksum,lexicase,FALSE,20,elitize_generation_data,146,1,0.815,NA
148,44,checksum,lexicase,FALSE,20,elitize_generation_data,147,1,0.804,NA
149,44,checksum,lexicase,FALSE,20,elitize_generation_data,148,1,0.837,NA
150,44,checksum,lexicase,FALSE,20,elitize_generation_data,149,1,0.809,NA
151,44,checksum,lexicase,FALSE,20,elitize_generation_data,150,1,0.807,NA
152,44,checksum,lexicase,FALSE,20,elitize_generation_data,151,1,0.812,NA
153,44,checksum,lexicase,FALSE,20,elitize_generation_data,152,1,0.814,NA
154,44,checksum,lexicase,FALSE,20,elitize_generation_data,153,1,0.819,NA
155,44,checksum,lexicase,FALSE,20,elitize_generation_data,154,1,0.808,NA
156,44,checksum,lexicase,FALSE,20,elitize_generation_data,155,1,0.791,NA
157,44,checksum,lexicase,FALSE,20,elitize_generation_data,156,1,0.813,NA
158,44,checksum,lexicase,FALSE,20,elitize_generation_data,157,1,0.821,NA
159,44,checksum,lexicase,FALSE,20,elitize_generation_data,158,1,0.822,NA
160,44,checksum,lexicase,FALSE,20,elitize_generation_data,159,1,0.835,NA
161,44,checksum,lexicase,FALSE,20,elitize_generation_data,160,1,0.815,NA
162,44,checksum,lexicase,FALSE,20,elitize_generation_data,161,1,0.819,NA
163,44,checksum,lexicase,FALSE,20,elitize_generation_data,162,1,0.822,NA
164,44,checksum,lexicase,FALSE,20,elitize_generation_data,163,1,0.833,NA
165,44,checksum,lexicase,FALSE,20,elitize_generation_data,164,2,0.803,NA
166,44,checksum,lexicase,FALSE,20,elitize_generation_data,165,2,0.825,NA
167,44,checksum,lexicase,FALSE,20,elitize_generation_data,166,1,0.844,NA
168,44,checksum,lexicase,FALSE,20,elitize_generation_data,167,1,0.81,NA
169,44,checksum,lexicase,FALSE,20,elitize_generation_data,168,1,0.802,NA
170,44,checksum,lexicase,FALSE,20,elitize_generation_data,169,1,0.819,NA
171,44,checksum,lexicase,FALSE,20,elitize_generation_data,170,1,0.822,NA
172,44,checksum,lexicase,FALSE,20,elitize_generation_data,171,1,0.815,NA
173,44,checksum,lexicase,FALSE,20,elitize_generation_data,172,1,0.794,NA
174,44,checksum,lexicase,FALSE,20,elitize_generation_data,173,2,0.817,NA
175,44,checksum,lexicase,FALSE,20,elitize_generation_data,174,1,0.797,NA
176,44,checksum,lexicase,FALSE,20,elitize_generation_data,175,4,0.824,NA
177,44,checksum,lexicase,FALSE,20,elitize_generation_data,176,3,0.827,NA
178,44,checksum,lexicase,FALSE,20,elitize_generation_data,177,3,0.832,NA
179,44,checksum,lexicase,FALSE,20,elitize_generation_data,178,2,0.837,NA
180,44,checksum,lexicase,FALSE,20,elitize_generation_data,179,2,0.832,NA
181,44,checksum,lexicase,FALSE,20,elitize_generation_data,180,1,0.841,NA
182,44,checksum,lexicase,FALSE,20,elitize_generation_data,181,1,0.832,NA
183,44,checksum,lexicase,FALSE,20,elitize_generation_data,182,2,0.835,NA
184,44,checksum,lexicase,FALSE,20,elitize_generation_data,183,2,0.819,NA
185,44,checksum,lexicase,FALSE,20,elitize_generation_data,184,2,0.831,NA
186,44,checksum,lexicase,FALSE,20,elitize_generation_data,185,1,0.824,NA
187,44,checksum,lexicase,FALSE,20,elitize_generation_data,186,3,0.824,NA
188,44,checksum,lexicase,FALSE,20,elitize_generation_data,187,3,0.834,NA
189,44,checksum,lexicase,FALSE,20,elitize_generation_data,188,3,0.832,NA
190,44,checksum,lexicase,FALSE,20,elitize_generation_data,189,1,0.841,NA
191,44,checksum,lexicase,FALSE,20,elitize_generation_data,190,1,0.843,NA
192,44,checksum,lexicase,FALSE,20,elitize_generation_data,191,3,0.838,NA
193,44,checksum,lexicase,FALSE,20,elitize_generation_data,192,2,0.835,NA
194,44,checksum,lexicase,FALSE,20,elitize_generation_data,193,2,0.84,NA
195,44,checksum,lexicase,FALSE,20,elitize_generation_data,194,1,0.801,NA
196,44,checksum,lexicase,FALSE,20,elitize_generation_data,195,1,0.798,NA
197,44,checksum,lexicase,FALSE,20,elitize_generation_data,196,1,0.814,NA
198,44,checksum,lexicase,FALSE,20,elitize_generation_data,197,1,0.817,NA
199,44,checksum,lexicase,FALSE,20,elitize_generation_data,198,2,0.799,NA
200,44,checksum,lexicase,FALSE,20,elitize_generation_data,199,2,0.829,NA
201,44,checksum,lexicase,FALSE,20,elitize_generation_data,200,1,0.835,NA
202,44,checksum,lexicase,FALSE,20,elitize_generation_data,201,2,0.846,NA
203,44,checksum,lexicase,FALSE,20,elitize_generation_data,202,2,0.822,NA
204,44,checksum,lexicase,FALSE,20,elitize_generation_data,203,2,0.82,NA
205,44,checksum,lexicase,FALSE,20,elitize_generation_data,204,1,0.823,NA
206,44,checksum,lexicase,FALSE,20,elitize_generation_data,205,1,0.798,NA
207,44,checksum,lexicase,FALSE,20,elitize_generation_data,206,1,0.812,NA
208,44,checksum,lexicase,FALSE,20,elitize_generation_data,207,1,0.832,NA
209,44,checksum,lexicase,FALSE,20,elitize_generation_data,208,1,0.806,NA
210,44,checksum,lexicase,FALSE,20,elitize_generation_data,209,1,0.818,NA
211,44,checksum,lexicase,FALSE,20,elitize_generation_data,210,1,0.843,NA
212,44,checksum,lexicase,FALSE,20,elitize_generation_data,211,1,0.829,NA
213,44,checksum,lexicase,FALSE,20,elitize_generation_data,212,1,0.798,NA
214,44,checksum,lexicase,FALSE,20,elitize_generation_data,213,1,0.806,NA
215,44,checksum,lexicase,FALSE,20,elitize_generation_data,214,1,0.799,NA
216,44,checksum,lexicase,FALSE,20,elitize_generation_data,215,1,0.818,NA
217,44,checksum,lexicase,FALSE,20,elitize_generation_data,216,1,0.816,NA
218,44,checksum,lexicase,FALSE,20,elitize_generation_data,217,2,0.816,NA
219,44,checksum,lexicase,FALSE,20,elitize_generation_data,218,1,0.821,NA
220,44,checksum,lexicase,FALSE,20,elitize_generation_data,219,2,0.791,NA
221,44,checksum,lexicase,FALSE,20,elitize_generation_data,220,1,0.783,NA
222,44,checksum,lexicase,FALSE,20,elitize_generation_data,221,1,0.811,NA
223,44,checksum,lexicase,FALSE,20,elitize_generation_data,222,1,0.787,NA
224,44,checksum,lexicase,FALSE,20,elitize_generation_data,223,1,0.798,NA
225,44,checksum,lexicase,FALSE,20,elitize_generation_data,224,1,0.794,NA
226,44,checksum,lexicase,FALSE,20,elitize_generation_data,225,1,0.776,NA
227,44,checksum,lexicase,FALSE,20,elitize_generation_data,226,1,0.784,NA
228,44,checksum,lexicase,FALSE,20,elitize_generation_data,227,1,0.788,NA
229,44,checksum,lexicase,FALSE,20,elitize_generation_data,228,1,0.796,NA
230,44,checksum,lexicase,FALSE,20,elitize_generation_data,229,1,0.766,NA
231,44,checksum,lexicase,FALSE,20,elitize_generation_data,230,1,0.79,NA
232,44,checksum,lexicase,FALSE,20,elitize_generation_data,231,1,0.795,NA
233,44,checksum,lexicase,FALSE,20,elitize_generation_data,232,1,0.763,NA
234,44,checksum,lexicase,FALSE,20,elitize_generation_data,233,1,0.801,NA
235,44,checksum,lexicase,FALSE,20,elitize_generation_data,234,1,0.778,NA
236,44,checksum,lexicase,FALSE,20,elitize_generation_data,235,1,0.767,NA
237,44,checksum,lexicase,FALSE,20,elitize_generation_data,236,1,0.787,NA
238,44,checksum,lexicase,FALSE,20,elitize_generation_data,237,1,0.768,NA
239,44,checksum,lexicase,FALSE,20,elitize_generation_data,238,1,0.771,NA
240,44,checksum,lexicase,FALSE,20,elitize_generation_data,239,1,0.776,NA
241,44,checksum,lexicase,FALSE,20,elitize_generation_data,240,1,0.803,NA
242,44,checksum,lexicase,FALSE,20,elitize_generation_data,241,1,0.784,NA
243,44,checksum,lexicase,FALSE,20,elitize_generation_data,242,1,0.785,NA
244,44,checksum,lexicase,FALSE,20,elitize_generation_data,243,1,0.783,NA
245,44,checksum,lexicase,FALSE,20,elitize_generation_data,244,1,0.785,NA
246,44,checksum,lexicase,FALSE,20,elitize_generation_data,245,1,0.786,NA
247,44,checksum,lexicase,FALSE,20,elitize_generation_data,246,1,0.783,NA
248,44,checksum,lexicase,FALSE,20,elitize_generation_data,247,1,0.797,NA
249,44,checksum,lexicase,FALSE,20,elitize_generation_data,248,1,0.775,NA
250,44,checksum,lexicase,FALSE,20,elitize_generation_data,249,1,0.8,NA
251,44,checksum,lexicase,FALSE,20,elitize_generation_data,250,1,0.815,NA
252,44,checksum,lexicase,FALSE,20,elitize_generation_data,251,1,0.818,NA
253,44,checksum,lexicase,FALSE,20,elitize_generation_data,252,1,0.817,NA
254,44,checksum,lexicase,FALSE,20,elitize_generation_data,253,1,0.808,NA
255,44,checksum,lexicase,FALSE,20,elitize_generation_data,254,1,0.811,NA
256,44,checksum,lexicase,FALSE,20,elitize_generation_data,255,1,0.797,NA
257,44,checksum,lexicase,FALSE,20,elitize_generation_data,256,1,0.779,NA
258,44,checksum,lexicase,FALSE,20,elitize_generation_data,257,1,0.79,NA
259,44,checksum,lexicase,FALSE,20,elitize_generation_data,258,1,0.79,NA
260,44,checksum,lexicase,FALSE,20,elitize_generation_data,259,1,0.819,NA
261,44,checksum,lexicase,FALSE,20,elitize_generation_data,260,1,0.779,NA
262,44,checksum,lexicase,FALSE,20,elitize_generation_data,261,1,0.789,NA
263,44,checksum,lexicase,FALSE,20,elitize_generation_data,262,1,0.784,NA
264,44,checksum,lexicase,FALSE,20,elitize_generation_data,263,1,0.778,NA
265,44,checksum,lexicase,FALSE,20,elitize_generation_data,264,1,0.805,NA
266,44,checksum,lexicase,FALSE,20,elitize_generation_data,265,1,0.807,NA
267,44,checksum,lexicase,FALSE,20,elitize_generation_data,266,1,0.802,NA
268,44,checksum,lexicase,FALSE,20,elitize_generation_data,267,1,0.769,NA
269,44,checksum,lexicase,FALSE,20,elitize_generation_data,268,1,0.81,NA
270,44,checksum,lexicase,FALSE,20,elitize_generation_data,269,1,0.767,NA
271,44,checksum,lexicase,FALSE,20,elitize_generation_data,270,1,0.764,NA
272,44,checksum,lexicase,FALSE,20,elitize_generation_data,271,1,0.81,NA
273,44,checksum,lexicase,FALSE,20,elitize_generation_data,272,1,0.791,NA
274,44,checksum,lexicase,FALSE,20,elitize_generation_data,273,1,0.789,NA
275,44,checksum,lexicase,FALSE,20,elitize_generation_data,274,1,0.792,NA
276,44,checksum,lexicase,FALSE,20,elitize_generation_data,275,1,0.782,NA
277,44,checksum,lexicase,FALSE,20,elitize_generation_data,276,1,0.789,NA
278,44,checksum,lexicase,FALSE,20,elitize_generation_data,277,1,0.801,NA
279,44,checksum,lexicase,FALSE,20,elitize_generation_data,278,1,0.756,NA
280,44,checksum,lexicase,FALSE,20,elitize_generation_data,279,1,0.789,NA
281,44,checksum,lexicase,FALSE,20,elitize_generation_data,280,2,0.782,NA
282,44,checksum,lexicase,FALSE,20,elitize_generation_data,281,2,0.775,NA
283,44,checksum,lexicase,FALSE,20,elitize_generation_data,282,2,0.798,NA
284,44,checksum,lexicase,FALSE,20,elitize_generation_data,283,1,0.796,NA
285,44,checksum,lexicase,FALSE,20,elitize_generation_data,284,1,0.804,NA
286,44,checksum,lexicase,FALSE,20,elitize_generation_data,285,1,0.81,NA
287,44,checksum,lexicase,FALSE,20,elitize_generation_data,286,1,0.831,NA
288,44,checksum,lexicase,FALSE,20,elitize_generation_data,287,1,0.795,NA
289,44,checksum,lexicase,FALSE,20,elitize_generation_data,288,1,0.798,NA
290,44,checksum,lexicase,FALSE,20,elitize_generation_data,289,1,0.774,NA
291,44,checksum,lexicase,FALSE,20,elitize_generation_data,290,1,0.799,NA
292,44,checksum,lexicase,FALSE,20,elitize_generation_data,291,1,0.813,NA
293,44,checksum,lexicase,FALSE,20,elitize_generation_data,292,2,0.812,NA
294,44,checksum,lexicase,FALSE,20,elitize_generation_data,293,2,0.795,NA
295,44,checksum,lexicase,FALSE,20,elitize_generation_data,294,1,0.804,NA
296,44,checksum,lexicase,FALSE,20,elitize_generation_data,295,1,0.786,NA
297,44,checksum,lexicase,FALSE,20,elitize_generation_data,296,1,0.796,NA
298,44,checksum,lexicase,FALSE,20,elitize_generation_data,297,1,0.803,NA
299,44,checksum,lexicase,FALSE,20,elitize_generation_data,298,1,0.794,NA
300,44,checksum,lexicase,FALSE,20,elitize_generation_data,299,1,0.821,NA
301,44,checksum,lexicase,FALSE,20,elitize_generation_data,300,1,0.819,NA
