,run.num,problem,treatment,succeeded,height,normalization.function,generation,cluster.count,error.diversity,success.generation
1,95,checksum,lexicase,FALSE,20,elitize_generation_data,0,2,0.302,NA
2,95,checksum,lexicase,FALSE,20,elitize_generation_data,1,3,0.206,NA
3,95,checksum,lexicase,FALSE,20,elitize_generation_data,2,3,0.323,NA
4,95,checksum,lexicase,FALSE,20,elitize_generation_data,3,4,0.413,NA
5,95,checksum,lexicase,FALSE,20,elitize_generation_data,4,8,0.482,NA
6,95,checksum,lexicase,FALSE,20,elitize_generation_data,5,6,0.515,NA
7,95,checksum,lexicase,FALSE,20,elitize_generation_data,6,4,0.47,NA
8,95,checksum,lexicase,FALSE,20,elitize_generation_data,7,4,0.507,NA
9,95,checksum,lexicase,FALSE,20,elitize_generation_data,8,1,0.498,NA
10,95,checksum,lexicase,FALSE,20,elitize_generation_data,9,1,0.494,NA
11,95,checksum,lexicase,FALSE,20,elitize_generation_data,10,1,0.583,NA
12,95,checksum,lexicase,FALSE,20,elitize_generation_data,11,1,0.648,NA
13,95,checksum,lexicase,FALSE,20,elitize_generation_data,12,1,0.714,NA
14,95,checksum,lexicase,FALSE,20,elitize_generation_data,13,1,0.74,NA
15,95,checksum,lexicase,FALSE,20,elitize_generation_data,14,1,0.771,NA
16,95,checksum,lexicase,FALSE,20,elitize_generation_data,15,1,0.814,NA
17,95,checksum,lexicase,FALSE,20,elitize_generation_data,16,1,0.805,NA
18,95,checksum,lexicase,FALSE,20,elitize_generation_data,17,1,0.822,NA
19,95,checksum,lexicase,FALSE,20,elitize_generation_data,18,1,0.831,NA
20,95,checksum,lexicase,FALSE,20,elitize_generation_data,19,1,0.822,NA
21,95,checksum,lexicase,FALSE,20,elitize_generation_data,20,1,0.84,NA
22,95,checksum,lexicase,FALSE,20,elitize_generation_data,21,1,0.855,NA
23,95,checksum,lexicase,FALSE,20,elitize_generation_data,22,1,0.859,NA
24,95,checksum,lexicase,FALSE,20,elitize_generation_data,23,1,0.87,NA
25,95,checksum,lexicase,FALSE,20,elitize_generation_data,24,1,0.86,NA
26,95,checksum,lexicase,FALSE,20,elitize_generation_data,25,1,0.849,NA
27,95,checksum,lexicase,FALSE,20,elitize_generation_data,26,1,0.856,NA
28,95,checksum,lexicase,FALSE,20,elitize_generation_data,27,1,0.854,NA
29,95,checksum,lexicase,FALSE,20,elitize_generation_data,28,1,0.84,NA
30,95,checksum,lexicase,FALSE,20,elitize_generation_data,29,1,0.832,NA
31,95,checksum,lexicase,FALSE,20,elitize_generation_data,30,1,0.841,NA
32,95,checksum,lexicase,FALSE,20,elitize_generation_data,31,1,0.846,NA
33,95,checksum,lexicase,FALSE,20,elitize_generation_data,32,1,0.853,NA
34,95,checksum,lexicase,FALSE,20,elitize_generation_data,33,1,0.845,NA
35,95,checksum,lexicase,FALSE,20,elitize_generation_data,34,1,0.846,NA
36,95,checksum,lexicase,FALSE,20,elitize_generation_data,35,1,0.836,NA
37,95,checksum,lexicase,FALSE,20,elitize_generation_data,36,1,0.866,NA
38,95,checksum,lexicase,FALSE,20,elitize_generation_data,37,1,0.838,NA
39,95,checksum,lexicase,FALSE,20,elitize_generation_data,38,1,0.847,NA
40,95,checksum,lexicase,FALSE,20,elitize_generation_data,39,1,0.825,NA
41,95,checksum,lexicase,FALSE,20,elitize_generation_data,40,1,0.864,NA
42,95,checksum,lexicase,FALSE,20,elitize_generation_data,41,1,0.84,NA
43,95,checksum,lexicase,FALSE,20,elitize_generation_data,42,1,0.829,NA
44,95,checksum,lexicase,FALSE,20,elitize_generation_data,43,1,0.816,NA
45,95,checksum,lexicase,FALSE,20,elitize_generation_data,44,1,0.854,NA
46,95,checksum,lexicase,FALSE,20,elitize_generation_data,45,1,0.84,NA
47,95,checksum,lexicase,FALSE,20,elitize_generation_data,46,1,0.828,NA
48,95,checksum,lexicase,FALSE,20,elitize_generation_data,47,1,0.858,NA
49,95,checksum,lexicase,FALSE,20,elitize_generation_data,48,1,0.831,NA
50,95,checksum,lexicase,FALSE,20,elitize_generation_data,49,1,0.833,NA
51,95,checksum,lexicase,FALSE,20,elitize_generation_data,50,1,0.835,NA
52,95,checksum,lexicase,FALSE,20,elitize_generation_data,51,1,0.846,NA
53,95,checksum,lexicase,FALSE,20,elitize_generation_data,52,1,0.847,NA
54,95,checksum,lexicase,FALSE,20,elitize_generation_data,53,1,0.843,NA
55,95,checksum,lexicase,FALSE,20,elitize_generation_data,54,1,0.861,NA
56,95,checksum,lexicase,FALSE,20,elitize_generation_data,55,1,0.839,NA
57,95,checksum,lexicase,FALSE,20,elitize_generation_data,56,1,0.862,NA
58,95,checksum,lexicase,FALSE,20,elitize_generation_data,57,1,0.846,NA
59,95,checksum,lexicase,FALSE,20,elitize_generation_data,58,1,0.845,NA
60,95,checksum,lexicase,FALSE,20,elitize_generation_data,59,1,0.841,NA
61,95,checksum,lexicase,FALSE,20,elitize_generation_data,60,1,0.838,NA
62,95,checksum,lexicase,FALSE,20,elitize_generation_data,61,1,0.823,NA
63,95,checksum,lexicase,FALSE,20,elitize_generation_data,62,1,0.837,NA
64,95,checksum,lexicase,FALSE,20,elitize_generation_data,63,1,0.86,NA
65,95,checksum,lexicase,FALSE,20,elitize_generation_data,64,1,0.858,NA
66,95,checksum,lexicase,FALSE,20,elitize_generation_data,65,1,0.835,NA
67,95,checksum,lexicase,FALSE,20,elitize_generation_data,66,1,0.853,NA
68,95,checksum,lexicase,FALSE,20,elitize_generation_data,67,1,0.854,NA
69,95,checksum,lexicase,FALSE,20,elitize_generation_data,68,1,0.852,NA
70,95,checksum,lexicase,FALSE,20,elitize_generation_data,69,1,0.846,NA
71,95,checksum,lexicase,FALSE,20,elitize_generation_data,70,1,0.841,NA
72,95,checksum,lexicase,FALSE,20,elitize_generation_data,71,1,0.846,NA
73,95,checksum,lexicase,FALSE,20,elitize_generation_data,72,1,0.817,NA
74,95,checksum,lexicase,FALSE,20,elitize_generation_data,73,1,0.846,NA
75,95,checksum,lexicase,FALSE,20,elitize_generation_data,74,1,0.846,NA
76,95,checksum,lexicase,FALSE,20,elitize_generation_data,75,1,0.858,NA
77,95,checksum,lexicase,FALSE,20,elitize_generation_data,76,1,0.862,NA
78,95,checksum,lexicase,FALSE,20,elitize_generation_data,77,1,0.853,NA
79,95,checksum,lexicase,FALSE,20,elitize_generation_data,78,1,0.855,NA
80,95,checksum,lexicase,FALSE,20,elitize_generation_data,79,1,0.849,NA
81,95,checksum,lexicase,FALSE,20,elitize_generation_data,80,1,0.84,NA
82,95,checksum,lexicase,FALSE,20,elitize_generation_data,81,2,0.829,NA
83,95,checksum,lexicase,FALSE,20,elitize_generation_data,82,2,0.848,NA
84,95,checksum,lexicase,FALSE,20,elitize_generation_data,83,2,0.841,NA
85,95,checksum,lexicase,FALSE,20,elitize_generation_data,84,3,0.832,NA
86,95,checksum,lexicase,FALSE,20,elitize_generation_data,85,2,0.83,NA
87,95,checksum,lexicase,FALSE,20,elitize_generation_data,86,3,0.844,NA
88,95,checksum,lexicase,FALSE,20,elitize_generation_data,87,2,0.843,NA
89,95,checksum,lexicase,FALSE,20,elitize_generation_data,88,2,0.825,NA
90,95,checksum,lexicase,FALSE,20,elitize_generation_data,89,2,0.817,NA
91,95,checksum,lexicase,FALSE,20,elitize_generation_data,90,2,0.852,NA
92,95,checksum,lexicase,FALSE,20,elitize_generation_data,91,2,0.856,NA
93,95,checksum,lexicase,FALSE,20,elitize_generation_data,92,1,0.839,NA
94,95,checksum,lexicase,FALSE,20,elitize_generation_data,93,2,0.84,NA
95,95,checksum,lexicase,FALSE,20,elitize_generation_data,94,2,0.848,NA
96,95,checksum,lexicase,FALSE,20,elitize_generation_data,95,2,0.828,NA
97,95,checksum,lexicase,FALSE,20,elitize_generation_data,96,2,0.817,NA
98,95,checksum,lexicase,FALSE,20,elitize_generation_data,97,2,0.844,NA
99,95,checksum,lexicase,FALSE,20,elitize_generation_data,98,2,0.858,NA
100,95,checksum,lexicase,FALSE,20,elitize_generation_data,99,2,0.843,NA
101,95,checksum,lexicase,FALSE,20,elitize_generation_data,100,2,0.848,NA
102,95,checksum,lexicase,FALSE,20,elitize_generation_data,101,1,0.852,NA
103,95,checksum,lexicase,FALSE,20,elitize_generation_data,102,2,0.826,NA
104,95,checksum,lexicase,FALSE,20,elitize_generation_data,103,2,0.843,NA
105,95,checksum,lexicase,FALSE,20,elitize_generation_data,104,2,0.851,NA
106,95,checksum,lexicase,FALSE,20,elitize_generation_data,105,1,0.837,NA
107,95,checksum,lexicase,FALSE,20,elitize_generation_data,106,2,0.821,NA
108,95,checksum,lexicase,FALSE,20,elitize_generation_data,107,2,0.847,NA
109,95,checksum,lexicase,FALSE,20,elitize_generation_data,108,1,0.826,NA
110,95,checksum,lexicase,FALSE,20,elitize_generation_data,109,2,0.808,NA
111,95,checksum,lexicase,FALSE,20,elitize_generation_data,110,1,0.832,NA
112,95,checksum,lexicase,FALSE,20,elitize_generation_data,111,2,0.837,NA
113,95,checksum,lexicase,FALSE,20,elitize_generation_data,112,2,0.82,NA
114,95,checksum,lexicase,FALSE,20,elitize_generation_data,113,2,0.824,NA
115,95,checksum,lexicase,FALSE,20,elitize_generation_data,114,1,0.854,NA
116,95,checksum,lexicase,FALSE,20,elitize_generation_data,115,1,0.809,NA
117,95,checksum,lexicase,FALSE,20,elitize_generation_data,116,1,0.826,NA
118,95,checksum,lexicase,FALSE,20,elitize_generation_data,117,1,0.848,NA
119,95,checksum,lexicase,FALSE,20,elitize_generation_data,118,1,0.851,NA
120,95,checksum,lexicase,FALSE,20,elitize_generation_data,119,1,0.828,NA
121,95,checksum,lexicase,FALSE,20,elitize_generation_data,120,1,0.848,NA
122,95,checksum,lexicase,FALSE,20,elitize_generation_data,121,1,0.846,NA
123,95,checksum,lexicase,FALSE,20,elitize_generation_data,122,1,0.82,NA
124,95,checksum,lexicase,FALSE,20,elitize_generation_data,123,1,0.845,NA
125,95,checksum,lexicase,FALSE,20,elitize_generation_data,124,1,0.835,NA
126,95,checksum,lexicase,FALSE,20,elitize_generation_data,125,1,0.823,NA
127,95,checksum,lexicase,FALSE,20,elitize_generation_data,126,1,0.838,NA
128,95,checksum,lexicase,FALSE,20,elitize_generation_data,127,1,0.843,NA
129,95,checksum,lexicase,FALSE,20,elitize_generation_data,128,1,0.849,NA
130,95,checksum,lexicase,FALSE,20,elitize_generation_data,129,1,0.832,NA
131,95,checksum,lexicase,FALSE,20,elitize_generation_data,130,1,0.835,NA
132,95,checksum,lexicase,FALSE,20,elitize_generation_data,131,1,0.806,NA
133,95,checksum,lexicase,FALSE,20,elitize_generation_data,132,1,0.81,NA
134,95,checksum,lexicase,FALSE,20,elitize_generation_data,133,1,0.823,NA
135,95,checksum,lexicase,FALSE,20,elitize_generation_data,134,1,0.827,NA
136,95,checksum,lexicase,FALSE,20,elitize_generation_data,135,1,0.831,NA
137,95,checksum,lexicase,FALSE,20,elitize_generation_data,136,1,0.842,NA
138,95,checksum,lexicase,FALSE,20,elitize_generation_data,137,3,0.804,NA
139,95,checksum,lexicase,FALSE,20,elitize_generation_data,138,1,0.809,NA
140,95,checksum,lexicase,FALSE,20,elitize_generation_data,139,1,0.811,NA
141,95,checksum,lexicase,FALSE,20,elitize_generation_data,140,1,0.814,NA
142,95,checksum,lexicase,FALSE,20,elitize_generation_data,141,1,0.801,NA
143,95,checksum,lexicase,FALSE,20,elitize_generation_data,142,1,0.801,NA
144,95,checksum,lexicase,FALSE,20,elitize_generation_data,143,1,0.814,NA
145,95,checksum,lexicase,FALSE,20,elitize_generation_data,144,1,0.794,NA
146,95,checksum,lexicase,FALSE,20,elitize_generation_data,145,1,0.819,NA
147,95,checksum,lexicase,FALSE,20,elitize_generation_data,146,1,0.8,NA
148,95,checksum,lexicase,FALSE,20,elitize_generation_data,147,1,0.826,NA
149,95,checksum,lexicase,FALSE,20,elitize_generation_data,148,1,0.805,NA
150,95,checksum,lexicase,FALSE,20,elitize_generation_data,149,1,0.816,NA
151,95,checksum,lexicase,FALSE,20,elitize_generation_data,150,1,0.807,NA
152,95,checksum,lexicase,FALSE,20,elitize_generation_data,151,1,0.803,NA
153,95,checksum,lexicase,FALSE,20,elitize_generation_data,152,2,0.818,NA
154,95,checksum,lexicase,FALSE,20,elitize_generation_data,153,2,0.796,NA
155,95,checksum,lexicase,FALSE,20,elitize_generation_data,154,1,0.824,NA
156,95,checksum,lexicase,FALSE,20,elitize_generation_data,155,1,0.799,NA
157,95,checksum,lexicase,FALSE,20,elitize_generation_data,156,1,0.81,NA
158,95,checksum,lexicase,FALSE,20,elitize_generation_data,157,1,0.797,NA
159,95,checksum,lexicase,FALSE,20,elitize_generation_data,158,1,0.78,NA
160,95,checksum,lexicase,FALSE,20,elitize_generation_data,159,1,0.792,NA
161,95,checksum,lexicase,FALSE,20,elitize_generation_data,160,2,0.795,NA
162,95,checksum,lexicase,FALSE,20,elitize_generation_data,161,1,0.8,NA
163,95,checksum,lexicase,FALSE,20,elitize_generation_data,162,1,0.807,NA
164,95,checksum,lexicase,FALSE,20,elitize_generation_data,163,1,0.803,NA
165,95,checksum,lexicase,FALSE,20,elitize_generation_data,164,1,0.79,NA
166,95,checksum,lexicase,FALSE,20,elitize_generation_data,165,1,0.824,NA
167,95,checksum,lexicase,FALSE,20,elitize_generation_data,166,1,0.802,NA
168,95,checksum,lexicase,FALSE,20,elitize_generation_data,167,1,0.798,NA
169,95,checksum,lexicase,FALSE,20,elitize_generation_data,168,1,0.804,NA
170,95,checksum,lexicase,FALSE,20,elitize_generation_data,169,1,0.791,NA
171,95,checksum,lexicase,FALSE,20,elitize_generation_data,170,1,0.788,NA
172,95,checksum,lexicase,FALSE,20,elitize_generation_data,171,1,0.798,NA
173,95,checksum,lexicase,FALSE,20,elitize_generation_data,172,3,0.811,NA
174,95,checksum,lexicase,FALSE,20,elitize_generation_data,173,3,0.825,NA
175,95,checksum,lexicase,FALSE,20,elitize_generation_data,174,2,0.808,NA
176,95,checksum,lexicase,FALSE,20,elitize_generation_data,175,1,0.811,NA
177,95,checksum,lexicase,FALSE,20,elitize_generation_data,176,1,0.77,NA
178,95,checksum,lexicase,FALSE,20,elitize_generation_data,177,1,0.774,NA
179,95,checksum,lexicase,FALSE,20,elitize_generation_data,178,2,0.786,NA
180,95,checksum,lexicase,FALSE,20,elitize_generation_data,179,1,0.776,NA
181,95,checksum,lexicase,FALSE,20,elitize_generation_data,180,2,0.784,NA
182,95,checksum,lexicase,FALSE,20,elitize_generation_data,181,1,0.793,NA
183,95,checksum,lexicase,FALSE,20,elitize_generation_data,182,2,0.802,NA
184,95,checksum,lexicase,FALSE,20,elitize_generation_data,183,1,0.801,NA
185,95,checksum,lexicase,FALSE,20,elitize_generation_data,184,1,0.804,NA
186,95,checksum,lexicase,FALSE,20,elitize_generation_data,185,2,0.799,NA
187,95,checksum,lexicase,FALSE,20,elitize_generation_data,186,1,0.809,NA
188,95,checksum,lexicase,FALSE,20,elitize_generation_data,187,2,0.786,NA
189,95,checksum,lexicase,FALSE,20,elitize_generation_data,188,1,0.786,NA
190,95,checksum,lexicase,FALSE,20,elitize_generation_data,189,1,0.815,NA
191,95,checksum,lexicase,FALSE,20,elitize_generation_data,190,1,0.802,NA
192,95,checksum,lexicase,FALSE,20,elitize_generation_data,191,1,0.795,NA
193,95,checksum,lexicase,FALSE,20,elitize_generation_data,192,1,0.811,NA
194,95,checksum,lexicase,FALSE,20,elitize_generation_data,193,1,0.8,NA
195,95,checksum,lexicase,FALSE,20,elitize_generation_data,194,1,0.787,NA
196,95,checksum,lexicase,FALSE,20,elitize_generation_data,195,1,0.79,NA
197,95,checksum,lexicase,FALSE,20,elitize_generation_data,196,2,0.786,NA
198,95,checksum,lexicase,FALSE,20,elitize_generation_data,197,1,0.801,NA
199,95,checksum,lexicase,FALSE,20,elitize_generation_data,198,1,0.784,NA
200,95,checksum,lexicase,FALSE,20,elitize_generation_data,199,1,0.787,NA
201,95,checksum,lexicase,FALSE,20,elitize_generation_data,200,1,0.784,NA
202,95,checksum,lexicase,FALSE,20,elitize_generation_data,201,2,0.783,NA
203,95,checksum,lexicase,FALSE,20,elitize_generation_data,202,2,0.809,NA
204,95,checksum,lexicase,FALSE,20,elitize_generation_data,203,1,0.799,NA
205,95,checksum,lexicase,FALSE,20,elitize_generation_data,204,1,0.802,NA
206,95,checksum,lexicase,FALSE,20,elitize_generation_data,205,1,0.79,NA
207,95,checksum,lexicase,FALSE,20,elitize_generation_data,206,1,0.787,NA
208,95,checksum,lexicase,FALSE,20,elitize_generation_data,207,1,0.782,NA
209,95,checksum,lexicase,FALSE,20,elitize_generation_data,208,2,0.795,NA
210,95,checksum,lexicase,FALSE,20,elitize_generation_data,209,1,0.784,NA
211,95,checksum,lexicase,FALSE,20,elitize_generation_data,210,1,0.796,NA
212,95,checksum,lexicase,FALSE,20,elitize_generation_data,211,2,0.794,NA
213,95,checksum,lexicase,FALSE,20,elitize_generation_data,212,1,0.796,NA
214,95,checksum,lexicase,FALSE,20,elitize_generation_data,213,1,0.801,NA
215,95,checksum,lexicase,FALSE,20,elitize_generation_data,214,1,0.781,NA
216,95,checksum,lexicase,FALSE,20,elitize_generation_data,215,1,0.791,NA
217,95,checksum,lexicase,FALSE,20,elitize_generation_data,216,1,0.808,NA
218,95,checksum,lexicase,FALSE,20,elitize_generation_data,217,1,0.803,NA
219,95,checksum,lexicase,FALSE,20,elitize_generation_data,218,1,0.814,NA
220,95,checksum,lexicase,FALSE,20,elitize_generation_data,219,1,0.804,NA
221,95,checksum,lexicase,FALSE,20,elitize_generation_data,220,1,0.779,NA
222,95,checksum,lexicase,FALSE,20,elitize_generation_data,221,1,0.801,NA
223,95,checksum,lexicase,FALSE,20,elitize_generation_data,222,1,0.82,NA
224,95,checksum,lexicase,FALSE,20,elitize_generation_data,223,1,0.799,NA
225,95,checksum,lexicase,FALSE,20,elitize_generation_data,224,1,0.8,NA
226,95,checksum,lexicase,FALSE,20,elitize_generation_data,225,1,0.816,NA
227,95,checksum,lexicase,FALSE,20,elitize_generation_data,226,1,0.81,NA
228,95,checksum,lexicase,FALSE,20,elitize_generation_data,227,1,0.775,NA
229,95,checksum,lexicase,FALSE,20,elitize_generation_data,228,1,0.797,NA
230,95,checksum,lexicase,FALSE,20,elitize_generation_data,229,2,0.827,NA
231,95,checksum,lexicase,FALSE,20,elitize_generation_data,230,1,0.794,NA
232,95,checksum,lexicase,FALSE,20,elitize_generation_data,231,1,0.786,NA
233,95,checksum,lexicase,FALSE,20,elitize_generation_data,232,2,0.814,NA
234,95,checksum,lexicase,FALSE,20,elitize_generation_data,233,1,0.8,NA
235,95,checksum,lexicase,FALSE,20,elitize_generation_data,234,1,0.812,NA
236,95,checksum,lexicase,FALSE,20,elitize_generation_data,235,1,0.838,NA
237,95,checksum,lexicase,FALSE,20,elitize_generation_data,236,1,0.846,NA
238,95,checksum,lexicase,FALSE,20,elitize_generation_data,237,1,0.812,NA
239,95,checksum,lexicase,FALSE,20,elitize_generation_data,238,1,0.83,NA
240,95,checksum,lexicase,FALSE,20,elitize_generation_data,239,1,0.799,NA
241,95,checksum,lexicase,FALSE,20,elitize_generation_data,240,1,0.811,NA
242,95,checksum,lexicase,FALSE,20,elitize_generation_data,241,1,0.833,NA
243,95,checksum,lexicase,FALSE,20,elitize_generation_data,242,1,0.826,NA
244,95,checksum,lexicase,FALSE,20,elitize_generation_data,243,1,0.855,NA
245,95,checksum,lexicase,FALSE,20,elitize_generation_data,244,1,0.853,NA
246,95,checksum,lexicase,FALSE,20,elitize_generation_data,245,1,0.835,NA
247,95,checksum,lexicase,FALSE,20,elitize_generation_data,246,2,0.806,NA
248,95,checksum,lexicase,FALSE,20,elitize_generation_data,247,1,0.832,NA
249,95,checksum,lexicase,FALSE,20,elitize_generation_data,248,1,0.823,NA
250,95,checksum,lexicase,FALSE,20,elitize_generation_data,249,4,0.796,NA
251,95,checksum,lexicase,FALSE,20,elitize_generation_data,250,2,0.821,NA
252,95,checksum,lexicase,FALSE,20,elitize_generation_data,251,1,0.827,NA
253,95,checksum,lexicase,FALSE,20,elitize_generation_data,252,2,0.835,NA
254,95,checksum,lexicase,FALSE,20,elitize_generation_data,253,2,0.808,NA
255,95,checksum,lexicase,FALSE,20,elitize_generation_data,254,2,0.788,NA
256,95,checksum,lexicase,FALSE,20,elitize_generation_data,255,2,0.835,NA
257,95,checksum,lexicase,FALSE,20,elitize_generation_data,256,1,0.796,NA
258,95,checksum,lexicase,FALSE,20,elitize_generation_data,257,2,0.788,NA
259,95,checksum,lexicase,FALSE,20,elitize_generation_data,258,2,0.829,NA
260,95,checksum,lexicase,FALSE,20,elitize_generation_data,259,1,0.818,NA
261,95,checksum,lexicase,FALSE,20,elitize_generation_data,260,1,0.811,NA
262,95,checksum,lexicase,FALSE,20,elitize_generation_data,261,1,0.791,NA
263,95,checksum,lexicase,FALSE,20,elitize_generation_data,262,1,0.786,NA
264,95,checksum,lexicase,FALSE,20,elitize_generation_data,263,1,0.782,NA
265,95,checksum,lexicase,FALSE,20,elitize_generation_data,264,2,0.789,NA
266,95,checksum,lexicase,FALSE,20,elitize_generation_data,265,1,0.811,NA
267,95,checksum,lexicase,FALSE,20,elitize_generation_data,266,2,0.776,NA
268,95,checksum,lexicase,FALSE,20,elitize_generation_data,267,1,0.815,NA
269,95,checksum,lexicase,FALSE,20,elitize_generation_data,268,1,0.817,NA
270,95,checksum,lexicase,FALSE,20,elitize_generation_data,269,2,0.796,NA
271,95,checksum,lexicase,FALSE,20,elitize_generation_data,270,1,0.823,NA
272,95,checksum,lexicase,FALSE,20,elitize_generation_data,271,1,0.806,NA
273,95,checksum,lexicase,FALSE,20,elitize_generation_data,272,1,0.803,NA
274,95,checksum,lexicase,FALSE,20,elitize_generation_data,273,2,0.81,NA
275,95,checksum,lexicase,FALSE,20,elitize_generation_data,274,1,0.807,NA
276,95,checksum,lexicase,FALSE,20,elitize_generation_data,275,2,0.806,NA
277,95,checksum,lexicase,FALSE,20,elitize_generation_data,276,2,0.822,NA
278,95,checksum,lexicase,FALSE,20,elitize_generation_data,277,1,0.798,NA
279,95,checksum,lexicase,FALSE,20,elitize_generation_data,278,1,0.816,NA
280,95,checksum,lexicase,FALSE,20,elitize_generation_data,279,2,0.796,NA
281,95,checksum,lexicase,FALSE,20,elitize_generation_data,280,2,0.825,NA
282,95,checksum,lexicase,FALSE,20,elitize_generation_data,281,2,0.799,NA
283,95,checksum,lexicase,FALSE,20,elitize_generation_data,282,3,0.82,NA
284,95,checksum,lexicase,FALSE,20,elitize_generation_data,283,1,0.786,NA
285,95,checksum,lexicase,FALSE,20,elitize_generation_data,284,3,0.811,NA
286,95,checksum,lexicase,FALSE,20,elitize_generation_data,285,1,0.843,NA
287,95,checksum,lexicase,FALSE,20,elitize_generation_data,286,2,0.829,NA
288,95,checksum,lexicase,FALSE,20,elitize_generation_data,287,3,0.84,NA
289,95,checksum,lexicase,FALSE,20,elitize_generation_data,288,2,0.817,NA
290,95,checksum,lexicase,FALSE,20,elitize_generation_data,289,2,0.801,NA
291,95,checksum,lexicase,FALSE,20,elitize_generation_data,290,2,0.847,NA
292,95,checksum,lexicase,FALSE,20,elitize_generation_data,291,2,0.851,NA
293,95,checksum,lexicase,FALSE,20,elitize_generation_data,292,2,0.828,NA
294,95,checksum,lexicase,FALSE,20,elitize_generation_data,293,2,0.844,NA
295,95,checksum,lexicase,FALSE,20,elitize_generation_data,294,1,0.844,NA
296,95,checksum,lexicase,FALSE,20,elitize_generation_data,295,1,0.836,NA
297,95,checksum,lexicase,FALSE,20,elitize_generation_data,296,1,0.849,NA
298,95,checksum,lexicase,FALSE,20,elitize_generation_data,297,2,0.836,NA
299,95,checksum,lexicase,FALSE,20,elitize_generation_data,298,3,0.851,NA
300,95,checksum,lexicase,FALSE,20,elitize_generation_data,299,2,0.822,NA
301,95,checksum,lexicase,FALSE,20,elitize_generation_data,300,1,0.824,NA
