,run.num,problem,treatment,succeeded,height,normalization.function,generation,cluster.count,error.diversity,success.generation
1,34,checksum,lexicase,FALSE,20,elitize_generation_data,0,2,0.33,NA
2,34,checksum,lexicase,FALSE,20,elitize_generation_data,1,2,0.243,NA
3,34,checksum,lexicase,FALSE,20,elitize_generation_data,2,4,0.257,NA
4,34,checksum,lexicase,FALSE,20,elitize_generation_data,3,4,0.314,NA
5,34,checksum,lexicase,FALSE,20,elitize_generation_data,4,4,0.374,NA
6,34,checksum,lexicase,FALSE,20,elitize_generation_data,5,5,0.394,NA
7,34,checksum,lexicase,FALSE,20,elitize_generation_data,6,7,0.414,NA
8,34,checksum,lexicase,FALSE,20,elitize_generation_data,7,10,0.451,NA
9,34,checksum,lexicase,FALSE,20,elitize_generation_data,8,13,0.476,NA
10,34,checksum,lexicase,FALSE,20,elitize_generation_data,9,12,0.461,NA
11,34,checksum,lexicase,FALSE,20,elitize_generation_data,10,14,0.47,NA
12,34,checksum,lexicase,FALSE,20,elitize_generation_data,11,12,0.496,NA
13,34,checksum,lexicase,FALSE,20,elitize_generation_data,12,10,0.537,NA
14,34,checksum,lexicase,FALSE,20,elitize_generation_data,13,13,0.523,NA
15,34,checksum,lexicase,FALSE,20,elitize_generation_data,14,16,0.536,NA
16,34,checksum,lexicase,FALSE,20,elitize_generation_data,15,17,0.52,NA
17,34,checksum,lexicase,FALSE,20,elitize_generation_data,16,17,0.584,NA
18,34,checksum,lexicase,FALSE,20,elitize_generation_data,17,18,0.564,NA
19,34,checksum,lexicase,FALSE,20,elitize_generation_data,18,20,0.581,NA
20,34,checksum,lexicase,FALSE,20,elitize_generation_data,19,16,0.609,NA
21,34,checksum,lexicase,FALSE,20,elitize_generation_data,20,16,0.619,NA
22,34,checksum,lexicase,FALSE,20,elitize_generation_data,21,18,0.622,NA
23,34,checksum,lexicase,FALSE,20,elitize_generation_data,22,21,0.634,NA
24,34,checksum,lexicase,FALSE,20,elitize_generation_data,23,20,0.653,NA
25,34,checksum,lexicase,FALSE,20,elitize_generation_data,24,11,0.646,NA
26,34,checksum,lexicase,FALSE,20,elitize_generation_data,25,11,0.697,NA
27,34,checksum,lexicase,FALSE,20,elitize_generation_data,26,13,0.68,NA
28,34,checksum,lexicase,FALSE,20,elitize_generation_data,27,11,0.643,NA
29,34,checksum,lexicase,FALSE,20,elitize_generation_data,28,10,0.676,NA
30,34,checksum,lexicase,FALSE,20,elitize_generation_data,29,11,0.671,NA
31,34,checksum,lexicase,FALSE,20,elitize_generation_data,30,10,0.684,NA
32,34,checksum,lexicase,FALSE,20,elitize_generation_data,31,10,0.652,NA
33,34,checksum,lexicase,FALSE,20,elitize_generation_data,32,8,0.657,NA
34,34,checksum,lexicase,FALSE,20,elitize_generation_data,33,10,0.679,NA
35,34,checksum,lexicase,FALSE,20,elitize_generation_data,34,9,0.648,NA
36,34,checksum,lexicase,FALSE,20,elitize_generation_data,35,9,0.649,NA
37,34,checksum,lexicase,FALSE,20,elitize_generation_data,36,7,0.643,NA
38,34,checksum,lexicase,FALSE,20,elitize_generation_data,37,3,0.633,NA
39,34,checksum,lexicase,FALSE,20,elitize_generation_data,38,4,0.633,NA
40,34,checksum,lexicase,FALSE,20,elitize_generation_data,39,4,0.639,NA
41,34,checksum,lexicase,FALSE,20,elitize_generation_data,40,3,0.638,NA
42,34,checksum,lexicase,FALSE,20,elitize_generation_data,41,2,0.624,NA
43,34,checksum,lexicase,FALSE,20,elitize_generation_data,42,2,0.637,NA
44,34,checksum,lexicase,FALSE,20,elitize_generation_data,43,1,0.637,NA
45,34,checksum,lexicase,FALSE,20,elitize_generation_data,44,1,0.674,NA
46,34,checksum,lexicase,FALSE,20,elitize_generation_data,45,1,0.644,NA
47,34,checksum,lexicase,FALSE,20,elitize_generation_data,46,1,0.629,NA
48,34,checksum,lexicase,FALSE,20,elitize_generation_data,47,1,0.658,NA
49,34,checksum,lexicase,FALSE,20,elitize_generation_data,48,1,0.7,NA
50,34,checksum,lexicase,FALSE,20,elitize_generation_data,49,1,0.696,NA
51,34,checksum,lexicase,FALSE,20,elitize_generation_data,50,1,0.724,NA
52,34,checksum,lexicase,FALSE,20,elitize_generation_data,51,1,0.737,NA
53,34,checksum,lexicase,FALSE,20,elitize_generation_data,52,1,0.733,NA
54,34,checksum,lexicase,FALSE,20,elitize_generation_data,53,1,0.726,NA
55,34,checksum,lexicase,FALSE,20,elitize_generation_data,54,1,0.682,NA
56,34,checksum,lexicase,FALSE,20,elitize_generation_data,55,1,0.69,NA
57,34,checksum,lexicase,FALSE,20,elitize_generation_data,56,1,0.71,NA
58,34,checksum,lexicase,FALSE,20,elitize_generation_data,57,1,0.707,NA
59,34,checksum,lexicase,FALSE,20,elitize_generation_data,58,1,0.714,NA
60,34,checksum,lexicase,FALSE,20,elitize_generation_data,59,1,0.734,NA
61,34,checksum,lexicase,FALSE,20,elitize_generation_data,60,1,0.763,NA
62,34,checksum,lexicase,FALSE,20,elitize_generation_data,61,1,0.748,NA
63,34,checksum,lexicase,FALSE,20,elitize_generation_data,62,1,0.746,NA
64,34,checksum,lexicase,FALSE,20,elitize_generation_data,63,1,0.764,NA
65,34,checksum,lexicase,FALSE,20,elitize_generation_data,64,1,0.732,NA
66,34,checksum,lexicase,FALSE,20,elitize_generation_data,65,1,0.766,NA
67,34,checksum,lexicase,FALSE,20,elitize_generation_data,66,1,0.751,NA
68,34,checksum,lexicase,FALSE,20,elitize_generation_data,67,1,0.774,NA
69,34,checksum,lexicase,FALSE,20,elitize_generation_data,68,1,0.761,NA
70,34,checksum,lexicase,FALSE,20,elitize_generation_data,69,1,0.748,NA
71,34,checksum,lexicase,FALSE,20,elitize_generation_data,70,1,0.764,NA
72,34,checksum,lexicase,FALSE,20,elitize_generation_data,71,1,0.75,NA
73,34,checksum,lexicase,FALSE,20,elitize_generation_data,72,1,0.772,NA
74,34,checksum,lexicase,FALSE,20,elitize_generation_data,73,1,0.77,NA
75,34,checksum,lexicase,FALSE,20,elitize_generation_data,74,1,0.79,NA
76,34,checksum,lexicase,FALSE,20,elitize_generation_data,75,1,0.762,NA
77,34,checksum,lexicase,FALSE,20,elitize_generation_data,76,1,0.741,NA
78,34,checksum,lexicase,FALSE,20,elitize_generation_data,77,1,0.773,NA
79,34,checksum,lexicase,FALSE,20,elitize_generation_data,78,2,0.763,NA
80,34,checksum,lexicase,FALSE,20,elitize_generation_data,79,1,0.763,NA
81,34,checksum,lexicase,FALSE,20,elitize_generation_data,80,1,0.77,NA
82,34,checksum,lexicase,FALSE,20,elitize_generation_data,81,1,0.774,NA
83,34,checksum,lexicase,FALSE,20,elitize_generation_data,82,1,0.755,NA
84,34,checksum,lexicase,FALSE,20,elitize_generation_data,83,1,0.762,NA
85,34,checksum,lexicase,FALSE,20,elitize_generation_data,84,1,0.744,NA
86,34,checksum,lexicase,FALSE,20,elitize_generation_data,85,2,0.757,NA
87,34,checksum,lexicase,FALSE,20,elitize_generation_data,86,1,0.746,NA
88,34,checksum,lexicase,FALSE,20,elitize_generation_data,87,2,0.723,NA
89,34,checksum,lexicase,FALSE,20,elitize_generation_data,88,1,0.754,NA
90,34,checksum,lexicase,FALSE,20,elitize_generation_data,89,1,0.748,NA
91,34,checksum,lexicase,FALSE,20,elitize_generation_data,90,1,0.749,NA
92,34,checksum,lexicase,FALSE,20,elitize_generation_data,91,1,0.773,NA
93,34,checksum,lexicase,FALSE,20,elitize_generation_data,92,1,0.76,NA
94,34,checksum,lexicase,FALSE,20,elitize_generation_data,93,1,0.745,NA
95,34,checksum,lexicase,FALSE,20,elitize_generation_data,94,1,0.752,NA
96,34,checksum,lexicase,FALSE,20,elitize_generation_data,95,1,0.727,NA
97,34,checksum,lexicase,FALSE,20,elitize_generation_data,96,1,0.736,NA
98,34,checksum,lexicase,FALSE,20,elitize_generation_data,97,1,0.732,NA
99,34,checksum,lexicase,FALSE,20,elitize_generation_data,98,1,0.749,NA
100,34,checksum,lexicase,FALSE,20,elitize_generation_data,99,1,0.721,NA
101,34,checksum,lexicase,FALSE,20,elitize_generation_data,100,1,0.742,NA
102,34,checksum,lexicase,FALSE,20,elitize_generation_data,101,1,0.742,NA
103,34,checksum,lexicase,FALSE,20,elitize_generation_data,102,1,0.749,NA
104,34,checksum,lexicase,FALSE,20,elitize_generation_data,103,1,0.719,NA
105,34,checksum,lexicase,FALSE,20,elitize_generation_data,104,1,0.686,NA
106,34,checksum,lexicase,FALSE,20,elitize_generation_data,105,1,0.736,NA
107,34,checksum,lexicase,FALSE,20,elitize_generation_data,106,1,0.726,NA
108,34,checksum,lexicase,FALSE,20,elitize_generation_data,107,1,0.709,NA
109,34,checksum,lexicase,FALSE,20,elitize_generation_data,108,1,0.711,NA
110,34,checksum,lexicase,FALSE,20,elitize_generation_data,109,1,0.747,NA
111,34,checksum,lexicase,FALSE,20,elitize_generation_data,110,1,0.725,NA
112,34,checksum,lexicase,FALSE,20,elitize_generation_data,111,1,0.719,NA
113,34,checksum,lexicase,FALSE,20,elitize_generation_data,112,1,0.744,NA
114,34,checksum,lexicase,FALSE,20,elitize_generation_data,113,1,0.743,NA
115,34,checksum,lexicase,FALSE,20,elitize_generation_data,114,1,0.73,NA
116,34,checksum,lexicase,FALSE,20,elitize_generation_data,115,1,0.764,NA
117,34,checksum,lexicase,FALSE,20,elitize_generation_data,116,1,0.755,NA
118,34,checksum,lexicase,FALSE,20,elitize_generation_data,117,1,0.767,NA
119,34,checksum,lexicase,FALSE,20,elitize_generation_data,118,1,0.758,NA
120,34,checksum,lexicase,FALSE,20,elitize_generation_data,119,1,0.732,NA
121,34,checksum,lexicase,FALSE,20,elitize_generation_data,120,1,0.728,NA
122,34,checksum,lexicase,FALSE,20,elitize_generation_data,121,1,0.73,NA
123,34,checksum,lexicase,FALSE,20,elitize_generation_data,122,1,0.756,NA
124,34,checksum,lexicase,FALSE,20,elitize_generation_data,123,1,0.738,NA
125,34,checksum,lexicase,FALSE,20,elitize_generation_data,124,1,0.794,NA
126,34,checksum,lexicase,FALSE,20,elitize_generation_data,125,1,0.78,NA
127,34,checksum,lexicase,FALSE,20,elitize_generation_data,126,1,0.76,NA
128,34,checksum,lexicase,FALSE,20,elitize_generation_data,127,1,0.773,NA
129,34,checksum,lexicase,FALSE,20,elitize_generation_data,128,1,0.776,NA
130,34,checksum,lexicase,FALSE,20,elitize_generation_data,129,1,0.802,NA
131,34,checksum,lexicase,FALSE,20,elitize_generation_data,130,1,0.777,NA
132,34,checksum,lexicase,FALSE,20,elitize_generation_data,131,1,0.803,NA
133,34,checksum,lexicase,FALSE,20,elitize_generation_data,132,1,0.793,NA
134,34,checksum,lexicase,FALSE,20,elitize_generation_data,133,1,0.807,NA
135,34,checksum,lexicase,FALSE,20,elitize_generation_data,134,1,0.798,NA
136,34,checksum,lexicase,FALSE,20,elitize_generation_data,135,1,0.812,NA
137,34,checksum,lexicase,FALSE,20,elitize_generation_data,136,2,0.838,NA
138,34,checksum,lexicase,FALSE,20,elitize_generation_data,137,1,0.806,NA
139,34,checksum,lexicase,FALSE,20,elitize_generation_data,138,1,0.793,NA
140,34,checksum,lexicase,FALSE,20,elitize_generation_data,139,1,0.791,NA
141,34,checksum,lexicase,FALSE,20,elitize_generation_data,140,1,0.824,NA
142,34,checksum,lexicase,FALSE,20,elitize_generation_data,141,1,0.797,NA
143,34,checksum,lexicase,FALSE,20,elitize_generation_data,142,1,0.826,NA
144,34,checksum,lexicase,FALSE,20,elitize_generation_data,143,1,0.827,NA
145,34,checksum,lexicase,FALSE,20,elitize_generation_data,144,1,0.811,NA
146,34,checksum,lexicase,FALSE,20,elitize_generation_data,145,1,0.832,NA
147,34,checksum,lexicase,FALSE,20,elitize_generation_data,146,1,0.843,NA
148,34,checksum,lexicase,FALSE,20,elitize_generation_data,147,1,0.82,NA
149,34,checksum,lexicase,FALSE,20,elitize_generation_data,148,1,0.837,NA
150,34,checksum,lexicase,FALSE,20,elitize_generation_data,149,1,0.841,NA
151,34,checksum,lexicase,FALSE,20,elitize_generation_data,150,1,0.825,NA
152,34,checksum,lexicase,FALSE,20,elitize_generation_data,151,1,0.833,NA
153,34,checksum,lexicase,FALSE,20,elitize_generation_data,152,1,0.834,NA
154,34,checksum,lexicase,FALSE,20,elitize_generation_data,153,1,0.816,NA
155,34,checksum,lexicase,FALSE,20,elitize_generation_data,154,1,0.822,NA
156,34,checksum,lexicase,FALSE,20,elitize_generation_data,155,1,0.832,NA
157,34,checksum,lexicase,FALSE,20,elitize_generation_data,156,1,0.84,NA
158,34,checksum,lexicase,FALSE,20,elitize_generation_data,157,1,0.855,NA
159,34,checksum,lexicase,FALSE,20,elitize_generation_data,158,1,0.824,NA
160,34,checksum,lexicase,FALSE,20,elitize_generation_data,159,1,0.831,NA
161,34,checksum,lexicase,FALSE,20,elitize_generation_data,160,1,0.813,NA
162,34,checksum,lexicase,FALSE,20,elitize_generation_data,161,1,0.843,NA
163,34,checksum,lexicase,FALSE,20,elitize_generation_data,162,2,0.832,NA
164,34,checksum,lexicase,FALSE,20,elitize_generation_data,163,1,0.8,NA
165,34,checksum,lexicase,FALSE,20,elitize_generation_data,164,1,0.819,NA
166,34,checksum,lexicase,FALSE,20,elitize_generation_data,165,1,0.817,NA
167,34,checksum,lexicase,FALSE,20,elitize_generation_data,166,2,0.803,NA
168,34,checksum,lexicase,FALSE,20,elitize_generation_data,167,1,0.836,NA
169,34,checksum,lexicase,FALSE,20,elitize_generation_data,168,1,0.811,NA
170,34,checksum,lexicase,FALSE,20,elitize_generation_data,169,1,0.813,NA
171,34,checksum,lexicase,FALSE,20,elitize_generation_data,170,2,0.81,NA
172,34,checksum,lexicase,FALSE,20,elitize_generation_data,171,1,0.827,NA
173,34,checksum,lexicase,FALSE,20,elitize_generation_data,172,2,0.817,NA
174,34,checksum,lexicase,FALSE,20,elitize_generation_data,173,1,0.811,NA
175,34,checksum,lexicase,FALSE,20,elitize_generation_data,174,2,0.827,NA
176,34,checksum,lexicase,FALSE,20,elitize_generation_data,175,2,0.834,NA
177,34,checksum,lexicase,FALSE,20,elitize_generation_data,176,2,0.832,NA
178,34,checksum,lexicase,FALSE,20,elitize_generation_data,177,2,0.842,NA
179,34,checksum,lexicase,FALSE,20,elitize_generation_data,178,1,0.82,NA
180,34,checksum,lexicase,FALSE,20,elitize_generation_data,179,1,0.805,NA
181,34,checksum,lexicase,FALSE,20,elitize_generation_data,180,1,0.825,NA
182,34,checksum,lexicase,FALSE,20,elitize_generation_data,181,1,0.803,NA
183,34,checksum,lexicase,FALSE,20,elitize_generation_data,182,1,0.834,NA
184,34,checksum,lexicase,FALSE,20,elitize_generation_data,183,1,0.819,NA
185,34,checksum,lexicase,FALSE,20,elitize_generation_data,184,1,0.825,NA
186,34,checksum,lexicase,FALSE,20,elitize_generation_data,185,1,0.817,NA
187,34,checksum,lexicase,FALSE,20,elitize_generation_data,186,1,0.806,NA
188,34,checksum,lexicase,FALSE,20,elitize_generation_data,187,1,0.814,NA
189,34,checksum,lexicase,FALSE,20,elitize_generation_data,188,1,0.806,NA
190,34,checksum,lexicase,FALSE,20,elitize_generation_data,189,1,0.805,NA
191,34,checksum,lexicase,FALSE,20,elitize_generation_data,190,1,0.811,NA
192,34,checksum,lexicase,FALSE,20,elitize_generation_data,191,1,0.814,NA
193,34,checksum,lexicase,FALSE,20,elitize_generation_data,192,1,0.792,NA
194,34,checksum,lexicase,FALSE,20,elitize_generation_data,193,1,0.809,NA
195,34,checksum,lexicase,FALSE,20,elitize_generation_data,194,1,0.797,NA
196,34,checksum,lexicase,FALSE,20,elitize_generation_data,195,1,0.809,NA
197,34,checksum,lexicase,FALSE,20,elitize_generation_data,196,1,0.831,NA
198,34,checksum,lexicase,FALSE,20,elitize_generation_data,197,1,0.818,NA
199,34,checksum,lexicase,FALSE,20,elitize_generation_data,198,1,0.823,NA
200,34,checksum,lexicase,FALSE,20,elitize_generation_data,199,1,0.822,NA
201,34,checksum,lexicase,FALSE,20,elitize_generation_data,200,1,0.796,NA
202,34,checksum,lexicase,FALSE,20,elitize_generation_data,201,1,0.83,NA
203,34,checksum,lexicase,FALSE,20,elitize_generation_data,202,1,0.804,NA
204,34,checksum,lexicase,FALSE,20,elitize_generation_data,203,2,0.811,NA
205,34,checksum,lexicase,FALSE,20,elitize_generation_data,204,1,0.805,NA
206,34,checksum,lexicase,FALSE,20,elitize_generation_data,205,1,0.813,NA
207,34,checksum,lexicase,FALSE,20,elitize_generation_data,206,1,0.829,NA
208,34,checksum,lexicase,FALSE,20,elitize_generation_data,207,1,0.817,NA
209,34,checksum,lexicase,FALSE,20,elitize_generation_data,208,1,0.809,NA
210,34,checksum,lexicase,FALSE,20,elitize_generation_data,209,2,0.79,NA
211,34,checksum,lexicase,FALSE,20,elitize_generation_data,210,1,0.831,NA
212,34,checksum,lexicase,FALSE,20,elitize_generation_data,211,1,0.805,NA
213,34,checksum,lexicase,FALSE,20,elitize_generation_data,212,2,0.794,NA
214,34,checksum,lexicase,FALSE,20,elitize_generation_data,213,1,0.805,NA
215,34,checksum,lexicase,FALSE,20,elitize_generation_data,214,1,0.833,NA
216,34,checksum,lexicase,FALSE,20,elitize_generation_data,215,1,0.818,NA
217,34,checksum,lexicase,FALSE,20,elitize_generation_data,216,1,0.78,NA
218,34,checksum,lexicase,FALSE,20,elitize_generation_data,217,1,0.788,NA
219,34,checksum,lexicase,FALSE,20,elitize_generation_data,218,1,0.806,NA
220,34,checksum,lexicase,FALSE,20,elitize_generation_data,219,1,0.796,NA
221,34,checksum,lexicase,FALSE,20,elitize_generation_data,220,1,0.8,NA
222,34,checksum,lexicase,FALSE,20,elitize_generation_data,221,1,0.808,NA
223,34,checksum,lexicase,FALSE,20,elitize_generation_data,222,1,0.794,NA
224,34,checksum,lexicase,FALSE,20,elitize_generation_data,223,1,0.788,NA
225,34,checksum,lexicase,FALSE,20,elitize_generation_data,224,1,0.805,NA
226,34,checksum,lexicase,FALSE,20,elitize_generation_data,225,1,0.803,NA
227,34,checksum,lexicase,FALSE,20,elitize_generation_data,226,2,0.794,NA
228,34,checksum,lexicase,FALSE,20,elitize_generation_data,227,1,0.805,NA
229,34,checksum,lexicase,FALSE,20,elitize_generation_data,228,1,0.798,NA
230,34,checksum,lexicase,FALSE,20,elitize_generation_data,229,1,0.771,NA
231,34,checksum,lexicase,FALSE,20,elitize_generation_data,230,1,0.782,NA
232,34,checksum,lexicase,FALSE,20,elitize_generation_data,231,1,0.78,NA
233,34,checksum,lexicase,FALSE,20,elitize_generation_data,232,1,0.814,NA
234,34,checksum,lexicase,FALSE,20,elitize_generation_data,233,1,0.788,NA
235,34,checksum,lexicase,FALSE,20,elitize_generation_data,234,1,0.82,NA
236,34,checksum,lexicase,FALSE,20,elitize_generation_data,235,1,0.813,NA
237,34,checksum,lexicase,FALSE,20,elitize_generation_data,236,1,0.822,NA
238,34,checksum,lexicase,FALSE,20,elitize_generation_data,237,1,0.811,NA
239,34,checksum,lexicase,FALSE,20,elitize_generation_data,238,1,0.785,NA
240,34,checksum,lexicase,FALSE,20,elitize_generation_data,239,1,0.771,NA
241,34,checksum,lexicase,FALSE,20,elitize_generation_data,240,1,0.802,NA
242,34,checksum,lexicase,FALSE,20,elitize_generation_data,241,1,0.772,NA
243,34,checksum,lexicase,FALSE,20,elitize_generation_data,242,1,0.803,NA
244,34,checksum,lexicase,FALSE,20,elitize_generation_data,243,1,0.811,NA
245,34,checksum,lexicase,FALSE,20,elitize_generation_data,244,1,0.782,NA
246,34,checksum,lexicase,FALSE,20,elitize_generation_data,245,1,0.78,NA
247,34,checksum,lexicase,FALSE,20,elitize_generation_data,246,1,0.78,NA
248,34,checksum,lexicase,FALSE,20,elitize_generation_data,247,1,0.785,NA
249,34,checksum,lexicase,FALSE,20,elitize_generation_data,248,1,0.793,NA
250,34,checksum,lexicase,FALSE,20,elitize_generation_data,249,1,0.812,NA
251,34,checksum,lexicase,FALSE,20,elitize_generation_data,250,1,0.786,NA
252,34,checksum,lexicase,FALSE,20,elitize_generation_data,251,1,0.768,NA
253,34,checksum,lexicase,FALSE,20,elitize_generation_data,252,1,0.774,NA
254,34,checksum,lexicase,FALSE,20,elitize_generation_data,253,1,0.775,NA
255,34,checksum,lexicase,FALSE,20,elitize_generation_data,254,1,0.782,NA
256,34,checksum,lexicase,FALSE,20,elitize_generation_data,255,1,0.773,NA
257,34,checksum,lexicase,FALSE,20,elitize_generation_data,256,1,0.781,NA
258,34,checksum,lexicase,FALSE,20,elitize_generation_data,257,1,0.778,NA
259,34,checksum,lexicase,FALSE,20,elitize_generation_data,258,3,0.749,NA
260,34,checksum,lexicase,FALSE,20,elitize_generation_data,259,1,0.793,NA
261,34,checksum,lexicase,FALSE,20,elitize_generation_data,260,1,0.78,NA
262,34,checksum,lexicase,FALSE,20,elitize_generation_data,261,1,0.81,NA
263,34,checksum,lexicase,FALSE,20,elitize_generation_data,262,2,0.792,NA
264,34,checksum,lexicase,FALSE,20,elitize_generation_data,263,1,0.801,NA
265,34,checksum,lexicase,FALSE,20,elitize_generation_data,264,1,0.797,NA
266,34,checksum,lexicase,FALSE,20,elitize_generation_data,265,1,0.791,NA
267,34,checksum,lexicase,FALSE,20,elitize_generation_data,266,2,0.809,NA
268,34,checksum,lexicase,FALSE,20,elitize_generation_data,267,1,0.805,NA
269,34,checksum,lexicase,FALSE,20,elitize_generation_data,268,2,0.822,NA
270,34,checksum,lexicase,FALSE,20,elitize_generation_data,269,2,0.802,NA
271,34,checksum,lexicase,FALSE,20,elitize_generation_data,270,1,0.778,NA
272,34,checksum,lexicase,FALSE,20,elitize_generation_data,271,1,0.826,NA
273,34,checksum,lexicase,FALSE,20,elitize_generation_data,272,1,0.813,NA
274,34,checksum,lexicase,FALSE,20,elitize_generation_data,273,1,0.798,NA
275,34,checksum,lexicase,FALSE,20,elitize_generation_data,274,1,0.822,NA
276,34,checksum,lexicase,FALSE,20,elitize_generation_data,275,1,0.816,NA
277,34,checksum,lexicase,FALSE,20,elitize_generation_data,276,1,0.816,NA
278,34,checksum,lexicase,FALSE,20,elitize_generation_data,277,1,0.816,NA
279,34,checksum,lexicase,FALSE,20,elitize_generation_data,278,1,0.803,NA
280,34,checksum,lexicase,FALSE,20,elitize_generation_data,279,2,0.793,NA
281,34,checksum,lexicase,FALSE,20,elitize_generation_data,280,1,0.807,NA
282,34,checksum,lexicase,FALSE,20,elitize_generation_data,281,1,0.811,NA
283,34,checksum,lexicase,FALSE,20,elitize_generation_data,282,1,0.789,NA
284,34,checksum,lexicase,FALSE,20,elitize_generation_data,283,1,0.8,NA
285,34,checksum,lexicase,FALSE,20,elitize_generation_data,284,1,0.778,NA
286,34,checksum,lexicase,FALSE,20,elitize_generation_data,285,1,0.806,NA
287,34,checksum,lexicase,FALSE,20,elitize_generation_data,286,1,0.802,NA
288,34,checksum,lexicase,FALSE,20,elitize_generation_data,287,1,0.78,NA
289,34,checksum,lexicase,FALSE,20,elitize_generation_data,288,1,0.799,NA
290,34,checksum,lexicase,FALSE,20,elitize_generation_data,289,1,0.804,NA
291,34,checksum,lexicase,FALSE,20,elitize_generation_data,290,1,0.785,NA
292,34,checksum,lexicase,FALSE,20,elitize_generation_data,291,2,0.811,NA
293,34,checksum,lexicase,FALSE,20,elitize_generation_data,292,1,0.806,NA
294,34,checksum,lexicase,FALSE,20,elitize_generation_data,293,1,0.797,NA
295,34,checksum,lexicase,FALSE,20,elitize_generation_data,294,1,0.794,NA
296,34,checksum,lexicase,FALSE,20,elitize_generation_data,295,1,0.801,NA
297,34,checksum,lexicase,FALSE,20,elitize_generation_data,296,1,0.814,NA
298,34,checksum,lexicase,FALSE,20,elitize_generation_data,297,1,0.773,NA
299,34,checksum,lexicase,FALSE,20,elitize_generation_data,298,1,0.814,NA
300,34,checksum,lexicase,FALSE,20,elitize_generation_data,299,1,0.805,NA
301,34,checksum,lexicase,FALSE,20,elitize_generation_data,300,1,0.815,NA
