,run.num,problem,treatment,succeeded,height,normalization.function,generation,cluster.count,error.diversity,success.generation
1,24,checksum,lexicase,FALSE,20,elitize_generation_data,0,2,0.329,NA
2,24,checksum,lexicase,FALSE,20,elitize_generation_data,1,3,0.177,NA
3,24,checksum,lexicase,FALSE,20,elitize_generation_data,2,3,0.209,NA
4,24,checksum,lexicase,FALSE,20,elitize_generation_data,3,3,0.221,NA
5,24,checksum,lexicase,FALSE,20,elitize_generation_data,4,4,0.26,NA
6,24,checksum,lexicase,FALSE,20,elitize_generation_data,5,5,0.306,NA
7,24,checksum,lexicase,FALSE,20,elitize_generation_data,6,9,0.363,NA
8,24,checksum,lexicase,FALSE,20,elitize_generation_data,7,12,0.398,NA
9,24,checksum,lexicase,FALSE,20,elitize_generation_data,8,9,0.433,NA
10,24,checksum,lexicase,FALSE,20,elitize_generation_data,9,9,0.424,NA
11,24,checksum,lexicase,FALSE,20,elitize_generation_data,10,6,0.427,NA
12,24,checksum,lexicase,FALSE,20,elitize_generation_data,11,10,0.433,NA
13,24,checksum,lexicase,FALSE,20,elitize_generation_data,12,8,0.417,NA
14,24,checksum,lexicase,FALSE,20,elitize_generation_data,13,6,0.429,NA
15,24,checksum,lexicase,FALSE,20,elitize_generation_data,14,6,0.407,NA
16,24,checksum,lexicase,FALSE,20,elitize_generation_data,15,6,0.429,NA
17,24,checksum,lexicase,FALSE,20,elitize_generation_data,16,5,0.47,NA
18,24,checksum,lexicase,FALSE,20,elitize_generation_data,17,6,0.464,NA
19,24,checksum,lexicase,FALSE,20,elitize_generation_data,18,6,0.468,NA
20,24,checksum,lexicase,FALSE,20,elitize_generation_data,19,4,0.455,NA
21,24,checksum,lexicase,FALSE,20,elitize_generation_data,20,5,0.487,NA
22,24,checksum,lexicase,FALSE,20,elitize_generation_data,21,8,0.493,NA
23,24,checksum,lexicase,FALSE,20,elitize_generation_data,22,6,0.526,NA
24,24,checksum,lexicase,FALSE,20,elitize_generation_data,23,7,0.518,NA
25,24,checksum,lexicase,FALSE,20,elitize_generation_data,24,7,0.553,NA
26,24,checksum,lexicase,FALSE,20,elitize_generation_data,25,8,0.58,NA
27,24,checksum,lexicase,FALSE,20,elitize_generation_data,26,7,0.575,NA
28,24,checksum,lexicase,FALSE,20,elitize_generation_data,27,7,0.595,NA
29,24,checksum,lexicase,FALSE,20,elitize_generation_data,28,8,0.591,NA
30,24,checksum,lexicase,FALSE,20,elitize_generation_data,29,7,0.608,NA
31,24,checksum,lexicase,FALSE,20,elitize_generation_data,30,9,0.592,NA
32,24,checksum,lexicase,FALSE,20,elitize_generation_data,31,7,0.644,NA
33,24,checksum,lexicase,FALSE,20,elitize_generation_data,32,7,0.636,NA
34,24,checksum,lexicase,FALSE,20,elitize_generation_data,33,9,0.656,NA
35,24,checksum,lexicase,FALSE,20,elitize_generation_data,34,8,0.645,NA
36,24,checksum,lexicase,FALSE,20,elitize_generation_data,35,9,0.649,NA
37,24,checksum,lexicase,FALSE,20,elitize_generation_data,36,8,0.655,NA
38,24,checksum,lexicase,FALSE,20,elitize_generation_data,37,8,0.664,NA
39,24,checksum,lexicase,FALSE,20,elitize_generation_data,38,6,0.672,NA
40,24,checksum,lexicase,FALSE,20,elitize_generation_data,39,5,0.685,NA
41,24,checksum,lexicase,FALSE,20,elitize_generation_data,40,3,0.656,NA
42,24,checksum,lexicase,FALSE,20,elitize_generation_data,41,3,0.646,NA
43,24,checksum,lexicase,FALSE,20,elitize_generation_data,42,2,0.639,NA
44,24,checksum,lexicase,FALSE,20,elitize_generation_data,43,1,0.619,NA
45,24,checksum,lexicase,FALSE,20,elitize_generation_data,44,1,0.59,NA
46,24,checksum,lexicase,FALSE,20,elitize_generation_data,45,1,0.566,NA
47,24,checksum,lexicase,FALSE,20,elitize_generation_data,46,1,0.591,NA
48,24,checksum,lexicase,FALSE,20,elitize_generation_data,47,1,0.586,NA
49,24,checksum,lexicase,FALSE,20,elitize_generation_data,48,1,0.569,NA
50,24,checksum,lexicase,FALSE,20,elitize_generation_data,49,1,0.577,NA
51,24,checksum,lexicase,FALSE,20,elitize_generation_data,50,1,0.588,NA
52,24,checksum,lexicase,FALSE,20,elitize_generation_data,51,1,0.569,NA
53,24,checksum,lexicase,FALSE,20,elitize_generation_data,52,1,0.591,NA
54,24,checksum,lexicase,FALSE,20,elitize_generation_data,53,1,0.6,NA
55,24,checksum,lexicase,FALSE,20,elitize_generation_data,54,1,0.592,NA
56,24,checksum,lexicase,FALSE,20,elitize_generation_data,55,1,0.594,NA
57,24,checksum,lexicase,FALSE,20,elitize_generation_data,56,1,0.626,NA
58,24,checksum,lexicase,FALSE,20,elitize_generation_data,57,1,0.637,NA
59,24,checksum,lexicase,FALSE,20,elitize_generation_data,58,1,0.604,NA
60,24,checksum,lexicase,FALSE,20,elitize_generation_data,59,1,0.655,NA
61,24,checksum,lexicase,FALSE,20,elitize_generation_data,60,1,0.664,NA
62,24,checksum,lexicase,FALSE,20,elitize_generation_data,61,1,0.666,NA
63,24,checksum,lexicase,FALSE,20,elitize_generation_data,62,1,0.629,NA
64,24,checksum,lexicase,FALSE,20,elitize_generation_data,63,1,0.655,NA
65,24,checksum,lexicase,FALSE,20,elitize_generation_data,64,1,0.674,NA
66,24,checksum,lexicase,FALSE,20,elitize_generation_data,65,1,0.65,NA
67,24,checksum,lexicase,FALSE,20,elitize_generation_data,66,1,0.669,NA
68,24,checksum,lexicase,FALSE,20,elitize_generation_data,67,1,0.7,NA
69,24,checksum,lexicase,FALSE,20,elitize_generation_data,68,1,0.706,NA
70,24,checksum,lexicase,FALSE,20,elitize_generation_data,69,1,0.667,NA
71,24,checksum,lexicase,FALSE,20,elitize_generation_data,70,1,0.696,NA
72,24,checksum,lexicase,FALSE,20,elitize_generation_data,71,1,0.692,NA
73,24,checksum,lexicase,FALSE,20,elitize_generation_data,72,1,0.691,NA
74,24,checksum,lexicase,FALSE,20,elitize_generation_data,73,1,0.698,NA
75,24,checksum,lexicase,FALSE,20,elitize_generation_data,74,1,0.675,NA
76,24,checksum,lexicase,FALSE,20,elitize_generation_data,75,1,0.697,NA
77,24,checksum,lexicase,FALSE,20,elitize_generation_data,76,1,0.71,NA
78,24,checksum,lexicase,FALSE,20,elitize_generation_data,77,1,0.711,NA
79,24,checksum,lexicase,FALSE,20,elitize_generation_data,78,1,0.719,NA
80,24,checksum,lexicase,FALSE,20,elitize_generation_data,79,1,0.71,NA
81,24,checksum,lexicase,FALSE,20,elitize_generation_data,80,1,0.751,NA
82,24,checksum,lexicase,FALSE,20,elitize_generation_data,81,1,0.712,NA
83,24,checksum,lexicase,FALSE,20,elitize_generation_data,82,1,0.746,NA
84,24,checksum,lexicase,FALSE,20,elitize_generation_data,83,1,0.712,NA
85,24,checksum,lexicase,FALSE,20,elitize_generation_data,84,1,0.713,NA
86,24,checksum,lexicase,FALSE,20,elitize_generation_data,85,1,0.691,NA
87,24,checksum,lexicase,FALSE,20,elitize_generation_data,86,1,0.692,NA
88,24,checksum,lexicase,FALSE,20,elitize_generation_data,87,1,0.726,NA
89,24,checksum,lexicase,FALSE,20,elitize_generation_data,88,1,0.721,NA
90,24,checksum,lexicase,FALSE,20,elitize_generation_data,89,1,0.717,NA
91,24,checksum,lexicase,FALSE,20,elitize_generation_data,90,1,0.721,NA
92,24,checksum,lexicase,FALSE,20,elitize_generation_data,91,1,0.7,NA
93,24,checksum,lexicase,FALSE,20,elitize_generation_data,92,1,0.695,NA
94,24,checksum,lexicase,FALSE,20,elitize_generation_data,93,1,0.717,NA
95,24,checksum,lexicase,FALSE,20,elitize_generation_data,94,1,0.727,NA
96,24,checksum,lexicase,FALSE,20,elitize_generation_data,95,1,0.699,NA
97,24,checksum,lexicase,FALSE,20,elitize_generation_data,96,1,0.714,NA
98,24,checksum,lexicase,FALSE,20,elitize_generation_data,97,1,0.729,NA
99,24,checksum,lexicase,FALSE,20,elitize_generation_data,98,1,0.699,NA
100,24,checksum,lexicase,FALSE,20,elitize_generation_data,99,1,0.734,NA
101,24,checksum,lexicase,FALSE,20,elitize_generation_data,100,1,0.722,NA
102,24,checksum,lexicase,FALSE,20,elitize_generation_data,101,1,0.752,NA
103,24,checksum,lexicase,FALSE,20,elitize_generation_data,102,1,0.725,NA
104,24,checksum,lexicase,FALSE,20,elitize_generation_data,103,1,0.746,NA
105,24,checksum,lexicase,FALSE,20,elitize_generation_data,104,1,0.736,NA
106,24,checksum,lexicase,FALSE,20,elitize_generation_data,105,1,0.732,NA
107,24,checksum,lexicase,FALSE,20,elitize_generation_data,106,1,0.73,NA
108,24,checksum,lexicase,FALSE,20,elitize_generation_data,107,1,0.723,NA
109,24,checksum,lexicase,FALSE,20,elitize_generation_data,108,1,0.775,NA
110,24,checksum,lexicase,FALSE,20,elitize_generation_data,109,1,0.761,NA
111,24,checksum,lexicase,FALSE,20,elitize_generation_data,110,1,0.751,NA
112,24,checksum,lexicase,FALSE,20,elitize_generation_data,111,1,0.74,NA
113,24,checksum,lexicase,FALSE,20,elitize_generation_data,112,1,0.734,NA
114,24,checksum,lexicase,FALSE,20,elitize_generation_data,113,1,0.742,NA
115,24,checksum,lexicase,FALSE,20,elitize_generation_data,114,1,0.741,NA
116,24,checksum,lexicase,FALSE,20,elitize_generation_data,115,1,0.749,NA
117,24,checksum,lexicase,FALSE,20,elitize_generation_data,116,1,0.765,NA
118,24,checksum,lexicase,FALSE,20,elitize_generation_data,117,1,0.731,NA
119,24,checksum,lexicase,FALSE,20,elitize_generation_data,118,1,0.741,NA
120,24,checksum,lexicase,FALSE,20,elitize_generation_data,119,1,0.748,NA
121,24,checksum,lexicase,FALSE,20,elitize_generation_data,120,1,0.742,NA
122,24,checksum,lexicase,FALSE,20,elitize_generation_data,121,1,0.737,NA
123,24,checksum,lexicase,FALSE,20,elitize_generation_data,122,1,0.751,NA
124,24,checksum,lexicase,FALSE,20,elitize_generation_data,123,1,0.753,NA
125,24,checksum,lexicase,FALSE,20,elitize_generation_data,124,1,0.745,NA
126,24,checksum,lexicase,FALSE,20,elitize_generation_data,125,1,0.741,NA
127,24,checksum,lexicase,FALSE,20,elitize_generation_data,126,1,0.762,NA
128,24,checksum,lexicase,FALSE,20,elitize_generation_data,127,1,0.735,NA
129,24,checksum,lexicase,FALSE,20,elitize_generation_data,128,1,0.726,NA
130,24,checksum,lexicase,FALSE,20,elitize_generation_data,129,1,0.757,NA
131,24,checksum,lexicase,FALSE,20,elitize_generation_data,130,1,0.757,NA
132,24,checksum,lexicase,FALSE,20,elitize_generation_data,131,1,0.762,NA
133,24,checksum,lexicase,FALSE,20,elitize_generation_data,132,1,0.735,NA
134,24,checksum,lexicase,FALSE,20,elitize_generation_data,133,1,0.754,NA
135,24,checksum,lexicase,FALSE,20,elitize_generation_data,134,2,0.739,NA
136,24,checksum,lexicase,FALSE,20,elitize_generation_data,135,1,0.746,NA
137,24,checksum,lexicase,FALSE,20,elitize_generation_data,136,1,0.746,NA
138,24,checksum,lexicase,FALSE,20,elitize_generation_data,137,1,0.788,NA
139,24,checksum,lexicase,FALSE,20,elitize_generation_data,138,1,0.757,NA
140,24,checksum,lexicase,FALSE,20,elitize_generation_data,139,1,0.757,NA
141,24,checksum,lexicase,FALSE,20,elitize_generation_data,140,1,0.755,NA
142,24,checksum,lexicase,FALSE,20,elitize_generation_data,141,1,0.769,NA
143,24,checksum,lexicase,FALSE,20,elitize_generation_data,142,1,0.788,NA
144,24,checksum,lexicase,FALSE,20,elitize_generation_data,143,1,0.758,NA
145,24,checksum,lexicase,FALSE,20,elitize_generation_data,144,1,0.77,NA
146,24,checksum,lexicase,FALSE,20,elitize_generation_data,145,1,0.754,NA
147,24,checksum,lexicase,FALSE,20,elitize_generation_data,146,1,0.756,NA
148,24,checksum,lexicase,FALSE,20,elitize_generation_data,147,1,0.758,NA
149,24,checksum,lexicase,FALSE,20,elitize_generation_data,148,1,0.79,NA
150,24,checksum,lexicase,FALSE,20,elitize_generation_data,149,1,0.777,NA
151,24,checksum,lexicase,FALSE,20,elitize_generation_data,150,1,0.781,NA
152,24,checksum,lexicase,FALSE,20,elitize_generation_data,151,1,0.783,NA
153,24,checksum,lexicase,FALSE,20,elitize_generation_data,152,1,0.78,NA
154,24,checksum,lexicase,FALSE,20,elitize_generation_data,153,1,0.772,NA
155,24,checksum,lexicase,FALSE,20,elitize_generation_data,154,1,0.77,NA
156,24,checksum,lexicase,FALSE,20,elitize_generation_data,155,1,0.782,NA
157,24,checksum,lexicase,FALSE,20,elitize_generation_data,156,1,0.757,NA
158,24,checksum,lexicase,FALSE,20,elitize_generation_data,157,1,0.779,NA
159,24,checksum,lexicase,FALSE,20,elitize_generation_data,158,1,0.765,NA
160,24,checksum,lexicase,FALSE,20,elitize_generation_data,159,1,0.765,NA
161,24,checksum,lexicase,FALSE,20,elitize_generation_data,160,1,0.76,NA
162,24,checksum,lexicase,FALSE,20,elitize_generation_data,161,1,0.772,NA
163,24,checksum,lexicase,FALSE,20,elitize_generation_data,162,1,0.774,NA
164,24,checksum,lexicase,FALSE,20,elitize_generation_data,163,1,0.807,NA
165,24,checksum,lexicase,FALSE,20,elitize_generation_data,164,1,0.762,NA
166,24,checksum,lexicase,FALSE,20,elitize_generation_data,165,1,0.783,NA
167,24,checksum,lexicase,FALSE,20,elitize_generation_data,166,1,0.771,NA
168,24,checksum,lexicase,FALSE,20,elitize_generation_data,167,1,0.791,NA
169,24,checksum,lexicase,FALSE,20,elitize_generation_data,168,1,0.808,NA
170,24,checksum,lexicase,FALSE,20,elitize_generation_data,169,1,0.783,NA
171,24,checksum,lexicase,FALSE,20,elitize_generation_data,170,1,0.754,NA
172,24,checksum,lexicase,FALSE,20,elitize_generation_data,171,1,0.742,NA
173,24,checksum,lexicase,FALSE,20,elitize_generation_data,172,1,0.765,NA
174,24,checksum,lexicase,FALSE,20,elitize_generation_data,173,1,0.774,NA
175,24,checksum,lexicase,FALSE,20,elitize_generation_data,174,1,0.731,NA
176,24,checksum,lexicase,FALSE,20,elitize_generation_data,175,1,0.766,NA
177,24,checksum,lexicase,FALSE,20,elitize_generation_data,176,1,0.736,NA
178,24,checksum,lexicase,FALSE,20,elitize_generation_data,177,1,0.741,NA
179,24,checksum,lexicase,FALSE,20,elitize_generation_data,178,1,0.765,NA
180,24,checksum,lexicase,FALSE,20,elitize_generation_data,179,1,0.75,NA
181,24,checksum,lexicase,FALSE,20,elitize_generation_data,180,1,0.754,NA
182,24,checksum,lexicase,FALSE,20,elitize_generation_data,181,1,0.732,NA
183,24,checksum,lexicase,FALSE,20,elitize_generation_data,182,1,0.753,NA
184,24,checksum,lexicase,FALSE,20,elitize_generation_data,183,1,0.774,NA
185,24,checksum,lexicase,FALSE,20,elitize_generation_data,184,1,0.746,NA
186,24,checksum,lexicase,FALSE,20,elitize_generation_data,185,1,0.763,NA
187,24,checksum,lexicase,FALSE,20,elitize_generation_data,186,1,0.765,NA
188,24,checksum,lexicase,FALSE,20,elitize_generation_data,187,1,0.773,NA
189,24,checksum,lexicase,FALSE,20,elitize_generation_data,188,1,0.762,NA
190,24,checksum,lexicase,FALSE,20,elitize_generation_data,189,1,0.725,NA
191,24,checksum,lexicase,FALSE,20,elitize_generation_data,190,1,0.762,NA
192,24,checksum,lexicase,FALSE,20,elitize_generation_data,191,1,0.748,NA
193,24,checksum,lexicase,FALSE,20,elitize_generation_data,192,1,0.769,NA
194,24,checksum,lexicase,FALSE,20,elitize_generation_data,193,1,0.752,NA
195,24,checksum,lexicase,FALSE,20,elitize_generation_data,194,1,0.737,NA
196,24,checksum,lexicase,FALSE,20,elitize_generation_data,195,1,0.765,NA
197,24,checksum,lexicase,FALSE,20,elitize_generation_data,196,1,0.755,NA
198,24,checksum,lexicase,FALSE,20,elitize_generation_data,197,1,0.782,NA
199,24,checksum,lexicase,FALSE,20,elitize_generation_data,198,1,0.733,NA
200,24,checksum,lexicase,FALSE,20,elitize_generation_data,199,1,0.748,NA
201,24,checksum,lexicase,FALSE,20,elitize_generation_data,200,1,0.785,NA
202,24,checksum,lexicase,FALSE,20,elitize_generation_data,201,1,0.782,NA
203,24,checksum,lexicase,FALSE,20,elitize_generation_data,202,1,0.771,NA
204,24,checksum,lexicase,FALSE,20,elitize_generation_data,203,1,0.775,NA
205,24,checksum,lexicase,FALSE,20,elitize_generation_data,204,1,0.77,NA
206,24,checksum,lexicase,FALSE,20,elitize_generation_data,205,1,0.756,NA
207,24,checksum,lexicase,FALSE,20,elitize_generation_data,206,1,0.77,NA
208,24,checksum,lexicase,FALSE,20,elitize_generation_data,207,1,0.787,NA
209,24,checksum,lexicase,FALSE,20,elitize_generation_data,208,1,0.749,NA
210,24,checksum,lexicase,FALSE,20,elitize_generation_data,209,1,0.759,NA
211,24,checksum,lexicase,FALSE,20,elitize_generation_data,210,2,0.772,NA
212,24,checksum,lexicase,FALSE,20,elitize_generation_data,211,1,0.761,NA
213,24,checksum,lexicase,FALSE,20,elitize_generation_data,212,1,0.759,NA
214,24,checksum,lexicase,FALSE,20,elitize_generation_data,213,1,0.757,NA
215,24,checksum,lexicase,FALSE,20,elitize_generation_data,214,1,0.764,NA
216,24,checksum,lexicase,FALSE,20,elitize_generation_data,215,1,0.766,NA
217,24,checksum,lexicase,FALSE,20,elitize_generation_data,216,1,0.764,NA
218,24,checksum,lexicase,FALSE,20,elitize_generation_data,217,2,0.767,NA
219,24,checksum,lexicase,FALSE,20,elitize_generation_data,218,1,0.783,NA
220,24,checksum,lexicase,FALSE,20,elitize_generation_data,219,2,0.781,NA
221,24,checksum,lexicase,FALSE,20,elitize_generation_data,220,2,0.79,NA
222,24,checksum,lexicase,FALSE,20,elitize_generation_data,221,2,0.756,NA
223,24,checksum,lexicase,FALSE,20,elitize_generation_data,222,1,0.776,NA
224,24,checksum,lexicase,FALSE,20,elitize_generation_data,223,1,0.772,NA
225,24,checksum,lexicase,FALSE,20,elitize_generation_data,224,2,0.763,NA
226,24,checksum,lexicase,FALSE,20,elitize_generation_data,225,1,0.744,NA
227,24,checksum,lexicase,FALSE,20,elitize_generation_data,226,2,0.778,NA
228,24,checksum,lexicase,FALSE,20,elitize_generation_data,227,3,0.749,NA
229,24,checksum,lexicase,FALSE,20,elitize_generation_data,228,1,0.754,NA
230,24,checksum,lexicase,FALSE,20,elitize_generation_data,229,1,0.763,NA
231,24,checksum,lexicase,FALSE,20,elitize_generation_data,230,1,0.772,NA
232,24,checksum,lexicase,FALSE,20,elitize_generation_data,231,2,0.784,NA
233,24,checksum,lexicase,FALSE,20,elitize_generation_data,232,1,0.773,NA
234,24,checksum,lexicase,FALSE,20,elitize_generation_data,233,1,0.812,NA
235,24,checksum,lexicase,FALSE,20,elitize_generation_data,234,1,0.774,NA
236,24,checksum,lexicase,FALSE,20,elitize_generation_data,235,1,0.783,NA
237,24,checksum,lexicase,FALSE,20,elitize_generation_data,236,1,0.769,NA
238,24,checksum,lexicase,FALSE,20,elitize_generation_data,237,1,0.795,NA
239,24,checksum,lexicase,FALSE,20,elitize_generation_data,238,1,0.784,NA
240,24,checksum,lexicase,FALSE,20,elitize_generation_data,239,1,0.791,NA
241,24,checksum,lexicase,FALSE,20,elitize_generation_data,240,2,0.787,NA
242,24,checksum,lexicase,FALSE,20,elitize_generation_data,241,3,0.768,NA
243,24,checksum,lexicase,FALSE,20,elitize_generation_data,242,1,0.769,NA
244,24,checksum,lexicase,FALSE,20,elitize_generation_data,243,1,0.779,NA
245,24,checksum,lexicase,FALSE,20,elitize_generation_data,244,1,0.796,NA
246,24,checksum,lexicase,FALSE,20,elitize_generation_data,245,1,0.76,NA
247,24,checksum,lexicase,FALSE,20,elitize_generation_data,246,2,0.774,NA
248,24,checksum,lexicase,FALSE,20,elitize_generation_data,247,1,0.776,NA
249,24,checksum,lexicase,FALSE,20,elitize_generation_data,248,1,0.78,NA
250,24,checksum,lexicase,FALSE,20,elitize_generation_data,249,1,0.819,NA
251,24,checksum,lexicase,FALSE,20,elitize_generation_data,250,1,0.805,NA
252,24,checksum,lexicase,FALSE,20,elitize_generation_data,251,1,0.784,NA
253,24,checksum,lexicase,FALSE,20,elitize_generation_data,252,1,0.765,NA
254,24,checksum,lexicase,FALSE,20,elitize_generation_data,253,1,0.764,NA
255,24,checksum,lexicase,FALSE,20,elitize_generation_data,254,1,0.772,NA
256,24,checksum,lexicase,FALSE,20,elitize_generation_data,255,1,0.764,NA
257,24,checksum,lexicase,FALSE,20,elitize_generation_data,256,1,0.805,NA
258,24,checksum,lexicase,FALSE,20,elitize_generation_data,257,1,0.78,NA
259,24,checksum,lexicase,FALSE,20,elitize_generation_data,258,1,0.785,NA
260,24,checksum,lexicase,FALSE,20,elitize_generation_data,259,2,0.778,NA
261,24,checksum,lexicase,FALSE,20,elitize_generation_data,260,2,0.766,NA
262,24,checksum,lexicase,FALSE,20,elitize_generation_data,261,2,0.798,NA
263,24,checksum,lexicase,FALSE,20,elitize_generation_data,262,1,0.787,NA
264,24,checksum,lexicase,FALSE,20,elitize_generation_data,263,3,0.785,NA
265,24,checksum,lexicase,FALSE,20,elitize_generation_data,264,3,0.755,NA
266,24,checksum,lexicase,FALSE,20,elitize_generation_data,265,2,0.756,NA
267,24,checksum,lexicase,FALSE,20,elitize_generation_data,266,2,0.783,NA
268,24,checksum,lexicase,FALSE,20,elitize_generation_data,267,1,0.785,NA
269,24,checksum,lexicase,FALSE,20,elitize_generation_data,268,3,0.782,NA
270,24,checksum,lexicase,FALSE,20,elitize_generation_data,269,2,0.794,NA
271,24,checksum,lexicase,FALSE,20,elitize_generation_data,270,2,0.79,NA
272,24,checksum,lexicase,FALSE,20,elitize_generation_data,271,3,0.771,NA
273,24,checksum,lexicase,FALSE,20,elitize_generation_data,272,2,0.773,NA
274,24,checksum,lexicase,FALSE,20,elitize_generation_data,273,4,0.783,NA
275,24,checksum,lexicase,FALSE,20,elitize_generation_data,274,2,0.792,NA
276,24,checksum,lexicase,FALSE,20,elitize_generation_data,275,1,0.766,NA
277,24,checksum,lexicase,FALSE,20,elitize_generation_data,276,1,0.77,NA
278,24,checksum,lexicase,FALSE,20,elitize_generation_data,277,2,0.778,NA
279,24,checksum,lexicase,FALSE,20,elitize_generation_data,278,2,0.808,NA
280,24,checksum,lexicase,FALSE,20,elitize_generation_data,279,3,0.777,NA
281,24,checksum,lexicase,FALSE,20,elitize_generation_data,280,3,0.776,NA
282,24,checksum,lexicase,FALSE,20,elitize_generation_data,281,2,0.791,NA
283,24,checksum,lexicase,FALSE,20,elitize_generation_data,282,4,0.773,NA
284,24,checksum,lexicase,FALSE,20,elitize_generation_data,283,4,0.783,NA
285,24,checksum,lexicase,FALSE,20,elitize_generation_data,284,1,0.78,NA
286,24,checksum,lexicase,FALSE,20,elitize_generation_data,285,2,0.778,NA
287,24,checksum,lexicase,FALSE,20,elitize_generation_data,286,3,0.793,NA
288,24,checksum,lexicase,FALSE,20,elitize_generation_data,287,3,0.759,NA
289,24,checksum,lexicase,FALSE,20,elitize_generation_data,288,2,0.771,NA
290,24,checksum,lexicase,FALSE,20,elitize_generation_data,289,2,0.764,NA
291,24,checksum,lexicase,FALSE,20,elitize_generation_data,290,5,0.763,NA
292,24,checksum,lexicase,FALSE,20,elitize_generation_data,291,5,0.782,NA
293,24,checksum,lexicase,FALSE,20,elitize_generation_data,292,5,0.75,NA
294,24,checksum,lexicase,FALSE,20,elitize_generation_data,293,4,0.784,NA
295,24,checksum,lexicase,FALSE,20,elitize_generation_data,294,5,0.772,NA
296,24,checksum,lexicase,FALSE,20,elitize_generation_data,295,5,0.777,NA
297,24,checksum,lexicase,FALSE,20,elitize_generation_data,296,5,0.777,NA
298,24,checksum,lexicase,FALSE,20,elitize_generation_data,297,2,0.776,NA
299,24,checksum,lexicase,FALSE,20,elitize_generation_data,298,3,0.806,NA
300,24,checksum,lexicase,FALSE,20,elitize_generation_data,299,2,0.767,NA
301,24,checksum,lexicase,FALSE,20,elitize_generation_data,300,1,0.787,NA
