,run.num,problem,treatment,succeeded,height,normalization.function,generation,cluster.count,error.diversity,success.generation
1,57,checksum,lexicase,FALSE,20,elitize_generation_data,0,2,0.317,NA
2,57,checksum,lexicase,FALSE,20,elitize_generation_data,1,3,0.158,NA
3,57,checksum,lexicase,FALSE,20,elitize_generation_data,2,4,0.231,NA
4,57,checksum,lexicase,FALSE,20,elitize_generation_data,3,4,0.286,NA
5,57,checksum,lexicase,FALSE,20,elitize_generation_data,4,3,0.293,NA
6,57,checksum,lexicase,FALSE,20,elitize_generation_data,5,3,0.316,NA
7,57,checksum,lexicase,FALSE,20,elitize_generation_data,6,2,0.316,NA
8,57,checksum,lexicase,FALSE,20,elitize_generation_data,7,2,0.347,NA
9,57,checksum,lexicase,FALSE,20,elitize_generation_data,8,1,0.285,NA
10,57,checksum,lexicase,FALSE,20,elitize_generation_data,9,1,0.251,NA
11,57,checksum,lexicase,FALSE,20,elitize_generation_data,10,1,0.243,NA
12,57,checksum,lexicase,FALSE,20,elitize_generation_data,11,1,0.231,NA
13,57,checksum,lexicase,FALSE,20,elitize_generation_data,12,1,0.245,NA
14,57,checksum,lexicase,FALSE,20,elitize_generation_data,13,1,0.226,NA
15,57,checksum,lexicase,FALSE,20,elitize_generation_data,14,1,0.248,NA
16,57,checksum,lexicase,FALSE,20,elitize_generation_data,15,1,0.249,NA
17,57,checksum,lexicase,FALSE,20,elitize_generation_data,16,1,0.255,NA
18,57,checksum,lexicase,FALSE,20,elitize_generation_data,17,1,0.29,NA
19,57,checksum,lexicase,FALSE,20,elitize_generation_data,18,1,0.338,NA
20,57,checksum,lexicase,FALSE,20,elitize_generation_data,19,1,0.363,NA
21,57,checksum,lexicase,FALSE,20,elitize_generation_data,20,1,0.317,NA
22,57,checksum,lexicase,FALSE,20,elitize_generation_data,21,1,0.323,NA
23,57,checksum,lexicase,FALSE,20,elitize_generation_data,22,1,0.4,NA
24,57,checksum,lexicase,FALSE,20,elitize_generation_data,23,1,0.458,NA
25,57,checksum,lexicase,FALSE,20,elitize_generation_data,24,1,0.514,NA
26,57,checksum,lexicase,FALSE,20,elitize_generation_data,25,1,0.587,NA
27,57,checksum,lexicase,FALSE,20,elitize_generation_data,26,1,0.653,NA
28,57,checksum,lexicase,FALSE,20,elitize_generation_data,27,1,0.684,NA
29,57,checksum,lexicase,FALSE,20,elitize_generation_data,28,1,0.711,NA
30,57,checksum,lexicase,FALSE,20,elitize_generation_data,29,1,0.728,NA
31,57,checksum,lexicase,FALSE,20,elitize_generation_data,30,1,0.73,NA
32,57,checksum,lexicase,FALSE,20,elitize_generation_data,31,1,0.745,NA
33,57,checksum,lexicase,FALSE,20,elitize_generation_data,32,1,0.775,NA
34,57,checksum,lexicase,FALSE,20,elitize_generation_data,33,1,0.783,NA
35,57,checksum,lexicase,FALSE,20,elitize_generation_data,34,1,0.781,NA
36,57,checksum,lexicase,FALSE,20,elitize_generation_data,35,1,0.768,NA
37,57,checksum,lexicase,FALSE,20,elitize_generation_data,36,1,0.765,NA
38,57,checksum,lexicase,FALSE,20,elitize_generation_data,37,1,0.776,NA
39,57,checksum,lexicase,FALSE,20,elitize_generation_data,38,1,0.753,NA
40,57,checksum,lexicase,FALSE,20,elitize_generation_data,39,1,0.782,NA
41,57,checksum,lexicase,FALSE,20,elitize_generation_data,40,1,0.803,NA
42,57,checksum,lexicase,FALSE,20,elitize_generation_data,41,1,0.809,NA
43,57,checksum,lexicase,FALSE,20,elitize_generation_data,42,1,0.826,NA
44,57,checksum,lexicase,FALSE,20,elitize_generation_data,43,1,0.831,NA
45,57,checksum,lexicase,FALSE,20,elitize_generation_data,44,1,0.844,NA
46,57,checksum,lexicase,FALSE,20,elitize_generation_data,45,1,0.841,NA
47,57,checksum,lexicase,FALSE,20,elitize_generation_data,46,1,0.833,NA
48,57,checksum,lexicase,FALSE,20,elitize_generation_data,47,1,0.819,NA
49,57,checksum,lexicase,FALSE,20,elitize_generation_data,48,1,0.793,NA
50,57,checksum,lexicase,FALSE,20,elitize_generation_data,49,1,0.845,NA
51,57,checksum,lexicase,FALSE,20,elitize_generation_data,50,1,0.848,NA
52,57,checksum,lexicase,FALSE,20,elitize_generation_data,51,1,0.82,NA
53,57,checksum,lexicase,FALSE,20,elitize_generation_data,52,1,0.821,NA
54,57,checksum,lexicase,FALSE,20,elitize_generation_data,53,1,0.823,NA
55,57,checksum,lexicase,FALSE,20,elitize_generation_data,54,1,0.847,NA
56,57,checksum,lexicase,FALSE,20,elitize_generation_data,55,1,0.831,NA
57,57,checksum,lexicase,FALSE,20,elitize_generation_data,56,1,0.877,NA
58,57,checksum,lexicase,FALSE,20,elitize_generation_data,57,1,0.847,NA
59,57,checksum,lexicase,FALSE,20,elitize_generation_data,58,1,0.847,NA
60,57,checksum,lexicase,FALSE,20,elitize_generation_data,59,1,0.847,NA
61,57,checksum,lexicase,FALSE,20,elitize_generation_data,60,1,0.837,NA
62,57,checksum,lexicase,FALSE,20,elitize_generation_data,61,1,0.845,NA
63,57,checksum,lexicase,FALSE,20,elitize_generation_data,62,1,0.858,NA
64,57,checksum,lexicase,FALSE,20,elitize_generation_data,63,1,0.858,NA
65,57,checksum,lexicase,FALSE,20,elitize_generation_data,64,1,0.852,NA
66,57,checksum,lexicase,FALSE,20,elitize_generation_data,65,1,0.874,NA
67,57,checksum,lexicase,FALSE,20,elitize_generation_data,66,1,0.869,NA
68,57,checksum,lexicase,FALSE,20,elitize_generation_data,67,1,0.876,NA
69,57,checksum,lexicase,FALSE,20,elitize_generation_data,68,1,0.852,NA
70,57,checksum,lexicase,FALSE,20,elitize_generation_data,69,1,0.856,NA
71,57,checksum,lexicase,FALSE,20,elitize_generation_data,70,1,0.83,NA
72,57,checksum,lexicase,FALSE,20,elitize_generation_data,71,1,0.859,NA
73,57,checksum,lexicase,FALSE,20,elitize_generation_data,72,1,0.854,NA
74,57,checksum,lexicase,FALSE,20,elitize_generation_data,73,1,0.85,NA
75,57,checksum,lexicase,FALSE,20,elitize_generation_data,74,1,0.845,NA
76,57,checksum,lexicase,FALSE,20,elitize_generation_data,75,1,0.862,NA
77,57,checksum,lexicase,FALSE,20,elitize_generation_data,76,1,0.881,NA
78,57,checksum,lexicase,FALSE,20,elitize_generation_data,77,1,0.858,NA
79,57,checksum,lexicase,FALSE,20,elitize_generation_data,78,2,0.853,NA
80,57,checksum,lexicase,FALSE,20,elitize_generation_data,79,2,0.848,NA
81,57,checksum,lexicase,FALSE,20,elitize_generation_data,80,2,0.851,NA
82,57,checksum,lexicase,FALSE,20,elitize_generation_data,81,2,0.851,NA
83,57,checksum,lexicase,FALSE,20,elitize_generation_data,82,2,0.853,NA
84,57,checksum,lexicase,FALSE,20,elitize_generation_data,83,1,0.855,NA
85,57,checksum,lexicase,FALSE,20,elitize_generation_data,84,1,0.868,NA
86,57,checksum,lexicase,FALSE,20,elitize_generation_data,85,2,0.843,NA
87,57,checksum,lexicase,FALSE,20,elitize_generation_data,86,2,0.842,NA
88,57,checksum,lexicase,FALSE,20,elitize_generation_data,87,1,0.841,NA
89,57,checksum,lexicase,FALSE,20,elitize_generation_data,88,2,0.845,NA
90,57,checksum,lexicase,FALSE,20,elitize_generation_data,89,1,0.856,NA
91,57,checksum,lexicase,FALSE,20,elitize_generation_data,90,2,0.854,NA
92,57,checksum,lexicase,FALSE,20,elitize_generation_data,91,2,0.846,NA
93,57,checksum,lexicase,FALSE,20,elitize_generation_data,92,2,0.835,NA
94,57,checksum,lexicase,FALSE,20,elitize_generation_data,93,2,0.852,NA
95,57,checksum,lexicase,FALSE,20,elitize_generation_data,94,2,0.854,NA
96,57,checksum,lexicase,FALSE,20,elitize_generation_data,95,2,0.849,NA
97,57,checksum,lexicase,FALSE,20,elitize_generation_data,96,2,0.828,NA
98,57,checksum,lexicase,FALSE,20,elitize_generation_data,97,2,0.847,NA
99,57,checksum,lexicase,FALSE,20,elitize_generation_data,98,2,0.851,NA
100,57,checksum,lexicase,FALSE,20,elitize_generation_data,99,2,0.84,NA
101,57,checksum,lexicase,FALSE,20,elitize_generation_data,100,2,0.846,NA
102,57,checksum,lexicase,FALSE,20,elitize_generation_data,101,2,0.841,NA
103,57,checksum,lexicase,FALSE,20,elitize_generation_data,102,2,0.858,NA
104,57,checksum,lexicase,FALSE,20,elitize_generation_data,103,2,0.84,NA
105,57,checksum,lexicase,FALSE,20,elitize_generation_data,104,2,0.848,NA
106,57,checksum,lexicase,FALSE,20,elitize_generation_data,105,2,0.856,NA
107,57,checksum,lexicase,FALSE,20,elitize_generation_data,106,2,0.847,NA
108,57,checksum,lexicase,FALSE,20,elitize_generation_data,107,2,0.843,NA
109,57,checksum,lexicase,FALSE,20,elitize_generation_data,108,2,0.842,NA
110,57,checksum,lexicase,FALSE,20,elitize_generation_data,109,2,0.823,NA
111,57,checksum,lexicase,FALSE,20,elitize_generation_data,110,2,0.855,NA
112,57,checksum,lexicase,FALSE,20,elitize_generation_data,111,2,0.839,NA
113,57,checksum,lexicase,FALSE,20,elitize_generation_data,112,1,0.84,NA
114,57,checksum,lexicase,FALSE,20,elitize_generation_data,113,2,0.838,NA
115,57,checksum,lexicase,FALSE,20,elitize_generation_data,114,1,0.858,NA
116,57,checksum,lexicase,FALSE,20,elitize_generation_data,115,1,0.843,NA
117,57,checksum,lexicase,FALSE,20,elitize_generation_data,116,2,0.83,NA
118,57,checksum,lexicase,FALSE,20,elitize_generation_data,117,2,0.83,NA
119,57,checksum,lexicase,FALSE,20,elitize_generation_data,118,2,0.844,NA
120,57,checksum,lexicase,FALSE,20,elitize_generation_data,119,1,0.856,NA
121,57,checksum,lexicase,FALSE,20,elitize_generation_data,120,1,0.861,NA
122,57,checksum,lexicase,FALSE,20,elitize_generation_data,121,1,0.85,NA
123,57,checksum,lexicase,FALSE,20,elitize_generation_data,122,1,0.848,NA
124,57,checksum,lexicase,FALSE,20,elitize_generation_data,123,2,0.842,NA
125,57,checksum,lexicase,FALSE,20,elitize_generation_data,124,3,0.849,NA
126,57,checksum,lexicase,FALSE,20,elitize_generation_data,125,2,0.873,NA
127,57,checksum,lexicase,FALSE,20,elitize_generation_data,126,3,0.871,NA
128,57,checksum,lexicase,FALSE,20,elitize_generation_data,127,2,0.847,NA
129,57,checksum,lexicase,FALSE,20,elitize_generation_data,128,1,0.852,NA
130,57,checksum,lexicase,FALSE,20,elitize_generation_data,129,2,0.819,NA
131,57,checksum,lexicase,FALSE,20,elitize_generation_data,130,3,0.842,NA
132,57,checksum,lexicase,FALSE,20,elitize_generation_data,131,1,0.838,NA
133,57,checksum,lexicase,FALSE,20,elitize_generation_data,132,2,0.841,NA
134,57,checksum,lexicase,FALSE,20,elitize_generation_data,133,1,0.824,NA
135,57,checksum,lexicase,FALSE,20,elitize_generation_data,134,2,0.792,NA
136,57,checksum,lexicase,FALSE,20,elitize_generation_data,135,2,0.81,NA
137,57,checksum,lexicase,FALSE,20,elitize_generation_data,136,2,0.819,NA
138,57,checksum,lexicase,FALSE,20,elitize_generation_data,137,2,0.847,NA
139,57,checksum,lexicase,FALSE,20,elitize_generation_data,138,2,0.84,NA
140,57,checksum,lexicase,FALSE,20,elitize_generation_data,139,2,0.827,NA
141,57,checksum,lexicase,FALSE,20,elitize_generation_data,140,1,0.836,NA
142,57,checksum,lexicase,FALSE,20,elitize_generation_data,141,1,0.824,NA
143,57,checksum,lexicase,FALSE,20,elitize_generation_data,142,3,0.808,NA
144,57,checksum,lexicase,FALSE,20,elitize_generation_data,143,2,0.799,NA
145,57,checksum,lexicase,FALSE,20,elitize_generation_data,144,2,0.832,NA
146,57,checksum,lexicase,FALSE,20,elitize_generation_data,145,1,0.832,NA
147,57,checksum,lexicase,FALSE,20,elitize_generation_data,146,2,0.809,NA
148,57,checksum,lexicase,FALSE,20,elitize_generation_data,147,2,0.806,NA
149,57,checksum,lexicase,FALSE,20,elitize_generation_data,148,2,0.823,NA
150,57,checksum,lexicase,FALSE,20,elitize_generation_data,149,2,0.834,NA
151,57,checksum,lexicase,FALSE,20,elitize_generation_data,150,3,0.84,NA
152,57,checksum,lexicase,FALSE,20,elitize_generation_data,151,4,0.818,NA
153,57,checksum,lexicase,FALSE,20,elitize_generation_data,152,2,0.813,NA
154,57,checksum,lexicase,FALSE,20,elitize_generation_data,153,1,0.834,NA
155,57,checksum,lexicase,FALSE,20,elitize_generation_data,154,1,0.839,NA
156,57,checksum,lexicase,FALSE,20,elitize_generation_data,155,2,0.813,NA
157,57,checksum,lexicase,FALSE,20,elitize_generation_data,156,2,0.816,NA
158,57,checksum,lexicase,FALSE,20,elitize_generation_data,157,3,0.807,NA
159,57,checksum,lexicase,FALSE,20,elitize_generation_data,158,3,0.827,NA
160,57,checksum,lexicase,FALSE,20,elitize_generation_data,159,2,0.828,NA
161,57,checksum,lexicase,FALSE,20,elitize_generation_data,160,1,0.848,NA
162,57,checksum,lexicase,FALSE,20,elitize_generation_data,161,1,0.824,NA
163,57,checksum,lexicase,FALSE,20,elitize_generation_data,162,4,0.836,NA
164,57,checksum,lexicase,FALSE,20,elitize_generation_data,163,3,0.831,NA
165,57,checksum,lexicase,FALSE,20,elitize_generation_data,164,2,0.828,NA
166,57,checksum,lexicase,FALSE,20,elitize_generation_data,165,3,0.84,NA
167,57,checksum,lexicase,FALSE,20,elitize_generation_data,166,3,0.845,NA
168,57,checksum,lexicase,FALSE,20,elitize_generation_data,167,3,0.821,NA
169,57,checksum,lexicase,FALSE,20,elitize_generation_data,168,2,0.818,NA
170,57,checksum,lexicase,FALSE,20,elitize_generation_data,169,2,0.832,NA
171,57,checksum,lexicase,FALSE,20,elitize_generation_data,170,1,0.832,NA
172,57,checksum,lexicase,FALSE,20,elitize_generation_data,171,1,0.854,NA
173,57,checksum,lexicase,FALSE,20,elitize_generation_data,172,1,0.834,NA
174,57,checksum,lexicase,FALSE,20,elitize_generation_data,173,2,0.824,NA
175,57,checksum,lexicase,FALSE,20,elitize_generation_data,174,2,0.819,NA
176,57,checksum,lexicase,FALSE,20,elitize_generation_data,175,1,0.839,NA
177,57,checksum,lexicase,FALSE,20,elitize_generation_data,176,2,0.81,NA
178,57,checksum,lexicase,FALSE,20,elitize_generation_data,177,3,0.806,NA
179,57,checksum,lexicase,FALSE,20,elitize_generation_data,178,3,0.821,NA
180,57,checksum,lexicase,FALSE,20,elitize_generation_data,179,1,0.791,NA
181,57,checksum,lexicase,FALSE,20,elitize_generation_data,180,3,0.819,NA
182,57,checksum,lexicase,FALSE,20,elitize_generation_data,181,4,0.807,NA
183,57,checksum,lexicase,FALSE,20,elitize_generation_data,182,2,0.812,NA
184,57,checksum,lexicase,FALSE,20,elitize_generation_data,183,2,0.827,NA
185,57,checksum,lexicase,FALSE,20,elitize_generation_data,184,2,0.807,NA
186,57,checksum,lexicase,FALSE,20,elitize_generation_data,185,2,0.814,NA
187,57,checksum,lexicase,FALSE,20,elitize_generation_data,186,3,0.804,NA
188,57,checksum,lexicase,FALSE,20,elitize_generation_data,187,2,0.795,NA
189,57,checksum,lexicase,FALSE,20,elitize_generation_data,188,1,0.814,NA
190,57,checksum,lexicase,FALSE,20,elitize_generation_data,189,2,0.829,NA
191,57,checksum,lexicase,FALSE,20,elitize_generation_data,190,3,0.836,NA
192,57,checksum,lexicase,FALSE,20,elitize_generation_data,191,4,0.805,NA
193,57,checksum,lexicase,FALSE,20,elitize_generation_data,192,3,0.816,NA
194,57,checksum,lexicase,FALSE,20,elitize_generation_data,193,2,0.813,NA
195,57,checksum,lexicase,FALSE,20,elitize_generation_data,194,2,0.802,NA
196,57,checksum,lexicase,FALSE,20,elitize_generation_data,195,3,0.824,NA
197,57,checksum,lexicase,FALSE,20,elitize_generation_data,196,2,0.813,NA
198,57,checksum,lexicase,FALSE,20,elitize_generation_data,197,3,0.807,NA
199,57,checksum,lexicase,FALSE,20,elitize_generation_data,198,3,0.803,NA
200,57,checksum,lexicase,FALSE,20,elitize_generation_data,199,3,0.822,NA
201,57,checksum,lexicase,FALSE,20,elitize_generation_data,200,3,0.819,NA
202,57,checksum,lexicase,FALSE,20,elitize_generation_data,201,3,0.791,NA
203,57,checksum,lexicase,FALSE,20,elitize_generation_data,202,1,0.812,NA
204,57,checksum,lexicase,FALSE,20,elitize_generation_data,203,2,0.796,NA
205,57,checksum,lexicase,FALSE,20,elitize_generation_data,204,2,0.804,NA
206,57,checksum,lexicase,FALSE,20,elitize_generation_data,205,1,0.8,NA
207,57,checksum,lexicase,FALSE,20,elitize_generation_data,206,1,0.791,NA
208,57,checksum,lexicase,FALSE,20,elitize_generation_data,207,1,0.793,NA
209,57,checksum,lexicase,FALSE,20,elitize_generation_data,208,3,0.805,NA
210,57,checksum,lexicase,FALSE,20,elitize_generation_data,209,2,0.8,NA
211,57,checksum,lexicase,FALSE,20,elitize_generation_data,210,2,0.786,NA
212,57,checksum,lexicase,FALSE,20,elitize_generation_data,211,3,0.784,NA
213,57,checksum,lexicase,FALSE,20,elitize_generation_data,212,2,0.796,NA
214,57,checksum,lexicase,FALSE,20,elitize_generation_data,213,1,0.807,NA
215,57,checksum,lexicase,FALSE,20,elitize_generation_data,214,1,0.82,NA
216,57,checksum,lexicase,FALSE,20,elitize_generation_data,215,1,0.8,NA
217,57,checksum,lexicase,FALSE,20,elitize_generation_data,216,1,0.814,NA
218,57,checksum,lexicase,FALSE,20,elitize_generation_data,217,2,0.819,NA
219,57,checksum,lexicase,FALSE,20,elitize_generation_data,218,1,0.791,NA
220,57,checksum,lexicase,FALSE,20,elitize_generation_data,219,2,0.793,NA
221,57,checksum,lexicase,FALSE,20,elitize_generation_data,220,1,0.807,NA
222,57,checksum,lexicase,FALSE,20,elitize_generation_data,221,1,0.817,NA
223,57,checksum,lexicase,FALSE,20,elitize_generation_data,222,1,0.825,NA
224,57,checksum,lexicase,FALSE,20,elitize_generation_data,223,1,0.811,NA
225,57,checksum,lexicase,FALSE,20,elitize_generation_data,224,1,0.784,NA
226,57,checksum,lexicase,FALSE,20,elitize_generation_data,225,1,0.809,NA
227,57,checksum,lexicase,FALSE,20,elitize_generation_data,226,1,0.806,NA
228,57,checksum,lexicase,FALSE,20,elitize_generation_data,227,2,0.768,NA
229,57,checksum,lexicase,FALSE,20,elitize_generation_data,228,2,0.809,NA
230,57,checksum,lexicase,FALSE,20,elitize_generation_data,229,2,0.814,NA
231,57,checksum,lexicase,FALSE,20,elitize_generation_data,230,2,0.823,NA
232,57,checksum,lexicase,FALSE,20,elitize_generation_data,231,1,0.795,NA
233,57,checksum,lexicase,FALSE,20,elitize_generation_data,232,1,0.796,NA
234,57,checksum,lexicase,FALSE,20,elitize_generation_data,233,2,0.795,NA
235,57,checksum,lexicase,FALSE,20,elitize_generation_data,234,3,0.797,NA
236,57,checksum,lexicase,FALSE,20,elitize_generation_data,235,1,0.805,NA
237,57,checksum,lexicase,FALSE,20,elitize_generation_data,236,3,0.793,NA
238,57,checksum,lexicase,FALSE,20,elitize_generation_data,237,3,0.807,NA
239,57,checksum,lexicase,FALSE,20,elitize_generation_data,238,3,0.819,NA
240,57,checksum,lexicase,FALSE,20,elitize_generation_data,239,2,0.821,NA
241,57,checksum,lexicase,FALSE,20,elitize_generation_data,240,2,0.821,NA
242,57,checksum,lexicase,FALSE,20,elitize_generation_data,241,1,0.819,NA
243,57,checksum,lexicase,FALSE,20,elitize_generation_data,242,2,0.82,NA
244,57,checksum,lexicase,FALSE,20,elitize_generation_data,243,2,0.834,NA
245,57,checksum,lexicase,FALSE,20,elitize_generation_data,244,2,0.831,NA
246,57,checksum,lexicase,FALSE,20,elitize_generation_data,245,1,0.801,NA
247,57,checksum,lexicase,FALSE,20,elitize_generation_data,246,1,0.807,NA
248,57,checksum,lexicase,FALSE,20,elitize_generation_data,247,1,0.809,NA
249,57,checksum,lexicase,FALSE,20,elitize_generation_data,248,1,0.832,NA
250,57,checksum,lexicase,FALSE,20,elitize_generation_data,249,2,0.827,NA
251,57,checksum,lexicase,FALSE,20,elitize_generation_data,250,1,0.845,NA
252,57,checksum,lexicase,FALSE,20,elitize_generation_data,251,1,0.821,NA
253,57,checksum,lexicase,FALSE,20,elitize_generation_data,252,1,0.793,NA
254,57,checksum,lexicase,FALSE,20,elitize_generation_data,253,1,0.815,NA
255,57,checksum,lexicase,FALSE,20,elitize_generation_data,254,2,0.814,NA
256,57,checksum,lexicase,FALSE,20,elitize_generation_data,255,1,0.777,NA
257,57,checksum,lexicase,FALSE,20,elitize_generation_data,256,2,0.812,NA
258,57,checksum,lexicase,FALSE,20,elitize_generation_data,257,2,0.802,NA
259,57,checksum,lexicase,FALSE,20,elitize_generation_data,258,2,0.8,NA
260,57,checksum,lexicase,FALSE,20,elitize_generation_data,259,2,0.807,NA
261,57,checksum,lexicase,FALSE,20,elitize_generation_data,260,2,0.788,NA
262,57,checksum,lexicase,FALSE,20,elitize_generation_data,261,1,0.808,NA
263,57,checksum,lexicase,FALSE,20,elitize_generation_data,262,2,0.816,NA
264,57,checksum,lexicase,FALSE,20,elitize_generation_data,263,1,0.796,NA
265,57,checksum,lexicase,FALSE,20,elitize_generation_data,264,2,0.804,NA
266,57,checksum,lexicase,FALSE,20,elitize_generation_data,265,2,0.791,NA
267,57,checksum,lexicase,FALSE,20,elitize_generation_data,266,2,0.797,NA
268,57,checksum,lexicase,FALSE,20,elitize_generation_data,267,1,0.791,NA
269,57,checksum,lexicase,FALSE,20,elitize_generation_data,268,2,0.809,NA
270,57,checksum,lexicase,FALSE,20,elitize_generation_data,269,4,0.805,NA
271,57,checksum,lexicase,FALSE,20,elitize_generation_data,270,2,0.804,NA
272,57,checksum,lexicase,FALSE,20,elitize_generation_data,271,3,0.803,NA
273,57,checksum,lexicase,FALSE,20,elitize_generation_data,272,1,0.795,NA
274,57,checksum,lexicase,FALSE,20,elitize_generation_data,273,1,0.773,NA
275,57,checksum,lexicase,FALSE,20,elitize_generation_data,274,1,0.815,NA
276,57,checksum,lexicase,FALSE,20,elitize_generation_data,275,1,0.824,NA
277,57,checksum,lexicase,FALSE,20,elitize_generation_data,276,1,0.819,NA
278,57,checksum,lexicase,FALSE,20,elitize_generation_data,277,1,0.781,NA
279,57,checksum,lexicase,FALSE,20,elitize_generation_data,278,1,0.805,NA
280,57,checksum,lexicase,FALSE,20,elitize_generation_data,279,1,0.817,NA
281,57,checksum,lexicase,FALSE,20,elitize_generation_data,280,1,0.826,NA
282,57,checksum,lexicase,FALSE,20,elitize_generation_data,281,1,0.808,NA
283,57,checksum,lexicase,FALSE,20,elitize_generation_data,282,1,0.819,NA
284,57,checksum,lexicase,FALSE,20,elitize_generation_data,283,1,0.833,NA
285,57,checksum,lexicase,FALSE,20,elitize_generation_data,284,1,0.816,NA
286,57,checksum,lexicase,FALSE,20,elitize_generation_data,285,1,0.81,NA
287,57,checksum,lexicase,FALSE,20,elitize_generation_data,286,1,0.805,NA
288,57,checksum,lexicase,FALSE,20,elitize_generation_data,287,1,0.792,NA
289,57,checksum,lexicase,FALSE,20,elitize_generation_data,288,1,0.781,NA
290,57,checksum,lexicase,FALSE,20,elitize_generation_data,289,1,0.796,NA
291,57,checksum,lexicase,FALSE,20,elitize_generation_data,290,1,0.795,NA
292,57,checksum,lexicase,FALSE,20,elitize_generation_data,291,1,0.813,NA
293,57,checksum,lexicase,FALSE,20,elitize_generation_data,292,1,0.811,NA
294,57,checksum,lexicase,FALSE,20,elitize_generation_data,293,1,0.791,NA
295,57,checksum,lexicase,FALSE,20,elitize_generation_data,294,2,0.819,NA
296,57,checksum,lexicase,FALSE,20,elitize_generation_data,295,1,0.802,NA
297,57,checksum,lexicase,FALSE,20,elitize_generation_data,296,2,0.827,NA
298,57,checksum,lexicase,FALSE,20,elitize_generation_data,297,3,0.798,NA
299,57,checksum,lexicase,FALSE,20,elitize_generation_data,298,2,0.797,NA
300,57,checksum,lexicase,FALSE,20,elitize_generation_data,299,2,0.794,NA
301,57,checksum,lexicase,FALSE,20,elitize_generation_data,300,4,0.799,NA
