,run.num,problem,treatment,succeeded,height,normalization.function,generation,cluster.count,error.diversity,success.generation
1,75,checksum,lexicase,FALSE,20,elitize_generation_data,0,2,0.326,NA
2,75,checksum,lexicase,FALSE,20,elitize_generation_data,1,2,0.245,NA
3,75,checksum,lexicase,FALSE,20,elitize_generation_data,2,2,0.292,NA
4,75,checksum,lexicase,FALSE,20,elitize_generation_data,3,5,0.375,NA
5,75,checksum,lexicase,FALSE,20,elitize_generation_data,4,8,0.439,NA
6,75,checksum,lexicase,FALSE,20,elitize_generation_data,5,8,0.515,NA
7,75,checksum,lexicase,FALSE,20,elitize_generation_data,6,10,0.504,NA
8,75,checksum,lexicase,FALSE,20,elitize_generation_data,7,12,0.516,NA
9,75,checksum,lexicase,FALSE,20,elitize_generation_data,8,11,0.503,NA
10,75,checksum,lexicase,FALSE,20,elitize_generation_data,9,11,0.526,NA
11,75,checksum,lexicase,FALSE,20,elitize_generation_data,10,11,0.578,NA
12,75,checksum,lexicase,FALSE,20,elitize_generation_data,11,13,0.565,NA
13,75,checksum,lexicase,FALSE,20,elitize_generation_data,12,14,0.589,NA
14,75,checksum,lexicase,FALSE,20,elitize_generation_data,13,16,0.607,NA
15,75,checksum,lexicase,FALSE,20,elitize_generation_data,14,15,0.648,NA
16,75,checksum,lexicase,FALSE,20,elitize_generation_data,15,8,0.614,NA
17,75,checksum,lexicase,FALSE,20,elitize_generation_data,16,5,0.65,NA
18,75,checksum,lexicase,FALSE,20,elitize_generation_data,17,1,0.651,NA
19,75,checksum,lexicase,FALSE,20,elitize_generation_data,18,1,0.661,NA
20,75,checksum,lexicase,FALSE,20,elitize_generation_data,19,1,0.663,NA
21,75,checksum,lexicase,FALSE,20,elitize_generation_data,20,1,0.674,NA
22,75,checksum,lexicase,FALSE,20,elitize_generation_data,21,1,0.667,NA
23,75,checksum,lexicase,FALSE,20,elitize_generation_data,22,1,0.649,NA
24,75,checksum,lexicase,FALSE,20,elitize_generation_data,23,1,0.663,NA
25,75,checksum,lexicase,FALSE,20,elitize_generation_data,24,1,0.675,NA
26,75,checksum,lexicase,FALSE,20,elitize_generation_data,25,1,0.649,NA
27,75,checksum,lexicase,FALSE,20,elitize_generation_data,26,1,0.683,NA
28,75,checksum,lexicase,FALSE,20,elitize_generation_data,27,1,0.657,NA
29,75,checksum,lexicase,FALSE,20,elitize_generation_data,28,1,0.658,NA
30,75,checksum,lexicase,FALSE,20,elitize_generation_data,29,1,0.653,NA
31,75,checksum,lexicase,FALSE,20,elitize_generation_data,30,1,0.67,NA
32,75,checksum,lexicase,FALSE,20,elitize_generation_data,31,1,0.672,NA
33,75,checksum,lexicase,FALSE,20,elitize_generation_data,32,1,0.653,NA
34,75,checksum,lexicase,FALSE,20,elitize_generation_data,33,1,0.657,NA
35,75,checksum,lexicase,FALSE,20,elitize_generation_data,34,1,0.701,NA
36,75,checksum,lexicase,FALSE,20,elitize_generation_data,35,1,0.662,NA
37,75,checksum,lexicase,FALSE,20,elitize_generation_data,36,1,0.685,NA
38,75,checksum,lexicase,FALSE,20,elitize_generation_data,37,1,0.706,NA
39,75,checksum,lexicase,FALSE,20,elitize_generation_data,38,1,0.706,NA
40,75,checksum,lexicase,FALSE,20,elitize_generation_data,39,1,0.696,NA
41,75,checksum,lexicase,FALSE,20,elitize_generation_data,40,1,0.684,NA
42,75,checksum,lexicase,FALSE,20,elitize_generation_data,41,1,0.691,NA
43,75,checksum,lexicase,FALSE,20,elitize_generation_data,42,1,0.683,NA
44,75,checksum,lexicase,FALSE,20,elitize_generation_data,43,1,0.703,NA
45,75,checksum,lexicase,FALSE,20,elitize_generation_data,44,1,0.704,NA
46,75,checksum,lexicase,FALSE,20,elitize_generation_data,45,1,0.685,NA
47,75,checksum,lexicase,FALSE,20,elitize_generation_data,46,1,0.701,NA
48,75,checksum,lexicase,FALSE,20,elitize_generation_data,47,1,0.698,NA
49,75,checksum,lexicase,FALSE,20,elitize_generation_data,48,1,0.716,NA
50,75,checksum,lexicase,FALSE,20,elitize_generation_data,49,1,0.716,NA
51,75,checksum,lexicase,FALSE,20,elitize_generation_data,50,1,0.707,NA
52,75,checksum,lexicase,FALSE,20,elitize_generation_data,51,1,0.718,NA
53,75,checksum,lexicase,FALSE,20,elitize_generation_data,52,1,0.701,NA
54,75,checksum,lexicase,FALSE,20,elitize_generation_data,53,1,0.701,NA
55,75,checksum,lexicase,FALSE,20,elitize_generation_data,54,1,0.716,NA
56,75,checksum,lexicase,FALSE,20,elitize_generation_data,55,1,0.742,NA
57,75,checksum,lexicase,FALSE,20,elitize_generation_data,56,1,0.744,NA
58,75,checksum,lexicase,FALSE,20,elitize_generation_data,57,1,0.768,NA
59,75,checksum,lexicase,FALSE,20,elitize_generation_data,58,1,0.745,NA
60,75,checksum,lexicase,FALSE,20,elitize_generation_data,59,1,0.726,NA
61,75,checksum,lexicase,FALSE,20,elitize_generation_data,60,1,0.747,NA
62,75,checksum,lexicase,FALSE,20,elitize_generation_data,61,1,0.719,NA
63,75,checksum,lexicase,FALSE,20,elitize_generation_data,62,1,0.703,NA
64,75,checksum,lexicase,FALSE,20,elitize_generation_data,63,1,0.705,NA
65,75,checksum,lexicase,FALSE,20,elitize_generation_data,64,1,0.692,NA
66,75,checksum,lexicase,FALSE,20,elitize_generation_data,65,1,0.686,NA
67,75,checksum,lexicase,FALSE,20,elitize_generation_data,66,1,0.684,NA
68,75,checksum,lexicase,FALSE,20,elitize_generation_data,67,1,0.708,NA
69,75,checksum,lexicase,FALSE,20,elitize_generation_data,68,1,0.709,NA
70,75,checksum,lexicase,FALSE,20,elitize_generation_data,69,1,0.744,NA
71,75,checksum,lexicase,FALSE,20,elitize_generation_data,70,1,0.73,NA
72,75,checksum,lexicase,FALSE,20,elitize_generation_data,71,1,0.694,NA
73,75,checksum,lexicase,FALSE,20,elitize_generation_data,72,1,0.717,NA
74,75,checksum,lexicase,FALSE,20,elitize_generation_data,73,1,0.706,NA
75,75,checksum,lexicase,FALSE,20,elitize_generation_data,74,1,0.74,NA
76,75,checksum,lexicase,FALSE,20,elitize_generation_data,75,1,0.735,NA
77,75,checksum,lexicase,FALSE,20,elitize_generation_data,76,1,0.739,NA
78,75,checksum,lexicase,FALSE,20,elitize_generation_data,77,1,0.716,NA
79,75,checksum,lexicase,FALSE,20,elitize_generation_data,78,1,0.731,NA
80,75,checksum,lexicase,FALSE,20,elitize_generation_data,79,1,0.744,NA
81,75,checksum,lexicase,FALSE,20,elitize_generation_data,80,1,0.737,NA
82,75,checksum,lexicase,FALSE,20,elitize_generation_data,81,1,0.735,NA
83,75,checksum,lexicase,FALSE,20,elitize_generation_data,82,1,0.751,NA
84,75,checksum,lexicase,FALSE,20,elitize_generation_data,83,1,0.744,NA
85,75,checksum,lexicase,FALSE,20,elitize_generation_data,84,1,0.745,NA
86,75,checksum,lexicase,FALSE,20,elitize_generation_data,85,1,0.746,NA
87,75,checksum,lexicase,FALSE,20,elitize_generation_data,86,1,0.744,NA
88,75,checksum,lexicase,FALSE,20,elitize_generation_data,87,1,0.735,NA
89,75,checksum,lexicase,FALSE,20,elitize_generation_data,88,1,0.731,NA
90,75,checksum,lexicase,FALSE,20,elitize_generation_data,89,1,0.718,NA
91,75,checksum,lexicase,FALSE,20,elitize_generation_data,90,1,0.704,NA
92,75,checksum,lexicase,FALSE,20,elitize_generation_data,91,1,0.687,NA
93,75,checksum,lexicase,FALSE,20,elitize_generation_data,92,1,0.713,NA
94,75,checksum,lexicase,FALSE,20,elitize_generation_data,93,1,0.716,NA
95,75,checksum,lexicase,FALSE,20,elitize_generation_data,94,1,0.703,NA
96,75,checksum,lexicase,FALSE,20,elitize_generation_data,95,1,0.713,NA
97,75,checksum,lexicase,FALSE,20,elitize_generation_data,96,1,0.744,NA
98,75,checksum,lexicase,FALSE,20,elitize_generation_data,97,1,0.735,NA
99,75,checksum,lexicase,FALSE,20,elitize_generation_data,98,1,0.742,NA
100,75,checksum,lexicase,FALSE,20,elitize_generation_data,99,1,0.731,NA
101,75,checksum,lexicase,FALSE,20,elitize_generation_data,100,1,0.74,NA
102,75,checksum,lexicase,FALSE,20,elitize_generation_data,101,1,0.733,NA
103,75,checksum,lexicase,FALSE,20,elitize_generation_data,102,1,0.746,NA
104,75,checksum,lexicase,FALSE,20,elitize_generation_data,103,1,0.739,NA
105,75,checksum,lexicase,FALSE,20,elitize_generation_data,104,1,0.77,NA
106,75,checksum,lexicase,FALSE,20,elitize_generation_data,105,1,0.777,NA
107,75,checksum,lexicase,FALSE,20,elitize_generation_data,106,1,0.779,NA
108,75,checksum,lexicase,FALSE,20,elitize_generation_data,107,1,0.758,NA
109,75,checksum,lexicase,FALSE,20,elitize_generation_data,108,1,0.753,NA
110,75,checksum,lexicase,FALSE,20,elitize_generation_data,109,1,0.761,NA
111,75,checksum,lexicase,FALSE,20,elitize_generation_data,110,1,0.752,NA
112,75,checksum,lexicase,FALSE,20,elitize_generation_data,111,1,0.786,NA
113,75,checksum,lexicase,FALSE,20,elitize_generation_data,112,1,0.781,NA
114,75,checksum,lexicase,FALSE,20,elitize_generation_data,113,1,0.809,NA
115,75,checksum,lexicase,FALSE,20,elitize_generation_data,114,1,0.817,NA
116,75,checksum,lexicase,FALSE,20,elitize_generation_data,115,1,0.789,NA
117,75,checksum,lexicase,FALSE,20,elitize_generation_data,116,1,0.78,NA
118,75,checksum,lexicase,FALSE,20,elitize_generation_data,117,1,0.796,NA
119,75,checksum,lexicase,FALSE,20,elitize_generation_data,118,1,0.781,NA
120,75,checksum,lexicase,FALSE,20,elitize_generation_data,119,1,0.819,NA
121,75,checksum,lexicase,FALSE,20,elitize_generation_data,120,1,0.799,NA
122,75,checksum,lexicase,FALSE,20,elitize_generation_data,121,1,0.804,NA
123,75,checksum,lexicase,FALSE,20,elitize_generation_data,122,1,0.813,NA
124,75,checksum,lexicase,FALSE,20,elitize_generation_data,123,1,0.808,NA
125,75,checksum,lexicase,FALSE,20,elitize_generation_data,124,1,0.807,NA
126,75,checksum,lexicase,FALSE,20,elitize_generation_data,125,1,0.806,NA
127,75,checksum,lexicase,FALSE,20,elitize_generation_data,126,1,0.804,NA
128,75,checksum,lexicase,FALSE,20,elitize_generation_data,127,1,0.81,NA
129,75,checksum,lexicase,FALSE,20,elitize_generation_data,128,1,0.803,NA
130,75,checksum,lexicase,FALSE,20,elitize_generation_data,129,1,0.809,NA
131,75,checksum,lexicase,FALSE,20,elitize_generation_data,130,1,0.807,NA
132,75,checksum,lexicase,FALSE,20,elitize_generation_data,131,1,0.789,NA
133,75,checksum,lexicase,FALSE,20,elitize_generation_data,132,1,0.794,NA
134,75,checksum,lexicase,FALSE,20,elitize_generation_data,133,1,0.792,NA
135,75,checksum,lexicase,FALSE,20,elitize_generation_data,134,1,0.792,NA
136,75,checksum,lexicase,FALSE,20,elitize_generation_data,135,1,0.775,NA
137,75,checksum,lexicase,FALSE,20,elitize_generation_data,136,1,0.778,NA
138,75,checksum,lexicase,FALSE,20,elitize_generation_data,137,1,0.78,NA
139,75,checksum,lexicase,FALSE,20,elitize_generation_data,138,1,0.788,NA
140,75,checksum,lexicase,FALSE,20,elitize_generation_data,139,1,0.817,NA
141,75,checksum,lexicase,FALSE,20,elitize_generation_data,140,1,0.8,NA
142,75,checksum,lexicase,FALSE,20,elitize_generation_data,141,1,0.817,NA
143,75,checksum,lexicase,FALSE,20,elitize_generation_data,142,1,0.8,NA
144,75,checksum,lexicase,FALSE,20,elitize_generation_data,143,1,0.784,NA
145,75,checksum,lexicase,FALSE,20,elitize_generation_data,144,1,0.778,NA
146,75,checksum,lexicase,FALSE,20,elitize_generation_data,145,1,0.8,NA
147,75,checksum,lexicase,FALSE,20,elitize_generation_data,146,1,0.793,NA
148,75,checksum,lexicase,FALSE,20,elitize_generation_data,147,1,0.788,NA
149,75,checksum,lexicase,FALSE,20,elitize_generation_data,148,1,0.784,NA
150,75,checksum,lexicase,FALSE,20,elitize_generation_data,149,1,0.778,NA
151,75,checksum,lexicase,FALSE,20,elitize_generation_data,150,1,0.803,NA
152,75,checksum,lexicase,FALSE,20,elitize_generation_data,151,1,0.761,NA
153,75,checksum,lexicase,FALSE,20,elitize_generation_data,152,1,0.778,NA
154,75,checksum,lexicase,FALSE,20,elitize_generation_data,153,1,0.771,NA
155,75,checksum,lexicase,FALSE,20,elitize_generation_data,154,1,0.787,NA
156,75,checksum,lexicase,FALSE,20,elitize_generation_data,155,1,0.794,NA
157,75,checksum,lexicase,FALSE,20,elitize_generation_data,156,1,0.773,NA
158,75,checksum,lexicase,FALSE,20,elitize_generation_data,157,1,0.793,NA
159,75,checksum,lexicase,FALSE,20,elitize_generation_data,158,1,0.779,NA
160,75,checksum,lexicase,FALSE,20,elitize_generation_data,159,1,0.774,NA
161,75,checksum,lexicase,FALSE,20,elitize_generation_data,160,1,0.791,NA
162,75,checksum,lexicase,FALSE,20,elitize_generation_data,161,1,0.777,NA
163,75,checksum,lexicase,FALSE,20,elitize_generation_data,162,1,0.772,NA
164,75,checksum,lexicase,FALSE,20,elitize_generation_data,163,1,0.774,NA
165,75,checksum,lexicase,FALSE,20,elitize_generation_data,164,1,0.75,NA
166,75,checksum,lexicase,FALSE,20,elitize_generation_data,165,1,0.775,NA
167,75,checksum,lexicase,FALSE,20,elitize_generation_data,166,1,0.754,NA
168,75,checksum,lexicase,FALSE,20,elitize_generation_data,167,1,0.747,NA
169,75,checksum,lexicase,FALSE,20,elitize_generation_data,168,1,0.778,NA
170,75,checksum,lexicase,FALSE,20,elitize_generation_data,169,1,0.781,NA
171,75,checksum,lexicase,FALSE,20,elitize_generation_data,170,1,0.789,NA
172,75,checksum,lexicase,FALSE,20,elitize_generation_data,171,1,0.759,NA
173,75,checksum,lexicase,FALSE,20,elitize_generation_data,172,1,0.772,NA
174,75,checksum,lexicase,FALSE,20,elitize_generation_data,173,1,0.776,NA
175,75,checksum,lexicase,FALSE,20,elitize_generation_data,174,1,0.794,NA
176,75,checksum,lexicase,FALSE,20,elitize_generation_data,175,1,0.782,NA
177,75,checksum,lexicase,FALSE,20,elitize_generation_data,176,1,0.782,NA
178,75,checksum,lexicase,FALSE,20,elitize_generation_data,177,1,0.756,NA
179,75,checksum,lexicase,FALSE,20,elitize_generation_data,178,1,0.766,NA
180,75,checksum,lexicase,FALSE,20,elitize_generation_data,179,1,0.763,NA
181,75,checksum,lexicase,FALSE,20,elitize_generation_data,180,2,0.766,NA
182,75,checksum,lexicase,FALSE,20,elitize_generation_data,181,1,0.792,NA
183,75,checksum,lexicase,FALSE,20,elitize_generation_data,182,1,0.78,NA
184,75,checksum,lexicase,FALSE,20,elitize_generation_data,183,1,0.779,NA
185,75,checksum,lexicase,FALSE,20,elitize_generation_data,184,1,0.77,NA
186,75,checksum,lexicase,FALSE,20,elitize_generation_data,185,1,0.771,NA
187,75,checksum,lexicase,FALSE,20,elitize_generation_data,186,2,0.767,NA
188,75,checksum,lexicase,FALSE,20,elitize_generation_data,187,1,0.759,NA
189,75,checksum,lexicase,FALSE,20,elitize_generation_data,188,1,0.762,NA
190,75,checksum,lexicase,FALSE,20,elitize_generation_data,189,2,0.764,NA
191,75,checksum,lexicase,FALSE,20,elitize_generation_data,190,1,0.774,NA
192,75,checksum,lexicase,FALSE,20,elitize_generation_data,191,1,0.758,NA
193,75,checksum,lexicase,FALSE,20,elitize_generation_data,192,1,0.761,NA
194,75,checksum,lexicase,FALSE,20,elitize_generation_data,193,1,0.75,NA
195,75,checksum,lexicase,FALSE,20,elitize_generation_data,194,1,0.754,NA
196,75,checksum,lexicase,FALSE,20,elitize_generation_data,195,1,0.764,NA
197,75,checksum,lexicase,FALSE,20,elitize_generation_data,196,1,0.771,NA
198,75,checksum,lexicase,FALSE,20,elitize_generation_data,197,1,0.759,NA
199,75,checksum,lexicase,FALSE,20,elitize_generation_data,198,2,0.765,NA
200,75,checksum,lexicase,FALSE,20,elitize_generation_data,199,1,0.766,NA
201,75,checksum,lexicase,FALSE,20,elitize_generation_data,200,2,0.78,NA
202,75,checksum,lexicase,FALSE,20,elitize_generation_data,201,2,0.787,NA
203,75,checksum,lexicase,FALSE,20,elitize_generation_data,202,2,0.805,NA
204,75,checksum,lexicase,FALSE,20,elitize_generation_data,203,2,0.774,NA
205,75,checksum,lexicase,FALSE,20,elitize_generation_data,204,2,0.768,NA
206,75,checksum,lexicase,FALSE,20,elitize_generation_data,205,2,0.767,NA
207,75,checksum,lexicase,FALSE,20,elitize_generation_data,206,2,0.742,NA
208,75,checksum,lexicase,FALSE,20,elitize_generation_data,207,2,0.757,NA
209,75,checksum,lexicase,FALSE,20,elitize_generation_data,208,2,0.774,NA
210,75,checksum,lexicase,FALSE,20,elitize_generation_data,209,2,0.771,NA
211,75,checksum,lexicase,FALSE,20,elitize_generation_data,210,2,0.781,NA
212,75,checksum,lexicase,FALSE,20,elitize_generation_data,211,1,0.786,NA
213,75,checksum,lexicase,FALSE,20,elitize_generation_data,212,1,0.775,NA
214,75,checksum,lexicase,FALSE,20,elitize_generation_data,213,2,0.774,NA
215,75,checksum,lexicase,FALSE,20,elitize_generation_data,214,2,0.784,NA
216,75,checksum,lexicase,FALSE,20,elitize_generation_data,215,2,0.767,NA
217,75,checksum,lexicase,FALSE,20,elitize_generation_data,216,2,0.78,NA
218,75,checksum,lexicase,FALSE,20,elitize_generation_data,217,3,0.737,NA
219,75,checksum,lexicase,FALSE,20,elitize_generation_data,218,3,0.77,NA
220,75,checksum,lexicase,FALSE,20,elitize_generation_data,219,3,0.78,NA
221,75,checksum,lexicase,FALSE,20,elitize_generation_data,220,2,0.756,NA
222,75,checksum,lexicase,FALSE,20,elitize_generation_data,221,2,0.75,NA
223,75,checksum,lexicase,FALSE,20,elitize_generation_data,222,2,0.762,NA
224,75,checksum,lexicase,FALSE,20,elitize_generation_data,223,1,0.736,NA
225,75,checksum,lexicase,FALSE,20,elitize_generation_data,224,2,0.738,NA
226,75,checksum,lexicase,FALSE,20,elitize_generation_data,225,1,0.755,NA
227,75,checksum,lexicase,FALSE,20,elitize_generation_data,226,1,0.769,NA
228,75,checksum,lexicase,FALSE,20,elitize_generation_data,227,2,0.735,NA
229,75,checksum,lexicase,FALSE,20,elitize_generation_data,228,1,0.725,NA
230,75,checksum,lexicase,FALSE,20,elitize_generation_data,229,2,0.753,NA
231,75,checksum,lexicase,FALSE,20,elitize_generation_data,230,2,0.745,NA
232,75,checksum,lexicase,FALSE,20,elitize_generation_data,231,3,0.746,NA
233,75,checksum,lexicase,FALSE,20,elitize_generation_data,232,1,0.758,NA
234,75,checksum,lexicase,FALSE,20,elitize_generation_data,233,2,0.762,NA
235,75,checksum,lexicase,FALSE,20,elitize_generation_data,234,2,0.73,NA
236,75,checksum,lexicase,FALSE,20,elitize_generation_data,235,2,0.759,NA
237,75,checksum,lexicase,FALSE,20,elitize_generation_data,236,2,0.773,NA
238,75,checksum,lexicase,FALSE,20,elitize_generation_data,237,2,0.754,NA
239,75,checksum,lexicase,FALSE,20,elitize_generation_data,238,1,0.752,NA
240,75,checksum,lexicase,FALSE,20,elitize_generation_data,239,2,0.759,NA
241,75,checksum,lexicase,FALSE,20,elitize_generation_data,240,2,0.77,NA
242,75,checksum,lexicase,FALSE,20,elitize_generation_data,241,1,0.773,NA
243,75,checksum,lexicase,FALSE,20,elitize_generation_data,242,2,0.774,NA
244,75,checksum,lexicase,FALSE,20,elitize_generation_data,243,2,0.772,NA
245,75,checksum,lexicase,FALSE,20,elitize_generation_data,244,2,0.774,NA
246,75,checksum,lexicase,FALSE,20,elitize_generation_data,245,2,0.795,NA
247,75,checksum,lexicase,FALSE,20,elitize_generation_data,246,2,0.772,NA
248,75,checksum,lexicase,FALSE,20,elitize_generation_data,247,2,0.78,NA
249,75,checksum,lexicase,FALSE,20,elitize_generation_data,248,1,0.79,NA
250,75,checksum,lexicase,FALSE,20,elitize_generation_data,249,2,0.781,NA
251,75,checksum,lexicase,FALSE,20,elitize_generation_data,250,2,0.761,NA
252,75,checksum,lexicase,FALSE,20,elitize_generation_data,251,2,0.783,NA
253,75,checksum,lexicase,FALSE,20,elitize_generation_data,252,1,0.781,NA
254,75,checksum,lexicase,FALSE,20,elitize_generation_data,253,1,0.751,NA
255,75,checksum,lexicase,FALSE,20,elitize_generation_data,254,1,0.737,NA
256,75,checksum,lexicase,FALSE,20,elitize_generation_data,255,1,0.743,NA
257,75,checksum,lexicase,FALSE,20,elitize_generation_data,256,1,0.758,NA
258,75,checksum,lexicase,FALSE,20,elitize_generation_data,257,2,0.785,NA
259,75,checksum,lexicase,FALSE,20,elitize_generation_data,258,3,0.745,NA
260,75,checksum,lexicase,FALSE,20,elitize_generation_data,259,2,0.751,NA
261,75,checksum,lexicase,FALSE,20,elitize_generation_data,260,1,0.771,NA
262,75,checksum,lexicase,FALSE,20,elitize_generation_data,261,2,0.781,NA
263,75,checksum,lexicase,FALSE,20,elitize_generation_data,262,3,0.75,NA
264,75,checksum,lexicase,FALSE,20,elitize_generation_data,263,2,0.782,NA
265,75,checksum,lexicase,FALSE,20,elitize_generation_data,264,3,0.776,NA
266,75,checksum,lexicase,FALSE,20,elitize_generation_data,265,3,0.775,NA
267,75,checksum,lexicase,FALSE,20,elitize_generation_data,266,3,0.769,NA
268,75,checksum,lexicase,FALSE,20,elitize_generation_data,267,3,0.77,NA
269,75,checksum,lexicase,FALSE,20,elitize_generation_data,268,3,0.731,NA
270,75,checksum,lexicase,FALSE,20,elitize_generation_data,269,2,0.743,NA
271,75,checksum,lexicase,FALSE,20,elitize_generation_data,270,2,0.75,NA
272,75,checksum,lexicase,FALSE,20,elitize_generation_data,271,3,0.762,NA
273,75,checksum,lexicase,FALSE,20,elitize_generation_data,272,3,0.762,NA
274,75,checksum,lexicase,FALSE,20,elitize_generation_data,273,3,0.766,NA
275,75,checksum,lexicase,FALSE,20,elitize_generation_data,274,1,0.768,NA
276,75,checksum,lexicase,FALSE,20,elitize_generation_data,275,2,0.767,NA
277,75,checksum,lexicase,FALSE,20,elitize_generation_data,276,2,0.742,NA
278,75,checksum,lexicase,FALSE,20,elitize_generation_data,277,2,0.754,NA
279,75,checksum,lexicase,FALSE,20,elitize_generation_data,278,2,0.763,NA
280,75,checksum,lexicase,FALSE,20,elitize_generation_data,279,3,0.749,NA
281,75,checksum,lexicase,FALSE,20,elitize_generation_data,280,2,0.78,NA
282,75,checksum,lexicase,FALSE,20,elitize_generation_data,281,1,0.785,NA
283,75,checksum,lexicase,FALSE,20,elitize_generation_data,282,1,0.777,NA
284,75,checksum,lexicase,FALSE,20,elitize_generation_data,283,3,0.764,NA
285,75,checksum,lexicase,FALSE,20,elitize_generation_data,284,3,0.751,NA
286,75,checksum,lexicase,FALSE,20,elitize_generation_data,285,3,0.739,NA
287,75,checksum,lexicase,FALSE,20,elitize_generation_data,286,4,0.731,NA
288,75,checksum,lexicase,FALSE,20,elitize_generation_data,287,4,0.755,NA
289,75,checksum,lexicase,FALSE,20,elitize_generation_data,288,3,0.741,NA
290,75,checksum,lexicase,FALSE,20,elitize_generation_data,289,3,0.733,NA
291,75,checksum,lexicase,FALSE,20,elitize_generation_data,290,3,0.754,NA
292,75,checksum,lexicase,FALSE,20,elitize_generation_data,291,3,0.75,NA
293,75,checksum,lexicase,FALSE,20,elitize_generation_data,292,4,0.736,NA
294,75,checksum,lexicase,FALSE,20,elitize_generation_data,293,3,0.741,NA
295,75,checksum,lexicase,FALSE,20,elitize_generation_data,294,3,0.756,NA
296,75,checksum,lexicase,FALSE,20,elitize_generation_data,295,2,0.758,NA
297,75,checksum,lexicase,FALSE,20,elitize_generation_data,296,3,0.759,NA
298,75,checksum,lexicase,FALSE,20,elitize_generation_data,297,3,0.78,NA
299,75,checksum,lexicase,FALSE,20,elitize_generation_data,298,3,0.767,NA
300,75,checksum,lexicase,FALSE,20,elitize_generation_data,299,4,0.775,NA
301,75,checksum,lexicase,FALSE,20,elitize_generation_data,300,2,0.786,NA
