,run.num,problem,treatment,succeeded,height,normalization.function,generation,cluster.count,error.diversity,success.generation
1,71,checksum,lexicase,FALSE,20,elitize_generation_data,0,2,0.349,NA
2,71,checksum,lexicase,FALSE,20,elitize_generation_data,1,2,0.21,NA
3,71,checksum,lexicase,FALSE,20,elitize_generation_data,2,6,0.279,NA
4,71,checksum,lexicase,FALSE,20,elitize_generation_data,3,6,0.313,NA
5,71,checksum,lexicase,FALSE,20,elitize_generation_data,4,4,0.369,NA
6,71,checksum,lexicase,FALSE,20,elitize_generation_data,5,1,0.422,NA
7,71,checksum,lexicase,FALSE,20,elitize_generation_data,6,1,0.403,NA
8,71,checksum,lexicase,FALSE,20,elitize_generation_data,7,1,0.431,NA
9,71,checksum,lexicase,FALSE,20,elitize_generation_data,8,1,0.431,NA
10,71,checksum,lexicase,FALSE,20,elitize_generation_data,9,1,0.463,NA
11,71,checksum,lexicase,FALSE,20,elitize_generation_data,10,1,0.473,NA
12,71,checksum,lexicase,FALSE,20,elitize_generation_data,11,1,0.501,NA
13,71,checksum,lexicase,FALSE,20,elitize_generation_data,12,1,0.529,NA
14,71,checksum,lexicase,FALSE,20,elitize_generation_data,13,1,0.558,NA
15,71,checksum,lexicase,FALSE,20,elitize_generation_data,14,1,0.567,NA
16,71,checksum,lexicase,FALSE,20,elitize_generation_data,15,1,0.598,NA
17,71,checksum,lexicase,FALSE,20,elitize_generation_data,16,1,0.611,NA
18,71,checksum,lexicase,FALSE,20,elitize_generation_data,17,1,0.607,NA
19,71,checksum,lexicase,FALSE,20,elitize_generation_data,18,1,0.636,NA
20,71,checksum,lexicase,FALSE,20,elitize_generation_data,19,1,0.646,NA
21,71,checksum,lexicase,FALSE,20,elitize_generation_data,20,1,0.66,NA
22,71,checksum,lexicase,FALSE,20,elitize_generation_data,21,1,0.645,NA
23,71,checksum,lexicase,FALSE,20,elitize_generation_data,22,1,0.626,NA
24,71,checksum,lexicase,FALSE,20,elitize_generation_data,23,1,0.646,NA
25,71,checksum,lexicase,FALSE,20,elitize_generation_data,24,1,0.655,NA
26,71,checksum,lexicase,FALSE,20,elitize_generation_data,25,1,0.661,NA
27,71,checksum,lexicase,FALSE,20,elitize_generation_data,26,1,0.686,NA
28,71,checksum,lexicase,FALSE,20,elitize_generation_data,27,1,0.682,NA
29,71,checksum,lexicase,FALSE,20,elitize_generation_data,28,1,0.681,NA
30,71,checksum,lexicase,FALSE,20,elitize_generation_data,29,1,0.668,NA
31,71,checksum,lexicase,FALSE,20,elitize_generation_data,30,1,0.679,NA
32,71,checksum,lexicase,FALSE,20,elitize_generation_data,31,1,0.662,NA
33,71,checksum,lexicase,FALSE,20,elitize_generation_data,32,1,0.667,NA
34,71,checksum,lexicase,FALSE,20,elitize_generation_data,33,1,0.657,NA
35,71,checksum,lexicase,FALSE,20,elitize_generation_data,34,1,0.655,NA
36,71,checksum,lexicase,FALSE,20,elitize_generation_data,35,1,0.663,NA
37,71,checksum,lexicase,FALSE,20,elitize_generation_data,36,1,0.673,NA
38,71,checksum,lexicase,FALSE,20,elitize_generation_data,37,1,0.672,NA
39,71,checksum,lexicase,FALSE,20,elitize_generation_data,38,1,0.676,NA
40,71,checksum,lexicase,FALSE,20,elitize_generation_data,39,1,0.693,NA
41,71,checksum,lexicase,FALSE,20,elitize_generation_data,40,1,0.691,NA
42,71,checksum,lexicase,FALSE,20,elitize_generation_data,41,1,0.694,NA
43,71,checksum,lexicase,FALSE,20,elitize_generation_data,42,1,0.724,NA
44,71,checksum,lexicase,FALSE,20,elitize_generation_data,43,1,0.714,NA
45,71,checksum,lexicase,FALSE,20,elitize_generation_data,44,1,0.711,NA
46,71,checksum,lexicase,FALSE,20,elitize_generation_data,45,1,0.719,NA
47,71,checksum,lexicase,FALSE,20,elitize_generation_data,46,1,0.687,NA
48,71,checksum,lexicase,FALSE,20,elitize_generation_data,47,1,0.684,NA
49,71,checksum,lexicase,FALSE,20,elitize_generation_data,48,1,0.68,NA
50,71,checksum,lexicase,FALSE,20,elitize_generation_data,49,1,0.705,NA
51,71,checksum,lexicase,FALSE,20,elitize_generation_data,50,1,0.71,NA
52,71,checksum,lexicase,FALSE,20,elitize_generation_data,51,1,0.712,NA
53,71,checksum,lexicase,FALSE,20,elitize_generation_data,52,1,0.723,NA
54,71,checksum,lexicase,FALSE,20,elitize_generation_data,53,1,0.734,NA
55,71,checksum,lexicase,FALSE,20,elitize_generation_data,54,1,0.71,NA
56,71,checksum,lexicase,FALSE,20,elitize_generation_data,55,1,0.744,NA
57,71,checksum,lexicase,FALSE,20,elitize_generation_data,56,1,0.727,NA
58,71,checksum,lexicase,FALSE,20,elitize_generation_data,57,1,0.711,NA
59,71,checksum,lexicase,FALSE,20,elitize_generation_data,58,1,0.693,NA
60,71,checksum,lexicase,FALSE,20,elitize_generation_data,59,1,0.686,NA
61,71,checksum,lexicase,FALSE,20,elitize_generation_data,60,1,0.7,NA
62,71,checksum,lexicase,FALSE,20,elitize_generation_data,61,1,0.714,NA
63,71,checksum,lexicase,FALSE,20,elitize_generation_data,62,1,0.711,NA
64,71,checksum,lexicase,FALSE,20,elitize_generation_data,63,1,0.688,NA
65,71,checksum,lexicase,FALSE,20,elitize_generation_data,64,1,0.683,NA
66,71,checksum,lexicase,FALSE,20,elitize_generation_data,65,1,0.715,NA
67,71,checksum,lexicase,FALSE,20,elitize_generation_data,66,1,0.716,NA
68,71,checksum,lexicase,FALSE,20,elitize_generation_data,67,1,0.7,NA
69,71,checksum,lexicase,FALSE,20,elitize_generation_data,68,1,0.72,NA
70,71,checksum,lexicase,FALSE,20,elitize_generation_data,69,1,0.732,NA
71,71,checksum,lexicase,FALSE,20,elitize_generation_data,70,1,0.723,NA
72,71,checksum,lexicase,FALSE,20,elitize_generation_data,71,1,0.722,NA
73,71,checksum,lexicase,FALSE,20,elitize_generation_data,72,1,0.709,NA
74,71,checksum,lexicase,FALSE,20,elitize_generation_data,73,1,0.726,NA
75,71,checksum,lexicase,FALSE,20,elitize_generation_data,74,1,0.729,NA
76,71,checksum,lexicase,FALSE,20,elitize_generation_data,75,1,0.734,NA
77,71,checksum,lexicase,FALSE,20,elitize_generation_data,76,1,0.725,NA
78,71,checksum,lexicase,FALSE,20,elitize_generation_data,77,1,0.742,NA
79,71,checksum,lexicase,FALSE,20,elitize_generation_data,78,1,0.737,NA
80,71,checksum,lexicase,FALSE,20,elitize_generation_data,79,2,0.738,NA
81,71,checksum,lexicase,FALSE,20,elitize_generation_data,80,1,0.731,NA
82,71,checksum,lexicase,FALSE,20,elitize_generation_data,81,1,0.71,NA
83,71,checksum,lexicase,FALSE,20,elitize_generation_data,82,1,0.734,NA
84,71,checksum,lexicase,FALSE,20,elitize_generation_data,83,1,0.713,NA
85,71,checksum,lexicase,FALSE,20,elitize_generation_data,84,2,0.729,NA
86,71,checksum,lexicase,FALSE,20,elitize_generation_data,85,1,0.731,NA
87,71,checksum,lexicase,FALSE,20,elitize_generation_data,86,1,0.747,NA
88,71,checksum,lexicase,FALSE,20,elitize_generation_data,87,1,0.708,NA
89,71,checksum,lexicase,FALSE,20,elitize_generation_data,88,1,0.739,NA
90,71,checksum,lexicase,FALSE,20,elitize_generation_data,89,1,0.708,NA
91,71,checksum,lexicase,FALSE,20,elitize_generation_data,90,1,0.718,NA
92,71,checksum,lexicase,FALSE,20,elitize_generation_data,91,1,0.692,NA
93,71,checksum,lexicase,FALSE,20,elitize_generation_data,92,1,0.717,NA
94,71,checksum,lexicase,FALSE,20,elitize_generation_data,93,1,0.706,NA
95,71,checksum,lexicase,FALSE,20,elitize_generation_data,94,1,0.681,NA
96,71,checksum,lexicase,FALSE,20,elitize_generation_data,95,1,0.726,NA
97,71,checksum,lexicase,FALSE,20,elitize_generation_data,96,1,0.715,NA
98,71,checksum,lexicase,FALSE,20,elitize_generation_data,97,1,0.712,NA
99,71,checksum,lexicase,FALSE,20,elitize_generation_data,98,1,0.73,NA
100,71,checksum,lexicase,FALSE,20,elitize_generation_data,99,1,0.71,NA
101,71,checksum,lexicase,FALSE,20,elitize_generation_data,100,1,0.704,NA
102,71,checksum,lexicase,FALSE,20,elitize_generation_data,101,1,0.704,NA
103,71,checksum,lexicase,FALSE,20,elitize_generation_data,102,1,0.705,NA
104,71,checksum,lexicase,FALSE,20,elitize_generation_data,103,1,0.727,NA
105,71,checksum,lexicase,FALSE,20,elitize_generation_data,104,1,0.727,NA
106,71,checksum,lexicase,FALSE,20,elitize_generation_data,105,1,0.726,NA
107,71,checksum,lexicase,FALSE,20,elitize_generation_data,106,1,0.706,NA
108,71,checksum,lexicase,FALSE,20,elitize_generation_data,107,1,0.676,NA
109,71,checksum,lexicase,FALSE,20,elitize_generation_data,108,1,0.708,NA
110,71,checksum,lexicase,FALSE,20,elitize_generation_data,109,1,0.683,NA
111,71,checksum,lexicase,FALSE,20,elitize_generation_data,110,1,0.714,NA
112,71,checksum,lexicase,FALSE,20,elitize_generation_data,111,1,0.723,NA
113,71,checksum,lexicase,FALSE,20,elitize_generation_data,112,1,0.712,NA
114,71,checksum,lexicase,FALSE,20,elitize_generation_data,113,1,0.732,NA
115,71,checksum,lexicase,FALSE,20,elitize_generation_data,114,1,0.732,NA
116,71,checksum,lexicase,FALSE,20,elitize_generation_data,115,1,0.732,NA
117,71,checksum,lexicase,FALSE,20,elitize_generation_data,116,1,0.729,NA
118,71,checksum,lexicase,FALSE,20,elitize_generation_data,117,1,0.733,NA
119,71,checksum,lexicase,FALSE,20,elitize_generation_data,118,1,0.719,NA
120,71,checksum,lexicase,FALSE,20,elitize_generation_data,119,1,0.729,NA
121,71,checksum,lexicase,FALSE,20,elitize_generation_data,120,1,0.728,NA
122,71,checksum,lexicase,FALSE,20,elitize_generation_data,121,1,0.721,NA
123,71,checksum,lexicase,FALSE,20,elitize_generation_data,122,1,0.709,NA
124,71,checksum,lexicase,FALSE,20,elitize_generation_data,123,1,0.688,NA
125,71,checksum,lexicase,FALSE,20,elitize_generation_data,124,1,0.698,NA
126,71,checksum,lexicase,FALSE,20,elitize_generation_data,125,1,0.706,NA
127,71,checksum,lexicase,FALSE,20,elitize_generation_data,126,1,0.721,NA
128,71,checksum,lexicase,FALSE,20,elitize_generation_data,127,1,0.704,NA
129,71,checksum,lexicase,FALSE,20,elitize_generation_data,128,1,0.718,NA
130,71,checksum,lexicase,FALSE,20,elitize_generation_data,129,1,0.738,NA
131,71,checksum,lexicase,FALSE,20,elitize_generation_data,130,1,0.722,NA
132,71,checksum,lexicase,FALSE,20,elitize_generation_data,131,1,0.721,NA
133,71,checksum,lexicase,FALSE,20,elitize_generation_data,132,1,0.705,NA
134,71,checksum,lexicase,FALSE,20,elitize_generation_data,133,1,0.704,NA
135,71,checksum,lexicase,FALSE,20,elitize_generation_data,134,1,0.725,NA
136,71,checksum,lexicase,FALSE,20,elitize_generation_data,135,1,0.745,NA
137,71,checksum,lexicase,FALSE,20,elitize_generation_data,136,1,0.737,NA
138,71,checksum,lexicase,FALSE,20,elitize_generation_data,137,2,0.756,NA
139,71,checksum,lexicase,FALSE,20,elitize_generation_data,138,1,0.746,NA
140,71,checksum,lexicase,FALSE,20,elitize_generation_data,139,1,0.733,NA
141,71,checksum,lexicase,FALSE,20,elitize_generation_data,140,1,0.716,NA
142,71,checksum,lexicase,FALSE,20,elitize_generation_data,141,1,0.723,NA
143,71,checksum,lexicase,FALSE,20,elitize_generation_data,142,1,0.719,NA
144,71,checksum,lexicase,FALSE,20,elitize_generation_data,143,1,0.737,NA
145,71,checksum,lexicase,FALSE,20,elitize_generation_data,144,1,0.75,NA
146,71,checksum,lexicase,FALSE,20,elitize_generation_data,145,1,0.739,NA
147,71,checksum,lexicase,FALSE,20,elitize_generation_data,146,1,0.723,NA
148,71,checksum,lexicase,FALSE,20,elitize_generation_data,147,2,0.725,NA
149,71,checksum,lexicase,FALSE,20,elitize_generation_data,148,1,0.748,NA
150,71,checksum,lexicase,FALSE,20,elitize_generation_data,149,1,0.735,NA
151,71,checksum,lexicase,FALSE,20,elitize_generation_data,150,1,0.736,NA
152,71,checksum,lexicase,FALSE,20,elitize_generation_data,151,2,0.754,NA
153,71,checksum,lexicase,FALSE,20,elitize_generation_data,152,1,0.725,NA
154,71,checksum,lexicase,FALSE,20,elitize_generation_data,153,1,0.741,NA
155,71,checksum,lexicase,FALSE,20,elitize_generation_data,154,1,0.74,NA
156,71,checksum,lexicase,FALSE,20,elitize_generation_data,155,2,0.736,NA
157,71,checksum,lexicase,FALSE,20,elitize_generation_data,156,2,0.741,NA
158,71,checksum,lexicase,FALSE,20,elitize_generation_data,157,1,0.74,NA
159,71,checksum,lexicase,FALSE,20,elitize_generation_data,158,1,0.755,NA
160,71,checksum,lexicase,FALSE,20,elitize_generation_data,159,1,0.762,NA
161,71,checksum,lexicase,FALSE,20,elitize_generation_data,160,1,0.745,NA
162,71,checksum,lexicase,FALSE,20,elitize_generation_data,161,1,0.72,NA
163,71,checksum,lexicase,FALSE,20,elitize_generation_data,162,1,0.744,NA
164,71,checksum,lexicase,FALSE,20,elitize_generation_data,163,1,0.726,NA
165,71,checksum,lexicase,FALSE,20,elitize_generation_data,164,1,0.762,NA
166,71,checksum,lexicase,FALSE,20,elitize_generation_data,165,2,0.755,NA
167,71,checksum,lexicase,FALSE,20,elitize_generation_data,166,2,0.751,NA
168,71,checksum,lexicase,FALSE,20,elitize_generation_data,167,1,0.758,NA
169,71,checksum,lexicase,FALSE,20,elitize_generation_data,168,1,0.735,NA
170,71,checksum,lexicase,FALSE,20,elitize_generation_data,169,1,0.747,NA
171,71,checksum,lexicase,FALSE,20,elitize_generation_data,170,2,0.742,NA
172,71,checksum,lexicase,FALSE,20,elitize_generation_data,171,2,0.749,NA
173,71,checksum,lexicase,FALSE,20,elitize_generation_data,172,2,0.755,NA
174,71,checksum,lexicase,FALSE,20,elitize_generation_data,173,1,0.774,NA
175,71,checksum,lexicase,FALSE,20,elitize_generation_data,174,2,0.763,NA
176,71,checksum,lexicase,FALSE,20,elitize_generation_data,175,1,0.743,NA
177,71,checksum,lexicase,FALSE,20,elitize_generation_data,176,1,0.742,NA
178,71,checksum,lexicase,FALSE,20,elitize_generation_data,177,1,0.744,NA
179,71,checksum,lexicase,FALSE,20,elitize_generation_data,178,1,0.752,NA
180,71,checksum,lexicase,FALSE,20,elitize_generation_data,179,1,0.776,NA
181,71,checksum,lexicase,FALSE,20,elitize_generation_data,180,2,0.758,NA
182,71,checksum,lexicase,FALSE,20,elitize_generation_data,181,2,0.76,NA
183,71,checksum,lexicase,FALSE,20,elitize_generation_data,182,1,0.77,NA
184,71,checksum,lexicase,FALSE,20,elitize_generation_data,183,1,0.775,NA
185,71,checksum,lexicase,FALSE,20,elitize_generation_data,184,2,0.759,NA
186,71,checksum,lexicase,FALSE,20,elitize_generation_data,185,2,0.741,NA
187,71,checksum,lexicase,FALSE,20,elitize_generation_data,186,2,0.758,NA
188,71,checksum,lexicase,FALSE,20,elitize_generation_data,187,2,0.776,NA
189,71,checksum,lexicase,FALSE,20,elitize_generation_data,188,2,0.748,NA
190,71,checksum,lexicase,FALSE,20,elitize_generation_data,189,1,0.751,NA
191,71,checksum,lexicase,FALSE,20,elitize_generation_data,190,1,0.765,NA
192,71,checksum,lexicase,FALSE,20,elitize_generation_data,191,1,0.767,NA
193,71,checksum,lexicase,FALSE,20,elitize_generation_data,192,1,0.765,NA
194,71,checksum,lexicase,FALSE,20,elitize_generation_data,193,1,0.774,NA
195,71,checksum,lexicase,FALSE,20,elitize_generation_data,194,1,0.744,NA
196,71,checksum,lexicase,FALSE,20,elitize_generation_data,195,2,0.774,NA
197,71,checksum,lexicase,FALSE,20,elitize_generation_data,196,1,0.757,NA
198,71,checksum,lexicase,FALSE,20,elitize_generation_data,197,2,0.752,NA
199,71,checksum,lexicase,FALSE,20,elitize_generation_data,198,1,0.759,NA
200,71,checksum,lexicase,FALSE,20,elitize_generation_data,199,1,0.784,NA
201,71,checksum,lexicase,FALSE,20,elitize_generation_data,200,3,0.759,NA
202,71,checksum,lexicase,FALSE,20,elitize_generation_data,201,3,0.753,NA
203,71,checksum,lexicase,FALSE,20,elitize_generation_data,202,1,0.783,NA
204,71,checksum,lexicase,FALSE,20,elitize_generation_data,203,1,0.787,NA
205,71,checksum,lexicase,FALSE,20,elitize_generation_data,204,2,0.763,NA
206,71,checksum,lexicase,FALSE,20,elitize_generation_data,205,1,0.782,NA
207,71,checksum,lexicase,FALSE,20,elitize_generation_data,206,1,0.785,NA
208,71,checksum,lexicase,FALSE,20,elitize_generation_data,207,2,0.767,NA
209,71,checksum,lexicase,FALSE,20,elitize_generation_data,208,2,0.768,NA
210,71,checksum,lexicase,FALSE,20,elitize_generation_data,209,1,0.761,NA
211,71,checksum,lexicase,FALSE,20,elitize_generation_data,210,2,0.778,NA
212,71,checksum,lexicase,FALSE,20,elitize_generation_data,211,1,0.769,NA
213,71,checksum,lexicase,FALSE,20,elitize_generation_data,212,2,0.793,NA
214,71,checksum,lexicase,FALSE,20,elitize_generation_data,213,3,0.752,NA
215,71,checksum,lexicase,FALSE,20,elitize_generation_data,214,3,0.748,NA
216,71,checksum,lexicase,FALSE,20,elitize_generation_data,215,2,0.781,NA
217,71,checksum,lexicase,FALSE,20,elitize_generation_data,216,2,0.762,NA
218,71,checksum,lexicase,FALSE,20,elitize_generation_data,217,2,0.75,NA
219,71,checksum,lexicase,FALSE,20,elitize_generation_data,218,3,0.75,NA
220,71,checksum,lexicase,FALSE,20,elitize_generation_data,219,2,0.748,NA
221,71,checksum,lexicase,FALSE,20,elitize_generation_data,220,2,0.76,NA
222,71,checksum,lexicase,FALSE,20,elitize_generation_data,221,2,0.739,NA
223,71,checksum,lexicase,FALSE,20,elitize_generation_data,222,2,0.766,NA
224,71,checksum,lexicase,FALSE,20,elitize_generation_data,223,2,0.763,NA
225,71,checksum,lexicase,FALSE,20,elitize_generation_data,224,2,0.723,NA
226,71,checksum,lexicase,FALSE,20,elitize_generation_data,225,2,0.75,NA
227,71,checksum,lexicase,FALSE,20,elitize_generation_data,226,2,0.75,NA
228,71,checksum,lexicase,FALSE,20,elitize_generation_data,227,1,0.743,NA
229,71,checksum,lexicase,FALSE,20,elitize_generation_data,228,1,0.748,NA
230,71,checksum,lexicase,FALSE,20,elitize_generation_data,229,1,0.76,NA
231,71,checksum,lexicase,FALSE,20,elitize_generation_data,230,1,0.769,NA
232,71,checksum,lexicase,FALSE,20,elitize_generation_data,231,1,0.761,NA
233,71,checksum,lexicase,FALSE,20,elitize_generation_data,232,2,0.772,NA
234,71,checksum,lexicase,FALSE,20,elitize_generation_data,233,1,0.767,NA
235,71,checksum,lexicase,FALSE,20,elitize_generation_data,234,2,0.775,NA
236,71,checksum,lexicase,FALSE,20,elitize_generation_data,235,2,0.749,NA
237,71,checksum,lexicase,FALSE,20,elitize_generation_data,236,2,0.759,NA
238,71,checksum,lexicase,FALSE,20,elitize_generation_data,237,1,0.76,NA
239,71,checksum,lexicase,FALSE,20,elitize_generation_data,238,1,0.78,NA
240,71,checksum,lexicase,FALSE,20,elitize_generation_data,239,2,0.765,NA
241,71,checksum,lexicase,FALSE,20,elitize_generation_data,240,2,0.763,NA
242,71,checksum,lexicase,FALSE,20,elitize_generation_data,241,1,0.783,NA
243,71,checksum,lexicase,FALSE,20,elitize_generation_data,242,2,0.766,NA
244,71,checksum,lexicase,FALSE,20,elitize_generation_data,243,2,0.776,NA
245,71,checksum,lexicase,FALSE,20,elitize_generation_data,244,2,0.788,NA
246,71,checksum,lexicase,FALSE,20,elitize_generation_data,245,2,0.791,NA
247,71,checksum,lexicase,FALSE,20,elitize_generation_data,246,2,0.788,NA
248,71,checksum,lexicase,FALSE,20,elitize_generation_data,247,1,0.791,NA
249,71,checksum,lexicase,FALSE,20,elitize_generation_data,248,2,0.769,NA
250,71,checksum,lexicase,FALSE,20,elitize_generation_data,249,2,0.77,NA
251,71,checksum,lexicase,FALSE,20,elitize_generation_data,250,2,0.773,NA
252,71,checksum,lexicase,FALSE,20,elitize_generation_data,251,2,0.787,NA
253,71,checksum,lexicase,FALSE,20,elitize_generation_data,252,2,0.793,NA
254,71,checksum,lexicase,FALSE,20,elitize_generation_data,253,2,0.792,NA
255,71,checksum,lexicase,FALSE,20,elitize_generation_data,254,2,0.782,NA
256,71,checksum,lexicase,FALSE,20,elitize_generation_data,255,2,0.79,NA
257,71,checksum,lexicase,FALSE,20,elitize_generation_data,256,2,0.769,NA
258,71,checksum,lexicase,FALSE,20,elitize_generation_data,257,1,0.796,NA
259,71,checksum,lexicase,FALSE,20,elitize_generation_data,258,2,0.765,NA
260,71,checksum,lexicase,FALSE,20,elitize_generation_data,259,1,0.774,NA
261,71,checksum,lexicase,FALSE,20,elitize_generation_data,260,1,0.783,NA
262,71,checksum,lexicase,FALSE,20,elitize_generation_data,261,3,0.773,NA
263,71,checksum,lexicase,FALSE,20,elitize_generation_data,262,2,0.742,NA
264,71,checksum,lexicase,FALSE,20,elitize_generation_data,263,2,0.756,NA
265,71,checksum,lexicase,FALSE,20,elitize_generation_data,264,1,0.774,NA
266,71,checksum,lexicase,FALSE,20,elitize_generation_data,265,2,0.773,NA
267,71,checksum,lexicase,FALSE,20,elitize_generation_data,266,2,0.811,NA
268,71,checksum,lexicase,FALSE,20,elitize_generation_data,267,3,0.773,NA
269,71,checksum,lexicase,FALSE,20,elitize_generation_data,268,2,0.769,NA
270,71,checksum,lexicase,FALSE,20,elitize_generation_data,269,1,0.776,NA
271,71,checksum,lexicase,FALSE,20,elitize_generation_data,270,1,0.78,NA
272,71,checksum,lexicase,FALSE,20,elitize_generation_data,271,1,0.791,NA
273,71,checksum,lexicase,FALSE,20,elitize_generation_data,272,2,0.788,NA
274,71,checksum,lexicase,FALSE,20,elitize_generation_data,273,2,0.771,NA
275,71,checksum,lexicase,FALSE,20,elitize_generation_data,274,2,0.77,NA
276,71,checksum,lexicase,FALSE,20,elitize_generation_data,275,2,0.809,NA
277,71,checksum,lexicase,FALSE,20,elitize_generation_data,276,2,0.762,NA
278,71,checksum,lexicase,FALSE,20,elitize_generation_data,277,2,0.791,NA
279,71,checksum,lexicase,FALSE,20,elitize_generation_data,278,3,0.792,NA
280,71,checksum,lexicase,FALSE,20,elitize_generation_data,279,1,0.814,NA
281,71,checksum,lexicase,FALSE,20,elitize_generation_data,280,3,0.795,NA
282,71,checksum,lexicase,FALSE,20,elitize_generation_data,281,3,0.778,NA
283,71,checksum,lexicase,FALSE,20,elitize_generation_data,282,3,0.785,NA
284,71,checksum,lexicase,FALSE,20,elitize_generation_data,283,3,0.81,NA
285,71,checksum,lexicase,FALSE,20,elitize_generation_data,284,3,0.799,NA
286,71,checksum,lexicase,FALSE,20,elitize_generation_data,285,3,0.796,NA
287,71,checksum,lexicase,FALSE,20,elitize_generation_data,286,2,0.794,NA
288,71,checksum,lexicase,FALSE,20,elitize_generation_data,287,4,0.796,NA
289,71,checksum,lexicase,FALSE,20,elitize_generation_data,288,4,0.805,NA
290,71,checksum,lexicase,FALSE,20,elitize_generation_data,289,3,0.814,NA
291,71,checksum,lexicase,FALSE,20,elitize_generation_data,290,3,0.822,NA
292,71,checksum,lexicase,FALSE,20,elitize_generation_data,291,3,0.801,NA
293,71,checksum,lexicase,FALSE,20,elitize_generation_data,292,3,0.79,NA
294,71,checksum,lexicase,FALSE,20,elitize_generation_data,293,4,0.778,NA
295,71,checksum,lexicase,FALSE,20,elitize_generation_data,294,2,0.784,NA
296,71,checksum,lexicase,FALSE,20,elitize_generation_data,295,2,0.796,NA
297,71,checksum,lexicase,FALSE,20,elitize_generation_data,296,2,0.802,NA
298,71,checksum,lexicase,FALSE,20,elitize_generation_data,297,1,0.793,NA
299,71,checksum,lexicase,FALSE,20,elitize_generation_data,298,2,0.793,NA
300,71,checksum,lexicase,FALSE,20,elitize_generation_data,299,2,0.803,NA
301,71,checksum,lexicase,FALSE,20,elitize_generation_data,300,3,0.801,NA
