,run.num,problem,treatment,succeeded,height,normalization.function,generation,cluster.count,error.diversity,success.generation
1,60,string-lengths-backwards,tourney,FALSE,10,elitize_generation_data,0,5,0.269,NA
2,60,string-lengths-backwards,tourney,FALSE,10,elitize_generation_data,1,7,0.135,NA
3,60,string-lengths-backwards,tourney,FALSE,10,elitize_generation_data,2,10,0.229,NA
4,60,string-lengths-backwards,tourney,FALSE,10,elitize_generation_data,3,12,0.217,NA
5,60,string-lengths-backwards,tourney,FALSE,10,elitize_generation_data,4,15,0.179,NA
6,60,string-lengths-backwards,tourney,FALSE,10,elitize_generation_data,5,21,0.147,NA
7,60,string-lengths-backwards,tourney,FALSE,10,elitize_generation_data,6,16,0.243,NA
8,60,string-lengths-backwards,tourney,FALSE,10,elitize_generation_data,7,4,0.304,NA
9,60,string-lengths-backwards,tourney,FALSE,10,elitize_generation_data,8,5,0.314,NA
10,60,string-lengths-backwards,tourney,FALSE,10,elitize_generation_data,9,8,0.408,NA
11,60,string-lengths-backwards,tourney,FALSE,10,elitize_generation_data,10,8,0.514,NA
12,60,string-lengths-backwards,tourney,FALSE,10,elitize_generation_data,11,5,0.583,NA
13,60,string-lengths-backwards,tourney,FALSE,10,elitize_generation_data,12,4,0.581,NA
14,60,string-lengths-backwards,tourney,FALSE,10,elitize_generation_data,13,4,0.517,NA
15,60,string-lengths-backwards,tourney,FALSE,10,elitize_generation_data,14,5,0.443,NA
16,60,string-lengths-backwards,tourney,FALSE,10,elitize_generation_data,15,5,0.389,NA
17,60,string-lengths-backwards,tourney,FALSE,10,elitize_generation_data,16,7,0.341,NA
18,60,string-lengths-backwards,tourney,FALSE,10,elitize_generation_data,17,4,0.258,NA
19,60,string-lengths-backwards,tourney,FALSE,10,elitize_generation_data,18,7,0.2,NA
20,60,string-lengths-backwards,tourney,FALSE,10,elitize_generation_data,19,7,0.178,NA
21,60,string-lengths-backwards,tourney,FALSE,10,elitize_generation_data,20,4,0.216,NA
22,60,string-lengths-backwards,tourney,FALSE,10,elitize_generation_data,21,6,0.208,NA
23,60,string-lengths-backwards,tourney,FALSE,10,elitize_generation_data,22,7,0.212,NA
24,60,string-lengths-backwards,tourney,FALSE,10,elitize_generation_data,23,6,0.186,NA
25,60,string-lengths-backwards,tourney,FALSE,10,elitize_generation_data,24,6,0.211,NA
26,60,string-lengths-backwards,tourney,FALSE,10,elitize_generation_data,25,6,0.201,NA
27,60,string-lengths-backwards,tourney,FALSE,10,elitize_generation_data,26,6,0.203,NA
28,60,string-lengths-backwards,tourney,FALSE,10,elitize_generation_data,27,5,0.206,NA
29,60,string-lengths-backwards,tourney,FALSE,10,elitize_generation_data,28,5,0.223,NA
30,60,string-lengths-backwards,tourney,FALSE,10,elitize_generation_data,29,6,0.232,NA
31,60,string-lengths-backwards,tourney,FALSE,10,elitize_generation_data,30,8,0.219,NA
32,60,string-lengths-backwards,tourney,FALSE,10,elitize_generation_data,31,6,0.218,NA
33,60,string-lengths-backwards,tourney,FALSE,10,elitize_generation_data,32,6,0.196,NA
34,60,string-lengths-backwards,tourney,FALSE,10,elitize_generation_data,33,6,0.175,NA
35,60,string-lengths-backwards,tourney,FALSE,10,elitize_generation_data,34,7,0.137,NA
36,60,string-lengths-backwards,tourney,FALSE,10,elitize_generation_data,35,9,0.151,NA
37,60,string-lengths-backwards,tourney,FALSE,10,elitize_generation_data,36,7,0.162,NA
38,60,string-lengths-backwards,tourney,FALSE,10,elitize_generation_data,37,8,0.172,NA
39,60,string-lengths-backwards,tourney,FALSE,10,elitize_generation_data,38,7,0.161,NA
40,60,string-lengths-backwards,tourney,FALSE,10,elitize_generation_data,39,2,0.16,NA
41,60,string-lengths-backwards,tourney,FALSE,10,elitize_generation_data,40,2,0.152,NA
42,60,string-lengths-backwards,tourney,FALSE,10,elitize_generation_data,41,2,0.161,NA
43,60,string-lengths-backwards,tourney,FALSE,10,elitize_generation_data,42,2,0.143,NA
44,60,string-lengths-backwards,tourney,FALSE,10,elitize_generation_data,43,3,0.156,NA
45,60,string-lengths-backwards,tourney,FALSE,10,elitize_generation_data,44,3,0.158,NA
46,60,string-lengths-backwards,tourney,FALSE,10,elitize_generation_data,45,3,0.154,NA
47,60,string-lengths-backwards,tourney,FALSE,10,elitize_generation_data,46,4,0.191,NA
48,60,string-lengths-backwards,tourney,FALSE,10,elitize_generation_data,47,4,0.179,NA
49,60,string-lengths-backwards,tourney,FALSE,10,elitize_generation_data,48,4,0.131,NA
50,60,string-lengths-backwards,tourney,FALSE,10,elitize_generation_data,49,4,0.154,NA
51,60,string-lengths-backwards,tourney,FALSE,10,elitize_generation_data,50,5,0.114,NA
52,60,string-lengths-backwards,tourney,FALSE,10,elitize_generation_data,51,3,0.112,NA
53,60,string-lengths-backwards,tourney,FALSE,10,elitize_generation_data,52,3,0.114,NA
54,60,string-lengths-backwards,tourney,FALSE,10,elitize_generation_data,53,3,0.143,NA
55,60,string-lengths-backwards,tourney,FALSE,10,elitize_generation_data,54,3,0.136,NA
56,60,string-lengths-backwards,tourney,FALSE,10,elitize_generation_data,55,4,0.151,NA
57,60,string-lengths-backwards,tourney,FALSE,10,elitize_generation_data,56,4,0.131,NA
58,60,string-lengths-backwards,tourney,FALSE,10,elitize_generation_data,57,5,0.148,NA
59,60,string-lengths-backwards,tourney,FALSE,10,elitize_generation_data,58,3,0.16,NA
60,60,string-lengths-backwards,tourney,FALSE,10,elitize_generation_data,59,5,0.142,NA
61,60,string-lengths-backwards,tourney,FALSE,10,elitize_generation_data,60,3,0.101,NA
62,60,string-lengths-backwards,tourney,FALSE,10,elitize_generation_data,61,3,0.082,NA
63,60,string-lengths-backwards,tourney,FALSE,10,elitize_generation_data,62,4,0.104,NA
64,60,string-lengths-backwards,tourney,FALSE,10,elitize_generation_data,63,2,0.082,NA
65,60,string-lengths-backwards,tourney,FALSE,10,elitize_generation_data,64,3,0.084,NA
66,60,string-lengths-backwards,tourney,FALSE,10,elitize_generation_data,65,3,0.066,NA
67,60,string-lengths-backwards,tourney,FALSE,10,elitize_generation_data,66,2,0.091,NA
68,60,string-lengths-backwards,tourney,FALSE,10,elitize_generation_data,67,3,0.085,NA
69,60,string-lengths-backwards,tourney,FALSE,10,elitize_generation_data,68,4,0.084,NA
70,60,string-lengths-backwards,tourney,FALSE,10,elitize_generation_data,69,3,0.086,NA
71,60,string-lengths-backwards,tourney,FALSE,10,elitize_generation_data,70,4,0.094,NA
72,60,string-lengths-backwards,tourney,FALSE,10,elitize_generation_data,71,2,0.081,NA
73,60,string-lengths-backwards,tourney,FALSE,10,elitize_generation_data,72,4,0.057,NA
74,60,string-lengths-backwards,tourney,FALSE,10,elitize_generation_data,73,3,0.055,NA
75,60,string-lengths-backwards,tourney,FALSE,10,elitize_generation_data,74,3,0.049,NA
76,60,string-lengths-backwards,tourney,FALSE,10,elitize_generation_data,75,3,0.047,NA
77,60,string-lengths-backwards,tourney,FALSE,10,elitize_generation_data,76,2,0.046,NA
78,60,string-lengths-backwards,tourney,FALSE,10,elitize_generation_data,77,3,0.056,NA
79,60,string-lengths-backwards,tourney,FALSE,10,elitize_generation_data,78,2,0.054,NA
80,60,string-lengths-backwards,tourney,FALSE,10,elitize_generation_data,79,3,0.049,NA
81,60,string-lengths-backwards,tourney,FALSE,10,elitize_generation_data,80,4,0.052,NA
82,60,string-lengths-backwards,tourney,FALSE,10,elitize_generation_data,81,4,0.058,NA
83,60,string-lengths-backwards,tourney,FALSE,10,elitize_generation_data,82,3,0.047,NA
84,60,string-lengths-backwards,tourney,FALSE,10,elitize_generation_data,83,4,0.06,NA
85,60,string-lengths-backwards,tourney,FALSE,10,elitize_generation_data,84,3,0.057,NA
86,60,string-lengths-backwards,tourney,FALSE,10,elitize_generation_data,85,3,0.054,NA
87,60,string-lengths-backwards,tourney,FALSE,10,elitize_generation_data,86,3,0.047,NA
88,60,string-lengths-backwards,tourney,FALSE,10,elitize_generation_data,87,3,0.044,NA
89,60,string-lengths-backwards,tourney,FALSE,10,elitize_generation_data,88,4,0.059,NA
90,60,string-lengths-backwards,tourney,FALSE,10,elitize_generation_data,89,5,0.053,NA
91,60,string-lengths-backwards,tourney,FALSE,10,elitize_generation_data,90,3,0.057,NA
92,60,string-lengths-backwards,tourney,FALSE,10,elitize_generation_data,91,3,0.058,NA
93,60,string-lengths-backwards,tourney,FALSE,10,elitize_generation_data,92,3,0.055,NA
94,60,string-lengths-backwards,tourney,FALSE,10,elitize_generation_data,93,3,0.048,NA
95,60,string-lengths-backwards,tourney,FALSE,10,elitize_generation_data,94,4,0.055,NA
96,60,string-lengths-backwards,tourney,FALSE,10,elitize_generation_data,95,4,0.058,NA
97,60,string-lengths-backwards,tourney,FALSE,10,elitize_generation_data,96,4,0.059,NA
98,60,string-lengths-backwards,tourney,FALSE,10,elitize_generation_data,97,2,0.043,NA
99,60,string-lengths-backwards,tourney,FALSE,10,elitize_generation_data,98,5,0.056,NA
100,60,string-lengths-backwards,tourney,FALSE,10,elitize_generation_data,99,3,0.054,NA
101,60,string-lengths-backwards,tourney,FALSE,10,elitize_generation_data,100,3,0.047,NA
102,60,string-lengths-backwards,tourney,FALSE,10,elitize_generation_data,101,3,0.055,NA
103,60,string-lengths-backwards,tourney,FALSE,10,elitize_generation_data,102,4,0.055,NA
104,60,string-lengths-backwards,tourney,FALSE,10,elitize_generation_data,103,3,0.054,NA
105,60,string-lengths-backwards,tourney,FALSE,10,elitize_generation_data,104,4,0.053,NA
106,60,string-lengths-backwards,tourney,FALSE,10,elitize_generation_data,105,4,0.054,NA
107,60,string-lengths-backwards,tourney,FALSE,10,elitize_generation_data,106,2,0.05,NA
108,60,string-lengths-backwards,tourney,FALSE,10,elitize_generation_data,107,3,0.046,NA
109,60,string-lengths-backwards,tourney,FALSE,10,elitize_generation_data,108,2,0.053,NA
110,60,string-lengths-backwards,tourney,FALSE,10,elitize_generation_data,109,2,0.059,NA
111,60,string-lengths-backwards,tourney,FALSE,10,elitize_generation_data,110,3,0.062,NA
112,60,string-lengths-backwards,tourney,FALSE,10,elitize_generation_data,111,3,0.064,NA
113,60,string-lengths-backwards,tourney,FALSE,10,elitize_generation_data,112,2,0.057,NA
114,60,string-lengths-backwards,tourney,FALSE,10,elitize_generation_data,113,6,0.068,NA
115,60,string-lengths-backwards,tourney,FALSE,10,elitize_generation_data,114,3,0.06,NA
116,60,string-lengths-backwards,tourney,FALSE,10,elitize_generation_data,115,5,0.062,NA
117,60,string-lengths-backwards,tourney,FALSE,10,elitize_generation_data,116,3,0.061,NA
118,60,string-lengths-backwards,tourney,FALSE,10,elitize_generation_data,117,3,0.064,NA
119,60,string-lengths-backwards,tourney,FALSE,10,elitize_generation_data,118,3,0.069,NA
120,60,string-lengths-backwards,tourney,FALSE,10,elitize_generation_data,119,5,0.065,NA
121,60,string-lengths-backwards,tourney,FALSE,10,elitize_generation_data,120,3,0.078,NA
122,60,string-lengths-backwards,tourney,FALSE,10,elitize_generation_data,121,3,0.064,NA
123,60,string-lengths-backwards,tourney,FALSE,10,elitize_generation_data,122,4,0.07,NA
124,60,string-lengths-backwards,tourney,FALSE,10,elitize_generation_data,123,5,0.055,NA
125,60,string-lengths-backwards,tourney,FALSE,10,elitize_generation_data,124,6,0.069,NA
126,60,string-lengths-backwards,tourney,FALSE,10,elitize_generation_data,125,3,0.047,NA
127,60,string-lengths-backwards,tourney,FALSE,10,elitize_generation_data,126,4,0.074,NA
128,60,string-lengths-backwards,tourney,FALSE,10,elitize_generation_data,127,4,0.071,NA
129,60,string-lengths-backwards,tourney,FALSE,10,elitize_generation_data,128,3,0.051,NA
130,60,string-lengths-backwards,tourney,FALSE,10,elitize_generation_data,129,4,0.063,NA
131,60,string-lengths-backwards,tourney,FALSE,10,elitize_generation_data,130,4,0.078,NA
132,60,string-lengths-backwards,tourney,FALSE,10,elitize_generation_data,131,5,0.056,NA
133,60,string-lengths-backwards,tourney,FALSE,10,elitize_generation_data,132,4,0.061,NA
134,60,string-lengths-backwards,tourney,FALSE,10,elitize_generation_data,133,5,0.075,NA
135,60,string-lengths-backwards,tourney,FALSE,10,elitize_generation_data,134,4,0.058,NA
136,60,string-lengths-backwards,tourney,FALSE,10,elitize_generation_data,135,4,0.064,NA
137,60,string-lengths-backwards,tourney,FALSE,10,elitize_generation_data,136,5,0.064,NA
138,60,string-lengths-backwards,tourney,FALSE,10,elitize_generation_data,137,4,0.048,NA
139,60,string-lengths-backwards,tourney,FALSE,10,elitize_generation_data,138,2,0.058,NA
140,60,string-lengths-backwards,tourney,FALSE,10,elitize_generation_data,139,4,0.069,NA
141,60,string-lengths-backwards,tourney,FALSE,10,elitize_generation_data,140,5,0.065,NA
142,60,string-lengths-backwards,tourney,FALSE,10,elitize_generation_data,141,4,0.068,NA
143,60,string-lengths-backwards,tourney,FALSE,10,elitize_generation_data,142,3,0.062,NA
144,60,string-lengths-backwards,tourney,FALSE,10,elitize_generation_data,143,5,0.076,NA
145,60,string-lengths-backwards,tourney,FALSE,10,elitize_generation_data,144,3,0.059,NA
146,60,string-lengths-backwards,tourney,FALSE,10,elitize_generation_data,145,4,0.048,NA
147,60,string-lengths-backwards,tourney,FALSE,10,elitize_generation_data,146,3,0.055,NA
148,60,string-lengths-backwards,tourney,FALSE,10,elitize_generation_data,147,3,0.05,NA
149,60,string-lengths-backwards,tourney,FALSE,10,elitize_generation_data,148,5,0.065,NA
150,60,string-lengths-backwards,tourney,FALSE,10,elitize_generation_data,149,3,0.05,NA
151,60,string-lengths-backwards,tourney,FALSE,10,elitize_generation_data,150,3,0.055,NA
152,60,string-lengths-backwards,tourney,FALSE,10,elitize_generation_data,151,4,0.059,NA
153,60,string-lengths-backwards,tourney,FALSE,10,elitize_generation_data,152,4,0.061,NA
154,60,string-lengths-backwards,tourney,FALSE,10,elitize_generation_data,153,4,0.061,NA
155,60,string-lengths-backwards,tourney,FALSE,10,elitize_generation_data,154,5,0.063,NA
156,60,string-lengths-backwards,tourney,FALSE,10,elitize_generation_data,155,3,0.063,NA
157,60,string-lengths-backwards,tourney,FALSE,10,elitize_generation_data,156,4,0.058,NA
158,60,string-lengths-backwards,tourney,FALSE,10,elitize_generation_data,157,3,0.067,NA
159,60,string-lengths-backwards,tourney,FALSE,10,elitize_generation_data,158,4,0.061,NA
160,60,string-lengths-backwards,tourney,FALSE,10,elitize_generation_data,159,3,0.059,NA
161,60,string-lengths-backwards,tourney,FALSE,10,elitize_generation_data,160,4,0.057,NA
162,60,string-lengths-backwards,tourney,FALSE,10,elitize_generation_data,161,3,0.068,NA
163,60,string-lengths-backwards,tourney,FALSE,10,elitize_generation_data,162,4,0.07,NA
164,60,string-lengths-backwards,tourney,FALSE,10,elitize_generation_data,163,4,0.051,NA
165,60,string-lengths-backwards,tourney,FALSE,10,elitize_generation_data,164,4,0.076,NA
166,60,string-lengths-backwards,tourney,FALSE,10,elitize_generation_data,165,5,0.053,NA
167,60,string-lengths-backwards,tourney,FALSE,10,elitize_generation_data,166,4,0.057,NA
168,60,string-lengths-backwards,tourney,FALSE,10,elitize_generation_data,167,4,0.067,NA
169,60,string-lengths-backwards,tourney,FALSE,10,elitize_generation_data,168,3,0.069,NA
170,60,string-lengths-backwards,tourney,FALSE,10,elitize_generation_data,169,4,0.059,NA
171,60,string-lengths-backwards,tourney,FALSE,10,elitize_generation_data,170,4,0.066,NA
172,60,string-lengths-backwards,tourney,FALSE,10,elitize_generation_data,171,2,0.068,NA
173,60,string-lengths-backwards,tourney,FALSE,10,elitize_generation_data,172,3,0.059,NA
174,60,string-lengths-backwards,tourney,FALSE,10,elitize_generation_data,173,4,0.056,NA
175,60,string-lengths-backwards,tourney,FALSE,10,elitize_generation_data,174,3,0.06,NA
176,60,string-lengths-backwards,tourney,FALSE,10,elitize_generation_data,175,2,0.063,NA
177,60,string-lengths-backwards,tourney,FALSE,10,elitize_generation_data,176,3,0.071,NA
178,60,string-lengths-backwards,tourney,FALSE,10,elitize_generation_data,177,4,0.066,NA
179,60,string-lengths-backwards,tourney,FALSE,10,elitize_generation_data,178,5,0.072,NA
180,60,string-lengths-backwards,tourney,FALSE,10,elitize_generation_data,179,4,0.081,NA
181,60,string-lengths-backwards,tourney,FALSE,10,elitize_generation_data,180,4,0.066,NA
182,60,string-lengths-backwards,tourney,FALSE,10,elitize_generation_data,181,4,0.062,NA
183,60,string-lengths-backwards,tourney,FALSE,10,elitize_generation_data,182,4,0.071,NA
184,60,string-lengths-backwards,tourney,FALSE,10,elitize_generation_data,183,3,0.069,NA
185,60,string-lengths-backwards,tourney,FALSE,10,elitize_generation_data,184,4,0.069,NA
186,60,string-lengths-backwards,tourney,FALSE,10,elitize_generation_data,185,3,0.06,NA
187,60,string-lengths-backwards,tourney,FALSE,10,elitize_generation_data,186,5,0.06,NA
188,60,string-lengths-backwards,tourney,FALSE,10,elitize_generation_data,187,3,0.074,NA
189,60,string-lengths-backwards,tourney,FALSE,10,elitize_generation_data,188,3,0.056,NA
190,60,string-lengths-backwards,tourney,FALSE,10,elitize_generation_data,189,6,0.067,NA
191,60,string-lengths-backwards,tourney,FALSE,10,elitize_generation_data,190,5,0.074,NA
192,60,string-lengths-backwards,tourney,FALSE,10,elitize_generation_data,191,3,0.068,NA
193,60,string-lengths-backwards,tourney,FALSE,10,elitize_generation_data,192,3,0.066,NA
194,60,string-lengths-backwards,tourney,FALSE,10,elitize_generation_data,193,5,0.061,NA
195,60,string-lengths-backwards,tourney,FALSE,10,elitize_generation_data,194,5,0.075,NA
196,60,string-lengths-backwards,tourney,FALSE,10,elitize_generation_data,195,4,0.066,NA
197,60,string-lengths-backwards,tourney,FALSE,10,elitize_generation_data,196,5,0.066,NA
198,60,string-lengths-backwards,tourney,FALSE,10,elitize_generation_data,197,3,0.061,NA
199,60,string-lengths-backwards,tourney,FALSE,10,elitize_generation_data,198,4,0.064,NA
200,60,string-lengths-backwards,tourney,FALSE,10,elitize_generation_data,199,6,0.077,NA
201,60,string-lengths-backwards,tourney,FALSE,10,elitize_generation_data,200,4,0.063,NA
202,60,string-lengths-backwards,tourney,FALSE,10,elitize_generation_data,201,4,0.074,NA
203,60,string-lengths-backwards,tourney,FALSE,10,elitize_generation_data,202,2,0.069,NA
204,60,string-lengths-backwards,tourney,FALSE,10,elitize_generation_data,203,3,0.068,NA
205,60,string-lengths-backwards,tourney,FALSE,10,elitize_generation_data,204,4,0.067,NA
206,60,string-lengths-backwards,tourney,FALSE,10,elitize_generation_data,205,5,0.077,NA
207,60,string-lengths-backwards,tourney,FALSE,10,elitize_generation_data,206,5,0.069,NA
208,60,string-lengths-backwards,tourney,FALSE,10,elitize_generation_data,207,4,0.07,NA
209,60,string-lengths-backwards,tourney,FALSE,10,elitize_generation_data,208,3,0.067,NA
210,60,string-lengths-backwards,tourney,FALSE,10,elitize_generation_data,209,4,0.054,NA
211,60,string-lengths-backwards,tourney,FALSE,10,elitize_generation_data,210,4,0.066,NA
212,60,string-lengths-backwards,tourney,FALSE,10,elitize_generation_data,211,4,0.067,NA
213,60,string-lengths-backwards,tourney,FALSE,10,elitize_generation_data,212,3,0.063,NA
214,60,string-lengths-backwards,tourney,FALSE,10,elitize_generation_data,213,3,0.066,NA
215,60,string-lengths-backwards,tourney,FALSE,10,elitize_generation_data,214,4,0.06,NA
216,60,string-lengths-backwards,tourney,FALSE,10,elitize_generation_data,215,2,0.049,NA
217,60,string-lengths-backwards,tourney,FALSE,10,elitize_generation_data,216,3,0.064,NA
218,60,string-lengths-backwards,tourney,FALSE,10,elitize_generation_data,217,4,0.065,NA
219,60,string-lengths-backwards,tourney,FALSE,10,elitize_generation_data,218,4,0.061,NA
220,60,string-lengths-backwards,tourney,FALSE,10,elitize_generation_data,219,4,0.065,NA
221,60,string-lengths-backwards,tourney,FALSE,10,elitize_generation_data,220,3,0.073,NA
222,60,string-lengths-backwards,tourney,FALSE,10,elitize_generation_data,221,5,0.067,NA
223,60,string-lengths-backwards,tourney,FALSE,10,elitize_generation_data,222,4,0.069,NA
224,60,string-lengths-backwards,tourney,FALSE,10,elitize_generation_data,223,5,0.06,NA
225,60,string-lengths-backwards,tourney,FALSE,10,elitize_generation_data,224,3,0.058,NA
226,60,string-lengths-backwards,tourney,FALSE,10,elitize_generation_data,225,3,0.06,NA
227,60,string-lengths-backwards,tourney,FALSE,10,elitize_generation_data,226,4,0.063,NA
228,60,string-lengths-backwards,tourney,FALSE,10,elitize_generation_data,227,3,0.062,NA
229,60,string-lengths-backwards,tourney,FALSE,10,elitize_generation_data,228,3,0.061,NA
230,60,string-lengths-backwards,tourney,FALSE,10,elitize_generation_data,229,4,0.06,NA
231,60,string-lengths-backwards,tourney,FALSE,10,elitize_generation_data,230,3,0.07,NA
232,60,string-lengths-backwards,tourney,FALSE,10,elitize_generation_data,231,5,0.062,NA
233,60,string-lengths-backwards,tourney,FALSE,10,elitize_generation_data,232,4,0.07,NA
234,60,string-lengths-backwards,tourney,FALSE,10,elitize_generation_data,233,4,0.051,NA
235,60,string-lengths-backwards,tourney,FALSE,10,elitize_generation_data,234,5,0.069,NA
236,60,string-lengths-backwards,tourney,FALSE,10,elitize_generation_data,235,3,0.048,NA
237,60,string-lengths-backwards,tourney,FALSE,10,elitize_generation_data,236,3,0.064,NA
238,60,string-lengths-backwards,tourney,FALSE,10,elitize_generation_data,237,5,0.059,NA
239,60,string-lengths-backwards,tourney,FALSE,10,elitize_generation_data,238,3,0.06,NA
240,60,string-lengths-backwards,tourney,FALSE,10,elitize_generation_data,239,3,0.065,NA
241,60,string-lengths-backwards,tourney,FALSE,10,elitize_generation_data,240,5,0.06,NA
242,60,string-lengths-backwards,tourney,FALSE,10,elitize_generation_data,241,6,0.071,NA
243,60,string-lengths-backwards,tourney,FALSE,10,elitize_generation_data,242,4,0.065,NA
244,60,string-lengths-backwards,tourney,FALSE,10,elitize_generation_data,243,5,0.08,NA
245,60,string-lengths-backwards,tourney,FALSE,10,elitize_generation_data,244,3,0.059,NA
246,60,string-lengths-backwards,tourney,FALSE,10,elitize_generation_data,245,4,0.056,NA
247,60,string-lengths-backwards,tourney,FALSE,10,elitize_generation_data,246,3,0.057,NA
248,60,string-lengths-backwards,tourney,FALSE,10,elitize_generation_data,247,4,0.061,NA
249,60,string-lengths-backwards,tourney,FALSE,10,elitize_generation_data,248,4,0.058,NA
250,60,string-lengths-backwards,tourney,FALSE,10,elitize_generation_data,249,5,0.061,NA
251,60,string-lengths-backwards,tourney,FALSE,10,elitize_generation_data,250,4,0.06,NA
252,60,string-lengths-backwards,tourney,FALSE,10,elitize_generation_data,251,3,0.05,NA
253,60,string-lengths-backwards,tourney,FALSE,10,elitize_generation_data,252,5,0.066,NA
254,60,string-lengths-backwards,tourney,FALSE,10,elitize_generation_data,253,4,0.058,NA
255,60,string-lengths-backwards,tourney,FALSE,10,elitize_generation_data,254,4,0.059,NA
256,60,string-lengths-backwards,tourney,FALSE,10,elitize_generation_data,255,4,0.064,NA
257,60,string-lengths-backwards,tourney,FALSE,10,elitize_generation_data,256,3,0.055,NA
258,60,string-lengths-backwards,tourney,FALSE,10,elitize_generation_data,257,2,0.056,NA
259,60,string-lengths-backwards,tourney,FALSE,10,elitize_generation_data,258,3,0.061,NA
260,60,string-lengths-backwards,tourney,FALSE,10,elitize_generation_data,259,3,0.052,NA
261,60,string-lengths-backwards,tourney,FALSE,10,elitize_generation_data,260,2,0.065,NA
262,60,string-lengths-backwards,tourney,FALSE,10,elitize_generation_data,261,5,0.055,NA
263,60,string-lengths-backwards,tourney,FALSE,10,elitize_generation_data,262,3,0.063,NA
264,60,string-lengths-backwards,tourney,FALSE,10,elitize_generation_data,263,5,0.058,NA
265,60,string-lengths-backwards,tourney,FALSE,10,elitize_generation_data,264,4,0.064,NA
266,60,string-lengths-backwards,tourney,FALSE,10,elitize_generation_data,265,5,0.056,NA
267,60,string-lengths-backwards,tourney,FALSE,10,elitize_generation_data,266,4,0.072,NA
268,60,string-lengths-backwards,tourney,FALSE,10,elitize_generation_data,267,3,0.063,NA
269,60,string-lengths-backwards,tourney,FALSE,10,elitize_generation_data,268,3,0.051,NA
270,60,string-lengths-backwards,tourney,FALSE,10,elitize_generation_data,269,3,0.06,NA
271,60,string-lengths-backwards,tourney,FALSE,10,elitize_generation_data,270,3,0.067,NA
272,60,string-lengths-backwards,tourney,FALSE,10,elitize_generation_data,271,3,0.064,NA
273,60,string-lengths-backwards,tourney,FALSE,10,elitize_generation_data,272,4,0.059,NA
274,60,string-lengths-backwards,tourney,FALSE,10,elitize_generation_data,273,4,0.066,NA
275,60,string-lengths-backwards,tourney,FALSE,10,elitize_generation_data,274,2,0.058,NA
276,60,string-lengths-backwards,tourney,FALSE,10,elitize_generation_data,275,2,0.055,NA
277,60,string-lengths-backwards,tourney,FALSE,10,elitize_generation_data,276,3,0.05,NA
278,60,string-lengths-backwards,tourney,FALSE,10,elitize_generation_data,277,2,0.059,NA
279,60,string-lengths-backwards,tourney,FALSE,10,elitize_generation_data,278,4,0.064,NA
280,60,string-lengths-backwards,tourney,FALSE,10,elitize_generation_data,279,4,0.062,NA
281,60,string-lengths-backwards,tourney,FALSE,10,elitize_generation_data,280,3,0.066,NA
282,60,string-lengths-backwards,tourney,FALSE,10,elitize_generation_data,281,5,0.062,NA
283,60,string-lengths-backwards,tourney,FALSE,10,elitize_generation_data,282,2,0.058,NA
284,60,string-lengths-backwards,tourney,FALSE,10,elitize_generation_data,283,3,0.061,NA
285,60,string-lengths-backwards,tourney,FALSE,10,elitize_generation_data,284,3,0.066,NA
286,60,string-lengths-backwards,tourney,FALSE,10,elitize_generation_data,285,2,0.054,NA
287,60,string-lengths-backwards,tourney,FALSE,10,elitize_generation_data,286,5,0.048,NA
288,60,string-lengths-backwards,tourney,FALSE,10,elitize_generation_data,287,4,0.066,NA
289,60,string-lengths-backwards,tourney,FALSE,10,elitize_generation_data,288,3,0.057,NA
290,60,string-lengths-backwards,tourney,FALSE,10,elitize_generation_data,289,3,0.063,NA
291,60,string-lengths-backwards,tourney,FALSE,10,elitize_generation_data,290,3,0.06,NA
292,60,string-lengths-backwards,tourney,FALSE,10,elitize_generation_data,291,3,0.058,NA
293,60,string-lengths-backwards,tourney,FALSE,10,elitize_generation_data,292,4,0.06,NA
294,60,string-lengths-backwards,tourney,FALSE,10,elitize_generation_data,293,4,0.058,NA
295,60,string-lengths-backwards,tourney,FALSE,10,elitize_generation_data,294,4,0.061,NA
296,60,string-lengths-backwards,tourney,FALSE,10,elitize_generation_data,295,4,0.069,NA
297,60,string-lengths-backwards,tourney,FALSE,10,elitize_generation_data,296,3,0.066,NA
298,60,string-lengths-backwards,tourney,FALSE,10,elitize_generation_data,297,3,0.051,NA
299,60,string-lengths-backwards,tourney,FALSE,10,elitize_generation_data,298,4,0.07,NA
300,60,string-lengths-backwards,tourney,FALSE,10,elitize_generation_data,299,4,0.061,NA
301,60,string-lengths-backwards,tourney,FALSE,10,elitize_generation_data,300,3,0.062,NA
