,run.num,problem,treatment,succeeded,height,normalization.function,generation,cluster.count,error.diversity,success.generation
1,24,string-lengths-backwards,tourney,FALSE,10,elitize_generation_data,0,6,0.284,NA
2,24,string-lengths-backwards,tourney,FALSE,10,elitize_generation_data,1,6,0.184,NA
3,24,string-lengths-backwards,tourney,FALSE,10,elitize_generation_data,2,10,0.29,NA
4,24,string-lengths-backwards,tourney,FALSE,10,elitize_generation_data,3,9,0.277,NA
5,24,string-lengths-backwards,tourney,FALSE,10,elitize_generation_data,4,12,0.212,NA
6,24,string-lengths-backwards,tourney,FALSE,10,elitize_generation_data,5,11,0.223,NA
7,24,string-lengths-backwards,tourney,FALSE,10,elitize_generation_data,6,15,0.336,NA
8,24,string-lengths-backwards,tourney,FALSE,10,elitize_generation_data,7,12,0.412,NA
9,24,string-lengths-backwards,tourney,FALSE,10,elitize_generation_data,8,16,0.337,NA
10,24,string-lengths-backwards,tourney,FALSE,10,elitize_generation_data,9,19,0.271,NA
11,24,string-lengths-backwards,tourney,FALSE,10,elitize_generation_data,10,12,0.233,NA
12,24,string-lengths-backwards,tourney,FALSE,10,elitize_generation_data,11,13,0.25,NA
13,24,string-lengths-backwards,tourney,FALSE,10,elitize_generation_data,12,14,0.25,NA
14,24,string-lengths-backwards,tourney,FALSE,10,elitize_generation_data,13,12,0.184,NA
15,24,string-lengths-backwards,tourney,FALSE,10,elitize_generation_data,14,12,0.132,NA
16,24,string-lengths-backwards,tourney,FALSE,10,elitize_generation_data,15,18,0.131,NA
17,24,string-lengths-backwards,tourney,FALSE,10,elitize_generation_data,16,13,0.168,NA
18,24,string-lengths-backwards,tourney,FALSE,10,elitize_generation_data,17,14,0.174,NA
19,24,string-lengths-backwards,tourney,FALSE,10,elitize_generation_data,18,19,0.129,NA
20,24,string-lengths-backwards,tourney,FALSE,10,elitize_generation_data,19,20,0.157,NA
21,24,string-lengths-backwards,tourney,FALSE,10,elitize_generation_data,20,19,0.177,NA
22,24,string-lengths-backwards,tourney,FALSE,10,elitize_generation_data,21,20,0.137,NA
23,24,string-lengths-backwards,tourney,FALSE,10,elitize_generation_data,22,14,0.117,NA
24,24,string-lengths-backwards,tourney,FALSE,10,elitize_generation_data,23,14,0.116,NA
25,24,string-lengths-backwards,tourney,FALSE,10,elitize_generation_data,24,13,0.112,NA
26,24,string-lengths-backwards,tourney,FALSE,10,elitize_generation_data,25,11,0.122,NA
27,24,string-lengths-backwards,tourney,FALSE,10,elitize_generation_data,26,15,0.119,NA
28,24,string-lengths-backwards,tourney,FALSE,10,elitize_generation_data,27,18,0.114,NA
29,24,string-lengths-backwards,tourney,FALSE,10,elitize_generation_data,28,14,0.11,NA
30,24,string-lengths-backwards,tourney,FALSE,10,elitize_generation_data,29,14,0.143,NA
31,24,string-lengths-backwards,tourney,FALSE,10,elitize_generation_data,30,20,0.143,NA
32,24,string-lengths-backwards,tourney,FALSE,10,elitize_generation_data,31,19,0.132,NA
33,24,string-lengths-backwards,tourney,FALSE,10,elitize_generation_data,32,22,0.125,NA
34,24,string-lengths-backwards,tourney,FALSE,10,elitize_generation_data,33,16,0.133,NA
35,24,string-lengths-backwards,tourney,FALSE,10,elitize_generation_data,34,21,0.121,NA
36,24,string-lengths-backwards,tourney,FALSE,10,elitize_generation_data,35,21,0.124,NA
37,24,string-lengths-backwards,tourney,FALSE,10,elitize_generation_data,36,18,0.135,NA
38,24,string-lengths-backwards,tourney,FALSE,10,elitize_generation_data,37,22,0.124,NA
39,24,string-lengths-backwards,tourney,FALSE,10,elitize_generation_data,38,14,0.131,NA
40,24,string-lengths-backwards,tourney,FALSE,10,elitize_generation_data,39,16,0.125,NA
41,24,string-lengths-backwards,tourney,FALSE,10,elitize_generation_data,40,21,0.143,NA
42,24,string-lengths-backwards,tourney,FALSE,10,elitize_generation_data,41,16,0.176,NA
43,24,string-lengths-backwards,tourney,FALSE,10,elitize_generation_data,42,13,0.185,NA
44,24,string-lengths-backwards,tourney,FALSE,10,elitize_generation_data,43,10,0.219,NA
45,24,string-lengths-backwards,tourney,FALSE,10,elitize_generation_data,44,16,0.199,NA
46,24,string-lengths-backwards,tourney,FALSE,10,elitize_generation_data,45,11,0.206,NA
47,24,string-lengths-backwards,tourney,FALSE,10,elitize_generation_data,46,13,0.223,NA
48,24,string-lengths-backwards,tourney,FALSE,10,elitize_generation_data,47,12,0.247,NA
49,24,string-lengths-backwards,tourney,FALSE,10,elitize_generation_data,48,10,0.277,NA
50,24,string-lengths-backwards,tourney,FALSE,10,elitize_generation_data,49,14,0.273,NA
51,24,string-lengths-backwards,tourney,FALSE,10,elitize_generation_data,50,14,0.269,NA
52,24,string-lengths-backwards,tourney,FALSE,10,elitize_generation_data,51,8,0.276,NA
53,24,string-lengths-backwards,tourney,FALSE,10,elitize_generation_data,52,12,0.307,NA
54,24,string-lengths-backwards,tourney,FALSE,10,elitize_generation_data,53,14,0.279,NA
55,24,string-lengths-backwards,tourney,FALSE,10,elitize_generation_data,54,11,0.234,NA
56,24,string-lengths-backwards,tourney,FALSE,10,elitize_generation_data,55,12,0.231,NA
57,24,string-lengths-backwards,tourney,FALSE,10,elitize_generation_data,56,8,0.26,NA
58,24,string-lengths-backwards,tourney,FALSE,10,elitize_generation_data,57,13,0.328,NA
59,24,string-lengths-backwards,tourney,FALSE,10,elitize_generation_data,58,9,0.322,NA
60,24,string-lengths-backwards,tourney,FALSE,10,elitize_generation_data,59,8,0.334,NA
61,24,string-lengths-backwards,tourney,FALSE,10,elitize_generation_data,60,13,0.317,NA
62,24,string-lengths-backwards,tourney,FALSE,10,elitize_generation_data,61,15,0.315,NA
63,24,string-lengths-backwards,tourney,FALSE,10,elitize_generation_data,62,6,0.304,NA
64,24,string-lengths-backwards,tourney,FALSE,10,elitize_generation_data,63,13,0.296,NA
65,24,string-lengths-backwards,tourney,FALSE,10,elitize_generation_data,64,11,0.318,NA
66,24,string-lengths-backwards,tourney,FALSE,10,elitize_generation_data,65,7,0.31,NA
67,24,string-lengths-backwards,tourney,FALSE,10,elitize_generation_data,66,6,0.303,NA
68,24,string-lengths-backwards,tourney,FALSE,10,elitize_generation_data,67,12,0.279,NA
69,24,string-lengths-backwards,tourney,FALSE,10,elitize_generation_data,68,15,0.288,NA
70,24,string-lengths-backwards,tourney,FALSE,10,elitize_generation_data,69,14,0.278,NA
71,24,string-lengths-backwards,tourney,FALSE,10,elitize_generation_data,70,10,0.321,NA
72,24,string-lengths-backwards,tourney,FALSE,10,elitize_generation_data,71,12,0.316,NA
73,24,string-lengths-backwards,tourney,FALSE,10,elitize_generation_data,72,8,0.309,NA
74,24,string-lengths-backwards,tourney,FALSE,10,elitize_generation_data,73,10,0.317,NA
75,24,string-lengths-backwards,tourney,FALSE,10,elitize_generation_data,74,10,0.31,NA
76,24,string-lengths-backwards,tourney,FALSE,10,elitize_generation_data,75,10,0.287,NA
77,24,string-lengths-backwards,tourney,FALSE,10,elitize_generation_data,76,13,0.319,NA
78,24,string-lengths-backwards,tourney,FALSE,10,elitize_generation_data,77,3,0.315,NA
79,24,string-lengths-backwards,tourney,FALSE,10,elitize_generation_data,78,10,0.311,NA
80,24,string-lengths-backwards,tourney,FALSE,10,elitize_generation_data,79,9,0.311,NA
81,24,string-lengths-backwards,tourney,FALSE,10,elitize_generation_data,80,12,0.304,NA
82,24,string-lengths-backwards,tourney,FALSE,10,elitize_generation_data,81,13,0.315,NA
83,24,string-lengths-backwards,tourney,FALSE,10,elitize_generation_data,82,9,0.301,NA
84,24,string-lengths-backwards,tourney,FALSE,10,elitize_generation_data,83,12,0.311,NA
85,24,string-lengths-backwards,tourney,FALSE,10,elitize_generation_data,84,11,0.322,NA
86,24,string-lengths-backwards,tourney,FALSE,10,elitize_generation_data,85,10,0.313,NA
87,24,string-lengths-backwards,tourney,FALSE,10,elitize_generation_data,86,12,0.307,NA
88,24,string-lengths-backwards,tourney,FALSE,10,elitize_generation_data,87,8,0.305,NA
89,24,string-lengths-backwards,tourney,FALSE,10,elitize_generation_data,88,8,0.3,NA
90,24,string-lengths-backwards,tourney,FALSE,10,elitize_generation_data,89,7,0.295,NA
91,24,string-lengths-backwards,tourney,FALSE,10,elitize_generation_data,90,10,0.28,NA
92,24,string-lengths-backwards,tourney,FALSE,10,elitize_generation_data,91,9,0.315,NA
93,24,string-lengths-backwards,tourney,FALSE,10,elitize_generation_data,92,8,0.286,NA
94,24,string-lengths-backwards,tourney,FALSE,10,elitize_generation_data,93,9,0.292,NA
95,24,string-lengths-backwards,tourney,FALSE,10,elitize_generation_data,94,7,0.306,NA
96,24,string-lengths-backwards,tourney,FALSE,10,elitize_generation_data,95,11,0.319,NA
97,24,string-lengths-backwards,tourney,FALSE,10,elitize_generation_data,96,11,0.299,NA
98,24,string-lengths-backwards,tourney,FALSE,10,elitize_generation_data,97,9,0.312,NA
99,24,string-lengths-backwards,tourney,FALSE,10,elitize_generation_data,98,15,0.298,NA
100,24,string-lengths-backwards,tourney,FALSE,10,elitize_generation_data,99,9,0.297,NA
101,24,string-lengths-backwards,tourney,FALSE,10,elitize_generation_data,100,7,0.321,NA
102,24,string-lengths-backwards,tourney,FALSE,10,elitize_generation_data,101,8,0.303,NA
103,24,string-lengths-backwards,tourney,FALSE,10,elitize_generation_data,102,10,0.293,NA
104,24,string-lengths-backwards,tourney,FALSE,10,elitize_generation_data,103,15,0.312,NA
105,24,string-lengths-backwards,tourney,FALSE,10,elitize_generation_data,104,10,0.309,NA
106,24,string-lengths-backwards,tourney,FALSE,10,elitize_generation_data,105,5,0.294,NA
107,24,string-lengths-backwards,tourney,FALSE,10,elitize_generation_data,106,12,0.307,NA
108,24,string-lengths-backwards,tourney,FALSE,10,elitize_generation_data,107,13,0.308,NA
109,24,string-lengths-backwards,tourney,FALSE,10,elitize_generation_data,108,12,0.317,NA
110,24,string-lengths-backwards,tourney,FALSE,10,elitize_generation_data,109,7,0.312,NA
111,24,string-lengths-backwards,tourney,FALSE,10,elitize_generation_data,110,11,0.317,NA
112,24,string-lengths-backwards,tourney,FALSE,10,elitize_generation_data,111,7,0.286,NA
113,24,string-lengths-backwards,tourney,FALSE,10,elitize_generation_data,112,8,0.32,NA
114,24,string-lengths-backwards,tourney,FALSE,10,elitize_generation_data,113,13,0.303,NA
115,24,string-lengths-backwards,tourney,FALSE,10,elitize_generation_data,114,15,0.33,NA
116,24,string-lengths-backwards,tourney,FALSE,10,elitize_generation_data,115,7,0.313,NA
117,24,string-lengths-backwards,tourney,FALSE,10,elitize_generation_data,116,12,0.307,NA
118,24,string-lengths-backwards,tourney,FALSE,10,elitize_generation_data,117,7,0.295,NA
119,24,string-lengths-backwards,tourney,FALSE,10,elitize_generation_data,118,9,0.299,NA
120,24,string-lengths-backwards,tourney,FALSE,10,elitize_generation_data,119,7,0.299,NA
121,24,string-lengths-backwards,tourney,FALSE,10,elitize_generation_data,120,9,0.303,NA
122,24,string-lengths-backwards,tourney,FALSE,10,elitize_generation_data,121,3,0.294,NA
123,24,string-lengths-backwards,tourney,FALSE,10,elitize_generation_data,122,11,0.303,NA
124,24,string-lengths-backwards,tourney,FALSE,10,elitize_generation_data,123,4,0.298,NA
125,24,string-lengths-backwards,tourney,FALSE,10,elitize_generation_data,124,11,0.309,NA
126,24,string-lengths-backwards,tourney,FALSE,10,elitize_generation_data,125,11,0.31,NA
127,24,string-lengths-backwards,tourney,FALSE,10,elitize_generation_data,126,8,0.315,NA
128,24,string-lengths-backwards,tourney,FALSE,10,elitize_generation_data,127,6,0.312,NA
129,24,string-lengths-backwards,tourney,FALSE,10,elitize_generation_data,128,11,0.316,NA
130,24,string-lengths-backwards,tourney,FALSE,10,elitize_generation_data,129,10,0.305,NA
131,24,string-lengths-backwards,tourney,FALSE,10,elitize_generation_data,130,9,0.308,NA
132,24,string-lengths-backwards,tourney,FALSE,10,elitize_generation_data,131,5,0.297,NA
133,24,string-lengths-backwards,tourney,FALSE,10,elitize_generation_data,132,12,0.293,NA
134,24,string-lengths-backwards,tourney,FALSE,10,elitize_generation_data,133,8,0.287,NA
135,24,string-lengths-backwards,tourney,FALSE,10,elitize_generation_data,134,7,0.289,NA
136,24,string-lengths-backwards,tourney,FALSE,10,elitize_generation_data,135,10,0.311,NA
137,24,string-lengths-backwards,tourney,FALSE,10,elitize_generation_data,136,7,0.287,NA
138,24,string-lengths-backwards,tourney,FALSE,10,elitize_generation_data,137,8,0.29,NA
139,24,string-lengths-backwards,tourney,FALSE,10,elitize_generation_data,138,4,0.322,NA
140,24,string-lengths-backwards,tourney,FALSE,10,elitize_generation_data,139,10,0.295,NA
141,24,string-lengths-backwards,tourney,FALSE,10,elitize_generation_data,140,8,0.312,NA
142,24,string-lengths-backwards,tourney,FALSE,10,elitize_generation_data,141,7,0.285,NA
143,24,string-lengths-backwards,tourney,FALSE,10,elitize_generation_data,142,10,0.304,NA
144,24,string-lengths-backwards,tourney,FALSE,10,elitize_generation_data,143,11,0.281,NA
145,24,string-lengths-backwards,tourney,FALSE,10,elitize_generation_data,144,6,0.311,NA
146,24,string-lengths-backwards,tourney,FALSE,10,elitize_generation_data,145,10,0.277,NA
147,24,string-lengths-backwards,tourney,FALSE,10,elitize_generation_data,146,7,0.278,NA
148,24,string-lengths-backwards,tourney,FALSE,10,elitize_generation_data,147,7,0.298,NA
149,24,string-lengths-backwards,tourney,FALSE,10,elitize_generation_data,148,5,0.338,NA
150,24,string-lengths-backwards,tourney,FALSE,10,elitize_generation_data,149,5,0.323,NA
151,24,string-lengths-backwards,tourney,FALSE,10,elitize_generation_data,150,8,0.292,NA
152,24,string-lengths-backwards,tourney,FALSE,10,elitize_generation_data,151,9,0.297,NA
153,24,string-lengths-backwards,tourney,FALSE,10,elitize_generation_data,152,12,0.312,NA
154,24,string-lengths-backwards,tourney,FALSE,10,elitize_generation_data,153,17,0.293,NA
155,24,string-lengths-backwards,tourney,FALSE,10,elitize_generation_data,154,10,0.29,NA
156,24,string-lengths-backwards,tourney,FALSE,10,elitize_generation_data,155,9,0.291,NA
157,24,string-lengths-backwards,tourney,FALSE,10,elitize_generation_data,156,9,0.268,NA
158,24,string-lengths-backwards,tourney,FALSE,10,elitize_generation_data,157,9,0.32,NA
159,24,string-lengths-backwards,tourney,FALSE,10,elitize_generation_data,158,12,0.282,NA
160,24,string-lengths-backwards,tourney,FALSE,10,elitize_generation_data,159,7,0.302,NA
161,24,string-lengths-backwards,tourney,FALSE,10,elitize_generation_data,160,8,0.294,NA
162,24,string-lengths-backwards,tourney,FALSE,10,elitize_generation_data,161,8,0.284,NA
163,24,string-lengths-backwards,tourney,FALSE,10,elitize_generation_data,162,6,0.3,NA
164,24,string-lengths-backwards,tourney,FALSE,10,elitize_generation_data,163,7,0.288,NA
165,24,string-lengths-backwards,tourney,FALSE,10,elitize_generation_data,164,4,0.298,NA
166,24,string-lengths-backwards,tourney,FALSE,10,elitize_generation_data,165,5,0.278,NA
167,24,string-lengths-backwards,tourney,FALSE,10,elitize_generation_data,166,12,0.295,NA
168,24,string-lengths-backwards,tourney,FALSE,10,elitize_generation_data,167,8,0.288,NA
169,24,string-lengths-backwards,tourney,FALSE,10,elitize_generation_data,168,7,0.304,NA
170,24,string-lengths-backwards,tourney,FALSE,10,elitize_generation_data,169,10,0.295,NA
171,24,string-lengths-backwards,tourney,FALSE,10,elitize_generation_data,170,15,0.296,NA
172,24,string-lengths-backwards,tourney,FALSE,10,elitize_generation_data,171,6,0.288,NA
173,24,string-lengths-backwards,tourney,FALSE,10,elitize_generation_data,172,7,0.274,NA
174,24,string-lengths-backwards,tourney,FALSE,10,elitize_generation_data,173,8,0.306,NA
175,24,string-lengths-backwards,tourney,FALSE,10,elitize_generation_data,174,11,0.296,NA
176,24,string-lengths-backwards,tourney,FALSE,10,elitize_generation_data,175,5,0.316,NA
177,24,string-lengths-backwards,tourney,FALSE,10,elitize_generation_data,176,5,0.292,NA
178,24,string-lengths-backwards,tourney,FALSE,10,elitize_generation_data,177,6,0.302,NA
179,24,string-lengths-backwards,tourney,FALSE,10,elitize_generation_data,178,14,0.291,NA
180,24,string-lengths-backwards,tourney,FALSE,10,elitize_generation_data,179,9,0.311,NA
181,24,string-lengths-backwards,tourney,FALSE,10,elitize_generation_data,180,13,0.318,NA
182,24,string-lengths-backwards,tourney,FALSE,10,elitize_generation_data,181,5,0.298,NA
183,24,string-lengths-backwards,tourney,FALSE,10,elitize_generation_data,182,5,0.311,NA
184,24,string-lengths-backwards,tourney,FALSE,10,elitize_generation_data,183,18,0.28,NA
185,24,string-lengths-backwards,tourney,FALSE,10,elitize_generation_data,184,12,0.288,NA
186,24,string-lengths-backwards,tourney,FALSE,10,elitize_generation_data,185,8,0.297,NA
187,24,string-lengths-backwards,tourney,FALSE,10,elitize_generation_data,186,13,0.307,NA
188,24,string-lengths-backwards,tourney,FALSE,10,elitize_generation_data,187,14,0.288,NA
189,24,string-lengths-backwards,tourney,FALSE,10,elitize_generation_data,188,8,0.307,NA
190,24,string-lengths-backwards,tourney,FALSE,10,elitize_generation_data,189,18,0.283,NA
191,24,string-lengths-backwards,tourney,FALSE,10,elitize_generation_data,190,3,0.29,NA
192,24,string-lengths-backwards,tourney,FALSE,10,elitize_generation_data,191,11,0.332,NA
193,24,string-lengths-backwards,tourney,FALSE,10,elitize_generation_data,192,10,0.298,NA
194,24,string-lengths-backwards,tourney,FALSE,10,elitize_generation_data,193,10,0.284,NA
195,24,string-lengths-backwards,tourney,FALSE,10,elitize_generation_data,194,14,0.293,NA
196,24,string-lengths-backwards,tourney,FALSE,10,elitize_generation_data,195,15,0.291,NA
197,24,string-lengths-backwards,tourney,FALSE,10,elitize_generation_data,196,10,0.308,NA
198,24,string-lengths-backwards,tourney,FALSE,10,elitize_generation_data,197,10,0.287,NA
199,24,string-lengths-backwards,tourney,FALSE,10,elitize_generation_data,198,8,0.279,NA
200,24,string-lengths-backwards,tourney,FALSE,10,elitize_generation_data,199,8,0.278,NA
201,24,string-lengths-backwards,tourney,FALSE,10,elitize_generation_data,200,8,0.299,NA
202,24,string-lengths-backwards,tourney,FALSE,10,elitize_generation_data,201,7,0.277,NA
203,24,string-lengths-backwards,tourney,FALSE,10,elitize_generation_data,202,10,0.293,NA
204,24,string-lengths-backwards,tourney,FALSE,10,elitize_generation_data,203,13,0.289,NA
205,24,string-lengths-backwards,tourney,FALSE,10,elitize_generation_data,204,9,0.305,NA
206,24,string-lengths-backwards,tourney,FALSE,10,elitize_generation_data,205,15,0.299,NA
207,24,string-lengths-backwards,tourney,FALSE,10,elitize_generation_data,206,9,0.302,NA
208,24,string-lengths-backwards,tourney,FALSE,10,elitize_generation_data,207,8,0.309,NA
209,24,string-lengths-backwards,tourney,FALSE,10,elitize_generation_data,208,9,0.307,NA
210,24,string-lengths-backwards,tourney,FALSE,10,elitize_generation_data,209,12,0.313,NA
211,24,string-lengths-backwards,tourney,FALSE,10,elitize_generation_data,210,12,0.293,NA
212,24,string-lengths-backwards,tourney,FALSE,10,elitize_generation_data,211,8,0.292,NA
213,24,string-lengths-backwards,tourney,FALSE,10,elitize_generation_data,212,11,0.281,NA
214,24,string-lengths-backwards,tourney,FALSE,10,elitize_generation_data,213,6,0.316,NA
215,24,string-lengths-backwards,tourney,FALSE,10,elitize_generation_data,214,9,0.283,NA
216,24,string-lengths-backwards,tourney,FALSE,10,elitize_generation_data,215,7,0.296,NA
217,24,string-lengths-backwards,tourney,FALSE,10,elitize_generation_data,216,8,0.314,NA
218,24,string-lengths-backwards,tourney,FALSE,10,elitize_generation_data,217,9,0.301,NA
219,24,string-lengths-backwards,tourney,FALSE,10,elitize_generation_data,218,6,0.299,NA
220,24,string-lengths-backwards,tourney,FALSE,10,elitize_generation_data,219,10,0.283,NA
221,24,string-lengths-backwards,tourney,FALSE,10,elitize_generation_data,220,9,0.283,NA
222,24,string-lengths-backwards,tourney,FALSE,10,elitize_generation_data,221,7,0.279,NA
223,24,string-lengths-backwards,tourney,FALSE,10,elitize_generation_data,222,12,0.282,NA
224,24,string-lengths-backwards,tourney,FALSE,10,elitize_generation_data,223,11,0.306,NA
225,24,string-lengths-backwards,tourney,FALSE,10,elitize_generation_data,224,20,0.302,NA
226,24,string-lengths-backwards,tourney,FALSE,10,elitize_generation_data,225,5,0.306,NA
227,24,string-lengths-backwards,tourney,FALSE,10,elitize_generation_data,226,10,0.312,NA
228,24,string-lengths-backwards,tourney,FALSE,10,elitize_generation_data,227,12,0.289,NA
229,24,string-lengths-backwards,tourney,FALSE,10,elitize_generation_data,228,11,0.291,NA
230,24,string-lengths-backwards,tourney,FALSE,10,elitize_generation_data,229,9,0.294,NA
231,24,string-lengths-backwards,tourney,FALSE,10,elitize_generation_data,230,9,0.297,NA
232,24,string-lengths-backwards,tourney,FALSE,10,elitize_generation_data,231,6,0.279,NA
233,24,string-lengths-backwards,tourney,FALSE,10,elitize_generation_data,232,11,0.28,NA
234,24,string-lengths-backwards,tourney,FALSE,10,elitize_generation_data,233,2,0.287,NA
235,24,string-lengths-backwards,tourney,FALSE,10,elitize_generation_data,234,7,0.294,NA
236,24,string-lengths-backwards,tourney,FALSE,10,elitize_generation_data,235,7,0.268,NA
237,24,string-lengths-backwards,tourney,FALSE,10,elitize_generation_data,236,6,0.27,NA
238,24,string-lengths-backwards,tourney,FALSE,10,elitize_generation_data,237,13,0.302,NA
239,24,string-lengths-backwards,tourney,FALSE,10,elitize_generation_data,238,5,0.282,NA
240,24,string-lengths-backwards,tourney,FALSE,10,elitize_generation_data,239,8,0.274,NA
241,24,string-lengths-backwards,tourney,FALSE,10,elitize_generation_data,240,8,0.274,NA
242,24,string-lengths-backwards,tourney,FALSE,10,elitize_generation_data,241,10,0.311,NA
243,24,string-lengths-backwards,tourney,FALSE,10,elitize_generation_data,242,12,0.275,NA
244,24,string-lengths-backwards,tourney,FALSE,10,elitize_generation_data,243,13,0.289,NA
245,24,string-lengths-backwards,tourney,FALSE,10,elitize_generation_data,244,8,0.275,NA
246,24,string-lengths-backwards,tourney,FALSE,10,elitize_generation_data,245,9,0.263,NA
247,24,string-lengths-backwards,tourney,FALSE,10,elitize_generation_data,246,9,0.292,NA
248,24,string-lengths-backwards,tourney,FALSE,10,elitize_generation_data,247,7,0.254,NA
249,24,string-lengths-backwards,tourney,FALSE,10,elitize_generation_data,248,8,0.285,NA
250,24,string-lengths-backwards,tourney,FALSE,10,elitize_generation_data,249,11,0.279,NA
251,24,string-lengths-backwards,tourney,FALSE,10,elitize_generation_data,250,11,0.323,NA
252,24,string-lengths-backwards,tourney,FALSE,10,elitize_generation_data,251,10,0.266,NA
253,24,string-lengths-backwards,tourney,FALSE,10,elitize_generation_data,252,9,0.276,NA
254,24,string-lengths-backwards,tourney,FALSE,10,elitize_generation_data,253,10,0.301,NA
255,24,string-lengths-backwards,tourney,FALSE,10,elitize_generation_data,254,10,0.287,NA
256,24,string-lengths-backwards,tourney,FALSE,10,elitize_generation_data,255,8,0.274,NA
257,24,string-lengths-backwards,tourney,FALSE,10,elitize_generation_data,256,7,0.28,NA
258,24,string-lengths-backwards,tourney,FALSE,10,elitize_generation_data,257,13,0.281,NA
259,24,string-lengths-backwards,tourney,FALSE,10,elitize_generation_data,258,9,0.264,NA
260,24,string-lengths-backwards,tourney,FALSE,10,elitize_generation_data,259,8,0.284,NA
261,24,string-lengths-backwards,tourney,FALSE,10,elitize_generation_data,260,12,0.283,NA
262,24,string-lengths-backwards,tourney,FALSE,10,elitize_generation_data,261,9,0.277,NA
263,24,string-lengths-backwards,tourney,FALSE,10,elitize_generation_data,262,11,0.262,NA
264,24,string-lengths-backwards,tourney,FALSE,10,elitize_generation_data,263,13,0.27,NA
265,24,string-lengths-backwards,tourney,FALSE,10,elitize_generation_data,264,4,0.283,NA
266,24,string-lengths-backwards,tourney,FALSE,10,elitize_generation_data,265,8,0.275,NA
267,24,string-lengths-backwards,tourney,FALSE,10,elitize_generation_data,266,14,0.249,NA
268,24,string-lengths-backwards,tourney,FALSE,10,elitize_generation_data,267,15,0.277,NA
269,24,string-lengths-backwards,tourney,FALSE,10,elitize_generation_data,268,10,0.269,NA
270,24,string-lengths-backwards,tourney,FALSE,10,elitize_generation_data,269,7,0.265,NA
271,24,string-lengths-backwards,tourney,FALSE,10,elitize_generation_data,270,8,0.29,NA
272,24,string-lengths-backwards,tourney,FALSE,10,elitize_generation_data,271,12,0.259,NA
273,24,string-lengths-backwards,tourney,FALSE,10,elitize_generation_data,272,12,0.288,NA
274,24,string-lengths-backwards,tourney,FALSE,10,elitize_generation_data,273,7,0.256,NA
275,24,string-lengths-backwards,tourney,FALSE,10,elitize_generation_data,274,11,0.278,NA
276,24,string-lengths-backwards,tourney,FALSE,10,elitize_generation_data,275,12,0.263,NA
277,24,string-lengths-backwards,tourney,FALSE,10,elitize_generation_data,276,9,0.261,NA
278,24,string-lengths-backwards,tourney,FALSE,10,elitize_generation_data,277,11,0.265,NA
279,24,string-lengths-backwards,tourney,FALSE,10,elitize_generation_data,278,8,0.28,NA
280,24,string-lengths-backwards,tourney,FALSE,10,elitize_generation_data,279,9,0.243,NA
281,24,string-lengths-backwards,tourney,FALSE,10,elitize_generation_data,280,15,0.266,NA
282,24,string-lengths-backwards,tourney,FALSE,10,elitize_generation_data,281,13,0.251,NA
283,24,string-lengths-backwards,tourney,FALSE,10,elitize_generation_data,282,9,0.272,NA
284,24,string-lengths-backwards,tourney,FALSE,10,elitize_generation_data,283,6,0.259,NA
285,24,string-lengths-backwards,tourney,FALSE,10,elitize_generation_data,284,4,0.264,NA
286,24,string-lengths-backwards,tourney,FALSE,10,elitize_generation_data,285,9,0.248,NA
287,24,string-lengths-backwards,tourney,FALSE,10,elitize_generation_data,286,11,0.249,NA
288,24,string-lengths-backwards,tourney,FALSE,10,elitize_generation_data,287,9,0.291,NA
289,24,string-lengths-backwards,tourney,FALSE,10,elitize_generation_data,288,5,0.261,NA
290,24,string-lengths-backwards,tourney,FALSE,10,elitize_generation_data,289,11,0.285,NA
291,24,string-lengths-backwards,tourney,FALSE,10,elitize_generation_data,290,9,0.283,NA
292,24,string-lengths-backwards,tourney,FALSE,10,elitize_generation_data,291,10,0.251,NA
293,24,string-lengths-backwards,tourney,FALSE,10,elitize_generation_data,292,9,0.267,NA
294,24,string-lengths-backwards,tourney,FALSE,10,elitize_generation_data,293,9,0.287,NA
295,24,string-lengths-backwards,tourney,FALSE,10,elitize_generation_data,294,8,0.27,NA
296,24,string-lengths-backwards,tourney,FALSE,10,elitize_generation_data,295,8,0.265,NA
297,24,string-lengths-backwards,tourney,FALSE,10,elitize_generation_data,296,7,0.251,NA
298,24,string-lengths-backwards,tourney,FALSE,10,elitize_generation_data,297,15,0.243,NA
299,24,string-lengths-backwards,tourney,FALSE,10,elitize_generation_data,298,5,0.247,NA
300,24,string-lengths-backwards,tourney,FALSE,10,elitize_generation_data,299,4,0.286,NA
301,24,string-lengths-backwards,tourney,FALSE,10,elitize_generation_data,300,9,0.244,NA
