,run.num,problem,treatment,succeeded,height,normalization.function,generation,cluster.count,error.diversity,success.generation
1,29,string-lengths-backwards,tourney,FALSE,10,elitize_generation_data,0,9,0.295,NA
2,29,string-lengths-backwards,tourney,FALSE,10,elitize_generation_data,1,9,0.177,NA
3,29,string-lengths-backwards,tourney,FALSE,10,elitize_generation_data,2,11,0.213,NA
4,29,string-lengths-backwards,tourney,FALSE,10,elitize_generation_data,3,7,0.159,NA
5,29,string-lengths-backwards,tourney,FALSE,10,elitize_generation_data,4,13,0.088,NA
6,29,string-lengths-backwards,tourney,FALSE,10,elitize_generation_data,5,16,0.093,NA
7,29,string-lengths-backwards,tourney,FALSE,10,elitize_generation_data,6,18,0.103,NA
8,29,string-lengths-backwards,tourney,FALSE,10,elitize_generation_data,7,22,0.123,NA
9,29,string-lengths-backwards,tourney,FALSE,10,elitize_generation_data,8,28,0.152,NA
10,29,string-lengths-backwards,tourney,FALSE,10,elitize_generation_data,9,22,0.122,NA
11,29,string-lengths-backwards,tourney,FALSE,10,elitize_generation_data,10,13,0.096,NA
12,29,string-lengths-backwards,tourney,FALSE,10,elitize_generation_data,11,10,0.071,NA
13,29,string-lengths-backwards,tourney,FALSE,10,elitize_generation_data,12,4,0.092,NA
14,29,string-lengths-backwards,tourney,FALSE,10,elitize_generation_data,13,3,0.121,NA
15,29,string-lengths-backwards,tourney,FALSE,10,elitize_generation_data,14,8,0.18,NA
16,29,string-lengths-backwards,tourney,FALSE,10,elitize_generation_data,15,7,0.185,NA
17,29,string-lengths-backwards,tourney,FALSE,10,elitize_generation_data,16,7,0.163,NA
18,29,string-lengths-backwards,tourney,FALSE,10,elitize_generation_data,17,9,0.144,NA
19,29,string-lengths-backwards,tourney,FALSE,10,elitize_generation_data,18,9,0.146,NA
20,29,string-lengths-backwards,tourney,FALSE,10,elitize_generation_data,19,6,0.132,NA
21,29,string-lengths-backwards,tourney,FALSE,10,elitize_generation_data,20,13,0.105,NA
22,29,string-lengths-backwards,tourney,FALSE,10,elitize_generation_data,21,17,0.12,NA
23,29,string-lengths-backwards,tourney,FALSE,10,elitize_generation_data,22,14,0.096,NA
24,29,string-lengths-backwards,tourney,FALSE,10,elitize_generation_data,23,17,0.102,NA
25,29,string-lengths-backwards,tourney,FALSE,10,elitize_generation_data,24,14,0.1,NA
26,29,string-lengths-backwards,tourney,FALSE,10,elitize_generation_data,25,13,0.105,NA
27,29,string-lengths-backwards,tourney,FALSE,10,elitize_generation_data,26,13,0.109,NA
28,29,string-lengths-backwards,tourney,FALSE,10,elitize_generation_data,27,15,0.111,NA
29,29,string-lengths-backwards,tourney,FALSE,10,elitize_generation_data,28,14,0.123,NA
30,29,string-lengths-backwards,tourney,FALSE,10,elitize_generation_data,29,15,0.128,NA
31,29,string-lengths-backwards,tourney,FALSE,10,elitize_generation_data,30,14,0.116,NA
32,29,string-lengths-backwards,tourney,FALSE,10,elitize_generation_data,31,15,0.127,NA
33,29,string-lengths-backwards,tourney,FALSE,10,elitize_generation_data,32,10,0.119,NA
34,29,string-lengths-backwards,tourney,FALSE,10,elitize_generation_data,33,17,0.129,NA
35,29,string-lengths-backwards,tourney,FALSE,10,elitize_generation_data,34,20,0.121,NA
36,29,string-lengths-backwards,tourney,FALSE,10,elitize_generation_data,35,10,0.122,NA
37,29,string-lengths-backwards,tourney,FALSE,10,elitize_generation_data,36,10,0.12,NA
38,29,string-lengths-backwards,tourney,FALSE,10,elitize_generation_data,37,13,0.146,NA
39,29,string-lengths-backwards,tourney,FALSE,10,elitize_generation_data,38,12,0.107,NA
40,29,string-lengths-backwards,tourney,FALSE,10,elitize_generation_data,39,14,0.124,NA
41,29,string-lengths-backwards,tourney,FALSE,10,elitize_generation_data,40,11,0.098,NA
42,29,string-lengths-backwards,tourney,FALSE,10,elitize_generation_data,41,9,0.108,NA
43,29,string-lengths-backwards,tourney,FALSE,10,elitize_generation_data,42,8,0.123,NA
44,29,string-lengths-backwards,tourney,FALSE,10,elitize_generation_data,43,11,0.134,NA
45,29,string-lengths-backwards,tourney,FALSE,10,elitize_generation_data,44,9,0.163,NA
46,29,string-lengths-backwards,tourney,FALSE,10,elitize_generation_data,45,7,0.154,NA
47,29,string-lengths-backwards,tourney,FALSE,10,elitize_generation_data,46,10,0.131,NA
48,29,string-lengths-backwards,tourney,FALSE,10,elitize_generation_data,47,11,0.129,NA
49,29,string-lengths-backwards,tourney,FALSE,10,elitize_generation_data,48,14,0.123,NA
50,29,string-lengths-backwards,tourney,FALSE,10,elitize_generation_data,49,11,0.106,NA
51,29,string-lengths-backwards,tourney,FALSE,10,elitize_generation_data,50,7,0.104,NA
52,29,string-lengths-backwards,tourney,FALSE,10,elitize_generation_data,51,9,0.116,NA
53,29,string-lengths-backwards,tourney,FALSE,10,elitize_generation_data,52,15,0.113,NA
54,29,string-lengths-backwards,tourney,FALSE,10,elitize_generation_data,53,11,0.106,NA
55,29,string-lengths-backwards,tourney,FALSE,10,elitize_generation_data,54,11,0.106,NA
56,29,string-lengths-backwards,tourney,FALSE,10,elitize_generation_data,55,11,0.108,NA
57,29,string-lengths-backwards,tourney,FALSE,10,elitize_generation_data,56,11,0.11,NA
58,29,string-lengths-backwards,tourney,FALSE,10,elitize_generation_data,57,15,0.109,NA
59,29,string-lengths-backwards,tourney,FALSE,10,elitize_generation_data,58,9,0.113,NA
60,29,string-lengths-backwards,tourney,FALSE,10,elitize_generation_data,59,9,0.1,NA
61,29,string-lengths-backwards,tourney,FALSE,10,elitize_generation_data,60,18,0.096,NA
62,29,string-lengths-backwards,tourney,FALSE,10,elitize_generation_data,61,15,0.1,NA
63,29,string-lengths-backwards,tourney,FALSE,10,elitize_generation_data,62,7,0.121,NA
64,29,string-lengths-backwards,tourney,FALSE,10,elitize_generation_data,63,13,0.089,NA
65,29,string-lengths-backwards,tourney,FALSE,10,elitize_generation_data,64,10,0.105,NA
66,29,string-lengths-backwards,tourney,FALSE,10,elitize_generation_data,65,8,0.106,NA
67,29,string-lengths-backwards,tourney,FALSE,10,elitize_generation_data,66,9,0.104,NA
68,29,string-lengths-backwards,tourney,FALSE,10,elitize_generation_data,67,11,0.103,NA
69,29,string-lengths-backwards,tourney,FALSE,10,elitize_generation_data,68,12,0.109,NA
70,29,string-lengths-backwards,tourney,FALSE,10,elitize_generation_data,69,7,0.106,NA
71,29,string-lengths-backwards,tourney,FALSE,10,elitize_generation_data,70,10,0.1,NA
72,29,string-lengths-backwards,tourney,FALSE,10,elitize_generation_data,71,11,0.096,NA
73,29,string-lengths-backwards,tourney,FALSE,10,elitize_generation_data,72,10,0.107,NA
74,29,string-lengths-backwards,tourney,FALSE,10,elitize_generation_data,73,8,0.099,NA
75,29,string-lengths-backwards,tourney,FALSE,10,elitize_generation_data,74,14,0.11,NA
76,29,string-lengths-backwards,tourney,FALSE,10,elitize_generation_data,75,9,0.103,NA
77,29,string-lengths-backwards,tourney,FALSE,10,elitize_generation_data,76,6,0.093,NA
78,29,string-lengths-backwards,tourney,FALSE,10,elitize_generation_data,77,13,0.098,NA
79,29,string-lengths-backwards,tourney,FALSE,10,elitize_generation_data,78,11,0.105,NA
80,29,string-lengths-backwards,tourney,FALSE,10,elitize_generation_data,79,11,0.101,NA
81,29,string-lengths-backwards,tourney,FALSE,10,elitize_generation_data,80,10,0.093,NA
82,29,string-lengths-backwards,tourney,FALSE,10,elitize_generation_data,81,10,0.099,NA
83,29,string-lengths-backwards,tourney,FALSE,10,elitize_generation_data,82,14,0.097,NA
84,29,string-lengths-backwards,tourney,FALSE,10,elitize_generation_data,83,14,0.093,NA
85,29,string-lengths-backwards,tourney,FALSE,10,elitize_generation_data,84,13,0.112,NA
86,29,string-lengths-backwards,tourney,FALSE,10,elitize_generation_data,85,15,0.092,NA
87,29,string-lengths-backwards,tourney,FALSE,10,elitize_generation_data,86,10,0.105,NA
88,29,string-lengths-backwards,tourney,FALSE,10,elitize_generation_data,87,8,0.087,NA
89,29,string-lengths-backwards,tourney,FALSE,10,elitize_generation_data,88,14,0.108,NA
90,29,string-lengths-backwards,tourney,FALSE,10,elitize_generation_data,89,11,0.102,NA
91,29,string-lengths-backwards,tourney,FALSE,10,elitize_generation_data,90,12,0.097,NA
92,29,string-lengths-backwards,tourney,FALSE,10,elitize_generation_data,91,10,0.095,NA
93,29,string-lengths-backwards,tourney,FALSE,10,elitize_generation_data,92,10,0.099,NA
94,29,string-lengths-backwards,tourney,FALSE,10,elitize_generation_data,93,7,0.1,NA
95,29,string-lengths-backwards,tourney,FALSE,10,elitize_generation_data,94,12,0.085,NA
96,29,string-lengths-backwards,tourney,FALSE,10,elitize_generation_data,95,10,0.086,NA
97,29,string-lengths-backwards,tourney,FALSE,10,elitize_generation_data,96,8,0.096,NA
98,29,string-lengths-backwards,tourney,FALSE,10,elitize_generation_data,97,8,0.092,NA
99,29,string-lengths-backwards,tourney,FALSE,10,elitize_generation_data,98,11,0.116,NA
100,29,string-lengths-backwards,tourney,FALSE,10,elitize_generation_data,99,9,0.089,NA
101,29,string-lengths-backwards,tourney,FALSE,10,elitize_generation_data,100,11,0.089,NA
102,29,string-lengths-backwards,tourney,FALSE,10,elitize_generation_data,101,10,0.089,NA
103,29,string-lengths-backwards,tourney,FALSE,10,elitize_generation_data,102,11,0.091,NA
104,29,string-lengths-backwards,tourney,FALSE,10,elitize_generation_data,103,10,0.094,NA
105,29,string-lengths-backwards,tourney,FALSE,10,elitize_generation_data,104,10,0.09,NA
106,29,string-lengths-backwards,tourney,FALSE,10,elitize_generation_data,105,14,0.098,NA
107,29,string-lengths-backwards,tourney,FALSE,10,elitize_generation_data,106,11,0.084,NA
108,29,string-lengths-backwards,tourney,FALSE,10,elitize_generation_data,107,11,0.093,NA
109,29,string-lengths-backwards,tourney,FALSE,10,elitize_generation_data,108,9,0.1,NA
110,29,string-lengths-backwards,tourney,FALSE,10,elitize_generation_data,109,10,0.091,NA
111,29,string-lengths-backwards,tourney,FALSE,10,elitize_generation_data,110,9,0.103,NA
112,29,string-lengths-backwards,tourney,FALSE,10,elitize_generation_data,111,11,0.073,NA
113,29,string-lengths-backwards,tourney,FALSE,10,elitize_generation_data,112,10,0.091,NA
114,29,string-lengths-backwards,tourney,FALSE,10,elitize_generation_data,113,12,0.073,NA
115,29,string-lengths-backwards,tourney,FALSE,10,elitize_generation_data,114,11,0.098,NA
116,29,string-lengths-backwards,tourney,FALSE,10,elitize_generation_data,115,10,0.095,NA
117,29,string-lengths-backwards,tourney,FALSE,10,elitize_generation_data,116,13,0.092,NA
118,29,string-lengths-backwards,tourney,FALSE,10,elitize_generation_data,117,10,0.084,NA
119,29,string-lengths-backwards,tourney,FALSE,10,elitize_generation_data,118,12,0.092,NA
120,29,string-lengths-backwards,tourney,FALSE,10,elitize_generation_data,119,10,0.093,NA
121,29,string-lengths-backwards,tourney,FALSE,10,elitize_generation_data,120,11,0.088,NA
122,29,string-lengths-backwards,tourney,FALSE,10,elitize_generation_data,121,12,0.091,NA
123,29,string-lengths-backwards,tourney,FALSE,10,elitize_generation_data,122,10,0.088,NA
124,29,string-lengths-backwards,tourney,FALSE,10,elitize_generation_data,123,9,0.085,NA
125,29,string-lengths-backwards,tourney,FALSE,10,elitize_generation_data,124,10,0.095,NA
126,29,string-lengths-backwards,tourney,FALSE,10,elitize_generation_data,125,10,0.093,NA
127,29,string-lengths-backwards,tourney,FALSE,10,elitize_generation_data,126,10,0.104,NA
128,29,string-lengths-backwards,tourney,FALSE,10,elitize_generation_data,127,9,0.104,NA
129,29,string-lengths-backwards,tourney,FALSE,10,elitize_generation_data,128,10,0.086,NA
130,29,string-lengths-backwards,tourney,FALSE,10,elitize_generation_data,129,9,0.089,NA
131,29,string-lengths-backwards,tourney,FALSE,10,elitize_generation_data,130,9,0.079,NA
132,29,string-lengths-backwards,tourney,FALSE,10,elitize_generation_data,131,10,0.09,NA
133,29,string-lengths-backwards,tourney,FALSE,10,elitize_generation_data,132,11,0.089,NA
134,29,string-lengths-backwards,tourney,FALSE,10,elitize_generation_data,133,10,0.102,NA
135,29,string-lengths-backwards,tourney,FALSE,10,elitize_generation_data,134,11,0.09,NA
136,29,string-lengths-backwards,tourney,FALSE,10,elitize_generation_data,135,11,0.084,NA
137,29,string-lengths-backwards,tourney,FALSE,10,elitize_generation_data,136,9,0.09,NA
138,29,string-lengths-backwards,tourney,FALSE,10,elitize_generation_data,137,12,0.093,NA
139,29,string-lengths-backwards,tourney,FALSE,10,elitize_generation_data,138,9,0.091,NA
140,29,string-lengths-backwards,tourney,FALSE,10,elitize_generation_data,139,11,0.084,NA
141,29,string-lengths-backwards,tourney,FALSE,10,elitize_generation_data,140,9,0.093,NA
142,29,string-lengths-backwards,tourney,FALSE,10,elitize_generation_data,141,9,0.091,NA
143,29,string-lengths-backwards,tourney,FALSE,10,elitize_generation_data,142,7,0.078,NA
144,29,string-lengths-backwards,tourney,FALSE,10,elitize_generation_data,143,8,0.078,NA
145,29,string-lengths-backwards,tourney,FALSE,10,elitize_generation_data,144,11,0.088,NA
146,29,string-lengths-backwards,tourney,FALSE,10,elitize_generation_data,145,9,0.088,NA
147,29,string-lengths-backwards,tourney,FALSE,10,elitize_generation_data,146,11,0.101,NA
148,29,string-lengths-backwards,tourney,FALSE,10,elitize_generation_data,147,10,0.082,NA
149,29,string-lengths-backwards,tourney,FALSE,10,elitize_generation_data,148,8,0.09,NA
150,29,string-lengths-backwards,tourney,FALSE,10,elitize_generation_data,149,9,0.083,NA
151,29,string-lengths-backwards,tourney,FALSE,10,elitize_generation_data,150,9,0.089,NA
152,29,string-lengths-backwards,tourney,FALSE,10,elitize_generation_data,151,9,0.091,NA
153,29,string-lengths-backwards,tourney,FALSE,10,elitize_generation_data,152,9,0.082,NA
154,29,string-lengths-backwards,tourney,FALSE,10,elitize_generation_data,153,8,0.108,NA
155,29,string-lengths-backwards,tourney,FALSE,10,elitize_generation_data,154,8,0.098,NA
156,29,string-lengths-backwards,tourney,FALSE,10,elitize_generation_data,155,10,0.102,NA
157,29,string-lengths-backwards,tourney,FALSE,10,elitize_generation_data,156,10,0.094,NA
158,29,string-lengths-backwards,tourney,FALSE,10,elitize_generation_data,157,9,0.103,NA
159,29,string-lengths-backwards,tourney,FALSE,10,elitize_generation_data,158,7,0.096,NA
160,29,string-lengths-backwards,tourney,FALSE,10,elitize_generation_data,159,9,0.09,NA
161,29,string-lengths-backwards,tourney,FALSE,10,elitize_generation_data,160,8,0.099,NA
162,29,string-lengths-backwards,tourney,FALSE,10,elitize_generation_data,161,9,0.094,NA
163,29,string-lengths-backwards,tourney,FALSE,10,elitize_generation_data,162,8,0.084,NA
164,29,string-lengths-backwards,tourney,FALSE,10,elitize_generation_data,163,8,0.097,NA
165,29,string-lengths-backwards,tourney,FALSE,10,elitize_generation_data,164,11,0.102,NA
166,29,string-lengths-backwards,tourney,FALSE,10,elitize_generation_data,165,9,0.079,NA
167,29,string-lengths-backwards,tourney,FALSE,10,elitize_generation_data,166,11,0.083,NA
168,29,string-lengths-backwards,tourney,FALSE,10,elitize_generation_data,167,9,0.101,NA
169,29,string-lengths-backwards,tourney,FALSE,10,elitize_generation_data,168,8,0.087,NA
170,29,string-lengths-backwards,tourney,FALSE,10,elitize_generation_data,169,9,0.094,NA
171,29,string-lengths-backwards,tourney,FALSE,10,elitize_generation_data,170,10,0.085,NA
172,29,string-lengths-backwards,tourney,FALSE,10,elitize_generation_data,171,10,0.087,NA
173,29,string-lengths-backwards,tourney,FALSE,10,elitize_generation_data,172,10,0.09,NA
174,29,string-lengths-backwards,tourney,FALSE,10,elitize_generation_data,173,10,0.08,NA
175,29,string-lengths-backwards,tourney,FALSE,10,elitize_generation_data,174,11,0.082,NA
176,29,string-lengths-backwards,tourney,FALSE,10,elitize_generation_data,175,8,0.093,NA
177,29,string-lengths-backwards,tourney,FALSE,10,elitize_generation_data,176,9,0.094,NA
178,29,string-lengths-backwards,tourney,FALSE,10,elitize_generation_data,177,12,0.086,NA
179,29,string-lengths-backwards,tourney,FALSE,10,elitize_generation_data,178,13,0.103,NA
180,29,string-lengths-backwards,tourney,FALSE,10,elitize_generation_data,179,10,0.086,NA
181,29,string-lengths-backwards,tourney,FALSE,10,elitize_generation_data,180,10,0.08,NA
182,29,string-lengths-backwards,tourney,FALSE,10,elitize_generation_data,181,8,0.095,NA
183,29,string-lengths-backwards,tourney,FALSE,10,elitize_generation_data,182,9,0.096,NA
184,29,string-lengths-backwards,tourney,FALSE,10,elitize_generation_data,183,9,0.098,NA
185,29,string-lengths-backwards,tourney,FALSE,10,elitize_generation_data,184,12,0.083,NA
186,29,string-lengths-backwards,tourney,FALSE,10,elitize_generation_data,185,11,0.086,NA
187,29,string-lengths-backwards,tourney,FALSE,10,elitize_generation_data,186,9,0.093,NA
188,29,string-lengths-backwards,tourney,FALSE,10,elitize_generation_data,187,11,0.085,NA
189,29,string-lengths-backwards,tourney,FALSE,10,elitize_generation_data,188,7,0.077,NA
190,29,string-lengths-backwards,tourney,FALSE,10,elitize_generation_data,189,11,0.087,NA
191,29,string-lengths-backwards,tourney,FALSE,10,elitize_generation_data,190,8,0.09,NA
192,29,string-lengths-backwards,tourney,FALSE,10,elitize_generation_data,191,11,0.082,NA
193,29,string-lengths-backwards,tourney,FALSE,10,elitize_generation_data,192,10,0.089,NA
194,29,string-lengths-backwards,tourney,FALSE,10,elitize_generation_data,193,12,0.086,NA
195,29,string-lengths-backwards,tourney,FALSE,10,elitize_generation_data,194,12,0.084,NA
196,29,string-lengths-backwards,tourney,FALSE,10,elitize_generation_data,195,11,0.09,NA
197,29,string-lengths-backwards,tourney,FALSE,10,elitize_generation_data,196,11,0.085,NA
198,29,string-lengths-backwards,tourney,FALSE,10,elitize_generation_data,197,8,0.079,NA
199,29,string-lengths-backwards,tourney,FALSE,10,elitize_generation_data,198,12,0.077,NA
200,29,string-lengths-backwards,tourney,FALSE,10,elitize_generation_data,199,8,0.086,NA
201,29,string-lengths-backwards,tourney,FALSE,10,elitize_generation_data,200,11,0.087,NA
202,29,string-lengths-backwards,tourney,FALSE,10,elitize_generation_data,201,10,0.091,NA
203,29,string-lengths-backwards,tourney,FALSE,10,elitize_generation_data,202,13,0.081,NA
204,29,string-lengths-backwards,tourney,FALSE,10,elitize_generation_data,203,9,0.074,NA
205,29,string-lengths-backwards,tourney,FALSE,10,elitize_generation_data,204,9,0.082,NA
206,29,string-lengths-backwards,tourney,FALSE,10,elitize_generation_data,205,9,0.088,NA
207,29,string-lengths-backwards,tourney,FALSE,10,elitize_generation_data,206,10,0.081,NA
208,29,string-lengths-backwards,tourney,FALSE,10,elitize_generation_data,207,12,0.098,NA
209,29,string-lengths-backwards,tourney,FALSE,10,elitize_generation_data,208,10,0.085,NA
210,29,string-lengths-backwards,tourney,FALSE,10,elitize_generation_data,209,9,0.078,NA
211,29,string-lengths-backwards,tourney,FALSE,10,elitize_generation_data,210,9,0.087,NA
212,29,string-lengths-backwards,tourney,FALSE,10,elitize_generation_data,211,7,0.084,NA
213,29,string-lengths-backwards,tourney,FALSE,10,elitize_generation_data,212,8,0.086,NA
214,29,string-lengths-backwards,tourney,FALSE,10,elitize_generation_data,213,9,0.076,NA
215,29,string-lengths-backwards,tourney,FALSE,10,elitize_generation_data,214,7,0.096,NA
216,29,string-lengths-backwards,tourney,FALSE,10,elitize_generation_data,215,9,0.086,NA
217,29,string-lengths-backwards,tourney,FALSE,10,elitize_generation_data,216,8,0.088,NA
218,29,string-lengths-backwards,tourney,FALSE,10,elitize_generation_data,217,10,0.08,NA
219,29,string-lengths-backwards,tourney,FALSE,10,elitize_generation_data,218,9,0.076,NA
220,29,string-lengths-backwards,tourney,FALSE,10,elitize_generation_data,219,10,0.075,NA
221,29,string-lengths-backwards,tourney,FALSE,10,elitize_generation_data,220,14,0.084,NA
222,29,string-lengths-backwards,tourney,FALSE,10,elitize_generation_data,221,10,0.076,NA
223,29,string-lengths-backwards,tourney,FALSE,10,elitize_generation_data,222,9,0.078,NA
224,29,string-lengths-backwards,tourney,FALSE,10,elitize_generation_data,223,10,0.087,NA
225,29,string-lengths-backwards,tourney,FALSE,10,elitize_generation_data,224,10,0.085,NA
226,29,string-lengths-backwards,tourney,FALSE,10,elitize_generation_data,225,11,0.083,NA
227,29,string-lengths-backwards,tourney,FALSE,10,elitize_generation_data,226,9,0.084,NA
228,29,string-lengths-backwards,tourney,FALSE,10,elitize_generation_data,227,10,0.081,NA
229,29,string-lengths-backwards,tourney,FALSE,10,elitize_generation_data,228,9,0.078,NA
230,29,string-lengths-backwards,tourney,FALSE,10,elitize_generation_data,229,9,0.092,NA
231,29,string-lengths-backwards,tourney,FALSE,10,elitize_generation_data,230,9,0.084,NA
232,29,string-lengths-backwards,tourney,FALSE,10,elitize_generation_data,231,12,0.068,NA
233,29,string-lengths-backwards,tourney,FALSE,10,elitize_generation_data,232,11,0.075,NA
234,29,string-lengths-backwards,tourney,FALSE,10,elitize_generation_data,233,10,0.078,NA
235,29,string-lengths-backwards,tourney,FALSE,10,elitize_generation_data,234,10,0.09,NA
236,29,string-lengths-backwards,tourney,FALSE,10,elitize_generation_data,235,10,0.091,NA
237,29,string-lengths-backwards,tourney,FALSE,10,elitize_generation_data,236,10,0.086,NA
238,29,string-lengths-backwards,tourney,FALSE,10,elitize_generation_data,237,9,0.084,NA
239,29,string-lengths-backwards,tourney,FALSE,10,elitize_generation_data,238,11,0.089,NA
240,29,string-lengths-backwards,tourney,FALSE,10,elitize_generation_data,239,10,0.077,NA
241,29,string-lengths-backwards,tourney,FALSE,10,elitize_generation_data,240,11,0.068,NA
242,29,string-lengths-backwards,tourney,FALSE,10,elitize_generation_data,241,7,0.08,NA
243,29,string-lengths-backwards,tourney,FALSE,10,elitize_generation_data,242,11,0.091,NA
244,29,string-lengths-backwards,tourney,FALSE,10,elitize_generation_data,243,11,0.089,NA
245,29,string-lengths-backwards,tourney,FALSE,10,elitize_generation_data,244,8,0.09,NA
246,29,string-lengths-backwards,tourney,FALSE,10,elitize_generation_data,245,12,0.091,NA
247,29,string-lengths-backwards,tourney,FALSE,10,elitize_generation_data,246,11,0.082,NA
248,29,string-lengths-backwards,tourney,FALSE,10,elitize_generation_data,247,12,0.082,NA
249,29,string-lengths-backwards,tourney,FALSE,10,elitize_generation_data,248,13,0.091,NA
250,29,string-lengths-backwards,tourney,FALSE,10,elitize_generation_data,249,9,0.096,NA
251,29,string-lengths-backwards,tourney,FALSE,10,elitize_generation_data,250,11,0.081,NA
252,29,string-lengths-backwards,tourney,FALSE,10,elitize_generation_data,251,10,0.08,NA
253,29,string-lengths-backwards,tourney,FALSE,10,elitize_generation_data,252,10,0.089,NA
254,29,string-lengths-backwards,tourney,FALSE,10,elitize_generation_data,253,10,0.076,NA
255,29,string-lengths-backwards,tourney,FALSE,10,elitize_generation_data,254,11,0.077,NA
256,29,string-lengths-backwards,tourney,FALSE,10,elitize_generation_data,255,13,0.089,NA
257,29,string-lengths-backwards,tourney,FALSE,10,elitize_generation_data,256,7,0.076,NA
258,29,string-lengths-backwards,tourney,FALSE,10,elitize_generation_data,257,8,0.1,NA
259,29,string-lengths-backwards,tourney,FALSE,10,elitize_generation_data,258,10,0.092,NA
260,29,string-lengths-backwards,tourney,FALSE,10,elitize_generation_data,259,12,0.083,NA
261,29,string-lengths-backwards,tourney,FALSE,10,elitize_generation_data,260,10,0.081,NA
262,29,string-lengths-backwards,tourney,FALSE,10,elitize_generation_data,261,9,0.085,NA
263,29,string-lengths-backwards,tourney,FALSE,10,elitize_generation_data,262,10,0.078,NA
264,29,string-lengths-backwards,tourney,FALSE,10,elitize_generation_data,263,10,0.089,NA
265,29,string-lengths-backwards,tourney,FALSE,10,elitize_generation_data,264,7,0.085,NA
266,29,string-lengths-backwards,tourney,FALSE,10,elitize_generation_data,265,13,0.075,NA
267,29,string-lengths-backwards,tourney,FALSE,10,elitize_generation_data,266,10,0.077,NA
268,29,string-lengths-backwards,tourney,FALSE,10,elitize_generation_data,267,10,0.087,NA
269,29,string-lengths-backwards,tourney,FALSE,10,elitize_generation_data,268,9,0.074,NA
270,29,string-lengths-backwards,tourney,FALSE,10,elitize_generation_data,269,10,0.072,NA
271,29,string-lengths-backwards,tourney,FALSE,10,elitize_generation_data,270,8,0.076,NA
272,29,string-lengths-backwards,tourney,FALSE,10,elitize_generation_data,271,7,0.087,NA
273,29,string-lengths-backwards,tourney,FALSE,10,elitize_generation_data,272,8,0.084,NA
274,29,string-lengths-backwards,tourney,FALSE,10,elitize_generation_data,273,10,0.088,NA
275,29,string-lengths-backwards,tourney,FALSE,10,elitize_generation_data,274,11,0.094,NA
276,29,string-lengths-backwards,tourney,FALSE,10,elitize_generation_data,275,8,0.093,NA
277,29,string-lengths-backwards,tourney,FALSE,10,elitize_generation_data,276,11,0.073,NA
278,29,string-lengths-backwards,tourney,FALSE,10,elitize_generation_data,277,10,0.079,NA
279,29,string-lengths-backwards,tourney,FALSE,10,elitize_generation_data,278,8,0.075,NA
280,29,string-lengths-backwards,tourney,FALSE,10,elitize_generation_data,279,10,0.096,NA
281,29,string-lengths-backwards,tourney,FALSE,10,elitize_generation_data,280,6,0.088,NA
282,29,string-lengths-backwards,tourney,FALSE,10,elitize_generation_data,281,8,0.077,NA
283,29,string-lengths-backwards,tourney,FALSE,10,elitize_generation_data,282,11,0.083,NA
284,29,string-lengths-backwards,tourney,FALSE,10,elitize_generation_data,283,9,0.09,NA
285,29,string-lengths-backwards,tourney,FALSE,10,elitize_generation_data,284,12,0.084,NA
286,29,string-lengths-backwards,tourney,FALSE,10,elitize_generation_data,285,11,0.077,NA
287,29,string-lengths-backwards,tourney,FALSE,10,elitize_generation_data,286,6,0.085,NA
288,29,string-lengths-backwards,tourney,FALSE,10,elitize_generation_data,287,9,0.091,NA
289,29,string-lengths-backwards,tourney,FALSE,10,elitize_generation_data,288,8,0.088,NA
290,29,string-lengths-backwards,tourney,FALSE,10,elitize_generation_data,289,7,0.076,NA
291,29,string-lengths-backwards,tourney,FALSE,10,elitize_generation_data,290,9,0.083,NA
292,29,string-lengths-backwards,tourney,FALSE,10,elitize_generation_data,291,8,0.074,NA
293,29,string-lengths-backwards,tourney,FALSE,10,elitize_generation_data,292,11,0.086,NA
294,29,string-lengths-backwards,tourney,FALSE,10,elitize_generation_data,293,10,0.074,NA
295,29,string-lengths-backwards,tourney,FALSE,10,elitize_generation_data,294,12,0.078,NA
296,29,string-lengths-backwards,tourney,FALSE,10,elitize_generation_data,295,8,0.074,NA
297,29,string-lengths-backwards,tourney,FALSE,10,elitize_generation_data,296,9,0.082,NA
298,29,string-lengths-backwards,tourney,FALSE,10,elitize_generation_data,297,9,0.075,NA
299,29,string-lengths-backwards,tourney,FALSE,10,elitize_generation_data,298,12,0.085,NA
300,29,string-lengths-backwards,tourney,FALSE,10,elitize_generation_data,299,8,0.074,NA
301,29,string-lengths-backwards,tourney,FALSE,10,elitize_generation_data,300,8,0.086,NA
