,run.num,problem,treatment,succeeded,height,normalization.function,generation,cluster.count,error.diversity,success.generation
1,70,string-lengths-backwards,tourney,FALSE,10,elitize_generation_data,0,5,0.266,NA
2,70,string-lengths-backwards,tourney,FALSE,10,elitize_generation_data,1,10,0.157,NA
3,70,string-lengths-backwards,tourney,FALSE,10,elitize_generation_data,2,7,0.295,NA
4,70,string-lengths-backwards,tourney,FALSE,10,elitize_generation_data,3,7,0.327,NA
5,70,string-lengths-backwards,tourney,FALSE,10,elitize_generation_data,4,7,0.236,NA
6,70,string-lengths-backwards,tourney,FALSE,10,elitize_generation_data,5,12,0.208,NA
7,70,string-lengths-backwards,tourney,FALSE,10,elitize_generation_data,6,12,0.188,NA
8,70,string-lengths-backwards,tourney,FALSE,10,elitize_generation_data,7,14,0.156,NA
9,70,string-lengths-backwards,tourney,FALSE,10,elitize_generation_data,8,18,0.172,NA
10,70,string-lengths-backwards,tourney,FALSE,10,elitize_generation_data,9,29,0.212,NA
11,70,string-lengths-backwards,tourney,FALSE,10,elitize_generation_data,10,32,0.233,NA
12,70,string-lengths-backwards,tourney,FALSE,10,elitize_generation_data,11,41,0.27,NA
13,70,string-lengths-backwards,tourney,FALSE,10,elitize_generation_data,12,20,0.234,NA
14,70,string-lengths-backwards,tourney,FALSE,10,elitize_generation_data,13,24,0.183,NA
15,70,string-lengths-backwards,tourney,FALSE,10,elitize_generation_data,14,18,0.135,NA
16,70,string-lengths-backwards,tourney,FALSE,10,elitize_generation_data,15,2,0.08,NA
17,70,string-lengths-backwards,tourney,FALSE,10,elitize_generation_data,16,2,0.057,NA
18,70,string-lengths-backwards,tourney,FALSE,10,elitize_generation_data,17,5,0.065,NA
19,70,string-lengths-backwards,tourney,FALSE,10,elitize_generation_data,18,10,0.081,NA
20,70,string-lengths-backwards,tourney,FALSE,10,elitize_generation_data,19,9,0.179,NA
21,70,string-lengths-backwards,tourney,FALSE,10,elitize_generation_data,20,12,0.231,NA
22,70,string-lengths-backwards,tourney,FALSE,10,elitize_generation_data,21,9,0.248,NA
23,70,string-lengths-backwards,tourney,FALSE,10,elitize_generation_data,22,6,0.25,NA
24,70,string-lengths-backwards,tourney,FALSE,10,elitize_generation_data,23,9,0.229,NA
25,70,string-lengths-backwards,tourney,FALSE,10,elitize_generation_data,24,14,0.23,NA
26,70,string-lengths-backwards,tourney,FALSE,10,elitize_generation_data,25,10,0.232,NA
27,70,string-lengths-backwards,tourney,FALSE,10,elitize_generation_data,26,10,0.226,NA
28,70,string-lengths-backwards,tourney,FALSE,10,elitize_generation_data,27,22,0.186,NA
29,70,string-lengths-backwards,tourney,FALSE,10,elitize_generation_data,28,19,0.126,NA
30,70,string-lengths-backwards,tourney,FALSE,10,elitize_generation_data,29,16,0.124,NA
31,70,string-lengths-backwards,tourney,FALSE,10,elitize_generation_data,30,17,0.114,NA
32,70,string-lengths-backwards,tourney,FALSE,10,elitize_generation_data,31,21,0.101,NA
33,70,string-lengths-backwards,tourney,FALSE,10,elitize_generation_data,32,19,0.114,NA
34,70,string-lengths-backwards,tourney,FALSE,10,elitize_generation_data,33,14,0.129,NA
35,70,string-lengths-backwards,tourney,FALSE,10,elitize_generation_data,34,18,0.119,NA
36,70,string-lengths-backwards,tourney,FALSE,10,elitize_generation_data,35,19,0.117,NA
37,70,string-lengths-backwards,tourney,FALSE,10,elitize_generation_data,36,18,0.121,NA
38,70,string-lengths-backwards,tourney,FALSE,10,elitize_generation_data,37,17,0.127,NA
39,70,string-lengths-backwards,tourney,FALSE,10,elitize_generation_data,38,16,0.127,NA
40,70,string-lengths-backwards,tourney,FALSE,10,elitize_generation_data,39,11,0.127,NA
41,70,string-lengths-backwards,tourney,FALSE,10,elitize_generation_data,40,17,0.131,NA
42,70,string-lengths-backwards,tourney,FALSE,10,elitize_generation_data,41,16,0.136,NA
43,70,string-lengths-backwards,tourney,FALSE,10,elitize_generation_data,42,24,0.118,NA
44,70,string-lengths-backwards,tourney,FALSE,10,elitize_generation_data,43,22,0.112,NA
45,70,string-lengths-backwards,tourney,FALSE,10,elitize_generation_data,44,18,0.109,NA
46,70,string-lengths-backwards,tourney,FALSE,10,elitize_generation_data,45,18,0.1,NA
47,70,string-lengths-backwards,tourney,FALSE,10,elitize_generation_data,46,21,0.121,NA
48,70,string-lengths-backwards,tourney,FALSE,10,elitize_generation_data,47,19,0.1,NA
49,70,string-lengths-backwards,tourney,FALSE,10,elitize_generation_data,48,19,0.081,NA
50,70,string-lengths-backwards,tourney,FALSE,10,elitize_generation_data,49,15,0.067,NA
51,70,string-lengths-backwards,tourney,FALSE,10,elitize_generation_data,50,16,0.07,NA
52,70,string-lengths-backwards,tourney,FALSE,10,elitize_generation_data,51,16,0.075,NA
53,70,string-lengths-backwards,tourney,FALSE,10,elitize_generation_data,52,15,0.083,NA
54,70,string-lengths-backwards,tourney,FALSE,10,elitize_generation_data,53,16,0.071,NA
55,70,string-lengths-backwards,tourney,FALSE,10,elitize_generation_data,54,18,0.079,NA
56,70,string-lengths-backwards,tourney,FALSE,10,elitize_generation_data,55,18,0.08,NA
57,70,string-lengths-backwards,tourney,FALSE,10,elitize_generation_data,56,19,0.074,NA
58,70,string-lengths-backwards,tourney,FALSE,10,elitize_generation_data,57,19,0.08,NA
59,70,string-lengths-backwards,tourney,FALSE,10,elitize_generation_data,58,18,0.073,NA
60,70,string-lengths-backwards,tourney,FALSE,10,elitize_generation_data,59,20,0.078,NA
61,70,string-lengths-backwards,tourney,FALSE,10,elitize_generation_data,60,17,0.077,NA
62,70,string-lengths-backwards,tourney,FALSE,10,elitize_generation_data,61,17,0.082,NA
63,70,string-lengths-backwards,tourney,FALSE,10,elitize_generation_data,62,16,0.072,NA
64,70,string-lengths-backwards,tourney,FALSE,10,elitize_generation_data,63,16,0.074,NA
65,70,string-lengths-backwards,tourney,FALSE,10,elitize_generation_data,64,20,0.096,NA
66,70,string-lengths-backwards,tourney,FALSE,10,elitize_generation_data,65,21,0.08,NA
67,70,string-lengths-backwards,tourney,FALSE,10,elitize_generation_data,66,16,0.08,NA
68,70,string-lengths-backwards,tourney,FALSE,10,elitize_generation_data,67,18,0.083,NA
69,70,string-lengths-backwards,tourney,FALSE,10,elitize_generation_data,68,19,0.081,NA
70,70,string-lengths-backwards,tourney,FALSE,10,elitize_generation_data,69,16,0.077,NA
71,70,string-lengths-backwards,tourney,FALSE,10,elitize_generation_data,70,16,0.065,NA
72,70,string-lengths-backwards,tourney,FALSE,10,elitize_generation_data,71,16,0.069,NA
73,70,string-lengths-backwards,tourney,FALSE,10,elitize_generation_data,72,16,0.086,NA
74,70,string-lengths-backwards,tourney,FALSE,10,elitize_generation_data,73,16,0.083,NA
75,70,string-lengths-backwards,tourney,FALSE,10,elitize_generation_data,74,20,0.079,NA
76,70,string-lengths-backwards,tourney,FALSE,10,elitize_generation_data,75,18,0.085,NA
77,70,string-lengths-backwards,tourney,FALSE,10,elitize_generation_data,76,14,0.078,NA
78,70,string-lengths-backwards,tourney,FALSE,10,elitize_generation_data,77,18,0.084,NA
79,70,string-lengths-backwards,tourney,FALSE,10,elitize_generation_data,78,17,0.08,NA
80,70,string-lengths-backwards,tourney,FALSE,10,elitize_generation_data,79,13,0.075,NA
81,70,string-lengths-backwards,tourney,FALSE,10,elitize_generation_data,80,18,0.072,NA
82,70,string-lengths-backwards,tourney,FALSE,10,elitize_generation_data,81,19,0.08,NA
83,70,string-lengths-backwards,tourney,FALSE,10,elitize_generation_data,82,17,0.084,NA
84,70,string-lengths-backwards,tourney,FALSE,10,elitize_generation_data,83,17,0.081,NA
85,70,string-lengths-backwards,tourney,FALSE,10,elitize_generation_data,84,21,0.086,NA
86,70,string-lengths-backwards,tourney,FALSE,10,elitize_generation_data,85,13,0.072,NA
87,70,string-lengths-backwards,tourney,FALSE,10,elitize_generation_data,86,16,0.072,NA
88,70,string-lengths-backwards,tourney,FALSE,10,elitize_generation_data,87,16,0.063,NA
89,70,string-lengths-backwards,tourney,FALSE,10,elitize_generation_data,88,17,0.085,NA
90,70,string-lengths-backwards,tourney,FALSE,10,elitize_generation_data,89,20,0.079,NA
91,70,string-lengths-backwards,tourney,FALSE,10,elitize_generation_data,90,23,0.084,NA
92,70,string-lengths-backwards,tourney,FALSE,10,elitize_generation_data,91,18,0.08,NA
93,70,string-lengths-backwards,tourney,FALSE,10,elitize_generation_data,92,17,0.088,NA
94,70,string-lengths-backwards,tourney,FALSE,10,elitize_generation_data,93,13,0.101,NA
95,70,string-lengths-backwards,tourney,FALSE,10,elitize_generation_data,94,15,0.078,NA
96,70,string-lengths-backwards,tourney,FALSE,10,elitize_generation_data,95,23,0.085,NA
97,70,string-lengths-backwards,tourney,FALSE,10,elitize_generation_data,96,13,0.074,NA
98,70,string-lengths-backwards,tourney,FALSE,10,elitize_generation_data,97,17,0.078,NA
99,70,string-lengths-backwards,tourney,FALSE,10,elitize_generation_data,98,16,0.077,NA
100,70,string-lengths-backwards,tourney,FALSE,10,elitize_generation_data,99,15,0.072,NA
101,70,string-lengths-backwards,tourney,FALSE,10,elitize_generation_data,100,16,0.08,NA
102,70,string-lengths-backwards,tourney,FALSE,10,elitize_generation_data,101,15,0.077,NA
103,70,string-lengths-backwards,tourney,FALSE,10,elitize_generation_data,102,17,0.082,NA
104,70,string-lengths-backwards,tourney,FALSE,10,elitize_generation_data,103,16,0.089,NA
105,70,string-lengths-backwards,tourney,FALSE,10,elitize_generation_data,104,18,0.09,NA
106,70,string-lengths-backwards,tourney,FALSE,10,elitize_generation_data,105,15,0.071,NA
107,70,string-lengths-backwards,tourney,FALSE,10,elitize_generation_data,106,17,0.082,NA
108,70,string-lengths-backwards,tourney,FALSE,10,elitize_generation_data,107,17,0.078,NA
109,70,string-lengths-backwards,tourney,FALSE,10,elitize_generation_data,108,21,0.103,NA
110,70,string-lengths-backwards,tourney,FALSE,10,elitize_generation_data,109,15,0.075,NA
111,70,string-lengths-backwards,tourney,FALSE,10,elitize_generation_data,110,17,0.081,NA
112,70,string-lengths-backwards,tourney,FALSE,10,elitize_generation_data,111,17,0.07,NA
113,70,string-lengths-backwards,tourney,FALSE,10,elitize_generation_data,112,17,0.092,NA
114,70,string-lengths-backwards,tourney,FALSE,10,elitize_generation_data,113,16,0.081,NA
115,70,string-lengths-backwards,tourney,FALSE,10,elitize_generation_data,114,16,0.075,NA
116,70,string-lengths-backwards,tourney,FALSE,10,elitize_generation_data,115,19,0.084,NA
117,70,string-lengths-backwards,tourney,FALSE,10,elitize_generation_data,116,17,0.069,NA
118,70,string-lengths-backwards,tourney,FALSE,10,elitize_generation_data,117,17,0.081,NA
119,70,string-lengths-backwards,tourney,FALSE,10,elitize_generation_data,118,13,0.079,NA
120,70,string-lengths-backwards,tourney,FALSE,10,elitize_generation_data,119,19,0.078,NA
121,70,string-lengths-backwards,tourney,FALSE,10,elitize_generation_data,120,20,0.083,NA
122,70,string-lengths-backwards,tourney,FALSE,10,elitize_generation_data,121,18,0.085,NA
123,70,string-lengths-backwards,tourney,FALSE,10,elitize_generation_data,122,18,0.077,NA
124,70,string-lengths-backwards,tourney,FALSE,10,elitize_generation_data,123,16,0.071,NA
125,70,string-lengths-backwards,tourney,FALSE,10,elitize_generation_data,124,17,0.087,NA
126,70,string-lengths-backwards,tourney,FALSE,10,elitize_generation_data,125,15,0.08,NA
127,70,string-lengths-backwards,tourney,FALSE,10,elitize_generation_data,126,16,0.075,NA
128,70,string-lengths-backwards,tourney,FALSE,10,elitize_generation_data,127,17,0.104,NA
129,70,string-lengths-backwards,tourney,FALSE,10,elitize_generation_data,128,19,0.126,NA
130,70,string-lengths-backwards,tourney,FALSE,10,elitize_generation_data,129,20,0.167,NA
131,70,string-lengths-backwards,tourney,FALSE,10,elitize_generation_data,130,15,0.193,NA
132,70,string-lengths-backwards,tourney,FALSE,10,elitize_generation_data,131,17,0.216,NA
133,70,string-lengths-backwards,tourney,FALSE,10,elitize_generation_data,132,21,0.223,NA
134,70,string-lengths-backwards,tourney,FALSE,10,elitize_generation_data,133,11,0.225,NA
135,70,string-lengths-backwards,tourney,FALSE,10,elitize_generation_data,134,20,0.233,NA
136,70,string-lengths-backwards,tourney,FALSE,10,elitize_generation_data,135,12,0.262,NA
137,70,string-lengths-backwards,tourney,FALSE,10,elitize_generation_data,136,13,0.243,NA
138,70,string-lengths-backwards,tourney,FALSE,10,elitize_generation_data,137,15,0.236,NA
139,70,string-lengths-backwards,tourney,FALSE,10,elitize_generation_data,138,10,0.205,NA
140,70,string-lengths-backwards,tourney,FALSE,10,elitize_generation_data,139,19,0.194,NA
141,70,string-lengths-backwards,tourney,FALSE,10,elitize_generation_data,140,17,0.17,NA
142,70,string-lengths-backwards,tourney,FALSE,10,elitize_generation_data,141,8,0.196,NA
143,70,string-lengths-backwards,tourney,FALSE,10,elitize_generation_data,142,14,0.178,NA
144,70,string-lengths-backwards,tourney,FALSE,10,elitize_generation_data,143,16,0.206,NA
145,70,string-lengths-backwards,tourney,FALSE,10,elitize_generation_data,144,10,0.193,NA
146,70,string-lengths-backwards,tourney,FALSE,10,elitize_generation_data,145,11,0.183,NA
147,70,string-lengths-backwards,tourney,FALSE,10,elitize_generation_data,146,11,0.212,NA
148,70,string-lengths-backwards,tourney,FALSE,10,elitize_generation_data,147,17,0.184,NA
149,70,string-lengths-backwards,tourney,FALSE,10,elitize_generation_data,148,14,0.196,NA
150,70,string-lengths-backwards,tourney,FALSE,10,elitize_generation_data,149,11,0.2,NA
151,70,string-lengths-backwards,tourney,FALSE,10,elitize_generation_data,150,20,0.186,NA
152,70,string-lengths-backwards,tourney,FALSE,10,elitize_generation_data,151,9,0.218,NA
153,70,string-lengths-backwards,tourney,FALSE,10,elitize_generation_data,152,15,0.243,NA
154,70,string-lengths-backwards,tourney,FALSE,10,elitize_generation_data,153,12,0.223,NA
155,70,string-lengths-backwards,tourney,FALSE,10,elitize_generation_data,154,18,0.193,NA
156,70,string-lengths-backwards,tourney,FALSE,10,elitize_generation_data,155,16,0.192,NA
157,70,string-lengths-backwards,tourney,FALSE,10,elitize_generation_data,156,18,0.179,NA
158,70,string-lengths-backwards,tourney,FALSE,10,elitize_generation_data,157,20,0.192,NA
159,70,string-lengths-backwards,tourney,FALSE,10,elitize_generation_data,158,17,0.187,NA
160,70,string-lengths-backwards,tourney,FALSE,10,elitize_generation_data,159,17,0.203,NA
161,70,string-lengths-backwards,tourney,FALSE,10,elitize_generation_data,160,9,0.184,NA
162,70,string-lengths-backwards,tourney,FALSE,10,elitize_generation_data,161,18,0.18,NA
163,70,string-lengths-backwards,tourney,FALSE,10,elitize_generation_data,162,19,0.193,NA
164,70,string-lengths-backwards,tourney,FALSE,10,elitize_generation_data,163,17,0.19,NA
165,70,string-lengths-backwards,tourney,FALSE,10,elitize_generation_data,164,20,0.19,NA
166,70,string-lengths-backwards,tourney,FALSE,10,elitize_generation_data,165,20,0.209,NA
167,70,string-lengths-backwards,tourney,FALSE,10,elitize_generation_data,166,15,0.208,NA
168,70,string-lengths-backwards,tourney,FALSE,10,elitize_generation_data,167,17,0.214,NA
169,70,string-lengths-backwards,tourney,FALSE,10,elitize_generation_data,168,15,0.212,NA
170,70,string-lengths-backwards,tourney,FALSE,10,elitize_generation_data,169,18,0.201,NA
171,70,string-lengths-backwards,tourney,FALSE,10,elitize_generation_data,170,10,0.201,NA
172,70,string-lengths-backwards,tourney,FALSE,10,elitize_generation_data,171,14,0.199,NA
173,70,string-lengths-backwards,tourney,FALSE,10,elitize_generation_data,172,10,0.203,NA
174,70,string-lengths-backwards,tourney,FALSE,10,elitize_generation_data,173,14,0.191,NA
175,70,string-lengths-backwards,tourney,FALSE,10,elitize_generation_data,174,14,0.196,NA
176,70,string-lengths-backwards,tourney,FALSE,10,elitize_generation_data,175,12,0.209,NA
177,70,string-lengths-backwards,tourney,FALSE,10,elitize_generation_data,176,22,0.189,NA
178,70,string-lengths-backwards,tourney,FALSE,10,elitize_generation_data,177,14,0.179,NA
179,70,string-lengths-backwards,tourney,FALSE,10,elitize_generation_data,178,21,0.18,NA
180,70,string-lengths-backwards,tourney,FALSE,10,elitize_generation_data,179,15,0.2,NA
181,70,string-lengths-backwards,tourney,FALSE,10,elitize_generation_data,180,17,0.197,NA
182,70,string-lengths-backwards,tourney,FALSE,10,elitize_generation_data,181,10,0.21,NA
183,70,string-lengths-backwards,tourney,FALSE,10,elitize_generation_data,182,18,0.209,NA
184,70,string-lengths-backwards,tourney,FALSE,10,elitize_generation_data,183,9,0.213,NA
185,70,string-lengths-backwards,tourney,FALSE,10,elitize_generation_data,184,17,0.181,NA
186,70,string-lengths-backwards,tourney,FALSE,10,elitize_generation_data,185,16,0.171,NA
187,70,string-lengths-backwards,tourney,FALSE,10,elitize_generation_data,186,13,0.206,NA
188,70,string-lengths-backwards,tourney,FALSE,10,elitize_generation_data,187,14,0.206,NA
189,70,string-lengths-backwards,tourney,FALSE,10,elitize_generation_data,188,12,0.208,NA
190,70,string-lengths-backwards,tourney,FALSE,10,elitize_generation_data,189,15,0.195,NA
191,70,string-lengths-backwards,tourney,FALSE,10,elitize_generation_data,190,11,0.199,NA
192,70,string-lengths-backwards,tourney,FALSE,10,elitize_generation_data,191,19,0.208,NA
193,70,string-lengths-backwards,tourney,FALSE,10,elitize_generation_data,192,21,0.208,NA
194,70,string-lengths-backwards,tourney,FALSE,10,elitize_generation_data,193,17,0.22,NA
195,70,string-lengths-backwards,tourney,FALSE,10,elitize_generation_data,194,9,0.198,NA
196,70,string-lengths-backwards,tourney,FALSE,10,elitize_generation_data,195,17,0.192,NA
197,70,string-lengths-backwards,tourney,FALSE,10,elitize_generation_data,196,16,0.199,NA
198,70,string-lengths-backwards,tourney,FALSE,10,elitize_generation_data,197,16,0.19,NA
199,70,string-lengths-backwards,tourney,FALSE,10,elitize_generation_data,198,17,0.212,NA
200,70,string-lengths-backwards,tourney,FALSE,10,elitize_generation_data,199,13,0.184,NA
201,70,string-lengths-backwards,tourney,FALSE,10,elitize_generation_data,200,16,0.201,NA
202,70,string-lengths-backwards,tourney,FALSE,10,elitize_generation_data,201,20,0.213,NA
203,70,string-lengths-backwards,tourney,FALSE,10,elitize_generation_data,202,13,0.209,NA
204,70,string-lengths-backwards,tourney,FALSE,10,elitize_generation_data,203,13,0.213,NA
205,70,string-lengths-backwards,tourney,FALSE,10,elitize_generation_data,204,14,0.214,NA
206,70,string-lengths-backwards,tourney,FALSE,10,elitize_generation_data,205,12,0.204,NA
207,70,string-lengths-backwards,tourney,FALSE,10,elitize_generation_data,206,12,0.215,NA
208,70,string-lengths-backwards,tourney,FALSE,10,elitize_generation_data,207,11,0.213,NA
209,70,string-lengths-backwards,tourney,FALSE,10,elitize_generation_data,208,18,0.198,NA
210,70,string-lengths-backwards,tourney,FALSE,10,elitize_generation_data,209,18,0.191,NA
211,70,string-lengths-backwards,tourney,FALSE,10,elitize_generation_data,210,15,0.209,NA
212,70,string-lengths-backwards,tourney,FALSE,10,elitize_generation_data,211,17,0.215,NA
213,70,string-lengths-backwards,tourney,FALSE,10,elitize_generation_data,212,17,0.223,NA
214,70,string-lengths-backwards,tourney,FALSE,10,elitize_generation_data,213,17,0.211,NA
215,70,string-lengths-backwards,tourney,FALSE,10,elitize_generation_data,214,26,0.216,NA
216,70,string-lengths-backwards,tourney,FALSE,10,elitize_generation_data,215,28,0.195,NA
217,70,string-lengths-backwards,tourney,FALSE,10,elitize_generation_data,216,19,0.234,NA
218,70,string-lengths-backwards,tourney,FALSE,10,elitize_generation_data,217,19,0.221,NA
219,70,string-lengths-backwards,tourney,FALSE,10,elitize_generation_data,218,16,0.226,NA
220,70,string-lengths-backwards,tourney,FALSE,10,elitize_generation_data,219,14,0.267,NA
221,70,string-lengths-backwards,tourney,FALSE,10,elitize_generation_data,220,15,0.26,NA
222,70,string-lengths-backwards,tourney,FALSE,10,elitize_generation_data,221,15,0.29,NA
223,70,string-lengths-backwards,tourney,FALSE,10,elitize_generation_data,222,21,0.375,NA
224,70,string-lengths-backwards,tourney,FALSE,10,elitize_generation_data,223,13,0.401,NA
225,70,string-lengths-backwards,tourney,FALSE,10,elitize_generation_data,224,19,0.376,NA
226,70,string-lengths-backwards,tourney,FALSE,10,elitize_generation_data,225,18,0.422,NA
227,70,string-lengths-backwards,tourney,FALSE,10,elitize_generation_data,226,31,0.412,NA
228,70,string-lengths-backwards,tourney,FALSE,10,elitize_generation_data,227,12,0.408,NA
229,70,string-lengths-backwards,tourney,FALSE,10,elitize_generation_data,228,24,0.429,NA
230,70,string-lengths-backwards,tourney,FALSE,10,elitize_generation_data,229,26,0.419,NA
231,70,string-lengths-backwards,tourney,FALSE,10,elitize_generation_data,230,29,0.409,NA
232,70,string-lengths-backwards,tourney,FALSE,10,elitize_generation_data,231,27,0.422,NA
233,70,string-lengths-backwards,tourney,FALSE,10,elitize_generation_data,232,18,0.39,NA
234,70,string-lengths-backwards,tourney,FALSE,10,elitize_generation_data,233,19,0.435,NA
235,70,string-lengths-backwards,tourney,FALSE,10,elitize_generation_data,234,18,0.433,NA
236,70,string-lengths-backwards,tourney,FALSE,10,elitize_generation_data,235,17,0.408,NA
237,70,string-lengths-backwards,tourney,FALSE,10,elitize_generation_data,236,16,0.388,NA
238,70,string-lengths-backwards,tourney,FALSE,10,elitize_generation_data,237,13,0.386,NA
239,70,string-lengths-backwards,tourney,FALSE,10,elitize_generation_data,238,10,0.383,NA
240,70,string-lengths-backwards,tourney,FALSE,10,elitize_generation_data,239,10,0.419,NA
241,70,string-lengths-backwards,tourney,FALSE,10,elitize_generation_data,240,12,0.416,NA
242,70,string-lengths-backwards,tourney,FALSE,10,elitize_generation_data,241,23,0.409,NA
243,70,string-lengths-backwards,tourney,FALSE,10,elitize_generation_data,242,12,0.386,NA
244,70,string-lengths-backwards,tourney,FALSE,10,elitize_generation_data,243,16,0.392,NA
245,70,string-lengths-backwards,tourney,FALSE,10,elitize_generation_data,244,14,0.408,NA
246,70,string-lengths-backwards,tourney,FALSE,10,elitize_generation_data,245,10,0.392,NA
247,70,string-lengths-backwards,tourney,FALSE,10,elitize_generation_data,246,21,0.383,NA
248,70,string-lengths-backwards,tourney,FALSE,10,elitize_generation_data,247,12,0.381,NA
249,70,string-lengths-backwards,tourney,FALSE,10,elitize_generation_data,248,17,0.398,NA
250,70,string-lengths-backwards,tourney,FALSE,10,elitize_generation_data,249,18,0.395,NA
251,70,string-lengths-backwards,tourney,FALSE,10,elitize_generation_data,250,18,0.403,NA
252,70,string-lengths-backwards,tourney,FALSE,10,elitize_generation_data,251,12,0.394,NA
253,70,string-lengths-backwards,tourney,FALSE,10,elitize_generation_data,252,12,0.402,NA
254,70,string-lengths-backwards,tourney,FALSE,10,elitize_generation_data,253,27,0.41,NA
255,70,string-lengths-backwards,tourney,FALSE,10,elitize_generation_data,254,12,0.376,NA
256,70,string-lengths-backwards,tourney,FALSE,10,elitize_generation_data,255,19,0.406,NA
257,70,string-lengths-backwards,tourney,FALSE,10,elitize_generation_data,256,9,0.392,NA
258,70,string-lengths-backwards,tourney,FALSE,10,elitize_generation_data,257,18,0.382,NA
259,70,string-lengths-backwards,tourney,FALSE,10,elitize_generation_data,258,17,0.412,NA
260,70,string-lengths-backwards,tourney,FALSE,10,elitize_generation_data,259,12,0.405,NA
261,70,string-lengths-backwards,tourney,FALSE,10,elitize_generation_data,260,16,0.416,NA
262,70,string-lengths-backwards,tourney,FALSE,10,elitize_generation_data,261,11,0.437,NA
263,70,string-lengths-backwards,tourney,FALSE,10,elitize_generation_data,262,12,0.422,NA
264,70,string-lengths-backwards,tourney,FALSE,10,elitize_generation_data,263,18,0.398,NA
265,70,string-lengths-backwards,tourney,FALSE,10,elitize_generation_data,264,14,0.434,NA
266,70,string-lengths-backwards,tourney,FALSE,10,elitize_generation_data,265,18,0.417,NA
267,70,string-lengths-backwards,tourney,FALSE,10,elitize_generation_data,266,9,0.402,NA
268,70,string-lengths-backwards,tourney,FALSE,10,elitize_generation_data,267,15,0.41,NA
269,70,string-lengths-backwards,tourney,FALSE,10,elitize_generation_data,268,13,0.427,NA
270,70,string-lengths-backwards,tourney,FALSE,10,elitize_generation_data,269,18,0.387,NA
271,70,string-lengths-backwards,tourney,FALSE,10,elitize_generation_data,270,9,0.394,NA
272,70,string-lengths-backwards,tourney,FALSE,10,elitize_generation_data,271,22,0.396,NA
273,70,string-lengths-backwards,tourney,FALSE,10,elitize_generation_data,272,11,0.408,NA
274,70,string-lengths-backwards,tourney,FALSE,10,elitize_generation_data,273,15,0.4,NA
275,70,string-lengths-backwards,tourney,FALSE,10,elitize_generation_data,274,16,0.401,NA
276,70,string-lengths-backwards,tourney,FALSE,10,elitize_generation_data,275,15,0.426,NA
277,70,string-lengths-backwards,tourney,FALSE,10,elitize_generation_data,276,21,0.436,NA
278,70,string-lengths-backwards,tourney,FALSE,10,elitize_generation_data,277,16,0.421,NA
279,70,string-lengths-backwards,tourney,FALSE,10,elitize_generation_data,278,17,0.4,NA
280,70,string-lengths-backwards,tourney,FALSE,10,elitize_generation_data,279,18,0.389,NA
281,70,string-lengths-backwards,tourney,FALSE,10,elitize_generation_data,280,15,0.396,NA
282,70,string-lengths-backwards,tourney,FALSE,10,elitize_generation_data,281,11,0.404,NA
283,70,string-lengths-backwards,tourney,FALSE,10,elitize_generation_data,282,14,0.428,NA
284,70,string-lengths-backwards,tourney,FALSE,10,elitize_generation_data,283,16,0.414,NA
285,70,string-lengths-backwards,tourney,FALSE,10,elitize_generation_data,284,10,0.393,NA
286,70,string-lengths-backwards,tourney,FALSE,10,elitize_generation_data,285,15,0.383,NA
287,70,string-lengths-backwards,tourney,FALSE,10,elitize_generation_data,286,11,0.398,NA
288,70,string-lengths-backwards,tourney,FALSE,10,elitize_generation_data,287,12,0.365,NA
289,70,string-lengths-backwards,tourney,FALSE,10,elitize_generation_data,288,23,0.391,NA
290,70,string-lengths-backwards,tourney,FALSE,10,elitize_generation_data,289,18,0.394,NA
291,70,string-lengths-backwards,tourney,FALSE,10,elitize_generation_data,290,18,0.419,NA
292,70,string-lengths-backwards,tourney,FALSE,10,elitize_generation_data,291,12,0.399,NA
293,70,string-lengths-backwards,tourney,FALSE,10,elitize_generation_data,292,25,0.398,NA
294,70,string-lengths-backwards,tourney,FALSE,10,elitize_generation_data,293,14,0.43,NA
295,70,string-lengths-backwards,tourney,FALSE,10,elitize_generation_data,294,15,0.396,NA
296,70,string-lengths-backwards,tourney,FALSE,10,elitize_generation_data,295,14,0.425,NA
297,70,string-lengths-backwards,tourney,FALSE,10,elitize_generation_data,296,13,0.403,NA
298,70,string-lengths-backwards,tourney,FALSE,10,elitize_generation_data,297,15,0.407,NA
299,70,string-lengths-backwards,tourney,FALSE,10,elitize_generation_data,298,13,0.402,NA
300,70,string-lengths-backwards,tourney,FALSE,10,elitize_generation_data,299,19,0.404,NA
301,70,string-lengths-backwards,tourney,FALSE,10,elitize_generation_data,300,17,0.417,NA
