,run.num,problem,treatment,succeeded,height,normalization.function,generation,cluster.count,error.diversity,success.generation
1,7,string-lengths-backwards,tourney,TRUE,10,elitize_generation_data,0,7,0.262,105
2,7,string-lengths-backwards,tourney,TRUE,10,elitize_generation_data,1,8,0.147,105
3,7,string-lengths-backwards,tourney,TRUE,10,elitize_generation_data,2,8,0.204,105
4,7,string-lengths-backwards,tourney,TRUE,10,elitize_generation_data,3,7,0.224,105
5,7,string-lengths-backwards,tourney,TRUE,10,elitize_generation_data,4,6,0.243,105
6,7,string-lengths-backwards,tourney,TRUE,10,elitize_generation_data,5,8,0.288,105
7,7,string-lengths-backwards,tourney,TRUE,10,elitize_generation_data,6,3,0.348,105
8,7,string-lengths-backwards,tourney,TRUE,10,elitize_generation_data,7,1,0.428,105
9,7,string-lengths-backwards,tourney,TRUE,10,elitize_generation_data,8,2,0.412,105
10,7,string-lengths-backwards,tourney,TRUE,10,elitize_generation_data,9,3,0.359,105
11,7,string-lengths-backwards,tourney,TRUE,10,elitize_generation_data,10,3,0.349,105
12,7,string-lengths-backwards,tourney,TRUE,10,elitize_generation_data,11,5,0.247,105
13,7,string-lengths-backwards,tourney,TRUE,10,elitize_generation_data,12,6,0.248,105
14,7,string-lengths-backwards,tourney,TRUE,10,elitize_generation_data,13,7,0.232,105
15,7,string-lengths-backwards,tourney,TRUE,10,elitize_generation_data,14,6,0.253,105
16,7,string-lengths-backwards,tourney,TRUE,10,elitize_generation_data,15,4,0.304,105
17,7,string-lengths-backwards,tourney,TRUE,10,elitize_generation_data,16,4,0.287,105
18,7,string-lengths-backwards,tourney,TRUE,10,elitize_generation_data,17,4,0.277,105
19,7,string-lengths-backwards,tourney,TRUE,10,elitize_generation_data,18,9,0.258,105
20,7,string-lengths-backwards,tourney,TRUE,10,elitize_generation_data,19,13,0.295,105
21,7,string-lengths-backwards,tourney,TRUE,10,elitize_generation_data,20,2,0.343,105
22,7,string-lengths-backwards,tourney,TRUE,10,elitize_generation_data,21,4,0.408,105
23,7,string-lengths-backwards,tourney,TRUE,10,elitize_generation_data,22,4,0.398,105
24,7,string-lengths-backwards,tourney,TRUE,10,elitize_generation_data,23,3,0.385,105
25,7,string-lengths-backwards,tourney,TRUE,10,elitize_generation_data,24,7,0.386,105
26,7,string-lengths-backwards,tourney,TRUE,10,elitize_generation_data,25,3,0.321,105
27,7,string-lengths-backwards,tourney,TRUE,10,elitize_generation_data,26,6,0.346,105
28,7,string-lengths-backwards,tourney,TRUE,10,elitize_generation_data,27,8,0.305,105
29,7,string-lengths-backwards,tourney,TRUE,10,elitize_generation_data,28,5,0.328,105
30,7,string-lengths-backwards,tourney,TRUE,10,elitize_generation_data,29,7,0.333,105
31,7,string-lengths-backwards,tourney,TRUE,10,elitize_generation_data,30,7,0.314,105
32,7,string-lengths-backwards,tourney,TRUE,10,elitize_generation_data,31,6,0.303,105
33,7,string-lengths-backwards,tourney,TRUE,10,elitize_generation_data,32,9,0.296,105
34,7,string-lengths-backwards,tourney,TRUE,10,elitize_generation_data,33,16,0.314,105
35,7,string-lengths-backwards,tourney,TRUE,10,elitize_generation_data,34,16,0.274,105
36,7,string-lengths-backwards,tourney,TRUE,10,elitize_generation_data,35,10,0.246,105
37,7,string-lengths-backwards,tourney,TRUE,10,elitize_generation_data,36,7,0.231,105
38,7,string-lengths-backwards,tourney,TRUE,10,elitize_generation_data,37,5,0.179,105
39,7,string-lengths-backwards,tourney,TRUE,10,elitize_generation_data,38,6,0.195,105
40,7,string-lengths-backwards,tourney,TRUE,10,elitize_generation_data,39,7,0.183,105
41,7,string-lengths-backwards,tourney,TRUE,10,elitize_generation_data,40,8,0.222,105
42,7,string-lengths-backwards,tourney,TRUE,10,elitize_generation_data,41,7,0.19,105
43,7,string-lengths-backwards,tourney,TRUE,10,elitize_generation_data,42,6,0.204,105
44,7,string-lengths-backwards,tourney,TRUE,10,elitize_generation_data,43,5,0.208,105
45,7,string-lengths-backwards,tourney,TRUE,10,elitize_generation_data,44,7,0.188,105
46,7,string-lengths-backwards,tourney,TRUE,10,elitize_generation_data,45,8,0.201,105
47,7,string-lengths-backwards,tourney,TRUE,10,elitize_generation_data,46,7,0.189,105
48,7,string-lengths-backwards,tourney,TRUE,10,elitize_generation_data,47,8,0.211,105
49,7,string-lengths-backwards,tourney,TRUE,10,elitize_generation_data,48,8,0.199,105
50,7,string-lengths-backwards,tourney,TRUE,10,elitize_generation_data,49,8,0.189,105
51,7,string-lengths-backwards,tourney,TRUE,10,elitize_generation_data,50,6,0.187,105
52,7,string-lengths-backwards,tourney,TRUE,10,elitize_generation_data,51,10,0.181,105
53,7,string-lengths-backwards,tourney,TRUE,10,elitize_generation_data,52,8,0.202,105
54,7,string-lengths-backwards,tourney,TRUE,10,elitize_generation_data,53,6,0.199,105
55,7,string-lengths-backwards,tourney,TRUE,10,elitize_generation_data,54,7,0.198,105
56,7,string-lengths-backwards,tourney,TRUE,10,elitize_generation_data,55,9,0.195,105
57,7,string-lengths-backwards,tourney,TRUE,10,elitize_generation_data,56,6,0.181,105
58,7,string-lengths-backwards,tourney,TRUE,10,elitize_generation_data,57,9,0.175,105
59,7,string-lengths-backwards,tourney,TRUE,10,elitize_generation_data,58,8,0.17,105
60,7,string-lengths-backwards,tourney,TRUE,10,elitize_generation_data,59,6,0.203,105
61,7,string-lengths-backwards,tourney,TRUE,10,elitize_generation_data,60,7,0.194,105
62,7,string-lengths-backwards,tourney,TRUE,10,elitize_generation_data,61,6,0.182,105
63,7,string-lengths-backwards,tourney,TRUE,10,elitize_generation_data,62,4,0.197,105
64,7,string-lengths-backwards,tourney,TRUE,10,elitize_generation_data,63,7,0.171,105
65,7,string-lengths-backwards,tourney,TRUE,10,elitize_generation_data,64,7,0.168,105
66,7,string-lengths-backwards,tourney,TRUE,10,elitize_generation_data,65,7,0.182,105
67,7,string-lengths-backwards,tourney,TRUE,10,elitize_generation_data,66,6,0.178,105
68,7,string-lengths-backwards,tourney,TRUE,10,elitize_generation_data,67,6,0.161,105
69,7,string-lengths-backwards,tourney,TRUE,10,elitize_generation_data,68,9,0.171,105
70,7,string-lengths-backwards,tourney,TRUE,10,elitize_generation_data,69,7,0.155,105
71,7,string-lengths-backwards,tourney,TRUE,10,elitize_generation_data,70,9,0.18,105
72,7,string-lengths-backwards,tourney,TRUE,10,elitize_generation_data,71,9,0.175,105
73,7,string-lengths-backwards,tourney,TRUE,10,elitize_generation_data,72,8,0.162,105
74,7,string-lengths-backwards,tourney,TRUE,10,elitize_generation_data,73,7,0.183,105
75,7,string-lengths-backwards,tourney,TRUE,10,elitize_generation_data,74,9,0.187,105
76,7,string-lengths-backwards,tourney,TRUE,10,elitize_generation_data,75,7,0.168,105
77,7,string-lengths-backwards,tourney,TRUE,10,elitize_generation_data,76,6,0.164,105
78,7,string-lengths-backwards,tourney,TRUE,10,elitize_generation_data,77,7,0.167,105
79,7,string-lengths-backwards,tourney,TRUE,10,elitize_generation_data,78,5,0.174,105
80,7,string-lengths-backwards,tourney,TRUE,10,elitize_generation_data,79,6,0.148,105
81,7,string-lengths-backwards,tourney,TRUE,10,elitize_generation_data,80,8,0.164,105
82,7,string-lengths-backwards,tourney,TRUE,10,elitize_generation_data,81,6,0.141,105
83,7,string-lengths-backwards,tourney,TRUE,10,elitize_generation_data,82,8,0.142,105
84,7,string-lengths-backwards,tourney,TRUE,10,elitize_generation_data,83,8,0.148,105
85,7,string-lengths-backwards,tourney,TRUE,10,elitize_generation_data,84,8,0.149,105
86,7,string-lengths-backwards,tourney,TRUE,10,elitize_generation_data,85,5,0.141,105
87,7,string-lengths-backwards,tourney,TRUE,10,elitize_generation_data,86,6,0.143,105
88,7,string-lengths-backwards,tourney,TRUE,10,elitize_generation_data,87,4,0.136,105
89,7,string-lengths-backwards,tourney,TRUE,10,elitize_generation_data,88,5,0.115,105
90,7,string-lengths-backwards,tourney,TRUE,10,elitize_generation_data,89,8,0.121,105
91,7,string-lengths-backwards,tourney,TRUE,10,elitize_generation_data,90,6,0.145,105
92,7,string-lengths-backwards,tourney,TRUE,10,elitize_generation_data,91,6,0.129,105
93,7,string-lengths-backwards,tourney,TRUE,10,elitize_generation_data,92,8,0.13,105
94,7,string-lengths-backwards,tourney,TRUE,10,elitize_generation_data,93,6,0.113,105
95,7,string-lengths-backwards,tourney,TRUE,10,elitize_generation_data,94,6,0.121,105
96,7,string-lengths-backwards,tourney,TRUE,10,elitize_generation_data,95,9,0.122,105
97,7,string-lengths-backwards,tourney,TRUE,10,elitize_generation_data,96,7,0.117,105
98,7,string-lengths-backwards,tourney,TRUE,10,elitize_generation_data,97,5,0.098,105
99,7,string-lengths-backwards,tourney,TRUE,10,elitize_generation_data,98,7,0.11,105
100,7,string-lengths-backwards,tourney,TRUE,10,elitize_generation_data,99,6,0.104,105
101,7,string-lengths-backwards,tourney,TRUE,10,elitize_generation_data,100,2,0.117,105
102,7,string-lengths-backwards,tourney,TRUE,10,elitize_generation_data,101,2,0.102,105
103,7,string-lengths-backwards,tourney,TRUE,10,elitize_generation_data,102,2,0.109,105
104,7,string-lengths-backwards,tourney,TRUE,10,elitize_generation_data,103,2,0.104,105
105,7,string-lengths-backwards,tourney,TRUE,10,elitize_generation_data,104,3,0.103,105
106,7,string-lengths-backwards,tourney,TRUE,10,elitize_generation_data,105,3,0.081,105
