,run.num,problem,treatment,succeeded,height,normalization.function,generation,cluster.count,error.diversity,success.generation
1,92,string-lengths-backwards,tourney,TRUE,10,elitize_generation_data,0,5,0.253,99
2,92,string-lengths-backwards,tourney,TRUE,10,elitize_generation_data,1,7,0.115,99
3,92,string-lengths-backwards,tourney,TRUE,10,elitize_generation_data,2,11,0.246,99
4,92,string-lengths-backwards,tourney,TRUE,10,elitize_generation_data,3,14,0.379,99
5,92,string-lengths-backwards,tourney,TRUE,10,elitize_generation_data,4,15,0.461,99
6,92,string-lengths-backwards,tourney,TRUE,10,elitize_generation_data,5,8,0.353,99
7,92,string-lengths-backwards,tourney,TRUE,10,elitize_generation_data,6,8,0.239,99
8,92,string-lengths-backwards,tourney,TRUE,10,elitize_generation_data,7,6,0.206,99
9,92,string-lengths-backwards,tourney,TRUE,10,elitize_generation_data,8,9,0.155,99
10,92,string-lengths-backwards,tourney,TRUE,10,elitize_generation_data,9,12,0.136,99
11,92,string-lengths-backwards,tourney,TRUE,10,elitize_generation_data,10,2,0.199,99
12,92,string-lengths-backwards,tourney,TRUE,10,elitize_generation_data,11,2,0.187,99
13,92,string-lengths-backwards,tourney,TRUE,10,elitize_generation_data,12,3,0.195,99
14,92,string-lengths-backwards,tourney,TRUE,10,elitize_generation_data,13,4,0.205,99
15,92,string-lengths-backwards,tourney,TRUE,10,elitize_generation_data,14,3,0.204,99
16,92,string-lengths-backwards,tourney,TRUE,10,elitize_generation_data,15,7,0.201,99
17,92,string-lengths-backwards,tourney,TRUE,10,elitize_generation_data,16,4,0.292,99
18,92,string-lengths-backwards,tourney,TRUE,10,elitize_generation_data,17,6,0.302,99
19,92,string-lengths-backwards,tourney,TRUE,10,elitize_generation_data,18,6,0.265,99
20,92,string-lengths-backwards,tourney,TRUE,10,elitize_generation_data,19,5,0.238,99
21,92,string-lengths-backwards,tourney,TRUE,10,elitize_generation_data,20,5,0.195,99
22,92,string-lengths-backwards,tourney,TRUE,10,elitize_generation_data,21,4,0.151,99
23,92,string-lengths-backwards,tourney,TRUE,10,elitize_generation_data,22,6,0.125,99
24,92,string-lengths-backwards,tourney,TRUE,10,elitize_generation_data,23,7,0.123,99
25,92,string-lengths-backwards,tourney,TRUE,10,elitize_generation_data,24,8,0.139,99
26,92,string-lengths-backwards,tourney,TRUE,10,elitize_generation_data,25,7,0.072,99
27,92,string-lengths-backwards,tourney,TRUE,10,elitize_generation_data,26,5,0.075,99
28,92,string-lengths-backwards,tourney,TRUE,10,elitize_generation_data,27,2,0.065,99
29,92,string-lengths-backwards,tourney,TRUE,10,elitize_generation_data,28,4,0.069,99
30,92,string-lengths-backwards,tourney,TRUE,10,elitize_generation_data,29,5,0.08,99
31,92,string-lengths-backwards,tourney,TRUE,10,elitize_generation_data,30,3,0.073,99
32,92,string-lengths-backwards,tourney,TRUE,10,elitize_generation_data,31,2,0.085,99
33,92,string-lengths-backwards,tourney,TRUE,10,elitize_generation_data,32,5,0.073,99
34,92,string-lengths-backwards,tourney,TRUE,10,elitize_generation_data,33,2,0.061,99
35,92,string-lengths-backwards,tourney,TRUE,10,elitize_generation_data,34,2,0.06,99
36,92,string-lengths-backwards,tourney,TRUE,10,elitize_generation_data,35,4,0.067,99
37,92,string-lengths-backwards,tourney,TRUE,10,elitize_generation_data,36,4,0.073,99
38,92,string-lengths-backwards,tourney,TRUE,10,elitize_generation_data,37,5,0.063,99
39,92,string-lengths-backwards,tourney,TRUE,10,elitize_generation_data,38,5,0.064,99
40,92,string-lengths-backwards,tourney,TRUE,10,elitize_generation_data,39,3,0.072,99
41,92,string-lengths-backwards,tourney,TRUE,10,elitize_generation_data,40,2,0.076,99
42,92,string-lengths-backwards,tourney,TRUE,10,elitize_generation_data,41,4,0.078,99
43,92,string-lengths-backwards,tourney,TRUE,10,elitize_generation_data,42,2,0.067,99
44,92,string-lengths-backwards,tourney,TRUE,10,elitize_generation_data,43,4,0.076,99
45,92,string-lengths-backwards,tourney,TRUE,10,elitize_generation_data,44,5,0.075,99
46,92,string-lengths-backwards,tourney,TRUE,10,elitize_generation_data,45,3,0.078,99
47,92,string-lengths-backwards,tourney,TRUE,10,elitize_generation_data,46,5,0.074,99
48,92,string-lengths-backwards,tourney,TRUE,10,elitize_generation_data,47,3,0.063,99
49,92,string-lengths-backwards,tourney,TRUE,10,elitize_generation_data,48,4,0.076,99
50,92,string-lengths-backwards,tourney,TRUE,10,elitize_generation_data,49,6,0.06,99
51,92,string-lengths-backwards,tourney,TRUE,10,elitize_generation_data,50,3,0.068,99
52,92,string-lengths-backwards,tourney,TRUE,10,elitize_generation_data,51,4,0.069,99
53,92,string-lengths-backwards,tourney,TRUE,10,elitize_generation_data,52,3,0.071,99
54,92,string-lengths-backwards,tourney,TRUE,10,elitize_generation_data,53,3,0.068,99
55,92,string-lengths-backwards,tourney,TRUE,10,elitize_generation_data,54,6,0.065,99
56,92,string-lengths-backwards,tourney,TRUE,10,elitize_generation_data,55,5,0.064,99
57,92,string-lengths-backwards,tourney,TRUE,10,elitize_generation_data,56,6,0.069,99
58,92,string-lengths-backwards,tourney,TRUE,10,elitize_generation_data,57,4,0.068,99
59,92,string-lengths-backwards,tourney,TRUE,10,elitize_generation_data,58,3,0.061,99
60,92,string-lengths-backwards,tourney,TRUE,10,elitize_generation_data,59,4,0.068,99
61,92,string-lengths-backwards,tourney,TRUE,10,elitize_generation_data,60,5,0.063,99
62,92,string-lengths-backwards,tourney,TRUE,10,elitize_generation_data,61,4,0.069,99
63,92,string-lengths-backwards,tourney,TRUE,10,elitize_generation_data,62,4,0.06,99
64,92,string-lengths-backwards,tourney,TRUE,10,elitize_generation_data,63,5,0.064,99
65,92,string-lengths-backwards,tourney,TRUE,10,elitize_generation_data,64,5,0.075,99
66,92,string-lengths-backwards,tourney,TRUE,10,elitize_generation_data,65,3,0.063,99
67,92,string-lengths-backwards,tourney,TRUE,10,elitize_generation_data,66,5,0.074,99
68,92,string-lengths-backwards,tourney,TRUE,10,elitize_generation_data,67,2,0.07,99
69,92,string-lengths-backwards,tourney,TRUE,10,elitize_generation_data,68,4,0.063,99
70,92,string-lengths-backwards,tourney,TRUE,10,elitize_generation_data,69,3,0.053,99
71,92,string-lengths-backwards,tourney,TRUE,10,elitize_generation_data,70,4,0.057,99
72,92,string-lengths-backwards,tourney,TRUE,10,elitize_generation_data,71,2,0.084,99
73,92,string-lengths-backwards,tourney,TRUE,10,elitize_generation_data,72,4,0.069,99
74,92,string-lengths-backwards,tourney,TRUE,10,elitize_generation_data,73,5,0.073,99
75,92,string-lengths-backwards,tourney,TRUE,10,elitize_generation_data,74,4,0.084,99
76,92,string-lengths-backwards,tourney,TRUE,10,elitize_generation_data,75,3,0.089,99
77,92,string-lengths-backwards,tourney,TRUE,10,elitize_generation_data,76,3,0.087,99
78,92,string-lengths-backwards,tourney,TRUE,10,elitize_generation_data,77,4,0.106,99
79,92,string-lengths-backwards,tourney,TRUE,10,elitize_generation_data,78,3,0.099,99
80,92,string-lengths-backwards,tourney,TRUE,10,elitize_generation_data,79,6,0.112,99
81,92,string-lengths-backwards,tourney,TRUE,10,elitize_generation_data,80,4,0.097,99
82,92,string-lengths-backwards,tourney,TRUE,10,elitize_generation_data,81,5,0.109,99
83,92,string-lengths-backwards,tourney,TRUE,10,elitize_generation_data,82,5,0.093,99
84,92,string-lengths-backwards,tourney,TRUE,10,elitize_generation_data,83,5,0.104,99
85,92,string-lengths-backwards,tourney,TRUE,10,elitize_generation_data,84,4,0.111,99
86,92,string-lengths-backwards,tourney,TRUE,10,elitize_generation_data,85,6,0.124,99
87,92,string-lengths-backwards,tourney,TRUE,10,elitize_generation_data,86,6,0.162,99
88,92,string-lengths-backwards,tourney,TRUE,10,elitize_generation_data,87,11,0.202,99
89,92,string-lengths-backwards,tourney,TRUE,10,elitize_generation_data,88,7,0.209,99
90,92,string-lengths-backwards,tourney,TRUE,10,elitize_generation_data,89,9,0.229,99
91,92,string-lengths-backwards,tourney,TRUE,10,elitize_generation_data,90,8,0.258,99
92,92,string-lengths-backwards,tourney,TRUE,10,elitize_generation_data,91,8,0.262,99
93,92,string-lengths-backwards,tourney,TRUE,10,elitize_generation_data,92,10,0.275,99
94,92,string-lengths-backwards,tourney,TRUE,10,elitize_generation_data,93,12,0.303,99
95,92,string-lengths-backwards,tourney,TRUE,10,elitize_generation_data,94,8,0.307,99
96,92,string-lengths-backwards,tourney,TRUE,10,elitize_generation_data,95,7,0.364,99
97,92,string-lengths-backwards,tourney,TRUE,10,elitize_generation_data,96,9,0.385,99
98,92,string-lengths-backwards,tourney,TRUE,10,elitize_generation_data,97,8,0.419,99
99,92,string-lengths-backwards,tourney,TRUE,10,elitize_generation_data,98,11,0.398,99
100,92,string-lengths-backwards,tourney,TRUE,10,elitize_generation_data,99,10,0.372,99
