,run.num,problem,treatment,succeeded,height,normalization.function,generation,cluster.count,error.diversity,success.generation
1,45,string-lengths-backwards,tourney,FALSE,10,elitize_generation_data,0,5,0.262,NA
2,45,string-lengths-backwards,tourney,FALSE,10,elitize_generation_data,1,7,0.145,NA
3,45,string-lengths-backwards,tourney,FALSE,10,elitize_generation_data,2,11,0.245,NA
4,45,string-lengths-backwards,tourney,FALSE,10,elitize_generation_data,3,12,0.299,NA
5,45,string-lengths-backwards,tourney,FALSE,10,elitize_generation_data,4,12,0.219,NA
6,45,string-lengths-backwards,tourney,FALSE,10,elitize_generation_data,5,12,0.167,NA
7,45,string-lengths-backwards,tourney,FALSE,10,elitize_generation_data,6,15,0.156,NA
8,45,string-lengths-backwards,tourney,FALSE,10,elitize_generation_data,7,14,0.167,NA
9,45,string-lengths-backwards,tourney,FALSE,10,elitize_generation_data,8,18,0.224,NA
10,45,string-lengths-backwards,tourney,FALSE,10,elitize_generation_data,9,12,0.17,NA
11,45,string-lengths-backwards,tourney,FALSE,10,elitize_generation_data,10,13,0.123,NA
12,45,string-lengths-backwards,tourney,FALSE,10,elitize_generation_data,11,7,0.119,NA
13,45,string-lengths-backwards,tourney,FALSE,10,elitize_generation_data,12,8,0.128,NA
14,45,string-lengths-backwards,tourney,FALSE,10,elitize_generation_data,13,8,0.18,NA
15,45,string-lengths-backwards,tourney,FALSE,10,elitize_generation_data,14,6,0.214,NA
16,45,string-lengths-backwards,tourney,FALSE,10,elitize_generation_data,15,5,0.259,NA
17,45,string-lengths-backwards,tourney,FALSE,10,elitize_generation_data,16,14,0.249,NA
18,45,string-lengths-backwards,tourney,FALSE,10,elitize_generation_data,17,7,0.322,NA
19,45,string-lengths-backwards,tourney,FALSE,10,elitize_generation_data,18,6,0.296,NA
20,45,string-lengths-backwards,tourney,FALSE,10,elitize_generation_data,19,9,0.197,NA
21,45,string-lengths-backwards,tourney,FALSE,10,elitize_generation_data,20,6,0.235,NA
22,45,string-lengths-backwards,tourney,FALSE,10,elitize_generation_data,21,6,0.339,NA
23,45,string-lengths-backwards,tourney,FALSE,10,elitize_generation_data,22,4,0.368,NA
24,45,string-lengths-backwards,tourney,FALSE,10,elitize_generation_data,23,3,0.361,NA
25,45,string-lengths-backwards,tourney,FALSE,10,elitize_generation_data,24,4,0.326,NA
26,45,string-lengths-backwards,tourney,FALSE,10,elitize_generation_data,25,4,0.378,NA
27,45,string-lengths-backwards,tourney,FALSE,10,elitize_generation_data,26,3,0.516,NA
28,45,string-lengths-backwards,tourney,FALSE,10,elitize_generation_data,27,4,0.53,NA
29,45,string-lengths-backwards,tourney,FALSE,10,elitize_generation_data,28,4,0.475,NA
30,45,string-lengths-backwards,tourney,FALSE,10,elitize_generation_data,29,4,0.373,NA
31,45,string-lengths-backwards,tourney,FALSE,10,elitize_generation_data,30,5,0.29,NA
32,45,string-lengths-backwards,tourney,FALSE,10,elitize_generation_data,31,3,0.169,NA
33,45,string-lengths-backwards,tourney,FALSE,10,elitize_generation_data,32,6,0.199,NA
34,45,string-lengths-backwards,tourney,FALSE,10,elitize_generation_data,33,6,0.183,NA
35,45,string-lengths-backwards,tourney,FALSE,10,elitize_generation_data,34,5,0.204,NA
36,45,string-lengths-backwards,tourney,FALSE,10,elitize_generation_data,35,6,0.177,NA
37,45,string-lengths-backwards,tourney,FALSE,10,elitize_generation_data,36,6,0.166,NA
38,45,string-lengths-backwards,tourney,FALSE,10,elitize_generation_data,37,5,0.176,NA
39,45,string-lengths-backwards,tourney,FALSE,10,elitize_generation_data,38,7,0.196,NA
40,45,string-lengths-backwards,tourney,FALSE,10,elitize_generation_data,39,6,0.176,NA
41,45,string-lengths-backwards,tourney,FALSE,10,elitize_generation_data,40,8,0.161,NA
42,45,string-lengths-backwards,tourney,FALSE,10,elitize_generation_data,41,7,0.159,NA
43,45,string-lengths-backwards,tourney,FALSE,10,elitize_generation_data,42,7,0.123,NA
44,45,string-lengths-backwards,tourney,FALSE,10,elitize_generation_data,43,7,0.138,NA
45,45,string-lengths-backwards,tourney,FALSE,10,elitize_generation_data,44,5,0.138,NA
46,45,string-lengths-backwards,tourney,FALSE,10,elitize_generation_data,45,5,0.114,NA
47,45,string-lengths-backwards,tourney,FALSE,10,elitize_generation_data,46,6,0.118,NA
48,45,string-lengths-backwards,tourney,FALSE,10,elitize_generation_data,47,5,0.114,NA
49,45,string-lengths-backwards,tourney,FALSE,10,elitize_generation_data,48,5,0.105,NA
50,45,string-lengths-backwards,tourney,FALSE,10,elitize_generation_data,49,5,0.1,NA
51,45,string-lengths-backwards,tourney,FALSE,10,elitize_generation_data,50,6,0.088,NA
52,45,string-lengths-backwards,tourney,FALSE,10,elitize_generation_data,51,5,0.097,NA
53,45,string-lengths-backwards,tourney,FALSE,10,elitize_generation_data,52,5,0.099,NA
54,45,string-lengths-backwards,tourney,FALSE,10,elitize_generation_data,53,6,0.086,NA
55,45,string-lengths-backwards,tourney,FALSE,10,elitize_generation_data,54,7,0.084,NA
56,45,string-lengths-backwards,tourney,FALSE,10,elitize_generation_data,55,7,0.095,NA
57,45,string-lengths-backwards,tourney,FALSE,10,elitize_generation_data,56,8,0.096,NA
58,45,string-lengths-backwards,tourney,FALSE,10,elitize_generation_data,57,5,0.096,NA
59,45,string-lengths-backwards,tourney,FALSE,10,elitize_generation_data,58,6,0.088,NA
60,45,string-lengths-backwards,tourney,FALSE,10,elitize_generation_data,59,7,0.114,NA
61,45,string-lengths-backwards,tourney,FALSE,10,elitize_generation_data,60,6,0.08,NA
62,45,string-lengths-backwards,tourney,FALSE,10,elitize_generation_data,61,5,0.11,NA
63,45,string-lengths-backwards,tourney,FALSE,10,elitize_generation_data,62,5,0.101,NA
64,45,string-lengths-backwards,tourney,FALSE,10,elitize_generation_data,63,6,0.099,NA
65,45,string-lengths-backwards,tourney,FALSE,10,elitize_generation_data,64,6,0.092,NA
66,45,string-lengths-backwards,tourney,FALSE,10,elitize_generation_data,65,7,0.103,NA
67,45,string-lengths-backwards,tourney,FALSE,10,elitize_generation_data,66,6,0.096,NA
68,45,string-lengths-backwards,tourney,FALSE,10,elitize_generation_data,67,5,0.096,NA
69,45,string-lengths-backwards,tourney,FALSE,10,elitize_generation_data,68,6,0.115,NA
70,45,string-lengths-backwards,tourney,FALSE,10,elitize_generation_data,69,8,0.092,NA
71,45,string-lengths-backwards,tourney,FALSE,10,elitize_generation_data,70,4,0.098,NA
72,45,string-lengths-backwards,tourney,FALSE,10,elitize_generation_data,71,7,0.086,NA
73,45,string-lengths-backwards,tourney,FALSE,10,elitize_generation_data,72,7,0.088,NA
74,45,string-lengths-backwards,tourney,FALSE,10,elitize_generation_data,73,7,0.097,NA
75,45,string-lengths-backwards,tourney,FALSE,10,elitize_generation_data,74,5,0.099,NA
76,45,string-lengths-backwards,tourney,FALSE,10,elitize_generation_data,75,6,0.101,NA
77,45,string-lengths-backwards,tourney,FALSE,10,elitize_generation_data,76,5,0.102,NA
78,45,string-lengths-backwards,tourney,FALSE,10,elitize_generation_data,77,4,0.104,NA
79,45,string-lengths-backwards,tourney,FALSE,10,elitize_generation_data,78,8,0.094,NA
80,45,string-lengths-backwards,tourney,FALSE,10,elitize_generation_data,79,7,0.103,NA
81,45,string-lengths-backwards,tourney,FALSE,10,elitize_generation_data,80,5,0.1,NA
82,45,string-lengths-backwards,tourney,FALSE,10,elitize_generation_data,81,8,0.097,NA
83,45,string-lengths-backwards,tourney,FALSE,10,elitize_generation_data,82,6,0.12,NA
84,45,string-lengths-backwards,tourney,FALSE,10,elitize_generation_data,83,5,0.092,NA
85,45,string-lengths-backwards,tourney,FALSE,10,elitize_generation_data,84,4,0.094,NA
86,45,string-lengths-backwards,tourney,FALSE,10,elitize_generation_data,85,6,0.098,NA
87,45,string-lengths-backwards,tourney,FALSE,10,elitize_generation_data,86,5,0.092,NA
88,45,string-lengths-backwards,tourney,FALSE,10,elitize_generation_data,87,6,0.078,NA
89,45,string-lengths-backwards,tourney,FALSE,10,elitize_generation_data,88,6,0.099,NA
90,45,string-lengths-backwards,tourney,FALSE,10,elitize_generation_data,89,3,0.102,NA
91,45,string-lengths-backwards,tourney,FALSE,10,elitize_generation_data,90,5,0.104,NA
92,45,string-lengths-backwards,tourney,FALSE,10,elitize_generation_data,91,5,0.098,NA
93,45,string-lengths-backwards,tourney,FALSE,10,elitize_generation_data,92,5,0.087,NA
94,45,string-lengths-backwards,tourney,FALSE,10,elitize_generation_data,93,4,0.092,NA
95,45,string-lengths-backwards,tourney,FALSE,10,elitize_generation_data,94,4,0.084,NA
96,45,string-lengths-backwards,tourney,FALSE,10,elitize_generation_data,95,10,0.092,NA
97,45,string-lengths-backwards,tourney,FALSE,10,elitize_generation_data,96,4,0.095,NA
98,45,string-lengths-backwards,tourney,FALSE,10,elitize_generation_data,97,5,0.074,NA
99,45,string-lengths-backwards,tourney,FALSE,10,elitize_generation_data,98,6,0.1,NA
100,45,string-lengths-backwards,tourney,FALSE,10,elitize_generation_data,99,5,0.088,NA
101,45,string-lengths-backwards,tourney,FALSE,10,elitize_generation_data,100,5,0.07,NA
102,45,string-lengths-backwards,tourney,FALSE,10,elitize_generation_data,101,7,0.089,NA
103,45,string-lengths-backwards,tourney,FALSE,10,elitize_generation_data,102,4,0.088,NA
104,45,string-lengths-backwards,tourney,FALSE,10,elitize_generation_data,103,6,0.097,NA
105,45,string-lengths-backwards,tourney,FALSE,10,elitize_generation_data,104,5,0.08,NA
106,45,string-lengths-backwards,tourney,FALSE,10,elitize_generation_data,105,5,0.093,NA
107,45,string-lengths-backwards,tourney,FALSE,10,elitize_generation_data,106,7,0.079,NA
108,45,string-lengths-backwards,tourney,FALSE,10,elitize_generation_data,107,4,0.092,NA
109,45,string-lengths-backwards,tourney,FALSE,10,elitize_generation_data,108,5,0.078,NA
110,45,string-lengths-backwards,tourney,FALSE,10,elitize_generation_data,109,5,0.092,NA
111,45,string-lengths-backwards,tourney,FALSE,10,elitize_generation_data,110,6,0.089,NA
112,45,string-lengths-backwards,tourney,FALSE,10,elitize_generation_data,111,6,0.099,NA
113,45,string-lengths-backwards,tourney,FALSE,10,elitize_generation_data,112,5,0.085,NA
114,45,string-lengths-backwards,tourney,FALSE,10,elitize_generation_data,113,5,0.094,NA
115,45,string-lengths-backwards,tourney,FALSE,10,elitize_generation_data,114,6,0.08,NA
116,45,string-lengths-backwards,tourney,FALSE,10,elitize_generation_data,115,4,0.08,NA
117,45,string-lengths-backwards,tourney,FALSE,10,elitize_generation_data,116,4,0.081,NA
118,45,string-lengths-backwards,tourney,FALSE,10,elitize_generation_data,117,6,0.086,NA
119,45,string-lengths-backwards,tourney,FALSE,10,elitize_generation_data,118,5,0.082,NA
120,45,string-lengths-backwards,tourney,FALSE,10,elitize_generation_data,119,5,0.076,NA
121,45,string-lengths-backwards,tourney,FALSE,10,elitize_generation_data,120,5,0.078,NA
122,45,string-lengths-backwards,tourney,FALSE,10,elitize_generation_data,121,4,0.069,NA
123,45,string-lengths-backwards,tourney,FALSE,10,elitize_generation_data,122,5,0.07,NA
124,45,string-lengths-backwards,tourney,FALSE,10,elitize_generation_data,123,3,0.079,NA
125,45,string-lengths-backwards,tourney,FALSE,10,elitize_generation_data,124,6,0.097,NA
126,45,string-lengths-backwards,tourney,FALSE,10,elitize_generation_data,125,5,0.078,NA
127,45,string-lengths-backwards,tourney,FALSE,10,elitize_generation_data,126,5,0.064,NA
128,45,string-lengths-backwards,tourney,FALSE,10,elitize_generation_data,127,6,0.086,NA
129,45,string-lengths-backwards,tourney,FALSE,10,elitize_generation_data,128,5,0.066,NA
130,45,string-lengths-backwards,tourney,FALSE,10,elitize_generation_data,129,6,0.088,NA
131,45,string-lengths-backwards,tourney,FALSE,10,elitize_generation_data,130,5,0.069,NA
132,45,string-lengths-backwards,tourney,FALSE,10,elitize_generation_data,131,5,0.073,NA
133,45,string-lengths-backwards,tourney,FALSE,10,elitize_generation_data,132,4,0.077,NA
134,45,string-lengths-backwards,tourney,FALSE,10,elitize_generation_data,133,6,0.073,NA
135,45,string-lengths-backwards,tourney,FALSE,10,elitize_generation_data,134,3,0.075,NA
136,45,string-lengths-backwards,tourney,FALSE,10,elitize_generation_data,135,6,0.074,NA
137,45,string-lengths-backwards,tourney,FALSE,10,elitize_generation_data,136,5,0.063,NA
138,45,string-lengths-backwards,tourney,FALSE,10,elitize_generation_data,137,6,0.077,NA
139,45,string-lengths-backwards,tourney,FALSE,10,elitize_generation_data,138,5,0.073,NA
140,45,string-lengths-backwards,tourney,FALSE,10,elitize_generation_data,139,5,0.075,NA
141,45,string-lengths-backwards,tourney,FALSE,10,elitize_generation_data,140,6,0.086,NA
142,45,string-lengths-backwards,tourney,FALSE,10,elitize_generation_data,141,6,0.069,NA
143,45,string-lengths-backwards,tourney,FALSE,10,elitize_generation_data,142,6,0.068,NA
144,45,string-lengths-backwards,tourney,FALSE,10,elitize_generation_data,143,6,0.063,NA
145,45,string-lengths-backwards,tourney,FALSE,10,elitize_generation_data,144,6,0.067,NA
146,45,string-lengths-backwards,tourney,FALSE,10,elitize_generation_data,145,5,0.065,NA
147,45,string-lengths-backwards,tourney,FALSE,10,elitize_generation_data,146,6,0.065,NA
148,45,string-lengths-backwards,tourney,FALSE,10,elitize_generation_data,147,5,0.071,NA
149,45,string-lengths-backwards,tourney,FALSE,10,elitize_generation_data,148,5,0.062,NA
150,45,string-lengths-backwards,tourney,FALSE,10,elitize_generation_data,149,5,0.055,NA
151,45,string-lengths-backwards,tourney,FALSE,10,elitize_generation_data,150,4,0.061,NA
152,45,string-lengths-backwards,tourney,FALSE,10,elitize_generation_data,151,6,0.07,NA
153,45,string-lengths-backwards,tourney,FALSE,10,elitize_generation_data,152,4,0.069,NA
154,45,string-lengths-backwards,tourney,FALSE,10,elitize_generation_data,153,5,0.065,NA
155,45,string-lengths-backwards,tourney,FALSE,10,elitize_generation_data,154,6,0.069,NA
156,45,string-lengths-backwards,tourney,FALSE,10,elitize_generation_data,155,5,0.056,NA
157,45,string-lengths-backwards,tourney,FALSE,10,elitize_generation_data,156,5,0.069,NA
158,45,string-lengths-backwards,tourney,FALSE,10,elitize_generation_data,157,4,0.059,NA
159,45,string-lengths-backwards,tourney,FALSE,10,elitize_generation_data,158,5,0.052,NA
160,45,string-lengths-backwards,tourney,FALSE,10,elitize_generation_data,159,5,0.057,NA
161,45,string-lengths-backwards,tourney,FALSE,10,elitize_generation_data,160,7,0.059,NA
162,45,string-lengths-backwards,tourney,FALSE,10,elitize_generation_data,161,4,0.067,NA
163,45,string-lengths-backwards,tourney,FALSE,10,elitize_generation_data,162,3,0.055,NA
164,45,string-lengths-backwards,tourney,FALSE,10,elitize_generation_data,163,4,0.053,NA
165,45,string-lengths-backwards,tourney,FALSE,10,elitize_generation_data,164,6,0.064,NA
166,45,string-lengths-backwards,tourney,FALSE,10,elitize_generation_data,165,4,0.052,NA
167,45,string-lengths-backwards,tourney,FALSE,10,elitize_generation_data,166,5,0.062,NA
168,45,string-lengths-backwards,tourney,FALSE,10,elitize_generation_data,167,5,0.067,NA
169,45,string-lengths-backwards,tourney,FALSE,10,elitize_generation_data,168,4,0.058,NA
170,45,string-lengths-backwards,tourney,FALSE,10,elitize_generation_data,169,5,0.059,NA
171,45,string-lengths-backwards,tourney,FALSE,10,elitize_generation_data,170,5,0.059,NA
172,45,string-lengths-backwards,tourney,FALSE,10,elitize_generation_data,171,4,0.056,NA
173,45,string-lengths-backwards,tourney,FALSE,10,elitize_generation_data,172,4,0.044,NA
174,45,string-lengths-backwards,tourney,FALSE,10,elitize_generation_data,173,6,0.054,NA
175,45,string-lengths-backwards,tourney,FALSE,10,elitize_generation_data,174,4,0.049,NA
176,45,string-lengths-backwards,tourney,FALSE,10,elitize_generation_data,175,7,0.049,NA
177,45,string-lengths-backwards,tourney,FALSE,10,elitize_generation_data,176,4,0.053,NA
178,45,string-lengths-backwards,tourney,FALSE,10,elitize_generation_data,177,4,0.051,NA
179,45,string-lengths-backwards,tourney,FALSE,10,elitize_generation_data,178,5,0.058,NA
180,45,string-lengths-backwards,tourney,FALSE,10,elitize_generation_data,179,2,0.052,NA
181,45,string-lengths-backwards,tourney,FALSE,10,elitize_generation_data,180,3,0.048,NA
182,45,string-lengths-backwards,tourney,FALSE,10,elitize_generation_data,181,5,0.045,NA
183,45,string-lengths-backwards,tourney,FALSE,10,elitize_generation_data,182,3,0.043,NA
184,45,string-lengths-backwards,tourney,FALSE,10,elitize_generation_data,183,3,0.043,NA
185,45,string-lengths-backwards,tourney,FALSE,10,elitize_generation_data,184,5,0.056,NA
186,45,string-lengths-backwards,tourney,FALSE,10,elitize_generation_data,185,4,0.049,NA
187,45,string-lengths-backwards,tourney,FALSE,10,elitize_generation_data,186,3,0.048,NA
188,45,string-lengths-backwards,tourney,FALSE,10,elitize_generation_data,187,2,0.028,NA
189,45,string-lengths-backwards,tourney,FALSE,10,elitize_generation_data,188,4,0.063,NA
190,45,string-lengths-backwards,tourney,FALSE,10,elitize_generation_data,189,3,0.04,NA
191,45,string-lengths-backwards,tourney,FALSE,10,elitize_generation_data,190,4,0.05,NA
192,45,string-lengths-backwards,tourney,FALSE,10,elitize_generation_data,191,3,0.038,NA
193,45,string-lengths-backwards,tourney,FALSE,10,elitize_generation_data,192,5,0.058,NA
194,45,string-lengths-backwards,tourney,FALSE,10,elitize_generation_data,193,4,0.04,NA
195,45,string-lengths-backwards,tourney,FALSE,10,elitize_generation_data,194,2,0.041,NA
196,45,string-lengths-backwards,tourney,FALSE,10,elitize_generation_data,195,3,0.047,NA
197,45,string-lengths-backwards,tourney,FALSE,10,elitize_generation_data,196,3,0.042,NA
198,45,string-lengths-backwards,tourney,FALSE,10,elitize_generation_data,197,3,0.044,NA
199,45,string-lengths-backwards,tourney,FALSE,10,elitize_generation_data,198,2,0.042,NA
200,45,string-lengths-backwards,tourney,FALSE,10,elitize_generation_data,199,4,0.046,NA
201,45,string-lengths-backwards,tourney,FALSE,10,elitize_generation_data,200,2,0.048,NA
202,45,string-lengths-backwards,tourney,FALSE,10,elitize_generation_data,201,4,0.04,NA
203,45,string-lengths-backwards,tourney,FALSE,10,elitize_generation_data,202,5,0.052,NA
204,45,string-lengths-backwards,tourney,FALSE,10,elitize_generation_data,203,4,0.036,NA
205,45,string-lengths-backwards,tourney,FALSE,10,elitize_generation_data,204,3,0.044,NA
206,45,string-lengths-backwards,tourney,FALSE,10,elitize_generation_data,205,4,0.041,NA
207,45,string-lengths-backwards,tourney,FALSE,10,elitize_generation_data,206,3,0.043,NA
208,45,string-lengths-backwards,tourney,FALSE,10,elitize_generation_data,207,5,0.037,NA
209,45,string-lengths-backwards,tourney,FALSE,10,elitize_generation_data,208,3,0.044,NA
210,45,string-lengths-backwards,tourney,FALSE,10,elitize_generation_data,209,4,0.04,NA
211,45,string-lengths-backwards,tourney,FALSE,10,elitize_generation_data,210,5,0.044,NA
212,45,string-lengths-backwards,tourney,FALSE,10,elitize_generation_data,211,4,0.038,NA
213,45,string-lengths-backwards,tourney,FALSE,10,elitize_generation_data,212,4,0.043,NA
214,45,string-lengths-backwards,tourney,FALSE,10,elitize_generation_data,213,3,0.038,NA
215,45,string-lengths-backwards,tourney,FALSE,10,elitize_generation_data,214,3,0.038,NA
216,45,string-lengths-backwards,tourney,FALSE,10,elitize_generation_data,215,3,0.046,NA
217,45,string-lengths-backwards,tourney,FALSE,10,elitize_generation_data,216,3,0.041,NA
218,45,string-lengths-backwards,tourney,FALSE,10,elitize_generation_data,217,3,0.04,NA
219,45,string-lengths-backwards,tourney,FALSE,10,elitize_generation_data,218,3,0.032,NA
220,45,string-lengths-backwards,tourney,FALSE,10,elitize_generation_data,219,4,0.041,NA
221,45,string-lengths-backwards,tourney,FALSE,10,elitize_generation_data,220,3,0.045,NA
222,45,string-lengths-backwards,tourney,FALSE,10,elitize_generation_data,221,2,0.035,NA
223,45,string-lengths-backwards,tourney,FALSE,10,elitize_generation_data,222,5,0.047,NA
224,45,string-lengths-backwards,tourney,FALSE,10,elitize_generation_data,223,4,0.037,NA
225,45,string-lengths-backwards,tourney,FALSE,10,elitize_generation_data,224,5,0.051,NA
226,45,string-lengths-backwards,tourney,FALSE,10,elitize_generation_data,225,4,0.04,NA
227,45,string-lengths-backwards,tourney,FALSE,10,elitize_generation_data,226,3,0.042,NA
228,45,string-lengths-backwards,tourney,FALSE,10,elitize_generation_data,227,4,0.045,NA
229,45,string-lengths-backwards,tourney,FALSE,10,elitize_generation_data,228,5,0.04,NA
230,45,string-lengths-backwards,tourney,FALSE,10,elitize_generation_data,229,4,0.034,NA
231,45,string-lengths-backwards,tourney,FALSE,10,elitize_generation_data,230,5,0.046,NA
232,45,string-lengths-backwards,tourney,FALSE,10,elitize_generation_data,231,3,0.043,NA
233,45,string-lengths-backwards,tourney,FALSE,10,elitize_generation_data,232,3,0.04,NA
234,45,string-lengths-backwards,tourney,FALSE,10,elitize_generation_data,233,3,0.037,NA
235,45,string-lengths-backwards,tourney,FALSE,10,elitize_generation_data,234,3,0.043,NA
236,45,string-lengths-backwards,tourney,FALSE,10,elitize_generation_data,235,3,0.051,NA
237,45,string-lengths-backwards,tourney,FALSE,10,elitize_generation_data,236,3,0.046,NA
238,45,string-lengths-backwards,tourney,FALSE,10,elitize_generation_data,237,2,0.036,NA
239,45,string-lengths-backwards,tourney,FALSE,10,elitize_generation_data,238,3,0.038,NA
240,45,string-lengths-backwards,tourney,FALSE,10,elitize_generation_data,239,3,0.044,NA
241,45,string-lengths-backwards,tourney,FALSE,10,elitize_generation_data,240,2,0.045,NA
242,45,string-lengths-backwards,tourney,FALSE,10,elitize_generation_data,241,2,0.034,NA
243,45,string-lengths-backwards,tourney,FALSE,10,elitize_generation_data,242,3,0.037,NA
244,45,string-lengths-backwards,tourney,FALSE,10,elitize_generation_data,243,3,0.048,NA
245,45,string-lengths-backwards,tourney,FALSE,10,elitize_generation_data,244,4,0.04,NA
246,45,string-lengths-backwards,tourney,FALSE,10,elitize_generation_data,245,2,0.036,NA
247,45,string-lengths-backwards,tourney,FALSE,10,elitize_generation_data,246,3,0.048,NA
248,45,string-lengths-backwards,tourney,FALSE,10,elitize_generation_data,247,3,0.045,NA
249,45,string-lengths-backwards,tourney,FALSE,10,elitize_generation_data,248,3,0.042,NA
250,45,string-lengths-backwards,tourney,FALSE,10,elitize_generation_data,249,4,0.041,NA
251,45,string-lengths-backwards,tourney,FALSE,10,elitize_generation_data,250,3,0.039,NA
252,45,string-lengths-backwards,tourney,FALSE,10,elitize_generation_data,251,3,0.032,NA
253,45,string-lengths-backwards,tourney,FALSE,10,elitize_generation_data,252,5,0.052,NA
254,45,string-lengths-backwards,tourney,FALSE,10,elitize_generation_data,253,3,0.034,NA
255,45,string-lengths-backwards,tourney,FALSE,10,elitize_generation_data,254,4,0.032,NA
256,45,string-lengths-backwards,tourney,FALSE,10,elitize_generation_data,255,2,0.033,NA
257,45,string-lengths-backwards,tourney,FALSE,10,elitize_generation_data,256,4,0.048,NA
258,45,string-lengths-backwards,tourney,FALSE,10,elitize_generation_data,257,2,0.032,NA
259,45,string-lengths-backwards,tourney,FALSE,10,elitize_generation_data,258,2,0.04,NA
260,45,string-lengths-backwards,tourney,FALSE,10,elitize_generation_data,259,3,0.046,NA
261,45,string-lengths-backwards,tourney,FALSE,10,elitize_generation_data,260,4,0.035,NA
262,45,string-lengths-backwards,tourney,FALSE,10,elitize_generation_data,261,2,0.041,NA
263,45,string-lengths-backwards,tourney,FALSE,10,elitize_generation_data,262,2,0.033,NA
264,45,string-lengths-backwards,tourney,FALSE,10,elitize_generation_data,263,2,0.041,NA
265,45,string-lengths-backwards,tourney,FALSE,10,elitize_generation_data,264,3,0.038,NA
266,45,string-lengths-backwards,tourney,FALSE,10,elitize_generation_data,265,4,0.045,NA
267,45,string-lengths-backwards,tourney,FALSE,10,elitize_generation_data,266,3,0.034,NA
268,45,string-lengths-backwards,tourney,FALSE,10,elitize_generation_data,267,4,0.045,NA
269,45,string-lengths-backwards,tourney,FALSE,10,elitize_generation_data,268,2,0.042,NA
270,45,string-lengths-backwards,tourney,FALSE,10,elitize_generation_data,269,3,0.029,NA
271,45,string-lengths-backwards,tourney,FALSE,10,elitize_generation_data,270,2,0.036,NA
272,45,string-lengths-backwards,tourney,FALSE,10,elitize_generation_data,271,3,0.032,NA
273,45,string-lengths-backwards,tourney,FALSE,10,elitize_generation_data,272,2,0.033,NA
274,45,string-lengths-backwards,tourney,FALSE,10,elitize_generation_data,273,4,0.045,NA
275,45,string-lengths-backwards,tourney,FALSE,10,elitize_generation_data,274,4,0.052,NA
276,45,string-lengths-backwards,tourney,FALSE,10,elitize_generation_data,275,3,0.03,NA
277,45,string-lengths-backwards,tourney,FALSE,10,elitize_generation_data,276,3,0.036,NA
278,45,string-lengths-backwards,tourney,FALSE,10,elitize_generation_data,277,4,0.041,NA
279,45,string-lengths-backwards,tourney,FALSE,10,elitize_generation_data,278,3,0.039,NA
280,45,string-lengths-backwards,tourney,FALSE,10,elitize_generation_data,279,3,0.042,NA
281,45,string-lengths-backwards,tourney,FALSE,10,elitize_generation_data,280,2,0.035,NA
282,45,string-lengths-backwards,tourney,FALSE,10,elitize_generation_data,281,3,0.038,NA
283,45,string-lengths-backwards,tourney,FALSE,10,elitize_generation_data,282,3,0.034,NA
284,45,string-lengths-backwards,tourney,FALSE,10,elitize_generation_data,283,5,0.041,NA
285,45,string-lengths-backwards,tourney,FALSE,10,elitize_generation_data,284,3,0.041,NA
286,45,string-lengths-backwards,tourney,FALSE,10,elitize_generation_data,285,4,0.048,NA
287,45,string-lengths-backwards,tourney,FALSE,10,elitize_generation_data,286,2,0.027,NA
288,45,string-lengths-backwards,tourney,FALSE,10,elitize_generation_data,287,3,0.031,NA
289,45,string-lengths-backwards,tourney,FALSE,10,elitize_generation_data,288,3,0.03,NA
290,45,string-lengths-backwards,tourney,FALSE,10,elitize_generation_data,289,3,0.037,NA
291,45,string-lengths-backwards,tourney,FALSE,10,elitize_generation_data,290,2,0.034,NA
292,45,string-lengths-backwards,tourney,FALSE,10,elitize_generation_data,291,4,0.047,NA
293,45,string-lengths-backwards,tourney,FALSE,10,elitize_generation_data,292,4,0.04,NA
294,45,string-lengths-backwards,tourney,FALSE,10,elitize_generation_data,293,3,0.039,NA
295,45,string-lengths-backwards,tourney,FALSE,10,elitize_generation_data,294,2,0.044,NA
296,45,string-lengths-backwards,tourney,FALSE,10,elitize_generation_data,295,3,0.039,NA
297,45,string-lengths-backwards,tourney,FALSE,10,elitize_generation_data,296,4,0.042,NA
298,45,string-lengths-backwards,tourney,FALSE,10,elitize_generation_data,297,2,0.036,NA
299,45,string-lengths-backwards,tourney,FALSE,10,elitize_generation_data,298,3,0.043,NA
300,45,string-lengths-backwards,tourney,FALSE,10,elitize_generation_data,299,2,0.044,NA
301,45,string-lengths-backwards,tourney,FALSE,10,elitize_generation_data,300,4,0.039,NA
