,run.num,problem,treatment,succeeded,height,normalization.function,generation,cluster.count,error.diversity,success.generation
1,9,string-lengths-backwards,tourney,FALSE,10,elitize_generation_data,0,5,0.26,NA
2,9,string-lengths-backwards,tourney,FALSE,10,elitize_generation_data,1,7,0.162,NA
3,9,string-lengths-backwards,tourney,FALSE,10,elitize_generation_data,2,6,0.281,NA
4,9,string-lengths-backwards,tourney,FALSE,10,elitize_generation_data,3,5,0.376,NA
5,9,string-lengths-backwards,tourney,FALSE,10,elitize_generation_data,4,3,0.25,NA
6,9,string-lengths-backwards,tourney,FALSE,10,elitize_generation_data,5,11,0.212,NA
7,9,string-lengths-backwards,tourney,FALSE,10,elitize_generation_data,6,7,0.166,NA
8,9,string-lengths-backwards,tourney,FALSE,10,elitize_generation_data,7,5,0.25,NA
9,9,string-lengths-backwards,tourney,FALSE,10,elitize_generation_data,8,5,0.288,NA
10,9,string-lengths-backwards,tourney,FALSE,10,elitize_generation_data,9,5,0.257,NA
11,9,string-lengths-backwards,tourney,FALSE,10,elitize_generation_data,10,6,0.33,NA
12,9,string-lengths-backwards,tourney,FALSE,10,elitize_generation_data,11,7,0.304,NA
13,9,string-lengths-backwards,tourney,FALSE,10,elitize_generation_data,12,7,0.323,NA
14,9,string-lengths-backwards,tourney,FALSE,10,elitize_generation_data,13,5,0.304,NA
15,9,string-lengths-backwards,tourney,FALSE,10,elitize_generation_data,14,5,0.225,NA
16,9,string-lengths-backwards,tourney,FALSE,10,elitize_generation_data,15,10,0.23,NA
17,9,string-lengths-backwards,tourney,FALSE,10,elitize_generation_data,16,7,0.257,NA
18,9,string-lengths-backwards,tourney,FALSE,10,elitize_generation_data,17,8,0.269,NA
19,9,string-lengths-backwards,tourney,FALSE,10,elitize_generation_data,18,8,0.242,NA
20,9,string-lengths-backwards,tourney,FALSE,10,elitize_generation_data,19,11,0.167,NA
21,9,string-lengths-backwards,tourney,FALSE,10,elitize_generation_data,20,9,0.152,NA
22,9,string-lengths-backwards,tourney,FALSE,10,elitize_generation_data,21,10,0.139,NA
23,9,string-lengths-backwards,tourney,FALSE,10,elitize_generation_data,22,11,0.127,NA
24,9,string-lengths-backwards,tourney,FALSE,10,elitize_generation_data,23,10,0.117,NA
25,9,string-lengths-backwards,tourney,FALSE,10,elitize_generation_data,24,14,0.12,NA
26,9,string-lengths-backwards,tourney,FALSE,10,elitize_generation_data,25,11,0.092,NA
27,9,string-lengths-backwards,tourney,FALSE,10,elitize_generation_data,26,10,0.081,NA
28,9,string-lengths-backwards,tourney,FALSE,10,elitize_generation_data,27,11,0.081,NA
29,9,string-lengths-backwards,tourney,FALSE,10,elitize_generation_data,28,9,0.081,NA
30,9,string-lengths-backwards,tourney,FALSE,10,elitize_generation_data,29,9,0.069,NA
31,9,string-lengths-backwards,tourney,FALSE,10,elitize_generation_data,30,9,0.072,NA
32,9,string-lengths-backwards,tourney,FALSE,10,elitize_generation_data,31,10,0.072,NA
33,9,string-lengths-backwards,tourney,FALSE,10,elitize_generation_data,32,12,0.082,NA
34,9,string-lengths-backwards,tourney,FALSE,10,elitize_generation_data,33,9,0.065,NA
35,9,string-lengths-backwards,tourney,FALSE,10,elitize_generation_data,34,8,0.075,NA
36,9,string-lengths-backwards,tourney,FALSE,10,elitize_generation_data,35,5,0.072,NA
37,9,string-lengths-backwards,tourney,FALSE,10,elitize_generation_data,36,9,0.095,NA
38,9,string-lengths-backwards,tourney,FALSE,10,elitize_generation_data,37,15,0.093,NA
39,9,string-lengths-backwards,tourney,FALSE,10,elitize_generation_data,38,12,0.077,NA
40,9,string-lengths-backwards,tourney,FALSE,10,elitize_generation_data,39,11,0.082,NA
41,9,string-lengths-backwards,tourney,FALSE,10,elitize_generation_data,40,12,0.093,NA
42,9,string-lengths-backwards,tourney,FALSE,10,elitize_generation_data,41,11,0.095,NA
43,9,string-lengths-backwards,tourney,FALSE,10,elitize_generation_data,42,12,0.085,NA
44,9,string-lengths-backwards,tourney,FALSE,10,elitize_generation_data,43,12,0.09,NA
45,9,string-lengths-backwards,tourney,FALSE,10,elitize_generation_data,44,10,0.086,NA
46,9,string-lengths-backwards,tourney,FALSE,10,elitize_generation_data,45,13,0.079,NA
47,9,string-lengths-backwards,tourney,FALSE,10,elitize_generation_data,46,12,0.088,NA
48,9,string-lengths-backwards,tourney,FALSE,10,elitize_generation_data,47,8,0.069,NA
49,9,string-lengths-backwards,tourney,FALSE,10,elitize_generation_data,48,12,0.088,NA
50,9,string-lengths-backwards,tourney,FALSE,10,elitize_generation_data,49,9,0.071,NA
51,9,string-lengths-backwards,tourney,FALSE,10,elitize_generation_data,50,10,0.08,NA
52,9,string-lengths-backwards,tourney,FALSE,10,elitize_generation_data,51,12,0.087,NA
53,9,string-lengths-backwards,tourney,FALSE,10,elitize_generation_data,52,11,0.085,NA
54,9,string-lengths-backwards,tourney,FALSE,10,elitize_generation_data,53,12,0.077,NA
55,9,string-lengths-backwards,tourney,FALSE,10,elitize_generation_data,54,12,0.102,NA
56,9,string-lengths-backwards,tourney,FALSE,10,elitize_generation_data,55,12,0.081,NA
57,9,string-lengths-backwards,tourney,FALSE,10,elitize_generation_data,56,13,0.085,NA
58,9,string-lengths-backwards,tourney,FALSE,10,elitize_generation_data,57,12,0.095,NA
59,9,string-lengths-backwards,tourney,FALSE,10,elitize_generation_data,58,11,0.102,NA
60,9,string-lengths-backwards,tourney,FALSE,10,elitize_generation_data,59,10,0.082,NA
61,9,string-lengths-backwards,tourney,FALSE,10,elitize_generation_data,60,9,0.074,NA
62,9,string-lengths-backwards,tourney,FALSE,10,elitize_generation_data,61,8,0.071,NA
63,9,string-lengths-backwards,tourney,FALSE,10,elitize_generation_data,62,8,0.076,NA
64,9,string-lengths-backwards,tourney,FALSE,10,elitize_generation_data,63,7,0.066,NA
65,9,string-lengths-backwards,tourney,FALSE,10,elitize_generation_data,64,7,0.065,NA
66,9,string-lengths-backwards,tourney,FALSE,10,elitize_generation_data,65,9,0.074,NA
67,9,string-lengths-backwards,tourney,FALSE,10,elitize_generation_data,66,9,0.061,NA
68,9,string-lengths-backwards,tourney,FALSE,10,elitize_generation_data,67,7,0.05,NA
69,9,string-lengths-backwards,tourney,FALSE,10,elitize_generation_data,68,7,0.066,NA
70,9,string-lengths-backwards,tourney,FALSE,10,elitize_generation_data,69,8,0.073,NA
71,9,string-lengths-backwards,tourney,FALSE,10,elitize_generation_data,70,8,0.104,NA
72,9,string-lengths-backwards,tourney,FALSE,10,elitize_generation_data,71,10,0.099,NA
73,9,string-lengths-backwards,tourney,FALSE,10,elitize_generation_data,72,9,0.088,NA
74,9,string-lengths-backwards,tourney,FALSE,10,elitize_generation_data,73,9,0.076,NA
75,9,string-lengths-backwards,tourney,FALSE,10,elitize_generation_data,74,11,0.087,NA
76,9,string-lengths-backwards,tourney,FALSE,10,elitize_generation_data,75,11,0.089,NA
77,9,string-lengths-backwards,tourney,FALSE,10,elitize_generation_data,76,7,0.085,NA
78,9,string-lengths-backwards,tourney,FALSE,10,elitize_generation_data,77,7,0.06,NA
79,9,string-lengths-backwards,tourney,FALSE,10,elitize_generation_data,78,8,0.074,NA
80,9,string-lengths-backwards,tourney,FALSE,10,elitize_generation_data,79,8,0.053,NA
81,9,string-lengths-backwards,tourney,FALSE,10,elitize_generation_data,80,7,0.069,NA
82,9,string-lengths-backwards,tourney,FALSE,10,elitize_generation_data,81,8,0.071,NA
83,9,string-lengths-backwards,tourney,FALSE,10,elitize_generation_data,82,7,0.076,NA
84,9,string-lengths-backwards,tourney,FALSE,10,elitize_generation_data,83,6,0.058,NA
85,9,string-lengths-backwards,tourney,FALSE,10,elitize_generation_data,84,6,0.061,NA
86,9,string-lengths-backwards,tourney,FALSE,10,elitize_generation_data,85,7,0.065,NA
87,9,string-lengths-backwards,tourney,FALSE,10,elitize_generation_data,86,7,0.057,NA
88,9,string-lengths-backwards,tourney,FALSE,10,elitize_generation_data,87,7,0.065,NA
89,9,string-lengths-backwards,tourney,FALSE,10,elitize_generation_data,88,7,0.059,NA
90,9,string-lengths-backwards,tourney,FALSE,10,elitize_generation_data,89,6,0.066,NA
91,9,string-lengths-backwards,tourney,FALSE,10,elitize_generation_data,90,8,0.065,NA
92,9,string-lengths-backwards,tourney,FALSE,10,elitize_generation_data,91,8,0.079,NA
93,9,string-lengths-backwards,tourney,FALSE,10,elitize_generation_data,92,7,0.063,NA
94,9,string-lengths-backwards,tourney,FALSE,10,elitize_generation_data,93,6,0.064,NA
95,9,string-lengths-backwards,tourney,FALSE,10,elitize_generation_data,94,8,0.068,NA
96,9,string-lengths-backwards,tourney,FALSE,10,elitize_generation_data,95,8,0.059,NA
97,9,string-lengths-backwards,tourney,FALSE,10,elitize_generation_data,96,9,0.067,NA
98,9,string-lengths-backwards,tourney,FALSE,10,elitize_generation_data,97,7,0.071,NA
99,9,string-lengths-backwards,tourney,FALSE,10,elitize_generation_data,98,8,0.065,NA
100,9,string-lengths-backwards,tourney,FALSE,10,elitize_generation_data,99,11,0.071,NA
101,9,string-lengths-backwards,tourney,FALSE,10,elitize_generation_data,100,7,0.073,NA
102,9,string-lengths-backwards,tourney,FALSE,10,elitize_generation_data,101,7,0.075,NA
103,9,string-lengths-backwards,tourney,FALSE,10,elitize_generation_data,102,8,0.069,NA
104,9,string-lengths-backwards,tourney,FALSE,10,elitize_generation_data,103,10,0.077,NA
105,9,string-lengths-backwards,tourney,FALSE,10,elitize_generation_data,104,10,0.073,NA
106,9,string-lengths-backwards,tourney,FALSE,10,elitize_generation_data,105,9,0.059,NA
107,9,string-lengths-backwards,tourney,FALSE,10,elitize_generation_data,106,7,0.07,NA
108,9,string-lengths-backwards,tourney,FALSE,10,elitize_generation_data,107,7,0.065,NA
109,9,string-lengths-backwards,tourney,FALSE,10,elitize_generation_data,108,9,0.068,NA
110,9,string-lengths-backwards,tourney,FALSE,10,elitize_generation_data,109,8,0.079,NA
111,9,string-lengths-backwards,tourney,FALSE,10,elitize_generation_data,110,7,0.079,NA
112,9,string-lengths-backwards,tourney,FALSE,10,elitize_generation_data,111,8,0.08,NA
113,9,string-lengths-backwards,tourney,FALSE,10,elitize_generation_data,112,8,0.073,NA
114,9,string-lengths-backwards,tourney,FALSE,10,elitize_generation_data,113,9,0.076,NA
115,9,string-lengths-backwards,tourney,FALSE,10,elitize_generation_data,114,6,0.078,NA
116,9,string-lengths-backwards,tourney,FALSE,10,elitize_generation_data,115,7,0.079,NA
117,9,string-lengths-backwards,tourney,FALSE,10,elitize_generation_data,116,8,0.078,NA
118,9,string-lengths-backwards,tourney,FALSE,10,elitize_generation_data,117,8,0.065,NA
119,9,string-lengths-backwards,tourney,FALSE,10,elitize_generation_data,118,8,0.066,NA
120,9,string-lengths-backwards,tourney,FALSE,10,elitize_generation_data,119,6,0.061,NA
121,9,string-lengths-backwards,tourney,FALSE,10,elitize_generation_data,120,7,0.065,NA
122,9,string-lengths-backwards,tourney,FALSE,10,elitize_generation_data,121,9,0.077,NA
123,9,string-lengths-backwards,tourney,FALSE,10,elitize_generation_data,122,8,0.079,NA
124,9,string-lengths-backwards,tourney,FALSE,10,elitize_generation_data,123,10,0.078,NA
125,9,string-lengths-backwards,tourney,FALSE,10,elitize_generation_data,124,8,0.069,NA
126,9,string-lengths-backwards,tourney,FALSE,10,elitize_generation_data,125,6,0.08,NA
127,9,string-lengths-backwards,tourney,FALSE,10,elitize_generation_data,126,8,0.077,NA
128,9,string-lengths-backwards,tourney,FALSE,10,elitize_generation_data,127,8,0.067,NA
129,9,string-lengths-backwards,tourney,FALSE,10,elitize_generation_data,128,8,0.081,NA
130,9,string-lengths-backwards,tourney,FALSE,10,elitize_generation_data,129,8,0.073,NA
131,9,string-lengths-backwards,tourney,FALSE,10,elitize_generation_data,130,9,0.083,NA
132,9,string-lengths-backwards,tourney,FALSE,10,elitize_generation_data,131,5,0.073,NA
133,9,string-lengths-backwards,tourney,FALSE,10,elitize_generation_data,132,8,0.075,NA
134,9,string-lengths-backwards,tourney,FALSE,10,elitize_generation_data,133,7,0.081,NA
135,9,string-lengths-backwards,tourney,FALSE,10,elitize_generation_data,134,10,0.079,NA
136,9,string-lengths-backwards,tourney,FALSE,10,elitize_generation_data,135,6,0.075,NA
137,9,string-lengths-backwards,tourney,FALSE,10,elitize_generation_data,136,6,0.085,NA
138,9,string-lengths-backwards,tourney,FALSE,10,elitize_generation_data,137,10,0.118,NA
139,9,string-lengths-backwards,tourney,FALSE,10,elitize_generation_data,138,5,0.117,NA
140,9,string-lengths-backwards,tourney,FALSE,10,elitize_generation_data,139,6,0.109,NA
141,9,string-lengths-backwards,tourney,FALSE,10,elitize_generation_data,140,8,0.114,NA
142,9,string-lengths-backwards,tourney,FALSE,10,elitize_generation_data,141,7,0.106,NA
143,9,string-lengths-backwards,tourney,FALSE,10,elitize_generation_data,142,6,0.096,NA
144,9,string-lengths-backwards,tourney,FALSE,10,elitize_generation_data,143,5,0.106,NA
145,9,string-lengths-backwards,tourney,FALSE,10,elitize_generation_data,144,7,0.1,NA
146,9,string-lengths-backwards,tourney,FALSE,10,elitize_generation_data,145,5,0.099,NA
147,9,string-lengths-backwards,tourney,FALSE,10,elitize_generation_data,146,5,0.11,NA
148,9,string-lengths-backwards,tourney,FALSE,10,elitize_generation_data,147,7,0.117,NA
149,9,string-lengths-backwards,tourney,FALSE,10,elitize_generation_data,148,6,0.112,NA
150,9,string-lengths-backwards,tourney,FALSE,10,elitize_generation_data,149,7,0.115,NA
151,9,string-lengths-backwards,tourney,FALSE,10,elitize_generation_data,150,7,0.116,NA
152,9,string-lengths-backwards,tourney,FALSE,10,elitize_generation_data,151,10,0.13,NA
153,9,string-lengths-backwards,tourney,FALSE,10,elitize_generation_data,152,10,0.116,NA
154,9,string-lengths-backwards,tourney,FALSE,10,elitize_generation_data,153,10,0.116,NA
155,9,string-lengths-backwards,tourney,FALSE,10,elitize_generation_data,154,9,0.115,NA
156,9,string-lengths-backwards,tourney,FALSE,10,elitize_generation_data,155,8,0.106,NA
157,9,string-lengths-backwards,tourney,FALSE,10,elitize_generation_data,156,8,0.118,NA
158,9,string-lengths-backwards,tourney,FALSE,10,elitize_generation_data,157,11,0.125,NA
159,9,string-lengths-backwards,tourney,FALSE,10,elitize_generation_data,158,8,0.111,NA
160,9,string-lengths-backwards,tourney,FALSE,10,elitize_generation_data,159,9,0.115,NA
161,9,string-lengths-backwards,tourney,FALSE,10,elitize_generation_data,160,9,0.118,NA
162,9,string-lengths-backwards,tourney,FALSE,10,elitize_generation_data,161,8,0.132,NA
163,9,string-lengths-backwards,tourney,FALSE,10,elitize_generation_data,162,7,0.131,NA
164,9,string-lengths-backwards,tourney,FALSE,10,elitize_generation_data,163,10,0.136,NA
165,9,string-lengths-backwards,tourney,FALSE,10,elitize_generation_data,164,8,0.132,NA
166,9,string-lengths-backwards,tourney,FALSE,10,elitize_generation_data,165,7,0.129,NA
167,9,string-lengths-backwards,tourney,FALSE,10,elitize_generation_data,166,7,0.119,NA
168,9,string-lengths-backwards,tourney,FALSE,10,elitize_generation_data,167,9,0.129,NA
169,9,string-lengths-backwards,tourney,FALSE,10,elitize_generation_data,168,10,0.128,NA
170,9,string-lengths-backwards,tourney,FALSE,10,elitize_generation_data,169,9,0.121,NA
171,9,string-lengths-backwards,tourney,FALSE,10,elitize_generation_data,170,11,0.138,NA
172,9,string-lengths-backwards,tourney,FALSE,10,elitize_generation_data,171,9,0.13,NA
173,9,string-lengths-backwards,tourney,FALSE,10,elitize_generation_data,172,9,0.136,NA
174,9,string-lengths-backwards,tourney,FALSE,10,elitize_generation_data,173,8,0.136,NA
175,9,string-lengths-backwards,tourney,FALSE,10,elitize_generation_data,174,12,0.131,NA
176,9,string-lengths-backwards,tourney,FALSE,10,elitize_generation_data,175,9,0.143,NA
177,9,string-lengths-backwards,tourney,FALSE,10,elitize_generation_data,176,11,0.13,NA
178,9,string-lengths-backwards,tourney,FALSE,10,elitize_generation_data,177,10,0.143,NA
179,9,string-lengths-backwards,tourney,FALSE,10,elitize_generation_data,178,11,0.158,NA
180,9,string-lengths-backwards,tourney,FALSE,10,elitize_generation_data,179,11,0.174,NA
181,9,string-lengths-backwards,tourney,FALSE,10,elitize_generation_data,180,9,0.176,NA
182,9,string-lengths-backwards,tourney,FALSE,10,elitize_generation_data,181,11,0.177,NA
183,9,string-lengths-backwards,tourney,FALSE,10,elitize_generation_data,182,13,0.164,NA
184,9,string-lengths-backwards,tourney,FALSE,10,elitize_generation_data,183,9,0.172,NA
185,9,string-lengths-backwards,tourney,FALSE,10,elitize_generation_data,184,9,0.168,NA
186,9,string-lengths-backwards,tourney,FALSE,10,elitize_generation_data,185,11,0.155,NA
187,9,string-lengths-backwards,tourney,FALSE,10,elitize_generation_data,186,9,0.175,NA
188,9,string-lengths-backwards,tourney,FALSE,10,elitize_generation_data,187,9,0.17,NA
189,9,string-lengths-backwards,tourney,FALSE,10,elitize_generation_data,188,11,0.185,NA
190,9,string-lengths-backwards,tourney,FALSE,10,elitize_generation_data,189,10,0.152,NA
191,9,string-lengths-backwards,tourney,FALSE,10,elitize_generation_data,190,10,0.163,NA
192,9,string-lengths-backwards,tourney,FALSE,10,elitize_generation_data,191,11,0.167,NA
193,9,string-lengths-backwards,tourney,FALSE,10,elitize_generation_data,192,9,0.147,NA
194,9,string-lengths-backwards,tourney,FALSE,10,elitize_generation_data,193,11,0.176,NA
195,9,string-lengths-backwards,tourney,FALSE,10,elitize_generation_data,194,11,0.174,NA
196,9,string-lengths-backwards,tourney,FALSE,10,elitize_generation_data,195,10,0.154,NA
197,9,string-lengths-backwards,tourney,FALSE,10,elitize_generation_data,196,10,0.163,NA
198,9,string-lengths-backwards,tourney,FALSE,10,elitize_generation_data,197,10,0.15,NA
199,9,string-lengths-backwards,tourney,FALSE,10,elitize_generation_data,198,7,0.154,NA
200,9,string-lengths-backwards,tourney,FALSE,10,elitize_generation_data,199,10,0.162,NA
201,9,string-lengths-backwards,tourney,FALSE,10,elitize_generation_data,200,8,0.165,NA
202,9,string-lengths-backwards,tourney,FALSE,10,elitize_generation_data,201,10,0.155,NA
203,9,string-lengths-backwards,tourney,FALSE,10,elitize_generation_data,202,11,0.155,NA
204,9,string-lengths-backwards,tourney,FALSE,10,elitize_generation_data,203,9,0.132,NA
205,9,string-lengths-backwards,tourney,FALSE,10,elitize_generation_data,204,11,0.144,NA
206,9,string-lengths-backwards,tourney,FALSE,10,elitize_generation_data,205,10,0.15,NA
207,9,string-lengths-backwards,tourney,FALSE,10,elitize_generation_data,206,11,0.143,NA
208,9,string-lengths-backwards,tourney,FALSE,10,elitize_generation_data,207,10,0.137,NA
209,9,string-lengths-backwards,tourney,FALSE,10,elitize_generation_data,208,8,0.134,NA
210,9,string-lengths-backwards,tourney,FALSE,10,elitize_generation_data,209,10,0.16,NA
211,9,string-lengths-backwards,tourney,FALSE,10,elitize_generation_data,210,11,0.141,NA
212,9,string-lengths-backwards,tourney,FALSE,10,elitize_generation_data,211,10,0.135,NA
213,9,string-lengths-backwards,tourney,FALSE,10,elitize_generation_data,212,8,0.133,NA
214,9,string-lengths-backwards,tourney,FALSE,10,elitize_generation_data,213,12,0.141,NA
215,9,string-lengths-backwards,tourney,FALSE,10,elitize_generation_data,214,10,0.127,NA
216,9,string-lengths-backwards,tourney,FALSE,10,elitize_generation_data,215,10,0.13,NA
217,9,string-lengths-backwards,tourney,FALSE,10,elitize_generation_data,216,11,0.144,NA
218,9,string-lengths-backwards,tourney,FALSE,10,elitize_generation_data,217,10,0.136,NA
219,9,string-lengths-backwards,tourney,FALSE,10,elitize_generation_data,218,10,0.13,NA
220,9,string-lengths-backwards,tourney,FALSE,10,elitize_generation_data,219,10,0.136,NA
221,9,string-lengths-backwards,tourney,FALSE,10,elitize_generation_data,220,10,0.143,NA
222,9,string-lengths-backwards,tourney,FALSE,10,elitize_generation_data,221,11,0.131,NA
223,9,string-lengths-backwards,tourney,FALSE,10,elitize_generation_data,222,9,0.147,NA
224,9,string-lengths-backwards,tourney,FALSE,10,elitize_generation_data,223,8,0.143,NA
225,9,string-lengths-backwards,tourney,FALSE,10,elitize_generation_data,224,10,0.149,NA
226,9,string-lengths-backwards,tourney,FALSE,10,elitize_generation_data,225,8,0.119,NA
227,9,string-lengths-backwards,tourney,FALSE,10,elitize_generation_data,226,9,0.129,NA
228,9,string-lengths-backwards,tourney,FALSE,10,elitize_generation_data,227,12,0.138,NA
229,9,string-lengths-backwards,tourney,FALSE,10,elitize_generation_data,228,9,0.122,NA
230,9,string-lengths-backwards,tourney,FALSE,10,elitize_generation_data,229,11,0.125,NA
231,9,string-lengths-backwards,tourney,FALSE,10,elitize_generation_data,230,10,0.129,NA
232,9,string-lengths-backwards,tourney,FALSE,10,elitize_generation_data,231,10,0.142,NA
233,9,string-lengths-backwards,tourney,FALSE,10,elitize_generation_data,232,10,0.111,NA
234,9,string-lengths-backwards,tourney,FALSE,10,elitize_generation_data,233,10,0.127,NA
235,9,string-lengths-backwards,tourney,FALSE,10,elitize_generation_data,234,11,0.144,NA
236,9,string-lengths-backwards,tourney,FALSE,10,elitize_generation_data,235,10,0.123,NA
237,9,string-lengths-backwards,tourney,FALSE,10,elitize_generation_data,236,11,0.137,NA
238,9,string-lengths-backwards,tourney,FALSE,10,elitize_generation_data,237,8,0.122,NA
239,9,string-lengths-backwards,tourney,FALSE,10,elitize_generation_data,238,11,0.108,NA
240,9,string-lengths-backwards,tourney,FALSE,10,elitize_generation_data,239,11,0.121,NA
241,9,string-lengths-backwards,tourney,FALSE,10,elitize_generation_data,240,10,0.137,NA
242,9,string-lengths-backwards,tourney,FALSE,10,elitize_generation_data,241,10,0.115,NA
243,9,string-lengths-backwards,tourney,FALSE,10,elitize_generation_data,242,12,0.112,NA
244,9,string-lengths-backwards,tourney,FALSE,10,elitize_generation_data,243,11,0.138,NA
245,9,string-lengths-backwards,tourney,FALSE,10,elitize_generation_data,244,11,0.126,NA
246,9,string-lengths-backwards,tourney,FALSE,10,elitize_generation_data,245,9,0.132,NA
247,9,string-lengths-backwards,tourney,FALSE,10,elitize_generation_data,246,12,0.138,NA
248,9,string-lengths-backwards,tourney,FALSE,10,elitize_generation_data,247,10,0.135,NA
249,9,string-lengths-backwards,tourney,FALSE,10,elitize_generation_data,248,11,0.117,NA
250,9,string-lengths-backwards,tourney,FALSE,10,elitize_generation_data,249,10,0.124,NA
251,9,string-lengths-backwards,tourney,FALSE,10,elitize_generation_data,250,10,0.124,NA
252,9,string-lengths-backwards,tourney,FALSE,10,elitize_generation_data,251,11,0.123,NA
253,9,string-lengths-backwards,tourney,FALSE,10,elitize_generation_data,252,9,0.134,NA
254,9,string-lengths-backwards,tourney,FALSE,10,elitize_generation_data,253,12,0.131,NA
255,9,string-lengths-backwards,tourney,FALSE,10,elitize_generation_data,254,11,0.125,NA
256,9,string-lengths-backwards,tourney,FALSE,10,elitize_generation_data,255,9,0.148,NA
257,9,string-lengths-backwards,tourney,FALSE,10,elitize_generation_data,256,9,0.139,NA
258,9,string-lengths-backwards,tourney,FALSE,10,elitize_generation_data,257,9,0.122,NA
259,9,string-lengths-backwards,tourney,FALSE,10,elitize_generation_data,258,11,0.117,NA
260,9,string-lengths-backwards,tourney,FALSE,10,elitize_generation_data,259,11,0.117,NA
261,9,string-lengths-backwards,tourney,FALSE,10,elitize_generation_data,260,12,0.126,NA
262,9,string-lengths-backwards,tourney,FALSE,10,elitize_generation_data,261,11,0.123,NA
263,9,string-lengths-backwards,tourney,FALSE,10,elitize_generation_data,262,11,0.139,NA
264,9,string-lengths-backwards,tourney,FALSE,10,elitize_generation_data,263,10,0.113,NA
265,9,string-lengths-backwards,tourney,FALSE,10,elitize_generation_data,264,12,0.115,NA
266,9,string-lengths-backwards,tourney,FALSE,10,elitize_generation_data,265,11,0.129,NA
267,9,string-lengths-backwards,tourney,FALSE,10,elitize_generation_data,266,9,0.113,NA
268,9,string-lengths-backwards,tourney,FALSE,10,elitize_generation_data,267,9,0.139,NA
269,9,string-lengths-backwards,tourney,FALSE,10,elitize_generation_data,268,11,0.131,NA
270,9,string-lengths-backwards,tourney,FALSE,10,elitize_generation_data,269,8,0.123,NA
271,9,string-lengths-backwards,tourney,FALSE,10,elitize_generation_data,270,11,0.12,NA
272,9,string-lengths-backwards,tourney,FALSE,10,elitize_generation_data,271,14,0.126,NA
273,9,string-lengths-backwards,tourney,FALSE,10,elitize_generation_data,272,10,0.124,NA
274,9,string-lengths-backwards,tourney,FALSE,10,elitize_generation_data,273,9,0.115,NA
275,9,string-lengths-backwards,tourney,FALSE,10,elitize_generation_data,274,9,0.111,NA
276,9,string-lengths-backwards,tourney,FALSE,10,elitize_generation_data,275,8,0.11,NA
277,9,string-lengths-backwards,tourney,FALSE,10,elitize_generation_data,276,8,0.114,NA
278,9,string-lengths-backwards,tourney,FALSE,10,elitize_generation_data,277,11,0.12,NA
279,9,string-lengths-backwards,tourney,FALSE,10,elitize_generation_data,278,9,0.124,NA
280,9,string-lengths-backwards,tourney,FALSE,10,elitize_generation_data,279,12,0.103,NA
281,9,string-lengths-backwards,tourney,FALSE,10,elitize_generation_data,280,9,0.115,NA
282,9,string-lengths-backwards,tourney,FALSE,10,elitize_generation_data,281,10,0.112,NA
283,9,string-lengths-backwards,tourney,FALSE,10,elitize_generation_data,282,11,0.122,NA
284,9,string-lengths-backwards,tourney,FALSE,10,elitize_generation_data,283,11,0.125,NA
285,9,string-lengths-backwards,tourney,FALSE,10,elitize_generation_data,284,11,0.128,NA
286,9,string-lengths-backwards,tourney,FALSE,10,elitize_generation_data,285,10,0.11,NA
287,9,string-lengths-backwards,tourney,FALSE,10,elitize_generation_data,286,10,0.118,NA
288,9,string-lengths-backwards,tourney,FALSE,10,elitize_generation_data,287,9,0.111,NA
289,9,string-lengths-backwards,tourney,FALSE,10,elitize_generation_data,288,11,0.115,NA
290,9,string-lengths-backwards,tourney,FALSE,10,elitize_generation_data,289,13,0.123,NA
291,9,string-lengths-backwards,tourney,FALSE,10,elitize_generation_data,290,11,0.109,NA
292,9,string-lengths-backwards,tourney,FALSE,10,elitize_generation_data,291,8,0.129,NA
293,9,string-lengths-backwards,tourney,FALSE,10,elitize_generation_data,292,9,0.123,NA
294,9,string-lengths-backwards,tourney,FALSE,10,elitize_generation_data,293,9,0.106,NA
295,9,string-lengths-backwards,tourney,FALSE,10,elitize_generation_data,294,11,0.111,NA
296,9,string-lengths-backwards,tourney,FALSE,10,elitize_generation_data,295,6,0.119,NA
297,9,string-lengths-backwards,tourney,FALSE,10,elitize_generation_data,296,10,0.123,NA
298,9,string-lengths-backwards,tourney,FALSE,10,elitize_generation_data,297,8,0.116,NA
299,9,string-lengths-backwards,tourney,FALSE,10,elitize_generation_data,298,8,0.101,NA
300,9,string-lengths-backwards,tourney,FALSE,10,elitize_generation_data,299,8,0.104,NA
301,9,string-lengths-backwards,tourney,FALSE,10,elitize_generation_data,300,10,0.139,NA
