,run.num,problem,treatment,succeeded,height,normalization.function,generation,cluster.count,error.diversity,success.generation
1,79,string-lengths-backwards,tourney,TRUE,10,elitize_generation_data,0,7,0.269,24
2,79,string-lengths-backwards,tourney,TRUE,10,elitize_generation_data,1,8,0.136,24
3,79,string-lengths-backwards,tourney,TRUE,10,elitize_generation_data,2,8,0.213,24
4,79,string-lengths-backwards,tourney,TRUE,10,elitize_generation_data,3,7,0.197,24
5,79,string-lengths-backwards,tourney,TRUE,10,elitize_generation_data,4,12,0.117,24
6,79,string-lengths-backwards,tourney,TRUE,10,elitize_generation_data,5,9,0.156,24
7,79,string-lengths-backwards,tourney,TRUE,10,elitize_generation_data,6,12,0.237,24
8,79,string-lengths-backwards,tourney,TRUE,10,elitize_generation_data,7,9,0.386,24
9,79,string-lengths-backwards,tourney,TRUE,10,elitize_generation_data,8,9,0.414,24
10,79,string-lengths-backwards,tourney,TRUE,10,elitize_generation_data,9,13,0.455,24
11,79,string-lengths-backwards,tourney,TRUE,10,elitize_generation_data,10,13,0.416,24
12,79,string-lengths-backwards,tourney,TRUE,10,elitize_generation_data,11,2,0.208,24
13,79,string-lengths-backwards,tourney,TRUE,10,elitize_generation_data,12,3,0.103,24
14,79,string-lengths-backwards,tourney,TRUE,10,elitize_generation_data,13,4,0.101,24
15,79,string-lengths-backwards,tourney,TRUE,10,elitize_generation_data,14,8,0.121,24
16,79,string-lengths-backwards,tourney,TRUE,10,elitize_generation_data,15,12,0.134,24
17,79,string-lengths-backwards,tourney,TRUE,10,elitize_generation_data,16,12,0.08,24
18,79,string-lengths-backwards,tourney,TRUE,10,elitize_generation_data,17,15,0.084,24
19,79,string-lengths-backwards,tourney,TRUE,10,elitize_generation_data,18,14,0.079,24
20,79,string-lengths-backwards,tourney,TRUE,10,elitize_generation_data,19,12,0.093,24
21,79,string-lengths-backwards,tourney,TRUE,10,elitize_generation_data,20,16,0.078,24
22,79,string-lengths-backwards,tourney,TRUE,10,elitize_generation_data,21,11,0.087,24
23,79,string-lengths-backwards,tourney,TRUE,10,elitize_generation_data,22,2,0.093,24
24,79,string-lengths-backwards,tourney,TRUE,10,elitize_generation_data,23,3,0.082,24
25,79,string-lengths-backwards,tourney,TRUE,10,elitize_generation_data,24,2,0.087,24
