,run.num,problem,treatment,succeeded,height,normalization.function,generation,cluster.count,error.diversity,success.generation
1,85,string-lengths-backwards,tourney,FALSE,10,elitize_generation_data,0,3,0.263,NA
2,85,string-lengths-backwards,tourney,FALSE,10,elitize_generation_data,1,4,0.129,NA
3,85,string-lengths-backwards,tourney,FALSE,10,elitize_generation_data,2,6,0.22,NA
4,85,string-lengths-backwards,tourney,FALSE,10,elitize_generation_data,3,10,0.3,NA
5,85,string-lengths-backwards,tourney,FALSE,10,elitize_generation_data,4,10,0.281,NA
6,85,string-lengths-backwards,tourney,FALSE,10,elitize_generation_data,5,10,0.246,NA
7,85,string-lengths-backwards,tourney,FALSE,10,elitize_generation_data,6,13,0.187,NA
8,85,string-lengths-backwards,tourney,FALSE,10,elitize_generation_data,7,11,0.055,NA
9,85,string-lengths-backwards,tourney,FALSE,10,elitize_generation_data,8,9,0.055,NA
10,85,string-lengths-backwards,tourney,FALSE,10,elitize_generation_data,9,3,0.087,NA
11,85,string-lengths-backwards,tourney,FALSE,10,elitize_generation_data,10,6,0.116,NA
12,85,string-lengths-backwards,tourney,FALSE,10,elitize_generation_data,11,11,0.156,NA
13,85,string-lengths-backwards,tourney,FALSE,10,elitize_generation_data,12,13,0.177,NA
14,85,string-lengths-backwards,tourney,FALSE,10,elitize_generation_data,13,14,0.133,NA
15,85,string-lengths-backwards,tourney,FALSE,10,elitize_generation_data,14,13,0.081,NA
16,85,string-lengths-backwards,tourney,FALSE,10,elitize_generation_data,15,15,0.076,NA
17,85,string-lengths-backwards,tourney,FALSE,10,elitize_generation_data,16,12,0.073,NA
18,85,string-lengths-backwards,tourney,FALSE,10,elitize_generation_data,17,12,0.109,NA
19,85,string-lengths-backwards,tourney,FALSE,10,elitize_generation_data,18,11,0.133,NA
20,85,string-lengths-backwards,tourney,FALSE,10,elitize_generation_data,19,11,0.117,NA
21,85,string-lengths-backwards,tourney,FALSE,10,elitize_generation_data,20,10,0.089,NA
22,85,string-lengths-backwards,tourney,FALSE,10,elitize_generation_data,21,11,0.073,NA
23,85,string-lengths-backwards,tourney,FALSE,10,elitize_generation_data,22,10,0.083,NA
24,85,string-lengths-backwards,tourney,FALSE,10,elitize_generation_data,23,13,0.079,NA
25,85,string-lengths-backwards,tourney,FALSE,10,elitize_generation_data,24,12,0.08,NA
26,85,string-lengths-backwards,tourney,FALSE,10,elitize_generation_data,25,14,0.078,NA
27,85,string-lengths-backwards,tourney,FALSE,10,elitize_generation_data,26,14,0.083,NA
28,85,string-lengths-backwards,tourney,FALSE,10,elitize_generation_data,27,14,0.082,NA
29,85,string-lengths-backwards,tourney,FALSE,10,elitize_generation_data,28,10,0.086,NA
30,85,string-lengths-backwards,tourney,FALSE,10,elitize_generation_data,29,13,0.085,NA
31,85,string-lengths-backwards,tourney,FALSE,10,elitize_generation_data,30,11,0.075,NA
32,85,string-lengths-backwards,tourney,FALSE,10,elitize_generation_data,31,12,0.082,NA
33,85,string-lengths-backwards,tourney,FALSE,10,elitize_generation_data,32,12,0.1,NA
34,85,string-lengths-backwards,tourney,FALSE,10,elitize_generation_data,33,9,0.085,NA
35,85,string-lengths-backwards,tourney,FALSE,10,elitize_generation_data,34,15,0.093,NA
36,85,string-lengths-backwards,tourney,FALSE,10,elitize_generation_data,35,15,0.102,NA
37,85,string-lengths-backwards,tourney,FALSE,10,elitize_generation_data,36,12,0.118,NA
38,85,string-lengths-backwards,tourney,FALSE,10,elitize_generation_data,37,11,0.096,NA
39,85,string-lengths-backwards,tourney,FALSE,10,elitize_generation_data,38,10,0.104,NA
40,85,string-lengths-backwards,tourney,FALSE,10,elitize_generation_data,39,13,0.102,NA
41,85,string-lengths-backwards,tourney,FALSE,10,elitize_generation_data,40,8,0.116,NA
42,85,string-lengths-backwards,tourney,FALSE,10,elitize_generation_data,41,10,0.098,NA
43,85,string-lengths-backwards,tourney,FALSE,10,elitize_generation_data,42,9,0.099,NA
44,85,string-lengths-backwards,tourney,FALSE,10,elitize_generation_data,43,9,0.108,NA
45,85,string-lengths-backwards,tourney,FALSE,10,elitize_generation_data,44,8,0.137,NA
46,85,string-lengths-backwards,tourney,FALSE,10,elitize_generation_data,45,8,0.106,NA
47,85,string-lengths-backwards,tourney,FALSE,10,elitize_generation_data,46,10,0.121,NA
48,85,string-lengths-backwards,tourney,FALSE,10,elitize_generation_data,47,8,0.139,NA
49,85,string-lengths-backwards,tourney,FALSE,10,elitize_generation_data,48,14,0.138,NA
50,85,string-lengths-backwards,tourney,FALSE,10,elitize_generation_data,49,11,0.111,NA
51,85,string-lengths-backwards,tourney,FALSE,10,elitize_generation_data,50,12,0.124,NA
52,85,string-lengths-backwards,tourney,FALSE,10,elitize_generation_data,51,10,0.116,NA
53,85,string-lengths-backwards,tourney,FALSE,10,elitize_generation_data,52,11,0.128,NA
54,85,string-lengths-backwards,tourney,FALSE,10,elitize_generation_data,53,11,0.118,NA
55,85,string-lengths-backwards,tourney,FALSE,10,elitize_generation_data,54,9,0.13,NA
56,85,string-lengths-backwards,tourney,FALSE,10,elitize_generation_data,55,9,0.165,NA
57,85,string-lengths-backwards,tourney,FALSE,10,elitize_generation_data,56,9,0.25,NA
58,85,string-lengths-backwards,tourney,FALSE,10,elitize_generation_data,57,12,0.292,NA
59,85,string-lengths-backwards,tourney,FALSE,10,elitize_generation_data,58,11,0.355,NA
60,85,string-lengths-backwards,tourney,FALSE,10,elitize_generation_data,59,13,0.387,NA
61,85,string-lengths-backwards,tourney,FALSE,10,elitize_generation_data,60,14,0.324,NA
62,85,string-lengths-backwards,tourney,FALSE,10,elitize_generation_data,61,16,0.337,NA
63,85,string-lengths-backwards,tourney,FALSE,10,elitize_generation_data,62,15,0.381,NA
64,85,string-lengths-backwards,tourney,FALSE,10,elitize_generation_data,63,10,0.455,NA
65,85,string-lengths-backwards,tourney,FALSE,10,elitize_generation_data,64,20,0.462,NA
66,85,string-lengths-backwards,tourney,FALSE,10,elitize_generation_data,65,10,0.443,NA
67,85,string-lengths-backwards,tourney,FALSE,10,elitize_generation_data,66,11,0.437,NA
68,85,string-lengths-backwards,tourney,FALSE,10,elitize_generation_data,67,21,0.466,NA
69,85,string-lengths-backwards,tourney,FALSE,10,elitize_generation_data,68,17,0.474,NA
70,85,string-lengths-backwards,tourney,FALSE,10,elitize_generation_data,69,11,0.53,NA
71,85,string-lengths-backwards,tourney,FALSE,10,elitize_generation_data,70,12,0.545,NA
72,85,string-lengths-backwards,tourney,FALSE,10,elitize_generation_data,71,10,0.525,NA
73,85,string-lengths-backwards,tourney,FALSE,10,elitize_generation_data,72,12,0.551,NA
74,85,string-lengths-backwards,tourney,FALSE,10,elitize_generation_data,73,12,0.5,NA
75,85,string-lengths-backwards,tourney,FALSE,10,elitize_generation_data,74,13,0.488,NA
76,85,string-lengths-backwards,tourney,FALSE,10,elitize_generation_data,75,11,0.484,NA
77,85,string-lengths-backwards,tourney,FALSE,10,elitize_generation_data,76,17,0.538,NA
78,85,string-lengths-backwards,tourney,FALSE,10,elitize_generation_data,77,7,0.519,NA
79,85,string-lengths-backwards,tourney,FALSE,10,elitize_generation_data,78,9,0.54,NA
80,85,string-lengths-backwards,tourney,FALSE,10,elitize_generation_data,79,15,0.516,NA
81,85,string-lengths-backwards,tourney,FALSE,10,elitize_generation_data,80,16,0.518,NA
82,85,string-lengths-backwards,tourney,FALSE,10,elitize_generation_data,81,12,0.557,NA
83,85,string-lengths-backwards,tourney,FALSE,10,elitize_generation_data,82,20,0.589,NA
84,85,string-lengths-backwards,tourney,FALSE,10,elitize_generation_data,83,20,0.586,NA
85,85,string-lengths-backwards,tourney,FALSE,10,elitize_generation_data,84,14,0.593,NA
86,85,string-lengths-backwards,tourney,FALSE,10,elitize_generation_data,85,14,0.592,NA
87,85,string-lengths-backwards,tourney,FALSE,10,elitize_generation_data,86,13,0.577,NA
88,85,string-lengths-backwards,tourney,FALSE,10,elitize_generation_data,87,16,0.606,NA
89,85,string-lengths-backwards,tourney,FALSE,10,elitize_generation_data,88,13,0.586,NA
90,85,string-lengths-backwards,tourney,FALSE,10,elitize_generation_data,89,25,0.572,NA
91,85,string-lengths-backwards,tourney,FALSE,10,elitize_generation_data,90,15,0.595,NA
92,85,string-lengths-backwards,tourney,FALSE,10,elitize_generation_data,91,17,0.582,NA
93,85,string-lengths-backwards,tourney,FALSE,10,elitize_generation_data,92,14,0.583,NA
94,85,string-lengths-backwards,tourney,FALSE,10,elitize_generation_data,93,11,0.578,NA
95,85,string-lengths-backwards,tourney,FALSE,10,elitize_generation_data,94,16,0.581,NA
96,85,string-lengths-backwards,tourney,FALSE,10,elitize_generation_data,95,16,0.593,NA
97,85,string-lengths-backwards,tourney,FALSE,10,elitize_generation_data,96,18,0.568,NA
98,85,string-lengths-backwards,tourney,FALSE,10,elitize_generation_data,97,14,0.551,NA
99,85,string-lengths-backwards,tourney,FALSE,10,elitize_generation_data,98,14,0.598,NA
100,85,string-lengths-backwards,tourney,FALSE,10,elitize_generation_data,99,13,0.586,NA
101,85,string-lengths-backwards,tourney,FALSE,10,elitize_generation_data,100,12,0.583,NA
102,85,string-lengths-backwards,tourney,FALSE,10,elitize_generation_data,101,14,0.607,NA
103,85,string-lengths-backwards,tourney,FALSE,10,elitize_generation_data,102,13,0.644,NA
104,85,string-lengths-backwards,tourney,FALSE,10,elitize_generation_data,103,14,0.609,NA
105,85,string-lengths-backwards,tourney,FALSE,10,elitize_generation_data,104,21,0.593,NA
106,85,string-lengths-backwards,tourney,FALSE,10,elitize_generation_data,105,25,0.589,NA
107,85,string-lengths-backwards,tourney,FALSE,10,elitize_generation_data,106,18,0.585,NA
108,85,string-lengths-backwards,tourney,FALSE,10,elitize_generation_data,107,12,0.56,NA
109,85,string-lengths-backwards,tourney,FALSE,10,elitize_generation_data,108,8,0.582,NA
110,85,string-lengths-backwards,tourney,FALSE,10,elitize_generation_data,109,25,0.603,NA
111,85,string-lengths-backwards,tourney,FALSE,10,elitize_generation_data,110,17,0.576,NA
112,85,string-lengths-backwards,tourney,FALSE,10,elitize_generation_data,111,19,0.597,NA
113,85,string-lengths-backwards,tourney,FALSE,10,elitize_generation_data,112,17,0.61,NA
114,85,string-lengths-backwards,tourney,FALSE,10,elitize_generation_data,113,12,0.592,NA
115,85,string-lengths-backwards,tourney,FALSE,10,elitize_generation_data,114,27,0.571,NA
116,85,string-lengths-backwards,tourney,FALSE,10,elitize_generation_data,115,22,0.566,NA
117,85,string-lengths-backwards,tourney,FALSE,10,elitize_generation_data,116,23,0.56,NA
118,85,string-lengths-backwards,tourney,FALSE,10,elitize_generation_data,117,26,0.583,NA
119,85,string-lengths-backwards,tourney,FALSE,10,elitize_generation_data,118,17,0.614,NA
120,85,string-lengths-backwards,tourney,FALSE,10,elitize_generation_data,119,30,0.6,NA
121,85,string-lengths-backwards,tourney,FALSE,10,elitize_generation_data,120,24,0.592,NA
122,85,string-lengths-backwards,tourney,FALSE,10,elitize_generation_data,121,15,0.585,NA
123,85,string-lengths-backwards,tourney,FALSE,10,elitize_generation_data,122,28,0.575,NA
124,85,string-lengths-backwards,tourney,FALSE,10,elitize_generation_data,123,13,0.638,NA
125,85,string-lengths-backwards,tourney,FALSE,10,elitize_generation_data,124,16,0.637,NA
126,85,string-lengths-backwards,tourney,FALSE,10,elitize_generation_data,125,31,0.63,NA
127,85,string-lengths-backwards,tourney,FALSE,10,elitize_generation_data,126,22,0.662,NA
128,85,string-lengths-backwards,tourney,FALSE,10,elitize_generation_data,127,12,0.654,NA
129,85,string-lengths-backwards,tourney,FALSE,10,elitize_generation_data,128,17,0.633,NA
130,85,string-lengths-backwards,tourney,FALSE,10,elitize_generation_data,129,16,0.65,NA
131,85,string-lengths-backwards,tourney,FALSE,10,elitize_generation_data,130,9,0.634,NA
132,85,string-lengths-backwards,tourney,FALSE,10,elitize_generation_data,131,18,0.632,NA
133,85,string-lengths-backwards,tourney,FALSE,10,elitize_generation_data,132,31,0.613,NA
134,85,string-lengths-backwards,tourney,FALSE,10,elitize_generation_data,133,23,0.586,NA
135,85,string-lengths-backwards,tourney,FALSE,10,elitize_generation_data,134,17,0.612,NA
136,85,string-lengths-backwards,tourney,FALSE,10,elitize_generation_data,135,21,0.633,NA
137,85,string-lengths-backwards,tourney,FALSE,10,elitize_generation_data,136,14,0.62,NA
138,85,string-lengths-backwards,tourney,FALSE,10,elitize_generation_data,137,25,0.618,NA
139,85,string-lengths-backwards,tourney,FALSE,10,elitize_generation_data,138,31,0.615,NA
140,85,string-lengths-backwards,tourney,FALSE,10,elitize_generation_data,139,19,0.656,NA
141,85,string-lengths-backwards,tourney,FALSE,10,elitize_generation_data,140,22,0.671,NA
142,85,string-lengths-backwards,tourney,FALSE,10,elitize_generation_data,141,21,0.636,NA
143,85,string-lengths-backwards,tourney,FALSE,10,elitize_generation_data,142,34,0.614,NA
144,85,string-lengths-backwards,tourney,FALSE,10,elitize_generation_data,143,19,0.635,NA
145,85,string-lengths-backwards,tourney,FALSE,10,elitize_generation_data,144,19,0.64,NA
146,85,string-lengths-backwards,tourney,FALSE,10,elitize_generation_data,145,32,0.685,NA
147,85,string-lengths-backwards,tourney,FALSE,10,elitize_generation_data,146,24,0.688,NA
148,85,string-lengths-backwards,tourney,FALSE,10,elitize_generation_data,147,31,0.66,NA
149,85,string-lengths-backwards,tourney,FALSE,10,elitize_generation_data,148,32,0.637,NA
150,85,string-lengths-backwards,tourney,FALSE,10,elitize_generation_data,149,59,0.622,NA
151,85,string-lengths-backwards,tourney,FALSE,10,elitize_generation_data,150,27,0.621,NA
152,85,string-lengths-backwards,tourney,FALSE,10,elitize_generation_data,151,28,0.592,NA
153,85,string-lengths-backwards,tourney,FALSE,10,elitize_generation_data,152,33,0.607,NA
154,85,string-lengths-backwards,tourney,FALSE,10,elitize_generation_data,153,56,0.591,NA
155,85,string-lengths-backwards,tourney,FALSE,10,elitize_generation_data,154,34,0.601,NA
156,85,string-lengths-backwards,tourney,FALSE,10,elitize_generation_data,155,17,0.595,NA
157,85,string-lengths-backwards,tourney,FALSE,10,elitize_generation_data,156,25,0.613,NA
158,85,string-lengths-backwards,tourney,FALSE,10,elitize_generation_data,157,22,0.612,NA
159,85,string-lengths-backwards,tourney,FALSE,10,elitize_generation_data,158,36,0.632,NA
160,85,string-lengths-backwards,tourney,FALSE,10,elitize_generation_data,159,23,0.64,NA
161,85,string-lengths-backwards,tourney,FALSE,10,elitize_generation_data,160,35,0.647,NA
162,85,string-lengths-backwards,tourney,FALSE,10,elitize_generation_data,161,24,0.66,NA
163,85,string-lengths-backwards,tourney,FALSE,10,elitize_generation_data,162,42,0.632,NA
164,85,string-lengths-backwards,tourney,FALSE,10,elitize_generation_data,163,37,0.609,NA
165,85,string-lengths-backwards,tourney,FALSE,10,elitize_generation_data,164,23,0.647,NA
166,85,string-lengths-backwards,tourney,FALSE,10,elitize_generation_data,165,28,0.668,NA
167,85,string-lengths-backwards,tourney,FALSE,10,elitize_generation_data,166,27,0.657,NA
168,85,string-lengths-backwards,tourney,FALSE,10,elitize_generation_data,167,29,0.601,NA
169,85,string-lengths-backwards,tourney,FALSE,10,elitize_generation_data,168,29,0.616,NA
170,85,string-lengths-backwards,tourney,FALSE,10,elitize_generation_data,169,43,0.626,NA
171,85,string-lengths-backwards,tourney,FALSE,10,elitize_generation_data,170,23,0.621,NA
172,85,string-lengths-backwards,tourney,FALSE,10,elitize_generation_data,171,37,0.646,NA
173,85,string-lengths-backwards,tourney,FALSE,10,elitize_generation_data,172,34,0.641,NA
174,85,string-lengths-backwards,tourney,FALSE,10,elitize_generation_data,173,43,0.657,NA
175,85,string-lengths-backwards,tourney,FALSE,10,elitize_generation_data,174,37,0.661,NA
176,85,string-lengths-backwards,tourney,FALSE,10,elitize_generation_data,175,29,0.648,NA
177,85,string-lengths-backwards,tourney,FALSE,10,elitize_generation_data,176,37,0.628,NA
178,85,string-lengths-backwards,tourney,FALSE,10,elitize_generation_data,177,63,0.665,NA
179,85,string-lengths-backwards,tourney,FALSE,10,elitize_generation_data,178,56,0.643,NA
180,85,string-lengths-backwards,tourney,FALSE,10,elitize_generation_data,179,42,0.608,NA
181,85,string-lengths-backwards,tourney,FALSE,10,elitize_generation_data,180,34,0.612,NA
182,85,string-lengths-backwards,tourney,FALSE,10,elitize_generation_data,181,41,0.619,NA
183,85,string-lengths-backwards,tourney,FALSE,10,elitize_generation_data,182,31,0.638,NA
184,85,string-lengths-backwards,tourney,FALSE,10,elitize_generation_data,183,57,0.618,NA
185,85,string-lengths-backwards,tourney,FALSE,10,elitize_generation_data,184,38,0.614,NA
186,85,string-lengths-backwards,tourney,FALSE,10,elitize_generation_data,185,73,0.64,NA
187,85,string-lengths-backwards,tourney,FALSE,10,elitize_generation_data,186,55,0.611,NA
188,85,string-lengths-backwards,tourney,FALSE,10,elitize_generation_data,187,28,0.646,NA
189,85,string-lengths-backwards,tourney,FALSE,10,elitize_generation_data,188,71,0.611,NA
190,85,string-lengths-backwards,tourney,FALSE,10,elitize_generation_data,189,42,0.662,NA
191,85,string-lengths-backwards,tourney,FALSE,10,elitize_generation_data,190,63,0.636,NA
192,85,string-lengths-backwards,tourney,FALSE,10,elitize_generation_data,191,40,0.639,NA
193,85,string-lengths-backwards,tourney,FALSE,10,elitize_generation_data,192,40,0.618,NA
194,85,string-lengths-backwards,tourney,FALSE,10,elitize_generation_data,193,62,0.64,NA
195,85,string-lengths-backwards,tourney,FALSE,10,elitize_generation_data,194,53,0.629,NA
196,85,string-lengths-backwards,tourney,FALSE,10,elitize_generation_data,195,67,0.649,NA
197,85,string-lengths-backwards,tourney,FALSE,10,elitize_generation_data,196,43,0.647,NA
198,85,string-lengths-backwards,tourney,FALSE,10,elitize_generation_data,197,37,0.659,NA
199,85,string-lengths-backwards,tourney,FALSE,10,elitize_generation_data,198,41,0.658,NA
200,85,string-lengths-backwards,tourney,FALSE,10,elitize_generation_data,199,65,0.664,NA
201,85,string-lengths-backwards,tourney,FALSE,10,elitize_generation_data,200,30,0.662,NA
202,85,string-lengths-backwards,tourney,FALSE,10,elitize_generation_data,201,70,0.65,NA
203,85,string-lengths-backwards,tourney,FALSE,10,elitize_generation_data,202,52,0.655,NA
204,85,string-lengths-backwards,tourney,FALSE,10,elitize_generation_data,203,59,0.684,NA
205,85,string-lengths-backwards,tourney,FALSE,10,elitize_generation_data,204,81,0.647,NA
206,85,string-lengths-backwards,tourney,FALSE,10,elitize_generation_data,205,70,0.682,NA
207,85,string-lengths-backwards,tourney,FALSE,10,elitize_generation_data,206,58,0.671,NA
208,85,string-lengths-backwards,tourney,FALSE,10,elitize_generation_data,207,49,0.641,NA
209,85,string-lengths-backwards,tourney,FALSE,10,elitize_generation_data,208,23,0.613,NA
210,85,string-lengths-backwards,tourney,FALSE,10,elitize_generation_data,209,67,0.599,NA
211,85,string-lengths-backwards,tourney,FALSE,10,elitize_generation_data,210,39,0.611,NA
212,85,string-lengths-backwards,tourney,FALSE,10,elitize_generation_data,211,37,0.615,NA
213,85,string-lengths-backwards,tourney,FALSE,10,elitize_generation_data,212,29,0.642,NA
214,85,string-lengths-backwards,tourney,FALSE,10,elitize_generation_data,213,48,0.648,NA
215,85,string-lengths-backwards,tourney,FALSE,10,elitize_generation_data,214,32,0.666,NA
216,85,string-lengths-backwards,tourney,FALSE,10,elitize_generation_data,215,39,0.67,NA
217,85,string-lengths-backwards,tourney,FALSE,10,elitize_generation_data,216,50,0.642,NA
218,85,string-lengths-backwards,tourney,FALSE,10,elitize_generation_data,217,78,0.644,NA
219,85,string-lengths-backwards,tourney,FALSE,10,elitize_generation_data,218,54,0.607,NA
220,85,string-lengths-backwards,tourney,FALSE,10,elitize_generation_data,219,56,0.612,NA
221,85,string-lengths-backwards,tourney,FALSE,10,elitize_generation_data,220,47,0.637,NA
222,85,string-lengths-backwards,tourney,FALSE,10,elitize_generation_data,221,57,0.665,NA
223,85,string-lengths-backwards,tourney,FALSE,10,elitize_generation_data,222,42,0.666,NA
224,85,string-lengths-backwards,tourney,FALSE,10,elitize_generation_data,223,34,0.647,NA
225,85,string-lengths-backwards,tourney,FALSE,10,elitize_generation_data,224,49,0.638,NA
226,85,string-lengths-backwards,tourney,FALSE,10,elitize_generation_data,225,60,0.686,NA
227,85,string-lengths-backwards,tourney,FALSE,10,elitize_generation_data,226,61,0.667,NA
228,85,string-lengths-backwards,tourney,FALSE,10,elitize_generation_data,227,27,0.689,NA
229,85,string-lengths-backwards,tourney,FALSE,10,elitize_generation_data,228,37,0.679,NA
230,85,string-lengths-backwards,tourney,FALSE,10,elitize_generation_data,229,22,0.66,NA
231,85,string-lengths-backwards,tourney,FALSE,10,elitize_generation_data,230,24,0.634,NA
232,85,string-lengths-backwards,tourney,FALSE,10,elitize_generation_data,231,35,0.653,NA
233,85,string-lengths-backwards,tourney,FALSE,10,elitize_generation_data,232,49,0.651,NA
234,85,string-lengths-backwards,tourney,FALSE,10,elitize_generation_data,233,39,0.621,NA
235,85,string-lengths-backwards,tourney,FALSE,10,elitize_generation_data,234,81,0.632,NA
236,85,string-lengths-backwards,tourney,FALSE,10,elitize_generation_data,235,71,0.621,NA
237,85,string-lengths-backwards,tourney,FALSE,10,elitize_generation_data,236,54,0.647,NA
238,85,string-lengths-backwards,tourney,FALSE,10,elitize_generation_data,237,65,0.677,NA
239,85,string-lengths-backwards,tourney,FALSE,10,elitize_generation_data,238,62,0.67,NA
240,85,string-lengths-backwards,tourney,FALSE,10,elitize_generation_data,239,96,0.661,NA
241,85,string-lengths-backwards,tourney,FALSE,10,elitize_generation_data,240,77,0.661,NA
242,85,string-lengths-backwards,tourney,FALSE,10,elitize_generation_data,241,76,0.663,NA
243,85,string-lengths-backwards,tourney,FALSE,10,elitize_generation_data,242,53,0.675,NA
244,85,string-lengths-backwards,tourney,FALSE,10,elitize_generation_data,243,50,0.636,NA
245,85,string-lengths-backwards,tourney,FALSE,10,elitize_generation_data,244,67,0.652,NA
246,85,string-lengths-backwards,tourney,FALSE,10,elitize_generation_data,245,82,0.614,NA
247,85,string-lengths-backwards,tourney,FALSE,10,elitize_generation_data,246,39,0.621,NA
248,85,string-lengths-backwards,tourney,FALSE,10,elitize_generation_data,247,49,0.645,NA
249,85,string-lengths-backwards,tourney,FALSE,10,elitize_generation_data,248,51,0.654,NA
250,85,string-lengths-backwards,tourney,FALSE,10,elitize_generation_data,249,78,0.676,NA
251,85,string-lengths-backwards,tourney,FALSE,10,elitize_generation_data,250,58,0.682,NA
252,85,string-lengths-backwards,tourney,FALSE,10,elitize_generation_data,251,67,0.636,NA
253,85,string-lengths-backwards,tourney,FALSE,10,elitize_generation_data,252,48,0.663,NA
254,85,string-lengths-backwards,tourney,FALSE,10,elitize_generation_data,253,46,0.642,NA
255,85,string-lengths-backwards,tourney,FALSE,10,elitize_generation_data,254,51,0.655,NA
256,85,string-lengths-backwards,tourney,FALSE,10,elitize_generation_data,255,43,0.637,NA
257,85,string-lengths-backwards,tourney,FALSE,10,elitize_generation_data,256,50,0.646,NA
258,85,string-lengths-backwards,tourney,FALSE,10,elitize_generation_data,257,51,0.631,NA
259,85,string-lengths-backwards,tourney,FALSE,10,elitize_generation_data,258,87,0.59,NA
260,85,string-lengths-backwards,tourney,FALSE,10,elitize_generation_data,259,42,0.644,NA
261,85,string-lengths-backwards,tourney,FALSE,10,elitize_generation_data,260,75,0.644,NA
262,85,string-lengths-backwards,tourney,FALSE,10,elitize_generation_data,261,46,0.655,NA
263,85,string-lengths-backwards,tourney,FALSE,10,elitize_generation_data,262,56,0.659,NA
264,85,string-lengths-backwards,tourney,FALSE,10,elitize_generation_data,263,53,0.688,NA
265,85,string-lengths-backwards,tourney,FALSE,10,elitize_generation_data,264,64,0.668,NA
266,85,string-lengths-backwards,tourney,FALSE,10,elitize_generation_data,265,68,0.686,NA
267,85,string-lengths-backwards,tourney,FALSE,10,elitize_generation_data,266,82,0.657,NA
268,85,string-lengths-backwards,tourney,FALSE,10,elitize_generation_data,267,85,0.649,NA
269,85,string-lengths-backwards,tourney,FALSE,10,elitize_generation_data,268,64,0.69,NA
270,85,string-lengths-backwards,tourney,FALSE,10,elitize_generation_data,269,36,0.656,NA
271,85,string-lengths-backwards,tourney,FALSE,10,elitize_generation_data,270,65,0.639,NA
272,85,string-lengths-backwards,tourney,FALSE,10,elitize_generation_data,271,66,0.673,NA
273,85,string-lengths-backwards,tourney,FALSE,10,elitize_generation_data,272,72,0.666,NA
274,85,string-lengths-backwards,tourney,FALSE,10,elitize_generation_data,273,87,0.632,NA
275,85,string-lengths-backwards,tourney,FALSE,10,elitize_generation_data,274,80,0.621,NA
276,85,string-lengths-backwards,tourney,FALSE,10,elitize_generation_data,275,68,0.627,NA
277,85,string-lengths-backwards,tourney,FALSE,10,elitize_generation_data,276,87,0.634,NA
278,85,string-lengths-backwards,tourney,FALSE,10,elitize_generation_data,277,57,0.631,NA
279,85,string-lengths-backwards,tourney,FALSE,10,elitize_generation_data,278,40,0.635,NA
280,85,string-lengths-backwards,tourney,FALSE,10,elitize_generation_data,279,43,0.622,NA
281,85,string-lengths-backwards,tourney,FALSE,10,elitize_generation_data,280,61,0.624,NA
282,85,string-lengths-backwards,tourney,FALSE,10,elitize_generation_data,281,47,0.642,NA
283,85,string-lengths-backwards,tourney,FALSE,10,elitize_generation_data,282,75,0.639,NA
284,85,string-lengths-backwards,tourney,FALSE,10,elitize_generation_data,283,70,0.618,NA
285,85,string-lengths-backwards,tourney,FALSE,10,elitize_generation_data,284,64,0.605,NA
286,85,string-lengths-backwards,tourney,FALSE,10,elitize_generation_data,285,60,0.61,NA
287,85,string-lengths-backwards,tourney,FALSE,10,elitize_generation_data,286,81,0.596,NA
288,85,string-lengths-backwards,tourney,FALSE,10,elitize_generation_data,287,46,0.639,NA
289,85,string-lengths-backwards,tourney,FALSE,10,elitize_generation_data,288,35,0.622,NA
290,85,string-lengths-backwards,tourney,FALSE,10,elitize_generation_data,289,75,0.626,NA
291,85,string-lengths-backwards,tourney,FALSE,10,elitize_generation_data,290,71,0.637,NA
292,85,string-lengths-backwards,tourney,FALSE,10,elitize_generation_data,291,57,0.619,NA
293,85,string-lengths-backwards,tourney,FALSE,10,elitize_generation_data,292,60,0.644,NA
294,85,string-lengths-backwards,tourney,FALSE,10,elitize_generation_data,293,92,0.641,NA
295,85,string-lengths-backwards,tourney,FALSE,10,elitize_generation_data,294,64,0.657,NA
296,85,string-lengths-backwards,tourney,FALSE,10,elitize_generation_data,295,57,0.643,NA
297,85,string-lengths-backwards,tourney,FALSE,10,elitize_generation_data,296,66,0.618,NA
298,85,string-lengths-backwards,tourney,FALSE,10,elitize_generation_data,297,70,0.636,NA
299,85,string-lengths-backwards,tourney,FALSE,10,elitize_generation_data,298,63,0.635,NA
300,85,string-lengths-backwards,tourney,FALSE,10,elitize_generation_data,299,41,0.622,NA
301,85,string-lengths-backwards,tourney,FALSE,10,elitize_generation_data,300,62,0.638,NA
