,run.num,problem,treatment,succeeded,height,normalization.function,generation,cluster.count,error.diversity,success.generation
1,81,string-lengths-backwards,tourney,FALSE,10,elitize_generation_data,0,6,0.258,NA
2,81,string-lengths-backwards,tourney,FALSE,10,elitize_generation_data,1,6,0.142,NA
3,81,string-lengths-backwards,tourney,FALSE,10,elitize_generation_data,2,6,0.231,NA
4,81,string-lengths-backwards,tourney,FALSE,10,elitize_generation_data,3,3,0.238,NA
5,81,string-lengths-backwards,tourney,FALSE,10,elitize_generation_data,4,8,0.232,NA
6,81,string-lengths-backwards,tourney,FALSE,10,elitize_generation_data,5,13,0.201,NA
7,81,string-lengths-backwards,tourney,FALSE,10,elitize_generation_data,6,8,0.175,NA
8,81,string-lengths-backwards,tourney,FALSE,10,elitize_generation_data,7,17,0.105,NA
9,81,string-lengths-backwards,tourney,FALSE,10,elitize_generation_data,8,12,0.1,NA
10,81,string-lengths-backwards,tourney,FALSE,10,elitize_generation_data,9,14,0.066,NA
11,81,string-lengths-backwards,tourney,FALSE,10,elitize_generation_data,10,11,0.036,NA
12,81,string-lengths-backwards,tourney,FALSE,10,elitize_generation_data,11,10,0.065,NA
13,81,string-lengths-backwards,tourney,FALSE,10,elitize_generation_data,12,12,0.058,NA
14,81,string-lengths-backwards,tourney,FALSE,10,elitize_generation_data,13,11,0.064,NA
15,81,string-lengths-backwards,tourney,FALSE,10,elitize_generation_data,14,13,0.061,NA
16,81,string-lengths-backwards,tourney,FALSE,10,elitize_generation_data,15,9,0.052,NA
17,81,string-lengths-backwards,tourney,FALSE,10,elitize_generation_data,16,10,0.053,NA
18,81,string-lengths-backwards,tourney,FALSE,10,elitize_generation_data,17,14,0.066,NA
19,81,string-lengths-backwards,tourney,FALSE,10,elitize_generation_data,18,17,0.063,NA
20,81,string-lengths-backwards,tourney,FALSE,10,elitize_generation_data,19,18,0.087,NA
21,81,string-lengths-backwards,tourney,FALSE,10,elitize_generation_data,20,16,0.072,NA
22,81,string-lengths-backwards,tourney,FALSE,10,elitize_generation_data,21,10,0.055,NA
23,81,string-lengths-backwards,tourney,FALSE,10,elitize_generation_data,22,12,0.049,NA
24,81,string-lengths-backwards,tourney,FALSE,10,elitize_generation_data,23,16,0.051,NA
25,81,string-lengths-backwards,tourney,FALSE,10,elitize_generation_data,24,15,0.081,NA
26,81,string-lengths-backwards,tourney,FALSE,10,elitize_generation_data,25,16,0.087,NA
27,81,string-lengths-backwards,tourney,FALSE,10,elitize_generation_data,26,16,0.055,NA
28,81,string-lengths-backwards,tourney,FALSE,10,elitize_generation_data,27,19,0.082,NA
29,81,string-lengths-backwards,tourney,FALSE,10,elitize_generation_data,28,14,0.076,NA
30,81,string-lengths-backwards,tourney,FALSE,10,elitize_generation_data,29,13,0.085,NA
31,81,string-lengths-backwards,tourney,FALSE,10,elitize_generation_data,30,17,0.091,NA
32,81,string-lengths-backwards,tourney,FALSE,10,elitize_generation_data,31,15,0.09,NA
33,81,string-lengths-backwards,tourney,FALSE,10,elitize_generation_data,32,15,0.095,NA
34,81,string-lengths-backwards,tourney,FALSE,10,elitize_generation_data,33,13,0.091,NA
35,81,string-lengths-backwards,tourney,FALSE,10,elitize_generation_data,34,13,0.1,NA
36,81,string-lengths-backwards,tourney,FALSE,10,elitize_generation_data,35,13,0.098,NA
37,81,string-lengths-backwards,tourney,FALSE,10,elitize_generation_data,36,12,0.075,NA
38,81,string-lengths-backwards,tourney,FALSE,10,elitize_generation_data,37,13,0.098,NA
39,81,string-lengths-backwards,tourney,FALSE,10,elitize_generation_data,38,20,0.087,NA
40,81,string-lengths-backwards,tourney,FALSE,10,elitize_generation_data,39,14,0.093,NA
41,81,string-lengths-backwards,tourney,FALSE,10,elitize_generation_data,40,14,0.099,NA
42,81,string-lengths-backwards,tourney,FALSE,10,elitize_generation_data,41,13,0.097,NA
43,81,string-lengths-backwards,tourney,FALSE,10,elitize_generation_data,42,16,0.099,NA
44,81,string-lengths-backwards,tourney,FALSE,10,elitize_generation_data,43,18,0.101,NA
45,81,string-lengths-backwards,tourney,FALSE,10,elitize_generation_data,44,13,0.099,NA
46,81,string-lengths-backwards,tourney,FALSE,10,elitize_generation_data,45,16,0.099,NA
47,81,string-lengths-backwards,tourney,FALSE,10,elitize_generation_data,46,14,0.097,NA
48,81,string-lengths-backwards,tourney,FALSE,10,elitize_generation_data,47,15,0.091,NA
49,81,string-lengths-backwards,tourney,FALSE,10,elitize_generation_data,48,14,0.103,NA
50,81,string-lengths-backwards,tourney,FALSE,10,elitize_generation_data,49,15,0.104,NA
51,81,string-lengths-backwards,tourney,FALSE,10,elitize_generation_data,50,21,0.078,NA
52,81,string-lengths-backwards,tourney,FALSE,10,elitize_generation_data,51,14,0.084,NA
53,81,string-lengths-backwards,tourney,FALSE,10,elitize_generation_data,52,12,0.09,NA
54,81,string-lengths-backwards,tourney,FALSE,10,elitize_generation_data,53,12,0.091,NA
55,81,string-lengths-backwards,tourney,FALSE,10,elitize_generation_data,54,14,0.087,NA
56,81,string-lengths-backwards,tourney,FALSE,10,elitize_generation_data,55,15,0.095,NA
57,81,string-lengths-backwards,tourney,FALSE,10,elitize_generation_data,56,17,0.095,NA
58,81,string-lengths-backwards,tourney,FALSE,10,elitize_generation_data,57,10,0.099,NA
59,81,string-lengths-backwards,tourney,FALSE,10,elitize_generation_data,58,14,0.093,NA
60,81,string-lengths-backwards,tourney,FALSE,10,elitize_generation_data,59,19,0.086,NA
61,81,string-lengths-backwards,tourney,FALSE,10,elitize_generation_data,60,15,0.096,NA
62,81,string-lengths-backwards,tourney,FALSE,10,elitize_generation_data,61,14,0.096,NA
63,81,string-lengths-backwards,tourney,FALSE,10,elitize_generation_data,62,16,0.088,NA
64,81,string-lengths-backwards,tourney,FALSE,10,elitize_generation_data,63,17,0.093,NA
65,81,string-lengths-backwards,tourney,FALSE,10,elitize_generation_data,64,18,0.104,NA
66,81,string-lengths-backwards,tourney,FALSE,10,elitize_generation_data,65,15,0.102,NA
67,81,string-lengths-backwards,tourney,FALSE,10,elitize_generation_data,66,18,0.091,NA
68,81,string-lengths-backwards,tourney,FALSE,10,elitize_generation_data,67,15,0.116,NA
69,81,string-lengths-backwards,tourney,FALSE,10,elitize_generation_data,68,17,0.093,NA
70,81,string-lengths-backwards,tourney,FALSE,10,elitize_generation_data,69,14,0.098,NA
71,81,string-lengths-backwards,tourney,FALSE,10,elitize_generation_data,70,18,0.12,NA
72,81,string-lengths-backwards,tourney,FALSE,10,elitize_generation_data,71,13,0.111,NA
73,81,string-lengths-backwards,tourney,FALSE,10,elitize_generation_data,72,14,0.112,NA
74,81,string-lengths-backwards,tourney,FALSE,10,elitize_generation_data,73,15,0.11,NA
75,81,string-lengths-backwards,tourney,FALSE,10,elitize_generation_data,74,15,0.117,NA
76,81,string-lengths-backwards,tourney,FALSE,10,elitize_generation_data,75,15,0.116,NA
77,81,string-lengths-backwards,tourney,FALSE,10,elitize_generation_data,76,16,0.125,NA
78,81,string-lengths-backwards,tourney,FALSE,10,elitize_generation_data,77,14,0.118,NA
79,81,string-lengths-backwards,tourney,FALSE,10,elitize_generation_data,78,15,0.125,NA
80,81,string-lengths-backwards,tourney,FALSE,10,elitize_generation_data,79,16,0.124,NA
81,81,string-lengths-backwards,tourney,FALSE,10,elitize_generation_data,80,5,0.143,NA
82,81,string-lengths-backwards,tourney,FALSE,10,elitize_generation_data,81,9,0.155,NA
83,81,string-lengths-backwards,tourney,FALSE,10,elitize_generation_data,82,11,0.164,NA
84,81,string-lengths-backwards,tourney,FALSE,10,elitize_generation_data,83,13,0.147,NA
85,81,string-lengths-backwards,tourney,FALSE,10,elitize_generation_data,84,2,0.162,NA
86,81,string-lengths-backwards,tourney,FALSE,10,elitize_generation_data,85,4,0.135,NA
87,81,string-lengths-backwards,tourney,FALSE,10,elitize_generation_data,86,10,0.124,NA
88,81,string-lengths-backwards,tourney,FALSE,10,elitize_generation_data,87,10,0.166,NA
89,81,string-lengths-backwards,tourney,FALSE,10,elitize_generation_data,88,11,0.173,NA
90,81,string-lengths-backwards,tourney,FALSE,10,elitize_generation_data,89,14,0.167,NA
91,81,string-lengths-backwards,tourney,FALSE,10,elitize_generation_data,90,13,0.145,NA
92,81,string-lengths-backwards,tourney,FALSE,10,elitize_generation_data,91,11,0.15,NA
93,81,string-lengths-backwards,tourney,FALSE,10,elitize_generation_data,92,14,0.145,NA
94,81,string-lengths-backwards,tourney,FALSE,10,elitize_generation_data,93,13,0.149,NA
95,81,string-lengths-backwards,tourney,FALSE,10,elitize_generation_data,94,12,0.116,NA
96,81,string-lengths-backwards,tourney,FALSE,10,elitize_generation_data,95,9,0.12,NA
97,81,string-lengths-backwards,tourney,FALSE,10,elitize_generation_data,96,17,0.102,NA
98,81,string-lengths-backwards,tourney,FALSE,10,elitize_generation_data,97,12,0.097,NA
99,81,string-lengths-backwards,tourney,FALSE,10,elitize_generation_data,98,16,0.118,NA
100,81,string-lengths-backwards,tourney,FALSE,10,elitize_generation_data,99,11,0.088,NA
101,81,string-lengths-backwards,tourney,FALSE,10,elitize_generation_data,100,11,0.076,NA
102,81,string-lengths-backwards,tourney,FALSE,10,elitize_generation_data,101,8,0.056,NA
103,81,string-lengths-backwards,tourney,FALSE,10,elitize_generation_data,102,9,0.05,NA
104,81,string-lengths-backwards,tourney,FALSE,10,elitize_generation_data,103,10,0.056,NA
105,81,string-lengths-backwards,tourney,FALSE,10,elitize_generation_data,104,13,0.066,NA
106,81,string-lengths-backwards,tourney,FALSE,10,elitize_generation_data,105,11,0.061,NA
107,81,string-lengths-backwards,tourney,FALSE,10,elitize_generation_data,106,13,0.076,NA
108,81,string-lengths-backwards,tourney,FALSE,10,elitize_generation_data,107,12,0.059,NA
109,81,string-lengths-backwards,tourney,FALSE,10,elitize_generation_data,108,15,0.085,NA
110,81,string-lengths-backwards,tourney,FALSE,10,elitize_generation_data,109,12,0.061,NA
111,81,string-lengths-backwards,tourney,FALSE,10,elitize_generation_data,110,9,0.075,NA
112,81,string-lengths-backwards,tourney,FALSE,10,elitize_generation_data,111,12,0.08,NA
113,81,string-lengths-backwards,tourney,FALSE,10,elitize_generation_data,112,11,0.076,NA
114,81,string-lengths-backwards,tourney,FALSE,10,elitize_generation_data,113,12,0.09,NA
115,81,string-lengths-backwards,tourney,FALSE,10,elitize_generation_data,114,15,0.073,NA
116,81,string-lengths-backwards,tourney,FALSE,10,elitize_generation_data,115,11,0.085,NA
117,81,string-lengths-backwards,tourney,FALSE,10,elitize_generation_data,116,13,0.086,NA
118,81,string-lengths-backwards,tourney,FALSE,10,elitize_generation_data,117,15,0.091,NA
119,81,string-lengths-backwards,tourney,FALSE,10,elitize_generation_data,118,13,0.082,NA
120,81,string-lengths-backwards,tourney,FALSE,10,elitize_generation_data,119,13,0.084,NA
121,81,string-lengths-backwards,tourney,FALSE,10,elitize_generation_data,120,9,0.078,NA
122,81,string-lengths-backwards,tourney,FALSE,10,elitize_generation_data,121,14,0.095,NA
123,81,string-lengths-backwards,tourney,FALSE,10,elitize_generation_data,122,14,0.104,NA
124,81,string-lengths-backwards,tourney,FALSE,10,elitize_generation_data,123,10,0.12,NA
125,81,string-lengths-backwards,tourney,FALSE,10,elitize_generation_data,124,12,0.127,NA
126,81,string-lengths-backwards,tourney,FALSE,10,elitize_generation_data,125,12,0.136,NA
127,81,string-lengths-backwards,tourney,FALSE,10,elitize_generation_data,126,12,0.172,NA
128,81,string-lengths-backwards,tourney,FALSE,10,elitize_generation_data,127,11,0.195,NA
129,81,string-lengths-backwards,tourney,FALSE,10,elitize_generation_data,128,2,0.168,NA
130,81,string-lengths-backwards,tourney,FALSE,10,elitize_generation_data,129,2,0.117,NA
131,81,string-lengths-backwards,tourney,FALSE,10,elitize_generation_data,130,2,0.129,NA
132,81,string-lengths-backwards,tourney,FALSE,10,elitize_generation_data,131,3,0.141,NA
133,81,string-lengths-backwards,tourney,FALSE,10,elitize_generation_data,132,3,0.13,NA
134,81,string-lengths-backwards,tourney,FALSE,10,elitize_generation_data,133,5,0.114,NA
135,81,string-lengths-backwards,tourney,FALSE,10,elitize_generation_data,134,4,0.122,NA
136,81,string-lengths-backwards,tourney,FALSE,10,elitize_generation_data,135,5,0.112,NA
137,81,string-lengths-backwards,tourney,FALSE,10,elitize_generation_data,136,5,0.136,NA
138,81,string-lengths-backwards,tourney,FALSE,10,elitize_generation_data,137,7,0.134,NA
139,81,string-lengths-backwards,tourney,FALSE,10,elitize_generation_data,138,5,0.142,NA
140,81,string-lengths-backwards,tourney,FALSE,10,elitize_generation_data,139,6,0.125,NA
141,81,string-lengths-backwards,tourney,FALSE,10,elitize_generation_data,140,7,0.13,NA
142,81,string-lengths-backwards,tourney,FALSE,10,elitize_generation_data,141,8,0.11,NA
143,81,string-lengths-backwards,tourney,FALSE,10,elitize_generation_data,142,6,0.122,NA
144,81,string-lengths-backwards,tourney,FALSE,10,elitize_generation_data,143,7,0.12,NA
145,81,string-lengths-backwards,tourney,FALSE,10,elitize_generation_data,144,7,0.146,NA
146,81,string-lengths-backwards,tourney,FALSE,10,elitize_generation_data,145,8,0.159,NA
147,81,string-lengths-backwards,tourney,FALSE,10,elitize_generation_data,146,7,0.161,NA
148,81,string-lengths-backwards,tourney,FALSE,10,elitize_generation_data,147,8,0.152,NA
149,81,string-lengths-backwards,tourney,FALSE,10,elitize_generation_data,148,6,0.144,NA
150,81,string-lengths-backwards,tourney,FALSE,10,elitize_generation_data,149,11,0.169,NA
151,81,string-lengths-backwards,tourney,FALSE,10,elitize_generation_data,150,11,0.186,NA
152,81,string-lengths-backwards,tourney,FALSE,10,elitize_generation_data,151,9,0.198,NA
153,81,string-lengths-backwards,tourney,FALSE,10,elitize_generation_data,152,4,0.17,NA
154,81,string-lengths-backwards,tourney,FALSE,10,elitize_generation_data,153,11,0.187,NA
155,81,string-lengths-backwards,tourney,FALSE,10,elitize_generation_data,154,7,0.211,NA
156,81,string-lengths-backwards,tourney,FALSE,10,elitize_generation_data,155,6,0.25,NA
157,81,string-lengths-backwards,tourney,FALSE,10,elitize_generation_data,156,10,0.253,NA
158,81,string-lengths-backwards,tourney,FALSE,10,elitize_generation_data,157,13,0.261,NA
159,81,string-lengths-backwards,tourney,FALSE,10,elitize_generation_data,158,12,0.246,NA
160,81,string-lengths-backwards,tourney,FALSE,10,elitize_generation_data,159,10,0.255,NA
161,81,string-lengths-backwards,tourney,FALSE,10,elitize_generation_data,160,14,0.26,NA
162,81,string-lengths-backwards,tourney,FALSE,10,elitize_generation_data,161,7,0.241,NA
163,81,string-lengths-backwards,tourney,FALSE,10,elitize_generation_data,162,10,0.253,NA
164,81,string-lengths-backwards,tourney,FALSE,10,elitize_generation_data,163,8,0.245,NA
165,81,string-lengths-backwards,tourney,FALSE,10,elitize_generation_data,164,11,0.258,NA
166,81,string-lengths-backwards,tourney,FALSE,10,elitize_generation_data,165,10,0.272,NA
167,81,string-lengths-backwards,tourney,FALSE,10,elitize_generation_data,166,11,0.258,NA
168,81,string-lengths-backwards,tourney,FALSE,10,elitize_generation_data,167,11,0.256,NA
169,81,string-lengths-backwards,tourney,FALSE,10,elitize_generation_data,168,11,0.237,NA
170,81,string-lengths-backwards,tourney,FALSE,10,elitize_generation_data,169,14,0.269,NA
171,81,string-lengths-backwards,tourney,FALSE,10,elitize_generation_data,170,11,0.253,NA
172,81,string-lengths-backwards,tourney,FALSE,10,elitize_generation_data,171,11,0.274,NA
173,81,string-lengths-backwards,tourney,FALSE,10,elitize_generation_data,172,10,0.241,NA
174,81,string-lengths-backwards,tourney,FALSE,10,elitize_generation_data,173,9,0.244,NA
175,81,string-lengths-backwards,tourney,FALSE,10,elitize_generation_data,174,8,0.253,NA
176,81,string-lengths-backwards,tourney,FALSE,10,elitize_generation_data,175,9,0.272,NA
177,81,string-lengths-backwards,tourney,FALSE,10,elitize_generation_data,176,9,0.236,NA
178,81,string-lengths-backwards,tourney,FALSE,10,elitize_generation_data,177,10,0.264,NA
179,81,string-lengths-backwards,tourney,FALSE,10,elitize_generation_data,178,10,0.258,NA
180,81,string-lengths-backwards,tourney,FALSE,10,elitize_generation_data,179,11,0.236,NA
181,81,string-lengths-backwards,tourney,FALSE,10,elitize_generation_data,180,11,0.255,NA
182,81,string-lengths-backwards,tourney,FALSE,10,elitize_generation_data,181,10,0.244,NA
183,81,string-lengths-backwards,tourney,FALSE,10,elitize_generation_data,182,8,0.25,NA
184,81,string-lengths-backwards,tourney,FALSE,10,elitize_generation_data,183,11,0.258,NA
185,81,string-lengths-backwards,tourney,FALSE,10,elitize_generation_data,184,12,0.276,NA
186,81,string-lengths-backwards,tourney,FALSE,10,elitize_generation_data,185,15,0.254,NA
187,81,string-lengths-backwards,tourney,FALSE,10,elitize_generation_data,186,12,0.272,NA
188,81,string-lengths-backwards,tourney,FALSE,10,elitize_generation_data,187,11,0.285,NA
189,81,string-lengths-backwards,tourney,FALSE,10,elitize_generation_data,188,11,0.266,NA
190,81,string-lengths-backwards,tourney,FALSE,10,elitize_generation_data,189,10,0.275,NA
191,81,string-lengths-backwards,tourney,FALSE,10,elitize_generation_data,190,12,0.27,NA
192,81,string-lengths-backwards,tourney,FALSE,10,elitize_generation_data,191,11,0.269,NA
193,81,string-lengths-backwards,tourney,FALSE,10,elitize_generation_data,192,13,0.26,NA
194,81,string-lengths-backwards,tourney,FALSE,10,elitize_generation_data,193,10,0.261,NA
195,81,string-lengths-backwards,tourney,FALSE,10,elitize_generation_data,194,12,0.272,NA
196,81,string-lengths-backwards,tourney,FALSE,10,elitize_generation_data,195,10,0.261,NA
197,81,string-lengths-backwards,tourney,FALSE,10,elitize_generation_data,196,14,0.266,NA
198,81,string-lengths-backwards,tourney,FALSE,10,elitize_generation_data,197,9,0.269,NA
199,81,string-lengths-backwards,tourney,FALSE,10,elitize_generation_data,198,16,0.295,NA
200,81,string-lengths-backwards,tourney,FALSE,10,elitize_generation_data,199,14,0.264,NA
201,81,string-lengths-backwards,tourney,FALSE,10,elitize_generation_data,200,11,0.285,NA
202,81,string-lengths-backwards,tourney,FALSE,10,elitize_generation_data,201,12,0.286,NA
203,81,string-lengths-backwards,tourney,FALSE,10,elitize_generation_data,202,14,0.268,NA
204,81,string-lengths-backwards,tourney,FALSE,10,elitize_generation_data,203,15,0.262,NA
205,81,string-lengths-backwards,tourney,FALSE,10,elitize_generation_data,204,13,0.258,NA
206,81,string-lengths-backwards,tourney,FALSE,10,elitize_generation_data,205,13,0.247,NA
207,81,string-lengths-backwards,tourney,FALSE,10,elitize_generation_data,206,11,0.276,NA
208,81,string-lengths-backwards,tourney,FALSE,10,elitize_generation_data,207,15,0.3,NA
209,81,string-lengths-backwards,tourney,FALSE,10,elitize_generation_data,208,15,0.282,NA
210,81,string-lengths-backwards,tourney,FALSE,10,elitize_generation_data,209,11,0.265,NA
211,81,string-lengths-backwards,tourney,FALSE,10,elitize_generation_data,210,14,0.253,NA
212,81,string-lengths-backwards,tourney,FALSE,10,elitize_generation_data,211,14,0.275,NA
213,81,string-lengths-backwards,tourney,FALSE,10,elitize_generation_data,212,12,0.267,NA
214,81,string-lengths-backwards,tourney,FALSE,10,elitize_generation_data,213,16,0.264,NA
215,81,string-lengths-backwards,tourney,FALSE,10,elitize_generation_data,214,13,0.275,NA
216,81,string-lengths-backwards,tourney,FALSE,10,elitize_generation_data,215,16,0.274,NA
217,81,string-lengths-backwards,tourney,FALSE,10,elitize_generation_data,216,10,0.269,NA
218,81,string-lengths-backwards,tourney,FALSE,10,elitize_generation_data,217,15,0.294,NA
219,81,string-lengths-backwards,tourney,FALSE,10,elitize_generation_data,218,9,0.266,NA
220,81,string-lengths-backwards,tourney,FALSE,10,elitize_generation_data,219,10,0.262,NA
221,81,string-lengths-backwards,tourney,FALSE,10,elitize_generation_data,220,12,0.277,NA
222,81,string-lengths-backwards,tourney,FALSE,10,elitize_generation_data,221,18,0.27,NA
223,81,string-lengths-backwards,tourney,FALSE,10,elitize_generation_data,222,14,0.262,NA
224,81,string-lengths-backwards,tourney,FALSE,10,elitize_generation_data,223,14,0.274,NA
225,81,string-lengths-backwards,tourney,FALSE,10,elitize_generation_data,224,9,0.247,NA
226,81,string-lengths-backwards,tourney,FALSE,10,elitize_generation_data,225,15,0.277,NA
227,81,string-lengths-backwards,tourney,FALSE,10,elitize_generation_data,226,16,0.277,NA
228,81,string-lengths-backwards,tourney,FALSE,10,elitize_generation_data,227,15,0.25,NA
229,81,string-lengths-backwards,tourney,FALSE,10,elitize_generation_data,228,13,0.268,NA
230,81,string-lengths-backwards,tourney,FALSE,10,elitize_generation_data,229,10,0.241,NA
231,81,string-lengths-backwards,tourney,FALSE,10,elitize_generation_data,230,13,0.263,NA
232,81,string-lengths-backwards,tourney,FALSE,10,elitize_generation_data,231,11,0.273,NA
233,81,string-lengths-backwards,tourney,FALSE,10,elitize_generation_data,232,13,0.285,NA
234,81,string-lengths-backwards,tourney,FALSE,10,elitize_generation_data,233,12,0.284,NA
235,81,string-lengths-backwards,tourney,FALSE,10,elitize_generation_data,234,11,0.259,NA
236,81,string-lengths-backwards,tourney,FALSE,10,elitize_generation_data,235,16,0.272,NA
237,81,string-lengths-backwards,tourney,FALSE,10,elitize_generation_data,236,13,0.291,NA
238,81,string-lengths-backwards,tourney,FALSE,10,elitize_generation_data,237,11,0.279,NA
239,81,string-lengths-backwards,tourney,FALSE,10,elitize_generation_data,238,12,0.265,NA
240,81,string-lengths-backwards,tourney,FALSE,10,elitize_generation_data,239,18,0.277,NA
241,81,string-lengths-backwards,tourney,FALSE,10,elitize_generation_data,240,16,0.266,NA
242,81,string-lengths-backwards,tourney,FALSE,10,elitize_generation_data,241,16,0.284,NA
243,81,string-lengths-backwards,tourney,FALSE,10,elitize_generation_data,242,15,0.273,NA
244,81,string-lengths-backwards,tourney,FALSE,10,elitize_generation_data,243,13,0.278,NA
245,81,string-lengths-backwards,tourney,FALSE,10,elitize_generation_data,244,13,0.261,NA
246,81,string-lengths-backwards,tourney,FALSE,10,elitize_generation_data,245,10,0.276,NA
247,81,string-lengths-backwards,tourney,FALSE,10,elitize_generation_data,246,14,0.278,NA
248,81,string-lengths-backwards,tourney,FALSE,10,elitize_generation_data,247,14,0.301,NA
249,81,string-lengths-backwards,tourney,FALSE,10,elitize_generation_data,248,11,0.264,NA
250,81,string-lengths-backwards,tourney,FALSE,10,elitize_generation_data,249,12,0.263,NA
251,81,string-lengths-backwards,tourney,FALSE,10,elitize_generation_data,250,18,0.286,NA
252,81,string-lengths-backwards,tourney,FALSE,10,elitize_generation_data,251,12,0.265,NA
253,81,string-lengths-backwards,tourney,FALSE,10,elitize_generation_data,252,11,0.28,NA
254,81,string-lengths-backwards,tourney,FALSE,10,elitize_generation_data,253,19,0.288,NA
255,81,string-lengths-backwards,tourney,FALSE,10,elitize_generation_data,254,19,0.28,NA
256,81,string-lengths-backwards,tourney,FALSE,10,elitize_generation_data,255,14,0.275,NA
257,81,string-lengths-backwards,tourney,FALSE,10,elitize_generation_data,256,7,0.277,NA
258,81,string-lengths-backwards,tourney,FALSE,10,elitize_generation_data,257,11,0.274,NA
259,81,string-lengths-backwards,tourney,FALSE,10,elitize_generation_data,258,13,0.27,NA
260,81,string-lengths-backwards,tourney,FALSE,10,elitize_generation_data,259,13,0.26,NA
261,81,string-lengths-backwards,tourney,FALSE,10,elitize_generation_data,260,14,0.275,NA
262,81,string-lengths-backwards,tourney,FALSE,10,elitize_generation_data,261,12,0.282,NA
263,81,string-lengths-backwards,tourney,FALSE,10,elitize_generation_data,262,12,0.27,NA
264,81,string-lengths-backwards,tourney,FALSE,10,elitize_generation_data,263,14,0.291,NA
265,81,string-lengths-backwards,tourney,FALSE,10,elitize_generation_data,264,11,0.255,NA
266,81,string-lengths-backwards,tourney,FALSE,10,elitize_generation_data,265,16,0.285,NA
267,81,string-lengths-backwards,tourney,FALSE,10,elitize_generation_data,266,14,0.249,NA
268,81,string-lengths-backwards,tourney,FALSE,10,elitize_generation_data,267,14,0.267,NA
269,81,string-lengths-backwards,tourney,FALSE,10,elitize_generation_data,268,10,0.261,NA
270,81,string-lengths-backwards,tourney,FALSE,10,elitize_generation_data,269,18,0.277,NA
271,81,string-lengths-backwards,tourney,FALSE,10,elitize_generation_data,270,12,0.284,NA
272,81,string-lengths-backwards,tourney,FALSE,10,elitize_generation_data,271,20,0.263,NA
273,81,string-lengths-backwards,tourney,FALSE,10,elitize_generation_data,272,15,0.286,NA
274,81,string-lengths-backwards,tourney,FALSE,10,elitize_generation_data,273,14,0.268,NA
275,81,string-lengths-backwards,tourney,FALSE,10,elitize_generation_data,274,14,0.273,NA
276,81,string-lengths-backwards,tourney,FALSE,10,elitize_generation_data,275,16,0.267,NA
277,81,string-lengths-backwards,tourney,FALSE,10,elitize_generation_data,276,12,0.292,NA
278,81,string-lengths-backwards,tourney,FALSE,10,elitize_generation_data,277,14,0.271,NA
279,81,string-lengths-backwards,tourney,FALSE,10,elitize_generation_data,278,15,0.264,NA
280,81,string-lengths-backwards,tourney,FALSE,10,elitize_generation_data,279,14,0.297,NA
281,81,string-lengths-backwards,tourney,FALSE,10,elitize_generation_data,280,13,0.254,NA
282,81,string-lengths-backwards,tourney,FALSE,10,elitize_generation_data,281,18,0.283,NA
283,81,string-lengths-backwards,tourney,FALSE,10,elitize_generation_data,282,14,0.279,NA
284,81,string-lengths-backwards,tourney,FALSE,10,elitize_generation_data,283,13,0.273,NA
285,81,string-lengths-backwards,tourney,FALSE,10,elitize_generation_data,284,14,0.278,NA
286,81,string-lengths-backwards,tourney,FALSE,10,elitize_generation_data,285,19,0.265,NA
287,81,string-lengths-backwards,tourney,FALSE,10,elitize_generation_data,286,19,0.293,NA
288,81,string-lengths-backwards,tourney,FALSE,10,elitize_generation_data,287,13,0.275,NA
289,81,string-lengths-backwards,tourney,FALSE,10,elitize_generation_data,288,16,0.264,NA
290,81,string-lengths-backwards,tourney,FALSE,10,elitize_generation_data,289,13,0.27,NA
291,81,string-lengths-backwards,tourney,FALSE,10,elitize_generation_data,290,14,0.264,NA
292,81,string-lengths-backwards,tourney,FALSE,10,elitize_generation_data,291,13,0.285,NA
293,81,string-lengths-backwards,tourney,FALSE,10,elitize_generation_data,292,17,0.275,NA
294,81,string-lengths-backwards,tourney,FALSE,10,elitize_generation_data,293,16,0.254,NA
295,81,string-lengths-backwards,tourney,FALSE,10,elitize_generation_data,294,18,0.265,NA
296,81,string-lengths-backwards,tourney,FALSE,10,elitize_generation_data,295,10,0.251,NA
297,81,string-lengths-backwards,tourney,FALSE,10,elitize_generation_data,296,11,0.268,NA
298,81,string-lengths-backwards,tourney,FALSE,10,elitize_generation_data,297,15,0.287,NA
299,81,string-lengths-backwards,tourney,FALSE,10,elitize_generation_data,298,13,0.265,NA
300,81,string-lengths-backwards,tourney,FALSE,10,elitize_generation_data,299,17,0.286,NA
301,81,string-lengths-backwards,tourney,FALSE,10,elitize_generation_data,300,18,0.28,NA
