,run.num,problem,treatment,succeeded,height,normalization.function,generation,cluster.count,error.diversity,success.generation
1,18,string-lengths-backwards,tourney,FALSE,10,elitize_generation_data,0,8,0.262,NA
2,18,string-lengths-backwards,tourney,FALSE,10,elitize_generation_data,1,9,0.15,NA
3,18,string-lengths-backwards,tourney,FALSE,10,elitize_generation_data,2,6,0.238,NA
4,18,string-lengths-backwards,tourney,FALSE,10,elitize_generation_data,3,5,0.199,NA
5,18,string-lengths-backwards,tourney,FALSE,10,elitize_generation_data,4,12,0.12,NA
6,18,string-lengths-backwards,tourney,FALSE,10,elitize_generation_data,5,6,0.123,NA
7,18,string-lengths-backwards,tourney,FALSE,10,elitize_generation_data,6,12,0.186,NA
8,18,string-lengths-backwards,tourney,FALSE,10,elitize_generation_data,7,10,0.231,NA
9,18,string-lengths-backwards,tourney,FALSE,10,elitize_generation_data,8,9,0.305,NA
10,18,string-lengths-backwards,tourney,FALSE,10,elitize_generation_data,9,5,0.353,NA
11,18,string-lengths-backwards,tourney,FALSE,10,elitize_generation_data,10,7,0.426,NA
12,18,string-lengths-backwards,tourney,FALSE,10,elitize_generation_data,11,6,0.521,NA
13,18,string-lengths-backwards,tourney,FALSE,10,elitize_generation_data,12,3,0.635,NA
14,18,string-lengths-backwards,tourney,FALSE,10,elitize_generation_data,13,5,0.684,NA
15,18,string-lengths-backwards,tourney,FALSE,10,elitize_generation_data,14,4,0.737,NA
16,18,string-lengths-backwards,tourney,FALSE,10,elitize_generation_data,15,5,0.757,NA
17,18,string-lengths-backwards,tourney,FALSE,10,elitize_generation_data,16,4,0.796,NA
18,18,string-lengths-backwards,tourney,FALSE,10,elitize_generation_data,17,2,0.814,NA
19,18,string-lengths-backwards,tourney,FALSE,10,elitize_generation_data,18,4,0.855,NA
20,18,string-lengths-backwards,tourney,FALSE,10,elitize_generation_data,19,4,0.836,NA
21,18,string-lengths-backwards,tourney,FALSE,10,elitize_generation_data,20,3,0.821,NA
22,18,string-lengths-backwards,tourney,FALSE,10,elitize_generation_data,21,3,0.741,NA
23,18,string-lengths-backwards,tourney,FALSE,10,elitize_generation_data,22,2,0.728,NA
24,18,string-lengths-backwards,tourney,FALSE,10,elitize_generation_data,23,3,0.77,NA
25,18,string-lengths-backwards,tourney,FALSE,10,elitize_generation_data,24,3,0.76,NA
26,18,string-lengths-backwards,tourney,FALSE,10,elitize_generation_data,25,3,0.751,NA
27,18,string-lengths-backwards,tourney,FALSE,10,elitize_generation_data,26,2,0.726,NA
28,18,string-lengths-backwards,tourney,FALSE,10,elitize_generation_data,27,2,0.689,NA
29,18,string-lengths-backwards,tourney,FALSE,10,elitize_generation_data,28,2,0.703,NA
30,18,string-lengths-backwards,tourney,FALSE,10,elitize_generation_data,29,3,0.718,NA
31,18,string-lengths-backwards,tourney,FALSE,10,elitize_generation_data,30,4,0.733,NA
32,18,string-lengths-backwards,tourney,FALSE,10,elitize_generation_data,31,3,0.724,NA
33,18,string-lengths-backwards,tourney,FALSE,10,elitize_generation_data,32,2,0.76,NA
34,18,string-lengths-backwards,tourney,FALSE,10,elitize_generation_data,33,3,0.693,NA
35,18,string-lengths-backwards,tourney,FALSE,10,elitize_generation_data,34,4,0.7,NA
36,18,string-lengths-backwards,tourney,FALSE,10,elitize_generation_data,35,2,0.66,NA
37,18,string-lengths-backwards,tourney,FALSE,10,elitize_generation_data,36,2,0.637,NA
38,18,string-lengths-backwards,tourney,FALSE,10,elitize_generation_data,37,2,0.637,NA
39,18,string-lengths-backwards,tourney,FALSE,10,elitize_generation_data,38,4,0.631,NA
40,18,string-lengths-backwards,tourney,FALSE,10,elitize_generation_data,39,2,0.671,NA
41,18,string-lengths-backwards,tourney,FALSE,10,elitize_generation_data,40,3,0.672,NA
42,18,string-lengths-backwards,tourney,FALSE,10,elitize_generation_data,41,2,0.658,NA
43,18,string-lengths-backwards,tourney,FALSE,10,elitize_generation_data,42,5,0.689,NA
44,18,string-lengths-backwards,tourney,FALSE,10,elitize_generation_data,43,3,0.712,NA
45,18,string-lengths-backwards,tourney,FALSE,10,elitize_generation_data,44,3,0.727,NA
46,18,string-lengths-backwards,tourney,FALSE,10,elitize_generation_data,45,2,0.745,NA
47,18,string-lengths-backwards,tourney,FALSE,10,elitize_generation_data,46,3,0.747,NA
48,18,string-lengths-backwards,tourney,FALSE,10,elitize_generation_data,47,2,0.762,NA
49,18,string-lengths-backwards,tourney,FALSE,10,elitize_generation_data,48,3,0.773,NA
50,18,string-lengths-backwards,tourney,FALSE,10,elitize_generation_data,49,3,0.814,NA
51,18,string-lengths-backwards,tourney,FALSE,10,elitize_generation_data,50,4,0.819,NA
52,18,string-lengths-backwards,tourney,FALSE,10,elitize_generation_data,51,4,0.828,NA
53,18,string-lengths-backwards,tourney,FALSE,10,elitize_generation_data,52,4,0.848,NA
54,18,string-lengths-backwards,tourney,FALSE,10,elitize_generation_data,53,3,0.824,NA
55,18,string-lengths-backwards,tourney,FALSE,10,elitize_generation_data,54,3,0.854,NA
56,18,string-lengths-backwards,tourney,FALSE,10,elitize_generation_data,55,3,0.784,NA
57,18,string-lengths-backwards,tourney,FALSE,10,elitize_generation_data,56,2,0.718,NA
58,18,string-lengths-backwards,tourney,FALSE,10,elitize_generation_data,57,4,0.645,NA
59,18,string-lengths-backwards,tourney,FALSE,10,elitize_generation_data,58,3,0.577,NA
60,18,string-lengths-backwards,tourney,FALSE,10,elitize_generation_data,59,4,0.629,NA
61,18,string-lengths-backwards,tourney,FALSE,10,elitize_generation_data,60,3,0.649,NA
62,18,string-lengths-backwards,tourney,FALSE,10,elitize_generation_data,61,3,0.55,NA
63,18,string-lengths-backwards,tourney,FALSE,10,elitize_generation_data,62,6,0.511,NA
64,18,string-lengths-backwards,tourney,FALSE,10,elitize_generation_data,63,4,0.487,NA
65,18,string-lengths-backwards,tourney,FALSE,10,elitize_generation_data,64,3,0.545,NA
66,18,string-lengths-backwards,tourney,FALSE,10,elitize_generation_data,65,4,0.548,NA
67,18,string-lengths-backwards,tourney,FALSE,10,elitize_generation_data,66,6,0.583,NA
68,18,string-lengths-backwards,tourney,FALSE,10,elitize_generation_data,67,9,0.458,NA
69,18,string-lengths-backwards,tourney,FALSE,10,elitize_generation_data,68,10,0.391,NA
70,18,string-lengths-backwards,tourney,FALSE,10,elitize_generation_data,69,8,0.391,NA
71,18,string-lengths-backwards,tourney,FALSE,10,elitize_generation_data,70,10,0.461,NA
72,18,string-lengths-backwards,tourney,FALSE,10,elitize_generation_data,71,10,0.455,NA
73,18,string-lengths-backwards,tourney,FALSE,10,elitize_generation_data,72,6,0.425,NA
74,18,string-lengths-backwards,tourney,FALSE,10,elitize_generation_data,73,10,0.398,NA
75,18,string-lengths-backwards,tourney,FALSE,10,elitize_generation_data,74,7,0.39,NA
76,18,string-lengths-backwards,tourney,FALSE,10,elitize_generation_data,75,6,0.452,NA
77,18,string-lengths-backwards,tourney,FALSE,10,elitize_generation_data,76,7,0.489,NA
78,18,string-lengths-backwards,tourney,FALSE,10,elitize_generation_data,77,5,0.495,NA
79,18,string-lengths-backwards,tourney,FALSE,10,elitize_generation_data,78,2,0.507,NA
80,18,string-lengths-backwards,tourney,FALSE,10,elitize_generation_data,79,3,0.554,NA
81,18,string-lengths-backwards,tourney,FALSE,10,elitize_generation_data,80,2,0.564,NA
82,18,string-lengths-backwards,tourney,FALSE,10,elitize_generation_data,81,3,0.592,NA
83,18,string-lengths-backwards,tourney,FALSE,10,elitize_generation_data,82,5,0.599,NA
84,18,string-lengths-backwards,tourney,FALSE,10,elitize_generation_data,83,4,0.569,NA
85,18,string-lengths-backwards,tourney,FALSE,10,elitize_generation_data,84,2,0.575,NA
86,18,string-lengths-backwards,tourney,FALSE,10,elitize_generation_data,85,2,0.56,NA
87,18,string-lengths-backwards,tourney,FALSE,10,elitize_generation_data,86,6,0.532,NA
88,18,string-lengths-backwards,tourney,FALSE,10,elitize_generation_data,87,7,0.522,NA
89,18,string-lengths-backwards,tourney,FALSE,10,elitize_generation_data,88,3,0.53,NA
90,18,string-lengths-backwards,tourney,FALSE,10,elitize_generation_data,89,4,0.514,NA
91,18,string-lengths-backwards,tourney,FALSE,10,elitize_generation_data,90,5,0.537,NA
92,18,string-lengths-backwards,tourney,FALSE,10,elitize_generation_data,91,1,0.586,NA
93,18,string-lengths-backwards,tourney,FALSE,10,elitize_generation_data,92,1,0.577,NA
94,18,string-lengths-backwards,tourney,FALSE,10,elitize_generation_data,93,1,0.627,NA
95,18,string-lengths-backwards,tourney,FALSE,10,elitize_generation_data,94,2,0.666,NA
96,18,string-lengths-backwards,tourney,FALSE,10,elitize_generation_data,95,1,0.66,NA
97,18,string-lengths-backwards,tourney,FALSE,10,elitize_generation_data,96,1,0.649,NA
98,18,string-lengths-backwards,tourney,FALSE,10,elitize_generation_data,97,3,0.653,NA
99,18,string-lengths-backwards,tourney,FALSE,10,elitize_generation_data,98,1,0.63,NA
100,18,string-lengths-backwards,tourney,FALSE,10,elitize_generation_data,99,2,0.605,NA
101,18,string-lengths-backwards,tourney,FALSE,10,elitize_generation_data,100,3,0.586,NA
102,18,string-lengths-backwards,tourney,FALSE,10,elitize_generation_data,101,5,0.538,NA
103,18,string-lengths-backwards,tourney,FALSE,10,elitize_generation_data,102,7,0.516,NA
104,18,string-lengths-backwards,tourney,FALSE,10,elitize_generation_data,103,8,0.505,NA
105,18,string-lengths-backwards,tourney,FALSE,10,elitize_generation_data,104,3,0.497,NA
106,18,string-lengths-backwards,tourney,FALSE,10,elitize_generation_data,105,2,0.526,NA
107,18,string-lengths-backwards,tourney,FALSE,10,elitize_generation_data,106,5,0.522,NA
108,18,string-lengths-backwards,tourney,FALSE,10,elitize_generation_data,107,2,0.516,NA
109,18,string-lengths-backwards,tourney,FALSE,10,elitize_generation_data,108,2,0.536,NA
110,18,string-lengths-backwards,tourney,FALSE,10,elitize_generation_data,109,5,0.511,NA
111,18,string-lengths-backwards,tourney,FALSE,10,elitize_generation_data,110,4,0.552,NA
112,18,string-lengths-backwards,tourney,FALSE,10,elitize_generation_data,111,5,0.533,NA
113,18,string-lengths-backwards,tourney,FALSE,10,elitize_generation_data,112,4,0.543,NA
114,18,string-lengths-backwards,tourney,FALSE,10,elitize_generation_data,113,6,0.54,NA
115,18,string-lengths-backwards,tourney,FALSE,10,elitize_generation_data,114,4,0.521,NA
116,18,string-lengths-backwards,tourney,FALSE,10,elitize_generation_data,115,6,0.499,NA
117,18,string-lengths-backwards,tourney,FALSE,10,elitize_generation_data,116,4,0.485,NA
118,18,string-lengths-backwards,tourney,FALSE,10,elitize_generation_data,117,6,0.514,NA
119,18,string-lengths-backwards,tourney,FALSE,10,elitize_generation_data,118,4,0.504,NA
120,18,string-lengths-backwards,tourney,FALSE,10,elitize_generation_data,119,9,0.508,NA
121,18,string-lengths-backwards,tourney,FALSE,10,elitize_generation_data,120,5,0.515,NA
122,18,string-lengths-backwards,tourney,FALSE,10,elitize_generation_data,121,3,0.523,NA
123,18,string-lengths-backwards,tourney,FALSE,10,elitize_generation_data,122,4,0.503,NA
124,18,string-lengths-backwards,tourney,FALSE,10,elitize_generation_data,123,8,0.506,NA
125,18,string-lengths-backwards,tourney,FALSE,10,elitize_generation_data,124,6,0.513,NA
126,18,string-lengths-backwards,tourney,FALSE,10,elitize_generation_data,125,4,0.487,NA
127,18,string-lengths-backwards,tourney,FALSE,10,elitize_generation_data,126,7,0.486,NA
128,18,string-lengths-backwards,tourney,FALSE,10,elitize_generation_data,127,2,0.499,NA
129,18,string-lengths-backwards,tourney,FALSE,10,elitize_generation_data,128,3,0.511,NA
130,18,string-lengths-backwards,tourney,FALSE,10,elitize_generation_data,129,2,0.525,NA
131,18,string-lengths-backwards,tourney,FALSE,10,elitize_generation_data,130,1,0.528,NA
132,18,string-lengths-backwards,tourney,FALSE,10,elitize_generation_data,131,5,0.514,NA
133,18,string-lengths-backwards,tourney,FALSE,10,elitize_generation_data,132,3,0.501,NA
134,18,string-lengths-backwards,tourney,FALSE,10,elitize_generation_data,133,2,0.498,NA
135,18,string-lengths-backwards,tourney,FALSE,10,elitize_generation_data,134,4,0.457,NA
136,18,string-lengths-backwards,tourney,FALSE,10,elitize_generation_data,135,4,0.483,NA
137,18,string-lengths-backwards,tourney,FALSE,10,elitize_generation_data,136,4,0.48,NA
138,18,string-lengths-backwards,tourney,FALSE,10,elitize_generation_data,137,6,0.493,NA
139,18,string-lengths-backwards,tourney,FALSE,10,elitize_generation_data,138,5,0.484,NA
140,18,string-lengths-backwards,tourney,FALSE,10,elitize_generation_data,139,5,0.477,NA
141,18,string-lengths-backwards,tourney,FALSE,10,elitize_generation_data,140,4,0.472,NA
142,18,string-lengths-backwards,tourney,FALSE,10,elitize_generation_data,141,8,0.47,NA
143,18,string-lengths-backwards,tourney,FALSE,10,elitize_generation_data,142,3,0.493,NA
144,18,string-lengths-backwards,tourney,FALSE,10,elitize_generation_data,143,7,0.482,NA
145,18,string-lengths-backwards,tourney,FALSE,10,elitize_generation_data,144,9,0.523,NA
146,18,string-lengths-backwards,tourney,FALSE,10,elitize_generation_data,145,4,0.543,NA
147,18,string-lengths-backwards,tourney,FALSE,10,elitize_generation_data,146,3,0.558,NA
148,18,string-lengths-backwards,tourney,FALSE,10,elitize_generation_data,147,2,0.558,NA
149,18,string-lengths-backwards,tourney,FALSE,10,elitize_generation_data,148,5,0.524,NA
150,18,string-lengths-backwards,tourney,FALSE,10,elitize_generation_data,149,5,0.523,NA
151,18,string-lengths-backwards,tourney,FALSE,10,elitize_generation_data,150,3,0.499,NA
152,18,string-lengths-backwards,tourney,FALSE,10,elitize_generation_data,151,7,0.497,NA
153,18,string-lengths-backwards,tourney,FALSE,10,elitize_generation_data,152,6,0.51,NA
154,18,string-lengths-backwards,tourney,FALSE,10,elitize_generation_data,153,7,0.514,NA
155,18,string-lengths-backwards,tourney,FALSE,10,elitize_generation_data,154,3,0.481,NA
156,18,string-lengths-backwards,tourney,FALSE,10,elitize_generation_data,155,2,0.5,NA
157,18,string-lengths-backwards,tourney,FALSE,10,elitize_generation_data,156,6,0.49,NA
158,18,string-lengths-backwards,tourney,FALSE,10,elitize_generation_data,157,7,0.502,NA
159,18,string-lengths-backwards,tourney,FALSE,10,elitize_generation_data,158,8,0.512,NA
160,18,string-lengths-backwards,tourney,FALSE,10,elitize_generation_data,159,5,0.504,NA
161,18,string-lengths-backwards,tourney,FALSE,10,elitize_generation_data,160,3,0.523,NA
162,18,string-lengths-backwards,tourney,FALSE,10,elitize_generation_data,161,2,0.512,NA
163,18,string-lengths-backwards,tourney,FALSE,10,elitize_generation_data,162,6,0.543,NA
164,18,string-lengths-backwards,tourney,FALSE,10,elitize_generation_data,163,6,0.503,NA
165,18,string-lengths-backwards,tourney,FALSE,10,elitize_generation_data,164,4,0.523,NA
166,18,string-lengths-backwards,tourney,FALSE,10,elitize_generation_data,165,5,0.524,NA
167,18,string-lengths-backwards,tourney,FALSE,10,elitize_generation_data,166,3,0.525,NA
168,18,string-lengths-backwards,tourney,FALSE,10,elitize_generation_data,167,5,0.539,NA
169,18,string-lengths-backwards,tourney,FALSE,10,elitize_generation_data,168,7,0.528,NA
170,18,string-lengths-backwards,tourney,FALSE,10,elitize_generation_data,169,6,0.52,NA
171,18,string-lengths-backwards,tourney,FALSE,10,elitize_generation_data,170,7,0.5,NA
172,18,string-lengths-backwards,tourney,FALSE,10,elitize_generation_data,171,8,0.487,NA
173,18,string-lengths-backwards,tourney,FALSE,10,elitize_generation_data,172,3,0.514,NA
174,18,string-lengths-backwards,tourney,FALSE,10,elitize_generation_data,173,2,0.531,NA
175,18,string-lengths-backwards,tourney,FALSE,10,elitize_generation_data,174,7,0.507,NA
176,18,string-lengths-backwards,tourney,FALSE,10,elitize_generation_data,175,3,0.499,NA
177,18,string-lengths-backwards,tourney,FALSE,10,elitize_generation_data,176,8,0.508,NA
178,18,string-lengths-backwards,tourney,FALSE,10,elitize_generation_data,177,9,0.503,NA
179,18,string-lengths-backwards,tourney,FALSE,10,elitize_generation_data,178,4,0.491,NA
180,18,string-lengths-backwards,tourney,FALSE,10,elitize_generation_data,179,6,0.51,NA
181,18,string-lengths-backwards,tourney,FALSE,10,elitize_generation_data,180,7,0.498,NA
182,18,string-lengths-backwards,tourney,FALSE,10,elitize_generation_data,181,3,0.484,NA
183,18,string-lengths-backwards,tourney,FALSE,10,elitize_generation_data,182,4,0.505,NA
184,18,string-lengths-backwards,tourney,FALSE,10,elitize_generation_data,183,6,0.5,NA
185,18,string-lengths-backwards,tourney,FALSE,10,elitize_generation_data,184,4,0.502,NA
186,18,string-lengths-backwards,tourney,FALSE,10,elitize_generation_data,185,6,0.524,NA
187,18,string-lengths-backwards,tourney,FALSE,10,elitize_generation_data,186,7,0.503,NA
188,18,string-lengths-backwards,tourney,FALSE,10,elitize_generation_data,187,3,0.526,NA
189,18,string-lengths-backwards,tourney,FALSE,10,elitize_generation_data,188,5,0.503,NA
190,18,string-lengths-backwards,tourney,FALSE,10,elitize_generation_data,189,6,0.513,NA
191,18,string-lengths-backwards,tourney,FALSE,10,elitize_generation_data,190,5,0.517,NA
192,18,string-lengths-backwards,tourney,FALSE,10,elitize_generation_data,191,6,0.504,NA
193,18,string-lengths-backwards,tourney,FALSE,10,elitize_generation_data,192,3,0.488,NA
194,18,string-lengths-backwards,tourney,FALSE,10,elitize_generation_data,193,4,0.495,NA
195,18,string-lengths-backwards,tourney,FALSE,10,elitize_generation_data,194,3,0.498,NA
196,18,string-lengths-backwards,tourney,FALSE,10,elitize_generation_data,195,6,0.504,NA
197,18,string-lengths-backwards,tourney,FALSE,10,elitize_generation_data,196,6,0.527,NA
198,18,string-lengths-backwards,tourney,FALSE,10,elitize_generation_data,197,6,0.528,NA
199,18,string-lengths-backwards,tourney,FALSE,10,elitize_generation_data,198,2,0.517,NA
200,18,string-lengths-backwards,tourney,FALSE,10,elitize_generation_data,199,4,0.499,NA
201,18,string-lengths-backwards,tourney,FALSE,10,elitize_generation_data,200,4,0.513,NA
202,18,string-lengths-backwards,tourney,FALSE,10,elitize_generation_data,201,8,0.514,NA
203,18,string-lengths-backwards,tourney,FALSE,10,elitize_generation_data,202,6,0.466,NA
204,18,string-lengths-backwards,tourney,FALSE,10,elitize_generation_data,203,3,0.495,NA
205,18,string-lengths-backwards,tourney,FALSE,10,elitize_generation_data,204,3,0.492,NA
206,18,string-lengths-backwards,tourney,FALSE,10,elitize_generation_data,205,5,0.478,NA
207,18,string-lengths-backwards,tourney,FALSE,10,elitize_generation_data,206,5,0.49,NA
208,18,string-lengths-backwards,tourney,FALSE,10,elitize_generation_data,207,3,0.569,NA
209,18,string-lengths-backwards,tourney,FALSE,10,elitize_generation_data,208,3,0.61,NA
210,18,string-lengths-backwards,tourney,FALSE,10,elitize_generation_data,209,2,0.688,NA
211,18,string-lengths-backwards,tourney,FALSE,10,elitize_generation_data,210,4,0.687,NA
212,18,string-lengths-backwards,tourney,FALSE,10,elitize_generation_data,211,2,0.668,NA
213,18,string-lengths-backwards,tourney,FALSE,10,elitize_generation_data,212,7,0.611,NA
214,18,string-lengths-backwards,tourney,FALSE,10,elitize_generation_data,213,4,0.621,NA
215,18,string-lengths-backwards,tourney,FALSE,10,elitize_generation_data,214,3,0.505,NA
216,18,string-lengths-backwards,tourney,FALSE,10,elitize_generation_data,215,2,0.437,NA
217,18,string-lengths-backwards,tourney,FALSE,10,elitize_generation_data,216,3,0.3,NA
218,18,string-lengths-backwards,tourney,FALSE,10,elitize_generation_data,217,4,0.291,NA
219,18,string-lengths-backwards,tourney,FALSE,10,elitize_generation_data,218,3,0.261,NA
220,18,string-lengths-backwards,tourney,FALSE,10,elitize_generation_data,219,5,0.243,NA
221,18,string-lengths-backwards,tourney,FALSE,10,elitize_generation_data,220,3,0.245,NA
222,18,string-lengths-backwards,tourney,FALSE,10,elitize_generation_data,221,4,0.242,NA
223,18,string-lengths-backwards,tourney,FALSE,10,elitize_generation_data,222,6,0.238,NA
224,18,string-lengths-backwards,tourney,FALSE,10,elitize_generation_data,223,3,0.266,NA
225,18,string-lengths-backwards,tourney,FALSE,10,elitize_generation_data,224,4,0.247,NA
226,18,string-lengths-backwards,tourney,FALSE,10,elitize_generation_data,225,5,0.25,NA
227,18,string-lengths-backwards,tourney,FALSE,10,elitize_generation_data,226,4,0.26,NA
228,18,string-lengths-backwards,tourney,FALSE,10,elitize_generation_data,227,4,0.247,NA
229,18,string-lengths-backwards,tourney,FALSE,10,elitize_generation_data,228,4,0.271,NA
230,18,string-lengths-backwards,tourney,FALSE,10,elitize_generation_data,229,3,0.254,NA
231,18,string-lengths-backwards,tourney,FALSE,10,elitize_generation_data,230,5,0.252,NA
232,18,string-lengths-backwards,tourney,FALSE,10,elitize_generation_data,231,3,0.255,NA
233,18,string-lengths-backwards,tourney,FALSE,10,elitize_generation_data,232,4,0.248,NA
234,18,string-lengths-backwards,tourney,FALSE,10,elitize_generation_data,233,3,0.255,NA
235,18,string-lengths-backwards,tourney,FALSE,10,elitize_generation_data,234,2,0.257,NA
236,18,string-lengths-backwards,tourney,FALSE,10,elitize_generation_data,235,5,0.264,NA
237,18,string-lengths-backwards,tourney,FALSE,10,elitize_generation_data,236,3,0.255,NA
238,18,string-lengths-backwards,tourney,FALSE,10,elitize_generation_data,237,4,0.27,NA
239,18,string-lengths-backwards,tourney,FALSE,10,elitize_generation_data,238,5,0.285,NA
240,18,string-lengths-backwards,tourney,FALSE,10,elitize_generation_data,239,5,0.256,NA
241,18,string-lengths-backwards,tourney,FALSE,10,elitize_generation_data,240,4,0.258,NA
242,18,string-lengths-backwards,tourney,FALSE,10,elitize_generation_data,241,3,0.268,NA
243,18,string-lengths-backwards,tourney,FALSE,10,elitize_generation_data,242,6,0.253,NA
244,18,string-lengths-backwards,tourney,FALSE,10,elitize_generation_data,243,3,0.223,NA
245,18,string-lengths-backwards,tourney,FALSE,10,elitize_generation_data,244,4,0.241,NA
246,18,string-lengths-backwards,tourney,FALSE,10,elitize_generation_data,245,5,0.264,NA
247,18,string-lengths-backwards,tourney,FALSE,10,elitize_generation_data,246,4,0.253,NA
248,18,string-lengths-backwards,tourney,FALSE,10,elitize_generation_data,247,3,0.218,NA
249,18,string-lengths-backwards,tourney,FALSE,10,elitize_generation_data,248,7,0.192,NA
250,18,string-lengths-backwards,tourney,FALSE,10,elitize_generation_data,249,5,0.17,NA
251,18,string-lengths-backwards,tourney,FALSE,10,elitize_generation_data,250,4,0.175,NA
252,18,string-lengths-backwards,tourney,FALSE,10,elitize_generation_data,251,3,0.172,NA
253,18,string-lengths-backwards,tourney,FALSE,10,elitize_generation_data,252,4,0.165,NA
254,18,string-lengths-backwards,tourney,FALSE,10,elitize_generation_data,253,7,0.155,NA
255,18,string-lengths-backwards,tourney,FALSE,10,elitize_generation_data,254,5,0.124,NA
256,18,string-lengths-backwards,tourney,FALSE,10,elitize_generation_data,255,5,0.14,NA
257,18,string-lengths-backwards,tourney,FALSE,10,elitize_generation_data,256,4,0.12,NA
258,18,string-lengths-backwards,tourney,FALSE,10,elitize_generation_data,257,5,0.123,NA
259,18,string-lengths-backwards,tourney,FALSE,10,elitize_generation_data,258,6,0.108,NA
260,18,string-lengths-backwards,tourney,FALSE,10,elitize_generation_data,259,7,0.126,NA
261,18,string-lengths-backwards,tourney,FALSE,10,elitize_generation_data,260,5,0.11,NA
262,18,string-lengths-backwards,tourney,FALSE,10,elitize_generation_data,261,5,0.108,NA
263,18,string-lengths-backwards,tourney,FALSE,10,elitize_generation_data,262,6,0.117,NA
264,18,string-lengths-backwards,tourney,FALSE,10,elitize_generation_data,263,7,0.103,NA
265,18,string-lengths-backwards,tourney,FALSE,10,elitize_generation_data,264,4,0.082,NA
266,18,string-lengths-backwards,tourney,FALSE,10,elitize_generation_data,265,4,0.092,NA
267,18,string-lengths-backwards,tourney,FALSE,10,elitize_generation_data,266,4,0.095,NA
268,18,string-lengths-backwards,tourney,FALSE,10,elitize_generation_data,267,4,0.082,NA
269,18,string-lengths-backwards,tourney,FALSE,10,elitize_generation_data,268,4,0.083,NA
270,18,string-lengths-backwards,tourney,FALSE,10,elitize_generation_data,269,5,0.099,NA
271,18,string-lengths-backwards,tourney,FALSE,10,elitize_generation_data,270,4,0.093,NA
272,18,string-lengths-backwards,tourney,FALSE,10,elitize_generation_data,271,4,0.089,NA
273,18,string-lengths-backwards,tourney,FALSE,10,elitize_generation_data,272,5,0.084,NA
274,18,string-lengths-backwards,tourney,FALSE,10,elitize_generation_data,273,5,0.099,NA
275,18,string-lengths-backwards,tourney,FALSE,10,elitize_generation_data,274,4,0.078,NA
276,18,string-lengths-backwards,tourney,FALSE,10,elitize_generation_data,275,4,0.083,NA
277,18,string-lengths-backwards,tourney,FALSE,10,elitize_generation_data,276,3,0.086,NA
278,18,string-lengths-backwards,tourney,FALSE,10,elitize_generation_data,277,4,0.07,NA
279,18,string-lengths-backwards,tourney,FALSE,10,elitize_generation_data,278,5,0.09,NA
280,18,string-lengths-backwards,tourney,FALSE,10,elitize_generation_data,279,6,0.091,NA
281,18,string-lengths-backwards,tourney,FALSE,10,elitize_generation_data,280,4,0.081,NA
282,18,string-lengths-backwards,tourney,FALSE,10,elitize_generation_data,281,5,0.094,NA
283,18,string-lengths-backwards,tourney,FALSE,10,elitize_generation_data,282,4,0.087,NA
284,18,string-lengths-backwards,tourney,FALSE,10,elitize_generation_data,283,5,0.086,NA
285,18,string-lengths-backwards,tourney,FALSE,10,elitize_generation_data,284,5,0.078,NA
286,18,string-lengths-backwards,tourney,FALSE,10,elitize_generation_data,285,7,0.095,NA
287,18,string-lengths-backwards,tourney,FALSE,10,elitize_generation_data,286,4,0.098,NA
288,18,string-lengths-backwards,tourney,FALSE,10,elitize_generation_data,287,5,0.083,NA
289,18,string-lengths-backwards,tourney,FALSE,10,elitize_generation_data,288,5,0.079,NA
290,18,string-lengths-backwards,tourney,FALSE,10,elitize_generation_data,289,4,0.089,NA
291,18,string-lengths-backwards,tourney,FALSE,10,elitize_generation_data,290,6,0.093,NA
292,18,string-lengths-backwards,tourney,FALSE,10,elitize_generation_data,291,5,0.081,NA
293,18,string-lengths-backwards,tourney,FALSE,10,elitize_generation_data,292,4,0.069,NA
294,18,string-lengths-backwards,tourney,FALSE,10,elitize_generation_data,293,7,0.094,NA
295,18,string-lengths-backwards,tourney,FALSE,10,elitize_generation_data,294,6,0.094,NA
296,18,string-lengths-backwards,tourney,FALSE,10,elitize_generation_data,295,6,0.088,NA
297,18,string-lengths-backwards,tourney,FALSE,10,elitize_generation_data,296,3,0.089,NA
298,18,string-lengths-backwards,tourney,FALSE,10,elitize_generation_data,297,6,0.085,NA
299,18,string-lengths-backwards,tourney,FALSE,10,elitize_generation_data,298,4,0.082,NA
300,18,string-lengths-backwards,tourney,FALSE,10,elitize_generation_data,299,4,0.095,NA
301,18,string-lengths-backwards,tourney,FALSE,10,elitize_generation_data,300,4,0.082,NA
