,run.num,problem,treatment,succeeded,height,normalization.function,generation,cluster.count,error.diversity,success.generation
1,42,string-lengths-backwards,tourney,FALSE,10,elitize_generation_data,0,7,0.261,NA
2,42,string-lengths-backwards,tourney,FALSE,10,elitize_generation_data,1,9,0.137,NA
3,42,string-lengths-backwards,tourney,FALSE,10,elitize_generation_data,2,8,0.226,NA
4,42,string-lengths-backwards,tourney,FALSE,10,elitize_generation_data,3,11,0.218,NA
5,42,string-lengths-backwards,tourney,FALSE,10,elitize_generation_data,4,14,0.128,NA
6,42,string-lengths-backwards,tourney,FALSE,10,elitize_generation_data,5,13,0.156,NA
7,42,string-lengths-backwards,tourney,FALSE,10,elitize_generation_data,6,14,0.259,NA
8,42,string-lengths-backwards,tourney,FALSE,10,elitize_generation_data,7,21,0.317,NA
9,42,string-lengths-backwards,tourney,FALSE,10,elitize_generation_data,8,20,0.342,NA
10,42,string-lengths-backwards,tourney,FALSE,10,elitize_generation_data,9,20,0.309,NA
11,42,string-lengths-backwards,tourney,FALSE,10,elitize_generation_data,10,20,0.273,NA
12,42,string-lengths-backwards,tourney,FALSE,10,elitize_generation_data,11,24,0.186,NA
13,42,string-lengths-backwards,tourney,FALSE,10,elitize_generation_data,12,18,0.208,NA
14,42,string-lengths-backwards,tourney,FALSE,10,elitize_generation_data,13,23,0.244,NA
15,42,string-lengths-backwards,tourney,FALSE,10,elitize_generation_data,14,19,0.231,NA
16,42,string-lengths-backwards,tourney,FALSE,10,elitize_generation_data,15,18,0.24,NA
17,42,string-lengths-backwards,tourney,FALSE,10,elitize_generation_data,16,16,0.264,NA
18,42,string-lengths-backwards,tourney,FALSE,10,elitize_generation_data,17,8,0.387,NA
19,42,string-lengths-backwards,tourney,FALSE,10,elitize_generation_data,18,20,0.429,NA
20,42,string-lengths-backwards,tourney,FALSE,10,elitize_generation_data,19,15,0.441,NA
21,42,string-lengths-backwards,tourney,FALSE,10,elitize_generation_data,20,12,0.413,NA
22,42,string-lengths-backwards,tourney,FALSE,10,elitize_generation_data,21,15,0.424,NA
23,42,string-lengths-backwards,tourney,FALSE,10,elitize_generation_data,22,18,0.434,NA
24,42,string-lengths-backwards,tourney,FALSE,10,elitize_generation_data,23,19,0.432,NA
25,42,string-lengths-backwards,tourney,FALSE,10,elitize_generation_data,24,20,0.462,NA
26,42,string-lengths-backwards,tourney,FALSE,10,elitize_generation_data,25,22,0.456,NA
27,42,string-lengths-backwards,tourney,FALSE,10,elitize_generation_data,26,19,0.533,NA
28,42,string-lengths-backwards,tourney,FALSE,10,elitize_generation_data,27,21,0.563,NA
29,42,string-lengths-backwards,tourney,FALSE,10,elitize_generation_data,28,22,0.594,NA
30,42,string-lengths-backwards,tourney,FALSE,10,elitize_generation_data,29,22,0.645,NA
31,42,string-lengths-backwards,tourney,FALSE,10,elitize_generation_data,30,23,0.642,NA
32,42,string-lengths-backwards,tourney,FALSE,10,elitize_generation_data,31,25,0.626,NA
33,42,string-lengths-backwards,tourney,FALSE,10,elitize_generation_data,32,23,0.621,NA
34,42,string-lengths-backwards,tourney,FALSE,10,elitize_generation_data,33,20,0.638,NA
35,42,string-lengths-backwards,tourney,FALSE,10,elitize_generation_data,34,19,0.623,NA
36,42,string-lengths-backwards,tourney,FALSE,10,elitize_generation_data,35,25,0.617,NA
37,42,string-lengths-backwards,tourney,FALSE,10,elitize_generation_data,36,22,0.625,NA
38,42,string-lengths-backwards,tourney,FALSE,10,elitize_generation_data,37,22,0.615,NA
39,42,string-lengths-backwards,tourney,FALSE,10,elitize_generation_data,38,29,0.644,NA
40,42,string-lengths-backwards,tourney,FALSE,10,elitize_generation_data,39,21,0.669,NA
41,42,string-lengths-backwards,tourney,FALSE,10,elitize_generation_data,40,18,0.669,NA
42,42,string-lengths-backwards,tourney,FALSE,10,elitize_generation_data,41,20,0.702,NA
43,42,string-lengths-backwards,tourney,FALSE,10,elitize_generation_data,42,20,0.658,NA
44,42,string-lengths-backwards,tourney,FALSE,10,elitize_generation_data,43,20,0.663,NA
45,42,string-lengths-backwards,tourney,FALSE,10,elitize_generation_data,44,18,0.618,NA
46,42,string-lengths-backwards,tourney,FALSE,10,elitize_generation_data,45,22,0.616,NA
47,42,string-lengths-backwards,tourney,FALSE,10,elitize_generation_data,46,13,0.618,NA
48,42,string-lengths-backwards,tourney,FALSE,10,elitize_generation_data,47,12,0.626,NA
49,42,string-lengths-backwards,tourney,FALSE,10,elitize_generation_data,48,12,0.608,NA
50,42,string-lengths-backwards,tourney,FALSE,10,elitize_generation_data,49,13,0.577,NA
51,42,string-lengths-backwards,tourney,FALSE,10,elitize_generation_data,50,15,0.565,NA
52,42,string-lengths-backwards,tourney,FALSE,10,elitize_generation_data,51,15,0.568,NA
53,42,string-lengths-backwards,tourney,FALSE,10,elitize_generation_data,52,21,0.575,NA
54,42,string-lengths-backwards,tourney,FALSE,10,elitize_generation_data,53,16,0.544,NA
55,42,string-lengths-backwards,tourney,FALSE,10,elitize_generation_data,54,17,0.53,NA
56,42,string-lengths-backwards,tourney,FALSE,10,elitize_generation_data,55,17,0.576,NA
57,42,string-lengths-backwards,tourney,FALSE,10,elitize_generation_data,56,20,0.578,NA
58,42,string-lengths-backwards,tourney,FALSE,10,elitize_generation_data,57,14,0.568,NA
59,42,string-lengths-backwards,tourney,FALSE,10,elitize_generation_data,58,18,0.542,NA
60,42,string-lengths-backwards,tourney,FALSE,10,elitize_generation_data,59,15,0.525,NA
61,42,string-lengths-backwards,tourney,FALSE,10,elitize_generation_data,60,15,0.533,NA
62,42,string-lengths-backwards,tourney,FALSE,10,elitize_generation_data,61,14,0.554,NA
63,42,string-lengths-backwards,tourney,FALSE,10,elitize_generation_data,62,11,0.5,NA
64,42,string-lengths-backwards,tourney,FALSE,10,elitize_generation_data,63,16,0.561,NA
65,42,string-lengths-backwards,tourney,FALSE,10,elitize_generation_data,64,13,0.563,NA
66,42,string-lengths-backwards,tourney,FALSE,10,elitize_generation_data,65,14,0.544,NA
67,42,string-lengths-backwards,tourney,FALSE,10,elitize_generation_data,66,12,0.562,NA
68,42,string-lengths-backwards,tourney,FALSE,10,elitize_generation_data,67,11,0.539,NA
69,42,string-lengths-backwards,tourney,FALSE,10,elitize_generation_data,68,12,0.579,NA
70,42,string-lengths-backwards,tourney,FALSE,10,elitize_generation_data,69,15,0.544,NA
71,42,string-lengths-backwards,tourney,FALSE,10,elitize_generation_data,70,19,0.543,NA
72,42,string-lengths-backwards,tourney,FALSE,10,elitize_generation_data,71,21,0.557,NA
73,42,string-lengths-backwards,tourney,FALSE,10,elitize_generation_data,72,21,0.581,NA
74,42,string-lengths-backwards,tourney,FALSE,10,elitize_generation_data,73,9,0.637,NA
75,42,string-lengths-backwards,tourney,FALSE,10,elitize_generation_data,74,17,0.642,NA
76,42,string-lengths-backwards,tourney,FALSE,10,elitize_generation_data,75,16,0.635,NA
77,42,string-lengths-backwards,tourney,FALSE,10,elitize_generation_data,76,18,0.614,NA
78,42,string-lengths-backwards,tourney,FALSE,10,elitize_generation_data,77,14,0.632,NA
79,42,string-lengths-backwards,tourney,FALSE,10,elitize_generation_data,78,10,0.656,NA
80,42,string-lengths-backwards,tourney,FALSE,10,elitize_generation_data,79,8,0.657,NA
81,42,string-lengths-backwards,tourney,FALSE,10,elitize_generation_data,80,7,0.672,NA
82,42,string-lengths-backwards,tourney,FALSE,10,elitize_generation_data,81,7,0.667,NA
83,42,string-lengths-backwards,tourney,FALSE,10,elitize_generation_data,82,16,0.633,NA
84,42,string-lengths-backwards,tourney,FALSE,10,elitize_generation_data,83,18,0.637,NA
85,42,string-lengths-backwards,tourney,FALSE,10,elitize_generation_data,84,13,0.645,NA
86,42,string-lengths-backwards,tourney,FALSE,10,elitize_generation_data,85,19,0.621,NA
87,42,string-lengths-backwards,tourney,FALSE,10,elitize_generation_data,86,20,0.617,NA
88,42,string-lengths-backwards,tourney,FALSE,10,elitize_generation_data,87,15,0.602,NA
89,42,string-lengths-backwards,tourney,FALSE,10,elitize_generation_data,88,22,0.656,NA
90,42,string-lengths-backwards,tourney,FALSE,10,elitize_generation_data,89,11,0.678,NA
91,42,string-lengths-backwards,tourney,FALSE,10,elitize_generation_data,90,12,0.665,NA
92,42,string-lengths-backwards,tourney,FALSE,10,elitize_generation_data,91,15,0.681,NA
93,42,string-lengths-backwards,tourney,FALSE,10,elitize_generation_data,92,18,0.678,NA
94,42,string-lengths-backwards,tourney,FALSE,10,elitize_generation_data,93,9,0.693,NA
95,42,string-lengths-backwards,tourney,FALSE,10,elitize_generation_data,94,13,0.709,NA
96,42,string-lengths-backwards,tourney,FALSE,10,elitize_generation_data,95,14,0.696,NA
97,42,string-lengths-backwards,tourney,FALSE,10,elitize_generation_data,96,10,0.663,NA
98,42,string-lengths-backwards,tourney,FALSE,10,elitize_generation_data,97,15,0.666,NA
99,42,string-lengths-backwards,tourney,FALSE,10,elitize_generation_data,98,12,0.682,NA
100,42,string-lengths-backwards,tourney,FALSE,10,elitize_generation_data,99,13,0.646,NA
101,42,string-lengths-backwards,tourney,FALSE,10,elitize_generation_data,100,20,0.635,NA
102,42,string-lengths-backwards,tourney,FALSE,10,elitize_generation_data,101,15,0.646,NA
103,42,string-lengths-backwards,tourney,FALSE,10,elitize_generation_data,102,15,0.624,NA
104,42,string-lengths-backwards,tourney,FALSE,10,elitize_generation_data,103,10,0.57,NA
105,42,string-lengths-backwards,tourney,FALSE,10,elitize_generation_data,104,12,0.623,NA
106,42,string-lengths-backwards,tourney,FALSE,10,elitize_generation_data,105,10,0.631,NA
107,42,string-lengths-backwards,tourney,FALSE,10,elitize_generation_data,106,11,0.618,NA
108,42,string-lengths-backwards,tourney,FALSE,10,elitize_generation_data,107,14,0.642,NA
109,42,string-lengths-backwards,tourney,FALSE,10,elitize_generation_data,108,14,0.642,NA
110,42,string-lengths-backwards,tourney,FALSE,10,elitize_generation_data,109,7,0.614,NA
111,42,string-lengths-backwards,tourney,FALSE,10,elitize_generation_data,110,8,0.634,NA
112,42,string-lengths-backwards,tourney,FALSE,10,elitize_generation_data,111,10,0.649,NA
113,42,string-lengths-backwards,tourney,FALSE,10,elitize_generation_data,112,8,0.687,NA
114,42,string-lengths-backwards,tourney,FALSE,10,elitize_generation_data,113,10,0.635,NA
115,42,string-lengths-backwards,tourney,FALSE,10,elitize_generation_data,114,13,0.651,NA
116,42,string-lengths-backwards,tourney,FALSE,10,elitize_generation_data,115,10,0.646,NA
117,42,string-lengths-backwards,tourney,FALSE,10,elitize_generation_data,116,12,0.66,NA
118,42,string-lengths-backwards,tourney,FALSE,10,elitize_generation_data,117,14,0.681,NA
119,42,string-lengths-backwards,tourney,FALSE,10,elitize_generation_data,118,13,0.678,NA
120,42,string-lengths-backwards,tourney,FALSE,10,elitize_generation_data,119,12,0.721,NA
121,42,string-lengths-backwards,tourney,FALSE,10,elitize_generation_data,120,11,0.707,NA
122,42,string-lengths-backwards,tourney,FALSE,10,elitize_generation_data,121,17,0.696,NA
123,42,string-lengths-backwards,tourney,FALSE,10,elitize_generation_data,122,16,0.713,NA
124,42,string-lengths-backwards,tourney,FALSE,10,elitize_generation_data,123,10,0.686,NA
125,42,string-lengths-backwards,tourney,FALSE,10,elitize_generation_data,124,12,0.679,NA
126,42,string-lengths-backwards,tourney,FALSE,10,elitize_generation_data,125,10,0.654,NA
127,42,string-lengths-backwards,tourney,FALSE,10,elitize_generation_data,126,13,0.676,NA
128,42,string-lengths-backwards,tourney,FALSE,10,elitize_generation_data,127,12,0.604,NA
129,42,string-lengths-backwards,tourney,FALSE,10,elitize_generation_data,128,15,0.661,NA
130,42,string-lengths-backwards,tourney,FALSE,10,elitize_generation_data,129,11,0.65,NA
131,42,string-lengths-backwards,tourney,FALSE,10,elitize_generation_data,130,16,0.677,NA
132,42,string-lengths-backwards,tourney,FALSE,10,elitize_generation_data,131,15,0.656,NA
133,42,string-lengths-backwards,tourney,FALSE,10,elitize_generation_data,132,15,0.648,NA
134,42,string-lengths-backwards,tourney,FALSE,10,elitize_generation_data,133,12,0.664,NA
135,42,string-lengths-backwards,tourney,FALSE,10,elitize_generation_data,134,13,0.69,NA
136,42,string-lengths-backwards,tourney,FALSE,10,elitize_generation_data,135,13,0.683,NA
137,42,string-lengths-backwards,tourney,FALSE,10,elitize_generation_data,136,14,0.675,NA
138,42,string-lengths-backwards,tourney,FALSE,10,elitize_generation_data,137,14,0.67,NA
139,42,string-lengths-backwards,tourney,FALSE,10,elitize_generation_data,138,13,0.65,NA
140,42,string-lengths-backwards,tourney,FALSE,10,elitize_generation_data,139,14,0.659,NA
141,42,string-lengths-backwards,tourney,FALSE,10,elitize_generation_data,140,14,0.633,NA
142,42,string-lengths-backwards,tourney,FALSE,10,elitize_generation_data,141,13,0.664,NA
143,42,string-lengths-backwards,tourney,FALSE,10,elitize_generation_data,142,12,0.659,NA
144,42,string-lengths-backwards,tourney,FALSE,10,elitize_generation_data,143,13,0.669,NA
145,42,string-lengths-backwards,tourney,FALSE,10,elitize_generation_data,144,13,0.688,NA
146,42,string-lengths-backwards,tourney,FALSE,10,elitize_generation_data,145,10,0.645,NA
147,42,string-lengths-backwards,tourney,FALSE,10,elitize_generation_data,146,13,0.656,NA
148,42,string-lengths-backwards,tourney,FALSE,10,elitize_generation_data,147,14,0.654,NA
149,42,string-lengths-backwards,tourney,FALSE,10,elitize_generation_data,148,13,0.638,NA
150,42,string-lengths-backwards,tourney,FALSE,10,elitize_generation_data,149,18,0.65,NA
151,42,string-lengths-backwards,tourney,FALSE,10,elitize_generation_data,150,17,0.677,NA
152,42,string-lengths-backwards,tourney,FALSE,10,elitize_generation_data,151,19,0.673,NA
153,42,string-lengths-backwards,tourney,FALSE,10,elitize_generation_data,152,24,0.693,NA
154,42,string-lengths-backwards,tourney,FALSE,10,elitize_generation_data,153,23,0.728,NA
155,42,string-lengths-backwards,tourney,FALSE,10,elitize_generation_data,154,21,0.719,NA
156,42,string-lengths-backwards,tourney,FALSE,10,elitize_generation_data,155,29,0.699,NA
157,42,string-lengths-backwards,tourney,FALSE,10,elitize_generation_data,156,21,0.711,NA
158,42,string-lengths-backwards,tourney,FALSE,10,elitize_generation_data,157,22,0.703,NA
159,42,string-lengths-backwards,tourney,FALSE,10,elitize_generation_data,158,26,0.683,NA
160,42,string-lengths-backwards,tourney,FALSE,10,elitize_generation_data,159,18,0.723,NA
161,42,string-lengths-backwards,tourney,FALSE,10,elitize_generation_data,160,19,0.698,NA
162,42,string-lengths-backwards,tourney,FALSE,10,elitize_generation_data,161,26,0.7,NA
163,42,string-lengths-backwards,tourney,FALSE,10,elitize_generation_data,162,22,0.698,NA
164,42,string-lengths-backwards,tourney,FALSE,10,elitize_generation_data,163,22,0.724,NA
165,42,string-lengths-backwards,tourney,FALSE,10,elitize_generation_data,164,27,0.704,NA
166,42,string-lengths-backwards,tourney,FALSE,10,elitize_generation_data,165,21,0.691,NA
167,42,string-lengths-backwards,tourney,FALSE,10,elitize_generation_data,166,19,0.666,NA
168,42,string-lengths-backwards,tourney,FALSE,10,elitize_generation_data,167,20,0.67,NA
169,42,string-lengths-backwards,tourney,FALSE,10,elitize_generation_data,168,15,0.65,NA
170,42,string-lengths-backwards,tourney,FALSE,10,elitize_generation_data,169,19,0.668,NA
171,42,string-lengths-backwards,tourney,FALSE,10,elitize_generation_data,170,17,0.658,NA
172,42,string-lengths-backwards,tourney,FALSE,10,elitize_generation_data,171,19,0.632,NA
173,42,string-lengths-backwards,tourney,FALSE,10,elitize_generation_data,172,22,0.659,NA
174,42,string-lengths-backwards,tourney,FALSE,10,elitize_generation_data,173,18,0.678,NA
175,42,string-lengths-backwards,tourney,FALSE,10,elitize_generation_data,174,23,0.656,NA
176,42,string-lengths-backwards,tourney,FALSE,10,elitize_generation_data,175,18,0.671,NA
177,42,string-lengths-backwards,tourney,FALSE,10,elitize_generation_data,176,16,0.694,NA
178,42,string-lengths-backwards,tourney,FALSE,10,elitize_generation_data,177,20,0.663,NA
179,42,string-lengths-backwards,tourney,FALSE,10,elitize_generation_data,178,16,0.682,NA
180,42,string-lengths-backwards,tourney,FALSE,10,elitize_generation_data,179,19,0.659,NA
181,42,string-lengths-backwards,tourney,FALSE,10,elitize_generation_data,180,21,0.662,NA
182,42,string-lengths-backwards,tourney,FALSE,10,elitize_generation_data,181,17,0.662,NA
183,42,string-lengths-backwards,tourney,FALSE,10,elitize_generation_data,182,22,0.637,NA
184,42,string-lengths-backwards,tourney,FALSE,10,elitize_generation_data,183,22,0.652,NA
185,42,string-lengths-backwards,tourney,FALSE,10,elitize_generation_data,184,17,0.632,NA
186,42,string-lengths-backwards,tourney,FALSE,10,elitize_generation_data,185,24,0.628,NA
187,42,string-lengths-backwards,tourney,FALSE,10,elitize_generation_data,186,14,0.667,NA
188,42,string-lengths-backwards,tourney,FALSE,10,elitize_generation_data,187,20,0.671,NA
189,42,string-lengths-backwards,tourney,FALSE,10,elitize_generation_data,188,24,0.668,NA
190,42,string-lengths-backwards,tourney,FALSE,10,elitize_generation_data,189,20,0.646,NA
191,42,string-lengths-backwards,tourney,FALSE,10,elitize_generation_data,190,17,0.622,NA
192,42,string-lengths-backwards,tourney,FALSE,10,elitize_generation_data,191,19,0.648,NA
193,42,string-lengths-backwards,tourney,FALSE,10,elitize_generation_data,192,19,0.645,NA
194,42,string-lengths-backwards,tourney,FALSE,10,elitize_generation_data,193,15,0.628,NA
195,42,string-lengths-backwards,tourney,FALSE,10,elitize_generation_data,194,16,0.604,NA
196,42,string-lengths-backwards,tourney,FALSE,10,elitize_generation_data,195,18,0.632,NA
197,42,string-lengths-backwards,tourney,FALSE,10,elitize_generation_data,196,17,0.626,NA
198,42,string-lengths-backwards,tourney,FALSE,10,elitize_generation_data,197,17,0.613,NA
199,42,string-lengths-backwards,tourney,FALSE,10,elitize_generation_data,198,18,0.613,NA
200,42,string-lengths-backwards,tourney,FALSE,10,elitize_generation_data,199,17,0.623,NA
201,42,string-lengths-backwards,tourney,FALSE,10,elitize_generation_data,200,12,0.588,NA
202,42,string-lengths-backwards,tourney,FALSE,10,elitize_generation_data,201,15,0.633,NA
203,42,string-lengths-backwards,tourney,FALSE,10,elitize_generation_data,202,11,0.622,NA
204,42,string-lengths-backwards,tourney,FALSE,10,elitize_generation_data,203,11,0.604,NA
205,42,string-lengths-backwards,tourney,FALSE,10,elitize_generation_data,204,14,0.628,NA
206,42,string-lengths-backwards,tourney,FALSE,10,elitize_generation_data,205,13,0.591,NA
207,42,string-lengths-backwards,tourney,FALSE,10,elitize_generation_data,206,12,0.624,NA
208,42,string-lengths-backwards,tourney,FALSE,10,elitize_generation_data,207,12,0.633,NA
209,42,string-lengths-backwards,tourney,FALSE,10,elitize_generation_data,208,14,0.666,NA
210,42,string-lengths-backwards,tourney,FALSE,10,elitize_generation_data,209,16,0.692,NA
211,42,string-lengths-backwards,tourney,FALSE,10,elitize_generation_data,210,16,0.698,NA
212,42,string-lengths-backwards,tourney,FALSE,10,elitize_generation_data,211,11,0.705,NA
213,42,string-lengths-backwards,tourney,FALSE,10,elitize_generation_data,212,9,0.712,NA
214,42,string-lengths-backwards,tourney,FALSE,10,elitize_generation_data,213,9,0.724,NA
215,42,string-lengths-backwards,tourney,FALSE,10,elitize_generation_data,214,10,0.736,NA
216,42,string-lengths-backwards,tourney,FALSE,10,elitize_generation_data,215,10,0.756,NA
217,42,string-lengths-backwards,tourney,FALSE,10,elitize_generation_data,216,13,0.794,NA
218,42,string-lengths-backwards,tourney,FALSE,10,elitize_generation_data,217,14,0.783,NA
219,42,string-lengths-backwards,tourney,FALSE,10,elitize_generation_data,218,16,0.763,NA
220,42,string-lengths-backwards,tourney,FALSE,10,elitize_generation_data,219,13,0.788,NA
221,42,string-lengths-backwards,tourney,FALSE,10,elitize_generation_data,220,17,0.781,NA
222,42,string-lengths-backwards,tourney,FALSE,10,elitize_generation_data,221,11,0.771,NA
223,42,string-lengths-backwards,tourney,FALSE,10,elitize_generation_data,222,13,0.733,NA
224,42,string-lengths-backwards,tourney,FALSE,10,elitize_generation_data,223,17,0.729,NA
225,42,string-lengths-backwards,tourney,FALSE,10,elitize_generation_data,224,11,0.72,NA
226,42,string-lengths-backwards,tourney,FALSE,10,elitize_generation_data,225,11,0.714,NA
227,42,string-lengths-backwards,tourney,FALSE,10,elitize_generation_data,226,15,0.68,NA
228,42,string-lengths-backwards,tourney,FALSE,10,elitize_generation_data,227,12,0.667,NA
229,42,string-lengths-backwards,tourney,FALSE,10,elitize_generation_data,228,11,0.649,NA
230,42,string-lengths-backwards,tourney,FALSE,10,elitize_generation_data,229,9,0.671,NA
231,42,string-lengths-backwards,tourney,FALSE,10,elitize_generation_data,230,11,0.676,NA
232,42,string-lengths-backwards,tourney,FALSE,10,elitize_generation_data,231,14,0.663,NA
233,42,string-lengths-backwards,tourney,FALSE,10,elitize_generation_data,232,13,0.66,NA
234,42,string-lengths-backwards,tourney,FALSE,10,elitize_generation_data,233,17,0.667,NA
235,42,string-lengths-backwards,tourney,FALSE,10,elitize_generation_data,234,14,0.683,NA
236,42,string-lengths-backwards,tourney,FALSE,10,elitize_generation_data,235,13,0.674,NA
237,42,string-lengths-backwards,tourney,FALSE,10,elitize_generation_data,236,15,0.668,NA
238,42,string-lengths-backwards,tourney,FALSE,10,elitize_generation_data,237,10,0.661,NA
239,42,string-lengths-backwards,tourney,FALSE,10,elitize_generation_data,238,12,0.686,NA
240,42,string-lengths-backwards,tourney,FALSE,10,elitize_generation_data,239,11,0.657,NA
241,42,string-lengths-backwards,tourney,FALSE,10,elitize_generation_data,240,11,0.669,NA
242,42,string-lengths-backwards,tourney,FALSE,10,elitize_generation_data,241,11,0.68,NA
243,42,string-lengths-backwards,tourney,FALSE,10,elitize_generation_data,242,14,0.646,NA
244,42,string-lengths-backwards,tourney,FALSE,10,elitize_generation_data,243,16,0.693,NA
245,42,string-lengths-backwards,tourney,FALSE,10,elitize_generation_data,244,14,0.684,NA
246,42,string-lengths-backwards,tourney,FALSE,10,elitize_generation_data,245,5,0.672,NA
247,42,string-lengths-backwards,tourney,FALSE,10,elitize_generation_data,246,4,0.671,NA
248,42,string-lengths-backwards,tourney,FALSE,10,elitize_generation_data,247,8,0.692,NA
249,42,string-lengths-backwards,tourney,FALSE,10,elitize_generation_data,248,9,0.692,NA
250,42,string-lengths-backwards,tourney,FALSE,10,elitize_generation_data,249,10,0.717,NA
251,42,string-lengths-backwards,tourney,FALSE,10,elitize_generation_data,250,8,0.771,NA
252,42,string-lengths-backwards,tourney,FALSE,10,elitize_generation_data,251,8,0.76,NA
253,42,string-lengths-backwards,tourney,FALSE,10,elitize_generation_data,252,7,0.689,NA
254,42,string-lengths-backwards,tourney,FALSE,10,elitize_generation_data,253,9,0.637,NA
255,42,string-lengths-backwards,tourney,FALSE,10,elitize_generation_data,254,6,0.655,NA
256,42,string-lengths-backwards,tourney,FALSE,10,elitize_generation_data,255,7,0.718,NA
257,42,string-lengths-backwards,tourney,FALSE,10,elitize_generation_data,256,2,0.735,NA
258,42,string-lengths-backwards,tourney,FALSE,10,elitize_generation_data,257,2,0.711,NA
259,42,string-lengths-backwards,tourney,FALSE,10,elitize_generation_data,258,3,0.661,NA
260,42,string-lengths-backwards,tourney,FALSE,10,elitize_generation_data,259,4,0.628,NA
261,42,string-lengths-backwards,tourney,FALSE,10,elitize_generation_data,260,7,0.612,NA
262,42,string-lengths-backwards,tourney,FALSE,10,elitize_generation_data,261,6,0.623,NA
263,42,string-lengths-backwards,tourney,FALSE,10,elitize_generation_data,262,4,0.6,NA
264,42,string-lengths-backwards,tourney,FALSE,10,elitize_generation_data,263,5,0.57,NA
265,42,string-lengths-backwards,tourney,FALSE,10,elitize_generation_data,264,5,0.547,NA
266,42,string-lengths-backwards,tourney,FALSE,10,elitize_generation_data,265,7,0.504,NA
267,42,string-lengths-backwards,tourney,FALSE,10,elitize_generation_data,266,6,0.494,NA
268,42,string-lengths-backwards,tourney,FALSE,10,elitize_generation_data,267,5,0.518,NA
269,42,string-lengths-backwards,tourney,FALSE,10,elitize_generation_data,268,7,0.535,NA
270,42,string-lengths-backwards,tourney,FALSE,10,elitize_generation_data,269,5,0.527,NA
271,42,string-lengths-backwards,tourney,FALSE,10,elitize_generation_data,270,5,0.467,NA
272,42,string-lengths-backwards,tourney,FALSE,10,elitize_generation_data,271,6,0.458,NA
273,42,string-lengths-backwards,tourney,FALSE,10,elitize_generation_data,272,5,0.463,NA
274,42,string-lengths-backwards,tourney,FALSE,10,elitize_generation_data,273,7,0.443,NA
275,42,string-lengths-backwards,tourney,FALSE,10,elitize_generation_data,274,7,0.52,NA
276,42,string-lengths-backwards,tourney,FALSE,10,elitize_generation_data,275,7,0.522,NA
277,42,string-lengths-backwards,tourney,FALSE,10,elitize_generation_data,276,8,0.509,NA
278,42,string-lengths-backwards,tourney,FALSE,10,elitize_generation_data,277,9,0.448,NA
279,42,string-lengths-backwards,tourney,FALSE,10,elitize_generation_data,278,6,0.427,NA
280,42,string-lengths-backwards,tourney,FALSE,10,elitize_generation_data,279,10,0.416,NA
281,42,string-lengths-backwards,tourney,FALSE,10,elitize_generation_data,280,6,0.408,NA
282,42,string-lengths-backwards,tourney,FALSE,10,elitize_generation_data,281,6,0.358,NA
283,42,string-lengths-backwards,tourney,FALSE,10,elitize_generation_data,282,8,0.316,NA
284,42,string-lengths-backwards,tourney,FALSE,10,elitize_generation_data,283,8,0.284,NA
285,42,string-lengths-backwards,tourney,FALSE,10,elitize_generation_data,284,9,0.277,NA
286,42,string-lengths-backwards,tourney,FALSE,10,elitize_generation_data,285,7,0.268,NA
287,42,string-lengths-backwards,tourney,FALSE,10,elitize_generation_data,286,7,0.241,NA
288,42,string-lengths-backwards,tourney,FALSE,10,elitize_generation_data,287,5,0.236,NA
289,42,string-lengths-backwards,tourney,FALSE,10,elitize_generation_data,288,7,0.243,NA
290,42,string-lengths-backwards,tourney,FALSE,10,elitize_generation_data,289,8,0.229,NA
291,42,string-lengths-backwards,tourney,FALSE,10,elitize_generation_data,290,6,0.18,NA
292,42,string-lengths-backwards,tourney,FALSE,10,elitize_generation_data,291,6,0.17,NA
293,42,string-lengths-backwards,tourney,FALSE,10,elitize_generation_data,292,5,0.176,NA
294,42,string-lengths-backwards,tourney,FALSE,10,elitize_generation_data,293,5,0.158,NA
295,42,string-lengths-backwards,tourney,FALSE,10,elitize_generation_data,294,4,0.186,NA
296,42,string-lengths-backwards,tourney,FALSE,10,elitize_generation_data,295,4,0.17,NA
297,42,string-lengths-backwards,tourney,FALSE,10,elitize_generation_data,296,4,0.181,NA
298,42,string-lengths-backwards,tourney,FALSE,10,elitize_generation_data,297,4,0.185,NA
299,42,string-lengths-backwards,tourney,FALSE,10,elitize_generation_data,298,5,0.177,NA
300,42,string-lengths-backwards,tourney,FALSE,10,elitize_generation_data,299,5,0.177,NA
301,42,string-lengths-backwards,tourney,FALSE,10,elitize_generation_data,300,4,0.174,NA
