,run.num,problem,treatment,succeeded,height,normalization.function,generation,cluster.count,error.diversity,success.generation
1,3,string-lengths-backwards,tourney,FALSE,10,elitize_generation_data,0,5,0.264,NA
2,3,string-lengths-backwards,tourney,FALSE,10,elitize_generation_data,1,6,0.138,NA
3,3,string-lengths-backwards,tourney,FALSE,10,elitize_generation_data,2,7,0.185,NA
4,3,string-lengths-backwards,tourney,FALSE,10,elitize_generation_data,3,9,0.215,NA
5,3,string-lengths-backwards,tourney,FALSE,10,elitize_generation_data,4,8,0.121,NA
6,3,string-lengths-backwards,tourney,FALSE,10,elitize_generation_data,5,10,0.076,NA
7,3,string-lengths-backwards,tourney,FALSE,10,elitize_generation_data,6,10,0.06,NA
8,3,string-lengths-backwards,tourney,FALSE,10,elitize_generation_data,7,11,0.079,NA
9,3,string-lengths-backwards,tourney,FALSE,10,elitize_generation_data,8,10,0.116,NA
10,3,string-lengths-backwards,tourney,FALSE,10,elitize_generation_data,9,12,0.142,NA
11,3,string-lengths-backwards,tourney,FALSE,10,elitize_generation_data,10,11,0.109,NA
12,3,string-lengths-backwards,tourney,FALSE,10,elitize_generation_data,11,12,0.102,NA
13,3,string-lengths-backwards,tourney,FALSE,10,elitize_generation_data,12,15,0.117,NA
14,3,string-lengths-backwards,tourney,FALSE,10,elitize_generation_data,13,12,0.107,NA
15,3,string-lengths-backwards,tourney,FALSE,10,elitize_generation_data,14,10,0.106,NA
16,3,string-lengths-backwards,tourney,FALSE,10,elitize_generation_data,15,13,0.126,NA
17,3,string-lengths-backwards,tourney,FALSE,10,elitize_generation_data,16,10,0.151,NA
18,3,string-lengths-backwards,tourney,FALSE,10,elitize_generation_data,17,9,0.161,NA
19,3,string-lengths-backwards,tourney,FALSE,10,elitize_generation_data,18,9,0.189,NA
20,3,string-lengths-backwards,tourney,FALSE,10,elitize_generation_data,19,8,0.207,NA
21,3,string-lengths-backwards,tourney,FALSE,10,elitize_generation_data,20,10,0.193,NA
22,3,string-lengths-backwards,tourney,FALSE,10,elitize_generation_data,21,8,0.241,NA
23,3,string-lengths-backwards,tourney,FALSE,10,elitize_generation_data,22,7,0.275,NA
24,3,string-lengths-backwards,tourney,FALSE,10,elitize_generation_data,23,9,0.315,NA
25,3,string-lengths-backwards,tourney,FALSE,10,elitize_generation_data,24,9,0.376,NA
26,3,string-lengths-backwards,tourney,FALSE,10,elitize_generation_data,25,7,0.5,NA
27,3,string-lengths-backwards,tourney,FALSE,10,elitize_generation_data,26,3,0.574,NA
28,3,string-lengths-backwards,tourney,FALSE,10,elitize_generation_data,27,3,0.63,NA
29,3,string-lengths-backwards,tourney,FALSE,10,elitize_generation_data,28,4,0.694,NA
30,3,string-lengths-backwards,tourney,FALSE,10,elitize_generation_data,29,4,0.779,NA
31,3,string-lengths-backwards,tourney,FALSE,10,elitize_generation_data,30,4,0.832,NA
32,3,string-lengths-backwards,tourney,FALSE,10,elitize_generation_data,31,4,0.89,NA
33,3,string-lengths-backwards,tourney,FALSE,10,elitize_generation_data,32,2,0.884,NA
34,3,string-lengths-backwards,tourney,FALSE,10,elitize_generation_data,33,3,0.905,NA
35,3,string-lengths-backwards,tourney,FALSE,10,elitize_generation_data,34,4,0.908,NA
36,3,string-lengths-backwards,tourney,FALSE,10,elitize_generation_data,35,3,0.902,NA
37,3,string-lengths-backwards,tourney,FALSE,10,elitize_generation_data,36,2,0.912,NA
38,3,string-lengths-backwards,tourney,FALSE,10,elitize_generation_data,37,4,0.925,NA
39,3,string-lengths-backwards,tourney,FALSE,10,elitize_generation_data,38,3,0.891,NA
40,3,string-lengths-backwards,tourney,FALSE,10,elitize_generation_data,39,3,0.887,NA
41,3,string-lengths-backwards,tourney,FALSE,10,elitize_generation_data,40,3,0.857,NA
42,3,string-lengths-backwards,tourney,FALSE,10,elitize_generation_data,41,6,0.853,NA
43,3,string-lengths-backwards,tourney,FALSE,10,elitize_generation_data,42,3,0.857,NA
44,3,string-lengths-backwards,tourney,FALSE,10,elitize_generation_data,43,2,0.877,NA
45,3,string-lengths-backwards,tourney,FALSE,10,elitize_generation_data,44,5,0.858,NA
46,3,string-lengths-backwards,tourney,FALSE,10,elitize_generation_data,45,4,0.857,NA
47,3,string-lengths-backwards,tourney,FALSE,10,elitize_generation_data,46,3,0.846,NA
48,3,string-lengths-backwards,tourney,FALSE,10,elitize_generation_data,47,2,0.853,NA
49,3,string-lengths-backwards,tourney,FALSE,10,elitize_generation_data,48,3,0.848,NA
50,3,string-lengths-backwards,tourney,FALSE,10,elitize_generation_data,49,3,0.857,NA
51,3,string-lengths-backwards,tourney,FALSE,10,elitize_generation_data,50,2,0.831,NA
52,3,string-lengths-backwards,tourney,FALSE,10,elitize_generation_data,51,3,0.774,NA
53,3,string-lengths-backwards,tourney,FALSE,10,elitize_generation_data,52,1,0.745,NA
54,3,string-lengths-backwards,tourney,FALSE,10,elitize_generation_data,53,3,0.714,NA
55,3,string-lengths-backwards,tourney,FALSE,10,elitize_generation_data,54,2,0.693,NA
56,3,string-lengths-backwards,tourney,FALSE,10,elitize_generation_data,55,3,0.702,NA
57,3,string-lengths-backwards,tourney,FALSE,10,elitize_generation_data,56,3,0.696,NA
58,3,string-lengths-backwards,tourney,FALSE,10,elitize_generation_data,57,3,0.704,NA
59,3,string-lengths-backwards,tourney,FALSE,10,elitize_generation_data,58,3,0.7,NA
60,3,string-lengths-backwards,tourney,FALSE,10,elitize_generation_data,59,2,0.735,NA
61,3,string-lengths-backwards,tourney,FALSE,10,elitize_generation_data,60,2,0.749,NA
62,3,string-lengths-backwards,tourney,FALSE,10,elitize_generation_data,61,2,0.758,NA
63,3,string-lengths-backwards,tourney,FALSE,10,elitize_generation_data,62,3,0.796,NA
64,3,string-lengths-backwards,tourney,FALSE,10,elitize_generation_data,63,2,0.869,NA
65,3,string-lengths-backwards,tourney,FALSE,10,elitize_generation_data,64,2,0.896,NA
66,3,string-lengths-backwards,tourney,FALSE,10,elitize_generation_data,65,2,0.883,NA
67,3,string-lengths-backwards,tourney,FALSE,10,elitize_generation_data,66,5,0.807,NA
68,3,string-lengths-backwards,tourney,FALSE,10,elitize_generation_data,67,3,0.748,NA
69,3,string-lengths-backwards,tourney,FALSE,10,elitize_generation_data,68,5,0.744,NA
70,3,string-lengths-backwards,tourney,FALSE,10,elitize_generation_data,69,6,0.725,NA
71,3,string-lengths-backwards,tourney,FALSE,10,elitize_generation_data,70,8,0.68,NA
72,3,string-lengths-backwards,tourney,FALSE,10,elitize_generation_data,71,6,0.674,NA
73,3,string-lengths-backwards,tourney,FALSE,10,elitize_generation_data,72,7,0.642,NA
74,3,string-lengths-backwards,tourney,FALSE,10,elitize_generation_data,73,9,0.617,NA
75,3,string-lengths-backwards,tourney,FALSE,10,elitize_generation_data,74,7,0.637,NA
76,3,string-lengths-backwards,tourney,FALSE,10,elitize_generation_data,75,11,0.651,NA
77,3,string-lengths-backwards,tourney,FALSE,10,elitize_generation_data,76,8,0.64,NA
78,3,string-lengths-backwards,tourney,FALSE,10,elitize_generation_data,77,7,0.625,NA
79,3,string-lengths-backwards,tourney,FALSE,10,elitize_generation_data,78,9,0.639,NA
80,3,string-lengths-backwards,tourney,FALSE,10,elitize_generation_data,79,6,0.605,NA
81,3,string-lengths-backwards,tourney,FALSE,10,elitize_generation_data,80,8,0.643,NA
82,3,string-lengths-backwards,tourney,FALSE,10,elitize_generation_data,81,12,0.619,NA
83,3,string-lengths-backwards,tourney,FALSE,10,elitize_generation_data,82,8,0.668,NA
84,3,string-lengths-backwards,tourney,FALSE,10,elitize_generation_data,83,7,0.643,NA
85,3,string-lengths-backwards,tourney,FALSE,10,elitize_generation_data,84,9,0.627,NA
86,3,string-lengths-backwards,tourney,FALSE,10,elitize_generation_data,85,8,0.646,NA
87,3,string-lengths-backwards,tourney,FALSE,10,elitize_generation_data,86,9,0.653,NA
88,3,string-lengths-backwards,tourney,FALSE,10,elitize_generation_data,87,5,0.627,NA
89,3,string-lengths-backwards,tourney,FALSE,10,elitize_generation_data,88,8,0.619,NA
90,3,string-lengths-backwards,tourney,FALSE,10,elitize_generation_data,89,8,0.629,NA
91,3,string-lengths-backwards,tourney,FALSE,10,elitize_generation_data,90,8,0.648,NA
92,3,string-lengths-backwards,tourney,FALSE,10,elitize_generation_data,91,6,0.678,NA
93,3,string-lengths-backwards,tourney,FALSE,10,elitize_generation_data,92,5,0.666,NA
94,3,string-lengths-backwards,tourney,FALSE,10,elitize_generation_data,93,3,0.714,NA
95,3,string-lengths-backwards,tourney,FALSE,10,elitize_generation_data,94,5,0.711,NA
96,3,string-lengths-backwards,tourney,FALSE,10,elitize_generation_data,95,4,0.743,NA
97,3,string-lengths-backwards,tourney,FALSE,10,elitize_generation_data,96,7,0.73,NA
98,3,string-lengths-backwards,tourney,FALSE,10,elitize_generation_data,97,4,0.748,NA
99,3,string-lengths-backwards,tourney,FALSE,10,elitize_generation_data,98,6,0.725,NA
100,3,string-lengths-backwards,tourney,FALSE,10,elitize_generation_data,99,2,0.738,NA
101,3,string-lengths-backwards,tourney,FALSE,10,elitize_generation_data,100,4,0.748,NA
102,3,string-lengths-backwards,tourney,FALSE,10,elitize_generation_data,101,5,0.754,NA
103,3,string-lengths-backwards,tourney,FALSE,10,elitize_generation_data,102,2,0.751,NA
104,3,string-lengths-backwards,tourney,FALSE,10,elitize_generation_data,103,6,0.779,NA
105,3,string-lengths-backwards,tourney,FALSE,10,elitize_generation_data,104,3,0.742,NA
106,3,string-lengths-backwards,tourney,FALSE,10,elitize_generation_data,105,7,0.723,NA
107,3,string-lengths-backwards,tourney,FALSE,10,elitize_generation_data,106,5,0.714,NA
108,3,string-lengths-backwards,tourney,FALSE,10,elitize_generation_data,107,4,0.713,NA
109,3,string-lengths-backwards,tourney,FALSE,10,elitize_generation_data,108,5,0.698,NA
110,3,string-lengths-backwards,tourney,FALSE,10,elitize_generation_data,109,6,0.683,NA
111,3,string-lengths-backwards,tourney,FALSE,10,elitize_generation_data,110,7,0.712,NA
112,3,string-lengths-backwards,tourney,FALSE,10,elitize_generation_data,111,9,0.726,NA
113,3,string-lengths-backwards,tourney,FALSE,10,elitize_generation_data,112,3,0.729,NA
114,3,string-lengths-backwards,tourney,FALSE,10,elitize_generation_data,113,7,0.775,NA
115,3,string-lengths-backwards,tourney,FALSE,10,elitize_generation_data,114,5,0.793,NA
116,3,string-lengths-backwards,tourney,FALSE,10,elitize_generation_data,115,4,0.839,NA
117,3,string-lengths-backwards,tourney,FALSE,10,elitize_generation_data,116,3,0.852,NA
118,3,string-lengths-backwards,tourney,FALSE,10,elitize_generation_data,117,3,0.845,NA
119,3,string-lengths-backwards,tourney,FALSE,10,elitize_generation_data,118,4,0.87,NA
120,3,string-lengths-backwards,tourney,FALSE,10,elitize_generation_data,119,2,0.874,NA
121,3,string-lengths-backwards,tourney,FALSE,10,elitize_generation_data,120,3,0.872,NA
122,3,string-lengths-backwards,tourney,FALSE,10,elitize_generation_data,121,3,0.874,NA
123,3,string-lengths-backwards,tourney,FALSE,10,elitize_generation_data,122,3,0.858,NA
124,3,string-lengths-backwards,tourney,FALSE,10,elitize_generation_data,123,1,0.868,NA
125,3,string-lengths-backwards,tourney,FALSE,10,elitize_generation_data,124,4,0.91,NA
126,3,string-lengths-backwards,tourney,FALSE,10,elitize_generation_data,125,3,0.918,NA
127,3,string-lengths-backwards,tourney,FALSE,10,elitize_generation_data,126,2,0.931,NA
128,3,string-lengths-backwards,tourney,FALSE,10,elitize_generation_data,127,1,0.931,NA
129,3,string-lengths-backwards,tourney,FALSE,10,elitize_generation_data,128,1,0.935,NA
130,3,string-lengths-backwards,tourney,FALSE,10,elitize_generation_data,129,1,0.948,NA
131,3,string-lengths-backwards,tourney,FALSE,10,elitize_generation_data,130,2,0.935,NA
132,3,string-lengths-backwards,tourney,FALSE,10,elitize_generation_data,131,4,0.948,NA
133,3,string-lengths-backwards,tourney,FALSE,10,elitize_generation_data,132,2,0.944,NA
134,3,string-lengths-backwards,tourney,FALSE,10,elitize_generation_data,133,2,0.952,NA
135,3,string-lengths-backwards,tourney,FALSE,10,elitize_generation_data,134,2,0.959,NA
136,3,string-lengths-backwards,tourney,FALSE,10,elitize_generation_data,135,2,0.943,NA
137,3,string-lengths-backwards,tourney,FALSE,10,elitize_generation_data,136,1,0.946,NA
138,3,string-lengths-backwards,tourney,FALSE,10,elitize_generation_data,137,1,0.949,NA
139,3,string-lengths-backwards,tourney,FALSE,10,elitize_generation_data,138,1,0.941,NA
140,3,string-lengths-backwards,tourney,FALSE,10,elitize_generation_data,139,2,0.956,NA
141,3,string-lengths-backwards,tourney,FALSE,10,elitize_generation_data,140,2,0.941,NA
142,3,string-lengths-backwards,tourney,FALSE,10,elitize_generation_data,141,4,0.956,NA
143,3,string-lengths-backwards,tourney,FALSE,10,elitize_generation_data,142,2,0.944,NA
144,3,string-lengths-backwards,tourney,FALSE,10,elitize_generation_data,143,2,0.954,NA
145,3,string-lengths-backwards,tourney,FALSE,10,elitize_generation_data,144,1,0.943,NA
146,3,string-lengths-backwards,tourney,FALSE,10,elitize_generation_data,145,1,0.945,NA
147,3,string-lengths-backwards,tourney,FALSE,10,elitize_generation_data,146,1,0.939,NA
148,3,string-lengths-backwards,tourney,FALSE,10,elitize_generation_data,147,1,0.948,NA
149,3,string-lengths-backwards,tourney,FALSE,10,elitize_generation_data,148,1,0.936,NA
150,3,string-lengths-backwards,tourney,FALSE,10,elitize_generation_data,149,3,0.909,NA
151,3,string-lengths-backwards,tourney,FALSE,10,elitize_generation_data,150,3,0.926,NA
152,3,string-lengths-backwards,tourney,FALSE,10,elitize_generation_data,151,1,0.944,NA
153,3,string-lengths-backwards,tourney,FALSE,10,elitize_generation_data,152,1,0.939,NA
154,3,string-lengths-backwards,tourney,FALSE,10,elitize_generation_data,153,2,0.933,NA
155,3,string-lengths-backwards,tourney,FALSE,10,elitize_generation_data,154,1,0.916,NA
156,3,string-lengths-backwards,tourney,FALSE,10,elitize_generation_data,155,1,0.938,NA
157,3,string-lengths-backwards,tourney,FALSE,10,elitize_generation_data,156,1,0.937,NA
158,3,string-lengths-backwards,tourney,FALSE,10,elitize_generation_data,157,1,0.915,NA
159,3,string-lengths-backwards,tourney,FALSE,10,elitize_generation_data,158,1,0.921,NA
160,3,string-lengths-backwards,tourney,FALSE,10,elitize_generation_data,159,1,0.906,NA
161,3,string-lengths-backwards,tourney,FALSE,10,elitize_generation_data,160,2,0.935,NA
162,3,string-lengths-backwards,tourney,FALSE,10,elitize_generation_data,161,1,0.917,NA
163,3,string-lengths-backwards,tourney,FALSE,10,elitize_generation_data,162,1,0.924,NA
164,3,string-lengths-backwards,tourney,FALSE,10,elitize_generation_data,163,2,0.911,NA
165,3,string-lengths-backwards,tourney,FALSE,10,elitize_generation_data,164,1,0.922,NA
166,3,string-lengths-backwards,tourney,FALSE,10,elitize_generation_data,165,1,0.938,NA
167,3,string-lengths-backwards,tourney,FALSE,10,elitize_generation_data,166,2,0.935,NA
168,3,string-lengths-backwards,tourney,FALSE,10,elitize_generation_data,167,1,0.939,NA
169,3,string-lengths-backwards,tourney,FALSE,10,elitize_generation_data,168,2,0.941,NA
170,3,string-lengths-backwards,tourney,FALSE,10,elitize_generation_data,169,2,0.949,NA
171,3,string-lengths-backwards,tourney,FALSE,10,elitize_generation_data,170,4,0.94,NA
172,3,string-lengths-backwards,tourney,FALSE,10,elitize_generation_data,171,3,0.922,NA
173,3,string-lengths-backwards,tourney,FALSE,10,elitize_generation_data,172,3,0.938,NA
174,3,string-lengths-backwards,tourney,FALSE,10,elitize_generation_data,173,2,0.943,NA
175,3,string-lengths-backwards,tourney,FALSE,10,elitize_generation_data,174,1,0.947,NA
176,3,string-lengths-backwards,tourney,FALSE,10,elitize_generation_data,175,1,0.936,NA
177,3,string-lengths-backwards,tourney,FALSE,10,elitize_generation_data,176,1,0.92,NA
178,3,string-lengths-backwards,tourney,FALSE,10,elitize_generation_data,177,1,0.897,NA
179,3,string-lengths-backwards,tourney,FALSE,10,elitize_generation_data,178,1,0.87,NA
180,3,string-lengths-backwards,tourney,FALSE,10,elitize_generation_data,179,1,0.833,NA
181,3,string-lengths-backwards,tourney,FALSE,10,elitize_generation_data,180,1,0.778,NA
182,3,string-lengths-backwards,tourney,FALSE,10,elitize_generation_data,181,1,0.742,NA
183,3,string-lengths-backwards,tourney,FALSE,10,elitize_generation_data,182,2,0.706,NA
184,3,string-lengths-backwards,tourney,FALSE,10,elitize_generation_data,183,2,0.674,NA
185,3,string-lengths-backwards,tourney,FALSE,10,elitize_generation_data,184,2,0.61,NA
186,3,string-lengths-backwards,tourney,FALSE,10,elitize_generation_data,185,2,0.55,NA
187,3,string-lengths-backwards,tourney,FALSE,10,elitize_generation_data,186,3,0.546,NA
188,3,string-lengths-backwards,tourney,FALSE,10,elitize_generation_data,187,1,0.546,NA
189,3,string-lengths-backwards,tourney,FALSE,10,elitize_generation_data,188,1,0.566,NA
190,3,string-lengths-backwards,tourney,FALSE,10,elitize_generation_data,189,2,0.591,NA
191,3,string-lengths-backwards,tourney,FALSE,10,elitize_generation_data,190,1,0.622,NA
192,3,string-lengths-backwards,tourney,FALSE,10,elitize_generation_data,191,2,0.673,NA
193,3,string-lengths-backwards,tourney,FALSE,10,elitize_generation_data,192,2,0.699,NA
194,3,string-lengths-backwards,tourney,FALSE,10,elitize_generation_data,193,2,0.685,NA
195,3,string-lengths-backwards,tourney,FALSE,10,elitize_generation_data,194,1,0.678,NA
196,3,string-lengths-backwards,tourney,FALSE,10,elitize_generation_data,195,2,0.66,NA
197,3,string-lengths-backwards,tourney,FALSE,10,elitize_generation_data,196,3,0.637,NA
198,3,string-lengths-backwards,tourney,FALSE,10,elitize_generation_data,197,4,0.604,NA
199,3,string-lengths-backwards,tourney,FALSE,10,elitize_generation_data,198,3,0.589,NA
200,3,string-lengths-backwards,tourney,FALSE,10,elitize_generation_data,199,3,0.604,NA
201,3,string-lengths-backwards,tourney,FALSE,10,elitize_generation_data,200,4,0.594,NA
202,3,string-lengths-backwards,tourney,FALSE,10,elitize_generation_data,201,3,0.601,NA
203,3,string-lengths-backwards,tourney,FALSE,10,elitize_generation_data,202,3,0.558,NA
204,3,string-lengths-backwards,tourney,FALSE,10,elitize_generation_data,203,3,0.56,NA
205,3,string-lengths-backwards,tourney,FALSE,10,elitize_generation_data,204,2,0.556,NA
206,3,string-lengths-backwards,tourney,FALSE,10,elitize_generation_data,205,3,0.565,NA
207,3,string-lengths-backwards,tourney,FALSE,10,elitize_generation_data,206,5,0.554,NA
208,3,string-lengths-backwards,tourney,FALSE,10,elitize_generation_data,207,7,0.547,NA
209,3,string-lengths-backwards,tourney,FALSE,10,elitize_generation_data,208,3,0.543,NA
210,3,string-lengths-backwards,tourney,FALSE,10,elitize_generation_data,209,7,0.529,NA
211,3,string-lengths-backwards,tourney,FALSE,10,elitize_generation_data,210,4,0.57,NA
212,3,string-lengths-backwards,tourney,FALSE,10,elitize_generation_data,211,5,0.581,NA
213,3,string-lengths-backwards,tourney,FALSE,10,elitize_generation_data,212,7,0.575,NA
214,3,string-lengths-backwards,tourney,FALSE,10,elitize_generation_data,213,2,0.567,NA
215,3,string-lengths-backwards,tourney,FALSE,10,elitize_generation_data,214,5,0.553,NA
216,3,string-lengths-backwards,tourney,FALSE,10,elitize_generation_data,215,3,0.546,NA
217,3,string-lengths-backwards,tourney,FALSE,10,elitize_generation_data,216,4,0.527,NA
218,3,string-lengths-backwards,tourney,FALSE,10,elitize_generation_data,217,8,0.5,NA
219,3,string-lengths-backwards,tourney,FALSE,10,elitize_generation_data,218,6,0.529,NA
220,3,string-lengths-backwards,tourney,FALSE,10,elitize_generation_data,219,6,0.523,NA
221,3,string-lengths-backwards,tourney,FALSE,10,elitize_generation_data,220,5,0.531,NA
222,3,string-lengths-backwards,tourney,FALSE,10,elitize_generation_data,221,6,0.521,NA
223,3,string-lengths-backwards,tourney,FALSE,10,elitize_generation_data,222,4,0.543,NA
224,3,string-lengths-backwards,tourney,FALSE,10,elitize_generation_data,223,3,0.555,NA
225,3,string-lengths-backwards,tourney,FALSE,10,elitize_generation_data,224,6,0.533,NA
226,3,string-lengths-backwards,tourney,FALSE,10,elitize_generation_data,225,6,0.572,NA
227,3,string-lengths-backwards,tourney,FALSE,10,elitize_generation_data,226,7,0.575,NA
228,3,string-lengths-backwards,tourney,FALSE,10,elitize_generation_data,227,7,0.596,NA
229,3,string-lengths-backwards,tourney,FALSE,10,elitize_generation_data,228,3,0.593,NA
230,3,string-lengths-backwards,tourney,FALSE,10,elitize_generation_data,229,8,0.555,NA
231,3,string-lengths-backwards,tourney,FALSE,10,elitize_generation_data,230,5,0.55,NA
232,3,string-lengths-backwards,tourney,FALSE,10,elitize_generation_data,231,4,0.553,NA
233,3,string-lengths-backwards,tourney,FALSE,10,elitize_generation_data,232,5,0.57,NA
234,3,string-lengths-backwards,tourney,FALSE,10,elitize_generation_data,233,3,0.56,NA
235,3,string-lengths-backwards,tourney,FALSE,10,elitize_generation_data,234,3,0.608,NA
236,3,string-lengths-backwards,tourney,FALSE,10,elitize_generation_data,235,6,0.616,NA
237,3,string-lengths-backwards,tourney,FALSE,10,elitize_generation_data,236,2,0.612,NA
238,3,string-lengths-backwards,tourney,FALSE,10,elitize_generation_data,237,1,0.625,NA
239,3,string-lengths-backwards,tourney,FALSE,10,elitize_generation_data,238,2,0.618,NA
240,3,string-lengths-backwards,tourney,FALSE,10,elitize_generation_data,239,3,0.616,NA
241,3,string-lengths-backwards,tourney,FALSE,10,elitize_generation_data,240,5,0.598,NA
242,3,string-lengths-backwards,tourney,FALSE,10,elitize_generation_data,241,5,0.58,NA
243,3,string-lengths-backwards,tourney,FALSE,10,elitize_generation_data,242,3,0.607,NA
244,3,string-lengths-backwards,tourney,FALSE,10,elitize_generation_data,243,4,0.585,NA
245,3,string-lengths-backwards,tourney,FALSE,10,elitize_generation_data,244,1,0.579,NA
246,3,string-lengths-backwards,tourney,FALSE,10,elitize_generation_data,245,4,0.566,NA
247,3,string-lengths-backwards,tourney,FALSE,10,elitize_generation_data,246,3,0.586,NA
248,3,string-lengths-backwards,tourney,FALSE,10,elitize_generation_data,247,2,0.622,NA
249,3,string-lengths-backwards,tourney,FALSE,10,elitize_generation_data,248,2,0.579,NA
250,3,string-lengths-backwards,tourney,FALSE,10,elitize_generation_data,249,4,0.584,NA
251,3,string-lengths-backwards,tourney,FALSE,10,elitize_generation_data,250,5,0.574,NA
252,3,string-lengths-backwards,tourney,FALSE,10,elitize_generation_data,251,2,0.581,NA
253,3,string-lengths-backwards,tourney,FALSE,10,elitize_generation_data,252,3,0.616,NA
254,3,string-lengths-backwards,tourney,FALSE,10,elitize_generation_data,253,6,0.589,NA
255,3,string-lengths-backwards,tourney,FALSE,10,elitize_generation_data,254,1,0.569,NA
256,3,string-lengths-backwards,tourney,FALSE,10,elitize_generation_data,255,4,0.58,NA
257,3,string-lengths-backwards,tourney,FALSE,10,elitize_generation_data,256,4,0.59,NA
258,3,string-lengths-backwards,tourney,FALSE,10,elitize_generation_data,257,4,0.569,NA
259,3,string-lengths-backwards,tourney,FALSE,10,elitize_generation_data,258,6,0.59,NA
260,3,string-lengths-backwards,tourney,FALSE,10,elitize_generation_data,259,2,0.599,NA
261,3,string-lengths-backwards,tourney,FALSE,10,elitize_generation_data,260,5,0.594,NA
262,3,string-lengths-backwards,tourney,FALSE,10,elitize_generation_data,261,4,0.554,NA
263,3,string-lengths-backwards,tourney,FALSE,10,elitize_generation_data,262,3,0.596,NA
264,3,string-lengths-backwards,tourney,FALSE,10,elitize_generation_data,263,2,0.612,NA
265,3,string-lengths-backwards,tourney,FALSE,10,elitize_generation_data,264,6,0.605,NA
266,3,string-lengths-backwards,tourney,FALSE,10,elitize_generation_data,265,3,0.618,NA
267,3,string-lengths-backwards,tourney,FALSE,10,elitize_generation_data,266,4,0.587,NA
268,3,string-lengths-backwards,tourney,FALSE,10,elitize_generation_data,267,3,0.599,NA
269,3,string-lengths-backwards,tourney,FALSE,10,elitize_generation_data,268,4,0.608,NA
270,3,string-lengths-backwards,tourney,FALSE,10,elitize_generation_data,269,5,0.625,NA
271,3,string-lengths-backwards,tourney,FALSE,10,elitize_generation_data,270,3,0.635,NA
272,3,string-lengths-backwards,tourney,FALSE,10,elitize_generation_data,271,5,0.633,NA
273,3,string-lengths-backwards,tourney,FALSE,10,elitize_generation_data,272,3,0.66,NA
274,3,string-lengths-backwards,tourney,FALSE,10,elitize_generation_data,273,1,0.665,NA
275,3,string-lengths-backwards,tourney,FALSE,10,elitize_generation_data,274,2,0.658,NA
276,3,string-lengths-backwards,tourney,FALSE,10,elitize_generation_data,275,3,0.642,NA
277,3,string-lengths-backwards,tourney,FALSE,10,elitize_generation_data,276,2,0.634,NA
278,3,string-lengths-backwards,tourney,FALSE,10,elitize_generation_data,277,2,0.649,NA
279,3,string-lengths-backwards,tourney,FALSE,10,elitize_generation_data,278,2,0.647,NA
280,3,string-lengths-backwards,tourney,FALSE,10,elitize_generation_data,279,2,0.687,NA
281,3,string-lengths-backwards,tourney,FALSE,10,elitize_generation_data,280,2,0.658,NA
282,3,string-lengths-backwards,tourney,FALSE,10,elitize_generation_data,281,1,0.646,NA
283,3,string-lengths-backwards,tourney,FALSE,10,elitize_generation_data,282,3,0.63,NA
284,3,string-lengths-backwards,tourney,FALSE,10,elitize_generation_data,283,2,0.641,NA
285,3,string-lengths-backwards,tourney,FALSE,10,elitize_generation_data,284,1,0.643,NA
286,3,string-lengths-backwards,tourney,FALSE,10,elitize_generation_data,285,1,0.634,NA
287,3,string-lengths-backwards,tourney,FALSE,10,elitize_generation_data,286,1,0.64,NA
288,3,string-lengths-backwards,tourney,FALSE,10,elitize_generation_data,287,2,0.628,NA
289,3,string-lengths-backwards,tourney,FALSE,10,elitize_generation_data,288,3,0.624,NA
290,3,string-lengths-backwards,tourney,FALSE,10,elitize_generation_data,289,1,0.628,NA
291,3,string-lengths-backwards,tourney,FALSE,10,elitize_generation_data,290,2,0.615,NA
292,3,string-lengths-backwards,tourney,FALSE,10,elitize_generation_data,291,1,0.608,NA
293,3,string-lengths-backwards,tourney,FALSE,10,elitize_generation_data,292,1,0.633,NA
294,3,string-lengths-backwards,tourney,FALSE,10,elitize_generation_data,293,1,0.628,NA
295,3,string-lengths-backwards,tourney,FALSE,10,elitize_generation_data,294,1,0.637,NA
296,3,string-lengths-backwards,tourney,FALSE,10,elitize_generation_data,295,2,0.599,NA
297,3,string-lengths-backwards,tourney,FALSE,10,elitize_generation_data,296,1,0.61,NA
298,3,string-lengths-backwards,tourney,FALSE,10,elitize_generation_data,297,2,0.613,NA
299,3,string-lengths-backwards,tourney,FALSE,10,elitize_generation_data,298,1,0.635,NA
300,3,string-lengths-backwards,tourney,FALSE,10,elitize_generation_data,299,4,0.643,NA
301,3,string-lengths-backwards,tourney,FALSE,10,elitize_generation_data,300,1,0.63,NA
