,run.num,problem,treatment,succeeded,height,normalization.function,generation,cluster.count,error.diversity,success.generation
1,80,string-lengths-backwards,tourney,FALSE,10,elitize_generation_data,0,6,0.258,NA
2,80,string-lengths-backwards,tourney,FALSE,10,elitize_generation_data,1,7,0.161,NA
3,80,string-lengths-backwards,tourney,FALSE,10,elitize_generation_data,2,7,0.234,NA
4,80,string-lengths-backwards,tourney,FALSE,10,elitize_generation_data,3,7,0.239,NA
5,80,string-lengths-backwards,tourney,FALSE,10,elitize_generation_data,4,11,0.127,NA
6,80,string-lengths-backwards,tourney,FALSE,10,elitize_generation_data,5,13,0.079,NA
7,80,string-lengths-backwards,tourney,FALSE,10,elitize_generation_data,6,19,0.119,NA
8,80,string-lengths-backwards,tourney,FALSE,10,elitize_generation_data,7,25,0.182,NA
9,80,string-lengths-backwards,tourney,FALSE,10,elitize_generation_data,8,3,0.208,NA
10,80,string-lengths-backwards,tourney,FALSE,10,elitize_generation_data,9,5,0.237,NA
11,80,string-lengths-backwards,tourney,FALSE,10,elitize_generation_data,10,9,0.257,NA
12,80,string-lengths-backwards,tourney,FALSE,10,elitize_generation_data,11,13,0.282,NA
13,80,string-lengths-backwards,tourney,FALSE,10,elitize_generation_data,12,11,0.269,NA
14,80,string-lengths-backwards,tourney,FALSE,10,elitize_generation_data,13,11,0.174,NA
15,80,string-lengths-backwards,tourney,FALSE,10,elitize_generation_data,14,10,0.189,NA
16,80,string-lengths-backwards,tourney,FALSE,10,elitize_generation_data,15,12,0.211,NA
17,80,string-lengths-backwards,tourney,FALSE,10,elitize_generation_data,16,15,0.223,NA
18,80,string-lengths-backwards,tourney,FALSE,10,elitize_generation_data,17,12,0.216,NA
19,80,string-lengths-backwards,tourney,FALSE,10,elitize_generation_data,18,13,0.183,NA
20,80,string-lengths-backwards,tourney,FALSE,10,elitize_generation_data,19,10,0.168,NA
21,80,string-lengths-backwards,tourney,FALSE,10,elitize_generation_data,20,10,0.159,NA
22,80,string-lengths-backwards,tourney,FALSE,10,elitize_generation_data,21,14,0.159,NA
23,80,string-lengths-backwards,tourney,FALSE,10,elitize_generation_data,22,12,0.141,NA
24,80,string-lengths-backwards,tourney,FALSE,10,elitize_generation_data,23,17,0.141,NA
25,80,string-lengths-backwards,tourney,FALSE,10,elitize_generation_data,24,12,0.142,NA
26,80,string-lengths-backwards,tourney,FALSE,10,elitize_generation_data,25,16,0.155,NA
27,80,string-lengths-backwards,tourney,FALSE,10,elitize_generation_data,26,14,0.17,NA
28,80,string-lengths-backwards,tourney,FALSE,10,elitize_generation_data,27,18,0.193,NA
29,80,string-lengths-backwards,tourney,FALSE,10,elitize_generation_data,28,13,0.158,NA
30,80,string-lengths-backwards,tourney,FALSE,10,elitize_generation_data,29,13,0.141,NA
31,80,string-lengths-backwards,tourney,FALSE,10,elitize_generation_data,30,14,0.151,NA
32,80,string-lengths-backwards,tourney,FALSE,10,elitize_generation_data,31,19,0.167,NA
33,80,string-lengths-backwards,tourney,FALSE,10,elitize_generation_data,32,18,0.149,NA
34,80,string-lengths-backwards,tourney,FALSE,10,elitize_generation_data,33,16,0.151,NA
35,80,string-lengths-backwards,tourney,FALSE,10,elitize_generation_data,34,14,0.15,NA
36,80,string-lengths-backwards,tourney,FALSE,10,elitize_generation_data,35,13,0.137,NA
37,80,string-lengths-backwards,tourney,FALSE,10,elitize_generation_data,36,16,0.159,NA
38,80,string-lengths-backwards,tourney,FALSE,10,elitize_generation_data,37,10,0.144,NA
39,80,string-lengths-backwards,tourney,FALSE,10,elitize_generation_data,38,11,0.155,NA
40,80,string-lengths-backwards,tourney,FALSE,10,elitize_generation_data,39,11,0.171,NA
41,80,string-lengths-backwards,tourney,FALSE,10,elitize_generation_data,40,13,0.164,NA
42,80,string-lengths-backwards,tourney,FALSE,10,elitize_generation_data,41,15,0.182,NA
43,80,string-lengths-backwards,tourney,FALSE,10,elitize_generation_data,42,12,0.184,NA
44,80,string-lengths-backwards,tourney,FALSE,10,elitize_generation_data,43,11,0.169,NA
45,80,string-lengths-backwards,tourney,FALSE,10,elitize_generation_data,44,13,0.168,NA
46,80,string-lengths-backwards,tourney,FALSE,10,elitize_generation_data,45,18,0.174,NA
47,80,string-lengths-backwards,tourney,FALSE,10,elitize_generation_data,46,18,0.184,NA
48,80,string-lengths-backwards,tourney,FALSE,10,elitize_generation_data,47,13,0.15,NA
49,80,string-lengths-backwards,tourney,FALSE,10,elitize_generation_data,48,17,0.161,NA
50,80,string-lengths-backwards,tourney,FALSE,10,elitize_generation_data,49,17,0.156,NA
51,80,string-lengths-backwards,tourney,FALSE,10,elitize_generation_data,50,12,0.163,NA
52,80,string-lengths-backwards,tourney,FALSE,10,elitize_generation_data,51,16,0.149,NA
53,80,string-lengths-backwards,tourney,FALSE,10,elitize_generation_data,52,17,0.182,NA
54,80,string-lengths-backwards,tourney,FALSE,10,elitize_generation_data,53,13,0.172,NA
55,80,string-lengths-backwards,tourney,FALSE,10,elitize_generation_data,54,19,0.168,NA
56,80,string-lengths-backwards,tourney,FALSE,10,elitize_generation_data,55,16,0.154,NA
57,80,string-lengths-backwards,tourney,FALSE,10,elitize_generation_data,56,11,0.151,NA
58,80,string-lengths-backwards,tourney,FALSE,10,elitize_generation_data,57,12,0.156,NA
59,80,string-lengths-backwards,tourney,FALSE,10,elitize_generation_data,58,12,0.149,NA
60,80,string-lengths-backwards,tourney,FALSE,10,elitize_generation_data,59,16,0.14,NA
61,80,string-lengths-backwards,tourney,FALSE,10,elitize_generation_data,60,12,0.142,NA
62,80,string-lengths-backwards,tourney,FALSE,10,elitize_generation_data,61,14,0.13,NA
63,80,string-lengths-backwards,tourney,FALSE,10,elitize_generation_data,62,13,0.124,NA
64,80,string-lengths-backwards,tourney,FALSE,10,elitize_generation_data,63,15,0.123,NA
65,80,string-lengths-backwards,tourney,FALSE,10,elitize_generation_data,64,13,0.115,NA
66,80,string-lengths-backwards,tourney,FALSE,10,elitize_generation_data,65,14,0.136,NA
67,80,string-lengths-backwards,tourney,FALSE,10,elitize_generation_data,66,13,0.131,NA
68,80,string-lengths-backwards,tourney,FALSE,10,elitize_generation_data,67,19,0.108,NA
69,80,string-lengths-backwards,tourney,FALSE,10,elitize_generation_data,68,15,0.124,NA
70,80,string-lengths-backwards,tourney,FALSE,10,elitize_generation_data,69,17,0.109,NA
71,80,string-lengths-backwards,tourney,FALSE,10,elitize_generation_data,70,20,0.117,NA
72,80,string-lengths-backwards,tourney,FALSE,10,elitize_generation_data,71,18,0.116,NA
73,80,string-lengths-backwards,tourney,FALSE,10,elitize_generation_data,72,13,0.116,NA
74,80,string-lengths-backwards,tourney,FALSE,10,elitize_generation_data,73,16,0.107,NA
75,80,string-lengths-backwards,tourney,FALSE,10,elitize_generation_data,74,17,0.114,NA
76,80,string-lengths-backwards,tourney,FALSE,10,elitize_generation_data,75,16,0.114,NA
77,80,string-lengths-backwards,tourney,FALSE,10,elitize_generation_data,76,12,0.099,NA
78,80,string-lengths-backwards,tourney,FALSE,10,elitize_generation_data,77,14,0.104,NA
79,80,string-lengths-backwards,tourney,FALSE,10,elitize_generation_data,78,13,0.101,NA
80,80,string-lengths-backwards,tourney,FALSE,10,elitize_generation_data,79,16,0.097,NA
81,80,string-lengths-backwards,tourney,FALSE,10,elitize_generation_data,80,15,0.093,NA
82,80,string-lengths-backwards,tourney,FALSE,10,elitize_generation_data,81,17,0.103,NA
83,80,string-lengths-backwards,tourney,FALSE,10,elitize_generation_data,82,15,0.115,NA
84,80,string-lengths-backwards,tourney,FALSE,10,elitize_generation_data,83,13,0.099,NA
85,80,string-lengths-backwards,tourney,FALSE,10,elitize_generation_data,84,11,0.111,NA
86,80,string-lengths-backwards,tourney,FALSE,10,elitize_generation_data,85,14,0.111,NA
87,80,string-lengths-backwards,tourney,FALSE,10,elitize_generation_data,86,14,0.11,NA
88,80,string-lengths-backwards,tourney,FALSE,10,elitize_generation_data,87,12,0.097,NA
89,80,string-lengths-backwards,tourney,FALSE,10,elitize_generation_data,88,12,0.092,NA
90,80,string-lengths-backwards,tourney,FALSE,10,elitize_generation_data,89,14,0.1,NA
91,80,string-lengths-backwards,tourney,FALSE,10,elitize_generation_data,90,13,0.098,NA
92,80,string-lengths-backwards,tourney,FALSE,10,elitize_generation_data,91,18,0.104,NA
93,80,string-lengths-backwards,tourney,FALSE,10,elitize_generation_data,92,15,0.091,NA
94,80,string-lengths-backwards,tourney,FALSE,10,elitize_generation_data,93,14,0.096,NA
95,80,string-lengths-backwards,tourney,FALSE,10,elitize_generation_data,94,15,0.089,NA
96,80,string-lengths-backwards,tourney,FALSE,10,elitize_generation_data,95,11,0.086,NA
97,80,string-lengths-backwards,tourney,FALSE,10,elitize_generation_data,96,12,0.082,NA
98,80,string-lengths-backwards,tourney,FALSE,10,elitize_generation_data,97,13,0.091,NA
99,80,string-lengths-backwards,tourney,FALSE,10,elitize_generation_data,98,10,0.092,NA
100,80,string-lengths-backwards,tourney,FALSE,10,elitize_generation_data,99,17,0.088,NA
101,80,string-lengths-backwards,tourney,FALSE,10,elitize_generation_data,100,14,0.078,NA
102,80,string-lengths-backwards,tourney,FALSE,10,elitize_generation_data,101,13,0.085,NA
103,80,string-lengths-backwards,tourney,FALSE,10,elitize_generation_data,102,14,0.111,NA
104,80,string-lengths-backwards,tourney,FALSE,10,elitize_generation_data,103,14,0.108,NA
105,80,string-lengths-backwards,tourney,FALSE,10,elitize_generation_data,104,16,0.09,NA
106,80,string-lengths-backwards,tourney,FALSE,10,elitize_generation_data,105,13,0.114,NA
107,80,string-lengths-backwards,tourney,FALSE,10,elitize_generation_data,106,17,0.107,NA
108,80,string-lengths-backwards,tourney,FALSE,10,elitize_generation_data,107,13,0.092,NA
109,80,string-lengths-backwards,tourney,FALSE,10,elitize_generation_data,108,10,0.11,NA
110,80,string-lengths-backwards,tourney,FALSE,10,elitize_generation_data,109,14,0.128,NA
111,80,string-lengths-backwards,tourney,FALSE,10,elitize_generation_data,110,10,0.125,NA
112,80,string-lengths-backwards,tourney,FALSE,10,elitize_generation_data,111,9,0.129,NA
113,80,string-lengths-backwards,tourney,FALSE,10,elitize_generation_data,112,7,0.134,NA
114,80,string-lengths-backwards,tourney,FALSE,10,elitize_generation_data,113,9,0.154,NA
115,80,string-lengths-backwards,tourney,FALSE,10,elitize_generation_data,114,10,0.147,NA
116,80,string-lengths-backwards,tourney,FALSE,10,elitize_generation_data,115,6,0.167,NA
117,80,string-lengths-backwards,tourney,FALSE,10,elitize_generation_data,116,4,0.205,NA
118,80,string-lengths-backwards,tourney,FALSE,10,elitize_generation_data,117,5,0.194,NA
119,80,string-lengths-backwards,tourney,FALSE,10,elitize_generation_data,118,3,0.206,NA
120,80,string-lengths-backwards,tourney,FALSE,10,elitize_generation_data,119,4,0.244,NA
121,80,string-lengths-backwards,tourney,FALSE,10,elitize_generation_data,120,4,0.25,NA
122,80,string-lengths-backwards,tourney,FALSE,10,elitize_generation_data,121,4,0.23,NA
123,80,string-lengths-backwards,tourney,FALSE,10,elitize_generation_data,122,5,0.257,NA
124,80,string-lengths-backwards,tourney,FALSE,10,elitize_generation_data,123,3,0.265,NA
125,80,string-lengths-backwards,tourney,FALSE,10,elitize_generation_data,124,3,0.283,NA
126,80,string-lengths-backwards,tourney,FALSE,10,elitize_generation_data,125,1,0.241,NA
127,80,string-lengths-backwards,tourney,FALSE,10,elitize_generation_data,126,1,0.223,NA
128,80,string-lengths-backwards,tourney,FALSE,10,elitize_generation_data,127,2,0.23,NA
129,80,string-lengths-backwards,tourney,FALSE,10,elitize_generation_data,128,2,0.231,NA
130,80,string-lengths-backwards,tourney,FALSE,10,elitize_generation_data,129,3,0.243,NA
131,80,string-lengths-backwards,tourney,FALSE,10,elitize_generation_data,130,3,0.25,NA
132,80,string-lengths-backwards,tourney,FALSE,10,elitize_generation_data,131,3,0.25,NA
133,80,string-lengths-backwards,tourney,FALSE,10,elitize_generation_data,132,3,0.239,NA
134,80,string-lengths-backwards,tourney,FALSE,10,elitize_generation_data,133,5,0.224,NA
135,80,string-lengths-backwards,tourney,FALSE,10,elitize_generation_data,134,5,0.2,NA
136,80,string-lengths-backwards,tourney,FALSE,10,elitize_generation_data,135,1,0.261,NA
137,80,string-lengths-backwards,tourney,FALSE,10,elitize_generation_data,136,3,0.285,NA
138,80,string-lengths-backwards,tourney,FALSE,10,elitize_generation_data,137,2,0.317,NA
139,80,string-lengths-backwards,tourney,FALSE,10,elitize_generation_data,138,3,0.311,NA
140,80,string-lengths-backwards,tourney,FALSE,10,elitize_generation_data,139,2,0.357,NA
141,80,string-lengths-backwards,tourney,FALSE,10,elitize_generation_data,140,1,0.365,NA
142,80,string-lengths-backwards,tourney,FALSE,10,elitize_generation_data,141,5,0.386,NA
143,80,string-lengths-backwards,tourney,FALSE,10,elitize_generation_data,142,1,0.395,NA
144,80,string-lengths-backwards,tourney,FALSE,10,elitize_generation_data,143,3,0.377,NA
145,80,string-lengths-backwards,tourney,FALSE,10,elitize_generation_data,144,2,0.387,NA
146,80,string-lengths-backwards,tourney,FALSE,10,elitize_generation_data,145,2,0.394,NA
147,80,string-lengths-backwards,tourney,FALSE,10,elitize_generation_data,146,1,0.381,NA
148,80,string-lengths-backwards,tourney,FALSE,10,elitize_generation_data,147,5,0.341,NA
149,80,string-lengths-backwards,tourney,FALSE,10,elitize_generation_data,148,7,0.335,NA
150,80,string-lengths-backwards,tourney,FALSE,10,elitize_generation_data,149,5,0.334,NA
151,80,string-lengths-backwards,tourney,FALSE,10,elitize_generation_data,150,1,0.314,NA
152,80,string-lengths-backwards,tourney,FALSE,10,elitize_generation_data,151,3,0.334,NA
153,80,string-lengths-backwards,tourney,FALSE,10,elitize_generation_data,152,3,0.352,NA
154,80,string-lengths-backwards,tourney,FALSE,10,elitize_generation_data,153,2,0.345,NA
155,80,string-lengths-backwards,tourney,FALSE,10,elitize_generation_data,154,2,0.327,NA
156,80,string-lengths-backwards,tourney,FALSE,10,elitize_generation_data,155,2,0.332,NA
157,80,string-lengths-backwards,tourney,FALSE,10,elitize_generation_data,156,4,0.34,NA
158,80,string-lengths-backwards,tourney,FALSE,10,elitize_generation_data,157,5,0.343,NA
159,80,string-lengths-backwards,tourney,FALSE,10,elitize_generation_data,158,5,0.367,NA
160,80,string-lengths-backwards,tourney,FALSE,10,elitize_generation_data,159,3,0.36,NA
161,80,string-lengths-backwards,tourney,FALSE,10,elitize_generation_data,160,5,0.323,NA
162,80,string-lengths-backwards,tourney,FALSE,10,elitize_generation_data,161,5,0.289,NA
163,80,string-lengths-backwards,tourney,FALSE,10,elitize_generation_data,162,8,0.289,NA
164,80,string-lengths-backwards,tourney,FALSE,10,elitize_generation_data,163,6,0.257,NA
165,80,string-lengths-backwards,tourney,FALSE,10,elitize_generation_data,164,5,0.192,NA
166,80,string-lengths-backwards,tourney,FALSE,10,elitize_generation_data,165,6,0.199,NA
167,80,string-lengths-backwards,tourney,FALSE,10,elitize_generation_data,166,6,0.186,NA
168,80,string-lengths-backwards,tourney,FALSE,10,elitize_generation_data,167,7,0.21,NA
169,80,string-lengths-backwards,tourney,FALSE,10,elitize_generation_data,168,7,0.182,NA
170,80,string-lengths-backwards,tourney,FALSE,10,elitize_generation_data,169,6,0.139,NA
171,80,string-lengths-backwards,tourney,FALSE,10,elitize_generation_data,170,6,0.135,NA
172,80,string-lengths-backwards,tourney,FALSE,10,elitize_generation_data,171,6,0.125,NA
173,80,string-lengths-backwards,tourney,FALSE,10,elitize_generation_data,172,6,0.137,NA
174,80,string-lengths-backwards,tourney,FALSE,10,elitize_generation_data,173,4,0.154,NA
175,80,string-lengths-backwards,tourney,FALSE,10,elitize_generation_data,174,3,0.155,NA
176,80,string-lengths-backwards,tourney,FALSE,10,elitize_generation_data,175,3,0.158,NA
177,80,string-lengths-backwards,tourney,FALSE,10,elitize_generation_data,176,5,0.171,NA
178,80,string-lengths-backwards,tourney,FALSE,10,elitize_generation_data,177,3,0.13,NA
179,80,string-lengths-backwards,tourney,FALSE,10,elitize_generation_data,178,3,0.072,NA
180,80,string-lengths-backwards,tourney,FALSE,10,elitize_generation_data,179,4,0.068,NA
181,80,string-lengths-backwards,tourney,FALSE,10,elitize_generation_data,180,5,0.083,NA
182,80,string-lengths-backwards,tourney,FALSE,10,elitize_generation_data,181,4,0.08,NA
183,80,string-lengths-backwards,tourney,FALSE,10,elitize_generation_data,182,4,0.078,NA
184,80,string-lengths-backwards,tourney,FALSE,10,elitize_generation_data,183,4,0.079,NA
185,80,string-lengths-backwards,tourney,FALSE,10,elitize_generation_data,184,4,0.076,NA
186,80,string-lengths-backwards,tourney,FALSE,10,elitize_generation_data,185,5,0.078,NA
187,80,string-lengths-backwards,tourney,FALSE,10,elitize_generation_data,186,4,0.084,NA
188,80,string-lengths-backwards,tourney,FALSE,10,elitize_generation_data,187,4,0.082,NA
189,80,string-lengths-backwards,tourney,FALSE,10,elitize_generation_data,188,4,0.085,NA
190,80,string-lengths-backwards,tourney,FALSE,10,elitize_generation_data,189,4,0.082,NA
191,80,string-lengths-backwards,tourney,FALSE,10,elitize_generation_data,190,6,0.083,NA
192,80,string-lengths-backwards,tourney,FALSE,10,elitize_generation_data,191,4,0.068,NA
193,80,string-lengths-backwards,tourney,FALSE,10,elitize_generation_data,192,5,0.063,NA
194,80,string-lengths-backwards,tourney,FALSE,10,elitize_generation_data,193,5,0.057,NA
195,80,string-lengths-backwards,tourney,FALSE,10,elitize_generation_data,194,4,0.072,NA
196,80,string-lengths-backwards,tourney,FALSE,10,elitize_generation_data,195,4,0.054,NA
197,80,string-lengths-backwards,tourney,FALSE,10,elitize_generation_data,196,4,0.067,NA
198,80,string-lengths-backwards,tourney,FALSE,10,elitize_generation_data,197,6,0.064,NA
199,80,string-lengths-backwards,tourney,FALSE,10,elitize_generation_data,198,5,0.058,NA
200,80,string-lengths-backwards,tourney,FALSE,10,elitize_generation_data,199,4,0.063,NA
201,80,string-lengths-backwards,tourney,FALSE,10,elitize_generation_data,200,5,0.06,NA
202,80,string-lengths-backwards,tourney,FALSE,10,elitize_generation_data,201,4,0.061,NA
203,80,string-lengths-backwards,tourney,FALSE,10,elitize_generation_data,202,5,0.062,NA
204,80,string-lengths-backwards,tourney,FALSE,10,elitize_generation_data,203,5,0.068,NA
205,80,string-lengths-backwards,tourney,FALSE,10,elitize_generation_data,204,7,0.057,NA
206,80,string-lengths-backwards,tourney,FALSE,10,elitize_generation_data,205,5,0.063,NA
207,80,string-lengths-backwards,tourney,FALSE,10,elitize_generation_data,206,4,0.056,NA
208,80,string-lengths-backwards,tourney,FALSE,10,elitize_generation_data,207,4,0.061,NA
209,80,string-lengths-backwards,tourney,FALSE,10,elitize_generation_data,208,4,0.065,NA
210,80,string-lengths-backwards,tourney,FALSE,10,elitize_generation_data,209,6,0.064,NA
211,80,string-lengths-backwards,tourney,FALSE,10,elitize_generation_data,210,4,0.067,NA
212,80,string-lengths-backwards,tourney,FALSE,10,elitize_generation_data,211,5,0.063,NA
213,80,string-lengths-backwards,tourney,FALSE,10,elitize_generation_data,212,4,0.069,NA
214,80,string-lengths-backwards,tourney,FALSE,10,elitize_generation_data,213,4,0.068,NA
215,80,string-lengths-backwards,tourney,FALSE,10,elitize_generation_data,214,4,0.059,NA
216,80,string-lengths-backwards,tourney,FALSE,10,elitize_generation_data,215,5,0.065,NA
217,80,string-lengths-backwards,tourney,FALSE,10,elitize_generation_data,216,5,0.066,NA
218,80,string-lengths-backwards,tourney,FALSE,10,elitize_generation_data,217,6,0.068,NA
219,80,string-lengths-backwards,tourney,FALSE,10,elitize_generation_data,218,5,0.065,NA
220,80,string-lengths-backwards,tourney,FALSE,10,elitize_generation_data,219,5,0.072,NA
221,80,string-lengths-backwards,tourney,FALSE,10,elitize_generation_data,220,5,0.07,NA
222,80,string-lengths-backwards,tourney,FALSE,10,elitize_generation_data,221,6,0.058,NA
223,80,string-lengths-backwards,tourney,FALSE,10,elitize_generation_data,222,4,0.069,NA
224,80,string-lengths-backwards,tourney,FALSE,10,elitize_generation_data,223,4,0.051,NA
225,80,string-lengths-backwards,tourney,FALSE,10,elitize_generation_data,224,4,0.069,NA
226,80,string-lengths-backwards,tourney,FALSE,10,elitize_generation_data,225,4,0.078,NA
227,80,string-lengths-backwards,tourney,FALSE,10,elitize_generation_data,226,6,0.066,NA
228,80,string-lengths-backwards,tourney,FALSE,10,elitize_generation_data,227,5,0.062,NA
229,80,string-lengths-backwards,tourney,FALSE,10,elitize_generation_data,228,5,0.077,NA
230,80,string-lengths-backwards,tourney,FALSE,10,elitize_generation_data,229,5,0.074,NA
231,80,string-lengths-backwards,tourney,FALSE,10,elitize_generation_data,230,3,0.072,NA
232,80,string-lengths-backwards,tourney,FALSE,10,elitize_generation_data,231,4,0.058,NA
233,80,string-lengths-backwards,tourney,FALSE,10,elitize_generation_data,232,4,0.065,NA
234,80,string-lengths-backwards,tourney,FALSE,10,elitize_generation_data,233,6,0.065,NA
235,80,string-lengths-backwards,tourney,FALSE,10,elitize_generation_data,234,4,0.064,NA
236,80,string-lengths-backwards,tourney,FALSE,10,elitize_generation_data,235,4,0.058,NA
237,80,string-lengths-backwards,tourney,FALSE,10,elitize_generation_data,236,4,0.065,NA
238,80,string-lengths-backwards,tourney,FALSE,10,elitize_generation_data,237,5,0.068,NA
239,80,string-lengths-backwards,tourney,FALSE,10,elitize_generation_data,238,4,0.064,NA
240,80,string-lengths-backwards,tourney,FALSE,10,elitize_generation_data,239,5,0.059,NA
241,80,string-lengths-backwards,tourney,FALSE,10,elitize_generation_data,240,4,0.057,NA
242,80,string-lengths-backwards,tourney,FALSE,10,elitize_generation_data,241,6,0.067,NA
243,80,string-lengths-backwards,tourney,FALSE,10,elitize_generation_data,242,5,0.064,NA
244,80,string-lengths-backwards,tourney,FALSE,10,elitize_generation_data,243,5,0.068,NA
245,80,string-lengths-backwards,tourney,FALSE,10,elitize_generation_data,244,4,0.057,NA
246,80,string-lengths-backwards,tourney,FALSE,10,elitize_generation_data,245,5,0.062,NA
247,80,string-lengths-backwards,tourney,FALSE,10,elitize_generation_data,246,6,0.064,NA
248,80,string-lengths-backwards,tourney,FALSE,10,elitize_generation_data,247,7,0.074,NA
249,80,string-lengths-backwards,tourney,FALSE,10,elitize_generation_data,248,6,0.058,NA
250,80,string-lengths-backwards,tourney,FALSE,10,elitize_generation_data,249,6,0.066,NA
251,80,string-lengths-backwards,tourney,FALSE,10,elitize_generation_data,250,4,0.072,NA
252,80,string-lengths-backwards,tourney,FALSE,10,elitize_generation_data,251,6,0.062,NA
253,80,string-lengths-backwards,tourney,FALSE,10,elitize_generation_data,252,7,0.072,NA
254,80,string-lengths-backwards,tourney,FALSE,10,elitize_generation_data,253,7,0.068,NA
255,80,string-lengths-backwards,tourney,FALSE,10,elitize_generation_data,254,5,0.071,NA
256,80,string-lengths-backwards,tourney,FALSE,10,elitize_generation_data,255,6,0.071,NA
257,80,string-lengths-backwards,tourney,FALSE,10,elitize_generation_data,256,6,0.071,NA
258,80,string-lengths-backwards,tourney,FALSE,10,elitize_generation_data,257,5,0.064,NA
259,80,string-lengths-backwards,tourney,FALSE,10,elitize_generation_data,258,6,0.066,NA
260,80,string-lengths-backwards,tourney,FALSE,10,elitize_generation_data,259,6,0.078,NA
261,80,string-lengths-backwards,tourney,FALSE,10,elitize_generation_data,260,6,0.056,NA
262,80,string-lengths-backwards,tourney,FALSE,10,elitize_generation_data,261,6,0.074,NA
263,80,string-lengths-backwards,tourney,FALSE,10,elitize_generation_data,262,6,0.071,NA
264,80,string-lengths-backwards,tourney,FALSE,10,elitize_generation_data,263,5,0.072,NA
265,80,string-lengths-backwards,tourney,FALSE,10,elitize_generation_data,264,5,0.058,NA
266,80,string-lengths-backwards,tourney,FALSE,10,elitize_generation_data,265,5,0.068,NA
267,80,string-lengths-backwards,tourney,FALSE,10,elitize_generation_data,266,6,0.07,NA
268,80,string-lengths-backwards,tourney,FALSE,10,elitize_generation_data,267,7,0.062,NA
269,80,string-lengths-backwards,tourney,FALSE,10,elitize_generation_data,268,7,0.06,NA
270,80,string-lengths-backwards,tourney,FALSE,10,elitize_generation_data,269,7,0.062,NA
271,80,string-lengths-backwards,tourney,FALSE,10,elitize_generation_data,270,5,0.063,NA
272,80,string-lengths-backwards,tourney,FALSE,10,elitize_generation_data,271,6,0.059,NA
273,80,string-lengths-backwards,tourney,FALSE,10,elitize_generation_data,272,7,0.061,NA
274,80,string-lengths-backwards,tourney,FALSE,10,elitize_generation_data,273,6,0.078,NA
275,80,string-lengths-backwards,tourney,FALSE,10,elitize_generation_data,274,6,0.073,NA
276,80,string-lengths-backwards,tourney,FALSE,10,elitize_generation_data,275,5,0.065,NA
277,80,string-lengths-backwards,tourney,FALSE,10,elitize_generation_data,276,7,0.069,NA
278,80,string-lengths-backwards,tourney,FALSE,10,elitize_generation_data,277,6,0.05,NA
279,80,string-lengths-backwards,tourney,FALSE,10,elitize_generation_data,278,6,0.061,NA
280,80,string-lengths-backwards,tourney,FALSE,10,elitize_generation_data,279,6,0.062,NA
281,80,string-lengths-backwards,tourney,FALSE,10,elitize_generation_data,280,3,0.051,NA
282,80,string-lengths-backwards,tourney,FALSE,10,elitize_generation_data,281,5,0.068,NA
283,80,string-lengths-backwards,tourney,FALSE,10,elitize_generation_data,282,6,0.069,NA
284,80,string-lengths-backwards,tourney,FALSE,10,elitize_generation_data,283,7,0.064,NA
285,80,string-lengths-backwards,tourney,FALSE,10,elitize_generation_data,284,7,0.059,NA
286,80,string-lengths-backwards,tourney,FALSE,10,elitize_generation_data,285,7,0.062,NA
287,80,string-lengths-backwards,tourney,FALSE,10,elitize_generation_data,286,5,0.064,NA
288,80,string-lengths-backwards,tourney,FALSE,10,elitize_generation_data,287,6,0.054,NA
289,80,string-lengths-backwards,tourney,FALSE,10,elitize_generation_data,288,7,0.07,NA
290,80,string-lengths-backwards,tourney,FALSE,10,elitize_generation_data,289,7,0.061,NA
291,80,string-lengths-backwards,tourney,FALSE,10,elitize_generation_data,290,6,0.069,NA
292,80,string-lengths-backwards,tourney,FALSE,10,elitize_generation_data,291,6,0.058,NA
293,80,string-lengths-backwards,tourney,FALSE,10,elitize_generation_data,292,5,0.045,NA
294,80,string-lengths-backwards,tourney,FALSE,10,elitize_generation_data,293,7,0.07,NA
295,80,string-lengths-backwards,tourney,FALSE,10,elitize_generation_data,294,6,0.055,NA
296,80,string-lengths-backwards,tourney,FALSE,10,elitize_generation_data,295,9,0.059,NA
297,80,string-lengths-backwards,tourney,FALSE,10,elitize_generation_data,296,6,0.076,NA
298,80,string-lengths-backwards,tourney,FALSE,10,elitize_generation_data,297,5,0.065,NA
299,80,string-lengths-backwards,tourney,FALSE,10,elitize_generation_data,298,6,0.068,NA
300,80,string-lengths-backwards,tourney,FALSE,10,elitize_generation_data,299,5,0.057,NA
301,80,string-lengths-backwards,tourney,FALSE,10,elitize_generation_data,300,6,0.065,NA
