,run.num,problem,treatment,succeeded,height,normalization.function,generation,cluster.count,error.diversity,success.generation
1,86,string-lengths-backwards,tourney,FALSE,10,elitize_generation_data,0,7,0.281,NA
2,86,string-lengths-backwards,tourney,FALSE,10,elitize_generation_data,1,8,0.169,NA
3,86,string-lengths-backwards,tourney,FALSE,10,elitize_generation_data,2,7,0.278,NA
4,86,string-lengths-backwards,tourney,FALSE,10,elitize_generation_data,3,9,0.307,NA
5,86,string-lengths-backwards,tourney,FALSE,10,elitize_generation_data,4,16,0.258,NA
6,86,string-lengths-backwards,tourney,FALSE,10,elitize_generation_data,5,3,0.219,NA
7,86,string-lengths-backwards,tourney,FALSE,10,elitize_generation_data,6,4,0.233,NA
8,86,string-lengths-backwards,tourney,FALSE,10,elitize_generation_data,7,3,0.305,NA
9,86,string-lengths-backwards,tourney,FALSE,10,elitize_generation_data,8,2,0.353,NA
10,86,string-lengths-backwards,tourney,FALSE,10,elitize_generation_data,9,7,0.31,NA
11,86,string-lengths-backwards,tourney,FALSE,10,elitize_generation_data,10,4,0.288,NA
12,86,string-lengths-backwards,tourney,FALSE,10,elitize_generation_data,11,4,0.386,NA
13,86,string-lengths-backwards,tourney,FALSE,10,elitize_generation_data,12,6,0.315,NA
14,86,string-lengths-backwards,tourney,FALSE,10,elitize_generation_data,13,7,0.336,NA
15,86,string-lengths-backwards,tourney,FALSE,10,elitize_generation_data,14,7,0.438,NA
16,86,string-lengths-backwards,tourney,FALSE,10,elitize_generation_data,15,11,0.243,NA
17,86,string-lengths-backwards,tourney,FALSE,10,elitize_generation_data,16,14,0.168,NA
18,86,string-lengths-backwards,tourney,FALSE,10,elitize_generation_data,17,13,0.141,NA
19,86,string-lengths-backwards,tourney,FALSE,10,elitize_generation_data,18,17,0.185,NA
20,86,string-lengths-backwards,tourney,FALSE,10,elitize_generation_data,19,13,0.192,NA
21,86,string-lengths-backwards,tourney,FALSE,10,elitize_generation_data,20,23,0.185,NA
22,86,string-lengths-backwards,tourney,FALSE,10,elitize_generation_data,21,16,0.19,NA
23,86,string-lengths-backwards,tourney,FALSE,10,elitize_generation_data,22,13,0.257,NA
24,86,string-lengths-backwards,tourney,FALSE,10,elitize_generation_data,23,8,0.23,NA
25,86,string-lengths-backwards,tourney,FALSE,10,elitize_generation_data,24,15,0.243,NA
26,86,string-lengths-backwards,tourney,FALSE,10,elitize_generation_data,25,10,0.226,NA
27,86,string-lengths-backwards,tourney,FALSE,10,elitize_generation_data,26,9,0.204,NA
28,86,string-lengths-backwards,tourney,FALSE,10,elitize_generation_data,27,8,0.234,NA
29,86,string-lengths-backwards,tourney,FALSE,10,elitize_generation_data,28,12,0.232,NA
30,86,string-lengths-backwards,tourney,FALSE,10,elitize_generation_data,29,11,0.214,NA
31,86,string-lengths-backwards,tourney,FALSE,10,elitize_generation_data,30,8,0.197,NA
32,86,string-lengths-backwards,tourney,FALSE,10,elitize_generation_data,31,8,0.222,NA
33,86,string-lengths-backwards,tourney,FALSE,10,elitize_generation_data,32,7,0.258,NA
34,86,string-lengths-backwards,tourney,FALSE,10,elitize_generation_data,33,6,0.314,NA
35,86,string-lengths-backwards,tourney,FALSE,10,elitize_generation_data,34,3,0.358,NA
36,86,string-lengths-backwards,tourney,FALSE,10,elitize_generation_data,35,3,0.384,NA
37,86,string-lengths-backwards,tourney,FALSE,10,elitize_generation_data,36,6,0.402,NA
38,86,string-lengths-backwards,tourney,FALSE,10,elitize_generation_data,37,7,0.435,NA
39,86,string-lengths-backwards,tourney,FALSE,10,elitize_generation_data,38,2,0.499,NA
40,86,string-lengths-backwards,tourney,FALSE,10,elitize_generation_data,39,3,0.513,NA
41,86,string-lengths-backwards,tourney,FALSE,10,elitize_generation_data,40,3,0.487,NA
42,86,string-lengths-backwards,tourney,FALSE,10,elitize_generation_data,41,5,0.506,NA
43,86,string-lengths-backwards,tourney,FALSE,10,elitize_generation_data,42,4,0.492,NA
44,86,string-lengths-backwards,tourney,FALSE,10,elitize_generation_data,43,4,0.44,NA
45,86,string-lengths-backwards,tourney,FALSE,10,elitize_generation_data,44,3,0.476,NA
46,86,string-lengths-backwards,tourney,FALSE,10,elitize_generation_data,45,3,0.483,NA
47,86,string-lengths-backwards,tourney,FALSE,10,elitize_generation_data,46,2,0.446,NA
48,86,string-lengths-backwards,tourney,FALSE,10,elitize_generation_data,47,4,0.333,NA
49,86,string-lengths-backwards,tourney,FALSE,10,elitize_generation_data,48,8,0.336,NA
50,86,string-lengths-backwards,tourney,FALSE,10,elitize_generation_data,49,3,0.364,NA
51,86,string-lengths-backwards,tourney,FALSE,10,elitize_generation_data,50,5,0.338,NA
52,86,string-lengths-backwards,tourney,FALSE,10,elitize_generation_data,51,7,0.3,NA
53,86,string-lengths-backwards,tourney,FALSE,10,elitize_generation_data,52,6,0.328,NA
54,86,string-lengths-backwards,tourney,FALSE,10,elitize_generation_data,53,2,0.357,NA
55,86,string-lengths-backwards,tourney,FALSE,10,elitize_generation_data,54,2,0.452,NA
56,86,string-lengths-backwards,tourney,FALSE,10,elitize_generation_data,55,1,0.478,NA
57,86,string-lengths-backwards,tourney,FALSE,10,elitize_generation_data,56,2,0.491,NA
58,86,string-lengths-backwards,tourney,FALSE,10,elitize_generation_data,57,1,0.53,NA
59,86,string-lengths-backwards,tourney,FALSE,10,elitize_generation_data,58,3,0.535,NA
60,86,string-lengths-backwards,tourney,FALSE,10,elitize_generation_data,59,2,0.502,NA
61,86,string-lengths-backwards,tourney,FALSE,10,elitize_generation_data,60,2,0.487,NA
62,86,string-lengths-backwards,tourney,FALSE,10,elitize_generation_data,61,1,0.459,NA
63,86,string-lengths-backwards,tourney,FALSE,10,elitize_generation_data,62,1,0.414,NA
64,86,string-lengths-backwards,tourney,FALSE,10,elitize_generation_data,63,3,0.395,NA
65,86,string-lengths-backwards,tourney,FALSE,10,elitize_generation_data,64,2,0.399,NA
66,86,string-lengths-backwards,tourney,FALSE,10,elitize_generation_data,65,5,0.356,NA
67,86,string-lengths-backwards,tourney,FALSE,10,elitize_generation_data,66,4,0.298,NA
68,86,string-lengths-backwards,tourney,FALSE,10,elitize_generation_data,67,3,0.333,NA
69,86,string-lengths-backwards,tourney,FALSE,10,elitize_generation_data,68,2,0.33,NA
70,86,string-lengths-backwards,tourney,FALSE,10,elitize_generation_data,69,2,0.352,NA
71,86,string-lengths-backwards,tourney,FALSE,10,elitize_generation_data,70,2,0.356,NA
72,86,string-lengths-backwards,tourney,FALSE,10,elitize_generation_data,71,1,0.357,NA
73,86,string-lengths-backwards,tourney,FALSE,10,elitize_generation_data,72,3,0.351,NA
74,86,string-lengths-backwards,tourney,FALSE,10,elitize_generation_data,73,4,0.301,NA
75,86,string-lengths-backwards,tourney,FALSE,10,elitize_generation_data,74,3,0.32,NA
76,86,string-lengths-backwards,tourney,FALSE,10,elitize_generation_data,75,3,0.338,NA
77,86,string-lengths-backwards,tourney,FALSE,10,elitize_generation_data,76,4,0.334,NA
78,86,string-lengths-backwards,tourney,FALSE,10,elitize_generation_data,77,3,0.315,NA
79,86,string-lengths-backwards,tourney,FALSE,10,elitize_generation_data,78,7,0.306,NA
80,86,string-lengths-backwards,tourney,FALSE,10,elitize_generation_data,79,1,0.28,NA
81,86,string-lengths-backwards,tourney,FALSE,10,elitize_generation_data,80,5,0.283,NA
82,86,string-lengths-backwards,tourney,FALSE,10,elitize_generation_data,81,6,0.313,NA
83,86,string-lengths-backwards,tourney,FALSE,10,elitize_generation_data,82,4,0.315,NA
84,86,string-lengths-backwards,tourney,FALSE,10,elitize_generation_data,83,6,0.317,NA
85,86,string-lengths-backwards,tourney,FALSE,10,elitize_generation_data,84,2,0.327,NA
86,86,string-lengths-backwards,tourney,FALSE,10,elitize_generation_data,85,4,0.336,NA
87,86,string-lengths-backwards,tourney,FALSE,10,elitize_generation_data,86,4,0.337,NA
88,86,string-lengths-backwards,tourney,FALSE,10,elitize_generation_data,87,5,0.299,NA
89,86,string-lengths-backwards,tourney,FALSE,10,elitize_generation_data,88,6,0.331,NA
90,86,string-lengths-backwards,tourney,FALSE,10,elitize_generation_data,89,7,0.329,NA
91,86,string-lengths-backwards,tourney,FALSE,10,elitize_generation_data,90,7,0.34,NA
92,86,string-lengths-backwards,tourney,FALSE,10,elitize_generation_data,91,6,0.325,NA
93,86,string-lengths-backwards,tourney,FALSE,10,elitize_generation_data,92,9,0.337,NA
94,86,string-lengths-backwards,tourney,FALSE,10,elitize_generation_data,93,7,0.329,NA
95,86,string-lengths-backwards,tourney,FALSE,10,elitize_generation_data,94,6,0.335,NA
96,86,string-lengths-backwards,tourney,FALSE,10,elitize_generation_data,95,4,0.353,NA
97,86,string-lengths-backwards,tourney,FALSE,10,elitize_generation_data,96,5,0.357,NA
98,86,string-lengths-backwards,tourney,FALSE,10,elitize_generation_data,97,5,0.36,NA
99,86,string-lengths-backwards,tourney,FALSE,10,elitize_generation_data,98,5,0.348,NA
100,86,string-lengths-backwards,tourney,FALSE,10,elitize_generation_data,99,5,0.32,NA
101,86,string-lengths-backwards,tourney,FALSE,10,elitize_generation_data,100,2,0.29,NA
102,86,string-lengths-backwards,tourney,FALSE,10,elitize_generation_data,101,5,0.294,NA
103,86,string-lengths-backwards,tourney,FALSE,10,elitize_generation_data,102,5,0.314,NA
104,86,string-lengths-backwards,tourney,FALSE,10,elitize_generation_data,103,6,0.304,NA
105,86,string-lengths-backwards,tourney,FALSE,10,elitize_generation_data,104,4,0.319,NA
106,86,string-lengths-backwards,tourney,FALSE,10,elitize_generation_data,105,3,0.303,NA
107,86,string-lengths-backwards,tourney,FALSE,10,elitize_generation_data,106,4,0.309,NA
108,86,string-lengths-backwards,tourney,FALSE,10,elitize_generation_data,107,4,0.315,NA
109,86,string-lengths-backwards,tourney,FALSE,10,elitize_generation_data,108,4,0.326,NA
110,86,string-lengths-backwards,tourney,FALSE,10,elitize_generation_data,109,4,0.28,NA
111,86,string-lengths-backwards,tourney,FALSE,10,elitize_generation_data,110,5,0.268,NA
112,86,string-lengths-backwards,tourney,FALSE,10,elitize_generation_data,111,5,0.279,NA
113,86,string-lengths-backwards,tourney,FALSE,10,elitize_generation_data,112,3,0.273,NA
114,86,string-lengths-backwards,tourney,FALSE,10,elitize_generation_data,113,3,0.281,NA
115,86,string-lengths-backwards,tourney,FALSE,10,elitize_generation_data,114,4,0.278,NA
116,86,string-lengths-backwards,tourney,FALSE,10,elitize_generation_data,115,6,0.286,NA
117,86,string-lengths-backwards,tourney,FALSE,10,elitize_generation_data,116,2,0.318,NA
118,86,string-lengths-backwards,tourney,FALSE,10,elitize_generation_data,117,3,0.255,NA
119,86,string-lengths-backwards,tourney,FALSE,10,elitize_generation_data,118,4,0.264,NA
120,86,string-lengths-backwards,tourney,FALSE,10,elitize_generation_data,119,5,0.266,NA
121,86,string-lengths-backwards,tourney,FALSE,10,elitize_generation_data,120,3,0.242,NA
122,86,string-lengths-backwards,tourney,FALSE,10,elitize_generation_data,121,3,0.264,NA
123,86,string-lengths-backwards,tourney,FALSE,10,elitize_generation_data,122,6,0.258,NA
124,86,string-lengths-backwards,tourney,FALSE,10,elitize_generation_data,123,6,0.25,NA
125,86,string-lengths-backwards,tourney,FALSE,10,elitize_generation_data,124,4,0.287,NA
126,86,string-lengths-backwards,tourney,FALSE,10,elitize_generation_data,125,4,0.283,NA
127,86,string-lengths-backwards,tourney,FALSE,10,elitize_generation_data,126,6,0.288,NA
128,86,string-lengths-backwards,tourney,FALSE,10,elitize_generation_data,127,5,0.271,NA
129,86,string-lengths-backwards,tourney,FALSE,10,elitize_generation_data,128,5,0.259,NA
130,86,string-lengths-backwards,tourney,FALSE,10,elitize_generation_data,129,5,0.246,NA
131,86,string-lengths-backwards,tourney,FALSE,10,elitize_generation_data,130,3,0.247,NA
132,86,string-lengths-backwards,tourney,FALSE,10,elitize_generation_data,131,6,0.248,NA
133,86,string-lengths-backwards,tourney,FALSE,10,elitize_generation_data,132,5,0.243,NA
134,86,string-lengths-backwards,tourney,FALSE,10,elitize_generation_data,133,4,0.257,NA
135,86,string-lengths-backwards,tourney,FALSE,10,elitize_generation_data,134,6,0.24,NA
136,86,string-lengths-backwards,tourney,FALSE,10,elitize_generation_data,135,5,0.274,NA
137,86,string-lengths-backwards,tourney,FALSE,10,elitize_generation_data,136,6,0.253,NA
138,86,string-lengths-backwards,tourney,FALSE,10,elitize_generation_data,137,4,0.269,NA
139,86,string-lengths-backwards,tourney,FALSE,10,elitize_generation_data,138,7,0.253,NA
140,86,string-lengths-backwards,tourney,FALSE,10,elitize_generation_data,139,4,0.241,NA
141,86,string-lengths-backwards,tourney,FALSE,10,elitize_generation_data,140,7,0.246,NA
142,86,string-lengths-backwards,tourney,FALSE,10,elitize_generation_data,141,5,0.227,NA
143,86,string-lengths-backwards,tourney,FALSE,10,elitize_generation_data,142,4,0.251,NA
144,86,string-lengths-backwards,tourney,FALSE,10,elitize_generation_data,143,6,0.244,NA
145,86,string-lengths-backwards,tourney,FALSE,10,elitize_generation_data,144,4,0.244,NA
146,86,string-lengths-backwards,tourney,FALSE,10,elitize_generation_data,145,5,0.247,NA
147,86,string-lengths-backwards,tourney,FALSE,10,elitize_generation_data,146,6,0.244,NA
148,86,string-lengths-backwards,tourney,FALSE,10,elitize_generation_data,147,3,0.25,NA
149,86,string-lengths-backwards,tourney,FALSE,10,elitize_generation_data,148,6,0.252,NA
150,86,string-lengths-backwards,tourney,FALSE,10,elitize_generation_data,149,5,0.27,NA
151,86,string-lengths-backwards,tourney,FALSE,10,elitize_generation_data,150,5,0.253,NA
152,86,string-lengths-backwards,tourney,FALSE,10,elitize_generation_data,151,7,0.278,NA
153,86,string-lengths-backwards,tourney,FALSE,10,elitize_generation_data,152,1,0.285,NA
154,86,string-lengths-backwards,tourney,FALSE,10,elitize_generation_data,153,10,0.252,NA
155,86,string-lengths-backwards,tourney,FALSE,10,elitize_generation_data,154,7,0.225,NA
156,86,string-lengths-backwards,tourney,FALSE,10,elitize_generation_data,155,8,0.237,NA
157,86,string-lengths-backwards,tourney,FALSE,10,elitize_generation_data,156,7,0.249,NA
158,86,string-lengths-backwards,tourney,FALSE,10,elitize_generation_data,157,6,0.248,NA
159,86,string-lengths-backwards,tourney,FALSE,10,elitize_generation_data,158,3,0.255,NA
160,86,string-lengths-backwards,tourney,FALSE,10,elitize_generation_data,159,5,0.279,NA
161,86,string-lengths-backwards,tourney,FALSE,10,elitize_generation_data,160,7,0.253,NA
162,86,string-lengths-backwards,tourney,FALSE,10,elitize_generation_data,161,12,0.236,NA
163,86,string-lengths-backwards,tourney,FALSE,10,elitize_generation_data,162,7,0.253,NA
164,86,string-lengths-backwards,tourney,FALSE,10,elitize_generation_data,163,10,0.261,NA
165,86,string-lengths-backwards,tourney,FALSE,10,elitize_generation_data,164,8,0.265,NA
166,86,string-lengths-backwards,tourney,FALSE,10,elitize_generation_data,165,10,0.244,NA
167,86,string-lengths-backwards,tourney,FALSE,10,elitize_generation_data,166,8,0.246,NA
168,86,string-lengths-backwards,tourney,FALSE,10,elitize_generation_data,167,8,0.26,NA
169,86,string-lengths-backwards,tourney,FALSE,10,elitize_generation_data,168,10,0.238,NA
170,86,string-lengths-backwards,tourney,FALSE,10,elitize_generation_data,169,11,0.237,NA
171,86,string-lengths-backwards,tourney,FALSE,10,elitize_generation_data,170,6,0.24,NA
172,86,string-lengths-backwards,tourney,FALSE,10,elitize_generation_data,171,12,0.253,NA
173,86,string-lengths-backwards,tourney,FALSE,10,elitize_generation_data,172,6,0.232,NA
174,86,string-lengths-backwards,tourney,FALSE,10,elitize_generation_data,173,8,0.238,NA
175,86,string-lengths-backwards,tourney,FALSE,10,elitize_generation_data,174,13,0.256,NA
176,86,string-lengths-backwards,tourney,FALSE,10,elitize_generation_data,175,10,0.233,NA
177,86,string-lengths-backwards,tourney,FALSE,10,elitize_generation_data,176,10,0.224,NA
178,86,string-lengths-backwards,tourney,FALSE,10,elitize_generation_data,177,9,0.215,NA
179,86,string-lengths-backwards,tourney,FALSE,10,elitize_generation_data,178,10,0.225,NA
180,86,string-lengths-backwards,tourney,FALSE,10,elitize_generation_data,179,13,0.223,NA
181,86,string-lengths-backwards,tourney,FALSE,10,elitize_generation_data,180,6,0.232,NA
182,86,string-lengths-backwards,tourney,FALSE,10,elitize_generation_data,181,9,0.23,NA
183,86,string-lengths-backwards,tourney,FALSE,10,elitize_generation_data,182,10,0.231,NA
184,86,string-lengths-backwards,tourney,FALSE,10,elitize_generation_data,183,10,0.238,NA
185,86,string-lengths-backwards,tourney,FALSE,10,elitize_generation_data,184,8,0.252,NA
186,86,string-lengths-backwards,tourney,FALSE,10,elitize_generation_data,185,7,0.23,NA
187,86,string-lengths-backwards,tourney,FALSE,10,elitize_generation_data,186,10,0.247,NA
188,86,string-lengths-backwards,tourney,FALSE,10,elitize_generation_data,187,9,0.22,NA
189,86,string-lengths-backwards,tourney,FALSE,10,elitize_generation_data,188,9,0.242,NA
190,86,string-lengths-backwards,tourney,FALSE,10,elitize_generation_data,189,9,0.264,NA
191,86,string-lengths-backwards,tourney,FALSE,10,elitize_generation_data,190,12,0.222,NA
192,86,string-lengths-backwards,tourney,FALSE,10,elitize_generation_data,191,12,0.255,NA
193,86,string-lengths-backwards,tourney,FALSE,10,elitize_generation_data,192,10,0.24,NA
194,86,string-lengths-backwards,tourney,FALSE,10,elitize_generation_data,193,8,0.247,NA
195,86,string-lengths-backwards,tourney,FALSE,10,elitize_generation_data,194,13,0.246,NA
196,86,string-lengths-backwards,tourney,FALSE,10,elitize_generation_data,195,9,0.248,NA
197,86,string-lengths-backwards,tourney,FALSE,10,elitize_generation_data,196,11,0.259,NA
198,86,string-lengths-backwards,tourney,FALSE,10,elitize_generation_data,197,10,0.26,NA
199,86,string-lengths-backwards,tourney,FALSE,10,elitize_generation_data,198,14,0.229,NA
200,86,string-lengths-backwards,tourney,FALSE,10,elitize_generation_data,199,12,0.231,NA
201,86,string-lengths-backwards,tourney,FALSE,10,elitize_generation_data,200,10,0.227,NA
202,86,string-lengths-backwards,tourney,FALSE,10,elitize_generation_data,201,10,0.226,NA
203,86,string-lengths-backwards,tourney,FALSE,10,elitize_generation_data,202,10,0.227,NA
204,86,string-lengths-backwards,tourney,FALSE,10,elitize_generation_data,203,8,0.215,NA
205,86,string-lengths-backwards,tourney,FALSE,10,elitize_generation_data,204,10,0.235,NA
206,86,string-lengths-backwards,tourney,FALSE,10,elitize_generation_data,205,9,0.232,NA
207,86,string-lengths-backwards,tourney,FALSE,10,elitize_generation_data,206,11,0.223,NA
208,86,string-lengths-backwards,tourney,FALSE,10,elitize_generation_data,207,11,0.218,NA
209,86,string-lengths-backwards,tourney,FALSE,10,elitize_generation_data,208,12,0.228,NA
210,86,string-lengths-backwards,tourney,FALSE,10,elitize_generation_data,209,10,0.231,NA
211,86,string-lengths-backwards,tourney,FALSE,10,elitize_generation_data,210,11,0.219,NA
212,86,string-lengths-backwards,tourney,FALSE,10,elitize_generation_data,211,6,0.238,NA
213,86,string-lengths-backwards,tourney,FALSE,10,elitize_generation_data,212,12,0.223,NA
214,86,string-lengths-backwards,tourney,FALSE,10,elitize_generation_data,213,10,0.205,NA
215,86,string-lengths-backwards,tourney,FALSE,10,elitize_generation_data,214,12,0.218,NA
216,86,string-lengths-backwards,tourney,FALSE,10,elitize_generation_data,215,8,0.233,NA
217,86,string-lengths-backwards,tourney,FALSE,10,elitize_generation_data,216,10,0.234,NA
218,86,string-lengths-backwards,tourney,FALSE,10,elitize_generation_data,217,11,0.254,NA
219,86,string-lengths-backwards,tourney,FALSE,10,elitize_generation_data,218,10,0.235,NA
220,86,string-lengths-backwards,tourney,FALSE,10,elitize_generation_data,219,11,0.227,NA
221,86,string-lengths-backwards,tourney,FALSE,10,elitize_generation_data,220,9,0.22,NA
222,86,string-lengths-backwards,tourney,FALSE,10,elitize_generation_data,221,13,0.219,NA
223,86,string-lengths-backwards,tourney,FALSE,10,elitize_generation_data,222,12,0.226,NA
224,86,string-lengths-backwards,tourney,FALSE,10,elitize_generation_data,223,10,0.234,NA
225,86,string-lengths-backwards,tourney,FALSE,10,elitize_generation_data,224,8,0.213,NA
226,86,string-lengths-backwards,tourney,FALSE,10,elitize_generation_data,225,12,0.22,NA
227,86,string-lengths-backwards,tourney,FALSE,10,elitize_generation_data,226,11,0.238,NA
228,86,string-lengths-backwards,tourney,FALSE,10,elitize_generation_data,227,11,0.213,NA
229,86,string-lengths-backwards,tourney,FALSE,10,elitize_generation_data,228,11,0.225,NA
230,86,string-lengths-backwards,tourney,FALSE,10,elitize_generation_data,229,12,0.238,NA
231,86,string-lengths-backwards,tourney,FALSE,10,elitize_generation_data,230,12,0.221,NA
232,86,string-lengths-backwards,tourney,FALSE,10,elitize_generation_data,231,13,0.202,NA
233,86,string-lengths-backwards,tourney,FALSE,10,elitize_generation_data,232,10,0.235,NA
234,86,string-lengths-backwards,tourney,FALSE,10,elitize_generation_data,233,10,0.228,NA
235,86,string-lengths-backwards,tourney,FALSE,10,elitize_generation_data,234,9,0.228,NA
236,86,string-lengths-backwards,tourney,FALSE,10,elitize_generation_data,235,9,0.233,NA
237,86,string-lengths-backwards,tourney,FALSE,10,elitize_generation_data,236,12,0.233,NA
238,86,string-lengths-backwards,tourney,FALSE,10,elitize_generation_data,237,11,0.214,NA
239,86,string-lengths-backwards,tourney,FALSE,10,elitize_generation_data,238,8,0.209,NA
240,86,string-lengths-backwards,tourney,FALSE,10,elitize_generation_data,239,10,0.234,NA
241,86,string-lengths-backwards,tourney,FALSE,10,elitize_generation_data,240,14,0.231,NA
242,86,string-lengths-backwards,tourney,FALSE,10,elitize_generation_data,241,11,0.213,NA
243,86,string-lengths-backwards,tourney,FALSE,10,elitize_generation_data,242,12,0.241,NA
244,86,string-lengths-backwards,tourney,FALSE,10,elitize_generation_data,243,15,0.227,NA
245,86,string-lengths-backwards,tourney,FALSE,10,elitize_generation_data,244,9,0.231,NA
246,86,string-lengths-backwards,tourney,FALSE,10,elitize_generation_data,245,10,0.226,NA
247,86,string-lengths-backwards,tourney,FALSE,10,elitize_generation_data,246,9,0.221,NA
248,86,string-lengths-backwards,tourney,FALSE,10,elitize_generation_data,247,11,0.238,NA
249,86,string-lengths-backwards,tourney,FALSE,10,elitize_generation_data,248,11,0.23,NA
250,86,string-lengths-backwards,tourney,FALSE,10,elitize_generation_data,249,12,0.215,NA
251,86,string-lengths-backwards,tourney,FALSE,10,elitize_generation_data,250,11,0.211,NA
252,86,string-lengths-backwards,tourney,FALSE,10,elitize_generation_data,251,12,0.249,NA
253,86,string-lengths-backwards,tourney,FALSE,10,elitize_generation_data,252,14,0.246,NA
254,86,string-lengths-backwards,tourney,FALSE,10,elitize_generation_data,253,11,0.216,NA
255,86,string-lengths-backwards,tourney,FALSE,10,elitize_generation_data,254,10,0.235,NA
256,86,string-lengths-backwards,tourney,FALSE,10,elitize_generation_data,255,11,0.236,NA
257,86,string-lengths-backwards,tourney,FALSE,10,elitize_generation_data,256,10,0.24,NA
258,86,string-lengths-backwards,tourney,FALSE,10,elitize_generation_data,257,13,0.247,NA
259,86,string-lengths-backwards,tourney,FALSE,10,elitize_generation_data,258,9,0.234,NA
260,86,string-lengths-backwards,tourney,FALSE,10,elitize_generation_data,259,11,0.25,NA
261,86,string-lengths-backwards,tourney,FALSE,10,elitize_generation_data,260,11,0.232,NA
262,86,string-lengths-backwards,tourney,FALSE,10,elitize_generation_data,261,10,0.239,NA
263,86,string-lengths-backwards,tourney,FALSE,10,elitize_generation_data,262,10,0.231,NA
264,86,string-lengths-backwards,tourney,FALSE,10,elitize_generation_data,263,11,0.224,NA
265,86,string-lengths-backwards,tourney,FALSE,10,elitize_generation_data,264,9,0.236,NA
266,86,string-lengths-backwards,tourney,FALSE,10,elitize_generation_data,265,11,0.231,NA
267,86,string-lengths-backwards,tourney,FALSE,10,elitize_generation_data,266,11,0.215,NA
268,86,string-lengths-backwards,tourney,FALSE,10,elitize_generation_data,267,15,0.236,NA
269,86,string-lengths-backwards,tourney,FALSE,10,elitize_generation_data,268,10,0.209,NA
270,86,string-lengths-backwards,tourney,FALSE,10,elitize_generation_data,269,11,0.223,NA
271,86,string-lengths-backwards,tourney,FALSE,10,elitize_generation_data,270,8,0.233,NA
272,86,string-lengths-backwards,tourney,FALSE,10,elitize_generation_data,271,11,0.233,NA
273,86,string-lengths-backwards,tourney,FALSE,10,elitize_generation_data,272,10,0.231,NA
274,86,string-lengths-backwards,tourney,FALSE,10,elitize_generation_data,273,11,0.237,NA
275,86,string-lengths-backwards,tourney,FALSE,10,elitize_generation_data,274,12,0.239,NA
276,86,string-lengths-backwards,tourney,FALSE,10,elitize_generation_data,275,11,0.237,NA
277,86,string-lengths-backwards,tourney,FALSE,10,elitize_generation_data,276,11,0.228,NA
278,86,string-lengths-backwards,tourney,FALSE,10,elitize_generation_data,277,9,0.254,NA
279,86,string-lengths-backwards,tourney,FALSE,10,elitize_generation_data,278,7,0.255,NA
280,86,string-lengths-backwards,tourney,FALSE,10,elitize_generation_data,279,11,0.233,NA
281,86,string-lengths-backwards,tourney,FALSE,10,elitize_generation_data,280,10,0.237,NA
282,86,string-lengths-backwards,tourney,FALSE,10,elitize_generation_data,281,8,0.235,NA
283,86,string-lengths-backwards,tourney,FALSE,10,elitize_generation_data,282,7,0.232,NA
284,86,string-lengths-backwards,tourney,FALSE,10,elitize_generation_data,283,10,0.24,NA
285,86,string-lengths-backwards,tourney,FALSE,10,elitize_generation_data,284,13,0.253,NA
286,86,string-lengths-backwards,tourney,FALSE,10,elitize_generation_data,285,12,0.228,NA
287,86,string-lengths-backwards,tourney,FALSE,10,elitize_generation_data,286,11,0.23,NA
288,86,string-lengths-backwards,tourney,FALSE,10,elitize_generation_data,287,9,0.236,NA
289,86,string-lengths-backwards,tourney,FALSE,10,elitize_generation_data,288,9,0.26,NA
290,86,string-lengths-backwards,tourney,FALSE,10,elitize_generation_data,289,8,0.236,NA
291,86,string-lengths-backwards,tourney,FALSE,10,elitize_generation_data,290,8,0.235,NA
292,86,string-lengths-backwards,tourney,FALSE,10,elitize_generation_data,291,10,0.235,NA
293,86,string-lengths-backwards,tourney,FALSE,10,elitize_generation_data,292,8,0.24,NA
294,86,string-lengths-backwards,tourney,FALSE,10,elitize_generation_data,293,10,0.239,NA
295,86,string-lengths-backwards,tourney,FALSE,10,elitize_generation_data,294,7,0.213,NA
296,86,string-lengths-backwards,tourney,FALSE,10,elitize_generation_data,295,11,0.24,NA
297,86,string-lengths-backwards,tourney,FALSE,10,elitize_generation_data,296,6,0.247,NA
298,86,string-lengths-backwards,tourney,FALSE,10,elitize_generation_data,297,8,0.22,NA
299,86,string-lengths-backwards,tourney,FALSE,10,elitize_generation_data,298,11,0.218,NA
300,86,string-lengths-backwards,tourney,FALSE,10,elitize_generation_data,299,12,0.249,NA
301,86,string-lengths-backwards,tourney,FALSE,10,elitize_generation_data,300,9,0.22,NA
