,run.num,problem,treatment,succeeded,height,normalization.function,generation,cluster.count,error.diversity,success.generation
1,57,string-lengths-backwards,tourney,TRUE,10,elitize_generation_data,0,9,0.265,75
2,57,string-lengths-backwards,tourney,TRUE,10,elitize_generation_data,1,8,0.134,75
3,57,string-lengths-backwards,tourney,TRUE,10,elitize_generation_data,2,15,0.197,75
4,57,string-lengths-backwards,tourney,TRUE,10,elitize_generation_data,3,17,0.22,75
5,57,string-lengths-backwards,tourney,TRUE,10,elitize_generation_data,4,24,0.251,75
6,57,string-lengths-backwards,tourney,TRUE,10,elitize_generation_data,5,20,0.223,75
7,57,string-lengths-backwards,tourney,TRUE,10,elitize_generation_data,6,17,0.104,75
8,57,string-lengths-backwards,tourney,TRUE,10,elitize_generation_data,7,5,0.046,75
9,57,string-lengths-backwards,tourney,TRUE,10,elitize_generation_data,8,5,0.044,75
10,57,string-lengths-backwards,tourney,TRUE,10,elitize_generation_data,9,5,0.059,75
11,57,string-lengths-backwards,tourney,TRUE,10,elitize_generation_data,10,7,0.113,75
12,57,string-lengths-backwards,tourney,TRUE,10,elitize_generation_data,11,12,0.18,75
13,57,string-lengths-backwards,tourney,TRUE,10,elitize_generation_data,12,12,0.12,75
14,57,string-lengths-backwards,tourney,TRUE,10,elitize_generation_data,13,15,0.118,75
15,57,string-lengths-backwards,tourney,TRUE,10,elitize_generation_data,14,5,0.171,75
16,57,string-lengths-backwards,tourney,TRUE,10,elitize_generation_data,15,5,0.169,75
17,57,string-lengths-backwards,tourney,TRUE,10,elitize_generation_data,16,5,0.179,75
18,57,string-lengths-backwards,tourney,TRUE,10,elitize_generation_data,17,8,0.19,75
19,57,string-lengths-backwards,tourney,TRUE,10,elitize_generation_data,18,9,0.215,75
20,57,string-lengths-backwards,tourney,TRUE,10,elitize_generation_data,19,6,0.188,75
21,57,string-lengths-backwards,tourney,TRUE,10,elitize_generation_data,20,8,0.165,75
22,57,string-lengths-backwards,tourney,TRUE,10,elitize_generation_data,21,6,0.179,75
23,57,string-lengths-backwards,tourney,TRUE,10,elitize_generation_data,22,4,0.268,75
24,57,string-lengths-backwards,tourney,TRUE,10,elitize_generation_data,23,6,0.365,75
25,57,string-lengths-backwards,tourney,TRUE,10,elitize_generation_data,24,7,0.44,75
26,57,string-lengths-backwards,tourney,TRUE,10,elitize_generation_data,25,9,0.485,75
27,57,string-lengths-backwards,tourney,TRUE,10,elitize_generation_data,26,5,0.463,75
28,57,string-lengths-backwards,tourney,TRUE,10,elitize_generation_data,27,3,0.478,75
29,57,string-lengths-backwards,tourney,TRUE,10,elitize_generation_data,28,3,0.4,75
30,57,string-lengths-backwards,tourney,TRUE,10,elitize_generation_data,29,3,0.355,75
31,57,string-lengths-backwards,tourney,TRUE,10,elitize_generation_data,30,4,0.273,75
32,57,string-lengths-backwards,tourney,TRUE,10,elitize_generation_data,31,5,0.271,75
33,57,string-lengths-backwards,tourney,TRUE,10,elitize_generation_data,32,6,0.24,75
34,57,string-lengths-backwards,tourney,TRUE,10,elitize_generation_data,33,7,0.203,75
35,57,string-lengths-backwards,tourney,TRUE,10,elitize_generation_data,34,6,0.235,75
36,57,string-lengths-backwards,tourney,TRUE,10,elitize_generation_data,35,6,0.213,75
37,57,string-lengths-backwards,tourney,TRUE,10,elitize_generation_data,36,9,0.21,75
38,57,string-lengths-backwards,tourney,TRUE,10,elitize_generation_data,37,9,0.209,75
39,57,string-lengths-backwards,tourney,TRUE,10,elitize_generation_data,38,9,0.208,75
40,57,string-lengths-backwards,tourney,TRUE,10,elitize_generation_data,39,13,0.233,75
41,57,string-lengths-backwards,tourney,TRUE,10,elitize_generation_data,40,8,0.211,75
42,57,string-lengths-backwards,tourney,TRUE,10,elitize_generation_data,41,8,0.233,75
43,57,string-lengths-backwards,tourney,TRUE,10,elitize_generation_data,42,7,0.244,75
44,57,string-lengths-backwards,tourney,TRUE,10,elitize_generation_data,43,8,0.235,75
45,57,string-lengths-backwards,tourney,TRUE,10,elitize_generation_data,44,5,0.228,75
46,57,string-lengths-backwards,tourney,TRUE,10,elitize_generation_data,45,7,0.243,75
47,57,string-lengths-backwards,tourney,TRUE,10,elitize_generation_data,46,9,0.222,75
48,57,string-lengths-backwards,tourney,TRUE,10,elitize_generation_data,47,7,0.221,75
49,57,string-lengths-backwards,tourney,TRUE,10,elitize_generation_data,48,12,0.222,75
50,57,string-lengths-backwards,tourney,TRUE,10,elitize_generation_data,49,9,0.237,75
51,57,string-lengths-backwards,tourney,TRUE,10,elitize_generation_data,50,8,0.216,75
52,57,string-lengths-backwards,tourney,TRUE,10,elitize_generation_data,51,10,0.232,75
53,57,string-lengths-backwards,tourney,TRUE,10,elitize_generation_data,52,9,0.243,75
54,57,string-lengths-backwards,tourney,TRUE,10,elitize_generation_data,53,8,0.244,75
55,57,string-lengths-backwards,tourney,TRUE,10,elitize_generation_data,54,11,0.238,75
56,57,string-lengths-backwards,tourney,TRUE,10,elitize_generation_data,55,12,0.226,75
57,57,string-lengths-backwards,tourney,TRUE,10,elitize_generation_data,56,9,0.216,75
58,57,string-lengths-backwards,tourney,TRUE,10,elitize_generation_data,57,9,0.221,75
59,57,string-lengths-backwards,tourney,TRUE,10,elitize_generation_data,58,5,0.202,75
60,57,string-lengths-backwards,tourney,TRUE,10,elitize_generation_data,59,5,0.235,75
61,57,string-lengths-backwards,tourney,TRUE,10,elitize_generation_data,60,10,0.237,75
62,57,string-lengths-backwards,tourney,TRUE,10,elitize_generation_data,61,8,0.224,75
63,57,string-lengths-backwards,tourney,TRUE,10,elitize_generation_data,62,6,0.215,75
64,57,string-lengths-backwards,tourney,TRUE,10,elitize_generation_data,63,6,0.228,75
65,57,string-lengths-backwards,tourney,TRUE,10,elitize_generation_data,64,8,0.237,75
66,57,string-lengths-backwards,tourney,TRUE,10,elitize_generation_data,65,6,0.216,75
67,57,string-lengths-backwards,tourney,TRUE,10,elitize_generation_data,66,9,0.207,75
68,57,string-lengths-backwards,tourney,TRUE,10,elitize_generation_data,67,4,0.21,75
69,57,string-lengths-backwards,tourney,TRUE,10,elitize_generation_data,68,7,0.224,75
70,57,string-lengths-backwards,tourney,TRUE,10,elitize_generation_data,69,7,0.204,75
71,57,string-lengths-backwards,tourney,TRUE,10,elitize_generation_data,70,8,0.232,75
72,57,string-lengths-backwards,tourney,TRUE,10,elitize_generation_data,71,9,0.22,75
73,57,string-lengths-backwards,tourney,TRUE,10,elitize_generation_data,72,8,0.22,75
74,57,string-lengths-backwards,tourney,TRUE,10,elitize_generation_data,73,6,0.231,75
75,57,string-lengths-backwards,tourney,TRUE,10,elitize_generation_data,74,6,0.252,75
76,57,string-lengths-backwards,tourney,TRUE,10,elitize_generation_data,75,2,0.239,75
