,run.num,problem,treatment,succeeded,height,normalization.function,generation,cluster.count,error.diversity,success.generation
1,6,string-lengths-backwards,tourney,FALSE,10,elitize_generation_data,0,3,0.252,NA
2,6,string-lengths-backwards,tourney,FALSE,10,elitize_generation_data,1,5,0.142,NA
3,6,string-lengths-backwards,tourney,FALSE,10,elitize_generation_data,2,9,0.204,NA
4,6,string-lengths-backwards,tourney,FALSE,10,elitize_generation_data,3,17,0.275,NA
5,6,string-lengths-backwards,tourney,FALSE,10,elitize_generation_data,4,20,0.2,NA
6,6,string-lengths-backwards,tourney,FALSE,10,elitize_generation_data,5,16,0.217,NA
7,6,string-lengths-backwards,tourney,FALSE,10,elitize_generation_data,6,14,0.223,NA
8,6,string-lengths-backwards,tourney,FALSE,10,elitize_generation_data,7,14,0.133,NA
9,6,string-lengths-backwards,tourney,FALSE,10,elitize_generation_data,8,14,0.085,NA
10,6,string-lengths-backwards,tourney,FALSE,10,elitize_generation_data,9,11,0.075,NA
11,6,string-lengths-backwards,tourney,FALSE,10,elitize_generation_data,10,12,0.08,NA
12,6,string-lengths-backwards,tourney,FALSE,10,elitize_generation_data,11,11,0.097,NA
13,6,string-lengths-backwards,tourney,FALSE,10,elitize_generation_data,12,14,0.129,NA
14,6,string-lengths-backwards,tourney,FALSE,10,elitize_generation_data,13,11,0.129,NA
15,6,string-lengths-backwards,tourney,FALSE,10,elitize_generation_data,14,6,0.122,NA
16,6,string-lengths-backwards,tourney,FALSE,10,elitize_generation_data,15,7,0.173,NA
17,6,string-lengths-backwards,tourney,FALSE,10,elitize_generation_data,16,12,0.276,NA
18,6,string-lengths-backwards,tourney,FALSE,10,elitize_generation_data,17,8,0.414,NA
19,6,string-lengths-backwards,tourney,FALSE,10,elitize_generation_data,18,13,0.377,NA
20,6,string-lengths-backwards,tourney,FALSE,10,elitize_generation_data,19,13,0.342,NA
21,6,string-lengths-backwards,tourney,FALSE,10,elitize_generation_data,20,9,0.239,NA
22,6,string-lengths-backwards,tourney,FALSE,10,elitize_generation_data,21,6,0.241,NA
23,6,string-lengths-backwards,tourney,FALSE,10,elitize_generation_data,22,7,0.217,NA
24,6,string-lengths-backwards,tourney,FALSE,10,elitize_generation_data,23,8,0.189,NA
25,6,string-lengths-backwards,tourney,FALSE,10,elitize_generation_data,24,10,0.195,NA
26,6,string-lengths-backwards,tourney,FALSE,10,elitize_generation_data,25,11,0.216,NA
27,6,string-lengths-backwards,tourney,FALSE,10,elitize_generation_data,26,9,0.193,NA
28,6,string-lengths-backwards,tourney,FALSE,10,elitize_generation_data,27,10,0.158,NA
29,6,string-lengths-backwards,tourney,FALSE,10,elitize_generation_data,28,15,0.166,NA
30,6,string-lengths-backwards,tourney,FALSE,10,elitize_generation_data,29,12,0.126,NA
31,6,string-lengths-backwards,tourney,FALSE,10,elitize_generation_data,30,16,0.153,NA
32,6,string-lengths-backwards,tourney,FALSE,10,elitize_generation_data,31,14,0.159,NA
33,6,string-lengths-backwards,tourney,FALSE,10,elitize_generation_data,32,18,0.232,NA
34,6,string-lengths-backwards,tourney,FALSE,10,elitize_generation_data,33,24,0.253,NA
35,6,string-lengths-backwards,tourney,FALSE,10,elitize_generation_data,34,17,0.179,NA
36,6,string-lengths-backwards,tourney,FALSE,10,elitize_generation_data,35,19,0.158,NA
37,6,string-lengths-backwards,tourney,FALSE,10,elitize_generation_data,36,15,0.162,NA
38,6,string-lengths-backwards,tourney,FALSE,10,elitize_generation_data,37,14,0.181,NA
39,6,string-lengths-backwards,tourney,FALSE,10,elitize_generation_data,38,16,0.197,NA
40,6,string-lengths-backwards,tourney,FALSE,10,elitize_generation_data,39,17,0.177,NA
41,6,string-lengths-backwards,tourney,FALSE,10,elitize_generation_data,40,18,0.171,NA
42,6,string-lengths-backwards,tourney,FALSE,10,elitize_generation_data,41,21,0.155,NA
43,6,string-lengths-backwards,tourney,FALSE,10,elitize_generation_data,42,18,0.154,NA
44,6,string-lengths-backwards,tourney,FALSE,10,elitize_generation_data,43,19,0.165,NA
45,6,string-lengths-backwards,tourney,FALSE,10,elitize_generation_data,44,18,0.154,NA
46,6,string-lengths-backwards,tourney,FALSE,10,elitize_generation_data,45,15,0.173,NA
47,6,string-lengths-backwards,tourney,FALSE,10,elitize_generation_data,46,10,0.155,NA
48,6,string-lengths-backwards,tourney,FALSE,10,elitize_generation_data,47,14,0.163,NA
49,6,string-lengths-backwards,tourney,FALSE,10,elitize_generation_data,48,10,0.167,NA
50,6,string-lengths-backwards,tourney,FALSE,10,elitize_generation_data,49,2,0.196,NA
51,6,string-lengths-backwards,tourney,FALSE,10,elitize_generation_data,50,4,0.225,NA
52,6,string-lengths-backwards,tourney,FALSE,10,elitize_generation_data,51,4,0.256,NA
53,6,string-lengths-backwards,tourney,FALSE,10,elitize_generation_data,52,4,0.332,NA
54,6,string-lengths-backwards,tourney,FALSE,10,elitize_generation_data,53,4,0.325,NA
55,6,string-lengths-backwards,tourney,FALSE,10,elitize_generation_data,54,6,0.308,NA
56,6,string-lengths-backwards,tourney,FALSE,10,elitize_generation_data,55,3,0.265,NA
57,6,string-lengths-backwards,tourney,FALSE,10,elitize_generation_data,56,3,0.252,NA
58,6,string-lengths-backwards,tourney,FALSE,10,elitize_generation_data,57,4,0.266,NA
59,6,string-lengths-backwards,tourney,FALSE,10,elitize_generation_data,58,2,0.245,NA
60,6,string-lengths-backwards,tourney,FALSE,10,elitize_generation_data,59,5,0.214,NA
61,6,string-lengths-backwards,tourney,FALSE,10,elitize_generation_data,60,4,0.179,NA
62,6,string-lengths-backwards,tourney,FALSE,10,elitize_generation_data,61,5,0.138,NA
63,6,string-lengths-backwards,tourney,FALSE,10,elitize_generation_data,62,4,0.139,NA
64,6,string-lengths-backwards,tourney,FALSE,10,elitize_generation_data,63,3,0.13,NA
65,6,string-lengths-backwards,tourney,FALSE,10,elitize_generation_data,64,4,0.149,NA
66,6,string-lengths-backwards,tourney,FALSE,10,elitize_generation_data,65,4,0.132,NA
67,6,string-lengths-backwards,tourney,FALSE,10,elitize_generation_data,66,5,0.118,NA
68,6,string-lengths-backwards,tourney,FALSE,10,elitize_generation_data,67,5,0.148,NA
69,6,string-lengths-backwards,tourney,FALSE,10,elitize_generation_data,68,5,0.118,NA
70,6,string-lengths-backwards,tourney,FALSE,10,elitize_generation_data,69,2,0.128,NA
71,6,string-lengths-backwards,tourney,FALSE,10,elitize_generation_data,70,6,0.107,NA
72,6,string-lengths-backwards,tourney,FALSE,10,elitize_generation_data,71,4,0.112,NA
73,6,string-lengths-backwards,tourney,FALSE,10,elitize_generation_data,72,4,0.13,NA
74,6,string-lengths-backwards,tourney,FALSE,10,elitize_generation_data,73,5,0.116,NA
75,6,string-lengths-backwards,tourney,FALSE,10,elitize_generation_data,74,5,0.103,NA
76,6,string-lengths-backwards,tourney,FALSE,10,elitize_generation_data,75,4,0.113,NA
77,6,string-lengths-backwards,tourney,FALSE,10,elitize_generation_data,76,5,0.105,NA
78,6,string-lengths-backwards,tourney,FALSE,10,elitize_generation_data,77,4,0.108,NA
79,6,string-lengths-backwards,tourney,FALSE,10,elitize_generation_data,78,4,0.101,NA
80,6,string-lengths-backwards,tourney,FALSE,10,elitize_generation_data,79,5,0.102,NA
81,6,string-lengths-backwards,tourney,FALSE,10,elitize_generation_data,80,6,0.093,NA
82,6,string-lengths-backwards,tourney,FALSE,10,elitize_generation_data,81,3,0.1,NA
83,6,string-lengths-backwards,tourney,FALSE,10,elitize_generation_data,82,3,0.102,NA
84,6,string-lengths-backwards,tourney,FALSE,10,elitize_generation_data,83,6,0.086,NA
85,6,string-lengths-backwards,tourney,FALSE,10,elitize_generation_data,84,7,0.086,NA
86,6,string-lengths-backwards,tourney,FALSE,10,elitize_generation_data,85,6,0.073,NA
87,6,string-lengths-backwards,tourney,FALSE,10,elitize_generation_data,86,4,0.09,NA
88,6,string-lengths-backwards,tourney,FALSE,10,elitize_generation_data,87,4,0.103,NA
89,6,string-lengths-backwards,tourney,FALSE,10,elitize_generation_data,88,4,0.087,NA
90,6,string-lengths-backwards,tourney,FALSE,10,elitize_generation_data,89,3,0.084,NA
91,6,string-lengths-backwards,tourney,FALSE,10,elitize_generation_data,90,6,0.079,NA
92,6,string-lengths-backwards,tourney,FALSE,10,elitize_generation_data,91,6,0.088,NA
93,6,string-lengths-backwards,tourney,FALSE,10,elitize_generation_data,92,4,0.092,NA
94,6,string-lengths-backwards,tourney,FALSE,10,elitize_generation_data,93,5,0.099,NA
95,6,string-lengths-backwards,tourney,FALSE,10,elitize_generation_data,94,5,0.077,NA
96,6,string-lengths-backwards,tourney,FALSE,10,elitize_generation_data,95,5,0.102,NA
97,6,string-lengths-backwards,tourney,FALSE,10,elitize_generation_data,96,6,0.075,NA
98,6,string-lengths-backwards,tourney,FALSE,10,elitize_generation_data,97,3,0.074,NA
99,6,string-lengths-backwards,tourney,FALSE,10,elitize_generation_data,98,3,0.073,NA
100,6,string-lengths-backwards,tourney,FALSE,10,elitize_generation_data,99,5,0.09,NA
101,6,string-lengths-backwards,tourney,FALSE,10,elitize_generation_data,100,6,0.068,NA
102,6,string-lengths-backwards,tourney,FALSE,10,elitize_generation_data,101,5,0.073,NA
103,6,string-lengths-backwards,tourney,FALSE,10,elitize_generation_data,102,3,0.073,NA
104,6,string-lengths-backwards,tourney,FALSE,10,elitize_generation_data,103,5,0.083,NA
105,6,string-lengths-backwards,tourney,FALSE,10,elitize_generation_data,104,6,0.074,NA
106,6,string-lengths-backwards,tourney,FALSE,10,elitize_generation_data,105,4,0.078,NA
107,6,string-lengths-backwards,tourney,FALSE,10,elitize_generation_data,106,6,0.08,NA
108,6,string-lengths-backwards,tourney,FALSE,10,elitize_generation_data,107,3,0.064,NA
109,6,string-lengths-backwards,tourney,FALSE,10,elitize_generation_data,108,4,0.083,NA
110,6,string-lengths-backwards,tourney,FALSE,10,elitize_generation_data,109,5,0.072,NA
111,6,string-lengths-backwards,tourney,FALSE,10,elitize_generation_data,110,4,0.083,NA
112,6,string-lengths-backwards,tourney,FALSE,10,elitize_generation_data,111,5,0.067,NA
113,6,string-lengths-backwards,tourney,FALSE,10,elitize_generation_data,112,5,0.072,NA
114,6,string-lengths-backwards,tourney,FALSE,10,elitize_generation_data,113,4,0.062,NA
115,6,string-lengths-backwards,tourney,FALSE,10,elitize_generation_data,114,4,0.07,NA
116,6,string-lengths-backwards,tourney,FALSE,10,elitize_generation_data,115,4,0.071,NA
117,6,string-lengths-backwards,tourney,FALSE,10,elitize_generation_data,116,3,0.064,NA
118,6,string-lengths-backwards,tourney,FALSE,10,elitize_generation_data,117,4,0.066,NA
119,6,string-lengths-backwards,tourney,FALSE,10,elitize_generation_data,118,4,0.064,NA
120,6,string-lengths-backwards,tourney,FALSE,10,elitize_generation_data,119,4,0.074,NA
121,6,string-lengths-backwards,tourney,FALSE,10,elitize_generation_data,120,4,0.064,NA
122,6,string-lengths-backwards,tourney,FALSE,10,elitize_generation_data,121,4,0.057,NA
123,6,string-lengths-backwards,tourney,FALSE,10,elitize_generation_data,122,4,0.074,NA
124,6,string-lengths-backwards,tourney,FALSE,10,elitize_generation_data,123,5,0.062,NA
125,6,string-lengths-backwards,tourney,FALSE,10,elitize_generation_data,124,5,0.053,NA
126,6,string-lengths-backwards,tourney,FALSE,10,elitize_generation_data,125,5,0.059,NA
127,6,string-lengths-backwards,tourney,FALSE,10,elitize_generation_data,126,6,0.056,NA
128,6,string-lengths-backwards,tourney,FALSE,10,elitize_generation_data,127,6,0.068,NA
129,6,string-lengths-backwards,tourney,FALSE,10,elitize_generation_data,128,4,0.062,NA
130,6,string-lengths-backwards,tourney,FALSE,10,elitize_generation_data,129,5,0.07,NA
131,6,string-lengths-backwards,tourney,FALSE,10,elitize_generation_data,130,3,0.05,NA
132,6,string-lengths-backwards,tourney,FALSE,10,elitize_generation_data,131,7,0.06,NA
133,6,string-lengths-backwards,tourney,FALSE,10,elitize_generation_data,132,6,0.061,NA
134,6,string-lengths-backwards,tourney,FALSE,10,elitize_generation_data,133,5,0.057,NA
135,6,string-lengths-backwards,tourney,FALSE,10,elitize_generation_data,134,5,0.068,NA
136,6,string-lengths-backwards,tourney,FALSE,10,elitize_generation_data,135,5,0.061,NA
137,6,string-lengths-backwards,tourney,FALSE,10,elitize_generation_data,136,7,0.065,NA
138,6,string-lengths-backwards,tourney,FALSE,10,elitize_generation_data,137,2,0.048,NA
139,6,string-lengths-backwards,tourney,FALSE,10,elitize_generation_data,138,5,0.053,NA
140,6,string-lengths-backwards,tourney,FALSE,10,elitize_generation_data,139,5,0.05,NA
141,6,string-lengths-backwards,tourney,FALSE,10,elitize_generation_data,140,4,0.056,NA
142,6,string-lengths-backwards,tourney,FALSE,10,elitize_generation_data,141,4,0.063,NA
143,6,string-lengths-backwards,tourney,FALSE,10,elitize_generation_data,142,4,0.044,NA
144,6,string-lengths-backwards,tourney,FALSE,10,elitize_generation_data,143,6,0.058,NA
145,6,string-lengths-backwards,tourney,FALSE,10,elitize_generation_data,144,6,0.065,NA
146,6,string-lengths-backwards,tourney,FALSE,10,elitize_generation_data,145,8,0.057,NA
147,6,string-lengths-backwards,tourney,FALSE,10,elitize_generation_data,146,4,0.055,NA
148,6,string-lengths-backwards,tourney,FALSE,10,elitize_generation_data,147,4,0.045,NA
149,6,string-lengths-backwards,tourney,FALSE,10,elitize_generation_data,148,5,0.052,NA
150,6,string-lengths-backwards,tourney,FALSE,10,elitize_generation_data,149,5,0.041,NA
151,6,string-lengths-backwards,tourney,FALSE,10,elitize_generation_data,150,5,0.052,NA
152,6,string-lengths-backwards,tourney,FALSE,10,elitize_generation_data,151,4,0.061,NA
153,6,string-lengths-backwards,tourney,FALSE,10,elitize_generation_data,152,6,0.056,NA
154,6,string-lengths-backwards,tourney,FALSE,10,elitize_generation_data,153,5,0.062,NA
155,6,string-lengths-backwards,tourney,FALSE,10,elitize_generation_data,154,4,0.054,NA
156,6,string-lengths-backwards,tourney,FALSE,10,elitize_generation_data,155,5,0.045,NA
157,6,string-lengths-backwards,tourney,FALSE,10,elitize_generation_data,156,3,0.057,NA
158,6,string-lengths-backwards,tourney,FALSE,10,elitize_generation_data,157,4,0.045,NA
159,6,string-lengths-backwards,tourney,FALSE,10,elitize_generation_data,158,5,0.065,NA
160,6,string-lengths-backwards,tourney,FALSE,10,elitize_generation_data,159,6,0.048,NA
161,6,string-lengths-backwards,tourney,FALSE,10,elitize_generation_data,160,4,0.042,NA
162,6,string-lengths-backwards,tourney,FALSE,10,elitize_generation_data,161,4,0.046,NA
163,6,string-lengths-backwards,tourney,FALSE,10,elitize_generation_data,162,4,0.043,NA
164,6,string-lengths-backwards,tourney,FALSE,10,elitize_generation_data,163,4,0.057,NA
165,6,string-lengths-backwards,tourney,FALSE,10,elitize_generation_data,164,5,0.04,NA
166,6,string-lengths-backwards,tourney,FALSE,10,elitize_generation_data,165,3,0.049,NA
167,6,string-lengths-backwards,tourney,FALSE,10,elitize_generation_data,166,7,0.05,NA
168,6,string-lengths-backwards,tourney,FALSE,10,elitize_generation_data,167,3,0.047,NA
169,6,string-lengths-backwards,tourney,FALSE,10,elitize_generation_data,168,4,0.057,NA
170,6,string-lengths-backwards,tourney,FALSE,10,elitize_generation_data,169,4,0.056,NA
171,6,string-lengths-backwards,tourney,FALSE,10,elitize_generation_data,170,6,0.05,NA
172,6,string-lengths-backwards,tourney,FALSE,10,elitize_generation_data,171,6,0.047,NA
173,6,string-lengths-backwards,tourney,FALSE,10,elitize_generation_data,172,4,0.045,NA
174,6,string-lengths-backwards,tourney,FALSE,10,elitize_generation_data,173,5,0.049,NA
175,6,string-lengths-backwards,tourney,FALSE,10,elitize_generation_data,174,5,0.051,NA
176,6,string-lengths-backwards,tourney,FALSE,10,elitize_generation_data,175,5,0.058,NA
177,6,string-lengths-backwards,tourney,FALSE,10,elitize_generation_data,176,5,0.043,NA
178,6,string-lengths-backwards,tourney,FALSE,10,elitize_generation_data,177,5,0.044,NA
179,6,string-lengths-backwards,tourney,FALSE,10,elitize_generation_data,178,4,0.041,NA
180,6,string-lengths-backwards,tourney,FALSE,10,elitize_generation_data,179,5,0.049,NA
181,6,string-lengths-backwards,tourney,FALSE,10,elitize_generation_data,180,6,0.044,NA
182,6,string-lengths-backwards,tourney,FALSE,10,elitize_generation_data,181,5,0.035,NA
183,6,string-lengths-backwards,tourney,FALSE,10,elitize_generation_data,182,4,0.05,NA
184,6,string-lengths-backwards,tourney,FALSE,10,elitize_generation_data,183,3,0.052,NA
185,6,string-lengths-backwards,tourney,FALSE,10,elitize_generation_data,184,4,0.041,NA
186,6,string-lengths-backwards,tourney,FALSE,10,elitize_generation_data,185,5,0.04,NA
187,6,string-lengths-backwards,tourney,FALSE,10,elitize_generation_data,186,4,0.042,NA
188,6,string-lengths-backwards,tourney,FALSE,10,elitize_generation_data,187,5,0.053,NA
189,6,string-lengths-backwards,tourney,FALSE,10,elitize_generation_data,188,6,0.044,NA
190,6,string-lengths-backwards,tourney,FALSE,10,elitize_generation_data,189,7,0.051,NA
191,6,string-lengths-backwards,tourney,FALSE,10,elitize_generation_data,190,5,0.052,NA
192,6,string-lengths-backwards,tourney,FALSE,10,elitize_generation_data,191,5,0.057,NA
193,6,string-lengths-backwards,tourney,FALSE,10,elitize_generation_data,192,4,0.039,NA
194,6,string-lengths-backwards,tourney,FALSE,10,elitize_generation_data,193,5,0.049,NA
195,6,string-lengths-backwards,tourney,FALSE,10,elitize_generation_data,194,4,0.043,NA
196,6,string-lengths-backwards,tourney,FALSE,10,elitize_generation_data,195,4,0.046,NA
197,6,string-lengths-backwards,tourney,FALSE,10,elitize_generation_data,196,4,0.048,NA
198,6,string-lengths-backwards,tourney,FALSE,10,elitize_generation_data,197,5,0.042,NA
199,6,string-lengths-backwards,tourney,FALSE,10,elitize_generation_data,198,5,0.047,NA
200,6,string-lengths-backwards,tourney,FALSE,10,elitize_generation_data,199,4,0.046,NA
201,6,string-lengths-backwards,tourney,FALSE,10,elitize_generation_data,200,5,0.045,NA
202,6,string-lengths-backwards,tourney,FALSE,10,elitize_generation_data,201,4,0.038,NA
203,6,string-lengths-backwards,tourney,FALSE,10,elitize_generation_data,202,5,0.043,NA
204,6,string-lengths-backwards,tourney,FALSE,10,elitize_generation_data,203,4,0.046,NA
205,6,string-lengths-backwards,tourney,FALSE,10,elitize_generation_data,204,5,0.045,NA
206,6,string-lengths-backwards,tourney,FALSE,10,elitize_generation_data,205,3,0.039,NA
207,6,string-lengths-backwards,tourney,FALSE,10,elitize_generation_data,206,3,0.046,NA
208,6,string-lengths-backwards,tourney,FALSE,10,elitize_generation_data,207,3,0.043,NA
209,6,string-lengths-backwards,tourney,FALSE,10,elitize_generation_data,208,3,0.042,NA
210,6,string-lengths-backwards,tourney,FALSE,10,elitize_generation_data,209,5,0.044,NA
211,6,string-lengths-backwards,tourney,FALSE,10,elitize_generation_data,210,4,0.05,NA
212,6,string-lengths-backwards,tourney,FALSE,10,elitize_generation_data,211,6,0.048,NA
213,6,string-lengths-backwards,tourney,FALSE,10,elitize_generation_data,212,5,0.047,NA
214,6,string-lengths-backwards,tourney,FALSE,10,elitize_generation_data,213,3,0.041,NA
215,6,string-lengths-backwards,tourney,FALSE,10,elitize_generation_data,214,2,0.044,NA
216,6,string-lengths-backwards,tourney,FALSE,10,elitize_generation_data,215,6,0.045,NA
217,6,string-lengths-backwards,tourney,FALSE,10,elitize_generation_data,216,4,0.052,NA
218,6,string-lengths-backwards,tourney,FALSE,10,elitize_generation_data,217,4,0.051,NA
219,6,string-lengths-backwards,tourney,FALSE,10,elitize_generation_data,218,4,0.053,NA
220,6,string-lengths-backwards,tourney,FALSE,10,elitize_generation_data,219,6,0.034,NA
221,6,string-lengths-backwards,tourney,FALSE,10,elitize_generation_data,220,7,0.048,NA
222,6,string-lengths-backwards,tourney,FALSE,10,elitize_generation_data,221,3,0.037,NA
223,6,string-lengths-backwards,tourney,FALSE,10,elitize_generation_data,222,4,0.045,NA
224,6,string-lengths-backwards,tourney,FALSE,10,elitize_generation_data,223,4,0.042,NA
225,6,string-lengths-backwards,tourney,FALSE,10,elitize_generation_data,224,4,0.033,NA
226,6,string-lengths-backwards,tourney,FALSE,10,elitize_generation_data,225,4,0.048,NA
227,6,string-lengths-backwards,tourney,FALSE,10,elitize_generation_data,226,4,0.036,NA
228,6,string-lengths-backwards,tourney,FALSE,10,elitize_generation_data,227,3,0.049,NA
229,6,string-lengths-backwards,tourney,FALSE,10,elitize_generation_data,228,5,0.028,NA
230,6,string-lengths-backwards,tourney,FALSE,10,elitize_generation_data,229,4,0.043,NA
231,6,string-lengths-backwards,tourney,FALSE,10,elitize_generation_data,230,4,0.027,NA
232,6,string-lengths-backwards,tourney,FALSE,10,elitize_generation_data,231,4,0.042,NA
233,6,string-lengths-backwards,tourney,FALSE,10,elitize_generation_data,232,6,0.043,NA
234,6,string-lengths-backwards,tourney,FALSE,10,elitize_generation_data,233,4,0.035,NA
235,6,string-lengths-backwards,tourney,FALSE,10,elitize_generation_data,234,4,0.036,NA
236,6,string-lengths-backwards,tourney,FALSE,10,elitize_generation_data,235,3,0.037,NA
237,6,string-lengths-backwards,tourney,FALSE,10,elitize_generation_data,236,4,0.034,NA
238,6,string-lengths-backwards,tourney,FALSE,10,elitize_generation_data,237,5,0.038,NA
239,6,string-lengths-backwards,tourney,FALSE,10,elitize_generation_data,238,4,0.046,NA
240,6,string-lengths-backwards,tourney,FALSE,10,elitize_generation_data,239,4,0.036,NA
241,6,string-lengths-backwards,tourney,FALSE,10,elitize_generation_data,240,6,0.037,NA
242,6,string-lengths-backwards,tourney,FALSE,10,elitize_generation_data,241,5,0.042,NA
243,6,string-lengths-backwards,tourney,FALSE,10,elitize_generation_data,242,4,0.028,NA
244,6,string-lengths-backwards,tourney,FALSE,10,elitize_generation_data,243,5,0.045,NA
245,6,string-lengths-backwards,tourney,FALSE,10,elitize_generation_data,244,5,0.033,NA
246,6,string-lengths-backwards,tourney,FALSE,10,elitize_generation_data,245,4,0.038,NA
247,6,string-lengths-backwards,tourney,FALSE,10,elitize_generation_data,246,3,0.031,NA
248,6,string-lengths-backwards,tourney,FALSE,10,elitize_generation_data,247,5,0.033,NA
249,6,string-lengths-backwards,tourney,FALSE,10,elitize_generation_data,248,4,0.044,NA
250,6,string-lengths-backwards,tourney,FALSE,10,elitize_generation_data,249,3,0.033,NA
251,6,string-lengths-backwards,tourney,FALSE,10,elitize_generation_data,250,4,0.032,NA
252,6,string-lengths-backwards,tourney,FALSE,10,elitize_generation_data,251,3,0.034,NA
253,6,string-lengths-backwards,tourney,FALSE,10,elitize_generation_data,252,3,0.034,NA
254,6,string-lengths-backwards,tourney,FALSE,10,elitize_generation_data,253,4,0.027,NA
255,6,string-lengths-backwards,tourney,FALSE,10,elitize_generation_data,254,3,0.03,NA
256,6,string-lengths-backwards,tourney,FALSE,10,elitize_generation_data,255,3,0.033,NA
257,6,string-lengths-backwards,tourney,FALSE,10,elitize_generation_data,256,5,0.033,NA
258,6,string-lengths-backwards,tourney,FALSE,10,elitize_generation_data,257,5,0.03,NA
259,6,string-lengths-backwards,tourney,FALSE,10,elitize_generation_data,258,3,0.026,NA
260,6,string-lengths-backwards,tourney,FALSE,10,elitize_generation_data,259,4,0.052,NA
261,6,string-lengths-backwards,tourney,FALSE,10,elitize_generation_data,260,5,0.029,NA
262,6,string-lengths-backwards,tourney,FALSE,10,elitize_generation_data,261,5,0.033,NA
263,6,string-lengths-backwards,tourney,FALSE,10,elitize_generation_data,262,6,0.037,NA
264,6,string-lengths-backwards,tourney,FALSE,10,elitize_generation_data,263,3,0.032,NA
265,6,string-lengths-backwards,tourney,FALSE,10,elitize_generation_data,264,4,0.031,NA
266,6,string-lengths-backwards,tourney,FALSE,10,elitize_generation_data,265,5,0.042,NA
267,6,string-lengths-backwards,tourney,FALSE,10,elitize_generation_data,266,4,0.036,NA
268,6,string-lengths-backwards,tourney,FALSE,10,elitize_generation_data,267,5,0.039,NA
269,6,string-lengths-backwards,tourney,FALSE,10,elitize_generation_data,268,5,0.039,NA
270,6,string-lengths-backwards,tourney,FALSE,10,elitize_generation_data,269,5,0.036,NA
271,6,string-lengths-backwards,tourney,FALSE,10,elitize_generation_data,270,3,0.031,NA
272,6,string-lengths-backwards,tourney,FALSE,10,elitize_generation_data,271,5,0.03,NA
273,6,string-lengths-backwards,tourney,FALSE,10,elitize_generation_data,272,5,0.034,NA
274,6,string-lengths-backwards,tourney,FALSE,10,elitize_generation_data,273,4,0.024,NA
275,6,string-lengths-backwards,tourney,FALSE,10,elitize_generation_data,274,5,0.034,NA
276,6,string-lengths-backwards,tourney,FALSE,10,elitize_generation_data,275,4,0.03,NA
277,6,string-lengths-backwards,tourney,FALSE,10,elitize_generation_data,276,4,0.035,NA
278,6,string-lengths-backwards,tourney,FALSE,10,elitize_generation_data,277,3,0.037,NA
279,6,string-lengths-backwards,tourney,FALSE,10,elitize_generation_data,278,5,0.029,NA
280,6,string-lengths-backwards,tourney,FALSE,10,elitize_generation_data,279,4,0.034,NA
281,6,string-lengths-backwards,tourney,FALSE,10,elitize_generation_data,280,4,0.03,NA
282,6,string-lengths-backwards,tourney,FALSE,10,elitize_generation_data,281,3,0.033,NA
283,6,string-lengths-backwards,tourney,FALSE,10,elitize_generation_data,282,8,0.032,NA
284,6,string-lengths-backwards,tourney,FALSE,10,elitize_generation_data,283,4,0.031,NA
285,6,string-lengths-backwards,tourney,FALSE,10,elitize_generation_data,284,3,0.029,NA
286,6,string-lengths-backwards,tourney,FALSE,10,elitize_generation_data,285,4,0.037,NA
287,6,string-lengths-backwards,tourney,FALSE,10,elitize_generation_data,286,4,0.038,NA
288,6,string-lengths-backwards,tourney,FALSE,10,elitize_generation_data,287,3,0.031,NA
289,6,string-lengths-backwards,tourney,FALSE,10,elitize_generation_data,288,6,0.024,NA
290,6,string-lengths-backwards,tourney,FALSE,10,elitize_generation_data,289,3,0.034,NA
291,6,string-lengths-backwards,tourney,FALSE,10,elitize_generation_data,290,5,0.025,NA
292,6,string-lengths-backwards,tourney,FALSE,10,elitize_generation_data,291,5,0.031,NA
293,6,string-lengths-backwards,tourney,FALSE,10,elitize_generation_data,292,5,0.028,NA
294,6,string-lengths-backwards,tourney,FALSE,10,elitize_generation_data,293,5,0.033,NA
295,6,string-lengths-backwards,tourney,FALSE,10,elitize_generation_data,294,3,0.032,NA
296,6,string-lengths-backwards,tourney,FALSE,10,elitize_generation_data,295,3,0.021,NA
297,6,string-lengths-backwards,tourney,FALSE,10,elitize_generation_data,296,6,0.036,NA
298,6,string-lengths-backwards,tourney,FALSE,10,elitize_generation_data,297,3,0.029,NA
299,6,string-lengths-backwards,tourney,FALSE,10,elitize_generation_data,298,3,0.031,NA
300,6,string-lengths-backwards,tourney,FALSE,10,elitize_generation_data,299,6,0.028,NA
301,6,string-lengths-backwards,tourney,FALSE,10,elitize_generation_data,300,5,0.036,NA
