,run.num,problem,treatment,succeeded,height,normalization.function,generation,cluster.count,error.diversity,success.generation
1,25,string-lengths-backwards,tourney,FALSE,10,elitize_generation_data,0,6,0.262,NA
2,25,string-lengths-backwards,tourney,FALSE,10,elitize_generation_data,1,5,0.143,NA
3,25,string-lengths-backwards,tourney,FALSE,10,elitize_generation_data,2,8,0.268,NA
4,25,string-lengths-backwards,tourney,FALSE,10,elitize_generation_data,3,5,0.245,NA
5,25,string-lengths-backwards,tourney,FALSE,10,elitize_generation_data,4,10,0.144,NA
6,25,string-lengths-backwards,tourney,FALSE,10,elitize_generation_data,5,10,0.145,NA
7,25,string-lengths-backwards,tourney,FALSE,10,elitize_generation_data,6,11,0.2,NA
8,25,string-lengths-backwards,tourney,FALSE,10,elitize_generation_data,7,12,0.213,NA
9,25,string-lengths-backwards,tourney,FALSE,10,elitize_generation_data,8,11,0.178,NA
10,25,string-lengths-backwards,tourney,FALSE,10,elitize_generation_data,9,10,0.135,NA
11,25,string-lengths-backwards,tourney,FALSE,10,elitize_generation_data,10,11,0.137,NA
12,25,string-lengths-backwards,tourney,FALSE,10,elitize_generation_data,11,23,0.211,NA
13,25,string-lengths-backwards,tourney,FALSE,10,elitize_generation_data,12,16,0.313,NA
14,25,string-lengths-backwards,tourney,FALSE,10,elitize_generation_data,13,35,0.341,NA
15,25,string-lengths-backwards,tourney,FALSE,10,elitize_generation_data,14,33,0.312,NA
16,25,string-lengths-backwards,tourney,FALSE,10,elitize_generation_data,15,23,0.27,NA
17,25,string-lengths-backwards,tourney,FALSE,10,elitize_generation_data,16,20,0.233,NA
18,25,string-lengths-backwards,tourney,FALSE,10,elitize_generation_data,17,20,0.261,NA
19,25,string-lengths-backwards,tourney,FALSE,10,elitize_generation_data,18,17,0.283,NA
20,25,string-lengths-backwards,tourney,FALSE,10,elitize_generation_data,19,24,0.266,NA
21,25,string-lengths-backwards,tourney,FALSE,10,elitize_generation_data,20,17,0.243,NA
22,25,string-lengths-backwards,tourney,FALSE,10,elitize_generation_data,21,23,0.232,NA
23,25,string-lengths-backwards,tourney,FALSE,10,elitize_generation_data,22,29,0.241,NA
24,25,string-lengths-backwards,tourney,FALSE,10,elitize_generation_data,23,29,0.269,NA
25,25,string-lengths-backwards,tourney,FALSE,10,elitize_generation_data,24,39,0.343,NA
26,25,string-lengths-backwards,tourney,FALSE,10,elitize_generation_data,25,33,0.349,NA
27,25,string-lengths-backwards,tourney,FALSE,10,elitize_generation_data,26,31,0.344,NA
28,25,string-lengths-backwards,tourney,FALSE,10,elitize_generation_data,27,40,0.317,NA
29,25,string-lengths-backwards,tourney,FALSE,10,elitize_generation_data,28,20,0.321,NA
30,25,string-lengths-backwards,tourney,FALSE,10,elitize_generation_data,29,39,0.34,NA
31,25,string-lengths-backwards,tourney,FALSE,10,elitize_generation_data,30,29,0.376,NA
32,25,string-lengths-backwards,tourney,FALSE,10,elitize_generation_data,31,18,0.35,NA
33,25,string-lengths-backwards,tourney,FALSE,10,elitize_generation_data,32,19,0.388,NA
34,25,string-lengths-backwards,tourney,FALSE,10,elitize_generation_data,33,27,0.404,NA
35,25,string-lengths-backwards,tourney,FALSE,10,elitize_generation_data,34,14,0.41,NA
36,25,string-lengths-backwards,tourney,FALSE,10,elitize_generation_data,35,15,0.431,NA
37,25,string-lengths-backwards,tourney,FALSE,10,elitize_generation_data,36,16,0.459,NA
38,25,string-lengths-backwards,tourney,FALSE,10,elitize_generation_data,37,16,0.462,NA
39,25,string-lengths-backwards,tourney,FALSE,10,elitize_generation_data,38,10,0.47,NA
40,25,string-lengths-backwards,tourney,FALSE,10,elitize_generation_data,39,12,0.496,NA
41,25,string-lengths-backwards,tourney,FALSE,10,elitize_generation_data,40,21,0.515,NA
42,25,string-lengths-backwards,tourney,FALSE,10,elitize_generation_data,41,12,0.519,NA
43,25,string-lengths-backwards,tourney,FALSE,10,elitize_generation_data,42,16,0.529,NA
44,25,string-lengths-backwards,tourney,FALSE,10,elitize_generation_data,43,3,0.525,NA
45,25,string-lengths-backwards,tourney,FALSE,10,elitize_generation_data,44,3,0.433,NA
46,25,string-lengths-backwards,tourney,FALSE,10,elitize_generation_data,45,4,0.262,NA
47,25,string-lengths-backwards,tourney,FALSE,10,elitize_generation_data,46,10,0.284,NA
48,25,string-lengths-backwards,tourney,FALSE,10,elitize_generation_data,47,8,0.329,NA
49,25,string-lengths-backwards,tourney,FALSE,10,elitize_generation_data,48,6,0.365,NA
50,25,string-lengths-backwards,tourney,FALSE,10,elitize_generation_data,49,5,0.378,NA
51,25,string-lengths-backwards,tourney,FALSE,10,elitize_generation_data,50,5,0.352,NA
52,25,string-lengths-backwards,tourney,FALSE,10,elitize_generation_data,51,6,0.383,NA
53,25,string-lengths-backwards,tourney,FALSE,10,elitize_generation_data,52,8,0.334,NA
54,25,string-lengths-backwards,tourney,FALSE,10,elitize_generation_data,53,9,0.325,NA
55,25,string-lengths-backwards,tourney,FALSE,10,elitize_generation_data,54,6,0.346,NA
56,25,string-lengths-backwards,tourney,FALSE,10,elitize_generation_data,55,3,0.398,NA
57,25,string-lengths-backwards,tourney,FALSE,10,elitize_generation_data,56,5,0.404,NA
58,25,string-lengths-backwards,tourney,FALSE,10,elitize_generation_data,57,6,0.365,NA
59,25,string-lengths-backwards,tourney,FALSE,10,elitize_generation_data,58,11,0.297,NA
60,25,string-lengths-backwards,tourney,FALSE,10,elitize_generation_data,59,14,0.319,NA
61,25,string-lengths-backwards,tourney,FALSE,10,elitize_generation_data,60,9,0.29,NA
62,25,string-lengths-backwards,tourney,FALSE,10,elitize_generation_data,61,15,0.295,NA
63,25,string-lengths-backwards,tourney,FALSE,10,elitize_generation_data,62,14,0.309,NA
64,25,string-lengths-backwards,tourney,FALSE,10,elitize_generation_data,63,8,0.328,NA
65,25,string-lengths-backwards,tourney,FALSE,10,elitize_generation_data,64,11,0.335,NA
66,25,string-lengths-backwards,tourney,FALSE,10,elitize_generation_data,65,9,0.32,NA
67,25,string-lengths-backwards,tourney,FALSE,10,elitize_generation_data,66,18,0.304,NA
68,25,string-lengths-backwards,tourney,FALSE,10,elitize_generation_data,67,11,0.344,NA
69,25,string-lengths-backwards,tourney,FALSE,10,elitize_generation_data,68,19,0.359,NA
70,25,string-lengths-backwards,tourney,FALSE,10,elitize_generation_data,69,2,0.336,NA
71,25,string-lengths-backwards,tourney,FALSE,10,elitize_generation_data,70,2,0.349,NA
72,25,string-lengths-backwards,tourney,FALSE,10,elitize_generation_data,71,3,0.402,NA
73,25,string-lengths-backwards,tourney,FALSE,10,elitize_generation_data,72,4,0.453,NA
74,25,string-lengths-backwards,tourney,FALSE,10,elitize_generation_data,73,5,0.489,NA
75,25,string-lengths-backwards,tourney,FALSE,10,elitize_generation_data,74,10,0.557,NA
76,25,string-lengths-backwards,tourney,FALSE,10,elitize_generation_data,75,10,0.488,NA
77,25,string-lengths-backwards,tourney,FALSE,10,elitize_generation_data,76,11,0.356,NA
78,25,string-lengths-backwards,tourney,FALSE,10,elitize_generation_data,77,14,0.281,NA
79,25,string-lengths-backwards,tourney,FALSE,10,elitize_generation_data,78,14,0.25,NA
80,25,string-lengths-backwards,tourney,FALSE,10,elitize_generation_data,79,9,0.235,NA
81,25,string-lengths-backwards,tourney,FALSE,10,elitize_generation_data,80,8,0.176,NA
82,25,string-lengths-backwards,tourney,FALSE,10,elitize_generation_data,81,10,0.161,NA
83,25,string-lengths-backwards,tourney,FALSE,10,elitize_generation_data,82,6,0.135,NA
84,25,string-lengths-backwards,tourney,FALSE,10,elitize_generation_data,83,6,0.112,NA
85,25,string-lengths-backwards,tourney,FALSE,10,elitize_generation_data,84,7,0.103,NA
86,25,string-lengths-backwards,tourney,FALSE,10,elitize_generation_data,85,6,0.084,NA
87,25,string-lengths-backwards,tourney,FALSE,10,elitize_generation_data,86,6,0.095,NA
88,25,string-lengths-backwards,tourney,FALSE,10,elitize_generation_data,87,6,0.089,NA
89,25,string-lengths-backwards,tourney,FALSE,10,elitize_generation_data,88,5,0.095,NA
90,25,string-lengths-backwards,tourney,FALSE,10,elitize_generation_data,89,7,0.092,NA
91,25,string-lengths-backwards,tourney,FALSE,10,elitize_generation_data,90,6,0.086,NA
92,25,string-lengths-backwards,tourney,FALSE,10,elitize_generation_data,91,6,0.093,NA
93,25,string-lengths-backwards,tourney,FALSE,10,elitize_generation_data,92,6,0.106,NA
94,25,string-lengths-backwards,tourney,FALSE,10,elitize_generation_data,93,4,0.094,NA
95,25,string-lengths-backwards,tourney,FALSE,10,elitize_generation_data,94,6,0.097,NA
96,25,string-lengths-backwards,tourney,FALSE,10,elitize_generation_data,95,10,0.1,NA
97,25,string-lengths-backwards,tourney,FALSE,10,elitize_generation_data,96,6,0.102,NA
98,25,string-lengths-backwards,tourney,FALSE,10,elitize_generation_data,97,7,0.098,NA
99,25,string-lengths-backwards,tourney,FALSE,10,elitize_generation_data,98,5,0.088,NA
100,25,string-lengths-backwards,tourney,FALSE,10,elitize_generation_data,99,9,0.099,NA
101,25,string-lengths-backwards,tourney,FALSE,10,elitize_generation_data,100,7,0.093,NA
102,25,string-lengths-backwards,tourney,FALSE,10,elitize_generation_data,101,6,0.095,NA
103,25,string-lengths-backwards,tourney,FALSE,10,elitize_generation_data,102,9,0.091,NA
104,25,string-lengths-backwards,tourney,FALSE,10,elitize_generation_data,103,6,0.081,NA
105,25,string-lengths-backwards,tourney,FALSE,10,elitize_generation_data,104,5,0.074,NA
106,25,string-lengths-backwards,tourney,FALSE,10,elitize_generation_data,105,6,0.084,NA
107,25,string-lengths-backwards,tourney,FALSE,10,elitize_generation_data,106,4,0.089,NA
108,25,string-lengths-backwards,tourney,FALSE,10,elitize_generation_data,107,5,0.071,NA
109,25,string-lengths-backwards,tourney,FALSE,10,elitize_generation_data,108,9,0.096,NA
110,25,string-lengths-backwards,tourney,FALSE,10,elitize_generation_data,109,4,0.082,NA
111,25,string-lengths-backwards,tourney,FALSE,10,elitize_generation_data,110,6,0.089,NA
112,25,string-lengths-backwards,tourney,FALSE,10,elitize_generation_data,111,6,0.09,NA
113,25,string-lengths-backwards,tourney,FALSE,10,elitize_generation_data,112,6,0.085,NA
114,25,string-lengths-backwards,tourney,FALSE,10,elitize_generation_data,113,5,0.081,NA
115,25,string-lengths-backwards,tourney,FALSE,10,elitize_generation_data,114,3,0.084,NA
116,25,string-lengths-backwards,tourney,FALSE,10,elitize_generation_data,115,4,0.075,NA
117,25,string-lengths-backwards,tourney,FALSE,10,elitize_generation_data,116,7,0.081,NA
118,25,string-lengths-backwards,tourney,FALSE,10,elitize_generation_data,117,6,0.079,NA
119,25,string-lengths-backwards,tourney,FALSE,10,elitize_generation_data,118,5,0.083,NA
120,25,string-lengths-backwards,tourney,FALSE,10,elitize_generation_data,119,6,0.076,NA
121,25,string-lengths-backwards,tourney,FALSE,10,elitize_generation_data,120,4,0.079,NA
122,25,string-lengths-backwards,tourney,FALSE,10,elitize_generation_data,121,6,0.074,NA
123,25,string-lengths-backwards,tourney,FALSE,10,elitize_generation_data,122,7,0.073,NA
124,25,string-lengths-backwards,tourney,FALSE,10,elitize_generation_data,123,3,0.066,NA
125,25,string-lengths-backwards,tourney,FALSE,10,elitize_generation_data,124,5,0.076,NA
126,25,string-lengths-backwards,tourney,FALSE,10,elitize_generation_data,125,6,0.07,NA
127,25,string-lengths-backwards,tourney,FALSE,10,elitize_generation_data,126,5,0.079,NA
128,25,string-lengths-backwards,tourney,FALSE,10,elitize_generation_data,127,6,0.079,NA
129,25,string-lengths-backwards,tourney,FALSE,10,elitize_generation_data,128,5,0.067,NA
130,25,string-lengths-backwards,tourney,FALSE,10,elitize_generation_data,129,4,0.069,NA
131,25,string-lengths-backwards,tourney,FALSE,10,elitize_generation_data,130,5,0.063,NA
132,25,string-lengths-backwards,tourney,FALSE,10,elitize_generation_data,131,6,0.06,NA
133,25,string-lengths-backwards,tourney,FALSE,10,elitize_generation_data,132,4,0.074,NA
134,25,string-lengths-backwards,tourney,FALSE,10,elitize_generation_data,133,5,0.066,NA
135,25,string-lengths-backwards,tourney,FALSE,10,elitize_generation_data,134,5,0.066,NA
136,25,string-lengths-backwards,tourney,FALSE,10,elitize_generation_data,135,4,0.066,NA
137,25,string-lengths-backwards,tourney,FALSE,10,elitize_generation_data,136,5,0.062,NA
138,25,string-lengths-backwards,tourney,FALSE,10,elitize_generation_data,137,5,0.074,NA
139,25,string-lengths-backwards,tourney,FALSE,10,elitize_generation_data,138,6,0.062,NA
140,25,string-lengths-backwards,tourney,FALSE,10,elitize_generation_data,139,4,0.063,NA
141,25,string-lengths-backwards,tourney,FALSE,10,elitize_generation_data,140,4,0.072,NA
142,25,string-lengths-backwards,tourney,FALSE,10,elitize_generation_data,141,4,0.063,NA
143,25,string-lengths-backwards,tourney,FALSE,10,elitize_generation_data,142,4,0.068,NA
144,25,string-lengths-backwards,tourney,FALSE,10,elitize_generation_data,143,4,0.067,NA
145,25,string-lengths-backwards,tourney,FALSE,10,elitize_generation_data,144,4,0.066,NA
146,25,string-lengths-backwards,tourney,FALSE,10,elitize_generation_data,145,5,0.059,NA
147,25,string-lengths-backwards,tourney,FALSE,10,elitize_generation_data,146,5,0.047,NA
148,25,string-lengths-backwards,tourney,FALSE,10,elitize_generation_data,147,5,0.059,NA
149,25,string-lengths-backwards,tourney,FALSE,10,elitize_generation_data,148,7,0.053,NA
150,25,string-lengths-backwards,tourney,FALSE,10,elitize_generation_data,149,4,0.053,NA
151,25,string-lengths-backwards,tourney,FALSE,10,elitize_generation_data,150,6,0.059,NA
152,25,string-lengths-backwards,tourney,FALSE,10,elitize_generation_data,151,3,0.065,NA
153,25,string-lengths-backwards,tourney,FALSE,10,elitize_generation_data,152,4,0.062,NA
154,25,string-lengths-backwards,tourney,FALSE,10,elitize_generation_data,153,5,0.063,NA
155,25,string-lengths-backwards,tourney,FALSE,10,elitize_generation_data,154,4,0.04,NA
156,25,string-lengths-backwards,tourney,FALSE,10,elitize_generation_data,155,4,0.046,NA
157,25,string-lengths-backwards,tourney,FALSE,10,elitize_generation_data,156,5,0.074,NA
158,25,string-lengths-backwards,tourney,FALSE,10,elitize_generation_data,157,5,0.055,NA
159,25,string-lengths-backwards,tourney,FALSE,10,elitize_generation_data,158,4,0.051,NA
160,25,string-lengths-backwards,tourney,FALSE,10,elitize_generation_data,159,4,0.063,NA
161,25,string-lengths-backwards,tourney,FALSE,10,elitize_generation_data,160,4,0.047,NA
162,25,string-lengths-backwards,tourney,FALSE,10,elitize_generation_data,161,5,0.059,NA
163,25,string-lengths-backwards,tourney,FALSE,10,elitize_generation_data,162,3,0.058,NA
164,25,string-lengths-backwards,tourney,FALSE,10,elitize_generation_data,163,5,0.051,NA
165,25,string-lengths-backwards,tourney,FALSE,10,elitize_generation_data,164,5,0.052,NA
166,25,string-lengths-backwards,tourney,FALSE,10,elitize_generation_data,165,5,0.058,NA
167,25,string-lengths-backwards,tourney,FALSE,10,elitize_generation_data,166,4,0.046,NA
168,25,string-lengths-backwards,tourney,FALSE,10,elitize_generation_data,167,6,0.068,NA
169,25,string-lengths-backwards,tourney,FALSE,10,elitize_generation_data,168,3,0.054,NA
170,25,string-lengths-backwards,tourney,FALSE,10,elitize_generation_data,169,2,0.054,NA
171,25,string-lengths-backwards,tourney,FALSE,10,elitize_generation_data,170,5,0.053,NA
172,25,string-lengths-backwards,tourney,FALSE,10,elitize_generation_data,171,5,0.053,NA
173,25,string-lengths-backwards,tourney,FALSE,10,elitize_generation_data,172,2,0.049,NA
174,25,string-lengths-backwards,tourney,FALSE,10,elitize_generation_data,173,4,0.056,NA
175,25,string-lengths-backwards,tourney,FALSE,10,elitize_generation_data,174,6,0.068,NA
176,25,string-lengths-backwards,tourney,FALSE,10,elitize_generation_data,175,5,0.057,NA
177,25,string-lengths-backwards,tourney,FALSE,10,elitize_generation_data,176,3,0.068,NA
178,25,string-lengths-backwards,tourney,FALSE,10,elitize_generation_data,177,5,0.051,NA
179,25,string-lengths-backwards,tourney,FALSE,10,elitize_generation_data,178,5,0.055,NA
180,25,string-lengths-backwards,tourney,FALSE,10,elitize_generation_data,179,4,0.052,NA
181,25,string-lengths-backwards,tourney,FALSE,10,elitize_generation_data,180,6,0.069,NA
182,25,string-lengths-backwards,tourney,FALSE,10,elitize_generation_data,181,5,0.056,NA
183,25,string-lengths-backwards,tourney,FALSE,10,elitize_generation_data,182,5,0.062,NA
184,25,string-lengths-backwards,tourney,FALSE,10,elitize_generation_data,183,3,0.061,NA
185,25,string-lengths-backwards,tourney,FALSE,10,elitize_generation_data,184,4,0.065,NA
186,25,string-lengths-backwards,tourney,FALSE,10,elitize_generation_data,185,5,0.053,NA
187,25,string-lengths-backwards,tourney,FALSE,10,elitize_generation_data,186,4,0.048,NA
188,25,string-lengths-backwards,tourney,FALSE,10,elitize_generation_data,187,4,0.054,NA
189,25,string-lengths-backwards,tourney,FALSE,10,elitize_generation_data,188,6,0.06,NA
190,25,string-lengths-backwards,tourney,FALSE,10,elitize_generation_data,189,3,0.044,NA
191,25,string-lengths-backwards,tourney,FALSE,10,elitize_generation_data,190,5,0.062,NA
192,25,string-lengths-backwards,tourney,FALSE,10,elitize_generation_data,191,4,0.057,NA
193,25,string-lengths-backwards,tourney,FALSE,10,elitize_generation_data,192,4,0.056,NA
194,25,string-lengths-backwards,tourney,FALSE,10,elitize_generation_data,193,5,0.062,NA
195,25,string-lengths-backwards,tourney,FALSE,10,elitize_generation_data,194,7,0.054,NA
196,25,string-lengths-backwards,tourney,FALSE,10,elitize_generation_data,195,7,0.059,NA
197,25,string-lengths-backwards,tourney,FALSE,10,elitize_generation_data,196,5,0.053,NA
198,25,string-lengths-backwards,tourney,FALSE,10,elitize_generation_data,197,5,0.059,NA
199,25,string-lengths-backwards,tourney,FALSE,10,elitize_generation_data,198,3,0.058,NA
200,25,string-lengths-backwards,tourney,FALSE,10,elitize_generation_data,199,6,0.06,NA
201,25,string-lengths-backwards,tourney,FALSE,10,elitize_generation_data,200,6,0.06,NA
202,25,string-lengths-backwards,tourney,FALSE,10,elitize_generation_data,201,4,0.055,NA
203,25,string-lengths-backwards,tourney,FALSE,10,elitize_generation_data,202,5,0.054,NA
204,25,string-lengths-backwards,tourney,FALSE,10,elitize_generation_data,203,5,0.064,NA
205,25,string-lengths-backwards,tourney,FALSE,10,elitize_generation_data,204,3,0.049,NA
206,25,string-lengths-backwards,tourney,FALSE,10,elitize_generation_data,205,5,0.043,NA
207,25,string-lengths-backwards,tourney,FALSE,10,elitize_generation_data,206,5,0.046,NA
208,25,string-lengths-backwards,tourney,FALSE,10,elitize_generation_data,207,5,0.048,NA
209,25,string-lengths-backwards,tourney,FALSE,10,elitize_generation_data,208,7,0.05,NA
210,25,string-lengths-backwards,tourney,FALSE,10,elitize_generation_data,209,4,0.051,NA
211,25,string-lengths-backwards,tourney,FALSE,10,elitize_generation_data,210,3,0.049,NA
212,25,string-lengths-backwards,tourney,FALSE,10,elitize_generation_data,211,4,0.058,NA
213,25,string-lengths-backwards,tourney,FALSE,10,elitize_generation_data,212,4,0.055,NA
214,25,string-lengths-backwards,tourney,FALSE,10,elitize_generation_data,213,5,0.046,NA
215,25,string-lengths-backwards,tourney,FALSE,10,elitize_generation_data,214,3,0.048,NA
216,25,string-lengths-backwards,tourney,FALSE,10,elitize_generation_data,215,3,0.035,NA
217,25,string-lengths-backwards,tourney,FALSE,10,elitize_generation_data,216,5,0.049,NA
218,25,string-lengths-backwards,tourney,FALSE,10,elitize_generation_data,217,3,0.049,NA
219,25,string-lengths-backwards,tourney,FALSE,10,elitize_generation_data,218,6,0.05,NA
220,25,string-lengths-backwards,tourney,FALSE,10,elitize_generation_data,219,5,0.049,NA
221,25,string-lengths-backwards,tourney,FALSE,10,elitize_generation_data,220,4,0.053,NA
222,25,string-lengths-backwards,tourney,FALSE,10,elitize_generation_data,221,6,0.054,NA
223,25,string-lengths-backwards,tourney,FALSE,10,elitize_generation_data,222,5,0.058,NA
224,25,string-lengths-backwards,tourney,FALSE,10,elitize_generation_data,223,5,0.048,NA
225,25,string-lengths-backwards,tourney,FALSE,10,elitize_generation_data,224,6,0.054,NA
226,25,string-lengths-backwards,tourney,FALSE,10,elitize_generation_data,225,4,0.06,NA
227,25,string-lengths-backwards,tourney,FALSE,10,elitize_generation_data,226,4,0.045,NA
228,25,string-lengths-backwards,tourney,FALSE,10,elitize_generation_data,227,5,0.052,NA
229,25,string-lengths-backwards,tourney,FALSE,10,elitize_generation_data,228,5,0.051,NA
230,25,string-lengths-backwards,tourney,FALSE,10,elitize_generation_data,229,5,0.05,NA
231,25,string-lengths-backwards,tourney,FALSE,10,elitize_generation_data,230,4,0.056,NA
232,25,string-lengths-backwards,tourney,FALSE,10,elitize_generation_data,231,5,0.063,NA
233,25,string-lengths-backwards,tourney,FALSE,10,elitize_generation_data,232,4,0.056,NA
234,25,string-lengths-backwards,tourney,FALSE,10,elitize_generation_data,233,2,0.059,NA
235,25,string-lengths-backwards,tourney,FALSE,10,elitize_generation_data,234,5,0.06,NA
236,25,string-lengths-backwards,tourney,FALSE,10,elitize_generation_data,235,4,0.047,NA
237,25,string-lengths-backwards,tourney,FALSE,10,elitize_generation_data,236,5,0.057,NA
238,25,string-lengths-backwards,tourney,FALSE,10,elitize_generation_data,237,5,0.073,NA
239,25,string-lengths-backwards,tourney,FALSE,10,elitize_generation_data,238,4,0.057,NA
240,25,string-lengths-backwards,tourney,FALSE,10,elitize_generation_data,239,4,0.055,NA
241,25,string-lengths-backwards,tourney,FALSE,10,elitize_generation_data,240,3,0.051,NA
242,25,string-lengths-backwards,tourney,FALSE,10,elitize_generation_data,241,4,0.057,NA
243,25,string-lengths-backwards,tourney,FALSE,10,elitize_generation_data,242,5,0.056,NA
244,25,string-lengths-backwards,tourney,FALSE,10,elitize_generation_data,243,4,0.049,NA
245,25,string-lengths-backwards,tourney,FALSE,10,elitize_generation_data,244,4,0.05,NA
246,25,string-lengths-backwards,tourney,FALSE,10,elitize_generation_data,245,4,0.051,NA
247,25,string-lengths-backwards,tourney,FALSE,10,elitize_generation_data,246,5,0.05,NA
248,25,string-lengths-backwards,tourney,FALSE,10,elitize_generation_data,247,5,0.05,NA
249,25,string-lengths-backwards,tourney,FALSE,10,elitize_generation_data,248,5,0.052,NA
250,25,string-lengths-backwards,tourney,FALSE,10,elitize_generation_data,249,5,0.049,NA
251,25,string-lengths-backwards,tourney,FALSE,10,elitize_generation_data,250,4,0.047,NA
252,25,string-lengths-backwards,tourney,FALSE,10,elitize_generation_data,251,3,0.045,NA
253,25,string-lengths-backwards,tourney,FALSE,10,elitize_generation_data,252,5,0.043,NA
254,25,string-lengths-backwards,tourney,FALSE,10,elitize_generation_data,253,3,0.046,NA
255,25,string-lengths-backwards,tourney,FALSE,10,elitize_generation_data,254,3,0.042,NA
256,25,string-lengths-backwards,tourney,FALSE,10,elitize_generation_data,255,3,0.05,NA
257,25,string-lengths-backwards,tourney,FALSE,10,elitize_generation_data,256,3,0.035,NA
258,25,string-lengths-backwards,tourney,FALSE,10,elitize_generation_data,257,3,0.043,NA
259,25,string-lengths-backwards,tourney,FALSE,10,elitize_generation_data,258,4,0.04,NA
260,25,string-lengths-backwards,tourney,FALSE,10,elitize_generation_data,259,4,0.042,NA
261,25,string-lengths-backwards,tourney,FALSE,10,elitize_generation_data,260,3,0.043,NA
262,25,string-lengths-backwards,tourney,FALSE,10,elitize_generation_data,261,2,0.039,NA
263,25,string-lengths-backwards,tourney,FALSE,10,elitize_generation_data,262,2,0.05,NA
264,25,string-lengths-backwards,tourney,FALSE,10,elitize_generation_data,263,4,0.037,NA
265,25,string-lengths-backwards,tourney,FALSE,10,elitize_generation_data,264,5,0.053,NA
266,25,string-lengths-backwards,tourney,FALSE,10,elitize_generation_data,265,4,0.039,NA
267,25,string-lengths-backwards,tourney,FALSE,10,elitize_generation_data,266,3,0.044,NA
268,25,string-lengths-backwards,tourney,FALSE,10,elitize_generation_data,267,4,0.036,NA
269,25,string-lengths-backwards,tourney,FALSE,10,elitize_generation_data,268,3,0.039,NA
270,25,string-lengths-backwards,tourney,FALSE,10,elitize_generation_data,269,3,0.043,NA
271,25,string-lengths-backwards,tourney,FALSE,10,elitize_generation_data,270,4,0.046,NA
272,25,string-lengths-backwards,tourney,FALSE,10,elitize_generation_data,271,3,0.038,NA
273,25,string-lengths-backwards,tourney,FALSE,10,elitize_generation_data,272,3,0.045,NA
274,25,string-lengths-backwards,tourney,FALSE,10,elitize_generation_data,273,6,0.051,NA
275,25,string-lengths-backwards,tourney,FALSE,10,elitize_generation_data,274,5,0.042,NA
276,25,string-lengths-backwards,tourney,FALSE,10,elitize_generation_data,275,5,0.051,NA
277,25,string-lengths-backwards,tourney,FALSE,10,elitize_generation_data,276,2,0.044,NA
278,25,string-lengths-backwards,tourney,FALSE,10,elitize_generation_data,277,3,0.034,NA
279,25,string-lengths-backwards,tourney,FALSE,10,elitize_generation_data,278,4,0.044,NA
280,25,string-lengths-backwards,tourney,FALSE,10,elitize_generation_data,279,3,0.032,NA
281,25,string-lengths-backwards,tourney,FALSE,10,elitize_generation_data,280,4,0.045,NA
282,25,string-lengths-backwards,tourney,FALSE,10,elitize_generation_data,281,4,0.035,NA
283,25,string-lengths-backwards,tourney,FALSE,10,elitize_generation_data,282,5,0.042,NA
284,25,string-lengths-backwards,tourney,FALSE,10,elitize_generation_data,283,5,0.038,NA
285,25,string-lengths-backwards,tourney,FALSE,10,elitize_generation_data,284,3,0.041,NA
286,25,string-lengths-backwards,tourney,FALSE,10,elitize_generation_data,285,3,0.037,NA
287,25,string-lengths-backwards,tourney,FALSE,10,elitize_generation_data,286,3,0.033,NA
288,25,string-lengths-backwards,tourney,FALSE,10,elitize_generation_data,287,5,0.045,NA
289,25,string-lengths-backwards,tourney,FALSE,10,elitize_generation_data,288,4,0.041,NA
290,25,string-lengths-backwards,tourney,FALSE,10,elitize_generation_data,289,5,0.04,NA
291,25,string-lengths-backwards,tourney,FALSE,10,elitize_generation_data,290,3,0.053,NA
292,25,string-lengths-backwards,tourney,FALSE,10,elitize_generation_data,291,5,0.033,NA
293,25,string-lengths-backwards,tourney,FALSE,10,elitize_generation_data,292,4,0.042,NA
294,25,string-lengths-backwards,tourney,FALSE,10,elitize_generation_data,293,7,0.04,NA
295,25,string-lengths-backwards,tourney,FALSE,10,elitize_generation_data,294,4,0.034,NA
296,25,string-lengths-backwards,tourney,FALSE,10,elitize_generation_data,295,4,0.041,NA
297,25,string-lengths-backwards,tourney,FALSE,10,elitize_generation_data,296,4,0.032,NA
298,25,string-lengths-backwards,tourney,FALSE,10,elitize_generation_data,297,4,0.032,NA
299,25,string-lengths-backwards,tourney,FALSE,10,elitize_generation_data,298,4,0.044,NA
300,25,string-lengths-backwards,tourney,FALSE,10,elitize_generation_data,299,4,0.041,NA
301,25,string-lengths-backwards,tourney,FALSE,10,elitize_generation_data,300,3,0.038,NA
