,run.num,problem,treatment,succeeded,height,normalization.function,generation,cluster.count,error.diversity,success.generation
1,20,string-lengths-backwards,tourney,FALSE,10,elitize_generation_data,0,5,0.283,NA
2,20,string-lengths-backwards,tourney,FALSE,10,elitize_generation_data,1,4,0.147,NA
3,20,string-lengths-backwards,tourney,FALSE,10,elitize_generation_data,2,6,0.278,NA
4,20,string-lengths-backwards,tourney,FALSE,10,elitize_generation_data,3,6,0.375,NA
5,20,string-lengths-backwards,tourney,FALSE,10,elitize_generation_data,4,6,0.373,NA
6,20,string-lengths-backwards,tourney,FALSE,10,elitize_generation_data,5,4,0.314,NA
7,20,string-lengths-backwards,tourney,FALSE,10,elitize_generation_data,6,6,0.386,NA
8,20,string-lengths-backwards,tourney,FALSE,10,elitize_generation_data,7,4,0.519,NA
9,20,string-lengths-backwards,tourney,FALSE,10,elitize_generation_data,8,7,0.388,NA
10,20,string-lengths-backwards,tourney,FALSE,10,elitize_generation_data,9,11,0.213,NA
11,20,string-lengths-backwards,tourney,FALSE,10,elitize_generation_data,10,20,0.22,NA
12,20,string-lengths-backwards,tourney,FALSE,10,elitize_generation_data,11,19,0.256,NA
13,20,string-lengths-backwards,tourney,FALSE,10,elitize_generation_data,12,11,0.259,NA
14,20,string-lengths-backwards,tourney,FALSE,10,elitize_generation_data,13,5,0.239,NA
15,20,string-lengths-backwards,tourney,FALSE,10,elitize_generation_data,14,5,0.182,NA
16,20,string-lengths-backwards,tourney,FALSE,10,elitize_generation_data,15,8,0.255,NA
17,20,string-lengths-backwards,tourney,FALSE,10,elitize_generation_data,16,6,0.367,NA
18,20,string-lengths-backwards,tourney,FALSE,10,elitize_generation_data,17,5,0.412,NA
19,20,string-lengths-backwards,tourney,FALSE,10,elitize_generation_data,18,7,0.32,NA
20,20,string-lengths-backwards,tourney,FALSE,10,elitize_generation_data,19,11,0.294,NA
21,20,string-lengths-backwards,tourney,FALSE,10,elitize_generation_data,20,10,0.25,NA
22,20,string-lengths-backwards,tourney,FALSE,10,elitize_generation_data,21,13,0.183,NA
23,20,string-lengths-backwards,tourney,FALSE,10,elitize_generation_data,22,14,0.168,NA
24,20,string-lengths-backwards,tourney,FALSE,10,elitize_generation_data,23,12,0.111,NA
25,20,string-lengths-backwards,tourney,FALSE,10,elitize_generation_data,24,15,0.121,NA
26,20,string-lengths-backwards,tourney,FALSE,10,elitize_generation_data,25,12,0.173,NA
27,20,string-lengths-backwards,tourney,FALSE,10,elitize_generation_data,26,15,0.213,NA
28,20,string-lengths-backwards,tourney,FALSE,10,elitize_generation_data,27,14,0.219,NA
29,20,string-lengths-backwards,tourney,FALSE,10,elitize_generation_data,28,13,0.203,NA
30,20,string-lengths-backwards,tourney,FALSE,10,elitize_generation_data,29,13,0.194,NA
31,20,string-lengths-backwards,tourney,FALSE,10,elitize_generation_data,30,11,0.203,NA
32,20,string-lengths-backwards,tourney,FALSE,10,elitize_generation_data,31,10,0.157,NA
33,20,string-lengths-backwards,tourney,FALSE,10,elitize_generation_data,32,12,0.164,NA
34,20,string-lengths-backwards,tourney,FALSE,10,elitize_generation_data,33,12,0.217,NA
35,20,string-lengths-backwards,tourney,FALSE,10,elitize_generation_data,34,13,0.23,NA
36,20,string-lengths-backwards,tourney,FALSE,10,elitize_generation_data,35,12,0.21,NA
37,20,string-lengths-backwards,tourney,FALSE,10,elitize_generation_data,36,11,0.172,NA
38,20,string-lengths-backwards,tourney,FALSE,10,elitize_generation_data,37,11,0.168,NA
39,20,string-lengths-backwards,tourney,FALSE,10,elitize_generation_data,38,12,0.18,NA
40,20,string-lengths-backwards,tourney,FALSE,10,elitize_generation_data,39,12,0.161,NA
41,20,string-lengths-backwards,tourney,FALSE,10,elitize_generation_data,40,11,0.162,NA
42,20,string-lengths-backwards,tourney,FALSE,10,elitize_generation_data,41,12,0.173,NA
43,20,string-lengths-backwards,tourney,FALSE,10,elitize_generation_data,42,9,0.179,NA
44,20,string-lengths-backwards,tourney,FALSE,10,elitize_generation_data,43,13,0.172,NA
45,20,string-lengths-backwards,tourney,FALSE,10,elitize_generation_data,44,13,0.176,NA
46,20,string-lengths-backwards,tourney,FALSE,10,elitize_generation_data,45,13,0.182,NA
47,20,string-lengths-backwards,tourney,FALSE,10,elitize_generation_data,46,10,0.174,NA
48,20,string-lengths-backwards,tourney,FALSE,10,elitize_generation_data,47,10,0.173,NA
49,20,string-lengths-backwards,tourney,FALSE,10,elitize_generation_data,48,12,0.192,NA
50,20,string-lengths-backwards,tourney,FALSE,10,elitize_generation_data,49,11,0.188,NA
51,20,string-lengths-backwards,tourney,FALSE,10,elitize_generation_data,50,14,0.186,NA
52,20,string-lengths-backwards,tourney,FALSE,10,elitize_generation_data,51,14,0.193,NA
53,20,string-lengths-backwards,tourney,FALSE,10,elitize_generation_data,52,11,0.174,NA
54,20,string-lengths-backwards,tourney,FALSE,10,elitize_generation_data,53,13,0.179,NA
55,20,string-lengths-backwards,tourney,FALSE,10,elitize_generation_data,54,11,0.175,NA
56,20,string-lengths-backwards,tourney,FALSE,10,elitize_generation_data,55,13,0.182,NA
57,20,string-lengths-backwards,tourney,FALSE,10,elitize_generation_data,56,12,0.185,NA
58,20,string-lengths-backwards,tourney,FALSE,10,elitize_generation_data,57,13,0.169,NA
59,20,string-lengths-backwards,tourney,FALSE,10,elitize_generation_data,58,12,0.192,NA
60,20,string-lengths-backwards,tourney,FALSE,10,elitize_generation_data,59,12,0.169,NA
61,20,string-lengths-backwards,tourney,FALSE,10,elitize_generation_data,60,13,0.205,NA
62,20,string-lengths-backwards,tourney,FALSE,10,elitize_generation_data,61,15,0.173,NA
63,20,string-lengths-backwards,tourney,FALSE,10,elitize_generation_data,62,12,0.172,NA
64,20,string-lengths-backwards,tourney,FALSE,10,elitize_generation_data,63,12,0.189,NA
65,20,string-lengths-backwards,tourney,FALSE,10,elitize_generation_data,64,12,0.203,NA
66,20,string-lengths-backwards,tourney,FALSE,10,elitize_generation_data,65,13,0.193,NA
67,20,string-lengths-backwards,tourney,FALSE,10,elitize_generation_data,66,13,0.21,NA
68,20,string-lengths-backwards,tourney,FALSE,10,elitize_generation_data,67,15,0.184,NA
69,20,string-lengths-backwards,tourney,FALSE,10,elitize_generation_data,68,12,0.208,NA
70,20,string-lengths-backwards,tourney,FALSE,10,elitize_generation_data,69,13,0.204,NA
71,20,string-lengths-backwards,tourney,FALSE,10,elitize_generation_data,70,14,0.197,NA
72,20,string-lengths-backwards,tourney,FALSE,10,elitize_generation_data,71,11,0.191,NA
73,20,string-lengths-backwards,tourney,FALSE,10,elitize_generation_data,72,9,0.193,NA
74,20,string-lengths-backwards,tourney,FALSE,10,elitize_generation_data,73,13,0.225,NA
75,20,string-lengths-backwards,tourney,FALSE,10,elitize_generation_data,74,10,0.188,NA
76,20,string-lengths-backwards,tourney,FALSE,10,elitize_generation_data,75,13,0.19,NA
77,20,string-lengths-backwards,tourney,FALSE,10,elitize_generation_data,76,14,0.193,NA
78,20,string-lengths-backwards,tourney,FALSE,10,elitize_generation_data,77,13,0.216,NA
79,20,string-lengths-backwards,tourney,FALSE,10,elitize_generation_data,78,13,0.206,NA
80,20,string-lengths-backwards,tourney,FALSE,10,elitize_generation_data,79,10,0.206,NA
81,20,string-lengths-backwards,tourney,FALSE,10,elitize_generation_data,80,15,0.196,NA
82,20,string-lengths-backwards,tourney,FALSE,10,elitize_generation_data,81,11,0.209,NA
83,20,string-lengths-backwards,tourney,FALSE,10,elitize_generation_data,82,10,0.21,NA
84,20,string-lengths-backwards,tourney,FALSE,10,elitize_generation_data,83,14,0.209,NA
85,20,string-lengths-backwards,tourney,FALSE,10,elitize_generation_data,84,11,0.208,NA
86,20,string-lengths-backwards,tourney,FALSE,10,elitize_generation_data,85,11,0.187,NA
87,20,string-lengths-backwards,tourney,FALSE,10,elitize_generation_data,86,10,0.2,NA
88,20,string-lengths-backwards,tourney,FALSE,10,elitize_generation_data,87,13,0.206,NA
89,20,string-lengths-backwards,tourney,FALSE,10,elitize_generation_data,88,11,0.212,NA
90,20,string-lengths-backwards,tourney,FALSE,10,elitize_generation_data,89,13,0.226,NA
91,20,string-lengths-backwards,tourney,FALSE,10,elitize_generation_data,90,12,0.22,NA
92,20,string-lengths-backwards,tourney,FALSE,10,elitize_generation_data,91,9,0.184,NA
93,20,string-lengths-backwards,tourney,FALSE,10,elitize_generation_data,92,10,0.207,NA
94,20,string-lengths-backwards,tourney,FALSE,10,elitize_generation_data,93,12,0.198,NA
95,20,string-lengths-backwards,tourney,FALSE,10,elitize_generation_data,94,11,0.227,NA
96,20,string-lengths-backwards,tourney,FALSE,10,elitize_generation_data,95,12,0.222,NA
97,20,string-lengths-backwards,tourney,FALSE,10,elitize_generation_data,96,11,0.221,NA
98,20,string-lengths-backwards,tourney,FALSE,10,elitize_generation_data,97,9,0.199,NA
99,20,string-lengths-backwards,tourney,FALSE,10,elitize_generation_data,98,11,0.188,NA
100,20,string-lengths-backwards,tourney,FALSE,10,elitize_generation_data,99,15,0.2,NA
101,20,string-lengths-backwards,tourney,FALSE,10,elitize_generation_data,100,12,0.204,NA
102,20,string-lengths-backwards,tourney,FALSE,10,elitize_generation_data,101,9,0.2,NA
103,20,string-lengths-backwards,tourney,FALSE,10,elitize_generation_data,102,8,0.228,NA
104,20,string-lengths-backwards,tourney,FALSE,10,elitize_generation_data,103,11,0.221,NA
105,20,string-lengths-backwards,tourney,FALSE,10,elitize_generation_data,104,13,0.205,NA
106,20,string-lengths-backwards,tourney,FALSE,10,elitize_generation_data,105,10,0.219,NA
107,20,string-lengths-backwards,tourney,FALSE,10,elitize_generation_data,106,13,0.222,NA
108,20,string-lengths-backwards,tourney,FALSE,10,elitize_generation_data,107,12,0.187,NA
109,20,string-lengths-backwards,tourney,FALSE,10,elitize_generation_data,108,15,0.211,NA
110,20,string-lengths-backwards,tourney,FALSE,10,elitize_generation_data,109,11,0.198,NA
111,20,string-lengths-backwards,tourney,FALSE,10,elitize_generation_data,110,13,0.2,NA
112,20,string-lengths-backwards,tourney,FALSE,10,elitize_generation_data,111,11,0.203,NA
113,20,string-lengths-backwards,tourney,FALSE,10,elitize_generation_data,112,13,0.202,NA
114,20,string-lengths-backwards,tourney,FALSE,10,elitize_generation_data,113,10,0.202,NA
115,20,string-lengths-backwards,tourney,FALSE,10,elitize_generation_data,114,13,0.193,NA
116,20,string-lengths-backwards,tourney,FALSE,10,elitize_generation_data,115,13,0.2,NA
117,20,string-lengths-backwards,tourney,FALSE,10,elitize_generation_data,116,14,0.193,NA
118,20,string-lengths-backwards,tourney,FALSE,10,elitize_generation_data,117,9,0.184,NA
119,20,string-lengths-backwards,tourney,FALSE,10,elitize_generation_data,118,10,0.181,NA
120,20,string-lengths-backwards,tourney,FALSE,10,elitize_generation_data,119,10,0.188,NA
121,20,string-lengths-backwards,tourney,FALSE,10,elitize_generation_data,120,8,0.21,NA
122,20,string-lengths-backwards,tourney,FALSE,10,elitize_generation_data,121,11,0.204,NA
123,20,string-lengths-backwards,tourney,FALSE,10,elitize_generation_data,122,12,0.201,NA
124,20,string-lengths-backwards,tourney,FALSE,10,elitize_generation_data,123,11,0.196,NA
125,20,string-lengths-backwards,tourney,FALSE,10,elitize_generation_data,124,12,0.206,NA
126,20,string-lengths-backwards,tourney,FALSE,10,elitize_generation_data,125,10,0.197,NA
127,20,string-lengths-backwards,tourney,FALSE,10,elitize_generation_data,126,13,0.209,NA
128,20,string-lengths-backwards,tourney,FALSE,10,elitize_generation_data,127,12,0.246,NA
129,20,string-lengths-backwards,tourney,FALSE,10,elitize_generation_data,128,12,0.23,NA
130,20,string-lengths-backwards,tourney,FALSE,10,elitize_generation_data,129,14,0.251,NA
131,20,string-lengths-backwards,tourney,FALSE,10,elitize_generation_data,130,13,0.299,NA
132,20,string-lengths-backwards,tourney,FALSE,10,elitize_generation_data,131,13,0.319,NA
133,20,string-lengths-backwards,tourney,FALSE,10,elitize_generation_data,132,13,0.352,NA
134,20,string-lengths-backwards,tourney,FALSE,10,elitize_generation_data,133,11,0.348,NA
135,20,string-lengths-backwards,tourney,FALSE,10,elitize_generation_data,134,14,0.325,NA
136,20,string-lengths-backwards,tourney,FALSE,10,elitize_generation_data,135,9,0.315,NA
137,20,string-lengths-backwards,tourney,FALSE,10,elitize_generation_data,136,11,0.33,NA
138,20,string-lengths-backwards,tourney,FALSE,10,elitize_generation_data,137,9,0.335,NA
139,20,string-lengths-backwards,tourney,FALSE,10,elitize_generation_data,138,12,0.316,NA
140,20,string-lengths-backwards,tourney,FALSE,10,elitize_generation_data,139,11,0.366,NA
141,20,string-lengths-backwards,tourney,FALSE,10,elitize_generation_data,140,13,0.344,NA
142,20,string-lengths-backwards,tourney,FALSE,10,elitize_generation_data,141,10,0.349,NA
143,20,string-lengths-backwards,tourney,FALSE,10,elitize_generation_data,142,14,0.391,NA
144,20,string-lengths-backwards,tourney,FALSE,10,elitize_generation_data,143,12,0.366,NA
145,20,string-lengths-backwards,tourney,FALSE,10,elitize_generation_data,144,12,0.361,NA
146,20,string-lengths-backwards,tourney,FALSE,10,elitize_generation_data,145,11,0.374,NA
147,20,string-lengths-backwards,tourney,FALSE,10,elitize_generation_data,146,6,0.371,NA
148,20,string-lengths-backwards,tourney,FALSE,10,elitize_generation_data,147,7,0.347,NA
149,20,string-lengths-backwards,tourney,FALSE,10,elitize_generation_data,148,7,0.382,NA
150,20,string-lengths-backwards,tourney,FALSE,10,elitize_generation_data,149,7,0.377,NA
151,20,string-lengths-backwards,tourney,FALSE,10,elitize_generation_data,150,8,0.392,NA
152,20,string-lengths-backwards,tourney,FALSE,10,elitize_generation_data,151,9,0.413,NA
153,20,string-lengths-backwards,tourney,FALSE,10,elitize_generation_data,152,12,0.418,NA
154,20,string-lengths-backwards,tourney,FALSE,10,elitize_generation_data,153,14,0.541,NA
155,20,string-lengths-backwards,tourney,FALSE,10,elitize_generation_data,154,11,0.622,NA
156,20,string-lengths-backwards,tourney,FALSE,10,elitize_generation_data,155,9,0.599,NA
157,20,string-lengths-backwards,tourney,FALSE,10,elitize_generation_data,156,10,0.555,NA
158,20,string-lengths-backwards,tourney,FALSE,10,elitize_generation_data,157,12,0.597,NA
159,20,string-lengths-backwards,tourney,FALSE,10,elitize_generation_data,158,14,0.596,NA
160,20,string-lengths-backwards,tourney,FALSE,10,elitize_generation_data,159,8,0.584,NA
161,20,string-lengths-backwards,tourney,FALSE,10,elitize_generation_data,160,10,0.58,NA
162,20,string-lengths-backwards,tourney,FALSE,10,elitize_generation_data,161,11,0.555,NA
163,20,string-lengths-backwards,tourney,FALSE,10,elitize_generation_data,162,15,0.478,NA
164,20,string-lengths-backwards,tourney,FALSE,10,elitize_generation_data,163,10,0.468,NA
165,20,string-lengths-backwards,tourney,FALSE,10,elitize_generation_data,164,13,0.457,NA
166,20,string-lengths-backwards,tourney,FALSE,10,elitize_generation_data,165,12,0.488,NA
167,20,string-lengths-backwards,tourney,FALSE,10,elitize_generation_data,166,11,0.497,NA
168,20,string-lengths-backwards,tourney,FALSE,10,elitize_generation_data,167,11,0.519,NA
169,20,string-lengths-backwards,tourney,FALSE,10,elitize_generation_data,168,11,0.514,NA
170,20,string-lengths-backwards,tourney,FALSE,10,elitize_generation_data,169,12,0.553,NA
171,20,string-lengths-backwards,tourney,FALSE,10,elitize_generation_data,170,9,0.562,NA
172,20,string-lengths-backwards,tourney,FALSE,10,elitize_generation_data,171,8,0.536,NA
173,20,string-lengths-backwards,tourney,FALSE,10,elitize_generation_data,172,11,0.547,NA
174,20,string-lengths-backwards,tourney,FALSE,10,elitize_generation_data,173,13,0.525,NA
175,20,string-lengths-backwards,tourney,FALSE,10,elitize_generation_data,174,10,0.51,NA
176,20,string-lengths-backwards,tourney,FALSE,10,elitize_generation_data,175,11,0.506,NA
177,20,string-lengths-backwards,tourney,FALSE,10,elitize_generation_data,176,11,0.535,NA
178,20,string-lengths-backwards,tourney,FALSE,10,elitize_generation_data,177,11,0.534,NA
179,20,string-lengths-backwards,tourney,FALSE,10,elitize_generation_data,178,17,0.542,NA
180,20,string-lengths-backwards,tourney,FALSE,10,elitize_generation_data,179,13,0.541,NA
181,20,string-lengths-backwards,tourney,FALSE,10,elitize_generation_data,180,12,0.589,NA
182,20,string-lengths-backwards,tourney,FALSE,10,elitize_generation_data,181,11,0.538,NA
183,20,string-lengths-backwards,tourney,FALSE,10,elitize_generation_data,182,10,0.552,NA
184,20,string-lengths-backwards,tourney,FALSE,10,elitize_generation_data,183,10,0.553,NA
185,20,string-lengths-backwards,tourney,FALSE,10,elitize_generation_data,184,15,0.558,NA
186,20,string-lengths-backwards,tourney,FALSE,10,elitize_generation_data,185,9,0.562,NA
187,20,string-lengths-backwards,tourney,FALSE,10,elitize_generation_data,186,12,0.549,NA
188,20,string-lengths-backwards,tourney,FALSE,10,elitize_generation_data,187,11,0.571,NA
189,20,string-lengths-backwards,tourney,FALSE,10,elitize_generation_data,188,13,0.522,NA
190,20,string-lengths-backwards,tourney,FALSE,10,elitize_generation_data,189,11,0.511,NA
191,20,string-lengths-backwards,tourney,FALSE,10,elitize_generation_data,190,12,0.53,NA
192,20,string-lengths-backwards,tourney,FALSE,10,elitize_generation_data,191,13,0.551,NA
193,20,string-lengths-backwards,tourney,FALSE,10,elitize_generation_data,192,10,0.55,NA
194,20,string-lengths-backwards,tourney,FALSE,10,elitize_generation_data,193,14,0.519,NA
195,20,string-lengths-backwards,tourney,FALSE,10,elitize_generation_data,194,13,0.539,NA
196,20,string-lengths-backwards,tourney,FALSE,10,elitize_generation_data,195,15,0.554,NA
197,20,string-lengths-backwards,tourney,FALSE,10,elitize_generation_data,196,13,0.522,NA
198,20,string-lengths-backwards,tourney,FALSE,10,elitize_generation_data,197,14,0.574,NA
199,20,string-lengths-backwards,tourney,FALSE,10,elitize_generation_data,198,15,0.578,NA
200,20,string-lengths-backwards,tourney,FALSE,10,elitize_generation_data,199,12,0.555,NA
201,20,string-lengths-backwards,tourney,FALSE,10,elitize_generation_data,200,16,0.531,NA
202,20,string-lengths-backwards,tourney,FALSE,10,elitize_generation_data,201,15,0.578,NA
203,20,string-lengths-backwards,tourney,FALSE,10,elitize_generation_data,202,13,0.537,NA
204,20,string-lengths-backwards,tourney,FALSE,10,elitize_generation_data,203,19,0.586,NA
205,20,string-lengths-backwards,tourney,FALSE,10,elitize_generation_data,204,21,0.6,NA
206,20,string-lengths-backwards,tourney,FALSE,10,elitize_generation_data,205,15,0.596,NA
207,20,string-lengths-backwards,tourney,FALSE,10,elitize_generation_data,206,17,0.625,NA
208,20,string-lengths-backwards,tourney,FALSE,10,elitize_generation_data,207,12,0.609,NA
209,20,string-lengths-backwards,tourney,FALSE,10,elitize_generation_data,208,22,0.588,NA
210,20,string-lengths-backwards,tourney,FALSE,10,elitize_generation_data,209,14,0.577,NA
211,20,string-lengths-backwards,tourney,FALSE,10,elitize_generation_data,210,17,0.561,NA
212,20,string-lengths-backwards,tourney,FALSE,10,elitize_generation_data,211,16,0.534,NA
213,20,string-lengths-backwards,tourney,FALSE,10,elitize_generation_data,212,21,0.573,NA
214,20,string-lengths-backwards,tourney,FALSE,10,elitize_generation_data,213,9,0.552,NA
215,20,string-lengths-backwards,tourney,FALSE,10,elitize_generation_data,214,17,0.542,NA
216,20,string-lengths-backwards,tourney,FALSE,10,elitize_generation_data,215,15,0.551,NA
217,20,string-lengths-backwards,tourney,FALSE,10,elitize_generation_data,216,15,0.526,NA
218,20,string-lengths-backwards,tourney,FALSE,10,elitize_generation_data,217,17,0.536,NA
219,20,string-lengths-backwards,tourney,FALSE,10,elitize_generation_data,218,19,0.586,NA
220,20,string-lengths-backwards,tourney,FALSE,10,elitize_generation_data,219,17,0.563,NA
221,20,string-lengths-backwards,tourney,FALSE,10,elitize_generation_data,220,13,0.587,NA
222,20,string-lengths-backwards,tourney,FALSE,10,elitize_generation_data,221,12,0.588,NA
223,20,string-lengths-backwards,tourney,FALSE,10,elitize_generation_data,222,13,0.588,NA
224,20,string-lengths-backwards,tourney,FALSE,10,elitize_generation_data,223,17,0.561,NA
225,20,string-lengths-backwards,tourney,FALSE,10,elitize_generation_data,224,16,0.577,NA
226,20,string-lengths-backwards,tourney,FALSE,10,elitize_generation_data,225,18,0.587,NA
227,20,string-lengths-backwards,tourney,FALSE,10,elitize_generation_data,226,18,0.566,NA
228,20,string-lengths-backwards,tourney,FALSE,10,elitize_generation_data,227,19,0.558,NA
229,20,string-lengths-backwards,tourney,FALSE,10,elitize_generation_data,228,15,0.572,NA
230,20,string-lengths-backwards,tourney,FALSE,10,elitize_generation_data,229,17,0.508,NA
231,20,string-lengths-backwards,tourney,FALSE,10,elitize_generation_data,230,19,0.527,NA
232,20,string-lengths-backwards,tourney,FALSE,10,elitize_generation_data,231,16,0.58,NA
233,20,string-lengths-backwards,tourney,FALSE,10,elitize_generation_data,232,17,0.543,NA
234,20,string-lengths-backwards,tourney,FALSE,10,elitize_generation_data,233,17,0.527,NA
235,20,string-lengths-backwards,tourney,FALSE,10,elitize_generation_data,234,15,0.563,NA
236,20,string-lengths-backwards,tourney,FALSE,10,elitize_generation_data,235,15,0.555,NA
237,20,string-lengths-backwards,tourney,FALSE,10,elitize_generation_data,236,11,0.548,NA
238,20,string-lengths-backwards,tourney,FALSE,10,elitize_generation_data,237,14,0.547,NA
239,20,string-lengths-backwards,tourney,FALSE,10,elitize_generation_data,238,14,0.551,NA
240,20,string-lengths-backwards,tourney,FALSE,10,elitize_generation_data,239,18,0.527,NA
241,20,string-lengths-backwards,tourney,FALSE,10,elitize_generation_data,240,15,0.57,NA
242,20,string-lengths-backwards,tourney,FALSE,10,elitize_generation_data,241,18,0.574,NA
243,20,string-lengths-backwards,tourney,FALSE,10,elitize_generation_data,242,18,0.58,NA
244,20,string-lengths-backwards,tourney,FALSE,10,elitize_generation_data,243,19,0.556,NA
245,20,string-lengths-backwards,tourney,FALSE,10,elitize_generation_data,244,19,0.547,NA
246,20,string-lengths-backwards,tourney,FALSE,10,elitize_generation_data,245,20,0.559,NA
247,20,string-lengths-backwards,tourney,FALSE,10,elitize_generation_data,246,22,0.551,NA
248,20,string-lengths-backwards,tourney,FALSE,10,elitize_generation_data,247,18,0.573,NA
249,20,string-lengths-backwards,tourney,FALSE,10,elitize_generation_data,248,18,0.544,NA
250,20,string-lengths-backwards,tourney,FALSE,10,elitize_generation_data,249,13,0.538,NA
251,20,string-lengths-backwards,tourney,FALSE,10,elitize_generation_data,250,16,0.527,NA
252,20,string-lengths-backwards,tourney,FALSE,10,elitize_generation_data,251,14,0.546,NA
253,20,string-lengths-backwards,tourney,FALSE,10,elitize_generation_data,252,18,0.54,NA
254,20,string-lengths-backwards,tourney,FALSE,10,elitize_generation_data,253,19,0.523,NA
255,20,string-lengths-backwards,tourney,FALSE,10,elitize_generation_data,254,24,0.533,NA
256,20,string-lengths-backwards,tourney,FALSE,10,elitize_generation_data,255,16,0.561,NA
257,20,string-lengths-backwards,tourney,FALSE,10,elitize_generation_data,256,17,0.532,NA
258,20,string-lengths-backwards,tourney,FALSE,10,elitize_generation_data,257,22,0.562,NA
259,20,string-lengths-backwards,tourney,FALSE,10,elitize_generation_data,258,16,0.549,NA
260,20,string-lengths-backwards,tourney,FALSE,10,elitize_generation_data,259,24,0.551,NA
261,20,string-lengths-backwards,tourney,FALSE,10,elitize_generation_data,260,19,0.562,NA
262,20,string-lengths-backwards,tourney,FALSE,10,elitize_generation_data,261,14,0.566,NA
263,20,string-lengths-backwards,tourney,FALSE,10,elitize_generation_data,262,16,0.558,NA
264,20,string-lengths-backwards,tourney,FALSE,10,elitize_generation_data,263,21,0.54,NA
265,20,string-lengths-backwards,tourney,FALSE,10,elitize_generation_data,264,21,0.571,NA
266,20,string-lengths-backwards,tourney,FALSE,10,elitize_generation_data,265,13,0.548,NA
267,20,string-lengths-backwards,tourney,FALSE,10,elitize_generation_data,266,16,0.533,NA
268,20,string-lengths-backwards,tourney,FALSE,10,elitize_generation_data,267,15,0.539,NA
269,20,string-lengths-backwards,tourney,FALSE,10,elitize_generation_data,268,14,0.548,NA
270,20,string-lengths-backwards,tourney,FALSE,10,elitize_generation_data,269,14,0.549,NA
271,20,string-lengths-backwards,tourney,FALSE,10,elitize_generation_data,270,18,0.538,NA
272,20,string-lengths-backwards,tourney,FALSE,10,elitize_generation_data,271,15,0.541,NA
273,20,string-lengths-backwards,tourney,FALSE,10,elitize_generation_data,272,13,0.57,NA
274,20,string-lengths-backwards,tourney,FALSE,10,elitize_generation_data,273,17,0.552,NA
275,20,string-lengths-backwards,tourney,FALSE,10,elitize_generation_data,274,26,0.562,NA
276,20,string-lengths-backwards,tourney,FALSE,10,elitize_generation_data,275,19,0.564,NA
277,20,string-lengths-backwards,tourney,FALSE,10,elitize_generation_data,276,17,0.519,NA
278,20,string-lengths-backwards,tourney,FALSE,10,elitize_generation_data,277,14,0.524,NA
279,20,string-lengths-backwards,tourney,FALSE,10,elitize_generation_data,278,14,0.57,NA
280,20,string-lengths-backwards,tourney,FALSE,10,elitize_generation_data,279,16,0.574,NA
281,20,string-lengths-backwards,tourney,FALSE,10,elitize_generation_data,280,12,0.542,NA
282,20,string-lengths-backwards,tourney,FALSE,10,elitize_generation_data,281,15,0.551,NA
283,20,string-lengths-backwards,tourney,FALSE,10,elitize_generation_data,282,15,0.548,NA
284,20,string-lengths-backwards,tourney,FALSE,10,elitize_generation_data,283,17,0.565,NA
285,20,string-lengths-backwards,tourney,FALSE,10,elitize_generation_data,284,19,0.54,NA
286,20,string-lengths-backwards,tourney,FALSE,10,elitize_generation_data,285,15,0.566,NA
287,20,string-lengths-backwards,tourney,FALSE,10,elitize_generation_data,286,13,0.541,NA
288,20,string-lengths-backwards,tourney,FALSE,10,elitize_generation_data,287,24,0.539,NA
289,20,string-lengths-backwards,tourney,FALSE,10,elitize_generation_data,288,15,0.544,NA
290,20,string-lengths-backwards,tourney,FALSE,10,elitize_generation_data,289,22,0.538,NA
291,20,string-lengths-backwards,tourney,FALSE,10,elitize_generation_data,290,13,0.538,NA
292,20,string-lengths-backwards,tourney,FALSE,10,elitize_generation_data,291,19,0.546,NA
293,20,string-lengths-backwards,tourney,FALSE,10,elitize_generation_data,292,12,0.573,NA
294,20,string-lengths-backwards,tourney,FALSE,10,elitize_generation_data,293,14,0.567,NA
295,20,string-lengths-backwards,tourney,FALSE,10,elitize_generation_data,294,15,0.561,NA
296,20,string-lengths-backwards,tourney,FALSE,10,elitize_generation_data,295,12,0.553,NA
297,20,string-lengths-backwards,tourney,FALSE,10,elitize_generation_data,296,16,0.558,NA
298,20,string-lengths-backwards,tourney,FALSE,10,elitize_generation_data,297,20,0.529,NA
299,20,string-lengths-backwards,tourney,FALSE,10,elitize_generation_data,298,19,0.54,NA
300,20,string-lengths-backwards,tourney,FALSE,10,elitize_generation_data,299,13,0.566,NA
301,20,string-lengths-backwards,tourney,FALSE,10,elitize_generation_data,300,16,0.544,NA
