,run.num,problem,treatment,succeeded,height,normalization.function,generation,cluster.count,error.diversity,success.generation
1,4,syllables,ifs,FALSE,20,elitize_generation_data,0,5,0.269,NA
2,4,syllables,ifs,FALSE,20,elitize_generation_data,1,7,0.214,NA
3,4,syllables,ifs,FALSE,20,elitize_generation_data,2,7,0.264,NA
4,4,syllables,ifs,FALSE,20,elitize_generation_data,3,8,0.231,NA
5,4,syllables,ifs,FALSE,20,elitize_generation_data,4,9,0.239,NA
6,4,syllables,ifs,FALSE,20,elitize_generation_data,5,9,0.141,NA
7,4,syllables,ifs,FALSE,20,elitize_generation_data,6,10,0.081,NA
8,4,syllables,ifs,FALSE,20,elitize_generation_data,7,7,0.079,NA
9,4,syllables,ifs,FALSE,20,elitize_generation_data,8,9,0.084,NA
10,4,syllables,ifs,FALSE,20,elitize_generation_data,9,9,0.082,NA
11,4,syllables,ifs,FALSE,20,elitize_generation_data,10,8,0.086,NA
12,4,syllables,ifs,FALSE,20,elitize_generation_data,11,8,0.078,NA
13,4,syllables,ifs,FALSE,20,elitize_generation_data,12,8,0.072,NA
14,4,syllables,ifs,FALSE,20,elitize_generation_data,13,8,0.08,NA
15,4,syllables,ifs,FALSE,20,elitize_generation_data,14,9,0.068,NA
16,4,syllables,ifs,FALSE,20,elitize_generation_data,15,10,0.083,NA
17,4,syllables,ifs,FALSE,20,elitize_generation_data,16,9,0.083,NA
18,4,syllables,ifs,FALSE,20,elitize_generation_data,17,8,0.074,NA
19,4,syllables,ifs,FALSE,20,elitize_generation_data,18,11,0.075,NA
20,4,syllables,ifs,FALSE,20,elitize_generation_data,19,9,0.079,NA
21,4,syllables,ifs,FALSE,20,elitize_generation_data,20,9,0.098,NA
22,4,syllables,ifs,FALSE,20,elitize_generation_data,21,8,0.101,NA
23,4,syllables,ifs,FALSE,20,elitize_generation_data,22,9,0.101,NA
24,4,syllables,ifs,FALSE,20,elitize_generation_data,23,11,0.11,NA
25,4,syllables,ifs,FALSE,20,elitize_generation_data,24,11,0.133,NA
26,4,syllables,ifs,FALSE,20,elitize_generation_data,25,13,0.127,NA
27,4,syllables,ifs,FALSE,20,elitize_generation_data,26,11,0.104,NA
28,4,syllables,ifs,FALSE,20,elitize_generation_data,27,14,0.091,NA
29,4,syllables,ifs,FALSE,20,elitize_generation_data,28,13,0.107,NA
30,4,syllables,ifs,FALSE,20,elitize_generation_data,29,16,0.122,NA
31,4,syllables,ifs,FALSE,20,elitize_generation_data,30,16,0.112,NA
32,4,syllables,ifs,FALSE,20,elitize_generation_data,31,20,0.128,NA
33,4,syllables,ifs,FALSE,20,elitize_generation_data,32,19,0.152,NA
34,4,syllables,ifs,FALSE,20,elitize_generation_data,33,25,0.215,NA
35,4,syllables,ifs,FALSE,20,elitize_generation_data,34,26,0.209,NA
36,4,syllables,ifs,FALSE,20,elitize_generation_data,35,25,0.22,NA
37,4,syllables,ifs,FALSE,20,elitize_generation_data,36,26,0.192,NA
38,4,syllables,ifs,FALSE,20,elitize_generation_data,37,28,0.196,NA
39,4,syllables,ifs,FALSE,20,elitize_generation_data,38,27,0.174,NA
40,4,syllables,ifs,FALSE,20,elitize_generation_data,39,34,0.21,NA
41,4,syllables,ifs,FALSE,20,elitize_generation_data,40,35,0.214,NA
42,4,syllables,ifs,FALSE,20,elitize_generation_data,41,32,0.172,NA
43,4,syllables,ifs,FALSE,20,elitize_generation_data,42,34,0.155,NA
44,4,syllables,ifs,FALSE,20,elitize_generation_data,43,39,0.172,NA
45,4,syllables,ifs,FALSE,20,elitize_generation_data,44,47,0.218,NA
46,4,syllables,ifs,FALSE,20,elitize_generation_data,45,49,0.259,NA
47,4,syllables,ifs,FALSE,20,elitize_generation_data,46,54,0.287,NA
48,4,syllables,ifs,FALSE,20,elitize_generation_data,47,57,0.302,NA
49,4,syllables,ifs,FALSE,20,elitize_generation_data,48,54,0.263,NA
50,4,syllables,ifs,FALSE,20,elitize_generation_data,49,47,0.271,NA
51,4,syllables,ifs,FALSE,20,elitize_generation_data,50,68,0.325,NA
52,4,syllables,ifs,FALSE,20,elitize_generation_data,51,69,0.337,NA
53,4,syllables,ifs,FALSE,20,elitize_generation_data,52,67,0.37,NA
54,4,syllables,ifs,FALSE,20,elitize_generation_data,53,83,0.358,NA
55,4,syllables,ifs,FALSE,20,elitize_generation_data,54,77,0.371,NA
56,4,syllables,ifs,FALSE,20,elitize_generation_data,55,67,0.311,NA
57,4,syllables,ifs,FALSE,20,elitize_generation_data,56,55,0.297,NA
58,4,syllables,ifs,FALSE,20,elitize_generation_data,57,72,0.308,NA
59,4,syllables,ifs,FALSE,20,elitize_generation_data,58,55,0.303,NA
60,4,syllables,ifs,FALSE,20,elitize_generation_data,59,58,0.302,NA
61,4,syllables,ifs,FALSE,20,elitize_generation_data,60,60,0.311,NA
62,4,syllables,ifs,FALSE,20,elitize_generation_data,61,48,0.317,NA
63,4,syllables,ifs,FALSE,20,elitize_generation_data,62,74,0.34,NA
64,4,syllables,ifs,FALSE,20,elitize_generation_data,63,62,0.354,NA
65,4,syllables,ifs,FALSE,20,elitize_generation_data,64,74,0.38,NA
66,4,syllables,ifs,FALSE,20,elitize_generation_data,65,75,0.377,NA
67,4,syllables,ifs,FALSE,20,elitize_generation_data,66,66,0.374,NA
68,4,syllables,ifs,FALSE,20,elitize_generation_data,67,65,0.38,NA
69,4,syllables,ifs,FALSE,20,elitize_generation_data,68,63,0.384,NA
70,4,syllables,ifs,FALSE,20,elitize_generation_data,69,72,0.389,NA
71,4,syllables,ifs,FALSE,20,elitize_generation_data,70,60,0.399,NA
72,4,syllables,ifs,FALSE,20,elitize_generation_data,71,61,0.344,NA
73,4,syllables,ifs,FALSE,20,elitize_generation_data,72,67,0.388,NA
74,4,syllables,ifs,FALSE,20,elitize_generation_data,73,64,0.393,NA
75,4,syllables,ifs,FALSE,20,elitize_generation_data,74,63,0.426,NA
76,4,syllables,ifs,FALSE,20,elitize_generation_data,75,74,0.447,NA
77,4,syllables,ifs,FALSE,20,elitize_generation_data,76,72,0.46,NA
78,4,syllables,ifs,FALSE,20,elitize_generation_data,77,64,0.49,NA
79,4,syllables,ifs,FALSE,20,elitize_generation_data,78,70,0.473,NA
80,4,syllables,ifs,FALSE,20,elitize_generation_data,79,59,0.454,NA
81,4,syllables,ifs,FALSE,20,elitize_generation_data,80,53,0.456,NA
82,4,syllables,ifs,FALSE,20,elitize_generation_data,81,64,0.478,NA
83,4,syllables,ifs,FALSE,20,elitize_generation_data,82,55,0.45,NA
84,4,syllables,ifs,FALSE,20,elitize_generation_data,83,61,0.459,NA
85,4,syllables,ifs,FALSE,20,elitize_generation_data,84,66,0.42,NA
86,4,syllables,ifs,FALSE,20,elitize_generation_data,85,59,0.411,NA
87,4,syllables,ifs,FALSE,20,elitize_generation_data,86,66,0.423,NA
88,4,syllables,ifs,FALSE,20,elitize_generation_data,87,71,0.446,NA
89,4,syllables,ifs,FALSE,20,elitize_generation_data,88,69,0.416,NA
90,4,syllables,ifs,FALSE,20,elitize_generation_data,89,68,0.445,NA
91,4,syllables,ifs,FALSE,20,elitize_generation_data,90,83,0.447,NA
92,4,syllables,ifs,FALSE,20,elitize_generation_data,91,60,0.425,NA
93,4,syllables,ifs,FALSE,20,elitize_generation_data,92,77,0.452,NA
94,4,syllables,ifs,FALSE,20,elitize_generation_data,93,69,0.443,NA
95,4,syllables,ifs,FALSE,20,elitize_generation_data,94,60,0.445,NA
96,4,syllables,ifs,FALSE,20,elitize_generation_data,95,66,0.453,NA
97,4,syllables,ifs,FALSE,20,elitize_generation_data,96,57,0.436,NA
98,4,syllables,ifs,FALSE,20,elitize_generation_data,97,62,0.455,NA
99,4,syllables,ifs,FALSE,20,elitize_generation_data,98,54,0.432,NA
100,4,syllables,ifs,FALSE,20,elitize_generation_data,99,66,0.438,NA
101,4,syllables,ifs,FALSE,20,elitize_generation_data,100,67,0.468,NA
102,4,syllables,ifs,FALSE,20,elitize_generation_data,101,67,0.463,NA
103,4,syllables,ifs,FALSE,20,elitize_generation_data,102,68,0.443,NA
104,4,syllables,ifs,FALSE,20,elitize_generation_data,103,70,0.462,NA
105,4,syllables,ifs,FALSE,20,elitize_generation_data,104,72,0.481,NA
106,4,syllables,ifs,FALSE,20,elitize_generation_data,105,80,0.477,NA
107,4,syllables,ifs,FALSE,20,elitize_generation_data,106,68,0.443,NA
108,4,syllables,ifs,FALSE,20,elitize_generation_data,107,75,0.445,NA
109,4,syllables,ifs,FALSE,20,elitize_generation_data,108,77,0.469,NA
110,4,syllables,ifs,FALSE,20,elitize_generation_data,109,72,0.456,NA
111,4,syllables,ifs,FALSE,20,elitize_generation_data,110,70,0.471,NA
112,4,syllables,ifs,FALSE,20,elitize_generation_data,111,68,0.451,NA
113,4,syllables,ifs,FALSE,20,elitize_generation_data,112,71,0.452,NA
114,4,syllables,ifs,FALSE,20,elitize_generation_data,113,74,0.462,NA
115,4,syllables,ifs,FALSE,20,elitize_generation_data,114,71,0.47,NA
116,4,syllables,ifs,FALSE,20,elitize_generation_data,115,75,0.439,NA
117,4,syllables,ifs,FALSE,20,elitize_generation_data,116,75,0.472,NA
118,4,syllables,ifs,FALSE,20,elitize_generation_data,117,82,0.479,NA
119,4,syllables,ifs,FALSE,20,elitize_generation_data,118,66,0.48,NA
120,4,syllables,ifs,FALSE,20,elitize_generation_data,119,82,0.462,NA
121,4,syllables,ifs,FALSE,20,elitize_generation_data,120,68,0.471,NA
122,4,syllables,ifs,FALSE,20,elitize_generation_data,121,68,0.473,NA
123,4,syllables,ifs,FALSE,20,elitize_generation_data,122,70,0.502,NA
124,4,syllables,ifs,FALSE,20,elitize_generation_data,123,70,0.479,NA
125,4,syllables,ifs,FALSE,20,elitize_generation_data,124,69,0.467,NA
126,4,syllables,ifs,FALSE,20,elitize_generation_data,125,72,0.446,NA
127,4,syllables,ifs,FALSE,20,elitize_generation_data,126,79,0.48,NA
128,4,syllables,ifs,FALSE,20,elitize_generation_data,127,68,0.466,NA
129,4,syllables,ifs,FALSE,20,elitize_generation_data,128,79,0.459,NA
130,4,syllables,ifs,FALSE,20,elitize_generation_data,129,79,0.468,NA
131,4,syllables,ifs,FALSE,20,elitize_generation_data,130,64,0.465,NA
132,4,syllables,ifs,FALSE,20,elitize_generation_data,131,78,0.459,NA
133,4,syllables,ifs,FALSE,20,elitize_generation_data,132,69,0.45,NA
134,4,syllables,ifs,FALSE,20,elitize_generation_data,133,76,0.467,NA
135,4,syllables,ifs,FALSE,20,elitize_generation_data,134,71,0.457,NA
136,4,syllables,ifs,FALSE,20,elitize_generation_data,135,68,0.451,NA
137,4,syllables,ifs,FALSE,20,elitize_generation_data,136,66,0.443,NA
138,4,syllables,ifs,FALSE,20,elitize_generation_data,137,69,0.452,NA
139,4,syllables,ifs,FALSE,20,elitize_generation_data,138,77,0.449,NA
140,4,syllables,ifs,FALSE,20,elitize_generation_data,139,75,0.47,NA
141,4,syllables,ifs,FALSE,20,elitize_generation_data,140,70,0.463,NA
142,4,syllables,ifs,FALSE,20,elitize_generation_data,141,79,0.474,NA
143,4,syllables,ifs,FALSE,20,elitize_generation_data,142,79,0.474,NA
144,4,syllables,ifs,FALSE,20,elitize_generation_data,143,64,0.455,NA
145,4,syllables,ifs,FALSE,20,elitize_generation_data,144,75,0.445,NA
146,4,syllables,ifs,FALSE,20,elitize_generation_data,145,69,0.431,NA
147,4,syllables,ifs,FALSE,20,elitize_generation_data,146,77,0.419,NA
148,4,syllables,ifs,FALSE,20,elitize_generation_data,147,65,0.457,NA
149,4,syllables,ifs,FALSE,20,elitize_generation_data,148,70,0.454,NA
150,4,syllables,ifs,FALSE,20,elitize_generation_data,149,69,0.454,NA
151,4,syllables,ifs,FALSE,20,elitize_generation_data,150,73,0.469,NA
152,4,syllables,ifs,FALSE,20,elitize_generation_data,151,72,0.461,NA
153,4,syllables,ifs,FALSE,20,elitize_generation_data,152,68,0.455,NA
154,4,syllables,ifs,FALSE,20,elitize_generation_data,153,63,0.471,NA
155,4,syllables,ifs,FALSE,20,elitize_generation_data,154,66,0.452,NA
156,4,syllables,ifs,FALSE,20,elitize_generation_data,155,68,0.456,NA
157,4,syllables,ifs,FALSE,20,elitize_generation_data,156,75,0.429,NA
158,4,syllables,ifs,FALSE,20,elitize_generation_data,157,60,0.456,NA
159,4,syllables,ifs,FALSE,20,elitize_generation_data,158,71,0.489,NA
160,4,syllables,ifs,FALSE,20,elitize_generation_data,159,62,0.436,NA
161,4,syllables,ifs,FALSE,20,elitize_generation_data,160,72,0.481,NA
162,4,syllables,ifs,FALSE,20,elitize_generation_data,161,58,0.445,NA
163,4,syllables,ifs,FALSE,20,elitize_generation_data,162,61,0.45,NA
164,4,syllables,ifs,FALSE,20,elitize_generation_data,163,70,0.479,NA
165,4,syllables,ifs,FALSE,20,elitize_generation_data,164,76,0.487,NA
166,4,syllables,ifs,FALSE,20,elitize_generation_data,165,82,0.465,NA
167,4,syllables,ifs,FALSE,20,elitize_generation_data,166,83,0.478,NA
168,4,syllables,ifs,FALSE,20,elitize_generation_data,167,66,0.45,NA
169,4,syllables,ifs,FALSE,20,elitize_generation_data,168,60,0.46,NA
170,4,syllables,ifs,FALSE,20,elitize_generation_data,169,60,0.474,NA
171,4,syllables,ifs,FALSE,20,elitize_generation_data,170,64,0.452,NA
172,4,syllables,ifs,FALSE,20,elitize_generation_data,171,59,0.442,NA
173,4,syllables,ifs,FALSE,20,elitize_generation_data,172,59,0.427,NA
174,4,syllables,ifs,FALSE,20,elitize_generation_data,173,60,0.453,NA
175,4,syllables,ifs,FALSE,20,elitize_generation_data,174,60,0.481,NA
176,4,syllables,ifs,FALSE,20,elitize_generation_data,175,53,0.457,NA
177,4,syllables,ifs,FALSE,20,elitize_generation_data,176,66,0.466,NA
178,4,syllables,ifs,FALSE,20,elitize_generation_data,177,65,0.478,NA
179,4,syllables,ifs,FALSE,20,elitize_generation_data,178,51,0.456,NA
180,4,syllables,ifs,FALSE,20,elitize_generation_data,179,56,0.439,NA
181,4,syllables,ifs,FALSE,20,elitize_generation_data,180,55,0.467,NA
182,4,syllables,ifs,FALSE,20,elitize_generation_data,181,54,0.444,NA
183,4,syllables,ifs,FALSE,20,elitize_generation_data,182,58,0.453,NA
184,4,syllables,ifs,FALSE,20,elitize_generation_data,183,61,0.468,NA
185,4,syllables,ifs,FALSE,20,elitize_generation_data,184,56,0.419,NA
186,4,syllables,ifs,FALSE,20,elitize_generation_data,185,52,0.435,NA
187,4,syllables,ifs,FALSE,20,elitize_generation_data,186,60,0.459,NA
188,4,syllables,ifs,FALSE,20,elitize_generation_data,187,61,0.475,NA
189,4,syllables,ifs,FALSE,20,elitize_generation_data,188,61,0.461,NA
190,4,syllables,ifs,FALSE,20,elitize_generation_data,189,61,0.456,NA
191,4,syllables,ifs,FALSE,20,elitize_generation_data,190,53,0.445,NA
192,4,syllables,ifs,FALSE,20,elitize_generation_data,191,53,0.437,NA
193,4,syllables,ifs,FALSE,20,elitize_generation_data,192,55,0.478,NA
194,4,syllables,ifs,FALSE,20,elitize_generation_data,193,60,0.469,NA
195,4,syllables,ifs,FALSE,20,elitize_generation_data,194,60,0.457,NA
196,4,syllables,ifs,FALSE,20,elitize_generation_data,195,65,0.46,NA
197,4,syllables,ifs,FALSE,20,elitize_generation_data,196,57,0.451,NA
198,4,syllables,ifs,FALSE,20,elitize_generation_data,197,65,0.474,NA
199,4,syllables,ifs,FALSE,20,elitize_generation_data,198,51,0.453,NA
200,4,syllables,ifs,FALSE,20,elitize_generation_data,199,52,0.46,NA
201,4,syllables,ifs,FALSE,20,elitize_generation_data,200,56,0.466,NA
202,4,syllables,ifs,FALSE,20,elitize_generation_data,201,61,0.456,NA
203,4,syllables,ifs,FALSE,20,elitize_generation_data,202,72,0.462,NA
204,4,syllables,ifs,FALSE,20,elitize_generation_data,203,58,0.473,NA
205,4,syllables,ifs,FALSE,20,elitize_generation_data,204,54,0.451,NA
206,4,syllables,ifs,FALSE,20,elitize_generation_data,205,60,0.464,NA
207,4,syllables,ifs,FALSE,20,elitize_generation_data,206,53,0.469,NA
208,4,syllables,ifs,FALSE,20,elitize_generation_data,207,56,0.449,NA
209,4,syllables,ifs,FALSE,20,elitize_generation_data,208,57,0.446,NA
210,4,syllables,ifs,FALSE,20,elitize_generation_data,209,54,0.478,NA
211,4,syllables,ifs,FALSE,20,elitize_generation_data,210,56,0.478,NA
212,4,syllables,ifs,FALSE,20,elitize_generation_data,211,59,0.47,NA
213,4,syllables,ifs,FALSE,20,elitize_generation_data,212,64,0.467,NA
214,4,syllables,ifs,FALSE,20,elitize_generation_data,213,58,0.449,NA
215,4,syllables,ifs,FALSE,20,elitize_generation_data,214,67,0.469,NA
216,4,syllables,ifs,FALSE,20,elitize_generation_data,215,53,0.475,NA
217,4,syllables,ifs,FALSE,20,elitize_generation_data,216,64,0.48,NA
218,4,syllables,ifs,FALSE,20,elitize_generation_data,217,67,0.488,NA
219,4,syllables,ifs,FALSE,20,elitize_generation_data,218,61,0.496,NA
220,4,syllables,ifs,FALSE,20,elitize_generation_data,219,59,0.489,NA
221,4,syllables,ifs,FALSE,20,elitize_generation_data,220,54,0.478,NA
222,4,syllables,ifs,FALSE,20,elitize_generation_data,221,58,0.483,NA
223,4,syllables,ifs,FALSE,20,elitize_generation_data,222,60,0.481,NA
224,4,syllables,ifs,FALSE,20,elitize_generation_data,223,64,0.497,NA
225,4,syllables,ifs,FALSE,20,elitize_generation_data,224,65,0.485,NA
226,4,syllables,ifs,FALSE,20,elitize_generation_data,225,52,0.491,NA
227,4,syllables,ifs,FALSE,20,elitize_generation_data,226,64,0.512,NA
228,4,syllables,ifs,FALSE,20,elitize_generation_data,227,53,0.494,NA
229,4,syllables,ifs,FALSE,20,elitize_generation_data,228,55,0.495,NA
230,4,syllables,ifs,FALSE,20,elitize_generation_data,229,53,0.48,NA
231,4,syllables,ifs,FALSE,20,elitize_generation_data,230,57,0.514,NA
232,4,syllables,ifs,FALSE,20,elitize_generation_data,231,59,0.49,NA
233,4,syllables,ifs,FALSE,20,elitize_generation_data,232,58,0.478,NA
234,4,syllables,ifs,FALSE,20,elitize_generation_data,233,49,0.475,NA
235,4,syllables,ifs,FALSE,20,elitize_generation_data,234,51,0.503,NA
236,4,syllables,ifs,FALSE,20,elitize_generation_data,235,56,0.512,NA
237,4,syllables,ifs,FALSE,20,elitize_generation_data,236,58,0.528,NA
238,4,syllables,ifs,FALSE,20,elitize_generation_data,237,57,0.506,NA
239,4,syllables,ifs,FALSE,20,elitize_generation_data,238,64,0.481,NA
240,4,syllables,ifs,FALSE,20,elitize_generation_data,239,66,0.496,NA
241,4,syllables,ifs,FALSE,20,elitize_generation_data,240,60,0.521,NA
242,4,syllables,ifs,FALSE,20,elitize_generation_data,241,61,0.492,NA
243,4,syllables,ifs,FALSE,20,elitize_generation_data,242,55,0.505,NA
244,4,syllables,ifs,FALSE,20,elitize_generation_data,243,56,0.466,NA
245,4,syllables,ifs,FALSE,20,elitize_generation_data,244,53,0.488,NA
246,4,syllables,ifs,FALSE,20,elitize_generation_data,245,51,0.501,NA
247,4,syllables,ifs,FALSE,20,elitize_generation_data,246,64,0.472,NA
248,4,syllables,ifs,FALSE,20,elitize_generation_data,247,57,0.501,NA
249,4,syllables,ifs,FALSE,20,elitize_generation_data,248,61,0.446,NA
250,4,syllables,ifs,FALSE,20,elitize_generation_data,249,60,0.465,NA
251,4,syllables,ifs,FALSE,20,elitize_generation_data,250,61,0.484,NA
252,4,syllables,ifs,FALSE,20,elitize_generation_data,251,57,0.492,NA
253,4,syllables,ifs,FALSE,20,elitize_generation_data,252,56,0.493,NA
254,4,syllables,ifs,FALSE,20,elitize_generation_data,253,63,0.508,NA
255,4,syllables,ifs,FALSE,20,elitize_generation_data,254,67,0.506,NA
256,4,syllables,ifs,FALSE,20,elitize_generation_data,255,59,0.503,NA
257,4,syllables,ifs,FALSE,20,elitize_generation_data,256,60,0.492,NA
258,4,syllables,ifs,FALSE,20,elitize_generation_data,257,60,0.507,NA
259,4,syllables,ifs,FALSE,20,elitize_generation_data,258,63,0.507,NA
260,4,syllables,ifs,FALSE,20,elitize_generation_data,259,64,0.545,NA
261,4,syllables,ifs,FALSE,20,elitize_generation_data,260,58,0.501,NA
262,4,syllables,ifs,FALSE,20,elitize_generation_data,261,68,0.488,NA
263,4,syllables,ifs,FALSE,20,elitize_generation_data,262,61,0.502,NA
264,4,syllables,ifs,FALSE,20,elitize_generation_data,263,53,0.494,NA
265,4,syllables,ifs,FALSE,20,elitize_generation_data,264,68,0.493,NA
266,4,syllables,ifs,FALSE,20,elitize_generation_data,265,62,0.491,NA
267,4,syllables,ifs,FALSE,20,elitize_generation_data,266,65,0.501,NA
268,4,syllables,ifs,FALSE,20,elitize_generation_data,267,54,0.497,NA
269,4,syllables,ifs,FALSE,20,elitize_generation_data,268,60,0.489,NA
270,4,syllables,ifs,FALSE,20,elitize_generation_data,269,54,0.492,NA
271,4,syllables,ifs,FALSE,20,elitize_generation_data,270,64,0.499,NA
272,4,syllables,ifs,FALSE,20,elitize_generation_data,271,67,0.494,NA
273,4,syllables,ifs,FALSE,20,elitize_generation_data,272,57,0.516,NA
274,4,syllables,ifs,FALSE,20,elitize_generation_data,273,56,0.485,NA
275,4,syllables,ifs,FALSE,20,elitize_generation_data,274,62,0.513,NA
276,4,syllables,ifs,FALSE,20,elitize_generation_data,275,49,0.523,NA
277,4,syllables,ifs,FALSE,20,elitize_generation_data,276,61,0.512,NA
278,4,syllables,ifs,FALSE,20,elitize_generation_data,277,66,0.542,NA
279,4,syllables,ifs,FALSE,20,elitize_generation_data,278,59,0.52,NA
280,4,syllables,ifs,FALSE,20,elitize_generation_data,279,58,0.491,NA
281,4,syllables,ifs,FALSE,20,elitize_generation_data,280,73,0.533,NA
282,4,syllables,ifs,FALSE,20,elitize_generation_data,281,54,0.531,NA
283,4,syllables,ifs,FALSE,20,elitize_generation_data,282,62,0.526,NA
284,4,syllables,ifs,FALSE,20,elitize_generation_data,283,58,0.529,NA
285,4,syllables,ifs,FALSE,20,elitize_generation_data,284,56,0.508,NA
286,4,syllables,ifs,FALSE,20,elitize_generation_data,285,54,0.509,NA
287,4,syllables,ifs,FALSE,20,elitize_generation_data,286,62,0.518,NA
288,4,syllables,ifs,FALSE,20,elitize_generation_data,287,61,0.527,NA
289,4,syllables,ifs,FALSE,20,elitize_generation_data,288,63,0.512,NA
290,4,syllables,ifs,FALSE,20,elitize_generation_data,289,57,0.532,NA
291,4,syllables,ifs,FALSE,20,elitize_generation_data,290,56,0.506,NA
292,4,syllables,ifs,FALSE,20,elitize_generation_data,291,65,0.508,NA
293,4,syllables,ifs,FALSE,20,elitize_generation_data,292,62,0.511,NA
294,4,syllables,ifs,FALSE,20,elitize_generation_data,293,59,0.535,NA
295,4,syllables,ifs,FALSE,20,elitize_generation_data,294,67,0.524,NA
296,4,syllables,ifs,FALSE,20,elitize_generation_data,295,64,0.495,NA
297,4,syllables,ifs,FALSE,20,elitize_generation_data,296,56,0.523,NA
298,4,syllables,ifs,FALSE,20,elitize_generation_data,297,61,0.507,NA
299,4,syllables,ifs,FALSE,20,elitize_generation_data,298,79,0.513,NA
300,4,syllables,ifs,FALSE,20,elitize_generation_data,299,54,0.482,NA
301,4,syllables,ifs,FALSE,20,elitize_generation_data,300,58,0.507,NA
