,run.num,problem,treatment,succeeded,height,normalization.function,generation,cluster.count,error.diversity,success.generation
1,58,syllables,ifs,FALSE,20,elitize_generation_data,0,5,0.264,NA
2,58,syllables,ifs,FALSE,20,elitize_generation_data,1,5,0.185,NA
3,58,syllables,ifs,FALSE,20,elitize_generation_data,2,6,0.178,NA
4,58,syllables,ifs,FALSE,20,elitize_generation_data,3,7,0.116,NA
5,58,syllables,ifs,FALSE,20,elitize_generation_data,4,9,0.078,NA
6,58,syllables,ifs,FALSE,20,elitize_generation_data,5,10,0.048,NA
7,58,syllables,ifs,FALSE,20,elitize_generation_data,6,9,0.063,NA
8,58,syllables,ifs,FALSE,20,elitize_generation_data,7,9,0.102,NA
9,58,syllables,ifs,FALSE,20,elitize_generation_data,8,9,0.095,NA
10,58,syllables,ifs,FALSE,20,elitize_generation_data,9,9,0.098,NA
11,58,syllables,ifs,FALSE,20,elitize_generation_data,10,10,0.105,NA
12,58,syllables,ifs,FALSE,20,elitize_generation_data,11,10,0.088,NA
13,58,syllables,ifs,FALSE,20,elitize_generation_data,12,9,0.104,NA
14,58,syllables,ifs,FALSE,20,elitize_generation_data,13,16,0.142,NA
15,58,syllables,ifs,FALSE,20,elitize_generation_data,14,12,0.182,NA
16,58,syllables,ifs,FALSE,20,elitize_generation_data,15,18,0.184,NA
17,58,syllables,ifs,FALSE,20,elitize_generation_data,16,21,0.207,NA
18,58,syllables,ifs,FALSE,20,elitize_generation_data,17,21,0.277,NA
19,58,syllables,ifs,FALSE,20,elitize_generation_data,18,29,0.292,NA
20,58,syllables,ifs,FALSE,20,elitize_generation_data,19,34,0.298,NA
21,58,syllables,ifs,FALSE,20,elitize_generation_data,20,34,0.336,NA
22,58,syllables,ifs,FALSE,20,elitize_generation_data,21,46,0.349,NA
23,58,syllables,ifs,FALSE,20,elitize_generation_data,22,52,0.43,NA
24,58,syllables,ifs,FALSE,20,elitize_generation_data,23,56,0.463,NA
25,58,syllables,ifs,FALSE,20,elitize_generation_data,24,71,0.486,NA
26,58,syllables,ifs,FALSE,20,elitize_generation_data,25,82,0.477,NA
27,58,syllables,ifs,FALSE,20,elitize_generation_data,26,92,0.514,NA
28,58,syllables,ifs,FALSE,20,elitize_generation_data,27,110,0.566,NA
29,58,syllables,ifs,FALSE,20,elitize_generation_data,28,130,0.571,NA
30,58,syllables,ifs,FALSE,20,elitize_generation_data,29,124,0.569,NA
31,58,syllables,ifs,FALSE,20,elitize_generation_data,30,128,0.569,NA
32,58,syllables,ifs,FALSE,20,elitize_generation_data,31,150,0.568,NA
33,58,syllables,ifs,FALSE,20,elitize_generation_data,32,132,0.565,NA
34,58,syllables,ifs,FALSE,20,elitize_generation_data,33,135,0.589,NA
35,58,syllables,ifs,FALSE,20,elitize_generation_data,34,133,0.585,NA
36,58,syllables,ifs,FALSE,20,elitize_generation_data,35,140,0.59,NA
37,58,syllables,ifs,FALSE,20,elitize_generation_data,36,143,0.612,NA
38,58,syllables,ifs,FALSE,20,elitize_generation_data,37,138,0.619,NA
39,58,syllables,ifs,FALSE,20,elitize_generation_data,38,123,0.584,NA
40,58,syllables,ifs,FALSE,20,elitize_generation_data,39,124,0.592,NA
41,58,syllables,ifs,FALSE,20,elitize_generation_data,40,116,0.591,NA
42,58,syllables,ifs,FALSE,20,elitize_generation_data,41,119,0.592,NA
43,58,syllables,ifs,FALSE,20,elitize_generation_data,42,133,0.597,NA
44,58,syllables,ifs,FALSE,20,elitize_generation_data,43,128,0.539,NA
45,58,syllables,ifs,FALSE,20,elitize_generation_data,44,122,0.52,NA
46,58,syllables,ifs,FALSE,20,elitize_generation_data,45,100,0.47,NA
47,58,syllables,ifs,FALSE,20,elitize_generation_data,46,115,0.499,NA
48,58,syllables,ifs,FALSE,20,elitize_generation_data,47,119,0.509,NA
49,58,syllables,ifs,FALSE,20,elitize_generation_data,48,109,0.539,NA
50,58,syllables,ifs,FALSE,20,elitize_generation_data,49,122,0.536,NA
51,58,syllables,ifs,FALSE,20,elitize_generation_data,50,108,0.514,NA
52,58,syllables,ifs,FALSE,20,elitize_generation_data,51,101,0.495,NA
53,58,syllables,ifs,FALSE,20,elitize_generation_data,52,91,0.497,NA
54,58,syllables,ifs,FALSE,20,elitize_generation_data,53,101,0.523,NA
55,58,syllables,ifs,FALSE,20,elitize_generation_data,54,109,0.537,NA
56,58,syllables,ifs,FALSE,20,elitize_generation_data,55,103,0.546,NA
57,58,syllables,ifs,FALSE,20,elitize_generation_data,56,94,0.508,NA
58,58,syllables,ifs,FALSE,20,elitize_generation_data,57,92,0.495,NA
59,58,syllables,ifs,FALSE,20,elitize_generation_data,58,91,0.446,NA
60,58,syllables,ifs,FALSE,20,elitize_generation_data,59,84,0.417,NA
61,58,syllables,ifs,FALSE,20,elitize_generation_data,60,87,0.401,NA
62,58,syllables,ifs,FALSE,20,elitize_generation_data,61,71,0.363,NA
63,58,syllables,ifs,FALSE,20,elitize_generation_data,62,78,0.369,NA
64,58,syllables,ifs,FALSE,20,elitize_generation_data,63,71,0.361,NA
65,58,syllables,ifs,FALSE,20,elitize_generation_data,64,82,0.364,NA
66,58,syllables,ifs,FALSE,20,elitize_generation_data,65,81,0.385,NA
67,58,syllables,ifs,FALSE,20,elitize_generation_data,66,83,0.391,NA
68,58,syllables,ifs,FALSE,20,elitize_generation_data,67,81,0.389,NA
69,58,syllables,ifs,FALSE,20,elitize_generation_data,68,79,0.381,NA
70,58,syllables,ifs,FALSE,20,elitize_generation_data,69,78,0.376,NA
71,58,syllables,ifs,FALSE,20,elitize_generation_data,70,89,0.42,NA
72,58,syllables,ifs,FALSE,20,elitize_generation_data,71,79,0.392,NA
73,58,syllables,ifs,FALSE,20,elitize_generation_data,72,86,0.386,NA
74,58,syllables,ifs,FALSE,20,elitize_generation_data,73,91,0.4,NA
75,58,syllables,ifs,FALSE,20,elitize_generation_data,74,81,0.383,NA
76,58,syllables,ifs,FALSE,20,elitize_generation_data,75,78,0.377,NA
77,58,syllables,ifs,FALSE,20,elitize_generation_data,76,86,0.387,NA
78,58,syllables,ifs,FALSE,20,elitize_generation_data,77,86,0.382,NA
79,58,syllables,ifs,FALSE,20,elitize_generation_data,78,94,0.399,NA
80,58,syllables,ifs,FALSE,20,elitize_generation_data,79,80,0.374,NA
81,58,syllables,ifs,FALSE,20,elitize_generation_data,80,93,0.405,NA
82,58,syllables,ifs,FALSE,20,elitize_generation_data,81,89,0.375,NA
83,58,syllables,ifs,FALSE,20,elitize_generation_data,82,82,0.414,NA
84,58,syllables,ifs,FALSE,20,elitize_generation_data,83,92,0.437,NA
85,58,syllables,ifs,FALSE,20,elitize_generation_data,84,93,0.413,NA
86,58,syllables,ifs,FALSE,20,elitize_generation_data,85,88,0.419,NA
87,58,syllables,ifs,FALSE,20,elitize_generation_data,86,105,0.413,NA
88,58,syllables,ifs,FALSE,20,elitize_generation_data,87,80,0.391,NA
89,58,syllables,ifs,FALSE,20,elitize_generation_data,88,98,0.409,NA
90,58,syllables,ifs,FALSE,20,elitize_generation_data,89,79,0.372,NA
91,58,syllables,ifs,FALSE,20,elitize_generation_data,90,81,0.398,NA
92,58,syllables,ifs,FALSE,20,elitize_generation_data,91,93,0.41,NA
93,58,syllables,ifs,FALSE,20,elitize_generation_data,92,91,0.41,NA
94,58,syllables,ifs,FALSE,20,elitize_generation_data,93,88,0.387,NA
95,58,syllables,ifs,FALSE,20,elitize_generation_data,94,88,0.391,NA
96,58,syllables,ifs,FALSE,20,elitize_generation_data,95,85,0.423,NA
97,58,syllables,ifs,FALSE,20,elitize_generation_data,96,93,0.405,NA
98,58,syllables,ifs,FALSE,20,elitize_generation_data,97,93,0.418,NA
99,58,syllables,ifs,FALSE,20,elitize_generation_data,98,103,0.445,NA
100,58,syllables,ifs,FALSE,20,elitize_generation_data,99,85,0.408,NA
101,58,syllables,ifs,FALSE,20,elitize_generation_data,100,90,0.409,NA
102,58,syllables,ifs,FALSE,20,elitize_generation_data,101,92,0.405,NA
103,58,syllables,ifs,FALSE,20,elitize_generation_data,102,89,0.378,NA
104,58,syllables,ifs,FALSE,20,elitize_generation_data,103,99,0.407,NA
105,58,syllables,ifs,FALSE,20,elitize_generation_data,104,97,0.404,NA
106,58,syllables,ifs,FALSE,20,elitize_generation_data,105,92,0.393,NA
107,58,syllables,ifs,FALSE,20,elitize_generation_data,106,93,0.4,NA
108,58,syllables,ifs,FALSE,20,elitize_generation_data,107,77,0.411,NA
109,58,syllables,ifs,FALSE,20,elitize_generation_data,108,84,0.396,NA
110,58,syllables,ifs,FALSE,20,elitize_generation_data,109,89,0.391,NA
111,58,syllables,ifs,FALSE,20,elitize_generation_data,110,91,0.396,NA
112,58,syllables,ifs,FALSE,20,elitize_generation_data,111,91,0.388,NA
113,58,syllables,ifs,FALSE,20,elitize_generation_data,112,90,0.385,NA
114,58,syllables,ifs,FALSE,20,elitize_generation_data,113,86,0.397,NA
115,58,syllables,ifs,FALSE,20,elitize_generation_data,114,85,0.413,NA
116,58,syllables,ifs,FALSE,20,elitize_generation_data,115,87,0.412,NA
117,58,syllables,ifs,FALSE,20,elitize_generation_data,116,100,0.396,NA
118,58,syllables,ifs,FALSE,20,elitize_generation_data,117,89,0.388,NA
119,58,syllables,ifs,FALSE,20,elitize_generation_data,118,91,0.41,NA
120,58,syllables,ifs,FALSE,20,elitize_generation_data,119,82,0.418,NA
121,58,syllables,ifs,FALSE,20,elitize_generation_data,120,97,0.411,NA
122,58,syllables,ifs,FALSE,20,elitize_generation_data,121,101,0.404,NA
123,58,syllables,ifs,FALSE,20,elitize_generation_data,122,74,0.394,NA
124,58,syllables,ifs,FALSE,20,elitize_generation_data,123,89,0.388,NA
125,58,syllables,ifs,FALSE,20,elitize_generation_data,124,88,0.39,NA
126,58,syllables,ifs,FALSE,20,elitize_generation_data,125,80,0.38,NA
127,58,syllables,ifs,FALSE,20,elitize_generation_data,126,88,0.389,NA
128,58,syllables,ifs,FALSE,20,elitize_generation_data,127,82,0.382,NA
129,58,syllables,ifs,FALSE,20,elitize_generation_data,128,78,0.363,NA
130,58,syllables,ifs,FALSE,20,elitize_generation_data,129,95,0.402,NA
131,58,syllables,ifs,FALSE,20,elitize_generation_data,130,85,0.35,NA
132,58,syllables,ifs,FALSE,20,elitize_generation_data,131,90,0.384,NA
133,58,syllables,ifs,FALSE,20,elitize_generation_data,132,83,0.399,NA
134,58,syllables,ifs,FALSE,20,elitize_generation_data,133,78,0.376,NA
135,58,syllables,ifs,FALSE,20,elitize_generation_data,134,91,0.415,NA
136,58,syllables,ifs,FALSE,20,elitize_generation_data,135,94,0.398,NA
137,58,syllables,ifs,FALSE,20,elitize_generation_data,136,79,0.401,NA
138,58,syllables,ifs,FALSE,20,elitize_generation_data,137,79,0.411,NA
139,58,syllables,ifs,FALSE,20,elitize_generation_data,138,84,0.387,NA
140,58,syllables,ifs,FALSE,20,elitize_generation_data,139,89,0.384,NA
141,58,syllables,ifs,FALSE,20,elitize_generation_data,140,81,0.387,NA
142,58,syllables,ifs,FALSE,20,elitize_generation_data,141,80,0.398,NA
143,58,syllables,ifs,FALSE,20,elitize_generation_data,142,81,0.394,NA
144,58,syllables,ifs,FALSE,20,elitize_generation_data,143,86,0.375,NA
145,58,syllables,ifs,FALSE,20,elitize_generation_data,144,78,0.373,NA
146,58,syllables,ifs,FALSE,20,elitize_generation_data,145,85,0.399,NA
147,58,syllables,ifs,FALSE,20,elitize_generation_data,146,74,0.381,NA
148,58,syllables,ifs,FALSE,20,elitize_generation_data,147,81,0.389,NA
149,58,syllables,ifs,FALSE,20,elitize_generation_data,148,74,0.372,NA
150,58,syllables,ifs,FALSE,20,elitize_generation_data,149,79,0.375,NA
151,58,syllables,ifs,FALSE,20,elitize_generation_data,150,79,0.402,NA
152,58,syllables,ifs,FALSE,20,elitize_generation_data,151,79,0.378,NA
153,58,syllables,ifs,FALSE,20,elitize_generation_data,152,68,0.374,NA
154,58,syllables,ifs,FALSE,20,elitize_generation_data,153,67,0.38,NA
155,58,syllables,ifs,FALSE,20,elitize_generation_data,154,81,0.399,NA
156,58,syllables,ifs,FALSE,20,elitize_generation_data,155,81,0.391,NA
157,58,syllables,ifs,FALSE,20,elitize_generation_data,156,90,0.404,NA
158,58,syllables,ifs,FALSE,20,elitize_generation_data,157,85,0.396,NA
159,58,syllables,ifs,FALSE,20,elitize_generation_data,158,88,0.433,NA
160,58,syllables,ifs,FALSE,20,elitize_generation_data,159,95,0.413,NA
161,58,syllables,ifs,FALSE,20,elitize_generation_data,160,89,0.442,NA
162,58,syllables,ifs,FALSE,20,elitize_generation_data,161,90,0.413,NA
163,58,syllables,ifs,FALSE,20,elitize_generation_data,162,96,0.421,NA
164,58,syllables,ifs,FALSE,20,elitize_generation_data,163,97,0.411,NA
165,58,syllables,ifs,FALSE,20,elitize_generation_data,164,90,0.425,NA
166,58,syllables,ifs,FALSE,20,elitize_generation_data,165,94,0.436,NA
167,58,syllables,ifs,FALSE,20,elitize_generation_data,166,102,0.444,NA
168,58,syllables,ifs,FALSE,20,elitize_generation_data,167,100,0.444,NA
169,58,syllables,ifs,FALSE,20,elitize_generation_data,168,92,0.452,NA
170,58,syllables,ifs,FALSE,20,elitize_generation_data,169,102,0.434,NA
171,58,syllables,ifs,FALSE,20,elitize_generation_data,170,104,0.465,NA
172,58,syllables,ifs,FALSE,20,elitize_generation_data,171,93,0.467,NA
173,58,syllables,ifs,FALSE,20,elitize_generation_data,172,88,0.442,NA
174,58,syllables,ifs,FALSE,20,elitize_generation_data,173,93,0.433,NA
175,58,syllables,ifs,FALSE,20,elitize_generation_data,174,99,0.472,NA
176,58,syllables,ifs,FALSE,20,elitize_generation_data,175,87,0.444,NA
177,58,syllables,ifs,FALSE,20,elitize_generation_data,176,96,0.445,NA
178,58,syllables,ifs,FALSE,20,elitize_generation_data,177,103,0.452,NA
179,58,syllables,ifs,FALSE,20,elitize_generation_data,178,93,0.427,NA
180,58,syllables,ifs,FALSE,20,elitize_generation_data,179,93,0.454,NA
181,58,syllables,ifs,FALSE,20,elitize_generation_data,180,94,0.448,NA
182,58,syllables,ifs,FALSE,20,elitize_generation_data,181,82,0.462,NA
183,58,syllables,ifs,FALSE,20,elitize_generation_data,182,91,0.488,NA
184,58,syllables,ifs,FALSE,20,elitize_generation_data,183,97,0.452,NA
185,58,syllables,ifs,FALSE,20,elitize_generation_data,184,106,0.456,NA
186,58,syllables,ifs,FALSE,20,elitize_generation_data,185,88,0.438,NA
187,58,syllables,ifs,FALSE,20,elitize_generation_data,186,93,0.461,NA
188,58,syllables,ifs,FALSE,20,elitize_generation_data,187,98,0.45,NA
189,58,syllables,ifs,FALSE,20,elitize_generation_data,188,93,0.461,NA
190,58,syllables,ifs,FALSE,20,elitize_generation_data,189,99,0.454,NA
191,58,syllables,ifs,FALSE,20,elitize_generation_data,190,112,0.482,NA
192,58,syllables,ifs,FALSE,20,elitize_generation_data,191,98,0.475,NA
193,58,syllables,ifs,FALSE,20,elitize_generation_data,192,104,0.463,NA
194,58,syllables,ifs,FALSE,20,elitize_generation_data,193,93,0.46,NA
195,58,syllables,ifs,FALSE,20,elitize_generation_data,194,102,0.501,NA
196,58,syllables,ifs,FALSE,20,elitize_generation_data,195,104,0.501,NA
197,58,syllables,ifs,FALSE,20,elitize_generation_data,196,95,0.465,NA
198,58,syllables,ifs,FALSE,20,elitize_generation_data,197,106,0.476,NA
199,58,syllables,ifs,FALSE,20,elitize_generation_data,198,92,0.445,NA
200,58,syllables,ifs,FALSE,20,elitize_generation_data,199,93,0.465,NA
201,58,syllables,ifs,FALSE,20,elitize_generation_data,200,94,0.483,NA
202,58,syllables,ifs,FALSE,20,elitize_generation_data,201,104,0.452,NA
203,58,syllables,ifs,FALSE,20,elitize_generation_data,202,92,0.459,NA
204,58,syllables,ifs,FALSE,20,elitize_generation_data,203,99,0.463,NA
205,58,syllables,ifs,FALSE,20,elitize_generation_data,204,96,0.456,NA
206,58,syllables,ifs,FALSE,20,elitize_generation_data,205,87,0.463,NA
207,58,syllables,ifs,FALSE,20,elitize_generation_data,206,90,0.473,NA
208,58,syllables,ifs,FALSE,20,elitize_generation_data,207,104,0.471,NA
209,58,syllables,ifs,FALSE,20,elitize_generation_data,208,95,0.485,NA
210,58,syllables,ifs,FALSE,20,elitize_generation_data,209,89,0.445,NA
211,58,syllables,ifs,FALSE,20,elitize_generation_data,210,103,0.472,NA
212,58,syllables,ifs,FALSE,20,elitize_generation_data,211,105,0.502,NA
213,58,syllables,ifs,FALSE,20,elitize_generation_data,212,103,0.476,NA
214,58,syllables,ifs,FALSE,20,elitize_generation_data,213,114,0.474,NA
215,58,syllables,ifs,FALSE,20,elitize_generation_data,214,109,0.487,NA
216,58,syllables,ifs,FALSE,20,elitize_generation_data,215,95,0.483,NA
217,58,syllables,ifs,FALSE,20,elitize_generation_data,216,104,0.465,NA
218,58,syllables,ifs,FALSE,20,elitize_generation_data,217,90,0.468,NA
219,58,syllables,ifs,FALSE,20,elitize_generation_data,218,98,0.456,NA
220,58,syllables,ifs,FALSE,20,elitize_generation_data,219,100,0.482,NA
221,58,syllables,ifs,FALSE,20,elitize_generation_data,220,95,0.461,NA
222,58,syllables,ifs,FALSE,20,elitize_generation_data,221,98,0.445,NA
223,58,syllables,ifs,FALSE,20,elitize_generation_data,222,100,0.496,NA
224,58,syllables,ifs,FALSE,20,elitize_generation_data,223,106,0.49,NA
225,58,syllables,ifs,FALSE,20,elitize_generation_data,224,93,0.448,NA
226,58,syllables,ifs,FALSE,20,elitize_generation_data,225,101,0.477,NA
227,58,syllables,ifs,FALSE,20,elitize_generation_data,226,101,0.48,NA
228,58,syllables,ifs,FALSE,20,elitize_generation_data,227,108,0.47,NA
229,58,syllables,ifs,FALSE,20,elitize_generation_data,228,94,0.436,NA
230,58,syllables,ifs,FALSE,20,elitize_generation_data,229,97,0.479,NA
231,58,syllables,ifs,FALSE,20,elitize_generation_data,230,92,0.469,NA
232,58,syllables,ifs,FALSE,20,elitize_generation_data,231,102,0.48,NA
233,58,syllables,ifs,FALSE,20,elitize_generation_data,232,113,0.475,NA
234,58,syllables,ifs,FALSE,20,elitize_generation_data,233,104,0.498,NA
235,58,syllables,ifs,FALSE,20,elitize_generation_data,234,96,0.496,NA
236,58,syllables,ifs,FALSE,20,elitize_generation_data,235,93,0.485,NA
237,58,syllables,ifs,FALSE,20,elitize_generation_data,236,98,0.481,NA
238,58,syllables,ifs,FALSE,20,elitize_generation_data,237,103,0.492,NA
239,58,syllables,ifs,FALSE,20,elitize_generation_data,238,103,0.49,NA
240,58,syllables,ifs,FALSE,20,elitize_generation_data,239,99,0.481,NA
241,58,syllables,ifs,FALSE,20,elitize_generation_data,240,100,0.47,NA
242,58,syllables,ifs,FALSE,20,elitize_generation_data,241,103,0.508,NA
243,58,syllables,ifs,FALSE,20,elitize_generation_data,242,90,0.462,NA
244,58,syllables,ifs,FALSE,20,elitize_generation_data,243,105,0.454,NA
245,58,syllables,ifs,FALSE,20,elitize_generation_data,244,108,0.467,NA
246,58,syllables,ifs,FALSE,20,elitize_generation_data,245,100,0.476,NA
247,58,syllables,ifs,FALSE,20,elitize_generation_data,246,106,0.494,NA
248,58,syllables,ifs,FALSE,20,elitize_generation_data,247,95,0.477,NA
249,58,syllables,ifs,FALSE,20,elitize_generation_data,248,103,0.469,NA
250,58,syllables,ifs,FALSE,20,elitize_generation_data,249,95,0.483,NA
251,58,syllables,ifs,FALSE,20,elitize_generation_data,250,105,0.504,NA
252,58,syllables,ifs,FALSE,20,elitize_generation_data,251,104,0.488,NA
253,58,syllables,ifs,FALSE,20,elitize_generation_data,252,97,0.453,NA
254,58,syllables,ifs,FALSE,20,elitize_generation_data,253,95,0.511,NA
255,58,syllables,ifs,FALSE,20,elitize_generation_data,254,102,0.492,NA
256,58,syllables,ifs,FALSE,20,elitize_generation_data,255,97,0.465,NA
257,58,syllables,ifs,FALSE,20,elitize_generation_data,256,96,0.461,NA
258,58,syllables,ifs,FALSE,20,elitize_generation_data,257,97,0.483,NA
259,58,syllables,ifs,FALSE,20,elitize_generation_data,258,92,0.468,NA
260,58,syllables,ifs,FALSE,20,elitize_generation_data,259,97,0.475,NA
261,58,syllables,ifs,FALSE,20,elitize_generation_data,260,99,0.505,NA
262,58,syllables,ifs,FALSE,20,elitize_generation_data,261,98,0.471,NA
263,58,syllables,ifs,FALSE,20,elitize_generation_data,262,86,0.484,NA
264,58,syllables,ifs,FALSE,20,elitize_generation_data,263,102,0.49,NA
265,58,syllables,ifs,FALSE,20,elitize_generation_data,264,94,0.474,NA
266,58,syllables,ifs,FALSE,20,elitize_generation_data,265,90,0.488,NA
267,58,syllables,ifs,FALSE,20,elitize_generation_data,266,87,0.465,NA
268,58,syllables,ifs,FALSE,20,elitize_generation_data,267,94,0.465,NA
269,58,syllables,ifs,FALSE,20,elitize_generation_data,268,98,0.49,NA
270,58,syllables,ifs,FALSE,20,elitize_generation_data,269,100,0.464,NA
271,58,syllables,ifs,FALSE,20,elitize_generation_data,270,102,0.473,NA
272,58,syllables,ifs,FALSE,20,elitize_generation_data,271,102,0.492,NA
273,58,syllables,ifs,FALSE,20,elitize_generation_data,272,101,0.472,NA
274,58,syllables,ifs,FALSE,20,elitize_generation_data,273,105,0.488,NA
275,58,syllables,ifs,FALSE,20,elitize_generation_data,274,98,0.484,NA
276,58,syllables,ifs,FALSE,20,elitize_generation_data,275,95,0.47,NA
277,58,syllables,ifs,FALSE,20,elitize_generation_data,276,92,0.503,NA
278,58,syllables,ifs,FALSE,20,elitize_generation_data,277,88,0.479,NA
279,58,syllables,ifs,FALSE,20,elitize_generation_data,278,99,0.477,NA
280,58,syllables,ifs,FALSE,20,elitize_generation_data,279,111,0.479,NA
281,58,syllables,ifs,FALSE,20,elitize_generation_data,280,92,0.47,NA
282,58,syllables,ifs,FALSE,20,elitize_generation_data,281,97,0.447,NA
283,58,syllables,ifs,FALSE,20,elitize_generation_data,282,97,0.499,NA
284,58,syllables,ifs,FALSE,20,elitize_generation_data,283,111,0.502,NA
285,58,syllables,ifs,FALSE,20,elitize_generation_data,284,96,0.457,NA
286,58,syllables,ifs,FALSE,20,elitize_generation_data,285,101,0.466,NA
287,58,syllables,ifs,FALSE,20,elitize_generation_data,286,100,0.466,NA
288,58,syllables,ifs,FALSE,20,elitize_generation_data,287,105,0.501,NA
289,58,syllables,ifs,FALSE,20,elitize_generation_data,288,100,0.484,NA
290,58,syllables,ifs,FALSE,20,elitize_generation_data,289,97,0.482,NA
291,58,syllables,ifs,FALSE,20,elitize_generation_data,290,98,0.481,NA
292,58,syllables,ifs,FALSE,20,elitize_generation_data,291,98,0.483,NA
293,58,syllables,ifs,FALSE,20,elitize_generation_data,292,87,0.46,NA
294,58,syllables,ifs,FALSE,20,elitize_generation_data,293,98,0.476,NA
295,58,syllables,ifs,FALSE,20,elitize_generation_data,294,98,0.477,NA
296,58,syllables,ifs,FALSE,20,elitize_generation_data,295,98,0.498,NA
297,58,syllables,ifs,FALSE,20,elitize_generation_data,296,90,0.464,NA
298,58,syllables,ifs,FALSE,20,elitize_generation_data,297,99,0.461,NA
299,58,syllables,ifs,FALSE,20,elitize_generation_data,298,97,0.48,NA
300,58,syllables,ifs,FALSE,20,elitize_generation_data,299,88,0.462,NA
301,58,syllables,ifs,FALSE,20,elitize_generation_data,300,96,0.483,NA
