,run.num,problem,treatment,succeeded,height,normalization.function,generation,cluster.count,error.diversity,success.generation
1,97,syllables,ifs,FALSE,20,elitize_generation_data,0,5,0.281,NA
2,97,syllables,ifs,FALSE,20,elitize_generation_data,1,4,0.211,NA
3,97,syllables,ifs,FALSE,20,elitize_generation_data,2,5,0.254,NA
4,97,syllables,ifs,FALSE,20,elitize_generation_data,3,5,0.174,NA
5,97,syllables,ifs,FALSE,20,elitize_generation_data,4,9,0.202,NA
6,97,syllables,ifs,FALSE,20,elitize_generation_data,5,11,0.175,NA
7,97,syllables,ifs,FALSE,20,elitize_generation_data,6,11,0.204,NA
8,97,syllables,ifs,FALSE,20,elitize_generation_data,7,12,0.177,NA
9,97,syllables,ifs,FALSE,20,elitize_generation_data,8,10,0.113,NA
10,97,syllables,ifs,FALSE,20,elitize_generation_data,9,9,0.106,NA
11,97,syllables,ifs,FALSE,20,elitize_generation_data,10,10,0.098,NA
12,97,syllables,ifs,FALSE,20,elitize_generation_data,11,8,0.098,NA
13,97,syllables,ifs,FALSE,20,elitize_generation_data,12,10,0.101,NA
14,97,syllables,ifs,FALSE,20,elitize_generation_data,13,12,0.104,NA
15,97,syllables,ifs,FALSE,20,elitize_generation_data,14,9,0.1,NA
16,97,syllables,ifs,FALSE,20,elitize_generation_data,15,9,0.086,NA
17,97,syllables,ifs,FALSE,20,elitize_generation_data,16,10,0.098,NA
18,97,syllables,ifs,FALSE,20,elitize_generation_data,17,10,0.091,NA
19,97,syllables,ifs,FALSE,20,elitize_generation_data,18,9,0.099,NA
20,97,syllables,ifs,FALSE,20,elitize_generation_data,19,10,0.087,NA
21,97,syllables,ifs,FALSE,20,elitize_generation_data,20,9,0.099,NA
22,97,syllables,ifs,FALSE,20,elitize_generation_data,21,9,0.094,NA
23,97,syllables,ifs,FALSE,20,elitize_generation_data,22,9,0.094,NA
24,97,syllables,ifs,FALSE,20,elitize_generation_data,23,9,0.09,NA
25,97,syllables,ifs,FALSE,20,elitize_generation_data,24,9,0.089,NA
26,97,syllables,ifs,FALSE,20,elitize_generation_data,25,10,0.082,NA
27,97,syllables,ifs,FALSE,20,elitize_generation_data,26,10,0.074,NA
28,97,syllables,ifs,FALSE,20,elitize_generation_data,27,9,0.091,NA
29,97,syllables,ifs,FALSE,20,elitize_generation_data,28,9,0.079,NA
30,97,syllables,ifs,FALSE,20,elitize_generation_data,29,10,0.08,NA
31,97,syllables,ifs,FALSE,20,elitize_generation_data,30,10,0.085,NA
32,97,syllables,ifs,FALSE,20,elitize_generation_data,31,10,0.072,NA
33,97,syllables,ifs,FALSE,20,elitize_generation_data,32,9,0.079,NA
34,97,syllables,ifs,FALSE,20,elitize_generation_data,33,9,0.079,NA
35,97,syllables,ifs,FALSE,20,elitize_generation_data,34,10,0.087,NA
36,97,syllables,ifs,FALSE,20,elitize_generation_data,35,10,0.074,NA
37,97,syllables,ifs,FALSE,20,elitize_generation_data,36,11,0.075,NA
38,97,syllables,ifs,FALSE,20,elitize_generation_data,37,10,0.065,NA
39,97,syllables,ifs,FALSE,20,elitize_generation_data,38,10,0.059,NA
40,97,syllables,ifs,FALSE,20,elitize_generation_data,39,11,0.064,NA
41,97,syllables,ifs,FALSE,20,elitize_generation_data,40,10,0.06,NA
42,97,syllables,ifs,FALSE,20,elitize_generation_data,41,9,0.064,NA
43,97,syllables,ifs,FALSE,20,elitize_generation_data,42,8,0.072,NA
44,97,syllables,ifs,FALSE,20,elitize_generation_data,43,8,0.051,NA
45,97,syllables,ifs,FALSE,20,elitize_generation_data,44,8,0.06,NA
46,97,syllables,ifs,FALSE,20,elitize_generation_data,45,10,0.055,NA
47,97,syllables,ifs,FALSE,20,elitize_generation_data,46,8,0.061,NA
48,97,syllables,ifs,FALSE,20,elitize_generation_data,47,10,0.058,NA
49,97,syllables,ifs,FALSE,20,elitize_generation_data,48,10,0.055,NA
50,97,syllables,ifs,FALSE,20,elitize_generation_data,49,10,0.073,NA
51,97,syllables,ifs,FALSE,20,elitize_generation_data,50,10,0.06,NA
52,97,syllables,ifs,FALSE,20,elitize_generation_data,51,9,0.051,NA
53,97,syllables,ifs,FALSE,20,elitize_generation_data,52,9,0.076,NA
54,97,syllables,ifs,FALSE,20,elitize_generation_data,53,10,0.062,NA
55,97,syllables,ifs,FALSE,20,elitize_generation_data,54,9,0.061,NA
56,97,syllables,ifs,FALSE,20,elitize_generation_data,55,9,0.056,NA
57,97,syllables,ifs,FALSE,20,elitize_generation_data,56,10,0.055,NA
58,97,syllables,ifs,FALSE,20,elitize_generation_data,57,9,0.054,NA
59,97,syllables,ifs,FALSE,20,elitize_generation_data,58,11,0.064,NA
60,97,syllables,ifs,FALSE,20,elitize_generation_data,59,10,0.053,NA
61,97,syllables,ifs,FALSE,20,elitize_generation_data,60,9,0.056,NA
62,97,syllables,ifs,FALSE,20,elitize_generation_data,61,10,0.046,NA
63,97,syllables,ifs,FALSE,20,elitize_generation_data,62,10,0.052,NA
64,97,syllables,ifs,FALSE,20,elitize_generation_data,63,8,0.053,NA
65,97,syllables,ifs,FALSE,20,elitize_generation_data,64,10,0.047,NA
66,97,syllables,ifs,FALSE,20,elitize_generation_data,65,9,0.056,NA
67,97,syllables,ifs,FALSE,20,elitize_generation_data,66,9,0.054,NA
68,97,syllables,ifs,FALSE,20,elitize_generation_data,67,10,0.051,NA
69,97,syllables,ifs,FALSE,20,elitize_generation_data,68,9,0.048,NA
70,97,syllables,ifs,FALSE,20,elitize_generation_data,69,9,0.053,NA
71,97,syllables,ifs,FALSE,20,elitize_generation_data,70,10,0.051,NA
72,97,syllables,ifs,FALSE,20,elitize_generation_data,71,10,0.046,NA
73,97,syllables,ifs,FALSE,20,elitize_generation_data,72,11,0.058,NA
74,97,syllables,ifs,FALSE,20,elitize_generation_data,73,9,0.047,NA
75,97,syllables,ifs,FALSE,20,elitize_generation_data,74,9,0.064,NA
76,97,syllables,ifs,FALSE,20,elitize_generation_data,75,10,0.049,NA
77,97,syllables,ifs,FALSE,20,elitize_generation_data,76,9,0.047,NA
78,97,syllables,ifs,FALSE,20,elitize_generation_data,77,9,0.047,NA
79,97,syllables,ifs,FALSE,20,elitize_generation_data,78,9,0.045,NA
80,97,syllables,ifs,FALSE,20,elitize_generation_data,79,9,0.041,NA
81,97,syllables,ifs,FALSE,20,elitize_generation_data,80,9,0.044,NA
82,97,syllables,ifs,FALSE,20,elitize_generation_data,81,8,0.044,NA
83,97,syllables,ifs,FALSE,20,elitize_generation_data,82,9,0.049,NA
84,97,syllables,ifs,FALSE,20,elitize_generation_data,83,9,0.045,NA
85,97,syllables,ifs,FALSE,20,elitize_generation_data,84,9,0.049,NA
86,97,syllables,ifs,FALSE,20,elitize_generation_data,85,9,0.046,NA
87,97,syllables,ifs,FALSE,20,elitize_generation_data,86,8,0.044,NA
88,97,syllables,ifs,FALSE,20,elitize_generation_data,87,9,0.056,NA
89,97,syllables,ifs,FALSE,20,elitize_generation_data,88,9,0.045,NA
90,97,syllables,ifs,FALSE,20,elitize_generation_data,89,8,0.038,NA
91,97,syllables,ifs,FALSE,20,elitize_generation_data,90,10,0.053,NA
92,97,syllables,ifs,FALSE,20,elitize_generation_data,91,9,0.05,NA
93,97,syllables,ifs,FALSE,20,elitize_generation_data,92,10,0.057,NA
94,97,syllables,ifs,FALSE,20,elitize_generation_data,93,10,0.063,NA
95,97,syllables,ifs,FALSE,20,elitize_generation_data,94,10,0.062,NA
96,97,syllables,ifs,FALSE,20,elitize_generation_data,95,9,0.055,NA
97,97,syllables,ifs,FALSE,20,elitize_generation_data,96,9,0.045,NA
98,97,syllables,ifs,FALSE,20,elitize_generation_data,97,10,0.054,NA
99,97,syllables,ifs,FALSE,20,elitize_generation_data,98,11,0.05,NA
100,97,syllables,ifs,FALSE,20,elitize_generation_data,99,10,0.062,NA
101,97,syllables,ifs,FALSE,20,elitize_generation_data,100,10,0.071,NA
102,97,syllables,ifs,FALSE,20,elitize_generation_data,101,11,0.072,NA
103,97,syllables,ifs,FALSE,20,elitize_generation_data,102,13,0.075,NA
104,97,syllables,ifs,FALSE,20,elitize_generation_data,103,12,0.073,NA
105,97,syllables,ifs,FALSE,20,elitize_generation_data,104,11,0.075,NA
106,97,syllables,ifs,FALSE,20,elitize_generation_data,105,17,0.077,NA
107,97,syllables,ifs,FALSE,20,elitize_generation_data,106,15,0.08,NA
108,97,syllables,ifs,FALSE,20,elitize_generation_data,107,16,0.082,NA
109,97,syllables,ifs,FALSE,20,elitize_generation_data,108,17,0.088,NA
110,97,syllables,ifs,FALSE,20,elitize_generation_data,109,17,0.091,NA
111,97,syllables,ifs,FALSE,20,elitize_generation_data,110,16,0.12,NA
112,97,syllables,ifs,FALSE,20,elitize_generation_data,111,24,0.133,NA
113,97,syllables,ifs,FALSE,20,elitize_generation_data,112,30,0.162,NA
114,97,syllables,ifs,FALSE,20,elitize_generation_data,113,26,0.189,NA
115,97,syllables,ifs,FALSE,20,elitize_generation_data,114,26,0.182,NA
116,97,syllables,ifs,FALSE,20,elitize_generation_data,115,28,0.206,NA
117,97,syllables,ifs,FALSE,20,elitize_generation_data,116,30,0.233,NA
118,97,syllables,ifs,FALSE,20,elitize_generation_data,117,21,0.189,NA
119,97,syllables,ifs,FALSE,20,elitize_generation_data,118,20,0.215,NA
120,97,syllables,ifs,FALSE,20,elitize_generation_data,119,24,0.243,NA
121,97,syllables,ifs,FALSE,20,elitize_generation_data,120,21,0.279,NA
122,97,syllables,ifs,FALSE,20,elitize_generation_data,121,23,0.297,NA
123,97,syllables,ifs,FALSE,20,elitize_generation_data,122,23,0.285,NA
124,97,syllables,ifs,FALSE,20,elitize_generation_data,123,28,0.263,NA
125,97,syllables,ifs,FALSE,20,elitize_generation_data,124,23,0.283,NA
126,97,syllables,ifs,FALSE,20,elitize_generation_data,125,24,0.29,NA
127,97,syllables,ifs,FALSE,20,elitize_generation_data,126,19,0.309,NA
128,97,syllables,ifs,FALSE,20,elitize_generation_data,127,23,0.279,NA
129,97,syllables,ifs,FALSE,20,elitize_generation_data,128,23,0.271,NA
130,97,syllables,ifs,FALSE,20,elitize_generation_data,129,27,0.311,NA
131,97,syllables,ifs,FALSE,20,elitize_generation_data,130,29,0.304,NA
132,97,syllables,ifs,FALSE,20,elitize_generation_data,131,26,0.289,NA
133,97,syllables,ifs,FALSE,20,elitize_generation_data,132,25,0.251,NA
134,97,syllables,ifs,FALSE,20,elitize_generation_data,133,23,0.202,NA
135,97,syllables,ifs,FALSE,20,elitize_generation_data,134,24,0.224,NA
136,97,syllables,ifs,FALSE,20,elitize_generation_data,135,28,0.206,NA
137,97,syllables,ifs,FALSE,20,elitize_generation_data,136,23,0.235,NA
138,97,syllables,ifs,FALSE,20,elitize_generation_data,137,26,0.258,NA
139,97,syllables,ifs,FALSE,20,elitize_generation_data,138,31,0.233,NA
140,97,syllables,ifs,FALSE,20,elitize_generation_data,139,34,0.272,NA
141,97,syllables,ifs,FALSE,20,elitize_generation_data,140,36,0.295,NA
142,97,syllables,ifs,FALSE,20,elitize_generation_data,141,35,0.268,NA
143,97,syllables,ifs,FALSE,20,elitize_generation_data,142,41,0.281,NA
144,97,syllables,ifs,FALSE,20,elitize_generation_data,143,33,0.277,NA
145,97,syllables,ifs,FALSE,20,elitize_generation_data,144,45,0.275,NA
146,97,syllables,ifs,FALSE,20,elitize_generation_data,145,44,0.299,NA
147,97,syllables,ifs,FALSE,20,elitize_generation_data,146,48,0.288,NA
148,97,syllables,ifs,FALSE,20,elitize_generation_data,147,49,0.25,NA
149,97,syllables,ifs,FALSE,20,elitize_generation_data,148,40,0.24,NA
150,97,syllables,ifs,FALSE,20,elitize_generation_data,149,40,0.234,NA
151,97,syllables,ifs,FALSE,20,elitize_generation_data,150,49,0.262,NA
152,97,syllables,ifs,FALSE,20,elitize_generation_data,151,48,0.256,NA
153,97,syllables,ifs,FALSE,20,elitize_generation_data,152,48,0.231,NA
154,97,syllables,ifs,FALSE,20,elitize_generation_data,153,58,0.218,NA
155,97,syllables,ifs,FALSE,20,elitize_generation_data,154,54,0.24,NA
156,97,syllables,ifs,FALSE,20,elitize_generation_data,155,49,0.204,NA
157,97,syllables,ifs,FALSE,20,elitize_generation_data,156,45,0.224,NA
158,97,syllables,ifs,FALSE,20,elitize_generation_data,157,46,0.24,NA
159,97,syllables,ifs,FALSE,20,elitize_generation_data,158,42,0.219,NA
160,97,syllables,ifs,FALSE,20,elitize_generation_data,159,49,0.222,NA
161,97,syllables,ifs,FALSE,20,elitize_generation_data,160,52,0.228,NA
162,97,syllables,ifs,FALSE,20,elitize_generation_data,161,47,0.258,NA
163,97,syllables,ifs,FALSE,20,elitize_generation_data,162,48,0.244,NA
164,97,syllables,ifs,FALSE,20,elitize_generation_data,163,50,0.252,NA
165,97,syllables,ifs,FALSE,20,elitize_generation_data,164,57,0.244,NA
166,97,syllables,ifs,FALSE,20,elitize_generation_data,165,51,0.221,NA
167,97,syllables,ifs,FALSE,20,elitize_generation_data,166,50,0.238,NA
168,97,syllables,ifs,FALSE,20,elitize_generation_data,167,57,0.268,NA
169,97,syllables,ifs,FALSE,20,elitize_generation_data,168,67,0.284,NA
170,97,syllables,ifs,FALSE,20,elitize_generation_data,169,71,0.301,NA
171,97,syllables,ifs,FALSE,20,elitize_generation_data,170,51,0.282,NA
172,97,syllables,ifs,FALSE,20,elitize_generation_data,171,63,0.266,NA
173,97,syllables,ifs,FALSE,20,elitize_generation_data,172,58,0.304,NA
174,97,syllables,ifs,FALSE,20,elitize_generation_data,173,48,0.278,NA
175,97,syllables,ifs,FALSE,20,elitize_generation_data,174,67,0.281,NA
176,97,syllables,ifs,FALSE,20,elitize_generation_data,175,56,0.27,NA
177,97,syllables,ifs,FALSE,20,elitize_generation_data,176,62,0.308,NA
178,97,syllables,ifs,FALSE,20,elitize_generation_data,177,60,0.311,NA
179,97,syllables,ifs,FALSE,20,elitize_generation_data,178,57,0.285,NA
180,97,syllables,ifs,FALSE,20,elitize_generation_data,179,61,0.31,NA
181,97,syllables,ifs,FALSE,20,elitize_generation_data,180,62,0.288,NA
182,97,syllables,ifs,FALSE,20,elitize_generation_data,181,59,0.3,NA
183,97,syllables,ifs,FALSE,20,elitize_generation_data,182,57,0.31,NA
184,97,syllables,ifs,FALSE,20,elitize_generation_data,183,57,0.266,NA
185,97,syllables,ifs,FALSE,20,elitize_generation_data,184,59,0.256,NA
186,97,syllables,ifs,FALSE,20,elitize_generation_data,185,52,0.284,NA
187,97,syllables,ifs,FALSE,20,elitize_generation_data,186,60,0.283,NA
188,97,syllables,ifs,FALSE,20,elitize_generation_data,187,66,0.318,NA
189,97,syllables,ifs,FALSE,20,elitize_generation_data,188,50,0.279,NA
190,97,syllables,ifs,FALSE,20,elitize_generation_data,189,51,0.296,NA
191,97,syllables,ifs,FALSE,20,elitize_generation_data,190,55,0.304,NA
192,97,syllables,ifs,FALSE,20,elitize_generation_data,191,63,0.28,NA
193,97,syllables,ifs,FALSE,20,elitize_generation_data,192,58,0.285,NA
194,97,syllables,ifs,FALSE,20,elitize_generation_data,193,55,0.31,NA
195,97,syllables,ifs,FALSE,20,elitize_generation_data,194,60,0.3,NA
196,97,syllables,ifs,FALSE,20,elitize_generation_data,195,59,0.274,NA
197,97,syllables,ifs,FALSE,20,elitize_generation_data,196,61,0.296,NA
198,97,syllables,ifs,FALSE,20,elitize_generation_data,197,59,0.278,NA
199,97,syllables,ifs,FALSE,20,elitize_generation_data,198,64,0.284,NA
200,97,syllables,ifs,FALSE,20,elitize_generation_data,199,65,0.281,NA
201,97,syllables,ifs,FALSE,20,elitize_generation_data,200,58,0.302,NA
202,97,syllables,ifs,FALSE,20,elitize_generation_data,201,59,0.284,NA
203,97,syllables,ifs,FALSE,20,elitize_generation_data,202,58,0.287,NA
204,97,syllables,ifs,FALSE,20,elitize_generation_data,203,58,0.286,NA
205,97,syllables,ifs,FALSE,20,elitize_generation_data,204,62,0.285,NA
206,97,syllables,ifs,FALSE,20,elitize_generation_data,205,61,0.281,NA
207,97,syllables,ifs,FALSE,20,elitize_generation_data,206,51,0.3,NA
208,97,syllables,ifs,FALSE,20,elitize_generation_data,207,57,0.262,NA
209,97,syllables,ifs,FALSE,20,elitize_generation_data,208,61,0.272,NA
210,97,syllables,ifs,FALSE,20,elitize_generation_data,209,56,0.277,NA
211,97,syllables,ifs,FALSE,20,elitize_generation_data,210,58,0.269,NA
212,97,syllables,ifs,FALSE,20,elitize_generation_data,211,67,0.265,NA
213,97,syllables,ifs,FALSE,20,elitize_generation_data,212,62,0.301,NA
214,97,syllables,ifs,FALSE,20,elitize_generation_data,213,60,0.28,NA
215,97,syllables,ifs,FALSE,20,elitize_generation_data,214,59,0.264,NA
216,97,syllables,ifs,FALSE,20,elitize_generation_data,215,57,0.282,NA
217,97,syllables,ifs,FALSE,20,elitize_generation_data,216,57,0.279,NA
218,97,syllables,ifs,FALSE,20,elitize_generation_data,217,66,0.282,NA
219,97,syllables,ifs,FALSE,20,elitize_generation_data,218,64,0.293,NA
220,97,syllables,ifs,FALSE,20,elitize_generation_data,219,60,0.29,NA
221,97,syllables,ifs,FALSE,20,elitize_generation_data,220,63,0.282,NA
222,97,syllables,ifs,FALSE,20,elitize_generation_data,221,57,0.281,NA
223,97,syllables,ifs,FALSE,20,elitize_generation_data,222,60,0.289,NA
224,97,syllables,ifs,FALSE,20,elitize_generation_data,223,52,0.291,NA
225,97,syllables,ifs,FALSE,20,elitize_generation_data,224,62,0.307,NA
226,97,syllables,ifs,FALSE,20,elitize_generation_data,225,48,0.298,NA
227,97,syllables,ifs,FALSE,20,elitize_generation_data,226,56,0.301,NA
228,97,syllables,ifs,FALSE,20,elitize_generation_data,227,59,0.318,NA
229,97,syllables,ifs,FALSE,20,elitize_generation_data,228,58,0.296,NA
230,97,syllables,ifs,FALSE,20,elitize_generation_data,229,74,0.321,NA
231,97,syllables,ifs,FALSE,20,elitize_generation_data,230,59,0.302,NA
232,97,syllables,ifs,FALSE,20,elitize_generation_data,231,58,0.291,NA
233,97,syllables,ifs,FALSE,20,elitize_generation_data,232,57,0.308,NA
234,97,syllables,ifs,FALSE,20,elitize_generation_data,233,71,0.299,NA
235,97,syllables,ifs,FALSE,20,elitize_generation_data,234,56,0.289,NA
236,97,syllables,ifs,FALSE,20,elitize_generation_data,235,66,0.285,NA
237,97,syllables,ifs,FALSE,20,elitize_generation_data,236,61,0.325,NA
238,97,syllables,ifs,FALSE,20,elitize_generation_data,237,66,0.304,NA
239,97,syllables,ifs,FALSE,20,elitize_generation_data,238,63,0.273,NA
240,97,syllables,ifs,FALSE,20,elitize_generation_data,239,62,0.278,NA
241,97,syllables,ifs,FALSE,20,elitize_generation_data,240,63,0.318,NA
242,97,syllables,ifs,FALSE,20,elitize_generation_data,241,61,0.27,NA
243,97,syllables,ifs,FALSE,20,elitize_generation_data,242,54,0.275,NA
244,97,syllables,ifs,FALSE,20,elitize_generation_data,243,55,0.278,NA
245,97,syllables,ifs,FALSE,20,elitize_generation_data,244,60,0.301,NA
246,97,syllables,ifs,FALSE,20,elitize_generation_data,245,63,0.31,NA
247,97,syllables,ifs,FALSE,20,elitize_generation_data,246,63,0.296,NA
248,97,syllables,ifs,FALSE,20,elitize_generation_data,247,64,0.309,NA
249,97,syllables,ifs,FALSE,20,elitize_generation_data,248,66,0.304,NA
250,97,syllables,ifs,FALSE,20,elitize_generation_data,249,71,0.299,NA
251,97,syllables,ifs,FALSE,20,elitize_generation_data,250,61,0.288,NA
252,97,syllables,ifs,FALSE,20,elitize_generation_data,251,53,0.234,NA
253,97,syllables,ifs,FALSE,20,elitize_generation_data,252,50,0.254,NA
254,97,syllables,ifs,FALSE,20,elitize_generation_data,253,48,0.242,NA
255,97,syllables,ifs,FALSE,20,elitize_generation_data,254,62,0.245,NA
256,97,syllables,ifs,FALSE,20,elitize_generation_data,255,58,0.274,NA
257,97,syllables,ifs,FALSE,20,elitize_generation_data,256,55,0.251,NA
258,97,syllables,ifs,FALSE,20,elitize_generation_data,257,50,0.235,NA
259,97,syllables,ifs,FALSE,20,elitize_generation_data,258,56,0.259,NA
260,97,syllables,ifs,FALSE,20,elitize_generation_data,259,58,0.271,NA
261,97,syllables,ifs,FALSE,20,elitize_generation_data,260,53,0.271,NA
262,97,syllables,ifs,FALSE,20,elitize_generation_data,261,56,0.266,NA
263,97,syllables,ifs,FALSE,20,elitize_generation_data,262,58,0.268,NA
264,97,syllables,ifs,FALSE,20,elitize_generation_data,263,48,0.285,NA
265,97,syllables,ifs,FALSE,20,elitize_generation_data,264,57,0.289,NA
266,97,syllables,ifs,FALSE,20,elitize_generation_data,265,64,0.281,NA
267,97,syllables,ifs,FALSE,20,elitize_generation_data,266,57,0.291,NA
268,97,syllables,ifs,FALSE,20,elitize_generation_data,267,59,0.274,NA
269,97,syllables,ifs,FALSE,20,elitize_generation_data,268,61,0.257,NA
270,97,syllables,ifs,FALSE,20,elitize_generation_data,269,51,0.255,NA
271,97,syllables,ifs,FALSE,20,elitize_generation_data,270,57,0.295,NA
272,97,syllables,ifs,FALSE,20,elitize_generation_data,271,59,0.279,NA
273,97,syllables,ifs,FALSE,20,elitize_generation_data,272,63,0.265,NA
274,97,syllables,ifs,FALSE,20,elitize_generation_data,273,64,0.274,NA
275,97,syllables,ifs,FALSE,20,elitize_generation_data,274,55,0.278,NA
276,97,syllables,ifs,FALSE,20,elitize_generation_data,275,57,0.269,NA
277,97,syllables,ifs,FALSE,20,elitize_generation_data,276,67,0.287,NA
278,97,syllables,ifs,FALSE,20,elitize_generation_data,277,61,0.268,NA
279,97,syllables,ifs,FALSE,20,elitize_generation_data,278,58,0.267,NA
280,97,syllables,ifs,FALSE,20,elitize_generation_data,279,60,0.265,NA
281,97,syllables,ifs,FALSE,20,elitize_generation_data,280,58,0.27,NA
282,97,syllables,ifs,FALSE,20,elitize_generation_data,281,53,0.256,NA
283,97,syllables,ifs,FALSE,20,elitize_generation_data,282,57,0.282,NA
284,97,syllables,ifs,FALSE,20,elitize_generation_data,283,64,0.269,NA
285,97,syllables,ifs,FALSE,20,elitize_generation_data,284,62,0.268,NA
286,97,syllables,ifs,FALSE,20,elitize_generation_data,285,58,0.276,NA
287,97,syllables,ifs,FALSE,20,elitize_generation_data,286,59,0.25,NA
288,97,syllables,ifs,FALSE,20,elitize_generation_data,287,64,0.287,NA
289,97,syllables,ifs,FALSE,20,elitize_generation_data,288,52,0.272,NA
290,97,syllables,ifs,FALSE,20,elitize_generation_data,289,53,0.26,NA
291,97,syllables,ifs,FALSE,20,elitize_generation_data,290,52,0.269,NA
292,97,syllables,ifs,FALSE,20,elitize_generation_data,291,57,0.28,NA
293,97,syllables,ifs,FALSE,20,elitize_generation_data,292,48,0.24,NA
294,97,syllables,ifs,FALSE,20,elitize_generation_data,293,58,0.277,NA
295,97,syllables,ifs,FALSE,20,elitize_generation_data,294,56,0.253,NA
296,97,syllables,ifs,FALSE,20,elitize_generation_data,295,59,0.269,NA
297,97,syllables,ifs,FALSE,20,elitize_generation_data,296,62,0.259,NA
298,97,syllables,ifs,FALSE,20,elitize_generation_data,297,64,0.264,NA
299,97,syllables,ifs,FALSE,20,elitize_generation_data,298,60,0.261,NA
300,97,syllables,ifs,FALSE,20,elitize_generation_data,299,60,0.281,NA
301,97,syllables,ifs,FALSE,20,elitize_generation_data,300,59,0.25,NA
