,run.num,problem,treatment,succeeded,height,normalization.function,generation,cluster.count,error.diversity,success.generation
1,52,syllables,ifs,FALSE,20,elitize_generation_data,0,4,0.257,NA
2,52,syllables,ifs,FALSE,20,elitize_generation_data,1,4,0.202,NA
3,52,syllables,ifs,FALSE,20,elitize_generation_data,2,6,0.2,NA
4,52,syllables,ifs,FALSE,20,elitize_generation_data,3,6,0.114,NA
5,52,syllables,ifs,FALSE,20,elitize_generation_data,4,6,0.189,NA
6,52,syllables,ifs,FALSE,20,elitize_generation_data,5,6,0.215,NA
7,52,syllables,ifs,FALSE,20,elitize_generation_data,6,8,0.125,NA
8,52,syllables,ifs,FALSE,20,elitize_generation_data,7,9,0.081,NA
9,52,syllables,ifs,FALSE,20,elitize_generation_data,8,9,0.082,NA
10,52,syllables,ifs,FALSE,20,elitize_generation_data,9,9,0.113,NA
11,52,syllables,ifs,FALSE,20,elitize_generation_data,10,8,0.124,NA
12,52,syllables,ifs,FALSE,20,elitize_generation_data,11,8,0.122,NA
13,52,syllables,ifs,FALSE,20,elitize_generation_data,12,7,0.147,NA
14,52,syllables,ifs,FALSE,20,elitize_generation_data,13,7,0.121,NA
15,52,syllables,ifs,FALSE,20,elitize_generation_data,14,8,0.11,NA
16,52,syllables,ifs,FALSE,20,elitize_generation_data,15,7,0.117,NA
17,52,syllables,ifs,FALSE,20,elitize_generation_data,16,9,0.139,NA
18,52,syllables,ifs,FALSE,20,elitize_generation_data,17,10,0.144,NA
19,52,syllables,ifs,FALSE,20,elitize_generation_data,18,11,0.184,NA
20,52,syllables,ifs,FALSE,20,elitize_generation_data,19,10,0.181,NA
21,52,syllables,ifs,FALSE,20,elitize_generation_data,20,10,0.178,NA
22,52,syllables,ifs,FALSE,20,elitize_generation_data,21,9,0.187,NA
23,52,syllables,ifs,FALSE,20,elitize_generation_data,22,10,0.183,NA
24,52,syllables,ifs,FALSE,20,elitize_generation_data,23,12,0.176,NA
25,52,syllables,ifs,FALSE,20,elitize_generation_data,24,13,0.166,NA
26,52,syllables,ifs,FALSE,20,elitize_generation_data,25,12,0.167,NA
27,52,syllables,ifs,FALSE,20,elitize_generation_data,26,15,0.175,NA
28,52,syllables,ifs,FALSE,20,elitize_generation_data,27,14,0.21,NA
29,52,syllables,ifs,FALSE,20,elitize_generation_data,28,15,0.22,NA
30,52,syllables,ifs,FALSE,20,elitize_generation_data,29,14,0.198,NA
31,52,syllables,ifs,FALSE,20,elitize_generation_data,30,12,0.224,NA
32,52,syllables,ifs,FALSE,20,elitize_generation_data,31,15,0.226,NA
33,52,syllables,ifs,FALSE,20,elitize_generation_data,32,18,0.251,NA
34,52,syllables,ifs,FALSE,20,elitize_generation_data,33,16,0.265,NA
35,52,syllables,ifs,FALSE,20,elitize_generation_data,34,19,0.252,NA
36,52,syllables,ifs,FALSE,20,elitize_generation_data,35,14,0.244,NA
37,52,syllables,ifs,FALSE,20,elitize_generation_data,36,13,0.273,NA
38,52,syllables,ifs,FALSE,20,elitize_generation_data,37,16,0.253,NA
39,52,syllables,ifs,FALSE,20,elitize_generation_data,38,12,0.255,NA
40,52,syllables,ifs,FALSE,20,elitize_generation_data,39,14,0.246,NA
41,52,syllables,ifs,FALSE,20,elitize_generation_data,40,13,0.241,NA
42,52,syllables,ifs,FALSE,20,elitize_generation_data,41,15,0.22,NA
43,52,syllables,ifs,FALSE,20,elitize_generation_data,42,15,0.235,NA
44,52,syllables,ifs,FALSE,20,elitize_generation_data,43,16,0.224,NA
45,52,syllables,ifs,FALSE,20,elitize_generation_data,44,14,0.217,NA
46,52,syllables,ifs,FALSE,20,elitize_generation_data,45,14,0.247,NA
47,52,syllables,ifs,FALSE,20,elitize_generation_data,46,17,0.269,NA
48,52,syllables,ifs,FALSE,20,elitize_generation_data,47,19,0.298,NA
49,52,syllables,ifs,FALSE,20,elitize_generation_data,48,20,0.258,NA
50,52,syllables,ifs,FALSE,20,elitize_generation_data,49,19,0.255,NA
51,52,syllables,ifs,FALSE,20,elitize_generation_data,50,18,0.258,NA
52,52,syllables,ifs,FALSE,20,elitize_generation_data,51,17,0.256,NA
53,52,syllables,ifs,FALSE,20,elitize_generation_data,52,17,0.272,NA
54,52,syllables,ifs,FALSE,20,elitize_generation_data,53,24,0.264,NA
55,52,syllables,ifs,FALSE,20,elitize_generation_data,54,21,0.272,NA
56,52,syllables,ifs,FALSE,20,elitize_generation_data,55,18,0.247,NA
57,52,syllables,ifs,FALSE,20,elitize_generation_data,56,20,0.244,NA
58,52,syllables,ifs,FALSE,20,elitize_generation_data,57,22,0.264,NA
59,52,syllables,ifs,FALSE,20,elitize_generation_data,58,21,0.243,NA
60,52,syllables,ifs,FALSE,20,elitize_generation_data,59,23,0.275,NA
61,52,syllables,ifs,FALSE,20,elitize_generation_data,60,21,0.245,NA
62,52,syllables,ifs,FALSE,20,elitize_generation_data,61,19,0.253,NA
63,52,syllables,ifs,FALSE,20,elitize_generation_data,62,22,0.251,NA
64,52,syllables,ifs,FALSE,20,elitize_generation_data,63,20,0.28,NA
65,52,syllables,ifs,FALSE,20,elitize_generation_data,64,21,0.273,NA
66,52,syllables,ifs,FALSE,20,elitize_generation_data,65,21,0.273,NA
67,52,syllables,ifs,FALSE,20,elitize_generation_data,66,18,0.275,NA
68,52,syllables,ifs,FALSE,20,elitize_generation_data,67,24,0.276,NA
69,52,syllables,ifs,FALSE,20,elitize_generation_data,68,21,0.256,NA
70,52,syllables,ifs,FALSE,20,elitize_generation_data,69,21,0.263,NA
71,52,syllables,ifs,FALSE,20,elitize_generation_data,70,23,0.267,NA
72,52,syllables,ifs,FALSE,20,elitize_generation_data,71,22,0.268,NA
73,52,syllables,ifs,FALSE,20,elitize_generation_data,72,22,0.267,NA
74,52,syllables,ifs,FALSE,20,elitize_generation_data,73,25,0.263,NA
75,52,syllables,ifs,FALSE,20,elitize_generation_data,74,20,0.268,NA
76,52,syllables,ifs,FALSE,20,elitize_generation_data,75,22,0.269,NA
77,52,syllables,ifs,FALSE,20,elitize_generation_data,76,21,0.293,NA
78,52,syllables,ifs,FALSE,20,elitize_generation_data,77,20,0.298,NA
79,52,syllables,ifs,FALSE,20,elitize_generation_data,78,21,0.316,NA
80,52,syllables,ifs,FALSE,20,elitize_generation_data,79,19,0.321,NA
81,52,syllables,ifs,FALSE,20,elitize_generation_data,80,21,0.315,NA
82,52,syllables,ifs,FALSE,20,elitize_generation_data,81,22,0.309,NA
83,52,syllables,ifs,FALSE,20,elitize_generation_data,82,20,0.312,NA
84,52,syllables,ifs,FALSE,20,elitize_generation_data,83,22,0.327,NA
85,52,syllables,ifs,FALSE,20,elitize_generation_data,84,21,0.35,NA
86,52,syllables,ifs,FALSE,20,elitize_generation_data,85,21,0.38,NA
87,52,syllables,ifs,FALSE,20,elitize_generation_data,86,20,0.404,NA
88,52,syllables,ifs,FALSE,20,elitize_generation_data,87,22,0.365,NA
89,52,syllables,ifs,FALSE,20,elitize_generation_data,88,28,0.379,NA
90,52,syllables,ifs,FALSE,20,elitize_generation_data,89,22,0.402,NA
91,52,syllables,ifs,FALSE,20,elitize_generation_data,90,27,0.388,NA
92,52,syllables,ifs,FALSE,20,elitize_generation_data,91,22,0.372,NA
93,52,syllables,ifs,FALSE,20,elitize_generation_data,92,25,0.399,NA
94,52,syllables,ifs,FALSE,20,elitize_generation_data,93,25,0.394,NA
95,52,syllables,ifs,FALSE,20,elitize_generation_data,94,29,0.427,NA
96,52,syllables,ifs,FALSE,20,elitize_generation_data,95,25,0.414,NA
97,52,syllables,ifs,FALSE,20,elitize_generation_data,96,28,0.461,NA
98,52,syllables,ifs,FALSE,20,elitize_generation_data,97,31,0.418,NA
99,52,syllables,ifs,FALSE,20,elitize_generation_data,98,33,0.438,NA
100,52,syllables,ifs,FALSE,20,elitize_generation_data,99,33,0.461,NA
101,52,syllables,ifs,FALSE,20,elitize_generation_data,100,37,0.476,NA
102,52,syllables,ifs,FALSE,20,elitize_generation_data,101,36,0.495,NA
103,52,syllables,ifs,FALSE,20,elitize_generation_data,102,38,0.464,NA
104,52,syllables,ifs,FALSE,20,elitize_generation_data,103,39,0.48,NA
105,52,syllables,ifs,FALSE,20,elitize_generation_data,104,39,0.45,NA
106,52,syllables,ifs,FALSE,20,elitize_generation_data,105,35,0.442,NA
107,52,syllables,ifs,FALSE,20,elitize_generation_data,106,42,0.468,NA
108,52,syllables,ifs,FALSE,20,elitize_generation_data,107,42,0.448,NA
109,52,syllables,ifs,FALSE,20,elitize_generation_data,108,36,0.426,NA
110,52,syllables,ifs,FALSE,20,elitize_generation_data,109,38,0.394,NA
111,52,syllables,ifs,FALSE,20,elitize_generation_data,110,30,0.405,NA
112,52,syllables,ifs,FALSE,20,elitize_generation_data,111,37,0.416,NA
113,52,syllables,ifs,FALSE,20,elitize_generation_data,112,46,0.434,NA
114,52,syllables,ifs,FALSE,20,elitize_generation_data,113,46,0.435,NA
115,52,syllables,ifs,FALSE,20,elitize_generation_data,114,36,0.436,NA
116,52,syllables,ifs,FALSE,20,elitize_generation_data,115,45,0.433,NA
117,52,syllables,ifs,FALSE,20,elitize_generation_data,116,40,0.445,NA
118,52,syllables,ifs,FALSE,20,elitize_generation_data,117,49,0.431,NA
119,52,syllables,ifs,FALSE,20,elitize_generation_data,118,47,0.446,NA
120,52,syllables,ifs,FALSE,20,elitize_generation_data,119,39,0.444,NA
121,52,syllables,ifs,FALSE,20,elitize_generation_data,120,38,0.466,NA
122,52,syllables,ifs,FALSE,20,elitize_generation_data,121,45,0.417,NA
123,52,syllables,ifs,FALSE,20,elitize_generation_data,122,42,0.443,NA
124,52,syllables,ifs,FALSE,20,elitize_generation_data,123,37,0.453,NA
125,52,syllables,ifs,FALSE,20,elitize_generation_data,124,39,0.465,NA
126,52,syllables,ifs,FALSE,20,elitize_generation_data,125,38,0.451,NA
127,52,syllables,ifs,FALSE,20,elitize_generation_data,126,35,0.435,NA
128,52,syllables,ifs,FALSE,20,elitize_generation_data,127,43,0.44,NA
129,52,syllables,ifs,FALSE,20,elitize_generation_data,128,35,0.433,NA
130,52,syllables,ifs,FALSE,20,elitize_generation_data,129,45,0.435,NA
131,52,syllables,ifs,FALSE,20,elitize_generation_data,130,42,0.456,NA
132,52,syllables,ifs,FALSE,20,elitize_generation_data,131,35,0.432,NA
133,52,syllables,ifs,FALSE,20,elitize_generation_data,132,34,0.436,NA
134,52,syllables,ifs,FALSE,20,elitize_generation_data,133,39,0.438,NA
135,52,syllables,ifs,FALSE,20,elitize_generation_data,134,41,0.444,NA
136,52,syllables,ifs,FALSE,20,elitize_generation_data,135,37,0.456,NA
137,52,syllables,ifs,FALSE,20,elitize_generation_data,136,36,0.45,NA
138,52,syllables,ifs,FALSE,20,elitize_generation_data,137,40,0.443,NA
139,52,syllables,ifs,FALSE,20,elitize_generation_data,138,35,0.405,NA
140,52,syllables,ifs,FALSE,20,elitize_generation_data,139,43,0.43,NA
141,52,syllables,ifs,FALSE,20,elitize_generation_data,140,46,0.448,NA
142,52,syllables,ifs,FALSE,20,elitize_generation_data,141,41,0.477,NA
143,52,syllables,ifs,FALSE,20,elitize_generation_data,142,39,0.445,NA
144,52,syllables,ifs,FALSE,20,elitize_generation_data,143,38,0.434,NA
145,52,syllables,ifs,FALSE,20,elitize_generation_data,144,49,0.425,NA
146,52,syllables,ifs,FALSE,20,elitize_generation_data,145,38,0.419,NA
147,52,syllables,ifs,FALSE,20,elitize_generation_data,146,39,0.434,NA
148,52,syllables,ifs,FALSE,20,elitize_generation_data,147,39,0.451,NA
149,52,syllables,ifs,FALSE,20,elitize_generation_data,148,40,0.413,NA
150,52,syllables,ifs,FALSE,20,elitize_generation_data,149,38,0.448,NA
151,52,syllables,ifs,FALSE,20,elitize_generation_data,150,43,0.43,NA
152,52,syllables,ifs,FALSE,20,elitize_generation_data,151,41,0.417,NA
153,52,syllables,ifs,FALSE,20,elitize_generation_data,152,44,0.454,NA
154,52,syllables,ifs,FALSE,20,elitize_generation_data,153,49,0.468,NA
155,52,syllables,ifs,FALSE,20,elitize_generation_data,154,43,0.45,NA
156,52,syllables,ifs,FALSE,20,elitize_generation_data,155,48,0.455,NA
157,52,syllables,ifs,FALSE,20,elitize_generation_data,156,48,0.451,NA
158,52,syllables,ifs,FALSE,20,elitize_generation_data,157,47,0.439,NA
159,52,syllables,ifs,FALSE,20,elitize_generation_data,158,41,0.452,NA
160,52,syllables,ifs,FALSE,20,elitize_generation_data,159,42,0.45,NA
161,52,syllables,ifs,FALSE,20,elitize_generation_data,160,41,0.428,NA
162,52,syllables,ifs,FALSE,20,elitize_generation_data,161,41,0.472,NA
163,52,syllables,ifs,FALSE,20,elitize_generation_data,162,42,0.443,NA
164,52,syllables,ifs,FALSE,20,elitize_generation_data,163,42,0.432,NA
165,52,syllables,ifs,FALSE,20,elitize_generation_data,164,37,0.442,NA
166,52,syllables,ifs,FALSE,20,elitize_generation_data,165,50,0.45,NA
167,52,syllables,ifs,FALSE,20,elitize_generation_data,166,35,0.479,NA
168,52,syllables,ifs,FALSE,20,elitize_generation_data,167,38,0.438,NA
169,52,syllables,ifs,FALSE,20,elitize_generation_data,168,53,0.479,NA
170,52,syllables,ifs,FALSE,20,elitize_generation_data,169,42,0.434,NA
171,52,syllables,ifs,FALSE,20,elitize_generation_data,170,49,0.441,NA
172,52,syllables,ifs,FALSE,20,elitize_generation_data,171,53,0.446,NA
173,52,syllables,ifs,FALSE,20,elitize_generation_data,172,46,0.48,NA
174,52,syllables,ifs,FALSE,20,elitize_generation_data,173,49,0.451,NA
175,52,syllables,ifs,FALSE,20,elitize_generation_data,174,40,0.469,NA
176,52,syllables,ifs,FALSE,20,elitize_generation_data,175,32,0.445,NA
177,52,syllables,ifs,FALSE,20,elitize_generation_data,176,38,0.436,NA
178,52,syllables,ifs,FALSE,20,elitize_generation_data,177,42,0.43,NA
179,52,syllables,ifs,FALSE,20,elitize_generation_data,178,32,0.421,NA
180,52,syllables,ifs,FALSE,20,elitize_generation_data,179,37,0.452,NA
181,52,syllables,ifs,FALSE,20,elitize_generation_data,180,42,0.439,NA
182,52,syllables,ifs,FALSE,20,elitize_generation_data,181,36,0.442,NA
183,52,syllables,ifs,FALSE,20,elitize_generation_data,182,42,0.447,NA
184,52,syllables,ifs,FALSE,20,elitize_generation_data,183,39,0.444,NA
185,52,syllables,ifs,FALSE,20,elitize_generation_data,184,40,0.467,NA
186,52,syllables,ifs,FALSE,20,elitize_generation_data,185,34,0.428,NA
187,52,syllables,ifs,FALSE,20,elitize_generation_data,186,39,0.443,NA
188,52,syllables,ifs,FALSE,20,elitize_generation_data,187,38,0.462,NA
189,52,syllables,ifs,FALSE,20,elitize_generation_data,188,44,0.458,NA
190,52,syllables,ifs,FALSE,20,elitize_generation_data,189,54,0.449,NA
191,52,syllables,ifs,FALSE,20,elitize_generation_data,190,37,0.454,NA
192,52,syllables,ifs,FALSE,20,elitize_generation_data,191,45,0.452,NA
193,52,syllables,ifs,FALSE,20,elitize_generation_data,192,46,0.468,NA
194,52,syllables,ifs,FALSE,20,elitize_generation_data,193,42,0.431,NA
195,52,syllables,ifs,FALSE,20,elitize_generation_data,194,42,0.447,NA
196,52,syllables,ifs,FALSE,20,elitize_generation_data,195,42,0.471,NA
197,52,syllables,ifs,FALSE,20,elitize_generation_data,196,38,0.449,NA
198,52,syllables,ifs,FALSE,20,elitize_generation_data,197,42,0.462,NA
199,52,syllables,ifs,FALSE,20,elitize_generation_data,198,45,0.465,NA
200,52,syllables,ifs,FALSE,20,elitize_generation_data,199,49,0.429,NA
201,52,syllables,ifs,FALSE,20,elitize_generation_data,200,38,0.44,NA
202,52,syllables,ifs,FALSE,20,elitize_generation_data,201,43,0.451,NA
203,52,syllables,ifs,FALSE,20,elitize_generation_data,202,42,0.464,NA
204,52,syllables,ifs,FALSE,20,elitize_generation_data,203,38,0.464,NA
205,52,syllables,ifs,FALSE,20,elitize_generation_data,204,55,0.509,NA
206,52,syllables,ifs,FALSE,20,elitize_generation_data,205,53,0.502,NA
207,52,syllables,ifs,FALSE,20,elitize_generation_data,206,46,0.514,NA
208,52,syllables,ifs,FALSE,20,elitize_generation_data,207,59,0.53,NA
209,52,syllables,ifs,FALSE,20,elitize_generation_data,208,57,0.532,NA
210,52,syllables,ifs,FALSE,20,elitize_generation_data,209,58,0.525,NA
211,52,syllables,ifs,FALSE,20,elitize_generation_data,210,62,0.528,NA
212,52,syllables,ifs,FALSE,20,elitize_generation_data,211,51,0.527,NA
213,52,syllables,ifs,FALSE,20,elitize_generation_data,212,50,0.548,NA
214,52,syllables,ifs,FALSE,20,elitize_generation_data,213,51,0.52,NA
215,52,syllables,ifs,FALSE,20,elitize_generation_data,214,56,0.503,NA
216,52,syllables,ifs,FALSE,20,elitize_generation_data,215,53,0.554,NA
217,52,syllables,ifs,FALSE,20,elitize_generation_data,216,54,0.538,NA
218,52,syllables,ifs,FALSE,20,elitize_generation_data,217,65,0.552,NA
219,52,syllables,ifs,FALSE,20,elitize_generation_data,218,63,0.534,NA
220,52,syllables,ifs,FALSE,20,elitize_generation_data,219,64,0.523,NA
221,52,syllables,ifs,FALSE,20,elitize_generation_data,220,59,0.51,NA
222,52,syllables,ifs,FALSE,20,elitize_generation_data,221,60,0.534,NA
223,52,syllables,ifs,FALSE,20,elitize_generation_data,222,57,0.523,NA
224,52,syllables,ifs,FALSE,20,elitize_generation_data,223,56,0.537,NA
225,52,syllables,ifs,FALSE,20,elitize_generation_data,224,48,0.537,NA
226,52,syllables,ifs,FALSE,20,elitize_generation_data,225,54,0.582,NA
227,52,syllables,ifs,FALSE,20,elitize_generation_data,226,60,0.519,NA
228,52,syllables,ifs,FALSE,20,elitize_generation_data,227,53,0.546,NA
229,52,syllables,ifs,FALSE,20,elitize_generation_data,228,54,0.534,NA
230,52,syllables,ifs,FALSE,20,elitize_generation_data,229,60,0.538,NA
231,52,syllables,ifs,FALSE,20,elitize_generation_data,230,53,0.544,NA
232,52,syllables,ifs,FALSE,20,elitize_generation_data,231,55,0.54,NA
233,52,syllables,ifs,FALSE,20,elitize_generation_data,232,57,0.555,NA
234,52,syllables,ifs,FALSE,20,elitize_generation_data,233,56,0.555,NA
235,52,syllables,ifs,FALSE,20,elitize_generation_data,234,45,0.521,NA
236,52,syllables,ifs,FALSE,20,elitize_generation_data,235,56,0.543,NA
237,52,syllables,ifs,FALSE,20,elitize_generation_data,236,52,0.543,NA
238,52,syllables,ifs,FALSE,20,elitize_generation_data,237,48,0.524,NA
239,52,syllables,ifs,FALSE,20,elitize_generation_data,238,48,0.565,NA
240,52,syllables,ifs,FALSE,20,elitize_generation_data,239,53,0.525,NA
241,52,syllables,ifs,FALSE,20,elitize_generation_data,240,63,0.554,NA
242,52,syllables,ifs,FALSE,20,elitize_generation_data,241,55,0.546,NA
243,52,syllables,ifs,FALSE,20,elitize_generation_data,242,69,0.568,NA
244,52,syllables,ifs,FALSE,20,elitize_generation_data,243,49,0.548,NA
245,52,syllables,ifs,FALSE,20,elitize_generation_data,244,62,0.579,NA
246,52,syllables,ifs,FALSE,20,elitize_generation_data,245,61,0.572,NA
247,52,syllables,ifs,FALSE,20,elitize_generation_data,246,63,0.564,NA
248,52,syllables,ifs,FALSE,20,elitize_generation_data,247,53,0.544,NA
249,52,syllables,ifs,FALSE,20,elitize_generation_data,248,52,0.552,NA
250,52,syllables,ifs,FALSE,20,elitize_generation_data,249,66,0.561,NA
251,52,syllables,ifs,FALSE,20,elitize_generation_data,250,56,0.527,NA
252,52,syllables,ifs,FALSE,20,elitize_generation_data,251,63,0.552,NA
253,52,syllables,ifs,FALSE,20,elitize_generation_data,252,55,0.54,NA
254,52,syllables,ifs,FALSE,20,elitize_generation_data,253,64,0.551,NA
255,52,syllables,ifs,FALSE,20,elitize_generation_data,254,50,0.547,NA
256,52,syllables,ifs,FALSE,20,elitize_generation_data,255,67,0.579,NA
257,52,syllables,ifs,FALSE,20,elitize_generation_data,256,63,0.549,NA
258,52,syllables,ifs,FALSE,20,elitize_generation_data,257,62,0.564,NA
259,52,syllables,ifs,FALSE,20,elitize_generation_data,258,57,0.573,NA
260,52,syllables,ifs,FALSE,20,elitize_generation_data,259,68,0.575,NA
261,52,syllables,ifs,FALSE,20,elitize_generation_data,260,58,0.583,NA
262,52,syllables,ifs,FALSE,20,elitize_generation_data,261,67,0.581,NA
263,52,syllables,ifs,FALSE,20,elitize_generation_data,262,63,0.566,NA
264,52,syllables,ifs,FALSE,20,elitize_generation_data,263,63,0.554,NA
265,52,syllables,ifs,FALSE,20,elitize_generation_data,264,66,0.558,NA
266,52,syllables,ifs,FALSE,20,elitize_generation_data,265,49,0.579,NA
267,52,syllables,ifs,FALSE,20,elitize_generation_data,266,63,0.552,NA
268,52,syllables,ifs,FALSE,20,elitize_generation_data,267,58,0.591,NA
269,52,syllables,ifs,FALSE,20,elitize_generation_data,268,70,0.558,NA
270,52,syllables,ifs,FALSE,20,elitize_generation_data,269,57,0.544,NA
271,52,syllables,ifs,FALSE,20,elitize_generation_data,270,66,0.569,NA
272,52,syllables,ifs,FALSE,20,elitize_generation_data,271,66,0.563,NA
273,52,syllables,ifs,FALSE,20,elitize_generation_data,272,59,0.552,NA
274,52,syllables,ifs,FALSE,20,elitize_generation_data,273,60,0.559,NA
275,52,syllables,ifs,FALSE,20,elitize_generation_data,274,55,0.561,NA
276,52,syllables,ifs,FALSE,20,elitize_generation_data,275,56,0.568,NA
277,52,syllables,ifs,FALSE,20,elitize_generation_data,276,63,0.56,NA
278,52,syllables,ifs,FALSE,20,elitize_generation_data,277,59,0.551,NA
279,52,syllables,ifs,FALSE,20,elitize_generation_data,278,56,0.55,NA
280,52,syllables,ifs,FALSE,20,elitize_generation_data,279,53,0.548,NA
281,52,syllables,ifs,FALSE,20,elitize_generation_data,280,55,0.561,NA
282,52,syllables,ifs,FALSE,20,elitize_generation_data,281,65,0.56,NA
283,52,syllables,ifs,FALSE,20,elitize_generation_data,282,61,0.557,NA
284,52,syllables,ifs,FALSE,20,elitize_generation_data,283,52,0.546,NA
285,52,syllables,ifs,FALSE,20,elitize_generation_data,284,57,0.56,NA
286,52,syllables,ifs,FALSE,20,elitize_generation_data,285,56,0.555,NA
287,52,syllables,ifs,FALSE,20,elitize_generation_data,286,59,0.52,NA
288,52,syllables,ifs,FALSE,20,elitize_generation_data,287,47,0.527,NA
289,52,syllables,ifs,FALSE,20,elitize_generation_data,288,49,0.542,NA
290,52,syllables,ifs,FALSE,20,elitize_generation_data,289,57,0.514,NA
291,52,syllables,ifs,FALSE,20,elitize_generation_data,290,49,0.542,NA
292,52,syllables,ifs,FALSE,20,elitize_generation_data,291,56,0.528,NA
293,52,syllables,ifs,FALSE,20,elitize_generation_data,292,53,0.516,NA
294,52,syllables,ifs,FALSE,20,elitize_generation_data,293,58,0.559,NA
295,52,syllables,ifs,FALSE,20,elitize_generation_data,294,47,0.512,NA
296,52,syllables,ifs,FALSE,20,elitize_generation_data,295,55,0.528,NA
297,52,syllables,ifs,FALSE,20,elitize_generation_data,296,47,0.527,NA
298,52,syllables,ifs,FALSE,20,elitize_generation_data,297,55,0.526,NA
299,52,syllables,ifs,FALSE,20,elitize_generation_data,298,50,0.522,NA
300,52,syllables,ifs,FALSE,20,elitize_generation_data,299,49,0.505,NA
301,52,syllables,ifs,FALSE,20,elitize_generation_data,300,46,0.495,NA
