,run.num,problem,treatment,succeeded,height,normalization.function,generation,cluster.count,error.diversity,success.generation
1,63,syllables,ifs,FALSE,20,elitize_generation_data,0,4,0.284,NA
2,63,syllables,ifs,FALSE,20,elitize_generation_data,1,4,0.184,NA
3,63,syllables,ifs,FALSE,20,elitize_generation_data,2,6,0.187,NA
4,63,syllables,ifs,FALSE,20,elitize_generation_data,3,7,0.124,NA
5,63,syllables,ifs,FALSE,20,elitize_generation_data,4,9,0.146,NA
6,63,syllables,ifs,FALSE,20,elitize_generation_data,5,9,0.196,NA
7,63,syllables,ifs,FALSE,20,elitize_generation_data,6,10,0.126,NA
8,63,syllables,ifs,FALSE,20,elitize_generation_data,7,10,0.097,NA
9,63,syllables,ifs,FALSE,20,elitize_generation_data,8,10,0.08,NA
10,63,syllables,ifs,FALSE,20,elitize_generation_data,9,10,0.082,NA
11,63,syllables,ifs,FALSE,20,elitize_generation_data,10,9,0.075,NA
12,63,syllables,ifs,FALSE,20,elitize_generation_data,11,10,0.074,NA
13,63,syllables,ifs,FALSE,20,elitize_generation_data,12,10,0.066,NA
14,63,syllables,ifs,FALSE,20,elitize_generation_data,13,10,0.061,NA
15,63,syllables,ifs,FALSE,20,elitize_generation_data,14,10,0.062,NA
16,63,syllables,ifs,FALSE,20,elitize_generation_data,15,11,0.065,NA
17,63,syllables,ifs,FALSE,20,elitize_generation_data,16,10,0.075,NA
18,63,syllables,ifs,FALSE,20,elitize_generation_data,17,10,0.062,NA
19,63,syllables,ifs,FALSE,20,elitize_generation_data,18,10,0.074,NA
20,63,syllables,ifs,FALSE,20,elitize_generation_data,19,11,0.063,NA
21,63,syllables,ifs,FALSE,20,elitize_generation_data,20,9,0.057,NA
22,63,syllables,ifs,FALSE,20,elitize_generation_data,21,10,0.066,NA
23,63,syllables,ifs,FALSE,20,elitize_generation_data,22,9,0.066,NA
24,63,syllables,ifs,FALSE,20,elitize_generation_data,23,11,0.057,NA
25,63,syllables,ifs,FALSE,20,elitize_generation_data,24,11,0.052,NA
26,63,syllables,ifs,FALSE,20,elitize_generation_data,25,11,0.059,NA
27,63,syllables,ifs,FALSE,20,elitize_generation_data,26,10,0.054,NA
28,63,syllables,ifs,FALSE,20,elitize_generation_data,27,10,0.044,NA
29,63,syllables,ifs,FALSE,20,elitize_generation_data,28,9,0.064,NA
30,63,syllables,ifs,FALSE,20,elitize_generation_data,29,10,0.049,NA
31,63,syllables,ifs,FALSE,20,elitize_generation_data,30,10,0.059,NA
32,63,syllables,ifs,FALSE,20,elitize_generation_data,31,8,0.053,NA
33,63,syllables,ifs,FALSE,20,elitize_generation_data,32,8,0.06,NA
34,63,syllables,ifs,FALSE,20,elitize_generation_data,33,10,0.064,NA
35,63,syllables,ifs,FALSE,20,elitize_generation_data,34,10,0.065,NA
36,63,syllables,ifs,FALSE,20,elitize_generation_data,35,10,0.058,NA
37,63,syllables,ifs,FALSE,20,elitize_generation_data,36,10,0.062,NA
38,63,syllables,ifs,FALSE,20,elitize_generation_data,37,11,0.051,NA
39,63,syllables,ifs,FALSE,20,elitize_generation_data,38,10,0.06,NA
40,63,syllables,ifs,FALSE,20,elitize_generation_data,39,9,0.059,NA
41,63,syllables,ifs,FALSE,20,elitize_generation_data,40,11,0.063,NA
42,63,syllables,ifs,FALSE,20,elitize_generation_data,41,10,0.067,NA
43,63,syllables,ifs,FALSE,20,elitize_generation_data,42,11,0.051,NA
44,63,syllables,ifs,FALSE,20,elitize_generation_data,43,10,0.064,NA
45,63,syllables,ifs,FALSE,20,elitize_generation_data,44,10,0.046,NA
46,63,syllables,ifs,FALSE,20,elitize_generation_data,45,11,0.053,NA
47,63,syllables,ifs,FALSE,20,elitize_generation_data,46,10,0.059,NA
48,63,syllables,ifs,FALSE,20,elitize_generation_data,47,11,0.056,NA
49,63,syllables,ifs,FALSE,20,elitize_generation_data,48,9,0.062,NA
50,63,syllables,ifs,FALSE,20,elitize_generation_data,49,9,0.056,NA
51,63,syllables,ifs,FALSE,20,elitize_generation_data,50,8,0.061,NA
52,63,syllables,ifs,FALSE,20,elitize_generation_data,51,10,0.065,NA
53,63,syllables,ifs,FALSE,20,elitize_generation_data,52,11,0.064,NA
54,63,syllables,ifs,FALSE,20,elitize_generation_data,53,10,0.066,NA
55,63,syllables,ifs,FALSE,20,elitize_generation_data,54,10,0.054,NA
56,63,syllables,ifs,FALSE,20,elitize_generation_data,55,8,0.057,NA
57,63,syllables,ifs,FALSE,20,elitize_generation_data,56,10,0.059,NA
58,63,syllables,ifs,FALSE,20,elitize_generation_data,57,10,0.057,NA
59,63,syllables,ifs,FALSE,20,elitize_generation_data,58,11,0.048,NA
60,63,syllables,ifs,FALSE,20,elitize_generation_data,59,10,0.056,NA
61,63,syllables,ifs,FALSE,20,elitize_generation_data,60,11,0.056,NA
62,63,syllables,ifs,FALSE,20,elitize_generation_data,61,11,0.05,NA
63,63,syllables,ifs,FALSE,20,elitize_generation_data,62,10,0.051,NA
64,63,syllables,ifs,FALSE,20,elitize_generation_data,63,9,0.05,NA
65,63,syllables,ifs,FALSE,20,elitize_generation_data,64,9,0.043,NA
66,63,syllables,ifs,FALSE,20,elitize_generation_data,65,11,0.044,NA
67,63,syllables,ifs,FALSE,20,elitize_generation_data,66,9,0.057,NA
68,63,syllables,ifs,FALSE,20,elitize_generation_data,67,11,0.049,NA
69,63,syllables,ifs,FALSE,20,elitize_generation_data,68,11,0.047,NA
70,63,syllables,ifs,FALSE,20,elitize_generation_data,69,11,0.051,NA
71,63,syllables,ifs,FALSE,20,elitize_generation_data,70,11,0.051,NA
72,63,syllables,ifs,FALSE,20,elitize_generation_data,71,11,0.053,NA
73,63,syllables,ifs,FALSE,20,elitize_generation_data,72,10,0.051,NA
74,63,syllables,ifs,FALSE,20,elitize_generation_data,73,9,0.047,NA
75,63,syllables,ifs,FALSE,20,elitize_generation_data,74,11,0.045,NA
76,63,syllables,ifs,FALSE,20,elitize_generation_data,75,9,0.049,NA
77,63,syllables,ifs,FALSE,20,elitize_generation_data,76,11,0.049,NA
78,63,syllables,ifs,FALSE,20,elitize_generation_data,77,10,0.042,NA
79,63,syllables,ifs,FALSE,20,elitize_generation_data,78,11,0.055,NA
80,63,syllables,ifs,FALSE,20,elitize_generation_data,79,10,0.051,NA
81,63,syllables,ifs,FALSE,20,elitize_generation_data,80,10,0.045,NA
82,63,syllables,ifs,FALSE,20,elitize_generation_data,81,11,0.043,NA
83,63,syllables,ifs,FALSE,20,elitize_generation_data,82,10,0.049,NA
84,63,syllables,ifs,FALSE,20,elitize_generation_data,83,10,0.044,NA
85,63,syllables,ifs,FALSE,20,elitize_generation_data,84,11,0.049,NA
86,63,syllables,ifs,FALSE,20,elitize_generation_data,85,11,0.055,NA
87,63,syllables,ifs,FALSE,20,elitize_generation_data,86,10,0.04,NA
88,63,syllables,ifs,FALSE,20,elitize_generation_data,87,10,0.052,NA
89,63,syllables,ifs,FALSE,20,elitize_generation_data,88,11,0.041,NA
90,63,syllables,ifs,FALSE,20,elitize_generation_data,89,11,0.045,NA
91,63,syllables,ifs,FALSE,20,elitize_generation_data,90,11,0.044,NA
92,63,syllables,ifs,FALSE,20,elitize_generation_data,91,10,0.044,NA
93,63,syllables,ifs,FALSE,20,elitize_generation_data,92,11,0.042,NA
94,63,syllables,ifs,FALSE,20,elitize_generation_data,93,8,0.053,NA
95,63,syllables,ifs,FALSE,20,elitize_generation_data,94,10,0.042,NA
96,63,syllables,ifs,FALSE,20,elitize_generation_data,95,10,0.036,NA
97,63,syllables,ifs,FALSE,20,elitize_generation_data,96,10,0.041,NA
98,63,syllables,ifs,FALSE,20,elitize_generation_data,97,10,0.038,NA
99,63,syllables,ifs,FALSE,20,elitize_generation_data,98,10,0.038,NA
100,63,syllables,ifs,FALSE,20,elitize_generation_data,99,10,0.042,NA
101,63,syllables,ifs,FALSE,20,elitize_generation_data,100,11,0.04,NA
102,63,syllables,ifs,FALSE,20,elitize_generation_data,101,10,0.048,NA
103,63,syllables,ifs,FALSE,20,elitize_generation_data,102,11,0.043,NA
104,63,syllables,ifs,FALSE,20,elitize_generation_data,103,10,0.036,NA
105,63,syllables,ifs,FALSE,20,elitize_generation_data,104,10,0.04,NA
106,63,syllables,ifs,FALSE,20,elitize_generation_data,105,9,0.045,NA
107,63,syllables,ifs,FALSE,20,elitize_generation_data,106,10,0.049,NA
108,63,syllables,ifs,FALSE,20,elitize_generation_data,107,9,0.037,NA
109,63,syllables,ifs,FALSE,20,elitize_generation_data,108,11,0.045,NA
110,63,syllables,ifs,FALSE,20,elitize_generation_data,109,10,0.047,NA
111,63,syllables,ifs,FALSE,20,elitize_generation_data,110,8,0.042,NA
112,63,syllables,ifs,FALSE,20,elitize_generation_data,111,11,0.042,NA
113,63,syllables,ifs,FALSE,20,elitize_generation_data,112,10,0.046,NA
114,63,syllables,ifs,FALSE,20,elitize_generation_data,113,10,0.053,NA
115,63,syllables,ifs,FALSE,20,elitize_generation_data,114,10,0.037,NA
116,63,syllables,ifs,FALSE,20,elitize_generation_data,115,9,0.048,NA
117,63,syllables,ifs,FALSE,20,elitize_generation_data,116,10,0.041,NA
118,63,syllables,ifs,FALSE,20,elitize_generation_data,117,8,0.036,NA
119,63,syllables,ifs,FALSE,20,elitize_generation_data,118,9,0.04,NA
120,63,syllables,ifs,FALSE,20,elitize_generation_data,119,8,0.036,NA
121,63,syllables,ifs,FALSE,20,elitize_generation_data,120,9,0.045,NA
122,63,syllables,ifs,FALSE,20,elitize_generation_data,121,9,0.043,NA
123,63,syllables,ifs,FALSE,20,elitize_generation_data,122,9,0.031,NA
124,63,syllables,ifs,FALSE,20,elitize_generation_data,123,10,0.043,NA
125,63,syllables,ifs,FALSE,20,elitize_generation_data,124,11,0.042,NA
126,63,syllables,ifs,FALSE,20,elitize_generation_data,125,10,0.044,NA
127,63,syllables,ifs,FALSE,20,elitize_generation_data,126,10,0.035,NA
128,63,syllables,ifs,FALSE,20,elitize_generation_data,127,10,0.038,NA
129,63,syllables,ifs,FALSE,20,elitize_generation_data,128,10,0.037,NA
130,63,syllables,ifs,FALSE,20,elitize_generation_data,129,11,0.039,NA
131,63,syllables,ifs,FALSE,20,elitize_generation_data,130,10,0.026,NA
132,63,syllables,ifs,FALSE,20,elitize_generation_data,131,11,0.052,NA
133,63,syllables,ifs,FALSE,20,elitize_generation_data,132,11,0.04,NA
134,63,syllables,ifs,FALSE,20,elitize_generation_data,133,10,0.046,NA
135,63,syllables,ifs,FALSE,20,elitize_generation_data,134,7,0.041,NA
136,63,syllables,ifs,FALSE,20,elitize_generation_data,135,10,0.048,NA
137,63,syllables,ifs,FALSE,20,elitize_generation_data,136,10,0.043,NA
138,63,syllables,ifs,FALSE,20,elitize_generation_data,137,11,0.04,NA
139,63,syllables,ifs,FALSE,20,elitize_generation_data,138,11,0.034,NA
140,63,syllables,ifs,FALSE,20,elitize_generation_data,139,8,0.048,NA
141,63,syllables,ifs,FALSE,20,elitize_generation_data,140,11,0.036,NA
142,63,syllables,ifs,FALSE,20,elitize_generation_data,141,10,0.038,NA
143,63,syllables,ifs,FALSE,20,elitize_generation_data,142,11,0.039,NA
144,63,syllables,ifs,FALSE,20,elitize_generation_data,143,11,0.039,NA
145,63,syllables,ifs,FALSE,20,elitize_generation_data,144,10,0.045,NA
146,63,syllables,ifs,FALSE,20,elitize_generation_data,145,10,0.037,NA
147,63,syllables,ifs,FALSE,20,elitize_generation_data,146,10,0.041,NA
148,63,syllables,ifs,FALSE,20,elitize_generation_data,147,10,0.043,NA
149,63,syllables,ifs,FALSE,20,elitize_generation_data,148,10,0.037,NA
150,63,syllables,ifs,FALSE,20,elitize_generation_data,149,11,0.035,NA
151,63,syllables,ifs,FALSE,20,elitize_generation_data,150,9,0.044,NA
152,63,syllables,ifs,FALSE,20,elitize_generation_data,151,10,0.046,NA
153,63,syllables,ifs,FALSE,20,elitize_generation_data,152,11,0.033,NA
154,63,syllables,ifs,FALSE,20,elitize_generation_data,153,10,0.036,NA
155,63,syllables,ifs,FALSE,20,elitize_generation_data,154,9,0.043,NA
156,63,syllables,ifs,FALSE,20,elitize_generation_data,155,10,0.043,NA
157,63,syllables,ifs,FALSE,20,elitize_generation_data,156,11,0.033,NA
158,63,syllables,ifs,FALSE,20,elitize_generation_data,157,11,0.039,NA
159,63,syllables,ifs,FALSE,20,elitize_generation_data,158,10,0.036,NA
160,63,syllables,ifs,FALSE,20,elitize_generation_data,159,11,0.051,NA
161,63,syllables,ifs,FALSE,20,elitize_generation_data,160,10,0.046,NA
162,63,syllables,ifs,FALSE,20,elitize_generation_data,161,11,0.03,NA
163,63,syllables,ifs,FALSE,20,elitize_generation_data,162,11,0.03,NA
164,63,syllables,ifs,FALSE,20,elitize_generation_data,163,10,0.042,NA
165,63,syllables,ifs,FALSE,20,elitize_generation_data,164,11,0.035,NA
166,63,syllables,ifs,FALSE,20,elitize_generation_data,165,11,0.039,NA
167,63,syllables,ifs,FALSE,20,elitize_generation_data,166,10,0.032,NA
168,63,syllables,ifs,FALSE,20,elitize_generation_data,167,9,0.04,NA
169,63,syllables,ifs,FALSE,20,elitize_generation_data,168,10,0.038,NA
170,63,syllables,ifs,FALSE,20,elitize_generation_data,169,8,0.039,NA
171,63,syllables,ifs,FALSE,20,elitize_generation_data,170,10,0.035,NA
172,63,syllables,ifs,FALSE,20,elitize_generation_data,171,10,0.037,NA
173,63,syllables,ifs,FALSE,20,elitize_generation_data,172,11,0.033,NA
174,63,syllables,ifs,FALSE,20,elitize_generation_data,173,11,0.039,NA
175,63,syllables,ifs,FALSE,20,elitize_generation_data,174,10,0.03,NA
176,63,syllables,ifs,FALSE,20,elitize_generation_data,175,9,0.039,NA
177,63,syllables,ifs,FALSE,20,elitize_generation_data,176,11,0.031,NA
178,63,syllables,ifs,FALSE,20,elitize_generation_data,177,10,0.032,NA
179,63,syllables,ifs,FALSE,20,elitize_generation_data,178,10,0.031,NA
180,63,syllables,ifs,FALSE,20,elitize_generation_data,179,11,0.035,NA
181,63,syllables,ifs,FALSE,20,elitize_generation_data,180,11,0.036,NA
182,63,syllables,ifs,FALSE,20,elitize_generation_data,181,9,0.028,NA
183,63,syllables,ifs,FALSE,20,elitize_generation_data,182,9,0.025,NA
184,63,syllables,ifs,FALSE,20,elitize_generation_data,183,10,0.037,NA
185,63,syllables,ifs,FALSE,20,elitize_generation_data,184,10,0.03,NA
186,63,syllables,ifs,FALSE,20,elitize_generation_data,185,8,0.022,NA
187,63,syllables,ifs,FALSE,20,elitize_generation_data,186,11,0.03,NA
188,63,syllables,ifs,FALSE,20,elitize_generation_data,187,8,0.032,NA
189,63,syllables,ifs,FALSE,20,elitize_generation_data,188,10,0.032,NA
190,63,syllables,ifs,FALSE,20,elitize_generation_data,189,9,0.033,NA
191,63,syllables,ifs,FALSE,20,elitize_generation_data,190,10,0.031,NA
192,63,syllables,ifs,FALSE,20,elitize_generation_data,191,11,0.027,NA
193,63,syllables,ifs,FALSE,20,elitize_generation_data,192,9,0.026,NA
194,63,syllables,ifs,FALSE,20,elitize_generation_data,193,11,0.034,NA
195,63,syllables,ifs,FALSE,20,elitize_generation_data,194,10,0.034,NA
196,63,syllables,ifs,FALSE,20,elitize_generation_data,195,10,0.027,NA
197,63,syllables,ifs,FALSE,20,elitize_generation_data,196,11,0.035,NA
198,63,syllables,ifs,FALSE,20,elitize_generation_data,197,11,0.036,NA
199,63,syllables,ifs,FALSE,20,elitize_generation_data,198,10,0.027,NA
200,63,syllables,ifs,FALSE,20,elitize_generation_data,199,10,0.029,NA
201,63,syllables,ifs,FALSE,20,elitize_generation_data,200,10,0.037,NA
202,63,syllables,ifs,FALSE,20,elitize_generation_data,201,11,0.032,NA
203,63,syllables,ifs,FALSE,20,elitize_generation_data,202,11,0.026,NA
204,63,syllables,ifs,FALSE,20,elitize_generation_data,203,10,0.029,NA
205,63,syllables,ifs,FALSE,20,elitize_generation_data,204,11,0.03,NA
206,63,syllables,ifs,FALSE,20,elitize_generation_data,205,10,0.032,NA
207,63,syllables,ifs,FALSE,20,elitize_generation_data,206,9,0.026,NA
208,63,syllables,ifs,FALSE,20,elitize_generation_data,207,11,0.028,NA
209,63,syllables,ifs,FALSE,20,elitize_generation_data,208,9,0.031,NA
210,63,syllables,ifs,FALSE,20,elitize_generation_data,209,11,0.031,NA
211,63,syllables,ifs,FALSE,20,elitize_generation_data,210,7,0.023,NA
212,63,syllables,ifs,FALSE,20,elitize_generation_data,211,11,0.029,NA
213,63,syllables,ifs,FALSE,20,elitize_generation_data,212,10,0.033,NA
214,63,syllables,ifs,FALSE,20,elitize_generation_data,213,11,0.035,NA
215,63,syllables,ifs,FALSE,20,elitize_generation_data,214,10,0.032,NA
216,63,syllables,ifs,FALSE,20,elitize_generation_data,215,11,0.032,NA
217,63,syllables,ifs,FALSE,20,elitize_generation_data,216,9,0.031,NA
218,63,syllables,ifs,FALSE,20,elitize_generation_data,217,11,0.033,NA
219,63,syllables,ifs,FALSE,20,elitize_generation_data,218,10,0.022,NA
220,63,syllables,ifs,FALSE,20,elitize_generation_data,219,11,0.029,NA
221,63,syllables,ifs,FALSE,20,elitize_generation_data,220,10,0.029,NA
222,63,syllables,ifs,FALSE,20,elitize_generation_data,221,11,0.032,NA
223,63,syllables,ifs,FALSE,20,elitize_generation_data,222,10,0.026,NA
224,63,syllables,ifs,FALSE,20,elitize_generation_data,223,11,0.034,NA
225,63,syllables,ifs,FALSE,20,elitize_generation_data,224,9,0.028,NA
226,63,syllables,ifs,FALSE,20,elitize_generation_data,225,11,0.029,NA
227,63,syllables,ifs,FALSE,20,elitize_generation_data,226,10,0.03,NA
228,63,syllables,ifs,FALSE,20,elitize_generation_data,227,9,0.033,NA
229,63,syllables,ifs,FALSE,20,elitize_generation_data,228,10,0.026,NA
230,63,syllables,ifs,FALSE,20,elitize_generation_data,229,11,0.023,NA
231,63,syllables,ifs,FALSE,20,elitize_generation_data,230,9,0.026,NA
232,63,syllables,ifs,FALSE,20,elitize_generation_data,231,10,0.027,NA
233,63,syllables,ifs,FALSE,20,elitize_generation_data,232,10,0.026,NA
234,63,syllables,ifs,FALSE,20,elitize_generation_data,233,9,0.032,NA
235,63,syllables,ifs,FALSE,20,elitize_generation_data,234,9,0.032,NA
236,63,syllables,ifs,FALSE,20,elitize_generation_data,235,11,0.028,NA
237,63,syllables,ifs,FALSE,20,elitize_generation_data,236,11,0.028,NA
238,63,syllables,ifs,FALSE,20,elitize_generation_data,237,10,0.035,NA
239,63,syllables,ifs,FALSE,20,elitize_generation_data,238,11,0.029,NA
240,63,syllables,ifs,FALSE,20,elitize_generation_data,239,11,0.033,NA
241,63,syllables,ifs,FALSE,20,elitize_generation_data,240,10,0.029,NA
242,63,syllables,ifs,FALSE,20,elitize_generation_data,241,11,0.033,NA
243,63,syllables,ifs,FALSE,20,elitize_generation_data,242,9,0.026,NA
244,63,syllables,ifs,FALSE,20,elitize_generation_data,243,8,0.024,NA
245,63,syllables,ifs,FALSE,20,elitize_generation_data,244,9,0.035,NA
246,63,syllables,ifs,FALSE,20,elitize_generation_data,245,10,0.029,NA
247,63,syllables,ifs,FALSE,20,elitize_generation_data,246,11,0.035,NA
248,63,syllables,ifs,FALSE,20,elitize_generation_data,247,11,0.03,NA
249,63,syllables,ifs,FALSE,20,elitize_generation_data,248,11,0.031,NA
250,63,syllables,ifs,FALSE,20,elitize_generation_data,249,10,0.032,NA
251,63,syllables,ifs,FALSE,20,elitize_generation_data,250,9,0.032,NA
252,63,syllables,ifs,FALSE,20,elitize_generation_data,251,10,0.031,NA
253,63,syllables,ifs,FALSE,20,elitize_generation_data,252,11,0.032,NA
254,63,syllables,ifs,FALSE,20,elitize_generation_data,253,12,0.026,NA
255,63,syllables,ifs,FALSE,20,elitize_generation_data,254,11,0.027,NA
256,63,syllables,ifs,FALSE,20,elitize_generation_data,255,9,0.02,NA
257,63,syllables,ifs,FALSE,20,elitize_generation_data,256,10,0.026,NA
258,63,syllables,ifs,FALSE,20,elitize_generation_data,257,11,0.028,NA
259,63,syllables,ifs,FALSE,20,elitize_generation_data,258,9,0.025,NA
260,63,syllables,ifs,FALSE,20,elitize_generation_data,259,11,0.025,NA
261,63,syllables,ifs,FALSE,20,elitize_generation_data,260,7,0.033,NA
262,63,syllables,ifs,FALSE,20,elitize_generation_data,261,9,0.029,NA
263,63,syllables,ifs,FALSE,20,elitize_generation_data,262,7,0.03,NA
264,63,syllables,ifs,FALSE,20,elitize_generation_data,263,10,0.024,NA
265,63,syllables,ifs,FALSE,20,elitize_generation_data,264,8,0.028,NA
266,63,syllables,ifs,FALSE,20,elitize_generation_data,265,8,0.032,NA
267,63,syllables,ifs,FALSE,20,elitize_generation_data,266,11,0.031,NA
268,63,syllables,ifs,FALSE,20,elitize_generation_data,267,9,0.024,NA
269,63,syllables,ifs,FALSE,20,elitize_generation_data,268,10,0.026,NA
270,63,syllables,ifs,FALSE,20,elitize_generation_data,269,11,0.028,NA
271,63,syllables,ifs,FALSE,20,elitize_generation_data,270,9,0.023,NA
272,63,syllables,ifs,FALSE,20,elitize_generation_data,271,10,0.028,NA
273,63,syllables,ifs,FALSE,20,elitize_generation_data,272,10,0.024,NA
274,63,syllables,ifs,FALSE,20,elitize_generation_data,273,9,0.022,NA
275,63,syllables,ifs,FALSE,20,elitize_generation_data,274,10,0.03,NA
276,63,syllables,ifs,FALSE,20,elitize_generation_data,275,10,0.024,NA
277,63,syllables,ifs,FALSE,20,elitize_generation_data,276,10,0.026,NA
278,63,syllables,ifs,FALSE,20,elitize_generation_data,277,9,0.022,NA
279,63,syllables,ifs,FALSE,20,elitize_generation_data,278,11,0.026,NA
280,63,syllables,ifs,FALSE,20,elitize_generation_data,279,11,0.03,NA
281,63,syllables,ifs,FALSE,20,elitize_generation_data,280,8,0.022,NA
282,63,syllables,ifs,FALSE,20,elitize_generation_data,281,9,0.024,NA
283,63,syllables,ifs,FALSE,20,elitize_generation_data,282,10,0.028,NA
284,63,syllables,ifs,FALSE,20,elitize_generation_data,283,10,0.024,NA
285,63,syllables,ifs,FALSE,20,elitize_generation_data,284,11,0.027,NA
286,63,syllables,ifs,FALSE,20,elitize_generation_data,285,10,0.034,NA
287,63,syllables,ifs,FALSE,20,elitize_generation_data,286,10,0.024,NA
288,63,syllables,ifs,FALSE,20,elitize_generation_data,287,7,0.019,NA
289,63,syllables,ifs,FALSE,20,elitize_generation_data,288,10,0.025,NA
290,63,syllables,ifs,FALSE,20,elitize_generation_data,289,8,0.02,NA
291,63,syllables,ifs,FALSE,20,elitize_generation_data,290,10,0.023,NA
292,63,syllables,ifs,FALSE,20,elitize_generation_data,291,9,0.017,NA
293,63,syllables,ifs,FALSE,20,elitize_generation_data,292,10,0.025,NA
294,63,syllables,ifs,FALSE,20,elitize_generation_data,293,11,0.031,NA
295,63,syllables,ifs,FALSE,20,elitize_generation_data,294,11,0.022,NA
296,63,syllables,ifs,FALSE,20,elitize_generation_data,295,10,0.024,NA
297,63,syllables,ifs,FALSE,20,elitize_generation_data,296,9,0.026,NA
298,63,syllables,ifs,FALSE,20,elitize_generation_data,297,10,0.03,NA
299,63,syllables,ifs,FALSE,20,elitize_generation_data,298,8,0.023,NA
300,63,syllables,ifs,FALSE,20,elitize_generation_data,299,10,0.02,NA
301,63,syllables,ifs,FALSE,20,elitize_generation_data,300,11,0.018,NA
