,run.num,problem,treatment,succeeded,height,normalization.function,generation,cluster.count,error.diversity,success.generation
1,30,syllables,ifs,FALSE,20,elitize_generation_data,0,4,0.274,NA
2,30,syllables,ifs,FALSE,20,elitize_generation_data,1,5,0.212,NA
3,30,syllables,ifs,FALSE,20,elitize_generation_data,2,5,0.227,NA
4,30,syllables,ifs,FALSE,20,elitize_generation_data,3,5,0.143,NA
5,30,syllables,ifs,FALSE,20,elitize_generation_data,4,5,0.194,NA
6,30,syllables,ifs,FALSE,20,elitize_generation_data,5,4,0.232,NA
7,30,syllables,ifs,FALSE,20,elitize_generation_data,6,7,0.244,NA
8,30,syllables,ifs,FALSE,20,elitize_generation_data,7,9,0.178,NA
9,30,syllables,ifs,FALSE,20,elitize_generation_data,8,9,0.145,NA
10,30,syllables,ifs,FALSE,20,elitize_generation_data,9,9,0.149,NA
11,30,syllables,ifs,FALSE,20,elitize_generation_data,10,9,0.13,NA
12,30,syllables,ifs,FALSE,20,elitize_generation_data,11,11,0.147,NA
13,30,syllables,ifs,FALSE,20,elitize_generation_data,12,10,0.137,NA
14,30,syllables,ifs,FALSE,20,elitize_generation_data,13,10,0.17,NA
15,30,syllables,ifs,FALSE,20,elitize_generation_data,14,12,0.196,NA
16,30,syllables,ifs,FALSE,20,elitize_generation_data,15,12,0.192,NA
17,30,syllables,ifs,FALSE,20,elitize_generation_data,16,14,0.208,NA
18,30,syllables,ifs,FALSE,20,elitize_generation_data,17,15,0.244,NA
19,30,syllables,ifs,FALSE,20,elitize_generation_data,18,14,0.304,NA
20,30,syllables,ifs,FALSE,20,elitize_generation_data,19,13,0.354,NA
21,30,syllables,ifs,FALSE,20,elitize_generation_data,20,17,0.371,NA
22,30,syllables,ifs,FALSE,20,elitize_generation_data,21,23,0.423,NA
23,30,syllables,ifs,FALSE,20,elitize_generation_data,22,18,0.429,NA
24,30,syllables,ifs,FALSE,20,elitize_generation_data,23,18,0.443,NA
25,30,syllables,ifs,FALSE,20,elitize_generation_data,24,21,0.431,NA
26,30,syllables,ifs,FALSE,20,elitize_generation_data,25,22,0.415,NA
27,30,syllables,ifs,FALSE,20,elitize_generation_data,26,28,0.427,NA
28,30,syllables,ifs,FALSE,20,elitize_generation_data,27,27,0.442,NA
29,30,syllables,ifs,FALSE,20,elitize_generation_data,28,30,0.45,NA
30,30,syllables,ifs,FALSE,20,elitize_generation_data,29,36,0.465,NA
31,30,syllables,ifs,FALSE,20,elitize_generation_data,30,37,0.478,NA
32,30,syllables,ifs,FALSE,20,elitize_generation_data,31,48,0.452,NA
33,30,syllables,ifs,FALSE,20,elitize_generation_data,32,42,0.441,NA
34,30,syllables,ifs,FALSE,20,elitize_generation_data,33,57,0.433,NA
35,30,syllables,ifs,FALSE,20,elitize_generation_data,34,63,0.5,NA
36,30,syllables,ifs,FALSE,20,elitize_generation_data,35,78,0.45,NA
37,30,syllables,ifs,FALSE,20,elitize_generation_data,36,56,0.34,NA
38,30,syllables,ifs,FALSE,20,elitize_generation_data,37,65,0.334,NA
39,30,syllables,ifs,FALSE,20,elitize_generation_data,38,73,0.379,NA
40,30,syllables,ifs,FALSE,20,elitize_generation_data,39,79,0.455,NA
41,30,syllables,ifs,FALSE,20,elitize_generation_data,40,87,0.52,NA
42,30,syllables,ifs,FALSE,20,elitize_generation_data,41,93,0.48,NA
43,30,syllables,ifs,FALSE,20,elitize_generation_data,42,79,0.471,NA
44,30,syllables,ifs,FALSE,20,elitize_generation_data,43,68,0.407,NA
45,30,syllables,ifs,FALSE,20,elitize_generation_data,44,72,0.43,NA
46,30,syllables,ifs,FALSE,20,elitize_generation_data,45,80,0.464,NA
47,30,syllables,ifs,FALSE,20,elitize_generation_data,46,80,0.445,NA
48,30,syllables,ifs,FALSE,20,elitize_generation_data,47,85,0.441,NA
49,30,syllables,ifs,FALSE,20,elitize_generation_data,48,75,0.416,NA
50,30,syllables,ifs,FALSE,20,elitize_generation_data,49,68,0.406,NA
51,30,syllables,ifs,FALSE,20,elitize_generation_data,50,68,0.413,NA
52,30,syllables,ifs,FALSE,20,elitize_generation_data,51,85,0.42,NA
53,30,syllables,ifs,FALSE,20,elitize_generation_data,52,77,0.419,NA
54,30,syllables,ifs,FALSE,20,elitize_generation_data,53,100,0.455,NA
55,30,syllables,ifs,FALSE,20,elitize_generation_data,54,87,0.405,NA
56,30,syllables,ifs,FALSE,20,elitize_generation_data,55,87,0.402,NA
57,30,syllables,ifs,FALSE,20,elitize_generation_data,56,90,0.393,NA
58,30,syllables,ifs,FALSE,20,elitize_generation_data,57,99,0.407,NA
59,30,syllables,ifs,FALSE,20,elitize_generation_data,58,92,0.431,NA
60,30,syllables,ifs,FALSE,20,elitize_generation_data,59,97,0.408,NA
61,30,syllables,ifs,FALSE,20,elitize_generation_data,60,95,0.422,NA
62,30,syllables,ifs,FALSE,20,elitize_generation_data,61,102,0.424,NA
63,30,syllables,ifs,FALSE,20,elitize_generation_data,62,91,0.413,NA
64,30,syllables,ifs,FALSE,20,elitize_generation_data,63,98,0.421,NA
65,30,syllables,ifs,FALSE,20,elitize_generation_data,64,104,0.458,NA
66,30,syllables,ifs,FALSE,20,elitize_generation_data,65,102,0.43,NA
67,30,syllables,ifs,FALSE,20,elitize_generation_data,66,103,0.412,NA
68,30,syllables,ifs,FALSE,20,elitize_generation_data,67,99,0.417,NA
69,30,syllables,ifs,FALSE,20,elitize_generation_data,68,104,0.446,NA
70,30,syllables,ifs,FALSE,20,elitize_generation_data,69,95,0.439,NA
71,30,syllables,ifs,FALSE,20,elitize_generation_data,70,105,0.409,NA
72,30,syllables,ifs,FALSE,20,elitize_generation_data,71,96,0.446,NA
73,30,syllables,ifs,FALSE,20,elitize_generation_data,72,102,0.44,NA
74,30,syllables,ifs,FALSE,20,elitize_generation_data,73,99,0.448,NA
75,30,syllables,ifs,FALSE,20,elitize_generation_data,74,103,0.397,NA
76,30,syllables,ifs,FALSE,20,elitize_generation_data,75,97,0.407,NA
77,30,syllables,ifs,FALSE,20,elitize_generation_data,76,105,0.404,NA
78,30,syllables,ifs,FALSE,20,elitize_generation_data,77,115,0.431,NA
79,30,syllables,ifs,FALSE,20,elitize_generation_data,78,112,0.382,NA
80,30,syllables,ifs,FALSE,20,elitize_generation_data,79,121,0.39,NA
81,30,syllables,ifs,FALSE,20,elitize_generation_data,80,106,0.387,NA
82,30,syllables,ifs,FALSE,20,elitize_generation_data,81,117,0.391,NA
83,30,syllables,ifs,FALSE,20,elitize_generation_data,82,115,0.412,NA
84,30,syllables,ifs,FALSE,20,elitize_generation_data,83,109,0.407,NA
85,30,syllables,ifs,FALSE,20,elitize_generation_data,84,107,0.436,NA
86,30,syllables,ifs,FALSE,20,elitize_generation_data,85,118,0.433,NA
87,30,syllables,ifs,FALSE,20,elitize_generation_data,86,132,0.466,NA
88,30,syllables,ifs,FALSE,20,elitize_generation_data,87,136,0.505,NA
89,30,syllables,ifs,FALSE,20,elitize_generation_data,88,136,0.516,NA
90,30,syllables,ifs,FALSE,20,elitize_generation_data,89,119,0.502,NA
91,30,syllables,ifs,FALSE,20,elitize_generation_data,90,141,0.547,NA
92,30,syllables,ifs,FALSE,20,elitize_generation_data,91,135,0.55,NA
93,30,syllables,ifs,FALSE,20,elitize_generation_data,92,152,0.532,NA
94,30,syllables,ifs,FALSE,20,elitize_generation_data,93,139,0.491,NA
95,30,syllables,ifs,FALSE,20,elitize_generation_data,94,156,0.533,NA
96,30,syllables,ifs,FALSE,20,elitize_generation_data,95,139,0.504,NA
97,30,syllables,ifs,FALSE,20,elitize_generation_data,96,125,0.508,NA
98,30,syllables,ifs,FALSE,20,elitize_generation_data,97,130,0.501,NA
99,30,syllables,ifs,FALSE,20,elitize_generation_data,98,126,0.44,NA
100,30,syllables,ifs,FALSE,20,elitize_generation_data,99,119,0.465,NA
101,30,syllables,ifs,FALSE,20,elitize_generation_data,100,110,0.443,NA
102,30,syllables,ifs,FALSE,20,elitize_generation_data,101,115,0.451,NA
103,30,syllables,ifs,FALSE,20,elitize_generation_data,102,130,0.48,NA
104,30,syllables,ifs,FALSE,20,elitize_generation_data,103,130,0.489,NA
105,30,syllables,ifs,FALSE,20,elitize_generation_data,104,119,0.444,NA
106,30,syllables,ifs,FALSE,20,elitize_generation_data,105,129,0.469,NA
107,30,syllables,ifs,FALSE,20,elitize_generation_data,106,121,0.479,NA
108,30,syllables,ifs,FALSE,20,elitize_generation_data,107,120,0.453,NA
109,30,syllables,ifs,FALSE,20,elitize_generation_data,108,127,0.473,NA
110,30,syllables,ifs,FALSE,20,elitize_generation_data,109,131,0.466,NA
111,30,syllables,ifs,FALSE,20,elitize_generation_data,110,118,0.462,NA
112,30,syllables,ifs,FALSE,20,elitize_generation_data,111,110,0.45,NA
113,30,syllables,ifs,FALSE,20,elitize_generation_data,112,129,0.469,NA
114,30,syllables,ifs,FALSE,20,elitize_generation_data,113,119,0.48,NA
115,30,syllables,ifs,FALSE,20,elitize_generation_data,114,119,0.461,NA
116,30,syllables,ifs,FALSE,20,elitize_generation_data,115,134,0.506,NA
117,30,syllables,ifs,FALSE,20,elitize_generation_data,116,132,0.502,NA
118,30,syllables,ifs,FALSE,20,elitize_generation_data,117,133,0.517,NA
119,30,syllables,ifs,FALSE,20,elitize_generation_data,118,141,0.543,NA
120,30,syllables,ifs,FALSE,20,elitize_generation_data,119,137,0.509,NA
121,30,syllables,ifs,FALSE,20,elitize_generation_data,120,133,0.509,NA
122,30,syllables,ifs,FALSE,20,elitize_generation_data,121,131,0.498,NA
123,30,syllables,ifs,FALSE,20,elitize_generation_data,122,134,0.494,NA
124,30,syllables,ifs,FALSE,20,elitize_generation_data,123,131,0.48,NA
125,30,syllables,ifs,FALSE,20,elitize_generation_data,124,153,0.512,NA
126,30,syllables,ifs,FALSE,20,elitize_generation_data,125,134,0.51,NA
127,30,syllables,ifs,FALSE,20,elitize_generation_data,126,136,0.507,NA
128,30,syllables,ifs,FALSE,20,elitize_generation_data,127,131,0.483,NA
129,30,syllables,ifs,FALSE,20,elitize_generation_data,128,125,0.483,NA
130,30,syllables,ifs,FALSE,20,elitize_generation_data,129,125,0.489,NA
131,30,syllables,ifs,FALSE,20,elitize_generation_data,130,144,0.509,NA
132,30,syllables,ifs,FALSE,20,elitize_generation_data,131,135,0.516,NA
133,30,syllables,ifs,FALSE,20,elitize_generation_data,132,140,0.524,NA
134,30,syllables,ifs,FALSE,20,elitize_generation_data,133,142,0.503,NA
135,30,syllables,ifs,FALSE,20,elitize_generation_data,134,136,0.481,NA
136,30,syllables,ifs,FALSE,20,elitize_generation_data,135,142,0.488,NA
137,30,syllables,ifs,FALSE,20,elitize_generation_data,136,140,0.469,NA
138,30,syllables,ifs,FALSE,20,elitize_generation_data,137,142,0.512,NA
139,30,syllables,ifs,FALSE,20,elitize_generation_data,138,131,0.5,NA
140,30,syllables,ifs,FALSE,20,elitize_generation_data,139,142,0.49,NA
141,30,syllables,ifs,FALSE,20,elitize_generation_data,140,143,0.507,NA
142,30,syllables,ifs,FALSE,20,elitize_generation_data,141,155,0.568,NA
143,30,syllables,ifs,FALSE,20,elitize_generation_data,142,163,0.573,NA
144,30,syllables,ifs,FALSE,20,elitize_generation_data,143,154,0.555,NA
145,30,syllables,ifs,FALSE,20,elitize_generation_data,144,160,0.56,NA
146,30,syllables,ifs,FALSE,20,elitize_generation_data,145,175,0.551,NA
147,30,syllables,ifs,FALSE,20,elitize_generation_data,146,165,0.544,NA
148,30,syllables,ifs,FALSE,20,elitize_generation_data,147,180,0.553,NA
149,30,syllables,ifs,FALSE,20,elitize_generation_data,148,170,0.56,NA
150,30,syllables,ifs,FALSE,20,elitize_generation_data,149,166,0.527,NA
151,30,syllables,ifs,FALSE,20,elitize_generation_data,150,148,0.519,NA
152,30,syllables,ifs,FALSE,20,elitize_generation_data,151,149,0.515,NA
153,30,syllables,ifs,FALSE,20,elitize_generation_data,152,158,0.519,NA
154,30,syllables,ifs,FALSE,20,elitize_generation_data,153,166,0.548,NA
155,30,syllables,ifs,FALSE,20,elitize_generation_data,154,164,0.54,NA
156,30,syllables,ifs,FALSE,20,elitize_generation_data,155,151,0.527,NA
157,30,syllables,ifs,FALSE,20,elitize_generation_data,156,165,0.535,NA
158,30,syllables,ifs,FALSE,20,elitize_generation_data,157,153,0.539,NA
159,30,syllables,ifs,FALSE,20,elitize_generation_data,158,158,0.536,NA
160,30,syllables,ifs,FALSE,20,elitize_generation_data,159,157,0.531,NA
161,30,syllables,ifs,FALSE,20,elitize_generation_data,160,153,0.535,NA
162,30,syllables,ifs,FALSE,20,elitize_generation_data,161,174,0.515,NA
163,30,syllables,ifs,FALSE,20,elitize_generation_data,162,171,0.528,NA
164,30,syllables,ifs,FALSE,20,elitize_generation_data,163,149,0.536,NA
165,30,syllables,ifs,FALSE,20,elitize_generation_data,164,164,0.531,NA
166,30,syllables,ifs,FALSE,20,elitize_generation_data,165,157,0.533,NA
167,30,syllables,ifs,FALSE,20,elitize_generation_data,166,173,0.554,NA
168,30,syllables,ifs,FALSE,20,elitize_generation_data,167,159,0.57,NA
169,30,syllables,ifs,FALSE,20,elitize_generation_data,168,155,0.555,NA
170,30,syllables,ifs,FALSE,20,elitize_generation_data,169,144,0.527,NA
171,30,syllables,ifs,FALSE,20,elitize_generation_data,170,163,0.552,NA
172,30,syllables,ifs,FALSE,20,elitize_generation_data,171,153,0.54,NA
173,30,syllables,ifs,FALSE,20,elitize_generation_data,172,140,0.55,NA
174,30,syllables,ifs,FALSE,20,elitize_generation_data,173,165,0.552,NA
175,30,syllables,ifs,FALSE,20,elitize_generation_data,174,167,0.546,NA
176,30,syllables,ifs,FALSE,20,elitize_generation_data,175,146,0.542,NA
177,30,syllables,ifs,FALSE,20,elitize_generation_data,176,157,0.559,NA
178,30,syllables,ifs,FALSE,20,elitize_generation_data,177,150,0.563,NA
179,30,syllables,ifs,FALSE,20,elitize_generation_data,178,146,0.558,NA
180,30,syllables,ifs,FALSE,20,elitize_generation_data,179,149,0.549,NA
181,30,syllables,ifs,FALSE,20,elitize_generation_data,180,154,0.54,NA
182,30,syllables,ifs,FALSE,20,elitize_generation_data,181,154,0.564,NA
183,30,syllables,ifs,FALSE,20,elitize_generation_data,182,152,0.546,NA
184,30,syllables,ifs,FALSE,20,elitize_generation_data,183,168,0.558,NA
185,30,syllables,ifs,FALSE,20,elitize_generation_data,184,168,0.553,NA
186,30,syllables,ifs,FALSE,20,elitize_generation_data,185,161,0.58,NA
187,30,syllables,ifs,FALSE,20,elitize_generation_data,186,185,0.579,NA
188,30,syllables,ifs,FALSE,20,elitize_generation_data,187,165,0.595,NA
189,30,syllables,ifs,FALSE,20,elitize_generation_data,188,179,0.569,NA
190,30,syllables,ifs,FALSE,20,elitize_generation_data,189,187,0.596,NA
191,30,syllables,ifs,FALSE,20,elitize_generation_data,190,188,0.607,NA
192,30,syllables,ifs,FALSE,20,elitize_generation_data,191,189,0.594,NA
193,30,syllables,ifs,FALSE,20,elitize_generation_data,192,204,0.591,NA
194,30,syllables,ifs,FALSE,20,elitize_generation_data,193,197,0.619,NA
195,30,syllables,ifs,FALSE,20,elitize_generation_data,194,176,0.586,NA
196,30,syllables,ifs,FALSE,20,elitize_generation_data,195,187,0.604,NA
197,30,syllables,ifs,FALSE,20,elitize_generation_data,196,197,0.622,NA
198,30,syllables,ifs,FALSE,20,elitize_generation_data,197,188,0.629,NA
199,30,syllables,ifs,FALSE,20,elitize_generation_data,198,203,0.617,NA
200,30,syllables,ifs,FALSE,20,elitize_generation_data,199,188,0.596,NA
201,30,syllables,ifs,FALSE,20,elitize_generation_data,200,172,0.618,NA
202,30,syllables,ifs,FALSE,20,elitize_generation_data,201,198,0.631,NA
203,30,syllables,ifs,FALSE,20,elitize_generation_data,202,193,0.593,NA
204,30,syllables,ifs,FALSE,20,elitize_generation_data,203,191,0.639,NA
205,30,syllables,ifs,FALSE,20,elitize_generation_data,204,207,0.646,NA
206,30,syllables,ifs,FALSE,20,elitize_generation_data,205,195,0.61,NA
207,30,syllables,ifs,FALSE,20,elitize_generation_data,206,185,0.642,NA
208,30,syllables,ifs,FALSE,20,elitize_generation_data,207,192,0.63,NA
209,30,syllables,ifs,FALSE,20,elitize_generation_data,208,199,0.645,NA
210,30,syllables,ifs,FALSE,20,elitize_generation_data,209,175,0.638,NA
211,30,syllables,ifs,FALSE,20,elitize_generation_data,210,180,0.614,NA
212,30,syllables,ifs,FALSE,20,elitize_generation_data,211,165,0.578,NA
213,30,syllables,ifs,FALSE,20,elitize_generation_data,212,178,0.602,NA
214,30,syllables,ifs,FALSE,20,elitize_generation_data,213,182,0.6,NA
215,30,syllables,ifs,FALSE,20,elitize_generation_data,214,191,0.589,NA
216,30,syllables,ifs,FALSE,20,elitize_generation_data,215,165,0.586,NA
217,30,syllables,ifs,FALSE,20,elitize_generation_data,216,176,0.613,NA
218,30,syllables,ifs,FALSE,20,elitize_generation_data,217,184,0.629,NA
219,30,syllables,ifs,FALSE,20,elitize_generation_data,218,182,0.646,NA
220,30,syllables,ifs,FALSE,20,elitize_generation_data,219,188,0.644,NA
221,30,syllables,ifs,FALSE,20,elitize_generation_data,220,170,0.618,NA
222,30,syllables,ifs,FALSE,20,elitize_generation_data,221,196,0.631,NA
223,30,syllables,ifs,FALSE,20,elitize_generation_data,222,183,0.642,NA
224,30,syllables,ifs,FALSE,20,elitize_generation_data,223,183,0.603,NA
225,30,syllables,ifs,FALSE,20,elitize_generation_data,224,169,0.606,NA
226,30,syllables,ifs,FALSE,20,elitize_generation_data,225,180,0.609,NA
227,30,syllables,ifs,FALSE,20,elitize_generation_data,226,170,0.614,NA
228,30,syllables,ifs,FALSE,20,elitize_generation_data,227,188,0.628,NA
229,30,syllables,ifs,FALSE,20,elitize_generation_data,228,178,0.614,NA
230,30,syllables,ifs,FALSE,20,elitize_generation_data,229,186,0.612,NA
231,30,syllables,ifs,FALSE,20,elitize_generation_data,230,171,0.627,NA
232,30,syllables,ifs,FALSE,20,elitize_generation_data,231,173,0.596,NA
233,30,syllables,ifs,FALSE,20,elitize_generation_data,232,159,0.618,NA
234,30,syllables,ifs,FALSE,20,elitize_generation_data,233,184,0.613,NA
235,30,syllables,ifs,FALSE,20,elitize_generation_data,234,181,0.616,NA
236,30,syllables,ifs,FALSE,20,elitize_generation_data,235,181,0.599,NA
237,30,syllables,ifs,FALSE,20,elitize_generation_data,236,180,0.605,NA
238,30,syllables,ifs,FALSE,20,elitize_generation_data,237,196,0.609,NA
239,30,syllables,ifs,FALSE,20,elitize_generation_data,238,185,0.618,NA
240,30,syllables,ifs,FALSE,20,elitize_generation_data,239,180,0.602,NA
241,30,syllables,ifs,FALSE,20,elitize_generation_data,240,172,0.595,NA
242,30,syllables,ifs,FALSE,20,elitize_generation_data,241,179,0.586,NA
243,30,syllables,ifs,FALSE,20,elitize_generation_data,242,177,0.598,NA
244,30,syllables,ifs,FALSE,20,elitize_generation_data,243,181,0.627,NA
245,30,syllables,ifs,FALSE,20,elitize_generation_data,244,178,0.619,NA
246,30,syllables,ifs,FALSE,20,elitize_generation_data,245,179,0.584,NA
247,30,syllables,ifs,FALSE,20,elitize_generation_data,246,177,0.603,NA
248,30,syllables,ifs,FALSE,20,elitize_generation_data,247,186,0.613,NA
249,30,syllables,ifs,FALSE,20,elitize_generation_data,248,177,0.595,NA
250,30,syllables,ifs,FALSE,20,elitize_generation_data,249,200,0.62,NA
251,30,syllables,ifs,FALSE,20,elitize_generation_data,250,180,0.597,NA
252,30,syllables,ifs,FALSE,20,elitize_generation_data,251,167,0.594,NA
253,30,syllables,ifs,FALSE,20,elitize_generation_data,252,180,0.611,NA
254,30,syllables,ifs,FALSE,20,elitize_generation_data,253,180,0.591,NA
255,30,syllables,ifs,FALSE,20,elitize_generation_data,254,171,0.6,NA
256,30,syllables,ifs,FALSE,20,elitize_generation_data,255,183,0.595,NA
257,30,syllables,ifs,FALSE,20,elitize_generation_data,256,184,0.609,NA
258,30,syllables,ifs,FALSE,20,elitize_generation_data,257,172,0.591,NA
259,30,syllables,ifs,FALSE,20,elitize_generation_data,258,183,0.602,NA
260,30,syllables,ifs,FALSE,20,elitize_generation_data,259,203,0.611,NA
261,30,syllables,ifs,FALSE,20,elitize_generation_data,260,189,0.611,NA
262,30,syllables,ifs,FALSE,20,elitize_generation_data,261,179,0.619,NA
263,30,syllables,ifs,FALSE,20,elitize_generation_data,262,192,0.611,NA
264,30,syllables,ifs,FALSE,20,elitize_generation_data,263,168,0.609,NA
265,30,syllables,ifs,FALSE,20,elitize_generation_data,264,182,0.634,NA
266,30,syllables,ifs,FALSE,20,elitize_generation_data,265,187,0.63,NA
267,30,syllables,ifs,FALSE,20,elitize_generation_data,266,182,0.619,NA
268,30,syllables,ifs,FALSE,20,elitize_generation_data,267,185,0.613,NA
269,30,syllables,ifs,FALSE,20,elitize_generation_data,268,173,0.623,NA
270,30,syllables,ifs,FALSE,20,elitize_generation_data,269,195,0.622,NA
271,30,syllables,ifs,FALSE,20,elitize_generation_data,270,177,0.638,NA
272,30,syllables,ifs,FALSE,20,elitize_generation_data,271,175,0.606,NA
273,30,syllables,ifs,FALSE,20,elitize_generation_data,272,186,0.6,NA
274,30,syllables,ifs,FALSE,20,elitize_generation_data,273,192,0.626,NA
275,30,syllables,ifs,FALSE,20,elitize_generation_data,274,196,0.621,NA
276,30,syllables,ifs,FALSE,20,elitize_generation_data,275,190,0.612,NA
277,30,syllables,ifs,FALSE,20,elitize_generation_data,276,185,0.636,NA
278,30,syllables,ifs,FALSE,20,elitize_generation_data,277,179,0.61,NA
279,30,syllables,ifs,FALSE,20,elitize_generation_data,278,187,0.619,NA
280,30,syllables,ifs,FALSE,20,elitize_generation_data,279,184,0.637,NA
281,30,syllables,ifs,FALSE,20,elitize_generation_data,280,168,0.621,NA
282,30,syllables,ifs,FALSE,20,elitize_generation_data,281,191,0.643,NA
283,30,syllables,ifs,FALSE,20,elitize_generation_data,282,179,0.6,NA
284,30,syllables,ifs,FALSE,20,elitize_generation_data,283,167,0.605,NA
285,30,syllables,ifs,FALSE,20,elitize_generation_data,284,209,0.603,NA
286,30,syllables,ifs,FALSE,20,elitize_generation_data,285,193,0.613,NA
287,30,syllables,ifs,FALSE,20,elitize_generation_data,286,191,0.632,NA
288,30,syllables,ifs,FALSE,20,elitize_generation_data,287,195,0.632,NA
289,30,syllables,ifs,FALSE,20,elitize_generation_data,288,191,0.619,NA
290,30,syllables,ifs,FALSE,20,elitize_generation_data,289,173,0.587,NA
291,30,syllables,ifs,FALSE,20,elitize_generation_data,290,165,0.587,NA
292,30,syllables,ifs,FALSE,20,elitize_generation_data,291,171,0.613,NA
293,30,syllables,ifs,FALSE,20,elitize_generation_data,292,183,0.609,NA
294,30,syllables,ifs,FALSE,20,elitize_generation_data,293,199,0.6,NA
295,30,syllables,ifs,FALSE,20,elitize_generation_data,294,171,0.597,NA
296,30,syllables,ifs,FALSE,20,elitize_generation_data,295,179,0.633,NA
297,30,syllables,ifs,FALSE,20,elitize_generation_data,296,184,0.631,NA
298,30,syllables,ifs,FALSE,20,elitize_generation_data,297,165,0.607,NA
299,30,syllables,ifs,FALSE,20,elitize_generation_data,298,179,0.606,NA
300,30,syllables,ifs,FALSE,20,elitize_generation_data,299,182,0.623,NA
301,30,syllables,ifs,FALSE,20,elitize_generation_data,300,172,0.608,NA
