,run.num,problem,treatment,succeeded,height,normalization.function,generation,cluster.count,error.diversity,success.generation
1,54,syllables,ifs,FALSE,20,elitize_generation_data,0,3,0.28,NA
2,54,syllables,ifs,FALSE,20,elitize_generation_data,1,4,0.194,NA
3,54,syllables,ifs,FALSE,20,elitize_generation_data,2,5,0.208,NA
4,54,syllables,ifs,FALSE,20,elitize_generation_data,3,7,0.13,NA
5,54,syllables,ifs,FALSE,20,elitize_generation_data,4,8,0.106,NA
6,54,syllables,ifs,FALSE,20,elitize_generation_data,5,8,0.174,NA
7,54,syllables,ifs,FALSE,20,elitize_generation_data,6,9,0.167,NA
8,54,syllables,ifs,FALSE,20,elitize_generation_data,7,9,0.074,NA
9,54,syllables,ifs,FALSE,20,elitize_generation_data,8,10,0.052,NA
10,54,syllables,ifs,FALSE,20,elitize_generation_data,9,11,0.059,NA
11,54,syllables,ifs,FALSE,20,elitize_generation_data,10,10,0.054,NA
12,54,syllables,ifs,FALSE,20,elitize_generation_data,11,8,0.077,NA
13,54,syllables,ifs,FALSE,20,elitize_generation_data,12,8,0.078,NA
14,54,syllables,ifs,FALSE,20,elitize_generation_data,13,10,0.065,NA
15,54,syllables,ifs,FALSE,20,elitize_generation_data,14,10,0.058,NA
16,54,syllables,ifs,FALSE,20,elitize_generation_data,15,10,0.055,NA
17,54,syllables,ifs,FALSE,20,elitize_generation_data,16,8,0.051,NA
18,54,syllables,ifs,FALSE,20,elitize_generation_data,17,8,0.07,NA
19,54,syllables,ifs,FALSE,20,elitize_generation_data,18,8,0.052,NA
20,54,syllables,ifs,FALSE,20,elitize_generation_data,19,8,0.054,NA
21,54,syllables,ifs,FALSE,20,elitize_generation_data,20,9,0.05,NA
22,54,syllables,ifs,FALSE,20,elitize_generation_data,21,10,0.05,NA
23,54,syllables,ifs,FALSE,20,elitize_generation_data,22,10,0.059,NA
24,54,syllables,ifs,FALSE,20,elitize_generation_data,23,9,0.057,NA
25,54,syllables,ifs,FALSE,20,elitize_generation_data,24,10,0.063,NA
26,54,syllables,ifs,FALSE,20,elitize_generation_data,25,10,0.056,NA
27,54,syllables,ifs,FALSE,20,elitize_generation_data,26,10,0.064,NA
28,54,syllables,ifs,FALSE,20,elitize_generation_data,27,9,0.071,NA
29,54,syllables,ifs,FALSE,20,elitize_generation_data,28,9,0.062,NA
30,54,syllables,ifs,FALSE,20,elitize_generation_data,29,10,0.051,NA
31,54,syllables,ifs,FALSE,20,elitize_generation_data,30,8,0.06,NA
32,54,syllables,ifs,FALSE,20,elitize_generation_data,31,8,0.053,NA
33,54,syllables,ifs,FALSE,20,elitize_generation_data,32,6,0.052,NA
34,54,syllables,ifs,FALSE,20,elitize_generation_data,33,10,0.056,NA
35,54,syllables,ifs,FALSE,20,elitize_generation_data,34,10,0.06,NA
36,54,syllables,ifs,FALSE,20,elitize_generation_data,35,10,0.055,NA
37,54,syllables,ifs,FALSE,20,elitize_generation_data,36,9,0.058,NA
38,54,syllables,ifs,FALSE,20,elitize_generation_data,37,8,0.063,NA
39,54,syllables,ifs,FALSE,20,elitize_generation_data,38,10,0.058,NA
40,54,syllables,ifs,FALSE,20,elitize_generation_data,39,8,0.059,NA
41,54,syllables,ifs,FALSE,20,elitize_generation_data,40,10,0.047,NA
42,54,syllables,ifs,FALSE,20,elitize_generation_data,41,10,0.056,NA
43,54,syllables,ifs,FALSE,20,elitize_generation_data,42,7,0.054,NA
44,54,syllables,ifs,FALSE,20,elitize_generation_data,43,7,0.063,NA
45,54,syllables,ifs,FALSE,20,elitize_generation_data,44,8,0.045,NA
46,54,syllables,ifs,FALSE,20,elitize_generation_data,45,8,0.056,NA
47,54,syllables,ifs,FALSE,20,elitize_generation_data,46,7,0.049,NA
48,54,syllables,ifs,FALSE,20,elitize_generation_data,47,9,0.053,NA
49,54,syllables,ifs,FALSE,20,elitize_generation_data,48,10,0.053,NA
50,54,syllables,ifs,FALSE,20,elitize_generation_data,49,10,0.06,NA
51,54,syllables,ifs,FALSE,20,elitize_generation_data,50,7,0.055,NA
52,54,syllables,ifs,FALSE,20,elitize_generation_data,51,7,0.057,NA
53,54,syllables,ifs,FALSE,20,elitize_generation_data,52,8,0.045,NA
54,54,syllables,ifs,FALSE,20,elitize_generation_data,53,10,0.062,NA
55,54,syllables,ifs,FALSE,20,elitize_generation_data,54,8,0.055,NA
56,54,syllables,ifs,FALSE,20,elitize_generation_data,55,8,0.052,NA
57,54,syllables,ifs,FALSE,20,elitize_generation_data,56,10,0.059,NA
58,54,syllables,ifs,FALSE,20,elitize_generation_data,57,10,0.051,NA
59,54,syllables,ifs,FALSE,20,elitize_generation_data,58,10,0.052,NA
60,54,syllables,ifs,FALSE,20,elitize_generation_data,59,9,0.052,NA
61,54,syllables,ifs,FALSE,20,elitize_generation_data,60,8,0.051,NA
62,54,syllables,ifs,FALSE,20,elitize_generation_data,61,8,0.045,NA
63,54,syllables,ifs,FALSE,20,elitize_generation_data,62,6,0.046,NA
64,54,syllables,ifs,FALSE,20,elitize_generation_data,63,10,0.062,NA
65,54,syllables,ifs,FALSE,20,elitize_generation_data,64,8,0.051,NA
66,54,syllables,ifs,FALSE,20,elitize_generation_data,65,9,0.054,NA
67,54,syllables,ifs,FALSE,20,elitize_generation_data,66,8,0.052,NA
68,54,syllables,ifs,FALSE,20,elitize_generation_data,67,8,0.054,NA
69,54,syllables,ifs,FALSE,20,elitize_generation_data,68,8,0.056,NA
70,54,syllables,ifs,FALSE,20,elitize_generation_data,69,10,0.052,NA
71,54,syllables,ifs,FALSE,20,elitize_generation_data,70,10,0.06,NA
72,54,syllables,ifs,FALSE,20,elitize_generation_data,71,8,0.056,NA
73,54,syllables,ifs,FALSE,20,elitize_generation_data,72,10,0.05,NA
74,54,syllables,ifs,FALSE,20,elitize_generation_data,73,10,0.055,NA
75,54,syllables,ifs,FALSE,20,elitize_generation_data,74,10,0.051,NA
76,54,syllables,ifs,FALSE,20,elitize_generation_data,75,10,0.061,NA
77,54,syllables,ifs,FALSE,20,elitize_generation_data,76,7,0.056,NA
78,54,syllables,ifs,FALSE,20,elitize_generation_data,77,7,0.054,NA
79,54,syllables,ifs,FALSE,20,elitize_generation_data,78,7,0.046,NA
80,54,syllables,ifs,FALSE,20,elitize_generation_data,79,8,0.065,NA
81,54,syllables,ifs,FALSE,20,elitize_generation_data,80,6,0.056,NA
82,54,syllables,ifs,FALSE,20,elitize_generation_data,81,8,0.054,NA
83,54,syllables,ifs,FALSE,20,elitize_generation_data,82,7,0.053,NA
84,54,syllables,ifs,FALSE,20,elitize_generation_data,83,8,0.055,NA
85,54,syllables,ifs,FALSE,20,elitize_generation_data,84,10,0.053,NA
86,54,syllables,ifs,FALSE,20,elitize_generation_data,85,7,0.055,NA
87,54,syllables,ifs,FALSE,20,elitize_generation_data,86,10,0.066,NA
88,54,syllables,ifs,FALSE,20,elitize_generation_data,87,7,0.049,NA
89,54,syllables,ifs,FALSE,20,elitize_generation_data,88,7,0.051,NA
90,54,syllables,ifs,FALSE,20,elitize_generation_data,89,8,0.058,NA
91,54,syllables,ifs,FALSE,20,elitize_generation_data,90,8,0.06,NA
92,54,syllables,ifs,FALSE,20,elitize_generation_data,91,8,0.064,NA
93,54,syllables,ifs,FALSE,20,elitize_generation_data,92,8,0.047,NA
94,54,syllables,ifs,FALSE,20,elitize_generation_data,93,7,0.063,NA
95,54,syllables,ifs,FALSE,20,elitize_generation_data,94,10,0.052,NA
96,54,syllables,ifs,FALSE,20,elitize_generation_data,95,8,0.054,NA
97,54,syllables,ifs,FALSE,20,elitize_generation_data,96,9,0.053,NA
98,54,syllables,ifs,FALSE,20,elitize_generation_data,97,9,0.051,NA
99,54,syllables,ifs,FALSE,20,elitize_generation_data,98,8,0.039,NA
100,54,syllables,ifs,FALSE,20,elitize_generation_data,99,7,0.049,NA
101,54,syllables,ifs,FALSE,20,elitize_generation_data,100,8,0.05,NA
102,54,syllables,ifs,FALSE,20,elitize_generation_data,101,8,0.044,NA
103,54,syllables,ifs,FALSE,20,elitize_generation_data,102,8,0.043,NA
104,54,syllables,ifs,FALSE,20,elitize_generation_data,103,8,0.057,NA
105,54,syllables,ifs,FALSE,20,elitize_generation_data,104,10,0.047,NA
106,54,syllables,ifs,FALSE,20,elitize_generation_data,105,8,0.043,NA
107,54,syllables,ifs,FALSE,20,elitize_generation_data,106,7,0.055,NA
108,54,syllables,ifs,FALSE,20,elitize_generation_data,107,10,0.042,NA
109,54,syllables,ifs,FALSE,20,elitize_generation_data,108,8,0.044,NA
110,54,syllables,ifs,FALSE,20,elitize_generation_data,109,6,0.057,NA
111,54,syllables,ifs,FALSE,20,elitize_generation_data,110,8,0.057,NA
112,54,syllables,ifs,FALSE,20,elitize_generation_data,111,8,0.043,NA
113,54,syllables,ifs,FALSE,20,elitize_generation_data,112,8,0.051,NA
114,54,syllables,ifs,FALSE,20,elitize_generation_data,113,8,0.056,NA
115,54,syllables,ifs,FALSE,20,elitize_generation_data,114,8,0.047,NA
116,54,syllables,ifs,FALSE,20,elitize_generation_data,115,10,0.048,NA
117,54,syllables,ifs,FALSE,20,elitize_generation_data,116,7,0.053,NA
118,54,syllables,ifs,FALSE,20,elitize_generation_data,117,10,0.047,NA
119,54,syllables,ifs,FALSE,20,elitize_generation_data,118,9,0.043,NA
120,54,syllables,ifs,FALSE,20,elitize_generation_data,119,8,0.044,NA
121,54,syllables,ifs,FALSE,20,elitize_generation_data,120,10,0.048,NA
122,54,syllables,ifs,FALSE,20,elitize_generation_data,121,9,0.047,NA
123,54,syllables,ifs,FALSE,20,elitize_generation_data,122,10,0.043,NA
124,54,syllables,ifs,FALSE,20,elitize_generation_data,123,7,0.035,NA
125,54,syllables,ifs,FALSE,20,elitize_generation_data,124,8,0.044,NA
126,54,syllables,ifs,FALSE,20,elitize_generation_data,125,7,0.057,NA
127,54,syllables,ifs,FALSE,20,elitize_generation_data,126,8,0.045,NA
128,54,syllables,ifs,FALSE,20,elitize_generation_data,127,10,0.042,NA
129,54,syllables,ifs,FALSE,20,elitize_generation_data,128,9,0.047,NA
130,54,syllables,ifs,FALSE,20,elitize_generation_data,129,7,0.036,NA
131,54,syllables,ifs,FALSE,20,elitize_generation_data,130,9,0.046,NA
132,54,syllables,ifs,FALSE,20,elitize_generation_data,131,10,0.038,NA
133,54,syllables,ifs,FALSE,20,elitize_generation_data,132,8,0.038,NA
134,54,syllables,ifs,FALSE,20,elitize_generation_data,133,10,0.051,NA
135,54,syllables,ifs,FALSE,20,elitize_generation_data,134,8,0.042,NA
136,54,syllables,ifs,FALSE,20,elitize_generation_data,135,7,0.042,NA
137,54,syllables,ifs,FALSE,20,elitize_generation_data,136,9,0.038,NA
138,54,syllables,ifs,FALSE,20,elitize_generation_data,137,8,0.047,NA
139,54,syllables,ifs,FALSE,20,elitize_generation_data,138,6,0.043,NA
140,54,syllables,ifs,FALSE,20,elitize_generation_data,139,8,0.039,NA
141,54,syllables,ifs,FALSE,20,elitize_generation_data,140,9,0.047,NA
142,54,syllables,ifs,FALSE,20,elitize_generation_data,141,8,0.044,NA
143,54,syllables,ifs,FALSE,20,elitize_generation_data,142,10,0.049,NA
144,54,syllables,ifs,FALSE,20,elitize_generation_data,143,10,0.046,NA
145,54,syllables,ifs,FALSE,20,elitize_generation_data,144,8,0.041,NA
146,54,syllables,ifs,FALSE,20,elitize_generation_data,145,9,0.04,NA
147,54,syllables,ifs,FALSE,20,elitize_generation_data,146,8,0.046,NA
148,54,syllables,ifs,FALSE,20,elitize_generation_data,147,9,0.041,NA
149,54,syllables,ifs,FALSE,20,elitize_generation_data,148,7,0.045,NA
150,54,syllables,ifs,FALSE,20,elitize_generation_data,149,8,0.047,NA
151,54,syllables,ifs,FALSE,20,elitize_generation_data,150,10,0.044,NA
152,54,syllables,ifs,FALSE,20,elitize_generation_data,151,8,0.048,NA
153,54,syllables,ifs,FALSE,20,elitize_generation_data,152,9,0.044,NA
154,54,syllables,ifs,FALSE,20,elitize_generation_data,153,8,0.051,NA
155,54,syllables,ifs,FALSE,20,elitize_generation_data,154,7,0.038,NA
156,54,syllables,ifs,FALSE,20,elitize_generation_data,155,9,0.046,NA
157,54,syllables,ifs,FALSE,20,elitize_generation_data,156,8,0.039,NA
158,54,syllables,ifs,FALSE,20,elitize_generation_data,157,10,0.042,NA
159,54,syllables,ifs,FALSE,20,elitize_generation_data,158,9,0.04,NA
160,54,syllables,ifs,FALSE,20,elitize_generation_data,159,8,0.038,NA
161,54,syllables,ifs,FALSE,20,elitize_generation_data,160,8,0.042,NA
162,54,syllables,ifs,FALSE,20,elitize_generation_data,161,7,0.038,NA
163,54,syllables,ifs,FALSE,20,elitize_generation_data,162,8,0.037,NA
164,54,syllables,ifs,FALSE,20,elitize_generation_data,163,10,0.037,NA
165,54,syllables,ifs,FALSE,20,elitize_generation_data,164,7,0.035,NA
166,54,syllables,ifs,FALSE,20,elitize_generation_data,165,8,0.05,NA
167,54,syllables,ifs,FALSE,20,elitize_generation_data,166,9,0.051,NA
168,54,syllables,ifs,FALSE,20,elitize_generation_data,167,8,0.035,NA
169,54,syllables,ifs,FALSE,20,elitize_generation_data,168,10,0.049,NA
170,54,syllables,ifs,FALSE,20,elitize_generation_data,169,10,0.033,NA
171,54,syllables,ifs,FALSE,20,elitize_generation_data,170,8,0.054,NA
172,54,syllables,ifs,FALSE,20,elitize_generation_data,171,9,0.053,NA
173,54,syllables,ifs,FALSE,20,elitize_generation_data,172,9,0.046,NA
174,54,syllables,ifs,FALSE,20,elitize_generation_data,173,9,0.041,NA
175,54,syllables,ifs,FALSE,20,elitize_generation_data,174,9,0.039,NA
176,54,syllables,ifs,FALSE,20,elitize_generation_data,175,8,0.045,NA
177,54,syllables,ifs,FALSE,20,elitize_generation_data,176,8,0.04,NA
178,54,syllables,ifs,FALSE,20,elitize_generation_data,177,8,0.044,NA
179,54,syllables,ifs,FALSE,20,elitize_generation_data,178,10,0.046,NA
180,54,syllables,ifs,FALSE,20,elitize_generation_data,179,9,0.039,NA
181,54,syllables,ifs,FALSE,20,elitize_generation_data,180,9,0.039,NA
182,54,syllables,ifs,FALSE,20,elitize_generation_data,181,7,0.043,NA
183,54,syllables,ifs,FALSE,20,elitize_generation_data,182,7,0.038,NA
184,54,syllables,ifs,FALSE,20,elitize_generation_data,183,8,0.042,NA
185,54,syllables,ifs,FALSE,20,elitize_generation_data,184,8,0.042,NA
186,54,syllables,ifs,FALSE,20,elitize_generation_data,185,10,0.048,NA
187,54,syllables,ifs,FALSE,20,elitize_generation_data,186,9,0.036,NA
188,54,syllables,ifs,FALSE,20,elitize_generation_data,187,10,0.036,NA
189,54,syllables,ifs,FALSE,20,elitize_generation_data,188,10,0.043,NA
190,54,syllables,ifs,FALSE,20,elitize_generation_data,189,9,0.044,NA
191,54,syllables,ifs,FALSE,20,elitize_generation_data,190,8,0.045,NA
192,54,syllables,ifs,FALSE,20,elitize_generation_data,191,9,0.035,NA
193,54,syllables,ifs,FALSE,20,elitize_generation_data,192,8,0.043,NA
194,54,syllables,ifs,FALSE,20,elitize_generation_data,193,8,0.041,NA
195,54,syllables,ifs,FALSE,20,elitize_generation_data,194,8,0.04,NA
196,54,syllables,ifs,FALSE,20,elitize_generation_data,195,10,0.037,NA
197,54,syllables,ifs,FALSE,20,elitize_generation_data,196,10,0.037,NA
198,54,syllables,ifs,FALSE,20,elitize_generation_data,197,10,0.048,NA
199,54,syllables,ifs,FALSE,20,elitize_generation_data,198,9,0.032,NA
200,54,syllables,ifs,FALSE,20,elitize_generation_data,199,10,0.035,NA
201,54,syllables,ifs,FALSE,20,elitize_generation_data,200,7,0.031,NA
202,54,syllables,ifs,FALSE,20,elitize_generation_data,201,7,0.048,NA
203,54,syllables,ifs,FALSE,20,elitize_generation_data,202,8,0.053,NA
204,54,syllables,ifs,FALSE,20,elitize_generation_data,203,8,0.039,NA
205,54,syllables,ifs,FALSE,20,elitize_generation_data,204,10,0.047,NA
206,54,syllables,ifs,FALSE,20,elitize_generation_data,205,10,0.038,NA
207,54,syllables,ifs,FALSE,20,elitize_generation_data,206,9,0.039,NA
208,54,syllables,ifs,FALSE,20,elitize_generation_data,207,10,0.042,NA
209,54,syllables,ifs,FALSE,20,elitize_generation_data,208,7,0.036,NA
210,54,syllables,ifs,FALSE,20,elitize_generation_data,209,10,0.042,NA
211,54,syllables,ifs,FALSE,20,elitize_generation_data,210,10,0.04,NA
212,54,syllables,ifs,FALSE,20,elitize_generation_data,211,9,0.036,NA
213,54,syllables,ifs,FALSE,20,elitize_generation_data,212,10,0.04,NA
214,54,syllables,ifs,FALSE,20,elitize_generation_data,213,8,0.032,NA
215,54,syllables,ifs,FALSE,20,elitize_generation_data,214,10,0.034,NA
216,54,syllables,ifs,FALSE,20,elitize_generation_data,215,9,0.038,NA
217,54,syllables,ifs,FALSE,20,elitize_generation_data,216,7,0.035,NA
218,54,syllables,ifs,FALSE,20,elitize_generation_data,217,9,0.044,NA
219,54,syllables,ifs,FALSE,20,elitize_generation_data,218,10,0.038,NA
220,54,syllables,ifs,FALSE,20,elitize_generation_data,219,10,0.03,NA
221,54,syllables,ifs,FALSE,20,elitize_generation_data,220,8,0.035,NA
222,54,syllables,ifs,FALSE,20,elitize_generation_data,221,9,0.033,NA
223,54,syllables,ifs,FALSE,20,elitize_generation_data,222,8,0.037,NA
224,54,syllables,ifs,FALSE,20,elitize_generation_data,223,10,0.041,NA
225,54,syllables,ifs,FALSE,20,elitize_generation_data,224,7,0.039,NA
226,54,syllables,ifs,FALSE,20,elitize_generation_data,225,8,0.044,NA
227,54,syllables,ifs,FALSE,20,elitize_generation_data,226,10,0.032,NA
228,54,syllables,ifs,FALSE,20,elitize_generation_data,227,10,0.035,NA
229,54,syllables,ifs,FALSE,20,elitize_generation_data,228,8,0.042,NA
230,54,syllables,ifs,FALSE,20,elitize_generation_data,229,9,0.038,NA
231,54,syllables,ifs,FALSE,20,elitize_generation_data,230,10,0.036,NA
232,54,syllables,ifs,FALSE,20,elitize_generation_data,231,10,0.039,NA
233,54,syllables,ifs,FALSE,20,elitize_generation_data,232,8,0.038,NA
234,54,syllables,ifs,FALSE,20,elitize_generation_data,233,8,0.04,NA
235,54,syllables,ifs,FALSE,20,elitize_generation_data,234,8,0.037,NA
236,54,syllables,ifs,FALSE,20,elitize_generation_data,235,10,0.035,NA
237,54,syllables,ifs,FALSE,20,elitize_generation_data,236,10,0.037,NA
238,54,syllables,ifs,FALSE,20,elitize_generation_data,237,8,0.045,NA
239,54,syllables,ifs,FALSE,20,elitize_generation_data,238,9,0.031,NA
240,54,syllables,ifs,FALSE,20,elitize_generation_data,239,10,0.03,NA
241,54,syllables,ifs,FALSE,20,elitize_generation_data,240,10,0.037,NA
242,54,syllables,ifs,FALSE,20,elitize_generation_data,241,8,0.038,NA
243,54,syllables,ifs,FALSE,20,elitize_generation_data,242,10,0.044,NA
244,54,syllables,ifs,FALSE,20,elitize_generation_data,243,10,0.031,NA
245,54,syllables,ifs,FALSE,20,elitize_generation_data,244,8,0.041,NA
246,54,syllables,ifs,FALSE,20,elitize_generation_data,245,8,0.025,NA
247,54,syllables,ifs,FALSE,20,elitize_generation_data,246,10,0.037,NA
248,54,syllables,ifs,FALSE,20,elitize_generation_data,247,10,0.033,NA
249,54,syllables,ifs,FALSE,20,elitize_generation_data,248,8,0.038,NA
250,54,syllables,ifs,FALSE,20,elitize_generation_data,249,10,0.04,NA
251,54,syllables,ifs,FALSE,20,elitize_generation_data,250,10,0.034,NA
252,54,syllables,ifs,FALSE,20,elitize_generation_data,251,9,0.044,NA
253,54,syllables,ifs,FALSE,20,elitize_generation_data,252,8,0.044,NA
254,54,syllables,ifs,FALSE,20,elitize_generation_data,253,9,0.031,NA
255,54,syllables,ifs,FALSE,20,elitize_generation_data,254,10,0.037,NA
256,54,syllables,ifs,FALSE,20,elitize_generation_data,255,10,0.033,NA
257,54,syllables,ifs,FALSE,20,elitize_generation_data,256,7,0.042,NA
258,54,syllables,ifs,FALSE,20,elitize_generation_data,257,8,0.033,NA
259,54,syllables,ifs,FALSE,20,elitize_generation_data,258,10,0.034,NA
260,54,syllables,ifs,FALSE,20,elitize_generation_data,259,8,0.036,NA
261,54,syllables,ifs,FALSE,20,elitize_generation_data,260,10,0.034,NA
262,54,syllables,ifs,FALSE,20,elitize_generation_data,261,10,0.042,NA
263,54,syllables,ifs,FALSE,20,elitize_generation_data,262,9,0.032,NA
264,54,syllables,ifs,FALSE,20,elitize_generation_data,263,8,0.037,NA
265,54,syllables,ifs,FALSE,20,elitize_generation_data,264,7,0.038,NA
266,54,syllables,ifs,FALSE,20,elitize_generation_data,265,10,0.034,NA
267,54,syllables,ifs,FALSE,20,elitize_generation_data,266,9,0.039,NA
268,54,syllables,ifs,FALSE,20,elitize_generation_data,267,8,0.04,NA
269,54,syllables,ifs,FALSE,20,elitize_generation_data,268,10,0.038,NA
270,54,syllables,ifs,FALSE,20,elitize_generation_data,269,8,0.04,NA
271,54,syllables,ifs,FALSE,20,elitize_generation_data,270,9,0.031,NA
272,54,syllables,ifs,FALSE,20,elitize_generation_data,271,10,0.037,NA
273,54,syllables,ifs,FALSE,20,elitize_generation_data,272,8,0.042,NA
274,54,syllables,ifs,FALSE,20,elitize_generation_data,273,9,0.033,NA
275,54,syllables,ifs,FALSE,20,elitize_generation_data,274,10,0.039,NA
276,54,syllables,ifs,FALSE,20,elitize_generation_data,275,8,0.03,NA
277,54,syllables,ifs,FALSE,20,elitize_generation_data,276,9,0.037,NA
278,54,syllables,ifs,FALSE,20,elitize_generation_data,277,9,0.028,NA
279,54,syllables,ifs,FALSE,20,elitize_generation_data,278,10,0.035,NA
280,54,syllables,ifs,FALSE,20,elitize_generation_data,279,10,0.034,NA
281,54,syllables,ifs,FALSE,20,elitize_generation_data,280,10,0.035,NA
282,54,syllables,ifs,FALSE,20,elitize_generation_data,281,10,0.036,NA
283,54,syllables,ifs,FALSE,20,elitize_generation_data,282,8,0.032,NA
284,54,syllables,ifs,FALSE,20,elitize_generation_data,283,10,0.041,NA
285,54,syllables,ifs,FALSE,20,elitize_generation_data,284,7,0.035,NA
286,54,syllables,ifs,FALSE,20,elitize_generation_data,285,9,0.037,NA
287,54,syllables,ifs,FALSE,20,elitize_generation_data,286,7,0.028,NA
288,54,syllables,ifs,FALSE,20,elitize_generation_data,287,10,0.035,NA
289,54,syllables,ifs,FALSE,20,elitize_generation_data,288,10,0.032,NA
290,54,syllables,ifs,FALSE,20,elitize_generation_data,289,8,0.032,NA
291,54,syllables,ifs,FALSE,20,elitize_generation_data,290,7,0.033,NA
292,54,syllables,ifs,FALSE,20,elitize_generation_data,291,8,0.041,NA
293,54,syllables,ifs,FALSE,20,elitize_generation_data,292,9,0.034,NA
294,54,syllables,ifs,FALSE,20,elitize_generation_data,293,8,0.03,NA
295,54,syllables,ifs,FALSE,20,elitize_generation_data,294,7,0.031,NA
296,54,syllables,ifs,FALSE,20,elitize_generation_data,295,9,0.034,NA
297,54,syllables,ifs,FALSE,20,elitize_generation_data,296,7,0.04,NA
298,54,syllables,ifs,FALSE,20,elitize_generation_data,297,7,0.027,NA
299,54,syllables,ifs,FALSE,20,elitize_generation_data,298,10,0.028,NA
300,54,syllables,ifs,FALSE,20,elitize_generation_data,299,9,0.028,NA
301,54,syllables,ifs,FALSE,20,elitize_generation_data,300,10,0.031,NA
