,run.num,problem,treatment,succeeded,height,normalization.function,generation,cluster.count,error.diversity,success.generation
1,9,syllables,ifs,FALSE,20,elitize_generation_data,0,4,0.276,NA
2,9,syllables,ifs,FALSE,20,elitize_generation_data,1,4,0.188,NA
3,9,syllables,ifs,FALSE,20,elitize_generation_data,2,4,0.213,NA
4,9,syllables,ifs,FALSE,20,elitize_generation_data,3,5,0.11,NA
5,9,syllables,ifs,FALSE,20,elitize_generation_data,4,5,0.136,NA
6,9,syllables,ifs,FALSE,20,elitize_generation_data,5,6,0.192,NA
7,9,syllables,ifs,FALSE,20,elitize_generation_data,6,8,0.272,NA
8,9,syllables,ifs,FALSE,20,elitize_generation_data,7,7,0.405,NA
9,9,syllables,ifs,FALSE,20,elitize_generation_data,8,8,0.457,NA
10,9,syllables,ifs,FALSE,20,elitize_generation_data,9,11,0.349,NA
11,9,syllables,ifs,FALSE,20,elitize_generation_data,10,9,0.202,NA
12,9,syllables,ifs,FALSE,20,elitize_generation_data,11,12,0.176,NA
13,9,syllables,ifs,FALSE,20,elitize_generation_data,12,9,0.2,NA
14,9,syllables,ifs,FALSE,20,elitize_generation_data,13,12,0.212,NA
15,9,syllables,ifs,FALSE,20,elitize_generation_data,14,15,0.207,NA
16,9,syllables,ifs,FALSE,20,elitize_generation_data,15,15,0.197,NA
17,9,syllables,ifs,FALSE,20,elitize_generation_data,16,15,0.216,NA
18,9,syllables,ifs,FALSE,20,elitize_generation_data,17,19,0.206,NA
19,9,syllables,ifs,FALSE,20,elitize_generation_data,18,14,0.235,NA
20,9,syllables,ifs,FALSE,20,elitize_generation_data,19,16,0.215,NA
21,9,syllables,ifs,FALSE,20,elitize_generation_data,20,22,0.207,NA
22,9,syllables,ifs,FALSE,20,elitize_generation_data,21,20,0.221,NA
23,9,syllables,ifs,FALSE,20,elitize_generation_data,22,20,0.222,NA
24,9,syllables,ifs,FALSE,20,elitize_generation_data,23,25,0.24,NA
25,9,syllables,ifs,FALSE,20,elitize_generation_data,24,25,0.26,NA
26,9,syllables,ifs,FALSE,20,elitize_generation_data,25,24,0.263,NA
27,9,syllables,ifs,FALSE,20,elitize_generation_data,26,22,0.282,NA
28,9,syllables,ifs,FALSE,20,elitize_generation_data,27,19,0.268,NA
29,9,syllables,ifs,FALSE,20,elitize_generation_data,28,23,0.303,NA
30,9,syllables,ifs,FALSE,20,elitize_generation_data,29,19,0.28,NA
31,9,syllables,ifs,FALSE,20,elitize_generation_data,30,28,0.332,NA
32,9,syllables,ifs,FALSE,20,elitize_generation_data,31,30,0.333,NA
33,9,syllables,ifs,FALSE,20,elitize_generation_data,32,25,0.337,NA
34,9,syllables,ifs,FALSE,20,elitize_generation_data,33,26,0.337,NA
35,9,syllables,ifs,FALSE,20,elitize_generation_data,34,29,0.35,NA
36,9,syllables,ifs,FALSE,20,elitize_generation_data,35,31,0.344,NA
37,9,syllables,ifs,FALSE,20,elitize_generation_data,36,25,0.365,NA
38,9,syllables,ifs,FALSE,20,elitize_generation_data,37,23,0.332,NA
39,9,syllables,ifs,FALSE,20,elitize_generation_data,38,29,0.319,NA
40,9,syllables,ifs,FALSE,20,elitize_generation_data,39,30,0.329,NA
41,9,syllables,ifs,FALSE,20,elitize_generation_data,40,31,0.366,NA
42,9,syllables,ifs,FALSE,20,elitize_generation_data,41,33,0.372,NA
43,9,syllables,ifs,FALSE,20,elitize_generation_data,42,36,0.397,NA
44,9,syllables,ifs,FALSE,20,elitize_generation_data,43,39,0.401,NA
45,9,syllables,ifs,FALSE,20,elitize_generation_data,44,29,0.392,NA
46,9,syllables,ifs,FALSE,20,elitize_generation_data,45,40,0.392,NA
47,9,syllables,ifs,FALSE,20,elitize_generation_data,46,27,0.353,NA
48,9,syllables,ifs,FALSE,20,elitize_generation_data,47,28,0.338,NA
49,9,syllables,ifs,FALSE,20,elitize_generation_data,48,29,0.328,NA
50,9,syllables,ifs,FALSE,20,elitize_generation_data,49,30,0.339,NA
51,9,syllables,ifs,FALSE,20,elitize_generation_data,50,32,0.347,NA
52,9,syllables,ifs,FALSE,20,elitize_generation_data,51,31,0.34,NA
53,9,syllables,ifs,FALSE,20,elitize_generation_data,52,33,0.349,NA
54,9,syllables,ifs,FALSE,20,elitize_generation_data,53,28,0.344,NA
55,9,syllables,ifs,FALSE,20,elitize_generation_data,54,35,0.346,NA
56,9,syllables,ifs,FALSE,20,elitize_generation_data,55,30,0.303,NA
57,9,syllables,ifs,FALSE,20,elitize_generation_data,56,30,0.343,NA
58,9,syllables,ifs,FALSE,20,elitize_generation_data,57,30,0.365,NA
59,9,syllables,ifs,FALSE,20,elitize_generation_data,58,25,0.36,NA
60,9,syllables,ifs,FALSE,20,elitize_generation_data,59,32,0.363,NA
61,9,syllables,ifs,FALSE,20,elitize_generation_data,60,31,0.383,NA
62,9,syllables,ifs,FALSE,20,elitize_generation_data,61,33,0.382,NA
63,9,syllables,ifs,FALSE,20,elitize_generation_data,62,31,0.411,NA
64,9,syllables,ifs,FALSE,20,elitize_generation_data,63,35,0.396,NA
65,9,syllables,ifs,FALSE,20,elitize_generation_data,64,32,0.427,NA
66,9,syllables,ifs,FALSE,20,elitize_generation_data,65,37,0.417,NA
67,9,syllables,ifs,FALSE,20,elitize_generation_data,66,36,0.442,NA
68,9,syllables,ifs,FALSE,20,elitize_generation_data,67,34,0.427,NA
69,9,syllables,ifs,FALSE,20,elitize_generation_data,68,32,0.453,NA
70,9,syllables,ifs,FALSE,20,elitize_generation_data,69,28,0.46,NA
71,9,syllables,ifs,FALSE,20,elitize_generation_data,70,33,0.464,NA
72,9,syllables,ifs,FALSE,20,elitize_generation_data,71,30,0.448,NA
73,9,syllables,ifs,FALSE,20,elitize_generation_data,72,40,0.482,NA
74,9,syllables,ifs,FALSE,20,elitize_generation_data,73,34,0.49,NA
75,9,syllables,ifs,FALSE,20,elitize_generation_data,74,38,0.507,NA
76,9,syllables,ifs,FALSE,20,elitize_generation_data,75,39,0.484,NA
77,9,syllables,ifs,FALSE,20,elitize_generation_data,76,33,0.534,NA
78,9,syllables,ifs,FALSE,20,elitize_generation_data,77,34,0.535,NA
79,9,syllables,ifs,FALSE,20,elitize_generation_data,78,38,0.538,NA
80,9,syllables,ifs,FALSE,20,elitize_generation_data,79,41,0.552,NA
81,9,syllables,ifs,FALSE,20,elitize_generation_data,80,37,0.554,NA
82,9,syllables,ifs,FALSE,20,elitize_generation_data,81,34,0.543,NA
83,9,syllables,ifs,FALSE,20,elitize_generation_data,82,39,0.546,NA
84,9,syllables,ifs,FALSE,20,elitize_generation_data,83,45,0.513,NA
85,9,syllables,ifs,FALSE,20,elitize_generation_data,84,45,0.507,NA
86,9,syllables,ifs,FALSE,20,elitize_generation_data,85,40,0.496,NA
87,9,syllables,ifs,FALSE,20,elitize_generation_data,86,38,0.474,NA
88,9,syllables,ifs,FALSE,20,elitize_generation_data,87,42,0.461,NA
89,9,syllables,ifs,FALSE,20,elitize_generation_data,88,52,0.485,NA
90,9,syllables,ifs,FALSE,20,elitize_generation_data,89,54,0.526,NA
91,9,syllables,ifs,FALSE,20,elitize_generation_data,90,48,0.502,NA
92,9,syllables,ifs,FALSE,20,elitize_generation_data,91,50,0.479,NA
93,9,syllables,ifs,FALSE,20,elitize_generation_data,92,47,0.501,NA
94,9,syllables,ifs,FALSE,20,elitize_generation_data,93,49,0.492,NA
95,9,syllables,ifs,FALSE,20,elitize_generation_data,94,53,0.479,NA
96,9,syllables,ifs,FALSE,20,elitize_generation_data,95,51,0.483,NA
97,9,syllables,ifs,FALSE,20,elitize_generation_data,96,48,0.465,NA
98,9,syllables,ifs,FALSE,20,elitize_generation_data,97,62,0.467,NA
99,9,syllables,ifs,FALSE,20,elitize_generation_data,98,53,0.429,NA
100,9,syllables,ifs,FALSE,20,elitize_generation_data,99,45,0.439,NA
101,9,syllables,ifs,FALSE,20,elitize_generation_data,100,48,0.419,NA
102,9,syllables,ifs,FALSE,20,elitize_generation_data,101,48,0.413,NA
103,9,syllables,ifs,FALSE,20,elitize_generation_data,102,52,0.421,NA
104,9,syllables,ifs,FALSE,20,elitize_generation_data,103,57,0.479,NA
105,9,syllables,ifs,FALSE,20,elitize_generation_data,104,57,0.481,NA
106,9,syllables,ifs,FALSE,20,elitize_generation_data,105,59,0.491,NA
107,9,syllables,ifs,FALSE,20,elitize_generation_data,106,53,0.469,NA
108,9,syllables,ifs,FALSE,20,elitize_generation_data,107,57,0.485,NA
109,9,syllables,ifs,FALSE,20,elitize_generation_data,108,56,0.467,NA
110,9,syllables,ifs,FALSE,20,elitize_generation_data,109,54,0.474,NA
111,9,syllables,ifs,FALSE,20,elitize_generation_data,110,52,0.465,NA
112,9,syllables,ifs,FALSE,20,elitize_generation_data,111,48,0.457,NA
113,9,syllables,ifs,FALSE,20,elitize_generation_data,112,48,0.444,NA
114,9,syllables,ifs,FALSE,20,elitize_generation_data,113,54,0.417,NA
115,9,syllables,ifs,FALSE,20,elitize_generation_data,114,54,0.44,NA
116,9,syllables,ifs,FALSE,20,elitize_generation_data,115,50,0.432,NA
117,9,syllables,ifs,FALSE,20,elitize_generation_data,116,40,0.396,NA
118,9,syllables,ifs,FALSE,20,elitize_generation_data,117,47,0.416,NA
119,9,syllables,ifs,FALSE,20,elitize_generation_data,118,50,0.417,NA
120,9,syllables,ifs,FALSE,20,elitize_generation_data,119,53,0.439,NA
121,9,syllables,ifs,FALSE,20,elitize_generation_data,120,52,0.434,NA
122,9,syllables,ifs,FALSE,20,elitize_generation_data,121,52,0.454,NA
123,9,syllables,ifs,FALSE,20,elitize_generation_data,122,55,0.42,NA
124,9,syllables,ifs,FALSE,20,elitize_generation_data,123,51,0.432,NA
125,9,syllables,ifs,FALSE,20,elitize_generation_data,124,51,0.449,NA
126,9,syllables,ifs,FALSE,20,elitize_generation_data,125,47,0.464,NA
127,9,syllables,ifs,FALSE,20,elitize_generation_data,126,43,0.455,NA
128,9,syllables,ifs,FALSE,20,elitize_generation_data,127,45,0.468,NA
129,9,syllables,ifs,FALSE,20,elitize_generation_data,128,48,0.476,NA
130,9,syllables,ifs,FALSE,20,elitize_generation_data,129,48,0.506,NA
131,9,syllables,ifs,FALSE,20,elitize_generation_data,130,57,0.512,NA
132,9,syllables,ifs,FALSE,20,elitize_generation_data,131,54,0.524,NA
133,9,syllables,ifs,FALSE,20,elitize_generation_data,132,53,0.554,NA
134,9,syllables,ifs,FALSE,20,elitize_generation_data,133,53,0.507,NA
135,9,syllables,ifs,FALSE,20,elitize_generation_data,134,42,0.552,NA
136,9,syllables,ifs,FALSE,20,elitize_generation_data,135,48,0.539,NA
137,9,syllables,ifs,FALSE,20,elitize_generation_data,136,51,0.558,NA
138,9,syllables,ifs,FALSE,20,elitize_generation_data,137,52,0.548,NA
139,9,syllables,ifs,FALSE,20,elitize_generation_data,138,54,0.554,NA
140,9,syllables,ifs,FALSE,20,elitize_generation_data,139,55,0.61,NA
141,9,syllables,ifs,FALSE,20,elitize_generation_data,140,50,0.578,NA
142,9,syllables,ifs,FALSE,20,elitize_generation_data,141,46,0.562,NA
143,9,syllables,ifs,FALSE,20,elitize_generation_data,142,51,0.562,NA
144,9,syllables,ifs,FALSE,20,elitize_generation_data,143,51,0.596,NA
145,9,syllables,ifs,FALSE,20,elitize_generation_data,144,59,0.556,NA
146,9,syllables,ifs,FALSE,20,elitize_generation_data,145,56,0.582,NA
147,9,syllables,ifs,FALSE,20,elitize_generation_data,146,54,0.567,NA
148,9,syllables,ifs,FALSE,20,elitize_generation_data,147,49,0.567,NA
149,9,syllables,ifs,FALSE,20,elitize_generation_data,148,47,0.557,NA
150,9,syllables,ifs,FALSE,20,elitize_generation_data,149,49,0.562,NA
151,9,syllables,ifs,FALSE,20,elitize_generation_data,150,54,0.562,NA
152,9,syllables,ifs,FALSE,20,elitize_generation_data,151,52,0.546,NA
153,9,syllables,ifs,FALSE,20,elitize_generation_data,152,58,0.565,NA
154,9,syllables,ifs,FALSE,20,elitize_generation_data,153,53,0.602,NA
155,9,syllables,ifs,FALSE,20,elitize_generation_data,154,57,0.634,NA
156,9,syllables,ifs,FALSE,20,elitize_generation_data,155,52,0.625,NA
157,9,syllables,ifs,FALSE,20,elitize_generation_data,156,48,0.596,NA
158,9,syllables,ifs,FALSE,20,elitize_generation_data,157,53,0.581,NA
159,9,syllables,ifs,FALSE,20,elitize_generation_data,158,48,0.569,NA
160,9,syllables,ifs,FALSE,20,elitize_generation_data,159,51,0.586,NA
161,9,syllables,ifs,FALSE,20,elitize_generation_data,160,55,0.584,NA
162,9,syllables,ifs,FALSE,20,elitize_generation_data,161,48,0.551,NA
163,9,syllables,ifs,FALSE,20,elitize_generation_data,162,47,0.56,NA
164,9,syllables,ifs,FALSE,20,elitize_generation_data,163,56,0.576,NA
165,9,syllables,ifs,FALSE,20,elitize_generation_data,164,47,0.593,NA
166,9,syllables,ifs,FALSE,20,elitize_generation_data,165,54,0.577,NA
167,9,syllables,ifs,FALSE,20,elitize_generation_data,166,54,0.575,NA
168,9,syllables,ifs,FALSE,20,elitize_generation_data,167,51,0.548,NA
169,9,syllables,ifs,FALSE,20,elitize_generation_data,168,50,0.567,NA
170,9,syllables,ifs,FALSE,20,elitize_generation_data,169,53,0.552,NA
171,9,syllables,ifs,FALSE,20,elitize_generation_data,170,53,0.553,NA
172,9,syllables,ifs,FALSE,20,elitize_generation_data,171,53,0.557,NA
173,9,syllables,ifs,FALSE,20,elitize_generation_data,172,53,0.558,NA
174,9,syllables,ifs,FALSE,20,elitize_generation_data,173,51,0.578,NA
175,9,syllables,ifs,FALSE,20,elitize_generation_data,174,56,0.584,NA
176,9,syllables,ifs,FALSE,20,elitize_generation_data,175,51,0.594,NA
177,9,syllables,ifs,FALSE,20,elitize_generation_data,176,58,0.596,NA
178,9,syllables,ifs,FALSE,20,elitize_generation_data,177,57,0.634,NA
179,9,syllables,ifs,FALSE,20,elitize_generation_data,178,58,0.598,NA
180,9,syllables,ifs,FALSE,20,elitize_generation_data,179,58,0.6,NA
181,9,syllables,ifs,FALSE,20,elitize_generation_data,180,52,0.569,NA
182,9,syllables,ifs,FALSE,20,elitize_generation_data,181,45,0.574,NA
183,9,syllables,ifs,FALSE,20,elitize_generation_data,182,56,0.568,NA
184,9,syllables,ifs,FALSE,20,elitize_generation_data,183,52,0.581,NA
185,9,syllables,ifs,FALSE,20,elitize_generation_data,184,57,0.579,NA
186,9,syllables,ifs,FALSE,20,elitize_generation_data,185,63,0.577,NA
187,9,syllables,ifs,FALSE,20,elitize_generation_data,186,51,0.588,NA
188,9,syllables,ifs,FALSE,20,elitize_generation_data,187,49,0.542,NA
189,9,syllables,ifs,FALSE,20,elitize_generation_data,188,51,0.569,NA
190,9,syllables,ifs,FALSE,20,elitize_generation_data,189,49,0.552,NA
191,9,syllables,ifs,FALSE,20,elitize_generation_data,190,50,0.57,NA
192,9,syllables,ifs,FALSE,20,elitize_generation_data,191,54,0.552,NA
193,9,syllables,ifs,FALSE,20,elitize_generation_data,192,57,0.532,NA
194,9,syllables,ifs,FALSE,20,elitize_generation_data,193,47,0.575,NA
195,9,syllables,ifs,FALSE,20,elitize_generation_data,194,51,0.535,NA
196,9,syllables,ifs,FALSE,20,elitize_generation_data,195,54,0.553,NA
197,9,syllables,ifs,FALSE,20,elitize_generation_data,196,49,0.554,NA
198,9,syllables,ifs,FALSE,20,elitize_generation_data,197,48,0.532,NA
199,9,syllables,ifs,FALSE,20,elitize_generation_data,198,47,0.568,NA
200,9,syllables,ifs,FALSE,20,elitize_generation_data,199,43,0.575,NA
201,9,syllables,ifs,FALSE,20,elitize_generation_data,200,49,0.562,NA
202,9,syllables,ifs,FALSE,20,elitize_generation_data,201,45,0.572,NA
203,9,syllables,ifs,FALSE,20,elitize_generation_data,202,47,0.571,NA
204,9,syllables,ifs,FALSE,20,elitize_generation_data,203,54,0.593,NA
205,9,syllables,ifs,FALSE,20,elitize_generation_data,204,51,0.575,NA
206,9,syllables,ifs,FALSE,20,elitize_generation_data,205,44,0.582,NA
207,9,syllables,ifs,FALSE,20,elitize_generation_data,206,54,0.579,NA
208,9,syllables,ifs,FALSE,20,elitize_generation_data,207,53,0.581,NA
209,9,syllables,ifs,FALSE,20,elitize_generation_data,208,53,0.585,NA
210,9,syllables,ifs,FALSE,20,elitize_generation_data,209,49,0.57,NA
211,9,syllables,ifs,FALSE,20,elitize_generation_data,210,46,0.572,NA
212,9,syllables,ifs,FALSE,20,elitize_generation_data,211,53,0.551,NA
213,9,syllables,ifs,FALSE,20,elitize_generation_data,212,50,0.541,NA
214,9,syllables,ifs,FALSE,20,elitize_generation_data,213,57,0.561,NA
215,9,syllables,ifs,FALSE,20,elitize_generation_data,214,45,0.567,NA
216,9,syllables,ifs,FALSE,20,elitize_generation_data,215,54,0.589,NA
217,9,syllables,ifs,FALSE,20,elitize_generation_data,216,50,0.551,NA
218,9,syllables,ifs,FALSE,20,elitize_generation_data,217,50,0.595,NA
219,9,syllables,ifs,FALSE,20,elitize_generation_data,218,47,0.594,NA
220,9,syllables,ifs,FALSE,20,elitize_generation_data,219,59,0.617,NA
221,9,syllables,ifs,FALSE,20,elitize_generation_data,220,48,0.557,NA
222,9,syllables,ifs,FALSE,20,elitize_generation_data,221,54,0.586,NA
223,9,syllables,ifs,FALSE,20,elitize_generation_data,222,52,0.564,NA
224,9,syllables,ifs,FALSE,20,elitize_generation_data,223,54,0.564,NA
225,9,syllables,ifs,FALSE,20,elitize_generation_data,224,50,0.568,NA
226,9,syllables,ifs,FALSE,20,elitize_generation_data,225,52,0.567,NA
227,9,syllables,ifs,FALSE,20,elitize_generation_data,226,49,0.551,NA
228,9,syllables,ifs,FALSE,20,elitize_generation_data,227,52,0.568,NA
229,9,syllables,ifs,FALSE,20,elitize_generation_data,228,53,0.545,NA
230,9,syllables,ifs,FALSE,20,elitize_generation_data,229,59,0.546,NA
231,9,syllables,ifs,FALSE,20,elitize_generation_data,230,59,0.567,NA
232,9,syllables,ifs,FALSE,20,elitize_generation_data,231,52,0.548,NA
233,9,syllables,ifs,FALSE,20,elitize_generation_data,232,48,0.561,NA
234,9,syllables,ifs,FALSE,20,elitize_generation_data,233,52,0.577,NA
235,9,syllables,ifs,FALSE,20,elitize_generation_data,234,51,0.548,NA
236,9,syllables,ifs,FALSE,20,elitize_generation_data,235,46,0.58,NA
237,9,syllables,ifs,FALSE,20,elitize_generation_data,236,67,0.601,NA
238,9,syllables,ifs,FALSE,20,elitize_generation_data,237,60,0.571,NA
239,9,syllables,ifs,FALSE,20,elitize_generation_data,238,58,0.604,NA
240,9,syllables,ifs,FALSE,20,elitize_generation_data,239,54,0.605,NA
241,9,syllables,ifs,FALSE,20,elitize_generation_data,240,58,0.619,NA
242,9,syllables,ifs,FALSE,20,elitize_generation_data,241,49,0.644,NA
243,9,syllables,ifs,FALSE,20,elitize_generation_data,242,56,0.626,NA
244,9,syllables,ifs,FALSE,20,elitize_generation_data,243,62,0.642,NA
245,9,syllables,ifs,FALSE,20,elitize_generation_data,244,58,0.653,NA
246,9,syllables,ifs,FALSE,20,elitize_generation_data,245,51,0.661,NA
247,9,syllables,ifs,FALSE,20,elitize_generation_data,246,60,0.674,NA
248,9,syllables,ifs,FALSE,20,elitize_generation_data,247,52,0.678,NA
249,9,syllables,ifs,FALSE,20,elitize_generation_data,248,61,0.669,NA
250,9,syllables,ifs,FALSE,20,elitize_generation_data,249,58,0.691,NA
251,9,syllables,ifs,FALSE,20,elitize_generation_data,250,59,0.658,NA
252,9,syllables,ifs,FALSE,20,elitize_generation_data,251,53,0.659,NA
253,9,syllables,ifs,FALSE,20,elitize_generation_data,252,52,0.672,NA
254,9,syllables,ifs,FALSE,20,elitize_generation_data,253,52,0.627,NA
255,9,syllables,ifs,FALSE,20,elitize_generation_data,254,45,0.637,NA
256,9,syllables,ifs,FALSE,20,elitize_generation_data,255,53,0.656,NA
257,9,syllables,ifs,FALSE,20,elitize_generation_data,256,52,0.646,NA
258,9,syllables,ifs,FALSE,20,elitize_generation_data,257,59,0.635,NA
259,9,syllables,ifs,FALSE,20,elitize_generation_data,258,50,0.667,NA
260,9,syllables,ifs,FALSE,20,elitize_generation_data,259,53,0.661,NA
261,9,syllables,ifs,FALSE,20,elitize_generation_data,260,57,0.676,NA
262,9,syllables,ifs,FALSE,20,elitize_generation_data,261,51,0.668,NA
263,9,syllables,ifs,FALSE,20,elitize_generation_data,262,48,0.657,NA
264,9,syllables,ifs,FALSE,20,elitize_generation_data,263,48,0.661,NA
265,9,syllables,ifs,FALSE,20,elitize_generation_data,264,57,0.67,NA
266,9,syllables,ifs,FALSE,20,elitize_generation_data,265,62,0.644,NA
267,9,syllables,ifs,FALSE,20,elitize_generation_data,266,54,0.642,NA
268,9,syllables,ifs,FALSE,20,elitize_generation_data,267,54,0.65,NA
269,9,syllables,ifs,FALSE,20,elitize_generation_data,268,54,0.65,NA
270,9,syllables,ifs,FALSE,20,elitize_generation_data,269,50,0.65,NA
271,9,syllables,ifs,FALSE,20,elitize_generation_data,270,51,0.638,NA
272,9,syllables,ifs,FALSE,20,elitize_generation_data,271,53,0.672,NA
273,9,syllables,ifs,FALSE,20,elitize_generation_data,272,53,0.66,NA
274,9,syllables,ifs,FALSE,20,elitize_generation_data,273,44,0.662,NA
275,9,syllables,ifs,FALSE,20,elitize_generation_data,274,49,0.667,NA
276,9,syllables,ifs,FALSE,20,elitize_generation_data,275,55,0.664,NA
277,9,syllables,ifs,FALSE,20,elitize_generation_data,276,52,0.678,NA
278,9,syllables,ifs,FALSE,20,elitize_generation_data,277,53,0.651,NA
279,9,syllables,ifs,FALSE,20,elitize_generation_data,278,50,0.674,NA
280,9,syllables,ifs,FALSE,20,elitize_generation_data,279,53,0.681,NA
281,9,syllables,ifs,FALSE,20,elitize_generation_data,280,53,0.672,NA
282,9,syllables,ifs,FALSE,20,elitize_generation_data,281,58,0.653,NA
283,9,syllables,ifs,FALSE,20,elitize_generation_data,282,48,0.664,NA
284,9,syllables,ifs,FALSE,20,elitize_generation_data,283,56,0.658,NA
285,9,syllables,ifs,FALSE,20,elitize_generation_data,284,48,0.659,NA
286,9,syllables,ifs,FALSE,20,elitize_generation_data,285,71,0.686,NA
287,9,syllables,ifs,FALSE,20,elitize_generation_data,286,61,0.654,NA
288,9,syllables,ifs,FALSE,20,elitize_generation_data,287,54,0.668,NA
289,9,syllables,ifs,FALSE,20,elitize_generation_data,288,51,0.646,NA
290,9,syllables,ifs,FALSE,20,elitize_generation_data,289,52,0.645,NA
291,9,syllables,ifs,FALSE,20,elitize_generation_data,290,49,0.644,NA
292,9,syllables,ifs,FALSE,20,elitize_generation_data,291,52,0.636,NA
293,9,syllables,ifs,FALSE,20,elitize_generation_data,292,53,0.652,NA
294,9,syllables,ifs,FALSE,20,elitize_generation_data,293,55,0.658,NA
295,9,syllables,ifs,FALSE,20,elitize_generation_data,294,59,0.661,NA
296,9,syllables,ifs,FALSE,20,elitize_generation_data,295,57,0.651,NA
297,9,syllables,ifs,FALSE,20,elitize_generation_data,296,50,0.653,NA
298,9,syllables,ifs,FALSE,20,elitize_generation_data,297,51,0.688,NA
299,9,syllables,ifs,FALSE,20,elitize_generation_data,298,52,0.685,NA
300,9,syllables,ifs,FALSE,20,elitize_generation_data,299,58,0.675,NA
301,9,syllables,ifs,FALSE,20,elitize_generation_data,300,54,0.641,NA
