,run.num,problem,treatment,succeeded,height,normalization.function,generation,cluster.count,error.diversity,success.generation
1,2,syllables,ifs,FALSE,20,elitize_generation_data,0,5,0.269,NA
2,2,syllables,ifs,FALSE,20,elitize_generation_data,1,5,0.186,NA
3,2,syllables,ifs,FALSE,20,elitize_generation_data,2,5,0.241,NA
4,2,syllables,ifs,FALSE,20,elitize_generation_data,3,6,0.143,NA
5,2,syllables,ifs,FALSE,20,elitize_generation_data,4,9,0.182,NA
6,2,syllables,ifs,FALSE,20,elitize_generation_data,5,9,0.161,NA
7,2,syllables,ifs,FALSE,20,elitize_generation_data,6,10,0.086,NA
8,2,syllables,ifs,FALSE,20,elitize_generation_data,7,9,0.089,NA
9,2,syllables,ifs,FALSE,20,elitize_generation_data,8,7,0.115,NA
10,2,syllables,ifs,FALSE,20,elitize_generation_data,9,8,0.113,NA
11,2,syllables,ifs,FALSE,20,elitize_generation_data,10,9,0.115,NA
12,2,syllables,ifs,FALSE,20,elitize_generation_data,11,9,0.109,NA
13,2,syllables,ifs,FALSE,20,elitize_generation_data,12,9,0.1,NA
14,2,syllables,ifs,FALSE,20,elitize_generation_data,13,10,0.098,NA
15,2,syllables,ifs,FALSE,20,elitize_generation_data,14,9,0.106,NA
16,2,syllables,ifs,FALSE,20,elitize_generation_data,15,9,0.117,NA
17,2,syllables,ifs,FALSE,20,elitize_generation_data,16,9,0.107,NA
18,2,syllables,ifs,FALSE,20,elitize_generation_data,17,8,0.102,NA
19,2,syllables,ifs,FALSE,20,elitize_generation_data,18,9,0.099,NA
20,2,syllables,ifs,FALSE,20,elitize_generation_data,19,8,0.1,NA
21,2,syllables,ifs,FALSE,20,elitize_generation_data,20,9,0.111,NA
22,2,syllables,ifs,FALSE,20,elitize_generation_data,21,8,0.099,NA
23,2,syllables,ifs,FALSE,20,elitize_generation_data,22,10,0.099,NA
24,2,syllables,ifs,FALSE,20,elitize_generation_data,23,8,0.108,NA
25,2,syllables,ifs,FALSE,20,elitize_generation_data,24,8,0.109,NA
26,2,syllables,ifs,FALSE,20,elitize_generation_data,25,10,0.105,NA
27,2,syllables,ifs,FALSE,20,elitize_generation_data,26,9,0.099,NA
28,2,syllables,ifs,FALSE,20,elitize_generation_data,27,9,0.097,NA
29,2,syllables,ifs,FALSE,20,elitize_generation_data,28,7,0.101,NA
30,2,syllables,ifs,FALSE,20,elitize_generation_data,29,10,0.129,NA
31,2,syllables,ifs,FALSE,20,elitize_generation_data,30,9,0.128,NA
32,2,syllables,ifs,FALSE,20,elitize_generation_data,31,11,0.133,NA
33,2,syllables,ifs,FALSE,20,elitize_generation_data,32,10,0.119,NA
34,2,syllables,ifs,FALSE,20,elitize_generation_data,33,8,0.137,NA
35,2,syllables,ifs,FALSE,20,elitize_generation_data,34,13,0.133,NA
36,2,syllables,ifs,FALSE,20,elitize_generation_data,35,12,0.131,NA
37,2,syllables,ifs,FALSE,20,elitize_generation_data,36,14,0.139,NA
38,2,syllables,ifs,FALSE,20,elitize_generation_data,37,14,0.173,NA
39,2,syllables,ifs,FALSE,20,elitize_generation_data,38,16,0.158,NA
40,2,syllables,ifs,FALSE,20,elitize_generation_data,39,15,0.183,NA
41,2,syllables,ifs,FALSE,20,elitize_generation_data,40,17,0.175,NA
42,2,syllables,ifs,FALSE,20,elitize_generation_data,41,15,0.172,NA
43,2,syllables,ifs,FALSE,20,elitize_generation_data,42,19,0.184,NA
44,2,syllables,ifs,FALSE,20,elitize_generation_data,43,16,0.187,NA
45,2,syllables,ifs,FALSE,20,elitize_generation_data,44,19,0.204,NA
46,2,syllables,ifs,FALSE,20,elitize_generation_data,45,14,0.214,NA
47,2,syllables,ifs,FALSE,20,elitize_generation_data,46,18,0.235,NA
48,2,syllables,ifs,FALSE,20,elitize_generation_data,47,17,0.243,NA
49,2,syllables,ifs,FALSE,20,elitize_generation_data,48,19,0.223,NA
50,2,syllables,ifs,FALSE,20,elitize_generation_data,49,14,0.23,NA
51,2,syllables,ifs,FALSE,20,elitize_generation_data,50,16,0.24,NA
52,2,syllables,ifs,FALSE,20,elitize_generation_data,51,15,0.222,NA
53,2,syllables,ifs,FALSE,20,elitize_generation_data,52,21,0.215,NA
54,2,syllables,ifs,FALSE,20,elitize_generation_data,53,18,0.232,NA
55,2,syllables,ifs,FALSE,20,elitize_generation_data,54,17,0.234,NA
56,2,syllables,ifs,FALSE,20,elitize_generation_data,55,17,0.23,NA
57,2,syllables,ifs,FALSE,20,elitize_generation_data,56,16,0.237,NA
58,2,syllables,ifs,FALSE,20,elitize_generation_data,57,18,0.251,NA
59,2,syllables,ifs,FALSE,20,elitize_generation_data,58,17,0.277,NA
60,2,syllables,ifs,FALSE,20,elitize_generation_data,59,14,0.267,NA
61,2,syllables,ifs,FALSE,20,elitize_generation_data,60,20,0.275,NA
62,2,syllables,ifs,FALSE,20,elitize_generation_data,61,18,0.279,NA
63,2,syllables,ifs,FALSE,20,elitize_generation_data,62,19,0.256,NA
64,2,syllables,ifs,FALSE,20,elitize_generation_data,63,21,0.253,NA
65,2,syllables,ifs,FALSE,20,elitize_generation_data,64,23,0.259,NA
66,2,syllables,ifs,FALSE,20,elitize_generation_data,65,17,0.29,NA
67,2,syllables,ifs,FALSE,20,elitize_generation_data,66,23,0.282,NA
68,2,syllables,ifs,FALSE,20,elitize_generation_data,67,35,0.331,NA
69,2,syllables,ifs,FALSE,20,elitize_generation_data,68,29,0.315,NA
70,2,syllables,ifs,FALSE,20,elitize_generation_data,69,30,0.326,NA
71,2,syllables,ifs,FALSE,20,elitize_generation_data,70,33,0.315,NA
72,2,syllables,ifs,FALSE,20,elitize_generation_data,71,33,0.333,NA
73,2,syllables,ifs,FALSE,20,elitize_generation_data,72,29,0.313,NA
74,2,syllables,ifs,FALSE,20,elitize_generation_data,73,28,0.318,NA
75,2,syllables,ifs,FALSE,20,elitize_generation_data,74,30,0.323,NA
76,2,syllables,ifs,FALSE,20,elitize_generation_data,75,30,0.352,NA
77,2,syllables,ifs,FALSE,20,elitize_generation_data,76,32,0.349,NA
78,2,syllables,ifs,FALSE,20,elitize_generation_data,77,38,0.36,NA
79,2,syllables,ifs,FALSE,20,elitize_generation_data,78,43,0.363,NA
80,2,syllables,ifs,FALSE,20,elitize_generation_data,79,37,0.358,NA
81,2,syllables,ifs,FALSE,20,elitize_generation_data,80,35,0.326,NA
82,2,syllables,ifs,FALSE,20,elitize_generation_data,81,45,0.37,NA
83,2,syllables,ifs,FALSE,20,elitize_generation_data,82,45,0.396,NA
84,2,syllables,ifs,FALSE,20,elitize_generation_data,83,46,0.424,NA
85,2,syllables,ifs,FALSE,20,elitize_generation_data,84,58,0.394,NA
86,2,syllables,ifs,FALSE,20,elitize_generation_data,85,41,0.394,NA
87,2,syllables,ifs,FALSE,20,elitize_generation_data,86,29,0.372,NA
88,2,syllables,ifs,FALSE,20,elitize_generation_data,87,42,0.373,NA
89,2,syllables,ifs,FALSE,20,elitize_generation_data,88,50,0.412,NA
90,2,syllables,ifs,FALSE,20,elitize_generation_data,89,54,0.422,NA
91,2,syllables,ifs,FALSE,20,elitize_generation_data,90,39,0.435,NA
92,2,syllables,ifs,FALSE,20,elitize_generation_data,91,42,0.405,NA
93,2,syllables,ifs,FALSE,20,elitize_generation_data,92,43,0.367,NA
94,2,syllables,ifs,FALSE,20,elitize_generation_data,93,37,0.335,NA
95,2,syllables,ifs,FALSE,20,elitize_generation_data,94,33,0.323,NA
96,2,syllables,ifs,FALSE,20,elitize_generation_data,95,39,0.345,NA
97,2,syllables,ifs,FALSE,20,elitize_generation_data,96,34,0.374,NA
98,2,syllables,ifs,FALSE,20,elitize_generation_data,97,47,0.379,NA
99,2,syllables,ifs,FALSE,20,elitize_generation_data,98,35,0.356,NA
100,2,syllables,ifs,FALSE,20,elitize_generation_data,99,40,0.367,NA
101,2,syllables,ifs,FALSE,20,elitize_generation_data,100,39,0.374,NA
102,2,syllables,ifs,FALSE,20,elitize_generation_data,101,45,0.387,NA
103,2,syllables,ifs,FALSE,20,elitize_generation_data,102,37,0.376,NA
104,2,syllables,ifs,FALSE,20,elitize_generation_data,103,35,0.374,NA
105,2,syllables,ifs,FALSE,20,elitize_generation_data,104,25,0.35,NA
106,2,syllables,ifs,FALSE,20,elitize_generation_data,105,33,0.327,NA
107,2,syllables,ifs,FALSE,20,elitize_generation_data,106,28,0.331,NA
108,2,syllables,ifs,FALSE,20,elitize_generation_data,107,30,0.353,NA
109,2,syllables,ifs,FALSE,20,elitize_generation_data,108,32,0.37,NA
110,2,syllables,ifs,FALSE,20,elitize_generation_data,109,33,0.363,NA
111,2,syllables,ifs,FALSE,20,elitize_generation_data,110,29,0.376,NA
112,2,syllables,ifs,FALSE,20,elitize_generation_data,111,31,0.393,NA
113,2,syllables,ifs,FALSE,20,elitize_generation_data,112,39,0.383,NA
114,2,syllables,ifs,FALSE,20,elitize_generation_data,113,27,0.354,NA
115,2,syllables,ifs,FALSE,20,elitize_generation_data,114,34,0.374,NA
116,2,syllables,ifs,FALSE,20,elitize_generation_data,115,41,0.363,NA
117,2,syllables,ifs,FALSE,20,elitize_generation_data,116,34,0.37,NA
118,2,syllables,ifs,FALSE,20,elitize_generation_data,117,33,0.384,NA
119,2,syllables,ifs,FALSE,20,elitize_generation_data,118,33,0.4,NA
120,2,syllables,ifs,FALSE,20,elitize_generation_data,119,43,0.392,NA
121,2,syllables,ifs,FALSE,20,elitize_generation_data,120,38,0.427,NA
122,2,syllables,ifs,FALSE,20,elitize_generation_data,121,33,0.442,NA
123,2,syllables,ifs,FALSE,20,elitize_generation_data,122,39,0.426,NA
124,2,syllables,ifs,FALSE,20,elitize_generation_data,123,37,0.432,NA
125,2,syllables,ifs,FALSE,20,elitize_generation_data,124,40,0.409,NA
126,2,syllables,ifs,FALSE,20,elitize_generation_data,125,42,0.443,NA
127,2,syllables,ifs,FALSE,20,elitize_generation_data,126,39,0.467,NA
128,2,syllables,ifs,FALSE,20,elitize_generation_data,127,46,0.461,NA
129,2,syllables,ifs,FALSE,20,elitize_generation_data,128,39,0.463,NA
130,2,syllables,ifs,FALSE,20,elitize_generation_data,129,41,0.472,NA
131,2,syllables,ifs,FALSE,20,elitize_generation_data,130,46,0.469,NA
132,2,syllables,ifs,FALSE,20,elitize_generation_data,131,51,0.472,NA
133,2,syllables,ifs,FALSE,20,elitize_generation_data,132,37,0.493,NA
134,2,syllables,ifs,FALSE,20,elitize_generation_data,133,43,0.495,NA
135,2,syllables,ifs,FALSE,20,elitize_generation_data,134,44,0.494,NA
136,2,syllables,ifs,FALSE,20,elitize_generation_data,135,43,0.493,NA
137,2,syllables,ifs,FALSE,20,elitize_generation_data,136,49,0.47,NA
138,2,syllables,ifs,FALSE,20,elitize_generation_data,137,50,0.487,NA
139,2,syllables,ifs,FALSE,20,elitize_generation_data,138,47,0.508,NA
140,2,syllables,ifs,FALSE,20,elitize_generation_data,139,49,0.491,NA
141,2,syllables,ifs,FALSE,20,elitize_generation_data,140,45,0.485,NA
142,2,syllables,ifs,FALSE,20,elitize_generation_data,141,45,0.498,NA
143,2,syllables,ifs,FALSE,20,elitize_generation_data,142,39,0.475,NA
144,2,syllables,ifs,FALSE,20,elitize_generation_data,143,44,0.494,NA
145,2,syllables,ifs,FALSE,20,elitize_generation_data,144,47,0.487,NA
146,2,syllables,ifs,FALSE,20,elitize_generation_data,145,39,0.506,NA
147,2,syllables,ifs,FALSE,20,elitize_generation_data,146,56,0.519,NA
148,2,syllables,ifs,FALSE,20,elitize_generation_data,147,55,0.514,NA
149,2,syllables,ifs,FALSE,20,elitize_generation_data,148,51,0.502,NA
150,2,syllables,ifs,FALSE,20,elitize_generation_data,149,59,0.539,NA
151,2,syllables,ifs,FALSE,20,elitize_generation_data,150,54,0.549,NA
152,2,syllables,ifs,FALSE,20,elitize_generation_data,151,59,0.562,NA
153,2,syllables,ifs,FALSE,20,elitize_generation_data,152,65,0.582,NA
154,2,syllables,ifs,FALSE,20,elitize_generation_data,153,70,0.541,NA
155,2,syllables,ifs,FALSE,20,elitize_generation_data,154,77,0.545,NA
156,2,syllables,ifs,FALSE,20,elitize_generation_data,155,68,0.558,NA
157,2,syllables,ifs,FALSE,20,elitize_generation_data,156,78,0.588,NA
158,2,syllables,ifs,FALSE,20,elitize_generation_data,157,77,0.58,NA
159,2,syllables,ifs,FALSE,20,elitize_generation_data,158,84,0.616,NA
160,2,syllables,ifs,FALSE,20,elitize_generation_data,159,80,0.59,NA
161,2,syllables,ifs,FALSE,20,elitize_generation_data,160,86,0.611,NA
162,2,syllables,ifs,FALSE,20,elitize_generation_data,161,79,0.598,NA
163,2,syllables,ifs,FALSE,20,elitize_generation_data,162,75,0.619,NA
164,2,syllables,ifs,FALSE,20,elitize_generation_data,163,73,0.585,NA
165,2,syllables,ifs,FALSE,20,elitize_generation_data,164,79,0.593,NA
166,2,syllables,ifs,FALSE,20,elitize_generation_data,165,78,0.598,NA
167,2,syllables,ifs,FALSE,20,elitize_generation_data,166,77,0.596,NA
168,2,syllables,ifs,FALSE,20,elitize_generation_data,167,87,0.588,NA
169,2,syllables,ifs,FALSE,20,elitize_generation_data,168,90,0.613,NA
170,2,syllables,ifs,FALSE,20,elitize_generation_data,169,77,0.613,NA
171,2,syllables,ifs,FALSE,20,elitize_generation_data,170,81,0.611,NA
172,2,syllables,ifs,FALSE,20,elitize_generation_data,171,83,0.614,NA
173,2,syllables,ifs,FALSE,20,elitize_generation_data,172,78,0.635,NA
174,2,syllables,ifs,FALSE,20,elitize_generation_data,173,87,0.597,NA
175,2,syllables,ifs,FALSE,20,elitize_generation_data,174,83,0.589,NA
176,2,syllables,ifs,FALSE,20,elitize_generation_data,175,76,0.628,NA
177,2,syllables,ifs,FALSE,20,elitize_generation_data,176,74,0.625,NA
178,2,syllables,ifs,FALSE,20,elitize_generation_data,177,76,0.613,NA
179,2,syllables,ifs,FALSE,20,elitize_generation_data,178,81,0.626,NA
180,2,syllables,ifs,FALSE,20,elitize_generation_data,179,75,0.627,NA
181,2,syllables,ifs,FALSE,20,elitize_generation_data,180,85,0.629,NA
182,2,syllables,ifs,FALSE,20,elitize_generation_data,181,87,0.618,NA
183,2,syllables,ifs,FALSE,20,elitize_generation_data,182,75,0.603,NA
184,2,syllables,ifs,FALSE,20,elitize_generation_data,183,80,0.617,NA
185,2,syllables,ifs,FALSE,20,elitize_generation_data,184,82,0.627,NA
186,2,syllables,ifs,FALSE,20,elitize_generation_data,185,71,0.624,NA
187,2,syllables,ifs,FALSE,20,elitize_generation_data,186,70,0.608,NA
188,2,syllables,ifs,FALSE,20,elitize_generation_data,187,87,0.61,NA
189,2,syllables,ifs,FALSE,20,elitize_generation_data,188,83,0.618,NA
190,2,syllables,ifs,FALSE,20,elitize_generation_data,189,86,0.623,NA
191,2,syllables,ifs,FALSE,20,elitize_generation_data,190,82,0.594,NA
192,2,syllables,ifs,FALSE,20,elitize_generation_data,191,82,0.61,NA
193,2,syllables,ifs,FALSE,20,elitize_generation_data,192,79,0.628,NA
194,2,syllables,ifs,FALSE,20,elitize_generation_data,193,76,0.587,NA
195,2,syllables,ifs,FALSE,20,elitize_generation_data,194,81,0.62,NA
196,2,syllables,ifs,FALSE,20,elitize_generation_data,195,96,0.646,NA
197,2,syllables,ifs,FALSE,20,elitize_generation_data,196,75,0.63,NA
198,2,syllables,ifs,FALSE,20,elitize_generation_data,197,83,0.625,NA
199,2,syllables,ifs,FALSE,20,elitize_generation_data,198,77,0.622,NA
200,2,syllables,ifs,FALSE,20,elitize_generation_data,199,86,0.609,NA
201,2,syllables,ifs,FALSE,20,elitize_generation_data,200,75,0.614,NA
202,2,syllables,ifs,FALSE,20,elitize_generation_data,201,85,0.626,NA
203,2,syllables,ifs,FALSE,20,elitize_generation_data,202,81,0.62,NA
204,2,syllables,ifs,FALSE,20,elitize_generation_data,203,77,0.593,NA
205,2,syllables,ifs,FALSE,20,elitize_generation_data,204,78,0.602,NA
206,2,syllables,ifs,FALSE,20,elitize_generation_data,205,81,0.597,NA
207,2,syllables,ifs,FALSE,20,elitize_generation_data,206,82,0.638,NA
208,2,syllables,ifs,FALSE,20,elitize_generation_data,207,87,0.659,NA
209,2,syllables,ifs,FALSE,20,elitize_generation_data,208,76,0.616,NA
210,2,syllables,ifs,FALSE,20,elitize_generation_data,209,85,0.622,NA
211,2,syllables,ifs,FALSE,20,elitize_generation_data,210,95,0.649,NA
212,2,syllables,ifs,FALSE,20,elitize_generation_data,211,84,0.637,NA
213,2,syllables,ifs,FALSE,20,elitize_generation_data,212,77,0.601,NA
214,2,syllables,ifs,FALSE,20,elitize_generation_data,213,86,0.625,NA
215,2,syllables,ifs,FALSE,20,elitize_generation_data,214,75,0.623,NA
216,2,syllables,ifs,FALSE,20,elitize_generation_data,215,90,0.643,NA
217,2,syllables,ifs,FALSE,20,elitize_generation_data,216,91,0.635,NA
218,2,syllables,ifs,FALSE,20,elitize_generation_data,217,89,0.636,NA
219,2,syllables,ifs,FALSE,20,elitize_generation_data,218,89,0.649,NA
220,2,syllables,ifs,FALSE,20,elitize_generation_data,219,81,0.64,NA
221,2,syllables,ifs,FALSE,20,elitize_generation_data,220,89,0.661,NA
222,2,syllables,ifs,FALSE,20,elitize_generation_data,221,90,0.621,NA
223,2,syllables,ifs,FALSE,20,elitize_generation_data,222,85,0.614,NA
224,2,syllables,ifs,FALSE,20,elitize_generation_data,223,86,0.622,NA
225,2,syllables,ifs,FALSE,20,elitize_generation_data,224,84,0.618,NA
226,2,syllables,ifs,FALSE,20,elitize_generation_data,225,81,0.632,NA
227,2,syllables,ifs,FALSE,20,elitize_generation_data,226,88,0.63,NA
228,2,syllables,ifs,FALSE,20,elitize_generation_data,227,90,0.621,NA
229,2,syllables,ifs,FALSE,20,elitize_generation_data,228,84,0.643,NA
230,2,syllables,ifs,FALSE,20,elitize_generation_data,229,95,0.655,NA
231,2,syllables,ifs,FALSE,20,elitize_generation_data,230,85,0.624,NA
232,2,syllables,ifs,FALSE,20,elitize_generation_data,231,83,0.613,NA
233,2,syllables,ifs,FALSE,20,elitize_generation_data,232,83,0.601,NA
234,2,syllables,ifs,FALSE,20,elitize_generation_data,233,78,0.625,NA
235,2,syllables,ifs,FALSE,20,elitize_generation_data,234,79,0.605,NA
236,2,syllables,ifs,FALSE,20,elitize_generation_data,235,80,0.622,NA
237,2,syllables,ifs,FALSE,20,elitize_generation_data,236,83,0.645,NA
238,2,syllables,ifs,FALSE,20,elitize_generation_data,237,86,0.607,NA
239,2,syllables,ifs,FALSE,20,elitize_generation_data,238,86,0.616,NA
240,2,syllables,ifs,FALSE,20,elitize_generation_data,239,80,0.595,NA
241,2,syllables,ifs,FALSE,20,elitize_generation_data,240,86,0.624,NA
242,2,syllables,ifs,FALSE,20,elitize_generation_data,241,76,0.627,NA
243,2,syllables,ifs,FALSE,20,elitize_generation_data,242,86,0.645,NA
244,2,syllables,ifs,FALSE,20,elitize_generation_data,243,84,0.614,NA
245,2,syllables,ifs,FALSE,20,elitize_generation_data,244,92,0.618,NA
246,2,syllables,ifs,FALSE,20,elitize_generation_data,245,90,0.609,NA
247,2,syllables,ifs,FALSE,20,elitize_generation_data,246,80,0.607,NA
248,2,syllables,ifs,FALSE,20,elitize_generation_data,247,99,0.621,NA
249,2,syllables,ifs,FALSE,20,elitize_generation_data,248,84,0.601,NA
250,2,syllables,ifs,FALSE,20,elitize_generation_data,249,88,0.614,NA
251,2,syllables,ifs,FALSE,20,elitize_generation_data,250,78,0.595,NA
252,2,syllables,ifs,FALSE,20,elitize_generation_data,251,75,0.6,NA
253,2,syllables,ifs,FALSE,20,elitize_generation_data,252,86,0.586,NA
254,2,syllables,ifs,FALSE,20,elitize_generation_data,253,86,0.61,NA
255,2,syllables,ifs,FALSE,20,elitize_generation_data,254,83,0.598,NA
256,2,syllables,ifs,FALSE,20,elitize_generation_data,255,80,0.636,NA
257,2,syllables,ifs,FALSE,20,elitize_generation_data,256,100,0.627,NA
258,2,syllables,ifs,FALSE,20,elitize_generation_data,257,90,0.62,NA
259,2,syllables,ifs,FALSE,20,elitize_generation_data,258,89,0.621,NA
260,2,syllables,ifs,FALSE,20,elitize_generation_data,259,83,0.593,NA
261,2,syllables,ifs,FALSE,20,elitize_generation_data,260,92,0.596,NA
262,2,syllables,ifs,FALSE,20,elitize_generation_data,261,87,0.646,NA
263,2,syllables,ifs,FALSE,20,elitize_generation_data,262,82,0.643,NA
264,2,syllables,ifs,FALSE,20,elitize_generation_data,263,85,0.638,NA
265,2,syllables,ifs,FALSE,20,elitize_generation_data,264,92,0.638,NA
266,2,syllables,ifs,FALSE,20,elitize_generation_data,265,75,0.616,NA
267,2,syllables,ifs,FALSE,20,elitize_generation_data,266,91,0.607,NA
268,2,syllables,ifs,FALSE,20,elitize_generation_data,267,87,0.632,NA
269,2,syllables,ifs,FALSE,20,elitize_generation_data,268,84,0.614,NA
270,2,syllables,ifs,FALSE,20,elitize_generation_data,269,79,0.617,NA
271,2,syllables,ifs,FALSE,20,elitize_generation_data,270,78,0.604,NA
272,2,syllables,ifs,FALSE,20,elitize_generation_data,271,92,0.623,NA
273,2,syllables,ifs,FALSE,20,elitize_generation_data,272,85,0.614,NA
274,2,syllables,ifs,FALSE,20,elitize_generation_data,273,74,0.623,NA
275,2,syllables,ifs,FALSE,20,elitize_generation_data,274,77,0.627,NA
276,2,syllables,ifs,FALSE,20,elitize_generation_data,275,87,0.608,NA
277,2,syllables,ifs,FALSE,20,elitize_generation_data,276,90,0.604,NA
278,2,syllables,ifs,FALSE,20,elitize_generation_data,277,79,0.596,NA
279,2,syllables,ifs,FALSE,20,elitize_generation_data,278,74,0.601,NA
280,2,syllables,ifs,FALSE,20,elitize_generation_data,279,86,0.601,NA
281,2,syllables,ifs,FALSE,20,elitize_generation_data,280,100,0.608,NA
282,2,syllables,ifs,FALSE,20,elitize_generation_data,281,90,0.605,NA
283,2,syllables,ifs,FALSE,20,elitize_generation_data,282,101,0.612,NA
284,2,syllables,ifs,FALSE,20,elitize_generation_data,283,87,0.635,NA
285,2,syllables,ifs,FALSE,20,elitize_generation_data,284,94,0.616,NA
286,2,syllables,ifs,FALSE,20,elitize_generation_data,285,91,0.616,NA
287,2,syllables,ifs,FALSE,20,elitize_generation_data,286,89,0.613,NA
288,2,syllables,ifs,FALSE,20,elitize_generation_data,287,89,0.608,NA
289,2,syllables,ifs,FALSE,20,elitize_generation_data,288,96,0.623,NA
290,2,syllables,ifs,FALSE,20,elitize_generation_data,289,80,0.585,NA
291,2,syllables,ifs,FALSE,20,elitize_generation_data,290,87,0.608,NA
292,2,syllables,ifs,FALSE,20,elitize_generation_data,291,85,0.603,NA
293,2,syllables,ifs,FALSE,20,elitize_generation_data,292,90,0.585,NA
294,2,syllables,ifs,FALSE,20,elitize_generation_data,293,87,0.615,NA
295,2,syllables,ifs,FALSE,20,elitize_generation_data,294,91,0.605,NA
296,2,syllables,ifs,FALSE,20,elitize_generation_data,295,88,0.608,NA
297,2,syllables,ifs,FALSE,20,elitize_generation_data,296,90,0.633,NA
298,2,syllables,ifs,FALSE,20,elitize_generation_data,297,77,0.621,NA
299,2,syllables,ifs,FALSE,20,elitize_generation_data,298,90,0.612,NA
300,2,syllables,ifs,FALSE,20,elitize_generation_data,299,85,0.589,NA
301,2,syllables,ifs,FALSE,20,elitize_generation_data,300,85,0.61,NA
