,run.num,problem,treatment,succeeded,height,normalization.function,generation,cluster.count,error.diversity,success.generation
1,31,syllables,ifs,FALSE,20,elitize_generation_data,0,4,0.252,NA
2,31,syllables,ifs,FALSE,20,elitize_generation_data,1,5,0.186,NA
3,31,syllables,ifs,FALSE,20,elitize_generation_data,2,7,0.198,NA
4,31,syllables,ifs,FALSE,20,elitize_generation_data,3,8,0.084,NA
5,31,syllables,ifs,FALSE,20,elitize_generation_data,4,9,0.092,NA
6,31,syllables,ifs,FALSE,20,elitize_generation_data,5,9,0.075,NA
7,31,syllables,ifs,FALSE,20,elitize_generation_data,6,9,0.04,NA
8,31,syllables,ifs,FALSE,20,elitize_generation_data,7,9,0.049,NA
9,31,syllables,ifs,FALSE,20,elitize_generation_data,8,9,0.055,NA
10,31,syllables,ifs,FALSE,20,elitize_generation_data,9,11,0.046,NA
11,31,syllables,ifs,FALSE,20,elitize_generation_data,10,8,0.049,NA
12,31,syllables,ifs,FALSE,20,elitize_generation_data,11,9,0.058,NA
13,31,syllables,ifs,FALSE,20,elitize_generation_data,12,9,0.063,NA
14,31,syllables,ifs,FALSE,20,elitize_generation_data,13,9,0.051,NA
15,31,syllables,ifs,FALSE,20,elitize_generation_data,14,12,0.044,NA
16,31,syllables,ifs,FALSE,20,elitize_generation_data,15,9,0.058,NA
17,31,syllables,ifs,FALSE,20,elitize_generation_data,16,9,0.044,NA
18,31,syllables,ifs,FALSE,20,elitize_generation_data,17,10,0.048,NA
19,31,syllables,ifs,FALSE,20,elitize_generation_data,18,9,0.056,NA
20,31,syllables,ifs,FALSE,20,elitize_generation_data,19,10,0.046,NA
21,31,syllables,ifs,FALSE,20,elitize_generation_data,20,10,0.044,NA
22,31,syllables,ifs,FALSE,20,elitize_generation_data,21,10,0.054,NA
23,31,syllables,ifs,FALSE,20,elitize_generation_data,22,9,0.06,NA
24,31,syllables,ifs,FALSE,20,elitize_generation_data,23,10,0.064,NA
25,31,syllables,ifs,FALSE,20,elitize_generation_data,24,10,0.077,NA
26,31,syllables,ifs,FALSE,20,elitize_generation_data,25,11,0.073,NA
27,31,syllables,ifs,FALSE,20,elitize_generation_data,26,10,0.074,NA
28,31,syllables,ifs,FALSE,20,elitize_generation_data,27,10,0.072,NA
29,31,syllables,ifs,FALSE,20,elitize_generation_data,28,12,0.085,NA
30,31,syllables,ifs,FALSE,20,elitize_generation_data,29,9,0.085,NA
31,31,syllables,ifs,FALSE,20,elitize_generation_data,30,9,0.075,NA
32,31,syllables,ifs,FALSE,20,elitize_generation_data,31,9,0.08,NA
33,31,syllables,ifs,FALSE,20,elitize_generation_data,32,11,0.098,NA
34,31,syllables,ifs,FALSE,20,elitize_generation_data,33,11,0.101,NA
35,31,syllables,ifs,FALSE,20,elitize_generation_data,34,12,0.119,NA
36,31,syllables,ifs,FALSE,20,elitize_generation_data,35,14,0.131,NA
37,31,syllables,ifs,FALSE,20,elitize_generation_data,36,17,0.164,NA
38,31,syllables,ifs,FALSE,20,elitize_generation_data,37,23,0.201,NA
39,31,syllables,ifs,FALSE,20,elitize_generation_data,38,27,0.281,NA
40,31,syllables,ifs,FALSE,20,elitize_generation_data,39,28,0.304,NA
41,31,syllables,ifs,FALSE,20,elitize_generation_data,40,36,0.406,NA
42,31,syllables,ifs,FALSE,20,elitize_generation_data,41,42,0.479,NA
43,31,syllables,ifs,FALSE,20,elitize_generation_data,42,49,0.495,NA
44,31,syllables,ifs,FALSE,20,elitize_generation_data,43,47,0.484,NA
45,31,syllables,ifs,FALSE,20,elitize_generation_data,44,57,0.497,NA
46,31,syllables,ifs,FALSE,20,elitize_generation_data,45,50,0.434,NA
47,31,syllables,ifs,FALSE,20,elitize_generation_data,46,61,0.41,NA
48,31,syllables,ifs,FALSE,20,elitize_generation_data,47,98,0.463,NA
49,31,syllables,ifs,FALSE,20,elitize_generation_data,48,127,0.522,NA
50,31,syllables,ifs,FALSE,20,elitize_generation_data,49,162,0.516,NA
51,31,syllables,ifs,FALSE,20,elitize_generation_data,50,222,0.572,NA
52,31,syllables,ifs,FALSE,20,elitize_generation_data,51,243,0.566,NA
53,31,syllables,ifs,FALSE,20,elitize_generation_data,52,232,0.535,NA
54,31,syllables,ifs,FALSE,20,elitize_generation_data,53,207,0.558,NA
55,31,syllables,ifs,FALSE,20,elitize_generation_data,54,237,0.57,NA
56,31,syllables,ifs,FALSE,20,elitize_generation_data,55,235,0.582,NA
57,31,syllables,ifs,FALSE,20,elitize_generation_data,56,249,0.6,NA
58,31,syllables,ifs,FALSE,20,elitize_generation_data,57,228,0.559,NA
59,31,syllables,ifs,FALSE,20,elitize_generation_data,58,231,0.593,NA
60,31,syllables,ifs,FALSE,20,elitize_generation_data,59,233,0.596,NA
61,31,syllables,ifs,FALSE,20,elitize_generation_data,60,227,0.589,NA
62,31,syllables,ifs,FALSE,20,elitize_generation_data,61,232,0.575,NA
63,31,syllables,ifs,FALSE,20,elitize_generation_data,62,208,0.584,NA
64,31,syllables,ifs,FALSE,20,elitize_generation_data,63,192,0.566,NA
65,31,syllables,ifs,FALSE,20,elitize_generation_data,64,186,0.56,NA
66,31,syllables,ifs,FALSE,20,elitize_generation_data,65,179,0.513,NA
67,31,syllables,ifs,FALSE,20,elitize_generation_data,66,161,0.502,NA
68,31,syllables,ifs,FALSE,20,elitize_generation_data,67,185,0.53,NA
69,31,syllables,ifs,FALSE,20,elitize_generation_data,68,172,0.539,NA
70,31,syllables,ifs,FALSE,20,elitize_generation_data,69,195,0.594,NA
71,31,syllables,ifs,FALSE,20,elitize_generation_data,70,192,0.588,NA
72,31,syllables,ifs,FALSE,20,elitize_generation_data,71,181,0.603,NA
73,31,syllables,ifs,FALSE,20,elitize_generation_data,72,171,0.569,NA
74,31,syllables,ifs,FALSE,20,elitize_generation_data,73,181,0.576,NA
75,31,syllables,ifs,FALSE,20,elitize_generation_data,74,178,0.609,NA
76,31,syllables,ifs,FALSE,20,elitize_generation_data,75,182,0.596,NA
77,31,syllables,ifs,FALSE,20,elitize_generation_data,76,194,0.611,NA
78,31,syllables,ifs,FALSE,20,elitize_generation_data,77,181,0.59,NA
79,31,syllables,ifs,FALSE,20,elitize_generation_data,78,168,0.585,NA
80,31,syllables,ifs,FALSE,20,elitize_generation_data,79,172,0.58,NA
81,31,syllables,ifs,FALSE,20,elitize_generation_data,80,163,0.583,NA
82,31,syllables,ifs,FALSE,20,elitize_generation_data,81,163,0.551,NA
83,31,syllables,ifs,FALSE,20,elitize_generation_data,82,168,0.543,NA
84,31,syllables,ifs,FALSE,20,elitize_generation_data,83,165,0.497,NA
85,31,syllables,ifs,FALSE,20,elitize_generation_data,84,165,0.518,NA
86,31,syllables,ifs,FALSE,20,elitize_generation_data,85,155,0.52,NA
87,31,syllables,ifs,FALSE,20,elitize_generation_data,86,151,0.552,NA
88,31,syllables,ifs,FALSE,20,elitize_generation_data,87,170,0.529,NA
89,31,syllables,ifs,FALSE,20,elitize_generation_data,88,169,0.55,NA
90,31,syllables,ifs,FALSE,20,elitize_generation_data,89,172,0.562,NA
91,31,syllables,ifs,FALSE,20,elitize_generation_data,90,172,0.545,NA
92,31,syllables,ifs,FALSE,20,elitize_generation_data,91,160,0.535,NA
93,31,syllables,ifs,FALSE,20,elitize_generation_data,92,174,0.538,NA
94,31,syllables,ifs,FALSE,20,elitize_generation_data,93,158,0.537,NA
95,31,syllables,ifs,FALSE,20,elitize_generation_data,94,173,0.566,NA
96,31,syllables,ifs,FALSE,20,elitize_generation_data,95,148,0.545,NA
97,31,syllables,ifs,FALSE,20,elitize_generation_data,96,157,0.552,NA
98,31,syllables,ifs,FALSE,20,elitize_generation_data,97,158,0.564,NA
99,31,syllables,ifs,FALSE,20,elitize_generation_data,98,162,0.562,NA
100,31,syllables,ifs,FALSE,20,elitize_generation_data,99,168,0.549,NA
101,31,syllables,ifs,FALSE,20,elitize_generation_data,100,165,0.548,NA
102,31,syllables,ifs,FALSE,20,elitize_generation_data,101,171,0.568,NA
103,31,syllables,ifs,FALSE,20,elitize_generation_data,102,162,0.561,NA
104,31,syllables,ifs,FALSE,20,elitize_generation_data,103,169,0.532,NA
105,31,syllables,ifs,FALSE,20,elitize_generation_data,104,161,0.537,NA
106,31,syllables,ifs,FALSE,20,elitize_generation_data,105,163,0.538,NA
107,31,syllables,ifs,FALSE,20,elitize_generation_data,106,161,0.544,NA
108,31,syllables,ifs,FALSE,20,elitize_generation_data,107,168,0.56,NA
109,31,syllables,ifs,FALSE,20,elitize_generation_data,108,177,0.555,NA
110,31,syllables,ifs,FALSE,20,elitize_generation_data,109,167,0.54,NA
111,31,syllables,ifs,FALSE,20,elitize_generation_data,110,170,0.559,NA
112,31,syllables,ifs,FALSE,20,elitize_generation_data,111,161,0.534,NA
113,31,syllables,ifs,FALSE,20,elitize_generation_data,112,179,0.564,NA
114,31,syllables,ifs,FALSE,20,elitize_generation_data,113,182,0.55,NA
115,31,syllables,ifs,FALSE,20,elitize_generation_data,114,178,0.582,NA
116,31,syllables,ifs,FALSE,20,elitize_generation_data,115,179,0.551,NA
117,31,syllables,ifs,FALSE,20,elitize_generation_data,116,205,0.586,NA
118,31,syllables,ifs,FALSE,20,elitize_generation_data,117,190,0.608,NA
119,31,syllables,ifs,FALSE,20,elitize_generation_data,118,221,0.602,NA
120,31,syllables,ifs,FALSE,20,elitize_generation_data,119,198,0.609,NA
121,31,syllables,ifs,FALSE,20,elitize_generation_data,120,213,0.609,NA
122,31,syllables,ifs,FALSE,20,elitize_generation_data,121,215,0.641,NA
123,31,syllables,ifs,FALSE,20,elitize_generation_data,122,207,0.613,NA
124,31,syllables,ifs,FALSE,20,elitize_generation_data,123,211,0.618,NA
125,31,syllables,ifs,FALSE,20,elitize_generation_data,124,205,0.617,NA
126,31,syllables,ifs,FALSE,20,elitize_generation_data,125,202,0.593,NA
127,31,syllables,ifs,FALSE,20,elitize_generation_data,126,205,0.606,NA
128,31,syllables,ifs,FALSE,20,elitize_generation_data,127,197,0.585,NA
129,31,syllables,ifs,FALSE,20,elitize_generation_data,128,185,0.613,NA
130,31,syllables,ifs,FALSE,20,elitize_generation_data,129,199,0.593,NA
131,31,syllables,ifs,FALSE,20,elitize_generation_data,130,199,0.577,NA
132,31,syllables,ifs,FALSE,20,elitize_generation_data,131,204,0.618,NA
133,31,syllables,ifs,FALSE,20,elitize_generation_data,132,199,0.617,NA
134,31,syllables,ifs,FALSE,20,elitize_generation_data,133,208,0.6,NA
135,31,syllables,ifs,FALSE,20,elitize_generation_data,134,197,0.606,NA
136,31,syllables,ifs,FALSE,20,elitize_generation_data,135,187,0.598,NA
137,31,syllables,ifs,FALSE,20,elitize_generation_data,136,185,0.593,NA
138,31,syllables,ifs,FALSE,20,elitize_generation_data,137,186,0.572,NA
139,31,syllables,ifs,FALSE,20,elitize_generation_data,138,198,0.634,NA
140,31,syllables,ifs,FALSE,20,elitize_generation_data,139,213,0.626,NA
141,31,syllables,ifs,FALSE,20,elitize_generation_data,140,205,0.628,NA
142,31,syllables,ifs,FALSE,20,elitize_generation_data,141,207,0.622,NA
143,31,syllables,ifs,FALSE,20,elitize_generation_data,142,206,0.603,NA
144,31,syllables,ifs,FALSE,20,elitize_generation_data,143,211,0.635,NA
145,31,syllables,ifs,FALSE,20,elitize_generation_data,144,208,0.648,NA
146,31,syllables,ifs,FALSE,20,elitize_generation_data,145,202,0.622,NA
147,31,syllables,ifs,FALSE,20,elitize_generation_data,146,200,0.628,NA
148,31,syllables,ifs,FALSE,20,elitize_generation_data,147,199,0.621,NA
149,31,syllables,ifs,FALSE,20,elitize_generation_data,148,208,0.631,NA
150,31,syllables,ifs,FALSE,20,elitize_generation_data,149,203,0.629,NA
151,31,syllables,ifs,FALSE,20,elitize_generation_data,150,217,0.596,NA
152,31,syllables,ifs,FALSE,20,elitize_generation_data,151,207,0.605,NA
153,31,syllables,ifs,FALSE,20,elitize_generation_data,152,200,0.621,NA
154,31,syllables,ifs,FALSE,20,elitize_generation_data,153,207,0.636,NA
155,31,syllables,ifs,FALSE,20,elitize_generation_data,154,194,0.65,NA
156,31,syllables,ifs,FALSE,20,elitize_generation_data,155,210,0.641,NA
157,31,syllables,ifs,FALSE,20,elitize_generation_data,156,206,0.613,NA
158,31,syllables,ifs,FALSE,20,elitize_generation_data,157,198,0.617,NA
159,31,syllables,ifs,FALSE,20,elitize_generation_data,158,190,0.603,NA
160,31,syllables,ifs,FALSE,20,elitize_generation_data,159,199,0.623,NA
161,31,syllables,ifs,FALSE,20,elitize_generation_data,160,205,0.644,NA
162,31,syllables,ifs,FALSE,20,elitize_generation_data,161,222,0.643,NA
163,31,syllables,ifs,FALSE,20,elitize_generation_data,162,211,0.62,NA
164,31,syllables,ifs,FALSE,20,elitize_generation_data,163,204,0.616,NA
165,31,syllables,ifs,FALSE,20,elitize_generation_data,164,196,0.616,NA
166,31,syllables,ifs,FALSE,20,elitize_generation_data,165,204,0.636,NA
167,31,syllables,ifs,FALSE,20,elitize_generation_data,166,198,0.622,NA
168,31,syllables,ifs,FALSE,20,elitize_generation_data,167,196,0.635,NA
169,31,syllables,ifs,FALSE,20,elitize_generation_data,168,202,0.632,NA
170,31,syllables,ifs,FALSE,20,elitize_generation_data,169,189,0.618,NA
171,31,syllables,ifs,FALSE,20,elitize_generation_data,170,191,0.622,NA
172,31,syllables,ifs,FALSE,20,elitize_generation_data,171,176,0.625,NA
173,31,syllables,ifs,FALSE,20,elitize_generation_data,172,200,0.654,NA
174,31,syllables,ifs,FALSE,20,elitize_generation_data,173,199,0.619,NA
175,31,syllables,ifs,FALSE,20,elitize_generation_data,174,204,0.619,NA
176,31,syllables,ifs,FALSE,20,elitize_generation_data,175,205,0.596,NA
177,31,syllables,ifs,FALSE,20,elitize_generation_data,176,180,0.598,NA
178,31,syllables,ifs,FALSE,20,elitize_generation_data,177,204,0.617,NA
179,31,syllables,ifs,FALSE,20,elitize_generation_data,178,192,0.598,NA
180,31,syllables,ifs,FALSE,20,elitize_generation_data,179,200,0.633,NA
181,31,syllables,ifs,FALSE,20,elitize_generation_data,180,182,0.618,NA
182,31,syllables,ifs,FALSE,20,elitize_generation_data,181,196,0.619,NA
183,31,syllables,ifs,FALSE,20,elitize_generation_data,182,198,0.636,NA
184,31,syllables,ifs,FALSE,20,elitize_generation_data,183,208,0.637,NA
185,31,syllables,ifs,FALSE,20,elitize_generation_data,184,203,0.626,NA
186,31,syllables,ifs,FALSE,20,elitize_generation_data,185,209,0.622,NA
187,31,syllables,ifs,FALSE,20,elitize_generation_data,186,218,0.632,NA
188,31,syllables,ifs,FALSE,20,elitize_generation_data,187,199,0.612,NA
189,31,syllables,ifs,FALSE,20,elitize_generation_data,188,195,0.613,NA
190,31,syllables,ifs,FALSE,20,elitize_generation_data,189,201,0.601,NA
191,31,syllables,ifs,FALSE,20,elitize_generation_data,190,204,0.617,NA
192,31,syllables,ifs,FALSE,20,elitize_generation_data,191,223,0.63,NA
193,31,syllables,ifs,FALSE,20,elitize_generation_data,192,198,0.643,NA
194,31,syllables,ifs,FALSE,20,elitize_generation_data,193,173,0.622,NA
195,31,syllables,ifs,FALSE,20,elitize_generation_data,194,194,0.601,NA
196,31,syllables,ifs,FALSE,20,elitize_generation_data,195,207,0.636,NA
197,31,syllables,ifs,FALSE,20,elitize_generation_data,196,206,0.646,NA
198,31,syllables,ifs,FALSE,20,elitize_generation_data,197,192,0.597,NA
199,31,syllables,ifs,FALSE,20,elitize_generation_data,198,208,0.655,NA
200,31,syllables,ifs,FALSE,20,elitize_generation_data,199,213,0.63,NA
201,31,syllables,ifs,FALSE,20,elitize_generation_data,200,215,0.61,NA
202,31,syllables,ifs,FALSE,20,elitize_generation_data,201,208,0.605,NA
203,31,syllables,ifs,FALSE,20,elitize_generation_data,202,221,0.586,NA
204,31,syllables,ifs,FALSE,20,elitize_generation_data,203,203,0.611,NA
205,31,syllables,ifs,FALSE,20,elitize_generation_data,204,207,0.617,NA
206,31,syllables,ifs,FALSE,20,elitize_generation_data,205,194,0.588,NA
207,31,syllables,ifs,FALSE,20,elitize_generation_data,206,198,0.608,NA
208,31,syllables,ifs,FALSE,20,elitize_generation_data,207,183,0.573,NA
209,31,syllables,ifs,FALSE,20,elitize_generation_data,208,184,0.577,NA
210,31,syllables,ifs,FALSE,20,elitize_generation_data,209,204,0.61,NA
211,31,syllables,ifs,FALSE,20,elitize_generation_data,210,204,0.59,NA
212,31,syllables,ifs,FALSE,20,elitize_generation_data,211,200,0.612,NA
213,31,syllables,ifs,FALSE,20,elitize_generation_data,212,209,0.631,NA
214,31,syllables,ifs,FALSE,20,elitize_generation_data,213,203,0.596,NA
215,31,syllables,ifs,FALSE,20,elitize_generation_data,214,197,0.587,NA
216,31,syllables,ifs,FALSE,20,elitize_generation_data,215,194,0.594,NA
217,31,syllables,ifs,FALSE,20,elitize_generation_data,216,203,0.591,NA
218,31,syllables,ifs,FALSE,20,elitize_generation_data,217,209,0.581,NA
219,31,syllables,ifs,FALSE,20,elitize_generation_data,218,189,0.597,NA
220,31,syllables,ifs,FALSE,20,elitize_generation_data,219,210,0.621,NA
221,31,syllables,ifs,FALSE,20,elitize_generation_data,220,191,0.602,NA
222,31,syllables,ifs,FALSE,20,elitize_generation_data,221,177,0.578,NA
223,31,syllables,ifs,FALSE,20,elitize_generation_data,222,201,0.61,NA
224,31,syllables,ifs,FALSE,20,elitize_generation_data,223,194,0.6,NA
225,31,syllables,ifs,FALSE,20,elitize_generation_data,224,207,0.595,NA
226,31,syllables,ifs,FALSE,20,elitize_generation_data,225,199,0.589,NA
227,31,syllables,ifs,FALSE,20,elitize_generation_data,226,196,0.583,NA
228,31,syllables,ifs,FALSE,20,elitize_generation_data,227,204,0.583,NA
229,31,syllables,ifs,FALSE,20,elitize_generation_data,228,194,0.601,NA
230,31,syllables,ifs,FALSE,20,elitize_generation_data,229,213,0.597,NA
231,31,syllables,ifs,FALSE,20,elitize_generation_data,230,211,0.622,NA
232,31,syllables,ifs,FALSE,20,elitize_generation_data,231,203,0.609,NA
233,31,syllables,ifs,FALSE,20,elitize_generation_data,232,195,0.597,NA
234,31,syllables,ifs,FALSE,20,elitize_generation_data,233,198,0.594,NA
235,31,syllables,ifs,FALSE,20,elitize_generation_data,234,183,0.591,NA
236,31,syllables,ifs,FALSE,20,elitize_generation_data,235,194,0.613,NA
237,31,syllables,ifs,FALSE,20,elitize_generation_data,236,189,0.608,NA
238,31,syllables,ifs,FALSE,20,elitize_generation_data,237,207,0.592,NA
239,31,syllables,ifs,FALSE,20,elitize_generation_data,238,197,0.603,NA
240,31,syllables,ifs,FALSE,20,elitize_generation_data,239,198,0.611,NA
241,31,syllables,ifs,FALSE,20,elitize_generation_data,240,205,0.596,NA
242,31,syllables,ifs,FALSE,20,elitize_generation_data,241,210,0.625,NA
243,31,syllables,ifs,FALSE,20,elitize_generation_data,242,210,0.643,NA
244,31,syllables,ifs,FALSE,20,elitize_generation_data,243,230,0.643,NA
245,31,syllables,ifs,FALSE,20,elitize_generation_data,244,236,0.667,NA
246,31,syllables,ifs,FALSE,20,elitize_generation_data,245,225,0.656,NA
247,31,syllables,ifs,FALSE,20,elitize_generation_data,246,244,0.677,NA
248,31,syllables,ifs,FALSE,20,elitize_generation_data,247,248,0.687,NA
249,31,syllables,ifs,FALSE,20,elitize_generation_data,248,259,0.696,NA
250,31,syllables,ifs,FALSE,20,elitize_generation_data,249,253,0.676,NA
251,31,syllables,ifs,FALSE,20,elitize_generation_data,250,242,0.662,NA
252,31,syllables,ifs,FALSE,20,elitize_generation_data,251,236,0.659,NA
253,31,syllables,ifs,FALSE,20,elitize_generation_data,252,221,0.669,NA
254,31,syllables,ifs,FALSE,20,elitize_generation_data,253,255,0.709,NA
255,31,syllables,ifs,FALSE,20,elitize_generation_data,254,258,0.68,NA
256,31,syllables,ifs,FALSE,20,elitize_generation_data,255,238,0.659,NA
257,31,syllables,ifs,FALSE,20,elitize_generation_data,256,245,0.655,NA
258,31,syllables,ifs,FALSE,20,elitize_generation_data,257,244,0.663,NA
259,31,syllables,ifs,FALSE,20,elitize_generation_data,258,234,0.668,NA
260,31,syllables,ifs,FALSE,20,elitize_generation_data,259,246,0.662,NA
261,31,syllables,ifs,FALSE,20,elitize_generation_data,260,240,0.663,NA
262,31,syllables,ifs,FALSE,20,elitize_generation_data,261,232,0.646,NA
263,31,syllables,ifs,FALSE,20,elitize_generation_data,262,258,0.698,NA
264,31,syllables,ifs,FALSE,20,elitize_generation_data,263,234,0.681,NA
265,31,syllables,ifs,FALSE,20,elitize_generation_data,264,234,0.676,NA
266,31,syllables,ifs,FALSE,20,elitize_generation_data,265,249,0.68,NA
267,31,syllables,ifs,FALSE,20,elitize_generation_data,266,234,0.68,NA
268,31,syllables,ifs,FALSE,20,elitize_generation_data,267,240,0.701,NA
269,31,syllables,ifs,FALSE,20,elitize_generation_data,268,259,0.706,NA
270,31,syllables,ifs,FALSE,20,elitize_generation_data,269,280,0.723,NA
271,31,syllables,ifs,FALSE,20,elitize_generation_data,270,254,0.673,NA
272,31,syllables,ifs,FALSE,20,elitize_generation_data,271,247,0.67,NA
273,31,syllables,ifs,FALSE,20,elitize_generation_data,272,230,0.628,NA
274,31,syllables,ifs,FALSE,20,elitize_generation_data,273,269,0.677,NA
275,31,syllables,ifs,FALSE,20,elitize_generation_data,274,244,0.671,NA
276,31,syllables,ifs,FALSE,20,elitize_generation_data,275,248,0.662,NA
277,31,syllables,ifs,FALSE,20,elitize_generation_data,276,245,0.681,NA
278,31,syllables,ifs,FALSE,20,elitize_generation_data,277,265,0.678,NA
279,31,syllables,ifs,FALSE,20,elitize_generation_data,278,250,0.707,NA
280,31,syllables,ifs,FALSE,20,elitize_generation_data,279,269,0.689,NA
281,31,syllables,ifs,FALSE,20,elitize_generation_data,280,272,0.7,NA
282,31,syllables,ifs,FALSE,20,elitize_generation_data,281,273,0.71,NA
283,31,syllables,ifs,FALSE,20,elitize_generation_data,282,253,0.696,NA
284,31,syllables,ifs,FALSE,20,elitize_generation_data,283,259,0.707,NA
285,31,syllables,ifs,FALSE,20,elitize_generation_data,284,285,0.711,NA
286,31,syllables,ifs,FALSE,20,elitize_generation_data,285,258,0.715,NA
287,31,syllables,ifs,FALSE,20,elitize_generation_data,286,254,0.686,NA
288,31,syllables,ifs,FALSE,20,elitize_generation_data,287,249,0.705,NA
289,31,syllables,ifs,FALSE,20,elitize_generation_data,288,244,0.677,NA
290,31,syllables,ifs,FALSE,20,elitize_generation_data,289,247,0.71,NA
291,31,syllables,ifs,FALSE,20,elitize_generation_data,290,255,0.712,NA
292,31,syllables,ifs,FALSE,20,elitize_generation_data,291,250,0.714,NA
293,31,syllables,ifs,FALSE,20,elitize_generation_data,292,251,0.697,NA
294,31,syllables,ifs,FALSE,20,elitize_generation_data,293,240,0.698,NA
295,31,syllables,ifs,FALSE,20,elitize_generation_data,294,231,0.664,NA
296,31,syllables,ifs,FALSE,20,elitize_generation_data,295,227,0.662,NA
297,31,syllables,ifs,FALSE,20,elitize_generation_data,296,244,0.671,NA
298,31,syllables,ifs,FALSE,20,elitize_generation_data,297,272,0.704,NA
299,31,syllables,ifs,FALSE,20,elitize_generation_data,298,247,0.669,NA
300,31,syllables,ifs,FALSE,20,elitize_generation_data,299,225,0.654,NA
301,31,syllables,ifs,FALSE,20,elitize_generation_data,300,254,0.681,NA
