,run.num,problem,treatment,succeeded,height,normalization.function,generation,cluster.count,error.diversity,success.generation
1,0,syllables,ifs,FALSE,20,elitize_generation_data,0,4,0.276,NA
2,0,syllables,ifs,FALSE,20,elitize_generation_data,1,5,0.216,NA
3,0,syllables,ifs,FALSE,20,elitize_generation_data,2,6,0.259,NA
4,0,syllables,ifs,FALSE,20,elitize_generation_data,3,6,0.136,NA
5,0,syllables,ifs,FALSE,20,elitize_generation_data,4,8,0.142,NA
6,0,syllables,ifs,FALSE,20,elitize_generation_data,5,8,0.2,NA
7,0,syllables,ifs,FALSE,20,elitize_generation_data,6,9,0.182,NA
8,0,syllables,ifs,FALSE,20,elitize_generation_data,7,8,0.132,NA
9,0,syllables,ifs,FALSE,20,elitize_generation_data,8,10,0.109,NA
10,0,syllables,ifs,FALSE,20,elitize_generation_data,9,9,0.119,NA
11,0,syllables,ifs,FALSE,20,elitize_generation_data,10,10,0.13,NA
12,0,syllables,ifs,FALSE,20,elitize_generation_data,11,8,0.124,NA
13,0,syllables,ifs,FALSE,20,elitize_generation_data,12,10,0.131,NA
14,0,syllables,ifs,FALSE,20,elitize_generation_data,13,10,0.114,NA
15,0,syllables,ifs,FALSE,20,elitize_generation_data,14,10,0.131,NA
16,0,syllables,ifs,FALSE,20,elitize_generation_data,15,10,0.115,NA
17,0,syllables,ifs,FALSE,20,elitize_generation_data,16,10,0.12,NA
18,0,syllables,ifs,FALSE,20,elitize_generation_data,17,8,0.129,NA
19,0,syllables,ifs,FALSE,20,elitize_generation_data,18,10,0.131,NA
20,0,syllables,ifs,FALSE,20,elitize_generation_data,19,10,0.119,NA
21,0,syllables,ifs,FALSE,20,elitize_generation_data,20,10,0.108,NA
22,0,syllables,ifs,FALSE,20,elitize_generation_data,21,10,0.136,NA
23,0,syllables,ifs,FALSE,20,elitize_generation_data,22,11,0.174,NA
24,0,syllables,ifs,FALSE,20,elitize_generation_data,23,10,0.151,NA
25,0,syllables,ifs,FALSE,20,elitize_generation_data,24,10,0.151,NA
26,0,syllables,ifs,FALSE,20,elitize_generation_data,25,10,0.157,NA
27,0,syllables,ifs,FALSE,20,elitize_generation_data,26,10,0.173,NA
28,0,syllables,ifs,FALSE,20,elitize_generation_data,27,10,0.178,NA
29,0,syllables,ifs,FALSE,20,elitize_generation_data,28,10,0.185,NA
30,0,syllables,ifs,FALSE,20,elitize_generation_data,29,10,0.173,NA
31,0,syllables,ifs,FALSE,20,elitize_generation_data,30,10,0.179,NA
32,0,syllables,ifs,FALSE,20,elitize_generation_data,31,9,0.194,NA
33,0,syllables,ifs,FALSE,20,elitize_generation_data,32,10,0.223,NA
34,0,syllables,ifs,FALSE,20,elitize_generation_data,33,10,0.228,NA
35,0,syllables,ifs,FALSE,20,elitize_generation_data,34,10,0.204,NA
36,0,syllables,ifs,FALSE,20,elitize_generation_data,35,9,0.204,NA
37,0,syllables,ifs,FALSE,20,elitize_generation_data,36,11,0.24,NA
38,0,syllables,ifs,FALSE,20,elitize_generation_data,37,11,0.254,NA
39,0,syllables,ifs,FALSE,20,elitize_generation_data,38,12,0.235,NA
40,0,syllables,ifs,FALSE,20,elitize_generation_data,39,13,0.194,NA
41,0,syllables,ifs,FALSE,20,elitize_generation_data,40,14,0.22,NA
42,0,syllables,ifs,FALSE,20,elitize_generation_data,41,11,0.248,NA
43,0,syllables,ifs,FALSE,20,elitize_generation_data,42,14,0.274,NA
44,0,syllables,ifs,FALSE,20,elitize_generation_data,43,17,0.295,NA
45,0,syllables,ifs,FALSE,20,elitize_generation_data,44,17,0.286,NA
46,0,syllables,ifs,FALSE,20,elitize_generation_data,45,20,0.28,NA
47,0,syllables,ifs,FALSE,20,elitize_generation_data,46,22,0.292,NA
48,0,syllables,ifs,FALSE,20,elitize_generation_data,47,23,0.34,NA
49,0,syllables,ifs,FALSE,20,elitize_generation_data,48,23,0.291,NA
50,0,syllables,ifs,FALSE,20,elitize_generation_data,49,25,0.323,NA
51,0,syllables,ifs,FALSE,20,elitize_generation_data,50,25,0.355,NA
52,0,syllables,ifs,FALSE,20,elitize_generation_data,51,26,0.373,NA
53,0,syllables,ifs,FALSE,20,elitize_generation_data,52,26,0.371,NA
54,0,syllables,ifs,FALSE,20,elitize_generation_data,53,25,0.333,NA
55,0,syllables,ifs,FALSE,20,elitize_generation_data,54,25,0.373,NA
56,0,syllables,ifs,FALSE,20,elitize_generation_data,55,28,0.386,NA
57,0,syllables,ifs,FALSE,20,elitize_generation_data,56,25,0.396,NA
58,0,syllables,ifs,FALSE,20,elitize_generation_data,57,29,0.346,NA
59,0,syllables,ifs,FALSE,20,elitize_generation_data,58,28,0.373,NA
60,0,syllables,ifs,FALSE,20,elitize_generation_data,59,26,0.39,NA
61,0,syllables,ifs,FALSE,20,elitize_generation_data,60,27,0.415,NA
62,0,syllables,ifs,FALSE,20,elitize_generation_data,61,25,0.394,NA
63,0,syllables,ifs,FALSE,20,elitize_generation_data,62,26,0.397,NA
64,0,syllables,ifs,FALSE,20,elitize_generation_data,63,28,0.413,NA
65,0,syllables,ifs,FALSE,20,elitize_generation_data,64,28,0.392,NA
66,0,syllables,ifs,FALSE,20,elitize_generation_data,65,25,0.411,NA
67,0,syllables,ifs,FALSE,20,elitize_generation_data,66,25,0.426,NA
68,0,syllables,ifs,FALSE,20,elitize_generation_data,67,25,0.438,NA
69,0,syllables,ifs,FALSE,20,elitize_generation_data,68,29,0.428,NA
70,0,syllables,ifs,FALSE,20,elitize_generation_data,69,25,0.413,NA
71,0,syllables,ifs,FALSE,20,elitize_generation_data,70,27,0.418,NA
72,0,syllables,ifs,FALSE,20,elitize_generation_data,71,25,0.431,NA
73,0,syllables,ifs,FALSE,20,elitize_generation_data,72,24,0.438,NA
74,0,syllables,ifs,FALSE,20,elitize_generation_data,73,31,0.434,NA
75,0,syllables,ifs,FALSE,20,elitize_generation_data,74,23,0.456,NA
76,0,syllables,ifs,FALSE,20,elitize_generation_data,75,23,0.425,NA
77,0,syllables,ifs,FALSE,20,elitize_generation_data,76,25,0.443,NA
78,0,syllables,ifs,FALSE,20,elitize_generation_data,77,27,0.433,NA
79,0,syllables,ifs,FALSE,20,elitize_generation_data,78,22,0.463,NA
80,0,syllables,ifs,FALSE,20,elitize_generation_data,79,26,0.463,NA
81,0,syllables,ifs,FALSE,20,elitize_generation_data,80,26,0.464,NA
82,0,syllables,ifs,FALSE,20,elitize_generation_data,81,33,0.485,NA
83,0,syllables,ifs,FALSE,20,elitize_generation_data,82,27,0.463,NA
84,0,syllables,ifs,FALSE,20,elitize_generation_data,83,28,0.45,NA
85,0,syllables,ifs,FALSE,20,elitize_generation_data,84,28,0.429,NA
86,0,syllables,ifs,FALSE,20,elitize_generation_data,85,30,0.406,NA
87,0,syllables,ifs,FALSE,20,elitize_generation_data,86,34,0.426,NA
88,0,syllables,ifs,FALSE,20,elitize_generation_data,87,29,0.397,NA
89,0,syllables,ifs,FALSE,20,elitize_generation_data,88,31,0.425,NA
90,0,syllables,ifs,FALSE,20,elitize_generation_data,89,31,0.437,NA
91,0,syllables,ifs,FALSE,20,elitize_generation_data,90,24,0.445,NA
92,0,syllables,ifs,FALSE,20,elitize_generation_data,91,26,0.454,NA
93,0,syllables,ifs,FALSE,20,elitize_generation_data,92,32,0.44,NA
94,0,syllables,ifs,FALSE,20,elitize_generation_data,93,30,0.464,NA
95,0,syllables,ifs,FALSE,20,elitize_generation_data,94,27,0.456,NA
96,0,syllables,ifs,FALSE,20,elitize_generation_data,95,25,0.461,NA
97,0,syllables,ifs,FALSE,20,elitize_generation_data,96,28,0.456,NA
98,0,syllables,ifs,FALSE,20,elitize_generation_data,97,31,0.435,NA
99,0,syllables,ifs,FALSE,20,elitize_generation_data,98,28,0.403,NA
100,0,syllables,ifs,FALSE,20,elitize_generation_data,99,23,0.368,NA
101,0,syllables,ifs,FALSE,20,elitize_generation_data,100,31,0.379,NA
102,0,syllables,ifs,FALSE,20,elitize_generation_data,101,27,0.355,NA
103,0,syllables,ifs,FALSE,20,elitize_generation_data,102,26,0.368,NA
104,0,syllables,ifs,FALSE,20,elitize_generation_data,103,31,0.386,NA
105,0,syllables,ifs,FALSE,20,elitize_generation_data,104,26,0.379,NA
106,0,syllables,ifs,FALSE,20,elitize_generation_data,105,31,0.371,NA
107,0,syllables,ifs,FALSE,20,elitize_generation_data,106,25,0.394,NA
108,0,syllables,ifs,FALSE,20,elitize_generation_data,107,28,0.383,NA
109,0,syllables,ifs,FALSE,20,elitize_generation_data,108,29,0.39,NA
110,0,syllables,ifs,FALSE,20,elitize_generation_data,109,24,0.378,NA
111,0,syllables,ifs,FALSE,20,elitize_generation_data,110,28,0.384,NA
112,0,syllables,ifs,FALSE,20,elitize_generation_data,111,29,0.388,NA
113,0,syllables,ifs,FALSE,20,elitize_generation_data,112,27,0.397,NA
114,0,syllables,ifs,FALSE,20,elitize_generation_data,113,28,0.396,NA
115,0,syllables,ifs,FALSE,20,elitize_generation_data,114,29,0.384,NA
116,0,syllables,ifs,FALSE,20,elitize_generation_data,115,31,0.395,NA
117,0,syllables,ifs,FALSE,20,elitize_generation_data,116,28,0.389,NA
118,0,syllables,ifs,FALSE,20,elitize_generation_data,117,24,0.402,NA
119,0,syllables,ifs,FALSE,20,elitize_generation_data,118,31,0.388,NA
120,0,syllables,ifs,FALSE,20,elitize_generation_data,119,27,0.405,NA
121,0,syllables,ifs,FALSE,20,elitize_generation_data,120,28,0.394,NA
122,0,syllables,ifs,FALSE,20,elitize_generation_data,121,28,0.369,NA
123,0,syllables,ifs,FALSE,20,elitize_generation_data,122,30,0.368,NA
124,0,syllables,ifs,FALSE,20,elitize_generation_data,123,29,0.371,NA
125,0,syllables,ifs,FALSE,20,elitize_generation_data,124,29,0.377,NA
126,0,syllables,ifs,FALSE,20,elitize_generation_data,125,28,0.382,NA
127,0,syllables,ifs,FALSE,20,elitize_generation_data,126,26,0.386,NA
128,0,syllables,ifs,FALSE,20,elitize_generation_data,127,26,0.412,NA
129,0,syllables,ifs,FALSE,20,elitize_generation_data,128,30,0.408,NA
130,0,syllables,ifs,FALSE,20,elitize_generation_data,129,29,0.376,NA
131,0,syllables,ifs,FALSE,20,elitize_generation_data,130,25,0.409,NA
132,0,syllables,ifs,FALSE,20,elitize_generation_data,131,31,0.42,NA
133,0,syllables,ifs,FALSE,20,elitize_generation_data,132,28,0.4,NA
134,0,syllables,ifs,FALSE,20,elitize_generation_data,133,25,0.378,NA
135,0,syllables,ifs,FALSE,20,elitize_generation_data,134,26,0.385,NA
136,0,syllables,ifs,FALSE,20,elitize_generation_data,135,26,0.411,NA
137,0,syllables,ifs,FALSE,20,elitize_generation_data,136,26,0.368,NA
138,0,syllables,ifs,FALSE,20,elitize_generation_data,137,27,0.388,NA
139,0,syllables,ifs,FALSE,20,elitize_generation_data,138,27,0.383,NA
140,0,syllables,ifs,FALSE,20,elitize_generation_data,139,28,0.404,NA
141,0,syllables,ifs,FALSE,20,elitize_generation_data,140,28,0.398,NA
142,0,syllables,ifs,FALSE,20,elitize_generation_data,141,29,0.402,NA
143,0,syllables,ifs,FALSE,20,elitize_generation_data,142,26,0.397,NA
144,0,syllables,ifs,FALSE,20,elitize_generation_data,143,24,0.385,NA
145,0,syllables,ifs,FALSE,20,elitize_generation_data,144,27,0.379,NA
146,0,syllables,ifs,FALSE,20,elitize_generation_data,145,26,0.371,NA
147,0,syllables,ifs,FALSE,20,elitize_generation_data,146,32,0.4,NA
148,0,syllables,ifs,FALSE,20,elitize_generation_data,147,28,0.394,NA
149,0,syllables,ifs,FALSE,20,elitize_generation_data,148,24,0.395,NA
150,0,syllables,ifs,FALSE,20,elitize_generation_data,149,27,0.379,NA
151,0,syllables,ifs,FALSE,20,elitize_generation_data,150,32,0.369,NA
152,0,syllables,ifs,FALSE,20,elitize_generation_data,151,31,0.377,NA
153,0,syllables,ifs,FALSE,20,elitize_generation_data,152,26,0.4,NA
154,0,syllables,ifs,FALSE,20,elitize_generation_data,153,27,0.396,NA
155,0,syllables,ifs,FALSE,20,elitize_generation_data,154,25,0.407,NA
156,0,syllables,ifs,FALSE,20,elitize_generation_data,155,32,0.418,NA
157,0,syllables,ifs,FALSE,20,elitize_generation_data,156,28,0.402,NA
158,0,syllables,ifs,FALSE,20,elitize_generation_data,157,32,0.416,NA
159,0,syllables,ifs,FALSE,20,elitize_generation_data,158,32,0.422,NA
160,0,syllables,ifs,FALSE,20,elitize_generation_data,159,26,0.421,NA
161,0,syllables,ifs,FALSE,20,elitize_generation_data,160,28,0.438,NA
162,0,syllables,ifs,FALSE,20,elitize_generation_data,161,26,0.405,NA
163,0,syllables,ifs,FALSE,20,elitize_generation_data,162,30,0.444,NA
164,0,syllables,ifs,FALSE,20,elitize_generation_data,163,30,0.449,NA
165,0,syllables,ifs,FALSE,20,elitize_generation_data,164,28,0.437,NA
166,0,syllables,ifs,FALSE,20,elitize_generation_data,165,30,0.431,NA
167,0,syllables,ifs,FALSE,20,elitize_generation_data,166,30,0.434,NA
168,0,syllables,ifs,FALSE,20,elitize_generation_data,167,36,0.414,NA
169,0,syllables,ifs,FALSE,20,elitize_generation_data,168,36,0.423,NA
170,0,syllables,ifs,FALSE,20,elitize_generation_data,169,28,0.424,NA
171,0,syllables,ifs,FALSE,20,elitize_generation_data,170,29,0.422,NA
172,0,syllables,ifs,FALSE,20,elitize_generation_data,171,28,0.433,NA
173,0,syllables,ifs,FALSE,20,elitize_generation_data,172,25,0.427,NA
174,0,syllables,ifs,FALSE,20,elitize_generation_data,173,33,0.44,NA
175,0,syllables,ifs,FALSE,20,elitize_generation_data,174,38,0.45,NA
176,0,syllables,ifs,FALSE,20,elitize_generation_data,175,28,0.433,NA
177,0,syllables,ifs,FALSE,20,elitize_generation_data,176,33,0.452,NA
178,0,syllables,ifs,FALSE,20,elitize_generation_data,177,31,0.454,NA
179,0,syllables,ifs,FALSE,20,elitize_generation_data,178,36,0.453,NA
180,0,syllables,ifs,FALSE,20,elitize_generation_data,179,34,0.449,NA
181,0,syllables,ifs,FALSE,20,elitize_generation_data,180,30,0.453,NA
182,0,syllables,ifs,FALSE,20,elitize_generation_data,181,30,0.448,NA
183,0,syllables,ifs,FALSE,20,elitize_generation_data,182,27,0.495,NA
184,0,syllables,ifs,FALSE,20,elitize_generation_data,183,32,0.485,NA
185,0,syllables,ifs,FALSE,20,elitize_generation_data,184,34,0.467,NA
186,0,syllables,ifs,FALSE,20,elitize_generation_data,185,35,0.479,NA
187,0,syllables,ifs,FALSE,20,elitize_generation_data,186,32,0.453,NA
188,0,syllables,ifs,FALSE,20,elitize_generation_data,187,34,0.476,NA
189,0,syllables,ifs,FALSE,20,elitize_generation_data,188,36,0.489,NA
190,0,syllables,ifs,FALSE,20,elitize_generation_data,189,36,0.484,NA
191,0,syllables,ifs,FALSE,20,elitize_generation_data,190,33,0.466,NA
192,0,syllables,ifs,FALSE,20,elitize_generation_data,191,35,0.448,NA
193,0,syllables,ifs,FALSE,20,elitize_generation_data,192,32,0.495,NA
194,0,syllables,ifs,FALSE,20,elitize_generation_data,193,35,0.496,NA
195,0,syllables,ifs,FALSE,20,elitize_generation_data,194,34,0.493,NA
196,0,syllables,ifs,FALSE,20,elitize_generation_data,195,31,0.479,NA
197,0,syllables,ifs,FALSE,20,elitize_generation_data,196,36,0.481,NA
198,0,syllables,ifs,FALSE,20,elitize_generation_data,197,32,0.505,NA
199,0,syllables,ifs,FALSE,20,elitize_generation_data,198,34,0.495,NA
200,0,syllables,ifs,FALSE,20,elitize_generation_data,199,30,0.47,NA
201,0,syllables,ifs,FALSE,20,elitize_generation_data,200,32,0.461,NA
202,0,syllables,ifs,FALSE,20,elitize_generation_data,201,32,0.453,NA
203,0,syllables,ifs,FALSE,20,elitize_generation_data,202,32,0.453,NA
204,0,syllables,ifs,FALSE,20,elitize_generation_data,203,36,0.474,NA
205,0,syllables,ifs,FALSE,20,elitize_generation_data,204,33,0.464,NA
206,0,syllables,ifs,FALSE,20,elitize_generation_data,205,35,0.45,NA
207,0,syllables,ifs,FALSE,20,elitize_generation_data,206,31,0.464,NA
208,0,syllables,ifs,FALSE,20,elitize_generation_data,207,30,0.449,NA
209,0,syllables,ifs,FALSE,20,elitize_generation_data,208,36,0.495,NA
210,0,syllables,ifs,FALSE,20,elitize_generation_data,209,32,0.482,NA
211,0,syllables,ifs,FALSE,20,elitize_generation_data,210,34,0.48,NA
212,0,syllables,ifs,FALSE,20,elitize_generation_data,211,31,0.471,NA
213,0,syllables,ifs,FALSE,20,elitize_generation_data,212,31,0.489,NA
214,0,syllables,ifs,FALSE,20,elitize_generation_data,213,35,0.482,NA
215,0,syllables,ifs,FALSE,20,elitize_generation_data,214,28,0.495,NA
216,0,syllables,ifs,FALSE,20,elitize_generation_data,215,30,0.509,NA
217,0,syllables,ifs,FALSE,20,elitize_generation_data,216,35,0.491,NA
218,0,syllables,ifs,FALSE,20,elitize_generation_data,217,29,0.485,NA
219,0,syllables,ifs,FALSE,20,elitize_generation_data,218,31,0.453,NA
220,0,syllables,ifs,FALSE,20,elitize_generation_data,219,26,0.46,NA
221,0,syllables,ifs,FALSE,20,elitize_generation_data,220,29,0.466,NA
222,0,syllables,ifs,FALSE,20,elitize_generation_data,221,34,0.484,NA
223,0,syllables,ifs,FALSE,20,elitize_generation_data,222,36,0.513,NA
224,0,syllables,ifs,FALSE,20,elitize_generation_data,223,34,0.508,NA
225,0,syllables,ifs,FALSE,20,elitize_generation_data,224,36,0.468,NA
226,0,syllables,ifs,FALSE,20,elitize_generation_data,225,33,0.461,NA
227,0,syllables,ifs,FALSE,20,elitize_generation_data,226,37,0.487,NA
228,0,syllables,ifs,FALSE,20,elitize_generation_data,227,28,0.472,NA
229,0,syllables,ifs,FALSE,20,elitize_generation_data,228,36,0.458,NA
230,0,syllables,ifs,FALSE,20,elitize_generation_data,229,32,0.465,NA
231,0,syllables,ifs,FALSE,20,elitize_generation_data,230,29,0.462,NA
232,0,syllables,ifs,FALSE,20,elitize_generation_data,231,38,0.475,NA
233,0,syllables,ifs,FALSE,20,elitize_generation_data,232,35,0.482,NA
234,0,syllables,ifs,FALSE,20,elitize_generation_data,233,34,0.506,NA
235,0,syllables,ifs,FALSE,20,elitize_generation_data,234,38,0.504,NA
236,0,syllables,ifs,FALSE,20,elitize_generation_data,235,30,0.482,NA
237,0,syllables,ifs,FALSE,20,elitize_generation_data,236,35,0.507,NA
238,0,syllables,ifs,FALSE,20,elitize_generation_data,237,36,0.507,NA
239,0,syllables,ifs,FALSE,20,elitize_generation_data,238,32,0.452,NA
240,0,syllables,ifs,FALSE,20,elitize_generation_data,239,27,0.481,NA
241,0,syllables,ifs,FALSE,20,elitize_generation_data,240,36,0.481,NA
242,0,syllables,ifs,FALSE,20,elitize_generation_data,241,38,0.489,NA
243,0,syllables,ifs,FALSE,20,elitize_generation_data,242,36,0.506,NA
244,0,syllables,ifs,FALSE,20,elitize_generation_data,243,34,0.483,NA
245,0,syllables,ifs,FALSE,20,elitize_generation_data,244,36,0.486,NA
246,0,syllables,ifs,FALSE,20,elitize_generation_data,245,30,0.483,NA
247,0,syllables,ifs,FALSE,20,elitize_generation_data,246,37,0.501,NA
248,0,syllables,ifs,FALSE,20,elitize_generation_data,247,29,0.488,NA
249,0,syllables,ifs,FALSE,20,elitize_generation_data,248,27,0.476,NA
250,0,syllables,ifs,FALSE,20,elitize_generation_data,249,32,0.469,NA
251,0,syllables,ifs,FALSE,20,elitize_generation_data,250,34,0.493,NA
252,0,syllables,ifs,FALSE,20,elitize_generation_data,251,35,0.504,NA
253,0,syllables,ifs,FALSE,20,elitize_generation_data,252,35,0.486,NA
254,0,syllables,ifs,FALSE,20,elitize_generation_data,253,38,0.514,NA
255,0,syllables,ifs,FALSE,20,elitize_generation_data,254,32,0.521,NA
256,0,syllables,ifs,FALSE,20,elitize_generation_data,255,32,0.487,NA
257,0,syllables,ifs,FALSE,20,elitize_generation_data,256,29,0.477,NA
258,0,syllables,ifs,FALSE,20,elitize_generation_data,257,31,0.482,NA
259,0,syllables,ifs,FALSE,20,elitize_generation_data,258,30,0.479,NA
260,0,syllables,ifs,FALSE,20,elitize_generation_data,259,30,0.485,NA
261,0,syllables,ifs,FALSE,20,elitize_generation_data,260,30,0.477,NA
262,0,syllables,ifs,FALSE,20,elitize_generation_data,261,28,0.441,NA
263,0,syllables,ifs,FALSE,20,elitize_generation_data,262,32,0.491,NA
264,0,syllables,ifs,FALSE,20,elitize_generation_data,263,33,0.494,NA
265,0,syllables,ifs,FALSE,20,elitize_generation_data,264,28,0.472,NA
266,0,syllables,ifs,FALSE,20,elitize_generation_data,265,29,0.477,NA
267,0,syllables,ifs,FALSE,20,elitize_generation_data,266,27,0.482,NA
268,0,syllables,ifs,FALSE,20,elitize_generation_data,267,33,0.463,NA
269,0,syllables,ifs,FALSE,20,elitize_generation_data,268,29,0.525,NA
270,0,syllables,ifs,FALSE,20,elitize_generation_data,269,31,0.499,NA
271,0,syllables,ifs,FALSE,20,elitize_generation_data,270,28,0.497,NA
272,0,syllables,ifs,FALSE,20,elitize_generation_data,271,32,0.498,NA
273,0,syllables,ifs,FALSE,20,elitize_generation_data,272,28,0.5,NA
274,0,syllables,ifs,FALSE,20,elitize_generation_data,273,29,0.489,NA
275,0,syllables,ifs,FALSE,20,elitize_generation_data,274,25,0.504,NA
276,0,syllables,ifs,FALSE,20,elitize_generation_data,275,33,0.521,NA
277,0,syllables,ifs,FALSE,20,elitize_generation_data,276,29,0.483,NA
278,0,syllables,ifs,FALSE,20,elitize_generation_data,277,31,0.509,NA
279,0,syllables,ifs,FALSE,20,elitize_generation_data,278,38,0.493,NA
280,0,syllables,ifs,FALSE,20,elitize_generation_data,279,30,0.516,NA
281,0,syllables,ifs,FALSE,20,elitize_generation_data,280,30,0.502,NA
282,0,syllables,ifs,FALSE,20,elitize_generation_data,281,36,0.513,NA
283,0,syllables,ifs,FALSE,20,elitize_generation_data,282,31,0.509,NA
284,0,syllables,ifs,FALSE,20,elitize_generation_data,283,33,0.507,NA
285,0,syllables,ifs,FALSE,20,elitize_generation_data,284,36,0.533,NA
286,0,syllables,ifs,FALSE,20,elitize_generation_data,285,33,0.53,NA
287,0,syllables,ifs,FALSE,20,elitize_generation_data,286,34,0.502,NA
288,0,syllables,ifs,FALSE,20,elitize_generation_data,287,33,0.486,NA
289,0,syllables,ifs,FALSE,20,elitize_generation_data,288,32,0.512,NA
290,0,syllables,ifs,FALSE,20,elitize_generation_data,289,28,0.519,NA
291,0,syllables,ifs,FALSE,20,elitize_generation_data,290,29,0.503,NA
292,0,syllables,ifs,FALSE,20,elitize_generation_data,291,29,0.498,NA
293,0,syllables,ifs,FALSE,20,elitize_generation_data,292,27,0.5,NA
294,0,syllables,ifs,FALSE,20,elitize_generation_data,293,29,0.512,NA
295,0,syllables,ifs,FALSE,20,elitize_generation_data,294,37,0.544,NA
296,0,syllables,ifs,FALSE,20,elitize_generation_data,295,32,0.556,NA
297,0,syllables,ifs,FALSE,20,elitize_generation_data,296,38,0.58,NA
298,0,syllables,ifs,FALSE,20,elitize_generation_data,297,34,0.591,NA
299,0,syllables,ifs,FALSE,20,elitize_generation_data,298,36,0.62,NA
300,0,syllables,ifs,FALSE,20,elitize_generation_data,299,38,0.598,NA
301,0,syllables,ifs,FALSE,20,elitize_generation_data,300,26,0.583,NA
