,run.num,problem,treatment,succeeded,height,normalization.function,generation,cluster.count,error.diversity,success.generation
1,26,syllables,ifs,FALSE,20,elitize_generation_data,0,4,0.273,NA
2,26,syllables,ifs,FALSE,20,elitize_generation_data,1,4,0.187,NA
3,26,syllables,ifs,FALSE,20,elitize_generation_data,2,6,0.158,NA
4,26,syllables,ifs,FALSE,20,elitize_generation_data,3,6,0.091,NA
5,26,syllables,ifs,FALSE,20,elitize_generation_data,4,6,0.138,NA
6,26,syllables,ifs,FALSE,20,elitize_generation_data,5,7,0.201,NA
7,26,syllables,ifs,FALSE,20,elitize_generation_data,6,9,0.28,NA
8,26,syllables,ifs,FALSE,20,elitize_generation_data,7,9,0.25,NA
9,26,syllables,ifs,FALSE,20,elitize_generation_data,8,8,0.143,NA
10,26,syllables,ifs,FALSE,20,elitize_generation_data,9,9,0.099,NA
11,26,syllables,ifs,FALSE,20,elitize_generation_data,10,9,0.104,NA
12,26,syllables,ifs,FALSE,20,elitize_generation_data,11,9,0.091,NA
13,26,syllables,ifs,FALSE,20,elitize_generation_data,12,8,0.078,NA
14,26,syllables,ifs,FALSE,20,elitize_generation_data,13,9,0.082,NA
15,26,syllables,ifs,FALSE,20,elitize_generation_data,14,8,0.065,NA
16,26,syllables,ifs,FALSE,20,elitize_generation_data,15,7,0.086,NA
17,26,syllables,ifs,FALSE,20,elitize_generation_data,16,9,0.062,NA
18,26,syllables,ifs,FALSE,20,elitize_generation_data,17,9,0.071,NA
19,26,syllables,ifs,FALSE,20,elitize_generation_data,18,9,0.074,NA
20,26,syllables,ifs,FALSE,20,elitize_generation_data,19,9,0.07,NA
21,26,syllables,ifs,FALSE,20,elitize_generation_data,20,10,0.065,NA
22,26,syllables,ifs,FALSE,20,elitize_generation_data,21,7,0.076,NA
23,26,syllables,ifs,FALSE,20,elitize_generation_data,22,9,0.077,NA
24,26,syllables,ifs,FALSE,20,elitize_generation_data,23,9,0.084,NA
25,26,syllables,ifs,FALSE,20,elitize_generation_data,24,8,0.086,NA
26,26,syllables,ifs,FALSE,20,elitize_generation_data,25,9,0.081,NA
27,26,syllables,ifs,FALSE,20,elitize_generation_data,26,10,0.1,NA
28,26,syllables,ifs,FALSE,20,elitize_generation_data,27,12,0.135,NA
29,26,syllables,ifs,FALSE,20,elitize_generation_data,28,15,0.13,NA
30,26,syllables,ifs,FALSE,20,elitize_generation_data,29,16,0.157,NA
31,26,syllables,ifs,FALSE,20,elitize_generation_data,30,14,0.16,NA
32,26,syllables,ifs,FALSE,20,elitize_generation_data,31,16,0.163,NA
33,26,syllables,ifs,FALSE,20,elitize_generation_data,32,15,0.164,NA
34,26,syllables,ifs,FALSE,20,elitize_generation_data,33,18,0.165,NA
35,26,syllables,ifs,FALSE,20,elitize_generation_data,34,19,0.147,NA
36,26,syllables,ifs,FALSE,20,elitize_generation_data,35,16,0.145,NA
37,26,syllables,ifs,FALSE,20,elitize_generation_data,36,16,0.13,NA
38,26,syllables,ifs,FALSE,20,elitize_generation_data,37,19,0.165,NA
39,26,syllables,ifs,FALSE,20,elitize_generation_data,38,21,0.166,NA
40,26,syllables,ifs,FALSE,20,elitize_generation_data,39,23,0.173,NA
41,26,syllables,ifs,FALSE,20,elitize_generation_data,40,23,0.162,NA
42,26,syllables,ifs,FALSE,20,elitize_generation_data,41,25,0.174,NA
43,26,syllables,ifs,FALSE,20,elitize_generation_data,42,21,0.163,NA
44,26,syllables,ifs,FALSE,20,elitize_generation_data,43,24,0.153,NA
45,26,syllables,ifs,FALSE,20,elitize_generation_data,44,23,0.168,NA
46,26,syllables,ifs,FALSE,20,elitize_generation_data,45,23,0.158,NA
47,26,syllables,ifs,FALSE,20,elitize_generation_data,46,25,0.167,NA
48,26,syllables,ifs,FALSE,20,elitize_generation_data,47,20,0.162,NA
49,26,syllables,ifs,FALSE,20,elitize_generation_data,48,20,0.188,NA
50,26,syllables,ifs,FALSE,20,elitize_generation_data,49,23,0.164,NA
51,26,syllables,ifs,FALSE,20,elitize_generation_data,50,20,0.189,NA
52,26,syllables,ifs,FALSE,20,elitize_generation_data,51,21,0.197,NA
53,26,syllables,ifs,FALSE,20,elitize_generation_data,52,21,0.206,NA
54,26,syllables,ifs,FALSE,20,elitize_generation_data,53,22,0.186,NA
55,26,syllables,ifs,FALSE,20,elitize_generation_data,54,25,0.197,NA
56,26,syllables,ifs,FALSE,20,elitize_generation_data,55,22,0.199,NA
57,26,syllables,ifs,FALSE,20,elitize_generation_data,56,21,0.222,NA
58,26,syllables,ifs,FALSE,20,elitize_generation_data,57,21,0.196,NA
59,26,syllables,ifs,FALSE,20,elitize_generation_data,58,27,0.207,NA
60,26,syllables,ifs,FALSE,20,elitize_generation_data,59,22,0.22,NA
61,26,syllables,ifs,FALSE,20,elitize_generation_data,60,26,0.22,NA
62,26,syllables,ifs,FALSE,20,elitize_generation_data,61,22,0.226,NA
63,26,syllables,ifs,FALSE,20,elitize_generation_data,62,24,0.201,NA
64,26,syllables,ifs,FALSE,20,elitize_generation_data,63,27,0.213,NA
65,26,syllables,ifs,FALSE,20,elitize_generation_data,64,23,0.23,NA
66,26,syllables,ifs,FALSE,20,elitize_generation_data,65,25,0.229,NA
67,26,syllables,ifs,FALSE,20,elitize_generation_data,66,26,0.233,NA
68,26,syllables,ifs,FALSE,20,elitize_generation_data,67,28,0.239,NA
69,26,syllables,ifs,FALSE,20,elitize_generation_data,68,28,0.206,NA
70,26,syllables,ifs,FALSE,20,elitize_generation_data,69,25,0.242,NA
71,26,syllables,ifs,FALSE,20,elitize_generation_data,70,25,0.219,NA
72,26,syllables,ifs,FALSE,20,elitize_generation_data,71,25,0.217,NA
73,26,syllables,ifs,FALSE,20,elitize_generation_data,72,27,0.206,NA
74,26,syllables,ifs,FALSE,20,elitize_generation_data,73,26,0.246,NA
75,26,syllables,ifs,FALSE,20,elitize_generation_data,74,28,0.236,NA
76,26,syllables,ifs,FALSE,20,elitize_generation_data,75,23,0.235,NA
77,26,syllables,ifs,FALSE,20,elitize_generation_data,76,26,0.24,NA
78,26,syllables,ifs,FALSE,20,elitize_generation_data,77,30,0.236,NA
79,26,syllables,ifs,FALSE,20,elitize_generation_data,78,28,0.252,NA
80,26,syllables,ifs,FALSE,20,elitize_generation_data,79,28,0.242,NA
81,26,syllables,ifs,FALSE,20,elitize_generation_data,80,25,0.256,NA
82,26,syllables,ifs,FALSE,20,elitize_generation_data,81,40,0.292,NA
83,26,syllables,ifs,FALSE,20,elitize_generation_data,82,32,0.322,NA
84,26,syllables,ifs,FALSE,20,elitize_generation_data,83,34,0.318,NA
85,26,syllables,ifs,FALSE,20,elitize_generation_data,84,32,0.354,NA
86,26,syllables,ifs,FALSE,20,elitize_generation_data,85,46,0.342,NA
87,26,syllables,ifs,FALSE,20,elitize_generation_data,86,38,0.363,NA
88,26,syllables,ifs,FALSE,20,elitize_generation_data,87,39,0.367,NA
89,26,syllables,ifs,FALSE,20,elitize_generation_data,88,44,0.388,NA
90,26,syllables,ifs,FALSE,20,elitize_generation_data,89,41,0.377,NA
91,26,syllables,ifs,FALSE,20,elitize_generation_data,90,42,0.385,NA
92,26,syllables,ifs,FALSE,20,elitize_generation_data,91,38,0.387,NA
93,26,syllables,ifs,FALSE,20,elitize_generation_data,92,36,0.391,NA
94,26,syllables,ifs,FALSE,20,elitize_generation_data,93,49,0.416,NA
95,26,syllables,ifs,FALSE,20,elitize_generation_data,94,45,0.407,NA
96,26,syllables,ifs,FALSE,20,elitize_generation_data,95,47,0.394,NA
97,26,syllables,ifs,FALSE,20,elitize_generation_data,96,49,0.421,NA
98,26,syllables,ifs,FALSE,20,elitize_generation_data,97,41,0.397,NA
99,26,syllables,ifs,FALSE,20,elitize_generation_data,98,49,0.425,NA
100,26,syllables,ifs,FALSE,20,elitize_generation_data,99,52,0.41,NA
101,26,syllables,ifs,FALSE,20,elitize_generation_data,100,46,0.412,NA
102,26,syllables,ifs,FALSE,20,elitize_generation_data,101,48,0.39,NA
103,26,syllables,ifs,FALSE,20,elitize_generation_data,102,52,0.393,NA
104,26,syllables,ifs,FALSE,20,elitize_generation_data,103,45,0.384,NA
105,26,syllables,ifs,FALSE,20,elitize_generation_data,104,40,0.374,NA
106,26,syllables,ifs,FALSE,20,elitize_generation_data,105,44,0.396,NA
107,26,syllables,ifs,FALSE,20,elitize_generation_data,106,44,0.389,NA
108,26,syllables,ifs,FALSE,20,elitize_generation_data,107,47,0.413,NA
109,26,syllables,ifs,FALSE,20,elitize_generation_data,108,46,0.42,NA
110,26,syllables,ifs,FALSE,20,elitize_generation_data,109,44,0.399,NA
111,26,syllables,ifs,FALSE,20,elitize_generation_data,110,42,0.374,NA
112,26,syllables,ifs,FALSE,20,elitize_generation_data,111,50,0.406,NA
113,26,syllables,ifs,FALSE,20,elitize_generation_data,112,48,0.395,NA
114,26,syllables,ifs,FALSE,20,elitize_generation_data,113,55,0.393,NA
115,26,syllables,ifs,FALSE,20,elitize_generation_data,114,52,0.401,NA
116,26,syllables,ifs,FALSE,20,elitize_generation_data,115,48,0.401,NA
117,26,syllables,ifs,FALSE,20,elitize_generation_data,116,48,0.393,NA
118,26,syllables,ifs,FALSE,20,elitize_generation_data,117,46,0.385,NA
119,26,syllables,ifs,FALSE,20,elitize_generation_data,118,37,0.41,NA
120,26,syllables,ifs,FALSE,20,elitize_generation_data,119,43,0.4,NA
121,26,syllables,ifs,FALSE,20,elitize_generation_data,120,51,0.404,NA
122,26,syllables,ifs,FALSE,20,elitize_generation_data,121,49,0.426,NA
123,26,syllables,ifs,FALSE,20,elitize_generation_data,122,45,0.405,NA
124,26,syllables,ifs,FALSE,20,elitize_generation_data,123,41,0.384,NA
125,26,syllables,ifs,FALSE,20,elitize_generation_data,124,43,0.411,NA
126,26,syllables,ifs,FALSE,20,elitize_generation_data,125,44,0.395,NA
127,26,syllables,ifs,FALSE,20,elitize_generation_data,126,53,0.413,NA
128,26,syllables,ifs,FALSE,20,elitize_generation_data,127,56,0.398,NA
129,26,syllables,ifs,FALSE,20,elitize_generation_data,128,50,0.396,NA
130,26,syllables,ifs,FALSE,20,elitize_generation_data,129,43,0.379,NA
131,26,syllables,ifs,FALSE,20,elitize_generation_data,130,49,0.411,NA
132,26,syllables,ifs,FALSE,20,elitize_generation_data,131,44,0.397,NA
133,26,syllables,ifs,FALSE,20,elitize_generation_data,132,52,0.369,NA
134,26,syllables,ifs,FALSE,20,elitize_generation_data,133,52,0.372,NA
135,26,syllables,ifs,FALSE,20,elitize_generation_data,134,49,0.404,NA
136,26,syllables,ifs,FALSE,20,elitize_generation_data,135,55,0.39,NA
137,26,syllables,ifs,FALSE,20,elitize_generation_data,136,46,0.39,NA
138,26,syllables,ifs,FALSE,20,elitize_generation_data,137,47,0.386,NA
139,26,syllables,ifs,FALSE,20,elitize_generation_data,138,43,0.383,NA
140,26,syllables,ifs,FALSE,20,elitize_generation_data,139,51,0.413,NA
141,26,syllables,ifs,FALSE,20,elitize_generation_data,140,51,0.394,NA
142,26,syllables,ifs,FALSE,20,elitize_generation_data,141,48,0.412,NA
143,26,syllables,ifs,FALSE,20,elitize_generation_data,142,45,0.424,NA
144,26,syllables,ifs,FALSE,20,elitize_generation_data,143,51,0.388,NA
145,26,syllables,ifs,FALSE,20,elitize_generation_data,144,51,0.411,NA
146,26,syllables,ifs,FALSE,20,elitize_generation_data,145,39,0.401,NA
147,26,syllables,ifs,FALSE,20,elitize_generation_data,146,43,0.398,NA
148,26,syllables,ifs,FALSE,20,elitize_generation_data,147,52,0.401,NA
149,26,syllables,ifs,FALSE,20,elitize_generation_data,148,47,0.401,NA
150,26,syllables,ifs,FALSE,20,elitize_generation_data,149,42,0.397,NA
151,26,syllables,ifs,FALSE,20,elitize_generation_data,150,49,0.371,NA
152,26,syllables,ifs,FALSE,20,elitize_generation_data,151,58,0.419,NA
153,26,syllables,ifs,FALSE,20,elitize_generation_data,152,48,0.394,NA
154,26,syllables,ifs,FALSE,20,elitize_generation_data,153,54,0.389,NA
155,26,syllables,ifs,FALSE,20,elitize_generation_data,154,50,0.394,NA
156,26,syllables,ifs,FALSE,20,elitize_generation_data,155,45,0.386,NA
157,26,syllables,ifs,FALSE,20,elitize_generation_data,156,53,0.382,NA
158,26,syllables,ifs,FALSE,20,elitize_generation_data,157,57,0.402,NA
159,26,syllables,ifs,FALSE,20,elitize_generation_data,158,53,0.373,NA
160,26,syllables,ifs,FALSE,20,elitize_generation_data,159,49,0.4,NA
161,26,syllables,ifs,FALSE,20,elitize_generation_data,160,60,0.387,NA
162,26,syllables,ifs,FALSE,20,elitize_generation_data,161,62,0.422,NA
163,26,syllables,ifs,FALSE,20,elitize_generation_data,162,51,0.403,NA
164,26,syllables,ifs,FALSE,20,elitize_generation_data,163,53,0.421,NA
165,26,syllables,ifs,FALSE,20,elitize_generation_data,164,51,0.425,NA
166,26,syllables,ifs,FALSE,20,elitize_generation_data,165,54,0.406,NA
167,26,syllables,ifs,FALSE,20,elitize_generation_data,166,48,0.424,NA
168,26,syllables,ifs,FALSE,20,elitize_generation_data,167,47,0.452,NA
169,26,syllables,ifs,FALSE,20,elitize_generation_data,168,42,0.446,NA
170,26,syllables,ifs,FALSE,20,elitize_generation_data,169,56,0.452,NA
171,26,syllables,ifs,FALSE,20,elitize_generation_data,170,55,0.435,NA
172,26,syllables,ifs,FALSE,20,elitize_generation_data,171,52,0.462,NA
173,26,syllables,ifs,FALSE,20,elitize_generation_data,172,47,0.444,NA
174,26,syllables,ifs,FALSE,20,elitize_generation_data,173,52,0.458,NA
175,26,syllables,ifs,FALSE,20,elitize_generation_data,174,52,0.476,NA
176,26,syllables,ifs,FALSE,20,elitize_generation_data,175,53,0.472,NA
177,26,syllables,ifs,FALSE,20,elitize_generation_data,176,45,0.464,NA
178,26,syllables,ifs,FALSE,20,elitize_generation_data,177,55,0.464,NA
179,26,syllables,ifs,FALSE,20,elitize_generation_data,178,53,0.515,NA
180,26,syllables,ifs,FALSE,20,elitize_generation_data,179,53,0.479,NA
181,26,syllables,ifs,FALSE,20,elitize_generation_data,180,52,0.468,NA
182,26,syllables,ifs,FALSE,20,elitize_generation_data,181,50,0.459,NA
183,26,syllables,ifs,FALSE,20,elitize_generation_data,182,49,0.477,NA
184,26,syllables,ifs,FALSE,20,elitize_generation_data,183,48,0.471,NA
185,26,syllables,ifs,FALSE,20,elitize_generation_data,184,47,0.448,NA
186,26,syllables,ifs,FALSE,20,elitize_generation_data,185,50,0.454,NA
187,26,syllables,ifs,FALSE,20,elitize_generation_data,186,58,0.494,NA
188,26,syllables,ifs,FALSE,20,elitize_generation_data,187,56,0.496,NA
189,26,syllables,ifs,FALSE,20,elitize_generation_data,188,52,0.495,NA
190,26,syllables,ifs,FALSE,20,elitize_generation_data,189,43,0.474,NA
191,26,syllables,ifs,FALSE,20,elitize_generation_data,190,48,0.488,NA
192,26,syllables,ifs,FALSE,20,elitize_generation_data,191,51,0.476,NA
193,26,syllables,ifs,FALSE,20,elitize_generation_data,192,57,0.461,NA
194,26,syllables,ifs,FALSE,20,elitize_generation_data,193,52,0.485,NA
195,26,syllables,ifs,FALSE,20,elitize_generation_data,194,48,0.47,NA
196,26,syllables,ifs,FALSE,20,elitize_generation_data,195,58,0.485,NA
197,26,syllables,ifs,FALSE,20,elitize_generation_data,196,50,0.505,NA
198,26,syllables,ifs,FALSE,20,elitize_generation_data,197,50,0.481,NA
199,26,syllables,ifs,FALSE,20,elitize_generation_data,198,50,0.495,NA
200,26,syllables,ifs,FALSE,20,elitize_generation_data,199,43,0.498,NA
201,26,syllables,ifs,FALSE,20,elitize_generation_data,200,48,0.504,NA
202,26,syllables,ifs,FALSE,20,elitize_generation_data,201,48,0.464,NA
203,26,syllables,ifs,FALSE,20,elitize_generation_data,202,42,0.48,NA
204,26,syllables,ifs,FALSE,20,elitize_generation_data,203,47,0.445,NA
205,26,syllables,ifs,FALSE,20,elitize_generation_data,204,43,0.436,NA
206,26,syllables,ifs,FALSE,20,elitize_generation_data,205,43,0.448,NA
207,26,syllables,ifs,FALSE,20,elitize_generation_data,206,44,0.434,NA
208,26,syllables,ifs,FALSE,20,elitize_generation_data,207,43,0.419,NA
209,26,syllables,ifs,FALSE,20,elitize_generation_data,208,38,0.416,NA
210,26,syllables,ifs,FALSE,20,elitize_generation_data,209,41,0.447,NA
211,26,syllables,ifs,FALSE,20,elitize_generation_data,210,44,0.443,NA
212,26,syllables,ifs,FALSE,20,elitize_generation_data,211,49,0.459,NA
213,26,syllables,ifs,FALSE,20,elitize_generation_data,212,46,0.444,NA
214,26,syllables,ifs,FALSE,20,elitize_generation_data,213,41,0.434,NA
215,26,syllables,ifs,FALSE,20,elitize_generation_data,214,44,0.433,NA
216,26,syllables,ifs,FALSE,20,elitize_generation_data,215,45,0.487,NA
217,26,syllables,ifs,FALSE,20,elitize_generation_data,216,42,0.45,NA
218,26,syllables,ifs,FALSE,20,elitize_generation_data,217,46,0.435,NA
219,26,syllables,ifs,FALSE,20,elitize_generation_data,218,44,0.463,NA
220,26,syllables,ifs,FALSE,20,elitize_generation_data,219,44,0.436,NA
221,26,syllables,ifs,FALSE,20,elitize_generation_data,220,42,0.444,NA
222,26,syllables,ifs,FALSE,20,elitize_generation_data,221,41,0.449,NA
223,26,syllables,ifs,FALSE,20,elitize_generation_data,222,38,0.438,NA
224,26,syllables,ifs,FALSE,20,elitize_generation_data,223,47,0.446,NA
225,26,syllables,ifs,FALSE,20,elitize_generation_data,224,39,0.433,NA
226,26,syllables,ifs,FALSE,20,elitize_generation_data,225,41,0.442,NA
227,26,syllables,ifs,FALSE,20,elitize_generation_data,226,48,0.451,NA
228,26,syllables,ifs,FALSE,20,elitize_generation_data,227,55,0.469,NA
229,26,syllables,ifs,FALSE,20,elitize_generation_data,228,45,0.461,NA
230,26,syllables,ifs,FALSE,20,elitize_generation_data,229,48,0.458,NA
231,26,syllables,ifs,FALSE,20,elitize_generation_data,230,41,0.457,NA
232,26,syllables,ifs,FALSE,20,elitize_generation_data,231,45,0.464,NA
233,26,syllables,ifs,FALSE,20,elitize_generation_data,232,49,0.456,NA
234,26,syllables,ifs,FALSE,20,elitize_generation_data,233,39,0.481,NA
235,26,syllables,ifs,FALSE,20,elitize_generation_data,234,42,0.446,NA
236,26,syllables,ifs,FALSE,20,elitize_generation_data,235,50,0.466,NA
237,26,syllables,ifs,FALSE,20,elitize_generation_data,236,47,0.454,NA
238,26,syllables,ifs,FALSE,20,elitize_generation_data,237,55,0.475,NA
239,26,syllables,ifs,FALSE,20,elitize_generation_data,238,42,0.457,NA
240,26,syllables,ifs,FALSE,20,elitize_generation_data,239,44,0.469,NA
241,26,syllables,ifs,FALSE,20,elitize_generation_data,240,46,0.483,NA
242,26,syllables,ifs,FALSE,20,elitize_generation_data,241,55,0.471,NA
243,26,syllables,ifs,FALSE,20,elitize_generation_data,242,54,0.467,NA
244,26,syllables,ifs,FALSE,20,elitize_generation_data,243,49,0.475,NA
245,26,syllables,ifs,FALSE,20,elitize_generation_data,244,52,0.489,NA
246,26,syllables,ifs,FALSE,20,elitize_generation_data,245,50,0.462,NA
247,26,syllables,ifs,FALSE,20,elitize_generation_data,246,52,0.502,NA
248,26,syllables,ifs,FALSE,20,elitize_generation_data,247,48,0.468,NA
249,26,syllables,ifs,FALSE,20,elitize_generation_data,248,43,0.463,NA
250,26,syllables,ifs,FALSE,20,elitize_generation_data,249,55,0.467,NA
251,26,syllables,ifs,FALSE,20,elitize_generation_data,250,56,0.462,NA
252,26,syllables,ifs,FALSE,20,elitize_generation_data,251,50,0.469,NA
253,26,syllables,ifs,FALSE,20,elitize_generation_data,252,47,0.449,NA
254,26,syllables,ifs,FALSE,20,elitize_generation_data,253,40,0.467,NA
255,26,syllables,ifs,FALSE,20,elitize_generation_data,254,46,0.471,NA
256,26,syllables,ifs,FALSE,20,elitize_generation_data,255,42,0.445,NA
257,26,syllables,ifs,FALSE,20,elitize_generation_data,256,43,0.468,NA
258,26,syllables,ifs,FALSE,20,elitize_generation_data,257,47,0.479,NA
259,26,syllables,ifs,FALSE,20,elitize_generation_data,258,49,0.466,NA
260,26,syllables,ifs,FALSE,20,elitize_generation_data,259,48,0.468,NA
261,26,syllables,ifs,FALSE,20,elitize_generation_data,260,47,0.459,NA
262,26,syllables,ifs,FALSE,20,elitize_generation_data,261,49,0.47,NA
263,26,syllables,ifs,FALSE,20,elitize_generation_data,262,43,0.455,NA
264,26,syllables,ifs,FALSE,20,elitize_generation_data,263,44,0.446,NA
265,26,syllables,ifs,FALSE,20,elitize_generation_data,264,43,0.465,NA
266,26,syllables,ifs,FALSE,20,elitize_generation_data,265,48,0.458,NA
267,26,syllables,ifs,FALSE,20,elitize_generation_data,266,57,0.458,NA
268,26,syllables,ifs,FALSE,20,elitize_generation_data,267,55,0.462,NA
269,26,syllables,ifs,FALSE,20,elitize_generation_data,268,50,0.475,NA
270,26,syllables,ifs,FALSE,20,elitize_generation_data,269,57,0.476,NA
271,26,syllables,ifs,FALSE,20,elitize_generation_data,270,50,0.435,NA
272,26,syllables,ifs,FALSE,20,elitize_generation_data,271,43,0.451,NA
273,26,syllables,ifs,FALSE,20,elitize_generation_data,272,54,0.446,NA
274,26,syllables,ifs,FALSE,20,elitize_generation_data,273,55,0.464,NA
275,26,syllables,ifs,FALSE,20,elitize_generation_data,274,49,0.462,NA
276,26,syllables,ifs,FALSE,20,elitize_generation_data,275,45,0.442,NA
277,26,syllables,ifs,FALSE,20,elitize_generation_data,276,46,0.452,NA
278,26,syllables,ifs,FALSE,20,elitize_generation_data,277,50,0.439,NA
279,26,syllables,ifs,FALSE,20,elitize_generation_data,278,47,0.418,NA
280,26,syllables,ifs,FALSE,20,elitize_generation_data,279,46,0.461,NA
281,26,syllables,ifs,FALSE,20,elitize_generation_data,280,53,0.46,NA
282,26,syllables,ifs,FALSE,20,elitize_generation_data,281,47,0.469,NA
283,26,syllables,ifs,FALSE,20,elitize_generation_data,282,53,0.454,NA
284,26,syllables,ifs,FALSE,20,elitize_generation_data,283,51,0.435,NA
285,26,syllables,ifs,FALSE,20,elitize_generation_data,284,50,0.439,NA
286,26,syllables,ifs,FALSE,20,elitize_generation_data,285,45,0.422,NA
287,26,syllables,ifs,FALSE,20,elitize_generation_data,286,50,0.465,NA
288,26,syllables,ifs,FALSE,20,elitize_generation_data,287,49,0.492,NA
289,26,syllables,ifs,FALSE,20,elitize_generation_data,288,51,0.45,NA
290,26,syllables,ifs,FALSE,20,elitize_generation_data,289,47,0.483,NA
291,26,syllables,ifs,FALSE,20,elitize_generation_data,290,42,0.459,NA
292,26,syllables,ifs,FALSE,20,elitize_generation_data,291,45,0.45,NA
293,26,syllables,ifs,FALSE,20,elitize_generation_data,292,48,0.438,NA
294,26,syllables,ifs,FALSE,20,elitize_generation_data,293,46,0.449,NA
295,26,syllables,ifs,FALSE,20,elitize_generation_data,294,56,0.476,NA
296,26,syllables,ifs,FALSE,20,elitize_generation_data,295,48,0.46,NA
297,26,syllables,ifs,FALSE,20,elitize_generation_data,296,46,0.476,NA
298,26,syllables,ifs,FALSE,20,elitize_generation_data,297,50,0.443,NA
299,26,syllables,ifs,FALSE,20,elitize_generation_data,298,52,0.461,NA
300,26,syllables,ifs,FALSE,20,elitize_generation_data,299,47,0.445,NA
301,26,syllables,ifs,FALSE,20,elitize_generation_data,300,47,0.474,NA
