,run.num,problem,treatment,succeeded,height,normalization.function,generation,cluster.count,error.diversity,success.generation
1,25,syllables,ifs,FALSE,20,elitize_generation_data,0,6,0.251,NA
2,25,syllables,ifs,FALSE,20,elitize_generation_data,1,5,0.168,NA
3,25,syllables,ifs,FALSE,20,elitize_generation_data,2,5,0.22,NA
4,25,syllables,ifs,FALSE,20,elitize_generation_data,3,6,0.138,NA
5,25,syllables,ifs,FALSE,20,elitize_generation_data,4,7,0.158,NA
6,25,syllables,ifs,FALSE,20,elitize_generation_data,5,6,0.108,NA
7,25,syllables,ifs,FALSE,20,elitize_generation_data,6,7,0.083,NA
8,25,syllables,ifs,FALSE,20,elitize_generation_data,7,7,0.087,NA
9,25,syllables,ifs,FALSE,20,elitize_generation_data,8,9,0.101,NA
10,25,syllables,ifs,FALSE,20,elitize_generation_data,9,8,0.091,NA
11,25,syllables,ifs,FALSE,20,elitize_generation_data,10,9,0.091,NA
12,25,syllables,ifs,FALSE,20,elitize_generation_data,11,8,0.085,NA
13,25,syllables,ifs,FALSE,20,elitize_generation_data,12,9,0.062,NA
14,25,syllables,ifs,FALSE,20,elitize_generation_data,13,10,0.068,NA
15,25,syllables,ifs,FALSE,20,elitize_generation_data,14,9,0.06,NA
16,25,syllables,ifs,FALSE,20,elitize_generation_data,15,10,0.071,NA
17,25,syllables,ifs,FALSE,20,elitize_generation_data,16,10,0.067,NA
18,25,syllables,ifs,FALSE,20,elitize_generation_data,17,10,0.061,NA
19,25,syllables,ifs,FALSE,20,elitize_generation_data,18,9,0.069,NA
20,25,syllables,ifs,FALSE,20,elitize_generation_data,19,10,0.076,NA
21,25,syllables,ifs,FALSE,20,elitize_generation_data,20,10,0.084,NA
22,25,syllables,ifs,FALSE,20,elitize_generation_data,21,9,0.098,NA
23,25,syllables,ifs,FALSE,20,elitize_generation_data,22,8,0.098,NA
24,25,syllables,ifs,FALSE,20,elitize_generation_data,23,10,0.113,NA
25,25,syllables,ifs,FALSE,20,elitize_generation_data,24,12,0.128,NA
26,25,syllables,ifs,FALSE,20,elitize_generation_data,25,8,0.145,NA
27,25,syllables,ifs,FALSE,20,elitize_generation_data,26,10,0.156,NA
28,25,syllables,ifs,FALSE,20,elitize_generation_data,27,9,0.16,NA
29,25,syllables,ifs,FALSE,20,elitize_generation_data,28,12,0.138,NA
30,25,syllables,ifs,FALSE,20,elitize_generation_data,29,8,0.118,NA
31,25,syllables,ifs,FALSE,20,elitize_generation_data,30,10,0.121,NA
32,25,syllables,ifs,FALSE,20,elitize_generation_data,31,8,0.123,NA
33,25,syllables,ifs,FALSE,20,elitize_generation_data,32,10,0.12,NA
34,25,syllables,ifs,FALSE,20,elitize_generation_data,33,12,0.13,NA
35,25,syllables,ifs,FALSE,20,elitize_generation_data,34,11,0.125,NA
36,25,syllables,ifs,FALSE,20,elitize_generation_data,35,13,0.127,NA
37,25,syllables,ifs,FALSE,20,elitize_generation_data,36,12,0.141,NA
38,25,syllables,ifs,FALSE,20,elitize_generation_data,37,18,0.123,NA
39,25,syllables,ifs,FALSE,20,elitize_generation_data,38,16,0.135,NA
40,25,syllables,ifs,FALSE,20,elitize_generation_data,39,17,0.146,NA
41,25,syllables,ifs,FALSE,20,elitize_generation_data,40,15,0.131,NA
42,25,syllables,ifs,FALSE,20,elitize_generation_data,41,15,0.163,NA
43,25,syllables,ifs,FALSE,20,elitize_generation_data,42,18,0.162,NA
44,25,syllables,ifs,FALSE,20,elitize_generation_data,43,16,0.15,NA
45,25,syllables,ifs,FALSE,20,elitize_generation_data,44,17,0.164,NA
46,25,syllables,ifs,FALSE,20,elitize_generation_data,45,19,0.159,NA
47,25,syllables,ifs,FALSE,20,elitize_generation_data,46,16,0.172,NA
48,25,syllables,ifs,FALSE,20,elitize_generation_data,47,15,0.156,NA
49,25,syllables,ifs,FALSE,20,elitize_generation_data,48,19,0.162,NA
50,25,syllables,ifs,FALSE,20,elitize_generation_data,49,18,0.154,NA
51,25,syllables,ifs,FALSE,20,elitize_generation_data,50,13,0.157,NA
52,25,syllables,ifs,FALSE,20,elitize_generation_data,51,17,0.175,NA
53,25,syllables,ifs,FALSE,20,elitize_generation_data,52,19,0.185,NA
54,25,syllables,ifs,FALSE,20,elitize_generation_data,53,17,0.181,NA
55,25,syllables,ifs,FALSE,20,elitize_generation_data,54,18,0.181,NA
56,25,syllables,ifs,FALSE,20,elitize_generation_data,55,20,0.163,NA
57,25,syllables,ifs,FALSE,20,elitize_generation_data,56,18,0.166,NA
58,25,syllables,ifs,FALSE,20,elitize_generation_data,57,18,0.137,NA
59,25,syllables,ifs,FALSE,20,elitize_generation_data,58,21,0.157,NA
60,25,syllables,ifs,FALSE,20,elitize_generation_data,59,19,0.156,NA
61,25,syllables,ifs,FALSE,20,elitize_generation_data,60,20,0.16,NA
62,25,syllables,ifs,FALSE,20,elitize_generation_data,61,27,0.174,NA
63,25,syllables,ifs,FALSE,20,elitize_generation_data,62,22,0.178,NA
64,25,syllables,ifs,FALSE,20,elitize_generation_data,63,34,0.226,NA
65,25,syllables,ifs,FALSE,20,elitize_generation_data,64,31,0.286,NA
66,25,syllables,ifs,FALSE,20,elitize_generation_data,65,39,0.353,NA
67,25,syllables,ifs,FALSE,20,elitize_generation_data,66,42,0.379,NA
68,25,syllables,ifs,FALSE,20,elitize_generation_data,67,43,0.356,NA
69,25,syllables,ifs,FALSE,20,elitize_generation_data,68,39,0.323,NA
70,25,syllables,ifs,FALSE,20,elitize_generation_data,69,39,0.357,NA
71,25,syllables,ifs,FALSE,20,elitize_generation_data,70,42,0.386,NA
72,25,syllables,ifs,FALSE,20,elitize_generation_data,71,38,0.365,NA
73,25,syllables,ifs,FALSE,20,elitize_generation_data,72,46,0.408,NA
74,25,syllables,ifs,FALSE,20,elitize_generation_data,73,46,0.41,NA
75,25,syllables,ifs,FALSE,20,elitize_generation_data,74,42,0.42,NA
76,25,syllables,ifs,FALSE,20,elitize_generation_data,75,56,0.419,NA
77,25,syllables,ifs,FALSE,20,elitize_generation_data,76,60,0.454,NA
78,25,syllables,ifs,FALSE,20,elitize_generation_data,77,57,0.467,NA
79,25,syllables,ifs,FALSE,20,elitize_generation_data,78,50,0.451,NA
80,25,syllables,ifs,FALSE,20,elitize_generation_data,79,58,0.442,NA
81,25,syllables,ifs,FALSE,20,elitize_generation_data,80,62,0.47,NA
82,25,syllables,ifs,FALSE,20,elitize_generation_data,81,58,0.47,NA
83,25,syllables,ifs,FALSE,20,elitize_generation_data,82,60,0.46,NA
84,25,syllables,ifs,FALSE,20,elitize_generation_data,83,57,0.445,NA
85,25,syllables,ifs,FALSE,20,elitize_generation_data,84,62,0.474,NA
86,25,syllables,ifs,FALSE,20,elitize_generation_data,85,62,0.473,NA
87,25,syllables,ifs,FALSE,20,elitize_generation_data,86,63,0.499,NA
88,25,syllables,ifs,FALSE,20,elitize_generation_data,87,61,0.479,NA
89,25,syllables,ifs,FALSE,20,elitize_generation_data,88,62,0.457,NA
90,25,syllables,ifs,FALSE,20,elitize_generation_data,89,61,0.487,NA
91,25,syllables,ifs,FALSE,20,elitize_generation_data,90,66,0.446,NA
92,25,syllables,ifs,FALSE,20,elitize_generation_data,91,63,0.433,NA
93,25,syllables,ifs,FALSE,20,elitize_generation_data,92,61,0.462,NA
94,25,syllables,ifs,FALSE,20,elitize_generation_data,93,63,0.479,NA
95,25,syllables,ifs,FALSE,20,elitize_generation_data,94,62,0.497,NA
96,25,syllables,ifs,FALSE,20,elitize_generation_data,95,65,0.486,NA
97,25,syllables,ifs,FALSE,20,elitize_generation_data,96,65,0.507,NA
98,25,syllables,ifs,FALSE,20,elitize_generation_data,97,71,0.481,NA
99,25,syllables,ifs,FALSE,20,elitize_generation_data,98,63,0.47,NA
100,25,syllables,ifs,FALSE,20,elitize_generation_data,99,68,0.469,NA
101,25,syllables,ifs,FALSE,20,elitize_generation_data,100,57,0.488,NA
102,25,syllables,ifs,FALSE,20,elitize_generation_data,101,65,0.491,NA
103,25,syllables,ifs,FALSE,20,elitize_generation_data,102,55,0.465,NA
104,25,syllables,ifs,FALSE,20,elitize_generation_data,103,60,0.453,NA
105,25,syllables,ifs,FALSE,20,elitize_generation_data,104,70,0.468,NA
106,25,syllables,ifs,FALSE,20,elitize_generation_data,105,62,0.455,NA
107,25,syllables,ifs,FALSE,20,elitize_generation_data,106,59,0.477,NA
108,25,syllables,ifs,FALSE,20,elitize_generation_data,107,65,0.495,NA
109,25,syllables,ifs,FALSE,20,elitize_generation_data,108,57,0.48,NA
110,25,syllables,ifs,FALSE,20,elitize_generation_data,109,48,0.469,NA
111,25,syllables,ifs,FALSE,20,elitize_generation_data,110,58,0.436,NA
112,25,syllables,ifs,FALSE,20,elitize_generation_data,111,58,0.447,NA
113,25,syllables,ifs,FALSE,20,elitize_generation_data,112,50,0.441,NA
114,25,syllables,ifs,FALSE,20,elitize_generation_data,113,55,0.453,NA
115,25,syllables,ifs,FALSE,20,elitize_generation_data,114,60,0.442,NA
116,25,syllables,ifs,FALSE,20,elitize_generation_data,115,61,0.426,NA
117,25,syllables,ifs,FALSE,20,elitize_generation_data,116,55,0.449,NA
118,25,syllables,ifs,FALSE,20,elitize_generation_data,117,66,0.451,NA
119,25,syllables,ifs,FALSE,20,elitize_generation_data,118,59,0.433,NA
120,25,syllables,ifs,FALSE,20,elitize_generation_data,119,57,0.409,NA
121,25,syllables,ifs,FALSE,20,elitize_generation_data,120,52,0.424,NA
122,25,syllables,ifs,FALSE,20,elitize_generation_data,121,59,0.409,NA
123,25,syllables,ifs,FALSE,20,elitize_generation_data,122,65,0.438,NA
124,25,syllables,ifs,FALSE,20,elitize_generation_data,123,59,0.43,NA
125,25,syllables,ifs,FALSE,20,elitize_generation_data,124,65,0.415,NA
126,25,syllables,ifs,FALSE,20,elitize_generation_data,125,58,0.437,NA
127,25,syllables,ifs,FALSE,20,elitize_generation_data,126,62,0.415,NA
128,25,syllables,ifs,FALSE,20,elitize_generation_data,127,59,0.426,NA
129,25,syllables,ifs,FALSE,20,elitize_generation_data,128,68,0.429,NA
130,25,syllables,ifs,FALSE,20,elitize_generation_data,129,65,0.437,NA
131,25,syllables,ifs,FALSE,20,elitize_generation_data,130,63,0.39,NA
132,25,syllables,ifs,FALSE,20,elitize_generation_data,131,52,0.396,NA
133,25,syllables,ifs,FALSE,20,elitize_generation_data,132,54,0.431,NA
134,25,syllables,ifs,FALSE,20,elitize_generation_data,133,45,0.389,NA
135,25,syllables,ifs,FALSE,20,elitize_generation_data,134,53,0.373,NA
136,25,syllables,ifs,FALSE,20,elitize_generation_data,135,52,0.378,NA
137,25,syllables,ifs,FALSE,20,elitize_generation_data,136,56,0.378,NA
138,25,syllables,ifs,FALSE,20,elitize_generation_data,137,49,0.379,NA
139,25,syllables,ifs,FALSE,20,elitize_generation_data,138,55,0.395,NA
140,25,syllables,ifs,FALSE,20,elitize_generation_data,139,49,0.391,NA
141,25,syllables,ifs,FALSE,20,elitize_generation_data,140,48,0.407,NA
142,25,syllables,ifs,FALSE,20,elitize_generation_data,141,59,0.405,NA
143,25,syllables,ifs,FALSE,20,elitize_generation_data,142,51,0.403,NA
144,25,syllables,ifs,FALSE,20,elitize_generation_data,143,60,0.4,NA
145,25,syllables,ifs,FALSE,20,elitize_generation_data,144,53,0.395,NA
146,25,syllables,ifs,FALSE,20,elitize_generation_data,145,51,0.405,NA
147,25,syllables,ifs,FALSE,20,elitize_generation_data,146,51,0.391,NA
148,25,syllables,ifs,FALSE,20,elitize_generation_data,147,57,0.4,NA
149,25,syllables,ifs,FALSE,20,elitize_generation_data,148,57,0.426,NA
150,25,syllables,ifs,FALSE,20,elitize_generation_data,149,46,0.394,NA
151,25,syllables,ifs,FALSE,20,elitize_generation_data,150,51,0.381,NA
152,25,syllables,ifs,FALSE,20,elitize_generation_data,151,51,0.389,NA
153,25,syllables,ifs,FALSE,20,elitize_generation_data,152,50,0.376,NA
154,25,syllables,ifs,FALSE,20,elitize_generation_data,153,43,0.362,NA
155,25,syllables,ifs,FALSE,20,elitize_generation_data,154,51,0.401,NA
156,25,syllables,ifs,FALSE,20,elitize_generation_data,155,55,0.37,NA
157,25,syllables,ifs,FALSE,20,elitize_generation_data,156,63,0.36,NA
158,25,syllables,ifs,FALSE,20,elitize_generation_data,157,50,0.389,NA
159,25,syllables,ifs,FALSE,20,elitize_generation_data,158,52,0.391,NA
160,25,syllables,ifs,FALSE,20,elitize_generation_data,159,44,0.383,NA
161,25,syllables,ifs,FALSE,20,elitize_generation_data,160,57,0.417,NA
162,25,syllables,ifs,FALSE,20,elitize_generation_data,161,56,0.389,NA
163,25,syllables,ifs,FALSE,20,elitize_generation_data,162,56,0.413,NA
164,25,syllables,ifs,FALSE,20,elitize_generation_data,163,61,0.418,NA
165,25,syllables,ifs,FALSE,20,elitize_generation_data,164,68,0.393,NA
166,25,syllables,ifs,FALSE,20,elitize_generation_data,165,67,0.402,NA
167,25,syllables,ifs,FALSE,20,elitize_generation_data,166,69,0.415,NA
168,25,syllables,ifs,FALSE,20,elitize_generation_data,167,77,0.432,NA
169,25,syllables,ifs,FALSE,20,elitize_generation_data,168,75,0.434,NA
170,25,syllables,ifs,FALSE,20,elitize_generation_data,169,81,0.466,NA
171,25,syllables,ifs,FALSE,20,elitize_generation_data,170,91,0.493,NA
172,25,syllables,ifs,FALSE,20,elitize_generation_data,171,83,0.465,NA
173,25,syllables,ifs,FALSE,20,elitize_generation_data,172,112,0.464,NA
174,25,syllables,ifs,FALSE,20,elitize_generation_data,173,94,0.472,NA
175,25,syllables,ifs,FALSE,20,elitize_generation_data,174,87,0.467,NA
176,25,syllables,ifs,FALSE,20,elitize_generation_data,175,98,0.473,NA
177,25,syllables,ifs,FALSE,20,elitize_generation_data,176,85,0.473,NA
178,25,syllables,ifs,FALSE,20,elitize_generation_data,177,87,0.445,NA
179,25,syllables,ifs,FALSE,20,elitize_generation_data,178,94,0.43,NA
180,25,syllables,ifs,FALSE,20,elitize_generation_data,179,88,0.446,NA
181,25,syllables,ifs,FALSE,20,elitize_generation_data,180,92,0.45,NA
182,25,syllables,ifs,FALSE,20,elitize_generation_data,181,103,0.461,NA
183,25,syllables,ifs,FALSE,20,elitize_generation_data,182,76,0.428,NA
184,25,syllables,ifs,FALSE,20,elitize_generation_data,183,89,0.474,NA
185,25,syllables,ifs,FALSE,20,elitize_generation_data,184,89,0.49,NA
186,25,syllables,ifs,FALSE,20,elitize_generation_data,185,135,0.494,NA
187,25,syllables,ifs,FALSE,20,elitize_generation_data,186,104,0.509,NA
188,25,syllables,ifs,FALSE,20,elitize_generation_data,187,112,0.528,NA
189,25,syllables,ifs,FALSE,20,elitize_generation_data,188,105,0.518,NA
190,25,syllables,ifs,FALSE,20,elitize_generation_data,189,99,0.533,NA
191,25,syllables,ifs,FALSE,20,elitize_generation_data,190,128,0.554,NA
192,25,syllables,ifs,FALSE,20,elitize_generation_data,191,95,0.555,NA
193,25,syllables,ifs,FALSE,20,elitize_generation_data,192,126,0.572,NA
194,25,syllables,ifs,FALSE,20,elitize_generation_data,193,108,0.54,NA
195,25,syllables,ifs,FALSE,20,elitize_generation_data,194,108,0.529,NA
196,25,syllables,ifs,FALSE,20,elitize_generation_data,195,111,0.517,NA
197,25,syllables,ifs,FALSE,20,elitize_generation_data,196,96,0.524,NA
198,25,syllables,ifs,FALSE,20,elitize_generation_data,197,98,0.534,NA
199,25,syllables,ifs,FALSE,20,elitize_generation_data,198,111,0.578,NA
200,25,syllables,ifs,FALSE,20,elitize_generation_data,199,129,0.579,NA
201,25,syllables,ifs,FALSE,20,elitize_generation_data,200,91,0.555,NA
202,25,syllables,ifs,FALSE,20,elitize_generation_data,201,95,0.541,NA
203,25,syllables,ifs,FALSE,20,elitize_generation_data,202,89,0.486,NA
204,25,syllables,ifs,FALSE,20,elitize_generation_data,203,92,0.522,NA
205,25,syllables,ifs,FALSE,20,elitize_generation_data,204,95,0.496,NA
206,25,syllables,ifs,FALSE,20,elitize_generation_data,205,84,0.521,NA
207,25,syllables,ifs,FALSE,20,elitize_generation_data,206,92,0.525,NA
208,25,syllables,ifs,FALSE,20,elitize_generation_data,207,103,0.542,NA
209,25,syllables,ifs,FALSE,20,elitize_generation_data,208,94,0.553,NA
210,25,syllables,ifs,FALSE,20,elitize_generation_data,209,100,0.56,NA
211,25,syllables,ifs,FALSE,20,elitize_generation_data,210,110,0.565,NA
212,25,syllables,ifs,FALSE,20,elitize_generation_data,211,94,0.555,NA
213,25,syllables,ifs,FALSE,20,elitize_generation_data,212,89,0.554,NA
214,25,syllables,ifs,FALSE,20,elitize_generation_data,213,121,0.539,NA
215,25,syllables,ifs,FALSE,20,elitize_generation_data,214,105,0.528,NA
216,25,syllables,ifs,FALSE,20,elitize_generation_data,215,120,0.574,NA
217,25,syllables,ifs,FALSE,20,elitize_generation_data,216,119,0.558,NA
218,25,syllables,ifs,FALSE,20,elitize_generation_data,217,118,0.577,NA
219,25,syllables,ifs,FALSE,20,elitize_generation_data,218,109,0.632,NA
220,25,syllables,ifs,FALSE,20,elitize_generation_data,219,122,0.663,NA
221,25,syllables,ifs,FALSE,20,elitize_generation_data,220,109,0.658,NA
222,25,syllables,ifs,FALSE,20,elitize_generation_data,221,118,0.65,NA
223,25,syllables,ifs,FALSE,20,elitize_generation_data,222,135,0.68,NA
224,25,syllables,ifs,FALSE,20,elitize_generation_data,223,119,0.647,NA
225,25,syllables,ifs,FALSE,20,elitize_generation_data,224,122,0.69,NA
226,25,syllables,ifs,FALSE,20,elitize_generation_data,225,115,0.671,NA
227,25,syllables,ifs,FALSE,20,elitize_generation_data,226,143,0.645,NA
228,25,syllables,ifs,FALSE,20,elitize_generation_data,227,135,0.66,NA
229,25,syllables,ifs,FALSE,20,elitize_generation_data,228,114,0.652,NA
230,25,syllables,ifs,FALSE,20,elitize_generation_data,229,134,0.655,NA
231,25,syllables,ifs,FALSE,20,elitize_generation_data,230,117,0.66,NA
232,25,syllables,ifs,FALSE,20,elitize_generation_data,231,113,0.638,NA
233,25,syllables,ifs,FALSE,20,elitize_generation_data,232,115,0.671,NA
234,25,syllables,ifs,FALSE,20,elitize_generation_data,233,120,0.643,NA
235,25,syllables,ifs,FALSE,20,elitize_generation_data,234,105,0.653,NA
236,25,syllables,ifs,FALSE,20,elitize_generation_data,235,115,0.652,NA
237,25,syllables,ifs,FALSE,20,elitize_generation_data,236,144,0.649,NA
238,25,syllables,ifs,FALSE,20,elitize_generation_data,237,114,0.647,NA
239,25,syllables,ifs,FALSE,20,elitize_generation_data,238,126,0.66,NA
240,25,syllables,ifs,FALSE,20,elitize_generation_data,239,117,0.659,NA
241,25,syllables,ifs,FALSE,20,elitize_generation_data,240,106,0.626,NA
242,25,syllables,ifs,FALSE,20,elitize_generation_data,241,108,0.69,NA
243,25,syllables,ifs,FALSE,20,elitize_generation_data,242,111,0.671,NA
244,25,syllables,ifs,FALSE,20,elitize_generation_data,243,112,0.681,NA
245,25,syllables,ifs,FALSE,20,elitize_generation_data,244,109,0.645,NA
246,25,syllables,ifs,FALSE,20,elitize_generation_data,245,115,0.629,NA
247,25,syllables,ifs,FALSE,20,elitize_generation_data,246,142,0.64,NA
248,25,syllables,ifs,FALSE,20,elitize_generation_data,247,101,0.629,NA
249,25,syllables,ifs,FALSE,20,elitize_generation_data,248,112,0.634,NA
250,25,syllables,ifs,FALSE,20,elitize_generation_data,249,111,0.64,NA
251,25,syllables,ifs,FALSE,20,elitize_generation_data,250,122,0.646,NA
252,25,syllables,ifs,FALSE,20,elitize_generation_data,251,117,0.637,NA
253,25,syllables,ifs,FALSE,20,elitize_generation_data,252,106,0.625,NA
254,25,syllables,ifs,FALSE,20,elitize_generation_data,253,98,0.646,NA
255,25,syllables,ifs,FALSE,20,elitize_generation_data,254,104,0.653,NA
256,25,syllables,ifs,FALSE,20,elitize_generation_data,255,132,0.627,NA
257,25,syllables,ifs,FALSE,20,elitize_generation_data,256,115,0.655,NA
258,25,syllables,ifs,FALSE,20,elitize_generation_data,257,116,0.663,NA
259,25,syllables,ifs,FALSE,20,elitize_generation_data,258,142,0.635,NA
260,25,syllables,ifs,FALSE,20,elitize_generation_data,259,108,0.651,NA
261,25,syllables,ifs,FALSE,20,elitize_generation_data,260,94,0.638,NA
262,25,syllables,ifs,FALSE,20,elitize_generation_data,261,114,0.633,NA
263,25,syllables,ifs,FALSE,20,elitize_generation_data,262,110,0.649,NA
264,25,syllables,ifs,FALSE,20,elitize_generation_data,263,99,0.672,NA
265,25,syllables,ifs,FALSE,20,elitize_generation_data,264,109,0.653,NA
266,25,syllables,ifs,FALSE,20,elitize_generation_data,265,100,0.658,NA
267,25,syllables,ifs,FALSE,20,elitize_generation_data,266,108,0.649,NA
268,25,syllables,ifs,FALSE,20,elitize_generation_data,267,119,0.667,NA
269,25,syllables,ifs,FALSE,20,elitize_generation_data,268,116,0.695,NA
270,25,syllables,ifs,FALSE,20,elitize_generation_data,269,124,0.689,NA
271,25,syllables,ifs,FALSE,20,elitize_generation_data,270,112,0.685,NA
272,25,syllables,ifs,FALSE,20,elitize_generation_data,271,123,0.695,NA
273,25,syllables,ifs,FALSE,20,elitize_generation_data,272,136,0.677,NA
274,25,syllables,ifs,FALSE,20,elitize_generation_data,273,156,0.703,NA
275,25,syllables,ifs,FALSE,20,elitize_generation_data,274,152,0.717,NA
276,25,syllables,ifs,FALSE,20,elitize_generation_data,275,141,0.714,NA
277,25,syllables,ifs,FALSE,20,elitize_generation_data,276,135,0.707,NA
278,25,syllables,ifs,FALSE,20,elitize_generation_data,277,159,0.735,NA
279,25,syllables,ifs,FALSE,20,elitize_generation_data,278,141,0.704,NA
280,25,syllables,ifs,FALSE,20,elitize_generation_data,279,147,0.718,NA
281,25,syllables,ifs,FALSE,20,elitize_generation_data,280,170,0.74,NA
282,25,syllables,ifs,FALSE,20,elitize_generation_data,281,154,0.748,NA
283,25,syllables,ifs,FALSE,20,elitize_generation_data,282,189,0.73,NA
284,25,syllables,ifs,FALSE,20,elitize_generation_data,283,192,0.722,NA
285,25,syllables,ifs,FALSE,20,elitize_generation_data,284,180,0.74,NA
286,25,syllables,ifs,FALSE,20,elitize_generation_data,285,177,0.747,NA
287,25,syllables,ifs,FALSE,20,elitize_generation_data,286,183,0.731,NA
288,25,syllables,ifs,FALSE,20,elitize_generation_data,287,173,0.726,NA
289,25,syllables,ifs,FALSE,20,elitize_generation_data,288,179,0.752,NA
290,25,syllables,ifs,FALSE,20,elitize_generation_data,289,193,0.77,NA
291,25,syllables,ifs,FALSE,20,elitize_generation_data,290,203,0.747,NA
292,25,syllables,ifs,FALSE,20,elitize_generation_data,291,177,0.762,NA
293,25,syllables,ifs,FALSE,20,elitize_generation_data,292,207,0.736,NA
294,25,syllables,ifs,FALSE,20,elitize_generation_data,293,205,0.732,NA
295,25,syllables,ifs,FALSE,20,elitize_generation_data,294,189,0.759,NA
296,25,syllables,ifs,FALSE,20,elitize_generation_data,295,183,0.768,NA
297,25,syllables,ifs,FALSE,20,elitize_generation_data,296,176,0.705,NA
298,25,syllables,ifs,FALSE,20,elitize_generation_data,297,191,0.734,NA
299,25,syllables,ifs,FALSE,20,elitize_generation_data,298,177,0.737,NA
300,25,syllables,ifs,FALSE,20,elitize_generation_data,299,166,0.718,NA
301,25,syllables,ifs,FALSE,20,elitize_generation_data,300,184,0.749,NA
