,run.num,problem,treatment,succeeded,height,normalization.function,generation,cluster.count,error.diversity,success.generation
1,66,syllables,ifs,FALSE,20,elitize_generation_data,0,5,0.255,NA
2,66,syllables,ifs,FALSE,20,elitize_generation_data,1,4,0.198,NA
3,66,syllables,ifs,FALSE,20,elitize_generation_data,2,6,0.206,NA
4,66,syllables,ifs,FALSE,20,elitize_generation_data,3,8,0.148,NA
5,66,syllables,ifs,FALSE,20,elitize_generation_data,4,7,0.18,NA
6,66,syllables,ifs,FALSE,20,elitize_generation_data,5,9,0.203,NA
7,66,syllables,ifs,FALSE,20,elitize_generation_data,6,9,0.136,NA
8,66,syllables,ifs,FALSE,20,elitize_generation_data,7,10,0.08,NA
9,66,syllables,ifs,FALSE,20,elitize_generation_data,8,8,0.063,NA
10,66,syllables,ifs,FALSE,20,elitize_generation_data,9,10,0.042,NA
11,66,syllables,ifs,FALSE,20,elitize_generation_data,10,8,0.056,NA
12,66,syllables,ifs,FALSE,20,elitize_generation_data,11,9,0.049,NA
13,66,syllables,ifs,FALSE,20,elitize_generation_data,12,9,0.043,NA
14,66,syllables,ifs,FALSE,20,elitize_generation_data,13,11,0.05,NA
15,66,syllables,ifs,FALSE,20,elitize_generation_data,14,8,0.054,NA
16,66,syllables,ifs,FALSE,20,elitize_generation_data,15,10,0.049,NA
17,66,syllables,ifs,FALSE,20,elitize_generation_data,16,8,0.05,NA
18,66,syllables,ifs,FALSE,20,elitize_generation_data,17,8,0.054,NA
19,66,syllables,ifs,FALSE,20,elitize_generation_data,18,9,0.047,NA
20,66,syllables,ifs,FALSE,20,elitize_generation_data,19,9,0.05,NA
21,66,syllables,ifs,FALSE,20,elitize_generation_data,20,9,0.057,NA
22,66,syllables,ifs,FALSE,20,elitize_generation_data,21,9,0.047,NA
23,66,syllables,ifs,FALSE,20,elitize_generation_data,22,10,0.054,NA
24,66,syllables,ifs,FALSE,20,elitize_generation_data,23,9,0.063,NA
25,66,syllables,ifs,FALSE,20,elitize_generation_data,24,9,0.062,NA
26,66,syllables,ifs,FALSE,20,elitize_generation_data,25,8,0.056,NA
27,66,syllables,ifs,FALSE,20,elitize_generation_data,26,9,0.058,NA
28,66,syllables,ifs,FALSE,20,elitize_generation_data,27,9,0.058,NA
29,66,syllables,ifs,FALSE,20,elitize_generation_data,28,9,0.06,NA
30,66,syllables,ifs,FALSE,20,elitize_generation_data,29,9,0.046,NA
31,66,syllables,ifs,FALSE,20,elitize_generation_data,30,9,0.057,NA
32,66,syllables,ifs,FALSE,20,elitize_generation_data,31,8,0.058,NA
33,66,syllables,ifs,FALSE,20,elitize_generation_data,32,10,0.059,NA
34,66,syllables,ifs,FALSE,20,elitize_generation_data,33,8,0.057,NA
35,66,syllables,ifs,FALSE,20,elitize_generation_data,34,10,0.052,NA
36,66,syllables,ifs,FALSE,20,elitize_generation_data,35,10,0.062,NA
37,66,syllables,ifs,FALSE,20,elitize_generation_data,36,7,0.065,NA
38,66,syllables,ifs,FALSE,20,elitize_generation_data,37,9,0.064,NA
39,66,syllables,ifs,FALSE,20,elitize_generation_data,38,8,0.062,NA
40,66,syllables,ifs,FALSE,20,elitize_generation_data,39,10,0.056,NA
41,66,syllables,ifs,FALSE,20,elitize_generation_data,40,9,0.059,NA
42,66,syllables,ifs,FALSE,20,elitize_generation_data,41,9,0.064,NA
43,66,syllables,ifs,FALSE,20,elitize_generation_data,42,8,0.054,NA
44,66,syllables,ifs,FALSE,20,elitize_generation_data,43,10,0.067,NA
45,66,syllables,ifs,FALSE,20,elitize_generation_data,44,9,0.061,NA
46,66,syllables,ifs,FALSE,20,elitize_generation_data,45,9,0.065,NA
47,66,syllables,ifs,FALSE,20,elitize_generation_data,46,10,0.057,NA
48,66,syllables,ifs,FALSE,20,elitize_generation_data,47,8,0.061,NA
49,66,syllables,ifs,FALSE,20,elitize_generation_data,48,8,0.057,NA
50,66,syllables,ifs,FALSE,20,elitize_generation_data,49,10,0.054,NA
51,66,syllables,ifs,FALSE,20,elitize_generation_data,50,10,0.062,NA
52,66,syllables,ifs,FALSE,20,elitize_generation_data,51,10,0.054,NA
53,66,syllables,ifs,FALSE,20,elitize_generation_data,52,8,0.056,NA
54,66,syllables,ifs,FALSE,20,elitize_generation_data,53,8,0.055,NA
55,66,syllables,ifs,FALSE,20,elitize_generation_data,54,8,0.06,NA
56,66,syllables,ifs,FALSE,20,elitize_generation_data,55,10,0.057,NA
57,66,syllables,ifs,FALSE,20,elitize_generation_data,56,8,0.066,NA
58,66,syllables,ifs,FALSE,20,elitize_generation_data,57,9,0.064,NA
59,66,syllables,ifs,FALSE,20,elitize_generation_data,58,9,0.076,NA
60,66,syllables,ifs,FALSE,20,elitize_generation_data,59,15,0.116,NA
61,66,syllables,ifs,FALSE,20,elitize_generation_data,60,24,0.181,NA
62,66,syllables,ifs,FALSE,20,elitize_generation_data,61,39,0.252,NA
63,66,syllables,ifs,FALSE,20,elitize_generation_data,62,50,0.297,NA
64,66,syllables,ifs,FALSE,20,elitize_generation_data,63,56,0.329,NA
65,66,syllables,ifs,FALSE,20,elitize_generation_data,64,72,0.339,NA
66,66,syllables,ifs,FALSE,20,elitize_generation_data,65,78,0.354,NA
67,66,syllables,ifs,FALSE,20,elitize_generation_data,66,85,0.353,NA
68,66,syllables,ifs,FALSE,20,elitize_generation_data,67,88,0.369,NA
69,66,syllables,ifs,FALSE,20,elitize_generation_data,68,87,0.351,NA
70,66,syllables,ifs,FALSE,20,elitize_generation_data,69,85,0.337,NA
71,66,syllables,ifs,FALSE,20,elitize_generation_data,70,71,0.335,NA
72,66,syllables,ifs,FALSE,20,elitize_generation_data,71,68,0.354,NA
73,66,syllables,ifs,FALSE,20,elitize_generation_data,72,63,0.342,NA
74,66,syllables,ifs,FALSE,20,elitize_generation_data,73,70,0.351,NA
75,66,syllables,ifs,FALSE,20,elitize_generation_data,74,77,0.377,NA
76,66,syllables,ifs,FALSE,20,elitize_generation_data,75,74,0.392,NA
77,66,syllables,ifs,FALSE,20,elitize_generation_data,76,78,0.404,NA
78,66,syllables,ifs,FALSE,20,elitize_generation_data,77,74,0.391,NA
79,66,syllables,ifs,FALSE,20,elitize_generation_data,78,78,0.398,NA
80,66,syllables,ifs,FALSE,20,elitize_generation_data,79,77,0.385,NA
81,66,syllables,ifs,FALSE,20,elitize_generation_data,80,72,0.35,NA
82,66,syllables,ifs,FALSE,20,elitize_generation_data,81,63,0.305,NA
83,66,syllables,ifs,FALSE,20,elitize_generation_data,82,61,0.326,NA
84,66,syllables,ifs,FALSE,20,elitize_generation_data,83,57,0.318,NA
85,66,syllables,ifs,FALSE,20,elitize_generation_data,84,54,0.334,NA
86,66,syllables,ifs,FALSE,20,elitize_generation_data,85,49,0.335,NA
87,66,syllables,ifs,FALSE,20,elitize_generation_data,86,53,0.343,NA
88,66,syllables,ifs,FALSE,20,elitize_generation_data,87,60,0.344,NA
89,66,syllables,ifs,FALSE,20,elitize_generation_data,88,50,0.349,NA
90,66,syllables,ifs,FALSE,20,elitize_generation_data,89,55,0.337,NA
91,66,syllables,ifs,FALSE,20,elitize_generation_data,90,63,0.356,NA
92,66,syllables,ifs,FALSE,20,elitize_generation_data,91,58,0.352,NA
93,66,syllables,ifs,FALSE,20,elitize_generation_data,92,62,0.378,NA
94,66,syllables,ifs,FALSE,20,elitize_generation_data,93,57,0.38,NA
95,66,syllables,ifs,FALSE,20,elitize_generation_data,94,65,0.398,NA
96,66,syllables,ifs,FALSE,20,elitize_generation_data,95,62,0.388,NA
97,66,syllables,ifs,FALSE,20,elitize_generation_data,96,58,0.415,NA
98,66,syllables,ifs,FALSE,20,elitize_generation_data,97,58,0.368,NA
99,66,syllables,ifs,FALSE,20,elitize_generation_data,98,48,0.364,NA
100,66,syllables,ifs,FALSE,20,elitize_generation_data,99,55,0.365,NA
101,66,syllables,ifs,FALSE,20,elitize_generation_data,100,63,0.358,NA
102,66,syllables,ifs,FALSE,20,elitize_generation_data,101,62,0.395,NA
103,66,syllables,ifs,FALSE,20,elitize_generation_data,102,57,0.372,NA
104,66,syllables,ifs,FALSE,20,elitize_generation_data,103,62,0.409,NA
105,66,syllables,ifs,FALSE,20,elitize_generation_data,104,58,0.417,NA
106,66,syllables,ifs,FALSE,20,elitize_generation_data,105,57,0.437,NA
107,66,syllables,ifs,FALSE,20,elitize_generation_data,106,62,0.436,NA
108,66,syllables,ifs,FALSE,20,elitize_generation_data,107,61,0.41,NA
109,66,syllables,ifs,FALSE,20,elitize_generation_data,108,67,0.417,NA
110,66,syllables,ifs,FALSE,20,elitize_generation_data,109,66,0.414,NA
111,66,syllables,ifs,FALSE,20,elitize_generation_data,110,66,0.415,NA
112,66,syllables,ifs,FALSE,20,elitize_generation_data,111,63,0.397,NA
113,66,syllables,ifs,FALSE,20,elitize_generation_data,112,72,0.419,NA
114,66,syllables,ifs,FALSE,20,elitize_generation_data,113,74,0.399,NA
115,66,syllables,ifs,FALSE,20,elitize_generation_data,114,64,0.378,NA
116,66,syllables,ifs,FALSE,20,elitize_generation_data,115,63,0.381,NA
117,66,syllables,ifs,FALSE,20,elitize_generation_data,116,64,0.382,NA
118,66,syllables,ifs,FALSE,20,elitize_generation_data,117,71,0.377,NA
119,66,syllables,ifs,FALSE,20,elitize_generation_data,118,64,0.355,NA
120,66,syllables,ifs,FALSE,20,elitize_generation_data,119,74,0.385,NA
121,66,syllables,ifs,FALSE,20,elitize_generation_data,120,66,0.388,NA
122,66,syllables,ifs,FALSE,20,elitize_generation_data,121,68,0.402,NA
123,66,syllables,ifs,FALSE,20,elitize_generation_data,122,72,0.374,NA
124,66,syllables,ifs,FALSE,20,elitize_generation_data,123,72,0.372,NA
125,66,syllables,ifs,FALSE,20,elitize_generation_data,124,66,0.366,NA
126,66,syllables,ifs,FALSE,20,elitize_generation_data,125,66,0.404,NA
127,66,syllables,ifs,FALSE,20,elitize_generation_data,126,63,0.37,NA
128,66,syllables,ifs,FALSE,20,elitize_generation_data,127,66,0.389,NA
129,66,syllables,ifs,FALSE,20,elitize_generation_data,128,70,0.396,NA
130,66,syllables,ifs,FALSE,20,elitize_generation_data,129,59,0.386,NA
131,66,syllables,ifs,FALSE,20,elitize_generation_data,130,70,0.395,NA
132,66,syllables,ifs,FALSE,20,elitize_generation_data,131,64,0.371,NA
133,66,syllables,ifs,FALSE,20,elitize_generation_data,132,62,0.364,NA
134,66,syllables,ifs,FALSE,20,elitize_generation_data,133,72,0.361,NA
135,66,syllables,ifs,FALSE,20,elitize_generation_data,134,64,0.365,NA
136,66,syllables,ifs,FALSE,20,elitize_generation_data,135,61,0.38,NA
137,66,syllables,ifs,FALSE,20,elitize_generation_data,136,66,0.373,NA
138,66,syllables,ifs,FALSE,20,elitize_generation_data,137,68,0.383,NA
139,66,syllables,ifs,FALSE,20,elitize_generation_data,138,66,0.364,NA
140,66,syllables,ifs,FALSE,20,elitize_generation_data,139,69,0.384,NA
141,66,syllables,ifs,FALSE,20,elitize_generation_data,140,55,0.39,NA
142,66,syllables,ifs,FALSE,20,elitize_generation_data,141,69,0.383,NA
143,66,syllables,ifs,FALSE,20,elitize_generation_data,142,61,0.405,NA
144,66,syllables,ifs,FALSE,20,elitize_generation_data,143,62,0.377,NA
145,66,syllables,ifs,FALSE,20,elitize_generation_data,144,64,0.375,NA
146,66,syllables,ifs,FALSE,20,elitize_generation_data,145,68,0.385,NA
147,66,syllables,ifs,FALSE,20,elitize_generation_data,146,61,0.387,NA
148,66,syllables,ifs,FALSE,20,elitize_generation_data,147,62,0.363,NA
149,66,syllables,ifs,FALSE,20,elitize_generation_data,148,63,0.377,NA
150,66,syllables,ifs,FALSE,20,elitize_generation_data,149,72,0.409,NA
151,66,syllables,ifs,FALSE,20,elitize_generation_data,150,71,0.368,NA
152,66,syllables,ifs,FALSE,20,elitize_generation_data,151,69,0.377,NA
153,66,syllables,ifs,FALSE,20,elitize_generation_data,152,65,0.376,NA
154,66,syllables,ifs,FALSE,20,elitize_generation_data,153,65,0.368,NA
155,66,syllables,ifs,FALSE,20,elitize_generation_data,154,60,0.371,NA
156,66,syllables,ifs,FALSE,20,elitize_generation_data,155,67,0.396,NA
157,66,syllables,ifs,FALSE,20,elitize_generation_data,156,66,0.4,NA
158,66,syllables,ifs,FALSE,20,elitize_generation_data,157,76,0.379,NA
159,66,syllables,ifs,FALSE,20,elitize_generation_data,158,71,0.362,NA
160,66,syllables,ifs,FALSE,20,elitize_generation_data,159,59,0.359,NA
161,66,syllables,ifs,FALSE,20,elitize_generation_data,160,59,0.388,NA
162,66,syllables,ifs,FALSE,20,elitize_generation_data,161,64,0.385,NA
163,66,syllables,ifs,FALSE,20,elitize_generation_data,162,75,0.388,NA
164,66,syllables,ifs,FALSE,20,elitize_generation_data,163,68,0.384,NA
165,66,syllables,ifs,FALSE,20,elitize_generation_data,164,66,0.389,NA
166,66,syllables,ifs,FALSE,20,elitize_generation_data,165,63,0.404,NA
167,66,syllables,ifs,FALSE,20,elitize_generation_data,166,73,0.399,NA
168,66,syllables,ifs,FALSE,20,elitize_generation_data,167,73,0.385,NA
169,66,syllables,ifs,FALSE,20,elitize_generation_data,168,71,0.385,NA
170,66,syllables,ifs,FALSE,20,elitize_generation_data,169,63,0.391,NA
171,66,syllables,ifs,FALSE,20,elitize_generation_data,170,52,0.404,NA
172,66,syllables,ifs,FALSE,20,elitize_generation_data,171,62,0.388,NA
173,66,syllables,ifs,FALSE,20,elitize_generation_data,172,61,0.406,NA
174,66,syllables,ifs,FALSE,20,elitize_generation_data,173,65,0.394,NA
175,66,syllables,ifs,FALSE,20,elitize_generation_data,174,67,0.383,NA
176,66,syllables,ifs,FALSE,20,elitize_generation_data,175,70,0.394,NA
177,66,syllables,ifs,FALSE,20,elitize_generation_data,176,62,0.393,NA
178,66,syllables,ifs,FALSE,20,elitize_generation_data,177,70,0.417,NA
179,66,syllables,ifs,FALSE,20,elitize_generation_data,178,59,0.432,NA
180,66,syllables,ifs,FALSE,20,elitize_generation_data,179,55,0.397,NA
181,66,syllables,ifs,FALSE,20,elitize_generation_data,180,57,0.423,NA
182,66,syllables,ifs,FALSE,20,elitize_generation_data,181,57,0.4,NA
183,66,syllables,ifs,FALSE,20,elitize_generation_data,182,64,0.411,NA
184,66,syllables,ifs,FALSE,20,elitize_generation_data,183,59,0.378,NA
185,66,syllables,ifs,FALSE,20,elitize_generation_data,184,57,0.367,NA
186,66,syllables,ifs,FALSE,20,elitize_generation_data,185,61,0.39,NA
187,66,syllables,ifs,FALSE,20,elitize_generation_data,186,65,0.389,NA
188,66,syllables,ifs,FALSE,20,elitize_generation_data,187,57,0.393,NA
189,66,syllables,ifs,FALSE,20,elitize_generation_data,188,60,0.43,NA
190,66,syllables,ifs,FALSE,20,elitize_generation_data,189,60,0.408,NA
191,66,syllables,ifs,FALSE,20,elitize_generation_data,190,65,0.413,NA
192,66,syllables,ifs,FALSE,20,elitize_generation_data,191,70,0.41,NA
193,66,syllables,ifs,FALSE,20,elitize_generation_data,192,60,0.385,NA
194,66,syllables,ifs,FALSE,20,elitize_generation_data,193,64,0.4,NA
195,66,syllables,ifs,FALSE,20,elitize_generation_data,194,57,0.425,NA
196,66,syllables,ifs,FALSE,20,elitize_generation_data,195,61,0.392,NA
197,66,syllables,ifs,FALSE,20,elitize_generation_data,196,56,0.431,NA
198,66,syllables,ifs,FALSE,20,elitize_generation_data,197,69,0.423,NA
199,66,syllables,ifs,FALSE,20,elitize_generation_data,198,63,0.436,NA
200,66,syllables,ifs,FALSE,20,elitize_generation_data,199,67,0.408,NA
201,66,syllables,ifs,FALSE,20,elitize_generation_data,200,57,0.421,NA
202,66,syllables,ifs,FALSE,20,elitize_generation_data,201,62,0.406,NA
203,66,syllables,ifs,FALSE,20,elitize_generation_data,202,55,0.381,NA
204,66,syllables,ifs,FALSE,20,elitize_generation_data,203,51,0.411,NA
205,66,syllables,ifs,FALSE,20,elitize_generation_data,204,56,0.389,NA
206,66,syllables,ifs,FALSE,20,elitize_generation_data,205,52,0.374,NA
207,66,syllables,ifs,FALSE,20,elitize_generation_data,206,56,0.391,NA
208,66,syllables,ifs,FALSE,20,elitize_generation_data,207,61,0.378,NA
209,66,syllables,ifs,FALSE,20,elitize_generation_data,208,62,0.393,NA
210,66,syllables,ifs,FALSE,20,elitize_generation_data,209,56,0.382,NA
211,66,syllables,ifs,FALSE,20,elitize_generation_data,210,62,0.404,NA
212,66,syllables,ifs,FALSE,20,elitize_generation_data,211,61,0.4,NA
213,66,syllables,ifs,FALSE,20,elitize_generation_data,212,65,0.387,NA
214,66,syllables,ifs,FALSE,20,elitize_generation_data,213,58,0.384,NA
215,66,syllables,ifs,FALSE,20,elitize_generation_data,214,61,0.391,NA
216,66,syllables,ifs,FALSE,20,elitize_generation_data,215,60,0.392,NA
217,66,syllables,ifs,FALSE,20,elitize_generation_data,216,61,0.389,NA
218,66,syllables,ifs,FALSE,20,elitize_generation_data,217,56,0.377,NA
219,66,syllables,ifs,FALSE,20,elitize_generation_data,218,57,0.402,NA
220,66,syllables,ifs,FALSE,20,elitize_generation_data,219,57,0.422,NA
221,66,syllables,ifs,FALSE,20,elitize_generation_data,220,61,0.386,NA
222,66,syllables,ifs,FALSE,20,elitize_generation_data,221,57,0.421,NA
223,66,syllables,ifs,FALSE,20,elitize_generation_data,222,65,0.394,NA
224,66,syllables,ifs,FALSE,20,elitize_generation_data,223,60,0.382,NA
225,66,syllables,ifs,FALSE,20,elitize_generation_data,224,61,0.384,NA
226,66,syllables,ifs,FALSE,20,elitize_generation_data,225,55,0.386,NA
227,66,syllables,ifs,FALSE,20,elitize_generation_data,226,65,0.4,NA
228,66,syllables,ifs,FALSE,20,elitize_generation_data,227,63,0.389,NA
229,66,syllables,ifs,FALSE,20,elitize_generation_data,228,67,0.413,NA
230,66,syllables,ifs,FALSE,20,elitize_generation_data,229,75,0.42,NA
231,66,syllables,ifs,FALSE,20,elitize_generation_data,230,65,0.415,NA
232,66,syllables,ifs,FALSE,20,elitize_generation_data,231,56,0.38,NA
233,66,syllables,ifs,FALSE,20,elitize_generation_data,232,57,0.43,NA
234,66,syllables,ifs,FALSE,20,elitize_generation_data,233,54,0.409,NA
235,66,syllables,ifs,FALSE,20,elitize_generation_data,234,58,0.409,NA
236,66,syllables,ifs,FALSE,20,elitize_generation_data,235,72,0.404,NA
237,66,syllables,ifs,FALSE,20,elitize_generation_data,236,53,0.396,NA
238,66,syllables,ifs,FALSE,20,elitize_generation_data,237,66,0.406,NA
239,66,syllables,ifs,FALSE,20,elitize_generation_data,238,66,0.402,NA
240,66,syllables,ifs,FALSE,20,elitize_generation_data,239,61,0.406,NA
241,66,syllables,ifs,FALSE,20,elitize_generation_data,240,71,0.449,NA
242,66,syllables,ifs,FALSE,20,elitize_generation_data,241,62,0.391,NA
243,66,syllables,ifs,FALSE,20,elitize_generation_data,242,59,0.409,NA
244,66,syllables,ifs,FALSE,20,elitize_generation_data,243,61,0.424,NA
245,66,syllables,ifs,FALSE,20,elitize_generation_data,244,65,0.402,NA
246,66,syllables,ifs,FALSE,20,elitize_generation_data,245,61,0.403,NA
247,66,syllables,ifs,FALSE,20,elitize_generation_data,246,64,0.412,NA
248,66,syllables,ifs,FALSE,20,elitize_generation_data,247,64,0.392,NA
249,66,syllables,ifs,FALSE,20,elitize_generation_data,248,60,0.412,NA
250,66,syllables,ifs,FALSE,20,elitize_generation_data,249,75,0.422,NA
251,66,syllables,ifs,FALSE,20,elitize_generation_data,250,60,0.387,NA
252,66,syllables,ifs,FALSE,20,elitize_generation_data,251,69,0.382,NA
253,66,syllables,ifs,FALSE,20,elitize_generation_data,252,61,0.385,NA
254,66,syllables,ifs,FALSE,20,elitize_generation_data,253,62,0.364,NA
255,66,syllables,ifs,FALSE,20,elitize_generation_data,254,72,0.404,NA
256,66,syllables,ifs,FALSE,20,elitize_generation_data,255,63,0.381,NA
257,66,syllables,ifs,FALSE,20,elitize_generation_data,256,56,0.393,NA
258,66,syllables,ifs,FALSE,20,elitize_generation_data,257,63,0.402,NA
259,66,syllables,ifs,FALSE,20,elitize_generation_data,258,59,0.377,NA
260,66,syllables,ifs,FALSE,20,elitize_generation_data,259,70,0.371,NA
261,66,syllables,ifs,FALSE,20,elitize_generation_data,260,59,0.399,NA
262,66,syllables,ifs,FALSE,20,elitize_generation_data,261,67,0.409,NA
263,66,syllables,ifs,FALSE,20,elitize_generation_data,262,68,0.388,NA
264,66,syllables,ifs,FALSE,20,elitize_generation_data,263,62,0.393,NA
265,66,syllables,ifs,FALSE,20,elitize_generation_data,264,63,0.407,NA
266,66,syllables,ifs,FALSE,20,elitize_generation_data,265,63,0.404,NA
267,66,syllables,ifs,FALSE,20,elitize_generation_data,266,74,0.386,NA
268,66,syllables,ifs,FALSE,20,elitize_generation_data,267,58,0.413,NA
269,66,syllables,ifs,FALSE,20,elitize_generation_data,268,63,0.385,NA
270,66,syllables,ifs,FALSE,20,elitize_generation_data,269,65,0.38,NA
271,66,syllables,ifs,FALSE,20,elitize_generation_data,270,63,0.385,NA
272,66,syllables,ifs,FALSE,20,elitize_generation_data,271,65,0.376,NA
273,66,syllables,ifs,FALSE,20,elitize_generation_data,272,61,0.374,NA
274,66,syllables,ifs,FALSE,20,elitize_generation_data,273,62,0.406,NA
275,66,syllables,ifs,FALSE,20,elitize_generation_data,274,65,0.378,NA
276,66,syllables,ifs,FALSE,20,elitize_generation_data,275,60,0.371,NA
277,66,syllables,ifs,FALSE,20,elitize_generation_data,276,65,0.372,NA
278,66,syllables,ifs,FALSE,20,elitize_generation_data,277,65,0.415,NA
279,66,syllables,ifs,FALSE,20,elitize_generation_data,278,64,0.382,NA
280,66,syllables,ifs,FALSE,20,elitize_generation_data,279,63,0.404,NA
281,66,syllables,ifs,FALSE,20,elitize_generation_data,280,61,0.381,NA
282,66,syllables,ifs,FALSE,20,elitize_generation_data,281,63,0.386,NA
283,66,syllables,ifs,FALSE,20,elitize_generation_data,282,77,0.396,NA
284,66,syllables,ifs,FALSE,20,elitize_generation_data,283,61,0.388,NA
285,66,syllables,ifs,FALSE,20,elitize_generation_data,284,61,0.382,NA
286,66,syllables,ifs,FALSE,20,elitize_generation_data,285,65,0.368,NA
287,66,syllables,ifs,FALSE,20,elitize_generation_data,286,78,0.416,NA
288,66,syllables,ifs,FALSE,20,elitize_generation_data,287,68,0.385,NA
289,66,syllables,ifs,FALSE,20,elitize_generation_data,288,63,0.418,NA
290,66,syllables,ifs,FALSE,20,elitize_generation_data,289,60,0.414,NA
291,66,syllables,ifs,FALSE,20,elitize_generation_data,290,59,0.356,NA
292,66,syllables,ifs,FALSE,20,elitize_generation_data,291,65,0.39,NA
293,66,syllables,ifs,FALSE,20,elitize_generation_data,292,63,0.352,NA
294,66,syllables,ifs,FALSE,20,elitize_generation_data,293,63,0.384,NA
295,66,syllables,ifs,FALSE,20,elitize_generation_data,294,63,0.376,NA
296,66,syllables,ifs,FALSE,20,elitize_generation_data,295,68,0.393,NA
297,66,syllables,ifs,FALSE,20,elitize_generation_data,296,69,0.374,NA
298,66,syllables,ifs,FALSE,20,elitize_generation_data,297,57,0.373,NA
299,66,syllables,ifs,FALSE,20,elitize_generation_data,298,66,0.387,NA
300,66,syllables,ifs,FALSE,20,elitize_generation_data,299,61,0.403,NA
301,66,syllables,ifs,FALSE,20,elitize_generation_data,300,62,0.38,NA
