,run.num,problem,treatment,succeeded,height,normalization.function,generation,cluster.count,error.diversity,success.generation
1,95,syllables,ifs,FALSE,20,elitize_generation_data,0,5,0.283,NA
2,95,syllables,ifs,FALSE,20,elitize_generation_data,1,5,0.176,NA
3,95,syllables,ifs,FALSE,20,elitize_generation_data,2,5,0.195,NA
4,95,syllables,ifs,FALSE,20,elitize_generation_data,3,8,0.078,NA
5,95,syllables,ifs,FALSE,20,elitize_generation_data,4,4,0.06,NA
6,95,syllables,ifs,FALSE,20,elitize_generation_data,5,10,0.075,NA
7,95,syllables,ifs,FALSE,20,elitize_generation_data,6,8,0.153,NA
8,95,syllables,ifs,FALSE,20,elitize_generation_data,7,9,0.179,NA
9,95,syllables,ifs,FALSE,20,elitize_generation_data,8,9,0.139,NA
10,95,syllables,ifs,FALSE,20,elitize_generation_data,9,9,0.114,NA
11,95,syllables,ifs,FALSE,20,elitize_generation_data,10,10,0.11,NA
12,95,syllables,ifs,FALSE,20,elitize_generation_data,11,9,0.118,NA
13,95,syllables,ifs,FALSE,20,elitize_generation_data,12,9,0.114,NA
14,95,syllables,ifs,FALSE,20,elitize_generation_data,13,10,0.1,NA
15,95,syllables,ifs,FALSE,20,elitize_generation_data,14,10,0.113,NA
16,95,syllables,ifs,FALSE,20,elitize_generation_data,15,9,0.12,NA
17,95,syllables,ifs,FALSE,20,elitize_generation_data,16,8,0.098,NA
18,95,syllables,ifs,FALSE,20,elitize_generation_data,17,9,0.112,NA
19,95,syllables,ifs,FALSE,20,elitize_generation_data,18,8,0.097,NA
20,95,syllables,ifs,FALSE,20,elitize_generation_data,19,10,0.105,NA
21,95,syllables,ifs,FALSE,20,elitize_generation_data,20,10,0.1,NA
22,95,syllables,ifs,FALSE,20,elitize_generation_data,21,9,0.101,NA
23,95,syllables,ifs,FALSE,20,elitize_generation_data,22,9,0.126,NA
24,95,syllables,ifs,FALSE,20,elitize_generation_data,23,13,0.111,NA
25,95,syllables,ifs,FALSE,20,elitize_generation_data,24,14,0.138,NA
26,95,syllables,ifs,FALSE,20,elitize_generation_data,25,13,0.158,NA
27,95,syllables,ifs,FALSE,20,elitize_generation_data,26,12,0.161,NA
28,95,syllables,ifs,FALSE,20,elitize_generation_data,27,18,0.136,NA
29,95,syllables,ifs,FALSE,20,elitize_generation_data,28,15,0.131,NA
30,95,syllables,ifs,FALSE,20,elitize_generation_data,29,19,0.155,NA
31,95,syllables,ifs,FALSE,20,elitize_generation_data,30,20,0.169,NA
32,95,syllables,ifs,FALSE,20,elitize_generation_data,31,20,0.146,NA
33,95,syllables,ifs,FALSE,20,elitize_generation_data,32,16,0.158,NA
34,95,syllables,ifs,FALSE,20,elitize_generation_data,33,20,0.154,NA
35,95,syllables,ifs,FALSE,20,elitize_generation_data,34,15,0.192,NA
36,95,syllables,ifs,FALSE,20,elitize_generation_data,35,18,0.183,NA
37,95,syllables,ifs,FALSE,20,elitize_generation_data,36,18,0.221,NA
38,95,syllables,ifs,FALSE,20,elitize_generation_data,37,19,0.188,NA
39,95,syllables,ifs,FALSE,20,elitize_generation_data,38,20,0.175,NA
40,95,syllables,ifs,FALSE,20,elitize_generation_data,39,17,0.209,NA
41,95,syllables,ifs,FALSE,20,elitize_generation_data,40,20,0.201,NA
42,95,syllables,ifs,FALSE,20,elitize_generation_data,41,20,0.187,NA
43,95,syllables,ifs,FALSE,20,elitize_generation_data,42,20,0.234,NA
44,95,syllables,ifs,FALSE,20,elitize_generation_data,43,23,0.206,NA
45,95,syllables,ifs,FALSE,20,elitize_generation_data,44,19,0.198,NA
46,95,syllables,ifs,FALSE,20,elitize_generation_data,45,19,0.193,NA
47,95,syllables,ifs,FALSE,20,elitize_generation_data,46,19,0.189,NA
48,95,syllables,ifs,FALSE,20,elitize_generation_data,47,20,0.163,NA
49,95,syllables,ifs,FALSE,20,elitize_generation_data,48,19,0.185,NA
50,95,syllables,ifs,FALSE,20,elitize_generation_data,49,19,0.191,NA
51,95,syllables,ifs,FALSE,20,elitize_generation_data,50,19,0.187,NA
52,95,syllables,ifs,FALSE,20,elitize_generation_data,51,17,0.195,NA
53,95,syllables,ifs,FALSE,20,elitize_generation_data,52,20,0.191,NA
54,95,syllables,ifs,FALSE,20,elitize_generation_data,53,20,0.171,NA
55,95,syllables,ifs,FALSE,20,elitize_generation_data,54,18,0.203,NA
56,95,syllables,ifs,FALSE,20,elitize_generation_data,55,14,0.212,NA
57,95,syllables,ifs,FALSE,20,elitize_generation_data,56,20,0.21,NA
58,95,syllables,ifs,FALSE,20,elitize_generation_data,57,20,0.22,NA
59,95,syllables,ifs,FALSE,20,elitize_generation_data,58,20,0.202,NA
60,95,syllables,ifs,FALSE,20,elitize_generation_data,59,15,0.208,NA
61,95,syllables,ifs,FALSE,20,elitize_generation_data,60,19,0.213,NA
62,95,syllables,ifs,FALSE,20,elitize_generation_data,61,17,0.223,NA
63,95,syllables,ifs,FALSE,20,elitize_generation_data,62,19,0.213,NA
64,95,syllables,ifs,FALSE,20,elitize_generation_data,63,19,0.212,NA
65,95,syllables,ifs,FALSE,20,elitize_generation_data,64,26,0.202,NA
66,95,syllables,ifs,FALSE,20,elitize_generation_data,65,18,0.202,NA
67,95,syllables,ifs,FALSE,20,elitize_generation_data,66,24,0.212,NA
68,95,syllables,ifs,FALSE,20,elitize_generation_data,67,20,0.214,NA
69,95,syllables,ifs,FALSE,20,elitize_generation_data,68,25,0.217,NA
70,95,syllables,ifs,FALSE,20,elitize_generation_data,69,22,0.212,NA
71,95,syllables,ifs,FALSE,20,elitize_generation_data,70,20,0.218,NA
72,95,syllables,ifs,FALSE,20,elitize_generation_data,71,23,0.24,NA
73,95,syllables,ifs,FALSE,20,elitize_generation_data,72,17,0.228,NA
74,95,syllables,ifs,FALSE,20,elitize_generation_data,73,21,0.219,NA
75,95,syllables,ifs,FALSE,20,elitize_generation_data,74,16,0.214,NA
76,95,syllables,ifs,FALSE,20,elitize_generation_data,75,21,0.198,NA
77,95,syllables,ifs,FALSE,20,elitize_generation_data,76,17,0.229,NA
78,95,syllables,ifs,FALSE,20,elitize_generation_data,77,23,0.206,NA
79,95,syllables,ifs,FALSE,20,elitize_generation_data,78,23,0.212,NA
80,95,syllables,ifs,FALSE,20,elitize_generation_data,79,16,0.205,NA
81,95,syllables,ifs,FALSE,20,elitize_generation_data,80,20,0.204,NA
82,95,syllables,ifs,FALSE,20,elitize_generation_data,81,21,0.223,NA
83,95,syllables,ifs,FALSE,20,elitize_generation_data,82,22,0.192,NA
84,95,syllables,ifs,FALSE,20,elitize_generation_data,83,19,0.204,NA
85,95,syllables,ifs,FALSE,20,elitize_generation_data,84,20,0.212,NA
86,95,syllables,ifs,FALSE,20,elitize_generation_data,85,16,0.209,NA
87,95,syllables,ifs,FALSE,20,elitize_generation_data,86,19,0.215,NA
88,95,syllables,ifs,FALSE,20,elitize_generation_data,87,18,0.205,NA
89,95,syllables,ifs,FALSE,20,elitize_generation_data,88,22,0.203,NA
90,95,syllables,ifs,FALSE,20,elitize_generation_data,89,16,0.198,NA
91,95,syllables,ifs,FALSE,20,elitize_generation_data,90,19,0.2,NA
92,95,syllables,ifs,FALSE,20,elitize_generation_data,91,18,0.202,NA
93,95,syllables,ifs,FALSE,20,elitize_generation_data,92,22,0.244,NA
94,95,syllables,ifs,FALSE,20,elitize_generation_data,93,20,0.215,NA
95,95,syllables,ifs,FALSE,20,elitize_generation_data,94,19,0.248,NA
96,95,syllables,ifs,FALSE,20,elitize_generation_data,95,20,0.25,NA
97,95,syllables,ifs,FALSE,20,elitize_generation_data,96,24,0.326,NA
98,95,syllables,ifs,FALSE,20,elitize_generation_data,97,27,0.349,NA
99,95,syllables,ifs,FALSE,20,elitize_generation_data,98,30,0.405,NA
100,95,syllables,ifs,FALSE,20,elitize_generation_data,99,32,0.39,NA
101,95,syllables,ifs,FALSE,20,elitize_generation_data,100,26,0.42,NA
102,95,syllables,ifs,FALSE,20,elitize_generation_data,101,29,0.433,NA
103,95,syllables,ifs,FALSE,20,elitize_generation_data,102,27,0.408,NA
104,95,syllables,ifs,FALSE,20,elitize_generation_data,103,28,0.403,NA
105,95,syllables,ifs,FALSE,20,elitize_generation_data,104,35,0.448,NA
106,95,syllables,ifs,FALSE,20,elitize_generation_data,105,34,0.407,NA
107,95,syllables,ifs,FALSE,20,elitize_generation_data,106,28,0.412,NA
108,95,syllables,ifs,FALSE,20,elitize_generation_data,107,28,0.392,NA
109,95,syllables,ifs,FALSE,20,elitize_generation_data,108,29,0.42,NA
110,95,syllables,ifs,FALSE,20,elitize_generation_data,109,33,0.449,NA
111,95,syllables,ifs,FALSE,20,elitize_generation_data,110,40,0.507,NA
112,95,syllables,ifs,FALSE,20,elitize_generation_data,111,42,0.558,NA
113,95,syllables,ifs,FALSE,20,elitize_generation_data,112,41,0.553,NA
114,95,syllables,ifs,FALSE,20,elitize_generation_data,113,46,0.567,NA
115,95,syllables,ifs,FALSE,20,elitize_generation_data,114,45,0.566,NA
116,95,syllables,ifs,FALSE,20,elitize_generation_data,115,45,0.52,NA
117,95,syllables,ifs,FALSE,20,elitize_generation_data,116,37,0.498,NA
118,95,syllables,ifs,FALSE,20,elitize_generation_data,117,40,0.485,NA
119,95,syllables,ifs,FALSE,20,elitize_generation_data,118,49,0.521,NA
120,95,syllables,ifs,FALSE,20,elitize_generation_data,119,51,0.532,NA
121,95,syllables,ifs,FALSE,20,elitize_generation_data,120,48,0.544,NA
122,95,syllables,ifs,FALSE,20,elitize_generation_data,121,50,0.54,NA
123,95,syllables,ifs,FALSE,20,elitize_generation_data,122,55,0.589,NA
124,95,syllables,ifs,FALSE,20,elitize_generation_data,123,51,0.566,NA
125,95,syllables,ifs,FALSE,20,elitize_generation_data,124,51,0.578,NA
126,95,syllables,ifs,FALSE,20,elitize_generation_data,125,55,0.563,NA
127,95,syllables,ifs,FALSE,20,elitize_generation_data,126,61,0.585,NA
128,95,syllables,ifs,FALSE,20,elitize_generation_data,127,56,0.596,NA
129,95,syllables,ifs,FALSE,20,elitize_generation_data,128,53,0.594,NA
130,95,syllables,ifs,FALSE,20,elitize_generation_data,129,52,0.617,NA
131,95,syllables,ifs,FALSE,20,elitize_generation_data,130,65,0.646,NA
132,95,syllables,ifs,FALSE,20,elitize_generation_data,131,67,0.64,NA
133,95,syllables,ifs,FALSE,20,elitize_generation_data,132,54,0.621,NA
134,95,syllables,ifs,FALSE,20,elitize_generation_data,133,66,0.638,NA
135,95,syllables,ifs,FALSE,20,elitize_generation_data,134,65,0.646,NA
136,95,syllables,ifs,FALSE,20,elitize_generation_data,135,63,0.619,NA
137,95,syllables,ifs,FALSE,20,elitize_generation_data,136,63,0.641,NA
138,95,syllables,ifs,FALSE,20,elitize_generation_data,137,51,0.639,NA
139,95,syllables,ifs,FALSE,20,elitize_generation_data,138,67,0.659,NA
140,95,syllables,ifs,FALSE,20,elitize_generation_data,139,54,0.653,NA
141,95,syllables,ifs,FALSE,20,elitize_generation_data,140,65,0.673,NA
142,95,syllables,ifs,FALSE,20,elitize_generation_data,141,59,0.701,NA
143,95,syllables,ifs,FALSE,20,elitize_generation_data,142,67,0.714,NA
144,95,syllables,ifs,FALSE,20,elitize_generation_data,143,78,0.662,NA
145,95,syllables,ifs,FALSE,20,elitize_generation_data,144,66,0.644,NA
146,95,syllables,ifs,FALSE,20,elitize_generation_data,145,73,0.65,NA
147,95,syllables,ifs,FALSE,20,elitize_generation_data,146,77,0.633,NA
148,95,syllables,ifs,FALSE,20,elitize_generation_data,147,71,0.612,NA
149,95,syllables,ifs,FALSE,20,elitize_generation_data,148,67,0.644,NA
150,95,syllables,ifs,FALSE,20,elitize_generation_data,149,81,0.657,NA
151,95,syllables,ifs,FALSE,20,elitize_generation_data,150,87,0.659,NA
152,95,syllables,ifs,FALSE,20,elitize_generation_data,151,89,0.68,NA
153,95,syllables,ifs,FALSE,20,elitize_generation_data,152,75,0.674,NA
154,95,syllables,ifs,FALSE,20,elitize_generation_data,153,76,0.703,NA
155,95,syllables,ifs,FALSE,20,elitize_generation_data,154,86,0.713,NA
156,95,syllables,ifs,FALSE,20,elitize_generation_data,155,81,0.717,NA
157,95,syllables,ifs,FALSE,20,elitize_generation_data,156,86,0.739,NA
158,95,syllables,ifs,FALSE,20,elitize_generation_data,157,94,0.748,NA
159,95,syllables,ifs,FALSE,20,elitize_generation_data,158,83,0.718,NA
160,95,syllables,ifs,FALSE,20,elitize_generation_data,159,82,0.726,NA
161,95,syllables,ifs,FALSE,20,elitize_generation_data,160,88,0.737,NA
162,95,syllables,ifs,FALSE,20,elitize_generation_data,161,73,0.738,NA
163,95,syllables,ifs,FALSE,20,elitize_generation_data,162,86,0.714,NA
164,95,syllables,ifs,FALSE,20,elitize_generation_data,163,87,0.711,NA
165,95,syllables,ifs,FALSE,20,elitize_generation_data,164,92,0.719,NA
166,95,syllables,ifs,FALSE,20,elitize_generation_data,165,91,0.738,NA
167,95,syllables,ifs,FALSE,20,elitize_generation_data,166,95,0.722,NA
168,95,syllables,ifs,FALSE,20,elitize_generation_data,167,105,0.726,NA
169,95,syllables,ifs,FALSE,20,elitize_generation_data,168,96,0.737,NA
170,95,syllables,ifs,FALSE,20,elitize_generation_data,169,91,0.713,NA
171,95,syllables,ifs,FALSE,20,elitize_generation_data,170,106,0.744,NA
172,95,syllables,ifs,FALSE,20,elitize_generation_data,171,110,0.731,NA
173,95,syllables,ifs,FALSE,20,elitize_generation_data,172,109,0.742,NA
174,95,syllables,ifs,FALSE,20,elitize_generation_data,173,103,0.737,NA
175,95,syllables,ifs,FALSE,20,elitize_generation_data,174,108,0.751,NA
176,95,syllables,ifs,FALSE,20,elitize_generation_data,175,115,0.757,NA
177,95,syllables,ifs,FALSE,20,elitize_generation_data,176,110,0.759,NA
178,95,syllables,ifs,FALSE,20,elitize_generation_data,177,109,0.764,NA
179,95,syllables,ifs,FALSE,20,elitize_generation_data,178,121,0.764,NA
180,95,syllables,ifs,FALSE,20,elitize_generation_data,179,101,0.767,NA
181,95,syllables,ifs,FALSE,20,elitize_generation_data,180,110,0.745,NA
182,95,syllables,ifs,FALSE,20,elitize_generation_data,181,118,0.779,NA
183,95,syllables,ifs,FALSE,20,elitize_generation_data,182,123,0.778,NA
184,95,syllables,ifs,FALSE,20,elitize_generation_data,183,127,0.772,NA
185,95,syllables,ifs,FALSE,20,elitize_generation_data,184,124,0.792,NA
186,95,syllables,ifs,FALSE,20,elitize_generation_data,185,113,0.783,NA
187,95,syllables,ifs,FALSE,20,elitize_generation_data,186,118,0.768,NA
188,95,syllables,ifs,FALSE,20,elitize_generation_data,187,115,0.789,NA
189,95,syllables,ifs,FALSE,20,elitize_generation_data,188,115,0.819,NA
190,95,syllables,ifs,FALSE,20,elitize_generation_data,189,123,0.791,NA
191,95,syllables,ifs,FALSE,20,elitize_generation_data,190,113,0.815,NA
192,95,syllables,ifs,FALSE,20,elitize_generation_data,191,126,0.805,NA
193,95,syllables,ifs,FALSE,20,elitize_generation_data,192,99,0.796,NA
194,95,syllables,ifs,FALSE,20,elitize_generation_data,193,128,0.795,NA
195,95,syllables,ifs,FALSE,20,elitize_generation_data,194,124,0.783,NA
196,95,syllables,ifs,FALSE,20,elitize_generation_data,195,112,0.776,NA
197,95,syllables,ifs,FALSE,20,elitize_generation_data,196,112,0.751,NA
198,95,syllables,ifs,FALSE,20,elitize_generation_data,197,124,0.791,NA
199,95,syllables,ifs,FALSE,20,elitize_generation_data,198,119,0.788,NA
200,95,syllables,ifs,FALSE,20,elitize_generation_data,199,126,0.806,NA
201,95,syllables,ifs,FALSE,20,elitize_generation_data,200,123,0.775,NA
202,95,syllables,ifs,FALSE,20,elitize_generation_data,201,105,0.78,NA
203,95,syllables,ifs,FALSE,20,elitize_generation_data,202,101,0.798,NA
204,95,syllables,ifs,FALSE,20,elitize_generation_data,203,117,0.779,NA
205,95,syllables,ifs,FALSE,20,elitize_generation_data,204,105,0.772,NA
206,95,syllables,ifs,FALSE,20,elitize_generation_data,205,111,0.8,NA
207,95,syllables,ifs,FALSE,20,elitize_generation_data,206,116,0.77,NA
208,95,syllables,ifs,FALSE,20,elitize_generation_data,207,111,0.753,NA
209,95,syllables,ifs,FALSE,20,elitize_generation_data,208,117,0.775,NA
210,95,syllables,ifs,FALSE,20,elitize_generation_data,209,124,0.768,NA
211,95,syllables,ifs,FALSE,20,elitize_generation_data,210,119,0.766,NA
212,95,syllables,ifs,FALSE,20,elitize_generation_data,211,123,0.769,NA
213,95,syllables,ifs,FALSE,20,elitize_generation_data,212,107,0.767,NA
214,95,syllables,ifs,FALSE,20,elitize_generation_data,213,118,0.77,NA
215,95,syllables,ifs,FALSE,20,elitize_generation_data,214,127,0.785,NA
216,95,syllables,ifs,FALSE,20,elitize_generation_data,215,111,0.787,NA
217,95,syllables,ifs,FALSE,20,elitize_generation_data,216,137,0.809,NA
218,95,syllables,ifs,FALSE,20,elitize_generation_data,217,114,0.808,NA
219,95,syllables,ifs,FALSE,20,elitize_generation_data,218,134,0.794,NA
220,95,syllables,ifs,FALSE,20,elitize_generation_data,219,134,0.776,NA
221,95,syllables,ifs,FALSE,20,elitize_generation_data,220,120,0.767,NA
222,95,syllables,ifs,FALSE,20,elitize_generation_data,221,118,0.793,NA
223,95,syllables,ifs,FALSE,20,elitize_generation_data,222,134,0.792,NA
224,95,syllables,ifs,FALSE,20,elitize_generation_data,223,132,0.782,NA
225,95,syllables,ifs,FALSE,20,elitize_generation_data,224,138,0.767,NA
226,95,syllables,ifs,FALSE,20,elitize_generation_data,225,131,0.786,NA
227,95,syllables,ifs,FALSE,20,elitize_generation_data,226,134,0.784,NA
228,95,syllables,ifs,FALSE,20,elitize_generation_data,227,134,0.805,NA
229,95,syllables,ifs,FALSE,20,elitize_generation_data,228,134,0.764,NA
230,95,syllables,ifs,FALSE,20,elitize_generation_data,229,115,0.782,NA
231,95,syllables,ifs,FALSE,20,elitize_generation_data,230,113,0.772,NA
232,95,syllables,ifs,FALSE,20,elitize_generation_data,231,119,0.754,NA
233,95,syllables,ifs,FALSE,20,elitize_generation_data,232,121,0.763,NA
234,95,syllables,ifs,FALSE,20,elitize_generation_data,233,110,0.747,NA
235,95,syllables,ifs,FALSE,20,elitize_generation_data,234,132,0.751,NA
236,95,syllables,ifs,FALSE,20,elitize_generation_data,235,118,0.767,NA
237,95,syllables,ifs,FALSE,20,elitize_generation_data,236,121,0.757,NA
238,95,syllables,ifs,FALSE,20,elitize_generation_data,237,104,0.732,NA
239,95,syllables,ifs,FALSE,20,elitize_generation_data,238,107,0.726,NA
240,95,syllables,ifs,FALSE,20,elitize_generation_data,239,110,0.74,NA
241,95,syllables,ifs,FALSE,20,elitize_generation_data,240,119,0.758,NA
242,95,syllables,ifs,FALSE,20,elitize_generation_data,241,124,0.771,NA
243,95,syllables,ifs,FALSE,20,elitize_generation_data,242,120,0.766,NA
244,95,syllables,ifs,FALSE,20,elitize_generation_data,243,122,0.779,NA
245,95,syllables,ifs,FALSE,20,elitize_generation_data,244,119,0.801,NA
246,95,syllables,ifs,FALSE,20,elitize_generation_data,245,131,0.792,NA
247,95,syllables,ifs,FALSE,20,elitize_generation_data,246,124,0.794,NA
248,95,syllables,ifs,FALSE,20,elitize_generation_data,247,125,0.781,NA
249,95,syllables,ifs,FALSE,20,elitize_generation_data,248,118,0.786,NA
250,95,syllables,ifs,FALSE,20,elitize_generation_data,249,118,0.782,NA
251,95,syllables,ifs,FALSE,20,elitize_generation_data,250,118,0.793,NA
252,95,syllables,ifs,FALSE,20,elitize_generation_data,251,128,0.8,NA
253,95,syllables,ifs,FALSE,20,elitize_generation_data,252,128,0.786,NA
254,95,syllables,ifs,FALSE,20,elitize_generation_data,253,121,0.787,NA
255,95,syllables,ifs,FALSE,20,elitize_generation_data,254,120,0.802,NA
256,95,syllables,ifs,FALSE,20,elitize_generation_data,255,114,0.793,NA
257,95,syllables,ifs,FALSE,20,elitize_generation_data,256,107,0.803,NA
258,95,syllables,ifs,FALSE,20,elitize_generation_data,257,126,0.789,NA
259,95,syllables,ifs,FALSE,20,elitize_generation_data,258,109,0.77,NA
260,95,syllables,ifs,FALSE,20,elitize_generation_data,259,125,0.786,NA
261,95,syllables,ifs,FALSE,20,elitize_generation_data,260,113,0.807,NA
262,95,syllables,ifs,FALSE,20,elitize_generation_data,261,134,0.812,NA
263,95,syllables,ifs,FALSE,20,elitize_generation_data,262,129,0.805,NA
264,95,syllables,ifs,FALSE,20,elitize_generation_data,263,102,0.762,NA
265,95,syllables,ifs,FALSE,20,elitize_generation_data,264,110,0.762,NA
266,95,syllables,ifs,FALSE,20,elitize_generation_data,265,106,0.788,NA
267,95,syllables,ifs,FALSE,20,elitize_generation_data,266,128,0.797,NA
268,95,syllables,ifs,FALSE,20,elitize_generation_data,267,127,0.789,NA
269,95,syllables,ifs,FALSE,20,elitize_generation_data,268,118,0.79,NA
270,95,syllables,ifs,FALSE,20,elitize_generation_data,269,124,0.793,NA
271,95,syllables,ifs,FALSE,20,elitize_generation_data,270,132,0.796,NA
272,95,syllables,ifs,FALSE,20,elitize_generation_data,271,116,0.827,NA
273,95,syllables,ifs,FALSE,20,elitize_generation_data,272,127,0.799,NA
274,95,syllables,ifs,FALSE,20,elitize_generation_data,273,127,0.784,NA
275,95,syllables,ifs,FALSE,20,elitize_generation_data,274,117,0.774,NA
276,95,syllables,ifs,FALSE,20,elitize_generation_data,275,114,0.778,NA
277,95,syllables,ifs,FALSE,20,elitize_generation_data,276,130,0.774,NA
278,95,syllables,ifs,FALSE,20,elitize_generation_data,277,109,0.768,NA
279,95,syllables,ifs,FALSE,20,elitize_generation_data,278,128,0.788,NA
280,95,syllables,ifs,FALSE,20,elitize_generation_data,279,130,0.802,NA
281,95,syllables,ifs,FALSE,20,elitize_generation_data,280,126,0.79,NA
282,95,syllables,ifs,FALSE,20,elitize_generation_data,281,120,0.782,NA
283,95,syllables,ifs,FALSE,20,elitize_generation_data,282,113,0.771,NA
284,95,syllables,ifs,FALSE,20,elitize_generation_data,283,109,0.775,NA
285,95,syllables,ifs,FALSE,20,elitize_generation_data,284,118,0.79,NA
286,95,syllables,ifs,FALSE,20,elitize_generation_data,285,117,0.753,NA
287,95,syllables,ifs,FALSE,20,elitize_generation_data,286,122,0.765,NA
288,95,syllables,ifs,FALSE,20,elitize_generation_data,287,107,0.78,NA
289,95,syllables,ifs,FALSE,20,elitize_generation_data,288,116,0.775,NA
290,95,syllables,ifs,FALSE,20,elitize_generation_data,289,121,0.795,NA
291,95,syllables,ifs,FALSE,20,elitize_generation_data,290,112,0.787,NA
292,95,syllables,ifs,FALSE,20,elitize_generation_data,291,131,0.78,NA
293,95,syllables,ifs,FALSE,20,elitize_generation_data,292,106,0.797,NA
294,95,syllables,ifs,FALSE,20,elitize_generation_data,293,116,0.802,NA
295,95,syllables,ifs,FALSE,20,elitize_generation_data,294,106,0.798,NA
296,95,syllables,ifs,FALSE,20,elitize_generation_data,295,116,0.8,NA
297,95,syllables,ifs,FALSE,20,elitize_generation_data,296,128,0.806,NA
298,95,syllables,ifs,FALSE,20,elitize_generation_data,297,122,0.769,NA
299,95,syllables,ifs,FALSE,20,elitize_generation_data,298,113,0.794,NA
300,95,syllables,ifs,FALSE,20,elitize_generation_data,299,122,0.78,NA
301,95,syllables,ifs,FALSE,20,elitize_generation_data,300,118,0.78,NA
