,run.num,problem,treatment,succeeded,height,normalization.function,generation,cluster.count,error.diversity,success.generation
1,5,syllables,ifs,FALSE,20,elitize_generation_data,0,6,0.265,NA
2,5,syllables,ifs,FALSE,20,elitize_generation_data,1,7,0.197,NA
3,5,syllables,ifs,FALSE,20,elitize_generation_data,2,7,0.227,NA
4,5,syllables,ifs,FALSE,20,elitize_generation_data,3,6,0.139,NA
5,5,syllables,ifs,FALSE,20,elitize_generation_data,4,8,0.203,NA
6,5,syllables,ifs,FALSE,20,elitize_generation_data,5,9,0.211,NA
7,5,syllables,ifs,FALSE,20,elitize_generation_data,6,9,0.148,NA
8,5,syllables,ifs,FALSE,20,elitize_generation_data,7,11,0.148,NA
9,5,syllables,ifs,FALSE,20,elitize_generation_data,8,8,0.128,NA
10,5,syllables,ifs,FALSE,20,elitize_generation_data,9,10,0.111,NA
11,5,syllables,ifs,FALSE,20,elitize_generation_data,10,8,0.107,NA
12,5,syllables,ifs,FALSE,20,elitize_generation_data,11,8,0.108,NA
13,5,syllables,ifs,FALSE,20,elitize_generation_data,12,9,0.099,NA
14,5,syllables,ifs,FALSE,20,elitize_generation_data,13,9,0.121,NA
15,5,syllables,ifs,FALSE,20,elitize_generation_data,14,9,0.134,NA
16,5,syllables,ifs,FALSE,20,elitize_generation_data,15,9,0.13,NA
17,5,syllables,ifs,FALSE,20,elitize_generation_data,16,9,0.126,NA
18,5,syllables,ifs,FALSE,20,elitize_generation_data,17,9,0.15,NA
19,5,syllables,ifs,FALSE,20,elitize_generation_data,18,11,0.129,NA
20,5,syllables,ifs,FALSE,20,elitize_generation_data,19,8,0.108,NA
21,5,syllables,ifs,FALSE,20,elitize_generation_data,20,8,0.1,NA
22,5,syllables,ifs,FALSE,20,elitize_generation_data,21,8,0.115,NA
23,5,syllables,ifs,FALSE,20,elitize_generation_data,22,9,0.107,NA
24,5,syllables,ifs,FALSE,20,elitize_generation_data,23,9,0.122,NA
25,5,syllables,ifs,FALSE,20,elitize_generation_data,24,10,0.109,NA
26,5,syllables,ifs,FALSE,20,elitize_generation_data,25,9,0.12,NA
27,5,syllables,ifs,FALSE,20,elitize_generation_data,26,10,0.137,NA
28,5,syllables,ifs,FALSE,20,elitize_generation_data,27,11,0.119,NA
29,5,syllables,ifs,FALSE,20,elitize_generation_data,28,9,0.118,NA
30,5,syllables,ifs,FALSE,20,elitize_generation_data,29,9,0.129,NA
31,5,syllables,ifs,FALSE,20,elitize_generation_data,30,10,0.121,NA
32,5,syllables,ifs,FALSE,20,elitize_generation_data,31,10,0.107,NA
33,5,syllables,ifs,FALSE,20,elitize_generation_data,32,9,0.105,NA
34,5,syllables,ifs,FALSE,20,elitize_generation_data,33,10,0.132,NA
35,5,syllables,ifs,FALSE,20,elitize_generation_data,34,9,0.12,NA
36,5,syllables,ifs,FALSE,20,elitize_generation_data,35,11,0.11,NA
37,5,syllables,ifs,FALSE,20,elitize_generation_data,36,9,0.123,NA
38,5,syllables,ifs,FALSE,20,elitize_generation_data,37,10,0.102,NA
39,5,syllables,ifs,FALSE,20,elitize_generation_data,38,11,0.112,NA
40,5,syllables,ifs,FALSE,20,elitize_generation_data,39,9,0.114,NA
41,5,syllables,ifs,FALSE,20,elitize_generation_data,40,10,0.112,NA
42,5,syllables,ifs,FALSE,20,elitize_generation_data,41,10,0.113,NA
43,5,syllables,ifs,FALSE,20,elitize_generation_data,42,9,0.12,NA
44,5,syllables,ifs,FALSE,20,elitize_generation_data,43,10,0.11,NA
45,5,syllables,ifs,FALSE,20,elitize_generation_data,44,10,0.131,NA
46,5,syllables,ifs,FALSE,20,elitize_generation_data,45,11,0.15,NA
47,5,syllables,ifs,FALSE,20,elitize_generation_data,46,11,0.145,NA
48,5,syllables,ifs,FALSE,20,elitize_generation_data,47,10,0.164,NA
49,5,syllables,ifs,FALSE,20,elitize_generation_data,48,14,0.142,NA
50,5,syllables,ifs,FALSE,20,elitize_generation_data,49,10,0.161,NA
51,5,syllables,ifs,FALSE,20,elitize_generation_data,50,9,0.133,NA
52,5,syllables,ifs,FALSE,20,elitize_generation_data,51,12,0.187,NA
53,5,syllables,ifs,FALSE,20,elitize_generation_data,52,15,0.158,NA
54,5,syllables,ifs,FALSE,20,elitize_generation_data,53,18,0.197,NA
55,5,syllables,ifs,FALSE,20,elitize_generation_data,54,16,0.198,NA
56,5,syllables,ifs,FALSE,20,elitize_generation_data,55,21,0.211,NA
57,5,syllables,ifs,FALSE,20,elitize_generation_data,56,27,0.219,NA
58,5,syllables,ifs,FALSE,20,elitize_generation_data,57,27,0.205,NA
59,5,syllables,ifs,FALSE,20,elitize_generation_data,58,23,0.223,NA
60,5,syllables,ifs,FALSE,20,elitize_generation_data,59,25,0.203,NA
61,5,syllables,ifs,FALSE,20,elitize_generation_data,60,21,0.203,NA
62,5,syllables,ifs,FALSE,20,elitize_generation_data,61,26,0.217,NA
63,5,syllables,ifs,FALSE,20,elitize_generation_data,62,31,0.232,NA
64,5,syllables,ifs,FALSE,20,elitize_generation_data,63,31,0.245,NA
65,5,syllables,ifs,FALSE,20,elitize_generation_data,64,26,0.245,NA
66,5,syllables,ifs,FALSE,20,elitize_generation_data,65,24,0.22,NA
67,5,syllables,ifs,FALSE,20,elitize_generation_data,66,25,0.215,NA
68,5,syllables,ifs,FALSE,20,elitize_generation_data,67,26,0.213,NA
69,5,syllables,ifs,FALSE,20,elitize_generation_data,68,23,0.191,NA
70,5,syllables,ifs,FALSE,20,elitize_generation_data,69,28,0.2,NA
71,5,syllables,ifs,FALSE,20,elitize_generation_data,70,27,0.195,NA
72,5,syllables,ifs,FALSE,20,elitize_generation_data,71,27,0.21,NA
73,5,syllables,ifs,FALSE,20,elitize_generation_data,72,28,0.208,NA
74,5,syllables,ifs,FALSE,20,elitize_generation_data,73,30,0.22,NA
75,5,syllables,ifs,FALSE,20,elitize_generation_data,74,24,0.191,NA
76,5,syllables,ifs,FALSE,20,elitize_generation_data,75,22,0.214,NA
77,5,syllables,ifs,FALSE,20,elitize_generation_data,76,25,0.214,NA
78,5,syllables,ifs,FALSE,20,elitize_generation_data,77,25,0.193,NA
79,5,syllables,ifs,FALSE,20,elitize_generation_data,78,28,0.209,NA
80,5,syllables,ifs,FALSE,20,elitize_generation_data,79,30,0.22,NA
81,5,syllables,ifs,FALSE,20,elitize_generation_data,80,27,0.218,NA
82,5,syllables,ifs,FALSE,20,elitize_generation_data,81,29,0.214,NA
83,5,syllables,ifs,FALSE,20,elitize_generation_data,82,23,0.193,NA
84,5,syllables,ifs,FALSE,20,elitize_generation_data,83,30,0.216,NA
85,5,syllables,ifs,FALSE,20,elitize_generation_data,84,25,0.2,NA
86,5,syllables,ifs,FALSE,20,elitize_generation_data,85,27,0.22,NA
87,5,syllables,ifs,FALSE,20,elitize_generation_data,86,27,0.202,NA
88,5,syllables,ifs,FALSE,20,elitize_generation_data,87,29,0.224,NA
89,5,syllables,ifs,FALSE,20,elitize_generation_data,88,28,0.187,NA
90,5,syllables,ifs,FALSE,20,elitize_generation_data,89,25,0.216,NA
91,5,syllables,ifs,FALSE,20,elitize_generation_data,90,33,0.206,NA
92,5,syllables,ifs,FALSE,20,elitize_generation_data,91,25,0.207,NA
93,5,syllables,ifs,FALSE,20,elitize_generation_data,92,30,0.212,NA
94,5,syllables,ifs,FALSE,20,elitize_generation_data,93,34,0.188,NA
95,5,syllables,ifs,FALSE,20,elitize_generation_data,94,27,0.207,NA
96,5,syllables,ifs,FALSE,20,elitize_generation_data,95,32,0.236,NA
97,5,syllables,ifs,FALSE,20,elitize_generation_data,96,30,0.236,NA
98,5,syllables,ifs,FALSE,20,elitize_generation_data,97,30,0.225,NA
99,5,syllables,ifs,FALSE,20,elitize_generation_data,98,27,0.222,NA
100,5,syllables,ifs,FALSE,20,elitize_generation_data,99,30,0.215,NA
101,5,syllables,ifs,FALSE,20,elitize_generation_data,100,29,0.224,NA
102,5,syllables,ifs,FALSE,20,elitize_generation_data,101,25,0.22,NA
103,5,syllables,ifs,FALSE,20,elitize_generation_data,102,27,0.232,NA
104,5,syllables,ifs,FALSE,20,elitize_generation_data,103,29,0.23,NA
105,5,syllables,ifs,FALSE,20,elitize_generation_data,104,29,0.219,NA
106,5,syllables,ifs,FALSE,20,elitize_generation_data,105,33,0.221,NA
107,5,syllables,ifs,FALSE,20,elitize_generation_data,106,25,0.2,NA
108,5,syllables,ifs,FALSE,20,elitize_generation_data,107,20,0.203,NA
109,5,syllables,ifs,FALSE,20,elitize_generation_data,108,21,0.213,NA
110,5,syllables,ifs,FALSE,20,elitize_generation_data,109,28,0.201,NA
111,5,syllables,ifs,FALSE,20,elitize_generation_data,110,27,0.229,NA
112,5,syllables,ifs,FALSE,20,elitize_generation_data,111,30,0.21,NA
113,5,syllables,ifs,FALSE,20,elitize_generation_data,112,35,0.209,NA
114,5,syllables,ifs,FALSE,20,elitize_generation_data,113,25,0.19,NA
115,5,syllables,ifs,FALSE,20,elitize_generation_data,114,29,0.21,NA
116,5,syllables,ifs,FALSE,20,elitize_generation_data,115,29,0.217,NA
117,5,syllables,ifs,FALSE,20,elitize_generation_data,116,23,0.221,NA
118,5,syllables,ifs,FALSE,20,elitize_generation_data,117,31,0.228,NA
119,5,syllables,ifs,FALSE,20,elitize_generation_data,118,27,0.199,NA
120,5,syllables,ifs,FALSE,20,elitize_generation_data,119,31,0.226,NA
121,5,syllables,ifs,FALSE,20,elitize_generation_data,120,31,0.208,NA
122,5,syllables,ifs,FALSE,20,elitize_generation_data,121,25,0.207,NA
123,5,syllables,ifs,FALSE,20,elitize_generation_data,122,26,0.204,NA
124,5,syllables,ifs,FALSE,20,elitize_generation_data,123,29,0.213,NA
125,5,syllables,ifs,FALSE,20,elitize_generation_data,124,24,0.229,NA
126,5,syllables,ifs,FALSE,20,elitize_generation_data,125,29,0.226,NA
127,5,syllables,ifs,FALSE,20,elitize_generation_data,126,29,0.214,NA
128,5,syllables,ifs,FALSE,20,elitize_generation_data,127,31,0.223,NA
129,5,syllables,ifs,FALSE,20,elitize_generation_data,128,28,0.231,NA
130,5,syllables,ifs,FALSE,20,elitize_generation_data,129,27,0.226,NA
131,5,syllables,ifs,FALSE,20,elitize_generation_data,130,34,0.217,NA
132,5,syllables,ifs,FALSE,20,elitize_generation_data,131,26,0.215,NA
133,5,syllables,ifs,FALSE,20,elitize_generation_data,132,27,0.221,NA
134,5,syllables,ifs,FALSE,20,elitize_generation_data,133,33,0.23,NA
135,5,syllables,ifs,FALSE,20,elitize_generation_data,134,29,0.238,NA
136,5,syllables,ifs,FALSE,20,elitize_generation_data,135,29,0.237,NA
137,5,syllables,ifs,FALSE,20,elitize_generation_data,136,27,0.232,NA
138,5,syllables,ifs,FALSE,20,elitize_generation_data,137,30,0.264,NA
139,5,syllables,ifs,FALSE,20,elitize_generation_data,138,29,0.253,NA
140,5,syllables,ifs,FALSE,20,elitize_generation_data,139,27,0.251,NA
141,5,syllables,ifs,FALSE,20,elitize_generation_data,140,33,0.245,NA
142,5,syllables,ifs,FALSE,20,elitize_generation_data,141,34,0.244,NA
143,5,syllables,ifs,FALSE,20,elitize_generation_data,142,42,0.274,NA
144,5,syllables,ifs,FALSE,20,elitize_generation_data,143,38,0.28,NA
145,5,syllables,ifs,FALSE,20,elitize_generation_data,144,44,0.289,NA
146,5,syllables,ifs,FALSE,20,elitize_generation_data,145,53,0.314,NA
147,5,syllables,ifs,FALSE,20,elitize_generation_data,146,62,0.358,NA
148,5,syllables,ifs,FALSE,20,elitize_generation_data,147,58,0.339,NA
149,5,syllables,ifs,FALSE,20,elitize_generation_data,148,59,0.372,NA
150,5,syllables,ifs,FALSE,20,elitize_generation_data,149,62,0.384,NA
151,5,syllables,ifs,FALSE,20,elitize_generation_data,150,66,0.388,NA
152,5,syllables,ifs,FALSE,20,elitize_generation_data,151,59,0.357,NA
153,5,syllables,ifs,FALSE,20,elitize_generation_data,152,76,0.428,NA
154,5,syllables,ifs,FALSE,20,elitize_generation_data,153,71,0.439,NA
155,5,syllables,ifs,FALSE,20,elitize_generation_data,154,70,0.443,NA
156,5,syllables,ifs,FALSE,20,elitize_generation_data,155,73,0.48,NA
157,5,syllables,ifs,FALSE,20,elitize_generation_data,156,77,0.485,NA
158,5,syllables,ifs,FALSE,20,elitize_generation_data,157,77,0.491,NA
159,5,syllables,ifs,FALSE,20,elitize_generation_data,158,79,0.504,NA
160,5,syllables,ifs,FALSE,20,elitize_generation_data,159,76,0.525,NA
161,5,syllables,ifs,FALSE,20,elitize_generation_data,160,79,0.499,NA
162,5,syllables,ifs,FALSE,20,elitize_generation_data,161,79,0.529,NA
163,5,syllables,ifs,FALSE,20,elitize_generation_data,162,75,0.504,NA
164,5,syllables,ifs,FALSE,20,elitize_generation_data,163,77,0.517,NA
165,5,syllables,ifs,FALSE,20,elitize_generation_data,164,76,0.531,NA
166,5,syllables,ifs,FALSE,20,elitize_generation_data,165,78,0.523,NA
167,5,syllables,ifs,FALSE,20,elitize_generation_data,166,77,0.527,NA
168,5,syllables,ifs,FALSE,20,elitize_generation_data,167,85,0.532,NA
169,5,syllables,ifs,FALSE,20,elitize_generation_data,168,85,0.522,NA
170,5,syllables,ifs,FALSE,20,elitize_generation_data,169,84,0.517,NA
171,5,syllables,ifs,FALSE,20,elitize_generation_data,170,79,0.538,NA
172,5,syllables,ifs,FALSE,20,elitize_generation_data,171,86,0.568,NA
173,5,syllables,ifs,FALSE,20,elitize_generation_data,172,80,0.533,NA
174,5,syllables,ifs,FALSE,20,elitize_generation_data,173,79,0.515,NA
175,5,syllables,ifs,FALSE,20,elitize_generation_data,174,86,0.552,NA
176,5,syllables,ifs,FALSE,20,elitize_generation_data,175,80,0.53,NA
177,5,syllables,ifs,FALSE,20,elitize_generation_data,176,78,0.544,NA
178,5,syllables,ifs,FALSE,20,elitize_generation_data,177,88,0.558,NA
179,5,syllables,ifs,FALSE,20,elitize_generation_data,178,92,0.531,NA
180,5,syllables,ifs,FALSE,20,elitize_generation_data,179,73,0.516,NA
181,5,syllables,ifs,FALSE,20,elitize_generation_data,180,79,0.493,NA
182,5,syllables,ifs,FALSE,20,elitize_generation_data,181,80,0.519,NA
183,5,syllables,ifs,FALSE,20,elitize_generation_data,182,79,0.522,NA
184,5,syllables,ifs,FALSE,20,elitize_generation_data,183,64,0.507,NA
185,5,syllables,ifs,FALSE,20,elitize_generation_data,184,80,0.501,NA
186,5,syllables,ifs,FALSE,20,elitize_generation_data,185,75,0.489,NA
187,5,syllables,ifs,FALSE,20,elitize_generation_data,186,68,0.468,NA
188,5,syllables,ifs,FALSE,20,elitize_generation_data,187,71,0.473,NA
189,5,syllables,ifs,FALSE,20,elitize_generation_data,188,71,0.47,NA
190,5,syllables,ifs,FALSE,20,elitize_generation_data,189,80,0.512,NA
191,5,syllables,ifs,FALSE,20,elitize_generation_data,190,93,0.509,NA
192,5,syllables,ifs,FALSE,20,elitize_generation_data,191,81,0.507,NA
193,5,syllables,ifs,FALSE,20,elitize_generation_data,192,87,0.538,NA
194,5,syllables,ifs,FALSE,20,elitize_generation_data,193,85,0.502,NA
195,5,syllables,ifs,FALSE,20,elitize_generation_data,194,83,0.508,NA
196,5,syllables,ifs,FALSE,20,elitize_generation_data,195,84,0.5,NA
197,5,syllables,ifs,FALSE,20,elitize_generation_data,196,83,0.492,NA
198,5,syllables,ifs,FALSE,20,elitize_generation_data,197,72,0.479,NA
199,5,syllables,ifs,FALSE,20,elitize_generation_data,198,70,0.486,NA
200,5,syllables,ifs,FALSE,20,elitize_generation_data,199,76,0.481,NA
201,5,syllables,ifs,FALSE,20,elitize_generation_data,200,79,0.495,NA
202,5,syllables,ifs,FALSE,20,elitize_generation_data,201,75,0.461,NA
203,5,syllables,ifs,FALSE,20,elitize_generation_data,202,77,0.488,NA
204,5,syllables,ifs,FALSE,20,elitize_generation_data,203,71,0.498,NA
205,5,syllables,ifs,FALSE,20,elitize_generation_data,204,77,0.504,NA
206,5,syllables,ifs,FALSE,20,elitize_generation_data,205,87,0.496,NA
207,5,syllables,ifs,FALSE,20,elitize_generation_data,206,74,0.519,NA
208,5,syllables,ifs,FALSE,20,elitize_generation_data,207,82,0.513,NA
209,5,syllables,ifs,FALSE,20,elitize_generation_data,208,68,0.502,NA
210,5,syllables,ifs,FALSE,20,elitize_generation_data,209,70,0.489,NA
211,5,syllables,ifs,FALSE,20,elitize_generation_data,210,72,0.494,NA
212,5,syllables,ifs,FALSE,20,elitize_generation_data,211,77,0.515,NA
213,5,syllables,ifs,FALSE,20,elitize_generation_data,212,74,0.504,NA
214,5,syllables,ifs,FALSE,20,elitize_generation_data,213,68,0.523,NA
215,5,syllables,ifs,FALSE,20,elitize_generation_data,214,71,0.526,NA
216,5,syllables,ifs,FALSE,20,elitize_generation_data,215,82,0.517,NA
217,5,syllables,ifs,FALSE,20,elitize_generation_data,216,81,0.501,NA
218,5,syllables,ifs,FALSE,20,elitize_generation_data,217,83,0.531,NA
219,5,syllables,ifs,FALSE,20,elitize_generation_data,218,83,0.567,NA
220,5,syllables,ifs,FALSE,20,elitize_generation_data,219,74,0.565,NA
221,5,syllables,ifs,FALSE,20,elitize_generation_data,220,76,0.538,NA
222,5,syllables,ifs,FALSE,20,elitize_generation_data,221,72,0.534,NA
223,5,syllables,ifs,FALSE,20,elitize_generation_data,222,92,0.537,NA
224,5,syllables,ifs,FALSE,20,elitize_generation_data,223,70,0.525,NA
225,5,syllables,ifs,FALSE,20,elitize_generation_data,224,86,0.527,NA
226,5,syllables,ifs,FALSE,20,elitize_generation_data,225,78,0.534,NA
227,5,syllables,ifs,FALSE,20,elitize_generation_data,226,93,0.525,NA
228,5,syllables,ifs,FALSE,20,elitize_generation_data,227,75,0.545,NA
229,5,syllables,ifs,FALSE,20,elitize_generation_data,228,86,0.551,NA
230,5,syllables,ifs,FALSE,20,elitize_generation_data,229,91,0.557,NA
231,5,syllables,ifs,FALSE,20,elitize_generation_data,230,80,0.537,NA
232,5,syllables,ifs,FALSE,20,elitize_generation_data,231,82,0.52,NA
233,5,syllables,ifs,FALSE,20,elitize_generation_data,232,91,0.541,NA
234,5,syllables,ifs,FALSE,20,elitize_generation_data,233,81,0.534,NA
235,5,syllables,ifs,FALSE,20,elitize_generation_data,234,83,0.564,NA
236,5,syllables,ifs,FALSE,20,elitize_generation_data,235,84,0.537,NA
237,5,syllables,ifs,FALSE,20,elitize_generation_data,236,87,0.552,NA
238,5,syllables,ifs,FALSE,20,elitize_generation_data,237,84,0.559,NA
239,5,syllables,ifs,FALSE,20,elitize_generation_data,238,91,0.532,NA
240,5,syllables,ifs,FALSE,20,elitize_generation_data,239,86,0.531,NA
241,5,syllables,ifs,FALSE,20,elitize_generation_data,240,71,0.539,NA
242,5,syllables,ifs,FALSE,20,elitize_generation_data,241,83,0.552,NA
243,5,syllables,ifs,FALSE,20,elitize_generation_data,242,90,0.55,NA
244,5,syllables,ifs,FALSE,20,elitize_generation_data,243,83,0.545,NA
245,5,syllables,ifs,FALSE,20,elitize_generation_data,244,83,0.553,NA
246,5,syllables,ifs,FALSE,20,elitize_generation_data,245,86,0.549,NA
247,5,syllables,ifs,FALSE,20,elitize_generation_data,246,89,0.534,NA
248,5,syllables,ifs,FALSE,20,elitize_generation_data,247,94,0.569,NA
249,5,syllables,ifs,FALSE,20,elitize_generation_data,248,89,0.561,NA
250,5,syllables,ifs,FALSE,20,elitize_generation_data,249,92,0.557,NA
251,5,syllables,ifs,FALSE,20,elitize_generation_data,250,89,0.572,NA
252,5,syllables,ifs,FALSE,20,elitize_generation_data,251,80,0.549,NA
253,5,syllables,ifs,FALSE,20,elitize_generation_data,252,79,0.535,NA
254,5,syllables,ifs,FALSE,20,elitize_generation_data,253,80,0.522,NA
255,5,syllables,ifs,FALSE,20,elitize_generation_data,254,89,0.54,NA
256,5,syllables,ifs,FALSE,20,elitize_generation_data,255,79,0.544,NA
257,5,syllables,ifs,FALSE,20,elitize_generation_data,256,85,0.556,NA
258,5,syllables,ifs,FALSE,20,elitize_generation_data,257,82,0.56,NA
259,5,syllables,ifs,FALSE,20,elitize_generation_data,258,78,0.549,NA
260,5,syllables,ifs,FALSE,20,elitize_generation_data,259,70,0.548,NA
261,5,syllables,ifs,FALSE,20,elitize_generation_data,260,73,0.53,NA
262,5,syllables,ifs,FALSE,20,elitize_generation_data,261,76,0.532,NA
263,5,syllables,ifs,FALSE,20,elitize_generation_data,262,80,0.544,NA
264,5,syllables,ifs,FALSE,20,elitize_generation_data,263,84,0.533,NA
265,5,syllables,ifs,FALSE,20,elitize_generation_data,264,77,0.528,NA
266,5,syllables,ifs,FALSE,20,elitize_generation_data,265,77,0.528,NA
267,5,syllables,ifs,FALSE,20,elitize_generation_data,266,78,0.51,NA
268,5,syllables,ifs,FALSE,20,elitize_generation_data,267,77,0.532,NA
269,5,syllables,ifs,FALSE,20,elitize_generation_data,268,80,0.559,NA
270,5,syllables,ifs,FALSE,20,elitize_generation_data,269,74,0.529,NA
271,5,syllables,ifs,FALSE,20,elitize_generation_data,270,68,0.522,NA
272,5,syllables,ifs,FALSE,20,elitize_generation_data,271,85,0.528,NA
273,5,syllables,ifs,FALSE,20,elitize_generation_data,272,86,0.556,NA
274,5,syllables,ifs,FALSE,20,elitize_generation_data,273,80,0.527,NA
275,5,syllables,ifs,FALSE,20,elitize_generation_data,274,84,0.538,NA
276,5,syllables,ifs,FALSE,20,elitize_generation_data,275,82,0.551,NA
277,5,syllables,ifs,FALSE,20,elitize_generation_data,276,77,0.528,NA
278,5,syllables,ifs,FALSE,20,elitize_generation_data,277,88,0.572,NA
279,5,syllables,ifs,FALSE,20,elitize_generation_data,278,93,0.544,NA
280,5,syllables,ifs,FALSE,20,elitize_generation_data,279,86,0.551,NA
281,5,syllables,ifs,FALSE,20,elitize_generation_data,280,83,0.523,NA
282,5,syllables,ifs,FALSE,20,elitize_generation_data,281,96,0.543,NA
283,5,syllables,ifs,FALSE,20,elitize_generation_data,282,74,0.533,NA
284,5,syllables,ifs,FALSE,20,elitize_generation_data,283,76,0.523,NA
285,5,syllables,ifs,FALSE,20,elitize_generation_data,284,71,0.541,NA
286,5,syllables,ifs,FALSE,20,elitize_generation_data,285,86,0.524,NA
287,5,syllables,ifs,FALSE,20,elitize_generation_data,286,73,0.544,NA
288,5,syllables,ifs,FALSE,20,elitize_generation_data,287,81,0.527,NA
289,5,syllables,ifs,FALSE,20,elitize_generation_data,288,89,0.516,NA
290,5,syllables,ifs,FALSE,20,elitize_generation_data,289,78,0.543,NA
291,5,syllables,ifs,FALSE,20,elitize_generation_data,290,89,0.529,NA
292,5,syllables,ifs,FALSE,20,elitize_generation_data,291,85,0.539,NA
293,5,syllables,ifs,FALSE,20,elitize_generation_data,292,88,0.527,NA
294,5,syllables,ifs,FALSE,20,elitize_generation_data,293,81,0.539,NA
295,5,syllables,ifs,FALSE,20,elitize_generation_data,294,92,0.558,NA
296,5,syllables,ifs,FALSE,20,elitize_generation_data,295,75,0.54,NA
297,5,syllables,ifs,FALSE,20,elitize_generation_data,296,78,0.524,NA
298,5,syllables,ifs,FALSE,20,elitize_generation_data,297,84,0.516,NA
299,5,syllables,ifs,FALSE,20,elitize_generation_data,298,76,0.542,NA
300,5,syllables,ifs,FALSE,20,elitize_generation_data,299,80,0.509,NA
301,5,syllables,ifs,FALSE,20,elitize_generation_data,300,88,0.559,NA
