,run.num,problem,treatment,succeeded,height,normalization.function,generation,cluster.count,error.diversity,success.generation
1,78,syllables,ifs,FALSE,20,elitize_generation_data,0,4,0.25,NA
2,78,syllables,ifs,FALSE,20,elitize_generation_data,1,4,0.205,NA
3,78,syllables,ifs,FALSE,20,elitize_generation_data,2,5,0.22,NA
4,78,syllables,ifs,FALSE,20,elitize_generation_data,3,6,0.126,NA
5,78,syllables,ifs,FALSE,20,elitize_generation_data,4,9,0.119,NA
6,78,syllables,ifs,FALSE,20,elitize_generation_data,5,10,0.126,NA
7,78,syllables,ifs,FALSE,20,elitize_generation_data,6,12,0.108,NA
8,78,syllables,ifs,FALSE,20,elitize_generation_data,7,9,0.078,NA
9,78,syllables,ifs,FALSE,20,elitize_generation_data,8,8,0.058,NA
10,78,syllables,ifs,FALSE,20,elitize_generation_data,9,10,0.066,NA
11,78,syllables,ifs,FALSE,20,elitize_generation_data,10,9,0.06,NA
12,78,syllables,ifs,FALSE,20,elitize_generation_data,11,8,0.059,NA
13,78,syllables,ifs,FALSE,20,elitize_generation_data,12,8,0.057,NA
14,78,syllables,ifs,FALSE,20,elitize_generation_data,13,7,0.063,NA
15,78,syllables,ifs,FALSE,20,elitize_generation_data,14,9,0.055,NA
16,78,syllables,ifs,FALSE,20,elitize_generation_data,15,9,0.059,NA
17,78,syllables,ifs,FALSE,20,elitize_generation_data,16,10,0.062,NA
18,78,syllables,ifs,FALSE,20,elitize_generation_data,17,9,0.06,NA
19,78,syllables,ifs,FALSE,20,elitize_generation_data,18,10,0.058,NA
20,78,syllables,ifs,FALSE,20,elitize_generation_data,19,9,0.06,NA
21,78,syllables,ifs,FALSE,20,elitize_generation_data,20,10,0.054,NA
22,78,syllables,ifs,FALSE,20,elitize_generation_data,21,8,0.052,NA
23,78,syllables,ifs,FALSE,20,elitize_generation_data,22,8,0.052,NA
24,78,syllables,ifs,FALSE,20,elitize_generation_data,23,10,0.059,NA
25,78,syllables,ifs,FALSE,20,elitize_generation_data,24,10,0.053,NA
26,78,syllables,ifs,FALSE,20,elitize_generation_data,25,10,0.059,NA
27,78,syllables,ifs,FALSE,20,elitize_generation_data,26,8,0.057,NA
28,78,syllables,ifs,FALSE,20,elitize_generation_data,27,8,0.051,NA
29,78,syllables,ifs,FALSE,20,elitize_generation_data,28,10,0.064,NA
30,78,syllables,ifs,FALSE,20,elitize_generation_data,29,10,0.049,NA
31,78,syllables,ifs,FALSE,20,elitize_generation_data,30,10,0.056,NA
32,78,syllables,ifs,FALSE,20,elitize_generation_data,31,11,0.059,NA
33,78,syllables,ifs,FALSE,20,elitize_generation_data,32,9,0.061,NA
34,78,syllables,ifs,FALSE,20,elitize_generation_data,33,9,0.064,NA
35,78,syllables,ifs,FALSE,20,elitize_generation_data,34,14,0.088,NA
36,78,syllables,ifs,FALSE,20,elitize_generation_data,35,14,0.111,NA
37,78,syllables,ifs,FALSE,20,elitize_generation_data,36,20,0.117,NA
38,78,syllables,ifs,FALSE,20,elitize_generation_data,37,21,0.132,NA
39,78,syllables,ifs,FALSE,20,elitize_generation_data,38,31,0.185,NA
40,78,syllables,ifs,FALSE,20,elitize_generation_data,39,40,0.217,NA
41,78,syllables,ifs,FALSE,20,elitize_generation_data,40,48,0.242,NA
42,78,syllables,ifs,FALSE,20,elitize_generation_data,41,68,0.308,NA
43,78,syllables,ifs,FALSE,20,elitize_generation_data,42,74,0.344,NA
44,78,syllables,ifs,FALSE,20,elitize_generation_data,43,78,0.359,NA
45,78,syllables,ifs,FALSE,20,elitize_generation_data,44,79,0.368,NA
46,78,syllables,ifs,FALSE,20,elitize_generation_data,45,78,0.347,NA
47,78,syllables,ifs,FALSE,20,elitize_generation_data,46,77,0.359,NA
48,78,syllables,ifs,FALSE,20,elitize_generation_data,47,72,0.39,NA
49,78,syllables,ifs,FALSE,20,elitize_generation_data,48,62,0.37,NA
50,78,syllables,ifs,FALSE,20,elitize_generation_data,49,67,0.363,NA
51,78,syllables,ifs,FALSE,20,elitize_generation_data,50,61,0.281,NA
52,78,syllables,ifs,FALSE,20,elitize_generation_data,51,57,0.295,NA
53,78,syllables,ifs,FALSE,20,elitize_generation_data,52,72,0.326,NA
54,78,syllables,ifs,FALSE,20,elitize_generation_data,53,75,0.315,NA
55,78,syllables,ifs,FALSE,20,elitize_generation_data,54,69,0.319,NA
56,78,syllables,ifs,FALSE,20,elitize_generation_data,55,68,0.313,NA
57,78,syllables,ifs,FALSE,20,elitize_generation_data,56,66,0.326,NA
58,78,syllables,ifs,FALSE,20,elitize_generation_data,57,63,0.332,NA
59,78,syllables,ifs,FALSE,20,elitize_generation_data,58,58,0.282,NA
60,78,syllables,ifs,FALSE,20,elitize_generation_data,59,58,0.285,NA
61,78,syllables,ifs,FALSE,20,elitize_generation_data,60,48,0.249,NA
62,78,syllables,ifs,FALSE,20,elitize_generation_data,61,48,0.273,NA
63,78,syllables,ifs,FALSE,20,elitize_generation_data,62,57,0.301,NA
64,78,syllables,ifs,FALSE,20,elitize_generation_data,63,63,0.3,NA
65,78,syllables,ifs,FALSE,20,elitize_generation_data,64,51,0.292,NA
66,78,syllables,ifs,FALSE,20,elitize_generation_data,65,49,0.283,NA
67,78,syllables,ifs,FALSE,20,elitize_generation_data,66,56,0.327,NA
68,78,syllables,ifs,FALSE,20,elitize_generation_data,67,58,0.313,NA
69,78,syllables,ifs,FALSE,20,elitize_generation_data,68,60,0.338,NA
70,78,syllables,ifs,FALSE,20,elitize_generation_data,69,61,0.372,NA
71,78,syllables,ifs,FALSE,20,elitize_generation_data,70,48,0.319,NA
72,78,syllables,ifs,FALSE,20,elitize_generation_data,71,51,0.312,NA
73,78,syllables,ifs,FALSE,20,elitize_generation_data,72,51,0.332,NA
74,78,syllables,ifs,FALSE,20,elitize_generation_data,73,49,0.328,NA
75,78,syllables,ifs,FALSE,20,elitize_generation_data,74,50,0.332,NA
76,78,syllables,ifs,FALSE,20,elitize_generation_data,75,53,0.352,NA
77,78,syllables,ifs,FALSE,20,elitize_generation_data,76,56,0.343,NA
78,78,syllables,ifs,FALSE,20,elitize_generation_data,77,50,0.339,NA
79,78,syllables,ifs,FALSE,20,elitize_generation_data,78,54,0.365,NA
80,78,syllables,ifs,FALSE,20,elitize_generation_data,79,51,0.338,NA
81,78,syllables,ifs,FALSE,20,elitize_generation_data,80,50,0.347,NA
82,78,syllables,ifs,FALSE,20,elitize_generation_data,81,57,0.329,NA
83,78,syllables,ifs,FALSE,20,elitize_generation_data,82,52,0.355,NA
84,78,syllables,ifs,FALSE,20,elitize_generation_data,83,57,0.351,NA
85,78,syllables,ifs,FALSE,20,elitize_generation_data,84,66,0.345,NA
86,78,syllables,ifs,FALSE,20,elitize_generation_data,85,53,0.362,NA
87,78,syllables,ifs,FALSE,20,elitize_generation_data,86,59,0.338,NA
88,78,syllables,ifs,FALSE,20,elitize_generation_data,87,54,0.351,NA
89,78,syllables,ifs,FALSE,20,elitize_generation_data,88,55,0.357,NA
90,78,syllables,ifs,FALSE,20,elitize_generation_data,89,66,0.352,NA
91,78,syllables,ifs,FALSE,20,elitize_generation_data,90,56,0.326,NA
92,78,syllables,ifs,FALSE,20,elitize_generation_data,91,59,0.327,NA
93,78,syllables,ifs,FALSE,20,elitize_generation_data,92,62,0.33,NA
94,78,syllables,ifs,FALSE,20,elitize_generation_data,93,55,0.323,NA
95,78,syllables,ifs,FALSE,20,elitize_generation_data,94,59,0.325,NA
96,78,syllables,ifs,FALSE,20,elitize_generation_data,95,54,0.314,NA
97,78,syllables,ifs,FALSE,20,elitize_generation_data,96,63,0.329,NA
98,78,syllables,ifs,FALSE,20,elitize_generation_data,97,55,0.33,NA
99,78,syllables,ifs,FALSE,20,elitize_generation_data,98,65,0.358,NA
100,78,syllables,ifs,FALSE,20,elitize_generation_data,99,52,0.336,NA
101,78,syllables,ifs,FALSE,20,elitize_generation_data,100,64,0.349,NA
102,78,syllables,ifs,FALSE,20,elitize_generation_data,101,61,0.353,NA
103,78,syllables,ifs,FALSE,20,elitize_generation_data,102,58,0.347,NA
104,78,syllables,ifs,FALSE,20,elitize_generation_data,103,53,0.317,NA
105,78,syllables,ifs,FALSE,20,elitize_generation_data,104,58,0.33,NA
106,78,syllables,ifs,FALSE,20,elitize_generation_data,105,63,0.328,NA
107,78,syllables,ifs,FALSE,20,elitize_generation_data,106,72,0.343,NA
108,78,syllables,ifs,FALSE,20,elitize_generation_data,107,57,0.362,NA
109,78,syllables,ifs,FALSE,20,elitize_generation_data,108,61,0.347,NA
110,78,syllables,ifs,FALSE,20,elitize_generation_data,109,55,0.354,NA
111,78,syllables,ifs,FALSE,20,elitize_generation_data,110,69,0.38,NA
112,78,syllables,ifs,FALSE,20,elitize_generation_data,111,69,0.416,NA
113,78,syllables,ifs,FALSE,20,elitize_generation_data,112,62,0.418,NA
114,78,syllables,ifs,FALSE,20,elitize_generation_data,113,63,0.455,NA
115,78,syllables,ifs,FALSE,20,elitize_generation_data,114,68,0.431,NA
116,78,syllables,ifs,FALSE,20,elitize_generation_data,115,69,0.437,NA
117,78,syllables,ifs,FALSE,20,elitize_generation_data,116,68,0.439,NA
118,78,syllables,ifs,FALSE,20,elitize_generation_data,117,63,0.442,NA
119,78,syllables,ifs,FALSE,20,elitize_generation_data,118,65,0.454,NA
120,78,syllables,ifs,FALSE,20,elitize_generation_data,119,61,0.474,NA
121,78,syllables,ifs,FALSE,20,elitize_generation_data,120,73,0.471,NA
122,78,syllables,ifs,FALSE,20,elitize_generation_data,121,58,0.46,NA
123,78,syllables,ifs,FALSE,20,elitize_generation_data,122,56,0.445,NA
124,78,syllables,ifs,FALSE,20,elitize_generation_data,123,53,0.473,NA
125,78,syllables,ifs,FALSE,20,elitize_generation_data,124,48,0.44,NA
126,78,syllables,ifs,FALSE,20,elitize_generation_data,125,64,0.447,NA
127,78,syllables,ifs,FALSE,20,elitize_generation_data,126,69,0.419,NA
128,78,syllables,ifs,FALSE,20,elitize_generation_data,127,71,0.444,NA
129,78,syllables,ifs,FALSE,20,elitize_generation_data,128,65,0.449,NA
130,78,syllables,ifs,FALSE,20,elitize_generation_data,129,63,0.428,NA
131,78,syllables,ifs,FALSE,20,elitize_generation_data,130,55,0.438,NA
132,78,syllables,ifs,FALSE,20,elitize_generation_data,131,57,0.447,NA
133,78,syllables,ifs,FALSE,20,elitize_generation_data,132,60,0.481,NA
134,78,syllables,ifs,FALSE,20,elitize_generation_data,133,68,0.472,NA
135,78,syllables,ifs,FALSE,20,elitize_generation_data,134,63,0.438,NA
136,78,syllables,ifs,FALSE,20,elitize_generation_data,135,64,0.448,NA
137,78,syllables,ifs,FALSE,20,elitize_generation_data,136,69,0.466,NA
138,78,syllables,ifs,FALSE,20,elitize_generation_data,137,65,0.462,NA
139,78,syllables,ifs,FALSE,20,elitize_generation_data,138,67,0.473,NA
140,78,syllables,ifs,FALSE,20,elitize_generation_data,139,69,0.502,NA
141,78,syllables,ifs,FALSE,20,elitize_generation_data,140,59,0.489,NA
142,78,syllables,ifs,FALSE,20,elitize_generation_data,141,66,0.464,NA
143,78,syllables,ifs,FALSE,20,elitize_generation_data,142,70,0.443,NA
144,78,syllables,ifs,FALSE,20,elitize_generation_data,143,64,0.486,NA
145,78,syllables,ifs,FALSE,20,elitize_generation_data,144,64,0.504,NA
146,78,syllables,ifs,FALSE,20,elitize_generation_data,145,80,0.512,NA
147,78,syllables,ifs,FALSE,20,elitize_generation_data,146,83,0.519,NA
148,78,syllables,ifs,FALSE,20,elitize_generation_data,147,82,0.545,NA
149,78,syllables,ifs,FALSE,20,elitize_generation_data,148,89,0.567,NA
150,78,syllables,ifs,FALSE,20,elitize_generation_data,149,99,0.575,NA
151,78,syllables,ifs,FALSE,20,elitize_generation_data,150,101,0.567,NA
152,78,syllables,ifs,FALSE,20,elitize_generation_data,151,105,0.559,NA
153,78,syllables,ifs,FALSE,20,elitize_generation_data,152,102,0.558,NA
154,78,syllables,ifs,FALSE,20,elitize_generation_data,153,93,0.521,NA
155,78,syllables,ifs,FALSE,20,elitize_generation_data,154,106,0.53,NA
156,78,syllables,ifs,FALSE,20,elitize_generation_data,155,97,0.514,NA
157,78,syllables,ifs,FALSE,20,elitize_generation_data,156,108,0.536,NA
158,78,syllables,ifs,FALSE,20,elitize_generation_data,157,98,0.54,NA
159,78,syllables,ifs,FALSE,20,elitize_generation_data,158,88,0.503,NA
160,78,syllables,ifs,FALSE,20,elitize_generation_data,159,90,0.519,NA
161,78,syllables,ifs,FALSE,20,elitize_generation_data,160,85,0.498,NA
162,78,syllables,ifs,FALSE,20,elitize_generation_data,161,95,0.542,NA
163,78,syllables,ifs,FALSE,20,elitize_generation_data,162,90,0.517,NA
164,78,syllables,ifs,FALSE,20,elitize_generation_data,163,107,0.548,NA
165,78,syllables,ifs,FALSE,20,elitize_generation_data,164,95,0.574,NA
166,78,syllables,ifs,FALSE,20,elitize_generation_data,165,102,0.567,NA
167,78,syllables,ifs,FALSE,20,elitize_generation_data,166,95,0.556,NA
168,78,syllables,ifs,FALSE,20,elitize_generation_data,167,98,0.553,NA
169,78,syllables,ifs,FALSE,20,elitize_generation_data,168,102,0.541,NA
170,78,syllables,ifs,FALSE,20,elitize_generation_data,169,100,0.508,NA
171,78,syllables,ifs,FALSE,20,elitize_generation_data,170,100,0.539,NA
172,78,syllables,ifs,FALSE,20,elitize_generation_data,171,101,0.533,NA
173,78,syllables,ifs,FALSE,20,elitize_generation_data,172,89,0.538,NA
174,78,syllables,ifs,FALSE,20,elitize_generation_data,173,106,0.531,NA
175,78,syllables,ifs,FALSE,20,elitize_generation_data,174,107,0.518,NA
176,78,syllables,ifs,FALSE,20,elitize_generation_data,175,108,0.532,NA
177,78,syllables,ifs,FALSE,20,elitize_generation_data,176,107,0.476,NA
178,78,syllables,ifs,FALSE,20,elitize_generation_data,177,115,0.507,NA
179,78,syllables,ifs,FALSE,20,elitize_generation_data,178,98,0.513,NA
180,78,syllables,ifs,FALSE,20,elitize_generation_data,179,98,0.491,NA
181,78,syllables,ifs,FALSE,20,elitize_generation_data,180,112,0.505,NA
182,78,syllables,ifs,FALSE,20,elitize_generation_data,181,104,0.509,NA
183,78,syllables,ifs,FALSE,20,elitize_generation_data,182,107,0.504,NA
184,78,syllables,ifs,FALSE,20,elitize_generation_data,183,95,0.504,NA
185,78,syllables,ifs,FALSE,20,elitize_generation_data,184,109,0.494,NA
186,78,syllables,ifs,FALSE,20,elitize_generation_data,185,116,0.515,NA
187,78,syllables,ifs,FALSE,20,elitize_generation_data,186,100,0.489,NA
188,78,syllables,ifs,FALSE,20,elitize_generation_data,187,107,0.516,NA
189,78,syllables,ifs,FALSE,20,elitize_generation_data,188,112,0.526,NA
190,78,syllables,ifs,FALSE,20,elitize_generation_data,189,99,0.517,NA
191,78,syllables,ifs,FALSE,20,elitize_generation_data,190,103,0.511,NA
192,78,syllables,ifs,FALSE,20,elitize_generation_data,191,109,0.513,NA
193,78,syllables,ifs,FALSE,20,elitize_generation_data,192,105,0.517,NA
194,78,syllables,ifs,FALSE,20,elitize_generation_data,193,102,0.52,NA
195,78,syllables,ifs,FALSE,20,elitize_generation_data,194,103,0.503,NA
196,78,syllables,ifs,FALSE,20,elitize_generation_data,195,110,0.516,NA
197,78,syllables,ifs,FALSE,20,elitize_generation_data,196,105,0.49,NA
198,78,syllables,ifs,FALSE,20,elitize_generation_data,197,111,0.506,NA
199,78,syllables,ifs,FALSE,20,elitize_generation_data,198,102,0.518,NA
200,78,syllables,ifs,FALSE,20,elitize_generation_data,199,103,0.496,NA
201,78,syllables,ifs,FALSE,20,elitize_generation_data,200,105,0.481,NA
202,78,syllables,ifs,FALSE,20,elitize_generation_data,201,114,0.501,NA
203,78,syllables,ifs,FALSE,20,elitize_generation_data,202,94,0.515,NA
204,78,syllables,ifs,FALSE,20,elitize_generation_data,203,103,0.518,NA
205,78,syllables,ifs,FALSE,20,elitize_generation_data,204,104,0.485,NA
206,78,syllables,ifs,FALSE,20,elitize_generation_data,205,106,0.503,NA
207,78,syllables,ifs,FALSE,20,elitize_generation_data,206,103,0.523,NA
208,78,syllables,ifs,FALSE,20,elitize_generation_data,207,106,0.496,NA
209,78,syllables,ifs,FALSE,20,elitize_generation_data,208,108,0.5,NA
210,78,syllables,ifs,FALSE,20,elitize_generation_data,209,104,0.513,NA
211,78,syllables,ifs,FALSE,20,elitize_generation_data,210,113,0.506,NA
212,78,syllables,ifs,FALSE,20,elitize_generation_data,211,114,0.506,NA
213,78,syllables,ifs,FALSE,20,elitize_generation_data,212,116,0.532,NA
214,78,syllables,ifs,FALSE,20,elitize_generation_data,213,89,0.521,NA
215,78,syllables,ifs,FALSE,20,elitize_generation_data,214,97,0.483,NA
216,78,syllables,ifs,FALSE,20,elitize_generation_data,215,95,0.493,NA
217,78,syllables,ifs,FALSE,20,elitize_generation_data,216,96,0.538,NA
218,78,syllables,ifs,FALSE,20,elitize_generation_data,217,116,0.543,NA
219,78,syllables,ifs,FALSE,20,elitize_generation_data,218,100,0.51,NA
220,78,syllables,ifs,FALSE,20,elitize_generation_data,219,100,0.483,NA
221,78,syllables,ifs,FALSE,20,elitize_generation_data,220,115,0.519,NA
222,78,syllables,ifs,FALSE,20,elitize_generation_data,221,94,0.519,NA
223,78,syllables,ifs,FALSE,20,elitize_generation_data,222,99,0.506,NA
224,78,syllables,ifs,FALSE,20,elitize_generation_data,223,106,0.518,NA
225,78,syllables,ifs,FALSE,20,elitize_generation_data,224,106,0.52,NA
226,78,syllables,ifs,FALSE,20,elitize_generation_data,225,106,0.527,NA
227,78,syllables,ifs,FALSE,20,elitize_generation_data,226,104,0.53,NA
228,78,syllables,ifs,FALSE,20,elitize_generation_data,227,94,0.538,NA
229,78,syllables,ifs,FALSE,20,elitize_generation_data,228,94,0.519,NA
230,78,syllables,ifs,FALSE,20,elitize_generation_data,229,97,0.499,NA
231,78,syllables,ifs,FALSE,20,elitize_generation_data,230,111,0.504,NA
232,78,syllables,ifs,FALSE,20,elitize_generation_data,231,94,0.518,NA
233,78,syllables,ifs,FALSE,20,elitize_generation_data,232,102,0.513,NA
234,78,syllables,ifs,FALSE,20,elitize_generation_data,233,103,0.542,NA
235,78,syllables,ifs,FALSE,20,elitize_generation_data,234,107,0.51,NA
236,78,syllables,ifs,FALSE,20,elitize_generation_data,235,100,0.515,NA
237,78,syllables,ifs,FALSE,20,elitize_generation_data,236,115,0.533,NA
238,78,syllables,ifs,FALSE,20,elitize_generation_data,237,112,0.533,NA
239,78,syllables,ifs,FALSE,20,elitize_generation_data,238,113,0.537,NA
240,78,syllables,ifs,FALSE,20,elitize_generation_data,239,110,0.517,NA
241,78,syllables,ifs,FALSE,20,elitize_generation_data,240,109,0.516,NA
242,78,syllables,ifs,FALSE,20,elitize_generation_data,241,100,0.518,NA
243,78,syllables,ifs,FALSE,20,elitize_generation_data,242,108,0.555,NA
244,78,syllables,ifs,FALSE,20,elitize_generation_data,243,103,0.532,NA
245,78,syllables,ifs,FALSE,20,elitize_generation_data,244,102,0.509,NA
246,78,syllables,ifs,FALSE,20,elitize_generation_data,245,110,0.529,NA
247,78,syllables,ifs,FALSE,20,elitize_generation_data,246,112,0.547,NA
248,78,syllables,ifs,FALSE,20,elitize_generation_data,247,109,0.531,NA
249,78,syllables,ifs,FALSE,20,elitize_generation_data,248,106,0.548,NA
250,78,syllables,ifs,FALSE,20,elitize_generation_data,249,99,0.552,NA
251,78,syllables,ifs,FALSE,20,elitize_generation_data,250,111,0.56,NA
252,78,syllables,ifs,FALSE,20,elitize_generation_data,251,96,0.505,NA
253,78,syllables,ifs,FALSE,20,elitize_generation_data,252,104,0.517,NA
254,78,syllables,ifs,FALSE,20,elitize_generation_data,253,102,0.511,NA
255,78,syllables,ifs,FALSE,20,elitize_generation_data,254,110,0.549,NA
256,78,syllables,ifs,FALSE,20,elitize_generation_data,255,104,0.542,NA
257,78,syllables,ifs,FALSE,20,elitize_generation_data,256,117,0.532,NA
258,78,syllables,ifs,FALSE,20,elitize_generation_data,257,105,0.529,NA
259,78,syllables,ifs,FALSE,20,elitize_generation_data,258,108,0.52,NA
260,78,syllables,ifs,FALSE,20,elitize_generation_data,259,99,0.514,NA
261,78,syllables,ifs,FALSE,20,elitize_generation_data,260,113,0.53,NA
262,78,syllables,ifs,FALSE,20,elitize_generation_data,261,109,0.518,NA
263,78,syllables,ifs,FALSE,20,elitize_generation_data,262,116,0.516,NA
264,78,syllables,ifs,FALSE,20,elitize_generation_data,263,119,0.553,NA
265,78,syllables,ifs,FALSE,20,elitize_generation_data,264,99,0.535,NA
266,78,syllables,ifs,FALSE,20,elitize_generation_data,265,102,0.551,NA
267,78,syllables,ifs,FALSE,20,elitize_generation_data,266,115,0.552,NA
268,78,syllables,ifs,FALSE,20,elitize_generation_data,267,111,0.543,NA
269,78,syllables,ifs,FALSE,20,elitize_generation_data,268,104,0.525,NA
270,78,syllables,ifs,FALSE,20,elitize_generation_data,269,105,0.524,NA
271,78,syllables,ifs,FALSE,20,elitize_generation_data,270,102,0.505,NA
272,78,syllables,ifs,FALSE,20,elitize_generation_data,271,114,0.555,NA
273,78,syllables,ifs,FALSE,20,elitize_generation_data,272,113,0.537,NA
274,78,syllables,ifs,FALSE,20,elitize_generation_data,273,102,0.525,NA
275,78,syllables,ifs,FALSE,20,elitize_generation_data,274,103,0.491,NA
276,78,syllables,ifs,FALSE,20,elitize_generation_data,275,112,0.545,NA
277,78,syllables,ifs,FALSE,20,elitize_generation_data,276,110,0.526,NA
278,78,syllables,ifs,FALSE,20,elitize_generation_data,277,99,0.495,NA
279,78,syllables,ifs,FALSE,20,elitize_generation_data,278,99,0.56,NA
280,78,syllables,ifs,FALSE,20,elitize_generation_data,279,110,0.529,NA
281,78,syllables,ifs,FALSE,20,elitize_generation_data,280,105,0.526,NA
282,78,syllables,ifs,FALSE,20,elitize_generation_data,281,102,0.529,NA
283,78,syllables,ifs,FALSE,20,elitize_generation_data,282,102,0.544,NA
284,78,syllables,ifs,FALSE,20,elitize_generation_data,283,105,0.529,NA
285,78,syllables,ifs,FALSE,20,elitize_generation_data,284,110,0.55,NA
286,78,syllables,ifs,FALSE,20,elitize_generation_data,285,110,0.53,NA
287,78,syllables,ifs,FALSE,20,elitize_generation_data,286,95,0.532,NA
288,78,syllables,ifs,FALSE,20,elitize_generation_data,287,92,0.534,NA
289,78,syllables,ifs,FALSE,20,elitize_generation_data,288,104,0.536,NA
290,78,syllables,ifs,FALSE,20,elitize_generation_data,289,101,0.547,NA
291,78,syllables,ifs,FALSE,20,elitize_generation_data,290,108,0.565,NA
292,78,syllables,ifs,FALSE,20,elitize_generation_data,291,105,0.557,NA
293,78,syllables,ifs,FALSE,20,elitize_generation_data,292,105,0.547,NA
294,78,syllables,ifs,FALSE,20,elitize_generation_data,293,98,0.525,NA
295,78,syllables,ifs,FALSE,20,elitize_generation_data,294,96,0.51,NA
296,78,syllables,ifs,FALSE,20,elitize_generation_data,295,104,0.522,NA
297,78,syllables,ifs,FALSE,20,elitize_generation_data,296,113,0.547,NA
298,78,syllables,ifs,FALSE,20,elitize_generation_data,297,114,0.526,NA
299,78,syllables,ifs,FALSE,20,elitize_generation_data,298,110,0.545,NA
300,78,syllables,ifs,FALSE,20,elitize_generation_data,299,112,0.545,NA
301,78,syllables,ifs,FALSE,20,elitize_generation_data,300,111,0.527,NA
