,run.num,problem,treatment,succeeded,height,normalization.function,generation,cluster.count,error.diversity,success.generation
1,73,syllables,ifs,FALSE,20,elitize_generation_data,0,3,0.273,NA
2,73,syllables,ifs,FALSE,20,elitize_generation_data,1,2,0.194,NA
3,73,syllables,ifs,FALSE,20,elitize_generation_data,2,4,0.229,NA
4,73,syllables,ifs,FALSE,20,elitize_generation_data,3,7,0.125,NA
5,73,syllables,ifs,FALSE,20,elitize_generation_data,4,6,0.186,NA
6,73,syllables,ifs,FALSE,20,elitize_generation_data,5,7,0.261,NA
7,73,syllables,ifs,FALSE,20,elitize_generation_data,6,7,0.358,NA
8,73,syllables,ifs,FALSE,20,elitize_generation_data,7,8,0.324,NA
9,73,syllables,ifs,FALSE,20,elitize_generation_data,8,10,0.126,NA
10,73,syllables,ifs,FALSE,20,elitize_generation_data,9,11,0.07,NA
11,73,syllables,ifs,FALSE,20,elitize_generation_data,10,10,0.07,NA
12,73,syllables,ifs,FALSE,20,elitize_generation_data,11,10,0.066,NA
13,73,syllables,ifs,FALSE,20,elitize_generation_data,12,10,0.057,NA
14,73,syllables,ifs,FALSE,20,elitize_generation_data,13,10,0.056,NA
15,73,syllables,ifs,FALSE,20,elitize_generation_data,14,10,0.064,NA
16,73,syllables,ifs,FALSE,20,elitize_generation_data,15,10,0.059,NA
17,73,syllables,ifs,FALSE,20,elitize_generation_data,16,10,0.063,NA
18,73,syllables,ifs,FALSE,20,elitize_generation_data,17,10,0.064,NA
19,73,syllables,ifs,FALSE,20,elitize_generation_data,18,10,0.077,NA
20,73,syllables,ifs,FALSE,20,elitize_generation_data,19,10,0.069,NA
21,73,syllables,ifs,FALSE,20,elitize_generation_data,20,10,0.06,NA
22,73,syllables,ifs,FALSE,20,elitize_generation_data,21,10,0.066,NA
23,73,syllables,ifs,FALSE,20,elitize_generation_data,22,11,0.066,NA
24,73,syllables,ifs,FALSE,20,elitize_generation_data,23,11,0.063,NA
25,73,syllables,ifs,FALSE,20,elitize_generation_data,24,10,0.066,NA
26,73,syllables,ifs,FALSE,20,elitize_generation_data,25,11,0.072,NA
27,73,syllables,ifs,FALSE,20,elitize_generation_data,26,10,0.067,NA
28,73,syllables,ifs,FALSE,20,elitize_generation_data,27,7,0.058,NA
29,73,syllables,ifs,FALSE,20,elitize_generation_data,28,10,0.069,NA
30,73,syllables,ifs,FALSE,20,elitize_generation_data,29,10,0.06,NA
31,73,syllables,ifs,FALSE,20,elitize_generation_data,30,10,0.07,NA
32,73,syllables,ifs,FALSE,20,elitize_generation_data,31,11,0.06,NA
33,73,syllables,ifs,FALSE,20,elitize_generation_data,32,10,0.069,NA
34,73,syllables,ifs,FALSE,20,elitize_generation_data,33,10,0.067,NA
35,73,syllables,ifs,FALSE,20,elitize_generation_data,34,10,0.06,NA
36,73,syllables,ifs,FALSE,20,elitize_generation_data,35,10,0.064,NA
37,73,syllables,ifs,FALSE,20,elitize_generation_data,36,10,0.066,NA
38,73,syllables,ifs,FALSE,20,elitize_generation_data,37,10,0.06,NA
39,73,syllables,ifs,FALSE,20,elitize_generation_data,38,10,0.068,NA
40,73,syllables,ifs,FALSE,20,elitize_generation_data,39,10,0.055,NA
41,73,syllables,ifs,FALSE,20,elitize_generation_data,40,10,0.065,NA
42,73,syllables,ifs,FALSE,20,elitize_generation_data,41,11,0.061,NA
43,73,syllables,ifs,FALSE,20,elitize_generation_data,42,11,0.069,NA
44,73,syllables,ifs,FALSE,20,elitize_generation_data,43,5,0.075,NA
45,73,syllables,ifs,FALSE,20,elitize_generation_data,44,10,0.058,NA
46,73,syllables,ifs,FALSE,20,elitize_generation_data,45,11,0.065,NA
47,73,syllables,ifs,FALSE,20,elitize_generation_data,46,11,0.06,NA
48,73,syllables,ifs,FALSE,20,elitize_generation_data,47,11,0.063,NA
49,73,syllables,ifs,FALSE,20,elitize_generation_data,48,9,0.063,NA
50,73,syllables,ifs,FALSE,20,elitize_generation_data,49,6,0.059,NA
51,73,syllables,ifs,FALSE,20,elitize_generation_data,50,11,0.064,NA
52,73,syllables,ifs,FALSE,20,elitize_generation_data,51,10,0.058,NA
53,73,syllables,ifs,FALSE,20,elitize_generation_data,52,10,0.072,NA
54,73,syllables,ifs,FALSE,20,elitize_generation_data,53,9,0.056,NA
55,73,syllables,ifs,FALSE,20,elitize_generation_data,54,7,0.056,NA
56,73,syllables,ifs,FALSE,20,elitize_generation_data,55,8,0.051,NA
57,73,syllables,ifs,FALSE,20,elitize_generation_data,56,10,0.06,NA
58,73,syllables,ifs,FALSE,20,elitize_generation_data,57,10,0.048,NA
59,73,syllables,ifs,FALSE,20,elitize_generation_data,58,10,0.059,NA
60,73,syllables,ifs,FALSE,20,elitize_generation_data,59,10,0.056,NA
61,73,syllables,ifs,FALSE,20,elitize_generation_data,60,10,0.057,NA
62,73,syllables,ifs,FALSE,20,elitize_generation_data,61,11,0.061,NA
63,73,syllables,ifs,FALSE,20,elitize_generation_data,62,9,0.055,NA
64,73,syllables,ifs,FALSE,20,elitize_generation_data,63,10,0.053,NA
65,73,syllables,ifs,FALSE,20,elitize_generation_data,64,10,0.056,NA
66,73,syllables,ifs,FALSE,20,elitize_generation_data,65,10,0.055,NA
67,73,syllables,ifs,FALSE,20,elitize_generation_data,66,11,0.055,NA
68,73,syllables,ifs,FALSE,20,elitize_generation_data,67,10,0.061,NA
69,73,syllables,ifs,FALSE,20,elitize_generation_data,68,10,0.059,NA
70,73,syllables,ifs,FALSE,20,elitize_generation_data,69,5,0.069,NA
71,73,syllables,ifs,FALSE,20,elitize_generation_data,70,10,0.057,NA
72,73,syllables,ifs,FALSE,20,elitize_generation_data,71,10,0.071,NA
73,73,syllables,ifs,FALSE,20,elitize_generation_data,72,10,0.054,NA
74,73,syllables,ifs,FALSE,20,elitize_generation_data,73,10,0.058,NA
75,73,syllables,ifs,FALSE,20,elitize_generation_data,74,10,0.056,NA
76,73,syllables,ifs,FALSE,20,elitize_generation_data,75,7,0.065,NA
77,73,syllables,ifs,FALSE,20,elitize_generation_data,76,7,0.066,NA
78,73,syllables,ifs,FALSE,20,elitize_generation_data,77,7,0.058,NA
79,73,syllables,ifs,FALSE,20,elitize_generation_data,78,10,0.069,NA
80,73,syllables,ifs,FALSE,20,elitize_generation_data,79,10,0.058,NA
81,73,syllables,ifs,FALSE,20,elitize_generation_data,80,10,0.072,NA
82,73,syllables,ifs,FALSE,20,elitize_generation_data,81,11,0.055,NA
83,73,syllables,ifs,FALSE,20,elitize_generation_data,82,10,0.063,NA
84,73,syllables,ifs,FALSE,20,elitize_generation_data,83,10,0.056,NA
85,73,syllables,ifs,FALSE,20,elitize_generation_data,84,9,0.062,NA
86,73,syllables,ifs,FALSE,20,elitize_generation_data,85,10,0.069,NA
87,73,syllables,ifs,FALSE,20,elitize_generation_data,86,10,0.067,NA
88,73,syllables,ifs,FALSE,20,elitize_generation_data,87,11,0.066,NA
89,73,syllables,ifs,FALSE,20,elitize_generation_data,88,10,0.059,NA
90,73,syllables,ifs,FALSE,20,elitize_generation_data,89,11,0.061,NA
91,73,syllables,ifs,FALSE,20,elitize_generation_data,90,10,0.059,NA
92,73,syllables,ifs,FALSE,20,elitize_generation_data,91,11,0.062,NA
93,73,syllables,ifs,FALSE,20,elitize_generation_data,92,10,0.07,NA
94,73,syllables,ifs,FALSE,20,elitize_generation_data,93,11,0.061,NA
95,73,syllables,ifs,FALSE,20,elitize_generation_data,94,10,0.059,NA
96,73,syllables,ifs,FALSE,20,elitize_generation_data,95,10,0.063,NA
97,73,syllables,ifs,FALSE,20,elitize_generation_data,96,9,0.059,NA
98,73,syllables,ifs,FALSE,20,elitize_generation_data,97,10,0.062,NA
99,73,syllables,ifs,FALSE,20,elitize_generation_data,98,10,0.061,NA
100,73,syllables,ifs,FALSE,20,elitize_generation_data,99,10,0.055,NA
101,73,syllables,ifs,FALSE,20,elitize_generation_data,100,10,0.059,NA
102,73,syllables,ifs,FALSE,20,elitize_generation_data,101,10,0.058,NA
103,73,syllables,ifs,FALSE,20,elitize_generation_data,102,10,0.045,NA
104,73,syllables,ifs,FALSE,20,elitize_generation_data,103,10,0.069,NA
105,73,syllables,ifs,FALSE,20,elitize_generation_data,104,10,0.056,NA
106,73,syllables,ifs,FALSE,20,elitize_generation_data,105,11,0.057,NA
107,73,syllables,ifs,FALSE,20,elitize_generation_data,106,10,0.045,NA
108,73,syllables,ifs,FALSE,20,elitize_generation_data,107,10,0.059,NA
109,73,syllables,ifs,FALSE,20,elitize_generation_data,108,11,0.063,NA
110,73,syllables,ifs,FALSE,20,elitize_generation_data,109,11,0.049,NA
111,73,syllables,ifs,FALSE,20,elitize_generation_data,110,10,0.045,NA
112,73,syllables,ifs,FALSE,20,elitize_generation_data,111,10,0.054,NA
113,73,syllables,ifs,FALSE,20,elitize_generation_data,112,9,0.04,NA
114,73,syllables,ifs,FALSE,20,elitize_generation_data,113,11,0.056,NA
115,73,syllables,ifs,FALSE,20,elitize_generation_data,114,11,0.05,NA
116,73,syllables,ifs,FALSE,20,elitize_generation_data,115,10,0.063,NA
117,73,syllables,ifs,FALSE,20,elitize_generation_data,116,10,0.056,NA
118,73,syllables,ifs,FALSE,20,elitize_generation_data,117,11,0.047,NA
119,73,syllables,ifs,FALSE,20,elitize_generation_data,118,10,0.066,NA
120,73,syllables,ifs,FALSE,20,elitize_generation_data,119,10,0.054,NA
121,73,syllables,ifs,FALSE,20,elitize_generation_data,120,10,0.056,NA
122,73,syllables,ifs,FALSE,20,elitize_generation_data,121,11,0.039,NA
123,73,syllables,ifs,FALSE,20,elitize_generation_data,122,10,0.048,NA
124,73,syllables,ifs,FALSE,20,elitize_generation_data,123,10,0.05,NA
125,73,syllables,ifs,FALSE,20,elitize_generation_data,124,9,0.044,NA
126,73,syllables,ifs,FALSE,20,elitize_generation_data,125,10,0.041,NA
127,73,syllables,ifs,FALSE,20,elitize_generation_data,126,10,0.05,NA
128,73,syllables,ifs,FALSE,20,elitize_generation_data,127,8,0.053,NA
129,73,syllables,ifs,FALSE,20,elitize_generation_data,128,10,0.049,NA
130,73,syllables,ifs,FALSE,20,elitize_generation_data,129,9,0.043,NA
131,73,syllables,ifs,FALSE,20,elitize_generation_data,130,10,0.049,NA
132,73,syllables,ifs,FALSE,20,elitize_generation_data,131,10,0.043,NA
133,73,syllables,ifs,FALSE,20,elitize_generation_data,132,10,0.046,NA
134,73,syllables,ifs,FALSE,20,elitize_generation_data,133,10,0.055,NA
135,73,syllables,ifs,FALSE,20,elitize_generation_data,134,9,0.043,NA
136,73,syllables,ifs,FALSE,20,elitize_generation_data,135,11,0.045,NA
137,73,syllables,ifs,FALSE,20,elitize_generation_data,136,10,0.043,NA
138,73,syllables,ifs,FALSE,20,elitize_generation_data,137,10,0.043,NA
139,73,syllables,ifs,FALSE,20,elitize_generation_data,138,11,0.039,NA
140,73,syllables,ifs,FALSE,20,elitize_generation_data,139,10,0.03,NA
141,73,syllables,ifs,FALSE,20,elitize_generation_data,140,9,0.04,NA
142,73,syllables,ifs,FALSE,20,elitize_generation_data,141,8,0.054,NA
143,73,syllables,ifs,FALSE,20,elitize_generation_data,142,12,0.046,NA
144,73,syllables,ifs,FALSE,20,elitize_generation_data,143,9,0.051,NA
145,73,syllables,ifs,FALSE,20,elitize_generation_data,144,11,0.042,NA
146,73,syllables,ifs,FALSE,20,elitize_generation_data,145,10,0.046,NA
147,73,syllables,ifs,FALSE,20,elitize_generation_data,146,10,0.049,NA
148,73,syllables,ifs,FALSE,20,elitize_generation_data,147,10,0.045,NA
149,73,syllables,ifs,FALSE,20,elitize_generation_data,148,11,0.054,NA
150,73,syllables,ifs,FALSE,20,elitize_generation_data,149,10,0.048,NA
151,73,syllables,ifs,FALSE,20,elitize_generation_data,150,9,0.037,NA
152,73,syllables,ifs,FALSE,20,elitize_generation_data,151,10,0.042,NA
153,73,syllables,ifs,FALSE,20,elitize_generation_data,152,10,0.049,NA
154,73,syllables,ifs,FALSE,20,elitize_generation_data,153,10,0.043,NA
155,73,syllables,ifs,FALSE,20,elitize_generation_data,154,8,0.042,NA
156,73,syllables,ifs,FALSE,20,elitize_generation_data,155,8,0.042,NA
157,73,syllables,ifs,FALSE,20,elitize_generation_data,156,11,0.041,NA
158,73,syllables,ifs,FALSE,20,elitize_generation_data,157,10,0.034,NA
159,73,syllables,ifs,FALSE,20,elitize_generation_data,158,8,0.04,NA
160,73,syllables,ifs,FALSE,20,elitize_generation_data,159,10,0.042,NA
161,73,syllables,ifs,FALSE,20,elitize_generation_data,160,9,0.042,NA
162,73,syllables,ifs,FALSE,20,elitize_generation_data,161,11,0.046,NA
163,73,syllables,ifs,FALSE,20,elitize_generation_data,162,10,0.039,NA
164,73,syllables,ifs,FALSE,20,elitize_generation_data,163,11,0.035,NA
165,73,syllables,ifs,FALSE,20,elitize_generation_data,164,10,0.044,NA
166,73,syllables,ifs,FALSE,20,elitize_generation_data,165,11,0.037,NA
167,73,syllables,ifs,FALSE,20,elitize_generation_data,166,10,0.035,NA
168,73,syllables,ifs,FALSE,20,elitize_generation_data,167,9,0.033,NA
169,73,syllables,ifs,FALSE,20,elitize_generation_data,168,10,0.038,NA
170,73,syllables,ifs,FALSE,20,elitize_generation_data,169,8,0.04,NA
171,73,syllables,ifs,FALSE,20,elitize_generation_data,170,10,0.047,NA
172,73,syllables,ifs,FALSE,20,elitize_generation_data,171,10,0.035,NA
173,73,syllables,ifs,FALSE,20,elitize_generation_data,172,12,0.048,NA
174,73,syllables,ifs,FALSE,20,elitize_generation_data,173,11,0.032,NA
175,73,syllables,ifs,FALSE,20,elitize_generation_data,174,10,0.041,NA
176,73,syllables,ifs,FALSE,20,elitize_generation_data,175,8,0.029,NA
177,73,syllables,ifs,FALSE,20,elitize_generation_data,176,10,0.04,NA
178,73,syllables,ifs,FALSE,20,elitize_generation_data,177,11,0.039,NA
179,73,syllables,ifs,FALSE,20,elitize_generation_data,178,9,0.043,NA
180,73,syllables,ifs,FALSE,20,elitize_generation_data,179,10,0.034,NA
181,73,syllables,ifs,FALSE,20,elitize_generation_data,180,11,0.041,NA
182,73,syllables,ifs,FALSE,20,elitize_generation_data,181,10,0.033,NA
183,73,syllables,ifs,FALSE,20,elitize_generation_data,182,10,0.034,NA
184,73,syllables,ifs,FALSE,20,elitize_generation_data,183,9,0.027,NA
185,73,syllables,ifs,FALSE,20,elitize_generation_data,184,10,0.042,NA
186,73,syllables,ifs,FALSE,20,elitize_generation_data,185,10,0.031,NA
187,73,syllables,ifs,FALSE,20,elitize_generation_data,186,10,0.032,NA
188,73,syllables,ifs,FALSE,20,elitize_generation_data,187,12,0.038,NA
189,73,syllables,ifs,FALSE,20,elitize_generation_data,188,9,0.043,NA
190,73,syllables,ifs,FALSE,20,elitize_generation_data,189,10,0.031,NA
191,73,syllables,ifs,FALSE,20,elitize_generation_data,190,10,0.038,NA
192,73,syllables,ifs,FALSE,20,elitize_generation_data,191,10,0.053,NA
193,73,syllables,ifs,FALSE,20,elitize_generation_data,192,10,0.035,NA
194,73,syllables,ifs,FALSE,20,elitize_generation_data,193,11,0.035,NA
195,73,syllables,ifs,FALSE,20,elitize_generation_data,194,9,0.027,NA
196,73,syllables,ifs,FALSE,20,elitize_generation_data,195,10,0.036,NA
197,73,syllables,ifs,FALSE,20,elitize_generation_data,196,11,0.035,NA
198,73,syllables,ifs,FALSE,20,elitize_generation_data,197,11,0.039,NA
199,73,syllables,ifs,FALSE,20,elitize_generation_data,198,10,0.032,NA
200,73,syllables,ifs,FALSE,20,elitize_generation_data,199,11,0.038,NA
201,73,syllables,ifs,FALSE,20,elitize_generation_data,200,8,0.032,NA
202,73,syllables,ifs,FALSE,20,elitize_generation_data,201,10,0.034,NA
203,73,syllables,ifs,FALSE,20,elitize_generation_data,202,10,0.039,NA
204,73,syllables,ifs,FALSE,20,elitize_generation_data,203,11,0.032,NA
205,73,syllables,ifs,FALSE,20,elitize_generation_data,204,10,0.035,NA
206,73,syllables,ifs,FALSE,20,elitize_generation_data,205,11,0.03,NA
207,73,syllables,ifs,FALSE,20,elitize_generation_data,206,10,0.038,NA
208,73,syllables,ifs,FALSE,20,elitize_generation_data,207,10,0.031,NA
209,73,syllables,ifs,FALSE,20,elitize_generation_data,208,10,0.038,NA
210,73,syllables,ifs,FALSE,20,elitize_generation_data,209,11,0.029,NA
211,73,syllables,ifs,FALSE,20,elitize_generation_data,210,10,0.033,NA
212,73,syllables,ifs,FALSE,20,elitize_generation_data,211,10,0.031,NA
213,73,syllables,ifs,FALSE,20,elitize_generation_data,212,10,0.03,NA
214,73,syllables,ifs,FALSE,20,elitize_generation_data,213,11,0.031,NA
215,73,syllables,ifs,FALSE,20,elitize_generation_data,214,10,0.024,NA
216,73,syllables,ifs,FALSE,20,elitize_generation_data,215,11,0.037,NA
217,73,syllables,ifs,FALSE,20,elitize_generation_data,216,10,0.031,NA
218,73,syllables,ifs,FALSE,20,elitize_generation_data,217,9,0.03,NA
219,73,syllables,ifs,FALSE,20,elitize_generation_data,218,10,0.034,NA
220,73,syllables,ifs,FALSE,20,elitize_generation_data,219,10,0.039,NA
221,73,syllables,ifs,FALSE,20,elitize_generation_data,220,9,0.027,NA
222,73,syllables,ifs,FALSE,20,elitize_generation_data,221,10,0.035,NA
223,73,syllables,ifs,FALSE,20,elitize_generation_data,222,10,0.028,NA
224,73,syllables,ifs,FALSE,20,elitize_generation_data,223,11,0.033,NA
225,73,syllables,ifs,FALSE,20,elitize_generation_data,224,12,0.03,NA
226,73,syllables,ifs,FALSE,20,elitize_generation_data,225,9,0.032,NA
227,73,syllables,ifs,FALSE,20,elitize_generation_data,226,10,0.032,NA
228,73,syllables,ifs,FALSE,20,elitize_generation_data,227,12,0.033,NA
229,73,syllables,ifs,FALSE,20,elitize_generation_data,228,10,0.033,NA
230,73,syllables,ifs,FALSE,20,elitize_generation_data,229,10,0.034,NA
231,73,syllables,ifs,FALSE,20,elitize_generation_data,230,10,0.026,NA
232,73,syllables,ifs,FALSE,20,elitize_generation_data,231,11,0.035,NA
233,73,syllables,ifs,FALSE,20,elitize_generation_data,232,11,0.033,NA
234,73,syllables,ifs,FALSE,20,elitize_generation_data,233,11,0.028,NA
235,73,syllables,ifs,FALSE,20,elitize_generation_data,234,10,0.035,NA
236,73,syllables,ifs,FALSE,20,elitize_generation_data,235,9,0.035,NA
237,73,syllables,ifs,FALSE,20,elitize_generation_data,236,10,0.035,NA
238,73,syllables,ifs,FALSE,20,elitize_generation_data,237,11,0.029,NA
239,73,syllables,ifs,FALSE,20,elitize_generation_data,238,10,0.042,NA
240,73,syllables,ifs,FALSE,20,elitize_generation_data,239,10,0.034,NA
241,73,syllables,ifs,FALSE,20,elitize_generation_data,240,10,0.031,NA
242,73,syllables,ifs,FALSE,20,elitize_generation_data,241,10,0.028,NA
243,73,syllables,ifs,FALSE,20,elitize_generation_data,242,11,0.036,NA
244,73,syllables,ifs,FALSE,20,elitize_generation_data,243,10,0.032,NA
245,73,syllables,ifs,FALSE,20,elitize_generation_data,244,11,0.034,NA
246,73,syllables,ifs,FALSE,20,elitize_generation_data,245,11,0.031,NA
247,73,syllables,ifs,FALSE,20,elitize_generation_data,246,10,0.031,NA
248,73,syllables,ifs,FALSE,20,elitize_generation_data,247,10,0.03,NA
249,73,syllables,ifs,FALSE,20,elitize_generation_data,248,10,0.024,NA
250,73,syllables,ifs,FALSE,20,elitize_generation_data,249,10,0.029,NA
251,73,syllables,ifs,FALSE,20,elitize_generation_data,250,10,0.027,NA
252,73,syllables,ifs,FALSE,20,elitize_generation_data,251,9,0.032,NA
253,73,syllables,ifs,FALSE,20,elitize_generation_data,252,8,0.031,NA
254,73,syllables,ifs,FALSE,20,elitize_generation_data,253,11,0.027,NA
255,73,syllables,ifs,FALSE,20,elitize_generation_data,254,12,0.036,NA
256,73,syllables,ifs,FALSE,20,elitize_generation_data,255,10,0.031,NA
257,73,syllables,ifs,FALSE,20,elitize_generation_data,256,9,0.035,NA
258,73,syllables,ifs,FALSE,20,elitize_generation_data,257,10,0.032,NA
259,73,syllables,ifs,FALSE,20,elitize_generation_data,258,12,0.034,NA
260,73,syllables,ifs,FALSE,20,elitize_generation_data,259,9,0.037,NA
261,73,syllables,ifs,FALSE,20,elitize_generation_data,260,10,0.033,NA
262,73,syllables,ifs,FALSE,20,elitize_generation_data,261,11,0.034,NA
263,73,syllables,ifs,FALSE,20,elitize_generation_data,262,9,0.034,NA
264,73,syllables,ifs,FALSE,20,elitize_generation_data,263,11,0.031,NA
265,73,syllables,ifs,FALSE,20,elitize_generation_data,264,9,0.029,NA
266,73,syllables,ifs,FALSE,20,elitize_generation_data,265,10,0.036,NA
267,73,syllables,ifs,FALSE,20,elitize_generation_data,266,9,0.028,NA
268,73,syllables,ifs,FALSE,20,elitize_generation_data,267,9,0.032,NA
269,73,syllables,ifs,FALSE,20,elitize_generation_data,268,11,0.033,NA
270,73,syllables,ifs,FALSE,20,elitize_generation_data,269,11,0.025,NA
271,73,syllables,ifs,FALSE,20,elitize_generation_data,270,9,0.03,NA
272,73,syllables,ifs,FALSE,20,elitize_generation_data,271,9,0.037,NA
273,73,syllables,ifs,FALSE,20,elitize_generation_data,272,11,0.034,NA
274,73,syllables,ifs,FALSE,20,elitize_generation_data,273,10,0.041,NA
275,73,syllables,ifs,FALSE,20,elitize_generation_data,274,11,0.028,NA
276,73,syllables,ifs,FALSE,20,elitize_generation_data,275,9,0.038,NA
277,73,syllables,ifs,FALSE,20,elitize_generation_data,276,9,0.035,NA
278,73,syllables,ifs,FALSE,20,elitize_generation_data,277,10,0.03,NA
279,73,syllables,ifs,FALSE,20,elitize_generation_data,278,11,0.037,NA
280,73,syllables,ifs,FALSE,20,elitize_generation_data,279,10,0.033,NA
281,73,syllables,ifs,FALSE,20,elitize_generation_data,280,10,0.037,NA
282,73,syllables,ifs,FALSE,20,elitize_generation_data,281,12,0.034,NA
283,73,syllables,ifs,FALSE,20,elitize_generation_data,282,9,0.034,NA
284,73,syllables,ifs,FALSE,20,elitize_generation_data,283,8,0.027,NA
285,73,syllables,ifs,FALSE,20,elitize_generation_data,284,10,0.034,NA
286,73,syllables,ifs,FALSE,20,elitize_generation_data,285,9,0.033,NA
287,73,syllables,ifs,FALSE,20,elitize_generation_data,286,10,0.035,NA
288,73,syllables,ifs,FALSE,20,elitize_generation_data,287,8,0.041,NA
289,73,syllables,ifs,FALSE,20,elitize_generation_data,288,10,0.035,NA
290,73,syllables,ifs,FALSE,20,elitize_generation_data,289,12,0.034,NA
291,73,syllables,ifs,FALSE,20,elitize_generation_data,290,11,0.043,NA
292,73,syllables,ifs,FALSE,20,elitize_generation_data,291,11,0.031,NA
293,73,syllables,ifs,FALSE,20,elitize_generation_data,292,8,0.03,NA
294,73,syllables,ifs,FALSE,20,elitize_generation_data,293,10,0.028,NA
295,73,syllables,ifs,FALSE,20,elitize_generation_data,294,9,0.031,NA
296,73,syllables,ifs,FALSE,20,elitize_generation_data,295,9,0.031,NA
297,73,syllables,ifs,FALSE,20,elitize_generation_data,296,10,0.035,NA
298,73,syllables,ifs,FALSE,20,elitize_generation_data,297,10,0.035,NA
299,73,syllables,ifs,FALSE,20,elitize_generation_data,298,10,0.029,NA
300,73,syllables,ifs,FALSE,20,elitize_generation_data,299,11,0.034,NA
301,73,syllables,ifs,FALSE,20,elitize_generation_data,300,10,0.029,NA
