,run.num,problem,treatment,succeeded,height,normalization.function,generation,cluster.count,error.diversity,success.generation
1,69,checksum,ifs,FALSE,20,elitize_generation_data,0,2,0.318,NA
2,69,checksum,ifs,FALSE,20,elitize_generation_data,1,2,0.262,NA
3,69,checksum,ifs,FALSE,20,elitize_generation_data,2,2,0.201,NA
4,69,checksum,ifs,FALSE,20,elitize_generation_data,3,3,0.186,NA
5,69,checksum,ifs,FALSE,20,elitize_generation_data,4,4,0.174,NA
6,69,checksum,ifs,FALSE,20,elitize_generation_data,5,3,0.149,NA
7,69,checksum,ifs,FALSE,20,elitize_generation_data,6,3,0.155,NA
8,69,checksum,ifs,FALSE,20,elitize_generation_data,7,3,0.11,NA
9,69,checksum,ifs,FALSE,20,elitize_generation_data,8,4,0.125,NA
10,69,checksum,ifs,FALSE,20,elitize_generation_data,9,4,0.108,NA
11,69,checksum,ifs,FALSE,20,elitize_generation_data,10,3,0.118,NA
12,69,checksum,ifs,FALSE,20,elitize_generation_data,11,6,0.114,NA
13,69,checksum,ifs,FALSE,20,elitize_generation_data,12,4,0.105,NA
14,69,checksum,ifs,FALSE,20,elitize_generation_data,13,5,0.123,NA
15,69,checksum,ifs,FALSE,20,elitize_generation_data,14,6,0.108,NA
16,69,checksum,ifs,FALSE,20,elitize_generation_data,15,5,0.105,NA
17,69,checksum,ifs,FALSE,20,elitize_generation_data,16,7,0.108,NA
18,69,checksum,ifs,FALSE,20,elitize_generation_data,17,8,0.136,NA
19,69,checksum,ifs,FALSE,20,elitize_generation_data,18,11,0.171,NA
20,69,checksum,ifs,FALSE,20,elitize_generation_data,19,13,0.192,NA
21,69,checksum,ifs,FALSE,20,elitize_generation_data,20,15,0.222,NA
22,69,checksum,ifs,FALSE,20,elitize_generation_data,21,10,0.247,NA
23,69,checksum,ifs,FALSE,20,elitize_generation_data,22,7,0.275,NA
24,69,checksum,ifs,FALSE,20,elitize_generation_data,23,6,0.253,NA
25,69,checksum,ifs,FALSE,20,elitize_generation_data,24,7,0.253,NA
26,69,checksum,ifs,FALSE,20,elitize_generation_data,25,5,0.265,NA
27,69,checksum,ifs,FALSE,20,elitize_generation_data,26,9,0.253,NA
28,69,checksum,ifs,FALSE,20,elitize_generation_data,27,16,0.196,NA
29,69,checksum,ifs,FALSE,20,elitize_generation_data,28,14,0.186,NA
30,69,checksum,ifs,FALSE,20,elitize_generation_data,29,17,0.183,NA
31,69,checksum,ifs,FALSE,20,elitize_generation_data,30,12,0.183,NA
32,69,checksum,ifs,FALSE,20,elitize_generation_data,31,11,0.195,NA
33,69,checksum,ifs,FALSE,20,elitize_generation_data,32,13,0.191,NA
34,69,checksum,ifs,FALSE,20,elitize_generation_data,33,12,0.205,NA
35,69,checksum,ifs,FALSE,20,elitize_generation_data,34,11,0.195,NA
36,69,checksum,ifs,FALSE,20,elitize_generation_data,35,12,0.187,NA
37,69,checksum,ifs,FALSE,20,elitize_generation_data,36,16,0.206,NA
38,69,checksum,ifs,FALSE,20,elitize_generation_data,37,13,0.176,NA
39,69,checksum,ifs,FALSE,20,elitize_generation_data,38,12,0.18,NA
40,69,checksum,ifs,FALSE,20,elitize_generation_data,39,14,0.194,NA
41,69,checksum,ifs,FALSE,20,elitize_generation_data,40,13,0.199,NA
42,69,checksum,ifs,FALSE,20,elitize_generation_data,41,16,0.195,NA
43,69,checksum,ifs,FALSE,20,elitize_generation_data,42,15,0.212,NA
44,69,checksum,ifs,FALSE,20,elitize_generation_data,43,18,0.213,NA
45,69,checksum,ifs,FALSE,20,elitize_generation_data,44,15,0.221,NA
46,69,checksum,ifs,FALSE,20,elitize_generation_data,45,15,0.226,NA
47,69,checksum,ifs,FALSE,20,elitize_generation_data,46,13,0.211,NA
48,69,checksum,ifs,FALSE,20,elitize_generation_data,47,11,0.197,NA
49,69,checksum,ifs,FALSE,20,elitize_generation_data,48,11,0.216,NA
50,69,checksum,ifs,FALSE,20,elitize_generation_data,49,11,0.21,NA
51,69,checksum,ifs,FALSE,20,elitize_generation_data,50,9,0.215,NA
52,69,checksum,ifs,FALSE,20,elitize_generation_data,51,15,0.211,NA
53,69,checksum,ifs,FALSE,20,elitize_generation_data,52,12,0.2,NA
54,69,checksum,ifs,FALSE,20,elitize_generation_data,53,12,0.214,NA
55,69,checksum,ifs,FALSE,20,elitize_generation_data,54,9,0.205,NA
56,69,checksum,ifs,FALSE,20,elitize_generation_data,55,7,0.235,NA
57,69,checksum,ifs,FALSE,20,elitize_generation_data,56,12,0.226,NA
58,69,checksum,ifs,FALSE,20,elitize_generation_data,57,10,0.219,NA
59,69,checksum,ifs,FALSE,20,elitize_generation_data,58,10,0.198,NA
60,69,checksum,ifs,FALSE,20,elitize_generation_data,59,11,0.204,NA
61,69,checksum,ifs,FALSE,20,elitize_generation_data,60,10,0.209,NA
62,69,checksum,ifs,FALSE,20,elitize_generation_data,61,12,0.217,NA
63,69,checksum,ifs,FALSE,20,elitize_generation_data,62,10,0.192,NA
64,69,checksum,ifs,FALSE,20,elitize_generation_data,63,10,0.225,NA
65,69,checksum,ifs,FALSE,20,elitize_generation_data,64,9,0.232,NA
66,69,checksum,ifs,FALSE,20,elitize_generation_data,65,10,0.229,NA
67,69,checksum,ifs,FALSE,20,elitize_generation_data,66,11,0.262,NA
68,69,checksum,ifs,FALSE,20,elitize_generation_data,67,14,0.259,NA
69,69,checksum,ifs,FALSE,20,elitize_generation_data,68,12,0.216,NA
70,69,checksum,ifs,FALSE,20,elitize_generation_data,69,10,0.219,NA
71,69,checksum,ifs,FALSE,20,elitize_generation_data,70,12,0.211,NA
72,69,checksum,ifs,FALSE,20,elitize_generation_data,71,12,0.214,NA
73,69,checksum,ifs,FALSE,20,elitize_generation_data,72,10,0.218,NA
74,69,checksum,ifs,FALSE,20,elitize_generation_data,73,9,0.211,NA
75,69,checksum,ifs,FALSE,20,elitize_generation_data,74,13,0.223,NA
76,69,checksum,ifs,FALSE,20,elitize_generation_data,75,12,0.233,NA
77,69,checksum,ifs,FALSE,20,elitize_generation_data,76,13,0.219,NA
78,69,checksum,ifs,FALSE,20,elitize_generation_data,77,13,0.195,NA
79,69,checksum,ifs,FALSE,20,elitize_generation_data,78,13,0.213,NA
80,69,checksum,ifs,FALSE,20,elitize_generation_data,79,13,0.238,NA
81,69,checksum,ifs,FALSE,20,elitize_generation_data,80,15,0.218,NA
82,69,checksum,ifs,FALSE,20,elitize_generation_data,81,13,0.219,NA
83,69,checksum,ifs,FALSE,20,elitize_generation_data,82,12,0.215,NA
84,69,checksum,ifs,FALSE,20,elitize_generation_data,83,13,0.206,NA
85,69,checksum,ifs,FALSE,20,elitize_generation_data,84,10,0.216,NA
86,69,checksum,ifs,FALSE,20,elitize_generation_data,85,9,0.225,NA
87,69,checksum,ifs,FALSE,20,elitize_generation_data,86,11,0.202,NA
88,69,checksum,ifs,FALSE,20,elitize_generation_data,87,15,0.222,NA
89,69,checksum,ifs,FALSE,20,elitize_generation_data,88,11,0.219,NA
90,69,checksum,ifs,FALSE,20,elitize_generation_data,89,11,0.223,NA
91,69,checksum,ifs,FALSE,20,elitize_generation_data,90,9,0.212,NA
92,69,checksum,ifs,FALSE,20,elitize_generation_data,91,14,0.227,NA
93,69,checksum,ifs,FALSE,20,elitize_generation_data,92,11,0.217,NA
94,69,checksum,ifs,FALSE,20,elitize_generation_data,93,12,0.234,NA
95,69,checksum,ifs,FALSE,20,elitize_generation_data,94,14,0.227,NA
96,69,checksum,ifs,FALSE,20,elitize_generation_data,95,11,0.216,NA
97,69,checksum,ifs,FALSE,20,elitize_generation_data,96,13,0.21,NA
98,69,checksum,ifs,FALSE,20,elitize_generation_data,97,15,0.208,NA
99,69,checksum,ifs,FALSE,20,elitize_generation_data,98,12,0.222,NA
100,69,checksum,ifs,FALSE,20,elitize_generation_data,99,11,0.207,NA
101,69,checksum,ifs,FALSE,20,elitize_generation_data,100,13,0.212,NA
102,69,checksum,ifs,FALSE,20,elitize_generation_data,101,11,0.218,NA
103,69,checksum,ifs,FALSE,20,elitize_generation_data,102,12,0.242,NA
104,69,checksum,ifs,FALSE,20,elitize_generation_data,103,15,0.215,NA
105,69,checksum,ifs,FALSE,20,elitize_generation_data,104,16,0.214,NA
106,69,checksum,ifs,FALSE,20,elitize_generation_data,105,14,0.213,NA
107,69,checksum,ifs,FALSE,20,elitize_generation_data,106,12,0.214,NA
108,69,checksum,ifs,FALSE,20,elitize_generation_data,107,14,0.224,NA
109,69,checksum,ifs,FALSE,20,elitize_generation_data,108,12,0.231,NA
110,69,checksum,ifs,FALSE,20,elitize_generation_data,109,13,0.225,NA
111,69,checksum,ifs,FALSE,20,elitize_generation_data,110,10,0.229,NA
112,69,checksum,ifs,FALSE,20,elitize_generation_data,111,11,0.231,NA
113,69,checksum,ifs,FALSE,20,elitize_generation_data,112,11,0.235,NA
114,69,checksum,ifs,FALSE,20,elitize_generation_data,113,13,0.215,NA
115,69,checksum,ifs,FALSE,20,elitize_generation_data,114,12,0.232,NA
116,69,checksum,ifs,FALSE,20,elitize_generation_data,115,12,0.225,NA
117,69,checksum,ifs,FALSE,20,elitize_generation_data,116,14,0.213,NA
118,69,checksum,ifs,FALSE,20,elitize_generation_data,117,17,0.214,NA
119,69,checksum,ifs,FALSE,20,elitize_generation_data,118,18,0.216,NA
120,69,checksum,ifs,FALSE,20,elitize_generation_data,119,9,0.216,NA
121,69,checksum,ifs,FALSE,20,elitize_generation_data,120,13,0.227,NA
122,69,checksum,ifs,FALSE,20,elitize_generation_data,121,17,0.224,NA
123,69,checksum,ifs,FALSE,20,elitize_generation_data,122,13,0.225,NA
124,69,checksum,ifs,FALSE,20,elitize_generation_data,123,11,0.226,NA
125,69,checksum,ifs,FALSE,20,elitize_generation_data,124,13,0.235,NA
126,69,checksum,ifs,FALSE,20,elitize_generation_data,125,14,0.226,NA
127,69,checksum,ifs,FALSE,20,elitize_generation_data,126,11,0.205,NA
128,69,checksum,ifs,FALSE,20,elitize_generation_data,127,15,0.233,NA
129,69,checksum,ifs,FALSE,20,elitize_generation_data,128,13,0.221,NA
130,69,checksum,ifs,FALSE,20,elitize_generation_data,129,12,0.219,NA
131,69,checksum,ifs,FALSE,20,elitize_generation_data,130,12,0.258,NA
132,69,checksum,ifs,FALSE,20,elitize_generation_data,131,21,0.262,NA
133,69,checksum,ifs,FALSE,20,elitize_generation_data,132,18,0.265,NA
134,69,checksum,ifs,FALSE,20,elitize_generation_data,133,17,0.263,NA
135,69,checksum,ifs,FALSE,20,elitize_generation_data,134,26,0.256,NA
136,69,checksum,ifs,FALSE,20,elitize_generation_data,135,27,0.273,NA
137,69,checksum,ifs,FALSE,20,elitize_generation_data,136,22,0.256,NA
138,69,checksum,ifs,FALSE,20,elitize_generation_data,137,20,0.246,NA
139,69,checksum,ifs,FALSE,20,elitize_generation_data,138,30,0.279,NA
140,69,checksum,ifs,FALSE,20,elitize_generation_data,139,25,0.274,NA
141,69,checksum,ifs,FALSE,20,elitize_generation_data,140,19,0.256,NA
142,69,checksum,ifs,FALSE,20,elitize_generation_data,141,25,0.279,NA
143,69,checksum,ifs,FALSE,20,elitize_generation_data,142,27,0.326,NA
144,69,checksum,ifs,FALSE,20,elitize_generation_data,143,27,0.326,NA
145,69,checksum,ifs,FALSE,20,elitize_generation_data,144,28,0.317,NA
146,69,checksum,ifs,FALSE,20,elitize_generation_data,145,23,0.285,NA
147,69,checksum,ifs,FALSE,20,elitize_generation_data,146,28,0.325,NA
148,69,checksum,ifs,FALSE,20,elitize_generation_data,147,24,0.318,NA
149,69,checksum,ifs,FALSE,20,elitize_generation_data,148,19,0.336,NA
150,69,checksum,ifs,FALSE,20,elitize_generation_data,149,23,0.335,NA
151,69,checksum,ifs,FALSE,20,elitize_generation_data,150,23,0.346,NA
152,69,checksum,ifs,FALSE,20,elitize_generation_data,151,30,0.353,NA
153,69,checksum,ifs,FALSE,20,elitize_generation_data,152,20,0.376,NA
154,69,checksum,ifs,FALSE,20,elitize_generation_data,153,29,0.361,NA
155,69,checksum,ifs,FALSE,20,elitize_generation_data,154,32,0.343,NA
156,69,checksum,ifs,FALSE,20,elitize_generation_data,155,21,0.322,NA
157,69,checksum,ifs,FALSE,20,elitize_generation_data,156,24,0.34,NA
158,69,checksum,ifs,FALSE,20,elitize_generation_data,157,30,0.395,NA
159,69,checksum,ifs,FALSE,20,elitize_generation_data,158,38,0.398,NA
160,69,checksum,ifs,FALSE,20,elitize_generation_data,159,38,0.41,NA
161,69,checksum,ifs,FALSE,20,elitize_generation_data,160,26,0.401,NA
162,69,checksum,ifs,FALSE,20,elitize_generation_data,161,32,0.411,NA
163,69,checksum,ifs,FALSE,20,elitize_generation_data,162,30,0.443,NA
164,69,checksum,ifs,FALSE,20,elitize_generation_data,163,40,0.438,NA
165,69,checksum,ifs,FALSE,20,elitize_generation_data,164,32,0.425,NA
166,69,checksum,ifs,FALSE,20,elitize_generation_data,165,32,0.392,NA
167,69,checksum,ifs,FALSE,20,elitize_generation_data,166,27,0.425,NA
168,69,checksum,ifs,FALSE,20,elitize_generation_data,167,30,0.401,NA
169,69,checksum,ifs,FALSE,20,elitize_generation_data,168,30,0.423,NA
170,69,checksum,ifs,FALSE,20,elitize_generation_data,169,20,0.422,NA
171,69,checksum,ifs,FALSE,20,elitize_generation_data,170,32,0.435,NA
172,69,checksum,ifs,FALSE,20,elitize_generation_data,171,40,0.451,NA
173,69,checksum,ifs,FALSE,20,elitize_generation_data,172,26,0.415,NA
174,69,checksum,ifs,FALSE,20,elitize_generation_data,173,33,0.423,NA
175,69,checksum,ifs,FALSE,20,elitize_generation_data,174,28,0.417,NA
176,69,checksum,ifs,FALSE,20,elitize_generation_data,175,27,0.401,NA
177,69,checksum,ifs,FALSE,20,elitize_generation_data,176,35,0.419,NA
178,69,checksum,ifs,FALSE,20,elitize_generation_data,177,36,0.439,NA
179,69,checksum,ifs,FALSE,20,elitize_generation_data,178,33,0.434,NA
180,69,checksum,ifs,FALSE,20,elitize_generation_data,179,42,0.43,NA
181,69,checksum,ifs,FALSE,20,elitize_generation_data,180,24,0.443,NA
182,69,checksum,ifs,FALSE,20,elitize_generation_data,181,35,0.431,NA
183,69,checksum,ifs,FALSE,20,elitize_generation_data,182,24,0.453,NA
184,69,checksum,ifs,FALSE,20,elitize_generation_data,183,39,0.462,NA
185,69,checksum,ifs,FALSE,20,elitize_generation_data,184,24,0.443,NA
186,69,checksum,ifs,FALSE,20,elitize_generation_data,185,31,0.445,NA
187,69,checksum,ifs,FALSE,20,elitize_generation_data,186,26,0.425,NA
188,69,checksum,ifs,FALSE,20,elitize_generation_data,187,30,0.411,NA
189,69,checksum,ifs,FALSE,20,elitize_generation_data,188,37,0.428,NA
190,69,checksum,ifs,FALSE,20,elitize_generation_data,189,32,0.423,NA
191,69,checksum,ifs,FALSE,20,elitize_generation_data,190,27,0.434,NA
192,69,checksum,ifs,FALSE,20,elitize_generation_data,191,35,0.436,NA
193,69,checksum,ifs,FALSE,20,elitize_generation_data,192,21,0.413,NA
194,69,checksum,ifs,FALSE,20,elitize_generation_data,193,27,0.439,NA
195,69,checksum,ifs,FALSE,20,elitize_generation_data,194,26,0.453,NA
196,69,checksum,ifs,FALSE,20,elitize_generation_data,195,36,0.473,NA
197,69,checksum,ifs,FALSE,20,elitize_generation_data,196,30,0.468,NA
198,69,checksum,ifs,FALSE,20,elitize_generation_data,197,28,0.455,NA
199,69,checksum,ifs,FALSE,20,elitize_generation_data,198,32,0.447,NA
200,69,checksum,ifs,FALSE,20,elitize_generation_data,199,26,0.399,NA
201,69,checksum,ifs,FALSE,20,elitize_generation_data,200,30,0.44,NA
202,69,checksum,ifs,FALSE,20,elitize_generation_data,201,26,0.417,NA
203,69,checksum,ifs,FALSE,20,elitize_generation_data,202,28,0.42,NA
204,69,checksum,ifs,FALSE,20,elitize_generation_data,203,38,0.447,NA
205,69,checksum,ifs,FALSE,20,elitize_generation_data,204,24,0.464,NA
206,69,checksum,ifs,FALSE,20,elitize_generation_data,205,31,0.463,NA
207,69,checksum,ifs,FALSE,20,elitize_generation_data,206,33,0.48,NA
208,69,checksum,ifs,FALSE,20,elitize_generation_data,207,35,0.48,NA
209,69,checksum,ifs,FALSE,20,elitize_generation_data,208,36,0.45,NA
210,69,checksum,ifs,FALSE,20,elitize_generation_data,209,37,0.482,NA
211,69,checksum,ifs,FALSE,20,elitize_generation_data,210,31,0.465,NA
212,69,checksum,ifs,FALSE,20,elitize_generation_data,211,36,0.449,NA
213,69,checksum,ifs,FALSE,20,elitize_generation_data,212,40,0.423,NA
214,69,checksum,ifs,FALSE,20,elitize_generation_data,213,34,0.448,NA
215,69,checksum,ifs,FALSE,20,elitize_generation_data,214,32,0.421,NA
216,69,checksum,ifs,FALSE,20,elitize_generation_data,215,26,0.442,NA
217,69,checksum,ifs,FALSE,20,elitize_generation_data,216,33,0.438,NA
218,69,checksum,ifs,FALSE,20,elitize_generation_data,217,40,0.434,NA
219,69,checksum,ifs,FALSE,20,elitize_generation_data,218,42,0.417,NA
220,69,checksum,ifs,FALSE,20,elitize_generation_data,219,33,0.437,NA
221,69,checksum,ifs,FALSE,20,elitize_generation_data,220,29,0.443,NA
222,69,checksum,ifs,FALSE,20,elitize_generation_data,221,26,0.427,NA
223,69,checksum,ifs,FALSE,20,elitize_generation_data,222,29,0.453,NA
224,69,checksum,ifs,FALSE,20,elitize_generation_data,223,50,0.442,NA
225,69,checksum,ifs,FALSE,20,elitize_generation_data,224,32,0.446,NA
226,69,checksum,ifs,FALSE,20,elitize_generation_data,225,33,0.429,NA
227,69,checksum,ifs,FALSE,20,elitize_generation_data,226,31,0.435,NA
228,69,checksum,ifs,FALSE,20,elitize_generation_data,227,46,0.444,NA
229,69,checksum,ifs,FALSE,20,elitize_generation_data,228,35,0.423,NA
230,69,checksum,ifs,FALSE,20,elitize_generation_data,229,47,0.468,NA
231,69,checksum,ifs,FALSE,20,elitize_generation_data,230,39,0.486,NA
232,69,checksum,ifs,FALSE,20,elitize_generation_data,231,51,0.494,NA
233,69,checksum,ifs,FALSE,20,elitize_generation_data,232,25,0.485,NA
234,69,checksum,ifs,FALSE,20,elitize_generation_data,233,46,0.467,NA
235,69,checksum,ifs,FALSE,20,elitize_generation_data,234,36,0.448,NA
236,69,checksum,ifs,FALSE,20,elitize_generation_data,235,32,0.495,NA
237,69,checksum,ifs,FALSE,20,elitize_generation_data,236,28,0.464,NA
238,69,checksum,ifs,FALSE,20,elitize_generation_data,237,39,0.489,NA
239,69,checksum,ifs,FALSE,20,elitize_generation_data,238,53,0.457,NA
240,69,checksum,ifs,FALSE,20,elitize_generation_data,239,42,0.46,NA
241,69,checksum,ifs,FALSE,20,elitize_generation_data,240,34,0.438,NA
242,69,checksum,ifs,FALSE,20,elitize_generation_data,241,31,0.452,NA
243,69,checksum,ifs,FALSE,20,elitize_generation_data,242,49,0.474,NA
244,69,checksum,ifs,FALSE,20,elitize_generation_data,243,35,0.465,NA
245,69,checksum,ifs,FALSE,20,elitize_generation_data,244,30,0.458,NA
246,69,checksum,ifs,FALSE,20,elitize_generation_data,245,36,0.451,NA
247,69,checksum,ifs,FALSE,20,elitize_generation_data,246,47,0.452,NA
248,69,checksum,ifs,FALSE,20,elitize_generation_data,247,52,0.463,NA
249,69,checksum,ifs,FALSE,20,elitize_generation_data,248,43,0.457,NA
250,69,checksum,ifs,FALSE,20,elitize_generation_data,249,33,0.45,NA
251,69,checksum,ifs,FALSE,20,elitize_generation_data,250,42,0.478,NA
252,69,checksum,ifs,FALSE,20,elitize_generation_data,251,48,0.462,NA
253,69,checksum,ifs,FALSE,20,elitize_generation_data,252,38,0.459,NA
254,69,checksum,ifs,FALSE,20,elitize_generation_data,253,38,0.466,NA
255,69,checksum,ifs,FALSE,20,elitize_generation_data,254,44,0.47,NA
256,69,checksum,ifs,FALSE,20,elitize_generation_data,255,41,0.478,NA
257,69,checksum,ifs,FALSE,20,elitize_generation_data,256,34,0.443,NA
258,69,checksum,ifs,FALSE,20,elitize_generation_data,257,50,0.466,NA
259,69,checksum,ifs,FALSE,20,elitize_generation_data,258,42,0.465,NA
260,69,checksum,ifs,FALSE,20,elitize_generation_data,259,29,0.481,NA
261,69,checksum,ifs,FALSE,20,elitize_generation_data,260,44,0.468,NA
262,69,checksum,ifs,FALSE,20,elitize_generation_data,261,36,0.468,NA
263,69,checksum,ifs,FALSE,20,elitize_generation_data,262,43,0.486,NA
264,69,checksum,ifs,FALSE,20,elitize_generation_data,263,34,0.473,NA
265,69,checksum,ifs,FALSE,20,elitize_generation_data,264,37,0.459,NA
266,69,checksum,ifs,FALSE,20,elitize_generation_data,265,37,0.465,NA
267,69,checksum,ifs,FALSE,20,elitize_generation_data,266,35,0.46,NA
268,69,checksum,ifs,FALSE,20,elitize_generation_data,267,48,0.464,NA
269,69,checksum,ifs,FALSE,20,elitize_generation_data,268,49,0.455,NA
270,69,checksum,ifs,FALSE,20,elitize_generation_data,269,41,0.473,NA
271,69,checksum,ifs,FALSE,20,elitize_generation_data,270,42,0.456,NA
272,69,checksum,ifs,FALSE,20,elitize_generation_data,271,33,0.472,NA
273,69,checksum,ifs,FALSE,20,elitize_generation_data,272,43,0.457,NA
274,69,checksum,ifs,FALSE,20,elitize_generation_data,273,41,0.506,NA
275,69,checksum,ifs,FALSE,20,elitize_generation_data,274,46,0.457,NA
276,69,checksum,ifs,FALSE,20,elitize_generation_data,275,42,0.443,NA
277,69,checksum,ifs,FALSE,20,elitize_generation_data,276,43,0.469,NA
278,69,checksum,ifs,FALSE,20,elitize_generation_data,277,41,0.455,NA
279,69,checksum,ifs,FALSE,20,elitize_generation_data,278,36,0.458,NA
280,69,checksum,ifs,FALSE,20,elitize_generation_data,279,44,0.45,NA
281,69,checksum,ifs,FALSE,20,elitize_generation_data,280,35,0.465,NA
282,69,checksum,ifs,FALSE,20,elitize_generation_data,281,39,0.453,NA
283,69,checksum,ifs,FALSE,20,elitize_generation_data,282,37,0.472,NA
284,69,checksum,ifs,FALSE,20,elitize_generation_data,283,40,0.459,NA
285,69,checksum,ifs,FALSE,20,elitize_generation_data,284,41,0.46,NA
286,69,checksum,ifs,FALSE,20,elitize_generation_data,285,49,0.47,NA
287,69,checksum,ifs,FALSE,20,elitize_generation_data,286,46,0.499,NA
288,69,checksum,ifs,FALSE,20,elitize_generation_data,287,33,0.464,NA
289,69,checksum,ifs,FALSE,20,elitize_generation_data,288,48,0.457,NA
290,69,checksum,ifs,FALSE,20,elitize_generation_data,289,46,0.433,NA
291,69,checksum,ifs,FALSE,20,elitize_generation_data,290,41,0.479,NA
292,69,checksum,ifs,FALSE,20,elitize_generation_data,291,42,0.465,NA
293,69,checksum,ifs,FALSE,20,elitize_generation_data,292,40,0.48,NA
294,69,checksum,ifs,FALSE,20,elitize_generation_data,293,35,0.49,NA
295,69,checksum,ifs,FALSE,20,elitize_generation_data,294,39,0.458,NA
296,69,checksum,ifs,FALSE,20,elitize_generation_data,295,33,0.468,NA
297,69,checksum,ifs,FALSE,20,elitize_generation_data,296,39,0.461,NA
298,69,checksum,ifs,FALSE,20,elitize_generation_data,297,43,0.466,NA
299,69,checksum,ifs,FALSE,20,elitize_generation_data,298,40,0.447,NA
300,69,checksum,ifs,FALSE,20,elitize_generation_data,299,38,0.479,NA
301,69,checksum,ifs,FALSE,20,elitize_generation_data,300,37,0.461,NA
