,run.num,problem,treatment,succeeded,height,normalization.function,generation,cluster.count,error.diversity,success.generation
1,93,checksum,ifs,FALSE,20,elitize_generation_data,0,2,0.309,NA
2,93,checksum,ifs,FALSE,20,elitize_generation_data,1,2,0.253,NA
3,93,checksum,ifs,FALSE,20,elitize_generation_data,2,2,0.125,NA
4,93,checksum,ifs,FALSE,20,elitize_generation_data,3,3,0.121,NA
5,93,checksum,ifs,FALSE,20,elitize_generation_data,4,4,0.147,NA
6,93,checksum,ifs,FALSE,20,elitize_generation_data,5,3,0.168,NA
7,93,checksum,ifs,FALSE,20,elitize_generation_data,6,2,0.147,NA
8,93,checksum,ifs,FALSE,20,elitize_generation_data,7,7,0.116,NA
9,93,checksum,ifs,FALSE,20,elitize_generation_data,8,7,0.06,NA
10,93,checksum,ifs,FALSE,20,elitize_generation_data,9,5,0.049,NA
11,93,checksum,ifs,FALSE,20,elitize_generation_data,10,7,0.051,NA
12,93,checksum,ifs,FALSE,20,elitize_generation_data,11,6,0.069,NA
13,93,checksum,ifs,FALSE,20,elitize_generation_data,12,2,0.082,NA
14,93,checksum,ifs,FALSE,20,elitize_generation_data,13,2,0.097,NA
15,93,checksum,ifs,FALSE,20,elitize_generation_data,14,2,0.116,NA
16,93,checksum,ifs,FALSE,20,elitize_generation_data,15,2,0.144,NA
17,93,checksum,ifs,FALSE,20,elitize_generation_data,16,2,0.155,NA
18,93,checksum,ifs,FALSE,20,elitize_generation_data,17,2,0.144,NA
19,93,checksum,ifs,FALSE,20,elitize_generation_data,18,2,0.143,NA
20,93,checksum,ifs,FALSE,20,elitize_generation_data,19,2,0.154,NA
21,93,checksum,ifs,FALSE,20,elitize_generation_data,20,2,0.156,NA
22,93,checksum,ifs,FALSE,20,elitize_generation_data,21,2,0.151,NA
23,93,checksum,ifs,FALSE,20,elitize_generation_data,22,1,0.164,NA
24,93,checksum,ifs,FALSE,20,elitize_generation_data,23,2,0.15,NA
25,93,checksum,ifs,FALSE,20,elitize_generation_data,24,1,0.158,NA
26,93,checksum,ifs,FALSE,20,elitize_generation_data,25,2,0.154,NA
27,93,checksum,ifs,FALSE,20,elitize_generation_data,26,2,0.16,NA
28,93,checksum,ifs,FALSE,20,elitize_generation_data,27,2,0.154,NA
29,93,checksum,ifs,FALSE,20,elitize_generation_data,28,2,0.168,NA
30,93,checksum,ifs,FALSE,20,elitize_generation_data,29,2,0.17,NA
31,93,checksum,ifs,FALSE,20,elitize_generation_data,30,1,0.19,NA
32,93,checksum,ifs,FALSE,20,elitize_generation_data,31,1,0.21,NA
33,93,checksum,ifs,FALSE,20,elitize_generation_data,32,2,0.211,NA
34,93,checksum,ifs,FALSE,20,elitize_generation_data,33,2,0.197,NA
35,93,checksum,ifs,FALSE,20,elitize_generation_data,34,2,0.202,NA
36,93,checksum,ifs,FALSE,20,elitize_generation_data,35,2,0.185,NA
37,93,checksum,ifs,FALSE,20,elitize_generation_data,36,2,0.214,NA
38,93,checksum,ifs,FALSE,20,elitize_generation_data,37,2,0.19,NA
39,93,checksum,ifs,FALSE,20,elitize_generation_data,38,2,0.198,NA
40,93,checksum,ifs,FALSE,20,elitize_generation_data,39,2,0.207,NA
41,93,checksum,ifs,FALSE,20,elitize_generation_data,40,2,0.202,NA
42,93,checksum,ifs,FALSE,20,elitize_generation_data,41,2,0.197,NA
43,93,checksum,ifs,FALSE,20,elitize_generation_data,42,2,0.18,NA
44,93,checksum,ifs,FALSE,20,elitize_generation_data,43,2,0.198,NA
45,93,checksum,ifs,FALSE,20,elitize_generation_data,44,2,0.213,NA
46,93,checksum,ifs,FALSE,20,elitize_generation_data,45,2,0.198,NA
47,93,checksum,ifs,FALSE,20,elitize_generation_data,46,2,0.212,NA
48,93,checksum,ifs,FALSE,20,elitize_generation_data,47,2,0.21,NA
49,93,checksum,ifs,FALSE,20,elitize_generation_data,48,2,0.219,NA
50,93,checksum,ifs,FALSE,20,elitize_generation_data,49,2,0.214,NA
51,93,checksum,ifs,FALSE,20,elitize_generation_data,50,2,0.22,NA
52,93,checksum,ifs,FALSE,20,elitize_generation_data,51,3,0.212,NA
53,93,checksum,ifs,FALSE,20,elitize_generation_data,52,2,0.204,NA
54,93,checksum,ifs,FALSE,20,elitize_generation_data,53,1,0.23,NA
55,93,checksum,ifs,FALSE,20,elitize_generation_data,54,2,0.237,NA
56,93,checksum,ifs,FALSE,20,elitize_generation_data,55,2,0.224,NA
57,93,checksum,ifs,FALSE,20,elitize_generation_data,56,2,0.211,NA
58,93,checksum,ifs,FALSE,20,elitize_generation_data,57,2,0.19,NA
59,93,checksum,ifs,FALSE,20,elitize_generation_data,58,2,0.18,NA
60,93,checksum,ifs,FALSE,20,elitize_generation_data,59,2,0.199,NA
61,93,checksum,ifs,FALSE,20,elitize_generation_data,60,2,0.214,NA
62,93,checksum,ifs,FALSE,20,elitize_generation_data,61,2,0.196,NA
63,93,checksum,ifs,FALSE,20,elitize_generation_data,62,2,0.227,NA
64,93,checksum,ifs,FALSE,20,elitize_generation_data,63,2,0.221,NA
65,93,checksum,ifs,FALSE,20,elitize_generation_data,64,2,0.227,NA
66,93,checksum,ifs,FALSE,20,elitize_generation_data,65,2,0.204,NA
67,93,checksum,ifs,FALSE,20,elitize_generation_data,66,2,0.216,NA
68,93,checksum,ifs,FALSE,20,elitize_generation_data,67,2,0.234,NA
69,93,checksum,ifs,FALSE,20,elitize_generation_data,68,2,0.225,NA
70,93,checksum,ifs,FALSE,20,elitize_generation_data,69,2,0.234,NA
71,93,checksum,ifs,FALSE,20,elitize_generation_data,70,2,0.214,NA
72,93,checksum,ifs,FALSE,20,elitize_generation_data,71,2,0.23,NA
73,93,checksum,ifs,FALSE,20,elitize_generation_data,72,2,0.217,NA
74,93,checksum,ifs,FALSE,20,elitize_generation_data,73,2,0.206,NA
75,93,checksum,ifs,FALSE,20,elitize_generation_data,74,2,0.221,NA
76,93,checksum,ifs,FALSE,20,elitize_generation_data,75,2,0.213,NA
77,93,checksum,ifs,FALSE,20,elitize_generation_data,76,2,0.221,NA
78,93,checksum,ifs,FALSE,20,elitize_generation_data,77,3,0.224,NA
79,93,checksum,ifs,FALSE,20,elitize_generation_data,78,2,0.239,NA
80,93,checksum,ifs,FALSE,20,elitize_generation_data,79,2,0.223,NA
81,93,checksum,ifs,FALSE,20,elitize_generation_data,80,2,0.253,NA
82,93,checksum,ifs,FALSE,20,elitize_generation_data,81,2,0.232,NA
83,93,checksum,ifs,FALSE,20,elitize_generation_data,82,2,0.201,NA
84,93,checksum,ifs,FALSE,20,elitize_generation_data,83,2,0.186,NA
85,93,checksum,ifs,FALSE,20,elitize_generation_data,84,2,0.18,NA
86,93,checksum,ifs,FALSE,20,elitize_generation_data,85,2,0.183,NA
87,93,checksum,ifs,FALSE,20,elitize_generation_data,86,2,0.195,NA
88,93,checksum,ifs,FALSE,20,elitize_generation_data,87,3,0.178,NA
89,93,checksum,ifs,FALSE,20,elitize_generation_data,88,2,0.207,NA
90,93,checksum,ifs,FALSE,20,elitize_generation_data,89,2,0.228,NA
91,93,checksum,ifs,FALSE,20,elitize_generation_data,90,2,0.235,NA
92,93,checksum,ifs,FALSE,20,elitize_generation_data,91,2,0.24,NA
93,93,checksum,ifs,FALSE,20,elitize_generation_data,92,2,0.246,NA
94,93,checksum,ifs,FALSE,20,elitize_generation_data,93,2,0.238,NA
95,93,checksum,ifs,FALSE,20,elitize_generation_data,94,3,0.258,NA
96,93,checksum,ifs,FALSE,20,elitize_generation_data,95,3,0.25,NA
97,93,checksum,ifs,FALSE,20,elitize_generation_data,96,2,0.253,NA
98,93,checksum,ifs,FALSE,20,elitize_generation_data,97,2,0.238,NA
99,93,checksum,ifs,FALSE,20,elitize_generation_data,98,3,0.263,NA
100,93,checksum,ifs,FALSE,20,elitize_generation_data,99,3,0.261,NA
101,93,checksum,ifs,FALSE,20,elitize_generation_data,100,3,0.287,NA
102,93,checksum,ifs,FALSE,20,elitize_generation_data,101,4,0.332,NA
103,93,checksum,ifs,FALSE,20,elitize_generation_data,102,4,0.325,NA
104,93,checksum,ifs,FALSE,20,elitize_generation_data,103,3,0.334,NA
105,93,checksum,ifs,FALSE,20,elitize_generation_data,104,3,0.357,NA
106,93,checksum,ifs,FALSE,20,elitize_generation_data,105,4,0.346,NA
107,93,checksum,ifs,FALSE,20,elitize_generation_data,106,3,0.366,NA
108,93,checksum,ifs,FALSE,20,elitize_generation_data,107,3,0.378,NA
109,93,checksum,ifs,FALSE,20,elitize_generation_data,108,5,0.428,NA
110,93,checksum,ifs,FALSE,20,elitize_generation_data,109,3,0.496,NA
111,93,checksum,ifs,FALSE,20,elitize_generation_data,110,3,0.523,NA
112,93,checksum,ifs,FALSE,20,elitize_generation_data,111,4,0.502,NA
113,93,checksum,ifs,FALSE,20,elitize_generation_data,112,3,0.55,NA
114,93,checksum,ifs,FALSE,20,elitize_generation_data,113,4,0.495,NA
115,93,checksum,ifs,FALSE,20,elitize_generation_data,114,4,0.506,NA
116,93,checksum,ifs,FALSE,20,elitize_generation_data,115,4,0.512,NA
117,93,checksum,ifs,FALSE,20,elitize_generation_data,116,3,0.515,NA
118,93,checksum,ifs,FALSE,20,elitize_generation_data,117,4,0.538,NA
119,93,checksum,ifs,FALSE,20,elitize_generation_data,118,3,0.546,NA
120,93,checksum,ifs,FALSE,20,elitize_generation_data,119,3,0.555,NA
121,93,checksum,ifs,FALSE,20,elitize_generation_data,120,5,0.514,NA
122,93,checksum,ifs,FALSE,20,elitize_generation_data,121,4,0.491,NA
123,93,checksum,ifs,FALSE,20,elitize_generation_data,122,3,0.502,NA
124,93,checksum,ifs,FALSE,20,elitize_generation_data,123,3,0.508,NA
125,93,checksum,ifs,FALSE,20,elitize_generation_data,124,4,0.522,NA
126,93,checksum,ifs,FALSE,20,elitize_generation_data,125,6,0.529,NA
127,93,checksum,ifs,FALSE,20,elitize_generation_data,126,3,0.527,NA
128,93,checksum,ifs,FALSE,20,elitize_generation_data,127,5,0.5,NA
129,93,checksum,ifs,FALSE,20,elitize_generation_data,128,4,0.495,NA
130,93,checksum,ifs,FALSE,20,elitize_generation_data,129,4,0.486,NA
131,93,checksum,ifs,FALSE,20,elitize_generation_data,130,4,0.468,NA
132,93,checksum,ifs,FALSE,20,elitize_generation_data,131,4,0.479,NA
133,93,checksum,ifs,FALSE,20,elitize_generation_data,132,3,0.478,NA
134,93,checksum,ifs,FALSE,20,elitize_generation_data,133,2,0.463,NA
135,93,checksum,ifs,FALSE,20,elitize_generation_data,134,4,0.495,NA
136,93,checksum,ifs,FALSE,20,elitize_generation_data,135,4,0.476,NA
137,93,checksum,ifs,FALSE,20,elitize_generation_data,136,4,0.483,NA
138,93,checksum,ifs,FALSE,20,elitize_generation_data,137,3,0.465,NA
139,93,checksum,ifs,FALSE,20,elitize_generation_data,138,3,0.482,NA
140,93,checksum,ifs,FALSE,20,elitize_generation_data,139,3,0.48,NA
141,93,checksum,ifs,FALSE,20,elitize_generation_data,140,3,0.457,NA
142,93,checksum,ifs,FALSE,20,elitize_generation_data,141,4,0.457,NA
143,93,checksum,ifs,FALSE,20,elitize_generation_data,142,4,0.473,NA
144,93,checksum,ifs,FALSE,20,elitize_generation_data,143,2,0.455,NA
145,93,checksum,ifs,FALSE,20,elitize_generation_data,144,5,0.476,NA
146,93,checksum,ifs,FALSE,20,elitize_generation_data,145,4,0.45,NA
147,93,checksum,ifs,FALSE,20,elitize_generation_data,146,3,0.473,NA
148,93,checksum,ifs,FALSE,20,elitize_generation_data,147,3,0.465,NA
149,93,checksum,ifs,FALSE,20,elitize_generation_data,148,4,0.457,NA
150,93,checksum,ifs,FALSE,20,elitize_generation_data,149,5,0.455,NA
151,93,checksum,ifs,FALSE,20,elitize_generation_data,150,4,0.476,NA
152,93,checksum,ifs,FALSE,20,elitize_generation_data,151,3,0.493,NA
153,93,checksum,ifs,FALSE,20,elitize_generation_data,152,2,0.464,NA
154,93,checksum,ifs,FALSE,20,elitize_generation_data,153,4,0.468,NA
155,93,checksum,ifs,FALSE,20,elitize_generation_data,154,4,0.459,NA
156,93,checksum,ifs,FALSE,20,elitize_generation_data,155,2,0.503,NA
157,93,checksum,ifs,FALSE,20,elitize_generation_data,156,5,0.496,NA
158,93,checksum,ifs,FALSE,20,elitize_generation_data,157,4,0.491,NA
159,93,checksum,ifs,FALSE,20,elitize_generation_data,158,4,0.481,NA
160,93,checksum,ifs,FALSE,20,elitize_generation_data,159,4,0.462,NA
161,93,checksum,ifs,FALSE,20,elitize_generation_data,160,4,0.44,NA
162,93,checksum,ifs,FALSE,20,elitize_generation_data,161,4,0.434,NA
163,93,checksum,ifs,FALSE,20,elitize_generation_data,162,2,0.447,NA
164,93,checksum,ifs,FALSE,20,elitize_generation_data,163,4,0.471,NA
165,93,checksum,ifs,FALSE,20,elitize_generation_data,164,4,0.455,NA
166,93,checksum,ifs,FALSE,20,elitize_generation_data,165,4,0.484,NA
167,93,checksum,ifs,FALSE,20,elitize_generation_data,166,4,0.442,NA
168,93,checksum,ifs,FALSE,20,elitize_generation_data,167,4,0.464,NA
169,93,checksum,ifs,FALSE,20,elitize_generation_data,168,4,0.441,NA
170,93,checksum,ifs,FALSE,20,elitize_generation_data,169,3,0.476,NA
171,93,checksum,ifs,FALSE,20,elitize_generation_data,170,4,0.488,NA
172,93,checksum,ifs,FALSE,20,elitize_generation_data,171,4,0.461,NA
173,93,checksum,ifs,FALSE,20,elitize_generation_data,172,4,0.445,NA
174,93,checksum,ifs,FALSE,20,elitize_generation_data,173,4,0.444,NA
175,93,checksum,ifs,FALSE,20,elitize_generation_data,174,4,0.472,NA
176,93,checksum,ifs,FALSE,20,elitize_generation_data,175,4,0.456,NA
177,93,checksum,ifs,FALSE,20,elitize_generation_data,176,3,0.467,NA
178,93,checksum,ifs,FALSE,20,elitize_generation_data,177,4,0.444,NA
179,93,checksum,ifs,FALSE,20,elitize_generation_data,178,4,0.447,NA
180,93,checksum,ifs,FALSE,20,elitize_generation_data,179,4,0.45,NA
181,93,checksum,ifs,FALSE,20,elitize_generation_data,180,4,0.439,NA
182,93,checksum,ifs,FALSE,20,elitize_generation_data,181,5,0.423,NA
183,93,checksum,ifs,FALSE,20,elitize_generation_data,182,4,0.449,NA
184,93,checksum,ifs,FALSE,20,elitize_generation_data,183,3,0.44,NA
185,93,checksum,ifs,FALSE,20,elitize_generation_data,184,4,0.471,NA
186,93,checksum,ifs,FALSE,20,elitize_generation_data,185,4,0.444,NA
187,93,checksum,ifs,FALSE,20,elitize_generation_data,186,4,0.448,NA
188,93,checksum,ifs,FALSE,20,elitize_generation_data,187,3,0.458,NA
189,93,checksum,ifs,FALSE,20,elitize_generation_data,188,4,0.453,NA
190,93,checksum,ifs,FALSE,20,elitize_generation_data,189,5,0.478,NA
191,93,checksum,ifs,FALSE,20,elitize_generation_data,190,4,0.45,NA
192,93,checksum,ifs,FALSE,20,elitize_generation_data,191,3,0.447,NA
193,93,checksum,ifs,FALSE,20,elitize_generation_data,192,2,0.443,NA
194,93,checksum,ifs,FALSE,20,elitize_generation_data,193,2,0.437,NA
195,93,checksum,ifs,FALSE,20,elitize_generation_data,194,3,0.442,NA
196,93,checksum,ifs,FALSE,20,elitize_generation_data,195,3,0.421,NA
197,93,checksum,ifs,FALSE,20,elitize_generation_data,196,2,0.439,NA
198,93,checksum,ifs,FALSE,20,elitize_generation_data,197,3,0.425,NA
199,93,checksum,ifs,FALSE,20,elitize_generation_data,198,2,0.462,NA
200,93,checksum,ifs,FALSE,20,elitize_generation_data,199,3,0.446,NA
201,93,checksum,ifs,FALSE,20,elitize_generation_data,200,4,0.435,NA
202,93,checksum,ifs,FALSE,20,elitize_generation_data,201,4,0.436,NA
203,93,checksum,ifs,FALSE,20,elitize_generation_data,202,4,0.444,NA
204,93,checksum,ifs,FALSE,20,elitize_generation_data,203,6,0.433,NA
205,93,checksum,ifs,FALSE,20,elitize_generation_data,204,3,0.448,NA
206,93,checksum,ifs,FALSE,20,elitize_generation_data,205,4,0.437,NA
207,93,checksum,ifs,FALSE,20,elitize_generation_data,206,3,0.456,NA
208,93,checksum,ifs,FALSE,20,elitize_generation_data,207,4,0.461,NA
209,93,checksum,ifs,FALSE,20,elitize_generation_data,208,2,0.445,NA
210,93,checksum,ifs,FALSE,20,elitize_generation_data,209,4,0.443,NA
211,93,checksum,ifs,FALSE,20,elitize_generation_data,210,2,0.467,NA
212,93,checksum,ifs,FALSE,20,elitize_generation_data,211,2,0.477,NA
213,93,checksum,ifs,FALSE,20,elitize_generation_data,212,2,0.459,NA
214,93,checksum,ifs,FALSE,20,elitize_generation_data,213,3,0.495,NA
215,93,checksum,ifs,FALSE,20,elitize_generation_data,214,2,0.512,NA
216,93,checksum,ifs,FALSE,20,elitize_generation_data,215,2,0.489,NA
217,93,checksum,ifs,FALSE,20,elitize_generation_data,216,3,0.481,NA
218,93,checksum,ifs,FALSE,20,elitize_generation_data,217,2,0.498,NA
219,93,checksum,ifs,FALSE,20,elitize_generation_data,218,2,0.5,NA
220,93,checksum,ifs,FALSE,20,elitize_generation_data,219,2,0.491,NA
221,93,checksum,ifs,FALSE,20,elitize_generation_data,220,3,0.49,NA
222,93,checksum,ifs,FALSE,20,elitize_generation_data,221,2,0.496,NA
223,93,checksum,ifs,FALSE,20,elitize_generation_data,222,3,0.477,NA
224,93,checksum,ifs,FALSE,20,elitize_generation_data,223,3,0.486,NA
225,93,checksum,ifs,FALSE,20,elitize_generation_data,224,2,0.466,NA
226,93,checksum,ifs,FALSE,20,elitize_generation_data,225,3,0.506,NA
227,93,checksum,ifs,FALSE,20,elitize_generation_data,226,2,0.457,NA
228,93,checksum,ifs,FALSE,20,elitize_generation_data,227,2,0.482,NA
229,93,checksum,ifs,FALSE,20,elitize_generation_data,228,2,0.496,NA
230,93,checksum,ifs,FALSE,20,elitize_generation_data,229,2,0.487,NA
231,93,checksum,ifs,FALSE,20,elitize_generation_data,230,2,0.498,NA
232,93,checksum,ifs,FALSE,20,elitize_generation_data,231,3,0.512,NA
233,93,checksum,ifs,FALSE,20,elitize_generation_data,232,2,0.518,NA
234,93,checksum,ifs,FALSE,20,elitize_generation_data,233,3,0.484,NA
235,93,checksum,ifs,FALSE,20,elitize_generation_data,234,3,0.466,NA
236,93,checksum,ifs,FALSE,20,elitize_generation_data,235,3,0.48,NA
237,93,checksum,ifs,FALSE,20,elitize_generation_data,236,2,0.533,NA
238,93,checksum,ifs,FALSE,20,elitize_generation_data,237,5,0.514,NA
239,93,checksum,ifs,FALSE,20,elitize_generation_data,238,3,0.536,NA
240,93,checksum,ifs,FALSE,20,elitize_generation_data,239,2,0.542,NA
241,93,checksum,ifs,FALSE,20,elitize_generation_data,240,4,0.53,NA
242,93,checksum,ifs,FALSE,20,elitize_generation_data,241,2,0.533,NA
243,93,checksum,ifs,FALSE,20,elitize_generation_data,242,3,0.519,NA
244,93,checksum,ifs,FALSE,20,elitize_generation_data,243,2,0.523,NA
245,93,checksum,ifs,FALSE,20,elitize_generation_data,244,3,0.516,NA
246,93,checksum,ifs,FALSE,20,elitize_generation_data,245,2,0.512,NA
247,93,checksum,ifs,FALSE,20,elitize_generation_data,246,3,0.511,NA
248,93,checksum,ifs,FALSE,20,elitize_generation_data,247,2,0.541,NA
249,93,checksum,ifs,FALSE,20,elitize_generation_data,248,3,0.524,NA
250,93,checksum,ifs,FALSE,20,elitize_generation_data,249,3,0.508,NA
251,93,checksum,ifs,FALSE,20,elitize_generation_data,250,2,0.525,NA
252,93,checksum,ifs,FALSE,20,elitize_generation_data,251,2,0.507,NA
253,93,checksum,ifs,FALSE,20,elitize_generation_data,252,2,0.515,NA
254,93,checksum,ifs,FALSE,20,elitize_generation_data,253,3,0.549,NA
255,93,checksum,ifs,FALSE,20,elitize_generation_data,254,2,0.578,NA
256,93,checksum,ifs,FALSE,20,elitize_generation_data,255,2,0.62,NA
257,93,checksum,ifs,FALSE,20,elitize_generation_data,256,3,0.579,NA
258,93,checksum,ifs,FALSE,20,elitize_generation_data,257,2,0.587,NA
259,93,checksum,ifs,FALSE,20,elitize_generation_data,258,2,0.593,NA
260,93,checksum,ifs,FALSE,20,elitize_generation_data,259,2,0.601,NA
261,93,checksum,ifs,FALSE,20,elitize_generation_data,260,3,0.589,NA
262,93,checksum,ifs,FALSE,20,elitize_generation_data,261,3,0.575,NA
263,93,checksum,ifs,FALSE,20,elitize_generation_data,262,2,0.61,NA
264,93,checksum,ifs,FALSE,20,elitize_generation_data,263,3,0.62,NA
265,93,checksum,ifs,FALSE,20,elitize_generation_data,264,2,0.615,NA
266,93,checksum,ifs,FALSE,20,elitize_generation_data,265,2,0.621,NA
267,93,checksum,ifs,FALSE,20,elitize_generation_data,266,3,0.579,NA
268,93,checksum,ifs,FALSE,20,elitize_generation_data,267,2,0.604,NA
269,93,checksum,ifs,FALSE,20,elitize_generation_data,268,3,0.619,NA
270,93,checksum,ifs,FALSE,20,elitize_generation_data,269,2,0.618,NA
271,93,checksum,ifs,FALSE,20,elitize_generation_data,270,3,0.62,NA
272,93,checksum,ifs,FALSE,20,elitize_generation_data,271,4,0.621,NA
273,93,checksum,ifs,FALSE,20,elitize_generation_data,272,4,0.576,NA
274,93,checksum,ifs,FALSE,20,elitize_generation_data,273,2,0.595,NA
275,93,checksum,ifs,FALSE,20,elitize_generation_data,274,2,0.59,NA
276,93,checksum,ifs,FALSE,20,elitize_generation_data,275,2,0.584,NA
277,93,checksum,ifs,FALSE,20,elitize_generation_data,276,3,0.604,NA
278,93,checksum,ifs,FALSE,20,elitize_generation_data,277,3,0.585,NA
279,93,checksum,ifs,FALSE,20,elitize_generation_data,278,2,0.584,NA
280,93,checksum,ifs,FALSE,20,elitize_generation_data,279,2,0.593,NA
281,93,checksum,ifs,FALSE,20,elitize_generation_data,280,2,0.612,NA
282,93,checksum,ifs,FALSE,20,elitize_generation_data,281,2,0.622,NA
283,93,checksum,ifs,FALSE,20,elitize_generation_data,282,2,0.631,NA
284,93,checksum,ifs,FALSE,20,elitize_generation_data,283,2,0.661,NA
285,93,checksum,ifs,FALSE,20,elitize_generation_data,284,2,0.624,NA
286,93,checksum,ifs,FALSE,20,elitize_generation_data,285,2,0.615,NA
287,93,checksum,ifs,FALSE,20,elitize_generation_data,286,3,0.607,NA
288,93,checksum,ifs,FALSE,20,elitize_generation_data,287,3,0.616,NA
289,93,checksum,ifs,FALSE,20,elitize_generation_data,288,3,0.619,NA
290,93,checksum,ifs,FALSE,20,elitize_generation_data,289,2,0.606,NA
291,93,checksum,ifs,FALSE,20,elitize_generation_data,290,3,0.618,NA
292,93,checksum,ifs,FALSE,20,elitize_generation_data,291,2,0.639,NA
293,93,checksum,ifs,FALSE,20,elitize_generation_data,292,4,0.638,NA
294,93,checksum,ifs,FALSE,20,elitize_generation_data,293,2,0.64,NA
295,93,checksum,ifs,FALSE,20,elitize_generation_data,294,2,0.617,NA
296,93,checksum,ifs,FALSE,20,elitize_generation_data,295,3,0.628,NA
297,93,checksum,ifs,FALSE,20,elitize_generation_data,296,2,0.654,NA
298,93,checksum,ifs,FALSE,20,elitize_generation_data,297,2,0.65,NA
299,93,checksum,ifs,FALSE,20,elitize_generation_data,298,3,0.644,NA
300,93,checksum,ifs,FALSE,20,elitize_generation_data,299,3,0.632,NA
301,93,checksum,ifs,FALSE,20,elitize_generation_data,300,3,0.639,NA
