,run.num,problem,treatment,succeeded,height,normalization.function,generation,cluster.count,error.diversity,success.generation
1,10,checksum,ifs,FALSE,20,elitize_generation_data,0,2,0.315,NA
2,10,checksum,ifs,FALSE,20,elitize_generation_data,1,2,0.268,NA
3,10,checksum,ifs,FALSE,20,elitize_generation_data,2,2,0.176,NA
4,10,checksum,ifs,FALSE,20,elitize_generation_data,3,3,0.185,NA
5,10,checksum,ifs,FALSE,20,elitize_generation_data,4,4,0.224,NA
6,10,checksum,ifs,FALSE,20,elitize_generation_data,5,5,0.178,NA
7,10,checksum,ifs,FALSE,20,elitize_generation_data,6,4,0.209,NA
8,10,checksum,ifs,FALSE,20,elitize_generation_data,7,6,0.215,NA
9,10,checksum,ifs,FALSE,20,elitize_generation_data,8,7,0.16,NA
10,10,checksum,ifs,FALSE,20,elitize_generation_data,9,7,0.09,NA
11,10,checksum,ifs,FALSE,20,elitize_generation_data,10,6,0.08,NA
12,10,checksum,ifs,FALSE,20,elitize_generation_data,11,5,0.075,NA
13,10,checksum,ifs,FALSE,20,elitize_generation_data,12,7,0.079,NA
14,10,checksum,ifs,FALSE,20,elitize_generation_data,13,6,0.08,NA
15,10,checksum,ifs,FALSE,20,elitize_generation_data,14,6,0.07,NA
16,10,checksum,ifs,FALSE,20,elitize_generation_data,15,5,0.088,NA
17,10,checksum,ifs,FALSE,20,elitize_generation_data,16,6,0.068,NA
18,10,checksum,ifs,FALSE,20,elitize_generation_data,17,5,0.074,NA
19,10,checksum,ifs,FALSE,20,elitize_generation_data,18,6,0.078,NA
20,10,checksum,ifs,FALSE,20,elitize_generation_data,19,7,0.093,NA
21,10,checksum,ifs,FALSE,20,elitize_generation_data,20,5,0.095,NA
22,10,checksum,ifs,FALSE,20,elitize_generation_data,21,9,0.125,NA
23,10,checksum,ifs,FALSE,20,elitize_generation_data,22,12,0.175,NA
24,10,checksum,ifs,FALSE,20,elitize_generation_data,23,10,0.173,NA
25,10,checksum,ifs,FALSE,20,elitize_generation_data,24,9,0.178,NA
26,10,checksum,ifs,FALSE,20,elitize_generation_data,25,10,0.194,NA
27,10,checksum,ifs,FALSE,20,elitize_generation_data,26,9,0.197,NA
28,10,checksum,ifs,FALSE,20,elitize_generation_data,27,12,0.251,NA
29,10,checksum,ifs,FALSE,20,elitize_generation_data,28,11,0.271,NA
30,10,checksum,ifs,FALSE,20,elitize_generation_data,29,16,0.257,NA
31,10,checksum,ifs,FALSE,20,elitize_generation_data,30,11,0.218,NA
32,10,checksum,ifs,FALSE,20,elitize_generation_data,31,11,0.169,NA
33,10,checksum,ifs,FALSE,20,elitize_generation_data,32,8,0.177,NA
34,10,checksum,ifs,FALSE,20,elitize_generation_data,33,11,0.181,NA
35,10,checksum,ifs,FALSE,20,elitize_generation_data,34,12,0.217,NA
36,10,checksum,ifs,FALSE,20,elitize_generation_data,35,10,0.239,NA
37,10,checksum,ifs,FALSE,20,elitize_generation_data,36,19,0.258,NA
38,10,checksum,ifs,FALSE,20,elitize_generation_data,37,11,0.239,NA
39,10,checksum,ifs,FALSE,20,elitize_generation_data,38,13,0.222,NA
40,10,checksum,ifs,FALSE,20,elitize_generation_data,39,10,0.247,NA
41,10,checksum,ifs,FALSE,20,elitize_generation_data,40,10,0.218,NA
42,10,checksum,ifs,FALSE,20,elitize_generation_data,41,12,0.251,NA
43,10,checksum,ifs,FALSE,20,elitize_generation_data,42,15,0.194,NA
44,10,checksum,ifs,FALSE,20,elitize_generation_data,43,11,0.199,NA
45,10,checksum,ifs,FALSE,20,elitize_generation_data,44,11,0.197,NA
46,10,checksum,ifs,FALSE,20,elitize_generation_data,45,11,0.207,NA
47,10,checksum,ifs,FALSE,20,elitize_generation_data,46,12,0.205,NA
48,10,checksum,ifs,FALSE,20,elitize_generation_data,47,16,0.219,NA
49,10,checksum,ifs,FALSE,20,elitize_generation_data,48,14,0.239,NA
50,10,checksum,ifs,FALSE,20,elitize_generation_data,49,12,0.238,NA
51,10,checksum,ifs,FALSE,20,elitize_generation_data,50,12,0.22,NA
52,10,checksum,ifs,FALSE,20,elitize_generation_data,51,10,0.229,NA
53,10,checksum,ifs,FALSE,20,elitize_generation_data,52,12,0.222,NA
54,10,checksum,ifs,FALSE,20,elitize_generation_data,53,14,0.227,NA
55,10,checksum,ifs,FALSE,20,elitize_generation_data,54,12,0.209,NA
56,10,checksum,ifs,FALSE,20,elitize_generation_data,55,11,0.209,NA
57,10,checksum,ifs,FALSE,20,elitize_generation_data,56,14,0.218,NA
58,10,checksum,ifs,FALSE,20,elitize_generation_data,57,10,0.209,NA
59,10,checksum,ifs,FALSE,20,elitize_generation_data,58,11,0.234,NA
60,10,checksum,ifs,FALSE,20,elitize_generation_data,59,12,0.233,NA
61,10,checksum,ifs,FALSE,20,elitize_generation_data,60,12,0.229,NA
62,10,checksum,ifs,FALSE,20,elitize_generation_data,61,10,0.214,NA
63,10,checksum,ifs,FALSE,20,elitize_generation_data,62,11,0.224,NA
64,10,checksum,ifs,FALSE,20,elitize_generation_data,63,10,0.212,NA
65,10,checksum,ifs,FALSE,20,elitize_generation_data,64,10,0.215,NA
66,10,checksum,ifs,FALSE,20,elitize_generation_data,65,10,0.212,NA
67,10,checksum,ifs,FALSE,20,elitize_generation_data,66,9,0.213,NA
68,10,checksum,ifs,FALSE,20,elitize_generation_data,67,10,0.208,NA
69,10,checksum,ifs,FALSE,20,elitize_generation_data,68,11,0.229,NA
70,10,checksum,ifs,FALSE,20,elitize_generation_data,69,10,0.224,NA
71,10,checksum,ifs,FALSE,20,elitize_generation_data,70,16,0.218,NA
72,10,checksum,ifs,FALSE,20,elitize_generation_data,71,14,0.223,NA
73,10,checksum,ifs,FALSE,20,elitize_generation_data,72,10,0.215,NA
74,10,checksum,ifs,FALSE,20,elitize_generation_data,73,13,0.214,NA
75,10,checksum,ifs,FALSE,20,elitize_generation_data,74,10,0.214,NA
76,10,checksum,ifs,FALSE,20,elitize_generation_data,75,11,0.214,NA
77,10,checksum,ifs,FALSE,20,elitize_generation_data,76,11,0.214,NA
78,10,checksum,ifs,FALSE,20,elitize_generation_data,77,12,0.231,NA
79,10,checksum,ifs,FALSE,20,elitize_generation_data,78,9,0.257,NA
80,10,checksum,ifs,FALSE,20,elitize_generation_data,79,15,0.223,NA
81,10,checksum,ifs,FALSE,20,elitize_generation_data,80,14,0.228,NA
82,10,checksum,ifs,FALSE,20,elitize_generation_data,81,12,0.263,NA
83,10,checksum,ifs,FALSE,20,elitize_generation_data,82,14,0.252,NA
84,10,checksum,ifs,FALSE,20,elitize_generation_data,83,10,0.237,NA
85,10,checksum,ifs,FALSE,20,elitize_generation_data,84,15,0.234,NA
86,10,checksum,ifs,FALSE,20,elitize_generation_data,85,14,0.239,NA
87,10,checksum,ifs,FALSE,20,elitize_generation_data,86,12,0.249,NA
88,10,checksum,ifs,FALSE,20,elitize_generation_data,87,14,0.227,NA
89,10,checksum,ifs,FALSE,20,elitize_generation_data,88,14,0.234,NA
90,10,checksum,ifs,FALSE,20,elitize_generation_data,89,12,0.228,NA
91,10,checksum,ifs,FALSE,20,elitize_generation_data,90,14,0.246,NA
92,10,checksum,ifs,FALSE,20,elitize_generation_data,91,16,0.229,NA
93,10,checksum,ifs,FALSE,20,elitize_generation_data,92,9,0.218,NA
94,10,checksum,ifs,FALSE,20,elitize_generation_data,93,16,0.212,NA
95,10,checksum,ifs,FALSE,20,elitize_generation_data,94,11,0.222,NA
96,10,checksum,ifs,FALSE,20,elitize_generation_data,95,12,0.236,NA
97,10,checksum,ifs,FALSE,20,elitize_generation_data,96,9,0.237,NA
98,10,checksum,ifs,FALSE,20,elitize_generation_data,97,13,0.218,NA
99,10,checksum,ifs,FALSE,20,elitize_generation_data,98,10,0.193,NA
100,10,checksum,ifs,FALSE,20,elitize_generation_data,99,10,0.182,NA
101,10,checksum,ifs,FALSE,20,elitize_generation_data,100,8,0.186,NA
102,10,checksum,ifs,FALSE,20,elitize_generation_data,101,12,0.183,NA
103,10,checksum,ifs,FALSE,20,elitize_generation_data,102,8,0.189,NA
104,10,checksum,ifs,FALSE,20,elitize_generation_data,103,12,0.203,NA
105,10,checksum,ifs,FALSE,20,elitize_generation_data,104,11,0.188,NA
106,10,checksum,ifs,FALSE,20,elitize_generation_data,105,10,0.2,NA
107,10,checksum,ifs,FALSE,20,elitize_generation_data,106,9,0.224,NA
108,10,checksum,ifs,FALSE,20,elitize_generation_data,107,10,0.234,NA
109,10,checksum,ifs,FALSE,20,elitize_generation_data,108,10,0.261,NA
110,10,checksum,ifs,FALSE,20,elitize_generation_data,109,9,0.261,NA
111,10,checksum,ifs,FALSE,20,elitize_generation_data,110,9,0.282,NA
112,10,checksum,ifs,FALSE,20,elitize_generation_data,111,12,0.305,NA
113,10,checksum,ifs,FALSE,20,elitize_generation_data,112,12,0.29,NA
114,10,checksum,ifs,FALSE,20,elitize_generation_data,113,13,0.281,NA
115,10,checksum,ifs,FALSE,20,elitize_generation_data,114,14,0.285,NA
116,10,checksum,ifs,FALSE,20,elitize_generation_data,115,10,0.277,NA
117,10,checksum,ifs,FALSE,20,elitize_generation_data,116,13,0.263,NA
118,10,checksum,ifs,FALSE,20,elitize_generation_data,117,11,0.301,NA
119,10,checksum,ifs,FALSE,20,elitize_generation_data,118,9,0.297,NA
120,10,checksum,ifs,FALSE,20,elitize_generation_data,119,9,0.291,NA
121,10,checksum,ifs,FALSE,20,elitize_generation_data,120,11,0.335,NA
122,10,checksum,ifs,FALSE,20,elitize_generation_data,121,11,0.318,NA
123,10,checksum,ifs,FALSE,20,elitize_generation_data,122,13,0.323,NA
124,10,checksum,ifs,FALSE,20,elitize_generation_data,123,12,0.335,NA
125,10,checksum,ifs,FALSE,20,elitize_generation_data,124,11,0.324,NA
126,10,checksum,ifs,FALSE,20,elitize_generation_data,125,13,0.326,NA
127,10,checksum,ifs,FALSE,20,elitize_generation_data,126,15,0.317,NA
128,10,checksum,ifs,FALSE,20,elitize_generation_data,127,12,0.305,NA
129,10,checksum,ifs,FALSE,20,elitize_generation_data,128,13,0.313,NA
130,10,checksum,ifs,FALSE,20,elitize_generation_data,129,9,0.308,NA
131,10,checksum,ifs,FALSE,20,elitize_generation_data,130,14,0.325,NA
132,10,checksum,ifs,FALSE,20,elitize_generation_data,131,12,0.296,NA
133,10,checksum,ifs,FALSE,20,elitize_generation_data,132,9,0.297,NA
134,10,checksum,ifs,FALSE,20,elitize_generation_data,133,12,0.307,NA
135,10,checksum,ifs,FALSE,20,elitize_generation_data,134,7,0.324,NA
136,10,checksum,ifs,FALSE,20,elitize_generation_data,135,13,0.323,NA
137,10,checksum,ifs,FALSE,20,elitize_generation_data,136,9,0.302,NA
138,10,checksum,ifs,FALSE,20,elitize_generation_data,137,8,0.303,NA
139,10,checksum,ifs,FALSE,20,elitize_generation_data,138,9,0.331,NA
140,10,checksum,ifs,FALSE,20,elitize_generation_data,139,12,0.3,NA
141,10,checksum,ifs,FALSE,20,elitize_generation_data,140,12,0.321,NA
142,10,checksum,ifs,FALSE,20,elitize_generation_data,141,12,0.36,NA
143,10,checksum,ifs,FALSE,20,elitize_generation_data,142,11,0.315,NA
144,10,checksum,ifs,FALSE,20,elitize_generation_data,143,13,0.355,NA
145,10,checksum,ifs,FALSE,20,elitize_generation_data,144,18,0.369,NA
146,10,checksum,ifs,FALSE,20,elitize_generation_data,145,9,0.34,NA
147,10,checksum,ifs,FALSE,20,elitize_generation_data,146,11,0.36,NA
148,10,checksum,ifs,FALSE,20,elitize_generation_data,147,9,0.342,NA
149,10,checksum,ifs,FALSE,20,elitize_generation_data,148,18,0.331,NA
150,10,checksum,ifs,FALSE,20,elitize_generation_data,149,10,0.314,NA
151,10,checksum,ifs,FALSE,20,elitize_generation_data,150,12,0.331,NA
152,10,checksum,ifs,FALSE,20,elitize_generation_data,151,13,0.327,NA
153,10,checksum,ifs,FALSE,20,elitize_generation_data,152,10,0.329,NA
154,10,checksum,ifs,FALSE,20,elitize_generation_data,153,11,0.353,NA
155,10,checksum,ifs,FALSE,20,elitize_generation_data,154,13,0.332,NA
156,10,checksum,ifs,FALSE,20,elitize_generation_data,155,12,0.348,NA
157,10,checksum,ifs,FALSE,20,elitize_generation_data,156,12,0.334,NA
158,10,checksum,ifs,FALSE,20,elitize_generation_data,157,12,0.353,NA
159,10,checksum,ifs,FALSE,20,elitize_generation_data,158,15,0.343,NA
160,10,checksum,ifs,FALSE,20,elitize_generation_data,159,16,0.352,NA
161,10,checksum,ifs,FALSE,20,elitize_generation_data,160,14,0.34,NA
162,10,checksum,ifs,FALSE,20,elitize_generation_data,161,12,0.345,NA
163,10,checksum,ifs,FALSE,20,elitize_generation_data,162,12,0.347,NA
164,10,checksum,ifs,FALSE,20,elitize_generation_data,163,13,0.344,NA
165,10,checksum,ifs,FALSE,20,elitize_generation_data,164,9,0.344,NA
166,10,checksum,ifs,FALSE,20,elitize_generation_data,165,16,0.336,NA
167,10,checksum,ifs,FALSE,20,elitize_generation_data,166,13,0.329,NA
168,10,checksum,ifs,FALSE,20,elitize_generation_data,167,14,0.356,NA
169,10,checksum,ifs,FALSE,20,elitize_generation_data,168,13,0.342,NA
170,10,checksum,ifs,FALSE,20,elitize_generation_data,169,13,0.345,NA
171,10,checksum,ifs,FALSE,20,elitize_generation_data,170,10,0.351,NA
172,10,checksum,ifs,FALSE,20,elitize_generation_data,171,9,0.346,NA
173,10,checksum,ifs,FALSE,20,elitize_generation_data,172,8,0.341,NA
174,10,checksum,ifs,FALSE,20,elitize_generation_data,173,12,0.361,NA
175,10,checksum,ifs,FALSE,20,elitize_generation_data,174,11,0.357,NA
176,10,checksum,ifs,FALSE,20,elitize_generation_data,175,17,0.352,NA
177,10,checksum,ifs,FALSE,20,elitize_generation_data,176,13,0.334,NA
178,10,checksum,ifs,FALSE,20,elitize_generation_data,177,12,0.329,NA
179,10,checksum,ifs,FALSE,20,elitize_generation_data,178,12,0.366,NA
180,10,checksum,ifs,FALSE,20,elitize_generation_data,179,8,0.355,NA
181,10,checksum,ifs,FALSE,20,elitize_generation_data,180,15,0.351,NA
182,10,checksum,ifs,FALSE,20,elitize_generation_data,181,12,0.338,NA
183,10,checksum,ifs,FALSE,20,elitize_generation_data,182,10,0.331,NA
184,10,checksum,ifs,FALSE,20,elitize_generation_data,183,13,0.35,NA
185,10,checksum,ifs,FALSE,20,elitize_generation_data,184,14,0.348,NA
186,10,checksum,ifs,FALSE,20,elitize_generation_data,185,14,0.334,NA
187,10,checksum,ifs,FALSE,20,elitize_generation_data,186,15,0.322,NA
188,10,checksum,ifs,FALSE,20,elitize_generation_data,187,11,0.324,NA
189,10,checksum,ifs,FALSE,20,elitize_generation_data,188,12,0.35,NA
190,10,checksum,ifs,FALSE,20,elitize_generation_data,189,15,0.343,NA
191,10,checksum,ifs,FALSE,20,elitize_generation_data,190,12,0.323,NA
192,10,checksum,ifs,FALSE,20,elitize_generation_data,191,8,0.371,NA
193,10,checksum,ifs,FALSE,20,elitize_generation_data,192,10,0.349,NA
194,10,checksum,ifs,FALSE,20,elitize_generation_data,193,12,0.385,NA
195,10,checksum,ifs,FALSE,20,elitize_generation_data,194,10,0.355,NA
196,10,checksum,ifs,FALSE,20,elitize_generation_data,195,13,0.325,NA
197,10,checksum,ifs,FALSE,20,elitize_generation_data,196,12,0.356,NA
198,10,checksum,ifs,FALSE,20,elitize_generation_data,197,12,0.354,NA
199,10,checksum,ifs,FALSE,20,elitize_generation_data,198,16,0.369,NA
200,10,checksum,ifs,FALSE,20,elitize_generation_data,199,8,0.344,NA
201,10,checksum,ifs,FALSE,20,elitize_generation_data,200,12,0.35,NA
202,10,checksum,ifs,FALSE,20,elitize_generation_data,201,15,0.371,NA
203,10,checksum,ifs,FALSE,20,elitize_generation_data,202,15,0.359,NA
204,10,checksum,ifs,FALSE,20,elitize_generation_data,203,16,0.344,NA
205,10,checksum,ifs,FALSE,20,elitize_generation_data,204,16,0.36,NA
206,10,checksum,ifs,FALSE,20,elitize_generation_data,205,12,0.359,NA
207,10,checksum,ifs,FALSE,20,elitize_generation_data,206,10,0.381,NA
208,10,checksum,ifs,FALSE,20,elitize_generation_data,207,16,0.384,NA
209,10,checksum,ifs,FALSE,20,elitize_generation_data,208,11,0.384,NA
210,10,checksum,ifs,FALSE,20,elitize_generation_data,209,15,0.358,NA
211,10,checksum,ifs,FALSE,20,elitize_generation_data,210,12,0.358,NA
212,10,checksum,ifs,FALSE,20,elitize_generation_data,211,9,0.354,NA
213,10,checksum,ifs,FALSE,20,elitize_generation_data,212,12,0.371,NA
214,10,checksum,ifs,FALSE,20,elitize_generation_data,213,14,0.35,NA
215,10,checksum,ifs,FALSE,20,elitize_generation_data,214,11,0.337,NA
216,10,checksum,ifs,FALSE,20,elitize_generation_data,215,17,0.337,NA
217,10,checksum,ifs,FALSE,20,elitize_generation_data,216,11,0.356,NA
218,10,checksum,ifs,FALSE,20,elitize_generation_data,217,14,0.351,NA
219,10,checksum,ifs,FALSE,20,elitize_generation_data,218,15,0.374,NA
220,10,checksum,ifs,FALSE,20,elitize_generation_data,219,12,0.353,NA
221,10,checksum,ifs,FALSE,20,elitize_generation_data,220,12,0.347,NA
222,10,checksum,ifs,FALSE,20,elitize_generation_data,221,10,0.366,NA
223,10,checksum,ifs,FALSE,20,elitize_generation_data,222,15,0.376,NA
224,10,checksum,ifs,FALSE,20,elitize_generation_data,223,15,0.34,NA
225,10,checksum,ifs,FALSE,20,elitize_generation_data,224,10,0.359,NA
226,10,checksum,ifs,FALSE,20,elitize_generation_data,225,13,0.381,NA
227,10,checksum,ifs,FALSE,20,elitize_generation_data,226,13,0.371,NA
228,10,checksum,ifs,FALSE,20,elitize_generation_data,227,13,0.356,NA
229,10,checksum,ifs,FALSE,20,elitize_generation_data,228,17,0.388,NA
230,10,checksum,ifs,FALSE,20,elitize_generation_data,229,12,0.385,NA
231,10,checksum,ifs,FALSE,20,elitize_generation_data,230,14,0.373,NA
232,10,checksum,ifs,FALSE,20,elitize_generation_data,231,15,0.361,NA
233,10,checksum,ifs,FALSE,20,elitize_generation_data,232,13,0.368,NA
234,10,checksum,ifs,FALSE,20,elitize_generation_data,233,12,0.37,NA
235,10,checksum,ifs,FALSE,20,elitize_generation_data,234,10,0.377,NA
236,10,checksum,ifs,FALSE,20,elitize_generation_data,235,16,0.37,NA
237,10,checksum,ifs,FALSE,20,elitize_generation_data,236,12,0.366,NA
238,10,checksum,ifs,FALSE,20,elitize_generation_data,237,15,0.361,NA
239,10,checksum,ifs,FALSE,20,elitize_generation_data,238,12,0.378,NA
240,10,checksum,ifs,FALSE,20,elitize_generation_data,239,13,0.37,NA
241,10,checksum,ifs,FALSE,20,elitize_generation_data,240,13,0.353,NA
242,10,checksum,ifs,FALSE,20,elitize_generation_data,241,12,0.373,NA
243,10,checksum,ifs,FALSE,20,elitize_generation_data,242,16,0.357,NA
244,10,checksum,ifs,FALSE,20,elitize_generation_data,243,12,0.381,NA
245,10,checksum,ifs,FALSE,20,elitize_generation_data,244,13,0.356,NA
246,10,checksum,ifs,FALSE,20,elitize_generation_data,245,17,0.386,NA
247,10,checksum,ifs,FALSE,20,elitize_generation_data,246,10,0.382,NA
248,10,checksum,ifs,FALSE,20,elitize_generation_data,247,14,0.383,NA
249,10,checksum,ifs,FALSE,20,elitize_generation_data,248,11,0.374,NA
250,10,checksum,ifs,FALSE,20,elitize_generation_data,249,15,0.372,NA
251,10,checksum,ifs,FALSE,20,elitize_generation_data,250,10,0.372,NA
252,10,checksum,ifs,FALSE,20,elitize_generation_data,251,14,0.36,NA
253,10,checksum,ifs,FALSE,20,elitize_generation_data,252,16,0.38,NA
254,10,checksum,ifs,FALSE,20,elitize_generation_data,253,13,0.393,NA
255,10,checksum,ifs,FALSE,20,elitize_generation_data,254,13,0.393,NA
256,10,checksum,ifs,FALSE,20,elitize_generation_data,255,13,0.379,NA
257,10,checksum,ifs,FALSE,20,elitize_generation_data,256,10,0.384,NA
258,10,checksum,ifs,FALSE,20,elitize_generation_data,257,14,0.391,NA
259,10,checksum,ifs,FALSE,20,elitize_generation_data,258,12,0.34,NA
260,10,checksum,ifs,FALSE,20,elitize_generation_data,259,15,0.35,NA
261,10,checksum,ifs,FALSE,20,elitize_generation_data,260,11,0.379,NA
262,10,checksum,ifs,FALSE,20,elitize_generation_data,261,9,0.389,NA
263,10,checksum,ifs,FALSE,20,elitize_generation_data,262,14,0.357,NA
264,10,checksum,ifs,FALSE,20,elitize_generation_data,263,18,0.372,NA
265,10,checksum,ifs,FALSE,20,elitize_generation_data,264,10,0.362,NA
266,10,checksum,ifs,FALSE,20,elitize_generation_data,265,12,0.368,NA
267,10,checksum,ifs,FALSE,20,elitize_generation_data,266,13,0.39,NA
268,10,checksum,ifs,FALSE,20,elitize_generation_data,267,12,0.366,NA
269,10,checksum,ifs,FALSE,20,elitize_generation_data,268,11,0.35,NA
270,10,checksum,ifs,FALSE,20,elitize_generation_data,269,17,0.352,NA
271,10,checksum,ifs,FALSE,20,elitize_generation_data,270,16,0.368,NA
272,10,checksum,ifs,FALSE,20,elitize_generation_data,271,13,0.365,NA
273,10,checksum,ifs,FALSE,20,elitize_generation_data,272,15,0.356,NA
274,10,checksum,ifs,FALSE,20,elitize_generation_data,273,13,0.391,NA
275,10,checksum,ifs,FALSE,20,elitize_generation_data,274,12,0.361,NA
276,10,checksum,ifs,FALSE,20,elitize_generation_data,275,17,0.38,NA
277,10,checksum,ifs,FALSE,20,elitize_generation_data,276,14,0.348,NA
278,10,checksum,ifs,FALSE,20,elitize_generation_data,277,13,0.365,NA
279,10,checksum,ifs,FALSE,20,elitize_generation_data,278,14,0.359,NA
280,10,checksum,ifs,FALSE,20,elitize_generation_data,279,13,0.375,NA
281,10,checksum,ifs,FALSE,20,elitize_generation_data,280,12,0.37,NA
282,10,checksum,ifs,FALSE,20,elitize_generation_data,281,11,0.385,NA
283,10,checksum,ifs,FALSE,20,elitize_generation_data,282,13,0.416,NA
284,10,checksum,ifs,FALSE,20,elitize_generation_data,283,11,0.389,NA
285,10,checksum,ifs,FALSE,20,elitize_generation_data,284,15,0.402,NA
286,10,checksum,ifs,FALSE,20,elitize_generation_data,285,13,0.407,NA
287,10,checksum,ifs,FALSE,20,elitize_generation_data,286,18,0.404,NA
288,10,checksum,ifs,FALSE,20,elitize_generation_data,287,17,0.433,NA
289,10,checksum,ifs,FALSE,20,elitize_generation_data,288,16,0.417,NA
290,10,checksum,ifs,FALSE,20,elitize_generation_data,289,13,0.428,NA
291,10,checksum,ifs,FALSE,20,elitize_generation_data,290,18,0.441,NA
292,10,checksum,ifs,FALSE,20,elitize_generation_data,291,19,0.439,NA
293,10,checksum,ifs,FALSE,20,elitize_generation_data,292,22,0.435,NA
294,10,checksum,ifs,FALSE,20,elitize_generation_data,293,18,0.433,NA
295,10,checksum,ifs,FALSE,20,elitize_generation_data,294,21,0.441,NA
296,10,checksum,ifs,FALSE,20,elitize_generation_data,295,21,0.418,NA
297,10,checksum,ifs,FALSE,20,elitize_generation_data,296,31,0.422,NA
298,10,checksum,ifs,FALSE,20,elitize_generation_data,297,21,0.418,NA
299,10,checksum,ifs,FALSE,20,elitize_generation_data,298,17,0.399,NA
300,10,checksum,ifs,FALSE,20,elitize_generation_data,299,16,0.425,NA
301,10,checksum,ifs,FALSE,20,elitize_generation_data,300,18,0.359,NA
