,run.num,problem,treatment,succeeded,height,normalization.function,generation,cluster.count,error.diversity,success.generation
1,13,checksum,ifs,FALSE,20,elitize_generation_data,0,2,0.324,NA
2,13,checksum,ifs,FALSE,20,elitize_generation_data,1,2,0.251,NA
3,13,checksum,ifs,FALSE,20,elitize_generation_data,2,2,0.152,NA
4,13,checksum,ifs,FALSE,20,elitize_generation_data,3,2,0.118,NA
5,13,checksum,ifs,FALSE,20,elitize_generation_data,4,3,0.139,NA
6,13,checksum,ifs,FALSE,20,elitize_generation_data,5,4,0.151,NA
7,13,checksum,ifs,FALSE,20,elitize_generation_data,6,4,0.201,NA
8,13,checksum,ifs,FALSE,20,elitize_generation_data,7,5,0.178,NA
9,13,checksum,ifs,FALSE,20,elitize_generation_data,8,5,0.147,NA
10,13,checksum,ifs,FALSE,20,elitize_generation_data,9,6,0.153,NA
11,13,checksum,ifs,FALSE,20,elitize_generation_data,10,6,0.161,NA
12,13,checksum,ifs,FALSE,20,elitize_generation_data,11,6,0.134,NA
13,13,checksum,ifs,FALSE,20,elitize_generation_data,12,4,0.164,NA
14,13,checksum,ifs,FALSE,20,elitize_generation_data,13,6,0.158,NA
15,13,checksum,ifs,FALSE,20,elitize_generation_data,14,4,0.14,NA
16,13,checksum,ifs,FALSE,20,elitize_generation_data,15,5,0.145,NA
17,13,checksum,ifs,FALSE,20,elitize_generation_data,16,5,0.114,NA
18,13,checksum,ifs,FALSE,20,elitize_generation_data,17,6,0.102,NA
19,13,checksum,ifs,FALSE,20,elitize_generation_data,18,6,0.102,NA
20,13,checksum,ifs,FALSE,20,elitize_generation_data,19,6,0.075,NA
21,13,checksum,ifs,FALSE,20,elitize_generation_data,20,6,0.069,NA
22,13,checksum,ifs,FALSE,20,elitize_generation_data,21,5,0.06,NA
23,13,checksum,ifs,FALSE,20,elitize_generation_data,22,6,0.047,NA
24,13,checksum,ifs,FALSE,20,elitize_generation_data,23,5,0.065,NA
25,13,checksum,ifs,FALSE,20,elitize_generation_data,24,3,0.06,NA
26,13,checksum,ifs,FALSE,20,elitize_generation_data,25,6,0.043,NA
27,13,checksum,ifs,FALSE,20,elitize_generation_data,26,5,0.035,NA
28,13,checksum,ifs,FALSE,20,elitize_generation_data,27,6,0.038,NA
29,13,checksum,ifs,FALSE,20,elitize_generation_data,28,6,0.032,NA
30,13,checksum,ifs,FALSE,20,elitize_generation_data,29,6,0.038,NA
31,13,checksum,ifs,FALSE,20,elitize_generation_data,30,5,0.045,NA
32,13,checksum,ifs,FALSE,20,elitize_generation_data,31,6,0.037,NA
33,13,checksum,ifs,FALSE,20,elitize_generation_data,32,5,0.038,NA
34,13,checksum,ifs,FALSE,20,elitize_generation_data,33,6,0.036,NA
35,13,checksum,ifs,FALSE,20,elitize_generation_data,34,5,0.049,NA
36,13,checksum,ifs,FALSE,20,elitize_generation_data,35,6,0.038,NA
37,13,checksum,ifs,FALSE,20,elitize_generation_data,36,6,0.041,NA
38,13,checksum,ifs,FALSE,20,elitize_generation_data,37,6,0.035,NA
39,13,checksum,ifs,FALSE,20,elitize_generation_data,38,6,0.034,NA
40,13,checksum,ifs,FALSE,20,elitize_generation_data,39,6,0.035,NA
41,13,checksum,ifs,FALSE,20,elitize_generation_data,40,6,0.038,NA
42,13,checksum,ifs,FALSE,20,elitize_generation_data,41,6,0.042,NA
43,13,checksum,ifs,FALSE,20,elitize_generation_data,42,6,0.037,NA
44,13,checksum,ifs,FALSE,20,elitize_generation_data,43,6,0.041,NA
45,13,checksum,ifs,FALSE,20,elitize_generation_data,44,6,0.046,NA
46,13,checksum,ifs,FALSE,20,elitize_generation_data,45,7,0.033,NA
47,13,checksum,ifs,FALSE,20,elitize_generation_data,46,8,0.032,NA
48,13,checksum,ifs,FALSE,20,elitize_generation_data,47,6,0.03,NA
49,13,checksum,ifs,FALSE,20,elitize_generation_data,48,7,0.038,NA
50,13,checksum,ifs,FALSE,20,elitize_generation_data,49,5,0.038,NA
51,13,checksum,ifs,FALSE,20,elitize_generation_data,50,8,0.03,NA
52,13,checksum,ifs,FALSE,20,elitize_generation_data,51,7,0.037,NA
53,13,checksum,ifs,FALSE,20,elitize_generation_data,52,9,0.032,NA
54,13,checksum,ifs,FALSE,20,elitize_generation_data,53,7,0.038,NA
55,13,checksum,ifs,FALSE,20,elitize_generation_data,54,6,0.036,NA
56,13,checksum,ifs,FALSE,20,elitize_generation_data,55,7,0.037,NA
57,13,checksum,ifs,FALSE,20,elitize_generation_data,56,7,0.028,NA
58,13,checksum,ifs,FALSE,20,elitize_generation_data,57,6,0.038,NA
59,13,checksum,ifs,FALSE,20,elitize_generation_data,58,7,0.032,NA
60,13,checksum,ifs,FALSE,20,elitize_generation_data,59,6,0.026,NA
61,13,checksum,ifs,FALSE,20,elitize_generation_data,60,7,0.037,NA
62,13,checksum,ifs,FALSE,20,elitize_generation_data,61,7,0.034,NA
63,13,checksum,ifs,FALSE,20,elitize_generation_data,62,6,0.029,NA
64,13,checksum,ifs,FALSE,20,elitize_generation_data,63,6,0.028,NA
65,13,checksum,ifs,FALSE,20,elitize_generation_data,64,7,0.032,NA
66,13,checksum,ifs,FALSE,20,elitize_generation_data,65,8,0.039,NA
67,13,checksum,ifs,FALSE,20,elitize_generation_data,66,5,0.03,NA
68,13,checksum,ifs,FALSE,20,elitize_generation_data,67,7,0.035,NA
69,13,checksum,ifs,FALSE,20,elitize_generation_data,68,6,0.039,NA
70,13,checksum,ifs,FALSE,20,elitize_generation_data,69,7,0.028,NA
71,13,checksum,ifs,FALSE,20,elitize_generation_data,70,7,0.032,NA
72,13,checksum,ifs,FALSE,20,elitize_generation_data,71,8,0.036,NA
73,13,checksum,ifs,FALSE,20,elitize_generation_data,72,6,0.036,NA
74,13,checksum,ifs,FALSE,20,elitize_generation_data,73,7,0.027,NA
75,13,checksum,ifs,FALSE,20,elitize_generation_data,74,7,0.035,NA
76,13,checksum,ifs,FALSE,20,elitize_generation_data,75,6,0.026,NA
77,13,checksum,ifs,FALSE,20,elitize_generation_data,76,8,0.031,NA
78,13,checksum,ifs,FALSE,20,elitize_generation_data,77,7,0.028,NA
79,13,checksum,ifs,FALSE,20,elitize_generation_data,78,7,0.036,NA
80,13,checksum,ifs,FALSE,20,elitize_generation_data,79,7,0.02,NA
81,13,checksum,ifs,FALSE,20,elitize_generation_data,80,6,0.035,NA
82,13,checksum,ifs,FALSE,20,elitize_generation_data,81,7,0.034,NA
83,13,checksum,ifs,FALSE,20,elitize_generation_data,82,7,0.031,NA
84,13,checksum,ifs,FALSE,20,elitize_generation_data,83,8,0.032,NA
85,13,checksum,ifs,FALSE,20,elitize_generation_data,84,6,0.027,NA
86,13,checksum,ifs,FALSE,20,elitize_generation_data,85,7,0.027,NA
87,13,checksum,ifs,FALSE,20,elitize_generation_data,86,8,0.026,NA
88,13,checksum,ifs,FALSE,20,elitize_generation_data,87,5,0.028,NA
89,13,checksum,ifs,FALSE,20,elitize_generation_data,88,6,0.029,NA
90,13,checksum,ifs,FALSE,20,elitize_generation_data,89,6,0.026,NA
91,13,checksum,ifs,FALSE,20,elitize_generation_data,90,6,0.019,NA
92,13,checksum,ifs,FALSE,20,elitize_generation_data,91,7,0.026,NA
93,13,checksum,ifs,FALSE,20,elitize_generation_data,92,6,0.023,NA
94,13,checksum,ifs,FALSE,20,elitize_generation_data,93,8,0.035,NA
95,13,checksum,ifs,FALSE,20,elitize_generation_data,94,6,0.029,NA
96,13,checksum,ifs,FALSE,20,elitize_generation_data,95,6,0.023,NA
97,13,checksum,ifs,FALSE,20,elitize_generation_data,96,6,0.023,NA
98,13,checksum,ifs,FALSE,20,elitize_generation_data,97,6,0.023,NA
99,13,checksum,ifs,FALSE,20,elitize_generation_data,98,7,0.02,NA
100,13,checksum,ifs,FALSE,20,elitize_generation_data,99,6,0.03,NA
101,13,checksum,ifs,FALSE,20,elitize_generation_data,100,6,0.023,NA
102,13,checksum,ifs,FALSE,20,elitize_generation_data,101,8,0.024,NA
103,13,checksum,ifs,FALSE,20,elitize_generation_data,102,6,0.023,NA
104,13,checksum,ifs,FALSE,20,elitize_generation_data,103,6,0.028,NA
105,13,checksum,ifs,FALSE,20,elitize_generation_data,104,7,0.021,NA
106,13,checksum,ifs,FALSE,20,elitize_generation_data,105,7,0.022,NA
107,13,checksum,ifs,FALSE,20,elitize_generation_data,106,6,0.022,NA
108,13,checksum,ifs,FALSE,20,elitize_generation_data,107,6,0.02,NA
109,13,checksum,ifs,FALSE,20,elitize_generation_data,108,5,0.023,NA
110,13,checksum,ifs,FALSE,20,elitize_generation_data,109,6,0.019,NA
111,13,checksum,ifs,FALSE,20,elitize_generation_data,110,7,0.018,NA
112,13,checksum,ifs,FALSE,20,elitize_generation_data,111,6,0.024,NA
113,13,checksum,ifs,FALSE,20,elitize_generation_data,112,6,0.015,NA
114,13,checksum,ifs,FALSE,20,elitize_generation_data,113,7,0.021,NA
115,13,checksum,ifs,FALSE,20,elitize_generation_data,114,7,0.019,NA
116,13,checksum,ifs,FALSE,20,elitize_generation_data,115,7,0.025,NA
117,13,checksum,ifs,FALSE,20,elitize_generation_data,116,6,0.024,NA
118,13,checksum,ifs,FALSE,20,elitize_generation_data,117,6,0.023,NA
119,13,checksum,ifs,FALSE,20,elitize_generation_data,118,5,0.02,NA
120,13,checksum,ifs,FALSE,20,elitize_generation_data,119,7,0.02,NA
121,13,checksum,ifs,FALSE,20,elitize_generation_data,120,5,0.017,NA
122,13,checksum,ifs,FALSE,20,elitize_generation_data,121,5,0.02,NA
123,13,checksum,ifs,FALSE,20,elitize_generation_data,122,7,0.019,NA
124,13,checksum,ifs,FALSE,20,elitize_generation_data,123,5,0.021,NA
125,13,checksum,ifs,FALSE,20,elitize_generation_data,124,6,0.019,NA
126,13,checksum,ifs,FALSE,20,elitize_generation_data,125,5,0.018,NA
127,13,checksum,ifs,FALSE,20,elitize_generation_data,126,5,0.022,NA
128,13,checksum,ifs,FALSE,20,elitize_generation_data,127,4,0.028,NA
129,13,checksum,ifs,FALSE,20,elitize_generation_data,128,6,0.021,NA
130,13,checksum,ifs,FALSE,20,elitize_generation_data,129,5,0.022,NA
131,13,checksum,ifs,FALSE,20,elitize_generation_data,130,6,0.019,NA
132,13,checksum,ifs,FALSE,20,elitize_generation_data,131,7,0.022,NA
133,13,checksum,ifs,FALSE,20,elitize_generation_data,132,6,0.035,NA
134,13,checksum,ifs,FALSE,20,elitize_generation_data,133,6,0.023,NA
135,13,checksum,ifs,FALSE,20,elitize_generation_data,134,7,0.031,NA
136,13,checksum,ifs,FALSE,20,elitize_generation_data,135,8,0.028,NA
137,13,checksum,ifs,FALSE,20,elitize_generation_data,136,7,0.033,NA
138,13,checksum,ifs,FALSE,20,elitize_generation_data,137,5,0.04,NA
139,13,checksum,ifs,FALSE,20,elitize_generation_data,138,6,0.034,NA
140,13,checksum,ifs,FALSE,20,elitize_generation_data,139,5,0.038,NA
141,13,checksum,ifs,FALSE,20,elitize_generation_data,140,6,0.049,NA
142,13,checksum,ifs,FALSE,20,elitize_generation_data,141,5,0.049,NA
143,13,checksum,ifs,FALSE,20,elitize_generation_data,142,7,0.052,NA
144,13,checksum,ifs,FALSE,20,elitize_generation_data,143,7,0.05,NA
145,13,checksum,ifs,FALSE,20,elitize_generation_data,144,5,0.046,NA
146,13,checksum,ifs,FALSE,20,elitize_generation_data,145,8,0.038,NA
147,13,checksum,ifs,FALSE,20,elitize_generation_data,146,8,0.053,NA
148,13,checksum,ifs,FALSE,20,elitize_generation_data,147,6,0.05,NA
149,13,checksum,ifs,FALSE,20,elitize_generation_data,148,10,0.059,NA
150,13,checksum,ifs,FALSE,20,elitize_generation_data,149,8,0.061,NA
151,13,checksum,ifs,FALSE,20,elitize_generation_data,150,7,0.059,NA
152,13,checksum,ifs,FALSE,20,elitize_generation_data,151,6,0.08,NA
153,13,checksum,ifs,FALSE,20,elitize_generation_data,152,6,0.059,NA
154,13,checksum,ifs,FALSE,20,elitize_generation_data,153,9,0.061,NA
155,13,checksum,ifs,FALSE,20,elitize_generation_data,154,7,0.069,NA
156,13,checksum,ifs,FALSE,20,elitize_generation_data,155,8,0.06,NA
157,13,checksum,ifs,FALSE,20,elitize_generation_data,156,8,0.069,NA
158,13,checksum,ifs,FALSE,20,elitize_generation_data,157,8,0.072,NA
159,13,checksum,ifs,FALSE,20,elitize_generation_data,158,9,0.068,NA
160,13,checksum,ifs,FALSE,20,elitize_generation_data,159,7,0.069,NA
161,13,checksum,ifs,FALSE,20,elitize_generation_data,160,7,0.069,NA
162,13,checksum,ifs,FALSE,20,elitize_generation_data,161,7,0.079,NA
163,13,checksum,ifs,FALSE,20,elitize_generation_data,162,4,0.083,NA
164,13,checksum,ifs,FALSE,20,elitize_generation_data,163,7,0.092,NA
165,13,checksum,ifs,FALSE,20,elitize_generation_data,164,7,0.087,NA
166,13,checksum,ifs,FALSE,20,elitize_generation_data,165,7,0.076,NA
167,13,checksum,ifs,FALSE,20,elitize_generation_data,166,7,0.102,NA
168,13,checksum,ifs,FALSE,20,elitize_generation_data,167,7,0.119,NA
169,13,checksum,ifs,FALSE,20,elitize_generation_data,168,10,0.121,NA
170,13,checksum,ifs,FALSE,20,elitize_generation_data,169,10,0.133,NA
171,13,checksum,ifs,FALSE,20,elitize_generation_data,170,6,0.114,NA
172,13,checksum,ifs,FALSE,20,elitize_generation_data,171,8,0.11,NA
173,13,checksum,ifs,FALSE,20,elitize_generation_data,172,9,0.122,NA
174,13,checksum,ifs,FALSE,20,elitize_generation_data,173,10,0.117,NA
175,13,checksum,ifs,FALSE,20,elitize_generation_data,174,10,0.14,NA
176,13,checksum,ifs,FALSE,20,elitize_generation_data,175,8,0.128,NA
177,13,checksum,ifs,FALSE,20,elitize_generation_data,176,10,0.12,NA
178,13,checksum,ifs,FALSE,20,elitize_generation_data,177,9,0.135,NA
179,13,checksum,ifs,FALSE,20,elitize_generation_data,178,10,0.143,NA
180,13,checksum,ifs,FALSE,20,elitize_generation_data,179,8,0.15,NA
181,13,checksum,ifs,FALSE,20,elitize_generation_data,180,11,0.122,NA
182,13,checksum,ifs,FALSE,20,elitize_generation_data,181,8,0.116,NA
183,13,checksum,ifs,FALSE,20,elitize_generation_data,182,6,0.128,NA
184,13,checksum,ifs,FALSE,20,elitize_generation_data,183,11,0.14,NA
185,13,checksum,ifs,FALSE,20,elitize_generation_data,184,7,0.148,NA
186,13,checksum,ifs,FALSE,20,elitize_generation_data,185,10,0.142,NA
187,13,checksum,ifs,FALSE,20,elitize_generation_data,186,11,0.145,NA
188,13,checksum,ifs,FALSE,20,elitize_generation_data,187,9,0.136,NA
189,13,checksum,ifs,FALSE,20,elitize_generation_data,188,6,0.127,NA
190,13,checksum,ifs,FALSE,20,elitize_generation_data,189,8,0.139,NA
191,13,checksum,ifs,FALSE,20,elitize_generation_data,190,8,0.155,NA
192,13,checksum,ifs,FALSE,20,elitize_generation_data,191,9,0.138,NA
193,13,checksum,ifs,FALSE,20,elitize_generation_data,192,11,0.133,NA
194,13,checksum,ifs,FALSE,20,elitize_generation_data,193,11,0.123,NA
195,13,checksum,ifs,FALSE,20,elitize_generation_data,194,9,0.128,NA
196,13,checksum,ifs,FALSE,20,elitize_generation_data,195,5,0.142,NA
197,13,checksum,ifs,FALSE,20,elitize_generation_data,196,9,0.141,NA
198,13,checksum,ifs,FALSE,20,elitize_generation_data,197,9,0.148,NA
199,13,checksum,ifs,FALSE,20,elitize_generation_data,198,9,0.153,NA
200,13,checksum,ifs,FALSE,20,elitize_generation_data,199,7,0.159,NA
201,13,checksum,ifs,FALSE,20,elitize_generation_data,200,6,0.142,NA
202,13,checksum,ifs,FALSE,20,elitize_generation_data,201,8,0.151,NA
203,13,checksum,ifs,FALSE,20,elitize_generation_data,202,9,0.153,NA
204,13,checksum,ifs,FALSE,20,elitize_generation_data,203,10,0.143,NA
205,13,checksum,ifs,FALSE,20,elitize_generation_data,204,11,0.157,NA
206,13,checksum,ifs,FALSE,20,elitize_generation_data,205,9,0.147,NA
207,13,checksum,ifs,FALSE,20,elitize_generation_data,206,7,0.162,NA
208,13,checksum,ifs,FALSE,20,elitize_generation_data,207,9,0.179,NA
209,13,checksum,ifs,FALSE,20,elitize_generation_data,208,13,0.165,NA
210,13,checksum,ifs,FALSE,20,elitize_generation_data,209,7,0.154,NA
211,13,checksum,ifs,FALSE,20,elitize_generation_data,210,10,0.142,NA
212,13,checksum,ifs,FALSE,20,elitize_generation_data,211,5,0.144,NA
213,13,checksum,ifs,FALSE,20,elitize_generation_data,212,5,0.147,NA
214,13,checksum,ifs,FALSE,20,elitize_generation_data,213,13,0.154,NA
215,13,checksum,ifs,FALSE,20,elitize_generation_data,214,10,0.155,NA
216,13,checksum,ifs,FALSE,20,elitize_generation_data,215,11,0.128,NA
217,13,checksum,ifs,FALSE,20,elitize_generation_data,216,10,0.139,NA
218,13,checksum,ifs,FALSE,20,elitize_generation_data,217,8,0.128,NA
219,13,checksum,ifs,FALSE,20,elitize_generation_data,218,8,0.158,NA
220,13,checksum,ifs,FALSE,20,elitize_generation_data,219,5,0.133,NA
221,13,checksum,ifs,FALSE,20,elitize_generation_data,220,7,0.133,NA
222,13,checksum,ifs,FALSE,20,elitize_generation_data,221,10,0.14,NA
223,13,checksum,ifs,FALSE,20,elitize_generation_data,222,8,0.153,NA
224,13,checksum,ifs,FALSE,20,elitize_generation_data,223,9,0.141,NA
225,13,checksum,ifs,FALSE,20,elitize_generation_data,224,8,0.14,NA
226,13,checksum,ifs,FALSE,20,elitize_generation_data,225,6,0.158,NA
227,13,checksum,ifs,FALSE,20,elitize_generation_data,226,12,0.151,NA
228,13,checksum,ifs,FALSE,20,elitize_generation_data,227,8,0.152,NA
229,13,checksum,ifs,FALSE,20,elitize_generation_data,228,5,0.141,NA
230,13,checksum,ifs,FALSE,20,elitize_generation_data,229,9,0.156,NA
231,13,checksum,ifs,FALSE,20,elitize_generation_data,230,10,0.147,NA
232,13,checksum,ifs,FALSE,20,elitize_generation_data,231,9,0.132,NA
233,13,checksum,ifs,FALSE,20,elitize_generation_data,232,8,0.133,NA
234,13,checksum,ifs,FALSE,20,elitize_generation_data,233,6,0.156,NA
235,13,checksum,ifs,FALSE,20,elitize_generation_data,234,6,0.156,NA
236,13,checksum,ifs,FALSE,20,elitize_generation_data,235,6,0.151,NA
237,13,checksum,ifs,FALSE,20,elitize_generation_data,236,9,0.138,NA
238,13,checksum,ifs,FALSE,20,elitize_generation_data,237,8,0.141,NA
239,13,checksum,ifs,FALSE,20,elitize_generation_data,238,7,0.137,NA
240,13,checksum,ifs,FALSE,20,elitize_generation_data,239,7,0.115,NA
241,13,checksum,ifs,FALSE,20,elitize_generation_data,240,9,0.128,NA
242,13,checksum,ifs,FALSE,20,elitize_generation_data,241,13,0.133,NA
243,13,checksum,ifs,FALSE,20,elitize_generation_data,242,10,0.126,NA
244,13,checksum,ifs,FALSE,20,elitize_generation_data,243,8,0.146,NA
245,13,checksum,ifs,FALSE,20,elitize_generation_data,244,10,0.125,NA
246,13,checksum,ifs,FALSE,20,elitize_generation_data,245,11,0.133,NA
247,13,checksum,ifs,FALSE,20,elitize_generation_data,246,8,0.123,NA
248,13,checksum,ifs,FALSE,20,elitize_generation_data,247,8,0.119,NA
249,13,checksum,ifs,FALSE,20,elitize_generation_data,248,10,0.116,NA
250,13,checksum,ifs,FALSE,20,elitize_generation_data,249,13,0.118,NA
251,13,checksum,ifs,FALSE,20,elitize_generation_data,250,10,0.101,NA
252,13,checksum,ifs,FALSE,20,elitize_generation_data,251,8,0.105,NA
253,13,checksum,ifs,FALSE,20,elitize_generation_data,252,8,0.109,NA
254,13,checksum,ifs,FALSE,20,elitize_generation_data,253,10,0.127,NA
255,13,checksum,ifs,FALSE,20,elitize_generation_data,254,8,0.115,NA
256,13,checksum,ifs,FALSE,20,elitize_generation_data,255,8,0.119,NA
257,13,checksum,ifs,FALSE,20,elitize_generation_data,256,6,0.108,NA
258,13,checksum,ifs,FALSE,20,elitize_generation_data,257,7,0.114,NA
259,13,checksum,ifs,FALSE,20,elitize_generation_data,258,7,0.128,NA
260,13,checksum,ifs,FALSE,20,elitize_generation_data,259,7,0.14,NA
261,13,checksum,ifs,FALSE,20,elitize_generation_data,260,7,0.137,NA
262,13,checksum,ifs,FALSE,20,elitize_generation_data,261,8,0.129,NA
263,13,checksum,ifs,FALSE,20,elitize_generation_data,262,8,0.13,NA
264,13,checksum,ifs,FALSE,20,elitize_generation_data,263,7,0.123,NA
265,13,checksum,ifs,FALSE,20,elitize_generation_data,264,7,0.132,NA
266,13,checksum,ifs,FALSE,20,elitize_generation_data,265,7,0.138,NA
267,13,checksum,ifs,FALSE,20,elitize_generation_data,266,7,0.131,NA
268,13,checksum,ifs,FALSE,20,elitize_generation_data,267,9,0.128,NA
269,13,checksum,ifs,FALSE,20,elitize_generation_data,268,7,0.12,NA
270,13,checksum,ifs,FALSE,20,elitize_generation_data,269,8,0.12,NA
271,13,checksum,ifs,FALSE,20,elitize_generation_data,270,6,0.121,NA
272,13,checksum,ifs,FALSE,20,elitize_generation_data,271,9,0.109,NA
273,13,checksum,ifs,FALSE,20,elitize_generation_data,272,11,0.136,NA
274,13,checksum,ifs,FALSE,20,elitize_generation_data,273,6,0.117,NA
275,13,checksum,ifs,FALSE,20,elitize_generation_data,274,7,0.142,NA
276,13,checksum,ifs,FALSE,20,elitize_generation_data,275,5,0.115,NA
277,13,checksum,ifs,FALSE,20,elitize_generation_data,276,8,0.12,NA
278,13,checksum,ifs,FALSE,20,elitize_generation_data,277,6,0.131,NA
279,13,checksum,ifs,FALSE,20,elitize_generation_data,278,6,0.129,NA
280,13,checksum,ifs,FALSE,20,elitize_generation_data,279,7,0.135,NA
281,13,checksum,ifs,FALSE,20,elitize_generation_data,280,9,0.117,NA
282,13,checksum,ifs,FALSE,20,elitize_generation_data,281,10,0.128,NA
283,13,checksum,ifs,FALSE,20,elitize_generation_data,282,9,0.13,NA
284,13,checksum,ifs,FALSE,20,elitize_generation_data,283,7,0.137,NA
285,13,checksum,ifs,FALSE,20,elitize_generation_data,284,10,0.135,NA
286,13,checksum,ifs,FALSE,20,elitize_generation_data,285,6,0.135,NA
287,13,checksum,ifs,FALSE,20,elitize_generation_data,286,9,0.115,NA
288,13,checksum,ifs,FALSE,20,elitize_generation_data,287,6,0.137,NA
289,13,checksum,ifs,FALSE,20,elitize_generation_data,288,7,0.131,NA
290,13,checksum,ifs,FALSE,20,elitize_generation_data,289,8,0.134,NA
291,13,checksum,ifs,FALSE,20,elitize_generation_data,290,6,0.114,NA
292,13,checksum,ifs,FALSE,20,elitize_generation_data,291,7,0.126,NA
293,13,checksum,ifs,FALSE,20,elitize_generation_data,292,9,0.128,NA
294,13,checksum,ifs,FALSE,20,elitize_generation_data,293,9,0.139,NA
295,13,checksum,ifs,FALSE,20,elitize_generation_data,294,8,0.138,NA
296,13,checksum,ifs,FALSE,20,elitize_generation_data,295,10,0.131,NA
297,13,checksum,ifs,FALSE,20,elitize_generation_data,296,10,0.122,NA
298,13,checksum,ifs,FALSE,20,elitize_generation_data,297,10,0.136,NA
299,13,checksum,ifs,FALSE,20,elitize_generation_data,298,9,0.136,NA
300,13,checksum,ifs,FALSE,20,elitize_generation_data,299,7,0.149,NA
301,13,checksum,ifs,FALSE,20,elitize_generation_data,300,7,0.163,NA
