,run.num,problem,treatment,succeeded,height,normalization.function,generation,cluster.count,error.diversity,success.generation
1,83,checksum,ifs,FALSE,20,elitize_generation_data,0,2,0.323,NA
2,83,checksum,ifs,FALSE,20,elitize_generation_data,1,2,0.256,NA
3,83,checksum,ifs,FALSE,20,elitize_generation_data,2,3,0.157,NA
4,83,checksum,ifs,FALSE,20,elitize_generation_data,3,2,0.187,NA
5,83,checksum,ifs,FALSE,20,elitize_generation_data,4,2,0.242,NA
6,83,checksum,ifs,FALSE,20,elitize_generation_data,5,3,0.296,NA
7,83,checksum,ifs,FALSE,20,elitize_generation_data,6,3,0.239,NA
8,83,checksum,ifs,FALSE,20,elitize_generation_data,7,5,0.221,NA
9,83,checksum,ifs,FALSE,20,elitize_generation_data,8,4,0.207,NA
10,83,checksum,ifs,FALSE,20,elitize_generation_data,9,5,0.155,NA
11,83,checksum,ifs,FALSE,20,elitize_generation_data,10,6,0.126,NA
12,83,checksum,ifs,FALSE,20,elitize_generation_data,11,3,0.103,NA
13,83,checksum,ifs,FALSE,20,elitize_generation_data,12,6,0.133,NA
14,83,checksum,ifs,FALSE,20,elitize_generation_data,13,2,0.152,NA
15,83,checksum,ifs,FALSE,20,elitize_generation_data,14,8,0.162,NA
16,83,checksum,ifs,FALSE,20,elitize_generation_data,15,3,0.143,NA
17,83,checksum,ifs,FALSE,20,elitize_generation_data,16,3,0.131,NA
18,83,checksum,ifs,FALSE,20,elitize_generation_data,17,4,0.166,NA
19,83,checksum,ifs,FALSE,20,elitize_generation_data,18,3,0.218,NA
20,83,checksum,ifs,FALSE,20,elitize_generation_data,19,3,0.207,NA
21,83,checksum,ifs,FALSE,20,elitize_generation_data,20,3,0.223,NA
22,83,checksum,ifs,FALSE,20,elitize_generation_data,21,3,0.214,NA
23,83,checksum,ifs,FALSE,20,elitize_generation_data,22,4,0.23,NA
24,83,checksum,ifs,FALSE,20,elitize_generation_data,23,3,0.222,NA
25,83,checksum,ifs,FALSE,20,elitize_generation_data,24,3,0.241,NA
26,83,checksum,ifs,FALSE,20,elitize_generation_data,25,5,0.23,NA
27,83,checksum,ifs,FALSE,20,elitize_generation_data,26,6,0.251,NA
28,83,checksum,ifs,FALSE,20,elitize_generation_data,27,5,0.27,NA
29,83,checksum,ifs,FALSE,20,elitize_generation_data,28,10,0.283,NA
30,83,checksum,ifs,FALSE,20,elitize_generation_data,29,6,0.332,NA
31,83,checksum,ifs,FALSE,20,elitize_generation_data,30,9,0.366,NA
32,83,checksum,ifs,FALSE,20,elitize_generation_data,31,7,0.392,NA
33,83,checksum,ifs,FALSE,20,elitize_generation_data,32,8,0.413,NA
34,83,checksum,ifs,FALSE,20,elitize_generation_data,33,8,0.417,NA
35,83,checksum,ifs,FALSE,20,elitize_generation_data,34,10,0.425,NA
36,83,checksum,ifs,FALSE,20,elitize_generation_data,35,19,0.425,NA
37,83,checksum,ifs,FALSE,20,elitize_generation_data,36,8,0.429,NA
38,83,checksum,ifs,FALSE,20,elitize_generation_data,37,16,0.477,NA
39,83,checksum,ifs,FALSE,20,elitize_generation_data,38,22,0.481,NA
40,83,checksum,ifs,FALSE,20,elitize_generation_data,39,20,0.487,NA
41,83,checksum,ifs,FALSE,20,elitize_generation_data,40,16,0.515,NA
42,83,checksum,ifs,FALSE,20,elitize_generation_data,41,17,0.509,NA
43,83,checksum,ifs,FALSE,20,elitize_generation_data,42,18,0.565,NA
44,83,checksum,ifs,FALSE,20,elitize_generation_data,43,23,0.566,NA
45,83,checksum,ifs,FALSE,20,elitize_generation_data,44,20,0.541,NA
46,83,checksum,ifs,FALSE,20,elitize_generation_data,45,19,0.527,NA
47,83,checksum,ifs,FALSE,20,elitize_generation_data,46,17,0.536,NA
48,83,checksum,ifs,FALSE,20,elitize_generation_data,47,22,0.546,NA
49,83,checksum,ifs,FALSE,20,elitize_generation_data,48,14,0.557,NA
50,83,checksum,ifs,FALSE,20,elitize_generation_data,49,19,0.584,NA
51,83,checksum,ifs,FALSE,20,elitize_generation_data,50,17,0.571,NA
52,83,checksum,ifs,FALSE,20,elitize_generation_data,51,14,0.602,NA
53,83,checksum,ifs,FALSE,20,elitize_generation_data,52,18,0.594,NA
54,83,checksum,ifs,FALSE,20,elitize_generation_data,53,19,0.61,NA
55,83,checksum,ifs,FALSE,20,elitize_generation_data,54,16,0.592,NA
56,83,checksum,ifs,FALSE,20,elitize_generation_data,55,15,0.631,NA
57,83,checksum,ifs,FALSE,20,elitize_generation_data,56,12,0.643,NA
58,83,checksum,ifs,FALSE,20,elitize_generation_data,57,22,0.65,NA
59,83,checksum,ifs,FALSE,20,elitize_generation_data,58,18,0.655,NA
60,83,checksum,ifs,FALSE,20,elitize_generation_data,59,20,0.693,NA
61,83,checksum,ifs,FALSE,20,elitize_generation_data,60,16,0.648,NA
62,83,checksum,ifs,FALSE,20,elitize_generation_data,61,23,0.639,NA
63,83,checksum,ifs,FALSE,20,elitize_generation_data,62,21,0.668,NA
64,83,checksum,ifs,FALSE,20,elitize_generation_data,63,20,0.67,NA
65,83,checksum,ifs,FALSE,20,elitize_generation_data,64,22,0.646,NA
66,83,checksum,ifs,FALSE,20,elitize_generation_data,65,16,0.645,NA
67,83,checksum,ifs,FALSE,20,elitize_generation_data,66,14,0.659,NA
68,83,checksum,ifs,FALSE,20,elitize_generation_data,67,18,0.61,NA
69,83,checksum,ifs,FALSE,20,elitize_generation_data,68,15,0.642,NA
70,83,checksum,ifs,FALSE,20,elitize_generation_data,69,14,0.626,NA
71,83,checksum,ifs,FALSE,20,elitize_generation_data,70,20,0.63,NA
72,83,checksum,ifs,FALSE,20,elitize_generation_data,71,20,0.643,NA
73,83,checksum,ifs,FALSE,20,elitize_generation_data,72,16,0.649,NA
74,83,checksum,ifs,FALSE,20,elitize_generation_data,73,17,0.659,NA
75,83,checksum,ifs,FALSE,20,elitize_generation_data,74,18,0.671,NA
76,83,checksum,ifs,FALSE,20,elitize_generation_data,75,18,0.644,NA
77,83,checksum,ifs,FALSE,20,elitize_generation_data,76,16,0.663,NA
78,83,checksum,ifs,FALSE,20,elitize_generation_data,77,10,0.649,NA
79,83,checksum,ifs,FALSE,20,elitize_generation_data,78,15,0.655,NA
80,83,checksum,ifs,FALSE,20,elitize_generation_data,79,13,0.66,NA
81,83,checksum,ifs,FALSE,20,elitize_generation_data,80,15,0.632,NA
82,83,checksum,ifs,FALSE,20,elitize_generation_data,81,16,0.642,NA
83,83,checksum,ifs,FALSE,20,elitize_generation_data,82,15,0.643,NA
84,83,checksum,ifs,FALSE,20,elitize_generation_data,83,19,0.632,NA
85,83,checksum,ifs,FALSE,20,elitize_generation_data,84,16,0.645,NA
86,83,checksum,ifs,FALSE,20,elitize_generation_data,85,17,0.667,NA
87,83,checksum,ifs,FALSE,20,elitize_generation_data,86,13,0.654,NA
88,83,checksum,ifs,FALSE,20,elitize_generation_data,87,17,0.669,NA
89,83,checksum,ifs,FALSE,20,elitize_generation_data,88,21,0.674,NA
90,83,checksum,ifs,FALSE,20,elitize_generation_data,89,17,0.657,NA
91,83,checksum,ifs,FALSE,20,elitize_generation_data,90,21,0.657,NA
92,83,checksum,ifs,FALSE,20,elitize_generation_data,91,17,0.669,NA
93,83,checksum,ifs,FALSE,20,elitize_generation_data,92,24,0.701,NA
94,83,checksum,ifs,FALSE,20,elitize_generation_data,93,18,0.673,NA
95,83,checksum,ifs,FALSE,20,elitize_generation_data,94,14,0.667,NA
96,83,checksum,ifs,FALSE,20,elitize_generation_data,95,13,0.668,NA
97,83,checksum,ifs,FALSE,20,elitize_generation_data,96,15,0.656,NA
98,83,checksum,ifs,FALSE,20,elitize_generation_data,97,14,0.638,NA
99,83,checksum,ifs,FALSE,20,elitize_generation_data,98,13,0.643,NA
100,83,checksum,ifs,FALSE,20,elitize_generation_data,99,16,0.636,NA
101,83,checksum,ifs,FALSE,20,elitize_generation_data,100,15,0.634,NA
102,83,checksum,ifs,FALSE,20,elitize_generation_data,101,14,0.61,NA
103,83,checksum,ifs,FALSE,20,elitize_generation_data,102,8,0.637,NA
104,83,checksum,ifs,FALSE,20,elitize_generation_data,103,16,0.636,NA
105,83,checksum,ifs,FALSE,20,elitize_generation_data,104,12,0.649,NA
106,83,checksum,ifs,FALSE,20,elitize_generation_data,105,11,0.667,NA
107,83,checksum,ifs,FALSE,20,elitize_generation_data,106,18,0.687,NA
108,83,checksum,ifs,FALSE,20,elitize_generation_data,107,11,0.668,NA
109,83,checksum,ifs,FALSE,20,elitize_generation_data,108,11,0.664,NA
110,83,checksum,ifs,FALSE,20,elitize_generation_data,109,11,0.656,NA
111,83,checksum,ifs,FALSE,20,elitize_generation_data,110,15,0.671,NA
112,83,checksum,ifs,FALSE,20,elitize_generation_data,111,16,0.642,NA
113,83,checksum,ifs,FALSE,20,elitize_generation_data,112,16,0.648,NA
114,83,checksum,ifs,FALSE,20,elitize_generation_data,113,13,0.657,NA
115,83,checksum,ifs,FALSE,20,elitize_generation_data,114,14,0.653,NA
116,83,checksum,ifs,FALSE,20,elitize_generation_data,115,15,0.64,NA
117,83,checksum,ifs,FALSE,20,elitize_generation_data,116,16,0.629,NA
118,83,checksum,ifs,FALSE,20,elitize_generation_data,117,16,0.642,NA
119,83,checksum,ifs,FALSE,20,elitize_generation_data,118,11,0.648,NA
120,83,checksum,ifs,FALSE,20,elitize_generation_data,119,15,0.694,NA
121,83,checksum,ifs,FALSE,20,elitize_generation_data,120,14,0.688,NA
122,83,checksum,ifs,FALSE,20,elitize_generation_data,121,18,0.719,NA
123,83,checksum,ifs,FALSE,20,elitize_generation_data,122,19,0.734,NA
124,83,checksum,ifs,FALSE,20,elitize_generation_data,123,15,0.712,NA
125,83,checksum,ifs,FALSE,20,elitize_generation_data,124,19,0.683,NA
126,83,checksum,ifs,FALSE,20,elitize_generation_data,125,20,0.674,NA
127,83,checksum,ifs,FALSE,20,elitize_generation_data,126,21,0.675,NA
128,83,checksum,ifs,FALSE,20,elitize_generation_data,127,22,0.674,NA
129,83,checksum,ifs,FALSE,20,elitize_generation_data,128,25,0.663,NA
130,83,checksum,ifs,FALSE,20,elitize_generation_data,129,18,0.656,NA
131,83,checksum,ifs,FALSE,20,elitize_generation_data,130,20,0.618,NA
132,83,checksum,ifs,FALSE,20,elitize_generation_data,131,14,0.621,NA
133,83,checksum,ifs,FALSE,20,elitize_generation_data,132,11,0.621,NA
134,83,checksum,ifs,FALSE,20,elitize_generation_data,133,16,0.582,NA
135,83,checksum,ifs,FALSE,20,elitize_generation_data,134,15,0.575,NA
136,83,checksum,ifs,FALSE,20,elitize_generation_data,135,18,0.58,NA
137,83,checksum,ifs,FALSE,20,elitize_generation_data,136,18,0.578,NA
138,83,checksum,ifs,FALSE,20,elitize_generation_data,137,18,0.577,NA
139,83,checksum,ifs,FALSE,20,elitize_generation_data,138,21,0.609,NA
140,83,checksum,ifs,FALSE,20,elitize_generation_data,139,16,0.59,NA
141,83,checksum,ifs,FALSE,20,elitize_generation_data,140,21,0.608,NA
142,83,checksum,ifs,FALSE,20,elitize_generation_data,141,15,0.606,NA
143,83,checksum,ifs,FALSE,20,elitize_generation_data,142,16,0.613,NA
144,83,checksum,ifs,FALSE,20,elitize_generation_data,143,11,0.611,NA
145,83,checksum,ifs,FALSE,20,elitize_generation_data,144,17,0.602,NA
146,83,checksum,ifs,FALSE,20,elitize_generation_data,145,13,0.593,NA
147,83,checksum,ifs,FALSE,20,elitize_generation_data,146,14,0.606,NA
148,83,checksum,ifs,FALSE,20,elitize_generation_data,147,10,0.602,NA
149,83,checksum,ifs,FALSE,20,elitize_generation_data,148,18,0.605,NA
150,83,checksum,ifs,FALSE,20,elitize_generation_data,149,14,0.616,NA
151,83,checksum,ifs,FALSE,20,elitize_generation_data,150,13,0.62,NA
152,83,checksum,ifs,FALSE,20,elitize_generation_data,151,15,0.647,NA
153,83,checksum,ifs,FALSE,20,elitize_generation_data,152,10,0.633,NA
154,83,checksum,ifs,FALSE,20,elitize_generation_data,153,15,0.632,NA
155,83,checksum,ifs,FALSE,20,elitize_generation_data,154,17,0.639,NA
156,83,checksum,ifs,FALSE,20,elitize_generation_data,155,14,0.631,NA
157,83,checksum,ifs,FALSE,20,elitize_generation_data,156,15,0.621,NA
158,83,checksum,ifs,FALSE,20,elitize_generation_data,157,17,0.622,NA
159,83,checksum,ifs,FALSE,20,elitize_generation_data,158,15,0.64,NA
160,83,checksum,ifs,FALSE,20,elitize_generation_data,159,13,0.653,NA
161,83,checksum,ifs,FALSE,20,elitize_generation_data,160,11,0.65,NA
162,83,checksum,ifs,FALSE,20,elitize_generation_data,161,16,0.668,NA
163,83,checksum,ifs,FALSE,20,elitize_generation_data,162,14,0.674,NA
164,83,checksum,ifs,FALSE,20,elitize_generation_data,163,13,0.672,NA
165,83,checksum,ifs,FALSE,20,elitize_generation_data,164,20,0.685,NA
166,83,checksum,ifs,FALSE,20,elitize_generation_data,165,18,0.655,NA
167,83,checksum,ifs,FALSE,20,elitize_generation_data,166,25,0.695,NA
168,83,checksum,ifs,FALSE,20,elitize_generation_data,167,13,0.711,NA
169,83,checksum,ifs,FALSE,20,elitize_generation_data,168,23,0.681,NA
170,83,checksum,ifs,FALSE,20,elitize_generation_data,169,18,0.679,NA
171,83,checksum,ifs,FALSE,20,elitize_generation_data,170,18,0.674,NA
172,83,checksum,ifs,FALSE,20,elitize_generation_data,171,19,0.691,NA
173,83,checksum,ifs,FALSE,20,elitize_generation_data,172,21,0.649,NA
174,83,checksum,ifs,FALSE,20,elitize_generation_data,173,12,0.64,NA
175,83,checksum,ifs,FALSE,20,elitize_generation_data,174,18,0.64,NA
176,83,checksum,ifs,FALSE,20,elitize_generation_data,175,17,0.665,NA
177,83,checksum,ifs,FALSE,20,elitize_generation_data,176,25,0.636,NA
178,83,checksum,ifs,FALSE,20,elitize_generation_data,177,17,0.676,NA
179,83,checksum,ifs,FALSE,20,elitize_generation_data,178,19,0.66,NA
180,83,checksum,ifs,FALSE,20,elitize_generation_data,179,20,0.677,NA
181,83,checksum,ifs,FALSE,20,elitize_generation_data,180,26,0.71,NA
182,83,checksum,ifs,FALSE,20,elitize_generation_data,181,18,0.687,NA
183,83,checksum,ifs,FALSE,20,elitize_generation_data,182,24,0.674,NA
184,83,checksum,ifs,FALSE,20,elitize_generation_data,183,19,0.66,NA
185,83,checksum,ifs,FALSE,20,elitize_generation_data,184,18,0.675,NA
186,83,checksum,ifs,FALSE,20,elitize_generation_data,185,11,0.655,NA
187,83,checksum,ifs,FALSE,20,elitize_generation_data,186,14,0.678,NA
188,83,checksum,ifs,FALSE,20,elitize_generation_data,187,20,0.668,NA
189,83,checksum,ifs,FALSE,20,elitize_generation_data,188,15,0.669,NA
190,83,checksum,ifs,FALSE,20,elitize_generation_data,189,11,0.663,NA
191,83,checksum,ifs,FALSE,20,elitize_generation_data,190,10,0.668,NA
192,83,checksum,ifs,FALSE,20,elitize_generation_data,191,15,0.639,NA
193,83,checksum,ifs,FALSE,20,elitize_generation_data,192,12,0.623,NA
194,83,checksum,ifs,FALSE,20,elitize_generation_data,193,17,0.624,NA
195,83,checksum,ifs,FALSE,20,elitize_generation_data,194,17,0.639,NA
196,83,checksum,ifs,FALSE,20,elitize_generation_data,195,19,0.659,NA
197,83,checksum,ifs,FALSE,20,elitize_generation_data,196,18,0.643,NA
198,83,checksum,ifs,FALSE,20,elitize_generation_data,197,25,0.668,NA
199,83,checksum,ifs,FALSE,20,elitize_generation_data,198,22,0.642,NA
200,83,checksum,ifs,FALSE,20,elitize_generation_data,199,16,0.624,NA
201,83,checksum,ifs,FALSE,20,elitize_generation_data,200,17,0.621,NA
202,83,checksum,ifs,FALSE,20,elitize_generation_data,201,15,0.608,NA
203,83,checksum,ifs,FALSE,20,elitize_generation_data,202,12,0.642,NA
204,83,checksum,ifs,FALSE,20,elitize_generation_data,203,15,0.628,NA
205,83,checksum,ifs,FALSE,20,elitize_generation_data,204,13,0.63,NA
206,83,checksum,ifs,FALSE,20,elitize_generation_data,205,22,0.645,NA
207,83,checksum,ifs,FALSE,20,elitize_generation_data,206,16,0.653,NA
208,83,checksum,ifs,FALSE,20,elitize_generation_data,207,13,0.666,NA
209,83,checksum,ifs,FALSE,20,elitize_generation_data,208,13,0.646,NA
210,83,checksum,ifs,FALSE,20,elitize_generation_data,209,11,0.655,NA
211,83,checksum,ifs,FALSE,20,elitize_generation_data,210,26,0.659,NA
212,83,checksum,ifs,FALSE,20,elitize_generation_data,211,18,0.632,NA
213,83,checksum,ifs,FALSE,20,elitize_generation_data,212,12,0.639,NA
214,83,checksum,ifs,FALSE,20,elitize_generation_data,213,11,0.659,NA
215,83,checksum,ifs,FALSE,20,elitize_generation_data,214,22,0.665,NA
216,83,checksum,ifs,FALSE,20,elitize_generation_data,215,16,0.62,NA
217,83,checksum,ifs,FALSE,20,elitize_generation_data,216,17,0.638,NA
218,83,checksum,ifs,FALSE,20,elitize_generation_data,217,15,0.631,NA
219,83,checksum,ifs,FALSE,20,elitize_generation_data,218,17,0.612,NA
220,83,checksum,ifs,FALSE,20,elitize_generation_data,219,17,0.61,NA
221,83,checksum,ifs,FALSE,20,elitize_generation_data,220,11,0.619,NA
222,83,checksum,ifs,FALSE,20,elitize_generation_data,221,19,0.617,NA
223,83,checksum,ifs,FALSE,20,elitize_generation_data,222,21,0.63,NA
224,83,checksum,ifs,FALSE,20,elitize_generation_data,223,15,0.626,NA
225,83,checksum,ifs,FALSE,20,elitize_generation_data,224,12,0.663,NA
226,83,checksum,ifs,FALSE,20,elitize_generation_data,225,13,0.622,NA
227,83,checksum,ifs,FALSE,20,elitize_generation_data,226,9,0.62,NA
228,83,checksum,ifs,FALSE,20,elitize_generation_data,227,13,0.612,NA
229,83,checksum,ifs,FALSE,20,elitize_generation_data,228,15,0.607,NA
230,83,checksum,ifs,FALSE,20,elitize_generation_data,229,11,0.59,NA
231,83,checksum,ifs,FALSE,20,elitize_generation_data,230,10,0.615,NA
232,83,checksum,ifs,FALSE,20,elitize_generation_data,231,17,0.607,NA
233,83,checksum,ifs,FALSE,20,elitize_generation_data,232,12,0.606,NA
234,83,checksum,ifs,FALSE,20,elitize_generation_data,233,16,0.611,NA
235,83,checksum,ifs,FALSE,20,elitize_generation_data,234,11,0.63,NA
236,83,checksum,ifs,FALSE,20,elitize_generation_data,235,12,0.617,NA
237,83,checksum,ifs,FALSE,20,elitize_generation_data,236,10,0.631,NA
238,83,checksum,ifs,FALSE,20,elitize_generation_data,237,14,0.599,NA
239,83,checksum,ifs,FALSE,20,elitize_generation_data,238,18,0.586,NA
240,83,checksum,ifs,FALSE,20,elitize_generation_data,239,12,0.603,NA
241,83,checksum,ifs,FALSE,20,elitize_generation_data,240,20,0.601,NA
242,83,checksum,ifs,FALSE,20,elitize_generation_data,241,7,0.601,NA
243,83,checksum,ifs,FALSE,20,elitize_generation_data,242,14,0.611,NA
244,83,checksum,ifs,FALSE,20,elitize_generation_data,243,8,0.616,NA
245,83,checksum,ifs,FALSE,20,elitize_generation_data,244,12,0.604,NA
246,83,checksum,ifs,FALSE,20,elitize_generation_data,245,11,0.573,NA
247,83,checksum,ifs,FALSE,20,elitize_generation_data,246,18,0.63,NA
248,83,checksum,ifs,FALSE,20,elitize_generation_data,247,13,0.594,NA
249,83,checksum,ifs,FALSE,20,elitize_generation_data,248,16,0.6,NA
250,83,checksum,ifs,FALSE,20,elitize_generation_data,249,19,0.597,NA
251,83,checksum,ifs,FALSE,20,elitize_generation_data,250,13,0.624,NA
252,83,checksum,ifs,FALSE,20,elitize_generation_data,251,7,0.628,NA
253,83,checksum,ifs,FALSE,20,elitize_generation_data,252,11,0.622,NA
254,83,checksum,ifs,FALSE,20,elitize_generation_data,253,8,0.606,NA
255,83,checksum,ifs,FALSE,20,elitize_generation_data,254,14,0.608,NA
256,83,checksum,ifs,FALSE,20,elitize_generation_data,255,16,0.624,NA
257,83,checksum,ifs,FALSE,20,elitize_generation_data,256,10,0.645,NA
258,83,checksum,ifs,FALSE,20,elitize_generation_data,257,14,0.634,NA
259,83,checksum,ifs,FALSE,20,elitize_generation_data,258,20,0.631,NA
260,83,checksum,ifs,FALSE,20,elitize_generation_data,259,10,0.602,NA
261,83,checksum,ifs,FALSE,20,elitize_generation_data,260,15,0.604,NA
262,83,checksum,ifs,FALSE,20,elitize_generation_data,261,16,0.628,NA
263,83,checksum,ifs,FALSE,20,elitize_generation_data,262,17,0.609,NA
264,83,checksum,ifs,FALSE,20,elitize_generation_data,263,14,0.644,NA
265,83,checksum,ifs,FALSE,20,elitize_generation_data,264,19,0.621,NA
266,83,checksum,ifs,FALSE,20,elitize_generation_data,265,13,0.627,NA
267,83,checksum,ifs,FALSE,20,elitize_generation_data,266,16,0.612,NA
268,83,checksum,ifs,FALSE,20,elitize_generation_data,267,23,0.619,NA
269,83,checksum,ifs,FALSE,20,elitize_generation_data,268,20,0.585,NA
270,83,checksum,ifs,FALSE,20,elitize_generation_data,269,21,0.606,NA
271,83,checksum,ifs,FALSE,20,elitize_generation_data,270,23,0.636,NA
272,83,checksum,ifs,FALSE,20,elitize_generation_data,271,20,0.632,NA
273,83,checksum,ifs,FALSE,20,elitize_generation_data,272,12,0.613,NA
274,83,checksum,ifs,FALSE,20,elitize_generation_data,273,17,0.646,NA
275,83,checksum,ifs,FALSE,20,elitize_generation_data,274,17,0.637,NA
276,83,checksum,ifs,FALSE,20,elitize_generation_data,275,10,0.638,NA
277,83,checksum,ifs,FALSE,20,elitize_generation_data,276,16,0.65,NA
278,83,checksum,ifs,FALSE,20,elitize_generation_data,277,11,0.649,NA
279,83,checksum,ifs,FALSE,20,elitize_generation_data,278,11,0.656,NA
280,83,checksum,ifs,FALSE,20,elitize_generation_data,279,13,0.656,NA
281,83,checksum,ifs,FALSE,20,elitize_generation_data,280,12,0.65,NA
282,83,checksum,ifs,FALSE,20,elitize_generation_data,281,12,0.672,NA
283,83,checksum,ifs,FALSE,20,elitize_generation_data,282,17,0.655,NA
284,83,checksum,ifs,FALSE,20,elitize_generation_data,283,15,0.664,NA
285,83,checksum,ifs,FALSE,20,elitize_generation_data,284,12,0.664,NA
286,83,checksum,ifs,FALSE,20,elitize_generation_data,285,12,0.654,NA
287,83,checksum,ifs,FALSE,20,elitize_generation_data,286,19,0.633,NA
288,83,checksum,ifs,FALSE,20,elitize_generation_data,287,18,0.605,NA
289,83,checksum,ifs,FALSE,20,elitize_generation_data,288,11,0.6,NA
290,83,checksum,ifs,FALSE,20,elitize_generation_data,289,14,0.561,NA
291,83,checksum,ifs,FALSE,20,elitize_generation_data,290,13,0.581,NA
292,83,checksum,ifs,FALSE,20,elitize_generation_data,291,18,0.578,NA
293,83,checksum,ifs,FALSE,20,elitize_generation_data,292,18,0.581,NA
294,83,checksum,ifs,FALSE,20,elitize_generation_data,293,16,0.614,NA
295,83,checksum,ifs,FALSE,20,elitize_generation_data,294,12,0.611,NA
296,83,checksum,ifs,FALSE,20,elitize_generation_data,295,9,0.574,NA
297,83,checksum,ifs,FALSE,20,elitize_generation_data,296,14,0.559,NA
298,83,checksum,ifs,FALSE,20,elitize_generation_data,297,17,0.599,NA
299,83,checksum,ifs,FALSE,20,elitize_generation_data,298,13,0.59,NA
300,83,checksum,ifs,FALSE,20,elitize_generation_data,299,11,0.571,NA
301,83,checksum,ifs,FALSE,20,elitize_generation_data,300,19,0.599,NA
