,run.num,problem,treatment,succeeded,height,normalization.function,generation,cluster.count,error.diversity,success.generation
1,95,checksum,ifs,FALSE,20,elitize_generation_data,0,2,0.327,NA
2,95,checksum,ifs,FALSE,20,elitize_generation_data,1,2,0.26,NA
3,95,checksum,ifs,FALSE,20,elitize_generation_data,2,3,0.147,NA
4,95,checksum,ifs,FALSE,20,elitize_generation_data,3,3,0.16,NA
5,95,checksum,ifs,FALSE,20,elitize_generation_data,4,6,0.248,NA
6,95,checksum,ifs,FALSE,20,elitize_generation_data,5,7,0.273,NA
7,95,checksum,ifs,FALSE,20,elitize_generation_data,6,5,0.186,NA
8,95,checksum,ifs,FALSE,20,elitize_generation_data,7,6,0.114,NA
9,95,checksum,ifs,FALSE,20,elitize_generation_data,8,10,0.068,NA
10,95,checksum,ifs,FALSE,20,elitize_generation_data,9,4,0.101,NA
11,95,checksum,ifs,FALSE,20,elitize_generation_data,10,7,0.147,NA
12,95,checksum,ifs,FALSE,20,elitize_generation_data,11,4,0.147,NA
13,95,checksum,ifs,FALSE,20,elitize_generation_data,12,4,0.108,NA
14,95,checksum,ifs,FALSE,20,elitize_generation_data,13,3,0.101,NA
15,95,checksum,ifs,FALSE,20,elitize_generation_data,14,3,0.129,NA
16,95,checksum,ifs,FALSE,20,elitize_generation_data,15,3,0.143,NA
17,95,checksum,ifs,FALSE,20,elitize_generation_data,16,3,0.185,NA
18,95,checksum,ifs,FALSE,20,elitize_generation_data,17,2,0.179,NA
19,95,checksum,ifs,FALSE,20,elitize_generation_data,18,2,0.182,NA
20,95,checksum,ifs,FALSE,20,elitize_generation_data,19,2,0.155,NA
21,95,checksum,ifs,FALSE,20,elitize_generation_data,20,3,0.138,NA
22,95,checksum,ifs,FALSE,20,elitize_generation_data,21,2,0.137,NA
23,95,checksum,ifs,FALSE,20,elitize_generation_data,22,2,0.159,NA
24,95,checksum,ifs,FALSE,20,elitize_generation_data,23,3,0.144,NA
25,95,checksum,ifs,FALSE,20,elitize_generation_data,24,3,0.145,NA
26,95,checksum,ifs,FALSE,20,elitize_generation_data,25,3,0.156,NA
27,95,checksum,ifs,FALSE,20,elitize_generation_data,26,3,0.146,NA
28,95,checksum,ifs,FALSE,20,elitize_generation_data,27,3,0.138,NA
29,95,checksum,ifs,FALSE,20,elitize_generation_data,28,2,0.149,NA
30,95,checksum,ifs,FALSE,20,elitize_generation_data,29,3,0.148,NA
31,95,checksum,ifs,FALSE,20,elitize_generation_data,30,2,0.161,NA
32,95,checksum,ifs,FALSE,20,elitize_generation_data,31,3,0.148,NA
33,95,checksum,ifs,FALSE,20,elitize_generation_data,32,2,0.17,NA
34,95,checksum,ifs,FALSE,20,elitize_generation_data,33,2,0.159,NA
35,95,checksum,ifs,FALSE,20,elitize_generation_data,34,2,0.157,NA
36,95,checksum,ifs,FALSE,20,elitize_generation_data,35,2,0.173,NA
37,95,checksum,ifs,FALSE,20,elitize_generation_data,36,3,0.157,NA
38,95,checksum,ifs,FALSE,20,elitize_generation_data,37,2,0.161,NA
39,95,checksum,ifs,FALSE,20,elitize_generation_data,38,2,0.17,NA
40,95,checksum,ifs,FALSE,20,elitize_generation_data,39,3,0.178,NA
41,95,checksum,ifs,FALSE,20,elitize_generation_data,40,2,0.164,NA
42,95,checksum,ifs,FALSE,20,elitize_generation_data,41,3,0.161,NA
43,95,checksum,ifs,FALSE,20,elitize_generation_data,42,3,0.188,NA
44,95,checksum,ifs,FALSE,20,elitize_generation_data,43,2,0.189,NA
45,95,checksum,ifs,FALSE,20,elitize_generation_data,44,2,0.171,NA
46,95,checksum,ifs,FALSE,20,elitize_generation_data,45,3,0.178,NA
47,95,checksum,ifs,FALSE,20,elitize_generation_data,46,2,0.177,NA
48,95,checksum,ifs,FALSE,20,elitize_generation_data,47,2,0.179,NA
49,95,checksum,ifs,FALSE,20,elitize_generation_data,48,3,0.177,NA
50,95,checksum,ifs,FALSE,20,elitize_generation_data,49,2,0.198,NA
51,95,checksum,ifs,FALSE,20,elitize_generation_data,50,2,0.17,NA
52,95,checksum,ifs,FALSE,20,elitize_generation_data,51,2,0.169,NA
53,95,checksum,ifs,FALSE,20,elitize_generation_data,52,2,0.173,NA
54,95,checksum,ifs,FALSE,20,elitize_generation_data,53,2,0.187,NA
55,95,checksum,ifs,FALSE,20,elitize_generation_data,54,2,0.183,NA
56,95,checksum,ifs,FALSE,20,elitize_generation_data,55,2,0.176,NA
57,95,checksum,ifs,FALSE,20,elitize_generation_data,56,2,0.171,NA
58,95,checksum,ifs,FALSE,20,elitize_generation_data,57,3,0.189,NA
59,95,checksum,ifs,FALSE,20,elitize_generation_data,58,2,0.17,NA
60,95,checksum,ifs,FALSE,20,elitize_generation_data,59,2,0.161,NA
61,95,checksum,ifs,FALSE,20,elitize_generation_data,60,2,0.184,NA
62,95,checksum,ifs,FALSE,20,elitize_generation_data,61,2,0.158,NA
63,95,checksum,ifs,FALSE,20,elitize_generation_data,62,2,0.169,NA
64,95,checksum,ifs,FALSE,20,elitize_generation_data,63,2,0.17,NA
65,95,checksum,ifs,FALSE,20,elitize_generation_data,64,2,0.167,NA
66,95,checksum,ifs,FALSE,20,elitize_generation_data,65,2,0.147,NA
67,95,checksum,ifs,FALSE,20,elitize_generation_data,66,2,0.186,NA
68,95,checksum,ifs,FALSE,20,elitize_generation_data,67,3,0.171,NA
69,95,checksum,ifs,FALSE,20,elitize_generation_data,68,2,0.168,NA
70,95,checksum,ifs,FALSE,20,elitize_generation_data,69,2,0.16,NA
71,95,checksum,ifs,FALSE,20,elitize_generation_data,70,2,0.167,NA
72,95,checksum,ifs,FALSE,20,elitize_generation_data,71,2,0.175,NA
73,95,checksum,ifs,FALSE,20,elitize_generation_data,72,2,0.179,NA
74,95,checksum,ifs,FALSE,20,elitize_generation_data,73,2,0.158,NA
75,95,checksum,ifs,FALSE,20,elitize_generation_data,74,2,0.162,NA
76,95,checksum,ifs,FALSE,20,elitize_generation_data,75,3,0.163,NA
77,95,checksum,ifs,FALSE,20,elitize_generation_data,76,2,0.194,NA
78,95,checksum,ifs,FALSE,20,elitize_generation_data,77,2,0.186,NA
79,95,checksum,ifs,FALSE,20,elitize_generation_data,78,2,0.161,NA
80,95,checksum,ifs,FALSE,20,elitize_generation_data,79,2,0.164,NA
81,95,checksum,ifs,FALSE,20,elitize_generation_data,80,2,0.159,NA
82,95,checksum,ifs,FALSE,20,elitize_generation_data,81,2,0.181,NA
83,95,checksum,ifs,FALSE,20,elitize_generation_data,82,2,0.16,NA
84,95,checksum,ifs,FALSE,20,elitize_generation_data,83,2,0.169,NA
85,95,checksum,ifs,FALSE,20,elitize_generation_data,84,2,0.159,NA
86,95,checksum,ifs,FALSE,20,elitize_generation_data,85,2,0.163,NA
87,95,checksum,ifs,FALSE,20,elitize_generation_data,86,2,0.161,NA
88,95,checksum,ifs,FALSE,20,elitize_generation_data,87,2,0.162,NA
89,95,checksum,ifs,FALSE,20,elitize_generation_data,88,2,0.161,NA
90,95,checksum,ifs,FALSE,20,elitize_generation_data,89,2,0.156,NA
91,95,checksum,ifs,FALSE,20,elitize_generation_data,90,2,0.154,NA
92,95,checksum,ifs,FALSE,20,elitize_generation_data,91,2,0.153,NA
93,95,checksum,ifs,FALSE,20,elitize_generation_data,92,2,0.149,NA
94,95,checksum,ifs,FALSE,20,elitize_generation_data,93,3,0.149,NA
95,95,checksum,ifs,FALSE,20,elitize_generation_data,94,2,0.132,NA
96,95,checksum,ifs,FALSE,20,elitize_generation_data,95,2,0.159,NA
97,95,checksum,ifs,FALSE,20,elitize_generation_data,96,2,0.146,NA
98,95,checksum,ifs,FALSE,20,elitize_generation_data,97,2,0.14,NA
99,95,checksum,ifs,FALSE,20,elitize_generation_data,98,3,0.153,NA
100,95,checksum,ifs,FALSE,20,elitize_generation_data,99,2,0.135,NA
101,95,checksum,ifs,FALSE,20,elitize_generation_data,100,2,0.144,NA
102,95,checksum,ifs,FALSE,20,elitize_generation_data,101,2,0.151,NA
103,95,checksum,ifs,FALSE,20,elitize_generation_data,102,2,0.139,NA
104,95,checksum,ifs,FALSE,20,elitize_generation_data,103,2,0.14,NA
105,95,checksum,ifs,FALSE,20,elitize_generation_data,104,2,0.148,NA
106,95,checksum,ifs,FALSE,20,elitize_generation_data,105,2,0.143,NA
107,95,checksum,ifs,FALSE,20,elitize_generation_data,106,2,0.168,NA
108,95,checksum,ifs,FALSE,20,elitize_generation_data,107,2,0.157,NA
109,95,checksum,ifs,FALSE,20,elitize_generation_data,108,2,0.212,NA
110,95,checksum,ifs,FALSE,20,elitize_generation_data,109,2,0.203,NA
111,95,checksum,ifs,FALSE,20,elitize_generation_data,110,2,0.195,NA
112,95,checksum,ifs,FALSE,20,elitize_generation_data,111,2,0.217,NA
113,95,checksum,ifs,FALSE,20,elitize_generation_data,112,2,0.253,NA
114,95,checksum,ifs,FALSE,20,elitize_generation_data,113,2,0.277,NA
115,95,checksum,ifs,FALSE,20,elitize_generation_data,114,3,0.308,NA
116,95,checksum,ifs,FALSE,20,elitize_generation_data,115,2,0.302,NA
117,95,checksum,ifs,FALSE,20,elitize_generation_data,116,2,0.281,NA
118,95,checksum,ifs,FALSE,20,elitize_generation_data,117,2,0.231,NA
119,95,checksum,ifs,FALSE,20,elitize_generation_data,118,2,0.205,NA
120,95,checksum,ifs,FALSE,20,elitize_generation_data,119,2,0.203,NA
121,95,checksum,ifs,FALSE,20,elitize_generation_data,120,3,0.217,NA
122,95,checksum,ifs,FALSE,20,elitize_generation_data,121,4,0.255,NA
123,95,checksum,ifs,FALSE,20,elitize_generation_data,122,3,0.303,NA
124,95,checksum,ifs,FALSE,20,elitize_generation_data,123,2,0.354,NA
125,95,checksum,ifs,FALSE,20,elitize_generation_data,124,3,0.375,NA
126,95,checksum,ifs,FALSE,20,elitize_generation_data,125,3,0.329,NA
127,95,checksum,ifs,FALSE,20,elitize_generation_data,126,4,0.285,NA
128,95,checksum,ifs,FALSE,20,elitize_generation_data,127,3,0.324,NA
129,95,checksum,ifs,FALSE,20,elitize_generation_data,128,3,0.354,NA
130,95,checksum,ifs,FALSE,20,elitize_generation_data,129,4,0.327,NA
131,95,checksum,ifs,FALSE,20,elitize_generation_data,130,3,0.286,NA
132,95,checksum,ifs,FALSE,20,elitize_generation_data,131,3,0.321,NA
133,95,checksum,ifs,FALSE,20,elitize_generation_data,132,3,0.353,NA
134,95,checksum,ifs,FALSE,20,elitize_generation_data,133,3,0.402,NA
135,95,checksum,ifs,FALSE,20,elitize_generation_data,134,6,0.447,NA
136,95,checksum,ifs,FALSE,20,elitize_generation_data,135,5,0.424,NA
137,95,checksum,ifs,FALSE,20,elitize_generation_data,136,4,0.36,NA
138,95,checksum,ifs,FALSE,20,elitize_generation_data,137,8,0.299,NA
139,95,checksum,ifs,FALSE,20,elitize_generation_data,138,11,0.293,NA
140,95,checksum,ifs,FALSE,20,elitize_generation_data,139,10,0.289,NA
141,95,checksum,ifs,FALSE,20,elitize_generation_data,140,14,0.303,NA
142,95,checksum,ifs,FALSE,20,elitize_generation_data,141,14,0.283,NA
143,95,checksum,ifs,FALSE,20,elitize_generation_data,142,11,0.271,NA
144,95,checksum,ifs,FALSE,20,elitize_generation_data,143,11,0.282,NA
145,95,checksum,ifs,FALSE,20,elitize_generation_data,144,10,0.273,NA
146,95,checksum,ifs,FALSE,20,elitize_generation_data,145,14,0.286,NA
147,95,checksum,ifs,FALSE,20,elitize_generation_data,146,13,0.251,NA
148,95,checksum,ifs,FALSE,20,elitize_generation_data,147,9,0.283,NA
149,95,checksum,ifs,FALSE,20,elitize_generation_data,148,12,0.263,NA
150,95,checksum,ifs,FALSE,20,elitize_generation_data,149,13,0.285,NA
151,95,checksum,ifs,FALSE,20,elitize_generation_data,150,10,0.26,NA
152,95,checksum,ifs,FALSE,20,elitize_generation_data,151,14,0.256,NA
153,95,checksum,ifs,FALSE,20,elitize_generation_data,152,10,0.283,NA
154,95,checksum,ifs,FALSE,20,elitize_generation_data,153,10,0.255,NA
155,95,checksum,ifs,FALSE,20,elitize_generation_data,154,15,0.271,NA
156,95,checksum,ifs,FALSE,20,elitize_generation_data,155,12,0.276,NA
157,95,checksum,ifs,FALSE,20,elitize_generation_data,156,16,0.265,NA
158,95,checksum,ifs,FALSE,20,elitize_generation_data,157,11,0.262,NA
159,95,checksum,ifs,FALSE,20,elitize_generation_data,158,14,0.262,NA
160,95,checksum,ifs,FALSE,20,elitize_generation_data,159,11,0.272,NA
161,95,checksum,ifs,FALSE,20,elitize_generation_data,160,16,0.276,NA
162,95,checksum,ifs,FALSE,20,elitize_generation_data,161,12,0.274,NA
163,95,checksum,ifs,FALSE,20,elitize_generation_data,162,13,0.272,NA
164,95,checksum,ifs,FALSE,20,elitize_generation_data,163,12,0.28,NA
165,95,checksum,ifs,FALSE,20,elitize_generation_data,164,15,0.311,NA
166,95,checksum,ifs,FALSE,20,elitize_generation_data,165,15,0.343,NA
167,95,checksum,ifs,FALSE,20,elitize_generation_data,166,10,0.358,NA
168,95,checksum,ifs,FALSE,20,elitize_generation_data,167,15,0.392,NA
169,95,checksum,ifs,FALSE,20,elitize_generation_data,168,14,0.382,NA
170,95,checksum,ifs,FALSE,20,elitize_generation_data,169,14,0.404,NA
171,95,checksum,ifs,FALSE,20,elitize_generation_data,170,10,0.41,NA
172,95,checksum,ifs,FALSE,20,elitize_generation_data,171,17,0.418,NA
173,95,checksum,ifs,FALSE,20,elitize_generation_data,172,10,0.403,NA
174,95,checksum,ifs,FALSE,20,elitize_generation_data,173,10,0.418,NA
175,95,checksum,ifs,FALSE,20,elitize_generation_data,174,16,0.432,NA
176,95,checksum,ifs,FALSE,20,elitize_generation_data,175,13,0.475,NA
177,95,checksum,ifs,FALSE,20,elitize_generation_data,176,15,0.451,NA
178,95,checksum,ifs,FALSE,20,elitize_generation_data,177,14,0.445,NA
179,95,checksum,ifs,FALSE,20,elitize_generation_data,178,16,0.451,NA
180,95,checksum,ifs,FALSE,20,elitize_generation_data,179,13,0.435,NA
181,95,checksum,ifs,FALSE,20,elitize_generation_data,180,11,0.434,NA
182,95,checksum,ifs,FALSE,20,elitize_generation_data,181,16,0.481,NA
183,95,checksum,ifs,FALSE,20,elitize_generation_data,182,12,0.455,NA
184,95,checksum,ifs,FALSE,20,elitize_generation_data,183,11,0.388,NA
185,95,checksum,ifs,FALSE,20,elitize_generation_data,184,13,0.402,NA
186,95,checksum,ifs,FALSE,20,elitize_generation_data,185,11,0.378,NA
187,95,checksum,ifs,FALSE,20,elitize_generation_data,186,14,0.372,NA
188,95,checksum,ifs,FALSE,20,elitize_generation_data,187,12,0.383,NA
189,95,checksum,ifs,FALSE,20,elitize_generation_data,188,10,0.401,NA
190,95,checksum,ifs,FALSE,20,elitize_generation_data,189,11,0.395,NA
191,95,checksum,ifs,FALSE,20,elitize_generation_data,190,12,0.41,NA
192,95,checksum,ifs,FALSE,20,elitize_generation_data,191,14,0.428,NA
193,95,checksum,ifs,FALSE,20,elitize_generation_data,192,11,0.422,NA
194,95,checksum,ifs,FALSE,20,elitize_generation_data,193,13,0.417,NA
195,95,checksum,ifs,FALSE,20,elitize_generation_data,194,15,0.382,NA
196,95,checksum,ifs,FALSE,20,elitize_generation_data,195,14,0.364,NA
197,95,checksum,ifs,FALSE,20,elitize_generation_data,196,15,0.374,NA
198,95,checksum,ifs,FALSE,20,elitize_generation_data,197,12,0.386,NA
199,95,checksum,ifs,FALSE,20,elitize_generation_data,198,14,0.394,NA
200,95,checksum,ifs,FALSE,20,elitize_generation_data,199,9,0.404,NA
201,95,checksum,ifs,FALSE,20,elitize_generation_data,200,10,0.393,NA
202,95,checksum,ifs,FALSE,20,elitize_generation_data,201,14,0.423,NA
203,95,checksum,ifs,FALSE,20,elitize_generation_data,202,12,0.382,NA
204,95,checksum,ifs,FALSE,20,elitize_generation_data,203,13,0.454,NA
205,95,checksum,ifs,FALSE,20,elitize_generation_data,204,12,0.425,NA
206,95,checksum,ifs,FALSE,20,elitize_generation_data,205,13,0.404,NA
207,95,checksum,ifs,FALSE,20,elitize_generation_data,206,8,0.435,NA
208,95,checksum,ifs,FALSE,20,elitize_generation_data,207,14,0.376,NA
209,95,checksum,ifs,FALSE,20,elitize_generation_data,208,14,0.412,NA
210,95,checksum,ifs,FALSE,20,elitize_generation_data,209,15,0.428,NA
211,95,checksum,ifs,FALSE,20,elitize_generation_data,210,16,0.421,NA
212,95,checksum,ifs,FALSE,20,elitize_generation_data,211,17,0.411,NA
213,95,checksum,ifs,FALSE,20,elitize_generation_data,212,15,0.431,NA
214,95,checksum,ifs,FALSE,20,elitize_generation_data,213,14,0.418,NA
215,95,checksum,ifs,FALSE,20,elitize_generation_data,214,13,0.408,NA
216,95,checksum,ifs,FALSE,20,elitize_generation_data,215,10,0.415,NA
217,95,checksum,ifs,FALSE,20,elitize_generation_data,216,11,0.418,NA
218,95,checksum,ifs,FALSE,20,elitize_generation_data,217,12,0.425,NA
219,95,checksum,ifs,FALSE,20,elitize_generation_data,218,14,0.402,NA
220,95,checksum,ifs,FALSE,20,elitize_generation_data,219,10,0.393,NA
221,95,checksum,ifs,FALSE,20,elitize_generation_data,220,11,0.42,NA
222,95,checksum,ifs,FALSE,20,elitize_generation_data,221,16,0.452,NA
223,95,checksum,ifs,FALSE,20,elitize_generation_data,222,15,0.415,NA
224,95,checksum,ifs,FALSE,20,elitize_generation_data,223,16,0.382,NA
225,95,checksum,ifs,FALSE,20,elitize_generation_data,224,17,0.409,NA
226,95,checksum,ifs,FALSE,20,elitize_generation_data,225,12,0.42,NA
227,95,checksum,ifs,FALSE,20,elitize_generation_data,226,15,0.436,NA
228,95,checksum,ifs,FALSE,20,elitize_generation_data,227,13,0.434,NA
229,95,checksum,ifs,FALSE,20,elitize_generation_data,228,13,0.432,NA
230,95,checksum,ifs,FALSE,20,elitize_generation_data,229,13,0.407,NA
231,95,checksum,ifs,FALSE,20,elitize_generation_data,230,16,0.415,NA
232,95,checksum,ifs,FALSE,20,elitize_generation_data,231,17,0.42,NA
233,95,checksum,ifs,FALSE,20,elitize_generation_data,232,19,0.441,NA
234,95,checksum,ifs,FALSE,20,elitize_generation_data,233,17,0.397,NA
235,95,checksum,ifs,FALSE,20,elitize_generation_data,234,15,0.417,NA
236,95,checksum,ifs,FALSE,20,elitize_generation_data,235,16,0.371,NA
237,95,checksum,ifs,FALSE,20,elitize_generation_data,236,12,0.388,NA
238,95,checksum,ifs,FALSE,20,elitize_generation_data,237,20,0.381,NA
239,95,checksum,ifs,FALSE,20,elitize_generation_data,238,10,0.353,NA
240,95,checksum,ifs,FALSE,20,elitize_generation_data,239,14,0.359,NA
241,95,checksum,ifs,FALSE,20,elitize_generation_data,240,15,0.381,NA
242,95,checksum,ifs,FALSE,20,elitize_generation_data,241,19,0.403,NA
243,95,checksum,ifs,FALSE,20,elitize_generation_data,242,15,0.388,NA
244,95,checksum,ifs,FALSE,20,elitize_generation_data,243,17,0.388,NA
245,95,checksum,ifs,FALSE,20,elitize_generation_data,244,18,0.395,NA
246,95,checksum,ifs,FALSE,20,elitize_generation_data,245,15,0.398,NA
247,95,checksum,ifs,FALSE,20,elitize_generation_data,246,18,0.386,NA
248,95,checksum,ifs,FALSE,20,elitize_generation_data,247,13,0.365,NA
249,95,checksum,ifs,FALSE,20,elitize_generation_data,248,16,0.354,NA
250,95,checksum,ifs,FALSE,20,elitize_generation_data,249,13,0.41,NA
251,95,checksum,ifs,FALSE,20,elitize_generation_data,250,18,0.392,NA
252,95,checksum,ifs,FALSE,20,elitize_generation_data,251,15,0.388,NA
253,95,checksum,ifs,FALSE,20,elitize_generation_data,252,17,0.397,NA
254,95,checksum,ifs,FALSE,20,elitize_generation_data,253,16,0.397,NA
255,95,checksum,ifs,FALSE,20,elitize_generation_data,254,15,0.386,NA
256,95,checksum,ifs,FALSE,20,elitize_generation_data,255,17,0.406,NA
257,95,checksum,ifs,FALSE,20,elitize_generation_data,256,17,0.402,NA
258,95,checksum,ifs,FALSE,20,elitize_generation_data,257,14,0.409,NA
259,95,checksum,ifs,FALSE,20,elitize_generation_data,258,13,0.4,NA
260,95,checksum,ifs,FALSE,20,elitize_generation_data,259,18,0.4,NA
261,95,checksum,ifs,FALSE,20,elitize_generation_data,260,15,0.37,NA
262,95,checksum,ifs,FALSE,20,elitize_generation_data,261,14,0.402,NA
263,95,checksum,ifs,FALSE,20,elitize_generation_data,262,13,0.406,NA
264,95,checksum,ifs,FALSE,20,elitize_generation_data,263,15,0.382,NA
265,95,checksum,ifs,FALSE,20,elitize_generation_data,264,14,0.432,NA
266,95,checksum,ifs,FALSE,20,elitize_generation_data,265,18,0.422,NA
267,95,checksum,ifs,FALSE,20,elitize_generation_data,266,15,0.392,NA
268,95,checksum,ifs,FALSE,20,elitize_generation_data,267,18,0.417,NA
269,95,checksum,ifs,FALSE,20,elitize_generation_data,268,17,0.4,NA
270,95,checksum,ifs,FALSE,20,elitize_generation_data,269,15,0.399,NA
271,95,checksum,ifs,FALSE,20,elitize_generation_data,270,12,0.37,NA
272,95,checksum,ifs,FALSE,20,elitize_generation_data,271,19,0.434,NA
273,95,checksum,ifs,FALSE,20,elitize_generation_data,272,22,0.431,NA
274,95,checksum,ifs,FALSE,20,elitize_generation_data,273,19,0.423,NA
275,95,checksum,ifs,FALSE,20,elitize_generation_data,274,13,0.426,NA
276,95,checksum,ifs,FALSE,20,elitize_generation_data,275,16,0.418,NA
277,95,checksum,ifs,FALSE,20,elitize_generation_data,276,17,0.404,NA
278,95,checksum,ifs,FALSE,20,elitize_generation_data,277,18,0.397,NA
279,95,checksum,ifs,FALSE,20,elitize_generation_data,278,16,0.394,NA
280,95,checksum,ifs,FALSE,20,elitize_generation_data,279,17,0.403,NA
281,95,checksum,ifs,FALSE,20,elitize_generation_data,280,20,0.398,NA
282,95,checksum,ifs,FALSE,20,elitize_generation_data,281,15,0.426,NA
283,95,checksum,ifs,FALSE,20,elitize_generation_data,282,16,0.437,NA
284,95,checksum,ifs,FALSE,20,elitize_generation_data,283,23,0.454,NA
285,95,checksum,ifs,FALSE,20,elitize_generation_data,284,21,0.427,NA
286,95,checksum,ifs,FALSE,20,elitize_generation_data,285,19,0.43,NA
287,95,checksum,ifs,FALSE,20,elitize_generation_data,286,13,0.449,NA
288,95,checksum,ifs,FALSE,20,elitize_generation_data,287,18,0.435,NA
289,95,checksum,ifs,FALSE,20,elitize_generation_data,288,12,0.437,NA
290,95,checksum,ifs,FALSE,20,elitize_generation_data,289,10,0.438,NA
291,95,checksum,ifs,FALSE,20,elitize_generation_data,290,17,0.427,NA
292,95,checksum,ifs,FALSE,20,elitize_generation_data,291,15,0.43,NA
293,95,checksum,ifs,FALSE,20,elitize_generation_data,292,13,0.417,NA
294,95,checksum,ifs,FALSE,20,elitize_generation_data,293,14,0.441,NA
295,95,checksum,ifs,FALSE,20,elitize_generation_data,294,17,0.412,NA
296,95,checksum,ifs,FALSE,20,elitize_generation_data,295,17,0.417,NA
297,95,checksum,ifs,FALSE,20,elitize_generation_data,296,19,0.433,NA
298,95,checksum,ifs,FALSE,20,elitize_generation_data,297,18,0.434,NA
299,95,checksum,ifs,FALSE,20,elitize_generation_data,298,19,0.436,NA
300,95,checksum,ifs,FALSE,20,elitize_generation_data,299,15,0.416,NA
301,95,checksum,ifs,FALSE,20,elitize_generation_data,300,18,0.414,NA
