,run.num,problem,treatment,succeeded,height,normalization.function,generation,cluster.count,error.diversity,success.generation
1,5,checksum,ifs,FALSE,20,elitize_generation_data,0,2,0.294,NA
2,5,checksum,ifs,FALSE,20,elitize_generation_data,1,2,0.266,NA
3,5,checksum,ifs,FALSE,20,elitize_generation_data,2,2,0.143,NA
4,5,checksum,ifs,FALSE,20,elitize_generation_data,3,3,0.138,NA
5,5,checksum,ifs,FALSE,20,elitize_generation_data,4,5,0.077,NA
6,5,checksum,ifs,FALSE,20,elitize_generation_data,5,4,0.092,NA
7,5,checksum,ifs,FALSE,20,elitize_generation_data,6,4,0.11,NA
8,5,checksum,ifs,FALSE,20,elitize_generation_data,7,7,0.082,NA
9,5,checksum,ifs,FALSE,20,elitize_generation_data,8,3,0.065,NA
10,5,checksum,ifs,FALSE,20,elitize_generation_data,9,5,0.059,NA
11,5,checksum,ifs,FALSE,20,elitize_generation_data,10,3,0.076,NA
12,5,checksum,ifs,FALSE,20,elitize_generation_data,11,5,0.063,NA
13,5,checksum,ifs,FALSE,20,elitize_generation_data,12,5,0.038,NA
14,5,checksum,ifs,FALSE,20,elitize_generation_data,13,4,0.037,NA
15,5,checksum,ifs,FALSE,20,elitize_generation_data,14,6,0.028,NA
16,5,checksum,ifs,FALSE,20,elitize_generation_data,15,5,0.028,NA
17,5,checksum,ifs,FALSE,20,elitize_generation_data,16,7,0.03,NA
18,5,checksum,ifs,FALSE,20,elitize_generation_data,17,6,0.028,NA
19,5,checksum,ifs,FALSE,20,elitize_generation_data,18,6,0.031,NA
20,5,checksum,ifs,FALSE,20,elitize_generation_data,19,5,0.034,NA
21,5,checksum,ifs,FALSE,20,elitize_generation_data,20,5,0.029,NA
22,5,checksum,ifs,FALSE,20,elitize_generation_data,21,7,0.037,NA
23,5,checksum,ifs,FALSE,20,elitize_generation_data,22,6,0.036,NA
24,5,checksum,ifs,FALSE,20,elitize_generation_data,23,5,0.054,NA
25,5,checksum,ifs,FALSE,20,elitize_generation_data,24,6,0.048,NA
26,5,checksum,ifs,FALSE,20,elitize_generation_data,25,6,0.057,NA
27,5,checksum,ifs,FALSE,20,elitize_generation_data,26,13,0.082,NA
28,5,checksum,ifs,FALSE,20,elitize_generation_data,27,6,0.067,NA
29,5,checksum,ifs,FALSE,20,elitize_generation_data,28,7,0.08,NA
30,5,checksum,ifs,FALSE,20,elitize_generation_data,29,7,0.098,NA
31,5,checksum,ifs,FALSE,20,elitize_generation_data,30,11,0.098,NA
32,5,checksum,ifs,FALSE,20,elitize_generation_data,31,13,0.104,NA
33,5,checksum,ifs,FALSE,20,elitize_generation_data,32,5,0.114,NA
34,5,checksum,ifs,FALSE,20,elitize_generation_data,33,7,0.117,NA
35,5,checksum,ifs,FALSE,20,elitize_generation_data,34,10,0.139,NA
36,5,checksum,ifs,FALSE,20,elitize_generation_data,35,8,0.132,NA
37,5,checksum,ifs,FALSE,20,elitize_generation_data,36,6,0.137,NA
38,5,checksum,ifs,FALSE,20,elitize_generation_data,37,7,0.15,NA
39,5,checksum,ifs,FALSE,20,elitize_generation_data,38,5,0.173,NA
40,5,checksum,ifs,FALSE,20,elitize_generation_data,39,8,0.159,NA
41,5,checksum,ifs,FALSE,20,elitize_generation_data,40,10,0.167,NA
42,5,checksum,ifs,FALSE,20,elitize_generation_data,41,7,0.16,NA
43,5,checksum,ifs,FALSE,20,elitize_generation_data,42,10,0.191,NA
44,5,checksum,ifs,FALSE,20,elitize_generation_data,43,8,0.204,NA
45,5,checksum,ifs,FALSE,20,elitize_generation_data,44,7,0.214,NA
46,5,checksum,ifs,FALSE,20,elitize_generation_data,45,6,0.211,NA
47,5,checksum,ifs,FALSE,20,elitize_generation_data,46,6,0.217,NA
48,5,checksum,ifs,FALSE,20,elitize_generation_data,47,9,0.216,NA
49,5,checksum,ifs,FALSE,20,elitize_generation_data,48,6,0.213,NA
50,5,checksum,ifs,FALSE,20,elitize_generation_data,49,6,0.232,NA
51,5,checksum,ifs,FALSE,20,elitize_generation_data,50,5,0.266,NA
52,5,checksum,ifs,FALSE,20,elitize_generation_data,51,7,0.236,NA
53,5,checksum,ifs,FALSE,20,elitize_generation_data,52,6,0.213,NA
54,5,checksum,ifs,FALSE,20,elitize_generation_data,53,7,0.209,NA
55,5,checksum,ifs,FALSE,20,elitize_generation_data,54,7,0.159,NA
56,5,checksum,ifs,FALSE,20,elitize_generation_data,55,10,0.171,NA
57,5,checksum,ifs,FALSE,20,elitize_generation_data,56,9,0.177,NA
58,5,checksum,ifs,FALSE,20,elitize_generation_data,57,10,0.204,NA
59,5,checksum,ifs,FALSE,20,elitize_generation_data,58,6,0.211,NA
60,5,checksum,ifs,FALSE,20,elitize_generation_data,59,8,0.184,NA
61,5,checksum,ifs,FALSE,20,elitize_generation_data,60,8,0.182,NA
62,5,checksum,ifs,FALSE,20,elitize_generation_data,61,5,0.189,NA
63,5,checksum,ifs,FALSE,20,elitize_generation_data,62,8,0.146,NA
64,5,checksum,ifs,FALSE,20,elitize_generation_data,63,8,0.174,NA
65,5,checksum,ifs,FALSE,20,elitize_generation_data,64,13,0.174,NA
66,5,checksum,ifs,FALSE,20,elitize_generation_data,65,6,0.178,NA
67,5,checksum,ifs,FALSE,20,elitize_generation_data,66,6,0.16,NA
68,5,checksum,ifs,FALSE,20,elitize_generation_data,67,11,0.162,NA
69,5,checksum,ifs,FALSE,20,elitize_generation_data,68,8,0.189,NA
70,5,checksum,ifs,FALSE,20,elitize_generation_data,69,6,0.205,NA
71,5,checksum,ifs,FALSE,20,elitize_generation_data,70,8,0.186,NA
72,5,checksum,ifs,FALSE,20,elitize_generation_data,71,7,0.156,NA
73,5,checksum,ifs,FALSE,20,elitize_generation_data,72,8,0.166,NA
74,5,checksum,ifs,FALSE,20,elitize_generation_data,73,6,0.163,NA
75,5,checksum,ifs,FALSE,20,elitize_generation_data,74,8,0.187,NA
76,5,checksum,ifs,FALSE,20,elitize_generation_data,75,5,0.201,NA
77,5,checksum,ifs,FALSE,20,elitize_generation_data,76,7,0.168,NA
78,5,checksum,ifs,FALSE,20,elitize_generation_data,77,8,0.178,NA
79,5,checksum,ifs,FALSE,20,elitize_generation_data,78,7,0.18,NA
80,5,checksum,ifs,FALSE,20,elitize_generation_data,79,9,0.172,NA
81,5,checksum,ifs,FALSE,20,elitize_generation_data,80,7,0.187,NA
82,5,checksum,ifs,FALSE,20,elitize_generation_data,81,7,0.201,NA
83,5,checksum,ifs,FALSE,20,elitize_generation_data,82,7,0.175,NA
84,5,checksum,ifs,FALSE,20,elitize_generation_data,83,10,0.161,NA
85,5,checksum,ifs,FALSE,20,elitize_generation_data,84,10,0.152,NA
86,5,checksum,ifs,FALSE,20,elitize_generation_data,85,8,0.173,NA
87,5,checksum,ifs,FALSE,20,elitize_generation_data,86,9,0.168,NA
88,5,checksum,ifs,FALSE,20,elitize_generation_data,87,6,0.182,NA
89,5,checksum,ifs,FALSE,20,elitize_generation_data,88,11,0.178,NA
90,5,checksum,ifs,FALSE,20,elitize_generation_data,89,9,0.173,NA
91,5,checksum,ifs,FALSE,20,elitize_generation_data,90,6,0.16,NA
92,5,checksum,ifs,FALSE,20,elitize_generation_data,91,7,0.162,NA
93,5,checksum,ifs,FALSE,20,elitize_generation_data,92,9,0.167,NA
94,5,checksum,ifs,FALSE,20,elitize_generation_data,93,6,0.177,NA
95,5,checksum,ifs,FALSE,20,elitize_generation_data,94,12,0.162,NA
96,5,checksum,ifs,FALSE,20,elitize_generation_data,95,7,0.167,NA
97,5,checksum,ifs,FALSE,20,elitize_generation_data,96,9,0.177,NA
98,5,checksum,ifs,FALSE,20,elitize_generation_data,97,9,0.155,NA
99,5,checksum,ifs,FALSE,20,elitize_generation_data,98,8,0.171,NA
100,5,checksum,ifs,FALSE,20,elitize_generation_data,99,7,0.164,NA
101,5,checksum,ifs,FALSE,20,elitize_generation_data,100,7,0.16,NA
102,5,checksum,ifs,FALSE,20,elitize_generation_data,101,5,0.154,NA
103,5,checksum,ifs,FALSE,20,elitize_generation_data,102,9,0.157,NA
104,5,checksum,ifs,FALSE,20,elitize_generation_data,103,10,0.164,NA
105,5,checksum,ifs,FALSE,20,elitize_generation_data,104,8,0.165,NA
106,5,checksum,ifs,FALSE,20,elitize_generation_data,105,8,0.144,NA
107,5,checksum,ifs,FALSE,20,elitize_generation_data,106,8,0.163,NA
108,5,checksum,ifs,FALSE,20,elitize_generation_data,107,11,0.162,NA
109,5,checksum,ifs,FALSE,20,elitize_generation_data,108,8,0.156,NA
110,5,checksum,ifs,FALSE,20,elitize_generation_data,109,10,0.163,NA
111,5,checksum,ifs,FALSE,20,elitize_generation_data,110,14,0.169,NA
112,5,checksum,ifs,FALSE,20,elitize_generation_data,111,11,0.16,NA
113,5,checksum,ifs,FALSE,20,elitize_generation_data,112,9,0.162,NA
114,5,checksum,ifs,FALSE,20,elitize_generation_data,113,9,0.186,NA
115,5,checksum,ifs,FALSE,20,elitize_generation_data,114,8,0.161,NA
116,5,checksum,ifs,FALSE,20,elitize_generation_data,115,8,0.169,NA
117,5,checksum,ifs,FALSE,20,elitize_generation_data,116,6,0.164,NA
118,5,checksum,ifs,FALSE,20,elitize_generation_data,117,9,0.168,NA
119,5,checksum,ifs,FALSE,20,elitize_generation_data,118,10,0.164,NA
120,5,checksum,ifs,FALSE,20,elitize_generation_data,119,14,0.155,NA
121,5,checksum,ifs,FALSE,20,elitize_generation_data,120,10,0.158,NA
122,5,checksum,ifs,FALSE,20,elitize_generation_data,121,9,0.15,NA
123,5,checksum,ifs,FALSE,20,elitize_generation_data,122,9,0.157,NA
124,5,checksum,ifs,FALSE,20,elitize_generation_data,123,7,0.16,NA
125,5,checksum,ifs,FALSE,20,elitize_generation_data,124,10,0.173,NA
126,5,checksum,ifs,FALSE,20,elitize_generation_data,125,13,0.166,NA
127,5,checksum,ifs,FALSE,20,elitize_generation_data,126,10,0.157,NA
128,5,checksum,ifs,FALSE,20,elitize_generation_data,127,9,0.171,NA
129,5,checksum,ifs,FALSE,20,elitize_generation_data,128,10,0.187,NA
130,5,checksum,ifs,FALSE,20,elitize_generation_data,129,10,0.158,NA
131,5,checksum,ifs,FALSE,20,elitize_generation_data,130,10,0.168,NA
132,5,checksum,ifs,FALSE,20,elitize_generation_data,131,10,0.171,NA
133,5,checksum,ifs,FALSE,20,elitize_generation_data,132,12,0.164,NA
134,5,checksum,ifs,FALSE,20,elitize_generation_data,133,11,0.152,NA
135,5,checksum,ifs,FALSE,20,elitize_generation_data,134,13,0.16,NA
136,5,checksum,ifs,FALSE,20,elitize_generation_data,135,10,0.174,NA
137,5,checksum,ifs,FALSE,20,elitize_generation_data,136,7,0.177,NA
138,5,checksum,ifs,FALSE,20,elitize_generation_data,137,12,0.177,NA
139,5,checksum,ifs,FALSE,20,elitize_generation_data,138,10,0.172,NA
140,5,checksum,ifs,FALSE,20,elitize_generation_data,139,16,0.18,NA
141,5,checksum,ifs,FALSE,20,elitize_generation_data,140,11,0.17,NA
142,5,checksum,ifs,FALSE,20,elitize_generation_data,141,12,0.153,NA
143,5,checksum,ifs,FALSE,20,elitize_generation_data,142,14,0.171,NA
144,5,checksum,ifs,FALSE,20,elitize_generation_data,143,6,0.173,NA
145,5,checksum,ifs,FALSE,20,elitize_generation_data,144,8,0.178,NA
146,5,checksum,ifs,FALSE,20,elitize_generation_data,145,8,0.178,NA
147,5,checksum,ifs,FALSE,20,elitize_generation_data,146,9,0.198,NA
148,5,checksum,ifs,FALSE,20,elitize_generation_data,147,9,0.213,NA
149,5,checksum,ifs,FALSE,20,elitize_generation_data,148,11,0.229,NA
150,5,checksum,ifs,FALSE,20,elitize_generation_data,149,15,0.207,NA
151,5,checksum,ifs,FALSE,20,elitize_generation_data,150,9,0.202,NA
152,5,checksum,ifs,FALSE,20,elitize_generation_data,151,9,0.192,NA
153,5,checksum,ifs,FALSE,20,elitize_generation_data,152,8,0.191,NA
154,5,checksum,ifs,FALSE,20,elitize_generation_data,153,8,0.191,NA
155,5,checksum,ifs,FALSE,20,elitize_generation_data,154,10,0.181,NA
156,5,checksum,ifs,FALSE,20,elitize_generation_data,155,10,0.184,NA
157,5,checksum,ifs,FALSE,20,elitize_generation_data,156,7,0.188,NA
158,5,checksum,ifs,FALSE,20,elitize_generation_data,157,10,0.19,NA
159,5,checksum,ifs,FALSE,20,elitize_generation_data,158,6,0.17,NA
160,5,checksum,ifs,FALSE,20,elitize_generation_data,159,7,0.16,NA
161,5,checksum,ifs,FALSE,20,elitize_generation_data,160,5,0.181,NA
162,5,checksum,ifs,FALSE,20,elitize_generation_data,161,8,0.175,NA
163,5,checksum,ifs,FALSE,20,elitize_generation_data,162,6,0.179,NA
164,5,checksum,ifs,FALSE,20,elitize_generation_data,163,10,0.175,NA
165,5,checksum,ifs,FALSE,20,elitize_generation_data,164,9,0.152,NA
166,5,checksum,ifs,FALSE,20,elitize_generation_data,165,6,0.186,NA
167,5,checksum,ifs,FALSE,20,elitize_generation_data,166,11,0.19,NA
168,5,checksum,ifs,FALSE,20,elitize_generation_data,167,9,0.185,NA
169,5,checksum,ifs,FALSE,20,elitize_generation_data,168,15,0.172,NA
170,5,checksum,ifs,FALSE,20,elitize_generation_data,169,9,0.175,NA
171,5,checksum,ifs,FALSE,20,elitize_generation_data,170,8,0.191,NA
172,5,checksum,ifs,FALSE,20,elitize_generation_data,171,7,0.187,NA
173,5,checksum,ifs,FALSE,20,elitize_generation_data,172,11,0.203,NA
174,5,checksum,ifs,FALSE,20,elitize_generation_data,173,12,0.173,NA
175,5,checksum,ifs,FALSE,20,elitize_generation_data,174,8,0.164,NA
176,5,checksum,ifs,FALSE,20,elitize_generation_data,175,7,0.198,NA
177,5,checksum,ifs,FALSE,20,elitize_generation_data,176,12,0.187,NA
178,5,checksum,ifs,FALSE,20,elitize_generation_data,177,13,0.186,NA
179,5,checksum,ifs,FALSE,20,elitize_generation_data,178,13,0.199,NA
180,5,checksum,ifs,FALSE,20,elitize_generation_data,179,8,0.205,NA
181,5,checksum,ifs,FALSE,20,elitize_generation_data,180,10,0.182,NA
182,5,checksum,ifs,FALSE,20,elitize_generation_data,181,10,0.204,NA
183,5,checksum,ifs,FALSE,20,elitize_generation_data,182,10,0.201,NA
184,5,checksum,ifs,FALSE,20,elitize_generation_data,183,6,0.184,NA
185,5,checksum,ifs,FALSE,20,elitize_generation_data,184,8,0.208,NA
186,5,checksum,ifs,FALSE,20,elitize_generation_data,185,14,0.195,NA
187,5,checksum,ifs,FALSE,20,elitize_generation_data,186,9,0.193,NA
188,5,checksum,ifs,FALSE,20,elitize_generation_data,187,10,0.212,NA
189,5,checksum,ifs,FALSE,20,elitize_generation_data,188,10,0.214,NA
190,5,checksum,ifs,FALSE,20,elitize_generation_data,189,6,0.207,NA
191,5,checksum,ifs,FALSE,20,elitize_generation_data,190,12,0.204,NA
192,5,checksum,ifs,FALSE,20,elitize_generation_data,191,8,0.256,NA
193,5,checksum,ifs,FALSE,20,elitize_generation_data,192,17,0.234,NA
194,5,checksum,ifs,FALSE,20,elitize_generation_data,193,12,0.235,NA
195,5,checksum,ifs,FALSE,20,elitize_generation_data,194,17,0.248,NA
196,5,checksum,ifs,FALSE,20,elitize_generation_data,195,16,0.261,NA
197,5,checksum,ifs,FALSE,20,elitize_generation_data,196,16,0.264,NA
198,5,checksum,ifs,FALSE,20,elitize_generation_data,197,8,0.227,NA
199,5,checksum,ifs,FALSE,20,elitize_generation_data,198,14,0.217,NA
200,5,checksum,ifs,FALSE,20,elitize_generation_data,199,10,0.233,NA
201,5,checksum,ifs,FALSE,20,elitize_generation_data,200,13,0.213,NA
202,5,checksum,ifs,FALSE,20,elitize_generation_data,201,15,0.218,NA
203,5,checksum,ifs,FALSE,20,elitize_generation_data,202,12,0.277,NA
204,5,checksum,ifs,FALSE,20,elitize_generation_data,203,7,0.224,NA
205,5,checksum,ifs,FALSE,20,elitize_generation_data,204,12,0.261,NA
206,5,checksum,ifs,FALSE,20,elitize_generation_data,205,7,0.241,NA
207,5,checksum,ifs,FALSE,20,elitize_generation_data,206,11,0.25,NA
208,5,checksum,ifs,FALSE,20,elitize_generation_data,207,14,0.227,NA
209,5,checksum,ifs,FALSE,20,elitize_generation_data,208,13,0.254,NA
210,5,checksum,ifs,FALSE,20,elitize_generation_data,209,11,0.256,NA
211,5,checksum,ifs,FALSE,20,elitize_generation_data,210,10,0.26,NA
212,5,checksum,ifs,FALSE,20,elitize_generation_data,211,10,0.244,NA
213,5,checksum,ifs,FALSE,20,elitize_generation_data,212,11,0.256,NA
214,5,checksum,ifs,FALSE,20,elitize_generation_data,213,7,0.246,NA
215,5,checksum,ifs,FALSE,20,elitize_generation_data,214,12,0.246,NA
216,5,checksum,ifs,FALSE,20,elitize_generation_data,215,14,0.259,NA
217,5,checksum,ifs,FALSE,20,elitize_generation_data,216,13,0.246,NA
218,5,checksum,ifs,FALSE,20,elitize_generation_data,217,10,0.255,NA
219,5,checksum,ifs,FALSE,20,elitize_generation_data,218,12,0.236,NA
220,5,checksum,ifs,FALSE,20,elitize_generation_data,219,13,0.245,NA
221,5,checksum,ifs,FALSE,20,elitize_generation_data,220,15,0.24,NA
222,5,checksum,ifs,FALSE,20,elitize_generation_data,221,11,0.268,NA
223,5,checksum,ifs,FALSE,20,elitize_generation_data,222,20,0.292,NA
224,5,checksum,ifs,FALSE,20,elitize_generation_data,223,15,0.267,NA
225,5,checksum,ifs,FALSE,20,elitize_generation_data,224,8,0.262,NA
226,5,checksum,ifs,FALSE,20,elitize_generation_data,225,9,0.248,NA
227,5,checksum,ifs,FALSE,20,elitize_generation_data,226,12,0.271,NA
228,5,checksum,ifs,FALSE,20,elitize_generation_data,227,12,0.26,NA
229,5,checksum,ifs,FALSE,20,elitize_generation_data,228,11,0.249,NA
230,5,checksum,ifs,FALSE,20,elitize_generation_data,229,10,0.243,NA
231,5,checksum,ifs,FALSE,20,elitize_generation_data,230,10,0.258,NA
232,5,checksum,ifs,FALSE,20,elitize_generation_data,231,15,0.249,NA
233,5,checksum,ifs,FALSE,20,elitize_generation_data,232,11,0.252,NA
234,5,checksum,ifs,FALSE,20,elitize_generation_data,233,12,0.27,NA
235,5,checksum,ifs,FALSE,20,elitize_generation_data,234,18,0.288,NA
236,5,checksum,ifs,FALSE,20,elitize_generation_data,235,18,0.24,NA
237,5,checksum,ifs,FALSE,20,elitize_generation_data,236,13,0.251,NA
238,5,checksum,ifs,FALSE,20,elitize_generation_data,237,12,0.244,NA
239,5,checksum,ifs,FALSE,20,elitize_generation_data,238,14,0.261,NA
240,5,checksum,ifs,FALSE,20,elitize_generation_data,239,12,0.266,NA
241,5,checksum,ifs,FALSE,20,elitize_generation_data,240,13,0.267,NA
242,5,checksum,ifs,FALSE,20,elitize_generation_data,241,12,0.251,NA
243,5,checksum,ifs,FALSE,20,elitize_generation_data,242,18,0.252,NA
244,5,checksum,ifs,FALSE,20,elitize_generation_data,243,12,0.247,NA
245,5,checksum,ifs,FALSE,20,elitize_generation_data,244,14,0.284,NA
246,5,checksum,ifs,FALSE,20,elitize_generation_data,245,17,0.273,NA
247,5,checksum,ifs,FALSE,20,elitize_generation_data,246,10,0.254,NA
248,5,checksum,ifs,FALSE,20,elitize_generation_data,247,11,0.245,NA
249,5,checksum,ifs,FALSE,20,elitize_generation_data,248,9,0.252,NA
250,5,checksum,ifs,FALSE,20,elitize_generation_data,249,11,0.243,NA
251,5,checksum,ifs,FALSE,20,elitize_generation_data,250,8,0.268,NA
252,5,checksum,ifs,FALSE,20,elitize_generation_data,251,11,0.282,NA
253,5,checksum,ifs,FALSE,20,elitize_generation_data,252,12,0.251,NA
254,5,checksum,ifs,FALSE,20,elitize_generation_data,253,12,0.268,NA
255,5,checksum,ifs,FALSE,20,elitize_generation_data,254,11,0.268,NA
256,5,checksum,ifs,FALSE,20,elitize_generation_data,255,11,0.256,NA
257,5,checksum,ifs,FALSE,20,elitize_generation_data,256,11,0.235,NA
258,5,checksum,ifs,FALSE,20,elitize_generation_data,257,8,0.257,NA
259,5,checksum,ifs,FALSE,20,elitize_generation_data,258,18,0.268,NA
260,5,checksum,ifs,FALSE,20,elitize_generation_data,259,10,0.253,NA
261,5,checksum,ifs,FALSE,20,elitize_generation_data,260,12,0.276,NA
262,5,checksum,ifs,FALSE,20,elitize_generation_data,261,6,0.273,NA
263,5,checksum,ifs,FALSE,20,elitize_generation_data,262,10,0.273,NA
264,5,checksum,ifs,FALSE,20,elitize_generation_data,263,11,0.278,NA
265,5,checksum,ifs,FALSE,20,elitize_generation_data,264,10,0.295,NA
266,5,checksum,ifs,FALSE,20,elitize_generation_data,265,9,0.277,NA
267,5,checksum,ifs,FALSE,20,elitize_generation_data,266,9,0.248,NA
268,5,checksum,ifs,FALSE,20,elitize_generation_data,267,11,0.255,NA
269,5,checksum,ifs,FALSE,20,elitize_generation_data,268,8,0.239,NA
270,5,checksum,ifs,FALSE,20,elitize_generation_data,269,8,0.239,NA
271,5,checksum,ifs,FALSE,20,elitize_generation_data,270,9,0.248,NA
272,5,checksum,ifs,FALSE,20,elitize_generation_data,271,9,0.254,NA
273,5,checksum,ifs,FALSE,20,elitize_generation_data,272,14,0.263,NA
274,5,checksum,ifs,FALSE,20,elitize_generation_data,273,10,0.252,NA
275,5,checksum,ifs,FALSE,20,elitize_generation_data,274,13,0.236,NA
276,5,checksum,ifs,FALSE,20,elitize_generation_data,275,9,0.261,NA
277,5,checksum,ifs,FALSE,20,elitize_generation_data,276,12,0.245,NA
278,5,checksum,ifs,FALSE,20,elitize_generation_data,277,8,0.265,NA
279,5,checksum,ifs,FALSE,20,elitize_generation_data,278,12,0.254,NA
280,5,checksum,ifs,FALSE,20,elitize_generation_data,279,14,0.293,NA
281,5,checksum,ifs,FALSE,20,elitize_generation_data,280,14,0.288,NA
282,5,checksum,ifs,FALSE,20,elitize_generation_data,281,9,0.269,NA
283,5,checksum,ifs,FALSE,20,elitize_generation_data,282,14,0.257,NA
284,5,checksum,ifs,FALSE,20,elitize_generation_data,283,12,0.276,NA
285,5,checksum,ifs,FALSE,20,elitize_generation_data,284,11,0.243,NA
286,5,checksum,ifs,FALSE,20,elitize_generation_data,285,10,0.256,NA
287,5,checksum,ifs,FALSE,20,elitize_generation_data,286,13,0.257,NA
288,5,checksum,ifs,FALSE,20,elitize_generation_data,287,8,0.272,NA
289,5,checksum,ifs,FALSE,20,elitize_generation_data,288,13,0.267,NA
290,5,checksum,ifs,FALSE,20,elitize_generation_data,289,15,0.27,NA
291,5,checksum,ifs,FALSE,20,elitize_generation_data,290,12,0.262,NA
292,5,checksum,ifs,FALSE,20,elitize_generation_data,291,15,0.257,NA
293,5,checksum,ifs,FALSE,20,elitize_generation_data,292,15,0.256,NA
294,5,checksum,ifs,FALSE,20,elitize_generation_data,293,17,0.295,NA
295,5,checksum,ifs,FALSE,20,elitize_generation_data,294,15,0.263,NA
296,5,checksum,ifs,FALSE,20,elitize_generation_data,295,8,0.241,NA
297,5,checksum,ifs,FALSE,20,elitize_generation_data,296,11,0.268,NA
298,5,checksum,ifs,FALSE,20,elitize_generation_data,297,13,0.252,NA
299,5,checksum,ifs,FALSE,20,elitize_generation_data,298,9,0.256,NA
300,5,checksum,ifs,FALSE,20,elitize_generation_data,299,15,0.267,NA
301,5,checksum,ifs,FALSE,20,elitize_generation_data,300,16,0.247,NA
