,run.num,problem,treatment,succeeded,height,normalization.function,generation,cluster.count,error.diversity,success.generation
1,86,checksum,ifs,FALSE,20,elitize_generation_data,0,2,0.302,NA
2,86,checksum,ifs,FALSE,20,elitize_generation_data,1,2,0.227,NA
3,86,checksum,ifs,FALSE,20,elitize_generation_data,2,2,0.116,NA
4,86,checksum,ifs,FALSE,20,elitize_generation_data,3,3,0.13,NA
5,86,checksum,ifs,FALSE,20,elitize_generation_data,4,3,0.157,NA
6,86,checksum,ifs,FALSE,20,elitize_generation_data,5,5,0.142,NA
7,86,checksum,ifs,FALSE,20,elitize_generation_data,6,5,0.132,NA
8,86,checksum,ifs,FALSE,20,elitize_generation_data,7,4,0.115,NA
9,86,checksum,ifs,FALSE,20,elitize_generation_data,8,3,0.122,NA
10,86,checksum,ifs,FALSE,20,elitize_generation_data,9,3,0.123,NA
11,86,checksum,ifs,FALSE,20,elitize_generation_data,10,4,0.111,NA
12,86,checksum,ifs,FALSE,20,elitize_generation_data,11,4,0.065,NA
13,86,checksum,ifs,FALSE,20,elitize_generation_data,12,7,0.058,NA
14,86,checksum,ifs,FALSE,20,elitize_generation_data,13,5,0.062,NA
15,86,checksum,ifs,FALSE,20,elitize_generation_data,14,5,0.054,NA
16,86,checksum,ifs,FALSE,20,elitize_generation_data,15,6,0.065,NA
17,86,checksum,ifs,FALSE,20,elitize_generation_data,16,3,0.056,NA
18,86,checksum,ifs,FALSE,20,elitize_generation_data,17,3,0.061,NA
19,86,checksum,ifs,FALSE,20,elitize_generation_data,18,6,0.058,NA
20,86,checksum,ifs,FALSE,20,elitize_generation_data,19,6,0.06,NA
21,86,checksum,ifs,FALSE,20,elitize_generation_data,20,3,0.062,NA
22,86,checksum,ifs,FALSE,20,elitize_generation_data,21,6,0.063,NA
23,86,checksum,ifs,FALSE,20,elitize_generation_data,22,8,0.066,NA
24,86,checksum,ifs,FALSE,20,elitize_generation_data,23,6,0.067,NA
25,86,checksum,ifs,FALSE,20,elitize_generation_data,24,3,0.068,NA
26,86,checksum,ifs,FALSE,20,elitize_generation_data,25,6,0.061,NA
27,86,checksum,ifs,FALSE,20,elitize_generation_data,26,6,0.052,NA
28,86,checksum,ifs,FALSE,20,elitize_generation_data,27,5,0.058,NA
29,86,checksum,ifs,FALSE,20,elitize_generation_data,28,4,0.067,NA
30,86,checksum,ifs,FALSE,20,elitize_generation_data,29,4,0.072,NA
31,86,checksum,ifs,FALSE,20,elitize_generation_data,30,6,0.06,NA
32,86,checksum,ifs,FALSE,20,elitize_generation_data,31,4,0.064,NA
33,86,checksum,ifs,FALSE,20,elitize_generation_data,32,5,0.058,NA
34,86,checksum,ifs,FALSE,20,elitize_generation_data,33,6,0.051,NA
35,86,checksum,ifs,FALSE,20,elitize_generation_data,34,3,0.057,NA
36,86,checksum,ifs,FALSE,20,elitize_generation_data,35,6,0.059,NA
37,86,checksum,ifs,FALSE,20,elitize_generation_data,36,3,0.064,NA
38,86,checksum,ifs,FALSE,20,elitize_generation_data,37,5,0.052,NA
39,86,checksum,ifs,FALSE,20,elitize_generation_data,38,6,0.054,NA
40,86,checksum,ifs,FALSE,20,elitize_generation_data,39,5,0.051,NA
41,86,checksum,ifs,FALSE,20,elitize_generation_data,40,6,0.051,NA
42,86,checksum,ifs,FALSE,20,elitize_generation_data,41,6,0.047,NA
43,86,checksum,ifs,FALSE,20,elitize_generation_data,42,5,0.055,NA
44,86,checksum,ifs,FALSE,20,elitize_generation_data,43,5,0.05,NA
45,86,checksum,ifs,FALSE,20,elitize_generation_data,44,5,0.057,NA
46,86,checksum,ifs,FALSE,20,elitize_generation_data,45,4,0.057,NA
47,86,checksum,ifs,FALSE,20,elitize_generation_data,46,5,0.05,NA
48,86,checksum,ifs,FALSE,20,elitize_generation_data,47,3,0.057,NA
49,86,checksum,ifs,FALSE,20,elitize_generation_data,48,3,0.058,NA
50,86,checksum,ifs,FALSE,20,elitize_generation_data,49,6,0.057,NA
51,86,checksum,ifs,FALSE,20,elitize_generation_data,50,3,0.057,NA
52,86,checksum,ifs,FALSE,20,elitize_generation_data,51,4,0.052,NA
53,86,checksum,ifs,FALSE,20,elitize_generation_data,52,5,0.055,NA
54,86,checksum,ifs,FALSE,20,elitize_generation_data,53,5,0.056,NA
55,86,checksum,ifs,FALSE,20,elitize_generation_data,54,4,0.057,NA
56,86,checksum,ifs,FALSE,20,elitize_generation_data,55,6,0.059,NA
57,86,checksum,ifs,FALSE,20,elitize_generation_data,56,3,0.063,NA
58,86,checksum,ifs,FALSE,20,elitize_generation_data,57,5,0.052,NA
59,86,checksum,ifs,FALSE,20,elitize_generation_data,58,4,0.064,NA
60,86,checksum,ifs,FALSE,20,elitize_generation_data,59,5,0.065,NA
61,86,checksum,ifs,FALSE,20,elitize_generation_data,60,6,0.062,NA
62,86,checksum,ifs,FALSE,20,elitize_generation_data,61,4,0.062,NA
63,86,checksum,ifs,FALSE,20,elitize_generation_data,62,4,0.065,NA
64,86,checksum,ifs,FALSE,20,elitize_generation_data,63,6,0.056,NA
65,86,checksum,ifs,FALSE,20,elitize_generation_data,64,5,0.068,NA
66,86,checksum,ifs,FALSE,20,elitize_generation_data,65,4,0.06,NA
67,86,checksum,ifs,FALSE,20,elitize_generation_data,66,3,0.062,NA
68,86,checksum,ifs,FALSE,20,elitize_generation_data,67,4,0.059,NA
69,86,checksum,ifs,FALSE,20,elitize_generation_data,68,5,0.06,NA
70,86,checksum,ifs,FALSE,20,elitize_generation_data,69,6,0.061,NA
71,86,checksum,ifs,FALSE,20,elitize_generation_data,70,5,0.058,NA
72,86,checksum,ifs,FALSE,20,elitize_generation_data,71,4,0.059,NA
73,86,checksum,ifs,FALSE,20,elitize_generation_data,72,5,0.053,NA
74,86,checksum,ifs,FALSE,20,elitize_generation_data,73,3,0.055,NA
75,86,checksum,ifs,FALSE,20,elitize_generation_data,74,3,0.076,NA
76,86,checksum,ifs,FALSE,20,elitize_generation_data,75,3,0.058,NA
77,86,checksum,ifs,FALSE,20,elitize_generation_data,76,3,0.064,NA
78,86,checksum,ifs,FALSE,20,elitize_generation_data,77,5,0.068,NA
79,86,checksum,ifs,FALSE,20,elitize_generation_data,78,3,0.057,NA
80,86,checksum,ifs,FALSE,20,elitize_generation_data,79,3,0.062,NA
81,86,checksum,ifs,FALSE,20,elitize_generation_data,80,6,0.048,NA
82,86,checksum,ifs,FALSE,20,elitize_generation_data,81,4,0.058,NA
83,86,checksum,ifs,FALSE,20,elitize_generation_data,82,5,0.056,NA
84,86,checksum,ifs,FALSE,20,elitize_generation_data,83,4,0.052,NA
85,86,checksum,ifs,FALSE,20,elitize_generation_data,84,4,0.059,NA
86,86,checksum,ifs,FALSE,20,elitize_generation_data,85,4,0.065,NA
87,86,checksum,ifs,FALSE,20,elitize_generation_data,86,5,0.058,NA
88,86,checksum,ifs,FALSE,20,elitize_generation_data,87,5,0.06,NA
89,86,checksum,ifs,FALSE,20,elitize_generation_data,88,4,0.057,NA
90,86,checksum,ifs,FALSE,20,elitize_generation_data,89,5,0.057,NA
91,86,checksum,ifs,FALSE,20,elitize_generation_data,90,3,0.055,NA
92,86,checksum,ifs,FALSE,20,elitize_generation_data,91,4,0.063,NA
93,86,checksum,ifs,FALSE,20,elitize_generation_data,92,5,0.059,NA
94,86,checksum,ifs,FALSE,20,elitize_generation_data,93,6,0.054,NA
95,86,checksum,ifs,FALSE,20,elitize_generation_data,94,4,0.059,NA
96,86,checksum,ifs,FALSE,20,elitize_generation_data,95,7,0.06,NA
97,86,checksum,ifs,FALSE,20,elitize_generation_data,96,5,0.057,NA
98,86,checksum,ifs,FALSE,20,elitize_generation_data,97,3,0.071,NA
99,86,checksum,ifs,FALSE,20,elitize_generation_data,98,4,0.061,NA
100,86,checksum,ifs,FALSE,20,elitize_generation_data,99,5,0.041,NA
101,86,checksum,ifs,FALSE,20,elitize_generation_data,100,5,0.061,NA
102,86,checksum,ifs,FALSE,20,elitize_generation_data,101,3,0.059,NA
103,86,checksum,ifs,FALSE,20,elitize_generation_data,102,4,0.062,NA
104,86,checksum,ifs,FALSE,20,elitize_generation_data,103,3,0.053,NA
105,86,checksum,ifs,FALSE,20,elitize_generation_data,104,5,0.06,NA
106,86,checksum,ifs,FALSE,20,elitize_generation_data,105,4,0.048,NA
107,86,checksum,ifs,FALSE,20,elitize_generation_data,106,6,0.049,NA
108,86,checksum,ifs,FALSE,20,elitize_generation_data,107,4,0.044,NA
109,86,checksum,ifs,FALSE,20,elitize_generation_data,108,5,0.057,NA
110,86,checksum,ifs,FALSE,20,elitize_generation_data,109,6,0.054,NA
111,86,checksum,ifs,FALSE,20,elitize_generation_data,110,5,0.06,NA
112,86,checksum,ifs,FALSE,20,elitize_generation_data,111,5,0.058,NA
113,86,checksum,ifs,FALSE,20,elitize_generation_data,112,6,0.052,NA
114,86,checksum,ifs,FALSE,20,elitize_generation_data,113,5,0.038,NA
115,86,checksum,ifs,FALSE,20,elitize_generation_data,114,5,0.057,NA
116,86,checksum,ifs,FALSE,20,elitize_generation_data,115,3,0.06,NA
117,86,checksum,ifs,FALSE,20,elitize_generation_data,116,7,0.054,NA
118,86,checksum,ifs,FALSE,20,elitize_generation_data,117,5,0.065,NA
119,86,checksum,ifs,FALSE,20,elitize_generation_data,118,6,0.047,NA
120,86,checksum,ifs,FALSE,20,elitize_generation_data,119,6,0.056,NA
121,86,checksum,ifs,FALSE,20,elitize_generation_data,120,3,0.062,NA
122,86,checksum,ifs,FALSE,20,elitize_generation_data,121,3,0.069,NA
123,86,checksum,ifs,FALSE,20,elitize_generation_data,122,5,0.054,NA
124,86,checksum,ifs,FALSE,20,elitize_generation_data,123,5,0.058,NA
125,86,checksum,ifs,FALSE,20,elitize_generation_data,124,3,0.055,NA
126,86,checksum,ifs,FALSE,20,elitize_generation_data,125,4,0.063,NA
127,86,checksum,ifs,FALSE,20,elitize_generation_data,126,5,0.055,NA
128,86,checksum,ifs,FALSE,20,elitize_generation_data,127,5,0.055,NA
129,86,checksum,ifs,FALSE,20,elitize_generation_data,128,5,0.058,NA
130,86,checksum,ifs,FALSE,20,elitize_generation_data,129,6,0.061,NA
131,86,checksum,ifs,FALSE,20,elitize_generation_data,130,5,0.056,NA
132,86,checksum,ifs,FALSE,20,elitize_generation_data,131,5,0.052,NA
133,86,checksum,ifs,FALSE,20,elitize_generation_data,132,3,0.057,NA
134,86,checksum,ifs,FALSE,20,elitize_generation_data,133,5,0.063,NA
135,86,checksum,ifs,FALSE,20,elitize_generation_data,134,6,0.057,NA
136,86,checksum,ifs,FALSE,20,elitize_generation_data,135,4,0.064,NA
137,86,checksum,ifs,FALSE,20,elitize_generation_data,136,4,0.057,NA
138,86,checksum,ifs,FALSE,20,elitize_generation_data,137,4,0.056,NA
139,86,checksum,ifs,FALSE,20,elitize_generation_data,138,3,0.058,NA
140,86,checksum,ifs,FALSE,20,elitize_generation_data,139,5,0.055,NA
141,86,checksum,ifs,FALSE,20,elitize_generation_data,140,4,0.052,NA
142,86,checksum,ifs,FALSE,20,elitize_generation_data,141,5,0.053,NA
143,86,checksum,ifs,FALSE,20,elitize_generation_data,142,5,0.059,NA
144,86,checksum,ifs,FALSE,20,elitize_generation_data,143,5,0.05,NA
145,86,checksum,ifs,FALSE,20,elitize_generation_data,144,3,0.052,NA
146,86,checksum,ifs,FALSE,20,elitize_generation_data,145,5,0.059,NA
147,86,checksum,ifs,FALSE,20,elitize_generation_data,146,5,0.057,NA
148,86,checksum,ifs,FALSE,20,elitize_generation_data,147,5,0.052,NA
149,86,checksum,ifs,FALSE,20,elitize_generation_data,148,5,0.059,NA
150,86,checksum,ifs,FALSE,20,elitize_generation_data,149,5,0.057,NA
151,86,checksum,ifs,FALSE,20,elitize_generation_data,150,5,0.058,NA
152,86,checksum,ifs,FALSE,20,elitize_generation_data,151,5,0.051,NA
153,86,checksum,ifs,FALSE,20,elitize_generation_data,152,5,0.053,NA
154,86,checksum,ifs,FALSE,20,elitize_generation_data,153,5,0.054,NA
155,86,checksum,ifs,FALSE,20,elitize_generation_data,154,6,0.048,NA
156,86,checksum,ifs,FALSE,20,elitize_generation_data,155,5,0.053,NA
157,86,checksum,ifs,FALSE,20,elitize_generation_data,156,5,0.055,NA
158,86,checksum,ifs,FALSE,20,elitize_generation_data,157,5,0.058,NA
159,86,checksum,ifs,FALSE,20,elitize_generation_data,158,5,0.053,NA
160,86,checksum,ifs,FALSE,20,elitize_generation_data,159,6,0.057,NA
161,86,checksum,ifs,FALSE,20,elitize_generation_data,160,4,0.061,NA
162,86,checksum,ifs,FALSE,20,elitize_generation_data,161,4,0.047,NA
163,86,checksum,ifs,FALSE,20,elitize_generation_data,162,4,0.047,NA
164,86,checksum,ifs,FALSE,20,elitize_generation_data,163,6,0.052,NA
165,86,checksum,ifs,FALSE,20,elitize_generation_data,164,6,0.053,NA
166,86,checksum,ifs,FALSE,20,elitize_generation_data,165,6,0.047,NA
167,86,checksum,ifs,FALSE,20,elitize_generation_data,166,4,0.049,NA
168,86,checksum,ifs,FALSE,20,elitize_generation_data,167,4,0.058,NA
169,86,checksum,ifs,FALSE,20,elitize_generation_data,168,5,0.054,NA
170,86,checksum,ifs,FALSE,20,elitize_generation_data,169,4,0.052,NA
171,86,checksum,ifs,FALSE,20,elitize_generation_data,170,4,0.056,NA
172,86,checksum,ifs,FALSE,20,elitize_generation_data,171,3,0.053,NA
173,86,checksum,ifs,FALSE,20,elitize_generation_data,172,5,0.058,NA
174,86,checksum,ifs,FALSE,20,elitize_generation_data,173,3,0.049,NA
175,86,checksum,ifs,FALSE,20,elitize_generation_data,174,6,0.052,NA
176,86,checksum,ifs,FALSE,20,elitize_generation_data,175,4,0.046,NA
177,86,checksum,ifs,FALSE,20,elitize_generation_data,176,4,0.05,NA
178,86,checksum,ifs,FALSE,20,elitize_generation_data,177,4,0.056,NA
179,86,checksum,ifs,FALSE,20,elitize_generation_data,178,5,0.05,NA
180,86,checksum,ifs,FALSE,20,elitize_generation_data,179,5,0.047,NA
181,86,checksum,ifs,FALSE,20,elitize_generation_data,180,5,0.052,NA
182,86,checksum,ifs,FALSE,20,elitize_generation_data,181,6,0.053,NA
183,86,checksum,ifs,FALSE,20,elitize_generation_data,182,6,0.052,NA
184,86,checksum,ifs,FALSE,20,elitize_generation_data,183,3,0.055,NA
185,86,checksum,ifs,FALSE,20,elitize_generation_data,184,5,0.05,NA
186,86,checksum,ifs,FALSE,20,elitize_generation_data,185,4,0.055,NA
187,86,checksum,ifs,FALSE,20,elitize_generation_data,186,6,0.045,NA
188,86,checksum,ifs,FALSE,20,elitize_generation_data,187,5,0.054,NA
189,86,checksum,ifs,FALSE,20,elitize_generation_data,188,5,0.048,NA
190,86,checksum,ifs,FALSE,20,elitize_generation_data,189,6,0.052,NA
191,86,checksum,ifs,FALSE,20,elitize_generation_data,190,4,0.059,NA
192,86,checksum,ifs,FALSE,20,elitize_generation_data,191,4,0.054,NA
193,86,checksum,ifs,FALSE,20,elitize_generation_data,192,4,0.058,NA
194,86,checksum,ifs,FALSE,20,elitize_generation_data,193,4,0.052,NA
195,86,checksum,ifs,FALSE,20,elitize_generation_data,194,4,0.062,NA
196,86,checksum,ifs,FALSE,20,elitize_generation_data,195,3,0.059,NA
197,86,checksum,ifs,FALSE,20,elitize_generation_data,196,5,0.053,NA
198,86,checksum,ifs,FALSE,20,elitize_generation_data,197,4,0.063,NA
199,86,checksum,ifs,FALSE,20,elitize_generation_data,198,5,0.05,NA
200,86,checksum,ifs,FALSE,20,elitize_generation_data,199,4,0.05,NA
201,86,checksum,ifs,FALSE,20,elitize_generation_data,200,5,0.039,NA
202,86,checksum,ifs,FALSE,20,elitize_generation_data,201,5,0.044,NA
203,86,checksum,ifs,FALSE,20,elitize_generation_data,202,5,0.048,NA
204,86,checksum,ifs,FALSE,20,elitize_generation_data,203,6,0.047,NA
205,86,checksum,ifs,FALSE,20,elitize_generation_data,204,5,0.049,NA
206,86,checksum,ifs,FALSE,20,elitize_generation_data,205,3,0.056,NA
207,86,checksum,ifs,FALSE,20,elitize_generation_data,206,5,0.048,NA
208,86,checksum,ifs,FALSE,20,elitize_generation_data,207,4,0.054,NA
209,86,checksum,ifs,FALSE,20,elitize_generation_data,208,6,0.048,NA
210,86,checksum,ifs,FALSE,20,elitize_generation_data,209,4,0.043,NA
211,86,checksum,ifs,FALSE,20,elitize_generation_data,210,4,0.043,NA
212,86,checksum,ifs,FALSE,20,elitize_generation_data,211,3,0.045,NA
213,86,checksum,ifs,FALSE,20,elitize_generation_data,212,4,0.052,NA
214,86,checksum,ifs,FALSE,20,elitize_generation_data,213,5,0.045,NA
215,86,checksum,ifs,FALSE,20,elitize_generation_data,214,5,0.047,NA
216,86,checksum,ifs,FALSE,20,elitize_generation_data,215,6,0.043,NA
217,86,checksum,ifs,FALSE,20,elitize_generation_data,216,6,0.053,NA
218,86,checksum,ifs,FALSE,20,elitize_generation_data,217,5,0.051,NA
219,86,checksum,ifs,FALSE,20,elitize_generation_data,218,6,0.04,NA
220,86,checksum,ifs,FALSE,20,elitize_generation_data,219,5,0.05,NA
221,86,checksum,ifs,FALSE,20,elitize_generation_data,220,5,0.052,NA
222,86,checksum,ifs,FALSE,20,elitize_generation_data,221,5,0.041,NA
223,86,checksum,ifs,FALSE,20,elitize_generation_data,222,6,0.038,NA
224,86,checksum,ifs,FALSE,20,elitize_generation_data,223,5,0.046,NA
225,86,checksum,ifs,FALSE,20,elitize_generation_data,224,6,0.052,NA
226,86,checksum,ifs,FALSE,20,elitize_generation_data,225,5,0.051,NA
227,86,checksum,ifs,FALSE,20,elitize_generation_data,226,4,0.053,NA
228,86,checksum,ifs,FALSE,20,elitize_generation_data,227,5,0.045,NA
229,86,checksum,ifs,FALSE,20,elitize_generation_data,228,4,0.044,NA
230,86,checksum,ifs,FALSE,20,elitize_generation_data,229,5,0.049,NA
231,86,checksum,ifs,FALSE,20,elitize_generation_data,230,6,0.05,NA
232,86,checksum,ifs,FALSE,20,elitize_generation_data,231,6,0.052,NA
233,86,checksum,ifs,FALSE,20,elitize_generation_data,232,5,0.042,NA
234,86,checksum,ifs,FALSE,20,elitize_generation_data,233,6,0.047,NA
235,86,checksum,ifs,FALSE,20,elitize_generation_data,234,4,0.039,NA
236,86,checksum,ifs,FALSE,20,elitize_generation_data,235,5,0.04,NA
237,86,checksum,ifs,FALSE,20,elitize_generation_data,236,6,0.04,NA
238,86,checksum,ifs,FALSE,20,elitize_generation_data,237,5,0.046,NA
239,86,checksum,ifs,FALSE,20,elitize_generation_data,238,5,0.05,NA
240,86,checksum,ifs,FALSE,20,elitize_generation_data,239,6,0.051,NA
241,86,checksum,ifs,FALSE,20,elitize_generation_data,240,5,0.054,NA
242,86,checksum,ifs,FALSE,20,elitize_generation_data,241,5,0.049,NA
243,86,checksum,ifs,FALSE,20,elitize_generation_data,242,5,0.051,NA
244,86,checksum,ifs,FALSE,20,elitize_generation_data,243,4,0.051,NA
245,86,checksum,ifs,FALSE,20,elitize_generation_data,244,6,0.051,NA
246,86,checksum,ifs,FALSE,20,elitize_generation_data,245,4,0.047,NA
247,86,checksum,ifs,FALSE,20,elitize_generation_data,246,5,0.047,NA
248,86,checksum,ifs,FALSE,20,elitize_generation_data,247,6,0.055,NA
249,86,checksum,ifs,FALSE,20,elitize_generation_data,248,6,0.044,NA
250,86,checksum,ifs,FALSE,20,elitize_generation_data,249,6,0.052,NA
251,86,checksum,ifs,FALSE,20,elitize_generation_data,250,5,0.035,NA
252,86,checksum,ifs,FALSE,20,elitize_generation_data,251,4,0.053,NA
253,86,checksum,ifs,FALSE,20,elitize_generation_data,252,5,0.061,NA
254,86,checksum,ifs,FALSE,20,elitize_generation_data,253,6,0.045,NA
255,86,checksum,ifs,FALSE,20,elitize_generation_data,254,4,0.053,NA
256,86,checksum,ifs,FALSE,20,elitize_generation_data,255,6,0.055,NA
257,86,checksum,ifs,FALSE,20,elitize_generation_data,256,5,0.041,NA
258,86,checksum,ifs,FALSE,20,elitize_generation_data,257,6,0.057,NA
259,86,checksum,ifs,FALSE,20,elitize_generation_data,258,6,0.054,NA
260,86,checksum,ifs,FALSE,20,elitize_generation_data,259,6,0.045,NA
261,86,checksum,ifs,FALSE,20,elitize_generation_data,260,5,0.055,NA
262,86,checksum,ifs,FALSE,20,elitize_generation_data,261,3,0.06,NA
263,86,checksum,ifs,FALSE,20,elitize_generation_data,262,4,0.052,NA
264,86,checksum,ifs,FALSE,20,elitize_generation_data,263,5,0.04,NA
265,86,checksum,ifs,FALSE,20,elitize_generation_data,264,5,0.052,NA
266,86,checksum,ifs,FALSE,20,elitize_generation_data,265,5,0.049,NA
267,86,checksum,ifs,FALSE,20,elitize_generation_data,266,6,0.052,NA
268,86,checksum,ifs,FALSE,20,elitize_generation_data,267,5,0.055,NA
269,86,checksum,ifs,FALSE,20,elitize_generation_data,268,5,0.047,NA
270,86,checksum,ifs,FALSE,20,elitize_generation_data,269,5,0.055,NA
271,86,checksum,ifs,FALSE,20,elitize_generation_data,270,4,0.047,NA
272,86,checksum,ifs,FALSE,20,elitize_generation_data,271,4,0.054,NA
273,86,checksum,ifs,FALSE,20,elitize_generation_data,272,5,0.06,NA
274,86,checksum,ifs,FALSE,20,elitize_generation_data,273,7,0.062,NA
275,86,checksum,ifs,FALSE,20,elitize_generation_data,274,5,0.046,NA
276,86,checksum,ifs,FALSE,20,elitize_generation_data,275,6,0.064,NA
277,86,checksum,ifs,FALSE,20,elitize_generation_data,276,4,0.057,NA
278,86,checksum,ifs,FALSE,20,elitize_generation_data,277,5,0.051,NA
279,86,checksum,ifs,FALSE,20,elitize_generation_data,278,5,0.039,NA
280,86,checksum,ifs,FALSE,20,elitize_generation_data,279,5,0.051,NA
281,86,checksum,ifs,FALSE,20,elitize_generation_data,280,6,0.044,NA
282,86,checksum,ifs,FALSE,20,elitize_generation_data,281,6,0.053,NA
283,86,checksum,ifs,FALSE,20,elitize_generation_data,282,7,0.049,NA
284,86,checksum,ifs,FALSE,20,elitize_generation_data,283,5,0.063,NA
285,86,checksum,ifs,FALSE,20,elitize_generation_data,284,5,0.046,NA
286,86,checksum,ifs,FALSE,20,elitize_generation_data,285,5,0.051,NA
287,86,checksum,ifs,FALSE,20,elitize_generation_data,286,4,0.051,NA
288,86,checksum,ifs,FALSE,20,elitize_generation_data,287,5,0.05,NA
289,86,checksum,ifs,FALSE,20,elitize_generation_data,288,4,0.062,NA
290,86,checksum,ifs,FALSE,20,elitize_generation_data,289,5,0.046,NA
291,86,checksum,ifs,FALSE,20,elitize_generation_data,290,5,0.059,NA
292,86,checksum,ifs,FALSE,20,elitize_generation_data,291,6,0.052,NA
293,86,checksum,ifs,FALSE,20,elitize_generation_data,292,5,0.053,NA
294,86,checksum,ifs,FALSE,20,elitize_generation_data,293,5,0.051,NA
295,86,checksum,ifs,FALSE,20,elitize_generation_data,294,7,0.051,NA
296,86,checksum,ifs,FALSE,20,elitize_generation_data,295,6,0.048,NA
297,86,checksum,ifs,FALSE,20,elitize_generation_data,296,4,0.047,NA
298,86,checksum,ifs,FALSE,20,elitize_generation_data,297,6,0.062,NA
299,86,checksum,ifs,FALSE,20,elitize_generation_data,298,5,0.047,NA
300,86,checksum,ifs,FALSE,20,elitize_generation_data,299,5,0.06,NA
301,86,checksum,ifs,FALSE,20,elitize_generation_data,300,5,0.052,NA
