,run.num,problem,treatment,succeeded,height,normalization.function,generation,cluster.count,error.diversity,success.generation
1,24,checksum,ifs,FALSE,20,elitize_generation_data,0,2,0.289,NA
2,24,checksum,ifs,FALSE,20,elitize_generation_data,1,3,0.255,NA
3,24,checksum,ifs,FALSE,20,elitize_generation_data,2,2,0.175,NA
4,24,checksum,ifs,FALSE,20,elitize_generation_data,3,2,0.159,NA
5,24,checksum,ifs,FALSE,20,elitize_generation_data,4,2,0.138,NA
6,24,checksum,ifs,FALSE,20,elitize_generation_data,5,4,0.145,NA
7,24,checksum,ifs,FALSE,20,elitize_generation_data,6,4,0.225,NA
8,24,checksum,ifs,FALSE,20,elitize_generation_data,7,4,0.3,NA
9,24,checksum,ifs,FALSE,20,elitize_generation_data,8,5,0.22,NA
10,24,checksum,ifs,FALSE,20,elitize_generation_data,9,4,0.156,NA
11,24,checksum,ifs,FALSE,20,elitize_generation_data,10,4,0.132,NA
12,24,checksum,ifs,FALSE,20,elitize_generation_data,11,5,0.146,NA
13,24,checksum,ifs,FALSE,20,elitize_generation_data,12,4,0.109,NA
14,24,checksum,ifs,FALSE,20,elitize_generation_data,13,6,0.103,NA
15,24,checksum,ifs,FALSE,20,elitize_generation_data,14,5,0.111,NA
16,24,checksum,ifs,FALSE,20,elitize_generation_data,15,3,0.1,NA
17,24,checksum,ifs,FALSE,20,elitize_generation_data,16,2,0.096,NA
18,24,checksum,ifs,FALSE,20,elitize_generation_data,17,3,0.098,NA
19,24,checksum,ifs,FALSE,20,elitize_generation_data,18,4,0.084,NA
20,24,checksum,ifs,FALSE,20,elitize_generation_data,19,4,0.066,NA
21,24,checksum,ifs,FALSE,20,elitize_generation_data,20,4,0.081,NA
22,24,checksum,ifs,FALSE,20,elitize_generation_data,21,3,0.065,NA
23,24,checksum,ifs,FALSE,20,elitize_generation_data,22,3,0.064,NA
24,24,checksum,ifs,FALSE,20,elitize_generation_data,23,3,0.079,NA
25,24,checksum,ifs,FALSE,20,elitize_generation_data,24,3,0.058,NA
26,24,checksum,ifs,FALSE,20,elitize_generation_data,25,5,0.078,NA
27,24,checksum,ifs,FALSE,20,elitize_generation_data,26,5,0.068,NA
28,24,checksum,ifs,FALSE,20,elitize_generation_data,27,3,0.069,NA
29,24,checksum,ifs,FALSE,20,elitize_generation_data,28,5,0.056,NA
30,24,checksum,ifs,FALSE,20,elitize_generation_data,29,5,0.06,NA
31,24,checksum,ifs,FALSE,20,elitize_generation_data,30,6,0.049,NA
32,24,checksum,ifs,FALSE,20,elitize_generation_data,31,5,0.056,NA
33,24,checksum,ifs,FALSE,20,elitize_generation_data,32,5,0.056,NA
34,24,checksum,ifs,FALSE,20,elitize_generation_data,33,5,0.051,NA
35,24,checksum,ifs,FALSE,20,elitize_generation_data,34,6,0.056,NA
36,24,checksum,ifs,FALSE,20,elitize_generation_data,35,5,0.051,NA
37,24,checksum,ifs,FALSE,20,elitize_generation_data,36,5,0.064,NA
38,24,checksum,ifs,FALSE,20,elitize_generation_data,37,6,0.064,NA
39,24,checksum,ifs,FALSE,20,elitize_generation_data,38,5,0.057,NA
40,24,checksum,ifs,FALSE,20,elitize_generation_data,39,4,0.085,NA
41,24,checksum,ifs,FALSE,20,elitize_generation_data,40,4,0.115,NA
42,24,checksum,ifs,FALSE,20,elitize_generation_data,41,7,0.099,NA
43,24,checksum,ifs,FALSE,20,elitize_generation_data,42,7,0.123,NA
44,24,checksum,ifs,FALSE,20,elitize_generation_data,43,3,0.129,NA
45,24,checksum,ifs,FALSE,20,elitize_generation_data,44,7,0.132,NA
46,24,checksum,ifs,FALSE,20,elitize_generation_data,45,5,0.109,NA
47,24,checksum,ifs,FALSE,20,elitize_generation_data,46,4,0.115,NA
48,24,checksum,ifs,FALSE,20,elitize_generation_data,47,5,0.122,NA
49,24,checksum,ifs,FALSE,20,elitize_generation_data,48,4,0.137,NA
50,24,checksum,ifs,FALSE,20,elitize_generation_data,49,7,0.149,NA
51,24,checksum,ifs,FALSE,20,elitize_generation_data,50,5,0.145,NA
52,24,checksum,ifs,FALSE,20,elitize_generation_data,51,5,0.177,NA
53,24,checksum,ifs,FALSE,20,elitize_generation_data,52,4,0.212,NA
54,24,checksum,ifs,FALSE,20,elitize_generation_data,53,6,0.171,NA
55,24,checksum,ifs,FALSE,20,elitize_generation_data,54,7,0.168,NA
56,24,checksum,ifs,FALSE,20,elitize_generation_data,55,3,0.171,NA
57,24,checksum,ifs,FALSE,20,elitize_generation_data,56,3,0.183,NA
58,24,checksum,ifs,FALSE,20,elitize_generation_data,57,6,0.158,NA
59,24,checksum,ifs,FALSE,20,elitize_generation_data,58,8,0.17,NA
60,24,checksum,ifs,FALSE,20,elitize_generation_data,59,5,0.173,NA
61,24,checksum,ifs,FALSE,20,elitize_generation_data,60,4,0.17,NA
62,24,checksum,ifs,FALSE,20,elitize_generation_data,61,5,0.106,NA
63,24,checksum,ifs,FALSE,20,elitize_generation_data,62,5,0.12,NA
64,24,checksum,ifs,FALSE,20,elitize_generation_data,63,4,0.107,NA
65,24,checksum,ifs,FALSE,20,elitize_generation_data,64,3,0.128,NA
66,24,checksum,ifs,FALSE,20,elitize_generation_data,65,4,0.155,NA
67,24,checksum,ifs,FALSE,20,elitize_generation_data,66,8,0.2,NA
68,24,checksum,ifs,FALSE,20,elitize_generation_data,67,5,0.26,NA
69,24,checksum,ifs,FALSE,20,elitize_generation_data,68,8,0.284,NA
70,24,checksum,ifs,FALSE,20,elitize_generation_data,69,8,0.253,NA
71,24,checksum,ifs,FALSE,20,elitize_generation_data,70,9,0.226,NA
72,24,checksum,ifs,FALSE,20,elitize_generation_data,71,6,0.283,NA
73,24,checksum,ifs,FALSE,20,elitize_generation_data,72,5,0.34,NA
74,24,checksum,ifs,FALSE,20,elitize_generation_data,73,5,0.364,NA
75,24,checksum,ifs,FALSE,20,elitize_generation_data,74,4,0.364,NA
76,24,checksum,ifs,FALSE,20,elitize_generation_data,75,3,0.37,NA
77,24,checksum,ifs,FALSE,20,elitize_generation_data,76,5,0.379,NA
78,24,checksum,ifs,FALSE,20,elitize_generation_data,77,6,0.4,NA
79,24,checksum,ifs,FALSE,20,elitize_generation_data,78,3,0.406,NA
80,24,checksum,ifs,FALSE,20,elitize_generation_data,79,4,0.388,NA
81,24,checksum,ifs,FALSE,20,elitize_generation_data,80,6,0.386,NA
82,24,checksum,ifs,FALSE,20,elitize_generation_data,81,5,0.398,NA
83,24,checksum,ifs,FALSE,20,elitize_generation_data,82,4,0.368,NA
84,24,checksum,ifs,FALSE,20,elitize_generation_data,83,4,0.365,NA
85,24,checksum,ifs,FALSE,20,elitize_generation_data,84,4,0.356,NA
86,24,checksum,ifs,FALSE,20,elitize_generation_data,85,6,0.345,NA
87,24,checksum,ifs,FALSE,20,elitize_generation_data,86,2,0.324,NA
88,24,checksum,ifs,FALSE,20,elitize_generation_data,87,5,0.316,NA
89,24,checksum,ifs,FALSE,20,elitize_generation_data,88,7,0.327,NA
90,24,checksum,ifs,FALSE,20,elitize_generation_data,89,4,0.309,NA
91,24,checksum,ifs,FALSE,20,elitize_generation_data,90,4,0.311,NA
92,24,checksum,ifs,FALSE,20,elitize_generation_data,91,3,0.294,NA
93,24,checksum,ifs,FALSE,20,elitize_generation_data,92,4,0.306,NA
94,24,checksum,ifs,FALSE,20,elitize_generation_data,93,5,0.284,NA
95,24,checksum,ifs,FALSE,20,elitize_generation_data,94,4,0.333,NA
96,24,checksum,ifs,FALSE,20,elitize_generation_data,95,4,0.323,NA
97,24,checksum,ifs,FALSE,20,elitize_generation_data,96,4,0.304,NA
98,24,checksum,ifs,FALSE,20,elitize_generation_data,97,3,0.356,NA
99,24,checksum,ifs,FALSE,20,elitize_generation_data,98,7,0.315,NA
100,24,checksum,ifs,FALSE,20,elitize_generation_data,99,3,0.326,NA
101,24,checksum,ifs,FALSE,20,elitize_generation_data,100,2,0.32,NA
102,24,checksum,ifs,FALSE,20,elitize_generation_data,101,5,0.348,NA
103,24,checksum,ifs,FALSE,20,elitize_generation_data,102,4,0.372,NA
104,24,checksum,ifs,FALSE,20,elitize_generation_data,103,3,0.412,NA
105,24,checksum,ifs,FALSE,20,elitize_generation_data,104,6,0.389,NA
106,24,checksum,ifs,FALSE,20,elitize_generation_data,105,4,0.42,NA
107,24,checksum,ifs,FALSE,20,elitize_generation_data,106,4,0.44,NA
108,24,checksum,ifs,FALSE,20,elitize_generation_data,107,4,0.443,NA
109,24,checksum,ifs,FALSE,20,elitize_generation_data,108,5,0.427,NA
110,24,checksum,ifs,FALSE,20,elitize_generation_data,109,6,0.455,NA
111,24,checksum,ifs,FALSE,20,elitize_generation_data,110,2,0.458,NA
112,24,checksum,ifs,FALSE,20,elitize_generation_data,111,3,0.461,NA
113,24,checksum,ifs,FALSE,20,elitize_generation_data,112,8,0.488,NA
114,24,checksum,ifs,FALSE,20,elitize_generation_data,113,5,0.448,NA
115,24,checksum,ifs,FALSE,20,elitize_generation_data,114,5,0.461,NA
116,24,checksum,ifs,FALSE,20,elitize_generation_data,115,5,0.455,NA
117,24,checksum,ifs,FALSE,20,elitize_generation_data,116,5,0.428,NA
118,24,checksum,ifs,FALSE,20,elitize_generation_data,117,3,0.475,NA
119,24,checksum,ifs,FALSE,20,elitize_generation_data,118,6,0.466,NA
120,24,checksum,ifs,FALSE,20,elitize_generation_data,119,4,0.457,NA
121,24,checksum,ifs,FALSE,20,elitize_generation_data,120,4,0.453,NA
122,24,checksum,ifs,FALSE,20,elitize_generation_data,121,3,0.483,NA
123,24,checksum,ifs,FALSE,20,elitize_generation_data,122,2,0.477,NA
124,24,checksum,ifs,FALSE,20,elitize_generation_data,123,5,0.487,NA
125,24,checksum,ifs,FALSE,20,elitize_generation_data,124,5,0.487,NA
126,24,checksum,ifs,FALSE,20,elitize_generation_data,125,6,0.464,NA
127,24,checksum,ifs,FALSE,20,elitize_generation_data,126,7,0.508,NA
128,24,checksum,ifs,FALSE,20,elitize_generation_data,127,5,0.476,NA
129,24,checksum,ifs,FALSE,20,elitize_generation_data,128,4,0.501,NA
130,24,checksum,ifs,FALSE,20,elitize_generation_data,129,4,0.452,NA
131,24,checksum,ifs,FALSE,20,elitize_generation_data,130,8,0.465,NA
132,24,checksum,ifs,FALSE,20,elitize_generation_data,131,4,0.473,NA
133,24,checksum,ifs,FALSE,20,elitize_generation_data,132,6,0.461,NA
134,24,checksum,ifs,FALSE,20,elitize_generation_data,133,7,0.446,NA
135,24,checksum,ifs,FALSE,20,elitize_generation_data,134,6,0.444,NA
136,24,checksum,ifs,FALSE,20,elitize_generation_data,135,5,0.45,NA
137,24,checksum,ifs,FALSE,20,elitize_generation_data,136,6,0.467,NA
138,24,checksum,ifs,FALSE,20,elitize_generation_data,137,3,0.452,NA
139,24,checksum,ifs,FALSE,20,elitize_generation_data,138,5,0.449,NA
140,24,checksum,ifs,FALSE,20,elitize_generation_data,139,6,0.439,NA
141,24,checksum,ifs,FALSE,20,elitize_generation_data,140,6,0.43,NA
142,24,checksum,ifs,FALSE,20,elitize_generation_data,141,5,0.425,NA
143,24,checksum,ifs,FALSE,20,elitize_generation_data,142,5,0.463,NA
144,24,checksum,ifs,FALSE,20,elitize_generation_data,143,2,0.461,NA
145,24,checksum,ifs,FALSE,20,elitize_generation_data,144,5,0.465,NA
146,24,checksum,ifs,FALSE,20,elitize_generation_data,145,5,0.453,NA
147,24,checksum,ifs,FALSE,20,elitize_generation_data,146,6,0.422,NA
148,24,checksum,ifs,FALSE,20,elitize_generation_data,147,5,0.479,NA
149,24,checksum,ifs,FALSE,20,elitize_generation_data,148,4,0.444,NA
150,24,checksum,ifs,FALSE,20,elitize_generation_data,149,4,0.422,NA
151,24,checksum,ifs,FALSE,20,elitize_generation_data,150,3,0.424,NA
152,24,checksum,ifs,FALSE,20,elitize_generation_data,151,3,0.432,NA
153,24,checksum,ifs,FALSE,20,elitize_generation_data,152,7,0.411,NA
154,24,checksum,ifs,FALSE,20,elitize_generation_data,153,6,0.44,NA
155,24,checksum,ifs,FALSE,20,elitize_generation_data,154,2,0.433,NA
156,24,checksum,ifs,FALSE,20,elitize_generation_data,155,4,0.434,NA
157,24,checksum,ifs,FALSE,20,elitize_generation_data,156,4,0.456,NA
158,24,checksum,ifs,FALSE,20,elitize_generation_data,157,4,0.433,NA
159,24,checksum,ifs,FALSE,20,elitize_generation_data,158,4,0.429,NA
160,24,checksum,ifs,FALSE,20,elitize_generation_data,159,8,0.435,NA
161,24,checksum,ifs,FALSE,20,elitize_generation_data,160,3,0.439,NA
162,24,checksum,ifs,FALSE,20,elitize_generation_data,161,6,0.464,NA
163,24,checksum,ifs,FALSE,20,elitize_generation_data,162,2,0.439,NA
164,24,checksum,ifs,FALSE,20,elitize_generation_data,163,3,0.452,NA
165,24,checksum,ifs,FALSE,20,elitize_generation_data,164,5,0.452,NA
166,24,checksum,ifs,FALSE,20,elitize_generation_data,165,5,0.453,NA
167,24,checksum,ifs,FALSE,20,elitize_generation_data,166,4,0.439,NA
168,24,checksum,ifs,FALSE,20,elitize_generation_data,167,4,0.443,NA
169,24,checksum,ifs,FALSE,20,elitize_generation_data,168,7,0.411,NA
170,24,checksum,ifs,FALSE,20,elitize_generation_data,169,8,0.419,NA
171,24,checksum,ifs,FALSE,20,elitize_generation_data,170,3,0.394,NA
172,24,checksum,ifs,FALSE,20,elitize_generation_data,171,8,0.397,NA
173,24,checksum,ifs,FALSE,20,elitize_generation_data,172,8,0.369,NA
174,24,checksum,ifs,FALSE,20,elitize_generation_data,173,8,0.389,NA
175,24,checksum,ifs,FALSE,20,elitize_generation_data,174,6,0.381,NA
176,24,checksum,ifs,FALSE,20,elitize_generation_data,175,9,0.376,NA
177,24,checksum,ifs,FALSE,20,elitize_generation_data,176,6,0.356,NA
178,24,checksum,ifs,FALSE,20,elitize_generation_data,177,6,0.417,NA
179,24,checksum,ifs,FALSE,20,elitize_generation_data,178,6,0.382,NA
180,24,checksum,ifs,FALSE,20,elitize_generation_data,179,5,0.397,NA
181,24,checksum,ifs,FALSE,20,elitize_generation_data,180,6,0.39,NA
182,24,checksum,ifs,FALSE,20,elitize_generation_data,181,7,0.408,NA
183,24,checksum,ifs,FALSE,20,elitize_generation_data,182,5,0.405,NA
184,24,checksum,ifs,FALSE,20,elitize_generation_data,183,7,0.391,NA
185,24,checksum,ifs,FALSE,20,elitize_generation_data,184,4,0.406,NA
186,24,checksum,ifs,FALSE,20,elitize_generation_data,185,3,0.411,NA
187,24,checksum,ifs,FALSE,20,elitize_generation_data,186,7,0.401,NA
188,24,checksum,ifs,FALSE,20,elitize_generation_data,187,4,0.411,NA
189,24,checksum,ifs,FALSE,20,elitize_generation_data,188,10,0.429,NA
190,24,checksum,ifs,FALSE,20,elitize_generation_data,189,8,0.429,NA
191,24,checksum,ifs,FALSE,20,elitize_generation_data,190,6,0.44,NA
192,24,checksum,ifs,FALSE,20,elitize_generation_data,191,8,0.454,NA
193,24,checksum,ifs,FALSE,20,elitize_generation_data,192,9,0.468,NA
194,24,checksum,ifs,FALSE,20,elitize_generation_data,193,11,0.475,NA
195,24,checksum,ifs,FALSE,20,elitize_generation_data,194,4,0.476,NA
196,24,checksum,ifs,FALSE,20,elitize_generation_data,195,10,0.484,NA
197,24,checksum,ifs,FALSE,20,elitize_generation_data,196,8,0.493,NA
198,24,checksum,ifs,FALSE,20,elitize_generation_data,197,4,0.491,NA
199,24,checksum,ifs,FALSE,20,elitize_generation_data,198,8,0.513,NA
200,24,checksum,ifs,FALSE,20,elitize_generation_data,199,7,0.521,NA
201,24,checksum,ifs,FALSE,20,elitize_generation_data,200,7,0.53,NA
202,24,checksum,ifs,FALSE,20,elitize_generation_data,201,10,0.559,NA
203,24,checksum,ifs,FALSE,20,elitize_generation_data,202,7,0.553,NA
204,24,checksum,ifs,FALSE,20,elitize_generation_data,203,8,0.537,NA
205,24,checksum,ifs,FALSE,20,elitize_generation_data,204,7,0.525,NA
206,24,checksum,ifs,FALSE,20,elitize_generation_data,205,5,0.534,NA
207,24,checksum,ifs,FALSE,20,elitize_generation_data,206,9,0.497,NA
208,24,checksum,ifs,FALSE,20,elitize_generation_data,207,6,0.513,NA
209,24,checksum,ifs,FALSE,20,elitize_generation_data,208,8,0.487,NA
210,24,checksum,ifs,FALSE,20,elitize_generation_data,209,4,0.495,NA
211,24,checksum,ifs,FALSE,20,elitize_generation_data,210,5,0.503,NA
212,24,checksum,ifs,FALSE,20,elitize_generation_data,211,8,0.523,NA
213,24,checksum,ifs,FALSE,20,elitize_generation_data,212,7,0.543,NA
214,24,checksum,ifs,FALSE,20,elitize_generation_data,213,11,0.538,NA
215,24,checksum,ifs,FALSE,20,elitize_generation_data,214,10,0.517,NA
216,24,checksum,ifs,FALSE,20,elitize_generation_data,215,9,0.571,NA
217,24,checksum,ifs,FALSE,20,elitize_generation_data,216,12,0.56,NA
218,24,checksum,ifs,FALSE,20,elitize_generation_data,217,10,0.545,NA
219,24,checksum,ifs,FALSE,20,elitize_generation_data,218,10,0.55,NA
220,24,checksum,ifs,FALSE,20,elitize_generation_data,219,12,0.545,NA
221,24,checksum,ifs,FALSE,20,elitize_generation_data,220,7,0.52,NA
222,24,checksum,ifs,FALSE,20,elitize_generation_data,221,13,0.525,NA
223,24,checksum,ifs,FALSE,20,elitize_generation_data,222,8,0.516,NA
224,24,checksum,ifs,FALSE,20,elitize_generation_data,223,8,0.516,NA
225,24,checksum,ifs,FALSE,20,elitize_generation_data,224,9,0.505,NA
226,24,checksum,ifs,FALSE,20,elitize_generation_data,225,8,0.522,NA
227,24,checksum,ifs,FALSE,20,elitize_generation_data,226,12,0.551,NA
228,24,checksum,ifs,FALSE,20,elitize_generation_data,227,10,0.559,NA
229,24,checksum,ifs,FALSE,20,elitize_generation_data,228,12,0.503,NA
230,24,checksum,ifs,FALSE,20,elitize_generation_data,229,7,0.532,NA
231,24,checksum,ifs,FALSE,20,elitize_generation_data,230,11,0.512,NA
232,24,checksum,ifs,FALSE,20,elitize_generation_data,231,9,0.526,NA
233,24,checksum,ifs,FALSE,20,elitize_generation_data,232,10,0.531,NA
234,24,checksum,ifs,FALSE,20,elitize_generation_data,233,9,0.526,NA
235,24,checksum,ifs,FALSE,20,elitize_generation_data,234,10,0.549,NA
236,24,checksum,ifs,FALSE,20,elitize_generation_data,235,5,0.56,NA
237,24,checksum,ifs,FALSE,20,elitize_generation_data,236,10,0.565,NA
238,24,checksum,ifs,FALSE,20,elitize_generation_data,237,7,0.559,NA
239,24,checksum,ifs,FALSE,20,elitize_generation_data,238,9,0.547,NA
240,24,checksum,ifs,FALSE,20,elitize_generation_data,239,8,0.534,NA
241,24,checksum,ifs,FALSE,20,elitize_generation_data,240,13,0.526,NA
242,24,checksum,ifs,FALSE,20,elitize_generation_data,241,8,0.522,NA
243,24,checksum,ifs,FALSE,20,elitize_generation_data,242,8,0.56,NA
244,24,checksum,ifs,FALSE,20,elitize_generation_data,243,9,0.568,NA
245,24,checksum,ifs,FALSE,20,elitize_generation_data,244,4,0.6,NA
246,24,checksum,ifs,FALSE,20,elitize_generation_data,245,5,0.59,NA
247,24,checksum,ifs,FALSE,20,elitize_generation_data,246,5,0.611,NA
248,24,checksum,ifs,FALSE,20,elitize_generation_data,247,6,0.647,NA
249,24,checksum,ifs,FALSE,20,elitize_generation_data,248,10,0.619,NA
250,24,checksum,ifs,FALSE,20,elitize_generation_data,249,11,0.629,NA
251,24,checksum,ifs,FALSE,20,elitize_generation_data,250,10,0.62,NA
252,24,checksum,ifs,FALSE,20,elitize_generation_data,251,11,0.613,NA
253,24,checksum,ifs,FALSE,20,elitize_generation_data,252,7,0.611,NA
254,24,checksum,ifs,FALSE,20,elitize_generation_data,253,7,0.604,NA
255,24,checksum,ifs,FALSE,20,elitize_generation_data,254,12,0.597,NA
256,24,checksum,ifs,FALSE,20,elitize_generation_data,255,11,0.568,NA
257,24,checksum,ifs,FALSE,20,elitize_generation_data,256,10,0.578,NA
258,24,checksum,ifs,FALSE,20,elitize_generation_data,257,11,0.571,NA
259,24,checksum,ifs,FALSE,20,elitize_generation_data,258,10,0.595,NA
260,24,checksum,ifs,FALSE,20,elitize_generation_data,259,10,0.575,NA
261,24,checksum,ifs,FALSE,20,elitize_generation_data,260,8,0.56,NA
262,24,checksum,ifs,FALSE,20,elitize_generation_data,261,9,0.541,NA
263,24,checksum,ifs,FALSE,20,elitize_generation_data,262,8,0.566,NA
264,24,checksum,ifs,FALSE,20,elitize_generation_data,263,9,0.582,NA
265,24,checksum,ifs,FALSE,20,elitize_generation_data,264,6,0.552,NA
266,24,checksum,ifs,FALSE,20,elitize_generation_data,265,8,0.553,NA
267,24,checksum,ifs,FALSE,20,elitize_generation_data,266,8,0.558,NA
268,24,checksum,ifs,FALSE,20,elitize_generation_data,267,6,0.563,NA
269,24,checksum,ifs,FALSE,20,elitize_generation_data,268,10,0.563,NA
270,24,checksum,ifs,FALSE,20,elitize_generation_data,269,10,0.554,NA
271,24,checksum,ifs,FALSE,20,elitize_generation_data,270,10,0.552,NA
272,24,checksum,ifs,FALSE,20,elitize_generation_data,271,7,0.578,NA
273,24,checksum,ifs,FALSE,20,elitize_generation_data,272,13,0.557,NA
274,24,checksum,ifs,FALSE,20,elitize_generation_data,273,9,0.532,NA
275,24,checksum,ifs,FALSE,20,elitize_generation_data,274,10,0.563,NA
276,24,checksum,ifs,FALSE,20,elitize_generation_data,275,6,0.544,NA
277,24,checksum,ifs,FALSE,20,elitize_generation_data,276,9,0.546,NA
278,24,checksum,ifs,FALSE,20,elitize_generation_data,277,10,0.565,NA
279,24,checksum,ifs,FALSE,20,elitize_generation_data,278,9,0.558,NA
280,24,checksum,ifs,FALSE,20,elitize_generation_data,279,11,0.552,NA
281,24,checksum,ifs,FALSE,20,elitize_generation_data,280,7,0.589,NA
282,24,checksum,ifs,FALSE,20,elitize_generation_data,281,8,0.554,NA
283,24,checksum,ifs,FALSE,20,elitize_generation_data,282,11,0.555,NA
284,24,checksum,ifs,FALSE,20,elitize_generation_data,283,10,0.53,NA
285,24,checksum,ifs,FALSE,20,elitize_generation_data,284,11,0.542,NA
286,24,checksum,ifs,FALSE,20,elitize_generation_data,285,10,0.533,NA
287,24,checksum,ifs,FALSE,20,elitize_generation_data,286,7,0.558,NA
288,24,checksum,ifs,FALSE,20,elitize_generation_data,287,7,0.554,NA
289,24,checksum,ifs,FALSE,20,elitize_generation_data,288,9,0.568,NA
290,24,checksum,ifs,FALSE,20,elitize_generation_data,289,8,0.56,NA
291,24,checksum,ifs,FALSE,20,elitize_generation_data,290,14,0.585,NA
292,24,checksum,ifs,FALSE,20,elitize_generation_data,291,7,0.528,NA
293,24,checksum,ifs,FALSE,20,elitize_generation_data,292,10,0.535,NA
294,24,checksum,ifs,FALSE,20,elitize_generation_data,293,10,0.55,NA
295,24,checksum,ifs,FALSE,20,elitize_generation_data,294,9,0.561,NA
296,24,checksum,ifs,FALSE,20,elitize_generation_data,295,6,0.583,NA
297,24,checksum,ifs,FALSE,20,elitize_generation_data,296,14,0.559,NA
298,24,checksum,ifs,FALSE,20,elitize_generation_data,297,12,0.56,NA
299,24,checksum,ifs,FALSE,20,elitize_generation_data,298,9,0.55,NA
300,24,checksum,ifs,FALSE,20,elitize_generation_data,299,13,0.574,NA
301,24,checksum,ifs,FALSE,20,elitize_generation_data,300,8,0.538,NA
