,run.num,problem,treatment,succeeded,height,normalization.function,generation,cluster.count,error.diversity,success.generation
1,21,checksum,ifs,FALSE,20,elitize_generation_data,0,2,0.271,NA
2,21,checksum,ifs,FALSE,20,elitize_generation_data,1,2,0.261,NA
3,21,checksum,ifs,FALSE,20,elitize_generation_data,2,3,0.168,NA
4,21,checksum,ifs,FALSE,20,elitize_generation_data,3,3,0.167,NA
5,21,checksum,ifs,FALSE,20,elitize_generation_data,4,4,0.208,NA
6,21,checksum,ifs,FALSE,20,elitize_generation_data,5,4,0.273,NA
7,21,checksum,ifs,FALSE,20,elitize_generation_data,6,5,0.233,NA
8,21,checksum,ifs,FALSE,20,elitize_generation_data,7,5,0.21,NA
9,21,checksum,ifs,FALSE,20,elitize_generation_data,8,6,0.192,NA
10,21,checksum,ifs,FALSE,20,elitize_generation_data,9,6,0.148,NA
11,21,checksum,ifs,FALSE,20,elitize_generation_data,10,8,0.131,NA
12,21,checksum,ifs,FALSE,20,elitize_generation_data,11,6,0.107,NA
13,21,checksum,ifs,FALSE,20,elitize_generation_data,12,6,0.067,NA
14,21,checksum,ifs,FALSE,20,elitize_generation_data,13,5,0.047,NA
15,21,checksum,ifs,FALSE,20,elitize_generation_data,14,5,0.042,NA
16,21,checksum,ifs,FALSE,20,elitize_generation_data,15,6,0.043,NA
17,21,checksum,ifs,FALSE,20,elitize_generation_data,16,6,0.046,NA
18,21,checksum,ifs,FALSE,20,elitize_generation_data,17,8,0.04,NA
19,21,checksum,ifs,FALSE,20,elitize_generation_data,18,7,0.04,NA
20,21,checksum,ifs,FALSE,20,elitize_generation_data,19,8,0.045,NA
21,21,checksum,ifs,FALSE,20,elitize_generation_data,20,6,0.04,NA
22,21,checksum,ifs,FALSE,20,elitize_generation_data,21,7,0.032,NA
23,21,checksum,ifs,FALSE,20,elitize_generation_data,22,7,0.033,NA
24,21,checksum,ifs,FALSE,20,elitize_generation_data,23,7,0.041,NA
25,21,checksum,ifs,FALSE,20,elitize_generation_data,24,4,0.04,NA
26,21,checksum,ifs,FALSE,20,elitize_generation_data,25,6,0.039,NA
27,21,checksum,ifs,FALSE,20,elitize_generation_data,26,5,0.036,NA
28,21,checksum,ifs,FALSE,20,elitize_generation_data,27,5,0.035,NA
29,21,checksum,ifs,FALSE,20,elitize_generation_data,28,6,0.035,NA
30,21,checksum,ifs,FALSE,20,elitize_generation_data,29,6,0.043,NA
31,21,checksum,ifs,FALSE,20,elitize_generation_data,30,4,0.044,NA
32,21,checksum,ifs,FALSE,20,elitize_generation_data,31,6,0.045,NA
33,21,checksum,ifs,FALSE,20,elitize_generation_data,32,9,0.047,NA
34,21,checksum,ifs,FALSE,20,elitize_generation_data,33,6,0.056,NA
35,21,checksum,ifs,FALSE,20,elitize_generation_data,34,9,0.077,NA
36,21,checksum,ifs,FALSE,20,elitize_generation_data,35,6,0.056,NA
37,21,checksum,ifs,FALSE,20,elitize_generation_data,36,6,0.055,NA
38,21,checksum,ifs,FALSE,20,elitize_generation_data,37,5,0.065,NA
39,21,checksum,ifs,FALSE,20,elitize_generation_data,38,8,0.065,NA
40,21,checksum,ifs,FALSE,20,elitize_generation_data,39,9,0.056,NA
41,21,checksum,ifs,FALSE,20,elitize_generation_data,40,9,0.048,NA
42,21,checksum,ifs,FALSE,20,elitize_generation_data,41,5,0.043,NA
43,21,checksum,ifs,FALSE,20,elitize_generation_data,42,8,0.046,NA
44,21,checksum,ifs,FALSE,20,elitize_generation_data,43,9,0.055,NA
45,21,checksum,ifs,FALSE,20,elitize_generation_data,44,8,0.048,NA
46,21,checksum,ifs,FALSE,20,elitize_generation_data,45,5,0.049,NA
47,21,checksum,ifs,FALSE,20,elitize_generation_data,46,8,0.05,NA
48,21,checksum,ifs,FALSE,20,elitize_generation_data,47,9,0.037,NA
49,21,checksum,ifs,FALSE,20,elitize_generation_data,48,9,0.056,NA
50,21,checksum,ifs,FALSE,20,elitize_generation_data,49,10,0.045,NA
51,21,checksum,ifs,FALSE,20,elitize_generation_data,50,8,0.052,NA
52,21,checksum,ifs,FALSE,20,elitize_generation_data,51,7,0.048,NA
53,21,checksum,ifs,FALSE,20,elitize_generation_data,52,11,0.05,NA
54,21,checksum,ifs,FALSE,20,elitize_generation_data,53,8,0.048,NA
55,21,checksum,ifs,FALSE,20,elitize_generation_data,54,10,0.049,NA
56,21,checksum,ifs,FALSE,20,elitize_generation_data,55,9,0.051,NA
57,21,checksum,ifs,FALSE,20,elitize_generation_data,56,9,0.048,NA
58,21,checksum,ifs,FALSE,20,elitize_generation_data,57,10,0.053,NA
59,21,checksum,ifs,FALSE,20,elitize_generation_data,58,8,0.05,NA
60,21,checksum,ifs,FALSE,20,elitize_generation_data,59,7,0.055,NA
61,21,checksum,ifs,FALSE,20,elitize_generation_data,60,8,0.049,NA
62,21,checksum,ifs,FALSE,20,elitize_generation_data,61,9,0.046,NA
63,21,checksum,ifs,FALSE,20,elitize_generation_data,62,9,0.058,NA
64,21,checksum,ifs,FALSE,20,elitize_generation_data,63,9,0.051,NA
65,21,checksum,ifs,FALSE,20,elitize_generation_data,64,8,0.056,NA
66,21,checksum,ifs,FALSE,20,elitize_generation_data,65,10,0.049,NA
67,21,checksum,ifs,FALSE,20,elitize_generation_data,66,8,0.062,NA
68,21,checksum,ifs,FALSE,20,elitize_generation_data,67,8,0.052,NA
69,21,checksum,ifs,FALSE,20,elitize_generation_data,68,8,0.059,NA
70,21,checksum,ifs,FALSE,20,elitize_generation_data,69,4,0.05,NA
71,21,checksum,ifs,FALSE,20,elitize_generation_data,70,9,0.059,NA
72,21,checksum,ifs,FALSE,20,elitize_generation_data,71,10,0.044,NA
73,21,checksum,ifs,FALSE,20,elitize_generation_data,72,10,0.05,NA
74,21,checksum,ifs,FALSE,20,elitize_generation_data,73,5,0.059,NA
75,21,checksum,ifs,FALSE,20,elitize_generation_data,74,7,0.053,NA
76,21,checksum,ifs,FALSE,20,elitize_generation_data,75,10,0.049,NA
77,21,checksum,ifs,FALSE,20,elitize_generation_data,76,6,0.06,NA
78,21,checksum,ifs,FALSE,20,elitize_generation_data,77,10,0.056,NA
79,21,checksum,ifs,FALSE,20,elitize_generation_data,78,9,0.047,NA
80,21,checksum,ifs,FALSE,20,elitize_generation_data,79,13,0.061,NA
81,21,checksum,ifs,FALSE,20,elitize_generation_data,80,9,0.049,NA
82,21,checksum,ifs,FALSE,20,elitize_generation_data,81,11,0.054,NA
83,21,checksum,ifs,FALSE,20,elitize_generation_data,82,7,0.069,NA
84,21,checksum,ifs,FALSE,20,elitize_generation_data,83,7,0.076,NA
85,21,checksum,ifs,FALSE,20,elitize_generation_data,84,10,0.075,NA
86,21,checksum,ifs,FALSE,20,elitize_generation_data,85,6,0.094,NA
87,21,checksum,ifs,FALSE,20,elitize_generation_data,86,6,0.11,NA
88,21,checksum,ifs,FALSE,20,elitize_generation_data,87,10,0.085,NA
89,21,checksum,ifs,FALSE,20,elitize_generation_data,88,7,0.086,NA
90,21,checksum,ifs,FALSE,20,elitize_generation_data,89,10,0.087,NA
91,21,checksum,ifs,FALSE,20,elitize_generation_data,90,10,0.103,NA
92,21,checksum,ifs,FALSE,20,elitize_generation_data,91,7,0.102,NA
93,21,checksum,ifs,FALSE,20,elitize_generation_data,92,12,0.122,NA
94,21,checksum,ifs,FALSE,20,elitize_generation_data,93,11,0.123,NA
95,21,checksum,ifs,FALSE,20,elitize_generation_data,94,10,0.142,NA
96,21,checksum,ifs,FALSE,20,elitize_generation_data,95,9,0.13,NA
97,21,checksum,ifs,FALSE,20,elitize_generation_data,96,8,0.138,NA
98,21,checksum,ifs,FALSE,20,elitize_generation_data,97,7,0.123,NA
99,21,checksum,ifs,FALSE,20,elitize_generation_data,98,13,0.129,NA
100,21,checksum,ifs,FALSE,20,elitize_generation_data,99,12,0.135,NA
101,21,checksum,ifs,FALSE,20,elitize_generation_data,100,9,0.144,NA
102,21,checksum,ifs,FALSE,20,elitize_generation_data,101,7,0.145,NA
103,21,checksum,ifs,FALSE,20,elitize_generation_data,102,11,0.142,NA
104,21,checksum,ifs,FALSE,20,elitize_generation_data,103,7,0.185,NA
105,21,checksum,ifs,FALSE,20,elitize_generation_data,104,11,0.214,NA
106,21,checksum,ifs,FALSE,20,elitize_generation_data,105,21,0.218,NA
107,21,checksum,ifs,FALSE,20,elitize_generation_data,106,8,0.226,NA
108,21,checksum,ifs,FALSE,20,elitize_generation_data,107,17,0.249,NA
109,21,checksum,ifs,FALSE,20,elitize_generation_data,108,19,0.247,NA
110,21,checksum,ifs,FALSE,20,elitize_generation_data,109,21,0.238,NA
111,21,checksum,ifs,FALSE,20,elitize_generation_data,110,16,0.259,NA
112,21,checksum,ifs,FALSE,20,elitize_generation_data,111,15,0.262,NA
113,21,checksum,ifs,FALSE,20,elitize_generation_data,112,23,0.26,NA
114,21,checksum,ifs,FALSE,20,elitize_generation_data,113,19,0.286,NA
115,21,checksum,ifs,FALSE,20,elitize_generation_data,114,21,0.302,NA
116,21,checksum,ifs,FALSE,20,elitize_generation_data,115,15,0.294,NA
117,21,checksum,ifs,FALSE,20,elitize_generation_data,116,31,0.269,NA
118,21,checksum,ifs,FALSE,20,elitize_generation_data,117,18,0.306,NA
119,21,checksum,ifs,FALSE,20,elitize_generation_data,118,22,0.282,NA
120,21,checksum,ifs,FALSE,20,elitize_generation_data,119,13,0.272,NA
121,21,checksum,ifs,FALSE,20,elitize_generation_data,120,15,0.274,NA
122,21,checksum,ifs,FALSE,20,elitize_generation_data,121,15,0.236,NA
123,21,checksum,ifs,FALSE,20,elitize_generation_data,122,16,0.239,NA
124,21,checksum,ifs,FALSE,20,elitize_generation_data,123,27,0.266,NA
125,21,checksum,ifs,FALSE,20,elitize_generation_data,124,18,0.267,NA
126,21,checksum,ifs,FALSE,20,elitize_generation_data,125,24,0.266,NA
127,21,checksum,ifs,FALSE,20,elitize_generation_data,126,16,0.281,NA
128,21,checksum,ifs,FALSE,20,elitize_generation_data,127,16,0.268,NA
129,21,checksum,ifs,FALSE,20,elitize_generation_data,128,15,0.25,NA
130,21,checksum,ifs,FALSE,20,elitize_generation_data,129,14,0.25,NA
131,21,checksum,ifs,FALSE,20,elitize_generation_data,130,12,0.241,NA
132,21,checksum,ifs,FALSE,20,elitize_generation_data,131,11,0.26,NA
133,21,checksum,ifs,FALSE,20,elitize_generation_data,132,13,0.271,NA
134,21,checksum,ifs,FALSE,20,elitize_generation_data,133,12,0.264,NA
135,21,checksum,ifs,FALSE,20,elitize_generation_data,134,11,0.29,NA
136,21,checksum,ifs,FALSE,20,elitize_generation_data,135,9,0.278,NA
137,21,checksum,ifs,FALSE,20,elitize_generation_data,136,9,0.266,NA
138,21,checksum,ifs,FALSE,20,elitize_generation_data,137,11,0.263,NA
139,21,checksum,ifs,FALSE,20,elitize_generation_data,138,12,0.259,NA
140,21,checksum,ifs,FALSE,20,elitize_generation_data,139,20,0.256,NA
141,21,checksum,ifs,FALSE,20,elitize_generation_data,140,15,0.245,NA
142,21,checksum,ifs,FALSE,20,elitize_generation_data,141,15,0.278,NA
143,21,checksum,ifs,FALSE,20,elitize_generation_data,142,14,0.277,NA
144,21,checksum,ifs,FALSE,20,elitize_generation_data,143,13,0.277,NA
145,21,checksum,ifs,FALSE,20,elitize_generation_data,144,10,0.255,NA
146,21,checksum,ifs,FALSE,20,elitize_generation_data,145,19,0.251,NA
147,21,checksum,ifs,FALSE,20,elitize_generation_data,146,14,0.28,NA
148,21,checksum,ifs,FALSE,20,elitize_generation_data,147,19,0.256,NA
149,21,checksum,ifs,FALSE,20,elitize_generation_data,148,10,0.267,NA
150,21,checksum,ifs,FALSE,20,elitize_generation_data,149,14,0.27,NA
151,21,checksum,ifs,FALSE,20,elitize_generation_data,150,16,0.271,NA
152,21,checksum,ifs,FALSE,20,elitize_generation_data,151,14,0.306,NA
153,21,checksum,ifs,FALSE,20,elitize_generation_data,152,13,0.269,NA
154,21,checksum,ifs,FALSE,20,elitize_generation_data,153,14,0.292,NA
155,21,checksum,ifs,FALSE,20,elitize_generation_data,154,18,0.279,NA
156,21,checksum,ifs,FALSE,20,elitize_generation_data,155,17,0.275,NA
157,21,checksum,ifs,FALSE,20,elitize_generation_data,156,11,0.302,NA
158,21,checksum,ifs,FALSE,20,elitize_generation_data,157,14,0.29,NA
159,21,checksum,ifs,FALSE,20,elitize_generation_data,158,12,0.279,NA
160,21,checksum,ifs,FALSE,20,elitize_generation_data,159,14,0.294,NA
161,21,checksum,ifs,FALSE,20,elitize_generation_data,160,11,0.279,NA
162,21,checksum,ifs,FALSE,20,elitize_generation_data,161,13,0.282,NA
163,21,checksum,ifs,FALSE,20,elitize_generation_data,162,22,0.288,NA
164,21,checksum,ifs,FALSE,20,elitize_generation_data,163,15,0.3,NA
165,21,checksum,ifs,FALSE,20,elitize_generation_data,164,11,0.32,NA
166,21,checksum,ifs,FALSE,20,elitize_generation_data,165,12,0.295,NA
167,21,checksum,ifs,FALSE,20,elitize_generation_data,166,16,0.29,NA
168,21,checksum,ifs,FALSE,20,elitize_generation_data,167,20,0.3,NA
169,21,checksum,ifs,FALSE,20,elitize_generation_data,168,12,0.301,NA
170,21,checksum,ifs,FALSE,20,elitize_generation_data,169,16,0.304,NA
171,21,checksum,ifs,FALSE,20,elitize_generation_data,170,11,0.3,NA
172,21,checksum,ifs,FALSE,20,elitize_generation_data,171,16,0.306,NA
173,21,checksum,ifs,FALSE,20,elitize_generation_data,172,12,0.309,NA
174,21,checksum,ifs,FALSE,20,elitize_generation_data,173,12,0.311,NA
175,21,checksum,ifs,FALSE,20,elitize_generation_data,174,18,0.337,NA
176,21,checksum,ifs,FALSE,20,elitize_generation_data,175,12,0.32,NA
177,21,checksum,ifs,FALSE,20,elitize_generation_data,176,19,0.372,NA
178,21,checksum,ifs,FALSE,20,elitize_generation_data,177,13,0.362,NA
179,21,checksum,ifs,FALSE,20,elitize_generation_data,178,26,0.386,NA
180,21,checksum,ifs,FALSE,20,elitize_generation_data,179,25,0.425,NA
181,21,checksum,ifs,FALSE,20,elitize_generation_data,180,36,0.446,NA
182,21,checksum,ifs,FALSE,20,elitize_generation_data,181,35,0.434,NA
183,21,checksum,ifs,FALSE,20,elitize_generation_data,182,40,0.462,NA
184,21,checksum,ifs,FALSE,20,elitize_generation_data,183,27,0.443,NA
185,21,checksum,ifs,FALSE,20,elitize_generation_data,184,26,0.461,NA
186,21,checksum,ifs,FALSE,20,elitize_generation_data,185,31,0.475,NA
187,21,checksum,ifs,FALSE,20,elitize_generation_data,186,26,0.486,NA
188,21,checksum,ifs,FALSE,20,elitize_generation_data,187,34,0.478,NA
189,21,checksum,ifs,FALSE,20,elitize_generation_data,188,32,0.513,NA
190,21,checksum,ifs,FALSE,20,elitize_generation_data,189,36,0.507,NA
191,21,checksum,ifs,FALSE,20,elitize_generation_data,190,24,0.55,NA
192,21,checksum,ifs,FALSE,20,elitize_generation_data,191,34,0.555,NA
193,21,checksum,ifs,FALSE,20,elitize_generation_data,192,35,0.544,NA
194,21,checksum,ifs,FALSE,20,elitize_generation_data,193,25,0.513,NA
195,21,checksum,ifs,FALSE,20,elitize_generation_data,194,33,0.524,NA
196,21,checksum,ifs,FALSE,20,elitize_generation_data,195,35,0.549,NA
197,21,checksum,ifs,FALSE,20,elitize_generation_data,196,32,0.517,NA
198,21,checksum,ifs,FALSE,20,elitize_generation_data,197,25,0.512,NA
199,21,checksum,ifs,FALSE,20,elitize_generation_data,198,38,0.52,NA
200,21,checksum,ifs,FALSE,20,elitize_generation_data,199,37,0.524,NA
201,21,checksum,ifs,FALSE,20,elitize_generation_data,200,48,0.533,NA
202,21,checksum,ifs,FALSE,20,elitize_generation_data,201,26,0.524,NA
203,21,checksum,ifs,FALSE,20,elitize_generation_data,202,24,0.512,NA
204,21,checksum,ifs,FALSE,20,elitize_generation_data,203,32,0.524,NA
205,21,checksum,ifs,FALSE,20,elitize_generation_data,204,18,0.53,NA
206,21,checksum,ifs,FALSE,20,elitize_generation_data,205,34,0.539,NA
207,21,checksum,ifs,FALSE,20,elitize_generation_data,206,34,0.542,NA
208,21,checksum,ifs,FALSE,20,elitize_generation_data,207,34,0.53,NA
209,21,checksum,ifs,FALSE,20,elitize_generation_data,208,32,0.507,NA
210,21,checksum,ifs,FALSE,20,elitize_generation_data,209,43,0.52,NA
211,21,checksum,ifs,FALSE,20,elitize_generation_data,210,42,0.53,NA
212,21,checksum,ifs,FALSE,20,elitize_generation_data,211,35,0.531,NA
213,21,checksum,ifs,FALSE,20,elitize_generation_data,212,27,0.536,NA
214,21,checksum,ifs,FALSE,20,elitize_generation_data,213,38,0.527,NA
215,21,checksum,ifs,FALSE,20,elitize_generation_data,214,33,0.528,NA
216,21,checksum,ifs,FALSE,20,elitize_generation_data,215,26,0.519,NA
217,21,checksum,ifs,FALSE,20,elitize_generation_data,216,38,0.497,NA
218,21,checksum,ifs,FALSE,20,elitize_generation_data,217,31,0.533,NA
219,21,checksum,ifs,FALSE,20,elitize_generation_data,218,34,0.516,NA
220,21,checksum,ifs,FALSE,20,elitize_generation_data,219,28,0.528,NA
221,21,checksum,ifs,FALSE,20,elitize_generation_data,220,26,0.52,NA
222,21,checksum,ifs,FALSE,20,elitize_generation_data,221,26,0.509,NA
223,21,checksum,ifs,FALSE,20,elitize_generation_data,222,30,0.505,NA
224,21,checksum,ifs,FALSE,20,elitize_generation_data,223,30,0.515,NA
225,21,checksum,ifs,FALSE,20,elitize_generation_data,224,25,0.503,NA
226,21,checksum,ifs,FALSE,20,elitize_generation_data,225,25,0.509,NA
227,21,checksum,ifs,FALSE,20,elitize_generation_data,226,31,0.516,NA
228,21,checksum,ifs,FALSE,20,elitize_generation_data,227,33,0.531,NA
229,21,checksum,ifs,FALSE,20,elitize_generation_data,228,31,0.524,NA
230,21,checksum,ifs,FALSE,20,elitize_generation_data,229,25,0.526,NA
231,21,checksum,ifs,FALSE,20,elitize_generation_data,230,26,0.529,NA
232,21,checksum,ifs,FALSE,20,elitize_generation_data,231,27,0.519,NA
233,21,checksum,ifs,FALSE,20,elitize_generation_data,232,35,0.54,NA
234,21,checksum,ifs,FALSE,20,elitize_generation_data,233,33,0.517,NA
235,21,checksum,ifs,FALSE,20,elitize_generation_data,234,27,0.527,NA
236,21,checksum,ifs,FALSE,20,elitize_generation_data,235,41,0.504,NA
237,21,checksum,ifs,FALSE,20,elitize_generation_data,236,38,0.526,NA
238,21,checksum,ifs,FALSE,20,elitize_generation_data,237,33,0.543,NA
239,21,checksum,ifs,FALSE,20,elitize_generation_data,238,31,0.532,NA
240,21,checksum,ifs,FALSE,20,elitize_generation_data,239,32,0.531,NA
241,21,checksum,ifs,FALSE,20,elitize_generation_data,240,35,0.524,NA
242,21,checksum,ifs,FALSE,20,elitize_generation_data,241,25,0.524,NA
243,21,checksum,ifs,FALSE,20,elitize_generation_data,242,25,0.486,NA
244,21,checksum,ifs,FALSE,20,elitize_generation_data,243,22,0.506,NA
245,21,checksum,ifs,FALSE,20,elitize_generation_data,244,24,0.513,NA
246,21,checksum,ifs,FALSE,20,elitize_generation_data,245,39,0.508,NA
247,21,checksum,ifs,FALSE,20,elitize_generation_data,246,29,0.518,NA
248,21,checksum,ifs,FALSE,20,elitize_generation_data,247,29,0.521,NA
249,21,checksum,ifs,FALSE,20,elitize_generation_data,248,35,0.517,NA
250,21,checksum,ifs,FALSE,20,elitize_generation_data,249,29,0.554,NA
251,21,checksum,ifs,FALSE,20,elitize_generation_data,250,35,0.567,NA
252,21,checksum,ifs,FALSE,20,elitize_generation_data,251,29,0.567,NA
253,21,checksum,ifs,FALSE,20,elitize_generation_data,252,26,0.602,NA
254,21,checksum,ifs,FALSE,20,elitize_generation_data,253,28,0.584,NA
255,21,checksum,ifs,FALSE,20,elitize_generation_data,254,44,0.568,NA
256,21,checksum,ifs,FALSE,20,elitize_generation_data,255,48,0.575,NA
257,21,checksum,ifs,FALSE,20,elitize_generation_data,256,44,0.597,NA
258,21,checksum,ifs,FALSE,20,elitize_generation_data,257,42,0.622,NA
259,21,checksum,ifs,FALSE,20,elitize_generation_data,258,42,0.607,NA
260,21,checksum,ifs,FALSE,20,elitize_generation_data,259,39,0.621,NA
261,21,checksum,ifs,FALSE,20,elitize_generation_data,260,45,0.641,NA
262,21,checksum,ifs,FALSE,20,elitize_generation_data,261,41,0.636,NA
263,21,checksum,ifs,FALSE,20,elitize_generation_data,262,45,0.64,NA
264,21,checksum,ifs,FALSE,20,elitize_generation_data,263,51,0.65,NA
265,21,checksum,ifs,FALSE,20,elitize_generation_data,264,43,0.644,NA
266,21,checksum,ifs,FALSE,20,elitize_generation_data,265,57,0.629,NA
267,21,checksum,ifs,FALSE,20,elitize_generation_data,266,40,0.657,NA
268,21,checksum,ifs,FALSE,20,elitize_generation_data,267,45,0.672,NA
269,21,checksum,ifs,FALSE,20,elitize_generation_data,268,59,0.661,NA
270,21,checksum,ifs,FALSE,20,elitize_generation_data,269,43,0.632,NA
271,21,checksum,ifs,FALSE,20,elitize_generation_data,270,43,0.633,NA
272,21,checksum,ifs,FALSE,20,elitize_generation_data,271,39,0.63,NA
273,21,checksum,ifs,FALSE,20,elitize_generation_data,272,59,0.643,NA
274,21,checksum,ifs,FALSE,20,elitize_generation_data,273,49,0.659,NA
275,21,checksum,ifs,FALSE,20,elitize_generation_data,274,36,0.66,NA
276,21,checksum,ifs,FALSE,20,elitize_generation_data,275,51,0.628,NA
277,21,checksum,ifs,FALSE,20,elitize_generation_data,276,47,0.642,NA
278,21,checksum,ifs,FALSE,20,elitize_generation_data,277,56,0.671,NA
279,21,checksum,ifs,FALSE,20,elitize_generation_data,278,39,0.672,NA
280,21,checksum,ifs,FALSE,20,elitize_generation_data,279,34,0.682,NA
281,21,checksum,ifs,FALSE,20,elitize_generation_data,280,33,0.658,NA
282,21,checksum,ifs,FALSE,20,elitize_generation_data,281,25,0.632,NA
283,21,checksum,ifs,FALSE,20,elitize_generation_data,282,34,0.639,NA
284,21,checksum,ifs,FALSE,20,elitize_generation_data,283,31,0.607,NA
285,21,checksum,ifs,FALSE,20,elitize_generation_data,284,40,0.598,NA
286,21,checksum,ifs,FALSE,20,elitize_generation_data,285,35,0.608,NA
287,21,checksum,ifs,FALSE,20,elitize_generation_data,286,35,0.625,NA
288,21,checksum,ifs,FALSE,20,elitize_generation_data,287,46,0.615,NA
289,21,checksum,ifs,FALSE,20,elitize_generation_data,288,38,0.634,NA
290,21,checksum,ifs,FALSE,20,elitize_generation_data,289,39,0.59,NA
291,21,checksum,ifs,FALSE,20,elitize_generation_data,290,45,0.627,NA
292,21,checksum,ifs,FALSE,20,elitize_generation_data,291,36,0.652,NA
293,21,checksum,ifs,FALSE,20,elitize_generation_data,292,41,0.624,NA
294,21,checksum,ifs,FALSE,20,elitize_generation_data,293,39,0.659,NA
295,21,checksum,ifs,FALSE,20,elitize_generation_data,294,28,0.661,NA
296,21,checksum,ifs,FALSE,20,elitize_generation_data,295,38,0.648,NA
297,21,checksum,ifs,FALSE,20,elitize_generation_data,296,35,0.66,NA
298,21,checksum,ifs,FALSE,20,elitize_generation_data,297,42,0.675,NA
299,21,checksum,ifs,FALSE,20,elitize_generation_data,298,33,0.654,NA
300,21,checksum,ifs,FALSE,20,elitize_generation_data,299,31,0.641,NA
301,21,checksum,ifs,FALSE,20,elitize_generation_data,300,32,0.668,NA
