,run.num,problem,treatment,succeeded,height,normalization.function,generation,cluster.count,error.diversity,success.generation
1,9,checksum,ifs,FALSE,20,elitize_generation_data,0,2,0.307,NA
2,9,checksum,ifs,FALSE,20,elitize_generation_data,1,3,0.259,NA
3,9,checksum,ifs,FALSE,20,elitize_generation_data,2,3,0.162,NA
4,9,checksum,ifs,FALSE,20,elitize_generation_data,3,3,0.152,NA
5,9,checksum,ifs,FALSE,20,elitize_generation_data,4,3,0.232,NA
6,9,checksum,ifs,FALSE,20,elitize_generation_data,5,3,0.27,NA
7,9,checksum,ifs,FALSE,20,elitize_generation_data,6,4,0.183,NA
8,9,checksum,ifs,FALSE,20,elitize_generation_data,7,5,0.152,NA
9,9,checksum,ifs,FALSE,20,elitize_generation_data,8,4,0.12,NA
10,9,checksum,ifs,FALSE,20,elitize_generation_data,9,3,0.127,NA
11,9,checksum,ifs,FALSE,20,elitize_generation_data,10,5,0.166,NA
12,9,checksum,ifs,FALSE,20,elitize_generation_data,11,4,0.143,NA
13,9,checksum,ifs,FALSE,20,elitize_generation_data,12,5,0.131,NA
14,9,checksum,ifs,FALSE,20,elitize_generation_data,13,6,0.127,NA
15,9,checksum,ifs,FALSE,20,elitize_generation_data,14,7,0.142,NA
16,9,checksum,ifs,FALSE,20,elitize_generation_data,15,7,0.146,NA
17,9,checksum,ifs,FALSE,20,elitize_generation_data,16,11,0.197,NA
18,9,checksum,ifs,FALSE,20,elitize_generation_data,17,11,0.217,NA
19,9,checksum,ifs,FALSE,20,elitize_generation_data,18,11,0.26,NA
20,9,checksum,ifs,FALSE,20,elitize_generation_data,19,12,0.271,NA
21,9,checksum,ifs,FALSE,20,elitize_generation_data,20,12,0.331,NA
22,9,checksum,ifs,FALSE,20,elitize_generation_data,21,9,0.313,NA
23,9,checksum,ifs,FALSE,20,elitize_generation_data,22,7,0.299,NA
24,9,checksum,ifs,FALSE,20,elitize_generation_data,23,7,0.262,NA
25,9,checksum,ifs,FALSE,20,elitize_generation_data,24,10,0.272,NA
26,9,checksum,ifs,FALSE,20,elitize_generation_data,25,8,0.289,NA
27,9,checksum,ifs,FALSE,20,elitize_generation_data,26,8,0.354,NA
28,9,checksum,ifs,FALSE,20,elitize_generation_data,27,6,0.43,NA
29,9,checksum,ifs,FALSE,20,elitize_generation_data,28,8,0.503,NA
30,9,checksum,ifs,FALSE,20,elitize_generation_data,29,9,0.46,NA
31,9,checksum,ifs,FALSE,20,elitize_generation_data,30,11,0.422,NA
32,9,checksum,ifs,FALSE,20,elitize_generation_data,31,10,0.426,NA
33,9,checksum,ifs,FALSE,20,elitize_generation_data,32,12,0.437,NA
34,9,checksum,ifs,FALSE,20,elitize_generation_data,33,11,0.427,NA
35,9,checksum,ifs,FALSE,20,elitize_generation_data,34,10,0.414,NA
36,9,checksum,ifs,FALSE,20,elitize_generation_data,35,10,0.412,NA
37,9,checksum,ifs,FALSE,20,elitize_generation_data,36,11,0.423,NA
38,9,checksum,ifs,FALSE,20,elitize_generation_data,37,10,0.426,NA
39,9,checksum,ifs,FALSE,20,elitize_generation_data,38,9,0.408,NA
40,9,checksum,ifs,FALSE,20,elitize_generation_data,39,10,0.412,NA
41,9,checksum,ifs,FALSE,20,elitize_generation_data,40,7,0.375,NA
42,9,checksum,ifs,FALSE,20,elitize_generation_data,41,9,0.374,NA
43,9,checksum,ifs,FALSE,20,elitize_generation_data,42,7,0.377,NA
44,9,checksum,ifs,FALSE,20,elitize_generation_data,43,11,0.41,NA
45,9,checksum,ifs,FALSE,20,elitize_generation_data,44,12,0.428,NA
46,9,checksum,ifs,FALSE,20,elitize_generation_data,45,12,0.393,NA
47,9,checksum,ifs,FALSE,20,elitize_generation_data,46,14,0.364,NA
48,9,checksum,ifs,FALSE,20,elitize_generation_data,47,12,0.34,NA
49,9,checksum,ifs,FALSE,20,elitize_generation_data,48,12,0.35,NA
50,9,checksum,ifs,FALSE,20,elitize_generation_data,49,6,0.369,NA
51,9,checksum,ifs,FALSE,20,elitize_generation_data,50,10,0.383,NA
52,9,checksum,ifs,FALSE,20,elitize_generation_data,51,9,0.366,NA
53,9,checksum,ifs,FALSE,20,elitize_generation_data,52,12,0.371,NA
54,9,checksum,ifs,FALSE,20,elitize_generation_data,53,15,0.39,NA
55,9,checksum,ifs,FALSE,20,elitize_generation_data,54,12,0.409,NA
56,9,checksum,ifs,FALSE,20,elitize_generation_data,55,14,0.425,NA
57,9,checksum,ifs,FALSE,20,elitize_generation_data,56,10,0.489,NA
58,9,checksum,ifs,FALSE,20,elitize_generation_data,57,9,0.551,NA
59,9,checksum,ifs,FALSE,20,elitize_generation_data,58,9,0.568,NA
60,9,checksum,ifs,FALSE,20,elitize_generation_data,59,8,0.582,NA
61,9,checksum,ifs,FALSE,20,elitize_generation_data,60,11,0.57,NA
62,9,checksum,ifs,FALSE,20,elitize_generation_data,61,12,0.607,NA
63,9,checksum,ifs,FALSE,20,elitize_generation_data,62,9,0.631,NA
64,9,checksum,ifs,FALSE,20,elitize_generation_data,63,10,0.633,NA
65,9,checksum,ifs,FALSE,20,elitize_generation_data,64,11,0.638,NA
66,9,checksum,ifs,FALSE,20,elitize_generation_data,65,15,0.647,NA
67,9,checksum,ifs,FALSE,20,elitize_generation_data,66,13,0.634,NA
68,9,checksum,ifs,FALSE,20,elitize_generation_data,67,10,0.644,NA
69,9,checksum,ifs,FALSE,20,elitize_generation_data,68,7,0.622,NA
70,9,checksum,ifs,FALSE,20,elitize_generation_data,69,14,0.639,NA
71,9,checksum,ifs,FALSE,20,elitize_generation_data,70,14,0.613,NA
72,9,checksum,ifs,FALSE,20,elitize_generation_data,71,9,0.585,NA
73,9,checksum,ifs,FALSE,20,elitize_generation_data,72,14,0.602,NA
74,9,checksum,ifs,FALSE,20,elitize_generation_data,73,13,0.623,NA
75,9,checksum,ifs,FALSE,20,elitize_generation_data,74,12,0.589,NA
76,9,checksum,ifs,FALSE,20,elitize_generation_data,75,14,0.621,NA
77,9,checksum,ifs,FALSE,20,elitize_generation_data,76,8,0.628,NA
78,9,checksum,ifs,FALSE,20,elitize_generation_data,77,12,0.628,NA
79,9,checksum,ifs,FALSE,20,elitize_generation_data,78,10,0.604,NA
80,9,checksum,ifs,FALSE,20,elitize_generation_data,79,11,0.636,NA
81,9,checksum,ifs,FALSE,20,elitize_generation_data,80,11,0.619,NA
82,9,checksum,ifs,FALSE,20,elitize_generation_data,81,11,0.598,NA
83,9,checksum,ifs,FALSE,20,elitize_generation_data,82,9,0.6,NA
84,9,checksum,ifs,FALSE,20,elitize_generation_data,83,12,0.614,NA
85,9,checksum,ifs,FALSE,20,elitize_generation_data,84,13,0.647,NA
86,9,checksum,ifs,FALSE,20,elitize_generation_data,85,10,0.612,NA
87,9,checksum,ifs,FALSE,20,elitize_generation_data,86,11,0.625,NA
88,9,checksum,ifs,FALSE,20,elitize_generation_data,87,8,0.653,NA
89,9,checksum,ifs,FALSE,20,elitize_generation_data,88,19,0.631,NA
90,9,checksum,ifs,FALSE,20,elitize_generation_data,89,11,0.615,NA
91,9,checksum,ifs,FALSE,20,elitize_generation_data,90,18,0.636,NA
92,9,checksum,ifs,FALSE,20,elitize_generation_data,91,10,0.646,NA
93,9,checksum,ifs,FALSE,20,elitize_generation_data,92,15,0.637,NA
94,9,checksum,ifs,FALSE,20,elitize_generation_data,93,12,0.65,NA
95,9,checksum,ifs,FALSE,20,elitize_generation_data,94,15,0.643,NA
96,9,checksum,ifs,FALSE,20,elitize_generation_data,95,15,0.649,NA
97,9,checksum,ifs,FALSE,20,elitize_generation_data,96,14,0.638,NA
98,9,checksum,ifs,FALSE,20,elitize_generation_data,97,10,0.653,NA
99,9,checksum,ifs,FALSE,20,elitize_generation_data,98,15,0.63,NA
100,9,checksum,ifs,FALSE,20,elitize_generation_data,99,17,0.641,NA
101,9,checksum,ifs,FALSE,20,elitize_generation_data,100,17,0.63,NA
102,9,checksum,ifs,FALSE,20,elitize_generation_data,101,17,0.625,NA
103,9,checksum,ifs,FALSE,20,elitize_generation_data,102,12,0.634,NA
104,9,checksum,ifs,FALSE,20,elitize_generation_data,103,15,0.631,NA
105,9,checksum,ifs,FALSE,20,elitize_generation_data,104,14,0.641,NA
106,9,checksum,ifs,FALSE,20,elitize_generation_data,105,15,0.62,NA
107,9,checksum,ifs,FALSE,20,elitize_generation_data,106,13,0.635,NA
108,9,checksum,ifs,FALSE,20,elitize_generation_data,107,15,0.639,NA
109,9,checksum,ifs,FALSE,20,elitize_generation_data,108,15,0.636,NA
110,9,checksum,ifs,FALSE,20,elitize_generation_data,109,18,0.613,NA
111,9,checksum,ifs,FALSE,20,elitize_generation_data,110,15,0.656,NA
112,9,checksum,ifs,FALSE,20,elitize_generation_data,111,12,0.644,NA
113,9,checksum,ifs,FALSE,20,elitize_generation_data,112,14,0.653,NA
114,9,checksum,ifs,FALSE,20,elitize_generation_data,113,11,0.653,NA
115,9,checksum,ifs,FALSE,20,elitize_generation_data,114,17,0.659,NA
116,9,checksum,ifs,FALSE,20,elitize_generation_data,115,20,0.641,NA
117,9,checksum,ifs,FALSE,20,elitize_generation_data,116,9,0.642,NA
118,9,checksum,ifs,FALSE,20,elitize_generation_data,117,21,0.63,NA
119,9,checksum,ifs,FALSE,20,elitize_generation_data,118,12,0.609,NA
120,9,checksum,ifs,FALSE,20,elitize_generation_data,119,14,0.585,NA
121,9,checksum,ifs,FALSE,20,elitize_generation_data,120,14,0.559,NA
122,9,checksum,ifs,FALSE,20,elitize_generation_data,121,10,0.591,NA
123,9,checksum,ifs,FALSE,20,elitize_generation_data,122,13,0.621,NA
124,9,checksum,ifs,FALSE,20,elitize_generation_data,123,9,0.578,NA
125,9,checksum,ifs,FALSE,20,elitize_generation_data,124,11,0.575,NA
126,9,checksum,ifs,FALSE,20,elitize_generation_data,125,9,0.584,NA
127,9,checksum,ifs,FALSE,20,elitize_generation_data,126,8,0.595,NA
128,9,checksum,ifs,FALSE,20,elitize_generation_data,127,15,0.564,NA
129,9,checksum,ifs,FALSE,20,elitize_generation_data,128,9,0.569,NA
130,9,checksum,ifs,FALSE,20,elitize_generation_data,129,11,0.573,NA
131,9,checksum,ifs,FALSE,20,elitize_generation_data,130,12,0.596,NA
132,9,checksum,ifs,FALSE,20,elitize_generation_data,131,10,0.604,NA
133,9,checksum,ifs,FALSE,20,elitize_generation_data,132,13,0.583,NA
134,9,checksum,ifs,FALSE,20,elitize_generation_data,133,10,0.595,NA
135,9,checksum,ifs,FALSE,20,elitize_generation_data,134,17,0.612,NA
136,9,checksum,ifs,FALSE,20,elitize_generation_data,135,16,0.576,NA
137,9,checksum,ifs,FALSE,20,elitize_generation_data,136,14,0.605,NA
138,9,checksum,ifs,FALSE,20,elitize_generation_data,137,9,0.58,NA
139,9,checksum,ifs,FALSE,20,elitize_generation_data,138,10,0.567,NA
140,9,checksum,ifs,FALSE,20,elitize_generation_data,139,11,0.572,NA
141,9,checksum,ifs,FALSE,20,elitize_generation_data,140,9,0.565,NA
142,9,checksum,ifs,FALSE,20,elitize_generation_data,141,9,0.561,NA
143,9,checksum,ifs,FALSE,20,elitize_generation_data,142,10,0.582,NA
144,9,checksum,ifs,FALSE,20,elitize_generation_data,143,11,0.601,NA
145,9,checksum,ifs,FALSE,20,elitize_generation_data,144,8,0.572,NA
146,9,checksum,ifs,FALSE,20,elitize_generation_data,145,9,0.576,NA
147,9,checksum,ifs,FALSE,20,elitize_generation_data,146,15,0.596,NA
148,9,checksum,ifs,FALSE,20,elitize_generation_data,147,14,0.597,NA
149,9,checksum,ifs,FALSE,20,elitize_generation_data,148,9,0.547,NA
150,9,checksum,ifs,FALSE,20,elitize_generation_data,149,13,0.598,NA
151,9,checksum,ifs,FALSE,20,elitize_generation_data,150,17,0.587,NA
152,9,checksum,ifs,FALSE,20,elitize_generation_data,151,8,0.568,NA
153,9,checksum,ifs,FALSE,20,elitize_generation_data,152,13,0.581,NA
154,9,checksum,ifs,FALSE,20,elitize_generation_data,153,12,0.586,NA
155,9,checksum,ifs,FALSE,20,elitize_generation_data,154,13,0.604,NA
156,9,checksum,ifs,FALSE,20,elitize_generation_data,155,17,0.605,NA
157,9,checksum,ifs,FALSE,20,elitize_generation_data,156,19,0.64,NA
158,9,checksum,ifs,FALSE,20,elitize_generation_data,157,14,0.644,NA
159,9,checksum,ifs,FALSE,20,elitize_generation_data,158,26,0.649,NA
160,9,checksum,ifs,FALSE,20,elitize_generation_data,159,20,0.616,NA
161,9,checksum,ifs,FALSE,20,elitize_generation_data,160,22,0.646,NA
162,9,checksum,ifs,FALSE,20,elitize_generation_data,161,21,0.599,NA
163,9,checksum,ifs,FALSE,20,elitize_generation_data,162,18,0.581,NA
164,9,checksum,ifs,FALSE,20,elitize_generation_data,163,17,0.563,NA
165,9,checksum,ifs,FALSE,20,elitize_generation_data,164,19,0.605,NA
166,9,checksum,ifs,FALSE,20,elitize_generation_data,165,19,0.604,NA
167,9,checksum,ifs,FALSE,20,elitize_generation_data,166,21,0.607,NA
168,9,checksum,ifs,FALSE,20,elitize_generation_data,167,20,0.622,NA
169,9,checksum,ifs,FALSE,20,elitize_generation_data,168,17,0.6,NA
170,9,checksum,ifs,FALSE,20,elitize_generation_data,169,17,0.637,NA
171,9,checksum,ifs,FALSE,20,elitize_generation_data,170,18,0.595,NA
172,9,checksum,ifs,FALSE,20,elitize_generation_data,171,21,0.597,NA
173,9,checksum,ifs,FALSE,20,elitize_generation_data,172,20,0.572,NA
174,9,checksum,ifs,FALSE,20,elitize_generation_data,173,24,0.565,NA
175,9,checksum,ifs,FALSE,20,elitize_generation_data,174,23,0.57,NA
176,9,checksum,ifs,FALSE,20,elitize_generation_data,175,17,0.566,NA
177,9,checksum,ifs,FALSE,20,elitize_generation_data,176,19,0.552,NA
178,9,checksum,ifs,FALSE,20,elitize_generation_data,177,23,0.547,NA
179,9,checksum,ifs,FALSE,20,elitize_generation_data,178,22,0.546,NA
180,9,checksum,ifs,FALSE,20,elitize_generation_data,179,15,0.54,NA
181,9,checksum,ifs,FALSE,20,elitize_generation_data,180,20,0.556,NA
182,9,checksum,ifs,FALSE,20,elitize_generation_data,181,16,0.591,NA
183,9,checksum,ifs,FALSE,20,elitize_generation_data,182,23,0.574,NA
184,9,checksum,ifs,FALSE,20,elitize_generation_data,183,17,0.563,NA
185,9,checksum,ifs,FALSE,20,elitize_generation_data,184,16,0.579,NA
186,9,checksum,ifs,FALSE,20,elitize_generation_data,185,19,0.563,NA
187,9,checksum,ifs,FALSE,20,elitize_generation_data,186,16,0.595,NA
188,9,checksum,ifs,FALSE,20,elitize_generation_data,187,16,0.569,NA
189,9,checksum,ifs,FALSE,20,elitize_generation_data,188,18,0.574,NA
190,9,checksum,ifs,FALSE,20,elitize_generation_data,189,25,0.553,NA
191,9,checksum,ifs,FALSE,20,elitize_generation_data,190,21,0.583,NA
192,9,checksum,ifs,FALSE,20,elitize_generation_data,191,24,0.581,NA
193,9,checksum,ifs,FALSE,20,elitize_generation_data,192,17,0.607,NA
194,9,checksum,ifs,FALSE,20,elitize_generation_data,193,24,0.574,NA
195,9,checksum,ifs,FALSE,20,elitize_generation_data,194,22,0.619,NA
196,9,checksum,ifs,FALSE,20,elitize_generation_data,195,25,0.615,NA
197,9,checksum,ifs,FALSE,20,elitize_generation_data,196,26,0.631,NA
198,9,checksum,ifs,FALSE,20,elitize_generation_data,197,23,0.631,NA
199,9,checksum,ifs,FALSE,20,elitize_generation_data,198,26,0.636,NA
200,9,checksum,ifs,FALSE,20,elitize_generation_data,199,26,0.641,NA
201,9,checksum,ifs,FALSE,20,elitize_generation_data,200,17,0.641,NA
202,9,checksum,ifs,FALSE,20,elitize_generation_data,201,18,0.636,NA
203,9,checksum,ifs,FALSE,20,elitize_generation_data,202,21,0.63,NA
204,9,checksum,ifs,FALSE,20,elitize_generation_data,203,24,0.607,NA
205,9,checksum,ifs,FALSE,20,elitize_generation_data,204,23,0.629,NA
206,9,checksum,ifs,FALSE,20,elitize_generation_data,205,17,0.594,NA
207,9,checksum,ifs,FALSE,20,elitize_generation_data,206,17,0.576,NA
208,9,checksum,ifs,FALSE,20,elitize_generation_data,207,18,0.587,NA
209,9,checksum,ifs,FALSE,20,elitize_generation_data,208,19,0.563,NA
210,9,checksum,ifs,FALSE,20,elitize_generation_data,209,21,0.587,NA
211,9,checksum,ifs,FALSE,20,elitize_generation_data,210,16,0.602,NA
212,9,checksum,ifs,FALSE,20,elitize_generation_data,211,20,0.571,NA
213,9,checksum,ifs,FALSE,20,elitize_generation_data,212,28,0.586,NA
214,9,checksum,ifs,FALSE,20,elitize_generation_data,213,18,0.614,NA
215,9,checksum,ifs,FALSE,20,elitize_generation_data,214,20,0.619,NA
216,9,checksum,ifs,FALSE,20,elitize_generation_data,215,20,0.583,NA
217,9,checksum,ifs,FALSE,20,elitize_generation_data,216,27,0.597,NA
218,9,checksum,ifs,FALSE,20,elitize_generation_data,217,20,0.586,NA
219,9,checksum,ifs,FALSE,20,elitize_generation_data,218,24,0.593,NA
220,9,checksum,ifs,FALSE,20,elitize_generation_data,219,21,0.593,NA
221,9,checksum,ifs,FALSE,20,elitize_generation_data,220,22,0.587,NA
222,9,checksum,ifs,FALSE,20,elitize_generation_data,221,25,0.582,NA
223,9,checksum,ifs,FALSE,20,elitize_generation_data,222,25,0.594,NA
224,9,checksum,ifs,FALSE,20,elitize_generation_data,223,24,0.579,NA
225,9,checksum,ifs,FALSE,20,elitize_generation_data,224,26,0.594,NA
226,9,checksum,ifs,FALSE,20,elitize_generation_data,225,18,0.594,NA
227,9,checksum,ifs,FALSE,20,elitize_generation_data,226,26,0.603,NA
228,9,checksum,ifs,FALSE,20,elitize_generation_data,227,23,0.6,NA
229,9,checksum,ifs,FALSE,20,elitize_generation_data,228,19,0.587,NA
230,9,checksum,ifs,FALSE,20,elitize_generation_data,229,28,0.569,NA
231,9,checksum,ifs,FALSE,20,elitize_generation_data,230,18,0.586,NA
232,9,checksum,ifs,FALSE,20,elitize_generation_data,231,21,0.581,NA
233,9,checksum,ifs,FALSE,20,elitize_generation_data,232,20,0.577,NA
234,9,checksum,ifs,FALSE,20,elitize_generation_data,233,20,0.597,NA
235,9,checksum,ifs,FALSE,20,elitize_generation_data,234,24,0.611,NA
236,9,checksum,ifs,FALSE,20,elitize_generation_data,235,26,0.592,NA
237,9,checksum,ifs,FALSE,20,elitize_generation_data,236,25,0.592,NA
238,9,checksum,ifs,FALSE,20,elitize_generation_data,237,25,0.583,NA
239,9,checksum,ifs,FALSE,20,elitize_generation_data,238,26,0.582,NA
240,9,checksum,ifs,FALSE,20,elitize_generation_data,239,18,0.565,NA
241,9,checksum,ifs,FALSE,20,elitize_generation_data,240,25,0.585,NA
242,9,checksum,ifs,FALSE,20,elitize_generation_data,241,21,0.591,NA
243,9,checksum,ifs,FALSE,20,elitize_generation_data,242,28,0.616,NA
244,9,checksum,ifs,FALSE,20,elitize_generation_data,243,20,0.614,NA
245,9,checksum,ifs,FALSE,20,elitize_generation_data,244,19,0.623,NA
246,9,checksum,ifs,FALSE,20,elitize_generation_data,245,23,0.636,NA
247,9,checksum,ifs,FALSE,20,elitize_generation_data,246,23,0.628,NA
248,9,checksum,ifs,FALSE,20,elitize_generation_data,247,20,0.598,NA
249,9,checksum,ifs,FALSE,20,elitize_generation_data,248,20,0.592,NA
250,9,checksum,ifs,FALSE,20,elitize_generation_data,249,16,0.581,NA
251,9,checksum,ifs,FALSE,20,elitize_generation_data,250,22,0.619,NA
252,9,checksum,ifs,FALSE,20,elitize_generation_data,251,29,0.593,NA
253,9,checksum,ifs,FALSE,20,elitize_generation_data,252,15,0.593,NA
254,9,checksum,ifs,FALSE,20,elitize_generation_data,253,25,0.619,NA
255,9,checksum,ifs,FALSE,20,elitize_generation_data,254,24,0.611,NA
256,9,checksum,ifs,FALSE,20,elitize_generation_data,255,17,0.607,NA
257,9,checksum,ifs,FALSE,20,elitize_generation_data,256,17,0.595,NA
258,9,checksum,ifs,FALSE,20,elitize_generation_data,257,15,0.581,NA
259,9,checksum,ifs,FALSE,20,elitize_generation_data,258,16,0.577,NA
260,9,checksum,ifs,FALSE,20,elitize_generation_data,259,21,0.611,NA
261,9,checksum,ifs,FALSE,20,elitize_generation_data,260,18,0.583,NA
262,9,checksum,ifs,FALSE,20,elitize_generation_data,261,23,0.597,NA
263,9,checksum,ifs,FALSE,20,elitize_generation_data,262,17,0.608,NA
264,9,checksum,ifs,FALSE,20,elitize_generation_data,263,24,0.597,NA
265,9,checksum,ifs,FALSE,20,elitize_generation_data,264,24,0.58,NA
266,9,checksum,ifs,FALSE,20,elitize_generation_data,265,26,0.619,NA
267,9,checksum,ifs,FALSE,20,elitize_generation_data,266,18,0.589,NA
268,9,checksum,ifs,FALSE,20,elitize_generation_data,267,22,0.62,NA
269,9,checksum,ifs,FALSE,20,elitize_generation_data,268,25,0.611,NA
270,9,checksum,ifs,FALSE,20,elitize_generation_data,269,18,0.617,NA
271,9,checksum,ifs,FALSE,20,elitize_generation_data,270,24,0.561,NA
272,9,checksum,ifs,FALSE,20,elitize_generation_data,271,12,0.602,NA
273,9,checksum,ifs,FALSE,20,elitize_generation_data,272,25,0.585,NA
274,9,checksum,ifs,FALSE,20,elitize_generation_data,273,21,0.601,NA
275,9,checksum,ifs,FALSE,20,elitize_generation_data,274,17,0.604,NA
276,9,checksum,ifs,FALSE,20,elitize_generation_data,275,16,0.591,NA
277,9,checksum,ifs,FALSE,20,elitize_generation_data,276,12,0.585,NA
278,9,checksum,ifs,FALSE,20,elitize_generation_data,277,13,0.592,NA
279,9,checksum,ifs,FALSE,20,elitize_generation_data,278,17,0.592,NA
280,9,checksum,ifs,FALSE,20,elitize_generation_data,279,19,0.604,NA
281,9,checksum,ifs,FALSE,20,elitize_generation_data,280,20,0.566,NA
282,9,checksum,ifs,FALSE,20,elitize_generation_data,281,23,0.578,NA
283,9,checksum,ifs,FALSE,20,elitize_generation_data,282,12,0.575,NA
284,9,checksum,ifs,FALSE,20,elitize_generation_data,283,22,0.59,NA
285,9,checksum,ifs,FALSE,20,elitize_generation_data,284,17,0.605,NA
286,9,checksum,ifs,FALSE,20,elitize_generation_data,285,21,0.57,NA
287,9,checksum,ifs,FALSE,20,elitize_generation_data,286,24,0.58,NA
288,9,checksum,ifs,FALSE,20,elitize_generation_data,287,20,0.593,NA
289,9,checksum,ifs,FALSE,20,elitize_generation_data,288,18,0.582,NA
290,9,checksum,ifs,FALSE,20,elitize_generation_data,289,23,0.561,NA
291,9,checksum,ifs,FALSE,20,elitize_generation_data,290,14,0.593,NA
292,9,checksum,ifs,FALSE,20,elitize_generation_data,291,22,0.576,NA
293,9,checksum,ifs,FALSE,20,elitize_generation_data,292,21,0.584,NA
294,9,checksum,ifs,FALSE,20,elitize_generation_data,293,26,0.614,NA
295,9,checksum,ifs,FALSE,20,elitize_generation_data,294,18,0.591,NA
296,9,checksum,ifs,FALSE,20,elitize_generation_data,295,17,0.598,NA
297,9,checksum,ifs,FALSE,20,elitize_generation_data,296,19,0.592,NA
298,9,checksum,ifs,FALSE,20,elitize_generation_data,297,16,0.599,NA
299,9,checksum,ifs,FALSE,20,elitize_generation_data,298,16,0.58,NA
300,9,checksum,ifs,FALSE,20,elitize_generation_data,299,21,0.591,NA
301,9,checksum,ifs,FALSE,20,elitize_generation_data,300,28,0.602,NA
