,run.num,problem,treatment,succeeded,height,normalization.function,generation,cluster.count,error.diversity,success.generation
1,73,checksum,ifs,FALSE,20,elitize_generation_data,0,2,0.306,NA
2,73,checksum,ifs,FALSE,20,elitize_generation_data,1,2,0.261,NA
3,73,checksum,ifs,FALSE,20,elitize_generation_data,2,3,0.15,NA
4,73,checksum,ifs,FALSE,20,elitize_generation_data,3,2,0.128,NA
5,73,checksum,ifs,FALSE,20,elitize_generation_data,4,3,0.146,NA
6,73,checksum,ifs,FALSE,20,elitize_generation_data,5,4,0.258,NA
7,73,checksum,ifs,FALSE,20,elitize_generation_data,6,6,0.249,NA
8,73,checksum,ifs,FALSE,20,elitize_generation_data,7,6,0.182,NA
9,73,checksum,ifs,FALSE,20,elitize_generation_data,8,8,0.139,NA
10,73,checksum,ifs,FALSE,20,elitize_generation_data,9,7,0.134,NA
11,73,checksum,ifs,FALSE,20,elitize_generation_data,10,6,0.153,NA
12,73,checksum,ifs,FALSE,20,elitize_generation_data,11,8,0.163,NA
13,73,checksum,ifs,FALSE,20,elitize_generation_data,12,7,0.165,NA
14,73,checksum,ifs,FALSE,20,elitize_generation_data,13,7,0.163,NA
15,73,checksum,ifs,FALSE,20,elitize_generation_data,14,7,0.158,NA
16,73,checksum,ifs,FALSE,20,elitize_generation_data,15,7,0.185,NA
17,73,checksum,ifs,FALSE,20,elitize_generation_data,16,7,0.168,NA
18,73,checksum,ifs,FALSE,20,elitize_generation_data,17,7,0.197,NA
19,73,checksum,ifs,FALSE,20,elitize_generation_data,18,11,0.207,NA
20,73,checksum,ifs,FALSE,20,elitize_generation_data,19,11,0.183,NA
21,73,checksum,ifs,FALSE,20,elitize_generation_data,20,8,0.166,NA
22,73,checksum,ifs,FALSE,20,elitize_generation_data,21,8,0.179,NA
23,73,checksum,ifs,FALSE,20,elitize_generation_data,22,7,0.201,NA
24,73,checksum,ifs,FALSE,20,elitize_generation_data,23,7,0.197,NA
25,73,checksum,ifs,FALSE,20,elitize_generation_data,24,7,0.202,NA
26,73,checksum,ifs,FALSE,20,elitize_generation_data,25,8,0.187,NA
27,73,checksum,ifs,FALSE,20,elitize_generation_data,26,11,0.206,NA
28,73,checksum,ifs,FALSE,20,elitize_generation_data,27,10,0.183,NA
29,73,checksum,ifs,FALSE,20,elitize_generation_data,28,9,0.194,NA
30,73,checksum,ifs,FALSE,20,elitize_generation_data,29,8,0.201,NA
31,73,checksum,ifs,FALSE,20,elitize_generation_data,30,9,0.197,NA
32,73,checksum,ifs,FALSE,20,elitize_generation_data,31,7,0.194,NA
33,73,checksum,ifs,FALSE,20,elitize_generation_data,32,11,0.195,NA
34,73,checksum,ifs,FALSE,20,elitize_generation_data,33,7,0.182,NA
35,73,checksum,ifs,FALSE,20,elitize_generation_data,34,5,0.186,NA
36,73,checksum,ifs,FALSE,20,elitize_generation_data,35,8,0.176,NA
37,73,checksum,ifs,FALSE,20,elitize_generation_data,36,8,0.176,NA
38,73,checksum,ifs,FALSE,20,elitize_generation_data,37,5,0.192,NA
39,73,checksum,ifs,FALSE,20,elitize_generation_data,38,9,0.18,NA
40,73,checksum,ifs,FALSE,20,elitize_generation_data,39,9,0.164,NA
41,73,checksum,ifs,FALSE,20,elitize_generation_data,40,7,0.187,NA
42,73,checksum,ifs,FALSE,20,elitize_generation_data,41,8,0.17,NA
43,73,checksum,ifs,FALSE,20,elitize_generation_data,42,7,0.164,NA
44,73,checksum,ifs,FALSE,20,elitize_generation_data,43,10,0.175,NA
45,73,checksum,ifs,FALSE,20,elitize_generation_data,44,8,0.185,NA
46,73,checksum,ifs,FALSE,20,elitize_generation_data,45,11,0.157,NA
47,73,checksum,ifs,FALSE,20,elitize_generation_data,46,8,0.17,NA
48,73,checksum,ifs,FALSE,20,elitize_generation_data,47,8,0.163,NA
49,73,checksum,ifs,FALSE,20,elitize_generation_data,48,7,0.139,NA
50,73,checksum,ifs,FALSE,20,elitize_generation_data,49,8,0.158,NA
51,73,checksum,ifs,FALSE,20,elitize_generation_data,50,6,0.166,NA
52,73,checksum,ifs,FALSE,20,elitize_generation_data,51,7,0.156,NA
53,73,checksum,ifs,FALSE,20,elitize_generation_data,52,9,0.177,NA
54,73,checksum,ifs,FALSE,20,elitize_generation_data,53,10,0.167,NA
55,73,checksum,ifs,FALSE,20,elitize_generation_data,54,7,0.167,NA
56,73,checksum,ifs,FALSE,20,elitize_generation_data,55,8,0.175,NA
57,73,checksum,ifs,FALSE,20,elitize_generation_data,56,10,0.171,NA
58,73,checksum,ifs,FALSE,20,elitize_generation_data,57,8,0.168,NA
59,73,checksum,ifs,FALSE,20,elitize_generation_data,58,9,0.188,NA
60,73,checksum,ifs,FALSE,20,elitize_generation_data,59,7,0.183,NA
61,73,checksum,ifs,FALSE,20,elitize_generation_data,60,7,0.19,NA
62,73,checksum,ifs,FALSE,20,elitize_generation_data,61,14,0.198,NA
63,73,checksum,ifs,FALSE,20,elitize_generation_data,62,15,0.235,NA
64,73,checksum,ifs,FALSE,20,elitize_generation_data,63,15,0.228,NA
65,73,checksum,ifs,FALSE,20,elitize_generation_data,64,10,0.23,NA
66,73,checksum,ifs,FALSE,20,elitize_generation_data,65,13,0.23,NA
67,73,checksum,ifs,FALSE,20,elitize_generation_data,66,12,0.24,NA
68,73,checksum,ifs,FALSE,20,elitize_generation_data,67,11,0.22,NA
69,73,checksum,ifs,FALSE,20,elitize_generation_data,68,14,0.235,NA
70,73,checksum,ifs,FALSE,20,elitize_generation_data,69,11,0.244,NA
71,73,checksum,ifs,FALSE,20,elitize_generation_data,70,15,0.242,NA
72,73,checksum,ifs,FALSE,20,elitize_generation_data,71,11,0.229,NA
73,73,checksum,ifs,FALSE,20,elitize_generation_data,72,13,0.246,NA
74,73,checksum,ifs,FALSE,20,elitize_generation_data,73,15,0.23,NA
75,73,checksum,ifs,FALSE,20,elitize_generation_data,74,15,0.219,NA
76,73,checksum,ifs,FALSE,20,elitize_generation_data,75,11,0.208,NA
77,73,checksum,ifs,FALSE,20,elitize_generation_data,76,11,0.231,NA
78,73,checksum,ifs,FALSE,20,elitize_generation_data,77,13,0.247,NA
79,73,checksum,ifs,FALSE,20,elitize_generation_data,78,6,0.222,NA
80,73,checksum,ifs,FALSE,20,elitize_generation_data,79,12,0.22,NA
81,73,checksum,ifs,FALSE,20,elitize_generation_data,80,13,0.219,NA
82,73,checksum,ifs,FALSE,20,elitize_generation_data,81,10,0.19,NA
83,73,checksum,ifs,FALSE,20,elitize_generation_data,82,11,0.192,NA
84,73,checksum,ifs,FALSE,20,elitize_generation_data,83,13,0.167,NA
85,73,checksum,ifs,FALSE,20,elitize_generation_data,84,9,0.183,NA
86,73,checksum,ifs,FALSE,20,elitize_generation_data,85,9,0.185,NA
87,73,checksum,ifs,FALSE,20,elitize_generation_data,86,9,0.181,NA
88,73,checksum,ifs,FALSE,20,elitize_generation_data,87,9,0.185,NA
89,73,checksum,ifs,FALSE,20,elitize_generation_data,88,11,0.184,NA
90,73,checksum,ifs,FALSE,20,elitize_generation_data,89,10,0.189,NA
91,73,checksum,ifs,FALSE,20,elitize_generation_data,90,7,0.165,NA
92,73,checksum,ifs,FALSE,20,elitize_generation_data,91,8,0.189,NA
93,73,checksum,ifs,FALSE,20,elitize_generation_data,92,12,0.174,NA
94,73,checksum,ifs,FALSE,20,elitize_generation_data,93,11,0.186,NA
95,73,checksum,ifs,FALSE,20,elitize_generation_data,94,11,0.182,NA
96,73,checksum,ifs,FALSE,20,elitize_generation_data,95,12,0.178,NA
97,73,checksum,ifs,FALSE,20,elitize_generation_data,96,10,0.196,NA
98,73,checksum,ifs,FALSE,20,elitize_generation_data,97,11,0.196,NA
99,73,checksum,ifs,FALSE,20,elitize_generation_data,98,12,0.21,NA
100,73,checksum,ifs,FALSE,20,elitize_generation_data,99,9,0.197,NA
101,73,checksum,ifs,FALSE,20,elitize_generation_data,100,7,0.186,NA
102,73,checksum,ifs,FALSE,20,elitize_generation_data,101,11,0.195,NA
103,73,checksum,ifs,FALSE,20,elitize_generation_data,102,9,0.178,NA
104,73,checksum,ifs,FALSE,20,elitize_generation_data,103,9,0.183,NA
105,73,checksum,ifs,FALSE,20,elitize_generation_data,104,12,0.184,NA
106,73,checksum,ifs,FALSE,20,elitize_generation_data,105,14,0.193,NA
107,73,checksum,ifs,FALSE,20,elitize_generation_data,106,7,0.176,NA
108,73,checksum,ifs,FALSE,20,elitize_generation_data,107,8,0.201,NA
109,73,checksum,ifs,FALSE,20,elitize_generation_data,108,11,0.173,NA
110,73,checksum,ifs,FALSE,20,elitize_generation_data,109,9,0.208,NA
111,73,checksum,ifs,FALSE,20,elitize_generation_data,110,11,0.176,NA
112,73,checksum,ifs,FALSE,20,elitize_generation_data,111,6,0.184,NA
113,73,checksum,ifs,FALSE,20,elitize_generation_data,112,9,0.183,NA
114,73,checksum,ifs,FALSE,20,elitize_generation_data,113,10,0.191,NA
115,73,checksum,ifs,FALSE,20,elitize_generation_data,114,8,0.171,NA
116,73,checksum,ifs,FALSE,20,elitize_generation_data,115,9,0.179,NA
117,73,checksum,ifs,FALSE,20,elitize_generation_data,116,10,0.179,NA
118,73,checksum,ifs,FALSE,20,elitize_generation_data,117,8,0.179,NA
119,73,checksum,ifs,FALSE,20,elitize_generation_data,118,11,0.181,NA
120,73,checksum,ifs,FALSE,20,elitize_generation_data,119,11,0.175,NA
121,73,checksum,ifs,FALSE,20,elitize_generation_data,120,10,0.176,NA
122,73,checksum,ifs,FALSE,20,elitize_generation_data,121,9,0.162,NA
123,73,checksum,ifs,FALSE,20,elitize_generation_data,122,10,0.161,NA
124,73,checksum,ifs,FALSE,20,elitize_generation_data,123,6,0.191,NA
125,73,checksum,ifs,FALSE,20,elitize_generation_data,124,9,0.174,NA
126,73,checksum,ifs,FALSE,20,elitize_generation_data,125,11,0.172,NA
127,73,checksum,ifs,FALSE,20,elitize_generation_data,126,11,0.168,NA
128,73,checksum,ifs,FALSE,20,elitize_generation_data,127,10,0.17,NA
129,73,checksum,ifs,FALSE,20,elitize_generation_data,128,9,0.184,NA
130,73,checksum,ifs,FALSE,20,elitize_generation_data,129,9,0.17,NA
131,73,checksum,ifs,FALSE,20,elitize_generation_data,130,9,0.158,NA
132,73,checksum,ifs,FALSE,20,elitize_generation_data,131,10,0.158,NA
133,73,checksum,ifs,FALSE,20,elitize_generation_data,132,9,0.184,NA
134,73,checksum,ifs,FALSE,20,elitize_generation_data,133,7,0.166,NA
135,73,checksum,ifs,FALSE,20,elitize_generation_data,134,8,0.168,NA
136,73,checksum,ifs,FALSE,20,elitize_generation_data,135,7,0.152,NA
137,73,checksum,ifs,FALSE,20,elitize_generation_data,136,11,0.171,NA
138,73,checksum,ifs,FALSE,20,elitize_generation_data,137,9,0.156,NA
139,73,checksum,ifs,FALSE,20,elitize_generation_data,138,8,0.165,NA
140,73,checksum,ifs,FALSE,20,elitize_generation_data,139,11,0.193,NA
141,73,checksum,ifs,FALSE,20,elitize_generation_data,140,11,0.171,NA
142,73,checksum,ifs,FALSE,20,elitize_generation_data,141,13,0.18,NA
143,73,checksum,ifs,FALSE,20,elitize_generation_data,142,12,0.173,NA
144,73,checksum,ifs,FALSE,20,elitize_generation_data,143,11,0.175,NA
145,73,checksum,ifs,FALSE,20,elitize_generation_data,144,10,0.168,NA
146,73,checksum,ifs,FALSE,20,elitize_generation_data,145,9,0.187,NA
147,73,checksum,ifs,FALSE,20,elitize_generation_data,146,7,0.161,NA
148,73,checksum,ifs,FALSE,20,elitize_generation_data,147,11,0.163,NA
149,73,checksum,ifs,FALSE,20,elitize_generation_data,148,10,0.178,NA
150,73,checksum,ifs,FALSE,20,elitize_generation_data,149,11,0.17,NA
151,73,checksum,ifs,FALSE,20,elitize_generation_data,150,10,0.168,NA
152,73,checksum,ifs,FALSE,20,elitize_generation_data,151,7,0.183,NA
153,73,checksum,ifs,FALSE,20,elitize_generation_data,152,6,0.163,NA
154,73,checksum,ifs,FALSE,20,elitize_generation_data,153,5,0.157,NA
155,73,checksum,ifs,FALSE,20,elitize_generation_data,154,5,0.148,NA
156,73,checksum,ifs,FALSE,20,elitize_generation_data,155,7,0.149,NA
157,73,checksum,ifs,FALSE,20,elitize_generation_data,156,7,0.125,NA
158,73,checksum,ifs,FALSE,20,elitize_generation_data,157,7,0.148,NA
159,73,checksum,ifs,FALSE,20,elitize_generation_data,158,8,0.135,NA
160,73,checksum,ifs,FALSE,20,elitize_generation_data,159,7,0.126,NA
161,73,checksum,ifs,FALSE,20,elitize_generation_data,160,6,0.141,NA
162,73,checksum,ifs,FALSE,20,elitize_generation_data,161,10,0.123,NA
163,73,checksum,ifs,FALSE,20,elitize_generation_data,162,9,0.16,NA
164,73,checksum,ifs,FALSE,20,elitize_generation_data,163,10,0.148,NA
165,73,checksum,ifs,FALSE,20,elitize_generation_data,164,13,0.159,NA
166,73,checksum,ifs,FALSE,20,elitize_generation_data,165,9,0.131,NA
167,73,checksum,ifs,FALSE,20,elitize_generation_data,166,10,0.138,NA
168,73,checksum,ifs,FALSE,20,elitize_generation_data,167,7,0.138,NA
169,73,checksum,ifs,FALSE,20,elitize_generation_data,168,8,0.15,NA
170,73,checksum,ifs,FALSE,20,elitize_generation_data,169,7,0.143,NA
171,73,checksum,ifs,FALSE,20,elitize_generation_data,170,6,0.149,NA
172,73,checksum,ifs,FALSE,20,elitize_generation_data,171,8,0.145,NA
173,73,checksum,ifs,FALSE,20,elitize_generation_data,172,8,0.149,NA
174,73,checksum,ifs,FALSE,20,elitize_generation_data,173,6,0.137,NA
175,73,checksum,ifs,FALSE,20,elitize_generation_data,174,7,0.148,NA
176,73,checksum,ifs,FALSE,20,elitize_generation_data,175,8,0.155,NA
177,73,checksum,ifs,FALSE,20,elitize_generation_data,176,7,0.131,NA
178,73,checksum,ifs,FALSE,20,elitize_generation_data,177,7,0.13,NA
179,73,checksum,ifs,FALSE,20,elitize_generation_data,178,7,0.159,NA
180,73,checksum,ifs,FALSE,20,elitize_generation_data,179,11,0.154,NA
181,73,checksum,ifs,FALSE,20,elitize_generation_data,180,8,0.168,NA
182,73,checksum,ifs,FALSE,20,elitize_generation_data,181,18,0.185,NA
183,73,checksum,ifs,FALSE,20,elitize_generation_data,182,10,0.176,NA
184,73,checksum,ifs,FALSE,20,elitize_generation_data,183,11,0.152,NA
185,73,checksum,ifs,FALSE,20,elitize_generation_data,184,10,0.147,NA
186,73,checksum,ifs,FALSE,20,elitize_generation_data,185,9,0.129,NA
187,73,checksum,ifs,FALSE,20,elitize_generation_data,186,8,0.134,NA
188,73,checksum,ifs,FALSE,20,elitize_generation_data,187,6,0.148,NA
189,73,checksum,ifs,FALSE,20,elitize_generation_data,188,12,0.136,NA
190,73,checksum,ifs,FALSE,20,elitize_generation_data,189,9,0.15,NA
191,73,checksum,ifs,FALSE,20,elitize_generation_data,190,6,0.161,NA
192,73,checksum,ifs,FALSE,20,elitize_generation_data,191,9,0.159,NA
193,73,checksum,ifs,FALSE,20,elitize_generation_data,192,9,0.147,NA
194,73,checksum,ifs,FALSE,20,elitize_generation_data,193,7,0.146,NA
195,73,checksum,ifs,FALSE,20,elitize_generation_data,194,9,0.16,NA
196,73,checksum,ifs,FALSE,20,elitize_generation_data,195,8,0.166,NA
197,73,checksum,ifs,FALSE,20,elitize_generation_data,196,6,0.166,NA
198,73,checksum,ifs,FALSE,20,elitize_generation_data,197,6,0.152,NA
199,73,checksum,ifs,FALSE,20,elitize_generation_data,198,8,0.162,NA
200,73,checksum,ifs,FALSE,20,elitize_generation_data,199,5,0.165,NA
201,73,checksum,ifs,FALSE,20,elitize_generation_data,200,6,0.167,NA
202,73,checksum,ifs,FALSE,20,elitize_generation_data,201,9,0.164,NA
203,73,checksum,ifs,FALSE,20,elitize_generation_data,202,8,0.162,NA
204,73,checksum,ifs,FALSE,20,elitize_generation_data,203,6,0.155,NA
205,73,checksum,ifs,FALSE,20,elitize_generation_data,204,7,0.177,NA
206,73,checksum,ifs,FALSE,20,elitize_generation_data,205,8,0.16,NA
207,73,checksum,ifs,FALSE,20,elitize_generation_data,206,10,0.153,NA
208,73,checksum,ifs,FALSE,20,elitize_generation_data,207,10,0.162,NA
209,73,checksum,ifs,FALSE,20,elitize_generation_data,208,7,0.169,NA
210,73,checksum,ifs,FALSE,20,elitize_generation_data,209,11,0.18,NA
211,73,checksum,ifs,FALSE,20,elitize_generation_data,210,11,0.163,NA
212,73,checksum,ifs,FALSE,20,elitize_generation_data,211,14,0.173,NA
213,73,checksum,ifs,FALSE,20,elitize_generation_data,212,13,0.182,NA
214,73,checksum,ifs,FALSE,20,elitize_generation_data,213,13,0.172,NA
215,73,checksum,ifs,FALSE,20,elitize_generation_data,214,15,0.167,NA
216,73,checksum,ifs,FALSE,20,elitize_generation_data,215,13,0.195,NA
217,73,checksum,ifs,FALSE,20,elitize_generation_data,216,9,0.176,NA
218,73,checksum,ifs,FALSE,20,elitize_generation_data,217,14,0.187,NA
219,73,checksum,ifs,FALSE,20,elitize_generation_data,218,9,0.174,NA
220,73,checksum,ifs,FALSE,20,elitize_generation_data,219,15,0.171,NA
221,73,checksum,ifs,FALSE,20,elitize_generation_data,220,13,0.186,NA
222,73,checksum,ifs,FALSE,20,elitize_generation_data,221,11,0.173,NA
223,73,checksum,ifs,FALSE,20,elitize_generation_data,222,9,0.18,NA
224,73,checksum,ifs,FALSE,20,elitize_generation_data,223,11,0.179,NA
225,73,checksum,ifs,FALSE,20,elitize_generation_data,224,9,0.212,NA
226,73,checksum,ifs,FALSE,20,elitize_generation_data,225,12,0.21,NA
227,73,checksum,ifs,FALSE,20,elitize_generation_data,226,12,0.22,NA
228,73,checksum,ifs,FALSE,20,elitize_generation_data,227,12,0.21,NA
229,73,checksum,ifs,FALSE,20,elitize_generation_data,228,13,0.186,NA
230,73,checksum,ifs,FALSE,20,elitize_generation_data,229,11,0.184,NA
231,73,checksum,ifs,FALSE,20,elitize_generation_data,230,14,0.186,NA
232,73,checksum,ifs,FALSE,20,elitize_generation_data,231,15,0.192,NA
233,73,checksum,ifs,FALSE,20,elitize_generation_data,232,14,0.188,NA
234,73,checksum,ifs,FALSE,20,elitize_generation_data,233,11,0.199,NA
235,73,checksum,ifs,FALSE,20,elitize_generation_data,234,11,0.198,NA
236,73,checksum,ifs,FALSE,20,elitize_generation_data,235,16,0.178,NA
237,73,checksum,ifs,FALSE,20,elitize_generation_data,236,16,0.196,NA
238,73,checksum,ifs,FALSE,20,elitize_generation_data,237,10,0.169,NA
239,73,checksum,ifs,FALSE,20,elitize_generation_data,238,10,0.19,NA
240,73,checksum,ifs,FALSE,20,elitize_generation_data,239,9,0.201,NA
241,73,checksum,ifs,FALSE,20,elitize_generation_data,240,12,0.189,NA
242,73,checksum,ifs,FALSE,20,elitize_generation_data,241,11,0.204,NA
243,73,checksum,ifs,FALSE,20,elitize_generation_data,242,9,0.215,NA
244,73,checksum,ifs,FALSE,20,elitize_generation_data,243,13,0.23,NA
245,73,checksum,ifs,FALSE,20,elitize_generation_data,244,12,0.242,NA
246,73,checksum,ifs,FALSE,20,elitize_generation_data,245,10,0.258,NA
247,73,checksum,ifs,FALSE,20,elitize_generation_data,246,11,0.265,NA
248,73,checksum,ifs,FALSE,20,elitize_generation_data,247,7,0.272,NA
249,73,checksum,ifs,FALSE,20,elitize_generation_data,248,10,0.225,NA
250,73,checksum,ifs,FALSE,20,elitize_generation_data,249,11,0.236,NA
251,73,checksum,ifs,FALSE,20,elitize_generation_data,250,10,0.265,NA
252,73,checksum,ifs,FALSE,20,elitize_generation_data,251,8,0.229,NA
253,73,checksum,ifs,FALSE,20,elitize_generation_data,252,5,0.241,NA
254,73,checksum,ifs,FALSE,20,elitize_generation_data,253,12,0.227,NA
255,73,checksum,ifs,FALSE,20,elitize_generation_data,254,8,0.248,NA
256,73,checksum,ifs,FALSE,20,elitize_generation_data,255,12,0.226,NA
257,73,checksum,ifs,FALSE,20,elitize_generation_data,256,12,0.252,NA
258,73,checksum,ifs,FALSE,20,elitize_generation_data,257,10,0.221,NA
259,73,checksum,ifs,FALSE,20,elitize_generation_data,258,8,0.253,NA
260,73,checksum,ifs,FALSE,20,elitize_generation_data,259,11,0.292,NA
261,73,checksum,ifs,FALSE,20,elitize_generation_data,260,9,0.314,NA
262,73,checksum,ifs,FALSE,20,elitize_generation_data,261,8,0.374,NA
263,73,checksum,ifs,FALSE,20,elitize_generation_data,262,9,0.372,NA
264,73,checksum,ifs,FALSE,20,elitize_generation_data,263,17,0.384,NA
265,73,checksum,ifs,FALSE,20,elitize_generation_data,264,9,0.377,NA
266,73,checksum,ifs,FALSE,20,elitize_generation_data,265,12,0.398,NA
267,73,checksum,ifs,FALSE,20,elitize_generation_data,266,7,0.385,NA
268,73,checksum,ifs,FALSE,20,elitize_generation_data,267,9,0.387,NA
269,73,checksum,ifs,FALSE,20,elitize_generation_data,268,9,0.365,NA
270,73,checksum,ifs,FALSE,20,elitize_generation_data,269,12,0.382,NA
271,73,checksum,ifs,FALSE,20,elitize_generation_data,270,10,0.41,NA
272,73,checksum,ifs,FALSE,20,elitize_generation_data,271,10,0.413,NA
273,73,checksum,ifs,FALSE,20,elitize_generation_data,272,10,0.413,NA
274,73,checksum,ifs,FALSE,20,elitize_generation_data,273,7,0.427,NA
275,73,checksum,ifs,FALSE,20,elitize_generation_data,274,11,0.445,NA
276,73,checksum,ifs,FALSE,20,elitize_generation_data,275,6,0.446,NA
277,73,checksum,ifs,FALSE,20,elitize_generation_data,276,14,0.401,NA
278,73,checksum,ifs,FALSE,20,elitize_generation_data,277,8,0.426,NA
279,73,checksum,ifs,FALSE,20,elitize_generation_data,278,10,0.416,NA
280,73,checksum,ifs,FALSE,20,elitize_generation_data,279,6,0.414,NA
281,73,checksum,ifs,FALSE,20,elitize_generation_data,280,10,0.433,NA
282,73,checksum,ifs,FALSE,20,elitize_generation_data,281,9,0.398,NA
283,73,checksum,ifs,FALSE,20,elitize_generation_data,282,10,0.409,NA
284,73,checksum,ifs,FALSE,20,elitize_generation_data,283,10,0.437,NA
285,73,checksum,ifs,FALSE,20,elitize_generation_data,284,12,0.429,NA
286,73,checksum,ifs,FALSE,20,elitize_generation_data,285,15,0.435,NA
287,73,checksum,ifs,FALSE,20,elitize_generation_data,286,13,0.403,NA
288,73,checksum,ifs,FALSE,20,elitize_generation_data,287,6,0.356,NA
289,73,checksum,ifs,FALSE,20,elitize_generation_data,288,10,0.341,NA
290,73,checksum,ifs,FALSE,20,elitize_generation_data,289,9,0.322,NA
291,73,checksum,ifs,FALSE,20,elitize_generation_data,290,9,0.314,NA
292,73,checksum,ifs,FALSE,20,elitize_generation_data,291,11,0.341,NA
293,73,checksum,ifs,FALSE,20,elitize_generation_data,292,8,0.337,NA
294,73,checksum,ifs,FALSE,20,elitize_generation_data,293,8,0.326,NA
295,73,checksum,ifs,FALSE,20,elitize_generation_data,294,11,0.299,NA
296,73,checksum,ifs,FALSE,20,elitize_generation_data,295,7,0.34,NA
297,73,checksum,ifs,FALSE,20,elitize_generation_data,296,10,0.327,NA
298,73,checksum,ifs,FALSE,20,elitize_generation_data,297,6,0.34,NA
299,73,checksum,ifs,FALSE,20,elitize_generation_data,298,11,0.367,NA
300,73,checksum,ifs,FALSE,20,elitize_generation_data,299,11,0.363,NA
301,73,checksum,ifs,FALSE,20,elitize_generation_data,300,9,0.382,NA
