,run.num,problem,treatment,succeeded,height,normalization.function,generation,cluster.count,error.diversity,success.generation
1,77,checksum,ifs,FALSE,20,elitize_generation_data,0,4,0.298,NA
2,77,checksum,ifs,FALSE,20,elitize_generation_data,1,4,0.231,NA
3,77,checksum,ifs,FALSE,20,elitize_generation_data,2,3,0.138,NA
4,77,checksum,ifs,FALSE,20,elitize_generation_data,3,3,0.154,NA
5,77,checksum,ifs,FALSE,20,elitize_generation_data,4,3,0.158,NA
6,77,checksum,ifs,FALSE,20,elitize_generation_data,5,4,0.159,NA
7,77,checksum,ifs,FALSE,20,elitize_generation_data,6,4,0.245,NA
8,77,checksum,ifs,FALSE,20,elitize_generation_data,7,2,0.272,NA
9,77,checksum,ifs,FALSE,20,elitize_generation_data,8,2,0.174,NA
10,77,checksum,ifs,FALSE,20,elitize_generation_data,9,3,0.078,NA
11,77,checksum,ifs,FALSE,20,elitize_generation_data,10,2,0.061,NA
12,77,checksum,ifs,FALSE,20,elitize_generation_data,11,6,0.054,NA
13,77,checksum,ifs,FALSE,20,elitize_generation_data,12,2,0.084,NA
14,77,checksum,ifs,FALSE,20,elitize_generation_data,13,4,0.069,NA
15,77,checksum,ifs,FALSE,20,elitize_generation_data,14,6,0.069,NA
16,77,checksum,ifs,FALSE,20,elitize_generation_data,15,4,0.08,NA
17,77,checksum,ifs,FALSE,20,elitize_generation_data,16,3,0.083,NA
18,77,checksum,ifs,FALSE,20,elitize_generation_data,17,3,0.084,NA
19,77,checksum,ifs,FALSE,20,elitize_generation_data,18,3,0.079,NA
20,77,checksum,ifs,FALSE,20,elitize_generation_data,19,4,0.082,NA
21,77,checksum,ifs,FALSE,20,elitize_generation_data,20,5,0.09,NA
22,77,checksum,ifs,FALSE,20,elitize_generation_data,21,4,0.088,NA
23,77,checksum,ifs,FALSE,20,elitize_generation_data,22,3,0.078,NA
24,77,checksum,ifs,FALSE,20,elitize_generation_data,23,3,0.081,NA
25,77,checksum,ifs,FALSE,20,elitize_generation_data,24,5,0.086,NA
26,77,checksum,ifs,FALSE,20,elitize_generation_data,25,4,0.082,NA
27,77,checksum,ifs,FALSE,20,elitize_generation_data,26,4,0.084,NA
28,77,checksum,ifs,FALSE,20,elitize_generation_data,27,5,0.09,NA
29,77,checksum,ifs,FALSE,20,elitize_generation_data,28,5,0.079,NA
30,77,checksum,ifs,FALSE,20,elitize_generation_data,29,4,0.084,NA
31,77,checksum,ifs,FALSE,20,elitize_generation_data,30,3,0.081,NA
32,77,checksum,ifs,FALSE,20,elitize_generation_data,31,3,0.083,NA
33,77,checksum,ifs,FALSE,20,elitize_generation_data,32,3,0.083,NA
34,77,checksum,ifs,FALSE,20,elitize_generation_data,33,4,0.085,NA
35,77,checksum,ifs,FALSE,20,elitize_generation_data,34,5,0.09,NA
36,77,checksum,ifs,FALSE,20,elitize_generation_data,35,3,0.089,NA
37,77,checksum,ifs,FALSE,20,elitize_generation_data,36,3,0.086,NA
38,77,checksum,ifs,FALSE,20,elitize_generation_data,37,6,0.081,NA
39,77,checksum,ifs,FALSE,20,elitize_generation_data,38,3,0.092,NA
40,77,checksum,ifs,FALSE,20,elitize_generation_data,39,3,0.081,NA
41,77,checksum,ifs,FALSE,20,elitize_generation_data,40,5,0.073,NA
42,77,checksum,ifs,FALSE,20,elitize_generation_data,41,5,0.074,NA
43,77,checksum,ifs,FALSE,20,elitize_generation_data,42,3,0.087,NA
44,77,checksum,ifs,FALSE,20,elitize_generation_data,43,5,0.09,NA
45,77,checksum,ifs,FALSE,20,elitize_generation_data,44,2,0.082,NA
46,77,checksum,ifs,FALSE,20,elitize_generation_data,45,4,0.079,NA
47,77,checksum,ifs,FALSE,20,elitize_generation_data,46,6,0.09,NA
48,77,checksum,ifs,FALSE,20,elitize_generation_data,47,4,0.086,NA
49,77,checksum,ifs,FALSE,20,elitize_generation_data,48,4,0.079,NA
50,77,checksum,ifs,FALSE,20,elitize_generation_data,49,6,0.084,NA
51,77,checksum,ifs,FALSE,20,elitize_generation_data,50,8,0.082,NA
52,77,checksum,ifs,FALSE,20,elitize_generation_data,51,3,0.076,NA
53,77,checksum,ifs,FALSE,20,elitize_generation_data,52,5,0.088,NA
54,77,checksum,ifs,FALSE,20,elitize_generation_data,53,3,0.078,NA
55,77,checksum,ifs,FALSE,20,elitize_generation_data,54,4,0.079,NA
56,77,checksum,ifs,FALSE,20,elitize_generation_data,55,5,0.079,NA
57,77,checksum,ifs,FALSE,20,elitize_generation_data,56,4,0.074,NA
58,77,checksum,ifs,FALSE,20,elitize_generation_data,57,2,0.077,NA
59,77,checksum,ifs,FALSE,20,elitize_generation_data,58,3,0.077,NA
60,77,checksum,ifs,FALSE,20,elitize_generation_data,59,4,0.079,NA
61,77,checksum,ifs,FALSE,20,elitize_generation_data,60,3,0.091,NA
62,77,checksum,ifs,FALSE,20,elitize_generation_data,61,5,0.073,NA
63,77,checksum,ifs,FALSE,20,elitize_generation_data,62,4,0.086,NA
64,77,checksum,ifs,FALSE,20,elitize_generation_data,63,5,0.082,NA
65,77,checksum,ifs,FALSE,20,elitize_generation_data,64,4,0.092,NA
66,77,checksum,ifs,FALSE,20,elitize_generation_data,65,3,0.102,NA
67,77,checksum,ifs,FALSE,20,elitize_generation_data,66,3,0.107,NA
68,77,checksum,ifs,FALSE,20,elitize_generation_data,67,3,0.13,NA
69,77,checksum,ifs,FALSE,20,elitize_generation_data,68,4,0.135,NA
70,77,checksum,ifs,FALSE,20,elitize_generation_data,69,4,0.162,NA
71,77,checksum,ifs,FALSE,20,elitize_generation_data,70,3,0.165,NA
72,77,checksum,ifs,FALSE,20,elitize_generation_data,71,3,0.179,NA
73,77,checksum,ifs,FALSE,20,elitize_generation_data,72,2,0.196,NA
74,77,checksum,ifs,FALSE,20,elitize_generation_data,73,2,0.218,NA
75,77,checksum,ifs,FALSE,20,elitize_generation_data,74,2,0.24,NA
76,77,checksum,ifs,FALSE,20,elitize_generation_data,75,3,0.222,NA
77,77,checksum,ifs,FALSE,20,elitize_generation_data,76,4,0.205,NA
78,77,checksum,ifs,FALSE,20,elitize_generation_data,77,2,0.205,NA
79,77,checksum,ifs,FALSE,20,elitize_generation_data,78,3,0.187,NA
80,77,checksum,ifs,FALSE,20,elitize_generation_data,79,4,0.17,NA
81,77,checksum,ifs,FALSE,20,elitize_generation_data,80,2,0.167,NA
82,77,checksum,ifs,FALSE,20,elitize_generation_data,81,4,0.151,NA
83,77,checksum,ifs,FALSE,20,elitize_generation_data,82,2,0.154,NA
84,77,checksum,ifs,FALSE,20,elitize_generation_data,83,3,0.156,NA
85,77,checksum,ifs,FALSE,20,elitize_generation_data,84,4,0.162,NA
86,77,checksum,ifs,FALSE,20,elitize_generation_data,85,2,0.157,NA
87,77,checksum,ifs,FALSE,20,elitize_generation_data,86,3,0.158,NA
88,77,checksum,ifs,FALSE,20,elitize_generation_data,87,3,0.158,NA
89,77,checksum,ifs,FALSE,20,elitize_generation_data,88,2,0.168,NA
90,77,checksum,ifs,FALSE,20,elitize_generation_data,89,3,0.147,NA
91,77,checksum,ifs,FALSE,20,elitize_generation_data,90,4,0.163,NA
92,77,checksum,ifs,FALSE,20,elitize_generation_data,91,4,0.157,NA
93,77,checksum,ifs,FALSE,20,elitize_generation_data,92,4,0.158,NA
94,77,checksum,ifs,FALSE,20,elitize_generation_data,93,3,0.159,NA
95,77,checksum,ifs,FALSE,20,elitize_generation_data,94,2,0.169,NA
96,77,checksum,ifs,FALSE,20,elitize_generation_data,95,4,0.146,NA
97,77,checksum,ifs,FALSE,20,elitize_generation_data,96,4,0.17,NA
98,77,checksum,ifs,FALSE,20,elitize_generation_data,97,3,0.152,NA
99,77,checksum,ifs,FALSE,20,elitize_generation_data,98,2,0.178,NA
100,77,checksum,ifs,FALSE,20,elitize_generation_data,99,4,0.141,NA
101,77,checksum,ifs,FALSE,20,elitize_generation_data,100,2,0.173,NA
102,77,checksum,ifs,FALSE,20,elitize_generation_data,101,2,0.151,NA
103,77,checksum,ifs,FALSE,20,elitize_generation_data,102,3,0.166,NA
104,77,checksum,ifs,FALSE,20,elitize_generation_data,103,3,0.161,NA
105,77,checksum,ifs,FALSE,20,elitize_generation_data,104,2,0.157,NA
106,77,checksum,ifs,FALSE,20,elitize_generation_data,105,2,0.16,NA
107,77,checksum,ifs,FALSE,20,elitize_generation_data,106,5,0.151,NA
108,77,checksum,ifs,FALSE,20,elitize_generation_data,107,2,0.158,NA
109,77,checksum,ifs,FALSE,20,elitize_generation_data,108,3,0.169,NA
110,77,checksum,ifs,FALSE,20,elitize_generation_data,109,3,0.158,NA
111,77,checksum,ifs,FALSE,20,elitize_generation_data,110,3,0.159,NA
112,77,checksum,ifs,FALSE,20,elitize_generation_data,111,3,0.161,NA
113,77,checksum,ifs,FALSE,20,elitize_generation_data,112,3,0.159,NA
114,77,checksum,ifs,FALSE,20,elitize_generation_data,113,2,0.152,NA
115,77,checksum,ifs,FALSE,20,elitize_generation_data,114,3,0.18,NA
116,77,checksum,ifs,FALSE,20,elitize_generation_data,115,4,0.166,NA
117,77,checksum,ifs,FALSE,20,elitize_generation_data,116,5,0.167,NA
118,77,checksum,ifs,FALSE,20,elitize_generation_data,117,2,0.176,NA
119,77,checksum,ifs,FALSE,20,elitize_generation_data,118,4,0.17,NA
120,77,checksum,ifs,FALSE,20,elitize_generation_data,119,3,0.16,NA
121,77,checksum,ifs,FALSE,20,elitize_generation_data,120,5,0.16,NA
122,77,checksum,ifs,FALSE,20,elitize_generation_data,121,2,0.167,NA
123,77,checksum,ifs,FALSE,20,elitize_generation_data,122,3,0.178,NA
124,77,checksum,ifs,FALSE,20,elitize_generation_data,123,2,0.176,NA
125,77,checksum,ifs,FALSE,20,elitize_generation_data,124,3,0.148,NA
126,77,checksum,ifs,FALSE,20,elitize_generation_data,125,3,0.175,NA
127,77,checksum,ifs,FALSE,20,elitize_generation_data,126,3,0.174,NA
128,77,checksum,ifs,FALSE,20,elitize_generation_data,127,3,0.173,NA
129,77,checksum,ifs,FALSE,20,elitize_generation_data,128,4,0.181,NA
130,77,checksum,ifs,FALSE,20,elitize_generation_data,129,3,0.171,NA
131,77,checksum,ifs,FALSE,20,elitize_generation_data,130,4,0.178,NA
132,77,checksum,ifs,FALSE,20,elitize_generation_data,131,3,0.168,NA
133,77,checksum,ifs,FALSE,20,elitize_generation_data,132,6,0.166,NA
134,77,checksum,ifs,FALSE,20,elitize_generation_data,133,4,0.163,NA
135,77,checksum,ifs,FALSE,20,elitize_generation_data,134,3,0.164,NA
136,77,checksum,ifs,FALSE,20,elitize_generation_data,135,5,0.169,NA
137,77,checksum,ifs,FALSE,20,elitize_generation_data,136,2,0.148,NA
138,77,checksum,ifs,FALSE,20,elitize_generation_data,137,3,0.172,NA
139,77,checksum,ifs,FALSE,20,elitize_generation_data,138,2,0.184,NA
140,77,checksum,ifs,FALSE,20,elitize_generation_data,139,4,0.154,NA
141,77,checksum,ifs,FALSE,20,elitize_generation_data,140,3,0.168,NA
142,77,checksum,ifs,FALSE,20,elitize_generation_data,141,4,0.167,NA
143,77,checksum,ifs,FALSE,20,elitize_generation_data,142,3,0.181,NA
144,77,checksum,ifs,FALSE,20,elitize_generation_data,143,2,0.187,NA
145,77,checksum,ifs,FALSE,20,elitize_generation_data,144,4,0.169,NA
146,77,checksum,ifs,FALSE,20,elitize_generation_data,145,4,0.169,NA
147,77,checksum,ifs,FALSE,20,elitize_generation_data,146,2,0.168,NA
148,77,checksum,ifs,FALSE,20,elitize_generation_data,147,4,0.159,NA
149,77,checksum,ifs,FALSE,20,elitize_generation_data,148,2,0.159,NA
150,77,checksum,ifs,FALSE,20,elitize_generation_data,149,4,0.151,NA
151,77,checksum,ifs,FALSE,20,elitize_generation_data,150,5,0.167,NA
152,77,checksum,ifs,FALSE,20,elitize_generation_data,151,2,0.159,NA
153,77,checksum,ifs,FALSE,20,elitize_generation_data,152,4,0.158,NA
154,77,checksum,ifs,FALSE,20,elitize_generation_data,153,2,0.162,NA
155,77,checksum,ifs,FALSE,20,elitize_generation_data,154,3,0.163,NA
156,77,checksum,ifs,FALSE,20,elitize_generation_data,155,3,0.174,NA
157,77,checksum,ifs,FALSE,20,elitize_generation_data,156,3,0.162,NA
158,77,checksum,ifs,FALSE,20,elitize_generation_data,157,3,0.171,NA
159,77,checksum,ifs,FALSE,20,elitize_generation_data,158,3,0.173,NA
160,77,checksum,ifs,FALSE,20,elitize_generation_data,159,4,0.161,NA
161,77,checksum,ifs,FALSE,20,elitize_generation_data,160,2,0.173,NA
162,77,checksum,ifs,FALSE,20,elitize_generation_data,161,3,0.157,NA
163,77,checksum,ifs,FALSE,20,elitize_generation_data,162,2,0.172,NA
164,77,checksum,ifs,FALSE,20,elitize_generation_data,163,4,0.145,NA
165,77,checksum,ifs,FALSE,20,elitize_generation_data,164,2,0.174,NA
166,77,checksum,ifs,FALSE,20,elitize_generation_data,165,4,0.163,NA
167,77,checksum,ifs,FALSE,20,elitize_generation_data,166,4,0.171,NA
168,77,checksum,ifs,FALSE,20,elitize_generation_data,167,4,0.169,NA
169,77,checksum,ifs,FALSE,20,elitize_generation_data,168,3,0.17,NA
170,77,checksum,ifs,FALSE,20,elitize_generation_data,169,2,0.153,NA
171,77,checksum,ifs,FALSE,20,elitize_generation_data,170,2,0.16,NA
172,77,checksum,ifs,FALSE,20,elitize_generation_data,171,2,0.18,NA
173,77,checksum,ifs,FALSE,20,elitize_generation_data,172,2,0.168,NA
174,77,checksum,ifs,FALSE,20,elitize_generation_data,173,3,0.191,NA
175,77,checksum,ifs,FALSE,20,elitize_generation_data,174,3,0.163,NA
176,77,checksum,ifs,FALSE,20,elitize_generation_data,175,2,0.168,NA
177,77,checksum,ifs,FALSE,20,elitize_generation_data,176,2,0.169,NA
178,77,checksum,ifs,FALSE,20,elitize_generation_data,177,3,0.176,NA
179,77,checksum,ifs,FALSE,20,elitize_generation_data,178,4,0.158,NA
180,77,checksum,ifs,FALSE,20,elitize_generation_data,179,3,0.177,NA
181,77,checksum,ifs,FALSE,20,elitize_generation_data,180,3,0.171,NA
182,77,checksum,ifs,FALSE,20,elitize_generation_data,181,2,0.17,NA
183,77,checksum,ifs,FALSE,20,elitize_generation_data,182,3,0.169,NA
184,77,checksum,ifs,FALSE,20,elitize_generation_data,183,2,0.17,NA
185,77,checksum,ifs,FALSE,20,elitize_generation_data,184,3,0.165,NA
186,77,checksum,ifs,FALSE,20,elitize_generation_data,185,2,0.171,NA
187,77,checksum,ifs,FALSE,20,elitize_generation_data,186,5,0.161,NA
188,77,checksum,ifs,FALSE,20,elitize_generation_data,187,5,0.164,NA
189,77,checksum,ifs,FALSE,20,elitize_generation_data,188,3,0.165,NA
190,77,checksum,ifs,FALSE,20,elitize_generation_data,189,2,0.173,NA
191,77,checksum,ifs,FALSE,20,elitize_generation_data,190,3,0.178,NA
192,77,checksum,ifs,FALSE,20,elitize_generation_data,191,4,0.18,NA
193,77,checksum,ifs,FALSE,20,elitize_generation_data,192,3,0.169,NA
194,77,checksum,ifs,FALSE,20,elitize_generation_data,193,3,0.184,NA
195,77,checksum,ifs,FALSE,20,elitize_generation_data,194,3,0.166,NA
196,77,checksum,ifs,FALSE,20,elitize_generation_data,195,2,0.181,NA
197,77,checksum,ifs,FALSE,20,elitize_generation_data,196,4,0.159,NA
198,77,checksum,ifs,FALSE,20,elitize_generation_data,197,3,0.183,NA
199,77,checksum,ifs,FALSE,20,elitize_generation_data,198,3,0.172,NA
200,77,checksum,ifs,FALSE,20,elitize_generation_data,199,5,0.167,NA
201,77,checksum,ifs,FALSE,20,elitize_generation_data,200,2,0.187,NA
202,77,checksum,ifs,FALSE,20,elitize_generation_data,201,3,0.145,NA
203,77,checksum,ifs,FALSE,20,elitize_generation_data,202,2,0.17,NA
204,77,checksum,ifs,FALSE,20,elitize_generation_data,203,5,0.184,NA
205,77,checksum,ifs,FALSE,20,elitize_generation_data,204,3,0.18,NA
206,77,checksum,ifs,FALSE,20,elitize_generation_data,205,3,0.165,NA
207,77,checksum,ifs,FALSE,20,elitize_generation_data,206,3,0.164,NA
208,77,checksum,ifs,FALSE,20,elitize_generation_data,207,4,0.177,NA
209,77,checksum,ifs,FALSE,20,elitize_generation_data,208,4,0.181,NA
210,77,checksum,ifs,FALSE,20,elitize_generation_data,209,4,0.17,NA
211,77,checksum,ifs,FALSE,20,elitize_generation_data,210,4,0.17,NA
212,77,checksum,ifs,FALSE,20,elitize_generation_data,211,3,0.187,NA
213,77,checksum,ifs,FALSE,20,elitize_generation_data,212,2,0.162,NA
214,77,checksum,ifs,FALSE,20,elitize_generation_data,213,3,0.171,NA
215,77,checksum,ifs,FALSE,20,elitize_generation_data,214,3,0.172,NA
216,77,checksum,ifs,FALSE,20,elitize_generation_data,215,4,0.17,NA
217,77,checksum,ifs,FALSE,20,elitize_generation_data,216,5,0.161,NA
218,77,checksum,ifs,FALSE,20,elitize_generation_data,217,2,0.17,NA
219,77,checksum,ifs,FALSE,20,elitize_generation_data,218,2,0.16,NA
220,77,checksum,ifs,FALSE,20,elitize_generation_data,219,3,0.169,NA
221,77,checksum,ifs,FALSE,20,elitize_generation_data,220,2,0.179,NA
222,77,checksum,ifs,FALSE,20,elitize_generation_data,221,3,0.168,NA
223,77,checksum,ifs,FALSE,20,elitize_generation_data,222,2,0.171,NA
224,77,checksum,ifs,FALSE,20,elitize_generation_data,223,3,0.182,NA
225,77,checksum,ifs,FALSE,20,elitize_generation_data,224,2,0.175,NA
226,77,checksum,ifs,FALSE,20,elitize_generation_data,225,3,0.184,NA
227,77,checksum,ifs,FALSE,20,elitize_generation_data,226,2,0.193,NA
228,77,checksum,ifs,FALSE,20,elitize_generation_data,227,3,0.163,NA
229,77,checksum,ifs,FALSE,20,elitize_generation_data,228,2,0.172,NA
230,77,checksum,ifs,FALSE,20,elitize_generation_data,229,2,0.172,NA
231,77,checksum,ifs,FALSE,20,elitize_generation_data,230,5,0.163,NA
232,77,checksum,ifs,FALSE,20,elitize_generation_data,231,3,0.188,NA
233,77,checksum,ifs,FALSE,20,elitize_generation_data,232,2,0.18,NA
234,77,checksum,ifs,FALSE,20,elitize_generation_data,233,2,0.174,NA
235,77,checksum,ifs,FALSE,20,elitize_generation_data,234,3,0.166,NA
236,77,checksum,ifs,FALSE,20,elitize_generation_data,235,3,0.177,NA
237,77,checksum,ifs,FALSE,20,elitize_generation_data,236,3,0.188,NA
238,77,checksum,ifs,FALSE,20,elitize_generation_data,237,4,0.181,NA
239,77,checksum,ifs,FALSE,20,elitize_generation_data,238,4,0.179,NA
240,77,checksum,ifs,FALSE,20,elitize_generation_data,239,3,0.181,NA
241,77,checksum,ifs,FALSE,20,elitize_generation_data,240,3,0.173,NA
242,77,checksum,ifs,FALSE,20,elitize_generation_data,241,4,0.189,NA
243,77,checksum,ifs,FALSE,20,elitize_generation_data,242,3,0.166,NA
244,77,checksum,ifs,FALSE,20,elitize_generation_data,243,3,0.179,NA
245,77,checksum,ifs,FALSE,20,elitize_generation_data,244,4,0.159,NA
246,77,checksum,ifs,FALSE,20,elitize_generation_data,245,2,0.187,NA
247,77,checksum,ifs,FALSE,20,elitize_generation_data,246,3,0.181,NA
248,77,checksum,ifs,FALSE,20,elitize_generation_data,247,3,0.178,NA
249,77,checksum,ifs,FALSE,20,elitize_generation_data,248,2,0.178,NA
250,77,checksum,ifs,FALSE,20,elitize_generation_data,249,5,0.179,NA
251,77,checksum,ifs,FALSE,20,elitize_generation_data,250,2,0.169,NA
252,77,checksum,ifs,FALSE,20,elitize_generation_data,251,2,0.19,NA
253,77,checksum,ifs,FALSE,20,elitize_generation_data,252,3,0.169,NA
254,77,checksum,ifs,FALSE,20,elitize_generation_data,253,2,0.179,NA
255,77,checksum,ifs,FALSE,20,elitize_generation_data,254,4,0.172,NA
256,77,checksum,ifs,FALSE,20,elitize_generation_data,255,2,0.169,NA
257,77,checksum,ifs,FALSE,20,elitize_generation_data,256,4,0.174,NA
258,77,checksum,ifs,FALSE,20,elitize_generation_data,257,2,0.157,NA
259,77,checksum,ifs,FALSE,20,elitize_generation_data,258,2,0.176,NA
260,77,checksum,ifs,FALSE,20,elitize_generation_data,259,2,0.176,NA
261,77,checksum,ifs,FALSE,20,elitize_generation_data,260,3,0.178,NA
262,77,checksum,ifs,FALSE,20,elitize_generation_data,261,2,0.178,NA
263,77,checksum,ifs,FALSE,20,elitize_generation_data,262,2,0.179,NA
264,77,checksum,ifs,FALSE,20,elitize_generation_data,263,2,0.171,NA
265,77,checksum,ifs,FALSE,20,elitize_generation_data,264,3,0.17,NA
266,77,checksum,ifs,FALSE,20,elitize_generation_data,265,2,0.178,NA
267,77,checksum,ifs,FALSE,20,elitize_generation_data,266,2,0.182,NA
268,77,checksum,ifs,FALSE,20,elitize_generation_data,267,3,0.19,NA
269,77,checksum,ifs,FALSE,20,elitize_generation_data,268,2,0.157,NA
270,77,checksum,ifs,FALSE,20,elitize_generation_data,269,3,0.182,NA
271,77,checksum,ifs,FALSE,20,elitize_generation_data,270,3,0.171,NA
272,77,checksum,ifs,FALSE,20,elitize_generation_data,271,4,0.182,NA
273,77,checksum,ifs,FALSE,20,elitize_generation_data,272,3,0.17,NA
274,77,checksum,ifs,FALSE,20,elitize_generation_data,273,4,0.179,NA
275,77,checksum,ifs,FALSE,20,elitize_generation_data,274,3,0.18,NA
276,77,checksum,ifs,FALSE,20,elitize_generation_data,275,2,0.178,NA
277,77,checksum,ifs,FALSE,20,elitize_generation_data,276,3,0.178,NA
278,77,checksum,ifs,FALSE,20,elitize_generation_data,277,3,0.18,NA
279,77,checksum,ifs,FALSE,20,elitize_generation_data,278,2,0.2,NA
280,77,checksum,ifs,FALSE,20,elitize_generation_data,279,3,0.173,NA
281,77,checksum,ifs,FALSE,20,elitize_generation_data,280,3,0.192,NA
282,77,checksum,ifs,FALSE,20,elitize_generation_data,281,3,0.175,NA
283,77,checksum,ifs,FALSE,20,elitize_generation_data,282,2,0.188,NA
284,77,checksum,ifs,FALSE,20,elitize_generation_data,283,3,0.183,NA
285,77,checksum,ifs,FALSE,20,elitize_generation_data,284,3,0.17,NA
286,77,checksum,ifs,FALSE,20,elitize_generation_data,285,3,0.186,NA
287,77,checksum,ifs,FALSE,20,elitize_generation_data,286,3,0.162,NA
288,77,checksum,ifs,FALSE,20,elitize_generation_data,287,3,0.179,NA
289,77,checksum,ifs,FALSE,20,elitize_generation_data,288,2,0.192,NA
290,77,checksum,ifs,FALSE,20,elitize_generation_data,289,3,0.172,NA
291,77,checksum,ifs,FALSE,20,elitize_generation_data,290,2,0.175,NA
292,77,checksum,ifs,FALSE,20,elitize_generation_data,291,3,0.162,NA
293,77,checksum,ifs,FALSE,20,elitize_generation_data,292,2,0.167,NA
294,77,checksum,ifs,FALSE,20,elitize_generation_data,293,2,0.165,NA
295,77,checksum,ifs,FALSE,20,elitize_generation_data,294,3,0.173,NA
296,77,checksum,ifs,FALSE,20,elitize_generation_data,295,2,0.172,NA
297,77,checksum,ifs,FALSE,20,elitize_generation_data,296,2,0.171,NA
298,77,checksum,ifs,FALSE,20,elitize_generation_data,297,2,0.18,NA
299,77,checksum,ifs,FALSE,20,elitize_generation_data,298,2,0.172,NA
300,77,checksum,ifs,FALSE,20,elitize_generation_data,299,3,0.184,NA
301,77,checksum,ifs,FALSE,20,elitize_generation_data,300,2,0.175,NA
