,run.num,problem,treatment,succeeded,height,normalization.function,generation,cluster.count,error.diversity,success.generation
1,44,checksum,ifs,FALSE,20,elitize_generation_data,0,2,0.303,NA
2,44,checksum,ifs,FALSE,20,elitize_generation_data,1,2,0.244,NA
3,44,checksum,ifs,FALSE,20,elitize_generation_data,2,2,0.203,NA
4,44,checksum,ifs,FALSE,20,elitize_generation_data,3,4,0.184,NA
5,44,checksum,ifs,FALSE,20,elitize_generation_data,4,4,0.086,NA
6,44,checksum,ifs,FALSE,20,elitize_generation_data,5,4,0.033,NA
7,44,checksum,ifs,FALSE,20,elitize_generation_data,6,4,0.031,NA
8,44,checksum,ifs,FALSE,20,elitize_generation_data,7,4,0.045,NA
9,44,checksum,ifs,FALSE,20,elitize_generation_data,8,3,0.049,NA
10,44,checksum,ifs,FALSE,20,elitize_generation_data,9,7,0.039,NA
11,44,checksum,ifs,FALSE,20,elitize_generation_data,10,7,0.036,NA
12,44,checksum,ifs,FALSE,20,elitize_generation_data,11,7,0.034,NA
13,44,checksum,ifs,FALSE,20,elitize_generation_data,12,6,0.051,NA
14,44,checksum,ifs,FALSE,20,elitize_generation_data,13,9,0.042,NA
15,44,checksum,ifs,FALSE,20,elitize_generation_data,14,6,0.042,NA
16,44,checksum,ifs,FALSE,20,elitize_generation_data,15,5,0.042,NA
17,44,checksum,ifs,FALSE,20,elitize_generation_data,16,8,0.036,NA
18,44,checksum,ifs,FALSE,20,elitize_generation_data,17,7,0.034,NA
19,44,checksum,ifs,FALSE,20,elitize_generation_data,18,6,0.048,NA
20,44,checksum,ifs,FALSE,20,elitize_generation_data,19,6,0.045,NA
21,44,checksum,ifs,FALSE,20,elitize_generation_data,20,6,0.079,NA
22,44,checksum,ifs,FALSE,20,elitize_generation_data,21,7,0.057,NA
23,44,checksum,ifs,FALSE,20,elitize_generation_data,22,3,0.07,NA
24,44,checksum,ifs,FALSE,20,elitize_generation_data,23,6,0.053,NA
25,44,checksum,ifs,FALSE,20,elitize_generation_data,24,7,0.065,NA
26,44,checksum,ifs,FALSE,20,elitize_generation_data,25,6,0.067,NA
27,44,checksum,ifs,FALSE,20,elitize_generation_data,26,3,0.061,NA
28,44,checksum,ifs,FALSE,20,elitize_generation_data,27,8,0.066,NA
29,44,checksum,ifs,FALSE,20,elitize_generation_data,28,4,0.069,NA
30,44,checksum,ifs,FALSE,20,elitize_generation_data,29,6,0.07,NA
31,44,checksum,ifs,FALSE,20,elitize_generation_data,30,5,0.079,NA
32,44,checksum,ifs,FALSE,20,elitize_generation_data,31,5,0.074,NA
33,44,checksum,ifs,FALSE,20,elitize_generation_data,32,6,0.067,NA
34,44,checksum,ifs,FALSE,20,elitize_generation_data,33,8,0.069,NA
35,44,checksum,ifs,FALSE,20,elitize_generation_data,34,6,0.075,NA
36,44,checksum,ifs,FALSE,20,elitize_generation_data,35,6,0.065,NA
37,44,checksum,ifs,FALSE,20,elitize_generation_data,36,7,0.063,NA
38,44,checksum,ifs,FALSE,20,elitize_generation_data,37,8,0.068,NA
39,44,checksum,ifs,FALSE,20,elitize_generation_data,38,6,0.078,NA
40,44,checksum,ifs,FALSE,20,elitize_generation_data,39,7,0.068,NA
41,44,checksum,ifs,FALSE,20,elitize_generation_data,40,4,0.075,NA
42,44,checksum,ifs,FALSE,20,elitize_generation_data,41,6,0.064,NA
43,44,checksum,ifs,FALSE,20,elitize_generation_data,42,6,0.061,NA
44,44,checksum,ifs,FALSE,20,elitize_generation_data,43,7,0.072,NA
45,44,checksum,ifs,FALSE,20,elitize_generation_data,44,6,0.074,NA
46,44,checksum,ifs,FALSE,20,elitize_generation_data,45,7,0.06,NA
47,44,checksum,ifs,FALSE,20,elitize_generation_data,46,5,0.069,NA
48,44,checksum,ifs,FALSE,20,elitize_generation_data,47,4,0.062,NA
49,44,checksum,ifs,FALSE,20,elitize_generation_data,48,7,0.07,NA
50,44,checksum,ifs,FALSE,20,elitize_generation_data,49,8,0.074,NA
51,44,checksum,ifs,FALSE,20,elitize_generation_data,50,6,0.062,NA
52,44,checksum,ifs,FALSE,20,elitize_generation_data,51,6,0.073,NA
53,44,checksum,ifs,FALSE,20,elitize_generation_data,52,7,0.067,NA
54,44,checksum,ifs,FALSE,20,elitize_generation_data,53,7,0.071,NA
55,44,checksum,ifs,FALSE,20,elitize_generation_data,54,7,0.051,NA
56,44,checksum,ifs,FALSE,20,elitize_generation_data,55,5,0.066,NA
57,44,checksum,ifs,FALSE,20,elitize_generation_data,56,5,0.063,NA
58,44,checksum,ifs,FALSE,20,elitize_generation_data,57,8,0.067,NA
59,44,checksum,ifs,FALSE,20,elitize_generation_data,58,9,0.058,NA
60,44,checksum,ifs,FALSE,20,elitize_generation_data,59,7,0.063,NA
61,44,checksum,ifs,FALSE,20,elitize_generation_data,60,8,0.069,NA
62,44,checksum,ifs,FALSE,20,elitize_generation_data,61,7,0.075,NA
63,44,checksum,ifs,FALSE,20,elitize_generation_data,62,8,0.074,NA
64,44,checksum,ifs,FALSE,20,elitize_generation_data,63,7,0.055,NA
65,44,checksum,ifs,FALSE,20,elitize_generation_data,64,6,0.054,NA
66,44,checksum,ifs,FALSE,20,elitize_generation_data,65,6,0.066,NA
67,44,checksum,ifs,FALSE,20,elitize_generation_data,66,6,0.052,NA
68,44,checksum,ifs,FALSE,20,elitize_generation_data,67,6,0.058,NA
69,44,checksum,ifs,FALSE,20,elitize_generation_data,68,5,0.075,NA
70,44,checksum,ifs,FALSE,20,elitize_generation_data,69,9,0.061,NA
71,44,checksum,ifs,FALSE,20,elitize_generation_data,70,8,0.067,NA
72,44,checksum,ifs,FALSE,20,elitize_generation_data,71,7,0.059,NA
73,44,checksum,ifs,FALSE,20,elitize_generation_data,72,5,0.069,NA
74,44,checksum,ifs,FALSE,20,elitize_generation_data,73,8,0.069,NA
75,44,checksum,ifs,FALSE,20,elitize_generation_data,74,6,0.069,NA
76,44,checksum,ifs,FALSE,20,elitize_generation_data,75,6,0.062,NA
77,44,checksum,ifs,FALSE,20,elitize_generation_data,76,4,0.056,NA
78,44,checksum,ifs,FALSE,20,elitize_generation_data,77,7,0.07,NA
79,44,checksum,ifs,FALSE,20,elitize_generation_data,78,9,0.058,NA
80,44,checksum,ifs,FALSE,20,elitize_generation_data,79,6,0.058,NA
81,44,checksum,ifs,FALSE,20,elitize_generation_data,80,10,0.058,NA
82,44,checksum,ifs,FALSE,20,elitize_generation_data,81,8,0.059,NA
83,44,checksum,ifs,FALSE,20,elitize_generation_data,82,8,0.067,NA
84,44,checksum,ifs,FALSE,20,elitize_generation_data,83,8,0.067,NA
85,44,checksum,ifs,FALSE,20,elitize_generation_data,84,9,0.066,NA
86,44,checksum,ifs,FALSE,20,elitize_generation_data,85,9,0.063,NA
87,44,checksum,ifs,FALSE,20,elitize_generation_data,86,8,0.063,NA
88,44,checksum,ifs,FALSE,20,elitize_generation_data,87,7,0.062,NA
89,44,checksum,ifs,FALSE,20,elitize_generation_data,88,8,0.052,NA
90,44,checksum,ifs,FALSE,20,elitize_generation_data,89,8,0.063,NA
91,44,checksum,ifs,FALSE,20,elitize_generation_data,90,8,0.062,NA
92,44,checksum,ifs,FALSE,20,elitize_generation_data,91,8,0.061,NA
93,44,checksum,ifs,FALSE,20,elitize_generation_data,92,10,0.053,NA
94,44,checksum,ifs,FALSE,20,elitize_generation_data,93,8,0.06,NA
95,44,checksum,ifs,FALSE,20,elitize_generation_data,94,7,0.055,NA
96,44,checksum,ifs,FALSE,20,elitize_generation_data,95,9,0.054,NA
97,44,checksum,ifs,FALSE,20,elitize_generation_data,96,8,0.052,NA
98,44,checksum,ifs,FALSE,20,elitize_generation_data,97,8,0.044,NA
99,44,checksum,ifs,FALSE,20,elitize_generation_data,98,6,0.054,NA
100,44,checksum,ifs,FALSE,20,elitize_generation_data,99,8,0.045,NA
101,44,checksum,ifs,FALSE,20,elitize_generation_data,100,9,0.058,NA
102,44,checksum,ifs,FALSE,20,elitize_generation_data,101,6,0.064,NA
103,44,checksum,ifs,FALSE,20,elitize_generation_data,102,8,0.046,NA
104,44,checksum,ifs,FALSE,20,elitize_generation_data,103,8,0.054,NA
105,44,checksum,ifs,FALSE,20,elitize_generation_data,104,8,0.06,NA
106,44,checksum,ifs,FALSE,20,elitize_generation_data,105,5,0.056,NA
107,44,checksum,ifs,FALSE,20,elitize_generation_data,106,8,0.056,NA
108,44,checksum,ifs,FALSE,20,elitize_generation_data,107,8,0.055,NA
109,44,checksum,ifs,FALSE,20,elitize_generation_data,108,8,0.06,NA
110,44,checksum,ifs,FALSE,20,elitize_generation_data,109,10,0.054,NA
111,44,checksum,ifs,FALSE,20,elitize_generation_data,110,8,0.058,NA
112,44,checksum,ifs,FALSE,20,elitize_generation_data,111,8,0.06,NA
113,44,checksum,ifs,FALSE,20,elitize_generation_data,112,7,0.051,NA
114,44,checksum,ifs,FALSE,20,elitize_generation_data,113,8,0.055,NA
115,44,checksum,ifs,FALSE,20,elitize_generation_data,114,8,0.055,NA
116,44,checksum,ifs,FALSE,20,elitize_generation_data,115,8,0.049,NA
117,44,checksum,ifs,FALSE,20,elitize_generation_data,116,7,0.055,NA
118,44,checksum,ifs,FALSE,20,elitize_generation_data,117,9,0.05,NA
119,44,checksum,ifs,FALSE,20,elitize_generation_data,118,8,0.05,NA
120,44,checksum,ifs,FALSE,20,elitize_generation_data,119,9,0.052,NA
121,44,checksum,ifs,FALSE,20,elitize_generation_data,120,8,0.053,NA
122,44,checksum,ifs,FALSE,20,elitize_generation_data,121,6,0.053,NA
123,44,checksum,ifs,FALSE,20,elitize_generation_data,122,7,0.051,NA
124,44,checksum,ifs,FALSE,20,elitize_generation_data,123,6,0.051,NA
125,44,checksum,ifs,FALSE,20,elitize_generation_data,124,9,0.067,NA
126,44,checksum,ifs,FALSE,20,elitize_generation_data,125,7,0.05,NA
127,44,checksum,ifs,FALSE,20,elitize_generation_data,126,9,0.045,NA
128,44,checksum,ifs,FALSE,20,elitize_generation_data,127,7,0.055,NA
129,44,checksum,ifs,FALSE,20,elitize_generation_data,128,7,0.05,NA
130,44,checksum,ifs,FALSE,20,elitize_generation_data,129,6,0.053,NA
131,44,checksum,ifs,FALSE,20,elitize_generation_data,130,10,0.045,NA
132,44,checksum,ifs,FALSE,20,elitize_generation_data,131,6,0.05,NA
133,44,checksum,ifs,FALSE,20,elitize_generation_data,132,8,0.05,NA
134,44,checksum,ifs,FALSE,20,elitize_generation_data,133,10,0.051,NA
135,44,checksum,ifs,FALSE,20,elitize_generation_data,134,7,0.047,NA
136,44,checksum,ifs,FALSE,20,elitize_generation_data,135,7,0.045,NA
137,44,checksum,ifs,FALSE,20,elitize_generation_data,136,7,0.046,NA
138,44,checksum,ifs,FALSE,20,elitize_generation_data,137,8,0.04,NA
139,44,checksum,ifs,FALSE,20,elitize_generation_data,138,7,0.045,NA
140,44,checksum,ifs,FALSE,20,elitize_generation_data,139,8,0.046,NA
141,44,checksum,ifs,FALSE,20,elitize_generation_data,140,9,0.048,NA
142,44,checksum,ifs,FALSE,20,elitize_generation_data,141,10,0.06,NA
143,44,checksum,ifs,FALSE,20,elitize_generation_data,142,8,0.053,NA
144,44,checksum,ifs,FALSE,20,elitize_generation_data,143,8,0.052,NA
145,44,checksum,ifs,FALSE,20,elitize_generation_data,144,8,0.056,NA
146,44,checksum,ifs,FALSE,20,elitize_generation_data,145,9,0.053,NA
147,44,checksum,ifs,FALSE,20,elitize_generation_data,146,6,0.056,NA
148,44,checksum,ifs,FALSE,20,elitize_generation_data,147,9,0.057,NA
149,44,checksum,ifs,FALSE,20,elitize_generation_data,148,8,0.044,NA
150,44,checksum,ifs,FALSE,20,elitize_generation_data,149,7,0.038,NA
151,44,checksum,ifs,FALSE,20,elitize_generation_data,150,7,0.049,NA
152,44,checksum,ifs,FALSE,20,elitize_generation_data,151,7,0.051,NA
153,44,checksum,ifs,FALSE,20,elitize_generation_data,152,5,0.052,NA
154,44,checksum,ifs,FALSE,20,elitize_generation_data,153,8,0.039,NA
155,44,checksum,ifs,FALSE,20,elitize_generation_data,154,8,0.05,NA
156,44,checksum,ifs,FALSE,20,elitize_generation_data,155,6,0.054,NA
157,44,checksum,ifs,FALSE,20,elitize_generation_data,156,8,0.043,NA
158,44,checksum,ifs,FALSE,20,elitize_generation_data,157,8,0.047,NA
159,44,checksum,ifs,FALSE,20,elitize_generation_data,158,8,0.052,NA
160,44,checksum,ifs,FALSE,20,elitize_generation_data,159,7,0.046,NA
161,44,checksum,ifs,FALSE,20,elitize_generation_data,160,7,0.046,NA
162,44,checksum,ifs,FALSE,20,elitize_generation_data,161,8,0.052,NA
163,44,checksum,ifs,FALSE,20,elitize_generation_data,162,6,0.04,NA
164,44,checksum,ifs,FALSE,20,elitize_generation_data,163,9,0.052,NA
165,44,checksum,ifs,FALSE,20,elitize_generation_data,164,6,0.048,NA
166,44,checksum,ifs,FALSE,20,elitize_generation_data,165,8,0.042,NA
167,44,checksum,ifs,FALSE,20,elitize_generation_data,166,7,0.053,NA
168,44,checksum,ifs,FALSE,20,elitize_generation_data,167,8,0.055,NA
169,44,checksum,ifs,FALSE,20,elitize_generation_data,168,7,0.047,NA
170,44,checksum,ifs,FALSE,20,elitize_generation_data,169,7,0.051,NA
171,44,checksum,ifs,FALSE,20,elitize_generation_data,170,7,0.05,NA
172,44,checksum,ifs,FALSE,20,elitize_generation_data,171,7,0.038,NA
173,44,checksum,ifs,FALSE,20,elitize_generation_data,172,7,0.05,NA
174,44,checksum,ifs,FALSE,20,elitize_generation_data,173,8,0.048,NA
175,44,checksum,ifs,FALSE,20,elitize_generation_data,174,9,0.05,NA
176,44,checksum,ifs,FALSE,20,elitize_generation_data,175,7,0.055,NA
177,44,checksum,ifs,FALSE,20,elitize_generation_data,176,9,0.051,NA
178,44,checksum,ifs,FALSE,20,elitize_generation_data,177,11,0.054,NA
179,44,checksum,ifs,FALSE,20,elitize_generation_data,178,8,0.042,NA
180,44,checksum,ifs,FALSE,20,elitize_generation_data,179,7,0.053,NA
181,44,checksum,ifs,FALSE,20,elitize_generation_data,180,7,0.062,NA
182,44,checksum,ifs,FALSE,20,elitize_generation_data,181,8,0.047,NA
183,44,checksum,ifs,FALSE,20,elitize_generation_data,182,9,0.061,NA
184,44,checksum,ifs,FALSE,20,elitize_generation_data,183,6,0.044,NA
185,44,checksum,ifs,FALSE,20,elitize_generation_data,184,6,0.053,NA
186,44,checksum,ifs,FALSE,20,elitize_generation_data,185,8,0.051,NA
187,44,checksum,ifs,FALSE,20,elitize_generation_data,186,7,0.051,NA
188,44,checksum,ifs,FALSE,20,elitize_generation_data,187,6,0.052,NA
189,44,checksum,ifs,FALSE,20,elitize_generation_data,188,8,0.053,NA
190,44,checksum,ifs,FALSE,20,elitize_generation_data,189,8,0.047,NA
191,44,checksum,ifs,FALSE,20,elitize_generation_data,190,8,0.046,NA
192,44,checksum,ifs,FALSE,20,elitize_generation_data,191,8,0.037,NA
193,44,checksum,ifs,FALSE,20,elitize_generation_data,192,8,0.043,NA
194,44,checksum,ifs,FALSE,20,elitize_generation_data,193,8,0.054,NA
195,44,checksum,ifs,FALSE,20,elitize_generation_data,194,9,0.04,NA
196,44,checksum,ifs,FALSE,20,elitize_generation_data,195,7,0.042,NA
197,44,checksum,ifs,FALSE,20,elitize_generation_data,196,7,0.046,NA
198,44,checksum,ifs,FALSE,20,elitize_generation_data,197,7,0.047,NA
199,44,checksum,ifs,FALSE,20,elitize_generation_data,198,8,0.046,NA
200,44,checksum,ifs,FALSE,20,elitize_generation_data,199,9,0.045,NA
201,44,checksum,ifs,FALSE,20,elitize_generation_data,200,7,0.052,NA
202,44,checksum,ifs,FALSE,20,elitize_generation_data,201,8,0.042,NA
203,44,checksum,ifs,FALSE,20,elitize_generation_data,202,9,0.052,NA
204,44,checksum,ifs,FALSE,20,elitize_generation_data,203,7,0.036,NA
205,44,checksum,ifs,FALSE,20,elitize_generation_data,204,7,0.041,NA
206,44,checksum,ifs,FALSE,20,elitize_generation_data,205,7,0.052,NA
207,44,checksum,ifs,FALSE,20,elitize_generation_data,206,7,0.041,NA
208,44,checksum,ifs,FALSE,20,elitize_generation_data,207,9,0.05,NA
209,44,checksum,ifs,FALSE,20,elitize_generation_data,208,8,0.04,NA
210,44,checksum,ifs,FALSE,20,elitize_generation_data,209,9,0.045,NA
211,44,checksum,ifs,FALSE,20,elitize_generation_data,210,9,0.035,NA
212,44,checksum,ifs,FALSE,20,elitize_generation_data,211,8,0.042,NA
213,44,checksum,ifs,FALSE,20,elitize_generation_data,212,7,0.044,NA
214,44,checksum,ifs,FALSE,20,elitize_generation_data,213,8,0.053,NA
215,44,checksum,ifs,FALSE,20,elitize_generation_data,214,7,0.053,NA
216,44,checksum,ifs,FALSE,20,elitize_generation_data,215,8,0.04,NA
217,44,checksum,ifs,FALSE,20,elitize_generation_data,216,8,0.045,NA
218,44,checksum,ifs,FALSE,20,elitize_generation_data,217,8,0.046,NA
219,44,checksum,ifs,FALSE,20,elitize_generation_data,218,7,0.053,NA
220,44,checksum,ifs,FALSE,20,elitize_generation_data,219,7,0.048,NA
221,44,checksum,ifs,FALSE,20,elitize_generation_data,220,6,0.046,NA
222,44,checksum,ifs,FALSE,20,elitize_generation_data,221,6,0.036,NA
223,44,checksum,ifs,FALSE,20,elitize_generation_data,222,7,0.045,NA
224,44,checksum,ifs,FALSE,20,elitize_generation_data,223,7,0.045,NA
225,44,checksum,ifs,FALSE,20,elitize_generation_data,224,7,0.045,NA
226,44,checksum,ifs,FALSE,20,elitize_generation_data,225,8,0.04,NA
227,44,checksum,ifs,FALSE,20,elitize_generation_data,226,7,0.044,NA
228,44,checksum,ifs,FALSE,20,elitize_generation_data,227,8,0.049,NA
229,44,checksum,ifs,FALSE,20,elitize_generation_data,228,6,0.041,NA
230,44,checksum,ifs,FALSE,20,elitize_generation_data,229,8,0.04,NA
231,44,checksum,ifs,FALSE,20,elitize_generation_data,230,6,0.038,NA
232,44,checksum,ifs,FALSE,20,elitize_generation_data,231,6,0.038,NA
233,44,checksum,ifs,FALSE,20,elitize_generation_data,232,9,0.041,NA
234,44,checksum,ifs,FALSE,20,elitize_generation_data,233,7,0.054,NA
235,44,checksum,ifs,FALSE,20,elitize_generation_data,234,8,0.063,NA
236,44,checksum,ifs,FALSE,20,elitize_generation_data,235,9,0.078,NA
237,44,checksum,ifs,FALSE,20,elitize_generation_data,236,9,0.102,NA
238,44,checksum,ifs,FALSE,20,elitize_generation_data,237,8,0.1,NA
239,44,checksum,ifs,FALSE,20,elitize_generation_data,238,8,0.097,NA
240,44,checksum,ifs,FALSE,20,elitize_generation_data,239,7,0.112,NA
241,44,checksum,ifs,FALSE,20,elitize_generation_data,240,8,0.114,NA
242,44,checksum,ifs,FALSE,20,elitize_generation_data,241,8,0.118,NA
243,44,checksum,ifs,FALSE,20,elitize_generation_data,242,7,0.118,NA
244,44,checksum,ifs,FALSE,20,elitize_generation_data,243,9,0.121,NA
245,44,checksum,ifs,FALSE,20,elitize_generation_data,244,8,0.106,NA
246,44,checksum,ifs,FALSE,20,elitize_generation_data,245,8,0.121,NA
247,44,checksum,ifs,FALSE,20,elitize_generation_data,246,8,0.12,NA
248,44,checksum,ifs,FALSE,20,elitize_generation_data,247,7,0.117,NA
249,44,checksum,ifs,FALSE,20,elitize_generation_data,248,8,0.138,NA
250,44,checksum,ifs,FALSE,20,elitize_generation_data,249,8,0.127,NA
251,44,checksum,ifs,FALSE,20,elitize_generation_data,250,7,0.099,NA
252,44,checksum,ifs,FALSE,20,elitize_generation_data,251,8,0.096,NA
253,44,checksum,ifs,FALSE,20,elitize_generation_data,252,9,0.107,NA
254,44,checksum,ifs,FALSE,20,elitize_generation_data,253,9,0.09,NA
255,44,checksum,ifs,FALSE,20,elitize_generation_data,254,9,0.094,NA
256,44,checksum,ifs,FALSE,20,elitize_generation_data,255,9,0.109,NA
257,44,checksum,ifs,FALSE,20,elitize_generation_data,256,7,0.095,NA
258,44,checksum,ifs,FALSE,20,elitize_generation_data,257,6,0.084,NA
259,44,checksum,ifs,FALSE,20,elitize_generation_data,258,9,0.104,NA
260,44,checksum,ifs,FALSE,20,elitize_generation_data,259,7,0.104,NA
261,44,checksum,ifs,FALSE,20,elitize_generation_data,260,6,0.084,NA
262,44,checksum,ifs,FALSE,20,elitize_generation_data,261,6,0.093,NA
263,44,checksum,ifs,FALSE,20,elitize_generation_data,262,6,0.106,NA
264,44,checksum,ifs,FALSE,20,elitize_generation_data,263,7,0.093,NA
265,44,checksum,ifs,FALSE,20,elitize_generation_data,264,8,0.106,NA
266,44,checksum,ifs,FALSE,20,elitize_generation_data,265,8,0.095,NA
267,44,checksum,ifs,FALSE,20,elitize_generation_data,266,8,0.09,NA
268,44,checksum,ifs,FALSE,20,elitize_generation_data,267,7,0.101,NA
269,44,checksum,ifs,FALSE,20,elitize_generation_data,268,7,0.1,NA
270,44,checksum,ifs,FALSE,20,elitize_generation_data,269,9,0.106,NA
271,44,checksum,ifs,FALSE,20,elitize_generation_data,270,7,0.091,NA
272,44,checksum,ifs,FALSE,20,elitize_generation_data,271,9,0.107,NA
273,44,checksum,ifs,FALSE,20,elitize_generation_data,272,8,0.094,NA
274,44,checksum,ifs,FALSE,20,elitize_generation_data,273,10,0.096,NA
275,44,checksum,ifs,FALSE,20,elitize_generation_data,274,8,0.091,NA
276,44,checksum,ifs,FALSE,20,elitize_generation_data,275,8,0.109,NA
277,44,checksum,ifs,FALSE,20,elitize_generation_data,276,10,0.088,NA
278,44,checksum,ifs,FALSE,20,elitize_generation_data,277,7,0.101,NA
279,44,checksum,ifs,FALSE,20,elitize_generation_data,278,7,0.113,NA
280,44,checksum,ifs,FALSE,20,elitize_generation_data,279,8,0.098,NA
281,44,checksum,ifs,FALSE,20,elitize_generation_data,280,8,0.103,NA
282,44,checksum,ifs,FALSE,20,elitize_generation_data,281,9,0.106,NA
283,44,checksum,ifs,FALSE,20,elitize_generation_data,282,5,0.115,NA
284,44,checksum,ifs,FALSE,20,elitize_generation_data,283,7,0.105,NA
285,44,checksum,ifs,FALSE,20,elitize_generation_data,284,7,0.096,NA
286,44,checksum,ifs,FALSE,20,elitize_generation_data,285,7,0.109,NA
287,44,checksum,ifs,FALSE,20,elitize_generation_data,286,5,0.099,NA
288,44,checksum,ifs,FALSE,20,elitize_generation_data,287,6,0.102,NA
289,44,checksum,ifs,FALSE,20,elitize_generation_data,288,8,0.108,NA
290,44,checksum,ifs,FALSE,20,elitize_generation_data,289,7,0.108,NA
291,44,checksum,ifs,FALSE,20,elitize_generation_data,290,7,0.096,NA
292,44,checksum,ifs,FALSE,20,elitize_generation_data,291,9,0.103,NA
293,44,checksum,ifs,FALSE,20,elitize_generation_data,292,7,0.121,NA
294,44,checksum,ifs,FALSE,20,elitize_generation_data,293,8,0.099,NA
295,44,checksum,ifs,FALSE,20,elitize_generation_data,294,8,0.103,NA
296,44,checksum,ifs,FALSE,20,elitize_generation_data,295,9,0.106,NA
297,44,checksum,ifs,FALSE,20,elitize_generation_data,296,8,0.095,NA
298,44,checksum,ifs,FALSE,20,elitize_generation_data,297,6,0.116,NA
299,44,checksum,ifs,FALSE,20,elitize_generation_data,298,7,0.164,NA
300,44,checksum,ifs,FALSE,20,elitize_generation_data,299,9,0.187,NA
301,44,checksum,ifs,FALSE,20,elitize_generation_data,300,7,0.176,NA
