,run.num,problem,treatment,succeeded,height,normalization.function,generation,cluster.count,error.diversity,success.generation
1,57,checksum,ifs,FALSE,20,elitize_generation_data,0,3,0.305,NA
2,57,checksum,ifs,FALSE,20,elitize_generation_data,1,2,0.265,NA
3,57,checksum,ifs,FALSE,20,elitize_generation_data,2,3,0.149,NA
4,57,checksum,ifs,FALSE,20,elitize_generation_data,3,6,0.14,NA
5,57,checksum,ifs,FALSE,20,elitize_generation_data,4,8,0.213,NA
6,57,checksum,ifs,FALSE,20,elitize_generation_data,5,8,0.222,NA
7,57,checksum,ifs,FALSE,20,elitize_generation_data,6,6,0.197,NA
8,57,checksum,ifs,FALSE,20,elitize_generation_data,7,6,0.189,NA
9,57,checksum,ifs,FALSE,20,elitize_generation_data,8,10,0.273,NA
10,57,checksum,ifs,FALSE,20,elitize_generation_data,9,11,0.303,NA
11,57,checksum,ifs,FALSE,20,elitize_generation_data,10,9,0.38,NA
12,57,checksum,ifs,FALSE,20,elitize_generation_data,11,9,0.463,NA
13,57,checksum,ifs,FALSE,20,elitize_generation_data,12,13,0.482,NA
14,57,checksum,ifs,FALSE,20,elitize_generation_data,13,13,0.463,NA
15,57,checksum,ifs,FALSE,20,elitize_generation_data,14,9,0.431,NA
16,57,checksum,ifs,FALSE,20,elitize_generation_data,15,12,0.419,NA
17,57,checksum,ifs,FALSE,20,elitize_generation_data,16,7,0.248,NA
18,57,checksum,ifs,FALSE,20,elitize_generation_data,17,10,0.085,NA
19,57,checksum,ifs,FALSE,20,elitize_generation_data,18,9,0.078,NA
20,57,checksum,ifs,FALSE,20,elitize_generation_data,19,9,0.077,NA
21,57,checksum,ifs,FALSE,20,elitize_generation_data,20,6,0.07,NA
22,57,checksum,ifs,FALSE,20,elitize_generation_data,21,6,0.093,NA
23,57,checksum,ifs,FALSE,20,elitize_generation_data,22,7,0.101,NA
24,57,checksum,ifs,FALSE,20,elitize_generation_data,23,9,0.1,NA
25,57,checksum,ifs,FALSE,20,elitize_generation_data,24,7,0.103,NA
26,57,checksum,ifs,FALSE,20,elitize_generation_data,25,8,0.081,NA
27,57,checksum,ifs,FALSE,20,elitize_generation_data,26,6,0.081,NA
28,57,checksum,ifs,FALSE,20,elitize_generation_data,27,8,0.089,NA
29,57,checksum,ifs,FALSE,20,elitize_generation_data,28,7,0.09,NA
30,57,checksum,ifs,FALSE,20,elitize_generation_data,29,8,0.082,NA
31,57,checksum,ifs,FALSE,20,elitize_generation_data,30,8,0.089,NA
32,57,checksum,ifs,FALSE,20,elitize_generation_data,31,6,0.081,NA
33,57,checksum,ifs,FALSE,20,elitize_generation_data,32,6,0.079,NA
34,57,checksum,ifs,FALSE,20,elitize_generation_data,33,7,0.063,NA
35,57,checksum,ifs,FALSE,20,elitize_generation_data,34,9,0.093,NA
36,57,checksum,ifs,FALSE,20,elitize_generation_data,35,8,0.094,NA
37,57,checksum,ifs,FALSE,20,elitize_generation_data,36,6,0.091,NA
38,57,checksum,ifs,FALSE,20,elitize_generation_data,37,7,0.102,NA
39,57,checksum,ifs,FALSE,20,elitize_generation_data,38,8,0.087,NA
40,57,checksum,ifs,FALSE,20,elitize_generation_data,39,8,0.083,NA
41,57,checksum,ifs,FALSE,20,elitize_generation_data,40,8,0.092,NA
42,57,checksum,ifs,FALSE,20,elitize_generation_data,41,6,0.114,NA
43,57,checksum,ifs,FALSE,20,elitize_generation_data,42,8,0.097,NA
44,57,checksum,ifs,FALSE,20,elitize_generation_data,43,9,0.094,NA
45,57,checksum,ifs,FALSE,20,elitize_generation_data,44,4,0.102,NA
46,57,checksum,ifs,FALSE,20,elitize_generation_data,45,8,0.085,NA
47,57,checksum,ifs,FALSE,20,elitize_generation_data,46,6,0.099,NA
48,57,checksum,ifs,FALSE,20,elitize_generation_data,47,7,0.117,NA
49,57,checksum,ifs,FALSE,20,elitize_generation_data,48,7,0.099,NA
50,57,checksum,ifs,FALSE,20,elitize_generation_data,49,8,0.097,NA
51,57,checksum,ifs,FALSE,20,elitize_generation_data,50,8,0.096,NA
52,57,checksum,ifs,FALSE,20,elitize_generation_data,51,6,0.114,NA
53,57,checksum,ifs,FALSE,20,elitize_generation_data,52,7,0.088,NA
54,57,checksum,ifs,FALSE,20,elitize_generation_data,53,5,0.107,NA
55,57,checksum,ifs,FALSE,20,elitize_generation_data,54,4,0.094,NA
56,57,checksum,ifs,FALSE,20,elitize_generation_data,55,8,0.101,NA
57,57,checksum,ifs,FALSE,20,elitize_generation_data,56,8,0.103,NA
58,57,checksum,ifs,FALSE,20,elitize_generation_data,57,8,0.102,NA
59,57,checksum,ifs,FALSE,20,elitize_generation_data,58,10,0.112,NA
60,57,checksum,ifs,FALSE,20,elitize_generation_data,59,7,0.105,NA
61,57,checksum,ifs,FALSE,20,elitize_generation_data,60,10,0.098,NA
62,57,checksum,ifs,FALSE,20,elitize_generation_data,61,9,0.103,NA
63,57,checksum,ifs,FALSE,20,elitize_generation_data,62,9,0.097,NA
64,57,checksum,ifs,FALSE,20,elitize_generation_data,63,9,0.111,NA
65,57,checksum,ifs,FALSE,20,elitize_generation_data,64,8,0.093,NA
66,57,checksum,ifs,FALSE,20,elitize_generation_data,65,9,0.092,NA
67,57,checksum,ifs,FALSE,20,elitize_generation_data,66,7,0.101,NA
68,57,checksum,ifs,FALSE,20,elitize_generation_data,67,8,0.102,NA
69,57,checksum,ifs,FALSE,20,elitize_generation_data,68,8,0.101,NA
70,57,checksum,ifs,FALSE,20,elitize_generation_data,69,9,0.093,NA
71,57,checksum,ifs,FALSE,20,elitize_generation_data,70,8,0.101,NA
72,57,checksum,ifs,FALSE,20,elitize_generation_data,71,6,0.095,NA
73,57,checksum,ifs,FALSE,20,elitize_generation_data,72,9,0.108,NA
74,57,checksum,ifs,FALSE,20,elitize_generation_data,73,7,0.133,NA
75,57,checksum,ifs,FALSE,20,elitize_generation_data,74,10,0.113,NA
76,57,checksum,ifs,FALSE,20,elitize_generation_data,75,6,0.091,NA
77,57,checksum,ifs,FALSE,20,elitize_generation_data,76,6,0.077,NA
78,57,checksum,ifs,FALSE,20,elitize_generation_data,77,9,0.093,NA
79,57,checksum,ifs,FALSE,20,elitize_generation_data,78,8,0.107,NA
80,57,checksum,ifs,FALSE,20,elitize_generation_data,79,6,0.119,NA
81,57,checksum,ifs,FALSE,20,elitize_generation_data,80,5,0.103,NA
82,57,checksum,ifs,FALSE,20,elitize_generation_data,81,9,0.113,NA
83,57,checksum,ifs,FALSE,20,elitize_generation_data,82,8,0.117,NA
84,57,checksum,ifs,FALSE,20,elitize_generation_data,83,8,0.143,NA
85,57,checksum,ifs,FALSE,20,elitize_generation_data,84,11,0.175,NA
86,57,checksum,ifs,FALSE,20,elitize_generation_data,85,6,0.194,NA
87,57,checksum,ifs,FALSE,20,elitize_generation_data,86,10,0.213,NA
88,57,checksum,ifs,FALSE,20,elitize_generation_data,87,14,0.184,NA
89,57,checksum,ifs,FALSE,20,elitize_generation_data,88,8,0.236,NA
90,57,checksum,ifs,FALSE,20,elitize_generation_data,89,9,0.233,NA
91,57,checksum,ifs,FALSE,20,elitize_generation_data,90,11,0.242,NA
92,57,checksum,ifs,FALSE,20,elitize_generation_data,91,14,0.238,NA
93,57,checksum,ifs,FALSE,20,elitize_generation_data,92,12,0.254,NA
94,57,checksum,ifs,FALSE,20,elitize_generation_data,93,12,0.229,NA
95,57,checksum,ifs,FALSE,20,elitize_generation_data,94,13,0.223,NA
96,57,checksum,ifs,FALSE,20,elitize_generation_data,95,11,0.212,NA
97,57,checksum,ifs,FALSE,20,elitize_generation_data,96,12,0.233,NA
98,57,checksum,ifs,FALSE,20,elitize_generation_data,97,10,0.236,NA
99,57,checksum,ifs,FALSE,20,elitize_generation_data,98,10,0.241,NA
100,57,checksum,ifs,FALSE,20,elitize_generation_data,99,9,0.217,NA
101,57,checksum,ifs,FALSE,20,elitize_generation_data,100,10,0.247,NA
102,57,checksum,ifs,FALSE,20,elitize_generation_data,101,10,0.249,NA
103,57,checksum,ifs,FALSE,20,elitize_generation_data,102,6,0.26,NA
104,57,checksum,ifs,FALSE,20,elitize_generation_data,103,11,0.234,NA
105,57,checksum,ifs,FALSE,20,elitize_generation_data,104,17,0.237,NA
106,57,checksum,ifs,FALSE,20,elitize_generation_data,105,12,0.23,NA
107,57,checksum,ifs,FALSE,20,elitize_generation_data,106,7,0.226,NA
108,57,checksum,ifs,FALSE,20,elitize_generation_data,107,14,0.25,NA
109,57,checksum,ifs,FALSE,20,elitize_generation_data,108,12,0.263,NA
110,57,checksum,ifs,FALSE,20,elitize_generation_data,109,14,0.286,NA
111,57,checksum,ifs,FALSE,20,elitize_generation_data,110,9,0.279,NA
112,57,checksum,ifs,FALSE,20,elitize_generation_data,111,11,0.257,NA
113,57,checksum,ifs,FALSE,20,elitize_generation_data,112,14,0.257,NA
114,57,checksum,ifs,FALSE,20,elitize_generation_data,113,14,0.261,NA
115,57,checksum,ifs,FALSE,20,elitize_generation_data,114,9,0.239,NA
116,57,checksum,ifs,FALSE,20,elitize_generation_data,115,14,0.278,NA
117,57,checksum,ifs,FALSE,20,elitize_generation_data,116,11,0.278,NA
118,57,checksum,ifs,FALSE,20,elitize_generation_data,117,13,0.315,NA
119,57,checksum,ifs,FALSE,20,elitize_generation_data,118,11,0.271,NA
120,57,checksum,ifs,FALSE,20,elitize_generation_data,119,13,0.291,NA
121,57,checksum,ifs,FALSE,20,elitize_generation_data,120,12,0.3,NA
122,57,checksum,ifs,FALSE,20,elitize_generation_data,121,9,0.302,NA
123,57,checksum,ifs,FALSE,20,elitize_generation_data,122,10,0.312,NA
124,57,checksum,ifs,FALSE,20,elitize_generation_data,123,12,0.295,NA
125,57,checksum,ifs,FALSE,20,elitize_generation_data,124,12,0.296,NA
126,57,checksum,ifs,FALSE,20,elitize_generation_data,125,15,0.262,NA
127,57,checksum,ifs,FALSE,20,elitize_generation_data,126,11,0.251,NA
128,57,checksum,ifs,FALSE,20,elitize_generation_data,127,9,0.278,NA
129,57,checksum,ifs,FALSE,20,elitize_generation_data,128,13,0.271,NA
130,57,checksum,ifs,FALSE,20,elitize_generation_data,129,12,0.258,NA
131,57,checksum,ifs,FALSE,20,elitize_generation_data,130,9,0.25,NA
132,57,checksum,ifs,FALSE,20,elitize_generation_data,131,12,0.283,NA
133,57,checksum,ifs,FALSE,20,elitize_generation_data,132,12,0.242,NA
134,57,checksum,ifs,FALSE,20,elitize_generation_data,133,10,0.257,NA
135,57,checksum,ifs,FALSE,20,elitize_generation_data,134,15,0.268,NA
136,57,checksum,ifs,FALSE,20,elitize_generation_data,135,17,0.289,NA
137,57,checksum,ifs,FALSE,20,elitize_generation_data,136,13,0.245,NA
138,57,checksum,ifs,FALSE,20,elitize_generation_data,137,11,0.263,NA
139,57,checksum,ifs,FALSE,20,elitize_generation_data,138,10,0.269,NA
140,57,checksum,ifs,FALSE,20,elitize_generation_data,139,8,0.263,NA
141,57,checksum,ifs,FALSE,20,elitize_generation_data,140,7,0.259,NA
142,57,checksum,ifs,FALSE,20,elitize_generation_data,141,7,0.257,NA
143,57,checksum,ifs,FALSE,20,elitize_generation_data,142,11,0.299,NA
144,57,checksum,ifs,FALSE,20,elitize_generation_data,143,12,0.266,NA
145,57,checksum,ifs,FALSE,20,elitize_generation_data,144,9,0.283,NA
146,57,checksum,ifs,FALSE,20,elitize_generation_data,145,8,0.282,NA
147,57,checksum,ifs,FALSE,20,elitize_generation_data,146,7,0.25,NA
148,57,checksum,ifs,FALSE,20,elitize_generation_data,147,8,0.27,NA
149,57,checksum,ifs,FALSE,20,elitize_generation_data,148,9,0.257,NA
150,57,checksum,ifs,FALSE,20,elitize_generation_data,149,9,0.259,NA
151,57,checksum,ifs,FALSE,20,elitize_generation_data,150,12,0.289,NA
152,57,checksum,ifs,FALSE,20,elitize_generation_data,151,12,0.271,NA
153,57,checksum,ifs,FALSE,20,elitize_generation_data,152,10,0.288,NA
154,57,checksum,ifs,FALSE,20,elitize_generation_data,153,12,0.289,NA
155,57,checksum,ifs,FALSE,20,elitize_generation_data,154,8,0.259,NA
156,57,checksum,ifs,FALSE,20,elitize_generation_data,155,10,0.307,NA
157,57,checksum,ifs,FALSE,20,elitize_generation_data,156,11,0.305,NA
158,57,checksum,ifs,FALSE,20,elitize_generation_data,157,13,0.288,NA
159,57,checksum,ifs,FALSE,20,elitize_generation_data,158,9,0.298,NA
160,57,checksum,ifs,FALSE,20,elitize_generation_data,159,14,0.299,NA
161,57,checksum,ifs,FALSE,20,elitize_generation_data,160,11,0.304,NA
162,57,checksum,ifs,FALSE,20,elitize_generation_data,161,8,0.295,NA
163,57,checksum,ifs,FALSE,20,elitize_generation_data,162,8,0.297,NA
164,57,checksum,ifs,FALSE,20,elitize_generation_data,163,9,0.302,NA
165,57,checksum,ifs,FALSE,20,elitize_generation_data,164,11,0.264,NA
166,57,checksum,ifs,FALSE,20,elitize_generation_data,165,9,0.287,NA
167,57,checksum,ifs,FALSE,20,elitize_generation_data,166,12,0.302,NA
168,57,checksum,ifs,FALSE,20,elitize_generation_data,167,13,0.303,NA
169,57,checksum,ifs,FALSE,20,elitize_generation_data,168,14,0.291,NA
170,57,checksum,ifs,FALSE,20,elitize_generation_data,169,10,0.317,NA
171,57,checksum,ifs,FALSE,20,elitize_generation_data,170,9,0.3,NA
172,57,checksum,ifs,FALSE,20,elitize_generation_data,171,13,0.289,NA
173,57,checksum,ifs,FALSE,20,elitize_generation_data,172,15,0.301,NA
174,57,checksum,ifs,FALSE,20,elitize_generation_data,173,12,0.274,NA
175,57,checksum,ifs,FALSE,20,elitize_generation_data,174,10,0.283,NA
176,57,checksum,ifs,FALSE,20,elitize_generation_data,175,11,0.298,NA
177,57,checksum,ifs,FALSE,20,elitize_generation_data,176,9,0.293,NA
178,57,checksum,ifs,FALSE,20,elitize_generation_data,177,11,0.294,NA
179,57,checksum,ifs,FALSE,20,elitize_generation_data,178,11,0.32,NA
180,57,checksum,ifs,FALSE,20,elitize_generation_data,179,11,0.319,NA
181,57,checksum,ifs,FALSE,20,elitize_generation_data,180,7,0.311,NA
182,57,checksum,ifs,FALSE,20,elitize_generation_data,181,9,0.316,NA
183,57,checksum,ifs,FALSE,20,elitize_generation_data,182,7,0.279,NA
184,57,checksum,ifs,FALSE,20,elitize_generation_data,183,15,0.253,NA
185,57,checksum,ifs,FALSE,20,elitize_generation_data,184,10,0.272,NA
186,57,checksum,ifs,FALSE,20,elitize_generation_data,185,16,0.279,NA
187,57,checksum,ifs,FALSE,20,elitize_generation_data,186,11,0.273,NA
188,57,checksum,ifs,FALSE,20,elitize_generation_data,187,11,0.274,NA
189,57,checksum,ifs,FALSE,20,elitize_generation_data,188,19,0.273,NA
190,57,checksum,ifs,FALSE,20,elitize_generation_data,189,9,0.262,NA
191,57,checksum,ifs,FALSE,20,elitize_generation_data,190,10,0.263,NA
192,57,checksum,ifs,FALSE,20,elitize_generation_data,191,8,0.264,NA
193,57,checksum,ifs,FALSE,20,elitize_generation_data,192,13,0.269,NA
194,57,checksum,ifs,FALSE,20,elitize_generation_data,193,18,0.29,NA
195,57,checksum,ifs,FALSE,20,elitize_generation_data,194,10,0.268,NA
196,57,checksum,ifs,FALSE,20,elitize_generation_data,195,10,0.261,NA
197,57,checksum,ifs,FALSE,20,elitize_generation_data,196,10,0.275,NA
198,57,checksum,ifs,FALSE,20,elitize_generation_data,197,8,0.283,NA
199,57,checksum,ifs,FALSE,20,elitize_generation_data,198,11,0.284,NA
200,57,checksum,ifs,FALSE,20,elitize_generation_data,199,14,0.249,NA
201,57,checksum,ifs,FALSE,20,elitize_generation_data,200,14,0.292,NA
202,57,checksum,ifs,FALSE,20,elitize_generation_data,201,14,0.284,NA
203,57,checksum,ifs,FALSE,20,elitize_generation_data,202,16,0.277,NA
204,57,checksum,ifs,FALSE,20,elitize_generation_data,203,11,0.255,NA
205,57,checksum,ifs,FALSE,20,elitize_generation_data,204,11,0.287,NA
206,57,checksum,ifs,FALSE,20,elitize_generation_data,205,15,0.292,NA
207,57,checksum,ifs,FALSE,20,elitize_generation_data,206,10,0.253,NA
208,57,checksum,ifs,FALSE,20,elitize_generation_data,207,13,0.274,NA
209,57,checksum,ifs,FALSE,20,elitize_generation_data,208,10,0.279,NA
210,57,checksum,ifs,FALSE,20,elitize_generation_data,209,10,0.289,NA
211,57,checksum,ifs,FALSE,20,elitize_generation_data,210,14,0.279,NA
212,57,checksum,ifs,FALSE,20,elitize_generation_data,211,10,0.275,NA
213,57,checksum,ifs,FALSE,20,elitize_generation_data,212,11,0.28,NA
214,57,checksum,ifs,FALSE,20,elitize_generation_data,213,16,0.292,NA
215,57,checksum,ifs,FALSE,20,elitize_generation_data,214,8,0.291,NA
216,57,checksum,ifs,FALSE,20,elitize_generation_data,215,8,0.269,NA
217,57,checksum,ifs,FALSE,20,elitize_generation_data,216,12,0.262,NA
218,57,checksum,ifs,FALSE,20,elitize_generation_data,217,12,0.276,NA
219,57,checksum,ifs,FALSE,20,elitize_generation_data,218,11,0.276,NA
220,57,checksum,ifs,FALSE,20,elitize_generation_data,219,14,0.264,NA
221,57,checksum,ifs,FALSE,20,elitize_generation_data,220,11,0.284,NA
222,57,checksum,ifs,FALSE,20,elitize_generation_data,221,13,0.281,NA
223,57,checksum,ifs,FALSE,20,elitize_generation_data,222,15,0.263,NA
224,57,checksum,ifs,FALSE,20,elitize_generation_data,223,18,0.287,NA
225,57,checksum,ifs,FALSE,20,elitize_generation_data,224,10,0.303,NA
226,57,checksum,ifs,FALSE,20,elitize_generation_data,225,17,0.283,NA
227,57,checksum,ifs,FALSE,20,elitize_generation_data,226,10,0.28,NA
228,57,checksum,ifs,FALSE,20,elitize_generation_data,227,8,0.271,NA
229,57,checksum,ifs,FALSE,20,elitize_generation_data,228,12,0.28,NA
230,57,checksum,ifs,FALSE,20,elitize_generation_data,229,11,0.299,NA
231,57,checksum,ifs,FALSE,20,elitize_generation_data,230,11,0.289,NA
232,57,checksum,ifs,FALSE,20,elitize_generation_data,231,13,0.293,NA
233,57,checksum,ifs,FALSE,20,elitize_generation_data,232,11,0.291,NA
234,57,checksum,ifs,FALSE,20,elitize_generation_data,233,9,0.271,NA
235,57,checksum,ifs,FALSE,20,elitize_generation_data,234,10,0.297,NA
236,57,checksum,ifs,FALSE,20,elitize_generation_data,235,6,0.303,NA
237,57,checksum,ifs,FALSE,20,elitize_generation_data,236,11,0.3,NA
238,57,checksum,ifs,FALSE,20,elitize_generation_data,237,12,0.327,NA
239,57,checksum,ifs,FALSE,20,elitize_generation_data,238,10,0.31,NA
240,57,checksum,ifs,FALSE,20,elitize_generation_data,239,9,0.305,NA
241,57,checksum,ifs,FALSE,20,elitize_generation_data,240,8,0.301,NA
242,57,checksum,ifs,FALSE,20,elitize_generation_data,241,11,0.316,NA
243,57,checksum,ifs,FALSE,20,elitize_generation_data,242,15,0.315,NA
244,57,checksum,ifs,FALSE,20,elitize_generation_data,243,19,0.295,NA
245,57,checksum,ifs,FALSE,20,elitize_generation_data,244,10,0.295,NA
246,57,checksum,ifs,FALSE,20,elitize_generation_data,245,13,0.317,NA
247,57,checksum,ifs,FALSE,20,elitize_generation_data,246,10,0.306,NA
248,57,checksum,ifs,FALSE,20,elitize_generation_data,247,11,0.333,NA
249,57,checksum,ifs,FALSE,20,elitize_generation_data,248,14,0.276,NA
250,57,checksum,ifs,FALSE,20,elitize_generation_data,249,9,0.32,NA
251,57,checksum,ifs,FALSE,20,elitize_generation_data,250,7,0.312,NA
252,57,checksum,ifs,FALSE,20,elitize_generation_data,251,12,0.32,NA
253,57,checksum,ifs,FALSE,20,elitize_generation_data,252,10,0.301,NA
254,57,checksum,ifs,FALSE,20,elitize_generation_data,253,10,0.324,NA
255,57,checksum,ifs,FALSE,20,elitize_generation_data,254,9,0.317,NA
256,57,checksum,ifs,FALSE,20,elitize_generation_data,255,12,0.336,NA
257,57,checksum,ifs,FALSE,20,elitize_generation_data,256,12,0.308,NA
258,57,checksum,ifs,FALSE,20,elitize_generation_data,257,11,0.33,NA
259,57,checksum,ifs,FALSE,20,elitize_generation_data,258,13,0.34,NA
260,57,checksum,ifs,FALSE,20,elitize_generation_data,259,12,0.337,NA
261,57,checksum,ifs,FALSE,20,elitize_generation_data,260,11,0.33,NA
262,57,checksum,ifs,FALSE,20,elitize_generation_data,261,18,0.327,NA
263,57,checksum,ifs,FALSE,20,elitize_generation_data,262,10,0.328,NA
264,57,checksum,ifs,FALSE,20,elitize_generation_data,263,12,0.329,NA
265,57,checksum,ifs,FALSE,20,elitize_generation_data,264,16,0.304,NA
266,57,checksum,ifs,FALSE,20,elitize_generation_data,265,16,0.333,NA
267,57,checksum,ifs,FALSE,20,elitize_generation_data,266,9,0.349,NA
268,57,checksum,ifs,FALSE,20,elitize_generation_data,267,15,0.311,NA
269,57,checksum,ifs,FALSE,20,elitize_generation_data,268,17,0.31,NA
270,57,checksum,ifs,FALSE,20,elitize_generation_data,269,11,0.325,NA
271,57,checksum,ifs,FALSE,20,elitize_generation_data,270,16,0.341,NA
272,57,checksum,ifs,FALSE,20,elitize_generation_data,271,10,0.325,NA
273,57,checksum,ifs,FALSE,20,elitize_generation_data,272,13,0.329,NA
274,57,checksum,ifs,FALSE,20,elitize_generation_data,273,8,0.329,NA
275,57,checksum,ifs,FALSE,20,elitize_generation_data,274,11,0.32,NA
276,57,checksum,ifs,FALSE,20,elitize_generation_data,275,16,0.321,NA
277,57,checksum,ifs,FALSE,20,elitize_generation_data,276,14,0.326,NA
278,57,checksum,ifs,FALSE,20,elitize_generation_data,277,11,0.323,NA
279,57,checksum,ifs,FALSE,20,elitize_generation_data,278,12,0.355,NA
280,57,checksum,ifs,FALSE,20,elitize_generation_data,279,11,0.337,NA
281,57,checksum,ifs,FALSE,20,elitize_generation_data,280,14,0.337,NA
282,57,checksum,ifs,FALSE,20,elitize_generation_data,281,13,0.36,NA
283,57,checksum,ifs,FALSE,20,elitize_generation_data,282,13,0.347,NA
284,57,checksum,ifs,FALSE,20,elitize_generation_data,283,9,0.329,NA
285,57,checksum,ifs,FALSE,20,elitize_generation_data,284,13,0.333,NA
286,57,checksum,ifs,FALSE,20,elitize_generation_data,285,13,0.313,NA
287,57,checksum,ifs,FALSE,20,elitize_generation_data,286,13,0.335,NA
288,57,checksum,ifs,FALSE,20,elitize_generation_data,287,9,0.329,NA
289,57,checksum,ifs,FALSE,20,elitize_generation_data,288,13,0.324,NA
290,57,checksum,ifs,FALSE,20,elitize_generation_data,289,10,0.347,NA
291,57,checksum,ifs,FALSE,20,elitize_generation_data,290,10,0.343,NA
292,57,checksum,ifs,FALSE,20,elitize_generation_data,291,13,0.361,NA
293,57,checksum,ifs,FALSE,20,elitize_generation_data,292,14,0.328,NA
294,57,checksum,ifs,FALSE,20,elitize_generation_data,293,11,0.354,NA
295,57,checksum,ifs,FALSE,20,elitize_generation_data,294,12,0.322,NA
296,57,checksum,ifs,FALSE,20,elitize_generation_data,295,11,0.331,NA
297,57,checksum,ifs,FALSE,20,elitize_generation_data,296,10,0.333,NA
298,57,checksum,ifs,FALSE,20,elitize_generation_data,297,11,0.336,NA
299,57,checksum,ifs,FALSE,20,elitize_generation_data,298,14,0.314,NA
300,57,checksum,ifs,FALSE,20,elitize_generation_data,299,15,0.327,NA
301,57,checksum,ifs,FALSE,20,elitize_generation_data,300,10,0.332,NA
