,run.num,problem,treatment,succeeded,height,normalization.function,generation,cluster.count,error.diversity,success.generation
1,71,checksum,ifs,FALSE,20,elitize_generation_data,0,2,0.3,NA
2,71,checksum,ifs,FALSE,20,elitize_generation_data,1,3,0.265,NA
3,71,checksum,ifs,FALSE,20,elitize_generation_data,2,3,0.156,NA
4,71,checksum,ifs,FALSE,20,elitize_generation_data,3,3,0.13,NA
5,71,checksum,ifs,FALSE,20,elitize_generation_data,4,3,0.149,NA
6,71,checksum,ifs,FALSE,20,elitize_generation_data,5,2,0.199,NA
7,71,checksum,ifs,FALSE,20,elitize_generation_data,6,2,0.206,NA
8,71,checksum,ifs,FALSE,20,elitize_generation_data,7,3,0.205,NA
9,71,checksum,ifs,FALSE,20,elitize_generation_data,8,3,0.167,NA
10,71,checksum,ifs,FALSE,20,elitize_generation_data,9,6,0.09,NA
11,71,checksum,ifs,FALSE,20,elitize_generation_data,10,6,0.091,NA
12,71,checksum,ifs,FALSE,20,elitize_generation_data,11,10,0.061,NA
13,71,checksum,ifs,FALSE,20,elitize_generation_data,12,6,0.04,NA
14,71,checksum,ifs,FALSE,20,elitize_generation_data,13,6,0.042,NA
15,71,checksum,ifs,FALSE,20,elitize_generation_data,14,8,0.03,NA
16,71,checksum,ifs,FALSE,20,elitize_generation_data,15,6,0.037,NA
17,71,checksum,ifs,FALSE,20,elitize_generation_data,16,7,0.039,NA
18,71,checksum,ifs,FALSE,20,elitize_generation_data,17,6,0.044,NA
19,71,checksum,ifs,FALSE,20,elitize_generation_data,18,6,0.041,NA
20,71,checksum,ifs,FALSE,20,elitize_generation_data,19,8,0.044,NA
21,71,checksum,ifs,FALSE,20,elitize_generation_data,20,3,0.042,NA
22,71,checksum,ifs,FALSE,20,elitize_generation_data,21,7,0.063,NA
23,71,checksum,ifs,FALSE,20,elitize_generation_data,22,7,0.075,NA
24,71,checksum,ifs,FALSE,20,elitize_generation_data,23,6,0.114,NA
25,71,checksum,ifs,FALSE,20,elitize_generation_data,24,11,0.128,NA
26,71,checksum,ifs,FALSE,20,elitize_generation_data,25,9,0.175,NA
27,71,checksum,ifs,FALSE,20,elitize_generation_data,26,8,0.184,NA
28,71,checksum,ifs,FALSE,20,elitize_generation_data,27,9,0.159,NA
29,71,checksum,ifs,FALSE,20,elitize_generation_data,28,6,0.136,NA
30,71,checksum,ifs,FALSE,20,elitize_generation_data,29,9,0.099,NA
31,71,checksum,ifs,FALSE,20,elitize_generation_data,30,10,0.097,NA
32,71,checksum,ifs,FALSE,20,elitize_generation_data,31,7,0.112,NA
33,71,checksum,ifs,FALSE,20,elitize_generation_data,32,10,0.115,NA
34,71,checksum,ifs,FALSE,20,elitize_generation_data,33,10,0.116,NA
35,71,checksum,ifs,FALSE,20,elitize_generation_data,34,10,0.095,NA
36,71,checksum,ifs,FALSE,20,elitize_generation_data,35,5,0.116,NA
37,71,checksum,ifs,FALSE,20,elitize_generation_data,36,7,0.101,NA
38,71,checksum,ifs,FALSE,20,elitize_generation_data,37,10,0.102,NA
39,71,checksum,ifs,FALSE,20,elitize_generation_data,38,8,0.108,NA
40,71,checksum,ifs,FALSE,20,elitize_generation_data,39,11,0.113,NA
41,71,checksum,ifs,FALSE,20,elitize_generation_data,40,8,0.114,NA
42,71,checksum,ifs,FALSE,20,elitize_generation_data,41,8,0.104,NA
43,71,checksum,ifs,FALSE,20,elitize_generation_data,42,9,0.114,NA
44,71,checksum,ifs,FALSE,20,elitize_generation_data,43,8,0.096,NA
45,71,checksum,ifs,FALSE,20,elitize_generation_data,44,7,0.099,NA
46,71,checksum,ifs,FALSE,20,elitize_generation_data,45,7,0.102,NA
47,71,checksum,ifs,FALSE,20,elitize_generation_data,46,7,0.094,NA
48,71,checksum,ifs,FALSE,20,elitize_generation_data,47,8,0.103,NA
49,71,checksum,ifs,FALSE,20,elitize_generation_data,48,9,0.104,NA
50,71,checksum,ifs,FALSE,20,elitize_generation_data,49,9,0.11,NA
51,71,checksum,ifs,FALSE,20,elitize_generation_data,50,8,0.096,NA
52,71,checksum,ifs,FALSE,20,elitize_generation_data,51,8,0.1,NA
53,71,checksum,ifs,FALSE,20,elitize_generation_data,52,9,0.099,NA
54,71,checksum,ifs,FALSE,20,elitize_generation_data,53,9,0.097,NA
55,71,checksum,ifs,FALSE,20,elitize_generation_data,54,8,0.09,NA
56,71,checksum,ifs,FALSE,20,elitize_generation_data,55,9,0.101,NA
57,71,checksum,ifs,FALSE,20,elitize_generation_data,56,11,0.096,NA
58,71,checksum,ifs,FALSE,20,elitize_generation_data,57,9,0.101,NA
59,71,checksum,ifs,FALSE,20,elitize_generation_data,58,9,0.104,NA
60,71,checksum,ifs,FALSE,20,elitize_generation_data,59,8,0.098,NA
61,71,checksum,ifs,FALSE,20,elitize_generation_data,60,8,0.096,NA
62,71,checksum,ifs,FALSE,20,elitize_generation_data,61,10,0.113,NA
63,71,checksum,ifs,FALSE,20,elitize_generation_data,62,7,0.106,NA
64,71,checksum,ifs,FALSE,20,elitize_generation_data,63,8,0.099,NA
65,71,checksum,ifs,FALSE,20,elitize_generation_data,64,6,0.1,NA
66,71,checksum,ifs,FALSE,20,elitize_generation_data,65,9,0.114,NA
67,71,checksum,ifs,FALSE,20,elitize_generation_data,66,12,0.106,NA
68,71,checksum,ifs,FALSE,20,elitize_generation_data,67,10,0.101,NA
69,71,checksum,ifs,FALSE,20,elitize_generation_data,68,7,0.106,NA
70,71,checksum,ifs,FALSE,20,elitize_generation_data,69,8,0.095,NA
71,71,checksum,ifs,FALSE,20,elitize_generation_data,70,8,0.088,NA
72,71,checksum,ifs,FALSE,20,elitize_generation_data,71,11,0.099,NA
73,71,checksum,ifs,FALSE,20,elitize_generation_data,72,9,0.105,NA
74,71,checksum,ifs,FALSE,20,elitize_generation_data,73,11,0.084,NA
75,71,checksum,ifs,FALSE,20,elitize_generation_data,74,10,0.089,NA
76,71,checksum,ifs,FALSE,20,elitize_generation_data,75,9,0.112,NA
77,71,checksum,ifs,FALSE,20,elitize_generation_data,76,6,0.104,NA
78,71,checksum,ifs,FALSE,20,elitize_generation_data,77,11,0.09,NA
79,71,checksum,ifs,FALSE,20,elitize_generation_data,78,10,0.105,NA
80,71,checksum,ifs,FALSE,20,elitize_generation_data,79,7,0.091,NA
81,71,checksum,ifs,FALSE,20,elitize_generation_data,80,10,0.092,NA
82,71,checksum,ifs,FALSE,20,elitize_generation_data,81,8,0.108,NA
83,71,checksum,ifs,FALSE,20,elitize_generation_data,82,11,0.096,NA
84,71,checksum,ifs,FALSE,20,elitize_generation_data,83,7,0.107,NA
85,71,checksum,ifs,FALSE,20,elitize_generation_data,84,9,0.091,NA
86,71,checksum,ifs,FALSE,20,elitize_generation_data,85,11,0.085,NA
87,71,checksum,ifs,FALSE,20,elitize_generation_data,86,8,0.089,NA
88,71,checksum,ifs,FALSE,20,elitize_generation_data,87,13,0.089,NA
89,71,checksum,ifs,FALSE,20,elitize_generation_data,88,9,0.099,NA
90,71,checksum,ifs,FALSE,20,elitize_generation_data,89,7,0.1,NA
91,71,checksum,ifs,FALSE,20,elitize_generation_data,90,7,0.087,NA
92,71,checksum,ifs,FALSE,20,elitize_generation_data,91,10,0.094,NA
93,71,checksum,ifs,FALSE,20,elitize_generation_data,92,8,0.1,NA
94,71,checksum,ifs,FALSE,20,elitize_generation_data,93,7,0.1,NA
95,71,checksum,ifs,FALSE,20,elitize_generation_data,94,11,0.082,NA
96,71,checksum,ifs,FALSE,20,elitize_generation_data,95,7,0.102,NA
97,71,checksum,ifs,FALSE,20,elitize_generation_data,96,9,0.08,NA
98,71,checksum,ifs,FALSE,20,elitize_generation_data,97,11,0.108,NA
99,71,checksum,ifs,FALSE,20,elitize_generation_data,98,7,0.086,NA
100,71,checksum,ifs,FALSE,20,elitize_generation_data,99,8,0.096,NA
101,71,checksum,ifs,FALSE,20,elitize_generation_data,100,8,0.103,NA
102,71,checksum,ifs,FALSE,20,elitize_generation_data,101,8,0.106,NA
103,71,checksum,ifs,FALSE,20,elitize_generation_data,102,8,0.08,NA
104,71,checksum,ifs,FALSE,20,elitize_generation_data,103,9,0.096,NA
105,71,checksum,ifs,FALSE,20,elitize_generation_data,104,8,0.103,NA
106,71,checksum,ifs,FALSE,20,elitize_generation_data,105,12,0.091,NA
107,71,checksum,ifs,FALSE,20,elitize_generation_data,106,7,0.104,NA
108,71,checksum,ifs,FALSE,20,elitize_generation_data,107,10,0.104,NA
109,71,checksum,ifs,FALSE,20,elitize_generation_data,108,9,0.121,NA
110,71,checksum,ifs,FALSE,20,elitize_generation_data,109,12,0.106,NA
111,71,checksum,ifs,FALSE,20,elitize_generation_data,110,12,0.111,NA
112,71,checksum,ifs,FALSE,20,elitize_generation_data,111,11,0.112,NA
113,71,checksum,ifs,FALSE,20,elitize_generation_data,112,11,0.109,NA
114,71,checksum,ifs,FALSE,20,elitize_generation_data,113,10,0.122,NA
115,71,checksum,ifs,FALSE,20,elitize_generation_data,114,13,0.133,NA
116,71,checksum,ifs,FALSE,20,elitize_generation_data,115,17,0.122,NA
117,71,checksum,ifs,FALSE,20,elitize_generation_data,116,14,0.119,NA
118,71,checksum,ifs,FALSE,20,elitize_generation_data,117,15,0.139,NA
119,71,checksum,ifs,FALSE,20,elitize_generation_data,118,16,0.145,NA
120,71,checksum,ifs,FALSE,20,elitize_generation_data,119,16,0.149,NA
121,71,checksum,ifs,FALSE,20,elitize_generation_data,120,18,0.154,NA
122,71,checksum,ifs,FALSE,20,elitize_generation_data,121,15,0.156,NA
123,71,checksum,ifs,FALSE,20,elitize_generation_data,122,14,0.16,NA
124,71,checksum,ifs,FALSE,20,elitize_generation_data,123,18,0.166,NA
125,71,checksum,ifs,FALSE,20,elitize_generation_data,124,12,0.162,NA
126,71,checksum,ifs,FALSE,20,elitize_generation_data,125,14,0.127,NA
127,71,checksum,ifs,FALSE,20,elitize_generation_data,126,13,0.157,NA
128,71,checksum,ifs,FALSE,20,elitize_generation_data,127,17,0.143,NA
129,71,checksum,ifs,FALSE,20,elitize_generation_data,128,15,0.143,NA
130,71,checksum,ifs,FALSE,20,elitize_generation_data,129,12,0.139,NA
131,71,checksum,ifs,FALSE,20,elitize_generation_data,130,14,0.147,NA
132,71,checksum,ifs,FALSE,20,elitize_generation_data,131,14,0.103,NA
133,71,checksum,ifs,FALSE,20,elitize_generation_data,132,11,0.109,NA
134,71,checksum,ifs,FALSE,20,elitize_generation_data,133,10,0.102,NA
135,71,checksum,ifs,FALSE,20,elitize_generation_data,134,10,0.1,NA
136,71,checksum,ifs,FALSE,20,elitize_generation_data,135,13,0.105,NA
137,71,checksum,ifs,FALSE,20,elitize_generation_data,136,7,0.093,NA
138,71,checksum,ifs,FALSE,20,elitize_generation_data,137,8,0.097,NA
139,71,checksum,ifs,FALSE,20,elitize_generation_data,138,8,0.092,NA
140,71,checksum,ifs,FALSE,20,elitize_generation_data,139,9,0.101,NA
141,71,checksum,ifs,FALSE,20,elitize_generation_data,140,9,0.101,NA
142,71,checksum,ifs,FALSE,20,elitize_generation_data,141,10,0.101,NA
143,71,checksum,ifs,FALSE,20,elitize_generation_data,142,12,0.089,NA
144,71,checksum,ifs,FALSE,20,elitize_generation_data,143,9,0.088,NA
145,71,checksum,ifs,FALSE,20,elitize_generation_data,144,11,0.098,NA
146,71,checksum,ifs,FALSE,20,elitize_generation_data,145,7,0.091,NA
147,71,checksum,ifs,FALSE,20,elitize_generation_data,146,8,0.091,NA
148,71,checksum,ifs,FALSE,20,elitize_generation_data,147,9,0.099,NA
149,71,checksum,ifs,FALSE,20,elitize_generation_data,148,10,0.091,NA
150,71,checksum,ifs,FALSE,20,elitize_generation_data,149,8,0.09,NA
151,71,checksum,ifs,FALSE,20,elitize_generation_data,150,8,0.09,NA
152,71,checksum,ifs,FALSE,20,elitize_generation_data,151,11,0.094,NA
153,71,checksum,ifs,FALSE,20,elitize_generation_data,152,13,0.095,NA
154,71,checksum,ifs,FALSE,20,elitize_generation_data,153,11,0.1,NA
155,71,checksum,ifs,FALSE,20,elitize_generation_data,154,11,0.089,NA
156,71,checksum,ifs,FALSE,20,elitize_generation_data,155,10,0.093,NA
157,71,checksum,ifs,FALSE,20,elitize_generation_data,156,12,0.106,NA
158,71,checksum,ifs,FALSE,20,elitize_generation_data,157,15,0.099,NA
159,71,checksum,ifs,FALSE,20,elitize_generation_data,158,11,0.101,NA
160,71,checksum,ifs,FALSE,20,elitize_generation_data,159,8,0.098,NA
161,71,checksum,ifs,FALSE,20,elitize_generation_data,160,11,0.099,NA
162,71,checksum,ifs,FALSE,20,elitize_generation_data,161,12,0.096,NA
163,71,checksum,ifs,FALSE,20,elitize_generation_data,162,12,0.095,NA
164,71,checksum,ifs,FALSE,20,elitize_generation_data,163,14,0.096,NA
165,71,checksum,ifs,FALSE,20,elitize_generation_data,164,9,0.094,NA
166,71,checksum,ifs,FALSE,20,elitize_generation_data,165,9,0.092,NA
167,71,checksum,ifs,FALSE,20,elitize_generation_data,166,11,0.091,NA
168,71,checksum,ifs,FALSE,20,elitize_generation_data,167,9,0.092,NA
169,71,checksum,ifs,FALSE,20,elitize_generation_data,168,12,0.109,NA
170,71,checksum,ifs,FALSE,20,elitize_generation_data,169,6,0.089,NA
171,71,checksum,ifs,FALSE,20,elitize_generation_data,170,11,0.097,NA
172,71,checksum,ifs,FALSE,20,elitize_generation_data,171,7,0.091,NA
173,71,checksum,ifs,FALSE,20,elitize_generation_data,172,15,0.108,NA
174,71,checksum,ifs,FALSE,20,elitize_generation_data,173,9,0.1,NA
175,71,checksum,ifs,FALSE,20,elitize_generation_data,174,8,0.101,NA
176,71,checksum,ifs,FALSE,20,elitize_generation_data,175,9,0.087,NA
177,71,checksum,ifs,FALSE,20,elitize_generation_data,176,10,0.1,NA
178,71,checksum,ifs,FALSE,20,elitize_generation_data,177,14,0.101,NA
179,71,checksum,ifs,FALSE,20,elitize_generation_data,178,8,0.099,NA
180,71,checksum,ifs,FALSE,20,elitize_generation_data,179,9,0.1,NA
181,71,checksum,ifs,FALSE,20,elitize_generation_data,180,9,0.092,NA
182,71,checksum,ifs,FALSE,20,elitize_generation_data,181,8,0.09,NA
183,71,checksum,ifs,FALSE,20,elitize_generation_data,182,11,0.094,NA
184,71,checksum,ifs,FALSE,20,elitize_generation_data,183,8,0.075,NA
185,71,checksum,ifs,FALSE,20,elitize_generation_data,184,10,0.092,NA
186,71,checksum,ifs,FALSE,20,elitize_generation_data,185,12,0.097,NA
187,71,checksum,ifs,FALSE,20,elitize_generation_data,186,7,0.089,NA
188,71,checksum,ifs,FALSE,20,elitize_generation_data,187,13,0.084,NA
189,71,checksum,ifs,FALSE,20,elitize_generation_data,188,8,0.094,NA
190,71,checksum,ifs,FALSE,20,elitize_generation_data,189,9,0.102,NA
191,71,checksum,ifs,FALSE,20,elitize_generation_data,190,14,0.087,NA
192,71,checksum,ifs,FALSE,20,elitize_generation_data,191,10,0.086,NA
193,71,checksum,ifs,FALSE,20,elitize_generation_data,192,12,0.077,NA
194,71,checksum,ifs,FALSE,20,elitize_generation_data,193,13,0.083,NA
195,71,checksum,ifs,FALSE,20,elitize_generation_data,194,10,0.091,NA
196,71,checksum,ifs,FALSE,20,elitize_generation_data,195,10,0.085,NA
197,71,checksum,ifs,FALSE,20,elitize_generation_data,196,11,0.094,NA
198,71,checksum,ifs,FALSE,20,elitize_generation_data,197,11,0.097,NA
199,71,checksum,ifs,FALSE,20,elitize_generation_data,198,11,0.09,NA
200,71,checksum,ifs,FALSE,20,elitize_generation_data,199,9,0.091,NA
201,71,checksum,ifs,FALSE,20,elitize_generation_data,200,12,0.086,NA
202,71,checksum,ifs,FALSE,20,elitize_generation_data,201,12,0.079,NA
203,71,checksum,ifs,FALSE,20,elitize_generation_data,202,10,0.086,NA
204,71,checksum,ifs,FALSE,20,elitize_generation_data,203,9,0.09,NA
205,71,checksum,ifs,FALSE,20,elitize_generation_data,204,12,0.084,NA
206,71,checksum,ifs,FALSE,20,elitize_generation_data,205,10,0.084,NA
207,71,checksum,ifs,FALSE,20,elitize_generation_data,206,12,0.09,NA
208,71,checksum,ifs,FALSE,20,elitize_generation_data,207,7,0.082,NA
209,71,checksum,ifs,FALSE,20,elitize_generation_data,208,12,0.088,NA
210,71,checksum,ifs,FALSE,20,elitize_generation_data,209,7,0.086,NA
211,71,checksum,ifs,FALSE,20,elitize_generation_data,210,8,0.089,NA
212,71,checksum,ifs,FALSE,20,elitize_generation_data,211,6,0.099,NA
213,71,checksum,ifs,FALSE,20,elitize_generation_data,212,10,0.09,NA
214,71,checksum,ifs,FALSE,20,elitize_generation_data,213,11,0.081,NA
215,71,checksum,ifs,FALSE,20,elitize_generation_data,214,6,0.086,NA
216,71,checksum,ifs,FALSE,20,elitize_generation_data,215,7,0.093,NA
217,71,checksum,ifs,FALSE,20,elitize_generation_data,216,9,0.083,NA
218,71,checksum,ifs,FALSE,20,elitize_generation_data,217,11,0.082,NA
219,71,checksum,ifs,FALSE,20,elitize_generation_data,218,10,0.094,NA
220,71,checksum,ifs,FALSE,20,elitize_generation_data,219,13,0.092,NA
221,71,checksum,ifs,FALSE,20,elitize_generation_data,220,7,0.094,NA
222,71,checksum,ifs,FALSE,20,elitize_generation_data,221,7,0.081,NA
223,71,checksum,ifs,FALSE,20,elitize_generation_data,222,10,0.084,NA
224,71,checksum,ifs,FALSE,20,elitize_generation_data,223,5,0.086,NA
225,71,checksum,ifs,FALSE,20,elitize_generation_data,224,12,0.074,NA
226,71,checksum,ifs,FALSE,20,elitize_generation_data,225,9,0.077,NA
227,71,checksum,ifs,FALSE,20,elitize_generation_data,226,11,0.08,NA
228,71,checksum,ifs,FALSE,20,elitize_generation_data,227,7,0.091,NA
229,71,checksum,ifs,FALSE,20,elitize_generation_data,228,9,0.07,NA
230,71,checksum,ifs,FALSE,20,elitize_generation_data,229,9,0.084,NA
231,71,checksum,ifs,FALSE,20,elitize_generation_data,230,6,0.086,NA
232,71,checksum,ifs,FALSE,20,elitize_generation_data,231,7,0.077,NA
233,71,checksum,ifs,FALSE,20,elitize_generation_data,232,5,0.089,NA
234,71,checksum,ifs,FALSE,20,elitize_generation_data,233,7,0.079,NA
235,71,checksum,ifs,FALSE,20,elitize_generation_data,234,9,0.083,NA
236,71,checksum,ifs,FALSE,20,elitize_generation_data,235,6,0.08,NA
237,71,checksum,ifs,FALSE,20,elitize_generation_data,236,6,0.086,NA
238,71,checksum,ifs,FALSE,20,elitize_generation_data,237,7,0.083,NA
239,71,checksum,ifs,FALSE,20,elitize_generation_data,238,10,0.083,NA
240,71,checksum,ifs,FALSE,20,elitize_generation_data,239,11,0.076,NA
241,71,checksum,ifs,FALSE,20,elitize_generation_data,240,12,0.084,NA
242,71,checksum,ifs,FALSE,20,elitize_generation_data,241,10,0.085,NA
243,71,checksum,ifs,FALSE,20,elitize_generation_data,242,7,0.073,NA
244,71,checksum,ifs,FALSE,20,elitize_generation_data,243,12,0.076,NA
245,71,checksum,ifs,FALSE,20,elitize_generation_data,244,7,0.079,NA
246,71,checksum,ifs,FALSE,20,elitize_generation_data,245,10,0.084,NA
247,71,checksum,ifs,FALSE,20,elitize_generation_data,246,8,0.078,NA
248,71,checksum,ifs,FALSE,20,elitize_generation_data,247,8,0.071,NA
249,71,checksum,ifs,FALSE,20,elitize_generation_data,248,10,0.076,NA
250,71,checksum,ifs,FALSE,20,elitize_generation_data,249,5,0.084,NA
251,71,checksum,ifs,FALSE,20,elitize_generation_data,250,9,0.07,NA
252,71,checksum,ifs,FALSE,20,elitize_generation_data,251,9,0.079,NA
253,71,checksum,ifs,FALSE,20,elitize_generation_data,252,10,0.091,NA
254,71,checksum,ifs,FALSE,20,elitize_generation_data,253,10,0.078,NA
255,71,checksum,ifs,FALSE,20,elitize_generation_data,254,7,0.069,NA
256,71,checksum,ifs,FALSE,20,elitize_generation_data,255,9,0.075,NA
257,71,checksum,ifs,FALSE,20,elitize_generation_data,256,10,0.075,NA
258,71,checksum,ifs,FALSE,20,elitize_generation_data,257,8,0.076,NA
259,71,checksum,ifs,FALSE,20,elitize_generation_data,258,10,0.073,NA
260,71,checksum,ifs,FALSE,20,elitize_generation_data,259,10,0.076,NA
261,71,checksum,ifs,FALSE,20,elitize_generation_data,260,6,0.075,NA
262,71,checksum,ifs,FALSE,20,elitize_generation_data,261,9,0.072,NA
263,71,checksum,ifs,FALSE,20,elitize_generation_data,262,10,0.078,NA
264,71,checksum,ifs,FALSE,20,elitize_generation_data,263,11,0.077,NA
265,71,checksum,ifs,FALSE,20,elitize_generation_data,264,5,0.079,NA
266,71,checksum,ifs,FALSE,20,elitize_generation_data,265,6,0.068,NA
267,71,checksum,ifs,FALSE,20,elitize_generation_data,266,9,0.08,NA
268,71,checksum,ifs,FALSE,20,elitize_generation_data,267,6,0.075,NA
269,71,checksum,ifs,FALSE,20,elitize_generation_data,268,8,0.069,NA
270,71,checksum,ifs,FALSE,20,elitize_generation_data,269,5,0.066,NA
271,71,checksum,ifs,FALSE,20,elitize_generation_data,270,9,0.074,NA
272,71,checksum,ifs,FALSE,20,elitize_generation_data,271,9,0.064,NA
273,71,checksum,ifs,FALSE,20,elitize_generation_data,272,9,0.056,NA
274,71,checksum,ifs,FALSE,20,elitize_generation_data,273,6,0.072,NA
275,71,checksum,ifs,FALSE,20,elitize_generation_data,274,10,0.085,NA
276,71,checksum,ifs,FALSE,20,elitize_generation_data,275,10,0.072,NA
277,71,checksum,ifs,FALSE,20,elitize_generation_data,276,9,0.076,NA
278,71,checksum,ifs,FALSE,20,elitize_generation_data,277,13,0.068,NA
279,71,checksum,ifs,FALSE,20,elitize_generation_data,278,7,0.074,NA
280,71,checksum,ifs,FALSE,20,elitize_generation_data,279,10,0.066,NA
281,71,checksum,ifs,FALSE,20,elitize_generation_data,280,7,0.075,NA
282,71,checksum,ifs,FALSE,20,elitize_generation_data,281,10,0.07,NA
283,71,checksum,ifs,FALSE,20,elitize_generation_data,282,10,0.068,NA
284,71,checksum,ifs,FALSE,20,elitize_generation_data,283,10,0.076,NA
285,71,checksum,ifs,FALSE,20,elitize_generation_data,284,11,0.076,NA
286,71,checksum,ifs,FALSE,20,elitize_generation_data,285,8,0.071,NA
287,71,checksum,ifs,FALSE,20,elitize_generation_data,286,8,0.073,NA
288,71,checksum,ifs,FALSE,20,elitize_generation_data,287,11,0.068,NA
289,71,checksum,ifs,FALSE,20,elitize_generation_data,288,6,0.075,NA
290,71,checksum,ifs,FALSE,20,elitize_generation_data,289,9,0.069,NA
291,71,checksum,ifs,FALSE,20,elitize_generation_data,290,6,0.073,NA
292,71,checksum,ifs,FALSE,20,elitize_generation_data,291,9,0.075,NA
293,71,checksum,ifs,FALSE,20,elitize_generation_data,292,8,0.067,NA
294,71,checksum,ifs,FALSE,20,elitize_generation_data,293,10,0.069,NA
295,71,checksum,ifs,FALSE,20,elitize_generation_data,294,8,0.072,NA
296,71,checksum,ifs,FALSE,20,elitize_generation_data,295,11,0.062,NA
297,71,checksum,ifs,FALSE,20,elitize_generation_data,296,10,0.073,NA
298,71,checksum,ifs,FALSE,20,elitize_generation_data,297,12,0.08,NA
299,71,checksum,ifs,FALSE,20,elitize_generation_data,298,8,0.069,NA
300,71,checksum,ifs,FALSE,20,elitize_generation_data,299,9,0.069,NA
301,71,checksum,ifs,FALSE,20,elitize_generation_data,300,6,0.059,NA
