,run.num,problem,treatment,succeeded,height,normalization.function,generation,cluster.count,error.diversity,success.generation
1,38,checksum,ifs,FALSE,20,elitize_generation_data,0,2,0.299,NA
2,38,checksum,ifs,FALSE,20,elitize_generation_data,1,2,0.249,NA
3,38,checksum,ifs,FALSE,20,elitize_generation_data,2,2,0.134,NA
4,38,checksum,ifs,FALSE,20,elitize_generation_data,3,2,0.195,NA
5,38,checksum,ifs,FALSE,20,elitize_generation_data,4,3,0.203,NA
6,38,checksum,ifs,FALSE,20,elitize_generation_data,5,4,0.179,NA
7,38,checksum,ifs,FALSE,20,elitize_generation_data,6,4,0.193,NA
8,38,checksum,ifs,FALSE,20,elitize_generation_data,7,5,0.201,NA
9,38,checksum,ifs,FALSE,20,elitize_generation_data,8,3,0.163,NA
10,38,checksum,ifs,FALSE,20,elitize_generation_data,9,5,0.119,NA
11,38,checksum,ifs,FALSE,20,elitize_generation_data,10,6,0.083,NA
12,38,checksum,ifs,FALSE,20,elitize_generation_data,11,4,0.102,NA
13,38,checksum,ifs,FALSE,20,elitize_generation_data,12,3,0.11,NA
14,38,checksum,ifs,FALSE,20,elitize_generation_data,13,3,0.138,NA
15,38,checksum,ifs,FALSE,20,elitize_generation_data,14,3,0.16,NA
16,38,checksum,ifs,FALSE,20,elitize_generation_data,15,2,0.202,NA
17,38,checksum,ifs,FALSE,20,elitize_generation_data,16,1,0.193,NA
18,38,checksum,ifs,FALSE,20,elitize_generation_data,17,1,0.191,NA
19,38,checksum,ifs,FALSE,20,elitize_generation_data,18,2,0.187,NA
20,38,checksum,ifs,FALSE,20,elitize_generation_data,19,1,0.185,NA
21,38,checksum,ifs,FALSE,20,elitize_generation_data,20,1,0.201,NA
22,38,checksum,ifs,FALSE,20,elitize_generation_data,21,1,0.192,NA
23,38,checksum,ifs,FALSE,20,elitize_generation_data,22,1,0.188,NA
24,38,checksum,ifs,FALSE,20,elitize_generation_data,23,1,0.193,NA
25,38,checksum,ifs,FALSE,20,elitize_generation_data,24,1,0.204,NA
26,38,checksum,ifs,FALSE,20,elitize_generation_data,25,2,0.199,NA
27,38,checksum,ifs,FALSE,20,elitize_generation_data,26,2,0.212,NA
28,38,checksum,ifs,FALSE,20,elitize_generation_data,27,1,0.198,NA
29,38,checksum,ifs,FALSE,20,elitize_generation_data,28,2,0.193,NA
30,38,checksum,ifs,FALSE,20,elitize_generation_data,29,2,0.209,NA
31,38,checksum,ifs,FALSE,20,elitize_generation_data,30,2,0.205,NA
32,38,checksum,ifs,FALSE,20,elitize_generation_data,31,2,0.194,NA
33,38,checksum,ifs,FALSE,20,elitize_generation_data,32,1,0.199,NA
34,38,checksum,ifs,FALSE,20,elitize_generation_data,33,2,0.213,NA
35,38,checksum,ifs,FALSE,20,elitize_generation_data,34,2,0.195,NA
36,38,checksum,ifs,FALSE,20,elitize_generation_data,35,2,0.2,NA
37,38,checksum,ifs,FALSE,20,elitize_generation_data,36,2,0.218,NA
38,38,checksum,ifs,FALSE,20,elitize_generation_data,37,2,0.186,NA
39,38,checksum,ifs,FALSE,20,elitize_generation_data,38,2,0.189,NA
40,38,checksum,ifs,FALSE,20,elitize_generation_data,39,1,0.207,NA
41,38,checksum,ifs,FALSE,20,elitize_generation_data,40,2,0.19,NA
42,38,checksum,ifs,FALSE,20,elitize_generation_data,41,2,0.195,NA
43,38,checksum,ifs,FALSE,20,elitize_generation_data,42,2,0.182,NA
44,38,checksum,ifs,FALSE,20,elitize_generation_data,43,2,0.188,NA
45,38,checksum,ifs,FALSE,20,elitize_generation_data,44,2,0.173,NA
46,38,checksum,ifs,FALSE,20,elitize_generation_data,45,2,0.193,NA
47,38,checksum,ifs,FALSE,20,elitize_generation_data,46,2,0.189,NA
48,38,checksum,ifs,FALSE,20,elitize_generation_data,47,2,0.179,NA
49,38,checksum,ifs,FALSE,20,elitize_generation_data,48,2,0.161,NA
50,38,checksum,ifs,FALSE,20,elitize_generation_data,49,2,0.162,NA
51,38,checksum,ifs,FALSE,20,elitize_generation_data,50,2,0.163,NA
52,38,checksum,ifs,FALSE,20,elitize_generation_data,51,3,0.149,NA
53,38,checksum,ifs,FALSE,20,elitize_generation_data,52,2,0.151,NA
54,38,checksum,ifs,FALSE,20,elitize_generation_data,53,2,0.135,NA
55,38,checksum,ifs,FALSE,20,elitize_generation_data,54,2,0.146,NA
56,38,checksum,ifs,FALSE,20,elitize_generation_data,55,2,0.118,NA
57,38,checksum,ifs,FALSE,20,elitize_generation_data,56,2,0.103,NA
58,38,checksum,ifs,FALSE,20,elitize_generation_data,57,2,0.108,NA
59,38,checksum,ifs,FALSE,20,elitize_generation_data,58,2,0.09,NA
60,38,checksum,ifs,FALSE,20,elitize_generation_data,59,5,0.09,NA
61,38,checksum,ifs,FALSE,20,elitize_generation_data,60,3,0.085,NA
62,38,checksum,ifs,FALSE,20,elitize_generation_data,61,3,0.077,NA
63,38,checksum,ifs,FALSE,20,elitize_generation_data,62,3,0.068,NA
64,38,checksum,ifs,FALSE,20,elitize_generation_data,63,4,0.077,NA
65,38,checksum,ifs,FALSE,20,elitize_generation_data,64,2,0.07,NA
66,38,checksum,ifs,FALSE,20,elitize_generation_data,65,3,0.061,NA
67,38,checksum,ifs,FALSE,20,elitize_generation_data,66,3,0.066,NA
68,38,checksum,ifs,FALSE,20,elitize_generation_data,67,4,0.061,NA
69,38,checksum,ifs,FALSE,20,elitize_generation_data,68,3,0.061,NA
70,38,checksum,ifs,FALSE,20,elitize_generation_data,69,3,0.059,NA
71,38,checksum,ifs,FALSE,20,elitize_generation_data,70,3,0.055,NA
72,38,checksum,ifs,FALSE,20,elitize_generation_data,71,4,0.054,NA
73,38,checksum,ifs,FALSE,20,elitize_generation_data,72,4,0.05,NA
74,38,checksum,ifs,FALSE,20,elitize_generation_data,73,5,0.052,NA
75,38,checksum,ifs,FALSE,20,elitize_generation_data,74,5,0.05,NA
76,38,checksum,ifs,FALSE,20,elitize_generation_data,75,5,0.056,NA
77,38,checksum,ifs,FALSE,20,elitize_generation_data,76,8,0.064,NA
78,38,checksum,ifs,FALSE,20,elitize_generation_data,77,3,0.054,NA
79,38,checksum,ifs,FALSE,20,elitize_generation_data,78,5,0.046,NA
80,38,checksum,ifs,FALSE,20,elitize_generation_data,79,5,0.042,NA
81,38,checksum,ifs,FALSE,20,elitize_generation_data,80,5,0.044,NA
82,38,checksum,ifs,FALSE,20,elitize_generation_data,81,4,0.051,NA
83,38,checksum,ifs,FALSE,20,elitize_generation_data,82,5,0.038,NA
84,38,checksum,ifs,FALSE,20,elitize_generation_data,83,4,0.044,NA
85,38,checksum,ifs,FALSE,20,elitize_generation_data,84,5,0.051,NA
86,38,checksum,ifs,FALSE,20,elitize_generation_data,85,7,0.044,NA
87,38,checksum,ifs,FALSE,20,elitize_generation_data,86,6,0.038,NA
88,38,checksum,ifs,FALSE,20,elitize_generation_data,87,5,0.053,NA
89,38,checksum,ifs,FALSE,20,elitize_generation_data,88,4,0.041,NA
90,38,checksum,ifs,FALSE,20,elitize_generation_data,89,5,0.041,NA
91,38,checksum,ifs,FALSE,20,elitize_generation_data,90,4,0.05,NA
92,38,checksum,ifs,FALSE,20,elitize_generation_data,91,8,0.041,NA
93,38,checksum,ifs,FALSE,20,elitize_generation_data,92,4,0.047,NA
94,38,checksum,ifs,FALSE,20,elitize_generation_data,93,4,0.035,NA
95,38,checksum,ifs,FALSE,20,elitize_generation_data,94,6,0.042,NA
96,38,checksum,ifs,FALSE,20,elitize_generation_data,95,5,0.047,NA
97,38,checksum,ifs,FALSE,20,elitize_generation_data,96,5,0.043,NA
98,38,checksum,ifs,FALSE,20,elitize_generation_data,97,6,0.045,NA
99,38,checksum,ifs,FALSE,20,elitize_generation_data,98,5,0.038,NA
100,38,checksum,ifs,FALSE,20,elitize_generation_data,99,5,0.039,NA
101,38,checksum,ifs,FALSE,20,elitize_generation_data,100,7,0.029,NA
102,38,checksum,ifs,FALSE,20,elitize_generation_data,101,6,0.039,NA
103,38,checksum,ifs,FALSE,20,elitize_generation_data,102,6,0.04,NA
104,38,checksum,ifs,FALSE,20,elitize_generation_data,103,7,0.036,NA
105,38,checksum,ifs,FALSE,20,elitize_generation_data,104,7,0.032,NA
106,38,checksum,ifs,FALSE,20,elitize_generation_data,105,4,0.045,NA
107,38,checksum,ifs,FALSE,20,elitize_generation_data,106,5,0.044,NA
108,38,checksum,ifs,FALSE,20,elitize_generation_data,107,7,0.044,NA
109,38,checksum,ifs,FALSE,20,elitize_generation_data,108,7,0.043,NA
110,38,checksum,ifs,FALSE,20,elitize_generation_data,109,6,0.04,NA
111,38,checksum,ifs,FALSE,20,elitize_generation_data,110,6,0.031,NA
112,38,checksum,ifs,FALSE,20,elitize_generation_data,111,5,0.034,NA
113,38,checksum,ifs,FALSE,20,elitize_generation_data,112,4,0.048,NA
114,38,checksum,ifs,FALSE,20,elitize_generation_data,113,6,0.033,NA
115,38,checksum,ifs,FALSE,20,elitize_generation_data,114,6,0.042,NA
116,38,checksum,ifs,FALSE,20,elitize_generation_data,115,6,0.029,NA
117,38,checksum,ifs,FALSE,20,elitize_generation_data,116,6,0.041,NA
118,38,checksum,ifs,FALSE,20,elitize_generation_data,117,5,0.037,NA
119,38,checksum,ifs,FALSE,20,elitize_generation_data,118,5,0.033,NA
120,38,checksum,ifs,FALSE,20,elitize_generation_data,119,5,0.037,NA
121,38,checksum,ifs,FALSE,20,elitize_generation_data,120,6,0.029,NA
122,38,checksum,ifs,FALSE,20,elitize_generation_data,121,6,0.031,NA
123,38,checksum,ifs,FALSE,20,elitize_generation_data,122,5,0.032,NA
124,38,checksum,ifs,FALSE,20,elitize_generation_data,123,6,0.031,NA
125,38,checksum,ifs,FALSE,20,elitize_generation_data,124,7,0.028,NA
126,38,checksum,ifs,FALSE,20,elitize_generation_data,125,5,0.038,NA
127,38,checksum,ifs,FALSE,20,elitize_generation_data,126,6,0.035,NA
128,38,checksum,ifs,FALSE,20,elitize_generation_data,127,7,0.027,NA
129,38,checksum,ifs,FALSE,20,elitize_generation_data,128,6,0.03,NA
130,38,checksum,ifs,FALSE,20,elitize_generation_data,129,7,0.03,NA
131,38,checksum,ifs,FALSE,20,elitize_generation_data,130,9,0.029,NA
132,38,checksum,ifs,FALSE,20,elitize_generation_data,131,7,0.029,NA
133,38,checksum,ifs,FALSE,20,elitize_generation_data,132,7,0.032,NA
134,38,checksum,ifs,FALSE,20,elitize_generation_data,133,7,0.027,NA
135,38,checksum,ifs,FALSE,20,elitize_generation_data,134,7,0.026,NA
136,38,checksum,ifs,FALSE,20,elitize_generation_data,135,7,0.025,NA
137,38,checksum,ifs,FALSE,20,elitize_generation_data,136,6,0.036,NA
138,38,checksum,ifs,FALSE,20,elitize_generation_data,137,6,0.03,NA
139,38,checksum,ifs,FALSE,20,elitize_generation_data,138,7,0.029,NA
140,38,checksum,ifs,FALSE,20,elitize_generation_data,139,6,0.028,NA
141,38,checksum,ifs,FALSE,20,elitize_generation_data,140,8,0.029,NA
142,38,checksum,ifs,FALSE,20,elitize_generation_data,141,7,0.031,NA
143,38,checksum,ifs,FALSE,20,elitize_generation_data,142,6,0.023,NA
144,38,checksum,ifs,FALSE,20,elitize_generation_data,143,7,0.032,NA
145,38,checksum,ifs,FALSE,20,elitize_generation_data,144,7,0.029,NA
146,38,checksum,ifs,FALSE,20,elitize_generation_data,145,6,0.026,NA
147,38,checksum,ifs,FALSE,20,elitize_generation_data,146,7,0.022,NA
148,38,checksum,ifs,FALSE,20,elitize_generation_data,147,5,0.03,NA
149,38,checksum,ifs,FALSE,20,elitize_generation_data,148,6,0.026,NA
150,38,checksum,ifs,FALSE,20,elitize_generation_data,149,6,0.027,NA
151,38,checksum,ifs,FALSE,20,elitize_generation_data,150,6,0.025,NA
152,38,checksum,ifs,FALSE,20,elitize_generation_data,151,6,0.033,NA
153,38,checksum,ifs,FALSE,20,elitize_generation_data,152,8,0.024,NA
154,38,checksum,ifs,FALSE,20,elitize_generation_data,153,6,0.027,NA
155,38,checksum,ifs,FALSE,20,elitize_generation_data,154,7,0.023,NA
156,38,checksum,ifs,FALSE,20,elitize_generation_data,155,6,0.021,NA
157,38,checksum,ifs,FALSE,20,elitize_generation_data,156,5,0.024,NA
158,38,checksum,ifs,FALSE,20,elitize_generation_data,157,6,0.017,NA
159,38,checksum,ifs,FALSE,20,elitize_generation_data,158,6,0.02,NA
160,38,checksum,ifs,FALSE,20,elitize_generation_data,159,6,0.024,NA
161,38,checksum,ifs,FALSE,20,elitize_generation_data,160,6,0.024,NA
162,38,checksum,ifs,FALSE,20,elitize_generation_data,161,6,0.018,NA
163,38,checksum,ifs,FALSE,20,elitize_generation_data,162,6,0.029,NA
164,38,checksum,ifs,FALSE,20,elitize_generation_data,163,7,0.024,NA
165,38,checksum,ifs,FALSE,20,elitize_generation_data,164,7,0.023,NA
166,38,checksum,ifs,FALSE,20,elitize_generation_data,165,5,0.023,NA
167,38,checksum,ifs,FALSE,20,elitize_generation_data,166,8,0.031,NA
168,38,checksum,ifs,FALSE,20,elitize_generation_data,167,7,0.021,NA
169,38,checksum,ifs,FALSE,20,elitize_generation_data,168,7,0.026,NA
170,38,checksum,ifs,FALSE,20,elitize_generation_data,169,6,0.021,NA
171,38,checksum,ifs,FALSE,20,elitize_generation_data,170,6,0.029,NA
172,38,checksum,ifs,FALSE,20,elitize_generation_data,171,5,0.022,NA
173,38,checksum,ifs,FALSE,20,elitize_generation_data,172,5,0.023,NA
174,38,checksum,ifs,FALSE,20,elitize_generation_data,173,6,0.024,NA
175,38,checksum,ifs,FALSE,20,elitize_generation_data,174,6,0.016,NA
176,38,checksum,ifs,FALSE,20,elitize_generation_data,175,6,0.021,NA
177,38,checksum,ifs,FALSE,20,elitize_generation_data,176,5,0.017,NA
178,38,checksum,ifs,FALSE,20,elitize_generation_data,177,7,0.022,NA
179,38,checksum,ifs,FALSE,20,elitize_generation_data,178,6,0.02,NA
180,38,checksum,ifs,FALSE,20,elitize_generation_data,179,7,0.021,NA
181,38,checksum,ifs,FALSE,20,elitize_generation_data,180,7,0.02,NA
182,38,checksum,ifs,FALSE,20,elitize_generation_data,181,6,0.022,NA
183,38,checksum,ifs,FALSE,20,elitize_generation_data,182,7,0.031,NA
184,38,checksum,ifs,FALSE,20,elitize_generation_data,183,7,0.022,NA
185,38,checksum,ifs,FALSE,20,elitize_generation_data,184,7,0.023,NA
186,38,checksum,ifs,FALSE,20,elitize_generation_data,185,5,0.03,NA
187,38,checksum,ifs,FALSE,20,elitize_generation_data,186,6,0.017,NA
188,38,checksum,ifs,FALSE,20,elitize_generation_data,187,7,0.02,NA
189,38,checksum,ifs,FALSE,20,elitize_generation_data,188,7,0.018,NA
190,38,checksum,ifs,FALSE,20,elitize_generation_data,189,6,0.021,NA
191,38,checksum,ifs,FALSE,20,elitize_generation_data,190,7,0.017,NA
192,38,checksum,ifs,FALSE,20,elitize_generation_data,191,8,0.024,NA
193,38,checksum,ifs,FALSE,20,elitize_generation_data,192,7,0.018,NA
194,38,checksum,ifs,FALSE,20,elitize_generation_data,193,6,0.02,NA
195,38,checksum,ifs,FALSE,20,elitize_generation_data,194,6,0.018,NA
196,38,checksum,ifs,FALSE,20,elitize_generation_data,195,7,0.024,NA
197,38,checksum,ifs,FALSE,20,elitize_generation_data,196,5,0.02,NA
198,38,checksum,ifs,FALSE,20,elitize_generation_data,197,7,0.021,NA
199,38,checksum,ifs,FALSE,20,elitize_generation_data,198,5,0.016,NA
200,38,checksum,ifs,FALSE,20,elitize_generation_data,199,8,0.02,NA
201,38,checksum,ifs,FALSE,20,elitize_generation_data,200,7,0.018,NA
202,38,checksum,ifs,FALSE,20,elitize_generation_data,201,8,0.026,NA
203,38,checksum,ifs,FALSE,20,elitize_generation_data,202,7,0.016,NA
204,38,checksum,ifs,FALSE,20,elitize_generation_data,203,6,0.018,NA
205,38,checksum,ifs,FALSE,20,elitize_generation_data,204,6,0.022,NA
206,38,checksum,ifs,FALSE,20,elitize_generation_data,205,6,0.023,NA
207,38,checksum,ifs,FALSE,20,elitize_generation_data,206,6,0.017,NA
208,38,checksum,ifs,FALSE,20,elitize_generation_data,207,7,0.02,NA
209,38,checksum,ifs,FALSE,20,elitize_generation_data,208,6,0.022,NA
210,38,checksum,ifs,FALSE,20,elitize_generation_data,209,6,0.017,NA
211,38,checksum,ifs,FALSE,20,elitize_generation_data,210,8,0.02,NA
212,38,checksum,ifs,FALSE,20,elitize_generation_data,211,8,0.023,NA
213,38,checksum,ifs,FALSE,20,elitize_generation_data,212,6,0.017,NA
214,38,checksum,ifs,FALSE,20,elitize_generation_data,213,6,0.022,NA
215,38,checksum,ifs,FALSE,20,elitize_generation_data,214,7,0.026,NA
216,38,checksum,ifs,FALSE,20,elitize_generation_data,215,8,0.023,NA
217,38,checksum,ifs,FALSE,20,elitize_generation_data,216,6,0.02,NA
218,38,checksum,ifs,FALSE,20,elitize_generation_data,217,8,0.019,NA
219,38,checksum,ifs,FALSE,20,elitize_generation_data,218,5,0.017,NA
220,38,checksum,ifs,FALSE,20,elitize_generation_data,219,7,0.02,NA
221,38,checksum,ifs,FALSE,20,elitize_generation_data,220,7,0.017,NA
222,38,checksum,ifs,FALSE,20,elitize_generation_data,221,5,0.013,NA
223,38,checksum,ifs,FALSE,20,elitize_generation_data,222,6,0.021,NA
224,38,checksum,ifs,FALSE,20,elitize_generation_data,223,6,0.021,NA
225,38,checksum,ifs,FALSE,20,elitize_generation_data,224,7,0.015,NA
226,38,checksum,ifs,FALSE,20,elitize_generation_data,225,6,0.015,NA
227,38,checksum,ifs,FALSE,20,elitize_generation_data,226,8,0.015,NA
228,38,checksum,ifs,FALSE,20,elitize_generation_data,227,7,0.015,NA
229,38,checksum,ifs,FALSE,20,elitize_generation_data,228,8,0.02,NA
230,38,checksum,ifs,FALSE,20,elitize_generation_data,229,5,0.011,NA
231,38,checksum,ifs,FALSE,20,elitize_generation_data,230,5,0.014,NA
232,38,checksum,ifs,FALSE,20,elitize_generation_data,231,7,0.016,NA
233,38,checksum,ifs,FALSE,20,elitize_generation_data,232,6,0.017,NA
234,38,checksum,ifs,FALSE,20,elitize_generation_data,233,7,0.016,NA
235,38,checksum,ifs,FALSE,20,elitize_generation_data,234,7,0.014,NA
236,38,checksum,ifs,FALSE,20,elitize_generation_data,235,6,0.015,NA
237,38,checksum,ifs,FALSE,20,elitize_generation_data,236,6,0.014,NA
238,38,checksum,ifs,FALSE,20,elitize_generation_data,237,6,0.014,NA
239,38,checksum,ifs,FALSE,20,elitize_generation_data,238,7,0.02,NA
240,38,checksum,ifs,FALSE,20,elitize_generation_data,239,7,0.018,NA
241,38,checksum,ifs,FALSE,20,elitize_generation_data,240,6,0.016,NA
242,38,checksum,ifs,FALSE,20,elitize_generation_data,241,7,0.012,NA
243,38,checksum,ifs,FALSE,20,elitize_generation_data,242,8,0.015,NA
244,38,checksum,ifs,FALSE,20,elitize_generation_data,243,7,0.019,NA
245,38,checksum,ifs,FALSE,20,elitize_generation_data,244,4,0.018,NA
246,38,checksum,ifs,FALSE,20,elitize_generation_data,245,8,0.018,NA
247,38,checksum,ifs,FALSE,20,elitize_generation_data,246,6,0.015,NA
248,38,checksum,ifs,FALSE,20,elitize_generation_data,247,7,0.015,NA
249,38,checksum,ifs,FALSE,20,elitize_generation_data,248,6,0.019,NA
250,38,checksum,ifs,FALSE,20,elitize_generation_data,249,8,0.019,NA
251,38,checksum,ifs,FALSE,20,elitize_generation_data,250,7,0.014,NA
252,38,checksum,ifs,FALSE,20,elitize_generation_data,251,7,0.019,NA
253,38,checksum,ifs,FALSE,20,elitize_generation_data,252,5,0.015,NA
254,38,checksum,ifs,FALSE,20,elitize_generation_data,253,7,0.02,NA
255,38,checksum,ifs,FALSE,20,elitize_generation_data,254,6,0.021,NA
256,38,checksum,ifs,FALSE,20,elitize_generation_data,255,7,0.018,NA
257,38,checksum,ifs,FALSE,20,elitize_generation_data,256,5,0.01,NA
258,38,checksum,ifs,FALSE,20,elitize_generation_data,257,6,0.015,NA
259,38,checksum,ifs,FALSE,20,elitize_generation_data,258,6,0.014,NA
260,38,checksum,ifs,FALSE,20,elitize_generation_data,259,5,0.014,NA
261,38,checksum,ifs,FALSE,20,elitize_generation_data,260,8,0.018,NA
262,38,checksum,ifs,FALSE,20,elitize_generation_data,261,5,0.009,NA
263,38,checksum,ifs,FALSE,20,elitize_generation_data,262,6,0.018,NA
264,38,checksum,ifs,FALSE,20,elitize_generation_data,263,6,0.015,NA
265,38,checksum,ifs,FALSE,20,elitize_generation_data,264,6,0.019,NA
266,38,checksum,ifs,FALSE,20,elitize_generation_data,265,6,0.013,NA
267,38,checksum,ifs,FALSE,20,elitize_generation_data,266,6,0.022,NA
268,38,checksum,ifs,FALSE,20,elitize_generation_data,267,6,0.014,NA
269,38,checksum,ifs,FALSE,20,elitize_generation_data,268,7,0.016,NA
270,38,checksum,ifs,FALSE,20,elitize_generation_data,269,6,0.014,NA
271,38,checksum,ifs,FALSE,20,elitize_generation_data,270,6,0.018,NA
272,38,checksum,ifs,FALSE,20,elitize_generation_data,271,6,0.019,NA
273,38,checksum,ifs,FALSE,20,elitize_generation_data,272,5,0.013,NA
274,38,checksum,ifs,FALSE,20,elitize_generation_data,273,6,0.015,NA
275,38,checksum,ifs,FALSE,20,elitize_generation_data,274,7,0.019,NA
276,38,checksum,ifs,FALSE,20,elitize_generation_data,275,5,0.013,NA
277,38,checksum,ifs,FALSE,20,elitize_generation_data,276,7,0.016,NA
278,38,checksum,ifs,FALSE,20,elitize_generation_data,277,7,0.017,NA
279,38,checksum,ifs,FALSE,20,elitize_generation_data,278,6,0.013,NA
280,38,checksum,ifs,FALSE,20,elitize_generation_data,279,5,0.012,NA
281,38,checksum,ifs,FALSE,20,elitize_generation_data,280,6,0.012,NA
282,38,checksum,ifs,FALSE,20,elitize_generation_data,281,5,0.011,NA
283,38,checksum,ifs,FALSE,20,elitize_generation_data,282,7,0.013,NA
284,38,checksum,ifs,FALSE,20,elitize_generation_data,283,6,0.017,NA
285,38,checksum,ifs,FALSE,20,elitize_generation_data,284,6,0.02,NA
286,38,checksum,ifs,FALSE,20,elitize_generation_data,285,8,0.014,NA
287,38,checksum,ifs,FALSE,20,elitize_generation_data,286,6,0.016,NA
288,38,checksum,ifs,FALSE,20,elitize_generation_data,287,5,0.014,NA
289,38,checksum,ifs,FALSE,20,elitize_generation_data,288,5,0.018,NA
290,38,checksum,ifs,FALSE,20,elitize_generation_data,289,6,0.019,NA
291,38,checksum,ifs,FALSE,20,elitize_generation_data,290,6,0.016,NA
292,38,checksum,ifs,FALSE,20,elitize_generation_data,291,5,0.014,NA
293,38,checksum,ifs,FALSE,20,elitize_generation_data,292,5,0.015,NA
294,38,checksum,ifs,FALSE,20,elitize_generation_data,293,6,0.016,NA
295,38,checksum,ifs,FALSE,20,elitize_generation_data,294,5,0.011,NA
296,38,checksum,ifs,FALSE,20,elitize_generation_data,295,5,0.01,NA
297,38,checksum,ifs,FALSE,20,elitize_generation_data,296,5,0.013,NA
298,38,checksum,ifs,FALSE,20,elitize_generation_data,297,5,0.013,NA
299,38,checksum,ifs,FALSE,20,elitize_generation_data,298,5,0.014,NA
300,38,checksum,ifs,FALSE,20,elitize_generation_data,299,5,0.016,NA
301,38,checksum,ifs,FALSE,20,elitize_generation_data,300,5,0.014,NA
