,run.num,problem,treatment,succeeded,height,normalization.function,generation,cluster.count,error.diversity,success.generation
1,7,checksum,ifs,FALSE,20,elitize_generation_data,0,2,0.288,NA
2,7,checksum,ifs,FALSE,20,elitize_generation_data,1,2,0.24,NA
3,7,checksum,ifs,FALSE,20,elitize_generation_data,2,2,0.165,NA
4,7,checksum,ifs,FALSE,20,elitize_generation_data,3,3,0.109,NA
5,7,checksum,ifs,FALSE,20,elitize_generation_data,4,2,0.138,NA
6,7,checksum,ifs,FALSE,20,elitize_generation_data,5,2,0.186,NA
7,7,checksum,ifs,FALSE,20,elitize_generation_data,6,3,0.131,NA
8,7,checksum,ifs,FALSE,20,elitize_generation_data,7,5,0.052,NA
9,7,checksum,ifs,FALSE,20,elitize_generation_data,8,4,0.05,NA
10,7,checksum,ifs,FALSE,20,elitize_generation_data,9,3,0.043,NA
11,7,checksum,ifs,FALSE,20,elitize_generation_data,10,6,0.041,NA
12,7,checksum,ifs,FALSE,20,elitize_generation_data,11,6,0.045,NA
13,7,checksum,ifs,FALSE,20,elitize_generation_data,12,6,0.037,NA
14,7,checksum,ifs,FALSE,20,elitize_generation_data,13,7,0.03,NA
15,7,checksum,ifs,FALSE,20,elitize_generation_data,14,6,0.033,NA
16,7,checksum,ifs,FALSE,20,elitize_generation_data,15,8,0.029,NA
17,7,checksum,ifs,FALSE,20,elitize_generation_data,16,6,0.034,NA
18,7,checksum,ifs,FALSE,20,elitize_generation_data,17,6,0.034,NA
19,7,checksum,ifs,FALSE,20,elitize_generation_data,18,7,0.03,NA
20,7,checksum,ifs,FALSE,20,elitize_generation_data,19,6,0.039,NA
21,7,checksum,ifs,FALSE,20,elitize_generation_data,20,9,0.034,NA
22,7,checksum,ifs,FALSE,20,elitize_generation_data,21,6,0.033,NA
23,7,checksum,ifs,FALSE,20,elitize_generation_data,22,6,0.028,NA
24,7,checksum,ifs,FALSE,20,elitize_generation_data,23,7,0.022,NA
25,7,checksum,ifs,FALSE,20,elitize_generation_data,24,7,0.022,NA
26,7,checksum,ifs,FALSE,20,elitize_generation_data,25,7,0.025,NA
27,7,checksum,ifs,FALSE,20,elitize_generation_data,26,7,0.027,NA
28,7,checksum,ifs,FALSE,20,elitize_generation_data,27,7,0.022,NA
29,7,checksum,ifs,FALSE,20,elitize_generation_data,28,7,0.027,NA
30,7,checksum,ifs,FALSE,20,elitize_generation_data,29,7,0.025,NA
31,7,checksum,ifs,FALSE,20,elitize_generation_data,30,7,0.024,NA
32,7,checksum,ifs,FALSE,20,elitize_generation_data,31,7,0.025,NA
33,7,checksum,ifs,FALSE,20,elitize_generation_data,32,8,0.023,NA
34,7,checksum,ifs,FALSE,20,elitize_generation_data,33,7,0.028,NA
35,7,checksum,ifs,FALSE,20,elitize_generation_data,34,6,0.028,NA
36,7,checksum,ifs,FALSE,20,elitize_generation_data,35,5,0.026,NA
37,7,checksum,ifs,FALSE,20,elitize_generation_data,36,7,0.028,NA
38,7,checksum,ifs,FALSE,20,elitize_generation_data,37,8,0.031,NA
39,7,checksum,ifs,FALSE,20,elitize_generation_data,38,7,0.026,NA
40,7,checksum,ifs,FALSE,20,elitize_generation_data,39,8,0.029,NA
41,7,checksum,ifs,FALSE,20,elitize_generation_data,40,8,0.029,NA
42,7,checksum,ifs,FALSE,20,elitize_generation_data,41,5,0.027,NA
43,7,checksum,ifs,FALSE,20,elitize_generation_data,42,8,0.025,NA
44,7,checksum,ifs,FALSE,20,elitize_generation_data,43,7,0.027,NA
45,7,checksum,ifs,FALSE,20,elitize_generation_data,44,7,0.027,NA
46,7,checksum,ifs,FALSE,20,elitize_generation_data,45,8,0.025,NA
47,7,checksum,ifs,FALSE,20,elitize_generation_data,46,8,0.026,NA
48,7,checksum,ifs,FALSE,20,elitize_generation_data,47,7,0.02,NA
49,7,checksum,ifs,FALSE,20,elitize_generation_data,48,7,0.025,NA
50,7,checksum,ifs,FALSE,20,elitize_generation_data,49,8,0.026,NA
51,7,checksum,ifs,FALSE,20,elitize_generation_data,50,8,0.027,NA
52,7,checksum,ifs,FALSE,20,elitize_generation_data,51,7,0.026,NA
53,7,checksum,ifs,FALSE,20,elitize_generation_data,52,8,0.034,NA
54,7,checksum,ifs,FALSE,20,elitize_generation_data,53,8,0.03,NA
55,7,checksum,ifs,FALSE,20,elitize_generation_data,54,6,0.03,NA
56,7,checksum,ifs,FALSE,20,elitize_generation_data,55,9,0.028,NA
57,7,checksum,ifs,FALSE,20,elitize_generation_data,56,7,0.029,NA
58,7,checksum,ifs,FALSE,20,elitize_generation_data,57,8,0.032,NA
59,7,checksum,ifs,FALSE,20,elitize_generation_data,58,7,0.031,NA
60,7,checksum,ifs,FALSE,20,elitize_generation_data,59,7,0.021,NA
61,7,checksum,ifs,FALSE,20,elitize_generation_data,60,6,0.027,NA
62,7,checksum,ifs,FALSE,20,elitize_generation_data,61,7,0.032,NA
63,7,checksum,ifs,FALSE,20,elitize_generation_data,62,6,0.029,NA
64,7,checksum,ifs,FALSE,20,elitize_generation_data,63,5,0.029,NA
65,7,checksum,ifs,FALSE,20,elitize_generation_data,64,7,0.027,NA
66,7,checksum,ifs,FALSE,20,elitize_generation_data,65,7,0.03,NA
67,7,checksum,ifs,FALSE,20,elitize_generation_data,66,8,0.028,NA
68,7,checksum,ifs,FALSE,20,elitize_generation_data,67,6,0.025,NA
69,7,checksum,ifs,FALSE,20,elitize_generation_data,68,5,0.029,NA
70,7,checksum,ifs,FALSE,20,elitize_generation_data,69,7,0.028,NA
71,7,checksum,ifs,FALSE,20,elitize_generation_data,70,7,0.032,NA
72,7,checksum,ifs,FALSE,20,elitize_generation_data,71,7,0.022,NA
73,7,checksum,ifs,FALSE,20,elitize_generation_data,72,9,0.032,NA
74,7,checksum,ifs,FALSE,20,elitize_generation_data,73,7,0.026,NA
75,7,checksum,ifs,FALSE,20,elitize_generation_data,74,7,0.03,NA
76,7,checksum,ifs,FALSE,20,elitize_generation_data,75,8,0.025,NA
77,7,checksum,ifs,FALSE,20,elitize_generation_data,76,7,0.024,NA
78,7,checksum,ifs,FALSE,20,elitize_generation_data,77,8,0.021,NA
79,7,checksum,ifs,FALSE,20,elitize_generation_data,78,9,0.027,NA
80,7,checksum,ifs,FALSE,20,elitize_generation_data,79,8,0.024,NA
81,7,checksum,ifs,FALSE,20,elitize_generation_data,80,7,0.028,NA
82,7,checksum,ifs,FALSE,20,elitize_generation_data,81,8,0.028,NA
83,7,checksum,ifs,FALSE,20,elitize_generation_data,82,7,0.024,NA
84,7,checksum,ifs,FALSE,20,elitize_generation_data,83,7,0.03,NA
85,7,checksum,ifs,FALSE,20,elitize_generation_data,84,7,0.029,NA
86,7,checksum,ifs,FALSE,20,elitize_generation_data,85,7,0.021,NA
87,7,checksum,ifs,FALSE,20,elitize_generation_data,86,6,0.023,NA
88,7,checksum,ifs,FALSE,20,elitize_generation_data,87,7,0.025,NA
89,7,checksum,ifs,FALSE,20,elitize_generation_data,88,7,0.03,NA
90,7,checksum,ifs,FALSE,20,elitize_generation_data,89,6,0.029,NA
91,7,checksum,ifs,FALSE,20,elitize_generation_data,90,6,0.026,NA
92,7,checksum,ifs,FALSE,20,elitize_generation_data,91,6,0.034,NA
93,7,checksum,ifs,FALSE,20,elitize_generation_data,92,8,0.032,NA
94,7,checksum,ifs,FALSE,20,elitize_generation_data,93,8,0.032,NA
95,7,checksum,ifs,FALSE,20,elitize_generation_data,94,9,0.024,NA
96,7,checksum,ifs,FALSE,20,elitize_generation_data,95,6,0.025,NA
97,7,checksum,ifs,FALSE,20,elitize_generation_data,96,6,0.022,NA
98,7,checksum,ifs,FALSE,20,elitize_generation_data,97,7,0.026,NA
99,7,checksum,ifs,FALSE,20,elitize_generation_data,98,7,0.025,NA
100,7,checksum,ifs,FALSE,20,elitize_generation_data,99,10,0.023,NA
101,7,checksum,ifs,FALSE,20,elitize_generation_data,100,8,0.034,NA
102,7,checksum,ifs,FALSE,20,elitize_generation_data,101,7,0.023,NA
103,7,checksum,ifs,FALSE,20,elitize_generation_data,102,7,0.03,NA
104,7,checksum,ifs,FALSE,20,elitize_generation_data,103,8,0.022,NA
105,7,checksum,ifs,FALSE,20,elitize_generation_data,104,9,0.027,NA
106,7,checksum,ifs,FALSE,20,elitize_generation_data,105,6,0.031,NA
107,7,checksum,ifs,FALSE,20,elitize_generation_data,106,7,0.029,NA
108,7,checksum,ifs,FALSE,20,elitize_generation_data,107,7,0.025,NA
109,7,checksum,ifs,FALSE,20,elitize_generation_data,108,7,0.03,NA
110,7,checksum,ifs,FALSE,20,elitize_generation_data,109,7,0.02,NA
111,7,checksum,ifs,FALSE,20,elitize_generation_data,110,7,0.031,NA
112,7,checksum,ifs,FALSE,20,elitize_generation_data,111,8,0.026,NA
113,7,checksum,ifs,FALSE,20,elitize_generation_data,112,6,0.03,NA
114,7,checksum,ifs,FALSE,20,elitize_generation_data,113,8,0.032,NA
115,7,checksum,ifs,FALSE,20,elitize_generation_data,114,8,0.029,NA
116,7,checksum,ifs,FALSE,20,elitize_generation_data,115,7,0.029,NA
117,7,checksum,ifs,FALSE,20,elitize_generation_data,116,5,0.031,NA
118,7,checksum,ifs,FALSE,20,elitize_generation_data,117,8,0.022,NA
119,7,checksum,ifs,FALSE,20,elitize_generation_data,118,6,0.026,NA
120,7,checksum,ifs,FALSE,20,elitize_generation_data,119,6,0.027,NA
121,7,checksum,ifs,FALSE,20,elitize_generation_data,120,7,0.026,NA
122,7,checksum,ifs,FALSE,20,elitize_generation_data,121,8,0.029,NA
123,7,checksum,ifs,FALSE,20,elitize_generation_data,122,6,0.028,NA
124,7,checksum,ifs,FALSE,20,elitize_generation_data,123,5,0.022,NA
125,7,checksum,ifs,FALSE,20,elitize_generation_data,124,6,0.027,NA
126,7,checksum,ifs,FALSE,20,elitize_generation_data,125,8,0.027,NA
127,7,checksum,ifs,FALSE,20,elitize_generation_data,126,8,0.021,NA
128,7,checksum,ifs,FALSE,20,elitize_generation_data,127,7,0.031,NA
129,7,checksum,ifs,FALSE,20,elitize_generation_data,128,7,0.023,NA
130,7,checksum,ifs,FALSE,20,elitize_generation_data,129,7,0.026,NA
131,7,checksum,ifs,FALSE,20,elitize_generation_data,130,6,0.026,NA
132,7,checksum,ifs,FALSE,20,elitize_generation_data,131,6,0.026,NA
133,7,checksum,ifs,FALSE,20,elitize_generation_data,132,7,0.022,NA
134,7,checksum,ifs,FALSE,20,elitize_generation_data,133,8,0.022,NA
135,7,checksum,ifs,FALSE,20,elitize_generation_data,134,6,0.032,NA
136,7,checksum,ifs,FALSE,20,elitize_generation_data,135,5,0.025,NA
137,7,checksum,ifs,FALSE,20,elitize_generation_data,136,8,0.025,NA
138,7,checksum,ifs,FALSE,20,elitize_generation_data,137,7,0.023,NA
139,7,checksum,ifs,FALSE,20,elitize_generation_data,138,7,0.029,NA
140,7,checksum,ifs,FALSE,20,elitize_generation_data,139,7,0.025,NA
141,7,checksum,ifs,FALSE,20,elitize_generation_data,140,5,0.031,NA
142,7,checksum,ifs,FALSE,20,elitize_generation_data,141,6,0.028,NA
143,7,checksum,ifs,FALSE,20,elitize_generation_data,142,7,0.025,NA
144,7,checksum,ifs,FALSE,20,elitize_generation_data,143,8,0.02,NA
145,7,checksum,ifs,FALSE,20,elitize_generation_data,144,7,0.016,NA
146,7,checksum,ifs,FALSE,20,elitize_generation_data,145,7,0.023,NA
147,7,checksum,ifs,FALSE,20,elitize_generation_data,146,5,0.033,NA
148,7,checksum,ifs,FALSE,20,elitize_generation_data,147,7,0.024,NA
149,7,checksum,ifs,FALSE,20,elitize_generation_data,148,7,0.024,NA
150,7,checksum,ifs,FALSE,20,elitize_generation_data,149,7,0.022,NA
151,7,checksum,ifs,FALSE,20,elitize_generation_data,150,8,0.027,NA
152,7,checksum,ifs,FALSE,20,elitize_generation_data,151,5,0.025,NA
153,7,checksum,ifs,FALSE,20,elitize_generation_data,152,5,0.022,NA
154,7,checksum,ifs,FALSE,20,elitize_generation_data,153,7,0.027,NA
155,7,checksum,ifs,FALSE,20,elitize_generation_data,154,7,0.03,NA
156,7,checksum,ifs,FALSE,20,elitize_generation_data,155,7,0.024,NA
157,7,checksum,ifs,FALSE,20,elitize_generation_data,156,7,0.018,NA
158,7,checksum,ifs,FALSE,20,elitize_generation_data,157,7,0.025,NA
159,7,checksum,ifs,FALSE,20,elitize_generation_data,158,8,0.025,NA
160,7,checksum,ifs,FALSE,20,elitize_generation_data,159,7,0.022,NA
161,7,checksum,ifs,FALSE,20,elitize_generation_data,160,7,0.024,NA
162,7,checksum,ifs,FALSE,20,elitize_generation_data,161,7,0.025,NA
163,7,checksum,ifs,FALSE,20,elitize_generation_data,162,8,0.019,NA
164,7,checksum,ifs,FALSE,20,elitize_generation_data,163,8,0.025,NA
165,7,checksum,ifs,FALSE,20,elitize_generation_data,164,7,0.024,NA
166,7,checksum,ifs,FALSE,20,elitize_generation_data,165,7,0.026,NA
167,7,checksum,ifs,FALSE,20,elitize_generation_data,166,7,0.021,NA
168,7,checksum,ifs,FALSE,20,elitize_generation_data,167,8,0.027,NA
169,7,checksum,ifs,FALSE,20,elitize_generation_data,168,7,0.026,NA
170,7,checksum,ifs,FALSE,20,elitize_generation_data,169,7,0.024,NA
171,7,checksum,ifs,FALSE,20,elitize_generation_data,170,6,0.023,NA
172,7,checksum,ifs,FALSE,20,elitize_generation_data,171,7,0.026,NA
173,7,checksum,ifs,FALSE,20,elitize_generation_data,172,8,0.023,NA
174,7,checksum,ifs,FALSE,20,elitize_generation_data,173,6,0.013,NA
175,7,checksum,ifs,FALSE,20,elitize_generation_data,174,7,0.022,NA
176,7,checksum,ifs,FALSE,20,elitize_generation_data,175,8,0.02,NA
177,7,checksum,ifs,FALSE,20,elitize_generation_data,176,7,0.019,NA
178,7,checksum,ifs,FALSE,20,elitize_generation_data,177,6,0.026,NA
179,7,checksum,ifs,FALSE,20,elitize_generation_data,178,7,0.027,NA
180,7,checksum,ifs,FALSE,20,elitize_generation_data,179,8,0.025,NA
181,7,checksum,ifs,FALSE,20,elitize_generation_data,180,8,0.024,NA
182,7,checksum,ifs,FALSE,20,elitize_generation_data,181,8,0.021,NA
183,7,checksum,ifs,FALSE,20,elitize_generation_data,182,7,0.023,NA
184,7,checksum,ifs,FALSE,20,elitize_generation_data,183,7,0.027,NA
185,7,checksum,ifs,FALSE,20,elitize_generation_data,184,6,0.023,NA
186,7,checksum,ifs,FALSE,20,elitize_generation_data,185,7,0.023,NA
187,7,checksum,ifs,FALSE,20,elitize_generation_data,186,6,0.02,NA
188,7,checksum,ifs,FALSE,20,elitize_generation_data,187,7,0.025,NA
189,7,checksum,ifs,FALSE,20,elitize_generation_data,188,8,0.02,NA
190,7,checksum,ifs,FALSE,20,elitize_generation_data,189,7,0.022,NA
191,7,checksum,ifs,FALSE,20,elitize_generation_data,190,9,0.023,NA
192,7,checksum,ifs,FALSE,20,elitize_generation_data,191,6,0.022,NA
193,7,checksum,ifs,FALSE,20,elitize_generation_data,192,7,0.019,NA
194,7,checksum,ifs,FALSE,20,elitize_generation_data,193,6,0.014,NA
195,7,checksum,ifs,FALSE,20,elitize_generation_data,194,6,0.02,NA
196,7,checksum,ifs,FALSE,20,elitize_generation_data,195,7,0.022,NA
197,7,checksum,ifs,FALSE,20,elitize_generation_data,196,8,0.024,NA
198,7,checksum,ifs,FALSE,20,elitize_generation_data,197,6,0.017,NA
199,7,checksum,ifs,FALSE,20,elitize_generation_data,198,7,0.025,NA
200,7,checksum,ifs,FALSE,20,elitize_generation_data,199,6,0.021,NA
201,7,checksum,ifs,FALSE,20,elitize_generation_data,200,7,0.016,NA
202,7,checksum,ifs,FALSE,20,elitize_generation_data,201,7,0.022,NA
203,7,checksum,ifs,FALSE,20,elitize_generation_data,202,6,0.02,NA
204,7,checksum,ifs,FALSE,20,elitize_generation_data,203,7,0.019,NA
205,7,checksum,ifs,FALSE,20,elitize_generation_data,204,5,0.019,NA
206,7,checksum,ifs,FALSE,20,elitize_generation_data,205,6,0.015,NA
207,7,checksum,ifs,FALSE,20,elitize_generation_data,206,5,0.016,NA
208,7,checksum,ifs,FALSE,20,elitize_generation_data,207,5,0.019,NA
209,7,checksum,ifs,FALSE,20,elitize_generation_data,208,5,0.02,NA
210,7,checksum,ifs,FALSE,20,elitize_generation_data,209,6,0.015,NA
211,7,checksum,ifs,FALSE,20,elitize_generation_data,210,7,0.023,NA
212,7,checksum,ifs,FALSE,20,elitize_generation_data,211,6,0.017,NA
213,7,checksum,ifs,FALSE,20,elitize_generation_data,212,6,0.029,NA
214,7,checksum,ifs,FALSE,20,elitize_generation_data,213,6,0.031,NA
215,7,checksum,ifs,FALSE,20,elitize_generation_data,214,7,0.048,NA
216,7,checksum,ifs,FALSE,20,elitize_generation_data,215,7,0.039,NA
217,7,checksum,ifs,FALSE,20,elitize_generation_data,216,6,0.045,NA
218,7,checksum,ifs,FALSE,20,elitize_generation_data,217,6,0.043,NA
219,7,checksum,ifs,FALSE,20,elitize_generation_data,218,6,0.054,NA
220,7,checksum,ifs,FALSE,20,elitize_generation_data,219,5,0.046,NA
221,7,checksum,ifs,FALSE,20,elitize_generation_data,220,5,0.054,NA
222,7,checksum,ifs,FALSE,20,elitize_generation_data,221,6,0.046,NA
223,7,checksum,ifs,FALSE,20,elitize_generation_data,222,7,0.04,NA
224,7,checksum,ifs,FALSE,20,elitize_generation_data,223,8,0.057,NA
225,7,checksum,ifs,FALSE,20,elitize_generation_data,224,8,0.049,NA
226,7,checksum,ifs,FALSE,20,elitize_generation_data,225,7,0.057,NA
227,7,checksum,ifs,FALSE,20,elitize_generation_data,226,4,0.062,NA
228,7,checksum,ifs,FALSE,20,elitize_generation_data,227,7,0.052,NA
229,7,checksum,ifs,FALSE,20,elitize_generation_data,228,6,0.062,NA
230,7,checksum,ifs,FALSE,20,elitize_generation_data,229,6,0.063,NA
231,7,checksum,ifs,FALSE,20,elitize_generation_data,230,6,0.058,NA
232,7,checksum,ifs,FALSE,20,elitize_generation_data,231,4,0.06,NA
233,7,checksum,ifs,FALSE,20,elitize_generation_data,232,6,0.059,NA
234,7,checksum,ifs,FALSE,20,elitize_generation_data,233,4,0.059,NA
235,7,checksum,ifs,FALSE,20,elitize_generation_data,234,7,0.051,NA
236,7,checksum,ifs,FALSE,20,elitize_generation_data,235,6,0.05,NA
237,7,checksum,ifs,FALSE,20,elitize_generation_data,236,6,0.059,NA
238,7,checksum,ifs,FALSE,20,elitize_generation_data,237,7,0.054,NA
239,7,checksum,ifs,FALSE,20,elitize_generation_data,238,8,0.044,NA
240,7,checksum,ifs,FALSE,20,elitize_generation_data,239,8,0.054,NA
241,7,checksum,ifs,FALSE,20,elitize_generation_data,240,7,0.053,NA
242,7,checksum,ifs,FALSE,20,elitize_generation_data,241,7,0.047,NA
243,7,checksum,ifs,FALSE,20,elitize_generation_data,242,7,0.064,NA
244,7,checksum,ifs,FALSE,20,elitize_generation_data,243,7,0.055,NA
245,7,checksum,ifs,FALSE,20,elitize_generation_data,244,6,0.057,NA
246,7,checksum,ifs,FALSE,20,elitize_generation_data,245,7,0.053,NA
247,7,checksum,ifs,FALSE,20,elitize_generation_data,246,8,0.059,NA
248,7,checksum,ifs,FALSE,20,elitize_generation_data,247,6,0.057,NA
249,7,checksum,ifs,FALSE,20,elitize_generation_data,248,7,0.063,NA
250,7,checksum,ifs,FALSE,20,elitize_generation_data,249,6,0.061,NA
251,7,checksum,ifs,FALSE,20,elitize_generation_data,250,6,0.048,NA
252,7,checksum,ifs,FALSE,20,elitize_generation_data,251,7,0.064,NA
253,7,checksum,ifs,FALSE,20,elitize_generation_data,252,8,0.062,NA
254,7,checksum,ifs,FALSE,20,elitize_generation_data,253,6,0.065,NA
255,7,checksum,ifs,FALSE,20,elitize_generation_data,254,7,0.069,NA
256,7,checksum,ifs,FALSE,20,elitize_generation_data,255,6,0.067,NA
257,7,checksum,ifs,FALSE,20,elitize_generation_data,256,7,0.061,NA
258,7,checksum,ifs,FALSE,20,elitize_generation_data,257,8,0.069,NA
259,7,checksum,ifs,FALSE,20,elitize_generation_data,258,8,0.068,NA
260,7,checksum,ifs,FALSE,20,elitize_generation_data,259,7,0.081,NA
261,7,checksum,ifs,FALSE,20,elitize_generation_data,260,6,0.072,NA
262,7,checksum,ifs,FALSE,20,elitize_generation_data,261,7,0.073,NA
263,7,checksum,ifs,FALSE,20,elitize_generation_data,262,5,0.066,NA
264,7,checksum,ifs,FALSE,20,elitize_generation_data,263,7,0.063,NA
265,7,checksum,ifs,FALSE,20,elitize_generation_data,264,7,0.071,NA
266,7,checksum,ifs,FALSE,20,elitize_generation_data,265,8,0.074,NA
267,7,checksum,ifs,FALSE,20,elitize_generation_data,266,7,0.095,NA
268,7,checksum,ifs,FALSE,20,elitize_generation_data,267,7,0.104,NA
269,7,checksum,ifs,FALSE,20,elitize_generation_data,268,8,0.101,NA
270,7,checksum,ifs,FALSE,20,elitize_generation_data,269,6,0.087,NA
271,7,checksum,ifs,FALSE,20,elitize_generation_data,270,7,0.085,NA
272,7,checksum,ifs,FALSE,20,elitize_generation_data,271,7,0.09,NA
273,7,checksum,ifs,FALSE,20,elitize_generation_data,272,8,0.108,NA
274,7,checksum,ifs,FALSE,20,elitize_generation_data,273,5,0.091,NA
275,7,checksum,ifs,FALSE,20,elitize_generation_data,274,7,0.092,NA
276,7,checksum,ifs,FALSE,20,elitize_generation_data,275,7,0.099,NA
277,7,checksum,ifs,FALSE,20,elitize_generation_data,276,5,0.085,NA
278,7,checksum,ifs,FALSE,20,elitize_generation_data,277,6,0.09,NA
279,7,checksum,ifs,FALSE,20,elitize_generation_data,278,5,0.108,NA
280,7,checksum,ifs,FALSE,20,elitize_generation_data,279,8,0.089,NA
281,7,checksum,ifs,FALSE,20,elitize_generation_data,280,7,0.101,NA
282,7,checksum,ifs,FALSE,20,elitize_generation_data,281,9,0.099,NA
283,7,checksum,ifs,FALSE,20,elitize_generation_data,282,8,0.12,NA
284,7,checksum,ifs,FALSE,20,elitize_generation_data,283,7,0.109,NA
285,7,checksum,ifs,FALSE,20,elitize_generation_data,284,8,0.1,NA
286,7,checksum,ifs,FALSE,20,elitize_generation_data,285,7,0.097,NA
287,7,checksum,ifs,FALSE,20,elitize_generation_data,286,9,0.112,NA
288,7,checksum,ifs,FALSE,20,elitize_generation_data,287,7,0.097,NA
289,7,checksum,ifs,FALSE,20,elitize_generation_data,288,5,0.113,NA
290,7,checksum,ifs,FALSE,20,elitize_generation_data,289,7,0.107,NA
291,7,checksum,ifs,FALSE,20,elitize_generation_data,290,5,0.104,NA
292,7,checksum,ifs,FALSE,20,elitize_generation_data,291,7,0.107,NA
293,7,checksum,ifs,FALSE,20,elitize_generation_data,292,6,0.127,NA
294,7,checksum,ifs,FALSE,20,elitize_generation_data,293,8,0.119,NA
295,7,checksum,ifs,FALSE,20,elitize_generation_data,294,6,0.098,NA
296,7,checksum,ifs,FALSE,20,elitize_generation_data,295,8,0.088,NA
297,7,checksum,ifs,FALSE,20,elitize_generation_data,296,6,0.092,NA
298,7,checksum,ifs,FALSE,20,elitize_generation_data,297,8,0.101,NA
299,7,checksum,ifs,FALSE,20,elitize_generation_data,298,8,0.099,NA
300,7,checksum,ifs,FALSE,20,elitize_generation_data,299,9,0.088,NA
301,7,checksum,ifs,FALSE,20,elitize_generation_data,300,5,0.105,NA
