,run.num,problem,treatment,succeeded,height,normalization.function,generation,cluster.count,error.diversity,success.generation
1,65,checksum,ifs,FALSE,20,elitize_generation_data,0,2,0.308,NA
2,65,checksum,ifs,FALSE,20,elitize_generation_data,1,2,0.249,NA
3,65,checksum,ifs,FALSE,20,elitize_generation_data,2,3,0.142,NA
4,65,checksum,ifs,FALSE,20,elitize_generation_data,3,3,0.168,NA
5,65,checksum,ifs,FALSE,20,elitize_generation_data,4,4,0.197,NA
6,65,checksum,ifs,FALSE,20,elitize_generation_data,5,5,0.212,NA
7,65,checksum,ifs,FALSE,20,elitize_generation_data,6,6,0.157,NA
8,65,checksum,ifs,FALSE,20,elitize_generation_data,7,7,0.123,NA
9,65,checksum,ifs,FALSE,20,elitize_generation_data,8,8,0.121,NA
10,65,checksum,ifs,FALSE,20,elitize_generation_data,9,6,0.121,NA
11,65,checksum,ifs,FALSE,20,elitize_generation_data,10,7,0.085,NA
12,65,checksum,ifs,FALSE,20,elitize_generation_data,11,6,0.059,NA
13,65,checksum,ifs,FALSE,20,elitize_generation_data,12,5,0.081,NA
14,65,checksum,ifs,FALSE,20,elitize_generation_data,13,6,0.088,NA
15,65,checksum,ifs,FALSE,20,elitize_generation_data,14,6,0.093,NA
16,65,checksum,ifs,FALSE,20,elitize_generation_data,15,5,0.101,NA
17,65,checksum,ifs,FALSE,20,elitize_generation_data,16,6,0.087,NA
18,65,checksum,ifs,FALSE,20,elitize_generation_data,17,6,0.103,NA
19,65,checksum,ifs,FALSE,20,elitize_generation_data,18,6,0.09,NA
20,65,checksum,ifs,FALSE,20,elitize_generation_data,19,7,0.098,NA
21,65,checksum,ifs,FALSE,20,elitize_generation_data,20,6,0.098,NA
22,65,checksum,ifs,FALSE,20,elitize_generation_data,21,7,0.098,NA
23,65,checksum,ifs,FALSE,20,elitize_generation_data,22,2,0.109,NA
24,65,checksum,ifs,FALSE,20,elitize_generation_data,23,6,0.109,NA
25,65,checksum,ifs,FALSE,20,elitize_generation_data,24,3,0.093,NA
26,65,checksum,ifs,FALSE,20,elitize_generation_data,25,4,0.117,NA
27,65,checksum,ifs,FALSE,20,elitize_generation_data,26,5,0.103,NA
28,65,checksum,ifs,FALSE,20,elitize_generation_data,27,4,0.121,NA
29,65,checksum,ifs,FALSE,20,elitize_generation_data,28,5,0.103,NA
30,65,checksum,ifs,FALSE,20,elitize_generation_data,29,3,0.098,NA
31,65,checksum,ifs,FALSE,20,elitize_generation_data,30,5,0.096,NA
32,65,checksum,ifs,FALSE,20,elitize_generation_data,31,4,0.097,NA
33,65,checksum,ifs,FALSE,20,elitize_generation_data,32,3,0.112,NA
34,65,checksum,ifs,FALSE,20,elitize_generation_data,33,5,0.101,NA
35,65,checksum,ifs,FALSE,20,elitize_generation_data,34,3,0.1,NA
36,65,checksum,ifs,FALSE,20,elitize_generation_data,35,4,0.113,NA
37,65,checksum,ifs,FALSE,20,elitize_generation_data,36,4,0.103,NA
38,65,checksum,ifs,FALSE,20,elitize_generation_data,37,2,0.126,NA
39,65,checksum,ifs,FALSE,20,elitize_generation_data,38,2,0.123,NA
40,65,checksum,ifs,FALSE,20,elitize_generation_data,39,2,0.143,NA
41,65,checksum,ifs,FALSE,20,elitize_generation_data,40,2,0.139,NA
42,65,checksum,ifs,FALSE,20,elitize_generation_data,41,2,0.161,NA
43,65,checksum,ifs,FALSE,20,elitize_generation_data,42,2,0.165,NA
44,65,checksum,ifs,FALSE,20,elitize_generation_data,43,2,0.194,NA
45,65,checksum,ifs,FALSE,20,elitize_generation_data,44,3,0.185,NA
46,65,checksum,ifs,FALSE,20,elitize_generation_data,45,2,0.178,NA
47,65,checksum,ifs,FALSE,20,elitize_generation_data,46,2,0.193,NA
48,65,checksum,ifs,FALSE,20,elitize_generation_data,47,2,0.192,NA
49,65,checksum,ifs,FALSE,20,elitize_generation_data,48,2,0.195,NA
50,65,checksum,ifs,FALSE,20,elitize_generation_data,49,2,0.166,NA
51,65,checksum,ifs,FALSE,20,elitize_generation_data,50,2,0.17,NA
52,65,checksum,ifs,FALSE,20,elitize_generation_data,51,2,0.163,NA
53,65,checksum,ifs,FALSE,20,elitize_generation_data,52,3,0.175,NA
54,65,checksum,ifs,FALSE,20,elitize_generation_data,53,2,0.173,NA
55,65,checksum,ifs,FALSE,20,elitize_generation_data,54,2,0.175,NA
56,65,checksum,ifs,FALSE,20,elitize_generation_data,55,2,0.182,NA
57,65,checksum,ifs,FALSE,20,elitize_generation_data,56,2,0.197,NA
58,65,checksum,ifs,FALSE,20,elitize_generation_data,57,2,0.196,NA
59,65,checksum,ifs,FALSE,20,elitize_generation_data,58,2,0.188,NA
60,65,checksum,ifs,FALSE,20,elitize_generation_data,59,2,0.175,NA
61,65,checksum,ifs,FALSE,20,elitize_generation_data,60,2,0.179,NA
62,65,checksum,ifs,FALSE,20,elitize_generation_data,61,2,0.178,NA
63,65,checksum,ifs,FALSE,20,elitize_generation_data,62,2,0.193,NA
64,65,checksum,ifs,FALSE,20,elitize_generation_data,63,2,0.188,NA
65,65,checksum,ifs,FALSE,20,elitize_generation_data,64,2,0.172,NA
66,65,checksum,ifs,FALSE,20,elitize_generation_data,65,2,0.207,NA
67,65,checksum,ifs,FALSE,20,elitize_generation_data,66,2,0.194,NA
68,65,checksum,ifs,FALSE,20,elitize_generation_data,67,2,0.188,NA
69,65,checksum,ifs,FALSE,20,elitize_generation_data,68,2,0.181,NA
70,65,checksum,ifs,FALSE,20,elitize_generation_data,69,2,0.193,NA
71,65,checksum,ifs,FALSE,20,elitize_generation_data,70,2,0.16,NA
72,65,checksum,ifs,FALSE,20,elitize_generation_data,71,2,0.177,NA
73,65,checksum,ifs,FALSE,20,elitize_generation_data,72,2,0.182,NA
74,65,checksum,ifs,FALSE,20,elitize_generation_data,73,3,0.171,NA
75,65,checksum,ifs,FALSE,20,elitize_generation_data,74,2,0.174,NA
76,65,checksum,ifs,FALSE,20,elitize_generation_data,75,2,0.178,NA
77,65,checksum,ifs,FALSE,20,elitize_generation_data,76,2,0.195,NA
78,65,checksum,ifs,FALSE,20,elitize_generation_data,77,2,0.186,NA
79,65,checksum,ifs,FALSE,20,elitize_generation_data,78,2,0.178,NA
80,65,checksum,ifs,FALSE,20,elitize_generation_data,79,2,0.193,NA
81,65,checksum,ifs,FALSE,20,elitize_generation_data,80,2,0.171,NA
82,65,checksum,ifs,FALSE,20,elitize_generation_data,81,2,0.173,NA
83,65,checksum,ifs,FALSE,20,elitize_generation_data,82,3,0.176,NA
84,65,checksum,ifs,FALSE,20,elitize_generation_data,83,2,0.174,NA
85,65,checksum,ifs,FALSE,20,elitize_generation_data,84,3,0.159,NA
86,65,checksum,ifs,FALSE,20,elitize_generation_data,85,2,0.162,NA
87,65,checksum,ifs,FALSE,20,elitize_generation_data,86,3,0.154,NA
88,65,checksum,ifs,FALSE,20,elitize_generation_data,87,3,0.16,NA
89,65,checksum,ifs,FALSE,20,elitize_generation_data,88,2,0.144,NA
90,65,checksum,ifs,FALSE,20,elitize_generation_data,89,3,0.147,NA
91,65,checksum,ifs,FALSE,20,elitize_generation_data,90,2,0.151,NA
92,65,checksum,ifs,FALSE,20,elitize_generation_data,91,3,0.156,NA
93,65,checksum,ifs,FALSE,20,elitize_generation_data,92,3,0.142,NA
94,65,checksum,ifs,FALSE,20,elitize_generation_data,93,2,0.15,NA
95,65,checksum,ifs,FALSE,20,elitize_generation_data,94,2,0.148,NA
96,65,checksum,ifs,FALSE,20,elitize_generation_data,95,2,0.149,NA
97,65,checksum,ifs,FALSE,20,elitize_generation_data,96,2,0.137,NA
98,65,checksum,ifs,FALSE,20,elitize_generation_data,97,2,0.132,NA
99,65,checksum,ifs,FALSE,20,elitize_generation_data,98,3,0.125,NA
100,65,checksum,ifs,FALSE,20,elitize_generation_data,99,2,0.129,NA
101,65,checksum,ifs,FALSE,20,elitize_generation_data,100,3,0.113,NA
102,65,checksum,ifs,FALSE,20,elitize_generation_data,101,3,0.112,NA
103,65,checksum,ifs,FALSE,20,elitize_generation_data,102,4,0.128,NA
104,65,checksum,ifs,FALSE,20,elitize_generation_data,103,2,0.117,NA
105,65,checksum,ifs,FALSE,20,elitize_generation_data,104,3,0.12,NA
106,65,checksum,ifs,FALSE,20,elitize_generation_data,105,2,0.098,NA
107,65,checksum,ifs,FALSE,20,elitize_generation_data,106,3,0.103,NA
108,65,checksum,ifs,FALSE,20,elitize_generation_data,107,3,0.093,NA
109,65,checksum,ifs,FALSE,20,elitize_generation_data,108,2,0.101,NA
110,65,checksum,ifs,FALSE,20,elitize_generation_data,109,4,0.108,NA
111,65,checksum,ifs,FALSE,20,elitize_generation_data,110,3,0.091,NA
112,65,checksum,ifs,FALSE,20,elitize_generation_data,111,2,0.106,NA
113,65,checksum,ifs,FALSE,20,elitize_generation_data,112,3,0.126,NA
114,65,checksum,ifs,FALSE,20,elitize_generation_data,113,3,0.125,NA
115,65,checksum,ifs,FALSE,20,elitize_generation_data,114,5,0.118,NA
116,65,checksum,ifs,FALSE,20,elitize_generation_data,115,3,0.12,NA
117,65,checksum,ifs,FALSE,20,elitize_generation_data,116,2,0.128,NA
118,65,checksum,ifs,FALSE,20,elitize_generation_data,117,3,0.126,NA
119,65,checksum,ifs,FALSE,20,elitize_generation_data,118,2,0.155,NA
120,65,checksum,ifs,FALSE,20,elitize_generation_data,119,2,0.146,NA
121,65,checksum,ifs,FALSE,20,elitize_generation_data,120,2,0.148,NA
122,65,checksum,ifs,FALSE,20,elitize_generation_data,121,3,0.172,NA
123,65,checksum,ifs,FALSE,20,elitize_generation_data,122,3,0.164,NA
124,65,checksum,ifs,FALSE,20,elitize_generation_data,123,3,0.176,NA
125,65,checksum,ifs,FALSE,20,elitize_generation_data,124,3,0.184,NA
126,65,checksum,ifs,FALSE,20,elitize_generation_data,125,3,0.174,NA
127,65,checksum,ifs,FALSE,20,elitize_generation_data,126,3,0.171,NA
128,65,checksum,ifs,FALSE,20,elitize_generation_data,127,3,0.199,NA
129,65,checksum,ifs,FALSE,20,elitize_generation_data,128,2,0.191,NA
130,65,checksum,ifs,FALSE,20,elitize_generation_data,129,2,0.176,NA
131,65,checksum,ifs,FALSE,20,elitize_generation_data,130,2,0.186,NA
132,65,checksum,ifs,FALSE,20,elitize_generation_data,131,3,0.177,NA
133,65,checksum,ifs,FALSE,20,elitize_generation_data,132,2,0.203,NA
134,65,checksum,ifs,FALSE,20,elitize_generation_data,133,2,0.234,NA
135,65,checksum,ifs,FALSE,20,elitize_generation_data,134,2,0.229,NA
136,65,checksum,ifs,FALSE,20,elitize_generation_data,135,2,0.202,NA
137,65,checksum,ifs,FALSE,20,elitize_generation_data,136,2,0.208,NA
138,65,checksum,ifs,FALSE,20,elitize_generation_data,137,2,0.203,NA
139,65,checksum,ifs,FALSE,20,elitize_generation_data,138,2,0.215,NA
140,65,checksum,ifs,FALSE,20,elitize_generation_data,139,2,0.197,NA
141,65,checksum,ifs,FALSE,20,elitize_generation_data,140,2,0.19,NA
142,65,checksum,ifs,FALSE,20,elitize_generation_data,141,2,0.217,NA
143,65,checksum,ifs,FALSE,20,elitize_generation_data,142,2,0.207,NA
144,65,checksum,ifs,FALSE,20,elitize_generation_data,143,3,0.22,NA
145,65,checksum,ifs,FALSE,20,elitize_generation_data,144,2,0.196,NA
146,65,checksum,ifs,FALSE,20,elitize_generation_data,145,2,0.202,NA
147,65,checksum,ifs,FALSE,20,elitize_generation_data,146,2,0.211,NA
148,65,checksum,ifs,FALSE,20,elitize_generation_data,147,3,0.208,NA
149,65,checksum,ifs,FALSE,20,elitize_generation_data,148,2,0.204,NA
150,65,checksum,ifs,FALSE,20,elitize_generation_data,149,2,0.191,NA
151,65,checksum,ifs,FALSE,20,elitize_generation_data,150,2,0.213,NA
152,65,checksum,ifs,FALSE,20,elitize_generation_data,151,2,0.214,NA
153,65,checksum,ifs,FALSE,20,elitize_generation_data,152,2,0.194,NA
154,65,checksum,ifs,FALSE,20,elitize_generation_data,153,2,0.221,NA
155,65,checksum,ifs,FALSE,20,elitize_generation_data,154,2,0.225,NA
156,65,checksum,ifs,FALSE,20,elitize_generation_data,155,2,0.241,NA
157,65,checksum,ifs,FALSE,20,elitize_generation_data,156,2,0.25,NA
158,65,checksum,ifs,FALSE,20,elitize_generation_data,157,3,0.227,NA
159,65,checksum,ifs,FALSE,20,elitize_generation_data,158,2,0.227,NA
160,65,checksum,ifs,FALSE,20,elitize_generation_data,159,2,0.203,NA
161,65,checksum,ifs,FALSE,20,elitize_generation_data,160,2,0.195,NA
162,65,checksum,ifs,FALSE,20,elitize_generation_data,161,2,0.194,NA
163,65,checksum,ifs,FALSE,20,elitize_generation_data,162,2,0.192,NA
164,65,checksum,ifs,FALSE,20,elitize_generation_data,163,3,0.2,NA
165,65,checksum,ifs,FALSE,20,elitize_generation_data,164,3,0.207,NA
166,65,checksum,ifs,FALSE,20,elitize_generation_data,165,3,0.213,NA
167,65,checksum,ifs,FALSE,20,elitize_generation_data,166,2,0.207,NA
168,65,checksum,ifs,FALSE,20,elitize_generation_data,167,2,0.223,NA
169,65,checksum,ifs,FALSE,20,elitize_generation_data,168,2,0.226,NA
170,65,checksum,ifs,FALSE,20,elitize_generation_data,169,2,0.222,NA
171,65,checksum,ifs,FALSE,20,elitize_generation_data,170,2,0.22,NA
172,65,checksum,ifs,FALSE,20,elitize_generation_data,171,2,0.217,NA
173,65,checksum,ifs,FALSE,20,elitize_generation_data,172,2,0.211,NA
174,65,checksum,ifs,FALSE,20,elitize_generation_data,173,2,0.228,NA
175,65,checksum,ifs,FALSE,20,elitize_generation_data,174,2,0.192,NA
176,65,checksum,ifs,FALSE,20,elitize_generation_data,175,2,0.217,NA
177,65,checksum,ifs,FALSE,20,elitize_generation_data,176,2,0.214,NA
178,65,checksum,ifs,FALSE,20,elitize_generation_data,177,3,0.218,NA
179,65,checksum,ifs,FALSE,20,elitize_generation_data,178,2,0.242,NA
180,65,checksum,ifs,FALSE,20,elitize_generation_data,179,2,0.232,NA
181,65,checksum,ifs,FALSE,20,elitize_generation_data,180,3,0.222,NA
182,65,checksum,ifs,FALSE,20,elitize_generation_data,181,2,0.224,NA
183,65,checksum,ifs,FALSE,20,elitize_generation_data,182,2,0.23,NA
184,65,checksum,ifs,FALSE,20,elitize_generation_data,183,2,0.214,NA
185,65,checksum,ifs,FALSE,20,elitize_generation_data,184,2,0.211,NA
186,65,checksum,ifs,FALSE,20,elitize_generation_data,185,2,0.228,NA
187,65,checksum,ifs,FALSE,20,elitize_generation_data,186,2,0.223,NA
188,65,checksum,ifs,FALSE,20,elitize_generation_data,187,4,0.208,NA
189,65,checksum,ifs,FALSE,20,elitize_generation_data,188,2,0.237,NA
190,65,checksum,ifs,FALSE,20,elitize_generation_data,189,2,0.225,NA
191,65,checksum,ifs,FALSE,20,elitize_generation_data,190,2,0.218,NA
192,65,checksum,ifs,FALSE,20,elitize_generation_data,191,3,0.23,NA
193,65,checksum,ifs,FALSE,20,elitize_generation_data,192,2,0.249,NA
194,65,checksum,ifs,FALSE,20,elitize_generation_data,193,2,0.251,NA
195,65,checksum,ifs,FALSE,20,elitize_generation_data,194,2,0.261,NA
196,65,checksum,ifs,FALSE,20,elitize_generation_data,195,2,0.223,NA
197,65,checksum,ifs,FALSE,20,elitize_generation_data,196,3,0.184,NA
198,65,checksum,ifs,FALSE,20,elitize_generation_data,197,2,0.188,NA
199,65,checksum,ifs,FALSE,20,elitize_generation_data,198,4,0.199,NA
200,65,checksum,ifs,FALSE,20,elitize_generation_data,199,2,0.208,NA
201,65,checksum,ifs,FALSE,20,elitize_generation_data,200,2,0.206,NA
202,65,checksum,ifs,FALSE,20,elitize_generation_data,201,2,0.209,NA
203,65,checksum,ifs,FALSE,20,elitize_generation_data,202,2,0.194,NA
204,65,checksum,ifs,FALSE,20,elitize_generation_data,203,2,0.198,NA
205,65,checksum,ifs,FALSE,20,elitize_generation_data,204,2,0.217,NA
206,65,checksum,ifs,FALSE,20,elitize_generation_data,205,2,0.211,NA
207,65,checksum,ifs,FALSE,20,elitize_generation_data,206,2,0.204,NA
208,65,checksum,ifs,FALSE,20,elitize_generation_data,207,2,0.199,NA
209,65,checksum,ifs,FALSE,20,elitize_generation_data,208,2,0.216,NA
210,65,checksum,ifs,FALSE,20,elitize_generation_data,209,2,0.228,NA
211,65,checksum,ifs,FALSE,20,elitize_generation_data,210,2,0.209,NA
212,65,checksum,ifs,FALSE,20,elitize_generation_data,211,3,0.208,NA
213,65,checksum,ifs,FALSE,20,elitize_generation_data,212,2,0.216,NA
214,65,checksum,ifs,FALSE,20,elitize_generation_data,213,2,0.21,NA
215,65,checksum,ifs,FALSE,20,elitize_generation_data,214,2,0.213,NA
216,65,checksum,ifs,FALSE,20,elitize_generation_data,215,2,0.211,NA
217,65,checksum,ifs,FALSE,20,elitize_generation_data,216,2,0.211,NA
218,65,checksum,ifs,FALSE,20,elitize_generation_data,217,3,0.224,NA
219,65,checksum,ifs,FALSE,20,elitize_generation_data,218,2,0.208,NA
220,65,checksum,ifs,FALSE,20,elitize_generation_data,219,2,0.226,NA
221,65,checksum,ifs,FALSE,20,elitize_generation_data,220,2,0.236,NA
222,65,checksum,ifs,FALSE,20,elitize_generation_data,221,2,0.204,NA
223,65,checksum,ifs,FALSE,20,elitize_generation_data,222,2,0.201,NA
224,65,checksum,ifs,FALSE,20,elitize_generation_data,223,2,0.216,NA
225,65,checksum,ifs,FALSE,20,elitize_generation_data,224,2,0.209,NA
226,65,checksum,ifs,FALSE,20,elitize_generation_data,225,2,0.209,NA
227,65,checksum,ifs,FALSE,20,elitize_generation_data,226,2,0.218,NA
228,65,checksum,ifs,FALSE,20,elitize_generation_data,227,2,0.213,NA
229,65,checksum,ifs,FALSE,20,elitize_generation_data,228,2,0.215,NA
230,65,checksum,ifs,FALSE,20,elitize_generation_data,229,2,0.202,NA
231,65,checksum,ifs,FALSE,20,elitize_generation_data,230,3,0.217,NA
232,65,checksum,ifs,FALSE,20,elitize_generation_data,231,2,0.23,NA
233,65,checksum,ifs,FALSE,20,elitize_generation_data,232,2,0.204,NA
234,65,checksum,ifs,FALSE,20,elitize_generation_data,233,2,0.216,NA
235,65,checksum,ifs,FALSE,20,elitize_generation_data,234,2,0.215,NA
236,65,checksum,ifs,FALSE,20,elitize_generation_data,235,3,0.2,NA
237,65,checksum,ifs,FALSE,20,elitize_generation_data,236,2,0.22,NA
238,65,checksum,ifs,FALSE,20,elitize_generation_data,237,2,0.213,NA
239,65,checksum,ifs,FALSE,20,elitize_generation_data,238,2,0.213,NA
240,65,checksum,ifs,FALSE,20,elitize_generation_data,239,3,0.216,NA
241,65,checksum,ifs,FALSE,20,elitize_generation_data,240,3,0.23,NA
242,65,checksum,ifs,FALSE,20,elitize_generation_data,241,2,0.22,NA
243,65,checksum,ifs,FALSE,20,elitize_generation_data,242,2,0.239,NA
244,65,checksum,ifs,FALSE,20,elitize_generation_data,243,2,0.215,NA
245,65,checksum,ifs,FALSE,20,elitize_generation_data,244,2,0.237,NA
246,65,checksum,ifs,FALSE,20,elitize_generation_data,245,3,0.227,NA
247,65,checksum,ifs,FALSE,20,elitize_generation_data,246,2,0.243,NA
248,65,checksum,ifs,FALSE,20,elitize_generation_data,247,2,0.225,NA
249,65,checksum,ifs,FALSE,20,elitize_generation_data,248,2,0.209,NA
250,65,checksum,ifs,FALSE,20,elitize_generation_data,249,2,0.208,NA
251,65,checksum,ifs,FALSE,20,elitize_generation_data,250,3,0.253,NA
252,65,checksum,ifs,FALSE,20,elitize_generation_data,251,2,0.232,NA
253,65,checksum,ifs,FALSE,20,elitize_generation_data,252,2,0.234,NA
254,65,checksum,ifs,FALSE,20,elitize_generation_data,253,2,0.235,NA
255,65,checksum,ifs,FALSE,20,elitize_generation_data,254,2,0.221,NA
256,65,checksum,ifs,FALSE,20,elitize_generation_data,255,2,0.222,NA
257,65,checksum,ifs,FALSE,20,elitize_generation_data,256,2,0.228,NA
258,65,checksum,ifs,FALSE,20,elitize_generation_data,257,2,0.225,NA
259,65,checksum,ifs,FALSE,20,elitize_generation_data,258,2,0.215,NA
260,65,checksum,ifs,FALSE,20,elitize_generation_data,259,2,0.208,NA
261,65,checksum,ifs,FALSE,20,elitize_generation_data,260,2,0.223,NA
262,65,checksum,ifs,FALSE,20,elitize_generation_data,261,3,0.205,NA
263,65,checksum,ifs,FALSE,20,elitize_generation_data,262,2,0.21,NA
264,65,checksum,ifs,FALSE,20,elitize_generation_data,263,3,0.21,NA
265,65,checksum,ifs,FALSE,20,elitize_generation_data,264,2,0.21,NA
266,65,checksum,ifs,FALSE,20,elitize_generation_data,265,2,0.22,NA
267,65,checksum,ifs,FALSE,20,elitize_generation_data,266,2,0.203,NA
268,65,checksum,ifs,FALSE,20,elitize_generation_data,267,2,0.206,NA
269,65,checksum,ifs,FALSE,20,elitize_generation_data,268,2,0.206,NA
270,65,checksum,ifs,FALSE,20,elitize_generation_data,269,2,0.214,NA
271,65,checksum,ifs,FALSE,20,elitize_generation_data,270,3,0.204,NA
272,65,checksum,ifs,FALSE,20,elitize_generation_data,271,3,0.211,NA
273,65,checksum,ifs,FALSE,20,elitize_generation_data,272,2,0.209,NA
274,65,checksum,ifs,FALSE,20,elitize_generation_data,273,2,0.2,NA
275,65,checksum,ifs,FALSE,20,elitize_generation_data,274,2,0.174,NA
276,65,checksum,ifs,FALSE,20,elitize_generation_data,275,2,0.213,NA
277,65,checksum,ifs,FALSE,20,elitize_generation_data,276,2,0.204,NA
278,65,checksum,ifs,FALSE,20,elitize_generation_data,277,3,0.195,NA
279,65,checksum,ifs,FALSE,20,elitize_generation_data,278,2,0.181,NA
280,65,checksum,ifs,FALSE,20,elitize_generation_data,279,2,0.19,NA
281,65,checksum,ifs,FALSE,20,elitize_generation_data,280,2,0.194,NA
282,65,checksum,ifs,FALSE,20,elitize_generation_data,281,3,0.187,NA
283,65,checksum,ifs,FALSE,20,elitize_generation_data,282,4,0.226,NA
284,65,checksum,ifs,FALSE,20,elitize_generation_data,283,2,0.19,NA
285,65,checksum,ifs,FALSE,20,elitize_generation_data,284,2,0.197,NA
286,65,checksum,ifs,FALSE,20,elitize_generation_data,285,2,0.204,NA
287,65,checksum,ifs,FALSE,20,elitize_generation_data,286,2,0.203,NA
288,65,checksum,ifs,FALSE,20,elitize_generation_data,287,3,0.19,NA
289,65,checksum,ifs,FALSE,20,elitize_generation_data,288,2,0.2,NA
290,65,checksum,ifs,FALSE,20,elitize_generation_data,289,2,0.193,NA
291,65,checksum,ifs,FALSE,20,elitize_generation_data,290,2,0.195,NA
292,65,checksum,ifs,FALSE,20,elitize_generation_data,291,3,0.186,NA
293,65,checksum,ifs,FALSE,20,elitize_generation_data,292,2,0.208,NA
294,65,checksum,ifs,FALSE,20,elitize_generation_data,293,2,0.193,NA
295,65,checksum,ifs,FALSE,20,elitize_generation_data,294,2,0.185,NA
296,65,checksum,ifs,FALSE,20,elitize_generation_data,295,3,0.196,NA
297,65,checksum,ifs,FALSE,20,elitize_generation_data,296,2,0.192,NA
298,65,checksum,ifs,FALSE,20,elitize_generation_data,297,2,0.181,NA
299,65,checksum,ifs,FALSE,20,elitize_generation_data,298,2,0.184,NA
300,65,checksum,ifs,FALSE,20,elitize_generation_data,299,2,0.183,NA
301,65,checksum,ifs,FALSE,20,elitize_generation_data,300,3,0.196,NA
