,run.num,problem,treatment,succeeded,height,normalization.function,generation,cluster.count,error.diversity,success.generation
1,41,checksum,ifs,FALSE,20,elitize_generation_data,0,2,0.305,NA
2,41,checksum,ifs,FALSE,20,elitize_generation_data,1,2,0.275,NA
3,41,checksum,ifs,FALSE,20,elitize_generation_data,2,2,0.197,NA
4,41,checksum,ifs,FALSE,20,elitize_generation_data,3,4,0.29,NA
5,41,checksum,ifs,FALSE,20,elitize_generation_data,4,3,0.353,NA
6,41,checksum,ifs,FALSE,20,elitize_generation_data,5,3,0.254,NA
7,41,checksum,ifs,FALSE,20,elitize_generation_data,6,6,0.162,NA
8,41,checksum,ifs,FALSE,20,elitize_generation_data,7,5,0.085,NA
9,41,checksum,ifs,FALSE,20,elitize_generation_data,8,4,0.058,NA
10,41,checksum,ifs,FALSE,20,elitize_generation_data,9,5,0.048,NA
11,41,checksum,ifs,FALSE,20,elitize_generation_data,10,6,0.052,NA
12,41,checksum,ifs,FALSE,20,elitize_generation_data,11,7,0.063,NA
13,41,checksum,ifs,FALSE,20,elitize_generation_data,12,6,0.048,NA
14,41,checksum,ifs,FALSE,20,elitize_generation_data,13,6,0.048,NA
15,41,checksum,ifs,FALSE,20,elitize_generation_data,14,6,0.059,NA
16,41,checksum,ifs,FALSE,20,elitize_generation_data,15,4,0.056,NA
17,41,checksum,ifs,FALSE,20,elitize_generation_data,16,6,0.063,NA
18,41,checksum,ifs,FALSE,20,elitize_generation_data,17,5,0.062,NA
19,41,checksum,ifs,FALSE,20,elitize_generation_data,18,6,0.045,NA
20,41,checksum,ifs,FALSE,20,elitize_generation_data,19,4,0.048,NA
21,41,checksum,ifs,FALSE,20,elitize_generation_data,20,5,0.039,NA
22,41,checksum,ifs,FALSE,20,elitize_generation_data,21,7,0.047,NA
23,41,checksum,ifs,FALSE,20,elitize_generation_data,22,5,0.047,NA
24,41,checksum,ifs,FALSE,20,elitize_generation_data,23,4,0.043,NA
25,41,checksum,ifs,FALSE,20,elitize_generation_data,24,6,0.053,NA
26,41,checksum,ifs,FALSE,20,elitize_generation_data,25,4,0.047,NA
27,41,checksum,ifs,FALSE,20,elitize_generation_data,26,6,0.041,NA
28,41,checksum,ifs,FALSE,20,elitize_generation_data,27,6,0.048,NA
29,41,checksum,ifs,FALSE,20,elitize_generation_data,28,5,0.04,NA
30,41,checksum,ifs,FALSE,20,elitize_generation_data,29,4,0.044,NA
31,41,checksum,ifs,FALSE,20,elitize_generation_data,30,6,0.048,NA
32,41,checksum,ifs,FALSE,20,elitize_generation_data,31,4,0.038,NA
33,41,checksum,ifs,FALSE,20,elitize_generation_data,32,6,0.041,NA
34,41,checksum,ifs,FALSE,20,elitize_generation_data,33,4,0.052,NA
35,41,checksum,ifs,FALSE,20,elitize_generation_data,34,5,0.054,NA
36,41,checksum,ifs,FALSE,20,elitize_generation_data,35,5,0.046,NA
37,41,checksum,ifs,FALSE,20,elitize_generation_data,36,4,0.052,NA
38,41,checksum,ifs,FALSE,20,elitize_generation_data,37,5,0.036,NA
39,41,checksum,ifs,FALSE,20,elitize_generation_data,38,7,0.045,NA
40,41,checksum,ifs,FALSE,20,elitize_generation_data,39,4,0.044,NA
41,41,checksum,ifs,FALSE,20,elitize_generation_data,40,6,0.039,NA
42,41,checksum,ifs,FALSE,20,elitize_generation_data,41,7,0.044,NA
43,41,checksum,ifs,FALSE,20,elitize_generation_data,42,5,0.051,NA
44,41,checksum,ifs,FALSE,20,elitize_generation_data,43,5,0.041,NA
45,41,checksum,ifs,FALSE,20,elitize_generation_data,44,6,0.033,NA
46,41,checksum,ifs,FALSE,20,elitize_generation_data,45,4,0.041,NA
47,41,checksum,ifs,FALSE,20,elitize_generation_data,46,4,0.052,NA
48,41,checksum,ifs,FALSE,20,elitize_generation_data,47,7,0.051,NA
49,41,checksum,ifs,FALSE,20,elitize_generation_data,48,6,0.045,NA
50,41,checksum,ifs,FALSE,20,elitize_generation_data,49,5,0.038,NA
51,41,checksum,ifs,FALSE,20,elitize_generation_data,50,6,0.037,NA
52,41,checksum,ifs,FALSE,20,elitize_generation_data,51,7,0.049,NA
53,41,checksum,ifs,FALSE,20,elitize_generation_data,52,6,0.038,NA
54,41,checksum,ifs,FALSE,20,elitize_generation_data,53,4,0.046,NA
55,41,checksum,ifs,FALSE,20,elitize_generation_data,54,4,0.047,NA
56,41,checksum,ifs,FALSE,20,elitize_generation_data,55,7,0.041,NA
57,41,checksum,ifs,FALSE,20,elitize_generation_data,56,7,0.044,NA
58,41,checksum,ifs,FALSE,20,elitize_generation_data,57,5,0.037,NA
59,41,checksum,ifs,FALSE,20,elitize_generation_data,58,7,0.038,NA
60,41,checksum,ifs,FALSE,20,elitize_generation_data,59,6,0.041,NA
61,41,checksum,ifs,FALSE,20,elitize_generation_data,60,6,0.039,NA
62,41,checksum,ifs,FALSE,20,elitize_generation_data,61,6,0.037,NA
63,41,checksum,ifs,FALSE,20,elitize_generation_data,62,5,0.05,NA
64,41,checksum,ifs,FALSE,20,elitize_generation_data,63,7,0.044,NA
65,41,checksum,ifs,FALSE,20,elitize_generation_data,64,6,0.051,NA
66,41,checksum,ifs,FALSE,20,elitize_generation_data,65,5,0.046,NA
67,41,checksum,ifs,FALSE,20,elitize_generation_data,66,5,0.048,NA
68,41,checksum,ifs,FALSE,20,elitize_generation_data,67,7,0.045,NA
69,41,checksum,ifs,FALSE,20,elitize_generation_data,68,6,0.047,NA
70,41,checksum,ifs,FALSE,20,elitize_generation_data,69,6,0.049,NA
71,41,checksum,ifs,FALSE,20,elitize_generation_data,70,6,0.038,NA
72,41,checksum,ifs,FALSE,20,elitize_generation_data,71,6,0.053,NA
73,41,checksum,ifs,FALSE,20,elitize_generation_data,72,5,0.052,NA
74,41,checksum,ifs,FALSE,20,elitize_generation_data,73,7,0.05,NA
75,41,checksum,ifs,FALSE,20,elitize_generation_data,74,6,0.042,NA
76,41,checksum,ifs,FALSE,20,elitize_generation_data,75,5,0.046,NA
77,41,checksum,ifs,FALSE,20,elitize_generation_data,76,8,0.046,NA
78,41,checksum,ifs,FALSE,20,elitize_generation_data,77,4,0.051,NA
79,41,checksum,ifs,FALSE,20,elitize_generation_data,78,7,0.044,NA
80,41,checksum,ifs,FALSE,20,elitize_generation_data,79,7,0.044,NA
81,41,checksum,ifs,FALSE,20,elitize_generation_data,80,5,0.05,NA
82,41,checksum,ifs,FALSE,20,elitize_generation_data,81,6,0.049,NA
83,41,checksum,ifs,FALSE,20,elitize_generation_data,82,5,0.051,NA
84,41,checksum,ifs,FALSE,20,elitize_generation_data,83,7,0.042,NA
85,41,checksum,ifs,FALSE,20,elitize_generation_data,84,5,0.037,NA
86,41,checksum,ifs,FALSE,20,elitize_generation_data,85,5,0.051,NA
87,41,checksum,ifs,FALSE,20,elitize_generation_data,86,4,0.049,NA
88,41,checksum,ifs,FALSE,20,elitize_generation_data,87,6,0.055,NA
89,41,checksum,ifs,FALSE,20,elitize_generation_data,88,6,0.042,NA
90,41,checksum,ifs,FALSE,20,elitize_generation_data,89,6,0.05,NA
91,41,checksum,ifs,FALSE,20,elitize_generation_data,90,6,0.044,NA
92,41,checksum,ifs,FALSE,20,elitize_generation_data,91,7,0.048,NA
93,41,checksum,ifs,FALSE,20,elitize_generation_data,92,6,0.054,NA
94,41,checksum,ifs,FALSE,20,elitize_generation_data,93,4,0.047,NA
95,41,checksum,ifs,FALSE,20,elitize_generation_data,94,5,0.047,NA
96,41,checksum,ifs,FALSE,20,elitize_generation_data,95,5,0.053,NA
97,41,checksum,ifs,FALSE,20,elitize_generation_data,96,6,0.045,NA
98,41,checksum,ifs,FALSE,20,elitize_generation_data,97,6,0.043,NA
99,41,checksum,ifs,FALSE,20,elitize_generation_data,98,8,0.052,NA
100,41,checksum,ifs,FALSE,20,elitize_generation_data,99,4,0.05,NA
101,41,checksum,ifs,FALSE,20,elitize_generation_data,100,5,0.04,NA
102,41,checksum,ifs,FALSE,20,elitize_generation_data,101,6,0.05,NA
103,41,checksum,ifs,FALSE,20,elitize_generation_data,102,5,0.044,NA
104,41,checksum,ifs,FALSE,20,elitize_generation_data,103,4,0.043,NA
105,41,checksum,ifs,FALSE,20,elitize_generation_data,104,4,0.046,NA
106,41,checksum,ifs,FALSE,20,elitize_generation_data,105,4,0.049,NA
107,41,checksum,ifs,FALSE,20,elitize_generation_data,106,7,0.056,NA
108,41,checksum,ifs,FALSE,20,elitize_generation_data,107,5,0.043,NA
109,41,checksum,ifs,FALSE,20,elitize_generation_data,108,5,0.048,NA
110,41,checksum,ifs,FALSE,20,elitize_generation_data,109,7,0.045,NA
111,41,checksum,ifs,FALSE,20,elitize_generation_data,110,8,0.05,NA
112,41,checksum,ifs,FALSE,20,elitize_generation_data,111,4,0.042,NA
113,41,checksum,ifs,FALSE,20,elitize_generation_data,112,5,0.05,NA
114,41,checksum,ifs,FALSE,20,elitize_generation_data,113,6,0.04,NA
115,41,checksum,ifs,FALSE,20,elitize_generation_data,114,4,0.044,NA
116,41,checksum,ifs,FALSE,20,elitize_generation_data,115,7,0.049,NA
117,41,checksum,ifs,FALSE,20,elitize_generation_data,116,6,0.044,NA
118,41,checksum,ifs,FALSE,20,elitize_generation_data,117,5,0.046,NA
119,41,checksum,ifs,FALSE,20,elitize_generation_data,118,4,0.049,NA
120,41,checksum,ifs,FALSE,20,elitize_generation_data,119,6,0.044,NA
121,41,checksum,ifs,FALSE,20,elitize_generation_data,120,8,0.045,NA
122,41,checksum,ifs,FALSE,20,elitize_generation_data,121,6,0.045,NA
123,41,checksum,ifs,FALSE,20,elitize_generation_data,122,5,0.046,NA
124,41,checksum,ifs,FALSE,20,elitize_generation_data,123,7,0.049,NA
125,41,checksum,ifs,FALSE,20,elitize_generation_data,124,4,0.056,NA
126,41,checksum,ifs,FALSE,20,elitize_generation_data,125,6,0.04,NA
127,41,checksum,ifs,FALSE,20,elitize_generation_data,126,6,0.036,NA
128,41,checksum,ifs,FALSE,20,elitize_generation_data,127,6,0.046,NA
129,41,checksum,ifs,FALSE,20,elitize_generation_data,128,5,0.043,NA
130,41,checksum,ifs,FALSE,20,elitize_generation_data,129,7,0.038,NA
131,41,checksum,ifs,FALSE,20,elitize_generation_data,130,7,0.041,NA
132,41,checksum,ifs,FALSE,20,elitize_generation_data,131,4,0.038,NA
133,41,checksum,ifs,FALSE,20,elitize_generation_data,132,4,0.037,NA
134,41,checksum,ifs,FALSE,20,elitize_generation_data,133,5,0.042,NA
135,41,checksum,ifs,FALSE,20,elitize_generation_data,134,4,0.042,NA
136,41,checksum,ifs,FALSE,20,elitize_generation_data,135,7,0.046,NA
137,41,checksum,ifs,FALSE,20,elitize_generation_data,136,7,0.041,NA
138,41,checksum,ifs,FALSE,20,elitize_generation_data,137,7,0.051,NA
139,41,checksum,ifs,FALSE,20,elitize_generation_data,138,9,0.047,NA
140,41,checksum,ifs,FALSE,20,elitize_generation_data,139,7,0.039,NA
141,41,checksum,ifs,FALSE,20,elitize_generation_data,140,6,0.036,NA
142,41,checksum,ifs,FALSE,20,elitize_generation_data,141,7,0.045,NA
143,41,checksum,ifs,FALSE,20,elitize_generation_data,142,4,0.05,NA
144,41,checksum,ifs,FALSE,20,elitize_generation_data,143,7,0.042,NA
145,41,checksum,ifs,FALSE,20,elitize_generation_data,144,3,0.05,NA
146,41,checksum,ifs,FALSE,20,elitize_generation_data,145,5,0.048,NA
147,41,checksum,ifs,FALSE,20,elitize_generation_data,146,5,0.05,NA
148,41,checksum,ifs,FALSE,20,elitize_generation_data,147,7,0.039,NA
149,41,checksum,ifs,FALSE,20,elitize_generation_data,148,4,0.039,NA
150,41,checksum,ifs,FALSE,20,elitize_generation_data,149,4,0.044,NA
151,41,checksum,ifs,FALSE,20,elitize_generation_data,150,5,0.041,NA
152,41,checksum,ifs,FALSE,20,elitize_generation_data,151,6,0.044,NA
153,41,checksum,ifs,FALSE,20,elitize_generation_data,152,4,0.04,NA
154,41,checksum,ifs,FALSE,20,elitize_generation_data,153,6,0.042,NA
155,41,checksum,ifs,FALSE,20,elitize_generation_data,154,6,0.034,NA
156,41,checksum,ifs,FALSE,20,elitize_generation_data,155,4,0.039,NA
157,41,checksum,ifs,FALSE,20,elitize_generation_data,156,7,0.042,NA
158,41,checksum,ifs,FALSE,20,elitize_generation_data,157,5,0.045,NA
159,41,checksum,ifs,FALSE,20,elitize_generation_data,158,5,0.043,NA
160,41,checksum,ifs,FALSE,20,elitize_generation_data,159,6,0.051,NA
161,41,checksum,ifs,FALSE,20,elitize_generation_data,160,4,0.042,NA
162,41,checksum,ifs,FALSE,20,elitize_generation_data,161,7,0.045,NA
163,41,checksum,ifs,FALSE,20,elitize_generation_data,162,6,0.041,NA
164,41,checksum,ifs,FALSE,20,elitize_generation_data,163,6,0.043,NA
165,41,checksum,ifs,FALSE,20,elitize_generation_data,164,6,0.04,NA
166,41,checksum,ifs,FALSE,20,elitize_generation_data,165,7,0.045,NA
167,41,checksum,ifs,FALSE,20,elitize_generation_data,166,5,0.043,NA
168,41,checksum,ifs,FALSE,20,elitize_generation_data,167,6,0.037,NA
169,41,checksum,ifs,FALSE,20,elitize_generation_data,168,7,0.044,NA
170,41,checksum,ifs,FALSE,20,elitize_generation_data,169,5,0.043,NA
171,41,checksum,ifs,FALSE,20,elitize_generation_data,170,6,0.042,NA
172,41,checksum,ifs,FALSE,20,elitize_generation_data,171,7,0.044,NA
173,41,checksum,ifs,FALSE,20,elitize_generation_data,172,4,0.029,NA
174,41,checksum,ifs,FALSE,20,elitize_generation_data,173,7,0.044,NA
175,41,checksum,ifs,FALSE,20,elitize_generation_data,174,6,0.042,NA
176,41,checksum,ifs,FALSE,20,elitize_generation_data,175,6,0.039,NA
177,41,checksum,ifs,FALSE,20,elitize_generation_data,176,4,0.032,NA
178,41,checksum,ifs,FALSE,20,elitize_generation_data,177,4,0.042,NA
179,41,checksum,ifs,FALSE,20,elitize_generation_data,178,4,0.037,NA
180,41,checksum,ifs,FALSE,20,elitize_generation_data,179,4,0.044,NA
181,41,checksum,ifs,FALSE,20,elitize_generation_data,180,4,0.038,NA
182,41,checksum,ifs,FALSE,20,elitize_generation_data,181,6,0.04,NA
183,41,checksum,ifs,FALSE,20,elitize_generation_data,182,4,0.036,NA
184,41,checksum,ifs,FALSE,20,elitize_generation_data,183,4,0.04,NA
185,41,checksum,ifs,FALSE,20,elitize_generation_data,184,5,0.027,NA
186,41,checksum,ifs,FALSE,20,elitize_generation_data,185,4,0.042,NA
187,41,checksum,ifs,FALSE,20,elitize_generation_data,186,5,0.041,NA
188,41,checksum,ifs,FALSE,20,elitize_generation_data,187,4,0.035,NA
189,41,checksum,ifs,FALSE,20,elitize_generation_data,188,6,0.042,NA
190,41,checksum,ifs,FALSE,20,elitize_generation_data,189,7,0.047,NA
191,41,checksum,ifs,FALSE,20,elitize_generation_data,190,8,0.041,NA
192,41,checksum,ifs,FALSE,20,elitize_generation_data,191,6,0.033,NA
193,41,checksum,ifs,FALSE,20,elitize_generation_data,192,7,0.038,NA
194,41,checksum,ifs,FALSE,20,elitize_generation_data,193,4,0.04,NA
195,41,checksum,ifs,FALSE,20,elitize_generation_data,194,5,0.038,NA
196,41,checksum,ifs,FALSE,20,elitize_generation_data,195,4,0.035,NA
197,41,checksum,ifs,FALSE,20,elitize_generation_data,196,5,0.032,NA
198,41,checksum,ifs,FALSE,20,elitize_generation_data,197,7,0.035,NA
199,41,checksum,ifs,FALSE,20,elitize_generation_data,198,5,0.036,NA
200,41,checksum,ifs,FALSE,20,elitize_generation_data,199,5,0.037,NA
201,41,checksum,ifs,FALSE,20,elitize_generation_data,200,6,0.033,NA
202,41,checksum,ifs,FALSE,20,elitize_generation_data,201,5,0.035,NA
203,41,checksum,ifs,FALSE,20,elitize_generation_data,202,6,0.037,NA
204,41,checksum,ifs,FALSE,20,elitize_generation_data,203,6,0.043,NA
205,41,checksum,ifs,FALSE,20,elitize_generation_data,204,7,0.038,NA
206,41,checksum,ifs,FALSE,20,elitize_generation_data,205,4,0.039,NA
207,41,checksum,ifs,FALSE,20,elitize_generation_data,206,6,0.033,NA
208,41,checksum,ifs,FALSE,20,elitize_generation_data,207,6,0.038,NA
209,41,checksum,ifs,FALSE,20,elitize_generation_data,208,6,0.038,NA
210,41,checksum,ifs,FALSE,20,elitize_generation_data,209,6,0.039,NA
211,41,checksum,ifs,FALSE,20,elitize_generation_data,210,6,0.04,NA
212,41,checksum,ifs,FALSE,20,elitize_generation_data,211,6,0.042,NA
213,41,checksum,ifs,FALSE,20,elitize_generation_data,212,4,0.034,NA
214,41,checksum,ifs,FALSE,20,elitize_generation_data,213,6,0.037,NA
215,41,checksum,ifs,FALSE,20,elitize_generation_data,214,7,0.028,NA
216,41,checksum,ifs,FALSE,20,elitize_generation_data,215,6,0.036,NA
217,41,checksum,ifs,FALSE,20,elitize_generation_data,216,7,0.037,NA
218,41,checksum,ifs,FALSE,20,elitize_generation_data,217,8,0.034,NA
219,41,checksum,ifs,FALSE,20,elitize_generation_data,218,6,0.033,NA
220,41,checksum,ifs,FALSE,20,elitize_generation_data,219,6,0.033,NA
221,41,checksum,ifs,FALSE,20,elitize_generation_data,220,8,0.034,NA
222,41,checksum,ifs,FALSE,20,elitize_generation_data,221,5,0.04,NA
223,41,checksum,ifs,FALSE,20,elitize_generation_data,222,7,0.031,NA
224,41,checksum,ifs,FALSE,20,elitize_generation_data,223,7,0.044,NA
225,41,checksum,ifs,FALSE,20,elitize_generation_data,224,5,0.038,NA
226,41,checksum,ifs,FALSE,20,elitize_generation_data,225,4,0.039,NA
227,41,checksum,ifs,FALSE,20,elitize_generation_data,226,7,0.037,NA
228,41,checksum,ifs,FALSE,20,elitize_generation_data,227,6,0.034,NA
229,41,checksum,ifs,FALSE,20,elitize_generation_data,228,7,0.044,NA
230,41,checksum,ifs,FALSE,20,elitize_generation_data,229,7,0.037,NA
231,41,checksum,ifs,FALSE,20,elitize_generation_data,230,6,0.032,NA
232,41,checksum,ifs,FALSE,20,elitize_generation_data,231,7,0.038,NA
233,41,checksum,ifs,FALSE,20,elitize_generation_data,232,4,0.04,NA
234,41,checksum,ifs,FALSE,20,elitize_generation_data,233,6,0.039,NA
235,41,checksum,ifs,FALSE,20,elitize_generation_data,234,7,0.043,NA
236,41,checksum,ifs,FALSE,20,elitize_generation_data,235,7,0.032,NA
237,41,checksum,ifs,FALSE,20,elitize_generation_data,236,7,0.04,NA
238,41,checksum,ifs,FALSE,20,elitize_generation_data,237,8,0.04,NA
239,41,checksum,ifs,FALSE,20,elitize_generation_data,238,6,0.042,NA
240,41,checksum,ifs,FALSE,20,elitize_generation_data,239,8,0.043,NA
241,41,checksum,ifs,FALSE,20,elitize_generation_data,240,5,0.044,NA
242,41,checksum,ifs,FALSE,20,elitize_generation_data,241,5,0.046,NA
243,41,checksum,ifs,FALSE,20,elitize_generation_data,242,5,0.039,NA
244,41,checksum,ifs,FALSE,20,elitize_generation_data,243,8,0.042,NA
245,41,checksum,ifs,FALSE,20,elitize_generation_data,244,6,0.039,NA
246,41,checksum,ifs,FALSE,20,elitize_generation_data,245,6,0.043,NA
247,41,checksum,ifs,FALSE,20,elitize_generation_data,246,6,0.039,NA
248,41,checksum,ifs,FALSE,20,elitize_generation_data,247,7,0.039,NA
249,41,checksum,ifs,FALSE,20,elitize_generation_data,248,7,0.043,NA
250,41,checksum,ifs,FALSE,20,elitize_generation_data,249,7,0.039,NA
251,41,checksum,ifs,FALSE,20,elitize_generation_data,250,5,0.034,NA
252,41,checksum,ifs,FALSE,20,elitize_generation_data,251,4,0.038,NA
253,41,checksum,ifs,FALSE,20,elitize_generation_data,252,6,0.054,NA
254,41,checksum,ifs,FALSE,20,elitize_generation_data,253,6,0.049,NA
255,41,checksum,ifs,FALSE,20,elitize_generation_data,254,5,0.047,NA
256,41,checksum,ifs,FALSE,20,elitize_generation_data,255,7,0.038,NA
257,41,checksum,ifs,FALSE,20,elitize_generation_data,256,4,0.037,NA
258,41,checksum,ifs,FALSE,20,elitize_generation_data,257,5,0.04,NA
259,41,checksum,ifs,FALSE,20,elitize_generation_data,258,7,0.037,NA
260,41,checksum,ifs,FALSE,20,elitize_generation_data,259,6,0.038,NA
261,41,checksum,ifs,FALSE,20,elitize_generation_data,260,4,0.045,NA
262,41,checksum,ifs,FALSE,20,elitize_generation_data,261,7,0.043,NA
263,41,checksum,ifs,FALSE,20,elitize_generation_data,262,4,0.048,NA
264,41,checksum,ifs,FALSE,20,elitize_generation_data,263,6,0.045,NA
265,41,checksum,ifs,FALSE,20,elitize_generation_data,264,4,0.041,NA
266,41,checksum,ifs,FALSE,20,elitize_generation_data,265,8,0.044,NA
267,41,checksum,ifs,FALSE,20,elitize_generation_data,266,8,0.045,NA
268,41,checksum,ifs,FALSE,20,elitize_generation_data,267,6,0.041,NA
269,41,checksum,ifs,FALSE,20,elitize_generation_data,268,6,0.041,NA
270,41,checksum,ifs,FALSE,20,elitize_generation_data,269,7,0.055,NA
271,41,checksum,ifs,FALSE,20,elitize_generation_data,270,7,0.052,NA
272,41,checksum,ifs,FALSE,20,elitize_generation_data,271,7,0.084,NA
273,41,checksum,ifs,FALSE,20,elitize_generation_data,272,6,0.1,NA
274,41,checksum,ifs,FALSE,20,elitize_generation_data,273,7,0.088,NA
275,41,checksum,ifs,FALSE,20,elitize_generation_data,274,7,0.1,NA
276,41,checksum,ifs,FALSE,20,elitize_generation_data,275,9,0.111,NA
277,41,checksum,ifs,FALSE,20,elitize_generation_data,276,7,0.109,NA
278,41,checksum,ifs,FALSE,20,elitize_generation_data,277,8,0.115,NA
279,41,checksum,ifs,FALSE,20,elitize_generation_data,278,7,0.088,NA
280,41,checksum,ifs,FALSE,20,elitize_generation_data,279,6,0.089,NA
281,41,checksum,ifs,FALSE,20,elitize_generation_data,280,7,0.098,NA
282,41,checksum,ifs,FALSE,20,elitize_generation_data,281,8,0.103,NA
283,41,checksum,ifs,FALSE,20,elitize_generation_data,282,7,0.117,NA
284,41,checksum,ifs,FALSE,20,elitize_generation_data,283,9,0.102,NA
285,41,checksum,ifs,FALSE,20,elitize_generation_data,284,10,0.102,NA
286,41,checksum,ifs,FALSE,20,elitize_generation_data,285,7,0.105,NA
287,41,checksum,ifs,FALSE,20,elitize_generation_data,286,11,0.116,NA
288,41,checksum,ifs,FALSE,20,elitize_generation_data,287,8,0.121,NA
289,41,checksum,ifs,FALSE,20,elitize_generation_data,288,9,0.109,NA
290,41,checksum,ifs,FALSE,20,elitize_generation_data,289,9,0.145,NA
291,41,checksum,ifs,FALSE,20,elitize_generation_data,290,10,0.194,NA
292,41,checksum,ifs,FALSE,20,elitize_generation_data,291,9,0.225,NA
293,41,checksum,ifs,FALSE,20,elitize_generation_data,292,5,0.211,NA
294,41,checksum,ifs,FALSE,20,elitize_generation_data,293,6,0.23,NA
295,41,checksum,ifs,FALSE,20,elitize_generation_data,294,9,0.219,NA
296,41,checksum,ifs,FALSE,20,elitize_generation_data,295,4,0.224,NA
297,41,checksum,ifs,FALSE,20,elitize_generation_data,296,8,0.213,NA
298,41,checksum,ifs,FALSE,20,elitize_generation_data,297,8,0.21,NA
299,41,checksum,ifs,FALSE,20,elitize_generation_data,298,8,0.209,NA
300,41,checksum,ifs,FALSE,20,elitize_generation_data,299,7,0.21,NA
301,41,checksum,ifs,FALSE,20,elitize_generation_data,300,8,0.22,NA
