,run.num,problem,treatment,succeeded,height,normalization.function,generation,cluster.count,error.diversity,success.generation
1,77,count-odds,ifs,FALSE,20,elitize_generation_data,0,6,0.183,NA
2,77,count-odds,ifs,FALSE,20,elitize_generation_data,1,5,0.109,NA
3,77,count-odds,ifs,FALSE,20,elitize_generation_data,2,7,0.071,NA
4,77,count-odds,ifs,FALSE,20,elitize_generation_data,3,7,0.074,NA
5,77,count-odds,ifs,FALSE,20,elitize_generation_data,4,9,0.039,NA
6,77,count-odds,ifs,FALSE,20,elitize_generation_data,5,8,0.034,NA
7,77,count-odds,ifs,FALSE,20,elitize_generation_data,6,8,0.042,NA
8,77,count-odds,ifs,FALSE,20,elitize_generation_data,7,6,0.044,NA
9,77,count-odds,ifs,FALSE,20,elitize_generation_data,8,7,0.042,NA
10,77,count-odds,ifs,FALSE,20,elitize_generation_data,9,9,0.032,NA
11,77,count-odds,ifs,FALSE,20,elitize_generation_data,10,7,0.034,NA
12,77,count-odds,ifs,FALSE,20,elitize_generation_data,11,5,0.04,NA
13,77,count-odds,ifs,FALSE,20,elitize_generation_data,12,7,0.046,NA
14,77,count-odds,ifs,FALSE,20,elitize_generation_data,13,8,0.045,NA
15,77,count-odds,ifs,FALSE,20,elitize_generation_data,14,4,0.054,NA
16,77,count-odds,ifs,FALSE,20,elitize_generation_data,15,5,0.052,NA
17,77,count-odds,ifs,FALSE,20,elitize_generation_data,16,6,0.066,NA
18,77,count-odds,ifs,FALSE,20,elitize_generation_data,17,5,0.062,NA
19,77,count-odds,ifs,FALSE,20,elitize_generation_data,18,6,0.068,NA
20,77,count-odds,ifs,FALSE,20,elitize_generation_data,19,6,0.057,NA
21,77,count-odds,ifs,FALSE,20,elitize_generation_data,20,5,0.064,NA
22,77,count-odds,ifs,FALSE,20,elitize_generation_data,21,4,0.051,NA
23,77,count-odds,ifs,FALSE,20,elitize_generation_data,22,6,0.071,NA
24,77,count-odds,ifs,FALSE,20,elitize_generation_data,23,5,0.073,NA
25,77,count-odds,ifs,FALSE,20,elitize_generation_data,24,6,0.086,NA
26,77,count-odds,ifs,FALSE,20,elitize_generation_data,25,6,0.091,NA
27,77,count-odds,ifs,FALSE,20,elitize_generation_data,26,6,0.11,NA
28,77,count-odds,ifs,FALSE,20,elitize_generation_data,27,7,0.119,NA
29,77,count-odds,ifs,FALSE,20,elitize_generation_data,28,6,0.133,NA
30,77,count-odds,ifs,FALSE,20,elitize_generation_data,29,5,0.148,NA
31,77,count-odds,ifs,FALSE,20,elitize_generation_data,30,7,0.229,NA
32,77,count-odds,ifs,FALSE,20,elitize_generation_data,31,9,0.209,NA
33,77,count-odds,ifs,FALSE,20,elitize_generation_data,32,6,0.247,NA
34,77,count-odds,ifs,FALSE,20,elitize_generation_data,33,8,0.282,NA
35,77,count-odds,ifs,FALSE,20,elitize_generation_data,34,10,0.281,NA
36,77,count-odds,ifs,FALSE,20,elitize_generation_data,35,5,0.298,NA
37,77,count-odds,ifs,FALSE,20,elitize_generation_data,36,8,0.323,NA
38,77,count-odds,ifs,FALSE,20,elitize_generation_data,37,5,0.331,NA
39,77,count-odds,ifs,FALSE,20,elitize_generation_data,38,6,0.331,NA
40,77,count-odds,ifs,FALSE,20,elitize_generation_data,39,5,0.304,NA
41,77,count-odds,ifs,FALSE,20,elitize_generation_data,40,5,0.264,NA
42,77,count-odds,ifs,FALSE,20,elitize_generation_data,41,5,0.274,NA
43,77,count-odds,ifs,FALSE,20,elitize_generation_data,42,5,0.264,NA
44,77,count-odds,ifs,FALSE,20,elitize_generation_data,43,6,0.314,NA
45,77,count-odds,ifs,FALSE,20,elitize_generation_data,44,5,0.308,NA
46,77,count-odds,ifs,FALSE,20,elitize_generation_data,45,5,0.308,NA
47,77,count-odds,ifs,FALSE,20,elitize_generation_data,46,7,0.323,NA
48,77,count-odds,ifs,FALSE,20,elitize_generation_data,47,4,0.317,NA
49,77,count-odds,ifs,FALSE,20,elitize_generation_data,48,5,0.306,NA
50,77,count-odds,ifs,FALSE,20,elitize_generation_data,49,6,0.294,NA
51,77,count-odds,ifs,FALSE,20,elitize_generation_data,50,6,0.307,NA
52,77,count-odds,ifs,FALSE,20,elitize_generation_data,51,5,0.319,NA
53,77,count-odds,ifs,FALSE,20,elitize_generation_data,52,7,0.332,NA
54,77,count-odds,ifs,FALSE,20,elitize_generation_data,53,6,0.326,NA
55,77,count-odds,ifs,FALSE,20,elitize_generation_data,54,5,0.348,NA
56,77,count-odds,ifs,FALSE,20,elitize_generation_data,55,7,0.362,NA
57,77,count-odds,ifs,FALSE,20,elitize_generation_data,56,5,0.369,NA
58,77,count-odds,ifs,FALSE,20,elitize_generation_data,57,7,0.375,NA
59,77,count-odds,ifs,FALSE,20,elitize_generation_data,58,7,0.378,NA
60,77,count-odds,ifs,FALSE,20,elitize_generation_data,59,6,0.39,NA
61,77,count-odds,ifs,FALSE,20,elitize_generation_data,60,7,0.373,NA
62,77,count-odds,ifs,FALSE,20,elitize_generation_data,61,7,0.375,NA
63,77,count-odds,ifs,FALSE,20,elitize_generation_data,62,8,0.369,NA
64,77,count-odds,ifs,FALSE,20,elitize_generation_data,63,7,0.363,NA
65,77,count-odds,ifs,FALSE,20,elitize_generation_data,64,7,0.354,NA
66,77,count-odds,ifs,FALSE,20,elitize_generation_data,65,7,0.308,NA
67,77,count-odds,ifs,FALSE,20,elitize_generation_data,66,7,0.351,NA
68,77,count-odds,ifs,FALSE,20,elitize_generation_data,67,8,0.357,NA
69,77,count-odds,ifs,FALSE,20,elitize_generation_data,68,7,0.357,NA
70,77,count-odds,ifs,FALSE,20,elitize_generation_data,69,7,0.387,NA
71,77,count-odds,ifs,FALSE,20,elitize_generation_data,70,6,0.373,NA
72,77,count-odds,ifs,FALSE,20,elitize_generation_data,71,6,0.331,NA
73,77,count-odds,ifs,FALSE,20,elitize_generation_data,72,9,0.337,NA
74,77,count-odds,ifs,FALSE,20,elitize_generation_data,73,7,0.371,NA
75,77,count-odds,ifs,FALSE,20,elitize_generation_data,74,9,0.376,NA
76,77,count-odds,ifs,FALSE,20,elitize_generation_data,75,7,0.375,NA
77,77,count-odds,ifs,FALSE,20,elitize_generation_data,76,7,0.368,NA
78,77,count-odds,ifs,FALSE,20,elitize_generation_data,77,7,0.365,NA
79,77,count-odds,ifs,FALSE,20,elitize_generation_data,78,6,0.373,NA
80,77,count-odds,ifs,FALSE,20,elitize_generation_data,79,6,0.364,NA
81,77,count-odds,ifs,FALSE,20,elitize_generation_data,80,6,0.382,NA
82,77,count-odds,ifs,FALSE,20,elitize_generation_data,81,6,0.401,NA
83,77,count-odds,ifs,FALSE,20,elitize_generation_data,82,6,0.375,NA
84,77,count-odds,ifs,FALSE,20,elitize_generation_data,83,6,0.397,NA
85,77,count-odds,ifs,FALSE,20,elitize_generation_data,84,6,0.396,NA
86,77,count-odds,ifs,FALSE,20,elitize_generation_data,85,6,0.404,NA
87,77,count-odds,ifs,FALSE,20,elitize_generation_data,86,6,0.391,NA
88,77,count-odds,ifs,FALSE,20,elitize_generation_data,87,5,0.418,NA
89,77,count-odds,ifs,FALSE,20,elitize_generation_data,88,4,0.411,NA
90,77,count-odds,ifs,FALSE,20,elitize_generation_data,89,7,0.454,NA
91,77,count-odds,ifs,FALSE,20,elitize_generation_data,90,7,0.398,NA
92,77,count-odds,ifs,FALSE,20,elitize_generation_data,91,5,0.379,NA
93,77,count-odds,ifs,FALSE,20,elitize_generation_data,92,7,0.412,NA
94,77,count-odds,ifs,FALSE,20,elitize_generation_data,93,6,0.42,NA
95,77,count-odds,ifs,FALSE,20,elitize_generation_data,94,6,0.422,NA
96,77,count-odds,ifs,FALSE,20,elitize_generation_data,95,7,0.42,NA
97,77,count-odds,ifs,FALSE,20,elitize_generation_data,96,5,0.436,NA
98,77,count-odds,ifs,FALSE,20,elitize_generation_data,97,6,0.42,NA
99,77,count-odds,ifs,FALSE,20,elitize_generation_data,98,6,0.452,NA
100,77,count-odds,ifs,FALSE,20,elitize_generation_data,99,5,0.439,NA
101,77,count-odds,ifs,FALSE,20,elitize_generation_data,100,6,0.459,NA
102,77,count-odds,ifs,FALSE,20,elitize_generation_data,101,6,0.455,NA
103,77,count-odds,ifs,FALSE,20,elitize_generation_data,102,6,0.451,NA
104,77,count-odds,ifs,FALSE,20,elitize_generation_data,103,6,0.456,NA
105,77,count-odds,ifs,FALSE,20,elitize_generation_data,104,4,0.446,NA
106,77,count-odds,ifs,FALSE,20,elitize_generation_data,105,7,0.4,NA
107,77,count-odds,ifs,FALSE,20,elitize_generation_data,106,6,0.433,NA
108,77,count-odds,ifs,FALSE,20,elitize_generation_data,107,7,0.447,NA
109,77,count-odds,ifs,FALSE,20,elitize_generation_data,108,7,0.442,NA
110,77,count-odds,ifs,FALSE,20,elitize_generation_data,109,5,0.412,NA
111,77,count-odds,ifs,FALSE,20,elitize_generation_data,110,7,0.468,NA
112,77,count-odds,ifs,FALSE,20,elitize_generation_data,111,6,0.44,NA
113,77,count-odds,ifs,FALSE,20,elitize_generation_data,112,6,0.429,NA
114,77,count-odds,ifs,FALSE,20,elitize_generation_data,113,6,0.417,NA
115,77,count-odds,ifs,FALSE,20,elitize_generation_data,114,5,0.407,NA
116,77,count-odds,ifs,FALSE,20,elitize_generation_data,115,6,0.427,NA
117,77,count-odds,ifs,FALSE,20,elitize_generation_data,116,8,0.391,NA
118,77,count-odds,ifs,FALSE,20,elitize_generation_data,117,6,0.422,NA
119,77,count-odds,ifs,FALSE,20,elitize_generation_data,118,7,0.459,NA
120,77,count-odds,ifs,FALSE,20,elitize_generation_data,119,7,0.415,NA
121,77,count-odds,ifs,FALSE,20,elitize_generation_data,120,6,0.421,NA
122,77,count-odds,ifs,FALSE,20,elitize_generation_data,121,6,0.437,NA
123,77,count-odds,ifs,FALSE,20,elitize_generation_data,122,5,0.42,NA
124,77,count-odds,ifs,FALSE,20,elitize_generation_data,123,7,0.44,NA
125,77,count-odds,ifs,FALSE,20,elitize_generation_data,124,7,0.408,NA
126,77,count-odds,ifs,FALSE,20,elitize_generation_data,125,7,0.431,NA
127,77,count-odds,ifs,FALSE,20,elitize_generation_data,126,6,0.43,NA
128,77,count-odds,ifs,FALSE,20,elitize_generation_data,127,6,0.427,NA
129,77,count-odds,ifs,FALSE,20,elitize_generation_data,128,5,0.42,NA
130,77,count-odds,ifs,FALSE,20,elitize_generation_data,129,6,0.473,NA
131,77,count-odds,ifs,FALSE,20,elitize_generation_data,130,5,0.429,NA
132,77,count-odds,ifs,FALSE,20,elitize_generation_data,131,7,0.449,NA
133,77,count-odds,ifs,FALSE,20,elitize_generation_data,132,6,0.422,NA
134,77,count-odds,ifs,FALSE,20,elitize_generation_data,133,7,0.445,NA
135,77,count-odds,ifs,FALSE,20,elitize_generation_data,134,5,0.448,NA
136,77,count-odds,ifs,FALSE,20,elitize_generation_data,135,7,0.407,NA
137,77,count-odds,ifs,FALSE,20,elitize_generation_data,136,6,0.411,NA
138,77,count-odds,ifs,FALSE,20,elitize_generation_data,137,7,0.433,NA
139,77,count-odds,ifs,FALSE,20,elitize_generation_data,138,6,0.424,NA
140,77,count-odds,ifs,FALSE,20,elitize_generation_data,139,6,0.425,NA
141,77,count-odds,ifs,FALSE,20,elitize_generation_data,140,7,0.437,NA
142,77,count-odds,ifs,FALSE,20,elitize_generation_data,141,6,0.438,NA
143,77,count-odds,ifs,FALSE,20,elitize_generation_data,142,7,0.407,NA
144,77,count-odds,ifs,FALSE,20,elitize_generation_data,143,7,0.385,NA
145,77,count-odds,ifs,FALSE,20,elitize_generation_data,144,7,0.437,NA
146,77,count-odds,ifs,FALSE,20,elitize_generation_data,145,8,0.391,NA
147,77,count-odds,ifs,FALSE,20,elitize_generation_data,146,7,0.422,NA
148,77,count-odds,ifs,FALSE,20,elitize_generation_data,147,7,0.436,NA
149,77,count-odds,ifs,FALSE,20,elitize_generation_data,148,6,0.406,NA
150,77,count-odds,ifs,FALSE,20,elitize_generation_data,149,6,0.413,NA
151,77,count-odds,ifs,FALSE,20,elitize_generation_data,150,6,0.427,NA
152,77,count-odds,ifs,FALSE,20,elitize_generation_data,151,8,0.415,NA
153,77,count-odds,ifs,FALSE,20,elitize_generation_data,152,6,0.435,NA
154,77,count-odds,ifs,FALSE,20,elitize_generation_data,153,6,0.426,NA
155,77,count-odds,ifs,FALSE,20,elitize_generation_data,154,5,0.419,NA
156,77,count-odds,ifs,FALSE,20,elitize_generation_data,155,7,0.422,NA
157,77,count-odds,ifs,FALSE,20,elitize_generation_data,156,6,0.41,NA
158,77,count-odds,ifs,FALSE,20,elitize_generation_data,157,8,0.415,NA
159,77,count-odds,ifs,FALSE,20,elitize_generation_data,158,6,0.415,NA
160,77,count-odds,ifs,FALSE,20,elitize_generation_data,159,6,0.431,NA
161,77,count-odds,ifs,FALSE,20,elitize_generation_data,160,8,0.389,NA
162,77,count-odds,ifs,FALSE,20,elitize_generation_data,161,7,0.406,NA
163,77,count-odds,ifs,FALSE,20,elitize_generation_data,162,6,0.402,NA
164,77,count-odds,ifs,FALSE,20,elitize_generation_data,163,8,0.431,NA
165,77,count-odds,ifs,FALSE,20,elitize_generation_data,164,9,0.415,NA
166,77,count-odds,ifs,FALSE,20,elitize_generation_data,165,7,0.382,NA
167,77,count-odds,ifs,FALSE,20,elitize_generation_data,166,7,0.406,NA
168,77,count-odds,ifs,FALSE,20,elitize_generation_data,167,7,0.407,NA
169,77,count-odds,ifs,FALSE,20,elitize_generation_data,168,7,0.431,NA
170,77,count-odds,ifs,FALSE,20,elitize_generation_data,169,8,0.392,NA
171,77,count-odds,ifs,FALSE,20,elitize_generation_data,170,5,0.396,NA
172,77,count-odds,ifs,FALSE,20,elitize_generation_data,171,6,0.438,NA
173,77,count-odds,ifs,FALSE,20,elitize_generation_data,172,7,0.416,NA
174,77,count-odds,ifs,FALSE,20,elitize_generation_data,173,5,0.447,NA
175,77,count-odds,ifs,FALSE,20,elitize_generation_data,174,6,0.403,NA
176,77,count-odds,ifs,FALSE,20,elitize_generation_data,175,6,0.424,NA
177,77,count-odds,ifs,FALSE,20,elitize_generation_data,176,9,0.435,NA
178,77,count-odds,ifs,FALSE,20,elitize_generation_data,177,8,0.41,NA
179,77,count-odds,ifs,FALSE,20,elitize_generation_data,178,7,0.442,NA
180,77,count-odds,ifs,FALSE,20,elitize_generation_data,179,6,0.412,NA
181,77,count-odds,ifs,FALSE,20,elitize_generation_data,180,9,0.401,NA
182,77,count-odds,ifs,FALSE,20,elitize_generation_data,181,7,0.407,NA
183,77,count-odds,ifs,FALSE,20,elitize_generation_data,182,6,0.442,NA
184,77,count-odds,ifs,FALSE,20,elitize_generation_data,183,7,0.456,NA
185,77,count-odds,ifs,FALSE,20,elitize_generation_data,184,6,0.443,NA
186,77,count-odds,ifs,FALSE,20,elitize_generation_data,185,7,0.426,NA
187,77,count-odds,ifs,FALSE,20,elitize_generation_data,186,7,0.478,NA
188,77,count-odds,ifs,FALSE,20,elitize_generation_data,187,7,0.438,NA
189,77,count-odds,ifs,FALSE,20,elitize_generation_data,188,8,0.437,NA
190,77,count-odds,ifs,FALSE,20,elitize_generation_data,189,7,0.472,NA
191,77,count-odds,ifs,FALSE,20,elitize_generation_data,190,6,0.427,NA
192,77,count-odds,ifs,FALSE,20,elitize_generation_data,191,8,0.44,NA
193,77,count-odds,ifs,FALSE,20,elitize_generation_data,192,6,0.456,NA
194,77,count-odds,ifs,FALSE,20,elitize_generation_data,193,6,0.425,NA
195,77,count-odds,ifs,FALSE,20,elitize_generation_data,194,6,0.459,NA
196,77,count-odds,ifs,FALSE,20,elitize_generation_data,195,9,0.454,NA
197,77,count-odds,ifs,FALSE,20,elitize_generation_data,196,5,0.443,NA
198,77,count-odds,ifs,FALSE,20,elitize_generation_data,197,9,0.464,NA
199,77,count-odds,ifs,FALSE,20,elitize_generation_data,198,6,0.476,NA
200,77,count-odds,ifs,FALSE,20,elitize_generation_data,199,8,0.447,NA
201,77,count-odds,ifs,FALSE,20,elitize_generation_data,200,7,0.452,NA
202,77,count-odds,ifs,FALSE,20,elitize_generation_data,201,6,0.432,NA
203,77,count-odds,ifs,FALSE,20,elitize_generation_data,202,6,0.446,NA
204,77,count-odds,ifs,FALSE,20,elitize_generation_data,203,8,0.441,NA
205,77,count-odds,ifs,FALSE,20,elitize_generation_data,204,6,0.436,NA
206,77,count-odds,ifs,FALSE,20,elitize_generation_data,205,7,0.445,NA
207,77,count-odds,ifs,FALSE,20,elitize_generation_data,206,7,0.46,NA
208,77,count-odds,ifs,FALSE,20,elitize_generation_data,207,9,0.424,NA
209,77,count-odds,ifs,FALSE,20,elitize_generation_data,208,7,0.436,NA
210,77,count-odds,ifs,FALSE,20,elitize_generation_data,209,5,0.444,NA
211,77,count-odds,ifs,FALSE,20,elitize_generation_data,210,8,0.434,NA
212,77,count-odds,ifs,FALSE,20,elitize_generation_data,211,7,0.441,NA
213,77,count-odds,ifs,FALSE,20,elitize_generation_data,212,7,0.434,NA
214,77,count-odds,ifs,FALSE,20,elitize_generation_data,213,7,0.421,NA
215,77,count-odds,ifs,FALSE,20,elitize_generation_data,214,6,0.435,NA
216,77,count-odds,ifs,FALSE,20,elitize_generation_data,215,8,0.456,NA
217,77,count-odds,ifs,FALSE,20,elitize_generation_data,216,7,0.44,NA
218,77,count-odds,ifs,FALSE,20,elitize_generation_data,217,6,0.45,NA
219,77,count-odds,ifs,FALSE,20,elitize_generation_data,218,6,0.426,NA
220,77,count-odds,ifs,FALSE,20,elitize_generation_data,219,7,0.45,NA
221,77,count-odds,ifs,FALSE,20,elitize_generation_data,220,6,0.431,NA
222,77,count-odds,ifs,FALSE,20,elitize_generation_data,221,8,0.46,NA
223,77,count-odds,ifs,FALSE,20,elitize_generation_data,222,6,0.448,NA
224,77,count-odds,ifs,FALSE,20,elitize_generation_data,223,5,0.495,NA
225,77,count-odds,ifs,FALSE,20,elitize_generation_data,224,7,0.456,NA
226,77,count-odds,ifs,FALSE,20,elitize_generation_data,225,8,0.42,NA
227,77,count-odds,ifs,FALSE,20,elitize_generation_data,226,7,0.456,NA
228,77,count-odds,ifs,FALSE,20,elitize_generation_data,227,7,0.458,NA
229,77,count-odds,ifs,FALSE,20,elitize_generation_data,228,7,0.469,NA
230,77,count-odds,ifs,FALSE,20,elitize_generation_data,229,6,0.473,NA
231,77,count-odds,ifs,FALSE,20,elitize_generation_data,230,7,0.452,NA
232,77,count-odds,ifs,FALSE,20,elitize_generation_data,231,8,0.44,NA
233,77,count-odds,ifs,FALSE,20,elitize_generation_data,232,7,0.41,NA
234,77,count-odds,ifs,FALSE,20,elitize_generation_data,233,7,0.46,NA
235,77,count-odds,ifs,FALSE,20,elitize_generation_data,234,6,0.439,NA
236,77,count-odds,ifs,FALSE,20,elitize_generation_data,235,6,0.444,NA
237,77,count-odds,ifs,FALSE,20,elitize_generation_data,236,7,0.455,NA
238,77,count-odds,ifs,FALSE,20,elitize_generation_data,237,8,0.434,NA
239,77,count-odds,ifs,FALSE,20,elitize_generation_data,238,7,0.43,NA
240,77,count-odds,ifs,FALSE,20,elitize_generation_data,239,6,0.458,NA
241,77,count-odds,ifs,FALSE,20,elitize_generation_data,240,8,0.45,NA
242,77,count-odds,ifs,FALSE,20,elitize_generation_data,241,6,0.429,NA
243,77,count-odds,ifs,FALSE,20,elitize_generation_data,242,7,0.429,NA
244,77,count-odds,ifs,FALSE,20,elitize_generation_data,243,8,0.434,NA
245,77,count-odds,ifs,FALSE,20,elitize_generation_data,244,7,0.432,NA
246,77,count-odds,ifs,FALSE,20,elitize_generation_data,245,6,0.463,NA
247,77,count-odds,ifs,FALSE,20,elitize_generation_data,246,6,0.463,NA
248,77,count-odds,ifs,FALSE,20,elitize_generation_data,247,8,0.438,NA
249,77,count-odds,ifs,FALSE,20,elitize_generation_data,248,6,0.487,NA
250,77,count-odds,ifs,FALSE,20,elitize_generation_data,249,7,0.47,NA
251,77,count-odds,ifs,FALSE,20,elitize_generation_data,250,6,0.449,NA
252,77,count-odds,ifs,FALSE,20,elitize_generation_data,251,6,0.449,NA
253,77,count-odds,ifs,FALSE,20,elitize_generation_data,252,6,0.462,NA
254,77,count-odds,ifs,FALSE,20,elitize_generation_data,253,6,0.451,NA
255,77,count-odds,ifs,FALSE,20,elitize_generation_data,254,6,0.428,NA
256,77,count-odds,ifs,FALSE,20,elitize_generation_data,255,6,0.443,NA
257,77,count-odds,ifs,FALSE,20,elitize_generation_data,256,6,0.447,NA
258,77,count-odds,ifs,FALSE,20,elitize_generation_data,257,6,0.42,NA
259,77,count-odds,ifs,FALSE,20,elitize_generation_data,258,6,0.427,NA
260,77,count-odds,ifs,FALSE,20,elitize_generation_data,259,5,0.476,NA
261,77,count-odds,ifs,FALSE,20,elitize_generation_data,260,6,0.448,NA
262,77,count-odds,ifs,FALSE,20,elitize_generation_data,261,7,0.424,NA
263,77,count-odds,ifs,FALSE,20,elitize_generation_data,262,6,0.439,NA
264,77,count-odds,ifs,FALSE,20,elitize_generation_data,263,7,0.45,NA
265,77,count-odds,ifs,FALSE,20,elitize_generation_data,264,6,0.423,NA
266,77,count-odds,ifs,FALSE,20,elitize_generation_data,265,7,0.451,NA
267,77,count-odds,ifs,FALSE,20,elitize_generation_data,266,7,0.437,NA
268,77,count-odds,ifs,FALSE,20,elitize_generation_data,267,7,0.459,NA
269,77,count-odds,ifs,FALSE,20,elitize_generation_data,268,6,0.452,NA
270,77,count-odds,ifs,FALSE,20,elitize_generation_data,269,5,0.453,NA
271,77,count-odds,ifs,FALSE,20,elitize_generation_data,270,8,0.458,NA
272,77,count-odds,ifs,FALSE,20,elitize_generation_data,271,5,0.465,NA
273,77,count-odds,ifs,FALSE,20,elitize_generation_data,272,7,0.455,NA
274,77,count-odds,ifs,FALSE,20,elitize_generation_data,273,7,0.482,NA
275,77,count-odds,ifs,FALSE,20,elitize_generation_data,274,7,0.476,NA
276,77,count-odds,ifs,FALSE,20,elitize_generation_data,275,6,0.458,NA
277,77,count-odds,ifs,FALSE,20,elitize_generation_data,276,7,0.457,NA
278,77,count-odds,ifs,FALSE,20,elitize_generation_data,277,8,0.439,NA
279,77,count-odds,ifs,FALSE,20,elitize_generation_data,278,7,0.441,NA
280,77,count-odds,ifs,FALSE,20,elitize_generation_data,279,7,0.445,NA
281,77,count-odds,ifs,FALSE,20,elitize_generation_data,280,6,0.431,NA
282,77,count-odds,ifs,FALSE,20,elitize_generation_data,281,6,0.461,NA
283,77,count-odds,ifs,FALSE,20,elitize_generation_data,282,6,0.466,NA
284,77,count-odds,ifs,FALSE,20,elitize_generation_data,283,7,0.435,NA
285,77,count-odds,ifs,FALSE,20,elitize_generation_data,284,7,0.433,NA
286,77,count-odds,ifs,FALSE,20,elitize_generation_data,285,6,0.446,NA
287,77,count-odds,ifs,FALSE,20,elitize_generation_data,286,6,0.451,NA
288,77,count-odds,ifs,FALSE,20,elitize_generation_data,287,8,0.435,NA
289,77,count-odds,ifs,FALSE,20,elitize_generation_data,288,7,0.428,NA
290,77,count-odds,ifs,FALSE,20,elitize_generation_data,289,6,0.445,NA
291,77,count-odds,ifs,FALSE,20,elitize_generation_data,290,6,0.431,NA
292,77,count-odds,ifs,FALSE,20,elitize_generation_data,291,6,0.452,NA
293,77,count-odds,ifs,FALSE,20,elitize_generation_data,292,6,0.455,NA
294,77,count-odds,ifs,FALSE,20,elitize_generation_data,293,6,0.444,NA
295,77,count-odds,ifs,FALSE,20,elitize_generation_data,294,7,0.436,NA
296,77,count-odds,ifs,FALSE,20,elitize_generation_data,295,6,0.451,NA
297,77,count-odds,ifs,FALSE,20,elitize_generation_data,296,6,0.46,NA
298,77,count-odds,ifs,FALSE,20,elitize_generation_data,297,5,0.41,NA
299,77,count-odds,ifs,FALSE,20,elitize_generation_data,298,6,0.431,NA
300,77,count-odds,ifs,FALSE,20,elitize_generation_data,299,7,0.453,NA
301,77,count-odds,ifs,FALSE,20,elitize_generation_data,300,6,0.442,NA
