,run.num,problem,treatment,succeeded,height,normalization.function,generation,cluster.count,error.diversity,success.generation
1,32,count-odds,ifs,FALSE,20,elitize_generation_data,0,6,0.192,NA
2,32,count-odds,ifs,FALSE,20,elitize_generation_data,1,6,0.103,NA
3,32,count-odds,ifs,FALSE,20,elitize_generation_data,2,7,0.045,NA
4,32,count-odds,ifs,FALSE,20,elitize_generation_data,3,6,0.039,NA
5,32,count-odds,ifs,FALSE,20,elitize_generation_data,4,7,0.019,NA
6,32,count-odds,ifs,FALSE,20,elitize_generation_data,5,7,0.022,NA
7,32,count-odds,ifs,FALSE,20,elitize_generation_data,6,8,0.032,NA
8,32,count-odds,ifs,FALSE,20,elitize_generation_data,7,11,0.047,NA
9,32,count-odds,ifs,FALSE,20,elitize_generation_data,8,11,0.076,NA
10,32,count-odds,ifs,FALSE,20,elitize_generation_data,9,9,0.076,NA
11,32,count-odds,ifs,FALSE,20,elitize_generation_data,10,9,0.057,NA
12,32,count-odds,ifs,FALSE,20,elitize_generation_data,11,9,0.088,NA
13,32,count-odds,ifs,FALSE,20,elitize_generation_data,12,7,0.051,NA
14,32,count-odds,ifs,FALSE,20,elitize_generation_data,13,6,0.052,NA
15,32,count-odds,ifs,FALSE,20,elitize_generation_data,14,5,0.048,NA
16,32,count-odds,ifs,FALSE,20,elitize_generation_data,15,8,0.044,NA
17,32,count-odds,ifs,FALSE,20,elitize_generation_data,16,7,0.049,NA
18,32,count-odds,ifs,FALSE,20,elitize_generation_data,17,8,0.043,NA
19,32,count-odds,ifs,FALSE,20,elitize_generation_data,18,8,0.042,NA
20,32,count-odds,ifs,FALSE,20,elitize_generation_data,19,7,0.042,NA
21,32,count-odds,ifs,FALSE,20,elitize_generation_data,20,8,0.053,NA
22,32,count-odds,ifs,FALSE,20,elitize_generation_data,21,8,0.052,NA
23,32,count-odds,ifs,FALSE,20,elitize_generation_data,22,9,0.058,NA
24,32,count-odds,ifs,FALSE,20,elitize_generation_data,23,6,0.084,NA
25,32,count-odds,ifs,FALSE,20,elitize_generation_data,24,11,0.092,NA
26,32,count-odds,ifs,FALSE,20,elitize_generation_data,25,6,0.078,NA
27,32,count-odds,ifs,FALSE,20,elitize_generation_data,26,9,0.074,NA
28,32,count-odds,ifs,FALSE,20,elitize_generation_data,27,8,0.081,NA
29,32,count-odds,ifs,FALSE,20,elitize_generation_data,28,7,0.089,NA
30,32,count-odds,ifs,FALSE,20,elitize_generation_data,29,6,0.095,NA
31,32,count-odds,ifs,FALSE,20,elitize_generation_data,30,5,0.118,NA
32,32,count-odds,ifs,FALSE,20,elitize_generation_data,31,7,0.13,NA
33,32,count-odds,ifs,FALSE,20,elitize_generation_data,32,7,0.158,NA
34,32,count-odds,ifs,FALSE,20,elitize_generation_data,33,6,0.181,NA
35,32,count-odds,ifs,FALSE,20,elitize_generation_data,34,5,0.187,NA
36,32,count-odds,ifs,FALSE,20,elitize_generation_data,35,6,0.228,NA
37,32,count-odds,ifs,FALSE,20,elitize_generation_data,36,6,0.229,NA
38,32,count-odds,ifs,FALSE,20,elitize_generation_data,37,7,0.271,NA
39,32,count-odds,ifs,FALSE,20,elitize_generation_data,38,7,0.265,NA
40,32,count-odds,ifs,FALSE,20,elitize_generation_data,39,7,0.268,NA
41,32,count-odds,ifs,FALSE,20,elitize_generation_data,40,7,0.234,NA
42,32,count-odds,ifs,FALSE,20,elitize_generation_data,41,8,0.202,NA
43,32,count-odds,ifs,FALSE,20,elitize_generation_data,42,7,0.26,NA
44,32,count-odds,ifs,FALSE,20,elitize_generation_data,43,10,0.285,NA
45,32,count-odds,ifs,FALSE,20,elitize_generation_data,44,7,0.285,NA
46,32,count-odds,ifs,FALSE,20,elitize_generation_data,45,7,0.253,NA
47,32,count-odds,ifs,FALSE,20,elitize_generation_data,46,9,0.234,NA
48,32,count-odds,ifs,FALSE,20,elitize_generation_data,47,8,0.229,NA
49,32,count-odds,ifs,FALSE,20,elitize_generation_data,48,10,0.245,NA
50,32,count-odds,ifs,FALSE,20,elitize_generation_data,49,10,0.244,NA
51,32,count-odds,ifs,FALSE,20,elitize_generation_data,50,7,0.261,NA
52,32,count-odds,ifs,FALSE,20,elitize_generation_data,51,7,0.276,NA
53,32,count-odds,ifs,FALSE,20,elitize_generation_data,52,8,0.301,NA
54,32,count-odds,ifs,FALSE,20,elitize_generation_data,53,8,0.297,NA
55,32,count-odds,ifs,FALSE,20,elitize_generation_data,54,7,0.273,NA
56,32,count-odds,ifs,FALSE,20,elitize_generation_data,55,10,0.264,NA
57,32,count-odds,ifs,FALSE,20,elitize_generation_data,56,8,0.267,NA
58,32,count-odds,ifs,FALSE,20,elitize_generation_data,57,10,0.249,NA
59,32,count-odds,ifs,FALSE,20,elitize_generation_data,58,10,0.254,NA
60,32,count-odds,ifs,FALSE,20,elitize_generation_data,59,6,0.251,NA
61,32,count-odds,ifs,FALSE,20,elitize_generation_data,60,9,0.248,NA
62,32,count-odds,ifs,FALSE,20,elitize_generation_data,61,7,0.253,NA
63,32,count-odds,ifs,FALSE,20,elitize_generation_data,62,7,0.267,NA
64,32,count-odds,ifs,FALSE,20,elitize_generation_data,63,9,0.272,NA
65,32,count-odds,ifs,FALSE,20,elitize_generation_data,64,8,0.284,NA
66,32,count-odds,ifs,FALSE,20,elitize_generation_data,65,8,0.301,NA
67,32,count-odds,ifs,FALSE,20,elitize_generation_data,66,7,0.332,NA
68,32,count-odds,ifs,FALSE,20,elitize_generation_data,67,9,0.31,NA
69,32,count-odds,ifs,FALSE,20,elitize_generation_data,68,8,0.308,NA
70,32,count-odds,ifs,FALSE,20,elitize_generation_data,69,7,0.293,NA
71,32,count-odds,ifs,FALSE,20,elitize_generation_data,70,8,0.308,NA
72,32,count-odds,ifs,FALSE,20,elitize_generation_data,71,9,0.318,NA
73,32,count-odds,ifs,FALSE,20,elitize_generation_data,72,7,0.33,NA
74,32,count-odds,ifs,FALSE,20,elitize_generation_data,73,7,0.315,NA
75,32,count-odds,ifs,FALSE,20,elitize_generation_data,74,10,0.358,NA
76,32,count-odds,ifs,FALSE,20,elitize_generation_data,75,8,0.381,NA
77,32,count-odds,ifs,FALSE,20,elitize_generation_data,76,10,0.361,NA
78,32,count-odds,ifs,FALSE,20,elitize_generation_data,77,7,0.345,NA
79,32,count-odds,ifs,FALSE,20,elitize_generation_data,78,7,0.304,NA
80,32,count-odds,ifs,FALSE,20,elitize_generation_data,79,8,0.318,NA
81,32,count-odds,ifs,FALSE,20,elitize_generation_data,80,7,0.331,NA
82,32,count-odds,ifs,FALSE,20,elitize_generation_data,81,9,0.32,NA
83,32,count-odds,ifs,FALSE,20,elitize_generation_data,82,9,0.324,NA
84,32,count-odds,ifs,FALSE,20,elitize_generation_data,83,10,0.333,NA
85,32,count-odds,ifs,FALSE,20,elitize_generation_data,84,9,0.297,NA
86,32,count-odds,ifs,FALSE,20,elitize_generation_data,85,8,0.282,NA
87,32,count-odds,ifs,FALSE,20,elitize_generation_data,86,8,0.294,NA
88,32,count-odds,ifs,FALSE,20,elitize_generation_data,87,10,0.3,NA
89,32,count-odds,ifs,FALSE,20,elitize_generation_data,88,9,0.312,NA
90,32,count-odds,ifs,FALSE,20,elitize_generation_data,89,8,0.317,NA
91,32,count-odds,ifs,FALSE,20,elitize_generation_data,90,8,0.34,NA
92,32,count-odds,ifs,FALSE,20,elitize_generation_data,91,9,0.345,NA
93,32,count-odds,ifs,FALSE,20,elitize_generation_data,92,7,0.324,NA
94,32,count-odds,ifs,FALSE,20,elitize_generation_data,93,9,0.329,NA
95,32,count-odds,ifs,FALSE,20,elitize_generation_data,94,8,0.308,NA
96,32,count-odds,ifs,FALSE,20,elitize_generation_data,95,9,0.306,NA
97,32,count-odds,ifs,FALSE,20,elitize_generation_data,96,9,0.29,NA
98,32,count-odds,ifs,FALSE,20,elitize_generation_data,97,9,0.271,NA
99,32,count-odds,ifs,FALSE,20,elitize_generation_data,98,9,0.3,NA
100,32,count-odds,ifs,FALSE,20,elitize_generation_data,99,10,0.274,NA
101,32,count-odds,ifs,FALSE,20,elitize_generation_data,100,9,0.265,NA
102,32,count-odds,ifs,FALSE,20,elitize_generation_data,101,7,0.262,NA
103,32,count-odds,ifs,FALSE,20,elitize_generation_data,102,10,0.283,NA
104,32,count-odds,ifs,FALSE,20,elitize_generation_data,103,9,0.283,NA
105,32,count-odds,ifs,FALSE,20,elitize_generation_data,104,9,0.305,NA
106,32,count-odds,ifs,FALSE,20,elitize_generation_data,105,9,0.344,NA
107,32,count-odds,ifs,FALSE,20,elitize_generation_data,106,8,0.321,NA
108,32,count-odds,ifs,FALSE,20,elitize_generation_data,107,9,0.368,NA
109,32,count-odds,ifs,FALSE,20,elitize_generation_data,108,7,0.376,NA
110,32,count-odds,ifs,FALSE,20,elitize_generation_data,109,9,0.338,NA
111,32,count-odds,ifs,FALSE,20,elitize_generation_data,110,8,0.328,NA
112,32,count-odds,ifs,FALSE,20,elitize_generation_data,111,9,0.358,NA
113,32,count-odds,ifs,FALSE,20,elitize_generation_data,112,8,0.362,NA
114,32,count-odds,ifs,FALSE,20,elitize_generation_data,113,8,0.367,NA
115,32,count-odds,ifs,FALSE,20,elitize_generation_data,114,10,0.364,NA
116,32,count-odds,ifs,FALSE,20,elitize_generation_data,115,7,0.374,NA
117,32,count-odds,ifs,FALSE,20,elitize_generation_data,116,9,0.385,NA
118,32,count-odds,ifs,FALSE,20,elitize_generation_data,117,9,0.421,NA
119,32,count-odds,ifs,FALSE,20,elitize_generation_data,118,9,0.411,NA
120,32,count-odds,ifs,FALSE,20,elitize_generation_data,119,10,0.417,NA
121,32,count-odds,ifs,FALSE,20,elitize_generation_data,120,7,0.422,NA
122,32,count-odds,ifs,FALSE,20,elitize_generation_data,121,11,0.443,NA
123,32,count-odds,ifs,FALSE,20,elitize_generation_data,122,8,0.403,NA
124,32,count-odds,ifs,FALSE,20,elitize_generation_data,123,10,0.394,NA
125,32,count-odds,ifs,FALSE,20,elitize_generation_data,124,10,0.376,NA
126,32,count-odds,ifs,FALSE,20,elitize_generation_data,125,8,0.391,NA
127,32,count-odds,ifs,FALSE,20,elitize_generation_data,126,9,0.408,NA
128,32,count-odds,ifs,FALSE,20,elitize_generation_data,127,7,0.398,NA
129,32,count-odds,ifs,FALSE,20,elitize_generation_data,128,9,0.419,NA
130,32,count-odds,ifs,FALSE,20,elitize_generation_data,129,12,0.425,NA
131,32,count-odds,ifs,FALSE,20,elitize_generation_data,130,9,0.436,NA
132,32,count-odds,ifs,FALSE,20,elitize_generation_data,131,9,0.446,NA
133,32,count-odds,ifs,FALSE,20,elitize_generation_data,132,8,0.443,NA
134,32,count-odds,ifs,FALSE,20,elitize_generation_data,133,10,0.439,NA
135,32,count-odds,ifs,FALSE,20,elitize_generation_data,134,10,0.44,NA
136,32,count-odds,ifs,FALSE,20,elitize_generation_data,135,7,0.441,NA
137,32,count-odds,ifs,FALSE,20,elitize_generation_data,136,9,0.466,NA
138,32,count-odds,ifs,FALSE,20,elitize_generation_data,137,10,0.478,NA
139,32,count-odds,ifs,FALSE,20,elitize_generation_data,138,7,0.461,NA
140,32,count-odds,ifs,FALSE,20,elitize_generation_data,139,9,0.456,NA
141,32,count-odds,ifs,FALSE,20,elitize_generation_data,140,7,0.433,NA
142,32,count-odds,ifs,FALSE,20,elitize_generation_data,141,11,0.446,NA
143,32,count-odds,ifs,FALSE,20,elitize_generation_data,142,8,0.433,NA
144,32,count-odds,ifs,FALSE,20,elitize_generation_data,143,9,0.443,NA
145,32,count-odds,ifs,FALSE,20,elitize_generation_data,144,9,0.43,NA
146,32,count-odds,ifs,FALSE,20,elitize_generation_data,145,8,0.473,NA
147,32,count-odds,ifs,FALSE,20,elitize_generation_data,146,11,0.442,NA
148,32,count-odds,ifs,FALSE,20,elitize_generation_data,147,10,0.436,NA
149,32,count-odds,ifs,FALSE,20,elitize_generation_data,148,8,0.45,NA
150,32,count-odds,ifs,FALSE,20,elitize_generation_data,149,7,0.432,NA
151,32,count-odds,ifs,FALSE,20,elitize_generation_data,150,12,0.436,NA
152,32,count-odds,ifs,FALSE,20,elitize_generation_data,151,10,0.434,NA
153,32,count-odds,ifs,FALSE,20,elitize_generation_data,152,11,0.428,NA
154,32,count-odds,ifs,FALSE,20,elitize_generation_data,153,12,0.446,NA
155,32,count-odds,ifs,FALSE,20,elitize_generation_data,154,12,0.444,NA
156,32,count-odds,ifs,FALSE,20,elitize_generation_data,155,8,0.441,NA
157,32,count-odds,ifs,FALSE,20,elitize_generation_data,156,11,0.447,NA
158,32,count-odds,ifs,FALSE,20,elitize_generation_data,157,9,0.447,NA
159,32,count-odds,ifs,FALSE,20,elitize_generation_data,158,9,0.49,NA
160,32,count-odds,ifs,FALSE,20,elitize_generation_data,159,7,0.494,NA
161,32,count-odds,ifs,FALSE,20,elitize_generation_data,160,11,0.484,NA
162,32,count-odds,ifs,FALSE,20,elitize_generation_data,161,13,0.518,NA
163,32,count-odds,ifs,FALSE,20,elitize_generation_data,162,10,0.48,NA
164,32,count-odds,ifs,FALSE,20,elitize_generation_data,163,10,0.48,NA
165,32,count-odds,ifs,FALSE,20,elitize_generation_data,164,10,0.444,NA
166,32,count-odds,ifs,FALSE,20,elitize_generation_data,165,9,0.47,NA
167,32,count-odds,ifs,FALSE,20,elitize_generation_data,166,11,0.497,NA
168,32,count-odds,ifs,FALSE,20,elitize_generation_data,167,9,0.507,NA
169,32,count-odds,ifs,FALSE,20,elitize_generation_data,168,10,0.486,NA
170,32,count-odds,ifs,FALSE,20,elitize_generation_data,169,10,0.475,NA
171,32,count-odds,ifs,FALSE,20,elitize_generation_data,170,11,0.486,NA
172,32,count-odds,ifs,FALSE,20,elitize_generation_data,171,9,0.508,NA
173,32,count-odds,ifs,FALSE,20,elitize_generation_data,172,13,0.483,NA
174,32,count-odds,ifs,FALSE,20,elitize_generation_data,173,10,0.509,NA
175,32,count-odds,ifs,FALSE,20,elitize_generation_data,174,13,0.488,NA
176,32,count-odds,ifs,FALSE,20,elitize_generation_data,175,6,0.519,NA
177,32,count-odds,ifs,FALSE,20,elitize_generation_data,176,8,0.495,NA
178,32,count-odds,ifs,FALSE,20,elitize_generation_data,177,9,0.506,NA
179,32,count-odds,ifs,FALSE,20,elitize_generation_data,178,10,0.514,NA
180,32,count-odds,ifs,FALSE,20,elitize_generation_data,179,12,0.497,NA
181,32,count-odds,ifs,FALSE,20,elitize_generation_data,180,11,0.531,NA
182,32,count-odds,ifs,FALSE,20,elitize_generation_data,181,12,0.542,NA
183,32,count-odds,ifs,FALSE,20,elitize_generation_data,182,13,0.548,NA
184,32,count-odds,ifs,FALSE,20,elitize_generation_data,183,9,0.511,NA
185,32,count-odds,ifs,FALSE,20,elitize_generation_data,184,9,0.538,NA
186,32,count-odds,ifs,FALSE,20,elitize_generation_data,185,10,0.546,NA
187,32,count-odds,ifs,FALSE,20,elitize_generation_data,186,6,0.538,NA
188,32,count-odds,ifs,FALSE,20,elitize_generation_data,187,11,0.505,NA
189,32,count-odds,ifs,FALSE,20,elitize_generation_data,188,11,0.512,NA
190,32,count-odds,ifs,FALSE,20,elitize_generation_data,189,12,0.51,NA
191,32,count-odds,ifs,FALSE,20,elitize_generation_data,190,9,0.504,NA
192,32,count-odds,ifs,FALSE,20,elitize_generation_data,191,8,0.516,NA
193,32,count-odds,ifs,FALSE,20,elitize_generation_data,192,8,0.5,NA
194,32,count-odds,ifs,FALSE,20,elitize_generation_data,193,11,0.522,NA
195,32,count-odds,ifs,FALSE,20,elitize_generation_data,194,9,0.516,NA
196,32,count-odds,ifs,FALSE,20,elitize_generation_data,195,10,0.552,NA
197,32,count-odds,ifs,FALSE,20,elitize_generation_data,196,10,0.55,NA
198,32,count-odds,ifs,FALSE,20,elitize_generation_data,197,10,0.564,NA
199,32,count-odds,ifs,FALSE,20,elitize_generation_data,198,13,0.534,NA
200,32,count-odds,ifs,FALSE,20,elitize_generation_data,199,11,0.533,NA
201,32,count-odds,ifs,FALSE,20,elitize_generation_data,200,9,0.562,NA
202,32,count-odds,ifs,FALSE,20,elitize_generation_data,201,8,0.554,NA
203,32,count-odds,ifs,FALSE,20,elitize_generation_data,202,8,0.557,NA
204,32,count-odds,ifs,FALSE,20,elitize_generation_data,203,12,0.538,NA
205,32,count-odds,ifs,FALSE,20,elitize_generation_data,204,10,0.562,NA
206,32,count-odds,ifs,FALSE,20,elitize_generation_data,205,9,0.555,NA
207,32,count-odds,ifs,FALSE,20,elitize_generation_data,206,12,0.593,NA
208,32,count-odds,ifs,FALSE,20,elitize_generation_data,207,13,0.546,NA
209,32,count-odds,ifs,FALSE,20,elitize_generation_data,208,13,0.539,NA
210,32,count-odds,ifs,FALSE,20,elitize_generation_data,209,8,0.539,NA
211,32,count-odds,ifs,FALSE,20,elitize_generation_data,210,9,0.52,NA
212,32,count-odds,ifs,FALSE,20,elitize_generation_data,211,9,0.525,NA
213,32,count-odds,ifs,FALSE,20,elitize_generation_data,212,10,0.526,NA
214,32,count-odds,ifs,FALSE,20,elitize_generation_data,213,9,0.535,NA
215,32,count-odds,ifs,FALSE,20,elitize_generation_data,214,13,0.526,NA
216,32,count-odds,ifs,FALSE,20,elitize_generation_data,215,12,0.545,NA
217,32,count-odds,ifs,FALSE,20,elitize_generation_data,216,10,0.542,NA
218,32,count-odds,ifs,FALSE,20,elitize_generation_data,217,11,0.542,NA
219,32,count-odds,ifs,FALSE,20,elitize_generation_data,218,11,0.549,NA
220,32,count-odds,ifs,FALSE,20,elitize_generation_data,219,11,0.548,NA
221,32,count-odds,ifs,FALSE,20,elitize_generation_data,220,13,0.554,NA
222,32,count-odds,ifs,FALSE,20,elitize_generation_data,221,9,0.56,NA
223,32,count-odds,ifs,FALSE,20,elitize_generation_data,222,10,0.521,NA
224,32,count-odds,ifs,FALSE,20,elitize_generation_data,223,13,0.521,NA
225,32,count-odds,ifs,FALSE,20,elitize_generation_data,224,10,0.547,NA
226,32,count-odds,ifs,FALSE,20,elitize_generation_data,225,11,0.553,NA
227,32,count-odds,ifs,FALSE,20,elitize_generation_data,226,11,0.536,NA
228,32,count-odds,ifs,FALSE,20,elitize_generation_data,227,14,0.551,NA
229,32,count-odds,ifs,FALSE,20,elitize_generation_data,228,10,0.512,NA
230,32,count-odds,ifs,FALSE,20,elitize_generation_data,229,11,0.541,NA
231,32,count-odds,ifs,FALSE,20,elitize_generation_data,230,10,0.543,NA
232,32,count-odds,ifs,FALSE,20,elitize_generation_data,231,11,0.544,NA
233,32,count-odds,ifs,FALSE,20,elitize_generation_data,232,8,0.549,NA
234,32,count-odds,ifs,FALSE,20,elitize_generation_data,233,11,0.522,NA
235,32,count-odds,ifs,FALSE,20,elitize_generation_data,234,12,0.557,NA
236,32,count-odds,ifs,FALSE,20,elitize_generation_data,235,11,0.565,NA
237,32,count-odds,ifs,FALSE,20,elitize_generation_data,236,9,0.559,NA
238,32,count-odds,ifs,FALSE,20,elitize_generation_data,237,12,0.571,NA
239,32,count-odds,ifs,FALSE,20,elitize_generation_data,238,12,0.595,NA
240,32,count-odds,ifs,FALSE,20,elitize_generation_data,239,11,0.588,NA
241,32,count-odds,ifs,FALSE,20,elitize_generation_data,240,11,0.574,NA
242,32,count-odds,ifs,FALSE,20,elitize_generation_data,241,12,0.578,NA
243,32,count-odds,ifs,FALSE,20,elitize_generation_data,242,10,0.598,NA
244,32,count-odds,ifs,FALSE,20,elitize_generation_data,243,11,0.569,NA
245,32,count-odds,ifs,FALSE,20,elitize_generation_data,244,12,0.604,NA
246,32,count-odds,ifs,FALSE,20,elitize_generation_data,245,7,0.579,NA
247,32,count-odds,ifs,FALSE,20,elitize_generation_data,246,11,0.587,NA
248,32,count-odds,ifs,FALSE,20,elitize_generation_data,247,13,0.599,NA
249,32,count-odds,ifs,FALSE,20,elitize_generation_data,248,9,0.622,NA
250,32,count-odds,ifs,FALSE,20,elitize_generation_data,249,12,0.646,NA
251,32,count-odds,ifs,FALSE,20,elitize_generation_data,250,12,0.634,NA
252,32,count-odds,ifs,FALSE,20,elitize_generation_data,251,12,0.626,NA
253,32,count-odds,ifs,FALSE,20,elitize_generation_data,252,10,0.634,NA
254,32,count-odds,ifs,FALSE,20,elitize_generation_data,253,10,0.633,NA
255,32,count-odds,ifs,FALSE,20,elitize_generation_data,254,13,0.619,NA
256,32,count-odds,ifs,FALSE,20,elitize_generation_data,255,8,0.635,NA
257,32,count-odds,ifs,FALSE,20,elitize_generation_data,256,9,0.613,NA
258,32,count-odds,ifs,FALSE,20,elitize_generation_data,257,9,0.62,NA
259,32,count-odds,ifs,FALSE,20,elitize_generation_data,258,14,0.624,NA
260,32,count-odds,ifs,FALSE,20,elitize_generation_data,259,11,0.609,NA
261,32,count-odds,ifs,FALSE,20,elitize_generation_data,260,10,0.614,NA
262,32,count-odds,ifs,FALSE,20,elitize_generation_data,261,11,0.601,NA
263,32,count-odds,ifs,FALSE,20,elitize_generation_data,262,12,0.615,NA
264,32,count-odds,ifs,FALSE,20,elitize_generation_data,263,14,0.613,NA
265,32,count-odds,ifs,FALSE,20,elitize_generation_data,264,12,0.655,NA
266,32,count-odds,ifs,FALSE,20,elitize_generation_data,265,11,0.62,NA
267,32,count-odds,ifs,FALSE,20,elitize_generation_data,266,12,0.645,NA
268,32,count-odds,ifs,FALSE,20,elitize_generation_data,267,10,0.661,NA
269,32,count-odds,ifs,FALSE,20,elitize_generation_data,268,14,0.643,NA
270,32,count-odds,ifs,FALSE,20,elitize_generation_data,269,9,0.635,NA
271,32,count-odds,ifs,FALSE,20,elitize_generation_data,270,12,0.607,NA
272,32,count-odds,ifs,FALSE,20,elitize_generation_data,271,12,0.619,NA
273,32,count-odds,ifs,FALSE,20,elitize_generation_data,272,12,0.654,NA
274,32,count-odds,ifs,FALSE,20,elitize_generation_data,273,11,0.612,NA
275,32,count-odds,ifs,FALSE,20,elitize_generation_data,274,11,0.661,NA
276,32,count-odds,ifs,FALSE,20,elitize_generation_data,275,10,0.66,NA
277,32,count-odds,ifs,FALSE,20,elitize_generation_data,276,12,0.688,NA
278,32,count-odds,ifs,FALSE,20,elitize_generation_data,277,12,0.677,NA
279,32,count-odds,ifs,FALSE,20,elitize_generation_data,278,16,0.681,NA
280,32,count-odds,ifs,FALSE,20,elitize_generation_data,279,12,0.658,NA
281,32,count-odds,ifs,FALSE,20,elitize_generation_data,280,14,0.661,NA
282,32,count-odds,ifs,FALSE,20,elitize_generation_data,281,13,0.682,NA
283,32,count-odds,ifs,FALSE,20,elitize_generation_data,282,12,0.702,NA
284,32,count-odds,ifs,FALSE,20,elitize_generation_data,283,12,0.71,NA
285,32,count-odds,ifs,FALSE,20,elitize_generation_data,284,17,0.707,NA
286,32,count-odds,ifs,FALSE,20,elitize_generation_data,285,13,0.694,NA
287,32,count-odds,ifs,FALSE,20,elitize_generation_data,286,13,0.726,NA
288,32,count-odds,ifs,FALSE,20,elitize_generation_data,287,20,0.733,NA
289,32,count-odds,ifs,FALSE,20,elitize_generation_data,288,13,0.7,NA
290,32,count-odds,ifs,FALSE,20,elitize_generation_data,289,17,0.737,NA
291,32,count-odds,ifs,FALSE,20,elitize_generation_data,290,13,0.731,NA
292,32,count-odds,ifs,FALSE,20,elitize_generation_data,291,14,0.735,NA
293,32,count-odds,ifs,FALSE,20,elitize_generation_data,292,14,0.75,NA
294,32,count-odds,ifs,FALSE,20,elitize_generation_data,293,10,0.737,NA
295,32,count-odds,ifs,FALSE,20,elitize_generation_data,294,9,0.733,NA
296,32,count-odds,ifs,FALSE,20,elitize_generation_data,295,13,0.757,NA
297,32,count-odds,ifs,FALSE,20,elitize_generation_data,296,15,0.741,NA
298,32,count-odds,ifs,FALSE,20,elitize_generation_data,297,15,0.746,NA
299,32,count-odds,ifs,FALSE,20,elitize_generation_data,298,10,0.745,NA
300,32,count-odds,ifs,FALSE,20,elitize_generation_data,299,9,0.763,NA
301,32,count-odds,ifs,FALSE,20,elitize_generation_data,300,11,0.762,NA
