,run.num,problem,treatment,succeeded,height,normalization.function,generation,cluster.count,error.diversity,success.generation
1,22,count-odds,ifs,FALSE,20,elitize_generation_data,0,7,0.18,NA
2,22,count-odds,ifs,FALSE,20,elitize_generation_data,1,8,0.097,NA
3,22,count-odds,ifs,FALSE,20,elitize_generation_data,2,6,0.048,NA
4,22,count-odds,ifs,FALSE,20,elitize_generation_data,3,4,0.04,NA
5,22,count-odds,ifs,FALSE,20,elitize_generation_data,4,5,0.049,NA
6,22,count-odds,ifs,FALSE,20,elitize_generation_data,5,6,0.079,NA
7,22,count-odds,ifs,FALSE,20,elitize_generation_data,6,8,0.105,NA
8,22,count-odds,ifs,FALSE,20,elitize_generation_data,7,9,0.171,NA
9,22,count-odds,ifs,FALSE,20,elitize_generation_data,8,6,0.217,NA
10,22,count-odds,ifs,FALSE,20,elitize_generation_data,9,10,0.255,NA
11,22,count-odds,ifs,FALSE,20,elitize_generation_data,10,9,0.28,NA
12,22,count-odds,ifs,FALSE,20,elitize_generation_data,11,9,0.286,NA
13,22,count-odds,ifs,FALSE,20,elitize_generation_data,12,10,0.251,NA
14,22,count-odds,ifs,FALSE,20,elitize_generation_data,13,11,0.26,NA
15,22,count-odds,ifs,FALSE,20,elitize_generation_data,14,11,0.291,NA
16,22,count-odds,ifs,FALSE,20,elitize_generation_data,15,10,0.289,NA
17,22,count-odds,ifs,FALSE,20,elitize_generation_data,16,7,0.309,NA
18,22,count-odds,ifs,FALSE,20,elitize_generation_data,17,7,0.276,NA
19,22,count-odds,ifs,FALSE,20,elitize_generation_data,18,7,0.272,NA
20,22,count-odds,ifs,FALSE,20,elitize_generation_data,19,8,0.252,NA
21,22,count-odds,ifs,FALSE,20,elitize_generation_data,20,8,0.262,NA
22,22,count-odds,ifs,FALSE,20,elitize_generation_data,21,9,0.261,NA
23,22,count-odds,ifs,FALSE,20,elitize_generation_data,22,11,0.281,NA
24,22,count-odds,ifs,FALSE,20,elitize_generation_data,23,7,0.283,NA
25,22,count-odds,ifs,FALSE,20,elitize_generation_data,24,9,0.26,NA
26,22,count-odds,ifs,FALSE,20,elitize_generation_data,25,9,0.253,NA
27,22,count-odds,ifs,FALSE,20,elitize_generation_data,26,8,0.23,NA
28,22,count-odds,ifs,FALSE,20,elitize_generation_data,27,9,0.265,NA
29,22,count-odds,ifs,FALSE,20,elitize_generation_data,28,10,0.292,NA
30,22,count-odds,ifs,FALSE,20,elitize_generation_data,29,7,0.298,NA
31,22,count-odds,ifs,FALSE,20,elitize_generation_data,30,4,0.27,NA
32,22,count-odds,ifs,FALSE,20,elitize_generation_data,31,4,0.282,NA
33,22,count-odds,ifs,FALSE,20,elitize_generation_data,32,11,0.305,NA
34,22,count-odds,ifs,FALSE,20,elitize_generation_data,33,6,0.276,NA
35,22,count-odds,ifs,FALSE,20,elitize_generation_data,34,12,0.3,NA
36,22,count-odds,ifs,FALSE,20,elitize_generation_data,35,7,0.314,NA
37,22,count-odds,ifs,FALSE,20,elitize_generation_data,36,5,0.31,NA
38,22,count-odds,ifs,FALSE,20,elitize_generation_data,37,9,0.279,NA
39,22,count-odds,ifs,FALSE,20,elitize_generation_data,38,4,0.272,NA
40,22,count-odds,ifs,FALSE,20,elitize_generation_data,39,5,0.272,NA
41,22,count-odds,ifs,FALSE,20,elitize_generation_data,40,8,0.27,NA
42,22,count-odds,ifs,FALSE,20,elitize_generation_data,41,7,0.279,NA
43,22,count-odds,ifs,FALSE,20,elitize_generation_data,42,8,0.273,NA
44,22,count-odds,ifs,FALSE,20,elitize_generation_data,43,10,0.289,NA
45,22,count-odds,ifs,FALSE,20,elitize_generation_data,44,8,0.255,NA
46,22,count-odds,ifs,FALSE,20,elitize_generation_data,45,5,0.286,NA
47,22,count-odds,ifs,FALSE,20,elitize_generation_data,46,7,0.291,NA
48,22,count-odds,ifs,FALSE,20,elitize_generation_data,47,9,0.295,NA
49,22,count-odds,ifs,FALSE,20,elitize_generation_data,48,5,0.28,NA
50,22,count-odds,ifs,FALSE,20,elitize_generation_data,49,7,0.302,NA
51,22,count-odds,ifs,FALSE,20,elitize_generation_data,50,7,0.315,NA
52,22,count-odds,ifs,FALSE,20,elitize_generation_data,51,11,0.342,NA
53,22,count-odds,ifs,FALSE,20,elitize_generation_data,52,7,0.32,NA
54,22,count-odds,ifs,FALSE,20,elitize_generation_data,53,9,0.317,NA
55,22,count-odds,ifs,FALSE,20,elitize_generation_data,54,9,0.265,NA
56,22,count-odds,ifs,FALSE,20,elitize_generation_data,55,9,0.261,NA
57,22,count-odds,ifs,FALSE,20,elitize_generation_data,56,8,0.267,NA
58,22,count-odds,ifs,FALSE,20,elitize_generation_data,57,5,0.281,NA
59,22,count-odds,ifs,FALSE,20,elitize_generation_data,58,5,0.325,NA
60,22,count-odds,ifs,FALSE,20,elitize_generation_data,59,9,0.367,NA
61,22,count-odds,ifs,FALSE,20,elitize_generation_data,60,8,0.405,NA
62,22,count-odds,ifs,FALSE,20,elitize_generation_data,61,7,0.422,NA
63,22,count-odds,ifs,FALSE,20,elitize_generation_data,62,7,0.429,NA
64,22,count-odds,ifs,FALSE,20,elitize_generation_data,63,6,0.446,NA
65,22,count-odds,ifs,FALSE,20,elitize_generation_data,64,8,0.494,NA
66,22,count-odds,ifs,FALSE,20,elitize_generation_data,65,4,0.477,NA
67,22,count-odds,ifs,FALSE,20,elitize_generation_data,66,6,0.459,NA
68,22,count-odds,ifs,FALSE,20,elitize_generation_data,67,4,0.465,NA
69,22,count-odds,ifs,FALSE,20,elitize_generation_data,68,7,0.484,NA
70,22,count-odds,ifs,FALSE,20,elitize_generation_data,69,4,0.515,NA
71,22,count-odds,ifs,FALSE,20,elitize_generation_data,70,6,0.531,NA
72,22,count-odds,ifs,FALSE,20,elitize_generation_data,71,7,0.509,NA
73,22,count-odds,ifs,FALSE,20,elitize_generation_data,72,8,0.543,NA
74,22,count-odds,ifs,FALSE,20,elitize_generation_data,73,6,0.563,NA
75,22,count-odds,ifs,FALSE,20,elitize_generation_data,74,5,0.564,NA
76,22,count-odds,ifs,FALSE,20,elitize_generation_data,75,6,0.541,NA
77,22,count-odds,ifs,FALSE,20,elitize_generation_data,76,9,0.572,NA
78,22,count-odds,ifs,FALSE,20,elitize_generation_data,77,10,0.546,NA
79,22,count-odds,ifs,FALSE,20,elitize_generation_data,78,6,0.544,NA
80,22,count-odds,ifs,FALSE,20,elitize_generation_data,79,7,0.56,NA
81,22,count-odds,ifs,FALSE,20,elitize_generation_data,80,11,0.595,NA
82,22,count-odds,ifs,FALSE,20,elitize_generation_data,81,6,0.548,NA
83,22,count-odds,ifs,FALSE,20,elitize_generation_data,82,7,0.568,NA
84,22,count-odds,ifs,FALSE,20,elitize_generation_data,83,7,0.559,NA
85,22,count-odds,ifs,FALSE,20,elitize_generation_data,84,7,0.594,NA
86,22,count-odds,ifs,FALSE,20,elitize_generation_data,85,6,0.589,NA
87,22,count-odds,ifs,FALSE,20,elitize_generation_data,86,7,0.589,NA
88,22,count-odds,ifs,FALSE,20,elitize_generation_data,87,8,0.574,NA
89,22,count-odds,ifs,FALSE,20,elitize_generation_data,88,5,0.565,NA
90,22,count-odds,ifs,FALSE,20,elitize_generation_data,89,9,0.552,NA
91,22,count-odds,ifs,FALSE,20,elitize_generation_data,90,6,0.547,NA
92,22,count-odds,ifs,FALSE,20,elitize_generation_data,91,6,0.549,NA
93,22,count-odds,ifs,FALSE,20,elitize_generation_data,92,9,0.535,NA
94,22,count-odds,ifs,FALSE,20,elitize_generation_data,93,8,0.572,NA
95,22,count-odds,ifs,FALSE,20,elitize_generation_data,94,6,0.578,NA
96,22,count-odds,ifs,FALSE,20,elitize_generation_data,95,6,0.586,NA
97,22,count-odds,ifs,FALSE,20,elitize_generation_data,96,8,0.596,NA
98,22,count-odds,ifs,FALSE,20,elitize_generation_data,97,6,0.605,NA
99,22,count-odds,ifs,FALSE,20,elitize_generation_data,98,6,0.6,NA
100,22,count-odds,ifs,FALSE,20,elitize_generation_data,99,8,0.604,NA
101,22,count-odds,ifs,FALSE,20,elitize_generation_data,100,7,0.593,NA
102,22,count-odds,ifs,FALSE,20,elitize_generation_data,101,5,0.583,NA
103,22,count-odds,ifs,FALSE,20,elitize_generation_data,102,4,0.579,NA
104,22,count-odds,ifs,FALSE,20,elitize_generation_data,103,6,0.594,NA
105,22,count-odds,ifs,FALSE,20,elitize_generation_data,104,8,0.618,NA
106,22,count-odds,ifs,FALSE,20,elitize_generation_data,105,5,0.596,NA
107,22,count-odds,ifs,FALSE,20,elitize_generation_data,106,8,0.597,NA
108,22,count-odds,ifs,FALSE,20,elitize_generation_data,107,5,0.602,NA
109,22,count-odds,ifs,FALSE,20,elitize_generation_data,108,6,0.629,NA
110,22,count-odds,ifs,FALSE,20,elitize_generation_data,109,8,0.609,NA
111,22,count-odds,ifs,FALSE,20,elitize_generation_data,110,5,0.619,NA
112,22,count-odds,ifs,FALSE,20,elitize_generation_data,111,5,0.656,NA
113,22,count-odds,ifs,FALSE,20,elitize_generation_data,112,4,0.677,NA
114,22,count-odds,ifs,FALSE,20,elitize_generation_data,113,6,0.694,NA
115,22,count-odds,ifs,FALSE,20,elitize_generation_data,114,6,0.69,NA
116,22,count-odds,ifs,FALSE,20,elitize_generation_data,115,6,0.683,NA
117,22,count-odds,ifs,FALSE,20,elitize_generation_data,116,4,0.687,NA
118,22,count-odds,ifs,FALSE,20,elitize_generation_data,117,6,0.691,NA
119,22,count-odds,ifs,FALSE,20,elitize_generation_data,118,6,0.685,NA
120,22,count-odds,ifs,FALSE,20,elitize_generation_data,119,4,0.704,NA
121,22,count-odds,ifs,FALSE,20,elitize_generation_data,120,5,0.678,NA
122,22,count-odds,ifs,FALSE,20,elitize_generation_data,121,5,0.693,NA
123,22,count-odds,ifs,FALSE,20,elitize_generation_data,122,3,0.676,NA
124,22,count-odds,ifs,FALSE,20,elitize_generation_data,123,5,0.653,NA
125,22,count-odds,ifs,FALSE,20,elitize_generation_data,124,6,0.653,NA
126,22,count-odds,ifs,FALSE,20,elitize_generation_data,125,4,0.658,NA
127,22,count-odds,ifs,FALSE,20,elitize_generation_data,126,5,0.631,NA
128,22,count-odds,ifs,FALSE,20,elitize_generation_data,127,4,0.627,NA
129,22,count-odds,ifs,FALSE,20,elitize_generation_data,128,5,0.641,NA
130,22,count-odds,ifs,FALSE,20,elitize_generation_data,129,5,0.649,NA
131,22,count-odds,ifs,FALSE,20,elitize_generation_data,130,5,0.65,NA
132,22,count-odds,ifs,FALSE,20,elitize_generation_data,131,5,0.641,NA
133,22,count-odds,ifs,FALSE,20,elitize_generation_data,132,4,0.665,NA
134,22,count-odds,ifs,FALSE,20,elitize_generation_data,133,5,0.626,NA
135,22,count-odds,ifs,FALSE,20,elitize_generation_data,134,4,0.641,NA
136,22,count-odds,ifs,FALSE,20,elitize_generation_data,135,8,0.663,NA
137,22,count-odds,ifs,FALSE,20,elitize_generation_data,136,5,0.643,NA
138,22,count-odds,ifs,FALSE,20,elitize_generation_data,137,5,0.628,NA
139,22,count-odds,ifs,FALSE,20,elitize_generation_data,138,5,0.638,NA
140,22,count-odds,ifs,FALSE,20,elitize_generation_data,139,5,0.65,NA
141,22,count-odds,ifs,FALSE,20,elitize_generation_data,140,5,0.668,NA
142,22,count-odds,ifs,FALSE,20,elitize_generation_data,141,4,0.641,NA
143,22,count-odds,ifs,FALSE,20,elitize_generation_data,142,6,0.673,NA
144,22,count-odds,ifs,FALSE,20,elitize_generation_data,143,10,0.702,NA
145,22,count-odds,ifs,FALSE,20,elitize_generation_data,144,11,0.667,NA
146,22,count-odds,ifs,FALSE,20,elitize_generation_data,145,6,0.658,NA
147,22,count-odds,ifs,FALSE,20,elitize_generation_data,146,8,0.657,NA
148,22,count-odds,ifs,FALSE,20,elitize_generation_data,147,8,0.674,NA
149,22,count-odds,ifs,FALSE,20,elitize_generation_data,148,9,0.672,NA
150,22,count-odds,ifs,FALSE,20,elitize_generation_data,149,6,0.668,NA
151,22,count-odds,ifs,FALSE,20,elitize_generation_data,150,9,0.679,NA
152,22,count-odds,ifs,FALSE,20,elitize_generation_data,151,8,0.653,NA
153,22,count-odds,ifs,FALSE,20,elitize_generation_data,152,9,0.638,NA
154,22,count-odds,ifs,FALSE,20,elitize_generation_data,153,8,0.666,NA
155,22,count-odds,ifs,FALSE,20,elitize_generation_data,154,9,0.667,NA
156,22,count-odds,ifs,FALSE,20,elitize_generation_data,155,7,0.661,NA
157,22,count-odds,ifs,FALSE,20,elitize_generation_data,156,10,0.648,NA
158,22,count-odds,ifs,FALSE,20,elitize_generation_data,157,8,0.666,NA
159,22,count-odds,ifs,FALSE,20,elitize_generation_data,158,8,0.66,NA
160,22,count-odds,ifs,FALSE,20,elitize_generation_data,159,13,0.679,NA
161,22,count-odds,ifs,FALSE,20,elitize_generation_data,160,9,0.673,NA
162,22,count-odds,ifs,FALSE,20,elitize_generation_data,161,9,0.693,NA
163,22,count-odds,ifs,FALSE,20,elitize_generation_data,162,9,0.678,NA
164,22,count-odds,ifs,FALSE,20,elitize_generation_data,163,7,0.666,NA
165,22,count-odds,ifs,FALSE,20,elitize_generation_data,164,11,0.681,NA
166,22,count-odds,ifs,FALSE,20,elitize_generation_data,165,11,0.644,NA
167,22,count-odds,ifs,FALSE,20,elitize_generation_data,166,9,0.66,NA
168,22,count-odds,ifs,FALSE,20,elitize_generation_data,167,13,0.691,NA
169,22,count-odds,ifs,FALSE,20,elitize_generation_data,168,11,0.686,NA
170,22,count-odds,ifs,FALSE,20,elitize_generation_data,169,10,0.675,NA
171,22,count-odds,ifs,FALSE,20,elitize_generation_data,170,9,0.701,NA
172,22,count-odds,ifs,FALSE,20,elitize_generation_data,171,9,0.692,NA
173,22,count-odds,ifs,FALSE,20,elitize_generation_data,172,12,0.702,NA
174,22,count-odds,ifs,FALSE,20,elitize_generation_data,173,10,0.689,NA
175,22,count-odds,ifs,FALSE,20,elitize_generation_data,174,15,0.672,NA
176,22,count-odds,ifs,FALSE,20,elitize_generation_data,175,12,0.661,NA
177,22,count-odds,ifs,FALSE,20,elitize_generation_data,176,12,0.682,NA
178,22,count-odds,ifs,FALSE,20,elitize_generation_data,177,10,0.666,NA
179,22,count-odds,ifs,FALSE,20,elitize_generation_data,178,12,0.705,NA
180,22,count-odds,ifs,FALSE,20,elitize_generation_data,179,8,0.692,NA
181,22,count-odds,ifs,FALSE,20,elitize_generation_data,180,10,0.693,NA
182,22,count-odds,ifs,FALSE,20,elitize_generation_data,181,10,0.742,NA
183,22,count-odds,ifs,FALSE,20,elitize_generation_data,182,11,0.708,NA
184,22,count-odds,ifs,FALSE,20,elitize_generation_data,183,12,0.7,NA
185,22,count-odds,ifs,FALSE,20,elitize_generation_data,184,12,0.666,NA
186,22,count-odds,ifs,FALSE,20,elitize_generation_data,185,11,0.684,NA
187,22,count-odds,ifs,FALSE,20,elitize_generation_data,186,13,0.708,NA
188,22,count-odds,ifs,FALSE,20,elitize_generation_data,187,11,0.7,NA
189,22,count-odds,ifs,FALSE,20,elitize_generation_data,188,12,0.661,NA
190,22,count-odds,ifs,FALSE,20,elitize_generation_data,189,14,0.665,NA
191,22,count-odds,ifs,FALSE,20,elitize_generation_data,190,12,0.694,NA
192,22,count-odds,ifs,FALSE,20,elitize_generation_data,191,14,0.69,NA
193,22,count-odds,ifs,FALSE,20,elitize_generation_data,192,9,0.703,NA
194,22,count-odds,ifs,FALSE,20,elitize_generation_data,193,10,0.694,NA
195,22,count-odds,ifs,FALSE,20,elitize_generation_data,194,10,0.705,NA
196,22,count-odds,ifs,FALSE,20,elitize_generation_data,195,10,0.703,NA
197,22,count-odds,ifs,FALSE,20,elitize_generation_data,196,9,0.7,NA
198,22,count-odds,ifs,FALSE,20,elitize_generation_data,197,10,0.706,NA
199,22,count-odds,ifs,FALSE,20,elitize_generation_data,198,9,0.732,NA
200,22,count-odds,ifs,FALSE,20,elitize_generation_data,199,9,0.693,NA
201,22,count-odds,ifs,FALSE,20,elitize_generation_data,200,10,0.716,NA
202,22,count-odds,ifs,FALSE,20,elitize_generation_data,201,11,0.743,NA
203,22,count-odds,ifs,FALSE,20,elitize_generation_data,202,7,0.743,NA
204,22,count-odds,ifs,FALSE,20,elitize_generation_data,203,9,0.742,NA
205,22,count-odds,ifs,FALSE,20,elitize_generation_data,204,12,0.742,NA
206,22,count-odds,ifs,FALSE,20,elitize_generation_data,205,9,0.768,NA
207,22,count-odds,ifs,FALSE,20,elitize_generation_data,206,10,0.767,NA
208,22,count-odds,ifs,FALSE,20,elitize_generation_data,207,7,0.775,NA
209,22,count-odds,ifs,FALSE,20,elitize_generation_data,208,10,0.783,NA
210,22,count-odds,ifs,FALSE,20,elitize_generation_data,209,11,0.776,NA
211,22,count-odds,ifs,FALSE,20,elitize_generation_data,210,11,0.766,NA
212,22,count-odds,ifs,FALSE,20,elitize_generation_data,211,8,0.751,NA
213,22,count-odds,ifs,FALSE,20,elitize_generation_data,212,11,0.76,NA
214,22,count-odds,ifs,FALSE,20,elitize_generation_data,213,7,0.774,NA
215,22,count-odds,ifs,FALSE,20,elitize_generation_data,214,7,0.776,NA
216,22,count-odds,ifs,FALSE,20,elitize_generation_data,215,8,0.763,NA
217,22,count-odds,ifs,FALSE,20,elitize_generation_data,216,9,0.787,NA
218,22,count-odds,ifs,FALSE,20,elitize_generation_data,217,9,0.795,NA
219,22,count-odds,ifs,FALSE,20,elitize_generation_data,218,9,0.81,NA
220,22,count-odds,ifs,FALSE,20,elitize_generation_data,219,7,0.812,NA
221,22,count-odds,ifs,FALSE,20,elitize_generation_data,220,11,0.812,NA
222,22,count-odds,ifs,FALSE,20,elitize_generation_data,221,8,0.814,NA
223,22,count-odds,ifs,FALSE,20,elitize_generation_data,222,8,0.778,NA
224,22,count-odds,ifs,FALSE,20,elitize_generation_data,223,8,0.814,NA
225,22,count-odds,ifs,FALSE,20,elitize_generation_data,224,8,0.791,NA
226,22,count-odds,ifs,FALSE,20,elitize_generation_data,225,8,0.799,NA
227,22,count-odds,ifs,FALSE,20,elitize_generation_data,226,12,0.771,NA
228,22,count-odds,ifs,FALSE,20,elitize_generation_data,227,7,0.788,NA
229,22,count-odds,ifs,FALSE,20,elitize_generation_data,228,7,0.805,NA
230,22,count-odds,ifs,FALSE,20,elitize_generation_data,229,7,0.819,NA
231,22,count-odds,ifs,FALSE,20,elitize_generation_data,230,8,0.801,NA
232,22,count-odds,ifs,FALSE,20,elitize_generation_data,231,10,0.82,NA
233,22,count-odds,ifs,FALSE,20,elitize_generation_data,232,6,0.815,NA
234,22,count-odds,ifs,FALSE,20,elitize_generation_data,233,8,0.819,NA
235,22,count-odds,ifs,FALSE,20,elitize_generation_data,234,9,0.813,NA
236,22,count-odds,ifs,FALSE,20,elitize_generation_data,235,7,0.805,NA
237,22,count-odds,ifs,FALSE,20,elitize_generation_data,236,6,0.809,NA
238,22,count-odds,ifs,FALSE,20,elitize_generation_data,237,7,0.813,NA
239,22,count-odds,ifs,FALSE,20,elitize_generation_data,238,9,0.797,NA
240,22,count-odds,ifs,FALSE,20,elitize_generation_data,239,8,0.797,NA
241,22,count-odds,ifs,FALSE,20,elitize_generation_data,240,8,0.815,NA
242,22,count-odds,ifs,FALSE,20,elitize_generation_data,241,11,0.82,NA
243,22,count-odds,ifs,FALSE,20,elitize_generation_data,242,9,0.794,NA
244,22,count-odds,ifs,FALSE,20,elitize_generation_data,243,7,0.804,NA
245,22,count-odds,ifs,FALSE,20,elitize_generation_data,244,7,0.795,NA
246,22,count-odds,ifs,FALSE,20,elitize_generation_data,245,7,0.79,NA
247,22,count-odds,ifs,FALSE,20,elitize_generation_data,246,7,0.761,NA
248,22,count-odds,ifs,FALSE,20,elitize_generation_data,247,6,0.777,NA
249,22,count-odds,ifs,FALSE,20,elitize_generation_data,248,7,0.774,NA
250,22,count-odds,ifs,FALSE,20,elitize_generation_data,249,7,0.777,NA
251,22,count-odds,ifs,FALSE,20,elitize_generation_data,250,8,0.773,NA
252,22,count-odds,ifs,FALSE,20,elitize_generation_data,251,8,0.761,NA
253,22,count-odds,ifs,FALSE,20,elitize_generation_data,252,7,0.788,NA
254,22,count-odds,ifs,FALSE,20,elitize_generation_data,253,9,0.804,NA
255,22,count-odds,ifs,FALSE,20,elitize_generation_data,254,9,0.784,NA
256,22,count-odds,ifs,FALSE,20,elitize_generation_data,255,6,0.777,NA
257,22,count-odds,ifs,FALSE,20,elitize_generation_data,256,6,0.796,NA
258,22,count-odds,ifs,FALSE,20,elitize_generation_data,257,8,0.794,NA
259,22,count-odds,ifs,FALSE,20,elitize_generation_data,258,7,0.775,NA
260,22,count-odds,ifs,FALSE,20,elitize_generation_data,259,9,0.79,NA
261,22,count-odds,ifs,FALSE,20,elitize_generation_data,260,8,0.769,NA
262,22,count-odds,ifs,FALSE,20,elitize_generation_data,261,9,0.783,NA
263,22,count-odds,ifs,FALSE,20,elitize_generation_data,262,9,0.78,NA
264,22,count-odds,ifs,FALSE,20,elitize_generation_data,263,8,0.763,NA
265,22,count-odds,ifs,FALSE,20,elitize_generation_data,264,7,0.779,NA
266,22,count-odds,ifs,FALSE,20,elitize_generation_data,265,6,0.784,NA
267,22,count-odds,ifs,FALSE,20,elitize_generation_data,266,7,0.762,NA
268,22,count-odds,ifs,FALSE,20,elitize_generation_data,267,11,0.786,NA
269,22,count-odds,ifs,FALSE,20,elitize_generation_data,268,10,0.783,NA
270,22,count-odds,ifs,FALSE,20,elitize_generation_data,269,9,0.782,NA
271,22,count-odds,ifs,FALSE,20,elitize_generation_data,270,6,0.803,NA
272,22,count-odds,ifs,FALSE,20,elitize_generation_data,271,10,0.774,NA
273,22,count-odds,ifs,FALSE,20,elitize_generation_data,272,7,0.753,NA
274,22,count-odds,ifs,FALSE,20,elitize_generation_data,273,8,0.79,NA
275,22,count-odds,ifs,FALSE,20,elitize_generation_data,274,7,0.798,NA
276,22,count-odds,ifs,FALSE,20,elitize_generation_data,275,9,0.795,NA
277,22,count-odds,ifs,FALSE,20,elitize_generation_data,276,8,0.789,NA
278,22,count-odds,ifs,FALSE,20,elitize_generation_data,277,8,0.806,NA
279,22,count-odds,ifs,FALSE,20,elitize_generation_data,278,9,0.757,NA
280,22,count-odds,ifs,FALSE,20,elitize_generation_data,279,8,0.776,NA
281,22,count-odds,ifs,FALSE,20,elitize_generation_data,280,8,0.77,NA
282,22,count-odds,ifs,FALSE,20,elitize_generation_data,281,7,0.779,NA
283,22,count-odds,ifs,FALSE,20,elitize_generation_data,282,9,0.782,NA
284,22,count-odds,ifs,FALSE,20,elitize_generation_data,283,8,0.792,NA
285,22,count-odds,ifs,FALSE,20,elitize_generation_data,284,9,0.748,NA
286,22,count-odds,ifs,FALSE,20,elitize_generation_data,285,10,0.768,NA
287,22,count-odds,ifs,FALSE,20,elitize_generation_data,286,7,0.766,NA
288,22,count-odds,ifs,FALSE,20,elitize_generation_data,287,8,0.757,NA
289,22,count-odds,ifs,FALSE,20,elitize_generation_data,288,10,0.784,NA
290,22,count-odds,ifs,FALSE,20,elitize_generation_data,289,12,0.798,NA
291,22,count-odds,ifs,FALSE,20,elitize_generation_data,290,7,0.759,NA
292,22,count-odds,ifs,FALSE,20,elitize_generation_data,291,8,0.796,NA
293,22,count-odds,ifs,FALSE,20,elitize_generation_data,292,9,0.797,NA
294,22,count-odds,ifs,FALSE,20,elitize_generation_data,293,8,0.796,NA
295,22,count-odds,ifs,FALSE,20,elitize_generation_data,294,10,0.79,NA
296,22,count-odds,ifs,FALSE,20,elitize_generation_data,295,11,0.814,NA
297,22,count-odds,ifs,FALSE,20,elitize_generation_data,296,9,0.814,NA
298,22,count-odds,ifs,FALSE,20,elitize_generation_data,297,8,0.814,NA
299,22,count-odds,ifs,FALSE,20,elitize_generation_data,298,9,0.806,NA
300,22,count-odds,ifs,FALSE,20,elitize_generation_data,299,8,0.792,NA
301,22,count-odds,ifs,FALSE,20,elitize_generation_data,300,7,0.81,NA
