,run.num,problem,treatment,succeeded,height,normalization.function,generation,cluster.count,error.diversity,success.generation
1,20,count-odds,ifs,FALSE,20,elitize_generation_data,0,5,0.172,NA
2,20,count-odds,ifs,FALSE,20,elitize_generation_data,1,6,0.085,NA
3,20,count-odds,ifs,FALSE,20,elitize_generation_data,2,8,0.081,NA
4,20,count-odds,ifs,FALSE,20,elitize_generation_data,3,5,0.085,NA
5,20,count-odds,ifs,FALSE,20,elitize_generation_data,4,7,0.129,NA
6,20,count-odds,ifs,FALSE,20,elitize_generation_data,5,8,0.222,NA
7,20,count-odds,ifs,FALSE,20,elitize_generation_data,6,10,0.297,NA
8,20,count-odds,ifs,FALSE,20,elitize_generation_data,7,8,0.324,NA
9,20,count-odds,ifs,FALSE,20,elitize_generation_data,8,9,0.3,NA
10,20,count-odds,ifs,FALSE,20,elitize_generation_data,9,9,0.217,NA
11,20,count-odds,ifs,FALSE,20,elitize_generation_data,10,8,0.214,NA
12,20,count-odds,ifs,FALSE,20,elitize_generation_data,11,9,0.245,NA
13,20,count-odds,ifs,FALSE,20,elitize_generation_data,12,10,0.252,NA
14,20,count-odds,ifs,FALSE,20,elitize_generation_data,13,12,0.238,NA
15,20,count-odds,ifs,FALSE,20,elitize_generation_data,14,9,0.241,NA
16,20,count-odds,ifs,FALSE,20,elitize_generation_data,15,15,0.267,NA
17,20,count-odds,ifs,FALSE,20,elitize_generation_data,16,13,0.301,NA
18,20,count-odds,ifs,FALSE,20,elitize_generation_data,17,10,0.274,NA
19,20,count-odds,ifs,FALSE,20,elitize_generation_data,18,6,0.266,NA
20,20,count-odds,ifs,FALSE,20,elitize_generation_data,19,7,0.22,NA
21,20,count-odds,ifs,FALSE,20,elitize_generation_data,20,9,0.231,NA
22,20,count-odds,ifs,FALSE,20,elitize_generation_data,21,11,0.244,NA
23,20,count-odds,ifs,FALSE,20,elitize_generation_data,22,8,0.216,NA
24,20,count-odds,ifs,FALSE,20,elitize_generation_data,23,10,0.269,NA
25,20,count-odds,ifs,FALSE,20,elitize_generation_data,24,11,0.334,NA
26,20,count-odds,ifs,FALSE,20,elitize_generation_data,25,7,0.379,NA
27,20,count-odds,ifs,FALSE,20,elitize_generation_data,26,10,0.411,NA
28,20,count-odds,ifs,FALSE,20,elitize_generation_data,27,9,0.442,NA
29,20,count-odds,ifs,FALSE,20,elitize_generation_data,28,10,0.413,NA
30,20,count-odds,ifs,FALSE,20,elitize_generation_data,29,9,0.4,NA
31,20,count-odds,ifs,FALSE,20,elitize_generation_data,30,10,0.388,NA
32,20,count-odds,ifs,FALSE,20,elitize_generation_data,31,8,0.36,NA
33,20,count-odds,ifs,FALSE,20,elitize_generation_data,32,7,0.342,NA
34,20,count-odds,ifs,FALSE,20,elitize_generation_data,33,5,0.383,NA
35,20,count-odds,ifs,FALSE,20,elitize_generation_data,34,11,0.404,NA
36,20,count-odds,ifs,FALSE,20,elitize_generation_data,35,8,0.416,NA
37,20,count-odds,ifs,FALSE,20,elitize_generation_data,36,10,0.423,NA
38,20,count-odds,ifs,FALSE,20,elitize_generation_data,37,7,0.417,NA
39,20,count-odds,ifs,FALSE,20,elitize_generation_data,38,10,0.435,NA
40,20,count-odds,ifs,FALSE,20,elitize_generation_data,39,9,0.392,NA
41,20,count-odds,ifs,FALSE,20,elitize_generation_data,40,8,0.356,NA
42,20,count-odds,ifs,FALSE,20,elitize_generation_data,41,11,0.394,NA
43,20,count-odds,ifs,FALSE,20,elitize_generation_data,42,9,0.395,NA
44,20,count-odds,ifs,FALSE,20,elitize_generation_data,43,8,0.378,NA
45,20,count-odds,ifs,FALSE,20,elitize_generation_data,44,9,0.435,NA
46,20,count-odds,ifs,FALSE,20,elitize_generation_data,45,11,0.406,NA
47,20,count-odds,ifs,FALSE,20,elitize_generation_data,46,9,0.411,NA
48,20,count-odds,ifs,FALSE,20,elitize_generation_data,47,11,0.408,NA
49,20,count-odds,ifs,FALSE,20,elitize_generation_data,48,9,0.43,NA
50,20,count-odds,ifs,FALSE,20,elitize_generation_data,49,11,0.414,NA
51,20,count-odds,ifs,FALSE,20,elitize_generation_data,50,12,0.43,NA
52,20,count-odds,ifs,FALSE,20,elitize_generation_data,51,12,0.414,NA
53,20,count-odds,ifs,FALSE,20,elitize_generation_data,52,11,0.392,NA
54,20,count-odds,ifs,FALSE,20,elitize_generation_data,53,10,0.414,NA
55,20,count-odds,ifs,FALSE,20,elitize_generation_data,54,10,0.399,NA
56,20,count-odds,ifs,FALSE,20,elitize_generation_data,55,8,0.384,NA
57,20,count-odds,ifs,FALSE,20,elitize_generation_data,56,11,0.428,NA
58,20,count-odds,ifs,FALSE,20,elitize_generation_data,57,12,0.4,NA
59,20,count-odds,ifs,FALSE,20,elitize_generation_data,58,11,0.443,NA
60,20,count-odds,ifs,FALSE,20,elitize_generation_data,59,11,0.476,NA
61,20,count-odds,ifs,FALSE,20,elitize_generation_data,60,17,0.558,NA
62,20,count-odds,ifs,FALSE,20,elitize_generation_data,61,13,0.539,NA
63,20,count-odds,ifs,FALSE,20,elitize_generation_data,62,15,0.567,NA
64,20,count-odds,ifs,FALSE,20,elitize_generation_data,63,18,0.555,NA
65,20,count-odds,ifs,FALSE,20,elitize_generation_data,64,14,0.583,NA
66,20,count-odds,ifs,FALSE,20,elitize_generation_data,65,18,0.586,NA
67,20,count-odds,ifs,FALSE,20,elitize_generation_data,66,19,0.578,NA
68,20,count-odds,ifs,FALSE,20,elitize_generation_data,67,21,0.602,NA
69,20,count-odds,ifs,FALSE,20,elitize_generation_data,68,23,0.589,NA
70,20,count-odds,ifs,FALSE,20,elitize_generation_data,69,23,0.642,NA
71,20,count-odds,ifs,FALSE,20,elitize_generation_data,70,25,0.623,NA
72,20,count-odds,ifs,FALSE,20,elitize_generation_data,71,21,0.641,NA
73,20,count-odds,ifs,FALSE,20,elitize_generation_data,72,23,0.672,NA
74,20,count-odds,ifs,FALSE,20,elitize_generation_data,73,24,0.694,NA
75,20,count-odds,ifs,FALSE,20,elitize_generation_data,74,20,0.654,NA
76,20,count-odds,ifs,FALSE,20,elitize_generation_data,75,27,0.681,NA
77,20,count-odds,ifs,FALSE,20,elitize_generation_data,76,22,0.673,NA
78,20,count-odds,ifs,FALSE,20,elitize_generation_data,77,26,0.686,NA
79,20,count-odds,ifs,FALSE,20,elitize_generation_data,78,23,0.683,NA
80,20,count-odds,ifs,FALSE,20,elitize_generation_data,79,23,0.685,NA
81,20,count-odds,ifs,FALSE,20,elitize_generation_data,80,14,0.685,NA
82,20,count-odds,ifs,FALSE,20,elitize_generation_data,81,19,0.696,NA
83,20,count-odds,ifs,FALSE,20,elitize_generation_data,82,23,0.69,NA
84,20,count-odds,ifs,FALSE,20,elitize_generation_data,83,15,0.673,NA
85,20,count-odds,ifs,FALSE,20,elitize_generation_data,84,15,0.665,NA
86,20,count-odds,ifs,FALSE,20,elitize_generation_data,85,15,0.657,NA
87,20,count-odds,ifs,FALSE,20,elitize_generation_data,86,16,0.677,NA
88,20,count-odds,ifs,FALSE,20,elitize_generation_data,87,18,0.701,NA
89,20,count-odds,ifs,FALSE,20,elitize_generation_data,88,17,0.687,NA
90,20,count-odds,ifs,FALSE,20,elitize_generation_data,89,17,0.669,NA
91,20,count-odds,ifs,FALSE,20,elitize_generation_data,90,15,0.694,NA
92,20,count-odds,ifs,FALSE,20,elitize_generation_data,91,22,0.716,NA
93,20,count-odds,ifs,FALSE,20,elitize_generation_data,92,21,0.729,NA
94,20,count-odds,ifs,FALSE,20,elitize_generation_data,93,15,0.714,NA
95,20,count-odds,ifs,FALSE,20,elitize_generation_data,94,18,0.715,NA
96,20,count-odds,ifs,FALSE,20,elitize_generation_data,95,21,0.704,NA
97,20,count-odds,ifs,FALSE,20,elitize_generation_data,96,19,0.67,NA
98,20,count-odds,ifs,FALSE,20,elitize_generation_data,97,16,0.699,NA
99,20,count-odds,ifs,FALSE,20,elitize_generation_data,98,22,0.704,NA
100,20,count-odds,ifs,FALSE,20,elitize_generation_data,99,20,0.679,NA
101,20,count-odds,ifs,FALSE,20,elitize_generation_data,100,17,0.681,NA
102,20,count-odds,ifs,FALSE,20,elitize_generation_data,101,21,0.675,NA
103,20,count-odds,ifs,FALSE,20,elitize_generation_data,102,16,0.655,NA
104,20,count-odds,ifs,FALSE,20,elitize_generation_data,103,20,0.672,NA
105,20,count-odds,ifs,FALSE,20,elitize_generation_data,104,21,0.662,NA
106,20,count-odds,ifs,FALSE,20,elitize_generation_data,105,18,0.662,NA
107,20,count-odds,ifs,FALSE,20,elitize_generation_data,106,15,0.636,NA
108,20,count-odds,ifs,FALSE,20,elitize_generation_data,107,14,0.669,NA
109,20,count-odds,ifs,FALSE,20,elitize_generation_data,108,18,0.672,NA
110,20,count-odds,ifs,FALSE,20,elitize_generation_data,109,16,0.65,NA
111,20,count-odds,ifs,FALSE,20,elitize_generation_data,110,16,0.643,NA
112,20,count-odds,ifs,FALSE,20,elitize_generation_data,111,10,0.641,NA
113,20,count-odds,ifs,FALSE,20,elitize_generation_data,112,18,0.625,NA
114,20,count-odds,ifs,FALSE,20,elitize_generation_data,113,17,0.646,NA
115,20,count-odds,ifs,FALSE,20,elitize_generation_data,114,18,0.679,NA
116,20,count-odds,ifs,FALSE,20,elitize_generation_data,115,17,0.667,NA
117,20,count-odds,ifs,FALSE,20,elitize_generation_data,116,20,0.68,NA
118,20,count-odds,ifs,FALSE,20,elitize_generation_data,117,22,0.668,NA
119,20,count-odds,ifs,FALSE,20,elitize_generation_data,118,20,0.67,NA
120,20,count-odds,ifs,FALSE,20,elitize_generation_data,119,18,0.688,NA
121,20,count-odds,ifs,FALSE,20,elitize_generation_data,120,21,0.702,NA
122,20,count-odds,ifs,FALSE,20,elitize_generation_data,121,19,0.687,NA
123,20,count-odds,ifs,FALSE,20,elitize_generation_data,122,18,0.711,NA
124,20,count-odds,ifs,FALSE,20,elitize_generation_data,123,20,0.724,NA
125,20,count-odds,ifs,FALSE,20,elitize_generation_data,124,18,0.744,NA
126,20,count-odds,ifs,FALSE,20,elitize_generation_data,125,18,0.763,NA
127,20,count-odds,ifs,FALSE,20,elitize_generation_data,126,18,0.709,NA
128,20,count-odds,ifs,FALSE,20,elitize_generation_data,127,26,0.734,NA
129,20,count-odds,ifs,FALSE,20,elitize_generation_data,128,21,0.727,NA
130,20,count-odds,ifs,FALSE,20,elitize_generation_data,129,20,0.732,NA
131,20,count-odds,ifs,FALSE,20,elitize_generation_data,130,18,0.732,NA
132,20,count-odds,ifs,FALSE,20,elitize_generation_data,131,14,0.726,NA
133,20,count-odds,ifs,FALSE,20,elitize_generation_data,132,18,0.72,NA
134,20,count-odds,ifs,FALSE,20,elitize_generation_data,133,14,0.732,NA
135,20,count-odds,ifs,FALSE,20,elitize_generation_data,134,11,0.723,NA
136,20,count-odds,ifs,FALSE,20,elitize_generation_data,135,13,0.725,NA
137,20,count-odds,ifs,FALSE,20,elitize_generation_data,136,14,0.727,NA
138,20,count-odds,ifs,FALSE,20,elitize_generation_data,137,10,0.717,NA
139,20,count-odds,ifs,FALSE,20,elitize_generation_data,138,10,0.689,NA
140,20,count-odds,ifs,FALSE,20,elitize_generation_data,139,12,0.688,NA
141,20,count-odds,ifs,FALSE,20,elitize_generation_data,140,11,0.69,NA
142,20,count-odds,ifs,FALSE,20,elitize_generation_data,141,10,0.644,NA
143,20,count-odds,ifs,FALSE,20,elitize_generation_data,142,8,0.676,NA
144,20,count-odds,ifs,FALSE,20,elitize_generation_data,143,11,0.677,NA
145,20,count-odds,ifs,FALSE,20,elitize_generation_data,144,11,0.684,NA
146,20,count-odds,ifs,FALSE,20,elitize_generation_data,145,11,0.71,NA
147,20,count-odds,ifs,FALSE,20,elitize_generation_data,146,15,0.675,NA
148,20,count-odds,ifs,FALSE,20,elitize_generation_data,147,8,0.705,NA
149,20,count-odds,ifs,FALSE,20,elitize_generation_data,148,9,0.672,NA
150,20,count-odds,ifs,FALSE,20,elitize_generation_data,149,11,0.678,NA
151,20,count-odds,ifs,FALSE,20,elitize_generation_data,150,10,0.672,NA
152,20,count-odds,ifs,FALSE,20,elitize_generation_data,151,11,0.686,NA
153,20,count-odds,ifs,FALSE,20,elitize_generation_data,152,10,0.68,NA
154,20,count-odds,ifs,FALSE,20,elitize_generation_data,153,10,0.682,NA
155,20,count-odds,ifs,FALSE,20,elitize_generation_data,154,8,0.704,NA
156,20,count-odds,ifs,FALSE,20,elitize_generation_data,155,10,0.703,NA
157,20,count-odds,ifs,FALSE,20,elitize_generation_data,156,8,0.7,NA
158,20,count-odds,ifs,FALSE,20,elitize_generation_data,157,9,0.709,NA
159,20,count-odds,ifs,FALSE,20,elitize_generation_data,158,8,0.692,NA
160,20,count-odds,ifs,FALSE,20,elitize_generation_data,159,8,0.71,NA
161,20,count-odds,ifs,FALSE,20,elitize_generation_data,160,8,0.712,NA
162,20,count-odds,ifs,FALSE,20,elitize_generation_data,161,11,0.739,NA
163,20,count-odds,ifs,FALSE,20,elitize_generation_data,162,12,0.72,NA
164,20,count-odds,ifs,FALSE,20,elitize_generation_data,163,5,0.707,NA
165,20,count-odds,ifs,FALSE,20,elitize_generation_data,164,7,0.713,NA
166,20,count-odds,ifs,FALSE,20,elitize_generation_data,165,6,0.721,NA
167,20,count-odds,ifs,FALSE,20,elitize_generation_data,166,5,0.716,NA
168,20,count-odds,ifs,FALSE,20,elitize_generation_data,167,7,0.702,NA
169,20,count-odds,ifs,FALSE,20,elitize_generation_data,168,9,0.7,NA
170,20,count-odds,ifs,FALSE,20,elitize_generation_data,169,9,0.682,NA
171,20,count-odds,ifs,FALSE,20,elitize_generation_data,170,8,0.712,NA
172,20,count-odds,ifs,FALSE,20,elitize_generation_data,171,5,0.707,NA
173,20,count-odds,ifs,FALSE,20,elitize_generation_data,172,8,0.738,NA
174,20,count-odds,ifs,FALSE,20,elitize_generation_data,173,7,0.753,NA
175,20,count-odds,ifs,FALSE,20,elitize_generation_data,174,8,0.715,NA
176,20,count-odds,ifs,FALSE,20,elitize_generation_data,175,9,0.717,NA
177,20,count-odds,ifs,FALSE,20,elitize_generation_data,176,9,0.706,NA
178,20,count-odds,ifs,FALSE,20,elitize_generation_data,177,10,0.707,NA
179,20,count-odds,ifs,FALSE,20,elitize_generation_data,178,11,0.688,NA
180,20,count-odds,ifs,FALSE,20,elitize_generation_data,179,7,0.71,NA
181,20,count-odds,ifs,FALSE,20,elitize_generation_data,180,7,0.729,NA
182,20,count-odds,ifs,FALSE,20,elitize_generation_data,181,10,0.744,NA
183,20,count-odds,ifs,FALSE,20,elitize_generation_data,182,8,0.744,NA
184,20,count-odds,ifs,FALSE,20,elitize_generation_data,183,8,0.768,NA
185,20,count-odds,ifs,FALSE,20,elitize_generation_data,184,7,0.754,NA
186,20,count-odds,ifs,FALSE,20,elitize_generation_data,185,6,0.767,NA
187,20,count-odds,ifs,FALSE,20,elitize_generation_data,186,8,0.773,NA
188,20,count-odds,ifs,FALSE,20,elitize_generation_data,187,8,0.772,NA
189,20,count-odds,ifs,FALSE,20,elitize_generation_data,188,7,0.788,NA
190,20,count-odds,ifs,FALSE,20,elitize_generation_data,189,8,0.765,NA
191,20,count-odds,ifs,FALSE,20,elitize_generation_data,190,8,0.788,NA
192,20,count-odds,ifs,FALSE,20,elitize_generation_data,191,6,0.799,NA
193,20,count-odds,ifs,FALSE,20,elitize_generation_data,192,7,0.794,NA
194,20,count-odds,ifs,FALSE,20,elitize_generation_data,193,8,0.769,NA
195,20,count-odds,ifs,FALSE,20,elitize_generation_data,194,6,0.778,NA
196,20,count-odds,ifs,FALSE,20,elitize_generation_data,195,8,0.783,NA
197,20,count-odds,ifs,FALSE,20,elitize_generation_data,196,6,0.779,NA
198,20,count-odds,ifs,FALSE,20,elitize_generation_data,197,5,0.775,NA
199,20,count-odds,ifs,FALSE,20,elitize_generation_data,198,8,0.813,NA
200,20,count-odds,ifs,FALSE,20,elitize_generation_data,199,7,0.777,NA
201,20,count-odds,ifs,FALSE,20,elitize_generation_data,200,8,0.79,NA
202,20,count-odds,ifs,FALSE,20,elitize_generation_data,201,7,0.786,NA
203,20,count-odds,ifs,FALSE,20,elitize_generation_data,202,9,0.801,NA
204,20,count-odds,ifs,FALSE,20,elitize_generation_data,203,9,0.801,NA
205,20,count-odds,ifs,FALSE,20,elitize_generation_data,204,9,0.786,NA
206,20,count-odds,ifs,FALSE,20,elitize_generation_data,205,5,0.793,NA
207,20,count-odds,ifs,FALSE,20,elitize_generation_data,206,10,0.798,NA
208,20,count-odds,ifs,FALSE,20,elitize_generation_data,207,9,0.807,NA
209,20,count-odds,ifs,FALSE,20,elitize_generation_data,208,6,0.777,NA
210,20,count-odds,ifs,FALSE,20,elitize_generation_data,209,9,0.773,NA
211,20,count-odds,ifs,FALSE,20,elitize_generation_data,210,12,0.765,NA
212,20,count-odds,ifs,FALSE,20,elitize_generation_data,211,7,0.782,NA
213,20,count-odds,ifs,FALSE,20,elitize_generation_data,212,6,0.762,NA
214,20,count-odds,ifs,FALSE,20,elitize_generation_data,213,7,0.751,NA
215,20,count-odds,ifs,FALSE,20,elitize_generation_data,214,4,0.74,NA
216,20,count-odds,ifs,FALSE,20,elitize_generation_data,215,9,0.745,NA
217,20,count-odds,ifs,FALSE,20,elitize_generation_data,216,10,0.736,NA
218,20,count-odds,ifs,FALSE,20,elitize_generation_data,217,10,0.719,NA
219,20,count-odds,ifs,FALSE,20,elitize_generation_data,218,8,0.713,NA
220,20,count-odds,ifs,FALSE,20,elitize_generation_data,219,8,0.698,NA
221,20,count-odds,ifs,FALSE,20,elitize_generation_data,220,9,0.691,NA
222,20,count-odds,ifs,FALSE,20,elitize_generation_data,221,10,0.671,NA
223,20,count-odds,ifs,FALSE,20,elitize_generation_data,222,9,0.692,NA
224,20,count-odds,ifs,FALSE,20,elitize_generation_data,223,7,0.7,NA
225,20,count-odds,ifs,FALSE,20,elitize_generation_data,224,6,0.7,NA
226,20,count-odds,ifs,FALSE,20,elitize_generation_data,225,8,0.703,NA
227,20,count-odds,ifs,FALSE,20,elitize_generation_data,226,7,0.694,NA
228,20,count-odds,ifs,FALSE,20,elitize_generation_data,227,6,0.697,NA
229,20,count-odds,ifs,FALSE,20,elitize_generation_data,228,7,0.7,NA
230,20,count-odds,ifs,FALSE,20,elitize_generation_data,229,8,0.662,NA
231,20,count-odds,ifs,FALSE,20,elitize_generation_data,230,5,0.695,NA
232,20,count-odds,ifs,FALSE,20,elitize_generation_data,231,11,0.69,NA
233,20,count-odds,ifs,FALSE,20,elitize_generation_data,232,8,0.671,NA
234,20,count-odds,ifs,FALSE,20,elitize_generation_data,233,5,0.717,NA
235,20,count-odds,ifs,FALSE,20,elitize_generation_data,234,8,0.689,NA
236,20,count-odds,ifs,FALSE,20,elitize_generation_data,235,8,0.685,NA
237,20,count-odds,ifs,FALSE,20,elitize_generation_data,236,6,0.705,NA
238,20,count-odds,ifs,FALSE,20,elitize_generation_data,237,9,0.702,NA
239,20,count-odds,ifs,FALSE,20,elitize_generation_data,238,9,0.734,NA
240,20,count-odds,ifs,FALSE,20,elitize_generation_data,239,9,0.725,NA
241,20,count-odds,ifs,FALSE,20,elitize_generation_data,240,9,0.723,NA
242,20,count-odds,ifs,FALSE,20,elitize_generation_data,241,6,0.735,NA
243,20,count-odds,ifs,FALSE,20,elitize_generation_data,242,5,0.757,NA
244,20,count-odds,ifs,FALSE,20,elitize_generation_data,243,6,0.74,NA
245,20,count-odds,ifs,FALSE,20,elitize_generation_data,244,10,0.72,NA
246,20,count-odds,ifs,FALSE,20,elitize_generation_data,245,7,0.695,NA
247,20,count-odds,ifs,FALSE,20,elitize_generation_data,246,8,0.722,NA
248,20,count-odds,ifs,FALSE,20,elitize_generation_data,247,5,0.719,NA
249,20,count-odds,ifs,FALSE,20,elitize_generation_data,248,8,0.724,NA
250,20,count-odds,ifs,FALSE,20,elitize_generation_data,249,8,0.694,NA
251,20,count-odds,ifs,FALSE,20,elitize_generation_data,250,4,0.674,NA
252,20,count-odds,ifs,FALSE,20,elitize_generation_data,251,7,0.706,NA
253,20,count-odds,ifs,FALSE,20,elitize_generation_data,252,7,0.703,NA
254,20,count-odds,ifs,FALSE,20,elitize_generation_data,253,7,0.723,NA
255,20,count-odds,ifs,FALSE,20,elitize_generation_data,254,11,0.705,NA
256,20,count-odds,ifs,FALSE,20,elitize_generation_data,255,9,0.724,NA
257,20,count-odds,ifs,FALSE,20,elitize_generation_data,256,9,0.698,NA
258,20,count-odds,ifs,FALSE,20,elitize_generation_data,257,6,0.718,NA
259,20,count-odds,ifs,FALSE,20,elitize_generation_data,258,6,0.725,NA
260,20,count-odds,ifs,FALSE,20,elitize_generation_data,259,9,0.724,NA
261,20,count-odds,ifs,FALSE,20,elitize_generation_data,260,9,0.725,NA
262,20,count-odds,ifs,FALSE,20,elitize_generation_data,261,7,0.736,NA
263,20,count-odds,ifs,FALSE,20,elitize_generation_data,262,8,0.704,NA
264,20,count-odds,ifs,FALSE,20,elitize_generation_data,263,9,0.705,NA
265,20,count-odds,ifs,FALSE,20,elitize_generation_data,264,6,0.706,NA
266,20,count-odds,ifs,FALSE,20,elitize_generation_data,265,8,0.718,NA
267,20,count-odds,ifs,FALSE,20,elitize_generation_data,266,8,0.722,NA
268,20,count-odds,ifs,FALSE,20,elitize_generation_data,267,5,0.702,NA
269,20,count-odds,ifs,FALSE,20,elitize_generation_data,268,6,0.698,NA
270,20,count-odds,ifs,FALSE,20,elitize_generation_data,269,5,0.699,NA
271,20,count-odds,ifs,FALSE,20,elitize_generation_data,270,6,0.702,NA
272,20,count-odds,ifs,FALSE,20,elitize_generation_data,271,11,0.686,NA
273,20,count-odds,ifs,FALSE,20,elitize_generation_data,272,8,0.703,NA
274,20,count-odds,ifs,FALSE,20,elitize_generation_data,273,5,0.696,NA
275,20,count-odds,ifs,FALSE,20,elitize_generation_data,274,6,0.69,NA
276,20,count-odds,ifs,FALSE,20,elitize_generation_data,275,10,0.716,NA
277,20,count-odds,ifs,FALSE,20,elitize_generation_data,276,4,0.744,NA
278,20,count-odds,ifs,FALSE,20,elitize_generation_data,277,6,0.742,NA
279,20,count-odds,ifs,FALSE,20,elitize_generation_data,278,9,0.739,NA
280,20,count-odds,ifs,FALSE,20,elitize_generation_data,279,8,0.735,NA
281,20,count-odds,ifs,FALSE,20,elitize_generation_data,280,8,0.745,NA
282,20,count-odds,ifs,FALSE,20,elitize_generation_data,281,7,0.712,NA
283,20,count-odds,ifs,FALSE,20,elitize_generation_data,282,5,0.719,NA
284,20,count-odds,ifs,FALSE,20,elitize_generation_data,283,11,0.709,NA
285,20,count-odds,ifs,FALSE,20,elitize_generation_data,284,7,0.734,NA
286,20,count-odds,ifs,FALSE,20,elitize_generation_data,285,6,0.737,NA
287,20,count-odds,ifs,FALSE,20,elitize_generation_data,286,11,0.747,NA
288,20,count-odds,ifs,FALSE,20,elitize_generation_data,287,7,0.753,NA
289,20,count-odds,ifs,FALSE,20,elitize_generation_data,288,5,0.701,NA
290,20,count-odds,ifs,FALSE,20,elitize_generation_data,289,6,0.722,NA
291,20,count-odds,ifs,FALSE,20,elitize_generation_data,290,11,0.732,NA
292,20,count-odds,ifs,FALSE,20,elitize_generation_data,291,7,0.733,NA
293,20,count-odds,ifs,FALSE,20,elitize_generation_data,292,7,0.739,NA
294,20,count-odds,ifs,FALSE,20,elitize_generation_data,293,9,0.719,NA
295,20,count-odds,ifs,FALSE,20,elitize_generation_data,294,7,0.73,NA
296,20,count-odds,ifs,FALSE,20,elitize_generation_data,295,13,0.726,NA
297,20,count-odds,ifs,FALSE,20,elitize_generation_data,296,7,0.707,NA
298,20,count-odds,ifs,FALSE,20,elitize_generation_data,297,8,0.709,NA
299,20,count-odds,ifs,FALSE,20,elitize_generation_data,298,6,0.683,NA
300,20,count-odds,ifs,FALSE,20,elitize_generation_data,299,13,0.727,NA
301,20,count-odds,ifs,FALSE,20,elitize_generation_data,300,10,0.717,NA
