,run.num,problem,treatment,succeeded,height,normalization.function,generation,cluster.count,error.diversity,success.generation
1,75,count-odds,ifs,FALSE,20,elitize_generation_data,0,7,0.18,NA
2,75,count-odds,ifs,FALSE,20,elitize_generation_data,1,9,0.105,NA
3,75,count-odds,ifs,FALSE,20,elitize_generation_data,2,7,0.085,NA
4,75,count-odds,ifs,FALSE,20,elitize_generation_data,3,4,0.059,NA
5,75,count-odds,ifs,FALSE,20,elitize_generation_data,4,6,0.045,NA
6,75,count-odds,ifs,FALSE,20,elitize_generation_data,5,5,0.056,NA
7,75,count-odds,ifs,FALSE,20,elitize_generation_data,6,6,0.053,NA
8,75,count-odds,ifs,FALSE,20,elitize_generation_data,7,4,0.092,NA
9,75,count-odds,ifs,FALSE,20,elitize_generation_data,8,5,0.097,NA
10,75,count-odds,ifs,FALSE,20,elitize_generation_data,9,5,0.099,NA
11,75,count-odds,ifs,FALSE,20,elitize_generation_data,10,4,0.127,NA
12,75,count-odds,ifs,FALSE,20,elitize_generation_data,11,4,0.158,NA
13,75,count-odds,ifs,FALSE,20,elitize_generation_data,12,7,0.211,NA
14,75,count-odds,ifs,FALSE,20,elitize_generation_data,13,5,0.26,NA
15,75,count-odds,ifs,FALSE,20,elitize_generation_data,14,7,0.265,NA
16,75,count-odds,ifs,FALSE,20,elitize_generation_data,15,8,0.291,NA
17,75,count-odds,ifs,FALSE,20,elitize_generation_data,16,5,0.284,NA
18,75,count-odds,ifs,FALSE,20,elitize_generation_data,17,5,0.299,NA
19,75,count-odds,ifs,FALSE,20,elitize_generation_data,18,7,0.32,NA
20,75,count-odds,ifs,FALSE,20,elitize_generation_data,19,9,0.308,NA
21,75,count-odds,ifs,FALSE,20,elitize_generation_data,20,6,0.317,NA
22,75,count-odds,ifs,FALSE,20,elitize_generation_data,21,7,0.3,NA
23,75,count-odds,ifs,FALSE,20,elitize_generation_data,22,6,0.282,NA
24,75,count-odds,ifs,FALSE,20,elitize_generation_data,23,7,0.308,NA
25,75,count-odds,ifs,FALSE,20,elitize_generation_data,24,5,0.28,NA
26,75,count-odds,ifs,FALSE,20,elitize_generation_data,25,5,0.276,NA
27,75,count-odds,ifs,FALSE,20,elitize_generation_data,26,6,0.285,NA
28,75,count-odds,ifs,FALSE,20,elitize_generation_data,27,9,0.299,NA
29,75,count-odds,ifs,FALSE,20,elitize_generation_data,28,7,0.295,NA
30,75,count-odds,ifs,FALSE,20,elitize_generation_data,29,7,0.291,NA
31,75,count-odds,ifs,FALSE,20,elitize_generation_data,30,7,0.296,NA
32,75,count-odds,ifs,FALSE,20,elitize_generation_data,31,7,0.312,NA
33,75,count-odds,ifs,FALSE,20,elitize_generation_data,32,8,0.324,NA
34,75,count-odds,ifs,FALSE,20,elitize_generation_data,33,13,0.384,NA
35,75,count-odds,ifs,FALSE,20,elitize_generation_data,34,15,0.497,NA
36,75,count-odds,ifs,FALSE,20,elitize_generation_data,35,18,0.545,NA
37,75,count-odds,ifs,FALSE,20,elitize_generation_data,36,24,0.595,NA
38,75,count-odds,ifs,FALSE,20,elitize_generation_data,37,27,0.637,NA
39,75,count-odds,ifs,FALSE,20,elitize_generation_data,38,22,0.601,NA
40,75,count-odds,ifs,FALSE,20,elitize_generation_data,39,19,0.583,NA
41,75,count-odds,ifs,FALSE,20,elitize_generation_data,40,21,0.508,NA
42,75,count-odds,ifs,FALSE,20,elitize_generation_data,41,14,0.384,NA
43,75,count-odds,ifs,FALSE,20,elitize_generation_data,42,14,0.247,NA
44,75,count-odds,ifs,FALSE,20,elitize_generation_data,43,12,0.23,NA
45,75,count-odds,ifs,FALSE,20,elitize_generation_data,44,12,0.254,NA
46,75,count-odds,ifs,FALSE,20,elitize_generation_data,45,13,0.256,NA
47,75,count-odds,ifs,FALSE,20,elitize_generation_data,46,12,0.252,NA
48,75,count-odds,ifs,FALSE,20,elitize_generation_data,47,16,0.272,NA
49,75,count-odds,ifs,FALSE,20,elitize_generation_data,48,10,0.255,NA
50,75,count-odds,ifs,FALSE,20,elitize_generation_data,49,13,0.249,NA
51,75,count-odds,ifs,FALSE,20,elitize_generation_data,50,11,0.206,NA
52,75,count-odds,ifs,FALSE,20,elitize_generation_data,51,11,0.233,NA
53,75,count-odds,ifs,FALSE,20,elitize_generation_data,52,8,0.256,NA
54,75,count-odds,ifs,FALSE,20,elitize_generation_data,53,14,0.269,NA
55,75,count-odds,ifs,FALSE,20,elitize_generation_data,54,12,0.277,NA
56,75,count-odds,ifs,FALSE,20,elitize_generation_data,55,10,0.337,NA
57,75,count-odds,ifs,FALSE,20,elitize_generation_data,56,8,0.412,NA
58,75,count-odds,ifs,FALSE,20,elitize_generation_data,57,15,0.476,NA
59,75,count-odds,ifs,FALSE,20,elitize_generation_data,58,14,0.534,NA
60,75,count-odds,ifs,FALSE,20,elitize_generation_data,59,10,0.579,NA
61,75,count-odds,ifs,FALSE,20,elitize_generation_data,60,10,0.601,NA
62,75,count-odds,ifs,FALSE,20,elitize_generation_data,61,10,0.578,NA
63,75,count-odds,ifs,FALSE,20,elitize_generation_data,62,8,0.574,NA
64,75,count-odds,ifs,FALSE,20,elitize_generation_data,63,8,0.581,NA
65,75,count-odds,ifs,FALSE,20,elitize_generation_data,64,9,0.546,NA
66,75,count-odds,ifs,FALSE,20,elitize_generation_data,65,11,0.572,NA
67,75,count-odds,ifs,FALSE,20,elitize_generation_data,66,9,0.587,NA
68,75,count-odds,ifs,FALSE,20,elitize_generation_data,67,8,0.58,NA
69,75,count-odds,ifs,FALSE,20,elitize_generation_data,68,6,0.598,NA
70,75,count-odds,ifs,FALSE,20,elitize_generation_data,69,9,0.558,NA
71,75,count-odds,ifs,FALSE,20,elitize_generation_data,70,9,0.577,NA
72,75,count-odds,ifs,FALSE,20,elitize_generation_data,71,11,0.587,NA
73,75,count-odds,ifs,FALSE,20,elitize_generation_data,72,12,0.605,NA
74,75,count-odds,ifs,FALSE,20,elitize_generation_data,73,6,0.6,NA
75,75,count-odds,ifs,FALSE,20,elitize_generation_data,74,9,0.586,NA
76,75,count-odds,ifs,FALSE,20,elitize_generation_data,75,8,0.564,NA
77,75,count-odds,ifs,FALSE,20,elitize_generation_data,76,8,0.544,NA
78,75,count-odds,ifs,FALSE,20,elitize_generation_data,77,7,0.573,NA
79,75,count-odds,ifs,FALSE,20,elitize_generation_data,78,11,0.561,NA
80,75,count-odds,ifs,FALSE,20,elitize_generation_data,79,10,0.592,NA
81,75,count-odds,ifs,FALSE,20,elitize_generation_data,80,6,0.561,NA
82,75,count-odds,ifs,FALSE,20,elitize_generation_data,81,10,0.604,NA
83,75,count-odds,ifs,FALSE,20,elitize_generation_data,82,9,0.568,NA
84,75,count-odds,ifs,FALSE,20,elitize_generation_data,83,8,0.562,NA
85,75,count-odds,ifs,FALSE,20,elitize_generation_data,84,12,0.543,NA
86,75,count-odds,ifs,FALSE,20,elitize_generation_data,85,8,0.579,NA
87,75,count-odds,ifs,FALSE,20,elitize_generation_data,86,9,0.551,NA
88,75,count-odds,ifs,FALSE,20,elitize_generation_data,87,11,0.523,NA
89,75,count-odds,ifs,FALSE,20,elitize_generation_data,88,8,0.545,NA
90,75,count-odds,ifs,FALSE,20,elitize_generation_data,89,11,0.543,NA
91,75,count-odds,ifs,FALSE,20,elitize_generation_data,90,9,0.559,NA
92,75,count-odds,ifs,FALSE,20,elitize_generation_data,91,7,0.614,NA
93,75,count-odds,ifs,FALSE,20,elitize_generation_data,92,7,0.581,NA
94,75,count-odds,ifs,FALSE,20,elitize_generation_data,93,10,0.569,NA
95,75,count-odds,ifs,FALSE,20,elitize_generation_data,94,6,0.603,NA
96,75,count-odds,ifs,FALSE,20,elitize_generation_data,95,7,0.587,NA
97,75,count-odds,ifs,FALSE,20,elitize_generation_data,96,10,0.561,NA
98,75,count-odds,ifs,FALSE,20,elitize_generation_data,97,9,0.556,NA
99,75,count-odds,ifs,FALSE,20,elitize_generation_data,98,8,0.553,NA
100,75,count-odds,ifs,FALSE,20,elitize_generation_data,99,12,0.577,NA
101,75,count-odds,ifs,FALSE,20,elitize_generation_data,100,5,0.544,NA
102,75,count-odds,ifs,FALSE,20,elitize_generation_data,101,7,0.534,NA
103,75,count-odds,ifs,FALSE,20,elitize_generation_data,102,9,0.546,NA
104,75,count-odds,ifs,FALSE,20,elitize_generation_data,103,5,0.524,NA
105,75,count-odds,ifs,FALSE,20,elitize_generation_data,104,8,0.525,NA
106,75,count-odds,ifs,FALSE,20,elitize_generation_data,105,7,0.523,NA
107,75,count-odds,ifs,FALSE,20,elitize_generation_data,106,8,0.537,NA
108,75,count-odds,ifs,FALSE,20,elitize_generation_data,107,13,0.547,NA
109,75,count-odds,ifs,FALSE,20,elitize_generation_data,108,8,0.523,NA
110,75,count-odds,ifs,FALSE,20,elitize_generation_data,109,7,0.546,NA
111,75,count-odds,ifs,FALSE,20,elitize_generation_data,110,8,0.521,NA
112,75,count-odds,ifs,FALSE,20,elitize_generation_data,111,8,0.543,NA
113,75,count-odds,ifs,FALSE,20,elitize_generation_data,112,8,0.523,NA
114,75,count-odds,ifs,FALSE,20,elitize_generation_data,113,8,0.493,NA
115,75,count-odds,ifs,FALSE,20,elitize_generation_data,114,8,0.546,NA
116,75,count-odds,ifs,FALSE,20,elitize_generation_data,115,11,0.515,NA
117,75,count-odds,ifs,FALSE,20,elitize_generation_data,116,13,0.517,NA
118,75,count-odds,ifs,FALSE,20,elitize_generation_data,117,9,0.518,NA
119,75,count-odds,ifs,FALSE,20,elitize_generation_data,118,10,0.527,NA
120,75,count-odds,ifs,FALSE,20,elitize_generation_data,119,11,0.54,NA
121,75,count-odds,ifs,FALSE,20,elitize_generation_data,120,8,0.508,NA
122,75,count-odds,ifs,FALSE,20,elitize_generation_data,121,8,0.487,NA
123,75,count-odds,ifs,FALSE,20,elitize_generation_data,122,6,0.524,NA
124,75,count-odds,ifs,FALSE,20,elitize_generation_data,123,9,0.529,NA
125,75,count-odds,ifs,FALSE,20,elitize_generation_data,124,9,0.515,NA
126,75,count-odds,ifs,FALSE,20,elitize_generation_data,125,12,0.528,NA
127,75,count-odds,ifs,FALSE,20,elitize_generation_data,126,10,0.502,NA
128,75,count-odds,ifs,FALSE,20,elitize_generation_data,127,11,0.536,NA
129,75,count-odds,ifs,FALSE,20,elitize_generation_data,128,9,0.545,NA
130,75,count-odds,ifs,FALSE,20,elitize_generation_data,129,9,0.533,NA
131,75,count-odds,ifs,FALSE,20,elitize_generation_data,130,11,0.532,NA
132,75,count-odds,ifs,FALSE,20,elitize_generation_data,131,10,0.524,NA
133,75,count-odds,ifs,FALSE,20,elitize_generation_data,132,12,0.534,NA
134,75,count-odds,ifs,FALSE,20,elitize_generation_data,133,7,0.562,NA
135,75,count-odds,ifs,FALSE,20,elitize_generation_data,134,7,0.554,NA
136,75,count-odds,ifs,FALSE,20,elitize_generation_data,135,7,0.559,NA
137,75,count-odds,ifs,FALSE,20,elitize_generation_data,136,9,0.56,NA
138,75,count-odds,ifs,FALSE,20,elitize_generation_data,137,11,0.564,NA
139,75,count-odds,ifs,FALSE,20,elitize_generation_data,138,7,0.561,NA
140,75,count-odds,ifs,FALSE,20,elitize_generation_data,139,8,0.579,NA
141,75,count-odds,ifs,FALSE,20,elitize_generation_data,140,10,0.556,NA
142,75,count-odds,ifs,FALSE,20,elitize_generation_data,141,13,0.552,NA
143,75,count-odds,ifs,FALSE,20,elitize_generation_data,142,14,0.561,NA
144,75,count-odds,ifs,FALSE,20,elitize_generation_data,143,10,0.536,NA
145,75,count-odds,ifs,FALSE,20,elitize_generation_data,144,9,0.545,NA
146,75,count-odds,ifs,FALSE,20,elitize_generation_data,145,8,0.545,NA
147,75,count-odds,ifs,FALSE,20,elitize_generation_data,146,9,0.543,NA
148,75,count-odds,ifs,FALSE,20,elitize_generation_data,147,9,0.548,NA
149,75,count-odds,ifs,FALSE,20,elitize_generation_data,148,10,0.575,NA
150,75,count-odds,ifs,FALSE,20,elitize_generation_data,149,10,0.55,NA
151,75,count-odds,ifs,FALSE,20,elitize_generation_data,150,8,0.552,NA
152,75,count-odds,ifs,FALSE,20,elitize_generation_data,151,11,0.535,NA
153,75,count-odds,ifs,FALSE,20,elitize_generation_data,152,9,0.545,NA
154,75,count-odds,ifs,FALSE,20,elitize_generation_data,153,8,0.539,NA
155,75,count-odds,ifs,FALSE,20,elitize_generation_data,154,8,0.582,NA
156,75,count-odds,ifs,FALSE,20,elitize_generation_data,155,7,0.546,NA
157,75,count-odds,ifs,FALSE,20,elitize_generation_data,156,12,0.537,NA
158,75,count-odds,ifs,FALSE,20,elitize_generation_data,157,10,0.549,NA
159,75,count-odds,ifs,FALSE,20,elitize_generation_data,158,8,0.544,NA
160,75,count-odds,ifs,FALSE,20,elitize_generation_data,159,8,0.553,NA
161,75,count-odds,ifs,FALSE,20,elitize_generation_data,160,8,0.558,NA
162,75,count-odds,ifs,FALSE,20,elitize_generation_data,161,8,0.557,NA
163,75,count-odds,ifs,FALSE,20,elitize_generation_data,162,10,0.567,NA
164,75,count-odds,ifs,FALSE,20,elitize_generation_data,163,11,0.507,NA
165,75,count-odds,ifs,FALSE,20,elitize_generation_data,164,8,0.523,NA
166,75,count-odds,ifs,FALSE,20,elitize_generation_data,165,8,0.514,NA
167,75,count-odds,ifs,FALSE,20,elitize_generation_data,166,11,0.506,NA
168,75,count-odds,ifs,FALSE,20,elitize_generation_data,167,9,0.544,NA
169,75,count-odds,ifs,FALSE,20,elitize_generation_data,168,10,0.546,NA
170,75,count-odds,ifs,FALSE,20,elitize_generation_data,169,7,0.547,NA
171,75,count-odds,ifs,FALSE,20,elitize_generation_data,170,9,0.518,NA
172,75,count-odds,ifs,FALSE,20,elitize_generation_data,171,10,0.547,NA
173,75,count-odds,ifs,FALSE,20,elitize_generation_data,172,10,0.541,NA
174,75,count-odds,ifs,FALSE,20,elitize_generation_data,173,14,0.538,NA
175,75,count-odds,ifs,FALSE,20,elitize_generation_data,174,9,0.535,NA
176,75,count-odds,ifs,FALSE,20,elitize_generation_data,175,8,0.545,NA
177,75,count-odds,ifs,FALSE,20,elitize_generation_data,176,9,0.509,NA
178,75,count-odds,ifs,FALSE,20,elitize_generation_data,177,10,0.512,NA
179,75,count-odds,ifs,FALSE,20,elitize_generation_data,178,11,0.517,NA
180,75,count-odds,ifs,FALSE,20,elitize_generation_data,179,8,0.539,NA
181,75,count-odds,ifs,FALSE,20,elitize_generation_data,180,8,0.539,NA
182,75,count-odds,ifs,FALSE,20,elitize_generation_data,181,10,0.537,NA
183,75,count-odds,ifs,FALSE,20,elitize_generation_data,182,9,0.533,NA
184,75,count-odds,ifs,FALSE,20,elitize_generation_data,183,9,0.554,NA
185,75,count-odds,ifs,FALSE,20,elitize_generation_data,184,12,0.541,NA
186,75,count-odds,ifs,FALSE,20,elitize_generation_data,185,8,0.575,NA
187,75,count-odds,ifs,FALSE,20,elitize_generation_data,186,10,0.539,NA
188,75,count-odds,ifs,FALSE,20,elitize_generation_data,187,10,0.546,NA
189,75,count-odds,ifs,FALSE,20,elitize_generation_data,188,7,0.568,NA
190,75,count-odds,ifs,FALSE,20,elitize_generation_data,189,9,0.535,NA
191,75,count-odds,ifs,FALSE,20,elitize_generation_data,190,10,0.561,NA
192,75,count-odds,ifs,FALSE,20,elitize_generation_data,191,8,0.518,NA
193,75,count-odds,ifs,FALSE,20,elitize_generation_data,192,11,0.568,NA
194,75,count-odds,ifs,FALSE,20,elitize_generation_data,193,9,0.553,NA
195,75,count-odds,ifs,FALSE,20,elitize_generation_data,194,9,0.574,NA
196,75,count-odds,ifs,FALSE,20,elitize_generation_data,195,10,0.56,NA
197,75,count-odds,ifs,FALSE,20,elitize_generation_data,196,8,0.585,NA
198,75,count-odds,ifs,FALSE,20,elitize_generation_data,197,12,0.566,NA
199,75,count-odds,ifs,FALSE,20,elitize_generation_data,198,12,0.565,NA
200,75,count-odds,ifs,FALSE,20,elitize_generation_data,199,10,0.549,NA
201,75,count-odds,ifs,FALSE,20,elitize_generation_data,200,8,0.548,NA
202,75,count-odds,ifs,FALSE,20,elitize_generation_data,201,9,0.565,NA
203,75,count-odds,ifs,FALSE,20,elitize_generation_data,202,10,0.535,NA
204,75,count-odds,ifs,FALSE,20,elitize_generation_data,203,8,0.557,NA
205,75,count-odds,ifs,FALSE,20,elitize_generation_data,204,10,0.547,NA
206,75,count-odds,ifs,FALSE,20,elitize_generation_data,205,9,0.54,NA
207,75,count-odds,ifs,FALSE,20,elitize_generation_data,206,11,0.551,NA
208,75,count-odds,ifs,FALSE,20,elitize_generation_data,207,9,0.561,NA
209,75,count-odds,ifs,FALSE,20,elitize_generation_data,208,14,0.567,NA
210,75,count-odds,ifs,FALSE,20,elitize_generation_data,209,12,0.544,NA
211,75,count-odds,ifs,FALSE,20,elitize_generation_data,210,9,0.551,NA
212,75,count-odds,ifs,FALSE,20,elitize_generation_data,211,9,0.545,NA
213,75,count-odds,ifs,FALSE,20,elitize_generation_data,212,8,0.547,NA
214,75,count-odds,ifs,FALSE,20,elitize_generation_data,213,9,0.571,NA
215,75,count-odds,ifs,FALSE,20,elitize_generation_data,214,7,0.551,NA
216,75,count-odds,ifs,FALSE,20,elitize_generation_data,215,9,0.556,NA
217,75,count-odds,ifs,FALSE,20,elitize_generation_data,216,8,0.537,NA
218,75,count-odds,ifs,FALSE,20,elitize_generation_data,217,8,0.549,NA
219,75,count-odds,ifs,FALSE,20,elitize_generation_data,218,8,0.518,NA
220,75,count-odds,ifs,FALSE,20,elitize_generation_data,219,8,0.537,NA
221,75,count-odds,ifs,FALSE,20,elitize_generation_data,220,8,0.52,NA
222,75,count-odds,ifs,FALSE,20,elitize_generation_data,221,6,0.562,NA
223,75,count-odds,ifs,FALSE,20,elitize_generation_data,222,11,0.553,NA
224,75,count-odds,ifs,FALSE,20,elitize_generation_data,223,9,0.531,NA
225,75,count-odds,ifs,FALSE,20,elitize_generation_data,224,10,0.54,NA
226,75,count-odds,ifs,FALSE,20,elitize_generation_data,225,10,0.535,NA
227,75,count-odds,ifs,FALSE,20,elitize_generation_data,226,7,0.535,NA
228,75,count-odds,ifs,FALSE,20,elitize_generation_data,227,8,0.549,NA
229,75,count-odds,ifs,FALSE,20,elitize_generation_data,228,9,0.53,NA
230,75,count-odds,ifs,FALSE,20,elitize_generation_data,229,10,0.554,NA
231,75,count-odds,ifs,FALSE,20,elitize_generation_data,230,10,0.543,NA
232,75,count-odds,ifs,FALSE,20,elitize_generation_data,231,9,0.549,NA
233,75,count-odds,ifs,FALSE,20,elitize_generation_data,232,8,0.519,NA
234,75,count-odds,ifs,FALSE,20,elitize_generation_data,233,7,0.524,NA
235,75,count-odds,ifs,FALSE,20,elitize_generation_data,234,8,0.545,NA
236,75,count-odds,ifs,FALSE,20,elitize_generation_data,235,11,0.52,NA
237,75,count-odds,ifs,FALSE,20,elitize_generation_data,236,7,0.543,NA
238,75,count-odds,ifs,FALSE,20,elitize_generation_data,237,9,0.531,NA
239,75,count-odds,ifs,FALSE,20,elitize_generation_data,238,10,0.527,NA
240,75,count-odds,ifs,FALSE,20,elitize_generation_data,239,7,0.516,NA
241,75,count-odds,ifs,FALSE,20,elitize_generation_data,240,9,0.541,NA
242,75,count-odds,ifs,FALSE,20,elitize_generation_data,241,7,0.538,NA
243,75,count-odds,ifs,FALSE,20,elitize_generation_data,242,11,0.533,NA
244,75,count-odds,ifs,FALSE,20,elitize_generation_data,243,10,0.538,NA
245,75,count-odds,ifs,FALSE,20,elitize_generation_data,244,8,0.515,NA
246,75,count-odds,ifs,FALSE,20,elitize_generation_data,245,8,0.554,NA
247,75,count-odds,ifs,FALSE,20,elitize_generation_data,246,9,0.536,NA
248,75,count-odds,ifs,FALSE,20,elitize_generation_data,247,7,0.543,NA
249,75,count-odds,ifs,FALSE,20,elitize_generation_data,248,8,0.515,NA
250,75,count-odds,ifs,FALSE,20,elitize_generation_data,249,8,0.528,NA
251,75,count-odds,ifs,FALSE,20,elitize_generation_data,250,7,0.533,NA
252,75,count-odds,ifs,FALSE,20,elitize_generation_data,251,11,0.515,NA
253,75,count-odds,ifs,FALSE,20,elitize_generation_data,252,7,0.534,NA
254,75,count-odds,ifs,FALSE,20,elitize_generation_data,253,9,0.565,NA
255,75,count-odds,ifs,FALSE,20,elitize_generation_data,254,10,0.532,NA
256,75,count-odds,ifs,FALSE,20,elitize_generation_data,255,7,0.52,NA
257,75,count-odds,ifs,FALSE,20,elitize_generation_data,256,10,0.555,NA
258,75,count-odds,ifs,FALSE,20,elitize_generation_data,257,9,0.511,NA
259,75,count-odds,ifs,FALSE,20,elitize_generation_data,258,11,0.517,NA
260,75,count-odds,ifs,FALSE,20,elitize_generation_data,259,10,0.529,NA
261,75,count-odds,ifs,FALSE,20,elitize_generation_data,260,9,0.513,NA
262,75,count-odds,ifs,FALSE,20,elitize_generation_data,261,9,0.511,NA
263,75,count-odds,ifs,FALSE,20,elitize_generation_data,262,9,0.542,NA
264,75,count-odds,ifs,FALSE,20,elitize_generation_data,263,8,0.547,NA
265,75,count-odds,ifs,FALSE,20,elitize_generation_data,264,9,0.557,NA
266,75,count-odds,ifs,FALSE,20,elitize_generation_data,265,8,0.549,NA
267,75,count-odds,ifs,FALSE,20,elitize_generation_data,266,9,0.531,NA
268,75,count-odds,ifs,FALSE,20,elitize_generation_data,267,9,0.56,NA
269,75,count-odds,ifs,FALSE,20,elitize_generation_data,268,8,0.541,NA
270,75,count-odds,ifs,FALSE,20,elitize_generation_data,269,9,0.529,NA
271,75,count-odds,ifs,FALSE,20,elitize_generation_data,270,10,0.547,NA
272,75,count-odds,ifs,FALSE,20,elitize_generation_data,271,8,0.528,NA
273,75,count-odds,ifs,FALSE,20,elitize_generation_data,272,8,0.533,NA
274,75,count-odds,ifs,FALSE,20,elitize_generation_data,273,10,0.525,NA
275,75,count-odds,ifs,FALSE,20,elitize_generation_data,274,11,0.543,NA
276,75,count-odds,ifs,FALSE,20,elitize_generation_data,275,9,0.523,NA
277,75,count-odds,ifs,FALSE,20,elitize_generation_data,276,10,0.547,NA
278,75,count-odds,ifs,FALSE,20,elitize_generation_data,277,11,0.532,NA
279,75,count-odds,ifs,FALSE,20,elitize_generation_data,278,9,0.569,NA
280,75,count-odds,ifs,FALSE,20,elitize_generation_data,279,11,0.542,NA
281,75,count-odds,ifs,FALSE,20,elitize_generation_data,280,9,0.527,NA
282,75,count-odds,ifs,FALSE,20,elitize_generation_data,281,9,0.526,NA
283,75,count-odds,ifs,FALSE,20,elitize_generation_data,282,9,0.564,NA
284,75,count-odds,ifs,FALSE,20,elitize_generation_data,283,8,0.537,NA
285,75,count-odds,ifs,FALSE,20,elitize_generation_data,284,7,0.514,NA
286,75,count-odds,ifs,FALSE,20,elitize_generation_data,285,9,0.523,NA
287,75,count-odds,ifs,FALSE,20,elitize_generation_data,286,7,0.531,NA
288,75,count-odds,ifs,FALSE,20,elitize_generation_data,287,12,0.516,NA
289,75,count-odds,ifs,FALSE,20,elitize_generation_data,288,8,0.532,NA
290,75,count-odds,ifs,FALSE,20,elitize_generation_data,289,10,0.518,NA
291,75,count-odds,ifs,FALSE,20,elitize_generation_data,290,9,0.537,NA
292,75,count-odds,ifs,FALSE,20,elitize_generation_data,291,11,0.537,NA
293,75,count-odds,ifs,FALSE,20,elitize_generation_data,292,10,0.522,NA
294,75,count-odds,ifs,FALSE,20,elitize_generation_data,293,10,0.541,NA
295,75,count-odds,ifs,FALSE,20,elitize_generation_data,294,8,0.569,NA
296,75,count-odds,ifs,FALSE,20,elitize_generation_data,295,8,0.549,NA
297,75,count-odds,ifs,FALSE,20,elitize_generation_data,296,8,0.571,NA
298,75,count-odds,ifs,FALSE,20,elitize_generation_data,297,11,0.527,NA
299,75,count-odds,ifs,FALSE,20,elitize_generation_data,298,10,0.574,NA
300,75,count-odds,ifs,FALSE,20,elitize_generation_data,299,7,0.534,NA
301,75,count-odds,ifs,FALSE,20,elitize_generation_data,300,11,0.535,NA
