,run.num,problem,treatment,succeeded,height,normalization.function,generation,cluster.count,error.diversity,success.generation
1,85,count-odds,ifs,FALSE,20,elitize_generation_data,0,5,0.172,NA
2,85,count-odds,ifs,FALSE,20,elitize_generation_data,1,6,0.091,NA
3,85,count-odds,ifs,FALSE,20,elitize_generation_data,2,5,0.057,NA
4,85,count-odds,ifs,FALSE,20,elitize_generation_data,3,5,0.037,NA
5,85,count-odds,ifs,FALSE,20,elitize_generation_data,4,7,0.034,NA
6,85,count-odds,ifs,FALSE,20,elitize_generation_data,5,7,0.034,NA
7,85,count-odds,ifs,FALSE,20,elitize_generation_data,6,4,0.041,NA
8,85,count-odds,ifs,FALSE,20,elitize_generation_data,7,6,0.051,NA
9,85,count-odds,ifs,FALSE,20,elitize_generation_data,8,11,0.085,NA
10,85,count-odds,ifs,FALSE,20,elitize_generation_data,9,11,0.201,NA
11,85,count-odds,ifs,FALSE,20,elitize_generation_data,10,10,0.336,NA
12,85,count-odds,ifs,FALSE,20,elitize_generation_data,11,8,0.424,NA
13,85,count-odds,ifs,FALSE,20,elitize_generation_data,12,15,0.486,NA
14,85,count-odds,ifs,FALSE,20,elitize_generation_data,13,17,0.528,NA
15,85,count-odds,ifs,FALSE,20,elitize_generation_data,14,16,0.572,NA
16,85,count-odds,ifs,FALSE,20,elitize_generation_data,15,25,0.613,NA
17,85,count-odds,ifs,FALSE,20,elitize_generation_data,16,21,0.597,NA
18,85,count-odds,ifs,FALSE,20,elitize_generation_data,17,25,0.615,NA
19,85,count-odds,ifs,FALSE,20,elitize_generation_data,18,20,0.625,NA
20,85,count-odds,ifs,FALSE,20,elitize_generation_data,19,27,0.631,NA
21,85,count-odds,ifs,FALSE,20,elitize_generation_data,20,25,0.594,NA
22,85,count-odds,ifs,FALSE,20,elitize_generation_data,21,21,0.619,NA
23,85,count-odds,ifs,FALSE,20,elitize_generation_data,22,19,0.625,NA
24,85,count-odds,ifs,FALSE,20,elitize_generation_data,23,17,0.607,NA
25,85,count-odds,ifs,FALSE,20,elitize_generation_data,24,19,0.604,NA
26,85,count-odds,ifs,FALSE,20,elitize_generation_data,25,21,0.608,NA
27,85,count-odds,ifs,FALSE,20,elitize_generation_data,26,19,0.638,NA
28,85,count-odds,ifs,FALSE,20,elitize_generation_data,27,14,0.625,NA
29,85,count-odds,ifs,FALSE,20,elitize_generation_data,28,18,0.689,NA
30,85,count-odds,ifs,FALSE,20,elitize_generation_data,29,18,0.688,NA
31,85,count-odds,ifs,FALSE,20,elitize_generation_data,30,18,0.677,NA
32,85,count-odds,ifs,FALSE,20,elitize_generation_data,31,19,0.647,NA
33,85,count-odds,ifs,FALSE,20,elitize_generation_data,32,18,0.649,NA
34,85,count-odds,ifs,FALSE,20,elitize_generation_data,33,15,0.668,NA
35,85,count-odds,ifs,FALSE,20,elitize_generation_data,34,15,0.663,NA
36,85,count-odds,ifs,FALSE,20,elitize_generation_data,35,18,0.633,NA
37,85,count-odds,ifs,FALSE,20,elitize_generation_data,36,15,0.629,NA
38,85,count-odds,ifs,FALSE,20,elitize_generation_data,37,17,0.626,NA
39,85,count-odds,ifs,FALSE,20,elitize_generation_data,38,11,0.637,NA
40,85,count-odds,ifs,FALSE,20,elitize_generation_data,39,15,0.617,NA
41,85,count-odds,ifs,FALSE,20,elitize_generation_data,40,7,0.616,NA
42,85,count-odds,ifs,FALSE,20,elitize_generation_data,41,13,0.637,NA
43,85,count-odds,ifs,FALSE,20,elitize_generation_data,42,13,0.621,NA
44,85,count-odds,ifs,FALSE,20,elitize_generation_data,43,11,0.624,NA
45,85,count-odds,ifs,FALSE,20,elitize_generation_data,44,17,0.623,NA
46,85,count-odds,ifs,FALSE,20,elitize_generation_data,45,15,0.631,NA
47,85,count-odds,ifs,FALSE,20,elitize_generation_data,46,14,0.593,NA
48,85,count-odds,ifs,FALSE,20,elitize_generation_data,47,13,0.559,NA
49,85,count-odds,ifs,FALSE,20,elitize_generation_data,48,14,0.571,NA
50,85,count-odds,ifs,FALSE,20,elitize_generation_data,49,12,0.548,NA
51,85,count-odds,ifs,FALSE,20,elitize_generation_data,50,13,0.566,NA
52,85,count-odds,ifs,FALSE,20,elitize_generation_data,51,9,0.555,NA
53,85,count-odds,ifs,FALSE,20,elitize_generation_data,52,11,0.63,NA
54,85,count-odds,ifs,FALSE,20,elitize_generation_data,53,15,0.616,NA
55,85,count-odds,ifs,FALSE,20,elitize_generation_data,54,15,0.641,NA
56,85,count-odds,ifs,FALSE,20,elitize_generation_data,55,16,0.643,NA
57,85,count-odds,ifs,FALSE,20,elitize_generation_data,56,11,0.626,NA
58,85,count-odds,ifs,FALSE,20,elitize_generation_data,57,14,0.645,NA
59,85,count-odds,ifs,FALSE,20,elitize_generation_data,58,17,0.634,NA
60,85,count-odds,ifs,FALSE,20,elitize_generation_data,59,12,0.633,NA
61,85,count-odds,ifs,FALSE,20,elitize_generation_data,60,12,0.627,NA
62,85,count-odds,ifs,FALSE,20,elitize_generation_data,61,11,0.631,NA
63,85,count-odds,ifs,FALSE,20,elitize_generation_data,62,8,0.624,NA
64,85,count-odds,ifs,FALSE,20,elitize_generation_data,63,9,0.599,NA
65,85,count-odds,ifs,FALSE,20,elitize_generation_data,64,10,0.603,NA
66,85,count-odds,ifs,FALSE,20,elitize_generation_data,65,8,0.584,NA
67,85,count-odds,ifs,FALSE,20,elitize_generation_data,66,7,0.631,NA
68,85,count-odds,ifs,FALSE,20,elitize_generation_data,67,11,0.602,NA
69,85,count-odds,ifs,FALSE,20,elitize_generation_data,68,5,0.638,NA
70,85,count-odds,ifs,FALSE,20,elitize_generation_data,69,10,0.6,NA
71,85,count-odds,ifs,FALSE,20,elitize_generation_data,70,10,0.592,NA
72,85,count-odds,ifs,FALSE,20,elitize_generation_data,71,9,0.602,NA
73,85,count-odds,ifs,FALSE,20,elitize_generation_data,72,10,0.603,NA
74,85,count-odds,ifs,FALSE,20,elitize_generation_data,73,8,0.611,NA
75,85,count-odds,ifs,FALSE,20,elitize_generation_data,74,11,0.63,NA
76,85,count-odds,ifs,FALSE,20,elitize_generation_data,75,15,0.621,NA
77,85,count-odds,ifs,FALSE,20,elitize_generation_data,76,11,0.627,NA
78,85,count-odds,ifs,FALSE,20,elitize_generation_data,77,11,0.588,NA
79,85,count-odds,ifs,FALSE,20,elitize_generation_data,78,10,0.621,NA
80,85,count-odds,ifs,FALSE,20,elitize_generation_data,79,14,0.591,NA
81,85,count-odds,ifs,FALSE,20,elitize_generation_data,80,11,0.576,NA
82,85,count-odds,ifs,FALSE,20,elitize_generation_data,81,10,0.554,NA
83,85,count-odds,ifs,FALSE,20,elitize_generation_data,82,14,0.56,NA
84,85,count-odds,ifs,FALSE,20,elitize_generation_data,83,10,0.561,NA
85,85,count-odds,ifs,FALSE,20,elitize_generation_data,84,9,0.593,NA
86,85,count-odds,ifs,FALSE,20,elitize_generation_data,85,12,0.587,NA
87,85,count-odds,ifs,FALSE,20,elitize_generation_data,86,12,0.572,NA
88,85,count-odds,ifs,FALSE,20,elitize_generation_data,87,13,0.591,NA
89,85,count-odds,ifs,FALSE,20,elitize_generation_data,88,10,0.584,NA
90,85,count-odds,ifs,FALSE,20,elitize_generation_data,89,11,0.613,NA
91,85,count-odds,ifs,FALSE,20,elitize_generation_data,90,9,0.618,NA
92,85,count-odds,ifs,FALSE,20,elitize_generation_data,91,11,0.592,NA
93,85,count-odds,ifs,FALSE,20,elitize_generation_data,92,12,0.58,NA
94,85,count-odds,ifs,FALSE,20,elitize_generation_data,93,10,0.594,NA
95,85,count-odds,ifs,FALSE,20,elitize_generation_data,94,6,0.618,NA
96,85,count-odds,ifs,FALSE,20,elitize_generation_data,95,10,0.591,NA
97,85,count-odds,ifs,FALSE,20,elitize_generation_data,96,12,0.585,NA
98,85,count-odds,ifs,FALSE,20,elitize_generation_data,97,10,0.581,NA
99,85,count-odds,ifs,FALSE,20,elitize_generation_data,98,11,0.582,NA
100,85,count-odds,ifs,FALSE,20,elitize_generation_data,99,14,0.613,NA
101,85,count-odds,ifs,FALSE,20,elitize_generation_data,100,8,0.602,NA
102,85,count-odds,ifs,FALSE,20,elitize_generation_data,101,14,0.628,NA
103,85,count-odds,ifs,FALSE,20,elitize_generation_data,102,10,0.642,NA
104,85,count-odds,ifs,FALSE,20,elitize_generation_data,103,11,0.632,NA
105,85,count-odds,ifs,FALSE,20,elitize_generation_data,104,10,0.622,NA
106,85,count-odds,ifs,FALSE,20,elitize_generation_data,105,10,0.638,NA
107,85,count-odds,ifs,FALSE,20,elitize_generation_data,106,14,0.619,NA
108,85,count-odds,ifs,FALSE,20,elitize_generation_data,107,12,0.646,NA
109,85,count-odds,ifs,FALSE,20,elitize_generation_data,108,12,0.62,NA
110,85,count-odds,ifs,FALSE,20,elitize_generation_data,109,11,0.618,NA
111,85,count-odds,ifs,FALSE,20,elitize_generation_data,110,8,0.614,NA
112,85,count-odds,ifs,FALSE,20,elitize_generation_data,111,9,0.613,NA
113,85,count-odds,ifs,FALSE,20,elitize_generation_data,112,7,0.633,NA
114,85,count-odds,ifs,FALSE,20,elitize_generation_data,113,9,0.621,NA
115,85,count-odds,ifs,FALSE,20,elitize_generation_data,114,8,0.608,NA
116,85,count-odds,ifs,FALSE,20,elitize_generation_data,115,8,0.626,NA
117,85,count-odds,ifs,FALSE,20,elitize_generation_data,116,12,0.627,NA
118,85,count-odds,ifs,FALSE,20,elitize_generation_data,117,11,0.626,NA
119,85,count-odds,ifs,FALSE,20,elitize_generation_data,118,10,0.618,NA
120,85,count-odds,ifs,FALSE,20,elitize_generation_data,119,6,0.66,NA
121,85,count-odds,ifs,FALSE,20,elitize_generation_data,120,10,0.635,NA
122,85,count-odds,ifs,FALSE,20,elitize_generation_data,121,12,0.638,NA
123,85,count-odds,ifs,FALSE,20,elitize_generation_data,122,8,0.615,NA
124,85,count-odds,ifs,FALSE,20,elitize_generation_data,123,9,0.603,NA
125,85,count-odds,ifs,FALSE,20,elitize_generation_data,124,8,0.578,NA
126,85,count-odds,ifs,FALSE,20,elitize_generation_data,125,8,0.583,NA
127,85,count-odds,ifs,FALSE,20,elitize_generation_data,126,11,0.595,NA
128,85,count-odds,ifs,FALSE,20,elitize_generation_data,127,13,0.606,NA
129,85,count-odds,ifs,FALSE,20,elitize_generation_data,128,9,0.627,NA
130,85,count-odds,ifs,FALSE,20,elitize_generation_data,129,12,0.607,NA
131,85,count-odds,ifs,FALSE,20,elitize_generation_data,130,10,0.606,NA
132,85,count-odds,ifs,FALSE,20,elitize_generation_data,131,10,0.622,NA
133,85,count-odds,ifs,FALSE,20,elitize_generation_data,132,11,0.627,NA
134,85,count-odds,ifs,FALSE,20,elitize_generation_data,133,6,0.584,NA
135,85,count-odds,ifs,FALSE,20,elitize_generation_data,134,9,0.617,NA
136,85,count-odds,ifs,FALSE,20,elitize_generation_data,135,9,0.641,NA
137,85,count-odds,ifs,FALSE,20,elitize_generation_data,136,12,0.616,NA
138,85,count-odds,ifs,FALSE,20,elitize_generation_data,137,11,0.664,NA
139,85,count-odds,ifs,FALSE,20,elitize_generation_data,138,9,0.629,NA
140,85,count-odds,ifs,FALSE,20,elitize_generation_data,139,9,0.653,NA
141,85,count-odds,ifs,FALSE,20,elitize_generation_data,140,10,0.669,NA
142,85,count-odds,ifs,FALSE,20,elitize_generation_data,141,9,0.667,NA
143,85,count-odds,ifs,FALSE,20,elitize_generation_data,142,10,0.666,NA
144,85,count-odds,ifs,FALSE,20,elitize_generation_data,143,10,0.647,NA
145,85,count-odds,ifs,FALSE,20,elitize_generation_data,144,7,0.65,NA
146,85,count-odds,ifs,FALSE,20,elitize_generation_data,145,11,0.686,NA
147,85,count-odds,ifs,FALSE,20,elitize_generation_data,146,13,0.662,NA
148,85,count-odds,ifs,FALSE,20,elitize_generation_data,147,11,0.661,NA
149,85,count-odds,ifs,FALSE,20,elitize_generation_data,148,6,0.685,NA
150,85,count-odds,ifs,FALSE,20,elitize_generation_data,149,9,0.67,NA
151,85,count-odds,ifs,FALSE,20,elitize_generation_data,150,11,0.683,NA
152,85,count-odds,ifs,FALSE,20,elitize_generation_data,151,15,0.665,NA
153,85,count-odds,ifs,FALSE,20,elitize_generation_data,152,12,0.669,NA
154,85,count-odds,ifs,FALSE,20,elitize_generation_data,153,14,0.685,NA
155,85,count-odds,ifs,FALSE,20,elitize_generation_data,154,9,0.68,NA
156,85,count-odds,ifs,FALSE,20,elitize_generation_data,155,5,0.663,NA
157,85,count-odds,ifs,FALSE,20,elitize_generation_data,156,8,0.668,NA
158,85,count-odds,ifs,FALSE,20,elitize_generation_data,157,11,0.666,NA
159,85,count-odds,ifs,FALSE,20,elitize_generation_data,158,10,0.666,NA
160,85,count-odds,ifs,FALSE,20,elitize_generation_data,159,9,0.655,NA
161,85,count-odds,ifs,FALSE,20,elitize_generation_data,160,13,0.645,NA
162,85,count-odds,ifs,FALSE,20,elitize_generation_data,161,7,0.696,NA
163,85,count-odds,ifs,FALSE,20,elitize_generation_data,162,11,0.68,NA
164,85,count-odds,ifs,FALSE,20,elitize_generation_data,163,9,0.672,NA
165,85,count-odds,ifs,FALSE,20,elitize_generation_data,164,11,0.661,NA
166,85,count-odds,ifs,FALSE,20,elitize_generation_data,165,12,0.665,NA
167,85,count-odds,ifs,FALSE,20,elitize_generation_data,166,9,0.669,NA
168,85,count-odds,ifs,FALSE,20,elitize_generation_data,167,9,0.691,NA
169,85,count-odds,ifs,FALSE,20,elitize_generation_data,168,14,0.683,NA
170,85,count-odds,ifs,FALSE,20,elitize_generation_data,169,13,0.706,NA
171,85,count-odds,ifs,FALSE,20,elitize_generation_data,170,10,0.679,NA
172,85,count-odds,ifs,FALSE,20,elitize_generation_data,171,11,0.666,NA
173,85,count-odds,ifs,FALSE,20,elitize_generation_data,172,12,0.673,NA
174,85,count-odds,ifs,FALSE,20,elitize_generation_data,173,15,0.669,NA
175,85,count-odds,ifs,FALSE,20,elitize_generation_data,174,13,0.663,NA
176,85,count-odds,ifs,FALSE,20,elitize_generation_data,175,10,0.66,NA
177,85,count-odds,ifs,FALSE,20,elitize_generation_data,176,10,0.671,NA
178,85,count-odds,ifs,FALSE,20,elitize_generation_data,177,13,0.667,NA
179,85,count-odds,ifs,FALSE,20,elitize_generation_data,178,12,0.662,NA
180,85,count-odds,ifs,FALSE,20,elitize_generation_data,179,14,0.695,NA
181,85,count-odds,ifs,FALSE,20,elitize_generation_data,180,16,0.688,NA
182,85,count-odds,ifs,FALSE,20,elitize_generation_data,181,15,0.678,NA
183,85,count-odds,ifs,FALSE,20,elitize_generation_data,182,14,0.681,NA
184,85,count-odds,ifs,FALSE,20,elitize_generation_data,183,9,0.664,NA
185,85,count-odds,ifs,FALSE,20,elitize_generation_data,184,13,0.667,NA
186,85,count-odds,ifs,FALSE,20,elitize_generation_data,185,11,0.701,NA
187,85,count-odds,ifs,FALSE,20,elitize_generation_data,186,11,0.671,NA
188,85,count-odds,ifs,FALSE,20,elitize_generation_data,187,14,0.653,NA
189,85,count-odds,ifs,FALSE,20,elitize_generation_data,188,9,0.658,NA
190,85,count-odds,ifs,FALSE,20,elitize_generation_data,189,11,0.678,NA
191,85,count-odds,ifs,FALSE,20,elitize_generation_data,190,14,0.65,NA
192,85,count-odds,ifs,FALSE,20,elitize_generation_data,191,12,0.658,NA
193,85,count-odds,ifs,FALSE,20,elitize_generation_data,192,13,0.643,NA
194,85,count-odds,ifs,FALSE,20,elitize_generation_data,193,17,0.631,NA
195,85,count-odds,ifs,FALSE,20,elitize_generation_data,194,13,0.655,NA
196,85,count-odds,ifs,FALSE,20,elitize_generation_data,195,14,0.648,NA
197,85,count-odds,ifs,FALSE,20,elitize_generation_data,196,14,0.665,NA
198,85,count-odds,ifs,FALSE,20,elitize_generation_data,197,11,0.646,NA
199,85,count-odds,ifs,FALSE,20,elitize_generation_data,198,15,0.658,NA
200,85,count-odds,ifs,FALSE,20,elitize_generation_data,199,14,0.648,NA
201,85,count-odds,ifs,FALSE,20,elitize_generation_data,200,17,0.665,NA
202,85,count-odds,ifs,FALSE,20,elitize_generation_data,201,16,0.68,NA
203,85,count-odds,ifs,FALSE,20,elitize_generation_data,202,13,0.664,NA
204,85,count-odds,ifs,FALSE,20,elitize_generation_data,203,10,0.688,NA
205,85,count-odds,ifs,FALSE,20,elitize_generation_data,204,10,0.669,NA
206,85,count-odds,ifs,FALSE,20,elitize_generation_data,205,11,0.677,NA
207,85,count-odds,ifs,FALSE,20,elitize_generation_data,206,8,0.665,NA
208,85,count-odds,ifs,FALSE,20,elitize_generation_data,207,14,0.657,NA
209,85,count-odds,ifs,FALSE,20,elitize_generation_data,208,11,0.637,NA
210,85,count-odds,ifs,FALSE,20,elitize_generation_data,209,11,0.641,NA
211,85,count-odds,ifs,FALSE,20,elitize_generation_data,210,13,0.657,NA
212,85,count-odds,ifs,FALSE,20,elitize_generation_data,211,12,0.658,NA
213,85,count-odds,ifs,FALSE,20,elitize_generation_data,212,13,0.65,NA
214,85,count-odds,ifs,FALSE,20,elitize_generation_data,213,13,0.68,NA
215,85,count-odds,ifs,FALSE,20,elitize_generation_data,214,8,0.666,NA
216,85,count-odds,ifs,FALSE,20,elitize_generation_data,215,9,0.66,NA
217,85,count-odds,ifs,FALSE,20,elitize_generation_data,216,9,0.675,NA
218,85,count-odds,ifs,FALSE,20,elitize_generation_data,217,6,0.663,NA
219,85,count-odds,ifs,FALSE,20,elitize_generation_data,218,10,0.674,NA
220,85,count-odds,ifs,FALSE,20,elitize_generation_data,219,14,0.68,NA
221,85,count-odds,ifs,FALSE,20,elitize_generation_data,220,10,0.685,NA
222,85,count-odds,ifs,FALSE,20,elitize_generation_data,221,12,0.683,NA
223,85,count-odds,ifs,FALSE,20,elitize_generation_data,222,7,0.668,NA
224,85,count-odds,ifs,FALSE,20,elitize_generation_data,223,13,0.664,NA
225,85,count-odds,ifs,FALSE,20,elitize_generation_data,224,9,0.663,NA
226,85,count-odds,ifs,FALSE,20,elitize_generation_data,225,13,0.667,NA
227,85,count-odds,ifs,FALSE,20,elitize_generation_data,226,7,0.661,NA
228,85,count-odds,ifs,FALSE,20,elitize_generation_data,227,13,0.672,NA
229,85,count-odds,ifs,FALSE,20,elitize_generation_data,228,10,0.684,NA
230,85,count-odds,ifs,FALSE,20,elitize_generation_data,229,7,0.679,NA
231,85,count-odds,ifs,FALSE,20,elitize_generation_data,230,12,0.698,NA
232,85,count-odds,ifs,FALSE,20,elitize_generation_data,231,7,0.687,NA
233,85,count-odds,ifs,FALSE,20,elitize_generation_data,232,14,0.66,NA
234,85,count-odds,ifs,FALSE,20,elitize_generation_data,233,12,0.661,NA
235,85,count-odds,ifs,FALSE,20,elitize_generation_data,234,9,0.65,NA
236,85,count-odds,ifs,FALSE,20,elitize_generation_data,235,11,0.652,NA
237,85,count-odds,ifs,FALSE,20,elitize_generation_data,236,9,0.644,NA
238,85,count-odds,ifs,FALSE,20,elitize_generation_data,237,12,0.658,NA
239,85,count-odds,ifs,FALSE,20,elitize_generation_data,238,13,0.65,NA
240,85,count-odds,ifs,FALSE,20,elitize_generation_data,239,11,0.692,NA
241,85,count-odds,ifs,FALSE,20,elitize_generation_data,240,15,0.668,NA
242,85,count-odds,ifs,FALSE,20,elitize_generation_data,241,10,0.658,NA
243,85,count-odds,ifs,FALSE,20,elitize_generation_data,242,14,0.641,NA
244,85,count-odds,ifs,FALSE,20,elitize_generation_data,243,11,0.653,NA
245,85,count-odds,ifs,FALSE,20,elitize_generation_data,244,11,0.631,NA
246,85,count-odds,ifs,FALSE,20,elitize_generation_data,245,15,0.643,NA
247,85,count-odds,ifs,FALSE,20,elitize_generation_data,246,10,0.645,NA
248,85,count-odds,ifs,FALSE,20,elitize_generation_data,247,9,0.663,NA
249,85,count-odds,ifs,FALSE,20,elitize_generation_data,248,9,0.656,NA
250,85,count-odds,ifs,FALSE,20,elitize_generation_data,249,10,0.653,NA
251,85,count-odds,ifs,FALSE,20,elitize_generation_data,250,9,0.659,NA
252,85,count-odds,ifs,FALSE,20,elitize_generation_data,251,9,0.653,NA
253,85,count-odds,ifs,FALSE,20,elitize_generation_data,252,10,0.678,NA
254,85,count-odds,ifs,FALSE,20,elitize_generation_data,253,10,0.645,NA
255,85,count-odds,ifs,FALSE,20,elitize_generation_data,254,10,0.632,NA
256,85,count-odds,ifs,FALSE,20,elitize_generation_data,255,8,0.645,NA
257,85,count-odds,ifs,FALSE,20,elitize_generation_data,256,11,0.662,NA
258,85,count-odds,ifs,FALSE,20,elitize_generation_data,257,11,0.655,NA
259,85,count-odds,ifs,FALSE,20,elitize_generation_data,258,10,0.649,NA
260,85,count-odds,ifs,FALSE,20,elitize_generation_data,259,11,0.664,NA
261,85,count-odds,ifs,FALSE,20,elitize_generation_data,260,9,0.65,NA
262,85,count-odds,ifs,FALSE,20,elitize_generation_data,261,11,0.663,NA
263,85,count-odds,ifs,FALSE,20,elitize_generation_data,262,10,0.652,NA
264,85,count-odds,ifs,FALSE,20,elitize_generation_data,263,10,0.678,NA
265,85,count-odds,ifs,FALSE,20,elitize_generation_data,264,13,0.651,NA
266,85,count-odds,ifs,FALSE,20,elitize_generation_data,265,11,0.649,NA
267,85,count-odds,ifs,FALSE,20,elitize_generation_data,266,9,0.654,NA
268,85,count-odds,ifs,FALSE,20,elitize_generation_data,267,13,0.666,NA
269,85,count-odds,ifs,FALSE,20,elitize_generation_data,268,15,0.661,NA
270,85,count-odds,ifs,FALSE,20,elitize_generation_data,269,12,0.69,NA
271,85,count-odds,ifs,FALSE,20,elitize_generation_data,270,11,0.692,NA
272,85,count-odds,ifs,FALSE,20,elitize_generation_data,271,11,0.671,NA
273,85,count-odds,ifs,FALSE,20,elitize_generation_data,272,8,0.668,NA
274,85,count-odds,ifs,FALSE,20,elitize_generation_data,273,17,0.666,NA
275,85,count-odds,ifs,FALSE,20,elitize_generation_data,274,13,0.674,NA
276,85,count-odds,ifs,FALSE,20,elitize_generation_data,275,11,0.691,NA
277,85,count-odds,ifs,FALSE,20,elitize_generation_data,276,12,0.682,NA
278,85,count-odds,ifs,FALSE,20,elitize_generation_data,277,13,0.681,NA
279,85,count-odds,ifs,FALSE,20,elitize_generation_data,278,7,0.714,NA
280,85,count-odds,ifs,FALSE,20,elitize_generation_data,279,10,0.663,NA
281,85,count-odds,ifs,FALSE,20,elitize_generation_data,280,10,0.678,NA
282,85,count-odds,ifs,FALSE,20,elitize_generation_data,281,13,0.678,NA
283,85,count-odds,ifs,FALSE,20,elitize_generation_data,282,7,0.681,NA
284,85,count-odds,ifs,FALSE,20,elitize_generation_data,283,6,0.696,NA
285,85,count-odds,ifs,FALSE,20,elitize_generation_data,284,16,0.696,NA
286,85,count-odds,ifs,FALSE,20,elitize_generation_data,285,9,0.703,NA
287,85,count-odds,ifs,FALSE,20,elitize_generation_data,286,12,0.706,NA
288,85,count-odds,ifs,FALSE,20,elitize_generation_data,287,10,0.731,NA
289,85,count-odds,ifs,FALSE,20,elitize_generation_data,288,14,0.707,NA
290,85,count-odds,ifs,FALSE,20,elitize_generation_data,289,10,0.692,NA
291,85,count-odds,ifs,FALSE,20,elitize_generation_data,290,9,0.706,NA
292,85,count-odds,ifs,FALSE,20,elitize_generation_data,291,7,0.699,NA
293,85,count-odds,ifs,FALSE,20,elitize_generation_data,292,9,0.704,NA
294,85,count-odds,ifs,FALSE,20,elitize_generation_data,293,13,0.7,NA
295,85,count-odds,ifs,FALSE,20,elitize_generation_data,294,8,0.687,NA
296,85,count-odds,ifs,FALSE,20,elitize_generation_data,295,15,0.695,NA
297,85,count-odds,ifs,FALSE,20,elitize_generation_data,296,11,0.707,NA
298,85,count-odds,ifs,FALSE,20,elitize_generation_data,297,12,0.723,NA
299,85,count-odds,ifs,FALSE,20,elitize_generation_data,298,9,0.678,NA
300,85,count-odds,ifs,FALSE,20,elitize_generation_data,299,15,0.677,NA
301,85,count-odds,ifs,FALSE,20,elitize_generation_data,300,10,0.671,NA
