,run.num,problem,treatment,succeeded,height,normalization.function,generation,cluster.count,error.diversity,success.generation
1,71,count-odds,ifs,FALSE,20,elitize_generation_data,0,4,0.202,NA
2,71,count-odds,ifs,FALSE,20,elitize_generation_data,1,4,0.1,NA
3,71,count-odds,ifs,FALSE,20,elitize_generation_data,2,5,0.072,NA
4,71,count-odds,ifs,FALSE,20,elitize_generation_data,3,6,0.06,NA
5,71,count-odds,ifs,FALSE,20,elitize_generation_data,4,4,0.046,NA
6,71,count-odds,ifs,FALSE,20,elitize_generation_data,5,3,0.06,NA
7,71,count-odds,ifs,FALSE,20,elitize_generation_data,6,4,0.104,NA
8,71,count-odds,ifs,FALSE,20,elitize_generation_data,7,4,0.189,NA
9,71,count-odds,ifs,FALSE,20,elitize_generation_data,8,6,0.332,NA
10,71,count-odds,ifs,FALSE,20,elitize_generation_data,9,5,0.408,NA
11,71,count-odds,ifs,FALSE,20,elitize_generation_data,10,5,0.384,NA
12,71,count-odds,ifs,FALSE,20,elitize_generation_data,11,5,0.484,NA
13,71,count-odds,ifs,FALSE,20,elitize_generation_data,12,4,0.5,NA
14,71,count-odds,ifs,FALSE,20,elitize_generation_data,13,5,0.54,NA
15,71,count-odds,ifs,FALSE,20,elitize_generation_data,14,6,0.624,NA
16,71,count-odds,ifs,FALSE,20,elitize_generation_data,15,4,0.652,NA
17,71,count-odds,ifs,FALSE,20,elitize_generation_data,16,4,0.615,NA
18,71,count-odds,ifs,FALSE,20,elitize_generation_data,17,4,0.566,NA
19,71,count-odds,ifs,FALSE,20,elitize_generation_data,18,8,0.548,NA
20,71,count-odds,ifs,FALSE,20,elitize_generation_data,19,5,0.496,NA
21,71,count-odds,ifs,FALSE,20,elitize_generation_data,20,6,0.526,NA
22,71,count-odds,ifs,FALSE,20,elitize_generation_data,21,6,0.552,NA
23,71,count-odds,ifs,FALSE,20,elitize_generation_data,22,6,0.572,NA
24,71,count-odds,ifs,FALSE,20,elitize_generation_data,23,5,0.529,NA
25,71,count-odds,ifs,FALSE,20,elitize_generation_data,24,9,0.539,NA
26,71,count-odds,ifs,FALSE,20,elitize_generation_data,25,7,0.58,NA
27,71,count-odds,ifs,FALSE,20,elitize_generation_data,26,4,0.613,NA
28,71,count-odds,ifs,FALSE,20,elitize_generation_data,27,7,0.634,NA
29,71,count-odds,ifs,FALSE,20,elitize_generation_data,28,8,0.61,NA
30,71,count-odds,ifs,FALSE,20,elitize_generation_data,29,7,0.605,NA
31,71,count-odds,ifs,FALSE,20,elitize_generation_data,30,8,0.615,NA
32,71,count-odds,ifs,FALSE,20,elitize_generation_data,31,5,0.584,NA
33,71,count-odds,ifs,FALSE,20,elitize_generation_data,32,6,0.605,NA
34,71,count-odds,ifs,FALSE,20,elitize_generation_data,33,6,0.603,NA
35,71,count-odds,ifs,FALSE,20,elitize_generation_data,34,5,0.618,NA
36,71,count-odds,ifs,FALSE,20,elitize_generation_data,35,4,0.597,NA
37,71,count-odds,ifs,FALSE,20,elitize_generation_data,36,8,0.598,NA
38,71,count-odds,ifs,FALSE,20,elitize_generation_data,37,4,0.634,NA
39,71,count-odds,ifs,FALSE,20,elitize_generation_data,38,5,0.598,NA
40,71,count-odds,ifs,FALSE,20,elitize_generation_data,39,5,0.61,NA
41,71,count-odds,ifs,FALSE,20,elitize_generation_data,40,4,0.623,NA
42,71,count-odds,ifs,FALSE,20,elitize_generation_data,41,5,0.574,NA
43,71,count-odds,ifs,FALSE,20,elitize_generation_data,42,3,0.592,NA
44,71,count-odds,ifs,FALSE,20,elitize_generation_data,43,4,0.581,NA
45,71,count-odds,ifs,FALSE,20,elitize_generation_data,44,4,0.547,NA
46,71,count-odds,ifs,FALSE,20,elitize_generation_data,45,3,0.547,NA
47,71,count-odds,ifs,FALSE,20,elitize_generation_data,46,3,0.576,NA
48,71,count-odds,ifs,FALSE,20,elitize_generation_data,47,3,0.584,NA
49,71,count-odds,ifs,FALSE,20,elitize_generation_data,48,3,0.602,NA
50,71,count-odds,ifs,FALSE,20,elitize_generation_data,49,5,0.536,NA
51,71,count-odds,ifs,FALSE,20,elitize_generation_data,50,4,0.55,NA
52,71,count-odds,ifs,FALSE,20,elitize_generation_data,51,3,0.515,NA
53,71,count-odds,ifs,FALSE,20,elitize_generation_data,52,3,0.532,NA
54,71,count-odds,ifs,FALSE,20,elitize_generation_data,53,3,0.559,NA
55,71,count-odds,ifs,FALSE,20,elitize_generation_data,54,5,0.554,NA
56,71,count-odds,ifs,FALSE,20,elitize_generation_data,55,3,0.559,NA
57,71,count-odds,ifs,FALSE,20,elitize_generation_data,56,3,0.523,NA
58,71,count-odds,ifs,FALSE,20,elitize_generation_data,57,4,0.552,NA
59,71,count-odds,ifs,FALSE,20,elitize_generation_data,58,5,0.518,NA
60,71,count-odds,ifs,FALSE,20,elitize_generation_data,59,4,0.501,NA
61,71,count-odds,ifs,FALSE,20,elitize_generation_data,60,3,0.542,NA
62,71,count-odds,ifs,FALSE,20,elitize_generation_data,61,5,0.555,NA
63,71,count-odds,ifs,FALSE,20,elitize_generation_data,62,4,0.561,NA
64,71,count-odds,ifs,FALSE,20,elitize_generation_data,63,4,0.536,NA
65,71,count-odds,ifs,FALSE,20,elitize_generation_data,64,7,0.539,NA
66,71,count-odds,ifs,FALSE,20,elitize_generation_data,65,5,0.561,NA
67,71,count-odds,ifs,FALSE,20,elitize_generation_data,66,6,0.553,NA
68,71,count-odds,ifs,FALSE,20,elitize_generation_data,67,3,0.55,NA
69,71,count-odds,ifs,FALSE,20,elitize_generation_data,68,7,0.556,NA
70,71,count-odds,ifs,FALSE,20,elitize_generation_data,69,4,0.53,NA
71,71,count-odds,ifs,FALSE,20,elitize_generation_data,70,3,0.563,NA
72,71,count-odds,ifs,FALSE,20,elitize_generation_data,71,4,0.563,NA
73,71,count-odds,ifs,FALSE,20,elitize_generation_data,72,4,0.561,NA
74,71,count-odds,ifs,FALSE,20,elitize_generation_data,73,8,0.548,NA
75,71,count-odds,ifs,FALSE,20,elitize_generation_data,74,3,0.538,NA
76,71,count-odds,ifs,FALSE,20,elitize_generation_data,75,4,0.517,NA
77,71,count-odds,ifs,FALSE,20,elitize_generation_data,76,6,0.516,NA
78,71,count-odds,ifs,FALSE,20,elitize_generation_data,77,4,0.538,NA
79,71,count-odds,ifs,FALSE,20,elitize_generation_data,78,3,0.537,NA
80,71,count-odds,ifs,FALSE,20,elitize_generation_data,79,3,0.509,NA
81,71,count-odds,ifs,FALSE,20,elitize_generation_data,80,5,0.53,NA
82,71,count-odds,ifs,FALSE,20,elitize_generation_data,81,3,0.543,NA
83,71,count-odds,ifs,FALSE,20,elitize_generation_data,82,5,0.549,NA
84,71,count-odds,ifs,FALSE,20,elitize_generation_data,83,5,0.554,NA
85,71,count-odds,ifs,FALSE,20,elitize_generation_data,84,5,0.556,NA
86,71,count-odds,ifs,FALSE,20,elitize_generation_data,85,5,0.553,NA
87,71,count-odds,ifs,FALSE,20,elitize_generation_data,86,4,0.553,NA
88,71,count-odds,ifs,FALSE,20,elitize_generation_data,87,3,0.535,NA
89,71,count-odds,ifs,FALSE,20,elitize_generation_data,88,4,0.552,NA
90,71,count-odds,ifs,FALSE,20,elitize_generation_data,89,3,0.56,NA
91,71,count-odds,ifs,FALSE,20,elitize_generation_data,90,4,0.53,NA
92,71,count-odds,ifs,FALSE,20,elitize_generation_data,91,5,0.539,NA
93,71,count-odds,ifs,FALSE,20,elitize_generation_data,92,3,0.513,NA
94,71,count-odds,ifs,FALSE,20,elitize_generation_data,93,4,0.527,NA
95,71,count-odds,ifs,FALSE,20,elitize_generation_data,94,4,0.505,NA
96,71,count-odds,ifs,FALSE,20,elitize_generation_data,95,4,0.538,NA
97,71,count-odds,ifs,FALSE,20,elitize_generation_data,96,3,0.53,NA
98,71,count-odds,ifs,FALSE,20,elitize_generation_data,97,4,0.543,NA
99,71,count-odds,ifs,FALSE,20,elitize_generation_data,98,4,0.534,NA
100,71,count-odds,ifs,FALSE,20,elitize_generation_data,99,5,0.551,NA
101,71,count-odds,ifs,FALSE,20,elitize_generation_data,100,5,0.566,NA
102,71,count-odds,ifs,FALSE,20,elitize_generation_data,101,5,0.556,NA
103,71,count-odds,ifs,FALSE,20,elitize_generation_data,102,5,0.552,NA
104,71,count-odds,ifs,FALSE,20,elitize_generation_data,103,6,0.59,NA
105,71,count-odds,ifs,FALSE,20,elitize_generation_data,104,4,0.554,NA
106,71,count-odds,ifs,FALSE,20,elitize_generation_data,105,4,0.547,NA
107,71,count-odds,ifs,FALSE,20,elitize_generation_data,106,6,0.514,NA
108,71,count-odds,ifs,FALSE,20,elitize_generation_data,107,4,0.52,NA
109,71,count-odds,ifs,FALSE,20,elitize_generation_data,108,5,0.537,NA
110,71,count-odds,ifs,FALSE,20,elitize_generation_data,109,5,0.556,NA
111,71,count-odds,ifs,FALSE,20,elitize_generation_data,110,5,0.548,NA
112,71,count-odds,ifs,FALSE,20,elitize_generation_data,111,5,0.538,NA
113,71,count-odds,ifs,FALSE,20,elitize_generation_data,112,7,0.548,NA
114,71,count-odds,ifs,FALSE,20,elitize_generation_data,113,7,0.554,NA
115,71,count-odds,ifs,FALSE,20,elitize_generation_data,114,6,0.595,NA
116,71,count-odds,ifs,FALSE,20,elitize_generation_data,115,3,0.558,NA
117,71,count-odds,ifs,FALSE,20,elitize_generation_data,116,4,0.563,NA
118,71,count-odds,ifs,FALSE,20,elitize_generation_data,117,4,0.542,NA
119,71,count-odds,ifs,FALSE,20,elitize_generation_data,118,4,0.548,NA
120,71,count-odds,ifs,FALSE,20,elitize_generation_data,119,6,0.581,NA
121,71,count-odds,ifs,FALSE,20,elitize_generation_data,120,5,0.556,NA
122,71,count-odds,ifs,FALSE,20,elitize_generation_data,121,4,0.581,NA
123,71,count-odds,ifs,FALSE,20,elitize_generation_data,122,6,0.553,NA
124,71,count-odds,ifs,FALSE,20,elitize_generation_data,123,3,0.565,NA
125,71,count-odds,ifs,FALSE,20,elitize_generation_data,124,7,0.603,NA
126,71,count-odds,ifs,FALSE,20,elitize_generation_data,125,6,0.585,NA
127,71,count-odds,ifs,FALSE,20,elitize_generation_data,126,6,0.564,NA
128,71,count-odds,ifs,FALSE,20,elitize_generation_data,127,5,0.59,NA
129,71,count-odds,ifs,FALSE,20,elitize_generation_data,128,4,0.558,NA
130,71,count-odds,ifs,FALSE,20,elitize_generation_data,129,5,0.594,NA
131,71,count-odds,ifs,FALSE,20,elitize_generation_data,130,3,0.604,NA
132,71,count-odds,ifs,FALSE,20,elitize_generation_data,131,5,0.604,NA
133,71,count-odds,ifs,FALSE,20,elitize_generation_data,132,9,0.62,NA
134,71,count-odds,ifs,FALSE,20,elitize_generation_data,133,8,0.604,NA
135,71,count-odds,ifs,FALSE,20,elitize_generation_data,134,4,0.618,NA
136,71,count-odds,ifs,FALSE,20,elitize_generation_data,135,8,0.618,NA
137,71,count-odds,ifs,FALSE,20,elitize_generation_data,136,5,0.625,NA
138,71,count-odds,ifs,FALSE,20,elitize_generation_data,137,7,0.615,NA
139,71,count-odds,ifs,FALSE,20,elitize_generation_data,138,7,0.623,NA
140,71,count-odds,ifs,FALSE,20,elitize_generation_data,139,4,0.651,NA
141,71,count-odds,ifs,FALSE,20,elitize_generation_data,140,6,0.594,NA
142,71,count-odds,ifs,FALSE,20,elitize_generation_data,141,8,0.638,NA
143,71,count-odds,ifs,FALSE,20,elitize_generation_data,142,6,0.629,NA
144,71,count-odds,ifs,FALSE,20,elitize_generation_data,143,6,0.652,NA
145,71,count-odds,ifs,FALSE,20,elitize_generation_data,144,5,0.61,NA
146,71,count-odds,ifs,FALSE,20,elitize_generation_data,145,4,0.641,NA
147,71,count-odds,ifs,FALSE,20,elitize_generation_data,146,6,0.625,NA
148,71,count-odds,ifs,FALSE,20,elitize_generation_data,147,4,0.664,NA
149,71,count-odds,ifs,FALSE,20,elitize_generation_data,148,4,0.65,NA
150,71,count-odds,ifs,FALSE,20,elitize_generation_data,149,4,0.657,NA
151,71,count-odds,ifs,FALSE,20,elitize_generation_data,150,4,0.622,NA
152,71,count-odds,ifs,FALSE,20,elitize_generation_data,151,6,0.665,NA
153,71,count-odds,ifs,FALSE,20,elitize_generation_data,152,8,0.597,NA
154,71,count-odds,ifs,FALSE,20,elitize_generation_data,153,3,0.635,NA
155,71,count-odds,ifs,FALSE,20,elitize_generation_data,154,3,0.632,NA
156,71,count-odds,ifs,FALSE,20,elitize_generation_data,155,5,0.648,NA
157,71,count-odds,ifs,FALSE,20,elitize_generation_data,156,6,0.642,NA
158,71,count-odds,ifs,FALSE,20,elitize_generation_data,157,5,0.66,NA
159,71,count-odds,ifs,FALSE,20,elitize_generation_data,158,5,0.66,NA
160,71,count-odds,ifs,FALSE,20,elitize_generation_data,159,5,0.64,NA
161,71,count-odds,ifs,FALSE,20,elitize_generation_data,160,7,0.654,NA
162,71,count-odds,ifs,FALSE,20,elitize_generation_data,161,5,0.608,NA
163,71,count-odds,ifs,FALSE,20,elitize_generation_data,162,8,0.629,NA
164,71,count-odds,ifs,FALSE,20,elitize_generation_data,163,7,0.628,NA
165,71,count-odds,ifs,FALSE,20,elitize_generation_data,164,3,0.641,NA
166,71,count-odds,ifs,FALSE,20,elitize_generation_data,165,6,0.636,NA
167,71,count-odds,ifs,FALSE,20,elitize_generation_data,166,5,0.625,NA
168,71,count-odds,ifs,FALSE,20,elitize_generation_data,167,7,0.606,NA
169,71,count-odds,ifs,FALSE,20,elitize_generation_data,168,6,0.648,NA
170,71,count-odds,ifs,FALSE,20,elitize_generation_data,169,5,0.665,NA
171,71,count-odds,ifs,FALSE,20,elitize_generation_data,170,5,0.639,NA
172,71,count-odds,ifs,FALSE,20,elitize_generation_data,171,5,0.648,NA
173,71,count-odds,ifs,FALSE,20,elitize_generation_data,172,7,0.634,NA
174,71,count-odds,ifs,FALSE,20,elitize_generation_data,173,6,0.627,NA
175,71,count-odds,ifs,FALSE,20,elitize_generation_data,174,4,0.618,NA
176,71,count-odds,ifs,FALSE,20,elitize_generation_data,175,5,0.636,NA
177,71,count-odds,ifs,FALSE,20,elitize_generation_data,176,3,0.628,NA
178,71,count-odds,ifs,FALSE,20,elitize_generation_data,177,5,0.656,NA
179,71,count-odds,ifs,FALSE,20,elitize_generation_data,178,7,0.623,NA
180,71,count-odds,ifs,FALSE,20,elitize_generation_data,179,6,0.644,NA
181,71,count-odds,ifs,FALSE,20,elitize_generation_data,180,7,0.648,NA
182,71,count-odds,ifs,FALSE,20,elitize_generation_data,181,4,0.626,NA
183,71,count-odds,ifs,FALSE,20,elitize_generation_data,182,4,0.666,NA
184,71,count-odds,ifs,FALSE,20,elitize_generation_data,183,8,0.665,NA
185,71,count-odds,ifs,FALSE,20,elitize_generation_data,184,4,0.652,NA
186,71,count-odds,ifs,FALSE,20,elitize_generation_data,185,4,0.653,NA
187,71,count-odds,ifs,FALSE,20,elitize_generation_data,186,4,0.629,NA
188,71,count-odds,ifs,FALSE,20,elitize_generation_data,187,8,0.667,NA
189,71,count-odds,ifs,FALSE,20,elitize_generation_data,188,5,0.64,NA
190,71,count-odds,ifs,FALSE,20,elitize_generation_data,189,8,0.66,NA
191,71,count-odds,ifs,FALSE,20,elitize_generation_data,190,6,0.644,NA
192,71,count-odds,ifs,FALSE,20,elitize_generation_data,191,6,0.645,NA
193,71,count-odds,ifs,FALSE,20,elitize_generation_data,192,6,0.642,NA
194,71,count-odds,ifs,FALSE,20,elitize_generation_data,193,7,0.636,NA
195,71,count-odds,ifs,FALSE,20,elitize_generation_data,194,7,0.631,NA
196,71,count-odds,ifs,FALSE,20,elitize_generation_data,195,7,0.664,NA
197,71,count-odds,ifs,FALSE,20,elitize_generation_data,196,6,0.672,NA
198,71,count-odds,ifs,FALSE,20,elitize_generation_data,197,3,0.641,NA
199,71,count-odds,ifs,FALSE,20,elitize_generation_data,198,6,0.642,NA
200,71,count-odds,ifs,FALSE,20,elitize_generation_data,199,5,0.651,NA
201,71,count-odds,ifs,FALSE,20,elitize_generation_data,200,6,0.665,NA
202,71,count-odds,ifs,FALSE,20,elitize_generation_data,201,5,0.659,NA
203,71,count-odds,ifs,FALSE,20,elitize_generation_data,202,6,0.668,NA
204,71,count-odds,ifs,FALSE,20,elitize_generation_data,203,8,0.658,NA
205,71,count-odds,ifs,FALSE,20,elitize_generation_data,204,6,0.652,NA
206,71,count-odds,ifs,FALSE,20,elitize_generation_data,205,5,0.644,NA
207,71,count-odds,ifs,FALSE,20,elitize_generation_data,206,4,0.624,NA
208,71,count-odds,ifs,FALSE,20,elitize_generation_data,207,6,0.652,NA
209,71,count-odds,ifs,FALSE,20,elitize_generation_data,208,4,0.66,NA
210,71,count-odds,ifs,FALSE,20,elitize_generation_data,209,5,0.669,NA
211,71,count-odds,ifs,FALSE,20,elitize_generation_data,210,5,0.652,NA
212,71,count-odds,ifs,FALSE,20,elitize_generation_data,211,4,0.646,NA
213,71,count-odds,ifs,FALSE,20,elitize_generation_data,212,6,0.661,NA
214,71,count-odds,ifs,FALSE,20,elitize_generation_data,213,7,0.687,NA
215,71,count-odds,ifs,FALSE,20,elitize_generation_data,214,6,0.687,NA
216,71,count-odds,ifs,FALSE,20,elitize_generation_data,215,5,0.709,NA
217,71,count-odds,ifs,FALSE,20,elitize_generation_data,216,7,0.712,NA
218,71,count-odds,ifs,FALSE,20,elitize_generation_data,217,6,0.71,NA
219,71,count-odds,ifs,FALSE,20,elitize_generation_data,218,5,0.699,NA
220,71,count-odds,ifs,FALSE,20,elitize_generation_data,219,5,0.72,NA
221,71,count-odds,ifs,FALSE,20,elitize_generation_data,220,6,0.737,NA
222,71,count-odds,ifs,FALSE,20,elitize_generation_data,221,9,0.726,NA
223,71,count-odds,ifs,FALSE,20,elitize_generation_data,222,7,0.749,NA
224,71,count-odds,ifs,FALSE,20,elitize_generation_data,223,8,0.761,NA
225,71,count-odds,ifs,FALSE,20,elitize_generation_data,224,9,0.778,NA
226,71,count-odds,ifs,FALSE,20,elitize_generation_data,225,8,0.797,NA
227,71,count-odds,ifs,FALSE,20,elitize_generation_data,226,10,0.815,NA
228,71,count-odds,ifs,FALSE,20,elitize_generation_data,227,8,0.79,NA
229,71,count-odds,ifs,FALSE,20,elitize_generation_data,228,8,0.807,NA
230,71,count-odds,ifs,FALSE,20,elitize_generation_data,229,6,0.809,NA
231,71,count-odds,ifs,FALSE,20,elitize_generation_data,230,8,0.841,NA
232,71,count-odds,ifs,FALSE,20,elitize_generation_data,231,8,0.836,NA
233,71,count-odds,ifs,FALSE,20,elitize_generation_data,232,10,0.858,NA
234,71,count-odds,ifs,FALSE,20,elitize_generation_data,233,9,0.824,NA
235,71,count-odds,ifs,FALSE,20,elitize_generation_data,234,7,0.851,NA
236,71,count-odds,ifs,FALSE,20,elitize_generation_data,235,7,0.857,NA
237,71,count-odds,ifs,FALSE,20,elitize_generation_data,236,9,0.865,NA
238,71,count-odds,ifs,FALSE,20,elitize_generation_data,237,6,0.859,NA
239,71,count-odds,ifs,FALSE,20,elitize_generation_data,238,10,0.853,NA
240,71,count-odds,ifs,FALSE,20,elitize_generation_data,239,7,0.879,NA
241,71,count-odds,ifs,FALSE,20,elitize_generation_data,240,10,0.863,NA
242,71,count-odds,ifs,FALSE,20,elitize_generation_data,241,8,0.847,NA
243,71,count-odds,ifs,FALSE,20,elitize_generation_data,242,10,0.881,NA
244,71,count-odds,ifs,FALSE,20,elitize_generation_data,243,10,0.867,NA
245,71,count-odds,ifs,FALSE,20,elitize_generation_data,244,10,0.862,NA
246,71,count-odds,ifs,FALSE,20,elitize_generation_data,245,8,0.873,NA
247,71,count-odds,ifs,FALSE,20,elitize_generation_data,246,10,0.875,NA
248,71,count-odds,ifs,FALSE,20,elitize_generation_data,247,8,0.882,NA
249,71,count-odds,ifs,FALSE,20,elitize_generation_data,248,8,0.84,NA
250,71,count-odds,ifs,FALSE,20,elitize_generation_data,249,11,0.861,NA
251,71,count-odds,ifs,FALSE,20,elitize_generation_data,250,10,0.884,NA
252,71,count-odds,ifs,FALSE,20,elitize_generation_data,251,8,0.883,NA
253,71,count-odds,ifs,FALSE,20,elitize_generation_data,252,10,0.874,NA
254,71,count-odds,ifs,FALSE,20,elitize_generation_data,253,9,0.863,NA
255,71,count-odds,ifs,FALSE,20,elitize_generation_data,254,10,0.875,NA
256,71,count-odds,ifs,FALSE,20,elitize_generation_data,255,8,0.877,NA
257,71,count-odds,ifs,FALSE,20,elitize_generation_data,256,6,0.859,NA
258,71,count-odds,ifs,FALSE,20,elitize_generation_data,257,8,0.869,NA
259,71,count-odds,ifs,FALSE,20,elitize_generation_data,258,4,0.879,NA
260,71,count-odds,ifs,FALSE,20,elitize_generation_data,259,8,0.857,NA
261,71,count-odds,ifs,FALSE,20,elitize_generation_data,260,11,0.858,NA
262,71,count-odds,ifs,FALSE,20,elitize_generation_data,261,6,0.844,NA
263,71,count-odds,ifs,FALSE,20,elitize_generation_data,262,7,0.881,NA
264,71,count-odds,ifs,FALSE,20,elitize_generation_data,263,10,0.857,NA
265,71,count-odds,ifs,FALSE,20,elitize_generation_data,264,9,0.878,NA
266,71,count-odds,ifs,FALSE,20,elitize_generation_data,265,7,0.846,NA
267,71,count-odds,ifs,FALSE,20,elitize_generation_data,266,10,0.857,NA
268,71,count-odds,ifs,FALSE,20,elitize_generation_data,267,10,0.862,NA
269,71,count-odds,ifs,FALSE,20,elitize_generation_data,268,9,0.838,NA
270,71,count-odds,ifs,FALSE,20,elitize_generation_data,269,10,0.824,NA
271,71,count-odds,ifs,FALSE,20,elitize_generation_data,270,6,0.826,NA
272,71,count-odds,ifs,FALSE,20,elitize_generation_data,271,6,0.806,NA
273,71,count-odds,ifs,FALSE,20,elitize_generation_data,272,8,0.828,NA
274,71,count-odds,ifs,FALSE,20,elitize_generation_data,273,9,0.838,NA
275,71,count-odds,ifs,FALSE,20,elitize_generation_data,274,8,0.855,NA
276,71,count-odds,ifs,FALSE,20,elitize_generation_data,275,8,0.847,NA
277,71,count-odds,ifs,FALSE,20,elitize_generation_data,276,8,0.834,NA
278,71,count-odds,ifs,FALSE,20,elitize_generation_data,277,9,0.823,NA
279,71,count-odds,ifs,FALSE,20,elitize_generation_data,278,9,0.814,NA
280,71,count-odds,ifs,FALSE,20,elitize_generation_data,279,10,0.834,NA
281,71,count-odds,ifs,FALSE,20,elitize_generation_data,280,11,0.853,NA
282,71,count-odds,ifs,FALSE,20,elitize_generation_data,281,8,0.863,NA
283,71,count-odds,ifs,FALSE,20,elitize_generation_data,282,9,0.85,NA
284,71,count-odds,ifs,FALSE,20,elitize_generation_data,283,8,0.84,NA
285,71,count-odds,ifs,FALSE,20,elitize_generation_data,284,9,0.842,NA
286,71,count-odds,ifs,FALSE,20,elitize_generation_data,285,8,0.822,NA
287,71,count-odds,ifs,FALSE,20,elitize_generation_data,286,7,0.839,NA
288,71,count-odds,ifs,FALSE,20,elitize_generation_data,287,8,0.839,NA
289,71,count-odds,ifs,FALSE,20,elitize_generation_data,288,6,0.841,NA
290,71,count-odds,ifs,FALSE,20,elitize_generation_data,289,7,0.831,NA
291,71,count-odds,ifs,FALSE,20,elitize_generation_data,290,9,0.819,NA
292,71,count-odds,ifs,FALSE,20,elitize_generation_data,291,6,0.84,NA
293,71,count-odds,ifs,FALSE,20,elitize_generation_data,292,7,0.877,NA
294,71,count-odds,ifs,FALSE,20,elitize_generation_data,293,9,0.864,NA
295,71,count-odds,ifs,FALSE,20,elitize_generation_data,294,7,0.85,NA
296,71,count-odds,ifs,FALSE,20,elitize_generation_data,295,7,0.838,NA
297,71,count-odds,ifs,FALSE,20,elitize_generation_data,296,10,0.838,NA
298,71,count-odds,ifs,FALSE,20,elitize_generation_data,297,8,0.842,NA
299,71,count-odds,ifs,FALSE,20,elitize_generation_data,298,6,0.865,NA
300,71,count-odds,ifs,FALSE,20,elitize_generation_data,299,6,0.883,NA
301,71,count-odds,ifs,FALSE,20,elitize_generation_data,300,9,0.867,NA
