,run.num,problem,treatment,succeeded,height,normalization.function,generation,cluster.count,error.diversity,success.generation
1,26,count-odds,ifs,FALSE,20,elitize_generation_data,0,6,0.172,NA
2,26,count-odds,ifs,FALSE,20,elitize_generation_data,1,9,0.101,NA
3,26,count-odds,ifs,FALSE,20,elitize_generation_data,2,6,0.062,NA
4,26,count-odds,ifs,FALSE,20,elitize_generation_data,3,5,0.076,NA
5,26,count-odds,ifs,FALSE,20,elitize_generation_data,4,4,0.083,NA
6,26,count-odds,ifs,FALSE,20,elitize_generation_data,5,5,0.104,NA
7,26,count-odds,ifs,FALSE,20,elitize_generation_data,6,4,0.123,NA
8,26,count-odds,ifs,FALSE,20,elitize_generation_data,7,5,0.157,NA
9,26,count-odds,ifs,FALSE,20,elitize_generation_data,8,7,0.141,NA
10,26,count-odds,ifs,FALSE,20,elitize_generation_data,9,10,0.171,NA
11,26,count-odds,ifs,FALSE,20,elitize_generation_data,10,9,0.265,NA
12,26,count-odds,ifs,FALSE,20,elitize_generation_data,11,10,0.321,NA
13,26,count-odds,ifs,FALSE,20,elitize_generation_data,12,11,0.284,NA
14,26,count-odds,ifs,FALSE,20,elitize_generation_data,13,12,0.262,NA
15,26,count-odds,ifs,FALSE,20,elitize_generation_data,14,7,0.417,NA
16,26,count-odds,ifs,FALSE,20,elitize_generation_data,15,9,0.468,NA
17,26,count-odds,ifs,FALSE,20,elitize_generation_data,16,7,0.529,NA
18,26,count-odds,ifs,FALSE,20,elitize_generation_data,17,7,0.532,NA
19,26,count-odds,ifs,FALSE,20,elitize_generation_data,18,6,0.541,NA
20,26,count-odds,ifs,FALSE,20,elitize_generation_data,19,7,0.569,NA
21,26,count-odds,ifs,FALSE,20,elitize_generation_data,20,5,0.571,NA
22,26,count-odds,ifs,FALSE,20,elitize_generation_data,21,6,0.618,NA
23,26,count-odds,ifs,FALSE,20,elitize_generation_data,22,4,0.614,NA
24,26,count-odds,ifs,FALSE,20,elitize_generation_data,23,7,0.613,NA
25,26,count-odds,ifs,FALSE,20,elitize_generation_data,24,8,0.625,NA
26,26,count-odds,ifs,FALSE,20,elitize_generation_data,25,5,0.589,NA
27,26,count-odds,ifs,FALSE,20,elitize_generation_data,26,7,0.576,NA
28,26,count-odds,ifs,FALSE,20,elitize_generation_data,27,7,0.586,NA
29,26,count-odds,ifs,FALSE,20,elitize_generation_data,28,6,0.599,NA
30,26,count-odds,ifs,FALSE,20,elitize_generation_data,29,4,0.612,NA
31,26,count-odds,ifs,FALSE,20,elitize_generation_data,30,5,0.609,NA
32,26,count-odds,ifs,FALSE,20,elitize_generation_data,31,7,0.61,NA
33,26,count-odds,ifs,FALSE,20,elitize_generation_data,32,6,0.586,NA
34,26,count-odds,ifs,FALSE,20,elitize_generation_data,33,5,0.591,NA
35,26,count-odds,ifs,FALSE,20,elitize_generation_data,34,4,0.607,NA
36,26,count-odds,ifs,FALSE,20,elitize_generation_data,35,5,0.605,NA
37,26,count-odds,ifs,FALSE,20,elitize_generation_data,36,4,0.607,NA
38,26,count-odds,ifs,FALSE,20,elitize_generation_data,37,6,0.628,NA
39,26,count-odds,ifs,FALSE,20,elitize_generation_data,38,4,0.606,NA
40,26,count-odds,ifs,FALSE,20,elitize_generation_data,39,8,0.586,NA
41,26,count-odds,ifs,FALSE,20,elitize_generation_data,40,5,0.583,NA
42,26,count-odds,ifs,FALSE,20,elitize_generation_data,41,7,0.603,NA
43,26,count-odds,ifs,FALSE,20,elitize_generation_data,42,6,0.607,NA
44,26,count-odds,ifs,FALSE,20,elitize_generation_data,43,7,0.583,NA
45,26,count-odds,ifs,FALSE,20,elitize_generation_data,44,7,0.581,NA
46,26,count-odds,ifs,FALSE,20,elitize_generation_data,45,5,0.522,NA
47,26,count-odds,ifs,FALSE,20,elitize_generation_data,46,5,0.532,NA
48,26,count-odds,ifs,FALSE,20,elitize_generation_data,47,7,0.53,NA
49,26,count-odds,ifs,FALSE,20,elitize_generation_data,48,6,0.561,NA
50,26,count-odds,ifs,FALSE,20,elitize_generation_data,49,7,0.526,NA
51,26,count-odds,ifs,FALSE,20,elitize_generation_data,50,9,0.54,NA
52,26,count-odds,ifs,FALSE,20,elitize_generation_data,51,6,0.483,NA
53,26,count-odds,ifs,FALSE,20,elitize_generation_data,52,7,0.542,NA
54,26,count-odds,ifs,FALSE,20,elitize_generation_data,53,5,0.533,NA
55,26,count-odds,ifs,FALSE,20,elitize_generation_data,54,8,0.541,NA
56,26,count-odds,ifs,FALSE,20,elitize_generation_data,55,6,0.497,NA
57,26,count-odds,ifs,FALSE,20,elitize_generation_data,56,6,0.516,NA
58,26,count-odds,ifs,FALSE,20,elitize_generation_data,57,6,0.535,NA
59,26,count-odds,ifs,FALSE,20,elitize_generation_data,58,7,0.508,NA
60,26,count-odds,ifs,FALSE,20,elitize_generation_data,59,5,0.547,NA
61,26,count-odds,ifs,FALSE,20,elitize_generation_data,60,5,0.541,NA
62,26,count-odds,ifs,FALSE,20,elitize_generation_data,61,5,0.517,NA
63,26,count-odds,ifs,FALSE,20,elitize_generation_data,62,4,0.492,NA
64,26,count-odds,ifs,FALSE,20,elitize_generation_data,63,6,0.515,NA
65,26,count-odds,ifs,FALSE,20,elitize_generation_data,64,5,0.497,NA
66,26,count-odds,ifs,FALSE,20,elitize_generation_data,65,6,0.498,NA
67,26,count-odds,ifs,FALSE,20,elitize_generation_data,66,5,0.514,NA
68,26,count-odds,ifs,FALSE,20,elitize_generation_data,67,6,0.546,NA
69,26,count-odds,ifs,FALSE,20,elitize_generation_data,68,7,0.531,NA
70,26,count-odds,ifs,FALSE,20,elitize_generation_data,69,7,0.546,NA
71,26,count-odds,ifs,FALSE,20,elitize_generation_data,70,5,0.498,NA
72,26,count-odds,ifs,FALSE,20,elitize_generation_data,71,5,0.523,NA
73,26,count-odds,ifs,FALSE,20,elitize_generation_data,72,9,0.527,NA
74,26,count-odds,ifs,FALSE,20,elitize_generation_data,73,4,0.527,NA
75,26,count-odds,ifs,FALSE,20,elitize_generation_data,74,9,0.534,NA
76,26,count-odds,ifs,FALSE,20,elitize_generation_data,75,5,0.522,NA
77,26,count-odds,ifs,FALSE,20,elitize_generation_data,76,7,0.511,NA
78,26,count-odds,ifs,FALSE,20,elitize_generation_data,77,5,0.546,NA
79,26,count-odds,ifs,FALSE,20,elitize_generation_data,78,4,0.537,NA
80,26,count-odds,ifs,FALSE,20,elitize_generation_data,79,5,0.496,NA
81,26,count-odds,ifs,FALSE,20,elitize_generation_data,80,5,0.511,NA
82,26,count-odds,ifs,FALSE,20,elitize_generation_data,81,6,0.513,NA
83,26,count-odds,ifs,FALSE,20,elitize_generation_data,82,7,0.469,NA
84,26,count-odds,ifs,FALSE,20,elitize_generation_data,83,7,0.511,NA
85,26,count-odds,ifs,FALSE,20,elitize_generation_data,84,7,0.488,NA
86,26,count-odds,ifs,FALSE,20,elitize_generation_data,85,8,0.507,NA
87,26,count-odds,ifs,FALSE,20,elitize_generation_data,86,5,0.528,NA
88,26,count-odds,ifs,FALSE,20,elitize_generation_data,87,6,0.537,NA
89,26,count-odds,ifs,FALSE,20,elitize_generation_data,88,4,0.544,NA
90,26,count-odds,ifs,FALSE,20,elitize_generation_data,89,8,0.524,NA
91,26,count-odds,ifs,FALSE,20,elitize_generation_data,90,5,0.52,NA
92,26,count-odds,ifs,FALSE,20,elitize_generation_data,91,6,0.491,NA
93,26,count-odds,ifs,FALSE,20,elitize_generation_data,92,6,0.486,NA
94,26,count-odds,ifs,FALSE,20,elitize_generation_data,93,8,0.506,NA
95,26,count-odds,ifs,FALSE,20,elitize_generation_data,94,6,0.518,NA
96,26,count-odds,ifs,FALSE,20,elitize_generation_data,95,7,0.565,NA
97,26,count-odds,ifs,FALSE,20,elitize_generation_data,96,8,0.522,NA
98,26,count-odds,ifs,FALSE,20,elitize_generation_data,97,5,0.552,NA
99,26,count-odds,ifs,FALSE,20,elitize_generation_data,98,6,0.52,NA
100,26,count-odds,ifs,FALSE,20,elitize_generation_data,99,5,0.544,NA
101,26,count-odds,ifs,FALSE,20,elitize_generation_data,100,5,0.496,NA
102,26,count-odds,ifs,FALSE,20,elitize_generation_data,101,6,0.53,NA
103,26,count-odds,ifs,FALSE,20,elitize_generation_data,102,7,0.519,NA
104,26,count-odds,ifs,FALSE,20,elitize_generation_data,103,6,0.512,NA
105,26,count-odds,ifs,FALSE,20,elitize_generation_data,104,6,0.515,NA
106,26,count-odds,ifs,FALSE,20,elitize_generation_data,105,7,0.528,NA
107,26,count-odds,ifs,FALSE,20,elitize_generation_data,106,7,0.518,NA
108,26,count-odds,ifs,FALSE,20,elitize_generation_data,107,7,0.523,NA
109,26,count-odds,ifs,FALSE,20,elitize_generation_data,108,5,0.498,NA
110,26,count-odds,ifs,FALSE,20,elitize_generation_data,109,6,0.512,NA
111,26,count-odds,ifs,FALSE,20,elitize_generation_data,110,6,0.513,NA
112,26,count-odds,ifs,FALSE,20,elitize_generation_data,111,5,0.522,NA
113,26,count-odds,ifs,FALSE,20,elitize_generation_data,112,6,0.51,NA
114,26,count-odds,ifs,FALSE,20,elitize_generation_data,113,7,0.5,NA
115,26,count-odds,ifs,FALSE,20,elitize_generation_data,114,7,0.509,NA
116,26,count-odds,ifs,FALSE,20,elitize_generation_data,115,7,0.527,NA
117,26,count-odds,ifs,FALSE,20,elitize_generation_data,116,5,0.507,NA
118,26,count-odds,ifs,FALSE,20,elitize_generation_data,117,6,0.503,NA
119,26,count-odds,ifs,FALSE,20,elitize_generation_data,118,9,0.521,NA
120,26,count-odds,ifs,FALSE,20,elitize_generation_data,119,7,0.526,NA
121,26,count-odds,ifs,FALSE,20,elitize_generation_data,120,7,0.55,NA
122,26,count-odds,ifs,FALSE,20,elitize_generation_data,121,5,0.536,NA
123,26,count-odds,ifs,FALSE,20,elitize_generation_data,122,6,0.524,NA
124,26,count-odds,ifs,FALSE,20,elitize_generation_data,123,5,0.513,NA
125,26,count-odds,ifs,FALSE,20,elitize_generation_data,124,6,0.512,NA
126,26,count-odds,ifs,FALSE,20,elitize_generation_data,125,5,0.517,NA
127,26,count-odds,ifs,FALSE,20,elitize_generation_data,126,6,0.515,NA
128,26,count-odds,ifs,FALSE,20,elitize_generation_data,127,5,0.52,NA
129,26,count-odds,ifs,FALSE,20,elitize_generation_data,128,7,0.556,NA
130,26,count-odds,ifs,FALSE,20,elitize_generation_data,129,6,0.537,NA
131,26,count-odds,ifs,FALSE,20,elitize_generation_data,130,4,0.536,NA
132,26,count-odds,ifs,FALSE,20,elitize_generation_data,131,9,0.556,NA
133,26,count-odds,ifs,FALSE,20,elitize_generation_data,132,6,0.509,NA
134,26,count-odds,ifs,FALSE,20,elitize_generation_data,133,6,0.54,NA
135,26,count-odds,ifs,FALSE,20,elitize_generation_data,134,5,0.558,NA
136,26,count-odds,ifs,FALSE,20,elitize_generation_data,135,7,0.562,NA
137,26,count-odds,ifs,FALSE,20,elitize_generation_data,136,6,0.532,NA
138,26,count-odds,ifs,FALSE,20,elitize_generation_data,137,5,0.525,NA
139,26,count-odds,ifs,FALSE,20,elitize_generation_data,138,6,0.532,NA
140,26,count-odds,ifs,FALSE,20,elitize_generation_data,139,8,0.54,NA
141,26,count-odds,ifs,FALSE,20,elitize_generation_data,140,6,0.506,NA
142,26,count-odds,ifs,FALSE,20,elitize_generation_data,141,5,0.501,NA
143,26,count-odds,ifs,FALSE,20,elitize_generation_data,142,5,0.513,NA
144,26,count-odds,ifs,FALSE,20,elitize_generation_data,143,6,0.512,NA
145,26,count-odds,ifs,FALSE,20,elitize_generation_data,144,6,0.488,NA
146,26,count-odds,ifs,FALSE,20,elitize_generation_data,145,5,0.54,NA
147,26,count-odds,ifs,FALSE,20,elitize_generation_data,146,5,0.512,NA
148,26,count-odds,ifs,FALSE,20,elitize_generation_data,147,8,0.508,NA
149,26,count-odds,ifs,FALSE,20,elitize_generation_data,148,6,0.488,NA
150,26,count-odds,ifs,FALSE,20,elitize_generation_data,149,4,0.506,NA
151,26,count-odds,ifs,FALSE,20,elitize_generation_data,150,7,0.498,NA
152,26,count-odds,ifs,FALSE,20,elitize_generation_data,151,8,0.5,NA
153,26,count-odds,ifs,FALSE,20,elitize_generation_data,152,4,0.473,NA
154,26,count-odds,ifs,FALSE,20,elitize_generation_data,153,5,0.511,NA
155,26,count-odds,ifs,FALSE,20,elitize_generation_data,154,5,0.523,NA
156,26,count-odds,ifs,FALSE,20,elitize_generation_data,155,7,0.498,NA
157,26,count-odds,ifs,FALSE,20,elitize_generation_data,156,8,0.524,NA
158,26,count-odds,ifs,FALSE,20,elitize_generation_data,157,7,0.532,NA
159,26,count-odds,ifs,FALSE,20,elitize_generation_data,158,7,0.52,NA
160,26,count-odds,ifs,FALSE,20,elitize_generation_data,159,4,0.523,NA
161,26,count-odds,ifs,FALSE,20,elitize_generation_data,160,5,0.51,NA
162,26,count-odds,ifs,FALSE,20,elitize_generation_data,161,8,0.52,NA
163,26,count-odds,ifs,FALSE,20,elitize_generation_data,162,6,0.535,NA
164,26,count-odds,ifs,FALSE,20,elitize_generation_data,163,4,0.522,NA
165,26,count-odds,ifs,FALSE,20,elitize_generation_data,164,7,0.501,NA
166,26,count-odds,ifs,FALSE,20,elitize_generation_data,165,5,0.498,NA
167,26,count-odds,ifs,FALSE,20,elitize_generation_data,166,5,0.507,NA
168,26,count-odds,ifs,FALSE,20,elitize_generation_data,167,7,0.506,NA
169,26,count-odds,ifs,FALSE,20,elitize_generation_data,168,6,0.522,NA
170,26,count-odds,ifs,FALSE,20,elitize_generation_data,169,6,0.504,NA
171,26,count-odds,ifs,FALSE,20,elitize_generation_data,170,6,0.49,NA
172,26,count-odds,ifs,FALSE,20,elitize_generation_data,171,6,0.519,NA
173,26,count-odds,ifs,FALSE,20,elitize_generation_data,172,7,0.501,NA
174,26,count-odds,ifs,FALSE,20,elitize_generation_data,173,7,0.532,NA
175,26,count-odds,ifs,FALSE,20,elitize_generation_data,174,5,0.53,NA
176,26,count-odds,ifs,FALSE,20,elitize_generation_data,175,6,0.534,NA
177,26,count-odds,ifs,FALSE,20,elitize_generation_data,176,7,0.541,NA
178,26,count-odds,ifs,FALSE,20,elitize_generation_data,177,7,0.529,NA
179,26,count-odds,ifs,FALSE,20,elitize_generation_data,178,6,0.506,NA
180,26,count-odds,ifs,FALSE,20,elitize_generation_data,179,7,0.525,NA
181,26,count-odds,ifs,FALSE,20,elitize_generation_data,180,5,0.515,NA
182,26,count-odds,ifs,FALSE,20,elitize_generation_data,181,5,0.519,NA
183,26,count-odds,ifs,FALSE,20,elitize_generation_data,182,6,0.519,NA
184,26,count-odds,ifs,FALSE,20,elitize_generation_data,183,6,0.499,NA
185,26,count-odds,ifs,FALSE,20,elitize_generation_data,184,5,0.51,NA
186,26,count-odds,ifs,FALSE,20,elitize_generation_data,185,7,0.519,NA
187,26,count-odds,ifs,FALSE,20,elitize_generation_data,186,6,0.533,NA
188,26,count-odds,ifs,FALSE,20,elitize_generation_data,187,5,0.529,NA
189,26,count-odds,ifs,FALSE,20,elitize_generation_data,188,4,0.537,NA
190,26,count-odds,ifs,FALSE,20,elitize_generation_data,189,5,0.523,NA
191,26,count-odds,ifs,FALSE,20,elitize_generation_data,190,7,0.543,NA
192,26,count-odds,ifs,FALSE,20,elitize_generation_data,191,7,0.562,NA
193,26,count-odds,ifs,FALSE,20,elitize_generation_data,192,9,0.52,NA
194,26,count-odds,ifs,FALSE,20,elitize_generation_data,193,7,0.51,NA
195,26,count-odds,ifs,FALSE,20,elitize_generation_data,194,8,0.504,NA
196,26,count-odds,ifs,FALSE,20,elitize_generation_data,195,8,0.529,NA
197,26,count-odds,ifs,FALSE,20,elitize_generation_data,196,6,0.534,NA
198,26,count-odds,ifs,FALSE,20,elitize_generation_data,197,8,0.551,NA
199,26,count-odds,ifs,FALSE,20,elitize_generation_data,198,8,0.526,NA
200,26,count-odds,ifs,FALSE,20,elitize_generation_data,199,7,0.52,NA
201,26,count-odds,ifs,FALSE,20,elitize_generation_data,200,6,0.481,NA
202,26,count-odds,ifs,FALSE,20,elitize_generation_data,201,6,0.525,NA
203,26,count-odds,ifs,FALSE,20,elitize_generation_data,202,6,0.499,NA
204,26,count-odds,ifs,FALSE,20,elitize_generation_data,203,6,0.492,NA
205,26,count-odds,ifs,FALSE,20,elitize_generation_data,204,6,0.488,NA
206,26,count-odds,ifs,FALSE,20,elitize_generation_data,205,8,0.489,NA
207,26,count-odds,ifs,FALSE,20,elitize_generation_data,206,6,0.514,NA
208,26,count-odds,ifs,FALSE,20,elitize_generation_data,207,6,0.52,NA
209,26,count-odds,ifs,FALSE,20,elitize_generation_data,208,7,0.526,NA
210,26,count-odds,ifs,FALSE,20,elitize_generation_data,209,8,0.511,NA
211,26,count-odds,ifs,FALSE,20,elitize_generation_data,210,9,0.51,NA
212,26,count-odds,ifs,FALSE,20,elitize_generation_data,211,6,0.504,NA
213,26,count-odds,ifs,FALSE,20,elitize_generation_data,212,5,0.487,NA
214,26,count-odds,ifs,FALSE,20,elitize_generation_data,213,5,0.51,NA
215,26,count-odds,ifs,FALSE,20,elitize_generation_data,214,7,0.474,NA
216,26,count-odds,ifs,FALSE,20,elitize_generation_data,215,6,0.503,NA
217,26,count-odds,ifs,FALSE,20,elitize_generation_data,216,6,0.505,NA
218,26,count-odds,ifs,FALSE,20,elitize_generation_data,217,9,0.526,NA
219,26,count-odds,ifs,FALSE,20,elitize_generation_data,218,7,0.49,NA
220,26,count-odds,ifs,FALSE,20,elitize_generation_data,219,8,0.522,NA
221,26,count-odds,ifs,FALSE,20,elitize_generation_data,220,7,0.519,NA
222,26,count-odds,ifs,FALSE,20,elitize_generation_data,221,8,0.527,NA
223,26,count-odds,ifs,FALSE,20,elitize_generation_data,222,7,0.505,NA
224,26,count-odds,ifs,FALSE,20,elitize_generation_data,223,8,0.515,NA
225,26,count-odds,ifs,FALSE,20,elitize_generation_data,224,7,0.521,NA
226,26,count-odds,ifs,FALSE,20,elitize_generation_data,225,6,0.495,NA
227,26,count-odds,ifs,FALSE,20,elitize_generation_data,226,9,0.487,NA
228,26,count-odds,ifs,FALSE,20,elitize_generation_data,227,5,0.514,NA
229,26,count-odds,ifs,FALSE,20,elitize_generation_data,228,8,0.499,NA
230,26,count-odds,ifs,FALSE,20,elitize_generation_data,229,8,0.503,NA
231,26,count-odds,ifs,FALSE,20,elitize_generation_data,230,6,0.482,NA
232,26,count-odds,ifs,FALSE,20,elitize_generation_data,231,8,0.518,NA
233,26,count-odds,ifs,FALSE,20,elitize_generation_data,232,7,0.492,NA
234,26,count-odds,ifs,FALSE,20,elitize_generation_data,233,7,0.483,NA
235,26,count-odds,ifs,FALSE,20,elitize_generation_data,234,7,0.548,NA
236,26,count-odds,ifs,FALSE,20,elitize_generation_data,235,8,0.538,NA
237,26,count-odds,ifs,FALSE,20,elitize_generation_data,236,7,0.512,NA
238,26,count-odds,ifs,FALSE,20,elitize_generation_data,237,7,0.509,NA
239,26,count-odds,ifs,FALSE,20,elitize_generation_data,238,7,0.551,NA
240,26,count-odds,ifs,FALSE,20,elitize_generation_data,239,9,0.538,NA
241,26,count-odds,ifs,FALSE,20,elitize_generation_data,240,7,0.487,NA
242,26,count-odds,ifs,FALSE,20,elitize_generation_data,241,7,0.478,NA
243,26,count-odds,ifs,FALSE,20,elitize_generation_data,242,5,0.516,NA
244,26,count-odds,ifs,FALSE,20,elitize_generation_data,243,6,0.504,NA
245,26,count-odds,ifs,FALSE,20,elitize_generation_data,244,6,0.511,NA
246,26,count-odds,ifs,FALSE,20,elitize_generation_data,245,4,0.511,NA
247,26,count-odds,ifs,FALSE,20,elitize_generation_data,246,4,0.502,NA
248,26,count-odds,ifs,FALSE,20,elitize_generation_data,247,6,0.531,NA
249,26,count-odds,ifs,FALSE,20,elitize_generation_data,248,7,0.508,NA
250,26,count-odds,ifs,FALSE,20,elitize_generation_data,249,7,0.552,NA
251,26,count-odds,ifs,FALSE,20,elitize_generation_data,250,5,0.52,NA
252,26,count-odds,ifs,FALSE,20,elitize_generation_data,251,7,0.5,NA
253,26,count-odds,ifs,FALSE,20,elitize_generation_data,252,9,0.513,NA
254,26,count-odds,ifs,FALSE,20,elitize_generation_data,253,7,0.497,NA
255,26,count-odds,ifs,FALSE,20,elitize_generation_data,254,6,0.499,NA
256,26,count-odds,ifs,FALSE,20,elitize_generation_data,255,7,0.54,NA
257,26,count-odds,ifs,FALSE,20,elitize_generation_data,256,8,0.525,NA
258,26,count-odds,ifs,FALSE,20,elitize_generation_data,257,7,0.496,NA
259,26,count-odds,ifs,FALSE,20,elitize_generation_data,258,6,0.5,NA
260,26,count-odds,ifs,FALSE,20,elitize_generation_data,259,6,0.52,NA
261,26,count-odds,ifs,FALSE,20,elitize_generation_data,260,6,0.515,NA
262,26,count-odds,ifs,FALSE,20,elitize_generation_data,261,8,0.511,NA
263,26,count-odds,ifs,FALSE,20,elitize_generation_data,262,6,0.496,NA
264,26,count-odds,ifs,FALSE,20,elitize_generation_data,263,9,0.501,NA
265,26,count-odds,ifs,FALSE,20,elitize_generation_data,264,5,0.52,NA
266,26,count-odds,ifs,FALSE,20,elitize_generation_data,265,7,0.502,NA
267,26,count-odds,ifs,FALSE,20,elitize_generation_data,266,5,0.521,NA
268,26,count-odds,ifs,FALSE,20,elitize_generation_data,267,9,0.508,NA
269,26,count-odds,ifs,FALSE,20,elitize_generation_data,268,6,0.499,NA
270,26,count-odds,ifs,FALSE,20,elitize_generation_data,269,7,0.511,NA
271,26,count-odds,ifs,FALSE,20,elitize_generation_data,270,6,0.534,NA
272,26,count-odds,ifs,FALSE,20,elitize_generation_data,271,8,0.522,NA
273,26,count-odds,ifs,FALSE,20,elitize_generation_data,272,6,0.526,NA
274,26,count-odds,ifs,FALSE,20,elitize_generation_data,273,5,0.509,NA
275,26,count-odds,ifs,FALSE,20,elitize_generation_data,274,8,0.527,NA
276,26,count-odds,ifs,FALSE,20,elitize_generation_data,275,4,0.535,NA
277,26,count-odds,ifs,FALSE,20,elitize_generation_data,276,5,0.511,NA
278,26,count-odds,ifs,FALSE,20,elitize_generation_data,277,7,0.51,NA
279,26,count-odds,ifs,FALSE,20,elitize_generation_data,278,8,0.538,NA
280,26,count-odds,ifs,FALSE,20,elitize_generation_data,279,8,0.516,NA
281,26,count-odds,ifs,FALSE,20,elitize_generation_data,280,5,0.529,NA
282,26,count-odds,ifs,FALSE,20,elitize_generation_data,281,7,0.526,NA
283,26,count-odds,ifs,FALSE,20,elitize_generation_data,282,7,0.541,NA
284,26,count-odds,ifs,FALSE,20,elitize_generation_data,283,5,0.538,NA
285,26,count-odds,ifs,FALSE,20,elitize_generation_data,284,6,0.524,NA
286,26,count-odds,ifs,FALSE,20,elitize_generation_data,285,7,0.505,NA
287,26,count-odds,ifs,FALSE,20,elitize_generation_data,286,5,0.559,NA
288,26,count-odds,ifs,FALSE,20,elitize_generation_data,287,7,0.532,NA
289,26,count-odds,ifs,FALSE,20,elitize_generation_data,288,6,0.528,NA
290,26,count-odds,ifs,FALSE,20,elitize_generation_data,289,5,0.501,NA
291,26,count-odds,ifs,FALSE,20,elitize_generation_data,290,5,0.542,NA
292,26,count-odds,ifs,FALSE,20,elitize_generation_data,291,6,0.506,NA
293,26,count-odds,ifs,FALSE,20,elitize_generation_data,292,7,0.502,NA
294,26,count-odds,ifs,FALSE,20,elitize_generation_data,293,7,0.532,NA
295,26,count-odds,ifs,FALSE,20,elitize_generation_data,294,9,0.488,NA
296,26,count-odds,ifs,FALSE,20,elitize_generation_data,295,9,0.491,NA
297,26,count-odds,ifs,FALSE,20,elitize_generation_data,296,7,0.497,NA
298,26,count-odds,ifs,FALSE,20,elitize_generation_data,297,9,0.522,NA
299,26,count-odds,ifs,FALSE,20,elitize_generation_data,298,8,0.509,NA
300,26,count-odds,ifs,FALSE,20,elitize_generation_data,299,7,0.5,NA
301,26,count-odds,ifs,FALSE,20,elitize_generation_data,300,8,0.533,NA
