,run.num,problem,treatment,succeeded,height,normalization.function,generation,cluster.count,error.diversity,success.generation
1,87,count-odds,ifs,FALSE,20,elitize_generation_data,0,6,0.185,NA
2,87,count-odds,ifs,FALSE,20,elitize_generation_data,1,6,0.106,NA
3,87,count-odds,ifs,FALSE,20,elitize_generation_data,2,5,0.048,NA
4,87,count-odds,ifs,FALSE,20,elitize_generation_data,3,3,0.049,NA
5,87,count-odds,ifs,FALSE,20,elitize_generation_data,4,6,0.025,NA
6,87,count-odds,ifs,FALSE,20,elitize_generation_data,5,6,0.024,NA
7,87,count-odds,ifs,FALSE,20,elitize_generation_data,6,5,0.025,NA
8,87,count-odds,ifs,FALSE,20,elitize_generation_data,7,7,0.037,NA
9,87,count-odds,ifs,FALSE,20,elitize_generation_data,8,6,0.035,NA
10,87,count-odds,ifs,FALSE,20,elitize_generation_data,9,7,0.078,NA
11,87,count-odds,ifs,FALSE,20,elitize_generation_data,10,9,0.085,NA
12,87,count-odds,ifs,FALSE,20,elitize_generation_data,11,8,0.123,NA
13,87,count-odds,ifs,FALSE,20,elitize_generation_data,12,9,0.114,NA
14,87,count-odds,ifs,FALSE,20,elitize_generation_data,13,8,0.151,NA
15,87,count-odds,ifs,FALSE,20,elitize_generation_data,14,10,0.16,NA
16,87,count-odds,ifs,FALSE,20,elitize_generation_data,15,9,0.161,NA
17,87,count-odds,ifs,FALSE,20,elitize_generation_data,16,11,0.167,NA
18,87,count-odds,ifs,FALSE,20,elitize_generation_data,17,9,0.171,NA
19,87,count-odds,ifs,FALSE,20,elitize_generation_data,18,9,0.192,NA
20,87,count-odds,ifs,FALSE,20,elitize_generation_data,19,9,0.179,NA
21,87,count-odds,ifs,FALSE,20,elitize_generation_data,20,7,0.202,NA
22,87,count-odds,ifs,FALSE,20,elitize_generation_data,21,10,0.215,NA
23,87,count-odds,ifs,FALSE,20,elitize_generation_data,22,9,0.228,NA
24,87,count-odds,ifs,FALSE,20,elitize_generation_data,23,9,0.238,NA
25,87,count-odds,ifs,FALSE,20,elitize_generation_data,24,9,0.237,NA
26,87,count-odds,ifs,FALSE,20,elitize_generation_data,25,9,0.25,NA
27,87,count-odds,ifs,FALSE,20,elitize_generation_data,26,12,0.241,NA
28,87,count-odds,ifs,FALSE,20,elitize_generation_data,27,10,0.291,NA
29,87,count-odds,ifs,FALSE,20,elitize_generation_data,28,12,0.31,NA
30,87,count-odds,ifs,FALSE,20,elitize_generation_data,29,13,0.328,NA
31,87,count-odds,ifs,FALSE,20,elitize_generation_data,30,10,0.291,NA
32,87,count-odds,ifs,FALSE,20,elitize_generation_data,31,9,0.298,NA
33,87,count-odds,ifs,FALSE,20,elitize_generation_data,32,11,0.32,NA
34,87,count-odds,ifs,FALSE,20,elitize_generation_data,33,13,0.345,NA
35,87,count-odds,ifs,FALSE,20,elitize_generation_data,34,13,0.377,NA
36,87,count-odds,ifs,FALSE,20,elitize_generation_data,35,15,0.375,NA
37,87,count-odds,ifs,FALSE,20,elitize_generation_data,36,10,0.318,NA
38,87,count-odds,ifs,FALSE,20,elitize_generation_data,37,16,0.31,NA
39,87,count-odds,ifs,FALSE,20,elitize_generation_data,38,15,0.351,NA
40,87,count-odds,ifs,FALSE,20,elitize_generation_data,39,17,0.387,NA
41,87,count-odds,ifs,FALSE,20,elitize_generation_data,40,14,0.384,NA
42,87,count-odds,ifs,FALSE,20,elitize_generation_data,41,18,0.351,NA
43,87,count-odds,ifs,FALSE,20,elitize_generation_data,42,16,0.323,NA
44,87,count-odds,ifs,FALSE,20,elitize_generation_data,43,18,0.34,NA
45,87,count-odds,ifs,FALSE,20,elitize_generation_data,44,18,0.355,NA
46,87,count-odds,ifs,FALSE,20,elitize_generation_data,45,14,0.374,NA
47,87,count-odds,ifs,FALSE,20,elitize_generation_data,46,13,0.382,NA
48,87,count-odds,ifs,FALSE,20,elitize_generation_data,47,13,0.397,NA
49,87,count-odds,ifs,FALSE,20,elitize_generation_data,48,16,0.424,NA
50,87,count-odds,ifs,FALSE,20,elitize_generation_data,49,14,0.383,NA
51,87,count-odds,ifs,FALSE,20,elitize_generation_data,50,15,0.363,NA
52,87,count-odds,ifs,FALSE,20,elitize_generation_data,51,13,0.38,NA
53,87,count-odds,ifs,FALSE,20,elitize_generation_data,52,15,0.364,NA
54,87,count-odds,ifs,FALSE,20,elitize_generation_data,53,16,0.418,NA
55,87,count-odds,ifs,FALSE,20,elitize_generation_data,54,16,0.389,NA
56,87,count-odds,ifs,FALSE,20,elitize_generation_data,55,16,0.395,NA
57,87,count-odds,ifs,FALSE,20,elitize_generation_data,56,13,0.407,NA
58,87,count-odds,ifs,FALSE,20,elitize_generation_data,57,16,0.394,NA
59,87,count-odds,ifs,FALSE,20,elitize_generation_data,58,12,0.399,NA
60,87,count-odds,ifs,FALSE,20,elitize_generation_data,59,11,0.37,NA
61,87,count-odds,ifs,FALSE,20,elitize_generation_data,60,11,0.388,NA
62,87,count-odds,ifs,FALSE,20,elitize_generation_data,61,11,0.345,NA
63,87,count-odds,ifs,FALSE,20,elitize_generation_data,62,10,0.351,NA
64,87,count-odds,ifs,FALSE,20,elitize_generation_data,63,10,0.379,NA
65,87,count-odds,ifs,FALSE,20,elitize_generation_data,64,12,0.392,NA
66,87,count-odds,ifs,FALSE,20,elitize_generation_data,65,9,0.384,NA
67,87,count-odds,ifs,FALSE,20,elitize_generation_data,66,12,0.383,NA
68,87,count-odds,ifs,FALSE,20,elitize_generation_data,67,13,0.385,NA
69,87,count-odds,ifs,FALSE,20,elitize_generation_data,68,14,0.415,NA
70,87,count-odds,ifs,FALSE,20,elitize_generation_data,69,11,0.404,NA
71,87,count-odds,ifs,FALSE,20,elitize_generation_data,70,15,0.399,NA
72,87,count-odds,ifs,FALSE,20,elitize_generation_data,71,12,0.404,NA
73,87,count-odds,ifs,FALSE,20,elitize_generation_data,72,15,0.406,NA
74,87,count-odds,ifs,FALSE,20,elitize_generation_data,73,17,0.425,NA
75,87,count-odds,ifs,FALSE,20,elitize_generation_data,74,13,0.418,NA
76,87,count-odds,ifs,FALSE,20,elitize_generation_data,75,13,0.428,NA
77,87,count-odds,ifs,FALSE,20,elitize_generation_data,76,11,0.455,NA
78,87,count-odds,ifs,FALSE,20,elitize_generation_data,77,13,0.434,NA
79,87,count-odds,ifs,FALSE,20,elitize_generation_data,78,13,0.452,NA
80,87,count-odds,ifs,FALSE,20,elitize_generation_data,79,14,0.447,NA
81,87,count-odds,ifs,FALSE,20,elitize_generation_data,80,15,0.453,NA
82,87,count-odds,ifs,FALSE,20,elitize_generation_data,81,11,0.479,NA
83,87,count-odds,ifs,FALSE,20,elitize_generation_data,82,10,0.459,NA
84,87,count-odds,ifs,FALSE,20,elitize_generation_data,83,15,0.471,NA
85,87,count-odds,ifs,FALSE,20,elitize_generation_data,84,14,0.467,NA
86,87,count-odds,ifs,FALSE,20,elitize_generation_data,85,11,0.423,NA
87,87,count-odds,ifs,FALSE,20,elitize_generation_data,86,10,0.429,NA
88,87,count-odds,ifs,FALSE,20,elitize_generation_data,87,11,0.428,NA
89,87,count-odds,ifs,FALSE,20,elitize_generation_data,88,13,0.428,NA
90,87,count-odds,ifs,FALSE,20,elitize_generation_data,89,13,0.395,NA
91,87,count-odds,ifs,FALSE,20,elitize_generation_data,90,13,0.396,NA
92,87,count-odds,ifs,FALSE,20,elitize_generation_data,91,12,0.393,NA
93,87,count-odds,ifs,FALSE,20,elitize_generation_data,92,13,0.385,NA
94,87,count-odds,ifs,FALSE,20,elitize_generation_data,93,12,0.399,NA
95,87,count-odds,ifs,FALSE,20,elitize_generation_data,94,13,0.42,NA
96,87,count-odds,ifs,FALSE,20,elitize_generation_data,95,11,0.387,NA
97,87,count-odds,ifs,FALSE,20,elitize_generation_data,96,14,0.416,NA
98,87,count-odds,ifs,FALSE,20,elitize_generation_data,97,14,0.45,NA
99,87,count-odds,ifs,FALSE,20,elitize_generation_data,98,11,0.444,NA
100,87,count-odds,ifs,FALSE,20,elitize_generation_data,99,9,0.388,NA
101,87,count-odds,ifs,FALSE,20,elitize_generation_data,100,10,0.421,NA
102,87,count-odds,ifs,FALSE,20,elitize_generation_data,101,13,0.438,NA
103,87,count-odds,ifs,FALSE,20,elitize_generation_data,102,12,0.422,NA
104,87,count-odds,ifs,FALSE,20,elitize_generation_data,103,11,0.414,NA
105,87,count-odds,ifs,FALSE,20,elitize_generation_data,104,12,0.422,NA
106,87,count-odds,ifs,FALSE,20,elitize_generation_data,105,10,0.4,NA
107,87,count-odds,ifs,FALSE,20,elitize_generation_data,106,14,0.412,NA
108,87,count-odds,ifs,FALSE,20,elitize_generation_data,107,10,0.416,NA
109,87,count-odds,ifs,FALSE,20,elitize_generation_data,108,11,0.407,NA
110,87,count-odds,ifs,FALSE,20,elitize_generation_data,109,11,0.379,NA
111,87,count-odds,ifs,FALSE,20,elitize_generation_data,110,15,0.394,NA
112,87,count-odds,ifs,FALSE,20,elitize_generation_data,111,10,0.387,NA
113,87,count-odds,ifs,FALSE,20,elitize_generation_data,112,10,0.391,NA
114,87,count-odds,ifs,FALSE,20,elitize_generation_data,113,12,0.394,NA
115,87,count-odds,ifs,FALSE,20,elitize_generation_data,114,16,0.394,NA
116,87,count-odds,ifs,FALSE,20,elitize_generation_data,115,11,0.387,NA
117,87,count-odds,ifs,FALSE,20,elitize_generation_data,116,15,0.396,NA
118,87,count-odds,ifs,FALSE,20,elitize_generation_data,117,14,0.373,NA
119,87,count-odds,ifs,FALSE,20,elitize_generation_data,118,15,0.415,NA
120,87,count-odds,ifs,FALSE,20,elitize_generation_data,119,15,0.397,NA
121,87,count-odds,ifs,FALSE,20,elitize_generation_data,120,10,0.405,NA
122,87,count-odds,ifs,FALSE,20,elitize_generation_data,121,12,0.41,NA
123,87,count-odds,ifs,FALSE,20,elitize_generation_data,122,11,0.386,NA
124,87,count-odds,ifs,FALSE,20,elitize_generation_data,123,9,0.4,NA
125,87,count-odds,ifs,FALSE,20,elitize_generation_data,124,15,0.394,NA
126,87,count-odds,ifs,FALSE,20,elitize_generation_data,125,10,0.386,NA
127,87,count-odds,ifs,FALSE,20,elitize_generation_data,126,11,0.395,NA
128,87,count-odds,ifs,FALSE,20,elitize_generation_data,127,15,0.396,NA
129,87,count-odds,ifs,FALSE,20,elitize_generation_data,128,13,0.412,NA
130,87,count-odds,ifs,FALSE,20,elitize_generation_data,129,16,0.385,NA
131,87,count-odds,ifs,FALSE,20,elitize_generation_data,130,12,0.399,NA
132,87,count-odds,ifs,FALSE,20,elitize_generation_data,131,10,0.427,NA
133,87,count-odds,ifs,FALSE,20,elitize_generation_data,132,11,0.43,NA
134,87,count-odds,ifs,FALSE,20,elitize_generation_data,133,10,0.407,NA
135,87,count-odds,ifs,FALSE,20,elitize_generation_data,134,9,0.4,NA
136,87,count-odds,ifs,FALSE,20,elitize_generation_data,135,11,0.418,NA
137,87,count-odds,ifs,FALSE,20,elitize_generation_data,136,10,0.402,NA
138,87,count-odds,ifs,FALSE,20,elitize_generation_data,137,13,0.416,NA
139,87,count-odds,ifs,FALSE,20,elitize_generation_data,138,14,0.415,NA
140,87,count-odds,ifs,FALSE,20,elitize_generation_data,139,10,0.4,NA
141,87,count-odds,ifs,FALSE,20,elitize_generation_data,140,15,0.389,NA
142,87,count-odds,ifs,FALSE,20,elitize_generation_data,141,12,0.414,NA
143,87,count-odds,ifs,FALSE,20,elitize_generation_data,142,16,0.419,NA
144,87,count-odds,ifs,FALSE,20,elitize_generation_data,143,12,0.408,NA
145,87,count-odds,ifs,FALSE,20,elitize_generation_data,144,9,0.373,NA
146,87,count-odds,ifs,FALSE,20,elitize_generation_data,145,16,0.391,NA
147,87,count-odds,ifs,FALSE,20,elitize_generation_data,146,10,0.4,NA
148,87,count-odds,ifs,FALSE,20,elitize_generation_data,147,14,0.408,NA
149,87,count-odds,ifs,FALSE,20,elitize_generation_data,148,11,0.385,NA
150,87,count-odds,ifs,FALSE,20,elitize_generation_data,149,12,0.419,NA
151,87,count-odds,ifs,FALSE,20,elitize_generation_data,150,14,0.396,NA
152,87,count-odds,ifs,FALSE,20,elitize_generation_data,151,11,0.414,NA
153,87,count-odds,ifs,FALSE,20,elitize_generation_data,152,11,0.396,NA
154,87,count-odds,ifs,FALSE,20,elitize_generation_data,153,14,0.417,NA
155,87,count-odds,ifs,FALSE,20,elitize_generation_data,154,13,0.396,NA
156,87,count-odds,ifs,FALSE,20,elitize_generation_data,155,14,0.401,NA
157,87,count-odds,ifs,FALSE,20,elitize_generation_data,156,12,0.407,NA
158,87,count-odds,ifs,FALSE,20,elitize_generation_data,157,8,0.391,NA
159,87,count-odds,ifs,FALSE,20,elitize_generation_data,158,13,0.432,NA
160,87,count-odds,ifs,FALSE,20,elitize_generation_data,159,10,0.402,NA
161,87,count-odds,ifs,FALSE,20,elitize_generation_data,160,13,0.394,NA
162,87,count-odds,ifs,FALSE,20,elitize_generation_data,161,9,0.408,NA
163,87,count-odds,ifs,FALSE,20,elitize_generation_data,162,11,0.406,NA
164,87,count-odds,ifs,FALSE,20,elitize_generation_data,163,8,0.398,NA
165,87,count-odds,ifs,FALSE,20,elitize_generation_data,164,15,0.385,NA
166,87,count-odds,ifs,FALSE,20,elitize_generation_data,165,13,0.386,NA
167,87,count-odds,ifs,FALSE,20,elitize_generation_data,166,12,0.403,NA
168,87,count-odds,ifs,FALSE,20,elitize_generation_data,167,9,0.387,NA
169,87,count-odds,ifs,FALSE,20,elitize_generation_data,168,10,0.377,NA
170,87,count-odds,ifs,FALSE,20,elitize_generation_data,169,13,0.374,NA
171,87,count-odds,ifs,FALSE,20,elitize_generation_data,170,12,0.391,NA
172,87,count-odds,ifs,FALSE,20,elitize_generation_data,171,15,0.379,NA
173,87,count-odds,ifs,FALSE,20,elitize_generation_data,172,13,0.382,NA
174,87,count-odds,ifs,FALSE,20,elitize_generation_data,173,12,0.374,NA
175,87,count-odds,ifs,FALSE,20,elitize_generation_data,174,13,0.403,NA
176,87,count-odds,ifs,FALSE,20,elitize_generation_data,175,15,0.409,NA
177,87,count-odds,ifs,FALSE,20,elitize_generation_data,176,11,0.376,NA
178,87,count-odds,ifs,FALSE,20,elitize_generation_data,177,13,0.382,NA
179,87,count-odds,ifs,FALSE,20,elitize_generation_data,178,15,0.386,NA
180,87,count-odds,ifs,FALSE,20,elitize_generation_data,179,15,0.408,NA
181,87,count-odds,ifs,FALSE,20,elitize_generation_data,180,13,0.406,NA
182,87,count-odds,ifs,FALSE,20,elitize_generation_data,181,10,0.386,NA
183,87,count-odds,ifs,FALSE,20,elitize_generation_data,182,13,0.405,NA
184,87,count-odds,ifs,FALSE,20,elitize_generation_data,183,10,0.365,NA
185,87,count-odds,ifs,FALSE,20,elitize_generation_data,184,12,0.375,NA
186,87,count-odds,ifs,FALSE,20,elitize_generation_data,185,15,0.394,NA
187,87,count-odds,ifs,FALSE,20,elitize_generation_data,186,13,0.368,NA
188,87,count-odds,ifs,FALSE,20,elitize_generation_data,187,13,0.373,NA
189,87,count-odds,ifs,FALSE,20,elitize_generation_data,188,14,0.372,NA
190,87,count-odds,ifs,FALSE,20,elitize_generation_data,189,15,0.373,NA
191,87,count-odds,ifs,FALSE,20,elitize_generation_data,190,11,0.388,NA
192,87,count-odds,ifs,FALSE,20,elitize_generation_data,191,14,0.378,NA
193,87,count-odds,ifs,FALSE,20,elitize_generation_data,192,13,0.37,NA
194,87,count-odds,ifs,FALSE,20,elitize_generation_data,193,12,0.361,NA
195,87,count-odds,ifs,FALSE,20,elitize_generation_data,194,13,0.369,NA
196,87,count-odds,ifs,FALSE,20,elitize_generation_data,195,12,0.396,NA
197,87,count-odds,ifs,FALSE,20,elitize_generation_data,196,12,0.372,NA
198,87,count-odds,ifs,FALSE,20,elitize_generation_data,197,14,0.39,NA
199,87,count-odds,ifs,FALSE,20,elitize_generation_data,198,12,0.378,NA
200,87,count-odds,ifs,FALSE,20,elitize_generation_data,199,11,0.36,NA
201,87,count-odds,ifs,FALSE,20,elitize_generation_data,200,14,0.345,NA
202,87,count-odds,ifs,FALSE,20,elitize_generation_data,201,10,0.366,NA
203,87,count-odds,ifs,FALSE,20,elitize_generation_data,202,11,0.379,NA
204,87,count-odds,ifs,FALSE,20,elitize_generation_data,203,13,0.375,NA
205,87,count-odds,ifs,FALSE,20,elitize_generation_data,204,13,0.36,NA
206,87,count-odds,ifs,FALSE,20,elitize_generation_data,205,13,0.358,NA
207,87,count-odds,ifs,FALSE,20,elitize_generation_data,206,11,0.392,NA
208,87,count-odds,ifs,FALSE,20,elitize_generation_data,207,13,0.393,NA
209,87,count-odds,ifs,FALSE,20,elitize_generation_data,208,13,0.373,NA
210,87,count-odds,ifs,FALSE,20,elitize_generation_data,209,13,0.395,NA
211,87,count-odds,ifs,FALSE,20,elitize_generation_data,210,12,0.39,NA
212,87,count-odds,ifs,FALSE,20,elitize_generation_data,211,15,0.431,NA
213,87,count-odds,ifs,FALSE,20,elitize_generation_data,212,14,0.403,NA
214,87,count-odds,ifs,FALSE,20,elitize_generation_data,213,14,0.432,NA
215,87,count-odds,ifs,FALSE,20,elitize_generation_data,214,11,0.427,NA
216,87,count-odds,ifs,FALSE,20,elitize_generation_data,215,13,0.411,NA
217,87,count-odds,ifs,FALSE,20,elitize_generation_data,216,16,0.393,NA
218,87,count-odds,ifs,FALSE,20,elitize_generation_data,217,17,0.387,NA
219,87,count-odds,ifs,FALSE,20,elitize_generation_data,218,13,0.406,NA
220,87,count-odds,ifs,FALSE,20,elitize_generation_data,219,13,0.401,NA
221,87,count-odds,ifs,FALSE,20,elitize_generation_data,220,14,0.42,NA
222,87,count-odds,ifs,FALSE,20,elitize_generation_data,221,11,0.428,NA
223,87,count-odds,ifs,FALSE,20,elitize_generation_data,222,17,0.412,NA
224,87,count-odds,ifs,FALSE,20,elitize_generation_data,223,16,0.38,NA
225,87,count-odds,ifs,FALSE,20,elitize_generation_data,224,14,0.381,NA
226,87,count-odds,ifs,FALSE,20,elitize_generation_data,225,15,0.406,NA
227,87,count-odds,ifs,FALSE,20,elitize_generation_data,226,14,0.402,NA
228,87,count-odds,ifs,FALSE,20,elitize_generation_data,227,14,0.39,NA
229,87,count-odds,ifs,FALSE,20,elitize_generation_data,228,12,0.394,NA
230,87,count-odds,ifs,FALSE,20,elitize_generation_data,229,17,0.372,NA
231,87,count-odds,ifs,FALSE,20,elitize_generation_data,230,15,0.429,NA
232,87,count-odds,ifs,FALSE,20,elitize_generation_data,231,11,0.42,NA
233,87,count-odds,ifs,FALSE,20,elitize_generation_data,232,13,0.425,NA
234,87,count-odds,ifs,FALSE,20,elitize_generation_data,233,11,0.401,NA
235,87,count-odds,ifs,FALSE,20,elitize_generation_data,234,15,0.424,NA
236,87,count-odds,ifs,FALSE,20,elitize_generation_data,235,17,0.435,NA
237,87,count-odds,ifs,FALSE,20,elitize_generation_data,236,16,0.457,NA
238,87,count-odds,ifs,FALSE,20,elitize_generation_data,237,17,0.438,NA
239,87,count-odds,ifs,FALSE,20,elitize_generation_data,238,14,0.468,NA
240,87,count-odds,ifs,FALSE,20,elitize_generation_data,239,17,0.515,NA
241,87,count-odds,ifs,FALSE,20,elitize_generation_data,240,16,0.536,NA
242,87,count-odds,ifs,FALSE,20,elitize_generation_data,241,11,0.523,NA
243,87,count-odds,ifs,FALSE,20,elitize_generation_data,242,15,0.525,NA
244,87,count-odds,ifs,FALSE,20,elitize_generation_data,243,12,0.559,NA
245,87,count-odds,ifs,FALSE,20,elitize_generation_data,244,14,0.573,NA
246,87,count-odds,ifs,FALSE,20,elitize_generation_data,245,12,0.629,NA
247,87,count-odds,ifs,FALSE,20,elitize_generation_data,246,12,0.661,NA
248,87,count-odds,ifs,FALSE,20,elitize_generation_data,247,20,0.681,NA
249,87,count-odds,ifs,FALSE,20,elitize_generation_data,248,19,0.662,NA
250,87,count-odds,ifs,FALSE,20,elitize_generation_data,249,20,0.629,NA
251,87,count-odds,ifs,FALSE,20,elitize_generation_data,250,23,0.626,NA
252,87,count-odds,ifs,FALSE,20,elitize_generation_data,251,16,0.596,NA
253,87,count-odds,ifs,FALSE,20,elitize_generation_data,252,16,0.566,NA
254,87,count-odds,ifs,FALSE,20,elitize_generation_data,253,19,0.608,NA
255,87,count-odds,ifs,FALSE,20,elitize_generation_data,254,20,0.579,NA
256,87,count-odds,ifs,FALSE,20,elitize_generation_data,255,19,0.601,NA
257,87,count-odds,ifs,FALSE,20,elitize_generation_data,256,18,0.594,NA
258,87,count-odds,ifs,FALSE,20,elitize_generation_data,257,18,0.603,NA
259,87,count-odds,ifs,FALSE,20,elitize_generation_data,258,19,0.592,NA
260,87,count-odds,ifs,FALSE,20,elitize_generation_data,259,25,0.631,NA
261,87,count-odds,ifs,FALSE,20,elitize_generation_data,260,22,0.643,NA
262,87,count-odds,ifs,FALSE,20,elitize_generation_data,261,18,0.66,NA
263,87,count-odds,ifs,FALSE,20,elitize_generation_data,262,23,0.639,NA
264,87,count-odds,ifs,FALSE,20,elitize_generation_data,263,18,0.644,NA
265,87,count-odds,ifs,FALSE,20,elitize_generation_data,264,26,0.703,NA
266,87,count-odds,ifs,FALSE,20,elitize_generation_data,265,26,0.651,NA
267,87,count-odds,ifs,FALSE,20,elitize_generation_data,266,22,0.674,NA
268,87,count-odds,ifs,FALSE,20,elitize_generation_data,267,20,0.664,NA
269,87,count-odds,ifs,FALSE,20,elitize_generation_data,268,22,0.681,NA
270,87,count-odds,ifs,FALSE,20,elitize_generation_data,269,23,0.702,NA
271,87,count-odds,ifs,FALSE,20,elitize_generation_data,270,22,0.683,NA
272,87,count-odds,ifs,FALSE,20,elitize_generation_data,271,16,0.657,NA
273,87,count-odds,ifs,FALSE,20,elitize_generation_data,272,16,0.634,NA
274,87,count-odds,ifs,FALSE,20,elitize_generation_data,273,20,0.612,NA
275,87,count-odds,ifs,FALSE,20,elitize_generation_data,274,19,0.629,NA
276,87,count-odds,ifs,FALSE,20,elitize_generation_data,275,17,0.635,NA
277,87,count-odds,ifs,FALSE,20,elitize_generation_data,276,15,0.661,NA
278,87,count-odds,ifs,FALSE,20,elitize_generation_data,277,19,0.659,NA
279,87,count-odds,ifs,FALSE,20,elitize_generation_data,278,21,0.689,NA
280,87,count-odds,ifs,FALSE,20,elitize_generation_data,279,22,0.698,NA
281,87,count-odds,ifs,FALSE,20,elitize_generation_data,280,21,0.692,NA
282,87,count-odds,ifs,FALSE,20,elitize_generation_data,281,14,0.679,NA
283,87,count-odds,ifs,FALSE,20,elitize_generation_data,282,21,0.674,NA
284,87,count-odds,ifs,FALSE,20,elitize_generation_data,283,22,0.694,NA
285,87,count-odds,ifs,FALSE,20,elitize_generation_data,284,17,0.678,NA
286,87,count-odds,ifs,FALSE,20,elitize_generation_data,285,13,0.681,NA
287,87,count-odds,ifs,FALSE,20,elitize_generation_data,286,22,0.649,NA
288,87,count-odds,ifs,FALSE,20,elitize_generation_data,287,21,0.681,NA
289,87,count-odds,ifs,FALSE,20,elitize_generation_data,288,21,0.685,NA
290,87,count-odds,ifs,FALSE,20,elitize_generation_data,289,20,0.676,NA
291,87,count-odds,ifs,FALSE,20,elitize_generation_data,290,24,0.664,NA
292,87,count-odds,ifs,FALSE,20,elitize_generation_data,291,16,0.657,NA
293,87,count-odds,ifs,FALSE,20,elitize_generation_data,292,20,0.652,NA
294,87,count-odds,ifs,FALSE,20,elitize_generation_data,293,16,0.664,NA
295,87,count-odds,ifs,FALSE,20,elitize_generation_data,294,19,0.685,NA
296,87,count-odds,ifs,FALSE,20,elitize_generation_data,295,17,0.713,NA
297,87,count-odds,ifs,FALSE,20,elitize_generation_data,296,24,0.71,NA
298,87,count-odds,ifs,FALSE,20,elitize_generation_data,297,18,0.724,NA
299,87,count-odds,ifs,FALSE,20,elitize_generation_data,298,22,0.729,NA
300,87,count-odds,ifs,FALSE,20,elitize_generation_data,299,23,0.74,NA
301,87,count-odds,ifs,FALSE,20,elitize_generation_data,300,16,0.716,NA
