,run.num,problem,treatment,succeeded,height,normalization.function,generation,cluster.count,error.diversity,success.generation
1,47,count-odds,ifs,FALSE,20,elitize_generation_data,0,5,0.181,NA
2,47,count-odds,ifs,FALSE,20,elitize_generation_data,1,4,0.113,NA
3,47,count-odds,ifs,FALSE,20,elitize_generation_data,2,4,0.071,NA
4,47,count-odds,ifs,FALSE,20,elitize_generation_data,3,4,0.081,NA
5,47,count-odds,ifs,FALSE,20,elitize_generation_data,4,3,0.101,NA
6,47,count-odds,ifs,FALSE,20,elitize_generation_data,5,6,0.122,NA
7,47,count-odds,ifs,FALSE,20,elitize_generation_data,6,4,0.147,NA
8,47,count-odds,ifs,FALSE,20,elitize_generation_data,7,5,0.214,NA
9,47,count-odds,ifs,FALSE,20,elitize_generation_data,8,8,0.257,NA
10,47,count-odds,ifs,FALSE,20,elitize_generation_data,9,7,0.302,NA
11,47,count-odds,ifs,FALSE,20,elitize_generation_data,10,10,0.243,NA
12,47,count-odds,ifs,FALSE,20,elitize_generation_data,11,10,0.193,NA
13,47,count-odds,ifs,FALSE,20,elitize_generation_data,12,9,0.091,NA
14,47,count-odds,ifs,FALSE,20,elitize_generation_data,13,9,0.097,NA
15,47,count-odds,ifs,FALSE,20,elitize_generation_data,14,8,0.104,NA
16,47,count-odds,ifs,FALSE,20,elitize_generation_data,15,9,0.106,NA
17,47,count-odds,ifs,FALSE,20,elitize_generation_data,16,10,0.107,NA
18,47,count-odds,ifs,FALSE,20,elitize_generation_data,17,10,0.098,NA
19,47,count-odds,ifs,FALSE,20,elitize_generation_data,18,11,0.097,NA
20,47,count-odds,ifs,FALSE,20,elitize_generation_data,19,11,0.092,NA
21,47,count-odds,ifs,FALSE,20,elitize_generation_data,20,11,0.098,NA
22,47,count-odds,ifs,FALSE,20,elitize_generation_data,21,13,0.095,NA
23,47,count-odds,ifs,FALSE,20,elitize_generation_data,22,8,0.095,NA
24,47,count-odds,ifs,FALSE,20,elitize_generation_data,23,8,0.098,NA
25,47,count-odds,ifs,FALSE,20,elitize_generation_data,24,10,0.089,NA
26,47,count-odds,ifs,FALSE,20,elitize_generation_data,25,11,0.098,NA
27,47,count-odds,ifs,FALSE,20,elitize_generation_data,26,11,0.095,NA
28,47,count-odds,ifs,FALSE,20,elitize_generation_data,27,12,0.099,NA
29,47,count-odds,ifs,FALSE,20,elitize_generation_data,28,16,0.074,NA
30,47,count-odds,ifs,FALSE,20,elitize_generation_data,29,13,0.095,NA
31,47,count-odds,ifs,FALSE,20,elitize_generation_data,30,13,0.104,NA
32,47,count-odds,ifs,FALSE,20,elitize_generation_data,31,14,0.099,NA
33,47,count-odds,ifs,FALSE,20,elitize_generation_data,32,13,0.092,NA
34,47,count-odds,ifs,FALSE,20,elitize_generation_data,33,16,0.116,NA
35,47,count-odds,ifs,FALSE,20,elitize_generation_data,34,12,0.109,NA
36,47,count-odds,ifs,FALSE,20,elitize_generation_data,35,13,0.112,NA
37,47,count-odds,ifs,FALSE,20,elitize_generation_data,36,12,0.108,NA
38,47,count-odds,ifs,FALSE,20,elitize_generation_data,37,12,0.088,NA
39,47,count-odds,ifs,FALSE,20,elitize_generation_data,38,15,0.1,NA
40,47,count-odds,ifs,FALSE,20,elitize_generation_data,39,13,0.12,NA
41,47,count-odds,ifs,FALSE,20,elitize_generation_data,40,12,0.12,NA
42,47,count-odds,ifs,FALSE,20,elitize_generation_data,41,12,0.095,NA
43,47,count-odds,ifs,FALSE,20,elitize_generation_data,42,14,0.121,NA
44,47,count-odds,ifs,FALSE,20,elitize_generation_data,43,14,0.155,NA
45,47,count-odds,ifs,FALSE,20,elitize_generation_data,44,13,0.206,NA
46,47,count-odds,ifs,FALSE,20,elitize_generation_data,45,21,0.291,NA
47,47,count-odds,ifs,FALSE,20,elitize_generation_data,46,20,0.29,NA
48,47,count-odds,ifs,FALSE,20,elitize_generation_data,47,14,0.304,NA
49,47,count-odds,ifs,FALSE,20,elitize_generation_data,48,16,0.293,NA
50,47,count-odds,ifs,FALSE,20,elitize_generation_data,49,13,0.319,NA
51,47,count-odds,ifs,FALSE,20,elitize_generation_data,50,16,0.307,NA
52,47,count-odds,ifs,FALSE,20,elitize_generation_data,51,19,0.324,NA
53,47,count-odds,ifs,FALSE,20,elitize_generation_data,52,14,0.317,NA
54,47,count-odds,ifs,FALSE,20,elitize_generation_data,53,12,0.305,NA
55,47,count-odds,ifs,FALSE,20,elitize_generation_data,54,15,0.296,NA
56,47,count-odds,ifs,FALSE,20,elitize_generation_data,55,13,0.27,NA
57,47,count-odds,ifs,FALSE,20,elitize_generation_data,56,13,0.313,NA
58,47,count-odds,ifs,FALSE,20,elitize_generation_data,57,10,0.318,NA
59,47,count-odds,ifs,FALSE,20,elitize_generation_data,58,10,0.328,NA
60,47,count-odds,ifs,FALSE,20,elitize_generation_data,59,10,0.336,NA
61,47,count-odds,ifs,FALSE,20,elitize_generation_data,60,11,0.304,NA
62,47,count-odds,ifs,FALSE,20,elitize_generation_data,61,11,0.298,NA
63,47,count-odds,ifs,FALSE,20,elitize_generation_data,62,10,0.31,NA
64,47,count-odds,ifs,FALSE,20,elitize_generation_data,63,10,0.301,NA
65,47,count-odds,ifs,FALSE,20,elitize_generation_data,64,12,0.319,NA
66,47,count-odds,ifs,FALSE,20,elitize_generation_data,65,11,0.312,NA
67,47,count-odds,ifs,FALSE,20,elitize_generation_data,66,11,0.312,NA
68,47,count-odds,ifs,FALSE,20,elitize_generation_data,67,10,0.364,NA
69,47,count-odds,ifs,FALSE,20,elitize_generation_data,68,13,0.331,NA
70,47,count-odds,ifs,FALSE,20,elitize_generation_data,69,11,0.362,NA
71,47,count-odds,ifs,FALSE,20,elitize_generation_data,70,10,0.395,NA
72,47,count-odds,ifs,FALSE,20,elitize_generation_data,71,11,0.387,NA
73,47,count-odds,ifs,FALSE,20,elitize_generation_data,72,9,0.345,NA
74,47,count-odds,ifs,FALSE,20,elitize_generation_data,73,10,0.373,NA
75,47,count-odds,ifs,FALSE,20,elitize_generation_data,74,13,0.366,NA
76,47,count-odds,ifs,FALSE,20,elitize_generation_data,75,12,0.334,NA
77,47,count-odds,ifs,FALSE,20,elitize_generation_data,76,12,0.352,NA
78,47,count-odds,ifs,FALSE,20,elitize_generation_data,77,10,0.345,NA
79,47,count-odds,ifs,FALSE,20,elitize_generation_data,78,12,0.345,NA
80,47,count-odds,ifs,FALSE,20,elitize_generation_data,79,11,0.334,NA
81,47,count-odds,ifs,FALSE,20,elitize_generation_data,80,11,0.363,NA
82,47,count-odds,ifs,FALSE,20,elitize_generation_data,81,11,0.359,NA
83,47,count-odds,ifs,FALSE,20,elitize_generation_data,82,10,0.359,NA
84,47,count-odds,ifs,FALSE,20,elitize_generation_data,83,10,0.371,NA
85,47,count-odds,ifs,FALSE,20,elitize_generation_data,84,13,0.361,NA
86,47,count-odds,ifs,FALSE,20,elitize_generation_data,85,9,0.319,NA
87,47,count-odds,ifs,FALSE,20,elitize_generation_data,86,12,0.361,NA
88,47,count-odds,ifs,FALSE,20,elitize_generation_data,87,12,0.343,NA
89,47,count-odds,ifs,FALSE,20,elitize_generation_data,88,12,0.359,NA
90,47,count-odds,ifs,FALSE,20,elitize_generation_data,89,10,0.335,NA
91,47,count-odds,ifs,FALSE,20,elitize_generation_data,90,7,0.37,NA
92,47,count-odds,ifs,FALSE,20,elitize_generation_data,91,13,0.361,NA
93,47,count-odds,ifs,FALSE,20,elitize_generation_data,92,8,0.363,NA
94,47,count-odds,ifs,FALSE,20,elitize_generation_data,93,14,0.333,NA
95,47,count-odds,ifs,FALSE,20,elitize_generation_data,94,12,0.329,NA
96,47,count-odds,ifs,FALSE,20,elitize_generation_data,95,13,0.324,NA
97,47,count-odds,ifs,FALSE,20,elitize_generation_data,96,11,0.378,NA
98,47,count-odds,ifs,FALSE,20,elitize_generation_data,97,12,0.336,NA
99,47,count-odds,ifs,FALSE,20,elitize_generation_data,98,15,0.377,NA
100,47,count-odds,ifs,FALSE,20,elitize_generation_data,99,10,0.355,NA
101,47,count-odds,ifs,FALSE,20,elitize_generation_data,100,11,0.346,NA
102,47,count-odds,ifs,FALSE,20,elitize_generation_data,101,9,0.319,NA
103,47,count-odds,ifs,FALSE,20,elitize_generation_data,102,11,0.334,NA
104,47,count-odds,ifs,FALSE,20,elitize_generation_data,103,13,0.349,NA
105,47,count-odds,ifs,FALSE,20,elitize_generation_data,104,13,0.343,NA
106,47,count-odds,ifs,FALSE,20,elitize_generation_data,105,13,0.339,NA
107,47,count-odds,ifs,FALSE,20,elitize_generation_data,106,11,0.364,NA
108,47,count-odds,ifs,FALSE,20,elitize_generation_data,107,11,0.322,NA
109,47,count-odds,ifs,FALSE,20,elitize_generation_data,108,14,0.352,NA
110,47,count-odds,ifs,FALSE,20,elitize_generation_data,109,13,0.372,NA
111,47,count-odds,ifs,FALSE,20,elitize_generation_data,110,10,0.343,NA
112,47,count-odds,ifs,FALSE,20,elitize_generation_data,111,10,0.387,NA
113,47,count-odds,ifs,FALSE,20,elitize_generation_data,112,12,0.381,NA
114,47,count-odds,ifs,FALSE,20,elitize_generation_data,113,14,0.425,NA
115,47,count-odds,ifs,FALSE,20,elitize_generation_data,114,10,0.397,NA
116,47,count-odds,ifs,FALSE,20,elitize_generation_data,115,11,0.362,NA
117,47,count-odds,ifs,FALSE,20,elitize_generation_data,116,12,0.31,NA
118,47,count-odds,ifs,FALSE,20,elitize_generation_data,117,11,0.353,NA
119,47,count-odds,ifs,FALSE,20,elitize_generation_data,118,10,0.341,NA
120,47,count-odds,ifs,FALSE,20,elitize_generation_data,119,12,0.37,NA
121,47,count-odds,ifs,FALSE,20,elitize_generation_data,120,13,0.351,NA
122,47,count-odds,ifs,FALSE,20,elitize_generation_data,121,11,0.33,NA
123,47,count-odds,ifs,FALSE,20,elitize_generation_data,122,11,0.323,NA
124,47,count-odds,ifs,FALSE,20,elitize_generation_data,123,14,0.345,NA
125,47,count-odds,ifs,FALSE,20,elitize_generation_data,124,13,0.364,NA
126,47,count-odds,ifs,FALSE,20,elitize_generation_data,125,13,0.337,NA
127,47,count-odds,ifs,FALSE,20,elitize_generation_data,126,15,0.334,NA
128,47,count-odds,ifs,FALSE,20,elitize_generation_data,127,11,0.338,NA
129,47,count-odds,ifs,FALSE,20,elitize_generation_data,128,11,0.313,NA
130,47,count-odds,ifs,FALSE,20,elitize_generation_data,129,13,0.344,NA
131,47,count-odds,ifs,FALSE,20,elitize_generation_data,130,14,0.346,NA
132,47,count-odds,ifs,FALSE,20,elitize_generation_data,131,15,0.341,NA
133,47,count-odds,ifs,FALSE,20,elitize_generation_data,132,14,0.327,NA
134,47,count-odds,ifs,FALSE,20,elitize_generation_data,133,11,0.351,NA
135,47,count-odds,ifs,FALSE,20,elitize_generation_data,134,9,0.319,NA
136,47,count-odds,ifs,FALSE,20,elitize_generation_data,135,13,0.343,NA
137,47,count-odds,ifs,FALSE,20,elitize_generation_data,136,14,0.357,NA
138,47,count-odds,ifs,FALSE,20,elitize_generation_data,137,10,0.37,NA
139,47,count-odds,ifs,FALSE,20,elitize_generation_data,138,11,0.347,NA
140,47,count-odds,ifs,FALSE,20,elitize_generation_data,139,12,0.378,NA
141,47,count-odds,ifs,FALSE,20,elitize_generation_data,140,9,0.343,NA
142,47,count-odds,ifs,FALSE,20,elitize_generation_data,141,12,0.365,NA
143,47,count-odds,ifs,FALSE,20,elitize_generation_data,142,13,0.374,NA
144,47,count-odds,ifs,FALSE,20,elitize_generation_data,143,12,0.363,NA
145,47,count-odds,ifs,FALSE,20,elitize_generation_data,144,11,0.403,NA
146,47,count-odds,ifs,FALSE,20,elitize_generation_data,145,12,0.392,NA
147,47,count-odds,ifs,FALSE,20,elitize_generation_data,146,12,0.372,NA
148,47,count-odds,ifs,FALSE,20,elitize_generation_data,147,15,0.36,NA
149,47,count-odds,ifs,FALSE,20,elitize_generation_data,148,11,0.365,NA
150,47,count-odds,ifs,FALSE,20,elitize_generation_data,149,12,0.382,NA
151,47,count-odds,ifs,FALSE,20,elitize_generation_data,150,13,0.372,NA
152,47,count-odds,ifs,FALSE,20,elitize_generation_data,151,12,0.309,NA
153,47,count-odds,ifs,FALSE,20,elitize_generation_data,152,12,0.361,NA
154,47,count-odds,ifs,FALSE,20,elitize_generation_data,153,12,0.374,NA
155,47,count-odds,ifs,FALSE,20,elitize_generation_data,154,12,0.418,NA
156,47,count-odds,ifs,FALSE,20,elitize_generation_data,155,12,0.369,NA
157,47,count-odds,ifs,FALSE,20,elitize_generation_data,156,11,0.397,NA
158,47,count-odds,ifs,FALSE,20,elitize_generation_data,157,9,0.347,NA
159,47,count-odds,ifs,FALSE,20,elitize_generation_data,158,9,0.336,NA
160,47,count-odds,ifs,FALSE,20,elitize_generation_data,159,8,0.355,NA
161,47,count-odds,ifs,FALSE,20,elitize_generation_data,160,8,0.35,NA
162,47,count-odds,ifs,FALSE,20,elitize_generation_data,161,10,0.358,NA
163,47,count-odds,ifs,FALSE,20,elitize_generation_data,162,9,0.353,NA
164,47,count-odds,ifs,FALSE,20,elitize_generation_data,163,10,0.356,NA
165,47,count-odds,ifs,FALSE,20,elitize_generation_data,164,12,0.386,NA
166,47,count-odds,ifs,FALSE,20,elitize_generation_data,165,9,0.395,NA
167,47,count-odds,ifs,FALSE,20,elitize_generation_data,166,10,0.391,NA
168,47,count-odds,ifs,FALSE,20,elitize_generation_data,167,8,0.411,NA
169,47,count-odds,ifs,FALSE,20,elitize_generation_data,168,11,0.427,NA
170,47,count-odds,ifs,FALSE,20,elitize_generation_data,169,10,0.461,NA
171,47,count-odds,ifs,FALSE,20,elitize_generation_data,170,13,0.438,NA
172,47,count-odds,ifs,FALSE,20,elitize_generation_data,171,14,0.475,NA
173,47,count-odds,ifs,FALSE,20,elitize_generation_data,172,10,0.485,NA
174,47,count-odds,ifs,FALSE,20,elitize_generation_data,173,11,0.511,NA
175,47,count-odds,ifs,FALSE,20,elitize_generation_data,174,10,0.535,NA
176,47,count-odds,ifs,FALSE,20,elitize_generation_data,175,9,0.551,NA
177,47,count-odds,ifs,FALSE,20,elitize_generation_data,176,11,0.543,NA
178,47,count-odds,ifs,FALSE,20,elitize_generation_data,177,9,0.486,NA
179,47,count-odds,ifs,FALSE,20,elitize_generation_data,178,8,0.504,NA
180,47,count-odds,ifs,FALSE,20,elitize_generation_data,179,9,0.544,NA
181,47,count-odds,ifs,FALSE,20,elitize_generation_data,180,10,0.58,NA
182,47,count-odds,ifs,FALSE,20,elitize_generation_data,181,10,0.604,NA
183,47,count-odds,ifs,FALSE,20,elitize_generation_data,182,8,0.581,NA
184,47,count-odds,ifs,FALSE,20,elitize_generation_data,183,10,0.603,NA
185,47,count-odds,ifs,FALSE,20,elitize_generation_data,184,8,0.593,NA
186,47,count-odds,ifs,FALSE,20,elitize_generation_data,185,7,0.574,NA
187,47,count-odds,ifs,FALSE,20,elitize_generation_data,186,7,0.554,NA
188,47,count-odds,ifs,FALSE,20,elitize_generation_data,187,11,0.577,NA
189,47,count-odds,ifs,FALSE,20,elitize_generation_data,188,10,0.589,NA
190,47,count-odds,ifs,FALSE,20,elitize_generation_data,189,9,0.597,NA
191,47,count-odds,ifs,FALSE,20,elitize_generation_data,190,7,0.634,NA
192,47,count-odds,ifs,FALSE,20,elitize_generation_data,191,10,0.649,NA
193,47,count-odds,ifs,FALSE,20,elitize_generation_data,192,7,0.639,NA
194,47,count-odds,ifs,FALSE,20,elitize_generation_data,193,10,0.621,NA
195,47,count-odds,ifs,FALSE,20,elitize_generation_data,194,12,0.634,NA
196,47,count-odds,ifs,FALSE,20,elitize_generation_data,195,7,0.618,NA
197,47,count-odds,ifs,FALSE,20,elitize_generation_data,196,11,0.617,NA
198,47,count-odds,ifs,FALSE,20,elitize_generation_data,197,11,0.628,NA
199,47,count-odds,ifs,FALSE,20,elitize_generation_data,198,10,0.654,NA
200,47,count-odds,ifs,FALSE,20,elitize_generation_data,199,9,0.62,NA
201,47,count-odds,ifs,FALSE,20,elitize_generation_data,200,8,0.634,NA
202,47,count-odds,ifs,FALSE,20,elitize_generation_data,201,10,0.639,NA
203,47,count-odds,ifs,FALSE,20,elitize_generation_data,202,7,0.634,NA
204,47,count-odds,ifs,FALSE,20,elitize_generation_data,203,8,0.596,NA
205,47,count-odds,ifs,FALSE,20,elitize_generation_data,204,7,0.612,NA
206,47,count-odds,ifs,FALSE,20,elitize_generation_data,205,9,0.602,NA
207,47,count-odds,ifs,FALSE,20,elitize_generation_data,206,7,0.603,NA
208,47,count-odds,ifs,FALSE,20,elitize_generation_data,207,7,0.615,NA
209,47,count-odds,ifs,FALSE,20,elitize_generation_data,208,8,0.648,NA
210,47,count-odds,ifs,FALSE,20,elitize_generation_data,209,9,0.639,NA
211,47,count-odds,ifs,FALSE,20,elitize_generation_data,210,8,0.644,NA
212,47,count-odds,ifs,FALSE,20,elitize_generation_data,211,5,0.645,NA
213,47,count-odds,ifs,FALSE,20,elitize_generation_data,212,7,0.634,NA
214,47,count-odds,ifs,FALSE,20,elitize_generation_data,213,10,0.646,NA
215,47,count-odds,ifs,FALSE,20,elitize_generation_data,214,5,0.629,NA
216,47,count-odds,ifs,FALSE,20,elitize_generation_data,215,9,0.653,NA
217,47,count-odds,ifs,FALSE,20,elitize_generation_data,216,10,0.642,NA
218,47,count-odds,ifs,FALSE,20,elitize_generation_data,217,8,0.655,NA
219,47,count-odds,ifs,FALSE,20,elitize_generation_data,218,5,0.68,NA
220,47,count-odds,ifs,FALSE,20,elitize_generation_data,219,7,0.664,NA
221,47,count-odds,ifs,FALSE,20,elitize_generation_data,220,8,0.619,NA
222,47,count-odds,ifs,FALSE,20,elitize_generation_data,221,8,0.626,NA
223,47,count-odds,ifs,FALSE,20,elitize_generation_data,222,6,0.602,NA
224,47,count-odds,ifs,FALSE,20,elitize_generation_data,223,8,0.636,NA
225,47,count-odds,ifs,FALSE,20,elitize_generation_data,224,10,0.621,NA
226,47,count-odds,ifs,FALSE,20,elitize_generation_data,225,6,0.638,NA
227,47,count-odds,ifs,FALSE,20,elitize_generation_data,226,8,0.64,NA
228,47,count-odds,ifs,FALSE,20,elitize_generation_data,227,6,0.611,NA
229,47,count-odds,ifs,FALSE,20,elitize_generation_data,228,10,0.627,NA
230,47,count-odds,ifs,FALSE,20,elitize_generation_data,229,12,0.644,NA
231,47,count-odds,ifs,FALSE,20,elitize_generation_data,230,6,0.657,NA
232,47,count-odds,ifs,FALSE,20,elitize_generation_data,231,6,0.663,NA
233,47,count-odds,ifs,FALSE,20,elitize_generation_data,232,10,0.678,NA
234,47,count-odds,ifs,FALSE,20,elitize_generation_data,233,10,0.688,NA
235,47,count-odds,ifs,FALSE,20,elitize_generation_data,234,5,0.669,NA
236,47,count-odds,ifs,FALSE,20,elitize_generation_data,235,9,0.681,NA
237,47,count-odds,ifs,FALSE,20,elitize_generation_data,236,9,0.678,NA
238,47,count-odds,ifs,FALSE,20,elitize_generation_data,237,14,0.695,NA
239,47,count-odds,ifs,FALSE,20,elitize_generation_data,238,8,0.696,NA
240,47,count-odds,ifs,FALSE,20,elitize_generation_data,239,9,0.666,NA
241,47,count-odds,ifs,FALSE,20,elitize_generation_data,240,8,0.649,NA
242,47,count-odds,ifs,FALSE,20,elitize_generation_data,241,8,0.645,NA
243,47,count-odds,ifs,FALSE,20,elitize_generation_data,242,10,0.683,NA
244,47,count-odds,ifs,FALSE,20,elitize_generation_data,243,10,0.667,NA
245,47,count-odds,ifs,FALSE,20,elitize_generation_data,244,8,0.682,NA
246,47,count-odds,ifs,FALSE,20,elitize_generation_data,245,9,0.685,NA
247,47,count-odds,ifs,FALSE,20,elitize_generation_data,246,5,0.698,NA
248,47,count-odds,ifs,FALSE,20,elitize_generation_data,247,8,0.701,NA
249,47,count-odds,ifs,FALSE,20,elitize_generation_data,248,8,0.689,NA
250,47,count-odds,ifs,FALSE,20,elitize_generation_data,249,10,0.714,NA
251,47,count-odds,ifs,FALSE,20,elitize_generation_data,250,10,0.715,NA
252,47,count-odds,ifs,FALSE,20,elitize_generation_data,251,6,0.75,NA
253,47,count-odds,ifs,FALSE,20,elitize_generation_data,252,7,0.76,NA
254,47,count-odds,ifs,FALSE,20,elitize_generation_data,253,7,0.731,NA
255,47,count-odds,ifs,FALSE,20,elitize_generation_data,254,12,0.729,NA
256,47,count-odds,ifs,FALSE,20,elitize_generation_data,255,11,0.754,NA
257,47,count-odds,ifs,FALSE,20,elitize_generation_data,256,7,0.742,NA
258,47,count-odds,ifs,FALSE,20,elitize_generation_data,257,9,0.747,NA
259,47,count-odds,ifs,FALSE,20,elitize_generation_data,258,6,0.743,NA
260,47,count-odds,ifs,FALSE,20,elitize_generation_data,259,12,0.73,NA
261,47,count-odds,ifs,FALSE,20,elitize_generation_data,260,9,0.721,NA
262,47,count-odds,ifs,FALSE,20,elitize_generation_data,261,7,0.721,NA
263,47,count-odds,ifs,FALSE,20,elitize_generation_data,262,9,0.746,NA
264,47,count-odds,ifs,FALSE,20,elitize_generation_data,263,6,0.739,NA
265,47,count-odds,ifs,FALSE,20,elitize_generation_data,264,10,0.734,NA
266,47,count-odds,ifs,FALSE,20,elitize_generation_data,265,9,0.743,NA
267,47,count-odds,ifs,FALSE,20,elitize_generation_data,266,9,0.753,NA
268,47,count-odds,ifs,FALSE,20,elitize_generation_data,267,10,0.758,NA
269,47,count-odds,ifs,FALSE,20,elitize_generation_data,268,7,0.765,NA
270,47,count-odds,ifs,FALSE,20,elitize_generation_data,269,9,0.771,NA
271,47,count-odds,ifs,FALSE,20,elitize_generation_data,270,10,0.766,NA
272,47,count-odds,ifs,FALSE,20,elitize_generation_data,271,8,0.771,NA
273,47,count-odds,ifs,FALSE,20,elitize_generation_data,272,7,0.757,NA
274,47,count-odds,ifs,FALSE,20,elitize_generation_data,273,9,0.767,NA
275,47,count-odds,ifs,FALSE,20,elitize_generation_data,274,10,0.762,NA
276,47,count-odds,ifs,FALSE,20,elitize_generation_data,275,7,0.776,NA
277,47,count-odds,ifs,FALSE,20,elitize_generation_data,276,10,0.768,NA
278,47,count-odds,ifs,FALSE,20,elitize_generation_data,277,6,0.773,NA
279,47,count-odds,ifs,FALSE,20,elitize_generation_data,278,9,0.761,NA
280,47,count-odds,ifs,FALSE,20,elitize_generation_data,279,9,0.758,NA
281,47,count-odds,ifs,FALSE,20,elitize_generation_data,280,10,0.773,NA
282,47,count-odds,ifs,FALSE,20,elitize_generation_data,281,7,0.77,NA
283,47,count-odds,ifs,FALSE,20,elitize_generation_data,282,9,0.784,NA
284,47,count-odds,ifs,FALSE,20,elitize_generation_data,283,10,0.763,NA
285,47,count-odds,ifs,FALSE,20,elitize_generation_data,284,10,0.779,NA
286,47,count-odds,ifs,FALSE,20,elitize_generation_data,285,9,0.8,NA
287,47,count-odds,ifs,FALSE,20,elitize_generation_data,286,11,0.788,NA
288,47,count-odds,ifs,FALSE,20,elitize_generation_data,287,10,0.792,NA
289,47,count-odds,ifs,FALSE,20,elitize_generation_data,288,9,0.783,NA
290,47,count-odds,ifs,FALSE,20,elitize_generation_data,289,11,0.806,NA
291,47,count-odds,ifs,FALSE,20,elitize_generation_data,290,9,0.799,NA
292,47,count-odds,ifs,FALSE,20,elitize_generation_data,291,7,0.805,NA
293,47,count-odds,ifs,FALSE,20,elitize_generation_data,292,13,0.791,NA
294,47,count-odds,ifs,FALSE,20,elitize_generation_data,293,13,0.785,NA
295,47,count-odds,ifs,FALSE,20,elitize_generation_data,294,11,0.789,NA
296,47,count-odds,ifs,FALSE,20,elitize_generation_data,295,5,0.795,NA
297,47,count-odds,ifs,FALSE,20,elitize_generation_data,296,8,0.766,NA
298,47,count-odds,ifs,FALSE,20,elitize_generation_data,297,11,0.762,NA
299,47,count-odds,ifs,FALSE,20,elitize_generation_data,298,10,0.763,NA
300,47,count-odds,ifs,FALSE,20,elitize_generation_data,299,10,0.766,NA
301,47,count-odds,ifs,FALSE,20,elitize_generation_data,300,11,0.786,NA
