,run.num,problem,treatment,succeeded,height,normalization.function,generation,cluster.count,error.diversity,success.generation
1,54,count-odds,ifs,FALSE,20,elitize_generation_data,0,5,0.17,NA
2,54,count-odds,ifs,FALSE,20,elitize_generation_data,1,6,0.08,NA
3,54,count-odds,ifs,FALSE,20,elitize_generation_data,2,6,0.074,NA
4,54,count-odds,ifs,FALSE,20,elitize_generation_data,3,6,0.07,NA
5,54,count-odds,ifs,FALSE,20,elitize_generation_data,4,4,0.107,NA
6,54,count-odds,ifs,FALSE,20,elitize_generation_data,5,7,0.151,NA
7,54,count-odds,ifs,FALSE,20,elitize_generation_data,6,6,0.185,NA
8,54,count-odds,ifs,FALSE,20,elitize_generation_data,7,8,0.206,NA
9,54,count-odds,ifs,FALSE,20,elitize_generation_data,8,6,0.214,NA
10,54,count-odds,ifs,FALSE,20,elitize_generation_data,9,8,0.248,NA
11,54,count-odds,ifs,FALSE,20,elitize_generation_data,10,8,0.32,NA
12,54,count-odds,ifs,FALSE,20,elitize_generation_data,11,9,0.407,NA
13,54,count-odds,ifs,FALSE,20,elitize_generation_data,12,9,0.49,NA
14,54,count-odds,ifs,FALSE,20,elitize_generation_data,13,8,0.46,NA
15,54,count-odds,ifs,FALSE,20,elitize_generation_data,14,7,0.377,NA
16,54,count-odds,ifs,FALSE,20,elitize_generation_data,15,10,0.305,NA
17,54,count-odds,ifs,FALSE,20,elitize_generation_data,16,6,0.222,NA
18,54,count-odds,ifs,FALSE,20,elitize_generation_data,17,9,0.273,NA
19,54,count-odds,ifs,FALSE,20,elitize_generation_data,18,9,0.351,NA
20,54,count-odds,ifs,FALSE,20,elitize_generation_data,19,9,0.41,NA
21,54,count-odds,ifs,FALSE,20,elitize_generation_data,20,10,0.461,NA
22,54,count-odds,ifs,FALSE,20,elitize_generation_data,21,8,0.512,NA
23,54,count-odds,ifs,FALSE,20,elitize_generation_data,22,8,0.54,NA
24,54,count-odds,ifs,FALSE,20,elitize_generation_data,23,7,0.627,NA
25,54,count-odds,ifs,FALSE,20,elitize_generation_data,24,7,0.608,NA
26,54,count-odds,ifs,FALSE,20,elitize_generation_data,25,4,0.601,NA
27,54,count-odds,ifs,FALSE,20,elitize_generation_data,26,6,0.54,NA
28,54,count-odds,ifs,FALSE,20,elitize_generation_data,27,4,0.62,NA
29,54,count-odds,ifs,FALSE,20,elitize_generation_data,28,8,0.594,NA
30,54,count-odds,ifs,FALSE,20,elitize_generation_data,29,9,0.621,NA
31,54,count-odds,ifs,FALSE,20,elitize_generation_data,30,7,0.591,NA
32,54,count-odds,ifs,FALSE,20,elitize_generation_data,31,8,0.556,NA
33,54,count-odds,ifs,FALSE,20,elitize_generation_data,32,6,0.604,NA
34,54,count-odds,ifs,FALSE,20,elitize_generation_data,33,9,0.59,NA
35,54,count-odds,ifs,FALSE,20,elitize_generation_data,34,6,0.589,NA
36,54,count-odds,ifs,FALSE,20,elitize_generation_data,35,7,0.622,NA
37,54,count-odds,ifs,FALSE,20,elitize_generation_data,36,6,0.602,NA
38,54,count-odds,ifs,FALSE,20,elitize_generation_data,37,10,0.611,NA
39,54,count-odds,ifs,FALSE,20,elitize_generation_data,38,5,0.595,NA
40,54,count-odds,ifs,FALSE,20,elitize_generation_data,39,12,0.583,NA
41,54,count-odds,ifs,FALSE,20,elitize_generation_data,40,8,0.559,NA
42,54,count-odds,ifs,FALSE,20,elitize_generation_data,41,10,0.585,NA
43,54,count-odds,ifs,FALSE,20,elitize_generation_data,42,11,0.591,NA
44,54,count-odds,ifs,FALSE,20,elitize_generation_data,43,7,0.62,NA
45,54,count-odds,ifs,FALSE,20,elitize_generation_data,44,6,0.572,NA
46,54,count-odds,ifs,FALSE,20,elitize_generation_data,45,6,0.592,NA
47,54,count-odds,ifs,FALSE,20,elitize_generation_data,46,7,0.6,NA
48,54,count-odds,ifs,FALSE,20,elitize_generation_data,47,7,0.57,NA
49,54,count-odds,ifs,FALSE,20,elitize_generation_data,48,7,0.599,NA
50,54,count-odds,ifs,FALSE,20,elitize_generation_data,49,10,0.564,NA
51,54,count-odds,ifs,FALSE,20,elitize_generation_data,50,11,0.611,NA
52,54,count-odds,ifs,FALSE,20,elitize_generation_data,51,8,0.614,NA
53,54,count-odds,ifs,FALSE,20,elitize_generation_data,52,6,0.623,NA
54,54,count-odds,ifs,FALSE,20,elitize_generation_data,53,8,0.605,NA
55,54,count-odds,ifs,FALSE,20,elitize_generation_data,54,10,0.616,NA
56,54,count-odds,ifs,FALSE,20,elitize_generation_data,55,7,0.594,NA
57,54,count-odds,ifs,FALSE,20,elitize_generation_data,56,6,0.618,NA
58,54,count-odds,ifs,FALSE,20,elitize_generation_data,57,8,0.642,NA
59,54,count-odds,ifs,FALSE,20,elitize_generation_data,58,8,0.616,NA
60,54,count-odds,ifs,FALSE,20,elitize_generation_data,59,6,0.639,NA
61,54,count-odds,ifs,FALSE,20,elitize_generation_data,60,11,0.639,NA
62,54,count-odds,ifs,FALSE,20,elitize_generation_data,61,8,0.627,NA
63,54,count-odds,ifs,FALSE,20,elitize_generation_data,62,10,0.652,NA
64,54,count-odds,ifs,FALSE,20,elitize_generation_data,63,9,0.622,NA
65,54,count-odds,ifs,FALSE,20,elitize_generation_data,64,8,0.634,NA
66,54,count-odds,ifs,FALSE,20,elitize_generation_data,65,8,0.63,NA
67,54,count-odds,ifs,FALSE,20,elitize_generation_data,66,7,0.648,NA
68,54,count-odds,ifs,FALSE,20,elitize_generation_data,67,8,0.634,NA
69,54,count-odds,ifs,FALSE,20,elitize_generation_data,68,7,0.627,NA
70,54,count-odds,ifs,FALSE,20,elitize_generation_data,69,7,0.624,NA
71,54,count-odds,ifs,FALSE,20,elitize_generation_data,70,6,0.624,NA
72,54,count-odds,ifs,FALSE,20,elitize_generation_data,71,7,0.654,NA
73,54,count-odds,ifs,FALSE,20,elitize_generation_data,72,8,0.608,NA
74,54,count-odds,ifs,FALSE,20,elitize_generation_data,73,4,0.62,NA
75,54,count-odds,ifs,FALSE,20,elitize_generation_data,74,4,0.594,NA
76,54,count-odds,ifs,FALSE,20,elitize_generation_data,75,7,0.6,NA
77,54,count-odds,ifs,FALSE,20,elitize_generation_data,76,6,0.627,NA
78,54,count-odds,ifs,FALSE,20,elitize_generation_data,77,8,0.593,NA
79,54,count-odds,ifs,FALSE,20,elitize_generation_data,78,6,0.618,NA
80,54,count-odds,ifs,FALSE,20,elitize_generation_data,79,8,0.613,NA
81,54,count-odds,ifs,FALSE,20,elitize_generation_data,80,7,0.607,NA
82,54,count-odds,ifs,FALSE,20,elitize_generation_data,81,6,0.636,NA
83,54,count-odds,ifs,FALSE,20,elitize_generation_data,82,6,0.623,NA
84,54,count-odds,ifs,FALSE,20,elitize_generation_data,83,8,0.629,NA
85,54,count-odds,ifs,FALSE,20,elitize_generation_data,84,4,0.61,NA
86,54,count-odds,ifs,FALSE,20,elitize_generation_data,85,8,0.607,NA
87,54,count-odds,ifs,FALSE,20,elitize_generation_data,86,7,0.629,NA
88,54,count-odds,ifs,FALSE,20,elitize_generation_data,87,8,0.597,NA
89,54,count-odds,ifs,FALSE,20,elitize_generation_data,88,6,0.609,NA
90,54,count-odds,ifs,FALSE,20,elitize_generation_data,89,5,0.624,NA
91,54,count-odds,ifs,FALSE,20,elitize_generation_data,90,5,0.635,NA
92,54,count-odds,ifs,FALSE,20,elitize_generation_data,91,9,0.627,NA
93,54,count-odds,ifs,FALSE,20,elitize_generation_data,92,7,0.601,NA
94,54,count-odds,ifs,FALSE,20,elitize_generation_data,93,6,0.624,NA
95,54,count-odds,ifs,FALSE,20,elitize_generation_data,94,7,0.615,NA
96,54,count-odds,ifs,FALSE,20,elitize_generation_data,95,4,0.627,NA
97,54,count-odds,ifs,FALSE,20,elitize_generation_data,96,8,0.603,NA
98,54,count-odds,ifs,FALSE,20,elitize_generation_data,97,5,0.621,NA
99,54,count-odds,ifs,FALSE,20,elitize_generation_data,98,8,0.641,NA
100,54,count-odds,ifs,FALSE,20,elitize_generation_data,99,6,0.672,NA
101,54,count-odds,ifs,FALSE,20,elitize_generation_data,100,6,0.673,NA
102,54,count-odds,ifs,FALSE,20,elitize_generation_data,101,7,0.681,NA
103,54,count-odds,ifs,FALSE,20,elitize_generation_data,102,8,0.68,NA
104,54,count-odds,ifs,FALSE,20,elitize_generation_data,103,6,0.68,NA
105,54,count-odds,ifs,FALSE,20,elitize_generation_data,104,9,0.682,NA
106,54,count-odds,ifs,FALSE,20,elitize_generation_data,105,4,0.688,NA
107,54,count-odds,ifs,FALSE,20,elitize_generation_data,106,7,0.697,NA
108,54,count-odds,ifs,FALSE,20,elitize_generation_data,107,10,0.703,NA
109,54,count-odds,ifs,FALSE,20,elitize_generation_data,108,9,0.722,NA
110,54,count-odds,ifs,FALSE,20,elitize_generation_data,109,8,0.697,NA
111,54,count-odds,ifs,FALSE,20,elitize_generation_data,110,10,0.722,NA
112,54,count-odds,ifs,FALSE,20,elitize_generation_data,111,9,0.732,NA
113,54,count-odds,ifs,FALSE,20,elitize_generation_data,112,9,0.753,NA
114,54,count-odds,ifs,FALSE,20,elitize_generation_data,113,10,0.71,NA
115,54,count-odds,ifs,FALSE,20,elitize_generation_data,114,7,0.755,NA
116,54,count-odds,ifs,FALSE,20,elitize_generation_data,115,6,0.75,NA
117,54,count-odds,ifs,FALSE,20,elitize_generation_data,116,7,0.79,NA
118,54,count-odds,ifs,FALSE,20,elitize_generation_data,117,7,0.766,NA
119,54,count-odds,ifs,FALSE,20,elitize_generation_data,118,8,0.766,NA
120,54,count-odds,ifs,FALSE,20,elitize_generation_data,119,6,0.777,NA
121,54,count-odds,ifs,FALSE,20,elitize_generation_data,120,13,0.76,NA
122,54,count-odds,ifs,FALSE,20,elitize_generation_data,121,10,0.764,NA
123,54,count-odds,ifs,FALSE,20,elitize_generation_data,122,9,0.777,NA
124,54,count-odds,ifs,FALSE,20,elitize_generation_data,123,10,0.753,NA
125,54,count-odds,ifs,FALSE,20,elitize_generation_data,124,9,0.745,NA
126,54,count-odds,ifs,FALSE,20,elitize_generation_data,125,7,0.732,NA
127,54,count-odds,ifs,FALSE,20,elitize_generation_data,126,6,0.758,NA
128,54,count-odds,ifs,FALSE,20,elitize_generation_data,127,11,0.741,NA
129,54,count-odds,ifs,FALSE,20,elitize_generation_data,128,10,0.757,NA
130,54,count-odds,ifs,FALSE,20,elitize_generation_data,129,9,0.77,NA
131,54,count-odds,ifs,FALSE,20,elitize_generation_data,130,11,0.759,NA
132,54,count-odds,ifs,FALSE,20,elitize_generation_data,131,11,0.763,NA
133,54,count-odds,ifs,FALSE,20,elitize_generation_data,132,9,0.762,NA
134,54,count-odds,ifs,FALSE,20,elitize_generation_data,133,11,0.762,NA
135,54,count-odds,ifs,FALSE,20,elitize_generation_data,134,7,0.76,NA
136,54,count-odds,ifs,FALSE,20,elitize_generation_data,135,11,0.75,NA
137,54,count-odds,ifs,FALSE,20,elitize_generation_data,136,9,0.752,NA
138,54,count-odds,ifs,FALSE,20,elitize_generation_data,137,9,0.77,NA
139,54,count-odds,ifs,FALSE,20,elitize_generation_data,138,11,0.755,NA
140,54,count-odds,ifs,FALSE,20,elitize_generation_data,139,9,0.748,NA
141,54,count-odds,ifs,FALSE,20,elitize_generation_data,140,7,0.764,NA
142,54,count-odds,ifs,FALSE,20,elitize_generation_data,141,12,0.758,NA
143,54,count-odds,ifs,FALSE,20,elitize_generation_data,142,9,0.773,NA
144,54,count-odds,ifs,FALSE,20,elitize_generation_data,143,7,0.767,NA
145,54,count-odds,ifs,FALSE,20,elitize_generation_data,144,7,0.779,NA
146,54,count-odds,ifs,FALSE,20,elitize_generation_data,145,9,0.773,NA
147,54,count-odds,ifs,FALSE,20,elitize_generation_data,146,10,0.771,NA
148,54,count-odds,ifs,FALSE,20,elitize_generation_data,147,11,0.777,NA
149,54,count-odds,ifs,FALSE,20,elitize_generation_data,148,8,0.77,NA
150,54,count-odds,ifs,FALSE,20,elitize_generation_data,149,8,0.779,NA
151,54,count-odds,ifs,FALSE,20,elitize_generation_data,150,8,0.763,NA
152,54,count-odds,ifs,FALSE,20,elitize_generation_data,151,8,0.759,NA
153,54,count-odds,ifs,FALSE,20,elitize_generation_data,152,10,0.779,NA
154,54,count-odds,ifs,FALSE,20,elitize_generation_data,153,8,0.776,NA
155,54,count-odds,ifs,FALSE,20,elitize_generation_data,154,7,0.768,NA
156,54,count-odds,ifs,FALSE,20,elitize_generation_data,155,8,0.79,NA
157,54,count-odds,ifs,FALSE,20,elitize_generation_data,156,12,0.751,NA
158,54,count-odds,ifs,FALSE,20,elitize_generation_data,157,8,0.775,NA
159,54,count-odds,ifs,FALSE,20,elitize_generation_data,158,8,0.784,NA
160,54,count-odds,ifs,FALSE,20,elitize_generation_data,159,7,0.773,NA
161,54,count-odds,ifs,FALSE,20,elitize_generation_data,160,7,0.784,NA
162,54,count-odds,ifs,FALSE,20,elitize_generation_data,161,8,0.755,NA
163,54,count-odds,ifs,FALSE,20,elitize_generation_data,162,9,0.744,NA
164,54,count-odds,ifs,FALSE,20,elitize_generation_data,163,11,0.74,NA
165,54,count-odds,ifs,FALSE,20,elitize_generation_data,164,9,0.76,NA
166,54,count-odds,ifs,FALSE,20,elitize_generation_data,165,9,0.753,NA
167,54,count-odds,ifs,FALSE,20,elitize_generation_data,166,10,0.778,NA
168,54,count-odds,ifs,FALSE,20,elitize_generation_data,167,8,0.758,NA
169,54,count-odds,ifs,FALSE,20,elitize_generation_data,168,7,0.783,NA
170,54,count-odds,ifs,FALSE,20,elitize_generation_data,169,6,0.764,NA
171,54,count-odds,ifs,FALSE,20,elitize_generation_data,170,8,0.756,NA
172,54,count-odds,ifs,FALSE,20,elitize_generation_data,171,7,0.767,NA
173,54,count-odds,ifs,FALSE,20,elitize_generation_data,172,7,0.77,NA
174,54,count-odds,ifs,FALSE,20,elitize_generation_data,173,10,0.732,NA
175,54,count-odds,ifs,FALSE,20,elitize_generation_data,174,9,0.759,NA
176,54,count-odds,ifs,FALSE,20,elitize_generation_data,175,5,0.753,NA
177,54,count-odds,ifs,FALSE,20,elitize_generation_data,176,10,0.752,NA
178,54,count-odds,ifs,FALSE,20,elitize_generation_data,177,11,0.742,NA
179,54,count-odds,ifs,FALSE,20,elitize_generation_data,178,11,0.73,NA
180,54,count-odds,ifs,FALSE,20,elitize_generation_data,179,4,0.731,NA
181,54,count-odds,ifs,FALSE,20,elitize_generation_data,180,7,0.736,NA
182,54,count-odds,ifs,FALSE,20,elitize_generation_data,181,7,0.746,NA
183,54,count-odds,ifs,FALSE,20,elitize_generation_data,182,8,0.736,NA
184,54,count-odds,ifs,FALSE,20,elitize_generation_data,183,10,0.717,NA
185,54,count-odds,ifs,FALSE,20,elitize_generation_data,184,8,0.728,NA
186,54,count-odds,ifs,FALSE,20,elitize_generation_data,185,5,0.711,NA
187,54,count-odds,ifs,FALSE,20,elitize_generation_data,186,8,0.732,NA
188,54,count-odds,ifs,FALSE,20,elitize_generation_data,187,9,0.725,NA
189,54,count-odds,ifs,FALSE,20,elitize_generation_data,188,7,0.714,NA
190,54,count-odds,ifs,FALSE,20,elitize_generation_data,189,9,0.737,NA
191,54,count-odds,ifs,FALSE,20,elitize_generation_data,190,6,0.721,NA
192,54,count-odds,ifs,FALSE,20,elitize_generation_data,191,8,0.749,NA
193,54,count-odds,ifs,FALSE,20,elitize_generation_data,192,11,0.755,NA
194,54,count-odds,ifs,FALSE,20,elitize_generation_data,193,8,0.742,NA
195,54,count-odds,ifs,FALSE,20,elitize_generation_data,194,9,0.762,NA
196,54,count-odds,ifs,FALSE,20,elitize_generation_data,195,14,0.782,NA
197,54,count-odds,ifs,FALSE,20,elitize_generation_data,196,14,0.785,NA
198,54,count-odds,ifs,FALSE,20,elitize_generation_data,197,8,0.766,NA
199,54,count-odds,ifs,FALSE,20,elitize_generation_data,198,8,0.766,NA
200,54,count-odds,ifs,FALSE,20,elitize_generation_data,199,7,0.776,NA
201,54,count-odds,ifs,FALSE,20,elitize_generation_data,200,6,0.745,NA
202,54,count-odds,ifs,FALSE,20,elitize_generation_data,201,10,0.779,NA
203,54,count-odds,ifs,FALSE,20,elitize_generation_data,202,8,0.779,NA
204,54,count-odds,ifs,FALSE,20,elitize_generation_data,203,7,0.73,NA
205,54,count-odds,ifs,FALSE,20,elitize_generation_data,204,7,0.741,NA
206,54,count-odds,ifs,FALSE,20,elitize_generation_data,205,10,0.758,NA
207,54,count-odds,ifs,FALSE,20,elitize_generation_data,206,8,0.763,NA
208,54,count-odds,ifs,FALSE,20,elitize_generation_data,207,6,0.755,NA
209,54,count-odds,ifs,FALSE,20,elitize_generation_data,208,5,0.767,NA
210,54,count-odds,ifs,FALSE,20,elitize_generation_data,209,8,0.753,NA
211,54,count-odds,ifs,FALSE,20,elitize_generation_data,210,10,0.757,NA
212,54,count-odds,ifs,FALSE,20,elitize_generation_data,211,7,0.766,NA
213,54,count-odds,ifs,FALSE,20,elitize_generation_data,212,7,0.765,NA
214,54,count-odds,ifs,FALSE,20,elitize_generation_data,213,6,0.748,NA
215,54,count-odds,ifs,FALSE,20,elitize_generation_data,214,6,0.747,NA
216,54,count-odds,ifs,FALSE,20,elitize_generation_data,215,8,0.75,NA
217,54,count-odds,ifs,FALSE,20,elitize_generation_data,216,8,0.745,NA
218,54,count-odds,ifs,FALSE,20,elitize_generation_data,217,9,0.743,NA
219,54,count-odds,ifs,FALSE,20,elitize_generation_data,218,10,0.742,NA
220,54,count-odds,ifs,FALSE,20,elitize_generation_data,219,7,0.746,NA
221,54,count-odds,ifs,FALSE,20,elitize_generation_data,220,9,0.742,NA
222,54,count-odds,ifs,FALSE,20,elitize_generation_data,221,8,0.734,NA
223,54,count-odds,ifs,FALSE,20,elitize_generation_data,222,10,0.762,NA
224,54,count-odds,ifs,FALSE,20,elitize_generation_data,223,8,0.722,NA
225,54,count-odds,ifs,FALSE,20,elitize_generation_data,224,7,0.717,NA
226,54,count-odds,ifs,FALSE,20,elitize_generation_data,225,8,0.742,NA
227,54,count-odds,ifs,FALSE,20,elitize_generation_data,226,6,0.72,NA
228,54,count-odds,ifs,FALSE,20,elitize_generation_data,227,8,0.763,NA
229,54,count-odds,ifs,FALSE,20,elitize_generation_data,228,9,0.747,NA
230,54,count-odds,ifs,FALSE,20,elitize_generation_data,229,9,0.752,NA
231,54,count-odds,ifs,FALSE,20,elitize_generation_data,230,7,0.767,NA
232,54,count-odds,ifs,FALSE,20,elitize_generation_data,231,11,0.743,NA
233,54,count-odds,ifs,FALSE,20,elitize_generation_data,232,9,0.758,NA
234,54,count-odds,ifs,FALSE,20,elitize_generation_data,233,9,0.711,NA
235,54,count-odds,ifs,FALSE,20,elitize_generation_data,234,6,0.747,NA
236,54,count-odds,ifs,FALSE,20,elitize_generation_data,235,8,0.755,NA
237,54,count-odds,ifs,FALSE,20,elitize_generation_data,236,8,0.743,NA
238,54,count-odds,ifs,FALSE,20,elitize_generation_data,237,7,0.769,NA
239,54,count-odds,ifs,FALSE,20,elitize_generation_data,238,10,0.756,NA
240,54,count-odds,ifs,FALSE,20,elitize_generation_data,239,6,0.759,NA
241,54,count-odds,ifs,FALSE,20,elitize_generation_data,240,10,0.748,NA
242,54,count-odds,ifs,FALSE,20,elitize_generation_data,241,8,0.739,NA
243,54,count-odds,ifs,FALSE,20,elitize_generation_data,242,10,0.722,NA
244,54,count-odds,ifs,FALSE,20,elitize_generation_data,243,6,0.734,NA
245,54,count-odds,ifs,FALSE,20,elitize_generation_data,244,6,0.727,NA
246,54,count-odds,ifs,FALSE,20,elitize_generation_data,245,9,0.719,NA
247,54,count-odds,ifs,FALSE,20,elitize_generation_data,246,7,0.74,NA
248,54,count-odds,ifs,FALSE,20,elitize_generation_data,247,9,0.747,NA
249,54,count-odds,ifs,FALSE,20,elitize_generation_data,248,6,0.716,NA
250,54,count-odds,ifs,FALSE,20,elitize_generation_data,249,8,0.729,NA
251,54,count-odds,ifs,FALSE,20,elitize_generation_data,250,9,0.736,NA
252,54,count-odds,ifs,FALSE,20,elitize_generation_data,251,8,0.733,NA
253,54,count-odds,ifs,FALSE,20,elitize_generation_data,252,8,0.747,NA
254,54,count-odds,ifs,FALSE,20,elitize_generation_data,253,7,0.737,NA
255,54,count-odds,ifs,FALSE,20,elitize_generation_data,254,8,0.765,NA
256,54,count-odds,ifs,FALSE,20,elitize_generation_data,255,11,0.732,NA
257,54,count-odds,ifs,FALSE,20,elitize_generation_data,256,9,0.735,NA
258,54,count-odds,ifs,FALSE,20,elitize_generation_data,257,7,0.751,NA
259,54,count-odds,ifs,FALSE,20,elitize_generation_data,258,9,0.76,NA
260,54,count-odds,ifs,FALSE,20,elitize_generation_data,259,9,0.76,NA
261,54,count-odds,ifs,FALSE,20,elitize_generation_data,260,9,0.751,NA
262,54,count-odds,ifs,FALSE,20,elitize_generation_data,261,12,0.759,NA
263,54,count-odds,ifs,FALSE,20,elitize_generation_data,262,8,0.775,NA
264,54,count-odds,ifs,FALSE,20,elitize_generation_data,263,11,0.766,NA
265,54,count-odds,ifs,FALSE,20,elitize_generation_data,264,9,0.745,NA
266,54,count-odds,ifs,FALSE,20,elitize_generation_data,265,7,0.755,NA
267,54,count-odds,ifs,FALSE,20,elitize_generation_data,266,7,0.767,NA
268,54,count-odds,ifs,FALSE,20,elitize_generation_data,267,10,0.751,NA
269,54,count-odds,ifs,FALSE,20,elitize_generation_data,268,9,0.758,NA
270,54,count-odds,ifs,FALSE,20,elitize_generation_data,269,8,0.744,NA
271,54,count-odds,ifs,FALSE,20,elitize_generation_data,270,6,0.745,NA
272,54,count-odds,ifs,FALSE,20,elitize_generation_data,271,7,0.737,NA
273,54,count-odds,ifs,FALSE,20,elitize_generation_data,272,7,0.752,NA
274,54,count-odds,ifs,FALSE,20,elitize_generation_data,273,7,0.694,NA
275,54,count-odds,ifs,FALSE,20,elitize_generation_data,274,8,0.709,NA
276,54,count-odds,ifs,FALSE,20,elitize_generation_data,275,6,0.707,NA
277,54,count-odds,ifs,FALSE,20,elitize_generation_data,276,10,0.667,NA
278,54,count-odds,ifs,FALSE,20,elitize_generation_data,277,7,0.704,NA
279,54,count-odds,ifs,FALSE,20,elitize_generation_data,278,5,0.71,NA
280,54,count-odds,ifs,FALSE,20,elitize_generation_data,279,8,0.681,NA
281,54,count-odds,ifs,FALSE,20,elitize_generation_data,280,10,0.704,NA
282,54,count-odds,ifs,FALSE,20,elitize_generation_data,281,6,0.687,NA
283,54,count-odds,ifs,FALSE,20,elitize_generation_data,282,7,0.707,NA
284,54,count-odds,ifs,FALSE,20,elitize_generation_data,283,5,0.691,NA
285,54,count-odds,ifs,FALSE,20,elitize_generation_data,284,10,0.697,NA
286,54,count-odds,ifs,FALSE,20,elitize_generation_data,285,8,0.675,NA
287,54,count-odds,ifs,FALSE,20,elitize_generation_data,286,6,0.68,NA
288,54,count-odds,ifs,FALSE,20,elitize_generation_data,287,7,0.7,NA
289,54,count-odds,ifs,FALSE,20,elitize_generation_data,288,9,0.698,NA
290,54,count-odds,ifs,FALSE,20,elitize_generation_data,289,5,0.709,NA
291,54,count-odds,ifs,FALSE,20,elitize_generation_data,290,5,0.699,NA
292,54,count-odds,ifs,FALSE,20,elitize_generation_data,291,12,0.726,NA
293,54,count-odds,ifs,FALSE,20,elitize_generation_data,292,11,0.707,NA
294,54,count-odds,ifs,FALSE,20,elitize_generation_data,293,8,0.699,NA
295,54,count-odds,ifs,FALSE,20,elitize_generation_data,294,9,0.687,NA
296,54,count-odds,ifs,FALSE,20,elitize_generation_data,295,6,0.7,NA
297,54,count-odds,ifs,FALSE,20,elitize_generation_data,296,8,0.704,NA
298,54,count-odds,ifs,FALSE,20,elitize_generation_data,297,8,0.728,NA
299,54,count-odds,ifs,FALSE,20,elitize_generation_data,298,10,0.74,NA
300,54,count-odds,ifs,FALSE,20,elitize_generation_data,299,7,0.709,NA
301,54,count-odds,ifs,FALSE,20,elitize_generation_data,300,8,0.714,NA
