,run.num,problem,treatment,succeeded,height,normalization.function,generation,cluster.count,error.diversity,success.generation
1,81,count-odds,ifs,FALSE,20,elitize_generation_data,0,4,0.179,NA
2,81,count-odds,ifs,FALSE,20,elitize_generation_data,1,5,0.101,NA
3,81,count-odds,ifs,FALSE,20,elitize_generation_data,2,5,0.06,NA
4,81,count-odds,ifs,FALSE,20,elitize_generation_data,3,4,0.035,NA
5,81,count-odds,ifs,FALSE,20,elitize_generation_data,4,6,0.033,NA
6,81,count-odds,ifs,FALSE,20,elitize_generation_data,5,8,0.041,NA
7,81,count-odds,ifs,FALSE,20,elitize_generation_data,6,9,0.074,NA
8,81,count-odds,ifs,FALSE,20,elitize_generation_data,7,8,0.084,NA
9,81,count-odds,ifs,FALSE,20,elitize_generation_data,8,8,0.126,NA
10,81,count-odds,ifs,FALSE,20,elitize_generation_data,9,9,0.156,NA
11,81,count-odds,ifs,FALSE,20,elitize_generation_data,10,7,0.189,NA
12,81,count-odds,ifs,FALSE,20,elitize_generation_data,11,7,0.21,NA
13,81,count-odds,ifs,FALSE,20,elitize_generation_data,12,6,0.204,NA
14,81,count-odds,ifs,FALSE,20,elitize_generation_data,13,6,0.182,NA
15,81,count-odds,ifs,FALSE,20,elitize_generation_data,14,6,0.183,NA
16,81,count-odds,ifs,FALSE,20,elitize_generation_data,15,5,0.148,NA
17,81,count-odds,ifs,FALSE,20,elitize_generation_data,16,8,0.119,NA
18,81,count-odds,ifs,FALSE,20,elitize_generation_data,17,7,0.104,NA
19,81,count-odds,ifs,FALSE,20,elitize_generation_data,18,8,0.08,NA
20,81,count-odds,ifs,FALSE,20,elitize_generation_data,19,7,0.078,NA
21,81,count-odds,ifs,FALSE,20,elitize_generation_data,20,6,0.107,NA
22,81,count-odds,ifs,FALSE,20,elitize_generation_data,21,8,0.146,NA
23,81,count-odds,ifs,FALSE,20,elitize_generation_data,22,9,0.152,NA
24,81,count-odds,ifs,FALSE,20,elitize_generation_data,23,7,0.147,NA
25,81,count-odds,ifs,FALSE,20,elitize_generation_data,24,4,0.147,NA
26,81,count-odds,ifs,FALSE,20,elitize_generation_data,25,5,0.116,NA
27,81,count-odds,ifs,FALSE,20,elitize_generation_data,26,5,0.129,NA
28,81,count-odds,ifs,FALSE,20,elitize_generation_data,27,4,0.151,NA
29,81,count-odds,ifs,FALSE,20,elitize_generation_data,28,5,0.137,NA
30,81,count-odds,ifs,FALSE,20,elitize_generation_data,29,4,0.117,NA
31,81,count-odds,ifs,FALSE,20,elitize_generation_data,30,5,0.117,NA
32,81,count-odds,ifs,FALSE,20,elitize_generation_data,31,4,0.12,NA
33,81,count-odds,ifs,FALSE,20,elitize_generation_data,32,4,0.115,NA
34,81,count-odds,ifs,FALSE,20,elitize_generation_data,33,4,0.122,NA
35,81,count-odds,ifs,FALSE,20,elitize_generation_data,34,4,0.115,NA
36,81,count-odds,ifs,FALSE,20,elitize_generation_data,35,6,0.138,NA
37,81,count-odds,ifs,FALSE,20,elitize_generation_data,36,5,0.118,NA
38,81,count-odds,ifs,FALSE,20,elitize_generation_data,37,4,0.136,NA
39,81,count-odds,ifs,FALSE,20,elitize_generation_data,38,6,0.125,NA
40,81,count-odds,ifs,FALSE,20,elitize_generation_data,39,4,0.145,NA
41,81,count-odds,ifs,FALSE,20,elitize_generation_data,40,5,0.127,NA
42,81,count-odds,ifs,FALSE,20,elitize_generation_data,41,6,0.163,NA
43,81,count-odds,ifs,FALSE,20,elitize_generation_data,42,6,0.157,NA
44,81,count-odds,ifs,FALSE,20,elitize_generation_data,43,4,0.178,NA
45,81,count-odds,ifs,FALSE,20,elitize_generation_data,44,6,0.199,NA
46,81,count-odds,ifs,FALSE,20,elitize_generation_data,45,5,0.179,NA
47,81,count-odds,ifs,FALSE,20,elitize_generation_data,46,6,0.19,NA
48,81,count-odds,ifs,FALSE,20,elitize_generation_data,47,4,0.215,NA
49,81,count-odds,ifs,FALSE,20,elitize_generation_data,48,6,0.205,NA
50,81,count-odds,ifs,FALSE,20,elitize_generation_data,49,5,0.213,NA
51,81,count-odds,ifs,FALSE,20,elitize_generation_data,50,6,0.207,NA
52,81,count-odds,ifs,FALSE,20,elitize_generation_data,51,7,0.201,NA
53,81,count-odds,ifs,FALSE,20,elitize_generation_data,52,5,0.232,NA
54,81,count-odds,ifs,FALSE,20,elitize_generation_data,53,7,0.257,NA
55,81,count-odds,ifs,FALSE,20,elitize_generation_data,54,5,0.256,NA
56,81,count-odds,ifs,FALSE,20,elitize_generation_data,55,4,0.272,NA
57,81,count-odds,ifs,FALSE,20,elitize_generation_data,56,4,0.31,NA
58,81,count-odds,ifs,FALSE,20,elitize_generation_data,57,3,0.305,NA
59,81,count-odds,ifs,FALSE,20,elitize_generation_data,58,6,0.289,NA
60,81,count-odds,ifs,FALSE,20,elitize_generation_data,59,4,0.263,NA
61,81,count-odds,ifs,FALSE,20,elitize_generation_data,60,5,0.337,NA
62,81,count-odds,ifs,FALSE,20,elitize_generation_data,61,4,0.34,NA
63,81,count-odds,ifs,FALSE,20,elitize_generation_data,62,4,0.331,NA
64,81,count-odds,ifs,FALSE,20,elitize_generation_data,63,4,0.368,NA
65,81,count-odds,ifs,FALSE,20,elitize_generation_data,64,4,0.356,NA
66,81,count-odds,ifs,FALSE,20,elitize_generation_data,65,4,0.379,NA
67,81,count-odds,ifs,FALSE,20,elitize_generation_data,66,5,0.371,NA
68,81,count-odds,ifs,FALSE,20,elitize_generation_data,67,3,0.381,NA
69,81,count-odds,ifs,FALSE,20,elitize_generation_data,68,4,0.394,NA
70,81,count-odds,ifs,FALSE,20,elitize_generation_data,69,5,0.378,NA
71,81,count-odds,ifs,FALSE,20,elitize_generation_data,70,4,0.414,NA
72,81,count-odds,ifs,FALSE,20,elitize_generation_data,71,6,0.402,NA
73,81,count-odds,ifs,FALSE,20,elitize_generation_data,72,5,0.438,NA
74,81,count-odds,ifs,FALSE,20,elitize_generation_data,73,5,0.406,NA
75,81,count-odds,ifs,FALSE,20,elitize_generation_data,74,3,0.411,NA
76,81,count-odds,ifs,FALSE,20,elitize_generation_data,75,5,0.412,NA
77,81,count-odds,ifs,FALSE,20,elitize_generation_data,76,6,0.409,NA
78,81,count-odds,ifs,FALSE,20,elitize_generation_data,77,7,0.364,NA
79,81,count-odds,ifs,FALSE,20,elitize_generation_data,78,5,0.347,NA
80,81,count-odds,ifs,FALSE,20,elitize_generation_data,79,4,0.316,NA
81,81,count-odds,ifs,FALSE,20,elitize_generation_data,80,4,0.29,NA
82,81,count-odds,ifs,FALSE,20,elitize_generation_data,81,5,0.27,NA
83,81,count-odds,ifs,FALSE,20,elitize_generation_data,82,6,0.27,NA
84,81,count-odds,ifs,FALSE,20,elitize_generation_data,83,5,0.275,NA
85,81,count-odds,ifs,FALSE,20,elitize_generation_data,84,6,0.264,NA
86,81,count-odds,ifs,FALSE,20,elitize_generation_data,85,5,0.284,NA
87,81,count-odds,ifs,FALSE,20,elitize_generation_data,86,5,0.315,NA
88,81,count-odds,ifs,FALSE,20,elitize_generation_data,87,6,0.304,NA
89,81,count-odds,ifs,FALSE,20,elitize_generation_data,88,5,0.317,NA
90,81,count-odds,ifs,FALSE,20,elitize_generation_data,89,6,0.318,NA
91,81,count-odds,ifs,FALSE,20,elitize_generation_data,90,6,0.342,NA
92,81,count-odds,ifs,FALSE,20,elitize_generation_data,91,4,0.364,NA
93,81,count-odds,ifs,FALSE,20,elitize_generation_data,92,4,0.386,NA
94,81,count-odds,ifs,FALSE,20,elitize_generation_data,93,6,0.372,NA
95,81,count-odds,ifs,FALSE,20,elitize_generation_data,94,5,0.412,NA
96,81,count-odds,ifs,FALSE,20,elitize_generation_data,95,7,0.375,NA
97,81,count-odds,ifs,FALSE,20,elitize_generation_data,96,7,0.404,NA
98,81,count-odds,ifs,FALSE,20,elitize_generation_data,97,4,0.363,NA
99,81,count-odds,ifs,FALSE,20,elitize_generation_data,98,4,0.351,NA
100,81,count-odds,ifs,FALSE,20,elitize_generation_data,99,4,0.355,NA
101,81,count-odds,ifs,FALSE,20,elitize_generation_data,100,6,0.356,NA
102,81,count-odds,ifs,FALSE,20,elitize_generation_data,101,5,0.354,NA
103,81,count-odds,ifs,FALSE,20,elitize_generation_data,102,4,0.346,NA
104,81,count-odds,ifs,FALSE,20,elitize_generation_data,103,5,0.374,NA
105,81,count-odds,ifs,FALSE,20,elitize_generation_data,104,4,0.342,NA
106,81,count-odds,ifs,FALSE,20,elitize_generation_data,105,5,0.344,NA
107,81,count-odds,ifs,FALSE,20,elitize_generation_data,106,5,0.36,NA
108,81,count-odds,ifs,FALSE,20,elitize_generation_data,107,5,0.371,NA
109,81,count-odds,ifs,FALSE,20,elitize_generation_data,108,6,0.366,NA
110,81,count-odds,ifs,FALSE,20,elitize_generation_data,109,7,0.387,NA
111,81,count-odds,ifs,FALSE,20,elitize_generation_data,110,5,0.346,NA
112,81,count-odds,ifs,FALSE,20,elitize_generation_data,111,4,0.363,NA
113,81,count-odds,ifs,FALSE,20,elitize_generation_data,112,5,0.38,NA
114,81,count-odds,ifs,FALSE,20,elitize_generation_data,113,4,0.379,NA
115,81,count-odds,ifs,FALSE,20,elitize_generation_data,114,5,0.379,NA
116,81,count-odds,ifs,FALSE,20,elitize_generation_data,115,5,0.352,NA
117,81,count-odds,ifs,FALSE,20,elitize_generation_data,116,4,0.364,NA
118,81,count-odds,ifs,FALSE,20,elitize_generation_data,117,4,0.367,NA
119,81,count-odds,ifs,FALSE,20,elitize_generation_data,118,4,0.336,NA
120,81,count-odds,ifs,FALSE,20,elitize_generation_data,119,4,0.361,NA
121,81,count-odds,ifs,FALSE,20,elitize_generation_data,120,6,0.394,NA
122,81,count-odds,ifs,FALSE,20,elitize_generation_data,121,4,0.37,NA
123,81,count-odds,ifs,FALSE,20,elitize_generation_data,122,4,0.347,NA
124,81,count-odds,ifs,FALSE,20,elitize_generation_data,123,5,0.331,NA
125,81,count-odds,ifs,FALSE,20,elitize_generation_data,124,4,0.328,NA
126,81,count-odds,ifs,FALSE,20,elitize_generation_data,125,5,0.339,NA
127,81,count-odds,ifs,FALSE,20,elitize_generation_data,126,5,0.32,NA
128,81,count-odds,ifs,FALSE,20,elitize_generation_data,127,6,0.347,NA
129,81,count-odds,ifs,FALSE,20,elitize_generation_data,128,5,0.375,NA
130,81,count-odds,ifs,FALSE,20,elitize_generation_data,129,4,0.353,NA
131,81,count-odds,ifs,FALSE,20,elitize_generation_data,130,4,0.371,NA
132,81,count-odds,ifs,FALSE,20,elitize_generation_data,131,6,0.375,NA
133,81,count-odds,ifs,FALSE,20,elitize_generation_data,132,4,0.388,NA
134,81,count-odds,ifs,FALSE,20,elitize_generation_data,133,3,0.386,NA
135,81,count-odds,ifs,FALSE,20,elitize_generation_data,134,5,0.38,NA
136,81,count-odds,ifs,FALSE,20,elitize_generation_data,135,5,0.411,NA
137,81,count-odds,ifs,FALSE,20,elitize_generation_data,136,4,0.36,NA
138,81,count-odds,ifs,FALSE,20,elitize_generation_data,137,4,0.381,NA
139,81,count-odds,ifs,FALSE,20,elitize_generation_data,138,4,0.377,NA
140,81,count-odds,ifs,FALSE,20,elitize_generation_data,139,4,0.417,NA
141,81,count-odds,ifs,FALSE,20,elitize_generation_data,140,5,0.375,NA
142,81,count-odds,ifs,FALSE,20,elitize_generation_data,141,4,0.4,NA
143,81,count-odds,ifs,FALSE,20,elitize_generation_data,142,4,0.403,NA
144,81,count-odds,ifs,FALSE,20,elitize_generation_data,143,4,0.405,NA
145,81,count-odds,ifs,FALSE,20,elitize_generation_data,144,4,0.366,NA
146,81,count-odds,ifs,FALSE,20,elitize_generation_data,145,5,0.373,NA
147,81,count-odds,ifs,FALSE,20,elitize_generation_data,146,6,0.374,NA
148,81,count-odds,ifs,FALSE,20,elitize_generation_data,147,4,0.392,NA
149,81,count-odds,ifs,FALSE,20,elitize_generation_data,148,4,0.409,NA
150,81,count-odds,ifs,FALSE,20,elitize_generation_data,149,4,0.434,NA
151,81,count-odds,ifs,FALSE,20,elitize_generation_data,150,4,0.43,NA
152,81,count-odds,ifs,FALSE,20,elitize_generation_data,151,5,0.456,NA
153,81,count-odds,ifs,FALSE,20,elitize_generation_data,152,5,0.47,NA
154,81,count-odds,ifs,FALSE,20,elitize_generation_data,153,5,0.466,NA
155,81,count-odds,ifs,FALSE,20,elitize_generation_data,154,4,0.455,NA
156,81,count-odds,ifs,FALSE,20,elitize_generation_data,155,5,0.456,NA
157,81,count-odds,ifs,FALSE,20,elitize_generation_data,156,4,0.446,NA
158,81,count-odds,ifs,FALSE,20,elitize_generation_data,157,5,0.48,NA
159,81,count-odds,ifs,FALSE,20,elitize_generation_data,158,4,0.489,NA
160,81,count-odds,ifs,FALSE,20,elitize_generation_data,159,5,0.522,NA
161,81,count-odds,ifs,FALSE,20,elitize_generation_data,160,6,0.517,NA
162,81,count-odds,ifs,FALSE,20,elitize_generation_data,161,4,0.531,NA
163,81,count-odds,ifs,FALSE,20,elitize_generation_data,162,6,0.532,NA
164,81,count-odds,ifs,FALSE,20,elitize_generation_data,163,5,0.549,NA
165,81,count-odds,ifs,FALSE,20,elitize_generation_data,164,4,0.558,NA
166,81,count-odds,ifs,FALSE,20,elitize_generation_data,165,5,0.514,NA
167,81,count-odds,ifs,FALSE,20,elitize_generation_data,166,4,0.525,NA
168,81,count-odds,ifs,FALSE,20,elitize_generation_data,167,4,0.552,NA
169,81,count-odds,ifs,FALSE,20,elitize_generation_data,168,6,0.563,NA
170,81,count-odds,ifs,FALSE,20,elitize_generation_data,169,4,0.548,NA
171,81,count-odds,ifs,FALSE,20,elitize_generation_data,170,5,0.547,NA
172,81,count-odds,ifs,FALSE,20,elitize_generation_data,171,4,0.566,NA
173,81,count-odds,ifs,FALSE,20,elitize_generation_data,172,4,0.539,NA
174,81,count-odds,ifs,FALSE,20,elitize_generation_data,173,4,0.538,NA
175,81,count-odds,ifs,FALSE,20,elitize_generation_data,174,7,0.557,NA
176,81,count-odds,ifs,FALSE,20,elitize_generation_data,175,4,0.522,NA
177,81,count-odds,ifs,FALSE,20,elitize_generation_data,176,7,0.529,NA
178,81,count-odds,ifs,FALSE,20,elitize_generation_data,177,5,0.539,NA
179,81,count-odds,ifs,FALSE,20,elitize_generation_data,178,6,0.482,NA
180,81,count-odds,ifs,FALSE,20,elitize_generation_data,179,6,0.461,NA
181,81,count-odds,ifs,FALSE,20,elitize_generation_data,180,4,0.463,NA
182,81,count-odds,ifs,FALSE,20,elitize_generation_data,181,5,0.471,NA
183,81,count-odds,ifs,FALSE,20,elitize_generation_data,182,6,0.491,NA
184,81,count-odds,ifs,FALSE,20,elitize_generation_data,183,5,0.476,NA
185,81,count-odds,ifs,FALSE,20,elitize_generation_data,184,4,0.498,NA
186,81,count-odds,ifs,FALSE,20,elitize_generation_data,185,4,0.486,NA
187,81,count-odds,ifs,FALSE,20,elitize_generation_data,186,3,0.511,NA
188,81,count-odds,ifs,FALSE,20,elitize_generation_data,187,6,0.508,NA
189,81,count-odds,ifs,FALSE,20,elitize_generation_data,188,6,0.513,NA
190,81,count-odds,ifs,FALSE,20,elitize_generation_data,189,5,0.516,NA
191,81,count-odds,ifs,FALSE,20,elitize_generation_data,190,5,0.524,NA
192,81,count-odds,ifs,FALSE,20,elitize_generation_data,191,6,0.529,NA
193,81,count-odds,ifs,FALSE,20,elitize_generation_data,192,4,0.547,NA
194,81,count-odds,ifs,FALSE,20,elitize_generation_data,193,4,0.546,NA
195,81,count-odds,ifs,FALSE,20,elitize_generation_data,194,5,0.524,NA
196,81,count-odds,ifs,FALSE,20,elitize_generation_data,195,5,0.539,NA
197,81,count-odds,ifs,FALSE,20,elitize_generation_data,196,4,0.532,NA
198,81,count-odds,ifs,FALSE,20,elitize_generation_data,197,5,0.513,NA
199,81,count-odds,ifs,FALSE,20,elitize_generation_data,198,6,0.559,NA
200,81,count-odds,ifs,FALSE,20,elitize_generation_data,199,5,0.555,NA
201,81,count-odds,ifs,FALSE,20,elitize_generation_data,200,4,0.575,NA
202,81,count-odds,ifs,FALSE,20,elitize_generation_data,201,3,0.521,NA
203,81,count-odds,ifs,FALSE,20,elitize_generation_data,202,5,0.513,NA
204,81,count-odds,ifs,FALSE,20,elitize_generation_data,203,5,0.53,NA
205,81,count-odds,ifs,FALSE,20,elitize_generation_data,204,4,0.525,NA
206,81,count-odds,ifs,FALSE,20,elitize_generation_data,205,4,0.513,NA
207,81,count-odds,ifs,FALSE,20,elitize_generation_data,206,4,0.531,NA
208,81,count-odds,ifs,FALSE,20,elitize_generation_data,207,5,0.545,NA
209,81,count-odds,ifs,FALSE,20,elitize_generation_data,208,4,0.538,NA
210,81,count-odds,ifs,FALSE,20,elitize_generation_data,209,4,0.529,NA
211,81,count-odds,ifs,FALSE,20,elitize_generation_data,210,4,0.526,NA
212,81,count-odds,ifs,FALSE,20,elitize_generation_data,211,4,0.51,NA
213,81,count-odds,ifs,FALSE,20,elitize_generation_data,212,5,0.513,NA
214,81,count-odds,ifs,FALSE,20,elitize_generation_data,213,5,0.529,NA
215,81,count-odds,ifs,FALSE,20,elitize_generation_data,214,4,0.545,NA
216,81,count-odds,ifs,FALSE,20,elitize_generation_data,215,4,0.523,NA
217,81,count-odds,ifs,FALSE,20,elitize_generation_data,216,7,0.508,NA
218,81,count-odds,ifs,FALSE,20,elitize_generation_data,217,5,0.521,NA
219,81,count-odds,ifs,FALSE,20,elitize_generation_data,218,5,0.525,NA
220,81,count-odds,ifs,FALSE,20,elitize_generation_data,219,5,0.535,NA
221,81,count-odds,ifs,FALSE,20,elitize_generation_data,220,5,0.523,NA
222,81,count-odds,ifs,FALSE,20,elitize_generation_data,221,4,0.505,NA
223,81,count-odds,ifs,FALSE,20,elitize_generation_data,222,5,0.544,NA
224,81,count-odds,ifs,FALSE,20,elitize_generation_data,223,4,0.535,NA
225,81,count-odds,ifs,FALSE,20,elitize_generation_data,224,3,0.551,NA
226,81,count-odds,ifs,FALSE,20,elitize_generation_data,225,4,0.524,NA
227,81,count-odds,ifs,FALSE,20,elitize_generation_data,226,3,0.538,NA
228,81,count-odds,ifs,FALSE,20,elitize_generation_data,227,5,0.523,NA
229,81,count-odds,ifs,FALSE,20,elitize_generation_data,228,5,0.527,NA
230,81,count-odds,ifs,FALSE,20,elitize_generation_data,229,4,0.537,NA
231,81,count-odds,ifs,FALSE,20,elitize_generation_data,230,4,0.543,NA
232,81,count-odds,ifs,FALSE,20,elitize_generation_data,231,6,0.545,NA
233,81,count-odds,ifs,FALSE,20,elitize_generation_data,232,4,0.554,NA
234,81,count-odds,ifs,FALSE,20,elitize_generation_data,233,3,0.565,NA
235,81,count-odds,ifs,FALSE,20,elitize_generation_data,234,6,0.53,NA
236,81,count-odds,ifs,FALSE,20,elitize_generation_data,235,3,0.536,NA
237,81,count-odds,ifs,FALSE,20,elitize_generation_data,236,6,0.544,NA
238,81,count-odds,ifs,FALSE,20,elitize_generation_data,237,3,0.539,NA
239,81,count-odds,ifs,FALSE,20,elitize_generation_data,238,4,0.537,NA
240,81,count-odds,ifs,FALSE,20,elitize_generation_data,239,4,0.54,NA
241,81,count-odds,ifs,FALSE,20,elitize_generation_data,240,4,0.527,NA
242,81,count-odds,ifs,FALSE,20,elitize_generation_data,241,5,0.532,NA
243,81,count-odds,ifs,FALSE,20,elitize_generation_data,242,7,0.531,NA
244,81,count-odds,ifs,FALSE,20,elitize_generation_data,243,6,0.53,NA
245,81,count-odds,ifs,FALSE,20,elitize_generation_data,244,6,0.532,NA
246,81,count-odds,ifs,FALSE,20,elitize_generation_data,245,4,0.545,NA
247,81,count-odds,ifs,FALSE,20,elitize_generation_data,246,6,0.54,NA
248,81,count-odds,ifs,FALSE,20,elitize_generation_data,247,6,0.534,NA
249,81,count-odds,ifs,FALSE,20,elitize_generation_data,248,5,0.532,NA
250,81,count-odds,ifs,FALSE,20,elitize_generation_data,249,5,0.535,NA
251,81,count-odds,ifs,FALSE,20,elitize_generation_data,250,6,0.532,NA
252,81,count-odds,ifs,FALSE,20,elitize_generation_data,251,6,0.529,NA
253,81,count-odds,ifs,FALSE,20,elitize_generation_data,252,5,0.515,NA
254,81,count-odds,ifs,FALSE,20,elitize_generation_data,253,3,0.552,NA
255,81,count-odds,ifs,FALSE,20,elitize_generation_data,254,6,0.562,NA
256,81,count-odds,ifs,FALSE,20,elitize_generation_data,255,4,0.555,NA
257,81,count-odds,ifs,FALSE,20,elitize_generation_data,256,4,0.574,NA
258,81,count-odds,ifs,FALSE,20,elitize_generation_data,257,4,0.541,NA
259,81,count-odds,ifs,FALSE,20,elitize_generation_data,258,5,0.54,NA
260,81,count-odds,ifs,FALSE,20,elitize_generation_data,259,5,0.544,NA
261,81,count-odds,ifs,FALSE,20,elitize_generation_data,260,4,0.552,NA
262,81,count-odds,ifs,FALSE,20,elitize_generation_data,261,6,0.533,NA
263,81,count-odds,ifs,FALSE,20,elitize_generation_data,262,5,0.531,NA
264,81,count-odds,ifs,FALSE,20,elitize_generation_data,263,5,0.538,NA
265,81,count-odds,ifs,FALSE,20,elitize_generation_data,264,5,0.499,NA
266,81,count-odds,ifs,FALSE,20,elitize_generation_data,265,6,0.464,NA
267,81,count-odds,ifs,FALSE,20,elitize_generation_data,266,5,0.459,NA
268,81,count-odds,ifs,FALSE,20,elitize_generation_data,267,6,0.484,NA
269,81,count-odds,ifs,FALSE,20,elitize_generation_data,268,5,0.467,NA
270,81,count-odds,ifs,FALSE,20,elitize_generation_data,269,4,0.483,NA
271,81,count-odds,ifs,FALSE,20,elitize_generation_data,270,4,0.469,NA
272,81,count-odds,ifs,FALSE,20,elitize_generation_data,271,5,0.472,NA
273,81,count-odds,ifs,FALSE,20,elitize_generation_data,272,4,0.45,NA
274,81,count-odds,ifs,FALSE,20,elitize_generation_data,273,4,0.473,NA
275,81,count-odds,ifs,FALSE,20,elitize_generation_data,274,5,0.474,NA
276,81,count-odds,ifs,FALSE,20,elitize_generation_data,275,6,0.467,NA
277,81,count-odds,ifs,FALSE,20,elitize_generation_data,276,7,0.492,NA
278,81,count-odds,ifs,FALSE,20,elitize_generation_data,277,3,0.498,NA
279,81,count-odds,ifs,FALSE,20,elitize_generation_data,278,4,0.472,NA
280,81,count-odds,ifs,FALSE,20,elitize_generation_data,279,5,0.505,NA
281,81,count-odds,ifs,FALSE,20,elitize_generation_data,280,5,0.501,NA
282,81,count-odds,ifs,FALSE,20,elitize_generation_data,281,5,0.519,NA
283,81,count-odds,ifs,FALSE,20,elitize_generation_data,282,4,0.482,NA
284,81,count-odds,ifs,FALSE,20,elitize_generation_data,283,6,0.496,NA
285,81,count-odds,ifs,FALSE,20,elitize_generation_data,284,4,0.538,NA
286,81,count-odds,ifs,FALSE,20,elitize_generation_data,285,4,0.513,NA
287,81,count-odds,ifs,FALSE,20,elitize_generation_data,286,5,0.5,NA
288,81,count-odds,ifs,FALSE,20,elitize_generation_data,287,7,0.502,NA
289,81,count-odds,ifs,FALSE,20,elitize_generation_data,288,4,0.524,NA
290,81,count-odds,ifs,FALSE,20,elitize_generation_data,289,6,0.503,NA
291,81,count-odds,ifs,FALSE,20,elitize_generation_data,290,5,0.497,NA
292,81,count-odds,ifs,FALSE,20,elitize_generation_data,291,4,0.517,NA
293,81,count-odds,ifs,FALSE,20,elitize_generation_data,292,4,0.508,NA
294,81,count-odds,ifs,FALSE,20,elitize_generation_data,293,3,0.504,NA
295,81,count-odds,ifs,FALSE,20,elitize_generation_data,294,4,0.549,NA
296,81,count-odds,ifs,FALSE,20,elitize_generation_data,295,4,0.565,NA
297,81,count-odds,ifs,FALSE,20,elitize_generation_data,296,6,0.568,NA
298,81,count-odds,ifs,FALSE,20,elitize_generation_data,297,5,0.554,NA
299,81,count-odds,ifs,FALSE,20,elitize_generation_data,298,7,0.561,NA
300,81,count-odds,ifs,FALSE,20,elitize_generation_data,299,6,0.561,NA
301,81,count-odds,ifs,FALSE,20,elitize_generation_data,300,8,0.554,NA
