,run.num,problem,treatment,succeeded,height,normalization.function,generation,cluster.count,error.diversity,success.generation
1,19,count-odds,ifs,FALSE,20,elitize_generation_data,0,6,0.165,NA
2,19,count-odds,ifs,FALSE,20,elitize_generation_data,1,11,0.09,NA
3,19,count-odds,ifs,FALSE,20,elitize_generation_data,2,9,0.055,NA
4,19,count-odds,ifs,FALSE,20,elitize_generation_data,3,6,0.023,NA
5,19,count-odds,ifs,FALSE,20,elitize_generation_data,4,5,0.021,NA
6,19,count-odds,ifs,FALSE,20,elitize_generation_data,5,4,0.024,NA
7,19,count-odds,ifs,FALSE,20,elitize_generation_data,6,6,0.021,NA
8,19,count-odds,ifs,FALSE,20,elitize_generation_data,7,5,0.021,NA
9,19,count-odds,ifs,FALSE,20,elitize_generation_data,8,5,0.018,NA
10,19,count-odds,ifs,FALSE,20,elitize_generation_data,9,4,0.017,NA
11,19,count-odds,ifs,FALSE,20,elitize_generation_data,10,4,0.017,NA
12,19,count-odds,ifs,FALSE,20,elitize_generation_data,11,6,0.016,NA
13,19,count-odds,ifs,FALSE,20,elitize_generation_data,12,4,0.017,NA
14,19,count-odds,ifs,FALSE,20,elitize_generation_data,13,5,0.017,NA
15,19,count-odds,ifs,FALSE,20,elitize_generation_data,14,5,0.022,NA
16,19,count-odds,ifs,FALSE,20,elitize_generation_data,15,4,0.017,NA
17,19,count-odds,ifs,FALSE,20,elitize_generation_data,16,4,0.019,NA
18,19,count-odds,ifs,FALSE,20,elitize_generation_data,17,5,0.017,NA
19,19,count-odds,ifs,FALSE,20,elitize_generation_data,18,4,0.018,NA
20,19,count-odds,ifs,FALSE,20,elitize_generation_data,19,4,0.016,NA
21,19,count-odds,ifs,FALSE,20,elitize_generation_data,20,4,0.016,NA
22,19,count-odds,ifs,FALSE,20,elitize_generation_data,21,5,0.016,NA
23,19,count-odds,ifs,FALSE,20,elitize_generation_data,22,5,0.013,NA
24,19,count-odds,ifs,FALSE,20,elitize_generation_data,23,4,0.016,NA
25,19,count-odds,ifs,FALSE,20,elitize_generation_data,24,5,0.017,NA
26,19,count-odds,ifs,FALSE,20,elitize_generation_data,25,5,0.017,NA
27,19,count-odds,ifs,FALSE,20,elitize_generation_data,26,5,0.016,NA
28,19,count-odds,ifs,FALSE,20,elitize_generation_data,27,5,0.014,NA
29,19,count-odds,ifs,FALSE,20,elitize_generation_data,28,5,0.018,NA
30,19,count-odds,ifs,FALSE,20,elitize_generation_data,29,5,0.015,NA
31,19,count-odds,ifs,FALSE,20,elitize_generation_data,30,4,0.014,NA
32,19,count-odds,ifs,FALSE,20,elitize_generation_data,31,6,0.016,NA
33,19,count-odds,ifs,FALSE,20,elitize_generation_data,32,6,0.015,NA
34,19,count-odds,ifs,FALSE,20,elitize_generation_data,33,5,0.015,NA
35,19,count-odds,ifs,FALSE,20,elitize_generation_data,34,4,0.017,NA
36,19,count-odds,ifs,FALSE,20,elitize_generation_data,35,5,0.017,NA
37,19,count-odds,ifs,FALSE,20,elitize_generation_data,36,6,0.02,NA
38,19,count-odds,ifs,FALSE,20,elitize_generation_data,37,4,0.017,NA
39,19,count-odds,ifs,FALSE,20,elitize_generation_data,38,4,0.016,NA
40,19,count-odds,ifs,FALSE,20,elitize_generation_data,39,4,0.018,NA
41,19,count-odds,ifs,FALSE,20,elitize_generation_data,40,4,0.019,NA
42,19,count-odds,ifs,FALSE,20,elitize_generation_data,41,4,0.02,NA
43,19,count-odds,ifs,FALSE,20,elitize_generation_data,42,5,0.015,NA
44,19,count-odds,ifs,FALSE,20,elitize_generation_data,43,4,0.023,NA
45,19,count-odds,ifs,FALSE,20,elitize_generation_data,44,5,0.016,NA
46,19,count-odds,ifs,FALSE,20,elitize_generation_data,45,5,0.015,NA
47,19,count-odds,ifs,FALSE,20,elitize_generation_data,46,4,0.023,NA
48,19,count-odds,ifs,FALSE,20,elitize_generation_data,47,4,0.018,NA
49,19,count-odds,ifs,FALSE,20,elitize_generation_data,48,4,0.015,NA
50,19,count-odds,ifs,FALSE,20,elitize_generation_data,49,4,0.017,NA
51,19,count-odds,ifs,FALSE,20,elitize_generation_data,50,4,0.014,NA
52,19,count-odds,ifs,FALSE,20,elitize_generation_data,51,5,0.02,NA
53,19,count-odds,ifs,FALSE,20,elitize_generation_data,52,5,0.016,NA
54,19,count-odds,ifs,FALSE,20,elitize_generation_data,53,7,0.016,NA
55,19,count-odds,ifs,FALSE,20,elitize_generation_data,54,5,0.015,NA
56,19,count-odds,ifs,FALSE,20,elitize_generation_data,55,5,0.018,NA
57,19,count-odds,ifs,FALSE,20,elitize_generation_data,56,5,0.016,NA
58,19,count-odds,ifs,FALSE,20,elitize_generation_data,57,4,0.018,NA
59,19,count-odds,ifs,FALSE,20,elitize_generation_data,58,5,0.013,NA
60,19,count-odds,ifs,FALSE,20,elitize_generation_data,59,4,0.018,NA
61,19,count-odds,ifs,FALSE,20,elitize_generation_data,60,4,0.014,NA
62,19,count-odds,ifs,FALSE,20,elitize_generation_data,61,4,0.019,NA
63,19,count-odds,ifs,FALSE,20,elitize_generation_data,62,5,0.018,NA
64,19,count-odds,ifs,FALSE,20,elitize_generation_data,63,5,0.021,NA
65,19,count-odds,ifs,FALSE,20,elitize_generation_data,64,6,0.013,NA
66,19,count-odds,ifs,FALSE,20,elitize_generation_data,65,4,0.017,NA
67,19,count-odds,ifs,FALSE,20,elitize_generation_data,66,5,0.014,NA
68,19,count-odds,ifs,FALSE,20,elitize_generation_data,67,4,0.019,NA
69,19,count-odds,ifs,FALSE,20,elitize_generation_data,68,6,0.018,NA
70,19,count-odds,ifs,FALSE,20,elitize_generation_data,69,6,0.017,NA
71,19,count-odds,ifs,FALSE,20,elitize_generation_data,70,6,0.019,NA
72,19,count-odds,ifs,FALSE,20,elitize_generation_data,71,4,0.02,NA
73,19,count-odds,ifs,FALSE,20,elitize_generation_data,72,5,0.015,NA
74,19,count-odds,ifs,FALSE,20,elitize_generation_data,73,6,0.016,NA
75,19,count-odds,ifs,FALSE,20,elitize_generation_data,74,6,0.022,NA
76,19,count-odds,ifs,FALSE,20,elitize_generation_data,75,4,0.018,NA
77,19,count-odds,ifs,FALSE,20,elitize_generation_data,76,5,0.017,NA
78,19,count-odds,ifs,FALSE,20,elitize_generation_data,77,6,0.015,NA
79,19,count-odds,ifs,FALSE,20,elitize_generation_data,78,5,0.014,NA
80,19,count-odds,ifs,FALSE,20,elitize_generation_data,79,5,0.016,NA
81,19,count-odds,ifs,FALSE,20,elitize_generation_data,80,7,0.014,NA
82,19,count-odds,ifs,FALSE,20,elitize_generation_data,81,4,0.021,NA
83,19,count-odds,ifs,FALSE,20,elitize_generation_data,82,6,0.013,NA
84,19,count-odds,ifs,FALSE,20,elitize_generation_data,83,4,0.022,NA
85,19,count-odds,ifs,FALSE,20,elitize_generation_data,84,5,0.015,NA
86,19,count-odds,ifs,FALSE,20,elitize_generation_data,85,4,0.016,NA
87,19,count-odds,ifs,FALSE,20,elitize_generation_data,86,5,0.017,NA
88,19,count-odds,ifs,FALSE,20,elitize_generation_data,87,5,0.013,NA
89,19,count-odds,ifs,FALSE,20,elitize_generation_data,88,4,0.015,NA
90,19,count-odds,ifs,FALSE,20,elitize_generation_data,89,4,0.017,NA
91,19,count-odds,ifs,FALSE,20,elitize_generation_data,90,4,0.017,NA
92,19,count-odds,ifs,FALSE,20,elitize_generation_data,91,4,0.019,NA
93,19,count-odds,ifs,FALSE,20,elitize_generation_data,92,5,0.018,NA
94,19,count-odds,ifs,FALSE,20,elitize_generation_data,93,6,0.016,NA
95,19,count-odds,ifs,FALSE,20,elitize_generation_data,94,6,0.016,NA
96,19,count-odds,ifs,FALSE,20,elitize_generation_data,95,5,0.016,NA
97,19,count-odds,ifs,FALSE,20,elitize_generation_data,96,6,0.015,NA
98,19,count-odds,ifs,FALSE,20,elitize_generation_data,97,5,0.016,NA
99,19,count-odds,ifs,FALSE,20,elitize_generation_data,98,4,0.018,NA
100,19,count-odds,ifs,FALSE,20,elitize_generation_data,99,5,0.017,NA
101,19,count-odds,ifs,FALSE,20,elitize_generation_data,100,4,0.02,NA
102,19,count-odds,ifs,FALSE,20,elitize_generation_data,101,4,0.017,NA
103,19,count-odds,ifs,FALSE,20,elitize_generation_data,102,6,0.017,NA
104,19,count-odds,ifs,FALSE,20,elitize_generation_data,103,5,0.018,NA
105,19,count-odds,ifs,FALSE,20,elitize_generation_data,104,4,0.012,NA
106,19,count-odds,ifs,FALSE,20,elitize_generation_data,105,5,0.016,NA
107,19,count-odds,ifs,FALSE,20,elitize_generation_data,106,6,0.018,NA
108,19,count-odds,ifs,FALSE,20,elitize_generation_data,107,5,0.014,NA
109,19,count-odds,ifs,FALSE,20,elitize_generation_data,108,5,0.014,NA
110,19,count-odds,ifs,FALSE,20,elitize_generation_data,109,5,0.015,NA
111,19,count-odds,ifs,FALSE,20,elitize_generation_data,110,4,0.016,NA
112,19,count-odds,ifs,FALSE,20,elitize_generation_data,111,5,0.02,NA
113,19,count-odds,ifs,FALSE,20,elitize_generation_data,112,7,0.016,NA
114,19,count-odds,ifs,FALSE,20,elitize_generation_data,113,4,0.02,NA
115,19,count-odds,ifs,FALSE,20,elitize_generation_data,114,5,0.016,NA
116,19,count-odds,ifs,FALSE,20,elitize_generation_data,115,6,0.015,NA
117,19,count-odds,ifs,FALSE,20,elitize_generation_data,116,6,0.019,NA
118,19,count-odds,ifs,FALSE,20,elitize_generation_data,117,6,0.019,NA
119,19,count-odds,ifs,FALSE,20,elitize_generation_data,118,5,0.019,NA
120,19,count-odds,ifs,FALSE,20,elitize_generation_data,119,5,0.017,NA
121,19,count-odds,ifs,FALSE,20,elitize_generation_data,120,5,0.019,NA
122,19,count-odds,ifs,FALSE,20,elitize_generation_data,121,7,0.016,NA
123,19,count-odds,ifs,FALSE,20,elitize_generation_data,122,5,0.016,NA
124,19,count-odds,ifs,FALSE,20,elitize_generation_data,123,4,0.014,NA
125,19,count-odds,ifs,FALSE,20,elitize_generation_data,124,5,0.014,NA
126,19,count-odds,ifs,FALSE,20,elitize_generation_data,125,6,0.018,NA
127,19,count-odds,ifs,FALSE,20,elitize_generation_data,126,7,0.016,NA
128,19,count-odds,ifs,FALSE,20,elitize_generation_data,127,4,0.018,NA
129,19,count-odds,ifs,FALSE,20,elitize_generation_data,128,4,0.02,NA
130,19,count-odds,ifs,FALSE,20,elitize_generation_data,129,5,0.016,NA
131,19,count-odds,ifs,FALSE,20,elitize_generation_data,130,6,0.015,NA
132,19,count-odds,ifs,FALSE,20,elitize_generation_data,131,6,0.015,NA
133,19,count-odds,ifs,FALSE,20,elitize_generation_data,132,5,0.018,NA
134,19,count-odds,ifs,FALSE,20,elitize_generation_data,133,6,0.017,NA
135,19,count-odds,ifs,FALSE,20,elitize_generation_data,134,5,0.015,NA
136,19,count-odds,ifs,FALSE,20,elitize_generation_data,135,5,0.016,NA
137,19,count-odds,ifs,FALSE,20,elitize_generation_data,136,4,0.014,NA
138,19,count-odds,ifs,FALSE,20,elitize_generation_data,137,6,0.017,NA
139,19,count-odds,ifs,FALSE,20,elitize_generation_data,138,4,0.017,NA
140,19,count-odds,ifs,FALSE,20,elitize_generation_data,139,5,0.014,NA
141,19,count-odds,ifs,FALSE,20,elitize_generation_data,140,4,0.02,NA
142,19,count-odds,ifs,FALSE,20,elitize_generation_data,141,6,0.018,NA
143,19,count-odds,ifs,FALSE,20,elitize_generation_data,142,6,0.017,NA
144,19,count-odds,ifs,FALSE,20,elitize_generation_data,143,6,0.019,NA
145,19,count-odds,ifs,FALSE,20,elitize_generation_data,144,4,0.018,NA
146,19,count-odds,ifs,FALSE,20,elitize_generation_data,145,6,0.015,NA
147,19,count-odds,ifs,FALSE,20,elitize_generation_data,146,4,0.018,NA
148,19,count-odds,ifs,FALSE,20,elitize_generation_data,147,6,0.017,NA
149,19,count-odds,ifs,FALSE,20,elitize_generation_data,148,4,0.015,NA
150,19,count-odds,ifs,FALSE,20,elitize_generation_data,149,4,0.014,NA
151,19,count-odds,ifs,FALSE,20,elitize_generation_data,150,4,0.019,NA
152,19,count-odds,ifs,FALSE,20,elitize_generation_data,151,6,0.019,NA
153,19,count-odds,ifs,FALSE,20,elitize_generation_data,152,5,0.017,NA
154,19,count-odds,ifs,FALSE,20,elitize_generation_data,153,4,0.017,NA
155,19,count-odds,ifs,FALSE,20,elitize_generation_data,154,6,0.015,NA
156,19,count-odds,ifs,FALSE,20,elitize_generation_data,155,5,0.015,NA
157,19,count-odds,ifs,FALSE,20,elitize_generation_data,156,4,0.015,NA
158,19,count-odds,ifs,FALSE,20,elitize_generation_data,157,4,0.018,NA
159,19,count-odds,ifs,FALSE,20,elitize_generation_data,158,6,0.015,NA
160,19,count-odds,ifs,FALSE,20,elitize_generation_data,159,4,0.02,NA
161,19,count-odds,ifs,FALSE,20,elitize_generation_data,160,4,0.017,NA
162,19,count-odds,ifs,FALSE,20,elitize_generation_data,161,5,0.018,NA
163,19,count-odds,ifs,FALSE,20,elitize_generation_data,162,4,0.02,NA
164,19,count-odds,ifs,FALSE,20,elitize_generation_data,163,4,0.015,NA
165,19,count-odds,ifs,FALSE,20,elitize_generation_data,164,4,0.02,NA
166,19,count-odds,ifs,FALSE,20,elitize_generation_data,165,5,0.014,NA
167,19,count-odds,ifs,FALSE,20,elitize_generation_data,166,4,0.019,NA
168,19,count-odds,ifs,FALSE,20,elitize_generation_data,167,6,0.014,NA
169,19,count-odds,ifs,FALSE,20,elitize_generation_data,168,7,0.016,NA
170,19,count-odds,ifs,FALSE,20,elitize_generation_data,169,5,0.017,NA
171,19,count-odds,ifs,FALSE,20,elitize_generation_data,170,5,0.014,NA
172,19,count-odds,ifs,FALSE,20,elitize_generation_data,171,5,0.02,NA
173,19,count-odds,ifs,FALSE,20,elitize_generation_data,172,4,0.015,NA
174,19,count-odds,ifs,FALSE,20,elitize_generation_data,173,5,0.015,NA
175,19,count-odds,ifs,FALSE,20,elitize_generation_data,174,6,0.016,NA
176,19,count-odds,ifs,FALSE,20,elitize_generation_data,175,6,0.015,NA
177,19,count-odds,ifs,FALSE,20,elitize_generation_data,176,4,0.018,NA
178,19,count-odds,ifs,FALSE,20,elitize_generation_data,177,5,0.019,NA
179,19,count-odds,ifs,FALSE,20,elitize_generation_data,178,6,0.018,NA
180,19,count-odds,ifs,FALSE,20,elitize_generation_data,179,5,0.014,NA
181,19,count-odds,ifs,FALSE,20,elitize_generation_data,180,6,0.014,NA
182,19,count-odds,ifs,FALSE,20,elitize_generation_data,181,4,0.021,NA
183,19,count-odds,ifs,FALSE,20,elitize_generation_data,182,7,0.015,NA
184,19,count-odds,ifs,FALSE,20,elitize_generation_data,183,5,0.016,NA
185,19,count-odds,ifs,FALSE,20,elitize_generation_data,184,6,0.016,NA
186,19,count-odds,ifs,FALSE,20,elitize_generation_data,185,4,0.018,NA
187,19,count-odds,ifs,FALSE,20,elitize_generation_data,186,5,0.018,NA
188,19,count-odds,ifs,FALSE,20,elitize_generation_data,187,6,0.017,NA
189,19,count-odds,ifs,FALSE,20,elitize_generation_data,188,4,0.019,NA
190,19,count-odds,ifs,FALSE,20,elitize_generation_data,189,8,0.015,NA
191,19,count-odds,ifs,FALSE,20,elitize_generation_data,190,6,0.014,NA
192,19,count-odds,ifs,FALSE,20,elitize_generation_data,191,5,0.017,NA
193,19,count-odds,ifs,FALSE,20,elitize_generation_data,192,5,0.014,NA
194,19,count-odds,ifs,FALSE,20,elitize_generation_data,193,6,0.017,NA
195,19,count-odds,ifs,FALSE,20,elitize_generation_data,194,6,0.016,NA
196,19,count-odds,ifs,FALSE,20,elitize_generation_data,195,5,0.015,NA
197,19,count-odds,ifs,FALSE,20,elitize_generation_data,196,4,0.018,NA
198,19,count-odds,ifs,FALSE,20,elitize_generation_data,197,4,0.019,NA
199,19,count-odds,ifs,FALSE,20,elitize_generation_data,198,6,0.016,NA
200,19,count-odds,ifs,FALSE,20,elitize_generation_data,199,4,0.017,NA
201,19,count-odds,ifs,FALSE,20,elitize_generation_data,200,4,0.018,NA
202,19,count-odds,ifs,FALSE,20,elitize_generation_data,201,6,0.016,NA
203,19,count-odds,ifs,FALSE,20,elitize_generation_data,202,5,0.016,NA
204,19,count-odds,ifs,FALSE,20,elitize_generation_data,203,5,0.017,NA
205,19,count-odds,ifs,FALSE,20,elitize_generation_data,204,7,0.015,NA
206,19,count-odds,ifs,FALSE,20,elitize_generation_data,205,5,0.016,NA
207,19,count-odds,ifs,FALSE,20,elitize_generation_data,206,7,0.018,NA
208,19,count-odds,ifs,FALSE,20,elitize_generation_data,207,5,0.017,NA
209,19,count-odds,ifs,FALSE,20,elitize_generation_data,208,5,0.017,NA
210,19,count-odds,ifs,FALSE,20,elitize_generation_data,209,6,0.016,NA
211,19,count-odds,ifs,FALSE,20,elitize_generation_data,210,6,0.021,NA
212,19,count-odds,ifs,FALSE,20,elitize_generation_data,211,4,0.016,NA
213,19,count-odds,ifs,FALSE,20,elitize_generation_data,212,4,0.019,NA
214,19,count-odds,ifs,FALSE,20,elitize_generation_data,213,5,0.016,NA
215,19,count-odds,ifs,FALSE,20,elitize_generation_data,214,4,0.022,NA
216,19,count-odds,ifs,FALSE,20,elitize_generation_data,215,7,0.017,NA
217,19,count-odds,ifs,FALSE,20,elitize_generation_data,216,5,0.019,NA
218,19,count-odds,ifs,FALSE,20,elitize_generation_data,217,6,0.015,NA
219,19,count-odds,ifs,FALSE,20,elitize_generation_data,218,4,0.017,NA
220,19,count-odds,ifs,FALSE,20,elitize_generation_data,219,6,0.017,NA
221,19,count-odds,ifs,FALSE,20,elitize_generation_data,220,6,0.02,NA
222,19,count-odds,ifs,FALSE,20,elitize_generation_data,221,6,0.016,NA
223,19,count-odds,ifs,FALSE,20,elitize_generation_data,222,6,0.013,NA
224,19,count-odds,ifs,FALSE,20,elitize_generation_data,223,6,0.018,NA
225,19,count-odds,ifs,FALSE,20,elitize_generation_data,224,5,0.017,NA
226,19,count-odds,ifs,FALSE,20,elitize_generation_data,225,4,0.019,NA
227,19,count-odds,ifs,FALSE,20,elitize_generation_data,226,4,0.013,NA
228,19,count-odds,ifs,FALSE,20,elitize_generation_data,227,4,0.018,NA
229,19,count-odds,ifs,FALSE,20,elitize_generation_data,228,7,0.016,NA
230,19,count-odds,ifs,FALSE,20,elitize_generation_data,229,4,0.015,NA
231,19,count-odds,ifs,FALSE,20,elitize_generation_data,230,6,0.016,NA
232,19,count-odds,ifs,FALSE,20,elitize_generation_data,231,4,0.016,NA
233,19,count-odds,ifs,FALSE,20,elitize_generation_data,232,6,0.016,NA
234,19,count-odds,ifs,FALSE,20,elitize_generation_data,233,6,0.016,NA
235,19,count-odds,ifs,FALSE,20,elitize_generation_data,234,5,0.019,NA
236,19,count-odds,ifs,FALSE,20,elitize_generation_data,235,6,0.014,NA
237,19,count-odds,ifs,FALSE,20,elitize_generation_data,236,4,0.018,NA
238,19,count-odds,ifs,FALSE,20,elitize_generation_data,237,6,0.014,NA
239,19,count-odds,ifs,FALSE,20,elitize_generation_data,238,4,0.012,NA
240,19,count-odds,ifs,FALSE,20,elitize_generation_data,239,5,0.017,NA
241,19,count-odds,ifs,FALSE,20,elitize_generation_data,240,6,0.015,NA
242,19,count-odds,ifs,FALSE,20,elitize_generation_data,241,5,0.017,NA
243,19,count-odds,ifs,FALSE,20,elitize_generation_data,242,4,0.018,NA
244,19,count-odds,ifs,FALSE,20,elitize_generation_data,243,6,0.021,NA
245,19,count-odds,ifs,FALSE,20,elitize_generation_data,244,4,0.016,NA
246,19,count-odds,ifs,FALSE,20,elitize_generation_data,245,6,0.015,NA
247,19,count-odds,ifs,FALSE,20,elitize_generation_data,246,5,0.016,NA
248,19,count-odds,ifs,FALSE,20,elitize_generation_data,247,6,0.018,NA
249,19,count-odds,ifs,FALSE,20,elitize_generation_data,248,4,0.019,NA
250,19,count-odds,ifs,FALSE,20,elitize_generation_data,249,7,0.017,NA
251,19,count-odds,ifs,FALSE,20,elitize_generation_data,250,5,0.017,NA
252,19,count-odds,ifs,FALSE,20,elitize_generation_data,251,6,0.015,NA
253,19,count-odds,ifs,FALSE,20,elitize_generation_data,252,6,0.017,NA
254,19,count-odds,ifs,FALSE,20,elitize_generation_data,253,4,0.016,NA
255,19,count-odds,ifs,FALSE,20,elitize_generation_data,254,4,0.014,NA
256,19,count-odds,ifs,FALSE,20,elitize_generation_data,255,5,0.014,NA
257,19,count-odds,ifs,FALSE,20,elitize_generation_data,256,6,0.017,NA
258,19,count-odds,ifs,FALSE,20,elitize_generation_data,257,6,0.015,NA
259,19,count-odds,ifs,FALSE,20,elitize_generation_data,258,5,0.016,NA
260,19,count-odds,ifs,FALSE,20,elitize_generation_data,259,6,0.018,NA
261,19,count-odds,ifs,FALSE,20,elitize_generation_data,260,5,0.017,NA
262,19,count-odds,ifs,FALSE,20,elitize_generation_data,261,4,0.021,NA
263,19,count-odds,ifs,FALSE,20,elitize_generation_data,262,6,0.02,NA
264,19,count-odds,ifs,FALSE,20,elitize_generation_data,263,5,0.02,NA
265,19,count-odds,ifs,FALSE,20,elitize_generation_data,264,5,0.015,NA
266,19,count-odds,ifs,FALSE,20,elitize_generation_data,265,4,0.014,NA
267,19,count-odds,ifs,FALSE,20,elitize_generation_data,266,5,0.019,NA
268,19,count-odds,ifs,FALSE,20,elitize_generation_data,267,5,0.019,NA
269,19,count-odds,ifs,FALSE,20,elitize_generation_data,268,6,0.014,NA
270,19,count-odds,ifs,FALSE,20,elitize_generation_data,269,4,0.017,NA
271,19,count-odds,ifs,FALSE,20,elitize_generation_data,270,5,0.017,NA
272,19,count-odds,ifs,FALSE,20,elitize_generation_data,271,4,0.018,NA
273,19,count-odds,ifs,FALSE,20,elitize_generation_data,272,6,0.013,NA
274,19,count-odds,ifs,FALSE,20,elitize_generation_data,273,7,0.016,NA
275,19,count-odds,ifs,FALSE,20,elitize_generation_data,274,7,0.014,NA
276,19,count-odds,ifs,FALSE,20,elitize_generation_data,275,8,0.014,NA
277,19,count-odds,ifs,FALSE,20,elitize_generation_data,276,6,0.015,NA
278,19,count-odds,ifs,FALSE,20,elitize_generation_data,277,6,0.017,NA
279,19,count-odds,ifs,FALSE,20,elitize_generation_data,278,4,0.022,NA
280,19,count-odds,ifs,FALSE,20,elitize_generation_data,279,4,0.019,NA
281,19,count-odds,ifs,FALSE,20,elitize_generation_data,280,5,0.017,NA
282,19,count-odds,ifs,FALSE,20,elitize_generation_data,281,4,0.018,NA
283,19,count-odds,ifs,FALSE,20,elitize_generation_data,282,6,0.014,NA
284,19,count-odds,ifs,FALSE,20,elitize_generation_data,283,4,0.013,NA
285,19,count-odds,ifs,FALSE,20,elitize_generation_data,284,5,0.017,NA
286,19,count-odds,ifs,FALSE,20,elitize_generation_data,285,7,0.014,NA
287,19,count-odds,ifs,FALSE,20,elitize_generation_data,286,4,0.019,NA
288,19,count-odds,ifs,FALSE,20,elitize_generation_data,287,4,0.018,NA
289,19,count-odds,ifs,FALSE,20,elitize_generation_data,288,4,0.013,NA
290,19,count-odds,ifs,FALSE,20,elitize_generation_data,289,5,0.016,NA
291,19,count-odds,ifs,FALSE,20,elitize_generation_data,290,5,0.015,NA
292,19,count-odds,ifs,FALSE,20,elitize_generation_data,291,7,0.014,NA
293,19,count-odds,ifs,FALSE,20,elitize_generation_data,292,5,0.015,NA
294,19,count-odds,ifs,FALSE,20,elitize_generation_data,293,4,0.018,NA
295,19,count-odds,ifs,FALSE,20,elitize_generation_data,294,6,0.015,NA
296,19,count-odds,ifs,FALSE,20,elitize_generation_data,295,6,0.016,NA
297,19,count-odds,ifs,FALSE,20,elitize_generation_data,296,4,0.018,NA
298,19,count-odds,ifs,FALSE,20,elitize_generation_data,297,5,0.013,NA
299,19,count-odds,ifs,FALSE,20,elitize_generation_data,298,5,0.019,NA
300,19,count-odds,ifs,FALSE,20,elitize_generation_data,299,5,0.019,NA
301,19,count-odds,ifs,FALSE,20,elitize_generation_data,300,4,0.017,NA
