,run.num,problem,treatment,succeeded,height,normalization.function,generation,cluster.count,error.diversity,success.generation
1,13,count-odds,ifs,FALSE,20,elitize_generation_data,0,5,0.183,NA
2,13,count-odds,ifs,FALSE,20,elitize_generation_data,1,5,0.076,NA
3,13,count-odds,ifs,FALSE,20,elitize_generation_data,2,5,0.05,NA
4,13,count-odds,ifs,FALSE,20,elitize_generation_data,3,5,0.043,NA
5,13,count-odds,ifs,FALSE,20,elitize_generation_data,4,3,0.035,NA
6,13,count-odds,ifs,FALSE,20,elitize_generation_data,5,3,0.032,NA
7,13,count-odds,ifs,FALSE,20,elitize_generation_data,6,3,0.028,NA
8,13,count-odds,ifs,FALSE,20,elitize_generation_data,7,4,0.032,NA
9,13,count-odds,ifs,FALSE,20,elitize_generation_data,8,4,0.032,NA
10,13,count-odds,ifs,FALSE,20,elitize_generation_data,9,3,0.031,NA
11,13,count-odds,ifs,FALSE,20,elitize_generation_data,10,4,0.028,NA
12,13,count-odds,ifs,FALSE,20,elitize_generation_data,11,4,0.028,NA
13,13,count-odds,ifs,FALSE,20,elitize_generation_data,12,4,0.027,NA
14,13,count-odds,ifs,FALSE,20,elitize_generation_data,13,3,0.03,NA
15,13,count-odds,ifs,FALSE,20,elitize_generation_data,14,5,0.029,NA
16,13,count-odds,ifs,FALSE,20,elitize_generation_data,15,4,0.026,NA
17,13,count-odds,ifs,FALSE,20,elitize_generation_data,16,5,0.024,NA
18,13,count-odds,ifs,FALSE,20,elitize_generation_data,17,4,0.03,NA
19,13,count-odds,ifs,FALSE,20,elitize_generation_data,18,4,0.027,NA
20,13,count-odds,ifs,FALSE,20,elitize_generation_data,19,4,0.028,NA
21,13,count-odds,ifs,FALSE,20,elitize_generation_data,20,5,0.028,NA
22,13,count-odds,ifs,FALSE,20,elitize_generation_data,21,4,0.026,NA
23,13,count-odds,ifs,FALSE,20,elitize_generation_data,22,4,0.028,NA
24,13,count-odds,ifs,FALSE,20,elitize_generation_data,23,4,0.029,NA
25,13,count-odds,ifs,FALSE,20,elitize_generation_data,24,4,0.032,NA
26,13,count-odds,ifs,FALSE,20,elitize_generation_data,25,4,0.031,NA
27,13,count-odds,ifs,FALSE,20,elitize_generation_data,26,4,0.03,NA
28,13,count-odds,ifs,FALSE,20,elitize_generation_data,27,5,0.031,NA
29,13,count-odds,ifs,FALSE,20,elitize_generation_data,28,3,0.026,NA
30,13,count-odds,ifs,FALSE,20,elitize_generation_data,29,6,0.023,NA
31,13,count-odds,ifs,FALSE,20,elitize_generation_data,30,3,0.033,NA
32,13,count-odds,ifs,FALSE,20,elitize_generation_data,31,4,0.025,NA
33,13,count-odds,ifs,FALSE,20,elitize_generation_data,32,4,0.031,NA
34,13,count-odds,ifs,FALSE,20,elitize_generation_data,33,4,0.027,NA
35,13,count-odds,ifs,FALSE,20,elitize_generation_data,34,3,0.032,NA
36,13,count-odds,ifs,FALSE,20,elitize_generation_data,35,4,0.029,NA
37,13,count-odds,ifs,FALSE,20,elitize_generation_data,36,4,0.04,NA
38,13,count-odds,ifs,FALSE,20,elitize_generation_data,37,3,0.049,NA
39,13,count-odds,ifs,FALSE,20,elitize_generation_data,38,4,0.053,NA
40,13,count-odds,ifs,FALSE,20,elitize_generation_data,39,5,0.056,NA
41,13,count-odds,ifs,FALSE,20,elitize_generation_data,40,5,0.058,NA
42,13,count-odds,ifs,FALSE,20,elitize_generation_data,41,8,0.055,NA
43,13,count-odds,ifs,FALSE,20,elitize_generation_data,42,6,0.063,NA
44,13,count-odds,ifs,FALSE,20,elitize_generation_data,43,7,0.072,NA
45,13,count-odds,ifs,FALSE,20,elitize_generation_data,44,4,0.097,NA
46,13,count-odds,ifs,FALSE,20,elitize_generation_data,45,4,0.115,NA
47,13,count-odds,ifs,FALSE,20,elitize_generation_data,46,7,0.1,NA
48,13,count-odds,ifs,FALSE,20,elitize_generation_data,47,3,0.088,NA
49,13,count-odds,ifs,FALSE,20,elitize_generation_data,48,5,0.083,NA
50,13,count-odds,ifs,FALSE,20,elitize_generation_data,49,4,0.096,NA
51,13,count-odds,ifs,FALSE,20,elitize_generation_data,50,4,0.102,NA
52,13,count-odds,ifs,FALSE,20,elitize_generation_data,51,4,0.122,NA
53,13,count-odds,ifs,FALSE,20,elitize_generation_data,52,7,0.158,NA
54,13,count-odds,ifs,FALSE,20,elitize_generation_data,53,6,0.175,NA
55,13,count-odds,ifs,FALSE,20,elitize_generation_data,54,5,0.172,NA
56,13,count-odds,ifs,FALSE,20,elitize_generation_data,55,4,0.179,NA
57,13,count-odds,ifs,FALSE,20,elitize_generation_data,56,6,0.213,NA
58,13,count-odds,ifs,FALSE,20,elitize_generation_data,57,4,0.22,NA
59,13,count-odds,ifs,FALSE,20,elitize_generation_data,58,4,0.256,NA
60,13,count-odds,ifs,FALSE,20,elitize_generation_data,59,5,0.25,NA
61,13,count-odds,ifs,FALSE,20,elitize_generation_data,60,5,0.26,NA
62,13,count-odds,ifs,FALSE,20,elitize_generation_data,61,5,0.261,NA
63,13,count-odds,ifs,FALSE,20,elitize_generation_data,62,6,0.273,NA
64,13,count-odds,ifs,FALSE,20,elitize_generation_data,63,7,0.336,NA
65,13,count-odds,ifs,FALSE,20,elitize_generation_data,64,5,0.455,NA
66,13,count-odds,ifs,FALSE,20,elitize_generation_data,65,8,0.496,NA
67,13,count-odds,ifs,FALSE,20,elitize_generation_data,66,6,0.492,NA
68,13,count-odds,ifs,FALSE,20,elitize_generation_data,67,8,0.438,NA
69,13,count-odds,ifs,FALSE,20,elitize_generation_data,68,7,0.398,NA
70,13,count-odds,ifs,FALSE,20,elitize_generation_data,69,7,0.419,NA
71,13,count-odds,ifs,FALSE,20,elitize_generation_data,70,10,0.464,NA
72,13,count-odds,ifs,FALSE,20,elitize_generation_data,71,7,0.455,NA
73,13,count-odds,ifs,FALSE,20,elitize_generation_data,72,3,0.397,NA
74,13,count-odds,ifs,FALSE,20,elitize_generation_data,73,7,0.368,NA
75,13,count-odds,ifs,FALSE,20,elitize_generation_data,74,5,0.394,NA
76,13,count-odds,ifs,FALSE,20,elitize_generation_data,75,6,0.414,NA
77,13,count-odds,ifs,FALSE,20,elitize_generation_data,76,7,0.443,NA
78,13,count-odds,ifs,FALSE,20,elitize_generation_data,77,11,0.41,NA
79,13,count-odds,ifs,FALSE,20,elitize_generation_data,78,4,0.404,NA
80,13,count-odds,ifs,FALSE,20,elitize_generation_data,79,5,0.346,NA
81,13,count-odds,ifs,FALSE,20,elitize_generation_data,80,5,0.424,NA
82,13,count-odds,ifs,FALSE,20,elitize_generation_data,81,7,0.393,NA
83,13,count-odds,ifs,FALSE,20,elitize_generation_data,82,5,0.438,NA
84,13,count-odds,ifs,FALSE,20,elitize_generation_data,83,9,0.439,NA
85,13,count-odds,ifs,FALSE,20,elitize_generation_data,84,8,0.453,NA
86,13,count-odds,ifs,FALSE,20,elitize_generation_data,85,7,0.445,NA
87,13,count-odds,ifs,FALSE,20,elitize_generation_data,86,5,0.457,NA
88,13,count-odds,ifs,FALSE,20,elitize_generation_data,87,8,0.452,NA
89,13,count-odds,ifs,FALSE,20,elitize_generation_data,88,10,0.455,NA
90,13,count-odds,ifs,FALSE,20,elitize_generation_data,89,10,0.416,NA
91,13,count-odds,ifs,FALSE,20,elitize_generation_data,90,12,0.459,NA
92,13,count-odds,ifs,FALSE,20,elitize_generation_data,91,7,0.467,NA
93,13,count-odds,ifs,FALSE,20,elitize_generation_data,92,11,0.483,NA
94,13,count-odds,ifs,FALSE,20,elitize_generation_data,93,9,0.515,NA
95,13,count-odds,ifs,FALSE,20,elitize_generation_data,94,8,0.474,NA
96,13,count-odds,ifs,FALSE,20,elitize_generation_data,95,7,0.472,NA
97,13,count-odds,ifs,FALSE,20,elitize_generation_data,96,8,0.528,NA
98,13,count-odds,ifs,FALSE,20,elitize_generation_data,97,8,0.547,NA
99,13,count-odds,ifs,FALSE,20,elitize_generation_data,98,9,0.519,NA
100,13,count-odds,ifs,FALSE,20,elitize_generation_data,99,10,0.505,NA
101,13,count-odds,ifs,FALSE,20,elitize_generation_data,100,8,0.534,NA
102,13,count-odds,ifs,FALSE,20,elitize_generation_data,101,7,0.525,NA
103,13,count-odds,ifs,FALSE,20,elitize_generation_data,102,8,0.551,NA
104,13,count-odds,ifs,FALSE,20,elitize_generation_data,103,12,0.555,NA
105,13,count-odds,ifs,FALSE,20,elitize_generation_data,104,6,0.562,NA
106,13,count-odds,ifs,FALSE,20,elitize_generation_data,105,7,0.641,NA
107,13,count-odds,ifs,FALSE,20,elitize_generation_data,106,10,0.672,NA
108,13,count-odds,ifs,FALSE,20,elitize_generation_data,107,7,0.69,NA
109,13,count-odds,ifs,FALSE,20,elitize_generation_data,108,10,0.724,NA
110,13,count-odds,ifs,FALSE,20,elitize_generation_data,109,7,0.716,NA
111,13,count-odds,ifs,FALSE,20,elitize_generation_data,110,8,0.682,NA
112,13,count-odds,ifs,FALSE,20,elitize_generation_data,111,9,0.666,NA
113,13,count-odds,ifs,FALSE,20,elitize_generation_data,112,9,0.675,NA
114,13,count-odds,ifs,FALSE,20,elitize_generation_data,113,7,0.697,NA
115,13,count-odds,ifs,FALSE,20,elitize_generation_data,114,8,0.695,NA
116,13,count-odds,ifs,FALSE,20,elitize_generation_data,115,5,0.702,NA
117,13,count-odds,ifs,FALSE,20,elitize_generation_data,116,8,0.699,NA
118,13,count-odds,ifs,FALSE,20,elitize_generation_data,117,10,0.719,NA
119,13,count-odds,ifs,FALSE,20,elitize_generation_data,118,8,0.666,NA
120,13,count-odds,ifs,FALSE,20,elitize_generation_data,119,8,0.694,NA
121,13,count-odds,ifs,FALSE,20,elitize_generation_data,120,9,0.677,NA
122,13,count-odds,ifs,FALSE,20,elitize_generation_data,121,7,0.665,NA
123,13,count-odds,ifs,FALSE,20,elitize_generation_data,122,8,0.641,NA
124,13,count-odds,ifs,FALSE,20,elitize_generation_data,123,9,0.625,NA
125,13,count-odds,ifs,FALSE,20,elitize_generation_data,124,8,0.588,NA
126,13,count-odds,ifs,FALSE,20,elitize_generation_data,125,7,0.611,NA
127,13,count-odds,ifs,FALSE,20,elitize_generation_data,126,8,0.606,NA
128,13,count-odds,ifs,FALSE,20,elitize_generation_data,127,9,0.6,NA
129,13,count-odds,ifs,FALSE,20,elitize_generation_data,128,6,0.584,NA
130,13,count-odds,ifs,FALSE,20,elitize_generation_data,129,8,0.578,NA
131,13,count-odds,ifs,FALSE,20,elitize_generation_data,130,7,0.581,NA
132,13,count-odds,ifs,FALSE,20,elitize_generation_data,131,8,0.582,NA
133,13,count-odds,ifs,FALSE,20,elitize_generation_data,132,8,0.591,NA
134,13,count-odds,ifs,FALSE,20,elitize_generation_data,133,9,0.631,NA
135,13,count-odds,ifs,FALSE,20,elitize_generation_data,134,7,0.602,NA
136,13,count-odds,ifs,FALSE,20,elitize_generation_data,135,8,0.623,NA
137,13,count-odds,ifs,FALSE,20,elitize_generation_data,136,6,0.627,NA
138,13,count-odds,ifs,FALSE,20,elitize_generation_data,137,8,0.641,NA
139,13,count-odds,ifs,FALSE,20,elitize_generation_data,138,4,0.641,NA
140,13,count-odds,ifs,FALSE,20,elitize_generation_data,139,11,0.661,NA
141,13,count-odds,ifs,FALSE,20,elitize_generation_data,140,11,0.671,NA
142,13,count-odds,ifs,FALSE,20,elitize_generation_data,141,9,0.684,NA
143,13,count-odds,ifs,FALSE,20,elitize_generation_data,142,9,0.672,NA
144,13,count-odds,ifs,FALSE,20,elitize_generation_data,143,11,0.69,NA
145,13,count-odds,ifs,FALSE,20,elitize_generation_data,144,8,0.677,NA
146,13,count-odds,ifs,FALSE,20,elitize_generation_data,145,5,0.704,NA
147,13,count-odds,ifs,FALSE,20,elitize_generation_data,146,5,0.695,NA
148,13,count-odds,ifs,FALSE,20,elitize_generation_data,147,9,0.663,NA
149,13,count-odds,ifs,FALSE,20,elitize_generation_data,148,8,0.669,NA
150,13,count-odds,ifs,FALSE,20,elitize_generation_data,149,7,0.679,NA
151,13,count-odds,ifs,FALSE,20,elitize_generation_data,150,10,0.683,NA
152,13,count-odds,ifs,FALSE,20,elitize_generation_data,151,5,0.657,NA
153,13,count-odds,ifs,FALSE,20,elitize_generation_data,152,6,0.664,NA
154,13,count-odds,ifs,FALSE,20,elitize_generation_data,153,10,0.691,NA
155,13,count-odds,ifs,FALSE,20,elitize_generation_data,154,5,0.686,NA
156,13,count-odds,ifs,FALSE,20,elitize_generation_data,155,9,0.695,NA
157,13,count-odds,ifs,FALSE,20,elitize_generation_data,156,10,0.665,NA
158,13,count-odds,ifs,FALSE,20,elitize_generation_data,157,6,0.682,NA
159,13,count-odds,ifs,FALSE,20,elitize_generation_data,158,6,0.693,NA
160,13,count-odds,ifs,FALSE,20,elitize_generation_data,159,7,0.7,NA
161,13,count-odds,ifs,FALSE,20,elitize_generation_data,160,8,0.663,NA
162,13,count-odds,ifs,FALSE,20,elitize_generation_data,161,8,0.677,NA
163,13,count-odds,ifs,FALSE,20,elitize_generation_data,162,7,0.67,NA
164,13,count-odds,ifs,FALSE,20,elitize_generation_data,163,5,0.665,NA
165,13,count-odds,ifs,FALSE,20,elitize_generation_data,164,3,0.664,NA
166,13,count-odds,ifs,FALSE,20,elitize_generation_data,165,5,0.654,NA
167,13,count-odds,ifs,FALSE,20,elitize_generation_data,166,5,0.66,NA
168,13,count-odds,ifs,FALSE,20,elitize_generation_data,167,4,0.66,NA
169,13,count-odds,ifs,FALSE,20,elitize_generation_data,168,7,0.686,NA
170,13,count-odds,ifs,FALSE,20,elitize_generation_data,169,5,0.679,NA
171,13,count-odds,ifs,FALSE,20,elitize_generation_data,170,6,0.689,NA
172,13,count-odds,ifs,FALSE,20,elitize_generation_data,171,8,0.717,NA
173,13,count-odds,ifs,FALSE,20,elitize_generation_data,172,7,0.722,NA
174,13,count-odds,ifs,FALSE,20,elitize_generation_data,173,8,0.715,NA
175,13,count-odds,ifs,FALSE,20,elitize_generation_data,174,6,0.749,NA
176,13,count-odds,ifs,FALSE,20,elitize_generation_data,175,8,0.791,NA
177,13,count-odds,ifs,FALSE,20,elitize_generation_data,176,8,0.744,NA
178,13,count-odds,ifs,FALSE,20,elitize_generation_data,177,6,0.734,NA
179,13,count-odds,ifs,FALSE,20,elitize_generation_data,178,7,0.732,NA
180,13,count-odds,ifs,FALSE,20,elitize_generation_data,179,9,0.702,NA
181,13,count-odds,ifs,FALSE,20,elitize_generation_data,180,9,0.735,NA
182,13,count-odds,ifs,FALSE,20,elitize_generation_data,181,7,0.704,NA
183,13,count-odds,ifs,FALSE,20,elitize_generation_data,182,8,0.707,NA
184,13,count-odds,ifs,FALSE,20,elitize_generation_data,183,7,0.675,NA
185,13,count-odds,ifs,FALSE,20,elitize_generation_data,184,5,0.682,NA
186,13,count-odds,ifs,FALSE,20,elitize_generation_data,185,7,0.689,NA
187,13,count-odds,ifs,FALSE,20,elitize_generation_data,186,6,0.669,NA
188,13,count-odds,ifs,FALSE,20,elitize_generation_data,187,4,0.704,NA
189,13,count-odds,ifs,FALSE,20,elitize_generation_data,188,7,0.696,NA
190,13,count-odds,ifs,FALSE,20,elitize_generation_data,189,6,0.684,NA
191,13,count-odds,ifs,FALSE,20,elitize_generation_data,190,6,0.69,NA
192,13,count-odds,ifs,FALSE,20,elitize_generation_data,191,7,0.715,NA
193,13,count-odds,ifs,FALSE,20,elitize_generation_data,192,6,0.694,NA
194,13,count-odds,ifs,FALSE,20,elitize_generation_data,193,8,0.727,NA
195,13,count-odds,ifs,FALSE,20,elitize_generation_data,194,6,0.698,NA
196,13,count-odds,ifs,FALSE,20,elitize_generation_data,195,9,0.713,NA
197,13,count-odds,ifs,FALSE,20,elitize_generation_data,196,10,0.731,NA
198,13,count-odds,ifs,FALSE,20,elitize_generation_data,197,8,0.71,NA
199,13,count-odds,ifs,FALSE,20,elitize_generation_data,198,7,0.695,NA
200,13,count-odds,ifs,FALSE,20,elitize_generation_data,199,7,0.671,NA
201,13,count-odds,ifs,FALSE,20,elitize_generation_data,200,5,0.658,NA
202,13,count-odds,ifs,FALSE,20,elitize_generation_data,201,7,0.662,NA
203,13,count-odds,ifs,FALSE,20,elitize_generation_data,202,8,0.646,NA
204,13,count-odds,ifs,FALSE,20,elitize_generation_data,203,9,0.633,NA
205,13,count-odds,ifs,FALSE,20,elitize_generation_data,204,10,0.661,NA
206,13,count-odds,ifs,FALSE,20,elitize_generation_data,205,7,0.703,NA
207,13,count-odds,ifs,FALSE,20,elitize_generation_data,206,6,0.668,NA
208,13,count-odds,ifs,FALSE,20,elitize_generation_data,207,6,0.65,NA
209,13,count-odds,ifs,FALSE,20,elitize_generation_data,208,6,0.665,NA
210,13,count-odds,ifs,FALSE,20,elitize_generation_data,209,7,0.674,NA
211,13,count-odds,ifs,FALSE,20,elitize_generation_data,210,7,0.656,NA
212,13,count-odds,ifs,FALSE,20,elitize_generation_data,211,6,0.643,NA
213,13,count-odds,ifs,FALSE,20,elitize_generation_data,212,11,0.628,NA
214,13,count-odds,ifs,FALSE,20,elitize_generation_data,213,9,0.62,NA
215,13,count-odds,ifs,FALSE,20,elitize_generation_data,214,7,0.621,NA
216,13,count-odds,ifs,FALSE,20,elitize_generation_data,215,7,0.609,NA
217,13,count-odds,ifs,FALSE,20,elitize_generation_data,216,8,0.599,NA
218,13,count-odds,ifs,FALSE,20,elitize_generation_data,217,7,0.618,NA
219,13,count-odds,ifs,FALSE,20,elitize_generation_data,218,6,0.606,NA
220,13,count-odds,ifs,FALSE,20,elitize_generation_data,219,5,0.592,NA
221,13,count-odds,ifs,FALSE,20,elitize_generation_data,220,5,0.631,NA
222,13,count-odds,ifs,FALSE,20,elitize_generation_data,221,5,0.651,NA
223,13,count-odds,ifs,FALSE,20,elitize_generation_data,222,4,0.634,NA
224,13,count-odds,ifs,FALSE,20,elitize_generation_data,223,6,0.63,NA
225,13,count-odds,ifs,FALSE,20,elitize_generation_data,224,6,0.626,NA
226,13,count-odds,ifs,FALSE,20,elitize_generation_data,225,5,0.579,NA
227,13,count-odds,ifs,FALSE,20,elitize_generation_data,226,6,0.622,NA
228,13,count-odds,ifs,FALSE,20,elitize_generation_data,227,8,0.617,NA
229,13,count-odds,ifs,FALSE,20,elitize_generation_data,228,5,0.619,NA
230,13,count-odds,ifs,FALSE,20,elitize_generation_data,229,5,0.614,NA
231,13,count-odds,ifs,FALSE,20,elitize_generation_data,230,10,0.647,NA
232,13,count-odds,ifs,FALSE,20,elitize_generation_data,231,6,0.634,NA
233,13,count-odds,ifs,FALSE,20,elitize_generation_data,232,7,0.616,NA
234,13,count-odds,ifs,FALSE,20,elitize_generation_data,233,6,0.637,NA
235,13,count-odds,ifs,FALSE,20,elitize_generation_data,234,9,0.621,NA
236,13,count-odds,ifs,FALSE,20,elitize_generation_data,235,8,0.616,NA
237,13,count-odds,ifs,FALSE,20,elitize_generation_data,236,7,0.629,NA
238,13,count-odds,ifs,FALSE,20,elitize_generation_data,237,9,0.611,NA
239,13,count-odds,ifs,FALSE,20,elitize_generation_data,238,8,0.611,NA
240,13,count-odds,ifs,FALSE,20,elitize_generation_data,239,7,0.601,NA
241,13,count-odds,ifs,FALSE,20,elitize_generation_data,240,8,0.601,NA
242,13,count-odds,ifs,FALSE,20,elitize_generation_data,241,4,0.608,NA
243,13,count-odds,ifs,FALSE,20,elitize_generation_data,242,6,0.628,NA
244,13,count-odds,ifs,FALSE,20,elitize_generation_data,243,7,0.619,NA
245,13,count-odds,ifs,FALSE,20,elitize_generation_data,244,5,0.632,NA
246,13,count-odds,ifs,FALSE,20,elitize_generation_data,245,8,0.637,NA
247,13,count-odds,ifs,FALSE,20,elitize_generation_data,246,6,0.629,NA
248,13,count-odds,ifs,FALSE,20,elitize_generation_data,247,6,0.604,NA
249,13,count-odds,ifs,FALSE,20,elitize_generation_data,248,8,0.619,NA
250,13,count-odds,ifs,FALSE,20,elitize_generation_data,249,6,0.626,NA
251,13,count-odds,ifs,FALSE,20,elitize_generation_data,250,8,0.622,NA
252,13,count-odds,ifs,FALSE,20,elitize_generation_data,251,4,0.618,NA
253,13,count-odds,ifs,FALSE,20,elitize_generation_data,252,5,0.616,NA
254,13,count-odds,ifs,FALSE,20,elitize_generation_data,253,8,0.62,NA
255,13,count-odds,ifs,FALSE,20,elitize_generation_data,254,5,0.619,NA
256,13,count-odds,ifs,FALSE,20,elitize_generation_data,255,9,0.63,NA
257,13,count-odds,ifs,FALSE,20,elitize_generation_data,256,6,0.618,NA
258,13,count-odds,ifs,FALSE,20,elitize_generation_data,257,6,0.646,NA
259,13,count-odds,ifs,FALSE,20,elitize_generation_data,258,8,0.625,NA
260,13,count-odds,ifs,FALSE,20,elitize_generation_data,259,8,0.625,NA
261,13,count-odds,ifs,FALSE,20,elitize_generation_data,260,4,0.621,NA
262,13,count-odds,ifs,FALSE,20,elitize_generation_data,261,6,0.64,NA
263,13,count-odds,ifs,FALSE,20,elitize_generation_data,262,8,0.639,NA
264,13,count-odds,ifs,FALSE,20,elitize_generation_data,263,5,0.64,NA
265,13,count-odds,ifs,FALSE,20,elitize_generation_data,264,6,0.658,NA
266,13,count-odds,ifs,FALSE,20,elitize_generation_data,265,9,0.637,NA
267,13,count-odds,ifs,FALSE,20,elitize_generation_data,266,7,0.653,NA
268,13,count-odds,ifs,FALSE,20,elitize_generation_data,267,8,0.666,NA
269,13,count-odds,ifs,FALSE,20,elitize_generation_data,268,6,0.693,NA
270,13,count-odds,ifs,FALSE,20,elitize_generation_data,269,7,0.646,NA
271,13,count-odds,ifs,FALSE,20,elitize_generation_data,270,6,0.663,NA
272,13,count-odds,ifs,FALSE,20,elitize_generation_data,271,4,0.633,NA
273,13,count-odds,ifs,FALSE,20,elitize_generation_data,272,8,0.647,NA
274,13,count-odds,ifs,FALSE,20,elitize_generation_data,273,6,0.668,NA
275,13,count-odds,ifs,FALSE,20,elitize_generation_data,274,8,0.69,NA
276,13,count-odds,ifs,FALSE,20,elitize_generation_data,275,7,0.654,NA
277,13,count-odds,ifs,FALSE,20,elitize_generation_data,276,8,0.634,NA
278,13,count-odds,ifs,FALSE,20,elitize_generation_data,277,8,0.648,NA
279,13,count-odds,ifs,FALSE,20,elitize_generation_data,278,7,0.637,NA
280,13,count-odds,ifs,FALSE,20,elitize_generation_data,279,8,0.635,NA
281,13,count-odds,ifs,FALSE,20,elitize_generation_data,280,7,0.669,NA
282,13,count-odds,ifs,FALSE,20,elitize_generation_data,281,7,0.683,NA
283,13,count-odds,ifs,FALSE,20,elitize_generation_data,282,6,0.683,NA
284,13,count-odds,ifs,FALSE,20,elitize_generation_data,283,9,0.668,NA
285,13,count-odds,ifs,FALSE,20,elitize_generation_data,284,8,0.664,NA
286,13,count-odds,ifs,FALSE,20,elitize_generation_data,285,9,0.667,NA
287,13,count-odds,ifs,FALSE,20,elitize_generation_data,286,6,0.672,NA
288,13,count-odds,ifs,FALSE,20,elitize_generation_data,287,11,0.625,NA
289,13,count-odds,ifs,FALSE,20,elitize_generation_data,288,9,0.633,NA
290,13,count-odds,ifs,FALSE,20,elitize_generation_data,289,8,0.652,NA
291,13,count-odds,ifs,FALSE,20,elitize_generation_data,290,7,0.64,NA
292,13,count-odds,ifs,FALSE,20,elitize_generation_data,291,8,0.628,NA
293,13,count-odds,ifs,FALSE,20,elitize_generation_data,292,7,0.652,NA
294,13,count-odds,ifs,FALSE,20,elitize_generation_data,293,6,0.639,NA
295,13,count-odds,ifs,FALSE,20,elitize_generation_data,294,10,0.656,NA
296,13,count-odds,ifs,FALSE,20,elitize_generation_data,295,9,0.666,NA
297,13,count-odds,ifs,FALSE,20,elitize_generation_data,296,7,0.662,NA
298,13,count-odds,ifs,FALSE,20,elitize_generation_data,297,9,0.649,NA
299,13,count-odds,ifs,FALSE,20,elitize_generation_data,298,9,0.68,NA
300,13,count-odds,ifs,FALSE,20,elitize_generation_data,299,9,0.683,NA
301,13,count-odds,ifs,FALSE,20,elitize_generation_data,300,8,0.689,NA
