,run.num,problem,treatment,succeeded,height,normalization.function,generation,cluster.count,error.diversity,success.generation
1,93,count-odds,ifs,FALSE,20,elitize_generation_data,0,6,0.183,NA
2,93,count-odds,ifs,FALSE,20,elitize_generation_data,1,7,0.085,NA
3,93,count-odds,ifs,FALSE,20,elitize_generation_data,2,8,0.058,NA
4,93,count-odds,ifs,FALSE,20,elitize_generation_data,3,8,0.085,NA
5,93,count-odds,ifs,FALSE,20,elitize_generation_data,4,10,0.122,NA
6,93,count-odds,ifs,FALSE,20,elitize_generation_data,5,10,0.152,NA
7,93,count-odds,ifs,FALSE,20,elitize_generation_data,6,10,0.214,NA
8,93,count-odds,ifs,FALSE,20,elitize_generation_data,7,10,0.333,NA
9,93,count-odds,ifs,FALSE,20,elitize_generation_data,8,10,0.433,NA
10,93,count-odds,ifs,FALSE,20,elitize_generation_data,9,15,0.516,NA
11,93,count-odds,ifs,FALSE,20,elitize_generation_data,10,15,0.504,NA
12,93,count-odds,ifs,FALSE,20,elitize_generation_data,11,16,0.519,NA
13,93,count-odds,ifs,FALSE,20,elitize_generation_data,12,9,0.552,NA
14,93,count-odds,ifs,FALSE,20,elitize_generation_data,13,15,0.555,NA
15,93,count-odds,ifs,FALSE,20,elitize_generation_data,14,16,0.565,NA
16,93,count-odds,ifs,FALSE,20,elitize_generation_data,15,18,0.546,NA
17,93,count-odds,ifs,FALSE,20,elitize_generation_data,16,14,0.528,NA
18,93,count-odds,ifs,FALSE,20,elitize_generation_data,17,15,0.61,NA
19,93,count-odds,ifs,FALSE,20,elitize_generation_data,18,13,0.615,NA
20,93,count-odds,ifs,FALSE,20,elitize_generation_data,19,13,0.583,NA
21,93,count-odds,ifs,FALSE,20,elitize_generation_data,20,12,0.578,NA
22,93,count-odds,ifs,FALSE,20,elitize_generation_data,21,14,0.558,NA
23,93,count-odds,ifs,FALSE,20,elitize_generation_data,22,14,0.563,NA
24,93,count-odds,ifs,FALSE,20,elitize_generation_data,23,11,0.534,NA
25,93,count-odds,ifs,FALSE,20,elitize_generation_data,24,13,0.548,NA
26,93,count-odds,ifs,FALSE,20,elitize_generation_data,25,11,0.575,NA
27,93,count-odds,ifs,FALSE,20,elitize_generation_data,26,13,0.585,NA
28,93,count-odds,ifs,FALSE,20,elitize_generation_data,27,12,0.587,NA
29,93,count-odds,ifs,FALSE,20,elitize_generation_data,28,15,0.601,NA
30,93,count-odds,ifs,FALSE,20,elitize_generation_data,29,16,0.6,NA
31,93,count-odds,ifs,FALSE,20,elitize_generation_data,30,11,0.609,NA
32,93,count-odds,ifs,FALSE,20,elitize_generation_data,31,18,0.596,NA
33,93,count-odds,ifs,FALSE,20,elitize_generation_data,32,19,0.591,NA
34,93,count-odds,ifs,FALSE,20,elitize_generation_data,33,19,0.586,NA
35,93,count-odds,ifs,FALSE,20,elitize_generation_data,34,19,0.62,NA
36,93,count-odds,ifs,FALSE,20,elitize_generation_data,35,18,0.625,NA
37,93,count-odds,ifs,FALSE,20,elitize_generation_data,36,20,0.658,NA
38,93,count-odds,ifs,FALSE,20,elitize_generation_data,37,13,0.655,NA
39,93,count-odds,ifs,FALSE,20,elitize_generation_data,38,17,0.634,NA
40,93,count-odds,ifs,FALSE,20,elitize_generation_data,39,17,0.655,NA
41,93,count-odds,ifs,FALSE,20,elitize_generation_data,40,22,0.667,NA
42,93,count-odds,ifs,FALSE,20,elitize_generation_data,41,20,0.662,NA
43,93,count-odds,ifs,FALSE,20,elitize_generation_data,42,16,0.641,NA
44,93,count-odds,ifs,FALSE,20,elitize_generation_data,43,14,0.667,NA
45,93,count-odds,ifs,FALSE,20,elitize_generation_data,44,16,0.687,NA
46,93,count-odds,ifs,FALSE,20,elitize_generation_data,45,21,0.677,NA
47,93,count-odds,ifs,FALSE,20,elitize_generation_data,46,16,0.705,NA
48,93,count-odds,ifs,FALSE,20,elitize_generation_data,47,10,0.701,NA
49,93,count-odds,ifs,FALSE,20,elitize_generation_data,48,18,0.703,NA
50,93,count-odds,ifs,FALSE,20,elitize_generation_data,49,18,0.671,NA
51,93,count-odds,ifs,FALSE,20,elitize_generation_data,50,14,0.651,NA
52,93,count-odds,ifs,FALSE,20,elitize_generation_data,51,17,0.643,NA
53,93,count-odds,ifs,FALSE,20,elitize_generation_data,52,18,0.63,NA
54,93,count-odds,ifs,FALSE,20,elitize_generation_data,53,17,0.663,NA
55,93,count-odds,ifs,FALSE,20,elitize_generation_data,54,17,0.654,NA
56,93,count-odds,ifs,FALSE,20,elitize_generation_data,55,12,0.635,NA
57,93,count-odds,ifs,FALSE,20,elitize_generation_data,56,16,0.599,NA
58,93,count-odds,ifs,FALSE,20,elitize_generation_data,57,15,0.627,NA
59,93,count-odds,ifs,FALSE,20,elitize_generation_data,58,12,0.612,NA
60,93,count-odds,ifs,FALSE,20,elitize_generation_data,59,16,0.628,NA
61,93,count-odds,ifs,FALSE,20,elitize_generation_data,60,17,0.646,NA
62,93,count-odds,ifs,FALSE,20,elitize_generation_data,61,16,0.637,NA
63,93,count-odds,ifs,FALSE,20,elitize_generation_data,62,14,0.634,NA
64,93,count-odds,ifs,FALSE,20,elitize_generation_data,63,13,0.659,NA
65,93,count-odds,ifs,FALSE,20,elitize_generation_data,64,12,0.628,NA
66,93,count-odds,ifs,FALSE,20,elitize_generation_data,65,12,0.621,NA
67,93,count-odds,ifs,FALSE,20,elitize_generation_data,66,15,0.647,NA
68,93,count-odds,ifs,FALSE,20,elitize_generation_data,67,14,0.652,NA
69,93,count-odds,ifs,FALSE,20,elitize_generation_data,68,21,0.656,NA
70,93,count-odds,ifs,FALSE,20,elitize_generation_data,69,12,0.651,NA
71,93,count-odds,ifs,FALSE,20,elitize_generation_data,70,16,0.611,NA
72,93,count-odds,ifs,FALSE,20,elitize_generation_data,71,14,0.659,NA
73,93,count-odds,ifs,FALSE,20,elitize_generation_data,72,16,0.679,NA
74,93,count-odds,ifs,FALSE,20,elitize_generation_data,73,21,0.662,NA
75,93,count-odds,ifs,FALSE,20,elitize_generation_data,74,15,0.624,NA
76,93,count-odds,ifs,FALSE,20,elitize_generation_data,75,17,0.647,NA
77,93,count-odds,ifs,FALSE,20,elitize_generation_data,76,17,0.671,NA
78,93,count-odds,ifs,FALSE,20,elitize_generation_data,77,17,0.68,NA
79,93,count-odds,ifs,FALSE,20,elitize_generation_data,78,17,0.663,NA
80,93,count-odds,ifs,FALSE,20,elitize_generation_data,79,17,0.675,NA
81,93,count-odds,ifs,FALSE,20,elitize_generation_data,80,20,0.668,NA
82,93,count-odds,ifs,FALSE,20,elitize_generation_data,81,17,0.691,NA
83,93,count-odds,ifs,FALSE,20,elitize_generation_data,82,20,0.66,NA
84,93,count-odds,ifs,FALSE,20,elitize_generation_data,83,18,0.667,NA
85,93,count-odds,ifs,FALSE,20,elitize_generation_data,84,14,0.642,NA
86,93,count-odds,ifs,FALSE,20,elitize_generation_data,85,16,0.683,NA
87,93,count-odds,ifs,FALSE,20,elitize_generation_data,86,21,0.65,NA
88,93,count-odds,ifs,FALSE,20,elitize_generation_data,87,17,0.646,NA
89,93,count-odds,ifs,FALSE,20,elitize_generation_data,88,18,0.64,NA
90,93,count-odds,ifs,FALSE,20,elitize_generation_data,89,17,0.639,NA
91,93,count-odds,ifs,FALSE,20,elitize_generation_data,90,12,0.631,NA
92,93,count-odds,ifs,FALSE,20,elitize_generation_data,91,15,0.655,NA
93,93,count-odds,ifs,FALSE,20,elitize_generation_data,92,16,0.666,NA
94,93,count-odds,ifs,FALSE,20,elitize_generation_data,93,20,0.693,NA
95,93,count-odds,ifs,FALSE,20,elitize_generation_data,94,17,0.661,NA
96,93,count-odds,ifs,FALSE,20,elitize_generation_data,95,13,0.7,NA
97,93,count-odds,ifs,FALSE,20,elitize_generation_data,96,19,0.706,NA
98,93,count-odds,ifs,FALSE,20,elitize_generation_data,97,16,0.651,NA
99,93,count-odds,ifs,FALSE,20,elitize_generation_data,98,13,0.641,NA
100,93,count-odds,ifs,FALSE,20,elitize_generation_data,99,13,0.659,NA
101,93,count-odds,ifs,FALSE,20,elitize_generation_data,100,14,0.662,NA
102,93,count-odds,ifs,FALSE,20,elitize_generation_data,101,11,0.662,NA
103,93,count-odds,ifs,FALSE,20,elitize_generation_data,102,12,0.683,NA
104,93,count-odds,ifs,FALSE,20,elitize_generation_data,103,15,0.674,NA
105,93,count-odds,ifs,FALSE,20,elitize_generation_data,104,15,0.684,NA
106,93,count-odds,ifs,FALSE,20,elitize_generation_data,105,19,0.719,NA
107,93,count-odds,ifs,FALSE,20,elitize_generation_data,106,13,0.696,NA
108,93,count-odds,ifs,FALSE,20,elitize_generation_data,107,14,0.69,NA
109,93,count-odds,ifs,FALSE,20,elitize_generation_data,108,13,0.714,NA
110,93,count-odds,ifs,FALSE,20,elitize_generation_data,109,16,0.716,NA
111,93,count-odds,ifs,FALSE,20,elitize_generation_data,110,12,0.702,NA
112,93,count-odds,ifs,FALSE,20,elitize_generation_data,111,13,0.74,NA
113,93,count-odds,ifs,FALSE,20,elitize_generation_data,112,12,0.743,NA
114,93,count-odds,ifs,FALSE,20,elitize_generation_data,113,15,0.72,NA
115,93,count-odds,ifs,FALSE,20,elitize_generation_data,114,20,0.757,NA
116,93,count-odds,ifs,FALSE,20,elitize_generation_data,115,14,0.738,NA
117,93,count-odds,ifs,FALSE,20,elitize_generation_data,116,15,0.723,NA
118,93,count-odds,ifs,FALSE,20,elitize_generation_data,117,11,0.715,NA
119,93,count-odds,ifs,FALSE,20,elitize_generation_data,118,11,0.711,NA
120,93,count-odds,ifs,FALSE,20,elitize_generation_data,119,10,0.724,NA
121,93,count-odds,ifs,FALSE,20,elitize_generation_data,120,16,0.704,NA
122,93,count-odds,ifs,FALSE,20,elitize_generation_data,121,11,0.7,NA
123,93,count-odds,ifs,FALSE,20,elitize_generation_data,122,9,0.718,NA
124,93,count-odds,ifs,FALSE,20,elitize_generation_data,123,18,0.709,NA
125,93,count-odds,ifs,FALSE,20,elitize_generation_data,124,15,0.706,NA
126,93,count-odds,ifs,FALSE,20,elitize_generation_data,125,14,0.663,NA
127,93,count-odds,ifs,FALSE,20,elitize_generation_data,126,13,0.705,NA
128,93,count-odds,ifs,FALSE,20,elitize_generation_data,127,13,0.678,NA
129,93,count-odds,ifs,FALSE,20,elitize_generation_data,128,11,0.708,NA
130,93,count-odds,ifs,FALSE,20,elitize_generation_data,129,11,0.701,NA
131,93,count-odds,ifs,FALSE,20,elitize_generation_data,130,13,0.724,NA
132,93,count-odds,ifs,FALSE,20,elitize_generation_data,131,14,0.691,NA
133,93,count-odds,ifs,FALSE,20,elitize_generation_data,132,13,0.685,NA
134,93,count-odds,ifs,FALSE,20,elitize_generation_data,133,13,0.716,NA
135,93,count-odds,ifs,FALSE,20,elitize_generation_data,134,12,0.728,NA
136,93,count-odds,ifs,FALSE,20,elitize_generation_data,135,13,0.712,NA
137,93,count-odds,ifs,FALSE,20,elitize_generation_data,136,14,0.707,NA
138,93,count-odds,ifs,FALSE,20,elitize_generation_data,137,14,0.711,NA
139,93,count-odds,ifs,FALSE,20,elitize_generation_data,138,13,0.707,NA
140,93,count-odds,ifs,FALSE,20,elitize_generation_data,139,11,0.697,NA
141,93,count-odds,ifs,FALSE,20,elitize_generation_data,140,13,0.696,NA
142,93,count-odds,ifs,FALSE,20,elitize_generation_data,141,13,0.704,NA
143,93,count-odds,ifs,FALSE,20,elitize_generation_data,142,15,0.721,NA
144,93,count-odds,ifs,FALSE,20,elitize_generation_data,143,17,0.694,NA
145,93,count-odds,ifs,FALSE,20,elitize_generation_data,144,13,0.729,NA
146,93,count-odds,ifs,FALSE,20,elitize_generation_data,145,16,0.729,NA
147,93,count-odds,ifs,FALSE,20,elitize_generation_data,146,18,0.727,NA
148,93,count-odds,ifs,FALSE,20,elitize_generation_data,147,14,0.715,NA
149,93,count-odds,ifs,FALSE,20,elitize_generation_data,148,14,0.721,NA
150,93,count-odds,ifs,FALSE,20,elitize_generation_data,149,13,0.706,NA
151,93,count-odds,ifs,FALSE,20,elitize_generation_data,150,11,0.666,NA
152,93,count-odds,ifs,FALSE,20,elitize_generation_data,151,16,0.654,NA
153,93,count-odds,ifs,FALSE,20,elitize_generation_data,152,13,0.668,NA
154,93,count-odds,ifs,FALSE,20,elitize_generation_data,153,16,0.681,NA
155,93,count-odds,ifs,FALSE,20,elitize_generation_data,154,14,0.681,NA
156,93,count-odds,ifs,FALSE,20,elitize_generation_data,155,16,0.71,NA
157,93,count-odds,ifs,FALSE,20,elitize_generation_data,156,17,0.678,NA
158,93,count-odds,ifs,FALSE,20,elitize_generation_data,157,18,0.702,NA
159,93,count-odds,ifs,FALSE,20,elitize_generation_data,158,12,0.683,NA
160,93,count-odds,ifs,FALSE,20,elitize_generation_data,159,12,0.696,NA
161,93,count-odds,ifs,FALSE,20,elitize_generation_data,160,14,0.719,NA
162,93,count-odds,ifs,FALSE,20,elitize_generation_data,161,11,0.69,NA
163,93,count-odds,ifs,FALSE,20,elitize_generation_data,162,14,0.685,NA
164,93,count-odds,ifs,FALSE,20,elitize_generation_data,163,17,0.668,NA
165,93,count-odds,ifs,FALSE,20,elitize_generation_data,164,9,0.68,NA
166,93,count-odds,ifs,FALSE,20,elitize_generation_data,165,10,0.705,NA
167,93,count-odds,ifs,FALSE,20,elitize_generation_data,166,14,0.685,NA
168,93,count-odds,ifs,FALSE,20,elitize_generation_data,167,13,0.695,NA
169,93,count-odds,ifs,FALSE,20,elitize_generation_data,168,14,0.672,NA
170,93,count-odds,ifs,FALSE,20,elitize_generation_data,169,16,0.692,NA
171,93,count-odds,ifs,FALSE,20,elitize_generation_data,170,14,0.701,NA
172,93,count-odds,ifs,FALSE,20,elitize_generation_data,171,13,0.708,NA
173,93,count-odds,ifs,FALSE,20,elitize_generation_data,172,11,0.714,NA
174,93,count-odds,ifs,FALSE,20,elitize_generation_data,173,13,0.721,NA
175,93,count-odds,ifs,FALSE,20,elitize_generation_data,174,14,0.724,NA
176,93,count-odds,ifs,FALSE,20,elitize_generation_data,175,17,0.728,NA
177,93,count-odds,ifs,FALSE,20,elitize_generation_data,176,16,0.701,NA
178,93,count-odds,ifs,FALSE,20,elitize_generation_data,177,17,0.706,NA
179,93,count-odds,ifs,FALSE,20,elitize_generation_data,178,10,0.731,NA
180,93,count-odds,ifs,FALSE,20,elitize_generation_data,179,16,0.712,NA
181,93,count-odds,ifs,FALSE,20,elitize_generation_data,180,12,0.712,NA
182,93,count-odds,ifs,FALSE,20,elitize_generation_data,181,15,0.711,NA
183,93,count-odds,ifs,FALSE,20,elitize_generation_data,182,16,0.731,NA
184,93,count-odds,ifs,FALSE,20,elitize_generation_data,183,13,0.719,NA
185,93,count-odds,ifs,FALSE,20,elitize_generation_data,184,14,0.751,NA
186,93,count-odds,ifs,FALSE,20,elitize_generation_data,185,11,0.751,NA
187,93,count-odds,ifs,FALSE,20,elitize_generation_data,186,12,0.751,NA
188,93,count-odds,ifs,FALSE,20,elitize_generation_data,187,13,0.729,NA
189,93,count-odds,ifs,FALSE,20,elitize_generation_data,188,12,0.745,NA
190,93,count-odds,ifs,FALSE,20,elitize_generation_data,189,13,0.756,NA
191,93,count-odds,ifs,FALSE,20,elitize_generation_data,190,16,0.741,NA
192,93,count-odds,ifs,FALSE,20,elitize_generation_data,191,16,0.706,NA
193,93,count-odds,ifs,FALSE,20,elitize_generation_data,192,13,0.729,NA
194,93,count-odds,ifs,FALSE,20,elitize_generation_data,193,13,0.697,NA
195,93,count-odds,ifs,FALSE,20,elitize_generation_data,194,11,0.735,NA
196,93,count-odds,ifs,FALSE,20,elitize_generation_data,195,15,0.739,NA
197,93,count-odds,ifs,FALSE,20,elitize_generation_data,196,12,0.737,NA
198,93,count-odds,ifs,FALSE,20,elitize_generation_data,197,14,0.736,NA
199,93,count-odds,ifs,FALSE,20,elitize_generation_data,198,12,0.698,NA
200,93,count-odds,ifs,FALSE,20,elitize_generation_data,199,15,0.699,NA
201,93,count-odds,ifs,FALSE,20,elitize_generation_data,200,10,0.707,NA
202,93,count-odds,ifs,FALSE,20,elitize_generation_data,201,10,0.719,NA
203,93,count-odds,ifs,FALSE,20,elitize_generation_data,202,11,0.711,NA
204,93,count-odds,ifs,FALSE,20,elitize_generation_data,203,17,0.73,NA
205,93,count-odds,ifs,FALSE,20,elitize_generation_data,204,16,0.738,NA
206,93,count-odds,ifs,FALSE,20,elitize_generation_data,205,12,0.741,NA
207,93,count-odds,ifs,FALSE,20,elitize_generation_data,206,13,0.738,NA
208,93,count-odds,ifs,FALSE,20,elitize_generation_data,207,15,0.744,NA
209,93,count-odds,ifs,FALSE,20,elitize_generation_data,208,15,0.703,NA
210,93,count-odds,ifs,FALSE,20,elitize_generation_data,209,13,0.741,NA
211,93,count-odds,ifs,FALSE,20,elitize_generation_data,210,19,0.767,NA
212,93,count-odds,ifs,FALSE,20,elitize_generation_data,211,12,0.748,NA
213,93,count-odds,ifs,FALSE,20,elitize_generation_data,212,10,0.757,NA
214,93,count-odds,ifs,FALSE,20,elitize_generation_data,213,15,0.744,NA
215,93,count-odds,ifs,FALSE,20,elitize_generation_data,214,15,0.699,NA
216,93,count-odds,ifs,FALSE,20,elitize_generation_data,215,9,0.733,NA
217,93,count-odds,ifs,FALSE,20,elitize_generation_data,216,12,0.72,NA
218,93,count-odds,ifs,FALSE,20,elitize_generation_data,217,15,0.713,NA
219,93,count-odds,ifs,FALSE,20,elitize_generation_data,218,12,0.741,NA
220,93,count-odds,ifs,FALSE,20,elitize_generation_data,219,14,0.751,NA
221,93,count-odds,ifs,FALSE,20,elitize_generation_data,220,10,0.74,NA
222,93,count-odds,ifs,FALSE,20,elitize_generation_data,221,18,0.711,NA
223,93,count-odds,ifs,FALSE,20,elitize_generation_data,222,12,0.713,NA
224,93,count-odds,ifs,FALSE,20,elitize_generation_data,223,9,0.721,NA
225,93,count-odds,ifs,FALSE,20,elitize_generation_data,224,13,0.733,NA
226,93,count-odds,ifs,FALSE,20,elitize_generation_data,225,12,0.734,NA
227,93,count-odds,ifs,FALSE,20,elitize_generation_data,226,11,0.751,NA
228,93,count-odds,ifs,FALSE,20,elitize_generation_data,227,10,0.766,NA
229,93,count-odds,ifs,FALSE,20,elitize_generation_data,228,13,0.75,NA
230,93,count-odds,ifs,FALSE,20,elitize_generation_data,229,13,0.76,NA
231,93,count-odds,ifs,FALSE,20,elitize_generation_data,230,12,0.769,NA
232,93,count-odds,ifs,FALSE,20,elitize_generation_data,231,14,0.75,NA
233,93,count-odds,ifs,FALSE,20,elitize_generation_data,232,10,0.741,NA
234,93,count-odds,ifs,FALSE,20,elitize_generation_data,233,13,0.755,NA
235,93,count-odds,ifs,FALSE,20,elitize_generation_data,234,10,0.753,NA
236,93,count-odds,ifs,FALSE,20,elitize_generation_data,235,12,0.732,NA
237,93,count-odds,ifs,FALSE,20,elitize_generation_data,236,11,0.714,NA
238,93,count-odds,ifs,FALSE,20,elitize_generation_data,237,10,0.718,NA
239,93,count-odds,ifs,FALSE,20,elitize_generation_data,238,8,0.72,NA
240,93,count-odds,ifs,FALSE,20,elitize_generation_data,239,11,0.709,NA
241,93,count-odds,ifs,FALSE,20,elitize_generation_data,240,14,0.727,NA
242,93,count-odds,ifs,FALSE,20,elitize_generation_data,241,11,0.727,NA
243,93,count-odds,ifs,FALSE,20,elitize_generation_data,242,15,0.736,NA
244,93,count-odds,ifs,FALSE,20,elitize_generation_data,243,12,0.74,NA
245,93,count-odds,ifs,FALSE,20,elitize_generation_data,244,12,0.72,NA
246,93,count-odds,ifs,FALSE,20,elitize_generation_data,245,12,0.705,NA
247,93,count-odds,ifs,FALSE,20,elitize_generation_data,246,13,0.732,NA
248,93,count-odds,ifs,FALSE,20,elitize_generation_data,247,15,0.718,NA
249,93,count-odds,ifs,FALSE,20,elitize_generation_data,248,14,0.742,NA
250,93,count-odds,ifs,FALSE,20,elitize_generation_data,249,11,0.756,NA
251,93,count-odds,ifs,FALSE,20,elitize_generation_data,250,10,0.741,NA
252,93,count-odds,ifs,FALSE,20,elitize_generation_data,251,11,0.733,NA
253,93,count-odds,ifs,FALSE,20,elitize_generation_data,252,12,0.728,NA
254,93,count-odds,ifs,FALSE,20,elitize_generation_data,253,15,0.748,NA
255,93,count-odds,ifs,FALSE,20,elitize_generation_data,254,14,0.739,NA
256,93,count-odds,ifs,FALSE,20,elitize_generation_data,255,14,0.741,NA
257,93,count-odds,ifs,FALSE,20,elitize_generation_data,256,15,0.738,NA
258,93,count-odds,ifs,FALSE,20,elitize_generation_data,257,12,0.757,NA
259,93,count-odds,ifs,FALSE,20,elitize_generation_data,258,11,0.734,NA
260,93,count-odds,ifs,FALSE,20,elitize_generation_data,259,11,0.723,NA
261,93,count-odds,ifs,FALSE,20,elitize_generation_data,260,12,0.729,NA
262,93,count-odds,ifs,FALSE,20,elitize_generation_data,261,13,0.705,NA
263,93,count-odds,ifs,FALSE,20,elitize_generation_data,262,13,0.724,NA
264,93,count-odds,ifs,FALSE,20,elitize_generation_data,263,11,0.722,NA
265,93,count-odds,ifs,FALSE,20,elitize_generation_data,264,10,0.732,NA
266,93,count-odds,ifs,FALSE,20,elitize_generation_data,265,14,0.756,NA
267,93,count-odds,ifs,FALSE,20,elitize_generation_data,266,13,0.736,NA
268,93,count-odds,ifs,FALSE,20,elitize_generation_data,267,12,0.738,NA
269,93,count-odds,ifs,FALSE,20,elitize_generation_data,268,13,0.756,NA
270,93,count-odds,ifs,FALSE,20,elitize_generation_data,269,9,0.744,NA
271,93,count-odds,ifs,FALSE,20,elitize_generation_data,270,12,0.749,NA
272,93,count-odds,ifs,FALSE,20,elitize_generation_data,271,12,0.734,NA
273,93,count-odds,ifs,FALSE,20,elitize_generation_data,272,11,0.75,NA
274,93,count-odds,ifs,FALSE,20,elitize_generation_data,273,15,0.747,NA
275,93,count-odds,ifs,FALSE,20,elitize_generation_data,274,10,0.735,NA
276,93,count-odds,ifs,FALSE,20,elitize_generation_data,275,14,0.746,NA
277,93,count-odds,ifs,FALSE,20,elitize_generation_data,276,13,0.749,NA
278,93,count-odds,ifs,FALSE,20,elitize_generation_data,277,15,0.731,NA
279,93,count-odds,ifs,FALSE,20,elitize_generation_data,278,9,0.748,NA
280,93,count-odds,ifs,FALSE,20,elitize_generation_data,279,11,0.744,NA
281,93,count-odds,ifs,FALSE,20,elitize_generation_data,280,12,0.729,NA
282,93,count-odds,ifs,FALSE,20,elitize_generation_data,281,10,0.71,NA
283,93,count-odds,ifs,FALSE,20,elitize_generation_data,282,14,0.734,NA
284,93,count-odds,ifs,FALSE,20,elitize_generation_data,283,18,0.71,NA
285,93,count-odds,ifs,FALSE,20,elitize_generation_data,284,17,0.724,NA
286,93,count-odds,ifs,FALSE,20,elitize_generation_data,285,10,0.715,NA
287,93,count-odds,ifs,FALSE,20,elitize_generation_data,286,14,0.726,NA
288,93,count-odds,ifs,FALSE,20,elitize_generation_data,287,9,0.752,NA
289,93,count-odds,ifs,FALSE,20,elitize_generation_data,288,14,0.721,NA
290,93,count-odds,ifs,FALSE,20,elitize_generation_data,289,12,0.739,NA
291,93,count-odds,ifs,FALSE,20,elitize_generation_data,290,14,0.764,NA
292,93,count-odds,ifs,FALSE,20,elitize_generation_data,291,18,0.741,NA
293,93,count-odds,ifs,FALSE,20,elitize_generation_data,292,15,0.72,NA
294,93,count-odds,ifs,FALSE,20,elitize_generation_data,293,20,0.744,NA
295,93,count-odds,ifs,FALSE,20,elitize_generation_data,294,15,0.78,NA
296,93,count-odds,ifs,FALSE,20,elitize_generation_data,295,14,0.761,NA
297,93,count-odds,ifs,FALSE,20,elitize_generation_data,296,18,0.782,NA
298,93,count-odds,ifs,FALSE,20,elitize_generation_data,297,19,0.763,NA
299,93,count-odds,ifs,FALSE,20,elitize_generation_data,298,16,0.755,NA
300,93,count-odds,ifs,FALSE,20,elitize_generation_data,299,15,0.742,NA
301,93,count-odds,ifs,FALSE,20,elitize_generation_data,300,17,0.725,NA
