,run.num,problem,treatment,succeeded,height,normalization.function,generation,cluster.count,error.diversity,success.generation
1,91,count-odds,ifs,FALSE,20,elitize_generation_data,0,6,0.173,NA
2,91,count-odds,ifs,FALSE,20,elitize_generation_data,1,7,0.104,NA
3,91,count-odds,ifs,FALSE,20,elitize_generation_data,2,6,0.078,NA
4,91,count-odds,ifs,FALSE,20,elitize_generation_data,3,5,0.087,NA
5,91,count-odds,ifs,FALSE,20,elitize_generation_data,4,7,0.107,NA
6,91,count-odds,ifs,FALSE,20,elitize_generation_data,5,7,0.183,NA
7,91,count-odds,ifs,FALSE,20,elitize_generation_data,6,5,0.297,NA
8,91,count-odds,ifs,FALSE,20,elitize_generation_data,7,5,0.449,NA
9,91,count-odds,ifs,FALSE,20,elitize_generation_data,8,6,0.54,NA
10,91,count-odds,ifs,FALSE,20,elitize_generation_data,9,9,0.581,NA
11,91,count-odds,ifs,FALSE,20,elitize_generation_data,10,8,0.549,NA
12,91,count-odds,ifs,FALSE,20,elitize_generation_data,11,12,0.522,NA
13,91,count-odds,ifs,FALSE,20,elitize_generation_data,12,9,0.504,NA
14,91,count-odds,ifs,FALSE,20,elitize_generation_data,13,10,0.483,NA
15,91,count-odds,ifs,FALSE,20,elitize_generation_data,14,8,0.443,NA
16,91,count-odds,ifs,FALSE,20,elitize_generation_data,15,12,0.294,NA
17,91,count-odds,ifs,FALSE,20,elitize_generation_data,16,15,0.132,NA
18,91,count-odds,ifs,FALSE,20,elitize_generation_data,17,13,0.149,NA
19,91,count-odds,ifs,FALSE,20,elitize_generation_data,18,13,0.126,NA
20,91,count-odds,ifs,FALSE,20,elitize_generation_data,19,13,0.151,NA
21,91,count-odds,ifs,FALSE,20,elitize_generation_data,20,16,0.145,NA
22,91,count-odds,ifs,FALSE,20,elitize_generation_data,21,15,0.14,NA
23,91,count-odds,ifs,FALSE,20,elitize_generation_data,22,15,0.153,NA
24,91,count-odds,ifs,FALSE,20,elitize_generation_data,23,17,0.141,NA
25,91,count-odds,ifs,FALSE,20,elitize_generation_data,24,15,0.144,NA
26,91,count-odds,ifs,FALSE,20,elitize_generation_data,25,17,0.158,NA
27,91,count-odds,ifs,FALSE,20,elitize_generation_data,26,14,0.185,NA
28,91,count-odds,ifs,FALSE,20,elitize_generation_data,27,17,0.176,NA
29,91,count-odds,ifs,FALSE,20,elitize_generation_data,28,17,0.183,NA
30,91,count-odds,ifs,FALSE,20,elitize_generation_data,29,17,0.18,NA
31,91,count-odds,ifs,FALSE,20,elitize_generation_data,30,15,0.196,NA
32,91,count-odds,ifs,FALSE,20,elitize_generation_data,31,14,0.194,NA
33,91,count-odds,ifs,FALSE,20,elitize_generation_data,32,16,0.203,NA
34,91,count-odds,ifs,FALSE,20,elitize_generation_data,33,14,0.214,NA
35,91,count-odds,ifs,FALSE,20,elitize_generation_data,34,15,0.262,NA
36,91,count-odds,ifs,FALSE,20,elitize_generation_data,35,17,0.307,NA
37,91,count-odds,ifs,FALSE,20,elitize_generation_data,36,16,0.409,NA
38,91,count-odds,ifs,FALSE,20,elitize_generation_data,37,13,0.493,NA
39,91,count-odds,ifs,FALSE,20,elitize_generation_data,38,12,0.499,NA
40,91,count-odds,ifs,FALSE,20,elitize_generation_data,39,16,0.518,NA
41,91,count-odds,ifs,FALSE,20,elitize_generation_data,40,15,0.539,NA
42,91,count-odds,ifs,FALSE,20,elitize_generation_data,41,15,0.494,NA
43,91,count-odds,ifs,FALSE,20,elitize_generation_data,42,18,0.505,NA
44,91,count-odds,ifs,FALSE,20,elitize_generation_data,43,16,0.511,NA
45,91,count-odds,ifs,FALSE,20,elitize_generation_data,44,9,0.474,NA
46,91,count-odds,ifs,FALSE,20,elitize_generation_data,45,13,0.487,NA
47,91,count-odds,ifs,FALSE,20,elitize_generation_data,46,13,0.484,NA
48,91,count-odds,ifs,FALSE,20,elitize_generation_data,47,16,0.524,NA
49,91,count-odds,ifs,FALSE,20,elitize_generation_data,48,16,0.504,NA
50,91,count-odds,ifs,FALSE,20,elitize_generation_data,49,16,0.53,NA
51,91,count-odds,ifs,FALSE,20,elitize_generation_data,50,13,0.486,NA
52,91,count-odds,ifs,FALSE,20,elitize_generation_data,51,13,0.455,NA
53,91,count-odds,ifs,FALSE,20,elitize_generation_data,52,16,0.444,NA
54,91,count-odds,ifs,FALSE,20,elitize_generation_data,53,14,0.446,NA
55,91,count-odds,ifs,FALSE,20,elitize_generation_data,54,13,0.449,NA
56,91,count-odds,ifs,FALSE,20,elitize_generation_data,55,15,0.429,NA
57,91,count-odds,ifs,FALSE,20,elitize_generation_data,56,17,0.435,NA
58,91,count-odds,ifs,FALSE,20,elitize_generation_data,57,17,0.399,NA
59,91,count-odds,ifs,FALSE,20,elitize_generation_data,58,20,0.422,NA
60,91,count-odds,ifs,FALSE,20,elitize_generation_data,59,16,0.425,NA
61,91,count-odds,ifs,FALSE,20,elitize_generation_data,60,18,0.412,NA
62,91,count-odds,ifs,FALSE,20,elitize_generation_data,61,18,0.439,NA
63,91,count-odds,ifs,FALSE,20,elitize_generation_data,62,23,0.454,NA
64,91,count-odds,ifs,FALSE,20,elitize_generation_data,63,21,0.464,NA
65,91,count-odds,ifs,FALSE,20,elitize_generation_data,64,16,0.467,NA
66,91,count-odds,ifs,FALSE,20,elitize_generation_data,65,17,0.444,NA
67,91,count-odds,ifs,FALSE,20,elitize_generation_data,66,21,0.439,NA
68,91,count-odds,ifs,FALSE,20,elitize_generation_data,67,22,0.411,NA
69,91,count-odds,ifs,FALSE,20,elitize_generation_data,68,22,0.434,NA
70,91,count-odds,ifs,FALSE,20,elitize_generation_data,69,21,0.434,NA
71,91,count-odds,ifs,FALSE,20,elitize_generation_data,70,15,0.443,NA
72,91,count-odds,ifs,FALSE,20,elitize_generation_data,71,14,0.455,NA
73,91,count-odds,ifs,FALSE,20,elitize_generation_data,72,16,0.456,NA
74,91,count-odds,ifs,FALSE,20,elitize_generation_data,73,19,0.442,NA
75,91,count-odds,ifs,FALSE,20,elitize_generation_data,74,15,0.413,NA
76,91,count-odds,ifs,FALSE,20,elitize_generation_data,75,12,0.409,NA
77,91,count-odds,ifs,FALSE,20,elitize_generation_data,76,13,0.391,NA
78,91,count-odds,ifs,FALSE,20,elitize_generation_data,77,14,0.413,NA
79,91,count-odds,ifs,FALSE,20,elitize_generation_data,78,19,0.452,NA
80,91,count-odds,ifs,FALSE,20,elitize_generation_data,79,12,0.423,NA
81,91,count-odds,ifs,FALSE,20,elitize_generation_data,80,12,0.448,NA
82,91,count-odds,ifs,FALSE,20,elitize_generation_data,81,13,0.464,NA
83,91,count-odds,ifs,FALSE,20,elitize_generation_data,82,14,0.462,NA
84,91,count-odds,ifs,FALSE,20,elitize_generation_data,83,13,0.489,NA
85,91,count-odds,ifs,FALSE,20,elitize_generation_data,84,14,0.48,NA
86,91,count-odds,ifs,FALSE,20,elitize_generation_data,85,12,0.439,NA
87,91,count-odds,ifs,FALSE,20,elitize_generation_data,86,15,0.394,NA
88,91,count-odds,ifs,FALSE,20,elitize_generation_data,87,14,0.375,NA
89,91,count-odds,ifs,FALSE,20,elitize_generation_data,88,15,0.387,NA
90,91,count-odds,ifs,FALSE,20,elitize_generation_data,89,10,0.39,NA
91,91,count-odds,ifs,FALSE,20,elitize_generation_data,90,16,0.41,NA
92,91,count-odds,ifs,FALSE,20,elitize_generation_data,91,12,0.477,NA
93,91,count-odds,ifs,FALSE,20,elitize_generation_data,92,15,0.456,NA
94,91,count-odds,ifs,FALSE,20,elitize_generation_data,93,18,0.468,NA
95,91,count-odds,ifs,FALSE,20,elitize_generation_data,94,16,0.465,NA
96,91,count-odds,ifs,FALSE,20,elitize_generation_data,95,24,0.51,NA
97,91,count-odds,ifs,FALSE,20,elitize_generation_data,96,17,0.498,NA
98,91,count-odds,ifs,FALSE,20,elitize_generation_data,97,17,0.492,NA
99,91,count-odds,ifs,FALSE,20,elitize_generation_data,98,16,0.446,NA
100,91,count-odds,ifs,FALSE,20,elitize_generation_data,99,14,0.439,NA
101,91,count-odds,ifs,FALSE,20,elitize_generation_data,100,15,0.456,NA
102,91,count-odds,ifs,FALSE,20,elitize_generation_data,101,13,0.441,NA
103,91,count-odds,ifs,FALSE,20,elitize_generation_data,102,11,0.453,NA
104,91,count-odds,ifs,FALSE,20,elitize_generation_data,103,13,0.429,NA
105,91,count-odds,ifs,FALSE,20,elitize_generation_data,104,14,0.413,NA
106,91,count-odds,ifs,FALSE,20,elitize_generation_data,105,10,0.458,NA
107,91,count-odds,ifs,FALSE,20,elitize_generation_data,106,13,0.444,NA
108,91,count-odds,ifs,FALSE,20,elitize_generation_data,107,11,0.503,NA
109,91,count-odds,ifs,FALSE,20,elitize_generation_data,108,13,0.51,NA
110,91,count-odds,ifs,FALSE,20,elitize_generation_data,109,15,0.511,NA
111,91,count-odds,ifs,FALSE,20,elitize_generation_data,110,14,0.535,NA
112,91,count-odds,ifs,FALSE,20,elitize_generation_data,111,16,0.502,NA
113,91,count-odds,ifs,FALSE,20,elitize_generation_data,112,14,0.487,NA
114,91,count-odds,ifs,FALSE,20,elitize_generation_data,113,9,0.471,NA
115,91,count-odds,ifs,FALSE,20,elitize_generation_data,114,14,0.526,NA
116,91,count-odds,ifs,FALSE,20,elitize_generation_data,115,14,0.521,NA
117,91,count-odds,ifs,FALSE,20,elitize_generation_data,116,20,0.579,NA
118,91,count-odds,ifs,FALSE,20,elitize_generation_data,117,24,0.552,NA
119,91,count-odds,ifs,FALSE,20,elitize_generation_data,118,15,0.55,NA
120,91,count-odds,ifs,FALSE,20,elitize_generation_data,119,22,0.621,NA
121,91,count-odds,ifs,FALSE,20,elitize_generation_data,120,21,0.614,NA
122,91,count-odds,ifs,FALSE,20,elitize_generation_data,121,15,0.633,NA
123,91,count-odds,ifs,FALSE,20,elitize_generation_data,122,21,0.626,NA
124,91,count-odds,ifs,FALSE,20,elitize_generation_data,123,17,0.618,NA
125,91,count-odds,ifs,FALSE,20,elitize_generation_data,124,18,0.631,NA
126,91,count-odds,ifs,FALSE,20,elitize_generation_data,125,19,0.653,NA
127,91,count-odds,ifs,FALSE,20,elitize_generation_data,126,20,0.655,NA
128,91,count-odds,ifs,FALSE,20,elitize_generation_data,127,17,0.677,NA
129,91,count-odds,ifs,FALSE,20,elitize_generation_data,128,22,0.668,NA
130,91,count-odds,ifs,FALSE,20,elitize_generation_data,129,19,0.659,NA
131,91,count-odds,ifs,FALSE,20,elitize_generation_data,130,19,0.634,NA
132,91,count-odds,ifs,FALSE,20,elitize_generation_data,131,17,0.653,NA
133,91,count-odds,ifs,FALSE,20,elitize_generation_data,132,25,0.646,NA
134,91,count-odds,ifs,FALSE,20,elitize_generation_data,133,18,0.666,NA
135,91,count-odds,ifs,FALSE,20,elitize_generation_data,134,20,0.677,NA
136,91,count-odds,ifs,FALSE,20,elitize_generation_data,135,17,0.709,NA
137,91,count-odds,ifs,FALSE,20,elitize_generation_data,136,22,0.69,NA
138,91,count-odds,ifs,FALSE,20,elitize_generation_data,137,16,0.695,NA
139,91,count-odds,ifs,FALSE,20,elitize_generation_data,138,17,0.7,NA
140,91,count-odds,ifs,FALSE,20,elitize_generation_data,139,19,0.675,NA
141,91,count-odds,ifs,FALSE,20,elitize_generation_data,140,17,0.708,NA
142,91,count-odds,ifs,FALSE,20,elitize_generation_data,141,19,0.684,NA
143,91,count-odds,ifs,FALSE,20,elitize_generation_data,142,22,0.672,NA
144,91,count-odds,ifs,FALSE,20,elitize_generation_data,143,24,0.648,NA
145,91,count-odds,ifs,FALSE,20,elitize_generation_data,144,18,0.661,NA
146,91,count-odds,ifs,FALSE,20,elitize_generation_data,145,25,0.681,NA
147,91,count-odds,ifs,FALSE,20,elitize_generation_data,146,17,0.722,NA
148,91,count-odds,ifs,FALSE,20,elitize_generation_data,147,16,0.691,NA
149,91,count-odds,ifs,FALSE,20,elitize_generation_data,148,24,0.717,NA
150,91,count-odds,ifs,FALSE,20,elitize_generation_data,149,26,0.707,NA
151,91,count-odds,ifs,FALSE,20,elitize_generation_data,150,25,0.755,NA
152,91,count-odds,ifs,FALSE,20,elitize_generation_data,151,25,0.75,NA
153,91,count-odds,ifs,FALSE,20,elitize_generation_data,152,20,0.759,NA
154,91,count-odds,ifs,FALSE,20,elitize_generation_data,153,17,0.75,NA
155,91,count-odds,ifs,FALSE,20,elitize_generation_data,154,21,0.726,NA
156,91,count-odds,ifs,FALSE,20,elitize_generation_data,155,19,0.736,NA
157,91,count-odds,ifs,FALSE,20,elitize_generation_data,156,19,0.698,NA
158,91,count-odds,ifs,FALSE,20,elitize_generation_data,157,19,0.697,NA
159,91,count-odds,ifs,FALSE,20,elitize_generation_data,158,15,0.704,NA
160,91,count-odds,ifs,FALSE,20,elitize_generation_data,159,16,0.724,NA
161,91,count-odds,ifs,FALSE,20,elitize_generation_data,160,16,0.728,NA
162,91,count-odds,ifs,FALSE,20,elitize_generation_data,161,24,0.751,NA
163,91,count-odds,ifs,FALSE,20,elitize_generation_data,162,19,0.741,NA
164,91,count-odds,ifs,FALSE,20,elitize_generation_data,163,12,0.738,NA
165,91,count-odds,ifs,FALSE,20,elitize_generation_data,164,23,0.744,NA
166,91,count-odds,ifs,FALSE,20,elitize_generation_data,165,14,0.738,NA
167,91,count-odds,ifs,FALSE,20,elitize_generation_data,166,18,0.751,NA
168,91,count-odds,ifs,FALSE,20,elitize_generation_data,167,20,0.739,NA
169,91,count-odds,ifs,FALSE,20,elitize_generation_data,168,17,0.738,NA
170,91,count-odds,ifs,FALSE,20,elitize_generation_data,169,16,0.756,NA
171,91,count-odds,ifs,FALSE,20,elitize_generation_data,170,19,0.749,NA
172,91,count-odds,ifs,FALSE,20,elitize_generation_data,171,16,0.716,NA
173,91,count-odds,ifs,FALSE,20,elitize_generation_data,172,15,0.732,NA
174,91,count-odds,ifs,FALSE,20,elitize_generation_data,173,13,0.743,NA
175,91,count-odds,ifs,FALSE,20,elitize_generation_data,174,17,0.743,NA
176,91,count-odds,ifs,FALSE,20,elitize_generation_data,175,15,0.724,NA
177,91,count-odds,ifs,FALSE,20,elitize_generation_data,176,12,0.731,NA
178,91,count-odds,ifs,FALSE,20,elitize_generation_data,177,15,0.755,NA
179,91,count-odds,ifs,FALSE,20,elitize_generation_data,178,13,0.77,NA
180,91,count-odds,ifs,FALSE,20,elitize_generation_data,179,17,0.765,NA
181,91,count-odds,ifs,FALSE,20,elitize_generation_data,180,24,0.782,NA
182,91,count-odds,ifs,FALSE,20,elitize_generation_data,181,21,0.759,NA
183,91,count-odds,ifs,FALSE,20,elitize_generation_data,182,18,0.763,NA
184,91,count-odds,ifs,FALSE,20,elitize_generation_data,183,27,0.763,NA
185,91,count-odds,ifs,FALSE,20,elitize_generation_data,184,21,0.727,NA
186,91,count-odds,ifs,FALSE,20,elitize_generation_data,185,23,0.694,NA
187,91,count-odds,ifs,FALSE,20,elitize_generation_data,186,29,0.716,NA
188,91,count-odds,ifs,FALSE,20,elitize_generation_data,187,26,0.703,NA
189,91,count-odds,ifs,FALSE,20,elitize_generation_data,188,30,0.719,NA
190,91,count-odds,ifs,FALSE,20,elitize_generation_data,189,23,0.739,NA
191,91,count-odds,ifs,FALSE,20,elitize_generation_data,190,29,0.72,NA
192,91,count-odds,ifs,FALSE,20,elitize_generation_data,191,28,0.708,NA
193,91,count-odds,ifs,FALSE,20,elitize_generation_data,192,26,0.726,NA
194,91,count-odds,ifs,FALSE,20,elitize_generation_data,193,27,0.753,NA
195,91,count-odds,ifs,FALSE,20,elitize_generation_data,194,30,0.771,NA
196,91,count-odds,ifs,FALSE,20,elitize_generation_data,195,18,0.766,NA
197,91,count-odds,ifs,FALSE,20,elitize_generation_data,196,26,0.723,NA
198,91,count-odds,ifs,FALSE,20,elitize_generation_data,197,24,0.725,NA
199,91,count-odds,ifs,FALSE,20,elitize_generation_data,198,28,0.743,NA
200,91,count-odds,ifs,FALSE,20,elitize_generation_data,199,23,0.75,NA
201,91,count-odds,ifs,FALSE,20,elitize_generation_data,200,23,0.735,NA
202,91,count-odds,ifs,FALSE,20,elitize_generation_data,201,26,0.73,NA
203,91,count-odds,ifs,FALSE,20,elitize_generation_data,202,21,0.7,NA
204,91,count-odds,ifs,FALSE,20,elitize_generation_data,203,29,0.709,NA
205,91,count-odds,ifs,FALSE,20,elitize_generation_data,204,27,0.713,NA
206,91,count-odds,ifs,FALSE,20,elitize_generation_data,205,31,0.762,NA
207,91,count-odds,ifs,FALSE,20,elitize_generation_data,206,29,0.769,NA
208,91,count-odds,ifs,FALSE,20,elitize_generation_data,207,24,0.766,NA
209,91,count-odds,ifs,FALSE,20,elitize_generation_data,208,25,0.731,NA
210,91,count-odds,ifs,FALSE,20,elitize_generation_data,209,28,0.722,NA
211,91,count-odds,ifs,FALSE,20,elitize_generation_data,210,30,0.726,NA
212,91,count-odds,ifs,FALSE,20,elitize_generation_data,211,25,0.69,NA
213,91,count-odds,ifs,FALSE,20,elitize_generation_data,212,34,0.694,NA
214,91,count-odds,ifs,FALSE,20,elitize_generation_data,213,26,0.693,NA
215,91,count-odds,ifs,FALSE,20,elitize_generation_data,214,32,0.705,NA
216,91,count-odds,ifs,FALSE,20,elitize_generation_data,215,30,0.716,NA
217,91,count-odds,ifs,FALSE,20,elitize_generation_data,216,24,0.72,NA
218,91,count-odds,ifs,FALSE,20,elitize_generation_data,217,32,0.735,NA
219,91,count-odds,ifs,FALSE,20,elitize_generation_data,218,33,0.716,NA
220,91,count-odds,ifs,FALSE,20,elitize_generation_data,219,32,0.722,NA
221,91,count-odds,ifs,FALSE,20,elitize_generation_data,220,30,0.73,NA
222,91,count-odds,ifs,FALSE,20,elitize_generation_data,221,29,0.689,NA
223,91,count-odds,ifs,FALSE,20,elitize_generation_data,222,32,0.684,NA
224,91,count-odds,ifs,FALSE,20,elitize_generation_data,223,30,0.666,NA
225,91,count-odds,ifs,FALSE,20,elitize_generation_data,224,25,0.618,NA
226,91,count-odds,ifs,FALSE,20,elitize_generation_data,225,22,0.614,NA
227,91,count-odds,ifs,FALSE,20,elitize_generation_data,226,18,0.607,NA
228,91,count-odds,ifs,FALSE,20,elitize_generation_data,227,19,0.603,NA
229,91,count-odds,ifs,FALSE,20,elitize_generation_data,228,23,0.593,NA
230,91,count-odds,ifs,FALSE,20,elitize_generation_data,229,17,0.576,NA
231,91,count-odds,ifs,FALSE,20,elitize_generation_data,230,23,0.58,NA
232,91,count-odds,ifs,FALSE,20,elitize_generation_data,231,24,0.593,NA
233,91,count-odds,ifs,FALSE,20,elitize_generation_data,232,22,0.587,NA
234,91,count-odds,ifs,FALSE,20,elitize_generation_data,233,21,0.569,NA
235,91,count-odds,ifs,FALSE,20,elitize_generation_data,234,23,0.588,NA
236,91,count-odds,ifs,FALSE,20,elitize_generation_data,235,17,0.575,NA
237,91,count-odds,ifs,FALSE,20,elitize_generation_data,236,25,0.591,NA
238,91,count-odds,ifs,FALSE,20,elitize_generation_data,237,21,0.589,NA
239,91,count-odds,ifs,FALSE,20,elitize_generation_data,238,19,0.585,NA
240,91,count-odds,ifs,FALSE,20,elitize_generation_data,239,23,0.601,NA
241,91,count-odds,ifs,FALSE,20,elitize_generation_data,240,21,0.586,NA
242,91,count-odds,ifs,FALSE,20,elitize_generation_data,241,22,0.571,NA
243,91,count-odds,ifs,FALSE,20,elitize_generation_data,242,21,0.568,NA
244,91,count-odds,ifs,FALSE,20,elitize_generation_data,243,23,0.584,NA
245,91,count-odds,ifs,FALSE,20,elitize_generation_data,244,20,0.596,NA
246,91,count-odds,ifs,FALSE,20,elitize_generation_data,245,19,0.591,NA
247,91,count-odds,ifs,FALSE,20,elitize_generation_data,246,24,0.612,NA
248,91,count-odds,ifs,FALSE,20,elitize_generation_data,247,28,0.628,NA
249,91,count-odds,ifs,FALSE,20,elitize_generation_data,248,18,0.632,NA
250,91,count-odds,ifs,FALSE,20,elitize_generation_data,249,24,0.672,NA
251,91,count-odds,ifs,FALSE,20,elitize_generation_data,250,25,0.684,NA
252,91,count-odds,ifs,FALSE,20,elitize_generation_data,251,22,0.708,NA
253,91,count-odds,ifs,FALSE,20,elitize_generation_data,252,18,0.671,NA
254,91,count-odds,ifs,FALSE,20,elitize_generation_data,253,20,0.666,NA
255,91,count-odds,ifs,FALSE,20,elitize_generation_data,254,26,0.678,NA
256,91,count-odds,ifs,FALSE,20,elitize_generation_data,255,28,0.689,NA
257,91,count-odds,ifs,FALSE,20,elitize_generation_data,256,27,0.687,NA
258,91,count-odds,ifs,FALSE,20,elitize_generation_data,257,23,0.72,NA
259,91,count-odds,ifs,FALSE,20,elitize_generation_data,258,23,0.675,NA
260,91,count-odds,ifs,FALSE,20,elitize_generation_data,259,20,0.673,NA
261,91,count-odds,ifs,FALSE,20,elitize_generation_data,260,16,0.66,NA
262,91,count-odds,ifs,FALSE,20,elitize_generation_data,261,22,0.636,NA
263,91,count-odds,ifs,FALSE,20,elitize_generation_data,262,24,0.633,NA
264,91,count-odds,ifs,FALSE,20,elitize_generation_data,263,29,0.629,NA
265,91,count-odds,ifs,FALSE,20,elitize_generation_data,264,24,0.648,NA
266,91,count-odds,ifs,FALSE,20,elitize_generation_data,265,24,0.658,NA
267,91,count-odds,ifs,FALSE,20,elitize_generation_data,266,26,0.647,NA
268,91,count-odds,ifs,FALSE,20,elitize_generation_data,267,24,0.623,NA
269,91,count-odds,ifs,FALSE,20,elitize_generation_data,268,20,0.625,NA
270,91,count-odds,ifs,FALSE,20,elitize_generation_data,269,21,0.618,NA
271,91,count-odds,ifs,FALSE,20,elitize_generation_data,270,19,0.634,NA
272,91,count-odds,ifs,FALSE,20,elitize_generation_data,271,23,0.643,NA
273,91,count-odds,ifs,FALSE,20,elitize_generation_data,272,20,0.669,NA
274,91,count-odds,ifs,FALSE,20,elitize_generation_data,273,26,0.644,NA
275,91,count-odds,ifs,FALSE,20,elitize_generation_data,274,26,0.623,NA
276,91,count-odds,ifs,FALSE,20,elitize_generation_data,275,23,0.642,NA
277,91,count-odds,ifs,FALSE,20,elitize_generation_data,276,25,0.636,NA
278,91,count-odds,ifs,FALSE,20,elitize_generation_data,277,19,0.621,NA
279,91,count-odds,ifs,FALSE,20,elitize_generation_data,278,22,0.607,NA
280,91,count-odds,ifs,FALSE,20,elitize_generation_data,279,28,0.591,NA
281,91,count-odds,ifs,FALSE,20,elitize_generation_data,280,22,0.583,NA
282,91,count-odds,ifs,FALSE,20,elitize_generation_data,281,23,0.567,NA
283,91,count-odds,ifs,FALSE,20,elitize_generation_data,282,21,0.599,NA
284,91,count-odds,ifs,FALSE,20,elitize_generation_data,283,22,0.609,NA
285,91,count-odds,ifs,FALSE,20,elitize_generation_data,284,26,0.598,NA
286,91,count-odds,ifs,FALSE,20,elitize_generation_data,285,27,0.567,NA
287,91,count-odds,ifs,FALSE,20,elitize_generation_data,286,19,0.585,NA
288,91,count-odds,ifs,FALSE,20,elitize_generation_data,287,23,0.602,NA
289,91,count-odds,ifs,FALSE,20,elitize_generation_data,288,27,0.629,NA
290,91,count-odds,ifs,FALSE,20,elitize_generation_data,289,20,0.587,NA
291,91,count-odds,ifs,FALSE,20,elitize_generation_data,290,25,0.629,NA
292,91,count-odds,ifs,FALSE,20,elitize_generation_data,291,21,0.602,NA
293,91,count-odds,ifs,FALSE,20,elitize_generation_data,292,24,0.59,NA
294,91,count-odds,ifs,FALSE,20,elitize_generation_data,293,23,0.63,NA
295,91,count-odds,ifs,FALSE,20,elitize_generation_data,294,24,0.646,NA
296,91,count-odds,ifs,FALSE,20,elitize_generation_data,295,24,0.638,NA
297,91,count-odds,ifs,FALSE,20,elitize_generation_data,296,24,0.64,NA
298,91,count-odds,ifs,FALSE,20,elitize_generation_data,297,25,0.641,NA
299,91,count-odds,ifs,FALSE,20,elitize_generation_data,298,22,0.655,NA
300,91,count-odds,ifs,FALSE,20,elitize_generation_data,299,24,0.669,NA
301,91,count-odds,ifs,FALSE,20,elitize_generation_data,300,25,0.639,NA
