,run.num,problem,treatment,succeeded,height,normalization.function,generation,cluster.count,error.diversity,success.generation
1,61,count-odds,ifs,FALSE,20,elitize_generation_data,0,6,0.183,NA
2,61,count-odds,ifs,FALSE,20,elitize_generation_data,1,5,0.112,NA
3,61,count-odds,ifs,FALSE,20,elitize_generation_data,2,6,0.068,NA
4,61,count-odds,ifs,FALSE,20,elitize_generation_data,3,9,0.038,NA
5,61,count-odds,ifs,FALSE,20,elitize_generation_data,4,7,0.031,NA
6,61,count-odds,ifs,FALSE,20,elitize_generation_data,5,8,0.067,NA
7,61,count-odds,ifs,FALSE,20,elitize_generation_data,6,8,0.107,NA
8,61,count-odds,ifs,FALSE,20,elitize_generation_data,7,8,0.19,NA
9,61,count-odds,ifs,FALSE,20,elitize_generation_data,8,8,0.247,NA
10,61,count-odds,ifs,FALSE,20,elitize_generation_data,9,7,0.275,NA
11,61,count-odds,ifs,FALSE,20,elitize_generation_data,10,6,0.287,NA
12,61,count-odds,ifs,FALSE,20,elitize_generation_data,11,8,0.263,NA
13,61,count-odds,ifs,FALSE,20,elitize_generation_data,12,5,0.252,NA
14,61,count-odds,ifs,FALSE,20,elitize_generation_data,13,6,0.248,NA
15,61,count-odds,ifs,FALSE,20,elitize_generation_data,14,6,0.216,NA
16,61,count-odds,ifs,FALSE,20,elitize_generation_data,15,7,0.197,NA
17,61,count-odds,ifs,FALSE,20,elitize_generation_data,16,7,0.197,NA
18,61,count-odds,ifs,FALSE,20,elitize_generation_data,17,7,0.152,NA
19,61,count-odds,ifs,FALSE,20,elitize_generation_data,18,5,0.159,NA
20,61,count-odds,ifs,FALSE,20,elitize_generation_data,19,6,0.186,NA
21,61,count-odds,ifs,FALSE,20,elitize_generation_data,20,7,0.211,NA
22,61,count-odds,ifs,FALSE,20,elitize_generation_data,21,5,0.268,NA
23,61,count-odds,ifs,FALSE,20,elitize_generation_data,22,7,0.342,NA
24,61,count-odds,ifs,FALSE,20,elitize_generation_data,23,4,0.409,NA
25,61,count-odds,ifs,FALSE,20,elitize_generation_data,24,6,0.46,NA
26,61,count-odds,ifs,FALSE,20,elitize_generation_data,25,6,0.421,NA
27,61,count-odds,ifs,FALSE,20,elitize_generation_data,26,5,0.385,NA
28,61,count-odds,ifs,FALSE,20,elitize_generation_data,27,6,0.32,NA
29,61,count-odds,ifs,FALSE,20,elitize_generation_data,28,7,0.32,NA
30,61,count-odds,ifs,FALSE,20,elitize_generation_data,29,8,0.307,NA
31,61,count-odds,ifs,FALSE,20,elitize_generation_data,30,6,0.292,NA
32,61,count-odds,ifs,FALSE,20,elitize_generation_data,31,6,0.297,NA
33,61,count-odds,ifs,FALSE,20,elitize_generation_data,32,6,0.345,NA
34,61,count-odds,ifs,FALSE,20,elitize_generation_data,33,6,0.33,NA
35,61,count-odds,ifs,FALSE,20,elitize_generation_data,34,5,0.357,NA
36,61,count-odds,ifs,FALSE,20,elitize_generation_data,35,9,0.346,NA
37,61,count-odds,ifs,FALSE,20,elitize_generation_data,36,7,0.339,NA
38,61,count-odds,ifs,FALSE,20,elitize_generation_data,37,7,0.335,NA
39,61,count-odds,ifs,FALSE,20,elitize_generation_data,38,6,0.402,NA
40,61,count-odds,ifs,FALSE,20,elitize_generation_data,39,9,0.451,NA
41,61,count-odds,ifs,FALSE,20,elitize_generation_data,40,7,0.525,NA
42,61,count-odds,ifs,FALSE,20,elitize_generation_data,41,6,0.576,NA
43,61,count-odds,ifs,FALSE,20,elitize_generation_data,42,6,0.601,NA
44,61,count-odds,ifs,FALSE,20,elitize_generation_data,43,4,0.617,NA
45,61,count-odds,ifs,FALSE,20,elitize_generation_data,44,5,0.604,NA
46,61,count-odds,ifs,FALSE,20,elitize_generation_data,45,7,0.611,NA
47,61,count-odds,ifs,FALSE,20,elitize_generation_data,46,7,0.621,NA
48,61,count-odds,ifs,FALSE,20,elitize_generation_data,47,5,0.627,NA
49,61,count-odds,ifs,FALSE,20,elitize_generation_data,48,9,0.637,NA
50,61,count-odds,ifs,FALSE,20,elitize_generation_data,49,6,0.625,NA
51,61,count-odds,ifs,FALSE,20,elitize_generation_data,50,8,0.619,NA
52,61,count-odds,ifs,FALSE,20,elitize_generation_data,51,7,0.646,NA
53,61,count-odds,ifs,FALSE,20,elitize_generation_data,52,6,0.602,NA
54,61,count-odds,ifs,FALSE,20,elitize_generation_data,53,10,0.597,NA
55,61,count-odds,ifs,FALSE,20,elitize_generation_data,54,8,0.61,NA
56,61,count-odds,ifs,FALSE,20,elitize_generation_data,55,7,0.597,NA
57,61,count-odds,ifs,FALSE,20,elitize_generation_data,56,5,0.631,NA
58,61,count-odds,ifs,FALSE,20,elitize_generation_data,57,7,0.61,NA
59,61,count-odds,ifs,FALSE,20,elitize_generation_data,58,8,0.633,NA
60,61,count-odds,ifs,FALSE,20,elitize_generation_data,59,8,0.648,NA
61,61,count-odds,ifs,FALSE,20,elitize_generation_data,60,7,0.655,NA
62,61,count-odds,ifs,FALSE,20,elitize_generation_data,61,9,0.671,NA
63,61,count-odds,ifs,FALSE,20,elitize_generation_data,62,13,0.648,NA
64,61,count-odds,ifs,FALSE,20,elitize_generation_data,63,9,0.663,NA
65,61,count-odds,ifs,FALSE,20,elitize_generation_data,64,7,0.681,NA
66,61,count-odds,ifs,FALSE,20,elitize_generation_data,65,12,0.665,NA
67,61,count-odds,ifs,FALSE,20,elitize_generation_data,66,7,0.641,NA
68,61,count-odds,ifs,FALSE,20,elitize_generation_data,67,9,0.665,NA
69,61,count-odds,ifs,FALSE,20,elitize_generation_data,68,9,0.668,NA
70,61,count-odds,ifs,FALSE,20,elitize_generation_data,69,7,0.664,NA
71,61,count-odds,ifs,FALSE,20,elitize_generation_data,70,12,0.674,NA
72,61,count-odds,ifs,FALSE,20,elitize_generation_data,71,15,0.66,NA
73,61,count-odds,ifs,FALSE,20,elitize_generation_data,72,10,0.681,NA
74,61,count-odds,ifs,FALSE,20,elitize_generation_data,73,8,0.665,NA
75,61,count-odds,ifs,FALSE,20,elitize_generation_data,74,10,0.637,NA
76,61,count-odds,ifs,FALSE,20,elitize_generation_data,75,8,0.625,NA
77,61,count-odds,ifs,FALSE,20,elitize_generation_data,76,8,0.63,NA
78,61,count-odds,ifs,FALSE,20,elitize_generation_data,77,8,0.67,NA
79,61,count-odds,ifs,FALSE,20,elitize_generation_data,78,10,0.667,NA
80,61,count-odds,ifs,FALSE,20,elitize_generation_data,79,7,0.707,NA
81,61,count-odds,ifs,FALSE,20,elitize_generation_data,80,7,0.682,NA
82,61,count-odds,ifs,FALSE,20,elitize_generation_data,81,8,0.707,NA
83,61,count-odds,ifs,FALSE,20,elitize_generation_data,82,8,0.719,NA
84,61,count-odds,ifs,FALSE,20,elitize_generation_data,83,11,0.728,NA
85,61,count-odds,ifs,FALSE,20,elitize_generation_data,84,8,0.74,NA
86,61,count-odds,ifs,FALSE,20,elitize_generation_data,85,7,0.752,NA
87,61,count-odds,ifs,FALSE,20,elitize_generation_data,86,7,0.763,NA
88,61,count-odds,ifs,FALSE,20,elitize_generation_data,87,10,0.755,NA
89,61,count-odds,ifs,FALSE,20,elitize_generation_data,88,7,0.768,NA
90,61,count-odds,ifs,FALSE,20,elitize_generation_data,89,9,0.798,NA
91,61,count-odds,ifs,FALSE,20,elitize_generation_data,90,6,0.76,NA
92,61,count-odds,ifs,FALSE,20,elitize_generation_data,91,7,0.78,NA
93,61,count-odds,ifs,FALSE,20,elitize_generation_data,92,8,0.778,NA
94,61,count-odds,ifs,FALSE,20,elitize_generation_data,93,8,0.765,NA
95,61,count-odds,ifs,FALSE,20,elitize_generation_data,94,6,0.773,NA
96,61,count-odds,ifs,FALSE,20,elitize_generation_data,95,7,0.792,NA
97,61,count-odds,ifs,FALSE,20,elitize_generation_data,96,6,0.792,NA
98,61,count-odds,ifs,FALSE,20,elitize_generation_data,97,8,0.787,NA
99,61,count-odds,ifs,FALSE,20,elitize_generation_data,98,8,0.802,NA
100,61,count-odds,ifs,FALSE,20,elitize_generation_data,99,8,0.787,NA
101,61,count-odds,ifs,FALSE,20,elitize_generation_data,100,7,0.8,NA
102,61,count-odds,ifs,FALSE,20,elitize_generation_data,101,12,0.797,NA
103,61,count-odds,ifs,FALSE,20,elitize_generation_data,102,8,0.789,NA
104,61,count-odds,ifs,FALSE,20,elitize_generation_data,103,10,0.776,NA
105,61,count-odds,ifs,FALSE,20,elitize_generation_data,104,7,0.781,NA
106,61,count-odds,ifs,FALSE,20,elitize_generation_data,105,9,0.773,NA
107,61,count-odds,ifs,FALSE,20,elitize_generation_data,106,7,0.788,NA
108,61,count-odds,ifs,FALSE,20,elitize_generation_data,107,6,0.791,NA
109,61,count-odds,ifs,FALSE,20,elitize_generation_data,108,9,0.797,NA
110,61,count-odds,ifs,FALSE,20,elitize_generation_data,109,8,0.792,NA
111,61,count-odds,ifs,FALSE,20,elitize_generation_data,110,8,0.783,NA
112,61,count-odds,ifs,FALSE,20,elitize_generation_data,111,7,0.761,NA
113,61,count-odds,ifs,FALSE,20,elitize_generation_data,112,8,0.783,NA
114,61,count-odds,ifs,FALSE,20,elitize_generation_data,113,7,0.775,NA
115,61,count-odds,ifs,FALSE,20,elitize_generation_data,114,10,0.761,NA
116,61,count-odds,ifs,FALSE,20,elitize_generation_data,115,9,0.782,NA
117,61,count-odds,ifs,FALSE,20,elitize_generation_data,116,9,0.763,NA
118,61,count-odds,ifs,FALSE,20,elitize_generation_data,117,8,0.764,NA
119,61,count-odds,ifs,FALSE,20,elitize_generation_data,118,8,0.747,NA
120,61,count-odds,ifs,FALSE,20,elitize_generation_data,119,9,0.739,NA
121,61,count-odds,ifs,FALSE,20,elitize_generation_data,120,7,0.763,NA
122,61,count-odds,ifs,FALSE,20,elitize_generation_data,121,9,0.766,NA
123,61,count-odds,ifs,FALSE,20,elitize_generation_data,122,7,0.796,NA
124,61,count-odds,ifs,FALSE,20,elitize_generation_data,123,8,0.776,NA
125,61,count-odds,ifs,FALSE,20,elitize_generation_data,124,7,0.802,NA
126,61,count-odds,ifs,FALSE,20,elitize_generation_data,125,12,0.793,NA
127,61,count-odds,ifs,FALSE,20,elitize_generation_data,126,6,0.761,NA
128,61,count-odds,ifs,FALSE,20,elitize_generation_data,127,10,0.747,NA
129,61,count-odds,ifs,FALSE,20,elitize_generation_data,128,7,0.771,NA
130,61,count-odds,ifs,FALSE,20,elitize_generation_data,129,8,0.761,NA
131,61,count-odds,ifs,FALSE,20,elitize_generation_data,130,7,0.758,NA
132,61,count-odds,ifs,FALSE,20,elitize_generation_data,131,7,0.775,NA
133,61,count-odds,ifs,FALSE,20,elitize_generation_data,132,9,0.754,NA
134,61,count-odds,ifs,FALSE,20,elitize_generation_data,133,7,0.757,NA
135,61,count-odds,ifs,FALSE,20,elitize_generation_data,134,7,0.761,NA
136,61,count-odds,ifs,FALSE,20,elitize_generation_data,135,9,0.773,NA
137,61,count-odds,ifs,FALSE,20,elitize_generation_data,136,10,0.756,NA
138,61,count-odds,ifs,FALSE,20,elitize_generation_data,137,8,0.742,NA
139,61,count-odds,ifs,FALSE,20,elitize_generation_data,138,8,0.755,NA
140,61,count-odds,ifs,FALSE,20,elitize_generation_data,139,7,0.8,NA
141,61,count-odds,ifs,FALSE,20,elitize_generation_data,140,7,0.785,NA
142,61,count-odds,ifs,FALSE,20,elitize_generation_data,141,10,0.802,NA
143,61,count-odds,ifs,FALSE,20,elitize_generation_data,142,6,0.775,NA
144,61,count-odds,ifs,FALSE,20,elitize_generation_data,143,8,0.774,NA
145,61,count-odds,ifs,FALSE,20,elitize_generation_data,144,10,0.784,NA
146,61,count-odds,ifs,FALSE,20,elitize_generation_data,145,9,0.776,NA
147,61,count-odds,ifs,FALSE,20,elitize_generation_data,146,7,0.801,NA
148,61,count-odds,ifs,FALSE,20,elitize_generation_data,147,9,0.797,NA
149,61,count-odds,ifs,FALSE,20,elitize_generation_data,148,11,0.794,NA
150,61,count-odds,ifs,FALSE,20,elitize_generation_data,149,9,0.77,NA
151,61,count-odds,ifs,FALSE,20,elitize_generation_data,150,7,0.774,NA
152,61,count-odds,ifs,FALSE,20,elitize_generation_data,151,7,0.765,NA
153,61,count-odds,ifs,FALSE,20,elitize_generation_data,152,9,0.772,NA
154,61,count-odds,ifs,FALSE,20,elitize_generation_data,153,7,0.744,NA
155,61,count-odds,ifs,FALSE,20,elitize_generation_data,154,8,0.754,NA
156,61,count-odds,ifs,FALSE,20,elitize_generation_data,155,11,0.775,NA
157,61,count-odds,ifs,FALSE,20,elitize_generation_data,156,10,0.763,NA
158,61,count-odds,ifs,FALSE,20,elitize_generation_data,157,13,0.805,NA
159,61,count-odds,ifs,FALSE,20,elitize_generation_data,158,8,0.783,NA
160,61,count-odds,ifs,FALSE,20,elitize_generation_data,159,9,0.795,NA
161,61,count-odds,ifs,FALSE,20,elitize_generation_data,160,6,0.794,NA
162,61,count-odds,ifs,FALSE,20,elitize_generation_data,161,9,0.801,NA
163,61,count-odds,ifs,FALSE,20,elitize_generation_data,162,10,0.807,NA
164,61,count-odds,ifs,FALSE,20,elitize_generation_data,163,8,0.785,NA
165,61,count-odds,ifs,FALSE,20,elitize_generation_data,164,13,0.79,NA
166,61,count-odds,ifs,FALSE,20,elitize_generation_data,165,6,0.786,NA
167,61,count-odds,ifs,FALSE,20,elitize_generation_data,166,12,0.789,NA
168,61,count-odds,ifs,FALSE,20,elitize_generation_data,167,9,0.785,NA
169,61,count-odds,ifs,FALSE,20,elitize_generation_data,168,11,0.821,NA
170,61,count-odds,ifs,FALSE,20,elitize_generation_data,169,10,0.792,NA
171,61,count-odds,ifs,FALSE,20,elitize_generation_data,170,7,0.788,NA
172,61,count-odds,ifs,FALSE,20,elitize_generation_data,171,7,0.803,NA
173,61,count-odds,ifs,FALSE,20,elitize_generation_data,172,7,0.794,NA
174,61,count-odds,ifs,FALSE,20,elitize_generation_data,173,11,0.804,NA
175,61,count-odds,ifs,FALSE,20,elitize_generation_data,174,10,0.807,NA
176,61,count-odds,ifs,FALSE,20,elitize_generation_data,175,8,0.797,NA
177,61,count-odds,ifs,FALSE,20,elitize_generation_data,176,10,0.826,NA
178,61,count-odds,ifs,FALSE,20,elitize_generation_data,177,11,0.816,NA
179,61,count-odds,ifs,FALSE,20,elitize_generation_data,178,12,0.824,NA
180,61,count-odds,ifs,FALSE,20,elitize_generation_data,179,10,0.825,NA
181,61,count-odds,ifs,FALSE,20,elitize_generation_data,180,8,0.812,NA
182,61,count-odds,ifs,FALSE,20,elitize_generation_data,181,11,0.794,NA
183,61,count-odds,ifs,FALSE,20,elitize_generation_data,182,14,0.801,NA
184,61,count-odds,ifs,FALSE,20,elitize_generation_data,183,9,0.816,NA
185,61,count-odds,ifs,FALSE,20,elitize_generation_data,184,10,0.828,NA
186,61,count-odds,ifs,FALSE,20,elitize_generation_data,185,8,0.817,NA
187,61,count-odds,ifs,FALSE,20,elitize_generation_data,186,10,0.799,NA
188,61,count-odds,ifs,FALSE,20,elitize_generation_data,187,10,0.789,NA
189,61,count-odds,ifs,FALSE,20,elitize_generation_data,188,7,0.822,NA
190,61,count-odds,ifs,FALSE,20,elitize_generation_data,189,10,0.817,NA
191,61,count-odds,ifs,FALSE,20,elitize_generation_data,190,6,0.791,NA
192,61,count-odds,ifs,FALSE,20,elitize_generation_data,191,11,0.791,NA
193,61,count-odds,ifs,FALSE,20,elitize_generation_data,192,9,0.801,NA
194,61,count-odds,ifs,FALSE,20,elitize_generation_data,193,8,0.809,NA
195,61,count-odds,ifs,FALSE,20,elitize_generation_data,194,7,0.795,NA
196,61,count-odds,ifs,FALSE,20,elitize_generation_data,195,11,0.818,NA
197,61,count-odds,ifs,FALSE,20,elitize_generation_data,196,12,0.83,NA
198,61,count-odds,ifs,FALSE,20,elitize_generation_data,197,12,0.842,NA
199,61,count-odds,ifs,FALSE,20,elitize_generation_data,198,10,0.859,NA
200,61,count-odds,ifs,FALSE,20,elitize_generation_data,199,7,0.857,NA
201,61,count-odds,ifs,FALSE,20,elitize_generation_data,200,12,0.854,NA
202,61,count-odds,ifs,FALSE,20,elitize_generation_data,201,7,0.868,NA
203,61,count-odds,ifs,FALSE,20,elitize_generation_data,202,11,0.876,NA
204,61,count-odds,ifs,FALSE,20,elitize_generation_data,203,8,0.898,NA
205,61,count-odds,ifs,FALSE,20,elitize_generation_data,204,11,0.869,NA
206,61,count-odds,ifs,FALSE,20,elitize_generation_data,205,15,0.885,NA
207,61,count-odds,ifs,FALSE,20,elitize_generation_data,206,11,0.905,NA
208,61,count-odds,ifs,FALSE,20,elitize_generation_data,207,7,0.904,NA
209,61,count-odds,ifs,FALSE,20,elitize_generation_data,208,10,0.917,NA
210,61,count-odds,ifs,FALSE,20,elitize_generation_data,209,12,0.923,NA
211,61,count-odds,ifs,FALSE,20,elitize_generation_data,210,15,0.897,NA
212,61,count-odds,ifs,FALSE,20,elitize_generation_data,211,11,0.91,NA
213,61,count-odds,ifs,FALSE,20,elitize_generation_data,212,12,0.897,NA
214,61,count-odds,ifs,FALSE,20,elitize_generation_data,213,10,0.919,NA
215,61,count-odds,ifs,FALSE,20,elitize_generation_data,214,9,0.909,NA
216,61,count-odds,ifs,FALSE,20,elitize_generation_data,215,10,0.924,NA
217,61,count-odds,ifs,FALSE,20,elitize_generation_data,216,10,0.914,NA
218,61,count-odds,ifs,FALSE,20,elitize_generation_data,217,9,0.924,NA
219,61,count-odds,ifs,FALSE,20,elitize_generation_data,218,11,0.934,NA
220,61,count-odds,ifs,FALSE,20,elitize_generation_data,219,8,0.932,NA
221,61,count-odds,ifs,FALSE,20,elitize_generation_data,220,13,0.918,NA
222,61,count-odds,ifs,FALSE,20,elitize_generation_data,221,14,0.928,NA
223,61,count-odds,ifs,FALSE,20,elitize_generation_data,222,7,0.908,NA
224,61,count-odds,ifs,FALSE,20,elitize_generation_data,223,12,0.925,NA
225,61,count-odds,ifs,FALSE,20,elitize_generation_data,224,14,0.911,NA
226,61,count-odds,ifs,FALSE,20,elitize_generation_data,225,12,0.905,NA
227,61,count-odds,ifs,FALSE,20,elitize_generation_data,226,10,0.919,NA
228,61,count-odds,ifs,FALSE,20,elitize_generation_data,227,11,0.92,NA
229,61,count-odds,ifs,FALSE,20,elitize_generation_data,228,12,0.909,NA
230,61,count-odds,ifs,FALSE,20,elitize_generation_data,229,13,0.921,NA
231,61,count-odds,ifs,FALSE,20,elitize_generation_data,230,9,0.922,NA
232,61,count-odds,ifs,FALSE,20,elitize_generation_data,231,14,0.933,NA
233,61,count-odds,ifs,FALSE,20,elitize_generation_data,232,13,0.928,NA
234,61,count-odds,ifs,FALSE,20,elitize_generation_data,233,9,0.934,NA
235,61,count-odds,ifs,FALSE,20,elitize_generation_data,234,11,0.916,NA
236,61,count-odds,ifs,FALSE,20,elitize_generation_data,235,12,0.943,NA
237,61,count-odds,ifs,FALSE,20,elitize_generation_data,236,12,0.915,NA
238,61,count-odds,ifs,FALSE,20,elitize_generation_data,237,14,0.912,NA
239,61,count-odds,ifs,FALSE,20,elitize_generation_data,238,13,0.915,NA
240,61,count-odds,ifs,FALSE,20,elitize_generation_data,239,10,0.921,NA
241,61,count-odds,ifs,FALSE,20,elitize_generation_data,240,13,0.915,NA
242,61,count-odds,ifs,FALSE,20,elitize_generation_data,241,11,0.91,NA
243,61,count-odds,ifs,FALSE,20,elitize_generation_data,242,7,0.924,NA
244,61,count-odds,ifs,FALSE,20,elitize_generation_data,243,8,0.9,NA
245,61,count-odds,ifs,FALSE,20,elitize_generation_data,244,9,0.905,NA
246,61,count-odds,ifs,FALSE,20,elitize_generation_data,245,11,0.894,NA
247,61,count-odds,ifs,FALSE,20,elitize_generation_data,246,10,0.874,NA
248,61,count-odds,ifs,FALSE,20,elitize_generation_data,247,13,0.872,NA
249,61,count-odds,ifs,FALSE,20,elitize_generation_data,248,7,0.886,NA
250,61,count-odds,ifs,FALSE,20,elitize_generation_data,249,12,0.875,NA
251,61,count-odds,ifs,FALSE,20,elitize_generation_data,250,12,0.882,NA
252,61,count-odds,ifs,FALSE,20,elitize_generation_data,251,8,0.894,NA
253,61,count-odds,ifs,FALSE,20,elitize_generation_data,252,10,0.911,NA
254,61,count-odds,ifs,FALSE,20,elitize_generation_data,253,12,0.908,NA
255,61,count-odds,ifs,FALSE,20,elitize_generation_data,254,9,0.893,NA
256,61,count-odds,ifs,FALSE,20,elitize_generation_data,255,9,0.895,NA
257,61,count-odds,ifs,FALSE,20,elitize_generation_data,256,11,0.885,NA
258,61,count-odds,ifs,FALSE,20,elitize_generation_data,257,9,0.896,NA
259,61,count-odds,ifs,FALSE,20,elitize_generation_data,258,11,0.885,NA
260,61,count-odds,ifs,FALSE,20,elitize_generation_data,259,12,0.892,NA
261,61,count-odds,ifs,FALSE,20,elitize_generation_data,260,10,0.885,NA
262,61,count-odds,ifs,FALSE,20,elitize_generation_data,261,12,0.89,NA
263,61,count-odds,ifs,FALSE,20,elitize_generation_data,262,13,0.861,NA
264,61,count-odds,ifs,FALSE,20,elitize_generation_data,263,11,0.878,NA
265,61,count-odds,ifs,FALSE,20,elitize_generation_data,264,12,0.886,NA
266,61,count-odds,ifs,FALSE,20,elitize_generation_data,265,10,0.89,NA
267,61,count-odds,ifs,FALSE,20,elitize_generation_data,266,15,0.887,NA
268,61,count-odds,ifs,FALSE,20,elitize_generation_data,267,10,0.887,NA
269,61,count-odds,ifs,FALSE,20,elitize_generation_data,268,9,0.889,NA
270,61,count-odds,ifs,FALSE,20,elitize_generation_data,269,10,0.866,NA
271,61,count-odds,ifs,FALSE,20,elitize_generation_data,270,8,0.87,NA
272,61,count-odds,ifs,FALSE,20,elitize_generation_data,271,10,0.883,NA
273,61,count-odds,ifs,FALSE,20,elitize_generation_data,272,11,0.874,NA
274,61,count-odds,ifs,FALSE,20,elitize_generation_data,273,7,0.866,NA
275,61,count-odds,ifs,FALSE,20,elitize_generation_data,274,8,0.854,NA
276,61,count-odds,ifs,FALSE,20,elitize_generation_data,275,10,0.869,NA
277,61,count-odds,ifs,FALSE,20,elitize_generation_data,276,9,0.859,NA
278,61,count-odds,ifs,FALSE,20,elitize_generation_data,277,6,0.858,NA
279,61,count-odds,ifs,FALSE,20,elitize_generation_data,278,8,0.874,NA
280,61,count-odds,ifs,FALSE,20,elitize_generation_data,279,8,0.876,NA
281,61,count-odds,ifs,FALSE,20,elitize_generation_data,280,9,0.871,NA
282,61,count-odds,ifs,FALSE,20,elitize_generation_data,281,10,0.869,NA
283,61,count-odds,ifs,FALSE,20,elitize_generation_data,282,9,0.857,NA
284,61,count-odds,ifs,FALSE,20,elitize_generation_data,283,10,0.849,NA
285,61,count-odds,ifs,FALSE,20,elitize_generation_data,284,7,0.876,NA
286,61,count-odds,ifs,FALSE,20,elitize_generation_data,285,8,0.87,NA
287,61,count-odds,ifs,FALSE,20,elitize_generation_data,286,8,0.871,NA
288,61,count-odds,ifs,FALSE,20,elitize_generation_data,287,7,0.875,NA
289,61,count-odds,ifs,FALSE,20,elitize_generation_data,288,9,0.868,NA
290,61,count-odds,ifs,FALSE,20,elitize_generation_data,289,9,0.877,NA
291,61,count-odds,ifs,FALSE,20,elitize_generation_data,290,9,0.88,NA
292,61,count-odds,ifs,FALSE,20,elitize_generation_data,291,9,0.876,NA
293,61,count-odds,ifs,FALSE,20,elitize_generation_data,292,10,0.857,NA
294,61,count-odds,ifs,FALSE,20,elitize_generation_data,293,10,0.847,NA
295,61,count-odds,ifs,FALSE,20,elitize_generation_data,294,8,0.872,NA
296,61,count-odds,ifs,FALSE,20,elitize_generation_data,295,8,0.872,NA
297,61,count-odds,ifs,FALSE,20,elitize_generation_data,296,8,0.874,NA
298,61,count-odds,ifs,FALSE,20,elitize_generation_data,297,11,0.881,NA
299,61,count-odds,ifs,FALSE,20,elitize_generation_data,298,8,0.887,NA
300,61,count-odds,ifs,FALSE,20,elitize_generation_data,299,8,0.888,NA
301,61,count-odds,ifs,FALSE,20,elitize_generation_data,300,10,0.88,NA
