,run.num,problem,treatment,succeeded,height,normalization.function,generation,cluster.count,error.diversity,success.generation
1,1,count-odds,ifs,FALSE,20,elitize_generation_data,0,6,0.164,NA
2,1,count-odds,ifs,FALSE,20,elitize_generation_data,1,8,0.091,NA
3,1,count-odds,ifs,FALSE,20,elitize_generation_data,2,8,0.059,NA
4,1,count-odds,ifs,FALSE,20,elitize_generation_data,3,6,0.069,NA
5,1,count-odds,ifs,FALSE,20,elitize_generation_data,4,5,0.037,NA
6,1,count-odds,ifs,FALSE,20,elitize_generation_data,5,5,0.028,NA
7,1,count-odds,ifs,FALSE,20,elitize_generation_data,6,5,0.029,NA
8,1,count-odds,ifs,FALSE,20,elitize_generation_data,7,4,0.029,NA
9,1,count-odds,ifs,FALSE,20,elitize_generation_data,8,5,0.042,NA
10,1,count-odds,ifs,FALSE,20,elitize_generation_data,9,4,0.072,NA
11,1,count-odds,ifs,FALSE,20,elitize_generation_data,10,6,0.084,NA
12,1,count-odds,ifs,FALSE,20,elitize_generation_data,11,8,0.1,NA
13,1,count-odds,ifs,FALSE,20,elitize_generation_data,12,7,0.103,NA
14,1,count-odds,ifs,FALSE,20,elitize_generation_data,13,7,0.117,NA
15,1,count-odds,ifs,FALSE,20,elitize_generation_data,14,8,0.155,NA
16,1,count-odds,ifs,FALSE,20,elitize_generation_data,15,8,0.17,NA
17,1,count-odds,ifs,FALSE,20,elitize_generation_data,16,7,0.164,NA
18,1,count-odds,ifs,FALSE,20,elitize_generation_data,17,7,0.139,NA
19,1,count-odds,ifs,FALSE,20,elitize_generation_data,18,7,0.155,NA
20,1,count-odds,ifs,FALSE,20,elitize_generation_data,19,7,0.162,NA
21,1,count-odds,ifs,FALSE,20,elitize_generation_data,20,7,0.154,NA
22,1,count-odds,ifs,FALSE,20,elitize_generation_data,21,5,0.184,NA
23,1,count-odds,ifs,FALSE,20,elitize_generation_data,22,5,0.161,NA
24,1,count-odds,ifs,FALSE,20,elitize_generation_data,23,5,0.15,NA
25,1,count-odds,ifs,FALSE,20,elitize_generation_data,24,6,0.153,NA
26,1,count-odds,ifs,FALSE,20,elitize_generation_data,25,8,0.146,NA
27,1,count-odds,ifs,FALSE,20,elitize_generation_data,26,9,0.14,NA
28,1,count-odds,ifs,FALSE,20,elitize_generation_data,27,10,0.177,NA
29,1,count-odds,ifs,FALSE,20,elitize_generation_data,28,8,0.215,NA
30,1,count-odds,ifs,FALSE,20,elitize_generation_data,29,7,0.246,NA
31,1,count-odds,ifs,FALSE,20,elitize_generation_data,30,9,0.267,NA
32,1,count-odds,ifs,FALSE,20,elitize_generation_data,31,7,0.302,NA
33,1,count-odds,ifs,FALSE,20,elitize_generation_data,32,5,0.342,NA
34,1,count-odds,ifs,FALSE,20,elitize_generation_data,33,6,0.334,NA
35,1,count-odds,ifs,FALSE,20,elitize_generation_data,34,5,0.335,NA
36,1,count-odds,ifs,FALSE,20,elitize_generation_data,35,5,0.329,NA
37,1,count-odds,ifs,FALSE,20,elitize_generation_data,36,9,0.316,NA
38,1,count-odds,ifs,FALSE,20,elitize_generation_data,37,5,0.321,NA
39,1,count-odds,ifs,FALSE,20,elitize_generation_data,38,5,0.354,NA
40,1,count-odds,ifs,FALSE,20,elitize_generation_data,39,8,0.365,NA
41,1,count-odds,ifs,FALSE,20,elitize_generation_data,40,6,0.354,NA
42,1,count-odds,ifs,FALSE,20,elitize_generation_data,41,5,0.398,NA
43,1,count-odds,ifs,FALSE,20,elitize_generation_data,42,6,0.404,NA
44,1,count-odds,ifs,FALSE,20,elitize_generation_data,43,6,0.43,NA
45,1,count-odds,ifs,FALSE,20,elitize_generation_data,44,8,0.38,NA
46,1,count-odds,ifs,FALSE,20,elitize_generation_data,45,4,0.366,NA
47,1,count-odds,ifs,FALSE,20,elitize_generation_data,46,6,0.341,NA
48,1,count-odds,ifs,FALSE,20,elitize_generation_data,47,8,0.391,NA
49,1,count-odds,ifs,FALSE,20,elitize_generation_data,48,11,0.448,NA
50,1,count-odds,ifs,FALSE,20,elitize_generation_data,49,7,0.5,NA
51,1,count-odds,ifs,FALSE,20,elitize_generation_data,50,8,0.481,NA
52,1,count-odds,ifs,FALSE,20,elitize_generation_data,51,9,0.463,NA
53,1,count-odds,ifs,FALSE,20,elitize_generation_data,52,10,0.436,NA
54,1,count-odds,ifs,FALSE,20,elitize_generation_data,53,8,0.435,NA
55,1,count-odds,ifs,FALSE,20,elitize_generation_data,54,9,0.5,NA
56,1,count-odds,ifs,FALSE,20,elitize_generation_data,55,9,0.53,NA
57,1,count-odds,ifs,FALSE,20,elitize_generation_data,56,7,0.601,NA
58,1,count-odds,ifs,FALSE,20,elitize_generation_data,57,8,0.627,NA
59,1,count-odds,ifs,FALSE,20,elitize_generation_data,58,7,0.62,NA
60,1,count-odds,ifs,FALSE,20,elitize_generation_data,59,9,0.634,NA
61,1,count-odds,ifs,FALSE,20,elitize_generation_data,60,8,0.62,NA
62,1,count-odds,ifs,FALSE,20,elitize_generation_data,61,8,0.642,NA
63,1,count-odds,ifs,FALSE,20,elitize_generation_data,62,7,0.623,NA
64,1,count-odds,ifs,FALSE,20,elitize_generation_data,63,7,0.645,NA
65,1,count-odds,ifs,FALSE,20,elitize_generation_data,64,6,0.633,NA
66,1,count-odds,ifs,FALSE,20,elitize_generation_data,65,5,0.651,NA
67,1,count-odds,ifs,FALSE,20,elitize_generation_data,66,4,0.661,NA
68,1,count-odds,ifs,FALSE,20,elitize_generation_data,67,3,0.657,NA
69,1,count-odds,ifs,FALSE,20,elitize_generation_data,68,3,0.682,NA
70,1,count-odds,ifs,FALSE,20,elitize_generation_data,69,3,0.68,NA
71,1,count-odds,ifs,FALSE,20,elitize_generation_data,70,4,0.697,NA
72,1,count-odds,ifs,FALSE,20,elitize_generation_data,71,5,0.686,NA
73,1,count-odds,ifs,FALSE,20,elitize_generation_data,72,3,0.723,NA
74,1,count-odds,ifs,FALSE,20,elitize_generation_data,73,3,0.708,NA
75,1,count-odds,ifs,FALSE,20,elitize_generation_data,74,4,0.7,NA
76,1,count-odds,ifs,FALSE,20,elitize_generation_data,75,3,0.698,NA
77,1,count-odds,ifs,FALSE,20,elitize_generation_data,76,3,0.717,NA
78,1,count-odds,ifs,FALSE,20,elitize_generation_data,77,3,0.72,NA
79,1,count-odds,ifs,FALSE,20,elitize_generation_data,78,4,0.699,NA
80,1,count-odds,ifs,FALSE,20,elitize_generation_data,79,3,0.722,NA
81,1,count-odds,ifs,FALSE,20,elitize_generation_data,80,4,0.714,NA
82,1,count-odds,ifs,FALSE,20,elitize_generation_data,81,5,0.682,NA
83,1,count-odds,ifs,FALSE,20,elitize_generation_data,82,3,0.711,NA
84,1,count-odds,ifs,FALSE,20,elitize_generation_data,83,4,0.697,NA
85,1,count-odds,ifs,FALSE,20,elitize_generation_data,84,3,0.714,NA
86,1,count-odds,ifs,FALSE,20,elitize_generation_data,85,4,0.709,NA
87,1,count-odds,ifs,FALSE,20,elitize_generation_data,86,3,0.709,NA
88,1,count-odds,ifs,FALSE,20,elitize_generation_data,87,3,0.722,NA
89,1,count-odds,ifs,FALSE,20,elitize_generation_data,88,4,0.712,NA
90,1,count-odds,ifs,FALSE,20,elitize_generation_data,89,3,0.714,NA
91,1,count-odds,ifs,FALSE,20,elitize_generation_data,90,3,0.705,NA
92,1,count-odds,ifs,FALSE,20,elitize_generation_data,91,3,0.701,NA
93,1,count-odds,ifs,FALSE,20,elitize_generation_data,92,3,0.724,NA
94,1,count-odds,ifs,FALSE,20,elitize_generation_data,93,4,0.717,NA
95,1,count-odds,ifs,FALSE,20,elitize_generation_data,94,4,0.729,NA
96,1,count-odds,ifs,FALSE,20,elitize_generation_data,95,3,0.747,NA
97,1,count-odds,ifs,FALSE,20,elitize_generation_data,96,3,0.743,NA
98,1,count-odds,ifs,FALSE,20,elitize_generation_data,97,3,0.739,NA
99,1,count-odds,ifs,FALSE,20,elitize_generation_data,98,4,0.736,NA
100,1,count-odds,ifs,FALSE,20,elitize_generation_data,99,5,0.73,NA
101,1,count-odds,ifs,FALSE,20,elitize_generation_data,100,4,0.717,NA
102,1,count-odds,ifs,FALSE,20,elitize_generation_data,101,5,0.756,NA
103,1,count-odds,ifs,FALSE,20,elitize_generation_data,102,3,0.73,NA
104,1,count-odds,ifs,FALSE,20,elitize_generation_data,103,4,0.705,NA
105,1,count-odds,ifs,FALSE,20,elitize_generation_data,104,6,0.706,NA
106,1,count-odds,ifs,FALSE,20,elitize_generation_data,105,4,0.72,NA
107,1,count-odds,ifs,FALSE,20,elitize_generation_data,106,3,0.696,NA
108,1,count-odds,ifs,FALSE,20,elitize_generation_data,107,3,0.723,NA
109,1,count-odds,ifs,FALSE,20,elitize_generation_data,108,3,0.72,NA
110,1,count-odds,ifs,FALSE,20,elitize_generation_data,109,3,0.731,NA
111,1,count-odds,ifs,FALSE,20,elitize_generation_data,110,3,0.718,NA
112,1,count-odds,ifs,FALSE,20,elitize_generation_data,111,3,0.701,NA
113,1,count-odds,ifs,FALSE,20,elitize_generation_data,112,3,0.744,NA
114,1,count-odds,ifs,FALSE,20,elitize_generation_data,113,4,0.726,NA
115,1,count-odds,ifs,FALSE,20,elitize_generation_data,114,3,0.722,NA
116,1,count-odds,ifs,FALSE,20,elitize_generation_data,115,3,0.714,NA
117,1,count-odds,ifs,FALSE,20,elitize_generation_data,116,3,0.716,NA
118,1,count-odds,ifs,FALSE,20,elitize_generation_data,117,3,0.701,NA
119,1,count-odds,ifs,FALSE,20,elitize_generation_data,118,3,0.75,NA
120,1,count-odds,ifs,FALSE,20,elitize_generation_data,119,4,0.757,NA
121,1,count-odds,ifs,FALSE,20,elitize_generation_data,120,4,0.732,NA
122,1,count-odds,ifs,FALSE,20,elitize_generation_data,121,3,0.742,NA
123,1,count-odds,ifs,FALSE,20,elitize_generation_data,122,3,0.745,NA
124,1,count-odds,ifs,FALSE,20,elitize_generation_data,123,6,0.745,NA
125,1,count-odds,ifs,FALSE,20,elitize_generation_data,124,5,0.729,NA
126,1,count-odds,ifs,FALSE,20,elitize_generation_data,125,5,0.713,NA
127,1,count-odds,ifs,FALSE,20,elitize_generation_data,126,5,0.711,NA
128,1,count-odds,ifs,FALSE,20,elitize_generation_data,127,3,0.736,NA
129,1,count-odds,ifs,FALSE,20,elitize_generation_data,128,5,0.741,NA
130,1,count-odds,ifs,FALSE,20,elitize_generation_data,129,5,0.749,NA
131,1,count-odds,ifs,FALSE,20,elitize_generation_data,130,4,0.756,NA
132,1,count-odds,ifs,FALSE,20,elitize_generation_data,131,4,0.743,NA
133,1,count-odds,ifs,FALSE,20,elitize_generation_data,132,3,0.764,NA
134,1,count-odds,ifs,FALSE,20,elitize_generation_data,133,3,0.772,NA
135,1,count-odds,ifs,FALSE,20,elitize_generation_data,134,5,0.778,NA
136,1,count-odds,ifs,FALSE,20,elitize_generation_data,135,3,0.776,NA
137,1,count-odds,ifs,FALSE,20,elitize_generation_data,136,4,0.763,NA
138,1,count-odds,ifs,FALSE,20,elitize_generation_data,137,3,0.789,NA
139,1,count-odds,ifs,FALSE,20,elitize_generation_data,138,4,0.808,NA
140,1,count-odds,ifs,FALSE,20,elitize_generation_data,139,6,0.799,NA
141,1,count-odds,ifs,FALSE,20,elitize_generation_data,140,5,0.807,NA
142,1,count-odds,ifs,FALSE,20,elitize_generation_data,141,3,0.807,NA
143,1,count-odds,ifs,FALSE,20,elitize_generation_data,142,5,0.814,NA
144,1,count-odds,ifs,FALSE,20,elitize_generation_data,143,4,0.83,NA
145,1,count-odds,ifs,FALSE,20,elitize_generation_data,144,3,0.839,NA
146,1,count-odds,ifs,FALSE,20,elitize_generation_data,145,5,0.817,NA
147,1,count-odds,ifs,FALSE,20,elitize_generation_data,146,4,0.806,NA
148,1,count-odds,ifs,FALSE,20,elitize_generation_data,147,3,0.785,NA
149,1,count-odds,ifs,FALSE,20,elitize_generation_data,148,5,0.815,NA
150,1,count-odds,ifs,FALSE,20,elitize_generation_data,149,4,0.821,NA
151,1,count-odds,ifs,FALSE,20,elitize_generation_data,150,3,0.834,NA
152,1,count-odds,ifs,FALSE,20,elitize_generation_data,151,4,0.817,NA
153,1,count-odds,ifs,FALSE,20,elitize_generation_data,152,6,0.826,NA
154,1,count-odds,ifs,FALSE,20,elitize_generation_data,153,4,0.821,NA
155,1,count-odds,ifs,FALSE,20,elitize_generation_data,154,5,0.817,NA
156,1,count-odds,ifs,FALSE,20,elitize_generation_data,155,5,0.821,NA
157,1,count-odds,ifs,FALSE,20,elitize_generation_data,156,3,0.82,NA
158,1,count-odds,ifs,FALSE,20,elitize_generation_data,157,3,0.815,NA
159,1,count-odds,ifs,FALSE,20,elitize_generation_data,158,4,0.8,NA
160,1,count-odds,ifs,FALSE,20,elitize_generation_data,159,3,0.808,NA
161,1,count-odds,ifs,FALSE,20,elitize_generation_data,160,3,0.786,NA
162,1,count-odds,ifs,FALSE,20,elitize_generation_data,161,3,0.794,NA
163,1,count-odds,ifs,FALSE,20,elitize_generation_data,162,4,0.792,NA
164,1,count-odds,ifs,FALSE,20,elitize_generation_data,163,3,0.786,NA
165,1,count-odds,ifs,FALSE,20,elitize_generation_data,164,3,0.777,NA
166,1,count-odds,ifs,FALSE,20,elitize_generation_data,165,3,0.774,NA
167,1,count-odds,ifs,FALSE,20,elitize_generation_data,166,4,0.764,NA
168,1,count-odds,ifs,FALSE,20,elitize_generation_data,167,4,0.768,NA
169,1,count-odds,ifs,FALSE,20,elitize_generation_data,168,4,0.766,NA
170,1,count-odds,ifs,FALSE,20,elitize_generation_data,169,3,0.812,NA
171,1,count-odds,ifs,FALSE,20,elitize_generation_data,170,4,0.779,NA
172,1,count-odds,ifs,FALSE,20,elitize_generation_data,171,3,0.818,NA
173,1,count-odds,ifs,FALSE,20,elitize_generation_data,172,3,0.782,NA
174,1,count-odds,ifs,FALSE,20,elitize_generation_data,173,3,0.813,NA
175,1,count-odds,ifs,FALSE,20,elitize_generation_data,174,3,0.813,NA
176,1,count-odds,ifs,FALSE,20,elitize_generation_data,175,4,0.808,NA
177,1,count-odds,ifs,FALSE,20,elitize_generation_data,176,3,0.799,NA
178,1,count-odds,ifs,FALSE,20,elitize_generation_data,177,3,0.822,NA
179,1,count-odds,ifs,FALSE,20,elitize_generation_data,178,3,0.814,NA
180,1,count-odds,ifs,FALSE,20,elitize_generation_data,179,3,0.808,NA
181,1,count-odds,ifs,FALSE,20,elitize_generation_data,180,3,0.825,NA
182,1,count-odds,ifs,FALSE,20,elitize_generation_data,181,4,0.809,NA
183,1,count-odds,ifs,FALSE,20,elitize_generation_data,182,3,0.778,NA
184,1,count-odds,ifs,FALSE,20,elitize_generation_data,183,4,0.789,NA
185,1,count-odds,ifs,FALSE,20,elitize_generation_data,184,4,0.761,NA
186,1,count-odds,ifs,FALSE,20,elitize_generation_data,185,3,0.775,NA
187,1,count-odds,ifs,FALSE,20,elitize_generation_data,186,4,0.762,NA
188,1,count-odds,ifs,FALSE,20,elitize_generation_data,187,3,0.774,NA
189,1,count-odds,ifs,FALSE,20,elitize_generation_data,188,3,0.791,NA
190,1,count-odds,ifs,FALSE,20,elitize_generation_data,189,3,0.779,NA
191,1,count-odds,ifs,FALSE,20,elitize_generation_data,190,4,0.775,NA
192,1,count-odds,ifs,FALSE,20,elitize_generation_data,191,3,0.775,NA
193,1,count-odds,ifs,FALSE,20,elitize_generation_data,192,3,0.798,NA
194,1,count-odds,ifs,FALSE,20,elitize_generation_data,193,4,0.8,NA
195,1,count-odds,ifs,FALSE,20,elitize_generation_data,194,4,0.801,NA
196,1,count-odds,ifs,FALSE,20,elitize_generation_data,195,3,0.804,NA
197,1,count-odds,ifs,FALSE,20,elitize_generation_data,196,3,0.802,NA
198,1,count-odds,ifs,FALSE,20,elitize_generation_data,197,3,0.806,NA
199,1,count-odds,ifs,FALSE,20,elitize_generation_data,198,3,0.787,NA
200,1,count-odds,ifs,FALSE,20,elitize_generation_data,199,4,0.795,NA
201,1,count-odds,ifs,FALSE,20,elitize_generation_data,200,3,0.818,NA
202,1,count-odds,ifs,FALSE,20,elitize_generation_data,201,3,0.814,NA
203,1,count-odds,ifs,FALSE,20,elitize_generation_data,202,4,0.792,NA
204,1,count-odds,ifs,FALSE,20,elitize_generation_data,203,3,0.809,NA
205,1,count-odds,ifs,FALSE,20,elitize_generation_data,204,3,0.821,NA
206,1,count-odds,ifs,FALSE,20,elitize_generation_data,205,3,0.802,NA
207,1,count-odds,ifs,FALSE,20,elitize_generation_data,206,3,0.807,NA
208,1,count-odds,ifs,FALSE,20,elitize_generation_data,207,3,0.784,NA
209,1,count-odds,ifs,FALSE,20,elitize_generation_data,208,4,0.791,NA
210,1,count-odds,ifs,FALSE,20,elitize_generation_data,209,3,0.795,NA
211,1,count-odds,ifs,FALSE,20,elitize_generation_data,210,3,0.782,NA
212,1,count-odds,ifs,FALSE,20,elitize_generation_data,211,3,0.773,NA
213,1,count-odds,ifs,FALSE,20,elitize_generation_data,212,3,0.753,NA
214,1,count-odds,ifs,FALSE,20,elitize_generation_data,213,5,0.767,NA
215,1,count-odds,ifs,FALSE,20,elitize_generation_data,214,3,0.779,NA
216,1,count-odds,ifs,FALSE,20,elitize_generation_data,215,5,0.76,NA
217,1,count-odds,ifs,FALSE,20,elitize_generation_data,216,4,0.76,NA
218,1,count-odds,ifs,FALSE,20,elitize_generation_data,217,3,0.76,NA
219,1,count-odds,ifs,FALSE,20,elitize_generation_data,218,4,0.77,NA
220,1,count-odds,ifs,FALSE,20,elitize_generation_data,219,4,0.781,NA
221,1,count-odds,ifs,FALSE,20,elitize_generation_data,220,4,0.795,NA
222,1,count-odds,ifs,FALSE,20,elitize_generation_data,221,3,0.787,NA
223,1,count-odds,ifs,FALSE,20,elitize_generation_data,222,4,0.76,NA
224,1,count-odds,ifs,FALSE,20,elitize_generation_data,223,3,0.784,NA
225,1,count-odds,ifs,FALSE,20,elitize_generation_data,224,4,0.801,NA
226,1,count-odds,ifs,FALSE,20,elitize_generation_data,225,5,0.791,NA
227,1,count-odds,ifs,FALSE,20,elitize_generation_data,226,4,0.772,NA
228,1,count-odds,ifs,FALSE,20,elitize_generation_data,227,3,0.765,NA
229,1,count-odds,ifs,FALSE,20,elitize_generation_data,228,4,0.793,NA
230,1,count-odds,ifs,FALSE,20,elitize_generation_data,229,3,0.799,NA
231,1,count-odds,ifs,FALSE,20,elitize_generation_data,230,3,0.78,NA
232,1,count-odds,ifs,FALSE,20,elitize_generation_data,231,3,0.758,NA
233,1,count-odds,ifs,FALSE,20,elitize_generation_data,232,5,0.755,NA
234,1,count-odds,ifs,FALSE,20,elitize_generation_data,233,5,0.768,NA
235,1,count-odds,ifs,FALSE,20,elitize_generation_data,234,3,0.769,NA
236,1,count-odds,ifs,FALSE,20,elitize_generation_data,235,3,0.765,NA
237,1,count-odds,ifs,FALSE,20,elitize_generation_data,236,5,0.765,NA
238,1,count-odds,ifs,FALSE,20,elitize_generation_data,237,3,0.777,NA
239,1,count-odds,ifs,FALSE,20,elitize_generation_data,238,5,0.769,NA
240,1,count-odds,ifs,FALSE,20,elitize_generation_data,239,4,0.764,NA
241,1,count-odds,ifs,FALSE,20,elitize_generation_data,240,5,0.765,NA
242,1,count-odds,ifs,FALSE,20,elitize_generation_data,241,4,0.793,NA
243,1,count-odds,ifs,FALSE,20,elitize_generation_data,242,3,0.784,NA
244,1,count-odds,ifs,FALSE,20,elitize_generation_data,243,3,0.777,NA
245,1,count-odds,ifs,FALSE,20,elitize_generation_data,244,3,0.792,NA
246,1,count-odds,ifs,FALSE,20,elitize_generation_data,245,3,0.755,NA
247,1,count-odds,ifs,FALSE,20,elitize_generation_data,246,4,0.773,NA
248,1,count-odds,ifs,FALSE,20,elitize_generation_data,247,3,0.771,NA
249,1,count-odds,ifs,FALSE,20,elitize_generation_data,248,3,0.793,NA
250,1,count-odds,ifs,FALSE,20,elitize_generation_data,249,4,0.785,NA
251,1,count-odds,ifs,FALSE,20,elitize_generation_data,250,4,0.795,NA
252,1,count-odds,ifs,FALSE,20,elitize_generation_data,251,5,0.77,NA
253,1,count-odds,ifs,FALSE,20,elitize_generation_data,252,4,0.753,NA
254,1,count-odds,ifs,FALSE,20,elitize_generation_data,253,4,0.78,NA
255,1,count-odds,ifs,FALSE,20,elitize_generation_data,254,5,0.769,NA
256,1,count-odds,ifs,FALSE,20,elitize_generation_data,255,5,0.776,NA
257,1,count-odds,ifs,FALSE,20,elitize_generation_data,256,3,0.787,NA
258,1,count-odds,ifs,FALSE,20,elitize_generation_data,257,4,0.806,NA
259,1,count-odds,ifs,FALSE,20,elitize_generation_data,258,4,0.799,NA
260,1,count-odds,ifs,FALSE,20,elitize_generation_data,259,4,0.777,NA
261,1,count-odds,ifs,FALSE,20,elitize_generation_data,260,4,0.783,NA
262,1,count-odds,ifs,FALSE,20,elitize_generation_data,261,3,0.791,NA
263,1,count-odds,ifs,FALSE,20,elitize_generation_data,262,4,0.809,NA
264,1,count-odds,ifs,FALSE,20,elitize_generation_data,263,3,0.812,NA
265,1,count-odds,ifs,FALSE,20,elitize_generation_data,264,3,0.831,NA
266,1,count-odds,ifs,FALSE,20,elitize_generation_data,265,4,0.828,NA
267,1,count-odds,ifs,FALSE,20,elitize_generation_data,266,3,0.795,NA
268,1,count-odds,ifs,FALSE,20,elitize_generation_data,267,4,0.822,NA
269,1,count-odds,ifs,FALSE,20,elitize_generation_data,268,4,0.823,NA
270,1,count-odds,ifs,FALSE,20,elitize_generation_data,269,5,0.813,NA
271,1,count-odds,ifs,FALSE,20,elitize_generation_data,270,4,0.812,NA
272,1,count-odds,ifs,FALSE,20,elitize_generation_data,271,3,0.828,NA
273,1,count-odds,ifs,FALSE,20,elitize_generation_data,272,3,0.837,NA
274,1,count-odds,ifs,FALSE,20,elitize_generation_data,273,5,0.834,NA
275,1,count-odds,ifs,FALSE,20,elitize_generation_data,274,5,0.834,NA
276,1,count-odds,ifs,FALSE,20,elitize_generation_data,275,3,0.818,NA
277,1,count-odds,ifs,FALSE,20,elitize_generation_data,276,3,0.851,NA
278,1,count-odds,ifs,FALSE,20,elitize_generation_data,277,3,0.83,NA
279,1,count-odds,ifs,FALSE,20,elitize_generation_data,278,3,0.837,NA
280,1,count-odds,ifs,FALSE,20,elitize_generation_data,279,4,0.844,NA
281,1,count-odds,ifs,FALSE,20,elitize_generation_data,280,3,0.875,NA
282,1,count-odds,ifs,FALSE,20,elitize_generation_data,281,5,0.855,NA
283,1,count-odds,ifs,FALSE,20,elitize_generation_data,282,3,0.834,NA
284,1,count-odds,ifs,FALSE,20,elitize_generation_data,283,3,0.846,NA
285,1,count-odds,ifs,FALSE,20,elitize_generation_data,284,4,0.841,NA
286,1,count-odds,ifs,FALSE,20,elitize_generation_data,285,4,0.858,NA
287,1,count-odds,ifs,FALSE,20,elitize_generation_data,286,3,0.843,NA
288,1,count-odds,ifs,FALSE,20,elitize_generation_data,287,3,0.844,NA
289,1,count-odds,ifs,FALSE,20,elitize_generation_data,288,4,0.845,NA
290,1,count-odds,ifs,FALSE,20,elitize_generation_data,289,3,0.838,NA
291,1,count-odds,ifs,FALSE,20,elitize_generation_data,290,5,0.849,NA
292,1,count-odds,ifs,FALSE,20,elitize_generation_data,291,3,0.849,NA
293,1,count-odds,ifs,FALSE,20,elitize_generation_data,292,3,0.832,NA
294,1,count-odds,ifs,FALSE,20,elitize_generation_data,293,3,0.824,NA
295,1,count-odds,ifs,FALSE,20,elitize_generation_data,294,4,0.843,NA
296,1,count-odds,ifs,FALSE,20,elitize_generation_data,295,5,0.85,NA
297,1,count-odds,ifs,FALSE,20,elitize_generation_data,296,4,0.848,NA
298,1,count-odds,ifs,FALSE,20,elitize_generation_data,297,3,0.846,NA
299,1,count-odds,ifs,FALSE,20,elitize_generation_data,298,6,0.858,NA
300,1,count-odds,ifs,FALSE,20,elitize_generation_data,299,4,0.871,NA
301,1,count-odds,ifs,FALSE,20,elitize_generation_data,300,3,0.858,NA
