,run.num,problem,treatment,succeeded,height,normalization.function,generation,cluster.count,error.diversity,success.generation
1,73,negative-to-zero,lexicase,FALSE,20,elitize_generation_data,0,6,0.05,NA
2,73,negative-to-zero,lexicase,FALSE,20,elitize_generation_data,1,15,0.061,NA
3,73,negative-to-zero,lexicase,FALSE,20,elitize_generation_data,2,25,0.147,NA
4,73,negative-to-zero,lexicase,FALSE,20,elitize_generation_data,3,36,0.221,NA
5,73,negative-to-zero,lexicase,FALSE,20,elitize_generation_data,4,53,0.29,NA
6,73,negative-to-zero,lexicase,FALSE,20,elitize_generation_data,5,75,0.362,NA
7,73,negative-to-zero,lexicase,FALSE,20,elitize_generation_data,6,74,0.354,NA
8,73,negative-to-zero,lexicase,FALSE,20,elitize_generation_data,7,64,0.365,NA
9,73,negative-to-zero,lexicase,FALSE,20,elitize_generation_data,8,46,0.367,NA
10,73,negative-to-zero,lexicase,FALSE,20,elitize_generation_data,9,45,0.424,NA
11,73,negative-to-zero,lexicase,FALSE,20,elitize_generation_data,10,44,0.424,NA
12,73,negative-to-zero,lexicase,FALSE,20,elitize_generation_data,11,25,0.468,NA
13,73,negative-to-zero,lexicase,FALSE,20,elitize_generation_data,12,14,0.458,NA
14,73,negative-to-zero,lexicase,FALSE,20,elitize_generation_data,13,13,0.509,NA
15,73,negative-to-zero,lexicase,FALSE,20,elitize_generation_data,14,10,0.555,NA
16,73,negative-to-zero,lexicase,FALSE,20,elitize_generation_data,15,8,0.614,NA
17,73,negative-to-zero,lexicase,FALSE,20,elitize_generation_data,16,11,0.641,NA
18,73,negative-to-zero,lexicase,FALSE,20,elitize_generation_data,17,9,0.616,NA
19,73,negative-to-zero,lexicase,FALSE,20,elitize_generation_data,18,10,0.652,NA
20,73,negative-to-zero,lexicase,FALSE,20,elitize_generation_data,19,14,0.624,NA
21,73,negative-to-zero,lexicase,FALSE,20,elitize_generation_data,20,10,0.603,NA
22,73,negative-to-zero,lexicase,FALSE,20,elitize_generation_data,21,8,0.621,NA
23,73,negative-to-zero,lexicase,FALSE,20,elitize_generation_data,22,9,0.646,NA
24,73,negative-to-zero,lexicase,FALSE,20,elitize_generation_data,23,11,0.658,NA
25,73,negative-to-zero,lexicase,FALSE,20,elitize_generation_data,24,15,0.657,NA
26,73,negative-to-zero,lexicase,FALSE,20,elitize_generation_data,25,12,0.649,NA
27,73,negative-to-zero,lexicase,FALSE,20,elitize_generation_data,26,9,0.663,NA
28,73,negative-to-zero,lexicase,FALSE,20,elitize_generation_data,27,7,0.596,NA
29,73,negative-to-zero,lexicase,FALSE,20,elitize_generation_data,28,7,0.609,NA
30,73,negative-to-zero,lexicase,FALSE,20,elitize_generation_data,29,7,0.646,NA
31,73,negative-to-zero,lexicase,FALSE,20,elitize_generation_data,30,5,0.607,NA
32,73,negative-to-zero,lexicase,FALSE,20,elitize_generation_data,31,5,0.635,NA
33,73,negative-to-zero,lexicase,FALSE,20,elitize_generation_data,32,7,0.636,NA
34,73,negative-to-zero,lexicase,FALSE,20,elitize_generation_data,33,6,0.617,NA
35,73,negative-to-zero,lexicase,FALSE,20,elitize_generation_data,34,8,0.647,NA
36,73,negative-to-zero,lexicase,FALSE,20,elitize_generation_data,35,8,0.68,NA
37,73,negative-to-zero,lexicase,FALSE,20,elitize_generation_data,36,9,0.685,NA
38,73,negative-to-zero,lexicase,FALSE,20,elitize_generation_data,37,7,0.677,NA
39,73,negative-to-zero,lexicase,FALSE,20,elitize_generation_data,38,7,0.708,NA
40,73,negative-to-zero,lexicase,FALSE,20,elitize_generation_data,39,5,0.717,NA
41,73,negative-to-zero,lexicase,FALSE,20,elitize_generation_data,40,8,0.713,NA
42,73,negative-to-zero,lexicase,FALSE,20,elitize_generation_data,41,9,0.723,NA
43,73,negative-to-zero,lexicase,FALSE,20,elitize_generation_data,42,10,0.695,NA
44,73,negative-to-zero,lexicase,FALSE,20,elitize_generation_data,43,11,0.726,NA
45,73,negative-to-zero,lexicase,FALSE,20,elitize_generation_data,44,11,0.726,NA
46,73,negative-to-zero,lexicase,FALSE,20,elitize_generation_data,45,8,0.756,NA
47,73,negative-to-zero,lexicase,FALSE,20,elitize_generation_data,46,7,0.735,NA
48,73,negative-to-zero,lexicase,FALSE,20,elitize_generation_data,47,8,0.751,NA
49,73,negative-to-zero,lexicase,FALSE,20,elitize_generation_data,48,11,0.735,NA
50,73,negative-to-zero,lexicase,FALSE,20,elitize_generation_data,49,11,0.738,NA
51,73,negative-to-zero,lexicase,FALSE,20,elitize_generation_data,50,11,0.72,NA
52,73,negative-to-zero,lexicase,FALSE,20,elitize_generation_data,51,10,0.725,NA
53,73,negative-to-zero,lexicase,FALSE,20,elitize_generation_data,52,7,0.73,NA
54,73,negative-to-zero,lexicase,FALSE,20,elitize_generation_data,53,6,0.759,NA
55,73,negative-to-zero,lexicase,FALSE,20,elitize_generation_data,54,10,0.781,NA
56,73,negative-to-zero,lexicase,FALSE,20,elitize_generation_data,55,8,0.754,NA
57,73,negative-to-zero,lexicase,FALSE,20,elitize_generation_data,56,8,0.779,NA
58,73,negative-to-zero,lexicase,FALSE,20,elitize_generation_data,57,7,0.746,NA
59,73,negative-to-zero,lexicase,FALSE,20,elitize_generation_data,58,8,0.761,NA
60,73,negative-to-zero,lexicase,FALSE,20,elitize_generation_data,59,8,0.755,NA
61,73,negative-to-zero,lexicase,FALSE,20,elitize_generation_data,60,10,0.77,NA
62,73,negative-to-zero,lexicase,FALSE,20,elitize_generation_data,61,8,0.761,NA
63,73,negative-to-zero,lexicase,FALSE,20,elitize_generation_data,62,9,0.795,NA
64,73,negative-to-zero,lexicase,FALSE,20,elitize_generation_data,63,10,0.782,NA
65,73,negative-to-zero,lexicase,FALSE,20,elitize_generation_data,64,10,0.781,NA
66,73,negative-to-zero,lexicase,FALSE,20,elitize_generation_data,65,11,0.761,NA
67,73,negative-to-zero,lexicase,FALSE,20,elitize_generation_data,66,10,0.765,NA
68,73,negative-to-zero,lexicase,FALSE,20,elitize_generation_data,67,8,0.779,NA
69,73,negative-to-zero,lexicase,FALSE,20,elitize_generation_data,68,9,0.776,NA
70,73,negative-to-zero,lexicase,FALSE,20,elitize_generation_data,69,9,0.796,NA
71,73,negative-to-zero,lexicase,FALSE,20,elitize_generation_data,70,7,0.777,NA
72,73,negative-to-zero,lexicase,FALSE,20,elitize_generation_data,71,10,0.794,NA
73,73,negative-to-zero,lexicase,FALSE,20,elitize_generation_data,72,11,0.779,NA
74,73,negative-to-zero,lexicase,FALSE,20,elitize_generation_data,73,11,0.766,NA
75,73,negative-to-zero,lexicase,FALSE,20,elitize_generation_data,74,14,0.792,NA
76,73,negative-to-zero,lexicase,FALSE,20,elitize_generation_data,75,12,0.806,NA
77,73,negative-to-zero,lexicase,FALSE,20,elitize_generation_data,76,12,0.786,NA
78,73,negative-to-zero,lexicase,FALSE,20,elitize_generation_data,77,10,0.798,NA
79,73,negative-to-zero,lexicase,FALSE,20,elitize_generation_data,78,7,0.786,NA
80,73,negative-to-zero,lexicase,FALSE,20,elitize_generation_data,79,8,0.784,NA
81,73,negative-to-zero,lexicase,FALSE,20,elitize_generation_data,80,9,0.822,NA
82,73,negative-to-zero,lexicase,FALSE,20,elitize_generation_data,81,10,0.791,NA
83,73,negative-to-zero,lexicase,FALSE,20,elitize_generation_data,82,10,0.78,NA
84,73,negative-to-zero,lexicase,FALSE,20,elitize_generation_data,83,10,0.801,NA
85,73,negative-to-zero,lexicase,FALSE,20,elitize_generation_data,84,11,0.788,NA
86,73,negative-to-zero,lexicase,FALSE,20,elitize_generation_data,85,10,0.799,NA
87,73,negative-to-zero,lexicase,FALSE,20,elitize_generation_data,86,8,0.791,NA
88,73,negative-to-zero,lexicase,FALSE,20,elitize_generation_data,87,7,0.796,NA
89,73,negative-to-zero,lexicase,FALSE,20,elitize_generation_data,88,11,0.809,NA
90,73,negative-to-zero,lexicase,FALSE,20,elitize_generation_data,89,14,0.817,NA
91,73,negative-to-zero,lexicase,FALSE,20,elitize_generation_data,90,15,0.795,NA
92,73,negative-to-zero,lexicase,FALSE,20,elitize_generation_data,91,15,0.786,NA
93,73,negative-to-zero,lexicase,FALSE,20,elitize_generation_data,92,12,0.802,NA
94,73,negative-to-zero,lexicase,FALSE,20,elitize_generation_data,93,12,0.804,NA
95,73,negative-to-zero,lexicase,FALSE,20,elitize_generation_data,94,12,0.793,NA
96,73,negative-to-zero,lexicase,FALSE,20,elitize_generation_data,95,12,0.809,NA
97,73,negative-to-zero,lexicase,FALSE,20,elitize_generation_data,96,14,0.814,NA
98,73,negative-to-zero,lexicase,FALSE,20,elitize_generation_data,97,10,0.826,NA
99,73,negative-to-zero,lexicase,FALSE,20,elitize_generation_data,98,17,0.802,NA
100,73,negative-to-zero,lexicase,FALSE,20,elitize_generation_data,99,19,0.816,NA
101,73,negative-to-zero,lexicase,FALSE,20,elitize_generation_data,100,16,0.813,NA
102,73,negative-to-zero,lexicase,FALSE,20,elitize_generation_data,101,15,0.818,NA
103,73,negative-to-zero,lexicase,FALSE,20,elitize_generation_data,102,13,0.807,NA
104,73,negative-to-zero,lexicase,FALSE,20,elitize_generation_data,103,14,0.818,NA
105,73,negative-to-zero,lexicase,FALSE,20,elitize_generation_data,104,13,0.794,NA
106,73,negative-to-zero,lexicase,FALSE,20,elitize_generation_data,105,16,0.833,NA
107,73,negative-to-zero,lexicase,FALSE,20,elitize_generation_data,106,14,0.819,NA
108,73,negative-to-zero,lexicase,FALSE,20,elitize_generation_data,107,13,0.828,NA
109,73,negative-to-zero,lexicase,FALSE,20,elitize_generation_data,108,13,0.823,NA
110,73,negative-to-zero,lexicase,FALSE,20,elitize_generation_data,109,13,0.828,NA
111,73,negative-to-zero,lexicase,FALSE,20,elitize_generation_data,110,18,0.839,NA
112,73,negative-to-zero,lexicase,FALSE,20,elitize_generation_data,111,16,0.812,NA
113,73,negative-to-zero,lexicase,FALSE,20,elitize_generation_data,112,12,0.815,NA
114,73,negative-to-zero,lexicase,FALSE,20,elitize_generation_data,113,14,0.809,NA
115,73,negative-to-zero,lexicase,FALSE,20,elitize_generation_data,114,13,0.839,NA
116,73,negative-to-zero,lexicase,FALSE,20,elitize_generation_data,115,14,0.804,NA
117,73,negative-to-zero,lexicase,FALSE,20,elitize_generation_data,116,13,0.814,NA
118,73,negative-to-zero,lexicase,FALSE,20,elitize_generation_data,117,11,0.829,NA
119,73,negative-to-zero,lexicase,FALSE,20,elitize_generation_data,118,11,0.821,NA
120,73,negative-to-zero,lexicase,FALSE,20,elitize_generation_data,119,12,0.799,NA
121,73,negative-to-zero,lexicase,FALSE,20,elitize_generation_data,120,12,0.797,NA
122,73,negative-to-zero,lexicase,FALSE,20,elitize_generation_data,121,14,0.8,NA
123,73,negative-to-zero,lexicase,FALSE,20,elitize_generation_data,122,15,0.783,NA
124,73,negative-to-zero,lexicase,FALSE,20,elitize_generation_data,123,13,0.805,NA
125,73,negative-to-zero,lexicase,FALSE,20,elitize_generation_data,124,12,0.782,NA
126,73,negative-to-zero,lexicase,FALSE,20,elitize_generation_data,125,12,0.758,NA
127,73,negative-to-zero,lexicase,FALSE,20,elitize_generation_data,126,13,0.792,NA
128,73,negative-to-zero,lexicase,FALSE,20,elitize_generation_data,127,10,0.793,NA
129,73,negative-to-zero,lexicase,FALSE,20,elitize_generation_data,128,14,0.766,NA
130,73,negative-to-zero,lexicase,FALSE,20,elitize_generation_data,129,13,0.778,NA
131,73,negative-to-zero,lexicase,FALSE,20,elitize_generation_data,130,13,0.761,NA
132,73,negative-to-zero,lexicase,FALSE,20,elitize_generation_data,131,11,0.789,NA
133,73,negative-to-zero,lexicase,FALSE,20,elitize_generation_data,132,15,0.761,NA
134,73,negative-to-zero,lexicase,FALSE,20,elitize_generation_data,133,10,0.767,NA
135,73,negative-to-zero,lexicase,FALSE,20,elitize_generation_data,134,13,0.772,NA
136,73,negative-to-zero,lexicase,FALSE,20,elitize_generation_data,135,11,0.787,NA
137,73,negative-to-zero,lexicase,FALSE,20,elitize_generation_data,136,14,0.769,NA
138,73,negative-to-zero,lexicase,FALSE,20,elitize_generation_data,137,10,0.765,NA
139,73,negative-to-zero,lexicase,FALSE,20,elitize_generation_data,138,9,0.77,NA
140,73,negative-to-zero,lexicase,FALSE,20,elitize_generation_data,139,9,0.764,NA
141,73,negative-to-zero,lexicase,FALSE,20,elitize_generation_data,140,11,0.781,NA
142,73,negative-to-zero,lexicase,FALSE,20,elitize_generation_data,141,11,0.762,NA
143,73,negative-to-zero,lexicase,FALSE,20,elitize_generation_data,142,9,0.757,NA
144,73,negative-to-zero,lexicase,FALSE,20,elitize_generation_data,143,12,0.782,NA
145,73,negative-to-zero,lexicase,FALSE,20,elitize_generation_data,144,12,0.78,NA
146,73,negative-to-zero,lexicase,FALSE,20,elitize_generation_data,145,14,0.761,NA
147,73,negative-to-zero,lexicase,FALSE,20,elitize_generation_data,146,16,0.769,NA
148,73,negative-to-zero,lexicase,FALSE,20,elitize_generation_data,147,15,0.79,NA
149,73,negative-to-zero,lexicase,FALSE,20,elitize_generation_data,148,19,0.765,NA
150,73,negative-to-zero,lexicase,FALSE,20,elitize_generation_data,149,13,0.788,NA
151,73,negative-to-zero,lexicase,FALSE,20,elitize_generation_data,150,11,0.776,NA
152,73,negative-to-zero,lexicase,FALSE,20,elitize_generation_data,151,10,0.78,NA
153,73,negative-to-zero,lexicase,FALSE,20,elitize_generation_data,152,11,0.743,NA
154,73,negative-to-zero,lexicase,FALSE,20,elitize_generation_data,153,9,0.75,NA
155,73,negative-to-zero,lexicase,FALSE,20,elitize_generation_data,154,11,0.746,NA
156,73,negative-to-zero,lexicase,FALSE,20,elitize_generation_data,155,14,0.738,NA
157,73,negative-to-zero,lexicase,FALSE,20,elitize_generation_data,156,11,0.732,NA
158,73,negative-to-zero,lexicase,FALSE,20,elitize_generation_data,157,14,0.73,NA
159,73,negative-to-zero,lexicase,FALSE,20,elitize_generation_data,158,12,0.737,NA
160,73,negative-to-zero,lexicase,FALSE,20,elitize_generation_data,159,12,0.73,NA
161,73,negative-to-zero,lexicase,FALSE,20,elitize_generation_data,160,13,0.761,NA
162,73,negative-to-zero,lexicase,FALSE,20,elitize_generation_data,161,12,0.739,NA
163,73,negative-to-zero,lexicase,FALSE,20,elitize_generation_data,162,12,0.734,NA
164,73,negative-to-zero,lexicase,FALSE,20,elitize_generation_data,163,15,0.717,NA
165,73,negative-to-zero,lexicase,FALSE,20,elitize_generation_data,164,14,0.716,NA
166,73,negative-to-zero,lexicase,FALSE,20,elitize_generation_data,165,13,0.722,NA
167,73,negative-to-zero,lexicase,FALSE,20,elitize_generation_data,166,12,0.729,NA
168,73,negative-to-zero,lexicase,FALSE,20,elitize_generation_data,167,10,0.733,NA
169,73,negative-to-zero,lexicase,FALSE,20,elitize_generation_data,168,14,0.734,NA
170,73,negative-to-zero,lexicase,FALSE,20,elitize_generation_data,169,13,0.73,NA
171,73,negative-to-zero,lexicase,FALSE,20,elitize_generation_data,170,13,0.758,NA
172,73,negative-to-zero,lexicase,FALSE,20,elitize_generation_data,171,12,0.751,NA
173,73,negative-to-zero,lexicase,FALSE,20,elitize_generation_data,172,13,0.734,NA
174,73,negative-to-zero,lexicase,FALSE,20,elitize_generation_data,173,12,0.712,NA
175,73,negative-to-zero,lexicase,FALSE,20,elitize_generation_data,174,12,0.73,NA
176,73,negative-to-zero,lexicase,FALSE,20,elitize_generation_data,175,11,0.73,NA
177,73,negative-to-zero,lexicase,FALSE,20,elitize_generation_data,176,11,0.731,NA
178,73,negative-to-zero,lexicase,FALSE,20,elitize_generation_data,177,11,0.714,NA
179,73,negative-to-zero,lexicase,FALSE,20,elitize_generation_data,178,13,0.72,NA
180,73,negative-to-zero,lexicase,FALSE,20,elitize_generation_data,179,13,0.741,NA
181,73,negative-to-zero,lexicase,FALSE,20,elitize_generation_data,180,14,0.733,NA
182,73,negative-to-zero,lexicase,FALSE,20,elitize_generation_data,181,8,0.744,NA
183,73,negative-to-zero,lexicase,FALSE,20,elitize_generation_data,182,10,0.732,NA
184,73,negative-to-zero,lexicase,FALSE,20,elitize_generation_data,183,11,0.727,NA
185,73,negative-to-zero,lexicase,FALSE,20,elitize_generation_data,184,13,0.719,NA
186,73,negative-to-zero,lexicase,FALSE,20,elitize_generation_data,185,11,0.724,NA
187,73,negative-to-zero,lexicase,FALSE,20,elitize_generation_data,186,11,0.727,NA
188,73,negative-to-zero,lexicase,FALSE,20,elitize_generation_data,187,13,0.715,NA
189,73,negative-to-zero,lexicase,FALSE,20,elitize_generation_data,188,14,0.722,NA
190,73,negative-to-zero,lexicase,FALSE,20,elitize_generation_data,189,11,0.704,NA
191,73,negative-to-zero,lexicase,FALSE,20,elitize_generation_data,190,11,0.712,NA
192,73,negative-to-zero,lexicase,FALSE,20,elitize_generation_data,191,11,0.686,NA
193,73,negative-to-zero,lexicase,FALSE,20,elitize_generation_data,192,11,0.718,NA
194,73,negative-to-zero,lexicase,FALSE,20,elitize_generation_data,193,11,0.72,NA
195,73,negative-to-zero,lexicase,FALSE,20,elitize_generation_data,194,13,0.706,NA
196,73,negative-to-zero,lexicase,FALSE,20,elitize_generation_data,195,16,0.723,NA
197,73,negative-to-zero,lexicase,FALSE,20,elitize_generation_data,196,9,0.732,NA
198,73,negative-to-zero,lexicase,FALSE,20,elitize_generation_data,197,14,0.709,NA
199,73,negative-to-zero,lexicase,FALSE,20,elitize_generation_data,198,11,0.711,NA
200,73,negative-to-zero,lexicase,FALSE,20,elitize_generation_data,199,12,0.697,NA
201,73,negative-to-zero,lexicase,FALSE,20,elitize_generation_data,200,11,0.704,NA
202,73,negative-to-zero,lexicase,FALSE,20,elitize_generation_data,201,10,0.692,NA
203,73,negative-to-zero,lexicase,FALSE,20,elitize_generation_data,202,9,0.726,NA
204,73,negative-to-zero,lexicase,FALSE,20,elitize_generation_data,203,12,0.717,NA
205,73,negative-to-zero,lexicase,FALSE,20,elitize_generation_data,204,10,0.715,NA
206,73,negative-to-zero,lexicase,FALSE,20,elitize_generation_data,205,9,0.735,NA
207,73,negative-to-zero,lexicase,FALSE,20,elitize_generation_data,206,12,0.713,NA
208,73,negative-to-zero,lexicase,FALSE,20,elitize_generation_data,207,12,0.721,NA
209,73,negative-to-zero,lexicase,FALSE,20,elitize_generation_data,208,14,0.709,NA
210,73,negative-to-zero,lexicase,FALSE,20,elitize_generation_data,209,12,0.702,NA
211,73,negative-to-zero,lexicase,FALSE,20,elitize_generation_data,210,11,0.722,NA
212,73,negative-to-zero,lexicase,FALSE,20,elitize_generation_data,211,11,0.737,NA
213,73,negative-to-zero,lexicase,FALSE,20,elitize_generation_data,212,11,0.711,NA
214,73,negative-to-zero,lexicase,FALSE,20,elitize_generation_data,213,15,0.737,NA
215,73,negative-to-zero,lexicase,FALSE,20,elitize_generation_data,214,13,0.732,NA
216,73,negative-to-zero,lexicase,FALSE,20,elitize_generation_data,215,11,0.724,NA
217,73,negative-to-zero,lexicase,FALSE,20,elitize_generation_data,216,13,0.727,NA
218,73,negative-to-zero,lexicase,FALSE,20,elitize_generation_data,217,12,0.748,NA
219,73,negative-to-zero,lexicase,FALSE,20,elitize_generation_data,218,13,0.71,NA
220,73,negative-to-zero,lexicase,FALSE,20,elitize_generation_data,219,10,0.71,NA
221,73,negative-to-zero,lexicase,FALSE,20,elitize_generation_data,220,13,0.723,NA
222,73,negative-to-zero,lexicase,FALSE,20,elitize_generation_data,221,11,0.693,NA
223,73,negative-to-zero,lexicase,FALSE,20,elitize_generation_data,222,11,0.722,NA
224,73,negative-to-zero,lexicase,FALSE,20,elitize_generation_data,223,13,0.723,NA
225,73,negative-to-zero,lexicase,FALSE,20,elitize_generation_data,224,9,0.703,NA
226,73,negative-to-zero,lexicase,FALSE,20,elitize_generation_data,225,9,0.704,NA
227,73,negative-to-zero,lexicase,FALSE,20,elitize_generation_data,226,9,0.702,NA
228,73,negative-to-zero,lexicase,FALSE,20,elitize_generation_data,227,9,0.692,NA
229,73,negative-to-zero,lexicase,FALSE,20,elitize_generation_data,228,13,0.713,NA
230,73,negative-to-zero,lexicase,FALSE,20,elitize_generation_data,229,12,0.712,NA
231,73,negative-to-zero,lexicase,FALSE,20,elitize_generation_data,230,10,0.707,NA
232,73,negative-to-zero,lexicase,FALSE,20,elitize_generation_data,231,11,0.71,NA
233,73,negative-to-zero,lexicase,FALSE,20,elitize_generation_data,232,11,0.711,NA
234,73,negative-to-zero,lexicase,FALSE,20,elitize_generation_data,233,12,0.719,NA
235,73,negative-to-zero,lexicase,FALSE,20,elitize_generation_data,234,11,0.705,NA
236,73,negative-to-zero,lexicase,FALSE,20,elitize_generation_data,235,13,0.652,NA
237,73,negative-to-zero,lexicase,FALSE,20,elitize_generation_data,236,12,0.713,NA
238,73,negative-to-zero,lexicase,FALSE,20,elitize_generation_data,237,10,0.687,NA
239,73,negative-to-zero,lexicase,FALSE,20,elitize_generation_data,238,14,0.667,NA
240,73,negative-to-zero,lexicase,FALSE,20,elitize_generation_data,239,11,0.693,NA
241,73,negative-to-zero,lexicase,FALSE,20,elitize_generation_data,240,10,0.681,NA
242,73,negative-to-zero,lexicase,FALSE,20,elitize_generation_data,241,11,0.698,NA
243,73,negative-to-zero,lexicase,FALSE,20,elitize_generation_data,242,11,0.695,NA
244,73,negative-to-zero,lexicase,FALSE,20,elitize_generation_data,243,11,0.681,NA
245,73,negative-to-zero,lexicase,FALSE,20,elitize_generation_data,244,10,0.69,NA
246,73,negative-to-zero,lexicase,FALSE,20,elitize_generation_data,245,10,0.696,NA
247,73,negative-to-zero,lexicase,FALSE,20,elitize_generation_data,246,10,0.705,NA
248,73,negative-to-zero,lexicase,FALSE,20,elitize_generation_data,247,10,0.67,NA
249,73,negative-to-zero,lexicase,FALSE,20,elitize_generation_data,248,13,0.658,NA
250,73,negative-to-zero,lexicase,FALSE,20,elitize_generation_data,249,12,0.683,NA
251,73,negative-to-zero,lexicase,FALSE,20,elitize_generation_data,250,11,0.699,NA
252,73,negative-to-zero,lexicase,FALSE,20,elitize_generation_data,251,12,0.685,NA
253,73,negative-to-zero,lexicase,FALSE,20,elitize_generation_data,252,13,0.678,NA
254,73,negative-to-zero,lexicase,FALSE,20,elitize_generation_data,253,14,0.684,NA
255,73,negative-to-zero,lexicase,FALSE,20,elitize_generation_data,254,13,0.696,NA
256,73,negative-to-zero,lexicase,FALSE,20,elitize_generation_data,255,13,0.679,NA
257,73,negative-to-zero,lexicase,FALSE,20,elitize_generation_data,256,13,0.689,NA
258,73,negative-to-zero,lexicase,FALSE,20,elitize_generation_data,257,15,0.694,NA
259,73,negative-to-zero,lexicase,FALSE,20,elitize_generation_data,258,13,0.679,NA
260,73,negative-to-zero,lexicase,FALSE,20,elitize_generation_data,259,13,0.704,NA
261,73,negative-to-zero,lexicase,FALSE,20,elitize_generation_data,260,14,0.688,NA
262,73,negative-to-zero,lexicase,FALSE,20,elitize_generation_data,261,14,0.705,NA
263,73,negative-to-zero,lexicase,FALSE,20,elitize_generation_data,262,12,0.697,NA
264,73,negative-to-zero,lexicase,FALSE,20,elitize_generation_data,263,11,0.729,NA
265,73,negative-to-zero,lexicase,FALSE,20,elitize_generation_data,264,11,0.709,NA
266,73,negative-to-zero,lexicase,FALSE,20,elitize_generation_data,265,12,0.72,NA
267,73,negative-to-zero,lexicase,FALSE,20,elitize_generation_data,266,16,0.715,NA
268,73,negative-to-zero,lexicase,FALSE,20,elitize_generation_data,267,14,0.685,NA
269,73,negative-to-zero,lexicase,FALSE,20,elitize_generation_data,268,14,0.708,NA
270,73,negative-to-zero,lexicase,FALSE,20,elitize_generation_data,269,12,0.7,NA
271,73,negative-to-zero,lexicase,FALSE,20,elitize_generation_data,270,11,0.723,NA
272,73,negative-to-zero,lexicase,FALSE,20,elitize_generation_data,271,13,0.722,NA
273,73,negative-to-zero,lexicase,FALSE,20,elitize_generation_data,272,12,0.708,NA
274,73,negative-to-zero,lexicase,FALSE,20,elitize_generation_data,273,12,0.705,NA
275,73,negative-to-zero,lexicase,FALSE,20,elitize_generation_data,274,9,0.697,NA
276,73,negative-to-zero,lexicase,FALSE,20,elitize_generation_data,275,10,0.688,NA
277,73,negative-to-zero,lexicase,FALSE,20,elitize_generation_data,276,13,0.695,NA
278,73,negative-to-zero,lexicase,FALSE,20,elitize_generation_data,277,11,0.673,NA
279,73,negative-to-zero,lexicase,FALSE,20,elitize_generation_data,278,11,0.683,NA
280,73,negative-to-zero,lexicase,FALSE,20,elitize_generation_data,279,15,0.724,NA
281,73,negative-to-zero,lexicase,FALSE,20,elitize_generation_data,280,15,0.693,NA
282,73,negative-to-zero,lexicase,FALSE,20,elitize_generation_data,281,14,0.686,NA
283,73,negative-to-zero,lexicase,FALSE,20,elitize_generation_data,282,13,0.674,NA
284,73,negative-to-zero,lexicase,FALSE,20,elitize_generation_data,283,13,0.705,NA
285,73,negative-to-zero,lexicase,FALSE,20,elitize_generation_data,284,13,0.681,NA
286,73,negative-to-zero,lexicase,FALSE,20,elitize_generation_data,285,13,0.687,NA
287,73,negative-to-zero,lexicase,FALSE,20,elitize_generation_data,286,14,0.674,NA
288,73,negative-to-zero,lexicase,FALSE,20,elitize_generation_data,287,16,0.686,NA
289,73,negative-to-zero,lexicase,FALSE,20,elitize_generation_data,288,16,0.669,NA
290,73,negative-to-zero,lexicase,FALSE,20,elitize_generation_data,289,16,0.654,NA
291,73,negative-to-zero,lexicase,FALSE,20,elitize_generation_data,290,16,0.681,NA
292,73,negative-to-zero,lexicase,FALSE,20,elitize_generation_data,291,14,0.696,NA
293,73,negative-to-zero,lexicase,FALSE,20,elitize_generation_data,292,15,0.716,NA
294,73,negative-to-zero,lexicase,FALSE,20,elitize_generation_data,293,15,0.664,NA
295,73,negative-to-zero,lexicase,FALSE,20,elitize_generation_data,294,17,0.684,NA
296,73,negative-to-zero,lexicase,FALSE,20,elitize_generation_data,295,14,0.717,NA
297,73,negative-to-zero,lexicase,FALSE,20,elitize_generation_data,296,16,0.684,NA
298,73,negative-to-zero,lexicase,FALSE,20,elitize_generation_data,297,16,0.711,NA
299,73,negative-to-zero,lexicase,FALSE,20,elitize_generation_data,298,17,0.706,NA
300,73,negative-to-zero,lexicase,FALSE,20,elitize_generation_data,299,13,0.668,NA
301,73,negative-to-zero,lexicase,FALSE,20,elitize_generation_data,300,17,0.714,NA
