,run.num,problem,treatment,succeeded,height,normalization.function,generation,cluster.count,error.diversity,success.generation
1,28,negative-to-zero,lexicase,FALSE,20,elitize_generation_data,0,8,0.039,NA
2,28,negative-to-zero,lexicase,FALSE,20,elitize_generation_data,1,26,0.092,NA
3,28,negative-to-zero,lexicase,FALSE,20,elitize_generation_data,2,121,0.282,NA
4,28,negative-to-zero,lexicase,FALSE,20,elitize_generation_data,3,204,0.408,NA
5,28,negative-to-zero,lexicase,FALSE,20,elitize_generation_data,4,252,0.482,NA
6,28,negative-to-zero,lexicase,FALSE,20,elitize_generation_data,5,189,0.598,NA
7,28,negative-to-zero,lexicase,FALSE,20,elitize_generation_data,6,51,0.65,NA
8,28,negative-to-zero,lexicase,FALSE,20,elitize_generation_data,7,26,0.699,NA
9,28,negative-to-zero,lexicase,FALSE,20,elitize_generation_data,8,7,0.658,NA
10,28,negative-to-zero,lexicase,FALSE,20,elitize_generation_data,9,9,0.711,NA
11,28,negative-to-zero,lexicase,FALSE,20,elitize_generation_data,10,13,0.732,NA
12,28,negative-to-zero,lexicase,FALSE,20,elitize_generation_data,11,24,0.744,NA
13,28,negative-to-zero,lexicase,FALSE,20,elitize_generation_data,12,22,0.728,NA
14,28,negative-to-zero,lexicase,FALSE,20,elitize_generation_data,13,27,0.751,NA
15,28,negative-to-zero,lexicase,FALSE,20,elitize_generation_data,14,24,0.755,NA
16,28,negative-to-zero,lexicase,FALSE,20,elitize_generation_data,15,28,0.778,NA
17,28,negative-to-zero,lexicase,FALSE,20,elitize_generation_data,16,29,0.742,NA
18,28,negative-to-zero,lexicase,FALSE,20,elitize_generation_data,17,36,0.762,NA
19,28,negative-to-zero,lexicase,FALSE,20,elitize_generation_data,18,33,0.778,NA
20,28,negative-to-zero,lexicase,FALSE,20,elitize_generation_data,19,34,0.782,NA
21,28,negative-to-zero,lexicase,FALSE,20,elitize_generation_data,20,39,0.773,NA
22,28,negative-to-zero,lexicase,FALSE,20,elitize_generation_data,21,33,0.81,NA
23,28,negative-to-zero,lexicase,FALSE,20,elitize_generation_data,22,39,0.786,NA
24,28,negative-to-zero,lexicase,FALSE,20,elitize_generation_data,23,38,0.795,NA
25,28,negative-to-zero,lexicase,FALSE,20,elitize_generation_data,24,37,0.799,NA
26,28,negative-to-zero,lexicase,FALSE,20,elitize_generation_data,25,28,0.798,NA
27,28,negative-to-zero,lexicase,FALSE,20,elitize_generation_data,26,30,0.783,NA
28,28,negative-to-zero,lexicase,FALSE,20,elitize_generation_data,27,27,0.794,NA
29,28,negative-to-zero,lexicase,FALSE,20,elitize_generation_data,28,34,0.819,NA
30,28,negative-to-zero,lexicase,FALSE,20,elitize_generation_data,29,29,0.808,NA
31,28,negative-to-zero,lexicase,FALSE,20,elitize_generation_data,30,30,0.805,NA
32,28,negative-to-zero,lexicase,FALSE,20,elitize_generation_data,31,28,0.797,NA
33,28,negative-to-zero,lexicase,FALSE,20,elitize_generation_data,32,38,0.801,NA
34,28,negative-to-zero,lexicase,FALSE,20,elitize_generation_data,33,21,0.787,NA
35,28,negative-to-zero,lexicase,FALSE,20,elitize_generation_data,34,22,0.826,NA
36,28,negative-to-zero,lexicase,FALSE,20,elitize_generation_data,35,16,0.821,NA
37,28,negative-to-zero,lexicase,FALSE,20,elitize_generation_data,36,26,0.808,NA
38,28,negative-to-zero,lexicase,FALSE,20,elitize_generation_data,37,23,0.837,NA
39,28,negative-to-zero,lexicase,FALSE,20,elitize_generation_data,38,16,0.833,NA
40,28,negative-to-zero,lexicase,FALSE,20,elitize_generation_data,39,24,0.838,NA
41,28,negative-to-zero,lexicase,FALSE,20,elitize_generation_data,40,20,0.825,NA
42,28,negative-to-zero,lexicase,FALSE,20,elitize_generation_data,41,16,0.826,NA
43,28,negative-to-zero,lexicase,FALSE,20,elitize_generation_data,42,15,0.838,NA
44,28,negative-to-zero,lexicase,FALSE,20,elitize_generation_data,43,15,0.845,NA
45,28,negative-to-zero,lexicase,FALSE,20,elitize_generation_data,44,18,0.833,NA
46,28,negative-to-zero,lexicase,FALSE,20,elitize_generation_data,45,17,0.807,NA
47,28,negative-to-zero,lexicase,FALSE,20,elitize_generation_data,46,17,0.814,NA
48,28,negative-to-zero,lexicase,FALSE,20,elitize_generation_data,47,17,0.81,NA
49,28,negative-to-zero,lexicase,FALSE,20,elitize_generation_data,48,14,0.826,NA
50,28,negative-to-zero,lexicase,FALSE,20,elitize_generation_data,49,17,0.804,NA
51,28,negative-to-zero,lexicase,FALSE,20,elitize_generation_data,50,25,0.823,NA
52,28,negative-to-zero,lexicase,FALSE,20,elitize_generation_data,51,18,0.797,NA
53,28,negative-to-zero,lexicase,FALSE,20,elitize_generation_data,52,17,0.812,NA
54,28,negative-to-zero,lexicase,FALSE,20,elitize_generation_data,53,14,0.83,NA
55,28,negative-to-zero,lexicase,FALSE,20,elitize_generation_data,54,18,0.799,NA
56,28,negative-to-zero,lexicase,FALSE,20,elitize_generation_data,55,13,0.819,NA
57,28,negative-to-zero,lexicase,FALSE,20,elitize_generation_data,56,16,0.824,NA
58,28,negative-to-zero,lexicase,FALSE,20,elitize_generation_data,57,16,0.81,NA
59,28,negative-to-zero,lexicase,FALSE,20,elitize_generation_data,58,21,0.807,NA
60,28,negative-to-zero,lexicase,FALSE,20,elitize_generation_data,59,15,0.801,NA
61,28,negative-to-zero,lexicase,FALSE,20,elitize_generation_data,60,16,0.803,NA
62,28,negative-to-zero,lexicase,FALSE,20,elitize_generation_data,61,16,0.813,NA
63,28,negative-to-zero,lexicase,FALSE,20,elitize_generation_data,62,12,0.802,NA
64,28,negative-to-zero,lexicase,FALSE,20,elitize_generation_data,63,14,0.796,NA
65,28,negative-to-zero,lexicase,FALSE,20,elitize_generation_data,64,13,0.82,NA
66,28,negative-to-zero,lexicase,FALSE,20,elitize_generation_data,65,16,0.79,NA
67,28,negative-to-zero,lexicase,FALSE,20,elitize_generation_data,66,16,0.793,NA
68,28,negative-to-zero,lexicase,FALSE,20,elitize_generation_data,67,10,0.796,NA
69,28,negative-to-zero,lexicase,FALSE,20,elitize_generation_data,68,8,0.776,NA
70,28,negative-to-zero,lexicase,FALSE,20,elitize_generation_data,69,12,0.815,NA
71,28,negative-to-zero,lexicase,FALSE,20,elitize_generation_data,70,13,0.8,NA
72,28,negative-to-zero,lexicase,FALSE,20,elitize_generation_data,71,10,0.79,NA
73,28,negative-to-zero,lexicase,FALSE,20,elitize_generation_data,72,14,0.763,NA
74,28,negative-to-zero,lexicase,FALSE,20,elitize_generation_data,73,11,0.778,NA
75,28,negative-to-zero,lexicase,FALSE,20,elitize_generation_data,74,11,0.791,NA
76,28,negative-to-zero,lexicase,FALSE,20,elitize_generation_data,75,12,0.773,NA
77,28,negative-to-zero,lexicase,FALSE,20,elitize_generation_data,76,12,0.799,NA
78,28,negative-to-zero,lexicase,FALSE,20,elitize_generation_data,77,9,0.785,NA
79,28,negative-to-zero,lexicase,FALSE,20,elitize_generation_data,78,12,0.819,NA
80,28,negative-to-zero,lexicase,FALSE,20,elitize_generation_data,79,11,0.793,NA
81,28,negative-to-zero,lexicase,FALSE,20,elitize_generation_data,80,15,0.793,NA
82,28,negative-to-zero,lexicase,FALSE,20,elitize_generation_data,81,17,0.75,NA
83,28,negative-to-zero,lexicase,FALSE,20,elitize_generation_data,82,17,0.816,NA
84,28,negative-to-zero,lexicase,FALSE,20,elitize_generation_data,83,12,0.816,NA
85,28,negative-to-zero,lexicase,FALSE,20,elitize_generation_data,84,15,0.788,NA
86,28,negative-to-zero,lexicase,FALSE,20,elitize_generation_data,85,15,0.807,NA
87,28,negative-to-zero,lexicase,FALSE,20,elitize_generation_data,86,12,0.797,NA
88,28,negative-to-zero,lexicase,FALSE,20,elitize_generation_data,87,15,0.802,NA
89,28,negative-to-zero,lexicase,FALSE,20,elitize_generation_data,88,15,0.795,NA
90,28,negative-to-zero,lexicase,FALSE,20,elitize_generation_data,89,14,0.807,NA
91,28,negative-to-zero,lexicase,FALSE,20,elitize_generation_data,90,14,0.788,NA
92,28,negative-to-zero,lexicase,FALSE,20,elitize_generation_data,91,14,0.782,NA
93,28,negative-to-zero,lexicase,FALSE,20,elitize_generation_data,92,14,0.79,NA
94,28,negative-to-zero,lexicase,FALSE,20,elitize_generation_data,93,11,0.801,NA
95,28,negative-to-zero,lexicase,FALSE,20,elitize_generation_data,94,14,0.784,NA
96,28,negative-to-zero,lexicase,FALSE,20,elitize_generation_data,95,14,0.776,NA
97,28,negative-to-zero,lexicase,FALSE,20,elitize_generation_data,96,14,0.783,NA
98,28,negative-to-zero,lexicase,FALSE,20,elitize_generation_data,97,11,0.8,NA
99,28,negative-to-zero,lexicase,FALSE,20,elitize_generation_data,98,13,0.769,NA
100,28,negative-to-zero,lexicase,FALSE,20,elitize_generation_data,99,14,0.798,NA
101,28,negative-to-zero,lexicase,FALSE,20,elitize_generation_data,100,14,0.791,NA
102,28,negative-to-zero,lexicase,FALSE,20,elitize_generation_data,101,12,0.822,NA
103,28,negative-to-zero,lexicase,FALSE,20,elitize_generation_data,102,11,0.783,NA
104,28,negative-to-zero,lexicase,FALSE,20,elitize_generation_data,103,14,0.754,NA
105,28,negative-to-zero,lexicase,FALSE,20,elitize_generation_data,104,9,0.785,NA
106,28,negative-to-zero,lexicase,FALSE,20,elitize_generation_data,105,10,0.773,NA
107,28,negative-to-zero,lexicase,FALSE,20,elitize_generation_data,106,13,0.772,NA
108,28,negative-to-zero,lexicase,FALSE,20,elitize_generation_data,107,9,0.8,NA
109,28,negative-to-zero,lexicase,FALSE,20,elitize_generation_data,108,13,0.803,NA
110,28,negative-to-zero,lexicase,FALSE,20,elitize_generation_data,109,12,0.777,NA
111,28,negative-to-zero,lexicase,FALSE,20,elitize_generation_data,110,14,0.792,NA
112,28,negative-to-zero,lexicase,FALSE,20,elitize_generation_data,111,8,0.807,NA
113,28,negative-to-zero,lexicase,FALSE,20,elitize_generation_data,112,9,0.817,NA
114,28,negative-to-zero,lexicase,FALSE,20,elitize_generation_data,113,14,0.806,NA
115,28,negative-to-zero,lexicase,FALSE,20,elitize_generation_data,114,9,0.81,NA
116,28,negative-to-zero,lexicase,FALSE,20,elitize_generation_data,115,9,0.795,NA
117,28,negative-to-zero,lexicase,FALSE,20,elitize_generation_data,116,10,0.805,NA
118,28,negative-to-zero,lexicase,FALSE,20,elitize_generation_data,117,8,0.794,NA
119,28,negative-to-zero,lexicase,FALSE,20,elitize_generation_data,118,8,0.812,NA
120,28,negative-to-zero,lexicase,FALSE,20,elitize_generation_data,119,9,0.813,NA
121,28,negative-to-zero,lexicase,FALSE,20,elitize_generation_data,120,13,0.804,NA
122,28,negative-to-zero,lexicase,FALSE,20,elitize_generation_data,121,9,0.823,NA
123,28,negative-to-zero,lexicase,FALSE,20,elitize_generation_data,122,13,0.804,NA
124,28,negative-to-zero,lexicase,FALSE,20,elitize_generation_data,123,13,0.809,NA
125,28,negative-to-zero,lexicase,FALSE,20,elitize_generation_data,124,13,0.819,NA
126,28,negative-to-zero,lexicase,FALSE,20,elitize_generation_data,125,14,0.79,NA
127,28,negative-to-zero,lexicase,FALSE,20,elitize_generation_data,126,11,0.814,NA
128,28,negative-to-zero,lexicase,FALSE,20,elitize_generation_data,127,9,0.829,NA
129,28,negative-to-zero,lexicase,FALSE,20,elitize_generation_data,128,10,0.819,NA
130,28,negative-to-zero,lexicase,FALSE,20,elitize_generation_data,129,11,0.83,NA
131,28,negative-to-zero,lexicase,FALSE,20,elitize_generation_data,130,10,0.807,NA
132,28,negative-to-zero,lexicase,FALSE,20,elitize_generation_data,131,9,0.818,NA
133,28,negative-to-zero,lexicase,FALSE,20,elitize_generation_data,132,11,0.813,NA
134,28,negative-to-zero,lexicase,FALSE,20,elitize_generation_data,133,13,0.831,NA
135,28,negative-to-zero,lexicase,FALSE,20,elitize_generation_data,134,9,0.832,NA
136,28,negative-to-zero,lexicase,FALSE,20,elitize_generation_data,135,7,0.8,NA
137,28,negative-to-zero,lexicase,FALSE,20,elitize_generation_data,136,8,0.788,NA
138,28,negative-to-zero,lexicase,FALSE,20,elitize_generation_data,137,10,0.814,NA
139,28,negative-to-zero,lexicase,FALSE,20,elitize_generation_data,138,11,0.783,NA
140,28,negative-to-zero,lexicase,FALSE,20,elitize_generation_data,139,12,0.84,NA
141,28,negative-to-zero,lexicase,FALSE,20,elitize_generation_data,140,11,0.809,NA
142,28,negative-to-zero,lexicase,FALSE,20,elitize_generation_data,141,8,0.797,NA
143,28,negative-to-zero,lexicase,FALSE,20,elitize_generation_data,142,7,0.792,NA
144,28,negative-to-zero,lexicase,FALSE,20,elitize_generation_data,143,7,0.794,NA
145,28,negative-to-zero,lexicase,FALSE,20,elitize_generation_data,144,7,0.784,NA
146,28,negative-to-zero,lexicase,FALSE,20,elitize_generation_data,145,7,0.798,NA
147,28,negative-to-zero,lexicase,FALSE,20,elitize_generation_data,146,10,0.807,NA
148,28,negative-to-zero,lexicase,FALSE,20,elitize_generation_data,147,10,0.812,NA
149,28,negative-to-zero,lexicase,FALSE,20,elitize_generation_data,148,10,0.805,NA
150,28,negative-to-zero,lexicase,FALSE,20,elitize_generation_data,149,13,0.799,NA
151,28,negative-to-zero,lexicase,FALSE,20,elitize_generation_data,150,12,0.794,NA
152,28,negative-to-zero,lexicase,FALSE,20,elitize_generation_data,151,13,0.801,NA
153,28,negative-to-zero,lexicase,FALSE,20,elitize_generation_data,152,10,0.779,NA
154,28,negative-to-zero,lexicase,FALSE,20,elitize_generation_data,153,12,0.798,NA
155,28,negative-to-zero,lexicase,FALSE,20,elitize_generation_data,154,12,0.797,NA
156,28,negative-to-zero,lexicase,FALSE,20,elitize_generation_data,155,8,0.795,NA
157,28,negative-to-zero,lexicase,FALSE,20,elitize_generation_data,156,8,0.805,NA
158,28,negative-to-zero,lexicase,FALSE,20,elitize_generation_data,157,7,0.767,NA
159,28,negative-to-zero,lexicase,FALSE,20,elitize_generation_data,158,10,0.791,NA
160,28,negative-to-zero,lexicase,FALSE,20,elitize_generation_data,159,7,0.769,NA
161,28,negative-to-zero,lexicase,FALSE,20,elitize_generation_data,160,10,0.796,NA
162,28,negative-to-zero,lexicase,FALSE,20,elitize_generation_data,161,7,0.809,NA
163,28,negative-to-zero,lexicase,FALSE,20,elitize_generation_data,162,6,0.802,NA
164,28,negative-to-zero,lexicase,FALSE,20,elitize_generation_data,163,7,0.776,NA
165,28,negative-to-zero,lexicase,FALSE,20,elitize_generation_data,164,6,0.738,NA
166,28,negative-to-zero,lexicase,FALSE,20,elitize_generation_data,165,9,0.751,NA
167,28,negative-to-zero,lexicase,FALSE,20,elitize_generation_data,166,9,0.758,NA
168,28,negative-to-zero,lexicase,FALSE,20,elitize_generation_data,167,11,0.768,NA
169,28,negative-to-zero,lexicase,FALSE,20,elitize_generation_data,168,10,0.792,NA
170,28,negative-to-zero,lexicase,FALSE,20,elitize_generation_data,169,8,0.763,NA
171,28,negative-to-zero,lexicase,FALSE,20,elitize_generation_data,170,7,0.772,NA
172,28,negative-to-zero,lexicase,FALSE,20,elitize_generation_data,171,11,0.785,NA
173,28,negative-to-zero,lexicase,FALSE,20,elitize_generation_data,172,9,0.771,NA
174,28,negative-to-zero,lexicase,FALSE,20,elitize_generation_data,173,8,0.779,NA
175,28,negative-to-zero,lexicase,FALSE,20,elitize_generation_data,174,9,0.775,NA
176,28,negative-to-zero,lexicase,FALSE,20,elitize_generation_data,175,10,0.786,NA
177,28,negative-to-zero,lexicase,FALSE,20,elitize_generation_data,176,9,0.761,NA
178,28,negative-to-zero,lexicase,FALSE,20,elitize_generation_data,177,10,0.757,NA
179,28,negative-to-zero,lexicase,FALSE,20,elitize_generation_data,178,10,0.759,NA
180,28,negative-to-zero,lexicase,FALSE,20,elitize_generation_data,179,8,0.775,NA
181,28,negative-to-zero,lexicase,FALSE,20,elitize_generation_data,180,10,0.776,NA
182,28,negative-to-zero,lexicase,FALSE,20,elitize_generation_data,181,10,0.798,NA
183,28,negative-to-zero,lexicase,FALSE,20,elitize_generation_data,182,8,0.813,NA
184,28,negative-to-zero,lexicase,FALSE,20,elitize_generation_data,183,10,0.794,NA
185,28,negative-to-zero,lexicase,FALSE,20,elitize_generation_data,184,10,0.783,NA
186,28,negative-to-zero,lexicase,FALSE,20,elitize_generation_data,185,12,0.792,NA
187,28,negative-to-zero,lexicase,FALSE,20,elitize_generation_data,186,10,0.805,NA
188,28,negative-to-zero,lexicase,FALSE,20,elitize_generation_data,187,8,0.785,NA
189,28,negative-to-zero,lexicase,FALSE,20,elitize_generation_data,188,10,0.781,NA
190,28,negative-to-zero,lexicase,FALSE,20,elitize_generation_data,189,11,0.77,NA
191,28,negative-to-zero,lexicase,FALSE,20,elitize_generation_data,190,8,0.766,NA
192,28,negative-to-zero,lexicase,FALSE,20,elitize_generation_data,191,9,0.796,NA
193,28,negative-to-zero,lexicase,FALSE,20,elitize_generation_data,192,6,0.776,NA
194,28,negative-to-zero,lexicase,FALSE,20,elitize_generation_data,193,7,0.757,NA
195,28,negative-to-zero,lexicase,FALSE,20,elitize_generation_data,194,7,0.788,NA
196,28,negative-to-zero,lexicase,FALSE,20,elitize_generation_data,195,9,0.781,NA
197,28,negative-to-zero,lexicase,FALSE,20,elitize_generation_data,196,10,0.764,NA
198,28,negative-to-zero,lexicase,FALSE,20,elitize_generation_data,197,9,0.79,NA
199,28,negative-to-zero,lexicase,FALSE,20,elitize_generation_data,198,11,0.79,NA
200,28,negative-to-zero,lexicase,FALSE,20,elitize_generation_data,199,11,0.756,NA
201,28,negative-to-zero,lexicase,FALSE,20,elitize_generation_data,200,11,0.774,NA
202,28,negative-to-zero,lexicase,FALSE,20,elitize_generation_data,201,13,0.766,NA
203,28,negative-to-zero,lexicase,FALSE,20,elitize_generation_data,202,11,0.767,NA
204,28,negative-to-zero,lexicase,FALSE,20,elitize_generation_data,203,8,0.781,NA
205,28,negative-to-zero,lexicase,FALSE,20,elitize_generation_data,204,10,0.736,NA
206,28,negative-to-zero,lexicase,FALSE,20,elitize_generation_data,205,11,0.76,NA
207,28,negative-to-zero,lexicase,FALSE,20,elitize_generation_data,206,9,0.755,NA
208,28,negative-to-zero,lexicase,FALSE,20,elitize_generation_data,207,8,0.77,NA
209,28,negative-to-zero,lexicase,FALSE,20,elitize_generation_data,208,8,0.757,NA
210,28,negative-to-zero,lexicase,FALSE,20,elitize_generation_data,209,11,0.776,NA
211,28,negative-to-zero,lexicase,FALSE,20,elitize_generation_data,210,12,0.755,NA
212,28,negative-to-zero,lexicase,FALSE,20,elitize_generation_data,211,7,0.783,NA
213,28,negative-to-zero,lexicase,FALSE,20,elitize_generation_data,212,11,0.762,NA
214,28,negative-to-zero,lexicase,FALSE,20,elitize_generation_data,213,10,0.737,NA
215,28,negative-to-zero,lexicase,FALSE,20,elitize_generation_data,214,11,0.762,NA
216,28,negative-to-zero,lexicase,FALSE,20,elitize_generation_data,215,8,0.762,NA
217,28,negative-to-zero,lexicase,FALSE,20,elitize_generation_data,216,9,0.754,NA
218,28,negative-to-zero,lexicase,FALSE,20,elitize_generation_data,217,9,0.752,NA
219,28,negative-to-zero,lexicase,FALSE,20,elitize_generation_data,218,10,0.755,NA
220,28,negative-to-zero,lexicase,FALSE,20,elitize_generation_data,219,13,0.731,NA
221,28,negative-to-zero,lexicase,FALSE,20,elitize_generation_data,220,12,0.777,NA
222,28,negative-to-zero,lexicase,FALSE,20,elitize_generation_data,221,9,0.745,NA
223,28,negative-to-zero,lexicase,FALSE,20,elitize_generation_data,222,8,0.758,NA
224,28,negative-to-zero,lexicase,FALSE,20,elitize_generation_data,223,11,0.748,NA
225,28,negative-to-zero,lexicase,FALSE,20,elitize_generation_data,224,11,0.747,NA
226,28,negative-to-zero,lexicase,FALSE,20,elitize_generation_data,225,11,0.766,NA
227,28,negative-to-zero,lexicase,FALSE,20,elitize_generation_data,226,7,0.75,NA
228,28,negative-to-zero,lexicase,FALSE,20,elitize_generation_data,227,9,0.764,NA
229,28,negative-to-zero,lexicase,FALSE,20,elitize_generation_data,228,8,0.743,NA
230,28,negative-to-zero,lexicase,FALSE,20,elitize_generation_data,229,7,0.776,NA
231,28,negative-to-zero,lexicase,FALSE,20,elitize_generation_data,230,11,0.746,NA
232,28,negative-to-zero,lexicase,FALSE,20,elitize_generation_data,231,7,0.734,NA
233,28,negative-to-zero,lexicase,FALSE,20,elitize_generation_data,232,9,0.756,NA
234,28,negative-to-zero,lexicase,FALSE,20,elitize_generation_data,233,8,0.739,NA
235,28,negative-to-zero,lexicase,FALSE,20,elitize_generation_data,234,8,0.748,NA
236,28,negative-to-zero,lexicase,FALSE,20,elitize_generation_data,235,11,0.752,NA
237,28,negative-to-zero,lexicase,FALSE,20,elitize_generation_data,236,11,0.764,NA
238,28,negative-to-zero,lexicase,FALSE,20,elitize_generation_data,237,8,0.769,NA
239,28,negative-to-zero,lexicase,FALSE,20,elitize_generation_data,238,10,0.763,NA
240,28,negative-to-zero,lexicase,FALSE,20,elitize_generation_data,239,9,0.752,NA
241,28,negative-to-zero,lexicase,FALSE,20,elitize_generation_data,240,12,0.785,NA
242,28,negative-to-zero,lexicase,FALSE,20,elitize_generation_data,241,9,0.771,NA
243,28,negative-to-zero,lexicase,FALSE,20,elitize_generation_data,242,8,0.75,NA
244,28,negative-to-zero,lexicase,FALSE,20,elitize_generation_data,243,8,0.774,NA
245,28,negative-to-zero,lexicase,FALSE,20,elitize_generation_data,244,10,0.765,NA
246,28,negative-to-zero,lexicase,FALSE,20,elitize_generation_data,245,13,0.764,NA
247,28,negative-to-zero,lexicase,FALSE,20,elitize_generation_data,246,11,0.766,NA
248,28,negative-to-zero,lexicase,FALSE,20,elitize_generation_data,247,14,0.779,NA
249,28,negative-to-zero,lexicase,FALSE,20,elitize_generation_data,248,8,0.755,NA
250,28,negative-to-zero,lexicase,FALSE,20,elitize_generation_data,249,8,0.747,NA
251,28,negative-to-zero,lexicase,FALSE,20,elitize_generation_data,250,10,0.779,NA
252,28,negative-to-zero,lexicase,FALSE,20,elitize_generation_data,251,8,0.76,NA
253,28,negative-to-zero,lexicase,FALSE,20,elitize_generation_data,252,11,0.77,NA
254,28,negative-to-zero,lexicase,FALSE,20,elitize_generation_data,253,13,0.766,NA
255,28,negative-to-zero,lexicase,FALSE,20,elitize_generation_data,254,13,0.774,NA
256,28,negative-to-zero,lexicase,FALSE,20,elitize_generation_data,255,9,0.783,NA
257,28,negative-to-zero,lexicase,FALSE,20,elitize_generation_data,256,10,0.8,NA
258,28,negative-to-zero,lexicase,FALSE,20,elitize_generation_data,257,11,0.781,NA
259,28,negative-to-zero,lexicase,FALSE,20,elitize_generation_data,258,13,0.782,NA
260,28,negative-to-zero,lexicase,FALSE,20,elitize_generation_data,259,10,0.801,NA
261,28,negative-to-zero,lexicase,FALSE,20,elitize_generation_data,260,8,0.816,NA
262,28,negative-to-zero,lexicase,FALSE,20,elitize_generation_data,261,8,0.818,NA
263,28,negative-to-zero,lexicase,FALSE,20,elitize_generation_data,262,9,0.791,NA
264,28,negative-to-zero,lexicase,FALSE,20,elitize_generation_data,263,7,0.818,NA
265,28,negative-to-zero,lexicase,FALSE,20,elitize_generation_data,264,8,0.81,NA
266,28,negative-to-zero,lexicase,FALSE,20,elitize_generation_data,265,9,0.812,NA
267,28,negative-to-zero,lexicase,FALSE,20,elitize_generation_data,266,10,0.792,NA
268,28,negative-to-zero,lexicase,FALSE,20,elitize_generation_data,267,7,0.783,NA
269,28,negative-to-zero,lexicase,FALSE,20,elitize_generation_data,268,10,0.791,NA
270,28,negative-to-zero,lexicase,FALSE,20,elitize_generation_data,269,11,0.792,NA
271,28,negative-to-zero,lexicase,FALSE,20,elitize_generation_data,270,12,0.813,NA
272,28,negative-to-zero,lexicase,FALSE,20,elitize_generation_data,271,6,0.788,NA
273,28,negative-to-zero,lexicase,FALSE,20,elitize_generation_data,272,8,0.8,NA
274,28,negative-to-zero,lexicase,FALSE,20,elitize_generation_data,273,11,0.803,NA
275,28,negative-to-zero,lexicase,FALSE,20,elitize_generation_data,274,11,0.816,NA
276,28,negative-to-zero,lexicase,FALSE,20,elitize_generation_data,275,8,0.832,NA
277,28,negative-to-zero,lexicase,FALSE,20,elitize_generation_data,276,11,0.801,NA
278,28,negative-to-zero,lexicase,FALSE,20,elitize_generation_data,277,11,0.821,NA
279,28,negative-to-zero,lexicase,FALSE,20,elitize_generation_data,278,12,0.803,NA
280,28,negative-to-zero,lexicase,FALSE,20,elitize_generation_data,279,14,0.821,NA
281,28,negative-to-zero,lexicase,FALSE,20,elitize_generation_data,280,12,0.806,NA
282,28,negative-to-zero,lexicase,FALSE,20,elitize_generation_data,281,15,0.805,NA
283,28,negative-to-zero,lexicase,FALSE,20,elitize_generation_data,282,12,0.778,NA
284,28,negative-to-zero,lexicase,FALSE,20,elitize_generation_data,283,14,0.78,NA
285,28,negative-to-zero,lexicase,FALSE,20,elitize_generation_data,284,14,0.808,NA
286,28,negative-to-zero,lexicase,FALSE,20,elitize_generation_data,285,16,0.784,NA
287,28,negative-to-zero,lexicase,FALSE,20,elitize_generation_data,286,14,0.774,NA
288,28,negative-to-zero,lexicase,FALSE,20,elitize_generation_data,287,15,0.784,NA
289,28,negative-to-zero,lexicase,FALSE,20,elitize_generation_data,288,20,0.803,NA
290,28,negative-to-zero,lexicase,FALSE,20,elitize_generation_data,289,15,0.787,NA
291,28,negative-to-zero,lexicase,FALSE,20,elitize_generation_data,290,16,0.805,NA
292,28,negative-to-zero,lexicase,FALSE,20,elitize_generation_data,291,13,0.787,NA
293,28,negative-to-zero,lexicase,FALSE,20,elitize_generation_data,292,13,0.797,NA
294,28,negative-to-zero,lexicase,FALSE,20,elitize_generation_data,293,17,0.802,NA
295,28,negative-to-zero,lexicase,FALSE,20,elitize_generation_data,294,13,0.796,NA
296,28,negative-to-zero,lexicase,FALSE,20,elitize_generation_data,295,16,0.767,NA
297,28,negative-to-zero,lexicase,FALSE,20,elitize_generation_data,296,14,0.794,NA
298,28,negative-to-zero,lexicase,FALSE,20,elitize_generation_data,297,14,0.805,NA
299,28,negative-to-zero,lexicase,FALSE,20,elitize_generation_data,298,17,0.786,NA
300,28,negative-to-zero,lexicase,FALSE,20,elitize_generation_data,299,19,0.788,NA
301,28,negative-to-zero,lexicase,FALSE,20,elitize_generation_data,300,19,0.797,NA
