,run.num,problem,treatment,succeeded,height,normalization.function,generation,cluster.count,error.diversity,success.generation
1,20,negative-to-zero,lexicase,TRUE,20,elitize_generation_data,0,15,0.053,75
2,20,negative-to-zero,lexicase,TRUE,20,elitize_generation_data,1,15,0.047,75
3,20,negative-to-zero,lexicase,TRUE,20,elitize_generation_data,2,16,0.06,75
4,20,negative-to-zero,lexicase,TRUE,20,elitize_generation_data,3,21,0.103,75
5,20,negative-to-zero,lexicase,TRUE,20,elitize_generation_data,4,39,0.185,75
6,20,negative-to-zero,lexicase,TRUE,20,elitize_generation_data,5,78,0.362,75
7,20,negative-to-zero,lexicase,TRUE,20,elitize_generation_data,6,145,0.497,75
8,20,negative-to-zero,lexicase,TRUE,20,elitize_generation_data,7,158,0.505,75
9,20,negative-to-zero,lexicase,TRUE,20,elitize_generation_data,8,149,0.49,75
10,20,negative-to-zero,lexicase,TRUE,20,elitize_generation_data,9,186,0.565,75
11,20,negative-to-zero,lexicase,TRUE,20,elitize_generation_data,10,162,0.561,75
12,20,negative-to-zero,lexicase,TRUE,20,elitize_generation_data,11,140,0.521,75
13,20,negative-to-zero,lexicase,TRUE,20,elitize_generation_data,12,138,0.487,75
14,20,negative-to-zero,lexicase,TRUE,20,elitize_generation_data,13,145,0.543,75
15,20,negative-to-zero,lexicase,TRUE,20,elitize_generation_data,14,151,0.533,75
16,20,negative-to-zero,lexicase,TRUE,20,elitize_generation_data,15,169,0.535,75
17,20,negative-to-zero,lexicase,TRUE,20,elitize_generation_data,16,137,0.569,75
18,20,negative-to-zero,lexicase,TRUE,20,elitize_generation_data,17,152,0.6,75
19,20,negative-to-zero,lexicase,TRUE,20,elitize_generation_data,18,178,0.648,75
20,20,negative-to-zero,lexicase,TRUE,20,elitize_generation_data,19,157,0.641,75
21,20,negative-to-zero,lexicase,TRUE,20,elitize_generation_data,20,129,0.651,75
22,20,negative-to-zero,lexicase,TRUE,20,elitize_generation_data,21,119,0.619,75
23,20,negative-to-zero,lexicase,TRUE,20,elitize_generation_data,22,98,0.664,75
24,20,negative-to-zero,lexicase,TRUE,20,elitize_generation_data,23,81,0.606,75
25,20,negative-to-zero,lexicase,TRUE,20,elitize_generation_data,24,83,0.679,75
26,20,negative-to-zero,lexicase,TRUE,20,elitize_generation_data,25,71,0.698,75
27,20,negative-to-zero,lexicase,TRUE,20,elitize_generation_data,26,96,0.706,75
28,20,negative-to-zero,lexicase,TRUE,20,elitize_generation_data,27,88,0.74,75
29,20,negative-to-zero,lexicase,TRUE,20,elitize_generation_data,28,86,0.705,75
30,20,negative-to-zero,lexicase,TRUE,20,elitize_generation_data,29,95,0.689,75
31,20,negative-to-zero,lexicase,TRUE,20,elitize_generation_data,30,93,0.756,75
32,20,negative-to-zero,lexicase,TRUE,20,elitize_generation_data,31,102,0.746,75
33,20,negative-to-zero,lexicase,TRUE,20,elitize_generation_data,32,116,0.771,75
34,20,negative-to-zero,lexicase,TRUE,20,elitize_generation_data,33,106,0.748,75
35,20,negative-to-zero,lexicase,TRUE,20,elitize_generation_data,34,99,0.762,75
36,20,negative-to-zero,lexicase,TRUE,20,elitize_generation_data,35,108,0.774,75
37,20,negative-to-zero,lexicase,TRUE,20,elitize_generation_data,36,111,0.757,75
38,20,negative-to-zero,lexicase,TRUE,20,elitize_generation_data,37,93,0.747,75
39,20,negative-to-zero,lexicase,TRUE,20,elitize_generation_data,38,100,0.795,75
40,20,negative-to-zero,lexicase,TRUE,20,elitize_generation_data,39,88,0.761,75
41,20,negative-to-zero,lexicase,TRUE,20,elitize_generation_data,40,82,0.78,75
42,20,negative-to-zero,lexicase,TRUE,20,elitize_generation_data,41,86,0.777,75
43,20,negative-to-zero,lexicase,TRUE,20,elitize_generation_data,42,87,0.789,75
44,20,negative-to-zero,lexicase,TRUE,20,elitize_generation_data,43,97,0.795,75
45,20,negative-to-zero,lexicase,TRUE,20,elitize_generation_data,44,85,0.811,75
46,20,negative-to-zero,lexicase,TRUE,20,elitize_generation_data,45,99,0.78,75
47,20,negative-to-zero,lexicase,TRUE,20,elitize_generation_data,46,102,0.776,75
48,20,negative-to-zero,lexicase,TRUE,20,elitize_generation_data,47,98,0.783,75
49,20,negative-to-zero,lexicase,TRUE,20,elitize_generation_data,48,95,0.762,75
50,20,negative-to-zero,lexicase,TRUE,20,elitize_generation_data,49,90,0.765,75
51,20,negative-to-zero,lexicase,TRUE,20,elitize_generation_data,50,63,0.788,75
52,20,negative-to-zero,lexicase,TRUE,20,elitize_generation_data,51,51,0.782,75
53,20,negative-to-zero,lexicase,TRUE,20,elitize_generation_data,52,64,0.812,75
54,20,negative-to-zero,lexicase,TRUE,20,elitize_generation_data,53,44,0.834,75
55,20,negative-to-zero,lexicase,TRUE,20,elitize_generation_data,54,49,0.812,75
56,20,negative-to-zero,lexicase,TRUE,20,elitize_generation_data,55,40,0.797,75
57,20,negative-to-zero,lexicase,TRUE,20,elitize_generation_data,56,29,0.788,75
58,20,negative-to-zero,lexicase,TRUE,20,elitize_generation_data,57,29,0.794,75
59,20,negative-to-zero,lexicase,TRUE,20,elitize_generation_data,58,21,0.804,75
60,20,negative-to-zero,lexicase,TRUE,20,elitize_generation_data,59,26,0.806,75
61,20,negative-to-zero,lexicase,TRUE,20,elitize_generation_data,60,25,0.804,75
62,20,negative-to-zero,lexicase,TRUE,20,elitize_generation_data,61,19,0.798,75
63,20,negative-to-zero,lexicase,TRUE,20,elitize_generation_data,62,21,0.803,75
64,20,negative-to-zero,lexicase,TRUE,20,elitize_generation_data,63,13,0.789,75
65,20,negative-to-zero,lexicase,TRUE,20,elitize_generation_data,64,11,0.748,75
66,20,negative-to-zero,lexicase,TRUE,20,elitize_generation_data,65,10,0.795,75
67,20,negative-to-zero,lexicase,TRUE,20,elitize_generation_data,66,12,0.795,75
68,20,negative-to-zero,lexicase,TRUE,20,elitize_generation_data,67,8,0.812,75
69,20,negative-to-zero,lexicase,TRUE,20,elitize_generation_data,68,6,0.787,75
70,20,negative-to-zero,lexicase,TRUE,20,elitize_generation_data,69,8,0.797,75
71,20,negative-to-zero,lexicase,TRUE,20,elitize_generation_data,70,11,0.764,75
72,20,negative-to-zero,lexicase,TRUE,20,elitize_generation_data,71,11,0.76,75
73,20,negative-to-zero,lexicase,TRUE,20,elitize_generation_data,72,74,0.543,75
74,20,negative-to-zero,lexicase,TRUE,20,elitize_generation_data,73,97,0.345,75
75,20,negative-to-zero,lexicase,TRUE,20,elitize_generation_data,74,115,0.443,75
76,20,negative-to-zero,lexicase,TRUE,20,elitize_generation_data,75,83,0.37,75
