,run.num,problem,treatment,succeeded,height,normalization.function,generation,cluster.count,error.diversity,success.generation
1,5,negative-to-zero,lexicase,FALSE,20,elitize_generation_data,0,15,0.051,NA
2,5,negative-to-zero,lexicase,FALSE,20,elitize_generation_data,1,9,0.032,NA
3,5,negative-to-zero,lexicase,FALSE,20,elitize_generation_data,2,13,0.045,NA
4,5,negative-to-zero,lexicase,FALSE,20,elitize_generation_data,3,16,0.116,NA
5,5,negative-to-zero,lexicase,FALSE,20,elitize_generation_data,4,30,0.186,NA
6,5,negative-to-zero,lexicase,FALSE,20,elitize_generation_data,5,30,0.205,NA
7,5,negative-to-zero,lexicase,FALSE,20,elitize_generation_data,6,25,0.277,NA
8,5,negative-to-zero,lexicase,FALSE,20,elitize_generation_data,7,13,0.38,NA
9,5,negative-to-zero,lexicase,FALSE,20,elitize_generation_data,8,16,0.435,NA
10,5,negative-to-zero,lexicase,FALSE,20,elitize_generation_data,9,5,0.492,NA
11,5,negative-to-zero,lexicase,FALSE,20,elitize_generation_data,10,8,0.483,NA
12,5,negative-to-zero,lexicase,FALSE,20,elitize_generation_data,11,12,0.486,NA
13,5,negative-to-zero,lexicase,FALSE,20,elitize_generation_data,12,6,0.526,NA
14,5,negative-to-zero,lexicase,FALSE,20,elitize_generation_data,13,10,0.511,NA
15,5,negative-to-zero,lexicase,FALSE,20,elitize_generation_data,14,8,0.537,NA
16,5,negative-to-zero,lexicase,FALSE,20,elitize_generation_data,15,5,0.594,NA
17,5,negative-to-zero,lexicase,FALSE,20,elitize_generation_data,16,4,0.609,NA
18,5,negative-to-zero,lexicase,FALSE,20,elitize_generation_data,17,7,0.635,NA
19,5,negative-to-zero,lexicase,FALSE,20,elitize_generation_data,18,4,0.668,NA
20,5,negative-to-zero,lexicase,FALSE,20,elitize_generation_data,19,4,0.635,NA
21,5,negative-to-zero,lexicase,FALSE,20,elitize_generation_data,20,6,0.692,NA
22,5,negative-to-zero,lexicase,FALSE,20,elitize_generation_data,21,7,0.691,NA
23,5,negative-to-zero,lexicase,FALSE,20,elitize_generation_data,22,7,0.722,NA
24,5,negative-to-zero,lexicase,FALSE,20,elitize_generation_data,23,8,0.716,NA
25,5,negative-to-zero,lexicase,FALSE,20,elitize_generation_data,24,7,0.743,NA
26,5,negative-to-zero,lexicase,FALSE,20,elitize_generation_data,25,8,0.729,NA
27,5,negative-to-zero,lexicase,FALSE,20,elitize_generation_data,26,9,0.727,NA
28,5,negative-to-zero,lexicase,FALSE,20,elitize_generation_data,27,10,0.729,NA
29,5,negative-to-zero,lexicase,FALSE,20,elitize_generation_data,28,10,0.693,NA
30,5,negative-to-zero,lexicase,FALSE,20,elitize_generation_data,29,9,0.717,NA
31,5,negative-to-zero,lexicase,FALSE,20,elitize_generation_data,30,8,0.714,NA
32,5,negative-to-zero,lexicase,FALSE,20,elitize_generation_data,31,10,0.723,NA
33,5,negative-to-zero,lexicase,FALSE,20,elitize_generation_data,32,12,0.736,NA
34,5,negative-to-zero,lexicase,FALSE,20,elitize_generation_data,33,9,0.727,NA
35,5,negative-to-zero,lexicase,FALSE,20,elitize_generation_data,34,9,0.735,NA
36,5,negative-to-zero,lexicase,FALSE,20,elitize_generation_data,35,12,0.768,NA
37,5,negative-to-zero,lexicase,FALSE,20,elitize_generation_data,36,12,0.739,NA
38,5,negative-to-zero,lexicase,FALSE,20,elitize_generation_data,37,9,0.743,NA
39,5,negative-to-zero,lexicase,FALSE,20,elitize_generation_data,38,13,0.75,NA
40,5,negative-to-zero,lexicase,FALSE,20,elitize_generation_data,39,11,0.761,NA
41,5,negative-to-zero,lexicase,FALSE,20,elitize_generation_data,40,10,0.778,NA
42,5,negative-to-zero,lexicase,FALSE,20,elitize_generation_data,41,10,0.723,NA
43,5,negative-to-zero,lexicase,FALSE,20,elitize_generation_data,42,11,0.747,NA
44,5,negative-to-zero,lexicase,FALSE,20,elitize_generation_data,43,10,0.759,NA
45,5,negative-to-zero,lexicase,FALSE,20,elitize_generation_data,44,11,0.717,NA
46,5,negative-to-zero,lexicase,FALSE,20,elitize_generation_data,45,10,0.742,NA
47,5,negative-to-zero,lexicase,FALSE,20,elitize_generation_data,46,7,0.738,NA
48,5,negative-to-zero,lexicase,FALSE,20,elitize_generation_data,47,9,0.769,NA
49,5,negative-to-zero,lexicase,FALSE,20,elitize_generation_data,48,8,0.744,NA
50,5,negative-to-zero,lexicase,FALSE,20,elitize_generation_data,49,7,0.762,NA
51,5,negative-to-zero,lexicase,FALSE,20,elitize_generation_data,50,10,0.745,NA
52,5,negative-to-zero,lexicase,FALSE,20,elitize_generation_data,51,6,0.784,NA
53,5,negative-to-zero,lexicase,FALSE,20,elitize_generation_data,52,7,0.726,NA
54,5,negative-to-zero,lexicase,FALSE,20,elitize_generation_data,53,8,0.761,NA
55,5,negative-to-zero,lexicase,FALSE,20,elitize_generation_data,54,8,0.743,NA
56,5,negative-to-zero,lexicase,FALSE,20,elitize_generation_data,55,8,0.739,NA
57,5,negative-to-zero,lexicase,FALSE,20,elitize_generation_data,56,9,0.721,NA
58,5,negative-to-zero,lexicase,FALSE,20,elitize_generation_data,57,9,0.734,NA
59,5,negative-to-zero,lexicase,FALSE,20,elitize_generation_data,58,5,0.73,NA
60,5,negative-to-zero,lexicase,FALSE,20,elitize_generation_data,59,7,0.72,NA
61,5,negative-to-zero,lexicase,FALSE,20,elitize_generation_data,60,8,0.745,NA
62,5,negative-to-zero,lexicase,FALSE,20,elitize_generation_data,61,7,0.725,NA
63,5,negative-to-zero,lexicase,FALSE,20,elitize_generation_data,62,7,0.715,NA
64,5,negative-to-zero,lexicase,FALSE,20,elitize_generation_data,63,5,0.704,NA
65,5,negative-to-zero,lexicase,FALSE,20,elitize_generation_data,64,7,0.699,NA
66,5,negative-to-zero,lexicase,FALSE,20,elitize_generation_data,65,5,0.714,NA
67,5,negative-to-zero,lexicase,FALSE,20,elitize_generation_data,66,10,0.704,NA
68,5,negative-to-zero,lexicase,FALSE,20,elitize_generation_data,67,8,0.699,NA
69,5,negative-to-zero,lexicase,FALSE,20,elitize_generation_data,68,8,0.721,NA
70,5,negative-to-zero,lexicase,FALSE,20,elitize_generation_data,69,6,0.728,NA
71,5,negative-to-zero,lexicase,FALSE,20,elitize_generation_data,70,6,0.719,NA
72,5,negative-to-zero,lexicase,FALSE,20,elitize_generation_data,71,5,0.737,NA
73,5,negative-to-zero,lexicase,FALSE,20,elitize_generation_data,72,6,0.734,NA
74,5,negative-to-zero,lexicase,FALSE,20,elitize_generation_data,73,7,0.753,NA
75,5,negative-to-zero,lexicase,FALSE,20,elitize_generation_data,74,9,0.77,NA
76,5,negative-to-zero,lexicase,FALSE,20,elitize_generation_data,75,5,0.748,NA
77,5,negative-to-zero,lexicase,FALSE,20,elitize_generation_data,76,5,0.761,NA
78,5,negative-to-zero,lexicase,FALSE,20,elitize_generation_data,77,6,0.75,NA
79,5,negative-to-zero,lexicase,FALSE,20,elitize_generation_data,78,5,0.751,NA
80,5,negative-to-zero,lexicase,FALSE,20,elitize_generation_data,79,6,0.748,NA
81,5,negative-to-zero,lexicase,FALSE,20,elitize_generation_data,80,7,0.763,NA
82,5,negative-to-zero,lexicase,FALSE,20,elitize_generation_data,81,7,0.757,NA
83,5,negative-to-zero,lexicase,FALSE,20,elitize_generation_data,82,8,0.786,NA
84,5,negative-to-zero,lexicase,FALSE,20,elitize_generation_data,83,5,0.754,NA
85,5,negative-to-zero,lexicase,FALSE,20,elitize_generation_data,84,7,0.765,NA
86,5,negative-to-zero,lexicase,FALSE,20,elitize_generation_data,85,5,0.758,NA
87,5,negative-to-zero,lexicase,FALSE,20,elitize_generation_data,86,6,0.793,NA
88,5,negative-to-zero,lexicase,FALSE,20,elitize_generation_data,87,6,0.772,NA
89,5,negative-to-zero,lexicase,FALSE,20,elitize_generation_data,88,7,0.734,NA
90,5,negative-to-zero,lexicase,FALSE,20,elitize_generation_data,89,4,0.754,NA
91,5,negative-to-zero,lexicase,FALSE,20,elitize_generation_data,90,4,0.733,NA
92,5,negative-to-zero,lexicase,FALSE,20,elitize_generation_data,91,7,0.747,NA
93,5,negative-to-zero,lexicase,FALSE,20,elitize_generation_data,92,5,0.741,NA
94,5,negative-to-zero,lexicase,FALSE,20,elitize_generation_data,93,5,0.737,NA
95,5,negative-to-zero,lexicase,FALSE,20,elitize_generation_data,94,6,0.739,NA
96,5,negative-to-zero,lexicase,FALSE,20,elitize_generation_data,95,7,0.758,NA
97,5,negative-to-zero,lexicase,FALSE,20,elitize_generation_data,96,8,0.716,NA
98,5,negative-to-zero,lexicase,FALSE,20,elitize_generation_data,97,8,0.722,NA
99,5,negative-to-zero,lexicase,FALSE,20,elitize_generation_data,98,8,0.735,NA
100,5,negative-to-zero,lexicase,FALSE,20,elitize_generation_data,99,5,0.728,NA
101,5,negative-to-zero,lexicase,FALSE,20,elitize_generation_data,100,5,0.738,NA
102,5,negative-to-zero,lexicase,FALSE,20,elitize_generation_data,101,7,0.751,NA
103,5,negative-to-zero,lexicase,FALSE,20,elitize_generation_data,102,7,0.721,NA
104,5,negative-to-zero,lexicase,FALSE,20,elitize_generation_data,103,8,0.73,NA
105,5,negative-to-zero,lexicase,FALSE,20,elitize_generation_data,104,7,0.756,NA
106,5,negative-to-zero,lexicase,FALSE,20,elitize_generation_data,105,8,0.706,NA
107,5,negative-to-zero,lexicase,FALSE,20,elitize_generation_data,106,6,0.738,NA
108,5,negative-to-zero,lexicase,FALSE,20,elitize_generation_data,107,6,0.709,NA
109,5,negative-to-zero,lexicase,FALSE,20,elitize_generation_data,108,5,0.725,NA
110,5,negative-to-zero,lexicase,FALSE,20,elitize_generation_data,109,8,0.709,NA
111,5,negative-to-zero,lexicase,FALSE,20,elitize_generation_data,110,7,0.719,NA
112,5,negative-to-zero,lexicase,FALSE,20,elitize_generation_data,111,9,0.738,NA
113,5,negative-to-zero,lexicase,FALSE,20,elitize_generation_data,112,10,0.714,NA
114,5,negative-to-zero,lexicase,FALSE,20,elitize_generation_data,113,9,0.704,NA
115,5,negative-to-zero,lexicase,FALSE,20,elitize_generation_data,114,8,0.717,NA
116,5,negative-to-zero,lexicase,FALSE,20,elitize_generation_data,115,8,0.731,NA
117,5,negative-to-zero,lexicase,FALSE,20,elitize_generation_data,116,7,0.723,NA
118,5,negative-to-zero,lexicase,FALSE,20,elitize_generation_data,117,8,0.704,NA
119,5,negative-to-zero,lexicase,FALSE,20,elitize_generation_data,118,6,0.735,NA
120,5,negative-to-zero,lexicase,FALSE,20,elitize_generation_data,119,6,0.727,NA
121,5,negative-to-zero,lexicase,FALSE,20,elitize_generation_data,120,7,0.726,NA
122,5,negative-to-zero,lexicase,FALSE,20,elitize_generation_data,121,8,0.72,NA
123,5,negative-to-zero,lexicase,FALSE,20,elitize_generation_data,122,5,0.732,NA
124,5,negative-to-zero,lexicase,FALSE,20,elitize_generation_data,123,8,0.698,NA
125,5,negative-to-zero,lexicase,FALSE,20,elitize_generation_data,124,5,0.729,NA
126,5,negative-to-zero,lexicase,FALSE,20,elitize_generation_data,125,6,0.727,NA
127,5,negative-to-zero,lexicase,FALSE,20,elitize_generation_data,126,7,0.746,NA
128,5,negative-to-zero,lexicase,FALSE,20,elitize_generation_data,127,5,0.753,NA
129,5,negative-to-zero,lexicase,FALSE,20,elitize_generation_data,128,9,0.724,NA
130,5,negative-to-zero,lexicase,FALSE,20,elitize_generation_data,129,8,0.756,NA
131,5,negative-to-zero,lexicase,FALSE,20,elitize_generation_data,130,6,0.75,NA
132,5,negative-to-zero,lexicase,FALSE,20,elitize_generation_data,131,6,0.769,NA
133,5,negative-to-zero,lexicase,FALSE,20,elitize_generation_data,132,5,0.771,NA
134,5,negative-to-zero,lexicase,FALSE,20,elitize_generation_data,133,5,0.752,NA
135,5,negative-to-zero,lexicase,FALSE,20,elitize_generation_data,134,6,0.764,NA
136,5,negative-to-zero,lexicase,FALSE,20,elitize_generation_data,135,5,0.791,NA
137,5,negative-to-zero,lexicase,FALSE,20,elitize_generation_data,136,7,0.747,NA
138,5,negative-to-zero,lexicase,FALSE,20,elitize_generation_data,137,6,0.766,NA
139,5,negative-to-zero,lexicase,FALSE,20,elitize_generation_data,138,7,0.755,NA
140,5,negative-to-zero,lexicase,FALSE,20,elitize_generation_data,139,5,0.764,NA
141,5,negative-to-zero,lexicase,FALSE,20,elitize_generation_data,140,5,0.772,NA
142,5,negative-to-zero,lexicase,FALSE,20,elitize_generation_data,141,9,0.752,NA
143,5,negative-to-zero,lexicase,FALSE,20,elitize_generation_data,142,6,0.743,NA
144,5,negative-to-zero,lexicase,FALSE,20,elitize_generation_data,143,7,0.741,NA
145,5,negative-to-zero,lexicase,FALSE,20,elitize_generation_data,144,6,0.712,NA
146,5,negative-to-zero,lexicase,FALSE,20,elitize_generation_data,145,7,0.733,NA
147,5,negative-to-zero,lexicase,FALSE,20,elitize_generation_data,146,6,0.74,NA
148,5,negative-to-zero,lexicase,FALSE,20,elitize_generation_data,147,6,0.724,NA
149,5,negative-to-zero,lexicase,FALSE,20,elitize_generation_data,148,7,0.753,NA
150,5,negative-to-zero,lexicase,FALSE,20,elitize_generation_data,149,5,0.757,NA
151,5,negative-to-zero,lexicase,FALSE,20,elitize_generation_data,150,7,0.739,NA
152,5,negative-to-zero,lexicase,FALSE,20,elitize_generation_data,151,5,0.744,NA
153,5,negative-to-zero,lexicase,FALSE,20,elitize_generation_data,152,8,0.784,NA
154,5,negative-to-zero,lexicase,FALSE,20,elitize_generation_data,153,8,0.748,NA
155,5,negative-to-zero,lexicase,FALSE,20,elitize_generation_data,154,8,0.759,NA
156,5,negative-to-zero,lexicase,FALSE,20,elitize_generation_data,155,5,0.752,NA
157,5,negative-to-zero,lexicase,FALSE,20,elitize_generation_data,156,5,0.757,NA
158,5,negative-to-zero,lexicase,FALSE,20,elitize_generation_data,157,5,0.736,NA
159,5,negative-to-zero,lexicase,FALSE,20,elitize_generation_data,158,7,0.755,NA
160,5,negative-to-zero,lexicase,FALSE,20,elitize_generation_data,159,7,0.748,NA
161,5,negative-to-zero,lexicase,FALSE,20,elitize_generation_data,160,6,0.75,NA
162,5,negative-to-zero,lexicase,FALSE,20,elitize_generation_data,161,6,0.752,NA
163,5,negative-to-zero,lexicase,FALSE,20,elitize_generation_data,162,7,0.78,NA
164,5,negative-to-zero,lexicase,FALSE,20,elitize_generation_data,163,9,0.756,NA
165,5,negative-to-zero,lexicase,FALSE,20,elitize_generation_data,164,5,0.766,NA
166,5,negative-to-zero,lexicase,FALSE,20,elitize_generation_data,165,5,0.757,NA
167,5,negative-to-zero,lexicase,FALSE,20,elitize_generation_data,166,8,0.721,NA
168,5,negative-to-zero,lexicase,FALSE,20,elitize_generation_data,167,7,0.733,NA
169,5,negative-to-zero,lexicase,FALSE,20,elitize_generation_data,168,6,0.769,NA
170,5,negative-to-zero,lexicase,FALSE,20,elitize_generation_data,169,5,0.754,NA
171,5,negative-to-zero,lexicase,FALSE,20,elitize_generation_data,170,4,0.741,NA
172,5,negative-to-zero,lexicase,FALSE,20,elitize_generation_data,171,6,0.734,NA
173,5,negative-to-zero,lexicase,FALSE,20,elitize_generation_data,172,6,0.724,NA
174,5,negative-to-zero,lexicase,FALSE,20,elitize_generation_data,173,6,0.793,NA
175,5,negative-to-zero,lexicase,FALSE,20,elitize_generation_data,174,5,0.758,NA
176,5,negative-to-zero,lexicase,FALSE,20,elitize_generation_data,175,7,0.743,NA
177,5,negative-to-zero,lexicase,FALSE,20,elitize_generation_data,176,8,0.754,NA
178,5,negative-to-zero,lexicase,FALSE,20,elitize_generation_data,177,6,0.764,NA
179,5,negative-to-zero,lexicase,FALSE,20,elitize_generation_data,178,7,0.771,NA
180,5,negative-to-zero,lexicase,FALSE,20,elitize_generation_data,179,7,0.762,NA
181,5,negative-to-zero,lexicase,FALSE,20,elitize_generation_data,180,8,0.742,NA
182,5,negative-to-zero,lexicase,FALSE,20,elitize_generation_data,181,7,0.765,NA
183,5,negative-to-zero,lexicase,FALSE,20,elitize_generation_data,182,9,0.75,NA
184,5,negative-to-zero,lexicase,FALSE,20,elitize_generation_data,183,9,0.741,NA
185,5,negative-to-zero,lexicase,FALSE,20,elitize_generation_data,184,6,0.745,NA
186,5,negative-to-zero,lexicase,FALSE,20,elitize_generation_data,185,10,0.736,NA
187,5,negative-to-zero,lexicase,FALSE,20,elitize_generation_data,186,6,0.725,NA
188,5,negative-to-zero,lexicase,FALSE,20,elitize_generation_data,187,9,0.741,NA
189,5,negative-to-zero,lexicase,FALSE,20,elitize_generation_data,188,10,0.784,NA
190,5,negative-to-zero,lexicase,FALSE,20,elitize_generation_data,189,5,0.739,NA
191,5,negative-to-zero,lexicase,FALSE,20,elitize_generation_data,190,7,0.732,NA
192,5,negative-to-zero,lexicase,FALSE,20,elitize_generation_data,191,7,0.745,NA
193,5,negative-to-zero,lexicase,FALSE,20,elitize_generation_data,192,7,0.766,NA
194,5,negative-to-zero,lexicase,FALSE,20,elitize_generation_data,193,5,0.767,NA
195,5,negative-to-zero,lexicase,FALSE,20,elitize_generation_data,194,5,0.771,NA
196,5,negative-to-zero,lexicase,FALSE,20,elitize_generation_data,195,4,0.731,NA
197,5,negative-to-zero,lexicase,FALSE,20,elitize_generation_data,196,6,0.756,NA
198,5,negative-to-zero,lexicase,FALSE,20,elitize_generation_data,197,5,0.743,NA
199,5,negative-to-zero,lexicase,FALSE,20,elitize_generation_data,198,6,0.715,NA
200,5,negative-to-zero,lexicase,FALSE,20,elitize_generation_data,199,5,0.723,NA
201,5,negative-to-zero,lexicase,FALSE,20,elitize_generation_data,200,6,0.734,NA
202,5,negative-to-zero,lexicase,FALSE,20,elitize_generation_data,201,6,0.739,NA
203,5,negative-to-zero,lexicase,FALSE,20,elitize_generation_data,202,10,0.745,NA
204,5,negative-to-zero,lexicase,FALSE,20,elitize_generation_data,203,6,0.732,NA
205,5,negative-to-zero,lexicase,FALSE,20,elitize_generation_data,204,4,0.725,NA
206,5,negative-to-zero,lexicase,FALSE,20,elitize_generation_data,205,5,0.733,NA
207,5,negative-to-zero,lexicase,FALSE,20,elitize_generation_data,206,5,0.732,NA
208,5,negative-to-zero,lexicase,FALSE,20,elitize_generation_data,207,4,0.747,NA
209,5,negative-to-zero,lexicase,FALSE,20,elitize_generation_data,208,5,0.733,NA
210,5,negative-to-zero,lexicase,FALSE,20,elitize_generation_data,209,5,0.736,NA
211,5,negative-to-zero,lexicase,FALSE,20,elitize_generation_data,210,5,0.751,NA
212,5,negative-to-zero,lexicase,FALSE,20,elitize_generation_data,211,5,0.722,NA
213,5,negative-to-zero,lexicase,FALSE,20,elitize_generation_data,212,5,0.736,NA
214,5,negative-to-zero,lexicase,FALSE,20,elitize_generation_data,213,4,0.753,NA
215,5,negative-to-zero,lexicase,FALSE,20,elitize_generation_data,214,5,0.758,NA
216,5,negative-to-zero,lexicase,FALSE,20,elitize_generation_data,215,5,0.75,NA
217,5,negative-to-zero,lexicase,FALSE,20,elitize_generation_data,216,6,0.741,NA
218,5,negative-to-zero,lexicase,FALSE,20,elitize_generation_data,217,6,0.743,NA
219,5,negative-to-zero,lexicase,FALSE,20,elitize_generation_data,218,8,0.746,NA
220,5,negative-to-zero,lexicase,FALSE,20,elitize_generation_data,219,5,0.728,NA
221,5,negative-to-zero,lexicase,FALSE,20,elitize_generation_data,220,6,0.759,NA
222,5,negative-to-zero,lexicase,FALSE,20,elitize_generation_data,221,6,0.733,NA
223,5,negative-to-zero,lexicase,FALSE,20,elitize_generation_data,222,7,0.728,NA
224,5,negative-to-zero,lexicase,FALSE,20,elitize_generation_data,223,7,0.74,NA
225,5,negative-to-zero,lexicase,FALSE,20,elitize_generation_data,224,7,0.744,NA
226,5,negative-to-zero,lexicase,FALSE,20,elitize_generation_data,225,6,0.742,NA
227,5,negative-to-zero,lexicase,FALSE,20,elitize_generation_data,226,6,0.741,NA
228,5,negative-to-zero,lexicase,FALSE,20,elitize_generation_data,227,6,0.712,NA
229,5,negative-to-zero,lexicase,FALSE,20,elitize_generation_data,228,7,0.756,NA
230,5,negative-to-zero,lexicase,FALSE,20,elitize_generation_data,229,7,0.748,NA
231,5,negative-to-zero,lexicase,FALSE,20,elitize_generation_data,230,5,0.72,NA
232,5,negative-to-zero,lexicase,FALSE,20,elitize_generation_data,231,5,0.734,NA
233,5,negative-to-zero,lexicase,FALSE,20,elitize_generation_data,232,6,0.725,NA
234,5,negative-to-zero,lexicase,FALSE,20,elitize_generation_data,233,5,0.717,NA
235,5,negative-to-zero,lexicase,FALSE,20,elitize_generation_data,234,5,0.703,NA
236,5,negative-to-zero,lexicase,FALSE,20,elitize_generation_data,235,5,0.727,NA
237,5,negative-to-zero,lexicase,FALSE,20,elitize_generation_data,236,5,0.741,NA
238,5,negative-to-zero,lexicase,FALSE,20,elitize_generation_data,237,8,0.734,NA
239,5,negative-to-zero,lexicase,FALSE,20,elitize_generation_data,238,6,0.761,NA
240,5,negative-to-zero,lexicase,FALSE,20,elitize_generation_data,239,6,0.744,NA
241,5,negative-to-zero,lexicase,FALSE,20,elitize_generation_data,240,5,0.734,NA
242,5,negative-to-zero,lexicase,FALSE,20,elitize_generation_data,241,6,0.743,NA
243,5,negative-to-zero,lexicase,FALSE,20,elitize_generation_data,242,6,0.738,NA
244,5,negative-to-zero,lexicase,FALSE,20,elitize_generation_data,243,6,0.738,NA
245,5,negative-to-zero,lexicase,FALSE,20,elitize_generation_data,244,5,0.732,NA
246,5,negative-to-zero,lexicase,FALSE,20,elitize_generation_data,245,7,0.713,NA
247,5,negative-to-zero,lexicase,FALSE,20,elitize_generation_data,246,7,0.689,NA
248,5,negative-to-zero,lexicase,FALSE,20,elitize_generation_data,247,6,0.705,NA
249,5,negative-to-zero,lexicase,FALSE,20,elitize_generation_data,248,6,0.697,NA
250,5,negative-to-zero,lexicase,FALSE,20,elitize_generation_data,249,8,0.712,NA
251,5,negative-to-zero,lexicase,FALSE,20,elitize_generation_data,250,6,0.729,NA
252,5,negative-to-zero,lexicase,FALSE,20,elitize_generation_data,251,5,0.731,NA
253,5,negative-to-zero,lexicase,FALSE,20,elitize_generation_data,252,4,0.705,NA
254,5,negative-to-zero,lexicase,FALSE,20,elitize_generation_data,253,5,0.709,NA
255,5,negative-to-zero,lexicase,FALSE,20,elitize_generation_data,254,6,0.706,NA
256,5,negative-to-zero,lexicase,FALSE,20,elitize_generation_data,255,6,0.729,NA
257,5,negative-to-zero,lexicase,FALSE,20,elitize_generation_data,256,7,0.724,NA
258,5,negative-to-zero,lexicase,FALSE,20,elitize_generation_data,257,6,0.698,NA
259,5,negative-to-zero,lexicase,FALSE,20,elitize_generation_data,258,8,0.711,NA
260,5,negative-to-zero,lexicase,FALSE,20,elitize_generation_data,259,8,0.708,NA
261,5,negative-to-zero,lexicase,FALSE,20,elitize_generation_data,260,6,0.717,NA
262,5,negative-to-zero,lexicase,FALSE,20,elitize_generation_data,261,4,0.699,NA
263,5,negative-to-zero,lexicase,FALSE,20,elitize_generation_data,262,6,0.697,NA
264,5,negative-to-zero,lexicase,FALSE,20,elitize_generation_data,263,5,0.732,NA
265,5,negative-to-zero,lexicase,FALSE,20,elitize_generation_data,264,6,0.729,NA
266,5,negative-to-zero,lexicase,FALSE,20,elitize_generation_data,265,6,0.713,NA
267,5,negative-to-zero,lexicase,FALSE,20,elitize_generation_data,266,7,0.705,NA
268,5,negative-to-zero,lexicase,FALSE,20,elitize_generation_data,267,7,0.711,NA
269,5,negative-to-zero,lexicase,FALSE,20,elitize_generation_data,268,4,0.717,NA
270,5,negative-to-zero,lexicase,FALSE,20,elitize_generation_data,269,6,0.732,NA
271,5,negative-to-zero,lexicase,FALSE,20,elitize_generation_data,270,4,0.722,NA
272,5,negative-to-zero,lexicase,FALSE,20,elitize_generation_data,271,5,0.71,NA
273,5,negative-to-zero,lexicase,FALSE,20,elitize_generation_data,272,5,0.718,NA
274,5,negative-to-zero,lexicase,FALSE,20,elitize_generation_data,273,6,0.732,NA
275,5,negative-to-zero,lexicase,FALSE,20,elitize_generation_data,274,5,0.738,NA
276,5,negative-to-zero,lexicase,FALSE,20,elitize_generation_data,275,5,0.737,NA
277,5,negative-to-zero,lexicase,FALSE,20,elitize_generation_data,276,7,0.71,NA
278,5,negative-to-zero,lexicase,FALSE,20,elitize_generation_data,277,5,0.746,NA
279,5,negative-to-zero,lexicase,FALSE,20,elitize_generation_data,278,5,0.71,NA
280,5,negative-to-zero,lexicase,FALSE,20,elitize_generation_data,279,4,0.738,NA
281,5,negative-to-zero,lexicase,FALSE,20,elitize_generation_data,280,5,0.714,NA
282,5,negative-to-zero,lexicase,FALSE,20,elitize_generation_data,281,6,0.737,NA
283,5,negative-to-zero,lexicase,FALSE,20,elitize_generation_data,282,4,0.721,NA
284,5,negative-to-zero,lexicase,FALSE,20,elitize_generation_data,283,7,0.721,NA
285,5,negative-to-zero,lexicase,FALSE,20,elitize_generation_data,284,9,0.703,NA
286,5,negative-to-zero,lexicase,FALSE,20,elitize_generation_data,285,4,0.715,NA
287,5,negative-to-zero,lexicase,FALSE,20,elitize_generation_data,286,5,0.729,NA
288,5,negative-to-zero,lexicase,FALSE,20,elitize_generation_data,287,6,0.716,NA
289,5,negative-to-zero,lexicase,FALSE,20,elitize_generation_data,288,5,0.744,NA
290,5,negative-to-zero,lexicase,FALSE,20,elitize_generation_data,289,6,0.746,NA
291,5,negative-to-zero,lexicase,FALSE,20,elitize_generation_data,290,5,0.724,NA
292,5,negative-to-zero,lexicase,FALSE,20,elitize_generation_data,291,6,0.727,NA
293,5,negative-to-zero,lexicase,FALSE,20,elitize_generation_data,292,6,0.733,NA
294,5,negative-to-zero,lexicase,FALSE,20,elitize_generation_data,293,7,0.726,NA
295,5,negative-to-zero,lexicase,FALSE,20,elitize_generation_data,294,5,0.734,NA
296,5,negative-to-zero,lexicase,FALSE,20,elitize_generation_data,295,5,0.731,NA
297,5,negative-to-zero,lexicase,FALSE,20,elitize_generation_data,296,5,0.739,NA
298,5,negative-to-zero,lexicase,FALSE,20,elitize_generation_data,297,5,0.73,NA
299,5,negative-to-zero,lexicase,FALSE,20,elitize_generation_data,298,7,0.721,NA
300,5,negative-to-zero,lexicase,FALSE,20,elitize_generation_data,299,6,0.726,NA
301,5,negative-to-zero,lexicase,FALSE,20,elitize_generation_data,300,5,0.728,NA
