,run.num,problem,treatment,succeeded,height,normalization.function,generation,cluster.count,error.diversity,success.generation
1,22,negative-to-zero,lexicase,FALSE,20,elitize_generation_data,0,8,0.041,NA
2,22,negative-to-zero,lexicase,FALSE,20,elitize_generation_data,1,7,0.031,NA
3,22,negative-to-zero,lexicase,FALSE,20,elitize_generation_data,2,8,0.027,NA
4,22,negative-to-zero,lexicase,FALSE,20,elitize_generation_data,3,11,0.023,NA
5,22,negative-to-zero,lexicase,FALSE,20,elitize_generation_data,4,14,0.024,NA
6,22,negative-to-zero,lexicase,FALSE,20,elitize_generation_data,5,19,0.032,NA
7,22,negative-to-zero,lexicase,FALSE,20,elitize_generation_data,6,20,0.035,NA
8,22,negative-to-zero,lexicase,FALSE,20,elitize_generation_data,7,13,0.038,NA
9,22,negative-to-zero,lexicase,FALSE,20,elitize_generation_data,8,31,0.068,NA
10,22,negative-to-zero,lexicase,FALSE,20,elitize_generation_data,9,54,0.102,NA
11,22,negative-to-zero,lexicase,FALSE,20,elitize_generation_data,10,81,0.14,NA
12,22,negative-to-zero,lexicase,FALSE,20,elitize_generation_data,11,97,0.16,NA
13,22,negative-to-zero,lexicase,FALSE,20,elitize_generation_data,12,124,0.187,NA
14,22,negative-to-zero,lexicase,FALSE,20,elitize_generation_data,13,146,0.227,NA
15,22,negative-to-zero,lexicase,FALSE,20,elitize_generation_data,14,171,0.243,NA
16,22,negative-to-zero,lexicase,FALSE,20,elitize_generation_data,15,214,0.312,NA
17,22,negative-to-zero,lexicase,FALSE,20,elitize_generation_data,16,233,0.344,NA
18,22,negative-to-zero,lexicase,FALSE,20,elitize_generation_data,17,257,0.367,NA
19,22,negative-to-zero,lexicase,FALSE,20,elitize_generation_data,18,273,0.415,NA
20,22,negative-to-zero,lexicase,FALSE,20,elitize_generation_data,19,288,0.493,NA
21,22,negative-to-zero,lexicase,FALSE,20,elitize_generation_data,20,319,0.537,NA
22,22,negative-to-zero,lexicase,FALSE,20,elitize_generation_data,21,329,0.539,NA
23,22,negative-to-zero,lexicase,FALSE,20,elitize_generation_data,22,335,0.563,NA
24,22,negative-to-zero,lexicase,FALSE,20,elitize_generation_data,23,331,0.561,NA
25,22,negative-to-zero,lexicase,FALSE,20,elitize_generation_data,24,175,0.572,NA
26,22,negative-to-zero,lexicase,FALSE,20,elitize_generation_data,25,19,0.553,NA
27,22,negative-to-zero,lexicase,FALSE,20,elitize_generation_data,26,25,0.577,NA
28,22,negative-to-zero,lexicase,FALSE,20,elitize_generation_data,27,19,0.588,NA
29,22,negative-to-zero,lexicase,FALSE,20,elitize_generation_data,28,8,0.585,NA
30,22,negative-to-zero,lexicase,FALSE,20,elitize_generation_data,29,4,0.565,NA
31,22,negative-to-zero,lexicase,FALSE,20,elitize_generation_data,30,5,0.562,NA
32,22,negative-to-zero,lexicase,FALSE,20,elitize_generation_data,31,4,0.579,NA
33,22,negative-to-zero,lexicase,FALSE,20,elitize_generation_data,32,5,0.592,NA
34,22,negative-to-zero,lexicase,FALSE,20,elitize_generation_data,33,5,0.602,NA
35,22,negative-to-zero,lexicase,FALSE,20,elitize_generation_data,34,9,0.617,NA
36,22,negative-to-zero,lexicase,FALSE,20,elitize_generation_data,35,8,0.626,NA
37,22,negative-to-zero,lexicase,FALSE,20,elitize_generation_data,36,8,0.654,NA
38,22,negative-to-zero,lexicase,FALSE,20,elitize_generation_data,37,10,0.638,NA
39,22,negative-to-zero,lexicase,FALSE,20,elitize_generation_data,38,9,0.663,NA
40,22,negative-to-zero,lexicase,FALSE,20,elitize_generation_data,39,11,0.666,NA
41,22,negative-to-zero,lexicase,FALSE,20,elitize_generation_data,40,10,0.628,NA
42,22,negative-to-zero,lexicase,FALSE,20,elitize_generation_data,41,9,0.646,NA
43,22,negative-to-zero,lexicase,FALSE,20,elitize_generation_data,42,8,0.639,NA
44,22,negative-to-zero,lexicase,FALSE,20,elitize_generation_data,43,9,0.646,NA
45,22,negative-to-zero,lexicase,FALSE,20,elitize_generation_data,44,7,0.66,NA
46,22,negative-to-zero,lexicase,FALSE,20,elitize_generation_data,45,6,0.677,NA
47,22,negative-to-zero,lexicase,FALSE,20,elitize_generation_data,46,7,0.67,NA
48,22,negative-to-zero,lexicase,FALSE,20,elitize_generation_data,47,8,0.675,NA
49,22,negative-to-zero,lexicase,FALSE,20,elitize_generation_data,48,8,0.658,NA
50,22,negative-to-zero,lexicase,FALSE,20,elitize_generation_data,49,7,0.676,NA
51,22,negative-to-zero,lexicase,FALSE,20,elitize_generation_data,50,7,0.71,NA
52,22,negative-to-zero,lexicase,FALSE,20,elitize_generation_data,51,6,0.693,NA
53,22,negative-to-zero,lexicase,FALSE,20,elitize_generation_data,52,7,0.693,NA
54,22,negative-to-zero,lexicase,FALSE,20,elitize_generation_data,53,8,0.711,NA
55,22,negative-to-zero,lexicase,FALSE,20,elitize_generation_data,54,7,0.699,NA
56,22,negative-to-zero,lexicase,FALSE,20,elitize_generation_data,55,8,0.716,NA
57,22,negative-to-zero,lexicase,FALSE,20,elitize_generation_data,56,7,0.693,NA
58,22,negative-to-zero,lexicase,FALSE,20,elitize_generation_data,57,7,0.72,NA
59,22,negative-to-zero,lexicase,FALSE,20,elitize_generation_data,58,8,0.728,NA
60,22,negative-to-zero,lexicase,FALSE,20,elitize_generation_data,59,7,0.748,NA
61,22,negative-to-zero,lexicase,FALSE,20,elitize_generation_data,60,7,0.746,NA
62,22,negative-to-zero,lexicase,FALSE,20,elitize_generation_data,61,6,0.725,NA
63,22,negative-to-zero,lexicase,FALSE,20,elitize_generation_data,62,5,0.746,NA
64,22,negative-to-zero,lexicase,FALSE,20,elitize_generation_data,63,8,0.731,NA
65,22,negative-to-zero,lexicase,FALSE,20,elitize_generation_data,64,6,0.749,NA
66,22,negative-to-zero,lexicase,FALSE,20,elitize_generation_data,65,5,0.72,NA
67,22,negative-to-zero,lexicase,FALSE,20,elitize_generation_data,66,8,0.743,NA
68,22,negative-to-zero,lexicase,FALSE,20,elitize_generation_data,67,4,0.744,NA
69,22,negative-to-zero,lexicase,FALSE,20,elitize_generation_data,68,9,0.747,NA
70,22,negative-to-zero,lexicase,FALSE,20,elitize_generation_data,69,10,0.788,NA
71,22,negative-to-zero,lexicase,FALSE,20,elitize_generation_data,70,9,0.769,NA
72,22,negative-to-zero,lexicase,FALSE,20,elitize_generation_data,71,6,0.777,NA
73,22,negative-to-zero,lexicase,FALSE,20,elitize_generation_data,72,10,0.716,NA
74,22,negative-to-zero,lexicase,FALSE,20,elitize_generation_data,73,6,0.777,NA
75,22,negative-to-zero,lexicase,FALSE,20,elitize_generation_data,74,8,0.764,NA
76,22,negative-to-zero,lexicase,FALSE,20,elitize_generation_data,75,6,0.76,NA
77,22,negative-to-zero,lexicase,FALSE,20,elitize_generation_data,76,6,0.749,NA
78,22,negative-to-zero,lexicase,FALSE,20,elitize_generation_data,77,6,0.757,NA
79,22,negative-to-zero,lexicase,FALSE,20,elitize_generation_data,78,4,0.754,NA
80,22,negative-to-zero,lexicase,FALSE,20,elitize_generation_data,79,7,0.732,NA
81,22,negative-to-zero,lexicase,FALSE,20,elitize_generation_data,80,7,0.743,NA
82,22,negative-to-zero,lexicase,FALSE,20,elitize_generation_data,81,6,0.769,NA
83,22,negative-to-zero,lexicase,FALSE,20,elitize_generation_data,82,7,0.77,NA
84,22,negative-to-zero,lexicase,FALSE,20,elitize_generation_data,83,8,0.769,NA
85,22,negative-to-zero,lexicase,FALSE,20,elitize_generation_data,84,8,0.78,NA
86,22,negative-to-zero,lexicase,FALSE,20,elitize_generation_data,85,10,0.78,NA
87,22,negative-to-zero,lexicase,FALSE,20,elitize_generation_data,86,6,0.731,NA
88,22,negative-to-zero,lexicase,FALSE,20,elitize_generation_data,87,5,0.734,NA
89,22,negative-to-zero,lexicase,FALSE,20,elitize_generation_data,88,4,0.757,NA
90,22,negative-to-zero,lexicase,FALSE,20,elitize_generation_data,89,5,0.772,NA
91,22,negative-to-zero,lexicase,FALSE,20,elitize_generation_data,90,6,0.747,NA
92,22,negative-to-zero,lexicase,FALSE,20,elitize_generation_data,91,6,0.765,NA
93,22,negative-to-zero,lexicase,FALSE,20,elitize_generation_data,92,4,0.774,NA
94,22,negative-to-zero,lexicase,FALSE,20,elitize_generation_data,93,7,0.753,NA
95,22,negative-to-zero,lexicase,FALSE,20,elitize_generation_data,94,7,0.78,NA
96,22,negative-to-zero,lexicase,FALSE,20,elitize_generation_data,95,8,0.772,NA
97,22,negative-to-zero,lexicase,FALSE,20,elitize_generation_data,96,5,0.766,NA
98,22,negative-to-zero,lexicase,FALSE,20,elitize_generation_data,97,5,0.771,NA
99,22,negative-to-zero,lexicase,FALSE,20,elitize_generation_data,98,7,0.792,NA
100,22,negative-to-zero,lexicase,FALSE,20,elitize_generation_data,99,7,0.79,NA
101,22,negative-to-zero,lexicase,FALSE,20,elitize_generation_data,100,3,0.771,NA
102,22,negative-to-zero,lexicase,FALSE,20,elitize_generation_data,101,6,0.793,NA
103,22,negative-to-zero,lexicase,FALSE,20,elitize_generation_data,102,6,0.779,NA
104,22,negative-to-zero,lexicase,FALSE,20,elitize_generation_data,103,6,0.782,NA
105,22,negative-to-zero,lexicase,FALSE,20,elitize_generation_data,104,5,0.753,NA
106,22,negative-to-zero,lexicase,FALSE,20,elitize_generation_data,105,5,0.751,NA
107,22,negative-to-zero,lexicase,FALSE,20,elitize_generation_data,106,6,0.764,NA
108,22,negative-to-zero,lexicase,FALSE,20,elitize_generation_data,107,5,0.772,NA
109,22,negative-to-zero,lexicase,FALSE,20,elitize_generation_data,108,6,0.784,NA
110,22,negative-to-zero,lexicase,FALSE,20,elitize_generation_data,109,4,0.766,NA
111,22,negative-to-zero,lexicase,FALSE,20,elitize_generation_data,110,5,0.763,NA
112,22,negative-to-zero,lexicase,FALSE,20,elitize_generation_data,111,7,0.774,NA
113,22,negative-to-zero,lexicase,FALSE,20,elitize_generation_data,112,6,0.741,NA
114,22,negative-to-zero,lexicase,FALSE,20,elitize_generation_data,113,8,0.765,NA
115,22,negative-to-zero,lexicase,FALSE,20,elitize_generation_data,114,7,0.767,NA
116,22,negative-to-zero,lexicase,FALSE,20,elitize_generation_data,115,6,0.771,NA
117,22,negative-to-zero,lexicase,FALSE,20,elitize_generation_data,116,6,0.766,NA
118,22,negative-to-zero,lexicase,FALSE,20,elitize_generation_data,117,6,0.776,NA
119,22,negative-to-zero,lexicase,FALSE,20,elitize_generation_data,118,6,0.762,NA
120,22,negative-to-zero,lexicase,FALSE,20,elitize_generation_data,119,6,0.771,NA
121,22,negative-to-zero,lexicase,FALSE,20,elitize_generation_data,120,7,0.784,NA
122,22,negative-to-zero,lexicase,FALSE,20,elitize_generation_data,121,6,0.784,NA
123,22,negative-to-zero,lexicase,FALSE,20,elitize_generation_data,122,7,0.769,NA
124,22,negative-to-zero,lexicase,FALSE,20,elitize_generation_data,123,5,0.797,NA
125,22,negative-to-zero,lexicase,FALSE,20,elitize_generation_data,124,8,0.75,NA
126,22,negative-to-zero,lexicase,FALSE,20,elitize_generation_data,125,5,0.755,NA
127,22,negative-to-zero,lexicase,FALSE,20,elitize_generation_data,126,5,0.755,NA
128,22,negative-to-zero,lexicase,FALSE,20,elitize_generation_data,127,9,0.749,NA
129,22,negative-to-zero,lexicase,FALSE,20,elitize_generation_data,128,6,0.772,NA
130,22,negative-to-zero,lexicase,FALSE,20,elitize_generation_data,129,5,0.795,NA
131,22,negative-to-zero,lexicase,FALSE,20,elitize_generation_data,130,7,0.761,NA
132,22,negative-to-zero,lexicase,FALSE,20,elitize_generation_data,131,5,0.77,NA
133,22,negative-to-zero,lexicase,FALSE,20,elitize_generation_data,132,7,0.721,NA
134,22,negative-to-zero,lexicase,FALSE,20,elitize_generation_data,133,4,0.763,NA
135,22,negative-to-zero,lexicase,FALSE,20,elitize_generation_data,134,4,0.764,NA
136,22,negative-to-zero,lexicase,FALSE,20,elitize_generation_data,135,5,0.78,NA
137,22,negative-to-zero,lexicase,FALSE,20,elitize_generation_data,136,5,0.761,NA
138,22,negative-to-zero,lexicase,FALSE,20,elitize_generation_data,137,6,0.752,NA
139,22,negative-to-zero,lexicase,FALSE,20,elitize_generation_data,138,5,0.724,NA
140,22,negative-to-zero,lexicase,FALSE,20,elitize_generation_data,139,5,0.773,NA
141,22,negative-to-zero,lexicase,FALSE,20,elitize_generation_data,140,7,0.737,NA
142,22,negative-to-zero,lexicase,FALSE,20,elitize_generation_data,141,7,0.741,NA
143,22,negative-to-zero,lexicase,FALSE,20,elitize_generation_data,142,5,0.764,NA
144,22,negative-to-zero,lexicase,FALSE,20,elitize_generation_data,143,5,0.755,NA
145,22,negative-to-zero,lexicase,FALSE,20,elitize_generation_data,144,5,0.747,NA
146,22,negative-to-zero,lexicase,FALSE,20,elitize_generation_data,145,5,0.754,NA
147,22,negative-to-zero,lexicase,FALSE,20,elitize_generation_data,146,5,0.765,NA
148,22,negative-to-zero,lexicase,FALSE,20,elitize_generation_data,147,6,0.748,NA
149,22,negative-to-zero,lexicase,FALSE,20,elitize_generation_data,148,8,0.761,NA
150,22,negative-to-zero,lexicase,FALSE,20,elitize_generation_data,149,6,0.75,NA
151,22,negative-to-zero,lexicase,FALSE,20,elitize_generation_data,150,6,0.771,NA
152,22,negative-to-zero,lexicase,FALSE,20,elitize_generation_data,151,6,0.78,NA
153,22,negative-to-zero,lexicase,FALSE,20,elitize_generation_data,152,4,0.763,NA
154,22,negative-to-zero,lexicase,FALSE,20,elitize_generation_data,153,8,0.743,NA
155,22,negative-to-zero,lexicase,FALSE,20,elitize_generation_data,154,6,0.758,NA
156,22,negative-to-zero,lexicase,FALSE,20,elitize_generation_data,155,6,0.751,NA
157,22,negative-to-zero,lexicase,FALSE,20,elitize_generation_data,156,5,0.761,NA
158,22,negative-to-zero,lexicase,FALSE,20,elitize_generation_data,157,5,0.752,NA
159,22,negative-to-zero,lexicase,FALSE,20,elitize_generation_data,158,5,0.752,NA
160,22,negative-to-zero,lexicase,FALSE,20,elitize_generation_data,159,6,0.753,NA
161,22,negative-to-zero,lexicase,FALSE,20,elitize_generation_data,160,6,0.756,NA
162,22,negative-to-zero,lexicase,FALSE,20,elitize_generation_data,161,5,0.751,NA
163,22,negative-to-zero,lexicase,FALSE,20,elitize_generation_data,162,6,0.743,NA
164,22,negative-to-zero,lexicase,FALSE,20,elitize_generation_data,163,6,0.749,NA
165,22,negative-to-zero,lexicase,FALSE,20,elitize_generation_data,164,6,0.748,NA
166,22,negative-to-zero,lexicase,FALSE,20,elitize_generation_data,165,4,0.738,NA
167,22,negative-to-zero,lexicase,FALSE,20,elitize_generation_data,166,6,0.767,NA
168,22,negative-to-zero,lexicase,FALSE,20,elitize_generation_data,167,5,0.721,NA
169,22,negative-to-zero,lexicase,FALSE,20,elitize_generation_data,168,5,0.744,NA
170,22,negative-to-zero,lexicase,FALSE,20,elitize_generation_data,169,7,0.723,NA
171,22,negative-to-zero,lexicase,FALSE,20,elitize_generation_data,170,6,0.752,NA
172,22,negative-to-zero,lexicase,FALSE,20,elitize_generation_data,171,5,0.726,NA
173,22,negative-to-zero,lexicase,FALSE,20,elitize_generation_data,172,6,0.716,NA
174,22,negative-to-zero,lexicase,FALSE,20,elitize_generation_data,173,6,0.726,NA
175,22,negative-to-zero,lexicase,FALSE,20,elitize_generation_data,174,5,0.705,NA
176,22,negative-to-zero,lexicase,FALSE,20,elitize_generation_data,175,6,0.733,NA
177,22,negative-to-zero,lexicase,FALSE,20,elitize_generation_data,176,4,0.736,NA
178,22,negative-to-zero,lexicase,FALSE,20,elitize_generation_data,177,4,0.757,NA
179,22,negative-to-zero,lexicase,FALSE,20,elitize_generation_data,178,7,0.734,NA
180,22,negative-to-zero,lexicase,FALSE,20,elitize_generation_data,179,5,0.74,NA
181,22,negative-to-zero,lexicase,FALSE,20,elitize_generation_data,180,6,0.743,NA
182,22,negative-to-zero,lexicase,FALSE,20,elitize_generation_data,181,5,0.733,NA
183,22,negative-to-zero,lexicase,FALSE,20,elitize_generation_data,182,6,0.735,NA
184,22,negative-to-zero,lexicase,FALSE,20,elitize_generation_data,183,5,0.722,NA
185,22,negative-to-zero,lexicase,FALSE,20,elitize_generation_data,184,7,0.725,NA
186,22,negative-to-zero,lexicase,FALSE,20,elitize_generation_data,185,7,0.722,NA
187,22,negative-to-zero,lexicase,FALSE,20,elitize_generation_data,186,8,0.749,NA
188,22,negative-to-zero,lexicase,FALSE,20,elitize_generation_data,187,6,0.722,NA
189,22,negative-to-zero,lexicase,FALSE,20,elitize_generation_data,188,5,0.762,NA
190,22,negative-to-zero,lexicase,FALSE,20,elitize_generation_data,189,5,0.752,NA
191,22,negative-to-zero,lexicase,FALSE,20,elitize_generation_data,190,5,0.753,NA
192,22,negative-to-zero,lexicase,FALSE,20,elitize_generation_data,191,5,0.741,NA
193,22,negative-to-zero,lexicase,FALSE,20,elitize_generation_data,192,5,0.75,NA
194,22,negative-to-zero,lexicase,FALSE,20,elitize_generation_data,193,4,0.737,NA
195,22,negative-to-zero,lexicase,FALSE,20,elitize_generation_data,194,5,0.738,NA
196,22,negative-to-zero,lexicase,FALSE,20,elitize_generation_data,195,5,0.715,NA
197,22,negative-to-zero,lexicase,FALSE,20,elitize_generation_data,196,5,0.752,NA
198,22,negative-to-zero,lexicase,FALSE,20,elitize_generation_data,197,4,0.757,NA
199,22,negative-to-zero,lexicase,FALSE,20,elitize_generation_data,198,5,0.76,NA
200,22,negative-to-zero,lexicase,FALSE,20,elitize_generation_data,199,5,0.735,NA
201,22,negative-to-zero,lexicase,FALSE,20,elitize_generation_data,200,3,0.754,NA
202,22,negative-to-zero,lexicase,FALSE,20,elitize_generation_data,201,2,0.737,NA
203,22,negative-to-zero,lexicase,FALSE,20,elitize_generation_data,202,4,0.762,NA
204,22,negative-to-zero,lexicase,FALSE,20,elitize_generation_data,203,4,0.772,NA
205,22,negative-to-zero,lexicase,FALSE,20,elitize_generation_data,204,3,0.764,NA
206,22,negative-to-zero,lexicase,FALSE,20,elitize_generation_data,205,3,0.744,NA
207,22,negative-to-zero,lexicase,FALSE,20,elitize_generation_data,206,4,0.756,NA
208,22,negative-to-zero,lexicase,FALSE,20,elitize_generation_data,207,5,0.75,NA
209,22,negative-to-zero,lexicase,FALSE,20,elitize_generation_data,208,3,0.744,NA
210,22,negative-to-zero,lexicase,FALSE,20,elitize_generation_data,209,6,0.741,NA
211,22,negative-to-zero,lexicase,FALSE,20,elitize_generation_data,210,6,0.757,NA
212,22,negative-to-zero,lexicase,FALSE,20,elitize_generation_data,211,6,0.751,NA
213,22,negative-to-zero,lexicase,FALSE,20,elitize_generation_data,212,5,0.764,NA
214,22,negative-to-zero,lexicase,FALSE,20,elitize_generation_data,213,7,0.743,NA
215,22,negative-to-zero,lexicase,FALSE,20,elitize_generation_data,214,6,0.748,NA
216,22,negative-to-zero,lexicase,FALSE,20,elitize_generation_data,215,6,0.745,NA
217,22,negative-to-zero,lexicase,FALSE,20,elitize_generation_data,216,4,0.726,NA
218,22,negative-to-zero,lexicase,FALSE,20,elitize_generation_data,217,6,0.743,NA
219,22,negative-to-zero,lexicase,FALSE,20,elitize_generation_data,218,4,0.722,NA
220,22,negative-to-zero,lexicase,FALSE,20,elitize_generation_data,219,6,0.725,NA
221,22,negative-to-zero,lexicase,FALSE,20,elitize_generation_data,220,5,0.732,NA
222,22,negative-to-zero,lexicase,FALSE,20,elitize_generation_data,221,6,0.755,NA
223,22,negative-to-zero,lexicase,FALSE,20,elitize_generation_data,222,4,0.731,NA
224,22,negative-to-zero,lexicase,FALSE,20,elitize_generation_data,223,5,0.721,NA
225,22,negative-to-zero,lexicase,FALSE,20,elitize_generation_data,224,5,0.735,NA
226,22,negative-to-zero,lexicase,FALSE,20,elitize_generation_data,225,4,0.745,NA
227,22,negative-to-zero,lexicase,FALSE,20,elitize_generation_data,226,3,0.759,NA
228,22,negative-to-zero,lexicase,FALSE,20,elitize_generation_data,227,4,0.748,NA
229,22,negative-to-zero,lexicase,FALSE,20,elitize_generation_data,228,4,0.769,NA
230,22,negative-to-zero,lexicase,FALSE,20,elitize_generation_data,229,3,0.761,NA
231,22,negative-to-zero,lexicase,FALSE,20,elitize_generation_data,230,4,0.756,NA
232,22,negative-to-zero,lexicase,FALSE,20,elitize_generation_data,231,4,0.785,NA
233,22,negative-to-zero,lexicase,FALSE,20,elitize_generation_data,232,3,0.771,NA
234,22,negative-to-zero,lexicase,FALSE,20,elitize_generation_data,233,2,0.788,NA
235,22,negative-to-zero,lexicase,FALSE,20,elitize_generation_data,234,4,0.764,NA
236,22,negative-to-zero,lexicase,FALSE,20,elitize_generation_data,235,2,0.781,NA
237,22,negative-to-zero,lexicase,FALSE,20,elitize_generation_data,236,3,0.799,NA
238,22,negative-to-zero,lexicase,FALSE,20,elitize_generation_data,237,3,0.767,NA
239,22,negative-to-zero,lexicase,FALSE,20,elitize_generation_data,238,3,0.762,NA
240,22,negative-to-zero,lexicase,FALSE,20,elitize_generation_data,239,3,0.777,NA
241,22,negative-to-zero,lexicase,FALSE,20,elitize_generation_data,240,3,0.749,NA
242,22,negative-to-zero,lexicase,FALSE,20,elitize_generation_data,241,3,0.752,NA
243,22,negative-to-zero,lexicase,FALSE,20,elitize_generation_data,242,3,0.777,NA
244,22,negative-to-zero,lexicase,FALSE,20,elitize_generation_data,243,4,0.762,NA
245,22,negative-to-zero,lexicase,FALSE,20,elitize_generation_data,244,5,0.747,NA
246,22,negative-to-zero,lexicase,FALSE,20,elitize_generation_data,245,7,0.783,NA
247,22,negative-to-zero,lexicase,FALSE,20,elitize_generation_data,246,4,0.755,NA
248,22,negative-to-zero,lexicase,FALSE,20,elitize_generation_data,247,4,0.759,NA
249,22,negative-to-zero,lexicase,FALSE,20,elitize_generation_data,248,6,0.782,NA
250,22,negative-to-zero,lexicase,FALSE,20,elitize_generation_data,249,6,0.774,NA
251,22,negative-to-zero,lexicase,FALSE,20,elitize_generation_data,250,4,0.765,NA
252,22,negative-to-zero,lexicase,FALSE,20,elitize_generation_data,251,4,0.738,NA
253,22,negative-to-zero,lexicase,FALSE,20,elitize_generation_data,252,5,0.753,NA
254,22,negative-to-zero,lexicase,FALSE,20,elitize_generation_data,253,5,0.749,NA
255,22,negative-to-zero,lexicase,FALSE,20,elitize_generation_data,254,4,0.759,NA
256,22,negative-to-zero,lexicase,FALSE,20,elitize_generation_data,255,3,0.766,NA
257,22,negative-to-zero,lexicase,FALSE,20,elitize_generation_data,256,4,0.78,NA
258,22,negative-to-zero,lexicase,FALSE,20,elitize_generation_data,257,3,0.736,NA
259,22,negative-to-zero,lexicase,FALSE,20,elitize_generation_data,258,4,0.764,NA
260,22,negative-to-zero,lexicase,FALSE,20,elitize_generation_data,259,3,0.769,NA
261,22,negative-to-zero,lexicase,FALSE,20,elitize_generation_data,260,5,0.735,NA
262,22,negative-to-zero,lexicase,FALSE,20,elitize_generation_data,261,6,0.759,NA
263,22,negative-to-zero,lexicase,FALSE,20,elitize_generation_data,262,4,0.781,NA
264,22,negative-to-zero,lexicase,FALSE,20,elitize_generation_data,263,5,0.763,NA
265,22,negative-to-zero,lexicase,FALSE,20,elitize_generation_data,264,4,0.762,NA
266,22,negative-to-zero,lexicase,FALSE,20,elitize_generation_data,265,4,0.784,NA
267,22,negative-to-zero,lexicase,FALSE,20,elitize_generation_data,266,4,0.783,NA
268,22,negative-to-zero,lexicase,FALSE,20,elitize_generation_data,267,3,0.758,NA
269,22,negative-to-zero,lexicase,FALSE,20,elitize_generation_data,268,6,0.774,NA
270,22,negative-to-zero,lexicase,FALSE,20,elitize_generation_data,269,4,0.757,NA
271,22,negative-to-zero,lexicase,FALSE,20,elitize_generation_data,270,5,0.761,NA
272,22,negative-to-zero,lexicase,FALSE,20,elitize_generation_data,271,3,0.757,NA
273,22,negative-to-zero,lexicase,FALSE,20,elitize_generation_data,272,3,0.761,NA
274,22,negative-to-zero,lexicase,FALSE,20,elitize_generation_data,273,4,0.753,NA
275,22,negative-to-zero,lexicase,FALSE,20,elitize_generation_data,274,6,0.76,NA
276,22,negative-to-zero,lexicase,FALSE,20,elitize_generation_data,275,5,0.779,NA
277,22,negative-to-zero,lexicase,FALSE,20,elitize_generation_data,276,6,0.793,NA
278,22,negative-to-zero,lexicase,FALSE,20,elitize_generation_data,277,6,0.775,NA
279,22,negative-to-zero,lexicase,FALSE,20,elitize_generation_data,278,5,0.76,NA
280,22,negative-to-zero,lexicase,FALSE,20,elitize_generation_data,279,4,0.748,NA
281,22,negative-to-zero,lexicase,FALSE,20,elitize_generation_data,280,3,0.769,NA
282,22,negative-to-zero,lexicase,FALSE,20,elitize_generation_data,281,6,0.747,NA
283,22,negative-to-zero,lexicase,FALSE,20,elitize_generation_data,282,6,0.745,NA
284,22,negative-to-zero,lexicase,FALSE,20,elitize_generation_data,283,5,0.771,NA
285,22,negative-to-zero,lexicase,FALSE,20,elitize_generation_data,284,5,0.768,NA
286,22,negative-to-zero,lexicase,FALSE,20,elitize_generation_data,285,4,0.767,NA
287,22,negative-to-zero,lexicase,FALSE,20,elitize_generation_data,286,4,0.743,NA
288,22,negative-to-zero,lexicase,FALSE,20,elitize_generation_data,287,4,0.795,NA
289,22,negative-to-zero,lexicase,FALSE,20,elitize_generation_data,288,4,0.779,NA
290,22,negative-to-zero,lexicase,FALSE,20,elitize_generation_data,289,4,0.757,NA
291,22,negative-to-zero,lexicase,FALSE,20,elitize_generation_data,290,4,0.757,NA
292,22,negative-to-zero,lexicase,FALSE,20,elitize_generation_data,291,3,0.788,NA
293,22,negative-to-zero,lexicase,FALSE,20,elitize_generation_data,292,3,0.754,NA
294,22,negative-to-zero,lexicase,FALSE,20,elitize_generation_data,293,4,0.747,NA
295,22,negative-to-zero,lexicase,FALSE,20,elitize_generation_data,294,4,0.731,NA
296,22,negative-to-zero,lexicase,FALSE,20,elitize_generation_data,295,2,0.748,NA
297,22,negative-to-zero,lexicase,FALSE,20,elitize_generation_data,296,2,0.782,NA
298,22,negative-to-zero,lexicase,FALSE,20,elitize_generation_data,297,2,0.752,NA
299,22,negative-to-zero,lexicase,FALSE,20,elitize_generation_data,298,5,0.737,NA
300,22,negative-to-zero,lexicase,FALSE,20,elitize_generation_data,299,3,0.778,NA
301,22,negative-to-zero,lexicase,FALSE,20,elitize_generation_data,300,5,0.763,NA
