,run.num,problem,treatment,succeeded,height,normalization.function,generation,cluster.count,error.diversity,success.generation
1,3,negative-to-zero,lexicase,TRUE,20,elitize_generation_data,0,11,0.04,99
2,3,negative-to-zero,lexicase,TRUE,20,elitize_generation_data,1,16,0.034,99
3,3,negative-to-zero,lexicase,TRUE,20,elitize_generation_data,2,11,0.032,99
4,3,negative-to-zero,lexicase,TRUE,20,elitize_generation_data,3,14,0.043,99
5,3,negative-to-zero,lexicase,TRUE,20,elitize_generation_data,4,17,0.176,99
6,3,negative-to-zero,lexicase,TRUE,20,elitize_generation_data,5,31,0.26,99
7,3,negative-to-zero,lexicase,TRUE,20,elitize_generation_data,6,25,0.314,99
8,3,negative-to-zero,lexicase,TRUE,20,elitize_generation_data,7,20,0.248,99
9,3,negative-to-zero,lexicase,TRUE,20,elitize_generation_data,8,17,0.365,99
10,3,negative-to-zero,lexicase,TRUE,20,elitize_generation_data,9,12,0.399,99
11,3,negative-to-zero,lexicase,TRUE,20,elitize_generation_data,10,5,0.485,99
12,3,negative-to-zero,lexicase,TRUE,20,elitize_generation_data,11,6,0.596,99
13,3,negative-to-zero,lexicase,TRUE,20,elitize_generation_data,12,8,0.614,99
14,3,negative-to-zero,lexicase,TRUE,20,elitize_generation_data,13,10,0.546,99
15,3,negative-to-zero,lexicase,TRUE,20,elitize_generation_data,14,11,0.549,99
16,3,negative-to-zero,lexicase,TRUE,20,elitize_generation_data,15,9,0.554,99
17,3,negative-to-zero,lexicase,TRUE,20,elitize_generation_data,16,12,0.552,99
18,3,negative-to-zero,lexicase,TRUE,20,elitize_generation_data,17,15,0.548,99
19,3,negative-to-zero,lexicase,TRUE,20,elitize_generation_data,18,14,0.595,99
20,3,negative-to-zero,lexicase,TRUE,20,elitize_generation_data,19,11,0.606,99
21,3,negative-to-zero,lexicase,TRUE,20,elitize_generation_data,20,12,0.636,99
22,3,negative-to-zero,lexicase,TRUE,20,elitize_generation_data,21,16,0.645,99
23,3,negative-to-zero,lexicase,TRUE,20,elitize_generation_data,22,20,0.659,99
24,3,negative-to-zero,lexicase,TRUE,20,elitize_generation_data,23,23,0.658,99
25,3,negative-to-zero,lexicase,TRUE,20,elitize_generation_data,24,22,0.683,99
26,3,negative-to-zero,lexicase,TRUE,20,elitize_generation_data,25,24,0.652,99
27,3,negative-to-zero,lexicase,TRUE,20,elitize_generation_data,26,27,0.67,99
28,3,negative-to-zero,lexicase,TRUE,20,elitize_generation_data,27,23,0.693,99
29,3,negative-to-zero,lexicase,TRUE,20,elitize_generation_data,28,25,0.721,99
30,3,negative-to-zero,lexicase,TRUE,20,elitize_generation_data,29,27,0.721,99
31,3,negative-to-zero,lexicase,TRUE,20,elitize_generation_data,30,29,0.723,99
32,3,negative-to-zero,lexicase,TRUE,20,elitize_generation_data,31,34,0.711,99
33,3,negative-to-zero,lexicase,TRUE,20,elitize_generation_data,32,31,0.732,99
34,3,negative-to-zero,lexicase,TRUE,20,elitize_generation_data,33,38,0.734,99
35,3,negative-to-zero,lexicase,TRUE,20,elitize_generation_data,34,41,0.744,99
36,3,negative-to-zero,lexicase,TRUE,20,elitize_generation_data,35,30,0.742,99
37,3,negative-to-zero,lexicase,TRUE,20,elitize_generation_data,36,30,0.749,99
38,3,negative-to-zero,lexicase,TRUE,20,elitize_generation_data,37,27,0.751,99
39,3,negative-to-zero,lexicase,TRUE,20,elitize_generation_data,38,23,0.725,99
40,3,negative-to-zero,lexicase,TRUE,20,elitize_generation_data,39,23,0.738,99
41,3,negative-to-zero,lexicase,TRUE,20,elitize_generation_data,40,34,0.708,99
42,3,negative-to-zero,lexicase,TRUE,20,elitize_generation_data,41,36,0.709,99
43,3,negative-to-zero,lexicase,TRUE,20,elitize_generation_data,42,37,0.732,99
44,3,negative-to-zero,lexicase,TRUE,20,elitize_generation_data,43,38,0.759,99
45,3,negative-to-zero,lexicase,TRUE,20,elitize_generation_data,44,27,0.723,99
46,3,negative-to-zero,lexicase,TRUE,20,elitize_generation_data,45,31,0.733,99
47,3,negative-to-zero,lexicase,TRUE,20,elitize_generation_data,46,31,0.736,99
48,3,negative-to-zero,lexicase,TRUE,20,elitize_generation_data,47,33,0.747,99
49,3,negative-to-zero,lexicase,TRUE,20,elitize_generation_data,48,27,0.74,99
50,3,negative-to-zero,lexicase,TRUE,20,elitize_generation_data,49,26,0.721,99
51,3,negative-to-zero,lexicase,TRUE,20,elitize_generation_data,50,20,0.736,99
52,3,negative-to-zero,lexicase,TRUE,20,elitize_generation_data,51,18,0.728,99
53,3,negative-to-zero,lexicase,TRUE,20,elitize_generation_data,52,17,0.724,99
54,3,negative-to-zero,lexicase,TRUE,20,elitize_generation_data,53,20,0.741,99
55,3,negative-to-zero,lexicase,TRUE,20,elitize_generation_data,54,24,0.751,99
56,3,negative-to-zero,lexicase,TRUE,20,elitize_generation_data,55,14,0.714,99
57,3,negative-to-zero,lexicase,TRUE,20,elitize_generation_data,56,15,0.743,99
58,3,negative-to-zero,lexicase,TRUE,20,elitize_generation_data,57,16,0.739,99
59,3,negative-to-zero,lexicase,TRUE,20,elitize_generation_data,58,15,0.739,99
60,3,negative-to-zero,lexicase,TRUE,20,elitize_generation_data,59,14,0.756,99
61,3,negative-to-zero,lexicase,TRUE,20,elitize_generation_data,60,16,0.739,99
62,3,negative-to-zero,lexicase,TRUE,20,elitize_generation_data,61,10,0.747,99
63,3,negative-to-zero,lexicase,TRUE,20,elitize_generation_data,62,14,0.738,99
64,3,negative-to-zero,lexicase,TRUE,20,elitize_generation_data,63,15,0.728,99
65,3,negative-to-zero,lexicase,TRUE,20,elitize_generation_data,64,12,0.746,99
66,3,negative-to-zero,lexicase,TRUE,20,elitize_generation_data,65,11,0.77,99
67,3,negative-to-zero,lexicase,TRUE,20,elitize_generation_data,66,15,0.73,99
68,3,negative-to-zero,lexicase,TRUE,20,elitize_generation_data,67,13,0.754,99
69,3,negative-to-zero,lexicase,TRUE,20,elitize_generation_data,68,11,0.731,99
70,3,negative-to-zero,lexicase,TRUE,20,elitize_generation_data,69,13,0.712,99
71,3,negative-to-zero,lexicase,TRUE,20,elitize_generation_data,70,10,0.74,99
72,3,negative-to-zero,lexicase,TRUE,20,elitize_generation_data,71,17,0.71,99
73,3,negative-to-zero,lexicase,TRUE,20,elitize_generation_data,72,14,0.71,99
74,3,negative-to-zero,lexicase,TRUE,20,elitize_generation_data,73,12,0.712,99
75,3,negative-to-zero,lexicase,TRUE,20,elitize_generation_data,74,12,0.731,99
76,3,negative-to-zero,lexicase,TRUE,20,elitize_generation_data,75,13,0.709,99
77,3,negative-to-zero,lexicase,TRUE,20,elitize_generation_data,76,15,0.724,99
78,3,negative-to-zero,lexicase,TRUE,20,elitize_generation_data,77,12,0.713,99
79,3,negative-to-zero,lexicase,TRUE,20,elitize_generation_data,78,15,0.71,99
80,3,negative-to-zero,lexicase,TRUE,20,elitize_generation_data,79,14,0.716,99
81,3,negative-to-zero,lexicase,TRUE,20,elitize_generation_data,80,11,0.739,99
82,3,negative-to-zero,lexicase,TRUE,20,elitize_generation_data,81,16,0.731,99
83,3,negative-to-zero,lexicase,TRUE,20,elitize_generation_data,82,17,0.745,99
84,3,negative-to-zero,lexicase,TRUE,20,elitize_generation_data,83,16,0.734,99
85,3,negative-to-zero,lexicase,TRUE,20,elitize_generation_data,84,16,0.743,99
86,3,negative-to-zero,lexicase,TRUE,20,elitize_generation_data,85,11,0.713,99
87,3,negative-to-zero,lexicase,TRUE,20,elitize_generation_data,86,25,0.807,99
88,3,negative-to-zero,lexicase,TRUE,20,elitize_generation_data,87,42,0.644,99
89,3,negative-to-zero,lexicase,TRUE,20,elitize_generation_data,88,39,0.5,99
90,3,negative-to-zero,lexicase,TRUE,20,elitize_generation_data,89,78,0.518,99
91,3,negative-to-zero,lexicase,TRUE,20,elitize_generation_data,90,83,0.537,99
92,3,negative-to-zero,lexicase,TRUE,20,elitize_generation_data,91,91,0.405,99
93,3,negative-to-zero,lexicase,TRUE,20,elitize_generation_data,92,96,0.448,99
94,3,negative-to-zero,lexicase,TRUE,20,elitize_generation_data,93,83,0.388,99
95,3,negative-to-zero,lexicase,TRUE,20,elitize_generation_data,94,78,0.395,99
96,3,negative-to-zero,lexicase,TRUE,20,elitize_generation_data,95,90,0.457,99
97,3,negative-to-zero,lexicase,TRUE,20,elitize_generation_data,96,77,0.436,99
98,3,negative-to-zero,lexicase,TRUE,20,elitize_generation_data,97,85,0.456,99
99,3,negative-to-zero,lexicase,TRUE,20,elitize_generation_data,98,86,0.46,99
100,3,negative-to-zero,lexicase,TRUE,20,elitize_generation_data,99,78,0.47,99
