,run.num,problem,treatment,succeeded,height,normalization.function,generation,cluster.count,error.diversity,success.generation
1,52,negative-to-zero,lexicase,FALSE,20,elitize_generation_data,0,17,0.049,NA
2,52,negative-to-zero,lexicase,FALSE,20,elitize_generation_data,1,14,0.057,NA
3,52,negative-to-zero,lexicase,FALSE,20,elitize_generation_data,2,10,0.035,NA
4,52,negative-to-zero,lexicase,FALSE,20,elitize_generation_data,3,6,0.041,NA
5,52,negative-to-zero,lexicase,FALSE,20,elitize_generation_data,4,9,0.03,NA
6,52,negative-to-zero,lexicase,FALSE,20,elitize_generation_data,5,37,0.054,NA
7,52,negative-to-zero,lexicase,FALSE,20,elitize_generation_data,6,24,0.081,NA
8,52,negative-to-zero,lexicase,FALSE,20,elitize_generation_data,7,25,0.144,NA
9,52,negative-to-zero,lexicase,FALSE,20,elitize_generation_data,8,6,0.254,NA
10,52,negative-to-zero,lexicase,FALSE,20,elitize_generation_data,9,5,0.347,NA
11,52,negative-to-zero,lexicase,FALSE,20,elitize_generation_data,10,3,0.408,NA
12,52,negative-to-zero,lexicase,FALSE,20,elitize_generation_data,11,3,0.442,NA
13,52,negative-to-zero,lexicase,FALSE,20,elitize_generation_data,12,4,0.485,NA
14,52,negative-to-zero,lexicase,FALSE,20,elitize_generation_data,13,4,0.485,NA
15,52,negative-to-zero,lexicase,FALSE,20,elitize_generation_data,14,4,0.509,NA
16,52,negative-to-zero,lexicase,FALSE,20,elitize_generation_data,15,3,0.505,NA
17,52,negative-to-zero,lexicase,FALSE,20,elitize_generation_data,16,3,0.512,NA
18,52,negative-to-zero,lexicase,FALSE,20,elitize_generation_data,17,3,0.529,NA
19,52,negative-to-zero,lexicase,FALSE,20,elitize_generation_data,18,4,0.509,NA
20,52,negative-to-zero,lexicase,FALSE,20,elitize_generation_data,19,5,0.536,NA
21,52,negative-to-zero,lexicase,FALSE,20,elitize_generation_data,20,4,0.559,NA
22,52,negative-to-zero,lexicase,FALSE,20,elitize_generation_data,21,5,0.601,NA
23,52,negative-to-zero,lexicase,FALSE,20,elitize_generation_data,22,6,0.608,NA
24,52,negative-to-zero,lexicase,FALSE,20,elitize_generation_data,23,7,0.595,NA
25,52,negative-to-zero,lexicase,FALSE,20,elitize_generation_data,24,7,0.637,NA
26,52,negative-to-zero,lexicase,FALSE,20,elitize_generation_data,25,7,0.639,NA
27,52,negative-to-zero,lexicase,FALSE,20,elitize_generation_data,26,10,0.665,NA
28,52,negative-to-zero,lexicase,FALSE,20,elitize_generation_data,27,12,0.65,NA
29,52,negative-to-zero,lexicase,FALSE,20,elitize_generation_data,28,13,0.675,NA
30,52,negative-to-zero,lexicase,FALSE,20,elitize_generation_data,29,11,0.676,NA
31,52,negative-to-zero,lexicase,FALSE,20,elitize_generation_data,30,16,0.689,NA
32,52,negative-to-zero,lexicase,FALSE,20,elitize_generation_data,31,14,0.697,NA
33,52,negative-to-zero,lexicase,FALSE,20,elitize_generation_data,32,17,0.675,NA
34,52,negative-to-zero,lexicase,FALSE,20,elitize_generation_data,33,15,0.684,NA
35,52,negative-to-zero,lexicase,FALSE,20,elitize_generation_data,34,15,0.682,NA
36,52,negative-to-zero,lexicase,FALSE,20,elitize_generation_data,35,16,0.691,NA
37,52,negative-to-zero,lexicase,FALSE,20,elitize_generation_data,36,19,0.68,NA
38,52,negative-to-zero,lexicase,FALSE,20,elitize_generation_data,37,18,0.676,NA
39,52,negative-to-zero,lexicase,FALSE,20,elitize_generation_data,38,16,0.666,NA
40,52,negative-to-zero,lexicase,FALSE,20,elitize_generation_data,39,14,0.699,NA
41,52,negative-to-zero,lexicase,FALSE,20,elitize_generation_data,40,18,0.704,NA
42,52,negative-to-zero,lexicase,FALSE,20,elitize_generation_data,41,17,0.712,NA
43,52,negative-to-zero,lexicase,FALSE,20,elitize_generation_data,42,18,0.721,NA
44,52,negative-to-zero,lexicase,FALSE,20,elitize_generation_data,43,20,0.703,NA
45,52,negative-to-zero,lexicase,FALSE,20,elitize_generation_data,44,26,0.71,NA
46,52,negative-to-zero,lexicase,FALSE,20,elitize_generation_data,45,27,0.734,NA
47,52,negative-to-zero,lexicase,FALSE,20,elitize_generation_data,46,27,0.71,NA
48,52,negative-to-zero,lexicase,FALSE,20,elitize_generation_data,47,26,0.735,NA
49,52,negative-to-zero,lexicase,FALSE,20,elitize_generation_data,48,22,0.768,NA
50,52,negative-to-zero,lexicase,FALSE,20,elitize_generation_data,49,20,0.729,NA
51,52,negative-to-zero,lexicase,FALSE,20,elitize_generation_data,50,22,0.756,NA
52,52,negative-to-zero,lexicase,FALSE,20,elitize_generation_data,51,24,0.768,NA
53,52,negative-to-zero,lexicase,FALSE,20,elitize_generation_data,52,22,0.747,NA
54,52,negative-to-zero,lexicase,FALSE,20,elitize_generation_data,53,22,0.741,NA
55,52,negative-to-zero,lexicase,FALSE,20,elitize_generation_data,54,24,0.755,NA
56,52,negative-to-zero,lexicase,FALSE,20,elitize_generation_data,55,22,0.738,NA
57,52,negative-to-zero,lexicase,FALSE,20,elitize_generation_data,56,25,0.739,NA
58,52,negative-to-zero,lexicase,FALSE,20,elitize_generation_data,57,26,0.745,NA
59,52,negative-to-zero,lexicase,FALSE,20,elitize_generation_data,58,21,0.781,NA
60,52,negative-to-zero,lexicase,FALSE,20,elitize_generation_data,59,21,0.73,NA
61,52,negative-to-zero,lexicase,FALSE,20,elitize_generation_data,60,23,0.767,NA
62,52,negative-to-zero,lexicase,FALSE,20,elitize_generation_data,61,19,0.747,NA
63,52,negative-to-zero,lexicase,FALSE,20,elitize_generation_data,62,21,0.736,NA
64,52,negative-to-zero,lexicase,FALSE,20,elitize_generation_data,63,21,0.766,NA
65,52,negative-to-zero,lexicase,FALSE,20,elitize_generation_data,64,22,0.739,NA
66,52,negative-to-zero,lexicase,FALSE,20,elitize_generation_data,65,23,0.747,NA
67,52,negative-to-zero,lexicase,FALSE,20,elitize_generation_data,66,23,0.736,NA
68,52,negative-to-zero,lexicase,FALSE,20,elitize_generation_data,67,26,0.761,NA
69,52,negative-to-zero,lexicase,FALSE,20,elitize_generation_data,68,23,0.759,NA
70,52,negative-to-zero,lexicase,FALSE,20,elitize_generation_data,69,26,0.724,NA
71,52,negative-to-zero,lexicase,FALSE,20,elitize_generation_data,70,21,0.766,NA
72,52,negative-to-zero,lexicase,FALSE,20,elitize_generation_data,71,30,0.753,NA
73,52,negative-to-zero,lexicase,FALSE,20,elitize_generation_data,72,26,0.764,NA
74,52,negative-to-zero,lexicase,FALSE,20,elitize_generation_data,73,24,0.751,NA
75,52,negative-to-zero,lexicase,FALSE,20,elitize_generation_data,74,19,0.75,NA
76,52,negative-to-zero,lexicase,FALSE,20,elitize_generation_data,75,17,0.708,NA
77,52,negative-to-zero,lexicase,FALSE,20,elitize_generation_data,76,15,0.734,NA
78,52,negative-to-zero,lexicase,FALSE,20,elitize_generation_data,77,17,0.746,NA
79,52,negative-to-zero,lexicase,FALSE,20,elitize_generation_data,78,15,0.758,NA
80,52,negative-to-zero,lexicase,FALSE,20,elitize_generation_data,79,14,0.757,NA
81,52,negative-to-zero,lexicase,FALSE,20,elitize_generation_data,80,19,0.765,NA
82,52,negative-to-zero,lexicase,FALSE,20,elitize_generation_data,81,20,0.766,NA
83,52,negative-to-zero,lexicase,FALSE,20,elitize_generation_data,82,18,0.758,NA
84,52,negative-to-zero,lexicase,FALSE,20,elitize_generation_data,83,15,0.74,NA
85,52,negative-to-zero,lexicase,FALSE,20,elitize_generation_data,84,18,0.745,NA
86,52,negative-to-zero,lexicase,FALSE,20,elitize_generation_data,85,18,0.718,NA
87,52,negative-to-zero,lexicase,FALSE,20,elitize_generation_data,86,20,0.75,NA
88,52,negative-to-zero,lexicase,FALSE,20,elitize_generation_data,87,17,0.79,NA
89,52,negative-to-zero,lexicase,FALSE,20,elitize_generation_data,88,16,0.748,NA
90,52,negative-to-zero,lexicase,FALSE,20,elitize_generation_data,89,17,0.768,NA
91,52,negative-to-zero,lexicase,FALSE,20,elitize_generation_data,90,19,0.779,NA
92,52,negative-to-zero,lexicase,FALSE,20,elitize_generation_data,91,17,0.792,NA
93,52,negative-to-zero,lexicase,FALSE,20,elitize_generation_data,92,18,0.788,NA
94,52,negative-to-zero,lexicase,FALSE,20,elitize_generation_data,93,15,0.77,NA
95,52,negative-to-zero,lexicase,FALSE,20,elitize_generation_data,94,14,0.79,NA
96,52,negative-to-zero,lexicase,FALSE,20,elitize_generation_data,95,15,0.799,NA
97,52,negative-to-zero,lexicase,FALSE,20,elitize_generation_data,96,17,0.773,NA
98,52,negative-to-zero,lexicase,FALSE,20,elitize_generation_data,97,18,0.791,NA
99,52,negative-to-zero,lexicase,FALSE,20,elitize_generation_data,98,19,0.795,NA
100,52,negative-to-zero,lexicase,FALSE,20,elitize_generation_data,99,14,0.775,NA
101,52,negative-to-zero,lexicase,FALSE,20,elitize_generation_data,100,18,0.766,NA
102,52,negative-to-zero,lexicase,FALSE,20,elitize_generation_data,101,16,0.784,NA
103,52,negative-to-zero,lexicase,FALSE,20,elitize_generation_data,102,18,0.811,NA
104,52,negative-to-zero,lexicase,FALSE,20,elitize_generation_data,103,21,0.793,NA
105,52,negative-to-zero,lexicase,FALSE,20,elitize_generation_data,104,24,0.794,NA
106,52,negative-to-zero,lexicase,FALSE,20,elitize_generation_data,105,20,0.75,NA
107,52,negative-to-zero,lexicase,FALSE,20,elitize_generation_data,106,19,0.787,NA
108,52,negative-to-zero,lexicase,FALSE,20,elitize_generation_data,107,22,0.79,NA
109,52,negative-to-zero,lexicase,FALSE,20,elitize_generation_data,108,23,0.792,NA
110,52,negative-to-zero,lexicase,FALSE,20,elitize_generation_data,109,26,0.768,NA
111,52,negative-to-zero,lexicase,FALSE,20,elitize_generation_data,110,25,0.79,NA
112,52,negative-to-zero,lexicase,FALSE,20,elitize_generation_data,111,25,0.785,NA
113,52,negative-to-zero,lexicase,FALSE,20,elitize_generation_data,112,24,0.777,NA
114,52,negative-to-zero,lexicase,FALSE,20,elitize_generation_data,113,21,0.8,NA
115,52,negative-to-zero,lexicase,FALSE,20,elitize_generation_data,114,23,0.786,NA
116,52,negative-to-zero,lexicase,FALSE,20,elitize_generation_data,115,22,0.766,NA
117,52,negative-to-zero,lexicase,FALSE,20,elitize_generation_data,116,18,0.792,NA
118,52,negative-to-zero,lexicase,FALSE,20,elitize_generation_data,117,22,0.8,NA
119,52,negative-to-zero,lexicase,FALSE,20,elitize_generation_data,118,21,0.803,NA
120,52,negative-to-zero,lexicase,FALSE,20,elitize_generation_data,119,25,0.797,NA
121,52,negative-to-zero,lexicase,FALSE,20,elitize_generation_data,120,23,0.78,NA
122,52,negative-to-zero,lexicase,FALSE,20,elitize_generation_data,121,26,0.767,NA
123,52,negative-to-zero,lexicase,FALSE,20,elitize_generation_data,122,28,0.779,NA
124,52,negative-to-zero,lexicase,FALSE,20,elitize_generation_data,123,30,0.783,NA
125,52,negative-to-zero,lexicase,FALSE,20,elitize_generation_data,124,26,0.793,NA
126,52,negative-to-zero,lexicase,FALSE,20,elitize_generation_data,125,24,0.783,NA
127,52,negative-to-zero,lexicase,FALSE,20,elitize_generation_data,126,29,0.754,NA
128,52,negative-to-zero,lexicase,FALSE,20,elitize_generation_data,127,25,0.765,NA
129,52,negative-to-zero,lexicase,FALSE,20,elitize_generation_data,128,25,0.784,NA
130,52,negative-to-zero,lexicase,FALSE,20,elitize_generation_data,129,26,0.767,NA
131,52,negative-to-zero,lexicase,FALSE,20,elitize_generation_data,130,24,0.755,NA
132,52,negative-to-zero,lexicase,FALSE,20,elitize_generation_data,131,21,0.791,NA
133,52,negative-to-zero,lexicase,FALSE,20,elitize_generation_data,132,23,0.753,NA
134,52,negative-to-zero,lexicase,FALSE,20,elitize_generation_data,133,21,0.749,NA
135,52,negative-to-zero,lexicase,FALSE,20,elitize_generation_data,134,27,0.76,NA
136,52,negative-to-zero,lexicase,FALSE,20,elitize_generation_data,135,23,0.789,NA
137,52,negative-to-zero,lexicase,FALSE,20,elitize_generation_data,136,25,0.756,NA
138,52,negative-to-zero,lexicase,FALSE,20,elitize_generation_data,137,29,0.769,NA
139,52,negative-to-zero,lexicase,FALSE,20,elitize_generation_data,138,35,0.752,NA
140,52,negative-to-zero,lexicase,FALSE,20,elitize_generation_data,139,29,0.77,NA
141,52,negative-to-zero,lexicase,FALSE,20,elitize_generation_data,140,27,0.776,NA
142,52,negative-to-zero,lexicase,FALSE,20,elitize_generation_data,141,25,0.757,NA
143,52,negative-to-zero,lexicase,FALSE,20,elitize_generation_data,142,24,0.76,NA
144,52,negative-to-zero,lexicase,FALSE,20,elitize_generation_data,143,25,0.742,NA
145,52,negative-to-zero,lexicase,FALSE,20,elitize_generation_data,144,28,0.762,NA
146,52,negative-to-zero,lexicase,FALSE,20,elitize_generation_data,145,29,0.758,NA
147,52,negative-to-zero,lexicase,FALSE,20,elitize_generation_data,146,24,0.765,NA
148,52,negative-to-zero,lexicase,FALSE,20,elitize_generation_data,147,20,0.754,NA
149,52,negative-to-zero,lexicase,FALSE,20,elitize_generation_data,148,27,0.786,NA
150,52,negative-to-zero,lexicase,FALSE,20,elitize_generation_data,149,20,0.785,NA
151,52,negative-to-zero,lexicase,FALSE,20,elitize_generation_data,150,26,0.781,NA
152,52,negative-to-zero,lexicase,FALSE,20,elitize_generation_data,151,28,0.774,NA
153,52,negative-to-zero,lexicase,FALSE,20,elitize_generation_data,152,29,0.753,NA
154,52,negative-to-zero,lexicase,FALSE,20,elitize_generation_data,153,30,0.763,NA
155,52,negative-to-zero,lexicase,FALSE,20,elitize_generation_data,154,30,0.763,NA
156,52,negative-to-zero,lexicase,FALSE,20,elitize_generation_data,155,24,0.753,NA
157,52,negative-to-zero,lexicase,FALSE,20,elitize_generation_data,156,26,0.771,NA
158,52,negative-to-zero,lexicase,FALSE,20,elitize_generation_data,157,24,0.781,NA
159,52,negative-to-zero,lexicase,FALSE,20,elitize_generation_data,158,31,0.778,NA
160,52,negative-to-zero,lexicase,FALSE,20,elitize_generation_data,159,26,0.776,NA
161,52,negative-to-zero,lexicase,FALSE,20,elitize_generation_data,160,29,0.787,NA
162,52,negative-to-zero,lexicase,FALSE,20,elitize_generation_data,161,22,0.797,NA
163,52,negative-to-zero,lexicase,FALSE,20,elitize_generation_data,162,25,0.784,NA
164,52,negative-to-zero,lexicase,FALSE,20,elitize_generation_data,163,24,0.775,NA
165,52,negative-to-zero,lexicase,FALSE,20,elitize_generation_data,164,24,0.779,NA
166,52,negative-to-zero,lexicase,FALSE,20,elitize_generation_data,165,25,0.751,NA
167,52,negative-to-zero,lexicase,FALSE,20,elitize_generation_data,166,33,0.798,NA
168,52,negative-to-zero,lexicase,FALSE,20,elitize_generation_data,167,27,0.78,NA
169,52,negative-to-zero,lexicase,FALSE,20,elitize_generation_data,168,20,0.787,NA
170,52,negative-to-zero,lexicase,FALSE,20,elitize_generation_data,169,21,0.786,NA
171,52,negative-to-zero,lexicase,FALSE,20,elitize_generation_data,170,31,0.765,NA
172,52,negative-to-zero,lexicase,FALSE,20,elitize_generation_data,171,23,0.766,NA
173,52,negative-to-zero,lexicase,FALSE,20,elitize_generation_data,172,23,0.795,NA
174,52,negative-to-zero,lexicase,FALSE,20,elitize_generation_data,173,23,0.761,NA
175,52,negative-to-zero,lexicase,FALSE,20,elitize_generation_data,174,25,0.797,NA
176,52,negative-to-zero,lexicase,FALSE,20,elitize_generation_data,175,22,0.759,NA
177,52,negative-to-zero,lexicase,FALSE,20,elitize_generation_data,176,21,0.793,NA
178,52,negative-to-zero,lexicase,FALSE,20,elitize_generation_data,177,22,0.762,NA
179,52,negative-to-zero,lexicase,FALSE,20,elitize_generation_data,178,29,0.767,NA
180,52,negative-to-zero,lexicase,FALSE,20,elitize_generation_data,179,25,0.78,NA
181,52,negative-to-zero,lexicase,FALSE,20,elitize_generation_data,180,24,0.746,NA
182,52,negative-to-zero,lexicase,FALSE,20,elitize_generation_data,181,22,0.785,NA
183,52,negative-to-zero,lexicase,FALSE,20,elitize_generation_data,182,20,0.773,NA
184,52,negative-to-zero,lexicase,FALSE,20,elitize_generation_data,183,23,0.794,NA
185,52,negative-to-zero,lexicase,FALSE,20,elitize_generation_data,184,28,0.759,NA
186,52,negative-to-zero,lexicase,FALSE,20,elitize_generation_data,185,27,0.8,NA
187,52,negative-to-zero,lexicase,FALSE,20,elitize_generation_data,186,25,0.763,NA
188,52,negative-to-zero,lexicase,FALSE,20,elitize_generation_data,187,23,0.787,NA
189,52,negative-to-zero,lexicase,FALSE,20,elitize_generation_data,188,16,0.789,NA
190,52,negative-to-zero,lexicase,FALSE,20,elitize_generation_data,189,24,0.792,NA
191,52,negative-to-zero,lexicase,FALSE,20,elitize_generation_data,190,24,0.785,NA
192,52,negative-to-zero,lexicase,FALSE,20,elitize_generation_data,191,26,0.766,NA
193,52,negative-to-zero,lexicase,FALSE,20,elitize_generation_data,192,27,0.76,NA
194,52,negative-to-zero,lexicase,FALSE,20,elitize_generation_data,193,31,0.791,NA
195,52,negative-to-zero,lexicase,FALSE,20,elitize_generation_data,194,28,0.792,NA
196,52,negative-to-zero,lexicase,FALSE,20,elitize_generation_data,195,28,0.786,NA
197,52,negative-to-zero,lexicase,FALSE,20,elitize_generation_data,196,28,0.792,NA
198,52,negative-to-zero,lexicase,FALSE,20,elitize_generation_data,197,32,0.774,NA
199,52,negative-to-zero,lexicase,FALSE,20,elitize_generation_data,198,33,0.794,NA
200,52,negative-to-zero,lexicase,FALSE,20,elitize_generation_data,199,29,0.783,NA
201,52,negative-to-zero,lexicase,FALSE,20,elitize_generation_data,200,20,0.788,NA
202,52,negative-to-zero,lexicase,FALSE,20,elitize_generation_data,201,25,0.787,NA
203,52,negative-to-zero,lexicase,FALSE,20,elitize_generation_data,202,28,0.793,NA
204,52,negative-to-zero,lexicase,FALSE,20,elitize_generation_data,203,30,0.788,NA
205,52,negative-to-zero,lexicase,FALSE,20,elitize_generation_data,204,25,0.808,NA
206,52,negative-to-zero,lexicase,FALSE,20,elitize_generation_data,205,26,0.801,NA
207,52,negative-to-zero,lexicase,FALSE,20,elitize_generation_data,206,22,0.791,NA
208,52,negative-to-zero,lexicase,FALSE,20,elitize_generation_data,207,28,0.772,NA
209,52,negative-to-zero,lexicase,FALSE,20,elitize_generation_data,208,31,0.789,NA
210,52,negative-to-zero,lexicase,FALSE,20,elitize_generation_data,209,29,0.773,NA
211,52,negative-to-zero,lexicase,FALSE,20,elitize_generation_data,210,27,0.782,NA
212,52,negative-to-zero,lexicase,FALSE,20,elitize_generation_data,211,29,0.776,NA
213,52,negative-to-zero,lexicase,FALSE,20,elitize_generation_data,212,27,0.775,NA
214,52,negative-to-zero,lexicase,FALSE,20,elitize_generation_data,213,24,0.759,NA
215,52,negative-to-zero,lexicase,FALSE,20,elitize_generation_data,214,26,0.787,NA
216,52,negative-to-zero,lexicase,FALSE,20,elitize_generation_data,215,28,0.78,NA
217,52,negative-to-zero,lexicase,FALSE,20,elitize_generation_data,216,29,0.766,NA
218,52,negative-to-zero,lexicase,FALSE,20,elitize_generation_data,217,24,0.775,NA
219,52,negative-to-zero,lexicase,FALSE,20,elitize_generation_data,218,20,0.774,NA
220,52,negative-to-zero,lexicase,FALSE,20,elitize_generation_data,219,24,0.777,NA
221,52,negative-to-zero,lexicase,FALSE,20,elitize_generation_data,220,26,0.775,NA
222,52,negative-to-zero,lexicase,FALSE,20,elitize_generation_data,221,33,0.761,NA
223,52,negative-to-zero,lexicase,FALSE,20,elitize_generation_data,222,21,0.777,NA
224,52,negative-to-zero,lexicase,FALSE,20,elitize_generation_data,223,24,0.781,NA
225,52,negative-to-zero,lexicase,FALSE,20,elitize_generation_data,224,24,0.76,NA
226,52,negative-to-zero,lexicase,FALSE,20,elitize_generation_data,225,22,0.782,NA
227,52,negative-to-zero,lexicase,FALSE,20,elitize_generation_data,226,25,0.766,NA
228,52,negative-to-zero,lexicase,FALSE,20,elitize_generation_data,227,28,0.763,NA
229,52,negative-to-zero,lexicase,FALSE,20,elitize_generation_data,228,35,0.766,NA
230,52,negative-to-zero,lexicase,FALSE,20,elitize_generation_data,229,32,0.756,NA
231,52,negative-to-zero,lexicase,FALSE,20,elitize_generation_data,230,34,0.78,NA
232,52,negative-to-zero,lexicase,FALSE,20,elitize_generation_data,231,40,0.758,NA
233,52,negative-to-zero,lexicase,FALSE,20,elitize_generation_data,232,45,0.765,NA
234,52,negative-to-zero,lexicase,FALSE,20,elitize_generation_data,233,44,0.731,NA
235,52,negative-to-zero,lexicase,FALSE,20,elitize_generation_data,234,40,0.759,NA
236,52,negative-to-zero,lexicase,FALSE,20,elitize_generation_data,235,38,0.739,NA
237,52,negative-to-zero,lexicase,FALSE,20,elitize_generation_data,236,43,0.731,NA
238,52,negative-to-zero,lexicase,FALSE,20,elitize_generation_data,237,44,0.74,NA
239,52,negative-to-zero,lexicase,FALSE,20,elitize_generation_data,238,46,0.746,NA
240,52,negative-to-zero,lexicase,FALSE,20,elitize_generation_data,239,45,0.739,NA
241,52,negative-to-zero,lexicase,FALSE,20,elitize_generation_data,240,59,0.757,NA
242,52,negative-to-zero,lexicase,FALSE,20,elitize_generation_data,241,55,0.768,NA
243,52,negative-to-zero,lexicase,FALSE,20,elitize_generation_data,242,55,0.733,NA
244,52,negative-to-zero,lexicase,FALSE,20,elitize_generation_data,243,57,0.744,NA
245,52,negative-to-zero,lexicase,FALSE,20,elitize_generation_data,244,66,0.746,NA
246,52,negative-to-zero,lexicase,FALSE,20,elitize_generation_data,245,63,0.759,NA
247,52,negative-to-zero,lexicase,FALSE,20,elitize_generation_data,246,65,0.743,NA
248,52,negative-to-zero,lexicase,FALSE,20,elitize_generation_data,247,66,0.757,NA
249,52,negative-to-zero,lexicase,FALSE,20,elitize_generation_data,248,57,0.744,NA
250,52,negative-to-zero,lexicase,FALSE,20,elitize_generation_data,249,68,0.767,NA
251,52,negative-to-zero,lexicase,FALSE,20,elitize_generation_data,250,68,0.75,NA
252,52,negative-to-zero,lexicase,FALSE,20,elitize_generation_data,251,65,0.77,NA
253,52,negative-to-zero,lexicase,FALSE,20,elitize_generation_data,252,54,0.739,NA
254,52,negative-to-zero,lexicase,FALSE,20,elitize_generation_data,253,58,0.737,NA
255,52,negative-to-zero,lexicase,FALSE,20,elitize_generation_data,254,64,0.749,NA
256,52,negative-to-zero,lexicase,FALSE,20,elitize_generation_data,255,57,0.735,NA
257,52,negative-to-zero,lexicase,FALSE,20,elitize_generation_data,256,54,0.76,NA
258,52,negative-to-zero,lexicase,FALSE,20,elitize_generation_data,257,63,0.765,NA
259,52,negative-to-zero,lexicase,FALSE,20,elitize_generation_data,258,51,0.744,NA
260,52,negative-to-zero,lexicase,FALSE,20,elitize_generation_data,259,50,0.746,NA
261,52,negative-to-zero,lexicase,FALSE,20,elitize_generation_data,260,64,0.731,NA
262,52,negative-to-zero,lexicase,FALSE,20,elitize_generation_data,261,56,0.729,NA
263,52,negative-to-zero,lexicase,FALSE,20,elitize_generation_data,262,74,0.774,NA
264,52,negative-to-zero,lexicase,FALSE,20,elitize_generation_data,263,60,0.747,NA
265,52,negative-to-zero,lexicase,FALSE,20,elitize_generation_data,264,68,0.721,NA
266,52,negative-to-zero,lexicase,FALSE,20,elitize_generation_data,265,65,0.738,NA
267,52,negative-to-zero,lexicase,FALSE,20,elitize_generation_data,266,63,0.743,NA
268,52,negative-to-zero,lexicase,FALSE,20,elitize_generation_data,267,60,0.75,NA
269,52,negative-to-zero,lexicase,FALSE,20,elitize_generation_data,268,70,0.772,NA
270,52,negative-to-zero,lexicase,FALSE,20,elitize_generation_data,269,75,0.724,NA
271,52,negative-to-zero,lexicase,FALSE,20,elitize_generation_data,270,61,0.7,NA
272,52,negative-to-zero,lexicase,FALSE,20,elitize_generation_data,271,72,0.714,NA
273,52,negative-to-zero,lexicase,FALSE,20,elitize_generation_data,272,64,0.701,NA
274,52,negative-to-zero,lexicase,FALSE,20,elitize_generation_data,273,80,0.729,NA
275,52,negative-to-zero,lexicase,FALSE,20,elitize_generation_data,274,74,0.749,NA
276,52,negative-to-zero,lexicase,FALSE,20,elitize_generation_data,275,79,0.736,NA
277,52,negative-to-zero,lexicase,FALSE,20,elitize_generation_data,276,75,0.745,NA
278,52,negative-to-zero,lexicase,FALSE,20,elitize_generation_data,277,73,0.77,NA
279,52,negative-to-zero,lexicase,FALSE,20,elitize_generation_data,278,81,0.731,NA
280,52,negative-to-zero,lexicase,FALSE,20,elitize_generation_data,279,77,0.749,NA
281,52,negative-to-zero,lexicase,FALSE,20,elitize_generation_data,280,86,0.756,NA
282,52,negative-to-zero,lexicase,FALSE,20,elitize_generation_data,281,71,0.75,NA
283,52,negative-to-zero,lexicase,FALSE,20,elitize_generation_data,282,78,0.733,NA
284,52,negative-to-zero,lexicase,FALSE,20,elitize_generation_data,283,81,0.747,NA
285,52,negative-to-zero,lexicase,FALSE,20,elitize_generation_data,284,81,0.746,NA
286,52,negative-to-zero,lexicase,FALSE,20,elitize_generation_data,285,91,0.741,NA
287,52,negative-to-zero,lexicase,FALSE,20,elitize_generation_data,286,79,0.74,NA
288,52,negative-to-zero,lexicase,FALSE,20,elitize_generation_data,287,84,0.723,NA
289,52,negative-to-zero,lexicase,FALSE,20,elitize_generation_data,288,80,0.732,NA
290,52,negative-to-zero,lexicase,FALSE,20,elitize_generation_data,289,84,0.752,NA
291,52,negative-to-zero,lexicase,FALSE,20,elitize_generation_data,290,85,0.758,NA
292,52,negative-to-zero,lexicase,FALSE,20,elitize_generation_data,291,77,0.738,NA
293,52,negative-to-zero,lexicase,FALSE,20,elitize_generation_data,292,77,0.744,NA
294,52,negative-to-zero,lexicase,FALSE,20,elitize_generation_data,293,76,0.71,NA
295,52,negative-to-zero,lexicase,FALSE,20,elitize_generation_data,294,81,0.746,NA
296,52,negative-to-zero,lexicase,FALSE,20,elitize_generation_data,295,79,0.722,NA
297,52,negative-to-zero,lexicase,FALSE,20,elitize_generation_data,296,85,0.736,NA
298,52,negative-to-zero,lexicase,FALSE,20,elitize_generation_data,297,77,0.705,NA
299,52,negative-to-zero,lexicase,FALSE,20,elitize_generation_data,298,74,0.715,NA
300,52,negative-to-zero,lexicase,FALSE,20,elitize_generation_data,299,87,0.74,NA
301,52,negative-to-zero,lexicase,FALSE,20,elitize_generation_data,300,91,0.74,NA
