,run.num,problem,treatment,succeeded,height,normalization.function,generation,cluster.count,error.diversity,success.generation
1,35,negative-to-zero,lexicase,TRUE,20,elitize_generation_data,0,13,0.035,29
2,35,negative-to-zero,lexicase,TRUE,20,elitize_generation_data,1,8,0.02,29
3,35,negative-to-zero,lexicase,TRUE,20,elitize_generation_data,2,8,0.021,29
4,35,negative-to-zero,lexicase,TRUE,20,elitize_generation_data,3,8,0.019,29
5,35,negative-to-zero,lexicase,TRUE,20,elitize_generation_data,4,6,0.018,29
6,35,negative-to-zero,lexicase,TRUE,20,elitize_generation_data,5,9,0.023,29
7,35,negative-to-zero,lexicase,TRUE,20,elitize_generation_data,6,8,0.039,29
8,35,negative-to-zero,lexicase,TRUE,20,elitize_generation_data,7,12,0.082,29
9,35,negative-to-zero,lexicase,TRUE,20,elitize_generation_data,8,10,0.151,29
10,35,negative-to-zero,lexicase,TRUE,20,elitize_generation_data,9,11,0.263,29
11,35,negative-to-zero,lexicase,TRUE,20,elitize_generation_data,10,13,0.451,29
12,35,negative-to-zero,lexicase,TRUE,20,elitize_generation_data,11,17,0.573,29
13,35,negative-to-zero,lexicase,TRUE,20,elitize_generation_data,12,17,0.581,29
14,35,negative-to-zero,lexicase,TRUE,20,elitize_generation_data,13,15,0.592,29
15,35,negative-to-zero,lexicase,TRUE,20,elitize_generation_data,14,21,0.606,29
16,35,negative-to-zero,lexicase,TRUE,20,elitize_generation_data,15,24,0.629,29
17,35,negative-to-zero,lexicase,TRUE,20,elitize_generation_data,16,22,0.639,29
18,35,negative-to-zero,lexicase,TRUE,20,elitize_generation_data,17,27,0.644,29
19,35,negative-to-zero,lexicase,TRUE,20,elitize_generation_data,18,24,0.689,29
20,35,negative-to-zero,lexicase,TRUE,20,elitize_generation_data,19,21,0.674,29
21,35,negative-to-zero,lexicase,TRUE,20,elitize_generation_data,20,22,0.66,29
22,35,negative-to-zero,lexicase,TRUE,20,elitize_generation_data,21,20,0.678,29
23,35,negative-to-zero,lexicase,TRUE,20,elitize_generation_data,22,18,0.663,29
24,35,negative-to-zero,lexicase,TRUE,20,elitize_generation_data,23,19,0.693,29
25,35,negative-to-zero,lexicase,TRUE,20,elitize_generation_data,24,10,0.699,29
26,35,negative-to-zero,lexicase,TRUE,20,elitize_generation_data,25,26,0.556,29
27,35,negative-to-zero,lexicase,TRUE,20,elitize_generation_data,26,73,0.597,29
28,35,negative-to-zero,lexicase,TRUE,20,elitize_generation_data,27,81,0.632,29
29,35,negative-to-zero,lexicase,TRUE,20,elitize_generation_data,28,95,0.504,29
30,35,negative-to-zero,lexicase,TRUE,20,elitize_generation_data,29,18,0.107,29
