,run.num,problem,treatment,succeeded,height,normalization.function,generation,cluster.count,error.diversity,success.generation
1,51,negative-to-zero,lexicase,FALSE,20,elitize_generation_data,0,7,0.052,NA
2,51,negative-to-zero,lexicase,FALSE,20,elitize_generation_data,1,13,0.079,NA
3,51,negative-to-zero,lexicase,FALSE,20,elitize_generation_data,2,17,0.166,NA
4,51,negative-to-zero,lexicase,FALSE,20,elitize_generation_data,3,14,0.21,NA
5,51,negative-to-zero,lexicase,FALSE,20,elitize_generation_data,4,9,0.292,NA
6,51,negative-to-zero,lexicase,FALSE,20,elitize_generation_data,5,8,0.387,NA
7,51,negative-to-zero,lexicase,FALSE,20,elitize_generation_data,6,7,0.46,NA
8,51,negative-to-zero,lexicase,FALSE,20,elitize_generation_data,7,6,0.553,NA
9,51,negative-to-zero,lexicase,FALSE,20,elitize_generation_data,8,5,0.56,NA
10,51,negative-to-zero,lexicase,FALSE,20,elitize_generation_data,9,8,0.608,NA
11,51,negative-to-zero,lexicase,FALSE,20,elitize_generation_data,10,7,0.633,NA
12,51,negative-to-zero,lexicase,FALSE,20,elitize_generation_data,11,7,0.637,NA
13,51,negative-to-zero,lexicase,FALSE,20,elitize_generation_data,12,7,0.66,NA
14,51,negative-to-zero,lexicase,FALSE,20,elitize_generation_data,13,5,0.684,NA
15,51,negative-to-zero,lexicase,FALSE,20,elitize_generation_data,14,9,0.665,NA
16,51,negative-to-zero,lexicase,FALSE,20,elitize_generation_data,15,10,0.693,NA
17,51,negative-to-zero,lexicase,FALSE,20,elitize_generation_data,16,13,0.667,NA
18,51,negative-to-zero,lexicase,FALSE,20,elitize_generation_data,17,11,0.671,NA
19,51,negative-to-zero,lexicase,FALSE,20,elitize_generation_data,18,12,0.679,NA
20,51,negative-to-zero,lexicase,FALSE,20,elitize_generation_data,19,16,0.666,NA
21,51,negative-to-zero,lexicase,FALSE,20,elitize_generation_data,20,13,0.662,NA
22,51,negative-to-zero,lexicase,FALSE,20,elitize_generation_data,21,18,0.664,NA
23,51,negative-to-zero,lexicase,FALSE,20,elitize_generation_data,22,16,0.655,NA
24,51,negative-to-zero,lexicase,FALSE,20,elitize_generation_data,23,17,0.639,NA
25,51,negative-to-zero,lexicase,FALSE,20,elitize_generation_data,24,17,0.628,NA
26,51,negative-to-zero,lexicase,FALSE,20,elitize_generation_data,25,18,0.637,NA
27,51,negative-to-zero,lexicase,FALSE,20,elitize_generation_data,26,15,0.657,NA
28,51,negative-to-zero,lexicase,FALSE,20,elitize_generation_data,27,12,0.647,NA
29,51,negative-to-zero,lexicase,FALSE,20,elitize_generation_data,28,12,0.676,NA
30,51,negative-to-zero,lexicase,FALSE,20,elitize_generation_data,29,10,0.655,NA
31,51,negative-to-zero,lexicase,FALSE,20,elitize_generation_data,30,10,0.673,NA
32,51,negative-to-zero,lexicase,FALSE,20,elitize_generation_data,31,14,0.662,NA
33,51,negative-to-zero,lexicase,FALSE,20,elitize_generation_data,32,12,0.654,NA
34,51,negative-to-zero,lexicase,FALSE,20,elitize_generation_data,33,15,0.635,NA
35,51,negative-to-zero,lexicase,FALSE,20,elitize_generation_data,34,17,0.652,NA
36,51,negative-to-zero,lexicase,FALSE,20,elitize_generation_data,35,19,0.661,NA
37,51,negative-to-zero,lexicase,FALSE,20,elitize_generation_data,36,20,0.629,NA
38,51,negative-to-zero,lexicase,FALSE,20,elitize_generation_data,37,19,0.619,NA
39,51,negative-to-zero,lexicase,FALSE,20,elitize_generation_data,38,18,0.631,NA
40,51,negative-to-zero,lexicase,FALSE,20,elitize_generation_data,39,14,0.622,NA
41,51,negative-to-zero,lexicase,FALSE,20,elitize_generation_data,40,11,0.642,NA
42,51,negative-to-zero,lexicase,FALSE,20,elitize_generation_data,41,14,0.64,NA
43,51,negative-to-zero,lexicase,FALSE,20,elitize_generation_data,42,14,0.673,NA
44,51,negative-to-zero,lexicase,FALSE,20,elitize_generation_data,43,15,0.632,NA
45,51,negative-to-zero,lexicase,FALSE,20,elitize_generation_data,44,17,0.644,NA
46,51,negative-to-zero,lexicase,FALSE,20,elitize_generation_data,45,18,0.654,NA
47,51,negative-to-zero,lexicase,FALSE,20,elitize_generation_data,46,16,0.683,NA
48,51,negative-to-zero,lexicase,FALSE,20,elitize_generation_data,47,19,0.659,NA
49,51,negative-to-zero,lexicase,FALSE,20,elitize_generation_data,48,18,0.642,NA
50,51,negative-to-zero,lexicase,FALSE,20,elitize_generation_data,49,17,0.679,NA
51,51,negative-to-zero,lexicase,FALSE,20,elitize_generation_data,50,18,0.662,NA
52,51,negative-to-zero,lexicase,FALSE,20,elitize_generation_data,51,16,0.695,NA
53,51,negative-to-zero,lexicase,FALSE,20,elitize_generation_data,52,16,0.633,NA
54,51,negative-to-zero,lexicase,FALSE,20,elitize_generation_data,53,18,0.654,NA
55,51,negative-to-zero,lexicase,FALSE,20,elitize_generation_data,54,17,0.653,NA
56,51,negative-to-zero,lexicase,FALSE,20,elitize_generation_data,55,15,0.652,NA
57,51,negative-to-zero,lexicase,FALSE,20,elitize_generation_data,56,13,0.636,NA
58,51,negative-to-zero,lexicase,FALSE,20,elitize_generation_data,57,13,0.652,NA
59,51,negative-to-zero,lexicase,FALSE,20,elitize_generation_data,58,12,0.664,NA
60,51,negative-to-zero,lexicase,FALSE,20,elitize_generation_data,59,13,0.657,NA
61,51,negative-to-zero,lexicase,FALSE,20,elitize_generation_data,60,14,0.659,NA
62,51,negative-to-zero,lexicase,FALSE,20,elitize_generation_data,61,13,0.689,NA
63,51,negative-to-zero,lexicase,FALSE,20,elitize_generation_data,62,15,0.706,NA
64,51,negative-to-zero,lexicase,FALSE,20,elitize_generation_data,63,14,0.652,NA
65,51,negative-to-zero,lexicase,FALSE,20,elitize_generation_data,64,14,0.675,NA
66,51,negative-to-zero,lexicase,FALSE,20,elitize_generation_data,65,14,0.677,NA
67,51,negative-to-zero,lexicase,FALSE,20,elitize_generation_data,66,14,0.7,NA
68,51,negative-to-zero,lexicase,FALSE,20,elitize_generation_data,67,13,0.674,NA
69,51,negative-to-zero,lexicase,FALSE,20,elitize_generation_data,68,12,0.654,NA
70,51,negative-to-zero,lexicase,FALSE,20,elitize_generation_data,69,12,0.671,NA
71,51,negative-to-zero,lexicase,FALSE,20,elitize_generation_data,70,8,0.652,NA
72,51,negative-to-zero,lexicase,FALSE,20,elitize_generation_data,71,11,0.672,NA
73,51,negative-to-zero,lexicase,FALSE,20,elitize_generation_data,72,13,0.664,NA
74,51,negative-to-zero,lexicase,FALSE,20,elitize_generation_data,73,9,0.681,NA
75,51,negative-to-zero,lexicase,FALSE,20,elitize_generation_data,74,11,0.672,NA
76,51,negative-to-zero,lexicase,FALSE,20,elitize_generation_data,75,11,0.675,NA
77,51,negative-to-zero,lexicase,FALSE,20,elitize_generation_data,76,11,0.695,NA
78,51,negative-to-zero,lexicase,FALSE,20,elitize_generation_data,77,9,0.677,NA
79,51,negative-to-zero,lexicase,FALSE,20,elitize_generation_data,78,10,0.693,NA
80,51,negative-to-zero,lexicase,FALSE,20,elitize_generation_data,79,9,0.671,NA
81,51,negative-to-zero,lexicase,FALSE,20,elitize_generation_data,80,10,0.664,NA
82,51,negative-to-zero,lexicase,FALSE,20,elitize_generation_data,81,9,0.666,NA
83,51,negative-to-zero,lexicase,FALSE,20,elitize_generation_data,82,11,0.674,NA
84,51,negative-to-zero,lexicase,FALSE,20,elitize_generation_data,83,10,0.666,NA
85,51,negative-to-zero,lexicase,FALSE,20,elitize_generation_data,84,9,0.664,NA
86,51,negative-to-zero,lexicase,FALSE,20,elitize_generation_data,85,7,0.716,NA
87,51,negative-to-zero,lexicase,FALSE,20,elitize_generation_data,86,10,0.696,NA
88,51,negative-to-zero,lexicase,FALSE,20,elitize_generation_data,87,7,0.677,NA
89,51,negative-to-zero,lexicase,FALSE,20,elitize_generation_data,88,8,0.681,NA
90,51,negative-to-zero,lexicase,FALSE,20,elitize_generation_data,89,8,0.693,NA
91,51,negative-to-zero,lexicase,FALSE,20,elitize_generation_data,90,8,0.714,NA
92,51,negative-to-zero,lexicase,FALSE,20,elitize_generation_data,91,12,0.704,NA
93,51,negative-to-zero,lexicase,FALSE,20,elitize_generation_data,92,9,0.668,NA
94,51,negative-to-zero,lexicase,FALSE,20,elitize_generation_data,93,12,0.677,NA
95,51,negative-to-zero,lexicase,FALSE,20,elitize_generation_data,94,9,0.684,NA
96,51,negative-to-zero,lexicase,FALSE,20,elitize_generation_data,95,10,0.669,NA
97,51,negative-to-zero,lexicase,FALSE,20,elitize_generation_data,96,8,0.701,NA
98,51,negative-to-zero,lexicase,FALSE,20,elitize_generation_data,97,9,0.683,NA
99,51,negative-to-zero,lexicase,FALSE,20,elitize_generation_data,98,9,0.699,NA
100,51,negative-to-zero,lexicase,FALSE,20,elitize_generation_data,99,9,0.722,NA
101,51,negative-to-zero,lexicase,FALSE,20,elitize_generation_data,100,11,0.709,NA
102,51,negative-to-zero,lexicase,FALSE,20,elitize_generation_data,101,10,0.695,NA
103,51,negative-to-zero,lexicase,FALSE,20,elitize_generation_data,102,8,0.692,NA
104,51,negative-to-zero,lexicase,FALSE,20,elitize_generation_data,103,8,0.68,NA
105,51,negative-to-zero,lexicase,FALSE,20,elitize_generation_data,104,9,0.684,NA
106,51,negative-to-zero,lexicase,FALSE,20,elitize_generation_data,105,9,0.715,NA
107,51,negative-to-zero,lexicase,FALSE,20,elitize_generation_data,106,12,0.717,NA
108,51,negative-to-zero,lexicase,FALSE,20,elitize_generation_data,107,11,0.704,NA
109,51,negative-to-zero,lexicase,FALSE,20,elitize_generation_data,108,12,0.686,NA
110,51,negative-to-zero,lexicase,FALSE,20,elitize_generation_data,109,13,0.683,NA
111,51,negative-to-zero,lexicase,FALSE,20,elitize_generation_data,110,9,0.698,NA
112,51,negative-to-zero,lexicase,FALSE,20,elitize_generation_data,111,10,0.678,NA
113,51,negative-to-zero,lexicase,FALSE,20,elitize_generation_data,112,9,0.703,NA
114,51,negative-to-zero,lexicase,FALSE,20,elitize_generation_data,113,11,0.711,NA
115,51,negative-to-zero,lexicase,FALSE,20,elitize_generation_data,114,11,0.706,NA
116,51,negative-to-zero,lexicase,FALSE,20,elitize_generation_data,115,10,0.723,NA
117,51,negative-to-zero,lexicase,FALSE,20,elitize_generation_data,116,10,0.667,NA
118,51,negative-to-zero,lexicase,FALSE,20,elitize_generation_data,117,11,0.674,NA
119,51,negative-to-zero,lexicase,FALSE,20,elitize_generation_data,118,10,0.696,NA
120,51,negative-to-zero,lexicase,FALSE,20,elitize_generation_data,119,11,0.704,NA
121,51,negative-to-zero,lexicase,FALSE,20,elitize_generation_data,120,14,0.682,NA
122,51,negative-to-zero,lexicase,FALSE,20,elitize_generation_data,121,11,0.721,NA
123,51,negative-to-zero,lexicase,FALSE,20,elitize_generation_data,122,11,0.686,NA
124,51,negative-to-zero,lexicase,FALSE,20,elitize_generation_data,123,13,0.673,NA
125,51,negative-to-zero,lexicase,FALSE,20,elitize_generation_data,124,11,0.693,NA
126,51,negative-to-zero,lexicase,FALSE,20,elitize_generation_data,125,11,0.678,NA
127,51,negative-to-zero,lexicase,FALSE,20,elitize_generation_data,126,12,0.718,NA
128,51,negative-to-zero,lexicase,FALSE,20,elitize_generation_data,127,14,0.725,NA
129,51,negative-to-zero,lexicase,FALSE,20,elitize_generation_data,128,10,0.684,NA
130,51,negative-to-zero,lexicase,FALSE,20,elitize_generation_data,129,10,0.693,NA
131,51,negative-to-zero,lexicase,FALSE,20,elitize_generation_data,130,12,0.694,NA
132,51,negative-to-zero,lexicase,FALSE,20,elitize_generation_data,131,12,0.676,NA
133,51,negative-to-zero,lexicase,FALSE,20,elitize_generation_data,132,10,0.707,NA
134,51,negative-to-zero,lexicase,FALSE,20,elitize_generation_data,133,11,0.685,NA
135,51,negative-to-zero,lexicase,FALSE,20,elitize_generation_data,134,14,0.676,NA
136,51,negative-to-zero,lexicase,FALSE,20,elitize_generation_data,135,11,0.697,NA
137,51,negative-to-zero,lexicase,FALSE,20,elitize_generation_data,136,12,0.694,NA
138,51,negative-to-zero,lexicase,FALSE,20,elitize_generation_data,137,11,0.688,NA
139,51,negative-to-zero,lexicase,FALSE,20,elitize_generation_data,138,12,0.674,NA
140,51,negative-to-zero,lexicase,FALSE,20,elitize_generation_data,139,11,0.711,NA
141,51,negative-to-zero,lexicase,FALSE,20,elitize_generation_data,140,10,0.696,NA
142,51,negative-to-zero,lexicase,FALSE,20,elitize_generation_data,141,13,0.668,NA
143,51,negative-to-zero,lexicase,FALSE,20,elitize_generation_data,142,12,0.72,NA
144,51,negative-to-zero,lexicase,FALSE,20,elitize_generation_data,143,11,0.695,NA
145,51,negative-to-zero,lexicase,FALSE,20,elitize_generation_data,144,14,0.692,NA
146,51,negative-to-zero,lexicase,FALSE,20,elitize_generation_data,145,11,0.676,NA
147,51,negative-to-zero,lexicase,FALSE,20,elitize_generation_data,146,10,0.712,NA
148,51,negative-to-zero,lexicase,FALSE,20,elitize_generation_data,147,13,0.665,NA
149,51,negative-to-zero,lexicase,FALSE,20,elitize_generation_data,148,11,0.705,NA
150,51,negative-to-zero,lexicase,FALSE,20,elitize_generation_data,149,13,0.689,NA
151,51,negative-to-zero,lexicase,FALSE,20,elitize_generation_data,150,11,0.734,NA
152,51,negative-to-zero,lexicase,FALSE,20,elitize_generation_data,151,11,0.716,NA
153,51,negative-to-zero,lexicase,FALSE,20,elitize_generation_data,152,13,0.702,NA
154,51,negative-to-zero,lexicase,FALSE,20,elitize_generation_data,153,10,0.71,NA
155,51,negative-to-zero,lexicase,FALSE,20,elitize_generation_data,154,7,0.701,NA
156,51,negative-to-zero,lexicase,FALSE,20,elitize_generation_data,155,10,0.685,NA
157,51,negative-to-zero,lexicase,FALSE,20,elitize_generation_data,156,9,0.728,NA
158,51,negative-to-zero,lexicase,FALSE,20,elitize_generation_data,157,10,0.712,NA
159,51,negative-to-zero,lexicase,FALSE,20,elitize_generation_data,158,9,0.716,NA
160,51,negative-to-zero,lexicase,FALSE,20,elitize_generation_data,159,9,0.696,NA
161,51,negative-to-zero,lexicase,FALSE,20,elitize_generation_data,160,11,0.712,NA
162,51,negative-to-zero,lexicase,FALSE,20,elitize_generation_data,161,8,0.689,NA
163,51,negative-to-zero,lexicase,FALSE,20,elitize_generation_data,162,8,0.732,NA
164,51,negative-to-zero,lexicase,FALSE,20,elitize_generation_data,163,10,0.701,NA
165,51,negative-to-zero,lexicase,FALSE,20,elitize_generation_data,164,12,0.702,NA
166,51,negative-to-zero,lexicase,FALSE,20,elitize_generation_data,165,16,0.704,NA
167,51,negative-to-zero,lexicase,FALSE,20,elitize_generation_data,166,9,0.698,NA
168,51,negative-to-zero,lexicase,FALSE,20,elitize_generation_data,167,12,0.689,NA
169,51,negative-to-zero,lexicase,FALSE,20,elitize_generation_data,168,10,0.751,NA
170,51,negative-to-zero,lexicase,FALSE,20,elitize_generation_data,169,11,0.692,NA
171,51,negative-to-zero,lexicase,FALSE,20,elitize_generation_data,170,9,0.721,NA
172,51,negative-to-zero,lexicase,FALSE,20,elitize_generation_data,171,12,0.717,NA
173,51,negative-to-zero,lexicase,FALSE,20,elitize_generation_data,172,11,0.708,NA
174,51,negative-to-zero,lexicase,FALSE,20,elitize_generation_data,173,11,0.687,NA
175,51,negative-to-zero,lexicase,FALSE,20,elitize_generation_data,174,8,0.689,NA
176,51,negative-to-zero,lexicase,FALSE,20,elitize_generation_data,175,12,0.702,NA
177,51,negative-to-zero,lexicase,FALSE,20,elitize_generation_data,176,8,0.707,NA
178,51,negative-to-zero,lexicase,FALSE,20,elitize_generation_data,177,11,0.701,NA
179,51,negative-to-zero,lexicase,FALSE,20,elitize_generation_data,178,10,0.737,NA
180,51,negative-to-zero,lexicase,FALSE,20,elitize_generation_data,179,10,0.73,NA
181,51,negative-to-zero,lexicase,FALSE,20,elitize_generation_data,180,11,0.742,NA
182,51,negative-to-zero,lexicase,FALSE,20,elitize_generation_data,181,7,0.719,NA
183,51,negative-to-zero,lexicase,FALSE,20,elitize_generation_data,182,10,0.705,NA
184,51,negative-to-zero,lexicase,FALSE,20,elitize_generation_data,183,12,0.689,NA
185,51,negative-to-zero,lexicase,FALSE,20,elitize_generation_data,184,12,0.693,NA
186,51,negative-to-zero,lexicase,FALSE,20,elitize_generation_data,185,8,0.705,NA
187,51,negative-to-zero,lexicase,FALSE,20,elitize_generation_data,186,8,0.691,NA
188,51,negative-to-zero,lexicase,FALSE,20,elitize_generation_data,187,9,0.696,NA
189,51,negative-to-zero,lexicase,FALSE,20,elitize_generation_data,188,11,0.716,NA
190,51,negative-to-zero,lexicase,FALSE,20,elitize_generation_data,189,9,0.71,NA
191,51,negative-to-zero,lexicase,FALSE,20,elitize_generation_data,190,10,0.726,NA
192,51,negative-to-zero,lexicase,FALSE,20,elitize_generation_data,191,6,0.733,NA
193,51,negative-to-zero,lexicase,FALSE,20,elitize_generation_data,192,9,0.719,NA
194,51,negative-to-zero,lexicase,FALSE,20,elitize_generation_data,193,9,0.691,NA
195,51,negative-to-zero,lexicase,FALSE,20,elitize_generation_data,194,10,0.673,NA
196,51,negative-to-zero,lexicase,FALSE,20,elitize_generation_data,195,7,0.72,NA
197,51,negative-to-zero,lexicase,FALSE,20,elitize_generation_data,196,9,0.692,NA
198,51,negative-to-zero,lexicase,FALSE,20,elitize_generation_data,197,8,0.7,NA
199,51,negative-to-zero,lexicase,FALSE,20,elitize_generation_data,198,7,0.683,NA
200,51,negative-to-zero,lexicase,FALSE,20,elitize_generation_data,199,7,0.706,NA
201,51,negative-to-zero,lexicase,FALSE,20,elitize_generation_data,200,9,0.703,NA
202,51,negative-to-zero,lexicase,FALSE,20,elitize_generation_data,201,8,0.683,NA
203,51,negative-to-zero,lexicase,FALSE,20,elitize_generation_data,202,9,0.691,NA
204,51,negative-to-zero,lexicase,FALSE,20,elitize_generation_data,203,8,0.682,NA
205,51,negative-to-zero,lexicase,FALSE,20,elitize_generation_data,204,6,0.685,NA
206,51,negative-to-zero,lexicase,FALSE,20,elitize_generation_data,205,8,0.688,NA
207,51,negative-to-zero,lexicase,FALSE,20,elitize_generation_data,206,6,0.681,NA
208,51,negative-to-zero,lexicase,FALSE,20,elitize_generation_data,207,8,0.713,NA
209,51,negative-to-zero,lexicase,FALSE,20,elitize_generation_data,208,7,0.704,NA
210,51,negative-to-zero,lexicase,FALSE,20,elitize_generation_data,209,8,0.677,NA
211,51,negative-to-zero,lexicase,FALSE,20,elitize_generation_data,210,6,0.687,NA
212,51,negative-to-zero,lexicase,FALSE,20,elitize_generation_data,211,9,0.689,NA
213,51,negative-to-zero,lexicase,FALSE,20,elitize_generation_data,212,6,0.669,NA
214,51,negative-to-zero,lexicase,FALSE,20,elitize_generation_data,213,7,0.698,NA
215,51,negative-to-zero,lexicase,FALSE,20,elitize_generation_data,214,5,0.693,NA
216,51,negative-to-zero,lexicase,FALSE,20,elitize_generation_data,215,6,0.694,NA
217,51,negative-to-zero,lexicase,FALSE,20,elitize_generation_data,216,10,0.702,NA
218,51,negative-to-zero,lexicase,FALSE,20,elitize_generation_data,217,10,0.698,NA
219,51,negative-to-zero,lexicase,FALSE,20,elitize_generation_data,218,7,0.689,NA
220,51,negative-to-zero,lexicase,FALSE,20,elitize_generation_data,219,10,0.729,NA
221,51,negative-to-zero,lexicase,FALSE,20,elitize_generation_data,220,8,0.711,NA
222,51,negative-to-zero,lexicase,FALSE,20,elitize_generation_data,221,7,0.686,NA
223,51,negative-to-zero,lexicase,FALSE,20,elitize_generation_data,222,9,0.705,NA
224,51,negative-to-zero,lexicase,FALSE,20,elitize_generation_data,223,12,0.706,NA
225,51,negative-to-zero,lexicase,FALSE,20,elitize_generation_data,224,8,0.679,NA
226,51,negative-to-zero,lexicase,FALSE,20,elitize_generation_data,225,7,0.671,NA
227,51,negative-to-zero,lexicase,FALSE,20,elitize_generation_data,226,8,0.695,NA
228,51,negative-to-zero,lexicase,FALSE,20,elitize_generation_data,227,9,0.708,NA
229,51,negative-to-zero,lexicase,FALSE,20,elitize_generation_data,228,9,0.71,NA
230,51,negative-to-zero,lexicase,FALSE,20,elitize_generation_data,229,10,0.722,NA
231,51,negative-to-zero,lexicase,FALSE,20,elitize_generation_data,230,7,0.684,NA
232,51,negative-to-zero,lexicase,FALSE,20,elitize_generation_data,231,8,0.703,NA
233,51,negative-to-zero,lexicase,FALSE,20,elitize_generation_data,232,8,0.698,NA
234,51,negative-to-zero,lexicase,FALSE,20,elitize_generation_data,233,7,0.699,NA
235,51,negative-to-zero,lexicase,FALSE,20,elitize_generation_data,234,7,0.721,NA
236,51,negative-to-zero,lexicase,FALSE,20,elitize_generation_data,235,7,0.692,NA
237,51,negative-to-zero,lexicase,FALSE,20,elitize_generation_data,236,7,0.683,NA
238,51,negative-to-zero,lexicase,FALSE,20,elitize_generation_data,237,8,0.708,NA
239,51,negative-to-zero,lexicase,FALSE,20,elitize_generation_data,238,9,0.699,NA
240,51,negative-to-zero,lexicase,FALSE,20,elitize_generation_data,239,10,0.695,NA
241,51,negative-to-zero,lexicase,FALSE,20,elitize_generation_data,240,7,0.697,NA
242,51,negative-to-zero,lexicase,FALSE,20,elitize_generation_data,241,8,0.698,NA
243,51,negative-to-zero,lexicase,FALSE,20,elitize_generation_data,242,9,0.689,NA
244,51,negative-to-zero,lexicase,FALSE,20,elitize_generation_data,243,6,0.659,NA
245,51,negative-to-zero,lexicase,FALSE,20,elitize_generation_data,244,6,0.668,NA
246,51,negative-to-zero,lexicase,FALSE,20,elitize_generation_data,245,6,0.705,NA
247,51,negative-to-zero,lexicase,FALSE,20,elitize_generation_data,246,8,0.708,NA
248,51,negative-to-zero,lexicase,FALSE,20,elitize_generation_data,247,10,0.702,NA
249,51,negative-to-zero,lexicase,FALSE,20,elitize_generation_data,248,10,0.685,NA
250,51,negative-to-zero,lexicase,FALSE,20,elitize_generation_data,249,10,0.676,NA
251,51,negative-to-zero,lexicase,FALSE,20,elitize_generation_data,250,10,0.696,NA
252,51,negative-to-zero,lexicase,FALSE,20,elitize_generation_data,251,11,0.698,NA
253,51,negative-to-zero,lexicase,FALSE,20,elitize_generation_data,252,10,0.681,NA
254,51,negative-to-zero,lexicase,FALSE,20,elitize_generation_data,253,9,0.686,NA
255,51,negative-to-zero,lexicase,FALSE,20,elitize_generation_data,254,8,0.692,NA
256,51,negative-to-zero,lexicase,FALSE,20,elitize_generation_data,255,8,0.684,NA
257,51,negative-to-zero,lexicase,FALSE,20,elitize_generation_data,256,7,0.691,NA
258,51,negative-to-zero,lexicase,FALSE,20,elitize_generation_data,257,6,0.684,NA
259,51,negative-to-zero,lexicase,FALSE,20,elitize_generation_data,258,7,0.678,NA
260,51,negative-to-zero,lexicase,FALSE,20,elitize_generation_data,259,10,0.684,NA
261,51,negative-to-zero,lexicase,FALSE,20,elitize_generation_data,260,7,0.69,NA
262,51,negative-to-zero,lexicase,FALSE,20,elitize_generation_data,261,7,0.679,NA
263,51,negative-to-zero,lexicase,FALSE,20,elitize_generation_data,262,8,0.69,NA
264,51,negative-to-zero,lexicase,FALSE,20,elitize_generation_data,263,8,0.675,NA
265,51,negative-to-zero,lexicase,FALSE,20,elitize_generation_data,264,11,0.715,NA
266,51,negative-to-zero,lexicase,FALSE,20,elitize_generation_data,265,7,0.711,NA
267,51,negative-to-zero,lexicase,FALSE,20,elitize_generation_data,266,11,0.714,NA
268,51,negative-to-zero,lexicase,FALSE,20,elitize_generation_data,267,10,0.708,NA
269,51,negative-to-zero,lexicase,FALSE,20,elitize_generation_data,268,9,0.706,NA
270,51,negative-to-zero,lexicase,FALSE,20,elitize_generation_data,269,9,0.683,NA
271,51,negative-to-zero,lexicase,FALSE,20,elitize_generation_data,270,8,0.701,NA
272,51,negative-to-zero,lexicase,FALSE,20,elitize_generation_data,271,8,0.706,NA
273,51,negative-to-zero,lexicase,FALSE,20,elitize_generation_data,272,13,0.699,NA
274,51,negative-to-zero,lexicase,FALSE,20,elitize_generation_data,273,9,0.697,NA
275,51,negative-to-zero,lexicase,FALSE,20,elitize_generation_data,274,11,0.713,NA
276,51,negative-to-zero,lexicase,FALSE,20,elitize_generation_data,275,8,0.704,NA
277,51,negative-to-zero,lexicase,FALSE,20,elitize_generation_data,276,12,0.692,NA
278,51,negative-to-zero,lexicase,FALSE,20,elitize_generation_data,277,11,0.697,NA
279,51,negative-to-zero,lexicase,FALSE,20,elitize_generation_data,278,10,0.67,NA
280,51,negative-to-zero,lexicase,FALSE,20,elitize_generation_data,279,9,0.696,NA
281,51,negative-to-zero,lexicase,FALSE,20,elitize_generation_data,280,9,0.681,NA
282,51,negative-to-zero,lexicase,FALSE,20,elitize_generation_data,281,9,0.702,NA
283,51,negative-to-zero,lexicase,FALSE,20,elitize_generation_data,282,8,0.723,NA
284,51,negative-to-zero,lexicase,FALSE,20,elitize_generation_data,283,8,0.717,NA
285,51,negative-to-zero,lexicase,FALSE,20,elitize_generation_data,284,8,0.711,NA
286,51,negative-to-zero,lexicase,FALSE,20,elitize_generation_data,285,11,0.707,NA
287,51,negative-to-zero,lexicase,FALSE,20,elitize_generation_data,286,8,0.707,NA
288,51,negative-to-zero,lexicase,FALSE,20,elitize_generation_data,287,9,0.694,NA
289,51,negative-to-zero,lexicase,FALSE,20,elitize_generation_data,288,10,0.727,NA
290,51,negative-to-zero,lexicase,FALSE,20,elitize_generation_data,289,9,0.694,NA
291,51,negative-to-zero,lexicase,FALSE,20,elitize_generation_data,290,10,0.701,NA
292,51,negative-to-zero,lexicase,FALSE,20,elitize_generation_data,291,8,0.683,NA
293,51,negative-to-zero,lexicase,FALSE,20,elitize_generation_data,292,8,0.684,NA
294,51,negative-to-zero,lexicase,FALSE,20,elitize_generation_data,293,11,0.703,NA
295,51,negative-to-zero,lexicase,FALSE,20,elitize_generation_data,294,9,0.669,NA
296,51,negative-to-zero,lexicase,FALSE,20,elitize_generation_data,295,11,0.666,NA
297,51,negative-to-zero,lexicase,FALSE,20,elitize_generation_data,296,9,0.689,NA
298,51,negative-to-zero,lexicase,FALSE,20,elitize_generation_data,297,8,0.701,NA
299,51,negative-to-zero,lexicase,FALSE,20,elitize_generation_data,298,9,0.667,NA
300,51,negative-to-zero,lexicase,FALSE,20,elitize_generation_data,299,9,0.672,NA
301,51,negative-to-zero,lexicase,FALSE,20,elitize_generation_data,300,9,0.677,NA
