,run.num,problem,treatment,succeeded,height,normalization.function,generation,cluster.count,error.diversity,success.generation
1,6,negative-to-zero,lexicase,TRUE,20,elitize_generation_data,0,14,0.04,103
2,6,negative-to-zero,lexicase,TRUE,20,elitize_generation_data,1,10,0.028,103
3,6,negative-to-zero,lexicase,TRUE,20,elitize_generation_data,2,12,0.027,103
4,6,negative-to-zero,lexicase,TRUE,20,elitize_generation_data,3,10,0.021,103
5,6,negative-to-zero,lexicase,TRUE,20,elitize_generation_data,4,8,0.023,103
6,6,negative-to-zero,lexicase,TRUE,20,elitize_generation_data,5,9,0.021,103
7,6,negative-to-zero,lexicase,TRUE,20,elitize_generation_data,6,6,0.024,103
8,6,negative-to-zero,lexicase,TRUE,20,elitize_generation_data,7,7,0.032,103
9,6,negative-to-zero,lexicase,TRUE,20,elitize_generation_data,8,7,0.024,103
10,6,negative-to-zero,lexicase,TRUE,20,elitize_generation_data,9,7,0.032,103
11,6,negative-to-zero,lexicase,TRUE,20,elitize_generation_data,10,9,0.049,103
12,6,negative-to-zero,lexicase,TRUE,20,elitize_generation_data,11,10,0.045,103
13,6,negative-to-zero,lexicase,TRUE,20,elitize_generation_data,12,9,0.041,103
14,6,negative-to-zero,lexicase,TRUE,20,elitize_generation_data,13,12,0.049,103
15,6,negative-to-zero,lexicase,TRUE,20,elitize_generation_data,14,13,0.066,103
16,6,negative-to-zero,lexicase,TRUE,20,elitize_generation_data,15,6,0.098,103
17,6,negative-to-zero,lexicase,TRUE,20,elitize_generation_data,16,5,0.137,103
18,6,negative-to-zero,lexicase,TRUE,20,elitize_generation_data,17,9,0.188,103
19,6,negative-to-zero,lexicase,TRUE,20,elitize_generation_data,18,5,0.276,103
20,6,negative-to-zero,lexicase,TRUE,20,elitize_generation_data,19,6,0.37,103
21,6,negative-to-zero,lexicase,TRUE,20,elitize_generation_data,20,6,0.468,103
22,6,negative-to-zero,lexicase,TRUE,20,elitize_generation_data,21,5,0.538,103
23,6,negative-to-zero,lexicase,TRUE,20,elitize_generation_data,22,3,0.605,103
24,6,negative-to-zero,lexicase,TRUE,20,elitize_generation_data,23,3,0.589,103
25,6,negative-to-zero,lexicase,TRUE,20,elitize_generation_data,24,3,0.564,103
26,6,negative-to-zero,lexicase,TRUE,20,elitize_generation_data,25,5,0.447,103
27,6,negative-to-zero,lexicase,TRUE,20,elitize_generation_data,26,6,0.427,103
28,6,negative-to-zero,lexicase,TRUE,20,elitize_generation_data,27,5,0.453,103
29,6,negative-to-zero,lexicase,TRUE,20,elitize_generation_data,28,8,0.486,103
30,6,negative-to-zero,lexicase,TRUE,20,elitize_generation_data,29,9,0.485,103
31,6,negative-to-zero,lexicase,TRUE,20,elitize_generation_data,30,9,0.519,103
32,6,negative-to-zero,lexicase,TRUE,20,elitize_generation_data,31,9,0.544,103
33,6,negative-to-zero,lexicase,TRUE,20,elitize_generation_data,32,11,0.579,103
34,6,negative-to-zero,lexicase,TRUE,20,elitize_generation_data,33,14,0.635,103
35,6,negative-to-zero,lexicase,TRUE,20,elitize_generation_data,34,13,0.646,103
36,6,negative-to-zero,lexicase,TRUE,20,elitize_generation_data,35,12,0.66,103
37,6,negative-to-zero,lexicase,TRUE,20,elitize_generation_data,36,13,0.667,103
38,6,negative-to-zero,lexicase,TRUE,20,elitize_generation_data,37,13,0.685,103
39,6,negative-to-zero,lexicase,TRUE,20,elitize_generation_data,38,16,0.673,103
40,6,negative-to-zero,lexicase,TRUE,20,elitize_generation_data,39,16,0.676,103
41,6,negative-to-zero,lexicase,TRUE,20,elitize_generation_data,40,18,0.682,103
42,6,negative-to-zero,lexicase,TRUE,20,elitize_generation_data,41,18,0.674,103
43,6,negative-to-zero,lexicase,TRUE,20,elitize_generation_data,42,15,0.684,103
44,6,negative-to-zero,lexicase,TRUE,20,elitize_generation_data,43,15,0.709,103
45,6,negative-to-zero,lexicase,TRUE,20,elitize_generation_data,44,14,0.692,103
46,6,negative-to-zero,lexicase,TRUE,20,elitize_generation_data,45,14,0.689,103
47,6,negative-to-zero,lexicase,TRUE,20,elitize_generation_data,46,14,0.678,103
48,6,negative-to-zero,lexicase,TRUE,20,elitize_generation_data,47,15,0.696,103
49,6,negative-to-zero,lexicase,TRUE,20,elitize_generation_data,48,17,0.684,103
50,6,negative-to-zero,lexicase,TRUE,20,elitize_generation_data,49,20,0.708,103
51,6,negative-to-zero,lexicase,TRUE,20,elitize_generation_data,50,21,0.726,103
52,6,negative-to-zero,lexicase,TRUE,20,elitize_generation_data,51,20,0.729,103
53,6,negative-to-zero,lexicase,TRUE,20,elitize_generation_data,52,22,0.707,103
54,6,negative-to-zero,lexicase,TRUE,20,elitize_generation_data,53,19,0.723,103
55,6,negative-to-zero,lexicase,TRUE,20,elitize_generation_data,54,17,0.734,103
56,6,negative-to-zero,lexicase,TRUE,20,elitize_generation_data,55,16,0.726,103
57,6,negative-to-zero,lexicase,TRUE,20,elitize_generation_data,56,20,0.727,103
58,6,negative-to-zero,lexicase,TRUE,20,elitize_generation_data,57,19,0.719,103
59,6,negative-to-zero,lexicase,TRUE,20,elitize_generation_data,58,15,0.736,103
60,6,negative-to-zero,lexicase,TRUE,20,elitize_generation_data,59,17,0.702,103
61,6,negative-to-zero,lexicase,TRUE,20,elitize_generation_data,60,15,0.742,103
62,6,negative-to-zero,lexicase,TRUE,20,elitize_generation_data,61,17,0.738,103
63,6,negative-to-zero,lexicase,TRUE,20,elitize_generation_data,62,17,0.742,103
64,6,negative-to-zero,lexicase,TRUE,20,elitize_generation_data,63,14,0.774,103
65,6,negative-to-zero,lexicase,TRUE,20,elitize_generation_data,64,13,0.734,103
66,6,negative-to-zero,lexicase,TRUE,20,elitize_generation_data,65,10,0.759,103
67,6,negative-to-zero,lexicase,TRUE,20,elitize_generation_data,66,8,0.748,103
68,6,negative-to-zero,lexicase,TRUE,20,elitize_generation_data,67,9,0.762,103
69,6,negative-to-zero,lexicase,TRUE,20,elitize_generation_data,68,9,0.784,103
70,6,negative-to-zero,lexicase,TRUE,20,elitize_generation_data,69,8,0.785,103
71,6,negative-to-zero,lexicase,TRUE,20,elitize_generation_data,70,10,0.782,103
72,6,negative-to-zero,lexicase,TRUE,20,elitize_generation_data,71,11,0.769,103
73,6,negative-to-zero,lexicase,TRUE,20,elitize_generation_data,72,9,0.778,103
74,6,negative-to-zero,lexicase,TRUE,20,elitize_generation_data,73,9,0.797,103
75,6,negative-to-zero,lexicase,TRUE,20,elitize_generation_data,74,9,0.775,103
76,6,negative-to-zero,lexicase,TRUE,20,elitize_generation_data,75,8,0.788,103
77,6,negative-to-zero,lexicase,TRUE,20,elitize_generation_data,76,7,0.801,103
78,6,negative-to-zero,lexicase,TRUE,20,elitize_generation_data,77,7,0.782,103
79,6,negative-to-zero,lexicase,TRUE,20,elitize_generation_data,78,10,0.763,103
80,6,negative-to-zero,lexicase,TRUE,20,elitize_generation_data,79,10,0.782,103
81,6,negative-to-zero,lexicase,TRUE,20,elitize_generation_data,80,9,0.788,103
82,6,negative-to-zero,lexicase,TRUE,20,elitize_generation_data,81,12,0.783,103
83,6,negative-to-zero,lexicase,TRUE,20,elitize_generation_data,82,8,0.787,103
84,6,negative-to-zero,lexicase,TRUE,20,elitize_generation_data,83,11,0.797,103
85,6,negative-to-zero,lexicase,TRUE,20,elitize_generation_data,84,9,0.819,103
86,6,negative-to-zero,lexicase,TRUE,20,elitize_generation_data,85,10,0.787,103
87,6,negative-to-zero,lexicase,TRUE,20,elitize_generation_data,86,11,0.773,103
88,6,negative-to-zero,lexicase,TRUE,20,elitize_generation_data,87,11,0.79,103
89,6,negative-to-zero,lexicase,TRUE,20,elitize_generation_data,88,8,0.798,103
90,6,negative-to-zero,lexicase,TRUE,20,elitize_generation_data,89,10,0.776,103
91,6,negative-to-zero,lexicase,TRUE,20,elitize_generation_data,90,8,0.8,103
92,6,negative-to-zero,lexicase,TRUE,20,elitize_generation_data,91,12,0.795,103
93,6,negative-to-zero,lexicase,TRUE,20,elitize_generation_data,92,11,0.809,103
94,6,negative-to-zero,lexicase,TRUE,20,elitize_generation_data,93,13,0.798,103
95,6,negative-to-zero,lexicase,TRUE,20,elitize_generation_data,94,10,0.77,103
96,6,negative-to-zero,lexicase,TRUE,20,elitize_generation_data,95,13,0.804,103
97,6,negative-to-zero,lexicase,TRUE,20,elitize_generation_data,96,22,0.822,103
98,6,negative-to-zero,lexicase,TRUE,20,elitize_generation_data,97,48,0.806,103
99,6,negative-to-zero,lexicase,TRUE,20,elitize_generation_data,98,146,0.75,103
100,6,negative-to-zero,lexicase,TRUE,20,elitize_generation_data,99,233,0.765,103
101,6,negative-to-zero,lexicase,TRUE,20,elitize_generation_data,100,297,0.728,103
102,6,negative-to-zero,lexicase,TRUE,20,elitize_generation_data,101,299,0.633,103
103,6,negative-to-zero,lexicase,TRUE,20,elitize_generation_data,102,279,0.655,103
104,6,negative-to-zero,lexicase,TRUE,20,elitize_generation_data,103,170,0.452,103
