,run.num,problem,treatment,succeeded,height,normalization.function,generation,cluster.count,error.diversity,success.generation
1,46,negative-to-zero,lexicase,FALSE,20,elitize_generation_data,0,14,0.047,NA
2,46,negative-to-zero,lexicase,FALSE,20,elitize_generation_data,1,13,0.033,NA
3,46,negative-to-zero,lexicase,FALSE,20,elitize_generation_data,2,9,0.025,NA
4,46,negative-to-zero,lexicase,FALSE,20,elitize_generation_data,3,6,0.015,NA
5,46,negative-to-zero,lexicase,FALSE,20,elitize_generation_data,4,6,0.02,NA
6,46,negative-to-zero,lexicase,FALSE,20,elitize_generation_data,5,4,0.012,NA
7,46,negative-to-zero,lexicase,FALSE,20,elitize_generation_data,6,4,0.013,NA
8,46,negative-to-zero,lexicase,FALSE,20,elitize_generation_data,7,7,0.015,NA
9,46,negative-to-zero,lexicase,FALSE,20,elitize_generation_data,8,5,0.01,NA
10,46,negative-to-zero,lexicase,FALSE,20,elitize_generation_data,9,5,0.013,NA
11,46,negative-to-zero,lexicase,FALSE,20,elitize_generation_data,10,4,0.009,NA
12,46,negative-to-zero,lexicase,FALSE,20,elitize_generation_data,11,8,0.041,NA
13,46,negative-to-zero,lexicase,FALSE,20,elitize_generation_data,12,10,0.067,NA
14,46,negative-to-zero,lexicase,FALSE,20,elitize_generation_data,13,13,0.065,NA
15,46,negative-to-zero,lexicase,FALSE,20,elitize_generation_data,14,18,0.082,NA
16,46,negative-to-zero,lexicase,FALSE,20,elitize_generation_data,15,17,0.091,NA
17,46,negative-to-zero,lexicase,FALSE,20,elitize_generation_data,16,10,0.104,NA
18,46,negative-to-zero,lexicase,FALSE,20,elitize_generation_data,17,8,0.091,NA
19,46,negative-to-zero,lexicase,FALSE,20,elitize_generation_data,18,8,0.11,NA
20,46,negative-to-zero,lexicase,FALSE,20,elitize_generation_data,19,6,0.107,NA
21,46,negative-to-zero,lexicase,FALSE,20,elitize_generation_data,20,6,0.126,NA
22,46,negative-to-zero,lexicase,FALSE,20,elitize_generation_data,21,6,0.119,NA
23,46,negative-to-zero,lexicase,FALSE,20,elitize_generation_data,22,5,0.137,NA
24,46,negative-to-zero,lexicase,FALSE,20,elitize_generation_data,23,4,0.119,NA
25,46,negative-to-zero,lexicase,FALSE,20,elitize_generation_data,24,6,0.129,NA
26,46,negative-to-zero,lexicase,FALSE,20,elitize_generation_data,25,6,0.133,NA
27,46,negative-to-zero,lexicase,FALSE,20,elitize_generation_data,26,5,0.156,NA
28,46,negative-to-zero,lexicase,FALSE,20,elitize_generation_data,27,5,0.171,NA
29,46,negative-to-zero,lexicase,FALSE,20,elitize_generation_data,28,4,0.194,NA
30,46,negative-to-zero,lexicase,FALSE,20,elitize_generation_data,29,3,0.229,NA
31,46,negative-to-zero,lexicase,FALSE,20,elitize_generation_data,30,3,0.26,NA
32,46,negative-to-zero,lexicase,FALSE,20,elitize_generation_data,31,3,0.314,NA
33,46,negative-to-zero,lexicase,FALSE,20,elitize_generation_data,32,4,0.332,NA
34,46,negative-to-zero,lexicase,FALSE,20,elitize_generation_data,33,4,0.345,NA
35,46,negative-to-zero,lexicase,FALSE,20,elitize_generation_data,34,4,0.415,NA
36,46,negative-to-zero,lexicase,FALSE,20,elitize_generation_data,35,3,0.417,NA
37,46,negative-to-zero,lexicase,FALSE,20,elitize_generation_data,36,5,0.404,NA
38,46,negative-to-zero,lexicase,FALSE,20,elitize_generation_data,37,5,0.468,NA
39,46,negative-to-zero,lexicase,FALSE,20,elitize_generation_data,38,2,0.521,NA
40,46,negative-to-zero,lexicase,FALSE,20,elitize_generation_data,39,5,0.555,NA
41,46,negative-to-zero,lexicase,FALSE,20,elitize_generation_data,40,8,0.59,NA
42,46,negative-to-zero,lexicase,FALSE,20,elitize_generation_data,41,4,0.582,NA
43,46,negative-to-zero,lexicase,FALSE,20,elitize_generation_data,42,2,0.589,NA
44,46,negative-to-zero,lexicase,FALSE,20,elitize_generation_data,43,4,0.633,NA
45,46,negative-to-zero,lexicase,FALSE,20,elitize_generation_data,44,2,0.609,NA
46,46,negative-to-zero,lexicase,FALSE,20,elitize_generation_data,45,5,0.622,NA
47,46,negative-to-zero,lexicase,FALSE,20,elitize_generation_data,46,5,0.61,NA
48,46,negative-to-zero,lexicase,FALSE,20,elitize_generation_data,47,3,0.64,NA
49,46,negative-to-zero,lexicase,FALSE,20,elitize_generation_data,48,3,0.64,NA
50,46,negative-to-zero,lexicase,FALSE,20,elitize_generation_data,49,3,0.628,NA
51,46,negative-to-zero,lexicase,FALSE,20,elitize_generation_data,50,4,0.636,NA
52,46,negative-to-zero,lexicase,FALSE,20,elitize_generation_data,51,4,0.615,NA
53,46,negative-to-zero,lexicase,FALSE,20,elitize_generation_data,52,3,0.625,NA
54,46,negative-to-zero,lexicase,FALSE,20,elitize_generation_data,53,5,0.638,NA
55,46,negative-to-zero,lexicase,FALSE,20,elitize_generation_data,54,5,0.64,NA
56,46,negative-to-zero,lexicase,FALSE,20,elitize_generation_data,55,3,0.62,NA
57,46,negative-to-zero,lexicase,FALSE,20,elitize_generation_data,56,3,0.638,NA
58,46,negative-to-zero,lexicase,FALSE,20,elitize_generation_data,57,2,0.65,NA
59,46,negative-to-zero,lexicase,FALSE,20,elitize_generation_data,58,3,0.654,NA
60,46,negative-to-zero,lexicase,FALSE,20,elitize_generation_data,59,3,0.653,NA
61,46,negative-to-zero,lexicase,FALSE,20,elitize_generation_data,60,3,0.628,NA
62,46,negative-to-zero,lexicase,FALSE,20,elitize_generation_data,61,4,0.626,NA
63,46,negative-to-zero,lexicase,FALSE,20,elitize_generation_data,62,2,0.622,NA
64,46,negative-to-zero,lexicase,FALSE,20,elitize_generation_data,63,2,0.63,NA
65,46,negative-to-zero,lexicase,FALSE,20,elitize_generation_data,64,2,0.655,NA
66,46,negative-to-zero,lexicase,FALSE,20,elitize_generation_data,65,3,0.668,NA
67,46,negative-to-zero,lexicase,FALSE,20,elitize_generation_data,66,2,0.635,NA
68,46,negative-to-zero,lexicase,FALSE,20,elitize_generation_data,67,2,0.636,NA
69,46,negative-to-zero,lexicase,FALSE,20,elitize_generation_data,68,2,0.641,NA
70,46,negative-to-zero,lexicase,FALSE,20,elitize_generation_data,69,2,0.623,NA
71,46,negative-to-zero,lexicase,FALSE,20,elitize_generation_data,70,4,0.649,NA
72,46,negative-to-zero,lexicase,FALSE,20,elitize_generation_data,71,2,0.671,NA
73,46,negative-to-zero,lexicase,FALSE,20,elitize_generation_data,72,3,0.635,NA
74,46,negative-to-zero,lexicase,FALSE,20,elitize_generation_data,73,2,0.642,NA
75,46,negative-to-zero,lexicase,FALSE,20,elitize_generation_data,74,3,0.624,NA
76,46,negative-to-zero,lexicase,FALSE,20,elitize_generation_data,75,3,0.654,NA
77,46,negative-to-zero,lexicase,FALSE,20,elitize_generation_data,76,4,0.674,NA
78,46,negative-to-zero,lexicase,FALSE,20,elitize_generation_data,77,2,0.662,NA
79,46,negative-to-zero,lexicase,FALSE,20,elitize_generation_data,78,2,0.642,NA
80,46,negative-to-zero,lexicase,FALSE,20,elitize_generation_data,79,4,0.664,NA
81,46,negative-to-zero,lexicase,FALSE,20,elitize_generation_data,80,4,0.655,NA
82,46,negative-to-zero,lexicase,FALSE,20,elitize_generation_data,81,4,0.685,NA
83,46,negative-to-zero,lexicase,FALSE,20,elitize_generation_data,82,5,0.662,NA
84,46,negative-to-zero,lexicase,FALSE,20,elitize_generation_data,83,3,0.684,NA
85,46,negative-to-zero,lexicase,FALSE,20,elitize_generation_data,84,4,0.687,NA
86,46,negative-to-zero,lexicase,FALSE,20,elitize_generation_data,85,4,0.682,NA
87,46,negative-to-zero,lexicase,FALSE,20,elitize_generation_data,86,4,0.655,NA
88,46,negative-to-zero,lexicase,FALSE,20,elitize_generation_data,87,4,0.678,NA
89,46,negative-to-zero,lexicase,FALSE,20,elitize_generation_data,88,5,0.686,NA
90,46,negative-to-zero,lexicase,FALSE,20,elitize_generation_data,89,5,0.695,NA
91,46,negative-to-zero,lexicase,FALSE,20,elitize_generation_data,90,5,0.704,NA
92,46,negative-to-zero,lexicase,FALSE,20,elitize_generation_data,91,6,0.671,NA
93,46,negative-to-zero,lexicase,FALSE,20,elitize_generation_data,92,5,0.7,NA
94,46,negative-to-zero,lexicase,FALSE,20,elitize_generation_data,93,4,0.711,NA
95,46,negative-to-zero,lexicase,FALSE,20,elitize_generation_data,94,5,0.702,NA
96,46,negative-to-zero,lexicase,FALSE,20,elitize_generation_data,95,5,0.702,NA
97,46,negative-to-zero,lexicase,FALSE,20,elitize_generation_data,96,6,0.689,NA
98,46,negative-to-zero,lexicase,FALSE,20,elitize_generation_data,97,3,0.693,NA
99,46,negative-to-zero,lexicase,FALSE,20,elitize_generation_data,98,6,0.712,NA
100,46,negative-to-zero,lexicase,FALSE,20,elitize_generation_data,99,4,0.689,NA
101,46,negative-to-zero,lexicase,FALSE,20,elitize_generation_data,100,7,0.713,NA
102,46,negative-to-zero,lexicase,FALSE,20,elitize_generation_data,101,3,0.7,NA
103,46,negative-to-zero,lexicase,FALSE,20,elitize_generation_data,102,3,0.694,NA
104,46,negative-to-zero,lexicase,FALSE,20,elitize_generation_data,103,3,0.714,NA
105,46,negative-to-zero,lexicase,FALSE,20,elitize_generation_data,104,5,0.687,NA
106,46,negative-to-zero,lexicase,FALSE,20,elitize_generation_data,105,8,0.71,NA
107,46,negative-to-zero,lexicase,FALSE,20,elitize_generation_data,106,6,0.711,NA
108,46,negative-to-zero,lexicase,FALSE,20,elitize_generation_data,107,6,0.728,NA
109,46,negative-to-zero,lexicase,FALSE,20,elitize_generation_data,108,8,0.726,NA
110,46,negative-to-zero,lexicase,FALSE,20,elitize_generation_data,109,7,0.712,NA
111,46,negative-to-zero,lexicase,FALSE,20,elitize_generation_data,110,7,0.717,NA
112,46,negative-to-zero,lexicase,FALSE,20,elitize_generation_data,111,7,0.709,NA
113,46,negative-to-zero,lexicase,FALSE,20,elitize_generation_data,112,8,0.734,NA
114,46,negative-to-zero,lexicase,FALSE,20,elitize_generation_data,113,6,0.766,NA
115,46,negative-to-zero,lexicase,FALSE,20,elitize_generation_data,114,5,0.746,NA
116,46,negative-to-zero,lexicase,FALSE,20,elitize_generation_data,115,4,0.726,NA
117,46,negative-to-zero,lexicase,FALSE,20,elitize_generation_data,116,3,0.736,NA
118,46,negative-to-zero,lexicase,FALSE,20,elitize_generation_data,117,4,0.736,NA
119,46,negative-to-zero,lexicase,FALSE,20,elitize_generation_data,118,6,0.725,NA
120,46,negative-to-zero,lexicase,FALSE,20,elitize_generation_data,119,6,0.736,NA
121,46,negative-to-zero,lexicase,FALSE,20,elitize_generation_data,120,7,0.738,NA
122,46,negative-to-zero,lexicase,FALSE,20,elitize_generation_data,121,9,0.764,NA
123,46,negative-to-zero,lexicase,FALSE,20,elitize_generation_data,122,6,0.758,NA
124,46,negative-to-zero,lexicase,FALSE,20,elitize_generation_data,123,7,0.778,NA
125,46,negative-to-zero,lexicase,FALSE,20,elitize_generation_data,124,7,0.757,NA
126,46,negative-to-zero,lexicase,FALSE,20,elitize_generation_data,125,6,0.779,NA
127,46,negative-to-zero,lexicase,FALSE,20,elitize_generation_data,126,6,0.777,NA
128,46,negative-to-zero,lexicase,FALSE,20,elitize_generation_data,127,8,0.767,NA
129,46,negative-to-zero,lexicase,FALSE,20,elitize_generation_data,128,8,0.762,NA
130,46,negative-to-zero,lexicase,FALSE,20,elitize_generation_data,129,8,0.762,NA
131,46,negative-to-zero,lexicase,FALSE,20,elitize_generation_data,130,10,0.767,NA
132,46,negative-to-zero,lexicase,FALSE,20,elitize_generation_data,131,8,0.755,NA
133,46,negative-to-zero,lexicase,FALSE,20,elitize_generation_data,132,6,0.753,NA
134,46,negative-to-zero,lexicase,FALSE,20,elitize_generation_data,133,8,0.748,NA
135,46,negative-to-zero,lexicase,FALSE,20,elitize_generation_data,134,6,0.741,NA
136,46,negative-to-zero,lexicase,FALSE,20,elitize_generation_data,135,5,0.776,NA
137,46,negative-to-zero,lexicase,FALSE,20,elitize_generation_data,136,6,0.751,NA
138,46,negative-to-zero,lexicase,FALSE,20,elitize_generation_data,137,6,0.751,NA
139,46,negative-to-zero,lexicase,FALSE,20,elitize_generation_data,138,8,0.756,NA
140,46,negative-to-zero,lexicase,FALSE,20,elitize_generation_data,139,6,0.76,NA
141,46,negative-to-zero,lexicase,FALSE,20,elitize_generation_data,140,6,0.76,NA
142,46,negative-to-zero,lexicase,FALSE,20,elitize_generation_data,141,5,0.762,NA
143,46,negative-to-zero,lexicase,FALSE,20,elitize_generation_data,142,7,0.778,NA
144,46,negative-to-zero,lexicase,FALSE,20,elitize_generation_data,143,4,0.776,NA
145,46,negative-to-zero,lexicase,FALSE,20,elitize_generation_data,144,6,0.734,NA
146,46,negative-to-zero,lexicase,FALSE,20,elitize_generation_data,145,8,0.75,NA
147,46,negative-to-zero,lexicase,FALSE,20,elitize_generation_data,146,7,0.723,NA
148,46,negative-to-zero,lexicase,FALSE,20,elitize_generation_data,147,7,0.738,NA
149,46,negative-to-zero,lexicase,FALSE,20,elitize_generation_data,148,9,0.748,NA
150,46,negative-to-zero,lexicase,FALSE,20,elitize_generation_data,149,8,0.755,NA
151,46,negative-to-zero,lexicase,FALSE,20,elitize_generation_data,150,10,0.745,NA
152,46,negative-to-zero,lexicase,FALSE,20,elitize_generation_data,151,7,0.758,NA
153,46,negative-to-zero,lexicase,FALSE,20,elitize_generation_data,152,7,0.752,NA
154,46,negative-to-zero,lexicase,FALSE,20,elitize_generation_data,153,7,0.752,NA
155,46,negative-to-zero,lexicase,FALSE,20,elitize_generation_data,154,8,0.736,NA
156,46,negative-to-zero,lexicase,FALSE,20,elitize_generation_data,155,10,0.769,NA
157,46,negative-to-zero,lexicase,FALSE,20,elitize_generation_data,156,9,0.732,NA
158,46,negative-to-zero,lexicase,FALSE,20,elitize_generation_data,157,8,0.759,NA
159,46,negative-to-zero,lexicase,FALSE,20,elitize_generation_data,158,11,0.748,NA
160,46,negative-to-zero,lexicase,FALSE,20,elitize_generation_data,159,10,0.725,NA
161,46,negative-to-zero,lexicase,FALSE,20,elitize_generation_data,160,7,0.747,NA
162,46,negative-to-zero,lexicase,FALSE,20,elitize_generation_data,161,7,0.758,NA
163,46,negative-to-zero,lexicase,FALSE,20,elitize_generation_data,162,10,0.756,NA
164,46,negative-to-zero,lexicase,FALSE,20,elitize_generation_data,163,7,0.75,NA
165,46,negative-to-zero,lexicase,FALSE,20,elitize_generation_data,164,8,0.769,NA
166,46,negative-to-zero,lexicase,FALSE,20,elitize_generation_data,165,7,0.756,NA
167,46,negative-to-zero,lexicase,FALSE,20,elitize_generation_data,166,7,0.736,NA
168,46,negative-to-zero,lexicase,FALSE,20,elitize_generation_data,167,8,0.716,NA
169,46,negative-to-zero,lexicase,FALSE,20,elitize_generation_data,168,7,0.735,NA
170,46,negative-to-zero,lexicase,FALSE,20,elitize_generation_data,169,8,0.733,NA
171,46,negative-to-zero,lexicase,FALSE,20,elitize_generation_data,170,9,0.713,NA
172,46,negative-to-zero,lexicase,FALSE,20,elitize_generation_data,171,10,0.692,NA
173,46,negative-to-zero,lexicase,FALSE,20,elitize_generation_data,172,7,0.739,NA
174,46,negative-to-zero,lexicase,FALSE,20,elitize_generation_data,173,9,0.722,NA
175,46,negative-to-zero,lexicase,FALSE,20,elitize_generation_data,174,7,0.7,NA
176,46,negative-to-zero,lexicase,FALSE,20,elitize_generation_data,175,7,0.75,NA
177,46,negative-to-zero,lexicase,FALSE,20,elitize_generation_data,176,5,0.713,NA
178,46,negative-to-zero,lexicase,FALSE,20,elitize_generation_data,177,6,0.721,NA
179,46,negative-to-zero,lexicase,FALSE,20,elitize_generation_data,178,6,0.708,NA
180,46,negative-to-zero,lexicase,FALSE,20,elitize_generation_data,179,6,0.716,NA
181,46,negative-to-zero,lexicase,FALSE,20,elitize_generation_data,180,9,0.723,NA
182,46,negative-to-zero,lexicase,FALSE,20,elitize_generation_data,181,6,0.716,NA
183,46,negative-to-zero,lexicase,FALSE,20,elitize_generation_data,182,9,0.698,NA
184,46,negative-to-zero,lexicase,FALSE,20,elitize_generation_data,183,7,0.703,NA
185,46,negative-to-zero,lexicase,FALSE,20,elitize_generation_data,184,7,0.694,NA
186,46,negative-to-zero,lexicase,FALSE,20,elitize_generation_data,185,7,0.692,NA
187,46,negative-to-zero,lexicase,FALSE,20,elitize_generation_data,186,7,0.715,NA
188,46,negative-to-zero,lexicase,FALSE,20,elitize_generation_data,187,8,0.737,NA
189,46,negative-to-zero,lexicase,FALSE,20,elitize_generation_data,188,6,0.702,NA
190,46,negative-to-zero,lexicase,FALSE,20,elitize_generation_data,189,6,0.708,NA
191,46,negative-to-zero,lexicase,FALSE,20,elitize_generation_data,190,6,0.701,NA
192,46,negative-to-zero,lexicase,FALSE,20,elitize_generation_data,191,7,0.728,NA
193,46,negative-to-zero,lexicase,FALSE,20,elitize_generation_data,192,7,0.704,NA
194,46,negative-to-zero,lexicase,FALSE,20,elitize_generation_data,193,5,0.732,NA
195,46,negative-to-zero,lexicase,FALSE,20,elitize_generation_data,194,8,0.705,NA
196,46,negative-to-zero,lexicase,FALSE,20,elitize_generation_data,195,8,0.692,NA
197,46,negative-to-zero,lexicase,FALSE,20,elitize_generation_data,196,6,0.712,NA
198,46,negative-to-zero,lexicase,FALSE,20,elitize_generation_data,197,8,0.681,NA
199,46,negative-to-zero,lexicase,FALSE,20,elitize_generation_data,198,6,0.714,NA
200,46,negative-to-zero,lexicase,FALSE,20,elitize_generation_data,199,6,0.702,NA
201,46,negative-to-zero,lexicase,FALSE,20,elitize_generation_data,200,8,0.712,NA
202,46,negative-to-zero,lexicase,FALSE,20,elitize_generation_data,201,7,0.732,NA
203,46,negative-to-zero,lexicase,FALSE,20,elitize_generation_data,202,7,0.716,NA
204,46,negative-to-zero,lexicase,FALSE,20,elitize_generation_data,203,7,0.704,NA
205,46,negative-to-zero,lexicase,FALSE,20,elitize_generation_data,204,9,0.725,NA
206,46,negative-to-zero,lexicase,FALSE,20,elitize_generation_data,205,9,0.709,NA
207,46,negative-to-zero,lexicase,FALSE,20,elitize_generation_data,206,8,0.732,NA
208,46,negative-to-zero,lexicase,FALSE,20,elitize_generation_data,207,6,0.71,NA
209,46,negative-to-zero,lexicase,FALSE,20,elitize_generation_data,208,6,0.702,NA
210,46,negative-to-zero,lexicase,FALSE,20,elitize_generation_data,209,7,0.695,NA
211,46,negative-to-zero,lexicase,FALSE,20,elitize_generation_data,210,6,0.69,NA
212,46,negative-to-zero,lexicase,FALSE,20,elitize_generation_data,211,5,0.688,NA
213,46,negative-to-zero,lexicase,FALSE,20,elitize_generation_data,212,6,0.693,NA
214,46,negative-to-zero,lexicase,FALSE,20,elitize_generation_data,213,6,0.703,NA
215,46,negative-to-zero,lexicase,FALSE,20,elitize_generation_data,214,8,0.707,NA
216,46,negative-to-zero,lexicase,FALSE,20,elitize_generation_data,215,9,0.673,NA
217,46,negative-to-zero,lexicase,FALSE,20,elitize_generation_data,216,6,0.678,NA
218,46,negative-to-zero,lexicase,FALSE,20,elitize_generation_data,217,7,0.687,NA
219,46,negative-to-zero,lexicase,FALSE,20,elitize_generation_data,218,10,0.672,NA
220,46,negative-to-zero,lexicase,FALSE,20,elitize_generation_data,219,8,0.669,NA
221,46,negative-to-zero,lexicase,FALSE,20,elitize_generation_data,220,9,0.663,NA
222,46,negative-to-zero,lexicase,FALSE,20,elitize_generation_data,221,9,0.66,NA
223,46,negative-to-zero,lexicase,FALSE,20,elitize_generation_data,222,10,0.664,NA
224,46,negative-to-zero,lexicase,FALSE,20,elitize_generation_data,223,9,0.665,NA
225,46,negative-to-zero,lexicase,FALSE,20,elitize_generation_data,224,10,0.676,NA
226,46,negative-to-zero,lexicase,FALSE,20,elitize_generation_data,225,7,0.613,NA
227,46,negative-to-zero,lexicase,FALSE,20,elitize_generation_data,226,7,0.654,NA
228,46,negative-to-zero,lexicase,FALSE,20,elitize_generation_data,227,8,0.655,NA
229,46,negative-to-zero,lexicase,FALSE,20,elitize_generation_data,228,8,0.671,NA
230,46,negative-to-zero,lexicase,FALSE,20,elitize_generation_data,229,7,0.662,NA
231,46,negative-to-zero,lexicase,FALSE,20,elitize_generation_data,230,7,0.656,NA
232,46,negative-to-zero,lexicase,FALSE,20,elitize_generation_data,231,9,0.659,NA
233,46,negative-to-zero,lexicase,FALSE,20,elitize_generation_data,232,9,0.673,NA
234,46,negative-to-zero,lexicase,FALSE,20,elitize_generation_data,233,6,0.633,NA
235,46,negative-to-zero,lexicase,FALSE,20,elitize_generation_data,234,9,0.623,NA
236,46,negative-to-zero,lexicase,FALSE,20,elitize_generation_data,235,7,0.659,NA
237,46,negative-to-zero,lexicase,FALSE,20,elitize_generation_data,236,11,0.667,NA
238,46,negative-to-zero,lexicase,FALSE,20,elitize_generation_data,237,9,0.652,NA
239,46,negative-to-zero,lexicase,FALSE,20,elitize_generation_data,238,14,0.675,NA
240,46,negative-to-zero,lexicase,FALSE,20,elitize_generation_data,239,13,0.675,NA
241,46,negative-to-zero,lexicase,FALSE,20,elitize_generation_data,240,10,0.667,NA
242,46,negative-to-zero,lexicase,FALSE,20,elitize_generation_data,241,11,0.659,NA
243,46,negative-to-zero,lexicase,FALSE,20,elitize_generation_data,242,8,0.672,NA
244,46,negative-to-zero,lexicase,FALSE,20,elitize_generation_data,243,9,0.669,NA
245,46,negative-to-zero,lexicase,FALSE,20,elitize_generation_data,244,13,0.643,NA
246,46,negative-to-zero,lexicase,FALSE,20,elitize_generation_data,245,9,0.627,NA
247,46,negative-to-zero,lexicase,FALSE,20,elitize_generation_data,246,9,0.633,NA
248,46,negative-to-zero,lexicase,FALSE,20,elitize_generation_data,247,11,0.618,NA
249,46,negative-to-zero,lexicase,FALSE,20,elitize_generation_data,248,9,0.649,NA
250,46,negative-to-zero,lexicase,FALSE,20,elitize_generation_data,249,10,0.64,NA
251,46,negative-to-zero,lexicase,FALSE,20,elitize_generation_data,250,9,0.634,NA
252,46,negative-to-zero,lexicase,FALSE,20,elitize_generation_data,251,6,0.652,NA
253,46,negative-to-zero,lexicase,FALSE,20,elitize_generation_data,252,9,0.679,NA
254,46,negative-to-zero,lexicase,FALSE,20,elitize_generation_data,253,12,0.64,NA
255,46,negative-to-zero,lexicase,FALSE,20,elitize_generation_data,254,8,0.666,NA
256,46,negative-to-zero,lexicase,FALSE,20,elitize_generation_data,255,8,0.652,NA
257,46,negative-to-zero,lexicase,FALSE,20,elitize_generation_data,256,11,0.669,NA
258,46,negative-to-zero,lexicase,FALSE,20,elitize_generation_data,257,10,0.657,NA
259,46,negative-to-zero,lexicase,FALSE,20,elitize_generation_data,258,15,0.701,NA
260,46,negative-to-zero,lexicase,FALSE,20,elitize_generation_data,259,10,0.662,NA
261,46,negative-to-zero,lexicase,FALSE,20,elitize_generation_data,260,9,0.69,NA
262,46,negative-to-zero,lexicase,FALSE,20,elitize_generation_data,261,13,0.656,NA
263,46,negative-to-zero,lexicase,FALSE,20,elitize_generation_data,262,14,0.706,NA
264,46,negative-to-zero,lexicase,FALSE,20,elitize_generation_data,263,12,0.72,NA
265,46,negative-to-zero,lexicase,FALSE,20,elitize_generation_data,264,10,0.694,NA
266,46,negative-to-zero,lexicase,FALSE,20,elitize_generation_data,265,10,0.695,NA
267,46,negative-to-zero,lexicase,FALSE,20,elitize_generation_data,266,10,0.728,NA
268,46,negative-to-zero,lexicase,FALSE,20,elitize_generation_data,267,9,0.701,NA
269,46,negative-to-zero,lexicase,FALSE,20,elitize_generation_data,268,8,0.715,NA
270,46,negative-to-zero,lexicase,FALSE,20,elitize_generation_data,269,9,0.731,NA
271,46,negative-to-zero,lexicase,FALSE,20,elitize_generation_data,270,10,0.72,NA
272,46,negative-to-zero,lexicase,FALSE,20,elitize_generation_data,271,9,0.718,NA
273,46,negative-to-zero,lexicase,FALSE,20,elitize_generation_data,272,8,0.706,NA
274,46,negative-to-zero,lexicase,FALSE,20,elitize_generation_data,273,13,0.713,NA
275,46,negative-to-zero,lexicase,FALSE,20,elitize_generation_data,274,9,0.721,NA
276,46,negative-to-zero,lexicase,FALSE,20,elitize_generation_data,275,10,0.711,NA
277,46,negative-to-zero,lexicase,FALSE,20,elitize_generation_data,276,13,0.705,NA
278,46,negative-to-zero,lexicase,FALSE,20,elitize_generation_data,277,11,0.731,NA
279,46,negative-to-zero,lexicase,FALSE,20,elitize_generation_data,278,5,0.678,NA
280,46,negative-to-zero,lexicase,FALSE,20,elitize_generation_data,279,9,0.686,NA
281,46,negative-to-zero,lexicase,FALSE,20,elitize_generation_data,280,10,0.702,NA
282,46,negative-to-zero,lexicase,FALSE,20,elitize_generation_data,281,8,0.701,NA
283,46,negative-to-zero,lexicase,FALSE,20,elitize_generation_data,282,10,0.717,NA
284,46,negative-to-zero,lexicase,FALSE,20,elitize_generation_data,283,11,0.721,NA
285,46,negative-to-zero,lexicase,FALSE,20,elitize_generation_data,284,9,0.678,NA
286,46,negative-to-zero,lexicase,FALSE,20,elitize_generation_data,285,10,0.711,NA
287,46,negative-to-zero,lexicase,FALSE,20,elitize_generation_data,286,11,0.701,NA
288,46,negative-to-zero,lexicase,FALSE,20,elitize_generation_data,287,10,0.682,NA
289,46,negative-to-zero,lexicase,FALSE,20,elitize_generation_data,288,12,0.721,NA
290,46,negative-to-zero,lexicase,FALSE,20,elitize_generation_data,289,9,0.691,NA
291,46,negative-to-zero,lexicase,FALSE,20,elitize_generation_data,290,15,0.68,NA
292,46,negative-to-zero,lexicase,FALSE,20,elitize_generation_data,291,10,0.721,NA
293,46,negative-to-zero,lexicase,FALSE,20,elitize_generation_data,292,12,0.719,NA
294,46,negative-to-zero,lexicase,FALSE,20,elitize_generation_data,293,9,0.693,NA
295,46,negative-to-zero,lexicase,FALSE,20,elitize_generation_data,294,10,0.719,NA
296,46,negative-to-zero,lexicase,FALSE,20,elitize_generation_data,295,10,0.715,NA
297,46,negative-to-zero,lexicase,FALSE,20,elitize_generation_data,296,9,0.695,NA
298,46,negative-to-zero,lexicase,FALSE,20,elitize_generation_data,297,9,0.707,NA
299,46,negative-to-zero,lexicase,FALSE,20,elitize_generation_data,298,10,0.737,NA
300,46,negative-to-zero,lexicase,FALSE,20,elitize_generation_data,299,11,0.702,NA
301,46,negative-to-zero,lexicase,FALSE,20,elitize_generation_data,300,9,0.725,NA
