,run.num,problem,treatment,succeeded,height,normalization.function,generation,cluster.count,error.diversity,success.generation
1,89,negative-to-zero,lexicase,FALSE,20,elitize_generation_data,0,10,0.041,NA
2,89,negative-to-zero,lexicase,FALSE,20,elitize_generation_data,1,11,0.023,NA
3,89,negative-to-zero,lexicase,FALSE,20,elitize_generation_data,2,9,0.033,NA
4,89,negative-to-zero,lexicase,FALSE,20,elitize_generation_data,3,10,0.078,NA
5,89,negative-to-zero,lexicase,FALSE,20,elitize_generation_data,4,17,0.198,NA
6,89,negative-to-zero,lexicase,FALSE,20,elitize_generation_data,5,20,0.237,NA
7,89,negative-to-zero,lexicase,FALSE,20,elitize_generation_data,6,5,0.342,NA
8,89,negative-to-zero,lexicase,FALSE,20,elitize_generation_data,7,7,0.338,NA
9,89,negative-to-zero,lexicase,FALSE,20,elitize_generation_data,8,6,0.326,NA
10,89,negative-to-zero,lexicase,FALSE,20,elitize_generation_data,9,4,0.381,NA
11,89,negative-to-zero,lexicase,FALSE,20,elitize_generation_data,10,6,0.38,NA
12,89,negative-to-zero,lexicase,FALSE,20,elitize_generation_data,11,7,0.391,NA
13,89,negative-to-zero,lexicase,FALSE,20,elitize_generation_data,12,7,0.439,NA
14,89,negative-to-zero,lexicase,FALSE,20,elitize_generation_data,13,7,0.419,NA
15,89,negative-to-zero,lexicase,FALSE,20,elitize_generation_data,14,4,0.462,NA
16,89,negative-to-zero,lexicase,FALSE,20,elitize_generation_data,15,8,0.46,NA
17,89,negative-to-zero,lexicase,FALSE,20,elitize_generation_data,16,5,0.483,NA
18,89,negative-to-zero,lexicase,FALSE,20,elitize_generation_data,17,6,0.487,NA
19,89,negative-to-zero,lexicase,FALSE,20,elitize_generation_data,18,6,0.494,NA
20,89,negative-to-zero,lexicase,FALSE,20,elitize_generation_data,19,6,0.513,NA
21,89,negative-to-zero,lexicase,FALSE,20,elitize_generation_data,20,4,0.532,NA
22,89,negative-to-zero,lexicase,FALSE,20,elitize_generation_data,21,5,0.532,NA
23,89,negative-to-zero,lexicase,FALSE,20,elitize_generation_data,22,6,0.558,NA
24,89,negative-to-zero,lexicase,FALSE,20,elitize_generation_data,23,6,0.553,NA
25,89,negative-to-zero,lexicase,FALSE,20,elitize_generation_data,24,4,0.563,NA
26,89,negative-to-zero,lexicase,FALSE,20,elitize_generation_data,25,4,0.569,NA
27,89,negative-to-zero,lexicase,FALSE,20,elitize_generation_data,26,4,0.592,NA
28,89,negative-to-zero,lexicase,FALSE,20,elitize_generation_data,27,4,0.638,NA
29,89,negative-to-zero,lexicase,FALSE,20,elitize_generation_data,28,4,0.636,NA
30,89,negative-to-zero,lexicase,FALSE,20,elitize_generation_data,29,4,0.647,NA
31,89,negative-to-zero,lexicase,FALSE,20,elitize_generation_data,30,4,0.69,NA
32,89,negative-to-zero,lexicase,FALSE,20,elitize_generation_data,31,5,0.66,NA
33,89,negative-to-zero,lexicase,FALSE,20,elitize_generation_data,32,6,0.673,NA
34,89,negative-to-zero,lexicase,FALSE,20,elitize_generation_data,33,6,0.675,NA
35,89,negative-to-zero,lexicase,FALSE,20,elitize_generation_data,34,6,0.719,NA
36,89,negative-to-zero,lexicase,FALSE,20,elitize_generation_data,35,5,0.714,NA
37,89,negative-to-zero,lexicase,FALSE,20,elitize_generation_data,36,7,0.746,NA
38,89,negative-to-zero,lexicase,FALSE,20,elitize_generation_data,37,6,0.742,NA
39,89,negative-to-zero,lexicase,FALSE,20,elitize_generation_data,38,6,0.736,NA
40,89,negative-to-zero,lexicase,FALSE,20,elitize_generation_data,39,7,0.756,NA
41,89,negative-to-zero,lexicase,FALSE,20,elitize_generation_data,40,7,0.757,NA
42,89,negative-to-zero,lexicase,FALSE,20,elitize_generation_data,41,8,0.744,NA
43,89,negative-to-zero,lexicase,FALSE,20,elitize_generation_data,42,8,0.76,NA
44,89,negative-to-zero,lexicase,FALSE,20,elitize_generation_data,43,11,0.772,NA
45,89,negative-to-zero,lexicase,FALSE,20,elitize_generation_data,44,10,0.768,NA
46,89,negative-to-zero,lexicase,FALSE,20,elitize_generation_data,45,10,0.794,NA
47,89,negative-to-zero,lexicase,FALSE,20,elitize_generation_data,46,8,0.781,NA
48,89,negative-to-zero,lexicase,FALSE,20,elitize_generation_data,47,7,0.768,NA
49,89,negative-to-zero,lexicase,FALSE,20,elitize_generation_data,48,6,0.776,NA
50,89,negative-to-zero,lexicase,FALSE,20,elitize_generation_data,49,8,0.766,NA
51,89,negative-to-zero,lexicase,FALSE,20,elitize_generation_data,50,9,0.791,NA
52,89,negative-to-zero,lexicase,FALSE,20,elitize_generation_data,51,10,0.767,NA
53,89,negative-to-zero,lexicase,FALSE,20,elitize_generation_data,52,13,0.777,NA
54,89,negative-to-zero,lexicase,FALSE,20,elitize_generation_data,53,12,0.768,NA
55,89,negative-to-zero,lexicase,FALSE,20,elitize_generation_data,54,12,0.782,NA
56,89,negative-to-zero,lexicase,FALSE,20,elitize_generation_data,55,9,0.806,NA
57,89,negative-to-zero,lexicase,FALSE,20,elitize_generation_data,56,12,0.795,NA
58,89,negative-to-zero,lexicase,FALSE,20,elitize_generation_data,57,11,0.778,NA
59,89,negative-to-zero,lexicase,FALSE,20,elitize_generation_data,58,12,0.799,NA
60,89,negative-to-zero,lexicase,FALSE,20,elitize_generation_data,59,12,0.796,NA
61,89,negative-to-zero,lexicase,FALSE,20,elitize_generation_data,60,13,0.777,NA
62,89,negative-to-zero,lexicase,FALSE,20,elitize_generation_data,61,11,0.772,NA
63,89,negative-to-zero,lexicase,FALSE,20,elitize_generation_data,62,11,0.768,NA
64,89,negative-to-zero,lexicase,FALSE,20,elitize_generation_data,63,8,0.773,NA
65,89,negative-to-zero,lexicase,FALSE,20,elitize_generation_data,64,9,0.788,NA
66,89,negative-to-zero,lexicase,FALSE,20,elitize_generation_data,65,12,0.772,NA
67,89,negative-to-zero,lexicase,FALSE,20,elitize_generation_data,66,12,0.775,NA
68,89,negative-to-zero,lexicase,FALSE,20,elitize_generation_data,67,12,0.774,NA
69,89,negative-to-zero,lexicase,FALSE,20,elitize_generation_data,68,10,0.779,NA
70,89,negative-to-zero,lexicase,FALSE,20,elitize_generation_data,69,13,0.764,NA
71,89,negative-to-zero,lexicase,FALSE,20,elitize_generation_data,70,12,0.766,NA
72,89,negative-to-zero,lexicase,FALSE,20,elitize_generation_data,71,10,0.784,NA
73,89,negative-to-zero,lexicase,FALSE,20,elitize_generation_data,72,9,0.779,NA
74,89,negative-to-zero,lexicase,FALSE,20,elitize_generation_data,73,13,0.759,NA
75,89,negative-to-zero,lexicase,FALSE,20,elitize_generation_data,74,9,0.753,NA
76,89,negative-to-zero,lexicase,FALSE,20,elitize_generation_data,75,11,0.767,NA
77,89,negative-to-zero,lexicase,FALSE,20,elitize_generation_data,76,12,0.765,NA
78,89,negative-to-zero,lexicase,FALSE,20,elitize_generation_data,77,14,0.774,NA
79,89,negative-to-zero,lexicase,FALSE,20,elitize_generation_data,78,18,0.78,NA
80,89,negative-to-zero,lexicase,FALSE,20,elitize_generation_data,79,23,0.774,NA
81,89,negative-to-zero,lexicase,FALSE,20,elitize_generation_data,80,36,0.767,NA
82,89,negative-to-zero,lexicase,FALSE,20,elitize_generation_data,81,45,0.747,NA
83,89,negative-to-zero,lexicase,FALSE,20,elitize_generation_data,82,55,0.758,NA
84,89,negative-to-zero,lexicase,FALSE,20,elitize_generation_data,83,49,0.786,NA
85,89,negative-to-zero,lexicase,FALSE,20,elitize_generation_data,84,82,0.786,NA
86,89,negative-to-zero,lexicase,FALSE,20,elitize_generation_data,85,98,0.788,NA
87,89,negative-to-zero,lexicase,FALSE,20,elitize_generation_data,86,100,0.755,NA
88,89,negative-to-zero,lexicase,FALSE,20,elitize_generation_data,87,110,0.792,NA
89,89,negative-to-zero,lexicase,FALSE,20,elitize_generation_data,88,87,0.758,NA
90,89,negative-to-zero,lexicase,FALSE,20,elitize_generation_data,89,116,0.778,NA
91,89,negative-to-zero,lexicase,FALSE,20,elitize_generation_data,90,125,0.797,NA
92,89,negative-to-zero,lexicase,FALSE,20,elitize_generation_data,91,104,0.844,NA
93,89,negative-to-zero,lexicase,FALSE,20,elitize_generation_data,92,102,0.793,NA
94,89,negative-to-zero,lexicase,FALSE,20,elitize_generation_data,93,98,0.782,NA
95,89,negative-to-zero,lexicase,FALSE,20,elitize_generation_data,94,90,0.796,NA
96,89,negative-to-zero,lexicase,FALSE,20,elitize_generation_data,95,76,0.786,NA
97,89,negative-to-zero,lexicase,FALSE,20,elitize_generation_data,96,84,0.8,NA
98,89,negative-to-zero,lexicase,FALSE,20,elitize_generation_data,97,73,0.819,NA
99,89,negative-to-zero,lexicase,FALSE,20,elitize_generation_data,98,65,0.797,NA
100,89,negative-to-zero,lexicase,FALSE,20,elitize_generation_data,99,79,0.792,NA
101,89,negative-to-zero,lexicase,FALSE,20,elitize_generation_data,100,82,0.805,NA
102,89,negative-to-zero,lexicase,FALSE,20,elitize_generation_data,101,76,0.829,NA
103,89,negative-to-zero,lexicase,FALSE,20,elitize_generation_data,102,79,0.823,NA
104,89,negative-to-zero,lexicase,FALSE,20,elitize_generation_data,103,75,0.835,NA
105,89,negative-to-zero,lexicase,FALSE,20,elitize_generation_data,104,58,0.82,NA
106,89,negative-to-zero,lexicase,FALSE,20,elitize_generation_data,105,62,0.788,NA
107,89,negative-to-zero,lexicase,FALSE,20,elitize_generation_data,106,77,0.792,NA
108,89,negative-to-zero,lexicase,FALSE,20,elitize_generation_data,107,65,0.81,NA
109,89,negative-to-zero,lexicase,FALSE,20,elitize_generation_data,108,56,0.834,NA
110,89,negative-to-zero,lexicase,FALSE,20,elitize_generation_data,109,78,0.82,NA
111,89,negative-to-zero,lexicase,FALSE,20,elitize_generation_data,110,68,0.824,NA
112,89,negative-to-zero,lexicase,FALSE,20,elitize_generation_data,111,66,0.824,NA
113,89,negative-to-zero,lexicase,FALSE,20,elitize_generation_data,112,45,0.815,NA
114,89,negative-to-zero,lexicase,FALSE,20,elitize_generation_data,113,49,0.835,NA
115,89,negative-to-zero,lexicase,FALSE,20,elitize_generation_data,114,40,0.816,NA
116,89,negative-to-zero,lexicase,FALSE,20,elitize_generation_data,115,55,0.804,NA
117,89,negative-to-zero,lexicase,FALSE,20,elitize_generation_data,116,61,0.84,NA
118,89,negative-to-zero,lexicase,FALSE,20,elitize_generation_data,117,64,0.818,NA
119,89,negative-to-zero,lexicase,FALSE,20,elitize_generation_data,118,53,0.836,NA
120,89,negative-to-zero,lexicase,FALSE,20,elitize_generation_data,119,53,0.828,NA
121,89,negative-to-zero,lexicase,FALSE,20,elitize_generation_data,120,45,0.818,NA
122,89,negative-to-zero,lexicase,FALSE,20,elitize_generation_data,121,44,0.807,NA
123,89,negative-to-zero,lexicase,FALSE,20,elitize_generation_data,122,47,0.828,NA
124,89,negative-to-zero,lexicase,FALSE,20,elitize_generation_data,123,48,0.811,NA
125,89,negative-to-zero,lexicase,FALSE,20,elitize_generation_data,124,41,0.829,NA
126,89,negative-to-zero,lexicase,FALSE,20,elitize_generation_data,125,38,0.821,NA
127,89,negative-to-zero,lexicase,FALSE,20,elitize_generation_data,126,43,0.805,NA
128,89,negative-to-zero,lexicase,FALSE,20,elitize_generation_data,127,45,0.822,NA
129,89,negative-to-zero,lexicase,FALSE,20,elitize_generation_data,128,42,0.797,NA
130,89,negative-to-zero,lexicase,FALSE,20,elitize_generation_data,129,35,0.826,NA
131,89,negative-to-zero,lexicase,FALSE,20,elitize_generation_data,130,32,0.825,NA
132,89,negative-to-zero,lexicase,FALSE,20,elitize_generation_data,131,26,0.804,NA
133,89,negative-to-zero,lexicase,FALSE,20,elitize_generation_data,132,33,0.814,NA
134,89,negative-to-zero,lexicase,FALSE,20,elitize_generation_data,133,28,0.808,NA
135,89,negative-to-zero,lexicase,FALSE,20,elitize_generation_data,134,27,0.773,NA
136,89,negative-to-zero,lexicase,FALSE,20,elitize_generation_data,135,18,0.811,NA
137,89,negative-to-zero,lexicase,FALSE,20,elitize_generation_data,136,25,0.81,NA
138,89,negative-to-zero,lexicase,FALSE,20,elitize_generation_data,137,31,0.815,NA
139,89,negative-to-zero,lexicase,FALSE,20,elitize_generation_data,138,42,0.803,NA
140,89,negative-to-zero,lexicase,FALSE,20,elitize_generation_data,139,45,0.779,NA
141,89,negative-to-zero,lexicase,FALSE,20,elitize_generation_data,140,26,0.77,NA
142,89,negative-to-zero,lexicase,FALSE,20,elitize_generation_data,141,20,0.785,NA
143,89,negative-to-zero,lexicase,FALSE,20,elitize_generation_data,142,34,0.803,NA
144,89,negative-to-zero,lexicase,FALSE,20,elitize_generation_data,143,29,0.786,NA
145,89,negative-to-zero,lexicase,FALSE,20,elitize_generation_data,144,29,0.768,NA
146,89,negative-to-zero,lexicase,FALSE,20,elitize_generation_data,145,23,0.806,NA
147,89,negative-to-zero,lexicase,FALSE,20,elitize_generation_data,146,21,0.818,NA
148,89,negative-to-zero,lexicase,FALSE,20,elitize_generation_data,147,20,0.796,NA
149,89,negative-to-zero,lexicase,FALSE,20,elitize_generation_data,148,18,0.79,NA
150,89,negative-to-zero,lexicase,FALSE,20,elitize_generation_data,149,21,0.804,NA
151,89,negative-to-zero,lexicase,FALSE,20,elitize_generation_data,150,17,0.779,NA
152,89,negative-to-zero,lexicase,FALSE,20,elitize_generation_data,151,30,0.803,NA
153,89,negative-to-zero,lexicase,FALSE,20,elitize_generation_data,152,21,0.775,NA
154,89,negative-to-zero,lexicase,FALSE,20,elitize_generation_data,153,13,0.776,NA
155,89,negative-to-zero,lexicase,FALSE,20,elitize_generation_data,154,16,0.793,NA
156,89,negative-to-zero,lexicase,FALSE,20,elitize_generation_data,155,16,0.791,NA
157,89,negative-to-zero,lexicase,FALSE,20,elitize_generation_data,156,19,0.788,NA
158,89,negative-to-zero,lexicase,FALSE,20,elitize_generation_data,157,20,0.821,NA
159,89,negative-to-zero,lexicase,FALSE,20,elitize_generation_data,158,18,0.764,NA
160,89,negative-to-zero,lexicase,FALSE,20,elitize_generation_data,159,23,0.796,NA
161,89,negative-to-zero,lexicase,FALSE,20,elitize_generation_data,160,25,0.813,NA
162,89,negative-to-zero,lexicase,FALSE,20,elitize_generation_data,161,26,0.778,NA
163,89,negative-to-zero,lexicase,FALSE,20,elitize_generation_data,162,25,0.782,NA
164,89,negative-to-zero,lexicase,FALSE,20,elitize_generation_data,163,24,0.802,NA
165,89,negative-to-zero,lexicase,FALSE,20,elitize_generation_data,164,23,0.802,NA
166,89,negative-to-zero,lexicase,FALSE,20,elitize_generation_data,165,27,0.808,NA
167,89,negative-to-zero,lexicase,FALSE,20,elitize_generation_data,166,31,0.788,NA
168,89,negative-to-zero,lexicase,FALSE,20,elitize_generation_data,167,27,0.787,NA
169,89,negative-to-zero,lexicase,FALSE,20,elitize_generation_data,168,32,0.807,NA
170,89,negative-to-zero,lexicase,FALSE,20,elitize_generation_data,169,33,0.801,NA
171,89,negative-to-zero,lexicase,FALSE,20,elitize_generation_data,170,28,0.8,NA
172,89,negative-to-zero,lexicase,FALSE,20,elitize_generation_data,171,27,0.81,NA
173,89,negative-to-zero,lexicase,FALSE,20,elitize_generation_data,172,28,0.803,NA
174,89,negative-to-zero,lexicase,FALSE,20,elitize_generation_data,173,25,0.794,NA
175,89,negative-to-zero,lexicase,FALSE,20,elitize_generation_data,174,24,0.836,NA
176,89,negative-to-zero,lexicase,FALSE,20,elitize_generation_data,175,25,0.815,NA
177,89,negative-to-zero,lexicase,FALSE,20,elitize_generation_data,176,26,0.82,NA
178,89,negative-to-zero,lexicase,FALSE,20,elitize_generation_data,177,21,0.848,NA
179,89,negative-to-zero,lexicase,FALSE,20,elitize_generation_data,178,26,0.788,NA
180,89,negative-to-zero,lexicase,FALSE,20,elitize_generation_data,179,17,0.806,NA
181,89,negative-to-zero,lexicase,FALSE,20,elitize_generation_data,180,18,0.804,NA
182,89,negative-to-zero,lexicase,FALSE,20,elitize_generation_data,181,9,0.83,NA
183,89,negative-to-zero,lexicase,FALSE,20,elitize_generation_data,182,15,0.776,NA
184,89,negative-to-zero,lexicase,FALSE,20,elitize_generation_data,183,15,0.81,NA
185,89,negative-to-zero,lexicase,FALSE,20,elitize_generation_data,184,16,0.787,NA
186,89,negative-to-zero,lexicase,FALSE,20,elitize_generation_data,185,21,0.782,NA
187,89,negative-to-zero,lexicase,FALSE,20,elitize_generation_data,186,32,0.77,NA
188,89,negative-to-zero,lexicase,FALSE,20,elitize_generation_data,187,41,0.752,NA
189,89,negative-to-zero,lexicase,FALSE,20,elitize_generation_data,188,54,0.756,NA
190,89,negative-to-zero,lexicase,FALSE,20,elitize_generation_data,189,59,0.741,NA
191,89,negative-to-zero,lexicase,FALSE,20,elitize_generation_data,190,55,0.788,NA
192,89,negative-to-zero,lexicase,FALSE,20,elitize_generation_data,191,62,0.786,NA
193,89,negative-to-zero,lexicase,FALSE,20,elitize_generation_data,192,57,0.798,NA
194,89,negative-to-zero,lexicase,FALSE,20,elitize_generation_data,193,59,0.799,NA
195,89,negative-to-zero,lexicase,FALSE,20,elitize_generation_data,194,59,0.772,NA
196,89,negative-to-zero,lexicase,FALSE,20,elitize_generation_data,195,70,0.853,NA
197,89,negative-to-zero,lexicase,FALSE,20,elitize_generation_data,196,89,0.793,NA
198,89,negative-to-zero,lexicase,FALSE,20,elitize_generation_data,197,92,0.807,NA
199,89,negative-to-zero,lexicase,FALSE,20,elitize_generation_data,198,84,0.786,NA
200,89,negative-to-zero,lexicase,FALSE,20,elitize_generation_data,199,90,0.752,NA
201,89,negative-to-zero,lexicase,FALSE,20,elitize_generation_data,200,84,0.758,NA
202,89,negative-to-zero,lexicase,FALSE,20,elitize_generation_data,201,98,0.746,NA
203,89,negative-to-zero,lexicase,FALSE,20,elitize_generation_data,202,95,0.764,NA
204,89,negative-to-zero,lexicase,FALSE,20,elitize_generation_data,203,98,0.769,NA
205,89,negative-to-zero,lexicase,FALSE,20,elitize_generation_data,204,95,0.791,NA
206,89,negative-to-zero,lexicase,FALSE,20,elitize_generation_data,205,101,0.796,NA
207,89,negative-to-zero,lexicase,FALSE,20,elitize_generation_data,206,108,0.773,NA
208,89,negative-to-zero,lexicase,FALSE,20,elitize_generation_data,207,112,0.782,NA
209,89,negative-to-zero,lexicase,FALSE,20,elitize_generation_data,208,127,0.81,NA
210,89,negative-to-zero,lexicase,FALSE,20,elitize_generation_data,209,121,0.785,NA
211,89,negative-to-zero,lexicase,FALSE,20,elitize_generation_data,210,138,0.78,NA
212,89,negative-to-zero,lexicase,FALSE,20,elitize_generation_data,211,129,0.779,NA
213,89,negative-to-zero,lexicase,FALSE,20,elitize_generation_data,212,127,0.76,NA
214,89,negative-to-zero,lexicase,FALSE,20,elitize_generation_data,213,132,0.778,NA
215,89,negative-to-zero,lexicase,FALSE,20,elitize_generation_data,214,130,0.77,NA
216,89,negative-to-zero,lexicase,FALSE,20,elitize_generation_data,215,123,0.764,NA
217,89,negative-to-zero,lexicase,FALSE,20,elitize_generation_data,216,122,0.773,NA
218,89,negative-to-zero,lexicase,FALSE,20,elitize_generation_data,217,125,0.778,NA
219,89,negative-to-zero,lexicase,FALSE,20,elitize_generation_data,218,117,0.801,NA
220,89,negative-to-zero,lexicase,FALSE,20,elitize_generation_data,219,107,0.799,NA
221,89,negative-to-zero,lexicase,FALSE,20,elitize_generation_data,220,128,0.785,NA
222,89,negative-to-zero,lexicase,FALSE,20,elitize_generation_data,221,132,0.835,NA
223,89,negative-to-zero,lexicase,FALSE,20,elitize_generation_data,222,131,0.788,NA
224,89,negative-to-zero,lexicase,FALSE,20,elitize_generation_data,223,129,0.788,NA
225,89,negative-to-zero,lexicase,FALSE,20,elitize_generation_data,224,128,0.815,NA
226,89,negative-to-zero,lexicase,FALSE,20,elitize_generation_data,225,127,0.782,NA
227,89,negative-to-zero,lexicase,FALSE,20,elitize_generation_data,226,110,0.782,NA
228,89,negative-to-zero,lexicase,FALSE,20,elitize_generation_data,227,114,0.782,NA
229,89,negative-to-zero,lexicase,FALSE,20,elitize_generation_data,228,118,0.789,NA
230,89,negative-to-zero,lexicase,FALSE,20,elitize_generation_data,229,125,0.747,NA
231,89,negative-to-zero,lexicase,FALSE,20,elitize_generation_data,230,112,0.788,NA
232,89,negative-to-zero,lexicase,FALSE,20,elitize_generation_data,231,122,0.764,NA
233,89,negative-to-zero,lexicase,FALSE,20,elitize_generation_data,232,105,0.769,NA
234,89,negative-to-zero,lexicase,FALSE,20,elitize_generation_data,233,122,0.779,NA
235,89,negative-to-zero,lexicase,FALSE,20,elitize_generation_data,234,127,0.798,NA
236,89,negative-to-zero,lexicase,FALSE,20,elitize_generation_data,235,132,0.786,NA
237,89,negative-to-zero,lexicase,FALSE,20,elitize_generation_data,236,120,0.78,NA
238,89,negative-to-zero,lexicase,FALSE,20,elitize_generation_data,237,106,0.753,NA
239,89,negative-to-zero,lexicase,FALSE,20,elitize_generation_data,238,123,0.778,NA
240,89,negative-to-zero,lexicase,FALSE,20,elitize_generation_data,239,111,0.768,NA
241,89,negative-to-zero,lexicase,FALSE,20,elitize_generation_data,240,116,0.74,NA
242,89,negative-to-zero,lexicase,FALSE,20,elitize_generation_data,241,121,0.761,NA
243,89,negative-to-zero,lexicase,FALSE,20,elitize_generation_data,242,121,0.763,NA
244,89,negative-to-zero,lexicase,FALSE,20,elitize_generation_data,243,140,0.781,NA
245,89,negative-to-zero,lexicase,FALSE,20,elitize_generation_data,244,125,0.766,NA
246,89,negative-to-zero,lexicase,FALSE,20,elitize_generation_data,245,115,0.769,NA
247,89,negative-to-zero,lexicase,FALSE,20,elitize_generation_data,246,115,0.75,NA
248,89,negative-to-zero,lexicase,FALSE,20,elitize_generation_data,247,136,0.752,NA
249,89,negative-to-zero,lexicase,FALSE,20,elitize_generation_data,248,129,0.777,NA
250,89,negative-to-zero,lexicase,FALSE,20,elitize_generation_data,249,124,0.756,NA
251,89,negative-to-zero,lexicase,FALSE,20,elitize_generation_data,250,123,0.776,NA
252,89,negative-to-zero,lexicase,FALSE,20,elitize_generation_data,251,126,0.793,NA
253,89,negative-to-zero,lexicase,FALSE,20,elitize_generation_data,252,131,0.783,NA
254,89,negative-to-zero,lexicase,FALSE,20,elitize_generation_data,253,140,0.81,NA
255,89,negative-to-zero,lexicase,FALSE,20,elitize_generation_data,254,128,0.837,NA
256,89,negative-to-zero,lexicase,FALSE,20,elitize_generation_data,255,118,0.786,NA
257,89,negative-to-zero,lexicase,FALSE,20,elitize_generation_data,256,135,0.801,NA
258,89,negative-to-zero,lexicase,FALSE,20,elitize_generation_data,257,126,0.781,NA
259,89,negative-to-zero,lexicase,FALSE,20,elitize_generation_data,258,129,0.811,NA
260,89,negative-to-zero,lexicase,FALSE,20,elitize_generation_data,259,129,0.795,NA
261,89,negative-to-zero,lexicase,FALSE,20,elitize_generation_data,260,127,0.796,NA
262,89,negative-to-zero,lexicase,FALSE,20,elitize_generation_data,261,128,0.796,NA
263,89,negative-to-zero,lexicase,FALSE,20,elitize_generation_data,262,121,0.805,NA
264,89,negative-to-zero,lexicase,FALSE,20,elitize_generation_data,263,131,0.82,NA
265,89,negative-to-zero,lexicase,FALSE,20,elitize_generation_data,264,126,0.82,NA
266,89,negative-to-zero,lexicase,FALSE,20,elitize_generation_data,265,143,0.824,NA
267,89,negative-to-zero,lexicase,FALSE,20,elitize_generation_data,266,142,0.826,NA
268,89,negative-to-zero,lexicase,FALSE,20,elitize_generation_data,267,138,0.82,NA
269,89,negative-to-zero,lexicase,FALSE,20,elitize_generation_data,268,128,0.818,NA
270,89,negative-to-zero,lexicase,FALSE,20,elitize_generation_data,269,134,0.84,NA
271,89,negative-to-zero,lexicase,FALSE,20,elitize_generation_data,270,133,0.812,NA
272,89,negative-to-zero,lexicase,FALSE,20,elitize_generation_data,271,148,0.841,NA
273,89,negative-to-zero,lexicase,FALSE,20,elitize_generation_data,272,139,0.824,NA
274,89,negative-to-zero,lexicase,FALSE,20,elitize_generation_data,273,145,0.828,NA
275,89,negative-to-zero,lexicase,FALSE,20,elitize_generation_data,274,129,0.809,NA
276,89,negative-to-zero,lexicase,FALSE,20,elitize_generation_data,275,133,0.823,NA
277,89,negative-to-zero,lexicase,FALSE,20,elitize_generation_data,276,140,0.817,NA
278,89,negative-to-zero,lexicase,FALSE,20,elitize_generation_data,277,139,0.827,NA
279,89,negative-to-zero,lexicase,FALSE,20,elitize_generation_data,278,123,0.816,NA
280,89,negative-to-zero,lexicase,FALSE,20,elitize_generation_data,279,126,0.799,NA
281,89,negative-to-zero,lexicase,FALSE,20,elitize_generation_data,280,128,0.821,NA
282,89,negative-to-zero,lexicase,FALSE,20,elitize_generation_data,281,138,0.809,NA
283,89,negative-to-zero,lexicase,FALSE,20,elitize_generation_data,282,136,0.829,NA
284,89,negative-to-zero,lexicase,FALSE,20,elitize_generation_data,283,137,0.818,NA
285,89,negative-to-zero,lexicase,FALSE,20,elitize_generation_data,284,124,0.815,NA
286,89,negative-to-zero,lexicase,FALSE,20,elitize_generation_data,285,138,0.825,NA
287,89,negative-to-zero,lexicase,FALSE,20,elitize_generation_data,286,133,0.831,NA
288,89,negative-to-zero,lexicase,FALSE,20,elitize_generation_data,287,148,0.818,NA
289,89,negative-to-zero,lexicase,FALSE,20,elitize_generation_data,288,138,0.821,NA
290,89,negative-to-zero,lexicase,FALSE,20,elitize_generation_data,289,133,0.826,NA
291,89,negative-to-zero,lexicase,FALSE,20,elitize_generation_data,290,143,0.813,NA
292,89,negative-to-zero,lexicase,FALSE,20,elitize_generation_data,291,139,0.821,NA
293,89,negative-to-zero,lexicase,FALSE,20,elitize_generation_data,292,122,0.806,NA
294,89,negative-to-zero,lexicase,FALSE,20,elitize_generation_data,293,131,0.815,NA
295,89,negative-to-zero,lexicase,FALSE,20,elitize_generation_data,294,133,0.793,NA
296,89,negative-to-zero,lexicase,FALSE,20,elitize_generation_data,295,130,0.782,NA
297,89,negative-to-zero,lexicase,FALSE,20,elitize_generation_data,296,134,0.814,NA
298,89,negative-to-zero,lexicase,FALSE,20,elitize_generation_data,297,140,0.802,NA
299,89,negative-to-zero,lexicase,FALSE,20,elitize_generation_data,298,134,0.827,NA
300,89,negative-to-zero,lexicase,FALSE,20,elitize_generation_data,299,139,0.828,NA
301,89,negative-to-zero,lexicase,FALSE,20,elitize_generation_data,300,131,0.8,NA
