,run.num,problem,treatment,succeeded,height,normalization.function,generation,cluster.count,error.diversity,success.generation
1,25,negative-to-zero,lexicase,FALSE,20,elitize_generation_data,0,10,0.038,NA
2,25,negative-to-zero,lexicase,FALSE,20,elitize_generation_data,1,8,0.036,NA
3,25,negative-to-zero,lexicase,FALSE,20,elitize_generation_data,2,7,0.032,NA
4,25,negative-to-zero,lexicase,FALSE,20,elitize_generation_data,3,36,0.056,NA
5,25,negative-to-zero,lexicase,FALSE,20,elitize_generation_data,4,53,0.079,NA
6,25,negative-to-zero,lexicase,FALSE,20,elitize_generation_data,5,59,0.127,NA
7,25,negative-to-zero,lexicase,FALSE,20,elitize_generation_data,6,31,0.179,NA
8,25,negative-to-zero,lexicase,FALSE,20,elitize_generation_data,7,34,0.195,NA
9,25,negative-to-zero,lexicase,FALSE,20,elitize_generation_data,8,45,0.274,NA
10,25,negative-to-zero,lexicase,FALSE,20,elitize_generation_data,9,13,0.323,NA
11,25,negative-to-zero,lexicase,FALSE,20,elitize_generation_data,10,9,0.431,NA
12,25,negative-to-zero,lexicase,FALSE,20,elitize_generation_data,11,6,0.414,NA
13,25,negative-to-zero,lexicase,FALSE,20,elitize_generation_data,12,7,0.392,NA
14,25,negative-to-zero,lexicase,FALSE,20,elitize_generation_data,13,9,0.398,NA
15,25,negative-to-zero,lexicase,FALSE,20,elitize_generation_data,14,9,0.402,NA
16,25,negative-to-zero,lexicase,FALSE,20,elitize_generation_data,15,13,0.404,NA
17,25,negative-to-zero,lexicase,FALSE,20,elitize_generation_data,16,22,0.434,NA
18,25,negative-to-zero,lexicase,FALSE,20,elitize_generation_data,17,25,0.469,NA
19,25,negative-to-zero,lexicase,FALSE,20,elitize_generation_data,18,41,0.495,NA
20,25,negative-to-zero,lexicase,FALSE,20,elitize_generation_data,19,46,0.49,NA
21,25,negative-to-zero,lexicase,FALSE,20,elitize_generation_data,20,53,0.498,NA
22,25,negative-to-zero,lexicase,FALSE,20,elitize_generation_data,21,63,0.521,NA
23,25,negative-to-zero,lexicase,FALSE,20,elitize_generation_data,22,70,0.509,NA
24,25,negative-to-zero,lexicase,FALSE,20,elitize_generation_data,23,66,0.496,NA
25,25,negative-to-zero,lexicase,FALSE,20,elitize_generation_data,24,71,0.5,NA
26,25,negative-to-zero,lexicase,FALSE,20,elitize_generation_data,25,49,0.525,NA
27,25,negative-to-zero,lexicase,FALSE,20,elitize_generation_data,26,50,0.518,NA
28,25,negative-to-zero,lexicase,FALSE,20,elitize_generation_data,27,42,0.511,NA
29,25,negative-to-zero,lexicase,FALSE,20,elitize_generation_data,28,37,0.505,NA
30,25,negative-to-zero,lexicase,FALSE,20,elitize_generation_data,29,39,0.52,NA
31,25,negative-to-zero,lexicase,FALSE,20,elitize_generation_data,30,34,0.487,NA
32,25,negative-to-zero,lexicase,FALSE,20,elitize_generation_data,31,38,0.541,NA
33,25,negative-to-zero,lexicase,FALSE,20,elitize_generation_data,32,38,0.49,NA
34,25,negative-to-zero,lexicase,FALSE,20,elitize_generation_data,33,33,0.524,NA
35,25,negative-to-zero,lexicase,FALSE,20,elitize_generation_data,34,30,0.522,NA
36,25,negative-to-zero,lexicase,FALSE,20,elitize_generation_data,35,30,0.533,NA
37,25,negative-to-zero,lexicase,FALSE,20,elitize_generation_data,36,29,0.541,NA
38,25,negative-to-zero,lexicase,FALSE,20,elitize_generation_data,37,30,0.539,NA
39,25,negative-to-zero,lexicase,FALSE,20,elitize_generation_data,38,26,0.57,NA
40,25,negative-to-zero,lexicase,FALSE,20,elitize_generation_data,39,26,0.549,NA
41,25,negative-to-zero,lexicase,FALSE,20,elitize_generation_data,40,25,0.548,NA
42,25,negative-to-zero,lexicase,FALSE,20,elitize_generation_data,41,29,0.558,NA
43,25,negative-to-zero,lexicase,FALSE,20,elitize_generation_data,42,24,0.584,NA
44,25,negative-to-zero,lexicase,FALSE,20,elitize_generation_data,43,17,0.567,NA
45,25,negative-to-zero,lexicase,FALSE,20,elitize_generation_data,44,19,0.576,NA
46,25,negative-to-zero,lexicase,FALSE,20,elitize_generation_data,45,16,0.57,NA
47,25,negative-to-zero,lexicase,FALSE,20,elitize_generation_data,46,14,0.59,NA
48,25,negative-to-zero,lexicase,FALSE,20,elitize_generation_data,47,14,0.561,NA
49,25,negative-to-zero,lexicase,FALSE,20,elitize_generation_data,48,16,0.58,NA
50,25,negative-to-zero,lexicase,FALSE,20,elitize_generation_data,49,10,0.559,NA
51,25,negative-to-zero,lexicase,FALSE,20,elitize_generation_data,50,10,0.567,NA
52,25,negative-to-zero,lexicase,FALSE,20,elitize_generation_data,51,10,0.561,NA
53,25,negative-to-zero,lexicase,FALSE,20,elitize_generation_data,52,9,0.547,NA
54,25,negative-to-zero,lexicase,FALSE,20,elitize_generation_data,53,9,0.561,NA
55,25,negative-to-zero,lexicase,FALSE,20,elitize_generation_data,54,8,0.568,NA
56,25,negative-to-zero,lexicase,FALSE,20,elitize_generation_data,55,11,0.548,NA
57,25,negative-to-zero,lexicase,FALSE,20,elitize_generation_data,56,10,0.577,NA
58,25,negative-to-zero,lexicase,FALSE,20,elitize_generation_data,57,7,0.569,NA
59,25,negative-to-zero,lexicase,FALSE,20,elitize_generation_data,58,10,0.547,NA
60,25,negative-to-zero,lexicase,FALSE,20,elitize_generation_data,59,10,0.564,NA
61,25,negative-to-zero,lexicase,FALSE,20,elitize_generation_data,60,7,0.548,NA
62,25,negative-to-zero,lexicase,FALSE,20,elitize_generation_data,61,6,0.529,NA
63,25,negative-to-zero,lexicase,FALSE,20,elitize_generation_data,62,8,0.538,NA
64,25,negative-to-zero,lexicase,FALSE,20,elitize_generation_data,63,10,0.522,NA
65,25,negative-to-zero,lexicase,FALSE,20,elitize_generation_data,64,6,0.533,NA
66,25,negative-to-zero,lexicase,FALSE,20,elitize_generation_data,65,7,0.533,NA
67,25,negative-to-zero,lexicase,FALSE,20,elitize_generation_data,66,6,0.541,NA
68,25,negative-to-zero,lexicase,FALSE,20,elitize_generation_data,67,9,0.537,NA
69,25,negative-to-zero,lexicase,FALSE,20,elitize_generation_data,68,7,0.528,NA
70,25,negative-to-zero,lexicase,FALSE,20,elitize_generation_data,69,8,0.559,NA
71,25,negative-to-zero,lexicase,FALSE,20,elitize_generation_data,70,6,0.516,NA
72,25,negative-to-zero,lexicase,FALSE,20,elitize_generation_data,71,8,0.53,NA
73,25,negative-to-zero,lexicase,FALSE,20,elitize_generation_data,72,9,0.525,NA
74,25,negative-to-zero,lexicase,FALSE,20,elitize_generation_data,73,9,0.528,NA
75,25,negative-to-zero,lexicase,FALSE,20,elitize_generation_data,74,15,0.548,NA
76,25,negative-to-zero,lexicase,FALSE,20,elitize_generation_data,75,16,0.536,NA
77,25,negative-to-zero,lexicase,FALSE,20,elitize_generation_data,76,13,0.546,NA
78,25,negative-to-zero,lexicase,FALSE,20,elitize_generation_data,77,9,0.557,NA
79,25,negative-to-zero,lexicase,FALSE,20,elitize_generation_data,78,12,0.56,NA
80,25,negative-to-zero,lexicase,FALSE,20,elitize_generation_data,79,12,0.568,NA
81,25,negative-to-zero,lexicase,FALSE,20,elitize_generation_data,80,11,0.57,NA
82,25,negative-to-zero,lexicase,FALSE,20,elitize_generation_data,81,10,0.589,NA
83,25,negative-to-zero,lexicase,FALSE,20,elitize_generation_data,82,20,0.582,NA
84,25,negative-to-zero,lexicase,FALSE,20,elitize_generation_data,83,12,0.57,NA
85,25,negative-to-zero,lexicase,FALSE,20,elitize_generation_data,84,16,0.573,NA
86,25,negative-to-zero,lexicase,FALSE,20,elitize_generation_data,85,11,0.57,NA
87,25,negative-to-zero,lexicase,FALSE,20,elitize_generation_data,86,12,0.576,NA
88,25,negative-to-zero,lexicase,FALSE,20,elitize_generation_data,87,13,0.592,NA
89,25,negative-to-zero,lexicase,FALSE,20,elitize_generation_data,88,12,0.593,NA
90,25,negative-to-zero,lexicase,FALSE,20,elitize_generation_data,89,9,0.633,NA
91,25,negative-to-zero,lexicase,FALSE,20,elitize_generation_data,90,13,0.636,NA
92,25,negative-to-zero,lexicase,FALSE,20,elitize_generation_data,91,11,0.62,NA
93,25,negative-to-zero,lexicase,FALSE,20,elitize_generation_data,92,14,0.63,NA
94,25,negative-to-zero,lexicase,FALSE,20,elitize_generation_data,93,13,0.658,NA
95,25,negative-to-zero,lexicase,FALSE,20,elitize_generation_data,94,11,0.67,NA
96,25,negative-to-zero,lexicase,FALSE,20,elitize_generation_data,95,16,0.634,NA
97,25,negative-to-zero,lexicase,FALSE,20,elitize_generation_data,96,17,0.65,NA
98,25,negative-to-zero,lexicase,FALSE,20,elitize_generation_data,97,12,0.642,NA
99,25,negative-to-zero,lexicase,FALSE,20,elitize_generation_data,98,13,0.633,NA
100,25,negative-to-zero,lexicase,FALSE,20,elitize_generation_data,99,14,0.669,NA
101,25,negative-to-zero,lexicase,FALSE,20,elitize_generation_data,100,11,0.66,NA
102,25,negative-to-zero,lexicase,FALSE,20,elitize_generation_data,101,11,0.619,NA
103,25,negative-to-zero,lexicase,FALSE,20,elitize_generation_data,102,8,0.65,NA
104,25,negative-to-zero,lexicase,FALSE,20,elitize_generation_data,103,9,0.67,NA
105,25,negative-to-zero,lexicase,FALSE,20,elitize_generation_data,104,10,0.68,NA
106,25,negative-to-zero,lexicase,FALSE,20,elitize_generation_data,105,11,0.645,NA
107,25,negative-to-zero,lexicase,FALSE,20,elitize_generation_data,106,11,0.645,NA
108,25,negative-to-zero,lexicase,FALSE,20,elitize_generation_data,107,8,0.661,NA
109,25,negative-to-zero,lexicase,FALSE,20,elitize_generation_data,108,9,0.648,NA
110,25,negative-to-zero,lexicase,FALSE,20,elitize_generation_data,109,12,0.658,NA
111,25,negative-to-zero,lexicase,FALSE,20,elitize_generation_data,110,11,0.638,NA
112,25,negative-to-zero,lexicase,FALSE,20,elitize_generation_data,111,14,0.653,NA
113,25,negative-to-zero,lexicase,FALSE,20,elitize_generation_data,112,19,0.676,NA
114,25,negative-to-zero,lexicase,FALSE,20,elitize_generation_data,113,14,0.674,NA
115,25,negative-to-zero,lexicase,FALSE,20,elitize_generation_data,114,13,0.621,NA
116,25,negative-to-zero,lexicase,FALSE,20,elitize_generation_data,115,12,0.627,NA
117,25,negative-to-zero,lexicase,FALSE,20,elitize_generation_data,116,11,0.646,NA
118,25,negative-to-zero,lexicase,FALSE,20,elitize_generation_data,117,10,0.666,NA
119,25,negative-to-zero,lexicase,FALSE,20,elitize_generation_data,118,11,0.662,NA
120,25,negative-to-zero,lexicase,FALSE,20,elitize_generation_data,119,10,0.649,NA
121,25,negative-to-zero,lexicase,FALSE,20,elitize_generation_data,120,15,0.672,NA
122,25,negative-to-zero,lexicase,FALSE,20,elitize_generation_data,121,13,0.651,NA
123,25,negative-to-zero,lexicase,FALSE,20,elitize_generation_data,122,12,0.642,NA
124,25,negative-to-zero,lexicase,FALSE,20,elitize_generation_data,123,14,0.637,NA
125,25,negative-to-zero,lexicase,FALSE,20,elitize_generation_data,124,11,0.668,NA
126,25,negative-to-zero,lexicase,FALSE,20,elitize_generation_data,125,15,0.672,NA
127,25,negative-to-zero,lexicase,FALSE,20,elitize_generation_data,126,17,0.647,NA
128,25,negative-to-zero,lexicase,FALSE,20,elitize_generation_data,127,12,0.644,NA
129,25,negative-to-zero,lexicase,FALSE,20,elitize_generation_data,128,15,0.625,NA
130,25,negative-to-zero,lexicase,FALSE,20,elitize_generation_data,129,11,0.643,NA
131,25,negative-to-zero,lexicase,FALSE,20,elitize_generation_data,130,10,0.644,NA
132,25,negative-to-zero,lexicase,FALSE,20,elitize_generation_data,131,12,0.654,NA
133,25,negative-to-zero,lexicase,FALSE,20,elitize_generation_data,132,13,0.648,NA
134,25,negative-to-zero,lexicase,FALSE,20,elitize_generation_data,133,15,0.669,NA
135,25,negative-to-zero,lexicase,FALSE,20,elitize_generation_data,134,10,0.673,NA
136,25,negative-to-zero,lexicase,FALSE,20,elitize_generation_data,135,12,0.644,NA
137,25,negative-to-zero,lexicase,FALSE,20,elitize_generation_data,136,13,0.666,NA
138,25,negative-to-zero,lexicase,FALSE,20,elitize_generation_data,137,13,0.67,NA
139,25,negative-to-zero,lexicase,FALSE,20,elitize_generation_data,138,13,0.676,NA
140,25,negative-to-zero,lexicase,FALSE,20,elitize_generation_data,139,16,0.692,NA
141,25,negative-to-zero,lexicase,FALSE,20,elitize_generation_data,140,16,0.676,NA
142,25,negative-to-zero,lexicase,FALSE,20,elitize_generation_data,141,10,0.656,NA
143,25,negative-to-zero,lexicase,FALSE,20,elitize_generation_data,142,12,0.666,NA
144,25,negative-to-zero,lexicase,FALSE,20,elitize_generation_data,143,18,0.692,NA
145,25,negative-to-zero,lexicase,FALSE,20,elitize_generation_data,144,13,0.65,NA
146,25,negative-to-zero,lexicase,FALSE,20,elitize_generation_data,145,13,0.665,NA
147,25,negative-to-zero,lexicase,FALSE,20,elitize_generation_data,146,14,0.696,NA
148,25,negative-to-zero,lexicase,FALSE,20,elitize_generation_data,147,11,0.701,NA
149,25,negative-to-zero,lexicase,FALSE,20,elitize_generation_data,148,13,0.695,NA
150,25,negative-to-zero,lexicase,FALSE,20,elitize_generation_data,149,12,0.723,NA
151,25,negative-to-zero,lexicase,FALSE,20,elitize_generation_data,150,10,0.708,NA
152,25,negative-to-zero,lexicase,FALSE,20,elitize_generation_data,151,10,0.712,NA
153,25,negative-to-zero,lexicase,FALSE,20,elitize_generation_data,152,11,0.701,NA
154,25,negative-to-zero,lexicase,FALSE,20,elitize_generation_data,153,12,0.705,NA
155,25,negative-to-zero,lexicase,FALSE,20,elitize_generation_data,154,13,0.712,NA
156,25,negative-to-zero,lexicase,FALSE,20,elitize_generation_data,155,11,0.721,NA
157,25,negative-to-zero,lexicase,FALSE,20,elitize_generation_data,156,10,0.734,NA
158,25,negative-to-zero,lexicase,FALSE,20,elitize_generation_data,157,9,0.708,NA
159,25,negative-to-zero,lexicase,FALSE,20,elitize_generation_data,158,10,0.729,NA
160,25,negative-to-zero,lexicase,FALSE,20,elitize_generation_data,159,9,0.748,NA
161,25,negative-to-zero,lexicase,FALSE,20,elitize_generation_data,160,11,0.74,NA
162,25,negative-to-zero,lexicase,FALSE,20,elitize_generation_data,161,15,0.693,NA
163,25,negative-to-zero,lexicase,FALSE,20,elitize_generation_data,162,14,0.721,NA
164,25,negative-to-zero,lexicase,FALSE,20,elitize_generation_data,163,15,0.693,NA
165,25,negative-to-zero,lexicase,FALSE,20,elitize_generation_data,164,13,0.661,NA
166,25,negative-to-zero,lexicase,FALSE,20,elitize_generation_data,165,10,0.673,NA
167,25,negative-to-zero,lexicase,FALSE,20,elitize_generation_data,166,11,0.661,NA
168,25,negative-to-zero,lexicase,FALSE,20,elitize_generation_data,167,11,0.662,NA
169,25,negative-to-zero,lexicase,FALSE,20,elitize_generation_data,168,13,0.652,NA
170,25,negative-to-zero,lexicase,FALSE,20,elitize_generation_data,169,13,0.674,NA
171,25,negative-to-zero,lexicase,FALSE,20,elitize_generation_data,170,12,0.696,NA
172,25,negative-to-zero,lexicase,FALSE,20,elitize_generation_data,171,14,0.664,NA
173,25,negative-to-zero,lexicase,FALSE,20,elitize_generation_data,172,17,0.691,NA
174,25,negative-to-zero,lexicase,FALSE,20,elitize_generation_data,173,16,0.716,NA
175,25,negative-to-zero,lexicase,FALSE,20,elitize_generation_data,174,16,0.677,NA
176,25,negative-to-zero,lexicase,FALSE,20,elitize_generation_data,175,13,0.689,NA
177,25,negative-to-zero,lexicase,FALSE,20,elitize_generation_data,176,17,0.684,NA
178,25,negative-to-zero,lexicase,FALSE,20,elitize_generation_data,177,14,0.708,NA
179,25,negative-to-zero,lexicase,FALSE,20,elitize_generation_data,178,15,0.682,NA
180,25,negative-to-zero,lexicase,FALSE,20,elitize_generation_data,179,18,0.678,NA
181,25,negative-to-zero,lexicase,FALSE,20,elitize_generation_data,180,21,0.692,NA
182,25,negative-to-zero,lexicase,FALSE,20,elitize_generation_data,181,39,0.712,NA
183,25,negative-to-zero,lexicase,FALSE,20,elitize_generation_data,182,72,0.709,NA
184,25,negative-to-zero,lexicase,FALSE,20,elitize_generation_data,183,92,0.608,NA
185,25,negative-to-zero,lexicase,FALSE,20,elitize_generation_data,184,65,0.537,NA
186,25,negative-to-zero,lexicase,FALSE,20,elitize_generation_data,185,56,0.547,NA
187,25,negative-to-zero,lexicase,FALSE,20,elitize_generation_data,186,70,0.547,NA
188,25,negative-to-zero,lexicase,FALSE,20,elitize_generation_data,187,77,0.55,NA
189,25,negative-to-zero,lexicase,FALSE,20,elitize_generation_data,188,78,0.552,NA
190,25,negative-to-zero,lexicase,FALSE,20,elitize_generation_data,189,97,0.564,NA
191,25,negative-to-zero,lexicase,FALSE,20,elitize_generation_data,190,116,0.577,NA
192,25,negative-to-zero,lexicase,FALSE,20,elitize_generation_data,191,111,0.619,NA
193,25,negative-to-zero,lexicase,FALSE,20,elitize_generation_data,192,131,0.64,NA
194,25,negative-to-zero,lexicase,FALSE,20,elitize_generation_data,193,129,0.687,NA
195,25,negative-to-zero,lexicase,FALSE,20,elitize_generation_data,194,140,0.683,NA
196,25,negative-to-zero,lexicase,FALSE,20,elitize_generation_data,195,127,0.672,NA
197,25,negative-to-zero,lexicase,FALSE,20,elitize_generation_data,196,150,0.731,NA
198,25,negative-to-zero,lexicase,FALSE,20,elitize_generation_data,197,131,0.696,NA
199,25,negative-to-zero,lexicase,FALSE,20,elitize_generation_data,198,158,0.725,NA
200,25,negative-to-zero,lexicase,FALSE,20,elitize_generation_data,199,158,0.741,NA
201,25,negative-to-zero,lexicase,FALSE,20,elitize_generation_data,200,153,0.738,NA
202,25,negative-to-zero,lexicase,FALSE,20,elitize_generation_data,201,150,0.775,NA
203,25,negative-to-zero,lexicase,FALSE,20,elitize_generation_data,202,152,0.792,NA
204,25,negative-to-zero,lexicase,FALSE,20,elitize_generation_data,203,172,0.8,NA
205,25,negative-to-zero,lexicase,FALSE,20,elitize_generation_data,204,163,0.841,NA
206,25,negative-to-zero,lexicase,FALSE,20,elitize_generation_data,205,164,0.805,NA
207,25,negative-to-zero,lexicase,FALSE,20,elitize_generation_data,206,157,0.836,NA
208,25,negative-to-zero,lexicase,FALSE,20,elitize_generation_data,207,172,0.846,NA
209,25,negative-to-zero,lexicase,FALSE,20,elitize_generation_data,208,172,0.824,NA
210,25,negative-to-zero,lexicase,FALSE,20,elitize_generation_data,209,170,0.833,NA
211,25,negative-to-zero,lexicase,FALSE,20,elitize_generation_data,210,159,0.847,NA
212,25,negative-to-zero,lexicase,FALSE,20,elitize_generation_data,211,139,0.81,NA
213,25,negative-to-zero,lexicase,FALSE,20,elitize_generation_data,212,164,0.823,NA
214,25,negative-to-zero,lexicase,FALSE,20,elitize_generation_data,213,180,0.825,NA
215,25,negative-to-zero,lexicase,FALSE,20,elitize_generation_data,214,171,0.819,NA
216,25,negative-to-zero,lexicase,FALSE,20,elitize_generation_data,215,155,0.814,NA
217,25,negative-to-zero,lexicase,FALSE,20,elitize_generation_data,216,165,0.822,NA
218,25,negative-to-zero,lexicase,FALSE,20,elitize_generation_data,217,170,0.84,NA
219,25,negative-to-zero,lexicase,FALSE,20,elitize_generation_data,218,162,0.815,NA
220,25,negative-to-zero,lexicase,FALSE,20,elitize_generation_data,219,145,0.801,NA
221,25,negative-to-zero,lexicase,FALSE,20,elitize_generation_data,220,147,0.804,NA
222,25,negative-to-zero,lexicase,FALSE,20,elitize_generation_data,221,155,0.783,NA
223,25,negative-to-zero,lexicase,FALSE,20,elitize_generation_data,222,173,0.81,NA
224,25,negative-to-zero,lexicase,FALSE,20,elitize_generation_data,223,149,0.772,NA
225,25,negative-to-zero,lexicase,FALSE,20,elitize_generation_data,224,160,0.781,NA
226,25,negative-to-zero,lexicase,FALSE,20,elitize_generation_data,225,171,0.772,NA
227,25,negative-to-zero,lexicase,FALSE,20,elitize_generation_data,226,158,0.775,NA
228,25,negative-to-zero,lexicase,FALSE,20,elitize_generation_data,227,155,0.769,NA
229,25,negative-to-zero,lexicase,FALSE,20,elitize_generation_data,228,169,0.781,NA
230,25,negative-to-zero,lexicase,FALSE,20,elitize_generation_data,229,141,0.75,NA
231,25,negative-to-zero,lexicase,FALSE,20,elitize_generation_data,230,172,0.789,NA
232,25,negative-to-zero,lexicase,FALSE,20,elitize_generation_data,231,147,0.773,NA
233,25,negative-to-zero,lexicase,FALSE,20,elitize_generation_data,232,172,0.774,NA
234,25,negative-to-zero,lexicase,FALSE,20,elitize_generation_data,233,172,0.801,NA
235,25,negative-to-zero,lexicase,FALSE,20,elitize_generation_data,234,174,0.786,NA
236,25,negative-to-zero,lexicase,FALSE,20,elitize_generation_data,235,164,0.807,NA
237,25,negative-to-zero,lexicase,FALSE,20,elitize_generation_data,236,166,0.76,NA
238,25,negative-to-zero,lexicase,FALSE,20,elitize_generation_data,237,167,0.77,NA
239,25,negative-to-zero,lexicase,FALSE,20,elitize_generation_data,238,178,0.795,NA
240,25,negative-to-zero,lexicase,FALSE,20,elitize_generation_data,239,182,0.794,NA
241,25,negative-to-zero,lexicase,FALSE,20,elitize_generation_data,240,172,0.818,NA
242,25,negative-to-zero,lexicase,FALSE,20,elitize_generation_data,241,175,0.813,NA
243,25,negative-to-zero,lexicase,FALSE,20,elitize_generation_data,242,186,0.806,NA
244,25,negative-to-zero,lexicase,FALSE,20,elitize_generation_data,243,186,0.797,NA
245,25,negative-to-zero,lexicase,FALSE,20,elitize_generation_data,244,173,0.804,NA
246,25,negative-to-zero,lexicase,FALSE,20,elitize_generation_data,245,192,0.808,NA
247,25,negative-to-zero,lexicase,FALSE,20,elitize_generation_data,246,190,0.812,NA
248,25,negative-to-zero,lexicase,FALSE,20,elitize_generation_data,247,181,0.804,NA
249,25,negative-to-zero,lexicase,FALSE,20,elitize_generation_data,248,192,0.821,NA
250,25,negative-to-zero,lexicase,FALSE,20,elitize_generation_data,249,172,0.796,NA
251,25,negative-to-zero,lexicase,FALSE,20,elitize_generation_data,250,184,0.791,NA
252,25,negative-to-zero,lexicase,FALSE,20,elitize_generation_data,251,185,0.8,NA
253,25,negative-to-zero,lexicase,FALSE,20,elitize_generation_data,252,182,0.8,NA
254,25,negative-to-zero,lexicase,FALSE,20,elitize_generation_data,253,195,0.79,NA
255,25,negative-to-zero,lexicase,FALSE,20,elitize_generation_data,254,178,0.797,NA
256,25,negative-to-zero,lexicase,FALSE,20,elitize_generation_data,255,183,0.828,NA
257,25,negative-to-zero,lexicase,FALSE,20,elitize_generation_data,256,185,0.801,NA
258,25,negative-to-zero,lexicase,FALSE,20,elitize_generation_data,257,173,0.784,NA
259,25,negative-to-zero,lexicase,FALSE,20,elitize_generation_data,258,159,0.792,NA
260,25,negative-to-zero,lexicase,FALSE,20,elitize_generation_data,259,139,0.782,NA
261,25,negative-to-zero,lexicase,FALSE,20,elitize_generation_data,260,133,0.761,NA
262,25,negative-to-zero,lexicase,FALSE,20,elitize_generation_data,261,165,0.799,NA
263,25,negative-to-zero,lexicase,FALSE,20,elitize_generation_data,262,155,0.818,NA
264,25,negative-to-zero,lexicase,FALSE,20,elitize_generation_data,263,173,0.821,NA
265,25,negative-to-zero,lexicase,FALSE,20,elitize_generation_data,264,147,0.805,NA
266,25,negative-to-zero,lexicase,FALSE,20,elitize_generation_data,265,149,0.776,NA
267,25,negative-to-zero,lexicase,FALSE,20,elitize_generation_data,266,150,0.788,NA
268,25,negative-to-zero,lexicase,FALSE,20,elitize_generation_data,267,162,0.792,NA
269,25,negative-to-zero,lexicase,FALSE,20,elitize_generation_data,268,158,0.782,NA
270,25,negative-to-zero,lexicase,FALSE,20,elitize_generation_data,269,164,0.808,NA
271,25,negative-to-zero,lexicase,FALSE,20,elitize_generation_data,270,170,0.798,NA
272,25,negative-to-zero,lexicase,FALSE,20,elitize_generation_data,271,158,0.795,NA
273,25,negative-to-zero,lexicase,FALSE,20,elitize_generation_data,272,149,0.806,NA
274,25,negative-to-zero,lexicase,FALSE,20,elitize_generation_data,273,145,0.805,NA
275,25,negative-to-zero,lexicase,FALSE,20,elitize_generation_data,274,161,0.782,NA
276,25,negative-to-zero,lexicase,FALSE,20,elitize_generation_data,275,136,0.789,NA
277,25,negative-to-zero,lexicase,FALSE,20,elitize_generation_data,276,156,0.824,NA
278,25,negative-to-zero,lexicase,FALSE,20,elitize_generation_data,277,142,0.812,NA
279,25,negative-to-zero,lexicase,FALSE,20,elitize_generation_data,278,148,0.787,NA
280,25,negative-to-zero,lexicase,FALSE,20,elitize_generation_data,279,152,0.801,NA
281,25,negative-to-zero,lexicase,FALSE,20,elitize_generation_data,280,148,0.804,NA
282,25,negative-to-zero,lexicase,FALSE,20,elitize_generation_data,281,155,0.805,NA
283,25,negative-to-zero,lexicase,FALSE,20,elitize_generation_data,282,159,0.814,NA
284,25,negative-to-zero,lexicase,FALSE,20,elitize_generation_data,283,149,0.822,NA
285,25,negative-to-zero,lexicase,FALSE,20,elitize_generation_data,284,171,0.806,NA
286,25,negative-to-zero,lexicase,FALSE,20,elitize_generation_data,285,162,0.801,NA
287,25,negative-to-zero,lexicase,FALSE,20,elitize_generation_data,286,163,0.826,NA
288,25,negative-to-zero,lexicase,FALSE,20,elitize_generation_data,287,168,0.85,NA
289,25,negative-to-zero,lexicase,FALSE,20,elitize_generation_data,288,172,0.815,NA
290,25,negative-to-zero,lexicase,FALSE,20,elitize_generation_data,289,176,0.816,NA
291,25,negative-to-zero,lexicase,FALSE,20,elitize_generation_data,290,165,0.848,NA
292,25,negative-to-zero,lexicase,FALSE,20,elitize_generation_data,291,168,0.836,NA
293,25,negative-to-zero,lexicase,FALSE,20,elitize_generation_data,292,188,0.866,NA
294,25,negative-to-zero,lexicase,FALSE,20,elitize_generation_data,293,171,0.823,NA
295,25,negative-to-zero,lexicase,FALSE,20,elitize_generation_data,294,172,0.847,NA
296,25,negative-to-zero,lexicase,FALSE,20,elitize_generation_data,295,161,0.833,NA
297,25,negative-to-zero,lexicase,FALSE,20,elitize_generation_data,296,170,0.847,NA
298,25,negative-to-zero,lexicase,FALSE,20,elitize_generation_data,297,179,0.842,NA
299,25,negative-to-zero,lexicase,FALSE,20,elitize_generation_data,298,183,0.854,NA
300,25,negative-to-zero,lexicase,FALSE,20,elitize_generation_data,299,173,0.836,NA
301,25,negative-to-zero,lexicase,FALSE,20,elitize_generation_data,300,170,0.853,NA
