,run.num,problem,treatment,succeeded,height,normalization.function,generation,cluster.count,error.diversity,success.generation
1,2,negative-to-zero,lexicase,TRUE,20,elitize_generation_data,0,9,0.042,52
2,2,negative-to-zero,lexicase,TRUE,20,elitize_generation_data,1,9,0.046,52
3,2,negative-to-zero,lexicase,TRUE,20,elitize_generation_data,2,6,0.03,52
4,2,negative-to-zero,lexicase,TRUE,20,elitize_generation_data,3,6,0.036,52
5,2,negative-to-zero,lexicase,TRUE,20,elitize_generation_data,4,8,0.041,52
6,2,negative-to-zero,lexicase,TRUE,20,elitize_generation_data,5,7,0.043,52
7,2,negative-to-zero,lexicase,TRUE,20,elitize_generation_data,6,7,0.056,52
8,2,negative-to-zero,lexicase,TRUE,20,elitize_generation_data,7,7,0.065,52
9,2,negative-to-zero,lexicase,TRUE,20,elitize_generation_data,8,7,0.088,52
10,2,negative-to-zero,lexicase,TRUE,20,elitize_generation_data,9,10,0.1,52
11,2,negative-to-zero,lexicase,TRUE,20,elitize_generation_data,10,9,0.107,52
12,2,negative-to-zero,lexicase,TRUE,20,elitize_generation_data,11,13,0.122,52
13,2,negative-to-zero,lexicase,TRUE,20,elitize_generation_data,12,16,0.157,52
14,2,negative-to-zero,lexicase,TRUE,20,elitize_generation_data,13,13,0.237,52
15,2,negative-to-zero,lexicase,TRUE,20,elitize_generation_data,14,13,0.311,52
16,2,negative-to-zero,lexicase,TRUE,20,elitize_generation_data,15,14,0.358,52
17,2,negative-to-zero,lexicase,TRUE,20,elitize_generation_data,16,17,0.43,52
18,2,negative-to-zero,lexicase,TRUE,20,elitize_generation_data,17,19,0.411,52
19,2,negative-to-zero,lexicase,TRUE,20,elitize_generation_data,18,24,0.439,52
20,2,negative-to-zero,lexicase,TRUE,20,elitize_generation_data,19,22,0.449,52
21,2,negative-to-zero,lexicase,TRUE,20,elitize_generation_data,20,21,0.465,52
22,2,negative-to-zero,lexicase,TRUE,20,elitize_generation_data,21,18,0.473,52
23,2,negative-to-zero,lexicase,TRUE,20,elitize_generation_data,22,13,0.5,52
24,2,negative-to-zero,lexicase,TRUE,20,elitize_generation_data,23,18,0.538,52
25,2,negative-to-zero,lexicase,TRUE,20,elitize_generation_data,24,15,0.567,52
26,2,negative-to-zero,lexicase,TRUE,20,elitize_generation_data,25,17,0.608,52
27,2,negative-to-zero,lexicase,TRUE,20,elitize_generation_data,26,22,0.629,52
28,2,negative-to-zero,lexicase,TRUE,20,elitize_generation_data,27,20,0.643,52
29,2,negative-to-zero,lexicase,TRUE,20,elitize_generation_data,28,28,0.643,52
30,2,negative-to-zero,lexicase,TRUE,20,elitize_generation_data,29,27,0.657,52
31,2,negative-to-zero,lexicase,TRUE,20,elitize_generation_data,30,21,0.648,52
32,2,negative-to-zero,lexicase,TRUE,20,elitize_generation_data,31,24,0.655,52
33,2,negative-to-zero,lexicase,TRUE,20,elitize_generation_data,32,19,0.655,52
34,2,negative-to-zero,lexicase,TRUE,20,elitize_generation_data,33,23,0.686,52
35,2,negative-to-zero,lexicase,TRUE,20,elitize_generation_data,34,23,0.696,52
36,2,negative-to-zero,lexicase,TRUE,20,elitize_generation_data,35,23,0.674,52
37,2,negative-to-zero,lexicase,TRUE,20,elitize_generation_data,36,25,0.659,52
38,2,negative-to-zero,lexicase,TRUE,20,elitize_generation_data,37,20,0.653,52
39,2,negative-to-zero,lexicase,TRUE,20,elitize_generation_data,38,24,0.685,52
40,2,negative-to-zero,lexicase,TRUE,20,elitize_generation_data,39,23,0.676,52
41,2,negative-to-zero,lexicase,TRUE,20,elitize_generation_data,40,24,0.662,52
42,2,negative-to-zero,lexicase,TRUE,20,elitize_generation_data,41,25,0.72,52
43,2,negative-to-zero,lexicase,TRUE,20,elitize_generation_data,42,22,0.7,52
44,2,negative-to-zero,lexicase,TRUE,20,elitize_generation_data,43,19,0.693,52
45,2,negative-to-zero,lexicase,TRUE,20,elitize_generation_data,44,24,0.714,52
46,2,negative-to-zero,lexicase,TRUE,20,elitize_generation_data,45,22,0.729,52
47,2,negative-to-zero,lexicase,TRUE,20,elitize_generation_data,46,22,0.695,52
48,2,negative-to-zero,lexicase,TRUE,20,elitize_generation_data,47,19,0.697,52
49,2,negative-to-zero,lexicase,TRUE,20,elitize_generation_data,48,20,0.72,52
50,2,negative-to-zero,lexicase,TRUE,20,elitize_generation_data,49,20,0.747,52
51,2,negative-to-zero,lexicase,TRUE,20,elitize_generation_data,50,30,0.758,52
52,2,negative-to-zero,lexicase,TRUE,20,elitize_generation_data,51,95,0.66,52
53,2,negative-to-zero,lexicase,TRUE,20,elitize_generation_data,52,120,0.537,52
