,run.num,problem,treatment,succeeded,height,normalization.function,generation,cluster.count,error.diversity,success.generation
1,13,negative-to-zero,lexicase,FALSE,20,elitize_generation_data,0,13,0.043,NA
2,13,negative-to-zero,lexicase,FALSE,20,elitize_generation_data,1,7,0.027,NA
3,13,negative-to-zero,lexicase,FALSE,20,elitize_generation_data,2,7,0.024,NA
4,13,negative-to-zero,lexicase,FALSE,20,elitize_generation_data,3,11,0.028,NA
5,13,negative-to-zero,lexicase,FALSE,20,elitize_generation_data,4,10,0.023,NA
6,13,negative-to-zero,lexicase,FALSE,20,elitize_generation_data,5,6,0.023,NA
7,13,negative-to-zero,lexicase,FALSE,20,elitize_generation_data,6,6,0.036,NA
8,13,negative-to-zero,lexicase,FALSE,20,elitize_generation_data,7,8,0.052,NA
9,13,negative-to-zero,lexicase,FALSE,20,elitize_generation_data,8,12,0.064,NA
10,13,negative-to-zero,lexicase,FALSE,20,elitize_generation_data,9,14,0.069,NA
11,13,negative-to-zero,lexicase,FALSE,20,elitize_generation_data,10,16,0.083,NA
12,13,negative-to-zero,lexicase,FALSE,20,elitize_generation_data,11,12,0.105,NA
13,13,negative-to-zero,lexicase,FALSE,20,elitize_generation_data,12,13,0.146,NA
14,13,negative-to-zero,lexicase,FALSE,20,elitize_generation_data,13,8,0.176,NA
15,13,negative-to-zero,lexicase,FALSE,20,elitize_generation_data,14,7,0.207,NA
16,13,negative-to-zero,lexicase,FALSE,20,elitize_generation_data,15,7,0.237,NA
17,13,negative-to-zero,lexicase,FALSE,20,elitize_generation_data,16,4,0.275,NA
18,13,negative-to-zero,lexicase,FALSE,20,elitize_generation_data,17,6,0.264,NA
19,13,negative-to-zero,lexicase,FALSE,20,elitize_generation_data,18,4,0.302,NA
20,13,negative-to-zero,lexicase,FALSE,20,elitize_generation_data,19,7,0.327,NA
21,13,negative-to-zero,lexicase,FALSE,20,elitize_generation_data,20,3,0.341,NA
22,13,negative-to-zero,lexicase,FALSE,20,elitize_generation_data,21,4,0.359,NA
23,13,negative-to-zero,lexicase,FALSE,20,elitize_generation_data,22,5,0.339,NA
24,13,negative-to-zero,lexicase,FALSE,20,elitize_generation_data,23,7,0.332,NA
25,13,negative-to-zero,lexicase,FALSE,20,elitize_generation_data,24,10,0.352,NA
26,13,negative-to-zero,lexicase,FALSE,20,elitize_generation_data,25,18,0.385,NA
27,13,negative-to-zero,lexicase,FALSE,20,elitize_generation_data,26,18,0.416,NA
28,13,negative-to-zero,lexicase,FALSE,20,elitize_generation_data,27,11,0.467,NA
29,13,negative-to-zero,lexicase,FALSE,20,elitize_generation_data,28,11,0.511,NA
30,13,negative-to-zero,lexicase,FALSE,20,elitize_generation_data,29,12,0.504,NA
31,13,negative-to-zero,lexicase,FALSE,20,elitize_generation_data,30,16,0.515,NA
32,13,negative-to-zero,lexicase,FALSE,20,elitize_generation_data,31,14,0.553,NA
33,13,negative-to-zero,lexicase,FALSE,20,elitize_generation_data,32,16,0.576,NA
34,13,negative-to-zero,lexicase,FALSE,20,elitize_generation_data,33,6,0.602,NA
35,13,negative-to-zero,lexicase,FALSE,20,elitize_generation_data,34,11,0.614,NA
36,13,negative-to-zero,lexicase,FALSE,20,elitize_generation_data,35,16,0.656,NA
37,13,negative-to-zero,lexicase,FALSE,20,elitize_generation_data,36,21,0.749,NA
38,13,negative-to-zero,lexicase,FALSE,20,elitize_generation_data,37,19,0.741,NA
39,13,negative-to-zero,lexicase,FALSE,20,elitize_generation_data,38,25,0.79,NA
40,13,negative-to-zero,lexicase,FALSE,20,elitize_generation_data,39,26,0.776,NA
41,13,negative-to-zero,lexicase,FALSE,20,elitize_generation_data,40,31,0.803,NA
42,13,negative-to-zero,lexicase,FALSE,20,elitize_generation_data,41,37,0.809,NA
43,13,negative-to-zero,lexicase,FALSE,20,elitize_generation_data,42,47,0.828,NA
44,13,negative-to-zero,lexicase,FALSE,20,elitize_generation_data,43,52,0.823,NA
45,13,negative-to-zero,lexicase,FALSE,20,elitize_generation_data,44,53,0.814,NA
46,13,negative-to-zero,lexicase,FALSE,20,elitize_generation_data,45,53,0.829,NA
47,13,negative-to-zero,lexicase,FALSE,20,elitize_generation_data,46,52,0.831,NA
48,13,negative-to-zero,lexicase,FALSE,20,elitize_generation_data,47,56,0.833,NA
49,13,negative-to-zero,lexicase,FALSE,20,elitize_generation_data,48,61,0.83,NA
50,13,negative-to-zero,lexicase,FALSE,20,elitize_generation_data,49,61,0.837,NA
51,13,negative-to-zero,lexicase,FALSE,20,elitize_generation_data,50,66,0.841,NA
52,13,negative-to-zero,lexicase,FALSE,20,elitize_generation_data,51,59,0.851,NA
53,13,negative-to-zero,lexicase,FALSE,20,elitize_generation_data,52,61,0.825,NA
54,13,negative-to-zero,lexicase,FALSE,20,elitize_generation_data,53,61,0.83,NA
55,13,negative-to-zero,lexicase,FALSE,20,elitize_generation_data,54,59,0.813,NA
56,13,negative-to-zero,lexicase,FALSE,20,elitize_generation_data,55,65,0.83,NA
57,13,negative-to-zero,lexicase,FALSE,20,elitize_generation_data,56,32,0.824,NA
58,13,negative-to-zero,lexicase,FALSE,20,elitize_generation_data,57,34,0.79,NA
59,13,negative-to-zero,lexicase,FALSE,20,elitize_generation_data,58,33,0.815,NA
60,13,negative-to-zero,lexicase,FALSE,20,elitize_generation_data,59,37,0.81,NA
61,13,negative-to-zero,lexicase,FALSE,20,elitize_generation_data,60,38,0.821,NA
62,13,negative-to-zero,lexicase,FALSE,20,elitize_generation_data,61,47,0.791,NA
63,13,negative-to-zero,lexicase,FALSE,20,elitize_generation_data,62,53,0.798,NA
64,13,negative-to-zero,lexicase,FALSE,20,elitize_generation_data,63,54,0.801,NA
65,13,negative-to-zero,lexicase,FALSE,20,elitize_generation_data,64,52,0.801,NA
66,13,negative-to-zero,lexicase,FALSE,20,elitize_generation_data,65,51,0.806,NA
67,13,negative-to-zero,lexicase,FALSE,20,elitize_generation_data,66,46,0.817,NA
68,13,negative-to-zero,lexicase,FALSE,20,elitize_generation_data,67,58,0.807,NA
69,13,negative-to-zero,lexicase,FALSE,20,elitize_generation_data,68,57,0.798,NA
70,13,negative-to-zero,lexicase,FALSE,20,elitize_generation_data,69,56,0.835,NA
71,13,negative-to-zero,lexicase,FALSE,20,elitize_generation_data,70,61,0.8,NA
72,13,negative-to-zero,lexicase,FALSE,20,elitize_generation_data,71,59,0.81,NA
73,13,negative-to-zero,lexicase,FALSE,20,elitize_generation_data,72,50,0.821,NA
74,13,negative-to-zero,lexicase,FALSE,20,elitize_generation_data,73,60,0.838,NA
75,13,negative-to-zero,lexicase,FALSE,20,elitize_generation_data,74,69,0.857,NA
76,13,negative-to-zero,lexicase,FALSE,20,elitize_generation_data,75,70,0.837,NA
77,13,negative-to-zero,lexicase,FALSE,20,elitize_generation_data,76,83,0.87,NA
78,13,negative-to-zero,lexicase,FALSE,20,elitize_generation_data,77,89,0.835,NA
79,13,negative-to-zero,lexicase,FALSE,20,elitize_generation_data,78,94,0.827,NA
80,13,negative-to-zero,lexicase,FALSE,20,elitize_generation_data,79,97,0.83,NA
81,13,negative-to-zero,lexicase,FALSE,20,elitize_generation_data,80,93,0.821,NA
82,13,negative-to-zero,lexicase,FALSE,20,elitize_generation_data,81,87,0.814,NA
83,13,negative-to-zero,lexicase,FALSE,20,elitize_generation_data,82,96,0.814,NA
84,13,negative-to-zero,lexicase,FALSE,20,elitize_generation_data,83,97,0.804,NA
85,13,negative-to-zero,lexicase,FALSE,20,elitize_generation_data,84,96,0.791,NA
86,13,negative-to-zero,lexicase,FALSE,20,elitize_generation_data,85,96,0.808,NA
87,13,negative-to-zero,lexicase,FALSE,20,elitize_generation_data,86,93,0.803,NA
88,13,negative-to-zero,lexicase,FALSE,20,elitize_generation_data,87,89,0.831,NA
89,13,negative-to-zero,lexicase,FALSE,20,elitize_generation_data,88,87,0.797,NA
90,13,negative-to-zero,lexicase,FALSE,20,elitize_generation_data,89,88,0.801,NA
91,13,negative-to-zero,lexicase,FALSE,20,elitize_generation_data,90,85,0.811,NA
92,13,negative-to-zero,lexicase,FALSE,20,elitize_generation_data,91,83,0.81,NA
93,13,negative-to-zero,lexicase,FALSE,20,elitize_generation_data,92,87,0.834,NA
94,13,negative-to-zero,lexicase,FALSE,20,elitize_generation_data,93,84,0.817,NA
95,13,negative-to-zero,lexicase,FALSE,20,elitize_generation_data,94,84,0.798,NA
96,13,negative-to-zero,lexicase,FALSE,20,elitize_generation_data,95,78,0.811,NA
97,13,negative-to-zero,lexicase,FALSE,20,elitize_generation_data,96,78,0.794,NA
98,13,negative-to-zero,lexicase,FALSE,20,elitize_generation_data,97,74,0.799,NA
99,13,negative-to-zero,lexicase,FALSE,20,elitize_generation_data,98,70,0.803,NA
100,13,negative-to-zero,lexicase,FALSE,20,elitize_generation_data,99,86,0.807,NA
101,13,negative-to-zero,lexicase,FALSE,20,elitize_generation_data,100,87,0.825,NA
102,13,negative-to-zero,lexicase,FALSE,20,elitize_generation_data,101,90,0.805,NA
103,13,negative-to-zero,lexicase,FALSE,20,elitize_generation_data,102,94,0.835,NA
104,13,negative-to-zero,lexicase,FALSE,20,elitize_generation_data,103,86,0.822,NA
105,13,negative-to-zero,lexicase,FALSE,20,elitize_generation_data,104,84,0.808,NA
106,13,negative-to-zero,lexicase,FALSE,20,elitize_generation_data,105,84,0.839,NA
107,13,negative-to-zero,lexicase,FALSE,20,elitize_generation_data,106,95,0.813,NA
108,13,negative-to-zero,lexicase,FALSE,20,elitize_generation_data,107,89,0.81,NA
109,13,negative-to-zero,lexicase,FALSE,20,elitize_generation_data,108,77,0.807,NA
110,13,negative-to-zero,lexicase,FALSE,20,elitize_generation_data,109,85,0.82,NA
111,13,negative-to-zero,lexicase,FALSE,20,elitize_generation_data,110,77,0.808,NA
112,13,negative-to-zero,lexicase,FALSE,20,elitize_generation_data,111,82,0.794,NA
113,13,negative-to-zero,lexicase,FALSE,20,elitize_generation_data,112,80,0.784,NA
114,13,negative-to-zero,lexicase,FALSE,20,elitize_generation_data,113,79,0.821,NA
115,13,negative-to-zero,lexicase,FALSE,20,elitize_generation_data,114,91,0.842,NA
116,13,negative-to-zero,lexicase,FALSE,20,elitize_generation_data,115,88,0.823,NA
117,13,negative-to-zero,lexicase,FALSE,20,elitize_generation_data,116,75,0.814,NA
118,13,negative-to-zero,lexicase,FALSE,20,elitize_generation_data,117,78,0.807,NA
119,13,negative-to-zero,lexicase,FALSE,20,elitize_generation_data,118,93,0.818,NA
120,13,negative-to-zero,lexicase,FALSE,20,elitize_generation_data,119,82,0.814,NA
121,13,negative-to-zero,lexicase,FALSE,20,elitize_generation_data,120,76,0.807,NA
122,13,negative-to-zero,lexicase,FALSE,20,elitize_generation_data,121,85,0.812,NA
123,13,negative-to-zero,lexicase,FALSE,20,elitize_generation_data,122,85,0.835,NA
124,13,negative-to-zero,lexicase,FALSE,20,elitize_generation_data,123,86,0.801,NA
125,13,negative-to-zero,lexicase,FALSE,20,elitize_generation_data,124,84,0.812,NA
126,13,negative-to-zero,lexicase,FALSE,20,elitize_generation_data,125,91,0.813,NA
127,13,negative-to-zero,lexicase,FALSE,20,elitize_generation_data,126,94,0.801,NA
128,13,negative-to-zero,lexicase,FALSE,20,elitize_generation_data,127,93,0.811,NA
129,13,negative-to-zero,lexicase,FALSE,20,elitize_generation_data,128,91,0.815,NA
130,13,negative-to-zero,lexicase,FALSE,20,elitize_generation_data,129,87,0.812,NA
131,13,negative-to-zero,lexicase,FALSE,20,elitize_generation_data,130,86,0.825,NA
132,13,negative-to-zero,lexicase,FALSE,20,elitize_generation_data,131,113,0.82,NA
133,13,negative-to-zero,lexicase,FALSE,20,elitize_generation_data,132,90,0.855,NA
134,13,negative-to-zero,lexicase,FALSE,20,elitize_generation_data,133,90,0.793,NA
135,13,negative-to-zero,lexicase,FALSE,20,elitize_generation_data,134,106,0.815,NA
136,13,negative-to-zero,lexicase,FALSE,20,elitize_generation_data,135,95,0.799,NA
137,13,negative-to-zero,lexicase,FALSE,20,elitize_generation_data,136,109,0.821,NA
138,13,negative-to-zero,lexicase,FALSE,20,elitize_generation_data,137,84,0.813,NA
139,13,negative-to-zero,lexicase,FALSE,20,elitize_generation_data,138,93,0.828,NA
140,13,negative-to-zero,lexicase,FALSE,20,elitize_generation_data,139,88,0.805,NA
141,13,negative-to-zero,lexicase,FALSE,20,elitize_generation_data,140,95,0.812,NA
142,13,negative-to-zero,lexicase,FALSE,20,elitize_generation_data,141,94,0.806,NA
143,13,negative-to-zero,lexicase,FALSE,20,elitize_generation_data,142,92,0.822,NA
144,13,negative-to-zero,lexicase,FALSE,20,elitize_generation_data,143,98,0.815,NA
145,13,negative-to-zero,lexicase,FALSE,20,elitize_generation_data,144,85,0.809,NA
146,13,negative-to-zero,lexicase,FALSE,20,elitize_generation_data,145,101,0.801,NA
147,13,negative-to-zero,lexicase,FALSE,20,elitize_generation_data,146,100,0.823,NA
148,13,negative-to-zero,lexicase,FALSE,20,elitize_generation_data,147,92,0.79,NA
149,13,negative-to-zero,lexicase,FALSE,20,elitize_generation_data,148,90,0.79,NA
150,13,negative-to-zero,lexicase,FALSE,20,elitize_generation_data,149,91,0.795,NA
151,13,negative-to-zero,lexicase,FALSE,20,elitize_generation_data,150,97,0.779,NA
152,13,negative-to-zero,lexicase,FALSE,20,elitize_generation_data,151,98,0.8,NA
153,13,negative-to-zero,lexicase,FALSE,20,elitize_generation_data,152,80,0.797,NA
154,13,negative-to-zero,lexicase,FALSE,20,elitize_generation_data,153,90,0.775,NA
155,13,negative-to-zero,lexicase,FALSE,20,elitize_generation_data,154,79,0.776,NA
156,13,negative-to-zero,lexicase,FALSE,20,elitize_generation_data,155,80,0.789,NA
157,13,negative-to-zero,lexicase,FALSE,20,elitize_generation_data,156,87,0.776,NA
158,13,negative-to-zero,lexicase,FALSE,20,elitize_generation_data,157,91,0.763,NA
159,13,negative-to-zero,lexicase,FALSE,20,elitize_generation_data,158,82,0.795,NA
160,13,negative-to-zero,lexicase,FALSE,20,elitize_generation_data,159,91,0.795,NA
161,13,negative-to-zero,lexicase,FALSE,20,elitize_generation_data,160,77,0.783,NA
162,13,negative-to-zero,lexicase,FALSE,20,elitize_generation_data,161,78,0.805,NA
163,13,negative-to-zero,lexicase,FALSE,20,elitize_generation_data,162,93,0.786,NA
164,13,negative-to-zero,lexicase,FALSE,20,elitize_generation_data,163,97,0.8,NA
165,13,negative-to-zero,lexicase,FALSE,20,elitize_generation_data,164,95,0.789,NA
166,13,negative-to-zero,lexicase,FALSE,20,elitize_generation_data,165,95,0.786,NA
167,13,negative-to-zero,lexicase,FALSE,20,elitize_generation_data,166,85,0.768,NA
168,13,negative-to-zero,lexicase,FALSE,20,elitize_generation_data,167,90,0.793,NA
169,13,negative-to-zero,lexicase,FALSE,20,elitize_generation_data,168,90,0.764,NA
170,13,negative-to-zero,lexicase,FALSE,20,elitize_generation_data,169,102,0.764,NA
171,13,negative-to-zero,lexicase,FALSE,20,elitize_generation_data,170,90,0.765,NA
172,13,negative-to-zero,lexicase,FALSE,20,elitize_generation_data,171,93,0.774,NA
173,13,negative-to-zero,lexicase,FALSE,20,elitize_generation_data,172,86,0.767,NA
174,13,negative-to-zero,lexicase,FALSE,20,elitize_generation_data,173,102,0.768,NA
175,13,negative-to-zero,lexicase,FALSE,20,elitize_generation_data,174,93,0.74,NA
176,13,negative-to-zero,lexicase,FALSE,20,elitize_generation_data,175,96,0.777,NA
177,13,negative-to-zero,lexicase,FALSE,20,elitize_generation_data,176,103,0.777,NA
178,13,negative-to-zero,lexicase,FALSE,20,elitize_generation_data,177,99,0.771,NA
179,13,negative-to-zero,lexicase,FALSE,20,elitize_generation_data,178,94,0.755,NA
180,13,negative-to-zero,lexicase,FALSE,20,elitize_generation_data,179,85,0.751,NA
181,13,negative-to-zero,lexicase,FALSE,20,elitize_generation_data,180,98,0.74,NA
182,13,negative-to-zero,lexicase,FALSE,20,elitize_generation_data,181,93,0.759,NA
183,13,negative-to-zero,lexicase,FALSE,20,elitize_generation_data,182,91,0.738,NA
184,13,negative-to-zero,lexicase,FALSE,20,elitize_generation_data,183,101,0.745,NA
185,13,negative-to-zero,lexicase,FALSE,20,elitize_generation_data,184,100,0.773,NA
186,13,negative-to-zero,lexicase,FALSE,20,elitize_generation_data,185,105,0.758,NA
187,13,negative-to-zero,lexicase,FALSE,20,elitize_generation_data,186,96,0.77,NA
188,13,negative-to-zero,lexicase,FALSE,20,elitize_generation_data,187,86,0.746,NA
189,13,negative-to-zero,lexicase,FALSE,20,elitize_generation_data,188,100,0.757,NA
190,13,negative-to-zero,lexicase,FALSE,20,elitize_generation_data,189,96,0.769,NA
191,13,negative-to-zero,lexicase,FALSE,20,elitize_generation_data,190,104,0.751,NA
192,13,negative-to-zero,lexicase,FALSE,20,elitize_generation_data,191,93,0.731,NA
193,13,negative-to-zero,lexicase,FALSE,20,elitize_generation_data,192,99,0.759,NA
194,13,negative-to-zero,lexicase,FALSE,20,elitize_generation_data,193,103,0.748,NA
195,13,negative-to-zero,lexicase,FALSE,20,elitize_generation_data,194,101,0.749,NA
196,13,negative-to-zero,lexicase,FALSE,20,elitize_generation_data,195,100,0.731,NA
197,13,negative-to-zero,lexicase,FALSE,20,elitize_generation_data,196,88,0.765,NA
198,13,negative-to-zero,lexicase,FALSE,20,elitize_generation_data,197,84,0.761,NA
199,13,negative-to-zero,lexicase,FALSE,20,elitize_generation_data,198,81,0.762,NA
200,13,negative-to-zero,lexicase,FALSE,20,elitize_generation_data,199,83,0.755,NA
201,13,negative-to-zero,lexicase,FALSE,20,elitize_generation_data,200,89,0.774,NA
202,13,negative-to-zero,lexicase,FALSE,20,elitize_generation_data,201,103,0.759,NA
203,13,negative-to-zero,lexicase,FALSE,20,elitize_generation_data,202,95,0.736,NA
204,13,negative-to-zero,lexicase,FALSE,20,elitize_generation_data,203,102,0.755,NA
205,13,negative-to-zero,lexicase,FALSE,20,elitize_generation_data,204,90,0.734,NA
206,13,negative-to-zero,lexicase,FALSE,20,elitize_generation_data,205,89,0.779,NA
207,13,negative-to-zero,lexicase,FALSE,20,elitize_generation_data,206,89,0.757,NA
208,13,negative-to-zero,lexicase,FALSE,20,elitize_generation_data,207,98,0.762,NA
209,13,negative-to-zero,lexicase,FALSE,20,elitize_generation_data,208,108,0.768,NA
210,13,negative-to-zero,lexicase,FALSE,20,elitize_generation_data,209,106,0.766,NA
211,13,negative-to-zero,lexicase,FALSE,20,elitize_generation_data,210,103,0.768,NA
212,13,negative-to-zero,lexicase,FALSE,20,elitize_generation_data,211,90,0.763,NA
213,13,negative-to-zero,lexicase,FALSE,20,elitize_generation_data,212,87,0.762,NA
214,13,negative-to-zero,lexicase,FALSE,20,elitize_generation_data,213,99,0.781,NA
215,13,negative-to-zero,lexicase,FALSE,20,elitize_generation_data,214,97,0.76,NA
216,13,negative-to-zero,lexicase,FALSE,20,elitize_generation_data,215,99,0.754,NA
217,13,negative-to-zero,lexicase,FALSE,20,elitize_generation_data,216,93,0.738,NA
218,13,negative-to-zero,lexicase,FALSE,20,elitize_generation_data,217,100,0.777,NA
219,13,negative-to-zero,lexicase,FALSE,20,elitize_generation_data,218,94,0.775,NA
220,13,negative-to-zero,lexicase,FALSE,20,elitize_generation_data,219,94,0.776,NA
221,13,negative-to-zero,lexicase,FALSE,20,elitize_generation_data,220,90,0.761,NA
222,13,negative-to-zero,lexicase,FALSE,20,elitize_generation_data,221,90,0.743,NA
223,13,negative-to-zero,lexicase,FALSE,20,elitize_generation_data,222,103,0.749,NA
224,13,negative-to-zero,lexicase,FALSE,20,elitize_generation_data,223,82,0.742,NA
225,13,negative-to-zero,lexicase,FALSE,20,elitize_generation_data,224,87,0.767,NA
226,13,negative-to-zero,lexicase,FALSE,20,elitize_generation_data,225,91,0.764,NA
227,13,negative-to-zero,lexicase,FALSE,20,elitize_generation_data,226,94,0.76,NA
228,13,negative-to-zero,lexicase,FALSE,20,elitize_generation_data,227,86,0.732,NA
229,13,negative-to-zero,lexicase,FALSE,20,elitize_generation_data,228,94,0.747,NA
230,13,negative-to-zero,lexicase,FALSE,20,elitize_generation_data,229,91,0.744,NA
231,13,negative-to-zero,lexicase,FALSE,20,elitize_generation_data,230,91,0.76,NA
232,13,negative-to-zero,lexicase,FALSE,20,elitize_generation_data,231,94,0.755,NA
233,13,negative-to-zero,lexicase,FALSE,20,elitize_generation_data,232,101,0.723,NA
234,13,negative-to-zero,lexicase,FALSE,20,elitize_generation_data,233,95,0.737,NA
235,13,negative-to-zero,lexicase,FALSE,20,elitize_generation_data,234,90,0.736,NA
236,13,negative-to-zero,lexicase,FALSE,20,elitize_generation_data,235,92,0.731,NA
237,13,negative-to-zero,lexicase,FALSE,20,elitize_generation_data,236,93,0.722,NA
238,13,negative-to-zero,lexicase,FALSE,20,elitize_generation_data,237,91,0.725,NA
239,13,negative-to-zero,lexicase,FALSE,20,elitize_generation_data,238,89,0.742,NA
240,13,negative-to-zero,lexicase,FALSE,20,elitize_generation_data,239,82,0.73,NA
241,13,negative-to-zero,lexicase,FALSE,20,elitize_generation_data,240,94,0.743,NA
242,13,negative-to-zero,lexicase,FALSE,20,elitize_generation_data,241,86,0.738,NA
243,13,negative-to-zero,lexicase,FALSE,20,elitize_generation_data,242,105,0.747,NA
244,13,negative-to-zero,lexicase,FALSE,20,elitize_generation_data,243,96,0.753,NA
245,13,negative-to-zero,lexicase,FALSE,20,elitize_generation_data,244,85,0.766,NA
246,13,negative-to-zero,lexicase,FALSE,20,elitize_generation_data,245,95,0.737,NA
247,13,negative-to-zero,lexicase,FALSE,20,elitize_generation_data,246,96,0.747,NA
248,13,negative-to-zero,lexicase,FALSE,20,elitize_generation_data,247,85,0.752,NA
249,13,negative-to-zero,lexicase,FALSE,20,elitize_generation_data,248,91,0.761,NA
250,13,negative-to-zero,lexicase,FALSE,20,elitize_generation_data,249,79,0.761,NA
251,13,negative-to-zero,lexicase,FALSE,20,elitize_generation_data,250,92,0.757,NA
252,13,negative-to-zero,lexicase,FALSE,20,elitize_generation_data,251,90,0.757,NA
253,13,negative-to-zero,lexicase,FALSE,20,elitize_generation_data,252,86,0.745,NA
254,13,negative-to-zero,lexicase,FALSE,20,elitize_generation_data,253,93,0.723,NA
255,13,negative-to-zero,lexicase,FALSE,20,elitize_generation_data,254,83,0.72,NA
256,13,negative-to-zero,lexicase,FALSE,20,elitize_generation_data,255,79,0.726,NA
257,13,negative-to-zero,lexicase,FALSE,20,elitize_generation_data,256,84,0.756,NA
258,13,negative-to-zero,lexicase,FALSE,20,elitize_generation_data,257,77,0.735,NA
259,13,negative-to-zero,lexicase,FALSE,20,elitize_generation_data,258,80,0.731,NA
260,13,negative-to-zero,lexicase,FALSE,20,elitize_generation_data,259,91,0.742,NA
261,13,negative-to-zero,lexicase,FALSE,20,elitize_generation_data,260,89,0.762,NA
262,13,negative-to-zero,lexicase,FALSE,20,elitize_generation_data,261,73,0.716,NA
263,13,negative-to-zero,lexicase,FALSE,20,elitize_generation_data,262,71,0.737,NA
264,13,negative-to-zero,lexicase,FALSE,20,elitize_generation_data,263,94,0.714,NA
265,13,negative-to-zero,lexicase,FALSE,20,elitize_generation_data,264,94,0.744,NA
266,13,negative-to-zero,lexicase,FALSE,20,elitize_generation_data,265,84,0.756,NA
267,13,negative-to-zero,lexicase,FALSE,20,elitize_generation_data,266,84,0.707,NA
268,13,negative-to-zero,lexicase,FALSE,20,elitize_generation_data,267,80,0.733,NA
269,13,negative-to-zero,lexicase,FALSE,20,elitize_generation_data,268,81,0.734,NA
270,13,negative-to-zero,lexicase,FALSE,20,elitize_generation_data,269,85,0.736,NA
271,13,negative-to-zero,lexicase,FALSE,20,elitize_generation_data,270,95,0.732,NA
272,13,negative-to-zero,lexicase,FALSE,20,elitize_generation_data,271,82,0.75,NA
273,13,negative-to-zero,lexicase,FALSE,20,elitize_generation_data,272,77,0.712,NA
274,13,negative-to-zero,lexicase,FALSE,20,elitize_generation_data,273,81,0.741,NA
275,13,negative-to-zero,lexicase,FALSE,20,elitize_generation_data,274,84,0.743,NA
276,13,negative-to-zero,lexicase,FALSE,20,elitize_generation_data,275,86,0.74,NA
277,13,negative-to-zero,lexicase,FALSE,20,elitize_generation_data,276,86,0.75,NA
278,13,negative-to-zero,lexicase,FALSE,20,elitize_generation_data,277,88,0.74,NA
279,13,negative-to-zero,lexicase,FALSE,20,elitize_generation_data,278,75,0.746,NA
280,13,negative-to-zero,lexicase,FALSE,20,elitize_generation_data,279,79,0.769,NA
281,13,negative-to-zero,lexicase,FALSE,20,elitize_generation_data,280,79,0.738,NA
282,13,negative-to-zero,lexicase,FALSE,20,elitize_generation_data,281,65,0.734,NA
283,13,negative-to-zero,lexicase,FALSE,20,elitize_generation_data,282,70,0.744,NA
284,13,negative-to-zero,lexicase,FALSE,20,elitize_generation_data,283,77,0.724,NA
285,13,negative-to-zero,lexicase,FALSE,20,elitize_generation_data,284,78,0.724,NA
286,13,negative-to-zero,lexicase,FALSE,20,elitize_generation_data,285,81,0.702,NA
287,13,negative-to-zero,lexicase,FALSE,20,elitize_generation_data,286,66,0.727,NA
288,13,negative-to-zero,lexicase,FALSE,20,elitize_generation_data,287,81,0.733,NA
289,13,negative-to-zero,lexicase,FALSE,20,elitize_generation_data,288,70,0.725,NA
290,13,negative-to-zero,lexicase,FALSE,20,elitize_generation_data,289,88,0.713,NA
291,13,negative-to-zero,lexicase,FALSE,20,elitize_generation_data,290,75,0.737,NA
292,13,negative-to-zero,lexicase,FALSE,20,elitize_generation_data,291,68,0.734,NA
293,13,negative-to-zero,lexicase,FALSE,20,elitize_generation_data,292,78,0.729,NA
294,13,negative-to-zero,lexicase,FALSE,20,elitize_generation_data,293,67,0.749,NA
295,13,negative-to-zero,lexicase,FALSE,20,elitize_generation_data,294,63,0.732,NA
296,13,negative-to-zero,lexicase,FALSE,20,elitize_generation_data,295,62,0.714,NA
297,13,negative-to-zero,lexicase,FALSE,20,elitize_generation_data,296,71,0.726,NA
298,13,negative-to-zero,lexicase,FALSE,20,elitize_generation_data,297,67,0.729,NA
299,13,negative-to-zero,lexicase,FALSE,20,elitize_generation_data,298,65,0.728,NA
300,13,negative-to-zero,lexicase,FALSE,20,elitize_generation_data,299,69,0.742,NA
301,13,negative-to-zero,lexicase,FALSE,20,elitize_generation_data,300,68,0.739,NA
