,run.num,problem,treatment,succeeded,height,normalization.function,generation,cluster.count,error.diversity,success.generation
1,92,negative-to-zero,lexicase,TRUE,20,elitize_generation_data,0,7,0.037,196
2,92,negative-to-zero,lexicase,TRUE,20,elitize_generation_data,1,9,0.043,196
3,92,negative-to-zero,lexicase,TRUE,20,elitize_generation_data,2,9,0.062,196
4,92,negative-to-zero,lexicase,TRUE,20,elitize_generation_data,3,12,0.135,196
5,92,negative-to-zero,lexicase,TRUE,20,elitize_generation_data,4,15,0.18,196
6,92,negative-to-zero,lexicase,TRUE,20,elitize_generation_data,5,23,0.219,196
7,92,negative-to-zero,lexicase,TRUE,20,elitize_generation_data,6,21,0.284,196
8,92,negative-to-zero,lexicase,TRUE,20,elitize_generation_data,7,10,0.391,196
9,92,negative-to-zero,lexicase,TRUE,20,elitize_generation_data,8,15,0.473,196
10,92,negative-to-zero,lexicase,TRUE,20,elitize_generation_data,9,10,0.498,196
11,92,negative-to-zero,lexicase,TRUE,20,elitize_generation_data,10,11,0.51,196
12,92,negative-to-zero,lexicase,TRUE,20,elitize_generation_data,11,8,0.551,196
13,92,negative-to-zero,lexicase,TRUE,20,elitize_generation_data,12,5,0.565,196
14,92,negative-to-zero,lexicase,TRUE,20,elitize_generation_data,13,3,0.584,196
15,92,negative-to-zero,lexicase,TRUE,20,elitize_generation_data,14,5,0.608,196
16,92,negative-to-zero,lexicase,TRUE,20,elitize_generation_data,15,5,0.624,196
17,92,negative-to-zero,lexicase,TRUE,20,elitize_generation_data,16,3,0.611,196
18,92,negative-to-zero,lexicase,TRUE,20,elitize_generation_data,17,3,0.648,196
19,92,negative-to-zero,lexicase,TRUE,20,elitize_generation_data,18,2,0.671,196
20,92,negative-to-zero,lexicase,TRUE,20,elitize_generation_data,19,3,0.672,196
21,92,negative-to-zero,lexicase,TRUE,20,elitize_generation_data,20,3,0.677,196
22,92,negative-to-zero,lexicase,TRUE,20,elitize_generation_data,21,4,0.688,196
23,92,negative-to-zero,lexicase,TRUE,20,elitize_generation_data,22,4,0.683,196
24,92,negative-to-zero,lexicase,TRUE,20,elitize_generation_data,23,4,0.7,196
25,92,negative-to-zero,lexicase,TRUE,20,elitize_generation_data,24,2,0.71,196
26,92,negative-to-zero,lexicase,TRUE,20,elitize_generation_data,25,2,0.712,196
27,92,negative-to-zero,lexicase,TRUE,20,elitize_generation_data,26,2,0.762,196
28,92,negative-to-zero,lexicase,TRUE,20,elitize_generation_data,27,2,0.763,196
29,92,negative-to-zero,lexicase,TRUE,20,elitize_generation_data,28,3,0.765,196
30,92,negative-to-zero,lexicase,TRUE,20,elitize_generation_data,29,3,0.783,196
31,92,negative-to-zero,lexicase,TRUE,20,elitize_generation_data,30,3,0.8,196
32,92,negative-to-zero,lexicase,TRUE,20,elitize_generation_data,31,5,0.788,196
33,92,negative-to-zero,lexicase,TRUE,20,elitize_generation_data,32,6,0.781,196
34,92,negative-to-zero,lexicase,TRUE,20,elitize_generation_data,33,8,0.782,196
35,92,negative-to-zero,lexicase,TRUE,20,elitize_generation_data,34,19,0.786,196
36,92,negative-to-zero,lexicase,TRUE,20,elitize_generation_data,35,21,0.779,196
37,92,negative-to-zero,lexicase,TRUE,20,elitize_generation_data,36,29,0.777,196
38,92,negative-to-zero,lexicase,TRUE,20,elitize_generation_data,37,27,0.767,196
39,92,negative-to-zero,lexicase,TRUE,20,elitize_generation_data,38,27,0.784,196
40,92,negative-to-zero,lexicase,TRUE,20,elitize_generation_data,39,39,0.784,196
41,92,negative-to-zero,lexicase,TRUE,20,elitize_generation_data,40,32,0.802,196
42,92,negative-to-zero,lexicase,TRUE,20,elitize_generation_data,41,34,0.79,196
43,92,negative-to-zero,lexicase,TRUE,20,elitize_generation_data,42,31,0.805,196
44,92,negative-to-zero,lexicase,TRUE,20,elitize_generation_data,43,27,0.784,196
45,92,negative-to-zero,lexicase,TRUE,20,elitize_generation_data,44,37,0.772,196
46,92,negative-to-zero,lexicase,TRUE,20,elitize_generation_data,45,37,0.791,196
47,92,negative-to-zero,lexicase,TRUE,20,elitize_generation_data,46,32,0.798,196
48,92,negative-to-zero,lexicase,TRUE,20,elitize_generation_data,47,40,0.798,196
49,92,negative-to-zero,lexicase,TRUE,20,elitize_generation_data,48,38,0.786,196
50,92,negative-to-zero,lexicase,TRUE,20,elitize_generation_data,49,37,0.79,196
51,92,negative-to-zero,lexicase,TRUE,20,elitize_generation_data,50,41,0.801,196
52,92,negative-to-zero,lexicase,TRUE,20,elitize_generation_data,51,43,0.783,196
53,92,negative-to-zero,lexicase,TRUE,20,elitize_generation_data,52,37,0.778,196
54,92,negative-to-zero,lexicase,TRUE,20,elitize_generation_data,53,33,0.767,196
55,92,negative-to-zero,lexicase,TRUE,20,elitize_generation_data,54,32,0.726,196
56,92,negative-to-zero,lexicase,TRUE,20,elitize_generation_data,55,32,0.742,196
57,92,negative-to-zero,lexicase,TRUE,20,elitize_generation_data,56,32,0.764,196
58,92,negative-to-zero,lexicase,TRUE,20,elitize_generation_data,57,34,0.745,196
59,92,negative-to-zero,lexicase,TRUE,20,elitize_generation_data,58,46,0.745,196
60,92,negative-to-zero,lexicase,TRUE,20,elitize_generation_data,59,41,0.725,196
61,92,negative-to-zero,lexicase,TRUE,20,elitize_generation_data,60,46,0.752,196
62,92,negative-to-zero,lexicase,TRUE,20,elitize_generation_data,61,42,0.752,196
63,92,negative-to-zero,lexicase,TRUE,20,elitize_generation_data,62,47,0.795,196
64,92,negative-to-zero,lexicase,TRUE,20,elitize_generation_data,63,51,0.778,196
65,92,negative-to-zero,lexicase,TRUE,20,elitize_generation_data,64,45,0.765,196
66,92,negative-to-zero,lexicase,TRUE,20,elitize_generation_data,65,53,0.766,196
67,92,negative-to-zero,lexicase,TRUE,20,elitize_generation_data,66,48,0.752,196
68,92,negative-to-zero,lexicase,TRUE,20,elitize_generation_data,67,36,0.728,196
69,92,negative-to-zero,lexicase,TRUE,20,elitize_generation_data,68,45,0.763,196
70,92,negative-to-zero,lexicase,TRUE,20,elitize_generation_data,69,41,0.744,196
71,92,negative-to-zero,lexicase,TRUE,20,elitize_generation_data,70,46,0.742,196
72,92,negative-to-zero,lexicase,TRUE,20,elitize_generation_data,71,41,0.746,196
73,92,negative-to-zero,lexicase,TRUE,20,elitize_generation_data,72,36,0.756,196
74,92,negative-to-zero,lexicase,TRUE,20,elitize_generation_data,73,32,0.748,196
75,92,negative-to-zero,lexicase,TRUE,20,elitize_generation_data,74,36,0.75,196
76,92,negative-to-zero,lexicase,TRUE,20,elitize_generation_data,75,32,0.765,196
77,92,negative-to-zero,lexicase,TRUE,20,elitize_generation_data,76,42,0.75,196
78,92,negative-to-zero,lexicase,TRUE,20,elitize_generation_data,77,33,0.771,196
79,92,negative-to-zero,lexicase,TRUE,20,elitize_generation_data,78,36,0.746,196
80,92,negative-to-zero,lexicase,TRUE,20,elitize_generation_data,79,44,0.77,196
81,92,negative-to-zero,lexicase,TRUE,20,elitize_generation_data,80,36,0.746,196
82,92,negative-to-zero,lexicase,TRUE,20,elitize_generation_data,81,32,0.766,196
83,92,negative-to-zero,lexicase,TRUE,20,elitize_generation_data,82,30,0.762,196
84,92,negative-to-zero,lexicase,TRUE,20,elitize_generation_data,83,20,0.764,196
85,92,negative-to-zero,lexicase,TRUE,20,elitize_generation_data,84,15,0.751,196
86,92,negative-to-zero,lexicase,TRUE,20,elitize_generation_data,85,16,0.777,196
87,92,negative-to-zero,lexicase,TRUE,20,elitize_generation_data,86,12,0.757,196
88,92,negative-to-zero,lexicase,TRUE,20,elitize_generation_data,87,9,0.751,196
89,92,negative-to-zero,lexicase,TRUE,20,elitize_generation_data,88,11,0.726,196
90,92,negative-to-zero,lexicase,TRUE,20,elitize_generation_data,89,6,0.719,196
91,92,negative-to-zero,lexicase,TRUE,20,elitize_generation_data,90,7,0.726,196
92,92,negative-to-zero,lexicase,TRUE,20,elitize_generation_data,91,8,0.764,196
93,92,negative-to-zero,lexicase,TRUE,20,elitize_generation_data,92,9,0.764,196
94,92,negative-to-zero,lexicase,TRUE,20,elitize_generation_data,93,8,0.763,196
95,92,negative-to-zero,lexicase,TRUE,20,elitize_generation_data,94,9,0.772,196
96,92,negative-to-zero,lexicase,TRUE,20,elitize_generation_data,95,7,0.782,196
97,92,negative-to-zero,lexicase,TRUE,20,elitize_generation_data,96,7,0.787,196
98,92,negative-to-zero,lexicase,TRUE,20,elitize_generation_data,97,9,0.797,196
99,92,negative-to-zero,lexicase,TRUE,20,elitize_generation_data,98,6,0.801,196
100,92,negative-to-zero,lexicase,TRUE,20,elitize_generation_data,99,16,0.793,196
101,92,negative-to-zero,lexicase,TRUE,20,elitize_generation_data,100,11,0.8,196
102,92,negative-to-zero,lexicase,TRUE,20,elitize_generation_data,101,8,0.803,196
103,92,negative-to-zero,lexicase,TRUE,20,elitize_generation_data,102,11,0.825,196
104,92,negative-to-zero,lexicase,TRUE,20,elitize_generation_data,103,12,0.813,196
105,92,negative-to-zero,lexicase,TRUE,20,elitize_generation_data,104,9,0.808,196
106,92,negative-to-zero,lexicase,TRUE,20,elitize_generation_data,105,10,0.801,196
107,92,negative-to-zero,lexicase,TRUE,20,elitize_generation_data,106,12,0.823,196
108,92,negative-to-zero,lexicase,TRUE,20,elitize_generation_data,107,9,0.837,196
109,92,negative-to-zero,lexicase,TRUE,20,elitize_generation_data,108,10,0.816,196
110,92,negative-to-zero,lexicase,TRUE,20,elitize_generation_data,109,11,0.816,196
111,92,negative-to-zero,lexicase,TRUE,20,elitize_generation_data,110,11,0.843,196
112,92,negative-to-zero,lexicase,TRUE,20,elitize_generation_data,111,10,0.816,196
113,92,negative-to-zero,lexicase,TRUE,20,elitize_generation_data,112,8,0.824,196
114,92,negative-to-zero,lexicase,TRUE,20,elitize_generation_data,113,10,0.805,196
115,92,negative-to-zero,lexicase,TRUE,20,elitize_generation_data,114,10,0.825,196
116,92,negative-to-zero,lexicase,TRUE,20,elitize_generation_data,115,10,0.846,196
117,92,negative-to-zero,lexicase,TRUE,20,elitize_generation_data,116,11,0.838,196
118,92,negative-to-zero,lexicase,TRUE,20,elitize_generation_data,117,11,0.832,196
119,92,negative-to-zero,lexicase,TRUE,20,elitize_generation_data,118,7,0.82,196
120,92,negative-to-zero,lexicase,TRUE,20,elitize_generation_data,119,7,0.846,196
121,92,negative-to-zero,lexicase,TRUE,20,elitize_generation_data,120,8,0.872,196
122,92,negative-to-zero,lexicase,TRUE,20,elitize_generation_data,121,10,0.833,196
123,92,negative-to-zero,lexicase,TRUE,20,elitize_generation_data,122,11,0.839,196
124,92,negative-to-zero,lexicase,TRUE,20,elitize_generation_data,123,10,0.841,196
125,92,negative-to-zero,lexicase,TRUE,20,elitize_generation_data,124,13,0.845,196
126,92,negative-to-zero,lexicase,TRUE,20,elitize_generation_data,125,10,0.83,196
127,92,negative-to-zero,lexicase,TRUE,20,elitize_generation_data,126,12,0.825,196
128,92,negative-to-zero,lexicase,TRUE,20,elitize_generation_data,127,12,0.83,196
129,92,negative-to-zero,lexicase,TRUE,20,elitize_generation_data,128,11,0.812,196
130,92,negative-to-zero,lexicase,TRUE,20,elitize_generation_data,129,10,0.846,196
131,92,negative-to-zero,lexicase,TRUE,20,elitize_generation_data,130,10,0.827,196
132,92,negative-to-zero,lexicase,TRUE,20,elitize_generation_data,131,11,0.808,196
133,92,negative-to-zero,lexicase,TRUE,20,elitize_generation_data,132,9,0.829,196
134,92,negative-to-zero,lexicase,TRUE,20,elitize_generation_data,133,10,0.837,196
135,92,negative-to-zero,lexicase,TRUE,20,elitize_generation_data,134,7,0.839,196
136,92,negative-to-zero,lexicase,TRUE,20,elitize_generation_data,135,11,0.857,196
137,92,negative-to-zero,lexicase,TRUE,20,elitize_generation_data,136,15,0.861,196
138,92,negative-to-zero,lexicase,TRUE,20,elitize_generation_data,137,17,0.855,196
139,92,negative-to-zero,lexicase,TRUE,20,elitize_generation_data,138,26,0.821,196
140,92,negative-to-zero,lexicase,TRUE,20,elitize_generation_data,139,16,0.858,196
141,92,negative-to-zero,lexicase,TRUE,20,elitize_generation_data,140,18,0.828,196
142,92,negative-to-zero,lexicase,TRUE,20,elitize_generation_data,141,20,0.84,196
143,92,negative-to-zero,lexicase,TRUE,20,elitize_generation_data,142,20,0.877,196
144,92,negative-to-zero,lexicase,TRUE,20,elitize_generation_data,143,17,0.884,196
145,92,negative-to-zero,lexicase,TRUE,20,elitize_generation_data,144,18,0.856,196
146,92,negative-to-zero,lexicase,TRUE,20,elitize_generation_data,145,18,0.87,196
147,92,negative-to-zero,lexicase,TRUE,20,elitize_generation_data,146,22,0.827,196
148,92,negative-to-zero,lexicase,TRUE,20,elitize_generation_data,147,15,0.841,196
149,92,negative-to-zero,lexicase,TRUE,20,elitize_generation_data,148,16,0.828,196
150,92,negative-to-zero,lexicase,TRUE,20,elitize_generation_data,149,15,0.856,196
151,92,negative-to-zero,lexicase,TRUE,20,elitize_generation_data,150,10,0.854,196
152,92,negative-to-zero,lexicase,TRUE,20,elitize_generation_data,151,16,0.856,196
153,92,negative-to-zero,lexicase,TRUE,20,elitize_generation_data,152,14,0.848,196
154,92,negative-to-zero,lexicase,TRUE,20,elitize_generation_data,153,16,0.862,196
155,92,negative-to-zero,lexicase,TRUE,20,elitize_generation_data,154,17,0.857,196
156,92,negative-to-zero,lexicase,TRUE,20,elitize_generation_data,155,12,0.856,196
157,92,negative-to-zero,lexicase,TRUE,20,elitize_generation_data,156,16,0.854,196
158,92,negative-to-zero,lexicase,TRUE,20,elitize_generation_data,157,14,0.863,196
159,92,negative-to-zero,lexicase,TRUE,20,elitize_generation_data,158,15,0.857,196
160,92,negative-to-zero,lexicase,TRUE,20,elitize_generation_data,159,13,0.849,196
161,92,negative-to-zero,lexicase,TRUE,20,elitize_generation_data,160,13,0.838,196
162,92,negative-to-zero,lexicase,TRUE,20,elitize_generation_data,161,12,0.842,196
163,92,negative-to-zero,lexicase,TRUE,20,elitize_generation_data,162,14,0.834,196
164,92,negative-to-zero,lexicase,TRUE,20,elitize_generation_data,163,10,0.842,196
165,92,negative-to-zero,lexicase,TRUE,20,elitize_generation_data,164,12,0.815,196
166,92,negative-to-zero,lexicase,TRUE,20,elitize_generation_data,165,18,0.843,196
167,92,negative-to-zero,lexicase,TRUE,20,elitize_generation_data,166,17,0.844,196
168,92,negative-to-zero,lexicase,TRUE,20,elitize_generation_data,167,19,0.852,196
169,92,negative-to-zero,lexicase,TRUE,20,elitize_generation_data,168,22,0.84,196
170,92,negative-to-zero,lexicase,TRUE,20,elitize_generation_data,169,22,0.844,196
171,92,negative-to-zero,lexicase,TRUE,20,elitize_generation_data,170,27,0.852,196
172,92,negative-to-zero,lexicase,TRUE,20,elitize_generation_data,171,28,0.809,196
173,92,negative-to-zero,lexicase,TRUE,20,elitize_generation_data,172,30,0.827,196
174,92,negative-to-zero,lexicase,TRUE,20,elitize_generation_data,173,29,0.838,196
175,92,negative-to-zero,lexicase,TRUE,20,elitize_generation_data,174,26,0.859,196
176,92,negative-to-zero,lexicase,TRUE,20,elitize_generation_data,175,24,0.832,196
177,92,negative-to-zero,lexicase,TRUE,20,elitize_generation_data,176,29,0.834,196
178,92,negative-to-zero,lexicase,TRUE,20,elitize_generation_data,177,31,0.831,196
179,92,negative-to-zero,lexicase,TRUE,20,elitize_generation_data,178,24,0.836,196
180,92,negative-to-zero,lexicase,TRUE,20,elitize_generation_data,179,30,0.828,196
181,92,negative-to-zero,lexicase,TRUE,20,elitize_generation_data,180,25,0.798,196
182,92,negative-to-zero,lexicase,TRUE,20,elitize_generation_data,181,28,0.834,196
183,92,negative-to-zero,lexicase,TRUE,20,elitize_generation_data,182,25,0.855,196
184,92,negative-to-zero,lexicase,TRUE,20,elitize_generation_data,183,23,0.852,196
185,92,negative-to-zero,lexicase,TRUE,20,elitize_generation_data,184,26,0.829,196
186,92,negative-to-zero,lexicase,TRUE,20,elitize_generation_data,185,19,0.831,196
187,92,negative-to-zero,lexicase,TRUE,20,elitize_generation_data,186,29,0.84,196
188,92,negative-to-zero,lexicase,TRUE,20,elitize_generation_data,187,29,0.838,196
189,92,negative-to-zero,lexicase,TRUE,20,elitize_generation_data,188,30,0.85,196
190,92,negative-to-zero,lexicase,TRUE,20,elitize_generation_data,189,26,0.849,196
191,92,negative-to-zero,lexicase,TRUE,20,elitize_generation_data,190,31,0.847,196
192,92,negative-to-zero,lexicase,TRUE,20,elitize_generation_data,191,27,0.842,196
193,92,negative-to-zero,lexicase,TRUE,20,elitize_generation_data,192,38,0.844,196
194,92,negative-to-zero,lexicase,TRUE,20,elitize_generation_data,193,50,0.824,196
195,92,negative-to-zero,lexicase,TRUE,20,elitize_generation_data,194,175,0.844,196
196,92,negative-to-zero,lexicase,TRUE,20,elitize_generation_data,195,266,0.736,196
197,92,negative-to-zero,lexicase,TRUE,20,elitize_generation_data,196,328,0.787,196
