,run.num,problem,treatment,succeeded,height,normalization.function,generation,cluster.count,error.diversity,success.generation
1,67,negative-to-zero,lexicase,FALSE,20,elitize_generation_data,0,11,0.042,NA
2,67,negative-to-zero,lexicase,FALSE,20,elitize_generation_data,1,8,0.041,NA
3,67,negative-to-zero,lexicase,FALSE,20,elitize_generation_data,2,9,0.056,NA
4,67,negative-to-zero,lexicase,FALSE,20,elitize_generation_data,3,9,0.063,NA
5,67,negative-to-zero,lexicase,FALSE,20,elitize_generation_data,4,12,0.063,NA
6,67,negative-to-zero,lexicase,FALSE,20,elitize_generation_data,5,12,0.086,NA
7,67,negative-to-zero,lexicase,FALSE,20,elitize_generation_data,6,23,0.114,NA
8,67,negative-to-zero,lexicase,FALSE,20,elitize_generation_data,7,39,0.172,NA
9,67,negative-to-zero,lexicase,FALSE,20,elitize_generation_data,8,42,0.221,NA
10,67,negative-to-zero,lexicase,FALSE,20,elitize_generation_data,9,43,0.291,NA
11,67,negative-to-zero,lexicase,FALSE,20,elitize_generation_data,10,30,0.318,NA
12,67,negative-to-zero,lexicase,FALSE,20,elitize_generation_data,11,13,0.383,NA
13,67,negative-to-zero,lexicase,FALSE,20,elitize_generation_data,12,9,0.453,NA
14,67,negative-to-zero,lexicase,FALSE,20,elitize_generation_data,13,11,0.494,NA
15,67,negative-to-zero,lexicase,FALSE,20,elitize_generation_data,14,8,0.506,NA
16,67,negative-to-zero,lexicase,FALSE,20,elitize_generation_data,15,9,0.517,NA
17,67,negative-to-zero,lexicase,FALSE,20,elitize_generation_data,16,5,0.529,NA
18,67,negative-to-zero,lexicase,FALSE,20,elitize_generation_data,17,5,0.539,NA
19,67,negative-to-zero,lexicase,FALSE,20,elitize_generation_data,18,6,0.595,NA
20,67,negative-to-zero,lexicase,FALSE,20,elitize_generation_data,19,11,0.636,NA
21,67,negative-to-zero,lexicase,FALSE,20,elitize_generation_data,20,17,0.62,NA
22,67,negative-to-zero,lexicase,FALSE,20,elitize_generation_data,21,27,0.7,NA
23,67,negative-to-zero,lexicase,FALSE,20,elitize_generation_data,22,38,0.68,NA
24,67,negative-to-zero,lexicase,FALSE,20,elitize_generation_data,23,45,0.646,NA
25,67,negative-to-zero,lexicase,FALSE,20,elitize_generation_data,24,46,0.68,NA
26,67,negative-to-zero,lexicase,FALSE,20,elitize_generation_data,25,52,0.689,NA
27,67,negative-to-zero,lexicase,FALSE,20,elitize_generation_data,26,55,0.71,NA
28,67,negative-to-zero,lexicase,FALSE,20,elitize_generation_data,27,41,0.698,NA
29,67,negative-to-zero,lexicase,FALSE,20,elitize_generation_data,28,56,0.705,NA
30,67,negative-to-zero,lexicase,FALSE,20,elitize_generation_data,29,40,0.71,NA
31,67,negative-to-zero,lexicase,FALSE,20,elitize_generation_data,30,48,0.708,NA
32,67,negative-to-zero,lexicase,FALSE,20,elitize_generation_data,31,35,0.735,NA
33,67,negative-to-zero,lexicase,FALSE,20,elitize_generation_data,32,34,0.711,NA
34,67,negative-to-zero,lexicase,FALSE,20,elitize_generation_data,33,27,0.702,NA
35,67,negative-to-zero,lexicase,FALSE,20,elitize_generation_data,34,29,0.704,NA
36,67,negative-to-zero,lexicase,FALSE,20,elitize_generation_data,35,21,0.671,NA
37,67,negative-to-zero,lexicase,FALSE,20,elitize_generation_data,36,22,0.691,NA
38,67,negative-to-zero,lexicase,FALSE,20,elitize_generation_data,37,20,0.691,NA
39,67,negative-to-zero,lexicase,FALSE,20,elitize_generation_data,38,17,0.7,NA
40,67,negative-to-zero,lexicase,FALSE,20,elitize_generation_data,39,16,0.729,NA
41,67,negative-to-zero,lexicase,FALSE,20,elitize_generation_data,40,17,0.73,NA
42,67,negative-to-zero,lexicase,FALSE,20,elitize_generation_data,41,15,0.713,NA
43,67,negative-to-zero,lexicase,FALSE,20,elitize_generation_data,42,15,0.698,NA
44,67,negative-to-zero,lexicase,FALSE,20,elitize_generation_data,43,11,0.704,NA
45,67,negative-to-zero,lexicase,FALSE,20,elitize_generation_data,44,10,0.7,NA
46,67,negative-to-zero,lexicase,FALSE,20,elitize_generation_data,45,10,0.71,NA
47,67,negative-to-zero,lexicase,FALSE,20,elitize_generation_data,46,8,0.727,NA
48,67,negative-to-zero,lexicase,FALSE,20,elitize_generation_data,47,8,0.705,NA
49,67,negative-to-zero,lexicase,FALSE,20,elitize_generation_data,48,9,0.729,NA
50,67,negative-to-zero,lexicase,FALSE,20,elitize_generation_data,49,9,0.721,NA
51,67,negative-to-zero,lexicase,FALSE,20,elitize_generation_data,50,10,0.727,NA
52,67,negative-to-zero,lexicase,FALSE,20,elitize_generation_data,51,9,0.728,NA
53,67,negative-to-zero,lexicase,FALSE,20,elitize_generation_data,52,7,0.73,NA
54,67,negative-to-zero,lexicase,FALSE,20,elitize_generation_data,53,9,0.742,NA
55,67,negative-to-zero,lexicase,FALSE,20,elitize_generation_data,54,9,0.728,NA
56,67,negative-to-zero,lexicase,FALSE,20,elitize_generation_data,55,5,0.739,NA
57,67,negative-to-zero,lexicase,FALSE,20,elitize_generation_data,56,5,0.721,NA
58,67,negative-to-zero,lexicase,FALSE,20,elitize_generation_data,57,8,0.748,NA
59,67,negative-to-zero,lexicase,FALSE,20,elitize_generation_data,58,7,0.733,NA
60,67,negative-to-zero,lexicase,FALSE,20,elitize_generation_data,59,8,0.732,NA
61,67,negative-to-zero,lexicase,FALSE,20,elitize_generation_data,60,8,0.736,NA
62,67,negative-to-zero,lexicase,FALSE,20,elitize_generation_data,61,9,0.733,NA
63,67,negative-to-zero,lexicase,FALSE,20,elitize_generation_data,62,10,0.75,NA
64,67,negative-to-zero,lexicase,FALSE,20,elitize_generation_data,63,7,0.742,NA
65,67,negative-to-zero,lexicase,FALSE,20,elitize_generation_data,64,8,0.759,NA
66,67,negative-to-zero,lexicase,FALSE,20,elitize_generation_data,65,6,0.755,NA
67,67,negative-to-zero,lexicase,FALSE,20,elitize_generation_data,66,5,0.737,NA
68,67,negative-to-zero,lexicase,FALSE,20,elitize_generation_data,67,7,0.752,NA
69,67,negative-to-zero,lexicase,FALSE,20,elitize_generation_data,68,9,0.723,NA
70,67,negative-to-zero,lexicase,FALSE,20,elitize_generation_data,69,9,0.75,NA
71,67,negative-to-zero,lexicase,FALSE,20,elitize_generation_data,70,7,0.731,NA
72,67,negative-to-zero,lexicase,FALSE,20,elitize_generation_data,71,8,0.758,NA
73,67,negative-to-zero,lexicase,FALSE,20,elitize_generation_data,72,8,0.725,NA
74,67,negative-to-zero,lexicase,FALSE,20,elitize_generation_data,73,5,0.763,NA
75,67,negative-to-zero,lexicase,FALSE,20,elitize_generation_data,74,5,0.715,NA
76,67,negative-to-zero,lexicase,FALSE,20,elitize_generation_data,75,5,0.731,NA
77,67,negative-to-zero,lexicase,FALSE,20,elitize_generation_data,76,6,0.731,NA
78,67,negative-to-zero,lexicase,FALSE,20,elitize_generation_data,77,7,0.75,NA
79,67,negative-to-zero,lexicase,FALSE,20,elitize_generation_data,78,6,0.754,NA
80,67,negative-to-zero,lexicase,FALSE,20,elitize_generation_data,79,7,0.736,NA
81,67,negative-to-zero,lexicase,FALSE,20,elitize_generation_data,80,5,0.739,NA
82,67,negative-to-zero,lexicase,FALSE,20,elitize_generation_data,81,6,0.737,NA
83,67,negative-to-zero,lexicase,FALSE,20,elitize_generation_data,82,7,0.733,NA
84,67,negative-to-zero,lexicase,FALSE,20,elitize_generation_data,83,8,0.774,NA
85,67,negative-to-zero,lexicase,FALSE,20,elitize_generation_data,84,8,0.751,NA
86,67,negative-to-zero,lexicase,FALSE,20,elitize_generation_data,85,9,0.742,NA
87,67,negative-to-zero,lexicase,FALSE,20,elitize_generation_data,86,7,0.755,NA
88,67,negative-to-zero,lexicase,FALSE,20,elitize_generation_data,87,7,0.744,NA
89,67,negative-to-zero,lexicase,FALSE,20,elitize_generation_data,88,8,0.752,NA
90,67,negative-to-zero,lexicase,FALSE,20,elitize_generation_data,89,7,0.753,NA
91,67,negative-to-zero,lexicase,FALSE,20,elitize_generation_data,90,5,0.742,NA
92,67,negative-to-zero,lexicase,FALSE,20,elitize_generation_data,91,7,0.747,NA
93,67,negative-to-zero,lexicase,FALSE,20,elitize_generation_data,92,5,0.738,NA
94,67,negative-to-zero,lexicase,FALSE,20,elitize_generation_data,93,6,0.746,NA
95,67,negative-to-zero,lexicase,FALSE,20,elitize_generation_data,94,6,0.756,NA
96,67,negative-to-zero,lexicase,FALSE,20,elitize_generation_data,95,7,0.736,NA
97,67,negative-to-zero,lexicase,FALSE,20,elitize_generation_data,96,6,0.765,NA
98,67,negative-to-zero,lexicase,FALSE,20,elitize_generation_data,97,6,0.758,NA
99,67,negative-to-zero,lexicase,FALSE,20,elitize_generation_data,98,6,0.744,NA
100,67,negative-to-zero,lexicase,FALSE,20,elitize_generation_data,99,9,0.731,NA
101,67,negative-to-zero,lexicase,FALSE,20,elitize_generation_data,100,9,0.754,NA
102,67,negative-to-zero,lexicase,FALSE,20,elitize_generation_data,101,9,0.729,NA
103,67,negative-to-zero,lexicase,FALSE,20,elitize_generation_data,102,8,0.696,NA
104,67,negative-to-zero,lexicase,FALSE,20,elitize_generation_data,103,8,0.731,NA
105,67,negative-to-zero,lexicase,FALSE,20,elitize_generation_data,104,7,0.73,NA
106,67,negative-to-zero,lexicase,FALSE,20,elitize_generation_data,105,7,0.719,NA
107,67,negative-to-zero,lexicase,FALSE,20,elitize_generation_data,106,7,0.727,NA
108,67,negative-to-zero,lexicase,FALSE,20,elitize_generation_data,107,9,0.718,NA
109,67,negative-to-zero,lexicase,FALSE,20,elitize_generation_data,108,8,0.716,NA
110,67,negative-to-zero,lexicase,FALSE,20,elitize_generation_data,109,6,0.741,NA
111,67,negative-to-zero,lexicase,FALSE,20,elitize_generation_data,110,7,0.755,NA
112,67,negative-to-zero,lexicase,FALSE,20,elitize_generation_data,111,7,0.714,NA
113,67,negative-to-zero,lexicase,FALSE,20,elitize_generation_data,112,10,0.711,NA
114,67,negative-to-zero,lexicase,FALSE,20,elitize_generation_data,113,8,0.722,NA
115,67,negative-to-zero,lexicase,FALSE,20,elitize_generation_data,114,10,0.715,NA
116,67,negative-to-zero,lexicase,FALSE,20,elitize_generation_data,115,9,0.757,NA
117,67,negative-to-zero,lexicase,FALSE,20,elitize_generation_data,116,12,0.754,NA
118,67,negative-to-zero,lexicase,FALSE,20,elitize_generation_data,117,10,0.744,NA
119,67,negative-to-zero,lexicase,FALSE,20,elitize_generation_data,118,10,0.737,NA
120,67,negative-to-zero,lexicase,FALSE,20,elitize_generation_data,119,8,0.735,NA
121,67,negative-to-zero,lexicase,FALSE,20,elitize_generation_data,120,7,0.735,NA
122,67,negative-to-zero,lexicase,FALSE,20,elitize_generation_data,121,8,0.721,NA
123,67,negative-to-zero,lexicase,FALSE,20,elitize_generation_data,122,10,0.758,NA
124,67,negative-to-zero,lexicase,FALSE,20,elitize_generation_data,123,9,0.741,NA
125,67,negative-to-zero,lexicase,FALSE,20,elitize_generation_data,124,12,0.734,NA
126,67,negative-to-zero,lexicase,FALSE,20,elitize_generation_data,125,8,0.766,NA
127,67,negative-to-zero,lexicase,FALSE,20,elitize_generation_data,126,9,0.767,NA
128,67,negative-to-zero,lexicase,FALSE,20,elitize_generation_data,127,10,0.77,NA
129,67,negative-to-zero,lexicase,FALSE,20,elitize_generation_data,128,11,0.74,NA
130,67,negative-to-zero,lexicase,FALSE,20,elitize_generation_data,129,12,0.754,NA
131,67,negative-to-zero,lexicase,FALSE,20,elitize_generation_data,130,12,0.756,NA
132,67,negative-to-zero,lexicase,FALSE,20,elitize_generation_data,131,6,0.759,NA
133,67,negative-to-zero,lexicase,FALSE,20,elitize_generation_data,132,8,0.756,NA
134,67,negative-to-zero,lexicase,FALSE,20,elitize_generation_data,133,7,0.737,NA
135,67,negative-to-zero,lexicase,FALSE,20,elitize_generation_data,134,7,0.752,NA
136,67,negative-to-zero,lexicase,FALSE,20,elitize_generation_data,135,7,0.736,NA
137,67,negative-to-zero,lexicase,FALSE,20,elitize_generation_data,136,9,0.745,NA
138,67,negative-to-zero,lexicase,FALSE,20,elitize_generation_data,137,11,0.741,NA
139,67,negative-to-zero,lexicase,FALSE,20,elitize_generation_data,138,8,0.734,NA
140,67,negative-to-zero,lexicase,FALSE,20,elitize_generation_data,139,9,0.731,NA
141,67,negative-to-zero,lexicase,FALSE,20,elitize_generation_data,140,8,0.738,NA
142,67,negative-to-zero,lexicase,FALSE,20,elitize_generation_data,141,8,0.751,NA
143,67,negative-to-zero,lexicase,FALSE,20,elitize_generation_data,142,7,0.76,NA
144,67,negative-to-zero,lexicase,FALSE,20,elitize_generation_data,143,7,0.745,NA
145,67,negative-to-zero,lexicase,FALSE,20,elitize_generation_data,144,8,0.732,NA
146,67,negative-to-zero,lexicase,FALSE,20,elitize_generation_data,145,6,0.748,NA
147,67,negative-to-zero,lexicase,FALSE,20,elitize_generation_data,146,7,0.741,NA
148,67,negative-to-zero,lexicase,FALSE,20,elitize_generation_data,147,5,0.754,NA
149,67,negative-to-zero,lexicase,FALSE,20,elitize_generation_data,148,6,0.716,NA
150,67,negative-to-zero,lexicase,FALSE,20,elitize_generation_data,149,6,0.762,NA
151,67,negative-to-zero,lexicase,FALSE,20,elitize_generation_data,150,8,0.713,NA
152,67,negative-to-zero,lexicase,FALSE,20,elitize_generation_data,151,10,0.688,NA
153,67,negative-to-zero,lexicase,FALSE,20,elitize_generation_data,152,10,0.762,NA
154,67,negative-to-zero,lexicase,FALSE,20,elitize_generation_data,153,9,0.724,NA
155,67,negative-to-zero,lexicase,FALSE,20,elitize_generation_data,154,6,0.753,NA
156,67,negative-to-zero,lexicase,FALSE,20,elitize_generation_data,155,7,0.742,NA
157,67,negative-to-zero,lexicase,FALSE,20,elitize_generation_data,156,9,0.745,NA
158,67,negative-to-zero,lexicase,FALSE,20,elitize_generation_data,157,7,0.735,NA
159,67,negative-to-zero,lexicase,FALSE,20,elitize_generation_data,158,5,0.738,NA
160,67,negative-to-zero,lexicase,FALSE,20,elitize_generation_data,159,6,0.755,NA
161,67,negative-to-zero,lexicase,FALSE,20,elitize_generation_data,160,8,0.736,NA
162,67,negative-to-zero,lexicase,FALSE,20,elitize_generation_data,161,5,0.718,NA
163,67,negative-to-zero,lexicase,FALSE,20,elitize_generation_data,162,8,0.754,NA
164,67,negative-to-zero,lexicase,FALSE,20,elitize_generation_data,163,6,0.718,NA
165,67,negative-to-zero,lexicase,FALSE,20,elitize_generation_data,164,4,0.722,NA
166,67,negative-to-zero,lexicase,FALSE,20,elitize_generation_data,165,5,0.717,NA
167,67,negative-to-zero,lexicase,FALSE,20,elitize_generation_data,166,6,0.714,NA
168,67,negative-to-zero,lexicase,FALSE,20,elitize_generation_data,167,8,0.713,NA
169,67,negative-to-zero,lexicase,FALSE,20,elitize_generation_data,168,6,0.728,NA
170,67,negative-to-zero,lexicase,FALSE,20,elitize_generation_data,169,7,0.721,NA
171,67,negative-to-zero,lexicase,FALSE,20,elitize_generation_data,170,7,0.725,NA
172,67,negative-to-zero,lexicase,FALSE,20,elitize_generation_data,171,6,0.711,NA
173,67,negative-to-zero,lexicase,FALSE,20,elitize_generation_data,172,6,0.745,NA
174,67,negative-to-zero,lexicase,FALSE,20,elitize_generation_data,173,7,0.743,NA
175,67,negative-to-zero,lexicase,FALSE,20,elitize_generation_data,174,5,0.719,NA
176,67,negative-to-zero,lexicase,FALSE,20,elitize_generation_data,175,5,0.699,NA
177,67,negative-to-zero,lexicase,FALSE,20,elitize_generation_data,176,4,0.699,NA
178,67,negative-to-zero,lexicase,FALSE,20,elitize_generation_data,177,6,0.739,NA
179,67,negative-to-zero,lexicase,FALSE,20,elitize_generation_data,178,7,0.74,NA
180,67,negative-to-zero,lexicase,FALSE,20,elitize_generation_data,179,7,0.715,NA
181,67,negative-to-zero,lexicase,FALSE,20,elitize_generation_data,180,7,0.737,NA
182,67,negative-to-zero,lexicase,FALSE,20,elitize_generation_data,181,6,0.737,NA
183,67,negative-to-zero,lexicase,FALSE,20,elitize_generation_data,182,5,0.745,NA
184,67,negative-to-zero,lexicase,FALSE,20,elitize_generation_data,183,7,0.744,NA
185,67,negative-to-zero,lexicase,FALSE,20,elitize_generation_data,184,7,0.743,NA
186,67,negative-to-zero,lexicase,FALSE,20,elitize_generation_data,185,6,0.705,NA
187,67,negative-to-zero,lexicase,FALSE,20,elitize_generation_data,186,7,0.71,NA
188,67,negative-to-zero,lexicase,FALSE,20,elitize_generation_data,187,8,0.713,NA
189,67,negative-to-zero,lexicase,FALSE,20,elitize_generation_data,188,6,0.734,NA
190,67,negative-to-zero,lexicase,FALSE,20,elitize_generation_data,189,6,0.72,NA
191,67,negative-to-zero,lexicase,FALSE,20,elitize_generation_data,190,9,0.72,NA
192,67,negative-to-zero,lexicase,FALSE,20,elitize_generation_data,191,6,0.734,NA
193,67,negative-to-zero,lexicase,FALSE,20,elitize_generation_data,192,6,0.743,NA
194,67,negative-to-zero,lexicase,FALSE,20,elitize_generation_data,193,7,0.74,NA
195,67,negative-to-zero,lexicase,FALSE,20,elitize_generation_data,194,7,0.714,NA
196,67,negative-to-zero,lexicase,FALSE,20,elitize_generation_data,195,8,0.735,NA
197,67,negative-to-zero,lexicase,FALSE,20,elitize_generation_data,196,7,0.718,NA
198,67,negative-to-zero,lexicase,FALSE,20,elitize_generation_data,197,7,0.734,NA
199,67,negative-to-zero,lexicase,FALSE,20,elitize_generation_data,198,8,0.734,NA
200,67,negative-to-zero,lexicase,FALSE,20,elitize_generation_data,199,9,0.76,NA
201,67,negative-to-zero,lexicase,FALSE,20,elitize_generation_data,200,7,0.748,NA
202,67,negative-to-zero,lexicase,FALSE,20,elitize_generation_data,201,6,0.707,NA
203,67,negative-to-zero,lexicase,FALSE,20,elitize_generation_data,202,8,0.712,NA
204,67,negative-to-zero,lexicase,FALSE,20,elitize_generation_data,203,7,0.735,NA
205,67,negative-to-zero,lexicase,FALSE,20,elitize_generation_data,204,8,0.717,NA
206,67,negative-to-zero,lexicase,FALSE,20,elitize_generation_data,205,8,0.742,NA
207,67,negative-to-zero,lexicase,FALSE,20,elitize_generation_data,206,8,0.738,NA
208,67,negative-to-zero,lexicase,FALSE,20,elitize_generation_data,207,8,0.728,NA
209,67,negative-to-zero,lexicase,FALSE,20,elitize_generation_data,208,7,0.747,NA
210,67,negative-to-zero,lexicase,FALSE,20,elitize_generation_data,209,8,0.722,NA
211,67,negative-to-zero,lexicase,FALSE,20,elitize_generation_data,210,7,0.71,NA
212,67,negative-to-zero,lexicase,FALSE,20,elitize_generation_data,211,7,0.726,NA
213,67,negative-to-zero,lexicase,FALSE,20,elitize_generation_data,212,5,0.707,NA
214,67,negative-to-zero,lexicase,FALSE,20,elitize_generation_data,213,5,0.732,NA
215,67,negative-to-zero,lexicase,FALSE,20,elitize_generation_data,214,5,0.703,NA
216,67,negative-to-zero,lexicase,FALSE,20,elitize_generation_data,215,6,0.696,NA
217,67,negative-to-zero,lexicase,FALSE,20,elitize_generation_data,216,7,0.731,NA
218,67,negative-to-zero,lexicase,FALSE,20,elitize_generation_data,217,6,0.701,NA
219,67,negative-to-zero,lexicase,FALSE,20,elitize_generation_data,218,8,0.73,NA
220,67,negative-to-zero,lexicase,FALSE,20,elitize_generation_data,219,5,0.721,NA
221,67,negative-to-zero,lexicase,FALSE,20,elitize_generation_data,220,6,0.704,NA
222,67,negative-to-zero,lexicase,FALSE,20,elitize_generation_data,221,6,0.695,NA
223,67,negative-to-zero,lexicase,FALSE,20,elitize_generation_data,222,8,0.718,NA
224,67,negative-to-zero,lexicase,FALSE,20,elitize_generation_data,223,6,0.717,NA
225,67,negative-to-zero,lexicase,FALSE,20,elitize_generation_data,224,6,0.71,NA
226,67,negative-to-zero,lexicase,FALSE,20,elitize_generation_data,225,7,0.696,NA
227,67,negative-to-zero,lexicase,FALSE,20,elitize_generation_data,226,7,0.713,NA
228,67,negative-to-zero,lexicase,FALSE,20,elitize_generation_data,227,7,0.719,NA
229,67,negative-to-zero,lexicase,FALSE,20,elitize_generation_data,228,8,0.705,NA
230,67,negative-to-zero,lexicase,FALSE,20,elitize_generation_data,229,7,0.698,NA
231,67,negative-to-zero,lexicase,FALSE,20,elitize_generation_data,230,7,0.705,NA
232,67,negative-to-zero,lexicase,FALSE,20,elitize_generation_data,231,5,0.69,NA
233,67,negative-to-zero,lexicase,FALSE,20,elitize_generation_data,232,8,0.715,NA
234,67,negative-to-zero,lexicase,FALSE,20,elitize_generation_data,233,8,0.708,NA
235,67,negative-to-zero,lexicase,FALSE,20,elitize_generation_data,234,7,0.694,NA
236,67,negative-to-zero,lexicase,FALSE,20,elitize_generation_data,235,7,0.697,NA
237,67,negative-to-zero,lexicase,FALSE,20,elitize_generation_data,236,6,0.706,NA
238,67,negative-to-zero,lexicase,FALSE,20,elitize_generation_data,237,7,0.708,NA
239,67,negative-to-zero,lexicase,FALSE,20,elitize_generation_data,238,7,0.674,NA
240,67,negative-to-zero,lexicase,FALSE,20,elitize_generation_data,239,7,0.704,NA
241,67,negative-to-zero,lexicase,FALSE,20,elitize_generation_data,240,11,0.704,NA
242,67,negative-to-zero,lexicase,FALSE,20,elitize_generation_data,241,8,0.684,NA
243,67,negative-to-zero,lexicase,FALSE,20,elitize_generation_data,242,8,0.689,NA
244,67,negative-to-zero,lexicase,FALSE,20,elitize_generation_data,243,8,0.721,NA
245,67,negative-to-zero,lexicase,FALSE,20,elitize_generation_data,244,8,0.731,NA
246,67,negative-to-zero,lexicase,FALSE,20,elitize_generation_data,245,7,0.686,NA
247,67,negative-to-zero,lexicase,FALSE,20,elitize_generation_data,246,7,0.693,NA
248,67,negative-to-zero,lexicase,FALSE,20,elitize_generation_data,247,7,0.709,NA
249,67,negative-to-zero,lexicase,FALSE,20,elitize_generation_data,248,6,0.687,NA
250,67,negative-to-zero,lexicase,FALSE,20,elitize_generation_data,249,6,0.648,NA
251,67,negative-to-zero,lexicase,FALSE,20,elitize_generation_data,250,7,0.696,NA
252,67,negative-to-zero,lexicase,FALSE,20,elitize_generation_data,251,6,0.715,NA
253,67,negative-to-zero,lexicase,FALSE,20,elitize_generation_data,252,7,0.712,NA
254,67,negative-to-zero,lexicase,FALSE,20,elitize_generation_data,253,6,0.673,NA
255,67,negative-to-zero,lexicase,FALSE,20,elitize_generation_data,254,8,0.697,NA
256,67,negative-to-zero,lexicase,FALSE,20,elitize_generation_data,255,8,0.696,NA
257,67,negative-to-zero,lexicase,FALSE,20,elitize_generation_data,256,6,0.693,NA
258,67,negative-to-zero,lexicase,FALSE,20,elitize_generation_data,257,6,0.689,NA
259,67,negative-to-zero,lexicase,FALSE,20,elitize_generation_data,258,6,0.685,NA
260,67,negative-to-zero,lexicase,FALSE,20,elitize_generation_data,259,6,0.714,NA
261,67,negative-to-zero,lexicase,FALSE,20,elitize_generation_data,260,7,0.689,NA
262,67,negative-to-zero,lexicase,FALSE,20,elitize_generation_data,261,6,0.719,NA
263,67,negative-to-zero,lexicase,FALSE,20,elitize_generation_data,262,5,0.681,NA
264,67,negative-to-zero,lexicase,FALSE,20,elitize_generation_data,263,5,0.703,NA
265,67,negative-to-zero,lexicase,FALSE,20,elitize_generation_data,264,5,0.705,NA
266,67,negative-to-zero,lexicase,FALSE,20,elitize_generation_data,265,6,0.691,NA
267,67,negative-to-zero,lexicase,FALSE,20,elitize_generation_data,266,6,0.71,NA
268,67,negative-to-zero,lexicase,FALSE,20,elitize_generation_data,267,6,0.71,NA
269,67,negative-to-zero,lexicase,FALSE,20,elitize_generation_data,268,6,0.677,NA
270,67,negative-to-zero,lexicase,FALSE,20,elitize_generation_data,269,7,0.696,NA
271,67,negative-to-zero,lexicase,FALSE,20,elitize_generation_data,270,9,0.697,NA
272,67,negative-to-zero,lexicase,FALSE,20,elitize_generation_data,271,10,0.702,NA
273,67,negative-to-zero,lexicase,FALSE,20,elitize_generation_data,272,9,0.715,NA
274,67,negative-to-zero,lexicase,FALSE,20,elitize_generation_data,273,9,0.699,NA
275,67,negative-to-zero,lexicase,FALSE,20,elitize_generation_data,274,8,0.689,NA
276,67,negative-to-zero,lexicase,FALSE,20,elitize_generation_data,275,8,0.678,NA
277,67,negative-to-zero,lexicase,FALSE,20,elitize_generation_data,276,9,0.68,NA
278,67,negative-to-zero,lexicase,FALSE,20,elitize_generation_data,277,8,0.671,NA
279,67,negative-to-zero,lexicase,FALSE,20,elitize_generation_data,278,7,0.675,NA
280,67,negative-to-zero,lexicase,FALSE,20,elitize_generation_data,279,9,0.682,NA
281,67,negative-to-zero,lexicase,FALSE,20,elitize_generation_data,280,8,0.702,NA
282,67,negative-to-zero,lexicase,FALSE,20,elitize_generation_data,281,5,0.716,NA
283,67,negative-to-zero,lexicase,FALSE,20,elitize_generation_data,282,6,0.696,NA
284,67,negative-to-zero,lexicase,FALSE,20,elitize_generation_data,283,5,0.671,NA
285,67,negative-to-zero,lexicase,FALSE,20,elitize_generation_data,284,9,0.713,NA
286,67,negative-to-zero,lexicase,FALSE,20,elitize_generation_data,285,9,0.696,NA
287,67,negative-to-zero,lexicase,FALSE,20,elitize_generation_data,286,9,0.69,NA
288,67,negative-to-zero,lexicase,FALSE,20,elitize_generation_data,287,6,0.694,NA
289,67,negative-to-zero,lexicase,FALSE,20,elitize_generation_data,288,8,0.702,NA
290,67,negative-to-zero,lexicase,FALSE,20,elitize_generation_data,289,8,0.693,NA
291,67,negative-to-zero,lexicase,FALSE,20,elitize_generation_data,290,6,0.675,NA
292,67,negative-to-zero,lexicase,FALSE,20,elitize_generation_data,291,13,0.706,NA
293,67,negative-to-zero,lexicase,FALSE,20,elitize_generation_data,292,8,0.655,NA
294,67,negative-to-zero,lexicase,FALSE,20,elitize_generation_data,293,7,0.7,NA
295,67,negative-to-zero,lexicase,FALSE,20,elitize_generation_data,294,7,0.67,NA
296,67,negative-to-zero,lexicase,FALSE,20,elitize_generation_data,295,9,0.708,NA
297,67,negative-to-zero,lexicase,FALSE,20,elitize_generation_data,296,5,0.699,NA
298,67,negative-to-zero,lexicase,FALSE,20,elitize_generation_data,297,5,0.681,NA
299,67,negative-to-zero,lexicase,FALSE,20,elitize_generation_data,298,8,0.669,NA
300,67,negative-to-zero,lexicase,FALSE,20,elitize_generation_data,299,6,0.683,NA
301,67,negative-to-zero,lexicase,FALSE,20,elitize_generation_data,300,6,0.708,NA
