,run.num,problem,treatment,succeeded,height,normalization.function,generation,cluster.count,error.diversity,success.generation
1,22,scrabble-score,lexicase,FALSE,20,elitize_generation_data,0,3,0.115,NA
2,22,scrabble-score,lexicase,FALSE,20,elitize_generation_data,1,2,0.226,NA
3,22,scrabble-score,lexicase,FALSE,20,elitize_generation_data,2,2,0.306,NA
4,22,scrabble-score,lexicase,FALSE,20,elitize_generation_data,3,2,0.371,NA
5,22,scrabble-score,lexicase,FALSE,20,elitize_generation_data,4,2,0.454,NA
6,22,scrabble-score,lexicase,FALSE,20,elitize_generation_data,5,2,0.53,NA
7,22,scrabble-score,lexicase,FALSE,20,elitize_generation_data,6,2,0.53,NA
8,22,scrabble-score,lexicase,FALSE,20,elitize_generation_data,7,3,0.621,NA
9,22,scrabble-score,lexicase,FALSE,20,elitize_generation_data,8,2,0.642,NA
10,22,scrabble-score,lexicase,FALSE,20,elitize_generation_data,9,4,0.682,NA
11,22,scrabble-score,lexicase,FALSE,20,elitize_generation_data,10,4,0.713,NA
12,22,scrabble-score,lexicase,FALSE,20,elitize_generation_data,11,6,0.738,NA
13,22,scrabble-score,lexicase,FALSE,20,elitize_generation_data,12,7,0.755,NA
14,22,scrabble-score,lexicase,FALSE,20,elitize_generation_data,13,6,0.746,NA
15,22,scrabble-score,lexicase,FALSE,20,elitize_generation_data,14,6,0.747,NA
16,22,scrabble-score,lexicase,FALSE,20,elitize_generation_data,15,11,0.751,NA
17,22,scrabble-score,lexicase,FALSE,20,elitize_generation_data,16,6,0.746,NA
18,22,scrabble-score,lexicase,FALSE,20,elitize_generation_data,17,6,0.761,NA
19,22,scrabble-score,lexicase,FALSE,20,elitize_generation_data,18,12,0.775,NA
20,22,scrabble-score,lexicase,FALSE,20,elitize_generation_data,19,13,0.796,NA
21,22,scrabble-score,lexicase,FALSE,20,elitize_generation_data,20,14,0.792,NA
22,22,scrabble-score,lexicase,FALSE,20,elitize_generation_data,21,12,0.793,NA
23,22,scrabble-score,lexicase,FALSE,20,elitize_generation_data,22,7,0.79,NA
24,22,scrabble-score,lexicase,FALSE,20,elitize_generation_data,23,11,0.781,NA
25,22,scrabble-score,lexicase,FALSE,20,elitize_generation_data,24,11,0.822,NA
26,22,scrabble-score,lexicase,FALSE,20,elitize_generation_data,25,14,0.814,NA
27,22,scrabble-score,lexicase,FALSE,20,elitize_generation_data,26,15,0.806,NA
28,22,scrabble-score,lexicase,FALSE,20,elitize_generation_data,27,12,0.815,NA
29,22,scrabble-score,lexicase,FALSE,20,elitize_generation_data,28,13,0.823,NA
30,22,scrabble-score,lexicase,FALSE,20,elitize_generation_data,29,10,0.829,NA
31,22,scrabble-score,lexicase,FALSE,20,elitize_generation_data,30,9,0.812,NA
32,22,scrabble-score,lexicase,FALSE,20,elitize_generation_data,31,9,0.824,NA
33,22,scrabble-score,lexicase,FALSE,20,elitize_generation_data,32,11,0.846,NA
34,22,scrabble-score,lexicase,FALSE,20,elitize_generation_data,33,12,0.823,NA
35,22,scrabble-score,lexicase,FALSE,20,elitize_generation_data,34,11,0.812,NA
36,22,scrabble-score,lexicase,FALSE,20,elitize_generation_data,35,12,0.826,NA
37,22,scrabble-score,lexicase,FALSE,20,elitize_generation_data,36,14,0.856,NA
38,22,scrabble-score,lexicase,FALSE,20,elitize_generation_data,37,12,0.83,NA
39,22,scrabble-score,lexicase,FALSE,20,elitize_generation_data,38,12,0.817,NA
40,22,scrabble-score,lexicase,FALSE,20,elitize_generation_data,39,15,0.832,NA
41,22,scrabble-score,lexicase,FALSE,20,elitize_generation_data,40,13,0.83,NA
42,22,scrabble-score,lexicase,FALSE,20,elitize_generation_data,41,15,0.824,NA
43,22,scrabble-score,lexicase,FALSE,20,elitize_generation_data,42,15,0.807,NA
44,22,scrabble-score,lexicase,FALSE,20,elitize_generation_data,43,15,0.829,NA
45,22,scrabble-score,lexicase,FALSE,20,elitize_generation_data,44,12,0.829,NA
46,22,scrabble-score,lexicase,FALSE,20,elitize_generation_data,45,13,0.816,NA
47,22,scrabble-score,lexicase,FALSE,20,elitize_generation_data,46,5,0.83,NA
48,22,scrabble-score,lexicase,FALSE,20,elitize_generation_data,47,10,0.834,NA
49,22,scrabble-score,lexicase,FALSE,20,elitize_generation_data,48,8,0.839,NA
50,22,scrabble-score,lexicase,FALSE,20,elitize_generation_data,49,7,0.824,NA
51,22,scrabble-score,lexicase,FALSE,20,elitize_generation_data,50,9,0.822,NA
52,22,scrabble-score,lexicase,FALSE,20,elitize_generation_data,51,9,0.824,NA
53,22,scrabble-score,lexicase,FALSE,20,elitize_generation_data,52,7,0.821,NA
54,22,scrabble-score,lexicase,FALSE,20,elitize_generation_data,53,12,0.841,NA
55,22,scrabble-score,lexicase,FALSE,20,elitize_generation_data,54,13,0.828,NA
56,22,scrabble-score,lexicase,FALSE,20,elitize_generation_data,55,13,0.819,NA
57,22,scrabble-score,lexicase,FALSE,20,elitize_generation_data,56,12,0.833,NA
58,22,scrabble-score,lexicase,FALSE,20,elitize_generation_data,57,14,0.824,NA
59,22,scrabble-score,lexicase,FALSE,20,elitize_generation_data,58,12,0.81,NA
60,22,scrabble-score,lexicase,FALSE,20,elitize_generation_data,59,15,0.837,NA
61,22,scrabble-score,lexicase,FALSE,20,elitize_generation_data,60,15,0.845,NA
62,22,scrabble-score,lexicase,FALSE,20,elitize_generation_data,61,14,0.807,NA
63,22,scrabble-score,lexicase,FALSE,20,elitize_generation_data,62,19,0.843,NA
64,22,scrabble-score,lexicase,FALSE,20,elitize_generation_data,63,17,0.848,NA
65,22,scrabble-score,lexicase,FALSE,20,elitize_generation_data,64,20,0.825,NA
66,22,scrabble-score,lexicase,FALSE,20,elitize_generation_data,65,20,0.826,NA
67,22,scrabble-score,lexicase,FALSE,20,elitize_generation_data,66,19,0.824,NA
68,22,scrabble-score,lexicase,FALSE,20,elitize_generation_data,67,21,0.838,NA
69,22,scrabble-score,lexicase,FALSE,20,elitize_generation_data,68,19,0.841,NA
70,22,scrabble-score,lexicase,FALSE,20,elitize_generation_data,69,19,0.849,NA
71,22,scrabble-score,lexicase,FALSE,20,elitize_generation_data,70,21,0.825,NA
72,22,scrabble-score,lexicase,FALSE,20,elitize_generation_data,71,18,0.843,NA
73,22,scrabble-score,lexicase,FALSE,20,elitize_generation_data,72,18,0.838,NA
74,22,scrabble-score,lexicase,FALSE,20,elitize_generation_data,73,18,0.823,NA
75,22,scrabble-score,lexicase,FALSE,20,elitize_generation_data,74,18,0.831,NA
76,22,scrabble-score,lexicase,FALSE,20,elitize_generation_data,75,19,0.84,NA
77,22,scrabble-score,lexicase,FALSE,20,elitize_generation_data,76,17,0.832,NA
78,22,scrabble-score,lexicase,FALSE,20,elitize_generation_data,77,17,0.834,NA
79,22,scrabble-score,lexicase,FALSE,20,elitize_generation_data,78,22,0.826,NA
80,22,scrabble-score,lexicase,FALSE,20,elitize_generation_data,79,18,0.832,NA
81,22,scrabble-score,lexicase,FALSE,20,elitize_generation_data,80,26,0.805,NA
82,22,scrabble-score,lexicase,FALSE,20,elitize_generation_data,81,30,0.832,NA
83,22,scrabble-score,lexicase,FALSE,20,elitize_generation_data,82,27,0.844,NA
84,22,scrabble-score,lexicase,FALSE,20,elitize_generation_data,83,33,0.835,NA
85,22,scrabble-score,lexicase,FALSE,20,elitize_generation_data,84,31,0.848,NA
86,22,scrabble-score,lexicase,FALSE,20,elitize_generation_data,85,35,0.837,NA
87,22,scrabble-score,lexicase,FALSE,20,elitize_generation_data,86,33,0.834,NA
88,22,scrabble-score,lexicase,FALSE,20,elitize_generation_data,87,31,0.833,NA
89,22,scrabble-score,lexicase,FALSE,20,elitize_generation_data,88,40,0.851,NA
90,22,scrabble-score,lexicase,FALSE,20,elitize_generation_data,89,39,0.824,NA
91,22,scrabble-score,lexicase,FALSE,20,elitize_generation_data,90,34,0.855,NA
92,22,scrabble-score,lexicase,FALSE,20,elitize_generation_data,91,39,0.855,NA
93,22,scrabble-score,lexicase,FALSE,20,elitize_generation_data,92,38,0.824,NA
94,22,scrabble-score,lexicase,FALSE,20,elitize_generation_data,93,41,0.814,NA
95,22,scrabble-score,lexicase,FALSE,20,elitize_generation_data,94,35,0.843,NA
96,22,scrabble-score,lexicase,FALSE,20,elitize_generation_data,95,36,0.842,NA
97,22,scrabble-score,lexicase,FALSE,20,elitize_generation_data,96,35,0.848,NA
98,22,scrabble-score,lexicase,FALSE,20,elitize_generation_data,97,39,0.809,NA
99,22,scrabble-score,lexicase,FALSE,20,elitize_generation_data,98,38,0.841,NA
100,22,scrabble-score,lexicase,FALSE,20,elitize_generation_data,99,37,0.825,NA
101,22,scrabble-score,lexicase,FALSE,20,elitize_generation_data,100,33,0.853,NA
102,22,scrabble-score,lexicase,FALSE,20,elitize_generation_data,101,40,0.84,NA
103,22,scrabble-score,lexicase,FALSE,20,elitize_generation_data,102,50,0.83,NA
104,22,scrabble-score,lexicase,FALSE,20,elitize_generation_data,103,40,0.85,NA
105,22,scrabble-score,lexicase,FALSE,20,elitize_generation_data,104,46,0.831,NA
106,22,scrabble-score,lexicase,FALSE,20,elitize_generation_data,105,48,0.827,NA
107,22,scrabble-score,lexicase,FALSE,20,elitize_generation_data,106,52,0.839,NA
108,22,scrabble-score,lexicase,FALSE,20,elitize_generation_data,107,47,0.833,NA
109,22,scrabble-score,lexicase,FALSE,20,elitize_generation_data,108,41,0.823,NA
110,22,scrabble-score,lexicase,FALSE,20,elitize_generation_data,109,47,0.824,NA
111,22,scrabble-score,lexicase,FALSE,20,elitize_generation_data,110,47,0.822,NA
112,22,scrabble-score,lexicase,FALSE,20,elitize_generation_data,111,45,0.85,NA
113,22,scrabble-score,lexicase,FALSE,20,elitize_generation_data,112,48,0.823,NA
114,22,scrabble-score,lexicase,FALSE,20,elitize_generation_data,113,41,0.826,NA
115,22,scrabble-score,lexicase,FALSE,20,elitize_generation_data,114,41,0.842,NA
116,22,scrabble-score,lexicase,FALSE,20,elitize_generation_data,115,44,0.842,NA
117,22,scrabble-score,lexicase,FALSE,20,elitize_generation_data,116,44,0.86,NA
118,22,scrabble-score,lexicase,FALSE,20,elitize_generation_data,117,43,0.836,NA
119,22,scrabble-score,lexicase,FALSE,20,elitize_generation_data,118,40,0.837,NA
120,22,scrabble-score,lexicase,FALSE,20,elitize_generation_data,119,44,0.831,NA
121,22,scrabble-score,lexicase,FALSE,20,elitize_generation_data,120,43,0.839,NA
122,22,scrabble-score,lexicase,FALSE,20,elitize_generation_data,121,49,0.844,NA
123,22,scrabble-score,lexicase,FALSE,20,elitize_generation_data,122,52,0.855,NA
124,22,scrabble-score,lexicase,FALSE,20,elitize_generation_data,123,44,0.853,NA
125,22,scrabble-score,lexicase,FALSE,20,elitize_generation_data,124,44,0.866,NA
126,22,scrabble-score,lexicase,FALSE,20,elitize_generation_data,125,40,0.872,NA
127,22,scrabble-score,lexicase,FALSE,20,elitize_generation_data,126,46,0.833,NA
128,22,scrabble-score,lexicase,FALSE,20,elitize_generation_data,127,41,0.852,NA
129,22,scrabble-score,lexicase,FALSE,20,elitize_generation_data,128,33,0.855,NA
130,22,scrabble-score,lexicase,FALSE,20,elitize_generation_data,129,45,0.845,NA
131,22,scrabble-score,lexicase,FALSE,20,elitize_generation_data,130,45,0.848,NA
132,22,scrabble-score,lexicase,FALSE,20,elitize_generation_data,131,44,0.828,NA
133,22,scrabble-score,lexicase,FALSE,20,elitize_generation_data,132,36,0.859,NA
134,22,scrabble-score,lexicase,FALSE,20,elitize_generation_data,133,31,0.871,NA
135,22,scrabble-score,lexicase,FALSE,20,elitize_generation_data,134,33,0.859,NA
136,22,scrabble-score,lexicase,FALSE,20,elitize_generation_data,135,25,0.857,NA
137,22,scrabble-score,lexicase,FALSE,20,elitize_generation_data,136,37,0.888,NA
138,22,scrabble-score,lexicase,FALSE,20,elitize_generation_data,137,37,0.882,NA
139,22,scrabble-score,lexicase,FALSE,20,elitize_generation_data,138,39,0.871,NA
140,22,scrabble-score,lexicase,FALSE,20,elitize_generation_data,139,38,0.864,NA
141,22,scrabble-score,lexicase,FALSE,20,elitize_generation_data,140,41,0.878,NA
142,22,scrabble-score,lexicase,FALSE,20,elitize_generation_data,141,40,0.874,NA
143,22,scrabble-score,lexicase,FALSE,20,elitize_generation_data,142,32,0.901,NA
144,22,scrabble-score,lexicase,FALSE,20,elitize_generation_data,143,34,0.897,NA
145,22,scrabble-score,lexicase,FALSE,20,elitize_generation_data,144,39,0.872,NA
146,22,scrabble-score,lexicase,FALSE,20,elitize_generation_data,145,36,0.905,NA
147,22,scrabble-score,lexicase,FALSE,20,elitize_generation_data,146,31,0.889,NA
148,22,scrabble-score,lexicase,FALSE,20,elitize_generation_data,147,29,0.879,NA
149,22,scrabble-score,lexicase,FALSE,20,elitize_generation_data,148,29,0.877,NA
150,22,scrabble-score,lexicase,FALSE,20,elitize_generation_data,149,30,0.865,NA
151,22,scrabble-score,lexicase,FALSE,20,elitize_generation_data,150,31,0.85,NA
152,22,scrabble-score,lexicase,FALSE,20,elitize_generation_data,151,21,0.857,NA
153,22,scrabble-score,lexicase,FALSE,20,elitize_generation_data,152,25,0.878,NA
154,22,scrabble-score,lexicase,FALSE,20,elitize_generation_data,153,18,0.879,NA
155,22,scrabble-score,lexicase,FALSE,20,elitize_generation_data,154,21,0.865,NA
156,22,scrabble-score,lexicase,FALSE,20,elitize_generation_data,155,23,0.885,NA
157,22,scrabble-score,lexicase,FALSE,20,elitize_generation_data,156,22,0.866,NA
158,22,scrabble-score,lexicase,FALSE,20,elitize_generation_data,157,27,0.867,NA
159,22,scrabble-score,lexicase,FALSE,20,elitize_generation_data,158,17,0.873,NA
160,22,scrabble-score,lexicase,FALSE,20,elitize_generation_data,159,19,0.884,NA
161,22,scrabble-score,lexicase,FALSE,20,elitize_generation_data,160,18,0.866,NA
162,22,scrabble-score,lexicase,FALSE,20,elitize_generation_data,161,20,0.867,NA
163,22,scrabble-score,lexicase,FALSE,20,elitize_generation_data,162,16,0.86,NA
164,22,scrabble-score,lexicase,FALSE,20,elitize_generation_data,163,17,0.884,NA
165,22,scrabble-score,lexicase,FALSE,20,elitize_generation_data,164,18,0.866,NA
166,22,scrabble-score,lexicase,FALSE,20,elitize_generation_data,165,19,0.887,NA
167,22,scrabble-score,lexicase,FALSE,20,elitize_generation_data,166,18,0.879,NA
168,22,scrabble-score,lexicase,FALSE,20,elitize_generation_data,167,19,0.888,NA
169,22,scrabble-score,lexicase,FALSE,20,elitize_generation_data,168,23,0.878,NA
170,22,scrabble-score,lexicase,FALSE,20,elitize_generation_data,169,22,0.863,NA
171,22,scrabble-score,lexicase,FALSE,20,elitize_generation_data,170,21,0.89,NA
172,22,scrabble-score,lexicase,FALSE,20,elitize_generation_data,171,27,0.879,NA
173,22,scrabble-score,lexicase,FALSE,20,elitize_generation_data,172,22,0.866,NA
174,22,scrabble-score,lexicase,FALSE,20,elitize_generation_data,173,22,0.875,NA
175,22,scrabble-score,lexicase,FALSE,20,elitize_generation_data,174,21,0.873,NA
176,22,scrabble-score,lexicase,FALSE,20,elitize_generation_data,175,20,0.879,NA
177,22,scrabble-score,lexicase,FALSE,20,elitize_generation_data,176,20,0.871,NA
178,22,scrabble-score,lexicase,FALSE,20,elitize_generation_data,177,21,0.851,NA
179,22,scrabble-score,lexicase,FALSE,20,elitize_generation_data,178,26,0.865,NA
180,22,scrabble-score,lexicase,FALSE,20,elitize_generation_data,179,20,0.867,NA
181,22,scrabble-score,lexicase,FALSE,20,elitize_generation_data,180,21,0.87,NA
182,22,scrabble-score,lexicase,FALSE,20,elitize_generation_data,181,15,0.873,NA
183,22,scrabble-score,lexicase,FALSE,20,elitize_generation_data,182,14,0.893,NA
184,22,scrabble-score,lexicase,FALSE,20,elitize_generation_data,183,17,0.88,NA
185,22,scrabble-score,lexicase,FALSE,20,elitize_generation_data,184,14,0.871,NA
186,22,scrabble-score,lexicase,FALSE,20,elitize_generation_data,185,10,0.887,NA
187,22,scrabble-score,lexicase,FALSE,20,elitize_generation_data,186,18,0.88,NA
188,22,scrabble-score,lexicase,FALSE,20,elitize_generation_data,187,19,0.859,NA
189,22,scrabble-score,lexicase,FALSE,20,elitize_generation_data,188,24,0.878,NA
190,22,scrabble-score,lexicase,FALSE,20,elitize_generation_data,189,23,0.864,NA
191,22,scrabble-score,lexicase,FALSE,20,elitize_generation_data,190,18,0.879,NA
192,22,scrabble-score,lexicase,FALSE,20,elitize_generation_data,191,17,0.865,NA
193,22,scrabble-score,lexicase,FALSE,20,elitize_generation_data,192,14,0.874,NA
194,22,scrabble-score,lexicase,FALSE,20,elitize_generation_data,193,16,0.865,NA
195,22,scrabble-score,lexicase,FALSE,20,elitize_generation_data,194,13,0.885,NA
196,22,scrabble-score,lexicase,FALSE,20,elitize_generation_data,195,20,0.867,NA
197,22,scrabble-score,lexicase,FALSE,20,elitize_generation_data,196,20,0.856,NA
198,22,scrabble-score,lexicase,FALSE,20,elitize_generation_data,197,17,0.858,NA
199,22,scrabble-score,lexicase,FALSE,20,elitize_generation_data,198,15,0.864,NA
200,22,scrabble-score,lexicase,FALSE,20,elitize_generation_data,199,18,0.865,NA
201,22,scrabble-score,lexicase,FALSE,20,elitize_generation_data,200,18,0.863,NA
202,22,scrabble-score,lexicase,FALSE,20,elitize_generation_data,201,19,0.86,NA
203,22,scrabble-score,lexicase,FALSE,20,elitize_generation_data,202,24,0.835,NA
204,22,scrabble-score,lexicase,FALSE,20,elitize_generation_data,203,21,0.858,NA
205,22,scrabble-score,lexicase,FALSE,20,elitize_generation_data,204,22,0.875,NA
206,22,scrabble-score,lexicase,FALSE,20,elitize_generation_data,205,22,0.86,NA
207,22,scrabble-score,lexicase,FALSE,20,elitize_generation_data,206,26,0.872,NA
208,22,scrabble-score,lexicase,FALSE,20,elitize_generation_data,207,26,0.857,NA
209,22,scrabble-score,lexicase,FALSE,20,elitize_generation_data,208,25,0.871,NA
210,22,scrabble-score,lexicase,FALSE,20,elitize_generation_data,209,25,0.878,NA
211,22,scrabble-score,lexicase,FALSE,20,elitize_generation_data,210,20,0.871,NA
212,22,scrabble-score,lexicase,FALSE,20,elitize_generation_data,211,21,0.881,NA
213,22,scrabble-score,lexicase,FALSE,20,elitize_generation_data,212,26,0.865,NA
214,22,scrabble-score,lexicase,FALSE,20,elitize_generation_data,213,29,0.847,NA
215,22,scrabble-score,lexicase,FALSE,20,elitize_generation_data,214,27,0.845,NA
216,22,scrabble-score,lexicase,FALSE,20,elitize_generation_data,215,26,0.871,NA
217,22,scrabble-score,lexicase,FALSE,20,elitize_generation_data,216,29,0.854,NA
218,22,scrabble-score,lexicase,FALSE,20,elitize_generation_data,217,26,0.84,NA
219,22,scrabble-score,lexicase,FALSE,20,elitize_generation_data,218,19,0.858,NA
220,22,scrabble-score,lexicase,FALSE,20,elitize_generation_data,219,26,0.87,NA
221,22,scrabble-score,lexicase,FALSE,20,elitize_generation_data,220,29,0.853,NA
222,22,scrabble-score,lexicase,FALSE,20,elitize_generation_data,221,24,0.858,NA
223,22,scrabble-score,lexicase,FALSE,20,elitize_generation_data,222,29,0.861,NA
224,22,scrabble-score,lexicase,FALSE,20,elitize_generation_data,223,21,0.868,NA
225,22,scrabble-score,lexicase,FALSE,20,elitize_generation_data,224,19,0.86,NA
226,22,scrabble-score,lexicase,FALSE,20,elitize_generation_data,225,26,0.861,NA
227,22,scrabble-score,lexicase,FALSE,20,elitize_generation_data,226,28,0.876,NA
228,22,scrabble-score,lexicase,FALSE,20,elitize_generation_data,227,27,0.905,NA
229,22,scrabble-score,lexicase,FALSE,20,elitize_generation_data,228,30,0.889,NA
230,22,scrabble-score,lexicase,FALSE,20,elitize_generation_data,229,31,0.878,NA
231,22,scrabble-score,lexicase,FALSE,20,elitize_generation_data,230,32,0.888,NA
232,22,scrabble-score,lexicase,FALSE,20,elitize_generation_data,231,31,0.872,NA
233,22,scrabble-score,lexicase,FALSE,20,elitize_generation_data,232,28,0.884,NA
234,22,scrabble-score,lexicase,FALSE,20,elitize_generation_data,233,30,0.883,NA
235,22,scrabble-score,lexicase,FALSE,20,elitize_generation_data,234,36,0.879,NA
236,22,scrabble-score,lexicase,FALSE,20,elitize_generation_data,235,36,0.9,NA
237,22,scrabble-score,lexicase,FALSE,20,elitize_generation_data,236,29,0.891,NA
238,22,scrabble-score,lexicase,FALSE,20,elitize_generation_data,237,28,0.891,NA
239,22,scrabble-score,lexicase,FALSE,20,elitize_generation_data,238,22,0.904,NA
240,22,scrabble-score,lexicase,FALSE,20,elitize_generation_data,239,28,0.888,NA
241,22,scrabble-score,lexicase,FALSE,20,elitize_generation_data,240,23,0.894,NA
242,22,scrabble-score,lexicase,FALSE,20,elitize_generation_data,241,24,0.908,NA
243,22,scrabble-score,lexicase,FALSE,20,elitize_generation_data,242,21,0.881,NA
244,22,scrabble-score,lexicase,FALSE,20,elitize_generation_data,243,25,0.884,NA
245,22,scrabble-score,lexicase,FALSE,20,elitize_generation_data,244,26,0.878,NA
246,22,scrabble-score,lexicase,FALSE,20,elitize_generation_data,245,27,0.883,NA
247,22,scrabble-score,lexicase,FALSE,20,elitize_generation_data,246,24,0.873,NA
248,22,scrabble-score,lexicase,FALSE,20,elitize_generation_data,247,29,0.878,NA
249,22,scrabble-score,lexicase,FALSE,20,elitize_generation_data,248,24,0.886,NA
250,22,scrabble-score,lexicase,FALSE,20,elitize_generation_data,249,24,0.892,NA
251,22,scrabble-score,lexicase,FALSE,20,elitize_generation_data,250,27,0.867,NA
252,22,scrabble-score,lexicase,FALSE,20,elitize_generation_data,251,29,0.901,NA
253,22,scrabble-score,lexicase,FALSE,20,elitize_generation_data,252,27,0.889,NA
254,22,scrabble-score,lexicase,FALSE,20,elitize_generation_data,253,26,0.89,NA
255,22,scrabble-score,lexicase,FALSE,20,elitize_generation_data,254,28,0.879,NA
256,22,scrabble-score,lexicase,FALSE,20,elitize_generation_data,255,26,0.867,NA
257,22,scrabble-score,lexicase,FALSE,20,elitize_generation_data,256,24,0.89,NA
258,22,scrabble-score,lexicase,FALSE,20,elitize_generation_data,257,24,0.862,NA
259,22,scrabble-score,lexicase,FALSE,20,elitize_generation_data,258,18,0.865,NA
260,22,scrabble-score,lexicase,FALSE,20,elitize_generation_data,259,22,0.868,NA
261,22,scrabble-score,lexicase,FALSE,20,elitize_generation_data,260,27,0.843,NA
262,22,scrabble-score,lexicase,FALSE,20,elitize_generation_data,261,24,0.859,NA
263,22,scrabble-score,lexicase,FALSE,20,elitize_generation_data,262,30,0.869,NA
264,22,scrabble-score,lexicase,FALSE,20,elitize_generation_data,263,29,0.854,NA
265,22,scrabble-score,lexicase,FALSE,20,elitize_generation_data,264,33,0.844,NA
266,22,scrabble-score,lexicase,FALSE,20,elitize_generation_data,265,30,0.88,NA
267,22,scrabble-score,lexicase,FALSE,20,elitize_generation_data,266,28,0.867,NA
268,22,scrabble-score,lexicase,FALSE,20,elitize_generation_data,267,29,0.889,NA
269,22,scrabble-score,lexicase,FALSE,20,elitize_generation_data,268,29,0.877,NA
270,22,scrabble-score,lexicase,FALSE,20,elitize_generation_data,269,31,0.866,NA
271,22,scrabble-score,lexicase,FALSE,20,elitize_generation_data,270,35,0.879,NA
272,22,scrabble-score,lexicase,FALSE,20,elitize_generation_data,271,30,0.874,NA
273,22,scrabble-score,lexicase,FALSE,20,elitize_generation_data,272,34,0.879,NA
274,22,scrabble-score,lexicase,FALSE,20,elitize_generation_data,273,31,0.894,NA
275,22,scrabble-score,lexicase,FALSE,20,elitize_generation_data,274,33,0.873,NA
276,22,scrabble-score,lexicase,FALSE,20,elitize_generation_data,275,28,0.854,NA
277,22,scrabble-score,lexicase,FALSE,20,elitize_generation_data,276,24,0.882,NA
278,22,scrabble-score,lexicase,FALSE,20,elitize_generation_data,277,33,0.857,NA
279,22,scrabble-score,lexicase,FALSE,20,elitize_generation_data,278,36,0.868,NA
280,22,scrabble-score,lexicase,FALSE,20,elitize_generation_data,279,30,0.861,NA
281,22,scrabble-score,lexicase,FALSE,20,elitize_generation_data,280,33,0.869,NA
282,22,scrabble-score,lexicase,FALSE,20,elitize_generation_data,281,34,0.866,NA
283,22,scrabble-score,lexicase,FALSE,20,elitize_generation_data,282,32,0.878,NA
284,22,scrabble-score,lexicase,FALSE,20,elitize_generation_data,283,29,0.865,NA
285,22,scrabble-score,lexicase,FALSE,20,elitize_generation_data,284,28,0.884,NA
286,22,scrabble-score,lexicase,FALSE,20,elitize_generation_data,285,31,0.874,NA
287,22,scrabble-score,lexicase,FALSE,20,elitize_generation_data,286,30,0.862,NA
288,22,scrabble-score,lexicase,FALSE,20,elitize_generation_data,287,30,0.878,NA
289,22,scrabble-score,lexicase,FALSE,20,elitize_generation_data,288,23,0.865,NA
290,22,scrabble-score,lexicase,FALSE,20,elitize_generation_data,289,26,0.863,NA
291,22,scrabble-score,lexicase,FALSE,20,elitize_generation_data,290,32,0.863,NA
292,22,scrabble-score,lexicase,FALSE,20,elitize_generation_data,291,38,0.842,NA
293,22,scrabble-score,lexicase,FALSE,20,elitize_generation_data,292,32,0.86,NA
294,22,scrabble-score,lexicase,FALSE,20,elitize_generation_data,293,31,0.868,NA
295,22,scrabble-score,lexicase,FALSE,20,elitize_generation_data,294,27,0.849,NA
296,22,scrabble-score,lexicase,FALSE,20,elitize_generation_data,295,24,0.854,NA
297,22,scrabble-score,lexicase,FALSE,20,elitize_generation_data,296,24,0.852,NA
298,22,scrabble-score,lexicase,FALSE,20,elitize_generation_data,297,23,0.859,NA
299,22,scrabble-score,lexicase,FALSE,20,elitize_generation_data,298,20,0.878,NA
300,22,scrabble-score,lexicase,FALSE,20,elitize_generation_data,299,25,0.844,NA
301,22,scrabble-score,lexicase,FALSE,20,elitize_generation_data,300,21,0.854,NA
