,run.num,problem,treatment,succeeded,height,normalization.function,generation,cluster.count,error.diversity,success.generation
1,0,scrabble-score,lexicase,FALSE,20,elitize_generation_data,0,3,0.119,NA
2,0,scrabble-score,lexicase,FALSE,20,elitize_generation_data,1,1,0.147,NA
3,0,scrabble-score,lexicase,FALSE,20,elitize_generation_data,2,1,0.196,NA
4,0,scrabble-score,lexicase,FALSE,20,elitize_generation_data,3,1,0.271,NA
5,0,scrabble-score,lexicase,FALSE,20,elitize_generation_data,4,2,0.367,NA
6,0,scrabble-score,lexicase,FALSE,20,elitize_generation_data,5,2,0.389,NA
7,0,scrabble-score,lexicase,FALSE,20,elitize_generation_data,6,2,0.47,NA
8,0,scrabble-score,lexicase,FALSE,20,elitize_generation_data,7,2,0.509,NA
9,0,scrabble-score,lexicase,FALSE,20,elitize_generation_data,8,2,0.548,NA
10,0,scrabble-score,lexicase,FALSE,20,elitize_generation_data,9,2,0.59,NA
11,0,scrabble-score,lexicase,FALSE,20,elitize_generation_data,10,2,0.628,NA
12,0,scrabble-score,lexicase,FALSE,20,elitize_generation_data,11,4,0.673,NA
13,0,scrabble-score,lexicase,FALSE,20,elitize_generation_data,12,3,0.713,NA
14,0,scrabble-score,lexicase,FALSE,20,elitize_generation_data,13,5,0.708,NA
15,0,scrabble-score,lexicase,FALSE,20,elitize_generation_data,14,6,0.745,NA
16,0,scrabble-score,lexicase,FALSE,20,elitize_generation_data,15,7,0.745,NA
17,0,scrabble-score,lexicase,FALSE,20,elitize_generation_data,16,7,0.781,NA
18,0,scrabble-score,lexicase,FALSE,20,elitize_generation_data,17,7,0.779,NA
19,0,scrabble-score,lexicase,FALSE,20,elitize_generation_data,18,9,0.769,NA
20,0,scrabble-score,lexicase,FALSE,20,elitize_generation_data,19,11,0.812,NA
21,0,scrabble-score,lexicase,FALSE,20,elitize_generation_data,20,11,0.825,NA
22,0,scrabble-score,lexicase,FALSE,20,elitize_generation_data,21,12,0.795,NA
23,0,scrabble-score,lexicase,FALSE,20,elitize_generation_data,22,10,0.812,NA
24,0,scrabble-score,lexicase,FALSE,20,elitize_generation_data,23,13,0.811,NA
25,0,scrabble-score,lexicase,FALSE,20,elitize_generation_data,24,11,0.828,NA
26,0,scrabble-score,lexicase,FALSE,20,elitize_generation_data,25,12,0.829,NA
27,0,scrabble-score,lexicase,FALSE,20,elitize_generation_data,26,13,0.849,NA
28,0,scrabble-score,lexicase,FALSE,20,elitize_generation_data,27,16,0.837,NA
29,0,scrabble-score,lexicase,FALSE,20,elitize_generation_data,28,17,0.833,NA
30,0,scrabble-score,lexicase,FALSE,20,elitize_generation_data,29,17,0.841,NA
31,0,scrabble-score,lexicase,FALSE,20,elitize_generation_data,30,15,0.845,NA
32,0,scrabble-score,lexicase,FALSE,20,elitize_generation_data,31,17,0.837,NA
33,0,scrabble-score,lexicase,FALSE,20,elitize_generation_data,32,13,0.863,NA
34,0,scrabble-score,lexicase,FALSE,20,elitize_generation_data,33,16,0.835,NA
35,0,scrabble-score,lexicase,FALSE,20,elitize_generation_data,34,13,0.853,NA
36,0,scrabble-score,lexicase,FALSE,20,elitize_generation_data,35,11,0.863,NA
37,0,scrabble-score,lexicase,FALSE,20,elitize_generation_data,36,12,0.845,NA
38,0,scrabble-score,lexicase,FALSE,20,elitize_generation_data,37,17,0.834,NA
39,0,scrabble-score,lexicase,FALSE,20,elitize_generation_data,38,16,0.841,NA
40,0,scrabble-score,lexicase,FALSE,20,elitize_generation_data,39,20,0.846,NA
41,0,scrabble-score,lexicase,FALSE,20,elitize_generation_data,40,16,0.85,NA
42,0,scrabble-score,lexicase,FALSE,20,elitize_generation_data,41,12,0.843,NA
43,0,scrabble-score,lexicase,FALSE,20,elitize_generation_data,42,17,0.839,NA
44,0,scrabble-score,lexicase,FALSE,20,elitize_generation_data,43,20,0.903,NA
45,0,scrabble-score,lexicase,FALSE,20,elitize_generation_data,44,22,0.872,NA
46,0,scrabble-score,lexicase,FALSE,20,elitize_generation_data,45,16,0.868,NA
47,0,scrabble-score,lexicase,FALSE,20,elitize_generation_data,46,12,0.867,NA
48,0,scrabble-score,lexicase,FALSE,20,elitize_generation_data,47,16,0.893,NA
49,0,scrabble-score,lexicase,FALSE,20,elitize_generation_data,48,19,0.868,NA
50,0,scrabble-score,lexicase,FALSE,20,elitize_generation_data,49,13,0.868,NA
51,0,scrabble-score,lexicase,FALSE,20,elitize_generation_data,50,15,0.862,NA
52,0,scrabble-score,lexicase,FALSE,20,elitize_generation_data,51,16,0.876,NA
53,0,scrabble-score,lexicase,FALSE,20,elitize_generation_data,52,17,0.858,NA
54,0,scrabble-score,lexicase,FALSE,20,elitize_generation_data,53,18,0.882,NA
55,0,scrabble-score,lexicase,FALSE,20,elitize_generation_data,54,18,0.865,NA
56,0,scrabble-score,lexicase,FALSE,20,elitize_generation_data,55,18,0.872,NA
57,0,scrabble-score,lexicase,FALSE,20,elitize_generation_data,56,24,0.87,NA
58,0,scrabble-score,lexicase,FALSE,20,elitize_generation_data,57,20,0.863,NA
59,0,scrabble-score,lexicase,FALSE,20,elitize_generation_data,58,24,0.874,NA
60,0,scrabble-score,lexicase,FALSE,20,elitize_generation_data,59,27,0.864,NA
61,0,scrabble-score,lexicase,FALSE,20,elitize_generation_data,60,28,0.873,NA
62,0,scrabble-score,lexicase,FALSE,20,elitize_generation_data,61,30,0.865,NA
63,0,scrabble-score,lexicase,FALSE,20,elitize_generation_data,62,25,0.873,NA
64,0,scrabble-score,lexicase,FALSE,20,elitize_generation_data,63,22,0.875,NA
65,0,scrabble-score,lexicase,FALSE,20,elitize_generation_data,64,20,0.881,NA
66,0,scrabble-score,lexicase,FALSE,20,elitize_generation_data,65,20,0.882,NA
67,0,scrabble-score,lexicase,FALSE,20,elitize_generation_data,66,19,0.889,NA
68,0,scrabble-score,lexicase,FALSE,20,elitize_generation_data,67,17,0.906,NA
69,0,scrabble-score,lexicase,FALSE,20,elitize_generation_data,68,25,0.887,NA
70,0,scrabble-score,lexicase,FALSE,20,elitize_generation_data,69,21,0.888,NA
71,0,scrabble-score,lexicase,FALSE,20,elitize_generation_data,70,20,0.875,NA
72,0,scrabble-score,lexicase,FALSE,20,elitize_generation_data,71,23,0.881,NA
73,0,scrabble-score,lexicase,FALSE,20,elitize_generation_data,72,24,0.88,NA
74,0,scrabble-score,lexicase,FALSE,20,elitize_generation_data,73,21,0.883,NA
75,0,scrabble-score,lexicase,FALSE,20,elitize_generation_data,74,21,0.898,NA
76,0,scrabble-score,lexicase,FALSE,20,elitize_generation_data,75,24,0.887,NA
77,0,scrabble-score,lexicase,FALSE,20,elitize_generation_data,76,17,0.875,NA
78,0,scrabble-score,lexicase,FALSE,20,elitize_generation_data,77,21,0.903,NA
79,0,scrabble-score,lexicase,FALSE,20,elitize_generation_data,78,19,0.884,NA
80,0,scrabble-score,lexicase,FALSE,20,elitize_generation_data,79,20,0.885,NA
81,0,scrabble-score,lexicase,FALSE,20,elitize_generation_data,80,26,0.883,NA
82,0,scrabble-score,lexicase,FALSE,20,elitize_generation_data,81,18,0.904,NA
83,0,scrabble-score,lexicase,FALSE,20,elitize_generation_data,82,16,0.875,NA
84,0,scrabble-score,lexicase,FALSE,20,elitize_generation_data,83,20,0.873,NA
85,0,scrabble-score,lexicase,FALSE,20,elitize_generation_data,84,16,0.891,NA
86,0,scrabble-score,lexicase,FALSE,20,elitize_generation_data,85,17,0.885,NA
87,0,scrabble-score,lexicase,FALSE,20,elitize_generation_data,86,19,0.889,NA
88,0,scrabble-score,lexicase,FALSE,20,elitize_generation_data,87,20,0.868,NA
89,0,scrabble-score,lexicase,FALSE,20,elitize_generation_data,88,14,0.872,NA
90,0,scrabble-score,lexicase,FALSE,20,elitize_generation_data,89,17,0.866,NA
91,0,scrabble-score,lexicase,FALSE,20,elitize_generation_data,90,16,0.871,NA
92,0,scrabble-score,lexicase,FALSE,20,elitize_generation_data,91,19,0.86,NA
93,0,scrabble-score,lexicase,FALSE,20,elitize_generation_data,92,21,0.862,NA
94,0,scrabble-score,lexicase,FALSE,20,elitize_generation_data,93,21,0.863,NA
95,0,scrabble-score,lexicase,FALSE,20,elitize_generation_data,94,22,0.874,NA
96,0,scrabble-score,lexicase,FALSE,20,elitize_generation_data,95,22,0.863,NA
97,0,scrabble-score,lexicase,FALSE,20,elitize_generation_data,96,18,0.871,NA
98,0,scrabble-score,lexicase,FALSE,20,elitize_generation_data,97,18,0.852,NA
99,0,scrabble-score,lexicase,FALSE,20,elitize_generation_data,98,19,0.892,NA
100,0,scrabble-score,lexicase,FALSE,20,elitize_generation_data,99,21,0.874,NA
101,0,scrabble-score,lexicase,FALSE,20,elitize_generation_data,100,16,0.876,NA
102,0,scrabble-score,lexicase,FALSE,20,elitize_generation_data,101,17,0.87,NA
103,0,scrabble-score,lexicase,FALSE,20,elitize_generation_data,102,15,0.887,NA
104,0,scrabble-score,lexicase,FALSE,20,elitize_generation_data,103,17,0.883,NA
105,0,scrabble-score,lexicase,FALSE,20,elitize_generation_data,104,18,0.871,NA
106,0,scrabble-score,lexicase,FALSE,20,elitize_generation_data,105,24,0.876,NA
107,0,scrabble-score,lexicase,FALSE,20,elitize_generation_data,106,20,0.863,NA
108,0,scrabble-score,lexicase,FALSE,20,elitize_generation_data,107,18,0.876,NA
109,0,scrabble-score,lexicase,FALSE,20,elitize_generation_data,108,20,0.867,NA
110,0,scrabble-score,lexicase,FALSE,20,elitize_generation_data,109,21,0.849,NA
111,0,scrabble-score,lexicase,FALSE,20,elitize_generation_data,110,27,0.84,NA
112,0,scrabble-score,lexicase,FALSE,20,elitize_generation_data,111,19,0.853,NA
113,0,scrabble-score,lexicase,FALSE,20,elitize_generation_data,112,24,0.856,NA
114,0,scrabble-score,lexicase,FALSE,20,elitize_generation_data,113,20,0.855,NA
115,0,scrabble-score,lexicase,FALSE,20,elitize_generation_data,114,22,0.84,NA
116,0,scrabble-score,lexicase,FALSE,20,elitize_generation_data,115,19,0.841,NA
117,0,scrabble-score,lexicase,FALSE,20,elitize_generation_data,116,21,0.856,NA
118,0,scrabble-score,lexicase,FALSE,20,elitize_generation_data,117,22,0.857,NA
119,0,scrabble-score,lexicase,FALSE,20,elitize_generation_data,118,22,0.832,NA
120,0,scrabble-score,lexicase,FALSE,20,elitize_generation_data,119,20,0.83,NA
121,0,scrabble-score,lexicase,FALSE,20,elitize_generation_data,120,18,0.839,NA
122,0,scrabble-score,lexicase,FALSE,20,elitize_generation_data,121,21,0.834,NA
123,0,scrabble-score,lexicase,FALSE,20,elitize_generation_data,122,12,0.824,NA
124,0,scrabble-score,lexicase,FALSE,20,elitize_generation_data,123,21,0.833,NA
125,0,scrabble-score,lexicase,FALSE,20,elitize_generation_data,124,20,0.84,NA
126,0,scrabble-score,lexicase,FALSE,20,elitize_generation_data,125,19,0.837,NA
127,0,scrabble-score,lexicase,FALSE,20,elitize_generation_data,126,20,0.845,NA
128,0,scrabble-score,lexicase,FALSE,20,elitize_generation_data,127,27,0.853,NA
129,0,scrabble-score,lexicase,FALSE,20,elitize_generation_data,128,22,0.852,NA
130,0,scrabble-score,lexicase,FALSE,20,elitize_generation_data,129,20,0.846,NA
131,0,scrabble-score,lexicase,FALSE,20,elitize_generation_data,130,20,0.863,NA
132,0,scrabble-score,lexicase,FALSE,20,elitize_generation_data,131,20,0.846,NA
133,0,scrabble-score,lexicase,FALSE,20,elitize_generation_data,132,22,0.827,NA
134,0,scrabble-score,lexicase,FALSE,20,elitize_generation_data,133,19,0.832,NA
135,0,scrabble-score,lexicase,FALSE,20,elitize_generation_data,134,20,0.852,NA
136,0,scrabble-score,lexicase,FALSE,20,elitize_generation_data,135,24,0.843,NA
137,0,scrabble-score,lexicase,FALSE,20,elitize_generation_data,136,21,0.832,NA
138,0,scrabble-score,lexicase,FALSE,20,elitize_generation_data,137,24,0.853,NA
139,0,scrabble-score,lexicase,FALSE,20,elitize_generation_data,138,23,0.833,NA
140,0,scrabble-score,lexicase,FALSE,20,elitize_generation_data,139,21,0.835,NA
141,0,scrabble-score,lexicase,FALSE,20,elitize_generation_data,140,24,0.842,NA
142,0,scrabble-score,lexicase,FALSE,20,elitize_generation_data,141,23,0.859,NA
143,0,scrabble-score,lexicase,FALSE,20,elitize_generation_data,142,18,0.862,NA
144,0,scrabble-score,lexicase,FALSE,20,elitize_generation_data,143,18,0.842,NA
145,0,scrabble-score,lexicase,FALSE,20,elitize_generation_data,144,20,0.846,NA
146,0,scrabble-score,lexicase,FALSE,20,elitize_generation_data,145,18,0.852,NA
147,0,scrabble-score,lexicase,FALSE,20,elitize_generation_data,146,18,0.838,NA
148,0,scrabble-score,lexicase,FALSE,20,elitize_generation_data,147,18,0.834,NA
149,0,scrabble-score,lexicase,FALSE,20,elitize_generation_data,148,17,0.873,NA
150,0,scrabble-score,lexicase,FALSE,20,elitize_generation_data,149,14,0.839,NA
151,0,scrabble-score,lexicase,FALSE,20,elitize_generation_data,150,22,0.833,NA
152,0,scrabble-score,lexicase,FALSE,20,elitize_generation_data,151,20,0.844,NA
153,0,scrabble-score,lexicase,FALSE,20,elitize_generation_data,152,24,0.84,NA
154,0,scrabble-score,lexicase,FALSE,20,elitize_generation_data,153,22,0.852,NA
155,0,scrabble-score,lexicase,FALSE,20,elitize_generation_data,154,29,0.843,NA
156,0,scrabble-score,lexicase,FALSE,20,elitize_generation_data,155,29,0.864,NA
157,0,scrabble-score,lexicase,FALSE,20,elitize_generation_data,156,25,0.841,NA
158,0,scrabble-score,lexicase,FALSE,20,elitize_generation_data,157,21,0.854,NA
159,0,scrabble-score,lexicase,FALSE,20,elitize_generation_data,158,25,0.855,NA
160,0,scrabble-score,lexicase,FALSE,20,elitize_generation_data,159,19,0.878,NA
161,0,scrabble-score,lexicase,FALSE,20,elitize_generation_data,160,20,0.848,NA
162,0,scrabble-score,lexicase,FALSE,20,elitize_generation_data,161,26,0.846,NA
163,0,scrabble-score,lexicase,FALSE,20,elitize_generation_data,162,22,0.832,NA
164,0,scrabble-score,lexicase,FALSE,20,elitize_generation_data,163,21,0.836,NA
165,0,scrabble-score,lexicase,FALSE,20,elitize_generation_data,164,23,0.822,NA
166,0,scrabble-score,lexicase,FALSE,20,elitize_generation_data,165,27,0.825,NA
167,0,scrabble-score,lexicase,FALSE,20,elitize_generation_data,166,29,0.83,NA
168,0,scrabble-score,lexicase,FALSE,20,elitize_generation_data,167,27,0.84,NA
169,0,scrabble-score,lexicase,FALSE,20,elitize_generation_data,168,25,0.824,NA
170,0,scrabble-score,lexicase,FALSE,20,elitize_generation_data,169,22,0.827,NA
171,0,scrabble-score,lexicase,FALSE,20,elitize_generation_data,170,27,0.838,NA
172,0,scrabble-score,lexicase,FALSE,20,elitize_generation_data,171,26,0.815,NA
173,0,scrabble-score,lexicase,FALSE,20,elitize_generation_data,172,32,0.815,NA
174,0,scrabble-score,lexicase,FALSE,20,elitize_generation_data,173,29,0.851,NA
175,0,scrabble-score,lexicase,FALSE,20,elitize_generation_data,174,31,0.829,NA
176,0,scrabble-score,lexicase,FALSE,20,elitize_generation_data,175,32,0.831,NA
177,0,scrabble-score,lexicase,FALSE,20,elitize_generation_data,176,29,0.816,NA
178,0,scrabble-score,lexicase,FALSE,20,elitize_generation_data,177,25,0.859,NA
179,0,scrabble-score,lexicase,FALSE,20,elitize_generation_data,178,21,0.855,NA
180,0,scrabble-score,lexicase,FALSE,20,elitize_generation_data,179,19,0.863,NA
181,0,scrabble-score,lexicase,FALSE,20,elitize_generation_data,180,18,0.838,NA
182,0,scrabble-score,lexicase,FALSE,20,elitize_generation_data,181,22,0.862,NA
183,0,scrabble-score,lexicase,FALSE,20,elitize_generation_data,182,22,0.857,NA
184,0,scrabble-score,lexicase,FALSE,20,elitize_generation_data,183,21,0.857,NA
185,0,scrabble-score,lexicase,FALSE,20,elitize_generation_data,184,27,0.846,NA
186,0,scrabble-score,lexicase,FALSE,20,elitize_generation_data,185,23,0.84,NA
187,0,scrabble-score,lexicase,FALSE,20,elitize_generation_data,186,29,0.848,NA
188,0,scrabble-score,lexicase,FALSE,20,elitize_generation_data,187,18,0.831,NA
189,0,scrabble-score,lexicase,FALSE,20,elitize_generation_data,188,20,0.865,NA
190,0,scrabble-score,lexicase,FALSE,20,elitize_generation_data,189,18,0.852,NA
191,0,scrabble-score,lexicase,FALSE,20,elitize_generation_data,190,24,0.865,NA
192,0,scrabble-score,lexicase,FALSE,20,elitize_generation_data,191,27,0.873,NA
193,0,scrabble-score,lexicase,FALSE,20,elitize_generation_data,192,27,0.839,NA
194,0,scrabble-score,lexicase,FALSE,20,elitize_generation_data,193,28,0.847,NA
195,0,scrabble-score,lexicase,FALSE,20,elitize_generation_data,194,26,0.87,NA
196,0,scrabble-score,lexicase,FALSE,20,elitize_generation_data,195,22,0.866,NA
197,0,scrabble-score,lexicase,FALSE,20,elitize_generation_data,196,27,0.855,NA
198,0,scrabble-score,lexicase,FALSE,20,elitize_generation_data,197,23,0.858,NA
199,0,scrabble-score,lexicase,FALSE,20,elitize_generation_data,198,22,0.837,NA
200,0,scrabble-score,lexicase,FALSE,20,elitize_generation_data,199,25,0.848,NA
201,0,scrabble-score,lexicase,FALSE,20,elitize_generation_data,200,21,0.845,NA
202,0,scrabble-score,lexicase,FALSE,20,elitize_generation_data,201,28,0.871,NA
203,0,scrabble-score,lexicase,FALSE,20,elitize_generation_data,202,23,0.848,NA
204,0,scrabble-score,lexicase,FALSE,20,elitize_generation_data,203,21,0.848,NA
205,0,scrabble-score,lexicase,FALSE,20,elitize_generation_data,204,25,0.872,NA
206,0,scrabble-score,lexicase,FALSE,20,elitize_generation_data,205,26,0.855,NA
207,0,scrabble-score,lexicase,FALSE,20,elitize_generation_data,206,33,0.866,NA
208,0,scrabble-score,lexicase,FALSE,20,elitize_generation_data,207,30,0.869,NA
209,0,scrabble-score,lexicase,FALSE,20,elitize_generation_data,208,29,0.868,NA
210,0,scrabble-score,lexicase,FALSE,20,elitize_generation_data,209,29,0.867,NA
211,0,scrabble-score,lexicase,FALSE,20,elitize_generation_data,210,28,0.864,NA
212,0,scrabble-score,lexicase,FALSE,20,elitize_generation_data,211,25,0.865,NA
213,0,scrabble-score,lexicase,FALSE,20,elitize_generation_data,212,24,0.868,NA
214,0,scrabble-score,lexicase,FALSE,20,elitize_generation_data,213,18,0.885,NA
215,0,scrabble-score,lexicase,FALSE,20,elitize_generation_data,214,27,0.882,NA
216,0,scrabble-score,lexicase,FALSE,20,elitize_generation_data,215,22,0.863,NA
217,0,scrabble-score,lexicase,FALSE,20,elitize_generation_data,216,25,0.88,NA
218,0,scrabble-score,lexicase,FALSE,20,elitize_generation_data,217,31,0.875,NA
219,0,scrabble-score,lexicase,FALSE,20,elitize_generation_data,218,32,0.858,NA
220,0,scrabble-score,lexicase,FALSE,20,elitize_generation_data,219,27,0.856,NA
221,0,scrabble-score,lexicase,FALSE,20,elitize_generation_data,220,26,0.875,NA
222,0,scrabble-score,lexicase,FALSE,20,elitize_generation_data,221,26,0.859,NA
223,0,scrabble-score,lexicase,FALSE,20,elitize_generation_data,222,33,0.876,NA
224,0,scrabble-score,lexicase,FALSE,20,elitize_generation_data,223,29,0.871,NA
225,0,scrabble-score,lexicase,FALSE,20,elitize_generation_data,224,30,0.866,NA
226,0,scrabble-score,lexicase,FALSE,20,elitize_generation_data,225,23,0.865,NA
227,0,scrabble-score,lexicase,FALSE,20,elitize_generation_data,226,23,0.873,NA
228,0,scrabble-score,lexicase,FALSE,20,elitize_generation_data,227,32,0.847,NA
229,0,scrabble-score,lexicase,FALSE,20,elitize_generation_data,228,25,0.851,NA
230,0,scrabble-score,lexicase,FALSE,20,elitize_generation_data,229,37,0.86,NA
231,0,scrabble-score,lexicase,FALSE,20,elitize_generation_data,230,31,0.874,NA
232,0,scrabble-score,lexicase,FALSE,20,elitize_generation_data,231,25,0.835,NA
233,0,scrabble-score,lexicase,FALSE,20,elitize_generation_data,232,24,0.867,NA
234,0,scrabble-score,lexicase,FALSE,20,elitize_generation_data,233,32,0.871,NA
235,0,scrabble-score,lexicase,FALSE,20,elitize_generation_data,234,29,0.867,NA
236,0,scrabble-score,lexicase,FALSE,20,elitize_generation_data,235,22,0.858,NA
237,0,scrabble-score,lexicase,FALSE,20,elitize_generation_data,236,19,0.842,NA
238,0,scrabble-score,lexicase,FALSE,20,elitize_generation_data,237,21,0.854,NA
239,0,scrabble-score,lexicase,FALSE,20,elitize_generation_data,238,21,0.847,NA
240,0,scrabble-score,lexicase,FALSE,20,elitize_generation_data,239,27,0.867,NA
241,0,scrabble-score,lexicase,FALSE,20,elitize_generation_data,240,23,0.859,NA
242,0,scrabble-score,lexicase,FALSE,20,elitize_generation_data,241,25,0.882,NA
243,0,scrabble-score,lexicase,FALSE,20,elitize_generation_data,242,23,0.864,NA
244,0,scrabble-score,lexicase,FALSE,20,elitize_generation_data,243,27,0.863,NA
245,0,scrabble-score,lexicase,FALSE,20,elitize_generation_data,244,24,0.855,NA
246,0,scrabble-score,lexicase,FALSE,20,elitize_generation_data,245,29,0.868,NA
247,0,scrabble-score,lexicase,FALSE,20,elitize_generation_data,246,24,0.844,NA
248,0,scrabble-score,lexicase,FALSE,20,elitize_generation_data,247,25,0.863,NA
249,0,scrabble-score,lexicase,FALSE,20,elitize_generation_data,248,25,0.883,NA
250,0,scrabble-score,lexicase,FALSE,20,elitize_generation_data,249,25,0.844,NA
251,0,scrabble-score,lexicase,FALSE,20,elitize_generation_data,250,29,0.855,NA
252,0,scrabble-score,lexicase,FALSE,20,elitize_generation_data,251,21,0.862,NA
253,0,scrabble-score,lexicase,FALSE,20,elitize_generation_data,252,26,0.857,NA
254,0,scrabble-score,lexicase,FALSE,20,elitize_generation_data,253,21,0.847,NA
255,0,scrabble-score,lexicase,FALSE,20,elitize_generation_data,254,20,0.851,NA
256,0,scrabble-score,lexicase,FALSE,20,elitize_generation_data,255,24,0.871,NA
257,0,scrabble-score,lexicase,FALSE,20,elitize_generation_data,256,26,0.854,NA
258,0,scrabble-score,lexicase,FALSE,20,elitize_generation_data,257,26,0.861,NA
259,0,scrabble-score,lexicase,FALSE,20,elitize_generation_data,258,24,0.841,NA
260,0,scrabble-score,lexicase,FALSE,20,elitize_generation_data,259,29,0.869,NA
261,0,scrabble-score,lexicase,FALSE,20,elitize_generation_data,260,25,0.85,NA
262,0,scrabble-score,lexicase,FALSE,20,elitize_generation_data,261,20,0.857,NA
263,0,scrabble-score,lexicase,FALSE,20,elitize_generation_data,262,26,0.855,NA
264,0,scrabble-score,lexicase,FALSE,20,elitize_generation_data,263,20,0.871,NA
265,0,scrabble-score,lexicase,FALSE,20,elitize_generation_data,264,23,0.87,NA
266,0,scrabble-score,lexicase,FALSE,20,elitize_generation_data,265,24,0.879,NA
267,0,scrabble-score,lexicase,FALSE,20,elitize_generation_data,266,23,0.85,NA
268,0,scrabble-score,lexicase,FALSE,20,elitize_generation_data,267,24,0.88,NA
269,0,scrabble-score,lexicase,FALSE,20,elitize_generation_data,268,23,0.868,NA
270,0,scrabble-score,lexicase,FALSE,20,elitize_generation_data,269,28,0.883,NA
271,0,scrabble-score,lexicase,FALSE,20,elitize_generation_data,270,26,0.897,NA
272,0,scrabble-score,lexicase,FALSE,20,elitize_generation_data,271,23,0.881,NA
273,0,scrabble-score,lexicase,FALSE,20,elitize_generation_data,272,28,0.884,NA
274,0,scrabble-score,lexicase,FALSE,20,elitize_generation_data,273,26,0.877,NA
275,0,scrabble-score,lexicase,FALSE,20,elitize_generation_data,274,31,0.886,NA
276,0,scrabble-score,lexicase,FALSE,20,elitize_generation_data,275,24,0.859,NA
277,0,scrabble-score,lexicase,FALSE,20,elitize_generation_data,276,23,0.853,NA
278,0,scrabble-score,lexicase,FALSE,20,elitize_generation_data,277,32,0.861,NA
279,0,scrabble-score,lexicase,FALSE,20,elitize_generation_data,278,32,0.873,NA
280,0,scrabble-score,lexicase,FALSE,20,elitize_generation_data,279,29,0.891,NA
281,0,scrabble-score,lexicase,FALSE,20,elitize_generation_data,280,31,0.887,NA
282,0,scrabble-score,lexicase,FALSE,20,elitize_generation_data,281,30,0.88,NA
283,0,scrabble-score,lexicase,FALSE,20,elitize_generation_data,282,29,0.875,NA
284,0,scrabble-score,lexicase,FALSE,20,elitize_generation_data,283,34,0.864,NA
285,0,scrabble-score,lexicase,FALSE,20,elitize_generation_data,284,28,0.882,NA
286,0,scrabble-score,lexicase,FALSE,20,elitize_generation_data,285,24,0.867,NA
287,0,scrabble-score,lexicase,FALSE,20,elitize_generation_data,286,27,0.874,NA
288,0,scrabble-score,lexicase,FALSE,20,elitize_generation_data,287,29,0.879,NA
289,0,scrabble-score,lexicase,FALSE,20,elitize_generation_data,288,26,0.872,NA
290,0,scrabble-score,lexicase,FALSE,20,elitize_generation_data,289,29,0.877,NA
291,0,scrabble-score,lexicase,FALSE,20,elitize_generation_data,290,26,0.871,NA
292,0,scrabble-score,lexicase,FALSE,20,elitize_generation_data,291,20,0.859,NA
293,0,scrabble-score,lexicase,FALSE,20,elitize_generation_data,292,27,0.851,NA
294,0,scrabble-score,lexicase,FALSE,20,elitize_generation_data,293,24,0.855,NA
295,0,scrabble-score,lexicase,FALSE,20,elitize_generation_data,294,25,0.876,NA
296,0,scrabble-score,lexicase,FALSE,20,elitize_generation_data,295,26,0.871,NA
297,0,scrabble-score,lexicase,FALSE,20,elitize_generation_data,296,24,0.876,NA
298,0,scrabble-score,lexicase,FALSE,20,elitize_generation_data,297,25,0.886,NA
299,0,scrabble-score,lexicase,FALSE,20,elitize_generation_data,298,27,0.88,NA
300,0,scrabble-score,lexicase,FALSE,20,elitize_generation_data,299,24,0.876,NA
301,0,scrabble-score,lexicase,FALSE,20,elitize_generation_data,300,21,0.866,NA
