,run.num,problem,treatment,succeeded,height,normalization.function,generation,cluster.count,error.diversity,success.generation
1,87,scrabble-score,lexicase,FALSE,20,elitize_generation_data,0,5,0.104,NA
2,87,scrabble-score,lexicase,FALSE,20,elitize_generation_data,1,3,0.144,NA
3,87,scrabble-score,lexicase,FALSE,20,elitize_generation_data,2,4,0.181,NA
4,87,scrabble-score,lexicase,FALSE,20,elitize_generation_data,3,4,0.256,NA
5,87,scrabble-score,lexicase,FALSE,20,elitize_generation_data,4,3,0.302,NA
6,87,scrabble-score,lexicase,FALSE,20,elitize_generation_data,5,5,0.379,NA
7,87,scrabble-score,lexicase,FALSE,20,elitize_generation_data,6,6,0.47,NA
8,87,scrabble-score,lexicase,FALSE,20,elitize_generation_data,7,5,0.524,NA
9,87,scrabble-score,lexicase,FALSE,20,elitize_generation_data,8,8,0.574,NA
10,87,scrabble-score,lexicase,FALSE,20,elitize_generation_data,9,7,0.622,NA
11,87,scrabble-score,lexicase,FALSE,20,elitize_generation_data,10,7,0.653,NA
12,87,scrabble-score,lexicase,FALSE,20,elitize_generation_data,11,8,0.658,NA
13,87,scrabble-score,lexicase,FALSE,20,elitize_generation_data,12,9,0.684,NA
14,87,scrabble-score,lexicase,FALSE,20,elitize_generation_data,13,8,0.743,NA
15,87,scrabble-score,lexicase,FALSE,20,elitize_generation_data,14,12,0.741,NA
16,87,scrabble-score,lexicase,FALSE,20,elitize_generation_data,15,11,0.763,NA
17,87,scrabble-score,lexicase,FALSE,20,elitize_generation_data,16,8,0.781,NA
18,87,scrabble-score,lexicase,FALSE,20,elitize_generation_data,17,9,0.805,NA
19,87,scrabble-score,lexicase,FALSE,20,elitize_generation_data,18,15,0.784,NA
20,87,scrabble-score,lexicase,FALSE,20,elitize_generation_data,19,8,0.81,NA
21,87,scrabble-score,lexicase,FALSE,20,elitize_generation_data,20,15,0.813,NA
22,87,scrabble-score,lexicase,FALSE,20,elitize_generation_data,21,11,0.822,NA
23,87,scrabble-score,lexicase,FALSE,20,elitize_generation_data,22,11,0.824,NA
24,87,scrabble-score,lexicase,FALSE,20,elitize_generation_data,23,9,0.826,NA
25,87,scrabble-score,lexicase,FALSE,20,elitize_generation_data,24,8,0.846,NA
26,87,scrabble-score,lexicase,FALSE,20,elitize_generation_data,25,13,0.862,NA
27,87,scrabble-score,lexicase,FALSE,20,elitize_generation_data,26,11,0.857,NA
28,87,scrabble-score,lexicase,FALSE,20,elitize_generation_data,27,13,0.841,NA
29,87,scrabble-score,lexicase,FALSE,20,elitize_generation_data,28,12,0.864,NA
30,87,scrabble-score,lexicase,FALSE,20,elitize_generation_data,29,15,0.858,NA
31,87,scrabble-score,lexicase,FALSE,20,elitize_generation_data,30,19,0.851,NA
32,87,scrabble-score,lexicase,FALSE,20,elitize_generation_data,31,20,0.891,NA
33,87,scrabble-score,lexicase,FALSE,20,elitize_generation_data,32,18,0.884,NA
34,87,scrabble-score,lexicase,FALSE,20,elitize_generation_data,33,20,0.862,NA
35,87,scrabble-score,lexicase,FALSE,20,elitize_generation_data,34,24,0.882,NA
36,87,scrabble-score,lexicase,FALSE,20,elitize_generation_data,35,19,0.881,NA
37,87,scrabble-score,lexicase,FALSE,20,elitize_generation_data,36,18,0.878,NA
38,87,scrabble-score,lexicase,FALSE,20,elitize_generation_data,37,19,0.889,NA
39,87,scrabble-score,lexicase,FALSE,20,elitize_generation_data,38,21,0.89,NA
40,87,scrabble-score,lexicase,FALSE,20,elitize_generation_data,39,19,0.873,NA
41,87,scrabble-score,lexicase,FALSE,20,elitize_generation_data,40,19,0.886,NA
42,87,scrabble-score,lexicase,FALSE,20,elitize_generation_data,41,21,0.887,NA
43,87,scrabble-score,lexicase,FALSE,20,elitize_generation_data,42,21,0.87,NA
44,87,scrabble-score,lexicase,FALSE,20,elitize_generation_data,43,24,0.884,NA
45,87,scrabble-score,lexicase,FALSE,20,elitize_generation_data,44,23,0.893,NA
46,87,scrabble-score,lexicase,FALSE,20,elitize_generation_data,45,23,0.895,NA
47,87,scrabble-score,lexicase,FALSE,20,elitize_generation_data,46,19,0.898,NA
48,87,scrabble-score,lexicase,FALSE,20,elitize_generation_data,47,20,0.883,NA
49,87,scrabble-score,lexicase,FALSE,20,elitize_generation_data,48,23,0.887,NA
50,87,scrabble-score,lexicase,FALSE,20,elitize_generation_data,49,22,0.881,NA
51,87,scrabble-score,lexicase,FALSE,20,elitize_generation_data,50,25,0.906,NA
52,87,scrabble-score,lexicase,FALSE,20,elitize_generation_data,51,27,0.886,NA
53,87,scrabble-score,lexicase,FALSE,20,elitize_generation_data,52,32,0.864,NA
54,87,scrabble-score,lexicase,FALSE,20,elitize_generation_data,53,24,0.873,NA
55,87,scrabble-score,lexicase,FALSE,20,elitize_generation_data,54,27,0.891,NA
56,87,scrabble-score,lexicase,FALSE,20,elitize_generation_data,55,30,0.883,NA
57,87,scrabble-score,lexicase,FALSE,20,elitize_generation_data,56,27,0.882,NA
58,87,scrabble-score,lexicase,FALSE,20,elitize_generation_data,57,30,0.893,NA
59,87,scrabble-score,lexicase,FALSE,20,elitize_generation_data,58,28,0.901,NA
60,87,scrabble-score,lexicase,FALSE,20,elitize_generation_data,59,35,0.889,NA
61,87,scrabble-score,lexicase,FALSE,20,elitize_generation_data,60,27,0.879,NA
62,87,scrabble-score,lexicase,FALSE,20,elitize_generation_data,61,35,0.9,NA
63,87,scrabble-score,lexicase,FALSE,20,elitize_generation_data,62,31,0.897,NA
64,87,scrabble-score,lexicase,FALSE,20,elitize_generation_data,63,34,0.889,NA
65,87,scrabble-score,lexicase,FALSE,20,elitize_generation_data,64,27,0.906,NA
66,87,scrabble-score,lexicase,FALSE,20,elitize_generation_data,65,29,0.886,NA
67,87,scrabble-score,lexicase,FALSE,20,elitize_generation_data,66,33,0.884,NA
68,87,scrabble-score,lexicase,FALSE,20,elitize_generation_data,67,27,0.904,NA
69,87,scrabble-score,lexicase,FALSE,20,elitize_generation_data,68,34,0.903,NA
70,87,scrabble-score,lexicase,FALSE,20,elitize_generation_data,69,29,0.88,NA
71,87,scrabble-score,lexicase,FALSE,20,elitize_generation_data,70,32,0.858,NA
72,87,scrabble-score,lexicase,FALSE,20,elitize_generation_data,71,23,0.884,NA
73,87,scrabble-score,lexicase,FALSE,20,elitize_generation_data,72,24,0.887,NA
74,87,scrabble-score,lexicase,FALSE,20,elitize_generation_data,73,31,0.881,NA
75,87,scrabble-score,lexicase,FALSE,20,elitize_generation_data,74,33,0.874,NA
76,87,scrabble-score,lexicase,FALSE,20,elitize_generation_data,75,32,0.883,NA
77,87,scrabble-score,lexicase,FALSE,20,elitize_generation_data,76,35,0.894,NA
78,87,scrabble-score,lexicase,FALSE,20,elitize_generation_data,77,37,0.895,NA
79,87,scrabble-score,lexicase,FALSE,20,elitize_generation_data,78,37,0.885,NA
80,87,scrabble-score,lexicase,FALSE,20,elitize_generation_data,79,39,0.893,NA
81,87,scrabble-score,lexicase,FALSE,20,elitize_generation_data,80,34,0.877,NA
82,87,scrabble-score,lexicase,FALSE,20,elitize_generation_data,81,43,0.887,NA
83,87,scrabble-score,lexicase,FALSE,20,elitize_generation_data,82,39,0.873,NA
84,87,scrabble-score,lexicase,FALSE,20,elitize_generation_data,83,50,0.886,NA
85,87,scrabble-score,lexicase,FALSE,20,elitize_generation_data,84,50,0.884,NA
86,87,scrabble-score,lexicase,FALSE,20,elitize_generation_data,85,46,0.862,NA
87,87,scrabble-score,lexicase,FALSE,20,elitize_generation_data,86,47,0.87,NA
88,87,scrabble-score,lexicase,FALSE,20,elitize_generation_data,87,53,0.882,NA
89,87,scrabble-score,lexicase,FALSE,20,elitize_generation_data,88,42,0.867,NA
90,87,scrabble-score,lexicase,FALSE,20,elitize_generation_data,89,43,0.883,NA
91,87,scrabble-score,lexicase,FALSE,20,elitize_generation_data,90,46,0.878,NA
92,87,scrabble-score,lexicase,FALSE,20,elitize_generation_data,91,41,0.897,NA
93,87,scrabble-score,lexicase,FALSE,20,elitize_generation_data,92,45,0.876,NA
94,87,scrabble-score,lexicase,FALSE,20,elitize_generation_data,93,46,0.883,NA
95,87,scrabble-score,lexicase,FALSE,20,elitize_generation_data,94,50,0.891,NA
96,87,scrabble-score,lexicase,FALSE,20,elitize_generation_data,95,52,0.896,NA
97,87,scrabble-score,lexicase,FALSE,20,elitize_generation_data,96,47,0.874,NA
98,87,scrabble-score,lexicase,FALSE,20,elitize_generation_data,97,46,0.875,NA
99,87,scrabble-score,lexicase,FALSE,20,elitize_generation_data,98,48,0.905,NA
100,87,scrabble-score,lexicase,FALSE,20,elitize_generation_data,99,46,0.896,NA
101,87,scrabble-score,lexicase,FALSE,20,elitize_generation_data,100,42,0.883,NA
102,87,scrabble-score,lexicase,FALSE,20,elitize_generation_data,101,43,0.878,NA
103,87,scrabble-score,lexicase,FALSE,20,elitize_generation_data,102,50,0.862,NA
104,87,scrabble-score,lexicase,FALSE,20,elitize_generation_data,103,45,0.883,NA
105,87,scrabble-score,lexicase,FALSE,20,elitize_generation_data,104,49,0.863,NA
106,87,scrabble-score,lexicase,FALSE,20,elitize_generation_data,105,52,0.874,NA
107,87,scrabble-score,lexicase,FALSE,20,elitize_generation_data,106,50,0.871,NA
108,87,scrabble-score,lexicase,FALSE,20,elitize_generation_data,107,49,0.887,NA
109,87,scrabble-score,lexicase,FALSE,20,elitize_generation_data,108,46,0.866,NA
110,87,scrabble-score,lexicase,FALSE,20,elitize_generation_data,109,47,0.867,NA
111,87,scrabble-score,lexicase,FALSE,20,elitize_generation_data,110,50,0.869,NA
112,87,scrabble-score,lexicase,FALSE,20,elitize_generation_data,111,54,0.902,NA
113,87,scrabble-score,lexicase,FALSE,20,elitize_generation_data,112,63,0.885,NA
114,87,scrabble-score,lexicase,FALSE,20,elitize_generation_data,113,52,0.89,NA
115,87,scrabble-score,lexicase,FALSE,20,elitize_generation_data,114,56,0.869,NA
116,87,scrabble-score,lexicase,FALSE,20,elitize_generation_data,115,57,0.881,NA
117,87,scrabble-score,lexicase,FALSE,20,elitize_generation_data,116,60,0.885,NA
118,87,scrabble-score,lexicase,FALSE,20,elitize_generation_data,117,64,0.886,NA
119,87,scrabble-score,lexicase,FALSE,20,elitize_generation_data,118,54,0.896,NA
120,87,scrabble-score,lexicase,FALSE,20,elitize_generation_data,119,59,0.875,NA
121,87,scrabble-score,lexicase,FALSE,20,elitize_generation_data,120,39,0.899,NA
122,87,scrabble-score,lexicase,FALSE,20,elitize_generation_data,121,51,0.881,NA
123,87,scrabble-score,lexicase,FALSE,20,elitize_generation_data,122,54,0.883,NA
124,87,scrabble-score,lexicase,FALSE,20,elitize_generation_data,123,61,0.899,NA
125,87,scrabble-score,lexicase,FALSE,20,elitize_generation_data,124,62,0.907,NA
126,87,scrabble-score,lexicase,FALSE,20,elitize_generation_data,125,61,0.898,NA
127,87,scrabble-score,lexicase,FALSE,20,elitize_generation_data,126,68,0.895,NA
128,87,scrabble-score,lexicase,FALSE,20,elitize_generation_data,127,63,0.892,NA
129,87,scrabble-score,lexicase,FALSE,20,elitize_generation_data,128,59,0.897,NA
130,87,scrabble-score,lexicase,FALSE,20,elitize_generation_data,129,55,0.891,NA
131,87,scrabble-score,lexicase,FALSE,20,elitize_generation_data,130,63,0.875,NA
132,87,scrabble-score,lexicase,FALSE,20,elitize_generation_data,131,55,0.902,NA
133,87,scrabble-score,lexicase,FALSE,20,elitize_generation_data,132,64,0.911,NA
134,87,scrabble-score,lexicase,FALSE,20,elitize_generation_data,133,70,0.903,NA
135,87,scrabble-score,lexicase,FALSE,20,elitize_generation_data,134,62,0.898,NA
136,87,scrabble-score,lexicase,FALSE,20,elitize_generation_data,135,69,0.878,NA
137,87,scrabble-score,lexicase,FALSE,20,elitize_generation_data,136,71,0.886,NA
138,87,scrabble-score,lexicase,FALSE,20,elitize_generation_data,137,68,0.896,NA
139,87,scrabble-score,lexicase,FALSE,20,elitize_generation_data,138,64,0.892,NA
140,87,scrabble-score,lexicase,FALSE,20,elitize_generation_data,139,68,0.89,NA
141,87,scrabble-score,lexicase,FALSE,20,elitize_generation_data,140,63,0.906,NA
142,87,scrabble-score,lexicase,FALSE,20,elitize_generation_data,141,58,0.891,NA
143,87,scrabble-score,lexicase,FALSE,20,elitize_generation_data,142,61,0.885,NA
144,87,scrabble-score,lexicase,FALSE,20,elitize_generation_data,143,68,0.916,NA
145,87,scrabble-score,lexicase,FALSE,20,elitize_generation_data,144,65,0.892,NA
146,87,scrabble-score,lexicase,FALSE,20,elitize_generation_data,145,59,0.925,NA
147,87,scrabble-score,lexicase,FALSE,20,elitize_generation_data,146,63,0.899,NA
148,87,scrabble-score,lexicase,FALSE,20,elitize_generation_data,147,67,0.906,NA
149,87,scrabble-score,lexicase,FALSE,20,elitize_generation_data,148,67,0.907,NA
150,87,scrabble-score,lexicase,FALSE,20,elitize_generation_data,149,67,0.891,NA
151,87,scrabble-score,lexicase,FALSE,20,elitize_generation_data,150,67,0.91,NA
152,87,scrabble-score,lexicase,FALSE,20,elitize_generation_data,151,64,0.899,NA
153,87,scrabble-score,lexicase,FALSE,20,elitize_generation_data,152,60,0.886,NA
154,87,scrabble-score,lexicase,FALSE,20,elitize_generation_data,153,63,0.895,NA
155,87,scrabble-score,lexicase,FALSE,20,elitize_generation_data,154,64,0.905,NA
156,87,scrabble-score,lexicase,FALSE,20,elitize_generation_data,155,70,0.882,NA
157,87,scrabble-score,lexicase,FALSE,20,elitize_generation_data,156,60,0.906,NA
158,87,scrabble-score,lexicase,FALSE,20,elitize_generation_data,157,64,0.885,NA
159,87,scrabble-score,lexicase,FALSE,20,elitize_generation_data,158,66,0.904,NA
160,87,scrabble-score,lexicase,FALSE,20,elitize_generation_data,159,66,0.914,NA
161,87,scrabble-score,lexicase,FALSE,20,elitize_generation_data,160,63,0.91,NA
162,87,scrabble-score,lexicase,FALSE,20,elitize_generation_data,161,62,0.894,NA
163,87,scrabble-score,lexicase,FALSE,20,elitize_generation_data,162,48,0.918,NA
164,87,scrabble-score,lexicase,FALSE,20,elitize_generation_data,163,58,0.908,NA
165,87,scrabble-score,lexicase,FALSE,20,elitize_generation_data,164,55,0.915,NA
166,87,scrabble-score,lexicase,FALSE,20,elitize_generation_data,165,50,0.92,NA
167,87,scrabble-score,lexicase,FALSE,20,elitize_generation_data,166,54,0.888,NA
168,87,scrabble-score,lexicase,FALSE,20,elitize_generation_data,167,55,0.901,NA
169,87,scrabble-score,lexicase,FALSE,20,elitize_generation_data,168,58,0.918,NA
170,87,scrabble-score,lexicase,FALSE,20,elitize_generation_data,169,58,0.896,NA
171,87,scrabble-score,lexicase,FALSE,20,elitize_generation_data,170,53,0.899,NA
172,87,scrabble-score,lexicase,FALSE,20,elitize_generation_data,171,51,0.914,NA
173,87,scrabble-score,lexicase,FALSE,20,elitize_generation_data,172,54,0.912,NA
174,87,scrabble-score,lexicase,FALSE,20,elitize_generation_data,173,52,0.902,NA
175,87,scrabble-score,lexicase,FALSE,20,elitize_generation_data,174,51,0.9,NA
176,87,scrabble-score,lexicase,FALSE,20,elitize_generation_data,175,50,0.887,NA
177,87,scrabble-score,lexicase,FALSE,20,elitize_generation_data,176,53,0.909,NA
178,87,scrabble-score,lexicase,FALSE,20,elitize_generation_data,177,47,0.899,NA
179,87,scrabble-score,lexicase,FALSE,20,elitize_generation_data,178,54,0.898,NA
180,87,scrabble-score,lexicase,FALSE,20,elitize_generation_data,179,61,0.884,NA
181,87,scrabble-score,lexicase,FALSE,20,elitize_generation_data,180,61,0.911,NA
182,87,scrabble-score,lexicase,FALSE,20,elitize_generation_data,181,55,0.902,NA
183,87,scrabble-score,lexicase,FALSE,20,elitize_generation_data,182,51,0.899,NA
184,87,scrabble-score,lexicase,FALSE,20,elitize_generation_data,183,53,0.895,NA
185,87,scrabble-score,lexicase,FALSE,20,elitize_generation_data,184,57,0.892,NA
186,87,scrabble-score,lexicase,FALSE,20,elitize_generation_data,185,62,0.896,NA
187,87,scrabble-score,lexicase,FALSE,20,elitize_generation_data,186,56,0.899,NA
188,87,scrabble-score,lexicase,FALSE,20,elitize_generation_data,187,56,0.907,NA
189,87,scrabble-score,lexicase,FALSE,20,elitize_generation_data,188,64,0.888,NA
190,87,scrabble-score,lexicase,FALSE,20,elitize_generation_data,189,61,0.904,NA
191,87,scrabble-score,lexicase,FALSE,20,elitize_generation_data,190,53,0.897,NA
192,87,scrabble-score,lexicase,FALSE,20,elitize_generation_data,191,56,0.894,NA
193,87,scrabble-score,lexicase,FALSE,20,elitize_generation_data,192,53,0.885,NA
194,87,scrabble-score,lexicase,FALSE,20,elitize_generation_data,193,50,0.899,NA
195,87,scrabble-score,lexicase,FALSE,20,elitize_generation_data,194,57,0.912,NA
196,87,scrabble-score,lexicase,FALSE,20,elitize_generation_data,195,54,0.905,NA
197,87,scrabble-score,lexicase,FALSE,20,elitize_generation_data,196,48,0.903,NA
198,87,scrabble-score,lexicase,FALSE,20,elitize_generation_data,197,57,0.919,NA
199,87,scrabble-score,lexicase,FALSE,20,elitize_generation_data,198,61,0.903,NA
200,87,scrabble-score,lexicase,FALSE,20,elitize_generation_data,199,63,0.919,NA
201,87,scrabble-score,lexicase,FALSE,20,elitize_generation_data,200,63,0.925,NA
202,87,scrabble-score,lexicase,FALSE,20,elitize_generation_data,201,56,0.904,NA
203,87,scrabble-score,lexicase,FALSE,20,elitize_generation_data,202,55,0.908,NA
204,87,scrabble-score,lexicase,FALSE,20,elitize_generation_data,203,62,0.916,NA
205,87,scrabble-score,lexicase,FALSE,20,elitize_generation_data,204,61,0.912,NA
206,87,scrabble-score,lexicase,FALSE,20,elitize_generation_data,205,64,0.902,NA
207,87,scrabble-score,lexicase,FALSE,20,elitize_generation_data,206,56,0.895,NA
208,87,scrabble-score,lexicase,FALSE,20,elitize_generation_data,207,55,0.893,NA
209,87,scrabble-score,lexicase,FALSE,20,elitize_generation_data,208,68,0.899,NA
210,87,scrabble-score,lexicase,FALSE,20,elitize_generation_data,209,57,0.907,NA
211,87,scrabble-score,lexicase,FALSE,20,elitize_generation_data,210,60,0.88,NA
212,87,scrabble-score,lexicase,FALSE,20,elitize_generation_data,211,60,0.916,NA
213,87,scrabble-score,lexicase,FALSE,20,elitize_generation_data,212,65,0.904,NA
214,87,scrabble-score,lexicase,FALSE,20,elitize_generation_data,213,59,0.907,NA
215,87,scrabble-score,lexicase,FALSE,20,elitize_generation_data,214,66,0.908,NA
216,87,scrabble-score,lexicase,FALSE,20,elitize_generation_data,215,65,0.907,NA
217,87,scrabble-score,lexicase,FALSE,20,elitize_generation_data,216,66,0.925,NA
218,87,scrabble-score,lexicase,FALSE,20,elitize_generation_data,217,64,0.905,NA
219,87,scrabble-score,lexicase,FALSE,20,elitize_generation_data,218,64,0.916,NA
220,87,scrabble-score,lexicase,FALSE,20,elitize_generation_data,219,64,0.922,NA
221,87,scrabble-score,lexicase,FALSE,20,elitize_generation_data,220,60,0.927,NA
222,87,scrabble-score,lexicase,FALSE,20,elitize_generation_data,221,67,0.911,NA
223,87,scrabble-score,lexicase,FALSE,20,elitize_generation_data,222,69,0.913,NA
224,87,scrabble-score,lexicase,FALSE,20,elitize_generation_data,223,60,0.898,NA
225,87,scrabble-score,lexicase,FALSE,20,elitize_generation_data,224,63,0.902,NA
226,87,scrabble-score,lexicase,FALSE,20,elitize_generation_data,225,62,0.904,NA
227,87,scrabble-score,lexicase,FALSE,20,elitize_generation_data,226,57,0.899,NA
228,87,scrabble-score,lexicase,FALSE,20,elitize_generation_data,227,54,0.91,NA
229,87,scrabble-score,lexicase,FALSE,20,elitize_generation_data,228,58,0.898,NA
230,87,scrabble-score,lexicase,FALSE,20,elitize_generation_data,229,63,0.916,NA
231,87,scrabble-score,lexicase,FALSE,20,elitize_generation_data,230,66,0.891,NA
232,87,scrabble-score,lexicase,FALSE,20,elitize_generation_data,231,54,0.902,NA
233,87,scrabble-score,lexicase,FALSE,20,elitize_generation_data,232,51,0.893,NA
234,87,scrabble-score,lexicase,FALSE,20,elitize_generation_data,233,48,0.884,NA
235,87,scrabble-score,lexicase,FALSE,20,elitize_generation_data,234,50,0.89,NA
236,87,scrabble-score,lexicase,FALSE,20,elitize_generation_data,235,51,0.88,NA
237,87,scrabble-score,lexicase,FALSE,20,elitize_generation_data,236,50,0.89,NA
238,87,scrabble-score,lexicase,FALSE,20,elitize_generation_data,237,46,0.894,NA
239,87,scrabble-score,lexicase,FALSE,20,elitize_generation_data,238,50,0.911,NA
240,87,scrabble-score,lexicase,FALSE,20,elitize_generation_data,239,45,0.891,NA
241,87,scrabble-score,lexicase,FALSE,20,elitize_generation_data,240,48,0.877,NA
242,87,scrabble-score,lexicase,FALSE,20,elitize_generation_data,241,46,0.905,NA
243,87,scrabble-score,lexicase,FALSE,20,elitize_generation_data,242,54,0.903,NA
244,87,scrabble-score,lexicase,FALSE,20,elitize_generation_data,243,54,0.885,NA
245,87,scrabble-score,lexicase,FALSE,20,elitize_generation_data,244,56,0.899,NA
246,87,scrabble-score,lexicase,FALSE,20,elitize_generation_data,245,62,0.9,NA
247,87,scrabble-score,lexicase,FALSE,20,elitize_generation_data,246,63,0.879,NA
248,87,scrabble-score,lexicase,FALSE,20,elitize_generation_data,247,57,0.889,NA
249,87,scrabble-score,lexicase,FALSE,20,elitize_generation_data,248,60,0.876,NA
250,87,scrabble-score,lexicase,FALSE,20,elitize_generation_data,249,55,0.884,NA
251,87,scrabble-score,lexicase,FALSE,20,elitize_generation_data,250,60,0.883,NA
252,87,scrabble-score,lexicase,FALSE,20,elitize_generation_data,251,56,0.883,NA
253,87,scrabble-score,lexicase,FALSE,20,elitize_generation_data,252,51,0.884,NA
254,87,scrabble-score,lexicase,FALSE,20,elitize_generation_data,253,47,0.883,NA
255,87,scrabble-score,lexicase,FALSE,20,elitize_generation_data,254,51,0.878,NA
256,87,scrabble-score,lexicase,FALSE,20,elitize_generation_data,255,54,0.859,NA
257,87,scrabble-score,lexicase,FALSE,20,elitize_generation_data,256,54,0.877,NA
258,87,scrabble-score,lexicase,FALSE,20,elitize_generation_data,257,54,0.875,NA
259,87,scrabble-score,lexicase,FALSE,20,elitize_generation_data,258,58,0.866,NA
260,87,scrabble-score,lexicase,FALSE,20,elitize_generation_data,259,61,0.866,NA
261,87,scrabble-score,lexicase,FALSE,20,elitize_generation_data,260,57,0.87,NA
262,87,scrabble-score,lexicase,FALSE,20,elitize_generation_data,261,58,0.879,NA
263,87,scrabble-score,lexicase,FALSE,20,elitize_generation_data,262,61,0.885,NA
264,87,scrabble-score,lexicase,FALSE,20,elitize_generation_data,263,61,0.851,NA
265,87,scrabble-score,lexicase,FALSE,20,elitize_generation_data,264,60,0.88,NA
266,87,scrabble-score,lexicase,FALSE,20,elitize_generation_data,265,60,0.886,NA
267,87,scrabble-score,lexicase,FALSE,20,elitize_generation_data,266,59,0.883,NA
268,87,scrabble-score,lexicase,FALSE,20,elitize_generation_data,267,50,0.882,NA
269,87,scrabble-score,lexicase,FALSE,20,elitize_generation_data,268,63,0.863,NA
270,87,scrabble-score,lexicase,FALSE,20,elitize_generation_data,269,58,0.863,NA
271,87,scrabble-score,lexicase,FALSE,20,elitize_generation_data,270,57,0.896,NA
272,87,scrabble-score,lexicase,FALSE,20,elitize_generation_data,271,61,0.871,NA
273,87,scrabble-score,lexicase,FALSE,20,elitize_generation_data,272,56,0.858,NA
274,87,scrabble-score,lexicase,FALSE,20,elitize_generation_data,273,58,0.865,NA
275,87,scrabble-score,lexicase,FALSE,20,elitize_generation_data,274,51,0.871,NA
276,87,scrabble-score,lexicase,FALSE,20,elitize_generation_data,275,54,0.877,NA
277,87,scrabble-score,lexicase,FALSE,20,elitize_generation_data,276,51,0.877,NA
278,87,scrabble-score,lexicase,FALSE,20,elitize_generation_data,277,59,0.851,NA
279,87,scrabble-score,lexicase,FALSE,20,elitize_generation_data,278,64,0.865,NA
280,87,scrabble-score,lexicase,FALSE,20,elitize_generation_data,279,59,0.882,NA
281,87,scrabble-score,lexicase,FALSE,20,elitize_generation_data,280,61,0.888,NA
282,87,scrabble-score,lexicase,FALSE,20,elitize_generation_data,281,60,0.896,NA
283,87,scrabble-score,lexicase,FALSE,20,elitize_generation_data,282,49,0.884,NA
284,87,scrabble-score,lexicase,FALSE,20,elitize_generation_data,283,55,0.89,NA
285,87,scrabble-score,lexicase,FALSE,20,elitize_generation_data,284,64,0.876,NA
286,87,scrabble-score,lexicase,FALSE,20,elitize_generation_data,285,64,0.873,NA
287,87,scrabble-score,lexicase,FALSE,20,elitize_generation_data,286,64,0.877,NA
288,87,scrabble-score,lexicase,FALSE,20,elitize_generation_data,287,72,0.875,NA
289,87,scrabble-score,lexicase,FALSE,20,elitize_generation_data,288,79,0.897,NA
290,87,scrabble-score,lexicase,FALSE,20,elitize_generation_data,289,74,0.901,NA
291,87,scrabble-score,lexicase,FALSE,20,elitize_generation_data,290,68,0.893,NA
292,87,scrabble-score,lexicase,FALSE,20,elitize_generation_data,291,64,0.872,NA
293,87,scrabble-score,lexicase,FALSE,20,elitize_generation_data,292,70,0.89,NA
294,87,scrabble-score,lexicase,FALSE,20,elitize_generation_data,293,64,0.883,NA
295,87,scrabble-score,lexicase,FALSE,20,elitize_generation_data,294,67,0.89,NA
296,87,scrabble-score,lexicase,FALSE,20,elitize_generation_data,295,62,0.9,NA
297,87,scrabble-score,lexicase,FALSE,20,elitize_generation_data,296,66,0.883,NA
298,87,scrabble-score,lexicase,FALSE,20,elitize_generation_data,297,64,0.879,NA
299,87,scrabble-score,lexicase,FALSE,20,elitize_generation_data,298,51,0.889,NA
300,87,scrabble-score,lexicase,FALSE,20,elitize_generation_data,299,53,0.887,NA
301,87,scrabble-score,lexicase,FALSE,20,elitize_generation_data,300,55,0.887,NA
