,run.num,problem,treatment,succeeded,height,normalization.function,generation,cluster.count,error.diversity,success.generation
1,14,scrabble-score,lexicase,FALSE,20,elitize_generation_data,0,4,0.116,NA
2,14,scrabble-score,lexicase,FALSE,20,elitize_generation_data,1,2,0.202,NA
3,14,scrabble-score,lexicase,FALSE,20,elitize_generation_data,2,2,0.321,NA
4,14,scrabble-score,lexicase,FALSE,20,elitize_generation_data,3,4,0.509,NA
5,14,scrabble-score,lexicase,FALSE,20,elitize_generation_data,4,5,0.724,NA
6,14,scrabble-score,lexicase,FALSE,20,elitize_generation_data,5,5,0.836,NA
7,14,scrabble-score,lexicase,FALSE,20,elitize_generation_data,6,12,0.887,NA
8,14,scrabble-score,lexicase,FALSE,20,elitize_generation_data,7,14,0.909,NA
9,14,scrabble-score,lexicase,FALSE,20,elitize_generation_data,8,13,0.931,NA
10,14,scrabble-score,lexicase,FALSE,20,elitize_generation_data,9,13,0.932,NA
11,14,scrabble-score,lexicase,FALSE,20,elitize_generation_data,10,14,0.939,NA
12,14,scrabble-score,lexicase,FALSE,20,elitize_generation_data,11,15,0.936,NA
13,14,scrabble-score,lexicase,FALSE,20,elitize_generation_data,12,18,0.947,NA
14,14,scrabble-score,lexicase,FALSE,20,elitize_generation_data,13,17,0.937,NA
15,14,scrabble-score,lexicase,FALSE,20,elitize_generation_data,14,23,0.946,NA
16,14,scrabble-score,lexicase,FALSE,20,elitize_generation_data,15,25,0.944,NA
17,14,scrabble-score,lexicase,FALSE,20,elitize_generation_data,16,26,0.945,NA
18,14,scrabble-score,lexicase,FALSE,20,elitize_generation_data,17,19,0.947,NA
19,14,scrabble-score,lexicase,FALSE,20,elitize_generation_data,18,30,0.942,NA
20,14,scrabble-score,lexicase,FALSE,20,elitize_generation_data,19,33,0.936,NA
21,14,scrabble-score,lexicase,FALSE,20,elitize_generation_data,20,36,0.935,NA
22,14,scrabble-score,lexicase,FALSE,20,elitize_generation_data,21,33,0.93,NA
23,14,scrabble-score,lexicase,FALSE,20,elitize_generation_data,22,35,0.936,NA
24,14,scrabble-score,lexicase,FALSE,20,elitize_generation_data,23,33,0.918,NA
25,14,scrabble-score,lexicase,FALSE,20,elitize_generation_data,24,31,0.91,NA
26,14,scrabble-score,lexicase,FALSE,20,elitize_generation_data,25,36,0.927,NA
27,14,scrabble-score,lexicase,FALSE,20,elitize_generation_data,26,44,0.927,NA
28,14,scrabble-score,lexicase,FALSE,20,elitize_generation_data,27,46,0.92,NA
29,14,scrabble-score,lexicase,FALSE,20,elitize_generation_data,28,52,0.912,NA
30,14,scrabble-score,lexicase,FALSE,20,elitize_generation_data,29,47,0.934,NA
31,14,scrabble-score,lexicase,FALSE,20,elitize_generation_data,30,39,0.931,NA
32,14,scrabble-score,lexicase,FALSE,20,elitize_generation_data,31,48,0.923,NA
33,14,scrabble-score,lexicase,FALSE,20,elitize_generation_data,32,53,0.934,NA
34,14,scrabble-score,lexicase,FALSE,20,elitize_generation_data,33,50,0.918,NA
35,14,scrabble-score,lexicase,FALSE,20,elitize_generation_data,34,51,0.914,NA
36,14,scrabble-score,lexicase,FALSE,20,elitize_generation_data,35,58,0.925,NA
37,14,scrabble-score,lexicase,FALSE,20,elitize_generation_data,36,57,0.92,NA
38,14,scrabble-score,lexicase,FALSE,20,elitize_generation_data,37,58,0.902,NA
39,14,scrabble-score,lexicase,FALSE,20,elitize_generation_data,38,53,0.922,NA
40,14,scrabble-score,lexicase,FALSE,20,elitize_generation_data,39,58,0.907,NA
41,14,scrabble-score,lexicase,FALSE,20,elitize_generation_data,40,61,0.915,NA
42,14,scrabble-score,lexicase,FALSE,20,elitize_generation_data,41,56,0.917,NA
43,14,scrabble-score,lexicase,FALSE,20,elitize_generation_data,42,70,0.909,NA
44,14,scrabble-score,lexicase,FALSE,20,elitize_generation_data,43,71,0.92,NA
45,14,scrabble-score,lexicase,FALSE,20,elitize_generation_data,44,67,0.905,NA
46,14,scrabble-score,lexicase,FALSE,20,elitize_generation_data,45,74,0.907,NA
47,14,scrabble-score,lexicase,FALSE,20,elitize_generation_data,46,66,0.92,NA
48,14,scrabble-score,lexicase,FALSE,20,elitize_generation_data,47,69,0.928,NA
49,14,scrabble-score,lexicase,FALSE,20,elitize_generation_data,48,67,0.93,NA
50,14,scrabble-score,lexicase,FALSE,20,elitize_generation_data,49,65,0.908,NA
51,14,scrabble-score,lexicase,FALSE,20,elitize_generation_data,50,76,0.916,NA
52,14,scrabble-score,lexicase,FALSE,20,elitize_generation_data,51,83,0.902,NA
53,14,scrabble-score,lexicase,FALSE,20,elitize_generation_data,52,71,0.922,NA
54,14,scrabble-score,lexicase,FALSE,20,elitize_generation_data,53,58,0.933,NA
55,14,scrabble-score,lexicase,FALSE,20,elitize_generation_data,54,61,0.939,NA
56,14,scrabble-score,lexicase,FALSE,20,elitize_generation_data,55,68,0.93,NA
57,14,scrabble-score,lexicase,FALSE,20,elitize_generation_data,56,75,0.928,NA
58,14,scrabble-score,lexicase,FALSE,20,elitize_generation_data,57,74,0.93,NA
59,14,scrabble-score,lexicase,FALSE,20,elitize_generation_data,58,66,0.925,NA
60,14,scrabble-score,lexicase,FALSE,20,elitize_generation_data,59,64,0.929,NA
61,14,scrabble-score,lexicase,FALSE,20,elitize_generation_data,60,75,0.929,NA
62,14,scrabble-score,lexicase,FALSE,20,elitize_generation_data,61,76,0.934,NA
63,14,scrabble-score,lexicase,FALSE,20,elitize_generation_data,62,64,0.924,NA
64,14,scrabble-score,lexicase,FALSE,20,elitize_generation_data,63,73,0.931,NA
65,14,scrabble-score,lexicase,FALSE,20,elitize_generation_data,64,72,0.928,NA
66,14,scrabble-score,lexicase,FALSE,20,elitize_generation_data,65,83,0.914,NA
67,14,scrabble-score,lexicase,FALSE,20,elitize_generation_data,66,73,0.926,NA
68,14,scrabble-score,lexicase,FALSE,20,elitize_generation_data,67,73,0.924,NA
69,14,scrabble-score,lexicase,FALSE,20,elitize_generation_data,68,77,0.925,NA
70,14,scrabble-score,lexicase,FALSE,20,elitize_generation_data,69,77,0.918,NA
71,14,scrabble-score,lexicase,FALSE,20,elitize_generation_data,70,60,0.912,NA
72,14,scrabble-score,lexicase,FALSE,20,elitize_generation_data,71,71,0.932,NA
73,14,scrabble-score,lexicase,FALSE,20,elitize_generation_data,72,66,0.922,NA
74,14,scrabble-score,lexicase,FALSE,20,elitize_generation_data,73,82,0.922,NA
75,14,scrabble-score,lexicase,FALSE,20,elitize_generation_data,74,83,0.907,NA
76,14,scrabble-score,lexicase,FALSE,20,elitize_generation_data,75,87,0.92,NA
77,14,scrabble-score,lexicase,FALSE,20,elitize_generation_data,76,76,0.912,NA
78,14,scrabble-score,lexicase,FALSE,20,elitize_generation_data,77,76,0.9,NA
79,14,scrabble-score,lexicase,FALSE,20,elitize_generation_data,78,77,0.929,NA
80,14,scrabble-score,lexicase,FALSE,20,elitize_generation_data,79,84,0.914,NA
81,14,scrabble-score,lexicase,FALSE,20,elitize_generation_data,80,94,0.921,NA
82,14,scrabble-score,lexicase,FALSE,20,elitize_generation_data,81,95,0.924,NA
83,14,scrabble-score,lexicase,FALSE,20,elitize_generation_data,82,92,0.917,NA
84,14,scrabble-score,lexicase,FALSE,20,elitize_generation_data,83,91,0.923,NA
85,14,scrabble-score,lexicase,FALSE,20,elitize_generation_data,84,87,0.919,NA
86,14,scrabble-score,lexicase,FALSE,20,elitize_generation_data,85,88,0.936,NA
87,14,scrabble-score,lexicase,FALSE,20,elitize_generation_data,86,94,0.928,NA
88,14,scrabble-score,lexicase,FALSE,20,elitize_generation_data,87,99,0.937,NA
89,14,scrabble-score,lexicase,FALSE,20,elitize_generation_data,88,77,0.929,NA
90,14,scrabble-score,lexicase,FALSE,20,elitize_generation_data,89,80,0.925,NA
91,14,scrabble-score,lexicase,FALSE,20,elitize_generation_data,90,75,0.913,NA
92,14,scrabble-score,lexicase,FALSE,20,elitize_generation_data,91,77,0.906,NA
93,14,scrabble-score,lexicase,FALSE,20,elitize_generation_data,92,86,0.932,NA
94,14,scrabble-score,lexicase,FALSE,20,elitize_generation_data,93,83,0.927,NA
95,14,scrabble-score,lexicase,FALSE,20,elitize_generation_data,94,83,0.925,NA
96,14,scrabble-score,lexicase,FALSE,20,elitize_generation_data,95,76,0.922,NA
97,14,scrabble-score,lexicase,FALSE,20,elitize_generation_data,96,64,0.904,NA
98,14,scrabble-score,lexicase,FALSE,20,elitize_generation_data,97,70,0.925,NA
99,14,scrabble-score,lexicase,FALSE,20,elitize_generation_data,98,71,0.928,NA
100,14,scrabble-score,lexicase,FALSE,20,elitize_generation_data,99,77,0.914,NA
101,14,scrabble-score,lexicase,FALSE,20,elitize_generation_data,100,86,0.904,NA
102,14,scrabble-score,lexicase,FALSE,20,elitize_generation_data,101,67,0.908,NA
103,14,scrabble-score,lexicase,FALSE,20,elitize_generation_data,102,75,0.92,NA
104,14,scrabble-score,lexicase,FALSE,20,elitize_generation_data,103,85,0.925,NA
105,14,scrabble-score,lexicase,FALSE,20,elitize_generation_data,104,83,0.925,NA
106,14,scrabble-score,lexicase,FALSE,20,elitize_generation_data,105,69,0.902,NA
107,14,scrabble-score,lexicase,FALSE,20,elitize_generation_data,106,76,0.922,NA
108,14,scrabble-score,lexicase,FALSE,20,elitize_generation_data,107,78,0.924,NA
109,14,scrabble-score,lexicase,FALSE,20,elitize_generation_data,108,74,0.899,NA
110,14,scrabble-score,lexicase,FALSE,20,elitize_generation_data,109,70,0.922,NA
111,14,scrabble-score,lexicase,FALSE,20,elitize_generation_data,110,80,0.917,NA
112,14,scrabble-score,lexicase,FALSE,20,elitize_generation_data,111,80,0.928,NA
113,14,scrabble-score,lexicase,FALSE,20,elitize_generation_data,112,86,0.916,NA
114,14,scrabble-score,lexicase,FALSE,20,elitize_generation_data,113,86,0.91,NA
115,14,scrabble-score,lexicase,FALSE,20,elitize_generation_data,114,99,0.929,NA
116,14,scrabble-score,lexicase,FALSE,20,elitize_generation_data,115,89,0.92,NA
117,14,scrabble-score,lexicase,FALSE,20,elitize_generation_data,116,85,0.927,NA
118,14,scrabble-score,lexicase,FALSE,20,elitize_generation_data,117,88,0.908,NA
119,14,scrabble-score,lexicase,FALSE,20,elitize_generation_data,118,75,0.919,NA
120,14,scrabble-score,lexicase,FALSE,20,elitize_generation_data,119,88,0.916,NA
121,14,scrabble-score,lexicase,FALSE,20,elitize_generation_data,120,88,0.912,NA
122,14,scrabble-score,lexicase,FALSE,20,elitize_generation_data,121,83,0.912,NA
123,14,scrabble-score,lexicase,FALSE,20,elitize_generation_data,122,90,0.91,NA
124,14,scrabble-score,lexicase,FALSE,20,elitize_generation_data,123,93,0.899,NA
125,14,scrabble-score,lexicase,FALSE,20,elitize_generation_data,124,99,0.901,NA
126,14,scrabble-score,lexicase,FALSE,20,elitize_generation_data,125,86,0.928,NA
127,14,scrabble-score,lexicase,FALSE,20,elitize_generation_data,126,90,0.912,NA
128,14,scrabble-score,lexicase,FALSE,20,elitize_generation_data,127,81,0.905,NA
129,14,scrabble-score,lexicase,FALSE,20,elitize_generation_data,128,84,0.919,NA
130,14,scrabble-score,lexicase,FALSE,20,elitize_generation_data,129,92,0.9,NA
131,14,scrabble-score,lexicase,FALSE,20,elitize_generation_data,130,106,0.899,NA
132,14,scrabble-score,lexicase,FALSE,20,elitize_generation_data,131,93,0.899,NA
133,14,scrabble-score,lexicase,FALSE,20,elitize_generation_data,132,98,0.905,NA
134,14,scrabble-score,lexicase,FALSE,20,elitize_generation_data,133,87,0.913,NA
135,14,scrabble-score,lexicase,FALSE,20,elitize_generation_data,134,91,0.897,NA
136,14,scrabble-score,lexicase,FALSE,20,elitize_generation_data,135,82,0.884,NA
137,14,scrabble-score,lexicase,FALSE,20,elitize_generation_data,136,101,0.906,NA
138,14,scrabble-score,lexicase,FALSE,20,elitize_generation_data,137,88,0.901,NA
139,14,scrabble-score,lexicase,FALSE,20,elitize_generation_data,138,89,0.916,NA
140,14,scrabble-score,lexicase,FALSE,20,elitize_generation_data,139,98,0.927,NA
141,14,scrabble-score,lexicase,FALSE,20,elitize_generation_data,140,101,0.915,NA
142,14,scrabble-score,lexicase,FALSE,20,elitize_generation_data,141,79,0.909,NA
143,14,scrabble-score,lexicase,FALSE,20,elitize_generation_data,142,88,0.918,NA
144,14,scrabble-score,lexicase,FALSE,20,elitize_generation_data,143,89,0.914,NA
145,14,scrabble-score,lexicase,FALSE,20,elitize_generation_data,144,86,0.885,NA
146,14,scrabble-score,lexicase,FALSE,20,elitize_generation_data,145,89,0.906,NA
147,14,scrabble-score,lexicase,FALSE,20,elitize_generation_data,146,96,0.892,NA
148,14,scrabble-score,lexicase,FALSE,20,elitize_generation_data,147,107,0.911,NA
149,14,scrabble-score,lexicase,FALSE,20,elitize_generation_data,148,115,0.896,NA
150,14,scrabble-score,lexicase,FALSE,20,elitize_generation_data,149,104,0.884,NA
151,14,scrabble-score,lexicase,FALSE,20,elitize_generation_data,150,97,0.86,NA
152,14,scrabble-score,lexicase,FALSE,20,elitize_generation_data,151,98,0.876,NA
153,14,scrabble-score,lexicase,FALSE,20,elitize_generation_data,152,98,0.896,NA
154,14,scrabble-score,lexicase,FALSE,20,elitize_generation_data,153,102,0.883,NA
155,14,scrabble-score,lexicase,FALSE,20,elitize_generation_data,154,109,0.873,NA
156,14,scrabble-score,lexicase,FALSE,20,elitize_generation_data,155,105,0.873,NA
157,14,scrabble-score,lexicase,FALSE,20,elitize_generation_data,156,110,0.878,NA
158,14,scrabble-score,lexicase,FALSE,20,elitize_generation_data,157,111,0.858,NA
159,14,scrabble-score,lexicase,FALSE,20,elitize_generation_data,158,110,0.876,NA
160,14,scrabble-score,lexicase,FALSE,20,elitize_generation_data,159,103,0.857,NA
161,14,scrabble-score,lexicase,FALSE,20,elitize_generation_data,160,94,0.859,NA
162,14,scrabble-score,lexicase,FALSE,20,elitize_generation_data,161,104,0.864,NA
163,14,scrabble-score,lexicase,FALSE,20,elitize_generation_data,162,116,0.857,NA
164,14,scrabble-score,lexicase,FALSE,20,elitize_generation_data,163,115,0.865,NA
165,14,scrabble-score,lexicase,FALSE,20,elitize_generation_data,164,107,0.862,NA
166,14,scrabble-score,lexicase,FALSE,20,elitize_generation_data,165,97,0.858,NA
167,14,scrabble-score,lexicase,FALSE,20,elitize_generation_data,166,102,0.85,NA
168,14,scrabble-score,lexicase,FALSE,20,elitize_generation_data,167,94,0.863,NA
169,14,scrabble-score,lexicase,FALSE,20,elitize_generation_data,168,110,0.844,NA
170,14,scrabble-score,lexicase,FALSE,20,elitize_generation_data,169,111,0.878,NA
171,14,scrabble-score,lexicase,FALSE,20,elitize_generation_data,170,115,0.886,NA
172,14,scrabble-score,lexicase,FALSE,20,elitize_generation_data,171,106,0.879,NA
173,14,scrabble-score,lexicase,FALSE,20,elitize_generation_data,172,101,0.873,NA
174,14,scrabble-score,lexicase,FALSE,20,elitize_generation_data,173,96,0.863,NA
175,14,scrabble-score,lexicase,FALSE,20,elitize_generation_data,174,91,0.858,NA
176,14,scrabble-score,lexicase,FALSE,20,elitize_generation_data,175,95,0.848,NA
177,14,scrabble-score,lexicase,FALSE,20,elitize_generation_data,176,89,0.862,NA
178,14,scrabble-score,lexicase,FALSE,20,elitize_generation_data,177,86,0.879,NA
179,14,scrabble-score,lexicase,FALSE,20,elitize_generation_data,178,83,0.881,NA
180,14,scrabble-score,lexicase,FALSE,20,elitize_generation_data,179,86,0.863,NA
181,14,scrabble-score,lexicase,FALSE,20,elitize_generation_data,180,83,0.868,NA
182,14,scrabble-score,lexicase,FALSE,20,elitize_generation_data,181,89,0.884,NA
183,14,scrabble-score,lexicase,FALSE,20,elitize_generation_data,182,98,0.875,NA
184,14,scrabble-score,lexicase,FALSE,20,elitize_generation_data,183,106,0.901,NA
185,14,scrabble-score,lexicase,FALSE,20,elitize_generation_data,184,115,0.873,NA
186,14,scrabble-score,lexicase,FALSE,20,elitize_generation_data,185,106,0.867,NA
187,14,scrabble-score,lexicase,FALSE,20,elitize_generation_data,186,110,0.87,NA
188,14,scrabble-score,lexicase,FALSE,20,elitize_generation_data,187,107,0.88,NA
189,14,scrabble-score,lexicase,FALSE,20,elitize_generation_data,188,116,0.885,NA
190,14,scrabble-score,lexicase,FALSE,20,elitize_generation_data,189,116,0.868,NA
191,14,scrabble-score,lexicase,FALSE,20,elitize_generation_data,190,106,0.878,NA
192,14,scrabble-score,lexicase,FALSE,20,elitize_generation_data,191,105,0.884,NA
193,14,scrabble-score,lexicase,FALSE,20,elitize_generation_data,192,106,0.885,NA
194,14,scrabble-score,lexicase,FALSE,20,elitize_generation_data,193,111,0.879,NA
195,14,scrabble-score,lexicase,FALSE,20,elitize_generation_data,194,119,0.892,NA
196,14,scrabble-score,lexicase,FALSE,20,elitize_generation_data,195,121,0.892,NA
197,14,scrabble-score,lexicase,FALSE,20,elitize_generation_data,196,120,0.882,NA
198,14,scrabble-score,lexicase,FALSE,20,elitize_generation_data,197,102,0.88,NA
199,14,scrabble-score,lexicase,FALSE,20,elitize_generation_data,198,118,0.861,NA
200,14,scrabble-score,lexicase,FALSE,20,elitize_generation_data,199,101,0.885,NA
201,14,scrabble-score,lexicase,FALSE,20,elitize_generation_data,200,110,0.881,NA
202,14,scrabble-score,lexicase,FALSE,20,elitize_generation_data,201,116,0.896,NA
203,14,scrabble-score,lexicase,FALSE,20,elitize_generation_data,202,108,0.864,NA
204,14,scrabble-score,lexicase,FALSE,20,elitize_generation_data,203,121,0.887,NA
205,14,scrabble-score,lexicase,FALSE,20,elitize_generation_data,204,110,0.888,NA
206,14,scrabble-score,lexicase,FALSE,20,elitize_generation_data,205,120,0.879,NA
207,14,scrabble-score,lexicase,FALSE,20,elitize_generation_data,206,107,0.893,NA
208,14,scrabble-score,lexicase,FALSE,20,elitize_generation_data,207,109,0.87,NA
209,14,scrabble-score,lexicase,FALSE,20,elitize_generation_data,208,89,0.887,NA
210,14,scrabble-score,lexicase,FALSE,20,elitize_generation_data,209,99,0.863,NA
211,14,scrabble-score,lexicase,FALSE,20,elitize_generation_data,210,93,0.883,NA
212,14,scrabble-score,lexicase,FALSE,20,elitize_generation_data,211,109,0.879,NA
213,14,scrabble-score,lexicase,FALSE,20,elitize_generation_data,212,108,0.886,NA
214,14,scrabble-score,lexicase,FALSE,20,elitize_generation_data,213,93,0.878,NA
215,14,scrabble-score,lexicase,FALSE,20,elitize_generation_data,214,96,0.888,NA
216,14,scrabble-score,lexicase,FALSE,20,elitize_generation_data,215,99,0.889,NA
217,14,scrabble-score,lexicase,FALSE,20,elitize_generation_data,216,95,0.877,NA
218,14,scrabble-score,lexicase,FALSE,20,elitize_generation_data,217,94,0.853,NA
219,14,scrabble-score,lexicase,FALSE,20,elitize_generation_data,218,98,0.871,NA
220,14,scrabble-score,lexicase,FALSE,20,elitize_generation_data,219,103,0.873,NA
221,14,scrabble-score,lexicase,FALSE,20,elitize_generation_data,220,85,0.855,NA
222,14,scrabble-score,lexicase,FALSE,20,elitize_generation_data,221,92,0.877,NA
223,14,scrabble-score,lexicase,FALSE,20,elitize_generation_data,222,101,0.853,NA
224,14,scrabble-score,lexicase,FALSE,20,elitize_generation_data,223,101,0.893,NA
225,14,scrabble-score,lexicase,FALSE,20,elitize_generation_data,224,110,0.887,NA
226,14,scrabble-score,lexicase,FALSE,20,elitize_generation_data,225,102,0.864,NA
227,14,scrabble-score,lexicase,FALSE,20,elitize_generation_data,226,116,0.881,NA
228,14,scrabble-score,lexicase,FALSE,20,elitize_generation_data,227,110,0.878,NA
229,14,scrabble-score,lexicase,FALSE,20,elitize_generation_data,228,104,0.895,NA
230,14,scrabble-score,lexicase,FALSE,20,elitize_generation_data,229,118,0.878,NA
231,14,scrabble-score,lexicase,FALSE,20,elitize_generation_data,230,110,0.896,NA
232,14,scrabble-score,lexicase,FALSE,20,elitize_generation_data,231,111,0.906,NA
233,14,scrabble-score,lexicase,FALSE,20,elitize_generation_data,232,115,0.881,NA
234,14,scrabble-score,lexicase,FALSE,20,elitize_generation_data,233,114,0.886,NA
235,14,scrabble-score,lexicase,FALSE,20,elitize_generation_data,234,128,0.887,NA
236,14,scrabble-score,lexicase,FALSE,20,elitize_generation_data,235,118,0.873,NA
237,14,scrabble-score,lexicase,FALSE,20,elitize_generation_data,236,117,0.885,NA
238,14,scrabble-score,lexicase,FALSE,20,elitize_generation_data,237,100,0.879,NA
239,14,scrabble-score,lexicase,FALSE,20,elitize_generation_data,238,110,0.872,NA
240,14,scrabble-score,lexicase,FALSE,20,elitize_generation_data,239,111,0.888,NA
241,14,scrabble-score,lexicase,FALSE,20,elitize_generation_data,240,112,0.887,NA
242,14,scrabble-score,lexicase,FALSE,20,elitize_generation_data,241,117,0.89,NA
243,14,scrabble-score,lexicase,FALSE,20,elitize_generation_data,242,112,0.871,NA
244,14,scrabble-score,lexicase,FALSE,20,elitize_generation_data,243,111,0.873,NA
245,14,scrabble-score,lexicase,FALSE,20,elitize_generation_data,244,118,0.879,NA
246,14,scrabble-score,lexicase,FALSE,20,elitize_generation_data,245,118,0.878,NA
247,14,scrabble-score,lexicase,FALSE,20,elitize_generation_data,246,107,0.863,NA
248,14,scrabble-score,lexicase,FALSE,20,elitize_generation_data,247,102,0.884,NA
249,14,scrabble-score,lexicase,FALSE,20,elitize_generation_data,248,109,0.88,NA
250,14,scrabble-score,lexicase,FALSE,20,elitize_generation_data,249,106,0.877,NA
251,14,scrabble-score,lexicase,FALSE,20,elitize_generation_data,250,88,0.894,NA
252,14,scrabble-score,lexicase,FALSE,20,elitize_generation_data,251,101,0.873,NA
253,14,scrabble-score,lexicase,FALSE,20,elitize_generation_data,252,93,0.869,NA
254,14,scrabble-score,lexicase,FALSE,20,elitize_generation_data,253,95,0.882,NA
255,14,scrabble-score,lexicase,FALSE,20,elitize_generation_data,254,107,0.875,NA
256,14,scrabble-score,lexicase,FALSE,20,elitize_generation_data,255,110,0.867,NA
257,14,scrabble-score,lexicase,FALSE,20,elitize_generation_data,256,100,0.874,NA
258,14,scrabble-score,lexicase,FALSE,20,elitize_generation_data,257,95,0.864,NA
259,14,scrabble-score,lexicase,FALSE,20,elitize_generation_data,258,107,0.882,NA
260,14,scrabble-score,lexicase,FALSE,20,elitize_generation_data,259,98,0.872,NA
261,14,scrabble-score,lexicase,FALSE,20,elitize_generation_data,260,101,0.86,NA
262,14,scrabble-score,lexicase,FALSE,20,elitize_generation_data,261,96,0.876,NA
263,14,scrabble-score,lexicase,FALSE,20,elitize_generation_data,262,90,0.886,NA
264,14,scrabble-score,lexicase,FALSE,20,elitize_generation_data,263,99,0.857,NA
265,14,scrabble-score,lexicase,FALSE,20,elitize_generation_data,264,95,0.878,NA
266,14,scrabble-score,lexicase,FALSE,20,elitize_generation_data,265,91,0.846,NA
267,14,scrabble-score,lexicase,FALSE,20,elitize_generation_data,266,85,0.856,NA
268,14,scrabble-score,lexicase,FALSE,20,elitize_generation_data,267,97,0.87,NA
269,14,scrabble-score,lexicase,FALSE,20,elitize_generation_data,268,110,0.865,NA
270,14,scrabble-score,lexicase,FALSE,20,elitize_generation_data,269,99,0.856,NA
271,14,scrabble-score,lexicase,FALSE,20,elitize_generation_data,270,97,0.88,NA
272,14,scrabble-score,lexicase,FALSE,20,elitize_generation_data,271,97,0.855,NA
273,14,scrabble-score,lexicase,FALSE,20,elitize_generation_data,272,95,0.858,NA
274,14,scrabble-score,lexicase,FALSE,20,elitize_generation_data,273,109,0.884,NA
275,14,scrabble-score,lexicase,FALSE,20,elitize_generation_data,274,112,0.85,NA
276,14,scrabble-score,lexicase,FALSE,20,elitize_generation_data,275,108,0.845,NA
277,14,scrabble-score,lexicase,FALSE,20,elitize_generation_data,276,96,0.864,NA
278,14,scrabble-score,lexicase,FALSE,20,elitize_generation_data,277,109,0.857,NA
279,14,scrabble-score,lexicase,FALSE,20,elitize_generation_data,278,100,0.866,NA
280,14,scrabble-score,lexicase,FALSE,20,elitize_generation_data,279,90,0.855,NA
281,14,scrabble-score,lexicase,FALSE,20,elitize_generation_data,280,110,0.853,NA
282,14,scrabble-score,lexicase,FALSE,20,elitize_generation_data,281,95,0.876,NA
283,14,scrabble-score,lexicase,FALSE,20,elitize_generation_data,282,89,0.863,NA
284,14,scrabble-score,lexicase,FALSE,20,elitize_generation_data,283,92,0.824,NA
285,14,scrabble-score,lexicase,FALSE,20,elitize_generation_data,284,91,0.867,NA
286,14,scrabble-score,lexicase,FALSE,20,elitize_generation_data,285,80,0.844,NA
287,14,scrabble-score,lexicase,FALSE,20,elitize_generation_data,286,81,0.864,NA
288,14,scrabble-score,lexicase,FALSE,20,elitize_generation_data,287,88,0.874,NA
289,14,scrabble-score,lexicase,FALSE,20,elitize_generation_data,288,91,0.834,NA
290,14,scrabble-score,lexicase,FALSE,20,elitize_generation_data,289,95,0.853,NA
291,14,scrabble-score,lexicase,FALSE,20,elitize_generation_data,290,104,0.864,NA
292,14,scrabble-score,lexicase,FALSE,20,elitize_generation_data,291,96,0.842,NA
293,14,scrabble-score,lexicase,FALSE,20,elitize_generation_data,292,100,0.863,NA
294,14,scrabble-score,lexicase,FALSE,20,elitize_generation_data,293,108,0.87,NA
295,14,scrabble-score,lexicase,FALSE,20,elitize_generation_data,294,93,0.84,NA
296,14,scrabble-score,lexicase,FALSE,20,elitize_generation_data,295,98,0.862,NA
297,14,scrabble-score,lexicase,FALSE,20,elitize_generation_data,296,91,0.855,NA
298,14,scrabble-score,lexicase,FALSE,20,elitize_generation_data,297,82,0.867,NA
299,14,scrabble-score,lexicase,FALSE,20,elitize_generation_data,298,97,0.864,NA
300,14,scrabble-score,lexicase,FALSE,20,elitize_generation_data,299,95,0.844,NA
301,14,scrabble-score,lexicase,FALSE,20,elitize_generation_data,300,92,0.843,NA
