,run.num,problem,treatment,succeeded,height,normalization.function,generation,cluster.count,error.diversity,success.generation
1,36,scrabble-score,lexicase,FALSE,20,elitize_generation_data,0,3,0.112,NA
2,36,scrabble-score,lexicase,FALSE,20,elitize_generation_data,1,1,0.245,NA
3,36,scrabble-score,lexicase,FALSE,20,elitize_generation_data,2,1,0.319,NA
4,36,scrabble-score,lexicase,FALSE,20,elitize_generation_data,3,1,0.403,NA
5,36,scrabble-score,lexicase,FALSE,20,elitize_generation_data,4,1,0.512,NA
6,36,scrabble-score,lexicase,FALSE,20,elitize_generation_data,5,2,0.579,NA
7,36,scrabble-score,lexicase,FALSE,20,elitize_generation_data,6,3,0.595,NA
8,36,scrabble-score,lexicase,FALSE,20,elitize_generation_data,7,3,0.629,NA
9,36,scrabble-score,lexicase,FALSE,20,elitize_generation_data,8,4,0.65,NA
10,36,scrabble-score,lexicase,FALSE,20,elitize_generation_data,9,3,0.683,NA
11,36,scrabble-score,lexicase,FALSE,20,elitize_generation_data,10,2,0.706,NA
12,36,scrabble-score,lexicase,FALSE,20,elitize_generation_data,11,2,0.706,NA
13,36,scrabble-score,lexicase,FALSE,20,elitize_generation_data,12,2,0.731,NA
14,36,scrabble-score,lexicase,FALSE,20,elitize_generation_data,13,3,0.753,NA
15,36,scrabble-score,lexicase,FALSE,20,elitize_generation_data,14,4,0.741,NA
16,36,scrabble-score,lexicase,FALSE,20,elitize_generation_data,15,6,0.761,NA
17,36,scrabble-score,lexicase,FALSE,20,elitize_generation_data,16,4,0.747,NA
18,36,scrabble-score,lexicase,FALSE,20,elitize_generation_data,17,3,0.779,NA
19,36,scrabble-score,lexicase,FALSE,20,elitize_generation_data,18,7,0.792,NA
20,36,scrabble-score,lexicase,FALSE,20,elitize_generation_data,19,6,0.764,NA
21,36,scrabble-score,lexicase,FALSE,20,elitize_generation_data,20,4,0.777,NA
22,36,scrabble-score,lexicase,FALSE,20,elitize_generation_data,21,6,0.78,NA
23,36,scrabble-score,lexicase,FALSE,20,elitize_generation_data,22,6,0.811,NA
24,36,scrabble-score,lexicase,FALSE,20,elitize_generation_data,23,8,0.797,NA
25,36,scrabble-score,lexicase,FALSE,20,elitize_generation_data,24,9,0.77,NA
26,36,scrabble-score,lexicase,FALSE,20,elitize_generation_data,25,7,0.791,NA
27,36,scrabble-score,lexicase,FALSE,20,elitize_generation_data,26,6,0.811,NA
28,36,scrabble-score,lexicase,FALSE,20,elitize_generation_data,27,7,0.793,NA
29,36,scrabble-score,lexicase,FALSE,20,elitize_generation_data,28,5,0.806,NA
30,36,scrabble-score,lexicase,FALSE,20,elitize_generation_data,29,8,0.819,NA
31,36,scrabble-score,lexicase,FALSE,20,elitize_generation_data,30,10,0.811,NA
32,36,scrabble-score,lexicase,FALSE,20,elitize_generation_data,31,7,0.801,NA
33,36,scrabble-score,lexicase,FALSE,20,elitize_generation_data,32,9,0.79,NA
34,36,scrabble-score,lexicase,FALSE,20,elitize_generation_data,33,8,0.833,NA
35,36,scrabble-score,lexicase,FALSE,20,elitize_generation_data,34,8,0.778,NA
36,36,scrabble-score,lexicase,FALSE,20,elitize_generation_data,35,6,0.817,NA
37,36,scrabble-score,lexicase,FALSE,20,elitize_generation_data,36,8,0.819,NA
38,36,scrabble-score,lexicase,FALSE,20,elitize_generation_data,37,9,0.8,NA
39,36,scrabble-score,lexicase,FALSE,20,elitize_generation_data,38,8,0.833,NA
40,36,scrabble-score,lexicase,FALSE,20,elitize_generation_data,39,10,0.855,NA
41,36,scrabble-score,lexicase,FALSE,20,elitize_generation_data,40,8,0.831,NA
42,36,scrabble-score,lexicase,FALSE,20,elitize_generation_data,41,8,0.838,NA
43,36,scrabble-score,lexicase,FALSE,20,elitize_generation_data,42,10,0.848,NA
44,36,scrabble-score,lexicase,FALSE,20,elitize_generation_data,43,14,0.855,NA
45,36,scrabble-score,lexicase,FALSE,20,elitize_generation_data,44,10,0.882,NA
46,36,scrabble-score,lexicase,FALSE,20,elitize_generation_data,45,9,0.869,NA
47,36,scrabble-score,lexicase,FALSE,20,elitize_generation_data,46,12,0.844,NA
48,36,scrabble-score,lexicase,FALSE,20,elitize_generation_data,47,11,0.853,NA
49,36,scrabble-score,lexicase,FALSE,20,elitize_generation_data,48,12,0.864,NA
50,36,scrabble-score,lexicase,FALSE,20,elitize_generation_data,49,13,0.86,NA
51,36,scrabble-score,lexicase,FALSE,20,elitize_generation_data,50,15,0.847,NA
52,36,scrabble-score,lexicase,FALSE,20,elitize_generation_data,51,15,0.855,NA
53,36,scrabble-score,lexicase,FALSE,20,elitize_generation_data,52,16,0.856,NA
54,36,scrabble-score,lexicase,FALSE,20,elitize_generation_data,53,18,0.874,NA
55,36,scrabble-score,lexicase,FALSE,20,elitize_generation_data,54,21,0.852,NA
56,36,scrabble-score,lexicase,FALSE,20,elitize_generation_data,55,19,0.849,NA
57,36,scrabble-score,lexicase,FALSE,20,elitize_generation_data,56,18,0.865,NA
58,36,scrabble-score,lexicase,FALSE,20,elitize_generation_data,57,27,0.853,NA
59,36,scrabble-score,lexicase,FALSE,20,elitize_generation_data,58,26,0.847,NA
60,36,scrabble-score,lexicase,FALSE,20,elitize_generation_data,59,28,0.832,NA
61,36,scrabble-score,lexicase,FALSE,20,elitize_generation_data,60,24,0.84,NA
62,36,scrabble-score,lexicase,FALSE,20,elitize_generation_data,61,33,0.835,NA
63,36,scrabble-score,lexicase,FALSE,20,elitize_generation_data,62,33,0.815,NA
64,36,scrabble-score,lexicase,FALSE,20,elitize_generation_data,63,32,0.839,NA
65,36,scrabble-score,lexicase,FALSE,20,elitize_generation_data,64,35,0.836,NA
66,36,scrabble-score,lexicase,FALSE,20,elitize_generation_data,65,30,0.826,NA
67,36,scrabble-score,lexicase,FALSE,20,elitize_generation_data,66,35,0.85,NA
68,36,scrabble-score,lexicase,FALSE,20,elitize_generation_data,67,35,0.836,NA
69,36,scrabble-score,lexicase,FALSE,20,elitize_generation_data,68,39,0.842,NA
70,36,scrabble-score,lexicase,FALSE,20,elitize_generation_data,69,46,0.808,NA
71,36,scrabble-score,lexicase,FALSE,20,elitize_generation_data,70,39,0.815,NA
72,36,scrabble-score,lexicase,FALSE,20,elitize_generation_data,71,37,0.8,NA
73,36,scrabble-score,lexicase,FALSE,20,elitize_generation_data,72,43,0.81,NA
74,36,scrabble-score,lexicase,FALSE,20,elitize_generation_data,73,42,0.805,NA
75,36,scrabble-score,lexicase,FALSE,20,elitize_generation_data,74,37,0.825,NA
76,36,scrabble-score,lexicase,FALSE,20,elitize_generation_data,75,36,0.808,NA
77,36,scrabble-score,lexicase,FALSE,20,elitize_generation_data,76,37,0.813,NA
78,36,scrabble-score,lexicase,FALSE,20,elitize_generation_data,77,35,0.822,NA
79,36,scrabble-score,lexicase,FALSE,20,elitize_generation_data,78,43,0.801,NA
80,36,scrabble-score,lexicase,FALSE,20,elitize_generation_data,79,41,0.786,NA
81,36,scrabble-score,lexicase,FALSE,20,elitize_generation_data,80,42,0.774,NA
82,36,scrabble-score,lexicase,FALSE,20,elitize_generation_data,81,35,0.804,NA
83,36,scrabble-score,lexicase,FALSE,20,elitize_generation_data,82,39,0.815,NA
84,36,scrabble-score,lexicase,FALSE,20,elitize_generation_data,83,42,0.788,NA
85,36,scrabble-score,lexicase,FALSE,20,elitize_generation_data,84,53,0.804,NA
86,36,scrabble-score,lexicase,FALSE,20,elitize_generation_data,85,52,0.816,NA
87,36,scrabble-score,lexicase,FALSE,20,elitize_generation_data,86,57,0.813,NA
88,36,scrabble-score,lexicase,FALSE,20,elitize_generation_data,87,44,0.793,NA
89,36,scrabble-score,lexicase,FALSE,20,elitize_generation_data,88,50,0.844,NA
90,36,scrabble-score,lexicase,FALSE,20,elitize_generation_data,89,40,0.803,NA
91,36,scrabble-score,lexicase,FALSE,20,elitize_generation_data,90,54,0.825,NA
92,36,scrabble-score,lexicase,FALSE,20,elitize_generation_data,91,40,0.824,NA
93,36,scrabble-score,lexicase,FALSE,20,elitize_generation_data,92,56,0.815,NA
94,36,scrabble-score,lexicase,FALSE,20,elitize_generation_data,93,48,0.836,NA
95,36,scrabble-score,lexicase,FALSE,20,elitize_generation_data,94,46,0.813,NA
96,36,scrabble-score,lexicase,FALSE,20,elitize_generation_data,95,34,0.83,NA
97,36,scrabble-score,lexicase,FALSE,20,elitize_generation_data,96,40,0.82,NA
98,36,scrabble-score,lexicase,FALSE,20,elitize_generation_data,97,48,0.829,NA
99,36,scrabble-score,lexicase,FALSE,20,elitize_generation_data,98,44,0.828,NA
100,36,scrabble-score,lexicase,FALSE,20,elitize_generation_data,99,55,0.82,NA
101,36,scrabble-score,lexicase,FALSE,20,elitize_generation_data,100,57,0.819,NA
102,36,scrabble-score,lexicase,FALSE,20,elitize_generation_data,101,51,0.814,NA
103,36,scrabble-score,lexicase,FALSE,20,elitize_generation_data,102,56,0.839,NA
104,36,scrabble-score,lexicase,FALSE,20,elitize_generation_data,103,43,0.818,NA
105,36,scrabble-score,lexicase,FALSE,20,elitize_generation_data,104,48,0.823,NA
106,36,scrabble-score,lexicase,FALSE,20,elitize_generation_data,105,58,0.826,NA
107,36,scrabble-score,lexicase,FALSE,20,elitize_generation_data,106,63,0.802,NA
108,36,scrabble-score,lexicase,FALSE,20,elitize_generation_data,107,65,0.814,NA
109,36,scrabble-score,lexicase,FALSE,20,elitize_generation_data,108,65,0.807,NA
110,36,scrabble-score,lexicase,FALSE,20,elitize_generation_data,109,62,0.817,NA
111,36,scrabble-score,lexicase,FALSE,20,elitize_generation_data,110,71,0.811,NA
112,36,scrabble-score,lexicase,FALSE,20,elitize_generation_data,111,73,0.808,NA
113,36,scrabble-score,lexicase,FALSE,20,elitize_generation_data,112,57,0.819,NA
114,36,scrabble-score,lexicase,FALSE,20,elitize_generation_data,113,69,0.838,NA
115,36,scrabble-score,lexicase,FALSE,20,elitize_generation_data,114,70,0.824,NA
116,36,scrabble-score,lexicase,FALSE,20,elitize_generation_data,115,84,0.81,NA
117,36,scrabble-score,lexicase,FALSE,20,elitize_generation_data,116,77,0.813,NA
118,36,scrabble-score,lexicase,FALSE,20,elitize_generation_data,117,83,0.82,NA
119,36,scrabble-score,lexicase,FALSE,20,elitize_generation_data,118,72,0.816,NA
120,36,scrabble-score,lexicase,FALSE,20,elitize_generation_data,119,63,0.817,NA
121,36,scrabble-score,lexicase,FALSE,20,elitize_generation_data,120,71,0.822,NA
122,36,scrabble-score,lexicase,FALSE,20,elitize_generation_data,121,69,0.79,NA
123,36,scrabble-score,lexicase,FALSE,20,elitize_generation_data,122,65,0.809,NA
124,36,scrabble-score,lexicase,FALSE,20,elitize_generation_data,123,71,0.789,NA
125,36,scrabble-score,lexicase,FALSE,20,elitize_generation_data,124,66,0.814,NA
126,36,scrabble-score,lexicase,FALSE,20,elitize_generation_data,125,65,0.796,NA
127,36,scrabble-score,lexicase,FALSE,20,elitize_generation_data,126,61,0.816,NA
128,36,scrabble-score,lexicase,FALSE,20,elitize_generation_data,127,63,0.834,NA
129,36,scrabble-score,lexicase,FALSE,20,elitize_generation_data,128,52,0.821,NA
130,36,scrabble-score,lexicase,FALSE,20,elitize_generation_data,129,61,0.823,NA
131,36,scrabble-score,lexicase,FALSE,20,elitize_generation_data,130,54,0.83,NA
132,36,scrabble-score,lexicase,FALSE,20,elitize_generation_data,131,54,0.833,NA
133,36,scrabble-score,lexicase,FALSE,20,elitize_generation_data,132,41,0.794,NA
134,36,scrabble-score,lexicase,FALSE,20,elitize_generation_data,133,61,0.811,NA
135,36,scrabble-score,lexicase,FALSE,20,elitize_generation_data,134,52,0.818,NA
136,36,scrabble-score,lexicase,FALSE,20,elitize_generation_data,135,63,0.84,NA
137,36,scrabble-score,lexicase,FALSE,20,elitize_generation_data,136,52,0.809,NA
138,36,scrabble-score,lexicase,FALSE,20,elitize_generation_data,137,58,0.798,NA
139,36,scrabble-score,lexicase,FALSE,20,elitize_generation_data,138,64,0.82,NA
140,36,scrabble-score,lexicase,FALSE,20,elitize_generation_data,139,61,0.803,NA
141,36,scrabble-score,lexicase,FALSE,20,elitize_generation_data,140,65,0.823,NA
142,36,scrabble-score,lexicase,FALSE,20,elitize_generation_data,141,63,0.794,NA
143,36,scrabble-score,lexicase,FALSE,20,elitize_generation_data,142,60,0.801,NA
144,36,scrabble-score,lexicase,FALSE,20,elitize_generation_data,143,69,0.811,NA
145,36,scrabble-score,lexicase,FALSE,20,elitize_generation_data,144,70,0.804,NA
146,36,scrabble-score,lexicase,FALSE,20,elitize_generation_data,145,59,0.806,NA
147,36,scrabble-score,lexicase,FALSE,20,elitize_generation_data,146,55,0.803,NA
148,36,scrabble-score,lexicase,FALSE,20,elitize_generation_data,147,63,0.819,NA
149,36,scrabble-score,lexicase,FALSE,20,elitize_generation_data,148,62,0.794,NA
150,36,scrabble-score,lexicase,FALSE,20,elitize_generation_data,149,57,0.8,NA
151,36,scrabble-score,lexicase,FALSE,20,elitize_generation_data,150,55,0.8,NA
152,36,scrabble-score,lexicase,FALSE,20,elitize_generation_data,151,55,0.824,NA
153,36,scrabble-score,lexicase,FALSE,20,elitize_generation_data,152,64,0.816,NA
154,36,scrabble-score,lexicase,FALSE,20,elitize_generation_data,153,60,0.799,NA
155,36,scrabble-score,lexicase,FALSE,20,elitize_generation_data,154,71,0.818,NA
156,36,scrabble-score,lexicase,FALSE,20,elitize_generation_data,155,58,0.805,NA
157,36,scrabble-score,lexicase,FALSE,20,elitize_generation_data,156,75,0.808,NA
158,36,scrabble-score,lexicase,FALSE,20,elitize_generation_data,157,63,0.822,NA
159,36,scrabble-score,lexicase,FALSE,20,elitize_generation_data,158,59,0.815,NA
160,36,scrabble-score,lexicase,FALSE,20,elitize_generation_data,159,57,0.822,NA
161,36,scrabble-score,lexicase,FALSE,20,elitize_generation_data,160,61,0.819,NA
162,36,scrabble-score,lexicase,FALSE,20,elitize_generation_data,161,56,0.796,NA
163,36,scrabble-score,lexicase,FALSE,20,elitize_generation_data,162,55,0.807,NA
164,36,scrabble-score,lexicase,FALSE,20,elitize_generation_data,163,64,0.801,NA
165,36,scrabble-score,lexicase,FALSE,20,elitize_generation_data,164,63,0.766,NA
166,36,scrabble-score,lexicase,FALSE,20,elitize_generation_data,165,61,0.796,NA
167,36,scrabble-score,lexicase,FALSE,20,elitize_generation_data,166,69,0.78,NA
168,36,scrabble-score,lexicase,FALSE,20,elitize_generation_data,167,62,0.775,NA
169,36,scrabble-score,lexicase,FALSE,20,elitize_generation_data,168,69,0.794,NA
170,36,scrabble-score,lexicase,FALSE,20,elitize_generation_data,169,76,0.777,NA
171,36,scrabble-score,lexicase,FALSE,20,elitize_generation_data,170,69,0.762,NA
172,36,scrabble-score,lexicase,FALSE,20,elitize_generation_data,171,57,0.773,NA
173,36,scrabble-score,lexicase,FALSE,20,elitize_generation_data,172,60,0.775,NA
174,36,scrabble-score,lexicase,FALSE,20,elitize_generation_data,173,67,0.768,NA
175,36,scrabble-score,lexicase,FALSE,20,elitize_generation_data,174,60,0.764,NA
176,36,scrabble-score,lexicase,FALSE,20,elitize_generation_data,175,48,0.758,NA
177,36,scrabble-score,lexicase,FALSE,20,elitize_generation_data,176,47,0.79,NA
178,36,scrabble-score,lexicase,FALSE,20,elitize_generation_data,177,50,0.785,NA
179,36,scrabble-score,lexicase,FALSE,20,elitize_generation_data,178,57,0.746,NA
180,36,scrabble-score,lexicase,FALSE,20,elitize_generation_data,179,58,0.753,NA
181,36,scrabble-score,lexicase,FALSE,20,elitize_generation_data,180,60,0.781,NA
182,36,scrabble-score,lexicase,FALSE,20,elitize_generation_data,181,58,0.754,NA
183,36,scrabble-score,lexicase,FALSE,20,elitize_generation_data,182,59,0.761,NA
184,36,scrabble-score,lexicase,FALSE,20,elitize_generation_data,183,71,0.748,NA
185,36,scrabble-score,lexicase,FALSE,20,elitize_generation_data,184,63,0.756,NA
186,36,scrabble-score,lexicase,FALSE,20,elitize_generation_data,185,70,0.744,NA
187,36,scrabble-score,lexicase,FALSE,20,elitize_generation_data,186,66,0.765,NA
188,36,scrabble-score,lexicase,FALSE,20,elitize_generation_data,187,60,0.739,NA
189,36,scrabble-score,lexicase,FALSE,20,elitize_generation_data,188,50,0.744,NA
190,36,scrabble-score,lexicase,FALSE,20,elitize_generation_data,189,58,0.739,NA
191,36,scrabble-score,lexicase,FALSE,20,elitize_generation_data,190,61,0.78,NA
192,36,scrabble-score,lexicase,FALSE,20,elitize_generation_data,191,57,0.758,NA
193,36,scrabble-score,lexicase,FALSE,20,elitize_generation_data,192,56,0.776,NA
194,36,scrabble-score,lexicase,FALSE,20,elitize_generation_data,193,57,0.769,NA
195,36,scrabble-score,lexicase,FALSE,20,elitize_generation_data,194,68,0.756,NA
196,36,scrabble-score,lexicase,FALSE,20,elitize_generation_data,195,72,0.777,NA
197,36,scrabble-score,lexicase,FALSE,20,elitize_generation_data,196,70,0.767,NA
198,36,scrabble-score,lexicase,FALSE,20,elitize_generation_data,197,64,0.762,NA
199,36,scrabble-score,lexicase,FALSE,20,elitize_generation_data,198,75,0.764,NA
200,36,scrabble-score,lexicase,FALSE,20,elitize_generation_data,199,68,0.76,NA
201,36,scrabble-score,lexicase,FALSE,20,elitize_generation_data,200,72,0.78,NA
202,36,scrabble-score,lexicase,FALSE,20,elitize_generation_data,201,66,0.755,NA
203,36,scrabble-score,lexicase,FALSE,20,elitize_generation_data,202,69,0.757,NA
204,36,scrabble-score,lexicase,FALSE,20,elitize_generation_data,203,62,0.775,NA
205,36,scrabble-score,lexicase,FALSE,20,elitize_generation_data,204,64,0.762,NA
206,36,scrabble-score,lexicase,FALSE,20,elitize_generation_data,205,57,0.766,NA
207,36,scrabble-score,lexicase,FALSE,20,elitize_generation_data,206,66,0.734,NA
208,36,scrabble-score,lexicase,FALSE,20,elitize_generation_data,207,59,0.754,NA
209,36,scrabble-score,lexicase,FALSE,20,elitize_generation_data,208,57,0.751,NA
210,36,scrabble-score,lexicase,FALSE,20,elitize_generation_data,209,63,0.749,NA
211,36,scrabble-score,lexicase,FALSE,20,elitize_generation_data,210,66,0.746,NA
212,36,scrabble-score,lexicase,FALSE,20,elitize_generation_data,211,65,0.769,NA
213,36,scrabble-score,lexicase,FALSE,20,elitize_generation_data,212,66,0.746,NA
214,36,scrabble-score,lexicase,FALSE,20,elitize_generation_data,213,62,0.739,NA
215,36,scrabble-score,lexicase,FALSE,20,elitize_generation_data,214,67,0.771,NA
216,36,scrabble-score,lexicase,FALSE,20,elitize_generation_data,215,63,0.733,NA
217,36,scrabble-score,lexicase,FALSE,20,elitize_generation_data,216,58,0.718,NA
218,36,scrabble-score,lexicase,FALSE,20,elitize_generation_data,217,69,0.762,NA
219,36,scrabble-score,lexicase,FALSE,20,elitize_generation_data,218,55,0.747,NA
220,36,scrabble-score,lexicase,FALSE,20,elitize_generation_data,219,57,0.753,NA
221,36,scrabble-score,lexicase,FALSE,20,elitize_generation_data,220,63,0.729,NA
222,36,scrabble-score,lexicase,FALSE,20,elitize_generation_data,221,69,0.745,NA
223,36,scrabble-score,lexicase,FALSE,20,elitize_generation_data,222,68,0.746,NA
224,36,scrabble-score,lexicase,FALSE,20,elitize_generation_data,223,65,0.739,NA
225,36,scrabble-score,lexicase,FALSE,20,elitize_generation_data,224,74,0.753,NA
226,36,scrabble-score,lexicase,FALSE,20,elitize_generation_data,225,68,0.737,NA
227,36,scrabble-score,lexicase,FALSE,20,elitize_generation_data,226,67,0.74,NA
228,36,scrabble-score,lexicase,FALSE,20,elitize_generation_data,227,78,0.757,NA
229,36,scrabble-score,lexicase,FALSE,20,elitize_generation_data,228,68,0.754,NA
230,36,scrabble-score,lexicase,FALSE,20,elitize_generation_data,229,73,0.757,NA
231,36,scrabble-score,lexicase,FALSE,20,elitize_generation_data,230,67,0.764,NA
232,36,scrabble-score,lexicase,FALSE,20,elitize_generation_data,231,66,0.787,NA
233,36,scrabble-score,lexicase,FALSE,20,elitize_generation_data,232,66,0.771,NA
234,36,scrabble-score,lexicase,FALSE,20,elitize_generation_data,233,73,0.784,NA
235,36,scrabble-score,lexicase,FALSE,20,elitize_generation_data,234,65,0.791,NA
236,36,scrabble-score,lexicase,FALSE,20,elitize_generation_data,235,64,0.768,NA
237,36,scrabble-score,lexicase,FALSE,20,elitize_generation_data,236,76,0.792,NA
238,36,scrabble-score,lexicase,FALSE,20,elitize_generation_data,237,74,0.764,NA
239,36,scrabble-score,lexicase,FALSE,20,elitize_generation_data,238,65,0.779,NA
240,36,scrabble-score,lexicase,FALSE,20,elitize_generation_data,239,72,0.746,NA
241,36,scrabble-score,lexicase,FALSE,20,elitize_generation_data,240,75,0.763,NA
242,36,scrabble-score,lexicase,FALSE,20,elitize_generation_data,241,63,0.763,NA
243,36,scrabble-score,lexicase,FALSE,20,elitize_generation_data,242,67,0.754,NA
244,36,scrabble-score,lexicase,FALSE,20,elitize_generation_data,243,66,0.743,NA
245,36,scrabble-score,lexicase,FALSE,20,elitize_generation_data,244,74,0.734,NA
246,36,scrabble-score,lexicase,FALSE,20,elitize_generation_data,245,74,0.762,NA
247,36,scrabble-score,lexicase,FALSE,20,elitize_generation_data,246,74,0.761,NA
248,36,scrabble-score,lexicase,FALSE,20,elitize_generation_data,247,66,0.773,NA
249,36,scrabble-score,lexicase,FALSE,20,elitize_generation_data,248,64,0.762,NA
250,36,scrabble-score,lexicase,FALSE,20,elitize_generation_data,249,67,0.763,NA
251,36,scrabble-score,lexicase,FALSE,20,elitize_generation_data,250,60,0.759,NA
252,36,scrabble-score,lexicase,FALSE,20,elitize_generation_data,251,68,0.774,NA
253,36,scrabble-score,lexicase,FALSE,20,elitize_generation_data,252,77,0.768,NA
254,36,scrabble-score,lexicase,FALSE,20,elitize_generation_data,253,87,0.745,NA
255,36,scrabble-score,lexicase,FALSE,20,elitize_generation_data,254,71,0.752,NA
256,36,scrabble-score,lexicase,FALSE,20,elitize_generation_data,255,60,0.746,NA
257,36,scrabble-score,lexicase,FALSE,20,elitize_generation_data,256,64,0.765,NA
258,36,scrabble-score,lexicase,FALSE,20,elitize_generation_data,257,61,0.74,NA
259,36,scrabble-score,lexicase,FALSE,20,elitize_generation_data,258,66,0.745,NA
260,36,scrabble-score,lexicase,FALSE,20,elitize_generation_data,259,58,0.748,NA
261,36,scrabble-score,lexicase,FALSE,20,elitize_generation_data,260,67,0.734,NA
262,36,scrabble-score,lexicase,FALSE,20,elitize_generation_data,261,60,0.747,NA
263,36,scrabble-score,lexicase,FALSE,20,elitize_generation_data,262,69,0.741,NA
264,36,scrabble-score,lexicase,FALSE,20,elitize_generation_data,263,61,0.75,NA
265,36,scrabble-score,lexicase,FALSE,20,elitize_generation_data,264,71,0.769,NA
266,36,scrabble-score,lexicase,FALSE,20,elitize_generation_data,265,77,0.768,NA
267,36,scrabble-score,lexicase,FALSE,20,elitize_generation_data,266,73,0.773,NA
268,36,scrabble-score,lexicase,FALSE,20,elitize_generation_data,267,64,0.749,NA
269,36,scrabble-score,lexicase,FALSE,20,elitize_generation_data,268,71,0.785,NA
270,36,scrabble-score,lexicase,FALSE,20,elitize_generation_data,269,69,0.771,NA
271,36,scrabble-score,lexicase,FALSE,20,elitize_generation_data,270,78,0.783,NA
272,36,scrabble-score,lexicase,FALSE,20,elitize_generation_data,271,69,0.764,NA
273,36,scrabble-score,lexicase,FALSE,20,elitize_generation_data,272,69,0.776,NA
274,36,scrabble-score,lexicase,FALSE,20,elitize_generation_data,273,68,0.759,NA
275,36,scrabble-score,lexicase,FALSE,20,elitize_generation_data,274,76,0.763,NA
276,36,scrabble-score,lexicase,FALSE,20,elitize_generation_data,275,76,0.784,NA
277,36,scrabble-score,lexicase,FALSE,20,elitize_generation_data,276,78,0.775,NA
278,36,scrabble-score,lexicase,FALSE,20,elitize_generation_data,277,81,0.765,NA
279,36,scrabble-score,lexicase,FALSE,20,elitize_generation_data,278,76,0.767,NA
280,36,scrabble-score,lexicase,FALSE,20,elitize_generation_data,279,75,0.761,NA
281,36,scrabble-score,lexicase,FALSE,20,elitize_generation_data,280,78,0.76,NA
282,36,scrabble-score,lexicase,FALSE,20,elitize_generation_data,281,80,0.763,NA
283,36,scrabble-score,lexicase,FALSE,20,elitize_generation_data,282,89,0.749,NA
284,36,scrabble-score,lexicase,FALSE,20,elitize_generation_data,283,74,0.73,NA
285,36,scrabble-score,lexicase,FALSE,20,elitize_generation_data,284,69,0.744,NA
286,36,scrabble-score,lexicase,FALSE,20,elitize_generation_data,285,71,0.748,NA
287,36,scrabble-score,lexicase,FALSE,20,elitize_generation_data,286,69,0.758,NA
288,36,scrabble-score,lexicase,FALSE,20,elitize_generation_data,287,67,0.756,NA
289,36,scrabble-score,lexicase,FALSE,20,elitize_generation_data,288,68,0.748,NA
290,36,scrabble-score,lexicase,FALSE,20,elitize_generation_data,289,80,0.718,NA
291,36,scrabble-score,lexicase,FALSE,20,elitize_generation_data,290,79,0.727,NA
292,36,scrabble-score,lexicase,FALSE,20,elitize_generation_data,291,68,0.712,NA
293,36,scrabble-score,lexicase,FALSE,20,elitize_generation_data,292,83,0.709,NA
294,36,scrabble-score,lexicase,FALSE,20,elitize_generation_data,293,73,0.722,NA
295,36,scrabble-score,lexicase,FALSE,20,elitize_generation_data,294,75,0.724,NA
296,36,scrabble-score,lexicase,FALSE,20,elitize_generation_data,295,74,0.694,NA
297,36,scrabble-score,lexicase,FALSE,20,elitize_generation_data,296,72,0.693,NA
298,36,scrabble-score,lexicase,FALSE,20,elitize_generation_data,297,76,0.744,NA
299,36,scrabble-score,lexicase,FALSE,20,elitize_generation_data,298,86,0.736,NA
300,36,scrabble-score,lexicase,FALSE,20,elitize_generation_data,299,76,0.734,NA
301,36,scrabble-score,lexicase,FALSE,20,elitize_generation_data,300,65,0.698,NA
