,run.num,problem,treatment,succeeded,height,normalization.function,generation,cluster.count,error.diversity,success.generation
1,98,scrabble-score,lexicase,FALSE,20,elitize_generation_data,0,5,0.114,NA
2,98,scrabble-score,lexicase,FALSE,20,elitize_generation_data,1,2,0.241,NA
3,98,scrabble-score,lexicase,FALSE,20,elitize_generation_data,2,2,0.315,NA
4,98,scrabble-score,lexicase,FALSE,20,elitize_generation_data,3,2,0.466,NA
5,98,scrabble-score,lexicase,FALSE,20,elitize_generation_data,4,4,0.57,NA
6,98,scrabble-score,lexicase,FALSE,20,elitize_generation_data,5,5,0.66,NA
7,98,scrabble-score,lexicase,FALSE,20,elitize_generation_data,6,8,0.705,NA
8,98,scrabble-score,lexicase,FALSE,20,elitize_generation_data,7,9,0.75,NA
9,98,scrabble-score,lexicase,FALSE,20,elitize_generation_data,8,11,0.771,NA
10,98,scrabble-score,lexicase,FALSE,20,elitize_generation_data,9,11,0.782,NA
11,98,scrabble-score,lexicase,FALSE,20,elitize_generation_data,10,12,0.811,NA
12,98,scrabble-score,lexicase,FALSE,20,elitize_generation_data,11,13,0.813,NA
13,98,scrabble-score,lexicase,FALSE,20,elitize_generation_data,12,13,0.81,NA
14,98,scrabble-score,lexicase,FALSE,20,elitize_generation_data,13,16,0.813,NA
15,98,scrabble-score,lexicase,FALSE,20,elitize_generation_data,14,15,0.841,NA
16,98,scrabble-score,lexicase,FALSE,20,elitize_generation_data,15,14,0.817,NA
17,98,scrabble-score,lexicase,FALSE,20,elitize_generation_data,16,11,0.844,NA
18,98,scrabble-score,lexicase,FALSE,20,elitize_generation_data,17,10,0.872,NA
19,98,scrabble-score,lexicase,FALSE,20,elitize_generation_data,18,16,0.854,NA
20,98,scrabble-score,lexicase,FALSE,20,elitize_generation_data,19,17,0.86,NA
21,98,scrabble-score,lexicase,FALSE,20,elitize_generation_data,20,12,0.868,NA
22,98,scrabble-score,lexicase,FALSE,20,elitize_generation_data,21,14,0.897,NA
23,98,scrabble-score,lexicase,FALSE,20,elitize_generation_data,22,14,0.861,NA
24,98,scrabble-score,lexicase,FALSE,20,elitize_generation_data,23,14,0.864,NA
25,98,scrabble-score,lexicase,FALSE,20,elitize_generation_data,24,10,0.879,NA
26,98,scrabble-score,lexicase,FALSE,20,elitize_generation_data,25,13,0.853,NA
27,98,scrabble-score,lexicase,FALSE,20,elitize_generation_data,26,16,0.873,NA
28,98,scrabble-score,lexicase,FALSE,20,elitize_generation_data,27,15,0.878,NA
29,98,scrabble-score,lexicase,FALSE,20,elitize_generation_data,28,20,0.895,NA
30,98,scrabble-score,lexicase,FALSE,20,elitize_generation_data,29,20,0.874,NA
31,98,scrabble-score,lexicase,FALSE,20,elitize_generation_data,30,14,0.88,NA
32,98,scrabble-score,lexicase,FALSE,20,elitize_generation_data,31,16,0.894,NA
33,98,scrabble-score,lexicase,FALSE,20,elitize_generation_data,32,18,0.875,NA
34,98,scrabble-score,lexicase,FALSE,20,elitize_generation_data,33,15,0.9,NA
35,98,scrabble-score,lexicase,FALSE,20,elitize_generation_data,34,13,0.898,NA
36,98,scrabble-score,lexicase,FALSE,20,elitize_generation_data,35,16,0.885,NA
37,98,scrabble-score,lexicase,FALSE,20,elitize_generation_data,36,18,0.891,NA
38,98,scrabble-score,lexicase,FALSE,20,elitize_generation_data,37,24,0.883,NA
39,98,scrabble-score,lexicase,FALSE,20,elitize_generation_data,38,27,0.882,NA
40,98,scrabble-score,lexicase,FALSE,20,elitize_generation_data,39,21,0.905,NA
41,98,scrabble-score,lexicase,FALSE,20,elitize_generation_data,40,33,0.906,NA
42,98,scrabble-score,lexicase,FALSE,20,elitize_generation_data,41,32,0.915,NA
43,98,scrabble-score,lexicase,FALSE,20,elitize_generation_data,42,34,0.908,NA
44,98,scrabble-score,lexicase,FALSE,20,elitize_generation_data,43,35,0.912,NA
45,98,scrabble-score,lexicase,FALSE,20,elitize_generation_data,44,32,0.899,NA
46,98,scrabble-score,lexicase,FALSE,20,elitize_generation_data,45,39,0.912,NA
47,98,scrabble-score,lexicase,FALSE,20,elitize_generation_data,46,35,0.883,NA
48,98,scrabble-score,lexicase,FALSE,20,elitize_generation_data,47,30,0.916,NA
49,98,scrabble-score,lexicase,FALSE,20,elitize_generation_data,48,34,0.914,NA
50,98,scrabble-score,lexicase,FALSE,20,elitize_generation_data,49,30,0.931,NA
51,98,scrabble-score,lexicase,FALSE,20,elitize_generation_data,50,31,0.891,NA
52,98,scrabble-score,lexicase,FALSE,20,elitize_generation_data,51,25,0.908,NA
53,98,scrabble-score,lexicase,FALSE,20,elitize_generation_data,52,28,0.904,NA
54,98,scrabble-score,lexicase,FALSE,20,elitize_generation_data,53,30,0.907,NA
55,98,scrabble-score,lexicase,FALSE,20,elitize_generation_data,54,41,0.91,NA
56,98,scrabble-score,lexicase,FALSE,20,elitize_generation_data,55,36,0.903,NA
57,98,scrabble-score,lexicase,FALSE,20,elitize_generation_data,56,43,0.906,NA
58,98,scrabble-score,lexicase,FALSE,20,elitize_generation_data,57,33,0.895,NA
59,98,scrabble-score,lexicase,FALSE,20,elitize_generation_data,58,37,0.895,NA
60,98,scrabble-score,lexicase,FALSE,20,elitize_generation_data,59,41,0.915,NA
61,98,scrabble-score,lexicase,FALSE,20,elitize_generation_data,60,45,0.905,NA
62,98,scrabble-score,lexicase,FALSE,20,elitize_generation_data,61,37,0.893,NA
63,98,scrabble-score,lexicase,FALSE,20,elitize_generation_data,62,39,0.91,NA
64,98,scrabble-score,lexicase,FALSE,20,elitize_generation_data,63,40,0.907,NA
65,98,scrabble-score,lexicase,FALSE,20,elitize_generation_data,64,49,0.906,NA
66,98,scrabble-score,lexicase,FALSE,20,elitize_generation_data,65,42,0.915,NA
67,98,scrabble-score,lexicase,FALSE,20,elitize_generation_data,66,40,0.893,NA
68,98,scrabble-score,lexicase,FALSE,20,elitize_generation_data,67,50,0.907,NA
69,98,scrabble-score,lexicase,FALSE,20,elitize_generation_data,68,47,0.879,NA
70,98,scrabble-score,lexicase,FALSE,20,elitize_generation_data,69,43,0.9,NA
71,98,scrabble-score,lexicase,FALSE,20,elitize_generation_data,70,47,0.889,NA
72,98,scrabble-score,lexicase,FALSE,20,elitize_generation_data,71,47,0.893,NA
73,98,scrabble-score,lexicase,FALSE,20,elitize_generation_data,72,32,0.899,NA
74,98,scrabble-score,lexicase,FALSE,20,elitize_generation_data,73,43,0.901,NA
75,98,scrabble-score,lexicase,FALSE,20,elitize_generation_data,74,43,0.902,NA
76,98,scrabble-score,lexicase,FALSE,20,elitize_generation_data,75,48,0.891,NA
77,98,scrabble-score,lexicase,FALSE,20,elitize_generation_data,76,42,0.903,NA
78,98,scrabble-score,lexicase,FALSE,20,elitize_generation_data,77,42,0.89,NA
79,98,scrabble-score,lexicase,FALSE,20,elitize_generation_data,78,42,0.895,NA
80,98,scrabble-score,lexicase,FALSE,20,elitize_generation_data,79,55,0.885,NA
81,98,scrabble-score,lexicase,FALSE,20,elitize_generation_data,80,49,0.886,NA
82,98,scrabble-score,lexicase,FALSE,20,elitize_generation_data,81,56,0.899,NA
83,98,scrabble-score,lexicase,FALSE,20,elitize_generation_data,82,51,0.895,NA
84,98,scrabble-score,lexicase,FALSE,20,elitize_generation_data,83,54,0.905,NA
85,98,scrabble-score,lexicase,FALSE,20,elitize_generation_data,84,53,0.886,NA
86,98,scrabble-score,lexicase,FALSE,20,elitize_generation_data,85,56,0.909,NA
87,98,scrabble-score,lexicase,FALSE,20,elitize_generation_data,86,44,0.882,NA
88,98,scrabble-score,lexicase,FALSE,20,elitize_generation_data,87,45,0.893,NA
89,98,scrabble-score,lexicase,FALSE,20,elitize_generation_data,88,51,0.901,NA
90,98,scrabble-score,lexicase,FALSE,20,elitize_generation_data,89,41,0.903,NA
91,98,scrabble-score,lexicase,FALSE,20,elitize_generation_data,90,38,0.895,NA
92,98,scrabble-score,lexicase,FALSE,20,elitize_generation_data,91,37,0.897,NA
93,98,scrabble-score,lexicase,FALSE,20,elitize_generation_data,92,41,0.892,NA
94,98,scrabble-score,lexicase,FALSE,20,elitize_generation_data,93,45,0.887,NA
95,98,scrabble-score,lexicase,FALSE,20,elitize_generation_data,94,46,0.898,NA
96,98,scrabble-score,lexicase,FALSE,20,elitize_generation_data,95,41,0.921,NA
97,98,scrabble-score,lexicase,FALSE,20,elitize_generation_data,96,48,0.901,NA
98,98,scrabble-score,lexicase,FALSE,20,elitize_generation_data,97,61,0.911,NA
99,98,scrabble-score,lexicase,FALSE,20,elitize_generation_data,98,47,0.898,NA
100,98,scrabble-score,lexicase,FALSE,20,elitize_generation_data,99,33,0.92,NA
101,98,scrabble-score,lexicase,FALSE,20,elitize_generation_data,100,39,0.901,NA
102,98,scrabble-score,lexicase,FALSE,20,elitize_generation_data,101,51,0.919,NA
103,98,scrabble-score,lexicase,FALSE,20,elitize_generation_data,102,42,0.893,NA
104,98,scrabble-score,lexicase,FALSE,20,elitize_generation_data,103,43,0.912,NA
105,98,scrabble-score,lexicase,FALSE,20,elitize_generation_data,104,49,0.886,NA
106,98,scrabble-score,lexicase,FALSE,20,elitize_generation_data,105,52,0.901,NA
107,98,scrabble-score,lexicase,FALSE,20,elitize_generation_data,106,50,0.889,NA
108,98,scrabble-score,lexicase,FALSE,20,elitize_generation_data,107,54,0.894,NA
109,98,scrabble-score,lexicase,FALSE,20,elitize_generation_data,108,54,0.883,NA
110,98,scrabble-score,lexicase,FALSE,20,elitize_generation_data,109,58,0.913,NA
111,98,scrabble-score,lexicase,FALSE,20,elitize_generation_data,110,59,0.901,NA
112,98,scrabble-score,lexicase,FALSE,20,elitize_generation_data,111,64,0.878,NA
113,98,scrabble-score,lexicase,FALSE,20,elitize_generation_data,112,65,0.9,NA
114,98,scrabble-score,lexicase,FALSE,20,elitize_generation_data,113,60,0.894,NA
115,98,scrabble-score,lexicase,FALSE,20,elitize_generation_data,114,52,0.885,NA
116,98,scrabble-score,lexicase,FALSE,20,elitize_generation_data,115,65,0.884,NA
117,98,scrabble-score,lexicase,FALSE,20,elitize_generation_data,116,53,0.878,NA
118,98,scrabble-score,lexicase,FALSE,20,elitize_generation_data,117,43,0.893,NA
119,98,scrabble-score,lexicase,FALSE,20,elitize_generation_data,118,53,0.875,NA
120,98,scrabble-score,lexicase,FALSE,20,elitize_generation_data,119,52,0.875,NA
121,98,scrabble-score,lexicase,FALSE,20,elitize_generation_data,120,61,0.88,NA
122,98,scrabble-score,lexicase,FALSE,20,elitize_generation_data,121,65,0.865,NA
123,98,scrabble-score,lexicase,FALSE,20,elitize_generation_data,122,54,0.886,NA
124,98,scrabble-score,lexicase,FALSE,20,elitize_generation_data,123,53,0.866,NA
125,98,scrabble-score,lexicase,FALSE,20,elitize_generation_data,124,44,0.863,NA
126,98,scrabble-score,lexicase,FALSE,20,elitize_generation_data,125,48,0.875,NA
127,98,scrabble-score,lexicase,FALSE,20,elitize_generation_data,126,55,0.882,NA
128,98,scrabble-score,lexicase,FALSE,20,elitize_generation_data,127,51,0.892,NA
129,98,scrabble-score,lexicase,FALSE,20,elitize_generation_data,128,43,0.876,NA
130,98,scrabble-score,lexicase,FALSE,20,elitize_generation_data,129,46,0.896,NA
131,98,scrabble-score,lexicase,FALSE,20,elitize_generation_data,130,51,0.86,NA
132,98,scrabble-score,lexicase,FALSE,20,elitize_generation_data,131,53,0.879,NA
133,98,scrabble-score,lexicase,FALSE,20,elitize_generation_data,132,53,0.846,NA
134,98,scrabble-score,lexicase,FALSE,20,elitize_generation_data,133,70,0.852,NA
135,98,scrabble-score,lexicase,FALSE,20,elitize_generation_data,134,56,0.888,NA
136,98,scrabble-score,lexicase,FALSE,20,elitize_generation_data,135,55,0.869,NA
137,98,scrabble-score,lexicase,FALSE,20,elitize_generation_data,136,49,0.88,NA
138,98,scrabble-score,lexicase,FALSE,20,elitize_generation_data,137,54,0.892,NA
139,98,scrabble-score,lexicase,FALSE,20,elitize_generation_data,138,56,0.876,NA
140,98,scrabble-score,lexicase,FALSE,20,elitize_generation_data,139,59,0.891,NA
141,98,scrabble-score,lexicase,FALSE,20,elitize_generation_data,140,59,0.864,NA
142,98,scrabble-score,lexicase,FALSE,20,elitize_generation_data,141,71,0.852,NA
143,98,scrabble-score,lexicase,FALSE,20,elitize_generation_data,142,52,0.875,NA
144,98,scrabble-score,lexicase,FALSE,20,elitize_generation_data,143,53,0.872,NA
145,98,scrabble-score,lexicase,FALSE,20,elitize_generation_data,144,57,0.875,NA
146,98,scrabble-score,lexicase,FALSE,20,elitize_generation_data,145,63,0.861,NA
147,98,scrabble-score,lexicase,FALSE,20,elitize_generation_data,146,64,0.866,NA
148,98,scrabble-score,lexicase,FALSE,20,elitize_generation_data,147,63,0.846,NA
149,98,scrabble-score,lexicase,FALSE,20,elitize_generation_data,148,68,0.88,NA
150,98,scrabble-score,lexicase,FALSE,20,elitize_generation_data,149,58,0.875,NA
151,98,scrabble-score,lexicase,FALSE,20,elitize_generation_data,150,54,0.894,NA
152,98,scrabble-score,lexicase,FALSE,20,elitize_generation_data,151,52,0.894,NA
153,98,scrabble-score,lexicase,FALSE,20,elitize_generation_data,152,55,0.875,NA
154,98,scrabble-score,lexicase,FALSE,20,elitize_generation_data,153,62,0.889,NA
155,98,scrabble-score,lexicase,FALSE,20,elitize_generation_data,154,52,0.88,NA
156,98,scrabble-score,lexicase,FALSE,20,elitize_generation_data,155,60,0.877,NA
157,98,scrabble-score,lexicase,FALSE,20,elitize_generation_data,156,62,0.867,NA
158,98,scrabble-score,lexicase,FALSE,20,elitize_generation_data,157,54,0.878,NA
159,98,scrabble-score,lexicase,FALSE,20,elitize_generation_data,158,57,0.885,NA
160,98,scrabble-score,lexicase,FALSE,20,elitize_generation_data,159,55,0.879,NA
161,98,scrabble-score,lexicase,FALSE,20,elitize_generation_data,160,61,0.869,NA
162,98,scrabble-score,lexicase,FALSE,20,elitize_generation_data,161,60,0.859,NA
163,98,scrabble-score,lexicase,FALSE,20,elitize_generation_data,162,59,0.865,NA
164,98,scrabble-score,lexicase,FALSE,20,elitize_generation_data,163,60,0.863,NA
165,98,scrabble-score,lexicase,FALSE,20,elitize_generation_data,164,66,0.867,NA
166,98,scrabble-score,lexicase,FALSE,20,elitize_generation_data,165,70,0.871,NA
167,98,scrabble-score,lexicase,FALSE,20,elitize_generation_data,166,64,0.891,NA
168,98,scrabble-score,lexicase,FALSE,20,elitize_generation_data,167,65,0.867,NA
169,98,scrabble-score,lexicase,FALSE,20,elitize_generation_data,168,57,0.887,NA
170,98,scrabble-score,lexicase,FALSE,20,elitize_generation_data,169,67,0.873,NA
171,98,scrabble-score,lexicase,FALSE,20,elitize_generation_data,170,57,0.876,NA
172,98,scrabble-score,lexicase,FALSE,20,elitize_generation_data,171,64,0.865,NA
173,98,scrabble-score,lexicase,FALSE,20,elitize_generation_data,172,54,0.897,NA
174,98,scrabble-score,lexicase,FALSE,20,elitize_generation_data,173,68,0.882,NA
175,98,scrabble-score,lexicase,FALSE,20,elitize_generation_data,174,70,0.885,NA
176,98,scrabble-score,lexicase,FALSE,20,elitize_generation_data,175,74,0.884,NA
177,98,scrabble-score,lexicase,FALSE,20,elitize_generation_data,176,67,0.892,NA
178,98,scrabble-score,lexicase,FALSE,20,elitize_generation_data,177,64,0.883,NA
179,98,scrabble-score,lexicase,FALSE,20,elitize_generation_data,178,70,0.882,NA
180,98,scrabble-score,lexicase,FALSE,20,elitize_generation_data,179,74,0.857,NA
181,98,scrabble-score,lexicase,FALSE,20,elitize_generation_data,180,77,0.86,NA
182,98,scrabble-score,lexicase,FALSE,20,elitize_generation_data,181,72,0.873,NA
183,98,scrabble-score,lexicase,FALSE,20,elitize_generation_data,182,84,0.864,NA
184,98,scrabble-score,lexicase,FALSE,20,elitize_generation_data,183,73,0.852,NA
185,98,scrabble-score,lexicase,FALSE,20,elitize_generation_data,184,72,0.844,NA
186,98,scrabble-score,lexicase,FALSE,20,elitize_generation_data,185,71,0.879,NA
187,98,scrabble-score,lexicase,FALSE,20,elitize_generation_data,186,67,0.865,NA
188,98,scrabble-score,lexicase,FALSE,20,elitize_generation_data,187,67,0.854,NA
189,98,scrabble-score,lexicase,FALSE,20,elitize_generation_data,188,75,0.867,NA
190,98,scrabble-score,lexicase,FALSE,20,elitize_generation_data,189,79,0.831,NA
191,98,scrabble-score,lexicase,FALSE,20,elitize_generation_data,190,63,0.863,NA
192,98,scrabble-score,lexicase,FALSE,20,elitize_generation_data,191,66,0.859,NA
193,98,scrabble-score,lexicase,FALSE,20,elitize_generation_data,192,62,0.878,NA
194,98,scrabble-score,lexicase,FALSE,20,elitize_generation_data,193,57,0.872,NA
195,98,scrabble-score,lexicase,FALSE,20,elitize_generation_data,194,58,0.868,NA
196,98,scrabble-score,lexicase,FALSE,20,elitize_generation_data,195,68,0.85,NA
197,98,scrabble-score,lexicase,FALSE,20,elitize_generation_data,196,66,0.879,NA
198,98,scrabble-score,lexicase,FALSE,20,elitize_generation_data,197,75,0.859,NA
199,98,scrabble-score,lexicase,FALSE,20,elitize_generation_data,198,67,0.859,NA
200,98,scrabble-score,lexicase,FALSE,20,elitize_generation_data,199,64,0.874,NA
201,98,scrabble-score,lexicase,FALSE,20,elitize_generation_data,200,69,0.856,NA
202,98,scrabble-score,lexicase,FALSE,20,elitize_generation_data,201,70,0.857,NA
203,98,scrabble-score,lexicase,FALSE,20,elitize_generation_data,202,66,0.881,NA
204,98,scrabble-score,lexicase,FALSE,20,elitize_generation_data,203,62,0.877,NA
205,98,scrabble-score,lexicase,FALSE,20,elitize_generation_data,204,65,0.861,NA
206,98,scrabble-score,lexicase,FALSE,20,elitize_generation_data,205,69,0.856,NA
207,98,scrabble-score,lexicase,FALSE,20,elitize_generation_data,206,79,0.859,NA
208,98,scrabble-score,lexicase,FALSE,20,elitize_generation_data,207,83,0.866,NA
209,98,scrabble-score,lexicase,FALSE,20,elitize_generation_data,208,69,0.858,NA
210,98,scrabble-score,lexicase,FALSE,20,elitize_generation_data,209,72,0.845,NA
211,98,scrabble-score,lexicase,FALSE,20,elitize_generation_data,210,72,0.859,NA
212,98,scrabble-score,lexicase,FALSE,20,elitize_generation_data,211,70,0.872,NA
213,98,scrabble-score,lexicase,FALSE,20,elitize_generation_data,212,76,0.875,NA
214,98,scrabble-score,lexicase,FALSE,20,elitize_generation_data,213,82,0.888,NA
215,98,scrabble-score,lexicase,FALSE,20,elitize_generation_data,214,78,0.856,NA
216,98,scrabble-score,lexicase,FALSE,20,elitize_generation_data,215,69,0.859,NA
217,98,scrabble-score,lexicase,FALSE,20,elitize_generation_data,216,71,0.861,NA
218,98,scrabble-score,lexicase,FALSE,20,elitize_generation_data,217,67,0.877,NA
219,98,scrabble-score,lexicase,FALSE,20,elitize_generation_data,218,66,0.862,NA
220,98,scrabble-score,lexicase,FALSE,20,elitize_generation_data,219,64,0.881,NA
221,98,scrabble-score,lexicase,FALSE,20,elitize_generation_data,220,71,0.867,NA
222,98,scrabble-score,lexicase,FALSE,20,elitize_generation_data,221,70,0.878,NA
223,98,scrabble-score,lexicase,FALSE,20,elitize_generation_data,222,77,0.869,NA
224,98,scrabble-score,lexicase,FALSE,20,elitize_generation_data,223,85,0.873,NA
225,98,scrabble-score,lexicase,FALSE,20,elitize_generation_data,224,82,0.868,NA
226,98,scrabble-score,lexicase,FALSE,20,elitize_generation_data,225,91,0.868,NA
227,98,scrabble-score,lexicase,FALSE,20,elitize_generation_data,226,86,0.885,NA
228,98,scrabble-score,lexicase,FALSE,20,elitize_generation_data,227,90,0.864,NA
229,98,scrabble-score,lexicase,FALSE,20,elitize_generation_data,228,77,0.869,NA
230,98,scrabble-score,lexicase,FALSE,20,elitize_generation_data,229,76,0.862,NA
231,98,scrabble-score,lexicase,FALSE,20,elitize_generation_data,230,79,0.866,NA
232,98,scrabble-score,lexicase,FALSE,20,elitize_generation_data,231,73,0.873,NA
233,98,scrabble-score,lexicase,FALSE,20,elitize_generation_data,232,72,0.874,NA
234,98,scrabble-score,lexicase,FALSE,20,elitize_generation_data,233,67,0.868,NA
235,98,scrabble-score,lexicase,FALSE,20,elitize_generation_data,234,74,0.87,NA
236,98,scrabble-score,lexicase,FALSE,20,elitize_generation_data,235,79,0.864,NA
237,98,scrabble-score,lexicase,FALSE,20,elitize_generation_data,236,92,0.874,NA
238,98,scrabble-score,lexicase,FALSE,20,elitize_generation_data,237,82,0.858,NA
239,98,scrabble-score,lexicase,FALSE,20,elitize_generation_data,238,85,0.864,NA
240,98,scrabble-score,lexicase,FALSE,20,elitize_generation_data,239,82,0.875,NA
241,98,scrabble-score,lexicase,FALSE,20,elitize_generation_data,240,89,0.864,NA
242,98,scrabble-score,lexicase,FALSE,20,elitize_generation_data,241,83,0.871,NA
243,98,scrabble-score,lexicase,FALSE,20,elitize_generation_data,242,79,0.876,NA
244,98,scrabble-score,lexicase,FALSE,20,elitize_generation_data,243,78,0.871,NA
245,98,scrabble-score,lexicase,FALSE,20,elitize_generation_data,244,72,0.857,NA
246,98,scrabble-score,lexicase,FALSE,20,elitize_generation_data,245,85,0.863,NA
247,98,scrabble-score,lexicase,FALSE,20,elitize_generation_data,246,83,0.862,NA
248,98,scrabble-score,lexicase,FALSE,20,elitize_generation_data,247,83,0.857,NA
249,98,scrabble-score,lexicase,FALSE,20,elitize_generation_data,248,71,0.894,NA
250,98,scrabble-score,lexicase,FALSE,20,elitize_generation_data,249,74,0.85,NA
251,98,scrabble-score,lexicase,FALSE,20,elitize_generation_data,250,82,0.874,NA
252,98,scrabble-score,lexicase,FALSE,20,elitize_generation_data,251,92,0.853,NA
253,98,scrabble-score,lexicase,FALSE,20,elitize_generation_data,252,91,0.868,NA
254,98,scrabble-score,lexicase,FALSE,20,elitize_generation_data,253,95,0.882,NA
255,98,scrabble-score,lexicase,FALSE,20,elitize_generation_data,254,77,0.88,NA
256,98,scrabble-score,lexicase,FALSE,20,elitize_generation_data,255,82,0.865,NA
257,98,scrabble-score,lexicase,FALSE,20,elitize_generation_data,256,95,0.891,NA
258,98,scrabble-score,lexicase,FALSE,20,elitize_generation_data,257,98,0.892,NA
259,98,scrabble-score,lexicase,FALSE,20,elitize_generation_data,258,89,0.88,NA
260,98,scrabble-score,lexicase,FALSE,20,elitize_generation_data,259,95,0.87,NA
261,98,scrabble-score,lexicase,FALSE,20,elitize_generation_data,260,85,0.876,NA
262,98,scrabble-score,lexicase,FALSE,20,elitize_generation_data,261,87,0.883,NA
263,98,scrabble-score,lexicase,FALSE,20,elitize_generation_data,262,93,0.874,NA
264,98,scrabble-score,lexicase,FALSE,20,elitize_generation_data,263,85,0.879,NA
265,98,scrabble-score,lexicase,FALSE,20,elitize_generation_data,264,86,0.889,NA
266,98,scrabble-score,lexicase,FALSE,20,elitize_generation_data,265,90,0.887,NA
267,98,scrabble-score,lexicase,FALSE,20,elitize_generation_data,266,72,0.9,NA
268,98,scrabble-score,lexicase,FALSE,20,elitize_generation_data,267,70,0.887,NA
269,98,scrabble-score,lexicase,FALSE,20,elitize_generation_data,268,82,0.88,NA
270,98,scrabble-score,lexicase,FALSE,20,elitize_generation_data,269,83,0.854,NA
271,98,scrabble-score,lexicase,FALSE,20,elitize_generation_data,270,82,0.882,NA
272,98,scrabble-score,lexicase,FALSE,20,elitize_generation_data,271,72,0.878,NA
273,98,scrabble-score,lexicase,FALSE,20,elitize_generation_data,272,74,0.874,NA
274,98,scrabble-score,lexicase,FALSE,20,elitize_generation_data,273,73,0.873,NA
275,98,scrabble-score,lexicase,FALSE,20,elitize_generation_data,274,89,0.888,NA
276,98,scrabble-score,lexicase,FALSE,20,elitize_generation_data,275,71,0.873,NA
277,98,scrabble-score,lexicase,FALSE,20,elitize_generation_data,276,78,0.88,NA
278,98,scrabble-score,lexicase,FALSE,20,elitize_generation_data,277,91,0.882,NA
279,98,scrabble-score,lexicase,FALSE,20,elitize_generation_data,278,90,0.903,NA
280,98,scrabble-score,lexicase,FALSE,20,elitize_generation_data,279,90,0.904,NA
281,98,scrabble-score,lexicase,FALSE,20,elitize_generation_data,280,78,0.893,NA
282,98,scrabble-score,lexicase,FALSE,20,elitize_generation_data,281,83,0.87,NA
283,98,scrabble-score,lexicase,FALSE,20,elitize_generation_data,282,87,0.872,NA
284,98,scrabble-score,lexicase,FALSE,20,elitize_generation_data,283,70,0.88,NA
285,98,scrabble-score,lexicase,FALSE,20,elitize_generation_data,284,68,0.884,NA
286,98,scrabble-score,lexicase,FALSE,20,elitize_generation_data,285,67,0.871,NA
287,98,scrabble-score,lexicase,FALSE,20,elitize_generation_data,286,75,0.875,NA
288,98,scrabble-score,lexicase,FALSE,20,elitize_generation_data,287,79,0.9,NA
289,98,scrabble-score,lexicase,FALSE,20,elitize_generation_data,288,72,0.874,NA
290,98,scrabble-score,lexicase,FALSE,20,elitize_generation_data,289,75,0.901,NA
291,98,scrabble-score,lexicase,FALSE,20,elitize_generation_data,290,91,0.891,NA
292,98,scrabble-score,lexicase,FALSE,20,elitize_generation_data,291,91,0.857,NA
293,98,scrabble-score,lexicase,FALSE,20,elitize_generation_data,292,94,0.882,NA
294,98,scrabble-score,lexicase,FALSE,20,elitize_generation_data,293,91,0.887,NA
295,98,scrabble-score,lexicase,FALSE,20,elitize_generation_data,294,92,0.871,NA
296,98,scrabble-score,lexicase,FALSE,20,elitize_generation_data,295,84,0.862,NA
297,98,scrabble-score,lexicase,FALSE,20,elitize_generation_data,296,84,0.878,NA
298,98,scrabble-score,lexicase,FALSE,20,elitize_generation_data,297,79,0.871,NA
299,98,scrabble-score,lexicase,FALSE,20,elitize_generation_data,298,81,0.872,NA
300,98,scrabble-score,lexicase,FALSE,20,elitize_generation_data,299,74,0.861,NA
301,98,scrabble-score,lexicase,FALSE,20,elitize_generation_data,300,79,0.88,NA
