,run.num,problem,treatment,succeeded,height,normalization.function,generation,cluster.count,error.diversity,success.generation
1,95,scrabble-score,lexicase,FALSE,20,elitize_generation_data,0,2,0.115,NA
2,95,scrabble-score,lexicase,FALSE,20,elitize_generation_data,1,1,0.152,NA
3,95,scrabble-score,lexicase,FALSE,20,elitize_generation_data,2,1,0.201,NA
4,95,scrabble-score,lexicase,FALSE,20,elitize_generation_data,3,1,0.282,NA
5,95,scrabble-score,lexicase,FALSE,20,elitize_generation_data,4,1,0.385,NA
6,95,scrabble-score,lexicase,FALSE,20,elitize_generation_data,5,1,0.489,NA
7,95,scrabble-score,lexicase,FALSE,20,elitize_generation_data,6,2,0.614,NA
8,95,scrabble-score,lexicase,FALSE,20,elitize_generation_data,7,1,0.666,NA
9,95,scrabble-score,lexicase,FALSE,20,elitize_generation_data,8,3,0.719,NA
10,95,scrabble-score,lexicase,FALSE,20,elitize_generation_data,9,3,0.729,NA
11,95,scrabble-score,lexicase,FALSE,20,elitize_generation_data,10,4,0.764,NA
12,95,scrabble-score,lexicase,FALSE,20,elitize_generation_data,11,5,0.759,NA
13,95,scrabble-score,lexicase,FALSE,20,elitize_generation_data,12,5,0.778,NA
14,95,scrabble-score,lexicase,FALSE,20,elitize_generation_data,13,6,0.816,NA
15,95,scrabble-score,lexicase,FALSE,20,elitize_generation_data,14,8,0.829,NA
16,95,scrabble-score,lexicase,FALSE,20,elitize_generation_data,15,10,0.825,NA
17,95,scrabble-score,lexicase,FALSE,20,elitize_generation_data,16,9,0.824,NA
18,95,scrabble-score,lexicase,FALSE,20,elitize_generation_data,17,11,0.852,NA
19,95,scrabble-score,lexicase,FALSE,20,elitize_generation_data,18,10,0.838,NA
20,95,scrabble-score,lexicase,FALSE,20,elitize_generation_data,19,13,0.837,NA
21,95,scrabble-score,lexicase,FALSE,20,elitize_generation_data,20,17,0.837,NA
22,95,scrabble-score,lexicase,FALSE,20,elitize_generation_data,21,11,0.853,NA
23,95,scrabble-score,lexicase,FALSE,20,elitize_generation_data,22,12,0.827,NA
24,95,scrabble-score,lexicase,FALSE,20,elitize_generation_data,23,20,0.846,NA
25,95,scrabble-score,lexicase,FALSE,20,elitize_generation_data,24,18,0.845,NA
26,95,scrabble-score,lexicase,FALSE,20,elitize_generation_data,25,18,0.84,NA
27,95,scrabble-score,lexicase,FALSE,20,elitize_generation_data,26,24,0.845,NA
28,95,scrabble-score,lexicase,FALSE,20,elitize_generation_data,27,28,0.872,NA
29,95,scrabble-score,lexicase,FALSE,20,elitize_generation_data,28,27,0.847,NA
30,95,scrabble-score,lexicase,FALSE,20,elitize_generation_data,29,24,0.872,NA
31,95,scrabble-score,lexicase,FALSE,20,elitize_generation_data,30,26,0.861,NA
32,95,scrabble-score,lexicase,FALSE,20,elitize_generation_data,31,31,0.874,NA
33,95,scrabble-score,lexicase,FALSE,20,elitize_generation_data,32,26,0.855,NA
34,95,scrabble-score,lexicase,FALSE,20,elitize_generation_data,33,23,0.868,NA
35,95,scrabble-score,lexicase,FALSE,20,elitize_generation_data,34,32,0.865,NA
36,95,scrabble-score,lexicase,FALSE,20,elitize_generation_data,35,28,0.881,NA
37,95,scrabble-score,lexicase,FALSE,20,elitize_generation_data,36,40,0.86,NA
38,95,scrabble-score,lexicase,FALSE,20,elitize_generation_data,37,31,0.851,NA
39,95,scrabble-score,lexicase,FALSE,20,elitize_generation_data,38,34,0.874,NA
40,95,scrabble-score,lexicase,FALSE,20,elitize_generation_data,39,33,0.866,NA
41,95,scrabble-score,lexicase,FALSE,20,elitize_generation_data,40,28,0.849,NA
42,95,scrabble-score,lexicase,FALSE,20,elitize_generation_data,41,34,0.856,NA
43,95,scrabble-score,lexicase,FALSE,20,elitize_generation_data,42,30,0.871,NA
44,95,scrabble-score,lexicase,FALSE,20,elitize_generation_data,43,32,0.86,NA
45,95,scrabble-score,lexicase,FALSE,20,elitize_generation_data,44,39,0.84,NA
46,95,scrabble-score,lexicase,FALSE,20,elitize_generation_data,45,40,0.872,NA
47,95,scrabble-score,lexicase,FALSE,20,elitize_generation_data,46,41,0.844,NA
48,95,scrabble-score,lexicase,FALSE,20,elitize_generation_data,47,44,0.867,NA
49,95,scrabble-score,lexicase,FALSE,20,elitize_generation_data,48,42,0.838,NA
50,95,scrabble-score,lexicase,FALSE,20,elitize_generation_data,49,50,0.849,NA
51,95,scrabble-score,lexicase,FALSE,20,elitize_generation_data,50,64,0.853,NA
52,95,scrabble-score,lexicase,FALSE,20,elitize_generation_data,51,61,0.838,NA
53,95,scrabble-score,lexicase,FALSE,20,elitize_generation_data,52,63,0.86,NA
54,95,scrabble-score,lexicase,FALSE,20,elitize_generation_data,53,66,0.859,NA
55,95,scrabble-score,lexicase,FALSE,20,elitize_generation_data,54,60,0.861,NA
56,95,scrabble-score,lexicase,FALSE,20,elitize_generation_data,55,65,0.852,NA
57,95,scrabble-score,lexicase,FALSE,20,elitize_generation_data,56,70,0.865,NA
58,95,scrabble-score,lexicase,FALSE,20,elitize_generation_data,57,57,0.823,NA
59,95,scrabble-score,lexicase,FALSE,20,elitize_generation_data,58,58,0.834,NA
60,95,scrabble-score,lexicase,FALSE,20,elitize_generation_data,59,53,0.829,NA
61,95,scrabble-score,lexicase,FALSE,20,elitize_generation_data,60,56,0.847,NA
62,95,scrabble-score,lexicase,FALSE,20,elitize_generation_data,61,47,0.794,NA
63,95,scrabble-score,lexicase,FALSE,20,elitize_generation_data,62,52,0.816,NA
64,95,scrabble-score,lexicase,FALSE,20,elitize_generation_data,63,54,0.81,NA
65,95,scrabble-score,lexicase,FALSE,20,elitize_generation_data,64,43,0.827,NA
66,95,scrabble-score,lexicase,FALSE,20,elitize_generation_data,65,50,0.838,NA
67,95,scrabble-score,lexicase,FALSE,20,elitize_generation_data,66,55,0.816,NA
68,95,scrabble-score,lexicase,FALSE,20,elitize_generation_data,67,55,0.85,NA
69,95,scrabble-score,lexicase,FALSE,20,elitize_generation_data,68,62,0.843,NA
70,95,scrabble-score,lexicase,FALSE,20,elitize_generation_data,69,50,0.837,NA
71,95,scrabble-score,lexicase,FALSE,20,elitize_generation_data,70,54,0.823,NA
72,95,scrabble-score,lexicase,FALSE,20,elitize_generation_data,71,57,0.809,NA
73,95,scrabble-score,lexicase,FALSE,20,elitize_generation_data,72,59,0.819,NA
74,95,scrabble-score,lexicase,FALSE,20,elitize_generation_data,73,53,0.796,NA
75,95,scrabble-score,lexicase,FALSE,20,elitize_generation_data,74,60,0.833,NA
76,95,scrabble-score,lexicase,FALSE,20,elitize_generation_data,75,50,0.808,NA
77,95,scrabble-score,lexicase,FALSE,20,elitize_generation_data,76,63,0.839,NA
78,95,scrabble-score,lexicase,FALSE,20,elitize_generation_data,77,48,0.809,NA
79,95,scrabble-score,lexicase,FALSE,20,elitize_generation_data,78,58,0.793,NA
80,95,scrabble-score,lexicase,FALSE,20,elitize_generation_data,79,56,0.822,NA
81,95,scrabble-score,lexicase,FALSE,20,elitize_generation_data,80,48,0.806,NA
82,95,scrabble-score,lexicase,FALSE,20,elitize_generation_data,81,56,0.81,NA
83,95,scrabble-score,lexicase,FALSE,20,elitize_generation_data,82,62,0.8,NA
84,95,scrabble-score,lexicase,FALSE,20,elitize_generation_data,83,72,0.806,NA
85,95,scrabble-score,lexicase,FALSE,20,elitize_generation_data,84,65,0.819,NA
86,95,scrabble-score,lexicase,FALSE,20,elitize_generation_data,85,56,0.807,NA
87,95,scrabble-score,lexicase,FALSE,20,elitize_generation_data,86,66,0.805,NA
88,95,scrabble-score,lexicase,FALSE,20,elitize_generation_data,87,65,0.816,NA
89,95,scrabble-score,lexicase,FALSE,20,elitize_generation_data,88,59,0.813,NA
90,95,scrabble-score,lexicase,FALSE,20,elitize_generation_data,89,52,0.807,NA
91,95,scrabble-score,lexicase,FALSE,20,elitize_generation_data,90,57,0.823,NA
92,95,scrabble-score,lexicase,FALSE,20,elitize_generation_data,91,57,0.8,NA
93,95,scrabble-score,lexicase,FALSE,20,elitize_generation_data,92,58,0.819,NA
94,95,scrabble-score,lexicase,FALSE,20,elitize_generation_data,93,79,0.835,NA
95,95,scrabble-score,lexicase,FALSE,20,elitize_generation_data,94,67,0.833,NA
96,95,scrabble-score,lexicase,FALSE,20,elitize_generation_data,95,76,0.816,NA
97,95,scrabble-score,lexicase,FALSE,20,elitize_generation_data,96,71,0.804,NA
98,95,scrabble-score,lexicase,FALSE,20,elitize_generation_data,97,68,0.832,NA
99,95,scrabble-score,lexicase,FALSE,20,elitize_generation_data,98,77,0.829,NA
100,95,scrabble-score,lexicase,FALSE,20,elitize_generation_data,99,66,0.836,NA
101,95,scrabble-score,lexicase,FALSE,20,elitize_generation_data,100,69,0.827,NA
102,95,scrabble-score,lexicase,FALSE,20,elitize_generation_data,101,62,0.81,NA
103,95,scrabble-score,lexicase,FALSE,20,elitize_generation_data,102,67,0.827,NA
104,95,scrabble-score,lexicase,FALSE,20,elitize_generation_data,103,78,0.823,NA
105,95,scrabble-score,lexicase,FALSE,20,elitize_generation_data,104,83,0.818,NA
106,95,scrabble-score,lexicase,FALSE,20,elitize_generation_data,105,64,0.827,NA
107,95,scrabble-score,lexicase,FALSE,20,elitize_generation_data,106,66,0.826,NA
108,95,scrabble-score,lexicase,FALSE,20,elitize_generation_data,107,68,0.804,NA
109,95,scrabble-score,lexicase,FALSE,20,elitize_generation_data,108,70,0.82,NA
110,95,scrabble-score,lexicase,FALSE,20,elitize_generation_data,109,60,0.815,NA
111,95,scrabble-score,lexicase,FALSE,20,elitize_generation_data,110,66,0.825,NA
112,95,scrabble-score,lexicase,FALSE,20,elitize_generation_data,111,70,0.826,NA
113,95,scrabble-score,lexicase,FALSE,20,elitize_generation_data,112,73,0.817,NA
114,95,scrabble-score,lexicase,FALSE,20,elitize_generation_data,113,77,0.801,NA
115,95,scrabble-score,lexicase,FALSE,20,elitize_generation_data,114,66,0.825,NA
116,95,scrabble-score,lexicase,FALSE,20,elitize_generation_data,115,76,0.821,NA
117,95,scrabble-score,lexicase,FALSE,20,elitize_generation_data,116,68,0.826,NA
118,95,scrabble-score,lexicase,FALSE,20,elitize_generation_data,117,69,0.801,NA
119,95,scrabble-score,lexicase,FALSE,20,elitize_generation_data,118,70,0.836,NA
120,95,scrabble-score,lexicase,FALSE,20,elitize_generation_data,119,74,0.825,NA
121,95,scrabble-score,lexicase,FALSE,20,elitize_generation_data,120,69,0.829,NA
122,95,scrabble-score,lexicase,FALSE,20,elitize_generation_data,121,71,0.826,NA
123,95,scrabble-score,lexicase,FALSE,20,elitize_generation_data,122,56,0.828,NA
124,95,scrabble-score,lexicase,FALSE,20,elitize_generation_data,123,71,0.83,NA
125,95,scrabble-score,lexicase,FALSE,20,elitize_generation_data,124,68,0.802,NA
126,95,scrabble-score,lexicase,FALSE,20,elitize_generation_data,125,74,0.836,NA
127,95,scrabble-score,lexicase,FALSE,20,elitize_generation_data,126,74,0.829,NA
128,95,scrabble-score,lexicase,FALSE,20,elitize_generation_data,127,78,0.83,NA
129,95,scrabble-score,lexicase,FALSE,20,elitize_generation_data,128,69,0.827,NA
130,95,scrabble-score,lexicase,FALSE,20,elitize_generation_data,129,70,0.846,NA
131,95,scrabble-score,lexicase,FALSE,20,elitize_generation_data,130,67,0.837,NA
132,95,scrabble-score,lexicase,FALSE,20,elitize_generation_data,131,73,0.836,NA
133,95,scrabble-score,lexicase,FALSE,20,elitize_generation_data,132,69,0.844,NA
134,95,scrabble-score,lexicase,FALSE,20,elitize_generation_data,133,71,0.855,NA
135,95,scrabble-score,lexicase,FALSE,20,elitize_generation_data,134,80,0.862,NA
136,95,scrabble-score,lexicase,FALSE,20,elitize_generation_data,135,76,0.839,NA
137,95,scrabble-score,lexicase,FALSE,20,elitize_generation_data,136,70,0.857,NA
138,95,scrabble-score,lexicase,FALSE,20,elitize_generation_data,137,77,0.841,NA
139,95,scrabble-score,lexicase,FALSE,20,elitize_generation_data,138,69,0.812,NA
140,95,scrabble-score,lexicase,FALSE,20,elitize_generation_data,139,76,0.831,NA
141,95,scrabble-score,lexicase,FALSE,20,elitize_generation_data,140,75,0.822,NA
142,95,scrabble-score,lexicase,FALSE,20,elitize_generation_data,141,85,0.848,NA
143,95,scrabble-score,lexicase,FALSE,20,elitize_generation_data,142,85,0.838,NA
144,95,scrabble-score,lexicase,FALSE,20,elitize_generation_data,143,84,0.841,NA
145,95,scrabble-score,lexicase,FALSE,20,elitize_generation_data,144,79,0.838,NA
146,95,scrabble-score,lexicase,FALSE,20,elitize_generation_data,145,73,0.829,NA
147,95,scrabble-score,lexicase,FALSE,20,elitize_generation_data,146,65,0.833,NA
148,95,scrabble-score,lexicase,FALSE,20,elitize_generation_data,147,71,0.821,NA
149,95,scrabble-score,lexicase,FALSE,20,elitize_generation_data,148,69,0.857,NA
150,95,scrabble-score,lexicase,FALSE,20,elitize_generation_data,149,64,0.854,NA
151,95,scrabble-score,lexicase,FALSE,20,elitize_generation_data,150,77,0.871,NA
152,95,scrabble-score,lexicase,FALSE,20,elitize_generation_data,151,68,0.84,NA
153,95,scrabble-score,lexicase,FALSE,20,elitize_generation_data,152,81,0.879,NA
154,95,scrabble-score,lexicase,FALSE,20,elitize_generation_data,153,84,0.86,NA
155,95,scrabble-score,lexicase,FALSE,20,elitize_generation_data,154,83,0.859,NA
156,95,scrabble-score,lexicase,FALSE,20,elitize_generation_data,155,77,0.856,NA
157,95,scrabble-score,lexicase,FALSE,20,elitize_generation_data,156,83,0.873,NA
158,95,scrabble-score,lexicase,FALSE,20,elitize_generation_data,157,73,0.832,NA
159,95,scrabble-score,lexicase,FALSE,20,elitize_generation_data,158,70,0.833,NA
160,95,scrabble-score,lexicase,FALSE,20,elitize_generation_data,159,80,0.853,NA
161,95,scrabble-score,lexicase,FALSE,20,elitize_generation_data,160,80,0.864,NA
162,95,scrabble-score,lexicase,FALSE,20,elitize_generation_data,161,79,0.839,NA
163,95,scrabble-score,lexicase,FALSE,20,elitize_generation_data,162,80,0.845,NA
164,95,scrabble-score,lexicase,FALSE,20,elitize_generation_data,163,77,0.839,NA
165,95,scrabble-score,lexicase,FALSE,20,elitize_generation_data,164,71,0.841,NA
166,95,scrabble-score,lexicase,FALSE,20,elitize_generation_data,165,74,0.843,NA
167,95,scrabble-score,lexicase,FALSE,20,elitize_generation_data,166,67,0.841,NA
168,95,scrabble-score,lexicase,FALSE,20,elitize_generation_data,167,73,0.838,NA
169,95,scrabble-score,lexicase,FALSE,20,elitize_generation_data,168,80,0.83,NA
170,95,scrabble-score,lexicase,FALSE,20,elitize_generation_data,169,80,0.826,NA
171,95,scrabble-score,lexicase,FALSE,20,elitize_generation_data,170,77,0.835,NA
172,95,scrabble-score,lexicase,FALSE,20,elitize_generation_data,171,76,0.838,NA
173,95,scrabble-score,lexicase,FALSE,20,elitize_generation_data,172,78,0.834,NA
174,95,scrabble-score,lexicase,FALSE,20,elitize_generation_data,173,72,0.831,NA
175,95,scrabble-score,lexicase,FALSE,20,elitize_generation_data,174,77,0.844,NA
176,95,scrabble-score,lexicase,FALSE,20,elitize_generation_data,175,75,0.85,NA
177,95,scrabble-score,lexicase,FALSE,20,elitize_generation_data,176,80,0.844,NA
178,95,scrabble-score,lexicase,FALSE,20,elitize_generation_data,177,73,0.838,NA
179,95,scrabble-score,lexicase,FALSE,20,elitize_generation_data,178,75,0.825,NA
180,95,scrabble-score,lexicase,FALSE,20,elitize_generation_data,179,69,0.824,NA
181,95,scrabble-score,lexicase,FALSE,20,elitize_generation_data,180,74,0.817,NA
182,95,scrabble-score,lexicase,FALSE,20,elitize_generation_data,181,75,0.836,NA
183,95,scrabble-score,lexicase,FALSE,20,elitize_generation_data,182,67,0.824,NA
184,95,scrabble-score,lexicase,FALSE,20,elitize_generation_data,183,70,0.851,NA
185,95,scrabble-score,lexicase,FALSE,20,elitize_generation_data,184,62,0.797,NA
186,95,scrabble-score,lexicase,FALSE,20,elitize_generation_data,185,70,0.833,NA
187,95,scrabble-score,lexicase,FALSE,20,elitize_generation_data,186,66,0.83,NA
188,95,scrabble-score,lexicase,FALSE,20,elitize_generation_data,187,70,0.832,NA
189,95,scrabble-score,lexicase,FALSE,20,elitize_generation_data,188,73,0.812,NA
190,95,scrabble-score,lexicase,FALSE,20,elitize_generation_data,189,77,0.829,NA
191,95,scrabble-score,lexicase,FALSE,20,elitize_generation_data,190,75,0.832,NA
192,95,scrabble-score,lexicase,FALSE,20,elitize_generation_data,191,73,0.836,NA
193,95,scrabble-score,lexicase,FALSE,20,elitize_generation_data,192,93,0.839,NA
194,95,scrabble-score,lexicase,FALSE,20,elitize_generation_data,193,87,0.825,NA
195,95,scrabble-score,lexicase,FALSE,20,elitize_generation_data,194,73,0.814,NA
196,95,scrabble-score,lexicase,FALSE,20,elitize_generation_data,195,79,0.821,NA
197,95,scrabble-score,lexicase,FALSE,20,elitize_generation_data,196,81,0.838,NA
198,95,scrabble-score,lexicase,FALSE,20,elitize_generation_data,197,89,0.84,NA
199,95,scrabble-score,lexicase,FALSE,20,elitize_generation_data,198,88,0.845,NA
200,95,scrabble-score,lexicase,FALSE,20,elitize_generation_data,199,98,0.821,NA
201,95,scrabble-score,lexicase,FALSE,20,elitize_generation_data,200,91,0.838,NA
202,95,scrabble-score,lexicase,FALSE,20,elitize_generation_data,201,93,0.826,NA
203,95,scrabble-score,lexicase,FALSE,20,elitize_generation_data,202,92,0.812,NA
204,95,scrabble-score,lexicase,FALSE,20,elitize_generation_data,203,88,0.83,NA
205,95,scrabble-score,lexicase,FALSE,20,elitize_generation_data,204,87,0.843,NA
206,95,scrabble-score,lexicase,FALSE,20,elitize_generation_data,205,91,0.833,NA
207,95,scrabble-score,lexicase,FALSE,20,elitize_generation_data,206,75,0.861,NA
208,95,scrabble-score,lexicase,FALSE,20,elitize_generation_data,207,73,0.846,NA
209,95,scrabble-score,lexicase,FALSE,20,elitize_generation_data,208,77,0.828,NA
210,95,scrabble-score,lexicase,FALSE,20,elitize_generation_data,209,85,0.849,NA
211,95,scrabble-score,lexicase,FALSE,20,elitize_generation_data,210,91,0.832,NA
212,95,scrabble-score,lexicase,FALSE,20,elitize_generation_data,211,100,0.852,NA
213,95,scrabble-score,lexicase,FALSE,20,elitize_generation_data,212,94,0.868,NA
214,95,scrabble-score,lexicase,FALSE,20,elitize_generation_data,213,82,0.841,NA
215,95,scrabble-score,lexicase,FALSE,20,elitize_generation_data,214,100,0.869,NA
216,95,scrabble-score,lexicase,FALSE,20,elitize_generation_data,215,94,0.854,NA
217,95,scrabble-score,lexicase,FALSE,20,elitize_generation_data,216,93,0.861,NA
218,95,scrabble-score,lexicase,FALSE,20,elitize_generation_data,217,84,0.844,NA
219,95,scrabble-score,lexicase,FALSE,20,elitize_generation_data,218,85,0.862,NA
220,95,scrabble-score,lexicase,FALSE,20,elitize_generation_data,219,95,0.848,NA
221,95,scrabble-score,lexicase,FALSE,20,elitize_generation_data,220,80,0.87,NA
222,95,scrabble-score,lexicase,FALSE,20,elitize_generation_data,221,83,0.862,NA
223,95,scrabble-score,lexicase,FALSE,20,elitize_generation_data,222,94,0.858,NA
224,95,scrabble-score,lexicase,FALSE,20,elitize_generation_data,223,85,0.84,NA
225,95,scrabble-score,lexicase,FALSE,20,elitize_generation_data,224,86,0.854,NA
226,95,scrabble-score,lexicase,FALSE,20,elitize_generation_data,225,89,0.845,NA
227,95,scrabble-score,lexicase,FALSE,20,elitize_generation_data,226,90,0.836,NA
228,95,scrabble-score,lexicase,FALSE,20,elitize_generation_data,227,80,0.858,NA
229,95,scrabble-score,lexicase,FALSE,20,elitize_generation_data,228,90,0.862,NA
230,95,scrabble-score,lexicase,FALSE,20,elitize_generation_data,229,88,0.845,NA
231,95,scrabble-score,lexicase,FALSE,20,elitize_generation_data,230,86,0.857,NA
232,95,scrabble-score,lexicase,FALSE,20,elitize_generation_data,231,79,0.872,NA
233,95,scrabble-score,lexicase,FALSE,20,elitize_generation_data,232,92,0.862,NA
234,95,scrabble-score,lexicase,FALSE,20,elitize_generation_data,233,91,0.861,NA
235,95,scrabble-score,lexicase,FALSE,20,elitize_generation_data,234,94,0.845,NA
236,95,scrabble-score,lexicase,FALSE,20,elitize_generation_data,235,86,0.843,NA
237,95,scrabble-score,lexicase,FALSE,20,elitize_generation_data,236,86,0.869,NA
238,95,scrabble-score,lexicase,FALSE,20,elitize_generation_data,237,96,0.859,NA
239,95,scrabble-score,lexicase,FALSE,20,elitize_generation_data,238,83,0.847,NA
240,95,scrabble-score,lexicase,FALSE,20,elitize_generation_data,239,86,0.87,NA
241,95,scrabble-score,lexicase,FALSE,20,elitize_generation_data,240,88,0.844,NA
242,95,scrabble-score,lexicase,FALSE,20,elitize_generation_data,241,93,0.891,NA
243,95,scrabble-score,lexicase,FALSE,20,elitize_generation_data,242,93,0.849,NA
244,95,scrabble-score,lexicase,FALSE,20,elitize_generation_data,243,95,0.896,NA
245,95,scrabble-score,lexicase,FALSE,20,elitize_generation_data,244,92,0.868,NA
246,95,scrabble-score,lexicase,FALSE,20,elitize_generation_data,245,96,0.874,NA
247,95,scrabble-score,lexicase,FALSE,20,elitize_generation_data,246,91,0.864,NA
248,95,scrabble-score,lexicase,FALSE,20,elitize_generation_data,247,87,0.875,NA
249,95,scrabble-score,lexicase,FALSE,20,elitize_generation_data,248,92,0.868,NA
250,95,scrabble-score,lexicase,FALSE,20,elitize_generation_data,249,90,0.869,NA
251,95,scrabble-score,lexicase,FALSE,20,elitize_generation_data,250,87,0.884,NA
252,95,scrabble-score,lexicase,FALSE,20,elitize_generation_data,251,83,0.88,NA
253,95,scrabble-score,lexicase,FALSE,20,elitize_generation_data,252,83,0.869,NA
254,95,scrabble-score,lexicase,FALSE,20,elitize_generation_data,253,81,0.869,NA
255,95,scrabble-score,lexicase,FALSE,20,elitize_generation_data,254,88,0.875,NA
256,95,scrabble-score,lexicase,FALSE,20,elitize_generation_data,255,98,0.882,NA
257,95,scrabble-score,lexicase,FALSE,20,elitize_generation_data,256,81,0.874,NA
258,95,scrabble-score,lexicase,FALSE,20,elitize_generation_data,257,78,0.841,NA
259,95,scrabble-score,lexicase,FALSE,20,elitize_generation_data,258,85,0.863,NA
260,95,scrabble-score,lexicase,FALSE,20,elitize_generation_data,259,86,0.852,NA
261,95,scrabble-score,lexicase,FALSE,20,elitize_generation_data,260,89,0.864,NA
262,95,scrabble-score,lexicase,FALSE,20,elitize_generation_data,261,87,0.859,NA
263,95,scrabble-score,lexicase,FALSE,20,elitize_generation_data,262,88,0.872,NA
264,95,scrabble-score,lexicase,FALSE,20,elitize_generation_data,263,84,0.877,NA
265,95,scrabble-score,lexicase,FALSE,20,elitize_generation_data,264,104,0.882,NA
266,95,scrabble-score,lexicase,FALSE,20,elitize_generation_data,265,103,0.88,NA
267,95,scrabble-score,lexicase,FALSE,20,elitize_generation_data,266,102,0.865,NA
268,95,scrabble-score,lexicase,FALSE,20,elitize_generation_data,267,93,0.864,NA
269,95,scrabble-score,lexicase,FALSE,20,elitize_generation_data,268,97,0.859,NA
270,95,scrabble-score,lexicase,FALSE,20,elitize_generation_data,269,95,0.847,NA
271,95,scrabble-score,lexicase,FALSE,20,elitize_generation_data,270,96,0.868,NA
272,95,scrabble-score,lexicase,FALSE,20,elitize_generation_data,271,92,0.869,NA
273,95,scrabble-score,lexicase,FALSE,20,elitize_generation_data,272,93,0.865,NA
274,95,scrabble-score,lexicase,FALSE,20,elitize_generation_data,273,100,0.882,NA
275,95,scrabble-score,lexicase,FALSE,20,elitize_generation_data,274,103,0.881,NA
276,95,scrabble-score,lexicase,FALSE,20,elitize_generation_data,275,104,0.873,NA
277,95,scrabble-score,lexicase,FALSE,20,elitize_generation_data,276,94,0.856,NA
278,95,scrabble-score,lexicase,FALSE,20,elitize_generation_data,277,100,0.88,NA
279,95,scrabble-score,lexicase,FALSE,20,elitize_generation_data,278,84,0.85,NA
280,95,scrabble-score,lexicase,FALSE,20,elitize_generation_data,279,84,0.832,NA
281,95,scrabble-score,lexicase,FALSE,20,elitize_generation_data,280,93,0.861,NA
282,95,scrabble-score,lexicase,FALSE,20,elitize_generation_data,281,89,0.854,NA
283,95,scrabble-score,lexicase,FALSE,20,elitize_generation_data,282,90,0.865,NA
284,95,scrabble-score,lexicase,FALSE,20,elitize_generation_data,283,94,0.881,NA
285,95,scrabble-score,lexicase,FALSE,20,elitize_generation_data,284,96,0.865,NA
286,95,scrabble-score,lexicase,FALSE,20,elitize_generation_data,285,87,0.869,NA
287,95,scrabble-score,lexicase,FALSE,20,elitize_generation_data,286,97,0.879,NA
288,95,scrabble-score,lexicase,FALSE,20,elitize_generation_data,287,92,0.874,NA
289,95,scrabble-score,lexicase,FALSE,20,elitize_generation_data,288,92,0.884,NA
290,95,scrabble-score,lexicase,FALSE,20,elitize_generation_data,289,94,0.885,NA
291,95,scrabble-score,lexicase,FALSE,20,elitize_generation_data,290,86,0.885,NA
292,95,scrabble-score,lexicase,FALSE,20,elitize_generation_data,291,80,0.878,NA
293,95,scrabble-score,lexicase,FALSE,20,elitize_generation_data,292,94,0.849,NA
294,95,scrabble-score,lexicase,FALSE,20,elitize_generation_data,293,84,0.869,NA
295,95,scrabble-score,lexicase,FALSE,20,elitize_generation_data,294,86,0.864,NA
296,95,scrabble-score,lexicase,FALSE,20,elitize_generation_data,295,93,0.864,NA
297,95,scrabble-score,lexicase,FALSE,20,elitize_generation_data,296,89,0.878,NA
298,95,scrabble-score,lexicase,FALSE,20,elitize_generation_data,297,91,0.888,NA
299,95,scrabble-score,lexicase,FALSE,20,elitize_generation_data,298,86,0.887,NA
300,95,scrabble-score,lexicase,FALSE,20,elitize_generation_data,299,82,0.864,NA
301,95,scrabble-score,lexicase,FALSE,20,elitize_generation_data,300,78,0.86,NA
