,run.num,problem,treatment,succeeded,height,normalization.function,generation,cluster.count,error.diversity,success.generation
1,79,scrabble-score,lexicase,FALSE,20,elitize_generation_data,0,6,0.106,NA
2,79,scrabble-score,lexicase,FALSE,20,elitize_generation_data,1,1,0.175,NA
3,79,scrabble-score,lexicase,FALSE,20,elitize_generation_data,2,1,0.25,NA
4,79,scrabble-score,lexicase,FALSE,20,elitize_generation_data,3,1,0.293,NA
5,79,scrabble-score,lexicase,FALSE,20,elitize_generation_data,4,2,0.415,NA
6,79,scrabble-score,lexicase,FALSE,20,elitize_generation_data,5,2,0.523,NA
7,79,scrabble-score,lexicase,FALSE,20,elitize_generation_data,6,3,0.57,NA
8,79,scrabble-score,lexicase,FALSE,20,elitize_generation_data,7,4,0.632,NA
9,79,scrabble-score,lexicase,FALSE,20,elitize_generation_data,8,4,0.706,NA
10,79,scrabble-score,lexicase,FALSE,20,elitize_generation_data,9,6,0.723,NA
11,79,scrabble-score,lexicase,FALSE,20,elitize_generation_data,10,4,0.723,NA
12,79,scrabble-score,lexicase,FALSE,20,elitize_generation_data,11,4,0.757,NA
13,79,scrabble-score,lexicase,FALSE,20,elitize_generation_data,12,5,0.779,NA
14,79,scrabble-score,lexicase,FALSE,20,elitize_generation_data,13,4,0.755,NA
15,79,scrabble-score,lexicase,FALSE,20,elitize_generation_data,14,5,0.784,NA
16,79,scrabble-score,lexicase,FALSE,20,elitize_generation_data,15,7,0.773,NA
17,79,scrabble-score,lexicase,FALSE,20,elitize_generation_data,16,8,0.781,NA
18,79,scrabble-score,lexicase,FALSE,20,elitize_generation_data,17,5,0.799,NA
19,79,scrabble-score,lexicase,FALSE,20,elitize_generation_data,18,6,0.814,NA
20,79,scrabble-score,lexicase,FALSE,20,elitize_generation_data,19,7,0.831,NA
21,79,scrabble-score,lexicase,FALSE,20,elitize_generation_data,20,7,0.827,NA
22,79,scrabble-score,lexicase,FALSE,20,elitize_generation_data,21,7,0.821,NA
23,79,scrabble-score,lexicase,FALSE,20,elitize_generation_data,22,9,0.84,NA
24,79,scrabble-score,lexicase,FALSE,20,elitize_generation_data,23,11,0.841,NA
25,79,scrabble-score,lexicase,FALSE,20,elitize_generation_data,24,13,0.842,NA
26,79,scrabble-score,lexicase,FALSE,20,elitize_generation_data,25,9,0.86,NA
27,79,scrabble-score,lexicase,FALSE,20,elitize_generation_data,26,9,0.867,NA
28,79,scrabble-score,lexicase,FALSE,20,elitize_generation_data,27,10,0.851,NA
29,79,scrabble-score,lexicase,FALSE,20,elitize_generation_data,28,9,0.862,NA
30,79,scrabble-score,lexicase,FALSE,20,elitize_generation_data,29,13,0.871,NA
31,79,scrabble-score,lexicase,FALSE,20,elitize_generation_data,30,12,0.89,NA
32,79,scrabble-score,lexicase,FALSE,20,elitize_generation_data,31,12,0.892,NA
33,79,scrabble-score,lexicase,FALSE,20,elitize_generation_data,32,11,0.884,NA
34,79,scrabble-score,lexicase,FALSE,20,elitize_generation_data,33,14,0.851,NA
35,79,scrabble-score,lexicase,FALSE,20,elitize_generation_data,34,8,0.889,NA
36,79,scrabble-score,lexicase,FALSE,20,elitize_generation_data,35,8,0.888,NA
37,79,scrabble-score,lexicase,FALSE,20,elitize_generation_data,36,8,0.891,NA
38,79,scrabble-score,lexicase,FALSE,20,elitize_generation_data,37,10,0.901,NA
39,79,scrabble-score,lexicase,FALSE,20,elitize_generation_data,38,10,0.887,NA
40,79,scrabble-score,lexicase,FALSE,20,elitize_generation_data,39,9,0.9,NA
41,79,scrabble-score,lexicase,FALSE,20,elitize_generation_data,40,10,0.897,NA
42,79,scrabble-score,lexicase,FALSE,20,elitize_generation_data,41,13,0.911,NA
43,79,scrabble-score,lexicase,FALSE,20,elitize_generation_data,42,10,0.891,NA
44,79,scrabble-score,lexicase,FALSE,20,elitize_generation_data,43,10,0.898,NA
45,79,scrabble-score,lexicase,FALSE,20,elitize_generation_data,44,12,0.903,NA
46,79,scrabble-score,lexicase,FALSE,20,elitize_generation_data,45,14,0.896,NA
47,79,scrabble-score,lexicase,FALSE,20,elitize_generation_data,46,14,0.897,NA
48,79,scrabble-score,lexicase,FALSE,20,elitize_generation_data,47,11,0.881,NA
49,79,scrabble-score,lexicase,FALSE,20,elitize_generation_data,48,10,0.896,NA
50,79,scrabble-score,lexicase,FALSE,20,elitize_generation_data,49,17,0.907,NA
51,79,scrabble-score,lexicase,FALSE,20,elitize_generation_data,50,12,0.897,NA
52,79,scrabble-score,lexicase,FALSE,20,elitize_generation_data,51,10,0.89,NA
53,79,scrabble-score,lexicase,FALSE,20,elitize_generation_data,52,12,0.884,NA
54,79,scrabble-score,lexicase,FALSE,20,elitize_generation_data,53,12,0.885,NA
55,79,scrabble-score,lexicase,FALSE,20,elitize_generation_data,54,12,0.901,NA
56,79,scrabble-score,lexicase,FALSE,20,elitize_generation_data,55,15,0.904,NA
57,79,scrabble-score,lexicase,FALSE,20,elitize_generation_data,56,10,0.897,NA
58,79,scrabble-score,lexicase,FALSE,20,elitize_generation_data,57,9,0.907,NA
59,79,scrabble-score,lexicase,FALSE,20,elitize_generation_data,58,15,0.914,NA
60,79,scrabble-score,lexicase,FALSE,20,elitize_generation_data,59,13,0.909,NA
61,79,scrabble-score,lexicase,FALSE,20,elitize_generation_data,60,12,0.889,NA
62,79,scrabble-score,lexicase,FALSE,20,elitize_generation_data,61,13,0.909,NA
63,79,scrabble-score,lexicase,FALSE,20,elitize_generation_data,62,17,0.894,NA
64,79,scrabble-score,lexicase,FALSE,20,elitize_generation_data,63,12,0.901,NA
65,79,scrabble-score,lexicase,FALSE,20,elitize_generation_data,64,14,0.874,NA
66,79,scrabble-score,lexicase,FALSE,20,elitize_generation_data,65,13,0.878,NA
67,79,scrabble-score,lexicase,FALSE,20,elitize_generation_data,66,11,0.892,NA
68,79,scrabble-score,lexicase,FALSE,20,elitize_generation_data,67,14,0.894,NA
69,79,scrabble-score,lexicase,FALSE,20,elitize_generation_data,68,13,0.895,NA
70,79,scrabble-score,lexicase,FALSE,20,elitize_generation_data,69,15,0.889,NA
71,79,scrabble-score,lexicase,FALSE,20,elitize_generation_data,70,13,0.876,NA
72,79,scrabble-score,lexicase,FALSE,20,elitize_generation_data,71,19,0.87,NA
73,79,scrabble-score,lexicase,FALSE,20,elitize_generation_data,72,18,0.879,NA
74,79,scrabble-score,lexicase,FALSE,20,elitize_generation_data,73,19,0.871,NA
75,79,scrabble-score,lexicase,FALSE,20,elitize_generation_data,74,17,0.868,NA
76,79,scrabble-score,lexicase,FALSE,20,elitize_generation_data,75,14,0.852,NA
77,79,scrabble-score,lexicase,FALSE,20,elitize_generation_data,76,19,0.87,NA
78,79,scrabble-score,lexicase,FALSE,20,elitize_generation_data,77,17,0.869,NA
79,79,scrabble-score,lexicase,FALSE,20,elitize_generation_data,78,17,0.875,NA
80,79,scrabble-score,lexicase,FALSE,20,elitize_generation_data,79,14,0.859,NA
81,79,scrabble-score,lexicase,FALSE,20,elitize_generation_data,80,15,0.879,NA
82,79,scrabble-score,lexicase,FALSE,20,elitize_generation_data,81,17,0.877,NA
83,79,scrabble-score,lexicase,FALSE,20,elitize_generation_data,82,20,0.869,NA
84,79,scrabble-score,lexicase,FALSE,20,elitize_generation_data,83,15,0.897,NA
85,79,scrabble-score,lexicase,FALSE,20,elitize_generation_data,84,17,0.874,NA
86,79,scrabble-score,lexicase,FALSE,20,elitize_generation_data,85,22,0.859,NA
87,79,scrabble-score,lexicase,FALSE,20,elitize_generation_data,86,18,0.872,NA
88,79,scrabble-score,lexicase,FALSE,20,elitize_generation_data,87,18,0.862,NA
89,79,scrabble-score,lexicase,FALSE,20,elitize_generation_data,88,15,0.873,NA
90,79,scrabble-score,lexicase,FALSE,20,elitize_generation_data,89,15,0.884,NA
91,79,scrabble-score,lexicase,FALSE,20,elitize_generation_data,90,17,0.865,NA
92,79,scrabble-score,lexicase,FALSE,20,elitize_generation_data,91,17,0.86,NA
93,79,scrabble-score,lexicase,FALSE,20,elitize_generation_data,92,20,0.871,NA
94,79,scrabble-score,lexicase,FALSE,20,elitize_generation_data,93,23,0.872,NA
95,79,scrabble-score,lexicase,FALSE,20,elitize_generation_data,94,25,0.844,NA
96,79,scrabble-score,lexicase,FALSE,20,elitize_generation_data,95,22,0.86,NA
97,79,scrabble-score,lexicase,FALSE,20,elitize_generation_data,96,20,0.873,NA
98,79,scrabble-score,lexicase,FALSE,20,elitize_generation_data,97,24,0.872,NA
99,79,scrabble-score,lexicase,FALSE,20,elitize_generation_data,98,23,0.857,NA
100,79,scrabble-score,lexicase,FALSE,20,elitize_generation_data,99,20,0.867,NA
101,79,scrabble-score,lexicase,FALSE,20,elitize_generation_data,100,23,0.867,NA
102,79,scrabble-score,lexicase,FALSE,20,elitize_generation_data,101,20,0.844,NA
103,79,scrabble-score,lexicase,FALSE,20,elitize_generation_data,102,23,0.842,NA
104,79,scrabble-score,lexicase,FALSE,20,elitize_generation_data,103,25,0.866,NA
105,79,scrabble-score,lexicase,FALSE,20,elitize_generation_data,104,21,0.86,NA
106,79,scrabble-score,lexicase,FALSE,20,elitize_generation_data,105,20,0.865,NA
107,79,scrabble-score,lexicase,FALSE,20,elitize_generation_data,106,23,0.851,NA
108,79,scrabble-score,lexicase,FALSE,20,elitize_generation_data,107,30,0.88,NA
109,79,scrabble-score,lexicase,FALSE,20,elitize_generation_data,108,24,0.867,NA
110,79,scrabble-score,lexicase,FALSE,20,elitize_generation_data,109,27,0.844,NA
111,79,scrabble-score,lexicase,FALSE,20,elitize_generation_data,110,32,0.874,NA
112,79,scrabble-score,lexicase,FALSE,20,elitize_generation_data,111,31,0.868,NA
113,79,scrabble-score,lexicase,FALSE,20,elitize_generation_data,112,35,0.88,NA
114,79,scrabble-score,lexicase,FALSE,20,elitize_generation_data,113,27,0.851,NA
115,79,scrabble-score,lexicase,FALSE,20,elitize_generation_data,114,29,0.845,NA
116,79,scrabble-score,lexicase,FALSE,20,elitize_generation_data,115,21,0.857,NA
117,79,scrabble-score,lexicase,FALSE,20,elitize_generation_data,116,28,0.888,NA
118,79,scrabble-score,lexicase,FALSE,20,elitize_generation_data,117,32,0.856,NA
119,79,scrabble-score,lexicase,FALSE,20,elitize_generation_data,118,33,0.838,NA
120,79,scrabble-score,lexicase,FALSE,20,elitize_generation_data,119,25,0.864,NA
121,79,scrabble-score,lexicase,FALSE,20,elitize_generation_data,120,15,0.859,NA
122,79,scrabble-score,lexicase,FALSE,20,elitize_generation_data,121,24,0.855,NA
123,79,scrabble-score,lexicase,FALSE,20,elitize_generation_data,122,23,0.855,NA
124,79,scrabble-score,lexicase,FALSE,20,elitize_generation_data,123,22,0.833,NA
125,79,scrabble-score,lexicase,FALSE,20,elitize_generation_data,124,17,0.855,NA
126,79,scrabble-score,lexicase,FALSE,20,elitize_generation_data,125,21,0.875,NA
127,79,scrabble-score,lexicase,FALSE,20,elitize_generation_data,126,26,0.845,NA
128,79,scrabble-score,lexicase,FALSE,20,elitize_generation_data,127,28,0.879,NA
129,79,scrabble-score,lexicase,FALSE,20,elitize_generation_data,128,22,0.84,NA
130,79,scrabble-score,lexicase,FALSE,20,elitize_generation_data,129,19,0.839,NA
131,79,scrabble-score,lexicase,FALSE,20,elitize_generation_data,130,27,0.859,NA
132,79,scrabble-score,lexicase,FALSE,20,elitize_generation_data,131,25,0.846,NA
133,79,scrabble-score,lexicase,FALSE,20,elitize_generation_data,132,30,0.859,NA
134,79,scrabble-score,lexicase,FALSE,20,elitize_generation_data,133,30,0.863,NA
135,79,scrabble-score,lexicase,FALSE,20,elitize_generation_data,134,26,0.868,NA
136,79,scrabble-score,lexicase,FALSE,20,elitize_generation_data,135,37,0.852,NA
137,79,scrabble-score,lexicase,FALSE,20,elitize_generation_data,136,38,0.845,NA
138,79,scrabble-score,lexicase,FALSE,20,elitize_generation_data,137,36,0.821,NA
139,79,scrabble-score,lexicase,FALSE,20,elitize_generation_data,138,34,0.835,NA
140,79,scrabble-score,lexicase,FALSE,20,elitize_generation_data,139,38,0.86,NA
141,79,scrabble-score,lexicase,FALSE,20,elitize_generation_data,140,31,0.845,NA
142,79,scrabble-score,lexicase,FALSE,20,elitize_generation_data,141,34,0.873,NA
143,79,scrabble-score,lexicase,FALSE,20,elitize_generation_data,142,40,0.848,NA
144,79,scrabble-score,lexicase,FALSE,20,elitize_generation_data,143,39,0.872,NA
145,79,scrabble-score,lexicase,FALSE,20,elitize_generation_data,144,44,0.86,NA
146,79,scrabble-score,lexicase,FALSE,20,elitize_generation_data,145,46,0.865,NA
147,79,scrabble-score,lexicase,FALSE,20,elitize_generation_data,146,41,0.842,NA
148,79,scrabble-score,lexicase,FALSE,20,elitize_generation_data,147,41,0.863,NA
149,79,scrabble-score,lexicase,FALSE,20,elitize_generation_data,148,53,0.854,NA
150,79,scrabble-score,lexicase,FALSE,20,elitize_generation_data,149,39,0.851,NA
151,79,scrabble-score,lexicase,FALSE,20,elitize_generation_data,150,39,0.834,NA
152,79,scrabble-score,lexicase,FALSE,20,elitize_generation_data,151,42,0.858,NA
153,79,scrabble-score,lexicase,FALSE,20,elitize_generation_data,152,49,0.863,NA
154,79,scrabble-score,lexicase,FALSE,20,elitize_generation_data,153,46,0.87,NA
155,79,scrabble-score,lexicase,FALSE,20,elitize_generation_data,154,37,0.875,NA
156,79,scrabble-score,lexicase,FALSE,20,elitize_generation_data,155,36,0.833,NA
157,79,scrabble-score,lexicase,FALSE,20,elitize_generation_data,156,41,0.857,NA
158,79,scrabble-score,lexicase,FALSE,20,elitize_generation_data,157,42,0.864,NA
159,79,scrabble-score,lexicase,FALSE,20,elitize_generation_data,158,40,0.881,NA
160,79,scrabble-score,lexicase,FALSE,20,elitize_generation_data,159,37,0.872,NA
161,79,scrabble-score,lexicase,FALSE,20,elitize_generation_data,160,43,0.864,NA
162,79,scrabble-score,lexicase,FALSE,20,elitize_generation_data,161,42,0.885,NA
163,79,scrabble-score,lexicase,FALSE,20,elitize_generation_data,162,38,0.863,NA
164,79,scrabble-score,lexicase,FALSE,20,elitize_generation_data,163,42,0.855,NA
165,79,scrabble-score,lexicase,FALSE,20,elitize_generation_data,164,39,0.859,NA
166,79,scrabble-score,lexicase,FALSE,20,elitize_generation_data,165,39,0.869,NA
167,79,scrabble-score,lexicase,FALSE,20,elitize_generation_data,166,46,0.876,NA
168,79,scrabble-score,lexicase,FALSE,20,elitize_generation_data,167,44,0.874,NA
169,79,scrabble-score,lexicase,FALSE,20,elitize_generation_data,168,49,0.858,NA
170,79,scrabble-score,lexicase,FALSE,20,elitize_generation_data,169,44,0.867,NA
171,79,scrabble-score,lexicase,FALSE,20,elitize_generation_data,170,38,0.883,NA
172,79,scrabble-score,lexicase,FALSE,20,elitize_generation_data,171,41,0.863,NA
173,79,scrabble-score,lexicase,FALSE,20,elitize_generation_data,172,50,0.865,NA
174,79,scrabble-score,lexicase,FALSE,20,elitize_generation_data,173,50,0.858,NA
175,79,scrabble-score,lexicase,FALSE,20,elitize_generation_data,174,40,0.871,NA
176,79,scrabble-score,lexicase,FALSE,20,elitize_generation_data,175,43,0.864,NA
177,79,scrabble-score,lexicase,FALSE,20,elitize_generation_data,176,48,0.891,NA
178,79,scrabble-score,lexicase,FALSE,20,elitize_generation_data,177,43,0.848,NA
179,79,scrabble-score,lexicase,FALSE,20,elitize_generation_data,178,46,0.86,NA
180,79,scrabble-score,lexicase,FALSE,20,elitize_generation_data,179,48,0.867,NA
181,79,scrabble-score,lexicase,FALSE,20,elitize_generation_data,180,52,0.865,NA
182,79,scrabble-score,lexicase,FALSE,20,elitize_generation_data,181,52,0.868,NA
183,79,scrabble-score,lexicase,FALSE,20,elitize_generation_data,182,57,0.853,NA
184,79,scrabble-score,lexicase,FALSE,20,elitize_generation_data,183,51,0.857,NA
185,79,scrabble-score,lexicase,FALSE,20,elitize_generation_data,184,51,0.855,NA
186,79,scrabble-score,lexicase,FALSE,20,elitize_generation_data,185,59,0.85,NA
187,79,scrabble-score,lexicase,FALSE,20,elitize_generation_data,186,54,0.85,NA
188,79,scrabble-score,lexicase,FALSE,20,elitize_generation_data,187,52,0.857,NA
189,79,scrabble-score,lexicase,FALSE,20,elitize_generation_data,188,47,0.825,NA
190,79,scrabble-score,lexicase,FALSE,20,elitize_generation_data,189,46,0.83,NA
191,79,scrabble-score,lexicase,FALSE,20,elitize_generation_data,190,50,0.832,NA
192,79,scrabble-score,lexicase,FALSE,20,elitize_generation_data,191,47,0.846,NA
193,79,scrabble-score,lexicase,FALSE,20,elitize_generation_data,192,51,0.843,NA
194,79,scrabble-score,lexicase,FALSE,20,elitize_generation_data,193,49,0.823,NA
195,79,scrabble-score,lexicase,FALSE,20,elitize_generation_data,194,55,0.83,NA
196,79,scrabble-score,lexicase,FALSE,20,elitize_generation_data,195,60,0.828,NA
197,79,scrabble-score,lexicase,FALSE,20,elitize_generation_data,196,49,0.84,NA
198,79,scrabble-score,lexicase,FALSE,20,elitize_generation_data,197,62,0.831,NA
199,79,scrabble-score,lexicase,FALSE,20,elitize_generation_data,198,55,0.846,NA
200,79,scrabble-score,lexicase,FALSE,20,elitize_generation_data,199,62,0.834,NA
201,79,scrabble-score,lexicase,FALSE,20,elitize_generation_data,200,60,0.834,NA
202,79,scrabble-score,lexicase,FALSE,20,elitize_generation_data,201,62,0.827,NA
203,79,scrabble-score,lexicase,FALSE,20,elitize_generation_data,202,63,0.814,NA
204,79,scrabble-score,lexicase,FALSE,20,elitize_generation_data,203,58,0.825,NA
205,79,scrabble-score,lexicase,FALSE,20,elitize_generation_data,204,56,0.81,NA
206,79,scrabble-score,lexicase,FALSE,20,elitize_generation_data,205,66,0.828,NA
207,79,scrabble-score,lexicase,FALSE,20,elitize_generation_data,206,64,0.822,NA
208,79,scrabble-score,lexicase,FALSE,20,elitize_generation_data,207,65,0.816,NA
209,79,scrabble-score,lexicase,FALSE,20,elitize_generation_data,208,73,0.825,NA
210,79,scrabble-score,lexicase,FALSE,20,elitize_generation_data,209,74,0.814,NA
211,79,scrabble-score,lexicase,FALSE,20,elitize_generation_data,210,69,0.817,NA
212,79,scrabble-score,lexicase,FALSE,20,elitize_generation_data,211,73,0.829,NA
213,79,scrabble-score,lexicase,FALSE,20,elitize_generation_data,212,66,0.824,NA
214,79,scrabble-score,lexicase,FALSE,20,elitize_generation_data,213,60,0.834,NA
215,79,scrabble-score,lexicase,FALSE,20,elitize_generation_data,214,65,0.807,NA
216,79,scrabble-score,lexicase,FALSE,20,elitize_generation_data,215,62,0.81,NA
217,79,scrabble-score,lexicase,FALSE,20,elitize_generation_data,216,63,0.829,NA
218,79,scrabble-score,lexicase,FALSE,20,elitize_generation_data,217,62,0.826,NA
219,79,scrabble-score,lexicase,FALSE,20,elitize_generation_data,218,64,0.802,NA
220,79,scrabble-score,lexicase,FALSE,20,elitize_generation_data,219,62,0.794,NA
221,79,scrabble-score,lexicase,FALSE,20,elitize_generation_data,220,69,0.798,NA
222,79,scrabble-score,lexicase,FALSE,20,elitize_generation_data,221,65,0.816,NA
223,79,scrabble-score,lexicase,FALSE,20,elitize_generation_data,222,70,0.79,NA
224,79,scrabble-score,lexicase,FALSE,20,elitize_generation_data,223,63,0.81,NA
225,79,scrabble-score,lexicase,FALSE,20,elitize_generation_data,224,62,0.781,NA
226,79,scrabble-score,lexicase,FALSE,20,elitize_generation_data,225,56,0.786,NA
227,79,scrabble-score,lexicase,FALSE,20,elitize_generation_data,226,68,0.806,NA
228,79,scrabble-score,lexicase,FALSE,20,elitize_generation_data,227,67,0.823,NA
229,79,scrabble-score,lexicase,FALSE,20,elitize_generation_data,228,61,0.821,NA
230,79,scrabble-score,lexicase,FALSE,20,elitize_generation_data,229,64,0.805,NA
231,79,scrabble-score,lexicase,FALSE,20,elitize_generation_data,230,71,0.805,NA
232,79,scrabble-score,lexicase,FALSE,20,elitize_generation_data,231,68,0.818,NA
233,79,scrabble-score,lexicase,FALSE,20,elitize_generation_data,232,68,0.795,NA
234,79,scrabble-score,lexicase,FALSE,20,elitize_generation_data,233,61,0.804,NA
235,79,scrabble-score,lexicase,FALSE,20,elitize_generation_data,234,69,0.792,NA
236,79,scrabble-score,lexicase,FALSE,20,elitize_generation_data,235,67,0.806,NA
237,79,scrabble-score,lexicase,FALSE,20,elitize_generation_data,236,68,0.795,NA
238,79,scrabble-score,lexicase,FALSE,20,elitize_generation_data,237,66,0.805,NA
239,79,scrabble-score,lexicase,FALSE,20,elitize_generation_data,238,69,0.815,NA
240,79,scrabble-score,lexicase,FALSE,20,elitize_generation_data,239,76,0.818,NA
241,79,scrabble-score,lexicase,FALSE,20,elitize_generation_data,240,80,0.8,NA
242,79,scrabble-score,lexicase,FALSE,20,elitize_generation_data,241,76,0.811,NA
243,79,scrabble-score,lexicase,FALSE,20,elitize_generation_data,242,66,0.792,NA
244,79,scrabble-score,lexicase,FALSE,20,elitize_generation_data,243,72,0.818,NA
245,79,scrabble-score,lexicase,FALSE,20,elitize_generation_data,244,74,0.801,NA
246,79,scrabble-score,lexicase,FALSE,20,elitize_generation_data,245,81,0.805,NA
247,79,scrabble-score,lexicase,FALSE,20,elitize_generation_data,246,75,0.768,NA
248,79,scrabble-score,lexicase,FALSE,20,elitize_generation_data,247,74,0.76,NA
249,79,scrabble-score,lexicase,FALSE,20,elitize_generation_data,248,72,0.788,NA
250,79,scrabble-score,lexicase,FALSE,20,elitize_generation_data,249,72,0.792,NA
251,79,scrabble-score,lexicase,FALSE,20,elitize_generation_data,250,72,0.774,NA
252,79,scrabble-score,lexicase,FALSE,20,elitize_generation_data,251,80,0.792,NA
253,79,scrabble-score,lexicase,FALSE,20,elitize_generation_data,252,82,0.784,NA
254,79,scrabble-score,lexicase,FALSE,20,elitize_generation_data,253,71,0.809,NA
255,79,scrabble-score,lexicase,FALSE,20,elitize_generation_data,254,83,0.802,NA
256,79,scrabble-score,lexicase,FALSE,20,elitize_generation_data,255,81,0.787,NA
257,79,scrabble-score,lexicase,FALSE,20,elitize_generation_data,256,86,0.783,NA
258,79,scrabble-score,lexicase,FALSE,20,elitize_generation_data,257,82,0.785,NA
259,79,scrabble-score,lexicase,FALSE,20,elitize_generation_data,258,79,0.8,NA
260,79,scrabble-score,lexicase,FALSE,20,elitize_generation_data,259,66,0.797,NA
261,79,scrabble-score,lexicase,FALSE,20,elitize_generation_data,260,69,0.785,NA
262,79,scrabble-score,lexicase,FALSE,20,elitize_generation_data,261,73,0.806,NA
263,79,scrabble-score,lexicase,FALSE,20,elitize_generation_data,262,66,0.796,NA
264,79,scrabble-score,lexicase,FALSE,20,elitize_generation_data,263,72,0.798,NA
265,79,scrabble-score,lexicase,FALSE,20,elitize_generation_data,264,79,0.814,NA
266,79,scrabble-score,lexicase,FALSE,20,elitize_generation_data,265,79,0.802,NA
267,79,scrabble-score,lexicase,FALSE,20,elitize_generation_data,266,71,0.818,NA
268,79,scrabble-score,lexicase,FALSE,20,elitize_generation_data,267,69,0.786,NA
269,79,scrabble-score,lexicase,FALSE,20,elitize_generation_data,268,77,0.779,NA
270,79,scrabble-score,lexicase,FALSE,20,elitize_generation_data,269,68,0.785,NA
271,79,scrabble-score,lexicase,FALSE,20,elitize_generation_data,270,72,0.817,NA
272,79,scrabble-score,lexicase,FALSE,20,elitize_generation_data,271,68,0.779,NA
273,79,scrabble-score,lexicase,FALSE,20,elitize_generation_data,272,83,0.798,NA
274,79,scrabble-score,lexicase,FALSE,20,elitize_generation_data,273,89,0.779,NA
275,79,scrabble-score,lexicase,FALSE,20,elitize_generation_data,274,83,0.788,NA
276,79,scrabble-score,lexicase,FALSE,20,elitize_generation_data,275,82,0.796,NA
277,79,scrabble-score,lexicase,FALSE,20,elitize_generation_data,276,95,0.818,NA
278,79,scrabble-score,lexicase,FALSE,20,elitize_generation_data,277,75,0.805,NA
279,79,scrabble-score,lexicase,FALSE,20,elitize_generation_data,278,81,0.836,NA
280,79,scrabble-score,lexicase,FALSE,20,elitize_generation_data,279,82,0.813,NA
281,79,scrabble-score,lexicase,FALSE,20,elitize_generation_data,280,77,0.828,NA
282,79,scrabble-score,lexicase,FALSE,20,elitize_generation_data,281,77,0.805,NA
283,79,scrabble-score,lexicase,FALSE,20,elitize_generation_data,282,71,0.85,NA
284,79,scrabble-score,lexicase,FALSE,20,elitize_generation_data,283,68,0.82,NA
285,79,scrabble-score,lexicase,FALSE,20,elitize_generation_data,284,72,0.829,NA
286,79,scrabble-score,lexicase,FALSE,20,elitize_generation_data,285,60,0.82,NA
287,79,scrabble-score,lexicase,FALSE,20,elitize_generation_data,286,65,0.808,NA
288,79,scrabble-score,lexicase,FALSE,20,elitize_generation_data,287,62,0.822,NA
289,79,scrabble-score,lexicase,FALSE,20,elitize_generation_data,288,70,0.826,NA
290,79,scrabble-score,lexicase,FALSE,20,elitize_generation_data,289,74,0.84,NA
291,79,scrabble-score,lexicase,FALSE,20,elitize_generation_data,290,65,0.814,NA
292,79,scrabble-score,lexicase,FALSE,20,elitize_generation_data,291,62,0.842,NA
293,79,scrabble-score,lexicase,FALSE,20,elitize_generation_data,292,60,0.833,NA
294,79,scrabble-score,lexicase,FALSE,20,elitize_generation_data,293,76,0.84,NA
295,79,scrabble-score,lexicase,FALSE,20,elitize_generation_data,294,77,0.829,NA
296,79,scrabble-score,lexicase,FALSE,20,elitize_generation_data,295,79,0.854,NA
297,79,scrabble-score,lexicase,FALSE,20,elitize_generation_data,296,72,0.823,NA
298,79,scrabble-score,lexicase,FALSE,20,elitize_generation_data,297,61,0.838,NA
299,79,scrabble-score,lexicase,FALSE,20,elitize_generation_data,298,71,0.835,NA
300,79,scrabble-score,lexicase,FALSE,20,elitize_generation_data,299,76,0.858,NA
301,79,scrabble-score,lexicase,FALSE,20,elitize_generation_data,300,82,0.857,NA
