,run.num,problem,treatment,succeeded,height,normalization.function,generation,cluster.count,error.diversity,success.generation
1,31,scrabble-score,lexicase,FALSE,20,elitize_generation_data,0,4,0.091,NA
2,31,scrabble-score,lexicase,FALSE,20,elitize_generation_data,1,5,0.149,NA
3,31,scrabble-score,lexicase,FALSE,20,elitize_generation_data,2,1,0.255,NA
4,31,scrabble-score,lexicase,FALSE,20,elitize_generation_data,3,1,0.346,NA
5,31,scrabble-score,lexicase,FALSE,20,elitize_generation_data,4,2,0.512,NA
6,31,scrabble-score,lexicase,FALSE,20,elitize_generation_data,5,2,0.612,NA
7,31,scrabble-score,lexicase,FALSE,20,elitize_generation_data,6,2,0.694,NA
8,31,scrabble-score,lexicase,FALSE,20,elitize_generation_data,7,2,0.733,NA
9,31,scrabble-score,lexicase,FALSE,20,elitize_generation_data,8,2,0.744,NA
10,31,scrabble-score,lexicase,FALSE,20,elitize_generation_data,9,3,0.802,NA
11,31,scrabble-score,lexicase,FALSE,20,elitize_generation_data,10,5,0.834,NA
12,31,scrabble-score,lexicase,FALSE,20,elitize_generation_data,11,6,0.823,NA
13,31,scrabble-score,lexicase,FALSE,20,elitize_generation_data,12,4,0.858,NA
14,31,scrabble-score,lexicase,FALSE,20,elitize_generation_data,13,3,0.854,NA
15,31,scrabble-score,lexicase,FALSE,20,elitize_generation_data,14,5,0.866,NA
16,31,scrabble-score,lexicase,FALSE,20,elitize_generation_data,15,8,0.866,NA
17,31,scrabble-score,lexicase,FALSE,20,elitize_generation_data,16,10,0.872,NA
18,31,scrabble-score,lexicase,FALSE,20,elitize_generation_data,17,7,0.858,NA
19,31,scrabble-score,lexicase,FALSE,20,elitize_generation_data,18,6,0.868,NA
20,31,scrabble-score,lexicase,FALSE,20,elitize_generation_data,19,8,0.885,NA
21,31,scrabble-score,lexicase,FALSE,20,elitize_generation_data,20,9,0.908,NA
22,31,scrabble-score,lexicase,FALSE,20,elitize_generation_data,21,6,0.882,NA
23,31,scrabble-score,lexicase,FALSE,20,elitize_generation_data,22,8,0.884,NA
24,31,scrabble-score,lexicase,FALSE,20,elitize_generation_data,23,6,0.892,NA
25,31,scrabble-score,lexicase,FALSE,20,elitize_generation_data,24,7,0.887,NA
26,31,scrabble-score,lexicase,FALSE,20,elitize_generation_data,25,9,0.882,NA
27,31,scrabble-score,lexicase,FALSE,20,elitize_generation_data,26,9,0.894,NA
28,31,scrabble-score,lexicase,FALSE,20,elitize_generation_data,27,3,0.876,NA
29,31,scrabble-score,lexicase,FALSE,20,elitize_generation_data,28,5,0.855,NA
30,31,scrabble-score,lexicase,FALSE,20,elitize_generation_data,29,7,0.905,NA
31,31,scrabble-score,lexicase,FALSE,20,elitize_generation_data,30,7,0.882,NA
32,31,scrabble-score,lexicase,FALSE,20,elitize_generation_data,31,7,0.872,NA
33,31,scrabble-score,lexicase,FALSE,20,elitize_generation_data,32,7,0.886,NA
34,31,scrabble-score,lexicase,FALSE,20,elitize_generation_data,33,6,0.883,NA
35,31,scrabble-score,lexicase,FALSE,20,elitize_generation_data,34,9,0.909,NA
36,31,scrabble-score,lexicase,FALSE,20,elitize_generation_data,35,6,0.886,NA
37,31,scrabble-score,lexicase,FALSE,20,elitize_generation_data,36,8,0.917,NA
38,31,scrabble-score,lexicase,FALSE,20,elitize_generation_data,37,8,0.89,NA
39,31,scrabble-score,lexicase,FALSE,20,elitize_generation_data,38,11,0.911,NA
40,31,scrabble-score,lexicase,FALSE,20,elitize_generation_data,39,11,0.91,NA
41,31,scrabble-score,lexicase,FALSE,20,elitize_generation_data,40,15,0.934,NA
42,31,scrabble-score,lexicase,FALSE,20,elitize_generation_data,41,9,0.923,NA
43,31,scrabble-score,lexicase,FALSE,20,elitize_generation_data,42,12,0.897,NA
44,31,scrabble-score,lexicase,FALSE,20,elitize_generation_data,43,10,0.908,NA
45,31,scrabble-score,lexicase,FALSE,20,elitize_generation_data,44,12,0.91,NA
46,31,scrabble-score,lexicase,FALSE,20,elitize_generation_data,45,10,0.906,NA
47,31,scrabble-score,lexicase,FALSE,20,elitize_generation_data,46,13,0.904,NA
48,31,scrabble-score,lexicase,FALSE,20,elitize_generation_data,47,10,0.884,NA
49,31,scrabble-score,lexicase,FALSE,20,elitize_generation_data,48,12,0.911,NA
50,31,scrabble-score,lexicase,FALSE,20,elitize_generation_data,49,7,0.907,NA
51,31,scrabble-score,lexicase,FALSE,20,elitize_generation_data,50,8,0.917,NA
52,31,scrabble-score,lexicase,FALSE,20,elitize_generation_data,51,12,0.897,NA
53,31,scrabble-score,lexicase,FALSE,20,elitize_generation_data,52,11,0.91,NA
54,31,scrabble-score,lexicase,FALSE,20,elitize_generation_data,53,9,0.907,NA
55,31,scrabble-score,lexicase,FALSE,20,elitize_generation_data,54,13,0.905,NA
56,31,scrabble-score,lexicase,FALSE,20,elitize_generation_data,55,16,0.899,NA
57,31,scrabble-score,lexicase,FALSE,20,elitize_generation_data,56,16,0.907,NA
58,31,scrabble-score,lexicase,FALSE,20,elitize_generation_data,57,15,0.89,NA
59,31,scrabble-score,lexicase,FALSE,20,elitize_generation_data,58,15,0.902,NA
60,31,scrabble-score,lexicase,FALSE,20,elitize_generation_data,59,11,0.895,NA
61,31,scrabble-score,lexicase,FALSE,20,elitize_generation_data,60,14,0.902,NA
62,31,scrabble-score,lexicase,FALSE,20,elitize_generation_data,61,13,0.909,NA
63,31,scrabble-score,lexicase,FALSE,20,elitize_generation_data,62,17,0.909,NA
64,31,scrabble-score,lexicase,FALSE,20,elitize_generation_data,63,12,0.903,NA
65,31,scrabble-score,lexicase,FALSE,20,elitize_generation_data,64,18,0.894,NA
66,31,scrabble-score,lexicase,FALSE,20,elitize_generation_data,65,17,0.91,NA
67,31,scrabble-score,lexicase,FALSE,20,elitize_generation_data,66,14,0.925,NA
68,31,scrabble-score,lexicase,FALSE,20,elitize_generation_data,67,17,0.917,NA
69,31,scrabble-score,lexicase,FALSE,20,elitize_generation_data,68,10,0.907,NA
70,31,scrabble-score,lexicase,FALSE,20,elitize_generation_data,69,14,0.915,NA
71,31,scrabble-score,lexicase,FALSE,20,elitize_generation_data,70,13,0.91,NA
72,31,scrabble-score,lexicase,FALSE,20,elitize_generation_data,71,24,0.906,NA
73,31,scrabble-score,lexicase,FALSE,20,elitize_generation_data,72,19,0.904,NA
74,31,scrabble-score,lexicase,FALSE,20,elitize_generation_data,73,21,0.909,NA
75,31,scrabble-score,lexicase,FALSE,20,elitize_generation_data,74,22,0.921,NA
76,31,scrabble-score,lexicase,FALSE,20,elitize_generation_data,75,18,0.907,NA
77,31,scrabble-score,lexicase,FALSE,20,elitize_generation_data,76,18,0.892,NA
78,31,scrabble-score,lexicase,FALSE,20,elitize_generation_data,77,22,0.906,NA
79,31,scrabble-score,lexicase,FALSE,20,elitize_generation_data,78,22,0.906,NA
80,31,scrabble-score,lexicase,FALSE,20,elitize_generation_data,79,14,0.903,NA
81,31,scrabble-score,lexicase,FALSE,20,elitize_generation_data,80,17,0.907,NA
82,31,scrabble-score,lexicase,FALSE,20,elitize_generation_data,81,17,0.924,NA
83,31,scrabble-score,lexicase,FALSE,20,elitize_generation_data,82,21,0.91,NA
84,31,scrabble-score,lexicase,FALSE,20,elitize_generation_data,83,20,0.902,NA
85,31,scrabble-score,lexicase,FALSE,20,elitize_generation_data,84,19,0.913,NA
86,31,scrabble-score,lexicase,FALSE,20,elitize_generation_data,85,17,0.904,NA
87,31,scrabble-score,lexicase,FALSE,20,elitize_generation_data,86,15,0.926,NA
88,31,scrabble-score,lexicase,FALSE,20,elitize_generation_data,87,17,0.91,NA
89,31,scrabble-score,lexicase,FALSE,20,elitize_generation_data,88,12,0.902,NA
90,31,scrabble-score,lexicase,FALSE,20,elitize_generation_data,89,15,0.918,NA
91,31,scrabble-score,lexicase,FALSE,20,elitize_generation_data,90,19,0.912,NA
92,31,scrabble-score,lexicase,FALSE,20,elitize_generation_data,91,20,0.92,NA
93,31,scrabble-score,lexicase,FALSE,20,elitize_generation_data,92,21,0.895,NA
94,31,scrabble-score,lexicase,FALSE,20,elitize_generation_data,93,21,0.922,NA
95,31,scrabble-score,lexicase,FALSE,20,elitize_generation_data,94,23,0.911,NA
96,31,scrabble-score,lexicase,FALSE,20,elitize_generation_data,95,22,0.927,NA
97,31,scrabble-score,lexicase,FALSE,20,elitize_generation_data,96,18,0.895,NA
98,31,scrabble-score,lexicase,FALSE,20,elitize_generation_data,97,11,0.907,NA
99,31,scrabble-score,lexicase,FALSE,20,elitize_generation_data,98,19,0.895,NA
100,31,scrabble-score,lexicase,FALSE,20,elitize_generation_data,99,19,0.903,NA
101,31,scrabble-score,lexicase,FALSE,20,elitize_generation_data,100,18,0.902,NA
102,31,scrabble-score,lexicase,FALSE,20,elitize_generation_data,101,22,0.908,NA
103,31,scrabble-score,lexicase,FALSE,20,elitize_generation_data,102,19,0.903,NA
104,31,scrabble-score,lexicase,FALSE,20,elitize_generation_data,103,16,0.907,NA
105,31,scrabble-score,lexicase,FALSE,20,elitize_generation_data,104,18,0.908,NA
106,31,scrabble-score,lexicase,FALSE,20,elitize_generation_data,105,22,0.889,NA
107,31,scrabble-score,lexicase,FALSE,20,elitize_generation_data,106,18,0.895,NA
108,31,scrabble-score,lexicase,FALSE,20,elitize_generation_data,107,17,0.89,NA
109,31,scrabble-score,lexicase,FALSE,20,elitize_generation_data,108,15,0.892,NA
110,31,scrabble-score,lexicase,FALSE,20,elitize_generation_data,109,24,0.901,NA
111,31,scrabble-score,lexicase,FALSE,20,elitize_generation_data,110,27,0.906,NA
112,31,scrabble-score,lexicase,FALSE,20,elitize_generation_data,111,26,0.898,NA
113,31,scrabble-score,lexicase,FALSE,20,elitize_generation_data,112,22,0.912,NA
114,31,scrabble-score,lexicase,FALSE,20,elitize_generation_data,113,28,0.895,NA
115,31,scrabble-score,lexicase,FALSE,20,elitize_generation_data,114,30,0.89,NA
116,31,scrabble-score,lexicase,FALSE,20,elitize_generation_data,115,29,0.907,NA
117,31,scrabble-score,lexicase,FALSE,20,elitize_generation_data,116,22,0.884,NA
118,31,scrabble-score,lexicase,FALSE,20,elitize_generation_data,117,29,0.873,NA
119,31,scrabble-score,lexicase,FALSE,20,elitize_generation_data,118,22,0.868,NA
120,31,scrabble-score,lexicase,FALSE,20,elitize_generation_data,119,24,0.898,NA
121,31,scrabble-score,lexicase,FALSE,20,elitize_generation_data,120,27,0.881,NA
122,31,scrabble-score,lexicase,FALSE,20,elitize_generation_data,121,29,0.882,NA
123,31,scrabble-score,lexicase,FALSE,20,elitize_generation_data,122,26,0.898,NA
124,31,scrabble-score,lexicase,FALSE,20,elitize_generation_data,123,24,0.869,NA
125,31,scrabble-score,lexicase,FALSE,20,elitize_generation_data,124,26,0.888,NA
126,31,scrabble-score,lexicase,FALSE,20,elitize_generation_data,125,25,0.897,NA
127,31,scrabble-score,lexicase,FALSE,20,elitize_generation_data,126,29,0.89,NA
128,31,scrabble-score,lexicase,FALSE,20,elitize_generation_data,127,31,0.868,NA
129,31,scrabble-score,lexicase,FALSE,20,elitize_generation_data,128,30,0.896,NA
130,31,scrabble-score,lexicase,FALSE,20,elitize_generation_data,129,31,0.908,NA
131,31,scrabble-score,lexicase,FALSE,20,elitize_generation_data,130,38,0.885,NA
132,31,scrabble-score,lexicase,FALSE,20,elitize_generation_data,131,35,0.905,NA
133,31,scrabble-score,lexicase,FALSE,20,elitize_generation_data,132,37,0.909,NA
134,31,scrabble-score,lexicase,FALSE,20,elitize_generation_data,133,41,0.918,NA
135,31,scrabble-score,lexicase,FALSE,20,elitize_generation_data,134,47,0.902,NA
136,31,scrabble-score,lexicase,FALSE,20,elitize_generation_data,135,30,0.919,NA
137,31,scrabble-score,lexicase,FALSE,20,elitize_generation_data,136,42,0.896,NA
138,31,scrabble-score,lexicase,FALSE,20,elitize_generation_data,137,43,0.912,NA
139,31,scrabble-score,lexicase,FALSE,20,elitize_generation_data,138,38,0.919,NA
140,31,scrabble-score,lexicase,FALSE,20,elitize_generation_data,139,33,0.895,NA
141,31,scrabble-score,lexicase,FALSE,20,elitize_generation_data,140,30,0.905,NA
142,31,scrabble-score,lexicase,FALSE,20,elitize_generation_data,141,35,0.924,NA
143,31,scrabble-score,lexicase,FALSE,20,elitize_generation_data,142,49,0.899,NA
144,31,scrabble-score,lexicase,FALSE,20,elitize_generation_data,143,41,0.909,NA
145,31,scrabble-score,lexicase,FALSE,20,elitize_generation_data,144,34,0.896,NA
146,31,scrabble-score,lexicase,FALSE,20,elitize_generation_data,145,47,0.916,NA
147,31,scrabble-score,lexicase,FALSE,20,elitize_generation_data,146,36,0.898,NA
148,31,scrabble-score,lexicase,FALSE,20,elitize_generation_data,147,40,0.89,NA
149,31,scrabble-score,lexicase,FALSE,20,elitize_generation_data,148,44,0.91,NA
150,31,scrabble-score,lexicase,FALSE,20,elitize_generation_data,149,41,0.893,NA
151,31,scrabble-score,lexicase,FALSE,20,elitize_generation_data,150,48,0.91,NA
152,31,scrabble-score,lexicase,FALSE,20,elitize_generation_data,151,45,0.891,NA
153,31,scrabble-score,lexicase,FALSE,20,elitize_generation_data,152,52,0.915,NA
154,31,scrabble-score,lexicase,FALSE,20,elitize_generation_data,153,52,0.903,NA
155,31,scrabble-score,lexicase,FALSE,20,elitize_generation_data,154,45,0.895,NA
156,31,scrabble-score,lexicase,FALSE,20,elitize_generation_data,155,51,0.888,NA
157,31,scrabble-score,lexicase,FALSE,20,elitize_generation_data,156,41,0.89,NA
158,31,scrabble-score,lexicase,FALSE,20,elitize_generation_data,157,40,0.886,NA
159,31,scrabble-score,lexicase,FALSE,20,elitize_generation_data,158,47,0.895,NA
160,31,scrabble-score,lexicase,FALSE,20,elitize_generation_data,159,40,0.884,NA
161,31,scrabble-score,lexicase,FALSE,20,elitize_generation_data,160,45,0.883,NA
162,31,scrabble-score,lexicase,FALSE,20,elitize_generation_data,161,42,0.884,NA
163,31,scrabble-score,lexicase,FALSE,20,elitize_generation_data,162,40,0.887,NA
164,31,scrabble-score,lexicase,FALSE,20,elitize_generation_data,163,47,0.898,NA
165,31,scrabble-score,lexicase,FALSE,20,elitize_generation_data,164,38,0.884,NA
166,31,scrabble-score,lexicase,FALSE,20,elitize_generation_data,165,49,0.896,NA
167,31,scrabble-score,lexicase,FALSE,20,elitize_generation_data,166,49,0.868,NA
168,31,scrabble-score,lexicase,FALSE,20,elitize_generation_data,167,42,0.889,NA
169,31,scrabble-score,lexicase,FALSE,20,elitize_generation_data,168,37,0.894,NA
170,31,scrabble-score,lexicase,FALSE,20,elitize_generation_data,169,35,0.884,NA
171,31,scrabble-score,lexicase,FALSE,20,elitize_generation_data,170,34,0.883,NA
172,31,scrabble-score,lexicase,FALSE,20,elitize_generation_data,171,40,0.851,NA
173,31,scrabble-score,lexicase,FALSE,20,elitize_generation_data,172,37,0.885,NA
174,31,scrabble-score,lexicase,FALSE,20,elitize_generation_data,173,45,0.853,NA
175,31,scrabble-score,lexicase,FALSE,20,elitize_generation_data,174,41,0.871,NA
176,31,scrabble-score,lexicase,FALSE,20,elitize_generation_data,175,42,0.875,NA
177,31,scrabble-score,lexicase,FALSE,20,elitize_generation_data,176,37,0.88,NA
178,31,scrabble-score,lexicase,FALSE,20,elitize_generation_data,177,35,0.862,NA
179,31,scrabble-score,lexicase,FALSE,20,elitize_generation_data,178,38,0.88,NA
180,31,scrabble-score,lexicase,FALSE,20,elitize_generation_data,179,37,0.879,NA
181,31,scrabble-score,lexicase,FALSE,20,elitize_generation_data,180,36,0.865,NA
182,31,scrabble-score,lexicase,FALSE,20,elitize_generation_data,181,47,0.859,NA
183,31,scrabble-score,lexicase,FALSE,20,elitize_generation_data,182,44,0.867,NA
184,31,scrabble-score,lexicase,FALSE,20,elitize_generation_data,183,44,0.876,NA
185,31,scrabble-score,lexicase,FALSE,20,elitize_generation_data,184,37,0.892,NA
186,31,scrabble-score,lexicase,FALSE,20,elitize_generation_data,185,35,0.9,NA
187,31,scrabble-score,lexicase,FALSE,20,elitize_generation_data,186,36,0.897,NA
188,31,scrabble-score,lexicase,FALSE,20,elitize_generation_data,187,33,0.892,NA
189,31,scrabble-score,lexicase,FALSE,20,elitize_generation_data,188,35,0.864,NA
190,31,scrabble-score,lexicase,FALSE,20,elitize_generation_data,189,38,0.874,NA
191,31,scrabble-score,lexicase,FALSE,20,elitize_generation_data,190,44,0.892,NA
192,31,scrabble-score,lexicase,FALSE,20,elitize_generation_data,191,46,0.89,NA
193,31,scrabble-score,lexicase,FALSE,20,elitize_generation_data,192,46,0.903,NA
194,31,scrabble-score,lexicase,FALSE,20,elitize_generation_data,193,37,0.894,NA
195,31,scrabble-score,lexicase,FALSE,20,elitize_generation_data,194,41,0.889,NA
196,31,scrabble-score,lexicase,FALSE,20,elitize_generation_data,195,40,0.894,NA
197,31,scrabble-score,lexicase,FALSE,20,elitize_generation_data,196,50,0.877,NA
198,31,scrabble-score,lexicase,FALSE,20,elitize_generation_data,197,39,0.885,NA
199,31,scrabble-score,lexicase,FALSE,20,elitize_generation_data,198,44,0.871,NA
200,31,scrabble-score,lexicase,FALSE,20,elitize_generation_data,199,44,0.901,NA
201,31,scrabble-score,lexicase,FALSE,20,elitize_generation_data,200,41,0.878,NA
202,31,scrabble-score,lexicase,FALSE,20,elitize_generation_data,201,41,0.886,NA
203,31,scrabble-score,lexicase,FALSE,20,elitize_generation_data,202,45,0.889,NA
204,31,scrabble-score,lexicase,FALSE,20,elitize_generation_data,203,46,0.875,NA
205,31,scrabble-score,lexicase,FALSE,20,elitize_generation_data,204,48,0.887,NA
206,31,scrabble-score,lexicase,FALSE,20,elitize_generation_data,205,51,0.862,NA
207,31,scrabble-score,lexicase,FALSE,20,elitize_generation_data,206,50,0.883,NA
208,31,scrabble-score,lexicase,FALSE,20,elitize_generation_data,207,41,0.878,NA
209,31,scrabble-score,lexicase,FALSE,20,elitize_generation_data,208,42,0.885,NA
210,31,scrabble-score,lexicase,FALSE,20,elitize_generation_data,209,47,0.9,NA
211,31,scrabble-score,lexicase,FALSE,20,elitize_generation_data,210,54,0.872,NA
212,31,scrabble-score,lexicase,FALSE,20,elitize_generation_data,211,50,0.89,NA
213,31,scrabble-score,lexicase,FALSE,20,elitize_generation_data,212,41,0.891,NA
214,31,scrabble-score,lexicase,FALSE,20,elitize_generation_data,213,51,0.883,NA
215,31,scrabble-score,lexicase,FALSE,20,elitize_generation_data,214,41,0.88,NA
216,31,scrabble-score,lexicase,FALSE,20,elitize_generation_data,215,40,0.864,NA
217,31,scrabble-score,lexicase,FALSE,20,elitize_generation_data,216,38,0.88,NA
218,31,scrabble-score,lexicase,FALSE,20,elitize_generation_data,217,48,0.875,NA
219,31,scrabble-score,lexicase,FALSE,20,elitize_generation_data,218,43,0.87,NA
220,31,scrabble-score,lexicase,FALSE,20,elitize_generation_data,219,45,0.89,NA
221,31,scrabble-score,lexicase,FALSE,20,elitize_generation_data,220,51,0.868,NA
222,31,scrabble-score,lexicase,FALSE,20,elitize_generation_data,221,43,0.866,NA
223,31,scrabble-score,lexicase,FALSE,20,elitize_generation_data,222,40,0.89,NA
224,31,scrabble-score,lexicase,FALSE,20,elitize_generation_data,223,53,0.878,NA
225,31,scrabble-score,lexicase,FALSE,20,elitize_generation_data,224,48,0.862,NA
226,31,scrabble-score,lexicase,FALSE,20,elitize_generation_data,225,46,0.876,NA
227,31,scrabble-score,lexicase,FALSE,20,elitize_generation_data,226,51,0.902,NA
228,31,scrabble-score,lexicase,FALSE,20,elitize_generation_data,227,38,0.893,NA
229,31,scrabble-score,lexicase,FALSE,20,elitize_generation_data,228,48,0.857,NA
230,31,scrabble-score,lexicase,FALSE,20,elitize_generation_data,229,54,0.879,NA
231,31,scrabble-score,lexicase,FALSE,20,elitize_generation_data,230,57,0.883,NA
232,31,scrabble-score,lexicase,FALSE,20,elitize_generation_data,231,47,0.87,NA
233,31,scrabble-score,lexicase,FALSE,20,elitize_generation_data,232,50,0.889,NA
234,31,scrabble-score,lexicase,FALSE,20,elitize_generation_data,233,52,0.866,NA
235,31,scrabble-score,lexicase,FALSE,20,elitize_generation_data,234,52,0.876,NA
236,31,scrabble-score,lexicase,FALSE,20,elitize_generation_data,235,50,0.866,NA
237,31,scrabble-score,lexicase,FALSE,20,elitize_generation_data,236,46,0.872,NA
238,31,scrabble-score,lexicase,FALSE,20,elitize_generation_data,237,54,0.874,NA
239,31,scrabble-score,lexicase,FALSE,20,elitize_generation_data,238,54,0.894,NA
240,31,scrabble-score,lexicase,FALSE,20,elitize_generation_data,239,61,0.881,NA
241,31,scrabble-score,lexicase,FALSE,20,elitize_generation_data,240,61,0.886,NA
242,31,scrabble-score,lexicase,FALSE,20,elitize_generation_data,241,59,0.898,NA
243,31,scrabble-score,lexicase,FALSE,20,elitize_generation_data,242,59,0.901,NA
244,31,scrabble-score,lexicase,FALSE,20,elitize_generation_data,243,46,0.884,NA
245,31,scrabble-score,lexicase,FALSE,20,elitize_generation_data,244,46,0.872,NA
246,31,scrabble-score,lexicase,FALSE,20,elitize_generation_data,245,46,0.862,NA
247,31,scrabble-score,lexicase,FALSE,20,elitize_generation_data,246,42,0.879,NA
248,31,scrabble-score,lexicase,FALSE,20,elitize_generation_data,247,48,0.865,NA
249,31,scrabble-score,lexicase,FALSE,20,elitize_generation_data,248,55,0.876,NA
250,31,scrabble-score,lexicase,FALSE,20,elitize_generation_data,249,57,0.869,NA
251,31,scrabble-score,lexicase,FALSE,20,elitize_generation_data,250,56,0.862,NA
252,31,scrabble-score,lexicase,FALSE,20,elitize_generation_data,251,51,0.864,NA
253,31,scrabble-score,lexicase,FALSE,20,elitize_generation_data,252,55,0.886,NA
254,31,scrabble-score,lexicase,FALSE,20,elitize_generation_data,253,63,0.891,NA
255,31,scrabble-score,lexicase,FALSE,20,elitize_generation_data,254,58,0.885,NA
256,31,scrabble-score,lexicase,FALSE,20,elitize_generation_data,255,57,0.897,NA
257,31,scrabble-score,lexicase,FALSE,20,elitize_generation_data,256,68,0.877,NA
258,31,scrabble-score,lexicase,FALSE,20,elitize_generation_data,257,58,0.884,NA
259,31,scrabble-score,lexicase,FALSE,20,elitize_generation_data,258,59,0.865,NA
260,31,scrabble-score,lexicase,FALSE,20,elitize_generation_data,259,72,0.894,NA
261,31,scrabble-score,lexicase,FALSE,20,elitize_generation_data,260,53,0.862,NA
262,31,scrabble-score,lexicase,FALSE,20,elitize_generation_data,261,59,0.865,NA
263,31,scrabble-score,lexicase,FALSE,20,elitize_generation_data,262,61,0.875,NA
264,31,scrabble-score,lexicase,FALSE,20,elitize_generation_data,263,54,0.868,NA
265,31,scrabble-score,lexicase,FALSE,20,elitize_generation_data,264,60,0.876,NA
266,31,scrabble-score,lexicase,FALSE,20,elitize_generation_data,265,51,0.873,NA
267,31,scrabble-score,lexicase,FALSE,20,elitize_generation_data,266,49,0.86,NA
268,31,scrabble-score,lexicase,FALSE,20,elitize_generation_data,267,52,0.861,NA
269,31,scrabble-score,lexicase,FALSE,20,elitize_generation_data,268,52,0.86,NA
270,31,scrabble-score,lexicase,FALSE,20,elitize_generation_data,269,50,0.872,NA
271,31,scrabble-score,lexicase,FALSE,20,elitize_generation_data,270,53,0.871,NA
272,31,scrabble-score,lexicase,FALSE,20,elitize_generation_data,271,57,0.87,NA
273,31,scrabble-score,lexicase,FALSE,20,elitize_generation_data,272,46,0.862,NA
274,31,scrabble-score,lexicase,FALSE,20,elitize_generation_data,273,47,0.854,NA
275,31,scrabble-score,lexicase,FALSE,20,elitize_generation_data,274,55,0.833,NA
276,31,scrabble-score,lexicase,FALSE,20,elitize_generation_data,275,53,0.821,NA
277,31,scrabble-score,lexicase,FALSE,20,elitize_generation_data,276,53,0.844,NA
278,31,scrabble-score,lexicase,FALSE,20,elitize_generation_data,277,53,0.83,NA
279,31,scrabble-score,lexicase,FALSE,20,elitize_generation_data,278,51,0.826,NA
280,31,scrabble-score,lexicase,FALSE,20,elitize_generation_data,279,56,0.854,NA
281,31,scrabble-score,lexicase,FALSE,20,elitize_generation_data,280,54,0.82,NA
282,31,scrabble-score,lexicase,FALSE,20,elitize_generation_data,281,45,0.823,NA
283,31,scrabble-score,lexicase,FALSE,20,elitize_generation_data,282,57,0.831,NA
284,31,scrabble-score,lexicase,FALSE,20,elitize_generation_data,283,59,0.858,NA
285,31,scrabble-score,lexicase,FALSE,20,elitize_generation_data,284,56,0.846,NA
286,31,scrabble-score,lexicase,FALSE,20,elitize_generation_data,285,64,0.845,NA
287,31,scrabble-score,lexicase,FALSE,20,elitize_generation_data,286,63,0.84,NA
288,31,scrabble-score,lexicase,FALSE,20,elitize_generation_data,287,51,0.831,NA
289,31,scrabble-score,lexicase,FALSE,20,elitize_generation_data,288,49,0.852,NA
290,31,scrabble-score,lexicase,FALSE,20,elitize_generation_data,289,51,0.833,NA
291,31,scrabble-score,lexicase,FALSE,20,elitize_generation_data,290,47,0.826,NA
292,31,scrabble-score,lexicase,FALSE,20,elitize_generation_data,291,51,0.843,NA
293,31,scrabble-score,lexicase,FALSE,20,elitize_generation_data,292,51,0.817,NA
294,31,scrabble-score,lexicase,FALSE,20,elitize_generation_data,293,53,0.843,NA
295,31,scrabble-score,lexicase,FALSE,20,elitize_generation_data,294,57,0.838,NA
296,31,scrabble-score,lexicase,FALSE,20,elitize_generation_data,295,54,0.837,NA
297,31,scrabble-score,lexicase,FALSE,20,elitize_generation_data,296,58,0.841,NA
298,31,scrabble-score,lexicase,FALSE,20,elitize_generation_data,297,46,0.849,NA
299,31,scrabble-score,lexicase,FALSE,20,elitize_generation_data,298,57,0.863,NA
300,31,scrabble-score,lexicase,FALSE,20,elitize_generation_data,299,51,0.842,NA
301,31,scrabble-score,lexicase,FALSE,20,elitize_generation_data,300,55,0.827,NA
