,run.num,problem,treatment,succeeded,height,normalization.function,generation,cluster.count,error.diversity,success.generation
1,25,scrabble-score,lexicase,FALSE,20,elitize_generation_data,0,6,0.115,NA
2,25,scrabble-score,lexicase,FALSE,20,elitize_generation_data,1,2,0.144,NA
3,25,scrabble-score,lexicase,FALSE,20,elitize_generation_data,2,2,0.188,NA
4,25,scrabble-score,lexicase,FALSE,20,elitize_generation_data,3,2,0.228,NA
5,25,scrabble-score,lexicase,FALSE,20,elitize_generation_data,4,2,0.296,NA
6,25,scrabble-score,lexicase,FALSE,20,elitize_generation_data,5,3,0.386,NA
7,25,scrabble-score,lexicase,FALSE,20,elitize_generation_data,6,3,0.525,NA
8,25,scrabble-score,lexicase,FALSE,20,elitize_generation_data,7,4,0.687,NA
9,25,scrabble-score,lexicase,FALSE,20,elitize_generation_data,8,3,0.745,NA
10,25,scrabble-score,lexicase,FALSE,20,elitize_generation_data,9,5,0.776,NA
11,25,scrabble-score,lexicase,FALSE,20,elitize_generation_data,10,6,0.805,NA
12,25,scrabble-score,lexicase,FALSE,20,elitize_generation_data,11,6,0.829,NA
13,25,scrabble-score,lexicase,FALSE,20,elitize_generation_data,12,7,0.846,NA
14,25,scrabble-score,lexicase,FALSE,20,elitize_generation_data,13,5,0.842,NA
15,25,scrabble-score,lexicase,FALSE,20,elitize_generation_data,14,9,0.848,NA
16,25,scrabble-score,lexicase,FALSE,20,elitize_generation_data,15,7,0.828,NA
17,25,scrabble-score,lexicase,FALSE,20,elitize_generation_data,16,8,0.843,NA
18,25,scrabble-score,lexicase,FALSE,20,elitize_generation_data,17,7,0.842,NA
19,25,scrabble-score,lexicase,FALSE,20,elitize_generation_data,18,9,0.863,NA
20,25,scrabble-score,lexicase,FALSE,20,elitize_generation_data,19,12,0.826,NA
21,25,scrabble-score,lexicase,FALSE,20,elitize_generation_data,20,10,0.86,NA
22,25,scrabble-score,lexicase,FALSE,20,elitize_generation_data,21,5,0.838,NA
23,25,scrabble-score,lexicase,FALSE,20,elitize_generation_data,22,6,0.852,NA
24,25,scrabble-score,lexicase,FALSE,20,elitize_generation_data,23,6,0.844,NA
25,25,scrabble-score,lexicase,FALSE,20,elitize_generation_data,24,8,0.853,NA
26,25,scrabble-score,lexicase,FALSE,20,elitize_generation_data,25,14,0.834,NA
27,25,scrabble-score,lexicase,FALSE,20,elitize_generation_data,26,12,0.825,NA
28,25,scrabble-score,lexicase,FALSE,20,elitize_generation_data,27,7,0.846,NA
29,25,scrabble-score,lexicase,FALSE,20,elitize_generation_data,28,8,0.848,NA
30,25,scrabble-score,lexicase,FALSE,20,elitize_generation_data,29,10,0.858,NA
31,25,scrabble-score,lexicase,FALSE,20,elitize_generation_data,30,6,0.884,NA
32,25,scrabble-score,lexicase,FALSE,20,elitize_generation_data,31,13,0.863,NA
33,25,scrabble-score,lexicase,FALSE,20,elitize_generation_data,32,8,0.884,NA
34,25,scrabble-score,lexicase,FALSE,20,elitize_generation_data,33,7,0.872,NA
35,25,scrabble-score,lexicase,FALSE,20,elitize_generation_data,34,11,0.869,NA
36,25,scrabble-score,lexicase,FALSE,20,elitize_generation_data,35,16,0.884,NA
37,25,scrabble-score,lexicase,FALSE,20,elitize_generation_data,36,11,0.858,NA
38,25,scrabble-score,lexicase,FALSE,20,elitize_generation_data,37,16,0.886,NA
39,25,scrabble-score,lexicase,FALSE,20,elitize_generation_data,38,17,0.871,NA
40,25,scrabble-score,lexicase,FALSE,20,elitize_generation_data,39,15,0.873,NA
41,25,scrabble-score,lexicase,FALSE,20,elitize_generation_data,40,17,0.89,NA
42,25,scrabble-score,lexicase,FALSE,20,elitize_generation_data,41,12,0.879,NA
43,25,scrabble-score,lexicase,FALSE,20,elitize_generation_data,42,19,0.879,NA
44,25,scrabble-score,lexicase,FALSE,20,elitize_generation_data,43,14,0.896,NA
45,25,scrabble-score,lexicase,FALSE,20,elitize_generation_data,44,15,0.898,NA
46,25,scrabble-score,lexicase,FALSE,20,elitize_generation_data,45,11,0.857,NA
47,25,scrabble-score,lexicase,FALSE,20,elitize_generation_data,46,14,0.877,NA
48,25,scrabble-score,lexicase,FALSE,20,elitize_generation_data,47,15,0.858,NA
49,25,scrabble-score,lexicase,FALSE,20,elitize_generation_data,48,14,0.868,NA
50,25,scrabble-score,lexicase,FALSE,20,elitize_generation_data,49,17,0.882,NA
51,25,scrabble-score,lexicase,FALSE,20,elitize_generation_data,50,17,0.883,NA
52,25,scrabble-score,lexicase,FALSE,20,elitize_generation_data,51,19,0.876,NA
53,25,scrabble-score,lexicase,FALSE,20,elitize_generation_data,52,15,0.861,NA
54,25,scrabble-score,lexicase,FALSE,20,elitize_generation_data,53,15,0.885,NA
55,25,scrabble-score,lexicase,FALSE,20,elitize_generation_data,54,16,0.848,NA
56,25,scrabble-score,lexicase,FALSE,20,elitize_generation_data,55,15,0.858,NA
57,25,scrabble-score,lexicase,FALSE,20,elitize_generation_data,56,15,0.889,NA
58,25,scrabble-score,lexicase,FALSE,20,elitize_generation_data,57,12,0.865,NA
59,25,scrabble-score,lexicase,FALSE,20,elitize_generation_data,58,15,0.856,NA
60,25,scrabble-score,lexicase,FALSE,20,elitize_generation_data,59,11,0.871,NA
61,25,scrabble-score,lexicase,FALSE,20,elitize_generation_data,60,12,0.865,NA
62,25,scrabble-score,lexicase,FALSE,20,elitize_generation_data,61,20,0.863,NA
63,25,scrabble-score,lexicase,FALSE,20,elitize_generation_data,62,13,0.861,NA
64,25,scrabble-score,lexicase,FALSE,20,elitize_generation_data,63,16,0.867,NA
65,25,scrabble-score,lexicase,FALSE,20,elitize_generation_data,64,17,0.881,NA
66,25,scrabble-score,lexicase,FALSE,20,elitize_generation_data,65,21,0.867,NA
67,25,scrabble-score,lexicase,FALSE,20,elitize_generation_data,66,21,0.882,NA
68,25,scrabble-score,lexicase,FALSE,20,elitize_generation_data,67,20,0.89,NA
69,25,scrabble-score,lexicase,FALSE,20,elitize_generation_data,68,18,0.878,NA
70,25,scrabble-score,lexicase,FALSE,20,elitize_generation_data,69,14,0.884,NA
71,25,scrabble-score,lexicase,FALSE,20,elitize_generation_data,70,17,0.864,NA
72,25,scrabble-score,lexicase,FALSE,20,elitize_generation_data,71,15,0.877,NA
73,25,scrabble-score,lexicase,FALSE,20,elitize_generation_data,72,24,0.88,NA
74,25,scrabble-score,lexicase,FALSE,20,elitize_generation_data,73,24,0.867,NA
75,25,scrabble-score,lexicase,FALSE,20,elitize_generation_data,74,22,0.895,NA
76,25,scrabble-score,lexicase,FALSE,20,elitize_generation_data,75,17,0.899,NA
77,25,scrabble-score,lexicase,FALSE,20,elitize_generation_data,76,28,0.898,NA
78,25,scrabble-score,lexicase,FALSE,20,elitize_generation_data,77,24,0.908,NA
79,25,scrabble-score,lexicase,FALSE,20,elitize_generation_data,78,28,0.888,NA
80,25,scrabble-score,lexicase,FALSE,20,elitize_generation_data,79,19,0.88,NA
81,25,scrabble-score,lexicase,FALSE,20,elitize_generation_data,80,21,0.882,NA
82,25,scrabble-score,lexicase,FALSE,20,elitize_generation_data,81,29,0.891,NA
83,25,scrabble-score,lexicase,FALSE,20,elitize_generation_data,82,26,0.915,NA
84,25,scrabble-score,lexicase,FALSE,20,elitize_generation_data,83,19,0.908,NA
85,25,scrabble-score,lexicase,FALSE,20,elitize_generation_data,84,26,0.879,NA
86,25,scrabble-score,lexicase,FALSE,20,elitize_generation_data,85,24,0.905,NA
87,25,scrabble-score,lexicase,FALSE,20,elitize_generation_data,86,24,0.902,NA
88,25,scrabble-score,lexicase,FALSE,20,elitize_generation_data,87,26,0.909,NA
89,25,scrabble-score,lexicase,FALSE,20,elitize_generation_data,88,21,0.896,NA
90,25,scrabble-score,lexicase,FALSE,20,elitize_generation_data,89,23,0.9,NA
91,25,scrabble-score,lexicase,FALSE,20,elitize_generation_data,90,20,0.891,NA
92,25,scrabble-score,lexicase,FALSE,20,elitize_generation_data,91,19,0.919,NA
93,25,scrabble-score,lexicase,FALSE,20,elitize_generation_data,92,25,0.909,NA
94,25,scrabble-score,lexicase,FALSE,20,elitize_generation_data,93,16,0.908,NA
95,25,scrabble-score,lexicase,FALSE,20,elitize_generation_data,94,20,0.917,NA
96,25,scrabble-score,lexicase,FALSE,20,elitize_generation_data,95,29,0.911,NA
97,25,scrabble-score,lexicase,FALSE,20,elitize_generation_data,96,23,0.912,NA
98,25,scrabble-score,lexicase,FALSE,20,elitize_generation_data,97,16,0.905,NA
99,25,scrabble-score,lexicase,FALSE,20,elitize_generation_data,98,15,0.902,NA
100,25,scrabble-score,lexicase,FALSE,20,elitize_generation_data,99,25,0.905,NA
101,25,scrabble-score,lexicase,FALSE,20,elitize_generation_data,100,28,0.909,NA
102,25,scrabble-score,lexicase,FALSE,20,elitize_generation_data,101,36,0.899,NA
103,25,scrabble-score,lexicase,FALSE,20,elitize_generation_data,102,30,0.909,NA
104,25,scrabble-score,lexicase,FALSE,20,elitize_generation_data,103,30,0.911,NA
105,25,scrabble-score,lexicase,FALSE,20,elitize_generation_data,104,32,0.901,NA
106,25,scrabble-score,lexicase,FALSE,20,elitize_generation_data,105,23,0.908,NA
107,25,scrabble-score,lexicase,FALSE,20,elitize_generation_data,106,30,0.895,NA
108,25,scrabble-score,lexicase,FALSE,20,elitize_generation_data,107,31,0.906,NA
109,25,scrabble-score,lexicase,FALSE,20,elitize_generation_data,108,38,0.913,NA
110,25,scrabble-score,lexicase,FALSE,20,elitize_generation_data,109,30,0.892,NA
111,25,scrabble-score,lexicase,FALSE,20,elitize_generation_data,110,29,0.901,NA
112,25,scrabble-score,lexicase,FALSE,20,elitize_generation_data,111,43,0.912,NA
113,25,scrabble-score,lexicase,FALSE,20,elitize_generation_data,112,36,0.906,NA
114,25,scrabble-score,lexicase,FALSE,20,elitize_generation_data,113,41,0.898,NA
115,25,scrabble-score,lexicase,FALSE,20,elitize_generation_data,114,35,0.899,NA
116,25,scrabble-score,lexicase,FALSE,20,elitize_generation_data,115,40,0.902,NA
117,25,scrabble-score,lexicase,FALSE,20,elitize_generation_data,116,37,0.92,NA
118,25,scrabble-score,lexicase,FALSE,20,elitize_generation_data,117,41,0.918,NA
119,25,scrabble-score,lexicase,FALSE,20,elitize_generation_data,118,37,0.89,NA
120,25,scrabble-score,lexicase,FALSE,20,elitize_generation_data,119,43,0.882,NA
121,25,scrabble-score,lexicase,FALSE,20,elitize_generation_data,120,42,0.896,NA
122,25,scrabble-score,lexicase,FALSE,20,elitize_generation_data,121,38,0.875,NA
123,25,scrabble-score,lexicase,FALSE,20,elitize_generation_data,122,38,0.896,NA
124,25,scrabble-score,lexicase,FALSE,20,elitize_generation_data,123,40,0.879,NA
125,25,scrabble-score,lexicase,FALSE,20,elitize_generation_data,124,35,0.898,NA
126,25,scrabble-score,lexicase,FALSE,20,elitize_generation_data,125,45,0.892,NA
127,25,scrabble-score,lexicase,FALSE,20,elitize_generation_data,126,46,0.887,NA
128,25,scrabble-score,lexicase,FALSE,20,elitize_generation_data,127,45,0.899,NA
129,25,scrabble-score,lexicase,FALSE,20,elitize_generation_data,128,44,0.899,NA
130,25,scrabble-score,lexicase,FALSE,20,elitize_generation_data,129,35,0.886,NA
131,25,scrabble-score,lexicase,FALSE,20,elitize_generation_data,130,38,0.892,NA
132,25,scrabble-score,lexicase,FALSE,20,elitize_generation_data,131,37,0.877,NA
133,25,scrabble-score,lexicase,FALSE,20,elitize_generation_data,132,47,0.915,NA
134,25,scrabble-score,lexicase,FALSE,20,elitize_generation_data,133,35,0.897,NA
135,25,scrabble-score,lexicase,FALSE,20,elitize_generation_data,134,35,0.893,NA
136,25,scrabble-score,lexicase,FALSE,20,elitize_generation_data,135,35,0.891,NA
137,25,scrabble-score,lexicase,FALSE,20,elitize_generation_data,136,41,0.894,NA
138,25,scrabble-score,lexicase,FALSE,20,elitize_generation_data,137,39,0.889,NA
139,25,scrabble-score,lexicase,FALSE,20,elitize_generation_data,138,42,0.907,NA
140,25,scrabble-score,lexicase,FALSE,20,elitize_generation_data,139,46,0.881,NA
141,25,scrabble-score,lexicase,FALSE,20,elitize_generation_data,140,42,0.892,NA
142,25,scrabble-score,lexicase,FALSE,20,elitize_generation_data,141,52,0.873,NA
143,25,scrabble-score,lexicase,FALSE,20,elitize_generation_data,142,49,0.885,NA
144,25,scrabble-score,lexicase,FALSE,20,elitize_generation_data,143,58,0.877,NA
145,25,scrabble-score,lexicase,FALSE,20,elitize_generation_data,144,57,0.871,NA
146,25,scrabble-score,lexicase,FALSE,20,elitize_generation_data,145,56,0.87,NA
147,25,scrabble-score,lexicase,FALSE,20,elitize_generation_data,146,66,0.865,NA
148,25,scrabble-score,lexicase,FALSE,20,elitize_generation_data,147,67,0.879,NA
149,25,scrabble-score,lexicase,FALSE,20,elitize_generation_data,148,67,0.869,NA
150,25,scrabble-score,lexicase,FALSE,20,elitize_generation_data,149,66,0.88,NA
151,25,scrabble-score,lexicase,FALSE,20,elitize_generation_data,150,65,0.888,NA
152,25,scrabble-score,lexicase,FALSE,20,elitize_generation_data,151,60,0.865,NA
153,25,scrabble-score,lexicase,FALSE,20,elitize_generation_data,152,68,0.875,NA
154,25,scrabble-score,lexicase,FALSE,20,elitize_generation_data,153,59,0.861,NA
155,25,scrabble-score,lexicase,FALSE,20,elitize_generation_data,154,65,0.863,NA
156,25,scrabble-score,lexicase,FALSE,20,elitize_generation_data,155,60,0.866,NA
157,25,scrabble-score,lexicase,FALSE,20,elitize_generation_data,156,70,0.865,NA
158,25,scrabble-score,lexicase,FALSE,20,elitize_generation_data,157,70,0.882,NA
159,25,scrabble-score,lexicase,FALSE,20,elitize_generation_data,158,61,0.875,NA
160,25,scrabble-score,lexicase,FALSE,20,elitize_generation_data,159,68,0.859,NA
161,25,scrabble-score,lexicase,FALSE,20,elitize_generation_data,160,72,0.87,NA
162,25,scrabble-score,lexicase,FALSE,20,elitize_generation_data,161,74,0.869,NA
163,25,scrabble-score,lexicase,FALSE,20,elitize_generation_data,162,63,0.86,NA
164,25,scrabble-score,lexicase,FALSE,20,elitize_generation_data,163,71,0.876,NA
165,25,scrabble-score,lexicase,FALSE,20,elitize_generation_data,164,69,0.865,NA
166,25,scrabble-score,lexicase,FALSE,20,elitize_generation_data,165,72,0.891,NA
167,25,scrabble-score,lexicase,FALSE,20,elitize_generation_data,166,58,0.89,NA
168,25,scrabble-score,lexicase,FALSE,20,elitize_generation_data,167,61,0.888,NA
169,25,scrabble-score,lexicase,FALSE,20,elitize_generation_data,168,73,0.872,NA
170,25,scrabble-score,lexicase,FALSE,20,elitize_generation_data,169,67,0.864,NA
171,25,scrabble-score,lexicase,FALSE,20,elitize_generation_data,170,68,0.878,NA
172,25,scrabble-score,lexicase,FALSE,20,elitize_generation_data,171,72,0.878,NA
173,25,scrabble-score,lexicase,FALSE,20,elitize_generation_data,172,59,0.876,NA
174,25,scrabble-score,lexicase,FALSE,20,elitize_generation_data,173,60,0.864,NA
175,25,scrabble-score,lexicase,FALSE,20,elitize_generation_data,174,67,0.885,NA
176,25,scrabble-score,lexicase,FALSE,20,elitize_generation_data,175,66,0.889,NA
177,25,scrabble-score,lexicase,FALSE,20,elitize_generation_data,176,70,0.885,NA
178,25,scrabble-score,lexicase,FALSE,20,elitize_generation_data,177,75,0.868,NA
179,25,scrabble-score,lexicase,FALSE,20,elitize_generation_data,178,83,0.885,NA
180,25,scrabble-score,lexicase,FALSE,20,elitize_generation_data,179,76,0.862,NA
181,25,scrabble-score,lexicase,FALSE,20,elitize_generation_data,180,79,0.849,NA
182,25,scrabble-score,lexicase,FALSE,20,elitize_generation_data,181,81,0.871,NA
183,25,scrabble-score,lexicase,FALSE,20,elitize_generation_data,182,72,0.874,NA
184,25,scrabble-score,lexicase,FALSE,20,elitize_generation_data,183,67,0.863,NA
185,25,scrabble-score,lexicase,FALSE,20,elitize_generation_data,184,67,0.878,NA
186,25,scrabble-score,lexicase,FALSE,20,elitize_generation_data,185,67,0.853,NA
187,25,scrabble-score,lexicase,FALSE,20,elitize_generation_data,186,80,0.866,NA
188,25,scrabble-score,lexicase,FALSE,20,elitize_generation_data,187,74,0.876,NA
189,25,scrabble-score,lexicase,FALSE,20,elitize_generation_data,188,69,0.878,NA
190,25,scrabble-score,lexicase,FALSE,20,elitize_generation_data,189,74,0.875,NA
191,25,scrabble-score,lexicase,FALSE,20,elitize_generation_data,190,66,0.883,NA
192,25,scrabble-score,lexicase,FALSE,20,elitize_generation_data,191,80,0.897,NA
193,25,scrabble-score,lexicase,FALSE,20,elitize_generation_data,192,67,0.883,NA
194,25,scrabble-score,lexicase,FALSE,20,elitize_generation_data,193,67,0.87,NA
195,25,scrabble-score,lexicase,FALSE,20,elitize_generation_data,194,68,0.894,NA
196,25,scrabble-score,lexicase,FALSE,20,elitize_generation_data,195,66,0.893,NA
197,25,scrabble-score,lexicase,FALSE,20,elitize_generation_data,196,66,0.893,NA
198,25,scrabble-score,lexicase,FALSE,20,elitize_generation_data,197,72,0.882,NA
199,25,scrabble-score,lexicase,FALSE,20,elitize_generation_data,198,76,0.89,NA
200,25,scrabble-score,lexicase,FALSE,20,elitize_generation_data,199,77,0.888,NA
201,25,scrabble-score,lexicase,FALSE,20,elitize_generation_data,200,69,0.892,NA
202,25,scrabble-score,lexicase,FALSE,20,elitize_generation_data,201,72,0.892,NA
203,25,scrabble-score,lexicase,FALSE,20,elitize_generation_data,202,75,0.889,NA
204,25,scrabble-score,lexicase,FALSE,20,elitize_generation_data,203,65,0.895,NA
205,25,scrabble-score,lexicase,FALSE,20,elitize_generation_data,204,66,0.901,NA
206,25,scrabble-score,lexicase,FALSE,20,elitize_generation_data,205,68,0.876,NA
207,25,scrabble-score,lexicase,FALSE,20,elitize_generation_data,206,60,0.89,NA
208,25,scrabble-score,lexicase,FALSE,20,elitize_generation_data,207,66,0.888,NA
209,25,scrabble-score,lexicase,FALSE,20,elitize_generation_data,208,73,0.892,NA
210,25,scrabble-score,lexicase,FALSE,20,elitize_generation_data,209,73,0.905,NA
211,25,scrabble-score,lexicase,FALSE,20,elitize_generation_data,210,72,0.879,NA
212,25,scrabble-score,lexicase,FALSE,20,elitize_generation_data,211,69,0.907,NA
213,25,scrabble-score,lexicase,FALSE,20,elitize_generation_data,212,78,0.882,NA
214,25,scrabble-score,lexicase,FALSE,20,elitize_generation_data,213,79,0.89,NA
215,25,scrabble-score,lexicase,FALSE,20,elitize_generation_data,214,80,0.895,NA
216,25,scrabble-score,lexicase,FALSE,20,elitize_generation_data,215,75,0.9,NA
217,25,scrabble-score,lexicase,FALSE,20,elitize_generation_data,216,69,0.9,NA
218,25,scrabble-score,lexicase,FALSE,20,elitize_generation_data,217,73,0.885,NA
219,25,scrabble-score,lexicase,FALSE,20,elitize_generation_data,218,74,0.893,NA
220,25,scrabble-score,lexicase,FALSE,20,elitize_generation_data,219,80,0.884,NA
221,25,scrabble-score,lexicase,FALSE,20,elitize_generation_data,220,74,0.92,NA
222,25,scrabble-score,lexicase,FALSE,20,elitize_generation_data,221,75,0.893,NA
223,25,scrabble-score,lexicase,FALSE,20,elitize_generation_data,222,71,0.895,NA
224,25,scrabble-score,lexicase,FALSE,20,elitize_generation_data,223,73,0.872,NA
225,25,scrabble-score,lexicase,FALSE,20,elitize_generation_data,224,84,0.894,NA
226,25,scrabble-score,lexicase,FALSE,20,elitize_generation_data,225,73,0.884,NA
227,25,scrabble-score,lexicase,FALSE,20,elitize_generation_data,226,74,0.883,NA
228,25,scrabble-score,lexicase,FALSE,20,elitize_generation_data,227,63,0.885,NA
229,25,scrabble-score,lexicase,FALSE,20,elitize_generation_data,228,78,0.888,NA
230,25,scrabble-score,lexicase,FALSE,20,elitize_generation_data,229,78,0.878,NA
231,25,scrabble-score,lexicase,FALSE,20,elitize_generation_data,230,64,0.88,NA
232,25,scrabble-score,lexicase,FALSE,20,elitize_generation_data,231,73,0.879,NA
233,25,scrabble-score,lexicase,FALSE,20,elitize_generation_data,232,69,0.859,NA
234,25,scrabble-score,lexicase,FALSE,20,elitize_generation_data,233,70,0.886,NA
235,25,scrabble-score,lexicase,FALSE,20,elitize_generation_data,234,66,0.877,NA
236,25,scrabble-score,lexicase,FALSE,20,elitize_generation_data,235,63,0.879,NA
237,25,scrabble-score,lexicase,FALSE,20,elitize_generation_data,236,63,0.892,NA
238,25,scrabble-score,lexicase,FALSE,20,elitize_generation_data,237,56,0.893,NA
239,25,scrabble-score,lexicase,FALSE,20,elitize_generation_data,238,55,0.882,NA
240,25,scrabble-score,lexicase,FALSE,20,elitize_generation_data,239,59,0.876,NA
241,25,scrabble-score,lexicase,FALSE,20,elitize_generation_data,240,56,0.873,NA
242,25,scrabble-score,lexicase,FALSE,20,elitize_generation_data,241,61,0.876,NA
243,25,scrabble-score,lexicase,FALSE,20,elitize_generation_data,242,57,0.851,NA
244,25,scrabble-score,lexicase,FALSE,20,elitize_generation_data,243,63,0.858,NA
245,25,scrabble-score,lexicase,FALSE,20,elitize_generation_data,244,56,0.885,NA
246,25,scrabble-score,lexicase,FALSE,20,elitize_generation_data,245,60,0.876,NA
247,25,scrabble-score,lexicase,FALSE,20,elitize_generation_data,246,67,0.865,NA
248,25,scrabble-score,lexicase,FALSE,20,elitize_generation_data,247,59,0.844,NA
249,25,scrabble-score,lexicase,FALSE,20,elitize_generation_data,248,74,0.832,NA
250,25,scrabble-score,lexicase,FALSE,20,elitize_generation_data,249,72,0.863,NA
251,25,scrabble-score,lexicase,FALSE,20,elitize_generation_data,250,71,0.846,NA
252,25,scrabble-score,lexicase,FALSE,20,elitize_generation_data,251,48,0.853,NA
253,25,scrabble-score,lexicase,FALSE,20,elitize_generation_data,252,59,0.866,NA
254,25,scrabble-score,lexicase,FALSE,20,elitize_generation_data,253,54,0.84,NA
255,25,scrabble-score,lexicase,FALSE,20,elitize_generation_data,254,67,0.84,NA
256,25,scrabble-score,lexicase,FALSE,20,elitize_generation_data,255,66,0.857,NA
257,25,scrabble-score,lexicase,FALSE,20,elitize_generation_data,256,53,0.841,NA
258,25,scrabble-score,lexicase,FALSE,20,elitize_generation_data,257,58,0.869,NA
259,25,scrabble-score,lexicase,FALSE,20,elitize_generation_data,258,64,0.844,NA
260,25,scrabble-score,lexicase,FALSE,20,elitize_generation_data,259,72,0.841,NA
261,25,scrabble-score,lexicase,FALSE,20,elitize_generation_data,260,67,0.827,NA
262,25,scrabble-score,lexicase,FALSE,20,elitize_generation_data,261,74,0.838,NA
263,25,scrabble-score,lexicase,FALSE,20,elitize_generation_data,262,60,0.823,NA
264,25,scrabble-score,lexicase,FALSE,20,elitize_generation_data,263,74,0.855,NA
265,25,scrabble-score,lexicase,FALSE,20,elitize_generation_data,264,69,0.85,NA
266,25,scrabble-score,lexicase,FALSE,20,elitize_generation_data,265,62,0.847,NA
267,25,scrabble-score,lexicase,FALSE,20,elitize_generation_data,266,61,0.805,NA
268,25,scrabble-score,lexicase,FALSE,20,elitize_generation_data,267,76,0.816,NA
269,25,scrabble-score,lexicase,FALSE,20,elitize_generation_data,268,65,0.834,NA
270,25,scrabble-score,lexicase,FALSE,20,elitize_generation_data,269,60,0.822,NA
271,25,scrabble-score,lexicase,FALSE,20,elitize_generation_data,270,74,0.837,NA
272,25,scrabble-score,lexicase,FALSE,20,elitize_generation_data,271,63,0.829,NA
273,25,scrabble-score,lexicase,FALSE,20,elitize_generation_data,272,65,0.84,NA
274,25,scrabble-score,lexicase,FALSE,20,elitize_generation_data,273,65,0.824,NA
275,25,scrabble-score,lexicase,FALSE,20,elitize_generation_data,274,69,0.836,NA
276,25,scrabble-score,lexicase,FALSE,20,elitize_generation_data,275,68,0.822,NA
277,25,scrabble-score,lexicase,FALSE,20,elitize_generation_data,276,73,0.822,NA
278,25,scrabble-score,lexicase,FALSE,20,elitize_generation_data,277,68,0.836,NA
279,25,scrabble-score,lexicase,FALSE,20,elitize_generation_data,278,73,0.838,NA
280,25,scrabble-score,lexicase,FALSE,20,elitize_generation_data,279,77,0.844,NA
281,25,scrabble-score,lexicase,FALSE,20,elitize_generation_data,280,70,0.829,NA
282,25,scrabble-score,lexicase,FALSE,20,elitize_generation_data,281,78,0.825,NA
283,25,scrabble-score,lexicase,FALSE,20,elitize_generation_data,282,69,0.842,NA
284,25,scrabble-score,lexicase,FALSE,20,elitize_generation_data,283,69,0.843,NA
285,25,scrabble-score,lexicase,FALSE,20,elitize_generation_data,284,80,0.858,NA
286,25,scrabble-score,lexicase,FALSE,20,elitize_generation_data,285,77,0.834,NA
287,25,scrabble-score,lexicase,FALSE,20,elitize_generation_data,286,73,0.833,NA
288,25,scrabble-score,lexicase,FALSE,20,elitize_generation_data,287,87,0.835,NA
289,25,scrabble-score,lexicase,FALSE,20,elitize_generation_data,288,75,0.824,NA
290,25,scrabble-score,lexicase,FALSE,20,elitize_generation_data,289,84,0.854,NA
291,25,scrabble-score,lexicase,FALSE,20,elitize_generation_data,290,84,0.865,NA
292,25,scrabble-score,lexicase,FALSE,20,elitize_generation_data,291,84,0.855,NA
293,25,scrabble-score,lexicase,FALSE,20,elitize_generation_data,292,84,0.859,NA
294,25,scrabble-score,lexicase,FALSE,20,elitize_generation_data,293,94,0.837,NA
295,25,scrabble-score,lexicase,FALSE,20,elitize_generation_data,294,94,0.85,NA
296,25,scrabble-score,lexicase,FALSE,20,elitize_generation_data,295,94,0.869,NA
297,25,scrabble-score,lexicase,FALSE,20,elitize_generation_data,296,99,0.843,NA
298,25,scrabble-score,lexicase,FALSE,20,elitize_generation_data,297,91,0.837,NA
299,25,scrabble-score,lexicase,FALSE,20,elitize_generation_data,298,95,0.849,NA
300,25,scrabble-score,lexicase,FALSE,20,elitize_generation_data,299,92,0.852,NA
301,25,scrabble-score,lexicase,FALSE,20,elitize_generation_data,300,84,0.845,NA
