,run.num,problem,treatment,succeeded,height,normalization.function,generation,cluster.count,error.diversity,success.generation
1,11,scrabble-score,lexicase,FALSE,20,elitize_generation_data,0,3,0.111,NA
2,11,scrabble-score,lexicase,FALSE,20,elitize_generation_data,1,2,0.203,NA
3,11,scrabble-score,lexicase,FALSE,20,elitize_generation_data,2,2,0.313,NA
4,11,scrabble-score,lexicase,FALSE,20,elitize_generation_data,3,3,0.431,NA
5,11,scrabble-score,lexicase,FALSE,20,elitize_generation_data,4,3,0.56,NA
6,11,scrabble-score,lexicase,FALSE,20,elitize_generation_data,5,4,0.665,NA
7,11,scrabble-score,lexicase,FALSE,20,elitize_generation_data,6,6,0.695,NA
8,11,scrabble-score,lexicase,FALSE,20,elitize_generation_data,7,3,0.735,NA
9,11,scrabble-score,lexicase,FALSE,20,elitize_generation_data,8,6,0.773,NA
10,11,scrabble-score,lexicase,FALSE,20,elitize_generation_data,9,9,0.785,NA
11,11,scrabble-score,lexicase,FALSE,20,elitize_generation_data,10,10,0.819,NA
12,11,scrabble-score,lexicase,FALSE,20,elitize_generation_data,11,9,0.837,NA
13,11,scrabble-score,lexicase,FALSE,20,elitize_generation_data,12,13,0.87,NA
14,11,scrabble-score,lexicase,FALSE,20,elitize_generation_data,13,13,0.862,NA
15,11,scrabble-score,lexicase,FALSE,20,elitize_generation_data,14,15,0.857,NA
16,11,scrabble-score,lexicase,FALSE,20,elitize_generation_data,15,19,0.881,NA
17,11,scrabble-score,lexicase,FALSE,20,elitize_generation_data,16,15,0.89,NA
18,11,scrabble-score,lexicase,FALSE,20,elitize_generation_data,17,15,0.889,NA
19,11,scrabble-score,lexicase,FALSE,20,elitize_generation_data,18,17,0.885,NA
20,11,scrabble-score,lexicase,FALSE,20,elitize_generation_data,19,20,0.889,NA
21,11,scrabble-score,lexicase,FALSE,20,elitize_generation_data,20,20,0.91,NA
22,11,scrabble-score,lexicase,FALSE,20,elitize_generation_data,21,21,0.916,NA
23,11,scrabble-score,lexicase,FALSE,20,elitize_generation_data,22,20,0.895,NA
24,11,scrabble-score,lexicase,FALSE,20,elitize_generation_data,23,25,0.928,NA
25,11,scrabble-score,lexicase,FALSE,20,elitize_generation_data,24,22,0.895,NA
26,11,scrabble-score,lexicase,FALSE,20,elitize_generation_data,25,18,0.886,NA
27,11,scrabble-score,lexicase,FALSE,20,elitize_generation_data,26,22,0.921,NA
28,11,scrabble-score,lexicase,FALSE,20,elitize_generation_data,27,18,0.932,NA
29,11,scrabble-score,lexicase,FALSE,20,elitize_generation_data,28,22,0.906,NA
30,11,scrabble-score,lexicase,FALSE,20,elitize_generation_data,29,20,0.908,NA
31,11,scrabble-score,lexicase,FALSE,20,elitize_generation_data,30,16,0.924,NA
32,11,scrabble-score,lexicase,FALSE,20,elitize_generation_data,31,22,0.914,NA
33,11,scrabble-score,lexicase,FALSE,20,elitize_generation_data,32,25,0.917,NA
34,11,scrabble-score,lexicase,FALSE,20,elitize_generation_data,33,22,0.908,NA
35,11,scrabble-score,lexicase,FALSE,20,elitize_generation_data,34,24,0.906,NA
36,11,scrabble-score,lexicase,FALSE,20,elitize_generation_data,35,25,0.93,NA
37,11,scrabble-score,lexicase,FALSE,20,elitize_generation_data,36,28,0.9,NA
38,11,scrabble-score,lexicase,FALSE,20,elitize_generation_data,37,25,0.905,NA
39,11,scrabble-score,lexicase,FALSE,20,elitize_generation_data,38,23,0.918,NA
40,11,scrabble-score,lexicase,FALSE,20,elitize_generation_data,39,22,0.917,NA
41,11,scrabble-score,lexicase,FALSE,20,elitize_generation_data,40,20,0.903,NA
42,11,scrabble-score,lexicase,FALSE,20,elitize_generation_data,41,21,0.899,NA
43,11,scrabble-score,lexicase,FALSE,20,elitize_generation_data,42,24,0.915,NA
44,11,scrabble-score,lexicase,FALSE,20,elitize_generation_data,43,23,0.904,NA
45,11,scrabble-score,lexicase,FALSE,20,elitize_generation_data,44,25,0.899,NA
46,11,scrabble-score,lexicase,FALSE,20,elitize_generation_data,45,22,0.897,NA
47,11,scrabble-score,lexicase,FALSE,20,elitize_generation_data,46,24,0.916,NA
48,11,scrabble-score,lexicase,FALSE,20,elitize_generation_data,47,22,0.901,NA
49,11,scrabble-score,lexicase,FALSE,20,elitize_generation_data,48,25,0.906,NA
50,11,scrabble-score,lexicase,FALSE,20,elitize_generation_data,49,26,0.91,NA
51,11,scrabble-score,lexicase,FALSE,20,elitize_generation_data,50,26,0.909,NA
52,11,scrabble-score,lexicase,FALSE,20,elitize_generation_data,51,25,0.904,NA
53,11,scrabble-score,lexicase,FALSE,20,elitize_generation_data,52,27,0.887,NA
54,11,scrabble-score,lexicase,FALSE,20,elitize_generation_data,53,24,0.891,NA
55,11,scrabble-score,lexicase,FALSE,20,elitize_generation_data,54,23,0.906,NA
56,11,scrabble-score,lexicase,FALSE,20,elitize_generation_data,55,31,0.907,NA
57,11,scrabble-score,lexicase,FALSE,20,elitize_generation_data,56,22,0.887,NA
58,11,scrabble-score,lexicase,FALSE,20,elitize_generation_data,57,21,0.903,NA
59,11,scrabble-score,lexicase,FALSE,20,elitize_generation_data,58,20,0.903,NA
60,11,scrabble-score,lexicase,FALSE,20,elitize_generation_data,59,23,0.878,NA
61,11,scrabble-score,lexicase,FALSE,20,elitize_generation_data,60,22,0.903,NA
62,11,scrabble-score,lexicase,FALSE,20,elitize_generation_data,61,22,0.911,NA
63,11,scrabble-score,lexicase,FALSE,20,elitize_generation_data,62,29,0.903,NA
64,11,scrabble-score,lexicase,FALSE,20,elitize_generation_data,63,27,0.897,NA
65,11,scrabble-score,lexicase,FALSE,20,elitize_generation_data,64,22,0.89,NA
66,11,scrabble-score,lexicase,FALSE,20,elitize_generation_data,65,22,0.907,NA
67,11,scrabble-score,lexicase,FALSE,20,elitize_generation_data,66,26,0.896,NA
68,11,scrabble-score,lexicase,FALSE,20,elitize_generation_data,67,31,0.894,NA
69,11,scrabble-score,lexicase,FALSE,20,elitize_generation_data,68,28,0.897,NA
70,11,scrabble-score,lexicase,FALSE,20,elitize_generation_data,69,24,0.89,NA
71,11,scrabble-score,lexicase,FALSE,20,elitize_generation_data,70,22,0.9,NA
72,11,scrabble-score,lexicase,FALSE,20,elitize_generation_data,71,23,0.91,NA
73,11,scrabble-score,lexicase,FALSE,20,elitize_generation_data,72,23,0.892,NA
74,11,scrabble-score,lexicase,FALSE,20,elitize_generation_data,73,23,0.891,NA
75,11,scrabble-score,lexicase,FALSE,20,elitize_generation_data,74,30,0.91,NA
76,11,scrabble-score,lexicase,FALSE,20,elitize_generation_data,75,31,0.906,NA
77,11,scrabble-score,lexicase,FALSE,20,elitize_generation_data,76,29,0.902,NA
78,11,scrabble-score,lexicase,FALSE,20,elitize_generation_data,77,24,0.892,NA
79,11,scrabble-score,lexicase,FALSE,20,elitize_generation_data,78,25,0.889,NA
80,11,scrabble-score,lexicase,FALSE,20,elitize_generation_data,79,29,0.903,NA
81,11,scrabble-score,lexicase,FALSE,20,elitize_generation_data,80,26,0.906,NA
82,11,scrabble-score,lexicase,FALSE,20,elitize_generation_data,81,25,0.899,NA
83,11,scrabble-score,lexicase,FALSE,20,elitize_generation_data,82,28,0.89,NA
84,11,scrabble-score,lexicase,FALSE,20,elitize_generation_data,83,24,0.899,NA
85,11,scrabble-score,lexicase,FALSE,20,elitize_generation_data,84,28,0.922,NA
86,11,scrabble-score,lexicase,FALSE,20,elitize_generation_data,85,32,0.892,NA
87,11,scrabble-score,lexicase,FALSE,20,elitize_generation_data,86,30,0.892,NA
88,11,scrabble-score,lexicase,FALSE,20,elitize_generation_data,87,30,0.899,NA
89,11,scrabble-score,lexicase,FALSE,20,elitize_generation_data,88,32,0.907,NA
90,11,scrabble-score,lexicase,FALSE,20,elitize_generation_data,89,30,0.89,NA
91,11,scrabble-score,lexicase,FALSE,20,elitize_generation_data,90,32,0.884,NA
92,11,scrabble-score,lexicase,FALSE,20,elitize_generation_data,91,26,0.9,NA
93,11,scrabble-score,lexicase,FALSE,20,elitize_generation_data,92,30,0.916,NA
94,11,scrabble-score,lexicase,FALSE,20,elitize_generation_data,93,34,0.902,NA
95,11,scrabble-score,lexicase,FALSE,20,elitize_generation_data,94,33,0.885,NA
96,11,scrabble-score,lexicase,FALSE,20,elitize_generation_data,95,34,0.916,NA
97,11,scrabble-score,lexicase,FALSE,20,elitize_generation_data,96,34,0.914,NA
98,11,scrabble-score,lexicase,FALSE,20,elitize_generation_data,97,34,0.898,NA
99,11,scrabble-score,lexicase,FALSE,20,elitize_generation_data,98,33,0.877,NA
100,11,scrabble-score,lexicase,FALSE,20,elitize_generation_data,99,41,0.909,NA
101,11,scrabble-score,lexicase,FALSE,20,elitize_generation_data,100,33,0.913,NA
102,11,scrabble-score,lexicase,FALSE,20,elitize_generation_data,101,33,0.884,NA
103,11,scrabble-score,lexicase,FALSE,20,elitize_generation_data,102,37,0.899,NA
104,11,scrabble-score,lexicase,FALSE,20,elitize_generation_data,103,32,0.898,NA
105,11,scrabble-score,lexicase,FALSE,20,elitize_generation_data,104,36,0.893,NA
106,11,scrabble-score,lexicase,FALSE,20,elitize_generation_data,105,32,0.888,NA
107,11,scrabble-score,lexicase,FALSE,20,elitize_generation_data,106,33,0.887,NA
108,11,scrabble-score,lexicase,FALSE,20,elitize_generation_data,107,43,0.893,NA
109,11,scrabble-score,lexicase,FALSE,20,elitize_generation_data,108,42,0.901,NA
110,11,scrabble-score,lexicase,FALSE,20,elitize_generation_data,109,46,0.897,NA
111,11,scrabble-score,lexicase,FALSE,20,elitize_generation_data,110,44,0.918,NA
112,11,scrabble-score,lexicase,FALSE,20,elitize_generation_data,111,43,0.888,NA
113,11,scrabble-score,lexicase,FALSE,20,elitize_generation_data,112,47,0.919,NA
114,11,scrabble-score,lexicase,FALSE,20,elitize_generation_data,113,45,0.885,NA
115,11,scrabble-score,lexicase,FALSE,20,elitize_generation_data,114,40,0.906,NA
116,11,scrabble-score,lexicase,FALSE,20,elitize_generation_data,115,41,0.897,NA
117,11,scrabble-score,lexicase,FALSE,20,elitize_generation_data,116,33,0.903,NA
118,11,scrabble-score,lexicase,FALSE,20,elitize_generation_data,117,39,0.912,NA
119,11,scrabble-score,lexicase,FALSE,20,elitize_generation_data,118,34,0.913,NA
120,11,scrabble-score,lexicase,FALSE,20,elitize_generation_data,119,42,0.912,NA
121,11,scrabble-score,lexicase,FALSE,20,elitize_generation_data,120,47,0.881,NA
122,11,scrabble-score,lexicase,FALSE,20,elitize_generation_data,121,43,0.895,NA
123,11,scrabble-score,lexicase,FALSE,20,elitize_generation_data,122,43,0.914,NA
124,11,scrabble-score,lexicase,FALSE,20,elitize_generation_data,123,41,0.897,NA
125,11,scrabble-score,lexicase,FALSE,20,elitize_generation_data,124,44,0.902,NA
126,11,scrabble-score,lexicase,FALSE,20,elitize_generation_data,125,39,0.913,NA
127,11,scrabble-score,lexicase,FALSE,20,elitize_generation_data,126,41,0.885,NA
128,11,scrabble-score,lexicase,FALSE,20,elitize_generation_data,127,41,0.906,NA
129,11,scrabble-score,lexicase,FALSE,20,elitize_generation_data,128,43,0.898,NA
130,11,scrabble-score,lexicase,FALSE,20,elitize_generation_data,129,42,0.906,NA
131,11,scrabble-score,lexicase,FALSE,20,elitize_generation_data,130,44,0.904,NA
132,11,scrabble-score,lexicase,FALSE,20,elitize_generation_data,131,44,0.87,NA
133,11,scrabble-score,lexicase,FALSE,20,elitize_generation_data,132,42,0.885,NA
134,11,scrabble-score,lexicase,FALSE,20,elitize_generation_data,133,42,0.896,NA
135,11,scrabble-score,lexicase,FALSE,20,elitize_generation_data,134,40,0.871,NA
136,11,scrabble-score,lexicase,FALSE,20,elitize_generation_data,135,41,0.878,NA
137,11,scrabble-score,lexicase,FALSE,20,elitize_generation_data,136,40,0.878,NA
138,11,scrabble-score,lexicase,FALSE,20,elitize_generation_data,137,38,0.874,NA
139,11,scrabble-score,lexicase,FALSE,20,elitize_generation_data,138,42,0.887,NA
140,11,scrabble-score,lexicase,FALSE,20,elitize_generation_data,139,31,0.89,NA
141,11,scrabble-score,lexicase,FALSE,20,elitize_generation_data,140,50,0.882,NA
142,11,scrabble-score,lexicase,FALSE,20,elitize_generation_data,141,46,0.876,NA
143,11,scrabble-score,lexicase,FALSE,20,elitize_generation_data,142,49,0.887,NA
144,11,scrabble-score,lexicase,FALSE,20,elitize_generation_data,143,47,0.881,NA
145,11,scrabble-score,lexicase,FALSE,20,elitize_generation_data,144,41,0.895,NA
146,11,scrabble-score,lexicase,FALSE,20,elitize_generation_data,145,55,0.891,NA
147,11,scrabble-score,lexicase,FALSE,20,elitize_generation_data,146,46,0.88,NA
148,11,scrabble-score,lexicase,FALSE,20,elitize_generation_data,147,43,0.888,NA
149,11,scrabble-score,lexicase,FALSE,20,elitize_generation_data,148,49,0.883,NA
150,11,scrabble-score,lexicase,FALSE,20,elitize_generation_data,149,47,0.897,NA
151,11,scrabble-score,lexicase,FALSE,20,elitize_generation_data,150,43,0.885,NA
152,11,scrabble-score,lexicase,FALSE,20,elitize_generation_data,151,49,0.876,NA
153,11,scrabble-score,lexicase,FALSE,20,elitize_generation_data,152,43,0.893,NA
154,11,scrabble-score,lexicase,FALSE,20,elitize_generation_data,153,45,0.865,NA
155,11,scrabble-score,lexicase,FALSE,20,elitize_generation_data,154,41,0.876,NA
156,11,scrabble-score,lexicase,FALSE,20,elitize_generation_data,155,37,0.884,NA
157,11,scrabble-score,lexicase,FALSE,20,elitize_generation_data,156,44,0.881,NA
158,11,scrabble-score,lexicase,FALSE,20,elitize_generation_data,157,45,0.873,NA
159,11,scrabble-score,lexicase,FALSE,20,elitize_generation_data,158,42,0.871,NA
160,11,scrabble-score,lexicase,FALSE,20,elitize_generation_data,159,51,0.869,NA
161,11,scrabble-score,lexicase,FALSE,20,elitize_generation_data,160,54,0.898,NA
162,11,scrabble-score,lexicase,FALSE,20,elitize_generation_data,161,44,0.868,NA
163,11,scrabble-score,lexicase,FALSE,20,elitize_generation_data,162,40,0.889,NA
164,11,scrabble-score,lexicase,FALSE,20,elitize_generation_data,163,36,0.864,NA
165,11,scrabble-score,lexicase,FALSE,20,elitize_generation_data,164,43,0.87,NA
166,11,scrabble-score,lexicase,FALSE,20,elitize_generation_data,165,44,0.855,NA
167,11,scrabble-score,lexicase,FALSE,20,elitize_generation_data,166,46,0.893,NA
168,11,scrabble-score,lexicase,FALSE,20,elitize_generation_data,167,42,0.877,NA
169,11,scrabble-score,lexicase,FALSE,20,elitize_generation_data,168,39,0.871,NA
170,11,scrabble-score,lexicase,FALSE,20,elitize_generation_data,169,36,0.865,NA
171,11,scrabble-score,lexicase,FALSE,20,elitize_generation_data,170,45,0.88,NA
172,11,scrabble-score,lexicase,FALSE,20,elitize_generation_data,171,35,0.875,NA
173,11,scrabble-score,lexicase,FALSE,20,elitize_generation_data,172,30,0.891,NA
174,11,scrabble-score,lexicase,FALSE,20,elitize_generation_data,173,36,0.882,NA
175,11,scrabble-score,lexicase,FALSE,20,elitize_generation_data,174,39,0.858,NA
176,11,scrabble-score,lexicase,FALSE,20,elitize_generation_data,175,35,0.852,NA
177,11,scrabble-score,lexicase,FALSE,20,elitize_generation_data,176,40,0.864,NA
178,11,scrabble-score,lexicase,FALSE,20,elitize_generation_data,177,41,0.896,NA
179,11,scrabble-score,lexicase,FALSE,20,elitize_generation_data,178,46,0.86,NA
180,11,scrabble-score,lexicase,FALSE,20,elitize_generation_data,179,42,0.884,NA
181,11,scrabble-score,lexicase,FALSE,20,elitize_generation_data,180,39,0.892,NA
182,11,scrabble-score,lexicase,FALSE,20,elitize_generation_data,181,47,0.899,NA
183,11,scrabble-score,lexicase,FALSE,20,elitize_generation_data,182,43,0.87,NA
184,11,scrabble-score,lexicase,FALSE,20,elitize_generation_data,183,44,0.869,NA
185,11,scrabble-score,lexicase,FALSE,20,elitize_generation_data,184,44,0.858,NA
186,11,scrabble-score,lexicase,FALSE,20,elitize_generation_data,185,46,0.876,NA
187,11,scrabble-score,lexicase,FALSE,20,elitize_generation_data,186,54,0.882,NA
188,11,scrabble-score,lexicase,FALSE,20,elitize_generation_data,187,47,0.852,NA
189,11,scrabble-score,lexicase,FALSE,20,elitize_generation_data,188,40,0.873,NA
190,11,scrabble-score,lexicase,FALSE,20,elitize_generation_data,189,48,0.848,NA
191,11,scrabble-score,lexicase,FALSE,20,elitize_generation_data,190,44,0.875,NA
192,11,scrabble-score,lexicase,FALSE,20,elitize_generation_data,191,42,0.861,NA
193,11,scrabble-score,lexicase,FALSE,20,elitize_generation_data,192,41,0.88,NA
194,11,scrabble-score,lexicase,FALSE,20,elitize_generation_data,193,40,0.87,NA
195,11,scrabble-score,lexicase,FALSE,20,elitize_generation_data,194,50,0.87,NA
196,11,scrabble-score,lexicase,FALSE,20,elitize_generation_data,195,40,0.846,NA
197,11,scrabble-score,lexicase,FALSE,20,elitize_generation_data,196,43,0.863,NA
198,11,scrabble-score,lexicase,FALSE,20,elitize_generation_data,197,46,0.851,NA
199,11,scrabble-score,lexicase,FALSE,20,elitize_generation_data,198,46,0.874,NA
200,11,scrabble-score,lexicase,FALSE,20,elitize_generation_data,199,55,0.873,NA
201,11,scrabble-score,lexicase,FALSE,20,elitize_generation_data,200,50,0.869,NA
202,11,scrabble-score,lexicase,FALSE,20,elitize_generation_data,201,45,0.88,NA
203,11,scrabble-score,lexicase,FALSE,20,elitize_generation_data,202,48,0.874,NA
204,11,scrabble-score,lexicase,FALSE,20,elitize_generation_data,203,50,0.874,NA
205,11,scrabble-score,lexicase,FALSE,20,elitize_generation_data,204,53,0.894,NA
206,11,scrabble-score,lexicase,FALSE,20,elitize_generation_data,205,50,0.872,NA
207,11,scrabble-score,lexicase,FALSE,20,elitize_generation_data,206,48,0.872,NA
208,11,scrabble-score,lexicase,FALSE,20,elitize_generation_data,207,37,0.877,NA
209,11,scrabble-score,lexicase,FALSE,20,elitize_generation_data,208,45,0.883,NA
210,11,scrabble-score,lexicase,FALSE,20,elitize_generation_data,209,50,0.873,NA
211,11,scrabble-score,lexicase,FALSE,20,elitize_generation_data,210,41,0.897,NA
212,11,scrabble-score,lexicase,FALSE,20,elitize_generation_data,211,37,0.878,NA
213,11,scrabble-score,lexicase,FALSE,20,elitize_generation_data,212,45,0.866,NA
214,11,scrabble-score,lexicase,FALSE,20,elitize_generation_data,213,53,0.874,NA
215,11,scrabble-score,lexicase,FALSE,20,elitize_generation_data,214,44,0.89,NA
216,11,scrabble-score,lexicase,FALSE,20,elitize_generation_data,215,42,0.86,NA
217,11,scrabble-score,lexicase,FALSE,20,elitize_generation_data,216,47,0.883,NA
218,11,scrabble-score,lexicase,FALSE,20,elitize_generation_data,217,49,0.897,NA
219,11,scrabble-score,lexicase,FALSE,20,elitize_generation_data,218,49,0.872,NA
220,11,scrabble-score,lexicase,FALSE,20,elitize_generation_data,219,43,0.866,NA
221,11,scrabble-score,lexicase,FALSE,20,elitize_generation_data,220,45,0.881,NA
222,11,scrabble-score,lexicase,FALSE,20,elitize_generation_data,221,41,0.854,NA
223,11,scrabble-score,lexicase,FALSE,20,elitize_generation_data,222,46,0.858,NA
224,11,scrabble-score,lexicase,FALSE,20,elitize_generation_data,223,48,0.857,NA
225,11,scrabble-score,lexicase,FALSE,20,elitize_generation_data,224,45,0.861,NA
226,11,scrabble-score,lexicase,FALSE,20,elitize_generation_data,225,52,0.878,NA
227,11,scrabble-score,lexicase,FALSE,20,elitize_generation_data,226,47,0.856,NA
228,11,scrabble-score,lexicase,FALSE,20,elitize_generation_data,227,55,0.848,NA
229,11,scrabble-score,lexicase,FALSE,20,elitize_generation_data,228,41,0.845,NA
230,11,scrabble-score,lexicase,FALSE,20,elitize_generation_data,229,47,0.859,NA
231,11,scrabble-score,lexicase,FALSE,20,elitize_generation_data,230,49,0.874,NA
232,11,scrabble-score,lexicase,FALSE,20,elitize_generation_data,231,42,0.881,NA
233,11,scrabble-score,lexicase,FALSE,20,elitize_generation_data,232,48,0.856,NA
234,11,scrabble-score,lexicase,FALSE,20,elitize_generation_data,233,48,0.861,NA
235,11,scrabble-score,lexicase,FALSE,20,elitize_generation_data,234,50,0.866,NA
236,11,scrabble-score,lexicase,FALSE,20,elitize_generation_data,235,38,0.836,NA
237,11,scrabble-score,lexicase,FALSE,20,elitize_generation_data,236,45,0.841,NA
238,11,scrabble-score,lexicase,FALSE,20,elitize_generation_data,237,44,0.856,NA
239,11,scrabble-score,lexicase,FALSE,20,elitize_generation_data,238,48,0.873,NA
240,11,scrabble-score,lexicase,FALSE,20,elitize_generation_data,239,47,0.856,NA
241,11,scrabble-score,lexicase,FALSE,20,elitize_generation_data,240,45,0.847,NA
242,11,scrabble-score,lexicase,FALSE,20,elitize_generation_data,241,46,0.85,NA
243,11,scrabble-score,lexicase,FALSE,20,elitize_generation_data,242,39,0.866,NA
244,11,scrabble-score,lexicase,FALSE,20,elitize_generation_data,243,42,0.857,NA
245,11,scrabble-score,lexicase,FALSE,20,elitize_generation_data,244,44,0.869,NA
246,11,scrabble-score,lexicase,FALSE,20,elitize_generation_data,245,50,0.863,NA
247,11,scrabble-score,lexicase,FALSE,20,elitize_generation_data,246,50,0.86,NA
248,11,scrabble-score,lexicase,FALSE,20,elitize_generation_data,247,45,0.85,NA
249,11,scrabble-score,lexicase,FALSE,20,elitize_generation_data,248,43,0.854,NA
250,11,scrabble-score,lexicase,FALSE,20,elitize_generation_data,249,47,0.837,NA
251,11,scrabble-score,lexicase,FALSE,20,elitize_generation_data,250,46,0.858,NA
252,11,scrabble-score,lexicase,FALSE,20,elitize_generation_data,251,39,0.863,NA
253,11,scrabble-score,lexicase,FALSE,20,elitize_generation_data,252,46,0.841,NA
254,11,scrabble-score,lexicase,FALSE,20,elitize_generation_data,253,51,0.855,NA
255,11,scrabble-score,lexicase,FALSE,20,elitize_generation_data,254,47,0.849,NA
256,11,scrabble-score,lexicase,FALSE,20,elitize_generation_data,255,52,0.867,NA
257,11,scrabble-score,lexicase,FALSE,20,elitize_generation_data,256,46,0.836,NA
258,11,scrabble-score,lexicase,FALSE,20,elitize_generation_data,257,52,0.849,NA
259,11,scrabble-score,lexicase,FALSE,20,elitize_generation_data,258,44,0.856,NA
260,11,scrabble-score,lexicase,FALSE,20,elitize_generation_data,259,39,0.874,NA
261,11,scrabble-score,lexicase,FALSE,20,elitize_generation_data,260,33,0.847,NA
262,11,scrabble-score,lexicase,FALSE,20,elitize_generation_data,261,43,0.847,NA
263,11,scrabble-score,lexicase,FALSE,20,elitize_generation_data,262,37,0.857,NA
264,11,scrabble-score,lexicase,FALSE,20,elitize_generation_data,263,33,0.851,NA
265,11,scrabble-score,lexicase,FALSE,20,elitize_generation_data,264,36,0.852,NA
266,11,scrabble-score,lexicase,FALSE,20,elitize_generation_data,265,37,0.844,NA
267,11,scrabble-score,lexicase,FALSE,20,elitize_generation_data,266,53,0.831,NA
268,11,scrabble-score,lexicase,FALSE,20,elitize_generation_data,267,41,0.853,NA
269,11,scrabble-score,lexicase,FALSE,20,elitize_generation_data,268,39,0.822,NA
270,11,scrabble-score,lexicase,FALSE,20,elitize_generation_data,269,42,0.832,NA
271,11,scrabble-score,lexicase,FALSE,20,elitize_generation_data,270,49,0.839,NA
272,11,scrabble-score,lexicase,FALSE,20,elitize_generation_data,271,36,0.839,NA
273,11,scrabble-score,lexicase,FALSE,20,elitize_generation_data,272,45,0.851,NA
274,11,scrabble-score,lexicase,FALSE,20,elitize_generation_data,273,45,0.834,NA
275,11,scrabble-score,lexicase,FALSE,20,elitize_generation_data,274,41,0.87,NA
276,11,scrabble-score,lexicase,FALSE,20,elitize_generation_data,275,34,0.842,NA
277,11,scrabble-score,lexicase,FALSE,20,elitize_generation_data,276,41,0.858,NA
278,11,scrabble-score,lexicase,FALSE,20,elitize_generation_data,277,39,0.846,NA
279,11,scrabble-score,lexicase,FALSE,20,elitize_generation_data,278,35,0.863,NA
280,11,scrabble-score,lexicase,FALSE,20,elitize_generation_data,279,46,0.837,NA
281,11,scrabble-score,lexicase,FALSE,20,elitize_generation_data,280,37,0.845,NA
282,11,scrabble-score,lexicase,FALSE,20,elitize_generation_data,281,47,0.857,NA
283,11,scrabble-score,lexicase,FALSE,20,elitize_generation_data,282,45,0.844,NA
284,11,scrabble-score,lexicase,FALSE,20,elitize_generation_data,283,43,0.847,NA
285,11,scrabble-score,lexicase,FALSE,20,elitize_generation_data,284,56,0.844,NA
286,11,scrabble-score,lexicase,FALSE,20,elitize_generation_data,285,58,0.862,NA
287,11,scrabble-score,lexicase,FALSE,20,elitize_generation_data,286,61,0.84,NA
288,11,scrabble-score,lexicase,FALSE,20,elitize_generation_data,287,52,0.852,NA
289,11,scrabble-score,lexicase,FALSE,20,elitize_generation_data,288,57,0.841,NA
290,11,scrabble-score,lexicase,FALSE,20,elitize_generation_data,289,55,0.854,NA
291,11,scrabble-score,lexicase,FALSE,20,elitize_generation_data,290,50,0.851,NA
292,11,scrabble-score,lexicase,FALSE,20,elitize_generation_data,291,44,0.865,NA
293,11,scrabble-score,lexicase,FALSE,20,elitize_generation_data,292,57,0.847,NA
294,11,scrabble-score,lexicase,FALSE,20,elitize_generation_data,293,51,0.871,NA
295,11,scrabble-score,lexicase,FALSE,20,elitize_generation_data,294,56,0.852,NA
296,11,scrabble-score,lexicase,FALSE,20,elitize_generation_data,295,49,0.844,NA
297,11,scrabble-score,lexicase,FALSE,20,elitize_generation_data,296,53,0.848,NA
298,11,scrabble-score,lexicase,FALSE,20,elitize_generation_data,297,54,0.867,NA
299,11,scrabble-score,lexicase,FALSE,20,elitize_generation_data,298,54,0.84,NA
300,11,scrabble-score,lexicase,FALSE,20,elitize_generation_data,299,66,0.825,NA
301,11,scrabble-score,lexicase,FALSE,20,elitize_generation_data,300,56,0.851,NA
