,run.num,problem,treatment,succeeded,height,normalization.function,generation,cluster.count,error.diversity,success.generation
1,82,scrabble-score,lexicase,FALSE,20,elitize_generation_data,0,4,0.101,NA
2,82,scrabble-score,lexicase,FALSE,20,elitize_generation_data,1,2,0.18,NA
3,82,scrabble-score,lexicase,FALSE,20,elitize_generation_data,2,3,0.244,NA
4,82,scrabble-score,lexicase,FALSE,20,elitize_generation_data,3,3,0.315,NA
5,82,scrabble-score,lexicase,FALSE,20,elitize_generation_data,4,2,0.415,NA
6,82,scrabble-score,lexicase,FALSE,20,elitize_generation_data,5,3,0.475,NA
7,82,scrabble-score,lexicase,FALSE,20,elitize_generation_data,6,3,0.569,NA
8,82,scrabble-score,lexicase,FALSE,20,elitize_generation_data,7,5,0.636,NA
9,82,scrabble-score,lexicase,FALSE,20,elitize_generation_data,8,7,0.647,NA
10,82,scrabble-score,lexicase,FALSE,20,elitize_generation_data,9,7,0.719,NA
11,82,scrabble-score,lexicase,FALSE,20,elitize_generation_data,10,9,0.745,NA
12,82,scrabble-score,lexicase,FALSE,20,elitize_generation_data,11,12,0.753,NA
13,82,scrabble-score,lexicase,FALSE,20,elitize_generation_data,12,12,0.781,NA
14,82,scrabble-score,lexicase,FALSE,20,elitize_generation_data,13,12,0.798,NA
15,82,scrabble-score,lexicase,FALSE,20,elitize_generation_data,14,15,0.825,NA
16,82,scrabble-score,lexicase,FALSE,20,elitize_generation_data,15,16,0.818,NA
17,82,scrabble-score,lexicase,FALSE,20,elitize_generation_data,16,16,0.843,NA
18,82,scrabble-score,lexicase,FALSE,20,elitize_generation_data,17,19,0.83,NA
19,82,scrabble-score,lexicase,FALSE,20,elitize_generation_data,18,18,0.854,NA
20,82,scrabble-score,lexicase,FALSE,20,elitize_generation_data,19,19,0.874,NA
21,82,scrabble-score,lexicase,FALSE,20,elitize_generation_data,20,21,0.848,NA
22,82,scrabble-score,lexicase,FALSE,20,elitize_generation_data,21,20,0.87,NA
23,82,scrabble-score,lexicase,FALSE,20,elitize_generation_data,22,16,0.877,NA
24,82,scrabble-score,lexicase,FALSE,20,elitize_generation_data,23,18,0.864,NA
25,82,scrabble-score,lexicase,FALSE,20,elitize_generation_data,24,20,0.871,NA
26,82,scrabble-score,lexicase,FALSE,20,elitize_generation_data,25,19,0.868,NA
27,82,scrabble-score,lexicase,FALSE,20,elitize_generation_data,26,19,0.893,NA
28,82,scrabble-score,lexicase,FALSE,20,elitize_generation_data,27,21,0.875,NA
29,82,scrabble-score,lexicase,FALSE,20,elitize_generation_data,28,20,0.884,NA
30,82,scrabble-score,lexicase,FALSE,20,elitize_generation_data,29,20,0.873,NA
31,82,scrabble-score,lexicase,FALSE,20,elitize_generation_data,30,19,0.867,NA
32,82,scrabble-score,lexicase,FALSE,20,elitize_generation_data,31,23,0.888,NA
33,82,scrabble-score,lexicase,FALSE,20,elitize_generation_data,32,26,0.884,NA
34,82,scrabble-score,lexicase,FALSE,20,elitize_generation_data,33,21,0.88,NA
35,82,scrabble-score,lexicase,FALSE,20,elitize_generation_data,34,18,0.867,NA
36,82,scrabble-score,lexicase,FALSE,20,elitize_generation_data,35,15,0.876,NA
37,82,scrabble-score,lexicase,FALSE,20,elitize_generation_data,36,20,0.879,NA
38,82,scrabble-score,lexicase,FALSE,20,elitize_generation_data,37,18,0.87,NA
39,82,scrabble-score,lexicase,FALSE,20,elitize_generation_data,38,20,0.873,NA
40,82,scrabble-score,lexicase,FALSE,20,elitize_generation_data,39,23,0.893,NA
41,82,scrabble-score,lexicase,FALSE,20,elitize_generation_data,40,26,0.865,NA
42,82,scrabble-score,lexicase,FALSE,20,elitize_generation_data,41,27,0.878,NA
43,82,scrabble-score,lexicase,FALSE,20,elitize_generation_data,42,23,0.864,NA
44,82,scrabble-score,lexicase,FALSE,20,elitize_generation_data,43,25,0.888,NA
45,82,scrabble-score,lexicase,FALSE,20,elitize_generation_data,44,24,0.866,NA
46,82,scrabble-score,lexicase,FALSE,20,elitize_generation_data,45,25,0.885,NA
47,82,scrabble-score,lexicase,FALSE,20,elitize_generation_data,46,27,0.876,NA
48,82,scrabble-score,lexicase,FALSE,20,elitize_generation_data,47,22,0.879,NA
49,82,scrabble-score,lexicase,FALSE,20,elitize_generation_data,48,29,0.89,NA
50,82,scrabble-score,lexicase,FALSE,20,elitize_generation_data,49,30,0.869,NA
51,82,scrabble-score,lexicase,FALSE,20,elitize_generation_data,50,32,0.883,NA
52,82,scrabble-score,lexicase,FALSE,20,elitize_generation_data,51,21,0.892,NA
53,82,scrabble-score,lexicase,FALSE,20,elitize_generation_data,52,24,0.884,NA
54,82,scrabble-score,lexicase,FALSE,20,elitize_generation_data,53,28,0.902,NA
55,82,scrabble-score,lexicase,FALSE,20,elitize_generation_data,54,27,0.893,NA
56,82,scrabble-score,lexicase,FALSE,20,elitize_generation_data,55,33,0.886,NA
57,82,scrabble-score,lexicase,FALSE,20,elitize_generation_data,56,34,0.898,NA
58,82,scrabble-score,lexicase,FALSE,20,elitize_generation_data,57,32,0.887,NA
59,82,scrabble-score,lexicase,FALSE,20,elitize_generation_data,58,34,0.881,NA
60,82,scrabble-score,lexicase,FALSE,20,elitize_generation_data,59,29,0.891,NA
61,82,scrabble-score,lexicase,FALSE,20,elitize_generation_data,60,33,0.895,NA
62,82,scrabble-score,lexicase,FALSE,20,elitize_generation_data,61,26,0.889,NA
63,82,scrabble-score,lexicase,FALSE,20,elitize_generation_data,62,27,0.881,NA
64,82,scrabble-score,lexicase,FALSE,20,elitize_generation_data,63,33,0.88,NA
65,82,scrabble-score,lexicase,FALSE,20,elitize_generation_data,64,29,0.902,NA
66,82,scrabble-score,lexicase,FALSE,20,elitize_generation_data,65,28,0.882,NA
67,82,scrabble-score,lexicase,FALSE,20,elitize_generation_data,66,34,0.899,NA
68,82,scrabble-score,lexicase,FALSE,20,elitize_generation_data,67,29,0.889,NA
69,82,scrabble-score,lexicase,FALSE,20,elitize_generation_data,68,28,0.897,NA
70,82,scrabble-score,lexicase,FALSE,20,elitize_generation_data,69,28,0.888,NA
71,82,scrabble-score,lexicase,FALSE,20,elitize_generation_data,70,27,0.898,NA
72,82,scrabble-score,lexicase,FALSE,20,elitize_generation_data,71,27,0.896,NA
73,82,scrabble-score,lexicase,FALSE,20,elitize_generation_data,72,19,0.897,NA
74,82,scrabble-score,lexicase,FALSE,20,elitize_generation_data,73,22,0.899,NA
75,82,scrabble-score,lexicase,FALSE,20,elitize_generation_data,74,27,0.902,NA
76,82,scrabble-score,lexicase,FALSE,20,elitize_generation_data,75,25,0.883,NA
77,82,scrabble-score,lexicase,FALSE,20,elitize_generation_data,76,18,0.883,NA
78,82,scrabble-score,lexicase,FALSE,20,elitize_generation_data,77,26,0.891,NA
79,82,scrabble-score,lexicase,FALSE,20,elitize_generation_data,78,24,0.901,NA
80,82,scrabble-score,lexicase,FALSE,20,elitize_generation_data,79,28,0.896,NA
81,82,scrabble-score,lexicase,FALSE,20,elitize_generation_data,80,31,0.888,NA
82,82,scrabble-score,lexicase,FALSE,20,elitize_generation_data,81,32,0.9,NA
83,82,scrabble-score,lexicase,FALSE,20,elitize_generation_data,82,27,0.887,NA
84,82,scrabble-score,lexicase,FALSE,20,elitize_generation_data,83,31,0.881,NA
85,82,scrabble-score,lexicase,FALSE,20,elitize_generation_data,84,31,0.89,NA
86,82,scrabble-score,lexicase,FALSE,20,elitize_generation_data,85,23,0.879,NA
87,82,scrabble-score,lexicase,FALSE,20,elitize_generation_data,86,24,0.905,NA
88,82,scrabble-score,lexicase,FALSE,20,elitize_generation_data,87,25,0.89,NA
89,82,scrabble-score,lexicase,FALSE,20,elitize_generation_data,88,24,0.892,NA
90,82,scrabble-score,lexicase,FALSE,20,elitize_generation_data,89,22,0.892,NA
91,82,scrabble-score,lexicase,FALSE,20,elitize_generation_data,90,29,0.877,NA
92,82,scrabble-score,lexicase,FALSE,20,elitize_generation_data,91,23,0.89,NA
93,82,scrabble-score,lexicase,FALSE,20,elitize_generation_data,92,18,0.877,NA
94,82,scrabble-score,lexicase,FALSE,20,elitize_generation_data,93,29,0.89,NA
95,82,scrabble-score,lexicase,FALSE,20,elitize_generation_data,94,26,0.884,NA
96,82,scrabble-score,lexicase,FALSE,20,elitize_generation_data,95,24,0.872,NA
97,82,scrabble-score,lexicase,FALSE,20,elitize_generation_data,96,27,0.882,NA
98,82,scrabble-score,lexicase,FALSE,20,elitize_generation_data,97,29,0.881,NA
99,82,scrabble-score,lexicase,FALSE,20,elitize_generation_data,98,31,0.845,NA
100,82,scrabble-score,lexicase,FALSE,20,elitize_generation_data,99,23,0.871,NA
101,82,scrabble-score,lexicase,FALSE,20,elitize_generation_data,100,20,0.88,NA
102,82,scrabble-score,lexicase,FALSE,20,elitize_generation_data,101,21,0.853,NA
103,82,scrabble-score,lexicase,FALSE,20,elitize_generation_data,102,22,0.892,NA
104,82,scrabble-score,lexicase,FALSE,20,elitize_generation_data,103,22,0.889,NA
105,82,scrabble-score,lexicase,FALSE,20,elitize_generation_data,104,13,0.888,NA
106,82,scrabble-score,lexicase,FALSE,20,elitize_generation_data,105,24,0.867,NA
107,82,scrabble-score,lexicase,FALSE,20,elitize_generation_data,106,16,0.861,NA
108,82,scrabble-score,lexicase,FALSE,20,elitize_generation_data,107,23,0.854,NA
109,82,scrabble-score,lexicase,FALSE,20,elitize_generation_data,108,14,0.862,NA
110,82,scrabble-score,lexicase,FALSE,20,elitize_generation_data,109,26,0.879,NA
111,82,scrabble-score,lexicase,FALSE,20,elitize_generation_data,110,27,0.867,NA
112,82,scrabble-score,lexicase,FALSE,20,elitize_generation_data,111,28,0.871,NA
113,82,scrabble-score,lexicase,FALSE,20,elitize_generation_data,112,32,0.882,NA
114,82,scrabble-score,lexicase,FALSE,20,elitize_generation_data,113,28,0.887,NA
115,82,scrabble-score,lexicase,FALSE,20,elitize_generation_data,114,33,0.895,NA
116,82,scrabble-score,lexicase,FALSE,20,elitize_generation_data,115,29,0.892,NA
117,82,scrabble-score,lexicase,FALSE,20,elitize_generation_data,116,29,0.87,NA
118,82,scrabble-score,lexicase,FALSE,20,elitize_generation_data,117,30,0.883,NA
119,82,scrabble-score,lexicase,FALSE,20,elitize_generation_data,118,28,0.864,NA
120,82,scrabble-score,lexicase,FALSE,20,elitize_generation_data,119,24,0.896,NA
121,82,scrabble-score,lexicase,FALSE,20,elitize_generation_data,120,29,0.867,NA
122,82,scrabble-score,lexicase,FALSE,20,elitize_generation_data,121,29,0.86,NA
123,82,scrabble-score,lexicase,FALSE,20,elitize_generation_data,122,27,0.869,NA
124,82,scrabble-score,lexicase,FALSE,20,elitize_generation_data,123,27,0.839,NA
125,82,scrabble-score,lexicase,FALSE,20,elitize_generation_data,124,27,0.852,NA
126,82,scrabble-score,lexicase,FALSE,20,elitize_generation_data,125,24,0.84,NA
127,82,scrabble-score,lexicase,FALSE,20,elitize_generation_data,126,26,0.849,NA
128,82,scrabble-score,lexicase,FALSE,20,elitize_generation_data,127,21,0.82,NA
129,82,scrabble-score,lexicase,FALSE,20,elitize_generation_data,128,29,0.834,NA
130,82,scrabble-score,lexicase,FALSE,20,elitize_generation_data,129,32,0.826,NA
131,82,scrabble-score,lexicase,FALSE,20,elitize_generation_data,130,33,0.85,NA
132,82,scrabble-score,lexicase,FALSE,20,elitize_generation_data,131,32,0.832,NA
133,82,scrabble-score,lexicase,FALSE,20,elitize_generation_data,132,37,0.812,NA
134,82,scrabble-score,lexicase,FALSE,20,elitize_generation_data,133,40,0.843,NA
135,82,scrabble-score,lexicase,FALSE,20,elitize_generation_data,134,37,0.837,NA
136,82,scrabble-score,lexicase,FALSE,20,elitize_generation_data,135,38,0.812,NA
137,82,scrabble-score,lexicase,FALSE,20,elitize_generation_data,136,38,0.833,NA
138,82,scrabble-score,lexicase,FALSE,20,elitize_generation_data,137,41,0.812,NA
139,82,scrabble-score,lexicase,FALSE,20,elitize_generation_data,138,36,0.83,NA
140,82,scrabble-score,lexicase,FALSE,20,elitize_generation_data,139,36,0.823,NA
141,82,scrabble-score,lexicase,FALSE,20,elitize_generation_data,140,34,0.825,NA
142,82,scrabble-score,lexicase,FALSE,20,elitize_generation_data,141,44,0.843,NA
143,82,scrabble-score,lexicase,FALSE,20,elitize_generation_data,142,37,0.825,NA
144,82,scrabble-score,lexicase,FALSE,20,elitize_generation_data,143,40,0.819,NA
145,82,scrabble-score,lexicase,FALSE,20,elitize_generation_data,144,50,0.829,NA
146,82,scrabble-score,lexicase,FALSE,20,elitize_generation_data,145,43,0.841,NA
147,82,scrabble-score,lexicase,FALSE,20,elitize_generation_data,146,41,0.82,NA
148,82,scrabble-score,lexicase,FALSE,20,elitize_generation_data,147,43,0.839,NA
149,82,scrabble-score,lexicase,FALSE,20,elitize_generation_data,148,40,0.823,NA
150,82,scrabble-score,lexicase,FALSE,20,elitize_generation_data,149,49,0.851,NA
151,82,scrabble-score,lexicase,FALSE,20,elitize_generation_data,150,53,0.838,NA
152,82,scrabble-score,lexicase,FALSE,20,elitize_generation_data,151,52,0.827,NA
153,82,scrabble-score,lexicase,FALSE,20,elitize_generation_data,152,50,0.823,NA
154,82,scrabble-score,lexicase,FALSE,20,elitize_generation_data,153,51,0.821,NA
155,82,scrabble-score,lexicase,FALSE,20,elitize_generation_data,154,43,0.811,NA
156,82,scrabble-score,lexicase,FALSE,20,elitize_generation_data,155,40,0.822,NA
157,82,scrabble-score,lexicase,FALSE,20,elitize_generation_data,156,41,0.83,NA
158,82,scrabble-score,lexicase,FALSE,20,elitize_generation_data,157,46,0.832,NA
159,82,scrabble-score,lexicase,FALSE,20,elitize_generation_data,158,52,0.81,NA
160,82,scrabble-score,lexicase,FALSE,20,elitize_generation_data,159,47,0.842,NA
161,82,scrabble-score,lexicase,FALSE,20,elitize_generation_data,160,46,0.811,NA
162,82,scrabble-score,lexicase,FALSE,20,elitize_generation_data,161,50,0.836,NA
163,82,scrabble-score,lexicase,FALSE,20,elitize_generation_data,162,49,0.846,NA
164,82,scrabble-score,lexicase,FALSE,20,elitize_generation_data,163,40,0.851,NA
165,82,scrabble-score,lexicase,FALSE,20,elitize_generation_data,164,41,0.84,NA
166,82,scrabble-score,lexicase,FALSE,20,elitize_generation_data,165,44,0.849,NA
167,82,scrabble-score,lexicase,FALSE,20,elitize_generation_data,166,40,0.83,NA
168,82,scrabble-score,lexicase,FALSE,20,elitize_generation_data,167,44,0.837,NA
169,82,scrabble-score,lexicase,FALSE,20,elitize_generation_data,168,45,0.822,NA
170,82,scrabble-score,lexicase,FALSE,20,elitize_generation_data,169,50,0.844,NA
171,82,scrabble-score,lexicase,FALSE,20,elitize_generation_data,170,47,0.832,NA
172,82,scrabble-score,lexicase,FALSE,20,elitize_generation_data,171,45,0.815,NA
173,82,scrabble-score,lexicase,FALSE,20,elitize_generation_data,172,50,0.831,NA
174,82,scrabble-score,lexicase,FALSE,20,elitize_generation_data,173,45,0.831,NA
175,82,scrabble-score,lexicase,FALSE,20,elitize_generation_data,174,52,0.804,NA
176,82,scrabble-score,lexicase,FALSE,20,elitize_generation_data,175,51,0.84,NA
177,82,scrabble-score,lexicase,FALSE,20,elitize_generation_data,176,49,0.806,NA
178,82,scrabble-score,lexicase,FALSE,20,elitize_generation_data,177,51,0.835,NA
179,82,scrabble-score,lexicase,FALSE,20,elitize_generation_data,178,55,0.823,NA
180,82,scrabble-score,lexicase,FALSE,20,elitize_generation_data,179,59,0.838,NA
181,82,scrabble-score,lexicase,FALSE,20,elitize_generation_data,180,49,0.855,NA
182,82,scrabble-score,lexicase,FALSE,20,elitize_generation_data,181,55,0.812,NA
183,82,scrabble-score,lexicase,FALSE,20,elitize_generation_data,182,54,0.838,NA
184,82,scrabble-score,lexicase,FALSE,20,elitize_generation_data,183,50,0.821,NA
185,82,scrabble-score,lexicase,FALSE,20,elitize_generation_data,184,55,0.817,NA
186,82,scrabble-score,lexicase,FALSE,20,elitize_generation_data,185,61,0.827,NA
187,82,scrabble-score,lexicase,FALSE,20,elitize_generation_data,186,62,0.839,NA
188,82,scrabble-score,lexicase,FALSE,20,elitize_generation_data,187,58,0.812,NA
189,82,scrabble-score,lexicase,FALSE,20,elitize_generation_data,188,64,0.83,NA
190,82,scrabble-score,lexicase,FALSE,20,elitize_generation_data,189,66,0.824,NA
191,82,scrabble-score,lexicase,FALSE,20,elitize_generation_data,190,50,0.813,NA
192,82,scrabble-score,lexicase,FALSE,20,elitize_generation_data,191,48,0.826,NA
193,82,scrabble-score,lexicase,FALSE,20,elitize_generation_data,192,51,0.833,NA
194,82,scrabble-score,lexicase,FALSE,20,elitize_generation_data,193,49,0.833,NA
195,82,scrabble-score,lexicase,FALSE,20,elitize_generation_data,194,48,0.818,NA
196,82,scrabble-score,lexicase,FALSE,20,elitize_generation_data,195,59,0.806,NA
197,82,scrabble-score,lexicase,FALSE,20,elitize_generation_data,196,60,0.832,NA
198,82,scrabble-score,lexicase,FALSE,20,elitize_generation_data,197,59,0.815,NA
199,82,scrabble-score,lexicase,FALSE,20,elitize_generation_data,198,58,0.831,NA
200,82,scrabble-score,lexicase,FALSE,20,elitize_generation_data,199,60,0.83,NA
201,82,scrabble-score,lexicase,FALSE,20,elitize_generation_data,200,54,0.83,NA
202,82,scrabble-score,lexicase,FALSE,20,elitize_generation_data,201,48,0.824,NA
203,82,scrabble-score,lexicase,FALSE,20,elitize_generation_data,202,55,0.802,NA
204,82,scrabble-score,lexicase,FALSE,20,elitize_generation_data,203,52,0.826,NA
205,82,scrabble-score,lexicase,FALSE,20,elitize_generation_data,204,51,0.823,NA
206,82,scrabble-score,lexicase,FALSE,20,elitize_generation_data,205,52,0.843,NA
207,82,scrabble-score,lexicase,FALSE,20,elitize_generation_data,206,56,0.816,NA
208,82,scrabble-score,lexicase,FALSE,20,elitize_generation_data,207,56,0.83,NA
209,82,scrabble-score,lexicase,FALSE,20,elitize_generation_data,208,59,0.832,NA
210,82,scrabble-score,lexicase,FALSE,20,elitize_generation_data,209,65,0.839,NA
211,82,scrabble-score,lexicase,FALSE,20,elitize_generation_data,210,64,0.813,NA
212,82,scrabble-score,lexicase,FALSE,20,elitize_generation_data,211,61,0.832,NA
213,82,scrabble-score,lexicase,FALSE,20,elitize_generation_data,212,64,0.837,NA
214,82,scrabble-score,lexicase,FALSE,20,elitize_generation_data,213,67,0.844,NA
215,82,scrabble-score,lexicase,FALSE,20,elitize_generation_data,214,65,0.837,NA
216,82,scrabble-score,lexicase,FALSE,20,elitize_generation_data,215,65,0.828,NA
217,82,scrabble-score,lexicase,FALSE,20,elitize_generation_data,216,60,0.838,NA
218,82,scrabble-score,lexicase,FALSE,20,elitize_generation_data,217,62,0.832,NA
219,82,scrabble-score,lexicase,FALSE,20,elitize_generation_data,218,62,0.829,NA
220,82,scrabble-score,lexicase,FALSE,20,elitize_generation_data,219,64,0.825,NA
221,82,scrabble-score,lexicase,FALSE,20,elitize_generation_data,220,59,0.83,NA
222,82,scrabble-score,lexicase,FALSE,20,elitize_generation_data,221,60,0.813,NA
223,82,scrabble-score,lexicase,FALSE,20,elitize_generation_data,222,57,0.831,NA
224,82,scrabble-score,lexicase,FALSE,20,elitize_generation_data,223,55,0.818,NA
225,82,scrabble-score,lexicase,FALSE,20,elitize_generation_data,224,63,0.833,NA
226,82,scrabble-score,lexicase,FALSE,20,elitize_generation_data,225,66,0.827,NA
227,82,scrabble-score,lexicase,FALSE,20,elitize_generation_data,226,65,0.818,NA
228,82,scrabble-score,lexicase,FALSE,20,elitize_generation_data,227,68,0.814,NA
229,82,scrabble-score,lexicase,FALSE,20,elitize_generation_data,228,61,0.829,NA
230,82,scrabble-score,lexicase,FALSE,20,elitize_generation_data,229,65,0.843,NA
231,82,scrabble-score,lexicase,FALSE,20,elitize_generation_data,230,55,0.841,NA
232,82,scrabble-score,lexicase,FALSE,20,elitize_generation_data,231,48,0.821,NA
233,82,scrabble-score,lexicase,FALSE,20,elitize_generation_data,232,57,0.819,NA
234,82,scrabble-score,lexicase,FALSE,20,elitize_generation_data,233,53,0.818,NA
235,82,scrabble-score,lexicase,FALSE,20,elitize_generation_data,234,66,0.831,NA
236,82,scrabble-score,lexicase,FALSE,20,elitize_generation_data,235,75,0.838,NA
237,82,scrabble-score,lexicase,FALSE,20,elitize_generation_data,236,69,0.845,NA
238,82,scrabble-score,lexicase,FALSE,20,elitize_generation_data,237,63,0.811,NA
239,82,scrabble-score,lexicase,FALSE,20,elitize_generation_data,238,73,0.826,NA
240,82,scrabble-score,lexicase,FALSE,20,elitize_generation_data,239,63,0.836,NA
241,82,scrabble-score,lexicase,FALSE,20,elitize_generation_data,240,57,0.827,NA
242,82,scrabble-score,lexicase,FALSE,20,elitize_generation_data,241,70,0.819,NA
243,82,scrabble-score,lexicase,FALSE,20,elitize_generation_data,242,67,0.837,NA
244,82,scrabble-score,lexicase,FALSE,20,elitize_generation_data,243,63,0.812,NA
245,82,scrabble-score,lexicase,FALSE,20,elitize_generation_data,244,67,0.819,NA
246,82,scrabble-score,lexicase,FALSE,20,elitize_generation_data,245,64,0.829,NA
247,82,scrabble-score,lexicase,FALSE,20,elitize_generation_data,246,67,0.834,NA
248,82,scrabble-score,lexicase,FALSE,20,elitize_generation_data,247,64,0.813,NA
249,82,scrabble-score,lexicase,FALSE,20,elitize_generation_data,248,66,0.849,NA
250,82,scrabble-score,lexicase,FALSE,20,elitize_generation_data,249,64,0.843,NA
251,82,scrabble-score,lexicase,FALSE,20,elitize_generation_data,250,61,0.835,NA
252,82,scrabble-score,lexicase,FALSE,20,elitize_generation_data,251,72,0.833,NA
253,82,scrabble-score,lexicase,FALSE,20,elitize_generation_data,252,66,0.844,NA
254,82,scrabble-score,lexicase,FALSE,20,elitize_generation_data,253,65,0.853,NA
255,82,scrabble-score,lexicase,FALSE,20,elitize_generation_data,254,71,0.82,NA
256,82,scrabble-score,lexicase,FALSE,20,elitize_generation_data,255,70,0.849,NA
257,82,scrabble-score,lexicase,FALSE,20,elitize_generation_data,256,74,0.846,NA
258,82,scrabble-score,lexicase,FALSE,20,elitize_generation_data,257,62,0.84,NA
259,82,scrabble-score,lexicase,FALSE,20,elitize_generation_data,258,62,0.854,NA
260,82,scrabble-score,lexicase,FALSE,20,elitize_generation_data,259,62,0.825,NA
261,82,scrabble-score,lexicase,FALSE,20,elitize_generation_data,260,70,0.815,NA
262,82,scrabble-score,lexicase,FALSE,20,elitize_generation_data,261,62,0.828,NA
263,82,scrabble-score,lexicase,FALSE,20,elitize_generation_data,262,63,0.838,NA
264,82,scrabble-score,lexicase,FALSE,20,elitize_generation_data,263,68,0.836,NA
265,82,scrabble-score,lexicase,FALSE,20,elitize_generation_data,264,59,0.848,NA
266,82,scrabble-score,lexicase,FALSE,20,elitize_generation_data,265,63,0.822,NA
267,82,scrabble-score,lexicase,FALSE,20,elitize_generation_data,266,61,0.82,NA
268,82,scrabble-score,lexicase,FALSE,20,elitize_generation_data,267,62,0.828,NA
269,82,scrabble-score,lexicase,FALSE,20,elitize_generation_data,268,54,0.82,NA
270,82,scrabble-score,lexicase,FALSE,20,elitize_generation_data,269,60,0.819,NA
271,82,scrabble-score,lexicase,FALSE,20,elitize_generation_data,270,69,0.835,NA
272,82,scrabble-score,lexicase,FALSE,20,elitize_generation_data,271,64,0.835,NA
273,82,scrabble-score,lexicase,FALSE,20,elitize_generation_data,272,70,0.825,NA
274,82,scrabble-score,lexicase,FALSE,20,elitize_generation_data,273,65,0.813,NA
275,82,scrabble-score,lexicase,FALSE,20,elitize_generation_data,274,70,0.823,NA
276,82,scrabble-score,lexicase,FALSE,20,elitize_generation_data,275,71,0.836,NA
277,82,scrabble-score,lexicase,FALSE,20,elitize_generation_data,276,67,0.853,NA
278,82,scrabble-score,lexicase,FALSE,20,elitize_generation_data,277,69,0.841,NA
279,82,scrabble-score,lexicase,FALSE,20,elitize_generation_data,278,69,0.849,NA
280,82,scrabble-score,lexicase,FALSE,20,elitize_generation_data,279,62,0.828,NA
281,82,scrabble-score,lexicase,FALSE,20,elitize_generation_data,280,64,0.845,NA
282,82,scrabble-score,lexicase,FALSE,20,elitize_generation_data,281,70,0.827,NA
283,82,scrabble-score,lexicase,FALSE,20,elitize_generation_data,282,64,0.815,NA
284,82,scrabble-score,lexicase,FALSE,20,elitize_generation_data,283,75,0.825,NA
285,82,scrabble-score,lexicase,FALSE,20,elitize_generation_data,284,78,0.826,NA
286,82,scrabble-score,lexicase,FALSE,20,elitize_generation_data,285,71,0.841,NA
287,82,scrabble-score,lexicase,FALSE,20,elitize_generation_data,286,72,0.833,NA
288,82,scrabble-score,lexicase,FALSE,20,elitize_generation_data,287,76,0.808,NA
289,82,scrabble-score,lexicase,FALSE,20,elitize_generation_data,288,74,0.804,NA
290,82,scrabble-score,lexicase,FALSE,20,elitize_generation_data,289,73,0.807,NA
291,82,scrabble-score,lexicase,FALSE,20,elitize_generation_data,290,65,0.824,NA
292,82,scrabble-score,lexicase,FALSE,20,elitize_generation_data,291,68,0.828,NA
293,82,scrabble-score,lexicase,FALSE,20,elitize_generation_data,292,73,0.813,NA
294,82,scrabble-score,lexicase,FALSE,20,elitize_generation_data,293,59,0.835,NA
295,82,scrabble-score,lexicase,FALSE,20,elitize_generation_data,294,59,0.829,NA
296,82,scrabble-score,lexicase,FALSE,20,elitize_generation_data,295,64,0.833,NA
297,82,scrabble-score,lexicase,FALSE,20,elitize_generation_data,296,72,0.846,NA
298,82,scrabble-score,lexicase,FALSE,20,elitize_generation_data,297,66,0.833,NA
299,82,scrabble-score,lexicase,FALSE,20,elitize_generation_data,298,77,0.816,NA
300,82,scrabble-score,lexicase,FALSE,20,elitize_generation_data,299,79,0.823,NA
301,82,scrabble-score,lexicase,FALSE,20,elitize_generation_data,300,66,0.823,NA
