,run.num,problem,treatment,succeeded,height,normalization.function,generation,cluster.count,error.diversity,success.generation
1,1,scrabble-score,lexicase,FALSE,20,elitize_generation_data,0,2,0.112,NA
2,1,scrabble-score,lexicase,FALSE,20,elitize_generation_data,1,2,0.171,NA
3,1,scrabble-score,lexicase,FALSE,20,elitize_generation_data,2,3,0.205,NA
4,1,scrabble-score,lexicase,FALSE,20,elitize_generation_data,3,3,0.219,NA
5,1,scrabble-score,lexicase,FALSE,20,elitize_generation_data,4,3,0.301,NA
6,1,scrabble-score,lexicase,FALSE,20,elitize_generation_data,5,3,0.362,NA
7,1,scrabble-score,lexicase,FALSE,20,elitize_generation_data,6,3,0.489,NA
8,1,scrabble-score,lexicase,FALSE,20,elitize_generation_data,7,4,0.583,NA
9,1,scrabble-score,lexicase,FALSE,20,elitize_generation_data,8,4,0.677,NA
10,1,scrabble-score,lexicase,FALSE,20,elitize_generation_data,9,6,0.746,NA
11,1,scrabble-score,lexicase,FALSE,20,elitize_generation_data,10,6,0.779,NA
12,1,scrabble-score,lexicase,FALSE,20,elitize_generation_data,11,7,0.815,NA
13,1,scrabble-score,lexicase,FALSE,20,elitize_generation_data,12,8,0.821,NA
14,1,scrabble-score,lexicase,FALSE,20,elitize_generation_data,13,10,0.84,NA
15,1,scrabble-score,lexicase,FALSE,20,elitize_generation_data,14,12,0.828,NA
16,1,scrabble-score,lexicase,FALSE,20,elitize_generation_data,15,9,0.808,NA
17,1,scrabble-score,lexicase,FALSE,20,elitize_generation_data,16,8,0.864,NA
18,1,scrabble-score,lexicase,FALSE,20,elitize_generation_data,17,10,0.829,NA
19,1,scrabble-score,lexicase,FALSE,20,elitize_generation_data,18,11,0.857,NA
20,1,scrabble-score,lexicase,FALSE,20,elitize_generation_data,19,10,0.869,NA
21,1,scrabble-score,lexicase,FALSE,20,elitize_generation_data,20,8,0.877,NA
22,1,scrabble-score,lexicase,FALSE,20,elitize_generation_data,21,10,0.87,NA
23,1,scrabble-score,lexicase,FALSE,20,elitize_generation_data,22,11,0.873,NA
24,1,scrabble-score,lexicase,FALSE,20,elitize_generation_data,23,10,0.873,NA
25,1,scrabble-score,lexicase,FALSE,20,elitize_generation_data,24,12,0.884,NA
26,1,scrabble-score,lexicase,FALSE,20,elitize_generation_data,25,11,0.884,NA
27,1,scrabble-score,lexicase,FALSE,20,elitize_generation_data,26,15,0.885,NA
28,1,scrabble-score,lexicase,FALSE,20,elitize_generation_data,27,13,0.871,NA
29,1,scrabble-score,lexicase,FALSE,20,elitize_generation_data,28,12,0.87,NA
30,1,scrabble-score,lexicase,FALSE,20,elitize_generation_data,29,12,0.893,NA
31,1,scrabble-score,lexicase,FALSE,20,elitize_generation_data,30,12,0.869,NA
32,1,scrabble-score,lexicase,FALSE,20,elitize_generation_data,31,10,0.871,NA
33,1,scrabble-score,lexicase,FALSE,20,elitize_generation_data,32,11,0.896,NA
34,1,scrabble-score,lexicase,FALSE,20,elitize_generation_data,33,12,0.891,NA
35,1,scrabble-score,lexicase,FALSE,20,elitize_generation_data,34,13,0.893,NA
36,1,scrabble-score,lexicase,FALSE,20,elitize_generation_data,35,16,0.875,NA
37,1,scrabble-score,lexicase,FALSE,20,elitize_generation_data,36,15,0.881,NA
38,1,scrabble-score,lexicase,FALSE,20,elitize_generation_data,37,13,0.882,NA
39,1,scrabble-score,lexicase,FALSE,20,elitize_generation_data,38,15,0.9,NA
40,1,scrabble-score,lexicase,FALSE,20,elitize_generation_data,39,10,0.9,NA
41,1,scrabble-score,lexicase,FALSE,20,elitize_generation_data,40,13,0.894,NA
42,1,scrabble-score,lexicase,FALSE,20,elitize_generation_data,41,14,0.894,NA
43,1,scrabble-score,lexicase,FALSE,20,elitize_generation_data,42,12,0.887,NA
44,1,scrabble-score,lexicase,FALSE,20,elitize_generation_data,43,19,0.893,NA
45,1,scrabble-score,lexicase,FALSE,20,elitize_generation_data,44,14,0.908,NA
46,1,scrabble-score,lexicase,FALSE,20,elitize_generation_data,45,16,0.894,NA
47,1,scrabble-score,lexicase,FALSE,20,elitize_generation_data,46,16,0.907,NA
48,1,scrabble-score,lexicase,FALSE,20,elitize_generation_data,47,19,0.888,NA
49,1,scrabble-score,lexicase,FALSE,20,elitize_generation_data,48,17,0.895,NA
50,1,scrabble-score,lexicase,FALSE,20,elitize_generation_data,49,18,0.91,NA
51,1,scrabble-score,lexicase,FALSE,20,elitize_generation_data,50,22,0.908,NA
52,1,scrabble-score,lexicase,FALSE,20,elitize_generation_data,51,20,0.906,NA
53,1,scrabble-score,lexicase,FALSE,20,elitize_generation_data,52,20,0.905,NA
54,1,scrabble-score,lexicase,FALSE,20,elitize_generation_data,53,24,0.915,NA
55,1,scrabble-score,lexicase,FALSE,20,elitize_generation_data,54,33,0.91,NA
56,1,scrabble-score,lexicase,FALSE,20,elitize_generation_data,55,21,0.907,NA
57,1,scrabble-score,lexicase,FALSE,20,elitize_generation_data,56,17,0.905,NA
58,1,scrabble-score,lexicase,FALSE,20,elitize_generation_data,57,18,0.912,NA
59,1,scrabble-score,lexicase,FALSE,20,elitize_generation_data,58,19,0.897,NA
60,1,scrabble-score,lexicase,FALSE,20,elitize_generation_data,59,26,0.916,NA
61,1,scrabble-score,lexicase,FALSE,20,elitize_generation_data,60,23,0.895,NA
62,1,scrabble-score,lexicase,FALSE,20,elitize_generation_data,61,23,0.905,NA
63,1,scrabble-score,lexicase,FALSE,20,elitize_generation_data,62,22,0.909,NA
64,1,scrabble-score,lexicase,FALSE,20,elitize_generation_data,63,22,0.913,NA
65,1,scrabble-score,lexicase,FALSE,20,elitize_generation_data,64,29,0.92,NA
66,1,scrabble-score,lexicase,FALSE,20,elitize_generation_data,65,31,0.904,NA
67,1,scrabble-score,lexicase,FALSE,20,elitize_generation_data,66,31,0.898,NA
68,1,scrabble-score,lexicase,FALSE,20,elitize_generation_data,67,31,0.913,NA
69,1,scrabble-score,lexicase,FALSE,20,elitize_generation_data,68,26,0.926,NA
70,1,scrabble-score,lexicase,FALSE,20,elitize_generation_data,69,22,0.914,NA
71,1,scrabble-score,lexicase,FALSE,20,elitize_generation_data,70,25,0.901,NA
72,1,scrabble-score,lexicase,FALSE,20,elitize_generation_data,71,31,0.897,NA
73,1,scrabble-score,lexicase,FALSE,20,elitize_generation_data,72,26,0.905,NA
74,1,scrabble-score,lexicase,FALSE,20,elitize_generation_data,73,29,0.902,NA
75,1,scrabble-score,lexicase,FALSE,20,elitize_generation_data,74,23,0.901,NA
76,1,scrabble-score,lexicase,FALSE,20,elitize_generation_data,75,21,0.873,NA
77,1,scrabble-score,lexicase,FALSE,20,elitize_generation_data,76,29,0.899,NA
78,1,scrabble-score,lexicase,FALSE,20,elitize_generation_data,77,32,0.881,NA
79,1,scrabble-score,lexicase,FALSE,20,elitize_generation_data,78,21,0.892,NA
80,1,scrabble-score,lexicase,FALSE,20,elitize_generation_data,79,27,0.909,NA
81,1,scrabble-score,lexicase,FALSE,20,elitize_generation_data,80,34,0.89,NA
82,1,scrabble-score,lexicase,FALSE,20,elitize_generation_data,81,28,0.906,NA
83,1,scrabble-score,lexicase,FALSE,20,elitize_generation_data,82,30,0.89,NA
84,1,scrabble-score,lexicase,FALSE,20,elitize_generation_data,83,31,0.858,NA
85,1,scrabble-score,lexicase,FALSE,20,elitize_generation_data,84,24,0.889,NA
86,1,scrabble-score,lexicase,FALSE,20,elitize_generation_data,85,30,0.902,NA
87,1,scrabble-score,lexicase,FALSE,20,elitize_generation_data,86,24,0.896,NA
88,1,scrabble-score,lexicase,FALSE,20,elitize_generation_data,87,24,0.885,NA
89,1,scrabble-score,lexicase,FALSE,20,elitize_generation_data,88,26,0.897,NA
90,1,scrabble-score,lexicase,FALSE,20,elitize_generation_data,89,29,0.881,NA
91,1,scrabble-score,lexicase,FALSE,20,elitize_generation_data,90,35,0.897,NA
92,1,scrabble-score,lexicase,FALSE,20,elitize_generation_data,91,33,0.905,NA
93,1,scrabble-score,lexicase,FALSE,20,elitize_generation_data,92,31,0.877,NA
94,1,scrabble-score,lexicase,FALSE,20,elitize_generation_data,93,33,0.864,NA
95,1,scrabble-score,lexicase,FALSE,20,elitize_generation_data,94,29,0.891,NA
96,1,scrabble-score,lexicase,FALSE,20,elitize_generation_data,95,21,0.874,NA
97,1,scrabble-score,lexicase,FALSE,20,elitize_generation_data,96,32,0.87,NA
98,1,scrabble-score,lexicase,FALSE,20,elitize_generation_data,97,32,0.89,NA
99,1,scrabble-score,lexicase,FALSE,20,elitize_generation_data,98,34,0.873,NA
100,1,scrabble-score,lexicase,FALSE,20,elitize_generation_data,99,33,0.877,NA
101,1,scrabble-score,lexicase,FALSE,20,elitize_generation_data,100,30,0.883,NA
102,1,scrabble-score,lexicase,FALSE,20,elitize_generation_data,101,32,0.877,NA
103,1,scrabble-score,lexicase,FALSE,20,elitize_generation_data,102,32,0.871,NA
104,1,scrabble-score,lexicase,FALSE,20,elitize_generation_data,103,37,0.882,NA
105,1,scrabble-score,lexicase,FALSE,20,elitize_generation_data,104,38,0.888,NA
106,1,scrabble-score,lexicase,FALSE,20,elitize_generation_data,105,38,0.877,NA
107,1,scrabble-score,lexicase,FALSE,20,elitize_generation_data,106,33,0.89,NA
108,1,scrabble-score,lexicase,FALSE,20,elitize_generation_data,107,41,0.886,NA
109,1,scrabble-score,lexicase,FALSE,20,elitize_generation_data,108,35,0.895,NA
110,1,scrabble-score,lexicase,FALSE,20,elitize_generation_data,109,30,0.905,NA
111,1,scrabble-score,lexicase,FALSE,20,elitize_generation_data,110,37,0.893,NA
112,1,scrabble-score,lexicase,FALSE,20,elitize_generation_data,111,35,0.894,NA
113,1,scrabble-score,lexicase,FALSE,20,elitize_generation_data,112,41,0.89,NA
114,1,scrabble-score,lexicase,FALSE,20,elitize_generation_data,113,37,0.884,NA
115,1,scrabble-score,lexicase,FALSE,20,elitize_generation_data,114,42,0.895,NA
116,1,scrabble-score,lexicase,FALSE,20,elitize_generation_data,115,46,0.885,NA
117,1,scrabble-score,lexicase,FALSE,20,elitize_generation_data,116,45,0.905,NA
118,1,scrabble-score,lexicase,FALSE,20,elitize_generation_data,117,40,0.879,NA
119,1,scrabble-score,lexicase,FALSE,20,elitize_generation_data,118,40,0.892,NA
120,1,scrabble-score,lexicase,FALSE,20,elitize_generation_data,119,43,0.905,NA
121,1,scrabble-score,lexicase,FALSE,20,elitize_generation_data,120,44,0.903,NA
122,1,scrabble-score,lexicase,FALSE,20,elitize_generation_data,121,45,0.896,NA
123,1,scrabble-score,lexicase,FALSE,20,elitize_generation_data,122,44,0.909,NA
124,1,scrabble-score,lexicase,FALSE,20,elitize_generation_data,123,41,0.912,NA
125,1,scrabble-score,lexicase,FALSE,20,elitize_generation_data,124,42,0.865,NA
126,1,scrabble-score,lexicase,FALSE,20,elitize_generation_data,125,39,0.891,NA
127,1,scrabble-score,lexicase,FALSE,20,elitize_generation_data,126,40,0.891,NA
128,1,scrabble-score,lexicase,FALSE,20,elitize_generation_data,127,32,0.893,NA
129,1,scrabble-score,lexicase,FALSE,20,elitize_generation_data,128,35,0.883,NA
130,1,scrabble-score,lexicase,FALSE,20,elitize_generation_data,129,38,0.898,NA
131,1,scrabble-score,lexicase,FALSE,20,elitize_generation_data,130,29,0.899,NA
132,1,scrabble-score,lexicase,FALSE,20,elitize_generation_data,131,27,0.889,NA
133,1,scrabble-score,lexicase,FALSE,20,elitize_generation_data,132,32,0.886,NA
134,1,scrabble-score,lexicase,FALSE,20,elitize_generation_data,133,48,0.885,NA
135,1,scrabble-score,lexicase,FALSE,20,elitize_generation_data,134,52,0.882,NA
136,1,scrabble-score,lexicase,FALSE,20,elitize_generation_data,135,50,0.883,NA
137,1,scrabble-score,lexicase,FALSE,20,elitize_generation_data,136,51,0.883,NA
138,1,scrabble-score,lexicase,FALSE,20,elitize_generation_data,137,53,0.899,NA
139,1,scrabble-score,lexicase,FALSE,20,elitize_generation_data,138,48,0.878,NA
140,1,scrabble-score,lexicase,FALSE,20,elitize_generation_data,139,54,0.867,NA
141,1,scrabble-score,lexicase,FALSE,20,elitize_generation_data,140,45,0.887,NA
142,1,scrabble-score,lexicase,FALSE,20,elitize_generation_data,141,42,0.881,NA
143,1,scrabble-score,lexicase,FALSE,20,elitize_generation_data,142,40,0.874,NA
144,1,scrabble-score,lexicase,FALSE,20,elitize_generation_data,143,50,0.859,NA
145,1,scrabble-score,lexicase,FALSE,20,elitize_generation_data,144,55,0.877,NA
146,1,scrabble-score,lexicase,FALSE,20,elitize_generation_data,145,49,0.871,NA
147,1,scrabble-score,lexicase,FALSE,20,elitize_generation_data,146,50,0.877,NA
148,1,scrabble-score,lexicase,FALSE,20,elitize_generation_data,147,41,0.877,NA
149,1,scrabble-score,lexicase,FALSE,20,elitize_generation_data,148,53,0.838,NA
150,1,scrabble-score,lexicase,FALSE,20,elitize_generation_data,149,46,0.868,NA
151,1,scrabble-score,lexicase,FALSE,20,elitize_generation_data,150,48,0.856,NA
152,1,scrabble-score,lexicase,FALSE,20,elitize_generation_data,151,51,0.871,NA
153,1,scrabble-score,lexicase,FALSE,20,elitize_generation_data,152,47,0.875,NA
154,1,scrabble-score,lexicase,FALSE,20,elitize_generation_data,153,60,0.873,NA
155,1,scrabble-score,lexicase,FALSE,20,elitize_generation_data,154,57,0.858,NA
156,1,scrabble-score,lexicase,FALSE,20,elitize_generation_data,155,51,0.841,NA
157,1,scrabble-score,lexicase,FALSE,20,elitize_generation_data,156,55,0.875,NA
158,1,scrabble-score,lexicase,FALSE,20,elitize_generation_data,157,55,0.854,NA
159,1,scrabble-score,lexicase,FALSE,20,elitize_generation_data,158,56,0.867,NA
160,1,scrabble-score,lexicase,FALSE,20,elitize_generation_data,159,50,0.845,NA
161,1,scrabble-score,lexicase,FALSE,20,elitize_generation_data,160,52,0.868,NA
162,1,scrabble-score,lexicase,FALSE,20,elitize_generation_data,161,51,0.859,NA
163,1,scrabble-score,lexicase,FALSE,20,elitize_generation_data,162,62,0.887,NA
164,1,scrabble-score,lexicase,FALSE,20,elitize_generation_data,163,60,0.868,NA
165,1,scrabble-score,lexicase,FALSE,20,elitize_generation_data,164,70,0.881,NA
166,1,scrabble-score,lexicase,FALSE,20,elitize_generation_data,165,60,0.861,NA
167,1,scrabble-score,lexicase,FALSE,20,elitize_generation_data,166,51,0.878,NA
168,1,scrabble-score,lexicase,FALSE,20,elitize_generation_data,167,55,0.868,NA
169,1,scrabble-score,lexicase,FALSE,20,elitize_generation_data,168,52,0.87,NA
170,1,scrabble-score,lexicase,FALSE,20,elitize_generation_data,169,44,0.845,NA
171,1,scrabble-score,lexicase,FALSE,20,elitize_generation_data,170,47,0.846,NA
172,1,scrabble-score,lexicase,FALSE,20,elitize_generation_data,171,49,0.857,NA
173,1,scrabble-score,lexicase,FALSE,20,elitize_generation_data,172,46,0.858,NA
174,1,scrabble-score,lexicase,FALSE,20,elitize_generation_data,173,45,0.864,NA
175,1,scrabble-score,lexicase,FALSE,20,elitize_generation_data,174,45,0.87,NA
176,1,scrabble-score,lexicase,FALSE,20,elitize_generation_data,175,49,0.862,NA
177,1,scrabble-score,lexicase,FALSE,20,elitize_generation_data,176,61,0.838,NA
178,1,scrabble-score,lexicase,FALSE,20,elitize_generation_data,177,54,0.849,NA
179,1,scrabble-score,lexicase,FALSE,20,elitize_generation_data,178,47,0.864,NA
180,1,scrabble-score,lexicase,FALSE,20,elitize_generation_data,179,45,0.836,NA
181,1,scrabble-score,lexicase,FALSE,20,elitize_generation_data,180,44,0.865,NA
182,1,scrabble-score,lexicase,FALSE,20,elitize_generation_data,181,35,0.853,NA
183,1,scrabble-score,lexicase,FALSE,20,elitize_generation_data,182,52,0.855,NA
184,1,scrabble-score,lexicase,FALSE,20,elitize_generation_data,183,49,0.844,NA
185,1,scrabble-score,lexicase,FALSE,20,elitize_generation_data,184,41,0.848,NA
186,1,scrabble-score,lexicase,FALSE,20,elitize_generation_data,185,47,0.839,NA
187,1,scrabble-score,lexicase,FALSE,20,elitize_generation_data,186,50,0.851,NA
188,1,scrabble-score,lexicase,FALSE,20,elitize_generation_data,187,48,0.854,NA
189,1,scrabble-score,lexicase,FALSE,20,elitize_generation_data,188,45,0.85,NA
190,1,scrabble-score,lexicase,FALSE,20,elitize_generation_data,189,53,0.867,NA
191,1,scrabble-score,lexicase,FALSE,20,elitize_generation_data,190,51,0.841,NA
192,1,scrabble-score,lexicase,FALSE,20,elitize_generation_data,191,50,0.865,NA
193,1,scrabble-score,lexicase,FALSE,20,elitize_generation_data,192,53,0.865,NA
194,1,scrabble-score,lexicase,FALSE,20,elitize_generation_data,193,47,0.866,NA
195,1,scrabble-score,lexicase,FALSE,20,elitize_generation_data,194,50,0.876,NA
196,1,scrabble-score,lexicase,FALSE,20,elitize_generation_data,195,51,0.856,NA
197,1,scrabble-score,lexicase,FALSE,20,elitize_generation_data,196,50,0.858,NA
198,1,scrabble-score,lexicase,FALSE,20,elitize_generation_data,197,43,0.854,NA
199,1,scrabble-score,lexicase,FALSE,20,elitize_generation_data,198,50,0.85,NA
200,1,scrabble-score,lexicase,FALSE,20,elitize_generation_data,199,51,0.832,NA
201,1,scrabble-score,lexicase,FALSE,20,elitize_generation_data,200,55,0.832,NA
202,1,scrabble-score,lexicase,FALSE,20,elitize_generation_data,201,45,0.842,NA
203,1,scrabble-score,lexicase,FALSE,20,elitize_generation_data,202,42,0.843,NA
204,1,scrabble-score,lexicase,FALSE,20,elitize_generation_data,203,46,0.856,NA
205,1,scrabble-score,lexicase,FALSE,20,elitize_generation_data,204,48,0.864,NA
206,1,scrabble-score,lexicase,FALSE,20,elitize_generation_data,205,48,0.879,NA
207,1,scrabble-score,lexicase,FALSE,20,elitize_generation_data,206,50,0.864,NA
208,1,scrabble-score,lexicase,FALSE,20,elitize_generation_data,207,56,0.848,NA
209,1,scrabble-score,lexicase,FALSE,20,elitize_generation_data,208,71,0.855,NA
210,1,scrabble-score,lexicase,FALSE,20,elitize_generation_data,209,63,0.873,NA
211,1,scrabble-score,lexicase,FALSE,20,elitize_generation_data,210,51,0.84,NA
212,1,scrabble-score,lexicase,FALSE,20,elitize_generation_data,211,55,0.862,NA
213,1,scrabble-score,lexicase,FALSE,20,elitize_generation_data,212,58,0.856,NA
214,1,scrabble-score,lexicase,FALSE,20,elitize_generation_data,213,62,0.853,NA
215,1,scrabble-score,lexicase,FALSE,20,elitize_generation_data,214,53,0.854,NA
216,1,scrabble-score,lexicase,FALSE,20,elitize_generation_data,215,62,0.858,NA
217,1,scrabble-score,lexicase,FALSE,20,elitize_generation_data,216,65,0.85,NA
218,1,scrabble-score,lexicase,FALSE,20,elitize_generation_data,217,70,0.862,NA
219,1,scrabble-score,lexicase,FALSE,20,elitize_generation_data,218,66,0.852,NA
220,1,scrabble-score,lexicase,FALSE,20,elitize_generation_data,219,55,0.87,NA
221,1,scrabble-score,lexicase,FALSE,20,elitize_generation_data,220,53,0.863,NA
222,1,scrabble-score,lexicase,FALSE,20,elitize_generation_data,221,62,0.859,NA
223,1,scrabble-score,lexicase,FALSE,20,elitize_generation_data,222,76,0.858,NA
224,1,scrabble-score,lexicase,FALSE,20,elitize_generation_data,223,66,0.873,NA
225,1,scrabble-score,lexicase,FALSE,20,elitize_generation_data,224,66,0.861,NA
226,1,scrabble-score,lexicase,FALSE,20,elitize_generation_data,225,66,0.845,NA
227,1,scrabble-score,lexicase,FALSE,20,elitize_generation_data,226,71,0.871,NA
228,1,scrabble-score,lexicase,FALSE,20,elitize_generation_data,227,64,0.868,NA
229,1,scrabble-score,lexicase,FALSE,20,elitize_generation_data,228,66,0.882,NA
230,1,scrabble-score,lexicase,FALSE,20,elitize_generation_data,229,65,0.88,NA
231,1,scrabble-score,lexicase,FALSE,20,elitize_generation_data,230,67,0.849,NA
232,1,scrabble-score,lexicase,FALSE,20,elitize_generation_data,231,65,0.866,NA
233,1,scrabble-score,lexicase,FALSE,20,elitize_generation_data,232,77,0.858,NA
234,1,scrabble-score,lexicase,FALSE,20,elitize_generation_data,233,72,0.85,NA
235,1,scrabble-score,lexicase,FALSE,20,elitize_generation_data,234,71,0.866,NA
236,1,scrabble-score,lexicase,FALSE,20,elitize_generation_data,235,67,0.871,NA
237,1,scrabble-score,lexicase,FALSE,20,elitize_generation_data,236,61,0.824,NA
238,1,scrabble-score,lexicase,FALSE,20,elitize_generation_data,237,69,0.869,NA
239,1,scrabble-score,lexicase,FALSE,20,elitize_generation_data,238,73,0.848,NA
240,1,scrabble-score,lexicase,FALSE,20,elitize_generation_data,239,72,0.862,NA
241,1,scrabble-score,lexicase,FALSE,20,elitize_generation_data,240,73,0.861,NA
242,1,scrabble-score,lexicase,FALSE,20,elitize_generation_data,241,82,0.857,NA
243,1,scrabble-score,lexicase,FALSE,20,elitize_generation_data,242,75,0.827,NA
244,1,scrabble-score,lexicase,FALSE,20,elitize_generation_data,243,69,0.838,NA
245,1,scrabble-score,lexicase,FALSE,20,elitize_generation_data,244,72,0.861,NA
246,1,scrabble-score,lexicase,FALSE,20,elitize_generation_data,245,80,0.871,NA
247,1,scrabble-score,lexicase,FALSE,20,elitize_generation_data,246,84,0.878,NA
248,1,scrabble-score,lexicase,FALSE,20,elitize_generation_data,247,75,0.868,NA
249,1,scrabble-score,lexicase,FALSE,20,elitize_generation_data,248,66,0.84,NA
250,1,scrabble-score,lexicase,FALSE,20,elitize_generation_data,249,63,0.866,NA
251,1,scrabble-score,lexicase,FALSE,20,elitize_generation_data,250,76,0.859,NA
252,1,scrabble-score,lexicase,FALSE,20,elitize_generation_data,251,59,0.847,NA
253,1,scrabble-score,lexicase,FALSE,20,elitize_generation_data,252,68,0.855,NA
254,1,scrabble-score,lexicase,FALSE,20,elitize_generation_data,253,62,0.829,NA
255,1,scrabble-score,lexicase,FALSE,20,elitize_generation_data,254,68,0.84,NA
256,1,scrabble-score,lexicase,FALSE,20,elitize_generation_data,255,66,0.822,NA
257,1,scrabble-score,lexicase,FALSE,20,elitize_generation_data,256,61,0.842,NA
258,1,scrabble-score,lexicase,FALSE,20,elitize_generation_data,257,69,0.829,NA
259,1,scrabble-score,lexicase,FALSE,20,elitize_generation_data,258,73,0.847,NA
260,1,scrabble-score,lexicase,FALSE,20,elitize_generation_data,259,75,0.846,NA
261,1,scrabble-score,lexicase,FALSE,20,elitize_generation_data,260,74,0.851,NA
262,1,scrabble-score,lexicase,FALSE,20,elitize_generation_data,261,69,0.857,NA
263,1,scrabble-score,lexicase,FALSE,20,elitize_generation_data,262,62,0.841,NA
264,1,scrabble-score,lexicase,FALSE,20,elitize_generation_data,263,71,0.843,NA
265,1,scrabble-score,lexicase,FALSE,20,elitize_generation_data,264,73,0.85,NA
266,1,scrabble-score,lexicase,FALSE,20,elitize_generation_data,265,76,0.844,NA
267,1,scrabble-score,lexicase,FALSE,20,elitize_generation_data,266,73,0.829,NA
268,1,scrabble-score,lexicase,FALSE,20,elitize_generation_data,267,61,0.829,NA
269,1,scrabble-score,lexicase,FALSE,20,elitize_generation_data,268,65,0.843,NA
270,1,scrabble-score,lexicase,FALSE,20,elitize_generation_data,269,69,0.834,NA
271,1,scrabble-score,lexicase,FALSE,20,elitize_generation_data,270,80,0.836,NA
272,1,scrabble-score,lexicase,FALSE,20,elitize_generation_data,271,70,0.854,NA
273,1,scrabble-score,lexicase,FALSE,20,elitize_generation_data,272,68,0.85,NA
274,1,scrabble-score,lexicase,FALSE,20,elitize_generation_data,273,72,0.862,NA
275,1,scrabble-score,lexicase,FALSE,20,elitize_generation_data,274,74,0.845,NA
276,1,scrabble-score,lexicase,FALSE,20,elitize_generation_data,275,78,0.871,NA
277,1,scrabble-score,lexicase,FALSE,20,elitize_generation_data,276,69,0.866,NA
278,1,scrabble-score,lexicase,FALSE,20,elitize_generation_data,277,68,0.854,NA
279,1,scrabble-score,lexicase,FALSE,20,elitize_generation_data,278,68,0.838,NA
280,1,scrabble-score,lexicase,FALSE,20,elitize_generation_data,279,73,0.834,NA
281,1,scrabble-score,lexicase,FALSE,20,elitize_generation_data,280,70,0.856,NA
282,1,scrabble-score,lexicase,FALSE,20,elitize_generation_data,281,69,0.839,NA
283,1,scrabble-score,lexicase,FALSE,20,elitize_generation_data,282,73,0.826,NA
284,1,scrabble-score,lexicase,FALSE,20,elitize_generation_data,283,71,0.84,NA
285,1,scrabble-score,lexicase,FALSE,20,elitize_generation_data,284,77,0.859,NA
286,1,scrabble-score,lexicase,FALSE,20,elitize_generation_data,285,71,0.865,NA
287,1,scrabble-score,lexicase,FALSE,20,elitize_generation_data,286,76,0.863,NA
288,1,scrabble-score,lexicase,FALSE,20,elitize_generation_data,287,71,0.83,NA
289,1,scrabble-score,lexicase,FALSE,20,elitize_generation_data,288,86,0.871,NA
290,1,scrabble-score,lexicase,FALSE,20,elitize_generation_data,289,87,0.839,NA
291,1,scrabble-score,lexicase,FALSE,20,elitize_generation_data,290,81,0.86,NA
292,1,scrabble-score,lexicase,FALSE,20,elitize_generation_data,291,81,0.846,NA
293,1,scrabble-score,lexicase,FALSE,20,elitize_generation_data,292,77,0.872,NA
294,1,scrabble-score,lexicase,FALSE,20,elitize_generation_data,293,78,0.857,NA
295,1,scrabble-score,lexicase,FALSE,20,elitize_generation_data,294,72,0.854,NA
296,1,scrabble-score,lexicase,FALSE,20,elitize_generation_data,295,80,0.851,NA
297,1,scrabble-score,lexicase,FALSE,20,elitize_generation_data,296,79,0.865,NA
298,1,scrabble-score,lexicase,FALSE,20,elitize_generation_data,297,79,0.858,NA
299,1,scrabble-score,lexicase,FALSE,20,elitize_generation_data,298,88,0.861,NA
300,1,scrabble-score,lexicase,FALSE,20,elitize_generation_data,299,92,0.866,NA
301,1,scrabble-score,lexicase,FALSE,20,elitize_generation_data,300,80,0.876,NA
