,run.num,problem,treatment,succeeded,height,normalization.function,generation,cluster.count,error.diversity,success.generation
1,75,scrabble-score,lexicase,FALSE,20,elitize_generation_data,0,2,0.106,NA
2,75,scrabble-score,lexicase,FALSE,20,elitize_generation_data,1,2,0.16,NA
3,75,scrabble-score,lexicase,FALSE,20,elitize_generation_data,2,2,0.22,NA
4,75,scrabble-score,lexicase,FALSE,20,elitize_generation_data,3,2,0.282,NA
5,75,scrabble-score,lexicase,FALSE,20,elitize_generation_data,4,2,0.408,NA
6,75,scrabble-score,lexicase,FALSE,20,elitize_generation_data,5,3,0.52,NA
7,75,scrabble-score,lexicase,FALSE,20,elitize_generation_data,6,4,0.542,NA
8,75,scrabble-score,lexicase,FALSE,20,elitize_generation_data,7,6,0.642,NA
9,75,scrabble-score,lexicase,FALSE,20,elitize_generation_data,8,5,0.692,NA
10,75,scrabble-score,lexicase,FALSE,20,elitize_generation_data,9,7,0.727,NA
11,75,scrabble-score,lexicase,FALSE,20,elitize_generation_data,10,7,0.701,NA
12,75,scrabble-score,lexicase,FALSE,20,elitize_generation_data,11,6,0.754,NA
13,75,scrabble-score,lexicase,FALSE,20,elitize_generation_data,12,5,0.774,NA
14,75,scrabble-score,lexicase,FALSE,20,elitize_generation_data,13,6,0.754,NA
15,75,scrabble-score,lexicase,FALSE,20,elitize_generation_data,14,7,0.768,NA
16,75,scrabble-score,lexicase,FALSE,20,elitize_generation_data,15,9,0.785,NA
17,75,scrabble-score,lexicase,FALSE,20,elitize_generation_data,16,8,0.797,NA
18,75,scrabble-score,lexicase,FALSE,20,elitize_generation_data,17,7,0.835,NA
19,75,scrabble-score,lexicase,FALSE,20,elitize_generation_data,18,9,0.789,NA
20,75,scrabble-score,lexicase,FALSE,20,elitize_generation_data,19,7,0.82,NA
21,75,scrabble-score,lexicase,FALSE,20,elitize_generation_data,20,8,0.812,NA
22,75,scrabble-score,lexicase,FALSE,20,elitize_generation_data,21,8,0.811,NA
23,75,scrabble-score,lexicase,FALSE,20,elitize_generation_data,22,12,0.847,NA
24,75,scrabble-score,lexicase,FALSE,20,elitize_generation_data,23,14,0.874,NA
25,75,scrabble-score,lexicase,FALSE,20,elitize_generation_data,24,14,0.824,NA
26,75,scrabble-score,lexicase,FALSE,20,elitize_generation_data,25,13,0.847,NA
27,75,scrabble-score,lexicase,FALSE,20,elitize_generation_data,26,16,0.83,NA
28,75,scrabble-score,lexicase,FALSE,20,elitize_generation_data,27,20,0.863,NA
29,75,scrabble-score,lexicase,FALSE,20,elitize_generation_data,28,17,0.863,NA
30,75,scrabble-score,lexicase,FALSE,20,elitize_generation_data,29,21,0.861,NA
31,75,scrabble-score,lexicase,FALSE,20,elitize_generation_data,30,20,0.863,NA
32,75,scrabble-score,lexicase,FALSE,20,elitize_generation_data,31,20,0.871,NA
33,75,scrabble-score,lexicase,FALSE,20,elitize_generation_data,32,27,0.862,NA
34,75,scrabble-score,lexicase,FALSE,20,elitize_generation_data,33,25,0.856,NA
35,75,scrabble-score,lexicase,FALSE,20,elitize_generation_data,34,24,0.867,NA
36,75,scrabble-score,lexicase,FALSE,20,elitize_generation_data,35,31,0.9,NA
37,75,scrabble-score,lexicase,FALSE,20,elitize_generation_data,36,26,0.87,NA
38,75,scrabble-score,lexicase,FALSE,20,elitize_generation_data,37,34,0.88,NA
39,75,scrabble-score,lexicase,FALSE,20,elitize_generation_data,38,36,0.87,NA
40,75,scrabble-score,lexicase,FALSE,20,elitize_generation_data,39,35,0.896,NA
41,75,scrabble-score,lexicase,FALSE,20,elitize_generation_data,40,34,0.877,NA
42,75,scrabble-score,lexicase,FALSE,20,elitize_generation_data,41,35,0.872,NA
43,75,scrabble-score,lexicase,FALSE,20,elitize_generation_data,42,40,0.887,NA
44,75,scrabble-score,lexicase,FALSE,20,elitize_generation_data,43,37,0.894,NA
45,75,scrabble-score,lexicase,FALSE,20,elitize_generation_data,44,45,0.89,NA
46,75,scrabble-score,lexicase,FALSE,20,elitize_generation_data,45,49,0.893,NA
47,75,scrabble-score,lexicase,FALSE,20,elitize_generation_data,46,48,0.899,NA
48,75,scrabble-score,lexicase,FALSE,20,elitize_generation_data,47,45,0.884,NA
49,75,scrabble-score,lexicase,FALSE,20,elitize_generation_data,48,43,0.898,NA
50,75,scrabble-score,lexicase,FALSE,20,elitize_generation_data,49,50,0.885,NA
51,75,scrabble-score,lexicase,FALSE,20,elitize_generation_data,50,46,0.92,NA
52,75,scrabble-score,lexicase,FALSE,20,elitize_generation_data,51,48,0.884,NA
53,75,scrabble-score,lexicase,FALSE,20,elitize_generation_data,52,43,0.881,NA
54,75,scrabble-score,lexicase,FALSE,20,elitize_generation_data,53,46,0.893,NA
55,75,scrabble-score,lexicase,FALSE,20,elitize_generation_data,54,48,0.888,NA
56,75,scrabble-score,lexicase,FALSE,20,elitize_generation_data,55,47,0.891,NA
57,75,scrabble-score,lexicase,FALSE,20,elitize_generation_data,56,42,0.894,NA
58,75,scrabble-score,lexicase,FALSE,20,elitize_generation_data,57,49,0.883,NA
59,75,scrabble-score,lexicase,FALSE,20,elitize_generation_data,58,44,0.891,NA
60,75,scrabble-score,lexicase,FALSE,20,elitize_generation_data,59,44,0.901,NA
61,75,scrabble-score,lexicase,FALSE,20,elitize_generation_data,60,37,0.895,NA
62,75,scrabble-score,lexicase,FALSE,20,elitize_generation_data,61,52,0.883,NA
63,75,scrabble-score,lexicase,FALSE,20,elitize_generation_data,62,56,0.898,NA
64,75,scrabble-score,lexicase,FALSE,20,elitize_generation_data,63,52,0.884,NA
65,75,scrabble-score,lexicase,FALSE,20,elitize_generation_data,64,44,0.91,NA
66,75,scrabble-score,lexicase,FALSE,20,elitize_generation_data,65,40,0.907,NA
67,75,scrabble-score,lexicase,FALSE,20,elitize_generation_data,66,40,0.903,NA
68,75,scrabble-score,lexicase,FALSE,20,elitize_generation_data,67,37,0.911,NA
69,75,scrabble-score,lexicase,FALSE,20,elitize_generation_data,68,38,0.912,NA
70,75,scrabble-score,lexicase,FALSE,20,elitize_generation_data,69,38,0.892,NA
71,75,scrabble-score,lexicase,FALSE,20,elitize_generation_data,70,36,0.921,NA
72,75,scrabble-score,lexicase,FALSE,20,elitize_generation_data,71,44,0.9,NA
73,75,scrabble-score,lexicase,FALSE,20,elitize_generation_data,72,48,0.881,NA
74,75,scrabble-score,lexicase,FALSE,20,elitize_generation_data,73,52,0.906,NA
75,75,scrabble-score,lexicase,FALSE,20,elitize_generation_data,74,48,0.933,NA
76,75,scrabble-score,lexicase,FALSE,20,elitize_generation_data,75,46,0.901,NA
77,75,scrabble-score,lexicase,FALSE,20,elitize_generation_data,76,44,0.909,NA
78,75,scrabble-score,lexicase,FALSE,20,elitize_generation_data,77,40,0.905,NA
79,75,scrabble-score,lexicase,FALSE,20,elitize_generation_data,78,36,0.917,NA
80,75,scrabble-score,lexicase,FALSE,20,elitize_generation_data,79,46,0.908,NA
81,75,scrabble-score,lexicase,FALSE,20,elitize_generation_data,80,43,0.905,NA
82,75,scrabble-score,lexicase,FALSE,20,elitize_generation_data,81,44,0.894,NA
83,75,scrabble-score,lexicase,FALSE,20,elitize_generation_data,82,30,0.923,NA
84,75,scrabble-score,lexicase,FALSE,20,elitize_generation_data,83,41,0.905,NA
85,75,scrabble-score,lexicase,FALSE,20,elitize_generation_data,84,39,0.89,NA
86,75,scrabble-score,lexicase,FALSE,20,elitize_generation_data,85,35,0.891,NA
87,75,scrabble-score,lexicase,FALSE,20,elitize_generation_data,86,43,0.914,NA
88,75,scrabble-score,lexicase,FALSE,20,elitize_generation_data,87,36,0.921,NA
89,75,scrabble-score,lexicase,FALSE,20,elitize_generation_data,88,42,0.9,NA
90,75,scrabble-score,lexicase,FALSE,20,elitize_generation_data,89,44,0.923,NA
91,75,scrabble-score,lexicase,FALSE,20,elitize_generation_data,90,51,0.903,NA
92,75,scrabble-score,lexicase,FALSE,20,elitize_generation_data,91,42,0.916,NA
93,75,scrabble-score,lexicase,FALSE,20,elitize_generation_data,92,38,0.934,NA
94,75,scrabble-score,lexicase,FALSE,20,elitize_generation_data,93,45,0.935,NA
95,75,scrabble-score,lexicase,FALSE,20,elitize_generation_data,94,42,0.929,NA
96,75,scrabble-score,lexicase,FALSE,20,elitize_generation_data,95,44,0.931,NA
97,75,scrabble-score,lexicase,FALSE,20,elitize_generation_data,96,35,0.927,NA
98,75,scrabble-score,lexicase,FALSE,20,elitize_generation_data,97,43,0.913,NA
99,75,scrabble-score,lexicase,FALSE,20,elitize_generation_data,98,45,0.924,NA
100,75,scrabble-score,lexicase,FALSE,20,elitize_generation_data,99,36,0.939,NA
101,75,scrabble-score,lexicase,FALSE,20,elitize_generation_data,100,42,0.918,NA
102,75,scrabble-score,lexicase,FALSE,20,elitize_generation_data,101,57,0.942,NA
103,75,scrabble-score,lexicase,FALSE,20,elitize_generation_data,102,46,0.932,NA
104,75,scrabble-score,lexicase,FALSE,20,elitize_generation_data,103,48,0.91,NA
105,75,scrabble-score,lexicase,FALSE,20,elitize_generation_data,104,46,0.919,NA
106,75,scrabble-score,lexicase,FALSE,20,elitize_generation_data,105,50,0.917,NA
107,75,scrabble-score,lexicase,FALSE,20,elitize_generation_data,106,39,0.92,NA
108,75,scrabble-score,lexicase,FALSE,20,elitize_generation_data,107,43,0.913,NA
109,75,scrabble-score,lexicase,FALSE,20,elitize_generation_data,108,47,0.91,NA
110,75,scrabble-score,lexicase,FALSE,20,elitize_generation_data,109,55,0.936,NA
111,75,scrabble-score,lexicase,FALSE,20,elitize_generation_data,110,55,0.918,NA
112,75,scrabble-score,lexicase,FALSE,20,elitize_generation_data,111,55,0.913,NA
113,75,scrabble-score,lexicase,FALSE,20,elitize_generation_data,112,52,0.902,NA
114,75,scrabble-score,lexicase,FALSE,20,elitize_generation_data,113,48,0.918,NA
115,75,scrabble-score,lexicase,FALSE,20,elitize_generation_data,114,51,0.877,NA
116,75,scrabble-score,lexicase,FALSE,20,elitize_generation_data,115,48,0.908,NA
117,75,scrabble-score,lexicase,FALSE,20,elitize_generation_data,116,47,0.903,NA
118,75,scrabble-score,lexicase,FALSE,20,elitize_generation_data,117,55,0.909,NA
119,75,scrabble-score,lexicase,FALSE,20,elitize_generation_data,118,51,0.896,NA
120,75,scrabble-score,lexicase,FALSE,20,elitize_generation_data,119,40,0.899,NA
121,75,scrabble-score,lexicase,FALSE,20,elitize_generation_data,120,49,0.907,NA
122,75,scrabble-score,lexicase,FALSE,20,elitize_generation_data,121,45,0.911,NA
123,75,scrabble-score,lexicase,FALSE,20,elitize_generation_data,122,45,0.922,NA
124,75,scrabble-score,lexicase,FALSE,20,elitize_generation_data,123,51,0.905,NA
125,75,scrabble-score,lexicase,FALSE,20,elitize_generation_data,124,54,0.907,NA
126,75,scrabble-score,lexicase,FALSE,20,elitize_generation_data,125,38,0.911,NA
127,75,scrabble-score,lexicase,FALSE,20,elitize_generation_data,126,47,0.897,NA
128,75,scrabble-score,lexicase,FALSE,20,elitize_generation_data,127,46,0.9,NA
129,75,scrabble-score,lexicase,FALSE,20,elitize_generation_data,128,57,0.916,NA
130,75,scrabble-score,lexicase,FALSE,20,elitize_generation_data,129,58,0.896,NA
131,75,scrabble-score,lexicase,FALSE,20,elitize_generation_data,130,59,0.916,NA
132,75,scrabble-score,lexicase,FALSE,20,elitize_generation_data,131,57,0.914,NA
133,75,scrabble-score,lexicase,FALSE,20,elitize_generation_data,132,62,0.916,NA
134,75,scrabble-score,lexicase,FALSE,20,elitize_generation_data,133,52,0.92,NA
135,75,scrabble-score,lexicase,FALSE,20,elitize_generation_data,134,55,0.919,NA
136,75,scrabble-score,lexicase,FALSE,20,elitize_generation_data,135,58,0.925,NA
137,75,scrabble-score,lexicase,FALSE,20,elitize_generation_data,136,48,0.892,NA
138,75,scrabble-score,lexicase,FALSE,20,elitize_generation_data,137,52,0.91,NA
139,75,scrabble-score,lexicase,FALSE,20,elitize_generation_data,138,52,0.912,NA
140,75,scrabble-score,lexicase,FALSE,20,elitize_generation_data,139,48,0.926,NA
141,75,scrabble-score,lexicase,FALSE,20,elitize_generation_data,140,56,0.918,NA
142,75,scrabble-score,lexicase,FALSE,20,elitize_generation_data,141,47,0.914,NA
143,75,scrabble-score,lexicase,FALSE,20,elitize_generation_data,142,54,0.923,NA
144,75,scrabble-score,lexicase,FALSE,20,elitize_generation_data,143,53,0.896,NA
145,75,scrabble-score,lexicase,FALSE,20,elitize_generation_data,144,55,0.885,NA
146,75,scrabble-score,lexicase,FALSE,20,elitize_generation_data,145,44,0.904,NA
147,75,scrabble-score,lexicase,FALSE,20,elitize_generation_data,146,44,0.907,NA
148,75,scrabble-score,lexicase,FALSE,20,elitize_generation_data,147,45,0.892,NA
149,75,scrabble-score,lexicase,FALSE,20,elitize_generation_data,148,45,0.898,NA
150,75,scrabble-score,lexicase,FALSE,20,elitize_generation_data,149,48,0.916,NA
151,75,scrabble-score,lexicase,FALSE,20,elitize_generation_data,150,49,0.905,NA
152,75,scrabble-score,lexicase,FALSE,20,elitize_generation_data,151,53,0.907,NA
153,75,scrabble-score,lexicase,FALSE,20,elitize_generation_data,152,53,0.916,NA
154,75,scrabble-score,lexicase,FALSE,20,elitize_generation_data,153,59,0.903,NA
155,75,scrabble-score,lexicase,FALSE,20,elitize_generation_data,154,50,0.923,NA
156,75,scrabble-score,lexicase,FALSE,20,elitize_generation_data,155,56,0.915,NA
157,75,scrabble-score,lexicase,FALSE,20,elitize_generation_data,156,59,0.888,NA
158,75,scrabble-score,lexicase,FALSE,20,elitize_generation_data,157,69,0.923,NA
159,75,scrabble-score,lexicase,FALSE,20,elitize_generation_data,158,60,0.899,NA
160,75,scrabble-score,lexicase,FALSE,20,elitize_generation_data,159,61,0.906,NA
161,75,scrabble-score,lexicase,FALSE,20,elitize_generation_data,160,61,0.91,NA
162,75,scrabble-score,lexicase,FALSE,20,elitize_generation_data,161,53,0.889,NA
163,75,scrabble-score,lexicase,FALSE,20,elitize_generation_data,162,49,0.913,NA
164,75,scrabble-score,lexicase,FALSE,20,elitize_generation_data,163,46,0.915,NA
165,75,scrabble-score,lexicase,FALSE,20,elitize_generation_data,164,51,0.902,NA
166,75,scrabble-score,lexicase,FALSE,20,elitize_generation_data,165,55,0.897,NA
167,75,scrabble-score,lexicase,FALSE,20,elitize_generation_data,166,60,0.901,NA
168,75,scrabble-score,lexicase,FALSE,20,elitize_generation_data,167,56,0.898,NA
169,75,scrabble-score,lexicase,FALSE,20,elitize_generation_data,168,56,0.894,NA
170,75,scrabble-score,lexicase,FALSE,20,elitize_generation_data,169,63,0.893,NA
171,75,scrabble-score,lexicase,FALSE,20,elitize_generation_data,170,64,0.902,NA
172,75,scrabble-score,lexicase,FALSE,20,elitize_generation_data,171,52,0.897,NA
173,75,scrabble-score,lexicase,FALSE,20,elitize_generation_data,172,49,0.893,NA
174,75,scrabble-score,lexicase,FALSE,20,elitize_generation_data,173,47,0.903,NA
175,75,scrabble-score,lexicase,FALSE,20,elitize_generation_data,174,49,0.908,NA
176,75,scrabble-score,lexicase,FALSE,20,elitize_generation_data,175,56,0.886,NA
177,75,scrabble-score,lexicase,FALSE,20,elitize_generation_data,176,58,0.901,NA
178,75,scrabble-score,lexicase,FALSE,20,elitize_generation_data,177,52,0.874,NA
179,75,scrabble-score,lexicase,FALSE,20,elitize_generation_data,178,58,0.893,NA
180,75,scrabble-score,lexicase,FALSE,20,elitize_generation_data,179,52,0.898,NA
181,75,scrabble-score,lexicase,FALSE,20,elitize_generation_data,180,50,0.904,NA
182,75,scrabble-score,lexicase,FALSE,20,elitize_generation_data,181,51,0.879,NA
183,75,scrabble-score,lexicase,FALSE,20,elitize_generation_data,182,43,0.906,NA
184,75,scrabble-score,lexicase,FALSE,20,elitize_generation_data,183,45,0.889,NA
185,75,scrabble-score,lexicase,FALSE,20,elitize_generation_data,184,48,0.895,NA
186,75,scrabble-score,lexicase,FALSE,20,elitize_generation_data,185,46,0.897,NA
187,75,scrabble-score,lexicase,FALSE,20,elitize_generation_data,186,43,0.887,NA
188,75,scrabble-score,lexicase,FALSE,20,elitize_generation_data,187,53,0.898,NA
189,75,scrabble-score,lexicase,FALSE,20,elitize_generation_data,188,54,0.895,NA
190,75,scrabble-score,lexicase,FALSE,20,elitize_generation_data,189,64,0.896,NA
191,75,scrabble-score,lexicase,FALSE,20,elitize_generation_data,190,51,0.882,NA
192,75,scrabble-score,lexicase,FALSE,20,elitize_generation_data,191,55,0.875,NA
193,75,scrabble-score,lexicase,FALSE,20,elitize_generation_data,192,56,0.9,NA
194,75,scrabble-score,lexicase,FALSE,20,elitize_generation_data,193,51,0.89,NA
195,75,scrabble-score,lexicase,FALSE,20,elitize_generation_data,194,46,0.895,NA
196,75,scrabble-score,lexicase,FALSE,20,elitize_generation_data,195,56,0.886,NA
197,75,scrabble-score,lexicase,FALSE,20,elitize_generation_data,196,45,0.88,NA
198,75,scrabble-score,lexicase,FALSE,20,elitize_generation_data,197,53,0.887,NA
199,75,scrabble-score,lexicase,FALSE,20,elitize_generation_data,198,52,0.88,NA
200,75,scrabble-score,lexicase,FALSE,20,elitize_generation_data,199,52,0.885,NA
201,75,scrabble-score,lexicase,FALSE,20,elitize_generation_data,200,55,0.881,NA
202,75,scrabble-score,lexicase,FALSE,20,elitize_generation_data,201,43,0.869,NA
203,75,scrabble-score,lexicase,FALSE,20,elitize_generation_data,202,47,0.878,NA
204,75,scrabble-score,lexicase,FALSE,20,elitize_generation_data,203,45,0.887,NA
205,75,scrabble-score,lexicase,FALSE,20,elitize_generation_data,204,56,0.865,NA
206,75,scrabble-score,lexicase,FALSE,20,elitize_generation_data,205,52,0.873,NA
207,75,scrabble-score,lexicase,FALSE,20,elitize_generation_data,206,53,0.864,NA
208,75,scrabble-score,lexicase,FALSE,20,elitize_generation_data,207,56,0.876,NA
209,75,scrabble-score,lexicase,FALSE,20,elitize_generation_data,208,58,0.876,NA
210,75,scrabble-score,lexicase,FALSE,20,elitize_generation_data,209,48,0.875,NA
211,75,scrabble-score,lexicase,FALSE,20,elitize_generation_data,210,53,0.881,NA
212,75,scrabble-score,lexicase,FALSE,20,elitize_generation_data,211,66,0.897,NA
213,75,scrabble-score,lexicase,FALSE,20,elitize_generation_data,212,55,0.89,NA
214,75,scrabble-score,lexicase,FALSE,20,elitize_generation_data,213,60,0.889,NA
215,75,scrabble-score,lexicase,FALSE,20,elitize_generation_data,214,59,0.884,NA
216,75,scrabble-score,lexicase,FALSE,20,elitize_generation_data,215,58,0.875,NA
217,75,scrabble-score,lexicase,FALSE,20,elitize_generation_data,216,67,0.881,NA
218,75,scrabble-score,lexicase,FALSE,20,elitize_generation_data,217,60,0.896,NA
219,75,scrabble-score,lexicase,FALSE,20,elitize_generation_data,218,56,0.889,NA
220,75,scrabble-score,lexicase,FALSE,20,elitize_generation_data,219,51,0.892,NA
221,75,scrabble-score,lexicase,FALSE,20,elitize_generation_data,220,51,0.887,NA
222,75,scrabble-score,lexicase,FALSE,20,elitize_generation_data,221,49,0.868,NA
223,75,scrabble-score,lexicase,FALSE,20,elitize_generation_data,222,56,0.868,NA
224,75,scrabble-score,lexicase,FALSE,20,elitize_generation_data,223,62,0.888,NA
225,75,scrabble-score,lexicase,FALSE,20,elitize_generation_data,224,57,0.886,NA
226,75,scrabble-score,lexicase,FALSE,20,elitize_generation_data,225,59,0.9,NA
227,75,scrabble-score,lexicase,FALSE,20,elitize_generation_data,226,61,0.877,NA
228,75,scrabble-score,lexicase,FALSE,20,elitize_generation_data,227,76,0.872,NA
229,75,scrabble-score,lexicase,FALSE,20,elitize_generation_data,228,57,0.892,NA
230,75,scrabble-score,lexicase,FALSE,20,elitize_generation_data,229,63,0.894,NA
231,75,scrabble-score,lexicase,FALSE,20,elitize_generation_data,230,69,0.889,NA
232,75,scrabble-score,lexicase,FALSE,20,elitize_generation_data,231,56,0.871,NA
233,75,scrabble-score,lexicase,FALSE,20,elitize_generation_data,232,64,0.879,NA
234,75,scrabble-score,lexicase,FALSE,20,elitize_generation_data,233,63,0.875,NA
235,75,scrabble-score,lexicase,FALSE,20,elitize_generation_data,234,52,0.866,NA
236,75,scrabble-score,lexicase,FALSE,20,elitize_generation_data,235,56,0.869,NA
237,75,scrabble-score,lexicase,FALSE,20,elitize_generation_data,236,64,0.861,NA
238,75,scrabble-score,lexicase,FALSE,20,elitize_generation_data,237,54,0.864,NA
239,75,scrabble-score,lexicase,FALSE,20,elitize_generation_data,238,57,0.864,NA
240,75,scrabble-score,lexicase,FALSE,20,elitize_generation_data,239,59,0.855,NA
241,75,scrabble-score,lexicase,FALSE,20,elitize_generation_data,240,60,0.874,NA
242,75,scrabble-score,lexicase,FALSE,20,elitize_generation_data,241,46,0.877,NA
243,75,scrabble-score,lexicase,FALSE,20,elitize_generation_data,242,57,0.857,NA
244,75,scrabble-score,lexicase,FALSE,20,elitize_generation_data,243,58,0.871,NA
245,75,scrabble-score,lexicase,FALSE,20,elitize_generation_data,244,55,0.879,NA
246,75,scrabble-score,lexicase,FALSE,20,elitize_generation_data,245,54,0.879,NA
247,75,scrabble-score,lexicase,FALSE,20,elitize_generation_data,246,64,0.89,NA
248,75,scrabble-score,lexicase,FALSE,20,elitize_generation_data,247,68,0.878,NA
249,75,scrabble-score,lexicase,FALSE,20,elitize_generation_data,248,68,0.891,NA
250,75,scrabble-score,lexicase,FALSE,20,elitize_generation_data,249,55,0.877,NA
251,75,scrabble-score,lexicase,FALSE,20,elitize_generation_data,250,56,0.875,NA
252,75,scrabble-score,lexicase,FALSE,20,elitize_generation_data,251,66,0.872,NA
253,75,scrabble-score,lexicase,FALSE,20,elitize_generation_data,252,49,0.865,NA
254,75,scrabble-score,lexicase,FALSE,20,elitize_generation_data,253,57,0.891,NA
255,75,scrabble-score,lexicase,FALSE,20,elitize_generation_data,254,56,0.88,NA
256,75,scrabble-score,lexicase,FALSE,20,elitize_generation_data,255,55,0.892,NA
257,75,scrabble-score,lexicase,FALSE,20,elitize_generation_data,256,51,0.891,NA
258,75,scrabble-score,lexicase,FALSE,20,elitize_generation_data,257,56,0.877,NA
259,75,scrabble-score,lexicase,FALSE,20,elitize_generation_data,258,57,0.871,NA
260,75,scrabble-score,lexicase,FALSE,20,elitize_generation_data,259,57,0.899,NA
261,75,scrabble-score,lexicase,FALSE,20,elitize_generation_data,260,54,0.904,NA
262,75,scrabble-score,lexicase,FALSE,20,elitize_generation_data,261,50,0.887,NA
263,75,scrabble-score,lexicase,FALSE,20,elitize_generation_data,262,59,0.902,NA
264,75,scrabble-score,lexicase,FALSE,20,elitize_generation_data,263,59,0.885,NA
265,75,scrabble-score,lexicase,FALSE,20,elitize_generation_data,264,64,0.88,NA
266,75,scrabble-score,lexicase,FALSE,20,elitize_generation_data,265,56,0.884,NA
267,75,scrabble-score,lexicase,FALSE,20,elitize_generation_data,266,62,0.88,NA
268,75,scrabble-score,lexicase,FALSE,20,elitize_generation_data,267,65,0.903,NA
269,75,scrabble-score,lexicase,FALSE,20,elitize_generation_data,268,68,0.89,NA
270,75,scrabble-score,lexicase,FALSE,20,elitize_generation_data,269,57,0.879,NA
271,75,scrabble-score,lexicase,FALSE,20,elitize_generation_data,270,62,0.878,NA
272,75,scrabble-score,lexicase,FALSE,20,elitize_generation_data,271,62,0.903,NA
273,75,scrabble-score,lexicase,FALSE,20,elitize_generation_data,272,74,0.882,NA
274,75,scrabble-score,lexicase,FALSE,20,elitize_generation_data,273,65,0.901,NA
275,75,scrabble-score,lexicase,FALSE,20,elitize_generation_data,274,65,0.892,NA
276,75,scrabble-score,lexicase,FALSE,20,elitize_generation_data,275,59,0.879,NA
277,75,scrabble-score,lexicase,FALSE,20,elitize_generation_data,276,60,0.861,NA
278,75,scrabble-score,lexicase,FALSE,20,elitize_generation_data,277,59,0.865,NA
279,75,scrabble-score,lexicase,FALSE,20,elitize_generation_data,278,64,0.86,NA
280,75,scrabble-score,lexicase,FALSE,20,elitize_generation_data,279,62,0.86,NA
281,75,scrabble-score,lexicase,FALSE,20,elitize_generation_data,280,74,0.864,NA
282,75,scrabble-score,lexicase,FALSE,20,elitize_generation_data,281,60,0.889,NA
283,75,scrabble-score,lexicase,FALSE,20,elitize_generation_data,282,74,0.892,NA
284,75,scrabble-score,lexicase,FALSE,20,elitize_generation_data,283,61,0.87,NA
285,75,scrabble-score,lexicase,FALSE,20,elitize_generation_data,284,69,0.857,NA
286,75,scrabble-score,lexicase,FALSE,20,elitize_generation_data,285,67,0.87,NA
287,75,scrabble-score,lexicase,FALSE,20,elitize_generation_data,286,67,0.865,NA
288,75,scrabble-score,lexicase,FALSE,20,elitize_generation_data,287,64,0.875,NA
289,75,scrabble-score,lexicase,FALSE,20,elitize_generation_data,288,62,0.863,NA
290,75,scrabble-score,lexicase,FALSE,20,elitize_generation_data,289,61,0.862,NA
291,75,scrabble-score,lexicase,FALSE,20,elitize_generation_data,290,75,0.875,NA
292,75,scrabble-score,lexicase,FALSE,20,elitize_generation_data,291,68,0.86,NA
293,75,scrabble-score,lexicase,FALSE,20,elitize_generation_data,292,65,0.872,NA
294,75,scrabble-score,lexicase,FALSE,20,elitize_generation_data,293,60,0.868,NA
295,75,scrabble-score,lexicase,FALSE,20,elitize_generation_data,294,61,0.871,NA
296,75,scrabble-score,lexicase,FALSE,20,elitize_generation_data,295,54,0.868,NA
297,75,scrabble-score,lexicase,FALSE,20,elitize_generation_data,296,69,0.884,NA
298,75,scrabble-score,lexicase,FALSE,20,elitize_generation_data,297,62,0.869,NA
299,75,scrabble-score,lexicase,FALSE,20,elitize_generation_data,298,58,0.893,NA
300,75,scrabble-score,lexicase,FALSE,20,elitize_generation_data,299,61,0.907,NA
301,75,scrabble-score,lexicase,FALSE,20,elitize_generation_data,300,57,0.883,NA
