,run.num,problem,treatment,succeeded,height,normalization.function,generation,cluster.count,error.diversity,success.generation
1,26,scrabble-score,lexicase,FALSE,20,elitize_generation_data,0,2,0.117,NA
2,26,scrabble-score,lexicase,FALSE,20,elitize_generation_data,1,1,0.2,NA
3,26,scrabble-score,lexicase,FALSE,20,elitize_generation_data,2,2,0.258,NA
4,26,scrabble-score,lexicase,FALSE,20,elitize_generation_data,3,2,0.41,NA
5,26,scrabble-score,lexicase,FALSE,20,elitize_generation_data,4,3,0.604,NA
6,26,scrabble-score,lexicase,FALSE,20,elitize_generation_data,5,4,0.741,NA
7,26,scrabble-score,lexicase,FALSE,20,elitize_generation_data,6,8,0.728,NA
8,26,scrabble-score,lexicase,FALSE,20,elitize_generation_data,7,7,0.78,NA
9,26,scrabble-score,lexicase,FALSE,20,elitize_generation_data,8,9,0.812,NA
10,26,scrabble-score,lexicase,FALSE,20,elitize_generation_data,9,10,0.826,NA
11,26,scrabble-score,lexicase,FALSE,20,elitize_generation_data,10,9,0.829,NA
12,26,scrabble-score,lexicase,FALSE,20,elitize_generation_data,11,10,0.861,NA
13,26,scrabble-score,lexicase,FALSE,20,elitize_generation_data,12,7,0.861,NA
14,26,scrabble-score,lexicase,FALSE,20,elitize_generation_data,13,9,0.855,NA
15,26,scrabble-score,lexicase,FALSE,20,elitize_generation_data,14,8,0.878,NA
16,26,scrabble-score,lexicase,FALSE,20,elitize_generation_data,15,9,0.882,NA
17,26,scrabble-score,lexicase,FALSE,20,elitize_generation_data,16,6,0.864,NA
18,26,scrabble-score,lexicase,FALSE,20,elitize_generation_data,17,11,0.864,NA
19,26,scrabble-score,lexicase,FALSE,20,elitize_generation_data,18,12,0.851,NA
20,26,scrabble-score,lexicase,FALSE,20,elitize_generation_data,19,14,0.869,NA
21,26,scrabble-score,lexicase,FALSE,20,elitize_generation_data,20,14,0.88,NA
22,26,scrabble-score,lexicase,FALSE,20,elitize_generation_data,21,12,0.885,NA
23,26,scrabble-score,lexicase,FALSE,20,elitize_generation_data,22,12,0.887,NA
24,26,scrabble-score,lexicase,FALSE,20,elitize_generation_data,23,20,0.878,NA
25,26,scrabble-score,lexicase,FALSE,20,elitize_generation_data,24,13,0.881,NA
26,26,scrabble-score,lexicase,FALSE,20,elitize_generation_data,25,13,0.896,NA
27,26,scrabble-score,lexicase,FALSE,20,elitize_generation_data,26,13,0.871,NA
28,26,scrabble-score,lexicase,FALSE,20,elitize_generation_data,27,12,0.881,NA
29,26,scrabble-score,lexicase,FALSE,20,elitize_generation_data,28,15,0.881,NA
30,26,scrabble-score,lexicase,FALSE,20,elitize_generation_data,29,19,0.849,NA
31,26,scrabble-score,lexicase,FALSE,20,elitize_generation_data,30,11,0.857,NA
32,26,scrabble-score,lexicase,FALSE,20,elitize_generation_data,31,17,0.874,NA
33,26,scrabble-score,lexicase,FALSE,20,elitize_generation_data,32,17,0.861,NA
34,26,scrabble-score,lexicase,FALSE,20,elitize_generation_data,33,18,0.88,NA
35,26,scrabble-score,lexicase,FALSE,20,elitize_generation_data,34,15,0.884,NA
36,26,scrabble-score,lexicase,FALSE,20,elitize_generation_data,35,23,0.862,NA
37,26,scrabble-score,lexicase,FALSE,20,elitize_generation_data,36,17,0.862,NA
38,26,scrabble-score,lexicase,FALSE,20,elitize_generation_data,37,20,0.883,NA
39,26,scrabble-score,lexicase,FALSE,20,elitize_generation_data,38,19,0.86,NA
40,26,scrabble-score,lexicase,FALSE,20,elitize_generation_data,39,19,0.856,NA
41,26,scrabble-score,lexicase,FALSE,20,elitize_generation_data,40,16,0.853,NA
42,26,scrabble-score,lexicase,FALSE,20,elitize_generation_data,41,18,0.833,NA
43,26,scrabble-score,lexicase,FALSE,20,elitize_generation_data,42,20,0.855,NA
44,26,scrabble-score,lexicase,FALSE,20,elitize_generation_data,43,19,0.864,NA
45,26,scrabble-score,lexicase,FALSE,20,elitize_generation_data,44,18,0.836,NA
46,26,scrabble-score,lexicase,FALSE,20,elitize_generation_data,45,19,0.854,NA
47,26,scrabble-score,lexicase,FALSE,20,elitize_generation_data,46,22,0.837,NA
48,26,scrabble-score,lexicase,FALSE,20,elitize_generation_data,47,21,0.86,NA
49,26,scrabble-score,lexicase,FALSE,20,elitize_generation_data,48,18,0.877,NA
50,26,scrabble-score,lexicase,FALSE,20,elitize_generation_data,49,21,0.88,NA
51,26,scrabble-score,lexicase,FALSE,20,elitize_generation_data,50,21,0.859,NA
52,26,scrabble-score,lexicase,FALSE,20,elitize_generation_data,51,28,0.868,NA
53,26,scrabble-score,lexicase,FALSE,20,elitize_generation_data,52,26,0.859,NA
54,26,scrabble-score,lexicase,FALSE,20,elitize_generation_data,53,22,0.869,NA
55,26,scrabble-score,lexicase,FALSE,20,elitize_generation_data,54,18,0.878,NA
56,26,scrabble-score,lexicase,FALSE,20,elitize_generation_data,55,22,0.858,NA
57,26,scrabble-score,lexicase,FALSE,20,elitize_generation_data,56,20,0.885,NA
58,26,scrabble-score,lexicase,FALSE,20,elitize_generation_data,57,24,0.868,NA
59,26,scrabble-score,lexicase,FALSE,20,elitize_generation_data,58,30,0.869,NA
60,26,scrabble-score,lexicase,FALSE,20,elitize_generation_data,59,26,0.864,NA
61,26,scrabble-score,lexicase,FALSE,20,elitize_generation_data,60,23,0.855,NA
62,26,scrabble-score,lexicase,FALSE,20,elitize_generation_data,61,29,0.871,NA
63,26,scrabble-score,lexicase,FALSE,20,elitize_generation_data,62,26,0.871,NA
64,26,scrabble-score,lexicase,FALSE,20,elitize_generation_data,63,20,0.862,NA
65,26,scrabble-score,lexicase,FALSE,20,elitize_generation_data,64,26,0.868,NA
66,26,scrabble-score,lexicase,FALSE,20,elitize_generation_data,65,26,0.862,NA
67,26,scrabble-score,lexicase,FALSE,20,elitize_generation_data,66,33,0.857,NA
68,26,scrabble-score,lexicase,FALSE,20,elitize_generation_data,67,30,0.865,NA
69,26,scrabble-score,lexicase,FALSE,20,elitize_generation_data,68,28,0.863,NA
70,26,scrabble-score,lexicase,FALSE,20,elitize_generation_data,69,24,0.842,NA
71,26,scrabble-score,lexicase,FALSE,20,elitize_generation_data,70,25,0.85,NA
72,26,scrabble-score,lexicase,FALSE,20,elitize_generation_data,71,21,0.846,NA
73,26,scrabble-score,lexicase,FALSE,20,elitize_generation_data,72,26,0.856,NA
74,26,scrabble-score,lexicase,FALSE,20,elitize_generation_data,73,18,0.851,NA
75,26,scrabble-score,lexicase,FALSE,20,elitize_generation_data,74,26,0.846,NA
76,26,scrabble-score,lexicase,FALSE,20,elitize_generation_data,75,25,0.847,NA
77,26,scrabble-score,lexicase,FALSE,20,elitize_generation_data,76,29,0.866,NA
78,26,scrabble-score,lexicase,FALSE,20,elitize_generation_data,77,26,0.873,NA
79,26,scrabble-score,lexicase,FALSE,20,elitize_generation_data,78,26,0.873,NA
80,26,scrabble-score,lexicase,FALSE,20,elitize_generation_data,79,31,0.858,NA
81,26,scrabble-score,lexicase,FALSE,20,elitize_generation_data,80,33,0.881,NA
82,26,scrabble-score,lexicase,FALSE,20,elitize_generation_data,81,24,0.844,NA
83,26,scrabble-score,lexicase,FALSE,20,elitize_generation_data,82,27,0.855,NA
84,26,scrabble-score,lexicase,FALSE,20,elitize_generation_data,83,27,0.84,NA
85,26,scrabble-score,lexicase,FALSE,20,elitize_generation_data,84,23,0.867,NA
86,26,scrabble-score,lexicase,FALSE,20,elitize_generation_data,85,17,0.858,NA
87,26,scrabble-score,lexicase,FALSE,20,elitize_generation_data,86,24,0.853,NA
88,26,scrabble-score,lexicase,FALSE,20,elitize_generation_data,87,22,0.844,NA
89,26,scrabble-score,lexicase,FALSE,20,elitize_generation_data,88,25,0.864,NA
90,26,scrabble-score,lexicase,FALSE,20,elitize_generation_data,89,26,0.861,NA
91,26,scrabble-score,lexicase,FALSE,20,elitize_generation_data,90,30,0.845,NA
92,26,scrabble-score,lexicase,FALSE,20,elitize_generation_data,91,23,0.857,NA
93,26,scrabble-score,lexicase,FALSE,20,elitize_generation_data,92,33,0.868,NA
94,26,scrabble-score,lexicase,FALSE,20,elitize_generation_data,93,33,0.862,NA
95,26,scrabble-score,lexicase,FALSE,20,elitize_generation_data,94,29,0.879,NA
96,26,scrabble-score,lexicase,FALSE,20,elitize_generation_data,95,32,0.867,NA
97,26,scrabble-score,lexicase,FALSE,20,elitize_generation_data,96,23,0.873,NA
98,26,scrabble-score,lexicase,FALSE,20,elitize_generation_data,97,31,0.88,NA
99,26,scrabble-score,lexicase,FALSE,20,elitize_generation_data,98,30,0.883,NA
100,26,scrabble-score,lexicase,FALSE,20,elitize_generation_data,99,31,0.865,NA
101,26,scrabble-score,lexicase,FALSE,20,elitize_generation_data,100,37,0.865,NA
102,26,scrabble-score,lexicase,FALSE,20,elitize_generation_data,101,31,0.875,NA
103,26,scrabble-score,lexicase,FALSE,20,elitize_generation_data,102,31,0.873,NA
104,26,scrabble-score,lexicase,FALSE,20,elitize_generation_data,103,32,0.869,NA
105,26,scrabble-score,lexicase,FALSE,20,elitize_generation_data,104,25,0.858,NA
106,26,scrabble-score,lexicase,FALSE,20,elitize_generation_data,105,22,0.871,NA
107,26,scrabble-score,lexicase,FALSE,20,elitize_generation_data,106,23,0.887,NA
108,26,scrabble-score,lexicase,FALSE,20,elitize_generation_data,107,23,0.867,NA
109,26,scrabble-score,lexicase,FALSE,20,elitize_generation_data,108,29,0.882,NA
110,26,scrabble-score,lexicase,FALSE,20,elitize_generation_data,109,32,0.854,NA
111,26,scrabble-score,lexicase,FALSE,20,elitize_generation_data,110,36,0.865,NA
112,26,scrabble-score,lexicase,FALSE,20,elitize_generation_data,111,38,0.883,NA
113,26,scrabble-score,lexicase,FALSE,20,elitize_generation_data,112,25,0.862,NA
114,26,scrabble-score,lexicase,FALSE,20,elitize_generation_data,113,32,0.888,NA
115,26,scrabble-score,lexicase,FALSE,20,elitize_generation_data,114,26,0.857,NA
116,26,scrabble-score,lexicase,FALSE,20,elitize_generation_data,115,32,0.868,NA
117,26,scrabble-score,lexicase,FALSE,20,elitize_generation_data,116,32,0.853,NA
118,26,scrabble-score,lexicase,FALSE,20,elitize_generation_data,117,34,0.883,NA
119,26,scrabble-score,lexicase,FALSE,20,elitize_generation_data,118,36,0.852,NA
120,26,scrabble-score,lexicase,FALSE,20,elitize_generation_data,119,32,0.854,NA
121,26,scrabble-score,lexicase,FALSE,20,elitize_generation_data,120,36,0.876,NA
122,26,scrabble-score,lexicase,FALSE,20,elitize_generation_data,121,40,0.884,NA
123,26,scrabble-score,lexicase,FALSE,20,elitize_generation_data,122,44,0.854,NA
124,26,scrabble-score,lexicase,FALSE,20,elitize_generation_data,123,44,0.891,NA
125,26,scrabble-score,lexicase,FALSE,20,elitize_generation_data,124,39,0.876,NA
126,26,scrabble-score,lexicase,FALSE,20,elitize_generation_data,125,43,0.872,NA
127,26,scrabble-score,lexicase,FALSE,20,elitize_generation_data,126,41,0.879,NA
128,26,scrabble-score,lexicase,FALSE,20,elitize_generation_data,127,40,0.881,NA
129,26,scrabble-score,lexicase,FALSE,20,elitize_generation_data,128,45,0.88,NA
130,26,scrabble-score,lexicase,FALSE,20,elitize_generation_data,129,41,0.876,NA
131,26,scrabble-score,lexicase,FALSE,20,elitize_generation_data,130,54,0.893,NA
132,26,scrabble-score,lexicase,FALSE,20,elitize_generation_data,131,51,0.887,NA
133,26,scrabble-score,lexicase,FALSE,20,elitize_generation_data,132,59,0.892,NA
134,26,scrabble-score,lexicase,FALSE,20,elitize_generation_data,133,56,0.882,NA
135,26,scrabble-score,lexicase,FALSE,20,elitize_generation_data,134,57,0.872,NA
136,26,scrabble-score,lexicase,FALSE,20,elitize_generation_data,135,47,0.889,NA
137,26,scrabble-score,lexicase,FALSE,20,elitize_generation_data,136,56,0.889,NA
138,26,scrabble-score,lexicase,FALSE,20,elitize_generation_data,137,61,0.893,NA
139,26,scrabble-score,lexicase,FALSE,20,elitize_generation_data,138,80,0.87,NA
140,26,scrabble-score,lexicase,FALSE,20,elitize_generation_data,139,80,0.886,NA
141,26,scrabble-score,lexicase,FALSE,20,elitize_generation_data,140,80,0.906,NA
142,26,scrabble-score,lexicase,FALSE,20,elitize_generation_data,141,74,0.901,NA
143,26,scrabble-score,lexicase,FALSE,20,elitize_generation_data,142,93,0.887,NA
144,26,scrabble-score,lexicase,FALSE,20,elitize_generation_data,143,79,0.883,NA
145,26,scrabble-score,lexicase,FALSE,20,elitize_generation_data,144,80,0.879,NA
146,26,scrabble-score,lexicase,FALSE,20,elitize_generation_data,145,86,0.885,NA
147,26,scrabble-score,lexicase,FALSE,20,elitize_generation_data,146,84,0.89,NA
148,26,scrabble-score,lexicase,FALSE,20,elitize_generation_data,147,80,0.884,NA
149,26,scrabble-score,lexicase,FALSE,20,elitize_generation_data,148,85,0.891,NA
150,26,scrabble-score,lexicase,FALSE,20,elitize_generation_data,149,85,0.89,NA
151,26,scrabble-score,lexicase,FALSE,20,elitize_generation_data,150,93,0.883,NA
152,26,scrabble-score,lexicase,FALSE,20,elitize_generation_data,151,81,0.885,NA
153,26,scrabble-score,lexicase,FALSE,20,elitize_generation_data,152,80,0.906,NA
154,26,scrabble-score,lexicase,FALSE,20,elitize_generation_data,153,85,0.892,NA
155,26,scrabble-score,lexicase,FALSE,20,elitize_generation_data,154,71,0.889,NA
156,26,scrabble-score,lexicase,FALSE,20,elitize_generation_data,155,80,0.903,NA
157,26,scrabble-score,lexicase,FALSE,20,elitize_generation_data,156,74,0.916,NA
158,26,scrabble-score,lexicase,FALSE,20,elitize_generation_data,157,74,0.905,NA
159,26,scrabble-score,lexicase,FALSE,20,elitize_generation_data,158,75,0.89,NA
160,26,scrabble-score,lexicase,FALSE,20,elitize_generation_data,159,78,0.885,NA
161,26,scrabble-score,lexicase,FALSE,20,elitize_generation_data,160,74,0.897,NA
162,26,scrabble-score,lexicase,FALSE,20,elitize_generation_data,161,72,0.882,NA
163,26,scrabble-score,lexicase,FALSE,20,elitize_generation_data,162,78,0.885,NA
164,26,scrabble-score,lexicase,FALSE,20,elitize_generation_data,163,80,0.882,NA
165,26,scrabble-score,lexicase,FALSE,20,elitize_generation_data,164,77,0.892,NA
166,26,scrabble-score,lexicase,FALSE,20,elitize_generation_data,165,86,0.874,NA
167,26,scrabble-score,lexicase,FALSE,20,elitize_generation_data,166,85,0.874,NA
168,26,scrabble-score,lexicase,FALSE,20,elitize_generation_data,167,81,0.886,NA
169,26,scrabble-score,lexicase,FALSE,20,elitize_generation_data,168,79,0.859,NA
170,26,scrabble-score,lexicase,FALSE,20,elitize_generation_data,169,80,0.874,NA
171,26,scrabble-score,lexicase,FALSE,20,elitize_generation_data,170,73,0.872,NA
172,26,scrabble-score,lexicase,FALSE,20,elitize_generation_data,171,92,0.86,NA
173,26,scrabble-score,lexicase,FALSE,20,elitize_generation_data,172,84,0.873,NA
174,26,scrabble-score,lexicase,FALSE,20,elitize_generation_data,173,86,0.868,NA
175,26,scrabble-score,lexicase,FALSE,20,elitize_generation_data,174,71,0.877,NA
176,26,scrabble-score,lexicase,FALSE,20,elitize_generation_data,175,80,0.876,NA
177,26,scrabble-score,lexicase,FALSE,20,elitize_generation_data,176,93,0.866,NA
178,26,scrabble-score,lexicase,FALSE,20,elitize_generation_data,177,81,0.882,NA
179,26,scrabble-score,lexicase,FALSE,20,elitize_generation_data,178,90,0.873,NA
180,26,scrabble-score,lexicase,FALSE,20,elitize_generation_data,179,86,0.885,NA
181,26,scrabble-score,lexicase,FALSE,20,elitize_generation_data,180,73,0.875,NA
182,26,scrabble-score,lexicase,FALSE,20,elitize_generation_data,181,76,0.893,NA
183,26,scrabble-score,lexicase,FALSE,20,elitize_generation_data,182,83,0.864,NA
184,26,scrabble-score,lexicase,FALSE,20,elitize_generation_data,183,77,0.871,NA
185,26,scrabble-score,lexicase,FALSE,20,elitize_generation_data,184,87,0.869,NA
186,26,scrabble-score,lexicase,FALSE,20,elitize_generation_data,185,89,0.874,NA
187,26,scrabble-score,lexicase,FALSE,20,elitize_generation_data,186,75,0.859,NA
188,26,scrabble-score,lexicase,FALSE,20,elitize_generation_data,187,70,0.873,NA
189,26,scrabble-score,lexicase,FALSE,20,elitize_generation_data,188,67,0.87,NA
190,26,scrabble-score,lexicase,FALSE,20,elitize_generation_data,189,82,0.867,NA
191,26,scrabble-score,lexicase,FALSE,20,elitize_generation_data,190,77,0.877,NA
192,26,scrabble-score,lexicase,FALSE,20,elitize_generation_data,191,81,0.887,NA
193,26,scrabble-score,lexicase,FALSE,20,elitize_generation_data,192,75,0.877,NA
194,26,scrabble-score,lexicase,FALSE,20,elitize_generation_data,193,80,0.886,NA
195,26,scrabble-score,lexicase,FALSE,20,elitize_generation_data,194,85,0.864,NA
196,26,scrabble-score,lexicase,FALSE,20,elitize_generation_data,195,80,0.854,NA
197,26,scrabble-score,lexicase,FALSE,20,elitize_generation_data,196,79,0.87,NA
198,26,scrabble-score,lexicase,FALSE,20,elitize_generation_data,197,79,0.869,NA
199,26,scrabble-score,lexicase,FALSE,20,elitize_generation_data,198,75,0.847,NA
200,26,scrabble-score,lexicase,FALSE,20,elitize_generation_data,199,75,0.851,NA
201,26,scrabble-score,lexicase,FALSE,20,elitize_generation_data,200,75,0.866,NA
202,26,scrabble-score,lexicase,FALSE,20,elitize_generation_data,201,74,0.852,NA
203,26,scrabble-score,lexicase,FALSE,20,elitize_generation_data,202,85,0.853,NA
204,26,scrabble-score,lexicase,FALSE,20,elitize_generation_data,203,81,0.855,NA
205,26,scrabble-score,lexicase,FALSE,20,elitize_generation_data,204,88,0.86,NA
206,26,scrabble-score,lexicase,FALSE,20,elitize_generation_data,205,84,0.872,NA
207,26,scrabble-score,lexicase,FALSE,20,elitize_generation_data,206,75,0.848,NA
208,26,scrabble-score,lexicase,FALSE,20,elitize_generation_data,207,92,0.847,NA
209,26,scrabble-score,lexicase,FALSE,20,elitize_generation_data,208,90,0.867,NA
210,26,scrabble-score,lexicase,FALSE,20,elitize_generation_data,209,98,0.85,NA
211,26,scrabble-score,lexicase,FALSE,20,elitize_generation_data,210,94,0.853,NA
212,26,scrabble-score,lexicase,FALSE,20,elitize_generation_data,211,97,0.845,NA
213,26,scrabble-score,lexicase,FALSE,20,elitize_generation_data,212,97,0.851,NA
214,26,scrabble-score,lexicase,FALSE,20,elitize_generation_data,213,93,0.859,NA
215,26,scrabble-score,lexicase,FALSE,20,elitize_generation_data,214,88,0.863,NA
216,26,scrabble-score,lexicase,FALSE,20,elitize_generation_data,215,85,0.849,NA
217,26,scrabble-score,lexicase,FALSE,20,elitize_generation_data,216,74,0.848,NA
218,26,scrabble-score,lexicase,FALSE,20,elitize_generation_data,217,77,0.823,NA
219,26,scrabble-score,lexicase,FALSE,20,elitize_generation_data,218,92,0.846,NA
220,26,scrabble-score,lexicase,FALSE,20,elitize_generation_data,219,85,0.829,NA
221,26,scrabble-score,lexicase,FALSE,20,elitize_generation_data,220,88,0.853,NA
222,26,scrabble-score,lexicase,FALSE,20,elitize_generation_data,221,74,0.842,NA
223,26,scrabble-score,lexicase,FALSE,20,elitize_generation_data,222,75,0.846,NA
224,26,scrabble-score,lexicase,FALSE,20,elitize_generation_data,223,74,0.842,NA
225,26,scrabble-score,lexicase,FALSE,20,elitize_generation_data,224,83,0.848,NA
226,26,scrabble-score,lexicase,FALSE,20,elitize_generation_data,225,77,0.836,NA
227,26,scrabble-score,lexicase,FALSE,20,elitize_generation_data,226,81,0.847,NA
228,26,scrabble-score,lexicase,FALSE,20,elitize_generation_data,227,88,0.807,NA
229,26,scrabble-score,lexicase,FALSE,20,elitize_generation_data,228,90,0.82,NA
230,26,scrabble-score,lexicase,FALSE,20,elitize_generation_data,229,75,0.821,NA
231,26,scrabble-score,lexicase,FALSE,20,elitize_generation_data,230,84,0.834,NA
232,26,scrabble-score,lexicase,FALSE,20,elitize_generation_data,231,82,0.838,NA
233,26,scrabble-score,lexicase,FALSE,20,elitize_generation_data,232,73,0.839,NA
234,26,scrabble-score,lexicase,FALSE,20,elitize_generation_data,233,80,0.83,NA
235,26,scrabble-score,lexicase,FALSE,20,elitize_generation_data,234,77,0.823,NA
236,26,scrabble-score,lexicase,FALSE,20,elitize_generation_data,235,86,0.817,NA
237,26,scrabble-score,lexicase,FALSE,20,elitize_generation_data,236,81,0.826,NA
238,26,scrabble-score,lexicase,FALSE,20,elitize_generation_data,237,89,0.854,NA
239,26,scrabble-score,lexicase,FALSE,20,elitize_generation_data,238,78,0.846,NA
240,26,scrabble-score,lexicase,FALSE,20,elitize_generation_data,239,77,0.843,NA
241,26,scrabble-score,lexicase,FALSE,20,elitize_generation_data,240,83,0.813,NA
242,26,scrabble-score,lexicase,FALSE,20,elitize_generation_data,241,86,0.854,NA
243,26,scrabble-score,lexicase,FALSE,20,elitize_generation_data,242,88,0.832,NA
244,26,scrabble-score,lexicase,FALSE,20,elitize_generation_data,243,87,0.869,NA
245,26,scrabble-score,lexicase,FALSE,20,elitize_generation_data,244,94,0.848,NA
246,26,scrabble-score,lexicase,FALSE,20,elitize_generation_data,245,95,0.844,NA
247,26,scrabble-score,lexicase,FALSE,20,elitize_generation_data,246,83,0.846,NA
248,26,scrabble-score,lexicase,FALSE,20,elitize_generation_data,247,93,0.818,NA
249,26,scrabble-score,lexicase,FALSE,20,elitize_generation_data,248,106,0.851,NA
250,26,scrabble-score,lexicase,FALSE,20,elitize_generation_data,249,98,0.837,NA
251,26,scrabble-score,lexicase,FALSE,20,elitize_generation_data,250,97,0.848,NA
252,26,scrabble-score,lexicase,FALSE,20,elitize_generation_data,251,97,0.864,NA
253,26,scrabble-score,lexicase,FALSE,20,elitize_generation_data,252,96,0.856,NA
254,26,scrabble-score,lexicase,FALSE,20,elitize_generation_data,253,91,0.846,NA
255,26,scrabble-score,lexicase,FALSE,20,elitize_generation_data,254,85,0.825,NA
256,26,scrabble-score,lexicase,FALSE,20,elitize_generation_data,255,79,0.833,NA
257,26,scrabble-score,lexicase,FALSE,20,elitize_generation_data,256,81,0.837,NA
258,26,scrabble-score,lexicase,FALSE,20,elitize_generation_data,257,86,0.846,NA
259,26,scrabble-score,lexicase,FALSE,20,elitize_generation_data,258,85,0.836,NA
260,26,scrabble-score,lexicase,FALSE,20,elitize_generation_data,259,81,0.835,NA
261,26,scrabble-score,lexicase,FALSE,20,elitize_generation_data,260,80,0.845,NA
262,26,scrabble-score,lexicase,FALSE,20,elitize_generation_data,261,74,0.819,NA
263,26,scrabble-score,lexicase,FALSE,20,elitize_generation_data,262,74,0.809,NA
264,26,scrabble-score,lexicase,FALSE,20,elitize_generation_data,263,89,0.82,NA
265,26,scrabble-score,lexicase,FALSE,20,elitize_generation_data,264,77,0.843,NA
266,26,scrabble-score,lexicase,FALSE,20,elitize_generation_data,265,75,0.827,NA
267,26,scrabble-score,lexicase,FALSE,20,elitize_generation_data,266,76,0.834,NA
268,26,scrabble-score,lexicase,FALSE,20,elitize_generation_data,267,74,0.818,NA
269,26,scrabble-score,lexicase,FALSE,20,elitize_generation_data,268,77,0.832,NA
270,26,scrabble-score,lexicase,FALSE,20,elitize_generation_data,269,69,0.838,NA
271,26,scrabble-score,lexicase,FALSE,20,elitize_generation_data,270,68,0.841,NA
272,26,scrabble-score,lexicase,FALSE,20,elitize_generation_data,271,73,0.835,NA
273,26,scrabble-score,lexicase,FALSE,20,elitize_generation_data,272,67,0.826,NA
274,26,scrabble-score,lexicase,FALSE,20,elitize_generation_data,273,73,0.843,NA
275,26,scrabble-score,lexicase,FALSE,20,elitize_generation_data,274,83,0.833,NA
276,26,scrabble-score,lexicase,FALSE,20,elitize_generation_data,275,83,0.813,NA
277,26,scrabble-score,lexicase,FALSE,20,elitize_generation_data,276,75,0.824,NA
278,26,scrabble-score,lexicase,FALSE,20,elitize_generation_data,277,72,0.84,NA
279,26,scrabble-score,lexicase,FALSE,20,elitize_generation_data,278,75,0.828,NA
280,26,scrabble-score,lexicase,FALSE,20,elitize_generation_data,279,75,0.832,NA
281,26,scrabble-score,lexicase,FALSE,20,elitize_generation_data,280,77,0.85,NA
282,26,scrabble-score,lexicase,FALSE,20,elitize_generation_data,281,81,0.845,NA
283,26,scrabble-score,lexicase,FALSE,20,elitize_generation_data,282,78,0.816,NA
284,26,scrabble-score,lexicase,FALSE,20,elitize_generation_data,283,79,0.834,NA
285,26,scrabble-score,lexicase,FALSE,20,elitize_generation_data,284,83,0.824,NA
286,26,scrabble-score,lexicase,FALSE,20,elitize_generation_data,285,76,0.843,NA
287,26,scrabble-score,lexicase,FALSE,20,elitize_generation_data,286,68,0.835,NA
288,26,scrabble-score,lexicase,FALSE,20,elitize_generation_data,287,70,0.815,NA
289,26,scrabble-score,lexicase,FALSE,20,elitize_generation_data,288,76,0.806,NA
290,26,scrabble-score,lexicase,FALSE,20,elitize_generation_data,289,79,0.829,NA
291,26,scrabble-score,lexicase,FALSE,20,elitize_generation_data,290,82,0.826,NA
292,26,scrabble-score,lexicase,FALSE,20,elitize_generation_data,291,79,0.834,NA
293,26,scrabble-score,lexicase,FALSE,20,elitize_generation_data,292,78,0.862,NA
294,26,scrabble-score,lexicase,FALSE,20,elitize_generation_data,293,82,0.851,NA
295,26,scrabble-score,lexicase,FALSE,20,elitize_generation_data,294,79,0.829,NA
296,26,scrabble-score,lexicase,FALSE,20,elitize_generation_data,295,94,0.861,NA
297,26,scrabble-score,lexicase,FALSE,20,elitize_generation_data,296,74,0.843,NA
298,26,scrabble-score,lexicase,FALSE,20,elitize_generation_data,297,75,0.851,NA
299,26,scrabble-score,lexicase,FALSE,20,elitize_generation_data,298,80,0.832,NA
300,26,scrabble-score,lexicase,FALSE,20,elitize_generation_data,299,80,0.818,NA
301,26,scrabble-score,lexicase,FALSE,20,elitize_generation_data,300,85,0.851,NA
