,run.num,problem,treatment,succeeded,height,normalization.function,generation,cluster.count,error.diversity,success.generation
1,68,scrabble-score,lexicase,FALSE,20,elitize_generation_data,0,3,0.113,NA
2,68,scrabble-score,lexicase,FALSE,20,elitize_generation_data,1,2,0.187,NA
3,68,scrabble-score,lexicase,FALSE,20,elitize_generation_data,2,2,0.237,NA
4,68,scrabble-score,lexicase,FALSE,20,elitize_generation_data,3,2,0.325,NA
5,68,scrabble-score,lexicase,FALSE,20,elitize_generation_data,4,3,0.406,NA
6,68,scrabble-score,lexicase,FALSE,20,elitize_generation_data,5,2,0.547,NA
7,68,scrabble-score,lexicase,FALSE,20,elitize_generation_data,6,2,0.641,NA
8,68,scrabble-score,lexicase,FALSE,20,elitize_generation_data,7,3,0.659,NA
9,68,scrabble-score,lexicase,FALSE,20,elitize_generation_data,8,4,0.736,NA
10,68,scrabble-score,lexicase,FALSE,20,elitize_generation_data,9,4,0.751,NA
11,68,scrabble-score,lexicase,FALSE,20,elitize_generation_data,10,3,0.754,NA
12,68,scrabble-score,lexicase,FALSE,20,elitize_generation_data,11,2,0.787,NA
13,68,scrabble-score,lexicase,FALSE,20,elitize_generation_data,12,2,0.81,NA
14,68,scrabble-score,lexicase,FALSE,20,elitize_generation_data,13,4,0.84,NA
15,68,scrabble-score,lexicase,FALSE,20,elitize_generation_data,14,8,0.803,NA
16,68,scrabble-score,lexicase,FALSE,20,elitize_generation_data,15,3,0.814,NA
17,68,scrabble-score,lexicase,FALSE,20,elitize_generation_data,16,6,0.839,NA
18,68,scrabble-score,lexicase,FALSE,20,elitize_generation_data,17,10,0.859,NA
19,68,scrabble-score,lexicase,FALSE,20,elitize_generation_data,18,8,0.86,NA
20,68,scrabble-score,lexicase,FALSE,20,elitize_generation_data,19,9,0.85,NA
21,68,scrabble-score,lexicase,FALSE,20,elitize_generation_data,20,8,0.872,NA
22,68,scrabble-score,lexicase,FALSE,20,elitize_generation_data,21,6,0.874,NA
23,68,scrabble-score,lexicase,FALSE,20,elitize_generation_data,22,10,0.885,NA
24,68,scrabble-score,lexicase,FALSE,20,elitize_generation_data,23,11,0.847,NA
25,68,scrabble-score,lexicase,FALSE,20,elitize_generation_data,24,6,0.871,NA
26,68,scrabble-score,lexicase,FALSE,20,elitize_generation_data,25,5,0.863,NA
27,68,scrabble-score,lexicase,FALSE,20,elitize_generation_data,26,7,0.876,NA
28,68,scrabble-score,lexicase,FALSE,20,elitize_generation_data,27,8,0.879,NA
29,68,scrabble-score,lexicase,FALSE,20,elitize_generation_data,28,7,0.892,NA
30,68,scrabble-score,lexicase,FALSE,20,elitize_generation_data,29,9,0.869,NA
31,68,scrabble-score,lexicase,FALSE,20,elitize_generation_data,30,9,0.882,NA
32,68,scrabble-score,lexicase,FALSE,20,elitize_generation_data,31,13,0.889,NA
33,68,scrabble-score,lexicase,FALSE,20,elitize_generation_data,32,10,0.888,NA
34,68,scrabble-score,lexicase,FALSE,20,elitize_generation_data,33,9,0.886,NA
35,68,scrabble-score,lexicase,FALSE,20,elitize_generation_data,34,10,0.868,NA
36,68,scrabble-score,lexicase,FALSE,20,elitize_generation_data,35,15,0.87,NA
37,68,scrabble-score,lexicase,FALSE,20,elitize_generation_data,36,11,0.883,NA
38,68,scrabble-score,lexicase,FALSE,20,elitize_generation_data,37,9,0.892,NA
39,68,scrabble-score,lexicase,FALSE,20,elitize_generation_data,38,14,0.89,NA
40,68,scrabble-score,lexicase,FALSE,20,elitize_generation_data,39,12,0.889,NA
41,68,scrabble-score,lexicase,FALSE,20,elitize_generation_data,40,11,0.882,NA
42,68,scrabble-score,lexicase,FALSE,20,elitize_generation_data,41,16,0.905,NA
43,68,scrabble-score,lexicase,FALSE,20,elitize_generation_data,42,13,0.881,NA
44,68,scrabble-score,lexicase,FALSE,20,elitize_generation_data,43,15,0.901,NA
45,68,scrabble-score,lexicase,FALSE,20,elitize_generation_data,44,12,0.898,NA
46,68,scrabble-score,lexicase,FALSE,20,elitize_generation_data,45,10,0.922,NA
47,68,scrabble-score,lexicase,FALSE,20,elitize_generation_data,46,12,0.906,NA
48,68,scrabble-score,lexicase,FALSE,20,elitize_generation_data,47,12,0.899,NA
49,68,scrabble-score,lexicase,FALSE,20,elitize_generation_data,48,14,0.91,NA
50,68,scrabble-score,lexicase,FALSE,20,elitize_generation_data,49,11,0.906,NA
51,68,scrabble-score,lexicase,FALSE,20,elitize_generation_data,50,7,0.895,NA
52,68,scrabble-score,lexicase,FALSE,20,elitize_generation_data,51,9,0.889,NA
53,68,scrabble-score,lexicase,FALSE,20,elitize_generation_data,52,9,0.913,NA
54,68,scrabble-score,lexicase,FALSE,20,elitize_generation_data,53,14,0.899,NA
55,68,scrabble-score,lexicase,FALSE,20,elitize_generation_data,54,9,0.911,NA
56,68,scrabble-score,lexicase,FALSE,20,elitize_generation_data,55,12,0.912,NA
57,68,scrabble-score,lexicase,FALSE,20,elitize_generation_data,56,10,0.909,NA
58,68,scrabble-score,lexicase,FALSE,20,elitize_generation_data,57,11,0.873,NA
59,68,scrabble-score,lexicase,FALSE,20,elitize_generation_data,58,9,0.906,NA
60,68,scrabble-score,lexicase,FALSE,20,elitize_generation_data,59,8,0.901,NA
61,68,scrabble-score,lexicase,FALSE,20,elitize_generation_data,60,7,0.894,NA
62,68,scrabble-score,lexicase,FALSE,20,elitize_generation_data,61,8,0.891,NA
63,68,scrabble-score,lexicase,FALSE,20,elitize_generation_data,62,10,0.903,NA
64,68,scrabble-score,lexicase,FALSE,20,elitize_generation_data,63,9,0.907,NA
65,68,scrabble-score,lexicase,FALSE,20,elitize_generation_data,64,12,0.885,NA
66,68,scrabble-score,lexicase,FALSE,20,elitize_generation_data,65,13,0.899,NA
67,68,scrabble-score,lexicase,FALSE,20,elitize_generation_data,66,12,0.907,NA
68,68,scrabble-score,lexicase,FALSE,20,elitize_generation_data,67,14,0.902,NA
69,68,scrabble-score,lexicase,FALSE,20,elitize_generation_data,68,12,0.883,NA
70,68,scrabble-score,lexicase,FALSE,20,elitize_generation_data,69,16,0.901,NA
71,68,scrabble-score,lexicase,FALSE,20,elitize_generation_data,70,16,0.87,NA
72,68,scrabble-score,lexicase,FALSE,20,elitize_generation_data,71,11,0.871,NA
73,68,scrabble-score,lexicase,FALSE,20,elitize_generation_data,72,13,0.898,NA
74,68,scrabble-score,lexicase,FALSE,20,elitize_generation_data,73,13,0.895,NA
75,68,scrabble-score,lexicase,FALSE,20,elitize_generation_data,74,14,0.899,NA
76,68,scrabble-score,lexicase,FALSE,20,elitize_generation_data,75,16,0.887,NA
77,68,scrabble-score,lexicase,FALSE,20,elitize_generation_data,76,14,0.892,NA
78,68,scrabble-score,lexicase,FALSE,20,elitize_generation_data,77,15,0.899,NA
79,68,scrabble-score,lexicase,FALSE,20,elitize_generation_data,78,17,0.888,NA
80,68,scrabble-score,lexicase,FALSE,20,elitize_generation_data,79,16,0.889,NA
81,68,scrabble-score,lexicase,FALSE,20,elitize_generation_data,80,15,0.904,NA
82,68,scrabble-score,lexicase,FALSE,20,elitize_generation_data,81,10,0.89,NA
83,68,scrabble-score,lexicase,FALSE,20,elitize_generation_data,82,13,0.892,NA
84,68,scrabble-score,lexicase,FALSE,20,elitize_generation_data,83,15,0.891,NA
85,68,scrabble-score,lexicase,FALSE,20,elitize_generation_data,84,14,0.899,NA
86,68,scrabble-score,lexicase,FALSE,20,elitize_generation_data,85,14,0.89,NA
87,68,scrabble-score,lexicase,FALSE,20,elitize_generation_data,86,17,0.875,NA
88,68,scrabble-score,lexicase,FALSE,20,elitize_generation_data,87,14,0.882,NA
89,68,scrabble-score,lexicase,FALSE,20,elitize_generation_data,88,16,0.892,NA
90,68,scrabble-score,lexicase,FALSE,20,elitize_generation_data,89,14,0.901,NA
91,68,scrabble-score,lexicase,FALSE,20,elitize_generation_data,90,14,0.908,NA
92,68,scrabble-score,lexicase,FALSE,20,elitize_generation_data,91,15,0.917,NA
93,68,scrabble-score,lexicase,FALSE,20,elitize_generation_data,92,16,0.893,NA
94,68,scrabble-score,lexicase,FALSE,20,elitize_generation_data,93,15,0.898,NA
95,68,scrabble-score,lexicase,FALSE,20,elitize_generation_data,94,20,0.908,NA
96,68,scrabble-score,lexicase,FALSE,20,elitize_generation_data,95,18,0.904,NA
97,68,scrabble-score,lexicase,FALSE,20,elitize_generation_data,96,17,0.897,NA
98,68,scrabble-score,lexicase,FALSE,20,elitize_generation_data,97,12,0.911,NA
99,68,scrabble-score,lexicase,FALSE,20,elitize_generation_data,98,12,0.913,NA
100,68,scrabble-score,lexicase,FALSE,20,elitize_generation_data,99,16,0.911,NA
101,68,scrabble-score,lexicase,FALSE,20,elitize_generation_data,100,16,0.893,NA
102,68,scrabble-score,lexicase,FALSE,20,elitize_generation_data,101,15,0.92,NA
103,68,scrabble-score,lexicase,FALSE,20,elitize_generation_data,102,16,0.921,NA
104,68,scrabble-score,lexicase,FALSE,20,elitize_generation_data,103,13,0.913,NA
105,68,scrabble-score,lexicase,FALSE,20,elitize_generation_data,104,15,0.9,NA
106,68,scrabble-score,lexicase,FALSE,20,elitize_generation_data,105,16,0.916,NA
107,68,scrabble-score,lexicase,FALSE,20,elitize_generation_data,106,19,0.913,NA
108,68,scrabble-score,lexicase,FALSE,20,elitize_generation_data,107,24,0.908,NA
109,68,scrabble-score,lexicase,FALSE,20,elitize_generation_data,108,21,0.908,NA
110,68,scrabble-score,lexicase,FALSE,20,elitize_generation_data,109,21,0.921,NA
111,68,scrabble-score,lexicase,FALSE,20,elitize_generation_data,110,20,0.893,NA
112,68,scrabble-score,lexicase,FALSE,20,elitize_generation_data,111,25,0.898,NA
113,68,scrabble-score,lexicase,FALSE,20,elitize_generation_data,112,17,0.918,NA
114,68,scrabble-score,lexicase,FALSE,20,elitize_generation_data,113,15,0.907,NA
115,68,scrabble-score,lexicase,FALSE,20,elitize_generation_data,114,20,0.895,NA
116,68,scrabble-score,lexicase,FALSE,20,elitize_generation_data,115,19,0.883,NA
117,68,scrabble-score,lexicase,FALSE,20,elitize_generation_data,116,19,0.89,NA
118,68,scrabble-score,lexicase,FALSE,20,elitize_generation_data,117,18,0.892,NA
119,68,scrabble-score,lexicase,FALSE,20,elitize_generation_data,118,23,0.894,NA
120,68,scrabble-score,lexicase,FALSE,20,elitize_generation_data,119,16,0.891,NA
121,68,scrabble-score,lexicase,FALSE,20,elitize_generation_data,120,18,0.904,NA
122,68,scrabble-score,lexicase,FALSE,20,elitize_generation_data,121,14,0.89,NA
123,68,scrabble-score,lexicase,FALSE,20,elitize_generation_data,122,11,0.896,NA
124,68,scrabble-score,lexicase,FALSE,20,elitize_generation_data,123,10,0.905,NA
125,68,scrabble-score,lexicase,FALSE,20,elitize_generation_data,124,10,0.889,NA
126,68,scrabble-score,lexicase,FALSE,20,elitize_generation_data,125,9,0.858,NA
127,68,scrabble-score,lexicase,FALSE,20,elitize_generation_data,126,14,0.893,NA
128,68,scrabble-score,lexicase,FALSE,20,elitize_generation_data,127,13,0.896,NA
129,68,scrabble-score,lexicase,FALSE,20,elitize_generation_data,128,15,0.892,NA
130,68,scrabble-score,lexicase,FALSE,20,elitize_generation_data,129,18,0.891,NA
131,68,scrabble-score,lexicase,FALSE,20,elitize_generation_data,130,13,0.899,NA
132,68,scrabble-score,lexicase,FALSE,20,elitize_generation_data,131,21,0.912,NA
133,68,scrabble-score,lexicase,FALSE,20,elitize_generation_data,132,20,0.902,NA
134,68,scrabble-score,lexicase,FALSE,20,elitize_generation_data,133,18,0.919,NA
135,68,scrabble-score,lexicase,FALSE,20,elitize_generation_data,134,20,0.9,NA
136,68,scrabble-score,lexicase,FALSE,20,elitize_generation_data,135,16,0.909,NA
137,68,scrabble-score,lexicase,FALSE,20,elitize_generation_data,136,23,0.919,NA
138,68,scrabble-score,lexicase,FALSE,20,elitize_generation_data,137,19,0.904,NA
139,68,scrabble-score,lexicase,FALSE,20,elitize_generation_data,138,20,0.865,NA
140,68,scrabble-score,lexicase,FALSE,20,elitize_generation_data,139,22,0.902,NA
141,68,scrabble-score,lexicase,FALSE,20,elitize_generation_data,140,16,0.893,NA
142,68,scrabble-score,lexicase,FALSE,20,elitize_generation_data,141,21,0.893,NA
143,68,scrabble-score,lexicase,FALSE,20,elitize_generation_data,142,17,0.897,NA
144,68,scrabble-score,lexicase,FALSE,20,elitize_generation_data,143,21,0.878,NA
145,68,scrabble-score,lexicase,FALSE,20,elitize_generation_data,144,17,0.893,NA
146,68,scrabble-score,lexicase,FALSE,20,elitize_generation_data,145,21,0.905,NA
147,68,scrabble-score,lexicase,FALSE,20,elitize_generation_data,146,23,0.901,NA
148,68,scrabble-score,lexicase,FALSE,20,elitize_generation_data,147,21,0.893,NA
149,68,scrabble-score,lexicase,FALSE,20,elitize_generation_data,148,21,0.889,NA
150,68,scrabble-score,lexicase,FALSE,20,elitize_generation_data,149,26,0.893,NA
151,68,scrabble-score,lexicase,FALSE,20,elitize_generation_data,150,21,0.895,NA
152,68,scrabble-score,lexicase,FALSE,20,elitize_generation_data,151,21,0.902,NA
153,68,scrabble-score,lexicase,FALSE,20,elitize_generation_data,152,16,0.916,NA
154,68,scrabble-score,lexicase,FALSE,20,elitize_generation_data,153,19,0.921,NA
155,68,scrabble-score,lexicase,FALSE,20,elitize_generation_data,154,30,0.9,NA
156,68,scrabble-score,lexicase,FALSE,20,elitize_generation_data,155,23,0.902,NA
157,68,scrabble-score,lexicase,FALSE,20,elitize_generation_data,156,26,0.887,NA
158,68,scrabble-score,lexicase,FALSE,20,elitize_generation_data,157,23,0.916,NA
159,68,scrabble-score,lexicase,FALSE,20,elitize_generation_data,158,22,0.916,NA
160,68,scrabble-score,lexicase,FALSE,20,elitize_generation_data,159,22,0.9,NA
161,68,scrabble-score,lexicase,FALSE,20,elitize_generation_data,160,18,0.932,NA
162,68,scrabble-score,lexicase,FALSE,20,elitize_generation_data,161,21,0.901,NA
163,68,scrabble-score,lexicase,FALSE,20,elitize_generation_data,162,27,0.882,NA
164,68,scrabble-score,lexicase,FALSE,20,elitize_generation_data,163,31,0.901,NA
165,68,scrabble-score,lexicase,FALSE,20,elitize_generation_data,164,31,0.895,NA
166,68,scrabble-score,lexicase,FALSE,20,elitize_generation_data,165,29,0.915,NA
167,68,scrabble-score,lexicase,FALSE,20,elitize_generation_data,166,24,0.9,NA
168,68,scrabble-score,lexicase,FALSE,20,elitize_generation_data,167,30,0.889,NA
169,68,scrabble-score,lexicase,FALSE,20,elitize_generation_data,168,29,0.903,NA
170,68,scrabble-score,lexicase,FALSE,20,elitize_generation_data,169,32,0.899,NA
171,68,scrabble-score,lexicase,FALSE,20,elitize_generation_data,170,32,0.898,NA
172,68,scrabble-score,lexicase,FALSE,20,elitize_generation_data,171,28,0.896,NA
173,68,scrabble-score,lexicase,FALSE,20,elitize_generation_data,172,26,0.901,NA
174,68,scrabble-score,lexicase,FALSE,20,elitize_generation_data,173,26,0.903,NA
175,68,scrabble-score,lexicase,FALSE,20,elitize_generation_data,174,31,0.908,NA
176,68,scrabble-score,lexicase,FALSE,20,elitize_generation_data,175,34,0.876,NA
177,68,scrabble-score,lexicase,FALSE,20,elitize_generation_data,176,30,0.888,NA
178,68,scrabble-score,lexicase,FALSE,20,elitize_generation_data,177,25,0.926,NA
179,68,scrabble-score,lexicase,FALSE,20,elitize_generation_data,178,26,0.891,NA
180,68,scrabble-score,lexicase,FALSE,20,elitize_generation_data,179,29,0.91,NA
181,68,scrabble-score,lexicase,FALSE,20,elitize_generation_data,180,22,0.891,NA
182,68,scrabble-score,lexicase,FALSE,20,elitize_generation_data,181,23,0.898,NA
183,68,scrabble-score,lexicase,FALSE,20,elitize_generation_data,182,29,0.89,NA
184,68,scrabble-score,lexicase,FALSE,20,elitize_generation_data,183,28,0.894,NA
185,68,scrabble-score,lexicase,FALSE,20,elitize_generation_data,184,24,0.896,NA
186,68,scrabble-score,lexicase,FALSE,20,elitize_generation_data,185,32,0.886,NA
187,68,scrabble-score,lexicase,FALSE,20,elitize_generation_data,186,29,0.892,NA
188,68,scrabble-score,lexicase,FALSE,20,elitize_generation_data,187,30,0.878,NA
189,68,scrabble-score,lexicase,FALSE,20,elitize_generation_data,188,28,0.908,NA
190,68,scrabble-score,lexicase,FALSE,20,elitize_generation_data,189,24,0.891,NA
191,68,scrabble-score,lexicase,FALSE,20,elitize_generation_data,190,28,0.909,NA
192,68,scrabble-score,lexicase,FALSE,20,elitize_generation_data,191,25,0.905,NA
193,68,scrabble-score,lexicase,FALSE,20,elitize_generation_data,192,31,0.895,NA
194,68,scrabble-score,lexicase,FALSE,20,elitize_generation_data,193,31,0.893,NA
195,68,scrabble-score,lexicase,FALSE,20,elitize_generation_data,194,30,0.9,NA
196,68,scrabble-score,lexicase,FALSE,20,elitize_generation_data,195,30,0.891,NA
197,68,scrabble-score,lexicase,FALSE,20,elitize_generation_data,196,27,0.875,NA
198,68,scrabble-score,lexicase,FALSE,20,elitize_generation_data,197,27,0.867,NA
199,68,scrabble-score,lexicase,FALSE,20,elitize_generation_data,198,32,0.905,NA
200,68,scrabble-score,lexicase,FALSE,20,elitize_generation_data,199,29,0.882,NA
201,68,scrabble-score,lexicase,FALSE,20,elitize_generation_data,200,25,0.881,NA
202,68,scrabble-score,lexicase,FALSE,20,elitize_generation_data,201,26,0.888,NA
203,68,scrabble-score,lexicase,FALSE,20,elitize_generation_data,202,25,0.892,NA
204,68,scrabble-score,lexicase,FALSE,20,elitize_generation_data,203,24,0.866,NA
205,68,scrabble-score,lexicase,FALSE,20,elitize_generation_data,204,26,0.871,NA
206,68,scrabble-score,lexicase,FALSE,20,elitize_generation_data,205,31,0.874,NA
207,68,scrabble-score,lexicase,FALSE,20,elitize_generation_data,206,37,0.882,NA
208,68,scrabble-score,lexicase,FALSE,20,elitize_generation_data,207,29,0.883,NA
209,68,scrabble-score,lexicase,FALSE,20,elitize_generation_data,208,24,0.881,NA
210,68,scrabble-score,lexicase,FALSE,20,elitize_generation_data,209,26,0.888,NA
211,68,scrabble-score,lexicase,FALSE,20,elitize_generation_data,210,25,0.876,NA
212,68,scrabble-score,lexicase,FALSE,20,elitize_generation_data,211,29,0.895,NA
213,68,scrabble-score,lexicase,FALSE,20,elitize_generation_data,212,29,0.881,NA
214,68,scrabble-score,lexicase,FALSE,20,elitize_generation_data,213,27,0.887,NA
215,68,scrabble-score,lexicase,FALSE,20,elitize_generation_data,214,27,0.896,NA
216,68,scrabble-score,lexicase,FALSE,20,elitize_generation_data,215,32,0.858,NA
217,68,scrabble-score,lexicase,FALSE,20,elitize_generation_data,216,33,0.872,NA
218,68,scrabble-score,lexicase,FALSE,20,elitize_generation_data,217,30,0.872,NA
219,68,scrabble-score,lexicase,FALSE,20,elitize_generation_data,218,36,0.887,NA
220,68,scrabble-score,lexicase,FALSE,20,elitize_generation_data,219,31,0.88,NA
221,68,scrabble-score,lexicase,FALSE,20,elitize_generation_data,220,29,0.891,NA
222,68,scrabble-score,lexicase,FALSE,20,elitize_generation_data,221,28,0.863,NA
223,68,scrabble-score,lexicase,FALSE,20,elitize_generation_data,222,27,0.878,NA
224,68,scrabble-score,lexicase,FALSE,20,elitize_generation_data,223,22,0.854,NA
225,68,scrabble-score,lexicase,FALSE,20,elitize_generation_data,224,30,0.87,NA
226,68,scrabble-score,lexicase,FALSE,20,elitize_generation_data,225,30,0.841,NA
227,68,scrabble-score,lexicase,FALSE,20,elitize_generation_data,226,30,0.845,NA
228,68,scrabble-score,lexicase,FALSE,20,elitize_generation_data,227,31,0.854,NA
229,68,scrabble-score,lexicase,FALSE,20,elitize_generation_data,228,35,0.858,NA
230,68,scrabble-score,lexicase,FALSE,20,elitize_generation_data,229,30,0.855,NA
231,68,scrabble-score,lexicase,FALSE,20,elitize_generation_data,230,30,0.851,NA
232,68,scrabble-score,lexicase,FALSE,20,elitize_generation_data,231,31,0.843,NA
233,68,scrabble-score,lexicase,FALSE,20,elitize_generation_data,232,36,0.856,NA
234,68,scrabble-score,lexicase,FALSE,20,elitize_generation_data,233,36,0.847,NA
235,68,scrabble-score,lexicase,FALSE,20,elitize_generation_data,234,27,0.853,NA
236,68,scrabble-score,lexicase,FALSE,20,elitize_generation_data,235,24,0.84,NA
237,68,scrabble-score,lexicase,FALSE,20,elitize_generation_data,236,26,0.863,NA
238,68,scrabble-score,lexicase,FALSE,20,elitize_generation_data,237,29,0.849,NA
239,68,scrabble-score,lexicase,FALSE,20,elitize_generation_data,238,22,0.856,NA
240,68,scrabble-score,lexicase,FALSE,20,elitize_generation_data,239,30,0.86,NA
241,68,scrabble-score,lexicase,FALSE,20,elitize_generation_data,240,22,0.858,NA
242,68,scrabble-score,lexicase,FALSE,20,elitize_generation_data,241,25,0.85,NA
243,68,scrabble-score,lexicase,FALSE,20,elitize_generation_data,242,20,0.845,NA
244,68,scrabble-score,lexicase,FALSE,20,elitize_generation_data,243,26,0.875,NA
245,68,scrabble-score,lexicase,FALSE,20,elitize_generation_data,244,25,0.854,NA
246,68,scrabble-score,lexicase,FALSE,20,elitize_generation_data,245,21,0.853,NA
247,68,scrabble-score,lexicase,FALSE,20,elitize_generation_data,246,27,0.868,NA
248,68,scrabble-score,lexicase,FALSE,20,elitize_generation_data,247,17,0.866,NA
249,68,scrabble-score,lexicase,FALSE,20,elitize_generation_data,248,19,0.838,NA
250,68,scrabble-score,lexicase,FALSE,20,elitize_generation_data,249,24,0.846,NA
251,68,scrabble-score,lexicase,FALSE,20,elitize_generation_data,250,19,0.836,NA
252,68,scrabble-score,lexicase,FALSE,20,elitize_generation_data,251,20,0.861,NA
253,68,scrabble-score,lexicase,FALSE,20,elitize_generation_data,252,16,0.85,NA
254,68,scrabble-score,lexicase,FALSE,20,elitize_generation_data,253,17,0.849,NA
255,68,scrabble-score,lexicase,FALSE,20,elitize_generation_data,254,18,0.836,NA
256,68,scrabble-score,lexicase,FALSE,20,elitize_generation_data,255,22,0.851,NA
257,68,scrabble-score,lexicase,FALSE,20,elitize_generation_data,256,21,0.841,NA
258,68,scrabble-score,lexicase,FALSE,20,elitize_generation_data,257,21,0.833,NA
259,68,scrabble-score,lexicase,FALSE,20,elitize_generation_data,258,19,0.808,NA
260,68,scrabble-score,lexicase,FALSE,20,elitize_generation_data,259,21,0.822,NA
261,68,scrabble-score,lexicase,FALSE,20,elitize_generation_data,260,19,0.831,NA
262,68,scrabble-score,lexicase,FALSE,20,elitize_generation_data,261,17,0.814,NA
263,68,scrabble-score,lexicase,FALSE,20,elitize_generation_data,262,24,0.835,NA
264,68,scrabble-score,lexicase,FALSE,20,elitize_generation_data,263,22,0.855,NA
265,68,scrabble-score,lexicase,FALSE,20,elitize_generation_data,264,20,0.823,NA
266,68,scrabble-score,lexicase,FALSE,20,elitize_generation_data,265,24,0.823,NA
267,68,scrabble-score,lexicase,FALSE,20,elitize_generation_data,266,23,0.816,NA
268,68,scrabble-score,lexicase,FALSE,20,elitize_generation_data,267,26,0.824,NA
269,68,scrabble-score,lexicase,FALSE,20,elitize_generation_data,268,19,0.825,NA
270,68,scrabble-score,lexicase,FALSE,20,elitize_generation_data,269,19,0.844,NA
271,68,scrabble-score,lexicase,FALSE,20,elitize_generation_data,270,22,0.843,NA
272,68,scrabble-score,lexicase,FALSE,20,elitize_generation_data,271,22,0.85,NA
273,68,scrabble-score,lexicase,FALSE,20,elitize_generation_data,272,29,0.844,NA
274,68,scrabble-score,lexicase,FALSE,20,elitize_generation_data,273,25,0.841,NA
275,68,scrabble-score,lexicase,FALSE,20,elitize_generation_data,274,25,0.838,NA
276,68,scrabble-score,lexicase,FALSE,20,elitize_generation_data,275,26,0.833,NA
277,68,scrabble-score,lexicase,FALSE,20,elitize_generation_data,276,28,0.834,NA
278,68,scrabble-score,lexicase,FALSE,20,elitize_generation_data,277,29,0.841,NA
279,68,scrabble-score,lexicase,FALSE,20,elitize_generation_data,278,28,0.833,NA
280,68,scrabble-score,lexicase,FALSE,20,elitize_generation_data,279,25,0.839,NA
281,68,scrabble-score,lexicase,FALSE,20,elitize_generation_data,280,23,0.831,NA
282,68,scrabble-score,lexicase,FALSE,20,elitize_generation_data,281,29,0.834,NA
283,68,scrabble-score,lexicase,FALSE,20,elitize_generation_data,282,25,0.85,NA
284,68,scrabble-score,lexicase,FALSE,20,elitize_generation_data,283,27,0.853,NA
285,68,scrabble-score,lexicase,FALSE,20,elitize_generation_data,284,26,0.841,NA
286,68,scrabble-score,lexicase,FALSE,20,elitize_generation_data,285,24,0.832,NA
287,68,scrabble-score,lexicase,FALSE,20,elitize_generation_data,286,21,0.844,NA
288,68,scrabble-score,lexicase,FALSE,20,elitize_generation_data,287,22,0.854,NA
289,68,scrabble-score,lexicase,FALSE,20,elitize_generation_data,288,26,0.854,NA
290,68,scrabble-score,lexicase,FALSE,20,elitize_generation_data,289,22,0.841,NA
291,68,scrabble-score,lexicase,FALSE,20,elitize_generation_data,290,26,0.86,NA
292,68,scrabble-score,lexicase,FALSE,20,elitize_generation_data,291,26,0.859,NA
293,68,scrabble-score,lexicase,FALSE,20,elitize_generation_data,292,22,0.872,NA
294,68,scrabble-score,lexicase,FALSE,20,elitize_generation_data,293,23,0.835,NA
295,68,scrabble-score,lexicase,FALSE,20,elitize_generation_data,294,22,0.87,NA
296,68,scrabble-score,lexicase,FALSE,20,elitize_generation_data,295,23,0.863,NA
297,68,scrabble-score,lexicase,FALSE,20,elitize_generation_data,296,23,0.865,NA
298,68,scrabble-score,lexicase,FALSE,20,elitize_generation_data,297,24,0.846,NA
299,68,scrabble-score,lexicase,FALSE,20,elitize_generation_data,298,18,0.861,NA
300,68,scrabble-score,lexicase,FALSE,20,elitize_generation_data,299,28,0.849,NA
301,68,scrabble-score,lexicase,FALSE,20,elitize_generation_data,300,27,0.85,NA
