,run.num,problem,treatment,succeeded,height,normalization.function,generation,cluster.count,error.diversity,success.generation
1,73,scrabble-score,lexicase,FALSE,20,elitize_generation_data,0,4,0.103,NA
2,73,scrabble-score,lexicase,FALSE,20,elitize_generation_data,1,2,0.144,NA
3,73,scrabble-score,lexicase,FALSE,20,elitize_generation_data,2,2,0.194,NA
4,73,scrabble-score,lexicase,FALSE,20,elitize_generation_data,3,2,0.278,NA
5,73,scrabble-score,lexicase,FALSE,20,elitize_generation_data,4,2,0.345,NA
6,73,scrabble-score,lexicase,FALSE,20,elitize_generation_data,5,2,0.439,NA
7,73,scrabble-score,lexicase,FALSE,20,elitize_generation_data,6,2,0.517,NA
8,73,scrabble-score,lexicase,FALSE,20,elitize_generation_data,7,3,0.527,NA
9,73,scrabble-score,lexicase,FALSE,20,elitize_generation_data,8,2,0.592,NA
10,73,scrabble-score,lexicase,FALSE,20,elitize_generation_data,9,3,0.625,NA
11,73,scrabble-score,lexicase,FALSE,20,elitize_generation_data,10,5,0.657,NA
12,73,scrabble-score,lexicase,FALSE,20,elitize_generation_data,11,6,0.718,NA
13,73,scrabble-score,lexicase,FALSE,20,elitize_generation_data,12,5,0.721,NA
14,73,scrabble-score,lexicase,FALSE,20,elitize_generation_data,13,5,0.756,NA
15,73,scrabble-score,lexicase,FALSE,20,elitize_generation_data,14,4,0.757,NA
16,73,scrabble-score,lexicase,FALSE,20,elitize_generation_data,15,10,0.788,NA
17,73,scrabble-score,lexicase,FALSE,20,elitize_generation_data,16,9,0.811,NA
18,73,scrabble-score,lexicase,FALSE,20,elitize_generation_data,17,11,0.802,NA
19,73,scrabble-score,lexicase,FALSE,20,elitize_generation_data,18,12,0.814,NA
20,73,scrabble-score,lexicase,FALSE,20,elitize_generation_data,19,11,0.804,NA
21,73,scrabble-score,lexicase,FALSE,20,elitize_generation_data,20,13,0.807,NA
22,73,scrabble-score,lexicase,FALSE,20,elitize_generation_data,21,8,0.809,NA
23,73,scrabble-score,lexicase,FALSE,20,elitize_generation_data,22,8,0.835,NA
24,73,scrabble-score,lexicase,FALSE,20,elitize_generation_data,23,10,0.83,NA
25,73,scrabble-score,lexicase,FALSE,20,elitize_generation_data,24,10,0.8,NA
26,73,scrabble-score,lexicase,FALSE,20,elitize_generation_data,25,11,0.824,NA
27,73,scrabble-score,lexicase,FALSE,20,elitize_generation_data,26,11,0.807,NA
28,73,scrabble-score,lexicase,FALSE,20,elitize_generation_data,27,9,0.837,NA
29,73,scrabble-score,lexicase,FALSE,20,elitize_generation_data,28,13,0.839,NA
30,73,scrabble-score,lexicase,FALSE,20,elitize_generation_data,29,9,0.848,NA
31,73,scrabble-score,lexicase,FALSE,20,elitize_generation_data,30,10,0.842,NA
32,73,scrabble-score,lexicase,FALSE,20,elitize_generation_data,31,9,0.827,NA
33,73,scrabble-score,lexicase,FALSE,20,elitize_generation_data,32,6,0.833,NA
34,73,scrabble-score,lexicase,FALSE,20,elitize_generation_data,33,6,0.832,NA
35,73,scrabble-score,lexicase,FALSE,20,elitize_generation_data,34,12,0.833,NA
36,73,scrabble-score,lexicase,FALSE,20,elitize_generation_data,35,13,0.825,NA
37,73,scrabble-score,lexicase,FALSE,20,elitize_generation_data,36,12,0.852,NA
38,73,scrabble-score,lexicase,FALSE,20,elitize_generation_data,37,11,0.875,NA
39,73,scrabble-score,lexicase,FALSE,20,elitize_generation_data,38,12,0.858,NA
40,73,scrabble-score,lexicase,FALSE,20,elitize_generation_data,39,13,0.842,NA
41,73,scrabble-score,lexicase,FALSE,20,elitize_generation_data,40,13,0.88,NA
42,73,scrabble-score,lexicase,FALSE,20,elitize_generation_data,41,12,0.85,NA
43,73,scrabble-score,lexicase,FALSE,20,elitize_generation_data,42,16,0.861,NA
44,73,scrabble-score,lexicase,FALSE,20,elitize_generation_data,43,14,0.884,NA
45,73,scrabble-score,lexicase,FALSE,20,elitize_generation_data,44,17,0.871,NA
46,73,scrabble-score,lexicase,FALSE,20,elitize_generation_data,45,19,0.865,NA
47,73,scrabble-score,lexicase,FALSE,20,elitize_generation_data,46,15,0.868,NA
48,73,scrabble-score,lexicase,FALSE,20,elitize_generation_data,47,17,0.872,NA
49,73,scrabble-score,lexicase,FALSE,20,elitize_generation_data,48,13,0.877,NA
50,73,scrabble-score,lexicase,FALSE,20,elitize_generation_data,49,15,0.88,NA
51,73,scrabble-score,lexicase,FALSE,20,elitize_generation_data,50,20,0.892,NA
52,73,scrabble-score,lexicase,FALSE,20,elitize_generation_data,51,24,0.885,NA
53,73,scrabble-score,lexicase,FALSE,20,elitize_generation_data,52,17,0.89,NA
54,73,scrabble-score,lexicase,FALSE,20,elitize_generation_data,53,14,0.906,NA
55,73,scrabble-score,lexicase,FALSE,20,elitize_generation_data,54,14,0.892,NA
56,73,scrabble-score,lexicase,FALSE,20,elitize_generation_data,55,12,0.883,NA
57,73,scrabble-score,lexicase,FALSE,20,elitize_generation_data,56,16,0.89,NA
58,73,scrabble-score,lexicase,FALSE,20,elitize_generation_data,57,10,0.896,NA
59,73,scrabble-score,lexicase,FALSE,20,elitize_generation_data,58,18,0.898,NA
60,73,scrabble-score,lexicase,FALSE,20,elitize_generation_data,59,22,0.883,NA
61,73,scrabble-score,lexicase,FALSE,20,elitize_generation_data,60,19,0.898,NA
62,73,scrabble-score,lexicase,FALSE,20,elitize_generation_data,61,22,0.904,NA
63,73,scrabble-score,lexicase,FALSE,20,elitize_generation_data,62,18,0.922,NA
64,73,scrabble-score,lexicase,FALSE,20,elitize_generation_data,63,20,0.894,NA
65,73,scrabble-score,lexicase,FALSE,20,elitize_generation_data,64,18,0.892,NA
66,73,scrabble-score,lexicase,FALSE,20,elitize_generation_data,65,17,0.9,NA
67,73,scrabble-score,lexicase,FALSE,20,elitize_generation_data,66,20,0.918,NA
68,73,scrabble-score,lexicase,FALSE,20,elitize_generation_data,67,18,0.903,NA
69,73,scrabble-score,lexicase,FALSE,20,elitize_generation_data,68,20,0.914,NA
70,73,scrabble-score,lexicase,FALSE,20,elitize_generation_data,69,16,0.891,NA
71,73,scrabble-score,lexicase,FALSE,20,elitize_generation_data,70,18,0.907,NA
72,73,scrabble-score,lexicase,FALSE,20,elitize_generation_data,71,19,0.891,NA
73,73,scrabble-score,lexicase,FALSE,20,elitize_generation_data,72,18,0.893,NA
74,73,scrabble-score,lexicase,FALSE,20,elitize_generation_data,73,13,0.892,NA
75,73,scrabble-score,lexicase,FALSE,20,elitize_generation_data,74,16,0.895,NA
76,73,scrabble-score,lexicase,FALSE,20,elitize_generation_data,75,13,0.894,NA
77,73,scrabble-score,lexicase,FALSE,20,elitize_generation_data,76,12,0.905,NA
78,73,scrabble-score,lexicase,FALSE,20,elitize_generation_data,77,13,0.892,NA
79,73,scrabble-score,lexicase,FALSE,20,elitize_generation_data,78,12,0.875,NA
80,73,scrabble-score,lexicase,FALSE,20,elitize_generation_data,79,10,0.881,NA
81,73,scrabble-score,lexicase,FALSE,20,elitize_generation_data,80,13,0.868,NA
82,73,scrabble-score,lexicase,FALSE,20,elitize_generation_data,81,16,0.903,NA
83,73,scrabble-score,lexicase,FALSE,20,elitize_generation_data,82,16,0.883,NA
84,73,scrabble-score,lexicase,FALSE,20,elitize_generation_data,83,14,0.893,NA
85,73,scrabble-score,lexicase,FALSE,20,elitize_generation_data,84,13,0.901,NA
86,73,scrabble-score,lexicase,FALSE,20,elitize_generation_data,85,11,0.905,NA
87,73,scrabble-score,lexicase,FALSE,20,elitize_generation_data,86,13,0.896,NA
88,73,scrabble-score,lexicase,FALSE,20,elitize_generation_data,87,16,0.891,NA
89,73,scrabble-score,lexicase,FALSE,20,elitize_generation_data,88,15,0.891,NA
90,73,scrabble-score,lexicase,FALSE,20,elitize_generation_data,89,19,0.901,NA
91,73,scrabble-score,lexicase,FALSE,20,elitize_generation_data,90,18,0.922,NA
92,73,scrabble-score,lexicase,FALSE,20,elitize_generation_data,91,16,0.91,NA
93,73,scrabble-score,lexicase,FALSE,20,elitize_generation_data,92,17,0.899,NA
94,73,scrabble-score,lexicase,FALSE,20,elitize_generation_data,93,15,0.905,NA
95,73,scrabble-score,lexicase,FALSE,20,elitize_generation_data,94,20,0.892,NA
96,73,scrabble-score,lexicase,FALSE,20,elitize_generation_data,95,20,0.883,NA
97,73,scrabble-score,lexicase,FALSE,20,elitize_generation_data,96,17,0.895,NA
98,73,scrabble-score,lexicase,FALSE,20,elitize_generation_data,97,21,0.888,NA
99,73,scrabble-score,lexicase,FALSE,20,elitize_generation_data,98,17,0.9,NA
100,73,scrabble-score,lexicase,FALSE,20,elitize_generation_data,99,15,0.891,NA
101,73,scrabble-score,lexicase,FALSE,20,elitize_generation_data,100,16,0.911,NA
102,73,scrabble-score,lexicase,FALSE,20,elitize_generation_data,101,16,0.917,NA
103,73,scrabble-score,lexicase,FALSE,20,elitize_generation_data,102,12,0.914,NA
104,73,scrabble-score,lexicase,FALSE,20,elitize_generation_data,103,12,0.913,NA
105,73,scrabble-score,lexicase,FALSE,20,elitize_generation_data,104,15,0.911,NA
106,73,scrabble-score,lexicase,FALSE,20,elitize_generation_data,105,13,0.9,NA
107,73,scrabble-score,lexicase,FALSE,20,elitize_generation_data,106,12,0.913,NA
108,73,scrabble-score,lexicase,FALSE,20,elitize_generation_data,107,14,0.886,NA
109,73,scrabble-score,lexicase,FALSE,20,elitize_generation_data,108,13,0.915,NA
110,73,scrabble-score,lexicase,FALSE,20,elitize_generation_data,109,15,0.9,NA
111,73,scrabble-score,lexicase,FALSE,20,elitize_generation_data,110,17,0.919,NA
112,73,scrabble-score,lexicase,FALSE,20,elitize_generation_data,111,17,0.933,NA
113,73,scrabble-score,lexicase,FALSE,20,elitize_generation_data,112,18,0.911,NA
114,73,scrabble-score,lexicase,FALSE,20,elitize_generation_data,113,23,0.911,NA
115,73,scrabble-score,lexicase,FALSE,20,elitize_generation_data,114,19,0.899,NA
116,73,scrabble-score,lexicase,FALSE,20,elitize_generation_data,115,14,0.926,NA
117,73,scrabble-score,lexicase,FALSE,20,elitize_generation_data,116,19,0.926,NA
118,73,scrabble-score,lexicase,FALSE,20,elitize_generation_data,117,20,0.902,NA
119,73,scrabble-score,lexicase,FALSE,20,elitize_generation_data,118,20,0.901,NA
120,73,scrabble-score,lexicase,FALSE,20,elitize_generation_data,119,20,0.908,NA
121,73,scrabble-score,lexicase,FALSE,20,elitize_generation_data,120,15,0.919,NA
122,73,scrabble-score,lexicase,FALSE,20,elitize_generation_data,121,18,0.911,NA
123,73,scrabble-score,lexicase,FALSE,20,elitize_generation_data,122,18,0.92,NA
124,73,scrabble-score,lexicase,FALSE,20,elitize_generation_data,123,24,0.911,NA
125,73,scrabble-score,lexicase,FALSE,20,elitize_generation_data,124,18,0.929,NA
126,73,scrabble-score,lexicase,FALSE,20,elitize_generation_data,125,22,0.93,NA
127,73,scrabble-score,lexicase,FALSE,20,elitize_generation_data,126,25,0.909,NA
128,73,scrabble-score,lexicase,FALSE,20,elitize_generation_data,127,22,0.909,NA
129,73,scrabble-score,lexicase,FALSE,20,elitize_generation_data,128,24,0.917,NA
130,73,scrabble-score,lexicase,FALSE,20,elitize_generation_data,129,19,0.915,NA
131,73,scrabble-score,lexicase,FALSE,20,elitize_generation_data,130,23,0.891,NA
132,73,scrabble-score,lexicase,FALSE,20,elitize_generation_data,131,25,0.919,NA
133,73,scrabble-score,lexicase,FALSE,20,elitize_generation_data,132,26,0.931,NA
134,73,scrabble-score,lexicase,FALSE,20,elitize_generation_data,133,19,0.911,NA
135,73,scrabble-score,lexicase,FALSE,20,elitize_generation_data,134,20,0.921,NA
136,73,scrabble-score,lexicase,FALSE,20,elitize_generation_data,135,29,0.896,NA
137,73,scrabble-score,lexicase,FALSE,20,elitize_generation_data,136,23,0.902,NA
138,73,scrabble-score,lexicase,FALSE,20,elitize_generation_data,137,33,0.911,NA
139,73,scrabble-score,lexicase,FALSE,20,elitize_generation_data,138,30,0.903,NA
140,73,scrabble-score,lexicase,FALSE,20,elitize_generation_data,139,24,0.911,NA
141,73,scrabble-score,lexicase,FALSE,20,elitize_generation_data,140,28,0.878,NA
142,73,scrabble-score,lexicase,FALSE,20,elitize_generation_data,141,28,0.886,NA
143,73,scrabble-score,lexicase,FALSE,20,elitize_generation_data,142,27,0.898,NA
144,73,scrabble-score,lexicase,FALSE,20,elitize_generation_data,143,23,0.913,NA
145,73,scrabble-score,lexicase,FALSE,20,elitize_generation_data,144,23,0.892,NA
146,73,scrabble-score,lexicase,FALSE,20,elitize_generation_data,145,27,0.902,NA
147,73,scrabble-score,lexicase,FALSE,20,elitize_generation_data,146,29,0.908,NA
148,73,scrabble-score,lexicase,FALSE,20,elitize_generation_data,147,30,0.917,NA
149,73,scrabble-score,lexicase,FALSE,20,elitize_generation_data,148,23,0.9,NA
150,73,scrabble-score,lexicase,FALSE,20,elitize_generation_data,149,22,0.904,NA
151,73,scrabble-score,lexicase,FALSE,20,elitize_generation_data,150,31,0.896,NA
152,73,scrabble-score,lexicase,FALSE,20,elitize_generation_data,151,30,0.911,NA
153,73,scrabble-score,lexicase,FALSE,20,elitize_generation_data,152,26,0.925,NA
154,73,scrabble-score,lexicase,FALSE,20,elitize_generation_data,153,21,0.906,NA
155,73,scrabble-score,lexicase,FALSE,20,elitize_generation_data,154,27,0.914,NA
156,73,scrabble-score,lexicase,FALSE,20,elitize_generation_data,155,26,0.918,NA
157,73,scrabble-score,lexicase,FALSE,20,elitize_generation_data,156,25,0.907,NA
158,73,scrabble-score,lexicase,FALSE,20,elitize_generation_data,157,29,0.902,NA
159,73,scrabble-score,lexicase,FALSE,20,elitize_generation_data,158,21,0.899,NA
160,73,scrabble-score,lexicase,FALSE,20,elitize_generation_data,159,24,0.912,NA
161,73,scrabble-score,lexicase,FALSE,20,elitize_generation_data,160,26,0.891,NA
162,73,scrabble-score,lexicase,FALSE,20,elitize_generation_data,161,30,0.907,NA
163,73,scrabble-score,lexicase,FALSE,20,elitize_generation_data,162,25,0.885,NA
164,73,scrabble-score,lexicase,FALSE,20,elitize_generation_data,163,22,0.9,NA
165,73,scrabble-score,lexicase,FALSE,20,elitize_generation_data,164,25,0.897,NA
166,73,scrabble-score,lexicase,FALSE,20,elitize_generation_data,165,29,0.887,NA
167,73,scrabble-score,lexicase,FALSE,20,elitize_generation_data,166,28,0.881,NA
168,73,scrabble-score,lexicase,FALSE,20,elitize_generation_data,167,22,0.878,NA
169,73,scrabble-score,lexicase,FALSE,20,elitize_generation_data,168,21,0.879,NA
170,73,scrabble-score,lexicase,FALSE,20,elitize_generation_data,169,26,0.868,NA
171,73,scrabble-score,lexicase,FALSE,20,elitize_generation_data,170,26,0.905,NA
172,73,scrabble-score,lexicase,FALSE,20,elitize_generation_data,171,28,0.899,NA
173,73,scrabble-score,lexicase,FALSE,20,elitize_generation_data,172,32,0.88,NA
174,73,scrabble-score,lexicase,FALSE,20,elitize_generation_data,173,27,0.883,NA
175,73,scrabble-score,lexicase,FALSE,20,elitize_generation_data,174,25,0.894,NA
176,73,scrabble-score,lexicase,FALSE,20,elitize_generation_data,175,26,0.899,NA
177,73,scrabble-score,lexicase,FALSE,20,elitize_generation_data,176,31,0.911,NA
178,73,scrabble-score,lexicase,FALSE,20,elitize_generation_data,177,27,0.9,NA
179,73,scrabble-score,lexicase,FALSE,20,elitize_generation_data,178,20,0.913,NA
180,73,scrabble-score,lexicase,FALSE,20,elitize_generation_data,179,28,0.896,NA
181,73,scrabble-score,lexicase,FALSE,20,elitize_generation_data,180,16,0.919,NA
182,73,scrabble-score,lexicase,FALSE,20,elitize_generation_data,181,25,0.892,NA
183,73,scrabble-score,lexicase,FALSE,20,elitize_generation_data,182,17,0.882,NA
184,73,scrabble-score,lexicase,FALSE,20,elitize_generation_data,183,17,0.895,NA
185,73,scrabble-score,lexicase,FALSE,20,elitize_generation_data,184,12,0.892,NA
186,73,scrabble-score,lexicase,FALSE,20,elitize_generation_data,185,16,0.892,NA
187,73,scrabble-score,lexicase,FALSE,20,elitize_generation_data,186,19,0.881,NA
188,73,scrabble-score,lexicase,FALSE,20,elitize_generation_data,187,21,0.884,NA
189,73,scrabble-score,lexicase,FALSE,20,elitize_generation_data,188,25,0.902,NA
190,73,scrabble-score,lexicase,FALSE,20,elitize_generation_data,189,24,0.898,NA
191,73,scrabble-score,lexicase,FALSE,20,elitize_generation_data,190,23,0.897,NA
192,73,scrabble-score,lexicase,FALSE,20,elitize_generation_data,191,23,0.909,NA
193,73,scrabble-score,lexicase,FALSE,20,elitize_generation_data,192,25,0.901,NA
194,73,scrabble-score,lexicase,FALSE,20,elitize_generation_data,193,27,0.905,NA
195,73,scrabble-score,lexicase,FALSE,20,elitize_generation_data,194,29,0.893,NA
196,73,scrabble-score,lexicase,FALSE,20,elitize_generation_data,195,23,0.907,NA
197,73,scrabble-score,lexicase,FALSE,20,elitize_generation_data,196,26,0.89,NA
198,73,scrabble-score,lexicase,FALSE,20,elitize_generation_data,197,25,0.858,NA
199,73,scrabble-score,lexicase,FALSE,20,elitize_generation_data,198,30,0.874,NA
200,73,scrabble-score,lexicase,FALSE,20,elitize_generation_data,199,35,0.89,NA
201,73,scrabble-score,lexicase,FALSE,20,elitize_generation_data,200,36,0.899,NA
202,73,scrabble-score,lexicase,FALSE,20,elitize_generation_data,201,30,0.887,NA
203,73,scrabble-score,lexicase,FALSE,20,elitize_generation_data,202,28,0.872,NA
204,73,scrabble-score,lexicase,FALSE,20,elitize_generation_data,203,30,0.893,NA
205,73,scrabble-score,lexicase,FALSE,20,elitize_generation_data,204,31,0.888,NA
206,73,scrabble-score,lexicase,FALSE,20,elitize_generation_data,205,28,0.873,NA
207,73,scrabble-score,lexicase,FALSE,20,elitize_generation_data,206,32,0.878,NA
208,73,scrabble-score,lexicase,FALSE,20,elitize_generation_data,207,38,0.863,NA
209,73,scrabble-score,lexicase,FALSE,20,elitize_generation_data,208,37,0.877,NA
210,73,scrabble-score,lexicase,FALSE,20,elitize_generation_data,209,41,0.877,NA
211,73,scrabble-score,lexicase,FALSE,20,elitize_generation_data,210,34,0.871,NA
212,73,scrabble-score,lexicase,FALSE,20,elitize_generation_data,211,36,0.88,NA
213,73,scrabble-score,lexicase,FALSE,20,elitize_generation_data,212,33,0.861,NA
214,73,scrabble-score,lexicase,FALSE,20,elitize_generation_data,213,37,0.843,NA
215,73,scrabble-score,lexicase,FALSE,20,elitize_generation_data,214,43,0.863,NA
216,73,scrabble-score,lexicase,FALSE,20,elitize_generation_data,215,41,0.866,NA
217,73,scrabble-score,lexicase,FALSE,20,elitize_generation_data,216,36,0.852,NA
218,73,scrabble-score,lexicase,FALSE,20,elitize_generation_data,217,36,0.858,NA
219,73,scrabble-score,lexicase,FALSE,20,elitize_generation_data,218,43,0.86,NA
220,73,scrabble-score,lexicase,FALSE,20,elitize_generation_data,219,38,0.843,NA
221,73,scrabble-score,lexicase,FALSE,20,elitize_generation_data,220,42,0.835,NA
222,73,scrabble-score,lexicase,FALSE,20,elitize_generation_data,221,35,0.846,NA
223,73,scrabble-score,lexicase,FALSE,20,elitize_generation_data,222,27,0.858,NA
224,73,scrabble-score,lexicase,FALSE,20,elitize_generation_data,223,35,0.838,NA
225,73,scrabble-score,lexicase,FALSE,20,elitize_generation_data,224,35,0.872,NA
226,73,scrabble-score,lexicase,FALSE,20,elitize_generation_data,225,38,0.857,NA
227,73,scrabble-score,lexicase,FALSE,20,elitize_generation_data,226,34,0.844,NA
228,73,scrabble-score,lexicase,FALSE,20,elitize_generation_data,227,38,0.852,NA
229,73,scrabble-score,lexicase,FALSE,20,elitize_generation_data,228,45,0.874,NA
230,73,scrabble-score,lexicase,FALSE,20,elitize_generation_data,229,46,0.859,NA
231,73,scrabble-score,lexicase,FALSE,20,elitize_generation_data,230,41,0.877,NA
232,73,scrabble-score,lexicase,FALSE,20,elitize_generation_data,231,40,0.864,NA
233,73,scrabble-score,lexicase,FALSE,20,elitize_generation_data,232,45,0.87,NA
234,73,scrabble-score,lexicase,FALSE,20,elitize_generation_data,233,50,0.838,NA
235,73,scrabble-score,lexicase,FALSE,20,elitize_generation_data,234,56,0.865,NA
236,73,scrabble-score,lexicase,FALSE,20,elitize_generation_data,235,52,0.855,NA
237,73,scrabble-score,lexicase,FALSE,20,elitize_generation_data,236,49,0.849,NA
238,73,scrabble-score,lexicase,FALSE,20,elitize_generation_data,237,43,0.863,NA
239,73,scrabble-score,lexicase,FALSE,20,elitize_generation_data,238,50,0.861,NA
240,73,scrabble-score,lexicase,FALSE,20,elitize_generation_data,239,55,0.86,NA
241,73,scrabble-score,lexicase,FALSE,20,elitize_generation_data,240,51,0.868,NA
242,73,scrabble-score,lexicase,FALSE,20,elitize_generation_data,241,49,0.869,NA
243,73,scrabble-score,lexicase,FALSE,20,elitize_generation_data,242,46,0.872,NA
244,73,scrabble-score,lexicase,FALSE,20,elitize_generation_data,243,40,0.859,NA
245,73,scrabble-score,lexicase,FALSE,20,elitize_generation_data,244,48,0.827,NA
246,73,scrabble-score,lexicase,FALSE,20,elitize_generation_data,245,47,0.847,NA
247,73,scrabble-score,lexicase,FALSE,20,elitize_generation_data,246,50,0.853,NA
248,73,scrabble-score,lexicase,FALSE,20,elitize_generation_data,247,48,0.85,NA
249,73,scrabble-score,lexicase,FALSE,20,elitize_generation_data,248,48,0.862,NA
250,73,scrabble-score,lexicase,FALSE,20,elitize_generation_data,249,47,0.835,NA
251,73,scrabble-score,lexicase,FALSE,20,elitize_generation_data,250,45,0.851,NA
252,73,scrabble-score,lexicase,FALSE,20,elitize_generation_data,251,53,0.873,NA
253,73,scrabble-score,lexicase,FALSE,20,elitize_generation_data,252,48,0.87,NA
254,73,scrabble-score,lexicase,FALSE,20,elitize_generation_data,253,48,0.843,NA
255,73,scrabble-score,lexicase,FALSE,20,elitize_generation_data,254,50,0.857,NA
256,73,scrabble-score,lexicase,FALSE,20,elitize_generation_data,255,49,0.879,NA
257,73,scrabble-score,lexicase,FALSE,20,elitize_generation_data,256,46,0.886,NA
258,73,scrabble-score,lexicase,FALSE,20,elitize_generation_data,257,49,0.881,NA
259,73,scrabble-score,lexicase,FALSE,20,elitize_generation_data,258,55,0.872,NA
260,73,scrabble-score,lexicase,FALSE,20,elitize_generation_data,259,48,0.886,NA
261,73,scrabble-score,lexicase,FALSE,20,elitize_generation_data,260,49,0.879,NA
262,73,scrabble-score,lexicase,FALSE,20,elitize_generation_data,261,54,0.862,NA
263,73,scrabble-score,lexicase,FALSE,20,elitize_generation_data,262,54,0.882,NA
264,73,scrabble-score,lexicase,FALSE,20,elitize_generation_data,263,59,0.888,NA
265,73,scrabble-score,lexicase,FALSE,20,elitize_generation_data,264,51,0.877,NA
266,73,scrabble-score,lexicase,FALSE,20,elitize_generation_data,265,61,0.891,NA
267,73,scrabble-score,lexicase,FALSE,20,elitize_generation_data,266,52,0.877,NA
268,73,scrabble-score,lexicase,FALSE,20,elitize_generation_data,267,48,0.887,NA
269,73,scrabble-score,lexicase,FALSE,20,elitize_generation_data,268,50,0.873,NA
270,73,scrabble-score,lexicase,FALSE,20,elitize_generation_data,269,61,0.859,NA
271,73,scrabble-score,lexicase,FALSE,20,elitize_generation_data,270,50,0.875,NA
272,73,scrabble-score,lexicase,FALSE,20,elitize_generation_data,271,50,0.871,NA
273,73,scrabble-score,lexicase,FALSE,20,elitize_generation_data,272,54,0.863,NA
274,73,scrabble-score,lexicase,FALSE,20,elitize_generation_data,273,47,0.873,NA
275,73,scrabble-score,lexicase,FALSE,20,elitize_generation_data,274,44,0.856,NA
276,73,scrabble-score,lexicase,FALSE,20,elitize_generation_data,275,51,0.847,NA
277,73,scrabble-score,lexicase,FALSE,20,elitize_generation_data,276,45,0.86,NA
278,73,scrabble-score,lexicase,FALSE,20,elitize_generation_data,277,52,0.862,NA
279,73,scrabble-score,lexicase,FALSE,20,elitize_generation_data,278,47,0.876,NA
280,73,scrabble-score,lexicase,FALSE,20,elitize_generation_data,279,43,0.868,NA
281,73,scrabble-score,lexicase,FALSE,20,elitize_generation_data,280,47,0.86,NA
282,73,scrabble-score,lexicase,FALSE,20,elitize_generation_data,281,50,0.87,NA
283,73,scrabble-score,lexicase,FALSE,20,elitize_generation_data,282,44,0.863,NA
284,73,scrabble-score,lexicase,FALSE,20,elitize_generation_data,283,44,0.84,NA
285,73,scrabble-score,lexicase,FALSE,20,elitize_generation_data,284,49,0.839,NA
286,73,scrabble-score,lexicase,FALSE,20,elitize_generation_data,285,54,0.847,NA
287,73,scrabble-score,lexicase,FALSE,20,elitize_generation_data,286,55,0.852,NA
288,73,scrabble-score,lexicase,FALSE,20,elitize_generation_data,287,47,0.863,NA
289,73,scrabble-score,lexicase,FALSE,20,elitize_generation_data,288,55,0.862,NA
290,73,scrabble-score,lexicase,FALSE,20,elitize_generation_data,289,52,0.865,NA
291,73,scrabble-score,lexicase,FALSE,20,elitize_generation_data,290,47,0.87,NA
292,73,scrabble-score,lexicase,FALSE,20,elitize_generation_data,291,46,0.862,NA
293,73,scrabble-score,lexicase,FALSE,20,elitize_generation_data,292,49,0.87,NA
294,73,scrabble-score,lexicase,FALSE,20,elitize_generation_data,293,50,0.868,NA
295,73,scrabble-score,lexicase,FALSE,20,elitize_generation_data,294,43,0.893,NA
296,73,scrabble-score,lexicase,FALSE,20,elitize_generation_data,295,47,0.858,NA
297,73,scrabble-score,lexicase,FALSE,20,elitize_generation_data,296,49,0.875,NA
298,73,scrabble-score,lexicase,FALSE,20,elitize_generation_data,297,39,0.874,NA
299,73,scrabble-score,lexicase,FALSE,20,elitize_generation_data,298,46,0.87,NA
300,73,scrabble-score,lexicase,FALSE,20,elitize_generation_data,299,39,0.855,NA
301,73,scrabble-score,lexicase,FALSE,20,elitize_generation_data,300,47,0.887,NA
