,run.num,problem,treatment,succeeded,height,normalization.function,generation,cluster.count,error.diversity,success.generation
1,12,scrabble-score,lexicase,FALSE,20,elitize_generation_data,0,7,0.111,NA
2,12,scrabble-score,lexicase,FALSE,20,elitize_generation_data,1,2,0.234,NA
3,12,scrabble-score,lexicase,FALSE,20,elitize_generation_data,2,2,0.364,NA
4,12,scrabble-score,lexicase,FALSE,20,elitize_generation_data,3,4,0.449,NA
5,12,scrabble-score,lexicase,FALSE,20,elitize_generation_data,4,4,0.559,NA
6,12,scrabble-score,lexicase,FALSE,20,elitize_generation_data,5,5,0.587,NA
7,12,scrabble-score,lexicase,FALSE,20,elitize_generation_data,6,6,0.642,NA
8,12,scrabble-score,lexicase,FALSE,20,elitize_generation_data,7,7,0.663,NA
9,12,scrabble-score,lexicase,FALSE,20,elitize_generation_data,8,9,0.683,NA
10,12,scrabble-score,lexicase,FALSE,20,elitize_generation_data,9,5,0.695,NA
11,12,scrabble-score,lexicase,FALSE,20,elitize_generation_data,10,5,0.712,NA
12,12,scrabble-score,lexicase,FALSE,20,elitize_generation_data,11,7,0.7,NA
13,12,scrabble-score,lexicase,FALSE,20,elitize_generation_data,12,9,0.731,NA
14,12,scrabble-score,lexicase,FALSE,20,elitize_generation_data,13,7,0.724,NA
15,12,scrabble-score,lexicase,FALSE,20,elitize_generation_data,14,4,0.76,NA
16,12,scrabble-score,lexicase,FALSE,20,elitize_generation_data,15,7,0.781,NA
17,12,scrabble-score,lexicase,FALSE,20,elitize_generation_data,16,9,0.772,NA
18,12,scrabble-score,lexicase,FALSE,20,elitize_generation_data,17,7,0.772,NA
19,12,scrabble-score,lexicase,FALSE,20,elitize_generation_data,18,9,0.777,NA
20,12,scrabble-score,lexicase,FALSE,20,elitize_generation_data,19,9,0.763,NA
21,12,scrabble-score,lexicase,FALSE,20,elitize_generation_data,20,11,0.798,NA
22,12,scrabble-score,lexicase,FALSE,20,elitize_generation_data,21,13,0.805,NA
23,12,scrabble-score,lexicase,FALSE,20,elitize_generation_data,22,10,0.812,NA
24,12,scrabble-score,lexicase,FALSE,20,elitize_generation_data,23,13,0.816,NA
25,12,scrabble-score,lexicase,FALSE,20,elitize_generation_data,24,14,0.799,NA
26,12,scrabble-score,lexicase,FALSE,20,elitize_generation_data,25,9,0.827,NA
27,12,scrabble-score,lexicase,FALSE,20,elitize_generation_data,26,12,0.829,NA
28,12,scrabble-score,lexicase,FALSE,20,elitize_generation_data,27,16,0.815,NA
29,12,scrabble-score,lexicase,FALSE,20,elitize_generation_data,28,16,0.811,NA
30,12,scrabble-score,lexicase,FALSE,20,elitize_generation_data,29,13,0.817,NA
31,12,scrabble-score,lexicase,FALSE,20,elitize_generation_data,30,16,0.843,NA
32,12,scrabble-score,lexicase,FALSE,20,elitize_generation_data,31,17,0.814,NA
33,12,scrabble-score,lexicase,FALSE,20,elitize_generation_data,32,15,0.818,NA
34,12,scrabble-score,lexicase,FALSE,20,elitize_generation_data,33,17,0.838,NA
35,12,scrabble-score,lexicase,FALSE,20,elitize_generation_data,34,13,0.831,NA
36,12,scrabble-score,lexicase,FALSE,20,elitize_generation_data,35,15,0.844,NA
37,12,scrabble-score,lexicase,FALSE,20,elitize_generation_data,36,13,0.864,NA
38,12,scrabble-score,lexicase,FALSE,20,elitize_generation_data,37,12,0.879,NA
39,12,scrabble-score,lexicase,FALSE,20,elitize_generation_data,38,10,0.887,NA
40,12,scrabble-score,lexicase,FALSE,20,elitize_generation_data,39,16,0.87,NA
41,12,scrabble-score,lexicase,FALSE,20,elitize_generation_data,40,12,0.863,NA
42,12,scrabble-score,lexicase,FALSE,20,elitize_generation_data,41,17,0.848,NA
43,12,scrabble-score,lexicase,FALSE,20,elitize_generation_data,42,13,0.859,NA
44,12,scrabble-score,lexicase,FALSE,20,elitize_generation_data,43,12,0.857,NA
45,12,scrabble-score,lexicase,FALSE,20,elitize_generation_data,44,17,0.873,NA
46,12,scrabble-score,lexicase,FALSE,20,elitize_generation_data,45,10,0.876,NA
47,12,scrabble-score,lexicase,FALSE,20,elitize_generation_data,46,16,0.881,NA
48,12,scrabble-score,lexicase,FALSE,20,elitize_generation_data,47,14,0.881,NA
49,12,scrabble-score,lexicase,FALSE,20,elitize_generation_data,48,12,0.874,NA
50,12,scrabble-score,lexicase,FALSE,20,elitize_generation_data,49,14,0.868,NA
51,12,scrabble-score,lexicase,FALSE,20,elitize_generation_data,50,11,0.871,NA
52,12,scrabble-score,lexicase,FALSE,20,elitize_generation_data,51,12,0.868,NA
53,12,scrabble-score,lexicase,FALSE,20,elitize_generation_data,52,9,0.878,NA
54,12,scrabble-score,lexicase,FALSE,20,elitize_generation_data,53,17,0.877,NA
55,12,scrabble-score,lexicase,FALSE,20,elitize_generation_data,54,14,0.89,NA
56,12,scrabble-score,lexicase,FALSE,20,elitize_generation_data,55,13,0.891,NA
57,12,scrabble-score,lexicase,FALSE,20,elitize_generation_data,56,18,0.871,NA
58,12,scrabble-score,lexicase,FALSE,20,elitize_generation_data,57,19,0.891,NA
59,12,scrabble-score,lexicase,FALSE,20,elitize_generation_data,58,14,0.889,NA
60,12,scrabble-score,lexicase,FALSE,20,elitize_generation_data,59,14,0.898,NA
61,12,scrabble-score,lexicase,FALSE,20,elitize_generation_data,60,15,0.898,NA
62,12,scrabble-score,lexicase,FALSE,20,elitize_generation_data,61,19,0.874,NA
63,12,scrabble-score,lexicase,FALSE,20,elitize_generation_data,62,16,0.886,NA
64,12,scrabble-score,lexicase,FALSE,20,elitize_generation_data,63,19,0.88,NA
65,12,scrabble-score,lexicase,FALSE,20,elitize_generation_data,64,15,0.877,NA
66,12,scrabble-score,lexicase,FALSE,20,elitize_generation_data,65,19,0.903,NA
67,12,scrabble-score,lexicase,FALSE,20,elitize_generation_data,66,23,0.896,NA
68,12,scrabble-score,lexicase,FALSE,20,elitize_generation_data,67,22,0.878,NA
69,12,scrabble-score,lexicase,FALSE,20,elitize_generation_data,68,26,0.898,NA
70,12,scrabble-score,lexicase,FALSE,20,elitize_generation_data,69,22,0.883,NA
71,12,scrabble-score,lexicase,FALSE,20,elitize_generation_data,70,28,0.893,NA
72,12,scrabble-score,lexicase,FALSE,20,elitize_generation_data,71,25,0.887,NA
73,12,scrabble-score,lexicase,FALSE,20,elitize_generation_data,72,26,0.886,NA
74,12,scrabble-score,lexicase,FALSE,20,elitize_generation_data,73,24,0.887,NA
75,12,scrabble-score,lexicase,FALSE,20,elitize_generation_data,74,22,0.901,NA
76,12,scrabble-score,lexicase,FALSE,20,elitize_generation_data,75,23,0.894,NA
77,12,scrabble-score,lexicase,FALSE,20,elitize_generation_data,76,24,0.904,NA
78,12,scrabble-score,lexicase,FALSE,20,elitize_generation_data,77,21,0.902,NA
79,12,scrabble-score,lexicase,FALSE,20,elitize_generation_data,78,26,0.899,NA
80,12,scrabble-score,lexicase,FALSE,20,elitize_generation_data,79,31,0.887,NA
81,12,scrabble-score,lexicase,FALSE,20,elitize_generation_data,80,30,0.878,NA
82,12,scrabble-score,lexicase,FALSE,20,elitize_generation_data,81,23,0.858,NA
83,12,scrabble-score,lexicase,FALSE,20,elitize_generation_data,82,19,0.9,NA
84,12,scrabble-score,lexicase,FALSE,20,elitize_generation_data,83,24,0.87,NA
85,12,scrabble-score,lexicase,FALSE,20,elitize_generation_data,84,17,0.881,NA
86,12,scrabble-score,lexicase,FALSE,20,elitize_generation_data,85,24,0.885,NA
87,12,scrabble-score,lexicase,FALSE,20,elitize_generation_data,86,28,0.897,NA
88,12,scrabble-score,lexicase,FALSE,20,elitize_generation_data,87,27,0.894,NA
89,12,scrabble-score,lexicase,FALSE,20,elitize_generation_data,88,31,0.908,NA
90,12,scrabble-score,lexicase,FALSE,20,elitize_generation_data,89,30,0.909,NA
91,12,scrabble-score,lexicase,FALSE,20,elitize_generation_data,90,28,0.907,NA
92,12,scrabble-score,lexicase,FALSE,20,elitize_generation_data,91,32,0.898,NA
93,12,scrabble-score,lexicase,FALSE,20,elitize_generation_data,92,27,0.901,NA
94,12,scrabble-score,lexicase,FALSE,20,elitize_generation_data,93,28,0.902,NA
95,12,scrabble-score,lexicase,FALSE,20,elitize_generation_data,94,29,0.907,NA
96,12,scrabble-score,lexicase,FALSE,20,elitize_generation_data,95,29,0.891,NA
97,12,scrabble-score,lexicase,FALSE,20,elitize_generation_data,96,30,0.89,NA
98,12,scrabble-score,lexicase,FALSE,20,elitize_generation_data,97,27,0.901,NA
99,12,scrabble-score,lexicase,FALSE,20,elitize_generation_data,98,26,0.897,NA
100,12,scrabble-score,lexicase,FALSE,20,elitize_generation_data,99,36,0.911,NA
101,12,scrabble-score,lexicase,FALSE,20,elitize_generation_data,100,30,0.908,NA
102,12,scrabble-score,lexicase,FALSE,20,elitize_generation_data,101,30,0.909,NA
103,12,scrabble-score,lexicase,FALSE,20,elitize_generation_data,102,30,0.913,NA
104,12,scrabble-score,lexicase,FALSE,20,elitize_generation_data,103,34,0.922,NA
105,12,scrabble-score,lexicase,FALSE,20,elitize_generation_data,104,30,0.901,NA
106,12,scrabble-score,lexicase,FALSE,20,elitize_generation_data,105,27,0.913,NA
107,12,scrabble-score,lexicase,FALSE,20,elitize_generation_data,106,33,0.891,NA
108,12,scrabble-score,lexicase,FALSE,20,elitize_generation_data,107,30,0.878,NA
109,12,scrabble-score,lexicase,FALSE,20,elitize_generation_data,108,40,0.903,NA
110,12,scrabble-score,lexicase,FALSE,20,elitize_generation_data,109,45,0.882,NA
111,12,scrabble-score,lexicase,FALSE,20,elitize_generation_data,110,40,0.874,NA
112,12,scrabble-score,lexicase,FALSE,20,elitize_generation_data,111,38,0.895,NA
113,12,scrabble-score,lexicase,FALSE,20,elitize_generation_data,112,43,0.886,NA
114,12,scrabble-score,lexicase,FALSE,20,elitize_generation_data,113,47,0.876,NA
115,12,scrabble-score,lexicase,FALSE,20,elitize_generation_data,114,44,0.872,NA
116,12,scrabble-score,lexicase,FALSE,20,elitize_generation_data,115,55,0.883,NA
117,12,scrabble-score,lexicase,FALSE,20,elitize_generation_data,116,50,0.873,NA
118,12,scrabble-score,lexicase,FALSE,20,elitize_generation_data,117,49,0.877,NA
119,12,scrabble-score,lexicase,FALSE,20,elitize_generation_data,118,56,0.874,NA
120,12,scrabble-score,lexicase,FALSE,20,elitize_generation_data,119,58,0.872,NA
121,12,scrabble-score,lexicase,FALSE,20,elitize_generation_data,120,56,0.882,NA
122,12,scrabble-score,lexicase,FALSE,20,elitize_generation_data,121,51,0.885,NA
123,12,scrabble-score,lexicase,FALSE,20,elitize_generation_data,122,55,0.888,NA
124,12,scrabble-score,lexicase,FALSE,20,elitize_generation_data,123,58,0.875,NA
125,12,scrabble-score,lexicase,FALSE,20,elitize_generation_data,124,65,0.869,NA
126,12,scrabble-score,lexicase,FALSE,20,elitize_generation_data,125,62,0.891,NA
127,12,scrabble-score,lexicase,FALSE,20,elitize_generation_data,126,69,0.881,NA
128,12,scrabble-score,lexicase,FALSE,20,elitize_generation_data,127,65,0.874,NA
129,12,scrabble-score,lexicase,FALSE,20,elitize_generation_data,128,70,0.868,NA
130,12,scrabble-score,lexicase,FALSE,20,elitize_generation_data,129,81,0.889,NA
131,12,scrabble-score,lexicase,FALSE,20,elitize_generation_data,130,65,0.895,NA
132,12,scrabble-score,lexicase,FALSE,20,elitize_generation_data,131,68,0.886,NA
133,12,scrabble-score,lexicase,FALSE,20,elitize_generation_data,132,67,0.898,NA
134,12,scrabble-score,lexicase,FALSE,20,elitize_generation_data,133,76,0.9,NA
135,12,scrabble-score,lexicase,FALSE,20,elitize_generation_data,134,72,0.905,NA
136,12,scrabble-score,lexicase,FALSE,20,elitize_generation_data,135,78,0.86,NA
137,12,scrabble-score,lexicase,FALSE,20,elitize_generation_data,136,83,0.89,NA
138,12,scrabble-score,lexicase,FALSE,20,elitize_generation_data,137,71,0.899,NA
139,12,scrabble-score,lexicase,FALSE,20,elitize_generation_data,138,77,0.883,NA
140,12,scrabble-score,lexicase,FALSE,20,elitize_generation_data,139,80,0.87,NA
141,12,scrabble-score,lexicase,FALSE,20,elitize_generation_data,140,80,0.892,NA
142,12,scrabble-score,lexicase,FALSE,20,elitize_generation_data,141,79,0.879,NA
143,12,scrabble-score,lexicase,FALSE,20,elitize_generation_data,142,72,0.885,NA
144,12,scrabble-score,lexicase,FALSE,20,elitize_generation_data,143,69,0.875,NA
145,12,scrabble-score,lexicase,FALSE,20,elitize_generation_data,144,70,0.878,NA
146,12,scrabble-score,lexicase,FALSE,20,elitize_generation_data,145,80,0.885,NA
147,12,scrabble-score,lexicase,FALSE,20,elitize_generation_data,146,86,0.906,NA
148,12,scrabble-score,lexicase,FALSE,20,elitize_generation_data,147,88,0.898,NA
149,12,scrabble-score,lexicase,FALSE,20,elitize_generation_data,148,75,0.861,NA
150,12,scrabble-score,lexicase,FALSE,20,elitize_generation_data,149,96,0.879,NA
151,12,scrabble-score,lexicase,FALSE,20,elitize_generation_data,150,97,0.853,NA
152,12,scrabble-score,lexicase,FALSE,20,elitize_generation_data,151,85,0.901,NA
153,12,scrabble-score,lexicase,FALSE,20,elitize_generation_data,152,81,0.892,NA
154,12,scrabble-score,lexicase,FALSE,20,elitize_generation_data,153,85,0.893,NA
155,12,scrabble-score,lexicase,FALSE,20,elitize_generation_data,154,83,0.873,NA
156,12,scrabble-score,lexicase,FALSE,20,elitize_generation_data,155,91,0.886,NA
157,12,scrabble-score,lexicase,FALSE,20,elitize_generation_data,156,85,0.884,NA
158,12,scrabble-score,lexicase,FALSE,20,elitize_generation_data,157,98,0.879,NA
159,12,scrabble-score,lexicase,FALSE,20,elitize_generation_data,158,95,0.878,NA
160,12,scrabble-score,lexicase,FALSE,20,elitize_generation_data,159,104,0.876,NA
161,12,scrabble-score,lexicase,FALSE,20,elitize_generation_data,160,96,0.884,NA
162,12,scrabble-score,lexicase,FALSE,20,elitize_generation_data,161,102,0.898,NA
163,12,scrabble-score,lexicase,FALSE,20,elitize_generation_data,162,85,0.866,NA
164,12,scrabble-score,lexicase,FALSE,20,elitize_generation_data,163,94,0.88,NA
165,12,scrabble-score,lexicase,FALSE,20,elitize_generation_data,164,91,0.871,NA
166,12,scrabble-score,lexicase,FALSE,20,elitize_generation_data,165,87,0.89,NA
167,12,scrabble-score,lexicase,FALSE,20,elitize_generation_data,166,92,0.88,NA
168,12,scrabble-score,lexicase,FALSE,20,elitize_generation_data,167,96,0.897,NA
169,12,scrabble-score,lexicase,FALSE,20,elitize_generation_data,168,99,0.872,NA
170,12,scrabble-score,lexicase,FALSE,20,elitize_generation_data,169,100,0.883,NA
171,12,scrabble-score,lexicase,FALSE,20,elitize_generation_data,170,93,0.887,NA
172,12,scrabble-score,lexicase,FALSE,20,elitize_generation_data,171,94,0.896,NA
173,12,scrabble-score,lexicase,FALSE,20,elitize_generation_data,172,98,0.881,NA
174,12,scrabble-score,lexicase,FALSE,20,elitize_generation_data,173,99,0.882,NA
175,12,scrabble-score,lexicase,FALSE,20,elitize_generation_data,174,92,0.863,NA
176,12,scrabble-score,lexicase,FALSE,20,elitize_generation_data,175,97,0.88,NA
177,12,scrabble-score,lexicase,FALSE,20,elitize_generation_data,176,94,0.889,NA
178,12,scrabble-score,lexicase,FALSE,20,elitize_generation_data,177,101,0.859,NA
179,12,scrabble-score,lexicase,FALSE,20,elitize_generation_data,178,103,0.877,NA
180,12,scrabble-score,lexicase,FALSE,20,elitize_generation_data,179,105,0.877,NA
181,12,scrabble-score,lexicase,FALSE,20,elitize_generation_data,180,98,0.872,NA
182,12,scrabble-score,lexicase,FALSE,20,elitize_generation_data,181,101,0.866,NA
183,12,scrabble-score,lexicase,FALSE,20,elitize_generation_data,182,104,0.873,NA
184,12,scrabble-score,lexicase,FALSE,20,elitize_generation_data,183,107,0.857,NA
185,12,scrabble-score,lexicase,FALSE,20,elitize_generation_data,184,102,0.845,NA
186,12,scrabble-score,lexicase,FALSE,20,elitize_generation_data,185,100,0.844,NA
187,12,scrabble-score,lexicase,FALSE,20,elitize_generation_data,186,101,0.865,NA
188,12,scrabble-score,lexicase,FALSE,20,elitize_generation_data,187,100,0.879,NA
189,12,scrabble-score,lexicase,FALSE,20,elitize_generation_data,188,102,0.864,NA
190,12,scrabble-score,lexicase,FALSE,20,elitize_generation_data,189,110,0.86,NA
191,12,scrabble-score,lexicase,FALSE,20,elitize_generation_data,190,98,0.853,NA
192,12,scrabble-score,lexicase,FALSE,20,elitize_generation_data,191,104,0.851,NA
193,12,scrabble-score,lexicase,FALSE,20,elitize_generation_data,192,108,0.878,NA
194,12,scrabble-score,lexicase,FALSE,20,elitize_generation_data,193,99,0.888,NA
195,12,scrabble-score,lexicase,FALSE,20,elitize_generation_data,194,103,0.874,NA
196,12,scrabble-score,lexicase,FALSE,20,elitize_generation_data,195,111,0.878,NA
197,12,scrabble-score,lexicase,FALSE,20,elitize_generation_data,196,119,0.901,NA
198,12,scrabble-score,lexicase,FALSE,20,elitize_generation_data,197,116,0.888,NA
199,12,scrabble-score,lexicase,FALSE,20,elitize_generation_data,198,110,0.893,NA
200,12,scrabble-score,lexicase,FALSE,20,elitize_generation_data,199,102,0.886,NA
201,12,scrabble-score,lexicase,FALSE,20,elitize_generation_data,200,97,0.868,NA
202,12,scrabble-score,lexicase,FALSE,20,elitize_generation_data,201,104,0.872,NA
203,12,scrabble-score,lexicase,FALSE,20,elitize_generation_data,202,126,0.898,NA
204,12,scrabble-score,lexicase,FALSE,20,elitize_generation_data,203,124,0.875,NA
205,12,scrabble-score,lexicase,FALSE,20,elitize_generation_data,204,122,0.898,NA
206,12,scrabble-score,lexicase,FALSE,20,elitize_generation_data,205,119,0.869,NA
207,12,scrabble-score,lexicase,FALSE,20,elitize_generation_data,206,111,0.871,NA
208,12,scrabble-score,lexicase,FALSE,20,elitize_generation_data,207,98,0.869,NA
209,12,scrabble-score,lexicase,FALSE,20,elitize_generation_data,208,109,0.864,NA
210,12,scrabble-score,lexicase,FALSE,20,elitize_generation_data,209,106,0.872,NA
211,12,scrabble-score,lexicase,FALSE,20,elitize_generation_data,210,102,0.87,NA
212,12,scrabble-score,lexicase,FALSE,20,elitize_generation_data,211,97,0.852,NA
213,12,scrabble-score,lexicase,FALSE,20,elitize_generation_data,212,98,0.874,NA
214,12,scrabble-score,lexicase,FALSE,20,elitize_generation_data,213,97,0.867,NA
215,12,scrabble-score,lexicase,FALSE,20,elitize_generation_data,214,96,0.843,NA
216,12,scrabble-score,lexicase,FALSE,20,elitize_generation_data,215,107,0.852,NA
217,12,scrabble-score,lexicase,FALSE,20,elitize_generation_data,216,96,0.851,NA
218,12,scrabble-score,lexicase,FALSE,20,elitize_generation_data,217,95,0.853,NA
219,12,scrabble-score,lexicase,FALSE,20,elitize_generation_data,218,108,0.852,NA
220,12,scrabble-score,lexicase,FALSE,20,elitize_generation_data,219,109,0.858,NA
221,12,scrabble-score,lexicase,FALSE,20,elitize_generation_data,220,114,0.871,NA
222,12,scrabble-score,lexicase,FALSE,20,elitize_generation_data,221,113,0.856,NA
223,12,scrabble-score,lexicase,FALSE,20,elitize_generation_data,222,110,0.856,NA
224,12,scrabble-score,lexicase,FALSE,20,elitize_generation_data,223,125,0.859,NA
225,12,scrabble-score,lexicase,FALSE,20,elitize_generation_data,224,124,0.852,NA
226,12,scrabble-score,lexicase,FALSE,20,elitize_generation_data,225,122,0.846,NA
227,12,scrabble-score,lexicase,FALSE,20,elitize_generation_data,226,105,0.861,NA
228,12,scrabble-score,lexicase,FALSE,20,elitize_generation_data,227,116,0.862,NA
229,12,scrabble-score,lexicase,FALSE,20,elitize_generation_data,228,103,0.859,NA
230,12,scrabble-score,lexicase,FALSE,20,elitize_generation_data,229,106,0.859,NA
231,12,scrabble-score,lexicase,FALSE,20,elitize_generation_data,230,105,0.869,NA
232,12,scrabble-score,lexicase,FALSE,20,elitize_generation_data,231,102,0.865,NA
233,12,scrabble-score,lexicase,FALSE,20,elitize_generation_data,232,107,0.845,NA
234,12,scrabble-score,lexicase,FALSE,20,elitize_generation_data,233,117,0.871,NA
235,12,scrabble-score,lexicase,FALSE,20,elitize_generation_data,234,114,0.875,NA
236,12,scrabble-score,lexicase,FALSE,20,elitize_generation_data,235,121,0.872,NA
237,12,scrabble-score,lexicase,FALSE,20,elitize_generation_data,236,121,0.874,NA
238,12,scrabble-score,lexicase,FALSE,20,elitize_generation_data,237,116,0.875,NA
239,12,scrabble-score,lexicase,FALSE,20,elitize_generation_data,238,120,0.87,NA
240,12,scrabble-score,lexicase,FALSE,20,elitize_generation_data,239,107,0.874,NA
241,12,scrabble-score,lexicase,FALSE,20,elitize_generation_data,240,122,0.888,NA
242,12,scrabble-score,lexicase,FALSE,20,elitize_generation_data,241,119,0.882,NA
243,12,scrabble-score,lexicase,FALSE,20,elitize_generation_data,242,118,0.905,NA
244,12,scrabble-score,lexicase,FALSE,20,elitize_generation_data,243,121,0.887,NA
245,12,scrabble-score,lexicase,FALSE,20,elitize_generation_data,244,120,0.899,NA
246,12,scrabble-score,lexicase,FALSE,20,elitize_generation_data,245,122,0.893,NA
247,12,scrabble-score,lexicase,FALSE,20,elitize_generation_data,246,108,0.878,NA
248,12,scrabble-score,lexicase,FALSE,20,elitize_generation_data,247,122,0.899,NA
249,12,scrabble-score,lexicase,FALSE,20,elitize_generation_data,248,105,0.881,NA
250,12,scrabble-score,lexicase,FALSE,20,elitize_generation_data,249,105,0.889,NA
251,12,scrabble-score,lexicase,FALSE,20,elitize_generation_data,250,111,0.887,NA
252,12,scrabble-score,lexicase,FALSE,20,elitize_generation_data,251,107,0.86,NA
253,12,scrabble-score,lexicase,FALSE,20,elitize_generation_data,252,104,0.881,NA
254,12,scrabble-score,lexicase,FALSE,20,elitize_generation_data,253,106,0.873,NA
255,12,scrabble-score,lexicase,FALSE,20,elitize_generation_data,254,110,0.866,NA
256,12,scrabble-score,lexicase,FALSE,20,elitize_generation_data,255,119,0.884,NA
257,12,scrabble-score,lexicase,FALSE,20,elitize_generation_data,256,106,0.878,NA
258,12,scrabble-score,lexicase,FALSE,20,elitize_generation_data,257,111,0.87,NA
259,12,scrabble-score,lexicase,FALSE,20,elitize_generation_data,258,110,0.876,NA
260,12,scrabble-score,lexicase,FALSE,20,elitize_generation_data,259,113,0.887,NA
261,12,scrabble-score,lexicase,FALSE,20,elitize_generation_data,260,116,0.882,NA
262,12,scrabble-score,lexicase,FALSE,20,elitize_generation_data,261,110,0.851,NA
263,12,scrabble-score,lexicase,FALSE,20,elitize_generation_data,262,116,0.858,NA
264,12,scrabble-score,lexicase,FALSE,20,elitize_generation_data,263,114,0.866,NA
265,12,scrabble-score,lexicase,FALSE,20,elitize_generation_data,264,117,0.886,NA
266,12,scrabble-score,lexicase,FALSE,20,elitize_generation_data,265,110,0.856,NA
267,12,scrabble-score,lexicase,FALSE,20,elitize_generation_data,266,114,0.868,NA
268,12,scrabble-score,lexicase,FALSE,20,elitize_generation_data,267,104,0.855,NA
269,12,scrabble-score,lexicase,FALSE,20,elitize_generation_data,268,111,0.866,NA
270,12,scrabble-score,lexicase,FALSE,20,elitize_generation_data,269,111,0.868,NA
271,12,scrabble-score,lexicase,FALSE,20,elitize_generation_data,270,106,0.875,NA
272,12,scrabble-score,lexicase,FALSE,20,elitize_generation_data,271,116,0.868,NA
273,12,scrabble-score,lexicase,FALSE,20,elitize_generation_data,272,129,0.87,NA
274,12,scrabble-score,lexicase,FALSE,20,elitize_generation_data,273,126,0.88,NA
275,12,scrabble-score,lexicase,FALSE,20,elitize_generation_data,274,124,0.86,NA
276,12,scrabble-score,lexicase,FALSE,20,elitize_generation_data,275,116,0.887,NA
277,12,scrabble-score,lexicase,FALSE,20,elitize_generation_data,276,116,0.856,NA
278,12,scrabble-score,lexicase,FALSE,20,elitize_generation_data,277,113,0.85,NA
279,12,scrabble-score,lexicase,FALSE,20,elitize_generation_data,278,113,0.85,NA
280,12,scrabble-score,lexicase,FALSE,20,elitize_generation_data,279,123,0.867,NA
281,12,scrabble-score,lexicase,FALSE,20,elitize_generation_data,280,115,0.894,NA
282,12,scrabble-score,lexicase,FALSE,20,elitize_generation_data,281,106,0.885,NA
283,12,scrabble-score,lexicase,FALSE,20,elitize_generation_data,282,113,0.872,NA
284,12,scrabble-score,lexicase,FALSE,20,elitize_generation_data,283,104,0.893,NA
285,12,scrabble-score,lexicase,FALSE,20,elitize_generation_data,284,114,0.873,NA
286,12,scrabble-score,lexicase,FALSE,20,elitize_generation_data,285,114,0.879,NA
287,12,scrabble-score,lexicase,FALSE,20,elitize_generation_data,286,109,0.891,NA
288,12,scrabble-score,lexicase,FALSE,20,elitize_generation_data,287,117,0.891,NA
289,12,scrabble-score,lexicase,FALSE,20,elitize_generation_data,288,102,0.881,NA
290,12,scrabble-score,lexicase,FALSE,20,elitize_generation_data,289,114,0.872,NA
291,12,scrabble-score,lexicase,FALSE,20,elitize_generation_data,290,100,0.869,NA
292,12,scrabble-score,lexicase,FALSE,20,elitize_generation_data,291,110,0.86,NA
293,12,scrabble-score,lexicase,FALSE,20,elitize_generation_data,292,104,0.875,NA
294,12,scrabble-score,lexicase,FALSE,20,elitize_generation_data,293,117,0.876,NA
295,12,scrabble-score,lexicase,FALSE,20,elitize_generation_data,294,116,0.863,NA
296,12,scrabble-score,lexicase,FALSE,20,elitize_generation_data,295,103,0.858,NA
297,12,scrabble-score,lexicase,FALSE,20,elitize_generation_data,296,116,0.869,NA
298,12,scrabble-score,lexicase,FALSE,20,elitize_generation_data,297,98,0.866,NA
299,12,scrabble-score,lexicase,FALSE,20,elitize_generation_data,298,108,0.859,NA
300,12,scrabble-score,lexicase,FALSE,20,elitize_generation_data,299,111,0.844,NA
301,12,scrabble-score,lexicase,FALSE,20,elitize_generation_data,300,102,0.839,NA
