,run.num,problem,treatment,succeeded,height,normalization.function,generation,cluster.count,error.diversity,success.generation
1,19,scrabble-score,lexicase,FALSE,20,elitize_generation_data,0,2,0.105,NA
2,19,scrabble-score,lexicase,FALSE,20,elitize_generation_data,1,2,0.195,NA
3,19,scrabble-score,lexicase,FALSE,20,elitize_generation_data,2,2,0.302,NA
4,19,scrabble-score,lexicase,FALSE,20,elitize_generation_data,3,2,0.386,NA
5,19,scrabble-score,lexicase,FALSE,20,elitize_generation_data,4,2,0.461,NA
6,19,scrabble-score,lexicase,FALSE,20,elitize_generation_data,5,2,0.542,NA
7,19,scrabble-score,lexicase,FALSE,20,elitize_generation_data,6,2,0.584,NA
8,19,scrabble-score,lexicase,FALSE,20,elitize_generation_data,7,2,0.627,NA
9,19,scrabble-score,lexicase,FALSE,20,elitize_generation_data,8,3,0.638,NA
10,19,scrabble-score,lexicase,FALSE,20,elitize_generation_data,9,5,0.684,NA
11,19,scrabble-score,lexicase,FALSE,20,elitize_generation_data,10,4,0.709,NA
12,19,scrabble-score,lexicase,FALSE,20,elitize_generation_data,11,4,0.717,NA
13,19,scrabble-score,lexicase,FALSE,20,elitize_generation_data,12,4,0.756,NA
14,19,scrabble-score,lexicase,FALSE,20,elitize_generation_data,13,3,0.791,NA
15,19,scrabble-score,lexicase,FALSE,20,elitize_generation_data,14,4,0.769,NA
16,19,scrabble-score,lexicase,FALSE,20,elitize_generation_data,15,6,0.8,NA
17,19,scrabble-score,lexicase,FALSE,20,elitize_generation_data,16,7,0.812,NA
18,19,scrabble-score,lexicase,FALSE,20,elitize_generation_data,17,6,0.815,NA
19,19,scrabble-score,lexicase,FALSE,20,elitize_generation_data,18,10,0.802,NA
20,19,scrabble-score,lexicase,FALSE,20,elitize_generation_data,19,4,0.819,NA
21,19,scrabble-score,lexicase,FALSE,20,elitize_generation_data,20,2,0.799,NA
22,19,scrabble-score,lexicase,FALSE,20,elitize_generation_data,21,4,0.835,NA
23,19,scrabble-score,lexicase,FALSE,20,elitize_generation_data,22,5,0.822,NA
24,19,scrabble-score,lexicase,FALSE,20,elitize_generation_data,23,6,0.827,NA
25,19,scrabble-score,lexicase,FALSE,20,elitize_generation_data,24,8,0.837,NA
26,19,scrabble-score,lexicase,FALSE,20,elitize_generation_data,25,5,0.827,NA
27,19,scrabble-score,lexicase,FALSE,20,elitize_generation_data,26,6,0.83,NA
28,19,scrabble-score,lexicase,FALSE,20,elitize_generation_data,27,5,0.849,NA
29,19,scrabble-score,lexicase,FALSE,20,elitize_generation_data,28,5,0.858,NA
30,19,scrabble-score,lexicase,FALSE,20,elitize_generation_data,29,9,0.863,NA
31,19,scrabble-score,lexicase,FALSE,20,elitize_generation_data,30,6,0.845,NA
32,19,scrabble-score,lexicase,FALSE,20,elitize_generation_data,31,9,0.872,NA
33,19,scrabble-score,lexicase,FALSE,20,elitize_generation_data,32,5,0.878,NA
34,19,scrabble-score,lexicase,FALSE,20,elitize_generation_data,33,4,0.879,NA
35,19,scrabble-score,lexicase,FALSE,20,elitize_generation_data,34,7,0.88,NA
36,19,scrabble-score,lexicase,FALSE,20,elitize_generation_data,35,5,0.888,NA
37,19,scrabble-score,lexicase,FALSE,20,elitize_generation_data,36,4,0.868,NA
38,19,scrabble-score,lexicase,FALSE,20,elitize_generation_data,37,6,0.878,NA
39,19,scrabble-score,lexicase,FALSE,20,elitize_generation_data,38,9,0.876,NA
40,19,scrabble-score,lexicase,FALSE,20,elitize_generation_data,39,10,0.88,NA
41,19,scrabble-score,lexicase,FALSE,20,elitize_generation_data,40,6,0.903,NA
42,19,scrabble-score,lexicase,FALSE,20,elitize_generation_data,41,7,0.892,NA
43,19,scrabble-score,lexicase,FALSE,20,elitize_generation_data,42,10,0.896,NA
44,19,scrabble-score,lexicase,FALSE,20,elitize_generation_data,43,12,0.904,NA
45,19,scrabble-score,lexicase,FALSE,20,elitize_generation_data,44,10,0.897,NA
46,19,scrabble-score,lexicase,FALSE,20,elitize_generation_data,45,9,0.904,NA
47,19,scrabble-score,lexicase,FALSE,20,elitize_generation_data,46,11,0.906,NA
48,19,scrabble-score,lexicase,FALSE,20,elitize_generation_data,47,10,0.916,NA
49,19,scrabble-score,lexicase,FALSE,20,elitize_generation_data,48,8,0.915,NA
50,19,scrabble-score,lexicase,FALSE,20,elitize_generation_data,49,8,0.915,NA
51,19,scrabble-score,lexicase,FALSE,20,elitize_generation_data,50,8,0.927,NA
52,19,scrabble-score,lexicase,FALSE,20,elitize_generation_data,51,10,0.923,NA
53,19,scrabble-score,lexicase,FALSE,20,elitize_generation_data,52,11,0.912,NA
54,19,scrabble-score,lexicase,FALSE,20,elitize_generation_data,53,8,0.91,NA
55,19,scrabble-score,lexicase,FALSE,20,elitize_generation_data,54,9,0.919,NA
56,19,scrabble-score,lexicase,FALSE,20,elitize_generation_data,55,12,0.905,NA
57,19,scrabble-score,lexicase,FALSE,20,elitize_generation_data,56,9,0.912,NA
58,19,scrabble-score,lexicase,FALSE,20,elitize_generation_data,57,9,0.92,NA
59,19,scrabble-score,lexicase,FALSE,20,elitize_generation_data,58,14,0.929,NA
60,19,scrabble-score,lexicase,FALSE,20,elitize_generation_data,59,15,0.933,NA
61,19,scrabble-score,lexicase,FALSE,20,elitize_generation_data,60,13,0.925,NA
62,19,scrabble-score,lexicase,FALSE,20,elitize_generation_data,61,12,0.906,NA
63,19,scrabble-score,lexicase,FALSE,20,elitize_generation_data,62,15,0.892,NA
64,19,scrabble-score,lexicase,FALSE,20,elitize_generation_data,63,24,0.897,NA
65,19,scrabble-score,lexicase,FALSE,20,elitize_generation_data,64,19,0.9,NA
66,19,scrabble-score,lexicase,FALSE,20,elitize_generation_data,65,26,0.905,NA
67,19,scrabble-score,lexicase,FALSE,20,elitize_generation_data,66,26,0.908,NA
68,19,scrabble-score,lexicase,FALSE,20,elitize_generation_data,67,21,0.886,NA
69,19,scrabble-score,lexicase,FALSE,20,elitize_generation_data,68,25,0.881,NA
70,19,scrabble-score,lexicase,FALSE,20,elitize_generation_data,69,25,0.896,NA
71,19,scrabble-score,lexicase,FALSE,20,elitize_generation_data,70,28,0.889,NA
72,19,scrabble-score,lexicase,FALSE,20,elitize_generation_data,71,20,0.914,NA
73,19,scrabble-score,lexicase,FALSE,20,elitize_generation_data,72,25,0.905,NA
74,19,scrabble-score,lexicase,FALSE,20,elitize_generation_data,73,26,0.905,NA
75,19,scrabble-score,lexicase,FALSE,20,elitize_generation_data,74,31,0.88,NA
76,19,scrabble-score,lexicase,FALSE,20,elitize_generation_data,75,24,0.882,NA
77,19,scrabble-score,lexicase,FALSE,20,elitize_generation_data,76,30,0.887,NA
78,19,scrabble-score,lexicase,FALSE,20,elitize_generation_data,77,36,0.893,NA
79,19,scrabble-score,lexicase,FALSE,20,elitize_generation_data,78,37,0.899,NA
80,19,scrabble-score,lexicase,FALSE,20,elitize_generation_data,79,32,0.912,NA
81,19,scrabble-score,lexicase,FALSE,20,elitize_generation_data,80,31,0.895,NA
82,19,scrabble-score,lexicase,FALSE,20,elitize_generation_data,81,32,0.881,NA
83,19,scrabble-score,lexicase,FALSE,20,elitize_generation_data,82,39,0.87,NA
84,19,scrabble-score,lexicase,FALSE,20,elitize_generation_data,83,38,0.881,NA
85,19,scrabble-score,lexicase,FALSE,20,elitize_generation_data,84,39,0.889,NA
86,19,scrabble-score,lexicase,FALSE,20,elitize_generation_data,85,35,0.88,NA
87,19,scrabble-score,lexicase,FALSE,20,elitize_generation_data,86,42,0.865,NA
88,19,scrabble-score,lexicase,FALSE,20,elitize_generation_data,87,41,0.876,NA
89,19,scrabble-score,lexicase,FALSE,20,elitize_generation_data,88,42,0.877,NA
90,19,scrabble-score,lexicase,FALSE,20,elitize_generation_data,89,40,0.864,NA
91,19,scrabble-score,lexicase,FALSE,20,elitize_generation_data,90,29,0.868,NA
92,19,scrabble-score,lexicase,FALSE,20,elitize_generation_data,91,35,0.874,NA
93,19,scrabble-score,lexicase,FALSE,20,elitize_generation_data,92,37,0.865,NA
94,19,scrabble-score,lexicase,FALSE,20,elitize_generation_data,93,29,0.85,NA
95,19,scrabble-score,lexicase,FALSE,20,elitize_generation_data,94,38,0.855,NA
96,19,scrabble-score,lexicase,FALSE,20,elitize_generation_data,95,41,0.846,NA
97,19,scrabble-score,lexicase,FALSE,20,elitize_generation_data,96,43,0.858,NA
98,19,scrabble-score,lexicase,FALSE,20,elitize_generation_data,97,37,0.845,NA
99,19,scrabble-score,lexicase,FALSE,20,elitize_generation_data,98,36,0.826,NA
100,19,scrabble-score,lexicase,FALSE,20,elitize_generation_data,99,35,0.836,NA
101,19,scrabble-score,lexicase,FALSE,20,elitize_generation_data,100,33,0.835,NA
102,19,scrabble-score,lexicase,FALSE,20,elitize_generation_data,101,22,0.836,NA
103,19,scrabble-score,lexicase,FALSE,20,elitize_generation_data,102,32,0.863,NA
104,19,scrabble-score,lexicase,FALSE,20,elitize_generation_data,103,33,0.891,NA
105,19,scrabble-score,lexicase,FALSE,20,elitize_generation_data,104,39,0.834,NA
106,19,scrabble-score,lexicase,FALSE,20,elitize_generation_data,105,37,0.834,NA
107,19,scrabble-score,lexicase,FALSE,20,elitize_generation_data,106,29,0.828,NA
108,19,scrabble-score,lexicase,FALSE,20,elitize_generation_data,107,28,0.839,NA
109,19,scrabble-score,lexicase,FALSE,20,elitize_generation_data,108,34,0.826,NA
110,19,scrabble-score,lexicase,FALSE,20,elitize_generation_data,109,43,0.827,NA
111,19,scrabble-score,lexicase,FALSE,20,elitize_generation_data,110,39,0.795,NA
112,19,scrabble-score,lexicase,FALSE,20,elitize_generation_data,111,39,0.828,NA
113,19,scrabble-score,lexicase,FALSE,20,elitize_generation_data,112,48,0.808,NA
114,19,scrabble-score,lexicase,FALSE,20,elitize_generation_data,113,41,0.817,NA
115,19,scrabble-score,lexicase,FALSE,20,elitize_generation_data,114,43,0.832,NA
116,19,scrabble-score,lexicase,FALSE,20,elitize_generation_data,115,49,0.824,NA
117,19,scrabble-score,lexicase,FALSE,20,elitize_generation_data,116,37,0.816,NA
118,19,scrabble-score,lexicase,FALSE,20,elitize_generation_data,117,40,0.817,NA
119,19,scrabble-score,lexicase,FALSE,20,elitize_generation_data,118,43,0.814,NA
120,19,scrabble-score,lexicase,FALSE,20,elitize_generation_data,119,39,0.844,NA
121,19,scrabble-score,lexicase,FALSE,20,elitize_generation_data,120,44,0.835,NA
122,19,scrabble-score,lexicase,FALSE,20,elitize_generation_data,121,46,0.847,NA
123,19,scrabble-score,lexicase,FALSE,20,elitize_generation_data,122,45,0.826,NA
124,19,scrabble-score,lexicase,FALSE,20,elitize_generation_data,123,56,0.805,NA
125,19,scrabble-score,lexicase,FALSE,20,elitize_generation_data,124,48,0.819,NA
126,19,scrabble-score,lexicase,FALSE,20,elitize_generation_data,125,49,0.823,NA
127,19,scrabble-score,lexicase,FALSE,20,elitize_generation_data,126,53,0.802,NA
128,19,scrabble-score,lexicase,FALSE,20,elitize_generation_data,127,42,0.837,NA
129,19,scrabble-score,lexicase,FALSE,20,elitize_generation_data,128,45,0.846,NA
130,19,scrabble-score,lexicase,FALSE,20,elitize_generation_data,129,47,0.83,NA
131,19,scrabble-score,lexicase,FALSE,20,elitize_generation_data,130,50,0.837,NA
132,19,scrabble-score,lexicase,FALSE,20,elitize_generation_data,131,48,0.826,NA
133,19,scrabble-score,lexicase,FALSE,20,elitize_generation_data,132,48,0.848,NA
134,19,scrabble-score,lexicase,FALSE,20,elitize_generation_data,133,54,0.823,NA
135,19,scrabble-score,lexicase,FALSE,20,elitize_generation_data,134,48,0.824,NA
136,19,scrabble-score,lexicase,FALSE,20,elitize_generation_data,135,50,0.838,NA
137,19,scrabble-score,lexicase,FALSE,20,elitize_generation_data,136,43,0.814,NA
138,19,scrabble-score,lexicase,FALSE,20,elitize_generation_data,137,48,0.807,NA
139,19,scrabble-score,lexicase,FALSE,20,elitize_generation_data,138,42,0.822,NA
140,19,scrabble-score,lexicase,FALSE,20,elitize_generation_data,139,43,0.833,NA
141,19,scrabble-score,lexicase,FALSE,20,elitize_generation_data,140,51,0.827,NA
142,19,scrabble-score,lexicase,FALSE,20,elitize_generation_data,141,42,0.806,NA
143,19,scrabble-score,lexicase,FALSE,20,elitize_generation_data,142,50,0.812,NA
144,19,scrabble-score,lexicase,FALSE,20,elitize_generation_data,143,55,0.809,NA
145,19,scrabble-score,lexicase,FALSE,20,elitize_generation_data,144,46,0.818,NA
146,19,scrabble-score,lexicase,FALSE,20,elitize_generation_data,145,52,0.817,NA
147,19,scrabble-score,lexicase,FALSE,20,elitize_generation_data,146,53,0.802,NA
148,19,scrabble-score,lexicase,FALSE,20,elitize_generation_data,147,50,0.842,NA
149,19,scrabble-score,lexicase,FALSE,20,elitize_generation_data,148,59,0.825,NA
150,19,scrabble-score,lexicase,FALSE,20,elitize_generation_data,149,59,0.823,NA
151,19,scrabble-score,lexicase,FALSE,20,elitize_generation_data,150,60,0.791,NA
152,19,scrabble-score,lexicase,FALSE,20,elitize_generation_data,151,49,0.824,NA
153,19,scrabble-score,lexicase,FALSE,20,elitize_generation_data,152,41,0.807,NA
154,19,scrabble-score,lexicase,FALSE,20,elitize_generation_data,153,47,0.805,NA
155,19,scrabble-score,lexicase,FALSE,20,elitize_generation_data,154,45,0.811,NA
156,19,scrabble-score,lexicase,FALSE,20,elitize_generation_data,155,47,0.831,NA
157,19,scrabble-score,lexicase,FALSE,20,elitize_generation_data,156,49,0.842,NA
158,19,scrabble-score,lexicase,FALSE,20,elitize_generation_data,157,47,0.835,NA
159,19,scrabble-score,lexicase,FALSE,20,elitize_generation_data,158,55,0.84,NA
160,19,scrabble-score,lexicase,FALSE,20,elitize_generation_data,159,59,0.836,NA
161,19,scrabble-score,lexicase,FALSE,20,elitize_generation_data,160,50,0.818,NA
162,19,scrabble-score,lexicase,FALSE,20,elitize_generation_data,161,54,0.806,NA
163,19,scrabble-score,lexicase,FALSE,20,elitize_generation_data,162,57,0.854,NA
164,19,scrabble-score,lexicase,FALSE,20,elitize_generation_data,163,54,0.824,NA
165,19,scrabble-score,lexicase,FALSE,20,elitize_generation_data,164,54,0.836,NA
166,19,scrabble-score,lexicase,FALSE,20,elitize_generation_data,165,61,0.835,NA
167,19,scrabble-score,lexicase,FALSE,20,elitize_generation_data,166,52,0.843,NA
168,19,scrabble-score,lexicase,FALSE,20,elitize_generation_data,167,51,0.823,NA
169,19,scrabble-score,lexicase,FALSE,20,elitize_generation_data,168,50,0.8,NA
170,19,scrabble-score,lexicase,FALSE,20,elitize_generation_data,169,45,0.834,NA
171,19,scrabble-score,lexicase,FALSE,20,elitize_generation_data,170,50,0.819,NA
172,19,scrabble-score,lexicase,FALSE,20,elitize_generation_data,171,49,0.814,NA
173,19,scrabble-score,lexicase,FALSE,20,elitize_generation_data,172,52,0.829,NA
174,19,scrabble-score,lexicase,FALSE,20,elitize_generation_data,173,49,0.838,NA
175,19,scrabble-score,lexicase,FALSE,20,elitize_generation_data,174,55,0.805,NA
176,19,scrabble-score,lexicase,FALSE,20,elitize_generation_data,175,54,0.842,NA
177,19,scrabble-score,lexicase,FALSE,20,elitize_generation_data,176,54,0.82,NA
178,19,scrabble-score,lexicase,FALSE,20,elitize_generation_data,177,58,0.816,NA
179,19,scrabble-score,lexicase,FALSE,20,elitize_generation_data,178,51,0.816,NA
180,19,scrabble-score,lexicase,FALSE,20,elitize_generation_data,179,64,0.824,NA
181,19,scrabble-score,lexicase,FALSE,20,elitize_generation_data,180,61,0.789,NA
182,19,scrabble-score,lexicase,FALSE,20,elitize_generation_data,181,73,0.838,NA
183,19,scrabble-score,lexicase,FALSE,20,elitize_generation_data,182,65,0.82,NA
184,19,scrabble-score,lexicase,FALSE,20,elitize_generation_data,183,63,0.833,NA
185,19,scrabble-score,lexicase,FALSE,20,elitize_generation_data,184,58,0.822,NA
186,19,scrabble-score,lexicase,FALSE,20,elitize_generation_data,185,56,0.823,NA
187,19,scrabble-score,lexicase,FALSE,20,elitize_generation_data,186,67,0.829,NA
188,19,scrabble-score,lexicase,FALSE,20,elitize_generation_data,187,56,0.837,NA
189,19,scrabble-score,lexicase,FALSE,20,elitize_generation_data,188,58,0.825,NA
190,19,scrabble-score,lexicase,FALSE,20,elitize_generation_data,189,65,0.797,NA
191,19,scrabble-score,lexicase,FALSE,20,elitize_generation_data,190,57,0.836,NA
192,19,scrabble-score,lexicase,FALSE,20,elitize_generation_data,191,54,0.8,NA
193,19,scrabble-score,lexicase,FALSE,20,elitize_generation_data,192,47,0.812,NA
194,19,scrabble-score,lexicase,FALSE,20,elitize_generation_data,193,58,0.849,NA
195,19,scrabble-score,lexicase,FALSE,20,elitize_generation_data,194,63,0.839,NA
196,19,scrabble-score,lexicase,FALSE,20,elitize_generation_data,195,65,0.859,NA
197,19,scrabble-score,lexicase,FALSE,20,elitize_generation_data,196,64,0.851,NA
198,19,scrabble-score,lexicase,FALSE,20,elitize_generation_data,197,54,0.826,NA
199,19,scrabble-score,lexicase,FALSE,20,elitize_generation_data,198,51,0.831,NA
200,19,scrabble-score,lexicase,FALSE,20,elitize_generation_data,199,50,0.828,NA
201,19,scrabble-score,lexicase,FALSE,20,elitize_generation_data,200,54,0.843,NA
202,19,scrabble-score,lexicase,FALSE,20,elitize_generation_data,201,51,0.838,NA
203,19,scrabble-score,lexicase,FALSE,20,elitize_generation_data,202,45,0.851,NA
204,19,scrabble-score,lexicase,FALSE,20,elitize_generation_data,203,54,0.834,NA
205,19,scrabble-score,lexicase,FALSE,20,elitize_generation_data,204,57,0.833,NA
206,19,scrabble-score,lexicase,FALSE,20,elitize_generation_data,205,54,0.823,NA
207,19,scrabble-score,lexicase,FALSE,20,elitize_generation_data,206,46,0.835,NA
208,19,scrabble-score,lexicase,FALSE,20,elitize_generation_data,207,52,0.82,NA
209,19,scrabble-score,lexicase,FALSE,20,elitize_generation_data,208,53,0.813,NA
210,19,scrabble-score,lexicase,FALSE,20,elitize_generation_data,209,48,0.795,NA
211,19,scrabble-score,lexicase,FALSE,20,elitize_generation_data,210,47,0.81,NA
212,19,scrabble-score,lexicase,FALSE,20,elitize_generation_data,211,51,0.813,NA
213,19,scrabble-score,lexicase,FALSE,20,elitize_generation_data,212,50,0.825,NA
214,19,scrabble-score,lexicase,FALSE,20,elitize_generation_data,213,44,0.825,NA
215,19,scrabble-score,lexicase,FALSE,20,elitize_generation_data,214,45,0.814,NA
216,19,scrabble-score,lexicase,FALSE,20,elitize_generation_data,215,47,0.819,NA
217,19,scrabble-score,lexicase,FALSE,20,elitize_generation_data,216,49,0.802,NA
218,19,scrabble-score,lexicase,FALSE,20,elitize_generation_data,217,51,0.829,NA
219,19,scrabble-score,lexicase,FALSE,20,elitize_generation_data,218,47,0.805,NA
220,19,scrabble-score,lexicase,FALSE,20,elitize_generation_data,219,46,0.8,NA
221,19,scrabble-score,lexicase,FALSE,20,elitize_generation_data,220,49,0.838,NA
222,19,scrabble-score,lexicase,FALSE,20,elitize_generation_data,221,54,0.806,NA
223,19,scrabble-score,lexicase,FALSE,20,elitize_generation_data,222,51,0.811,NA
224,19,scrabble-score,lexicase,FALSE,20,elitize_generation_data,223,50,0.823,NA
225,19,scrabble-score,lexicase,FALSE,20,elitize_generation_data,224,53,0.82,NA
226,19,scrabble-score,lexicase,FALSE,20,elitize_generation_data,225,49,0.808,NA
227,19,scrabble-score,lexicase,FALSE,20,elitize_generation_data,226,53,0.819,NA
228,19,scrabble-score,lexicase,FALSE,20,elitize_generation_data,227,56,0.848,NA
229,19,scrabble-score,lexicase,FALSE,20,elitize_generation_data,228,55,0.836,NA
230,19,scrabble-score,lexicase,FALSE,20,elitize_generation_data,229,51,0.834,NA
231,19,scrabble-score,lexicase,FALSE,20,elitize_generation_data,230,53,0.836,NA
232,19,scrabble-score,lexicase,FALSE,20,elitize_generation_data,231,47,0.832,NA
233,19,scrabble-score,lexicase,FALSE,20,elitize_generation_data,232,54,0.836,NA
234,19,scrabble-score,lexicase,FALSE,20,elitize_generation_data,233,48,0.832,NA
235,19,scrabble-score,lexicase,FALSE,20,elitize_generation_data,234,51,0.832,NA
236,19,scrabble-score,lexicase,FALSE,20,elitize_generation_data,235,45,0.843,NA
237,19,scrabble-score,lexicase,FALSE,20,elitize_generation_data,236,41,0.825,NA
238,19,scrabble-score,lexicase,FALSE,20,elitize_generation_data,237,42,0.81,NA
239,19,scrabble-score,lexicase,FALSE,20,elitize_generation_data,238,42,0.838,NA
240,19,scrabble-score,lexicase,FALSE,20,elitize_generation_data,239,48,0.819,NA
241,19,scrabble-score,lexicase,FALSE,20,elitize_generation_data,240,44,0.827,NA
242,19,scrabble-score,lexicase,FALSE,20,elitize_generation_data,241,48,0.829,NA
243,19,scrabble-score,lexicase,FALSE,20,elitize_generation_data,242,49,0.816,NA
244,19,scrabble-score,lexicase,FALSE,20,elitize_generation_data,243,52,0.82,NA
245,19,scrabble-score,lexicase,FALSE,20,elitize_generation_data,244,45,0.826,NA
246,19,scrabble-score,lexicase,FALSE,20,elitize_generation_data,245,49,0.816,NA
247,19,scrabble-score,lexicase,FALSE,20,elitize_generation_data,246,51,0.835,NA
248,19,scrabble-score,lexicase,FALSE,20,elitize_generation_data,247,46,0.83,NA
249,19,scrabble-score,lexicase,FALSE,20,elitize_generation_data,248,56,0.826,NA
250,19,scrabble-score,lexicase,FALSE,20,elitize_generation_data,249,47,0.819,NA
251,19,scrabble-score,lexicase,FALSE,20,elitize_generation_data,250,45,0.85,NA
252,19,scrabble-score,lexicase,FALSE,20,elitize_generation_data,251,50,0.829,NA
253,19,scrabble-score,lexicase,FALSE,20,elitize_generation_data,252,49,0.821,NA
254,19,scrabble-score,lexicase,FALSE,20,elitize_generation_data,253,54,0.825,NA
255,19,scrabble-score,lexicase,FALSE,20,elitize_generation_data,254,57,0.833,NA
256,19,scrabble-score,lexicase,FALSE,20,elitize_generation_data,255,63,0.816,NA
257,19,scrabble-score,lexicase,FALSE,20,elitize_generation_data,256,50,0.818,NA
258,19,scrabble-score,lexicase,FALSE,20,elitize_generation_data,257,62,0.822,NA
259,19,scrabble-score,lexicase,FALSE,20,elitize_generation_data,258,52,0.828,NA
260,19,scrabble-score,lexicase,FALSE,20,elitize_generation_data,259,51,0.811,NA
261,19,scrabble-score,lexicase,FALSE,20,elitize_generation_data,260,54,0.829,NA
262,19,scrabble-score,lexicase,FALSE,20,elitize_generation_data,261,48,0.822,NA
263,19,scrabble-score,lexicase,FALSE,20,elitize_generation_data,262,54,0.826,NA
264,19,scrabble-score,lexicase,FALSE,20,elitize_generation_data,263,43,0.817,NA
265,19,scrabble-score,lexicase,FALSE,20,elitize_generation_data,264,44,0.825,NA
266,19,scrabble-score,lexicase,FALSE,20,elitize_generation_data,265,36,0.83,NA
267,19,scrabble-score,lexicase,FALSE,20,elitize_generation_data,266,40,0.833,NA
268,19,scrabble-score,lexicase,FALSE,20,elitize_generation_data,267,40,0.83,NA
269,19,scrabble-score,lexicase,FALSE,20,elitize_generation_data,268,39,0.822,NA
270,19,scrabble-score,lexicase,FALSE,20,elitize_generation_data,269,44,0.82,NA
271,19,scrabble-score,lexicase,FALSE,20,elitize_generation_data,270,41,0.829,NA
272,19,scrabble-score,lexicase,FALSE,20,elitize_generation_data,271,42,0.831,NA
273,19,scrabble-score,lexicase,FALSE,20,elitize_generation_data,272,46,0.822,NA
274,19,scrabble-score,lexicase,FALSE,20,elitize_generation_data,273,48,0.801,NA
275,19,scrabble-score,lexicase,FALSE,20,elitize_generation_data,274,38,0.842,NA
276,19,scrabble-score,lexicase,FALSE,20,elitize_generation_data,275,48,0.826,NA
277,19,scrabble-score,lexicase,FALSE,20,elitize_generation_data,276,47,0.826,NA
278,19,scrabble-score,lexicase,FALSE,20,elitize_generation_data,277,58,0.823,NA
279,19,scrabble-score,lexicase,FALSE,20,elitize_generation_data,278,62,0.844,NA
280,19,scrabble-score,lexicase,FALSE,20,elitize_generation_data,279,61,0.83,NA
281,19,scrabble-score,lexicase,FALSE,20,elitize_generation_data,280,57,0.812,NA
282,19,scrabble-score,lexicase,FALSE,20,elitize_generation_data,281,58,0.819,NA
283,19,scrabble-score,lexicase,FALSE,20,elitize_generation_data,282,61,0.832,NA
284,19,scrabble-score,lexicase,FALSE,20,elitize_generation_data,283,62,0.85,NA
285,19,scrabble-score,lexicase,FALSE,20,elitize_generation_data,284,61,0.84,NA
286,19,scrabble-score,lexicase,FALSE,20,elitize_generation_data,285,57,0.827,NA
287,19,scrabble-score,lexicase,FALSE,20,elitize_generation_data,286,56,0.81,NA
288,19,scrabble-score,lexicase,FALSE,20,elitize_generation_data,287,57,0.796,NA
289,19,scrabble-score,lexicase,FALSE,20,elitize_generation_data,288,63,0.813,NA
290,19,scrabble-score,lexicase,FALSE,20,elitize_generation_data,289,64,0.814,NA
291,19,scrabble-score,lexicase,FALSE,20,elitize_generation_data,290,68,0.814,NA
292,19,scrabble-score,lexicase,FALSE,20,elitize_generation_data,291,67,0.824,NA
293,19,scrabble-score,lexicase,FALSE,20,elitize_generation_data,292,74,0.822,NA
294,19,scrabble-score,lexicase,FALSE,20,elitize_generation_data,293,64,0.814,NA
295,19,scrabble-score,lexicase,FALSE,20,elitize_generation_data,294,66,0.801,NA
296,19,scrabble-score,lexicase,FALSE,20,elitize_generation_data,295,59,0.785,NA
297,19,scrabble-score,lexicase,FALSE,20,elitize_generation_data,296,56,0.813,NA
298,19,scrabble-score,lexicase,FALSE,20,elitize_generation_data,297,55,0.791,NA
299,19,scrabble-score,lexicase,FALSE,20,elitize_generation_data,298,58,0.787,NA
300,19,scrabble-score,lexicase,FALSE,20,elitize_generation_data,299,52,0.773,NA
301,19,scrabble-score,lexicase,FALSE,20,elitize_generation_data,300,65,0.796,NA
