,run.num,problem,treatment,succeeded,height,normalization.function,generation,cluster.count,error.diversity,success.generation
1,59,scrabble-score,tourney,FALSE,20,elitize_generation_data,0,5,0.109,NA
2,59,scrabble-score,tourney,FALSE,20,elitize_generation_data,1,2,0.117,NA
3,59,scrabble-score,tourney,FALSE,20,elitize_generation_data,2,3,0.131,NA
4,59,scrabble-score,tourney,FALSE,20,elitize_generation_data,3,6,0.101,NA
5,59,scrabble-score,tourney,FALSE,20,elitize_generation_data,4,8,0.08,NA
6,59,scrabble-score,tourney,FALSE,20,elitize_generation_data,5,6,0.1,NA
7,59,scrabble-score,tourney,FALSE,20,elitize_generation_data,6,8,0.158,NA
8,59,scrabble-score,tourney,FALSE,20,elitize_generation_data,7,5,0.189,NA
9,59,scrabble-score,tourney,FALSE,20,elitize_generation_data,8,6,0.224,NA
10,59,scrabble-score,tourney,FALSE,20,elitize_generation_data,9,7,0.215,NA
11,59,scrabble-score,tourney,FALSE,20,elitize_generation_data,10,8,0.141,NA
12,59,scrabble-score,tourney,FALSE,20,elitize_generation_data,11,6,0.14,NA
13,59,scrabble-score,tourney,FALSE,20,elitize_generation_data,12,7,0.167,NA
14,59,scrabble-score,tourney,FALSE,20,elitize_generation_data,13,7,0.121,NA
15,59,scrabble-score,tourney,FALSE,20,elitize_generation_data,14,7,0.097,NA
16,59,scrabble-score,tourney,FALSE,20,elitize_generation_data,15,7,0.088,NA
17,59,scrabble-score,tourney,FALSE,20,elitize_generation_data,16,8,0.093,NA
18,59,scrabble-score,tourney,FALSE,20,elitize_generation_data,17,7,0.163,NA
19,59,scrabble-score,tourney,FALSE,20,elitize_generation_data,18,9,0.194,NA
20,59,scrabble-score,tourney,FALSE,20,elitize_generation_data,19,10,0.207,NA
21,59,scrabble-score,tourney,FALSE,20,elitize_generation_data,20,14,0.205,NA
22,59,scrabble-score,tourney,FALSE,20,elitize_generation_data,21,14,0.196,NA
23,59,scrabble-score,tourney,FALSE,20,elitize_generation_data,22,9,0.197,NA
24,59,scrabble-score,tourney,FALSE,20,elitize_generation_data,23,11,0.208,NA
25,59,scrabble-score,tourney,FALSE,20,elitize_generation_data,24,6,0.23,NA
26,59,scrabble-score,tourney,FALSE,20,elitize_generation_data,25,7,0.25,NA
27,59,scrabble-score,tourney,FALSE,20,elitize_generation_data,26,5,0.276,NA
28,59,scrabble-score,tourney,FALSE,20,elitize_generation_data,27,4,0.293,NA
29,59,scrabble-score,tourney,FALSE,20,elitize_generation_data,28,5,0.31,NA
30,59,scrabble-score,tourney,FALSE,20,elitize_generation_data,29,9,0.333,NA
31,59,scrabble-score,tourney,FALSE,20,elitize_generation_data,30,8,0.331,NA
32,59,scrabble-score,tourney,FALSE,20,elitize_generation_data,31,3,0.341,NA
33,59,scrabble-score,tourney,FALSE,20,elitize_generation_data,32,6,0.369,NA
34,59,scrabble-score,tourney,FALSE,20,elitize_generation_data,33,7,0.379,NA
35,59,scrabble-score,tourney,FALSE,20,elitize_generation_data,34,8,0.387,NA
36,59,scrabble-score,tourney,FALSE,20,elitize_generation_data,35,5,0.369,NA
37,59,scrabble-score,tourney,FALSE,20,elitize_generation_data,36,5,0.331,NA
38,59,scrabble-score,tourney,FALSE,20,elitize_generation_data,37,4,0.343,NA
39,59,scrabble-score,tourney,FALSE,20,elitize_generation_data,38,5,0.356,NA
40,59,scrabble-score,tourney,FALSE,20,elitize_generation_data,39,5,0.35,NA
41,59,scrabble-score,tourney,FALSE,20,elitize_generation_data,40,3,0.363,NA
42,59,scrabble-score,tourney,FALSE,20,elitize_generation_data,41,4,0.416,NA
43,59,scrabble-score,tourney,FALSE,20,elitize_generation_data,42,6,0.409,NA
44,59,scrabble-score,tourney,FALSE,20,elitize_generation_data,43,6,0.429,NA
45,59,scrabble-score,tourney,FALSE,20,elitize_generation_data,44,4,0.41,NA
46,59,scrabble-score,tourney,FALSE,20,elitize_generation_data,45,3,0.379,NA
47,59,scrabble-score,tourney,FALSE,20,elitize_generation_data,46,4,0.406,NA
48,59,scrabble-score,tourney,FALSE,20,elitize_generation_data,47,7,0.425,NA
49,59,scrabble-score,tourney,FALSE,20,elitize_generation_data,48,6,0.434,NA
50,59,scrabble-score,tourney,FALSE,20,elitize_generation_data,49,5,0.477,NA
51,59,scrabble-score,tourney,FALSE,20,elitize_generation_data,50,4,0.474,NA
52,59,scrabble-score,tourney,FALSE,20,elitize_generation_data,51,5,0.443,NA
53,59,scrabble-score,tourney,FALSE,20,elitize_generation_data,52,5,0.404,NA
54,59,scrabble-score,tourney,FALSE,20,elitize_generation_data,53,6,0.385,NA
55,59,scrabble-score,tourney,FALSE,20,elitize_generation_data,54,3,0.381,NA
56,59,scrabble-score,tourney,FALSE,20,elitize_generation_data,55,4,0.391,NA
57,59,scrabble-score,tourney,FALSE,20,elitize_generation_data,56,5,0.413,NA
58,59,scrabble-score,tourney,FALSE,20,elitize_generation_data,57,3,0.474,NA
59,59,scrabble-score,tourney,FALSE,20,elitize_generation_data,58,6,0.498,NA
60,59,scrabble-score,tourney,FALSE,20,elitize_generation_data,59,4,0.523,NA
61,59,scrabble-score,tourney,FALSE,20,elitize_generation_data,60,3,0.538,NA
62,59,scrabble-score,tourney,FALSE,20,elitize_generation_data,61,4,0.536,NA
63,59,scrabble-score,tourney,FALSE,20,elitize_generation_data,62,6,0.52,NA
64,59,scrabble-score,tourney,FALSE,20,elitize_generation_data,63,6,0.551,NA
65,59,scrabble-score,tourney,FALSE,20,elitize_generation_data,64,5,0.546,NA
66,59,scrabble-score,tourney,FALSE,20,elitize_generation_data,65,5,0.547,NA
67,59,scrabble-score,tourney,FALSE,20,elitize_generation_data,66,4,0.546,NA
68,59,scrabble-score,tourney,FALSE,20,elitize_generation_data,67,2,0.52,NA
69,59,scrabble-score,tourney,FALSE,20,elitize_generation_data,68,5,0.479,NA
70,59,scrabble-score,tourney,FALSE,20,elitize_generation_data,69,6,0.436,NA
71,59,scrabble-score,tourney,FALSE,20,elitize_generation_data,70,4,0.431,NA
72,59,scrabble-score,tourney,FALSE,20,elitize_generation_data,71,5,0.443,NA
73,59,scrabble-score,tourney,FALSE,20,elitize_generation_data,72,4,0.411,NA
74,59,scrabble-score,tourney,FALSE,20,elitize_generation_data,73,4,0.434,NA
75,59,scrabble-score,tourney,FALSE,20,elitize_generation_data,74,2,0.469,NA
76,59,scrabble-score,tourney,FALSE,20,elitize_generation_data,75,5,0.482,NA
77,59,scrabble-score,tourney,FALSE,20,elitize_generation_data,76,4,0.47,NA
78,59,scrabble-score,tourney,FALSE,20,elitize_generation_data,77,4,0.472,NA
79,59,scrabble-score,tourney,FALSE,20,elitize_generation_data,78,4,0.439,NA
80,59,scrabble-score,tourney,FALSE,20,elitize_generation_data,79,4,0.396,NA
81,59,scrabble-score,tourney,FALSE,20,elitize_generation_data,80,3,0.411,NA
82,59,scrabble-score,tourney,FALSE,20,elitize_generation_data,81,5,0.423,NA
83,59,scrabble-score,tourney,FALSE,20,elitize_generation_data,82,4,0.452,NA
84,59,scrabble-score,tourney,FALSE,20,elitize_generation_data,83,5,0.459,NA
85,59,scrabble-score,tourney,FALSE,20,elitize_generation_data,84,4,0.438,NA
86,59,scrabble-score,tourney,FALSE,20,elitize_generation_data,85,5,0.471,NA
87,59,scrabble-score,tourney,FALSE,20,elitize_generation_data,86,4,0.479,NA
88,59,scrabble-score,tourney,FALSE,20,elitize_generation_data,87,5,0.452,NA
89,59,scrabble-score,tourney,FALSE,20,elitize_generation_data,88,6,0.493,NA
90,59,scrabble-score,tourney,FALSE,20,elitize_generation_data,89,4,0.514,NA
91,59,scrabble-score,tourney,FALSE,20,elitize_generation_data,90,7,0.55,NA
92,59,scrabble-score,tourney,FALSE,20,elitize_generation_data,91,3,0.556,NA
93,59,scrabble-score,tourney,FALSE,20,elitize_generation_data,92,5,0.521,NA
94,59,scrabble-score,tourney,FALSE,20,elitize_generation_data,93,5,0.524,NA
95,59,scrabble-score,tourney,FALSE,20,elitize_generation_data,94,4,0.502,NA
96,59,scrabble-score,tourney,FALSE,20,elitize_generation_data,95,6,0.482,NA
97,59,scrabble-score,tourney,FALSE,20,elitize_generation_data,96,5,0.471,NA
98,59,scrabble-score,tourney,FALSE,20,elitize_generation_data,97,4,0.467,NA
99,59,scrabble-score,tourney,FALSE,20,elitize_generation_data,98,4,0.506,NA
100,59,scrabble-score,tourney,FALSE,20,elitize_generation_data,99,3,0.478,NA
101,59,scrabble-score,tourney,FALSE,20,elitize_generation_data,100,5,0.5,NA
102,59,scrabble-score,tourney,FALSE,20,elitize_generation_data,101,3,0.469,NA
103,59,scrabble-score,tourney,FALSE,20,elitize_generation_data,102,5,0.471,NA
104,59,scrabble-score,tourney,FALSE,20,elitize_generation_data,103,3,0.472,NA
105,59,scrabble-score,tourney,FALSE,20,elitize_generation_data,104,2,0.449,NA
106,59,scrabble-score,tourney,FALSE,20,elitize_generation_data,105,4,0.452,NA
107,59,scrabble-score,tourney,FALSE,20,elitize_generation_data,106,3,0.458,NA
108,59,scrabble-score,tourney,FALSE,20,elitize_generation_data,107,2,0.456,NA
109,59,scrabble-score,tourney,FALSE,20,elitize_generation_data,108,4,0.439,NA
110,59,scrabble-score,tourney,FALSE,20,elitize_generation_data,109,5,0.453,NA
111,59,scrabble-score,tourney,FALSE,20,elitize_generation_data,110,2,0.438,NA
112,59,scrabble-score,tourney,FALSE,20,elitize_generation_data,111,4,0.462,NA
113,59,scrabble-score,tourney,FALSE,20,elitize_generation_data,112,4,0.492,NA
114,59,scrabble-score,tourney,FALSE,20,elitize_generation_data,113,4,0.502,NA
115,59,scrabble-score,tourney,FALSE,20,elitize_generation_data,114,5,0.535,NA
116,59,scrabble-score,tourney,FALSE,20,elitize_generation_data,115,5,0.51,NA
117,59,scrabble-score,tourney,FALSE,20,elitize_generation_data,116,7,0.517,NA
118,59,scrabble-score,tourney,FALSE,20,elitize_generation_data,117,5,0.528,NA
119,59,scrabble-score,tourney,FALSE,20,elitize_generation_data,118,3,0.536,NA
120,59,scrabble-score,tourney,FALSE,20,elitize_generation_data,119,4,0.57,NA
121,59,scrabble-score,tourney,FALSE,20,elitize_generation_data,120,3,0.555,NA
122,59,scrabble-score,tourney,FALSE,20,elitize_generation_data,121,3,0.566,NA
123,59,scrabble-score,tourney,FALSE,20,elitize_generation_data,122,2,0.577,NA
124,59,scrabble-score,tourney,FALSE,20,elitize_generation_data,123,5,0.615,NA
125,59,scrabble-score,tourney,FALSE,20,elitize_generation_data,124,7,0.639,NA
126,59,scrabble-score,tourney,FALSE,20,elitize_generation_data,125,4,0.639,NA
127,59,scrabble-score,tourney,FALSE,20,elitize_generation_data,126,3,0.606,NA
128,59,scrabble-score,tourney,FALSE,20,elitize_generation_data,127,6,0.619,NA
129,59,scrabble-score,tourney,FALSE,20,elitize_generation_data,128,5,0.6,NA
130,59,scrabble-score,tourney,FALSE,20,elitize_generation_data,129,7,0.589,NA
131,59,scrabble-score,tourney,FALSE,20,elitize_generation_data,130,3,0.589,NA
132,59,scrabble-score,tourney,FALSE,20,elitize_generation_data,131,5,0.581,NA
133,59,scrabble-score,tourney,FALSE,20,elitize_generation_data,132,5,0.607,NA
134,59,scrabble-score,tourney,FALSE,20,elitize_generation_data,133,3,0.579,NA
135,59,scrabble-score,tourney,FALSE,20,elitize_generation_data,134,3,0.563,NA
136,59,scrabble-score,tourney,FALSE,20,elitize_generation_data,135,6,0.539,NA
137,59,scrabble-score,tourney,FALSE,20,elitize_generation_data,136,5,0.532,NA
138,59,scrabble-score,tourney,FALSE,20,elitize_generation_data,137,3,0.538,NA
139,59,scrabble-score,tourney,FALSE,20,elitize_generation_data,138,4,0.53,NA
140,59,scrabble-score,tourney,FALSE,20,elitize_generation_data,139,5,0.49,NA
141,59,scrabble-score,tourney,FALSE,20,elitize_generation_data,140,5,0.473,NA
142,59,scrabble-score,tourney,FALSE,20,elitize_generation_data,141,4,0.482,NA
143,59,scrabble-score,tourney,FALSE,20,elitize_generation_data,142,5,0.508,NA
144,59,scrabble-score,tourney,FALSE,20,elitize_generation_data,143,5,0.516,NA
145,59,scrabble-score,tourney,FALSE,20,elitize_generation_data,144,5,0.525,NA
146,59,scrabble-score,tourney,FALSE,20,elitize_generation_data,145,5,0.541,NA
147,59,scrabble-score,tourney,FALSE,20,elitize_generation_data,146,3,0.561,NA
148,59,scrabble-score,tourney,FALSE,20,elitize_generation_data,147,4,0.559,NA
149,59,scrabble-score,tourney,FALSE,20,elitize_generation_data,148,5,0.6,NA
150,59,scrabble-score,tourney,FALSE,20,elitize_generation_data,149,6,0.606,NA
151,59,scrabble-score,tourney,FALSE,20,elitize_generation_data,150,3,0.602,NA
152,59,scrabble-score,tourney,FALSE,20,elitize_generation_data,151,4,0.608,NA
153,59,scrabble-score,tourney,FALSE,20,elitize_generation_data,152,4,0.624,NA
154,59,scrabble-score,tourney,FALSE,20,elitize_generation_data,153,6,0.627,NA
155,59,scrabble-score,tourney,FALSE,20,elitize_generation_data,154,4,0.628,NA
156,59,scrabble-score,tourney,FALSE,20,elitize_generation_data,155,5,0.612,NA
157,59,scrabble-score,tourney,FALSE,20,elitize_generation_data,156,7,0.633,NA
158,59,scrabble-score,tourney,FALSE,20,elitize_generation_data,157,5,0.621,NA
159,59,scrabble-score,tourney,FALSE,20,elitize_generation_data,158,4,0.633,NA
160,59,scrabble-score,tourney,FALSE,20,elitize_generation_data,159,7,0.68,NA
161,59,scrabble-score,tourney,FALSE,20,elitize_generation_data,160,5,0.687,NA
162,59,scrabble-score,tourney,FALSE,20,elitize_generation_data,161,5,0.699,NA
163,59,scrabble-score,tourney,FALSE,20,elitize_generation_data,162,7,0.71,NA
164,59,scrabble-score,tourney,FALSE,20,elitize_generation_data,163,5,0.703,NA
165,59,scrabble-score,tourney,FALSE,20,elitize_generation_data,164,6,0.735,NA
166,59,scrabble-score,tourney,FALSE,20,elitize_generation_data,165,4,0.72,NA
167,59,scrabble-score,tourney,FALSE,20,elitize_generation_data,166,5,0.738,NA
168,59,scrabble-score,tourney,FALSE,20,elitize_generation_data,167,4,0.735,NA
169,59,scrabble-score,tourney,FALSE,20,elitize_generation_data,168,6,0.762,NA
170,59,scrabble-score,tourney,FALSE,20,elitize_generation_data,169,4,0.777,NA
171,59,scrabble-score,tourney,FALSE,20,elitize_generation_data,170,6,0.752,NA
172,59,scrabble-score,tourney,FALSE,20,elitize_generation_data,171,7,0.788,NA
173,59,scrabble-score,tourney,FALSE,20,elitize_generation_data,172,4,0.753,NA
174,59,scrabble-score,tourney,FALSE,20,elitize_generation_data,173,4,0.775,NA
175,59,scrabble-score,tourney,FALSE,20,elitize_generation_data,174,4,0.783,NA
176,59,scrabble-score,tourney,FALSE,20,elitize_generation_data,175,6,0.797,NA
177,59,scrabble-score,tourney,FALSE,20,elitize_generation_data,176,5,0.789,NA
178,59,scrabble-score,tourney,FALSE,20,elitize_generation_data,177,7,0.769,NA
179,59,scrabble-score,tourney,FALSE,20,elitize_generation_data,178,5,0.816,NA
180,59,scrabble-score,tourney,FALSE,20,elitize_generation_data,179,7,0.804,NA
181,59,scrabble-score,tourney,FALSE,20,elitize_generation_data,180,7,0.795,NA
182,59,scrabble-score,tourney,FALSE,20,elitize_generation_data,181,5,0.795,NA
183,59,scrabble-score,tourney,FALSE,20,elitize_generation_data,182,5,0.778,NA
184,59,scrabble-score,tourney,FALSE,20,elitize_generation_data,183,6,0.798,NA
185,59,scrabble-score,tourney,FALSE,20,elitize_generation_data,184,5,0.798,NA
186,59,scrabble-score,tourney,FALSE,20,elitize_generation_data,185,7,0.777,NA
187,59,scrabble-score,tourney,FALSE,20,elitize_generation_data,186,5,0.792,NA
188,59,scrabble-score,tourney,FALSE,20,elitize_generation_data,187,4,0.799,NA
189,59,scrabble-score,tourney,FALSE,20,elitize_generation_data,188,8,0.819,NA
190,59,scrabble-score,tourney,FALSE,20,elitize_generation_data,189,6,0.83,NA
191,59,scrabble-score,tourney,FALSE,20,elitize_generation_data,190,7,0.786,NA
192,59,scrabble-score,tourney,FALSE,20,elitize_generation_data,191,8,0.797,NA
193,59,scrabble-score,tourney,FALSE,20,elitize_generation_data,192,8,0.815,NA
194,59,scrabble-score,tourney,FALSE,20,elitize_generation_data,193,7,0.844,NA
195,59,scrabble-score,tourney,FALSE,20,elitize_generation_data,194,6,0.822,NA
196,59,scrabble-score,tourney,FALSE,20,elitize_generation_data,195,4,0.814,NA
197,59,scrabble-score,tourney,FALSE,20,elitize_generation_data,196,5,0.819,NA
198,59,scrabble-score,tourney,FALSE,20,elitize_generation_data,197,7,0.842,NA
199,59,scrabble-score,tourney,FALSE,20,elitize_generation_data,198,4,0.832,NA
200,59,scrabble-score,tourney,FALSE,20,elitize_generation_data,199,3,0.854,NA
201,59,scrabble-score,tourney,FALSE,20,elitize_generation_data,200,6,0.82,NA
202,59,scrabble-score,tourney,FALSE,20,elitize_generation_data,201,4,0.814,NA
203,59,scrabble-score,tourney,FALSE,20,elitize_generation_data,202,3,0.829,NA
204,59,scrabble-score,tourney,FALSE,20,elitize_generation_data,203,6,0.81,NA
205,59,scrabble-score,tourney,FALSE,20,elitize_generation_data,204,7,0.836,NA
206,59,scrabble-score,tourney,FALSE,20,elitize_generation_data,205,5,0.84,NA
207,59,scrabble-score,tourney,FALSE,20,elitize_generation_data,206,6,0.835,NA
208,59,scrabble-score,tourney,FALSE,20,elitize_generation_data,207,5,0.825,NA
209,59,scrabble-score,tourney,FALSE,20,elitize_generation_data,208,5,0.835,NA
210,59,scrabble-score,tourney,FALSE,20,elitize_generation_data,209,5,0.831,NA
211,59,scrabble-score,tourney,FALSE,20,elitize_generation_data,210,5,0.843,NA
212,59,scrabble-score,tourney,FALSE,20,elitize_generation_data,211,6,0.845,NA
213,59,scrabble-score,tourney,FALSE,20,elitize_generation_data,212,4,0.845,NA
214,59,scrabble-score,tourney,FALSE,20,elitize_generation_data,213,6,0.838,NA
215,59,scrabble-score,tourney,FALSE,20,elitize_generation_data,214,6,0.838,NA
216,59,scrabble-score,tourney,FALSE,20,elitize_generation_data,215,5,0.822,NA
217,59,scrabble-score,tourney,FALSE,20,elitize_generation_data,216,5,0.865,NA
218,59,scrabble-score,tourney,FALSE,20,elitize_generation_data,217,3,0.844,NA
219,59,scrabble-score,tourney,FALSE,20,elitize_generation_data,218,6,0.815,NA
220,59,scrabble-score,tourney,FALSE,20,elitize_generation_data,219,8,0.828,NA
221,59,scrabble-score,tourney,FALSE,20,elitize_generation_data,220,3,0.809,NA
222,59,scrabble-score,tourney,FALSE,20,elitize_generation_data,221,4,0.828,NA
223,59,scrabble-score,tourney,FALSE,20,elitize_generation_data,222,5,0.794,NA
224,59,scrabble-score,tourney,FALSE,20,elitize_generation_data,223,3,0.788,NA
225,59,scrabble-score,tourney,FALSE,20,elitize_generation_data,224,6,0.81,NA
226,59,scrabble-score,tourney,FALSE,20,elitize_generation_data,225,5,0.802,NA
227,59,scrabble-score,tourney,FALSE,20,elitize_generation_data,226,4,0.806,NA
228,59,scrabble-score,tourney,FALSE,20,elitize_generation_data,227,5,0.807,NA
229,59,scrabble-score,tourney,FALSE,20,elitize_generation_data,228,6,0.817,NA
230,59,scrabble-score,tourney,FALSE,20,elitize_generation_data,229,6,0.8,NA
231,59,scrabble-score,tourney,FALSE,20,elitize_generation_data,230,5,0.804,NA
232,59,scrabble-score,tourney,FALSE,20,elitize_generation_data,231,6,0.808,NA
233,59,scrabble-score,tourney,FALSE,20,elitize_generation_data,232,7,0.827,NA
234,59,scrabble-score,tourney,FALSE,20,elitize_generation_data,233,6,0.829,NA
235,59,scrabble-score,tourney,FALSE,20,elitize_generation_data,234,7,0.833,NA
236,59,scrabble-score,tourney,FALSE,20,elitize_generation_data,235,7,0.819,NA
237,59,scrabble-score,tourney,FALSE,20,elitize_generation_data,236,3,0.795,NA
238,59,scrabble-score,tourney,FALSE,20,elitize_generation_data,237,5,0.806,NA
239,59,scrabble-score,tourney,FALSE,20,elitize_generation_data,238,4,0.832,NA
240,59,scrabble-score,tourney,FALSE,20,elitize_generation_data,239,9,0.807,NA
241,59,scrabble-score,tourney,FALSE,20,elitize_generation_data,240,4,0.818,NA
242,59,scrabble-score,tourney,FALSE,20,elitize_generation_data,241,6,0.817,NA
243,59,scrabble-score,tourney,FALSE,20,elitize_generation_data,242,4,0.828,NA
244,59,scrabble-score,tourney,FALSE,20,elitize_generation_data,243,3,0.798,NA
245,59,scrabble-score,tourney,FALSE,20,elitize_generation_data,244,5,0.782,NA
246,59,scrabble-score,tourney,FALSE,20,elitize_generation_data,245,4,0.822,NA
247,59,scrabble-score,tourney,FALSE,20,elitize_generation_data,246,7,0.815,NA
248,59,scrabble-score,tourney,FALSE,20,elitize_generation_data,247,4,0.828,NA
249,59,scrabble-score,tourney,FALSE,20,elitize_generation_data,248,5,0.773,NA
250,59,scrabble-score,tourney,FALSE,20,elitize_generation_data,249,5,0.808,NA
251,59,scrabble-score,tourney,FALSE,20,elitize_generation_data,250,3,0.797,NA
252,59,scrabble-score,tourney,FALSE,20,elitize_generation_data,251,4,0.782,NA
253,59,scrabble-score,tourney,FALSE,20,elitize_generation_data,252,11,0.792,NA
254,59,scrabble-score,tourney,FALSE,20,elitize_generation_data,253,6,0.802,NA
255,59,scrabble-score,tourney,FALSE,20,elitize_generation_data,254,4,0.784,NA
256,59,scrabble-score,tourney,FALSE,20,elitize_generation_data,255,5,0.797,NA
257,59,scrabble-score,tourney,FALSE,20,elitize_generation_data,256,6,0.78,NA
258,59,scrabble-score,tourney,FALSE,20,elitize_generation_data,257,5,0.776,NA
259,59,scrabble-score,tourney,FALSE,20,elitize_generation_data,258,5,0.752,NA
260,59,scrabble-score,tourney,FALSE,20,elitize_generation_data,259,6,0.767,NA
261,59,scrabble-score,tourney,FALSE,20,elitize_generation_data,260,6,0.767,NA
262,59,scrabble-score,tourney,FALSE,20,elitize_generation_data,261,5,0.775,NA
263,59,scrabble-score,tourney,FALSE,20,elitize_generation_data,262,5,0.758,NA
264,59,scrabble-score,tourney,FALSE,20,elitize_generation_data,263,3,0.749,NA
265,59,scrabble-score,tourney,FALSE,20,elitize_generation_data,264,5,0.776,NA
266,59,scrabble-score,tourney,FALSE,20,elitize_generation_data,265,4,0.752,NA
267,59,scrabble-score,tourney,FALSE,20,elitize_generation_data,266,3,0.755,NA
268,59,scrabble-score,tourney,FALSE,20,elitize_generation_data,267,3,0.754,NA
269,59,scrabble-score,tourney,FALSE,20,elitize_generation_data,268,7,0.768,NA
270,59,scrabble-score,tourney,FALSE,20,elitize_generation_data,269,3,0.75,NA
271,59,scrabble-score,tourney,FALSE,20,elitize_generation_data,270,5,0.787,NA
272,59,scrabble-score,tourney,FALSE,20,elitize_generation_data,271,5,0.775,NA
273,59,scrabble-score,tourney,FALSE,20,elitize_generation_data,272,5,0.765,NA
274,59,scrabble-score,tourney,FALSE,20,elitize_generation_data,273,5,0.765,NA
275,59,scrabble-score,tourney,FALSE,20,elitize_generation_data,274,6,0.755,NA
276,59,scrabble-score,tourney,FALSE,20,elitize_generation_data,275,4,0.734,NA
277,59,scrabble-score,tourney,FALSE,20,elitize_generation_data,276,4,0.755,NA
278,59,scrabble-score,tourney,FALSE,20,elitize_generation_data,277,5,0.748,NA
279,59,scrabble-score,tourney,FALSE,20,elitize_generation_data,278,4,0.731,NA
280,59,scrabble-score,tourney,FALSE,20,elitize_generation_data,279,4,0.746,NA
281,59,scrabble-score,tourney,FALSE,20,elitize_generation_data,280,3,0.745,NA
282,59,scrabble-score,tourney,FALSE,20,elitize_generation_data,281,6,0.769,NA
283,59,scrabble-score,tourney,FALSE,20,elitize_generation_data,282,8,0.78,NA
284,59,scrabble-score,tourney,FALSE,20,elitize_generation_data,283,5,0.778,NA
285,59,scrabble-score,tourney,FALSE,20,elitize_generation_data,284,5,0.788,NA
286,59,scrabble-score,tourney,FALSE,20,elitize_generation_data,285,5,0.753,NA
287,59,scrabble-score,tourney,FALSE,20,elitize_generation_data,286,3,0.745,NA
288,59,scrabble-score,tourney,FALSE,20,elitize_generation_data,287,6,0.764,NA
289,59,scrabble-score,tourney,FALSE,20,elitize_generation_data,288,5,0.743,NA
290,59,scrabble-score,tourney,FALSE,20,elitize_generation_data,289,5,0.776,NA
291,59,scrabble-score,tourney,FALSE,20,elitize_generation_data,290,5,0.751,NA
292,59,scrabble-score,tourney,FALSE,20,elitize_generation_data,291,5,0.76,NA
293,59,scrabble-score,tourney,FALSE,20,elitize_generation_data,292,6,0.757,NA
294,59,scrabble-score,tourney,FALSE,20,elitize_generation_data,293,6,0.759,NA
295,59,scrabble-score,tourney,FALSE,20,elitize_generation_data,294,4,0.732,NA
296,59,scrabble-score,tourney,FALSE,20,elitize_generation_data,295,4,0.755,NA
297,59,scrabble-score,tourney,FALSE,20,elitize_generation_data,296,7,0.75,NA
298,59,scrabble-score,tourney,FALSE,20,elitize_generation_data,297,2,0.773,NA
299,59,scrabble-score,tourney,FALSE,20,elitize_generation_data,298,4,0.761,NA
300,59,scrabble-score,tourney,FALSE,20,elitize_generation_data,299,4,0.767,NA
301,59,scrabble-score,tourney,FALSE,20,elitize_generation_data,300,5,0.768,NA
