,run.num,problem,treatment,succeeded,height,normalization.function,generation,cluster.count,error.diversity,success.generation
1,62,scrabble-score,tourney,FALSE,20,elitize_generation_data,0,4,0.122,NA
2,62,scrabble-score,tourney,FALSE,20,elitize_generation_data,1,7,0.102,NA
3,62,scrabble-score,tourney,FALSE,20,elitize_generation_data,2,4,0.111,NA
4,62,scrabble-score,tourney,FALSE,20,elitize_generation_data,3,5,0.092,NA
5,62,scrabble-score,tourney,FALSE,20,elitize_generation_data,4,9,0.077,NA
6,62,scrabble-score,tourney,FALSE,20,elitize_generation_data,5,11,0.124,NA
7,62,scrabble-score,tourney,FALSE,20,elitize_generation_data,6,8,0.177,NA
8,62,scrabble-score,tourney,FALSE,20,elitize_generation_data,7,7,0.19,NA
9,62,scrabble-score,tourney,FALSE,20,elitize_generation_data,8,11,0.125,NA
10,62,scrabble-score,tourney,FALSE,20,elitize_generation_data,9,11,0.101,NA
11,62,scrabble-score,tourney,FALSE,20,elitize_generation_data,10,8,0.142,NA
12,62,scrabble-score,tourney,FALSE,20,elitize_generation_data,11,5,0.186,NA
13,62,scrabble-score,tourney,FALSE,20,elitize_generation_data,12,7,0.191,NA
14,62,scrabble-score,tourney,FALSE,20,elitize_generation_data,13,6,0.189,NA
15,62,scrabble-score,tourney,FALSE,20,elitize_generation_data,14,7,0.257,NA
16,62,scrabble-score,tourney,FALSE,20,elitize_generation_data,15,11,0.316,NA
17,62,scrabble-score,tourney,FALSE,20,elitize_generation_data,16,8,0.326,NA
18,62,scrabble-score,tourney,FALSE,20,elitize_generation_data,17,8,0.34,NA
19,62,scrabble-score,tourney,FALSE,20,elitize_generation_data,18,5,0.437,NA
20,62,scrabble-score,tourney,FALSE,20,elitize_generation_data,19,5,0.44,NA
21,62,scrabble-score,tourney,FALSE,20,elitize_generation_data,20,6,0.42,NA
22,62,scrabble-score,tourney,FALSE,20,elitize_generation_data,21,6,0.437,NA
23,62,scrabble-score,tourney,FALSE,20,elitize_generation_data,22,5,0.457,NA
24,62,scrabble-score,tourney,FALSE,20,elitize_generation_data,23,5,0.487,NA
25,62,scrabble-score,tourney,FALSE,20,elitize_generation_data,24,5,0.456,NA
26,62,scrabble-score,tourney,FALSE,20,elitize_generation_data,25,6,0.443,NA
27,62,scrabble-score,tourney,FALSE,20,elitize_generation_data,26,7,0.498,NA
28,62,scrabble-score,tourney,FALSE,20,elitize_generation_data,27,7,0.548,NA
29,62,scrabble-score,tourney,FALSE,20,elitize_generation_data,28,6,0.576,NA
30,62,scrabble-score,tourney,FALSE,20,elitize_generation_data,29,5,0.547,NA
31,62,scrabble-score,tourney,FALSE,20,elitize_generation_data,30,10,0.577,NA
32,62,scrabble-score,tourney,FALSE,20,elitize_generation_data,31,7,0.565,NA
33,62,scrabble-score,tourney,FALSE,20,elitize_generation_data,32,12,0.615,NA
34,62,scrabble-score,tourney,FALSE,20,elitize_generation_data,33,7,0.591,NA
35,62,scrabble-score,tourney,FALSE,20,elitize_generation_data,34,7,0.629,NA
36,62,scrabble-score,tourney,FALSE,20,elitize_generation_data,35,8,0.58,NA
37,62,scrabble-score,tourney,FALSE,20,elitize_generation_data,36,8,0.587,NA
38,62,scrabble-score,tourney,FALSE,20,elitize_generation_data,37,9,0.619,NA
39,62,scrabble-score,tourney,FALSE,20,elitize_generation_data,38,6,0.651,NA
40,62,scrabble-score,tourney,FALSE,20,elitize_generation_data,39,6,0.668,NA
41,62,scrabble-score,tourney,FALSE,20,elitize_generation_data,40,6,0.644,NA
42,62,scrabble-score,tourney,FALSE,20,elitize_generation_data,41,5,0.622,NA
43,62,scrabble-score,tourney,FALSE,20,elitize_generation_data,42,7,0.618,NA
44,62,scrabble-score,tourney,FALSE,20,elitize_generation_data,43,8,0.588,NA
45,62,scrabble-score,tourney,FALSE,20,elitize_generation_data,44,4,0.478,NA
46,62,scrabble-score,tourney,FALSE,20,elitize_generation_data,45,5,0.453,NA
47,62,scrabble-score,tourney,FALSE,20,elitize_generation_data,46,6,0.512,NA
48,62,scrabble-score,tourney,FALSE,20,elitize_generation_data,47,5,0.574,NA
49,62,scrabble-score,tourney,FALSE,20,elitize_generation_data,48,5,0.561,NA
50,62,scrabble-score,tourney,FALSE,20,elitize_generation_data,49,6,0.605,NA
51,62,scrabble-score,tourney,FALSE,20,elitize_generation_data,50,7,0.583,NA
52,62,scrabble-score,tourney,FALSE,20,elitize_generation_data,51,6,0.6,NA
53,62,scrabble-score,tourney,FALSE,20,elitize_generation_data,52,8,0.598,NA
54,62,scrabble-score,tourney,FALSE,20,elitize_generation_data,53,7,0.62,NA
55,62,scrabble-score,tourney,FALSE,20,elitize_generation_data,54,11,0.649,NA
56,62,scrabble-score,tourney,FALSE,20,elitize_generation_data,55,8,0.649,NA
57,62,scrabble-score,tourney,FALSE,20,elitize_generation_data,56,8,0.644,NA
58,62,scrabble-score,tourney,FALSE,20,elitize_generation_data,57,8,0.648,NA
59,62,scrabble-score,tourney,FALSE,20,elitize_generation_data,58,10,0.666,NA
60,62,scrabble-score,tourney,FALSE,20,elitize_generation_data,59,7,0.701,NA
61,62,scrabble-score,tourney,FALSE,20,elitize_generation_data,60,9,0.724,NA
62,62,scrabble-score,tourney,FALSE,20,elitize_generation_data,61,7,0.711,NA
63,62,scrabble-score,tourney,FALSE,20,elitize_generation_data,62,10,0.708,NA
64,62,scrabble-score,tourney,FALSE,20,elitize_generation_data,63,9,0.714,NA
65,62,scrabble-score,tourney,FALSE,20,elitize_generation_data,64,8,0.716,NA
66,62,scrabble-score,tourney,FALSE,20,elitize_generation_data,65,8,0.725,NA
67,62,scrabble-score,tourney,FALSE,20,elitize_generation_data,66,8,0.748,NA
68,62,scrabble-score,tourney,FALSE,20,elitize_generation_data,67,8,0.768,NA
69,62,scrabble-score,tourney,FALSE,20,elitize_generation_data,68,9,0.787,NA
70,62,scrabble-score,tourney,FALSE,20,elitize_generation_data,69,8,0.806,NA
71,62,scrabble-score,tourney,FALSE,20,elitize_generation_data,70,7,0.8,NA
72,62,scrabble-score,tourney,FALSE,20,elitize_generation_data,71,9,0.782,NA
73,62,scrabble-score,tourney,FALSE,20,elitize_generation_data,72,9,0.777,NA
74,62,scrabble-score,tourney,FALSE,20,elitize_generation_data,73,6,0.819,NA
75,62,scrabble-score,tourney,FALSE,20,elitize_generation_data,74,8,0.812,NA
76,62,scrabble-score,tourney,FALSE,20,elitize_generation_data,75,9,0.786,NA
77,62,scrabble-score,tourney,FALSE,20,elitize_generation_data,76,9,0.814,NA
78,62,scrabble-score,tourney,FALSE,20,elitize_generation_data,77,8,0.817,NA
79,62,scrabble-score,tourney,FALSE,20,elitize_generation_data,78,8,0.804,NA
80,62,scrabble-score,tourney,FALSE,20,elitize_generation_data,79,5,0.759,NA
81,62,scrabble-score,tourney,FALSE,20,elitize_generation_data,80,8,0.791,NA
82,62,scrabble-score,tourney,FALSE,20,elitize_generation_data,81,8,0.788,NA
83,62,scrabble-score,tourney,FALSE,20,elitize_generation_data,82,5,0.768,NA
84,62,scrabble-score,tourney,FALSE,20,elitize_generation_data,83,6,0.784,NA
85,62,scrabble-score,tourney,FALSE,20,elitize_generation_data,84,10,0.79,NA
86,62,scrabble-score,tourney,FALSE,20,elitize_generation_data,85,7,0.803,NA
87,62,scrabble-score,tourney,FALSE,20,elitize_generation_data,86,5,0.816,NA
88,62,scrabble-score,tourney,FALSE,20,elitize_generation_data,87,7,0.805,NA
89,62,scrabble-score,tourney,FALSE,20,elitize_generation_data,88,10,0.805,NA
90,62,scrabble-score,tourney,FALSE,20,elitize_generation_data,89,6,0.812,NA
91,62,scrabble-score,tourney,FALSE,20,elitize_generation_data,90,5,0.796,NA
92,62,scrabble-score,tourney,FALSE,20,elitize_generation_data,91,7,0.834,NA
93,62,scrabble-score,tourney,FALSE,20,elitize_generation_data,92,7,0.812,NA
94,62,scrabble-score,tourney,FALSE,20,elitize_generation_data,93,7,0.811,NA
95,62,scrabble-score,tourney,FALSE,20,elitize_generation_data,94,5,0.795,NA
96,62,scrabble-score,tourney,FALSE,20,elitize_generation_data,95,8,0.79,NA
97,62,scrabble-score,tourney,FALSE,20,elitize_generation_data,96,6,0.783,NA
98,62,scrabble-score,tourney,FALSE,20,elitize_generation_data,97,9,0.81,NA
99,62,scrabble-score,tourney,FALSE,20,elitize_generation_data,98,6,0.791,NA
100,62,scrabble-score,tourney,FALSE,20,elitize_generation_data,99,5,0.798,NA
101,62,scrabble-score,tourney,FALSE,20,elitize_generation_data,100,7,0.765,NA
102,62,scrabble-score,tourney,FALSE,20,elitize_generation_data,101,7,0.776,NA
103,62,scrabble-score,tourney,FALSE,20,elitize_generation_data,102,9,0.765,NA
104,62,scrabble-score,tourney,FALSE,20,elitize_generation_data,103,11,0.782,NA
105,62,scrabble-score,tourney,FALSE,20,elitize_generation_data,104,5,0.78,NA
106,62,scrabble-score,tourney,FALSE,20,elitize_generation_data,105,9,0.771,NA
107,62,scrabble-score,tourney,FALSE,20,elitize_generation_data,106,7,0.767,NA
108,62,scrabble-score,tourney,FALSE,20,elitize_generation_data,107,8,0.775,NA
109,62,scrabble-score,tourney,FALSE,20,elitize_generation_data,108,7,0.778,NA
110,62,scrabble-score,tourney,FALSE,20,elitize_generation_data,109,5,0.785,NA
111,62,scrabble-score,tourney,FALSE,20,elitize_generation_data,110,5,0.784,NA
112,62,scrabble-score,tourney,FALSE,20,elitize_generation_data,111,5,0.801,NA
113,62,scrabble-score,tourney,FALSE,20,elitize_generation_data,112,7,0.794,NA
114,62,scrabble-score,tourney,FALSE,20,elitize_generation_data,113,8,0.773,NA
115,62,scrabble-score,tourney,FALSE,20,elitize_generation_data,114,8,0.779,NA
116,62,scrabble-score,tourney,FALSE,20,elitize_generation_data,115,7,0.79,NA
117,62,scrabble-score,tourney,FALSE,20,elitize_generation_data,116,5,0.799,NA
118,62,scrabble-score,tourney,FALSE,20,elitize_generation_data,117,6,0.789,NA
119,62,scrabble-score,tourney,FALSE,20,elitize_generation_data,118,5,0.785,NA
120,62,scrabble-score,tourney,FALSE,20,elitize_generation_data,119,6,0.79,NA
121,62,scrabble-score,tourney,FALSE,20,elitize_generation_data,120,7,0.776,NA
122,62,scrabble-score,tourney,FALSE,20,elitize_generation_data,121,5,0.805,NA
123,62,scrabble-score,tourney,FALSE,20,elitize_generation_data,122,8,0.79,NA
124,62,scrabble-score,tourney,FALSE,20,elitize_generation_data,123,7,0.799,NA
125,62,scrabble-score,tourney,FALSE,20,elitize_generation_data,124,4,0.796,NA
126,62,scrabble-score,tourney,FALSE,20,elitize_generation_data,125,6,0.789,NA
127,62,scrabble-score,tourney,FALSE,20,elitize_generation_data,126,6,0.791,NA
128,62,scrabble-score,tourney,FALSE,20,elitize_generation_data,127,6,0.785,NA
129,62,scrabble-score,tourney,FALSE,20,elitize_generation_data,128,4,0.781,NA
130,62,scrabble-score,tourney,FALSE,20,elitize_generation_data,129,6,0.797,NA
131,62,scrabble-score,tourney,FALSE,20,elitize_generation_data,130,7,0.773,NA
132,62,scrabble-score,tourney,FALSE,20,elitize_generation_data,131,8,0.797,NA
133,62,scrabble-score,tourney,FALSE,20,elitize_generation_data,132,7,0.783,NA
134,62,scrabble-score,tourney,FALSE,20,elitize_generation_data,133,7,0.784,NA
135,62,scrabble-score,tourney,FALSE,20,elitize_generation_data,134,9,0.775,NA
136,62,scrabble-score,tourney,FALSE,20,elitize_generation_data,135,4,0.803,NA
137,62,scrabble-score,tourney,FALSE,20,elitize_generation_data,136,6,0.781,NA
138,62,scrabble-score,tourney,FALSE,20,elitize_generation_data,137,9,0.797,NA
139,62,scrabble-score,tourney,FALSE,20,elitize_generation_data,138,5,0.789,NA
140,62,scrabble-score,tourney,FALSE,20,elitize_generation_data,139,8,0.804,NA
141,62,scrabble-score,tourney,FALSE,20,elitize_generation_data,140,7,0.797,NA
142,62,scrabble-score,tourney,FALSE,20,elitize_generation_data,141,6,0.785,NA
143,62,scrabble-score,tourney,FALSE,20,elitize_generation_data,142,7,0.795,NA
144,62,scrabble-score,tourney,FALSE,20,elitize_generation_data,143,5,0.82,NA
145,62,scrabble-score,tourney,FALSE,20,elitize_generation_data,144,5,0.829,NA
146,62,scrabble-score,tourney,FALSE,20,elitize_generation_data,145,7,0.803,NA
147,62,scrabble-score,tourney,FALSE,20,elitize_generation_data,146,6,0.819,NA
148,62,scrabble-score,tourney,FALSE,20,elitize_generation_data,147,7,0.828,NA
149,62,scrabble-score,tourney,FALSE,20,elitize_generation_data,148,6,0.835,NA
150,62,scrabble-score,tourney,FALSE,20,elitize_generation_data,149,7,0.815,NA
151,62,scrabble-score,tourney,FALSE,20,elitize_generation_data,150,6,0.8,NA
152,62,scrabble-score,tourney,FALSE,20,elitize_generation_data,151,8,0.809,NA
153,62,scrabble-score,tourney,FALSE,20,elitize_generation_data,152,7,0.812,NA
154,62,scrabble-score,tourney,FALSE,20,elitize_generation_data,153,7,0.804,NA
155,62,scrabble-score,tourney,FALSE,20,elitize_generation_data,154,6,0.797,NA
156,62,scrabble-score,tourney,FALSE,20,elitize_generation_data,155,7,0.806,NA
157,62,scrabble-score,tourney,FALSE,20,elitize_generation_data,156,10,0.801,NA
158,62,scrabble-score,tourney,FALSE,20,elitize_generation_data,157,10,0.824,NA
159,62,scrabble-score,tourney,FALSE,20,elitize_generation_data,158,7,0.818,NA
160,62,scrabble-score,tourney,FALSE,20,elitize_generation_data,159,6,0.84,NA
161,62,scrabble-score,tourney,FALSE,20,elitize_generation_data,160,8,0.823,NA
162,62,scrabble-score,tourney,FALSE,20,elitize_generation_data,161,6,0.802,NA
163,62,scrabble-score,tourney,FALSE,20,elitize_generation_data,162,4,0.799,NA
164,62,scrabble-score,tourney,FALSE,20,elitize_generation_data,163,6,0.82,NA
165,62,scrabble-score,tourney,FALSE,20,elitize_generation_data,164,6,0.847,NA
166,62,scrabble-score,tourney,FALSE,20,elitize_generation_data,165,8,0.819,NA
167,62,scrabble-score,tourney,FALSE,20,elitize_generation_data,166,7,0.834,NA
168,62,scrabble-score,tourney,FALSE,20,elitize_generation_data,167,6,0.837,NA
169,62,scrabble-score,tourney,FALSE,20,elitize_generation_data,168,9,0.825,NA
170,62,scrabble-score,tourney,FALSE,20,elitize_generation_data,169,6,0.845,NA
171,62,scrabble-score,tourney,FALSE,20,elitize_generation_data,170,8,0.859,NA
172,62,scrabble-score,tourney,FALSE,20,elitize_generation_data,171,10,0.845,NA
173,62,scrabble-score,tourney,FALSE,20,elitize_generation_data,172,11,0.808,NA
174,62,scrabble-score,tourney,FALSE,20,elitize_generation_data,173,7,0.793,NA
175,62,scrabble-score,tourney,FALSE,20,elitize_generation_data,174,8,0.799,NA
176,62,scrabble-score,tourney,FALSE,20,elitize_generation_data,175,7,0.8,NA
177,62,scrabble-score,tourney,FALSE,20,elitize_generation_data,176,10,0.803,NA
178,62,scrabble-score,tourney,FALSE,20,elitize_generation_data,177,9,0.791,NA
179,62,scrabble-score,tourney,FALSE,20,elitize_generation_data,178,9,0.802,NA
180,62,scrabble-score,tourney,FALSE,20,elitize_generation_data,179,8,0.809,NA
181,62,scrabble-score,tourney,FALSE,20,elitize_generation_data,180,6,0.832,NA
182,62,scrabble-score,tourney,FALSE,20,elitize_generation_data,181,8,0.81,NA
183,62,scrabble-score,tourney,FALSE,20,elitize_generation_data,182,9,0.809,NA
184,62,scrabble-score,tourney,FALSE,20,elitize_generation_data,183,7,0.821,NA
185,62,scrabble-score,tourney,FALSE,20,elitize_generation_data,184,10,0.806,NA
186,62,scrabble-score,tourney,FALSE,20,elitize_generation_data,185,7,0.836,NA
187,62,scrabble-score,tourney,FALSE,20,elitize_generation_data,186,5,0.796,NA
188,62,scrabble-score,tourney,FALSE,20,elitize_generation_data,187,7,0.835,NA
189,62,scrabble-score,tourney,FALSE,20,elitize_generation_data,188,9,0.806,NA
190,62,scrabble-score,tourney,FALSE,20,elitize_generation_data,189,8,0.81,NA
191,62,scrabble-score,tourney,FALSE,20,elitize_generation_data,190,10,0.823,NA
192,62,scrabble-score,tourney,FALSE,20,elitize_generation_data,191,9,0.795,NA
193,62,scrabble-score,tourney,FALSE,20,elitize_generation_data,192,7,0.801,NA
194,62,scrabble-score,tourney,FALSE,20,elitize_generation_data,193,10,0.794,NA
195,62,scrabble-score,tourney,FALSE,20,elitize_generation_data,194,10,0.8,NA
196,62,scrabble-score,tourney,FALSE,20,elitize_generation_data,195,5,0.801,NA
197,62,scrabble-score,tourney,FALSE,20,elitize_generation_data,196,10,0.772,NA
198,62,scrabble-score,tourney,FALSE,20,elitize_generation_data,197,8,0.791,NA
199,62,scrabble-score,tourney,FALSE,20,elitize_generation_data,198,12,0.787,NA
200,62,scrabble-score,tourney,FALSE,20,elitize_generation_data,199,8,0.796,NA
201,62,scrabble-score,tourney,FALSE,20,elitize_generation_data,200,6,0.776,NA
202,62,scrabble-score,tourney,FALSE,20,elitize_generation_data,201,12,0.804,NA
203,62,scrabble-score,tourney,FALSE,20,elitize_generation_data,202,10,0.802,NA
204,62,scrabble-score,tourney,FALSE,20,elitize_generation_data,203,6,0.819,NA
205,62,scrabble-score,tourney,FALSE,20,elitize_generation_data,204,6,0.82,NA
206,62,scrabble-score,tourney,FALSE,20,elitize_generation_data,205,7,0.82,NA
207,62,scrabble-score,tourney,FALSE,20,elitize_generation_data,206,8,0.818,NA
208,62,scrabble-score,tourney,FALSE,20,elitize_generation_data,207,9,0.807,NA
209,62,scrabble-score,tourney,FALSE,20,elitize_generation_data,208,8,0.814,NA
210,62,scrabble-score,tourney,FALSE,20,elitize_generation_data,209,10,0.789,NA
211,62,scrabble-score,tourney,FALSE,20,elitize_generation_data,210,7,0.799,NA
212,62,scrabble-score,tourney,FALSE,20,elitize_generation_data,211,9,0.802,NA
213,62,scrabble-score,tourney,FALSE,20,elitize_generation_data,212,9,0.815,NA
214,62,scrabble-score,tourney,FALSE,20,elitize_generation_data,213,11,0.819,NA
215,62,scrabble-score,tourney,FALSE,20,elitize_generation_data,214,11,0.828,NA
216,62,scrabble-score,tourney,FALSE,20,elitize_generation_data,215,7,0.826,NA
217,62,scrabble-score,tourney,FALSE,20,elitize_generation_data,216,8,0.82,NA
218,62,scrabble-score,tourney,FALSE,20,elitize_generation_data,217,10,0.814,NA
219,62,scrabble-score,tourney,FALSE,20,elitize_generation_data,218,8,0.811,NA
220,62,scrabble-score,tourney,FALSE,20,elitize_generation_data,219,6,0.81,NA
221,62,scrabble-score,tourney,FALSE,20,elitize_generation_data,220,8,0.818,NA
222,62,scrabble-score,tourney,FALSE,20,elitize_generation_data,221,6,0.803,NA
223,62,scrabble-score,tourney,FALSE,20,elitize_generation_data,222,7,0.804,NA
224,62,scrabble-score,tourney,FALSE,20,elitize_generation_data,223,13,0.795,NA
225,62,scrabble-score,tourney,FALSE,20,elitize_generation_data,224,5,0.821,NA
226,62,scrabble-score,tourney,FALSE,20,elitize_generation_data,225,8,0.82,NA
227,62,scrabble-score,tourney,FALSE,20,elitize_generation_data,226,12,0.793,NA
228,62,scrabble-score,tourney,FALSE,20,elitize_generation_data,227,10,0.801,NA
229,62,scrabble-score,tourney,FALSE,20,elitize_generation_data,228,8,0.799,NA
230,62,scrabble-score,tourney,FALSE,20,elitize_generation_data,229,7,0.781,NA
231,62,scrabble-score,tourney,FALSE,20,elitize_generation_data,230,7,0.807,NA
232,62,scrabble-score,tourney,FALSE,20,elitize_generation_data,231,7,0.812,NA
233,62,scrabble-score,tourney,FALSE,20,elitize_generation_data,232,9,0.8,NA
234,62,scrabble-score,tourney,FALSE,20,elitize_generation_data,233,8,0.793,NA
235,62,scrabble-score,tourney,FALSE,20,elitize_generation_data,234,7,0.81,NA
236,62,scrabble-score,tourney,FALSE,20,elitize_generation_data,235,6,0.797,NA
237,62,scrabble-score,tourney,FALSE,20,elitize_generation_data,236,10,0.799,NA
238,62,scrabble-score,tourney,FALSE,20,elitize_generation_data,237,6,0.804,NA
239,62,scrabble-score,tourney,FALSE,20,elitize_generation_data,238,10,0.782,NA
240,62,scrabble-score,tourney,FALSE,20,elitize_generation_data,239,9,0.814,NA
241,62,scrabble-score,tourney,FALSE,20,elitize_generation_data,240,6,0.829,NA
242,62,scrabble-score,tourney,FALSE,20,elitize_generation_data,241,9,0.824,NA
243,62,scrabble-score,tourney,FALSE,20,elitize_generation_data,242,8,0.811,NA
244,62,scrabble-score,tourney,FALSE,20,elitize_generation_data,243,8,0.817,NA
245,62,scrabble-score,tourney,FALSE,20,elitize_generation_data,244,7,0.813,NA
246,62,scrabble-score,tourney,FALSE,20,elitize_generation_data,245,5,0.809,NA
247,62,scrabble-score,tourney,FALSE,20,elitize_generation_data,246,5,0.814,NA
248,62,scrabble-score,tourney,FALSE,20,elitize_generation_data,247,10,0.828,NA
249,62,scrabble-score,tourney,FALSE,20,elitize_generation_data,248,6,0.824,NA
250,62,scrabble-score,tourney,FALSE,20,elitize_generation_data,249,9,0.808,NA
251,62,scrabble-score,tourney,FALSE,20,elitize_generation_data,250,8,0.781,NA
252,62,scrabble-score,tourney,FALSE,20,elitize_generation_data,251,9,0.804,NA
253,62,scrabble-score,tourney,FALSE,20,elitize_generation_data,252,8,0.806,NA
254,62,scrabble-score,tourney,FALSE,20,elitize_generation_data,253,6,0.781,NA
255,62,scrabble-score,tourney,FALSE,20,elitize_generation_data,254,6,0.792,NA
256,62,scrabble-score,tourney,FALSE,20,elitize_generation_data,255,9,0.806,NA
257,62,scrabble-score,tourney,FALSE,20,elitize_generation_data,256,8,0.818,NA
258,62,scrabble-score,tourney,FALSE,20,elitize_generation_data,257,7,0.814,NA
259,62,scrabble-score,tourney,FALSE,20,elitize_generation_data,258,6,0.803,NA
260,62,scrabble-score,tourney,FALSE,20,elitize_generation_data,259,7,0.802,NA
261,62,scrabble-score,tourney,FALSE,20,elitize_generation_data,260,7,0.814,NA
262,62,scrabble-score,tourney,FALSE,20,elitize_generation_data,261,7,0.81,NA
263,62,scrabble-score,tourney,FALSE,20,elitize_generation_data,262,8,0.803,NA
264,62,scrabble-score,tourney,FALSE,20,elitize_generation_data,263,7,0.794,NA
265,62,scrabble-score,tourney,FALSE,20,elitize_generation_data,264,6,0.842,NA
266,62,scrabble-score,tourney,FALSE,20,elitize_generation_data,265,7,0.805,NA
267,62,scrabble-score,tourney,FALSE,20,elitize_generation_data,266,7,0.81,NA
268,62,scrabble-score,tourney,FALSE,20,elitize_generation_data,267,11,0.811,NA
269,62,scrabble-score,tourney,FALSE,20,elitize_generation_data,268,8,0.803,NA
270,62,scrabble-score,tourney,FALSE,20,elitize_generation_data,269,8,0.815,NA
271,62,scrabble-score,tourney,FALSE,20,elitize_generation_data,270,5,0.778,NA
272,62,scrabble-score,tourney,FALSE,20,elitize_generation_data,271,7,0.821,NA
273,62,scrabble-score,tourney,FALSE,20,elitize_generation_data,272,5,0.83,NA
274,62,scrabble-score,tourney,FALSE,20,elitize_generation_data,273,8,0.81,NA
275,62,scrabble-score,tourney,FALSE,20,elitize_generation_data,274,9,0.801,NA
276,62,scrabble-score,tourney,FALSE,20,elitize_generation_data,275,9,0.817,NA
277,62,scrabble-score,tourney,FALSE,20,elitize_generation_data,276,6,0.798,NA
278,62,scrabble-score,tourney,FALSE,20,elitize_generation_data,277,9,0.773,NA
279,62,scrabble-score,tourney,FALSE,20,elitize_generation_data,278,8,0.793,NA
280,62,scrabble-score,tourney,FALSE,20,elitize_generation_data,279,7,0.806,NA
281,62,scrabble-score,tourney,FALSE,20,elitize_generation_data,280,5,0.803,NA
282,62,scrabble-score,tourney,FALSE,20,elitize_generation_data,281,6,0.806,NA
283,62,scrabble-score,tourney,FALSE,20,elitize_generation_data,282,12,0.814,NA
284,62,scrabble-score,tourney,FALSE,20,elitize_generation_data,283,8,0.81,NA
285,62,scrabble-score,tourney,FALSE,20,elitize_generation_data,284,8,0.802,NA
286,62,scrabble-score,tourney,FALSE,20,elitize_generation_data,285,9,0.804,NA
287,62,scrabble-score,tourney,FALSE,20,elitize_generation_data,286,4,0.809,NA
288,62,scrabble-score,tourney,FALSE,20,elitize_generation_data,287,7,0.798,NA
289,62,scrabble-score,tourney,FALSE,20,elitize_generation_data,288,6,0.781,NA
290,62,scrabble-score,tourney,FALSE,20,elitize_generation_data,289,8,0.792,NA
291,62,scrabble-score,tourney,FALSE,20,elitize_generation_data,290,10,0.784,NA
292,62,scrabble-score,tourney,FALSE,20,elitize_generation_data,291,7,0.787,NA
293,62,scrabble-score,tourney,FALSE,20,elitize_generation_data,292,8,0.802,NA
294,62,scrabble-score,tourney,FALSE,20,elitize_generation_data,293,7,0.825,NA
295,62,scrabble-score,tourney,FALSE,20,elitize_generation_data,294,6,0.826,NA
296,62,scrabble-score,tourney,FALSE,20,elitize_generation_data,295,8,0.836,NA
297,62,scrabble-score,tourney,FALSE,20,elitize_generation_data,296,5,0.812,NA
298,62,scrabble-score,tourney,FALSE,20,elitize_generation_data,297,11,0.81,NA
299,62,scrabble-score,tourney,FALSE,20,elitize_generation_data,298,7,0.836,NA
300,62,scrabble-score,tourney,FALSE,20,elitize_generation_data,299,6,0.836,NA
301,62,scrabble-score,tourney,FALSE,20,elitize_generation_data,300,9,0.849,NA
