,run.num,problem,treatment,succeeded,height,normalization.function,generation,cluster.count,error.diversity,success.generation
1,28,scrabble-score,tourney,FALSE,20,elitize_generation_data,0,6,0.114,NA
2,28,scrabble-score,tourney,FALSE,20,elitize_generation_data,1,3,0.117,NA
3,28,scrabble-score,tourney,FALSE,20,elitize_generation_data,2,2,0.124,NA
4,28,scrabble-score,tourney,FALSE,20,elitize_generation_data,3,1,0.133,NA
5,28,scrabble-score,tourney,FALSE,20,elitize_generation_data,4,2,0.13,NA
6,28,scrabble-score,tourney,FALSE,20,elitize_generation_data,5,8,0.151,NA
7,28,scrabble-score,tourney,FALSE,20,elitize_generation_data,6,10,0.184,NA
8,28,scrabble-score,tourney,FALSE,20,elitize_generation_data,7,3,0.249,NA
9,28,scrabble-score,tourney,FALSE,20,elitize_generation_data,8,4,0.19,NA
10,28,scrabble-score,tourney,FALSE,20,elitize_generation_data,9,7,0.194,NA
11,28,scrabble-score,tourney,FALSE,20,elitize_generation_data,10,6,0.222,NA
12,28,scrabble-score,tourney,FALSE,20,elitize_generation_data,11,6,0.275,NA
13,28,scrabble-score,tourney,FALSE,20,elitize_generation_data,12,7,0.334,NA
14,28,scrabble-score,tourney,FALSE,20,elitize_generation_data,13,4,0.433,NA
15,28,scrabble-score,tourney,FALSE,20,elitize_generation_data,14,4,0.489,NA
16,28,scrabble-score,tourney,FALSE,20,elitize_generation_data,15,7,0.49,NA
17,28,scrabble-score,tourney,FALSE,20,elitize_generation_data,16,7,0.505,NA
18,28,scrabble-score,tourney,FALSE,20,elitize_generation_data,17,6,0.535,NA
19,28,scrabble-score,tourney,FALSE,20,elitize_generation_data,18,5,0.572,NA
20,28,scrabble-score,tourney,FALSE,20,elitize_generation_data,19,4,0.596,NA
21,28,scrabble-score,tourney,FALSE,20,elitize_generation_data,20,6,0.61,NA
22,28,scrabble-score,tourney,FALSE,20,elitize_generation_data,21,5,0.608,NA
23,28,scrabble-score,tourney,FALSE,20,elitize_generation_data,22,2,0.624,NA
24,28,scrabble-score,tourney,FALSE,20,elitize_generation_data,23,4,0.618,NA
25,28,scrabble-score,tourney,FALSE,20,elitize_generation_data,24,3,0.646,NA
26,28,scrabble-score,tourney,FALSE,20,elitize_generation_data,25,3,0.66,NA
27,28,scrabble-score,tourney,FALSE,20,elitize_generation_data,26,4,0.652,NA
28,28,scrabble-score,tourney,FALSE,20,elitize_generation_data,27,7,0.679,NA
29,28,scrabble-score,tourney,FALSE,20,elitize_generation_data,28,4,0.652,NA
30,28,scrabble-score,tourney,FALSE,20,elitize_generation_data,29,2,0.651,NA
31,28,scrabble-score,tourney,FALSE,20,elitize_generation_data,30,6,0.641,NA
32,28,scrabble-score,tourney,FALSE,20,elitize_generation_data,31,5,0.66,NA
33,28,scrabble-score,tourney,FALSE,20,elitize_generation_data,32,3,0.651,NA
34,28,scrabble-score,tourney,FALSE,20,elitize_generation_data,33,7,0.689,NA
35,28,scrabble-score,tourney,FALSE,20,elitize_generation_data,34,8,0.677,NA
36,28,scrabble-score,tourney,FALSE,20,elitize_generation_data,35,8,0.695,NA
37,28,scrabble-score,tourney,FALSE,20,elitize_generation_data,36,7,0.712,NA
38,28,scrabble-score,tourney,FALSE,20,elitize_generation_data,37,9,0.693,NA
39,28,scrabble-score,tourney,FALSE,20,elitize_generation_data,38,7,0.664,NA
40,28,scrabble-score,tourney,FALSE,20,elitize_generation_data,39,8,0.66,NA
41,28,scrabble-score,tourney,FALSE,20,elitize_generation_data,40,5,0.658,NA
42,28,scrabble-score,tourney,FALSE,20,elitize_generation_data,41,6,0.644,NA
43,28,scrabble-score,tourney,FALSE,20,elitize_generation_data,42,10,0.667,NA
44,28,scrabble-score,tourney,FALSE,20,elitize_generation_data,43,8,0.687,NA
45,28,scrabble-score,tourney,FALSE,20,elitize_generation_data,44,6,0.693,NA
46,28,scrabble-score,tourney,FALSE,20,elitize_generation_data,45,11,0.693,NA
47,28,scrabble-score,tourney,FALSE,20,elitize_generation_data,46,9,0.709,NA
48,28,scrabble-score,tourney,FALSE,20,elitize_generation_data,47,5,0.722,NA
49,28,scrabble-score,tourney,FALSE,20,elitize_generation_data,48,8,0.727,NA
50,28,scrabble-score,tourney,FALSE,20,elitize_generation_data,49,8,0.722,NA
51,28,scrabble-score,tourney,FALSE,20,elitize_generation_data,50,6,0.726,NA
52,28,scrabble-score,tourney,FALSE,20,elitize_generation_data,51,8,0.731,NA
53,28,scrabble-score,tourney,FALSE,20,elitize_generation_data,52,7,0.752,NA
54,28,scrabble-score,tourney,FALSE,20,elitize_generation_data,53,6,0.744,NA
55,28,scrabble-score,tourney,FALSE,20,elitize_generation_data,54,5,0.757,NA
56,28,scrabble-score,tourney,FALSE,20,elitize_generation_data,55,7,0.75,NA
57,28,scrabble-score,tourney,FALSE,20,elitize_generation_data,56,7,0.754,NA
58,28,scrabble-score,tourney,FALSE,20,elitize_generation_data,57,5,0.738,NA
59,28,scrabble-score,tourney,FALSE,20,elitize_generation_data,58,7,0.722,NA
60,28,scrabble-score,tourney,FALSE,20,elitize_generation_data,59,5,0.721,NA
61,28,scrabble-score,tourney,FALSE,20,elitize_generation_data,60,7,0.744,NA
62,28,scrabble-score,tourney,FALSE,20,elitize_generation_data,61,7,0.748,NA
63,28,scrabble-score,tourney,FALSE,20,elitize_generation_data,62,9,0.708,NA
64,28,scrabble-score,tourney,FALSE,20,elitize_generation_data,63,5,0.684,NA
65,28,scrabble-score,tourney,FALSE,20,elitize_generation_data,64,8,0.724,NA
66,28,scrabble-score,tourney,FALSE,20,elitize_generation_data,65,8,0.701,NA
67,28,scrabble-score,tourney,FALSE,20,elitize_generation_data,66,7,0.705,NA
68,28,scrabble-score,tourney,FALSE,20,elitize_generation_data,67,8,0.699,NA
69,28,scrabble-score,tourney,FALSE,20,elitize_generation_data,68,9,0.71,NA
70,28,scrabble-score,tourney,FALSE,20,elitize_generation_data,69,8,0.698,NA
71,28,scrabble-score,tourney,FALSE,20,elitize_generation_data,70,9,0.696,NA
72,28,scrabble-score,tourney,FALSE,20,elitize_generation_data,71,8,0.703,NA
73,28,scrabble-score,tourney,FALSE,20,elitize_generation_data,72,7,0.692,NA
74,28,scrabble-score,tourney,FALSE,20,elitize_generation_data,73,10,0.708,NA
75,28,scrabble-score,tourney,FALSE,20,elitize_generation_data,74,8,0.697,NA
76,28,scrabble-score,tourney,FALSE,20,elitize_generation_data,75,13,0.691,NA
77,28,scrabble-score,tourney,FALSE,20,elitize_generation_data,76,8,0.696,NA
78,28,scrabble-score,tourney,FALSE,20,elitize_generation_data,77,7,0.669,NA
79,28,scrabble-score,tourney,FALSE,20,elitize_generation_data,78,8,0.674,NA
80,28,scrabble-score,tourney,FALSE,20,elitize_generation_data,79,6,0.651,NA
81,28,scrabble-score,tourney,FALSE,20,elitize_generation_data,80,9,0.677,NA
82,28,scrabble-score,tourney,FALSE,20,elitize_generation_data,81,10,0.704,NA
83,28,scrabble-score,tourney,FALSE,20,elitize_generation_data,82,6,0.682,NA
84,28,scrabble-score,tourney,FALSE,20,elitize_generation_data,83,7,0.661,NA
85,28,scrabble-score,tourney,FALSE,20,elitize_generation_data,84,8,0.684,NA
86,28,scrabble-score,tourney,FALSE,20,elitize_generation_data,85,7,0.674,NA
87,28,scrabble-score,tourney,FALSE,20,elitize_generation_data,86,5,0.645,NA
88,28,scrabble-score,tourney,FALSE,20,elitize_generation_data,87,7,0.665,NA
89,28,scrabble-score,tourney,FALSE,20,elitize_generation_data,88,10,0.653,NA
90,28,scrabble-score,tourney,FALSE,20,elitize_generation_data,89,8,0.663,NA
91,28,scrabble-score,tourney,FALSE,20,elitize_generation_data,90,6,0.68,NA
92,28,scrabble-score,tourney,FALSE,20,elitize_generation_data,91,6,0.662,NA
93,28,scrabble-score,tourney,FALSE,20,elitize_generation_data,92,6,0.665,NA
94,28,scrabble-score,tourney,FALSE,20,elitize_generation_data,93,7,0.693,NA
95,28,scrabble-score,tourney,FALSE,20,elitize_generation_data,94,6,0.678,NA
96,28,scrabble-score,tourney,FALSE,20,elitize_generation_data,95,6,0.679,NA
97,28,scrabble-score,tourney,FALSE,20,elitize_generation_data,96,8,0.678,NA
98,28,scrabble-score,tourney,FALSE,20,elitize_generation_data,97,7,0.69,NA
99,28,scrabble-score,tourney,FALSE,20,elitize_generation_data,98,6,0.662,NA
100,28,scrabble-score,tourney,FALSE,20,elitize_generation_data,99,7,0.691,NA
101,28,scrabble-score,tourney,FALSE,20,elitize_generation_data,100,6,0.718,NA
102,28,scrabble-score,tourney,FALSE,20,elitize_generation_data,101,7,0.713,NA
103,28,scrabble-score,tourney,FALSE,20,elitize_generation_data,102,6,0.736,NA
104,28,scrabble-score,tourney,FALSE,20,elitize_generation_data,103,9,0.716,NA
105,28,scrabble-score,tourney,FALSE,20,elitize_generation_data,104,7,0.722,NA
106,28,scrabble-score,tourney,FALSE,20,elitize_generation_data,105,9,0.744,NA
107,28,scrabble-score,tourney,FALSE,20,elitize_generation_data,106,8,0.752,NA
108,28,scrabble-score,tourney,FALSE,20,elitize_generation_data,107,7,0.735,NA
109,28,scrabble-score,tourney,FALSE,20,elitize_generation_data,108,9,0.745,NA
110,28,scrabble-score,tourney,FALSE,20,elitize_generation_data,109,10,0.736,NA
111,28,scrabble-score,tourney,FALSE,20,elitize_generation_data,110,7,0.709,NA
112,28,scrabble-score,tourney,FALSE,20,elitize_generation_data,111,10,0.691,NA
113,28,scrabble-score,tourney,FALSE,20,elitize_generation_data,112,12,0.71,NA
114,28,scrabble-score,tourney,FALSE,20,elitize_generation_data,113,9,0.69,NA
115,28,scrabble-score,tourney,FALSE,20,elitize_generation_data,114,9,0.713,NA
116,28,scrabble-score,tourney,FALSE,20,elitize_generation_data,115,9,0.7,NA
117,28,scrabble-score,tourney,FALSE,20,elitize_generation_data,116,8,0.707,NA
118,28,scrabble-score,tourney,FALSE,20,elitize_generation_data,117,10,0.704,NA
119,28,scrabble-score,tourney,FALSE,20,elitize_generation_data,118,10,0.727,NA
120,28,scrabble-score,tourney,FALSE,20,elitize_generation_data,119,7,0.714,NA
121,28,scrabble-score,tourney,FALSE,20,elitize_generation_data,120,7,0.707,NA
122,28,scrabble-score,tourney,FALSE,20,elitize_generation_data,121,10,0.707,NA
123,28,scrabble-score,tourney,FALSE,20,elitize_generation_data,122,10,0.672,NA
124,28,scrabble-score,tourney,FALSE,20,elitize_generation_data,123,10,0.688,NA
125,28,scrabble-score,tourney,FALSE,20,elitize_generation_data,124,8,0.702,NA
126,28,scrabble-score,tourney,FALSE,20,elitize_generation_data,125,7,0.679,NA
127,28,scrabble-score,tourney,FALSE,20,elitize_generation_data,126,8,0.66,NA
128,28,scrabble-score,tourney,FALSE,20,elitize_generation_data,127,6,0.666,NA
129,28,scrabble-score,tourney,FALSE,20,elitize_generation_data,128,8,0.668,NA
130,28,scrabble-score,tourney,FALSE,20,elitize_generation_data,129,7,0.696,NA
131,28,scrabble-score,tourney,FALSE,20,elitize_generation_data,130,6,0.692,NA
132,28,scrabble-score,tourney,FALSE,20,elitize_generation_data,131,9,0.704,NA
133,28,scrabble-score,tourney,FALSE,20,elitize_generation_data,132,11,0.679,NA
134,28,scrabble-score,tourney,FALSE,20,elitize_generation_data,133,9,0.694,NA
135,28,scrabble-score,tourney,FALSE,20,elitize_generation_data,134,9,0.704,NA
136,28,scrabble-score,tourney,FALSE,20,elitize_generation_data,135,7,0.694,NA
137,28,scrabble-score,tourney,FALSE,20,elitize_generation_data,136,7,0.698,NA
138,28,scrabble-score,tourney,FALSE,20,elitize_generation_data,137,8,0.707,NA
139,28,scrabble-score,tourney,FALSE,20,elitize_generation_data,138,8,0.731,NA
140,28,scrabble-score,tourney,FALSE,20,elitize_generation_data,139,8,0.719,NA
141,28,scrabble-score,tourney,FALSE,20,elitize_generation_data,140,7,0.718,NA
142,28,scrabble-score,tourney,FALSE,20,elitize_generation_data,141,8,0.686,NA
143,28,scrabble-score,tourney,FALSE,20,elitize_generation_data,142,6,0.699,NA
144,28,scrabble-score,tourney,FALSE,20,elitize_generation_data,143,9,0.702,NA
145,28,scrabble-score,tourney,FALSE,20,elitize_generation_data,144,6,0.703,NA
146,28,scrabble-score,tourney,FALSE,20,elitize_generation_data,145,7,0.712,NA
147,28,scrabble-score,tourney,FALSE,20,elitize_generation_data,146,8,0.709,NA
148,28,scrabble-score,tourney,FALSE,20,elitize_generation_data,147,8,0.722,NA
149,28,scrabble-score,tourney,FALSE,20,elitize_generation_data,148,9,0.716,NA
150,28,scrabble-score,tourney,FALSE,20,elitize_generation_data,149,7,0.718,NA
151,28,scrabble-score,tourney,FALSE,20,elitize_generation_data,150,10,0.722,NA
152,28,scrabble-score,tourney,FALSE,20,elitize_generation_data,151,7,0.754,NA
153,28,scrabble-score,tourney,FALSE,20,elitize_generation_data,152,7,0.748,NA
154,28,scrabble-score,tourney,FALSE,20,elitize_generation_data,153,7,0.698,NA
155,28,scrabble-score,tourney,FALSE,20,elitize_generation_data,154,7,0.713,NA
156,28,scrabble-score,tourney,FALSE,20,elitize_generation_data,155,6,0.732,NA
157,28,scrabble-score,tourney,FALSE,20,elitize_generation_data,156,8,0.705,NA
158,28,scrabble-score,tourney,FALSE,20,elitize_generation_data,157,6,0.734,NA
159,28,scrabble-score,tourney,FALSE,20,elitize_generation_data,158,7,0.773,NA
160,28,scrabble-score,tourney,FALSE,20,elitize_generation_data,159,5,0.727,NA
161,28,scrabble-score,tourney,FALSE,20,elitize_generation_data,160,10,0.755,NA
162,28,scrabble-score,tourney,FALSE,20,elitize_generation_data,161,7,0.751,NA
163,28,scrabble-score,tourney,FALSE,20,elitize_generation_data,162,9,0.759,NA
164,28,scrabble-score,tourney,FALSE,20,elitize_generation_data,163,7,0.742,NA
165,28,scrabble-score,tourney,FALSE,20,elitize_generation_data,164,8,0.733,NA
166,28,scrabble-score,tourney,FALSE,20,elitize_generation_data,165,6,0.761,NA
167,28,scrabble-score,tourney,FALSE,20,elitize_generation_data,166,6,0.735,NA
168,28,scrabble-score,tourney,FALSE,20,elitize_generation_data,167,4,0.759,NA
169,28,scrabble-score,tourney,FALSE,20,elitize_generation_data,168,4,0.736,NA
170,28,scrabble-score,tourney,FALSE,20,elitize_generation_data,169,5,0.74,NA
171,28,scrabble-score,tourney,FALSE,20,elitize_generation_data,170,6,0.738,NA
172,28,scrabble-score,tourney,FALSE,20,elitize_generation_data,171,10,0.744,NA
173,28,scrabble-score,tourney,FALSE,20,elitize_generation_data,172,8,0.738,NA
174,28,scrabble-score,tourney,FALSE,20,elitize_generation_data,173,6,0.726,NA
175,28,scrabble-score,tourney,FALSE,20,elitize_generation_data,174,6,0.732,NA
176,28,scrabble-score,tourney,FALSE,20,elitize_generation_data,175,8,0.738,NA
177,28,scrabble-score,tourney,FALSE,20,elitize_generation_data,176,7,0.713,NA
178,28,scrabble-score,tourney,FALSE,20,elitize_generation_data,177,6,0.737,NA
179,28,scrabble-score,tourney,FALSE,20,elitize_generation_data,178,8,0.714,NA
180,28,scrabble-score,tourney,FALSE,20,elitize_generation_data,179,6,0.687,NA
181,28,scrabble-score,tourney,FALSE,20,elitize_generation_data,180,6,0.71,NA
182,28,scrabble-score,tourney,FALSE,20,elitize_generation_data,181,6,0.711,NA
183,28,scrabble-score,tourney,FALSE,20,elitize_generation_data,182,8,0.738,NA
184,28,scrabble-score,tourney,FALSE,20,elitize_generation_data,183,8,0.727,NA
185,28,scrabble-score,tourney,FALSE,20,elitize_generation_data,184,6,0.696,NA
186,28,scrabble-score,tourney,FALSE,20,elitize_generation_data,185,9,0.727,NA
187,28,scrabble-score,tourney,FALSE,20,elitize_generation_data,186,5,0.721,NA
188,28,scrabble-score,tourney,FALSE,20,elitize_generation_data,187,10,0.715,NA
189,28,scrabble-score,tourney,FALSE,20,elitize_generation_data,188,6,0.715,NA
190,28,scrabble-score,tourney,FALSE,20,elitize_generation_data,189,8,0.727,NA
191,28,scrabble-score,tourney,FALSE,20,elitize_generation_data,190,8,0.715,NA
192,28,scrabble-score,tourney,FALSE,20,elitize_generation_data,191,8,0.714,NA
193,28,scrabble-score,tourney,FALSE,20,elitize_generation_data,192,7,0.733,NA
194,28,scrabble-score,tourney,FALSE,20,elitize_generation_data,193,8,0.73,NA
195,28,scrabble-score,tourney,FALSE,20,elitize_generation_data,194,10,0.714,NA
196,28,scrabble-score,tourney,FALSE,20,elitize_generation_data,195,5,0.706,NA
197,28,scrabble-score,tourney,FALSE,20,elitize_generation_data,196,6,0.715,NA
198,28,scrabble-score,tourney,FALSE,20,elitize_generation_data,197,9,0.729,NA
199,28,scrabble-score,tourney,FALSE,20,elitize_generation_data,198,6,0.737,NA
200,28,scrabble-score,tourney,FALSE,20,elitize_generation_data,199,6,0.732,NA
201,28,scrabble-score,tourney,FALSE,20,elitize_generation_data,200,8,0.717,NA
202,28,scrabble-score,tourney,FALSE,20,elitize_generation_data,201,6,0.755,NA
203,28,scrabble-score,tourney,FALSE,20,elitize_generation_data,202,7,0.709,NA
204,28,scrabble-score,tourney,FALSE,20,elitize_generation_data,203,9,0.733,NA
205,28,scrabble-score,tourney,FALSE,20,elitize_generation_data,204,7,0.731,NA
206,28,scrabble-score,tourney,FALSE,20,elitize_generation_data,205,8,0.727,NA
207,28,scrabble-score,tourney,FALSE,20,elitize_generation_data,206,8,0.726,NA
208,28,scrabble-score,tourney,FALSE,20,elitize_generation_data,207,8,0.721,NA
209,28,scrabble-score,tourney,FALSE,20,elitize_generation_data,208,8,0.734,NA
210,28,scrabble-score,tourney,FALSE,20,elitize_generation_data,209,8,0.751,NA
211,28,scrabble-score,tourney,FALSE,20,elitize_generation_data,210,7,0.729,NA
212,28,scrabble-score,tourney,FALSE,20,elitize_generation_data,211,7,0.718,NA
213,28,scrabble-score,tourney,FALSE,20,elitize_generation_data,212,9,0.7,NA
214,28,scrabble-score,tourney,FALSE,20,elitize_generation_data,213,8,0.714,NA
215,28,scrabble-score,tourney,FALSE,20,elitize_generation_data,214,8,0.715,NA
216,28,scrabble-score,tourney,FALSE,20,elitize_generation_data,215,9,0.692,NA
217,28,scrabble-score,tourney,FALSE,20,elitize_generation_data,216,7,0.717,NA
218,28,scrabble-score,tourney,FALSE,20,elitize_generation_data,217,8,0.684,NA
219,28,scrabble-score,tourney,FALSE,20,elitize_generation_data,218,10,0.71,NA
220,28,scrabble-score,tourney,FALSE,20,elitize_generation_data,219,6,0.668,NA
221,28,scrabble-score,tourney,FALSE,20,elitize_generation_data,220,8,0.695,NA
222,28,scrabble-score,tourney,FALSE,20,elitize_generation_data,221,7,0.71,NA
223,28,scrabble-score,tourney,FALSE,20,elitize_generation_data,222,10,0.682,NA
224,28,scrabble-score,tourney,FALSE,20,elitize_generation_data,223,8,0.686,NA
225,28,scrabble-score,tourney,FALSE,20,elitize_generation_data,224,10,0.702,NA
226,28,scrabble-score,tourney,FALSE,20,elitize_generation_data,225,8,0.703,NA
227,28,scrabble-score,tourney,FALSE,20,elitize_generation_data,226,8,0.697,NA
228,28,scrabble-score,tourney,FALSE,20,elitize_generation_data,227,7,0.757,NA
229,28,scrabble-score,tourney,FALSE,20,elitize_generation_data,228,11,0.694,NA
230,28,scrabble-score,tourney,FALSE,20,elitize_generation_data,229,7,0.697,NA
231,28,scrabble-score,tourney,FALSE,20,elitize_generation_data,230,7,0.711,NA
232,28,scrabble-score,tourney,FALSE,20,elitize_generation_data,231,9,0.717,NA
233,28,scrabble-score,tourney,FALSE,20,elitize_generation_data,232,9,0.694,NA
234,28,scrabble-score,tourney,FALSE,20,elitize_generation_data,233,9,0.691,NA
235,28,scrabble-score,tourney,FALSE,20,elitize_generation_data,234,8,0.675,NA
236,28,scrabble-score,tourney,FALSE,20,elitize_generation_data,235,9,0.658,NA
237,28,scrabble-score,tourney,FALSE,20,elitize_generation_data,236,9,0.675,NA
238,28,scrabble-score,tourney,FALSE,20,elitize_generation_data,237,8,0.663,NA
239,28,scrabble-score,tourney,FALSE,20,elitize_generation_data,238,11,0.682,NA
240,28,scrabble-score,tourney,FALSE,20,elitize_generation_data,239,6,0.69,NA
241,28,scrabble-score,tourney,FALSE,20,elitize_generation_data,240,7,0.719,NA
242,28,scrabble-score,tourney,FALSE,20,elitize_generation_data,241,7,0.718,NA
243,28,scrabble-score,tourney,FALSE,20,elitize_generation_data,242,6,0.693,NA
244,28,scrabble-score,tourney,FALSE,20,elitize_generation_data,243,9,0.708,NA
245,28,scrabble-score,tourney,FALSE,20,elitize_generation_data,244,10,0.706,NA
246,28,scrabble-score,tourney,FALSE,20,elitize_generation_data,245,8,0.718,NA
247,28,scrabble-score,tourney,FALSE,20,elitize_generation_data,246,9,0.744,NA
248,28,scrabble-score,tourney,FALSE,20,elitize_generation_data,247,10,0.725,NA
249,28,scrabble-score,tourney,FALSE,20,elitize_generation_data,248,8,0.728,NA
250,28,scrabble-score,tourney,FALSE,20,elitize_generation_data,249,9,0.733,NA
251,28,scrabble-score,tourney,FALSE,20,elitize_generation_data,250,8,0.735,NA
252,28,scrabble-score,tourney,FALSE,20,elitize_generation_data,251,10,0.749,NA
253,28,scrabble-score,tourney,FALSE,20,elitize_generation_data,252,12,0.769,NA
254,28,scrabble-score,tourney,FALSE,20,elitize_generation_data,253,7,0.782,NA
255,28,scrabble-score,tourney,FALSE,20,elitize_generation_data,254,7,0.764,NA
256,28,scrabble-score,tourney,FALSE,20,elitize_generation_data,255,7,0.76,NA
257,28,scrabble-score,tourney,FALSE,20,elitize_generation_data,256,6,0.786,NA
258,28,scrabble-score,tourney,FALSE,20,elitize_generation_data,257,9,0.755,NA
259,28,scrabble-score,tourney,FALSE,20,elitize_generation_data,258,9,0.773,NA
260,28,scrabble-score,tourney,FALSE,20,elitize_generation_data,259,11,0.777,NA
261,28,scrabble-score,tourney,FALSE,20,elitize_generation_data,260,11,0.804,NA
262,28,scrabble-score,tourney,FALSE,20,elitize_generation_data,261,11,0.79,NA
263,28,scrabble-score,tourney,FALSE,20,elitize_generation_data,262,11,0.798,NA
264,28,scrabble-score,tourney,FALSE,20,elitize_generation_data,263,10,0.811,NA
265,28,scrabble-score,tourney,FALSE,20,elitize_generation_data,264,11,0.794,NA
266,28,scrabble-score,tourney,FALSE,20,elitize_generation_data,265,8,0.78,NA
267,28,scrabble-score,tourney,FALSE,20,elitize_generation_data,266,10,0.79,NA
268,28,scrabble-score,tourney,FALSE,20,elitize_generation_data,267,9,0.768,NA
269,28,scrabble-score,tourney,FALSE,20,elitize_generation_data,268,11,0.771,NA
270,28,scrabble-score,tourney,FALSE,20,elitize_generation_data,269,10,0.799,NA
271,28,scrabble-score,tourney,FALSE,20,elitize_generation_data,270,8,0.806,NA
272,28,scrabble-score,tourney,FALSE,20,elitize_generation_data,271,10,0.814,NA
273,28,scrabble-score,tourney,FALSE,20,elitize_generation_data,272,11,0.804,NA
274,28,scrabble-score,tourney,FALSE,20,elitize_generation_data,273,11,0.781,NA
275,28,scrabble-score,tourney,FALSE,20,elitize_generation_data,274,10,0.788,NA
276,28,scrabble-score,tourney,FALSE,20,elitize_generation_data,275,8,0.792,NA
277,28,scrabble-score,tourney,FALSE,20,elitize_generation_data,276,13,0.776,NA
278,28,scrabble-score,tourney,FALSE,20,elitize_generation_data,277,9,0.781,NA
279,28,scrabble-score,tourney,FALSE,20,elitize_generation_data,278,10,0.788,NA
280,28,scrabble-score,tourney,FALSE,20,elitize_generation_data,279,7,0.791,NA
281,28,scrabble-score,tourney,FALSE,20,elitize_generation_data,280,9,0.764,NA
282,28,scrabble-score,tourney,FALSE,20,elitize_generation_data,281,12,0.793,NA
283,28,scrabble-score,tourney,FALSE,20,elitize_generation_data,282,10,0.772,NA
284,28,scrabble-score,tourney,FALSE,20,elitize_generation_data,283,9,0.784,NA
285,28,scrabble-score,tourney,FALSE,20,elitize_generation_data,284,9,0.782,NA
286,28,scrabble-score,tourney,FALSE,20,elitize_generation_data,285,9,0.798,NA
287,28,scrabble-score,tourney,FALSE,20,elitize_generation_data,286,9,0.787,NA
288,28,scrabble-score,tourney,FALSE,20,elitize_generation_data,287,12,0.784,NA
289,28,scrabble-score,tourney,FALSE,20,elitize_generation_data,288,9,0.78,NA
290,28,scrabble-score,tourney,FALSE,20,elitize_generation_data,289,10,0.772,NA
291,28,scrabble-score,tourney,FALSE,20,elitize_generation_data,290,9,0.778,NA
292,28,scrabble-score,tourney,FALSE,20,elitize_generation_data,291,10,0.795,NA
293,28,scrabble-score,tourney,FALSE,20,elitize_generation_data,292,12,0.807,NA
294,28,scrabble-score,tourney,FALSE,20,elitize_generation_data,293,7,0.794,NA
295,28,scrabble-score,tourney,FALSE,20,elitize_generation_data,294,10,0.804,NA
296,28,scrabble-score,tourney,FALSE,20,elitize_generation_data,295,11,0.818,NA
297,28,scrabble-score,tourney,FALSE,20,elitize_generation_data,296,10,0.785,NA
298,28,scrabble-score,tourney,FALSE,20,elitize_generation_data,297,9,0.818,NA
299,28,scrabble-score,tourney,FALSE,20,elitize_generation_data,298,13,0.8,NA
300,28,scrabble-score,tourney,FALSE,20,elitize_generation_data,299,11,0.769,NA
301,28,scrabble-score,tourney,FALSE,20,elitize_generation_data,300,13,0.786,NA
