,run.num,problem,treatment,succeeded,height,normalization.function,generation,cluster.count,error.diversity,success.generation
1,75,scrabble-score,tourney,FALSE,20,elitize_generation_data,0,5,0.118,NA
2,75,scrabble-score,tourney,FALSE,20,elitize_generation_data,1,4,0.12,NA
3,75,scrabble-score,tourney,FALSE,20,elitize_generation_data,2,3,0.113,NA
4,75,scrabble-score,tourney,FALSE,20,elitize_generation_data,3,4,0.11,NA
5,75,scrabble-score,tourney,FALSE,20,elitize_generation_data,4,5,0.046,NA
6,75,scrabble-score,tourney,FALSE,20,elitize_generation_data,5,7,0.061,NA
7,75,scrabble-score,tourney,FALSE,20,elitize_generation_data,6,8,0.076,NA
8,75,scrabble-score,tourney,FALSE,20,elitize_generation_data,7,7,0.096,NA
9,75,scrabble-score,tourney,FALSE,20,elitize_generation_data,8,6,0.079,NA
10,75,scrabble-score,tourney,FALSE,20,elitize_generation_data,9,4,0.1,NA
11,75,scrabble-score,tourney,FALSE,20,elitize_generation_data,10,6,0.087,NA
12,75,scrabble-score,tourney,FALSE,20,elitize_generation_data,11,5,0.076,NA
13,75,scrabble-score,tourney,FALSE,20,elitize_generation_data,12,7,0.088,NA
14,75,scrabble-score,tourney,FALSE,20,elitize_generation_data,13,6,0.084,NA
15,75,scrabble-score,tourney,FALSE,20,elitize_generation_data,14,4,0.099,NA
16,75,scrabble-score,tourney,FALSE,20,elitize_generation_data,15,6,0.1,NA
17,75,scrabble-score,tourney,FALSE,20,elitize_generation_data,16,3,0.091,NA
18,75,scrabble-score,tourney,FALSE,20,elitize_generation_data,17,3,0.096,NA
19,75,scrabble-score,tourney,FALSE,20,elitize_generation_data,18,3,0.115,NA
20,75,scrabble-score,tourney,FALSE,20,elitize_generation_data,19,3,0.142,NA
21,75,scrabble-score,tourney,FALSE,20,elitize_generation_data,20,4,0.118,NA
22,75,scrabble-score,tourney,FALSE,20,elitize_generation_data,21,4,0.121,NA
23,75,scrabble-score,tourney,FALSE,20,elitize_generation_data,22,5,0.098,NA
24,75,scrabble-score,tourney,FALSE,20,elitize_generation_data,23,4,0.095,NA
25,75,scrabble-score,tourney,FALSE,20,elitize_generation_data,24,5,0.126,NA
26,75,scrabble-score,tourney,FALSE,20,elitize_generation_data,25,3,0.129,NA
27,75,scrabble-score,tourney,FALSE,20,elitize_generation_data,26,4,0.125,NA
28,75,scrabble-score,tourney,FALSE,20,elitize_generation_data,27,5,0.123,NA
29,75,scrabble-score,tourney,FALSE,20,elitize_generation_data,28,6,0.143,NA
30,75,scrabble-score,tourney,FALSE,20,elitize_generation_data,29,5,0.163,NA
31,75,scrabble-score,tourney,FALSE,20,elitize_generation_data,30,5,0.173,NA
32,75,scrabble-score,tourney,FALSE,20,elitize_generation_data,31,4,0.191,NA
33,75,scrabble-score,tourney,FALSE,20,elitize_generation_data,32,4,0.176,NA
34,75,scrabble-score,tourney,FALSE,20,elitize_generation_data,33,5,0.183,NA
35,75,scrabble-score,tourney,FALSE,20,elitize_generation_data,34,6,0.25,NA
36,75,scrabble-score,tourney,FALSE,20,elitize_generation_data,35,4,0.244,NA
37,75,scrabble-score,tourney,FALSE,20,elitize_generation_data,36,6,0.273,NA
38,75,scrabble-score,tourney,FALSE,20,elitize_generation_data,37,5,0.271,NA
39,75,scrabble-score,tourney,FALSE,20,elitize_generation_data,38,4,0.3,NA
40,75,scrabble-score,tourney,FALSE,20,elitize_generation_data,39,3,0.278,NA
41,75,scrabble-score,tourney,FALSE,20,elitize_generation_data,40,4,0.279,NA
42,75,scrabble-score,tourney,FALSE,20,elitize_generation_data,41,5,0.269,NA
43,75,scrabble-score,tourney,FALSE,20,elitize_generation_data,42,3,0.298,NA
44,75,scrabble-score,tourney,FALSE,20,elitize_generation_data,43,5,0.304,NA
45,75,scrabble-score,tourney,FALSE,20,elitize_generation_data,44,5,0.336,NA
46,75,scrabble-score,tourney,FALSE,20,elitize_generation_data,45,4,0.371,NA
47,75,scrabble-score,tourney,FALSE,20,elitize_generation_data,46,4,0.382,NA
48,75,scrabble-score,tourney,FALSE,20,elitize_generation_data,47,4,0.394,NA
49,75,scrabble-score,tourney,FALSE,20,elitize_generation_data,48,6,0.337,NA
50,75,scrabble-score,tourney,FALSE,20,elitize_generation_data,49,5,0.307,NA
51,75,scrabble-score,tourney,FALSE,20,elitize_generation_data,50,5,0.276,NA
52,75,scrabble-score,tourney,FALSE,20,elitize_generation_data,51,6,0.298,NA
53,75,scrabble-score,tourney,FALSE,20,elitize_generation_data,52,6,0.285,NA
54,75,scrabble-score,tourney,FALSE,20,elitize_generation_data,53,6,0.291,NA
55,75,scrabble-score,tourney,FALSE,20,elitize_generation_data,54,4,0.333,NA
56,75,scrabble-score,tourney,FALSE,20,elitize_generation_data,55,5,0.361,NA
57,75,scrabble-score,tourney,FALSE,20,elitize_generation_data,56,5,0.376,NA
58,75,scrabble-score,tourney,FALSE,20,elitize_generation_data,57,4,0.368,NA
59,75,scrabble-score,tourney,FALSE,20,elitize_generation_data,58,5,0.346,NA
60,75,scrabble-score,tourney,FALSE,20,elitize_generation_data,59,7,0.316,NA
61,75,scrabble-score,tourney,FALSE,20,elitize_generation_data,60,6,0.336,NA
62,75,scrabble-score,tourney,FALSE,20,elitize_generation_data,61,5,0.302,NA
63,75,scrabble-score,tourney,FALSE,20,elitize_generation_data,62,4,0.337,NA
64,75,scrabble-score,tourney,FALSE,20,elitize_generation_data,63,4,0.317,NA
65,75,scrabble-score,tourney,FALSE,20,elitize_generation_data,64,7,0.318,NA
66,75,scrabble-score,tourney,FALSE,20,elitize_generation_data,65,5,0.334,NA
67,75,scrabble-score,tourney,FALSE,20,elitize_generation_data,66,4,0.322,NA
68,75,scrabble-score,tourney,FALSE,20,elitize_generation_data,67,5,0.326,NA
69,75,scrabble-score,tourney,FALSE,20,elitize_generation_data,68,4,0.341,NA
70,75,scrabble-score,tourney,FALSE,20,elitize_generation_data,69,5,0.325,NA
71,75,scrabble-score,tourney,FALSE,20,elitize_generation_data,70,5,0.341,NA
72,75,scrabble-score,tourney,FALSE,20,elitize_generation_data,71,5,0.353,NA
73,75,scrabble-score,tourney,FALSE,20,elitize_generation_data,72,5,0.353,NA
74,75,scrabble-score,tourney,FALSE,20,elitize_generation_data,73,5,0.34,NA
75,75,scrabble-score,tourney,FALSE,20,elitize_generation_data,74,5,0.354,NA
76,75,scrabble-score,tourney,FALSE,20,elitize_generation_data,75,6,0.338,NA
77,75,scrabble-score,tourney,FALSE,20,elitize_generation_data,76,5,0.337,NA
78,75,scrabble-score,tourney,FALSE,20,elitize_generation_data,77,6,0.367,NA
79,75,scrabble-score,tourney,FALSE,20,elitize_generation_data,78,6,0.359,NA
80,75,scrabble-score,tourney,FALSE,20,elitize_generation_data,79,5,0.386,NA
81,75,scrabble-score,tourney,FALSE,20,elitize_generation_data,80,5,0.4,NA
82,75,scrabble-score,tourney,FALSE,20,elitize_generation_data,81,6,0.4,NA
83,75,scrabble-score,tourney,FALSE,20,elitize_generation_data,82,6,0.389,NA
84,75,scrabble-score,tourney,FALSE,20,elitize_generation_data,83,4,0.418,NA
85,75,scrabble-score,tourney,FALSE,20,elitize_generation_data,84,4,0.392,NA
86,75,scrabble-score,tourney,FALSE,20,elitize_generation_data,85,6,0.427,NA
87,75,scrabble-score,tourney,FALSE,20,elitize_generation_data,86,5,0.418,NA
88,75,scrabble-score,tourney,FALSE,20,elitize_generation_data,87,4,0.41,NA
89,75,scrabble-score,tourney,FALSE,20,elitize_generation_data,88,5,0.405,NA
90,75,scrabble-score,tourney,FALSE,20,elitize_generation_data,89,5,0.409,NA
91,75,scrabble-score,tourney,FALSE,20,elitize_generation_data,90,5,0.403,NA
92,75,scrabble-score,tourney,FALSE,20,elitize_generation_data,91,4,0.436,NA
93,75,scrabble-score,tourney,FALSE,20,elitize_generation_data,92,4,0.44,NA
94,75,scrabble-score,tourney,FALSE,20,elitize_generation_data,93,8,0.442,NA
95,75,scrabble-score,tourney,FALSE,20,elitize_generation_data,94,5,0.486,NA
96,75,scrabble-score,tourney,FALSE,20,elitize_generation_data,95,5,0.481,NA
97,75,scrabble-score,tourney,FALSE,20,elitize_generation_data,96,5,0.528,NA
98,75,scrabble-score,tourney,FALSE,20,elitize_generation_data,97,4,0.524,NA
99,75,scrabble-score,tourney,FALSE,20,elitize_generation_data,98,6,0.512,NA
100,75,scrabble-score,tourney,FALSE,20,elitize_generation_data,99,5,0.537,NA
101,75,scrabble-score,tourney,FALSE,20,elitize_generation_data,100,5,0.546,NA
102,75,scrabble-score,tourney,FALSE,20,elitize_generation_data,101,4,0.555,NA
103,75,scrabble-score,tourney,FALSE,20,elitize_generation_data,102,5,0.547,NA
104,75,scrabble-score,tourney,FALSE,20,elitize_generation_data,103,5,0.574,NA
105,75,scrabble-score,tourney,FALSE,20,elitize_generation_data,104,4,0.562,NA
106,75,scrabble-score,tourney,FALSE,20,elitize_generation_data,105,4,0.565,NA
107,75,scrabble-score,tourney,FALSE,20,elitize_generation_data,106,5,0.595,NA
108,75,scrabble-score,tourney,FALSE,20,elitize_generation_data,107,7,0.589,NA
109,75,scrabble-score,tourney,FALSE,20,elitize_generation_data,108,4,0.568,NA
110,75,scrabble-score,tourney,FALSE,20,elitize_generation_data,109,4,0.584,NA
111,75,scrabble-score,tourney,FALSE,20,elitize_generation_data,110,4,0.603,NA
112,75,scrabble-score,tourney,FALSE,20,elitize_generation_data,111,4,0.613,NA
113,75,scrabble-score,tourney,FALSE,20,elitize_generation_data,112,4,0.566,NA
114,75,scrabble-score,tourney,FALSE,20,elitize_generation_data,113,5,0.592,NA
115,75,scrabble-score,tourney,FALSE,20,elitize_generation_data,114,4,0.568,NA
116,75,scrabble-score,tourney,FALSE,20,elitize_generation_data,115,7,0.581,NA
117,75,scrabble-score,tourney,FALSE,20,elitize_generation_data,116,6,0.586,NA
118,75,scrabble-score,tourney,FALSE,20,elitize_generation_data,117,5,0.584,NA
119,75,scrabble-score,tourney,FALSE,20,elitize_generation_data,118,5,0.584,NA
120,75,scrabble-score,tourney,FALSE,20,elitize_generation_data,119,5,0.575,NA
121,75,scrabble-score,tourney,FALSE,20,elitize_generation_data,120,5,0.578,NA
122,75,scrabble-score,tourney,FALSE,20,elitize_generation_data,121,4,0.586,NA
123,75,scrabble-score,tourney,FALSE,20,elitize_generation_data,122,5,0.553,NA
124,75,scrabble-score,tourney,FALSE,20,elitize_generation_data,123,6,0.582,NA
125,75,scrabble-score,tourney,FALSE,20,elitize_generation_data,124,6,0.597,NA
126,75,scrabble-score,tourney,FALSE,20,elitize_generation_data,125,5,0.601,NA
127,75,scrabble-score,tourney,FALSE,20,elitize_generation_data,126,5,0.605,NA
128,75,scrabble-score,tourney,FALSE,20,elitize_generation_data,127,6,0.624,NA
129,75,scrabble-score,tourney,FALSE,20,elitize_generation_data,128,6,0.65,NA
130,75,scrabble-score,tourney,FALSE,20,elitize_generation_data,129,5,0.649,NA
131,75,scrabble-score,tourney,FALSE,20,elitize_generation_data,130,5,0.631,NA
132,75,scrabble-score,tourney,FALSE,20,elitize_generation_data,131,7,0.606,NA
133,75,scrabble-score,tourney,FALSE,20,elitize_generation_data,132,5,0.637,NA
134,75,scrabble-score,tourney,FALSE,20,elitize_generation_data,133,4,0.657,NA
135,75,scrabble-score,tourney,FALSE,20,elitize_generation_data,134,5,0.647,NA
136,75,scrabble-score,tourney,FALSE,20,elitize_generation_data,135,6,0.616,NA
137,75,scrabble-score,tourney,FALSE,20,elitize_generation_data,136,4,0.594,NA
138,75,scrabble-score,tourney,FALSE,20,elitize_generation_data,137,7,0.585,NA
139,75,scrabble-score,tourney,FALSE,20,elitize_generation_data,138,4,0.581,NA
140,75,scrabble-score,tourney,FALSE,20,elitize_generation_data,139,5,0.566,NA
141,75,scrabble-score,tourney,FALSE,20,elitize_generation_data,140,6,0.593,NA
142,75,scrabble-score,tourney,FALSE,20,elitize_generation_data,141,5,0.597,NA
143,75,scrabble-score,tourney,FALSE,20,elitize_generation_data,142,6,0.615,NA
144,75,scrabble-score,tourney,FALSE,20,elitize_generation_data,143,6,0.584,NA
145,75,scrabble-score,tourney,FALSE,20,elitize_generation_data,144,6,0.597,NA
146,75,scrabble-score,tourney,FALSE,20,elitize_generation_data,145,6,0.557,NA
147,75,scrabble-score,tourney,FALSE,20,elitize_generation_data,146,5,0.611,NA
148,75,scrabble-score,tourney,FALSE,20,elitize_generation_data,147,5,0.59,NA
149,75,scrabble-score,tourney,FALSE,20,elitize_generation_data,148,4,0.636,NA
150,75,scrabble-score,tourney,FALSE,20,elitize_generation_data,149,4,0.606,NA
151,75,scrabble-score,tourney,FALSE,20,elitize_generation_data,150,6,0.613,NA
152,75,scrabble-score,tourney,FALSE,20,elitize_generation_data,151,6,0.636,NA
153,75,scrabble-score,tourney,FALSE,20,elitize_generation_data,152,5,0.622,NA
154,75,scrabble-score,tourney,FALSE,20,elitize_generation_data,153,6,0.644,NA
155,75,scrabble-score,tourney,FALSE,20,elitize_generation_data,154,6,0.625,NA
156,75,scrabble-score,tourney,FALSE,20,elitize_generation_data,155,7,0.595,NA
157,75,scrabble-score,tourney,FALSE,20,elitize_generation_data,156,5,0.58,NA
158,75,scrabble-score,tourney,FALSE,20,elitize_generation_data,157,5,0.583,NA
159,75,scrabble-score,tourney,FALSE,20,elitize_generation_data,158,5,0.573,NA
160,75,scrabble-score,tourney,FALSE,20,elitize_generation_data,159,4,0.618,NA
161,75,scrabble-score,tourney,FALSE,20,elitize_generation_data,160,4,0.621,NA
162,75,scrabble-score,tourney,FALSE,20,elitize_generation_data,161,6,0.637,NA
163,75,scrabble-score,tourney,FALSE,20,elitize_generation_data,162,6,0.613,NA
164,75,scrabble-score,tourney,FALSE,20,elitize_generation_data,163,6,0.633,NA
165,75,scrabble-score,tourney,FALSE,20,elitize_generation_data,164,4,0.636,NA
166,75,scrabble-score,tourney,FALSE,20,elitize_generation_data,165,6,0.649,NA
167,75,scrabble-score,tourney,FALSE,20,elitize_generation_data,166,6,0.657,NA
168,75,scrabble-score,tourney,FALSE,20,elitize_generation_data,167,5,0.676,NA
169,75,scrabble-score,tourney,FALSE,20,elitize_generation_data,168,6,0.708,NA
170,75,scrabble-score,tourney,FALSE,20,elitize_generation_data,169,6,0.655,NA
171,75,scrabble-score,tourney,FALSE,20,elitize_generation_data,170,6,0.633,NA
172,75,scrabble-score,tourney,FALSE,20,elitize_generation_data,171,4,0.643,NA
173,75,scrabble-score,tourney,FALSE,20,elitize_generation_data,172,6,0.628,NA
174,75,scrabble-score,tourney,FALSE,20,elitize_generation_data,173,6,0.608,NA
175,75,scrabble-score,tourney,FALSE,20,elitize_generation_data,174,4,0.654,NA
176,75,scrabble-score,tourney,FALSE,20,elitize_generation_data,175,4,0.668,NA
177,75,scrabble-score,tourney,FALSE,20,elitize_generation_data,176,6,0.692,NA
178,75,scrabble-score,tourney,FALSE,20,elitize_generation_data,177,5,0.654,NA
179,75,scrabble-score,tourney,FALSE,20,elitize_generation_data,178,7,0.644,NA
180,75,scrabble-score,tourney,FALSE,20,elitize_generation_data,179,5,0.677,NA
181,75,scrabble-score,tourney,FALSE,20,elitize_generation_data,180,5,0.657,NA
182,75,scrabble-score,tourney,FALSE,20,elitize_generation_data,181,4,0.64,NA
183,75,scrabble-score,tourney,FALSE,20,elitize_generation_data,182,6,0.629,NA
184,75,scrabble-score,tourney,FALSE,20,elitize_generation_data,183,6,0.627,NA
185,75,scrabble-score,tourney,FALSE,20,elitize_generation_data,184,7,0.636,NA
186,75,scrabble-score,tourney,FALSE,20,elitize_generation_data,185,5,0.627,NA
187,75,scrabble-score,tourney,FALSE,20,elitize_generation_data,186,5,0.642,NA
188,75,scrabble-score,tourney,FALSE,20,elitize_generation_data,187,4,0.618,NA
189,75,scrabble-score,tourney,FALSE,20,elitize_generation_data,188,6,0.606,NA
190,75,scrabble-score,tourney,FALSE,20,elitize_generation_data,189,6,0.602,NA
191,75,scrabble-score,tourney,FALSE,20,elitize_generation_data,190,6,0.601,NA
192,75,scrabble-score,tourney,FALSE,20,elitize_generation_data,191,5,0.616,NA
193,75,scrabble-score,tourney,FALSE,20,elitize_generation_data,192,4,0.643,NA
194,75,scrabble-score,tourney,FALSE,20,elitize_generation_data,193,7,0.655,NA
195,75,scrabble-score,tourney,FALSE,20,elitize_generation_data,194,6,0.638,NA
196,75,scrabble-score,tourney,FALSE,20,elitize_generation_data,195,5,0.621,NA
197,75,scrabble-score,tourney,FALSE,20,elitize_generation_data,196,5,0.662,NA
198,75,scrabble-score,tourney,FALSE,20,elitize_generation_data,197,6,0.649,NA
199,75,scrabble-score,tourney,FALSE,20,elitize_generation_data,198,5,0.668,NA
200,75,scrabble-score,tourney,FALSE,20,elitize_generation_data,199,5,0.652,NA
201,75,scrabble-score,tourney,FALSE,20,elitize_generation_data,200,6,0.671,NA
202,75,scrabble-score,tourney,FALSE,20,elitize_generation_data,201,5,0.672,NA
203,75,scrabble-score,tourney,FALSE,20,elitize_generation_data,202,7,0.647,NA
204,75,scrabble-score,tourney,FALSE,20,elitize_generation_data,203,6,0.656,NA
205,75,scrabble-score,tourney,FALSE,20,elitize_generation_data,204,5,0.635,NA
206,75,scrabble-score,tourney,FALSE,20,elitize_generation_data,205,7,0.625,NA
207,75,scrabble-score,tourney,FALSE,20,elitize_generation_data,206,6,0.647,NA
208,75,scrabble-score,tourney,FALSE,20,elitize_generation_data,207,6,0.622,NA
209,75,scrabble-score,tourney,FALSE,20,elitize_generation_data,208,6,0.618,NA
210,75,scrabble-score,tourney,FALSE,20,elitize_generation_data,209,6,0.616,NA
211,75,scrabble-score,tourney,FALSE,20,elitize_generation_data,210,6,0.63,NA
212,75,scrabble-score,tourney,FALSE,20,elitize_generation_data,211,6,0.604,NA
213,75,scrabble-score,tourney,FALSE,20,elitize_generation_data,212,6,0.619,NA
214,75,scrabble-score,tourney,FALSE,20,elitize_generation_data,213,5,0.608,NA
215,75,scrabble-score,tourney,FALSE,20,elitize_generation_data,214,6,0.596,NA
216,75,scrabble-score,tourney,FALSE,20,elitize_generation_data,215,6,0.594,NA
217,75,scrabble-score,tourney,FALSE,20,elitize_generation_data,216,5,0.586,NA
218,75,scrabble-score,tourney,FALSE,20,elitize_generation_data,217,6,0.595,NA
219,75,scrabble-score,tourney,FALSE,20,elitize_generation_data,218,6,0.603,NA
220,75,scrabble-score,tourney,FALSE,20,elitize_generation_data,219,6,0.605,NA
221,75,scrabble-score,tourney,FALSE,20,elitize_generation_data,220,7,0.636,NA
222,75,scrabble-score,tourney,FALSE,20,elitize_generation_data,221,7,0.607,NA
223,75,scrabble-score,tourney,FALSE,20,elitize_generation_data,222,5,0.621,NA
224,75,scrabble-score,tourney,FALSE,20,elitize_generation_data,223,6,0.639,NA
225,75,scrabble-score,tourney,FALSE,20,elitize_generation_data,224,5,0.599,NA
226,75,scrabble-score,tourney,FALSE,20,elitize_generation_data,225,6,0.622,NA
227,75,scrabble-score,tourney,FALSE,20,elitize_generation_data,226,8,0.594,NA
228,75,scrabble-score,tourney,FALSE,20,elitize_generation_data,227,7,0.618,NA
229,75,scrabble-score,tourney,FALSE,20,elitize_generation_data,228,7,0.641,NA
230,75,scrabble-score,tourney,FALSE,20,elitize_generation_data,229,7,0.603,NA
231,75,scrabble-score,tourney,FALSE,20,elitize_generation_data,230,5,0.61,NA
232,75,scrabble-score,tourney,FALSE,20,elitize_generation_data,231,8,0.627,NA
233,75,scrabble-score,tourney,FALSE,20,elitize_generation_data,232,5,0.602,NA
234,75,scrabble-score,tourney,FALSE,20,elitize_generation_data,233,7,0.606,NA
235,75,scrabble-score,tourney,FALSE,20,elitize_generation_data,234,7,0.593,NA
236,75,scrabble-score,tourney,FALSE,20,elitize_generation_data,235,6,0.637,NA
237,75,scrabble-score,tourney,FALSE,20,elitize_generation_data,236,6,0.603,NA
238,75,scrabble-score,tourney,FALSE,20,elitize_generation_data,237,6,0.618,NA
239,75,scrabble-score,tourney,FALSE,20,elitize_generation_data,238,6,0.641,NA
240,75,scrabble-score,tourney,FALSE,20,elitize_generation_data,239,7,0.642,NA
241,75,scrabble-score,tourney,FALSE,20,elitize_generation_data,240,5,0.613,NA
242,75,scrabble-score,tourney,FALSE,20,elitize_generation_data,241,5,0.633,NA
243,75,scrabble-score,tourney,FALSE,20,elitize_generation_data,242,7,0.653,NA
244,75,scrabble-score,tourney,FALSE,20,elitize_generation_data,243,6,0.642,NA
245,75,scrabble-score,tourney,FALSE,20,elitize_generation_data,244,6,0.657,NA
246,75,scrabble-score,tourney,FALSE,20,elitize_generation_data,245,5,0.679,NA
247,75,scrabble-score,tourney,FALSE,20,elitize_generation_data,246,6,0.677,NA
248,75,scrabble-score,tourney,FALSE,20,elitize_generation_data,247,4,0.699,NA
249,75,scrabble-score,tourney,FALSE,20,elitize_generation_data,248,4,0.723,NA
250,75,scrabble-score,tourney,FALSE,20,elitize_generation_data,249,6,0.737,NA
251,75,scrabble-score,tourney,FALSE,20,elitize_generation_data,250,7,0.733,NA
252,75,scrabble-score,tourney,FALSE,20,elitize_generation_data,251,5,0.722,NA
253,75,scrabble-score,tourney,FALSE,20,elitize_generation_data,252,6,0.728,NA
254,75,scrabble-score,tourney,FALSE,20,elitize_generation_data,253,7,0.734,NA
255,75,scrabble-score,tourney,FALSE,20,elitize_generation_data,254,8,0.748,NA
256,75,scrabble-score,tourney,FALSE,20,elitize_generation_data,255,6,0.757,NA
257,75,scrabble-score,tourney,FALSE,20,elitize_generation_data,256,5,0.774,NA
258,75,scrabble-score,tourney,FALSE,20,elitize_generation_data,257,6,0.77,NA
259,75,scrabble-score,tourney,FALSE,20,elitize_generation_data,258,8,0.751,NA
260,75,scrabble-score,tourney,FALSE,20,elitize_generation_data,259,7,0.779,NA
261,75,scrabble-score,tourney,FALSE,20,elitize_generation_data,260,6,0.77,NA
262,75,scrabble-score,tourney,FALSE,20,elitize_generation_data,261,7,0.785,NA
263,75,scrabble-score,tourney,FALSE,20,elitize_generation_data,262,6,0.8,NA
264,75,scrabble-score,tourney,FALSE,20,elitize_generation_data,263,8,0.783,NA
265,75,scrabble-score,tourney,FALSE,20,elitize_generation_data,264,5,0.762,NA
266,75,scrabble-score,tourney,FALSE,20,elitize_generation_data,265,5,0.775,NA
267,75,scrabble-score,tourney,FALSE,20,elitize_generation_data,266,6,0.762,NA
268,75,scrabble-score,tourney,FALSE,20,elitize_generation_data,267,6,0.801,NA
269,75,scrabble-score,tourney,FALSE,20,elitize_generation_data,268,6,0.78,NA
270,75,scrabble-score,tourney,FALSE,20,elitize_generation_data,269,8,0.781,NA
271,75,scrabble-score,tourney,FALSE,20,elitize_generation_data,270,7,0.785,NA
272,75,scrabble-score,tourney,FALSE,20,elitize_generation_data,271,6,0.758,NA
273,75,scrabble-score,tourney,FALSE,20,elitize_generation_data,272,7,0.776,NA
274,75,scrabble-score,tourney,FALSE,20,elitize_generation_data,273,7,0.773,NA
275,75,scrabble-score,tourney,FALSE,20,elitize_generation_data,274,7,0.792,NA
276,75,scrabble-score,tourney,FALSE,20,elitize_generation_data,275,7,0.792,NA
277,75,scrabble-score,tourney,FALSE,20,elitize_generation_data,276,6,0.795,NA
278,75,scrabble-score,tourney,FALSE,20,elitize_generation_data,277,6,0.785,NA
279,75,scrabble-score,tourney,FALSE,20,elitize_generation_data,278,8,0.775,NA
280,75,scrabble-score,tourney,FALSE,20,elitize_generation_data,279,6,0.766,NA
281,75,scrabble-score,tourney,FALSE,20,elitize_generation_data,280,7,0.773,NA
282,75,scrabble-score,tourney,FALSE,20,elitize_generation_data,281,7,0.772,NA
283,75,scrabble-score,tourney,FALSE,20,elitize_generation_data,282,7,0.738,NA
284,75,scrabble-score,tourney,FALSE,20,elitize_generation_data,283,7,0.762,NA
285,75,scrabble-score,tourney,FALSE,20,elitize_generation_data,284,6,0.777,NA
286,75,scrabble-score,tourney,FALSE,20,elitize_generation_data,285,7,0.78,NA
287,75,scrabble-score,tourney,FALSE,20,elitize_generation_data,286,5,0.781,NA
288,75,scrabble-score,tourney,FALSE,20,elitize_generation_data,287,8,0.804,NA
289,75,scrabble-score,tourney,FALSE,20,elitize_generation_data,288,9,0.766,NA
290,75,scrabble-score,tourney,FALSE,20,elitize_generation_data,289,8,0.761,NA
291,75,scrabble-score,tourney,FALSE,20,elitize_generation_data,290,6,0.776,NA
292,75,scrabble-score,tourney,FALSE,20,elitize_generation_data,291,8,0.781,NA
293,75,scrabble-score,tourney,FALSE,20,elitize_generation_data,292,6,0.774,NA
294,75,scrabble-score,tourney,FALSE,20,elitize_generation_data,293,5,0.794,NA
295,75,scrabble-score,tourney,FALSE,20,elitize_generation_data,294,6,0.799,NA
296,75,scrabble-score,tourney,FALSE,20,elitize_generation_data,295,8,0.774,NA
297,75,scrabble-score,tourney,FALSE,20,elitize_generation_data,296,7,0.761,NA
298,75,scrabble-score,tourney,FALSE,20,elitize_generation_data,297,6,0.782,NA
299,75,scrabble-score,tourney,FALSE,20,elitize_generation_data,298,7,0.746,NA
300,75,scrabble-score,tourney,FALSE,20,elitize_generation_data,299,7,0.744,NA
301,75,scrabble-score,tourney,FALSE,20,elitize_generation_data,300,5,0.759,NA
