,run.num,problem,treatment,succeeded,height,normalization.function,generation,cluster.count,error.diversity,success.generation
1,54,scrabble-score,tourney,FALSE,20,elitize_generation_data,0,4,0.111,NA
2,54,scrabble-score,tourney,FALSE,20,elitize_generation_data,1,2,0.124,NA
3,54,scrabble-score,tourney,FALSE,20,elitize_generation_data,2,2,0.143,NA
4,54,scrabble-score,tourney,FALSE,20,elitize_generation_data,3,5,0.136,NA
5,54,scrabble-score,tourney,FALSE,20,elitize_generation_data,4,5,0.141,NA
6,54,scrabble-score,tourney,FALSE,20,elitize_generation_data,5,8,0.196,NA
7,54,scrabble-score,tourney,FALSE,20,elitize_generation_data,6,6,0.249,NA
8,54,scrabble-score,tourney,FALSE,20,elitize_generation_data,7,6,0.301,NA
9,54,scrabble-score,tourney,FALSE,20,elitize_generation_data,8,8,0.346,NA
10,54,scrabble-score,tourney,FALSE,20,elitize_generation_data,9,4,0.324,NA
11,54,scrabble-score,tourney,FALSE,20,elitize_generation_data,10,6,0.355,NA
12,54,scrabble-score,tourney,FALSE,20,elitize_generation_data,11,7,0.429,NA
13,54,scrabble-score,tourney,FALSE,20,elitize_generation_data,12,5,0.464,NA
14,54,scrabble-score,tourney,FALSE,20,elitize_generation_data,13,5,0.47,NA
15,54,scrabble-score,tourney,FALSE,20,elitize_generation_data,14,8,0.421,NA
16,54,scrabble-score,tourney,FALSE,20,elitize_generation_data,15,5,0.412,NA
17,54,scrabble-score,tourney,FALSE,20,elitize_generation_data,16,7,0.409,NA
18,54,scrabble-score,tourney,FALSE,20,elitize_generation_data,17,7,0.426,NA
19,54,scrabble-score,tourney,FALSE,20,elitize_generation_data,18,9,0.482,NA
20,54,scrabble-score,tourney,FALSE,20,elitize_generation_data,19,11,0.475,NA
21,54,scrabble-score,tourney,FALSE,20,elitize_generation_data,20,13,0.527,NA
22,54,scrabble-score,tourney,FALSE,20,elitize_generation_data,21,10,0.526,NA
23,54,scrabble-score,tourney,FALSE,20,elitize_generation_data,22,13,0.579,NA
24,54,scrabble-score,tourney,FALSE,20,elitize_generation_data,23,12,0.572,NA
25,54,scrabble-score,tourney,FALSE,20,elitize_generation_data,24,15,0.592,NA
26,54,scrabble-score,tourney,FALSE,20,elitize_generation_data,25,11,0.579,NA
27,54,scrabble-score,tourney,FALSE,20,elitize_generation_data,26,9,0.633,NA
28,54,scrabble-score,tourney,FALSE,20,elitize_generation_data,27,11,0.641,NA
29,54,scrabble-score,tourney,FALSE,20,elitize_generation_data,28,12,0.63,NA
30,54,scrabble-score,tourney,FALSE,20,elitize_generation_data,29,11,0.661,NA
31,54,scrabble-score,tourney,FALSE,20,elitize_generation_data,30,9,0.67,NA
32,54,scrabble-score,tourney,FALSE,20,elitize_generation_data,31,13,0.689,NA
33,54,scrabble-score,tourney,FALSE,20,elitize_generation_data,32,10,0.693,NA
34,54,scrabble-score,tourney,FALSE,20,elitize_generation_data,33,11,0.649,NA
35,54,scrabble-score,tourney,FALSE,20,elitize_generation_data,34,13,0.664,NA
36,54,scrabble-score,tourney,FALSE,20,elitize_generation_data,35,12,0.67,NA
37,54,scrabble-score,tourney,FALSE,20,elitize_generation_data,36,11,0.662,NA
38,54,scrabble-score,tourney,FALSE,20,elitize_generation_data,37,13,0.647,NA
39,54,scrabble-score,tourney,FALSE,20,elitize_generation_data,38,14,0.675,NA
40,54,scrabble-score,tourney,FALSE,20,elitize_generation_data,39,10,0.703,NA
41,54,scrabble-score,tourney,FALSE,20,elitize_generation_data,40,11,0.694,NA
42,54,scrabble-score,tourney,FALSE,20,elitize_generation_data,41,10,0.712,NA
43,54,scrabble-score,tourney,FALSE,20,elitize_generation_data,42,12,0.675,NA
44,54,scrabble-score,tourney,FALSE,20,elitize_generation_data,43,10,0.68,NA
45,54,scrabble-score,tourney,FALSE,20,elitize_generation_data,44,11,0.693,NA
46,54,scrabble-score,tourney,FALSE,20,elitize_generation_data,45,10,0.702,NA
47,54,scrabble-score,tourney,FALSE,20,elitize_generation_data,46,11,0.7,NA
48,54,scrabble-score,tourney,FALSE,20,elitize_generation_data,47,18,0.705,NA
49,54,scrabble-score,tourney,FALSE,20,elitize_generation_data,48,14,0.695,NA
50,54,scrabble-score,tourney,FALSE,20,elitize_generation_data,49,13,0.683,NA
51,54,scrabble-score,tourney,FALSE,20,elitize_generation_data,50,14,0.67,NA
52,54,scrabble-score,tourney,FALSE,20,elitize_generation_data,51,10,0.675,NA
53,54,scrabble-score,tourney,FALSE,20,elitize_generation_data,52,9,0.655,NA
54,54,scrabble-score,tourney,FALSE,20,elitize_generation_data,53,20,0.643,NA
55,54,scrabble-score,tourney,FALSE,20,elitize_generation_data,54,13,0.652,NA
56,54,scrabble-score,tourney,FALSE,20,elitize_generation_data,55,12,0.685,NA
57,54,scrabble-score,tourney,FALSE,20,elitize_generation_data,56,12,0.676,NA
58,54,scrabble-score,tourney,FALSE,20,elitize_generation_data,57,15,0.697,NA
59,54,scrabble-score,tourney,FALSE,20,elitize_generation_data,58,10,0.707,NA
60,54,scrabble-score,tourney,FALSE,20,elitize_generation_data,59,9,0.705,NA
61,54,scrabble-score,tourney,FALSE,20,elitize_generation_data,60,16,0.701,NA
62,54,scrabble-score,tourney,FALSE,20,elitize_generation_data,61,13,0.685,NA
63,54,scrabble-score,tourney,FALSE,20,elitize_generation_data,62,10,0.695,NA
64,54,scrabble-score,tourney,FALSE,20,elitize_generation_data,63,11,0.709,NA
65,54,scrabble-score,tourney,FALSE,20,elitize_generation_data,64,12,0.708,NA
66,54,scrabble-score,tourney,FALSE,20,elitize_generation_data,65,13,0.722,NA
67,54,scrabble-score,tourney,FALSE,20,elitize_generation_data,66,15,0.698,NA
68,54,scrabble-score,tourney,FALSE,20,elitize_generation_data,67,12,0.712,NA
69,54,scrabble-score,tourney,FALSE,20,elitize_generation_data,68,12,0.7,NA
70,54,scrabble-score,tourney,FALSE,20,elitize_generation_data,69,11,0.685,NA
71,54,scrabble-score,tourney,FALSE,20,elitize_generation_data,70,11,0.708,NA
72,54,scrabble-score,tourney,FALSE,20,elitize_generation_data,71,13,0.707,NA
73,54,scrabble-score,tourney,FALSE,20,elitize_generation_data,72,12,0.682,NA
74,54,scrabble-score,tourney,FALSE,20,elitize_generation_data,73,16,0.713,NA
75,54,scrabble-score,tourney,FALSE,20,elitize_generation_data,74,15,0.741,NA
76,54,scrabble-score,tourney,FALSE,20,elitize_generation_data,75,12,0.767,NA
77,54,scrabble-score,tourney,FALSE,20,elitize_generation_data,76,16,0.769,NA
78,54,scrabble-score,tourney,FALSE,20,elitize_generation_data,77,10,0.778,NA
79,54,scrabble-score,tourney,FALSE,20,elitize_generation_data,78,16,0.783,NA
80,54,scrabble-score,tourney,FALSE,20,elitize_generation_data,79,17,0.798,NA
81,54,scrabble-score,tourney,FALSE,20,elitize_generation_data,80,11,0.767,NA
82,54,scrabble-score,tourney,FALSE,20,elitize_generation_data,81,11,0.756,NA
83,54,scrabble-score,tourney,FALSE,20,elitize_generation_data,82,13,0.747,NA
84,54,scrabble-score,tourney,FALSE,20,elitize_generation_data,83,17,0.76,NA
85,54,scrabble-score,tourney,FALSE,20,elitize_generation_data,84,15,0.742,NA
86,54,scrabble-score,tourney,FALSE,20,elitize_generation_data,85,16,0.742,NA
87,54,scrabble-score,tourney,FALSE,20,elitize_generation_data,86,14,0.74,NA
88,54,scrabble-score,tourney,FALSE,20,elitize_generation_data,87,20,0.745,NA
89,54,scrabble-score,tourney,FALSE,20,elitize_generation_data,88,16,0.764,NA
90,54,scrabble-score,tourney,FALSE,20,elitize_generation_data,89,13,0.736,NA
91,54,scrabble-score,tourney,FALSE,20,elitize_generation_data,90,15,0.775,NA
92,54,scrabble-score,tourney,FALSE,20,elitize_generation_data,91,16,0.764,NA
93,54,scrabble-score,tourney,FALSE,20,elitize_generation_data,92,14,0.763,NA
94,54,scrabble-score,tourney,FALSE,20,elitize_generation_data,93,18,0.772,NA
95,54,scrabble-score,tourney,FALSE,20,elitize_generation_data,94,13,0.756,NA
96,54,scrabble-score,tourney,FALSE,20,elitize_generation_data,95,14,0.789,NA
97,54,scrabble-score,tourney,FALSE,20,elitize_generation_data,96,12,0.781,NA
98,54,scrabble-score,tourney,FALSE,20,elitize_generation_data,97,15,0.815,NA
99,54,scrabble-score,tourney,FALSE,20,elitize_generation_data,98,13,0.78,NA
100,54,scrabble-score,tourney,FALSE,20,elitize_generation_data,99,18,0.801,NA
101,54,scrabble-score,tourney,FALSE,20,elitize_generation_data,100,16,0.775,NA
102,54,scrabble-score,tourney,FALSE,20,elitize_generation_data,101,17,0.805,NA
103,54,scrabble-score,tourney,FALSE,20,elitize_generation_data,102,15,0.789,NA
104,54,scrabble-score,tourney,FALSE,20,elitize_generation_data,103,14,0.774,NA
105,54,scrabble-score,tourney,FALSE,20,elitize_generation_data,104,15,0.762,NA
106,54,scrabble-score,tourney,FALSE,20,elitize_generation_data,105,19,0.749,NA
107,54,scrabble-score,tourney,FALSE,20,elitize_generation_data,106,14,0.748,NA
108,54,scrabble-score,tourney,FALSE,20,elitize_generation_data,107,14,0.777,NA
109,54,scrabble-score,tourney,FALSE,20,elitize_generation_data,108,18,0.779,NA
110,54,scrabble-score,tourney,FALSE,20,elitize_generation_data,109,16,0.759,NA
111,54,scrabble-score,tourney,FALSE,20,elitize_generation_data,110,12,0.74,NA
112,54,scrabble-score,tourney,FALSE,20,elitize_generation_data,111,15,0.766,NA
113,54,scrabble-score,tourney,FALSE,20,elitize_generation_data,112,12,0.768,NA
114,54,scrabble-score,tourney,FALSE,20,elitize_generation_data,113,12,0.745,NA
115,54,scrabble-score,tourney,FALSE,20,elitize_generation_data,114,19,0.723,NA
116,54,scrabble-score,tourney,FALSE,20,elitize_generation_data,115,16,0.735,NA
117,54,scrabble-score,tourney,FALSE,20,elitize_generation_data,116,14,0.754,NA
118,54,scrabble-score,tourney,FALSE,20,elitize_generation_data,117,15,0.764,NA
119,54,scrabble-score,tourney,FALSE,20,elitize_generation_data,118,13,0.764,NA
120,54,scrabble-score,tourney,FALSE,20,elitize_generation_data,119,15,0.777,NA
121,54,scrabble-score,tourney,FALSE,20,elitize_generation_data,120,14,0.77,NA
122,54,scrabble-score,tourney,FALSE,20,elitize_generation_data,121,14,0.759,NA
123,54,scrabble-score,tourney,FALSE,20,elitize_generation_data,122,11,0.755,NA
124,54,scrabble-score,tourney,FALSE,20,elitize_generation_data,123,14,0.769,NA
125,54,scrabble-score,tourney,FALSE,20,elitize_generation_data,124,16,0.774,NA
126,54,scrabble-score,tourney,FALSE,20,elitize_generation_data,125,13,0.783,NA
127,54,scrabble-score,tourney,FALSE,20,elitize_generation_data,126,12,0.792,NA
128,54,scrabble-score,tourney,FALSE,20,elitize_generation_data,127,13,0.765,NA
129,54,scrabble-score,tourney,FALSE,20,elitize_generation_data,128,12,0.772,NA
130,54,scrabble-score,tourney,FALSE,20,elitize_generation_data,129,16,0.746,NA
131,54,scrabble-score,tourney,FALSE,20,elitize_generation_data,130,19,0.755,NA
132,54,scrabble-score,tourney,FALSE,20,elitize_generation_data,131,18,0.729,NA
133,54,scrabble-score,tourney,FALSE,20,elitize_generation_data,132,18,0.743,NA
134,54,scrabble-score,tourney,FALSE,20,elitize_generation_data,133,13,0.765,NA
135,54,scrabble-score,tourney,FALSE,20,elitize_generation_data,134,17,0.774,NA
136,54,scrabble-score,tourney,FALSE,20,elitize_generation_data,135,14,0.778,NA
137,54,scrabble-score,tourney,FALSE,20,elitize_generation_data,136,13,0.762,NA
138,54,scrabble-score,tourney,FALSE,20,elitize_generation_data,137,14,0.779,NA
139,54,scrabble-score,tourney,FALSE,20,elitize_generation_data,138,15,0.782,NA
140,54,scrabble-score,tourney,FALSE,20,elitize_generation_data,139,13,0.763,NA
141,54,scrabble-score,tourney,FALSE,20,elitize_generation_data,140,18,0.756,NA
142,54,scrabble-score,tourney,FALSE,20,elitize_generation_data,141,13,0.742,NA
143,54,scrabble-score,tourney,FALSE,20,elitize_generation_data,142,17,0.761,NA
144,54,scrabble-score,tourney,FALSE,20,elitize_generation_data,143,16,0.76,NA
145,54,scrabble-score,tourney,FALSE,20,elitize_generation_data,144,17,0.762,NA
146,54,scrabble-score,tourney,FALSE,20,elitize_generation_data,145,15,0.771,NA
147,54,scrabble-score,tourney,FALSE,20,elitize_generation_data,146,15,0.785,NA
148,54,scrabble-score,tourney,FALSE,20,elitize_generation_data,147,15,0.805,NA
149,54,scrabble-score,tourney,FALSE,20,elitize_generation_data,148,15,0.789,NA
150,54,scrabble-score,tourney,FALSE,20,elitize_generation_data,149,16,0.805,NA
151,54,scrabble-score,tourney,FALSE,20,elitize_generation_data,150,17,0.786,NA
152,54,scrabble-score,tourney,FALSE,20,elitize_generation_data,151,16,0.793,NA
153,54,scrabble-score,tourney,FALSE,20,elitize_generation_data,152,17,0.791,NA
154,54,scrabble-score,tourney,FALSE,20,elitize_generation_data,153,18,0.821,NA
155,54,scrabble-score,tourney,FALSE,20,elitize_generation_data,154,21,0.826,NA
156,54,scrabble-score,tourney,FALSE,20,elitize_generation_data,155,18,0.819,NA
157,54,scrabble-score,tourney,FALSE,20,elitize_generation_data,156,18,0.816,NA
158,54,scrabble-score,tourney,FALSE,20,elitize_generation_data,157,19,0.798,NA
159,54,scrabble-score,tourney,FALSE,20,elitize_generation_data,158,18,0.812,NA
160,54,scrabble-score,tourney,FALSE,20,elitize_generation_data,159,17,0.79,NA
161,54,scrabble-score,tourney,FALSE,20,elitize_generation_data,160,16,0.798,NA
162,54,scrabble-score,tourney,FALSE,20,elitize_generation_data,161,15,0.798,NA
163,54,scrabble-score,tourney,FALSE,20,elitize_generation_data,162,14,0.782,NA
164,54,scrabble-score,tourney,FALSE,20,elitize_generation_data,163,14,0.794,NA
165,54,scrabble-score,tourney,FALSE,20,elitize_generation_data,164,16,0.792,NA
166,54,scrabble-score,tourney,FALSE,20,elitize_generation_data,165,14,0.811,NA
167,54,scrabble-score,tourney,FALSE,20,elitize_generation_data,166,16,0.799,NA
168,54,scrabble-score,tourney,FALSE,20,elitize_generation_data,167,18,0.802,NA
169,54,scrabble-score,tourney,FALSE,20,elitize_generation_data,168,14,0.8,NA
170,54,scrabble-score,tourney,FALSE,20,elitize_generation_data,169,8,0.808,NA
171,54,scrabble-score,tourney,FALSE,20,elitize_generation_data,170,16,0.807,NA
172,54,scrabble-score,tourney,FALSE,20,elitize_generation_data,171,14,0.811,NA
173,54,scrabble-score,tourney,FALSE,20,elitize_generation_data,172,18,0.815,NA
174,54,scrabble-score,tourney,FALSE,20,elitize_generation_data,173,14,0.829,NA
175,54,scrabble-score,tourney,FALSE,20,elitize_generation_data,174,16,0.825,NA
176,54,scrabble-score,tourney,FALSE,20,elitize_generation_data,175,19,0.813,NA
177,54,scrabble-score,tourney,FALSE,20,elitize_generation_data,176,15,0.815,NA
178,54,scrabble-score,tourney,FALSE,20,elitize_generation_data,177,16,0.834,NA
179,54,scrabble-score,tourney,FALSE,20,elitize_generation_data,178,16,0.824,NA
180,54,scrabble-score,tourney,FALSE,20,elitize_generation_data,179,16,0.836,NA
181,54,scrabble-score,tourney,FALSE,20,elitize_generation_data,180,13,0.83,NA
182,54,scrabble-score,tourney,FALSE,20,elitize_generation_data,181,15,0.824,NA
183,54,scrabble-score,tourney,FALSE,20,elitize_generation_data,182,14,0.816,NA
184,54,scrabble-score,tourney,FALSE,20,elitize_generation_data,183,16,0.816,NA
185,54,scrabble-score,tourney,FALSE,20,elitize_generation_data,184,13,0.825,NA
186,54,scrabble-score,tourney,FALSE,20,elitize_generation_data,185,19,0.81,NA
187,54,scrabble-score,tourney,FALSE,20,elitize_generation_data,186,15,0.806,NA
188,54,scrabble-score,tourney,FALSE,20,elitize_generation_data,187,13,0.828,NA
189,54,scrabble-score,tourney,FALSE,20,elitize_generation_data,188,15,0.809,NA
190,54,scrabble-score,tourney,FALSE,20,elitize_generation_data,189,13,0.813,NA
191,54,scrabble-score,tourney,FALSE,20,elitize_generation_data,190,12,0.827,NA
192,54,scrabble-score,tourney,FALSE,20,elitize_generation_data,191,16,0.785,NA
193,54,scrabble-score,tourney,FALSE,20,elitize_generation_data,192,15,0.792,NA
194,54,scrabble-score,tourney,FALSE,20,elitize_generation_data,193,17,0.785,NA
195,54,scrabble-score,tourney,FALSE,20,elitize_generation_data,194,17,0.781,NA
196,54,scrabble-score,tourney,FALSE,20,elitize_generation_data,195,13,0.79,NA
197,54,scrabble-score,tourney,FALSE,20,elitize_generation_data,196,14,0.79,NA
198,54,scrabble-score,tourney,FALSE,20,elitize_generation_data,197,18,0.797,NA
199,54,scrabble-score,tourney,FALSE,20,elitize_generation_data,198,13,0.79,NA
200,54,scrabble-score,tourney,FALSE,20,elitize_generation_data,199,11,0.784,NA
201,54,scrabble-score,tourney,FALSE,20,elitize_generation_data,200,15,0.817,NA
202,54,scrabble-score,tourney,FALSE,20,elitize_generation_data,201,15,0.828,NA
203,54,scrabble-score,tourney,FALSE,20,elitize_generation_data,202,17,0.814,NA
204,54,scrabble-score,tourney,FALSE,20,elitize_generation_data,203,15,0.807,NA
205,54,scrabble-score,tourney,FALSE,20,elitize_generation_data,204,16,0.822,NA
206,54,scrabble-score,tourney,FALSE,20,elitize_generation_data,205,15,0.816,NA
207,54,scrabble-score,tourney,FALSE,20,elitize_generation_data,206,18,0.819,NA
208,54,scrabble-score,tourney,FALSE,20,elitize_generation_data,207,13,0.846,NA
209,54,scrabble-score,tourney,FALSE,20,elitize_generation_data,208,16,0.813,NA
210,54,scrabble-score,tourney,FALSE,20,elitize_generation_data,209,15,0.814,NA
211,54,scrabble-score,tourney,FALSE,20,elitize_generation_data,210,14,0.817,NA
212,54,scrabble-score,tourney,FALSE,20,elitize_generation_data,211,21,0.829,NA
213,54,scrabble-score,tourney,FALSE,20,elitize_generation_data,212,12,0.843,NA
214,54,scrabble-score,tourney,FALSE,20,elitize_generation_data,213,10,0.835,NA
215,54,scrabble-score,tourney,FALSE,20,elitize_generation_data,214,18,0.832,NA
216,54,scrabble-score,tourney,FALSE,20,elitize_generation_data,215,13,0.836,NA
217,54,scrabble-score,tourney,FALSE,20,elitize_generation_data,216,13,0.815,NA
218,54,scrabble-score,tourney,FALSE,20,elitize_generation_data,217,11,0.819,NA
219,54,scrabble-score,tourney,FALSE,20,elitize_generation_data,218,20,0.831,NA
220,54,scrabble-score,tourney,FALSE,20,elitize_generation_data,219,17,0.809,NA
221,54,scrabble-score,tourney,FALSE,20,elitize_generation_data,220,19,0.835,NA
222,54,scrabble-score,tourney,FALSE,20,elitize_generation_data,221,19,0.839,NA
223,54,scrabble-score,tourney,FALSE,20,elitize_generation_data,222,18,0.816,NA
224,54,scrabble-score,tourney,FALSE,20,elitize_generation_data,223,16,0.819,NA
225,54,scrabble-score,tourney,FALSE,20,elitize_generation_data,224,11,0.815,NA
226,54,scrabble-score,tourney,FALSE,20,elitize_generation_data,225,10,0.793,NA
227,54,scrabble-score,tourney,FALSE,20,elitize_generation_data,226,15,0.81,NA
228,54,scrabble-score,tourney,FALSE,20,elitize_generation_data,227,15,0.828,NA
229,54,scrabble-score,tourney,FALSE,20,elitize_generation_data,228,20,0.816,NA
230,54,scrabble-score,tourney,FALSE,20,elitize_generation_data,229,15,0.817,NA
231,54,scrabble-score,tourney,FALSE,20,elitize_generation_data,230,14,0.799,NA
232,54,scrabble-score,tourney,FALSE,20,elitize_generation_data,231,24,0.814,NA
233,54,scrabble-score,tourney,FALSE,20,elitize_generation_data,232,18,0.811,NA
234,54,scrabble-score,tourney,FALSE,20,elitize_generation_data,233,16,0.81,NA
235,54,scrabble-score,tourney,FALSE,20,elitize_generation_data,234,16,0.812,NA
236,54,scrabble-score,tourney,FALSE,20,elitize_generation_data,235,19,0.811,NA
237,54,scrabble-score,tourney,FALSE,20,elitize_generation_data,236,20,0.806,NA
238,54,scrabble-score,tourney,FALSE,20,elitize_generation_data,237,19,0.788,NA
239,54,scrabble-score,tourney,FALSE,20,elitize_generation_data,238,14,0.78,NA
240,54,scrabble-score,tourney,FALSE,20,elitize_generation_data,239,16,0.801,NA
241,54,scrabble-score,tourney,FALSE,20,elitize_generation_data,240,19,0.786,NA
242,54,scrabble-score,tourney,FALSE,20,elitize_generation_data,241,21,0.789,NA
243,54,scrabble-score,tourney,FALSE,20,elitize_generation_data,242,19,0.803,NA
244,54,scrabble-score,tourney,FALSE,20,elitize_generation_data,243,18,0.818,NA
245,54,scrabble-score,tourney,FALSE,20,elitize_generation_data,244,20,0.825,NA
246,54,scrabble-score,tourney,FALSE,20,elitize_generation_data,245,20,0.82,NA
247,54,scrabble-score,tourney,FALSE,20,elitize_generation_data,246,28,0.816,NA
248,54,scrabble-score,tourney,FALSE,20,elitize_generation_data,247,17,0.81,NA
249,54,scrabble-score,tourney,FALSE,20,elitize_generation_data,248,19,0.838,NA
250,54,scrabble-score,tourney,FALSE,20,elitize_generation_data,249,19,0.808,NA
251,54,scrabble-score,tourney,FALSE,20,elitize_generation_data,250,17,0.8,NA
252,54,scrabble-score,tourney,FALSE,20,elitize_generation_data,251,19,0.814,NA
253,54,scrabble-score,tourney,FALSE,20,elitize_generation_data,252,16,0.816,NA
254,54,scrabble-score,tourney,FALSE,20,elitize_generation_data,253,20,0.805,NA
255,54,scrabble-score,tourney,FALSE,20,elitize_generation_data,254,25,0.812,NA
256,54,scrabble-score,tourney,FALSE,20,elitize_generation_data,255,19,0.815,NA
257,54,scrabble-score,tourney,FALSE,20,elitize_generation_data,256,20,0.823,NA
258,54,scrabble-score,tourney,FALSE,20,elitize_generation_data,257,18,0.813,NA
259,54,scrabble-score,tourney,FALSE,20,elitize_generation_data,258,19,0.822,NA
260,54,scrabble-score,tourney,FALSE,20,elitize_generation_data,259,16,0.825,NA
261,54,scrabble-score,tourney,FALSE,20,elitize_generation_data,260,19,0.822,NA
262,54,scrabble-score,tourney,FALSE,20,elitize_generation_data,261,20,0.802,NA
263,54,scrabble-score,tourney,FALSE,20,elitize_generation_data,262,18,0.821,NA
264,54,scrabble-score,tourney,FALSE,20,elitize_generation_data,263,19,0.821,NA
265,54,scrabble-score,tourney,FALSE,20,elitize_generation_data,264,19,0.825,NA
266,54,scrabble-score,tourney,FALSE,20,elitize_generation_data,265,24,0.822,NA
267,54,scrabble-score,tourney,FALSE,20,elitize_generation_data,266,18,0.817,NA
268,54,scrabble-score,tourney,FALSE,20,elitize_generation_data,267,19,0.82,NA
269,54,scrabble-score,tourney,FALSE,20,elitize_generation_data,268,18,0.823,NA
270,54,scrabble-score,tourney,FALSE,20,elitize_generation_data,269,17,0.823,NA
271,54,scrabble-score,tourney,FALSE,20,elitize_generation_data,270,18,0.826,NA
272,54,scrabble-score,tourney,FALSE,20,elitize_generation_data,271,20,0.807,NA
273,54,scrabble-score,tourney,FALSE,20,elitize_generation_data,272,17,0.817,NA
274,54,scrabble-score,tourney,FALSE,20,elitize_generation_data,273,24,0.82,NA
275,54,scrabble-score,tourney,FALSE,20,elitize_generation_data,274,17,0.821,NA
276,54,scrabble-score,tourney,FALSE,20,elitize_generation_data,275,14,0.83,NA
277,54,scrabble-score,tourney,FALSE,20,elitize_generation_data,276,17,0.839,NA
278,54,scrabble-score,tourney,FALSE,20,elitize_generation_data,277,14,0.814,NA
279,54,scrabble-score,tourney,FALSE,20,elitize_generation_data,278,18,0.821,NA
280,54,scrabble-score,tourney,FALSE,20,elitize_generation_data,279,15,0.81,NA
281,54,scrabble-score,tourney,FALSE,20,elitize_generation_data,280,17,0.845,NA
282,54,scrabble-score,tourney,FALSE,20,elitize_generation_data,281,19,0.836,NA
283,54,scrabble-score,tourney,FALSE,20,elitize_generation_data,282,21,0.831,NA
284,54,scrabble-score,tourney,FALSE,20,elitize_generation_data,283,13,0.826,NA
285,54,scrabble-score,tourney,FALSE,20,elitize_generation_data,284,16,0.809,NA
286,54,scrabble-score,tourney,FALSE,20,elitize_generation_data,285,17,0.83,NA
287,54,scrabble-score,tourney,FALSE,20,elitize_generation_data,286,17,0.835,NA
288,54,scrabble-score,tourney,FALSE,20,elitize_generation_data,287,22,0.816,NA
289,54,scrabble-score,tourney,FALSE,20,elitize_generation_data,288,16,0.803,NA
290,54,scrabble-score,tourney,FALSE,20,elitize_generation_data,289,13,0.806,NA
291,54,scrabble-score,tourney,FALSE,20,elitize_generation_data,290,16,0.8,NA
292,54,scrabble-score,tourney,FALSE,20,elitize_generation_data,291,16,0.802,NA
293,54,scrabble-score,tourney,FALSE,20,elitize_generation_data,292,21,0.798,NA
294,54,scrabble-score,tourney,FALSE,20,elitize_generation_data,293,14,0.816,NA
295,54,scrabble-score,tourney,FALSE,20,elitize_generation_data,294,19,0.803,NA
296,54,scrabble-score,tourney,FALSE,20,elitize_generation_data,295,18,0.805,NA
297,54,scrabble-score,tourney,FALSE,20,elitize_generation_data,296,18,0.807,NA
298,54,scrabble-score,tourney,FALSE,20,elitize_generation_data,297,23,0.787,NA
299,54,scrabble-score,tourney,FALSE,20,elitize_generation_data,298,18,0.808,NA
300,54,scrabble-score,tourney,FALSE,20,elitize_generation_data,299,18,0.81,NA
301,54,scrabble-score,tourney,FALSE,20,elitize_generation_data,300,15,0.782,NA
