,run.num,problem,treatment,succeeded,height,normalization.function,generation,cluster.count,error.diversity,success.generation
1,85,scrabble-score,tourney,FALSE,20,elitize_generation_data,0,4,0.116,NA
2,85,scrabble-score,tourney,FALSE,20,elitize_generation_data,1,5,0.125,NA
3,85,scrabble-score,tourney,FALSE,20,elitize_generation_data,2,3,0.124,NA
4,85,scrabble-score,tourney,FALSE,20,elitize_generation_data,3,5,0.093,NA
5,85,scrabble-score,tourney,FALSE,20,elitize_generation_data,4,7,0.058,NA
6,85,scrabble-score,tourney,FALSE,20,elitize_generation_data,5,6,0.084,NA
7,85,scrabble-score,tourney,FALSE,20,elitize_generation_data,6,7,0.103,NA
8,85,scrabble-score,tourney,FALSE,20,elitize_generation_data,7,10,0.054,NA
9,85,scrabble-score,tourney,FALSE,20,elitize_generation_data,8,10,0.026,NA
10,85,scrabble-score,tourney,FALSE,20,elitize_generation_data,9,10,0.046,NA
11,85,scrabble-score,tourney,FALSE,20,elitize_generation_data,10,8,0.064,NA
12,85,scrabble-score,tourney,FALSE,20,elitize_generation_data,11,6,0.055,NA
13,85,scrabble-score,tourney,FALSE,20,elitize_generation_data,12,4,0.06,NA
14,85,scrabble-score,tourney,FALSE,20,elitize_generation_data,13,9,0.07,NA
15,85,scrabble-score,tourney,FALSE,20,elitize_generation_data,14,6,0.078,NA
16,85,scrabble-score,tourney,FALSE,20,elitize_generation_data,15,7,0.071,NA
17,85,scrabble-score,tourney,FALSE,20,elitize_generation_data,16,8,0.057,NA
18,85,scrabble-score,tourney,FALSE,20,elitize_generation_data,17,11,0.061,NA
19,85,scrabble-score,tourney,FALSE,20,elitize_generation_data,18,10,0.075,NA
20,85,scrabble-score,tourney,FALSE,20,elitize_generation_data,19,9,0.053,NA
21,85,scrabble-score,tourney,FALSE,20,elitize_generation_data,20,8,0.059,NA
22,85,scrabble-score,tourney,FALSE,20,elitize_generation_data,21,11,0.056,NA
23,85,scrabble-score,tourney,FALSE,20,elitize_generation_data,22,7,0.063,NA
24,85,scrabble-score,tourney,FALSE,20,elitize_generation_data,23,6,0.062,NA
25,85,scrabble-score,tourney,FALSE,20,elitize_generation_data,24,9,0.084,NA
26,85,scrabble-score,tourney,FALSE,20,elitize_generation_data,25,8,0.091,NA
27,85,scrabble-score,tourney,FALSE,20,elitize_generation_data,26,9,0.092,NA
28,85,scrabble-score,tourney,FALSE,20,elitize_generation_data,27,10,0.096,NA
29,85,scrabble-score,tourney,FALSE,20,elitize_generation_data,28,7,0.086,NA
30,85,scrabble-score,tourney,FALSE,20,elitize_generation_data,29,5,0.101,NA
31,85,scrabble-score,tourney,FALSE,20,elitize_generation_data,30,6,0.128,NA
32,85,scrabble-score,tourney,FALSE,20,elitize_generation_data,31,7,0.119,NA
33,85,scrabble-score,tourney,FALSE,20,elitize_generation_data,32,6,0.143,NA
34,85,scrabble-score,tourney,FALSE,20,elitize_generation_data,33,6,0.145,NA
35,85,scrabble-score,tourney,FALSE,20,elitize_generation_data,34,5,0.137,NA
36,85,scrabble-score,tourney,FALSE,20,elitize_generation_data,35,7,0.146,NA
37,85,scrabble-score,tourney,FALSE,20,elitize_generation_data,36,7,0.141,NA
38,85,scrabble-score,tourney,FALSE,20,elitize_generation_data,37,5,0.122,NA
39,85,scrabble-score,tourney,FALSE,20,elitize_generation_data,38,4,0.133,NA
40,85,scrabble-score,tourney,FALSE,20,elitize_generation_data,39,7,0.146,NA
41,85,scrabble-score,tourney,FALSE,20,elitize_generation_data,40,8,0.129,NA
42,85,scrabble-score,tourney,FALSE,20,elitize_generation_data,41,11,0.143,NA
43,85,scrabble-score,tourney,FALSE,20,elitize_generation_data,42,5,0.133,NA
44,85,scrabble-score,tourney,FALSE,20,elitize_generation_data,43,9,0.156,NA
45,85,scrabble-score,tourney,FALSE,20,elitize_generation_data,44,7,0.131,NA
46,85,scrabble-score,tourney,FALSE,20,elitize_generation_data,45,7,0.152,NA
47,85,scrabble-score,tourney,FALSE,20,elitize_generation_data,46,7,0.152,NA
48,85,scrabble-score,tourney,FALSE,20,elitize_generation_data,47,6,0.172,NA
49,85,scrabble-score,tourney,FALSE,20,elitize_generation_data,48,5,0.186,NA
50,85,scrabble-score,tourney,FALSE,20,elitize_generation_data,49,10,0.162,NA
51,85,scrabble-score,tourney,FALSE,20,elitize_generation_data,50,6,0.169,NA
52,85,scrabble-score,tourney,FALSE,20,elitize_generation_data,51,8,0.142,NA
53,85,scrabble-score,tourney,FALSE,20,elitize_generation_data,52,6,0.166,NA
54,85,scrabble-score,tourney,FALSE,20,elitize_generation_data,53,8,0.157,NA
55,85,scrabble-score,tourney,FALSE,20,elitize_generation_data,54,7,0.161,NA
56,85,scrabble-score,tourney,FALSE,20,elitize_generation_data,55,8,0.165,NA
57,85,scrabble-score,tourney,FALSE,20,elitize_generation_data,56,7,0.175,NA
58,85,scrabble-score,tourney,FALSE,20,elitize_generation_data,57,10,0.153,NA
59,85,scrabble-score,tourney,FALSE,20,elitize_generation_data,58,8,0.174,NA
60,85,scrabble-score,tourney,FALSE,20,elitize_generation_data,59,7,0.158,NA
61,85,scrabble-score,tourney,FALSE,20,elitize_generation_data,60,7,0.17,NA
62,85,scrabble-score,tourney,FALSE,20,elitize_generation_data,61,9,0.159,NA
63,85,scrabble-score,tourney,FALSE,20,elitize_generation_data,62,7,0.161,NA
64,85,scrabble-score,tourney,FALSE,20,elitize_generation_data,63,6,0.158,NA
65,85,scrabble-score,tourney,FALSE,20,elitize_generation_data,64,7,0.171,NA
66,85,scrabble-score,tourney,FALSE,20,elitize_generation_data,65,7,0.149,NA
67,85,scrabble-score,tourney,FALSE,20,elitize_generation_data,66,7,0.149,NA
68,85,scrabble-score,tourney,FALSE,20,elitize_generation_data,67,6,0.144,NA
69,85,scrabble-score,tourney,FALSE,20,elitize_generation_data,68,7,0.154,NA
70,85,scrabble-score,tourney,FALSE,20,elitize_generation_data,69,6,0.167,NA
71,85,scrabble-score,tourney,FALSE,20,elitize_generation_data,70,7,0.16,NA
72,85,scrabble-score,tourney,FALSE,20,elitize_generation_data,71,7,0.174,NA
73,85,scrabble-score,tourney,FALSE,20,elitize_generation_data,72,8,0.16,NA
74,85,scrabble-score,tourney,FALSE,20,elitize_generation_data,73,6,0.171,NA
75,85,scrabble-score,tourney,FALSE,20,elitize_generation_data,74,7,0.177,NA
76,85,scrabble-score,tourney,FALSE,20,elitize_generation_data,75,8,0.161,NA
77,85,scrabble-score,tourney,FALSE,20,elitize_generation_data,76,7,0.203,NA
78,85,scrabble-score,tourney,FALSE,20,elitize_generation_data,77,6,0.186,NA
79,85,scrabble-score,tourney,FALSE,20,elitize_generation_data,78,9,0.186,NA
80,85,scrabble-score,tourney,FALSE,20,elitize_generation_data,79,6,0.163,NA
81,85,scrabble-score,tourney,FALSE,20,elitize_generation_data,80,8,0.19,NA
82,85,scrabble-score,tourney,FALSE,20,elitize_generation_data,81,8,0.174,NA
83,85,scrabble-score,tourney,FALSE,20,elitize_generation_data,82,8,0.177,NA
84,85,scrabble-score,tourney,FALSE,20,elitize_generation_data,83,5,0.172,NA
85,85,scrabble-score,tourney,FALSE,20,elitize_generation_data,84,9,0.186,NA
86,85,scrabble-score,tourney,FALSE,20,elitize_generation_data,85,7,0.175,NA
87,85,scrabble-score,tourney,FALSE,20,elitize_generation_data,86,7,0.174,NA
88,85,scrabble-score,tourney,FALSE,20,elitize_generation_data,87,7,0.18,NA
89,85,scrabble-score,tourney,FALSE,20,elitize_generation_data,88,9,0.189,NA
90,85,scrabble-score,tourney,FALSE,20,elitize_generation_data,89,10,0.175,NA
91,85,scrabble-score,tourney,FALSE,20,elitize_generation_data,90,6,0.186,NA
92,85,scrabble-score,tourney,FALSE,20,elitize_generation_data,91,5,0.178,NA
93,85,scrabble-score,tourney,FALSE,20,elitize_generation_data,92,7,0.179,NA
94,85,scrabble-score,tourney,FALSE,20,elitize_generation_data,93,6,0.183,NA
95,85,scrabble-score,tourney,FALSE,20,elitize_generation_data,94,7,0.2,NA
96,85,scrabble-score,tourney,FALSE,20,elitize_generation_data,95,9,0.178,NA
97,85,scrabble-score,tourney,FALSE,20,elitize_generation_data,96,8,0.195,NA
98,85,scrabble-score,tourney,FALSE,20,elitize_generation_data,97,7,0.203,NA
99,85,scrabble-score,tourney,FALSE,20,elitize_generation_data,98,7,0.193,NA
100,85,scrabble-score,tourney,FALSE,20,elitize_generation_data,99,7,0.209,NA
101,85,scrabble-score,tourney,FALSE,20,elitize_generation_data,100,5,0.206,NA
102,85,scrabble-score,tourney,FALSE,20,elitize_generation_data,101,6,0.209,NA
103,85,scrabble-score,tourney,FALSE,20,elitize_generation_data,102,9,0.23,NA
104,85,scrabble-score,tourney,FALSE,20,elitize_generation_data,103,7,0.253,NA
105,85,scrabble-score,tourney,FALSE,20,elitize_generation_data,104,5,0.26,NA
106,85,scrabble-score,tourney,FALSE,20,elitize_generation_data,105,5,0.234,NA
107,85,scrabble-score,tourney,FALSE,20,elitize_generation_data,106,6,0.245,NA
108,85,scrabble-score,tourney,FALSE,20,elitize_generation_data,107,7,0.272,NA
109,85,scrabble-score,tourney,FALSE,20,elitize_generation_data,108,7,0.252,NA
110,85,scrabble-score,tourney,FALSE,20,elitize_generation_data,109,6,0.241,NA
111,85,scrabble-score,tourney,FALSE,20,elitize_generation_data,110,6,0.236,NA
112,85,scrabble-score,tourney,FALSE,20,elitize_generation_data,111,4,0.244,NA
113,85,scrabble-score,tourney,FALSE,20,elitize_generation_data,112,5,0.257,NA
114,85,scrabble-score,tourney,FALSE,20,elitize_generation_data,113,5,0.269,NA
115,85,scrabble-score,tourney,FALSE,20,elitize_generation_data,114,6,0.266,NA
116,85,scrabble-score,tourney,FALSE,20,elitize_generation_data,115,9,0.269,NA
117,85,scrabble-score,tourney,FALSE,20,elitize_generation_data,116,8,0.262,NA
118,85,scrabble-score,tourney,FALSE,20,elitize_generation_data,117,7,0.28,NA
119,85,scrabble-score,tourney,FALSE,20,elitize_generation_data,118,7,0.264,NA
120,85,scrabble-score,tourney,FALSE,20,elitize_generation_data,119,8,0.262,NA
121,85,scrabble-score,tourney,FALSE,20,elitize_generation_data,120,7,0.279,NA
122,85,scrabble-score,tourney,FALSE,20,elitize_generation_data,121,8,0.3,NA
123,85,scrabble-score,tourney,FALSE,20,elitize_generation_data,122,5,0.288,NA
124,85,scrabble-score,tourney,FALSE,20,elitize_generation_data,123,5,0.317,NA
125,85,scrabble-score,tourney,FALSE,20,elitize_generation_data,124,5,0.286,NA
126,85,scrabble-score,tourney,FALSE,20,elitize_generation_data,125,5,0.319,NA
127,85,scrabble-score,tourney,FALSE,20,elitize_generation_data,126,6,0.299,NA
128,85,scrabble-score,tourney,FALSE,20,elitize_generation_data,127,5,0.326,NA
129,85,scrabble-score,tourney,FALSE,20,elitize_generation_data,128,4,0.319,NA
130,85,scrabble-score,tourney,FALSE,20,elitize_generation_data,129,5,0.307,NA
131,85,scrabble-score,tourney,FALSE,20,elitize_generation_data,130,7,0.297,NA
132,85,scrabble-score,tourney,FALSE,20,elitize_generation_data,131,6,0.308,NA
133,85,scrabble-score,tourney,FALSE,20,elitize_generation_data,132,5,0.332,NA
134,85,scrabble-score,tourney,FALSE,20,elitize_generation_data,133,8,0.336,NA
135,85,scrabble-score,tourney,FALSE,20,elitize_generation_data,134,6,0.323,NA
136,85,scrabble-score,tourney,FALSE,20,elitize_generation_data,135,5,0.32,NA
137,85,scrabble-score,tourney,FALSE,20,elitize_generation_data,136,5,0.337,NA
138,85,scrabble-score,tourney,FALSE,20,elitize_generation_data,137,5,0.324,NA
139,85,scrabble-score,tourney,FALSE,20,elitize_generation_data,138,5,0.319,NA
140,85,scrabble-score,tourney,FALSE,20,elitize_generation_data,139,2,0.329,NA
141,85,scrabble-score,tourney,FALSE,20,elitize_generation_data,140,4,0.337,NA
142,85,scrabble-score,tourney,FALSE,20,elitize_generation_data,141,6,0.362,NA
143,85,scrabble-score,tourney,FALSE,20,elitize_generation_data,142,5,0.34,NA
144,85,scrabble-score,tourney,FALSE,20,elitize_generation_data,143,6,0.321,NA
145,85,scrabble-score,tourney,FALSE,20,elitize_generation_data,144,4,0.335,NA
146,85,scrabble-score,tourney,FALSE,20,elitize_generation_data,145,3,0.326,NA
147,85,scrabble-score,tourney,FALSE,20,elitize_generation_data,146,6,0.336,NA
148,85,scrabble-score,tourney,FALSE,20,elitize_generation_data,147,8,0.327,NA
149,85,scrabble-score,tourney,FALSE,20,elitize_generation_data,148,4,0.339,NA
150,85,scrabble-score,tourney,FALSE,20,elitize_generation_data,149,8,0.343,NA
151,85,scrabble-score,tourney,FALSE,20,elitize_generation_data,150,4,0.338,NA
152,85,scrabble-score,tourney,FALSE,20,elitize_generation_data,151,6,0.344,NA
153,85,scrabble-score,tourney,FALSE,20,elitize_generation_data,152,5,0.338,NA
154,85,scrabble-score,tourney,FALSE,20,elitize_generation_data,153,4,0.359,NA
155,85,scrabble-score,tourney,FALSE,20,elitize_generation_data,154,5,0.367,NA
156,85,scrabble-score,tourney,FALSE,20,elitize_generation_data,155,8,0.358,NA
157,85,scrabble-score,tourney,FALSE,20,elitize_generation_data,156,6,0.367,NA
158,85,scrabble-score,tourney,FALSE,20,elitize_generation_data,157,6,0.368,NA
159,85,scrabble-score,tourney,FALSE,20,elitize_generation_data,158,3,0.329,NA
160,85,scrabble-score,tourney,FALSE,20,elitize_generation_data,159,5,0.374,NA
161,85,scrabble-score,tourney,FALSE,20,elitize_generation_data,160,3,0.369,NA
162,85,scrabble-score,tourney,FALSE,20,elitize_generation_data,161,6,0.377,NA
163,85,scrabble-score,tourney,FALSE,20,elitize_generation_data,162,4,0.371,NA
164,85,scrabble-score,tourney,FALSE,20,elitize_generation_data,163,4,0.403,NA
165,85,scrabble-score,tourney,FALSE,20,elitize_generation_data,164,6,0.407,NA
166,85,scrabble-score,tourney,FALSE,20,elitize_generation_data,165,5,0.415,NA
167,85,scrabble-score,tourney,FALSE,20,elitize_generation_data,166,3,0.406,NA
168,85,scrabble-score,tourney,FALSE,20,elitize_generation_data,167,6,0.415,NA
169,85,scrabble-score,tourney,FALSE,20,elitize_generation_data,168,3,0.431,NA
170,85,scrabble-score,tourney,FALSE,20,elitize_generation_data,169,7,0.45,NA
171,85,scrabble-score,tourney,FALSE,20,elitize_generation_data,170,7,0.462,NA
172,85,scrabble-score,tourney,FALSE,20,elitize_generation_data,171,5,0.399,NA
173,85,scrabble-score,tourney,FALSE,20,elitize_generation_data,172,4,0.439,NA
174,85,scrabble-score,tourney,FALSE,20,elitize_generation_data,173,5,0.412,NA
175,85,scrabble-score,tourney,FALSE,20,elitize_generation_data,174,5,0.411,NA
176,85,scrabble-score,tourney,FALSE,20,elitize_generation_data,175,7,0.424,NA
177,85,scrabble-score,tourney,FALSE,20,elitize_generation_data,176,7,0.439,NA
178,85,scrabble-score,tourney,FALSE,20,elitize_generation_data,177,7,0.455,NA
179,85,scrabble-score,tourney,FALSE,20,elitize_generation_data,178,7,0.418,NA
180,85,scrabble-score,tourney,FALSE,20,elitize_generation_data,179,5,0.435,NA
181,85,scrabble-score,tourney,FALSE,20,elitize_generation_data,180,5,0.423,NA
182,85,scrabble-score,tourney,FALSE,20,elitize_generation_data,181,4,0.449,NA
183,85,scrabble-score,tourney,FALSE,20,elitize_generation_data,182,6,0.464,NA
184,85,scrabble-score,tourney,FALSE,20,elitize_generation_data,183,8,0.448,NA
185,85,scrabble-score,tourney,FALSE,20,elitize_generation_data,184,6,0.41,NA
186,85,scrabble-score,tourney,FALSE,20,elitize_generation_data,185,6,0.406,NA
187,85,scrabble-score,tourney,FALSE,20,elitize_generation_data,186,7,0.389,NA
188,85,scrabble-score,tourney,FALSE,20,elitize_generation_data,187,6,0.381,NA
189,85,scrabble-score,tourney,FALSE,20,elitize_generation_data,188,6,0.377,NA
190,85,scrabble-score,tourney,FALSE,20,elitize_generation_data,189,6,0.377,NA
191,85,scrabble-score,tourney,FALSE,20,elitize_generation_data,190,5,0.37,NA
192,85,scrabble-score,tourney,FALSE,20,elitize_generation_data,191,7,0.396,NA
193,85,scrabble-score,tourney,FALSE,20,elitize_generation_data,192,6,0.387,NA
194,85,scrabble-score,tourney,FALSE,20,elitize_generation_data,193,4,0.376,NA
195,85,scrabble-score,tourney,FALSE,20,elitize_generation_data,194,5,0.387,NA
196,85,scrabble-score,tourney,FALSE,20,elitize_generation_data,195,6,0.38,NA
197,85,scrabble-score,tourney,FALSE,20,elitize_generation_data,196,6,0.382,NA
198,85,scrabble-score,tourney,FALSE,20,elitize_generation_data,197,7,0.397,NA
199,85,scrabble-score,tourney,FALSE,20,elitize_generation_data,198,6,0.403,NA
200,85,scrabble-score,tourney,FALSE,20,elitize_generation_data,199,5,0.376,NA
201,85,scrabble-score,tourney,FALSE,20,elitize_generation_data,200,6,0.413,NA
202,85,scrabble-score,tourney,FALSE,20,elitize_generation_data,201,4,0.389,NA
203,85,scrabble-score,tourney,FALSE,20,elitize_generation_data,202,6,0.393,NA
204,85,scrabble-score,tourney,FALSE,20,elitize_generation_data,203,7,0.425,NA
205,85,scrabble-score,tourney,FALSE,20,elitize_generation_data,204,5,0.424,NA
206,85,scrabble-score,tourney,FALSE,20,elitize_generation_data,205,6,0.408,NA
207,85,scrabble-score,tourney,FALSE,20,elitize_generation_data,206,7,0.383,NA
208,85,scrabble-score,tourney,FALSE,20,elitize_generation_data,207,7,0.414,NA
209,85,scrabble-score,tourney,FALSE,20,elitize_generation_data,208,7,0.371,NA
210,85,scrabble-score,tourney,FALSE,20,elitize_generation_data,209,8,0.386,NA
211,85,scrabble-score,tourney,FALSE,20,elitize_generation_data,210,6,0.4,NA
212,85,scrabble-score,tourney,FALSE,20,elitize_generation_data,211,7,0.379,NA
213,85,scrabble-score,tourney,FALSE,20,elitize_generation_data,212,5,0.393,NA
214,85,scrabble-score,tourney,FALSE,20,elitize_generation_data,213,6,0.395,NA
215,85,scrabble-score,tourney,FALSE,20,elitize_generation_data,214,5,0.381,NA
216,85,scrabble-score,tourney,FALSE,20,elitize_generation_data,215,4,0.39,NA
217,85,scrabble-score,tourney,FALSE,20,elitize_generation_data,216,5,0.382,NA
218,85,scrabble-score,tourney,FALSE,20,elitize_generation_data,217,5,0.396,NA
219,85,scrabble-score,tourney,FALSE,20,elitize_generation_data,218,6,0.372,NA
220,85,scrabble-score,tourney,FALSE,20,elitize_generation_data,219,6,0.384,NA
221,85,scrabble-score,tourney,FALSE,20,elitize_generation_data,220,6,0.39,NA
222,85,scrabble-score,tourney,FALSE,20,elitize_generation_data,221,6,0.408,NA
223,85,scrabble-score,tourney,FALSE,20,elitize_generation_data,222,7,0.403,NA
224,85,scrabble-score,tourney,FALSE,20,elitize_generation_data,223,6,0.405,NA
225,85,scrabble-score,tourney,FALSE,20,elitize_generation_data,224,5,0.38,NA
226,85,scrabble-score,tourney,FALSE,20,elitize_generation_data,225,6,0.373,NA
227,85,scrabble-score,tourney,FALSE,20,elitize_generation_data,226,5,0.401,NA
228,85,scrabble-score,tourney,FALSE,20,elitize_generation_data,227,7,0.405,NA
229,85,scrabble-score,tourney,FALSE,20,elitize_generation_data,228,4,0.38,NA
230,85,scrabble-score,tourney,FALSE,20,elitize_generation_data,229,7,0.386,NA
231,85,scrabble-score,tourney,FALSE,20,elitize_generation_data,230,5,0.383,NA
232,85,scrabble-score,tourney,FALSE,20,elitize_generation_data,231,3,0.412,NA
233,85,scrabble-score,tourney,FALSE,20,elitize_generation_data,232,5,0.397,NA
234,85,scrabble-score,tourney,FALSE,20,elitize_generation_data,233,5,0.439,NA
235,85,scrabble-score,tourney,FALSE,20,elitize_generation_data,234,5,0.398,NA
236,85,scrabble-score,tourney,FALSE,20,elitize_generation_data,235,6,0.373,NA
237,85,scrabble-score,tourney,FALSE,20,elitize_generation_data,236,6,0.372,NA
238,85,scrabble-score,tourney,FALSE,20,elitize_generation_data,237,5,0.405,NA
239,85,scrabble-score,tourney,FALSE,20,elitize_generation_data,238,5,0.389,NA
240,85,scrabble-score,tourney,FALSE,20,elitize_generation_data,239,7,0.403,NA
241,85,scrabble-score,tourney,FALSE,20,elitize_generation_data,240,6,0.383,NA
242,85,scrabble-score,tourney,FALSE,20,elitize_generation_data,241,4,0.41,NA
243,85,scrabble-score,tourney,FALSE,20,elitize_generation_data,242,7,0.437,NA
244,85,scrabble-score,tourney,FALSE,20,elitize_generation_data,243,7,0.439,NA
245,85,scrabble-score,tourney,FALSE,20,elitize_generation_data,244,5,0.428,NA
246,85,scrabble-score,tourney,FALSE,20,elitize_generation_data,245,7,0.422,NA
247,85,scrabble-score,tourney,FALSE,20,elitize_generation_data,246,6,0.413,NA
248,85,scrabble-score,tourney,FALSE,20,elitize_generation_data,247,4,0.433,NA
249,85,scrabble-score,tourney,FALSE,20,elitize_generation_data,248,7,0.434,NA
250,85,scrabble-score,tourney,FALSE,20,elitize_generation_data,249,7,0.427,NA
251,85,scrabble-score,tourney,FALSE,20,elitize_generation_data,250,6,0.449,NA
252,85,scrabble-score,tourney,FALSE,20,elitize_generation_data,251,7,0.453,NA
253,85,scrabble-score,tourney,FALSE,20,elitize_generation_data,252,7,0.443,NA
254,85,scrabble-score,tourney,FALSE,20,elitize_generation_data,253,8,0.436,NA
255,85,scrabble-score,tourney,FALSE,20,elitize_generation_data,254,8,0.43,NA
256,85,scrabble-score,tourney,FALSE,20,elitize_generation_data,255,6,0.416,NA
257,85,scrabble-score,tourney,FALSE,20,elitize_generation_data,256,6,0.415,NA
258,85,scrabble-score,tourney,FALSE,20,elitize_generation_data,257,8,0.435,NA
259,85,scrabble-score,tourney,FALSE,20,elitize_generation_data,258,4,0.454,NA
260,85,scrabble-score,tourney,FALSE,20,elitize_generation_data,259,8,0.439,NA
261,85,scrabble-score,tourney,FALSE,20,elitize_generation_data,260,5,0.438,NA
262,85,scrabble-score,tourney,FALSE,20,elitize_generation_data,261,6,0.43,NA
263,85,scrabble-score,tourney,FALSE,20,elitize_generation_data,262,5,0.451,NA
264,85,scrabble-score,tourney,FALSE,20,elitize_generation_data,263,8,0.418,NA
265,85,scrabble-score,tourney,FALSE,20,elitize_generation_data,264,8,0.437,NA
266,85,scrabble-score,tourney,FALSE,20,elitize_generation_data,265,6,0.438,NA
267,85,scrabble-score,tourney,FALSE,20,elitize_generation_data,266,4,0.456,NA
268,85,scrabble-score,tourney,FALSE,20,elitize_generation_data,267,8,0.454,NA
269,85,scrabble-score,tourney,FALSE,20,elitize_generation_data,268,8,0.41,NA
270,85,scrabble-score,tourney,FALSE,20,elitize_generation_data,269,4,0.432,NA
271,85,scrabble-score,tourney,FALSE,20,elitize_generation_data,270,8,0.407,NA
272,85,scrabble-score,tourney,FALSE,20,elitize_generation_data,271,5,0.442,NA
273,85,scrabble-score,tourney,FALSE,20,elitize_generation_data,272,8,0.417,NA
274,85,scrabble-score,tourney,FALSE,20,elitize_generation_data,273,6,0.432,NA
275,85,scrabble-score,tourney,FALSE,20,elitize_generation_data,274,9,0.415,NA
276,85,scrabble-score,tourney,FALSE,20,elitize_generation_data,275,8,0.41,NA
277,85,scrabble-score,tourney,FALSE,20,elitize_generation_data,276,3,0.428,NA
278,85,scrabble-score,tourney,FALSE,20,elitize_generation_data,277,6,0.411,NA
279,85,scrabble-score,tourney,FALSE,20,elitize_generation_data,278,6,0.433,NA
280,85,scrabble-score,tourney,FALSE,20,elitize_generation_data,279,5,0.426,NA
281,85,scrabble-score,tourney,FALSE,20,elitize_generation_data,280,6,0.429,NA
282,85,scrabble-score,tourney,FALSE,20,elitize_generation_data,281,5,0.423,NA
283,85,scrabble-score,tourney,FALSE,20,elitize_generation_data,282,7,0.437,NA
284,85,scrabble-score,tourney,FALSE,20,elitize_generation_data,283,5,0.421,NA
285,85,scrabble-score,tourney,FALSE,20,elitize_generation_data,284,4,0.417,NA
286,85,scrabble-score,tourney,FALSE,20,elitize_generation_data,285,7,0.434,NA
287,85,scrabble-score,tourney,FALSE,20,elitize_generation_data,286,7,0.419,NA
288,85,scrabble-score,tourney,FALSE,20,elitize_generation_data,287,6,0.438,NA
289,85,scrabble-score,tourney,FALSE,20,elitize_generation_data,288,8,0.439,NA
290,85,scrabble-score,tourney,FALSE,20,elitize_generation_data,289,6,0.408,NA
291,85,scrabble-score,tourney,FALSE,20,elitize_generation_data,290,6,0.404,NA
292,85,scrabble-score,tourney,FALSE,20,elitize_generation_data,291,6,0.436,NA
293,85,scrabble-score,tourney,FALSE,20,elitize_generation_data,292,3,0.395,NA
294,85,scrabble-score,tourney,FALSE,20,elitize_generation_data,293,6,0.434,NA
295,85,scrabble-score,tourney,FALSE,20,elitize_generation_data,294,4,0.396,NA
296,85,scrabble-score,tourney,FALSE,20,elitize_generation_data,295,5,0.389,NA
297,85,scrabble-score,tourney,FALSE,20,elitize_generation_data,296,8,0.424,NA
298,85,scrabble-score,tourney,FALSE,20,elitize_generation_data,297,5,0.406,NA
299,85,scrabble-score,tourney,FALSE,20,elitize_generation_data,298,4,0.417,NA
300,85,scrabble-score,tourney,FALSE,20,elitize_generation_data,299,3,0.415,NA
301,85,scrabble-score,tourney,FALSE,20,elitize_generation_data,300,7,0.388,NA
