,run.num,problem,treatment,succeeded,height,normalization.function,generation,cluster.count,error.diversity,success.generation
1,55,scrabble-score,tourney,FALSE,20,elitize_generation_data,0,5,0.113,NA
2,55,scrabble-score,tourney,FALSE,20,elitize_generation_data,1,4,0.104,NA
3,55,scrabble-score,tourney,FALSE,20,elitize_generation_data,2,3,0.09,NA
4,55,scrabble-score,tourney,FALSE,20,elitize_generation_data,3,2,0.092,NA
5,55,scrabble-score,tourney,FALSE,20,elitize_generation_data,4,5,0.051,NA
6,55,scrabble-score,tourney,FALSE,20,elitize_generation_data,5,7,0.047,NA
7,55,scrabble-score,tourney,FALSE,20,elitize_generation_data,6,5,0.125,NA
8,55,scrabble-score,tourney,FALSE,20,elitize_generation_data,7,4,0.183,NA
9,55,scrabble-score,tourney,FALSE,20,elitize_generation_data,8,4,0.207,NA
10,55,scrabble-score,tourney,FALSE,20,elitize_generation_data,9,6,0.233,NA
11,55,scrabble-score,tourney,FALSE,20,elitize_generation_data,10,6,0.202,NA
12,55,scrabble-score,tourney,FALSE,20,elitize_generation_data,11,6,0.16,NA
13,55,scrabble-score,tourney,FALSE,20,elitize_generation_data,12,4,0.143,NA
14,55,scrabble-score,tourney,FALSE,20,elitize_generation_data,13,7,0.2,NA
15,55,scrabble-score,tourney,FALSE,20,elitize_generation_data,14,6,0.243,NA
16,55,scrabble-score,tourney,FALSE,20,elitize_generation_data,15,5,0.269,NA
17,55,scrabble-score,tourney,FALSE,20,elitize_generation_data,16,6,0.247,NA
18,55,scrabble-score,tourney,FALSE,20,elitize_generation_data,17,6,0.267,NA
19,55,scrabble-score,tourney,FALSE,20,elitize_generation_data,18,5,0.272,NA
20,55,scrabble-score,tourney,FALSE,20,elitize_generation_data,19,5,0.326,NA
21,55,scrabble-score,tourney,FALSE,20,elitize_generation_data,20,4,0.358,NA
22,55,scrabble-score,tourney,FALSE,20,elitize_generation_data,21,7,0.384,NA
23,55,scrabble-score,tourney,FALSE,20,elitize_generation_data,22,5,0.34,NA
24,55,scrabble-score,tourney,FALSE,20,elitize_generation_data,23,5,0.286,NA
25,55,scrabble-score,tourney,FALSE,20,elitize_generation_data,24,5,0.281,NA
26,55,scrabble-score,tourney,FALSE,20,elitize_generation_data,25,7,0.302,NA
27,55,scrabble-score,tourney,FALSE,20,elitize_generation_data,26,6,0.309,NA
28,55,scrabble-score,tourney,FALSE,20,elitize_generation_data,27,5,0.348,NA
29,55,scrabble-score,tourney,FALSE,20,elitize_generation_data,28,6,0.33,NA
30,55,scrabble-score,tourney,FALSE,20,elitize_generation_data,29,4,0.355,NA
31,55,scrabble-score,tourney,FALSE,20,elitize_generation_data,30,6,0.378,NA
32,55,scrabble-score,tourney,FALSE,20,elitize_generation_data,31,8,0.398,NA
33,55,scrabble-score,tourney,FALSE,20,elitize_generation_data,32,5,0.418,NA
34,55,scrabble-score,tourney,FALSE,20,elitize_generation_data,33,5,0.446,NA
35,55,scrabble-score,tourney,FALSE,20,elitize_generation_data,34,7,0.459,NA
36,55,scrabble-score,tourney,FALSE,20,elitize_generation_data,35,6,0.482,NA
37,55,scrabble-score,tourney,FALSE,20,elitize_generation_data,36,4,0.465,NA
38,55,scrabble-score,tourney,FALSE,20,elitize_generation_data,37,4,0.538,NA
39,55,scrabble-score,tourney,FALSE,20,elitize_generation_data,38,7,0.552,NA
40,55,scrabble-score,tourney,FALSE,20,elitize_generation_data,39,4,0.553,NA
41,55,scrabble-score,tourney,FALSE,20,elitize_generation_data,40,5,0.568,NA
42,55,scrabble-score,tourney,FALSE,20,elitize_generation_data,41,4,0.568,NA
43,55,scrabble-score,tourney,FALSE,20,elitize_generation_data,42,6,0.584,NA
44,55,scrabble-score,tourney,FALSE,20,elitize_generation_data,43,6,0.583,NA
45,55,scrabble-score,tourney,FALSE,20,elitize_generation_data,44,7,0.59,NA
46,55,scrabble-score,tourney,FALSE,20,elitize_generation_data,45,4,0.616,NA
47,55,scrabble-score,tourney,FALSE,20,elitize_generation_data,46,3,0.559,NA
48,55,scrabble-score,tourney,FALSE,20,elitize_generation_data,47,6,0.572,NA
49,55,scrabble-score,tourney,FALSE,20,elitize_generation_data,48,4,0.574,NA
50,55,scrabble-score,tourney,FALSE,20,elitize_generation_data,49,3,0.555,NA
51,55,scrabble-score,tourney,FALSE,20,elitize_generation_data,50,6,0.556,NA
52,55,scrabble-score,tourney,FALSE,20,elitize_generation_data,51,6,0.563,NA
53,55,scrabble-score,tourney,FALSE,20,elitize_generation_data,52,5,0.564,NA
54,55,scrabble-score,tourney,FALSE,20,elitize_generation_data,53,6,0.561,NA
55,55,scrabble-score,tourney,FALSE,20,elitize_generation_data,54,3,0.575,NA
56,55,scrabble-score,tourney,FALSE,20,elitize_generation_data,55,4,0.606,NA
57,55,scrabble-score,tourney,FALSE,20,elitize_generation_data,56,5,0.6,NA
58,55,scrabble-score,tourney,FALSE,20,elitize_generation_data,57,3,0.59,NA
59,55,scrabble-score,tourney,FALSE,20,elitize_generation_data,58,5,0.539,NA
60,55,scrabble-score,tourney,FALSE,20,elitize_generation_data,59,5,0.559,NA
61,55,scrabble-score,tourney,FALSE,20,elitize_generation_data,60,4,0.54,NA
62,55,scrabble-score,tourney,FALSE,20,elitize_generation_data,61,3,0.536,NA
63,55,scrabble-score,tourney,FALSE,20,elitize_generation_data,62,4,0.569,NA
64,55,scrabble-score,tourney,FALSE,20,elitize_generation_data,63,4,0.591,NA
65,55,scrabble-score,tourney,FALSE,20,elitize_generation_data,64,5,0.57,NA
66,55,scrabble-score,tourney,FALSE,20,elitize_generation_data,65,3,0.594,NA
67,55,scrabble-score,tourney,FALSE,20,elitize_generation_data,66,5,0.613,NA
68,55,scrabble-score,tourney,FALSE,20,elitize_generation_data,67,4,0.607,NA
69,55,scrabble-score,tourney,FALSE,20,elitize_generation_data,68,4,0.603,NA
70,55,scrabble-score,tourney,FALSE,20,elitize_generation_data,69,4,0.632,NA
71,55,scrabble-score,tourney,FALSE,20,elitize_generation_data,70,3,0.61,NA
72,55,scrabble-score,tourney,FALSE,20,elitize_generation_data,71,5,0.65,NA
73,55,scrabble-score,tourney,FALSE,20,elitize_generation_data,72,3,0.682,NA
74,55,scrabble-score,tourney,FALSE,20,elitize_generation_data,73,5,0.698,NA
75,55,scrabble-score,tourney,FALSE,20,elitize_generation_data,74,3,0.698,NA
76,55,scrabble-score,tourney,FALSE,20,elitize_generation_data,75,3,0.695,NA
77,55,scrabble-score,tourney,FALSE,20,elitize_generation_data,76,4,0.708,NA
78,55,scrabble-score,tourney,FALSE,20,elitize_generation_data,77,4,0.712,NA
79,55,scrabble-score,tourney,FALSE,20,elitize_generation_data,78,3,0.71,NA
80,55,scrabble-score,tourney,FALSE,20,elitize_generation_data,79,2,0.691,NA
81,55,scrabble-score,tourney,FALSE,20,elitize_generation_data,80,5,0.739,NA
82,55,scrabble-score,tourney,FALSE,20,elitize_generation_data,81,4,0.736,NA
83,55,scrabble-score,tourney,FALSE,20,elitize_generation_data,82,5,0.735,NA
84,55,scrabble-score,tourney,FALSE,20,elitize_generation_data,83,6,0.727,NA
85,55,scrabble-score,tourney,FALSE,20,elitize_generation_data,84,4,0.73,NA
86,55,scrabble-score,tourney,FALSE,20,elitize_generation_data,85,6,0.734,NA
87,55,scrabble-score,tourney,FALSE,20,elitize_generation_data,86,4,0.73,NA
88,55,scrabble-score,tourney,FALSE,20,elitize_generation_data,87,4,0.711,NA
89,55,scrabble-score,tourney,FALSE,20,elitize_generation_data,88,2,0.713,NA
90,55,scrabble-score,tourney,FALSE,20,elitize_generation_data,89,6,0.729,NA
91,55,scrabble-score,tourney,FALSE,20,elitize_generation_data,90,5,0.697,NA
92,55,scrabble-score,tourney,FALSE,20,elitize_generation_data,91,4,0.705,NA
93,55,scrabble-score,tourney,FALSE,20,elitize_generation_data,92,6,0.726,NA
94,55,scrabble-score,tourney,FALSE,20,elitize_generation_data,93,5,0.713,NA
95,55,scrabble-score,tourney,FALSE,20,elitize_generation_data,94,6,0.735,NA
96,55,scrabble-score,tourney,FALSE,20,elitize_generation_data,95,5,0.768,NA
97,55,scrabble-score,tourney,FALSE,20,elitize_generation_data,96,4,0.758,NA
98,55,scrabble-score,tourney,FALSE,20,elitize_generation_data,97,5,0.771,NA
99,55,scrabble-score,tourney,FALSE,20,elitize_generation_data,98,5,0.789,NA
100,55,scrabble-score,tourney,FALSE,20,elitize_generation_data,99,4,0.794,NA
101,55,scrabble-score,tourney,FALSE,20,elitize_generation_data,100,5,0.788,NA
102,55,scrabble-score,tourney,FALSE,20,elitize_generation_data,101,5,0.798,NA
103,55,scrabble-score,tourney,FALSE,20,elitize_generation_data,102,5,0.778,NA
104,55,scrabble-score,tourney,FALSE,20,elitize_generation_data,103,6,0.816,NA
105,55,scrabble-score,tourney,FALSE,20,elitize_generation_data,104,5,0.791,NA
106,55,scrabble-score,tourney,FALSE,20,elitize_generation_data,105,4,0.81,NA
107,55,scrabble-score,tourney,FALSE,20,elitize_generation_data,106,6,0.804,NA
108,55,scrabble-score,tourney,FALSE,20,elitize_generation_data,107,7,0.791,NA
109,55,scrabble-score,tourney,FALSE,20,elitize_generation_data,108,4,0.767,NA
110,55,scrabble-score,tourney,FALSE,20,elitize_generation_data,109,4,0.765,NA
111,55,scrabble-score,tourney,FALSE,20,elitize_generation_data,110,5,0.788,NA
112,55,scrabble-score,tourney,FALSE,20,elitize_generation_data,111,4,0.804,NA
113,55,scrabble-score,tourney,FALSE,20,elitize_generation_data,112,8,0.811,NA
114,55,scrabble-score,tourney,FALSE,20,elitize_generation_data,113,5,0.825,NA
115,55,scrabble-score,tourney,FALSE,20,elitize_generation_data,114,6,0.807,NA
116,55,scrabble-score,tourney,FALSE,20,elitize_generation_data,115,5,0.817,NA
117,55,scrabble-score,tourney,FALSE,20,elitize_generation_data,116,6,0.803,NA
118,55,scrabble-score,tourney,FALSE,20,elitize_generation_data,117,5,0.815,NA
119,55,scrabble-score,tourney,FALSE,20,elitize_generation_data,118,7,0.834,NA
120,55,scrabble-score,tourney,FALSE,20,elitize_generation_data,119,4,0.841,NA
121,55,scrabble-score,tourney,FALSE,20,elitize_generation_data,120,6,0.861,NA
122,55,scrabble-score,tourney,FALSE,20,elitize_generation_data,121,5,0.844,NA
123,55,scrabble-score,tourney,FALSE,20,elitize_generation_data,122,5,0.857,NA
124,55,scrabble-score,tourney,FALSE,20,elitize_generation_data,123,6,0.867,NA
125,55,scrabble-score,tourney,FALSE,20,elitize_generation_data,124,4,0.866,NA
126,55,scrabble-score,tourney,FALSE,20,elitize_generation_data,125,6,0.861,NA
127,55,scrabble-score,tourney,FALSE,20,elitize_generation_data,126,5,0.882,NA
128,55,scrabble-score,tourney,FALSE,20,elitize_generation_data,127,5,0.875,NA
129,55,scrabble-score,tourney,FALSE,20,elitize_generation_data,128,6,0.873,NA
130,55,scrabble-score,tourney,FALSE,20,elitize_generation_data,129,7,0.865,NA
131,55,scrabble-score,tourney,FALSE,20,elitize_generation_data,130,6,0.879,NA
132,55,scrabble-score,tourney,FALSE,20,elitize_generation_data,131,9,0.871,NA
133,55,scrabble-score,tourney,FALSE,20,elitize_generation_data,132,7,0.856,NA
134,55,scrabble-score,tourney,FALSE,20,elitize_generation_data,133,6,0.864,NA
135,55,scrabble-score,tourney,FALSE,20,elitize_generation_data,134,7,0.871,NA
136,55,scrabble-score,tourney,FALSE,20,elitize_generation_data,135,7,0.864,NA
137,55,scrabble-score,tourney,FALSE,20,elitize_generation_data,136,9,0.845,NA
138,55,scrabble-score,tourney,FALSE,20,elitize_generation_data,137,10,0.827,NA
139,55,scrabble-score,tourney,FALSE,20,elitize_generation_data,138,7,0.831,NA
140,55,scrabble-score,tourney,FALSE,20,elitize_generation_data,139,6,0.839,NA
141,55,scrabble-score,tourney,FALSE,20,elitize_generation_data,140,7,0.79,NA
142,55,scrabble-score,tourney,FALSE,20,elitize_generation_data,141,4,0.794,NA
143,55,scrabble-score,tourney,FALSE,20,elitize_generation_data,142,5,0.787,NA
144,55,scrabble-score,tourney,FALSE,20,elitize_generation_data,143,6,0.802,NA
145,55,scrabble-score,tourney,FALSE,20,elitize_generation_data,144,5,0.791,NA
146,55,scrabble-score,tourney,FALSE,20,elitize_generation_data,145,7,0.795,NA
147,55,scrabble-score,tourney,FALSE,20,elitize_generation_data,146,7,0.811,NA
148,55,scrabble-score,tourney,FALSE,20,elitize_generation_data,147,4,0.817,NA
149,55,scrabble-score,tourney,FALSE,20,elitize_generation_data,148,6,0.826,NA
150,55,scrabble-score,tourney,FALSE,20,elitize_generation_data,149,6,0.819,NA
151,55,scrabble-score,tourney,FALSE,20,elitize_generation_data,150,7,0.841,NA
152,55,scrabble-score,tourney,FALSE,20,elitize_generation_data,151,6,0.839,NA
153,55,scrabble-score,tourney,FALSE,20,elitize_generation_data,152,6,0.83,NA
154,55,scrabble-score,tourney,FALSE,20,elitize_generation_data,153,7,0.843,NA
155,55,scrabble-score,tourney,FALSE,20,elitize_generation_data,154,8,0.862,NA
156,55,scrabble-score,tourney,FALSE,20,elitize_generation_data,155,7,0.853,NA
157,55,scrabble-score,tourney,FALSE,20,elitize_generation_data,156,9,0.856,NA
158,55,scrabble-score,tourney,FALSE,20,elitize_generation_data,157,6,0.841,NA
159,55,scrabble-score,tourney,FALSE,20,elitize_generation_data,158,10,0.858,NA
160,55,scrabble-score,tourney,FALSE,20,elitize_generation_data,159,8,0.839,NA
161,55,scrabble-score,tourney,FALSE,20,elitize_generation_data,160,8,0.847,NA
162,55,scrabble-score,tourney,FALSE,20,elitize_generation_data,161,7,0.848,NA
163,55,scrabble-score,tourney,FALSE,20,elitize_generation_data,162,8,0.843,NA
164,55,scrabble-score,tourney,FALSE,20,elitize_generation_data,163,7,0.834,NA
165,55,scrabble-score,tourney,FALSE,20,elitize_generation_data,164,5,0.848,NA
166,55,scrabble-score,tourney,FALSE,20,elitize_generation_data,165,9,0.868,NA
167,55,scrabble-score,tourney,FALSE,20,elitize_generation_data,166,4,0.842,NA
168,55,scrabble-score,tourney,FALSE,20,elitize_generation_data,167,8,0.842,NA
169,55,scrabble-score,tourney,FALSE,20,elitize_generation_data,168,4,0.835,NA
170,55,scrabble-score,tourney,FALSE,20,elitize_generation_data,169,7,0.838,NA
171,55,scrabble-score,tourney,FALSE,20,elitize_generation_data,170,5,0.845,NA
172,55,scrabble-score,tourney,FALSE,20,elitize_generation_data,171,4,0.852,NA
173,55,scrabble-score,tourney,FALSE,20,elitize_generation_data,172,4,0.86,NA
174,55,scrabble-score,tourney,FALSE,20,elitize_generation_data,173,3,0.868,NA
175,55,scrabble-score,tourney,FALSE,20,elitize_generation_data,174,4,0.851,NA
176,55,scrabble-score,tourney,FALSE,20,elitize_generation_data,175,3,0.852,NA
177,55,scrabble-score,tourney,FALSE,20,elitize_generation_data,176,9,0.871,NA
178,55,scrabble-score,tourney,FALSE,20,elitize_generation_data,177,6,0.863,NA
179,55,scrabble-score,tourney,FALSE,20,elitize_generation_data,178,4,0.869,NA
180,55,scrabble-score,tourney,FALSE,20,elitize_generation_data,179,7,0.872,NA
181,55,scrabble-score,tourney,FALSE,20,elitize_generation_data,180,7,0.855,NA
182,55,scrabble-score,tourney,FALSE,20,elitize_generation_data,181,6,0.864,NA
183,55,scrabble-score,tourney,FALSE,20,elitize_generation_data,182,8,0.872,NA
184,55,scrabble-score,tourney,FALSE,20,elitize_generation_data,183,5,0.858,NA
185,55,scrabble-score,tourney,FALSE,20,elitize_generation_data,184,7,0.864,NA
186,55,scrabble-score,tourney,FALSE,20,elitize_generation_data,185,6,0.843,NA
187,55,scrabble-score,tourney,FALSE,20,elitize_generation_data,186,7,0.868,NA
188,55,scrabble-score,tourney,FALSE,20,elitize_generation_data,187,7,0.858,NA
189,55,scrabble-score,tourney,FALSE,20,elitize_generation_data,188,10,0.846,NA
190,55,scrabble-score,tourney,FALSE,20,elitize_generation_data,189,5,0.87,NA
191,55,scrabble-score,tourney,FALSE,20,elitize_generation_data,190,5,0.851,NA
192,55,scrabble-score,tourney,FALSE,20,elitize_generation_data,191,6,0.876,NA
193,55,scrabble-score,tourney,FALSE,20,elitize_generation_data,192,8,0.864,NA
194,55,scrabble-score,tourney,FALSE,20,elitize_generation_data,193,6,0.881,NA
195,55,scrabble-score,tourney,FALSE,20,elitize_generation_data,194,8,0.872,NA
196,55,scrabble-score,tourney,FALSE,20,elitize_generation_data,195,9,0.858,NA
197,55,scrabble-score,tourney,FALSE,20,elitize_generation_data,196,5,0.877,NA
198,55,scrabble-score,tourney,FALSE,20,elitize_generation_data,197,6,0.88,NA
199,55,scrabble-score,tourney,FALSE,20,elitize_generation_data,198,7,0.89,NA
200,55,scrabble-score,tourney,FALSE,20,elitize_generation_data,199,6,0.889,NA
201,55,scrabble-score,tourney,FALSE,20,elitize_generation_data,200,10,0.883,NA
202,55,scrabble-score,tourney,FALSE,20,elitize_generation_data,201,9,0.904,NA
203,55,scrabble-score,tourney,FALSE,20,elitize_generation_data,202,9,0.897,NA
204,55,scrabble-score,tourney,FALSE,20,elitize_generation_data,203,7,0.906,NA
205,55,scrabble-score,tourney,FALSE,20,elitize_generation_data,204,7,0.901,NA
206,55,scrabble-score,tourney,FALSE,20,elitize_generation_data,205,5,0.911,NA
207,55,scrabble-score,tourney,FALSE,20,elitize_generation_data,206,6,0.892,NA
208,55,scrabble-score,tourney,FALSE,20,elitize_generation_data,207,11,0.916,NA
209,55,scrabble-score,tourney,FALSE,20,elitize_generation_data,208,9,0.909,NA
210,55,scrabble-score,tourney,FALSE,20,elitize_generation_data,209,7,0.924,NA
211,55,scrabble-score,tourney,FALSE,20,elitize_generation_data,210,7,0.933,NA
212,55,scrabble-score,tourney,FALSE,20,elitize_generation_data,211,7,0.903,NA
213,55,scrabble-score,tourney,FALSE,20,elitize_generation_data,212,5,0.92,NA
214,55,scrabble-score,tourney,FALSE,20,elitize_generation_data,213,6,0.901,NA
215,55,scrabble-score,tourney,FALSE,20,elitize_generation_data,214,7,0.899,NA
216,55,scrabble-score,tourney,FALSE,20,elitize_generation_data,215,8,0.892,NA
217,55,scrabble-score,tourney,FALSE,20,elitize_generation_data,216,5,0.877,NA
218,55,scrabble-score,tourney,FALSE,20,elitize_generation_data,217,3,0.894,NA
219,55,scrabble-score,tourney,FALSE,20,elitize_generation_data,218,6,0.885,NA
220,55,scrabble-score,tourney,FALSE,20,elitize_generation_data,219,9,0.875,NA
221,55,scrabble-score,tourney,FALSE,20,elitize_generation_data,220,7,0.903,NA
222,55,scrabble-score,tourney,FALSE,20,elitize_generation_data,221,7,0.891,NA
223,55,scrabble-score,tourney,FALSE,20,elitize_generation_data,222,5,0.885,NA
224,55,scrabble-score,tourney,FALSE,20,elitize_generation_data,223,6,0.889,NA
225,55,scrabble-score,tourney,FALSE,20,elitize_generation_data,224,8,0.901,NA
226,55,scrabble-score,tourney,FALSE,20,elitize_generation_data,225,9,0.881,NA
227,55,scrabble-score,tourney,FALSE,20,elitize_generation_data,226,8,0.871,NA
228,55,scrabble-score,tourney,FALSE,20,elitize_generation_data,227,10,0.858,NA
229,55,scrabble-score,tourney,FALSE,20,elitize_generation_data,228,6,0.869,NA
230,55,scrabble-score,tourney,FALSE,20,elitize_generation_data,229,6,0.872,NA
231,55,scrabble-score,tourney,FALSE,20,elitize_generation_data,230,5,0.851,NA
232,55,scrabble-score,tourney,FALSE,20,elitize_generation_data,231,9,0.855,NA
233,55,scrabble-score,tourney,FALSE,20,elitize_generation_data,232,6,0.856,NA
234,55,scrabble-score,tourney,FALSE,20,elitize_generation_data,233,10,0.868,NA
235,55,scrabble-score,tourney,FALSE,20,elitize_generation_data,234,5,0.877,NA
236,55,scrabble-score,tourney,FALSE,20,elitize_generation_data,235,5,0.892,NA
237,55,scrabble-score,tourney,FALSE,20,elitize_generation_data,236,4,0.874,NA
238,55,scrabble-score,tourney,FALSE,20,elitize_generation_data,237,5,0.891,NA
239,55,scrabble-score,tourney,FALSE,20,elitize_generation_data,238,8,0.875,NA
240,55,scrabble-score,tourney,FALSE,20,elitize_generation_data,239,7,0.853,NA
241,55,scrabble-score,tourney,FALSE,20,elitize_generation_data,240,8,0.868,NA
242,55,scrabble-score,tourney,FALSE,20,elitize_generation_data,241,10,0.862,NA
243,55,scrabble-score,tourney,FALSE,20,elitize_generation_data,242,4,0.878,NA
244,55,scrabble-score,tourney,FALSE,20,elitize_generation_data,243,11,0.866,NA
245,55,scrabble-score,tourney,FALSE,20,elitize_generation_data,244,6,0.894,NA
246,55,scrabble-score,tourney,FALSE,20,elitize_generation_data,245,8,0.876,NA
247,55,scrabble-score,tourney,FALSE,20,elitize_generation_data,246,7,0.872,NA
248,55,scrabble-score,tourney,FALSE,20,elitize_generation_data,247,5,0.86,NA
249,55,scrabble-score,tourney,FALSE,20,elitize_generation_data,248,8,0.858,NA
250,55,scrabble-score,tourney,FALSE,20,elitize_generation_data,249,5,0.84,NA
251,55,scrabble-score,tourney,FALSE,20,elitize_generation_data,250,7,0.846,NA
252,55,scrabble-score,tourney,FALSE,20,elitize_generation_data,251,10,0.839,NA
253,55,scrabble-score,tourney,FALSE,20,elitize_generation_data,252,7,0.854,NA
254,55,scrabble-score,tourney,FALSE,20,elitize_generation_data,253,3,0.858,NA
255,55,scrabble-score,tourney,FALSE,20,elitize_generation_data,254,7,0.863,NA
256,55,scrabble-score,tourney,FALSE,20,elitize_generation_data,255,4,0.872,NA
257,55,scrabble-score,tourney,FALSE,20,elitize_generation_data,256,8,0.868,NA
258,55,scrabble-score,tourney,FALSE,20,elitize_generation_data,257,8,0.866,NA
259,55,scrabble-score,tourney,FALSE,20,elitize_generation_data,258,10,0.872,NA
260,55,scrabble-score,tourney,FALSE,20,elitize_generation_data,259,8,0.861,NA
261,55,scrabble-score,tourney,FALSE,20,elitize_generation_data,260,6,0.867,NA
262,55,scrabble-score,tourney,FALSE,20,elitize_generation_data,261,9,0.872,NA
263,55,scrabble-score,tourney,FALSE,20,elitize_generation_data,262,8,0.89,NA
264,55,scrabble-score,tourney,FALSE,20,elitize_generation_data,263,10,0.877,NA
265,55,scrabble-score,tourney,FALSE,20,elitize_generation_data,264,9,0.884,NA
266,55,scrabble-score,tourney,FALSE,20,elitize_generation_data,265,9,0.893,NA
267,55,scrabble-score,tourney,FALSE,20,elitize_generation_data,266,7,0.884,NA
268,55,scrabble-score,tourney,FALSE,20,elitize_generation_data,267,9,0.888,NA
269,55,scrabble-score,tourney,FALSE,20,elitize_generation_data,268,8,0.864,NA
270,55,scrabble-score,tourney,FALSE,20,elitize_generation_data,269,8,0.866,NA
271,55,scrabble-score,tourney,FALSE,20,elitize_generation_data,270,8,0.855,NA
272,55,scrabble-score,tourney,FALSE,20,elitize_generation_data,271,10,0.882,NA
273,55,scrabble-score,tourney,FALSE,20,elitize_generation_data,272,8,0.874,NA
274,55,scrabble-score,tourney,FALSE,20,elitize_generation_data,273,5,0.873,NA
275,55,scrabble-score,tourney,FALSE,20,elitize_generation_data,274,7,0.862,NA
276,55,scrabble-score,tourney,FALSE,20,elitize_generation_data,275,7,0.889,NA
277,55,scrabble-score,tourney,FALSE,20,elitize_generation_data,276,8,0.897,NA
278,55,scrabble-score,tourney,FALSE,20,elitize_generation_data,277,3,0.881,NA
279,55,scrabble-score,tourney,FALSE,20,elitize_generation_data,278,12,0.886,NA
280,55,scrabble-score,tourney,FALSE,20,elitize_generation_data,279,9,0.888,NA
281,55,scrabble-score,tourney,FALSE,20,elitize_generation_data,280,11,0.885,NA
282,55,scrabble-score,tourney,FALSE,20,elitize_generation_data,281,11,0.885,NA
283,55,scrabble-score,tourney,FALSE,20,elitize_generation_data,282,13,0.89,NA
284,55,scrabble-score,tourney,FALSE,20,elitize_generation_data,283,6,0.888,NA
285,55,scrabble-score,tourney,FALSE,20,elitize_generation_data,284,10,0.893,NA
286,55,scrabble-score,tourney,FALSE,20,elitize_generation_data,285,8,0.874,NA
287,55,scrabble-score,tourney,FALSE,20,elitize_generation_data,286,9,0.897,NA
288,55,scrabble-score,tourney,FALSE,20,elitize_generation_data,287,15,0.908,NA
289,55,scrabble-score,tourney,FALSE,20,elitize_generation_data,288,8,0.905,NA
290,55,scrabble-score,tourney,FALSE,20,elitize_generation_data,289,13,0.905,NA
291,55,scrabble-score,tourney,FALSE,20,elitize_generation_data,290,10,0.888,NA
292,55,scrabble-score,tourney,FALSE,20,elitize_generation_data,291,16,0.903,NA
293,55,scrabble-score,tourney,FALSE,20,elitize_generation_data,292,8,0.899,NA
294,55,scrabble-score,tourney,FALSE,20,elitize_generation_data,293,7,0.896,NA
295,55,scrabble-score,tourney,FALSE,20,elitize_generation_data,294,8,0.873,NA
296,55,scrabble-score,tourney,FALSE,20,elitize_generation_data,295,4,0.881,NA
297,55,scrabble-score,tourney,FALSE,20,elitize_generation_data,296,5,0.876,NA
298,55,scrabble-score,tourney,FALSE,20,elitize_generation_data,297,9,0.859,NA
299,55,scrabble-score,tourney,FALSE,20,elitize_generation_data,298,6,0.879,NA
300,55,scrabble-score,tourney,FALSE,20,elitize_generation_data,299,6,0.858,NA
301,55,scrabble-score,tourney,FALSE,20,elitize_generation_data,300,10,0.874,NA
