,run.num,problem,treatment,succeeded,height,normalization.function,generation,cluster.count,error.diversity,success.generation
1,4,scrabble-score,tourney,FALSE,20,elitize_generation_data,0,4,0.116,NA
2,4,scrabble-score,tourney,FALSE,20,elitize_generation_data,1,4,0.105,NA
3,4,scrabble-score,tourney,FALSE,20,elitize_generation_data,2,2,0.101,NA
4,4,scrabble-score,tourney,FALSE,20,elitize_generation_data,3,2,0.099,NA
5,4,scrabble-score,tourney,FALSE,20,elitize_generation_data,4,6,0.088,NA
6,4,scrabble-score,tourney,FALSE,20,elitize_generation_data,5,9,0.121,NA
7,4,scrabble-score,tourney,FALSE,20,elitize_generation_data,6,8,0.128,NA
8,4,scrabble-score,tourney,FALSE,20,elitize_generation_data,7,9,0.15,NA
9,4,scrabble-score,tourney,FALSE,20,elitize_generation_data,8,9,0.158,NA
10,4,scrabble-score,tourney,FALSE,20,elitize_generation_data,9,8,0.13,NA
11,4,scrabble-score,tourney,FALSE,20,elitize_generation_data,10,8,0.113,NA
12,4,scrabble-score,tourney,FALSE,20,elitize_generation_data,11,6,0.129,NA
13,4,scrabble-score,tourney,FALSE,20,elitize_generation_data,12,9,0.169,NA
14,4,scrabble-score,tourney,FALSE,20,elitize_generation_data,13,8,0.171,NA
15,4,scrabble-score,tourney,FALSE,20,elitize_generation_data,14,8,0.194,NA
16,4,scrabble-score,tourney,FALSE,20,elitize_generation_data,15,6,0.221,NA
17,4,scrabble-score,tourney,FALSE,20,elitize_generation_data,16,5,0.183,NA
18,4,scrabble-score,tourney,FALSE,20,elitize_generation_data,17,7,0.242,NA
19,4,scrabble-score,tourney,FALSE,20,elitize_generation_data,18,7,0.258,NA
20,4,scrabble-score,tourney,FALSE,20,elitize_generation_data,19,9,0.288,NA
21,4,scrabble-score,tourney,FALSE,20,elitize_generation_data,20,8,0.296,NA
22,4,scrabble-score,tourney,FALSE,20,elitize_generation_data,21,8,0.289,NA
23,4,scrabble-score,tourney,FALSE,20,elitize_generation_data,22,7,0.299,NA
24,4,scrabble-score,tourney,FALSE,20,elitize_generation_data,23,7,0.291,NA
25,4,scrabble-score,tourney,FALSE,20,elitize_generation_data,24,6,0.323,NA
26,4,scrabble-score,tourney,FALSE,20,elitize_generation_data,25,7,0.283,NA
27,4,scrabble-score,tourney,FALSE,20,elitize_generation_data,26,6,0.311,NA
28,4,scrabble-score,tourney,FALSE,20,elitize_generation_data,27,8,0.33,NA
29,4,scrabble-score,tourney,FALSE,20,elitize_generation_data,28,6,0.36,NA
30,4,scrabble-score,tourney,FALSE,20,elitize_generation_data,29,6,0.365,NA
31,4,scrabble-score,tourney,FALSE,20,elitize_generation_data,30,4,0.405,NA
32,4,scrabble-score,tourney,FALSE,20,elitize_generation_data,31,7,0.399,NA
33,4,scrabble-score,tourney,FALSE,20,elitize_generation_data,32,4,0.378,NA
34,4,scrabble-score,tourney,FALSE,20,elitize_generation_data,33,4,0.338,NA
35,4,scrabble-score,tourney,FALSE,20,elitize_generation_data,34,3,0.352,NA
36,4,scrabble-score,tourney,FALSE,20,elitize_generation_data,35,4,0.35,NA
37,4,scrabble-score,tourney,FALSE,20,elitize_generation_data,36,4,0.366,NA
38,4,scrabble-score,tourney,FALSE,20,elitize_generation_data,37,5,0.374,NA
39,4,scrabble-score,tourney,FALSE,20,elitize_generation_data,38,4,0.376,NA
40,4,scrabble-score,tourney,FALSE,20,elitize_generation_data,39,6,0.401,NA
41,4,scrabble-score,tourney,FALSE,20,elitize_generation_data,40,4,0.41,NA
42,4,scrabble-score,tourney,FALSE,20,elitize_generation_data,41,3,0.428,NA
43,4,scrabble-score,tourney,FALSE,20,elitize_generation_data,42,4,0.424,NA
44,4,scrabble-score,tourney,FALSE,20,elitize_generation_data,43,7,0.433,NA
45,4,scrabble-score,tourney,FALSE,20,elitize_generation_data,44,7,0.448,NA
46,4,scrabble-score,tourney,FALSE,20,elitize_generation_data,45,6,0.468,NA
47,4,scrabble-score,tourney,FALSE,20,elitize_generation_data,46,4,0.499,NA
48,4,scrabble-score,tourney,FALSE,20,elitize_generation_data,47,4,0.495,NA
49,4,scrabble-score,tourney,FALSE,20,elitize_generation_data,48,8,0.509,NA
50,4,scrabble-score,tourney,FALSE,20,elitize_generation_data,49,6,0.521,NA
51,4,scrabble-score,tourney,FALSE,20,elitize_generation_data,50,4,0.514,NA
52,4,scrabble-score,tourney,FALSE,20,elitize_generation_data,51,5,0.486,NA
53,4,scrabble-score,tourney,FALSE,20,elitize_generation_data,52,8,0.502,NA
54,4,scrabble-score,tourney,FALSE,20,elitize_generation_data,53,10,0.486,NA
55,4,scrabble-score,tourney,FALSE,20,elitize_generation_data,54,7,0.505,NA
56,4,scrabble-score,tourney,FALSE,20,elitize_generation_data,55,7,0.529,NA
57,4,scrabble-score,tourney,FALSE,20,elitize_generation_data,56,6,0.557,NA
58,4,scrabble-score,tourney,FALSE,20,elitize_generation_data,57,5,0.537,NA
59,4,scrabble-score,tourney,FALSE,20,elitize_generation_data,58,4,0.582,NA
60,4,scrabble-score,tourney,FALSE,20,elitize_generation_data,59,6,0.574,NA
61,4,scrabble-score,tourney,FALSE,20,elitize_generation_data,60,8,0.565,NA
62,4,scrabble-score,tourney,FALSE,20,elitize_generation_data,61,4,0.569,NA
63,4,scrabble-score,tourney,FALSE,20,elitize_generation_data,62,6,0.629,NA
64,4,scrabble-score,tourney,FALSE,20,elitize_generation_data,63,6,0.614,NA
65,4,scrabble-score,tourney,FALSE,20,elitize_generation_data,64,4,0.565,NA
66,4,scrabble-score,tourney,FALSE,20,elitize_generation_data,65,5,0.551,NA
67,4,scrabble-score,tourney,FALSE,20,elitize_generation_data,66,4,0.571,NA
68,4,scrabble-score,tourney,FALSE,20,elitize_generation_data,67,5,0.549,NA
69,4,scrabble-score,tourney,FALSE,20,elitize_generation_data,68,5,0.563,NA
70,4,scrabble-score,tourney,FALSE,20,elitize_generation_data,69,4,0.553,NA
71,4,scrabble-score,tourney,FALSE,20,elitize_generation_data,70,5,0.539,NA
72,4,scrabble-score,tourney,FALSE,20,elitize_generation_data,71,4,0.536,NA
73,4,scrabble-score,tourney,FALSE,20,elitize_generation_data,72,5,0.542,NA
74,4,scrabble-score,tourney,FALSE,20,elitize_generation_data,73,5,0.555,NA
75,4,scrabble-score,tourney,FALSE,20,elitize_generation_data,74,3,0.577,NA
76,4,scrabble-score,tourney,FALSE,20,elitize_generation_data,75,6,0.569,NA
77,4,scrabble-score,tourney,FALSE,20,elitize_generation_data,76,5,0.557,NA
78,4,scrabble-score,tourney,FALSE,20,elitize_generation_data,77,6,0.593,NA
79,4,scrabble-score,tourney,FALSE,20,elitize_generation_data,78,5,0.576,NA
80,4,scrabble-score,tourney,FALSE,20,elitize_generation_data,79,4,0.563,NA
81,4,scrabble-score,tourney,FALSE,20,elitize_generation_data,80,6,0.562,NA
82,4,scrabble-score,tourney,FALSE,20,elitize_generation_data,81,5,0.547,NA
83,4,scrabble-score,tourney,FALSE,20,elitize_generation_data,82,7,0.588,NA
84,4,scrabble-score,tourney,FALSE,20,elitize_generation_data,83,5,0.559,NA
85,4,scrabble-score,tourney,FALSE,20,elitize_generation_data,84,5,0.578,NA
86,4,scrabble-score,tourney,FALSE,20,elitize_generation_data,85,6,0.565,NA
87,4,scrabble-score,tourney,FALSE,20,elitize_generation_data,86,7,0.573,NA
88,4,scrabble-score,tourney,FALSE,20,elitize_generation_data,87,6,0.594,NA
89,4,scrabble-score,tourney,FALSE,20,elitize_generation_data,88,6,0.571,NA
90,4,scrabble-score,tourney,FALSE,20,elitize_generation_data,89,5,0.564,NA
91,4,scrabble-score,tourney,FALSE,20,elitize_generation_data,90,5,0.593,NA
92,4,scrabble-score,tourney,FALSE,20,elitize_generation_data,91,7,0.543,NA
93,4,scrabble-score,tourney,FALSE,20,elitize_generation_data,92,8,0.548,NA
94,4,scrabble-score,tourney,FALSE,20,elitize_generation_data,93,6,0.541,NA
95,4,scrabble-score,tourney,FALSE,20,elitize_generation_data,94,6,0.592,NA
96,4,scrabble-score,tourney,FALSE,20,elitize_generation_data,95,6,0.599,NA
97,4,scrabble-score,tourney,FALSE,20,elitize_generation_data,96,5,0.554,NA
98,4,scrabble-score,tourney,FALSE,20,elitize_generation_data,97,6,0.587,NA
99,4,scrabble-score,tourney,FALSE,20,elitize_generation_data,98,4,0.612,NA
100,4,scrabble-score,tourney,FALSE,20,elitize_generation_data,99,7,0.572,NA
101,4,scrabble-score,tourney,FALSE,20,elitize_generation_data,100,4,0.57,NA
102,4,scrabble-score,tourney,FALSE,20,elitize_generation_data,101,5,0.567,NA
103,4,scrabble-score,tourney,FALSE,20,elitize_generation_data,102,5,0.571,NA
104,4,scrabble-score,tourney,FALSE,20,elitize_generation_data,103,4,0.562,NA
105,4,scrabble-score,tourney,FALSE,20,elitize_generation_data,104,5,0.619,NA
106,4,scrabble-score,tourney,FALSE,20,elitize_generation_data,105,5,0.62,NA
107,4,scrabble-score,tourney,FALSE,20,elitize_generation_data,106,5,0.604,NA
108,4,scrabble-score,tourney,FALSE,20,elitize_generation_data,107,6,0.604,NA
109,4,scrabble-score,tourney,FALSE,20,elitize_generation_data,108,4,0.584,NA
110,4,scrabble-score,tourney,FALSE,20,elitize_generation_data,109,10,0.593,NA
111,4,scrabble-score,tourney,FALSE,20,elitize_generation_data,110,7,0.551,NA
112,4,scrabble-score,tourney,FALSE,20,elitize_generation_data,111,6,0.569,NA
113,4,scrabble-score,tourney,FALSE,20,elitize_generation_data,112,6,0.541,NA
114,4,scrabble-score,tourney,FALSE,20,elitize_generation_data,113,5,0.549,NA
115,4,scrabble-score,tourney,FALSE,20,elitize_generation_data,114,6,0.552,NA
116,4,scrabble-score,tourney,FALSE,20,elitize_generation_data,115,7,0.581,NA
117,4,scrabble-score,tourney,FALSE,20,elitize_generation_data,116,4,0.574,NA
118,4,scrabble-score,tourney,FALSE,20,elitize_generation_data,117,8,0.584,NA
119,4,scrabble-score,tourney,FALSE,20,elitize_generation_data,118,5,0.572,NA
120,4,scrabble-score,tourney,FALSE,20,elitize_generation_data,119,5,0.574,NA
121,4,scrabble-score,tourney,FALSE,20,elitize_generation_data,120,5,0.612,NA
122,4,scrabble-score,tourney,FALSE,20,elitize_generation_data,121,4,0.605,NA
123,4,scrabble-score,tourney,FALSE,20,elitize_generation_data,122,5,0.614,NA
124,4,scrabble-score,tourney,FALSE,20,elitize_generation_data,123,5,0.619,NA
125,4,scrabble-score,tourney,FALSE,20,elitize_generation_data,124,5,0.592,NA
126,4,scrabble-score,tourney,FALSE,20,elitize_generation_data,125,5,0.601,NA
127,4,scrabble-score,tourney,FALSE,20,elitize_generation_data,126,4,0.597,NA
128,4,scrabble-score,tourney,FALSE,20,elitize_generation_data,127,5,0.593,NA
129,4,scrabble-score,tourney,FALSE,20,elitize_generation_data,128,5,0.592,NA
130,4,scrabble-score,tourney,FALSE,20,elitize_generation_data,129,8,0.562,NA
131,4,scrabble-score,tourney,FALSE,20,elitize_generation_data,130,8,0.594,NA
132,4,scrabble-score,tourney,FALSE,20,elitize_generation_data,131,7,0.614,NA
133,4,scrabble-score,tourney,FALSE,20,elitize_generation_data,132,7,0.598,NA
134,4,scrabble-score,tourney,FALSE,20,elitize_generation_data,133,4,0.618,NA
135,4,scrabble-score,tourney,FALSE,20,elitize_generation_data,134,8,0.59,NA
136,4,scrabble-score,tourney,FALSE,20,elitize_generation_data,135,7,0.615,NA
137,4,scrabble-score,tourney,FALSE,20,elitize_generation_data,136,3,0.62,NA
138,4,scrabble-score,tourney,FALSE,20,elitize_generation_data,137,3,0.599,NA
139,4,scrabble-score,tourney,FALSE,20,elitize_generation_data,138,4,0.632,NA
140,4,scrabble-score,tourney,FALSE,20,elitize_generation_data,139,6,0.661,NA
141,4,scrabble-score,tourney,FALSE,20,elitize_generation_data,140,9,0.641,NA
142,4,scrabble-score,tourney,FALSE,20,elitize_generation_data,141,4,0.66,NA
143,4,scrabble-score,tourney,FALSE,20,elitize_generation_data,142,7,0.665,NA
144,4,scrabble-score,tourney,FALSE,20,elitize_generation_data,143,6,0.622,NA
145,4,scrabble-score,tourney,FALSE,20,elitize_generation_data,144,4,0.604,NA
146,4,scrabble-score,tourney,FALSE,20,elitize_generation_data,145,6,0.616,NA
147,4,scrabble-score,tourney,FALSE,20,elitize_generation_data,146,4,0.646,NA
148,4,scrabble-score,tourney,FALSE,20,elitize_generation_data,147,5,0.647,NA
149,4,scrabble-score,tourney,FALSE,20,elitize_generation_data,148,5,0.669,NA
150,4,scrabble-score,tourney,FALSE,20,elitize_generation_data,149,5,0.655,NA
151,4,scrabble-score,tourney,FALSE,20,elitize_generation_data,150,4,0.642,NA
152,4,scrabble-score,tourney,FALSE,20,elitize_generation_data,151,6,0.653,NA
153,4,scrabble-score,tourney,FALSE,20,elitize_generation_data,152,8,0.638,NA
154,4,scrabble-score,tourney,FALSE,20,elitize_generation_data,153,7,0.631,NA
155,4,scrabble-score,tourney,FALSE,20,elitize_generation_data,154,4,0.648,NA
156,4,scrabble-score,tourney,FALSE,20,elitize_generation_data,155,5,0.642,NA
157,4,scrabble-score,tourney,FALSE,20,elitize_generation_data,156,4,0.651,NA
158,4,scrabble-score,tourney,FALSE,20,elitize_generation_data,157,7,0.635,NA
159,4,scrabble-score,tourney,FALSE,20,elitize_generation_data,158,3,0.608,NA
160,4,scrabble-score,tourney,FALSE,20,elitize_generation_data,159,7,0.644,NA
161,4,scrabble-score,tourney,FALSE,20,elitize_generation_data,160,7,0.59,NA
162,4,scrabble-score,tourney,FALSE,20,elitize_generation_data,161,7,0.603,NA
163,4,scrabble-score,tourney,FALSE,20,elitize_generation_data,162,5,0.626,NA
164,4,scrabble-score,tourney,FALSE,20,elitize_generation_data,163,5,0.644,NA
165,4,scrabble-score,tourney,FALSE,20,elitize_generation_data,164,5,0.643,NA
166,4,scrabble-score,tourney,FALSE,20,elitize_generation_data,165,6,0.619,NA
167,4,scrabble-score,tourney,FALSE,20,elitize_generation_data,166,6,0.619,NA
168,4,scrabble-score,tourney,FALSE,20,elitize_generation_data,167,5,0.623,NA
169,4,scrabble-score,tourney,FALSE,20,elitize_generation_data,168,7,0.618,NA
170,4,scrabble-score,tourney,FALSE,20,elitize_generation_data,169,6,0.623,NA
171,4,scrabble-score,tourney,FALSE,20,elitize_generation_data,170,6,0.663,NA
172,4,scrabble-score,tourney,FALSE,20,elitize_generation_data,171,6,0.692,NA
173,4,scrabble-score,tourney,FALSE,20,elitize_generation_data,172,8,0.667,NA
174,4,scrabble-score,tourney,FALSE,20,elitize_generation_data,173,8,0.664,NA
175,4,scrabble-score,tourney,FALSE,20,elitize_generation_data,174,7,0.677,NA
176,4,scrabble-score,tourney,FALSE,20,elitize_generation_data,175,4,0.665,NA
177,4,scrabble-score,tourney,FALSE,20,elitize_generation_data,176,5,0.667,NA
178,4,scrabble-score,tourney,FALSE,20,elitize_generation_data,177,7,0.638,NA
179,4,scrabble-score,tourney,FALSE,20,elitize_generation_data,178,5,0.632,NA
180,4,scrabble-score,tourney,FALSE,20,elitize_generation_data,179,6,0.649,NA
181,4,scrabble-score,tourney,FALSE,20,elitize_generation_data,180,7,0.636,NA
182,4,scrabble-score,tourney,FALSE,20,elitize_generation_data,181,6,0.627,NA
183,4,scrabble-score,tourney,FALSE,20,elitize_generation_data,182,5,0.635,NA
184,4,scrabble-score,tourney,FALSE,20,elitize_generation_data,183,6,0.678,NA
185,4,scrabble-score,tourney,FALSE,20,elitize_generation_data,184,7,0.643,NA
186,4,scrabble-score,tourney,FALSE,20,elitize_generation_data,185,7,0.631,NA
187,4,scrabble-score,tourney,FALSE,20,elitize_generation_data,186,5,0.666,NA
188,4,scrabble-score,tourney,FALSE,20,elitize_generation_data,187,4,0.667,NA
189,4,scrabble-score,tourney,FALSE,20,elitize_generation_data,188,5,0.67,NA
190,4,scrabble-score,tourney,FALSE,20,elitize_generation_data,189,8,0.661,NA
191,4,scrabble-score,tourney,FALSE,20,elitize_generation_data,190,7,0.654,NA
192,4,scrabble-score,tourney,FALSE,20,elitize_generation_data,191,7,0.674,NA
193,4,scrabble-score,tourney,FALSE,20,elitize_generation_data,192,5,0.648,NA
194,4,scrabble-score,tourney,FALSE,20,elitize_generation_data,193,10,0.674,NA
195,4,scrabble-score,tourney,FALSE,20,elitize_generation_data,194,6,0.675,NA
196,4,scrabble-score,tourney,FALSE,20,elitize_generation_data,195,6,0.667,NA
197,4,scrabble-score,tourney,FALSE,20,elitize_generation_data,196,6,0.674,NA
198,4,scrabble-score,tourney,FALSE,20,elitize_generation_data,197,5,0.682,NA
199,4,scrabble-score,tourney,FALSE,20,elitize_generation_data,198,6,0.654,NA
200,4,scrabble-score,tourney,FALSE,20,elitize_generation_data,199,7,0.655,NA
201,4,scrabble-score,tourney,FALSE,20,elitize_generation_data,200,5,0.671,NA
202,4,scrabble-score,tourney,FALSE,20,elitize_generation_data,201,6,0.68,NA
203,4,scrabble-score,tourney,FALSE,20,elitize_generation_data,202,6,0.681,NA
204,4,scrabble-score,tourney,FALSE,20,elitize_generation_data,203,6,0.681,NA
205,4,scrabble-score,tourney,FALSE,20,elitize_generation_data,204,7,0.666,NA
206,4,scrabble-score,tourney,FALSE,20,elitize_generation_data,205,5,0.664,NA
207,4,scrabble-score,tourney,FALSE,20,elitize_generation_data,206,6,0.665,NA
208,4,scrabble-score,tourney,FALSE,20,elitize_generation_data,207,6,0.668,NA
209,4,scrabble-score,tourney,FALSE,20,elitize_generation_data,208,4,0.659,NA
210,4,scrabble-score,tourney,FALSE,20,elitize_generation_data,209,6,0.678,NA
211,4,scrabble-score,tourney,FALSE,20,elitize_generation_data,210,6,0.656,NA
212,4,scrabble-score,tourney,FALSE,20,elitize_generation_data,211,7,0.663,NA
213,4,scrabble-score,tourney,FALSE,20,elitize_generation_data,212,6,0.645,NA
214,4,scrabble-score,tourney,FALSE,20,elitize_generation_data,213,5,0.648,NA
215,4,scrabble-score,tourney,FALSE,20,elitize_generation_data,214,5,0.623,NA
216,4,scrabble-score,tourney,FALSE,20,elitize_generation_data,215,5,0.646,NA
217,4,scrabble-score,tourney,FALSE,20,elitize_generation_data,216,4,0.646,NA
218,4,scrabble-score,tourney,FALSE,20,elitize_generation_data,217,7,0.685,NA
219,4,scrabble-score,tourney,FALSE,20,elitize_generation_data,218,6,0.644,NA
220,4,scrabble-score,tourney,FALSE,20,elitize_generation_data,219,6,0.665,NA
221,4,scrabble-score,tourney,FALSE,20,elitize_generation_data,220,5,0.655,NA
222,4,scrabble-score,tourney,FALSE,20,elitize_generation_data,221,9,0.668,NA
223,4,scrabble-score,tourney,FALSE,20,elitize_generation_data,222,8,0.672,NA
224,4,scrabble-score,tourney,FALSE,20,elitize_generation_data,223,7,0.698,NA
225,4,scrabble-score,tourney,FALSE,20,elitize_generation_data,224,9,0.646,NA
226,4,scrabble-score,tourney,FALSE,20,elitize_generation_data,225,5,0.649,NA
227,4,scrabble-score,tourney,FALSE,20,elitize_generation_data,226,6,0.667,NA
228,4,scrabble-score,tourney,FALSE,20,elitize_generation_data,227,5,0.647,NA
229,4,scrabble-score,tourney,FALSE,20,elitize_generation_data,228,5,0.618,NA
230,4,scrabble-score,tourney,FALSE,20,elitize_generation_data,229,4,0.654,NA
231,4,scrabble-score,tourney,FALSE,20,elitize_generation_data,230,6,0.633,NA
232,4,scrabble-score,tourney,FALSE,20,elitize_generation_data,231,6,0.658,NA
233,4,scrabble-score,tourney,FALSE,20,elitize_generation_data,232,6,0.606,NA
234,4,scrabble-score,tourney,FALSE,20,elitize_generation_data,233,8,0.637,NA
235,4,scrabble-score,tourney,FALSE,20,elitize_generation_data,234,6,0.642,NA
236,4,scrabble-score,tourney,FALSE,20,elitize_generation_data,235,9,0.662,NA
237,4,scrabble-score,tourney,FALSE,20,elitize_generation_data,236,5,0.648,NA
238,4,scrabble-score,tourney,FALSE,20,elitize_generation_data,237,8,0.663,NA
239,4,scrabble-score,tourney,FALSE,20,elitize_generation_data,238,6,0.681,NA
240,4,scrabble-score,tourney,FALSE,20,elitize_generation_data,239,5,0.699,NA
241,4,scrabble-score,tourney,FALSE,20,elitize_generation_data,240,8,0.665,NA
242,4,scrabble-score,tourney,FALSE,20,elitize_generation_data,241,7,0.67,NA
243,4,scrabble-score,tourney,FALSE,20,elitize_generation_data,242,6,0.674,NA
244,4,scrabble-score,tourney,FALSE,20,elitize_generation_data,243,7,0.669,NA
245,4,scrabble-score,tourney,FALSE,20,elitize_generation_data,244,6,0.67,NA
246,4,scrabble-score,tourney,FALSE,20,elitize_generation_data,245,7,0.661,NA
247,4,scrabble-score,tourney,FALSE,20,elitize_generation_data,246,4,0.661,NA
248,4,scrabble-score,tourney,FALSE,20,elitize_generation_data,247,7,0.617,NA
249,4,scrabble-score,tourney,FALSE,20,elitize_generation_data,248,8,0.658,NA
250,4,scrabble-score,tourney,FALSE,20,elitize_generation_data,249,9,0.654,NA
251,4,scrabble-score,tourney,FALSE,20,elitize_generation_data,250,6,0.653,NA
252,4,scrabble-score,tourney,FALSE,20,elitize_generation_data,251,6,0.662,NA
253,4,scrabble-score,tourney,FALSE,20,elitize_generation_data,252,6,0.669,NA
254,4,scrabble-score,tourney,FALSE,20,elitize_generation_data,253,6,0.657,NA
255,4,scrabble-score,tourney,FALSE,20,elitize_generation_data,254,5,0.668,NA
256,4,scrabble-score,tourney,FALSE,20,elitize_generation_data,255,6,0.662,NA
257,4,scrabble-score,tourney,FALSE,20,elitize_generation_data,256,7,0.657,NA
258,4,scrabble-score,tourney,FALSE,20,elitize_generation_data,257,6,0.695,NA
259,4,scrabble-score,tourney,FALSE,20,elitize_generation_data,258,6,0.677,NA
260,4,scrabble-score,tourney,FALSE,20,elitize_generation_data,259,6,0.671,NA
261,4,scrabble-score,tourney,FALSE,20,elitize_generation_data,260,8,0.653,NA
262,4,scrabble-score,tourney,FALSE,20,elitize_generation_data,261,5,0.667,NA
263,4,scrabble-score,tourney,FALSE,20,elitize_generation_data,262,7,0.665,NA
264,4,scrabble-score,tourney,FALSE,20,elitize_generation_data,263,11,0.657,NA
265,4,scrabble-score,tourney,FALSE,20,elitize_generation_data,264,6,0.663,NA
266,4,scrabble-score,tourney,FALSE,20,elitize_generation_data,265,6,0.682,NA
267,4,scrabble-score,tourney,FALSE,20,elitize_generation_data,266,7,0.682,NA
268,4,scrabble-score,tourney,FALSE,20,elitize_generation_data,267,6,0.661,NA
269,4,scrabble-score,tourney,FALSE,20,elitize_generation_data,268,7,0.647,NA
270,4,scrabble-score,tourney,FALSE,20,elitize_generation_data,269,8,0.663,NA
271,4,scrabble-score,tourney,FALSE,20,elitize_generation_data,270,6,0.667,NA
272,4,scrabble-score,tourney,FALSE,20,elitize_generation_data,271,5,0.683,NA
273,4,scrabble-score,tourney,FALSE,20,elitize_generation_data,272,6,0.677,NA
274,4,scrabble-score,tourney,FALSE,20,elitize_generation_data,273,6,0.702,NA
275,4,scrabble-score,tourney,FALSE,20,elitize_generation_data,274,6,0.672,NA
276,4,scrabble-score,tourney,FALSE,20,elitize_generation_data,275,5,0.696,NA
277,4,scrabble-score,tourney,FALSE,20,elitize_generation_data,276,5,0.682,NA
278,4,scrabble-score,tourney,FALSE,20,elitize_generation_data,277,5,0.637,NA
279,4,scrabble-score,tourney,FALSE,20,elitize_generation_data,278,4,0.656,NA
280,4,scrabble-score,tourney,FALSE,20,elitize_generation_data,279,8,0.658,NA
281,4,scrabble-score,tourney,FALSE,20,elitize_generation_data,280,6,0.669,NA
282,4,scrabble-score,tourney,FALSE,20,elitize_generation_data,281,4,0.678,NA
283,4,scrabble-score,tourney,FALSE,20,elitize_generation_data,282,6,0.677,NA
284,4,scrabble-score,tourney,FALSE,20,elitize_generation_data,283,9,0.692,NA
285,4,scrabble-score,tourney,FALSE,20,elitize_generation_data,284,10,0.681,NA
286,4,scrabble-score,tourney,FALSE,20,elitize_generation_data,285,6,0.688,NA
287,4,scrabble-score,tourney,FALSE,20,elitize_generation_data,286,5,0.714,NA
288,4,scrabble-score,tourney,FALSE,20,elitize_generation_data,287,7,0.692,NA
289,4,scrabble-score,tourney,FALSE,20,elitize_generation_data,288,9,0.707,NA
290,4,scrabble-score,tourney,FALSE,20,elitize_generation_data,289,9,0.705,NA
291,4,scrabble-score,tourney,FALSE,20,elitize_generation_data,290,8,0.729,NA
292,4,scrabble-score,tourney,FALSE,20,elitize_generation_data,291,8,0.735,NA
293,4,scrabble-score,tourney,FALSE,20,elitize_generation_data,292,9,0.709,NA
294,4,scrabble-score,tourney,FALSE,20,elitize_generation_data,293,8,0.723,NA
295,4,scrabble-score,tourney,FALSE,20,elitize_generation_data,294,8,0.757,NA
296,4,scrabble-score,tourney,FALSE,20,elitize_generation_data,295,6,0.737,NA
297,4,scrabble-score,tourney,FALSE,20,elitize_generation_data,296,6,0.741,NA
298,4,scrabble-score,tourney,FALSE,20,elitize_generation_data,297,6,0.724,NA
299,4,scrabble-score,tourney,FALSE,20,elitize_generation_data,298,5,0.749,NA
300,4,scrabble-score,tourney,FALSE,20,elitize_generation_data,299,5,0.774,NA
301,4,scrabble-score,tourney,FALSE,20,elitize_generation_data,300,7,0.785,NA
