,run.num,problem,treatment,succeeded,height,normalization.function,generation,cluster.count,error.diversity,success.generation
1,94,scrabble-score,tourney,FALSE,20,elitize_generation_data,0,3,0.098,NA
2,94,scrabble-score,tourney,FALSE,20,elitize_generation_data,1,1,0.095,NA
3,94,scrabble-score,tourney,FALSE,20,elitize_generation_data,2,2,0.096,NA
4,94,scrabble-score,tourney,FALSE,20,elitize_generation_data,3,2,0.092,NA
5,94,scrabble-score,tourney,FALSE,20,elitize_generation_data,4,5,0.052,NA
6,94,scrabble-score,tourney,FALSE,20,elitize_generation_data,5,6,0.036,NA
7,94,scrabble-score,tourney,FALSE,20,elitize_generation_data,6,5,0.065,NA
8,94,scrabble-score,tourney,FALSE,20,elitize_generation_data,7,6,0.102,NA
9,94,scrabble-score,tourney,FALSE,20,elitize_generation_data,8,6,0.171,NA
10,94,scrabble-score,tourney,FALSE,20,elitize_generation_data,9,9,0.199,NA
11,94,scrabble-score,tourney,FALSE,20,elitize_generation_data,10,9,0.206,NA
12,94,scrabble-score,tourney,FALSE,20,elitize_generation_data,11,10,0.183,NA
13,94,scrabble-score,tourney,FALSE,20,elitize_generation_data,12,8,0.209,NA
14,94,scrabble-score,tourney,FALSE,20,elitize_generation_data,13,7,0.219,NA
15,94,scrabble-score,tourney,FALSE,20,elitize_generation_data,14,8,0.218,NA
16,94,scrabble-score,tourney,FALSE,20,elitize_generation_data,15,7,0.19,NA
17,94,scrabble-score,tourney,FALSE,20,elitize_generation_data,16,6,0.222,NA
18,94,scrabble-score,tourney,FALSE,20,elitize_generation_data,17,8,0.273,NA
19,94,scrabble-score,tourney,FALSE,20,elitize_generation_data,18,7,0.31,NA
20,94,scrabble-score,tourney,FALSE,20,elitize_generation_data,19,7,0.303,NA
21,94,scrabble-score,tourney,FALSE,20,elitize_generation_data,20,7,0.345,NA
22,94,scrabble-score,tourney,FALSE,20,elitize_generation_data,21,8,0.347,NA
23,94,scrabble-score,tourney,FALSE,20,elitize_generation_data,22,6,0.353,NA
24,94,scrabble-score,tourney,FALSE,20,elitize_generation_data,23,8,0.302,NA
25,94,scrabble-score,tourney,FALSE,20,elitize_generation_data,24,5,0.288,NA
26,94,scrabble-score,tourney,FALSE,20,elitize_generation_data,25,6,0.328,NA
27,94,scrabble-score,tourney,FALSE,20,elitize_generation_data,26,8,0.35,NA
28,94,scrabble-score,tourney,FALSE,20,elitize_generation_data,27,8,0.421,NA
29,94,scrabble-score,tourney,FALSE,20,elitize_generation_data,28,8,0.438,NA
30,94,scrabble-score,tourney,FALSE,20,elitize_generation_data,29,9,0.435,NA
31,94,scrabble-score,tourney,FALSE,20,elitize_generation_data,30,7,0.442,NA
32,94,scrabble-score,tourney,FALSE,20,elitize_generation_data,31,8,0.443,NA
33,94,scrabble-score,tourney,FALSE,20,elitize_generation_data,32,8,0.474,NA
34,94,scrabble-score,tourney,FALSE,20,elitize_generation_data,33,10,0.54,NA
35,94,scrabble-score,tourney,FALSE,20,elitize_generation_data,34,9,0.553,NA
36,94,scrabble-score,tourney,FALSE,20,elitize_generation_data,35,4,0.59,NA
37,94,scrabble-score,tourney,FALSE,20,elitize_generation_data,36,7,0.563,NA
38,94,scrabble-score,tourney,FALSE,20,elitize_generation_data,37,6,0.582,NA
39,94,scrabble-score,tourney,FALSE,20,elitize_generation_data,38,10,0.543,NA
40,94,scrabble-score,tourney,FALSE,20,elitize_generation_data,39,11,0.566,NA
41,94,scrabble-score,tourney,FALSE,20,elitize_generation_data,40,11,0.567,NA
42,94,scrabble-score,tourney,FALSE,20,elitize_generation_data,41,12,0.544,NA
43,94,scrabble-score,tourney,FALSE,20,elitize_generation_data,42,8,0.545,NA
44,94,scrabble-score,tourney,FALSE,20,elitize_generation_data,43,8,0.519,NA
45,94,scrabble-score,tourney,FALSE,20,elitize_generation_data,44,10,0.575,NA
46,94,scrabble-score,tourney,FALSE,20,elitize_generation_data,45,10,0.61,NA
47,94,scrabble-score,tourney,FALSE,20,elitize_generation_data,46,10,0.626,NA
48,94,scrabble-score,tourney,FALSE,20,elitize_generation_data,47,11,0.597,NA
49,94,scrabble-score,tourney,FALSE,20,elitize_generation_data,48,11,0.56,NA
50,94,scrabble-score,tourney,FALSE,20,elitize_generation_data,49,8,0.595,NA
51,94,scrabble-score,tourney,FALSE,20,elitize_generation_data,50,13,0.587,NA
52,94,scrabble-score,tourney,FALSE,20,elitize_generation_data,51,9,0.514,NA
53,94,scrabble-score,tourney,FALSE,20,elitize_generation_data,52,9,0.543,NA
54,94,scrabble-score,tourney,FALSE,20,elitize_generation_data,53,9,0.553,NA
55,94,scrabble-score,tourney,FALSE,20,elitize_generation_data,54,8,0.569,NA
56,94,scrabble-score,tourney,FALSE,20,elitize_generation_data,55,9,0.549,NA
57,94,scrabble-score,tourney,FALSE,20,elitize_generation_data,56,7,0.524,NA
58,94,scrabble-score,tourney,FALSE,20,elitize_generation_data,57,7,0.5,NA
59,94,scrabble-score,tourney,FALSE,20,elitize_generation_data,58,7,0.487,NA
60,94,scrabble-score,tourney,FALSE,20,elitize_generation_data,59,6,0.504,NA
61,94,scrabble-score,tourney,FALSE,20,elitize_generation_data,60,6,0.499,NA
62,94,scrabble-score,tourney,FALSE,20,elitize_generation_data,61,9,0.507,NA
63,94,scrabble-score,tourney,FALSE,20,elitize_generation_data,62,8,0.507,NA
64,94,scrabble-score,tourney,FALSE,20,elitize_generation_data,63,5,0.508,NA
65,94,scrabble-score,tourney,FALSE,20,elitize_generation_data,64,9,0.534,NA
66,94,scrabble-score,tourney,FALSE,20,elitize_generation_data,65,5,0.557,NA
67,94,scrabble-score,tourney,FALSE,20,elitize_generation_data,66,8,0.574,NA
68,94,scrabble-score,tourney,FALSE,20,elitize_generation_data,67,7,0.623,NA
69,94,scrabble-score,tourney,FALSE,20,elitize_generation_data,68,9,0.67,NA
70,94,scrabble-score,tourney,FALSE,20,elitize_generation_data,69,7,0.617,NA
71,94,scrabble-score,tourney,FALSE,20,elitize_generation_data,70,8,0.632,NA
72,94,scrabble-score,tourney,FALSE,20,elitize_generation_data,71,4,0.599,NA
73,94,scrabble-score,tourney,FALSE,20,elitize_generation_data,72,6,0.611,NA
74,94,scrabble-score,tourney,FALSE,20,elitize_generation_data,73,5,0.658,NA
75,94,scrabble-score,tourney,FALSE,20,elitize_generation_data,74,6,0.651,NA
76,94,scrabble-score,tourney,FALSE,20,elitize_generation_data,75,8,0.66,NA
77,94,scrabble-score,tourney,FALSE,20,elitize_generation_data,76,7,0.639,NA
78,94,scrabble-score,tourney,FALSE,20,elitize_generation_data,77,8,0.621,NA
79,94,scrabble-score,tourney,FALSE,20,elitize_generation_data,78,9,0.612,NA
80,94,scrabble-score,tourney,FALSE,20,elitize_generation_data,79,6,0.611,NA
81,94,scrabble-score,tourney,FALSE,20,elitize_generation_data,80,5,0.618,NA
82,94,scrabble-score,tourney,FALSE,20,elitize_generation_data,81,8,0.595,NA
83,94,scrabble-score,tourney,FALSE,20,elitize_generation_data,82,9,0.615,NA
84,94,scrabble-score,tourney,FALSE,20,elitize_generation_data,83,7,0.645,NA
85,94,scrabble-score,tourney,FALSE,20,elitize_generation_data,84,7,0.636,NA
86,94,scrabble-score,tourney,FALSE,20,elitize_generation_data,85,8,0.603,NA
87,94,scrabble-score,tourney,FALSE,20,elitize_generation_data,86,10,0.622,NA
88,94,scrabble-score,tourney,FALSE,20,elitize_generation_data,87,10,0.615,NA
89,94,scrabble-score,tourney,FALSE,20,elitize_generation_data,88,9,0.578,NA
90,94,scrabble-score,tourney,FALSE,20,elitize_generation_data,89,5,0.578,NA
91,94,scrabble-score,tourney,FALSE,20,elitize_generation_data,90,8,0.606,NA
92,94,scrabble-score,tourney,FALSE,20,elitize_generation_data,91,8,0.592,NA
93,94,scrabble-score,tourney,FALSE,20,elitize_generation_data,92,7,0.618,NA
94,94,scrabble-score,tourney,FALSE,20,elitize_generation_data,93,6,0.618,NA
95,94,scrabble-score,tourney,FALSE,20,elitize_generation_data,94,9,0.621,NA
96,94,scrabble-score,tourney,FALSE,20,elitize_generation_data,95,7,0.658,NA
97,94,scrabble-score,tourney,FALSE,20,elitize_generation_data,96,10,0.659,NA
98,94,scrabble-score,tourney,FALSE,20,elitize_generation_data,97,10,0.648,NA
99,94,scrabble-score,tourney,FALSE,20,elitize_generation_data,98,8,0.621,NA
100,94,scrabble-score,tourney,FALSE,20,elitize_generation_data,99,6,0.614,NA
101,94,scrabble-score,tourney,FALSE,20,elitize_generation_data,100,11,0.638,NA
102,94,scrabble-score,tourney,FALSE,20,elitize_generation_data,101,7,0.611,NA
103,94,scrabble-score,tourney,FALSE,20,elitize_generation_data,102,7,0.642,NA
104,94,scrabble-score,tourney,FALSE,20,elitize_generation_data,103,9,0.628,NA
105,94,scrabble-score,tourney,FALSE,20,elitize_generation_data,104,11,0.653,NA
106,94,scrabble-score,tourney,FALSE,20,elitize_generation_data,105,6,0.673,NA
107,94,scrabble-score,tourney,FALSE,20,elitize_generation_data,106,7,0.637,NA
108,94,scrabble-score,tourney,FALSE,20,elitize_generation_data,107,7,0.636,NA
109,94,scrabble-score,tourney,FALSE,20,elitize_generation_data,108,7,0.652,NA
110,94,scrabble-score,tourney,FALSE,20,elitize_generation_data,109,5,0.654,NA
111,94,scrabble-score,tourney,FALSE,20,elitize_generation_data,110,7,0.646,NA
112,94,scrabble-score,tourney,FALSE,20,elitize_generation_data,111,9,0.649,NA
113,94,scrabble-score,tourney,FALSE,20,elitize_generation_data,112,6,0.615,NA
114,94,scrabble-score,tourney,FALSE,20,elitize_generation_data,113,10,0.584,NA
115,94,scrabble-score,tourney,FALSE,20,elitize_generation_data,114,7,0.576,NA
116,94,scrabble-score,tourney,FALSE,20,elitize_generation_data,115,8,0.58,NA
117,94,scrabble-score,tourney,FALSE,20,elitize_generation_data,116,10,0.583,NA
118,94,scrabble-score,tourney,FALSE,20,elitize_generation_data,117,7,0.614,NA
119,94,scrabble-score,tourney,FALSE,20,elitize_generation_data,118,9,0.586,NA
120,94,scrabble-score,tourney,FALSE,20,elitize_generation_data,119,8,0.601,NA
121,94,scrabble-score,tourney,FALSE,20,elitize_generation_data,120,9,0.613,NA
122,94,scrabble-score,tourney,FALSE,20,elitize_generation_data,121,8,0.59,NA
123,94,scrabble-score,tourney,FALSE,20,elitize_generation_data,122,7,0.55,NA
124,94,scrabble-score,tourney,FALSE,20,elitize_generation_data,123,11,0.558,NA
125,94,scrabble-score,tourney,FALSE,20,elitize_generation_data,124,8,0.559,NA
126,94,scrabble-score,tourney,FALSE,20,elitize_generation_data,125,6,0.552,NA
127,94,scrabble-score,tourney,FALSE,20,elitize_generation_data,126,7,0.576,NA
128,94,scrabble-score,tourney,FALSE,20,elitize_generation_data,127,8,0.606,NA
129,94,scrabble-score,tourney,FALSE,20,elitize_generation_data,128,10,0.573,NA
130,94,scrabble-score,tourney,FALSE,20,elitize_generation_data,129,7,0.588,NA
131,94,scrabble-score,tourney,FALSE,20,elitize_generation_data,130,8,0.573,NA
132,94,scrabble-score,tourney,FALSE,20,elitize_generation_data,131,7,0.594,NA
133,94,scrabble-score,tourney,FALSE,20,elitize_generation_data,132,7,0.587,NA
134,94,scrabble-score,tourney,FALSE,20,elitize_generation_data,133,7,0.585,NA
135,94,scrabble-score,tourney,FALSE,20,elitize_generation_data,134,6,0.604,NA
136,94,scrabble-score,tourney,FALSE,20,elitize_generation_data,135,7,0.593,NA
137,94,scrabble-score,tourney,FALSE,20,elitize_generation_data,136,8,0.595,NA
138,94,scrabble-score,tourney,FALSE,20,elitize_generation_data,137,13,0.605,NA
139,94,scrabble-score,tourney,FALSE,20,elitize_generation_data,138,6,0.579,NA
140,94,scrabble-score,tourney,FALSE,20,elitize_generation_data,139,9,0.562,NA
141,94,scrabble-score,tourney,FALSE,20,elitize_generation_data,140,9,0.557,NA
142,94,scrabble-score,tourney,FALSE,20,elitize_generation_data,141,8,0.535,NA
143,94,scrabble-score,tourney,FALSE,20,elitize_generation_data,142,8,0.548,NA
144,94,scrabble-score,tourney,FALSE,20,elitize_generation_data,143,9,0.515,NA
145,94,scrabble-score,tourney,FALSE,20,elitize_generation_data,144,6,0.527,NA
146,94,scrabble-score,tourney,FALSE,20,elitize_generation_data,145,9,0.535,NA
147,94,scrabble-score,tourney,FALSE,20,elitize_generation_data,146,12,0.518,NA
148,94,scrabble-score,tourney,FALSE,20,elitize_generation_data,147,7,0.511,NA
149,94,scrabble-score,tourney,FALSE,20,elitize_generation_data,148,7,0.519,NA
150,94,scrabble-score,tourney,FALSE,20,elitize_generation_data,149,10,0.549,NA
151,94,scrabble-score,tourney,FALSE,20,elitize_generation_data,150,9,0.527,NA
152,94,scrabble-score,tourney,FALSE,20,elitize_generation_data,151,11,0.545,NA
153,94,scrabble-score,tourney,FALSE,20,elitize_generation_data,152,8,0.53,NA
154,94,scrabble-score,tourney,FALSE,20,elitize_generation_data,153,7,0.542,NA
155,94,scrabble-score,tourney,FALSE,20,elitize_generation_data,154,6,0.543,NA
156,94,scrabble-score,tourney,FALSE,20,elitize_generation_data,155,7,0.538,NA
157,94,scrabble-score,tourney,FALSE,20,elitize_generation_data,156,11,0.545,NA
158,94,scrabble-score,tourney,FALSE,20,elitize_generation_data,157,9,0.557,NA
159,94,scrabble-score,tourney,FALSE,20,elitize_generation_data,158,11,0.557,NA
160,94,scrabble-score,tourney,FALSE,20,elitize_generation_data,159,8,0.556,NA
161,94,scrabble-score,tourney,FALSE,20,elitize_generation_data,160,7,0.548,NA
162,94,scrabble-score,tourney,FALSE,20,elitize_generation_data,161,9,0.569,NA
163,94,scrabble-score,tourney,FALSE,20,elitize_generation_data,162,10,0.573,NA
164,94,scrabble-score,tourney,FALSE,20,elitize_generation_data,163,12,0.535,NA
165,94,scrabble-score,tourney,FALSE,20,elitize_generation_data,164,7,0.549,NA
166,94,scrabble-score,tourney,FALSE,20,elitize_generation_data,165,13,0.559,NA
167,94,scrabble-score,tourney,FALSE,20,elitize_generation_data,166,7,0.55,NA
168,94,scrabble-score,tourney,FALSE,20,elitize_generation_data,167,7,0.531,NA
169,94,scrabble-score,tourney,FALSE,20,elitize_generation_data,168,12,0.527,NA
170,94,scrabble-score,tourney,FALSE,20,elitize_generation_data,169,5,0.559,NA
171,94,scrabble-score,tourney,FALSE,20,elitize_generation_data,170,7,0.542,NA
172,94,scrabble-score,tourney,FALSE,20,elitize_generation_data,171,9,0.531,NA
173,94,scrabble-score,tourney,FALSE,20,elitize_generation_data,172,7,0.539,NA
174,94,scrabble-score,tourney,FALSE,20,elitize_generation_data,173,8,0.538,NA
175,94,scrabble-score,tourney,FALSE,20,elitize_generation_data,174,6,0.549,NA
176,94,scrabble-score,tourney,FALSE,20,elitize_generation_data,175,8,0.558,NA
177,94,scrabble-score,tourney,FALSE,20,elitize_generation_data,176,9,0.557,NA
178,94,scrabble-score,tourney,FALSE,20,elitize_generation_data,177,12,0.534,NA
179,94,scrabble-score,tourney,FALSE,20,elitize_generation_data,178,10,0.538,NA
180,94,scrabble-score,tourney,FALSE,20,elitize_generation_data,179,8,0.555,NA
181,94,scrabble-score,tourney,FALSE,20,elitize_generation_data,180,6,0.559,NA
182,94,scrabble-score,tourney,FALSE,20,elitize_generation_data,181,8,0.554,NA
183,94,scrabble-score,tourney,FALSE,20,elitize_generation_data,182,8,0.565,NA
184,94,scrabble-score,tourney,FALSE,20,elitize_generation_data,183,13,0.56,NA
185,94,scrabble-score,tourney,FALSE,20,elitize_generation_data,184,9,0.514,NA
186,94,scrabble-score,tourney,FALSE,20,elitize_generation_data,185,12,0.496,NA
187,94,scrabble-score,tourney,FALSE,20,elitize_generation_data,186,10,0.521,NA
188,94,scrabble-score,tourney,FALSE,20,elitize_generation_data,187,7,0.529,NA
189,94,scrabble-score,tourney,FALSE,20,elitize_generation_data,188,5,0.521,NA
190,94,scrabble-score,tourney,FALSE,20,elitize_generation_data,189,7,0.539,NA
191,94,scrabble-score,tourney,FALSE,20,elitize_generation_data,190,10,0.542,NA
192,94,scrabble-score,tourney,FALSE,20,elitize_generation_data,191,12,0.561,NA
193,94,scrabble-score,tourney,FALSE,20,elitize_generation_data,192,10,0.561,NA
194,94,scrabble-score,tourney,FALSE,20,elitize_generation_data,193,8,0.584,NA
195,94,scrabble-score,tourney,FALSE,20,elitize_generation_data,194,9,0.568,NA
196,94,scrabble-score,tourney,FALSE,20,elitize_generation_data,195,11,0.559,NA
197,94,scrabble-score,tourney,FALSE,20,elitize_generation_data,196,8,0.555,NA
198,94,scrabble-score,tourney,FALSE,20,elitize_generation_data,197,10,0.553,NA
199,94,scrabble-score,tourney,FALSE,20,elitize_generation_data,198,7,0.543,NA
200,94,scrabble-score,tourney,FALSE,20,elitize_generation_data,199,9,0.56,NA
201,94,scrabble-score,tourney,FALSE,20,elitize_generation_data,200,9,0.568,NA
202,94,scrabble-score,tourney,FALSE,20,elitize_generation_data,201,6,0.572,NA
203,94,scrabble-score,tourney,FALSE,20,elitize_generation_data,202,9,0.572,NA
204,94,scrabble-score,tourney,FALSE,20,elitize_generation_data,203,8,0.594,NA
205,94,scrabble-score,tourney,FALSE,20,elitize_generation_data,204,10,0.57,NA
206,94,scrabble-score,tourney,FALSE,20,elitize_generation_data,205,9,0.557,NA
207,94,scrabble-score,tourney,FALSE,20,elitize_generation_data,206,10,0.541,NA
208,94,scrabble-score,tourney,FALSE,20,elitize_generation_data,207,10,0.543,NA
209,94,scrabble-score,tourney,FALSE,20,elitize_generation_data,208,9,0.603,NA
210,94,scrabble-score,tourney,FALSE,20,elitize_generation_data,209,11,0.616,NA
211,94,scrabble-score,tourney,FALSE,20,elitize_generation_data,210,9,0.648,NA
212,94,scrabble-score,tourney,FALSE,20,elitize_generation_data,211,6,0.665,NA
213,94,scrabble-score,tourney,FALSE,20,elitize_generation_data,212,14,0.671,NA
214,94,scrabble-score,tourney,FALSE,20,elitize_generation_data,213,9,0.652,NA
215,94,scrabble-score,tourney,FALSE,20,elitize_generation_data,214,9,0.698,NA
216,94,scrabble-score,tourney,FALSE,20,elitize_generation_data,215,9,0.7,NA
217,94,scrabble-score,tourney,FALSE,20,elitize_generation_data,216,10,0.671,NA
218,94,scrabble-score,tourney,FALSE,20,elitize_generation_data,217,6,0.68,NA
219,94,scrabble-score,tourney,FALSE,20,elitize_generation_data,218,10,0.655,NA
220,94,scrabble-score,tourney,FALSE,20,elitize_generation_data,219,12,0.656,NA
221,94,scrabble-score,tourney,FALSE,20,elitize_generation_data,220,7,0.67,NA
222,94,scrabble-score,tourney,FALSE,20,elitize_generation_data,221,9,0.633,NA
223,94,scrabble-score,tourney,FALSE,20,elitize_generation_data,222,11,0.661,NA
224,94,scrabble-score,tourney,FALSE,20,elitize_generation_data,223,13,0.635,NA
225,94,scrabble-score,tourney,FALSE,20,elitize_generation_data,224,7,0.652,NA
226,94,scrabble-score,tourney,FALSE,20,elitize_generation_data,225,10,0.67,NA
227,94,scrabble-score,tourney,FALSE,20,elitize_generation_data,226,15,0.696,NA
228,94,scrabble-score,tourney,FALSE,20,elitize_generation_data,227,10,0.695,NA
229,94,scrabble-score,tourney,FALSE,20,elitize_generation_data,228,11,0.687,NA
230,94,scrabble-score,tourney,FALSE,20,elitize_generation_data,229,14,0.662,NA
231,94,scrabble-score,tourney,FALSE,20,elitize_generation_data,230,12,0.667,NA
232,94,scrabble-score,tourney,FALSE,20,elitize_generation_data,231,10,0.648,NA
233,94,scrabble-score,tourney,FALSE,20,elitize_generation_data,232,9,0.674,NA
234,94,scrabble-score,tourney,FALSE,20,elitize_generation_data,233,13,0.687,NA
235,94,scrabble-score,tourney,FALSE,20,elitize_generation_data,234,8,0.693,NA
236,94,scrabble-score,tourney,FALSE,20,elitize_generation_data,235,10,0.678,NA
237,94,scrabble-score,tourney,FALSE,20,elitize_generation_data,236,8,0.697,NA
238,94,scrabble-score,tourney,FALSE,20,elitize_generation_data,237,11,0.68,NA
239,94,scrabble-score,tourney,FALSE,20,elitize_generation_data,238,11,0.709,NA
240,94,scrabble-score,tourney,FALSE,20,elitize_generation_data,239,15,0.707,NA
241,94,scrabble-score,tourney,FALSE,20,elitize_generation_data,240,9,0.699,NA
242,94,scrabble-score,tourney,FALSE,20,elitize_generation_data,241,10,0.723,NA
243,94,scrabble-score,tourney,FALSE,20,elitize_generation_data,242,11,0.707,NA
244,94,scrabble-score,tourney,FALSE,20,elitize_generation_data,243,9,0.704,NA
245,94,scrabble-score,tourney,FALSE,20,elitize_generation_data,244,8,0.706,NA
246,94,scrabble-score,tourney,FALSE,20,elitize_generation_data,245,11,0.713,NA
247,94,scrabble-score,tourney,FALSE,20,elitize_generation_data,246,11,0.716,NA
248,94,scrabble-score,tourney,FALSE,20,elitize_generation_data,247,10,0.739,NA
249,94,scrabble-score,tourney,FALSE,20,elitize_generation_data,248,10,0.723,NA
250,94,scrabble-score,tourney,FALSE,20,elitize_generation_data,249,11,0.71,NA
251,94,scrabble-score,tourney,FALSE,20,elitize_generation_data,250,9,0.717,NA
252,94,scrabble-score,tourney,FALSE,20,elitize_generation_data,251,11,0.7,NA
253,94,scrabble-score,tourney,FALSE,20,elitize_generation_data,252,9,0.711,NA
254,94,scrabble-score,tourney,FALSE,20,elitize_generation_data,253,9,0.718,NA
255,94,scrabble-score,tourney,FALSE,20,elitize_generation_data,254,9,0.711,NA
256,94,scrabble-score,tourney,FALSE,20,elitize_generation_data,255,11,0.712,NA
257,94,scrabble-score,tourney,FALSE,20,elitize_generation_data,256,11,0.685,NA
258,94,scrabble-score,tourney,FALSE,20,elitize_generation_data,257,7,0.726,NA
259,94,scrabble-score,tourney,FALSE,20,elitize_generation_data,258,8,0.706,NA
260,94,scrabble-score,tourney,FALSE,20,elitize_generation_data,259,9,0.733,NA
261,94,scrabble-score,tourney,FALSE,20,elitize_generation_data,260,9,0.695,NA
262,94,scrabble-score,tourney,FALSE,20,elitize_generation_data,261,8,0.709,NA
263,94,scrabble-score,tourney,FALSE,20,elitize_generation_data,262,11,0.695,NA
264,94,scrabble-score,tourney,FALSE,20,elitize_generation_data,263,9,0.694,NA
265,94,scrabble-score,tourney,FALSE,20,elitize_generation_data,264,11,0.7,NA
266,94,scrabble-score,tourney,FALSE,20,elitize_generation_data,265,10,0.69,NA
267,94,scrabble-score,tourney,FALSE,20,elitize_generation_data,266,9,0.695,NA
268,94,scrabble-score,tourney,FALSE,20,elitize_generation_data,267,8,0.688,NA
269,94,scrabble-score,tourney,FALSE,20,elitize_generation_data,268,10,0.705,NA
270,94,scrabble-score,tourney,FALSE,20,elitize_generation_data,269,10,0.729,NA
271,94,scrabble-score,tourney,FALSE,20,elitize_generation_data,270,13,0.713,NA
272,94,scrabble-score,tourney,FALSE,20,elitize_generation_data,271,15,0.678,NA
273,94,scrabble-score,tourney,FALSE,20,elitize_generation_data,272,7,0.669,NA
274,94,scrabble-score,tourney,FALSE,20,elitize_generation_data,273,11,0.708,NA
275,94,scrabble-score,tourney,FALSE,20,elitize_generation_data,274,12,0.701,NA
276,94,scrabble-score,tourney,FALSE,20,elitize_generation_data,275,10,0.692,NA
277,94,scrabble-score,tourney,FALSE,20,elitize_generation_data,276,8,0.687,NA
278,94,scrabble-score,tourney,FALSE,20,elitize_generation_data,277,11,0.687,NA
279,94,scrabble-score,tourney,FALSE,20,elitize_generation_data,278,10,0.699,NA
280,94,scrabble-score,tourney,FALSE,20,elitize_generation_data,279,8,0.697,NA
281,94,scrabble-score,tourney,FALSE,20,elitize_generation_data,280,13,0.685,NA
282,94,scrabble-score,tourney,FALSE,20,elitize_generation_data,281,11,0.703,NA
283,94,scrabble-score,tourney,FALSE,20,elitize_generation_data,282,7,0.709,NA
284,94,scrabble-score,tourney,FALSE,20,elitize_generation_data,283,8,0.697,NA
285,94,scrabble-score,tourney,FALSE,20,elitize_generation_data,284,9,0.701,NA
286,94,scrabble-score,tourney,FALSE,20,elitize_generation_data,285,7,0.724,NA
287,94,scrabble-score,tourney,FALSE,20,elitize_generation_data,286,8,0.698,NA
288,94,scrabble-score,tourney,FALSE,20,elitize_generation_data,287,10,0.688,NA
289,94,scrabble-score,tourney,FALSE,20,elitize_generation_data,288,11,0.697,NA
290,94,scrabble-score,tourney,FALSE,20,elitize_generation_data,289,15,0.702,NA
291,94,scrabble-score,tourney,FALSE,20,elitize_generation_data,290,10,0.715,NA
292,94,scrabble-score,tourney,FALSE,20,elitize_generation_data,291,9,0.71,NA
293,94,scrabble-score,tourney,FALSE,20,elitize_generation_data,292,10,0.708,NA
294,94,scrabble-score,tourney,FALSE,20,elitize_generation_data,293,13,0.702,NA
295,94,scrabble-score,tourney,FALSE,20,elitize_generation_data,294,12,0.707,NA
296,94,scrabble-score,tourney,FALSE,20,elitize_generation_data,295,10,0.716,NA
297,94,scrabble-score,tourney,FALSE,20,elitize_generation_data,296,11,0.722,NA
298,94,scrabble-score,tourney,FALSE,20,elitize_generation_data,297,8,0.696,NA
299,94,scrabble-score,tourney,FALSE,20,elitize_generation_data,298,10,0.718,NA
300,94,scrabble-score,tourney,FALSE,20,elitize_generation_data,299,10,0.746,NA
301,94,scrabble-score,tourney,FALSE,20,elitize_generation_data,300,13,0.727,NA
