,run.num,problem,treatment,succeeded,height,normalization.function,generation,cluster.count,error.diversity,success.generation
1,17,scrabble-score,tourney,FALSE,20,elitize_generation_data,0,5,0.111,NA
2,17,scrabble-score,tourney,FALSE,20,elitize_generation_data,1,3,0.094,NA
3,17,scrabble-score,tourney,FALSE,20,elitize_generation_data,2,2,0.097,NA
4,17,scrabble-score,tourney,FALSE,20,elitize_generation_data,3,3,0.094,NA
5,17,scrabble-score,tourney,FALSE,20,elitize_generation_data,4,8,0.094,NA
6,17,scrabble-score,tourney,FALSE,20,elitize_generation_data,5,9,0.19,NA
7,17,scrabble-score,tourney,FALSE,20,elitize_generation_data,6,8,0.397,NA
8,17,scrabble-score,tourney,FALSE,20,elitize_generation_data,7,8,0.411,NA
9,17,scrabble-score,tourney,FALSE,20,elitize_generation_data,8,8,0.403,NA
10,17,scrabble-score,tourney,FALSE,20,elitize_generation_data,9,9,0.268,NA
11,17,scrabble-score,tourney,FALSE,20,elitize_generation_data,10,8,0.237,NA
12,17,scrabble-score,tourney,FALSE,20,elitize_generation_data,11,8,0.19,NA
13,17,scrabble-score,tourney,FALSE,20,elitize_generation_data,12,11,0.205,NA
14,17,scrabble-score,tourney,FALSE,20,elitize_generation_data,13,6,0.338,NA
15,17,scrabble-score,tourney,FALSE,20,elitize_generation_data,14,7,0.437,NA
16,17,scrabble-score,tourney,FALSE,20,elitize_generation_data,15,6,0.55,NA
17,17,scrabble-score,tourney,FALSE,20,elitize_generation_data,16,8,0.565,NA
18,17,scrabble-score,tourney,FALSE,20,elitize_generation_data,17,7,0.507,NA
19,17,scrabble-score,tourney,FALSE,20,elitize_generation_data,18,9,0.54,NA
20,17,scrabble-score,tourney,FALSE,20,elitize_generation_data,19,9,0.515,NA
21,17,scrabble-score,tourney,FALSE,20,elitize_generation_data,20,10,0.518,NA
22,17,scrabble-score,tourney,FALSE,20,elitize_generation_data,21,9,0.541,NA
23,17,scrabble-score,tourney,FALSE,20,elitize_generation_data,22,6,0.498,NA
24,17,scrabble-score,tourney,FALSE,20,elitize_generation_data,23,6,0.542,NA
25,17,scrabble-score,tourney,FALSE,20,elitize_generation_data,24,6,0.568,NA
26,17,scrabble-score,tourney,FALSE,20,elitize_generation_data,25,10,0.579,NA
27,17,scrabble-score,tourney,FALSE,20,elitize_generation_data,26,8,0.55,NA
28,17,scrabble-score,tourney,FALSE,20,elitize_generation_data,27,7,0.535,NA
29,17,scrabble-score,tourney,FALSE,20,elitize_generation_data,28,10,0.501,NA
30,17,scrabble-score,tourney,FALSE,20,elitize_generation_data,29,12,0.553,NA
31,17,scrabble-score,tourney,FALSE,20,elitize_generation_data,30,11,0.542,NA
32,17,scrabble-score,tourney,FALSE,20,elitize_generation_data,31,8,0.498,NA
33,17,scrabble-score,tourney,FALSE,20,elitize_generation_data,32,7,0.481,NA
34,17,scrabble-score,tourney,FALSE,20,elitize_generation_data,33,11,0.487,NA
35,17,scrabble-score,tourney,FALSE,20,elitize_generation_data,34,10,0.441,NA
36,17,scrabble-score,tourney,FALSE,20,elitize_generation_data,35,9,0.436,NA
37,17,scrabble-score,tourney,FALSE,20,elitize_generation_data,36,8,0.428,NA
38,17,scrabble-score,tourney,FALSE,20,elitize_generation_data,37,7,0.404,NA
39,17,scrabble-score,tourney,FALSE,20,elitize_generation_data,38,8,0.415,NA
40,17,scrabble-score,tourney,FALSE,20,elitize_generation_data,39,10,0.451,NA
41,17,scrabble-score,tourney,FALSE,20,elitize_generation_data,40,8,0.46,NA
42,17,scrabble-score,tourney,FALSE,20,elitize_generation_data,41,7,0.458,NA
43,17,scrabble-score,tourney,FALSE,20,elitize_generation_data,42,11,0.417,NA
44,17,scrabble-score,tourney,FALSE,20,elitize_generation_data,43,6,0.46,NA
45,17,scrabble-score,tourney,FALSE,20,elitize_generation_data,44,10,0.434,NA
46,17,scrabble-score,tourney,FALSE,20,elitize_generation_data,45,5,0.414,NA
47,17,scrabble-score,tourney,FALSE,20,elitize_generation_data,46,8,0.408,NA
48,17,scrabble-score,tourney,FALSE,20,elitize_generation_data,47,9,0.43,NA
49,17,scrabble-score,tourney,FALSE,20,elitize_generation_data,48,12,0.448,NA
50,17,scrabble-score,tourney,FALSE,20,elitize_generation_data,49,11,0.436,NA
51,17,scrabble-score,tourney,FALSE,20,elitize_generation_data,50,7,0.453,NA
52,17,scrabble-score,tourney,FALSE,20,elitize_generation_data,51,7,0.4,NA
53,17,scrabble-score,tourney,FALSE,20,elitize_generation_data,52,12,0.417,NA
54,17,scrabble-score,tourney,FALSE,20,elitize_generation_data,53,8,0.405,NA
55,17,scrabble-score,tourney,FALSE,20,elitize_generation_data,54,10,0.419,NA
56,17,scrabble-score,tourney,FALSE,20,elitize_generation_data,55,11,0.45,NA
57,17,scrabble-score,tourney,FALSE,20,elitize_generation_data,56,12,0.433,NA
58,17,scrabble-score,tourney,FALSE,20,elitize_generation_data,57,10,0.444,NA
59,17,scrabble-score,tourney,FALSE,20,elitize_generation_data,58,8,0.439,NA
60,17,scrabble-score,tourney,FALSE,20,elitize_generation_data,59,9,0.426,NA
61,17,scrabble-score,tourney,FALSE,20,elitize_generation_data,60,9,0.438,NA
62,17,scrabble-score,tourney,FALSE,20,elitize_generation_data,61,11,0.431,NA
63,17,scrabble-score,tourney,FALSE,20,elitize_generation_data,62,10,0.416,NA
64,17,scrabble-score,tourney,FALSE,20,elitize_generation_data,63,9,0.392,NA
65,17,scrabble-score,tourney,FALSE,20,elitize_generation_data,64,8,0.43,NA
66,17,scrabble-score,tourney,FALSE,20,elitize_generation_data,65,11,0.45,NA
67,17,scrabble-score,tourney,FALSE,20,elitize_generation_data,66,10,0.468,NA
68,17,scrabble-score,tourney,FALSE,20,elitize_generation_data,67,9,0.451,NA
69,17,scrabble-score,tourney,FALSE,20,elitize_generation_data,68,7,0.453,NA
70,17,scrabble-score,tourney,FALSE,20,elitize_generation_data,69,9,0.456,NA
71,17,scrabble-score,tourney,FALSE,20,elitize_generation_data,70,7,0.46,NA
72,17,scrabble-score,tourney,FALSE,20,elitize_generation_data,71,10,0.486,NA
73,17,scrabble-score,tourney,FALSE,20,elitize_generation_data,72,12,0.524,NA
74,17,scrabble-score,tourney,FALSE,20,elitize_generation_data,73,12,0.527,NA
75,17,scrabble-score,tourney,FALSE,20,elitize_generation_data,74,9,0.54,NA
76,17,scrabble-score,tourney,FALSE,20,elitize_generation_data,75,10,0.515,NA
77,17,scrabble-score,tourney,FALSE,20,elitize_generation_data,76,10,0.465,NA
78,17,scrabble-score,tourney,FALSE,20,elitize_generation_data,77,8,0.482,NA
79,17,scrabble-score,tourney,FALSE,20,elitize_generation_data,78,8,0.492,NA
80,17,scrabble-score,tourney,FALSE,20,elitize_generation_data,79,9,0.493,NA
81,17,scrabble-score,tourney,FALSE,20,elitize_generation_data,80,9,0.475,NA
82,17,scrabble-score,tourney,FALSE,20,elitize_generation_data,81,7,0.487,NA
83,17,scrabble-score,tourney,FALSE,20,elitize_generation_data,82,8,0.505,NA
84,17,scrabble-score,tourney,FALSE,20,elitize_generation_data,83,7,0.492,NA
85,17,scrabble-score,tourney,FALSE,20,elitize_generation_data,84,10,0.514,NA
86,17,scrabble-score,tourney,FALSE,20,elitize_generation_data,85,6,0.518,NA
87,17,scrabble-score,tourney,FALSE,20,elitize_generation_data,86,6,0.518,NA
88,17,scrabble-score,tourney,FALSE,20,elitize_generation_data,87,8,0.508,NA
89,17,scrabble-score,tourney,FALSE,20,elitize_generation_data,88,8,0.509,NA
90,17,scrabble-score,tourney,FALSE,20,elitize_generation_data,89,8,0.507,NA
91,17,scrabble-score,tourney,FALSE,20,elitize_generation_data,90,8,0.5,NA
92,17,scrabble-score,tourney,FALSE,20,elitize_generation_data,91,11,0.506,NA
93,17,scrabble-score,tourney,FALSE,20,elitize_generation_data,92,11,0.535,NA
94,17,scrabble-score,tourney,FALSE,20,elitize_generation_data,93,6,0.489,NA
95,17,scrabble-score,tourney,FALSE,20,elitize_generation_data,94,11,0.532,NA
96,17,scrabble-score,tourney,FALSE,20,elitize_generation_data,95,8,0.504,NA
97,17,scrabble-score,tourney,FALSE,20,elitize_generation_data,96,9,0.502,NA
98,17,scrabble-score,tourney,FALSE,20,elitize_generation_data,97,8,0.524,NA
99,17,scrabble-score,tourney,FALSE,20,elitize_generation_data,98,7,0.505,NA
100,17,scrabble-score,tourney,FALSE,20,elitize_generation_data,99,8,0.487,NA
101,17,scrabble-score,tourney,FALSE,20,elitize_generation_data,100,6,0.504,NA
102,17,scrabble-score,tourney,FALSE,20,elitize_generation_data,101,8,0.498,NA
103,17,scrabble-score,tourney,FALSE,20,elitize_generation_data,102,7,0.494,NA
104,17,scrabble-score,tourney,FALSE,20,elitize_generation_data,103,6,0.52,NA
105,17,scrabble-score,tourney,FALSE,20,elitize_generation_data,104,10,0.515,NA
106,17,scrabble-score,tourney,FALSE,20,elitize_generation_data,105,9,0.535,NA
107,17,scrabble-score,tourney,FALSE,20,elitize_generation_data,106,9,0.514,NA
108,17,scrabble-score,tourney,FALSE,20,elitize_generation_data,107,10,0.509,NA
109,17,scrabble-score,tourney,FALSE,20,elitize_generation_data,108,11,0.5,NA
110,17,scrabble-score,tourney,FALSE,20,elitize_generation_data,109,7,0.489,NA
111,17,scrabble-score,tourney,FALSE,20,elitize_generation_data,110,7,0.494,NA
112,17,scrabble-score,tourney,FALSE,20,elitize_generation_data,111,8,0.452,NA
113,17,scrabble-score,tourney,FALSE,20,elitize_generation_data,112,8,0.493,NA
114,17,scrabble-score,tourney,FALSE,20,elitize_generation_data,113,8,0.49,NA
115,17,scrabble-score,tourney,FALSE,20,elitize_generation_data,114,8,0.497,NA
116,17,scrabble-score,tourney,FALSE,20,elitize_generation_data,115,8,0.506,NA
117,17,scrabble-score,tourney,FALSE,20,elitize_generation_data,116,9,0.507,NA
118,17,scrabble-score,tourney,FALSE,20,elitize_generation_data,117,10,0.503,NA
119,17,scrabble-score,tourney,FALSE,20,elitize_generation_data,118,9,0.485,NA
120,17,scrabble-score,tourney,FALSE,20,elitize_generation_data,119,6,0.482,NA
121,17,scrabble-score,tourney,FALSE,20,elitize_generation_data,120,8,0.498,NA
122,17,scrabble-score,tourney,FALSE,20,elitize_generation_data,121,9,0.519,NA
123,17,scrabble-score,tourney,FALSE,20,elitize_generation_data,122,8,0.516,NA
124,17,scrabble-score,tourney,FALSE,20,elitize_generation_data,123,9,0.494,NA
125,17,scrabble-score,tourney,FALSE,20,elitize_generation_data,124,8,0.508,NA
126,17,scrabble-score,tourney,FALSE,20,elitize_generation_data,125,7,0.503,NA
127,17,scrabble-score,tourney,FALSE,20,elitize_generation_data,126,8,0.517,NA
128,17,scrabble-score,tourney,FALSE,20,elitize_generation_data,127,7,0.529,NA
129,17,scrabble-score,tourney,FALSE,20,elitize_generation_data,128,9,0.506,NA
130,17,scrabble-score,tourney,FALSE,20,elitize_generation_data,129,7,0.497,NA
131,17,scrabble-score,tourney,FALSE,20,elitize_generation_data,130,9,0.525,NA
132,17,scrabble-score,tourney,FALSE,20,elitize_generation_data,131,9,0.516,NA
133,17,scrabble-score,tourney,FALSE,20,elitize_generation_data,132,7,0.532,NA
134,17,scrabble-score,tourney,FALSE,20,elitize_generation_data,133,5,0.586,NA
135,17,scrabble-score,tourney,FALSE,20,elitize_generation_data,134,7,0.565,NA
136,17,scrabble-score,tourney,FALSE,20,elitize_generation_data,135,6,0.53,NA
137,17,scrabble-score,tourney,FALSE,20,elitize_generation_data,136,10,0.534,NA
138,17,scrabble-score,tourney,FALSE,20,elitize_generation_data,137,8,0.59,NA
139,17,scrabble-score,tourney,FALSE,20,elitize_generation_data,138,6,0.59,NA
140,17,scrabble-score,tourney,FALSE,20,elitize_generation_data,139,6,0.586,NA
141,17,scrabble-score,tourney,FALSE,20,elitize_generation_data,140,5,0.547,NA
142,17,scrabble-score,tourney,FALSE,20,elitize_generation_data,141,9,0.577,NA
143,17,scrabble-score,tourney,FALSE,20,elitize_generation_data,142,8,0.555,NA
144,17,scrabble-score,tourney,FALSE,20,elitize_generation_data,143,9,0.548,NA
145,17,scrabble-score,tourney,FALSE,20,elitize_generation_data,144,8,0.544,NA
146,17,scrabble-score,tourney,FALSE,20,elitize_generation_data,145,9,0.551,NA
147,17,scrabble-score,tourney,FALSE,20,elitize_generation_data,146,9,0.53,NA
148,17,scrabble-score,tourney,FALSE,20,elitize_generation_data,147,8,0.547,NA
149,17,scrabble-score,tourney,FALSE,20,elitize_generation_data,148,10,0.533,NA
150,17,scrabble-score,tourney,FALSE,20,elitize_generation_data,149,9,0.539,NA
151,17,scrabble-score,tourney,FALSE,20,elitize_generation_data,150,7,0.557,NA
152,17,scrabble-score,tourney,FALSE,20,elitize_generation_data,151,7,0.509,NA
153,17,scrabble-score,tourney,FALSE,20,elitize_generation_data,152,7,0.551,NA
154,17,scrabble-score,tourney,FALSE,20,elitize_generation_data,153,11,0.553,NA
155,17,scrabble-score,tourney,FALSE,20,elitize_generation_data,154,7,0.551,NA
156,17,scrabble-score,tourney,FALSE,20,elitize_generation_data,155,5,0.538,NA
157,17,scrabble-score,tourney,FALSE,20,elitize_generation_data,156,9,0.525,NA
158,17,scrabble-score,tourney,FALSE,20,elitize_generation_data,157,7,0.556,NA
159,17,scrabble-score,tourney,FALSE,20,elitize_generation_data,158,7,0.539,NA
160,17,scrabble-score,tourney,FALSE,20,elitize_generation_data,159,6,0.531,NA
161,17,scrabble-score,tourney,FALSE,20,elitize_generation_data,160,6,0.551,NA
162,17,scrabble-score,tourney,FALSE,20,elitize_generation_data,161,7,0.555,NA
163,17,scrabble-score,tourney,FALSE,20,elitize_generation_data,162,7,0.565,NA
164,17,scrabble-score,tourney,FALSE,20,elitize_generation_data,163,6,0.568,NA
165,17,scrabble-score,tourney,FALSE,20,elitize_generation_data,164,5,0.531,NA
166,17,scrabble-score,tourney,FALSE,20,elitize_generation_data,165,8,0.532,NA
167,17,scrabble-score,tourney,FALSE,20,elitize_generation_data,166,6,0.551,NA
168,17,scrabble-score,tourney,FALSE,20,elitize_generation_data,167,5,0.56,NA
169,17,scrabble-score,tourney,FALSE,20,elitize_generation_data,168,8,0.529,NA
170,17,scrabble-score,tourney,FALSE,20,elitize_generation_data,169,9,0.557,NA
171,17,scrabble-score,tourney,FALSE,20,elitize_generation_data,170,8,0.572,NA
172,17,scrabble-score,tourney,FALSE,20,elitize_generation_data,171,9,0.547,NA
173,17,scrabble-score,tourney,FALSE,20,elitize_generation_data,172,7,0.541,NA
174,17,scrabble-score,tourney,FALSE,20,elitize_generation_data,173,8,0.571,NA
175,17,scrabble-score,tourney,FALSE,20,elitize_generation_data,174,6,0.558,NA
176,17,scrabble-score,tourney,FALSE,20,elitize_generation_data,175,6,0.571,NA
177,17,scrabble-score,tourney,FALSE,20,elitize_generation_data,176,10,0.549,NA
178,17,scrabble-score,tourney,FALSE,20,elitize_generation_data,177,8,0.538,NA
179,17,scrabble-score,tourney,FALSE,20,elitize_generation_data,178,8,0.566,NA
180,17,scrabble-score,tourney,FALSE,20,elitize_generation_data,179,8,0.515,NA
181,17,scrabble-score,tourney,FALSE,20,elitize_generation_data,180,7,0.519,NA
182,17,scrabble-score,tourney,FALSE,20,elitize_generation_data,181,8,0.548,NA
183,17,scrabble-score,tourney,FALSE,20,elitize_generation_data,182,6,0.586,NA
184,17,scrabble-score,tourney,FALSE,20,elitize_generation_data,183,8,0.563,NA
185,17,scrabble-score,tourney,FALSE,20,elitize_generation_data,184,8,0.563,NA
186,17,scrabble-score,tourney,FALSE,20,elitize_generation_data,185,7,0.561,NA
187,17,scrabble-score,tourney,FALSE,20,elitize_generation_data,186,7,0.54,NA
188,17,scrabble-score,tourney,FALSE,20,elitize_generation_data,187,7,0.555,NA
189,17,scrabble-score,tourney,FALSE,20,elitize_generation_data,188,13,0.578,NA
190,17,scrabble-score,tourney,FALSE,20,elitize_generation_data,189,9,0.575,NA
191,17,scrabble-score,tourney,FALSE,20,elitize_generation_data,190,10,0.561,NA
192,17,scrabble-score,tourney,FALSE,20,elitize_generation_data,191,10,0.562,NA
193,17,scrabble-score,tourney,FALSE,20,elitize_generation_data,192,8,0.542,NA
194,17,scrabble-score,tourney,FALSE,20,elitize_generation_data,193,7,0.551,NA
195,17,scrabble-score,tourney,FALSE,20,elitize_generation_data,194,9,0.55,NA
196,17,scrabble-score,tourney,FALSE,20,elitize_generation_data,195,8,0.546,NA
197,17,scrabble-score,tourney,FALSE,20,elitize_generation_data,196,10,0.536,NA
198,17,scrabble-score,tourney,FALSE,20,elitize_generation_data,197,7,0.543,NA
199,17,scrabble-score,tourney,FALSE,20,elitize_generation_data,198,6,0.557,NA
200,17,scrabble-score,tourney,FALSE,20,elitize_generation_data,199,8,0.561,NA
201,17,scrabble-score,tourney,FALSE,20,elitize_generation_data,200,8,0.56,NA
202,17,scrabble-score,tourney,FALSE,20,elitize_generation_data,201,8,0.591,NA
203,17,scrabble-score,tourney,FALSE,20,elitize_generation_data,202,5,0.569,NA
204,17,scrabble-score,tourney,FALSE,20,elitize_generation_data,203,8,0.574,NA
205,17,scrabble-score,tourney,FALSE,20,elitize_generation_data,204,8,0.611,NA
206,17,scrabble-score,tourney,FALSE,20,elitize_generation_data,205,8,0.618,NA
207,17,scrabble-score,tourney,FALSE,20,elitize_generation_data,206,8,0.568,NA
208,17,scrabble-score,tourney,FALSE,20,elitize_generation_data,207,7,0.604,NA
209,17,scrabble-score,tourney,FALSE,20,elitize_generation_data,208,9,0.576,NA
210,17,scrabble-score,tourney,FALSE,20,elitize_generation_data,209,4,0.584,NA
211,17,scrabble-score,tourney,FALSE,20,elitize_generation_data,210,8,0.552,NA
212,17,scrabble-score,tourney,FALSE,20,elitize_generation_data,211,6,0.546,NA
213,17,scrabble-score,tourney,FALSE,20,elitize_generation_data,212,7,0.559,NA
214,17,scrabble-score,tourney,FALSE,20,elitize_generation_data,213,7,0.556,NA
215,17,scrabble-score,tourney,FALSE,20,elitize_generation_data,214,7,0.587,NA
216,17,scrabble-score,tourney,FALSE,20,elitize_generation_data,215,6,0.611,NA
217,17,scrabble-score,tourney,FALSE,20,elitize_generation_data,216,9,0.617,NA
218,17,scrabble-score,tourney,FALSE,20,elitize_generation_data,217,5,0.604,NA
219,17,scrabble-score,tourney,FALSE,20,elitize_generation_data,218,8,0.584,NA
220,17,scrabble-score,tourney,FALSE,20,elitize_generation_data,219,8,0.553,NA
221,17,scrabble-score,tourney,FALSE,20,elitize_generation_data,220,8,0.558,NA
222,17,scrabble-score,tourney,FALSE,20,elitize_generation_data,221,7,0.568,NA
223,17,scrabble-score,tourney,FALSE,20,elitize_generation_data,222,7,0.608,NA
224,17,scrabble-score,tourney,FALSE,20,elitize_generation_data,223,8,0.595,NA
225,17,scrabble-score,tourney,FALSE,20,elitize_generation_data,224,7,0.587,NA
226,17,scrabble-score,tourney,FALSE,20,elitize_generation_data,225,8,0.576,NA
227,17,scrabble-score,tourney,FALSE,20,elitize_generation_data,226,7,0.562,NA
228,17,scrabble-score,tourney,FALSE,20,elitize_generation_data,227,7,0.594,NA
229,17,scrabble-score,tourney,FALSE,20,elitize_generation_data,228,7,0.577,NA
230,17,scrabble-score,tourney,FALSE,20,elitize_generation_data,229,7,0.576,NA
231,17,scrabble-score,tourney,FALSE,20,elitize_generation_data,230,8,0.576,NA
232,17,scrabble-score,tourney,FALSE,20,elitize_generation_data,231,7,0.593,NA
233,17,scrabble-score,tourney,FALSE,20,elitize_generation_data,232,4,0.587,NA
234,17,scrabble-score,tourney,FALSE,20,elitize_generation_data,233,5,0.617,NA
235,17,scrabble-score,tourney,FALSE,20,elitize_generation_data,234,8,0.619,NA
236,17,scrabble-score,tourney,FALSE,20,elitize_generation_data,235,7,0.61,NA
237,17,scrabble-score,tourney,FALSE,20,elitize_generation_data,236,5,0.593,NA
238,17,scrabble-score,tourney,FALSE,20,elitize_generation_data,237,8,0.579,NA
239,17,scrabble-score,tourney,FALSE,20,elitize_generation_data,238,9,0.548,NA
240,17,scrabble-score,tourney,FALSE,20,elitize_generation_data,239,9,0.558,NA
241,17,scrabble-score,tourney,FALSE,20,elitize_generation_data,240,6,0.541,NA
242,17,scrabble-score,tourney,FALSE,20,elitize_generation_data,241,9,0.544,NA
243,17,scrabble-score,tourney,FALSE,20,elitize_generation_data,242,6,0.567,NA
244,17,scrabble-score,tourney,FALSE,20,elitize_generation_data,243,7,0.585,NA
245,17,scrabble-score,tourney,FALSE,20,elitize_generation_data,244,9,0.579,NA
246,17,scrabble-score,tourney,FALSE,20,elitize_generation_data,245,11,0.533,NA
247,17,scrabble-score,tourney,FALSE,20,elitize_generation_data,246,8,0.543,NA
248,17,scrabble-score,tourney,FALSE,20,elitize_generation_data,247,6,0.563,NA
249,17,scrabble-score,tourney,FALSE,20,elitize_generation_data,248,5,0.54,NA
250,17,scrabble-score,tourney,FALSE,20,elitize_generation_data,249,7,0.543,NA
251,17,scrabble-score,tourney,FALSE,20,elitize_generation_data,250,9,0.58,NA
252,17,scrabble-score,tourney,FALSE,20,elitize_generation_data,251,9,0.571,NA
253,17,scrabble-score,tourney,FALSE,20,elitize_generation_data,252,8,0.574,NA
254,17,scrabble-score,tourney,FALSE,20,elitize_generation_data,253,9,0.567,NA
255,17,scrabble-score,tourney,FALSE,20,elitize_generation_data,254,11,0.568,NA
256,17,scrabble-score,tourney,FALSE,20,elitize_generation_data,255,8,0.548,NA
257,17,scrabble-score,tourney,FALSE,20,elitize_generation_data,256,6,0.594,NA
258,17,scrabble-score,tourney,FALSE,20,elitize_generation_data,257,8,0.563,NA
259,17,scrabble-score,tourney,FALSE,20,elitize_generation_data,258,7,0.575,NA
260,17,scrabble-score,tourney,FALSE,20,elitize_generation_data,259,6,0.612,NA
261,17,scrabble-score,tourney,FALSE,20,elitize_generation_data,260,6,0.602,NA
262,17,scrabble-score,tourney,FALSE,20,elitize_generation_data,261,6,0.602,NA
263,17,scrabble-score,tourney,FALSE,20,elitize_generation_data,262,6,0.606,NA
264,17,scrabble-score,tourney,FALSE,20,elitize_generation_data,263,6,0.577,NA
265,17,scrabble-score,tourney,FALSE,20,elitize_generation_data,264,5,0.622,NA
266,17,scrabble-score,tourney,FALSE,20,elitize_generation_data,265,8,0.579,NA
267,17,scrabble-score,tourney,FALSE,20,elitize_generation_data,266,8,0.58,NA
268,17,scrabble-score,tourney,FALSE,20,elitize_generation_data,267,10,0.581,NA
269,17,scrabble-score,tourney,FALSE,20,elitize_generation_data,268,6,0.566,NA
270,17,scrabble-score,tourney,FALSE,20,elitize_generation_data,269,7,0.596,NA
271,17,scrabble-score,tourney,FALSE,20,elitize_generation_data,270,7,0.593,NA
272,17,scrabble-score,tourney,FALSE,20,elitize_generation_data,271,6,0.58,NA
273,17,scrabble-score,tourney,FALSE,20,elitize_generation_data,272,5,0.585,NA
274,17,scrabble-score,tourney,FALSE,20,elitize_generation_data,273,6,0.591,NA
275,17,scrabble-score,tourney,FALSE,20,elitize_generation_data,274,11,0.568,NA
276,17,scrabble-score,tourney,FALSE,20,elitize_generation_data,275,8,0.569,NA
277,17,scrabble-score,tourney,FALSE,20,elitize_generation_data,276,8,0.583,NA
278,17,scrabble-score,tourney,FALSE,20,elitize_generation_data,277,7,0.575,NA
279,17,scrabble-score,tourney,FALSE,20,elitize_generation_data,278,6,0.578,NA
280,17,scrabble-score,tourney,FALSE,20,elitize_generation_data,279,6,0.572,NA
281,17,scrabble-score,tourney,FALSE,20,elitize_generation_data,280,6,0.6,NA
282,17,scrabble-score,tourney,FALSE,20,elitize_generation_data,281,7,0.599,NA
283,17,scrabble-score,tourney,FALSE,20,elitize_generation_data,282,8,0.606,NA
284,17,scrabble-score,tourney,FALSE,20,elitize_generation_data,283,7,0.583,NA
285,17,scrabble-score,tourney,FALSE,20,elitize_generation_data,284,7,0.57,NA
286,17,scrabble-score,tourney,FALSE,20,elitize_generation_data,285,6,0.597,NA
287,17,scrabble-score,tourney,FALSE,20,elitize_generation_data,286,6,0.572,NA
288,17,scrabble-score,tourney,FALSE,20,elitize_generation_data,287,7,0.56,NA
289,17,scrabble-score,tourney,FALSE,20,elitize_generation_data,288,6,0.596,NA
290,17,scrabble-score,tourney,FALSE,20,elitize_generation_data,289,5,0.587,NA
291,17,scrabble-score,tourney,FALSE,20,elitize_generation_data,290,7,0.586,NA
292,17,scrabble-score,tourney,FALSE,20,elitize_generation_data,291,7,0.581,NA
293,17,scrabble-score,tourney,FALSE,20,elitize_generation_data,292,8,0.6,NA
294,17,scrabble-score,tourney,FALSE,20,elitize_generation_data,293,6,0.613,NA
295,17,scrabble-score,tourney,FALSE,20,elitize_generation_data,294,8,0.617,NA
296,17,scrabble-score,tourney,FALSE,20,elitize_generation_data,295,8,0.574,NA
297,17,scrabble-score,tourney,FALSE,20,elitize_generation_data,296,5,0.591,NA
298,17,scrabble-score,tourney,FALSE,20,elitize_generation_data,297,7,0.582,NA
299,17,scrabble-score,tourney,FALSE,20,elitize_generation_data,298,6,0.579,NA
300,17,scrabble-score,tourney,FALSE,20,elitize_generation_data,299,9,0.618,NA
301,17,scrabble-score,tourney,FALSE,20,elitize_generation_data,300,9,0.59,NA
