,run.num,problem,treatment,succeeded,height,normalization.function,generation,cluster.count,error.diversity,success.generation
1,48,scrabble-score,tourney,FALSE,20,elitize_generation_data,0,5,0.096,NA
2,48,scrabble-score,tourney,FALSE,20,elitize_generation_data,1,4,0.108,NA
3,48,scrabble-score,tourney,FALSE,20,elitize_generation_data,2,2,0.114,NA
4,48,scrabble-score,tourney,FALSE,20,elitize_generation_data,3,3,0.115,NA
5,48,scrabble-score,tourney,FALSE,20,elitize_generation_data,4,4,0.098,NA
6,48,scrabble-score,tourney,FALSE,20,elitize_generation_data,5,7,0.083,NA
7,48,scrabble-score,tourney,FALSE,20,elitize_generation_data,6,6,0.095,NA
8,48,scrabble-score,tourney,FALSE,20,elitize_generation_data,7,6,0.142,NA
9,48,scrabble-score,tourney,FALSE,20,elitize_generation_data,8,8,0.159,NA
10,48,scrabble-score,tourney,FALSE,20,elitize_generation_data,9,9,0.131,NA
11,48,scrabble-score,tourney,FALSE,20,elitize_generation_data,10,8,0.124,NA
12,48,scrabble-score,tourney,FALSE,20,elitize_generation_data,11,5,0.137,NA
13,48,scrabble-score,tourney,FALSE,20,elitize_generation_data,12,8,0.174,NA
14,48,scrabble-score,tourney,FALSE,20,elitize_generation_data,13,6,0.16,NA
15,48,scrabble-score,tourney,FALSE,20,elitize_generation_data,14,8,0.161,NA
16,48,scrabble-score,tourney,FALSE,20,elitize_generation_data,15,6,0.167,NA
17,48,scrabble-score,tourney,FALSE,20,elitize_generation_data,16,7,0.171,NA
18,48,scrabble-score,tourney,FALSE,20,elitize_generation_data,17,7,0.169,NA
19,48,scrabble-score,tourney,FALSE,20,elitize_generation_data,18,7,0.196,NA
20,48,scrabble-score,tourney,FALSE,20,elitize_generation_data,19,6,0.201,NA
21,48,scrabble-score,tourney,FALSE,20,elitize_generation_data,20,8,0.226,NA
22,48,scrabble-score,tourney,FALSE,20,elitize_generation_data,21,6,0.229,NA
23,48,scrabble-score,tourney,FALSE,20,elitize_generation_data,22,6,0.207,NA
24,48,scrabble-score,tourney,FALSE,20,elitize_generation_data,23,6,0.171,NA
25,48,scrabble-score,tourney,FALSE,20,elitize_generation_data,24,7,0.2,NA
26,48,scrabble-score,tourney,FALSE,20,elitize_generation_data,25,6,0.201,NA
27,48,scrabble-score,tourney,FALSE,20,elitize_generation_data,26,6,0.186,NA
28,48,scrabble-score,tourney,FALSE,20,elitize_generation_data,27,6,0.177,NA
29,48,scrabble-score,tourney,FALSE,20,elitize_generation_data,28,7,0.177,NA
30,48,scrabble-score,tourney,FALSE,20,elitize_generation_data,29,5,0.213,NA
31,48,scrabble-score,tourney,FALSE,20,elitize_generation_data,30,6,0.202,NA
32,48,scrabble-score,tourney,FALSE,20,elitize_generation_data,31,6,0.199,NA
33,48,scrabble-score,tourney,FALSE,20,elitize_generation_data,32,8,0.201,NA
34,48,scrabble-score,tourney,FALSE,20,elitize_generation_data,33,7,0.213,NA
35,48,scrabble-score,tourney,FALSE,20,elitize_generation_data,34,7,0.208,NA
36,48,scrabble-score,tourney,FALSE,20,elitize_generation_data,35,8,0.209,NA
37,48,scrabble-score,tourney,FALSE,20,elitize_generation_data,36,6,0.206,NA
38,48,scrabble-score,tourney,FALSE,20,elitize_generation_data,37,8,0.226,NA
39,48,scrabble-score,tourney,FALSE,20,elitize_generation_data,38,7,0.199,NA
40,48,scrabble-score,tourney,FALSE,20,elitize_generation_data,39,8,0.221,NA
41,48,scrabble-score,tourney,FALSE,20,elitize_generation_data,40,4,0.234,NA
42,48,scrabble-score,tourney,FALSE,20,elitize_generation_data,41,7,0.228,NA
43,48,scrabble-score,tourney,FALSE,20,elitize_generation_data,42,7,0.25,NA
44,48,scrabble-score,tourney,FALSE,20,elitize_generation_data,43,6,0.25,NA
45,48,scrabble-score,tourney,FALSE,20,elitize_generation_data,44,11,0.266,NA
46,48,scrabble-score,tourney,FALSE,20,elitize_generation_data,45,7,0.249,NA
47,48,scrabble-score,tourney,FALSE,20,elitize_generation_data,46,9,0.244,NA
48,48,scrabble-score,tourney,FALSE,20,elitize_generation_data,47,5,0.262,NA
49,48,scrabble-score,tourney,FALSE,20,elitize_generation_data,48,7,0.279,NA
50,48,scrabble-score,tourney,FALSE,20,elitize_generation_data,49,8,0.292,NA
51,48,scrabble-score,tourney,FALSE,20,elitize_generation_data,50,6,0.297,NA
52,48,scrabble-score,tourney,FALSE,20,elitize_generation_data,51,9,0.285,NA
53,48,scrabble-score,tourney,FALSE,20,elitize_generation_data,52,7,0.299,NA
54,48,scrabble-score,tourney,FALSE,20,elitize_generation_data,53,7,0.285,NA
55,48,scrabble-score,tourney,FALSE,20,elitize_generation_data,54,7,0.29,NA
56,48,scrabble-score,tourney,FALSE,20,elitize_generation_data,55,9,0.335,NA
57,48,scrabble-score,tourney,FALSE,20,elitize_generation_data,56,8,0.36,NA
58,48,scrabble-score,tourney,FALSE,20,elitize_generation_data,57,7,0.369,NA
59,48,scrabble-score,tourney,FALSE,20,elitize_generation_data,58,8,0.333,NA
60,48,scrabble-score,tourney,FALSE,20,elitize_generation_data,59,9,0.37,NA
61,48,scrabble-score,tourney,FALSE,20,elitize_generation_data,60,8,0.355,NA
62,48,scrabble-score,tourney,FALSE,20,elitize_generation_data,61,9,0.341,NA
63,48,scrabble-score,tourney,FALSE,20,elitize_generation_data,62,9,0.329,NA
64,48,scrabble-score,tourney,FALSE,20,elitize_generation_data,63,10,0.34,NA
65,48,scrabble-score,tourney,FALSE,20,elitize_generation_data,64,8,0.353,NA
66,48,scrabble-score,tourney,FALSE,20,elitize_generation_data,65,10,0.381,NA
67,48,scrabble-score,tourney,FALSE,20,elitize_generation_data,66,8,0.352,NA
68,48,scrabble-score,tourney,FALSE,20,elitize_generation_data,67,9,0.292,NA
69,48,scrabble-score,tourney,FALSE,20,elitize_generation_data,68,8,0.327,NA
70,48,scrabble-score,tourney,FALSE,20,elitize_generation_data,69,11,0.385,NA
71,48,scrabble-score,tourney,FALSE,20,elitize_generation_data,70,7,0.424,NA
72,48,scrabble-score,tourney,FALSE,20,elitize_generation_data,71,8,0.458,NA
73,48,scrabble-score,tourney,FALSE,20,elitize_generation_data,72,9,0.521,NA
74,48,scrabble-score,tourney,FALSE,20,elitize_generation_data,73,8,0.483,NA
75,48,scrabble-score,tourney,FALSE,20,elitize_generation_data,74,9,0.444,NA
76,48,scrabble-score,tourney,FALSE,20,elitize_generation_data,75,9,0.446,NA
77,48,scrabble-score,tourney,FALSE,20,elitize_generation_data,76,7,0.446,NA
78,48,scrabble-score,tourney,FALSE,20,elitize_generation_data,77,9,0.441,NA
79,48,scrabble-score,tourney,FALSE,20,elitize_generation_data,78,7,0.473,NA
80,48,scrabble-score,tourney,FALSE,20,elitize_generation_data,79,6,0.47,NA
81,48,scrabble-score,tourney,FALSE,20,elitize_generation_data,80,6,0.486,NA
82,48,scrabble-score,tourney,FALSE,20,elitize_generation_data,81,6,0.498,NA
83,48,scrabble-score,tourney,FALSE,20,elitize_generation_data,82,9,0.487,NA
84,48,scrabble-score,tourney,FALSE,20,elitize_generation_data,83,8,0.474,NA
85,48,scrabble-score,tourney,FALSE,20,elitize_generation_data,84,9,0.489,NA
86,48,scrabble-score,tourney,FALSE,20,elitize_generation_data,85,8,0.484,NA
87,48,scrabble-score,tourney,FALSE,20,elitize_generation_data,86,8,0.48,NA
88,48,scrabble-score,tourney,FALSE,20,elitize_generation_data,87,10,0.49,NA
89,48,scrabble-score,tourney,FALSE,20,elitize_generation_data,88,9,0.499,NA
90,48,scrabble-score,tourney,FALSE,20,elitize_generation_data,89,6,0.501,NA
91,48,scrabble-score,tourney,FALSE,20,elitize_generation_data,90,7,0.47,NA
92,48,scrabble-score,tourney,FALSE,20,elitize_generation_data,91,6,0.48,NA
93,48,scrabble-score,tourney,FALSE,20,elitize_generation_data,92,7,0.515,NA
94,48,scrabble-score,tourney,FALSE,20,elitize_generation_data,93,10,0.485,NA
95,48,scrabble-score,tourney,FALSE,20,elitize_generation_data,94,10,0.503,NA
96,48,scrabble-score,tourney,FALSE,20,elitize_generation_data,95,7,0.48,NA
97,48,scrabble-score,tourney,FALSE,20,elitize_generation_data,96,7,0.486,NA
98,48,scrabble-score,tourney,FALSE,20,elitize_generation_data,97,5,0.496,NA
99,48,scrabble-score,tourney,FALSE,20,elitize_generation_data,98,9,0.469,NA
100,48,scrabble-score,tourney,FALSE,20,elitize_generation_data,99,5,0.461,NA
101,48,scrabble-score,tourney,FALSE,20,elitize_generation_data,100,6,0.502,NA
102,48,scrabble-score,tourney,FALSE,20,elitize_generation_data,101,8,0.543,NA
103,48,scrabble-score,tourney,FALSE,20,elitize_generation_data,102,6,0.526,NA
104,48,scrabble-score,tourney,FALSE,20,elitize_generation_data,103,8,0.5,NA
105,48,scrabble-score,tourney,FALSE,20,elitize_generation_data,104,6,0.514,NA
106,48,scrabble-score,tourney,FALSE,20,elitize_generation_data,105,8,0.485,NA
107,48,scrabble-score,tourney,FALSE,20,elitize_generation_data,106,7,0.505,NA
108,48,scrabble-score,tourney,FALSE,20,elitize_generation_data,107,6,0.494,NA
109,48,scrabble-score,tourney,FALSE,20,elitize_generation_data,108,7,0.499,NA
110,48,scrabble-score,tourney,FALSE,20,elitize_generation_data,109,6,0.538,NA
111,48,scrabble-score,tourney,FALSE,20,elitize_generation_data,110,9,0.527,NA
112,48,scrabble-score,tourney,FALSE,20,elitize_generation_data,111,7,0.55,NA
113,48,scrabble-score,tourney,FALSE,20,elitize_generation_data,112,5,0.509,NA
114,48,scrabble-score,tourney,FALSE,20,elitize_generation_data,113,6,0.519,NA
115,48,scrabble-score,tourney,FALSE,20,elitize_generation_data,114,4,0.509,NA
116,48,scrabble-score,tourney,FALSE,20,elitize_generation_data,115,7,0.547,NA
117,48,scrabble-score,tourney,FALSE,20,elitize_generation_data,116,7,0.542,NA
118,48,scrabble-score,tourney,FALSE,20,elitize_generation_data,117,3,0.529,NA
119,48,scrabble-score,tourney,FALSE,20,elitize_generation_data,118,6,0.556,NA
120,48,scrabble-score,tourney,FALSE,20,elitize_generation_data,119,4,0.567,NA
121,48,scrabble-score,tourney,FALSE,20,elitize_generation_data,120,5,0.571,NA
122,48,scrabble-score,tourney,FALSE,20,elitize_generation_data,121,6,0.577,NA
123,48,scrabble-score,tourney,FALSE,20,elitize_generation_data,122,5,0.557,NA
124,48,scrabble-score,tourney,FALSE,20,elitize_generation_data,123,7,0.56,NA
125,48,scrabble-score,tourney,FALSE,20,elitize_generation_data,124,6,0.563,NA
126,48,scrabble-score,tourney,FALSE,20,elitize_generation_data,125,5,0.563,NA
127,48,scrabble-score,tourney,FALSE,20,elitize_generation_data,126,6,0.59,NA
128,48,scrabble-score,tourney,FALSE,20,elitize_generation_data,127,3,0.61,NA
129,48,scrabble-score,tourney,FALSE,20,elitize_generation_data,128,8,0.596,NA
130,48,scrabble-score,tourney,FALSE,20,elitize_generation_data,129,5,0.593,NA
131,48,scrabble-score,tourney,FALSE,20,elitize_generation_data,130,5,0.613,NA
132,48,scrabble-score,tourney,FALSE,20,elitize_generation_data,131,7,0.609,NA
133,48,scrabble-score,tourney,FALSE,20,elitize_generation_data,132,7,0.576,NA
134,48,scrabble-score,tourney,FALSE,20,elitize_generation_data,133,7,0.587,NA
135,48,scrabble-score,tourney,FALSE,20,elitize_generation_data,134,4,0.579,NA
136,48,scrabble-score,tourney,FALSE,20,elitize_generation_data,135,4,0.603,NA
137,48,scrabble-score,tourney,FALSE,20,elitize_generation_data,136,5,0.616,NA
138,48,scrabble-score,tourney,FALSE,20,elitize_generation_data,137,7,0.631,NA
139,48,scrabble-score,tourney,FALSE,20,elitize_generation_data,138,7,0.656,NA
140,48,scrabble-score,tourney,FALSE,20,elitize_generation_data,139,10,0.663,NA
141,48,scrabble-score,tourney,FALSE,20,elitize_generation_data,140,8,0.662,NA
142,48,scrabble-score,tourney,FALSE,20,elitize_generation_data,141,4,0.658,NA
143,48,scrabble-score,tourney,FALSE,20,elitize_generation_data,142,9,0.641,NA
144,48,scrabble-score,tourney,FALSE,20,elitize_generation_data,143,5,0.642,NA
145,48,scrabble-score,tourney,FALSE,20,elitize_generation_data,144,6,0.643,NA
146,48,scrabble-score,tourney,FALSE,20,elitize_generation_data,145,4,0.651,NA
147,48,scrabble-score,tourney,FALSE,20,elitize_generation_data,146,4,0.632,NA
148,48,scrabble-score,tourney,FALSE,20,elitize_generation_data,147,6,0.638,NA
149,48,scrabble-score,tourney,FALSE,20,elitize_generation_data,148,7,0.639,NA
150,48,scrabble-score,tourney,FALSE,20,elitize_generation_data,149,9,0.604,NA
151,48,scrabble-score,tourney,FALSE,20,elitize_generation_data,150,6,0.574,NA
152,48,scrabble-score,tourney,FALSE,20,elitize_generation_data,151,8,0.565,NA
153,48,scrabble-score,tourney,FALSE,20,elitize_generation_data,152,12,0.599,NA
154,48,scrabble-score,tourney,FALSE,20,elitize_generation_data,153,6,0.578,NA
155,48,scrabble-score,tourney,FALSE,20,elitize_generation_data,154,9,0.574,NA
156,48,scrabble-score,tourney,FALSE,20,elitize_generation_data,155,9,0.604,NA
157,48,scrabble-score,tourney,FALSE,20,elitize_generation_data,156,8,0.609,NA
158,48,scrabble-score,tourney,FALSE,20,elitize_generation_data,157,9,0.596,NA
159,48,scrabble-score,tourney,FALSE,20,elitize_generation_data,158,8,0.596,NA
160,48,scrabble-score,tourney,FALSE,20,elitize_generation_data,159,9,0.606,NA
161,48,scrabble-score,tourney,FALSE,20,elitize_generation_data,160,7,0.631,NA
162,48,scrabble-score,tourney,FALSE,20,elitize_generation_data,161,7,0.623,NA
163,48,scrabble-score,tourney,FALSE,20,elitize_generation_data,162,7,0.575,NA
164,48,scrabble-score,tourney,FALSE,20,elitize_generation_data,163,6,0.571,NA
165,48,scrabble-score,tourney,FALSE,20,elitize_generation_data,164,7,0.558,NA
166,48,scrabble-score,tourney,FALSE,20,elitize_generation_data,165,8,0.549,NA
167,48,scrabble-score,tourney,FALSE,20,elitize_generation_data,166,7,0.579,NA
168,48,scrabble-score,tourney,FALSE,20,elitize_generation_data,167,8,0.589,NA
169,48,scrabble-score,tourney,FALSE,20,elitize_generation_data,168,7,0.571,NA
170,48,scrabble-score,tourney,FALSE,20,elitize_generation_data,169,8,0.559,NA
171,48,scrabble-score,tourney,FALSE,20,elitize_generation_data,170,8,0.578,NA
172,48,scrabble-score,tourney,FALSE,20,elitize_generation_data,171,9,0.594,NA
173,48,scrabble-score,tourney,FALSE,20,elitize_generation_data,172,5,0.574,NA
174,48,scrabble-score,tourney,FALSE,20,elitize_generation_data,173,6,0.556,NA
175,48,scrabble-score,tourney,FALSE,20,elitize_generation_data,174,9,0.56,NA
176,48,scrabble-score,tourney,FALSE,20,elitize_generation_data,175,9,0.557,NA
177,48,scrabble-score,tourney,FALSE,20,elitize_generation_data,176,8,0.583,NA
178,48,scrabble-score,tourney,FALSE,20,elitize_generation_data,177,5,0.576,NA
179,48,scrabble-score,tourney,FALSE,20,elitize_generation_data,178,9,0.554,NA
180,48,scrabble-score,tourney,FALSE,20,elitize_generation_data,179,7,0.589,NA
181,48,scrabble-score,tourney,FALSE,20,elitize_generation_data,180,7,0.551,NA
182,48,scrabble-score,tourney,FALSE,20,elitize_generation_data,181,8,0.575,NA
183,48,scrabble-score,tourney,FALSE,20,elitize_generation_data,182,8,0.578,NA
184,48,scrabble-score,tourney,FALSE,20,elitize_generation_data,183,4,0.56,NA
185,48,scrabble-score,tourney,FALSE,20,elitize_generation_data,184,8,0.604,NA
186,48,scrabble-score,tourney,FALSE,20,elitize_generation_data,185,7,0.576,NA
187,48,scrabble-score,tourney,FALSE,20,elitize_generation_data,186,7,0.588,NA
188,48,scrabble-score,tourney,FALSE,20,elitize_generation_data,187,7,0.602,NA
189,48,scrabble-score,tourney,FALSE,20,elitize_generation_data,188,8,0.608,NA
190,48,scrabble-score,tourney,FALSE,20,elitize_generation_data,189,7,0.633,NA
191,48,scrabble-score,tourney,FALSE,20,elitize_generation_data,190,7,0.605,NA
192,48,scrabble-score,tourney,FALSE,20,elitize_generation_data,191,10,0.58,NA
193,48,scrabble-score,tourney,FALSE,20,elitize_generation_data,192,11,0.609,NA
194,48,scrabble-score,tourney,FALSE,20,elitize_generation_data,193,7,0.59,NA
195,48,scrabble-score,tourney,FALSE,20,elitize_generation_data,194,7,0.578,NA
196,48,scrabble-score,tourney,FALSE,20,elitize_generation_data,195,10,0.577,NA
197,48,scrabble-score,tourney,FALSE,20,elitize_generation_data,196,6,0.56,NA
198,48,scrabble-score,tourney,FALSE,20,elitize_generation_data,197,9,0.557,NA
199,48,scrabble-score,tourney,FALSE,20,elitize_generation_data,198,9,0.583,NA
200,48,scrabble-score,tourney,FALSE,20,elitize_generation_data,199,7,0.568,NA
201,48,scrabble-score,tourney,FALSE,20,elitize_generation_data,200,7,0.583,NA
202,48,scrabble-score,tourney,FALSE,20,elitize_generation_data,201,8,0.612,NA
203,48,scrabble-score,tourney,FALSE,20,elitize_generation_data,202,6,0.609,NA
204,48,scrabble-score,tourney,FALSE,20,elitize_generation_data,203,7,0.599,NA
205,48,scrabble-score,tourney,FALSE,20,elitize_generation_data,204,7,0.621,NA
206,48,scrabble-score,tourney,FALSE,20,elitize_generation_data,205,7,0.579,NA
207,48,scrabble-score,tourney,FALSE,20,elitize_generation_data,206,6,0.609,NA
208,48,scrabble-score,tourney,FALSE,20,elitize_generation_data,207,6,0.623,NA
209,48,scrabble-score,tourney,FALSE,20,elitize_generation_data,208,10,0.623,NA
210,48,scrabble-score,tourney,FALSE,20,elitize_generation_data,209,8,0.622,NA
211,48,scrabble-score,tourney,FALSE,20,elitize_generation_data,210,7,0.593,NA
212,48,scrabble-score,tourney,FALSE,20,elitize_generation_data,211,7,0.63,NA
213,48,scrabble-score,tourney,FALSE,20,elitize_generation_data,212,8,0.614,NA
214,48,scrabble-score,tourney,FALSE,20,elitize_generation_data,213,9,0.631,NA
215,48,scrabble-score,tourney,FALSE,20,elitize_generation_data,214,8,0.637,NA
216,48,scrabble-score,tourney,FALSE,20,elitize_generation_data,215,8,0.619,NA
217,48,scrabble-score,tourney,FALSE,20,elitize_generation_data,216,5,0.666,NA
218,48,scrabble-score,tourney,FALSE,20,elitize_generation_data,217,6,0.647,NA
219,48,scrabble-score,tourney,FALSE,20,elitize_generation_data,218,6,0.639,NA
220,48,scrabble-score,tourney,FALSE,20,elitize_generation_data,219,6,0.665,NA
221,48,scrabble-score,tourney,FALSE,20,elitize_generation_data,220,8,0.651,NA
222,48,scrabble-score,tourney,FALSE,20,elitize_generation_data,221,7,0.68,NA
223,48,scrabble-score,tourney,FALSE,20,elitize_generation_data,222,7,0.661,NA
224,48,scrabble-score,tourney,FALSE,20,elitize_generation_data,223,7,0.672,NA
225,48,scrabble-score,tourney,FALSE,20,elitize_generation_data,224,8,0.656,NA
226,48,scrabble-score,tourney,FALSE,20,elitize_generation_data,225,7,0.651,NA
227,48,scrabble-score,tourney,FALSE,20,elitize_generation_data,226,7,0.649,NA
228,48,scrabble-score,tourney,FALSE,20,elitize_generation_data,227,6,0.684,NA
229,48,scrabble-score,tourney,FALSE,20,elitize_generation_data,228,6,0.676,NA
230,48,scrabble-score,tourney,FALSE,20,elitize_generation_data,229,7,0.682,NA
231,48,scrabble-score,tourney,FALSE,20,elitize_generation_data,230,5,0.689,NA
232,48,scrabble-score,tourney,FALSE,20,elitize_generation_data,231,6,0.691,NA
233,48,scrabble-score,tourney,FALSE,20,elitize_generation_data,232,7,0.662,NA
234,48,scrabble-score,tourney,FALSE,20,elitize_generation_data,233,5,0.696,NA
235,48,scrabble-score,tourney,FALSE,20,elitize_generation_data,234,6,0.689,NA
236,48,scrabble-score,tourney,FALSE,20,elitize_generation_data,235,7,0.693,NA
237,48,scrabble-score,tourney,FALSE,20,elitize_generation_data,236,7,0.711,NA
238,48,scrabble-score,tourney,FALSE,20,elitize_generation_data,237,7,0.7,NA
239,48,scrabble-score,tourney,FALSE,20,elitize_generation_data,238,8,0.726,NA
240,48,scrabble-score,tourney,FALSE,20,elitize_generation_data,239,6,0.718,NA
241,48,scrabble-score,tourney,FALSE,20,elitize_generation_data,240,6,0.723,NA
242,48,scrabble-score,tourney,FALSE,20,elitize_generation_data,241,8,0.723,NA
243,48,scrabble-score,tourney,FALSE,20,elitize_generation_data,242,6,0.711,NA
244,48,scrabble-score,tourney,FALSE,20,elitize_generation_data,243,5,0.693,NA
245,48,scrabble-score,tourney,FALSE,20,elitize_generation_data,244,9,0.736,NA
246,48,scrabble-score,tourney,FALSE,20,elitize_generation_data,245,8,0.729,NA
247,48,scrabble-score,tourney,FALSE,20,elitize_generation_data,246,8,0.724,NA
248,48,scrabble-score,tourney,FALSE,20,elitize_generation_data,247,6,0.736,NA
249,48,scrabble-score,tourney,FALSE,20,elitize_generation_data,248,6,0.743,NA
250,48,scrabble-score,tourney,FALSE,20,elitize_generation_data,249,7,0.72,NA
251,48,scrabble-score,tourney,FALSE,20,elitize_generation_data,250,6,0.749,NA
252,48,scrabble-score,tourney,FALSE,20,elitize_generation_data,251,7,0.754,NA
253,48,scrabble-score,tourney,FALSE,20,elitize_generation_data,252,5,0.755,NA
254,48,scrabble-score,tourney,FALSE,20,elitize_generation_data,253,7,0.761,NA
255,48,scrabble-score,tourney,FALSE,20,elitize_generation_data,254,6,0.742,NA
256,48,scrabble-score,tourney,FALSE,20,elitize_generation_data,255,7,0.745,NA
257,48,scrabble-score,tourney,FALSE,20,elitize_generation_data,256,8,0.735,NA
258,48,scrabble-score,tourney,FALSE,20,elitize_generation_data,257,6,0.738,NA
259,48,scrabble-score,tourney,FALSE,20,elitize_generation_data,258,6,0.732,NA
260,48,scrabble-score,tourney,FALSE,20,elitize_generation_data,259,4,0.709,NA
261,48,scrabble-score,tourney,FALSE,20,elitize_generation_data,260,7,0.715,NA
262,48,scrabble-score,tourney,FALSE,20,elitize_generation_data,261,5,0.716,NA
263,48,scrabble-score,tourney,FALSE,20,elitize_generation_data,262,8,0.72,NA
264,48,scrabble-score,tourney,FALSE,20,elitize_generation_data,263,7,0.707,NA
265,48,scrabble-score,tourney,FALSE,20,elitize_generation_data,264,7,0.743,NA
266,48,scrabble-score,tourney,FALSE,20,elitize_generation_data,265,9,0.754,NA
267,48,scrabble-score,tourney,FALSE,20,elitize_generation_data,266,6,0.729,NA
268,48,scrabble-score,tourney,FALSE,20,elitize_generation_data,267,6,0.755,NA
269,48,scrabble-score,tourney,FALSE,20,elitize_generation_data,268,8,0.754,NA
270,48,scrabble-score,tourney,FALSE,20,elitize_generation_data,269,10,0.716,NA
271,48,scrabble-score,tourney,FALSE,20,elitize_generation_data,270,7,0.73,NA
272,48,scrabble-score,tourney,FALSE,20,elitize_generation_data,271,7,0.738,NA
273,48,scrabble-score,tourney,FALSE,20,elitize_generation_data,272,6,0.714,NA
274,48,scrabble-score,tourney,FALSE,20,elitize_generation_data,273,8,0.706,NA
275,48,scrabble-score,tourney,FALSE,20,elitize_generation_data,274,6,0.712,NA
276,48,scrabble-score,tourney,FALSE,20,elitize_generation_data,275,6,0.701,NA
277,48,scrabble-score,tourney,FALSE,20,elitize_generation_data,276,5,0.714,NA
278,48,scrabble-score,tourney,FALSE,20,elitize_generation_data,277,7,0.689,NA
279,48,scrabble-score,tourney,FALSE,20,elitize_generation_data,278,6,0.724,NA
280,48,scrabble-score,tourney,FALSE,20,elitize_generation_data,279,7,0.698,NA
281,48,scrabble-score,tourney,FALSE,20,elitize_generation_data,280,10,0.702,NA
282,48,scrabble-score,tourney,FALSE,20,elitize_generation_data,281,6,0.698,NA
283,48,scrabble-score,tourney,FALSE,20,elitize_generation_data,282,7,0.696,NA
284,48,scrabble-score,tourney,FALSE,20,elitize_generation_data,283,8,0.704,NA
285,48,scrabble-score,tourney,FALSE,20,elitize_generation_data,284,10,0.703,NA
286,48,scrabble-score,tourney,FALSE,20,elitize_generation_data,285,7,0.719,NA
287,48,scrabble-score,tourney,FALSE,20,elitize_generation_data,286,10,0.708,NA
288,48,scrabble-score,tourney,FALSE,20,elitize_generation_data,287,10,0.671,NA
289,48,scrabble-score,tourney,FALSE,20,elitize_generation_data,288,5,0.706,NA
290,48,scrabble-score,tourney,FALSE,20,elitize_generation_data,289,8,0.724,NA
291,48,scrabble-score,tourney,FALSE,20,elitize_generation_data,290,9,0.728,NA
292,48,scrabble-score,tourney,FALSE,20,elitize_generation_data,291,6,0.733,NA
293,48,scrabble-score,tourney,FALSE,20,elitize_generation_data,292,8,0.777,NA
294,48,scrabble-score,tourney,FALSE,20,elitize_generation_data,293,9,0.772,NA
295,48,scrabble-score,tourney,FALSE,20,elitize_generation_data,294,7,0.775,NA
296,48,scrabble-score,tourney,FALSE,20,elitize_generation_data,295,6,0.782,NA
297,48,scrabble-score,tourney,FALSE,20,elitize_generation_data,296,10,0.754,NA
298,48,scrabble-score,tourney,FALSE,20,elitize_generation_data,297,5,0.781,NA
299,48,scrabble-score,tourney,FALSE,20,elitize_generation_data,298,6,0.734,NA
300,48,scrabble-score,tourney,FALSE,20,elitize_generation_data,299,8,0.756,NA
301,48,scrabble-score,tourney,FALSE,20,elitize_generation_data,300,7,0.761,NA
