,run.num,problem,treatment,succeeded,height,normalization.function,generation,cluster.count,error.diversity,success.generation
1,30,scrabble-score,tourney,FALSE,20,elitize_generation_data,0,4,0.102,NA
2,30,scrabble-score,tourney,FALSE,20,elitize_generation_data,1,2,0.114,NA
3,30,scrabble-score,tourney,FALSE,20,elitize_generation_data,2,2,0.124,NA
4,30,scrabble-score,tourney,FALSE,20,elitize_generation_data,3,5,0.087,NA
5,30,scrabble-score,tourney,FALSE,20,elitize_generation_data,4,5,0.037,NA
6,30,scrabble-score,tourney,FALSE,20,elitize_generation_data,5,7,0.032,NA
7,30,scrabble-score,tourney,FALSE,20,elitize_generation_data,6,8,0.044,NA
8,30,scrabble-score,tourney,FALSE,20,elitize_generation_data,7,8,0.057,NA
9,30,scrabble-score,tourney,FALSE,20,elitize_generation_data,8,7,0.09,NA
10,30,scrabble-score,tourney,FALSE,20,elitize_generation_data,9,5,0.101,NA
11,30,scrabble-score,tourney,FALSE,20,elitize_generation_data,10,7,0.118,NA
12,30,scrabble-score,tourney,FALSE,20,elitize_generation_data,11,7,0.117,NA
13,30,scrabble-score,tourney,FALSE,20,elitize_generation_data,12,8,0.142,NA
14,30,scrabble-score,tourney,FALSE,20,elitize_generation_data,13,7,0.158,NA
15,30,scrabble-score,tourney,FALSE,20,elitize_generation_data,14,7,0.129,NA
16,30,scrabble-score,tourney,FALSE,20,elitize_generation_data,15,8,0.104,NA
17,30,scrabble-score,tourney,FALSE,20,elitize_generation_data,16,10,0.112,NA
18,30,scrabble-score,tourney,FALSE,20,elitize_generation_data,17,9,0.15,NA
19,30,scrabble-score,tourney,FALSE,20,elitize_generation_data,18,10,0.146,NA
20,30,scrabble-score,tourney,FALSE,20,elitize_generation_data,19,9,0.127,NA
21,30,scrabble-score,tourney,FALSE,20,elitize_generation_data,20,8,0.134,NA
22,30,scrabble-score,tourney,FALSE,20,elitize_generation_data,21,8,0.163,NA
23,30,scrabble-score,tourney,FALSE,20,elitize_generation_data,22,9,0.178,NA
24,30,scrabble-score,tourney,FALSE,20,elitize_generation_data,23,9,0.221,NA
25,30,scrabble-score,tourney,FALSE,20,elitize_generation_data,24,4,0.222,NA
26,30,scrabble-score,tourney,FALSE,20,elitize_generation_data,25,4,0.294,NA
27,30,scrabble-score,tourney,FALSE,20,elitize_generation_data,26,6,0.322,NA
28,30,scrabble-score,tourney,FALSE,20,elitize_generation_data,27,5,0.284,NA
29,30,scrabble-score,tourney,FALSE,20,elitize_generation_data,28,8,0.338,NA
30,30,scrabble-score,tourney,FALSE,20,elitize_generation_data,29,5,0.34,NA
31,30,scrabble-score,tourney,FALSE,20,elitize_generation_data,30,6,0.348,NA
32,30,scrabble-score,tourney,FALSE,20,elitize_generation_data,31,4,0.34,NA
33,30,scrabble-score,tourney,FALSE,20,elitize_generation_data,32,6,0.317,NA
34,30,scrabble-score,tourney,FALSE,20,elitize_generation_data,33,7,0.279,NA
35,30,scrabble-score,tourney,FALSE,20,elitize_generation_data,34,4,0.26,NA
36,30,scrabble-score,tourney,FALSE,20,elitize_generation_data,35,6,0.298,NA
37,30,scrabble-score,tourney,FALSE,20,elitize_generation_data,36,7,0.273,NA
38,30,scrabble-score,tourney,FALSE,20,elitize_generation_data,37,7,0.311,NA
39,30,scrabble-score,tourney,FALSE,20,elitize_generation_data,38,8,0.35,NA
40,30,scrabble-score,tourney,FALSE,20,elitize_generation_data,39,7,0.386,NA
41,30,scrabble-score,tourney,FALSE,20,elitize_generation_data,40,5,0.418,NA
42,30,scrabble-score,tourney,FALSE,20,elitize_generation_data,41,7,0.427,NA
43,30,scrabble-score,tourney,FALSE,20,elitize_generation_data,42,6,0.432,NA
44,30,scrabble-score,tourney,FALSE,20,elitize_generation_data,43,6,0.421,NA
45,30,scrabble-score,tourney,FALSE,20,elitize_generation_data,44,8,0.451,NA
46,30,scrabble-score,tourney,FALSE,20,elitize_generation_data,45,7,0.465,NA
47,30,scrabble-score,tourney,FALSE,20,elitize_generation_data,46,6,0.485,NA
48,30,scrabble-score,tourney,FALSE,20,elitize_generation_data,47,6,0.496,NA
49,30,scrabble-score,tourney,FALSE,20,elitize_generation_data,48,6,0.534,NA
50,30,scrabble-score,tourney,FALSE,20,elitize_generation_data,49,8,0.531,NA
51,30,scrabble-score,tourney,FALSE,20,elitize_generation_data,50,7,0.503,NA
52,30,scrabble-score,tourney,FALSE,20,elitize_generation_data,51,5,0.52,NA
53,30,scrabble-score,tourney,FALSE,20,elitize_generation_data,52,5,0.583,NA
54,30,scrabble-score,tourney,FALSE,20,elitize_generation_data,53,4,0.592,NA
55,30,scrabble-score,tourney,FALSE,20,elitize_generation_data,54,4,0.587,NA
56,30,scrabble-score,tourney,FALSE,20,elitize_generation_data,55,7,0.586,NA
57,30,scrabble-score,tourney,FALSE,20,elitize_generation_data,56,8,0.626,NA
58,30,scrabble-score,tourney,FALSE,20,elitize_generation_data,57,5,0.669,NA
59,30,scrabble-score,tourney,FALSE,20,elitize_generation_data,58,5,0.624,NA
60,30,scrabble-score,tourney,FALSE,20,elitize_generation_data,59,6,0.663,NA
61,30,scrabble-score,tourney,FALSE,20,elitize_generation_data,60,6,0.685,NA
62,30,scrabble-score,tourney,FALSE,20,elitize_generation_data,61,5,0.657,NA
63,30,scrabble-score,tourney,FALSE,20,elitize_generation_data,62,5,0.67,NA
64,30,scrabble-score,tourney,FALSE,20,elitize_generation_data,63,4,0.705,NA
65,30,scrabble-score,tourney,FALSE,20,elitize_generation_data,64,5,0.709,NA
66,30,scrabble-score,tourney,FALSE,20,elitize_generation_data,65,7,0.705,NA
67,30,scrabble-score,tourney,FALSE,20,elitize_generation_data,66,5,0.708,NA
68,30,scrabble-score,tourney,FALSE,20,elitize_generation_data,67,5,0.712,NA
69,30,scrabble-score,tourney,FALSE,20,elitize_generation_data,68,5,0.699,NA
70,30,scrabble-score,tourney,FALSE,20,elitize_generation_data,69,5,0.689,NA
71,30,scrabble-score,tourney,FALSE,20,elitize_generation_data,70,5,0.729,NA
72,30,scrabble-score,tourney,FALSE,20,elitize_generation_data,71,6,0.744,NA
73,30,scrabble-score,tourney,FALSE,20,elitize_generation_data,72,8,0.748,NA
74,30,scrabble-score,tourney,FALSE,20,elitize_generation_data,73,6,0.681,NA
75,30,scrabble-score,tourney,FALSE,20,elitize_generation_data,74,5,0.69,NA
76,30,scrabble-score,tourney,FALSE,20,elitize_generation_data,75,4,0.682,NA
77,30,scrabble-score,tourney,FALSE,20,elitize_generation_data,76,7,0.735,NA
78,30,scrabble-score,tourney,FALSE,20,elitize_generation_data,77,6,0.724,NA
79,30,scrabble-score,tourney,FALSE,20,elitize_generation_data,78,5,0.728,NA
80,30,scrabble-score,tourney,FALSE,20,elitize_generation_data,79,7,0.726,NA
81,30,scrabble-score,tourney,FALSE,20,elitize_generation_data,80,7,0.774,NA
82,30,scrabble-score,tourney,FALSE,20,elitize_generation_data,81,5,0.785,NA
83,30,scrabble-score,tourney,FALSE,20,elitize_generation_data,82,7,0.817,NA
84,30,scrabble-score,tourney,FALSE,20,elitize_generation_data,83,4,0.819,NA
85,30,scrabble-score,tourney,FALSE,20,elitize_generation_data,84,7,0.829,NA
86,30,scrabble-score,tourney,FALSE,20,elitize_generation_data,85,6,0.837,NA
87,30,scrabble-score,tourney,FALSE,20,elitize_generation_data,86,5,0.854,NA
88,30,scrabble-score,tourney,FALSE,20,elitize_generation_data,87,5,0.869,NA
89,30,scrabble-score,tourney,FALSE,20,elitize_generation_data,88,6,0.859,NA
90,30,scrabble-score,tourney,FALSE,20,elitize_generation_data,89,8,0.852,NA
91,30,scrabble-score,tourney,FALSE,20,elitize_generation_data,90,5,0.845,NA
92,30,scrabble-score,tourney,FALSE,20,elitize_generation_data,91,4,0.831,NA
93,30,scrabble-score,tourney,FALSE,20,elitize_generation_data,92,7,0.831,NA
94,30,scrabble-score,tourney,FALSE,20,elitize_generation_data,93,8,0.791,NA
95,30,scrabble-score,tourney,FALSE,20,elitize_generation_data,94,7,0.82,NA
96,30,scrabble-score,tourney,FALSE,20,elitize_generation_data,95,7,0.825,NA
97,30,scrabble-score,tourney,FALSE,20,elitize_generation_data,96,6,0.798,NA
98,30,scrabble-score,tourney,FALSE,20,elitize_generation_data,97,6,0.818,NA
99,30,scrabble-score,tourney,FALSE,20,elitize_generation_data,98,5,0.785,NA
100,30,scrabble-score,tourney,FALSE,20,elitize_generation_data,99,7,0.773,NA
101,30,scrabble-score,tourney,FALSE,20,elitize_generation_data,100,5,0.79,NA
102,30,scrabble-score,tourney,FALSE,20,elitize_generation_data,101,8,0.788,NA
103,30,scrabble-score,tourney,FALSE,20,elitize_generation_data,102,8,0.799,NA
104,30,scrabble-score,tourney,FALSE,20,elitize_generation_data,103,4,0.786,NA
105,30,scrabble-score,tourney,FALSE,20,elitize_generation_data,104,7,0.805,NA
106,30,scrabble-score,tourney,FALSE,20,elitize_generation_data,105,7,0.841,NA
107,30,scrabble-score,tourney,FALSE,20,elitize_generation_data,106,5,0.827,NA
108,30,scrabble-score,tourney,FALSE,20,elitize_generation_data,107,7,0.845,NA
109,30,scrabble-score,tourney,FALSE,20,elitize_generation_data,108,7,0.858,NA
110,30,scrabble-score,tourney,FALSE,20,elitize_generation_data,109,10,0.85,NA
111,30,scrabble-score,tourney,FALSE,20,elitize_generation_data,110,8,0.843,NA
112,30,scrabble-score,tourney,FALSE,20,elitize_generation_data,111,7,0.851,NA
113,30,scrabble-score,tourney,FALSE,20,elitize_generation_data,112,7,0.831,NA
114,30,scrabble-score,tourney,FALSE,20,elitize_generation_data,113,5,0.818,NA
115,30,scrabble-score,tourney,FALSE,20,elitize_generation_data,114,4,0.843,NA
116,30,scrabble-score,tourney,FALSE,20,elitize_generation_data,115,7,0.82,NA
117,30,scrabble-score,tourney,FALSE,20,elitize_generation_data,116,6,0.836,NA
118,30,scrabble-score,tourney,FALSE,20,elitize_generation_data,117,7,0.839,NA
119,30,scrabble-score,tourney,FALSE,20,elitize_generation_data,118,7,0.845,NA
120,30,scrabble-score,tourney,FALSE,20,elitize_generation_data,119,7,0.837,NA
121,30,scrabble-score,tourney,FALSE,20,elitize_generation_data,120,9,0.821,NA
122,30,scrabble-score,tourney,FALSE,20,elitize_generation_data,121,6,0.839,NA
123,30,scrabble-score,tourney,FALSE,20,elitize_generation_data,122,4,0.836,NA
124,30,scrabble-score,tourney,FALSE,20,elitize_generation_data,123,6,0.834,NA
125,30,scrabble-score,tourney,FALSE,20,elitize_generation_data,124,6,0.849,NA
126,30,scrabble-score,tourney,FALSE,20,elitize_generation_data,125,5,0.862,NA
127,30,scrabble-score,tourney,FALSE,20,elitize_generation_data,126,4,0.846,NA
128,30,scrabble-score,tourney,FALSE,20,elitize_generation_data,127,4,0.847,NA
129,30,scrabble-score,tourney,FALSE,20,elitize_generation_data,128,5,0.847,NA
130,30,scrabble-score,tourney,FALSE,20,elitize_generation_data,129,4,0.852,NA
131,30,scrabble-score,tourney,FALSE,20,elitize_generation_data,130,3,0.865,NA
132,30,scrabble-score,tourney,FALSE,20,elitize_generation_data,131,8,0.86,NA
133,30,scrabble-score,tourney,FALSE,20,elitize_generation_data,132,7,0.85,NA
134,30,scrabble-score,tourney,FALSE,20,elitize_generation_data,133,6,0.855,NA
135,30,scrabble-score,tourney,FALSE,20,elitize_generation_data,134,7,0.859,NA
136,30,scrabble-score,tourney,FALSE,20,elitize_generation_data,135,6,0.861,NA
137,30,scrabble-score,tourney,FALSE,20,elitize_generation_data,136,5,0.857,NA
138,30,scrabble-score,tourney,FALSE,20,elitize_generation_data,137,6,0.842,NA
139,30,scrabble-score,tourney,FALSE,20,elitize_generation_data,138,6,0.871,NA
140,30,scrabble-score,tourney,FALSE,20,elitize_generation_data,139,5,0.848,NA
141,30,scrabble-score,tourney,FALSE,20,elitize_generation_data,140,6,0.861,NA
142,30,scrabble-score,tourney,FALSE,20,elitize_generation_data,141,6,0.875,NA
143,30,scrabble-score,tourney,FALSE,20,elitize_generation_data,142,8,0.881,NA
144,30,scrabble-score,tourney,FALSE,20,elitize_generation_data,143,10,0.898,NA
145,30,scrabble-score,tourney,FALSE,20,elitize_generation_data,144,5,0.893,NA
146,30,scrabble-score,tourney,FALSE,20,elitize_generation_data,145,9,0.875,NA
147,30,scrabble-score,tourney,FALSE,20,elitize_generation_data,146,7,0.899,NA
148,30,scrabble-score,tourney,FALSE,20,elitize_generation_data,147,6,0.904,NA
149,30,scrabble-score,tourney,FALSE,20,elitize_generation_data,148,9,0.891,NA
150,30,scrabble-score,tourney,FALSE,20,elitize_generation_data,149,5,0.868,NA
151,30,scrabble-score,tourney,FALSE,20,elitize_generation_data,150,4,0.89,NA
152,30,scrabble-score,tourney,FALSE,20,elitize_generation_data,151,7,0.878,NA
153,30,scrabble-score,tourney,FALSE,20,elitize_generation_data,152,8,0.904,NA
154,30,scrabble-score,tourney,FALSE,20,elitize_generation_data,153,6,0.928,NA
155,30,scrabble-score,tourney,FALSE,20,elitize_generation_data,154,7,0.929,NA
156,30,scrabble-score,tourney,FALSE,20,elitize_generation_data,155,6,0.941,NA
157,30,scrabble-score,tourney,FALSE,20,elitize_generation_data,156,5,0.915,NA
158,30,scrabble-score,tourney,FALSE,20,elitize_generation_data,157,7,0.923,NA
159,30,scrabble-score,tourney,FALSE,20,elitize_generation_data,158,5,0.928,NA
160,30,scrabble-score,tourney,FALSE,20,elitize_generation_data,159,6,0.937,NA
161,30,scrabble-score,tourney,FALSE,20,elitize_generation_data,160,8,0.933,NA
162,30,scrabble-score,tourney,FALSE,20,elitize_generation_data,161,8,0.932,NA
163,30,scrabble-score,tourney,FALSE,20,elitize_generation_data,162,5,0.93,NA
164,30,scrabble-score,tourney,FALSE,20,elitize_generation_data,163,8,0.937,NA
165,30,scrabble-score,tourney,FALSE,20,elitize_generation_data,164,5,0.929,NA
166,30,scrabble-score,tourney,FALSE,20,elitize_generation_data,165,9,0.922,NA
167,30,scrabble-score,tourney,FALSE,20,elitize_generation_data,166,5,0.932,NA
168,30,scrabble-score,tourney,FALSE,20,elitize_generation_data,167,8,0.919,NA
169,30,scrabble-score,tourney,FALSE,20,elitize_generation_data,168,7,0.936,NA
170,30,scrabble-score,tourney,FALSE,20,elitize_generation_data,169,11,0.922,NA
171,30,scrabble-score,tourney,FALSE,20,elitize_generation_data,170,7,0.923,NA
172,30,scrabble-score,tourney,FALSE,20,elitize_generation_data,171,7,0.941,NA
173,30,scrabble-score,tourney,FALSE,20,elitize_generation_data,172,5,0.938,NA
174,30,scrabble-score,tourney,FALSE,20,elitize_generation_data,173,10,0.926,NA
175,30,scrabble-score,tourney,FALSE,20,elitize_generation_data,174,8,0.933,NA
176,30,scrabble-score,tourney,FALSE,20,elitize_generation_data,175,7,0.923,NA
177,30,scrabble-score,tourney,FALSE,20,elitize_generation_data,176,9,0.933,NA
178,30,scrabble-score,tourney,FALSE,20,elitize_generation_data,177,4,0.944,NA
179,30,scrabble-score,tourney,FALSE,20,elitize_generation_data,178,6,0.935,NA
180,30,scrabble-score,tourney,FALSE,20,elitize_generation_data,179,9,0.937,NA
181,30,scrabble-score,tourney,FALSE,20,elitize_generation_data,180,9,0.941,NA
182,30,scrabble-score,tourney,FALSE,20,elitize_generation_data,181,6,0.93,NA
183,30,scrabble-score,tourney,FALSE,20,elitize_generation_data,182,6,0.928,NA
184,30,scrabble-score,tourney,FALSE,20,elitize_generation_data,183,7,0.934,NA
185,30,scrabble-score,tourney,FALSE,20,elitize_generation_data,184,3,0.927,NA
186,30,scrabble-score,tourney,FALSE,20,elitize_generation_data,185,6,0.938,NA
187,30,scrabble-score,tourney,FALSE,20,elitize_generation_data,186,8,0.927,NA
188,30,scrabble-score,tourney,FALSE,20,elitize_generation_data,187,8,0.929,NA
189,30,scrabble-score,tourney,FALSE,20,elitize_generation_data,188,8,0.921,NA
190,30,scrabble-score,tourney,FALSE,20,elitize_generation_data,189,7,0.928,NA
191,30,scrabble-score,tourney,FALSE,20,elitize_generation_data,190,4,0.921,NA
192,30,scrabble-score,tourney,FALSE,20,elitize_generation_data,191,7,0.931,NA
193,30,scrabble-score,tourney,FALSE,20,elitize_generation_data,192,7,0.93,NA
194,30,scrabble-score,tourney,FALSE,20,elitize_generation_data,193,8,0.946,NA
195,30,scrabble-score,tourney,FALSE,20,elitize_generation_data,194,5,0.928,NA
196,30,scrabble-score,tourney,FALSE,20,elitize_generation_data,195,7,0.942,NA
197,30,scrabble-score,tourney,FALSE,20,elitize_generation_data,196,9,0.939,NA
198,30,scrabble-score,tourney,FALSE,20,elitize_generation_data,197,8,0.932,NA
199,30,scrabble-score,tourney,FALSE,20,elitize_generation_data,198,6,0.936,NA
200,30,scrabble-score,tourney,FALSE,20,elitize_generation_data,199,8,0.919,NA
201,30,scrabble-score,tourney,FALSE,20,elitize_generation_data,200,7,0.921,NA
202,30,scrabble-score,tourney,FALSE,20,elitize_generation_data,201,9,0.923,NA
203,30,scrabble-score,tourney,FALSE,20,elitize_generation_data,202,7,0.913,NA
204,30,scrabble-score,tourney,FALSE,20,elitize_generation_data,203,7,0.922,NA
205,30,scrabble-score,tourney,FALSE,20,elitize_generation_data,204,9,0.923,NA
206,30,scrabble-score,tourney,FALSE,20,elitize_generation_data,205,5,0.915,NA
207,30,scrabble-score,tourney,FALSE,20,elitize_generation_data,206,9,0.932,NA
208,30,scrabble-score,tourney,FALSE,20,elitize_generation_data,207,7,0.94,NA
209,30,scrabble-score,tourney,FALSE,20,elitize_generation_data,208,7,0.927,NA
210,30,scrabble-score,tourney,FALSE,20,elitize_generation_data,209,10,0.936,NA
211,30,scrabble-score,tourney,FALSE,20,elitize_generation_data,210,8,0.932,NA
212,30,scrabble-score,tourney,FALSE,20,elitize_generation_data,211,8,0.934,NA
213,30,scrabble-score,tourney,FALSE,20,elitize_generation_data,212,7,0.92,NA
214,30,scrabble-score,tourney,FALSE,20,elitize_generation_data,213,8,0.943,NA
215,30,scrabble-score,tourney,FALSE,20,elitize_generation_data,214,7,0.933,NA
216,30,scrabble-score,tourney,FALSE,20,elitize_generation_data,215,6,0.933,NA
217,30,scrabble-score,tourney,FALSE,20,elitize_generation_data,216,8,0.92,NA
218,30,scrabble-score,tourney,FALSE,20,elitize_generation_data,217,7,0.945,NA
219,30,scrabble-score,tourney,FALSE,20,elitize_generation_data,218,8,0.938,NA
220,30,scrabble-score,tourney,FALSE,20,elitize_generation_data,219,4,0.93,NA
221,30,scrabble-score,tourney,FALSE,20,elitize_generation_data,220,4,0.947,NA
222,30,scrabble-score,tourney,FALSE,20,elitize_generation_data,221,11,0.929,NA
223,30,scrabble-score,tourney,FALSE,20,elitize_generation_data,222,10,0.933,NA
224,30,scrabble-score,tourney,FALSE,20,elitize_generation_data,223,6,0.933,NA
225,30,scrabble-score,tourney,FALSE,20,elitize_generation_data,224,9,0.955,NA
226,30,scrabble-score,tourney,FALSE,20,elitize_generation_data,225,5,0.932,NA
227,30,scrabble-score,tourney,FALSE,20,elitize_generation_data,226,7,0.943,NA
228,30,scrabble-score,tourney,FALSE,20,elitize_generation_data,227,8,0.938,NA
229,30,scrabble-score,tourney,FALSE,20,elitize_generation_data,228,9,0.939,NA
230,30,scrabble-score,tourney,FALSE,20,elitize_generation_data,229,5,0.957,NA
231,30,scrabble-score,tourney,FALSE,20,elitize_generation_data,230,9,0.961,NA
232,30,scrabble-score,tourney,FALSE,20,elitize_generation_data,231,4,0.966,NA
233,30,scrabble-score,tourney,FALSE,20,elitize_generation_data,232,7,0.928,NA
234,30,scrabble-score,tourney,FALSE,20,elitize_generation_data,233,8,0.946,NA
235,30,scrabble-score,tourney,FALSE,20,elitize_generation_data,234,9,0.946,NA
236,30,scrabble-score,tourney,FALSE,20,elitize_generation_data,235,6,0.947,NA
237,30,scrabble-score,tourney,FALSE,20,elitize_generation_data,236,4,0.942,NA
238,30,scrabble-score,tourney,FALSE,20,elitize_generation_data,237,8,0.938,NA
239,30,scrabble-score,tourney,FALSE,20,elitize_generation_data,238,6,0.951,NA
240,30,scrabble-score,tourney,FALSE,20,elitize_generation_data,239,6,0.958,NA
241,30,scrabble-score,tourney,FALSE,20,elitize_generation_data,240,6,0.957,NA
242,30,scrabble-score,tourney,FALSE,20,elitize_generation_data,241,7,0.947,NA
243,30,scrabble-score,tourney,FALSE,20,elitize_generation_data,242,9,0.948,NA
244,30,scrabble-score,tourney,FALSE,20,elitize_generation_data,243,8,0.95,NA
245,30,scrabble-score,tourney,FALSE,20,elitize_generation_data,244,4,0.937,NA
246,30,scrabble-score,tourney,FALSE,20,elitize_generation_data,245,7,0.933,NA
247,30,scrabble-score,tourney,FALSE,20,elitize_generation_data,246,3,0.927,NA
248,30,scrabble-score,tourney,FALSE,20,elitize_generation_data,247,7,0.94,NA
249,30,scrabble-score,tourney,FALSE,20,elitize_generation_data,248,5,0.944,NA
250,30,scrabble-score,tourney,FALSE,20,elitize_generation_data,249,8,0.954,NA
251,30,scrabble-score,tourney,FALSE,20,elitize_generation_data,250,5,0.938,NA
252,30,scrabble-score,tourney,FALSE,20,elitize_generation_data,251,5,0.942,NA
253,30,scrabble-score,tourney,FALSE,20,elitize_generation_data,252,4,0.946,NA
254,30,scrabble-score,tourney,FALSE,20,elitize_generation_data,253,5,0.959,NA
255,30,scrabble-score,tourney,FALSE,20,elitize_generation_data,254,4,0.947,NA
256,30,scrabble-score,tourney,FALSE,20,elitize_generation_data,255,6,0.956,NA
257,30,scrabble-score,tourney,FALSE,20,elitize_generation_data,256,9,0.943,NA
258,30,scrabble-score,tourney,FALSE,20,elitize_generation_data,257,9,0.939,NA
259,30,scrabble-score,tourney,FALSE,20,elitize_generation_data,258,8,0.947,NA
260,30,scrabble-score,tourney,FALSE,20,elitize_generation_data,259,7,0.932,NA
261,30,scrabble-score,tourney,FALSE,20,elitize_generation_data,260,8,0.946,NA
262,30,scrabble-score,tourney,FALSE,20,elitize_generation_data,261,5,0.936,NA
263,30,scrabble-score,tourney,FALSE,20,elitize_generation_data,262,8,0.929,NA
264,30,scrabble-score,tourney,FALSE,20,elitize_generation_data,263,7,0.933,NA
265,30,scrabble-score,tourney,FALSE,20,elitize_generation_data,264,6,0.939,NA
266,30,scrabble-score,tourney,FALSE,20,elitize_generation_data,265,7,0.924,NA
267,30,scrabble-score,tourney,FALSE,20,elitize_generation_data,266,8,0.923,NA
268,30,scrabble-score,tourney,FALSE,20,elitize_generation_data,267,9,0.936,NA
269,30,scrabble-score,tourney,FALSE,20,elitize_generation_data,268,5,0.929,NA
270,30,scrabble-score,tourney,FALSE,20,elitize_generation_data,269,10,0.952,NA
271,30,scrabble-score,tourney,FALSE,20,elitize_generation_data,270,6,0.937,NA
272,30,scrabble-score,tourney,FALSE,20,elitize_generation_data,271,7,0.934,NA
273,30,scrabble-score,tourney,FALSE,20,elitize_generation_data,272,6,0.931,NA
274,30,scrabble-score,tourney,FALSE,20,elitize_generation_data,273,4,0.926,NA
275,30,scrabble-score,tourney,FALSE,20,elitize_generation_data,274,7,0.939,NA
276,30,scrabble-score,tourney,FALSE,20,elitize_generation_data,275,9,0.927,NA
277,30,scrabble-score,tourney,FALSE,20,elitize_generation_data,276,7,0.931,NA
278,30,scrabble-score,tourney,FALSE,20,elitize_generation_data,277,6,0.923,NA
279,30,scrabble-score,tourney,FALSE,20,elitize_generation_data,278,7,0.92,NA
280,30,scrabble-score,tourney,FALSE,20,elitize_generation_data,279,6,0.932,NA
281,30,scrabble-score,tourney,FALSE,20,elitize_generation_data,280,9,0.922,NA
282,30,scrabble-score,tourney,FALSE,20,elitize_generation_data,281,4,0.911,NA
283,30,scrabble-score,tourney,FALSE,20,elitize_generation_data,282,5,0.897,NA
284,30,scrabble-score,tourney,FALSE,20,elitize_generation_data,283,10,0.916,NA
285,30,scrabble-score,tourney,FALSE,20,elitize_generation_data,284,7,0.917,NA
286,30,scrabble-score,tourney,FALSE,20,elitize_generation_data,285,8,0.916,NA
287,30,scrabble-score,tourney,FALSE,20,elitize_generation_data,286,7,0.909,NA
288,30,scrabble-score,tourney,FALSE,20,elitize_generation_data,287,6,0.912,NA
289,30,scrabble-score,tourney,FALSE,20,elitize_generation_data,288,6,0.898,NA
290,30,scrabble-score,tourney,FALSE,20,elitize_generation_data,289,7,0.927,NA
291,30,scrabble-score,tourney,FALSE,20,elitize_generation_data,290,5,0.937,NA
292,30,scrabble-score,tourney,FALSE,20,elitize_generation_data,291,5,0.937,NA
293,30,scrabble-score,tourney,FALSE,20,elitize_generation_data,292,7,0.943,NA
294,30,scrabble-score,tourney,FALSE,20,elitize_generation_data,293,5,0.923,NA
295,30,scrabble-score,tourney,FALSE,20,elitize_generation_data,294,4,0.935,NA
296,30,scrabble-score,tourney,FALSE,20,elitize_generation_data,295,5,0.932,NA
297,30,scrabble-score,tourney,FALSE,20,elitize_generation_data,296,6,0.931,NA
298,30,scrabble-score,tourney,FALSE,20,elitize_generation_data,297,6,0.94,NA
299,30,scrabble-score,tourney,FALSE,20,elitize_generation_data,298,8,0.936,NA
300,30,scrabble-score,tourney,FALSE,20,elitize_generation_data,299,7,0.931,NA
301,30,scrabble-score,tourney,FALSE,20,elitize_generation_data,300,5,0.927,NA
