,run.num,problem,treatment,succeeded,height,normalization.function,generation,cluster.count,error.diversity,success.generation
1,63,scrabble-score,tourney,FALSE,20,elitize_generation_data,0,3,0.123,NA
2,63,scrabble-score,tourney,FALSE,20,elitize_generation_data,1,5,0.104,NA
3,63,scrabble-score,tourney,FALSE,20,elitize_generation_data,2,2,0.097,NA
4,63,scrabble-score,tourney,FALSE,20,elitize_generation_data,3,3,0.098,NA
5,63,scrabble-score,tourney,FALSE,20,elitize_generation_data,4,7,0.054,NA
6,63,scrabble-score,tourney,FALSE,20,elitize_generation_data,5,6,0.063,NA
7,63,scrabble-score,tourney,FALSE,20,elitize_generation_data,6,8,0.087,NA
8,63,scrabble-score,tourney,FALSE,20,elitize_generation_data,7,8,0.121,NA
9,63,scrabble-score,tourney,FALSE,20,elitize_generation_data,8,8,0.127,NA
10,63,scrabble-score,tourney,FALSE,20,elitize_generation_data,9,7,0.165,NA
11,63,scrabble-score,tourney,FALSE,20,elitize_generation_data,10,7,0.19,NA
12,63,scrabble-score,tourney,FALSE,20,elitize_generation_data,11,6,0.195,NA
13,63,scrabble-score,tourney,FALSE,20,elitize_generation_data,12,9,0.188,NA
14,63,scrabble-score,tourney,FALSE,20,elitize_generation_data,13,6,0.237,NA
15,63,scrabble-score,tourney,FALSE,20,elitize_generation_data,14,6,0.282,NA
16,63,scrabble-score,tourney,FALSE,20,elitize_generation_data,15,10,0.309,NA
17,63,scrabble-score,tourney,FALSE,20,elitize_generation_data,16,9,0.346,NA
18,63,scrabble-score,tourney,FALSE,20,elitize_generation_data,17,9,0.321,NA
19,63,scrabble-score,tourney,FALSE,20,elitize_generation_data,18,7,0.341,NA
20,63,scrabble-score,tourney,FALSE,20,elitize_generation_data,19,6,0.369,NA
21,63,scrabble-score,tourney,FALSE,20,elitize_generation_data,20,8,0.441,NA
22,63,scrabble-score,tourney,FALSE,20,elitize_generation_data,21,7,0.462,NA
23,63,scrabble-score,tourney,FALSE,20,elitize_generation_data,22,9,0.537,NA
24,63,scrabble-score,tourney,FALSE,20,elitize_generation_data,23,8,0.568,NA
25,63,scrabble-score,tourney,FALSE,20,elitize_generation_data,24,5,0.596,NA
26,63,scrabble-score,tourney,FALSE,20,elitize_generation_data,25,5,0.563,NA
27,63,scrabble-score,tourney,FALSE,20,elitize_generation_data,26,7,0.596,NA
28,63,scrabble-score,tourney,FALSE,20,elitize_generation_data,27,9,0.636,NA
29,63,scrabble-score,tourney,FALSE,20,elitize_generation_data,28,7,0.657,NA
30,63,scrabble-score,tourney,FALSE,20,elitize_generation_data,29,9,0.664,NA
31,63,scrabble-score,tourney,FALSE,20,elitize_generation_data,30,9,0.678,NA
32,63,scrabble-score,tourney,FALSE,20,elitize_generation_data,31,8,0.673,NA
33,63,scrabble-score,tourney,FALSE,20,elitize_generation_data,32,10,0.686,NA
34,63,scrabble-score,tourney,FALSE,20,elitize_generation_data,33,8,0.703,NA
35,63,scrabble-score,tourney,FALSE,20,elitize_generation_data,34,12,0.663,NA
36,63,scrabble-score,tourney,FALSE,20,elitize_generation_data,35,10,0.668,NA
37,63,scrabble-score,tourney,FALSE,20,elitize_generation_data,36,10,0.672,NA
38,63,scrabble-score,tourney,FALSE,20,elitize_generation_data,37,8,0.713,NA
39,63,scrabble-score,tourney,FALSE,20,elitize_generation_data,38,7,0.748,NA
40,63,scrabble-score,tourney,FALSE,20,elitize_generation_data,39,12,0.743,NA
41,63,scrabble-score,tourney,FALSE,20,elitize_generation_data,40,15,0.75,NA
42,63,scrabble-score,tourney,FALSE,20,elitize_generation_data,41,8,0.738,NA
43,63,scrabble-score,tourney,FALSE,20,elitize_generation_data,42,10,0.746,NA
44,63,scrabble-score,tourney,FALSE,20,elitize_generation_data,43,13,0.762,NA
45,63,scrabble-score,tourney,FALSE,20,elitize_generation_data,44,13,0.761,NA
46,63,scrabble-score,tourney,FALSE,20,elitize_generation_data,45,9,0.776,NA
47,63,scrabble-score,tourney,FALSE,20,elitize_generation_data,46,9,0.754,NA
48,63,scrabble-score,tourney,FALSE,20,elitize_generation_data,47,7,0.741,NA
49,63,scrabble-score,tourney,FALSE,20,elitize_generation_data,48,6,0.725,NA
50,63,scrabble-score,tourney,FALSE,20,elitize_generation_data,49,7,0.772,NA
51,63,scrabble-score,tourney,FALSE,20,elitize_generation_data,50,11,0.758,NA
52,63,scrabble-score,tourney,FALSE,20,elitize_generation_data,51,16,0.76,NA
53,63,scrabble-score,tourney,FALSE,20,elitize_generation_data,52,9,0.792,NA
54,63,scrabble-score,tourney,FALSE,20,elitize_generation_data,53,7,0.801,NA
55,63,scrabble-score,tourney,FALSE,20,elitize_generation_data,54,9,0.81,NA
56,63,scrabble-score,tourney,FALSE,20,elitize_generation_data,55,12,0.807,NA
57,63,scrabble-score,tourney,FALSE,20,elitize_generation_data,56,9,0.841,NA
58,63,scrabble-score,tourney,FALSE,20,elitize_generation_data,57,10,0.832,NA
59,63,scrabble-score,tourney,FALSE,20,elitize_generation_data,58,11,0.842,NA
60,63,scrabble-score,tourney,FALSE,20,elitize_generation_data,59,13,0.831,NA
61,63,scrabble-score,tourney,FALSE,20,elitize_generation_data,60,11,0.797,NA
62,63,scrabble-score,tourney,FALSE,20,elitize_generation_data,61,11,0.823,NA
63,63,scrabble-score,tourney,FALSE,20,elitize_generation_data,62,10,0.805,NA
64,63,scrabble-score,tourney,FALSE,20,elitize_generation_data,63,12,0.817,NA
65,63,scrabble-score,tourney,FALSE,20,elitize_generation_data,64,10,0.845,NA
66,63,scrabble-score,tourney,FALSE,20,elitize_generation_data,65,15,0.822,NA
67,63,scrabble-score,tourney,FALSE,20,elitize_generation_data,66,11,0.841,NA
68,63,scrabble-score,tourney,FALSE,20,elitize_generation_data,67,10,0.854,NA
69,63,scrabble-score,tourney,FALSE,20,elitize_generation_data,68,15,0.855,NA
70,63,scrabble-score,tourney,FALSE,20,elitize_generation_data,69,14,0.865,NA
71,63,scrabble-score,tourney,FALSE,20,elitize_generation_data,70,11,0.849,NA
72,63,scrabble-score,tourney,FALSE,20,elitize_generation_data,71,12,0.836,NA
73,63,scrabble-score,tourney,FALSE,20,elitize_generation_data,72,7,0.849,NA
74,63,scrabble-score,tourney,FALSE,20,elitize_generation_data,73,12,0.828,NA
75,63,scrabble-score,tourney,FALSE,20,elitize_generation_data,74,11,0.827,NA
76,63,scrabble-score,tourney,FALSE,20,elitize_generation_data,75,11,0.818,NA
77,63,scrabble-score,tourney,FALSE,20,elitize_generation_data,76,12,0.799,NA
78,63,scrabble-score,tourney,FALSE,20,elitize_generation_data,77,11,0.802,NA
79,63,scrabble-score,tourney,FALSE,20,elitize_generation_data,78,8,0.835,NA
80,63,scrabble-score,tourney,FALSE,20,elitize_generation_data,79,12,0.788,NA
81,63,scrabble-score,tourney,FALSE,20,elitize_generation_data,80,12,0.8,NA
82,63,scrabble-score,tourney,FALSE,20,elitize_generation_data,81,11,0.792,NA
83,63,scrabble-score,tourney,FALSE,20,elitize_generation_data,82,12,0.831,NA
84,63,scrabble-score,tourney,FALSE,20,elitize_generation_data,83,10,0.836,NA
85,63,scrabble-score,tourney,FALSE,20,elitize_generation_data,84,12,0.821,NA
86,63,scrabble-score,tourney,FALSE,20,elitize_generation_data,85,13,0.816,NA
87,63,scrabble-score,tourney,FALSE,20,elitize_generation_data,86,12,0.84,NA
88,63,scrabble-score,tourney,FALSE,20,elitize_generation_data,87,11,0.824,NA
89,63,scrabble-score,tourney,FALSE,20,elitize_generation_data,88,11,0.821,NA
90,63,scrabble-score,tourney,FALSE,20,elitize_generation_data,89,12,0.834,NA
91,63,scrabble-score,tourney,FALSE,20,elitize_generation_data,90,12,0.835,NA
92,63,scrabble-score,tourney,FALSE,20,elitize_generation_data,91,15,0.852,NA
93,63,scrabble-score,tourney,FALSE,20,elitize_generation_data,92,12,0.837,NA
94,63,scrabble-score,tourney,FALSE,20,elitize_generation_data,93,12,0.836,NA
95,63,scrabble-score,tourney,FALSE,20,elitize_generation_data,94,12,0.845,NA
96,63,scrabble-score,tourney,FALSE,20,elitize_generation_data,95,10,0.857,NA
97,63,scrabble-score,tourney,FALSE,20,elitize_generation_data,96,10,0.865,NA
98,63,scrabble-score,tourney,FALSE,20,elitize_generation_data,97,11,0.878,NA
99,63,scrabble-score,tourney,FALSE,20,elitize_generation_data,98,11,0.852,NA
100,63,scrabble-score,tourney,FALSE,20,elitize_generation_data,99,13,0.881,NA
101,63,scrabble-score,tourney,FALSE,20,elitize_generation_data,100,16,0.879,NA
102,63,scrabble-score,tourney,FALSE,20,elitize_generation_data,101,8,0.862,NA
103,63,scrabble-score,tourney,FALSE,20,elitize_generation_data,102,15,0.883,NA
104,63,scrabble-score,tourney,FALSE,20,elitize_generation_data,103,14,0.871,NA
105,63,scrabble-score,tourney,FALSE,20,elitize_generation_data,104,15,0.892,NA
106,63,scrabble-score,tourney,FALSE,20,elitize_generation_data,105,14,0.891,NA
107,63,scrabble-score,tourney,FALSE,20,elitize_generation_data,106,14,0.897,NA
108,63,scrabble-score,tourney,FALSE,20,elitize_generation_data,107,16,0.885,NA
109,63,scrabble-score,tourney,FALSE,20,elitize_generation_data,108,18,0.892,NA
110,63,scrabble-score,tourney,FALSE,20,elitize_generation_data,109,21,0.895,NA
111,63,scrabble-score,tourney,FALSE,20,elitize_generation_data,110,21,0.89,NA
112,63,scrabble-score,tourney,FALSE,20,elitize_generation_data,111,15,0.876,NA
113,63,scrabble-score,tourney,FALSE,20,elitize_generation_data,112,14,0.883,NA
114,63,scrabble-score,tourney,FALSE,20,elitize_generation_data,113,14,0.887,NA
115,63,scrabble-score,tourney,FALSE,20,elitize_generation_data,114,19,0.902,NA
116,63,scrabble-score,tourney,FALSE,20,elitize_generation_data,115,17,0.886,NA
117,63,scrabble-score,tourney,FALSE,20,elitize_generation_data,116,17,0.884,NA
118,63,scrabble-score,tourney,FALSE,20,elitize_generation_data,117,19,0.91,NA
119,63,scrabble-score,tourney,FALSE,20,elitize_generation_data,118,17,0.904,NA
120,63,scrabble-score,tourney,FALSE,20,elitize_generation_data,119,19,0.89,NA
121,63,scrabble-score,tourney,FALSE,20,elitize_generation_data,120,16,0.876,NA
122,63,scrabble-score,tourney,FALSE,20,elitize_generation_data,121,17,0.892,NA
123,63,scrabble-score,tourney,FALSE,20,elitize_generation_data,122,13,0.891,NA
124,63,scrabble-score,tourney,FALSE,20,elitize_generation_data,123,16,0.878,NA
125,63,scrabble-score,tourney,FALSE,20,elitize_generation_data,124,22,0.891,NA
126,63,scrabble-score,tourney,FALSE,20,elitize_generation_data,125,22,0.874,NA
127,63,scrabble-score,tourney,FALSE,20,elitize_generation_data,126,18,0.888,NA
128,63,scrabble-score,tourney,FALSE,20,elitize_generation_data,127,12,0.879,NA
129,63,scrabble-score,tourney,FALSE,20,elitize_generation_data,128,15,0.885,NA
130,63,scrabble-score,tourney,FALSE,20,elitize_generation_data,129,19,0.878,NA
131,63,scrabble-score,tourney,FALSE,20,elitize_generation_data,130,19,0.891,NA
132,63,scrabble-score,tourney,FALSE,20,elitize_generation_data,131,18,0.906,NA
133,63,scrabble-score,tourney,FALSE,20,elitize_generation_data,132,24,0.905,NA
134,63,scrabble-score,tourney,FALSE,20,elitize_generation_data,133,22,0.896,NA
135,63,scrabble-score,tourney,FALSE,20,elitize_generation_data,134,22,0.906,NA
136,63,scrabble-score,tourney,FALSE,20,elitize_generation_data,135,17,0.913,NA
137,63,scrabble-score,tourney,FALSE,20,elitize_generation_data,136,17,0.897,NA
138,63,scrabble-score,tourney,FALSE,20,elitize_generation_data,137,15,0.897,NA
139,63,scrabble-score,tourney,FALSE,20,elitize_generation_data,138,17,0.902,NA
140,63,scrabble-score,tourney,FALSE,20,elitize_generation_data,139,18,0.901,NA
141,63,scrabble-score,tourney,FALSE,20,elitize_generation_data,140,19,0.906,NA
142,63,scrabble-score,tourney,FALSE,20,elitize_generation_data,141,17,0.897,NA
143,63,scrabble-score,tourney,FALSE,20,elitize_generation_data,142,21,0.897,NA
144,63,scrabble-score,tourney,FALSE,20,elitize_generation_data,143,20,0.91,NA
145,63,scrabble-score,tourney,FALSE,20,elitize_generation_data,144,15,0.917,NA
146,63,scrabble-score,tourney,FALSE,20,elitize_generation_data,145,16,0.91,NA
147,63,scrabble-score,tourney,FALSE,20,elitize_generation_data,146,21,0.939,NA
148,63,scrabble-score,tourney,FALSE,20,elitize_generation_data,147,21,0.916,NA
149,63,scrabble-score,tourney,FALSE,20,elitize_generation_data,148,17,0.913,NA
150,63,scrabble-score,tourney,FALSE,20,elitize_generation_data,149,19,0.904,NA
151,63,scrabble-score,tourney,FALSE,20,elitize_generation_data,150,16,0.918,NA
152,63,scrabble-score,tourney,FALSE,20,elitize_generation_data,151,20,0.91,NA
153,63,scrabble-score,tourney,FALSE,20,elitize_generation_data,152,19,0.906,NA
154,63,scrabble-score,tourney,FALSE,20,elitize_generation_data,153,17,0.894,NA
155,63,scrabble-score,tourney,FALSE,20,elitize_generation_data,154,21,0.891,NA
156,63,scrabble-score,tourney,FALSE,20,elitize_generation_data,155,15,0.893,NA
157,63,scrabble-score,tourney,FALSE,20,elitize_generation_data,156,22,0.881,NA
158,63,scrabble-score,tourney,FALSE,20,elitize_generation_data,157,18,0.909,NA
159,63,scrabble-score,tourney,FALSE,20,elitize_generation_data,158,19,0.902,NA
160,63,scrabble-score,tourney,FALSE,20,elitize_generation_data,159,18,0.89,NA
161,63,scrabble-score,tourney,FALSE,20,elitize_generation_data,160,20,0.901,NA
162,63,scrabble-score,tourney,FALSE,20,elitize_generation_data,161,19,0.896,NA
163,63,scrabble-score,tourney,FALSE,20,elitize_generation_data,162,16,0.901,NA
164,63,scrabble-score,tourney,FALSE,20,elitize_generation_data,163,21,0.887,NA
165,63,scrabble-score,tourney,FALSE,20,elitize_generation_data,164,23,0.912,NA
166,63,scrabble-score,tourney,FALSE,20,elitize_generation_data,165,24,0.912,NA
167,63,scrabble-score,tourney,FALSE,20,elitize_generation_data,166,20,0.905,NA
168,63,scrabble-score,tourney,FALSE,20,elitize_generation_data,167,23,0.918,NA
169,63,scrabble-score,tourney,FALSE,20,elitize_generation_data,168,23,0.902,NA
170,63,scrabble-score,tourney,FALSE,20,elitize_generation_data,169,19,0.897,NA
171,63,scrabble-score,tourney,FALSE,20,elitize_generation_data,170,19,0.898,NA
172,63,scrabble-score,tourney,FALSE,20,elitize_generation_data,171,15,0.886,NA
173,63,scrabble-score,tourney,FALSE,20,elitize_generation_data,172,15,0.898,NA
174,63,scrabble-score,tourney,FALSE,20,elitize_generation_data,173,18,0.894,NA
175,63,scrabble-score,tourney,FALSE,20,elitize_generation_data,174,20,0.91,NA
176,63,scrabble-score,tourney,FALSE,20,elitize_generation_data,175,20,0.889,NA
177,63,scrabble-score,tourney,FALSE,20,elitize_generation_data,176,19,0.892,NA
178,63,scrabble-score,tourney,FALSE,20,elitize_generation_data,177,16,0.911,NA
179,63,scrabble-score,tourney,FALSE,20,elitize_generation_data,178,18,0.9,NA
180,63,scrabble-score,tourney,FALSE,20,elitize_generation_data,179,14,0.883,NA
181,63,scrabble-score,tourney,FALSE,20,elitize_generation_data,180,19,0.902,NA
182,63,scrabble-score,tourney,FALSE,20,elitize_generation_data,181,19,0.886,NA
183,63,scrabble-score,tourney,FALSE,20,elitize_generation_data,182,17,0.909,NA
184,63,scrabble-score,tourney,FALSE,20,elitize_generation_data,183,24,0.906,NA
185,63,scrabble-score,tourney,FALSE,20,elitize_generation_data,184,19,0.917,NA
186,63,scrabble-score,tourney,FALSE,20,elitize_generation_data,185,21,0.887,NA
187,63,scrabble-score,tourney,FALSE,20,elitize_generation_data,186,24,0.903,NA
188,63,scrabble-score,tourney,FALSE,20,elitize_generation_data,187,17,0.904,NA
189,63,scrabble-score,tourney,FALSE,20,elitize_generation_data,188,23,0.912,NA
190,63,scrabble-score,tourney,FALSE,20,elitize_generation_data,189,21,0.889,NA
191,63,scrabble-score,tourney,FALSE,20,elitize_generation_data,190,18,0.905,NA
192,63,scrabble-score,tourney,FALSE,20,elitize_generation_data,191,27,0.886,NA
193,63,scrabble-score,tourney,FALSE,20,elitize_generation_data,192,24,0.899,NA
194,63,scrabble-score,tourney,FALSE,20,elitize_generation_data,193,27,0.883,NA
195,63,scrabble-score,tourney,FALSE,20,elitize_generation_data,194,11,0.906,NA
196,63,scrabble-score,tourney,FALSE,20,elitize_generation_data,195,22,0.896,NA
197,63,scrabble-score,tourney,FALSE,20,elitize_generation_data,196,18,0.887,NA
198,63,scrabble-score,tourney,FALSE,20,elitize_generation_data,197,17,0.894,NA
199,63,scrabble-score,tourney,FALSE,20,elitize_generation_data,198,20,0.919,NA
200,63,scrabble-score,tourney,FALSE,20,elitize_generation_data,199,16,0.894,NA
201,63,scrabble-score,tourney,FALSE,20,elitize_generation_data,200,26,0.895,NA
202,63,scrabble-score,tourney,FALSE,20,elitize_generation_data,201,18,0.89,NA
203,63,scrabble-score,tourney,FALSE,20,elitize_generation_data,202,20,0.891,NA
204,63,scrabble-score,tourney,FALSE,20,elitize_generation_data,203,22,0.884,NA
205,63,scrabble-score,tourney,FALSE,20,elitize_generation_data,204,18,0.877,NA
206,63,scrabble-score,tourney,FALSE,20,elitize_generation_data,205,22,0.898,NA
207,63,scrabble-score,tourney,FALSE,20,elitize_generation_data,206,25,0.91,NA
208,63,scrabble-score,tourney,FALSE,20,elitize_generation_data,207,19,0.899,NA
209,63,scrabble-score,tourney,FALSE,20,elitize_generation_data,208,21,0.901,NA
210,63,scrabble-score,tourney,FALSE,20,elitize_generation_data,209,24,0.893,NA
211,63,scrabble-score,tourney,FALSE,20,elitize_generation_data,210,18,0.907,NA
212,63,scrabble-score,tourney,FALSE,20,elitize_generation_data,211,16,0.9,NA
213,63,scrabble-score,tourney,FALSE,20,elitize_generation_data,212,21,0.91,NA
214,63,scrabble-score,tourney,FALSE,20,elitize_generation_data,213,19,0.884,NA
215,63,scrabble-score,tourney,FALSE,20,elitize_generation_data,214,19,0.896,NA
216,63,scrabble-score,tourney,FALSE,20,elitize_generation_data,215,18,0.902,NA
217,63,scrabble-score,tourney,FALSE,20,elitize_generation_data,216,16,0.907,NA
218,63,scrabble-score,tourney,FALSE,20,elitize_generation_data,217,21,0.906,NA
219,63,scrabble-score,tourney,FALSE,20,elitize_generation_data,218,23,0.9,NA
220,63,scrabble-score,tourney,FALSE,20,elitize_generation_data,219,21,0.895,NA
221,63,scrabble-score,tourney,FALSE,20,elitize_generation_data,220,21,0.901,NA
222,63,scrabble-score,tourney,FALSE,20,elitize_generation_data,221,22,0.902,NA
223,63,scrabble-score,tourney,FALSE,20,elitize_generation_data,222,16,0.907,NA
224,63,scrabble-score,tourney,FALSE,20,elitize_generation_data,223,25,0.905,NA
225,63,scrabble-score,tourney,FALSE,20,elitize_generation_data,224,22,0.914,NA
226,63,scrabble-score,tourney,FALSE,20,elitize_generation_data,225,17,0.912,NA
227,63,scrabble-score,tourney,FALSE,20,elitize_generation_data,226,21,0.924,NA
228,63,scrabble-score,tourney,FALSE,20,elitize_generation_data,227,25,0.917,NA
229,63,scrabble-score,tourney,FALSE,20,elitize_generation_data,228,30,0.92,NA
230,63,scrabble-score,tourney,FALSE,20,elitize_generation_data,229,20,0.92,NA
231,63,scrabble-score,tourney,FALSE,20,elitize_generation_data,230,23,0.909,NA
232,63,scrabble-score,tourney,FALSE,20,elitize_generation_data,231,20,0.914,NA
233,63,scrabble-score,tourney,FALSE,20,elitize_generation_data,232,20,0.926,NA
234,63,scrabble-score,tourney,FALSE,20,elitize_generation_data,233,20,0.912,NA
235,63,scrabble-score,tourney,FALSE,20,elitize_generation_data,234,21,0.917,NA
236,63,scrabble-score,tourney,FALSE,20,elitize_generation_data,235,19,0.931,NA
237,63,scrabble-score,tourney,FALSE,20,elitize_generation_data,236,21,0.925,NA
238,63,scrabble-score,tourney,FALSE,20,elitize_generation_data,237,23,0.92,NA
239,63,scrabble-score,tourney,FALSE,20,elitize_generation_data,238,19,0.923,NA
240,63,scrabble-score,tourney,FALSE,20,elitize_generation_data,239,17,0.931,NA
241,63,scrabble-score,tourney,FALSE,20,elitize_generation_data,240,28,0.93,NA
242,63,scrabble-score,tourney,FALSE,20,elitize_generation_data,241,24,0.928,NA
243,63,scrabble-score,tourney,FALSE,20,elitize_generation_data,242,22,0.908,NA
244,63,scrabble-score,tourney,FALSE,20,elitize_generation_data,243,27,0.923,NA
245,63,scrabble-score,tourney,FALSE,20,elitize_generation_data,244,31,0.935,NA
246,63,scrabble-score,tourney,FALSE,20,elitize_generation_data,245,24,0.937,NA
247,63,scrabble-score,tourney,FALSE,20,elitize_generation_data,246,20,0.929,NA
248,63,scrabble-score,tourney,FALSE,20,elitize_generation_data,247,25,0.924,NA
249,63,scrabble-score,tourney,FALSE,20,elitize_generation_data,248,25,0.932,NA
250,63,scrabble-score,tourney,FALSE,20,elitize_generation_data,249,26,0.933,NA
251,63,scrabble-score,tourney,FALSE,20,elitize_generation_data,250,21,0.94,NA
252,63,scrabble-score,tourney,FALSE,20,elitize_generation_data,251,24,0.942,NA
253,63,scrabble-score,tourney,FALSE,20,elitize_generation_data,252,20,0.938,NA
254,63,scrabble-score,tourney,FALSE,20,elitize_generation_data,253,21,0.925,NA
255,63,scrabble-score,tourney,FALSE,20,elitize_generation_data,254,28,0.926,NA
256,63,scrabble-score,tourney,FALSE,20,elitize_generation_data,255,25,0.913,NA
257,63,scrabble-score,tourney,FALSE,20,elitize_generation_data,256,23,0.922,NA
258,63,scrabble-score,tourney,FALSE,20,elitize_generation_data,257,16,0.92,NA
259,63,scrabble-score,tourney,FALSE,20,elitize_generation_data,258,24,0.916,NA
260,63,scrabble-score,tourney,FALSE,20,elitize_generation_data,259,20,0.914,NA
261,63,scrabble-score,tourney,FALSE,20,elitize_generation_data,260,21,0.948,NA
262,63,scrabble-score,tourney,FALSE,20,elitize_generation_data,261,27,0.933,NA
263,63,scrabble-score,tourney,FALSE,20,elitize_generation_data,262,24,0.923,NA
264,63,scrabble-score,tourney,FALSE,20,elitize_generation_data,263,23,0.93,NA
265,63,scrabble-score,tourney,FALSE,20,elitize_generation_data,264,24,0.916,NA
266,63,scrabble-score,tourney,FALSE,20,elitize_generation_data,265,22,0.917,NA
267,63,scrabble-score,tourney,FALSE,20,elitize_generation_data,266,24,0.919,NA
268,63,scrabble-score,tourney,FALSE,20,elitize_generation_data,267,25,0.918,NA
269,63,scrabble-score,tourney,FALSE,20,elitize_generation_data,268,19,0.923,NA
270,63,scrabble-score,tourney,FALSE,20,elitize_generation_data,269,18,0.914,NA
271,63,scrabble-score,tourney,FALSE,20,elitize_generation_data,270,21,0.92,NA
272,63,scrabble-score,tourney,FALSE,20,elitize_generation_data,271,20,0.914,NA
273,63,scrabble-score,tourney,FALSE,20,elitize_generation_data,272,18,0.922,NA
274,63,scrabble-score,tourney,FALSE,20,elitize_generation_data,273,27,0.914,NA
275,63,scrabble-score,tourney,FALSE,20,elitize_generation_data,274,19,0.904,NA
276,63,scrabble-score,tourney,FALSE,20,elitize_generation_data,275,22,0.918,NA
277,63,scrabble-score,tourney,FALSE,20,elitize_generation_data,276,30,0.935,NA
278,63,scrabble-score,tourney,FALSE,20,elitize_generation_data,277,21,0.915,NA
279,63,scrabble-score,tourney,FALSE,20,elitize_generation_data,278,21,0.921,NA
280,63,scrabble-score,tourney,FALSE,20,elitize_generation_data,279,22,0.919,NA
281,63,scrabble-score,tourney,FALSE,20,elitize_generation_data,280,17,0.92,NA
282,63,scrabble-score,tourney,FALSE,20,elitize_generation_data,281,19,0.916,NA
283,63,scrabble-score,tourney,FALSE,20,elitize_generation_data,282,16,0.914,NA
284,63,scrabble-score,tourney,FALSE,20,elitize_generation_data,283,22,0.919,NA
285,63,scrabble-score,tourney,FALSE,20,elitize_generation_data,284,22,0.925,NA
286,63,scrabble-score,tourney,FALSE,20,elitize_generation_data,285,22,0.932,NA
287,63,scrabble-score,tourney,FALSE,20,elitize_generation_data,286,20,0.921,NA
288,63,scrabble-score,tourney,FALSE,20,elitize_generation_data,287,19,0.915,NA
289,63,scrabble-score,tourney,FALSE,20,elitize_generation_data,288,21,0.929,NA
290,63,scrabble-score,tourney,FALSE,20,elitize_generation_data,289,18,0.947,NA
291,63,scrabble-score,tourney,FALSE,20,elitize_generation_data,290,26,0.914,NA
292,63,scrabble-score,tourney,FALSE,20,elitize_generation_data,291,23,0.931,NA
293,63,scrabble-score,tourney,FALSE,20,elitize_generation_data,292,18,0.927,NA
294,63,scrabble-score,tourney,FALSE,20,elitize_generation_data,293,23,0.92,NA
295,63,scrabble-score,tourney,FALSE,20,elitize_generation_data,294,19,0.927,NA
296,63,scrabble-score,tourney,FALSE,20,elitize_generation_data,295,20,0.933,NA
297,63,scrabble-score,tourney,FALSE,20,elitize_generation_data,296,21,0.916,NA
298,63,scrabble-score,tourney,FALSE,20,elitize_generation_data,297,26,0.926,NA
299,63,scrabble-score,tourney,FALSE,20,elitize_generation_data,298,18,0.93,NA
300,63,scrabble-score,tourney,FALSE,20,elitize_generation_data,299,24,0.937,NA
301,63,scrabble-score,tourney,FALSE,20,elitize_generation_data,300,24,0.942,NA
