,run.num,problem,treatment,succeeded,height,normalization.function,generation,cluster.count,error.diversity,success.generation
1,33,scrabble-score,tourney,FALSE,20,elitize_generation_data,0,2,0.111,NA
2,33,scrabble-score,tourney,FALSE,20,elitize_generation_data,1,2,0.114,NA
3,33,scrabble-score,tourney,FALSE,20,elitize_generation_data,2,1,0.13,NA
4,33,scrabble-score,tourney,FALSE,20,elitize_generation_data,3,1,0.106,NA
5,33,scrabble-score,tourney,FALSE,20,elitize_generation_data,4,3,0.108,NA
6,33,scrabble-score,tourney,FALSE,20,elitize_generation_data,5,4,0.077,NA
7,33,scrabble-score,tourney,FALSE,20,elitize_generation_data,6,6,0.072,NA
8,33,scrabble-score,tourney,FALSE,20,elitize_generation_data,7,6,0.09,NA
9,33,scrabble-score,tourney,FALSE,20,elitize_generation_data,8,6,0.063,NA
10,33,scrabble-score,tourney,FALSE,20,elitize_generation_data,9,8,0.063,NA
11,33,scrabble-score,tourney,FALSE,20,elitize_generation_data,10,8,0.051,NA
12,33,scrabble-score,tourney,FALSE,20,elitize_generation_data,11,7,0.047,NA
13,33,scrabble-score,tourney,FALSE,20,elitize_generation_data,12,9,0.05,NA
14,33,scrabble-score,tourney,FALSE,20,elitize_generation_data,13,9,0.064,NA
15,33,scrabble-score,tourney,FALSE,20,elitize_generation_data,14,8,0.07,NA
16,33,scrabble-score,tourney,FALSE,20,elitize_generation_data,15,8,0.096,NA
17,33,scrabble-score,tourney,FALSE,20,elitize_generation_data,16,10,0.128,NA
18,33,scrabble-score,tourney,FALSE,20,elitize_generation_data,17,9,0.145,NA
19,33,scrabble-score,tourney,FALSE,20,elitize_generation_data,18,8,0.188,NA
20,33,scrabble-score,tourney,FALSE,20,elitize_generation_data,19,7,0.191,NA
21,33,scrabble-score,tourney,FALSE,20,elitize_generation_data,20,9,0.193,NA
22,33,scrabble-score,tourney,FALSE,20,elitize_generation_data,21,7,0.237,NA
23,33,scrabble-score,tourney,FALSE,20,elitize_generation_data,22,9,0.256,NA
24,33,scrabble-score,tourney,FALSE,20,elitize_generation_data,23,8,0.253,NA
25,33,scrabble-score,tourney,FALSE,20,elitize_generation_data,24,6,0.302,NA
26,33,scrabble-score,tourney,FALSE,20,elitize_generation_data,25,7,0.305,NA
27,33,scrabble-score,tourney,FALSE,20,elitize_generation_data,26,5,0.322,NA
28,33,scrabble-score,tourney,FALSE,20,elitize_generation_data,27,8,0.338,NA
29,33,scrabble-score,tourney,FALSE,20,elitize_generation_data,28,6,0.304,NA
30,33,scrabble-score,tourney,FALSE,20,elitize_generation_data,29,8,0.258,NA
31,33,scrabble-score,tourney,FALSE,20,elitize_generation_data,30,7,0.297,NA
32,33,scrabble-score,tourney,FALSE,20,elitize_generation_data,31,5,0.328,NA
33,33,scrabble-score,tourney,FALSE,20,elitize_generation_data,32,3,0.313,NA
34,33,scrabble-score,tourney,FALSE,20,elitize_generation_data,33,7,0.313,NA
35,33,scrabble-score,tourney,FALSE,20,elitize_generation_data,34,6,0.306,NA
36,33,scrabble-score,tourney,FALSE,20,elitize_generation_data,35,6,0.318,NA
37,33,scrabble-score,tourney,FALSE,20,elitize_generation_data,36,5,0.313,NA
38,33,scrabble-score,tourney,FALSE,20,elitize_generation_data,37,6,0.309,NA
39,33,scrabble-score,tourney,FALSE,20,elitize_generation_data,38,7,0.345,NA
40,33,scrabble-score,tourney,FALSE,20,elitize_generation_data,39,5,0.348,NA
41,33,scrabble-score,tourney,FALSE,20,elitize_generation_data,40,5,0.302,NA
42,33,scrabble-score,tourney,FALSE,20,elitize_generation_data,41,6,0.324,NA
43,33,scrabble-score,tourney,FALSE,20,elitize_generation_data,42,5,0.314,NA
44,33,scrabble-score,tourney,FALSE,20,elitize_generation_data,43,4,0.312,NA
45,33,scrabble-score,tourney,FALSE,20,elitize_generation_data,44,9,0.362,NA
46,33,scrabble-score,tourney,FALSE,20,elitize_generation_data,45,9,0.373,NA
47,33,scrabble-score,tourney,FALSE,20,elitize_generation_data,46,6,0.406,NA
48,33,scrabble-score,tourney,FALSE,20,elitize_generation_data,47,7,0.375,NA
49,33,scrabble-score,tourney,FALSE,20,elitize_generation_data,48,5,0.401,NA
50,33,scrabble-score,tourney,FALSE,20,elitize_generation_data,49,8,0.375,NA
51,33,scrabble-score,tourney,FALSE,20,elitize_generation_data,50,6,0.385,NA
52,33,scrabble-score,tourney,FALSE,20,elitize_generation_data,51,8,0.422,NA
53,33,scrabble-score,tourney,FALSE,20,elitize_generation_data,52,8,0.482,NA
54,33,scrabble-score,tourney,FALSE,20,elitize_generation_data,53,9,0.476,NA
55,33,scrabble-score,tourney,FALSE,20,elitize_generation_data,54,10,0.473,NA
56,33,scrabble-score,tourney,FALSE,20,elitize_generation_data,55,5,0.48,NA
57,33,scrabble-score,tourney,FALSE,20,elitize_generation_data,56,8,0.459,NA
58,33,scrabble-score,tourney,FALSE,20,elitize_generation_data,57,5,0.462,NA
59,33,scrabble-score,tourney,FALSE,20,elitize_generation_data,58,7,0.433,NA
60,33,scrabble-score,tourney,FALSE,20,elitize_generation_data,59,9,0.385,NA
61,33,scrabble-score,tourney,FALSE,20,elitize_generation_data,60,8,0.355,NA
62,33,scrabble-score,tourney,FALSE,20,elitize_generation_data,61,10,0.367,NA
63,33,scrabble-score,tourney,FALSE,20,elitize_generation_data,62,8,0.383,NA
64,33,scrabble-score,tourney,FALSE,20,elitize_generation_data,63,11,0.408,NA
65,33,scrabble-score,tourney,FALSE,20,elitize_generation_data,64,9,0.43,NA
66,33,scrabble-score,tourney,FALSE,20,elitize_generation_data,65,6,0.449,NA
67,33,scrabble-score,tourney,FALSE,20,elitize_generation_data,66,12,0.515,NA
68,33,scrabble-score,tourney,FALSE,20,elitize_generation_data,67,8,0.557,NA
69,33,scrabble-score,tourney,FALSE,20,elitize_generation_data,68,14,0.574,NA
70,33,scrabble-score,tourney,FALSE,20,elitize_generation_data,69,11,0.576,NA
71,33,scrabble-score,tourney,FALSE,20,elitize_generation_data,70,10,0.604,NA
72,33,scrabble-score,tourney,FALSE,20,elitize_generation_data,71,7,0.628,NA
73,33,scrabble-score,tourney,FALSE,20,elitize_generation_data,72,8,0.621,NA
74,33,scrabble-score,tourney,FALSE,20,elitize_generation_data,73,8,0.62,NA
75,33,scrabble-score,tourney,FALSE,20,elitize_generation_data,74,11,0.639,NA
76,33,scrabble-score,tourney,FALSE,20,elitize_generation_data,75,9,0.658,NA
77,33,scrabble-score,tourney,FALSE,20,elitize_generation_data,76,10,0.664,NA
78,33,scrabble-score,tourney,FALSE,20,elitize_generation_data,77,10,0.665,NA
79,33,scrabble-score,tourney,FALSE,20,elitize_generation_data,78,10,0.688,NA
80,33,scrabble-score,tourney,FALSE,20,elitize_generation_data,79,10,0.678,NA
81,33,scrabble-score,tourney,FALSE,20,elitize_generation_data,80,10,0.687,NA
82,33,scrabble-score,tourney,FALSE,20,elitize_generation_data,81,12,0.701,NA
83,33,scrabble-score,tourney,FALSE,20,elitize_generation_data,82,7,0.685,NA
84,33,scrabble-score,tourney,FALSE,20,elitize_generation_data,83,7,0.704,NA
85,33,scrabble-score,tourney,FALSE,20,elitize_generation_data,84,10,0.718,NA
86,33,scrabble-score,tourney,FALSE,20,elitize_generation_data,85,10,0.718,NA
87,33,scrabble-score,tourney,FALSE,20,elitize_generation_data,86,10,0.719,NA
88,33,scrabble-score,tourney,FALSE,20,elitize_generation_data,87,10,0.745,NA
89,33,scrabble-score,tourney,FALSE,20,elitize_generation_data,88,11,0.736,NA
90,33,scrabble-score,tourney,FALSE,20,elitize_generation_data,89,11,0.718,NA
91,33,scrabble-score,tourney,FALSE,20,elitize_generation_data,90,11,0.72,NA
92,33,scrabble-score,tourney,FALSE,20,elitize_generation_data,91,6,0.721,NA
93,33,scrabble-score,tourney,FALSE,20,elitize_generation_data,92,8,0.739,NA
94,33,scrabble-score,tourney,FALSE,20,elitize_generation_data,93,11,0.685,NA
95,33,scrabble-score,tourney,FALSE,20,elitize_generation_data,94,9,0.736,NA
96,33,scrabble-score,tourney,FALSE,20,elitize_generation_data,95,12,0.701,NA
97,33,scrabble-score,tourney,FALSE,20,elitize_generation_data,96,9,0.683,NA
98,33,scrabble-score,tourney,FALSE,20,elitize_generation_data,97,10,0.677,NA
99,33,scrabble-score,tourney,FALSE,20,elitize_generation_data,98,10,0.711,NA
100,33,scrabble-score,tourney,FALSE,20,elitize_generation_data,99,11,0.708,NA
101,33,scrabble-score,tourney,FALSE,20,elitize_generation_data,100,10,0.7,NA
102,33,scrabble-score,tourney,FALSE,20,elitize_generation_data,101,10,0.713,NA
103,33,scrabble-score,tourney,FALSE,20,elitize_generation_data,102,10,0.708,NA
104,33,scrabble-score,tourney,FALSE,20,elitize_generation_data,103,9,0.722,NA
105,33,scrabble-score,tourney,FALSE,20,elitize_generation_data,104,8,0.706,NA
106,33,scrabble-score,tourney,FALSE,20,elitize_generation_data,105,10,0.679,NA
107,33,scrabble-score,tourney,FALSE,20,elitize_generation_data,106,8,0.668,NA
108,33,scrabble-score,tourney,FALSE,20,elitize_generation_data,107,9,0.651,NA
109,33,scrabble-score,tourney,FALSE,20,elitize_generation_data,108,11,0.686,NA
110,33,scrabble-score,tourney,FALSE,20,elitize_generation_data,109,9,0.682,NA
111,33,scrabble-score,tourney,FALSE,20,elitize_generation_data,110,12,0.667,NA
112,33,scrabble-score,tourney,FALSE,20,elitize_generation_data,111,9,0.66,NA
113,33,scrabble-score,tourney,FALSE,20,elitize_generation_data,112,9,0.668,NA
114,33,scrabble-score,tourney,FALSE,20,elitize_generation_data,113,9,0.671,NA
115,33,scrabble-score,tourney,FALSE,20,elitize_generation_data,114,8,0.663,NA
116,33,scrabble-score,tourney,FALSE,20,elitize_generation_data,115,7,0.657,NA
117,33,scrabble-score,tourney,FALSE,20,elitize_generation_data,116,7,0.635,NA
118,33,scrabble-score,tourney,FALSE,20,elitize_generation_data,117,7,0.655,NA
119,33,scrabble-score,tourney,FALSE,20,elitize_generation_data,118,8,0.661,NA
120,33,scrabble-score,tourney,FALSE,20,elitize_generation_data,119,7,0.663,NA
121,33,scrabble-score,tourney,FALSE,20,elitize_generation_data,120,9,0.674,NA
122,33,scrabble-score,tourney,FALSE,20,elitize_generation_data,121,9,0.644,NA
123,33,scrabble-score,tourney,FALSE,20,elitize_generation_data,122,9,0.66,NA
124,33,scrabble-score,tourney,FALSE,20,elitize_generation_data,123,8,0.671,NA
125,33,scrabble-score,tourney,FALSE,20,elitize_generation_data,124,9,0.63,NA
126,33,scrabble-score,tourney,FALSE,20,elitize_generation_data,125,5,0.665,NA
127,33,scrabble-score,tourney,FALSE,20,elitize_generation_data,126,5,0.635,NA
128,33,scrabble-score,tourney,FALSE,20,elitize_generation_data,127,8,0.634,NA
129,33,scrabble-score,tourney,FALSE,20,elitize_generation_data,128,9,0.65,NA
130,33,scrabble-score,tourney,FALSE,20,elitize_generation_data,129,7,0.646,NA
131,33,scrabble-score,tourney,FALSE,20,elitize_generation_data,130,7,0.641,NA
132,33,scrabble-score,tourney,FALSE,20,elitize_generation_data,131,10,0.663,NA
133,33,scrabble-score,tourney,FALSE,20,elitize_generation_data,132,8,0.676,NA
134,33,scrabble-score,tourney,FALSE,20,elitize_generation_data,133,9,0.659,NA
135,33,scrabble-score,tourney,FALSE,20,elitize_generation_data,134,10,0.646,NA
136,33,scrabble-score,tourney,FALSE,20,elitize_generation_data,135,6,0.67,NA
137,33,scrabble-score,tourney,FALSE,20,elitize_generation_data,136,6,0.666,NA
138,33,scrabble-score,tourney,FALSE,20,elitize_generation_data,137,8,0.689,NA
139,33,scrabble-score,tourney,FALSE,20,elitize_generation_data,138,7,0.695,NA
140,33,scrabble-score,tourney,FALSE,20,elitize_generation_data,139,8,0.712,NA
141,33,scrabble-score,tourney,FALSE,20,elitize_generation_data,140,11,0.728,NA
142,33,scrabble-score,tourney,FALSE,20,elitize_generation_data,141,12,0.707,NA
143,33,scrabble-score,tourney,FALSE,20,elitize_generation_data,142,6,0.722,NA
144,33,scrabble-score,tourney,FALSE,20,elitize_generation_data,143,13,0.738,NA
145,33,scrabble-score,tourney,FALSE,20,elitize_generation_data,144,11,0.721,NA
146,33,scrabble-score,tourney,FALSE,20,elitize_generation_data,145,8,0.731,NA
147,33,scrabble-score,tourney,FALSE,20,elitize_generation_data,146,10,0.717,NA
148,33,scrabble-score,tourney,FALSE,20,elitize_generation_data,147,10,0.709,NA
149,33,scrabble-score,tourney,FALSE,20,elitize_generation_data,148,12,0.732,NA
150,33,scrabble-score,tourney,FALSE,20,elitize_generation_data,149,9,0.742,NA
151,33,scrabble-score,tourney,FALSE,20,elitize_generation_data,150,13,0.739,NA
152,33,scrabble-score,tourney,FALSE,20,elitize_generation_data,151,14,0.712,NA
153,33,scrabble-score,tourney,FALSE,20,elitize_generation_data,152,14,0.717,NA
154,33,scrabble-score,tourney,FALSE,20,elitize_generation_data,153,13,0.71,NA
155,33,scrabble-score,tourney,FALSE,20,elitize_generation_data,154,9,0.746,NA
156,33,scrabble-score,tourney,FALSE,20,elitize_generation_data,155,12,0.75,NA
157,33,scrabble-score,tourney,FALSE,20,elitize_generation_data,156,13,0.749,NA
158,33,scrabble-score,tourney,FALSE,20,elitize_generation_data,157,14,0.741,NA
159,33,scrabble-score,tourney,FALSE,20,elitize_generation_data,158,18,0.781,NA
160,33,scrabble-score,tourney,FALSE,20,elitize_generation_data,159,13,0.782,NA
161,33,scrabble-score,tourney,FALSE,20,elitize_generation_data,160,9,0.758,NA
162,33,scrabble-score,tourney,FALSE,20,elitize_generation_data,161,7,0.742,NA
163,33,scrabble-score,tourney,FALSE,20,elitize_generation_data,162,7,0.723,NA
164,33,scrabble-score,tourney,FALSE,20,elitize_generation_data,163,10,0.702,NA
165,33,scrabble-score,tourney,FALSE,20,elitize_generation_data,164,12,0.715,NA
166,33,scrabble-score,tourney,FALSE,20,elitize_generation_data,165,9,0.709,NA
167,33,scrabble-score,tourney,FALSE,20,elitize_generation_data,166,14,0.716,NA
168,33,scrabble-score,tourney,FALSE,20,elitize_generation_data,167,13,0.713,NA
169,33,scrabble-score,tourney,FALSE,20,elitize_generation_data,168,12,0.723,NA
170,33,scrabble-score,tourney,FALSE,20,elitize_generation_data,169,11,0.73,NA
171,33,scrabble-score,tourney,FALSE,20,elitize_generation_data,170,10,0.73,NA
172,33,scrabble-score,tourney,FALSE,20,elitize_generation_data,171,12,0.729,NA
173,33,scrabble-score,tourney,FALSE,20,elitize_generation_data,172,12,0.722,NA
174,33,scrabble-score,tourney,FALSE,20,elitize_generation_data,173,11,0.747,NA
175,33,scrabble-score,tourney,FALSE,20,elitize_generation_data,174,14,0.737,NA
176,33,scrabble-score,tourney,FALSE,20,elitize_generation_data,175,6,0.734,NA
177,33,scrabble-score,tourney,FALSE,20,elitize_generation_data,176,13,0.742,NA
178,33,scrabble-score,tourney,FALSE,20,elitize_generation_data,177,15,0.721,NA
179,33,scrabble-score,tourney,FALSE,20,elitize_generation_data,178,13,0.713,NA
180,33,scrabble-score,tourney,FALSE,20,elitize_generation_data,179,7,0.738,NA
181,33,scrabble-score,tourney,FALSE,20,elitize_generation_data,180,14,0.762,NA
182,33,scrabble-score,tourney,FALSE,20,elitize_generation_data,181,11,0.709,NA
183,33,scrabble-score,tourney,FALSE,20,elitize_generation_data,182,11,0.76,NA
184,33,scrabble-score,tourney,FALSE,20,elitize_generation_data,183,8,0.732,NA
185,33,scrabble-score,tourney,FALSE,20,elitize_generation_data,184,10,0.731,NA
186,33,scrabble-score,tourney,FALSE,20,elitize_generation_data,185,10,0.735,NA
187,33,scrabble-score,tourney,FALSE,20,elitize_generation_data,186,13,0.732,NA
188,33,scrabble-score,tourney,FALSE,20,elitize_generation_data,187,14,0.746,NA
189,33,scrabble-score,tourney,FALSE,20,elitize_generation_data,188,11,0.731,NA
190,33,scrabble-score,tourney,FALSE,20,elitize_generation_data,189,9,0.735,NA
191,33,scrabble-score,tourney,FALSE,20,elitize_generation_data,190,11,0.723,NA
192,33,scrabble-score,tourney,FALSE,20,elitize_generation_data,191,15,0.751,NA
193,33,scrabble-score,tourney,FALSE,20,elitize_generation_data,192,11,0.737,NA
194,33,scrabble-score,tourney,FALSE,20,elitize_generation_data,193,11,0.739,NA
195,33,scrabble-score,tourney,FALSE,20,elitize_generation_data,194,13,0.737,NA
196,33,scrabble-score,tourney,FALSE,20,elitize_generation_data,195,11,0.8,NA
197,33,scrabble-score,tourney,FALSE,20,elitize_generation_data,196,9,0.773,NA
198,33,scrabble-score,tourney,FALSE,20,elitize_generation_data,197,8,0.787,NA
199,33,scrabble-score,tourney,FALSE,20,elitize_generation_data,198,8,0.804,NA
200,33,scrabble-score,tourney,FALSE,20,elitize_generation_data,199,15,0.803,NA
201,33,scrabble-score,tourney,FALSE,20,elitize_generation_data,200,11,0.807,NA
202,33,scrabble-score,tourney,FALSE,20,elitize_generation_data,201,9,0.796,NA
203,33,scrabble-score,tourney,FALSE,20,elitize_generation_data,202,8,0.79,NA
204,33,scrabble-score,tourney,FALSE,20,elitize_generation_data,203,7,0.776,NA
205,33,scrabble-score,tourney,FALSE,20,elitize_generation_data,204,10,0.772,NA
206,33,scrabble-score,tourney,FALSE,20,elitize_generation_data,205,10,0.782,NA
207,33,scrabble-score,tourney,FALSE,20,elitize_generation_data,206,11,0.781,NA
208,33,scrabble-score,tourney,FALSE,20,elitize_generation_data,207,9,0.784,NA
209,33,scrabble-score,tourney,FALSE,20,elitize_generation_data,208,9,0.784,NA
210,33,scrabble-score,tourney,FALSE,20,elitize_generation_data,209,10,0.772,NA
211,33,scrabble-score,tourney,FALSE,20,elitize_generation_data,210,13,0.772,NA
212,33,scrabble-score,tourney,FALSE,20,elitize_generation_data,211,13,0.76,NA
213,33,scrabble-score,tourney,FALSE,20,elitize_generation_data,212,7,0.747,NA
214,33,scrabble-score,tourney,FALSE,20,elitize_generation_data,213,8,0.74,NA
215,33,scrabble-score,tourney,FALSE,20,elitize_generation_data,214,12,0.755,NA
216,33,scrabble-score,tourney,FALSE,20,elitize_generation_data,215,12,0.732,NA
217,33,scrabble-score,tourney,FALSE,20,elitize_generation_data,216,10,0.735,NA
218,33,scrabble-score,tourney,FALSE,20,elitize_generation_data,217,8,0.751,NA
219,33,scrabble-score,tourney,FALSE,20,elitize_generation_data,218,8,0.753,NA
220,33,scrabble-score,tourney,FALSE,20,elitize_generation_data,219,12,0.751,NA
221,33,scrabble-score,tourney,FALSE,20,elitize_generation_data,220,10,0.791,NA
222,33,scrabble-score,tourney,FALSE,20,elitize_generation_data,221,9,0.81,NA
223,33,scrabble-score,tourney,FALSE,20,elitize_generation_data,222,10,0.792,NA
224,33,scrabble-score,tourney,FALSE,20,elitize_generation_data,223,10,0.794,NA
225,33,scrabble-score,tourney,FALSE,20,elitize_generation_data,224,10,0.764,NA
226,33,scrabble-score,tourney,FALSE,20,elitize_generation_data,225,13,0.766,NA
227,33,scrabble-score,tourney,FALSE,20,elitize_generation_data,226,13,0.782,NA
228,33,scrabble-score,tourney,FALSE,20,elitize_generation_data,227,7,0.786,NA
229,33,scrabble-score,tourney,FALSE,20,elitize_generation_data,228,10,0.796,NA
230,33,scrabble-score,tourney,FALSE,20,elitize_generation_data,229,11,0.797,NA
231,33,scrabble-score,tourney,FALSE,20,elitize_generation_data,230,14,0.779,NA
232,33,scrabble-score,tourney,FALSE,20,elitize_generation_data,231,8,0.804,NA
233,33,scrabble-score,tourney,FALSE,20,elitize_generation_data,232,10,0.798,NA
234,33,scrabble-score,tourney,FALSE,20,elitize_generation_data,233,11,0.79,NA
235,33,scrabble-score,tourney,FALSE,20,elitize_generation_data,234,11,0.812,NA
236,33,scrabble-score,tourney,FALSE,20,elitize_generation_data,235,9,0.791,NA
237,33,scrabble-score,tourney,FALSE,20,elitize_generation_data,236,8,0.784,NA
238,33,scrabble-score,tourney,FALSE,20,elitize_generation_data,237,6,0.785,NA
239,33,scrabble-score,tourney,FALSE,20,elitize_generation_data,238,7,0.787,NA
240,33,scrabble-score,tourney,FALSE,20,elitize_generation_data,239,12,0.777,NA
241,33,scrabble-score,tourney,FALSE,20,elitize_generation_data,240,13,0.802,NA
242,33,scrabble-score,tourney,FALSE,20,elitize_generation_data,241,10,0.813,NA
243,33,scrabble-score,tourney,FALSE,20,elitize_generation_data,242,9,0.792,NA
244,33,scrabble-score,tourney,FALSE,20,elitize_generation_data,243,8,0.771,NA
245,33,scrabble-score,tourney,FALSE,20,elitize_generation_data,244,10,0.786,NA
246,33,scrabble-score,tourney,FALSE,20,elitize_generation_data,245,11,0.771,NA
247,33,scrabble-score,tourney,FALSE,20,elitize_generation_data,246,7,0.794,NA
248,33,scrabble-score,tourney,FALSE,20,elitize_generation_data,247,7,0.799,NA
249,33,scrabble-score,tourney,FALSE,20,elitize_generation_data,248,10,0.793,NA
250,33,scrabble-score,tourney,FALSE,20,elitize_generation_data,249,14,0.781,NA
251,33,scrabble-score,tourney,FALSE,20,elitize_generation_data,250,8,0.78,NA
252,33,scrabble-score,tourney,FALSE,20,elitize_generation_data,251,11,0.793,NA
253,33,scrabble-score,tourney,FALSE,20,elitize_generation_data,252,10,0.771,NA
254,33,scrabble-score,tourney,FALSE,20,elitize_generation_data,253,14,0.772,NA
255,33,scrabble-score,tourney,FALSE,20,elitize_generation_data,254,8,0.776,NA
256,33,scrabble-score,tourney,FALSE,20,elitize_generation_data,255,8,0.796,NA
257,33,scrabble-score,tourney,FALSE,20,elitize_generation_data,256,5,0.804,NA
258,33,scrabble-score,tourney,FALSE,20,elitize_generation_data,257,10,0.809,NA
259,33,scrabble-score,tourney,FALSE,20,elitize_generation_data,258,12,0.773,NA
260,33,scrabble-score,tourney,FALSE,20,elitize_generation_data,259,14,0.78,NA
261,33,scrabble-score,tourney,FALSE,20,elitize_generation_data,260,8,0.771,NA
262,33,scrabble-score,tourney,FALSE,20,elitize_generation_data,261,9,0.785,NA
263,33,scrabble-score,tourney,FALSE,20,elitize_generation_data,262,10,0.799,NA
264,33,scrabble-score,tourney,FALSE,20,elitize_generation_data,263,10,0.811,NA
265,33,scrabble-score,tourney,FALSE,20,elitize_generation_data,264,9,0.808,NA
266,33,scrabble-score,tourney,FALSE,20,elitize_generation_data,265,11,0.779,NA
267,33,scrabble-score,tourney,FALSE,20,elitize_generation_data,266,15,0.802,NA
268,33,scrabble-score,tourney,FALSE,20,elitize_generation_data,267,13,0.799,NA
269,33,scrabble-score,tourney,FALSE,20,elitize_generation_data,268,11,0.788,NA
270,33,scrabble-score,tourney,FALSE,20,elitize_generation_data,269,13,0.8,NA
271,33,scrabble-score,tourney,FALSE,20,elitize_generation_data,270,9,0.832,NA
272,33,scrabble-score,tourney,FALSE,20,elitize_generation_data,271,11,0.811,NA
273,33,scrabble-score,tourney,FALSE,20,elitize_generation_data,272,11,0.807,NA
274,33,scrabble-score,tourney,FALSE,20,elitize_generation_data,273,11,0.818,NA
275,33,scrabble-score,tourney,FALSE,20,elitize_generation_data,274,9,0.796,NA
276,33,scrabble-score,tourney,FALSE,20,elitize_generation_data,275,14,0.83,NA
277,33,scrabble-score,tourney,FALSE,20,elitize_generation_data,276,11,0.837,NA
278,33,scrabble-score,tourney,FALSE,20,elitize_generation_data,277,10,0.825,NA
279,33,scrabble-score,tourney,FALSE,20,elitize_generation_data,278,11,0.835,NA
280,33,scrabble-score,tourney,FALSE,20,elitize_generation_data,279,12,0.816,NA
281,33,scrabble-score,tourney,FALSE,20,elitize_generation_data,280,8,0.846,NA
282,33,scrabble-score,tourney,FALSE,20,elitize_generation_data,281,15,0.833,NA
283,33,scrabble-score,tourney,FALSE,20,elitize_generation_data,282,15,0.83,NA
284,33,scrabble-score,tourney,FALSE,20,elitize_generation_data,283,18,0.846,NA
285,33,scrabble-score,tourney,FALSE,20,elitize_generation_data,284,9,0.827,NA
286,33,scrabble-score,tourney,FALSE,20,elitize_generation_data,285,13,0.799,NA
287,33,scrabble-score,tourney,FALSE,20,elitize_generation_data,286,8,0.83,NA
288,33,scrabble-score,tourney,FALSE,20,elitize_generation_data,287,10,0.82,NA
289,33,scrabble-score,tourney,FALSE,20,elitize_generation_data,288,8,0.81,NA
290,33,scrabble-score,tourney,FALSE,20,elitize_generation_data,289,9,0.803,NA
291,33,scrabble-score,tourney,FALSE,20,elitize_generation_data,290,8,0.788,NA
292,33,scrabble-score,tourney,FALSE,20,elitize_generation_data,291,11,0.793,NA
293,33,scrabble-score,tourney,FALSE,20,elitize_generation_data,292,10,0.794,NA
294,33,scrabble-score,tourney,FALSE,20,elitize_generation_data,293,6,0.808,NA
295,33,scrabble-score,tourney,FALSE,20,elitize_generation_data,294,13,0.813,NA
296,33,scrabble-score,tourney,FALSE,20,elitize_generation_data,295,12,0.806,NA
297,33,scrabble-score,tourney,FALSE,20,elitize_generation_data,296,7,0.816,NA
298,33,scrabble-score,tourney,FALSE,20,elitize_generation_data,297,15,0.819,NA
299,33,scrabble-score,tourney,FALSE,20,elitize_generation_data,298,15,0.833,NA
300,33,scrabble-score,tourney,FALSE,20,elitize_generation_data,299,12,0.827,NA
301,33,scrabble-score,tourney,FALSE,20,elitize_generation_data,300,9,0.821,NA
