,run.num,problem,treatment,succeeded,height,normalization.function,generation,cluster.count,error.diversity,success.generation
1,64,scrabble-score,tourney,FALSE,20,elitize_generation_data,0,3,0.112,NA
2,64,scrabble-score,tourney,FALSE,20,elitize_generation_data,1,5,0.105,NA
3,64,scrabble-score,tourney,FALSE,20,elitize_generation_data,2,3,0.098,NA
4,64,scrabble-score,tourney,FALSE,20,elitize_generation_data,3,4,0.079,NA
5,64,scrabble-score,tourney,FALSE,20,elitize_generation_data,4,8,0.077,NA
6,64,scrabble-score,tourney,FALSE,20,elitize_generation_data,5,8,0.123,NA
7,64,scrabble-score,tourney,FALSE,20,elitize_generation_data,6,4,0.181,NA
8,64,scrabble-score,tourney,FALSE,20,elitize_generation_data,7,4,0.169,NA
9,64,scrabble-score,tourney,FALSE,20,elitize_generation_data,8,7,0.149,NA
10,64,scrabble-score,tourney,FALSE,20,elitize_generation_data,9,6,0.174,NA
11,64,scrabble-score,tourney,FALSE,20,elitize_generation_data,10,11,0.215,NA
12,64,scrabble-score,tourney,FALSE,20,elitize_generation_data,11,9,0.277,NA
13,64,scrabble-score,tourney,FALSE,20,elitize_generation_data,12,6,0.246,NA
14,64,scrabble-score,tourney,FALSE,20,elitize_generation_data,13,7,0.267,NA
15,64,scrabble-score,tourney,FALSE,20,elitize_generation_data,14,5,0.332,NA
16,64,scrabble-score,tourney,FALSE,20,elitize_generation_data,15,8,0.367,NA
17,64,scrabble-score,tourney,FALSE,20,elitize_generation_data,16,10,0.382,NA
18,64,scrabble-score,tourney,FALSE,20,elitize_generation_data,17,8,0.404,NA
19,64,scrabble-score,tourney,FALSE,20,elitize_generation_data,18,7,0.424,NA
20,64,scrabble-score,tourney,FALSE,20,elitize_generation_data,19,10,0.394,NA
21,64,scrabble-score,tourney,FALSE,20,elitize_generation_data,20,9,0.386,NA
22,64,scrabble-score,tourney,FALSE,20,elitize_generation_data,21,10,0.375,NA
23,64,scrabble-score,tourney,FALSE,20,elitize_generation_data,22,11,0.448,NA
24,64,scrabble-score,tourney,FALSE,20,elitize_generation_data,23,11,0.499,NA
25,64,scrabble-score,tourney,FALSE,20,elitize_generation_data,24,10,0.485,NA
26,64,scrabble-score,tourney,FALSE,20,elitize_generation_data,25,13,0.5,NA
27,64,scrabble-score,tourney,FALSE,20,elitize_generation_data,26,9,0.483,NA
28,64,scrabble-score,tourney,FALSE,20,elitize_generation_data,27,10,0.514,NA
29,64,scrabble-score,tourney,FALSE,20,elitize_generation_data,28,9,0.535,NA
30,64,scrabble-score,tourney,FALSE,20,elitize_generation_data,29,10,0.547,NA
31,64,scrabble-score,tourney,FALSE,20,elitize_generation_data,30,7,0.607,NA
32,64,scrabble-score,tourney,FALSE,20,elitize_generation_data,31,10,0.614,NA
33,64,scrabble-score,tourney,FALSE,20,elitize_generation_data,32,11,0.673,NA
34,64,scrabble-score,tourney,FALSE,20,elitize_generation_data,33,11,0.713,NA
35,64,scrabble-score,tourney,FALSE,20,elitize_generation_data,34,6,0.701,NA
36,64,scrabble-score,tourney,FALSE,20,elitize_generation_data,35,7,0.739,NA
37,64,scrabble-score,tourney,FALSE,20,elitize_generation_data,36,8,0.694,NA
38,64,scrabble-score,tourney,FALSE,20,elitize_generation_data,37,10,0.702,NA
39,64,scrabble-score,tourney,FALSE,20,elitize_generation_data,38,6,0.69,NA
40,64,scrabble-score,tourney,FALSE,20,elitize_generation_data,39,5,0.713,NA
41,64,scrabble-score,tourney,FALSE,20,elitize_generation_data,40,5,0.682,NA
42,64,scrabble-score,tourney,FALSE,20,elitize_generation_data,41,8,0.672,NA
43,64,scrabble-score,tourney,FALSE,20,elitize_generation_data,42,7,0.659,NA
44,64,scrabble-score,tourney,FALSE,20,elitize_generation_data,43,8,0.629,NA
45,64,scrabble-score,tourney,FALSE,20,elitize_generation_data,44,7,0.648,NA
46,64,scrabble-score,tourney,FALSE,20,elitize_generation_data,45,10,0.638,NA
47,64,scrabble-score,tourney,FALSE,20,elitize_generation_data,46,7,0.639,NA
48,64,scrabble-score,tourney,FALSE,20,elitize_generation_data,47,5,0.65,NA
49,64,scrabble-score,tourney,FALSE,20,elitize_generation_data,48,7,0.656,NA
50,64,scrabble-score,tourney,FALSE,20,elitize_generation_data,49,9,0.673,NA
51,64,scrabble-score,tourney,FALSE,20,elitize_generation_data,50,5,0.663,NA
52,64,scrabble-score,tourney,FALSE,20,elitize_generation_data,51,7,0.679,NA
53,64,scrabble-score,tourney,FALSE,20,elitize_generation_data,52,7,0.674,NA
54,64,scrabble-score,tourney,FALSE,20,elitize_generation_data,53,6,0.696,NA
55,64,scrabble-score,tourney,FALSE,20,elitize_generation_data,54,8,0.708,NA
56,64,scrabble-score,tourney,FALSE,20,elitize_generation_data,55,9,0.702,NA
57,64,scrabble-score,tourney,FALSE,20,elitize_generation_data,56,9,0.737,NA
58,64,scrabble-score,tourney,FALSE,20,elitize_generation_data,57,8,0.705,NA
59,64,scrabble-score,tourney,FALSE,20,elitize_generation_data,58,4,0.722,NA
60,64,scrabble-score,tourney,FALSE,20,elitize_generation_data,59,6,0.743,NA
61,64,scrabble-score,tourney,FALSE,20,elitize_generation_data,60,7,0.763,NA
62,64,scrabble-score,tourney,FALSE,20,elitize_generation_data,61,5,0.787,NA
63,64,scrabble-score,tourney,FALSE,20,elitize_generation_data,62,9,0.774,NA
64,64,scrabble-score,tourney,FALSE,20,elitize_generation_data,63,7,0.788,NA
65,64,scrabble-score,tourney,FALSE,20,elitize_generation_data,64,6,0.789,NA
66,64,scrabble-score,tourney,FALSE,20,elitize_generation_data,65,6,0.789,NA
67,64,scrabble-score,tourney,FALSE,20,elitize_generation_data,66,5,0.808,NA
68,64,scrabble-score,tourney,FALSE,20,elitize_generation_data,67,5,0.814,NA
69,64,scrabble-score,tourney,FALSE,20,elitize_generation_data,68,7,0.803,NA
70,64,scrabble-score,tourney,FALSE,20,elitize_generation_data,69,4,0.81,NA
71,64,scrabble-score,tourney,FALSE,20,elitize_generation_data,70,6,0.831,NA
72,64,scrabble-score,tourney,FALSE,20,elitize_generation_data,71,5,0.829,NA
73,64,scrabble-score,tourney,FALSE,20,elitize_generation_data,72,5,0.826,NA
74,64,scrabble-score,tourney,FALSE,20,elitize_generation_data,73,8,0.839,NA
75,64,scrabble-score,tourney,FALSE,20,elitize_generation_data,74,4,0.862,NA
76,64,scrabble-score,tourney,FALSE,20,elitize_generation_data,75,6,0.846,NA
77,64,scrabble-score,tourney,FALSE,20,elitize_generation_data,76,5,0.87,NA
78,64,scrabble-score,tourney,FALSE,20,elitize_generation_data,77,8,0.852,NA
79,64,scrabble-score,tourney,FALSE,20,elitize_generation_data,78,4,0.856,NA
80,64,scrabble-score,tourney,FALSE,20,elitize_generation_data,79,5,0.859,NA
81,64,scrabble-score,tourney,FALSE,20,elitize_generation_data,80,5,0.843,NA
82,64,scrabble-score,tourney,FALSE,20,elitize_generation_data,81,9,0.869,NA
83,64,scrabble-score,tourney,FALSE,20,elitize_generation_data,82,3,0.881,NA
84,64,scrabble-score,tourney,FALSE,20,elitize_generation_data,83,6,0.865,NA
85,64,scrabble-score,tourney,FALSE,20,elitize_generation_data,84,6,0.839,NA
86,64,scrabble-score,tourney,FALSE,20,elitize_generation_data,85,8,0.862,NA
87,64,scrabble-score,tourney,FALSE,20,elitize_generation_data,86,8,0.865,NA
88,64,scrabble-score,tourney,FALSE,20,elitize_generation_data,87,6,0.836,NA
89,64,scrabble-score,tourney,FALSE,20,elitize_generation_data,88,9,0.837,NA
90,64,scrabble-score,tourney,FALSE,20,elitize_generation_data,89,7,0.849,NA
91,64,scrabble-score,tourney,FALSE,20,elitize_generation_data,90,6,0.858,NA
92,64,scrabble-score,tourney,FALSE,20,elitize_generation_data,91,9,0.852,NA
93,64,scrabble-score,tourney,FALSE,20,elitize_generation_data,92,10,0.847,NA
94,64,scrabble-score,tourney,FALSE,20,elitize_generation_data,93,6,0.849,NA
95,64,scrabble-score,tourney,FALSE,20,elitize_generation_data,94,6,0.858,NA
96,64,scrabble-score,tourney,FALSE,20,elitize_generation_data,95,6,0.853,NA
97,64,scrabble-score,tourney,FALSE,20,elitize_generation_data,96,7,0.847,NA
98,64,scrabble-score,tourney,FALSE,20,elitize_generation_data,97,4,0.858,NA
99,64,scrabble-score,tourney,FALSE,20,elitize_generation_data,98,4,0.887,NA
100,64,scrabble-score,tourney,FALSE,20,elitize_generation_data,99,7,0.895,NA
101,64,scrabble-score,tourney,FALSE,20,elitize_generation_data,100,8,0.885,NA
102,64,scrabble-score,tourney,FALSE,20,elitize_generation_data,101,6,0.889,NA
103,64,scrabble-score,tourney,FALSE,20,elitize_generation_data,102,5,0.879,NA
104,64,scrabble-score,tourney,FALSE,20,elitize_generation_data,103,9,0.875,NA
105,64,scrabble-score,tourney,FALSE,20,elitize_generation_data,104,7,0.88,NA
106,64,scrabble-score,tourney,FALSE,20,elitize_generation_data,105,8,0.855,NA
107,64,scrabble-score,tourney,FALSE,20,elitize_generation_data,106,4,0.844,NA
108,64,scrabble-score,tourney,FALSE,20,elitize_generation_data,107,7,0.857,NA
109,64,scrabble-score,tourney,FALSE,20,elitize_generation_data,108,6,0.873,NA
110,64,scrabble-score,tourney,FALSE,20,elitize_generation_data,109,9,0.86,NA
111,64,scrabble-score,tourney,FALSE,20,elitize_generation_data,110,6,0.868,NA
112,64,scrabble-score,tourney,FALSE,20,elitize_generation_data,111,9,0.872,NA
113,64,scrabble-score,tourney,FALSE,20,elitize_generation_data,112,6,0.863,NA
114,64,scrabble-score,tourney,FALSE,20,elitize_generation_data,113,10,0.861,NA
115,64,scrabble-score,tourney,FALSE,20,elitize_generation_data,114,8,0.843,NA
116,64,scrabble-score,tourney,FALSE,20,elitize_generation_data,115,6,0.861,NA
117,64,scrabble-score,tourney,FALSE,20,elitize_generation_data,116,4,0.858,NA
118,64,scrabble-score,tourney,FALSE,20,elitize_generation_data,117,6,0.868,NA
119,64,scrabble-score,tourney,FALSE,20,elitize_generation_data,118,6,0.867,NA
120,64,scrabble-score,tourney,FALSE,20,elitize_generation_data,119,5,0.876,NA
121,64,scrabble-score,tourney,FALSE,20,elitize_generation_data,120,9,0.866,NA
122,64,scrabble-score,tourney,FALSE,20,elitize_generation_data,121,6,0.891,NA
123,64,scrabble-score,tourney,FALSE,20,elitize_generation_data,122,6,0.884,NA
124,64,scrabble-score,tourney,FALSE,20,elitize_generation_data,123,6,0.869,NA
125,64,scrabble-score,tourney,FALSE,20,elitize_generation_data,124,6,0.861,NA
126,64,scrabble-score,tourney,FALSE,20,elitize_generation_data,125,8,0.888,NA
127,64,scrabble-score,tourney,FALSE,20,elitize_generation_data,126,7,0.87,NA
128,64,scrabble-score,tourney,FALSE,20,elitize_generation_data,127,7,0.86,NA
129,64,scrabble-score,tourney,FALSE,20,elitize_generation_data,128,8,0.865,NA
130,64,scrabble-score,tourney,FALSE,20,elitize_generation_data,129,7,0.868,NA
131,64,scrabble-score,tourney,FALSE,20,elitize_generation_data,130,10,0.872,NA
132,64,scrabble-score,tourney,FALSE,20,elitize_generation_data,131,8,0.87,NA
133,64,scrabble-score,tourney,FALSE,20,elitize_generation_data,132,5,0.881,NA
134,64,scrabble-score,tourney,FALSE,20,elitize_generation_data,133,7,0.877,NA
135,64,scrabble-score,tourney,FALSE,20,elitize_generation_data,134,7,0.874,NA
136,64,scrabble-score,tourney,FALSE,20,elitize_generation_data,135,7,0.869,NA
137,64,scrabble-score,tourney,FALSE,20,elitize_generation_data,136,9,0.886,NA
138,64,scrabble-score,tourney,FALSE,20,elitize_generation_data,137,7,0.884,NA
139,64,scrabble-score,tourney,FALSE,20,elitize_generation_data,138,7,0.87,NA
140,64,scrabble-score,tourney,FALSE,20,elitize_generation_data,139,10,0.881,NA
141,64,scrabble-score,tourney,FALSE,20,elitize_generation_data,140,8,0.913,NA
142,64,scrabble-score,tourney,FALSE,20,elitize_generation_data,141,5,0.891,NA
143,64,scrabble-score,tourney,FALSE,20,elitize_generation_data,142,6,0.879,NA
144,64,scrabble-score,tourney,FALSE,20,elitize_generation_data,143,9,0.888,NA
145,64,scrabble-score,tourney,FALSE,20,elitize_generation_data,144,7,0.905,NA
146,64,scrabble-score,tourney,FALSE,20,elitize_generation_data,145,5,0.903,NA
147,64,scrabble-score,tourney,FALSE,20,elitize_generation_data,146,6,0.891,NA
148,64,scrabble-score,tourney,FALSE,20,elitize_generation_data,147,3,0.885,NA
149,64,scrabble-score,tourney,FALSE,20,elitize_generation_data,148,3,0.892,NA
150,64,scrabble-score,tourney,FALSE,20,elitize_generation_data,149,6,0.909,NA
151,64,scrabble-score,tourney,FALSE,20,elitize_generation_data,150,2,0.878,NA
152,64,scrabble-score,tourney,FALSE,20,elitize_generation_data,151,5,0.888,NA
153,64,scrabble-score,tourney,FALSE,20,elitize_generation_data,152,6,0.887,NA
154,64,scrabble-score,tourney,FALSE,20,elitize_generation_data,153,4,0.875,NA
155,64,scrabble-score,tourney,FALSE,20,elitize_generation_data,154,5,0.865,NA
156,64,scrabble-score,tourney,FALSE,20,elitize_generation_data,155,7,0.874,NA
157,64,scrabble-score,tourney,FALSE,20,elitize_generation_data,156,6,0.878,NA
158,64,scrabble-score,tourney,FALSE,20,elitize_generation_data,157,8,0.861,NA
159,64,scrabble-score,tourney,FALSE,20,elitize_generation_data,158,8,0.847,NA
160,64,scrabble-score,tourney,FALSE,20,elitize_generation_data,159,8,0.867,NA
161,64,scrabble-score,tourney,FALSE,20,elitize_generation_data,160,8,0.858,NA
162,64,scrabble-score,tourney,FALSE,20,elitize_generation_data,161,9,0.866,NA
163,64,scrabble-score,tourney,FALSE,20,elitize_generation_data,162,7,0.871,NA
164,64,scrabble-score,tourney,FALSE,20,elitize_generation_data,163,8,0.87,NA
165,64,scrabble-score,tourney,FALSE,20,elitize_generation_data,164,10,0.859,NA
166,64,scrabble-score,tourney,FALSE,20,elitize_generation_data,165,6,0.861,NA
167,64,scrabble-score,tourney,FALSE,20,elitize_generation_data,166,8,0.864,NA
168,64,scrabble-score,tourney,FALSE,20,elitize_generation_data,167,7,0.849,NA
169,64,scrabble-score,tourney,FALSE,20,elitize_generation_data,168,6,0.857,NA
170,64,scrabble-score,tourney,FALSE,20,elitize_generation_data,169,7,0.877,NA
171,64,scrabble-score,tourney,FALSE,20,elitize_generation_data,170,10,0.876,NA
172,64,scrabble-score,tourney,FALSE,20,elitize_generation_data,171,6,0.853,NA
173,64,scrabble-score,tourney,FALSE,20,elitize_generation_data,172,8,0.863,NA
174,64,scrabble-score,tourney,FALSE,20,elitize_generation_data,173,7,0.867,NA
175,64,scrabble-score,tourney,FALSE,20,elitize_generation_data,174,5,0.851,NA
176,64,scrabble-score,tourney,FALSE,20,elitize_generation_data,175,6,0.849,NA
177,64,scrabble-score,tourney,FALSE,20,elitize_generation_data,176,6,0.846,NA
178,64,scrabble-score,tourney,FALSE,20,elitize_generation_data,177,6,0.833,NA
179,64,scrabble-score,tourney,FALSE,20,elitize_generation_data,178,8,0.847,NA
180,64,scrabble-score,tourney,FALSE,20,elitize_generation_data,179,6,0.865,NA
181,64,scrabble-score,tourney,FALSE,20,elitize_generation_data,180,7,0.836,NA
182,64,scrabble-score,tourney,FALSE,20,elitize_generation_data,181,7,0.835,NA
183,64,scrabble-score,tourney,FALSE,20,elitize_generation_data,182,7,0.875,NA
184,64,scrabble-score,tourney,FALSE,20,elitize_generation_data,183,8,0.848,NA
185,64,scrabble-score,tourney,FALSE,20,elitize_generation_data,184,9,0.863,NA
186,64,scrabble-score,tourney,FALSE,20,elitize_generation_data,185,4,0.86,NA
187,64,scrabble-score,tourney,FALSE,20,elitize_generation_data,186,7,0.857,NA
188,64,scrabble-score,tourney,FALSE,20,elitize_generation_data,187,8,0.847,NA
189,64,scrabble-score,tourney,FALSE,20,elitize_generation_data,188,6,0.842,NA
190,64,scrabble-score,tourney,FALSE,20,elitize_generation_data,189,6,0.846,NA
191,64,scrabble-score,tourney,FALSE,20,elitize_generation_data,190,7,0.846,NA
192,64,scrabble-score,tourney,FALSE,20,elitize_generation_data,191,6,0.87,NA
193,64,scrabble-score,tourney,FALSE,20,elitize_generation_data,192,5,0.836,NA
194,64,scrabble-score,tourney,FALSE,20,elitize_generation_data,193,9,0.847,NA
195,64,scrabble-score,tourney,FALSE,20,elitize_generation_data,194,5,0.854,NA
196,64,scrabble-score,tourney,FALSE,20,elitize_generation_data,195,5,0.872,NA
197,64,scrabble-score,tourney,FALSE,20,elitize_generation_data,196,5,0.85,NA
198,64,scrabble-score,tourney,FALSE,20,elitize_generation_data,197,9,0.867,NA
199,64,scrabble-score,tourney,FALSE,20,elitize_generation_data,198,6,0.87,NA
200,64,scrabble-score,tourney,FALSE,20,elitize_generation_data,199,9,0.84,NA
201,64,scrabble-score,tourney,FALSE,20,elitize_generation_data,200,5,0.844,NA
202,64,scrabble-score,tourney,FALSE,20,elitize_generation_data,201,6,0.84,NA
203,64,scrabble-score,tourney,FALSE,20,elitize_generation_data,202,5,0.835,NA
204,64,scrabble-score,tourney,FALSE,20,elitize_generation_data,203,6,0.856,NA
205,64,scrabble-score,tourney,FALSE,20,elitize_generation_data,204,7,0.839,NA
206,64,scrabble-score,tourney,FALSE,20,elitize_generation_data,205,5,0.849,NA
207,64,scrabble-score,tourney,FALSE,20,elitize_generation_data,206,5,0.873,NA
208,64,scrabble-score,tourney,FALSE,20,elitize_generation_data,207,5,0.855,NA
209,64,scrabble-score,tourney,FALSE,20,elitize_generation_data,208,6,0.855,NA
210,64,scrabble-score,tourney,FALSE,20,elitize_generation_data,209,5,0.827,NA
211,64,scrabble-score,tourney,FALSE,20,elitize_generation_data,210,6,0.842,NA
212,64,scrabble-score,tourney,FALSE,20,elitize_generation_data,211,5,0.838,NA
213,64,scrabble-score,tourney,FALSE,20,elitize_generation_data,212,8,0.86,NA
214,64,scrabble-score,tourney,FALSE,20,elitize_generation_data,213,6,0.853,NA
215,64,scrabble-score,tourney,FALSE,20,elitize_generation_data,214,7,0.835,NA
216,64,scrabble-score,tourney,FALSE,20,elitize_generation_data,215,7,0.834,NA
217,64,scrabble-score,tourney,FALSE,20,elitize_generation_data,216,6,0.858,NA
218,64,scrabble-score,tourney,FALSE,20,elitize_generation_data,217,6,0.862,NA
219,64,scrabble-score,tourney,FALSE,20,elitize_generation_data,218,4,0.848,NA
220,64,scrabble-score,tourney,FALSE,20,elitize_generation_data,219,7,0.842,NA
221,64,scrabble-score,tourney,FALSE,20,elitize_generation_data,220,6,0.84,NA
222,64,scrabble-score,tourney,FALSE,20,elitize_generation_data,221,5,0.859,NA
223,64,scrabble-score,tourney,FALSE,20,elitize_generation_data,222,8,0.865,NA
224,64,scrabble-score,tourney,FALSE,20,elitize_generation_data,223,4,0.863,NA
225,64,scrabble-score,tourney,FALSE,20,elitize_generation_data,224,6,0.862,NA
226,64,scrabble-score,tourney,FALSE,20,elitize_generation_data,225,9,0.862,NA
227,64,scrabble-score,tourney,FALSE,20,elitize_generation_data,226,6,0.89,NA
228,64,scrabble-score,tourney,FALSE,20,elitize_generation_data,227,6,0.879,NA
229,64,scrabble-score,tourney,FALSE,20,elitize_generation_data,228,5,0.883,NA
230,64,scrabble-score,tourney,FALSE,20,elitize_generation_data,229,7,0.892,NA
231,64,scrabble-score,tourney,FALSE,20,elitize_generation_data,230,5,0.863,NA
232,64,scrabble-score,tourney,FALSE,20,elitize_generation_data,231,9,0.88,NA
233,64,scrabble-score,tourney,FALSE,20,elitize_generation_data,232,6,0.883,NA
234,64,scrabble-score,tourney,FALSE,20,elitize_generation_data,233,6,0.879,NA
235,64,scrabble-score,tourney,FALSE,20,elitize_generation_data,234,5,0.87,NA
236,64,scrabble-score,tourney,FALSE,20,elitize_generation_data,235,6,0.882,NA
237,64,scrabble-score,tourney,FALSE,20,elitize_generation_data,236,7,0.902,NA
238,64,scrabble-score,tourney,FALSE,20,elitize_generation_data,237,5,0.913,NA
239,64,scrabble-score,tourney,FALSE,20,elitize_generation_data,238,4,0.916,NA
240,64,scrabble-score,tourney,FALSE,20,elitize_generation_data,239,6,0.904,NA
241,64,scrabble-score,tourney,FALSE,20,elitize_generation_data,240,4,0.92,NA
242,64,scrabble-score,tourney,FALSE,20,elitize_generation_data,241,7,0.889,NA
243,64,scrabble-score,tourney,FALSE,20,elitize_generation_data,242,7,0.894,NA
244,64,scrabble-score,tourney,FALSE,20,elitize_generation_data,243,4,0.906,NA
245,64,scrabble-score,tourney,FALSE,20,elitize_generation_data,244,6,0.911,NA
246,64,scrabble-score,tourney,FALSE,20,elitize_generation_data,245,8,0.898,NA
247,64,scrabble-score,tourney,FALSE,20,elitize_generation_data,246,5,0.91,NA
248,64,scrabble-score,tourney,FALSE,20,elitize_generation_data,247,6,0.882,NA
249,64,scrabble-score,tourney,FALSE,20,elitize_generation_data,248,7,0.903,NA
250,64,scrabble-score,tourney,FALSE,20,elitize_generation_data,249,5,0.894,NA
251,64,scrabble-score,tourney,FALSE,20,elitize_generation_data,250,7,0.881,NA
252,64,scrabble-score,tourney,FALSE,20,elitize_generation_data,251,6,0.908,NA
253,64,scrabble-score,tourney,FALSE,20,elitize_generation_data,252,7,0.905,NA
254,64,scrabble-score,tourney,FALSE,20,elitize_generation_data,253,5,0.898,NA
255,64,scrabble-score,tourney,FALSE,20,elitize_generation_data,254,7,0.915,NA
256,64,scrabble-score,tourney,FALSE,20,elitize_generation_data,255,5,0.923,NA
257,64,scrabble-score,tourney,FALSE,20,elitize_generation_data,256,8,0.899,NA
258,64,scrabble-score,tourney,FALSE,20,elitize_generation_data,257,5,0.9,NA
259,64,scrabble-score,tourney,FALSE,20,elitize_generation_data,258,6,0.902,NA
260,64,scrabble-score,tourney,FALSE,20,elitize_generation_data,259,7,0.895,NA
261,64,scrabble-score,tourney,FALSE,20,elitize_generation_data,260,6,0.918,NA
262,64,scrabble-score,tourney,FALSE,20,elitize_generation_data,261,7,0.919,NA
263,64,scrabble-score,tourney,FALSE,20,elitize_generation_data,262,5,0.9,NA
264,64,scrabble-score,tourney,FALSE,20,elitize_generation_data,263,6,0.901,NA
265,64,scrabble-score,tourney,FALSE,20,elitize_generation_data,264,8,0.906,NA
266,64,scrabble-score,tourney,FALSE,20,elitize_generation_data,265,6,0.893,NA
267,64,scrabble-score,tourney,FALSE,20,elitize_generation_data,266,9,0.916,NA
268,64,scrabble-score,tourney,FALSE,20,elitize_generation_data,267,6,0.914,NA
269,64,scrabble-score,tourney,FALSE,20,elitize_generation_data,268,5,0.907,NA
270,64,scrabble-score,tourney,FALSE,20,elitize_generation_data,269,5,0.91,NA
271,64,scrabble-score,tourney,FALSE,20,elitize_generation_data,270,6,0.922,NA
272,64,scrabble-score,tourney,FALSE,20,elitize_generation_data,271,6,0.918,NA
273,64,scrabble-score,tourney,FALSE,20,elitize_generation_data,272,6,0.93,NA
274,64,scrabble-score,tourney,FALSE,20,elitize_generation_data,273,9,0.942,NA
275,64,scrabble-score,tourney,FALSE,20,elitize_generation_data,274,5,0.936,NA
276,64,scrabble-score,tourney,FALSE,20,elitize_generation_data,275,6,0.92,NA
277,64,scrabble-score,tourney,FALSE,20,elitize_generation_data,276,7,0.917,NA
278,64,scrabble-score,tourney,FALSE,20,elitize_generation_data,277,6,0.929,NA
279,64,scrabble-score,tourney,FALSE,20,elitize_generation_data,278,5,0.923,NA
280,64,scrabble-score,tourney,FALSE,20,elitize_generation_data,279,8,0.927,NA
281,64,scrabble-score,tourney,FALSE,20,elitize_generation_data,280,7,0.918,NA
282,64,scrabble-score,tourney,FALSE,20,elitize_generation_data,281,9,0.912,NA
283,64,scrabble-score,tourney,FALSE,20,elitize_generation_data,282,7,0.929,NA
284,64,scrabble-score,tourney,FALSE,20,elitize_generation_data,283,3,0.914,NA
285,64,scrabble-score,tourney,FALSE,20,elitize_generation_data,284,8,0.903,NA
286,64,scrabble-score,tourney,FALSE,20,elitize_generation_data,285,10,0.908,NA
287,64,scrabble-score,tourney,FALSE,20,elitize_generation_data,286,8,0.909,NA
288,64,scrabble-score,tourney,FALSE,20,elitize_generation_data,287,7,0.904,NA
289,64,scrabble-score,tourney,FALSE,20,elitize_generation_data,288,5,0.905,NA
290,64,scrabble-score,tourney,FALSE,20,elitize_generation_data,289,7,0.909,NA
291,64,scrabble-score,tourney,FALSE,20,elitize_generation_data,290,5,0.89,NA
292,64,scrabble-score,tourney,FALSE,20,elitize_generation_data,291,8,0.908,NA
293,64,scrabble-score,tourney,FALSE,20,elitize_generation_data,292,6,0.901,NA
294,64,scrabble-score,tourney,FALSE,20,elitize_generation_data,293,7,0.915,NA
295,64,scrabble-score,tourney,FALSE,20,elitize_generation_data,294,5,0.902,NA
296,64,scrabble-score,tourney,FALSE,20,elitize_generation_data,295,6,0.883,NA
297,64,scrabble-score,tourney,FALSE,20,elitize_generation_data,296,6,0.913,NA
298,64,scrabble-score,tourney,FALSE,20,elitize_generation_data,297,6,0.896,NA
299,64,scrabble-score,tourney,FALSE,20,elitize_generation_data,298,6,0.886,NA
300,64,scrabble-score,tourney,FALSE,20,elitize_generation_data,299,7,0.897,NA
301,64,scrabble-score,tourney,FALSE,20,elitize_generation_data,300,6,0.889,NA
