,run.num,problem,treatment,succeeded,height,normalization.function,generation,cluster.count,error.diversity,success.generation
1,67,scrabble-score,tourney,FALSE,20,elitize_generation_data,0,5,0.103,NA
2,67,scrabble-score,tourney,FALSE,20,elitize_generation_data,1,6,0.095,NA
3,67,scrabble-score,tourney,FALSE,20,elitize_generation_data,2,4,0.105,NA
4,67,scrabble-score,tourney,FALSE,20,elitize_generation_data,3,1,0.09,NA
5,67,scrabble-score,tourney,FALSE,20,elitize_generation_data,4,1,0.094,NA
6,67,scrabble-score,tourney,FALSE,20,elitize_generation_data,5,9,0.073,NA
7,67,scrabble-score,tourney,FALSE,20,elitize_generation_data,6,8,0.073,NA
8,67,scrabble-score,tourney,FALSE,20,elitize_generation_data,7,6,0.07,NA
9,67,scrabble-score,tourney,FALSE,20,elitize_generation_data,8,7,0.052,NA
10,67,scrabble-score,tourney,FALSE,20,elitize_generation_data,9,9,0.043,NA
11,67,scrabble-score,tourney,FALSE,20,elitize_generation_data,10,9,0.045,NA
12,67,scrabble-score,tourney,FALSE,20,elitize_generation_data,11,7,0.064,NA
13,67,scrabble-score,tourney,FALSE,20,elitize_generation_data,12,7,0.052,NA
14,67,scrabble-score,tourney,FALSE,20,elitize_generation_data,13,9,0.059,NA
15,67,scrabble-score,tourney,FALSE,20,elitize_generation_data,14,9,0.091,NA
16,67,scrabble-score,tourney,FALSE,20,elitize_generation_data,15,11,0.093,NA
17,67,scrabble-score,tourney,FALSE,20,elitize_generation_data,16,8,0.117,NA
18,67,scrabble-score,tourney,FALSE,20,elitize_generation_data,17,9,0.131,NA
19,67,scrabble-score,tourney,FALSE,20,elitize_generation_data,18,12,0.128,NA
20,67,scrabble-score,tourney,FALSE,20,elitize_generation_data,19,11,0.133,NA
21,67,scrabble-score,tourney,FALSE,20,elitize_generation_data,20,10,0.112,NA
22,67,scrabble-score,tourney,FALSE,20,elitize_generation_data,21,9,0.112,NA
23,67,scrabble-score,tourney,FALSE,20,elitize_generation_data,22,12,0.125,NA
24,67,scrabble-score,tourney,FALSE,20,elitize_generation_data,23,10,0.108,NA
25,67,scrabble-score,tourney,FALSE,20,elitize_generation_data,24,11,0.109,NA
26,67,scrabble-score,tourney,FALSE,20,elitize_generation_data,25,9,0.145,NA
27,67,scrabble-score,tourney,FALSE,20,elitize_generation_data,26,10,0.149,NA
28,67,scrabble-score,tourney,FALSE,20,elitize_generation_data,27,6,0.162,NA
29,67,scrabble-score,tourney,FALSE,20,elitize_generation_data,28,8,0.15,NA
30,67,scrabble-score,tourney,FALSE,20,elitize_generation_data,29,5,0.177,NA
31,67,scrabble-score,tourney,FALSE,20,elitize_generation_data,30,4,0.193,NA
32,67,scrabble-score,tourney,FALSE,20,elitize_generation_data,31,6,0.186,NA
33,67,scrabble-score,tourney,FALSE,20,elitize_generation_data,32,5,0.209,NA
34,67,scrabble-score,tourney,FALSE,20,elitize_generation_data,33,7,0.222,NA
35,67,scrabble-score,tourney,FALSE,20,elitize_generation_data,34,6,0.213,NA
36,67,scrabble-score,tourney,FALSE,20,elitize_generation_data,35,5,0.195,NA
37,67,scrabble-score,tourney,FALSE,20,elitize_generation_data,36,4,0.206,NA
38,67,scrabble-score,tourney,FALSE,20,elitize_generation_data,37,6,0.218,NA
39,67,scrabble-score,tourney,FALSE,20,elitize_generation_data,38,6,0.19,NA
40,67,scrabble-score,tourney,FALSE,20,elitize_generation_data,39,6,0.201,NA
41,67,scrabble-score,tourney,FALSE,20,elitize_generation_data,40,4,0.181,NA
42,67,scrabble-score,tourney,FALSE,20,elitize_generation_data,41,5,0.203,NA
43,67,scrabble-score,tourney,FALSE,20,elitize_generation_data,42,6,0.174,NA
44,67,scrabble-score,tourney,FALSE,20,elitize_generation_data,43,9,0.208,NA
45,67,scrabble-score,tourney,FALSE,20,elitize_generation_data,44,6,0.176,NA
46,67,scrabble-score,tourney,FALSE,20,elitize_generation_data,45,7,0.196,NA
47,67,scrabble-score,tourney,FALSE,20,elitize_generation_data,46,6,0.192,NA
48,67,scrabble-score,tourney,FALSE,20,elitize_generation_data,47,8,0.183,NA
49,67,scrabble-score,tourney,FALSE,20,elitize_generation_data,48,8,0.186,NA
50,67,scrabble-score,tourney,FALSE,20,elitize_generation_data,49,7,0.203,NA
51,67,scrabble-score,tourney,FALSE,20,elitize_generation_data,50,7,0.202,NA
52,67,scrabble-score,tourney,FALSE,20,elitize_generation_data,51,7,0.201,NA
53,67,scrabble-score,tourney,FALSE,20,elitize_generation_data,52,5,0.227,NA
54,67,scrabble-score,tourney,FALSE,20,elitize_generation_data,53,6,0.22,NA
55,67,scrabble-score,tourney,FALSE,20,elitize_generation_data,54,8,0.238,NA
56,67,scrabble-score,tourney,FALSE,20,elitize_generation_data,55,7,0.214,NA
57,67,scrabble-score,tourney,FALSE,20,elitize_generation_data,56,6,0.208,NA
58,67,scrabble-score,tourney,FALSE,20,elitize_generation_data,57,8,0.229,NA
59,67,scrabble-score,tourney,FALSE,20,elitize_generation_data,58,9,0.239,NA
60,67,scrabble-score,tourney,FALSE,20,elitize_generation_data,59,8,0.238,NA
61,67,scrabble-score,tourney,FALSE,20,elitize_generation_data,60,7,0.238,NA
62,67,scrabble-score,tourney,FALSE,20,elitize_generation_data,61,6,0.257,NA
63,67,scrabble-score,tourney,FALSE,20,elitize_generation_data,62,8,0.266,NA
64,67,scrabble-score,tourney,FALSE,20,elitize_generation_data,63,8,0.249,NA
65,67,scrabble-score,tourney,FALSE,20,elitize_generation_data,64,6,0.245,NA
66,67,scrabble-score,tourney,FALSE,20,elitize_generation_data,65,8,0.236,NA
67,67,scrabble-score,tourney,FALSE,20,elitize_generation_data,66,8,0.245,NA
68,67,scrabble-score,tourney,FALSE,20,elitize_generation_data,67,6,0.271,NA
69,67,scrabble-score,tourney,FALSE,20,elitize_generation_data,68,8,0.261,NA
70,67,scrabble-score,tourney,FALSE,20,elitize_generation_data,69,6,0.266,NA
71,67,scrabble-score,tourney,FALSE,20,elitize_generation_data,70,8,0.237,NA
72,67,scrabble-score,tourney,FALSE,20,elitize_generation_data,71,8,0.265,NA
73,67,scrabble-score,tourney,FALSE,20,elitize_generation_data,72,6,0.261,NA
74,67,scrabble-score,tourney,FALSE,20,elitize_generation_data,73,8,0.242,NA
75,67,scrabble-score,tourney,FALSE,20,elitize_generation_data,74,9,0.249,NA
76,67,scrabble-score,tourney,FALSE,20,elitize_generation_data,75,7,0.259,NA
77,67,scrabble-score,tourney,FALSE,20,elitize_generation_data,76,5,0.274,NA
78,67,scrabble-score,tourney,FALSE,20,elitize_generation_data,77,7,0.235,NA
79,67,scrabble-score,tourney,FALSE,20,elitize_generation_data,78,4,0.282,NA
80,67,scrabble-score,tourney,FALSE,20,elitize_generation_data,79,7,0.277,NA
81,67,scrabble-score,tourney,FALSE,20,elitize_generation_data,80,8,0.274,NA
82,67,scrabble-score,tourney,FALSE,20,elitize_generation_data,81,7,0.271,NA
83,67,scrabble-score,tourney,FALSE,20,elitize_generation_data,82,8,0.275,NA
84,67,scrabble-score,tourney,FALSE,20,elitize_generation_data,83,5,0.297,NA
85,67,scrabble-score,tourney,FALSE,20,elitize_generation_data,84,5,0.314,NA
86,67,scrabble-score,tourney,FALSE,20,elitize_generation_data,85,5,0.35,NA
87,67,scrabble-score,tourney,FALSE,20,elitize_generation_data,86,4,0.372,NA
88,67,scrabble-score,tourney,FALSE,20,elitize_generation_data,87,4,0.449,NA
89,67,scrabble-score,tourney,FALSE,20,elitize_generation_data,88,5,0.519,NA
90,67,scrabble-score,tourney,FALSE,20,elitize_generation_data,89,6,0.544,NA
91,67,scrabble-score,tourney,FALSE,20,elitize_generation_data,90,6,0.597,NA
92,67,scrabble-score,tourney,FALSE,20,elitize_generation_data,91,7,0.578,NA
93,67,scrabble-score,tourney,FALSE,20,elitize_generation_data,92,6,0.579,NA
94,67,scrabble-score,tourney,FALSE,20,elitize_generation_data,93,7,0.616,NA
95,67,scrabble-score,tourney,FALSE,20,elitize_generation_data,94,6,0.578,NA
96,67,scrabble-score,tourney,FALSE,20,elitize_generation_data,95,5,0.608,NA
97,67,scrabble-score,tourney,FALSE,20,elitize_generation_data,96,6,0.642,NA
98,67,scrabble-score,tourney,FALSE,20,elitize_generation_data,97,6,0.652,NA
99,67,scrabble-score,tourney,FALSE,20,elitize_generation_data,98,7,0.672,NA
100,67,scrabble-score,tourney,FALSE,20,elitize_generation_data,99,7,0.659,NA
101,67,scrabble-score,tourney,FALSE,20,elitize_generation_data,100,7,0.661,NA
102,67,scrabble-score,tourney,FALSE,20,elitize_generation_data,101,5,0.66,NA
103,67,scrabble-score,tourney,FALSE,20,elitize_generation_data,102,7,0.656,NA
104,67,scrabble-score,tourney,FALSE,20,elitize_generation_data,103,7,0.669,NA
105,67,scrabble-score,tourney,FALSE,20,elitize_generation_data,104,7,0.685,NA
106,67,scrabble-score,tourney,FALSE,20,elitize_generation_data,105,7,0.704,NA
107,67,scrabble-score,tourney,FALSE,20,elitize_generation_data,106,7,0.7,NA
108,67,scrabble-score,tourney,FALSE,20,elitize_generation_data,107,8,0.699,NA
109,67,scrabble-score,tourney,FALSE,20,elitize_generation_data,108,6,0.691,NA
110,67,scrabble-score,tourney,FALSE,20,elitize_generation_data,109,4,0.697,NA
111,67,scrabble-score,tourney,FALSE,20,elitize_generation_data,110,5,0.678,NA
112,67,scrabble-score,tourney,FALSE,20,elitize_generation_data,111,8,0.669,NA
113,67,scrabble-score,tourney,FALSE,20,elitize_generation_data,112,6,0.628,NA
114,67,scrabble-score,tourney,FALSE,20,elitize_generation_data,113,8,0.597,NA
115,67,scrabble-score,tourney,FALSE,20,elitize_generation_data,114,6,0.578,NA
116,67,scrabble-score,tourney,FALSE,20,elitize_generation_data,115,7,0.579,NA
117,67,scrabble-score,tourney,FALSE,20,elitize_generation_data,116,4,0.571,NA
118,67,scrabble-score,tourney,FALSE,20,elitize_generation_data,117,5,0.552,NA
119,67,scrabble-score,tourney,FALSE,20,elitize_generation_data,118,4,0.634,NA
120,67,scrabble-score,tourney,FALSE,20,elitize_generation_data,119,3,0.62,NA
121,67,scrabble-score,tourney,FALSE,20,elitize_generation_data,120,4,0.653,NA
122,67,scrabble-score,tourney,FALSE,20,elitize_generation_data,121,3,0.652,NA
123,67,scrabble-score,tourney,FALSE,20,elitize_generation_data,122,3,0.681,NA
124,67,scrabble-score,tourney,FALSE,20,elitize_generation_data,123,4,0.691,NA
125,67,scrabble-score,tourney,FALSE,20,elitize_generation_data,124,4,0.696,NA
126,67,scrabble-score,tourney,FALSE,20,elitize_generation_data,125,4,0.715,NA
127,67,scrabble-score,tourney,FALSE,20,elitize_generation_data,126,5,0.727,NA
128,67,scrabble-score,tourney,FALSE,20,elitize_generation_data,127,4,0.729,NA
129,67,scrabble-score,tourney,FALSE,20,elitize_generation_data,128,4,0.742,NA
130,67,scrabble-score,tourney,FALSE,20,elitize_generation_data,129,3,0.73,NA
131,67,scrabble-score,tourney,FALSE,20,elitize_generation_data,130,5,0.724,NA
132,67,scrabble-score,tourney,FALSE,20,elitize_generation_data,131,4,0.727,NA
133,67,scrabble-score,tourney,FALSE,20,elitize_generation_data,132,5,0.731,NA
134,67,scrabble-score,tourney,FALSE,20,elitize_generation_data,133,4,0.737,NA
135,67,scrabble-score,tourney,FALSE,20,elitize_generation_data,134,4,0.726,NA
136,67,scrabble-score,tourney,FALSE,20,elitize_generation_data,135,4,0.765,NA
137,67,scrabble-score,tourney,FALSE,20,elitize_generation_data,136,3,0.742,NA
138,67,scrabble-score,tourney,FALSE,20,elitize_generation_data,137,4,0.761,NA
139,67,scrabble-score,tourney,FALSE,20,elitize_generation_data,138,5,0.749,NA
140,67,scrabble-score,tourney,FALSE,20,elitize_generation_data,139,4,0.73,NA
141,67,scrabble-score,tourney,FALSE,20,elitize_generation_data,140,3,0.777,NA
142,67,scrabble-score,tourney,FALSE,20,elitize_generation_data,141,3,0.764,NA
143,67,scrabble-score,tourney,FALSE,20,elitize_generation_data,142,5,0.757,NA
144,67,scrabble-score,tourney,FALSE,20,elitize_generation_data,143,2,0.781,NA
145,67,scrabble-score,tourney,FALSE,20,elitize_generation_data,144,5,0.778,NA
146,67,scrabble-score,tourney,FALSE,20,elitize_generation_data,145,2,0.758,NA
147,67,scrabble-score,tourney,FALSE,20,elitize_generation_data,146,5,0.785,NA
148,67,scrabble-score,tourney,FALSE,20,elitize_generation_data,147,5,0.783,NA
149,67,scrabble-score,tourney,FALSE,20,elitize_generation_data,148,3,0.788,NA
150,67,scrabble-score,tourney,FALSE,20,elitize_generation_data,149,4,0.797,NA
151,67,scrabble-score,tourney,FALSE,20,elitize_generation_data,150,3,0.818,NA
152,67,scrabble-score,tourney,FALSE,20,elitize_generation_data,151,3,0.789,NA
153,67,scrabble-score,tourney,FALSE,20,elitize_generation_data,152,5,0.802,NA
154,67,scrabble-score,tourney,FALSE,20,elitize_generation_data,153,3,0.806,NA
155,67,scrabble-score,tourney,FALSE,20,elitize_generation_data,154,4,0.819,NA
156,67,scrabble-score,tourney,FALSE,20,elitize_generation_data,155,3,0.792,NA
157,67,scrabble-score,tourney,FALSE,20,elitize_generation_data,156,4,0.771,NA
158,67,scrabble-score,tourney,FALSE,20,elitize_generation_data,157,4,0.781,NA
159,67,scrabble-score,tourney,FALSE,20,elitize_generation_data,158,4,0.776,NA
160,67,scrabble-score,tourney,FALSE,20,elitize_generation_data,159,5,0.802,NA
161,67,scrabble-score,tourney,FALSE,20,elitize_generation_data,160,3,0.773,NA
162,67,scrabble-score,tourney,FALSE,20,elitize_generation_data,161,3,0.792,NA
163,67,scrabble-score,tourney,FALSE,20,elitize_generation_data,162,3,0.79,NA
164,67,scrabble-score,tourney,FALSE,20,elitize_generation_data,163,4,0.751,NA
165,67,scrabble-score,tourney,FALSE,20,elitize_generation_data,164,3,0.767,NA
166,67,scrabble-score,tourney,FALSE,20,elitize_generation_data,165,3,0.774,NA
167,67,scrabble-score,tourney,FALSE,20,elitize_generation_data,166,3,0.795,NA
168,67,scrabble-score,tourney,FALSE,20,elitize_generation_data,167,3,0.781,NA
169,67,scrabble-score,tourney,FALSE,20,elitize_generation_data,168,5,0.784,NA
170,67,scrabble-score,tourney,FALSE,20,elitize_generation_data,169,4,0.78,NA
171,67,scrabble-score,tourney,FALSE,20,elitize_generation_data,170,6,0.767,NA
172,67,scrabble-score,tourney,FALSE,20,elitize_generation_data,171,4,0.767,NA
173,67,scrabble-score,tourney,FALSE,20,elitize_generation_data,172,4,0.769,NA
174,67,scrabble-score,tourney,FALSE,20,elitize_generation_data,173,3,0.758,NA
175,67,scrabble-score,tourney,FALSE,20,elitize_generation_data,174,6,0.768,NA
176,67,scrabble-score,tourney,FALSE,20,elitize_generation_data,175,7,0.744,NA
177,67,scrabble-score,tourney,FALSE,20,elitize_generation_data,176,3,0.756,NA
178,67,scrabble-score,tourney,FALSE,20,elitize_generation_data,177,4,0.774,NA
179,67,scrabble-score,tourney,FALSE,20,elitize_generation_data,178,3,0.78,NA
180,67,scrabble-score,tourney,FALSE,20,elitize_generation_data,179,4,0.788,NA
181,67,scrabble-score,tourney,FALSE,20,elitize_generation_data,180,3,0.765,NA
182,67,scrabble-score,tourney,FALSE,20,elitize_generation_data,181,4,0.749,NA
183,67,scrabble-score,tourney,FALSE,20,elitize_generation_data,182,4,0.791,NA
184,67,scrabble-score,tourney,FALSE,20,elitize_generation_data,183,4,0.784,NA
185,67,scrabble-score,tourney,FALSE,20,elitize_generation_data,184,3,0.77,NA
186,67,scrabble-score,tourney,FALSE,20,elitize_generation_data,185,3,0.758,NA
187,67,scrabble-score,tourney,FALSE,20,elitize_generation_data,186,4,0.763,NA
188,67,scrabble-score,tourney,FALSE,20,elitize_generation_data,187,3,0.767,NA
189,67,scrabble-score,tourney,FALSE,20,elitize_generation_data,188,4,0.794,NA
190,67,scrabble-score,tourney,FALSE,20,elitize_generation_data,189,4,0.766,NA
191,67,scrabble-score,tourney,FALSE,20,elitize_generation_data,190,3,0.756,NA
192,67,scrabble-score,tourney,FALSE,20,elitize_generation_data,191,4,0.79,NA
193,67,scrabble-score,tourney,FALSE,20,elitize_generation_data,192,3,0.757,NA
194,67,scrabble-score,tourney,FALSE,20,elitize_generation_data,193,4,0.781,NA
195,67,scrabble-score,tourney,FALSE,20,elitize_generation_data,194,3,0.76,NA
196,67,scrabble-score,tourney,FALSE,20,elitize_generation_data,195,3,0.769,NA
197,67,scrabble-score,tourney,FALSE,20,elitize_generation_data,196,4,0.755,NA
198,67,scrabble-score,tourney,FALSE,20,elitize_generation_data,197,3,0.759,NA
199,67,scrabble-score,tourney,FALSE,20,elitize_generation_data,198,3,0.798,NA
200,67,scrabble-score,tourney,FALSE,20,elitize_generation_data,199,4,0.765,NA
201,67,scrabble-score,tourney,FALSE,20,elitize_generation_data,200,4,0.804,NA
202,67,scrabble-score,tourney,FALSE,20,elitize_generation_data,201,5,0.805,NA
203,67,scrabble-score,tourney,FALSE,20,elitize_generation_data,202,3,0.768,NA
204,67,scrabble-score,tourney,FALSE,20,elitize_generation_data,203,3,0.777,NA
205,67,scrabble-score,tourney,FALSE,20,elitize_generation_data,204,4,0.776,NA
206,67,scrabble-score,tourney,FALSE,20,elitize_generation_data,205,5,0.765,NA
207,67,scrabble-score,tourney,FALSE,20,elitize_generation_data,206,3,0.759,NA
208,67,scrabble-score,tourney,FALSE,20,elitize_generation_data,207,4,0.775,NA
209,67,scrabble-score,tourney,FALSE,20,elitize_generation_data,208,4,0.783,NA
210,67,scrabble-score,tourney,FALSE,20,elitize_generation_data,209,4,0.801,NA
211,67,scrabble-score,tourney,FALSE,20,elitize_generation_data,210,5,0.794,NA
212,67,scrabble-score,tourney,FALSE,20,elitize_generation_data,211,4,0.777,NA
213,67,scrabble-score,tourney,FALSE,20,elitize_generation_data,212,4,0.778,NA
214,67,scrabble-score,tourney,FALSE,20,elitize_generation_data,213,3,0.766,NA
215,67,scrabble-score,tourney,FALSE,20,elitize_generation_data,214,5,0.761,NA
216,67,scrabble-score,tourney,FALSE,20,elitize_generation_data,215,4,0.767,NA
217,67,scrabble-score,tourney,FALSE,20,elitize_generation_data,216,3,0.782,NA
218,67,scrabble-score,tourney,FALSE,20,elitize_generation_data,217,4,0.788,NA
219,67,scrabble-score,tourney,FALSE,20,elitize_generation_data,218,3,0.763,NA
220,67,scrabble-score,tourney,FALSE,20,elitize_generation_data,219,3,0.779,NA
221,67,scrabble-score,tourney,FALSE,20,elitize_generation_data,220,3,0.794,NA
222,67,scrabble-score,tourney,FALSE,20,elitize_generation_data,221,3,0.779,NA
223,67,scrabble-score,tourney,FALSE,20,elitize_generation_data,222,3,0.778,NA
224,67,scrabble-score,tourney,FALSE,20,elitize_generation_data,223,4,0.775,NA
225,67,scrabble-score,tourney,FALSE,20,elitize_generation_data,224,3,0.782,NA
226,67,scrabble-score,tourney,FALSE,20,elitize_generation_data,225,4,0.799,NA
227,67,scrabble-score,tourney,FALSE,20,elitize_generation_data,226,5,0.798,NA
228,67,scrabble-score,tourney,FALSE,20,elitize_generation_data,227,3,0.792,NA
229,67,scrabble-score,tourney,FALSE,20,elitize_generation_data,228,3,0.802,NA
230,67,scrabble-score,tourney,FALSE,20,elitize_generation_data,229,4,0.787,NA
231,67,scrabble-score,tourney,FALSE,20,elitize_generation_data,230,3,0.747,NA
232,67,scrabble-score,tourney,FALSE,20,elitize_generation_data,231,4,0.76,NA
233,67,scrabble-score,tourney,FALSE,20,elitize_generation_data,232,4,0.767,NA
234,67,scrabble-score,tourney,FALSE,20,elitize_generation_data,233,3,0.786,NA
235,67,scrabble-score,tourney,FALSE,20,elitize_generation_data,234,5,0.782,NA
236,67,scrabble-score,tourney,FALSE,20,elitize_generation_data,235,3,0.791,NA
237,67,scrabble-score,tourney,FALSE,20,elitize_generation_data,236,3,0.785,NA
238,67,scrabble-score,tourney,FALSE,20,elitize_generation_data,237,6,0.792,NA
239,67,scrabble-score,tourney,FALSE,20,elitize_generation_data,238,3,0.791,NA
240,67,scrabble-score,tourney,FALSE,20,elitize_generation_data,239,4,0.795,NA
241,67,scrabble-score,tourney,FALSE,20,elitize_generation_data,240,4,0.825,NA
242,67,scrabble-score,tourney,FALSE,20,elitize_generation_data,241,5,0.813,NA
243,67,scrabble-score,tourney,FALSE,20,elitize_generation_data,242,5,0.815,NA
244,67,scrabble-score,tourney,FALSE,20,elitize_generation_data,243,5,0.802,NA
245,67,scrabble-score,tourney,FALSE,20,elitize_generation_data,244,5,0.833,NA
246,67,scrabble-score,tourney,FALSE,20,elitize_generation_data,245,3,0.836,NA
247,67,scrabble-score,tourney,FALSE,20,elitize_generation_data,246,5,0.822,NA
248,67,scrabble-score,tourney,FALSE,20,elitize_generation_data,247,6,0.826,NA
249,67,scrabble-score,tourney,FALSE,20,elitize_generation_data,248,3,0.837,NA
250,67,scrabble-score,tourney,FALSE,20,elitize_generation_data,249,3,0.835,NA
251,67,scrabble-score,tourney,FALSE,20,elitize_generation_data,250,4,0.816,NA
252,67,scrabble-score,tourney,FALSE,20,elitize_generation_data,251,3,0.813,NA
253,67,scrabble-score,tourney,FALSE,20,elitize_generation_data,252,5,0.819,NA
254,67,scrabble-score,tourney,FALSE,20,elitize_generation_data,253,4,0.803,NA
255,67,scrabble-score,tourney,FALSE,20,elitize_generation_data,254,5,0.81,NA
256,67,scrabble-score,tourney,FALSE,20,elitize_generation_data,255,4,0.811,NA
257,67,scrabble-score,tourney,FALSE,20,elitize_generation_data,256,3,0.82,NA
258,67,scrabble-score,tourney,FALSE,20,elitize_generation_data,257,5,0.83,NA
259,67,scrabble-score,tourney,FALSE,20,elitize_generation_data,258,4,0.852,NA
260,67,scrabble-score,tourney,FALSE,20,elitize_generation_data,259,5,0.841,NA
261,67,scrabble-score,tourney,FALSE,20,elitize_generation_data,260,5,0.847,NA
262,67,scrabble-score,tourney,FALSE,20,elitize_generation_data,261,4,0.836,NA
263,67,scrabble-score,tourney,FALSE,20,elitize_generation_data,262,3,0.831,NA
264,67,scrabble-score,tourney,FALSE,20,elitize_generation_data,263,3,0.825,NA
265,67,scrabble-score,tourney,FALSE,20,elitize_generation_data,264,4,0.814,NA
266,67,scrabble-score,tourney,FALSE,20,elitize_generation_data,265,3,0.832,NA
267,67,scrabble-score,tourney,FALSE,20,elitize_generation_data,266,3,0.823,NA
268,67,scrabble-score,tourney,FALSE,20,elitize_generation_data,267,4,0.821,NA
269,67,scrabble-score,tourney,FALSE,20,elitize_generation_data,268,3,0.832,NA
270,67,scrabble-score,tourney,FALSE,20,elitize_generation_data,269,4,0.835,NA
271,67,scrabble-score,tourney,FALSE,20,elitize_generation_data,270,3,0.827,NA
272,67,scrabble-score,tourney,FALSE,20,elitize_generation_data,271,4,0.839,NA
273,67,scrabble-score,tourney,FALSE,20,elitize_generation_data,272,4,0.804,NA
274,67,scrabble-score,tourney,FALSE,20,elitize_generation_data,273,4,0.813,NA
275,67,scrabble-score,tourney,FALSE,20,elitize_generation_data,274,4,0.814,NA
276,67,scrabble-score,tourney,FALSE,20,elitize_generation_data,275,3,0.783,NA
277,67,scrabble-score,tourney,FALSE,20,elitize_generation_data,276,5,0.802,NA
278,67,scrabble-score,tourney,FALSE,20,elitize_generation_data,277,3,0.807,NA
279,67,scrabble-score,tourney,FALSE,20,elitize_generation_data,278,3,0.8,NA
280,67,scrabble-score,tourney,FALSE,20,elitize_generation_data,279,3,0.822,NA
281,67,scrabble-score,tourney,FALSE,20,elitize_generation_data,280,4,0.775,NA
282,67,scrabble-score,tourney,FALSE,20,elitize_generation_data,281,4,0.77,NA
283,67,scrabble-score,tourney,FALSE,20,elitize_generation_data,282,3,0.799,NA
284,67,scrabble-score,tourney,FALSE,20,elitize_generation_data,283,5,0.786,NA
285,67,scrabble-score,tourney,FALSE,20,elitize_generation_data,284,3,0.765,NA
286,67,scrabble-score,tourney,FALSE,20,elitize_generation_data,285,4,0.786,NA
287,67,scrabble-score,tourney,FALSE,20,elitize_generation_data,286,3,0.794,NA
288,67,scrabble-score,tourney,FALSE,20,elitize_generation_data,287,5,0.787,NA
289,67,scrabble-score,tourney,FALSE,20,elitize_generation_data,288,5,0.789,NA
290,67,scrabble-score,tourney,FALSE,20,elitize_generation_data,289,3,0.813,NA
291,67,scrabble-score,tourney,FALSE,20,elitize_generation_data,290,5,0.794,NA
292,67,scrabble-score,tourney,FALSE,20,elitize_generation_data,291,3,0.821,NA
293,67,scrabble-score,tourney,FALSE,20,elitize_generation_data,292,4,0.818,NA
294,67,scrabble-score,tourney,FALSE,20,elitize_generation_data,293,4,0.818,NA
295,67,scrabble-score,tourney,FALSE,20,elitize_generation_data,294,3,0.808,NA
296,67,scrabble-score,tourney,FALSE,20,elitize_generation_data,295,4,0.781,NA
297,67,scrabble-score,tourney,FALSE,20,elitize_generation_data,296,3,0.79,NA
298,67,scrabble-score,tourney,FALSE,20,elitize_generation_data,297,5,0.787,NA
299,67,scrabble-score,tourney,FALSE,20,elitize_generation_data,298,3,0.805,NA
300,67,scrabble-score,tourney,FALSE,20,elitize_generation_data,299,4,0.834,NA
301,67,scrabble-score,tourney,FALSE,20,elitize_generation_data,300,3,0.802,NA
