,run.num,problem,treatment,succeeded,height,normalization.function,generation,cluster.count,error.diversity,success.generation
1,9,scrabble-score,tourney,FALSE,20,elitize_generation_data,0,4,0.137,NA
2,9,scrabble-score,tourney,FALSE,20,elitize_generation_data,1,1,0.144,NA
3,9,scrabble-score,tourney,FALSE,20,elitize_generation_data,2,2,0.146,NA
4,9,scrabble-score,tourney,FALSE,20,elitize_generation_data,3,4,0.152,NA
5,9,scrabble-score,tourney,FALSE,20,elitize_generation_data,4,4,0.12,NA
6,9,scrabble-score,tourney,FALSE,20,elitize_generation_data,5,6,0.106,NA
7,9,scrabble-score,tourney,FALSE,20,elitize_generation_data,6,7,0.168,NA
8,9,scrabble-score,tourney,FALSE,20,elitize_generation_data,7,7,0.196,NA
9,9,scrabble-score,tourney,FALSE,20,elitize_generation_data,8,6,0.309,NA
10,9,scrabble-score,tourney,FALSE,20,elitize_generation_data,9,6,0.413,NA
11,9,scrabble-score,tourney,FALSE,20,elitize_generation_data,10,6,0.422,NA
12,9,scrabble-score,tourney,FALSE,20,elitize_generation_data,11,5,0.416,NA
13,9,scrabble-score,tourney,FALSE,20,elitize_generation_data,12,6,0.394,NA
14,9,scrabble-score,tourney,FALSE,20,elitize_generation_data,13,7,0.406,NA
15,9,scrabble-score,tourney,FALSE,20,elitize_generation_data,14,6,0.44,NA
16,9,scrabble-score,tourney,FALSE,20,elitize_generation_data,15,5,0.506,NA
17,9,scrabble-score,tourney,FALSE,20,elitize_generation_data,16,6,0.53,NA
18,9,scrabble-score,tourney,FALSE,20,elitize_generation_data,17,4,0.51,NA
19,9,scrabble-score,tourney,FALSE,20,elitize_generation_data,18,5,0.483,NA
20,9,scrabble-score,tourney,FALSE,20,elitize_generation_data,19,7,0.491,NA
21,9,scrabble-score,tourney,FALSE,20,elitize_generation_data,20,5,0.519,NA
22,9,scrabble-score,tourney,FALSE,20,elitize_generation_data,21,5,0.532,NA
23,9,scrabble-score,tourney,FALSE,20,elitize_generation_data,22,5,0.553,NA
24,9,scrabble-score,tourney,FALSE,20,elitize_generation_data,23,5,0.54,NA
25,9,scrabble-score,tourney,FALSE,20,elitize_generation_data,24,3,0.564,NA
26,9,scrabble-score,tourney,FALSE,20,elitize_generation_data,25,3,0.577,NA
27,9,scrabble-score,tourney,FALSE,20,elitize_generation_data,26,5,0.645,NA
28,9,scrabble-score,tourney,FALSE,20,elitize_generation_data,27,5,0.66,NA
29,9,scrabble-score,tourney,FALSE,20,elitize_generation_data,28,6,0.599,NA
30,9,scrabble-score,tourney,FALSE,20,elitize_generation_data,29,4,0.613,NA
31,9,scrabble-score,tourney,FALSE,20,elitize_generation_data,30,7,0.597,NA
32,9,scrabble-score,tourney,FALSE,20,elitize_generation_data,31,8,0.633,NA
33,9,scrabble-score,tourney,FALSE,20,elitize_generation_data,32,4,0.596,NA
34,9,scrabble-score,tourney,FALSE,20,elitize_generation_data,33,7,0.614,NA
35,9,scrabble-score,tourney,FALSE,20,elitize_generation_data,34,8,0.589,NA
36,9,scrabble-score,tourney,FALSE,20,elitize_generation_data,35,5,0.601,NA
37,9,scrabble-score,tourney,FALSE,20,elitize_generation_data,36,5,0.605,NA
38,9,scrabble-score,tourney,FALSE,20,elitize_generation_data,37,6,0.619,NA
39,9,scrabble-score,tourney,FALSE,20,elitize_generation_data,38,9,0.639,NA
40,9,scrabble-score,tourney,FALSE,20,elitize_generation_data,39,6,0.702,NA
41,9,scrabble-score,tourney,FALSE,20,elitize_generation_data,40,7,0.713,NA
42,9,scrabble-score,tourney,FALSE,20,elitize_generation_data,41,7,0.71,NA
43,9,scrabble-score,tourney,FALSE,20,elitize_generation_data,42,8,0.732,NA
44,9,scrabble-score,tourney,FALSE,20,elitize_generation_data,43,6,0.719,NA
45,9,scrabble-score,tourney,FALSE,20,elitize_generation_data,44,7,0.736,NA
46,9,scrabble-score,tourney,FALSE,20,elitize_generation_data,45,7,0.72,NA
47,9,scrabble-score,tourney,FALSE,20,elitize_generation_data,46,6,0.728,NA
48,9,scrabble-score,tourney,FALSE,20,elitize_generation_data,47,9,0.74,NA
49,9,scrabble-score,tourney,FALSE,20,elitize_generation_data,48,5,0.742,NA
50,9,scrabble-score,tourney,FALSE,20,elitize_generation_data,49,5,0.73,NA
51,9,scrabble-score,tourney,FALSE,20,elitize_generation_data,50,5,0.709,NA
52,9,scrabble-score,tourney,FALSE,20,elitize_generation_data,51,8,0.703,NA
53,9,scrabble-score,tourney,FALSE,20,elitize_generation_data,52,8,0.718,NA
54,9,scrabble-score,tourney,FALSE,20,elitize_generation_data,53,9,0.726,NA
55,9,scrabble-score,tourney,FALSE,20,elitize_generation_data,54,7,0.735,NA
56,9,scrabble-score,tourney,FALSE,20,elitize_generation_data,55,6,0.738,NA
57,9,scrabble-score,tourney,FALSE,20,elitize_generation_data,56,9,0.763,NA
58,9,scrabble-score,tourney,FALSE,20,elitize_generation_data,57,6,0.73,NA
59,9,scrabble-score,tourney,FALSE,20,elitize_generation_data,58,6,0.745,NA
60,9,scrabble-score,tourney,FALSE,20,elitize_generation_data,59,8,0.739,NA
61,9,scrabble-score,tourney,FALSE,20,elitize_generation_data,60,10,0.709,NA
62,9,scrabble-score,tourney,FALSE,20,elitize_generation_data,61,9,0.74,NA
63,9,scrabble-score,tourney,FALSE,20,elitize_generation_data,62,9,0.737,NA
64,9,scrabble-score,tourney,FALSE,20,elitize_generation_data,63,7,0.742,NA
65,9,scrabble-score,tourney,FALSE,20,elitize_generation_data,64,10,0.763,NA
66,9,scrabble-score,tourney,FALSE,20,elitize_generation_data,65,6,0.74,NA
67,9,scrabble-score,tourney,FALSE,20,elitize_generation_data,66,7,0.741,NA
68,9,scrabble-score,tourney,FALSE,20,elitize_generation_data,67,8,0.724,NA
69,9,scrabble-score,tourney,FALSE,20,elitize_generation_data,68,10,0.702,NA
70,9,scrabble-score,tourney,FALSE,20,elitize_generation_data,69,7,0.747,NA
71,9,scrabble-score,tourney,FALSE,20,elitize_generation_data,70,7,0.731,NA
72,9,scrabble-score,tourney,FALSE,20,elitize_generation_data,71,8,0.741,NA
73,9,scrabble-score,tourney,FALSE,20,elitize_generation_data,72,8,0.725,NA
74,9,scrabble-score,tourney,FALSE,20,elitize_generation_data,73,7,0.754,NA
75,9,scrabble-score,tourney,FALSE,20,elitize_generation_data,74,6,0.734,NA
76,9,scrabble-score,tourney,FALSE,20,elitize_generation_data,75,8,0.712,NA
77,9,scrabble-score,tourney,FALSE,20,elitize_generation_data,76,7,0.739,NA
78,9,scrabble-score,tourney,FALSE,20,elitize_generation_data,77,6,0.737,NA
79,9,scrabble-score,tourney,FALSE,20,elitize_generation_data,78,9,0.742,NA
80,9,scrabble-score,tourney,FALSE,20,elitize_generation_data,79,8,0.75,NA
81,9,scrabble-score,tourney,FALSE,20,elitize_generation_data,80,8,0.74,NA
82,9,scrabble-score,tourney,FALSE,20,elitize_generation_data,81,9,0.765,NA
83,9,scrabble-score,tourney,FALSE,20,elitize_generation_data,82,9,0.725,NA
84,9,scrabble-score,tourney,FALSE,20,elitize_generation_data,83,7,0.735,NA
85,9,scrabble-score,tourney,FALSE,20,elitize_generation_data,84,9,0.732,NA
86,9,scrabble-score,tourney,FALSE,20,elitize_generation_data,85,7,0.742,NA
87,9,scrabble-score,tourney,FALSE,20,elitize_generation_data,86,8,0.718,NA
88,9,scrabble-score,tourney,FALSE,20,elitize_generation_data,87,9,0.744,NA
89,9,scrabble-score,tourney,FALSE,20,elitize_generation_data,88,8,0.747,NA
90,9,scrabble-score,tourney,FALSE,20,elitize_generation_data,89,7,0.777,NA
91,9,scrabble-score,tourney,FALSE,20,elitize_generation_data,90,6,0.765,NA
92,9,scrabble-score,tourney,FALSE,20,elitize_generation_data,91,8,0.753,NA
93,9,scrabble-score,tourney,FALSE,20,elitize_generation_data,92,8,0.758,NA
94,9,scrabble-score,tourney,FALSE,20,elitize_generation_data,93,8,0.785,NA
95,9,scrabble-score,tourney,FALSE,20,elitize_generation_data,94,7,0.788,NA
96,9,scrabble-score,tourney,FALSE,20,elitize_generation_data,95,7,0.778,NA
97,9,scrabble-score,tourney,FALSE,20,elitize_generation_data,96,10,0.806,NA
98,9,scrabble-score,tourney,FALSE,20,elitize_generation_data,97,9,0.772,NA
99,9,scrabble-score,tourney,FALSE,20,elitize_generation_data,98,7,0.76,NA
100,9,scrabble-score,tourney,FALSE,20,elitize_generation_data,99,9,0.782,NA
101,9,scrabble-score,tourney,FALSE,20,elitize_generation_data,100,8,0.768,NA
102,9,scrabble-score,tourney,FALSE,20,elitize_generation_data,101,8,0.8,NA
103,9,scrabble-score,tourney,FALSE,20,elitize_generation_data,102,7,0.786,NA
104,9,scrabble-score,tourney,FALSE,20,elitize_generation_data,103,10,0.782,NA
105,9,scrabble-score,tourney,FALSE,20,elitize_generation_data,104,11,0.779,NA
106,9,scrabble-score,tourney,FALSE,20,elitize_generation_data,105,7,0.803,NA
107,9,scrabble-score,tourney,FALSE,20,elitize_generation_data,106,7,0.8,NA
108,9,scrabble-score,tourney,FALSE,20,elitize_generation_data,107,13,0.8,NA
109,9,scrabble-score,tourney,FALSE,20,elitize_generation_data,108,10,0.779,NA
110,9,scrabble-score,tourney,FALSE,20,elitize_generation_data,109,10,0.785,NA
111,9,scrabble-score,tourney,FALSE,20,elitize_generation_data,110,9,0.784,NA
112,9,scrabble-score,tourney,FALSE,20,elitize_generation_data,111,7,0.79,NA
113,9,scrabble-score,tourney,FALSE,20,elitize_generation_data,112,9,0.804,NA
114,9,scrabble-score,tourney,FALSE,20,elitize_generation_data,113,8,0.799,NA
115,9,scrabble-score,tourney,FALSE,20,elitize_generation_data,114,10,0.776,NA
116,9,scrabble-score,tourney,FALSE,20,elitize_generation_data,115,7,0.776,NA
117,9,scrabble-score,tourney,FALSE,20,elitize_generation_data,116,9,0.776,NA
118,9,scrabble-score,tourney,FALSE,20,elitize_generation_data,117,10,0.766,NA
119,9,scrabble-score,tourney,FALSE,20,elitize_generation_data,118,10,0.755,NA
120,9,scrabble-score,tourney,FALSE,20,elitize_generation_data,119,8,0.772,NA
121,9,scrabble-score,tourney,FALSE,20,elitize_generation_data,120,10,0.77,NA
122,9,scrabble-score,tourney,FALSE,20,elitize_generation_data,121,8,0.75,NA
123,9,scrabble-score,tourney,FALSE,20,elitize_generation_data,122,9,0.793,NA
124,9,scrabble-score,tourney,FALSE,20,elitize_generation_data,123,8,0.769,NA
125,9,scrabble-score,tourney,FALSE,20,elitize_generation_data,124,6,0.78,NA
126,9,scrabble-score,tourney,FALSE,20,elitize_generation_data,125,12,0.807,NA
127,9,scrabble-score,tourney,FALSE,20,elitize_generation_data,126,10,0.776,NA
128,9,scrabble-score,tourney,FALSE,20,elitize_generation_data,127,11,0.783,NA
129,9,scrabble-score,tourney,FALSE,20,elitize_generation_data,128,9,0.763,NA
130,9,scrabble-score,tourney,FALSE,20,elitize_generation_data,129,10,0.794,NA
131,9,scrabble-score,tourney,FALSE,20,elitize_generation_data,130,9,0.765,NA
132,9,scrabble-score,tourney,FALSE,20,elitize_generation_data,131,10,0.775,NA
133,9,scrabble-score,tourney,FALSE,20,elitize_generation_data,132,10,0.773,NA
134,9,scrabble-score,tourney,FALSE,20,elitize_generation_data,133,9,0.783,NA
135,9,scrabble-score,tourney,FALSE,20,elitize_generation_data,134,9,0.758,NA
136,9,scrabble-score,tourney,FALSE,20,elitize_generation_data,135,9,0.779,NA
137,9,scrabble-score,tourney,FALSE,20,elitize_generation_data,136,7,0.768,NA
138,9,scrabble-score,tourney,FALSE,20,elitize_generation_data,137,8,0.802,NA
139,9,scrabble-score,tourney,FALSE,20,elitize_generation_data,138,10,0.78,NA
140,9,scrabble-score,tourney,FALSE,20,elitize_generation_data,139,8,0.784,NA
141,9,scrabble-score,tourney,FALSE,20,elitize_generation_data,140,9,0.782,NA
142,9,scrabble-score,tourney,FALSE,20,elitize_generation_data,141,10,0.787,NA
143,9,scrabble-score,tourney,FALSE,20,elitize_generation_data,142,10,0.791,NA
144,9,scrabble-score,tourney,FALSE,20,elitize_generation_data,143,7,0.786,NA
145,9,scrabble-score,tourney,FALSE,20,elitize_generation_data,144,9,0.76,NA
146,9,scrabble-score,tourney,FALSE,20,elitize_generation_data,145,11,0.769,NA
147,9,scrabble-score,tourney,FALSE,20,elitize_generation_data,146,11,0.776,NA
148,9,scrabble-score,tourney,FALSE,20,elitize_generation_data,147,10,0.795,NA
149,9,scrabble-score,tourney,FALSE,20,elitize_generation_data,148,9,0.765,NA
150,9,scrabble-score,tourney,FALSE,20,elitize_generation_data,149,11,0.775,NA
151,9,scrabble-score,tourney,FALSE,20,elitize_generation_data,150,5,0.782,NA
152,9,scrabble-score,tourney,FALSE,20,elitize_generation_data,151,9,0.771,NA
153,9,scrabble-score,tourney,FALSE,20,elitize_generation_data,152,9,0.784,NA
154,9,scrabble-score,tourney,FALSE,20,elitize_generation_data,153,7,0.796,NA
155,9,scrabble-score,tourney,FALSE,20,elitize_generation_data,154,6,0.784,NA
156,9,scrabble-score,tourney,FALSE,20,elitize_generation_data,155,9,0.768,NA
157,9,scrabble-score,tourney,FALSE,20,elitize_generation_data,156,6,0.775,NA
158,9,scrabble-score,tourney,FALSE,20,elitize_generation_data,157,9,0.776,NA
159,9,scrabble-score,tourney,FALSE,20,elitize_generation_data,158,8,0.76,NA
160,9,scrabble-score,tourney,FALSE,20,elitize_generation_data,159,10,0.73,NA
161,9,scrabble-score,tourney,FALSE,20,elitize_generation_data,160,7,0.763,NA
162,9,scrabble-score,tourney,FALSE,20,elitize_generation_data,161,9,0.742,NA
163,9,scrabble-score,tourney,FALSE,20,elitize_generation_data,162,9,0.767,NA
164,9,scrabble-score,tourney,FALSE,20,elitize_generation_data,163,8,0.759,NA
165,9,scrabble-score,tourney,FALSE,20,elitize_generation_data,164,7,0.806,NA
166,9,scrabble-score,tourney,FALSE,20,elitize_generation_data,165,7,0.781,NA
167,9,scrabble-score,tourney,FALSE,20,elitize_generation_data,166,8,0.792,NA
168,9,scrabble-score,tourney,FALSE,20,elitize_generation_data,167,6,0.795,NA
169,9,scrabble-score,tourney,FALSE,20,elitize_generation_data,168,9,0.797,NA
170,9,scrabble-score,tourney,FALSE,20,elitize_generation_data,169,9,0.815,NA
171,9,scrabble-score,tourney,FALSE,20,elitize_generation_data,170,9,0.796,NA
172,9,scrabble-score,tourney,FALSE,20,elitize_generation_data,171,10,0.798,NA
173,9,scrabble-score,tourney,FALSE,20,elitize_generation_data,172,10,0.824,NA
174,9,scrabble-score,tourney,FALSE,20,elitize_generation_data,173,8,0.83,NA
175,9,scrabble-score,tourney,FALSE,20,elitize_generation_data,174,9,0.796,NA
176,9,scrabble-score,tourney,FALSE,20,elitize_generation_data,175,9,0.795,NA
177,9,scrabble-score,tourney,FALSE,20,elitize_generation_data,176,5,0.797,NA
178,9,scrabble-score,tourney,FALSE,20,elitize_generation_data,177,10,0.772,NA
179,9,scrabble-score,tourney,FALSE,20,elitize_generation_data,178,8,0.789,NA
180,9,scrabble-score,tourney,FALSE,20,elitize_generation_data,179,7,0.767,NA
181,9,scrabble-score,tourney,FALSE,20,elitize_generation_data,180,10,0.776,NA
182,9,scrabble-score,tourney,FALSE,20,elitize_generation_data,181,9,0.788,NA
183,9,scrabble-score,tourney,FALSE,20,elitize_generation_data,182,9,0.784,NA
184,9,scrabble-score,tourney,FALSE,20,elitize_generation_data,183,8,0.772,NA
185,9,scrabble-score,tourney,FALSE,20,elitize_generation_data,184,9,0.788,NA
186,9,scrabble-score,tourney,FALSE,20,elitize_generation_data,185,9,0.804,NA
187,9,scrabble-score,tourney,FALSE,20,elitize_generation_data,186,7,0.812,NA
188,9,scrabble-score,tourney,FALSE,20,elitize_generation_data,187,8,0.803,NA
189,9,scrabble-score,tourney,FALSE,20,elitize_generation_data,188,11,0.795,NA
190,9,scrabble-score,tourney,FALSE,20,elitize_generation_data,189,9,0.819,NA
191,9,scrabble-score,tourney,FALSE,20,elitize_generation_data,190,11,0.807,NA
192,9,scrabble-score,tourney,FALSE,20,elitize_generation_data,191,11,0.808,NA
193,9,scrabble-score,tourney,FALSE,20,elitize_generation_data,192,7,0.79,NA
194,9,scrabble-score,tourney,FALSE,20,elitize_generation_data,193,7,0.795,NA
195,9,scrabble-score,tourney,FALSE,20,elitize_generation_data,194,10,0.821,NA
196,9,scrabble-score,tourney,FALSE,20,elitize_generation_data,195,10,0.811,NA
197,9,scrabble-score,tourney,FALSE,20,elitize_generation_data,196,7,0.813,NA
198,9,scrabble-score,tourney,FALSE,20,elitize_generation_data,197,7,0.767,NA
199,9,scrabble-score,tourney,FALSE,20,elitize_generation_data,198,8,0.794,NA
200,9,scrabble-score,tourney,FALSE,20,elitize_generation_data,199,8,0.812,NA
201,9,scrabble-score,tourney,FALSE,20,elitize_generation_data,200,10,0.793,NA
202,9,scrabble-score,tourney,FALSE,20,elitize_generation_data,201,7,0.808,NA
203,9,scrabble-score,tourney,FALSE,20,elitize_generation_data,202,8,0.799,NA
204,9,scrabble-score,tourney,FALSE,20,elitize_generation_data,203,6,0.778,NA
205,9,scrabble-score,tourney,FALSE,20,elitize_generation_data,204,9,0.818,NA
206,9,scrabble-score,tourney,FALSE,20,elitize_generation_data,205,9,0.822,NA
207,9,scrabble-score,tourney,FALSE,20,elitize_generation_data,206,10,0.808,NA
208,9,scrabble-score,tourney,FALSE,20,elitize_generation_data,207,7,0.817,NA
209,9,scrabble-score,tourney,FALSE,20,elitize_generation_data,208,7,0.812,NA
210,9,scrabble-score,tourney,FALSE,20,elitize_generation_data,209,8,0.827,NA
211,9,scrabble-score,tourney,FALSE,20,elitize_generation_data,210,9,0.812,NA
212,9,scrabble-score,tourney,FALSE,20,elitize_generation_data,211,9,0.779,NA
213,9,scrabble-score,tourney,FALSE,20,elitize_generation_data,212,7,0.808,NA
214,9,scrabble-score,tourney,FALSE,20,elitize_generation_data,213,10,0.803,NA
215,9,scrabble-score,tourney,FALSE,20,elitize_generation_data,214,7,0.803,NA
216,9,scrabble-score,tourney,FALSE,20,elitize_generation_data,215,8,0.81,NA
217,9,scrabble-score,tourney,FALSE,20,elitize_generation_data,216,7,0.822,NA
218,9,scrabble-score,tourney,FALSE,20,elitize_generation_data,217,10,0.802,NA
219,9,scrabble-score,tourney,FALSE,20,elitize_generation_data,218,8,0.787,NA
220,9,scrabble-score,tourney,FALSE,20,elitize_generation_data,219,12,0.79,NA
221,9,scrabble-score,tourney,FALSE,20,elitize_generation_data,220,10,0.787,NA
222,9,scrabble-score,tourney,FALSE,20,elitize_generation_data,221,11,0.805,NA
223,9,scrabble-score,tourney,FALSE,20,elitize_generation_data,222,11,0.794,NA
224,9,scrabble-score,tourney,FALSE,20,elitize_generation_data,223,9,0.779,NA
225,9,scrabble-score,tourney,FALSE,20,elitize_generation_data,224,11,0.782,NA
226,9,scrabble-score,tourney,FALSE,20,elitize_generation_data,225,6,0.789,NA
227,9,scrabble-score,tourney,FALSE,20,elitize_generation_data,226,8,0.784,NA
228,9,scrabble-score,tourney,FALSE,20,elitize_generation_data,227,6,0.808,NA
229,9,scrabble-score,tourney,FALSE,20,elitize_generation_data,228,9,0.822,NA
230,9,scrabble-score,tourney,FALSE,20,elitize_generation_data,229,10,0.808,NA
231,9,scrabble-score,tourney,FALSE,20,elitize_generation_data,230,9,0.815,NA
232,9,scrabble-score,tourney,FALSE,20,elitize_generation_data,231,11,0.807,NA
233,9,scrabble-score,tourney,FALSE,20,elitize_generation_data,232,10,0.799,NA
234,9,scrabble-score,tourney,FALSE,20,elitize_generation_data,233,10,0.788,NA
235,9,scrabble-score,tourney,FALSE,20,elitize_generation_data,234,9,0.811,NA
236,9,scrabble-score,tourney,FALSE,20,elitize_generation_data,235,10,0.832,NA
237,9,scrabble-score,tourney,FALSE,20,elitize_generation_data,236,8,0.811,NA
238,9,scrabble-score,tourney,FALSE,20,elitize_generation_data,237,10,0.821,NA
239,9,scrabble-score,tourney,FALSE,20,elitize_generation_data,238,9,0.815,NA
240,9,scrabble-score,tourney,FALSE,20,elitize_generation_data,239,12,0.813,NA
241,9,scrabble-score,tourney,FALSE,20,elitize_generation_data,240,11,0.824,NA
242,9,scrabble-score,tourney,FALSE,20,elitize_generation_data,241,9,0.829,NA
243,9,scrabble-score,tourney,FALSE,20,elitize_generation_data,242,9,0.83,NA
244,9,scrabble-score,tourney,FALSE,20,elitize_generation_data,243,10,0.832,NA
245,9,scrabble-score,tourney,FALSE,20,elitize_generation_data,244,11,0.826,NA
246,9,scrabble-score,tourney,FALSE,20,elitize_generation_data,245,6,0.84,NA
247,9,scrabble-score,tourney,FALSE,20,elitize_generation_data,246,13,0.812,NA
248,9,scrabble-score,tourney,FALSE,20,elitize_generation_data,247,7,0.823,NA
249,9,scrabble-score,tourney,FALSE,20,elitize_generation_data,248,8,0.82,NA
250,9,scrabble-score,tourney,FALSE,20,elitize_generation_data,249,8,0.83,NA
251,9,scrabble-score,tourney,FALSE,20,elitize_generation_data,250,9,0.818,NA
252,9,scrabble-score,tourney,FALSE,20,elitize_generation_data,251,12,0.808,NA
253,9,scrabble-score,tourney,FALSE,20,elitize_generation_data,252,9,0.806,NA
254,9,scrabble-score,tourney,FALSE,20,elitize_generation_data,253,8,0.778,NA
255,9,scrabble-score,tourney,FALSE,20,elitize_generation_data,254,6,0.771,NA
256,9,scrabble-score,tourney,FALSE,20,elitize_generation_data,255,8,0.784,NA
257,9,scrabble-score,tourney,FALSE,20,elitize_generation_data,256,9,0.796,NA
258,9,scrabble-score,tourney,FALSE,20,elitize_generation_data,257,10,0.807,NA
259,9,scrabble-score,tourney,FALSE,20,elitize_generation_data,258,8,0.777,NA
260,9,scrabble-score,tourney,FALSE,20,elitize_generation_data,259,9,0.792,NA
261,9,scrabble-score,tourney,FALSE,20,elitize_generation_data,260,8,0.785,NA
262,9,scrabble-score,tourney,FALSE,20,elitize_generation_data,261,10,0.8,NA
263,9,scrabble-score,tourney,FALSE,20,elitize_generation_data,262,6,0.76,NA
264,9,scrabble-score,tourney,FALSE,20,elitize_generation_data,263,7,0.796,NA
265,9,scrabble-score,tourney,FALSE,20,elitize_generation_data,264,6,0.793,NA
266,9,scrabble-score,tourney,FALSE,20,elitize_generation_data,265,4,0.782,NA
267,9,scrabble-score,tourney,FALSE,20,elitize_generation_data,266,9,0.806,NA
268,9,scrabble-score,tourney,FALSE,20,elitize_generation_data,267,8,0.802,NA
269,9,scrabble-score,tourney,FALSE,20,elitize_generation_data,268,7,0.784,NA
270,9,scrabble-score,tourney,FALSE,20,elitize_generation_data,269,8,0.798,NA
271,9,scrabble-score,tourney,FALSE,20,elitize_generation_data,270,5,0.809,NA
272,9,scrabble-score,tourney,FALSE,20,elitize_generation_data,271,6,0.813,NA
273,9,scrabble-score,tourney,FALSE,20,elitize_generation_data,272,6,0.81,NA
274,9,scrabble-score,tourney,FALSE,20,elitize_generation_data,273,8,0.825,NA
275,9,scrabble-score,tourney,FALSE,20,elitize_generation_data,274,8,0.794,NA
276,9,scrabble-score,tourney,FALSE,20,elitize_generation_data,275,9,0.8,NA
277,9,scrabble-score,tourney,FALSE,20,elitize_generation_data,276,9,0.795,NA
278,9,scrabble-score,tourney,FALSE,20,elitize_generation_data,277,6,0.797,NA
279,9,scrabble-score,tourney,FALSE,20,elitize_generation_data,278,6,0.787,NA
280,9,scrabble-score,tourney,FALSE,20,elitize_generation_data,279,7,0.777,NA
281,9,scrabble-score,tourney,FALSE,20,elitize_generation_data,280,7,0.776,NA
282,9,scrabble-score,tourney,FALSE,20,elitize_generation_data,281,4,0.814,NA
283,9,scrabble-score,tourney,FALSE,20,elitize_generation_data,282,6,0.811,NA
284,9,scrabble-score,tourney,FALSE,20,elitize_generation_data,283,9,0.803,NA
285,9,scrabble-score,tourney,FALSE,20,elitize_generation_data,284,7,0.8,NA
286,9,scrabble-score,tourney,FALSE,20,elitize_generation_data,285,8,0.8,NA
287,9,scrabble-score,tourney,FALSE,20,elitize_generation_data,286,10,0.815,NA
288,9,scrabble-score,tourney,FALSE,20,elitize_generation_data,287,7,0.806,NA
289,9,scrabble-score,tourney,FALSE,20,elitize_generation_data,288,9,0.798,NA
290,9,scrabble-score,tourney,FALSE,20,elitize_generation_data,289,6,0.836,NA
291,9,scrabble-score,tourney,FALSE,20,elitize_generation_data,290,9,0.817,NA
292,9,scrabble-score,tourney,FALSE,20,elitize_generation_data,291,8,0.825,NA
293,9,scrabble-score,tourney,FALSE,20,elitize_generation_data,292,10,0.848,NA
294,9,scrabble-score,tourney,FALSE,20,elitize_generation_data,293,5,0.837,NA
295,9,scrabble-score,tourney,FALSE,20,elitize_generation_data,294,7,0.864,NA
296,9,scrabble-score,tourney,FALSE,20,elitize_generation_data,295,10,0.828,NA
297,9,scrabble-score,tourney,FALSE,20,elitize_generation_data,296,8,0.849,NA
298,9,scrabble-score,tourney,FALSE,20,elitize_generation_data,297,6,0.832,NA
299,9,scrabble-score,tourney,FALSE,20,elitize_generation_data,298,8,0.841,NA
300,9,scrabble-score,tourney,FALSE,20,elitize_generation_data,299,15,0.83,NA
301,9,scrabble-score,tourney,FALSE,20,elitize_generation_data,300,7,0.847,NA
