,run.num,problem,treatment,succeeded,height,normalization.function,generation,cluster.count,error.diversity,success.generation
1,11,scrabble-score,tourney,FALSE,20,elitize_generation_data,0,4,0.118,NA
2,11,scrabble-score,tourney,FALSE,20,elitize_generation_data,1,4,0.104,NA
3,11,scrabble-score,tourney,FALSE,20,elitize_generation_data,2,3,0.132,NA
4,11,scrabble-score,tourney,FALSE,20,elitize_generation_data,3,3,0.146,NA
5,11,scrabble-score,tourney,FALSE,20,elitize_generation_data,4,6,0.084,NA
6,11,scrabble-score,tourney,FALSE,20,elitize_generation_data,5,9,0.057,NA
7,11,scrabble-score,tourney,FALSE,20,elitize_generation_data,6,9,0.058,NA
8,11,scrabble-score,tourney,FALSE,20,elitize_generation_data,7,9,0.083,NA
9,11,scrabble-score,tourney,FALSE,20,elitize_generation_data,8,6,0.081,NA
10,11,scrabble-score,tourney,FALSE,20,elitize_generation_data,9,7,0.093,NA
11,11,scrabble-score,tourney,FALSE,20,elitize_generation_data,10,6,0.093,NA
12,11,scrabble-score,tourney,FALSE,20,elitize_generation_data,11,9,0.082,NA
13,11,scrabble-score,tourney,FALSE,20,elitize_generation_data,12,9,0.099,NA
14,11,scrabble-score,tourney,FALSE,20,elitize_generation_data,13,11,0.116,NA
15,11,scrabble-score,tourney,FALSE,20,elitize_generation_data,14,10,0.146,NA
16,11,scrabble-score,tourney,FALSE,20,elitize_generation_data,15,12,0.165,NA
17,11,scrabble-score,tourney,FALSE,20,elitize_generation_data,16,11,0.175,NA
18,11,scrabble-score,tourney,FALSE,20,elitize_generation_data,17,10,0.232,NA
19,11,scrabble-score,tourney,FALSE,20,elitize_generation_data,18,8,0.246,NA
20,11,scrabble-score,tourney,FALSE,20,elitize_generation_data,19,8,0.254,NA
21,11,scrabble-score,tourney,FALSE,20,elitize_generation_data,20,6,0.288,NA
22,11,scrabble-score,tourney,FALSE,20,elitize_generation_data,21,9,0.273,NA
23,11,scrabble-score,tourney,FALSE,20,elitize_generation_data,22,8,0.367,NA
24,11,scrabble-score,tourney,FALSE,20,elitize_generation_data,23,9,0.485,NA
25,11,scrabble-score,tourney,FALSE,20,elitize_generation_data,24,10,0.544,NA
26,11,scrabble-score,tourney,FALSE,20,elitize_generation_data,25,8,0.595,NA
27,11,scrabble-score,tourney,FALSE,20,elitize_generation_data,26,6,0.63,NA
28,11,scrabble-score,tourney,FALSE,20,elitize_generation_data,27,7,0.693,NA
29,11,scrabble-score,tourney,FALSE,20,elitize_generation_data,28,6,0.663,NA
30,11,scrabble-score,tourney,FALSE,20,elitize_generation_data,29,6,0.673,NA
31,11,scrabble-score,tourney,FALSE,20,elitize_generation_data,30,6,0.663,NA
32,11,scrabble-score,tourney,FALSE,20,elitize_generation_data,31,7,0.669,NA
33,11,scrabble-score,tourney,FALSE,20,elitize_generation_data,32,10,0.684,NA
34,11,scrabble-score,tourney,FALSE,20,elitize_generation_data,33,8,0.679,NA
35,11,scrabble-score,tourney,FALSE,20,elitize_generation_data,34,7,0.688,NA
36,11,scrabble-score,tourney,FALSE,20,elitize_generation_data,35,6,0.695,NA
37,11,scrabble-score,tourney,FALSE,20,elitize_generation_data,36,7,0.691,NA
38,11,scrabble-score,tourney,FALSE,20,elitize_generation_data,37,8,0.682,NA
39,11,scrabble-score,tourney,FALSE,20,elitize_generation_data,38,7,0.71,NA
40,11,scrabble-score,tourney,FALSE,20,elitize_generation_data,39,7,0.681,NA
41,11,scrabble-score,tourney,FALSE,20,elitize_generation_data,40,5,0.673,NA
42,11,scrabble-score,tourney,FALSE,20,elitize_generation_data,41,5,0.707,NA
43,11,scrabble-score,tourney,FALSE,20,elitize_generation_data,42,5,0.697,NA
44,11,scrabble-score,tourney,FALSE,20,elitize_generation_data,43,7,0.687,NA
45,11,scrabble-score,tourney,FALSE,20,elitize_generation_data,44,9,0.712,NA
46,11,scrabble-score,tourney,FALSE,20,elitize_generation_data,45,8,0.692,NA
47,11,scrabble-score,tourney,FALSE,20,elitize_generation_data,46,8,0.695,NA
48,11,scrabble-score,tourney,FALSE,20,elitize_generation_data,47,8,0.704,NA
49,11,scrabble-score,tourney,FALSE,20,elitize_generation_data,48,6,0.714,NA
50,11,scrabble-score,tourney,FALSE,20,elitize_generation_data,49,8,0.717,NA
51,11,scrabble-score,tourney,FALSE,20,elitize_generation_data,50,6,0.712,NA
52,11,scrabble-score,tourney,FALSE,20,elitize_generation_data,51,9,0.705,NA
53,11,scrabble-score,tourney,FALSE,20,elitize_generation_data,52,10,0.718,NA
54,11,scrabble-score,tourney,FALSE,20,elitize_generation_data,53,6,0.692,NA
55,11,scrabble-score,tourney,FALSE,20,elitize_generation_data,54,7,0.717,NA
56,11,scrabble-score,tourney,FALSE,20,elitize_generation_data,55,7,0.717,NA
57,11,scrabble-score,tourney,FALSE,20,elitize_generation_data,56,8,0.695,NA
58,11,scrabble-score,tourney,FALSE,20,elitize_generation_data,57,8,0.717,NA
59,11,scrabble-score,tourney,FALSE,20,elitize_generation_data,58,8,0.721,NA
60,11,scrabble-score,tourney,FALSE,20,elitize_generation_data,59,8,0.739,NA
61,11,scrabble-score,tourney,FALSE,20,elitize_generation_data,60,7,0.733,NA
62,11,scrabble-score,tourney,FALSE,20,elitize_generation_data,61,6,0.706,NA
63,11,scrabble-score,tourney,FALSE,20,elitize_generation_data,62,7,0.7,NA
64,11,scrabble-score,tourney,FALSE,20,elitize_generation_data,63,5,0.695,NA
65,11,scrabble-score,tourney,FALSE,20,elitize_generation_data,64,7,0.716,NA
66,11,scrabble-score,tourney,FALSE,20,elitize_generation_data,65,7,0.731,NA
67,11,scrabble-score,tourney,FALSE,20,elitize_generation_data,66,7,0.719,NA
68,11,scrabble-score,tourney,FALSE,20,elitize_generation_data,67,5,0.718,NA
69,11,scrabble-score,tourney,FALSE,20,elitize_generation_data,68,10,0.723,NA
70,11,scrabble-score,tourney,FALSE,20,elitize_generation_data,69,5,0.712,NA
71,11,scrabble-score,tourney,FALSE,20,elitize_generation_data,70,9,0.698,NA
72,11,scrabble-score,tourney,FALSE,20,elitize_generation_data,71,9,0.706,NA
73,11,scrabble-score,tourney,FALSE,20,elitize_generation_data,72,8,0.673,NA
74,11,scrabble-score,tourney,FALSE,20,elitize_generation_data,73,8,0.704,NA
75,11,scrabble-score,tourney,FALSE,20,elitize_generation_data,74,10,0.708,NA
76,11,scrabble-score,tourney,FALSE,20,elitize_generation_data,75,7,0.723,NA
77,11,scrabble-score,tourney,FALSE,20,elitize_generation_data,76,11,0.686,NA
78,11,scrabble-score,tourney,FALSE,20,elitize_generation_data,77,7,0.725,NA
79,11,scrabble-score,tourney,FALSE,20,elitize_generation_data,78,8,0.731,NA
80,11,scrabble-score,tourney,FALSE,20,elitize_generation_data,79,7,0.724,NA
81,11,scrabble-score,tourney,FALSE,20,elitize_generation_data,80,8,0.748,NA
82,11,scrabble-score,tourney,FALSE,20,elitize_generation_data,81,6,0.712,NA
83,11,scrabble-score,tourney,FALSE,20,elitize_generation_data,82,8,0.727,NA
84,11,scrabble-score,tourney,FALSE,20,elitize_generation_data,83,8,0.731,NA
85,11,scrabble-score,tourney,FALSE,20,elitize_generation_data,84,7,0.717,NA
86,11,scrabble-score,tourney,FALSE,20,elitize_generation_data,85,5,0.718,NA
87,11,scrabble-score,tourney,FALSE,20,elitize_generation_data,86,8,0.699,NA
88,11,scrabble-score,tourney,FALSE,20,elitize_generation_data,87,7,0.708,NA
89,11,scrabble-score,tourney,FALSE,20,elitize_generation_data,88,9,0.758,NA
90,11,scrabble-score,tourney,FALSE,20,elitize_generation_data,89,9,0.704,NA
91,11,scrabble-score,tourney,FALSE,20,elitize_generation_data,90,9,0.716,NA
92,11,scrabble-score,tourney,FALSE,20,elitize_generation_data,91,9,0.72,NA
93,11,scrabble-score,tourney,FALSE,20,elitize_generation_data,92,7,0.728,NA
94,11,scrabble-score,tourney,FALSE,20,elitize_generation_data,93,10,0.737,NA
95,11,scrabble-score,tourney,FALSE,20,elitize_generation_data,94,6,0.717,NA
96,11,scrabble-score,tourney,FALSE,20,elitize_generation_data,95,8,0.694,NA
97,11,scrabble-score,tourney,FALSE,20,elitize_generation_data,96,6,0.722,NA
98,11,scrabble-score,tourney,FALSE,20,elitize_generation_data,97,10,0.716,NA
99,11,scrabble-score,tourney,FALSE,20,elitize_generation_data,98,6,0.708,NA
100,11,scrabble-score,tourney,FALSE,20,elitize_generation_data,99,7,0.711,NA
101,11,scrabble-score,tourney,FALSE,20,elitize_generation_data,100,12,0.74,NA
102,11,scrabble-score,tourney,FALSE,20,elitize_generation_data,101,10,0.703,NA
103,11,scrabble-score,tourney,FALSE,20,elitize_generation_data,102,14,0.704,NA
104,11,scrabble-score,tourney,FALSE,20,elitize_generation_data,103,6,0.7,NA
105,11,scrabble-score,tourney,FALSE,20,elitize_generation_data,104,5,0.709,NA
106,11,scrabble-score,tourney,FALSE,20,elitize_generation_data,105,8,0.706,NA
107,11,scrabble-score,tourney,FALSE,20,elitize_generation_data,106,7,0.717,NA
108,11,scrabble-score,tourney,FALSE,20,elitize_generation_data,107,11,0.715,NA
109,11,scrabble-score,tourney,FALSE,20,elitize_generation_data,108,9,0.717,NA
110,11,scrabble-score,tourney,FALSE,20,elitize_generation_data,109,9,0.713,NA
111,11,scrabble-score,tourney,FALSE,20,elitize_generation_data,110,8,0.701,NA
112,11,scrabble-score,tourney,FALSE,20,elitize_generation_data,111,9,0.701,NA
113,11,scrabble-score,tourney,FALSE,20,elitize_generation_data,112,9,0.685,NA
114,11,scrabble-score,tourney,FALSE,20,elitize_generation_data,113,9,0.726,NA
115,11,scrabble-score,tourney,FALSE,20,elitize_generation_data,114,7,0.69,NA
116,11,scrabble-score,tourney,FALSE,20,elitize_generation_data,115,8,0.701,NA
117,11,scrabble-score,tourney,FALSE,20,elitize_generation_data,116,9,0.711,NA
118,11,scrabble-score,tourney,FALSE,20,elitize_generation_data,117,10,0.715,NA
119,11,scrabble-score,tourney,FALSE,20,elitize_generation_data,118,7,0.731,NA
120,11,scrabble-score,tourney,FALSE,20,elitize_generation_data,119,8,0.733,NA
121,11,scrabble-score,tourney,FALSE,20,elitize_generation_data,120,8,0.737,NA
122,11,scrabble-score,tourney,FALSE,20,elitize_generation_data,121,8,0.754,NA
123,11,scrabble-score,tourney,FALSE,20,elitize_generation_data,122,9,0.741,NA
124,11,scrabble-score,tourney,FALSE,20,elitize_generation_data,123,11,0.759,NA
125,11,scrabble-score,tourney,FALSE,20,elitize_generation_data,124,6,0.758,NA
126,11,scrabble-score,tourney,FALSE,20,elitize_generation_data,125,8,0.756,NA
127,11,scrabble-score,tourney,FALSE,20,elitize_generation_data,126,8,0.757,NA
128,11,scrabble-score,tourney,FALSE,20,elitize_generation_data,127,10,0.735,NA
129,11,scrabble-score,tourney,FALSE,20,elitize_generation_data,128,12,0.742,NA
130,11,scrabble-score,tourney,FALSE,20,elitize_generation_data,129,8,0.757,NA
131,11,scrabble-score,tourney,FALSE,20,elitize_generation_data,130,9,0.737,NA
132,11,scrabble-score,tourney,FALSE,20,elitize_generation_data,131,8,0.747,NA
133,11,scrabble-score,tourney,FALSE,20,elitize_generation_data,132,6,0.715,NA
134,11,scrabble-score,tourney,FALSE,20,elitize_generation_data,133,7,0.715,NA
135,11,scrabble-score,tourney,FALSE,20,elitize_generation_data,134,6,0.756,NA
136,11,scrabble-score,tourney,FALSE,20,elitize_generation_data,135,7,0.763,NA
137,11,scrabble-score,tourney,FALSE,20,elitize_generation_data,136,9,0.753,NA
138,11,scrabble-score,tourney,FALSE,20,elitize_generation_data,137,13,0.708,NA
139,11,scrabble-score,tourney,FALSE,20,elitize_generation_data,138,7,0.725,NA
140,11,scrabble-score,tourney,FALSE,20,elitize_generation_data,139,9,0.763,NA
141,11,scrabble-score,tourney,FALSE,20,elitize_generation_data,140,10,0.734,NA
142,11,scrabble-score,tourney,FALSE,20,elitize_generation_data,141,9,0.755,NA
143,11,scrabble-score,tourney,FALSE,20,elitize_generation_data,142,6,0.736,NA
144,11,scrabble-score,tourney,FALSE,20,elitize_generation_data,143,9,0.758,NA
145,11,scrabble-score,tourney,FALSE,20,elitize_generation_data,144,6,0.695,NA
146,11,scrabble-score,tourney,FALSE,20,elitize_generation_data,145,8,0.741,NA
147,11,scrabble-score,tourney,FALSE,20,elitize_generation_data,146,9,0.736,NA
148,11,scrabble-score,tourney,FALSE,20,elitize_generation_data,147,6,0.743,NA
149,11,scrabble-score,tourney,FALSE,20,elitize_generation_data,148,7,0.75,NA
150,11,scrabble-score,tourney,FALSE,20,elitize_generation_data,149,12,0.756,NA
151,11,scrabble-score,tourney,FALSE,20,elitize_generation_data,150,9,0.733,NA
152,11,scrabble-score,tourney,FALSE,20,elitize_generation_data,151,7,0.762,NA
153,11,scrabble-score,tourney,FALSE,20,elitize_generation_data,152,8,0.751,NA
154,11,scrabble-score,tourney,FALSE,20,elitize_generation_data,153,7,0.759,NA
155,11,scrabble-score,tourney,FALSE,20,elitize_generation_data,154,8,0.782,NA
156,11,scrabble-score,tourney,FALSE,20,elitize_generation_data,155,7,0.788,NA
157,11,scrabble-score,tourney,FALSE,20,elitize_generation_data,156,8,0.766,NA
158,11,scrabble-score,tourney,FALSE,20,elitize_generation_data,157,6,0.765,NA
159,11,scrabble-score,tourney,FALSE,20,elitize_generation_data,158,7,0.762,NA
160,11,scrabble-score,tourney,FALSE,20,elitize_generation_data,159,8,0.759,NA
161,11,scrabble-score,tourney,FALSE,20,elitize_generation_data,160,7,0.782,NA
162,11,scrabble-score,tourney,FALSE,20,elitize_generation_data,161,9,0.747,NA
163,11,scrabble-score,tourney,FALSE,20,elitize_generation_data,162,8,0.762,NA
164,11,scrabble-score,tourney,FALSE,20,elitize_generation_data,163,10,0.731,NA
165,11,scrabble-score,tourney,FALSE,20,elitize_generation_data,164,9,0.75,NA
166,11,scrabble-score,tourney,FALSE,20,elitize_generation_data,165,11,0.767,NA
167,11,scrabble-score,tourney,FALSE,20,elitize_generation_data,166,9,0.748,NA
168,11,scrabble-score,tourney,FALSE,20,elitize_generation_data,167,10,0.744,NA
169,11,scrabble-score,tourney,FALSE,20,elitize_generation_data,168,7,0.748,NA
170,11,scrabble-score,tourney,FALSE,20,elitize_generation_data,169,11,0.742,NA
171,11,scrabble-score,tourney,FALSE,20,elitize_generation_data,170,5,0.75,NA
172,11,scrabble-score,tourney,FALSE,20,elitize_generation_data,171,10,0.742,NA
173,11,scrabble-score,tourney,FALSE,20,elitize_generation_data,172,6,0.74,NA
174,11,scrabble-score,tourney,FALSE,20,elitize_generation_data,173,10,0.71,NA
175,11,scrabble-score,tourney,FALSE,20,elitize_generation_data,174,10,0.741,NA
176,11,scrabble-score,tourney,FALSE,20,elitize_generation_data,175,8,0.749,NA
177,11,scrabble-score,tourney,FALSE,20,elitize_generation_data,176,10,0.723,NA
178,11,scrabble-score,tourney,FALSE,20,elitize_generation_data,177,9,0.759,NA
179,11,scrabble-score,tourney,FALSE,20,elitize_generation_data,178,9,0.757,NA
180,11,scrabble-score,tourney,FALSE,20,elitize_generation_data,179,12,0.732,NA
181,11,scrabble-score,tourney,FALSE,20,elitize_generation_data,180,8,0.744,NA
182,11,scrabble-score,tourney,FALSE,20,elitize_generation_data,181,10,0.782,NA
183,11,scrabble-score,tourney,FALSE,20,elitize_generation_data,182,9,0.761,NA
184,11,scrabble-score,tourney,FALSE,20,elitize_generation_data,183,7,0.761,NA
185,11,scrabble-score,tourney,FALSE,20,elitize_generation_data,184,9,0.731,NA
186,11,scrabble-score,tourney,FALSE,20,elitize_generation_data,185,7,0.746,NA
187,11,scrabble-score,tourney,FALSE,20,elitize_generation_data,186,8,0.726,NA
188,11,scrabble-score,tourney,FALSE,20,elitize_generation_data,187,11,0.765,NA
189,11,scrabble-score,tourney,FALSE,20,elitize_generation_data,188,9,0.728,NA
190,11,scrabble-score,tourney,FALSE,20,elitize_generation_data,189,12,0.777,NA
191,11,scrabble-score,tourney,FALSE,20,elitize_generation_data,190,7,0.77,NA
192,11,scrabble-score,tourney,FALSE,20,elitize_generation_data,191,6,0.753,NA
193,11,scrabble-score,tourney,FALSE,20,elitize_generation_data,192,11,0.75,NA
194,11,scrabble-score,tourney,FALSE,20,elitize_generation_data,193,11,0.752,NA
195,11,scrabble-score,tourney,FALSE,20,elitize_generation_data,194,9,0.748,NA
196,11,scrabble-score,tourney,FALSE,20,elitize_generation_data,195,13,0.754,NA
197,11,scrabble-score,tourney,FALSE,20,elitize_generation_data,196,10,0.727,NA
198,11,scrabble-score,tourney,FALSE,20,elitize_generation_data,197,9,0.755,NA
199,11,scrabble-score,tourney,FALSE,20,elitize_generation_data,198,9,0.767,NA
200,11,scrabble-score,tourney,FALSE,20,elitize_generation_data,199,9,0.754,NA
201,11,scrabble-score,tourney,FALSE,20,elitize_generation_data,200,12,0.753,NA
202,11,scrabble-score,tourney,FALSE,20,elitize_generation_data,201,10,0.752,NA
203,11,scrabble-score,tourney,FALSE,20,elitize_generation_data,202,11,0.727,NA
204,11,scrabble-score,tourney,FALSE,20,elitize_generation_data,203,6,0.734,NA
205,11,scrabble-score,tourney,FALSE,20,elitize_generation_data,204,6,0.755,NA
206,11,scrabble-score,tourney,FALSE,20,elitize_generation_data,205,10,0.742,NA
207,11,scrabble-score,tourney,FALSE,20,elitize_generation_data,206,12,0.715,NA
208,11,scrabble-score,tourney,FALSE,20,elitize_generation_data,207,6,0.728,NA
209,11,scrabble-score,tourney,FALSE,20,elitize_generation_data,208,6,0.728,NA
210,11,scrabble-score,tourney,FALSE,20,elitize_generation_data,209,8,0.727,NA
211,11,scrabble-score,tourney,FALSE,20,elitize_generation_data,210,6,0.72,NA
212,11,scrabble-score,tourney,FALSE,20,elitize_generation_data,211,7,0.7,NA
213,11,scrabble-score,tourney,FALSE,20,elitize_generation_data,212,6,0.698,NA
214,11,scrabble-score,tourney,FALSE,20,elitize_generation_data,213,11,0.72,NA
215,11,scrabble-score,tourney,FALSE,20,elitize_generation_data,214,9,0.687,NA
216,11,scrabble-score,tourney,FALSE,20,elitize_generation_data,215,6,0.713,NA
217,11,scrabble-score,tourney,FALSE,20,elitize_generation_data,216,6,0.744,NA
218,11,scrabble-score,tourney,FALSE,20,elitize_generation_data,217,7,0.698,NA
219,11,scrabble-score,tourney,FALSE,20,elitize_generation_data,218,7,0.704,NA
220,11,scrabble-score,tourney,FALSE,20,elitize_generation_data,219,10,0.696,NA
221,11,scrabble-score,tourney,FALSE,20,elitize_generation_data,220,8,0.717,NA
222,11,scrabble-score,tourney,FALSE,20,elitize_generation_data,221,7,0.729,NA
223,11,scrabble-score,tourney,FALSE,20,elitize_generation_data,222,5,0.721,NA
224,11,scrabble-score,tourney,FALSE,20,elitize_generation_data,223,5,0.717,NA
225,11,scrabble-score,tourney,FALSE,20,elitize_generation_data,224,6,0.738,NA
226,11,scrabble-score,tourney,FALSE,20,elitize_generation_data,225,5,0.706,NA
227,11,scrabble-score,tourney,FALSE,20,elitize_generation_data,226,8,0.693,NA
228,11,scrabble-score,tourney,FALSE,20,elitize_generation_data,227,7,0.708,NA
229,11,scrabble-score,tourney,FALSE,20,elitize_generation_data,228,6,0.694,NA
230,11,scrabble-score,tourney,FALSE,20,elitize_generation_data,229,6,0.716,NA
231,11,scrabble-score,tourney,FALSE,20,elitize_generation_data,230,8,0.715,NA
232,11,scrabble-score,tourney,FALSE,20,elitize_generation_data,231,7,0.689,NA
233,11,scrabble-score,tourney,FALSE,20,elitize_generation_data,232,8,0.699,NA
234,11,scrabble-score,tourney,FALSE,20,elitize_generation_data,233,5,0.701,NA
235,11,scrabble-score,tourney,FALSE,20,elitize_generation_data,234,7,0.682,NA
236,11,scrabble-score,tourney,FALSE,20,elitize_generation_data,235,7,0.699,NA
237,11,scrabble-score,tourney,FALSE,20,elitize_generation_data,236,8,0.668,NA
238,11,scrabble-score,tourney,FALSE,20,elitize_generation_data,237,7,0.69,NA
239,11,scrabble-score,tourney,FALSE,20,elitize_generation_data,238,8,0.673,NA
240,11,scrabble-score,tourney,FALSE,20,elitize_generation_data,239,9,0.687,NA
241,11,scrabble-score,tourney,FALSE,20,elitize_generation_data,240,9,0.674,NA
242,11,scrabble-score,tourney,FALSE,20,elitize_generation_data,241,8,0.68,NA
243,11,scrabble-score,tourney,FALSE,20,elitize_generation_data,242,9,0.668,NA
244,11,scrabble-score,tourney,FALSE,20,elitize_generation_data,243,8,0.66,NA
245,11,scrabble-score,tourney,FALSE,20,elitize_generation_data,244,11,0.635,NA
246,11,scrabble-score,tourney,FALSE,20,elitize_generation_data,245,7,0.697,NA
247,11,scrabble-score,tourney,FALSE,20,elitize_generation_data,246,6,0.66,NA
248,11,scrabble-score,tourney,FALSE,20,elitize_generation_data,247,6,0.699,NA
249,11,scrabble-score,tourney,FALSE,20,elitize_generation_data,248,8,0.7,NA
250,11,scrabble-score,tourney,FALSE,20,elitize_generation_data,249,7,0.67,NA
251,11,scrabble-score,tourney,FALSE,20,elitize_generation_data,250,6,0.663,NA
252,11,scrabble-score,tourney,FALSE,20,elitize_generation_data,251,8,0.657,NA
253,11,scrabble-score,tourney,FALSE,20,elitize_generation_data,252,6,0.683,NA
254,11,scrabble-score,tourney,FALSE,20,elitize_generation_data,253,5,0.662,NA
255,11,scrabble-score,tourney,FALSE,20,elitize_generation_data,254,5,0.67,NA
256,11,scrabble-score,tourney,FALSE,20,elitize_generation_data,255,9,0.648,NA
257,11,scrabble-score,tourney,FALSE,20,elitize_generation_data,256,7,0.651,NA
258,11,scrabble-score,tourney,FALSE,20,elitize_generation_data,257,11,0.663,NA
259,11,scrabble-score,tourney,FALSE,20,elitize_generation_data,258,7,0.683,NA
260,11,scrabble-score,tourney,FALSE,20,elitize_generation_data,259,8,0.654,NA
261,11,scrabble-score,tourney,FALSE,20,elitize_generation_data,260,6,0.662,NA
262,11,scrabble-score,tourney,FALSE,20,elitize_generation_data,261,6,0.681,NA
263,11,scrabble-score,tourney,FALSE,20,elitize_generation_data,262,8,0.692,NA
264,11,scrabble-score,tourney,FALSE,20,elitize_generation_data,263,6,0.636,NA
265,11,scrabble-score,tourney,FALSE,20,elitize_generation_data,264,5,0.657,NA
266,11,scrabble-score,tourney,FALSE,20,elitize_generation_data,265,7,0.679,NA
267,11,scrabble-score,tourney,FALSE,20,elitize_generation_data,266,6,0.635,NA
268,11,scrabble-score,tourney,FALSE,20,elitize_generation_data,267,8,0.625,NA
269,11,scrabble-score,tourney,FALSE,20,elitize_generation_data,268,7,0.642,NA
270,11,scrabble-score,tourney,FALSE,20,elitize_generation_data,269,8,0.634,NA
271,11,scrabble-score,tourney,FALSE,20,elitize_generation_data,270,7,0.661,NA
272,11,scrabble-score,tourney,FALSE,20,elitize_generation_data,271,8,0.643,NA
273,11,scrabble-score,tourney,FALSE,20,elitize_generation_data,272,11,0.661,NA
274,11,scrabble-score,tourney,FALSE,20,elitize_generation_data,273,10,0.666,NA
275,11,scrabble-score,tourney,FALSE,20,elitize_generation_data,274,11,0.665,NA
276,11,scrabble-score,tourney,FALSE,20,elitize_generation_data,275,9,0.655,NA
277,11,scrabble-score,tourney,FALSE,20,elitize_generation_data,276,8,0.658,NA
278,11,scrabble-score,tourney,FALSE,20,elitize_generation_data,277,7,0.687,NA
279,11,scrabble-score,tourney,FALSE,20,elitize_generation_data,278,5,0.688,NA
280,11,scrabble-score,tourney,FALSE,20,elitize_generation_data,279,9,0.657,NA
281,11,scrabble-score,tourney,FALSE,20,elitize_generation_data,280,7,0.678,NA
282,11,scrabble-score,tourney,FALSE,20,elitize_generation_data,281,10,0.676,NA
283,11,scrabble-score,tourney,FALSE,20,elitize_generation_data,282,6,0.631,NA
284,11,scrabble-score,tourney,FALSE,20,elitize_generation_data,283,8,0.663,NA
285,11,scrabble-score,tourney,FALSE,20,elitize_generation_data,284,9,0.626,NA
286,11,scrabble-score,tourney,FALSE,20,elitize_generation_data,285,11,0.663,NA
287,11,scrabble-score,tourney,FALSE,20,elitize_generation_data,286,5,0.638,NA
288,11,scrabble-score,tourney,FALSE,20,elitize_generation_data,287,8,0.637,NA
289,11,scrabble-score,tourney,FALSE,20,elitize_generation_data,288,5,0.666,NA
290,11,scrabble-score,tourney,FALSE,20,elitize_generation_data,289,5,0.662,NA
291,11,scrabble-score,tourney,FALSE,20,elitize_generation_data,290,8,0.671,NA
292,11,scrabble-score,tourney,FALSE,20,elitize_generation_data,291,9,0.665,NA
293,11,scrabble-score,tourney,FALSE,20,elitize_generation_data,292,7,0.669,NA
294,11,scrabble-score,tourney,FALSE,20,elitize_generation_data,293,12,0.633,NA
295,11,scrabble-score,tourney,FALSE,20,elitize_generation_data,294,9,0.66,NA
296,11,scrabble-score,tourney,FALSE,20,elitize_generation_data,295,9,0.671,NA
297,11,scrabble-score,tourney,FALSE,20,elitize_generation_data,296,9,0.653,NA
298,11,scrabble-score,tourney,FALSE,20,elitize_generation_data,297,8,0.662,NA
299,11,scrabble-score,tourney,FALSE,20,elitize_generation_data,298,8,0.628,NA
300,11,scrabble-score,tourney,FALSE,20,elitize_generation_data,299,7,0.68,NA
301,11,scrabble-score,tourney,FALSE,20,elitize_generation_data,300,7,0.67,NA
