,run.num,problem,treatment,succeeded,height,normalization.function,generation,cluster.count,error.diversity,success.generation
1,41,count-odds,lexicase,FALSE,20,elitize_generation_data,0,5,0.182,NA
2,41,count-odds,lexicase,FALSE,20,elitize_generation_data,1,7,0.187,NA
3,41,count-odds,lexicase,FALSE,20,elitize_generation_data,2,17,0.293,NA
4,41,count-odds,lexicase,FALSE,20,elitize_generation_data,3,23,0.4,NA
5,41,count-odds,lexicase,FALSE,20,elitize_generation_data,4,26,0.527,NA
6,41,count-odds,lexicase,FALSE,20,elitize_generation_data,5,32,0.632,NA
7,41,count-odds,lexicase,FALSE,20,elitize_generation_data,6,37,0.686,NA
8,41,count-odds,lexicase,FALSE,20,elitize_generation_data,7,51,0.716,NA
9,41,count-odds,lexicase,FALSE,20,elitize_generation_data,8,57,0.756,NA
10,41,count-odds,lexicase,FALSE,20,elitize_generation_data,9,66,0.77,NA
11,41,count-odds,lexicase,FALSE,20,elitize_generation_data,10,71,0.775,NA
12,41,count-odds,lexicase,FALSE,20,elitize_generation_data,11,75,0.82,NA
13,41,count-odds,lexicase,FALSE,20,elitize_generation_data,12,73,0.798,NA
14,41,count-odds,lexicase,FALSE,20,elitize_generation_data,13,81,0.825,NA
15,41,count-odds,lexicase,FALSE,20,elitize_generation_data,14,81,0.818,NA
16,41,count-odds,lexicase,FALSE,20,elitize_generation_data,15,95,0.837,NA
17,41,count-odds,lexicase,FALSE,20,elitize_generation_data,16,101,0.799,NA
18,41,count-odds,lexicase,FALSE,20,elitize_generation_data,17,96,0.82,NA
19,41,count-odds,lexicase,FALSE,20,elitize_generation_data,18,96,0.821,NA
20,41,count-odds,lexicase,FALSE,20,elitize_generation_data,19,108,0.824,NA
21,41,count-odds,lexicase,FALSE,20,elitize_generation_data,20,107,0.829,NA
22,41,count-odds,lexicase,FALSE,20,elitize_generation_data,21,113,0.85,NA
23,41,count-odds,lexicase,FALSE,20,elitize_generation_data,22,109,0.852,NA
24,41,count-odds,lexicase,FALSE,20,elitize_generation_data,23,111,0.831,NA
25,41,count-odds,lexicase,FALSE,20,elitize_generation_data,24,117,0.849,NA
26,41,count-odds,lexicase,FALSE,20,elitize_generation_data,25,115,0.809,NA
27,41,count-odds,lexicase,FALSE,20,elitize_generation_data,26,111,0.833,NA
28,41,count-odds,lexicase,FALSE,20,elitize_generation_data,27,127,0.834,NA
29,41,count-odds,lexicase,FALSE,20,elitize_generation_data,28,115,0.819,NA
30,41,count-odds,lexicase,FALSE,20,elitize_generation_data,29,136,0.843,NA
31,41,count-odds,lexicase,FALSE,20,elitize_generation_data,30,132,0.841,NA
32,41,count-odds,lexicase,FALSE,20,elitize_generation_data,31,114,0.821,NA
33,41,count-odds,lexicase,FALSE,20,elitize_generation_data,32,121,0.828,NA
34,41,count-odds,lexicase,FALSE,20,elitize_generation_data,33,132,0.813,NA
35,41,count-odds,lexicase,FALSE,20,elitize_generation_data,34,125,0.828,NA
36,41,count-odds,lexicase,FALSE,20,elitize_generation_data,35,137,0.806,NA
37,41,count-odds,lexicase,FALSE,20,elitize_generation_data,36,139,0.868,NA
38,41,count-odds,lexicase,FALSE,20,elitize_generation_data,37,157,0.848,NA
39,41,count-odds,lexicase,FALSE,20,elitize_generation_data,38,136,0.844,NA
40,41,count-odds,lexicase,FALSE,20,elitize_generation_data,39,129,0.847,NA
41,41,count-odds,lexicase,FALSE,20,elitize_generation_data,40,136,0.836,NA
42,41,count-odds,lexicase,FALSE,20,elitize_generation_data,41,138,0.855,NA
43,41,count-odds,lexicase,FALSE,20,elitize_generation_data,42,144,0.838,NA
44,41,count-odds,lexicase,FALSE,20,elitize_generation_data,43,141,0.851,NA
45,41,count-odds,lexicase,FALSE,20,elitize_generation_data,44,151,0.85,NA
46,41,count-odds,lexicase,FALSE,20,elitize_generation_data,45,154,0.855,NA
47,41,count-odds,lexicase,FALSE,20,elitize_generation_data,46,144,0.834,NA
48,41,count-odds,lexicase,FALSE,20,elitize_generation_data,47,140,0.855,NA
49,41,count-odds,lexicase,FALSE,20,elitize_generation_data,48,138,0.846,NA
50,41,count-odds,lexicase,FALSE,20,elitize_generation_data,49,155,0.848,NA
51,41,count-odds,lexicase,FALSE,20,elitize_generation_data,50,138,0.871,NA
52,41,count-odds,lexicase,FALSE,20,elitize_generation_data,51,137,0.854,NA
53,41,count-odds,lexicase,FALSE,20,elitize_generation_data,52,144,0.847,NA
54,41,count-odds,lexicase,FALSE,20,elitize_generation_data,53,156,0.878,NA
55,41,count-odds,lexicase,FALSE,20,elitize_generation_data,54,155,0.839,NA
56,41,count-odds,lexicase,FALSE,20,elitize_generation_data,55,160,0.872,NA
57,41,count-odds,lexicase,FALSE,20,elitize_generation_data,56,167,0.887,NA
58,41,count-odds,lexicase,FALSE,20,elitize_generation_data,57,161,0.886,NA
59,41,count-odds,lexicase,FALSE,20,elitize_generation_data,58,139,0.839,NA
60,41,count-odds,lexicase,FALSE,20,elitize_generation_data,59,143,0.874,NA
61,41,count-odds,lexicase,FALSE,20,elitize_generation_data,60,148,0.87,NA
62,41,count-odds,lexicase,FALSE,20,elitize_generation_data,61,134,0.87,NA
63,41,count-odds,lexicase,FALSE,20,elitize_generation_data,62,134,0.869,NA
64,41,count-odds,lexicase,FALSE,20,elitize_generation_data,63,148,0.869,NA
65,41,count-odds,lexicase,FALSE,20,elitize_generation_data,64,137,0.863,NA
66,41,count-odds,lexicase,FALSE,20,elitize_generation_data,65,131,0.89,NA
67,41,count-odds,lexicase,FALSE,20,elitize_generation_data,66,129,0.868,NA
68,41,count-odds,lexicase,FALSE,20,elitize_generation_data,67,125,0.87,NA
69,41,count-odds,lexicase,FALSE,20,elitize_generation_data,68,131,0.885,NA
70,41,count-odds,lexicase,FALSE,20,elitize_generation_data,69,135,0.868,NA
71,41,count-odds,lexicase,FALSE,20,elitize_generation_data,70,140,0.855,NA
72,41,count-odds,lexicase,FALSE,20,elitize_generation_data,71,139,0.88,NA
73,41,count-odds,lexicase,FALSE,20,elitize_generation_data,72,131,0.849,NA
74,41,count-odds,lexicase,FALSE,20,elitize_generation_data,73,136,0.862,NA
75,41,count-odds,lexicase,FALSE,20,elitize_generation_data,74,127,0.853,NA
76,41,count-odds,lexicase,FALSE,20,elitize_generation_data,75,126,0.857,NA
77,41,count-odds,lexicase,FALSE,20,elitize_generation_data,76,123,0.833,NA
78,41,count-odds,lexicase,FALSE,20,elitize_generation_data,77,126,0.868,NA
79,41,count-odds,lexicase,FALSE,20,elitize_generation_data,78,118,0.854,NA
80,41,count-odds,lexicase,FALSE,20,elitize_generation_data,79,117,0.835,NA
81,41,count-odds,lexicase,FALSE,20,elitize_generation_data,80,116,0.829,NA
82,41,count-odds,lexicase,FALSE,20,elitize_generation_data,81,108,0.849,NA
83,41,count-odds,lexicase,FALSE,20,elitize_generation_data,82,114,0.818,NA
84,41,count-odds,lexicase,FALSE,20,elitize_generation_data,83,111,0.819,NA
85,41,count-odds,lexicase,FALSE,20,elitize_generation_data,84,111,0.859,NA
86,41,count-odds,lexicase,FALSE,20,elitize_generation_data,85,108,0.847,NA
87,41,count-odds,lexicase,FALSE,20,elitize_generation_data,86,110,0.851,NA
88,41,count-odds,lexicase,FALSE,20,elitize_generation_data,87,107,0.875,NA
89,41,count-odds,lexicase,FALSE,20,elitize_generation_data,88,116,0.852,NA
90,41,count-odds,lexicase,FALSE,20,elitize_generation_data,89,116,0.819,NA
91,41,count-odds,lexicase,FALSE,20,elitize_generation_data,90,121,0.813,NA
92,41,count-odds,lexicase,FALSE,20,elitize_generation_data,91,111,0.824,NA
93,41,count-odds,lexicase,FALSE,20,elitize_generation_data,92,114,0.815,NA
94,41,count-odds,lexicase,FALSE,20,elitize_generation_data,93,120,0.832,NA
95,41,count-odds,lexicase,FALSE,20,elitize_generation_data,94,110,0.809,NA
96,41,count-odds,lexicase,FALSE,20,elitize_generation_data,95,111,0.808,NA
97,41,count-odds,lexicase,FALSE,20,elitize_generation_data,96,115,0.823,NA
98,41,count-odds,lexicase,FALSE,20,elitize_generation_data,97,117,0.832,NA
99,41,count-odds,lexicase,FALSE,20,elitize_generation_data,98,122,0.814,NA
100,41,count-odds,lexicase,FALSE,20,elitize_generation_data,99,121,0.809,NA
101,41,count-odds,lexicase,FALSE,20,elitize_generation_data,100,128,0.816,NA
102,41,count-odds,lexicase,FALSE,20,elitize_generation_data,101,108,0.805,NA
103,41,count-odds,lexicase,FALSE,20,elitize_generation_data,102,114,0.787,NA
104,41,count-odds,lexicase,FALSE,20,elitize_generation_data,103,103,0.826,NA
105,41,count-odds,lexicase,FALSE,20,elitize_generation_data,104,104,0.799,NA
106,41,count-odds,lexicase,FALSE,20,elitize_generation_data,105,100,0.804,NA
107,41,count-odds,lexicase,FALSE,20,elitize_generation_data,106,104,0.793,NA
108,41,count-odds,lexicase,FALSE,20,elitize_generation_data,107,98,0.809,NA
109,41,count-odds,lexicase,FALSE,20,elitize_generation_data,108,94,0.811,NA
110,41,count-odds,lexicase,FALSE,20,elitize_generation_data,109,89,0.818,NA
111,41,count-odds,lexicase,FALSE,20,elitize_generation_data,110,89,0.789,NA
112,41,count-odds,lexicase,FALSE,20,elitize_generation_data,111,101,0.809,NA
113,41,count-odds,lexicase,FALSE,20,elitize_generation_data,112,105,0.782,NA
114,41,count-odds,lexicase,FALSE,20,elitize_generation_data,113,114,0.795,NA
115,41,count-odds,lexicase,FALSE,20,elitize_generation_data,114,110,0.803,NA
116,41,count-odds,lexicase,FALSE,20,elitize_generation_data,115,104,0.807,NA
117,41,count-odds,lexicase,FALSE,20,elitize_generation_data,116,106,0.793,NA
118,41,count-odds,lexicase,FALSE,20,elitize_generation_data,117,109,0.793,NA
119,41,count-odds,lexicase,FALSE,20,elitize_generation_data,118,104,0.785,NA
120,41,count-odds,lexicase,FALSE,20,elitize_generation_data,119,107,0.8,NA
121,41,count-odds,lexicase,FALSE,20,elitize_generation_data,120,98,0.798,NA
122,41,count-odds,lexicase,FALSE,20,elitize_generation_data,121,96,0.792,NA
123,41,count-odds,lexicase,FALSE,20,elitize_generation_data,122,106,0.791,NA
124,41,count-odds,lexicase,FALSE,20,elitize_generation_data,123,97,0.791,NA
125,41,count-odds,lexicase,FALSE,20,elitize_generation_data,124,124,0.81,NA
126,41,count-odds,lexicase,FALSE,20,elitize_generation_data,125,119,0.794,NA
127,41,count-odds,lexicase,FALSE,20,elitize_generation_data,126,121,0.818,NA
128,41,count-odds,lexicase,FALSE,20,elitize_generation_data,127,121,0.803,NA
129,41,count-odds,lexicase,FALSE,20,elitize_generation_data,128,114,0.812,NA
130,41,count-odds,lexicase,FALSE,20,elitize_generation_data,129,114,0.799,NA
131,41,count-odds,lexicase,FALSE,20,elitize_generation_data,130,107,0.808,NA
132,41,count-odds,lexicase,FALSE,20,elitize_generation_data,131,104,0.814,NA
133,41,count-odds,lexicase,FALSE,20,elitize_generation_data,132,112,0.798,NA
134,41,count-odds,lexicase,FALSE,20,elitize_generation_data,133,115,0.811,NA
135,41,count-odds,lexicase,FALSE,20,elitize_generation_data,134,122,0.829,NA
136,41,count-odds,lexicase,FALSE,20,elitize_generation_data,135,115,0.818,NA
137,41,count-odds,lexicase,FALSE,20,elitize_generation_data,136,113,0.81,NA
138,41,count-odds,lexicase,FALSE,20,elitize_generation_data,137,117,0.794,NA
139,41,count-odds,lexicase,FALSE,20,elitize_generation_data,138,110,0.825,NA
140,41,count-odds,lexicase,FALSE,20,elitize_generation_data,139,113,0.793,NA
141,41,count-odds,lexicase,FALSE,20,elitize_generation_data,140,111,0.813,NA
142,41,count-odds,lexicase,FALSE,20,elitize_generation_data,141,115,0.795,NA
143,41,count-odds,lexicase,FALSE,20,elitize_generation_data,142,122,0.791,NA
144,41,count-odds,lexicase,FALSE,20,elitize_generation_data,143,121,0.802,NA
145,41,count-odds,lexicase,FALSE,20,elitize_generation_data,144,119,0.802,NA
146,41,count-odds,lexicase,FALSE,20,elitize_generation_data,145,119,0.797,NA
147,41,count-odds,lexicase,FALSE,20,elitize_generation_data,146,128,0.796,NA
148,41,count-odds,lexicase,FALSE,20,elitize_generation_data,147,126,0.753,NA
149,41,count-odds,lexicase,FALSE,20,elitize_generation_data,148,121,0.775,NA
150,41,count-odds,lexicase,FALSE,20,elitize_generation_data,149,123,0.792,NA
151,41,count-odds,lexicase,FALSE,20,elitize_generation_data,150,116,0.781,NA
152,41,count-odds,lexicase,FALSE,20,elitize_generation_data,151,107,0.769,NA
153,41,count-odds,lexicase,FALSE,20,elitize_generation_data,152,114,0.805,NA
154,41,count-odds,lexicase,FALSE,20,elitize_generation_data,153,106,0.779,NA
155,41,count-odds,lexicase,FALSE,20,elitize_generation_data,154,120,0.766,NA
156,41,count-odds,lexicase,FALSE,20,elitize_generation_data,155,121,0.8,NA
157,41,count-odds,lexicase,FALSE,20,elitize_generation_data,156,112,0.775,NA
158,41,count-odds,lexicase,FALSE,20,elitize_generation_data,157,109,0.788,NA
159,41,count-odds,lexicase,FALSE,20,elitize_generation_data,158,120,0.736,NA
160,41,count-odds,lexicase,FALSE,20,elitize_generation_data,159,123,0.782,NA
161,41,count-odds,lexicase,FALSE,20,elitize_generation_data,160,124,0.763,NA
162,41,count-odds,lexicase,FALSE,20,elitize_generation_data,161,121,0.795,NA
163,41,count-odds,lexicase,FALSE,20,elitize_generation_data,162,130,0.772,NA
164,41,count-odds,lexicase,FALSE,20,elitize_generation_data,163,131,0.763,NA
165,41,count-odds,lexicase,FALSE,20,elitize_generation_data,164,134,0.774,NA
166,41,count-odds,lexicase,FALSE,20,elitize_generation_data,165,137,0.765,NA
167,41,count-odds,lexicase,FALSE,20,elitize_generation_data,166,135,0.773,NA
168,41,count-odds,lexicase,FALSE,20,elitize_generation_data,167,131,0.756,NA
169,41,count-odds,lexicase,FALSE,20,elitize_generation_data,168,127,0.745,NA
170,41,count-odds,lexicase,FALSE,20,elitize_generation_data,169,122,0.73,NA
171,41,count-odds,lexicase,FALSE,20,elitize_generation_data,170,116,0.741,NA
172,41,count-odds,lexicase,FALSE,20,elitize_generation_data,171,123,0.776,NA
173,41,count-odds,lexicase,FALSE,20,elitize_generation_data,172,118,0.741,NA
174,41,count-odds,lexicase,FALSE,20,elitize_generation_data,173,114,0.738,NA
175,41,count-odds,lexicase,FALSE,20,elitize_generation_data,174,118,0.743,NA
176,41,count-odds,lexicase,FALSE,20,elitize_generation_data,175,127,0.749,NA
177,41,count-odds,lexicase,FALSE,20,elitize_generation_data,176,118,0.76,NA
178,41,count-odds,lexicase,FALSE,20,elitize_generation_data,177,127,0.766,NA
179,41,count-odds,lexicase,FALSE,20,elitize_generation_data,178,126,0.757,NA
180,41,count-odds,lexicase,FALSE,20,elitize_generation_data,179,127,0.755,NA
181,41,count-odds,lexicase,FALSE,20,elitize_generation_data,180,140,0.744,NA
182,41,count-odds,lexicase,FALSE,20,elitize_generation_data,181,126,0.739,NA
183,41,count-odds,lexicase,FALSE,20,elitize_generation_data,182,121,0.744,NA
184,41,count-odds,lexicase,FALSE,20,elitize_generation_data,183,127,0.744,NA
185,41,count-odds,lexicase,FALSE,20,elitize_generation_data,184,107,0.792,NA
186,41,count-odds,lexicase,FALSE,20,elitize_generation_data,185,114,0.749,NA
187,41,count-odds,lexicase,FALSE,20,elitize_generation_data,186,120,0.765,NA
188,41,count-odds,lexicase,FALSE,20,elitize_generation_data,187,116,0.736,NA
189,41,count-odds,lexicase,FALSE,20,elitize_generation_data,188,98,0.756,NA
190,41,count-odds,lexicase,FALSE,20,elitize_generation_data,189,108,0.753,NA
191,41,count-odds,lexicase,FALSE,20,elitize_generation_data,190,112,0.725,NA
192,41,count-odds,lexicase,FALSE,20,elitize_generation_data,191,99,0.715,NA
193,41,count-odds,lexicase,FALSE,20,elitize_generation_data,192,99,0.712,NA
194,41,count-odds,lexicase,FALSE,20,elitize_generation_data,193,115,0.729,NA
195,41,count-odds,lexicase,FALSE,20,elitize_generation_data,194,126,0.742,NA
196,41,count-odds,lexicase,FALSE,20,elitize_generation_data,195,114,0.742,NA
197,41,count-odds,lexicase,FALSE,20,elitize_generation_data,196,116,0.72,NA
198,41,count-odds,lexicase,FALSE,20,elitize_generation_data,197,120,0.738,NA
199,41,count-odds,lexicase,FALSE,20,elitize_generation_data,198,125,0.713,NA
200,41,count-odds,lexicase,FALSE,20,elitize_generation_data,199,121,0.722,NA
201,41,count-odds,lexicase,FALSE,20,elitize_generation_data,200,124,0.713,NA
202,41,count-odds,lexicase,FALSE,20,elitize_generation_data,201,127,0.714,NA
203,41,count-odds,lexicase,FALSE,20,elitize_generation_data,202,110,0.712,NA
204,41,count-odds,lexicase,FALSE,20,elitize_generation_data,203,114,0.741,NA
205,41,count-odds,lexicase,FALSE,20,elitize_generation_data,204,118,0.75,NA
206,41,count-odds,lexicase,FALSE,20,elitize_generation_data,205,123,0.727,NA
207,41,count-odds,lexicase,FALSE,20,elitize_generation_data,206,117,0.732,NA
208,41,count-odds,lexicase,FALSE,20,elitize_generation_data,207,126,0.766,NA
209,41,count-odds,lexicase,FALSE,20,elitize_generation_data,208,123,0.752,NA
210,41,count-odds,lexicase,FALSE,20,elitize_generation_data,209,129,0.736,NA
211,41,count-odds,lexicase,FALSE,20,elitize_generation_data,210,119,0.736,NA
212,41,count-odds,lexicase,FALSE,20,elitize_generation_data,211,124,0.737,NA
213,41,count-odds,lexicase,FALSE,20,elitize_generation_data,212,121,0.732,NA
214,41,count-odds,lexicase,FALSE,20,elitize_generation_data,213,119,0.741,NA
215,41,count-odds,lexicase,FALSE,20,elitize_generation_data,214,124,0.737,NA
216,41,count-odds,lexicase,FALSE,20,elitize_generation_data,215,121,0.712,NA
217,41,count-odds,lexicase,FALSE,20,elitize_generation_data,216,127,0.73,NA
218,41,count-odds,lexicase,FALSE,20,elitize_generation_data,217,112,0.741,NA
219,41,count-odds,lexicase,FALSE,20,elitize_generation_data,218,112,0.724,NA
220,41,count-odds,lexicase,FALSE,20,elitize_generation_data,219,125,0.749,NA
221,41,count-odds,lexicase,FALSE,20,elitize_generation_data,220,102,0.728,NA
222,41,count-odds,lexicase,FALSE,20,elitize_generation_data,221,109,0.738,NA
223,41,count-odds,lexicase,FALSE,20,elitize_generation_data,222,111,0.711,NA
224,41,count-odds,lexicase,FALSE,20,elitize_generation_data,223,109,0.7,NA
225,41,count-odds,lexicase,FALSE,20,elitize_generation_data,224,109,0.736,NA
226,41,count-odds,lexicase,FALSE,20,elitize_generation_data,225,115,0.73,NA
227,41,count-odds,lexicase,FALSE,20,elitize_generation_data,226,105,0.738,NA
228,41,count-odds,lexicase,FALSE,20,elitize_generation_data,227,114,0.736,NA
229,41,count-odds,lexicase,FALSE,20,elitize_generation_data,228,106,0.723,NA
230,41,count-odds,lexicase,FALSE,20,elitize_generation_data,229,109,0.731,NA
231,41,count-odds,lexicase,FALSE,20,elitize_generation_data,230,114,0.739,NA
232,41,count-odds,lexicase,FALSE,20,elitize_generation_data,231,97,0.735,NA
233,41,count-odds,lexicase,FALSE,20,elitize_generation_data,232,99,0.737,NA
234,41,count-odds,lexicase,FALSE,20,elitize_generation_data,233,94,0.7,NA
235,41,count-odds,lexicase,FALSE,20,elitize_generation_data,234,103,0.709,NA
236,41,count-odds,lexicase,FALSE,20,elitize_generation_data,235,109,0.716,NA
237,41,count-odds,lexicase,FALSE,20,elitize_generation_data,236,113,0.714,NA
238,41,count-odds,lexicase,FALSE,20,elitize_generation_data,237,100,0.733,NA
239,41,count-odds,lexicase,FALSE,20,elitize_generation_data,238,104,0.708,NA
240,41,count-odds,lexicase,FALSE,20,elitize_generation_data,239,105,0.73,NA
241,41,count-odds,lexicase,FALSE,20,elitize_generation_data,240,106,0.73,NA
242,41,count-odds,lexicase,FALSE,20,elitize_generation_data,241,100,0.749,NA
243,41,count-odds,lexicase,FALSE,20,elitize_generation_data,242,105,0.728,NA
244,41,count-odds,lexicase,FALSE,20,elitize_generation_data,243,116,0.733,NA
245,41,count-odds,lexicase,FALSE,20,elitize_generation_data,244,102,0.72,NA
246,41,count-odds,lexicase,FALSE,20,elitize_generation_data,245,108,0.73,NA
247,41,count-odds,lexicase,FALSE,20,elitize_generation_data,246,97,0.729,NA
248,41,count-odds,lexicase,FALSE,20,elitize_generation_data,247,101,0.723,NA
249,41,count-odds,lexicase,FALSE,20,elitize_generation_data,248,108,0.715,NA
250,41,count-odds,lexicase,FALSE,20,elitize_generation_data,249,95,0.747,NA
251,41,count-odds,lexicase,FALSE,20,elitize_generation_data,250,105,0.726,NA
252,41,count-odds,lexicase,FALSE,20,elitize_generation_data,251,89,0.715,NA
253,41,count-odds,lexicase,FALSE,20,elitize_generation_data,252,103,0.715,NA
254,41,count-odds,lexicase,FALSE,20,elitize_generation_data,253,93,0.729,NA
255,41,count-odds,lexicase,FALSE,20,elitize_generation_data,254,88,0.71,NA
256,41,count-odds,lexicase,FALSE,20,elitize_generation_data,255,97,0.717,NA
257,41,count-odds,lexicase,FALSE,20,elitize_generation_data,256,101,0.722,NA
258,41,count-odds,lexicase,FALSE,20,elitize_generation_data,257,104,0.718,NA
259,41,count-odds,lexicase,FALSE,20,elitize_generation_data,258,113,0.731,NA
260,41,count-odds,lexicase,FALSE,20,elitize_generation_data,259,104,0.755,NA
261,41,count-odds,lexicase,FALSE,20,elitize_generation_data,260,114,0.738,NA
262,41,count-odds,lexicase,FALSE,20,elitize_generation_data,261,108,0.734,NA
263,41,count-odds,lexicase,FALSE,20,elitize_generation_data,262,115,0.761,NA
264,41,count-odds,lexicase,FALSE,20,elitize_generation_data,263,114,0.746,NA
265,41,count-odds,lexicase,FALSE,20,elitize_generation_data,264,122,0.757,NA
266,41,count-odds,lexicase,FALSE,20,elitize_generation_data,265,119,0.729,NA
267,41,count-odds,lexicase,FALSE,20,elitize_generation_data,266,120,0.743,NA
268,41,count-odds,lexicase,FALSE,20,elitize_generation_data,267,114,0.776,NA
269,41,count-odds,lexicase,FALSE,20,elitize_generation_data,268,110,0.726,NA
270,41,count-odds,lexicase,FALSE,20,elitize_generation_data,269,113,0.759,NA
271,41,count-odds,lexicase,FALSE,20,elitize_generation_data,270,110,0.738,NA
272,41,count-odds,lexicase,FALSE,20,elitize_generation_data,271,111,0.742,NA
273,41,count-odds,lexicase,FALSE,20,elitize_generation_data,272,111,0.729,NA
274,41,count-odds,lexicase,FALSE,20,elitize_generation_data,273,107,0.745,NA
275,41,count-odds,lexicase,FALSE,20,elitize_generation_data,274,114,0.738,NA
276,41,count-odds,lexicase,FALSE,20,elitize_generation_data,275,115,0.75,NA
277,41,count-odds,lexicase,FALSE,20,elitize_generation_data,276,118,0.723,NA
278,41,count-odds,lexicase,FALSE,20,elitize_generation_data,277,125,0.715,NA
279,41,count-odds,lexicase,FALSE,20,elitize_generation_data,278,133,0.735,NA
280,41,count-odds,lexicase,FALSE,20,elitize_generation_data,279,120,0.735,NA
281,41,count-odds,lexicase,FALSE,20,elitize_generation_data,280,127,0.749,NA
282,41,count-odds,lexicase,FALSE,20,elitize_generation_data,281,127,0.767,NA
283,41,count-odds,lexicase,FALSE,20,elitize_generation_data,282,123,0.731,NA
284,41,count-odds,lexicase,FALSE,20,elitize_generation_data,283,133,0.736,NA
285,41,count-odds,lexicase,FALSE,20,elitize_generation_data,284,127,0.72,NA
286,41,count-odds,lexicase,FALSE,20,elitize_generation_data,285,143,0.738,NA
287,41,count-odds,lexicase,FALSE,20,elitize_generation_data,286,146,0.729,NA
288,41,count-odds,lexicase,FALSE,20,elitize_generation_data,287,142,0.754,NA
289,41,count-odds,lexicase,FALSE,20,elitize_generation_data,288,143,0.769,NA
290,41,count-odds,lexicase,FALSE,20,elitize_generation_data,289,135,0.743,NA
291,41,count-odds,lexicase,FALSE,20,elitize_generation_data,290,133,0.776,NA
292,41,count-odds,lexicase,FALSE,20,elitize_generation_data,291,127,0.778,NA
293,41,count-odds,lexicase,FALSE,20,elitize_generation_data,292,132,0.762,NA
294,41,count-odds,lexicase,FALSE,20,elitize_generation_data,293,133,0.756,NA
295,41,count-odds,lexicase,FALSE,20,elitize_generation_data,294,126,0.724,NA
296,41,count-odds,lexicase,FALSE,20,elitize_generation_data,295,127,0.75,NA
297,41,count-odds,lexicase,FALSE,20,elitize_generation_data,296,120,0.742,NA
298,41,count-odds,lexicase,FALSE,20,elitize_generation_data,297,130,0.751,NA
299,41,count-odds,lexicase,FALSE,20,elitize_generation_data,298,119,0.741,NA
300,41,count-odds,lexicase,FALSE,20,elitize_generation_data,299,127,0.748,NA
301,41,count-odds,lexicase,FALSE,20,elitize_generation_data,300,117,0.741,NA
