,run.num,problem,treatment,succeeded,height,normalization.function,generation,cluster.count,error.diversity,success.generation
1,45,count-odds,lexicase,FALSE,20,elitize_generation_data,0,4,0.184,NA
2,45,count-odds,lexicase,FALSE,20,elitize_generation_data,1,7,0.217,NA
3,45,count-odds,lexicase,FALSE,20,elitize_generation_data,2,10,0.384,NA
4,45,count-odds,lexicase,FALSE,20,elitize_generation_data,3,14,0.488,NA
5,45,count-odds,lexicase,FALSE,20,elitize_generation_data,4,18,0.621,NA
6,45,count-odds,lexicase,FALSE,20,elitize_generation_data,5,18,0.647,NA
7,45,count-odds,lexicase,FALSE,20,elitize_generation_data,6,19,0.683,NA
8,45,count-odds,lexicase,FALSE,20,elitize_generation_data,7,30,0.745,NA
9,45,count-odds,lexicase,FALSE,20,elitize_generation_data,8,31,0.769,NA
10,45,count-odds,lexicase,FALSE,20,elitize_generation_data,9,39,0.762,NA
11,45,count-odds,lexicase,FALSE,20,elitize_generation_data,10,37,0.779,NA
12,45,count-odds,lexicase,FALSE,20,elitize_generation_data,11,44,0.792,NA
13,45,count-odds,lexicase,FALSE,20,elitize_generation_data,12,45,0.798,NA
14,45,count-odds,lexicase,FALSE,20,elitize_generation_data,13,52,0.795,NA
15,45,count-odds,lexicase,FALSE,20,elitize_generation_data,14,49,0.781,NA
16,45,count-odds,lexicase,FALSE,20,elitize_generation_data,15,55,0.812,NA
17,45,count-odds,lexicase,FALSE,20,elitize_generation_data,16,40,0.803,NA
18,45,count-odds,lexicase,FALSE,20,elitize_generation_data,17,55,0.814,NA
19,45,count-odds,lexicase,FALSE,20,elitize_generation_data,18,61,0.808,NA
20,45,count-odds,lexicase,FALSE,20,elitize_generation_data,19,59,0.808,NA
21,45,count-odds,lexicase,FALSE,20,elitize_generation_data,20,70,0.833,NA
22,45,count-odds,lexicase,FALSE,20,elitize_generation_data,21,70,0.802,NA
23,45,count-odds,lexicase,FALSE,20,elitize_generation_data,22,67,0.782,NA
24,45,count-odds,lexicase,FALSE,20,elitize_generation_data,23,76,0.818,NA
25,45,count-odds,lexicase,FALSE,20,elitize_generation_data,24,79,0.812,NA
26,45,count-odds,lexicase,FALSE,20,elitize_generation_data,25,77,0.807,NA
27,45,count-odds,lexicase,FALSE,20,elitize_generation_data,26,75,0.815,NA
28,45,count-odds,lexicase,FALSE,20,elitize_generation_data,27,83,0.858,NA
29,45,count-odds,lexicase,FALSE,20,elitize_generation_data,28,82,0.822,NA
30,45,count-odds,lexicase,FALSE,20,elitize_generation_data,29,79,0.816,NA
31,45,count-odds,lexicase,FALSE,20,elitize_generation_data,30,78,0.828,NA
32,45,count-odds,lexicase,FALSE,20,elitize_generation_data,31,94,0.811,NA
33,45,count-odds,lexicase,FALSE,20,elitize_generation_data,32,94,0.799,NA
34,45,count-odds,lexicase,FALSE,20,elitize_generation_data,33,95,0.834,NA
35,45,count-odds,lexicase,FALSE,20,elitize_generation_data,34,88,0.82,NA
36,45,count-odds,lexicase,FALSE,20,elitize_generation_data,35,96,0.824,NA
37,45,count-odds,lexicase,FALSE,20,elitize_generation_data,36,94,0.807,NA
38,45,count-odds,lexicase,FALSE,20,elitize_generation_data,37,116,0.805,NA
39,45,count-odds,lexicase,FALSE,20,elitize_generation_data,38,107,0.854,NA
40,45,count-odds,lexicase,FALSE,20,elitize_generation_data,39,117,0.835,NA
41,45,count-odds,lexicase,FALSE,20,elitize_generation_data,40,113,0.811,NA
42,45,count-odds,lexicase,FALSE,20,elitize_generation_data,41,103,0.836,NA
43,45,count-odds,lexicase,FALSE,20,elitize_generation_data,42,116,0.833,NA
44,45,count-odds,lexicase,FALSE,20,elitize_generation_data,43,107,0.812,NA
45,45,count-odds,lexicase,FALSE,20,elitize_generation_data,44,111,0.807,NA
46,45,count-odds,lexicase,FALSE,20,elitize_generation_data,45,104,0.797,NA
47,45,count-odds,lexicase,FALSE,20,elitize_generation_data,46,107,0.809,NA
48,45,count-odds,lexicase,FALSE,20,elitize_generation_data,47,118,0.817,NA
49,45,count-odds,lexicase,FALSE,20,elitize_generation_data,48,132,0.829,NA
50,45,count-odds,lexicase,FALSE,20,elitize_generation_data,49,131,0.832,NA
51,45,count-odds,lexicase,FALSE,20,elitize_generation_data,50,138,0.836,NA
52,45,count-odds,lexicase,FALSE,20,elitize_generation_data,51,140,0.843,NA
53,45,count-odds,lexicase,FALSE,20,elitize_generation_data,52,130,0.849,NA
54,45,count-odds,lexicase,FALSE,20,elitize_generation_data,53,138,0.831,NA
55,45,count-odds,lexicase,FALSE,20,elitize_generation_data,54,130,0.857,NA
56,45,count-odds,lexicase,FALSE,20,elitize_generation_data,55,126,0.833,NA
57,45,count-odds,lexicase,FALSE,20,elitize_generation_data,56,125,0.854,NA
58,45,count-odds,lexicase,FALSE,20,elitize_generation_data,57,140,0.845,NA
59,45,count-odds,lexicase,FALSE,20,elitize_generation_data,58,140,0.843,NA
60,45,count-odds,lexicase,FALSE,20,elitize_generation_data,59,135,0.859,NA
61,45,count-odds,lexicase,FALSE,20,elitize_generation_data,60,132,0.871,NA
62,45,count-odds,lexicase,FALSE,20,elitize_generation_data,61,129,0.863,NA
63,45,count-odds,lexicase,FALSE,20,elitize_generation_data,62,115,0.854,NA
64,45,count-odds,lexicase,FALSE,20,elitize_generation_data,63,134,0.883,NA
65,45,count-odds,lexicase,FALSE,20,elitize_generation_data,64,131,0.86,NA
66,45,count-odds,lexicase,FALSE,20,elitize_generation_data,65,116,0.849,NA
67,45,count-odds,lexicase,FALSE,20,elitize_generation_data,66,122,0.871,NA
68,45,count-odds,lexicase,FALSE,20,elitize_generation_data,67,124,0.869,NA
69,45,count-odds,lexicase,FALSE,20,elitize_generation_data,68,138,0.868,NA
70,45,count-odds,lexicase,FALSE,20,elitize_generation_data,69,146,0.857,NA
71,45,count-odds,lexicase,FALSE,20,elitize_generation_data,70,143,0.889,NA
72,45,count-odds,lexicase,FALSE,20,elitize_generation_data,71,143,0.871,NA
73,45,count-odds,lexicase,FALSE,20,elitize_generation_data,72,141,0.867,NA
74,45,count-odds,lexicase,FALSE,20,elitize_generation_data,73,147,0.849,NA
75,45,count-odds,lexicase,FALSE,20,elitize_generation_data,74,128,0.847,NA
76,45,count-odds,lexicase,FALSE,20,elitize_generation_data,75,133,0.865,NA
77,45,count-odds,lexicase,FALSE,20,elitize_generation_data,76,134,0.864,NA
78,45,count-odds,lexicase,FALSE,20,elitize_generation_data,77,126,0.866,NA
79,45,count-odds,lexicase,FALSE,20,elitize_generation_data,78,123,0.865,NA
80,45,count-odds,lexicase,FALSE,20,elitize_generation_data,79,129,0.872,NA
81,45,count-odds,lexicase,FALSE,20,elitize_generation_data,80,146,0.871,NA
82,45,count-odds,lexicase,FALSE,20,elitize_generation_data,81,139,0.874,NA
83,45,count-odds,lexicase,FALSE,20,elitize_generation_data,82,133,0.863,NA
84,45,count-odds,lexicase,FALSE,20,elitize_generation_data,83,139,0.863,NA
85,45,count-odds,lexicase,FALSE,20,elitize_generation_data,84,120,0.845,NA
86,45,count-odds,lexicase,FALSE,20,elitize_generation_data,85,152,0.862,NA
87,45,count-odds,lexicase,FALSE,20,elitize_generation_data,86,126,0.851,NA
88,45,count-odds,lexicase,FALSE,20,elitize_generation_data,87,132,0.854,NA
89,45,count-odds,lexicase,FALSE,20,elitize_generation_data,88,134,0.883,NA
90,45,count-odds,lexicase,FALSE,20,elitize_generation_data,89,123,0.87,NA
91,45,count-odds,lexicase,FALSE,20,elitize_generation_data,90,122,0.858,NA
92,45,count-odds,lexicase,FALSE,20,elitize_generation_data,91,125,0.861,NA
93,45,count-odds,lexicase,FALSE,20,elitize_generation_data,92,138,0.879,NA
94,45,count-odds,lexicase,FALSE,20,elitize_generation_data,93,143,0.849,NA
95,45,count-odds,lexicase,FALSE,20,elitize_generation_data,94,139,0.861,NA
96,45,count-odds,lexicase,FALSE,20,elitize_generation_data,95,137,0.834,NA
97,45,count-odds,lexicase,FALSE,20,elitize_generation_data,96,136,0.863,NA
98,45,count-odds,lexicase,FALSE,20,elitize_generation_data,97,129,0.863,NA
99,45,count-odds,lexicase,FALSE,20,elitize_generation_data,98,133,0.84,NA
100,45,count-odds,lexicase,FALSE,20,elitize_generation_data,99,132,0.828,NA
101,45,count-odds,lexicase,FALSE,20,elitize_generation_data,100,126,0.834,NA
102,45,count-odds,lexicase,FALSE,20,elitize_generation_data,101,140,0.833,NA
103,45,count-odds,lexicase,FALSE,20,elitize_generation_data,102,128,0.839,NA
104,45,count-odds,lexicase,FALSE,20,elitize_generation_data,103,132,0.834,NA
105,45,count-odds,lexicase,FALSE,20,elitize_generation_data,104,134,0.847,NA
106,45,count-odds,lexicase,FALSE,20,elitize_generation_data,105,135,0.845,NA
107,45,count-odds,lexicase,FALSE,20,elitize_generation_data,106,132,0.835,NA
108,45,count-odds,lexicase,FALSE,20,elitize_generation_data,107,150,0.842,NA
109,45,count-odds,lexicase,FALSE,20,elitize_generation_data,108,141,0.847,NA
110,45,count-odds,lexicase,FALSE,20,elitize_generation_data,109,134,0.814,NA
111,45,count-odds,lexicase,FALSE,20,elitize_generation_data,110,132,0.825,NA
112,45,count-odds,lexicase,FALSE,20,elitize_generation_data,111,142,0.842,NA
113,45,count-odds,lexicase,FALSE,20,elitize_generation_data,112,142,0.845,NA
114,45,count-odds,lexicase,FALSE,20,elitize_generation_data,113,137,0.818,NA
115,45,count-odds,lexicase,FALSE,20,elitize_generation_data,114,121,0.818,NA
116,45,count-odds,lexicase,FALSE,20,elitize_generation_data,115,129,0.821,NA
117,45,count-odds,lexicase,FALSE,20,elitize_generation_data,116,124,0.838,NA
118,45,count-odds,lexicase,FALSE,20,elitize_generation_data,117,139,0.822,NA
119,45,count-odds,lexicase,FALSE,20,elitize_generation_data,118,133,0.832,NA
120,45,count-odds,lexicase,FALSE,20,elitize_generation_data,119,143,0.841,NA
121,45,count-odds,lexicase,FALSE,20,elitize_generation_data,120,135,0.855,NA
122,45,count-odds,lexicase,FALSE,20,elitize_generation_data,121,131,0.832,NA
123,45,count-odds,lexicase,FALSE,20,elitize_generation_data,122,137,0.842,NA
124,45,count-odds,lexicase,FALSE,20,elitize_generation_data,123,149,0.819,NA
125,45,count-odds,lexicase,FALSE,20,elitize_generation_data,124,145,0.823,NA
126,45,count-odds,lexicase,FALSE,20,elitize_generation_data,125,144,0.842,NA
127,45,count-odds,lexicase,FALSE,20,elitize_generation_data,126,144,0.827,NA
128,45,count-odds,lexicase,FALSE,20,elitize_generation_data,127,142,0.84,NA
129,45,count-odds,lexicase,FALSE,20,elitize_generation_data,128,136,0.829,NA
130,45,count-odds,lexicase,FALSE,20,elitize_generation_data,129,149,0.831,NA
131,45,count-odds,lexicase,FALSE,20,elitize_generation_data,130,154,0.848,NA
132,45,count-odds,lexicase,FALSE,20,elitize_generation_data,131,140,0.843,NA
133,45,count-odds,lexicase,FALSE,20,elitize_generation_data,132,147,0.852,NA
134,45,count-odds,lexicase,FALSE,20,elitize_generation_data,133,137,0.847,NA
135,45,count-odds,lexicase,FALSE,20,elitize_generation_data,134,127,0.86,NA
136,45,count-odds,lexicase,FALSE,20,elitize_generation_data,135,118,0.814,NA
137,45,count-odds,lexicase,FALSE,20,elitize_generation_data,136,121,0.822,NA
138,45,count-odds,lexicase,FALSE,20,elitize_generation_data,137,144,0.837,NA
139,45,count-odds,lexicase,FALSE,20,elitize_generation_data,138,138,0.794,NA
140,45,count-odds,lexicase,FALSE,20,elitize_generation_data,139,130,0.804,NA
141,45,count-odds,lexicase,FALSE,20,elitize_generation_data,140,139,0.83,NA
142,45,count-odds,lexicase,FALSE,20,elitize_generation_data,141,138,0.819,NA
143,45,count-odds,lexicase,FALSE,20,elitize_generation_data,142,126,0.808,NA
144,45,count-odds,lexicase,FALSE,20,elitize_generation_data,143,128,0.803,NA
145,45,count-odds,lexicase,FALSE,20,elitize_generation_data,144,132,0.813,NA
146,45,count-odds,lexicase,FALSE,20,elitize_generation_data,145,127,0.805,NA
147,45,count-odds,lexicase,FALSE,20,elitize_generation_data,146,127,0.811,NA
148,45,count-odds,lexicase,FALSE,20,elitize_generation_data,147,136,0.85,NA
149,45,count-odds,lexicase,FALSE,20,elitize_generation_data,148,152,0.806,NA
150,45,count-odds,lexicase,FALSE,20,elitize_generation_data,149,152,0.826,NA
151,45,count-odds,lexicase,FALSE,20,elitize_generation_data,150,142,0.828,NA
152,45,count-odds,lexicase,FALSE,20,elitize_generation_data,151,153,0.831,NA
153,45,count-odds,lexicase,FALSE,20,elitize_generation_data,152,149,0.826,NA
154,45,count-odds,lexicase,FALSE,20,elitize_generation_data,153,142,0.8,NA
155,45,count-odds,lexicase,FALSE,20,elitize_generation_data,154,144,0.831,NA
156,45,count-odds,lexicase,FALSE,20,elitize_generation_data,155,146,0.808,NA
157,45,count-odds,lexicase,FALSE,20,elitize_generation_data,156,135,0.833,NA
158,45,count-odds,lexicase,FALSE,20,elitize_generation_data,157,133,0.824,NA
159,45,count-odds,lexicase,FALSE,20,elitize_generation_data,158,151,0.836,NA
160,45,count-odds,lexicase,FALSE,20,elitize_generation_data,159,150,0.84,NA
161,45,count-odds,lexicase,FALSE,20,elitize_generation_data,160,150,0.828,NA
162,45,count-odds,lexicase,FALSE,20,elitize_generation_data,161,155,0.833,NA
163,45,count-odds,lexicase,FALSE,20,elitize_generation_data,162,163,0.844,NA
164,45,count-odds,lexicase,FALSE,20,elitize_generation_data,163,166,0.839,NA
165,45,count-odds,lexicase,FALSE,20,elitize_generation_data,164,160,0.845,NA
166,45,count-odds,lexicase,FALSE,20,elitize_generation_data,165,160,0.847,NA
167,45,count-odds,lexicase,FALSE,20,elitize_generation_data,166,176,0.831,NA
168,45,count-odds,lexicase,FALSE,20,elitize_generation_data,167,171,0.861,NA
169,45,count-odds,lexicase,FALSE,20,elitize_generation_data,168,174,0.857,NA
170,45,count-odds,lexicase,FALSE,20,elitize_generation_data,169,168,0.871,NA
171,45,count-odds,lexicase,FALSE,20,elitize_generation_data,170,166,0.875,NA
172,45,count-odds,lexicase,FALSE,20,elitize_generation_data,171,163,0.85,NA
173,45,count-odds,lexicase,FALSE,20,elitize_generation_data,172,159,0.831,NA
174,45,count-odds,lexicase,FALSE,20,elitize_generation_data,173,162,0.843,NA
175,45,count-odds,lexicase,FALSE,20,elitize_generation_data,174,157,0.869,NA
176,45,count-odds,lexicase,FALSE,20,elitize_generation_data,175,168,0.843,NA
177,45,count-odds,lexicase,FALSE,20,elitize_generation_data,176,167,0.852,NA
178,45,count-odds,lexicase,FALSE,20,elitize_generation_data,177,155,0.865,NA
179,45,count-odds,lexicase,FALSE,20,elitize_generation_data,178,144,0.841,NA
180,45,count-odds,lexicase,FALSE,20,elitize_generation_data,179,158,0.852,NA
181,45,count-odds,lexicase,FALSE,20,elitize_generation_data,180,166,0.866,NA
182,45,count-odds,lexicase,FALSE,20,elitize_generation_data,181,160,0.861,NA
183,45,count-odds,lexicase,FALSE,20,elitize_generation_data,182,170,0.849,NA
184,45,count-odds,lexicase,FALSE,20,elitize_generation_data,183,163,0.826,NA
185,45,count-odds,lexicase,FALSE,20,elitize_generation_data,184,168,0.845,NA
186,45,count-odds,lexicase,FALSE,20,elitize_generation_data,185,164,0.852,NA
187,45,count-odds,lexicase,FALSE,20,elitize_generation_data,186,169,0.864,NA
188,45,count-odds,lexicase,FALSE,20,elitize_generation_data,187,170,0.854,NA
189,45,count-odds,lexicase,FALSE,20,elitize_generation_data,188,174,0.869,NA
190,45,count-odds,lexicase,FALSE,20,elitize_generation_data,189,180,0.852,NA
191,45,count-odds,lexicase,FALSE,20,elitize_generation_data,190,174,0.857,NA
192,45,count-odds,lexicase,FALSE,20,elitize_generation_data,191,174,0.857,NA
193,45,count-odds,lexicase,FALSE,20,elitize_generation_data,192,170,0.857,NA
194,45,count-odds,lexicase,FALSE,20,elitize_generation_data,193,176,0.829,NA
195,45,count-odds,lexicase,FALSE,20,elitize_generation_data,194,177,0.864,NA
196,45,count-odds,lexicase,FALSE,20,elitize_generation_data,195,177,0.858,NA
197,45,count-odds,lexicase,FALSE,20,elitize_generation_data,196,192,0.861,NA
198,45,count-odds,lexicase,FALSE,20,elitize_generation_data,197,183,0.871,NA
199,45,count-odds,lexicase,FALSE,20,elitize_generation_data,198,176,0.831,NA
200,45,count-odds,lexicase,FALSE,20,elitize_generation_data,199,175,0.83,NA
201,45,count-odds,lexicase,FALSE,20,elitize_generation_data,200,174,0.837,NA
202,45,count-odds,lexicase,FALSE,20,elitize_generation_data,201,175,0.858,NA
203,45,count-odds,lexicase,FALSE,20,elitize_generation_data,202,178,0.831,NA
204,45,count-odds,lexicase,FALSE,20,elitize_generation_data,203,182,0.861,NA
205,45,count-odds,lexicase,FALSE,20,elitize_generation_data,204,171,0.852,NA
206,45,count-odds,lexicase,FALSE,20,elitize_generation_data,205,168,0.851,NA
207,45,count-odds,lexicase,FALSE,20,elitize_generation_data,206,175,0.853,NA
208,45,count-odds,lexicase,FALSE,20,elitize_generation_data,207,187,0.853,NA
209,45,count-odds,lexicase,FALSE,20,elitize_generation_data,208,170,0.846,NA
210,45,count-odds,lexicase,FALSE,20,elitize_generation_data,209,158,0.854,NA
211,45,count-odds,lexicase,FALSE,20,elitize_generation_data,210,172,0.847,NA
212,45,count-odds,lexicase,FALSE,20,elitize_generation_data,211,171,0.842,NA
213,45,count-odds,lexicase,FALSE,20,elitize_generation_data,212,160,0.84,NA
214,45,count-odds,lexicase,FALSE,20,elitize_generation_data,213,172,0.839,NA
215,45,count-odds,lexicase,FALSE,20,elitize_generation_data,214,156,0.839,NA
216,45,count-odds,lexicase,FALSE,20,elitize_generation_data,215,173,0.845,NA
217,45,count-odds,lexicase,FALSE,20,elitize_generation_data,216,162,0.853,NA
218,45,count-odds,lexicase,FALSE,20,elitize_generation_data,217,153,0.865,NA
219,45,count-odds,lexicase,FALSE,20,elitize_generation_data,218,157,0.858,NA
220,45,count-odds,lexicase,FALSE,20,elitize_generation_data,219,155,0.857,NA
221,45,count-odds,lexicase,FALSE,20,elitize_generation_data,220,173,0.851,NA
222,45,count-odds,lexicase,FALSE,20,elitize_generation_data,221,160,0.843,NA
223,45,count-odds,lexicase,FALSE,20,elitize_generation_data,222,161,0.854,NA
224,45,count-odds,lexicase,FALSE,20,elitize_generation_data,223,169,0.859,NA
225,45,count-odds,lexicase,FALSE,20,elitize_generation_data,224,168,0.818,NA
226,45,count-odds,lexicase,FALSE,20,elitize_generation_data,225,156,0.831,NA
227,45,count-odds,lexicase,FALSE,20,elitize_generation_data,226,157,0.836,NA
228,45,count-odds,lexicase,FALSE,20,elitize_generation_data,227,175,0.854,NA
229,45,count-odds,lexicase,FALSE,20,elitize_generation_data,228,165,0.839,NA
230,45,count-odds,lexicase,FALSE,20,elitize_generation_data,229,163,0.865,NA
231,45,count-odds,lexicase,FALSE,20,elitize_generation_data,230,156,0.846,NA
232,45,count-odds,lexicase,FALSE,20,elitize_generation_data,231,158,0.848,NA
233,45,count-odds,lexicase,FALSE,20,elitize_generation_data,232,157,0.848,NA
234,45,count-odds,lexicase,FALSE,20,elitize_generation_data,233,158,0.847,NA
235,45,count-odds,lexicase,FALSE,20,elitize_generation_data,234,158,0.865,NA
236,45,count-odds,lexicase,FALSE,20,elitize_generation_data,235,180,0.833,NA
237,45,count-odds,lexicase,FALSE,20,elitize_generation_data,236,169,0.839,NA
238,45,count-odds,lexicase,FALSE,20,elitize_generation_data,237,177,0.86,NA
239,45,count-odds,lexicase,FALSE,20,elitize_generation_data,238,170,0.85,NA
240,45,count-odds,lexicase,FALSE,20,elitize_generation_data,239,176,0.884,NA
241,45,count-odds,lexicase,FALSE,20,elitize_generation_data,240,167,0.854,NA
242,45,count-odds,lexicase,FALSE,20,elitize_generation_data,241,181,0.88,NA
243,45,count-odds,lexicase,FALSE,20,elitize_generation_data,242,173,0.886,NA
244,45,count-odds,lexicase,FALSE,20,elitize_generation_data,243,166,0.857,NA
245,45,count-odds,lexicase,FALSE,20,elitize_generation_data,244,173,0.861,NA
246,45,count-odds,lexicase,FALSE,20,elitize_generation_data,245,166,0.877,NA
247,45,count-odds,lexicase,FALSE,20,elitize_generation_data,246,176,0.874,NA
248,45,count-odds,lexicase,FALSE,20,elitize_generation_data,247,169,0.862,NA
249,45,count-odds,lexicase,FALSE,20,elitize_generation_data,248,182,0.862,NA
250,45,count-odds,lexicase,FALSE,20,elitize_generation_data,249,181,0.862,NA
251,45,count-odds,lexicase,FALSE,20,elitize_generation_data,250,185,0.839,NA
252,45,count-odds,lexicase,FALSE,20,elitize_generation_data,251,174,0.874,NA
253,45,count-odds,lexicase,FALSE,20,elitize_generation_data,252,195,0.87,NA
254,45,count-odds,lexicase,FALSE,20,elitize_generation_data,253,197,0.884,NA
255,45,count-odds,lexicase,FALSE,20,elitize_generation_data,254,180,0.876,NA
256,45,count-odds,lexicase,FALSE,20,elitize_generation_data,255,178,0.891,NA
257,45,count-odds,lexicase,FALSE,20,elitize_generation_data,256,170,0.869,NA
258,45,count-odds,lexicase,FALSE,20,elitize_generation_data,257,170,0.861,NA
259,45,count-odds,lexicase,FALSE,20,elitize_generation_data,258,181,0.88,NA
260,45,count-odds,lexicase,FALSE,20,elitize_generation_data,259,171,0.882,NA
261,45,count-odds,lexicase,FALSE,20,elitize_generation_data,260,178,0.874,NA
262,45,count-odds,lexicase,FALSE,20,elitize_generation_data,261,185,0.868,NA
263,45,count-odds,lexicase,FALSE,20,elitize_generation_data,262,173,0.876,NA
264,45,count-odds,lexicase,FALSE,20,elitize_generation_data,263,178,0.861,NA
265,45,count-odds,lexicase,FALSE,20,elitize_generation_data,264,161,0.869,NA
266,45,count-odds,lexicase,FALSE,20,elitize_generation_data,265,179,0.861,NA
267,45,count-odds,lexicase,FALSE,20,elitize_generation_data,266,168,0.87,NA
268,45,count-odds,lexicase,FALSE,20,elitize_generation_data,267,177,0.866,NA
269,45,count-odds,lexicase,FALSE,20,elitize_generation_data,268,167,0.869,NA
270,45,count-odds,lexicase,FALSE,20,elitize_generation_data,269,160,0.877,NA
271,45,count-odds,lexicase,FALSE,20,elitize_generation_data,270,159,0.89,NA
272,45,count-odds,lexicase,FALSE,20,elitize_generation_data,271,183,0.882,NA
273,45,count-odds,lexicase,FALSE,20,elitize_generation_data,272,175,0.889,NA
274,45,count-odds,lexicase,FALSE,20,elitize_generation_data,273,158,0.882,NA
275,45,count-odds,lexicase,FALSE,20,elitize_generation_data,274,169,0.888,NA
276,45,count-odds,lexicase,FALSE,20,elitize_generation_data,275,153,0.88,NA
277,45,count-odds,lexicase,FALSE,20,elitize_generation_data,276,155,0.871,NA
278,45,count-odds,lexicase,FALSE,20,elitize_generation_data,277,166,0.884,NA
279,45,count-odds,lexicase,FALSE,20,elitize_generation_data,278,155,0.879,NA
280,45,count-odds,lexicase,FALSE,20,elitize_generation_data,279,155,0.89,NA
281,45,count-odds,lexicase,FALSE,20,elitize_generation_data,280,164,0.853,NA
282,45,count-odds,lexicase,FALSE,20,elitize_generation_data,281,164,0.873,NA
283,45,count-odds,lexicase,FALSE,20,elitize_generation_data,282,184,0.858,NA
284,45,count-odds,lexicase,FALSE,20,elitize_generation_data,283,176,0.879,NA
285,45,count-odds,lexicase,FALSE,20,elitize_generation_data,284,170,0.869,NA
286,45,count-odds,lexicase,FALSE,20,elitize_generation_data,285,169,0.885,NA
287,45,count-odds,lexicase,FALSE,20,elitize_generation_data,286,180,0.856,NA
288,45,count-odds,lexicase,FALSE,20,elitize_generation_data,287,165,0.876,NA
289,45,count-odds,lexicase,FALSE,20,elitize_generation_data,288,162,0.861,NA
290,45,count-odds,lexicase,FALSE,20,elitize_generation_data,289,163,0.897,NA
291,45,count-odds,lexicase,FALSE,20,elitize_generation_data,290,171,0.881,NA
292,45,count-odds,lexicase,FALSE,20,elitize_generation_data,291,188,0.886,NA
293,45,count-odds,lexicase,FALSE,20,elitize_generation_data,292,161,0.865,NA
294,45,count-odds,lexicase,FALSE,20,elitize_generation_data,293,169,0.87,NA
295,45,count-odds,lexicase,FALSE,20,elitize_generation_data,294,160,0.88,NA
296,45,count-odds,lexicase,FALSE,20,elitize_generation_data,295,165,0.873,NA
297,45,count-odds,lexicase,FALSE,20,elitize_generation_data,296,160,0.882,NA
298,45,count-odds,lexicase,FALSE,20,elitize_generation_data,297,166,0.89,NA
299,45,count-odds,lexicase,FALSE,20,elitize_generation_data,298,168,0.863,NA
300,45,count-odds,lexicase,FALSE,20,elitize_generation_data,299,168,0.902,NA
301,45,count-odds,lexicase,FALSE,20,elitize_generation_data,300,161,0.877,NA
