,run.num,problem,treatment,succeeded,height,normalization.function,generation,cluster.count,error.diversity,success.generation
1,47,count-odds,lexicase,FALSE,20,elitize_generation_data,0,7,0.185,NA
2,47,count-odds,lexicase,FALSE,20,elitize_generation_data,1,10,0.25,NA
3,47,count-odds,lexicase,FALSE,20,elitize_generation_data,2,16,0.379,NA
4,47,count-odds,lexicase,FALSE,20,elitize_generation_data,3,16,0.481,NA
5,47,count-odds,lexicase,FALSE,20,elitize_generation_data,4,24,0.557,NA
6,47,count-odds,lexicase,FALSE,20,elitize_generation_data,5,29,0.617,NA
7,47,count-odds,lexicase,FALSE,20,elitize_generation_data,6,39,0.646,NA
8,47,count-odds,lexicase,FALSE,20,elitize_generation_data,7,37,0.672,NA
9,47,count-odds,lexicase,FALSE,20,elitize_generation_data,8,49,0.693,NA
10,47,count-odds,lexicase,FALSE,20,elitize_generation_data,9,55,0.709,NA
11,47,count-odds,lexicase,FALSE,20,elitize_generation_data,10,57,0.748,NA
12,47,count-odds,lexicase,FALSE,20,elitize_generation_data,11,57,0.736,NA
13,47,count-odds,lexicase,FALSE,20,elitize_generation_data,12,58,0.718,NA
14,47,count-odds,lexicase,FALSE,20,elitize_generation_data,13,71,0.739,NA
15,47,count-odds,lexicase,FALSE,20,elitize_generation_data,14,70,0.745,NA
16,47,count-odds,lexicase,FALSE,20,elitize_generation_data,15,75,0.737,NA
17,47,count-odds,lexicase,FALSE,20,elitize_generation_data,16,84,0.739,NA
18,47,count-odds,lexicase,FALSE,20,elitize_generation_data,17,87,0.747,NA
19,47,count-odds,lexicase,FALSE,20,elitize_generation_data,18,92,0.754,NA
20,47,count-odds,lexicase,FALSE,20,elitize_generation_data,19,97,0.808,NA
21,47,count-odds,lexicase,FALSE,20,elitize_generation_data,20,101,0.75,NA
22,47,count-odds,lexicase,FALSE,20,elitize_generation_data,21,116,0.772,NA
23,47,count-odds,lexicase,FALSE,20,elitize_generation_data,22,117,0.811,NA
24,47,count-odds,lexicase,FALSE,20,elitize_generation_data,23,120,0.779,NA
25,47,count-odds,lexicase,FALSE,20,elitize_generation_data,24,128,0.787,NA
26,47,count-odds,lexicase,FALSE,20,elitize_generation_data,25,134,0.779,NA
27,47,count-odds,lexicase,FALSE,20,elitize_generation_data,26,121,0.79,NA
28,47,count-odds,lexicase,FALSE,20,elitize_generation_data,27,111,0.788,NA
29,47,count-odds,lexicase,FALSE,20,elitize_generation_data,28,133,0.779,NA
30,47,count-odds,lexicase,FALSE,20,elitize_generation_data,29,114,0.792,NA
31,47,count-odds,lexicase,FALSE,20,elitize_generation_data,30,116,0.773,NA
32,47,count-odds,lexicase,FALSE,20,elitize_generation_data,31,125,0.8,NA
33,47,count-odds,lexicase,FALSE,20,elitize_generation_data,32,116,0.785,NA
34,47,count-odds,lexicase,FALSE,20,elitize_generation_data,33,117,0.772,NA
35,47,count-odds,lexicase,FALSE,20,elitize_generation_data,34,120,0.792,NA
36,47,count-odds,lexicase,FALSE,20,elitize_generation_data,35,131,0.794,NA
37,47,count-odds,lexicase,FALSE,20,elitize_generation_data,36,122,0.774,NA
38,47,count-odds,lexicase,FALSE,20,elitize_generation_data,37,120,0.787,NA
39,47,count-odds,lexicase,FALSE,20,elitize_generation_data,38,133,0.793,NA
40,47,count-odds,lexicase,FALSE,20,elitize_generation_data,39,116,0.771,NA
41,47,count-odds,lexicase,FALSE,20,elitize_generation_data,40,139,0.779,NA
42,47,count-odds,lexicase,FALSE,20,elitize_generation_data,41,136,0.81,NA
43,47,count-odds,lexicase,FALSE,20,elitize_generation_data,42,138,0.785,NA
44,47,count-odds,lexicase,FALSE,20,elitize_generation_data,43,129,0.781,NA
45,47,count-odds,lexicase,FALSE,20,elitize_generation_data,44,145,0.773,NA
46,47,count-odds,lexicase,FALSE,20,elitize_generation_data,45,142,0.805,NA
47,47,count-odds,lexicase,FALSE,20,elitize_generation_data,46,147,0.764,NA
48,47,count-odds,lexicase,FALSE,20,elitize_generation_data,47,133,0.776,NA
49,47,count-odds,lexicase,FALSE,20,elitize_generation_data,48,138,0.781,NA
50,47,count-odds,lexicase,FALSE,20,elitize_generation_data,49,135,0.782,NA
51,47,count-odds,lexicase,FALSE,20,elitize_generation_data,50,149,0.777,NA
52,47,count-odds,lexicase,FALSE,20,elitize_generation_data,51,153,0.782,NA
53,47,count-odds,lexicase,FALSE,20,elitize_generation_data,52,145,0.803,NA
54,47,count-odds,lexicase,FALSE,20,elitize_generation_data,53,136,0.772,NA
55,47,count-odds,lexicase,FALSE,20,elitize_generation_data,54,142,0.794,NA
56,47,count-odds,lexicase,FALSE,20,elitize_generation_data,55,151,0.784,NA
57,47,count-odds,lexicase,FALSE,20,elitize_generation_data,56,149,0.771,NA
58,47,count-odds,lexicase,FALSE,20,elitize_generation_data,57,143,0.778,NA
59,47,count-odds,lexicase,FALSE,20,elitize_generation_data,58,144,0.794,NA
60,47,count-odds,lexicase,FALSE,20,elitize_generation_data,59,137,0.752,NA
61,47,count-odds,lexicase,FALSE,20,elitize_generation_data,60,146,0.755,NA
62,47,count-odds,lexicase,FALSE,20,elitize_generation_data,61,158,0.782,NA
63,47,count-odds,lexicase,FALSE,20,elitize_generation_data,62,150,0.754,NA
64,47,count-odds,lexicase,FALSE,20,elitize_generation_data,63,170,0.778,NA
65,47,count-odds,lexicase,FALSE,20,elitize_generation_data,64,166,0.775,NA
66,47,count-odds,lexicase,FALSE,20,elitize_generation_data,65,166,0.746,NA
67,47,count-odds,lexicase,FALSE,20,elitize_generation_data,66,152,0.754,NA
68,47,count-odds,lexicase,FALSE,20,elitize_generation_data,67,154,0.762,NA
69,47,count-odds,lexicase,FALSE,20,elitize_generation_data,68,156,0.759,NA
70,47,count-odds,lexicase,FALSE,20,elitize_generation_data,69,153,0.765,NA
71,47,count-odds,lexicase,FALSE,20,elitize_generation_data,70,153,0.763,NA
72,47,count-odds,lexicase,FALSE,20,elitize_generation_data,71,157,0.768,NA
73,47,count-odds,lexicase,FALSE,20,elitize_generation_data,72,167,0.783,NA
74,47,count-odds,lexicase,FALSE,20,elitize_generation_data,73,172,0.773,NA
75,47,count-odds,lexicase,FALSE,20,elitize_generation_data,74,158,0.767,NA
76,47,count-odds,lexicase,FALSE,20,elitize_generation_data,75,169,0.769,NA
77,47,count-odds,lexicase,FALSE,20,elitize_generation_data,76,170,0.768,NA
78,47,count-odds,lexicase,FALSE,20,elitize_generation_data,77,162,0.752,NA
79,47,count-odds,lexicase,FALSE,20,elitize_generation_data,78,153,0.77,NA
80,47,count-odds,lexicase,FALSE,20,elitize_generation_data,79,143,0.755,NA
81,47,count-odds,lexicase,FALSE,20,elitize_generation_data,80,146,0.762,NA
82,47,count-odds,lexicase,FALSE,20,elitize_generation_data,81,147,0.751,NA
83,47,count-odds,lexicase,FALSE,20,elitize_generation_data,82,148,0.754,NA
84,47,count-odds,lexicase,FALSE,20,elitize_generation_data,83,151,0.772,NA
85,47,count-odds,lexicase,FALSE,20,elitize_generation_data,84,154,0.749,NA
86,47,count-odds,lexicase,FALSE,20,elitize_generation_data,85,148,0.738,NA
87,47,count-odds,lexicase,FALSE,20,elitize_generation_data,86,151,0.749,NA
88,47,count-odds,lexicase,FALSE,20,elitize_generation_data,87,160,0.758,NA
89,47,count-odds,lexicase,FALSE,20,elitize_generation_data,88,170,0.784,NA
90,47,count-odds,lexicase,FALSE,20,elitize_generation_data,89,158,0.733,NA
91,47,count-odds,lexicase,FALSE,20,elitize_generation_data,90,163,0.747,NA
92,47,count-odds,lexicase,FALSE,20,elitize_generation_data,91,156,0.74,NA
93,47,count-odds,lexicase,FALSE,20,elitize_generation_data,92,163,0.752,NA
94,47,count-odds,lexicase,FALSE,20,elitize_generation_data,93,162,0.718,NA
95,47,count-odds,lexicase,FALSE,20,elitize_generation_data,94,167,0.736,NA
96,47,count-odds,lexicase,FALSE,20,elitize_generation_data,95,188,0.749,NA
97,47,count-odds,lexicase,FALSE,20,elitize_generation_data,96,178,0.742,NA
98,47,count-odds,lexicase,FALSE,20,elitize_generation_data,97,169,0.751,NA
99,47,count-odds,lexicase,FALSE,20,elitize_generation_data,98,162,0.723,NA
100,47,count-odds,lexicase,FALSE,20,elitize_generation_data,99,172,0.709,NA
101,47,count-odds,lexicase,FALSE,20,elitize_generation_data,100,187,0.739,NA
102,47,count-odds,lexicase,FALSE,20,elitize_generation_data,101,179,0.727,NA
103,47,count-odds,lexicase,FALSE,20,elitize_generation_data,102,172,0.715,NA
104,47,count-odds,lexicase,FALSE,20,elitize_generation_data,103,177,0.732,NA
105,47,count-odds,lexicase,FALSE,20,elitize_generation_data,104,162,0.696,NA
106,47,count-odds,lexicase,FALSE,20,elitize_generation_data,105,164,0.734,NA
107,47,count-odds,lexicase,FALSE,20,elitize_generation_data,106,178,0.741,NA
108,47,count-odds,lexicase,FALSE,20,elitize_generation_data,107,174,0.717,NA
109,47,count-odds,lexicase,FALSE,20,elitize_generation_data,108,169,0.719,NA
110,47,count-odds,lexicase,FALSE,20,elitize_generation_data,109,177,0.723,NA
111,47,count-odds,lexicase,FALSE,20,elitize_generation_data,110,179,0.745,NA
112,47,count-odds,lexicase,FALSE,20,elitize_generation_data,111,200,0.742,NA
113,47,count-odds,lexicase,FALSE,20,elitize_generation_data,112,201,0.741,NA
114,47,count-odds,lexicase,FALSE,20,elitize_generation_data,113,196,0.745,NA
115,47,count-odds,lexicase,FALSE,20,elitize_generation_data,114,190,0.732,NA
116,47,count-odds,lexicase,FALSE,20,elitize_generation_data,115,184,0.716,NA
117,47,count-odds,lexicase,FALSE,20,elitize_generation_data,116,185,0.73,NA
118,47,count-odds,lexicase,FALSE,20,elitize_generation_data,117,175,0.713,NA
119,47,count-odds,lexicase,FALSE,20,elitize_generation_data,118,188,0.735,NA
120,47,count-odds,lexicase,FALSE,20,elitize_generation_data,119,186,0.722,NA
121,47,count-odds,lexicase,FALSE,20,elitize_generation_data,120,175,0.724,NA
122,47,count-odds,lexicase,FALSE,20,elitize_generation_data,121,188,0.732,NA
123,47,count-odds,lexicase,FALSE,20,elitize_generation_data,122,181,0.715,NA
124,47,count-odds,lexicase,FALSE,20,elitize_generation_data,123,176,0.704,NA
125,47,count-odds,lexicase,FALSE,20,elitize_generation_data,124,184,0.714,NA
126,47,count-odds,lexicase,FALSE,20,elitize_generation_data,125,180,0.69,NA
127,47,count-odds,lexicase,FALSE,20,elitize_generation_data,126,184,0.736,NA
128,47,count-odds,lexicase,FALSE,20,elitize_generation_data,127,179,0.706,NA
129,47,count-odds,lexicase,FALSE,20,elitize_generation_data,128,191,0.725,NA
130,47,count-odds,lexicase,FALSE,20,elitize_generation_data,129,184,0.707,NA
131,47,count-odds,lexicase,FALSE,20,elitize_generation_data,130,186,0.714,NA
132,47,count-odds,lexicase,FALSE,20,elitize_generation_data,131,193,0.719,NA
133,47,count-odds,lexicase,FALSE,20,elitize_generation_data,132,197,0.714,NA
134,47,count-odds,lexicase,FALSE,20,elitize_generation_data,133,198,0.727,NA
135,47,count-odds,lexicase,FALSE,20,elitize_generation_data,134,189,0.714,NA
136,47,count-odds,lexicase,FALSE,20,elitize_generation_data,135,192,0.706,NA
137,47,count-odds,lexicase,FALSE,20,elitize_generation_data,136,198,0.715,NA
138,47,count-odds,lexicase,FALSE,20,elitize_generation_data,137,195,0.733,NA
139,47,count-odds,lexicase,FALSE,20,elitize_generation_data,138,190,0.722,NA
140,47,count-odds,lexicase,FALSE,20,elitize_generation_data,139,201,0.702,NA
141,47,count-odds,lexicase,FALSE,20,elitize_generation_data,140,202,0.729,NA
142,47,count-odds,lexicase,FALSE,20,elitize_generation_data,141,206,0.711,NA
143,47,count-odds,lexicase,FALSE,20,elitize_generation_data,142,204,0.686,NA
144,47,count-odds,lexicase,FALSE,20,elitize_generation_data,143,201,0.692,NA
145,47,count-odds,lexicase,FALSE,20,elitize_generation_data,144,202,0.716,NA
146,47,count-odds,lexicase,FALSE,20,elitize_generation_data,145,193,0.714,NA
147,47,count-odds,lexicase,FALSE,20,elitize_generation_data,146,197,0.709,NA
148,47,count-odds,lexicase,FALSE,20,elitize_generation_data,147,194,0.702,NA
149,47,count-odds,lexicase,FALSE,20,elitize_generation_data,148,201,0.701,NA
150,47,count-odds,lexicase,FALSE,20,elitize_generation_data,149,192,0.736,NA
151,47,count-odds,lexicase,FALSE,20,elitize_generation_data,150,194,0.7,NA
152,47,count-odds,lexicase,FALSE,20,elitize_generation_data,151,192,0.687,NA
153,47,count-odds,lexicase,FALSE,20,elitize_generation_data,152,196,0.694,NA
154,47,count-odds,lexicase,FALSE,20,elitize_generation_data,153,176,0.698,NA
155,47,count-odds,lexicase,FALSE,20,elitize_generation_data,154,183,0.719,NA
156,47,count-odds,lexicase,FALSE,20,elitize_generation_data,155,173,0.687,NA
157,47,count-odds,lexicase,FALSE,20,elitize_generation_data,156,170,0.722,NA
158,47,count-odds,lexicase,FALSE,20,elitize_generation_data,157,170,0.697,NA
159,47,count-odds,lexicase,FALSE,20,elitize_generation_data,158,187,0.702,NA
160,47,count-odds,lexicase,FALSE,20,elitize_generation_data,159,182,0.716,NA
161,47,count-odds,lexicase,FALSE,20,elitize_generation_data,160,188,0.73,NA
162,47,count-odds,lexicase,FALSE,20,elitize_generation_data,161,193,0.714,NA
163,47,count-odds,lexicase,FALSE,20,elitize_generation_data,162,200,0.714,NA
164,47,count-odds,lexicase,FALSE,20,elitize_generation_data,163,205,0.72,NA
165,47,count-odds,lexicase,FALSE,20,elitize_generation_data,164,203,0.713,NA
166,47,count-odds,lexicase,FALSE,20,elitize_generation_data,165,209,0.736,NA
167,47,count-odds,lexicase,FALSE,20,elitize_generation_data,166,190,0.718,NA
168,47,count-odds,lexicase,FALSE,20,elitize_generation_data,167,195,0.724,NA
169,47,count-odds,lexicase,FALSE,20,elitize_generation_data,168,189,0.709,NA
170,47,count-odds,lexicase,FALSE,20,elitize_generation_data,169,187,0.715,NA
171,47,count-odds,lexicase,FALSE,20,elitize_generation_data,170,199,0.731,NA
172,47,count-odds,lexicase,FALSE,20,elitize_generation_data,171,207,0.697,NA
173,47,count-odds,lexicase,FALSE,20,elitize_generation_data,172,215,0.736,NA
174,47,count-odds,lexicase,FALSE,20,elitize_generation_data,173,214,0.728,NA
175,47,count-odds,lexicase,FALSE,20,elitize_generation_data,174,205,0.744,NA
176,47,count-odds,lexicase,FALSE,20,elitize_generation_data,175,195,0.741,NA
177,47,count-odds,lexicase,FALSE,20,elitize_generation_data,176,197,0.746,NA
178,47,count-odds,lexicase,FALSE,20,elitize_generation_data,177,191,0.732,NA
179,47,count-odds,lexicase,FALSE,20,elitize_generation_data,178,190,0.725,NA
180,47,count-odds,lexicase,FALSE,20,elitize_generation_data,179,200,0.731,NA
181,47,count-odds,lexicase,FALSE,20,elitize_generation_data,180,217,0.736,NA
182,47,count-odds,lexicase,FALSE,20,elitize_generation_data,181,197,0.724,NA
183,47,count-odds,lexicase,FALSE,20,elitize_generation_data,182,213,0.741,NA
184,47,count-odds,lexicase,FALSE,20,elitize_generation_data,183,205,0.726,NA
185,47,count-odds,lexicase,FALSE,20,elitize_generation_data,184,186,0.695,NA
186,47,count-odds,lexicase,FALSE,20,elitize_generation_data,185,202,0.73,NA
187,47,count-odds,lexicase,FALSE,20,elitize_generation_data,186,205,0.749,NA
188,47,count-odds,lexicase,FALSE,20,elitize_generation_data,187,205,0.724,NA
189,47,count-odds,lexicase,FALSE,20,elitize_generation_data,188,206,0.747,NA
190,47,count-odds,lexicase,FALSE,20,elitize_generation_data,189,225,0.727,NA
191,47,count-odds,lexicase,FALSE,20,elitize_generation_data,190,213,0.753,NA
192,47,count-odds,lexicase,FALSE,20,elitize_generation_data,191,226,0.744,NA
193,47,count-odds,lexicase,FALSE,20,elitize_generation_data,192,225,0.749,NA
194,47,count-odds,lexicase,FALSE,20,elitize_generation_data,193,220,0.739,NA
195,47,count-odds,lexicase,FALSE,20,elitize_generation_data,194,217,0.759,NA
196,47,count-odds,lexicase,FALSE,20,elitize_generation_data,195,213,0.755,NA
197,47,count-odds,lexicase,FALSE,20,elitize_generation_data,196,219,0.758,NA
198,47,count-odds,lexicase,FALSE,20,elitize_generation_data,197,211,0.765,NA
199,47,count-odds,lexicase,FALSE,20,elitize_generation_data,198,213,0.764,NA
200,47,count-odds,lexicase,FALSE,20,elitize_generation_data,199,222,0.762,NA
201,47,count-odds,lexicase,FALSE,20,elitize_generation_data,200,210,0.743,NA
202,47,count-odds,lexicase,FALSE,20,elitize_generation_data,201,221,0.767,NA
203,47,count-odds,lexicase,FALSE,20,elitize_generation_data,202,216,0.767,NA
204,47,count-odds,lexicase,FALSE,20,elitize_generation_data,203,236,0.799,NA
205,47,count-odds,lexicase,FALSE,20,elitize_generation_data,204,216,0.764,NA
206,47,count-odds,lexicase,FALSE,20,elitize_generation_data,205,220,0.768,NA
207,47,count-odds,lexicase,FALSE,20,elitize_generation_data,206,220,0.784,NA
208,47,count-odds,lexicase,FALSE,20,elitize_generation_data,207,218,0.766,NA
209,47,count-odds,lexicase,FALSE,20,elitize_generation_data,208,205,0.766,NA
210,47,count-odds,lexicase,FALSE,20,elitize_generation_data,209,212,0.769,NA
211,47,count-odds,lexicase,FALSE,20,elitize_generation_data,210,221,0.768,NA
212,47,count-odds,lexicase,FALSE,20,elitize_generation_data,211,212,0.776,NA
213,47,count-odds,lexicase,FALSE,20,elitize_generation_data,212,213,0.753,NA
214,47,count-odds,lexicase,FALSE,20,elitize_generation_data,213,209,0.753,NA
215,47,count-odds,lexicase,FALSE,20,elitize_generation_data,214,216,0.785,NA
216,47,count-odds,lexicase,FALSE,20,elitize_generation_data,215,195,0.769,NA
217,47,count-odds,lexicase,FALSE,20,elitize_generation_data,216,222,0.794,NA
218,47,count-odds,lexicase,FALSE,20,elitize_generation_data,217,208,0.767,NA
219,47,count-odds,lexicase,FALSE,20,elitize_generation_data,218,209,0.788,NA
220,47,count-odds,lexicase,FALSE,20,elitize_generation_data,219,205,0.791,NA
221,47,count-odds,lexicase,FALSE,20,elitize_generation_data,220,225,0.762,NA
222,47,count-odds,lexicase,FALSE,20,elitize_generation_data,221,216,0.799,NA
223,47,count-odds,lexicase,FALSE,20,elitize_generation_data,222,212,0.782,NA
224,47,count-odds,lexicase,FALSE,20,elitize_generation_data,223,218,0.793,NA
225,47,count-odds,lexicase,FALSE,20,elitize_generation_data,224,219,0.795,NA
226,47,count-odds,lexicase,FALSE,20,elitize_generation_data,225,206,0.799,NA
227,47,count-odds,lexicase,FALSE,20,elitize_generation_data,226,209,0.819,NA
228,47,count-odds,lexicase,FALSE,20,elitize_generation_data,227,219,0.773,NA
229,47,count-odds,lexicase,FALSE,20,elitize_generation_data,228,215,0.774,NA
230,47,count-odds,lexicase,FALSE,20,elitize_generation_data,229,217,0.796,NA
231,47,count-odds,lexicase,FALSE,20,elitize_generation_data,230,205,0.792,NA
232,47,count-odds,lexicase,FALSE,20,elitize_generation_data,231,200,0.791,NA
233,47,count-odds,lexicase,FALSE,20,elitize_generation_data,232,195,0.773,NA
234,47,count-odds,lexicase,FALSE,20,elitize_generation_data,233,202,0.773,NA
235,47,count-odds,lexicase,FALSE,20,elitize_generation_data,234,219,0.753,NA
236,47,count-odds,lexicase,FALSE,20,elitize_generation_data,235,210,0.787,NA
237,47,count-odds,lexicase,FALSE,20,elitize_generation_data,236,199,0.767,NA
238,47,count-odds,lexicase,FALSE,20,elitize_generation_data,237,193,0.796,NA
239,47,count-odds,lexicase,FALSE,20,elitize_generation_data,238,225,0.796,NA
240,47,count-odds,lexicase,FALSE,20,elitize_generation_data,239,205,0.762,NA
241,47,count-odds,lexicase,FALSE,20,elitize_generation_data,240,214,0.768,NA
242,47,count-odds,lexicase,FALSE,20,elitize_generation_data,241,187,0.793,NA
243,47,count-odds,lexicase,FALSE,20,elitize_generation_data,242,204,0.77,NA
244,47,count-odds,lexicase,FALSE,20,elitize_generation_data,243,194,0.808,NA
245,47,count-odds,lexicase,FALSE,20,elitize_generation_data,244,202,0.768,NA
246,47,count-odds,lexicase,FALSE,20,elitize_generation_data,245,211,0.791,NA
247,47,count-odds,lexicase,FALSE,20,elitize_generation_data,246,200,0.785,NA
248,47,count-odds,lexicase,FALSE,20,elitize_generation_data,247,190,0.796,NA
249,47,count-odds,lexicase,FALSE,20,elitize_generation_data,248,185,0.793,NA
250,47,count-odds,lexicase,FALSE,20,elitize_generation_data,249,188,0.775,NA
251,47,count-odds,lexicase,FALSE,20,elitize_generation_data,250,188,0.782,NA
252,47,count-odds,lexicase,FALSE,20,elitize_generation_data,251,182,0.786,NA
253,47,count-odds,lexicase,FALSE,20,elitize_generation_data,252,188,0.774,NA
254,47,count-odds,lexicase,FALSE,20,elitize_generation_data,253,183,0.774,NA
255,47,count-odds,lexicase,FALSE,20,elitize_generation_data,254,170,0.768,NA
256,47,count-odds,lexicase,FALSE,20,elitize_generation_data,255,183,0.755,NA
257,47,count-odds,lexicase,FALSE,20,elitize_generation_data,256,189,0.757,NA
258,47,count-odds,lexicase,FALSE,20,elitize_generation_data,257,185,0.768,NA
259,47,count-odds,lexicase,FALSE,20,elitize_generation_data,258,176,0.766,NA
260,47,count-odds,lexicase,FALSE,20,elitize_generation_data,259,164,0.756,NA
261,47,count-odds,lexicase,FALSE,20,elitize_generation_data,260,174,0.768,NA
262,47,count-odds,lexicase,FALSE,20,elitize_generation_data,261,181,0.783,NA
263,47,count-odds,lexicase,FALSE,20,elitize_generation_data,262,197,0.784,NA
264,47,count-odds,lexicase,FALSE,20,elitize_generation_data,263,193,0.783,NA
265,47,count-odds,lexicase,FALSE,20,elitize_generation_data,264,204,0.812,NA
266,47,count-odds,lexicase,FALSE,20,elitize_generation_data,265,206,0.794,NA
267,47,count-odds,lexicase,FALSE,20,elitize_generation_data,266,205,0.794,NA
268,47,count-odds,lexicase,FALSE,20,elitize_generation_data,267,204,0.81,NA
269,47,count-odds,lexicase,FALSE,20,elitize_generation_data,268,202,0.793,NA
270,47,count-odds,lexicase,FALSE,20,elitize_generation_data,269,208,0.804,NA
271,47,count-odds,lexicase,FALSE,20,elitize_generation_data,270,207,0.798,NA
272,47,count-odds,lexicase,FALSE,20,elitize_generation_data,271,196,0.79,NA
273,47,count-odds,lexicase,FALSE,20,elitize_generation_data,272,193,0.792,NA
274,47,count-odds,lexicase,FALSE,20,elitize_generation_data,273,194,0.788,NA
275,47,count-odds,lexicase,FALSE,20,elitize_generation_data,274,194,0.772,NA
276,47,count-odds,lexicase,FALSE,20,elitize_generation_data,275,197,0.804,NA
277,47,count-odds,lexicase,FALSE,20,elitize_generation_data,276,191,0.797,NA
278,47,count-odds,lexicase,FALSE,20,elitize_generation_data,277,194,0.782,NA
279,47,count-odds,lexicase,FALSE,20,elitize_generation_data,278,192,0.769,NA
280,47,count-odds,lexicase,FALSE,20,elitize_generation_data,279,193,0.776,NA
281,47,count-odds,lexicase,FALSE,20,elitize_generation_data,280,201,0.809,NA
282,47,count-odds,lexicase,FALSE,20,elitize_generation_data,281,196,0.797,NA
283,47,count-odds,lexicase,FALSE,20,elitize_generation_data,282,200,0.783,NA
284,47,count-odds,lexicase,FALSE,20,elitize_generation_data,283,185,0.795,NA
285,47,count-odds,lexicase,FALSE,20,elitize_generation_data,284,173,0.786,NA
286,47,count-odds,lexicase,FALSE,20,elitize_generation_data,285,169,0.803,NA
287,47,count-odds,lexicase,FALSE,20,elitize_generation_data,286,173,0.788,NA
288,47,count-odds,lexicase,FALSE,20,elitize_generation_data,287,179,0.807,NA
289,47,count-odds,lexicase,FALSE,20,elitize_generation_data,288,179,0.805,NA
290,47,count-odds,lexicase,FALSE,20,elitize_generation_data,289,179,0.792,NA
291,47,count-odds,lexicase,FALSE,20,elitize_generation_data,290,187,0.788,NA
292,47,count-odds,lexicase,FALSE,20,elitize_generation_data,291,199,0.808,NA
293,47,count-odds,lexicase,FALSE,20,elitize_generation_data,292,209,0.816,NA
294,47,count-odds,lexicase,FALSE,20,elitize_generation_data,293,192,0.8,NA
295,47,count-odds,lexicase,FALSE,20,elitize_generation_data,294,172,0.787,NA
296,47,count-odds,lexicase,FALSE,20,elitize_generation_data,295,187,0.809,NA
297,47,count-odds,lexicase,FALSE,20,elitize_generation_data,296,175,0.803,NA
298,47,count-odds,lexicase,FALSE,20,elitize_generation_data,297,190,0.806,NA
299,47,count-odds,lexicase,FALSE,20,elitize_generation_data,298,174,0.803,NA
300,47,count-odds,lexicase,FALSE,20,elitize_generation_data,299,177,0.797,NA
301,47,count-odds,lexicase,FALSE,20,elitize_generation_data,300,183,0.796,NA
