,run.num,problem,treatment,succeeded,height,normalization.function,generation,cluster.count,error.diversity,success.generation
1,21,count-odds,lexicase,FALSE,20,elitize_generation_data,0,6,0.183,NA
2,21,count-odds,lexicase,FALSE,20,elitize_generation_data,1,8,0.239,NA
3,21,count-odds,lexicase,FALSE,20,elitize_generation_data,2,6,0.302,NA
4,21,count-odds,lexicase,FALSE,20,elitize_generation_data,3,6,0.409,NA
5,21,count-odds,lexicase,FALSE,20,elitize_generation_data,4,8,0.554,NA
6,21,count-odds,lexicase,FALSE,20,elitize_generation_data,5,8,0.682,NA
7,21,count-odds,lexicase,FALSE,20,elitize_generation_data,6,15,0.74,NA
8,21,count-odds,lexicase,FALSE,20,elitize_generation_data,7,15,0.809,NA
9,21,count-odds,lexicase,FALSE,20,elitize_generation_data,8,21,0.806,NA
10,21,count-odds,lexicase,FALSE,20,elitize_generation_data,9,24,0.842,NA
11,21,count-odds,lexicase,FALSE,20,elitize_generation_data,10,23,0.837,NA
12,21,count-odds,lexicase,FALSE,20,elitize_generation_data,11,24,0.842,NA
13,21,count-odds,lexicase,FALSE,20,elitize_generation_data,12,27,0.846,NA
14,21,count-odds,lexicase,FALSE,20,elitize_generation_data,13,30,0.822,NA
15,21,count-odds,lexicase,FALSE,20,elitize_generation_data,14,31,0.845,NA
16,21,count-odds,lexicase,FALSE,20,elitize_generation_data,15,32,0.832,NA
17,21,count-odds,lexicase,FALSE,20,elitize_generation_data,16,26,0.817,NA
18,21,count-odds,lexicase,FALSE,20,elitize_generation_data,17,35,0.872,NA
19,21,count-odds,lexicase,FALSE,20,elitize_generation_data,18,25,0.816,NA
20,21,count-odds,lexicase,FALSE,20,elitize_generation_data,19,29,0.842,NA
21,21,count-odds,lexicase,FALSE,20,elitize_generation_data,20,40,0.817,NA
22,21,count-odds,lexicase,FALSE,20,elitize_generation_data,21,28,0.826,NA
23,21,count-odds,lexicase,FALSE,20,elitize_generation_data,22,33,0.822,NA
24,21,count-odds,lexicase,FALSE,20,elitize_generation_data,23,33,0.8,NA
25,21,count-odds,lexicase,FALSE,20,elitize_generation_data,24,31,0.823,NA
26,21,count-odds,lexicase,FALSE,20,elitize_generation_data,25,30,0.82,NA
27,21,count-odds,lexicase,FALSE,20,elitize_generation_data,26,37,0.815,NA
28,21,count-odds,lexicase,FALSE,20,elitize_generation_data,27,36,0.833,NA
29,21,count-odds,lexicase,FALSE,20,elitize_generation_data,28,33,0.822,NA
30,21,count-odds,lexicase,FALSE,20,elitize_generation_data,29,33,0.803,NA
31,21,count-odds,lexicase,FALSE,20,elitize_generation_data,30,41,0.814,NA
32,21,count-odds,lexicase,FALSE,20,elitize_generation_data,31,39,0.81,NA
33,21,count-odds,lexicase,FALSE,20,elitize_generation_data,32,40,0.803,NA
34,21,count-odds,lexicase,FALSE,20,elitize_generation_data,33,46,0.805,NA
35,21,count-odds,lexicase,FALSE,20,elitize_generation_data,34,51,0.818,NA
36,21,count-odds,lexicase,FALSE,20,elitize_generation_data,35,49,0.799,NA
37,21,count-odds,lexicase,FALSE,20,elitize_generation_data,36,45,0.825,NA
38,21,count-odds,lexicase,FALSE,20,elitize_generation_data,37,53,0.833,NA
39,21,count-odds,lexicase,FALSE,20,elitize_generation_data,38,53,0.81,NA
40,21,count-odds,lexicase,FALSE,20,elitize_generation_data,39,49,0.811,NA
41,21,count-odds,lexicase,FALSE,20,elitize_generation_data,40,42,0.796,NA
42,21,count-odds,lexicase,FALSE,20,elitize_generation_data,41,44,0.798,NA
43,21,count-odds,lexicase,FALSE,20,elitize_generation_data,42,50,0.844,NA
44,21,count-odds,lexicase,FALSE,20,elitize_generation_data,43,54,0.817,NA
45,21,count-odds,lexicase,FALSE,20,elitize_generation_data,44,53,0.797,NA
46,21,count-odds,lexicase,FALSE,20,elitize_generation_data,45,52,0.785,NA
47,21,count-odds,lexicase,FALSE,20,elitize_generation_data,46,57,0.827,NA
48,21,count-odds,lexicase,FALSE,20,elitize_generation_data,47,59,0.822,NA
49,21,count-odds,lexicase,FALSE,20,elitize_generation_data,48,54,0.833,NA
50,21,count-odds,lexicase,FALSE,20,elitize_generation_data,49,54,0.794,NA
51,21,count-odds,lexicase,FALSE,20,elitize_generation_data,50,59,0.83,NA
52,21,count-odds,lexicase,FALSE,20,elitize_generation_data,51,49,0.842,NA
53,21,count-odds,lexicase,FALSE,20,elitize_generation_data,52,49,0.826,NA
54,21,count-odds,lexicase,FALSE,20,elitize_generation_data,53,51,0.813,NA
55,21,count-odds,lexicase,FALSE,20,elitize_generation_data,54,52,0.813,NA
56,21,count-odds,lexicase,FALSE,20,elitize_generation_data,55,52,0.811,NA
57,21,count-odds,lexicase,FALSE,20,elitize_generation_data,56,51,0.829,NA
58,21,count-odds,lexicase,FALSE,20,elitize_generation_data,57,57,0.804,NA
59,21,count-odds,lexicase,FALSE,20,elitize_generation_data,58,61,0.837,NA
60,21,count-odds,lexicase,FALSE,20,elitize_generation_data,59,69,0.803,NA
61,21,count-odds,lexicase,FALSE,20,elitize_generation_data,60,78,0.835,NA
62,21,count-odds,lexicase,FALSE,20,elitize_generation_data,61,83,0.825,NA
63,21,count-odds,lexicase,FALSE,20,elitize_generation_data,62,63,0.845,NA
64,21,count-odds,lexicase,FALSE,20,elitize_generation_data,63,77,0.847,NA
65,21,count-odds,lexicase,FALSE,20,elitize_generation_data,64,72,0.831,NA
66,21,count-odds,lexicase,FALSE,20,elitize_generation_data,65,64,0.851,NA
67,21,count-odds,lexicase,FALSE,20,elitize_generation_data,66,64,0.832,NA
68,21,count-odds,lexicase,FALSE,20,elitize_generation_data,67,80,0.851,NA
69,21,count-odds,lexicase,FALSE,20,elitize_generation_data,68,68,0.831,NA
70,21,count-odds,lexicase,FALSE,20,elitize_generation_data,69,62,0.84,NA
71,21,count-odds,lexicase,FALSE,20,elitize_generation_data,70,72,0.824,NA
72,21,count-odds,lexicase,FALSE,20,elitize_generation_data,71,71,0.858,NA
73,21,count-odds,lexicase,FALSE,20,elitize_generation_data,72,70,0.834,NA
74,21,count-odds,lexicase,FALSE,20,elitize_generation_data,73,67,0.836,NA
75,21,count-odds,lexicase,FALSE,20,elitize_generation_data,74,61,0.827,NA
76,21,count-odds,lexicase,FALSE,20,elitize_generation_data,75,66,0.834,NA
77,21,count-odds,lexicase,FALSE,20,elitize_generation_data,76,69,0.842,NA
78,21,count-odds,lexicase,FALSE,20,elitize_generation_data,77,83,0.835,NA
79,21,count-odds,lexicase,FALSE,20,elitize_generation_data,78,71,0.825,NA
80,21,count-odds,lexicase,FALSE,20,elitize_generation_data,79,73,0.848,NA
81,21,count-odds,lexicase,FALSE,20,elitize_generation_data,80,75,0.822,NA
82,21,count-odds,lexicase,FALSE,20,elitize_generation_data,81,76,0.84,NA
83,21,count-odds,lexicase,FALSE,20,elitize_generation_data,82,85,0.845,NA
84,21,count-odds,lexicase,FALSE,20,elitize_generation_data,83,89,0.852,NA
85,21,count-odds,lexicase,FALSE,20,elitize_generation_data,84,85,0.833,NA
86,21,count-odds,lexicase,FALSE,20,elitize_generation_data,85,74,0.833,NA
87,21,count-odds,lexicase,FALSE,20,elitize_generation_data,86,78,0.832,NA
88,21,count-odds,lexicase,FALSE,20,elitize_generation_data,87,89,0.831,NA
89,21,count-odds,lexicase,FALSE,20,elitize_generation_data,88,86,0.823,NA
90,21,count-odds,lexicase,FALSE,20,elitize_generation_data,89,80,0.843,NA
91,21,count-odds,lexicase,FALSE,20,elitize_generation_data,90,67,0.86,NA
92,21,count-odds,lexicase,FALSE,20,elitize_generation_data,91,79,0.83,NA
93,21,count-odds,lexicase,FALSE,20,elitize_generation_data,92,68,0.84,NA
94,21,count-odds,lexicase,FALSE,20,elitize_generation_data,93,85,0.835,NA
95,21,count-odds,lexicase,FALSE,20,elitize_generation_data,94,86,0.852,NA
96,21,count-odds,lexicase,FALSE,20,elitize_generation_data,95,88,0.856,NA
97,21,count-odds,lexicase,FALSE,20,elitize_generation_data,96,83,0.874,NA
98,21,count-odds,lexicase,FALSE,20,elitize_generation_data,97,78,0.861,NA
99,21,count-odds,lexicase,FALSE,20,elitize_generation_data,98,85,0.856,NA
100,21,count-odds,lexicase,FALSE,20,elitize_generation_data,99,79,0.872,NA
101,21,count-odds,lexicase,FALSE,20,elitize_generation_data,100,87,0.863,NA
102,21,count-odds,lexicase,FALSE,20,elitize_generation_data,101,82,0.867,NA
103,21,count-odds,lexicase,FALSE,20,elitize_generation_data,102,94,0.856,NA
104,21,count-odds,lexicase,FALSE,20,elitize_generation_data,103,90,0.851,NA
105,21,count-odds,lexicase,FALSE,20,elitize_generation_data,104,92,0.843,NA
106,21,count-odds,lexicase,FALSE,20,elitize_generation_data,105,100,0.854,NA
107,21,count-odds,lexicase,FALSE,20,elitize_generation_data,106,88,0.852,NA
108,21,count-odds,lexicase,FALSE,20,elitize_generation_data,107,105,0.857,NA
109,21,count-odds,lexicase,FALSE,20,elitize_generation_data,108,107,0.877,NA
110,21,count-odds,lexicase,FALSE,20,elitize_generation_data,109,104,0.852,NA
111,21,count-odds,lexicase,FALSE,20,elitize_generation_data,110,98,0.82,NA
112,21,count-odds,lexicase,FALSE,20,elitize_generation_data,111,112,0.871,NA
113,21,count-odds,lexicase,FALSE,20,elitize_generation_data,112,131,0.879,NA
114,21,count-odds,lexicase,FALSE,20,elitize_generation_data,113,119,0.868,NA
115,21,count-odds,lexicase,FALSE,20,elitize_generation_data,114,110,0.854,NA
116,21,count-odds,lexicase,FALSE,20,elitize_generation_data,115,116,0.837,NA
117,21,count-odds,lexicase,FALSE,20,elitize_generation_data,116,119,0.854,NA
118,21,count-odds,lexicase,FALSE,20,elitize_generation_data,117,121,0.844,NA
119,21,count-odds,lexicase,FALSE,20,elitize_generation_data,118,107,0.844,NA
120,21,count-odds,lexicase,FALSE,20,elitize_generation_data,119,107,0.859,NA
121,21,count-odds,lexicase,FALSE,20,elitize_generation_data,120,132,0.864,NA
122,21,count-odds,lexicase,FALSE,20,elitize_generation_data,121,132,0.867,NA
123,21,count-odds,lexicase,FALSE,20,elitize_generation_data,122,134,0.847,NA
124,21,count-odds,lexicase,FALSE,20,elitize_generation_data,123,137,0.86,NA
125,21,count-odds,lexicase,FALSE,20,elitize_generation_data,124,150,0.869,NA
126,21,count-odds,lexicase,FALSE,20,elitize_generation_data,125,146,0.852,NA
127,21,count-odds,lexicase,FALSE,20,elitize_generation_data,126,130,0.866,NA
128,21,count-odds,lexicase,FALSE,20,elitize_generation_data,127,137,0.86,NA
129,21,count-odds,lexicase,FALSE,20,elitize_generation_data,128,140,0.853,NA
130,21,count-odds,lexicase,FALSE,20,elitize_generation_data,129,139,0.853,NA
131,21,count-odds,lexicase,FALSE,20,elitize_generation_data,130,141,0.844,NA
132,21,count-odds,lexicase,FALSE,20,elitize_generation_data,131,143,0.835,NA
133,21,count-odds,lexicase,FALSE,20,elitize_generation_data,132,146,0.843,NA
134,21,count-odds,lexicase,FALSE,20,elitize_generation_data,133,149,0.846,NA
135,21,count-odds,lexicase,FALSE,20,elitize_generation_data,134,127,0.847,NA
136,21,count-odds,lexicase,FALSE,20,elitize_generation_data,135,127,0.835,NA
137,21,count-odds,lexicase,FALSE,20,elitize_generation_data,136,118,0.838,NA
138,21,count-odds,lexicase,FALSE,20,elitize_generation_data,137,125,0.793,NA
139,21,count-odds,lexicase,FALSE,20,elitize_generation_data,138,138,0.827,NA
140,21,count-odds,lexicase,FALSE,20,elitize_generation_data,139,141,0.839,NA
141,21,count-odds,lexicase,FALSE,20,elitize_generation_data,140,137,0.846,NA
142,21,count-odds,lexicase,FALSE,20,elitize_generation_data,141,132,0.835,NA
143,21,count-odds,lexicase,FALSE,20,elitize_generation_data,142,136,0.826,NA
144,21,count-odds,lexicase,FALSE,20,elitize_generation_data,143,134,0.829,NA
145,21,count-odds,lexicase,FALSE,20,elitize_generation_data,144,147,0.82,NA
146,21,count-odds,lexicase,FALSE,20,elitize_generation_data,145,130,0.83,NA
147,21,count-odds,lexicase,FALSE,20,elitize_generation_data,146,135,0.836,NA
148,21,count-odds,lexicase,FALSE,20,elitize_generation_data,147,147,0.829,NA
149,21,count-odds,lexicase,FALSE,20,elitize_generation_data,148,148,0.809,NA
150,21,count-odds,lexicase,FALSE,20,elitize_generation_data,149,139,0.821,NA
151,21,count-odds,lexicase,FALSE,20,elitize_generation_data,150,127,0.811,NA
152,21,count-odds,lexicase,FALSE,20,elitize_generation_data,151,131,0.821,NA
153,21,count-odds,lexicase,FALSE,20,elitize_generation_data,152,150,0.823,NA
154,21,count-odds,lexicase,FALSE,20,elitize_generation_data,153,156,0.821,NA
155,21,count-odds,lexicase,FALSE,20,elitize_generation_data,154,157,0.833,NA
156,21,count-odds,lexicase,FALSE,20,elitize_generation_data,155,164,0.822,NA
157,21,count-odds,lexicase,FALSE,20,elitize_generation_data,156,148,0.819,NA
158,21,count-odds,lexicase,FALSE,20,elitize_generation_data,157,177,0.828,NA
159,21,count-odds,lexicase,FALSE,20,elitize_generation_data,158,160,0.854,NA
160,21,count-odds,lexicase,FALSE,20,elitize_generation_data,159,172,0.855,NA
161,21,count-odds,lexicase,FALSE,20,elitize_generation_data,160,164,0.853,NA
162,21,count-odds,lexicase,FALSE,20,elitize_generation_data,161,171,0.827,NA
163,21,count-odds,lexicase,FALSE,20,elitize_generation_data,162,178,0.838,NA
164,21,count-odds,lexicase,FALSE,20,elitize_generation_data,163,181,0.831,NA
165,21,count-odds,lexicase,FALSE,20,elitize_generation_data,164,196,0.84,NA
166,21,count-odds,lexicase,FALSE,20,elitize_generation_data,165,189,0.829,NA
167,21,count-odds,lexicase,FALSE,20,elitize_generation_data,166,183,0.847,NA
168,21,count-odds,lexicase,FALSE,20,elitize_generation_data,167,188,0.828,NA
169,21,count-odds,lexicase,FALSE,20,elitize_generation_data,168,174,0.832,NA
170,21,count-odds,lexicase,FALSE,20,elitize_generation_data,169,162,0.844,NA
171,21,count-odds,lexicase,FALSE,20,elitize_generation_data,170,183,0.843,NA
172,21,count-odds,lexicase,FALSE,20,elitize_generation_data,171,173,0.825,NA
173,21,count-odds,lexicase,FALSE,20,elitize_generation_data,172,173,0.836,NA
174,21,count-odds,lexicase,FALSE,20,elitize_generation_data,173,188,0.833,NA
175,21,count-odds,lexicase,FALSE,20,elitize_generation_data,174,185,0.816,NA
176,21,count-odds,lexicase,FALSE,20,elitize_generation_data,175,191,0.827,NA
177,21,count-odds,lexicase,FALSE,20,elitize_generation_data,176,187,0.825,NA
178,21,count-odds,lexicase,FALSE,20,elitize_generation_data,177,190,0.847,NA
179,21,count-odds,lexicase,FALSE,20,elitize_generation_data,178,188,0.808,NA
180,21,count-odds,lexicase,FALSE,20,elitize_generation_data,179,182,0.844,NA
181,21,count-odds,lexicase,FALSE,20,elitize_generation_data,180,174,0.841,NA
182,21,count-odds,lexicase,FALSE,20,elitize_generation_data,181,176,0.819,NA
183,21,count-odds,lexicase,FALSE,20,elitize_generation_data,182,175,0.821,NA
184,21,count-odds,lexicase,FALSE,20,elitize_generation_data,183,165,0.804,NA
185,21,count-odds,lexicase,FALSE,20,elitize_generation_data,184,150,0.792,NA
186,21,count-odds,lexicase,FALSE,20,elitize_generation_data,185,158,0.823,NA
187,21,count-odds,lexicase,FALSE,20,elitize_generation_data,186,179,0.801,NA
188,21,count-odds,lexicase,FALSE,20,elitize_generation_data,187,179,0.819,NA
189,21,count-odds,lexicase,FALSE,20,elitize_generation_data,188,178,0.8,NA
190,21,count-odds,lexicase,FALSE,20,elitize_generation_data,189,164,0.787,NA
191,21,count-odds,lexicase,FALSE,20,elitize_generation_data,190,174,0.804,NA
192,21,count-odds,lexicase,FALSE,20,elitize_generation_data,191,189,0.81,NA
193,21,count-odds,lexicase,FALSE,20,elitize_generation_data,192,198,0.802,NA
194,21,count-odds,lexicase,FALSE,20,elitize_generation_data,193,194,0.815,NA
195,21,count-odds,lexicase,FALSE,20,elitize_generation_data,194,182,0.795,NA
196,21,count-odds,lexicase,FALSE,20,elitize_generation_data,195,191,0.79,NA
197,21,count-odds,lexicase,FALSE,20,elitize_generation_data,196,187,0.802,NA
198,21,count-odds,lexicase,FALSE,20,elitize_generation_data,197,181,0.805,NA
199,21,count-odds,lexicase,FALSE,20,elitize_generation_data,198,196,0.802,NA
200,21,count-odds,lexicase,FALSE,20,elitize_generation_data,199,197,0.805,NA
201,21,count-odds,lexicase,FALSE,20,elitize_generation_data,200,198,0.805,NA
202,21,count-odds,lexicase,FALSE,20,elitize_generation_data,201,178,0.813,NA
203,21,count-odds,lexicase,FALSE,20,elitize_generation_data,202,188,0.819,NA
204,21,count-odds,lexicase,FALSE,20,elitize_generation_data,203,186,0.824,NA
205,21,count-odds,lexicase,FALSE,20,elitize_generation_data,204,180,0.815,NA
206,21,count-odds,lexicase,FALSE,20,elitize_generation_data,205,193,0.825,NA
207,21,count-odds,lexicase,FALSE,20,elitize_generation_data,206,207,0.797,NA
208,21,count-odds,lexicase,FALSE,20,elitize_generation_data,207,206,0.817,NA
209,21,count-odds,lexicase,FALSE,20,elitize_generation_data,208,206,0.786,NA
210,21,count-odds,lexicase,FALSE,20,elitize_generation_data,209,222,0.803,NA
211,21,count-odds,lexicase,FALSE,20,elitize_generation_data,210,203,0.814,NA
212,21,count-odds,lexicase,FALSE,20,elitize_generation_data,211,186,0.808,NA
213,21,count-odds,lexicase,FALSE,20,elitize_generation_data,212,209,0.815,NA
214,21,count-odds,lexicase,FALSE,20,elitize_generation_data,213,204,0.816,NA
215,21,count-odds,lexicase,FALSE,20,elitize_generation_data,214,211,0.79,NA
216,21,count-odds,lexicase,FALSE,20,elitize_generation_data,215,213,0.792,NA
217,21,count-odds,lexicase,FALSE,20,elitize_generation_data,216,213,0.781,NA
218,21,count-odds,lexicase,FALSE,20,elitize_generation_data,217,223,0.784,NA
219,21,count-odds,lexicase,FALSE,20,elitize_generation_data,218,217,0.819,NA
220,21,count-odds,lexicase,FALSE,20,elitize_generation_data,219,218,0.783,NA
221,21,count-odds,lexicase,FALSE,20,elitize_generation_data,220,211,0.799,NA
222,21,count-odds,lexicase,FALSE,20,elitize_generation_data,221,236,0.82,NA
223,21,count-odds,lexicase,FALSE,20,elitize_generation_data,222,229,0.839,NA
224,21,count-odds,lexicase,FALSE,20,elitize_generation_data,223,230,0.812,NA
225,21,count-odds,lexicase,FALSE,20,elitize_generation_data,224,229,0.83,NA
226,21,count-odds,lexicase,FALSE,20,elitize_generation_data,225,240,0.809,NA
227,21,count-odds,lexicase,FALSE,20,elitize_generation_data,226,245,0.832,NA
228,21,count-odds,lexicase,FALSE,20,elitize_generation_data,227,241,0.829,NA
229,21,count-odds,lexicase,FALSE,20,elitize_generation_data,228,234,0.831,NA
230,21,count-odds,lexicase,FALSE,20,elitize_generation_data,229,208,0.824,NA
231,21,count-odds,lexicase,FALSE,20,elitize_generation_data,230,226,0.811,NA
232,21,count-odds,lexicase,FALSE,20,elitize_generation_data,231,229,0.835,NA
233,21,count-odds,lexicase,FALSE,20,elitize_generation_data,232,226,0.812,NA
234,21,count-odds,lexicase,FALSE,20,elitize_generation_data,233,234,0.809,NA
235,21,count-odds,lexicase,FALSE,20,elitize_generation_data,234,205,0.798,NA
236,21,count-odds,lexicase,FALSE,20,elitize_generation_data,235,200,0.833,NA
237,21,count-odds,lexicase,FALSE,20,elitize_generation_data,236,218,0.785,NA
238,21,count-odds,lexicase,FALSE,20,elitize_generation_data,237,194,0.798,NA
239,21,count-odds,lexicase,FALSE,20,elitize_generation_data,238,198,0.809,NA
240,21,count-odds,lexicase,FALSE,20,elitize_generation_data,239,189,0.785,NA
241,21,count-odds,lexicase,FALSE,20,elitize_generation_data,240,188,0.792,NA
242,21,count-odds,lexicase,FALSE,20,elitize_generation_data,241,213,0.82,NA
243,21,count-odds,lexicase,FALSE,20,elitize_generation_data,242,206,0.829,NA
244,21,count-odds,lexicase,FALSE,20,elitize_generation_data,243,199,0.815,NA
245,21,count-odds,lexicase,FALSE,20,elitize_generation_data,244,212,0.806,NA
246,21,count-odds,lexicase,FALSE,20,elitize_generation_data,245,198,0.81,NA
247,21,count-odds,lexicase,FALSE,20,elitize_generation_data,246,208,0.823,NA
248,21,count-odds,lexicase,FALSE,20,elitize_generation_data,247,206,0.822,NA
249,21,count-odds,lexicase,FALSE,20,elitize_generation_data,248,197,0.786,NA
250,21,count-odds,lexicase,FALSE,20,elitize_generation_data,249,193,0.823,NA
251,21,count-odds,lexicase,FALSE,20,elitize_generation_data,250,194,0.813,NA
252,21,count-odds,lexicase,FALSE,20,elitize_generation_data,251,185,0.796,NA
253,21,count-odds,lexicase,FALSE,20,elitize_generation_data,252,196,0.791,NA
254,21,count-odds,lexicase,FALSE,20,elitize_generation_data,253,206,0.813,NA
255,21,count-odds,lexicase,FALSE,20,elitize_generation_data,254,202,0.804,NA
256,21,count-odds,lexicase,FALSE,20,elitize_generation_data,255,206,0.798,NA
257,21,count-odds,lexicase,FALSE,20,elitize_generation_data,256,207,0.828,NA
258,21,count-odds,lexicase,FALSE,20,elitize_generation_data,257,203,0.83,NA
259,21,count-odds,lexicase,FALSE,20,elitize_generation_data,258,195,0.807,NA
260,21,count-odds,lexicase,FALSE,20,elitize_generation_data,259,207,0.81,NA
261,21,count-odds,lexicase,FALSE,20,elitize_generation_data,260,205,0.796,NA
262,21,count-odds,lexicase,FALSE,20,elitize_generation_data,261,198,0.791,NA
263,21,count-odds,lexicase,FALSE,20,elitize_generation_data,262,214,0.784,NA
264,21,count-odds,lexicase,FALSE,20,elitize_generation_data,263,204,0.793,NA
265,21,count-odds,lexicase,FALSE,20,elitize_generation_data,264,223,0.794,NA
266,21,count-odds,lexicase,FALSE,20,elitize_generation_data,265,209,0.804,NA
267,21,count-odds,lexicase,FALSE,20,elitize_generation_data,266,207,0.804,NA
268,21,count-odds,lexicase,FALSE,20,elitize_generation_data,267,221,0.769,NA
269,21,count-odds,lexicase,FALSE,20,elitize_generation_data,268,233,0.794,NA
270,21,count-odds,lexicase,FALSE,20,elitize_generation_data,269,240,0.784,NA
271,21,count-odds,lexicase,FALSE,20,elitize_generation_data,270,252,0.795,NA
272,21,count-odds,lexicase,FALSE,20,elitize_generation_data,271,229,0.778,NA
273,21,count-odds,lexicase,FALSE,20,elitize_generation_data,272,230,0.817,NA
274,21,count-odds,lexicase,FALSE,20,elitize_generation_data,273,226,0.798,NA
275,21,count-odds,lexicase,FALSE,20,elitize_generation_data,274,229,0.82,NA
276,21,count-odds,lexicase,FALSE,20,elitize_generation_data,275,219,0.804,NA
277,21,count-odds,lexicase,FALSE,20,elitize_generation_data,276,219,0.809,NA
278,21,count-odds,lexicase,FALSE,20,elitize_generation_data,277,216,0.782,NA
279,21,count-odds,lexicase,FALSE,20,elitize_generation_data,278,223,0.773,NA
280,21,count-odds,lexicase,FALSE,20,elitize_generation_data,279,229,0.792,NA
281,21,count-odds,lexicase,FALSE,20,elitize_generation_data,280,238,0.801,NA
282,21,count-odds,lexicase,FALSE,20,elitize_generation_data,281,236,0.806,NA
283,21,count-odds,lexicase,FALSE,20,elitize_generation_data,282,236,0.821,NA
284,21,count-odds,lexicase,FALSE,20,elitize_generation_data,283,237,0.813,NA
285,21,count-odds,lexicase,FALSE,20,elitize_generation_data,284,251,0.801,NA
286,21,count-odds,lexicase,FALSE,20,elitize_generation_data,285,256,0.818,NA
287,21,count-odds,lexicase,FALSE,20,elitize_generation_data,286,264,0.817,NA
288,21,count-odds,lexicase,FALSE,20,elitize_generation_data,287,225,0.804,NA
289,21,count-odds,lexicase,FALSE,20,elitize_generation_data,288,240,0.792,NA
290,21,count-odds,lexicase,FALSE,20,elitize_generation_data,289,231,0.803,NA
291,21,count-odds,lexicase,FALSE,20,elitize_generation_data,290,229,0.799,NA
292,21,count-odds,lexicase,FALSE,20,elitize_generation_data,291,237,0.825,NA
293,21,count-odds,lexicase,FALSE,20,elitize_generation_data,292,243,0.818,NA
294,21,count-odds,lexicase,FALSE,20,elitize_generation_data,293,242,0.805,NA
295,21,count-odds,lexicase,FALSE,20,elitize_generation_data,294,254,0.798,NA
296,21,count-odds,lexicase,FALSE,20,elitize_generation_data,295,270,0.814,NA
297,21,count-odds,lexicase,FALSE,20,elitize_generation_data,296,269,0.795,NA
298,21,count-odds,lexicase,FALSE,20,elitize_generation_data,297,259,0.816,NA
299,21,count-odds,lexicase,FALSE,20,elitize_generation_data,298,254,0.78,NA
300,21,count-odds,lexicase,FALSE,20,elitize_generation_data,299,228,0.798,NA
301,21,count-odds,lexicase,FALSE,20,elitize_generation_data,300,240,0.799,NA
