,run.num,problem,treatment,succeeded,height,normalization.function,generation,cluster.count,error.diversity,success.generation
1,37,count-odds,lexicase,FALSE,20,elitize_generation_data,0,6,0.18,NA
2,37,count-odds,lexicase,FALSE,20,elitize_generation_data,1,8,0.164,NA
3,37,count-odds,lexicase,FALSE,20,elitize_generation_data,2,9,0.261,NA
4,37,count-odds,lexicase,FALSE,20,elitize_generation_data,3,13,0.388,NA
5,37,count-odds,lexicase,FALSE,20,elitize_generation_data,4,16,0.528,NA
6,37,count-odds,lexicase,FALSE,20,elitize_generation_data,5,22,0.63,NA
7,37,count-odds,lexicase,FALSE,20,elitize_generation_data,6,26,0.714,NA
8,37,count-odds,lexicase,FALSE,20,elitize_generation_data,7,30,0.742,NA
9,37,count-odds,lexicase,FALSE,20,elitize_generation_data,8,31,0.771,NA
10,37,count-odds,lexicase,FALSE,20,elitize_generation_data,9,35,0.764,NA
11,37,count-odds,lexicase,FALSE,20,elitize_generation_data,10,38,0.758,NA
12,37,count-odds,lexicase,FALSE,20,elitize_generation_data,11,39,0.764,NA
13,37,count-odds,lexicase,FALSE,20,elitize_generation_data,12,39,0.787,NA
14,37,count-odds,lexicase,FALSE,20,elitize_generation_data,13,37,0.781,NA
15,37,count-odds,lexicase,FALSE,20,elitize_generation_data,14,34,0.779,NA
16,37,count-odds,lexicase,FALSE,20,elitize_generation_data,15,42,0.791,NA
17,37,count-odds,lexicase,FALSE,20,elitize_generation_data,16,40,0.81,NA
18,37,count-odds,lexicase,FALSE,20,elitize_generation_data,17,51,0.837,NA
19,37,count-odds,lexicase,FALSE,20,elitize_generation_data,18,48,0.81,NA
20,37,count-odds,lexicase,FALSE,20,elitize_generation_data,19,46,0.795,NA
21,37,count-odds,lexicase,FALSE,20,elitize_generation_data,20,62,0.827,NA
22,37,count-odds,lexicase,FALSE,20,elitize_generation_data,21,62,0.806,NA
23,37,count-odds,lexicase,FALSE,20,elitize_generation_data,22,50,0.818,NA
24,37,count-odds,lexicase,FALSE,20,elitize_generation_data,23,60,0.814,NA
25,37,count-odds,lexicase,FALSE,20,elitize_generation_data,24,53,0.826,NA
26,37,count-odds,lexicase,FALSE,20,elitize_generation_data,25,61,0.818,NA
27,37,count-odds,lexicase,FALSE,20,elitize_generation_data,26,63,0.836,NA
28,37,count-odds,lexicase,FALSE,20,elitize_generation_data,27,65,0.846,NA
29,37,count-odds,lexicase,FALSE,20,elitize_generation_data,28,74,0.836,NA
30,37,count-odds,lexicase,FALSE,20,elitize_generation_data,29,68,0.859,NA
31,37,count-odds,lexicase,FALSE,20,elitize_generation_data,30,80,0.862,NA
32,37,count-odds,lexicase,FALSE,20,elitize_generation_data,31,69,0.86,NA
33,37,count-odds,lexicase,FALSE,20,elitize_generation_data,32,80,0.866,NA
34,37,count-odds,lexicase,FALSE,20,elitize_generation_data,33,75,0.882,NA
35,37,count-odds,lexicase,FALSE,20,elitize_generation_data,34,82,0.861,NA
36,37,count-odds,lexicase,FALSE,20,elitize_generation_data,35,81,0.838,NA
37,37,count-odds,lexicase,FALSE,20,elitize_generation_data,36,80,0.859,NA
38,37,count-odds,lexicase,FALSE,20,elitize_generation_data,37,93,0.873,NA
39,37,count-odds,lexicase,FALSE,20,elitize_generation_data,38,90,0.865,NA
40,37,count-odds,lexicase,FALSE,20,elitize_generation_data,39,90,0.876,NA
41,37,count-odds,lexicase,FALSE,20,elitize_generation_data,40,94,0.852,NA
42,37,count-odds,lexicase,FALSE,20,elitize_generation_data,41,83,0.86,NA
43,37,count-odds,lexicase,FALSE,20,elitize_generation_data,42,86,0.864,NA
44,37,count-odds,lexicase,FALSE,20,elitize_generation_data,43,96,0.833,NA
45,37,count-odds,lexicase,FALSE,20,elitize_generation_data,44,101,0.849,NA
46,37,count-odds,lexicase,FALSE,20,elitize_generation_data,45,98,0.855,NA
47,37,count-odds,lexicase,FALSE,20,elitize_generation_data,46,94,0.85,NA
48,37,count-odds,lexicase,FALSE,20,elitize_generation_data,47,87,0.846,NA
49,37,count-odds,lexicase,FALSE,20,elitize_generation_data,48,94,0.861,NA
50,37,count-odds,lexicase,FALSE,20,elitize_generation_data,49,86,0.863,NA
51,37,count-odds,lexicase,FALSE,20,elitize_generation_data,50,97,0.84,NA
52,37,count-odds,lexicase,FALSE,20,elitize_generation_data,51,85,0.845,NA
53,37,count-odds,lexicase,FALSE,20,elitize_generation_data,52,85,0.84,NA
54,37,count-odds,lexicase,FALSE,20,elitize_generation_data,53,94,0.847,NA
55,37,count-odds,lexicase,FALSE,20,elitize_generation_data,54,99,0.86,NA
56,37,count-odds,lexicase,FALSE,20,elitize_generation_data,55,91,0.851,NA
57,37,count-odds,lexicase,FALSE,20,elitize_generation_data,56,90,0.841,NA
58,37,count-odds,lexicase,FALSE,20,elitize_generation_data,57,87,0.841,NA
59,37,count-odds,lexicase,FALSE,20,elitize_generation_data,58,106,0.844,NA
60,37,count-odds,lexicase,FALSE,20,elitize_generation_data,59,97,0.822,NA
61,37,count-odds,lexicase,FALSE,20,elitize_generation_data,60,94,0.833,NA
62,37,count-odds,lexicase,FALSE,20,elitize_generation_data,61,94,0.804,NA
63,37,count-odds,lexicase,FALSE,20,elitize_generation_data,62,93,0.826,NA
64,37,count-odds,lexicase,FALSE,20,elitize_generation_data,63,95,0.863,NA
65,37,count-odds,lexicase,FALSE,20,elitize_generation_data,64,98,0.832,NA
66,37,count-odds,lexicase,FALSE,20,elitize_generation_data,65,105,0.831,NA
67,37,count-odds,lexicase,FALSE,20,elitize_generation_data,66,102,0.807,NA
68,37,count-odds,lexicase,FALSE,20,elitize_generation_data,67,106,0.837,NA
69,37,count-odds,lexicase,FALSE,20,elitize_generation_data,68,110,0.844,NA
70,37,count-odds,lexicase,FALSE,20,elitize_generation_data,69,100,0.841,NA
71,37,count-odds,lexicase,FALSE,20,elitize_generation_data,70,97,0.842,NA
72,37,count-odds,lexicase,FALSE,20,elitize_generation_data,71,94,0.828,NA
73,37,count-odds,lexicase,FALSE,20,elitize_generation_data,72,103,0.835,NA
74,37,count-odds,lexicase,FALSE,20,elitize_generation_data,73,97,0.822,NA
75,37,count-odds,lexicase,FALSE,20,elitize_generation_data,74,98,0.837,NA
76,37,count-odds,lexicase,FALSE,20,elitize_generation_data,75,96,0.84,NA
77,37,count-odds,lexicase,FALSE,20,elitize_generation_data,76,101,0.847,NA
78,37,count-odds,lexicase,FALSE,20,elitize_generation_data,77,107,0.824,NA
79,37,count-odds,lexicase,FALSE,20,elitize_generation_data,78,105,0.842,NA
80,37,count-odds,lexicase,FALSE,20,elitize_generation_data,79,108,0.826,NA
81,37,count-odds,lexicase,FALSE,20,elitize_generation_data,80,107,0.829,NA
82,37,count-odds,lexicase,FALSE,20,elitize_generation_data,81,119,0.837,NA
83,37,count-odds,lexicase,FALSE,20,elitize_generation_data,82,118,0.855,NA
84,37,count-odds,lexicase,FALSE,20,elitize_generation_data,83,113,0.833,NA
85,37,count-odds,lexicase,FALSE,20,elitize_generation_data,84,138,0.854,NA
86,37,count-odds,lexicase,FALSE,20,elitize_generation_data,85,130,0.853,NA
87,37,count-odds,lexicase,FALSE,20,elitize_generation_data,86,131,0.856,NA
88,37,count-odds,lexicase,FALSE,20,elitize_generation_data,87,121,0.872,NA
89,37,count-odds,lexicase,FALSE,20,elitize_generation_data,88,126,0.861,NA
90,37,count-odds,lexicase,FALSE,20,elitize_generation_data,89,127,0.848,NA
91,37,count-odds,lexicase,FALSE,20,elitize_generation_data,90,123,0.855,NA
92,37,count-odds,lexicase,FALSE,20,elitize_generation_data,91,132,0.863,NA
93,37,count-odds,lexicase,FALSE,20,elitize_generation_data,92,126,0.855,NA
94,37,count-odds,lexicase,FALSE,20,elitize_generation_data,93,121,0.845,NA
95,37,count-odds,lexicase,FALSE,20,elitize_generation_data,94,115,0.843,NA
96,37,count-odds,lexicase,FALSE,20,elitize_generation_data,95,121,0.832,NA
97,37,count-odds,lexicase,FALSE,20,elitize_generation_data,96,131,0.845,NA
98,37,count-odds,lexicase,FALSE,20,elitize_generation_data,97,127,0.86,NA
99,37,count-odds,lexicase,FALSE,20,elitize_generation_data,98,125,0.861,NA
100,37,count-odds,lexicase,FALSE,20,elitize_generation_data,99,118,0.84,NA
101,37,count-odds,lexicase,FALSE,20,elitize_generation_data,100,102,0.836,NA
102,37,count-odds,lexicase,FALSE,20,elitize_generation_data,101,116,0.852,NA
103,37,count-odds,lexicase,FALSE,20,elitize_generation_data,102,127,0.854,NA
104,37,count-odds,lexicase,FALSE,20,elitize_generation_data,103,126,0.862,NA
105,37,count-odds,lexicase,FALSE,20,elitize_generation_data,104,116,0.836,NA
106,37,count-odds,lexicase,FALSE,20,elitize_generation_data,105,119,0.845,NA
107,37,count-odds,lexicase,FALSE,20,elitize_generation_data,106,127,0.841,NA
108,37,count-odds,lexicase,FALSE,20,elitize_generation_data,107,136,0.823,NA
109,37,count-odds,lexicase,FALSE,20,elitize_generation_data,108,137,0.824,NA
110,37,count-odds,lexicase,FALSE,20,elitize_generation_data,109,128,0.828,NA
111,37,count-odds,lexicase,FALSE,20,elitize_generation_data,110,121,0.838,NA
112,37,count-odds,lexicase,FALSE,20,elitize_generation_data,111,134,0.836,NA
113,37,count-odds,lexicase,FALSE,20,elitize_generation_data,112,130,0.859,NA
114,37,count-odds,lexicase,FALSE,20,elitize_generation_data,113,127,0.841,NA
115,37,count-odds,lexicase,FALSE,20,elitize_generation_data,114,133,0.862,NA
116,37,count-odds,lexicase,FALSE,20,elitize_generation_data,115,122,0.848,NA
117,37,count-odds,lexicase,FALSE,20,elitize_generation_data,116,121,0.816,NA
118,37,count-odds,lexicase,FALSE,20,elitize_generation_data,117,129,0.841,NA
119,37,count-odds,lexicase,FALSE,20,elitize_generation_data,118,137,0.832,NA
120,37,count-odds,lexicase,FALSE,20,elitize_generation_data,119,137,0.839,NA
121,37,count-odds,lexicase,FALSE,20,elitize_generation_data,120,130,0.832,NA
122,37,count-odds,lexicase,FALSE,20,elitize_generation_data,121,123,0.831,NA
123,37,count-odds,lexicase,FALSE,20,elitize_generation_data,122,130,0.836,NA
124,37,count-odds,lexicase,FALSE,20,elitize_generation_data,123,138,0.844,NA
125,37,count-odds,lexicase,FALSE,20,elitize_generation_data,124,123,0.834,NA
126,37,count-odds,lexicase,FALSE,20,elitize_generation_data,125,133,0.813,NA
127,37,count-odds,lexicase,FALSE,20,elitize_generation_data,126,143,0.843,NA
128,37,count-odds,lexicase,FALSE,20,elitize_generation_data,127,127,0.837,NA
129,37,count-odds,lexicase,FALSE,20,elitize_generation_data,128,124,0.844,NA
130,37,count-odds,lexicase,FALSE,20,elitize_generation_data,129,132,0.831,NA
131,37,count-odds,lexicase,FALSE,20,elitize_generation_data,130,148,0.851,NA
132,37,count-odds,lexicase,FALSE,20,elitize_generation_data,131,144,0.854,NA
133,37,count-odds,lexicase,FALSE,20,elitize_generation_data,132,128,0.862,NA
134,37,count-odds,lexicase,FALSE,20,elitize_generation_data,133,136,0.851,NA
135,37,count-odds,lexicase,FALSE,20,elitize_generation_data,134,130,0.875,NA
136,37,count-odds,lexicase,FALSE,20,elitize_generation_data,135,134,0.828,NA
137,37,count-odds,lexicase,FALSE,20,elitize_generation_data,136,129,0.847,NA
138,37,count-odds,lexicase,FALSE,20,elitize_generation_data,137,127,0.845,NA
139,37,count-odds,lexicase,FALSE,20,elitize_generation_data,138,128,0.84,NA
140,37,count-odds,lexicase,FALSE,20,elitize_generation_data,139,122,0.83,NA
141,37,count-odds,lexicase,FALSE,20,elitize_generation_data,140,125,0.845,NA
142,37,count-odds,lexicase,FALSE,20,elitize_generation_data,141,122,0.822,NA
143,37,count-odds,lexicase,FALSE,20,elitize_generation_data,142,117,0.847,NA
144,37,count-odds,lexicase,FALSE,20,elitize_generation_data,143,137,0.849,NA
145,37,count-odds,lexicase,FALSE,20,elitize_generation_data,144,125,0.839,NA
146,37,count-odds,lexicase,FALSE,20,elitize_generation_data,145,130,0.847,NA
147,37,count-odds,lexicase,FALSE,20,elitize_generation_data,146,127,0.875,NA
148,37,count-odds,lexicase,FALSE,20,elitize_generation_data,147,122,0.837,NA
149,37,count-odds,lexicase,FALSE,20,elitize_generation_data,148,133,0.835,NA
150,37,count-odds,lexicase,FALSE,20,elitize_generation_data,149,130,0.862,NA
151,37,count-odds,lexicase,FALSE,20,elitize_generation_data,150,127,0.866,NA
152,37,count-odds,lexicase,FALSE,20,elitize_generation_data,151,124,0.84,NA
153,37,count-odds,lexicase,FALSE,20,elitize_generation_data,152,131,0.857,NA
154,37,count-odds,lexicase,FALSE,20,elitize_generation_data,153,135,0.866,NA
155,37,count-odds,lexicase,FALSE,20,elitize_generation_data,154,131,0.853,NA
156,37,count-odds,lexicase,FALSE,20,elitize_generation_data,155,137,0.853,NA
157,37,count-odds,lexicase,FALSE,20,elitize_generation_data,156,128,0.84,NA
158,37,count-odds,lexicase,FALSE,20,elitize_generation_data,157,129,0.83,NA
159,37,count-odds,lexicase,FALSE,20,elitize_generation_data,158,132,0.812,NA
160,37,count-odds,lexicase,FALSE,20,elitize_generation_data,159,138,0.849,NA
161,37,count-odds,lexicase,FALSE,20,elitize_generation_data,160,135,0.841,NA
162,37,count-odds,lexicase,FALSE,20,elitize_generation_data,161,155,0.857,NA
163,37,count-odds,lexicase,FALSE,20,elitize_generation_data,162,138,0.862,NA
164,37,count-odds,lexicase,FALSE,20,elitize_generation_data,163,131,0.827,NA
165,37,count-odds,lexicase,FALSE,20,elitize_generation_data,164,134,0.842,NA
166,37,count-odds,lexicase,FALSE,20,elitize_generation_data,165,165,0.846,NA
167,37,count-odds,lexicase,FALSE,20,elitize_generation_data,166,168,0.849,NA
168,37,count-odds,lexicase,FALSE,20,elitize_generation_data,167,172,0.856,NA
169,37,count-odds,lexicase,FALSE,20,elitize_generation_data,168,164,0.843,NA
170,37,count-odds,lexicase,FALSE,20,elitize_generation_data,169,166,0.847,NA
171,37,count-odds,lexicase,FALSE,20,elitize_generation_data,170,171,0.874,NA
172,37,count-odds,lexicase,FALSE,20,elitize_generation_data,171,155,0.851,NA
173,37,count-odds,lexicase,FALSE,20,elitize_generation_data,172,166,0.856,NA
174,37,count-odds,lexicase,FALSE,20,elitize_generation_data,173,158,0.855,NA
175,37,count-odds,lexicase,FALSE,20,elitize_generation_data,174,160,0.856,NA
176,37,count-odds,lexicase,FALSE,20,elitize_generation_data,175,162,0.85,NA
177,37,count-odds,lexicase,FALSE,20,elitize_generation_data,176,189,0.868,NA
178,37,count-odds,lexicase,FALSE,20,elitize_generation_data,177,181,0.868,NA
179,37,count-odds,lexicase,FALSE,20,elitize_generation_data,178,175,0.853,NA
180,37,count-odds,lexicase,FALSE,20,elitize_generation_data,179,166,0.847,NA
181,37,count-odds,lexicase,FALSE,20,elitize_generation_data,180,148,0.859,NA
182,37,count-odds,lexicase,FALSE,20,elitize_generation_data,181,172,0.849,NA
183,37,count-odds,lexicase,FALSE,20,elitize_generation_data,182,181,0.852,NA
184,37,count-odds,lexicase,FALSE,20,elitize_generation_data,183,167,0.86,NA
185,37,count-odds,lexicase,FALSE,20,elitize_generation_data,184,143,0.839,NA
186,37,count-odds,lexicase,FALSE,20,elitize_generation_data,185,155,0.851,NA
187,37,count-odds,lexicase,FALSE,20,elitize_generation_data,186,155,0.859,NA
188,37,count-odds,lexicase,FALSE,20,elitize_generation_data,187,158,0.86,NA
189,37,count-odds,lexicase,FALSE,20,elitize_generation_data,188,171,0.876,NA
190,37,count-odds,lexicase,FALSE,20,elitize_generation_data,189,161,0.859,NA
191,37,count-odds,lexicase,FALSE,20,elitize_generation_data,190,155,0.857,NA
192,37,count-odds,lexicase,FALSE,20,elitize_generation_data,191,160,0.845,NA
193,37,count-odds,lexicase,FALSE,20,elitize_generation_data,192,179,0.854,NA
194,37,count-odds,lexicase,FALSE,20,elitize_generation_data,193,167,0.882,NA
195,37,count-odds,lexicase,FALSE,20,elitize_generation_data,194,160,0.855,NA
196,37,count-odds,lexicase,FALSE,20,elitize_generation_data,195,164,0.822,NA
197,37,count-odds,lexicase,FALSE,20,elitize_generation_data,196,176,0.871,NA
198,37,count-odds,lexicase,FALSE,20,elitize_generation_data,197,172,0.849,NA
199,37,count-odds,lexicase,FALSE,20,elitize_generation_data,198,179,0.839,NA
200,37,count-odds,lexicase,FALSE,20,elitize_generation_data,199,182,0.85,NA
201,37,count-odds,lexicase,FALSE,20,elitize_generation_data,200,186,0.859,NA
202,37,count-odds,lexicase,FALSE,20,elitize_generation_data,201,176,0.864,NA
203,37,count-odds,lexicase,FALSE,20,elitize_generation_data,202,172,0.848,NA
204,37,count-odds,lexicase,FALSE,20,elitize_generation_data,203,171,0.874,NA
205,37,count-odds,lexicase,FALSE,20,elitize_generation_data,204,167,0.827,NA
206,37,count-odds,lexicase,FALSE,20,elitize_generation_data,205,159,0.846,NA
207,37,count-odds,lexicase,FALSE,20,elitize_generation_data,206,167,0.857,NA
208,37,count-odds,lexicase,FALSE,20,elitize_generation_data,207,178,0.861,NA
209,37,count-odds,lexicase,FALSE,20,elitize_generation_data,208,165,0.869,NA
210,37,count-odds,lexicase,FALSE,20,elitize_generation_data,209,165,0.857,NA
211,37,count-odds,lexicase,FALSE,20,elitize_generation_data,210,161,0.857,NA
212,37,count-odds,lexicase,FALSE,20,elitize_generation_data,211,160,0.866,NA
213,37,count-odds,lexicase,FALSE,20,elitize_generation_data,212,157,0.854,NA
214,37,count-odds,lexicase,FALSE,20,elitize_generation_data,213,154,0.877,NA
215,37,count-odds,lexicase,FALSE,20,elitize_generation_data,214,172,0.873,NA
216,37,count-odds,lexicase,FALSE,20,elitize_generation_data,215,165,0.892,NA
217,37,count-odds,lexicase,FALSE,20,elitize_generation_data,216,162,0.872,NA
218,37,count-odds,lexicase,FALSE,20,elitize_generation_data,217,171,0.882,NA
219,37,count-odds,lexicase,FALSE,20,elitize_generation_data,218,163,0.896,NA
220,37,count-odds,lexicase,FALSE,20,elitize_generation_data,219,160,0.863,NA
221,37,count-odds,lexicase,FALSE,20,elitize_generation_data,220,159,0.872,NA
222,37,count-odds,lexicase,FALSE,20,elitize_generation_data,221,158,0.878,NA
223,37,count-odds,lexicase,FALSE,20,elitize_generation_data,222,172,0.88,NA
224,37,count-odds,lexicase,FALSE,20,elitize_generation_data,223,162,0.867,NA
225,37,count-odds,lexicase,FALSE,20,elitize_generation_data,224,174,0.864,NA
226,37,count-odds,lexicase,FALSE,20,elitize_generation_data,225,163,0.872,NA
227,37,count-odds,lexicase,FALSE,20,elitize_generation_data,226,174,0.883,NA
228,37,count-odds,lexicase,FALSE,20,elitize_generation_data,227,156,0.867,NA
229,37,count-odds,lexicase,FALSE,20,elitize_generation_data,228,163,0.901,NA
230,37,count-odds,lexicase,FALSE,20,elitize_generation_data,229,170,0.879,NA
231,37,count-odds,lexicase,FALSE,20,elitize_generation_data,230,171,0.856,NA
232,37,count-odds,lexicase,FALSE,20,elitize_generation_data,231,166,0.851,NA
233,37,count-odds,lexicase,FALSE,20,elitize_generation_data,232,157,0.86,NA
234,37,count-odds,lexicase,FALSE,20,elitize_generation_data,233,167,0.857,NA
235,37,count-odds,lexicase,FALSE,20,elitize_generation_data,234,157,0.856,NA
236,37,count-odds,lexicase,FALSE,20,elitize_generation_data,235,155,0.846,NA
237,37,count-odds,lexicase,FALSE,20,elitize_generation_data,236,155,0.861,NA
238,37,count-odds,lexicase,FALSE,20,elitize_generation_data,237,161,0.844,NA
239,37,count-odds,lexicase,FALSE,20,elitize_generation_data,238,162,0.857,NA
240,37,count-odds,lexicase,FALSE,20,elitize_generation_data,239,162,0.861,NA
241,37,count-odds,lexicase,FALSE,20,elitize_generation_data,240,171,0.846,NA
242,37,count-odds,lexicase,FALSE,20,elitize_generation_data,241,181,0.848,NA
243,37,count-odds,lexicase,FALSE,20,elitize_generation_data,242,172,0.855,NA
244,37,count-odds,lexicase,FALSE,20,elitize_generation_data,243,184,0.861,NA
245,37,count-odds,lexicase,FALSE,20,elitize_generation_data,244,173,0.854,NA
246,37,count-odds,lexicase,FALSE,20,elitize_generation_data,245,157,0.841,NA
247,37,count-odds,lexicase,FALSE,20,elitize_generation_data,246,174,0.852,NA
248,37,count-odds,lexicase,FALSE,20,elitize_generation_data,247,183,0.863,NA
249,37,count-odds,lexicase,FALSE,20,elitize_generation_data,248,182,0.871,NA
250,37,count-odds,lexicase,FALSE,20,elitize_generation_data,249,182,0.875,NA
251,37,count-odds,lexicase,FALSE,20,elitize_generation_data,250,172,0.873,NA
252,37,count-odds,lexicase,FALSE,20,elitize_generation_data,251,180,0.861,NA
253,37,count-odds,lexicase,FALSE,20,elitize_generation_data,252,172,0.864,NA
254,37,count-odds,lexicase,FALSE,20,elitize_generation_data,253,163,0.876,NA
255,37,count-odds,lexicase,FALSE,20,elitize_generation_data,254,175,0.855,NA
256,37,count-odds,lexicase,FALSE,20,elitize_generation_data,255,168,0.883,NA
257,37,count-odds,lexicase,FALSE,20,elitize_generation_data,256,170,0.871,NA
258,37,count-odds,lexicase,FALSE,20,elitize_generation_data,257,161,0.883,NA
259,37,count-odds,lexicase,FALSE,20,elitize_generation_data,258,166,0.861,NA
260,37,count-odds,lexicase,FALSE,20,elitize_generation_data,259,161,0.866,NA
261,37,count-odds,lexicase,FALSE,20,elitize_generation_data,260,143,0.882,NA
262,37,count-odds,lexicase,FALSE,20,elitize_generation_data,261,154,0.857,NA
263,37,count-odds,lexicase,FALSE,20,elitize_generation_data,262,158,0.866,NA
264,37,count-odds,lexicase,FALSE,20,elitize_generation_data,263,149,0.873,NA
265,37,count-odds,lexicase,FALSE,20,elitize_generation_data,264,146,0.871,NA
266,37,count-odds,lexicase,FALSE,20,elitize_generation_data,265,157,0.875,NA
267,37,count-odds,lexicase,FALSE,20,elitize_generation_data,266,155,0.864,NA
268,37,count-odds,lexicase,FALSE,20,elitize_generation_data,267,144,0.859,NA
269,37,count-odds,lexicase,FALSE,20,elitize_generation_data,268,142,0.858,NA
270,37,count-odds,lexicase,FALSE,20,elitize_generation_data,269,158,0.864,NA
271,37,count-odds,lexicase,FALSE,20,elitize_generation_data,270,152,0.865,NA
272,37,count-odds,lexicase,FALSE,20,elitize_generation_data,271,156,0.852,NA
273,37,count-odds,lexicase,FALSE,20,elitize_generation_data,272,164,0.863,NA
274,37,count-odds,lexicase,FALSE,20,elitize_generation_data,273,168,0.872,NA
275,37,count-odds,lexicase,FALSE,20,elitize_generation_data,274,155,0.856,NA
276,37,count-odds,lexicase,FALSE,20,elitize_generation_data,275,138,0.851,NA
277,37,count-odds,lexicase,FALSE,20,elitize_generation_data,276,162,0.851,NA
278,37,count-odds,lexicase,FALSE,20,elitize_generation_data,277,163,0.874,NA
279,37,count-odds,lexicase,FALSE,20,elitize_generation_data,278,159,0.881,NA
280,37,count-odds,lexicase,FALSE,20,elitize_generation_data,279,145,0.874,NA
281,37,count-odds,lexicase,FALSE,20,elitize_generation_data,280,151,0.888,NA
282,37,count-odds,lexicase,FALSE,20,elitize_generation_data,281,140,0.862,NA
283,37,count-odds,lexicase,FALSE,20,elitize_generation_data,282,161,0.9,NA
284,37,count-odds,lexicase,FALSE,20,elitize_generation_data,283,158,0.883,NA
285,37,count-odds,lexicase,FALSE,20,elitize_generation_data,284,151,0.862,NA
286,37,count-odds,lexicase,FALSE,20,elitize_generation_data,285,161,0.861,NA
287,37,count-odds,lexicase,FALSE,20,elitize_generation_data,286,139,0.875,NA
288,37,count-odds,lexicase,FALSE,20,elitize_generation_data,287,140,0.879,NA
289,37,count-odds,lexicase,FALSE,20,elitize_generation_data,288,148,0.873,NA
290,37,count-odds,lexicase,FALSE,20,elitize_generation_data,289,144,0.877,NA
291,37,count-odds,lexicase,FALSE,20,elitize_generation_data,290,135,0.872,NA
292,37,count-odds,lexicase,FALSE,20,elitize_generation_data,291,141,0.873,NA
293,37,count-odds,lexicase,FALSE,20,elitize_generation_data,292,151,0.861,NA
294,37,count-odds,lexicase,FALSE,20,elitize_generation_data,293,145,0.869,NA
295,37,count-odds,lexicase,FALSE,20,elitize_generation_data,294,144,0.881,NA
296,37,count-odds,lexicase,FALSE,20,elitize_generation_data,295,141,0.864,NA
297,37,count-odds,lexicase,FALSE,20,elitize_generation_data,296,158,0.889,NA
298,37,count-odds,lexicase,FALSE,20,elitize_generation_data,297,152,0.874,NA
299,37,count-odds,lexicase,FALSE,20,elitize_generation_data,298,140,0.872,NA
300,37,count-odds,lexicase,FALSE,20,elitize_generation_data,299,124,0.855,NA
301,37,count-odds,lexicase,FALSE,20,elitize_generation_data,300,137,0.858,NA
