,run.num,problem,treatment,succeeded,height,normalization.function,generation,cluster.count,error.diversity,success.generation
1,14,count-odds,lexicase,FALSE,20,elitize_generation_data,0,7,0.176,NA
2,14,count-odds,lexicase,FALSE,20,elitize_generation_data,1,8,0.198,NA
3,14,count-odds,lexicase,FALSE,20,elitize_generation_data,2,10,0.36,NA
4,14,count-odds,lexicase,FALSE,20,elitize_generation_data,3,14,0.549,NA
5,14,count-odds,lexicase,FALSE,20,elitize_generation_data,4,19,0.647,NA
6,14,count-odds,lexicase,FALSE,20,elitize_generation_data,5,26,0.715,NA
7,14,count-odds,lexicase,FALSE,20,elitize_generation_data,6,33,0.747,NA
8,14,count-odds,lexicase,FALSE,20,elitize_generation_data,7,37,0.775,NA
9,14,count-odds,lexicase,FALSE,20,elitize_generation_data,8,40,0.777,NA
10,14,count-odds,lexicase,FALSE,20,elitize_generation_data,9,46,0.822,NA
11,14,count-odds,lexicase,FALSE,20,elitize_generation_data,10,46,0.796,NA
12,14,count-odds,lexicase,FALSE,20,elitize_generation_data,11,42,0.813,NA
13,14,count-odds,lexicase,FALSE,20,elitize_generation_data,12,45,0.823,NA
14,14,count-odds,lexicase,FALSE,20,elitize_generation_data,13,49,0.826,NA
15,14,count-odds,lexicase,FALSE,20,elitize_generation_data,14,47,0.809,NA
16,14,count-odds,lexicase,FALSE,20,elitize_generation_data,15,41,0.822,NA
17,14,count-odds,lexicase,FALSE,20,elitize_generation_data,16,49,0.813,NA
18,14,count-odds,lexicase,FALSE,20,elitize_generation_data,17,60,0.827,NA
19,14,count-odds,lexicase,FALSE,20,elitize_generation_data,18,55,0.824,NA
20,14,count-odds,lexicase,FALSE,20,elitize_generation_data,19,65,0.823,NA
21,14,count-odds,lexicase,FALSE,20,elitize_generation_data,20,53,0.817,NA
22,14,count-odds,lexicase,FALSE,20,elitize_generation_data,21,57,0.825,NA
23,14,count-odds,lexicase,FALSE,20,elitize_generation_data,22,58,0.831,NA
24,14,count-odds,lexicase,FALSE,20,elitize_generation_data,23,56,0.835,NA
25,14,count-odds,lexicase,FALSE,20,elitize_generation_data,24,61,0.832,NA
26,14,count-odds,lexicase,FALSE,20,elitize_generation_data,25,56,0.819,NA
27,14,count-odds,lexicase,FALSE,20,elitize_generation_data,26,60,0.841,NA
28,14,count-odds,lexicase,FALSE,20,elitize_generation_data,27,58,0.828,NA
29,14,count-odds,lexicase,FALSE,20,elitize_generation_data,28,45,0.808,NA
30,14,count-odds,lexicase,FALSE,20,elitize_generation_data,29,59,0.834,NA
31,14,count-odds,lexicase,FALSE,20,elitize_generation_data,30,59,0.83,NA
32,14,count-odds,lexicase,FALSE,20,elitize_generation_data,31,57,0.833,NA
33,14,count-odds,lexicase,FALSE,20,elitize_generation_data,32,60,0.821,NA
34,14,count-odds,lexicase,FALSE,20,elitize_generation_data,33,70,0.816,NA
35,14,count-odds,lexicase,FALSE,20,elitize_generation_data,34,65,0.809,NA
36,14,count-odds,lexicase,FALSE,20,elitize_generation_data,35,65,0.812,NA
37,14,count-odds,lexicase,FALSE,20,elitize_generation_data,36,84,0.848,NA
38,14,count-odds,lexicase,FALSE,20,elitize_generation_data,37,74,0.834,NA
39,14,count-odds,lexicase,FALSE,20,elitize_generation_data,38,67,0.844,NA
40,14,count-odds,lexicase,FALSE,20,elitize_generation_data,39,62,0.818,NA
41,14,count-odds,lexicase,FALSE,20,elitize_generation_data,40,73,0.836,NA
42,14,count-odds,lexicase,FALSE,20,elitize_generation_data,41,75,0.845,NA
43,14,count-odds,lexicase,FALSE,20,elitize_generation_data,42,76,0.846,NA
44,14,count-odds,lexicase,FALSE,20,elitize_generation_data,43,62,0.826,NA
45,14,count-odds,lexicase,FALSE,20,elitize_generation_data,44,58,0.822,NA
46,14,count-odds,lexicase,FALSE,20,elitize_generation_data,45,64,0.81,NA
47,14,count-odds,lexicase,FALSE,20,elitize_generation_data,46,65,0.84,NA
48,14,count-odds,lexicase,FALSE,20,elitize_generation_data,47,63,0.852,NA
49,14,count-odds,lexicase,FALSE,20,elitize_generation_data,48,67,0.824,NA
50,14,count-odds,lexicase,FALSE,20,elitize_generation_data,49,70,0.815,NA
51,14,count-odds,lexicase,FALSE,20,elitize_generation_data,50,77,0.822,NA
52,14,count-odds,lexicase,FALSE,20,elitize_generation_data,51,67,0.827,NA
53,14,count-odds,lexicase,FALSE,20,elitize_generation_data,52,68,0.819,NA
54,14,count-odds,lexicase,FALSE,20,elitize_generation_data,53,65,0.834,NA
55,14,count-odds,lexicase,FALSE,20,elitize_generation_data,54,64,0.839,NA
56,14,count-odds,lexicase,FALSE,20,elitize_generation_data,55,71,0.811,NA
57,14,count-odds,lexicase,FALSE,20,elitize_generation_data,56,79,0.83,NA
58,14,count-odds,lexicase,FALSE,20,elitize_generation_data,57,75,0.835,NA
59,14,count-odds,lexicase,FALSE,20,elitize_generation_data,58,78,0.846,NA
60,14,count-odds,lexicase,FALSE,20,elitize_generation_data,59,75,0.829,NA
61,14,count-odds,lexicase,FALSE,20,elitize_generation_data,60,76,0.837,NA
62,14,count-odds,lexicase,FALSE,20,elitize_generation_data,61,78,0.85,NA
63,14,count-odds,lexicase,FALSE,20,elitize_generation_data,62,78,0.849,NA
64,14,count-odds,lexicase,FALSE,20,elitize_generation_data,63,68,0.843,NA
65,14,count-odds,lexicase,FALSE,20,elitize_generation_data,64,80,0.864,NA
66,14,count-odds,lexicase,FALSE,20,elitize_generation_data,65,77,0.856,NA
67,14,count-odds,lexicase,FALSE,20,elitize_generation_data,66,80,0.836,NA
68,14,count-odds,lexicase,FALSE,20,elitize_generation_data,67,91,0.843,NA
69,14,count-odds,lexicase,FALSE,20,elitize_generation_data,68,78,0.857,NA
70,14,count-odds,lexicase,FALSE,20,elitize_generation_data,69,91,0.872,NA
71,14,count-odds,lexicase,FALSE,20,elitize_generation_data,70,78,0.853,NA
72,14,count-odds,lexicase,FALSE,20,elitize_generation_data,71,84,0.861,NA
73,14,count-odds,lexicase,FALSE,20,elitize_generation_data,72,78,0.878,NA
74,14,count-odds,lexicase,FALSE,20,elitize_generation_data,73,84,0.855,NA
75,14,count-odds,lexicase,FALSE,20,elitize_generation_data,74,79,0.84,NA
76,14,count-odds,lexicase,FALSE,20,elitize_generation_data,75,91,0.87,NA
77,14,count-odds,lexicase,FALSE,20,elitize_generation_data,76,95,0.859,NA
78,14,count-odds,lexicase,FALSE,20,elitize_generation_data,77,96,0.856,NA
79,14,count-odds,lexicase,FALSE,20,elitize_generation_data,78,76,0.842,NA
80,14,count-odds,lexicase,FALSE,20,elitize_generation_data,79,91,0.855,NA
81,14,count-odds,lexicase,FALSE,20,elitize_generation_data,80,85,0.849,NA
82,14,count-odds,lexicase,FALSE,20,elitize_generation_data,81,85,0.863,NA
83,14,count-odds,lexicase,FALSE,20,elitize_generation_data,82,85,0.86,NA
84,14,count-odds,lexicase,FALSE,20,elitize_generation_data,83,93,0.869,NA
85,14,count-odds,lexicase,FALSE,20,elitize_generation_data,84,81,0.872,NA
86,14,count-odds,lexicase,FALSE,20,elitize_generation_data,85,87,0.861,NA
87,14,count-odds,lexicase,FALSE,20,elitize_generation_data,86,86,0.867,NA
88,14,count-odds,lexicase,FALSE,20,elitize_generation_data,87,91,0.874,NA
89,14,count-odds,lexicase,FALSE,20,elitize_generation_data,88,93,0.86,NA
90,14,count-odds,lexicase,FALSE,20,elitize_generation_data,89,104,0.86,NA
91,14,count-odds,lexicase,FALSE,20,elitize_generation_data,90,89,0.854,NA
92,14,count-odds,lexicase,FALSE,20,elitize_generation_data,91,96,0.851,NA
93,14,count-odds,lexicase,FALSE,20,elitize_generation_data,92,106,0.87,NA
94,14,count-odds,lexicase,FALSE,20,elitize_generation_data,93,117,0.864,NA
95,14,count-odds,lexicase,FALSE,20,elitize_generation_data,94,110,0.864,NA
96,14,count-odds,lexicase,FALSE,20,elitize_generation_data,95,111,0.863,NA
97,14,count-odds,lexicase,FALSE,20,elitize_generation_data,96,106,0.856,NA
98,14,count-odds,lexicase,FALSE,20,elitize_generation_data,97,120,0.863,NA
99,14,count-odds,lexicase,FALSE,20,elitize_generation_data,98,132,0.884,NA
100,14,count-odds,lexicase,FALSE,20,elitize_generation_data,99,126,0.884,NA
101,14,count-odds,lexicase,FALSE,20,elitize_generation_data,100,133,0.887,NA
102,14,count-odds,lexicase,FALSE,20,elitize_generation_data,101,131,0.889,NA
103,14,count-odds,lexicase,FALSE,20,elitize_generation_data,102,124,0.865,NA
104,14,count-odds,lexicase,FALSE,20,elitize_generation_data,103,129,0.868,NA
105,14,count-odds,lexicase,FALSE,20,elitize_generation_data,104,122,0.882,NA
106,14,count-odds,lexicase,FALSE,20,elitize_generation_data,105,121,0.883,NA
107,14,count-odds,lexicase,FALSE,20,elitize_generation_data,106,123,0.854,NA
108,14,count-odds,lexicase,FALSE,20,elitize_generation_data,107,123,0.876,NA
109,14,count-odds,lexicase,FALSE,20,elitize_generation_data,108,131,0.861,NA
110,14,count-odds,lexicase,FALSE,20,elitize_generation_data,109,128,0.883,NA
111,14,count-odds,lexicase,FALSE,20,elitize_generation_data,110,123,0.838,NA
112,14,count-odds,lexicase,FALSE,20,elitize_generation_data,111,139,0.849,NA
113,14,count-odds,lexicase,FALSE,20,elitize_generation_data,112,143,0.851,NA
114,14,count-odds,lexicase,FALSE,20,elitize_generation_data,113,135,0.846,NA
115,14,count-odds,lexicase,FALSE,20,elitize_generation_data,114,150,0.847,NA
116,14,count-odds,lexicase,FALSE,20,elitize_generation_data,115,146,0.847,NA
117,14,count-odds,lexicase,FALSE,20,elitize_generation_data,116,163,0.866,NA
118,14,count-odds,lexicase,FALSE,20,elitize_generation_data,117,163,0.869,NA
119,14,count-odds,lexicase,FALSE,20,elitize_generation_data,118,172,0.841,NA
120,14,count-odds,lexicase,FALSE,20,elitize_generation_data,119,182,0.845,NA
121,14,count-odds,lexicase,FALSE,20,elitize_generation_data,120,200,0.842,NA
122,14,count-odds,lexicase,FALSE,20,elitize_generation_data,121,190,0.834,NA
123,14,count-odds,lexicase,FALSE,20,elitize_generation_data,122,181,0.849,NA
124,14,count-odds,lexicase,FALSE,20,elitize_generation_data,123,193,0.844,NA
125,14,count-odds,lexicase,FALSE,20,elitize_generation_data,124,191,0.852,NA
126,14,count-odds,lexicase,FALSE,20,elitize_generation_data,125,201,0.847,NA
127,14,count-odds,lexicase,FALSE,20,elitize_generation_data,126,206,0.854,NA
128,14,count-odds,lexicase,FALSE,20,elitize_generation_data,127,207,0.843,NA
129,14,count-odds,lexicase,FALSE,20,elitize_generation_data,128,202,0.831,NA
130,14,count-odds,lexicase,FALSE,20,elitize_generation_data,129,201,0.834,NA
131,14,count-odds,lexicase,FALSE,20,elitize_generation_data,130,210,0.828,NA
132,14,count-odds,lexicase,FALSE,20,elitize_generation_data,131,200,0.842,NA
133,14,count-odds,lexicase,FALSE,20,elitize_generation_data,132,214,0.834,NA
134,14,count-odds,lexicase,FALSE,20,elitize_generation_data,133,212,0.859,NA
135,14,count-odds,lexicase,FALSE,20,elitize_generation_data,134,208,0.815,NA
136,14,count-odds,lexicase,FALSE,20,elitize_generation_data,135,199,0.847,NA
137,14,count-odds,lexicase,FALSE,20,elitize_generation_data,136,211,0.842,NA
138,14,count-odds,lexicase,FALSE,20,elitize_generation_data,137,223,0.835,NA
139,14,count-odds,lexicase,FALSE,20,elitize_generation_data,138,236,0.831,NA
140,14,count-odds,lexicase,FALSE,20,elitize_generation_data,139,233,0.826,NA
141,14,count-odds,lexicase,FALSE,20,elitize_generation_data,140,220,0.83,NA
142,14,count-odds,lexicase,FALSE,20,elitize_generation_data,141,205,0.843,NA
143,14,count-odds,lexicase,FALSE,20,elitize_generation_data,142,223,0.814,NA
144,14,count-odds,lexicase,FALSE,20,elitize_generation_data,143,202,0.832,NA
145,14,count-odds,lexicase,FALSE,20,elitize_generation_data,144,207,0.828,NA
146,14,count-odds,lexicase,FALSE,20,elitize_generation_data,145,217,0.832,NA
147,14,count-odds,lexicase,FALSE,20,elitize_generation_data,146,212,0.838,NA
148,14,count-odds,lexicase,FALSE,20,elitize_generation_data,147,222,0.828,NA
149,14,count-odds,lexicase,FALSE,20,elitize_generation_data,148,200,0.85,NA
150,14,count-odds,lexicase,FALSE,20,elitize_generation_data,149,206,0.825,NA
151,14,count-odds,lexicase,FALSE,20,elitize_generation_data,150,202,0.824,NA
152,14,count-odds,lexicase,FALSE,20,elitize_generation_data,151,214,0.833,NA
153,14,count-odds,lexicase,FALSE,20,elitize_generation_data,152,210,0.81,NA
154,14,count-odds,lexicase,FALSE,20,elitize_generation_data,153,217,0.823,NA
155,14,count-odds,lexicase,FALSE,20,elitize_generation_data,154,216,0.823,NA
156,14,count-odds,lexicase,FALSE,20,elitize_generation_data,155,235,0.837,NA
157,14,count-odds,lexicase,FALSE,20,elitize_generation_data,156,211,0.835,NA
158,14,count-odds,lexicase,FALSE,20,elitize_generation_data,157,213,0.817,NA
159,14,count-odds,lexicase,FALSE,20,elitize_generation_data,158,224,0.832,NA
160,14,count-odds,lexicase,FALSE,20,elitize_generation_data,159,226,0.837,NA
161,14,count-odds,lexicase,FALSE,20,elitize_generation_data,160,213,0.839,NA
162,14,count-odds,lexicase,FALSE,20,elitize_generation_data,161,232,0.83,NA
163,14,count-odds,lexicase,FALSE,20,elitize_generation_data,162,220,0.814,NA
164,14,count-odds,lexicase,FALSE,20,elitize_generation_data,163,223,0.818,NA
165,14,count-odds,lexicase,FALSE,20,elitize_generation_data,164,211,0.823,NA
166,14,count-odds,lexicase,FALSE,20,elitize_generation_data,165,215,0.848,NA
167,14,count-odds,lexicase,FALSE,20,elitize_generation_data,166,223,0.834,NA
168,14,count-odds,lexicase,FALSE,20,elitize_generation_data,167,218,0.801,NA
169,14,count-odds,lexicase,FALSE,20,elitize_generation_data,168,199,0.806,NA
170,14,count-odds,lexicase,FALSE,20,elitize_generation_data,169,198,0.812,NA
171,14,count-odds,lexicase,FALSE,20,elitize_generation_data,170,213,0.818,NA
172,14,count-odds,lexicase,FALSE,20,elitize_generation_data,171,214,0.802,NA
173,14,count-odds,lexicase,FALSE,20,elitize_generation_data,172,205,0.785,NA
174,14,count-odds,lexicase,FALSE,20,elitize_generation_data,173,212,0.816,NA
175,14,count-odds,lexicase,FALSE,20,elitize_generation_data,174,200,0.8,NA
176,14,count-odds,lexicase,FALSE,20,elitize_generation_data,175,215,0.807,NA
177,14,count-odds,lexicase,FALSE,20,elitize_generation_data,176,216,0.83,NA
178,14,count-odds,lexicase,FALSE,20,elitize_generation_data,177,208,0.81,NA
179,14,count-odds,lexicase,FALSE,20,elitize_generation_data,178,217,0.8,NA
180,14,count-odds,lexicase,FALSE,20,elitize_generation_data,179,217,0.821,NA
181,14,count-odds,lexicase,FALSE,20,elitize_generation_data,180,214,0.823,NA
182,14,count-odds,lexicase,FALSE,20,elitize_generation_data,181,200,0.777,NA
183,14,count-odds,lexicase,FALSE,20,elitize_generation_data,182,215,0.806,NA
184,14,count-odds,lexicase,FALSE,20,elitize_generation_data,183,218,0.8,NA
185,14,count-odds,lexicase,FALSE,20,elitize_generation_data,184,202,0.786,NA
186,14,count-odds,lexicase,FALSE,20,elitize_generation_data,185,199,0.76,NA
187,14,count-odds,lexicase,FALSE,20,elitize_generation_data,186,198,0.783,NA
188,14,count-odds,lexicase,FALSE,20,elitize_generation_data,187,205,0.799,NA
189,14,count-odds,lexicase,FALSE,20,elitize_generation_data,188,211,0.795,NA
190,14,count-odds,lexicase,FALSE,20,elitize_generation_data,189,221,0.799,NA
191,14,count-odds,lexicase,FALSE,20,elitize_generation_data,190,224,0.782,NA
192,14,count-odds,lexicase,FALSE,20,elitize_generation_data,191,215,0.808,NA
193,14,count-odds,lexicase,FALSE,20,elitize_generation_data,192,218,0.778,NA
194,14,count-odds,lexicase,FALSE,20,elitize_generation_data,193,212,0.78,NA
195,14,count-odds,lexicase,FALSE,20,elitize_generation_data,194,201,0.77,NA
196,14,count-odds,lexicase,FALSE,20,elitize_generation_data,195,203,0.792,NA
197,14,count-odds,lexicase,FALSE,20,elitize_generation_data,196,223,0.77,NA
198,14,count-odds,lexicase,FALSE,20,elitize_generation_data,197,220,0.812,NA
199,14,count-odds,lexicase,FALSE,20,elitize_generation_data,198,218,0.805,NA
200,14,count-odds,lexicase,FALSE,20,elitize_generation_data,199,194,0.793,NA
201,14,count-odds,lexicase,FALSE,20,elitize_generation_data,200,219,0.789,NA
202,14,count-odds,lexicase,FALSE,20,elitize_generation_data,201,227,0.8,NA
203,14,count-odds,lexicase,FALSE,20,elitize_generation_data,202,221,0.788,NA
204,14,count-odds,lexicase,FALSE,20,elitize_generation_data,203,221,0.782,NA
205,14,count-odds,lexicase,FALSE,20,elitize_generation_data,204,229,0.773,NA
206,14,count-odds,lexicase,FALSE,20,elitize_generation_data,205,222,0.772,NA
207,14,count-odds,lexicase,FALSE,20,elitize_generation_data,206,233,0.774,NA
208,14,count-odds,lexicase,FALSE,20,elitize_generation_data,207,230,0.772,NA
209,14,count-odds,lexicase,FALSE,20,elitize_generation_data,208,224,0.798,NA
210,14,count-odds,lexicase,FALSE,20,elitize_generation_data,209,214,0.785,NA
211,14,count-odds,lexicase,FALSE,20,elitize_generation_data,210,215,0.81,NA
212,14,count-odds,lexicase,FALSE,20,elitize_generation_data,211,226,0.792,NA
213,14,count-odds,lexicase,FALSE,20,elitize_generation_data,212,222,0.797,NA
214,14,count-odds,lexicase,FALSE,20,elitize_generation_data,213,216,0.766,NA
215,14,count-odds,lexicase,FALSE,20,elitize_generation_data,214,228,0.806,NA
216,14,count-odds,lexicase,FALSE,20,elitize_generation_data,215,246,0.786,NA
217,14,count-odds,lexicase,FALSE,20,elitize_generation_data,216,246,0.788,NA
218,14,count-odds,lexicase,FALSE,20,elitize_generation_data,217,238,0.781,NA
219,14,count-odds,lexicase,FALSE,20,elitize_generation_data,218,225,0.782,NA
220,14,count-odds,lexicase,FALSE,20,elitize_generation_data,219,241,0.79,NA
221,14,count-odds,lexicase,FALSE,20,elitize_generation_data,220,232,0.797,NA
222,14,count-odds,lexicase,FALSE,20,elitize_generation_data,221,242,0.779,NA
223,14,count-odds,lexicase,FALSE,20,elitize_generation_data,222,232,0.785,NA
224,14,count-odds,lexicase,FALSE,20,elitize_generation_data,223,243,0.801,NA
225,14,count-odds,lexicase,FALSE,20,elitize_generation_data,224,244,0.779,NA
226,14,count-odds,lexicase,FALSE,20,elitize_generation_data,225,236,0.794,NA
227,14,count-odds,lexicase,FALSE,20,elitize_generation_data,226,238,0.811,NA
228,14,count-odds,lexicase,FALSE,20,elitize_generation_data,227,237,0.798,NA
229,14,count-odds,lexicase,FALSE,20,elitize_generation_data,228,242,0.804,NA
230,14,count-odds,lexicase,FALSE,20,elitize_generation_data,229,240,0.789,NA
231,14,count-odds,lexicase,FALSE,20,elitize_generation_data,230,232,0.782,NA
232,14,count-odds,lexicase,FALSE,20,elitize_generation_data,231,241,0.774,NA
233,14,count-odds,lexicase,FALSE,20,elitize_generation_data,232,265,0.772,NA
234,14,count-odds,lexicase,FALSE,20,elitize_generation_data,233,264,0.789,NA
235,14,count-odds,lexicase,FALSE,20,elitize_generation_data,234,250,0.796,NA
236,14,count-odds,lexicase,FALSE,20,elitize_generation_data,235,270,0.814,NA
237,14,count-odds,lexicase,FALSE,20,elitize_generation_data,236,275,0.808,NA
238,14,count-odds,lexicase,FALSE,20,elitize_generation_data,237,261,0.785,NA
239,14,count-odds,lexicase,FALSE,20,elitize_generation_data,238,258,0.818,NA
240,14,count-odds,lexicase,FALSE,20,elitize_generation_data,239,245,0.787,NA
241,14,count-odds,lexicase,FALSE,20,elitize_generation_data,240,255,0.815,NA
242,14,count-odds,lexicase,FALSE,20,elitize_generation_data,241,250,0.802,NA
243,14,count-odds,lexicase,FALSE,20,elitize_generation_data,242,247,0.802,NA
244,14,count-odds,lexicase,FALSE,20,elitize_generation_data,243,247,0.801,NA
245,14,count-odds,lexicase,FALSE,20,elitize_generation_data,244,255,0.81,NA
246,14,count-odds,lexicase,FALSE,20,elitize_generation_data,245,262,0.789,NA
247,14,count-odds,lexicase,FALSE,20,elitize_generation_data,246,248,0.814,NA
248,14,count-odds,lexicase,FALSE,20,elitize_generation_data,247,252,0.816,NA
249,14,count-odds,lexicase,FALSE,20,elitize_generation_data,248,255,0.796,NA
250,14,count-odds,lexicase,FALSE,20,elitize_generation_data,249,266,0.808,NA
251,14,count-odds,lexicase,FALSE,20,elitize_generation_data,250,263,0.808,NA
252,14,count-odds,lexicase,FALSE,20,elitize_generation_data,251,261,0.798,NA
253,14,count-odds,lexicase,FALSE,20,elitize_generation_data,252,260,0.79,NA
254,14,count-odds,lexicase,FALSE,20,elitize_generation_data,253,246,0.777,NA
255,14,count-odds,lexicase,FALSE,20,elitize_generation_data,254,252,0.79,NA
256,14,count-odds,lexicase,FALSE,20,elitize_generation_data,255,265,0.804,NA
257,14,count-odds,lexicase,FALSE,20,elitize_generation_data,256,262,0.779,NA
258,14,count-odds,lexicase,FALSE,20,elitize_generation_data,257,277,0.788,NA
259,14,count-odds,lexicase,FALSE,20,elitize_generation_data,258,286,0.786,NA
260,14,count-odds,lexicase,FALSE,20,elitize_generation_data,259,280,0.82,NA
261,14,count-odds,lexicase,FALSE,20,elitize_generation_data,260,247,0.782,NA
262,14,count-odds,lexicase,FALSE,20,elitize_generation_data,261,254,0.807,NA
263,14,count-odds,lexicase,FALSE,20,elitize_generation_data,262,271,0.824,NA
264,14,count-odds,lexicase,FALSE,20,elitize_generation_data,263,258,0.82,NA
265,14,count-odds,lexicase,FALSE,20,elitize_generation_data,264,272,0.779,NA
266,14,count-odds,lexicase,FALSE,20,elitize_generation_data,265,267,0.77,NA
267,14,count-odds,lexicase,FALSE,20,elitize_generation_data,266,270,0.797,NA
268,14,count-odds,lexicase,FALSE,20,elitize_generation_data,267,279,0.827,NA
269,14,count-odds,lexicase,FALSE,20,elitize_generation_data,268,268,0.784,NA
270,14,count-odds,lexicase,FALSE,20,elitize_generation_data,269,268,0.827,NA
271,14,count-odds,lexicase,FALSE,20,elitize_generation_data,270,279,0.82,NA
272,14,count-odds,lexicase,FALSE,20,elitize_generation_data,271,278,0.796,NA
273,14,count-odds,lexicase,FALSE,20,elitize_generation_data,272,270,0.756,NA
274,14,count-odds,lexicase,FALSE,20,elitize_generation_data,273,271,0.781,NA
275,14,count-odds,lexicase,FALSE,20,elitize_generation_data,274,259,0.773,NA
276,14,count-odds,lexicase,FALSE,20,elitize_generation_data,275,274,0.795,NA
277,14,count-odds,lexicase,FALSE,20,elitize_generation_data,276,281,0.792,NA
278,14,count-odds,lexicase,FALSE,20,elitize_generation_data,277,283,0.774,NA
279,14,count-odds,lexicase,FALSE,20,elitize_generation_data,278,287,0.78,NA
280,14,count-odds,lexicase,FALSE,20,elitize_generation_data,279,294,0.823,NA
281,14,count-odds,lexicase,FALSE,20,elitize_generation_data,280,277,0.805,NA
282,14,count-odds,lexicase,FALSE,20,elitize_generation_data,281,278,0.793,NA
283,14,count-odds,lexicase,FALSE,20,elitize_generation_data,282,266,0.798,NA
284,14,count-odds,lexicase,FALSE,20,elitize_generation_data,283,263,0.794,NA
285,14,count-odds,lexicase,FALSE,20,elitize_generation_data,284,266,0.778,NA
286,14,count-odds,lexicase,FALSE,20,elitize_generation_data,285,281,0.797,NA
287,14,count-odds,lexicase,FALSE,20,elitize_generation_data,286,271,0.81,NA
288,14,count-odds,lexicase,FALSE,20,elitize_generation_data,287,273,0.769,NA
289,14,count-odds,lexicase,FALSE,20,elitize_generation_data,288,267,0.78,NA
290,14,count-odds,lexicase,FALSE,20,elitize_generation_data,289,285,0.812,NA
291,14,count-odds,lexicase,FALSE,20,elitize_generation_data,290,275,0.796,NA
292,14,count-odds,lexicase,FALSE,20,elitize_generation_data,291,272,0.793,NA
293,14,count-odds,lexicase,FALSE,20,elitize_generation_data,292,272,0.799,NA
294,14,count-odds,lexicase,FALSE,20,elitize_generation_data,293,268,0.801,NA
295,14,count-odds,lexicase,FALSE,20,elitize_generation_data,294,259,0.773,NA
296,14,count-odds,lexicase,FALSE,20,elitize_generation_data,295,270,0.776,NA
297,14,count-odds,lexicase,FALSE,20,elitize_generation_data,296,268,0.786,NA
298,14,count-odds,lexicase,FALSE,20,elitize_generation_data,297,266,0.788,NA
299,14,count-odds,lexicase,FALSE,20,elitize_generation_data,298,274,0.812,NA
300,14,count-odds,lexicase,FALSE,20,elitize_generation_data,299,244,0.787,NA
301,14,count-odds,lexicase,FALSE,20,elitize_generation_data,300,242,0.768,NA
