,run.num,problem,treatment,succeeded,height,normalization.function,generation,cluster.count,error.diversity,success.generation
1,11,count-odds,lexicase,FALSE,20,elitize_generation_data,0,7,0.179,NA
2,11,count-odds,lexicase,FALSE,20,elitize_generation_data,1,7,0.191,NA
3,11,count-odds,lexicase,FALSE,20,elitize_generation_data,2,12,0.296,NA
4,11,count-odds,lexicase,FALSE,20,elitize_generation_data,3,15,0.423,NA
5,11,count-odds,lexicase,FALSE,20,elitize_generation_data,4,16,0.514,NA
6,11,count-odds,lexicase,FALSE,20,elitize_generation_data,5,20,0.609,NA
7,11,count-odds,lexicase,FALSE,20,elitize_generation_data,6,20,0.639,NA
8,11,count-odds,lexicase,FALSE,20,elitize_generation_data,7,31,0.67,NA
9,11,count-odds,lexicase,FALSE,20,elitize_generation_data,8,27,0.698,NA
10,11,count-odds,lexicase,FALSE,20,elitize_generation_data,9,28,0.688,NA
11,11,count-odds,lexicase,FALSE,20,elitize_generation_data,10,36,0.722,NA
12,11,count-odds,lexicase,FALSE,20,elitize_generation_data,11,38,0.702,NA
13,11,count-odds,lexicase,FALSE,20,elitize_generation_data,12,41,0.764,NA
14,11,count-odds,lexicase,FALSE,20,elitize_generation_data,13,43,0.734,NA
15,11,count-odds,lexicase,FALSE,20,elitize_generation_data,14,44,0.757,NA
16,11,count-odds,lexicase,FALSE,20,elitize_generation_data,15,46,0.771,NA
17,11,count-odds,lexicase,FALSE,20,elitize_generation_data,16,50,0.762,NA
18,11,count-odds,lexicase,FALSE,20,elitize_generation_data,17,48,0.768,NA
19,11,count-odds,lexicase,FALSE,20,elitize_generation_data,18,56,0.771,NA
20,11,count-odds,lexicase,FALSE,20,elitize_generation_data,19,58,0.749,NA
21,11,count-odds,lexicase,FALSE,20,elitize_generation_data,20,62,0.761,NA
22,11,count-odds,lexicase,FALSE,20,elitize_generation_data,21,67,0.762,NA
23,11,count-odds,lexicase,FALSE,20,elitize_generation_data,22,56,0.761,NA
24,11,count-odds,lexicase,FALSE,20,elitize_generation_data,23,53,0.763,NA
25,11,count-odds,lexicase,FALSE,20,elitize_generation_data,24,56,0.784,NA
26,11,count-odds,lexicase,FALSE,20,elitize_generation_data,25,69,0.8,NA
27,11,count-odds,lexicase,FALSE,20,elitize_generation_data,26,73,0.777,NA
28,11,count-odds,lexicase,FALSE,20,elitize_generation_data,27,81,0.794,NA
29,11,count-odds,lexicase,FALSE,20,elitize_generation_data,28,74,0.796,NA
30,11,count-odds,lexicase,FALSE,20,elitize_generation_data,29,73,0.803,NA
31,11,count-odds,lexicase,FALSE,20,elitize_generation_data,30,81,0.783,NA
32,11,count-odds,lexicase,FALSE,20,elitize_generation_data,31,72,0.815,NA
33,11,count-odds,lexicase,FALSE,20,elitize_generation_data,32,77,0.801,NA
34,11,count-odds,lexicase,FALSE,20,elitize_generation_data,33,90,0.796,NA
35,11,count-odds,lexicase,FALSE,20,elitize_generation_data,34,95,0.828,NA
36,11,count-odds,lexicase,FALSE,20,elitize_generation_data,35,85,0.8,NA
37,11,count-odds,lexicase,FALSE,20,elitize_generation_data,36,84,0.772,NA
38,11,count-odds,lexicase,FALSE,20,elitize_generation_data,37,82,0.807,NA
39,11,count-odds,lexicase,FALSE,20,elitize_generation_data,38,94,0.806,NA
40,11,count-odds,lexicase,FALSE,20,elitize_generation_data,39,94,0.819,NA
41,11,count-odds,lexicase,FALSE,20,elitize_generation_data,40,91,0.803,NA
42,11,count-odds,lexicase,FALSE,20,elitize_generation_data,41,94,0.802,NA
43,11,count-odds,lexicase,FALSE,20,elitize_generation_data,42,86,0.827,NA
44,11,count-odds,lexicase,FALSE,20,elitize_generation_data,43,106,0.831,NA
45,11,count-odds,lexicase,FALSE,20,elitize_generation_data,44,100,0.811,NA
46,11,count-odds,lexicase,FALSE,20,elitize_generation_data,45,106,0.78,NA
47,11,count-odds,lexicase,FALSE,20,elitize_generation_data,46,108,0.804,NA
48,11,count-odds,lexicase,FALSE,20,elitize_generation_data,47,104,0.794,NA
49,11,count-odds,lexicase,FALSE,20,elitize_generation_data,48,101,0.799,NA
50,11,count-odds,lexicase,FALSE,20,elitize_generation_data,49,96,0.787,NA
51,11,count-odds,lexicase,FALSE,20,elitize_generation_data,50,98,0.791,NA
52,11,count-odds,lexicase,FALSE,20,elitize_generation_data,51,106,0.802,NA
53,11,count-odds,lexicase,FALSE,20,elitize_generation_data,52,93,0.786,NA
54,11,count-odds,lexicase,FALSE,20,elitize_generation_data,53,95,0.802,NA
55,11,count-odds,lexicase,FALSE,20,elitize_generation_data,54,101,0.786,NA
56,11,count-odds,lexicase,FALSE,20,elitize_generation_data,55,96,0.801,NA
57,11,count-odds,lexicase,FALSE,20,elitize_generation_data,56,108,0.797,NA
58,11,count-odds,lexicase,FALSE,20,elitize_generation_data,57,107,0.803,NA
59,11,count-odds,lexicase,FALSE,20,elitize_generation_data,58,100,0.791,NA
60,11,count-odds,lexicase,FALSE,20,elitize_generation_data,59,102,0.79,NA
61,11,count-odds,lexicase,FALSE,20,elitize_generation_data,60,90,0.795,NA
62,11,count-odds,lexicase,FALSE,20,elitize_generation_data,61,99,0.819,NA
63,11,count-odds,lexicase,FALSE,20,elitize_generation_data,62,98,0.814,NA
64,11,count-odds,lexicase,FALSE,20,elitize_generation_data,63,90,0.801,NA
65,11,count-odds,lexicase,FALSE,20,elitize_generation_data,64,78,0.805,NA
66,11,count-odds,lexicase,FALSE,20,elitize_generation_data,65,82,0.805,NA
67,11,count-odds,lexicase,FALSE,20,elitize_generation_data,66,92,0.782,NA
68,11,count-odds,lexicase,FALSE,20,elitize_generation_data,67,92,0.805,NA
69,11,count-odds,lexicase,FALSE,20,elitize_generation_data,68,91,0.785,NA
70,11,count-odds,lexicase,FALSE,20,elitize_generation_data,69,88,0.762,NA
71,11,count-odds,lexicase,FALSE,20,elitize_generation_data,70,95,0.778,NA
72,11,count-odds,lexicase,FALSE,20,elitize_generation_data,71,93,0.781,NA
73,11,count-odds,lexicase,FALSE,20,elitize_generation_data,72,92,0.805,NA
74,11,count-odds,lexicase,FALSE,20,elitize_generation_data,73,93,0.796,NA
75,11,count-odds,lexicase,FALSE,20,elitize_generation_data,74,96,0.817,NA
76,11,count-odds,lexicase,FALSE,20,elitize_generation_data,75,88,0.784,NA
77,11,count-odds,lexicase,FALSE,20,elitize_generation_data,76,97,0.8,NA
78,11,count-odds,lexicase,FALSE,20,elitize_generation_data,77,98,0.782,NA
79,11,count-odds,lexicase,FALSE,20,elitize_generation_data,78,102,0.793,NA
80,11,count-odds,lexicase,FALSE,20,elitize_generation_data,79,106,0.796,NA
81,11,count-odds,lexicase,FALSE,20,elitize_generation_data,80,103,0.79,NA
82,11,count-odds,lexicase,FALSE,20,elitize_generation_data,81,99,0.806,NA
83,11,count-odds,lexicase,FALSE,20,elitize_generation_data,82,96,0.799,NA
84,11,count-odds,lexicase,FALSE,20,elitize_generation_data,83,95,0.804,NA
85,11,count-odds,lexicase,FALSE,20,elitize_generation_data,84,93,0.804,NA
86,11,count-odds,lexicase,FALSE,20,elitize_generation_data,85,80,0.797,NA
87,11,count-odds,lexicase,FALSE,20,elitize_generation_data,86,96,0.802,NA
88,11,count-odds,lexicase,FALSE,20,elitize_generation_data,87,89,0.817,NA
89,11,count-odds,lexicase,FALSE,20,elitize_generation_data,88,90,0.799,NA
90,11,count-odds,lexicase,FALSE,20,elitize_generation_data,89,93,0.783,NA
91,11,count-odds,lexicase,FALSE,20,elitize_generation_data,90,103,0.81,NA
92,11,count-odds,lexicase,FALSE,20,elitize_generation_data,91,91,0.793,NA
93,11,count-odds,lexicase,FALSE,20,elitize_generation_data,92,91,0.79,NA
94,11,count-odds,lexicase,FALSE,20,elitize_generation_data,93,98,0.802,NA
95,11,count-odds,lexicase,FALSE,20,elitize_generation_data,94,101,0.794,NA
96,11,count-odds,lexicase,FALSE,20,elitize_generation_data,95,101,0.782,NA
97,11,count-odds,lexicase,FALSE,20,elitize_generation_data,96,113,0.791,NA
98,11,count-odds,lexicase,FALSE,20,elitize_generation_data,97,104,0.78,NA
99,11,count-odds,lexicase,FALSE,20,elitize_generation_data,98,107,0.784,NA
100,11,count-odds,lexicase,FALSE,20,elitize_generation_data,99,106,0.789,NA
101,11,count-odds,lexicase,FALSE,20,elitize_generation_data,100,107,0.792,NA
102,11,count-odds,lexicase,FALSE,20,elitize_generation_data,101,116,0.773,NA
103,11,count-odds,lexicase,FALSE,20,elitize_generation_data,102,109,0.764,NA
104,11,count-odds,lexicase,FALSE,20,elitize_generation_data,103,105,0.769,NA
105,11,count-odds,lexicase,FALSE,20,elitize_generation_data,104,105,0.767,NA
106,11,count-odds,lexicase,FALSE,20,elitize_generation_data,105,117,0.763,NA
107,11,count-odds,lexicase,FALSE,20,elitize_generation_data,106,112,0.777,NA
108,11,count-odds,lexicase,FALSE,20,elitize_generation_data,107,120,0.771,NA
109,11,count-odds,lexicase,FALSE,20,elitize_generation_data,108,112,0.8,NA
110,11,count-odds,lexicase,FALSE,20,elitize_generation_data,109,122,0.797,NA
111,11,count-odds,lexicase,FALSE,20,elitize_generation_data,110,123,0.809,NA
112,11,count-odds,lexicase,FALSE,20,elitize_generation_data,111,125,0.784,NA
113,11,count-odds,lexicase,FALSE,20,elitize_generation_data,112,119,0.801,NA
114,11,count-odds,lexicase,FALSE,20,elitize_generation_data,113,128,0.801,NA
115,11,count-odds,lexicase,FALSE,20,elitize_generation_data,114,127,0.798,NA
116,11,count-odds,lexicase,FALSE,20,elitize_generation_data,115,111,0.784,NA
117,11,count-odds,lexicase,FALSE,20,elitize_generation_data,116,112,0.803,NA
118,11,count-odds,lexicase,FALSE,20,elitize_generation_data,117,120,0.809,NA
119,11,count-odds,lexicase,FALSE,20,elitize_generation_data,118,117,0.799,NA
120,11,count-odds,lexicase,FALSE,20,elitize_generation_data,119,111,0.796,NA
121,11,count-odds,lexicase,FALSE,20,elitize_generation_data,120,104,0.78,NA
122,11,count-odds,lexicase,FALSE,20,elitize_generation_data,121,124,0.796,NA
123,11,count-odds,lexicase,FALSE,20,elitize_generation_data,122,114,0.792,NA
124,11,count-odds,lexicase,FALSE,20,elitize_generation_data,123,117,0.797,NA
125,11,count-odds,lexicase,FALSE,20,elitize_generation_data,124,102,0.78,NA
126,11,count-odds,lexicase,FALSE,20,elitize_generation_data,125,97,0.779,NA
127,11,count-odds,lexicase,FALSE,20,elitize_generation_data,126,105,0.787,NA
128,11,count-odds,lexicase,FALSE,20,elitize_generation_data,127,106,0.793,NA
129,11,count-odds,lexicase,FALSE,20,elitize_generation_data,128,111,0.743,NA
130,11,count-odds,lexicase,FALSE,20,elitize_generation_data,129,119,0.751,NA
131,11,count-odds,lexicase,FALSE,20,elitize_generation_data,130,124,0.782,NA
132,11,count-odds,lexicase,FALSE,20,elitize_generation_data,131,113,0.742,NA
133,11,count-odds,lexicase,FALSE,20,elitize_generation_data,132,102,0.742,NA
134,11,count-odds,lexicase,FALSE,20,elitize_generation_data,133,108,0.75,NA
135,11,count-odds,lexicase,FALSE,20,elitize_generation_data,134,94,0.753,NA
136,11,count-odds,lexicase,FALSE,20,elitize_generation_data,135,95,0.777,NA
137,11,count-odds,lexicase,FALSE,20,elitize_generation_data,136,102,0.772,NA
138,11,count-odds,lexicase,FALSE,20,elitize_generation_data,137,98,0.781,NA
139,11,count-odds,lexicase,FALSE,20,elitize_generation_data,138,116,0.765,NA
140,11,count-odds,lexicase,FALSE,20,elitize_generation_data,139,110,0.762,NA
141,11,count-odds,lexicase,FALSE,20,elitize_generation_data,140,107,0.738,NA
142,11,count-odds,lexicase,FALSE,20,elitize_generation_data,141,113,0.769,NA
143,11,count-odds,lexicase,FALSE,20,elitize_generation_data,142,105,0.756,NA
144,11,count-odds,lexicase,FALSE,20,elitize_generation_data,143,121,0.731,NA
145,11,count-odds,lexicase,FALSE,20,elitize_generation_data,144,108,0.762,NA
146,11,count-odds,lexicase,FALSE,20,elitize_generation_data,145,110,0.765,NA
147,11,count-odds,lexicase,FALSE,20,elitize_generation_data,146,107,0.754,NA
148,11,count-odds,lexicase,FALSE,20,elitize_generation_data,147,99,0.732,NA
149,11,count-odds,lexicase,FALSE,20,elitize_generation_data,148,92,0.744,NA
150,11,count-odds,lexicase,FALSE,20,elitize_generation_data,149,90,0.75,NA
151,11,count-odds,lexicase,FALSE,20,elitize_generation_data,150,104,0.755,NA
152,11,count-odds,lexicase,FALSE,20,elitize_generation_data,151,103,0.755,NA
153,11,count-odds,lexicase,FALSE,20,elitize_generation_data,152,107,0.751,NA
154,11,count-odds,lexicase,FALSE,20,elitize_generation_data,153,118,0.766,NA
155,11,count-odds,lexicase,FALSE,20,elitize_generation_data,154,114,0.76,NA
156,11,count-odds,lexicase,FALSE,20,elitize_generation_data,155,114,0.758,NA
157,11,count-odds,lexicase,FALSE,20,elitize_generation_data,156,126,0.768,NA
158,11,count-odds,lexicase,FALSE,20,elitize_generation_data,157,122,0.781,NA
159,11,count-odds,lexicase,FALSE,20,elitize_generation_data,158,128,0.766,NA
160,11,count-odds,lexicase,FALSE,20,elitize_generation_data,159,127,0.785,NA
161,11,count-odds,lexicase,FALSE,20,elitize_generation_data,160,130,0.78,NA
162,11,count-odds,lexicase,FALSE,20,elitize_generation_data,161,117,0.77,NA
163,11,count-odds,lexicase,FALSE,20,elitize_generation_data,162,116,0.774,NA
164,11,count-odds,lexicase,FALSE,20,elitize_generation_data,163,107,0.786,NA
165,11,count-odds,lexicase,FALSE,20,elitize_generation_data,164,111,0.78,NA
166,11,count-odds,lexicase,FALSE,20,elitize_generation_data,165,116,0.767,NA
167,11,count-odds,lexicase,FALSE,20,elitize_generation_data,166,118,0.789,NA
168,11,count-odds,lexicase,FALSE,20,elitize_generation_data,167,118,0.792,NA
169,11,count-odds,lexicase,FALSE,20,elitize_generation_data,168,117,0.769,NA
170,11,count-odds,lexicase,FALSE,20,elitize_generation_data,169,116,0.77,NA
171,11,count-odds,lexicase,FALSE,20,elitize_generation_data,170,129,0.764,NA
172,11,count-odds,lexicase,FALSE,20,elitize_generation_data,171,150,0.756,NA
173,11,count-odds,lexicase,FALSE,20,elitize_generation_data,172,142,0.748,NA
174,11,count-odds,lexicase,FALSE,20,elitize_generation_data,173,135,0.764,NA
175,11,count-odds,lexicase,FALSE,20,elitize_generation_data,174,118,0.755,NA
176,11,count-odds,lexicase,FALSE,20,elitize_generation_data,175,129,0.75,NA
177,11,count-odds,lexicase,FALSE,20,elitize_generation_data,176,132,0.767,NA
178,11,count-odds,lexicase,FALSE,20,elitize_generation_data,177,132,0.778,NA
179,11,count-odds,lexicase,FALSE,20,elitize_generation_data,178,130,0.771,NA
180,11,count-odds,lexicase,FALSE,20,elitize_generation_data,179,141,0.766,NA
181,11,count-odds,lexicase,FALSE,20,elitize_generation_data,180,135,0.754,NA
182,11,count-odds,lexicase,FALSE,20,elitize_generation_data,181,141,0.768,NA
183,11,count-odds,lexicase,FALSE,20,elitize_generation_data,182,133,0.766,NA
184,11,count-odds,lexicase,FALSE,20,elitize_generation_data,183,138,0.766,NA
185,11,count-odds,lexicase,FALSE,20,elitize_generation_data,184,139,0.776,NA
186,11,count-odds,lexicase,FALSE,20,elitize_generation_data,185,133,0.755,NA
187,11,count-odds,lexicase,FALSE,20,elitize_generation_data,186,124,0.775,NA
188,11,count-odds,lexicase,FALSE,20,elitize_generation_data,187,125,0.783,NA
189,11,count-odds,lexicase,FALSE,20,elitize_generation_data,188,132,0.791,NA
190,11,count-odds,lexicase,FALSE,20,elitize_generation_data,189,114,0.766,NA
191,11,count-odds,lexicase,FALSE,20,elitize_generation_data,190,125,0.764,NA
192,11,count-odds,lexicase,FALSE,20,elitize_generation_data,191,128,0.757,NA
193,11,count-odds,lexicase,FALSE,20,elitize_generation_data,192,137,0.78,NA
194,11,count-odds,lexicase,FALSE,20,elitize_generation_data,193,138,0.749,NA
195,11,count-odds,lexicase,FALSE,20,elitize_generation_data,194,145,0.784,NA
196,11,count-odds,lexicase,FALSE,20,elitize_generation_data,195,136,0.727,NA
197,11,count-odds,lexicase,FALSE,20,elitize_generation_data,196,144,0.76,NA
198,11,count-odds,lexicase,FALSE,20,elitize_generation_data,197,147,0.769,NA
199,11,count-odds,lexicase,FALSE,20,elitize_generation_data,198,147,0.777,NA
200,11,count-odds,lexicase,FALSE,20,elitize_generation_data,199,134,0.77,NA
201,11,count-odds,lexicase,FALSE,20,elitize_generation_data,200,142,0.742,NA
202,11,count-odds,lexicase,FALSE,20,elitize_generation_data,201,132,0.744,NA
203,11,count-odds,lexicase,FALSE,20,elitize_generation_data,202,141,0.758,NA
204,11,count-odds,lexicase,FALSE,20,elitize_generation_data,203,141,0.756,NA
205,11,count-odds,lexicase,FALSE,20,elitize_generation_data,204,142,0.751,NA
206,11,count-odds,lexicase,FALSE,20,elitize_generation_data,205,148,0.774,NA
207,11,count-odds,lexicase,FALSE,20,elitize_generation_data,206,144,0.776,NA
208,11,count-odds,lexicase,FALSE,20,elitize_generation_data,207,142,0.778,NA
209,11,count-odds,lexicase,FALSE,20,elitize_generation_data,208,133,0.789,NA
210,11,count-odds,lexicase,FALSE,20,elitize_generation_data,209,132,0.779,NA
211,11,count-odds,lexicase,FALSE,20,elitize_generation_data,210,138,0.776,NA
212,11,count-odds,lexicase,FALSE,20,elitize_generation_data,211,136,0.768,NA
213,11,count-odds,lexicase,FALSE,20,elitize_generation_data,212,128,0.775,NA
214,11,count-odds,lexicase,FALSE,20,elitize_generation_data,213,134,0.774,NA
215,11,count-odds,lexicase,FALSE,20,elitize_generation_data,214,135,0.744,NA
216,11,count-odds,lexicase,FALSE,20,elitize_generation_data,215,137,0.775,NA
217,11,count-odds,lexicase,FALSE,20,elitize_generation_data,216,131,0.763,NA
218,11,count-odds,lexicase,FALSE,20,elitize_generation_data,217,115,0.786,NA
219,11,count-odds,lexicase,FALSE,20,elitize_generation_data,218,126,0.748,NA
220,11,count-odds,lexicase,FALSE,20,elitize_generation_data,219,118,0.727,NA
221,11,count-odds,lexicase,FALSE,20,elitize_generation_data,220,127,0.777,NA
222,11,count-odds,lexicase,FALSE,20,elitize_generation_data,221,116,0.747,NA
223,11,count-odds,lexicase,FALSE,20,elitize_generation_data,222,119,0.742,NA
224,11,count-odds,lexicase,FALSE,20,elitize_generation_data,223,117,0.744,NA
225,11,count-odds,lexicase,FALSE,20,elitize_generation_data,224,116,0.74,NA
226,11,count-odds,lexicase,FALSE,20,elitize_generation_data,225,115,0.758,NA
227,11,count-odds,lexicase,FALSE,20,elitize_generation_data,226,134,0.757,NA
228,11,count-odds,lexicase,FALSE,20,elitize_generation_data,227,128,0.767,NA
229,11,count-odds,lexicase,FALSE,20,elitize_generation_data,228,128,0.756,NA
230,11,count-odds,lexicase,FALSE,20,elitize_generation_data,229,127,0.749,NA
231,11,count-odds,lexicase,FALSE,20,elitize_generation_data,230,122,0.758,NA
232,11,count-odds,lexicase,FALSE,20,elitize_generation_data,231,123,0.769,NA
233,11,count-odds,lexicase,FALSE,20,elitize_generation_data,232,121,0.759,NA
234,11,count-odds,lexicase,FALSE,20,elitize_generation_data,233,116,0.745,NA
235,11,count-odds,lexicase,FALSE,20,elitize_generation_data,234,110,0.749,NA
236,11,count-odds,lexicase,FALSE,20,elitize_generation_data,235,109,0.755,NA
237,11,count-odds,lexicase,FALSE,20,elitize_generation_data,236,110,0.776,NA
238,11,count-odds,lexicase,FALSE,20,elitize_generation_data,237,117,0.762,NA
239,11,count-odds,lexicase,FALSE,20,elitize_generation_data,238,116,0.755,NA
240,11,count-odds,lexicase,FALSE,20,elitize_generation_data,239,124,0.738,NA
241,11,count-odds,lexicase,FALSE,20,elitize_generation_data,240,131,0.751,NA
242,11,count-odds,lexicase,FALSE,20,elitize_generation_data,241,131,0.769,NA
243,11,count-odds,lexicase,FALSE,20,elitize_generation_data,242,126,0.764,NA
244,11,count-odds,lexicase,FALSE,20,elitize_generation_data,243,127,0.748,NA
245,11,count-odds,lexicase,FALSE,20,elitize_generation_data,244,134,0.763,NA
246,11,count-odds,lexicase,FALSE,20,elitize_generation_data,245,121,0.766,NA
247,11,count-odds,lexicase,FALSE,20,elitize_generation_data,246,135,0.762,NA
248,11,count-odds,lexicase,FALSE,20,elitize_generation_data,247,126,0.776,NA
249,11,count-odds,lexicase,FALSE,20,elitize_generation_data,248,134,0.768,NA
250,11,count-odds,lexicase,FALSE,20,elitize_generation_data,249,123,0.761,NA
251,11,count-odds,lexicase,FALSE,20,elitize_generation_data,250,121,0.766,NA
252,11,count-odds,lexicase,FALSE,20,elitize_generation_data,251,121,0.744,NA
253,11,count-odds,lexicase,FALSE,20,elitize_generation_data,252,113,0.745,NA
254,11,count-odds,lexicase,FALSE,20,elitize_generation_data,253,119,0.756,NA
255,11,count-odds,lexicase,FALSE,20,elitize_generation_data,254,127,0.764,NA
256,11,count-odds,lexicase,FALSE,20,elitize_generation_data,255,131,0.785,NA
257,11,count-odds,lexicase,FALSE,20,elitize_generation_data,256,134,0.754,NA
258,11,count-odds,lexicase,FALSE,20,elitize_generation_data,257,123,0.764,NA
259,11,count-odds,lexicase,FALSE,20,elitize_generation_data,258,124,0.776,NA
260,11,count-odds,lexicase,FALSE,20,elitize_generation_data,259,111,0.756,NA
261,11,count-odds,lexicase,FALSE,20,elitize_generation_data,260,118,0.761,NA
262,11,count-odds,lexicase,FALSE,20,elitize_generation_data,261,122,0.765,NA
263,11,count-odds,lexicase,FALSE,20,elitize_generation_data,262,127,0.772,NA
264,11,count-odds,lexicase,FALSE,20,elitize_generation_data,263,120,0.78,NA
265,11,count-odds,lexicase,FALSE,20,elitize_generation_data,264,119,0.749,NA
266,11,count-odds,lexicase,FALSE,20,elitize_generation_data,265,123,0.757,NA
267,11,count-odds,lexicase,FALSE,20,elitize_generation_data,266,113,0.749,NA
268,11,count-odds,lexicase,FALSE,20,elitize_generation_data,267,109,0.767,NA
269,11,count-odds,lexicase,FALSE,20,elitize_generation_data,268,116,0.785,NA
270,11,count-odds,lexicase,FALSE,20,elitize_generation_data,269,124,0.764,NA
271,11,count-odds,lexicase,FALSE,20,elitize_generation_data,270,111,0.749,NA
272,11,count-odds,lexicase,FALSE,20,elitize_generation_data,271,126,0.767,NA
273,11,count-odds,lexicase,FALSE,20,elitize_generation_data,272,117,0.761,NA
274,11,count-odds,lexicase,FALSE,20,elitize_generation_data,273,116,0.771,NA
275,11,count-odds,lexicase,FALSE,20,elitize_generation_data,274,111,0.763,NA
276,11,count-odds,lexicase,FALSE,20,elitize_generation_data,275,120,0.745,NA
277,11,count-odds,lexicase,FALSE,20,elitize_generation_data,276,119,0.752,NA
278,11,count-odds,lexicase,FALSE,20,elitize_generation_data,277,118,0.744,NA
279,11,count-odds,lexicase,FALSE,20,elitize_generation_data,278,121,0.761,NA
280,11,count-odds,lexicase,FALSE,20,elitize_generation_data,279,128,0.747,NA
281,11,count-odds,lexicase,FALSE,20,elitize_generation_data,280,123,0.774,NA
282,11,count-odds,lexicase,FALSE,20,elitize_generation_data,281,117,0.799,NA
283,11,count-odds,lexicase,FALSE,20,elitize_generation_data,282,113,0.757,NA
284,11,count-odds,lexicase,FALSE,20,elitize_generation_data,283,108,0.767,NA
285,11,count-odds,lexicase,FALSE,20,elitize_generation_data,284,112,0.766,NA
286,11,count-odds,lexicase,FALSE,20,elitize_generation_data,285,112,0.78,NA
287,11,count-odds,lexicase,FALSE,20,elitize_generation_data,286,119,0.775,NA
288,11,count-odds,lexicase,FALSE,20,elitize_generation_data,287,119,0.764,NA
289,11,count-odds,lexicase,FALSE,20,elitize_generation_data,288,123,0.765,NA
290,11,count-odds,lexicase,FALSE,20,elitize_generation_data,289,127,0.768,NA
291,11,count-odds,lexicase,FALSE,20,elitize_generation_data,290,121,0.755,NA
292,11,count-odds,lexicase,FALSE,20,elitize_generation_data,291,129,0.751,NA
293,11,count-odds,lexicase,FALSE,20,elitize_generation_data,292,124,0.744,NA
294,11,count-odds,lexicase,FALSE,20,elitize_generation_data,293,129,0.77,NA
295,11,count-odds,lexicase,FALSE,20,elitize_generation_data,294,121,0.776,NA
296,11,count-odds,lexicase,FALSE,20,elitize_generation_data,295,119,0.752,NA
297,11,count-odds,lexicase,FALSE,20,elitize_generation_data,296,133,0.763,NA
298,11,count-odds,lexicase,FALSE,20,elitize_generation_data,297,139,0.798,NA
299,11,count-odds,lexicase,FALSE,20,elitize_generation_data,298,140,0.775,NA
300,11,count-odds,lexicase,FALSE,20,elitize_generation_data,299,126,0.772,NA
301,11,count-odds,lexicase,FALSE,20,elitize_generation_data,300,127,0.762,NA
