,run.num,problem,treatment,succeeded,height,normalization.function,generation,cluster.count,error.diversity,success.generation
1,23,count-odds,lexicase,FALSE,20,elitize_generation_data,0,4,0.18,NA
2,23,count-odds,lexicase,FALSE,20,elitize_generation_data,1,7,0.18,NA
3,23,count-odds,lexicase,FALSE,20,elitize_generation_data,2,12,0.31,NA
4,23,count-odds,lexicase,FALSE,20,elitize_generation_data,3,14,0.404,NA
5,23,count-odds,lexicase,FALSE,20,elitize_generation_data,4,22,0.544,NA
6,23,count-odds,lexicase,FALSE,20,elitize_generation_data,5,25,0.619,NA
7,23,count-odds,lexicase,FALSE,20,elitize_generation_data,6,31,0.659,NA
8,23,count-odds,lexicase,FALSE,20,elitize_generation_data,7,33,0.691,NA
9,23,count-odds,lexicase,FALSE,20,elitize_generation_data,8,36,0.73,NA
10,23,count-odds,lexicase,FALSE,20,elitize_generation_data,9,41,0.7,NA
11,23,count-odds,lexicase,FALSE,20,elitize_generation_data,10,42,0.691,NA
12,23,count-odds,lexicase,FALSE,20,elitize_generation_data,11,36,0.698,NA
13,23,count-odds,lexicase,FALSE,20,elitize_generation_data,12,35,0.677,NA
14,23,count-odds,lexicase,FALSE,20,elitize_generation_data,13,40,0.701,NA
15,23,count-odds,lexicase,FALSE,20,elitize_generation_data,14,44,0.695,NA
16,23,count-odds,lexicase,FALSE,20,elitize_generation_data,15,48,0.696,NA
17,23,count-odds,lexicase,FALSE,20,elitize_generation_data,16,44,0.667,NA
18,23,count-odds,lexicase,FALSE,20,elitize_generation_data,17,55,0.685,NA
19,23,count-odds,lexicase,FALSE,20,elitize_generation_data,18,51,0.716,NA
20,23,count-odds,lexicase,FALSE,20,elitize_generation_data,19,54,0.695,NA
21,23,count-odds,lexicase,FALSE,20,elitize_generation_data,20,58,0.697,NA
22,23,count-odds,lexicase,FALSE,20,elitize_generation_data,21,60,0.695,NA
23,23,count-odds,lexicase,FALSE,20,elitize_generation_data,22,71,0.717,NA
24,23,count-odds,lexicase,FALSE,20,elitize_generation_data,23,69,0.688,NA
25,23,count-odds,lexicase,FALSE,20,elitize_generation_data,24,66,0.69,NA
26,23,count-odds,lexicase,FALSE,20,elitize_generation_data,25,77,0.704,NA
27,23,count-odds,lexicase,FALSE,20,elitize_generation_data,26,76,0.719,NA
28,23,count-odds,lexicase,FALSE,20,elitize_generation_data,27,76,0.698,NA
29,23,count-odds,lexicase,FALSE,20,elitize_generation_data,28,78,0.694,NA
30,23,count-odds,lexicase,FALSE,20,elitize_generation_data,29,83,0.712,NA
31,23,count-odds,lexicase,FALSE,20,elitize_generation_data,30,84,0.722,NA
32,23,count-odds,lexicase,FALSE,20,elitize_generation_data,31,95,0.721,NA
33,23,count-odds,lexicase,FALSE,20,elitize_generation_data,32,88,0.73,NA
34,23,count-odds,lexicase,FALSE,20,elitize_generation_data,33,93,0.756,NA
35,23,count-odds,lexicase,FALSE,20,elitize_generation_data,34,80,0.733,NA
36,23,count-odds,lexicase,FALSE,20,elitize_generation_data,35,85,0.718,NA
37,23,count-odds,lexicase,FALSE,20,elitize_generation_data,36,86,0.751,NA
38,23,count-odds,lexicase,FALSE,20,elitize_generation_data,37,89,0.727,NA
39,23,count-odds,lexicase,FALSE,20,elitize_generation_data,38,88,0.747,NA
40,23,count-odds,lexicase,FALSE,20,elitize_generation_data,39,87,0.759,NA
41,23,count-odds,lexicase,FALSE,20,elitize_generation_data,40,102,0.736,NA
42,23,count-odds,lexicase,FALSE,20,elitize_generation_data,41,103,0.744,NA
43,23,count-odds,lexicase,FALSE,20,elitize_generation_data,42,103,0.773,NA
44,23,count-odds,lexicase,FALSE,20,elitize_generation_data,43,96,0.762,NA
45,23,count-odds,lexicase,FALSE,20,elitize_generation_data,44,103,0.745,NA
46,23,count-odds,lexicase,FALSE,20,elitize_generation_data,45,90,0.735,NA
47,23,count-odds,lexicase,FALSE,20,elitize_generation_data,46,86,0.739,NA
48,23,count-odds,lexicase,FALSE,20,elitize_generation_data,47,101,0.746,NA
49,23,count-odds,lexicase,FALSE,20,elitize_generation_data,48,109,0.75,NA
50,23,count-odds,lexicase,FALSE,20,elitize_generation_data,49,94,0.738,NA
51,23,count-odds,lexicase,FALSE,20,elitize_generation_data,50,97,0.741,NA
52,23,count-odds,lexicase,FALSE,20,elitize_generation_data,51,90,0.731,NA
53,23,count-odds,lexicase,FALSE,20,elitize_generation_data,52,92,0.726,NA
54,23,count-odds,lexicase,FALSE,20,elitize_generation_data,53,91,0.74,NA
55,23,count-odds,lexicase,FALSE,20,elitize_generation_data,54,94,0.73,NA
56,23,count-odds,lexicase,FALSE,20,elitize_generation_data,55,96,0.731,NA
57,23,count-odds,lexicase,FALSE,20,elitize_generation_data,56,102,0.754,NA
58,23,count-odds,lexicase,FALSE,20,elitize_generation_data,57,98,0.756,NA
59,23,count-odds,lexicase,FALSE,20,elitize_generation_data,58,102,0.736,NA
60,23,count-odds,lexicase,FALSE,20,elitize_generation_data,59,110,0.758,NA
61,23,count-odds,lexicase,FALSE,20,elitize_generation_data,60,116,0.733,NA
62,23,count-odds,lexicase,FALSE,20,elitize_generation_data,61,106,0.762,NA
63,23,count-odds,lexicase,FALSE,20,elitize_generation_data,62,105,0.737,NA
64,23,count-odds,lexicase,FALSE,20,elitize_generation_data,63,105,0.717,NA
65,23,count-odds,lexicase,FALSE,20,elitize_generation_data,64,101,0.697,NA
66,23,count-odds,lexicase,FALSE,20,elitize_generation_data,65,103,0.726,NA
67,23,count-odds,lexicase,FALSE,20,elitize_generation_data,66,105,0.73,NA
68,23,count-odds,lexicase,FALSE,20,elitize_generation_data,67,102,0.717,NA
69,23,count-odds,lexicase,FALSE,20,elitize_generation_data,68,93,0.73,NA
70,23,count-odds,lexicase,FALSE,20,elitize_generation_data,69,106,0.743,NA
71,23,count-odds,lexicase,FALSE,20,elitize_generation_data,70,117,0.713,NA
72,23,count-odds,lexicase,FALSE,20,elitize_generation_data,71,111,0.662,NA
73,23,count-odds,lexicase,FALSE,20,elitize_generation_data,72,110,0.696,NA
74,23,count-odds,lexicase,FALSE,20,elitize_generation_data,73,104,0.732,NA
75,23,count-odds,lexicase,FALSE,20,elitize_generation_data,74,111,0.696,NA
76,23,count-odds,lexicase,FALSE,20,elitize_generation_data,75,116,0.69,NA
77,23,count-odds,lexicase,FALSE,20,elitize_generation_data,76,116,0.71,NA
78,23,count-odds,lexicase,FALSE,20,elitize_generation_data,77,112,0.716,NA
79,23,count-odds,lexicase,FALSE,20,elitize_generation_data,78,123,0.684,NA
80,23,count-odds,lexicase,FALSE,20,elitize_generation_data,79,123,0.712,NA
81,23,count-odds,lexicase,FALSE,20,elitize_generation_data,80,118,0.696,NA
82,23,count-odds,lexicase,FALSE,20,elitize_generation_data,81,122,0.716,NA
83,23,count-odds,lexicase,FALSE,20,elitize_generation_data,82,117,0.694,NA
84,23,count-odds,lexicase,FALSE,20,elitize_generation_data,83,116,0.673,NA
85,23,count-odds,lexicase,FALSE,20,elitize_generation_data,84,106,0.664,NA
86,23,count-odds,lexicase,FALSE,20,elitize_generation_data,85,105,0.713,NA
87,23,count-odds,lexicase,FALSE,20,elitize_generation_data,86,99,0.708,NA
88,23,count-odds,lexicase,FALSE,20,elitize_generation_data,87,114,0.699,NA
89,23,count-odds,lexicase,FALSE,20,elitize_generation_data,88,109,0.718,NA
90,23,count-odds,lexicase,FALSE,20,elitize_generation_data,89,107,0.702,NA
91,23,count-odds,lexicase,FALSE,20,elitize_generation_data,90,111,0.699,NA
92,23,count-odds,lexicase,FALSE,20,elitize_generation_data,91,109,0.726,NA
93,23,count-odds,lexicase,FALSE,20,elitize_generation_data,92,109,0.687,NA
94,23,count-odds,lexicase,FALSE,20,elitize_generation_data,93,121,0.677,NA
95,23,count-odds,lexicase,FALSE,20,elitize_generation_data,94,125,0.696,NA
96,23,count-odds,lexicase,FALSE,20,elitize_generation_data,95,109,0.733,NA
97,23,count-odds,lexicase,FALSE,20,elitize_generation_data,96,110,0.693,NA
98,23,count-odds,lexicase,FALSE,20,elitize_generation_data,97,109,0.687,NA
99,23,count-odds,lexicase,FALSE,20,elitize_generation_data,98,116,0.712,NA
100,23,count-odds,lexicase,FALSE,20,elitize_generation_data,99,102,0.713,NA
101,23,count-odds,lexicase,FALSE,20,elitize_generation_data,100,127,0.728,NA
102,23,count-odds,lexicase,FALSE,20,elitize_generation_data,101,123,0.709,NA
103,23,count-odds,lexicase,FALSE,20,elitize_generation_data,102,126,0.724,NA
104,23,count-odds,lexicase,FALSE,20,elitize_generation_data,103,119,0.729,NA
105,23,count-odds,lexicase,FALSE,20,elitize_generation_data,104,116,0.699,NA
106,23,count-odds,lexicase,FALSE,20,elitize_generation_data,105,125,0.699,NA
107,23,count-odds,lexicase,FALSE,20,elitize_generation_data,106,109,0.706,NA
108,23,count-odds,lexicase,FALSE,20,elitize_generation_data,107,124,0.688,NA
109,23,count-odds,lexicase,FALSE,20,elitize_generation_data,108,120,0.702,NA
110,23,count-odds,lexicase,FALSE,20,elitize_generation_data,109,130,0.691,NA
111,23,count-odds,lexicase,FALSE,20,elitize_generation_data,110,118,0.719,NA
112,23,count-odds,lexicase,FALSE,20,elitize_generation_data,111,117,0.692,NA
113,23,count-odds,lexicase,FALSE,20,elitize_generation_data,112,111,0.718,NA
114,23,count-odds,lexicase,FALSE,20,elitize_generation_data,113,126,0.706,NA
115,23,count-odds,lexicase,FALSE,20,elitize_generation_data,114,129,0.726,NA
116,23,count-odds,lexicase,FALSE,20,elitize_generation_data,115,126,0.709,NA
117,23,count-odds,lexicase,FALSE,20,elitize_generation_data,116,134,0.706,NA
118,23,count-odds,lexicase,FALSE,20,elitize_generation_data,117,130,0.688,NA
119,23,count-odds,lexicase,FALSE,20,elitize_generation_data,118,141,0.72,NA
120,23,count-odds,lexicase,FALSE,20,elitize_generation_data,119,123,0.705,NA
121,23,count-odds,lexicase,FALSE,20,elitize_generation_data,120,128,0.693,NA
122,23,count-odds,lexicase,FALSE,20,elitize_generation_data,121,126,0.716,NA
123,23,count-odds,lexicase,FALSE,20,elitize_generation_data,122,133,0.709,NA
124,23,count-odds,lexicase,FALSE,20,elitize_generation_data,123,131,0.737,NA
125,23,count-odds,lexicase,FALSE,20,elitize_generation_data,124,131,0.714,NA
126,23,count-odds,lexicase,FALSE,20,elitize_generation_data,125,137,0.724,NA
127,23,count-odds,lexicase,FALSE,20,elitize_generation_data,126,126,0.717,NA
128,23,count-odds,lexicase,FALSE,20,elitize_generation_data,127,133,0.738,NA
129,23,count-odds,lexicase,FALSE,20,elitize_generation_data,128,122,0.723,NA
130,23,count-odds,lexicase,FALSE,20,elitize_generation_data,129,140,0.726,NA
131,23,count-odds,lexicase,FALSE,20,elitize_generation_data,130,148,0.701,NA
132,23,count-odds,lexicase,FALSE,20,elitize_generation_data,131,152,0.708,NA
133,23,count-odds,lexicase,FALSE,20,elitize_generation_data,132,160,0.753,NA
134,23,count-odds,lexicase,FALSE,20,elitize_generation_data,133,144,0.717,NA
135,23,count-odds,lexicase,FALSE,20,elitize_generation_data,134,158,0.717,NA
136,23,count-odds,lexicase,FALSE,20,elitize_generation_data,135,173,0.715,NA
137,23,count-odds,lexicase,FALSE,20,elitize_generation_data,136,150,0.711,NA
138,23,count-odds,lexicase,FALSE,20,elitize_generation_data,137,148,0.716,NA
139,23,count-odds,lexicase,FALSE,20,elitize_generation_data,138,147,0.707,NA
140,23,count-odds,lexicase,FALSE,20,elitize_generation_data,139,155,0.713,NA
141,23,count-odds,lexicase,FALSE,20,elitize_generation_data,140,158,0.719,NA
142,23,count-odds,lexicase,FALSE,20,elitize_generation_data,141,153,0.704,NA
143,23,count-odds,lexicase,FALSE,20,elitize_generation_data,142,154,0.716,NA
144,23,count-odds,lexicase,FALSE,20,elitize_generation_data,143,144,0.723,NA
145,23,count-odds,lexicase,FALSE,20,elitize_generation_data,144,131,0.71,NA
146,23,count-odds,lexicase,FALSE,20,elitize_generation_data,145,161,0.704,NA
147,23,count-odds,lexicase,FALSE,20,elitize_generation_data,146,158,0.722,NA
148,23,count-odds,lexicase,FALSE,20,elitize_generation_data,147,159,0.695,NA
149,23,count-odds,lexicase,FALSE,20,elitize_generation_data,148,157,0.705,NA
150,23,count-odds,lexicase,FALSE,20,elitize_generation_data,149,157,0.743,NA
151,23,count-odds,lexicase,FALSE,20,elitize_generation_data,150,145,0.716,NA
152,23,count-odds,lexicase,FALSE,20,elitize_generation_data,151,156,0.706,NA
153,23,count-odds,lexicase,FALSE,20,elitize_generation_data,152,148,0.738,NA
154,23,count-odds,lexicase,FALSE,20,elitize_generation_data,153,170,0.739,NA
155,23,count-odds,lexicase,FALSE,20,elitize_generation_data,154,152,0.741,NA
156,23,count-odds,lexicase,FALSE,20,elitize_generation_data,155,173,0.741,NA
157,23,count-odds,lexicase,FALSE,20,elitize_generation_data,156,173,0.739,NA
158,23,count-odds,lexicase,FALSE,20,elitize_generation_data,157,172,0.761,NA
159,23,count-odds,lexicase,FALSE,20,elitize_generation_data,158,162,0.756,NA
160,23,count-odds,lexicase,FALSE,20,elitize_generation_data,159,162,0.755,NA
161,23,count-odds,lexicase,FALSE,20,elitize_generation_data,160,151,0.742,NA
162,23,count-odds,lexicase,FALSE,20,elitize_generation_data,161,159,0.729,NA
163,23,count-odds,lexicase,FALSE,20,elitize_generation_data,162,155,0.737,NA
164,23,count-odds,lexicase,FALSE,20,elitize_generation_data,163,158,0.726,NA
165,23,count-odds,lexicase,FALSE,20,elitize_generation_data,164,151,0.724,NA
166,23,count-odds,lexicase,FALSE,20,elitize_generation_data,165,154,0.728,NA
167,23,count-odds,lexicase,FALSE,20,elitize_generation_data,166,148,0.715,NA
168,23,count-odds,lexicase,FALSE,20,elitize_generation_data,167,159,0.737,NA
169,23,count-odds,lexicase,FALSE,20,elitize_generation_data,168,148,0.73,NA
170,23,count-odds,lexicase,FALSE,20,elitize_generation_data,169,158,0.745,NA
171,23,count-odds,lexicase,FALSE,20,elitize_generation_data,170,154,0.732,NA
172,23,count-odds,lexicase,FALSE,20,elitize_generation_data,171,141,0.714,NA
173,23,count-odds,lexicase,FALSE,20,elitize_generation_data,172,161,0.699,NA
174,23,count-odds,lexicase,FALSE,20,elitize_generation_data,173,173,0.725,NA
175,23,count-odds,lexicase,FALSE,20,elitize_generation_data,174,169,0.694,NA
176,23,count-odds,lexicase,FALSE,20,elitize_generation_data,175,166,0.718,NA
177,23,count-odds,lexicase,FALSE,20,elitize_generation_data,176,154,0.713,NA
178,23,count-odds,lexicase,FALSE,20,elitize_generation_data,177,159,0.727,NA
179,23,count-odds,lexicase,FALSE,20,elitize_generation_data,178,170,0.705,NA
180,23,count-odds,lexicase,FALSE,20,elitize_generation_data,179,168,0.73,NA
181,23,count-odds,lexicase,FALSE,20,elitize_generation_data,180,164,0.714,NA
182,23,count-odds,lexicase,FALSE,20,elitize_generation_data,181,173,0.716,NA
183,23,count-odds,lexicase,FALSE,20,elitize_generation_data,182,177,0.705,NA
184,23,count-odds,lexicase,FALSE,20,elitize_generation_data,183,171,0.723,NA
185,23,count-odds,lexicase,FALSE,20,elitize_generation_data,184,174,0.706,NA
186,23,count-odds,lexicase,FALSE,20,elitize_generation_data,185,179,0.712,NA
187,23,count-odds,lexicase,FALSE,20,elitize_generation_data,186,173,0.691,NA
188,23,count-odds,lexicase,FALSE,20,elitize_generation_data,187,179,0.733,NA
189,23,count-odds,lexicase,FALSE,20,elitize_generation_data,188,174,0.721,NA
190,23,count-odds,lexicase,FALSE,20,elitize_generation_data,189,176,0.711,NA
191,23,count-odds,lexicase,FALSE,20,elitize_generation_data,190,168,0.724,NA
192,23,count-odds,lexicase,FALSE,20,elitize_generation_data,191,179,0.724,NA
193,23,count-odds,lexicase,FALSE,20,elitize_generation_data,192,182,0.731,NA
194,23,count-odds,lexicase,FALSE,20,elitize_generation_data,193,187,0.744,NA
195,23,count-odds,lexicase,FALSE,20,elitize_generation_data,194,186,0.721,NA
196,23,count-odds,lexicase,FALSE,20,elitize_generation_data,195,183,0.699,NA
197,23,count-odds,lexicase,FALSE,20,elitize_generation_data,196,170,0.715,NA
198,23,count-odds,lexicase,FALSE,20,elitize_generation_data,197,185,0.719,NA
199,23,count-odds,lexicase,FALSE,20,elitize_generation_data,198,179,0.714,NA
200,23,count-odds,lexicase,FALSE,20,elitize_generation_data,199,186,0.735,NA
201,23,count-odds,lexicase,FALSE,20,elitize_generation_data,200,178,0.739,NA
202,23,count-odds,lexicase,FALSE,20,elitize_generation_data,201,187,0.722,NA
203,23,count-odds,lexicase,FALSE,20,elitize_generation_data,202,191,0.699,NA
204,23,count-odds,lexicase,FALSE,20,elitize_generation_data,203,171,0.697,NA
205,23,count-odds,lexicase,FALSE,20,elitize_generation_data,204,170,0.717,NA
206,23,count-odds,lexicase,FALSE,20,elitize_generation_data,205,170,0.717,NA
207,23,count-odds,lexicase,FALSE,20,elitize_generation_data,206,165,0.727,NA
208,23,count-odds,lexicase,FALSE,20,elitize_generation_data,207,156,0.698,NA
209,23,count-odds,lexicase,FALSE,20,elitize_generation_data,208,143,0.699,NA
210,23,count-odds,lexicase,FALSE,20,elitize_generation_data,209,140,0.731,NA
211,23,count-odds,lexicase,FALSE,20,elitize_generation_data,210,157,0.715,NA
212,23,count-odds,lexicase,FALSE,20,elitize_generation_data,211,166,0.726,NA
213,23,count-odds,lexicase,FALSE,20,elitize_generation_data,212,157,0.722,NA
214,23,count-odds,lexicase,FALSE,20,elitize_generation_data,213,160,0.723,NA
215,23,count-odds,lexicase,FALSE,20,elitize_generation_data,214,144,0.756,NA
216,23,count-odds,lexicase,FALSE,20,elitize_generation_data,215,153,0.722,NA
217,23,count-odds,lexicase,FALSE,20,elitize_generation_data,216,153,0.712,NA
218,23,count-odds,lexicase,FALSE,20,elitize_generation_data,217,155,0.715,NA
219,23,count-odds,lexicase,FALSE,20,elitize_generation_data,218,167,0.731,NA
220,23,count-odds,lexicase,FALSE,20,elitize_generation_data,219,162,0.741,NA
221,23,count-odds,lexicase,FALSE,20,elitize_generation_data,220,166,0.727,NA
222,23,count-odds,lexicase,FALSE,20,elitize_generation_data,221,160,0.72,NA
223,23,count-odds,lexicase,FALSE,20,elitize_generation_data,222,172,0.709,NA
224,23,count-odds,lexicase,FALSE,20,elitize_generation_data,223,169,0.74,NA
225,23,count-odds,lexicase,FALSE,20,elitize_generation_data,224,168,0.749,NA
226,23,count-odds,lexicase,FALSE,20,elitize_generation_data,225,165,0.75,NA
227,23,count-odds,lexicase,FALSE,20,elitize_generation_data,226,155,0.742,NA
228,23,count-odds,lexicase,FALSE,20,elitize_generation_data,227,159,0.74,NA
229,23,count-odds,lexicase,FALSE,20,elitize_generation_data,228,149,0.726,NA
230,23,count-odds,lexicase,FALSE,20,elitize_generation_data,229,147,0.752,NA
231,23,count-odds,lexicase,FALSE,20,elitize_generation_data,230,145,0.752,NA
232,23,count-odds,lexicase,FALSE,20,elitize_generation_data,231,146,0.746,NA
233,23,count-odds,lexicase,FALSE,20,elitize_generation_data,232,145,0.748,NA
234,23,count-odds,lexicase,FALSE,20,elitize_generation_data,233,154,0.763,NA
235,23,count-odds,lexicase,FALSE,20,elitize_generation_data,234,151,0.765,NA
236,23,count-odds,lexicase,FALSE,20,elitize_generation_data,235,154,0.746,NA
237,23,count-odds,lexicase,FALSE,20,elitize_generation_data,236,150,0.766,NA
238,23,count-odds,lexicase,FALSE,20,elitize_generation_data,237,151,0.753,NA
239,23,count-odds,lexicase,FALSE,20,elitize_generation_data,238,157,0.72,NA
240,23,count-odds,lexicase,FALSE,20,elitize_generation_data,239,151,0.736,NA
241,23,count-odds,lexicase,FALSE,20,elitize_generation_data,240,171,0.739,NA
242,23,count-odds,lexicase,FALSE,20,elitize_generation_data,241,172,0.728,NA
243,23,count-odds,lexicase,FALSE,20,elitize_generation_data,242,156,0.722,NA
244,23,count-odds,lexicase,FALSE,20,elitize_generation_data,243,167,0.72,NA
245,23,count-odds,lexicase,FALSE,20,elitize_generation_data,244,173,0.719,NA
246,23,count-odds,lexicase,FALSE,20,elitize_generation_data,245,168,0.727,NA
247,23,count-odds,lexicase,FALSE,20,elitize_generation_data,246,164,0.712,NA
248,23,count-odds,lexicase,FALSE,20,elitize_generation_data,247,173,0.743,NA
249,23,count-odds,lexicase,FALSE,20,elitize_generation_data,248,172,0.727,NA
250,23,count-odds,lexicase,FALSE,20,elitize_generation_data,249,170,0.741,NA
251,23,count-odds,lexicase,FALSE,20,elitize_generation_data,250,167,0.707,NA
252,23,count-odds,lexicase,FALSE,20,elitize_generation_data,251,177,0.7,NA
253,23,count-odds,lexicase,FALSE,20,elitize_generation_data,252,170,0.744,NA
254,23,count-odds,lexicase,FALSE,20,elitize_generation_data,253,161,0.708,NA
255,23,count-odds,lexicase,FALSE,20,elitize_generation_data,254,167,0.704,NA
256,23,count-odds,lexicase,FALSE,20,elitize_generation_data,255,159,0.731,NA
257,23,count-odds,lexicase,FALSE,20,elitize_generation_data,256,163,0.722,NA
258,23,count-odds,lexicase,FALSE,20,elitize_generation_data,257,153,0.718,NA
259,23,count-odds,lexicase,FALSE,20,elitize_generation_data,258,154,0.735,NA
260,23,count-odds,lexicase,FALSE,20,elitize_generation_data,259,159,0.745,NA
261,23,count-odds,lexicase,FALSE,20,elitize_generation_data,260,166,0.726,NA
262,23,count-odds,lexicase,FALSE,20,elitize_generation_data,261,160,0.73,NA
263,23,count-odds,lexicase,FALSE,20,elitize_generation_data,262,157,0.734,NA
264,23,count-odds,lexicase,FALSE,20,elitize_generation_data,263,164,0.766,NA
265,23,count-odds,lexicase,FALSE,20,elitize_generation_data,264,163,0.742,NA
266,23,count-odds,lexicase,FALSE,20,elitize_generation_data,265,167,0.741,NA
267,23,count-odds,lexicase,FALSE,20,elitize_generation_data,266,170,0.76,NA
268,23,count-odds,lexicase,FALSE,20,elitize_generation_data,267,168,0.753,NA
269,23,count-odds,lexicase,FALSE,20,elitize_generation_data,268,168,0.746,NA
270,23,count-odds,lexicase,FALSE,20,elitize_generation_data,269,185,0.747,NA
271,23,count-odds,lexicase,FALSE,20,elitize_generation_data,270,174,0.751,NA
272,23,count-odds,lexicase,FALSE,20,elitize_generation_data,271,173,0.754,NA
273,23,count-odds,lexicase,FALSE,20,elitize_generation_data,272,186,0.755,NA
274,23,count-odds,lexicase,FALSE,20,elitize_generation_data,273,177,0.743,NA
275,23,count-odds,lexicase,FALSE,20,elitize_generation_data,274,169,0.751,NA
276,23,count-odds,lexicase,FALSE,20,elitize_generation_data,275,170,0.747,NA
277,23,count-odds,lexicase,FALSE,20,elitize_generation_data,276,179,0.746,NA
278,23,count-odds,lexicase,FALSE,20,elitize_generation_data,277,176,0.758,NA
279,23,count-odds,lexicase,FALSE,20,elitize_generation_data,278,174,0.783,NA
280,23,count-odds,lexicase,FALSE,20,elitize_generation_data,279,190,0.762,NA
281,23,count-odds,lexicase,FALSE,20,elitize_generation_data,280,184,0.774,NA
282,23,count-odds,lexicase,FALSE,20,elitize_generation_data,281,174,0.732,NA
283,23,count-odds,lexicase,FALSE,20,elitize_generation_data,282,180,0.74,NA
284,23,count-odds,lexicase,FALSE,20,elitize_generation_data,283,180,0.73,NA
285,23,count-odds,lexicase,FALSE,20,elitize_generation_data,284,179,0.727,NA
286,23,count-odds,lexicase,FALSE,20,elitize_generation_data,285,182,0.732,NA
287,23,count-odds,lexicase,FALSE,20,elitize_generation_data,286,191,0.735,NA
288,23,count-odds,lexicase,FALSE,20,elitize_generation_data,287,197,0.761,NA
289,23,count-odds,lexicase,FALSE,20,elitize_generation_data,288,195,0.75,NA
290,23,count-odds,lexicase,FALSE,20,elitize_generation_data,289,201,0.753,NA
291,23,count-odds,lexicase,FALSE,20,elitize_generation_data,290,185,0.74,NA
292,23,count-odds,lexicase,FALSE,20,elitize_generation_data,291,195,0.757,NA
293,23,count-odds,lexicase,FALSE,20,elitize_generation_data,292,186,0.758,NA
294,23,count-odds,lexicase,FALSE,20,elitize_generation_data,293,174,0.743,NA
295,23,count-odds,lexicase,FALSE,20,elitize_generation_data,294,191,0.764,NA
296,23,count-odds,lexicase,FALSE,20,elitize_generation_data,295,174,0.758,NA
297,23,count-odds,lexicase,FALSE,20,elitize_generation_data,296,173,0.728,NA
298,23,count-odds,lexicase,FALSE,20,elitize_generation_data,297,179,0.756,NA
299,23,count-odds,lexicase,FALSE,20,elitize_generation_data,298,174,0.767,NA
300,23,count-odds,lexicase,FALSE,20,elitize_generation_data,299,181,0.755,NA
301,23,count-odds,lexicase,FALSE,20,elitize_generation_data,300,181,0.734,NA
