,run.num,problem,treatment,succeeded,height,normalization.function,generation,cluster.count,error.diversity,success.generation
1,68,count-odds,lexicase,FALSE,20,elitize_generation_data,0,5,0.193,NA
2,68,count-odds,lexicase,FALSE,20,elitize_generation_data,1,7,0.199,NA
3,68,count-odds,lexicase,FALSE,20,elitize_generation_data,2,7,0.294,NA
4,68,count-odds,lexicase,FALSE,20,elitize_generation_data,3,16,0.405,NA
5,68,count-odds,lexicase,FALSE,20,elitize_generation_data,4,22,0.467,NA
6,68,count-odds,lexicase,FALSE,20,elitize_generation_data,5,29,0.567,NA
7,68,count-odds,lexicase,FALSE,20,elitize_generation_data,6,34,0.626,NA
8,68,count-odds,lexicase,FALSE,20,elitize_generation_data,7,41,0.664,NA
9,68,count-odds,lexicase,FALSE,20,elitize_generation_data,8,46,0.699,NA
10,68,count-odds,lexicase,FALSE,20,elitize_generation_data,9,57,0.732,NA
11,68,count-odds,lexicase,FALSE,20,elitize_generation_data,10,53,0.7,NA
12,68,count-odds,lexicase,FALSE,20,elitize_generation_data,11,59,0.758,NA
13,68,count-odds,lexicase,FALSE,20,elitize_generation_data,12,70,0.721,NA
14,68,count-odds,lexicase,FALSE,20,elitize_generation_data,13,62,0.753,NA
15,68,count-odds,lexicase,FALSE,20,elitize_generation_data,14,56,0.716,NA
16,68,count-odds,lexicase,FALSE,20,elitize_generation_data,15,56,0.739,NA
17,68,count-odds,lexicase,FALSE,20,elitize_generation_data,16,59,0.72,NA
18,68,count-odds,lexicase,FALSE,20,elitize_generation_data,17,59,0.74,NA
19,68,count-odds,lexicase,FALSE,20,elitize_generation_data,18,78,0.747,NA
20,68,count-odds,lexicase,FALSE,20,elitize_generation_data,19,68,0.756,NA
21,68,count-odds,lexicase,FALSE,20,elitize_generation_data,20,74,0.773,NA
22,68,count-odds,lexicase,FALSE,20,elitize_generation_data,21,76,0.742,NA
23,68,count-odds,lexicase,FALSE,20,elitize_generation_data,22,84,0.766,NA
24,68,count-odds,lexicase,FALSE,20,elitize_generation_data,23,77,0.745,NA
25,68,count-odds,lexicase,FALSE,20,elitize_generation_data,24,82,0.772,NA
26,68,count-odds,lexicase,FALSE,20,elitize_generation_data,25,86,0.759,NA
27,68,count-odds,lexicase,FALSE,20,elitize_generation_data,26,82,0.759,NA
28,68,count-odds,lexicase,FALSE,20,elitize_generation_data,27,73,0.782,NA
29,68,count-odds,lexicase,FALSE,20,elitize_generation_data,28,79,0.789,NA
30,68,count-odds,lexicase,FALSE,20,elitize_generation_data,29,82,0.769,NA
31,68,count-odds,lexicase,FALSE,20,elitize_generation_data,30,82,0.754,NA
32,68,count-odds,lexicase,FALSE,20,elitize_generation_data,31,71,0.791,NA
33,68,count-odds,lexicase,FALSE,20,elitize_generation_data,32,75,0.777,NA
34,68,count-odds,lexicase,FALSE,20,elitize_generation_data,33,84,0.766,NA
35,68,count-odds,lexicase,FALSE,20,elitize_generation_data,34,83,0.771,NA
36,68,count-odds,lexicase,FALSE,20,elitize_generation_data,35,89,0.788,NA
37,68,count-odds,lexicase,FALSE,20,elitize_generation_data,36,99,0.758,NA
38,68,count-odds,lexicase,FALSE,20,elitize_generation_data,37,98,0.779,NA
39,68,count-odds,lexicase,FALSE,20,elitize_generation_data,38,94,0.77,NA
40,68,count-odds,lexicase,FALSE,20,elitize_generation_data,39,100,0.803,NA
41,68,count-odds,lexicase,FALSE,20,elitize_generation_data,40,106,0.798,NA
42,68,count-odds,lexicase,FALSE,20,elitize_generation_data,41,111,0.776,NA
43,68,count-odds,lexicase,FALSE,20,elitize_generation_data,42,109,0.796,NA
44,68,count-odds,lexicase,FALSE,20,elitize_generation_data,43,107,0.784,NA
45,68,count-odds,lexicase,FALSE,20,elitize_generation_data,44,118,0.797,NA
46,68,count-odds,lexicase,FALSE,20,elitize_generation_data,45,128,0.791,NA
47,68,count-odds,lexicase,FALSE,20,elitize_generation_data,46,123,0.765,NA
48,68,count-odds,lexicase,FALSE,20,elitize_generation_data,47,126,0.763,NA
49,68,count-odds,lexicase,FALSE,20,elitize_generation_data,48,126,0.79,NA
50,68,count-odds,lexicase,FALSE,20,elitize_generation_data,49,127,0.795,NA
51,68,count-odds,lexicase,FALSE,20,elitize_generation_data,50,124,0.766,NA
52,68,count-odds,lexicase,FALSE,20,elitize_generation_data,51,133,0.794,NA
53,68,count-odds,lexicase,FALSE,20,elitize_generation_data,52,134,0.785,NA
54,68,count-odds,lexicase,FALSE,20,elitize_generation_data,53,144,0.78,NA
55,68,count-odds,lexicase,FALSE,20,elitize_generation_data,54,143,0.796,NA
56,68,count-odds,lexicase,FALSE,20,elitize_generation_data,55,126,0.784,NA
57,68,count-odds,lexicase,FALSE,20,elitize_generation_data,56,141,0.79,NA
58,68,count-odds,lexicase,FALSE,20,elitize_generation_data,57,149,0.795,NA
59,68,count-odds,lexicase,FALSE,20,elitize_generation_data,58,156,0.809,NA
60,68,count-odds,lexicase,FALSE,20,elitize_generation_data,59,141,0.816,NA
61,68,count-odds,lexicase,FALSE,20,elitize_generation_data,60,143,0.812,NA
62,68,count-odds,lexicase,FALSE,20,elitize_generation_data,61,147,0.795,NA
63,68,count-odds,lexicase,FALSE,20,elitize_generation_data,62,157,0.779,NA
64,68,count-odds,lexicase,FALSE,20,elitize_generation_data,63,147,0.774,NA
65,68,count-odds,lexicase,FALSE,20,elitize_generation_data,64,150,0.779,NA
66,68,count-odds,lexicase,FALSE,20,elitize_generation_data,65,144,0.767,NA
67,68,count-odds,lexicase,FALSE,20,elitize_generation_data,66,149,0.763,NA
68,68,count-odds,lexicase,FALSE,20,elitize_generation_data,67,159,0.784,NA
69,68,count-odds,lexicase,FALSE,20,elitize_generation_data,68,161,0.771,NA
70,68,count-odds,lexicase,FALSE,20,elitize_generation_data,69,164,0.784,NA
71,68,count-odds,lexicase,FALSE,20,elitize_generation_data,70,172,0.796,NA
72,68,count-odds,lexicase,FALSE,20,elitize_generation_data,71,167,0.792,NA
73,68,count-odds,lexicase,FALSE,20,elitize_generation_data,72,180,0.788,NA
74,68,count-odds,lexicase,FALSE,20,elitize_generation_data,73,175,0.785,NA
75,68,count-odds,lexicase,FALSE,20,elitize_generation_data,74,156,0.787,NA
76,68,count-odds,lexicase,FALSE,20,elitize_generation_data,75,165,0.808,NA
77,68,count-odds,lexicase,FALSE,20,elitize_generation_data,76,172,0.781,NA
78,68,count-odds,lexicase,FALSE,20,elitize_generation_data,77,168,0.789,NA
79,68,count-odds,lexicase,FALSE,20,elitize_generation_data,78,169,0.816,NA
80,68,count-odds,lexicase,FALSE,20,elitize_generation_data,79,170,0.804,NA
81,68,count-odds,lexicase,FALSE,20,elitize_generation_data,80,153,0.792,NA
82,68,count-odds,lexicase,FALSE,20,elitize_generation_data,81,177,0.813,NA
83,68,count-odds,lexicase,FALSE,20,elitize_generation_data,82,186,0.771,NA
84,68,count-odds,lexicase,FALSE,20,elitize_generation_data,83,174,0.79,NA
85,68,count-odds,lexicase,FALSE,20,elitize_generation_data,84,178,0.807,NA
86,68,count-odds,lexicase,FALSE,20,elitize_generation_data,85,202,0.827,NA
87,68,count-odds,lexicase,FALSE,20,elitize_generation_data,86,180,0.791,NA
88,68,count-odds,lexicase,FALSE,20,elitize_generation_data,87,185,0.83,NA
89,68,count-odds,lexicase,FALSE,20,elitize_generation_data,88,171,0.824,NA
90,68,count-odds,lexicase,FALSE,20,elitize_generation_data,89,169,0.826,NA
91,68,count-odds,lexicase,FALSE,20,elitize_generation_data,90,182,0.807,NA
92,68,count-odds,lexicase,FALSE,20,elitize_generation_data,91,176,0.817,NA
93,68,count-odds,lexicase,FALSE,20,elitize_generation_data,92,186,0.83,NA
94,68,count-odds,lexicase,FALSE,20,elitize_generation_data,93,170,0.821,NA
95,68,count-odds,lexicase,FALSE,20,elitize_generation_data,94,167,0.827,NA
96,68,count-odds,lexicase,FALSE,20,elitize_generation_data,95,156,0.8,NA
97,68,count-odds,lexicase,FALSE,20,elitize_generation_data,96,164,0.785,NA
98,68,count-odds,lexicase,FALSE,20,elitize_generation_data,97,175,0.789,NA
99,68,count-odds,lexicase,FALSE,20,elitize_generation_data,98,175,0.811,NA
100,68,count-odds,lexicase,FALSE,20,elitize_generation_data,99,161,0.804,NA
101,68,count-odds,lexicase,FALSE,20,elitize_generation_data,100,165,0.783,NA
102,68,count-odds,lexicase,FALSE,20,elitize_generation_data,101,166,0.816,NA
103,68,count-odds,lexicase,FALSE,20,elitize_generation_data,102,165,0.783,NA
104,68,count-odds,lexicase,FALSE,20,elitize_generation_data,103,160,0.789,NA
105,68,count-odds,lexicase,FALSE,20,elitize_generation_data,104,161,0.795,NA
106,68,count-odds,lexicase,FALSE,20,elitize_generation_data,105,188,0.795,NA
107,68,count-odds,lexicase,FALSE,20,elitize_generation_data,106,179,0.797,NA
108,68,count-odds,lexicase,FALSE,20,elitize_generation_data,107,189,0.818,NA
109,68,count-odds,lexicase,FALSE,20,elitize_generation_data,108,182,0.816,NA
110,68,count-odds,lexicase,FALSE,20,elitize_generation_data,109,185,0.824,NA
111,68,count-odds,lexicase,FALSE,20,elitize_generation_data,110,196,0.835,NA
112,68,count-odds,lexicase,FALSE,20,elitize_generation_data,111,187,0.817,NA
113,68,count-odds,lexicase,FALSE,20,elitize_generation_data,112,196,0.808,NA
114,68,count-odds,lexicase,FALSE,20,elitize_generation_data,113,195,0.834,NA
115,68,count-odds,lexicase,FALSE,20,elitize_generation_data,114,195,0.806,NA
116,68,count-odds,lexicase,FALSE,20,elitize_generation_data,115,185,0.824,NA
117,68,count-odds,lexicase,FALSE,20,elitize_generation_data,116,195,0.815,NA
118,68,count-odds,lexicase,FALSE,20,elitize_generation_data,117,205,0.812,NA
119,68,count-odds,lexicase,FALSE,20,elitize_generation_data,118,201,0.827,NA
120,68,count-odds,lexicase,FALSE,20,elitize_generation_data,119,172,0.805,NA
121,68,count-odds,lexicase,FALSE,20,elitize_generation_data,120,189,0.808,NA
122,68,count-odds,lexicase,FALSE,20,elitize_generation_data,121,185,0.813,NA
123,68,count-odds,lexicase,FALSE,20,elitize_generation_data,122,195,0.838,NA
124,68,count-odds,lexicase,FALSE,20,elitize_generation_data,123,185,0.816,NA
125,68,count-odds,lexicase,FALSE,20,elitize_generation_data,124,185,0.802,NA
126,68,count-odds,lexicase,FALSE,20,elitize_generation_data,125,196,0.811,NA
127,68,count-odds,lexicase,FALSE,20,elitize_generation_data,126,187,0.805,NA
128,68,count-odds,lexicase,FALSE,20,elitize_generation_data,127,178,0.778,NA
129,68,count-odds,lexicase,FALSE,20,elitize_generation_data,128,174,0.806,NA
130,68,count-odds,lexicase,FALSE,20,elitize_generation_data,129,181,0.795,NA
131,68,count-odds,lexicase,FALSE,20,elitize_generation_data,130,194,0.814,NA
132,68,count-odds,lexicase,FALSE,20,elitize_generation_data,131,175,0.811,NA
133,68,count-odds,lexicase,FALSE,20,elitize_generation_data,132,179,0.806,NA
134,68,count-odds,lexicase,FALSE,20,elitize_generation_data,133,185,0.8,NA
135,68,count-odds,lexicase,FALSE,20,elitize_generation_data,134,185,0.834,NA
136,68,count-odds,lexicase,FALSE,20,elitize_generation_data,135,182,0.825,NA
137,68,count-odds,lexicase,FALSE,20,elitize_generation_data,136,171,0.794,NA
138,68,count-odds,lexicase,FALSE,20,elitize_generation_data,137,177,0.784,NA
139,68,count-odds,lexicase,FALSE,20,elitize_generation_data,138,173,0.767,NA
140,68,count-odds,lexicase,FALSE,20,elitize_generation_data,139,174,0.793,NA
141,68,count-odds,lexicase,FALSE,20,elitize_generation_data,140,176,0.803,NA
142,68,count-odds,lexicase,FALSE,20,elitize_generation_data,141,197,0.802,NA
143,68,count-odds,lexicase,FALSE,20,elitize_generation_data,142,160,0.818,NA
144,68,count-odds,lexicase,FALSE,20,elitize_generation_data,143,168,0.806,NA
145,68,count-odds,lexicase,FALSE,20,elitize_generation_data,144,175,0.817,NA
146,68,count-odds,lexicase,FALSE,20,elitize_generation_data,145,168,0.812,NA
147,68,count-odds,lexicase,FALSE,20,elitize_generation_data,146,169,0.836,NA
148,68,count-odds,lexicase,FALSE,20,elitize_generation_data,147,170,0.833,NA
149,68,count-odds,lexicase,FALSE,20,elitize_generation_data,148,171,0.814,NA
150,68,count-odds,lexicase,FALSE,20,elitize_generation_data,149,178,0.818,NA
151,68,count-odds,lexicase,FALSE,20,elitize_generation_data,150,179,0.815,NA
152,68,count-odds,lexicase,FALSE,20,elitize_generation_data,151,174,0.822,NA
153,68,count-odds,lexicase,FALSE,20,elitize_generation_data,152,175,0.808,NA
154,68,count-odds,lexicase,FALSE,20,elitize_generation_data,153,167,0.811,NA
155,68,count-odds,lexicase,FALSE,20,elitize_generation_data,154,179,0.825,NA
156,68,count-odds,lexicase,FALSE,20,elitize_generation_data,155,174,0.812,NA
157,68,count-odds,lexicase,FALSE,20,elitize_generation_data,156,196,0.814,NA
158,68,count-odds,lexicase,FALSE,20,elitize_generation_data,157,179,0.818,NA
159,68,count-odds,lexicase,FALSE,20,elitize_generation_data,158,185,0.79,NA
160,68,count-odds,lexicase,FALSE,20,elitize_generation_data,159,180,0.821,NA
161,68,count-odds,lexicase,FALSE,20,elitize_generation_data,160,194,0.81,NA
162,68,count-odds,lexicase,FALSE,20,elitize_generation_data,161,185,0.834,NA
163,68,count-odds,lexicase,FALSE,20,elitize_generation_data,162,194,0.804,NA
164,68,count-odds,lexicase,FALSE,20,elitize_generation_data,163,194,0.813,NA
165,68,count-odds,lexicase,FALSE,20,elitize_generation_data,164,184,0.802,NA
166,68,count-odds,lexicase,FALSE,20,elitize_generation_data,165,177,0.811,NA
167,68,count-odds,lexicase,FALSE,20,elitize_generation_data,166,180,0.816,NA
168,68,count-odds,lexicase,FALSE,20,elitize_generation_data,167,171,0.802,NA
169,68,count-odds,lexicase,FALSE,20,elitize_generation_data,168,192,0.796,NA
170,68,count-odds,lexicase,FALSE,20,elitize_generation_data,169,178,0.796,NA
171,68,count-odds,lexicase,FALSE,20,elitize_generation_data,170,177,0.808,NA
172,68,count-odds,lexicase,FALSE,20,elitize_generation_data,171,178,0.804,NA
173,68,count-odds,lexicase,FALSE,20,elitize_generation_data,172,174,0.792,NA
174,68,count-odds,lexicase,FALSE,20,elitize_generation_data,173,168,0.782,NA
175,68,count-odds,lexicase,FALSE,20,elitize_generation_data,174,171,0.807,NA
176,68,count-odds,lexicase,FALSE,20,elitize_generation_data,175,169,0.765,NA
177,68,count-odds,lexicase,FALSE,20,elitize_generation_data,176,162,0.772,NA
178,68,count-odds,lexicase,FALSE,20,elitize_generation_data,177,174,0.784,NA
179,68,count-odds,lexicase,FALSE,20,elitize_generation_data,178,163,0.787,NA
180,68,count-odds,lexicase,FALSE,20,elitize_generation_data,179,177,0.78,NA
181,68,count-odds,lexicase,FALSE,20,elitize_generation_data,180,167,0.792,NA
182,68,count-odds,lexicase,FALSE,20,elitize_generation_data,181,170,0.775,NA
183,68,count-odds,lexicase,FALSE,20,elitize_generation_data,182,175,0.785,NA
184,68,count-odds,lexicase,FALSE,20,elitize_generation_data,183,188,0.789,NA
185,68,count-odds,lexicase,FALSE,20,elitize_generation_data,184,189,0.799,NA
186,68,count-odds,lexicase,FALSE,20,elitize_generation_data,185,179,0.811,NA
187,68,count-odds,lexicase,FALSE,20,elitize_generation_data,186,169,0.815,NA
188,68,count-odds,lexicase,FALSE,20,elitize_generation_data,187,167,0.793,NA
189,68,count-odds,lexicase,FALSE,20,elitize_generation_data,188,171,0.787,NA
190,68,count-odds,lexicase,FALSE,20,elitize_generation_data,189,176,0.771,NA
191,68,count-odds,lexicase,FALSE,20,elitize_generation_data,190,182,0.798,NA
192,68,count-odds,lexicase,FALSE,20,elitize_generation_data,191,178,0.776,NA
193,68,count-odds,lexicase,FALSE,20,elitize_generation_data,192,161,0.781,NA
194,68,count-odds,lexicase,FALSE,20,elitize_generation_data,193,168,0.792,NA
195,68,count-odds,lexicase,FALSE,20,elitize_generation_data,194,176,0.789,NA
196,68,count-odds,lexicase,FALSE,20,elitize_generation_data,195,178,0.795,NA
197,68,count-odds,lexicase,FALSE,20,elitize_generation_data,196,176,0.807,NA
198,68,count-odds,lexicase,FALSE,20,elitize_generation_data,197,180,0.789,NA
199,68,count-odds,lexicase,FALSE,20,elitize_generation_data,198,176,0.8,NA
200,68,count-odds,lexicase,FALSE,20,elitize_generation_data,199,165,0.803,NA
201,68,count-odds,lexicase,FALSE,20,elitize_generation_data,200,163,0.77,NA
202,68,count-odds,lexicase,FALSE,20,elitize_generation_data,201,166,0.78,NA
203,68,count-odds,lexicase,FALSE,20,elitize_generation_data,202,163,0.796,NA
204,68,count-odds,lexicase,FALSE,20,elitize_generation_data,203,175,0.789,NA
205,68,count-odds,lexicase,FALSE,20,elitize_generation_data,204,169,0.802,NA
206,68,count-odds,lexicase,FALSE,20,elitize_generation_data,205,160,0.798,NA
207,68,count-odds,lexicase,FALSE,20,elitize_generation_data,206,160,0.777,NA
208,68,count-odds,lexicase,FALSE,20,elitize_generation_data,207,160,0.766,NA
209,68,count-odds,lexicase,FALSE,20,elitize_generation_data,208,167,0.78,NA
210,68,count-odds,lexicase,FALSE,20,elitize_generation_data,209,172,0.783,NA
211,68,count-odds,lexicase,FALSE,20,elitize_generation_data,210,167,0.779,NA
212,68,count-odds,lexicase,FALSE,20,elitize_generation_data,211,171,0.796,NA
213,68,count-odds,lexicase,FALSE,20,elitize_generation_data,212,179,0.796,NA
214,68,count-odds,lexicase,FALSE,20,elitize_generation_data,213,187,0.791,NA
215,68,count-odds,lexicase,FALSE,20,elitize_generation_data,214,179,0.775,NA
216,68,count-odds,lexicase,FALSE,20,elitize_generation_data,215,188,0.802,NA
217,68,count-odds,lexicase,FALSE,20,elitize_generation_data,216,169,0.799,NA
218,68,count-odds,lexicase,FALSE,20,elitize_generation_data,217,161,0.793,NA
219,68,count-odds,lexicase,FALSE,20,elitize_generation_data,218,167,0.781,NA
220,68,count-odds,lexicase,FALSE,20,elitize_generation_data,219,168,0.788,NA
221,68,count-odds,lexicase,FALSE,20,elitize_generation_data,220,173,0.792,NA
222,68,count-odds,lexicase,FALSE,20,elitize_generation_data,221,187,0.784,NA
223,68,count-odds,lexicase,FALSE,20,elitize_generation_data,222,181,0.813,NA
224,68,count-odds,lexicase,FALSE,20,elitize_generation_data,223,190,0.802,NA
225,68,count-odds,lexicase,FALSE,20,elitize_generation_data,224,182,0.794,NA
226,68,count-odds,lexicase,FALSE,20,elitize_generation_data,225,187,0.804,NA
227,68,count-odds,lexicase,FALSE,20,elitize_generation_data,226,207,0.829,NA
228,68,count-odds,lexicase,FALSE,20,elitize_generation_data,227,193,0.816,NA
229,68,count-odds,lexicase,FALSE,20,elitize_generation_data,228,196,0.78,NA
230,68,count-odds,lexicase,FALSE,20,elitize_generation_data,229,194,0.793,NA
231,68,count-odds,lexicase,FALSE,20,elitize_generation_data,230,199,0.792,NA
232,68,count-odds,lexicase,FALSE,20,elitize_generation_data,231,181,0.797,NA
233,68,count-odds,lexicase,FALSE,20,elitize_generation_data,232,174,0.823,NA
234,68,count-odds,lexicase,FALSE,20,elitize_generation_data,233,179,0.807,NA
235,68,count-odds,lexicase,FALSE,20,elitize_generation_data,234,177,0.801,NA
236,68,count-odds,lexicase,FALSE,20,elitize_generation_data,235,180,0.793,NA
237,68,count-odds,lexicase,FALSE,20,elitize_generation_data,236,188,0.792,NA
238,68,count-odds,lexicase,FALSE,20,elitize_generation_data,237,177,0.789,NA
239,68,count-odds,lexicase,FALSE,20,elitize_generation_data,238,153,0.782,NA
240,68,count-odds,lexicase,FALSE,20,elitize_generation_data,239,173,0.803,NA
241,68,count-odds,lexicase,FALSE,20,elitize_generation_data,240,168,0.791,NA
242,68,count-odds,lexicase,FALSE,20,elitize_generation_data,241,176,0.778,NA
243,68,count-odds,lexicase,FALSE,20,elitize_generation_data,242,186,0.811,NA
244,68,count-odds,lexicase,FALSE,20,elitize_generation_data,243,188,0.81,NA
245,68,count-odds,lexicase,FALSE,20,elitize_generation_data,244,201,0.797,NA
246,68,count-odds,lexicase,FALSE,20,elitize_generation_data,245,186,0.793,NA
247,68,count-odds,lexicase,FALSE,20,elitize_generation_data,246,186,0.798,NA
248,68,count-odds,lexicase,FALSE,20,elitize_generation_data,247,186,0.81,NA
249,68,count-odds,lexicase,FALSE,20,elitize_generation_data,248,188,0.779,NA
250,68,count-odds,lexicase,FALSE,20,elitize_generation_data,249,186,0.811,NA
251,68,count-odds,lexicase,FALSE,20,elitize_generation_data,250,194,0.805,NA
252,68,count-odds,lexicase,FALSE,20,elitize_generation_data,251,182,0.784,NA
253,68,count-odds,lexicase,FALSE,20,elitize_generation_data,252,187,0.818,NA
254,68,count-odds,lexicase,FALSE,20,elitize_generation_data,253,198,0.809,NA
255,68,count-odds,lexicase,FALSE,20,elitize_generation_data,254,198,0.813,NA
256,68,count-odds,lexicase,FALSE,20,elitize_generation_data,255,197,0.83,NA
257,68,count-odds,lexicase,FALSE,20,elitize_generation_data,256,191,0.785,NA
258,68,count-odds,lexicase,FALSE,20,elitize_generation_data,257,209,0.808,NA
259,68,count-odds,lexicase,FALSE,20,elitize_generation_data,258,194,0.787,NA
260,68,count-odds,lexicase,FALSE,20,elitize_generation_data,259,191,0.798,NA
261,68,count-odds,lexicase,FALSE,20,elitize_generation_data,260,197,0.804,NA
262,68,count-odds,lexicase,FALSE,20,elitize_generation_data,261,204,0.811,NA
263,68,count-odds,lexicase,FALSE,20,elitize_generation_data,262,200,0.769,NA
264,68,count-odds,lexicase,FALSE,20,elitize_generation_data,263,215,0.778,NA
265,68,count-odds,lexicase,FALSE,20,elitize_generation_data,264,204,0.793,NA
266,68,count-odds,lexicase,FALSE,20,elitize_generation_data,265,196,0.798,NA
267,68,count-odds,lexicase,FALSE,20,elitize_generation_data,266,199,0.772,NA
268,68,count-odds,lexicase,FALSE,20,elitize_generation_data,267,220,0.783,NA
269,68,count-odds,lexicase,FALSE,20,elitize_generation_data,268,197,0.783,NA
270,68,count-odds,lexicase,FALSE,20,elitize_generation_data,269,201,0.775,NA
271,68,count-odds,lexicase,FALSE,20,elitize_generation_data,270,184,0.763,NA
272,68,count-odds,lexicase,FALSE,20,elitize_generation_data,271,199,0.783,NA
273,68,count-odds,lexicase,FALSE,20,elitize_generation_data,272,211,0.781,NA
274,68,count-odds,lexicase,FALSE,20,elitize_generation_data,273,212,0.769,NA
275,68,count-odds,lexicase,FALSE,20,elitize_generation_data,274,215,0.777,NA
276,68,count-odds,lexicase,FALSE,20,elitize_generation_data,275,210,0.771,NA
277,68,count-odds,lexicase,FALSE,20,elitize_generation_data,276,183,0.778,NA
278,68,count-odds,lexicase,FALSE,20,elitize_generation_data,277,201,0.775,NA
279,68,count-odds,lexicase,FALSE,20,elitize_generation_data,278,201,0.759,NA
280,68,count-odds,lexicase,FALSE,20,elitize_generation_data,279,207,0.793,NA
281,68,count-odds,lexicase,FALSE,20,elitize_generation_data,280,207,0.758,NA
282,68,count-odds,lexicase,FALSE,20,elitize_generation_data,281,209,0.79,NA
283,68,count-odds,lexicase,FALSE,20,elitize_generation_data,282,193,0.782,NA
284,68,count-odds,lexicase,FALSE,20,elitize_generation_data,283,196,0.778,NA
285,68,count-odds,lexicase,FALSE,20,elitize_generation_data,284,205,0.783,NA
286,68,count-odds,lexicase,FALSE,20,elitize_generation_data,285,209,0.786,NA
287,68,count-odds,lexicase,FALSE,20,elitize_generation_data,286,205,0.784,NA
288,68,count-odds,lexicase,FALSE,20,elitize_generation_data,287,200,0.809,NA
289,68,count-odds,lexicase,FALSE,20,elitize_generation_data,288,189,0.791,NA
290,68,count-odds,lexicase,FALSE,20,elitize_generation_data,289,218,0.814,NA
291,68,count-odds,lexicase,FALSE,20,elitize_generation_data,290,195,0.797,NA
292,68,count-odds,lexicase,FALSE,20,elitize_generation_data,291,197,0.82,NA
293,68,count-odds,lexicase,FALSE,20,elitize_generation_data,292,210,0.808,NA
294,68,count-odds,lexicase,FALSE,20,elitize_generation_data,293,201,0.8,NA
295,68,count-odds,lexicase,FALSE,20,elitize_generation_data,294,197,0.796,NA
296,68,count-odds,lexicase,FALSE,20,elitize_generation_data,295,205,0.818,NA
297,68,count-odds,lexicase,FALSE,20,elitize_generation_data,296,214,0.821,NA
298,68,count-odds,lexicase,FALSE,20,elitize_generation_data,297,199,0.819,NA
299,68,count-odds,lexicase,FALSE,20,elitize_generation_data,298,202,0.815,NA
300,68,count-odds,lexicase,FALSE,20,elitize_generation_data,299,226,0.823,NA
301,68,count-odds,lexicase,FALSE,20,elitize_generation_data,300,220,0.821,NA
