,run.num,problem,treatment,succeeded,height,normalization.function,generation,cluster.count,error.diversity,success.generation
1,72,count-odds,lexicase,FALSE,20,elitize_generation_data,0,6,0.196,NA
2,72,count-odds,lexicase,FALSE,20,elitize_generation_data,1,8,0.182,NA
3,72,count-odds,lexicase,FALSE,20,elitize_generation_data,2,10,0.28,NA
4,72,count-odds,lexicase,FALSE,20,elitize_generation_data,3,13,0.451,NA
5,72,count-odds,lexicase,FALSE,20,elitize_generation_data,4,12,0.603,NA
6,72,count-odds,lexicase,FALSE,20,elitize_generation_data,5,16,0.668,NA
7,72,count-odds,lexicase,FALSE,20,elitize_generation_data,6,27,0.742,NA
8,72,count-odds,lexicase,FALSE,20,elitize_generation_data,7,25,0.741,NA
9,72,count-odds,lexicase,FALSE,20,elitize_generation_data,8,25,0.76,NA
10,72,count-odds,lexicase,FALSE,20,elitize_generation_data,9,31,0.774,NA
11,72,count-odds,lexicase,FALSE,20,elitize_generation_data,10,26,0.773,NA
12,72,count-odds,lexicase,FALSE,20,elitize_generation_data,11,31,0.797,NA
13,72,count-odds,lexicase,FALSE,20,elitize_generation_data,12,37,0.81,NA
14,72,count-odds,lexicase,FALSE,20,elitize_generation_data,13,33,0.803,NA
15,72,count-odds,lexicase,FALSE,20,elitize_generation_data,14,36,0.806,NA
16,72,count-odds,lexicase,FALSE,20,elitize_generation_data,15,40,0.793,NA
17,72,count-odds,lexicase,FALSE,20,elitize_generation_data,16,42,0.816,NA
18,72,count-odds,lexicase,FALSE,20,elitize_generation_data,17,42,0.794,NA
19,72,count-odds,lexicase,FALSE,20,elitize_generation_data,18,44,0.825,NA
20,72,count-odds,lexicase,FALSE,20,elitize_generation_data,19,48,0.829,NA
21,72,count-odds,lexicase,FALSE,20,elitize_generation_data,20,47,0.813,NA
22,72,count-odds,lexicase,FALSE,20,elitize_generation_data,21,47,0.813,NA
23,72,count-odds,lexicase,FALSE,20,elitize_generation_data,22,56,0.808,NA
24,72,count-odds,lexicase,FALSE,20,elitize_generation_data,23,56,0.781,NA
25,72,count-odds,lexicase,FALSE,20,elitize_generation_data,24,56,0.813,NA
26,72,count-odds,lexicase,FALSE,20,elitize_generation_data,25,60,0.836,NA
27,72,count-odds,lexicase,FALSE,20,elitize_generation_data,26,51,0.828,NA
28,72,count-odds,lexicase,FALSE,20,elitize_generation_data,27,47,0.827,NA
29,72,count-odds,lexicase,FALSE,20,elitize_generation_data,28,60,0.81,NA
30,72,count-odds,lexicase,FALSE,20,elitize_generation_data,29,68,0.822,NA
31,72,count-odds,lexicase,FALSE,20,elitize_generation_data,30,69,0.851,NA
32,72,count-odds,lexicase,FALSE,20,elitize_generation_data,31,67,0.798,NA
33,72,count-odds,lexicase,FALSE,20,elitize_generation_data,32,61,0.839,NA
34,72,count-odds,lexicase,FALSE,20,elitize_generation_data,33,64,0.816,NA
35,72,count-odds,lexicase,FALSE,20,elitize_generation_data,34,66,0.823,NA
36,72,count-odds,lexicase,FALSE,20,elitize_generation_data,35,70,0.824,NA
37,72,count-odds,lexicase,FALSE,20,elitize_generation_data,36,75,0.823,NA
38,72,count-odds,lexicase,FALSE,20,elitize_generation_data,37,68,0.818,NA
39,72,count-odds,lexicase,FALSE,20,elitize_generation_data,38,73,0.812,NA
40,72,count-odds,lexicase,FALSE,20,elitize_generation_data,39,81,0.826,NA
41,72,count-odds,lexicase,FALSE,20,elitize_generation_data,40,75,0.819,NA
42,72,count-odds,lexicase,FALSE,20,elitize_generation_data,41,79,0.822,NA
43,72,count-odds,lexicase,FALSE,20,elitize_generation_data,42,65,0.814,NA
44,72,count-odds,lexicase,FALSE,20,elitize_generation_data,43,71,0.818,NA
45,72,count-odds,lexicase,FALSE,20,elitize_generation_data,44,70,0.819,NA
46,72,count-odds,lexicase,FALSE,20,elitize_generation_data,45,74,0.83,NA
47,72,count-odds,lexicase,FALSE,20,elitize_generation_data,46,72,0.833,NA
48,72,count-odds,lexicase,FALSE,20,elitize_generation_data,47,71,0.84,NA
49,72,count-odds,lexicase,FALSE,20,elitize_generation_data,48,71,0.824,NA
50,72,count-odds,lexicase,FALSE,20,elitize_generation_data,49,87,0.822,NA
51,72,count-odds,lexicase,FALSE,20,elitize_generation_data,50,82,0.838,NA
52,72,count-odds,lexicase,FALSE,20,elitize_generation_data,51,83,0.837,NA
53,72,count-odds,lexicase,FALSE,20,elitize_generation_data,52,85,0.842,NA
54,72,count-odds,lexicase,FALSE,20,elitize_generation_data,53,82,0.847,NA
55,72,count-odds,lexicase,FALSE,20,elitize_generation_data,54,84,0.846,NA
56,72,count-odds,lexicase,FALSE,20,elitize_generation_data,55,83,0.849,NA
57,72,count-odds,lexicase,FALSE,20,elitize_generation_data,56,82,0.85,NA
58,72,count-odds,lexicase,FALSE,20,elitize_generation_data,57,77,0.86,NA
59,72,count-odds,lexicase,FALSE,20,elitize_generation_data,58,71,0.836,NA
60,72,count-odds,lexicase,FALSE,20,elitize_generation_data,59,81,0.835,NA
61,72,count-odds,lexicase,FALSE,20,elitize_generation_data,60,77,0.857,NA
62,72,count-odds,lexicase,FALSE,20,elitize_generation_data,61,80,0.853,NA
63,72,count-odds,lexicase,FALSE,20,elitize_generation_data,62,77,0.835,NA
64,72,count-odds,lexicase,FALSE,20,elitize_generation_data,63,78,0.847,NA
65,72,count-odds,lexicase,FALSE,20,elitize_generation_data,64,76,0.821,NA
66,72,count-odds,lexicase,FALSE,20,elitize_generation_data,65,75,0.859,NA
67,72,count-odds,lexicase,FALSE,20,elitize_generation_data,66,85,0.844,NA
68,72,count-odds,lexicase,FALSE,20,elitize_generation_data,67,86,0.839,NA
69,72,count-odds,lexicase,FALSE,20,elitize_generation_data,68,94,0.86,NA
70,72,count-odds,lexicase,FALSE,20,elitize_generation_data,69,94,0.824,NA
71,72,count-odds,lexicase,FALSE,20,elitize_generation_data,70,98,0.83,NA
72,72,count-odds,lexicase,FALSE,20,elitize_generation_data,71,100,0.853,NA
73,72,count-odds,lexicase,FALSE,20,elitize_generation_data,72,95,0.836,NA
74,72,count-odds,lexicase,FALSE,20,elitize_generation_data,73,92,0.854,NA
75,72,count-odds,lexicase,FALSE,20,elitize_generation_data,74,97,0.83,NA
76,72,count-odds,lexicase,FALSE,20,elitize_generation_data,75,92,0.823,NA
77,72,count-odds,lexicase,FALSE,20,elitize_generation_data,76,96,0.828,NA
78,72,count-odds,lexicase,FALSE,20,elitize_generation_data,77,101,0.848,NA
79,72,count-odds,lexicase,FALSE,20,elitize_generation_data,78,92,0.836,NA
80,72,count-odds,lexicase,FALSE,20,elitize_generation_data,79,92,0.855,NA
81,72,count-odds,lexicase,FALSE,20,elitize_generation_data,80,88,0.853,NA
82,72,count-odds,lexicase,FALSE,20,elitize_generation_data,81,86,0.849,NA
83,72,count-odds,lexicase,FALSE,20,elitize_generation_data,82,80,0.832,NA
84,72,count-odds,lexicase,FALSE,20,elitize_generation_data,83,80,0.843,NA
85,72,count-odds,lexicase,FALSE,20,elitize_generation_data,84,90,0.841,NA
86,72,count-odds,lexicase,FALSE,20,elitize_generation_data,85,84,0.852,NA
87,72,count-odds,lexicase,FALSE,20,elitize_generation_data,86,84,0.827,NA
88,72,count-odds,lexicase,FALSE,20,elitize_generation_data,87,94,0.845,NA
89,72,count-odds,lexicase,FALSE,20,elitize_generation_data,88,83,0.843,NA
90,72,count-odds,lexicase,FALSE,20,elitize_generation_data,89,99,0.823,NA
91,72,count-odds,lexicase,FALSE,20,elitize_generation_data,90,101,0.831,NA
92,72,count-odds,lexicase,FALSE,20,elitize_generation_data,91,101,0.836,NA
93,72,count-odds,lexicase,FALSE,20,elitize_generation_data,92,89,0.855,NA
94,72,count-odds,lexicase,FALSE,20,elitize_generation_data,93,98,0.84,NA
95,72,count-odds,lexicase,FALSE,20,elitize_generation_data,94,100,0.842,NA
96,72,count-odds,lexicase,FALSE,20,elitize_generation_data,95,108,0.851,NA
97,72,count-odds,lexicase,FALSE,20,elitize_generation_data,96,99,0.831,NA
98,72,count-odds,lexicase,FALSE,20,elitize_generation_data,97,103,0.84,NA
99,72,count-odds,lexicase,FALSE,20,elitize_generation_data,98,107,0.85,NA
100,72,count-odds,lexicase,FALSE,20,elitize_generation_data,99,109,0.85,NA
101,72,count-odds,lexicase,FALSE,20,elitize_generation_data,100,106,0.857,NA
102,72,count-odds,lexicase,FALSE,20,elitize_generation_data,101,97,0.838,NA
103,72,count-odds,lexicase,FALSE,20,elitize_generation_data,102,108,0.844,NA
104,72,count-odds,lexicase,FALSE,20,elitize_generation_data,103,92,0.838,NA
105,72,count-odds,lexicase,FALSE,20,elitize_generation_data,104,97,0.844,NA
106,72,count-odds,lexicase,FALSE,20,elitize_generation_data,105,103,0.836,NA
107,72,count-odds,lexicase,FALSE,20,elitize_generation_data,106,100,0.836,NA
108,72,count-odds,lexicase,FALSE,20,elitize_generation_data,107,98,0.839,NA
109,72,count-odds,lexicase,FALSE,20,elitize_generation_data,108,91,0.85,NA
110,72,count-odds,lexicase,FALSE,20,elitize_generation_data,109,85,0.837,NA
111,72,count-odds,lexicase,FALSE,20,elitize_generation_data,110,96,0.849,NA
112,72,count-odds,lexicase,FALSE,20,elitize_generation_data,111,85,0.836,NA
113,72,count-odds,lexicase,FALSE,20,elitize_generation_data,112,88,0.831,NA
114,72,count-odds,lexicase,FALSE,20,elitize_generation_data,113,101,0.817,NA
115,72,count-odds,lexicase,FALSE,20,elitize_generation_data,114,106,0.836,NA
116,72,count-odds,lexicase,FALSE,20,elitize_generation_data,115,96,0.832,NA
117,72,count-odds,lexicase,FALSE,20,elitize_generation_data,116,99,0.845,NA
118,72,count-odds,lexicase,FALSE,20,elitize_generation_data,117,90,0.846,NA
119,72,count-odds,lexicase,FALSE,20,elitize_generation_data,118,87,0.85,NA
120,72,count-odds,lexicase,FALSE,20,elitize_generation_data,119,92,0.848,NA
121,72,count-odds,lexicase,FALSE,20,elitize_generation_data,120,92,0.826,NA
122,72,count-odds,lexicase,FALSE,20,elitize_generation_data,121,88,0.834,NA
123,72,count-odds,lexicase,FALSE,20,elitize_generation_data,122,92,0.847,NA
124,72,count-odds,lexicase,FALSE,20,elitize_generation_data,123,95,0.82,NA
125,72,count-odds,lexicase,FALSE,20,elitize_generation_data,124,108,0.813,NA
126,72,count-odds,lexicase,FALSE,20,elitize_generation_data,125,96,0.837,NA
127,72,count-odds,lexicase,FALSE,20,elitize_generation_data,126,109,0.832,NA
128,72,count-odds,lexicase,FALSE,20,elitize_generation_data,127,108,0.822,NA
129,72,count-odds,lexicase,FALSE,20,elitize_generation_data,128,112,0.854,NA
130,72,count-odds,lexicase,FALSE,20,elitize_generation_data,129,104,0.855,NA
131,72,count-odds,lexicase,FALSE,20,elitize_generation_data,130,106,0.842,NA
132,72,count-odds,lexicase,FALSE,20,elitize_generation_data,131,98,0.836,NA
133,72,count-odds,lexicase,FALSE,20,elitize_generation_data,132,86,0.831,NA
134,72,count-odds,lexicase,FALSE,20,elitize_generation_data,133,90,0.824,NA
135,72,count-odds,lexicase,FALSE,20,elitize_generation_data,134,90,0.812,NA
136,72,count-odds,lexicase,FALSE,20,elitize_generation_data,135,91,0.841,NA
137,72,count-odds,lexicase,FALSE,20,elitize_generation_data,136,99,0.812,NA
138,72,count-odds,lexicase,FALSE,20,elitize_generation_data,137,100,0.802,NA
139,72,count-odds,lexicase,FALSE,20,elitize_generation_data,138,96,0.837,NA
140,72,count-odds,lexicase,FALSE,20,elitize_generation_data,139,102,0.822,NA
141,72,count-odds,lexicase,FALSE,20,elitize_generation_data,140,108,0.828,NA
142,72,count-odds,lexicase,FALSE,20,elitize_generation_data,141,105,0.844,NA
143,72,count-odds,lexicase,FALSE,20,elitize_generation_data,142,102,0.845,NA
144,72,count-odds,lexicase,FALSE,20,elitize_generation_data,143,97,0.847,NA
145,72,count-odds,lexicase,FALSE,20,elitize_generation_data,144,99,0.829,NA
146,72,count-odds,lexicase,FALSE,20,elitize_generation_data,145,100,0.83,NA
147,72,count-odds,lexicase,FALSE,20,elitize_generation_data,146,94,0.843,NA
148,72,count-odds,lexicase,FALSE,20,elitize_generation_data,147,86,0.834,NA
149,72,count-odds,lexicase,FALSE,20,elitize_generation_data,148,93,0.821,NA
150,72,count-odds,lexicase,FALSE,20,elitize_generation_data,149,94,0.835,NA
151,72,count-odds,lexicase,FALSE,20,elitize_generation_data,150,85,0.834,NA
152,72,count-odds,lexicase,FALSE,20,elitize_generation_data,151,94,0.829,NA
153,72,count-odds,lexicase,FALSE,20,elitize_generation_data,152,85,0.822,NA
154,72,count-odds,lexicase,FALSE,20,elitize_generation_data,153,78,0.825,NA
155,72,count-odds,lexicase,FALSE,20,elitize_generation_data,154,86,0.847,NA
156,72,count-odds,lexicase,FALSE,20,elitize_generation_data,155,82,0.828,NA
157,72,count-odds,lexicase,FALSE,20,elitize_generation_data,156,83,0.817,NA
158,72,count-odds,lexicase,FALSE,20,elitize_generation_data,157,79,0.821,NA
159,72,count-odds,lexicase,FALSE,20,elitize_generation_data,158,76,0.821,NA
160,72,count-odds,lexicase,FALSE,20,elitize_generation_data,159,79,0.835,NA
161,72,count-odds,lexicase,FALSE,20,elitize_generation_data,160,92,0.829,NA
162,72,count-odds,lexicase,FALSE,20,elitize_generation_data,161,82,0.84,NA
163,72,count-odds,lexicase,FALSE,20,elitize_generation_data,162,81,0.838,NA
164,72,count-odds,lexicase,FALSE,20,elitize_generation_data,163,90,0.847,NA
165,72,count-odds,lexicase,FALSE,20,elitize_generation_data,164,87,0.837,NA
166,72,count-odds,lexicase,FALSE,20,elitize_generation_data,165,89,0.826,NA
167,72,count-odds,lexicase,FALSE,20,elitize_generation_data,166,95,0.837,NA
168,72,count-odds,lexicase,FALSE,20,elitize_generation_data,167,94,0.825,NA
169,72,count-odds,lexicase,FALSE,20,elitize_generation_data,168,93,0.838,NA
170,72,count-odds,lexicase,FALSE,20,elitize_generation_data,169,102,0.855,NA
171,72,count-odds,lexicase,FALSE,20,elitize_generation_data,170,96,0.824,NA
172,72,count-odds,lexicase,FALSE,20,elitize_generation_data,171,100,0.824,NA
173,72,count-odds,lexicase,FALSE,20,elitize_generation_data,172,95,0.849,NA
174,72,count-odds,lexicase,FALSE,20,elitize_generation_data,173,98,0.832,NA
175,72,count-odds,lexicase,FALSE,20,elitize_generation_data,174,98,0.844,NA
176,72,count-odds,lexicase,FALSE,20,elitize_generation_data,175,100,0.839,NA
177,72,count-odds,lexicase,FALSE,20,elitize_generation_data,176,95,0.841,NA
178,72,count-odds,lexicase,FALSE,20,elitize_generation_data,177,97,0.866,NA
179,72,count-odds,lexicase,FALSE,20,elitize_generation_data,178,92,0.87,NA
180,72,count-odds,lexicase,FALSE,20,elitize_generation_data,179,85,0.839,NA
181,72,count-odds,lexicase,FALSE,20,elitize_generation_data,180,79,0.835,NA
182,72,count-odds,lexicase,FALSE,20,elitize_generation_data,181,92,0.854,NA
183,72,count-odds,lexicase,FALSE,20,elitize_generation_data,182,85,0.863,NA
184,72,count-odds,lexicase,FALSE,20,elitize_generation_data,183,88,0.84,NA
185,72,count-odds,lexicase,FALSE,20,elitize_generation_data,184,90,0.856,NA
186,72,count-odds,lexicase,FALSE,20,elitize_generation_data,185,92,0.848,NA
187,72,count-odds,lexicase,FALSE,20,elitize_generation_data,186,89,0.848,NA
188,72,count-odds,lexicase,FALSE,20,elitize_generation_data,187,94,0.844,NA
189,72,count-odds,lexicase,FALSE,20,elitize_generation_data,188,98,0.839,NA
190,72,count-odds,lexicase,FALSE,20,elitize_generation_data,189,98,0.84,NA
191,72,count-odds,lexicase,FALSE,20,elitize_generation_data,190,101,0.846,NA
192,72,count-odds,lexicase,FALSE,20,elitize_generation_data,191,95,0.822,NA
193,72,count-odds,lexicase,FALSE,20,elitize_generation_data,192,99,0.849,NA
194,72,count-odds,lexicase,FALSE,20,elitize_generation_data,193,98,0.843,NA
195,72,count-odds,lexicase,FALSE,20,elitize_generation_data,194,96,0.858,NA
196,72,count-odds,lexicase,FALSE,20,elitize_generation_data,195,92,0.834,NA
197,72,count-odds,lexicase,FALSE,20,elitize_generation_data,196,89,0.854,NA
198,72,count-odds,lexicase,FALSE,20,elitize_generation_data,197,89,0.849,NA
199,72,count-odds,lexicase,FALSE,20,elitize_generation_data,198,98,0.844,NA
200,72,count-odds,lexicase,FALSE,20,elitize_generation_data,199,90,0.847,NA
201,72,count-odds,lexicase,FALSE,20,elitize_generation_data,200,95,0.83,NA
202,72,count-odds,lexicase,FALSE,20,elitize_generation_data,201,96,0.834,NA
203,72,count-odds,lexicase,FALSE,20,elitize_generation_data,202,85,0.828,NA
204,72,count-odds,lexicase,FALSE,20,elitize_generation_data,203,87,0.849,NA
205,72,count-odds,lexicase,FALSE,20,elitize_generation_data,204,80,0.851,NA
206,72,count-odds,lexicase,FALSE,20,elitize_generation_data,205,93,0.831,NA
207,72,count-odds,lexicase,FALSE,20,elitize_generation_data,206,101,0.828,NA
208,72,count-odds,lexicase,FALSE,20,elitize_generation_data,207,103,0.84,NA
209,72,count-odds,lexicase,FALSE,20,elitize_generation_data,208,121,0.854,NA
210,72,count-odds,lexicase,FALSE,20,elitize_generation_data,209,102,0.839,NA
211,72,count-odds,lexicase,FALSE,20,elitize_generation_data,210,107,0.847,NA
212,72,count-odds,lexicase,FALSE,20,elitize_generation_data,211,108,0.83,NA
213,72,count-odds,lexicase,FALSE,20,elitize_generation_data,212,113,0.832,NA
214,72,count-odds,lexicase,FALSE,20,elitize_generation_data,213,104,0.835,NA
215,72,count-odds,lexicase,FALSE,20,elitize_generation_data,214,109,0.84,NA
216,72,count-odds,lexicase,FALSE,20,elitize_generation_data,215,106,0.816,NA
217,72,count-odds,lexicase,FALSE,20,elitize_generation_data,216,97,0.819,NA
218,72,count-odds,lexicase,FALSE,20,elitize_generation_data,217,96,0.823,NA
219,72,count-odds,lexicase,FALSE,20,elitize_generation_data,218,109,0.849,NA
220,72,count-odds,lexicase,FALSE,20,elitize_generation_data,219,105,0.842,NA
221,72,count-odds,lexicase,FALSE,20,elitize_generation_data,220,109,0.829,NA
222,72,count-odds,lexicase,FALSE,20,elitize_generation_data,221,107,0.848,NA
223,72,count-odds,lexicase,FALSE,20,elitize_generation_data,222,96,0.801,NA
224,72,count-odds,lexicase,FALSE,20,elitize_generation_data,223,90,0.808,NA
225,72,count-odds,lexicase,FALSE,20,elitize_generation_data,224,86,0.81,NA
226,72,count-odds,lexicase,FALSE,20,elitize_generation_data,225,90,0.828,NA
227,72,count-odds,lexicase,FALSE,20,elitize_generation_data,226,86,0.81,NA
228,72,count-odds,lexicase,FALSE,20,elitize_generation_data,227,98,0.838,NA
229,72,count-odds,lexicase,FALSE,20,elitize_generation_data,228,92,0.82,NA
230,72,count-odds,lexicase,FALSE,20,elitize_generation_data,229,96,0.818,NA
231,72,count-odds,lexicase,FALSE,20,elitize_generation_data,230,92,0.819,NA
232,72,count-odds,lexicase,FALSE,20,elitize_generation_data,231,97,0.825,NA
233,72,count-odds,lexicase,FALSE,20,elitize_generation_data,232,97,0.842,NA
234,72,count-odds,lexicase,FALSE,20,elitize_generation_data,233,102,0.818,NA
235,72,count-odds,lexicase,FALSE,20,elitize_generation_data,234,99,0.81,NA
236,72,count-odds,lexicase,FALSE,20,elitize_generation_data,235,86,0.843,NA
237,72,count-odds,lexicase,FALSE,20,elitize_generation_data,236,93,0.838,NA
238,72,count-odds,lexicase,FALSE,20,elitize_generation_data,237,103,0.839,NA
239,72,count-odds,lexicase,FALSE,20,elitize_generation_data,238,105,0.83,NA
240,72,count-odds,lexicase,FALSE,20,elitize_generation_data,239,98,0.828,NA
241,72,count-odds,lexicase,FALSE,20,elitize_generation_data,240,96,0.78,NA
242,72,count-odds,lexicase,FALSE,20,elitize_generation_data,241,100,0.821,NA
243,72,count-odds,lexicase,FALSE,20,elitize_generation_data,242,100,0.815,NA
244,72,count-odds,lexicase,FALSE,20,elitize_generation_data,243,105,0.829,NA
245,72,count-odds,lexicase,FALSE,20,elitize_generation_data,244,100,0.807,NA
246,72,count-odds,lexicase,FALSE,20,elitize_generation_data,245,104,0.81,NA
247,72,count-odds,lexicase,FALSE,20,elitize_generation_data,246,115,0.808,NA
248,72,count-odds,lexicase,FALSE,20,elitize_generation_data,247,117,0.827,NA
249,72,count-odds,lexicase,FALSE,20,elitize_generation_data,248,111,0.826,NA
250,72,count-odds,lexicase,FALSE,20,elitize_generation_data,249,99,0.83,NA
251,72,count-odds,lexicase,FALSE,20,elitize_generation_data,250,100,0.828,NA
252,72,count-odds,lexicase,FALSE,20,elitize_generation_data,251,94,0.834,NA
253,72,count-odds,lexicase,FALSE,20,elitize_generation_data,252,104,0.827,NA
254,72,count-odds,lexicase,FALSE,20,elitize_generation_data,253,106,0.818,NA
255,72,count-odds,lexicase,FALSE,20,elitize_generation_data,254,111,0.842,NA
256,72,count-odds,lexicase,FALSE,20,elitize_generation_data,255,108,0.821,NA
257,72,count-odds,lexicase,FALSE,20,elitize_generation_data,256,99,0.807,NA
258,72,count-odds,lexicase,FALSE,20,elitize_generation_data,257,105,0.79,NA
259,72,count-odds,lexicase,FALSE,20,elitize_generation_data,258,104,0.789,NA
260,72,count-odds,lexicase,FALSE,20,elitize_generation_data,259,109,0.844,NA
261,72,count-odds,lexicase,FALSE,20,elitize_generation_data,260,115,0.815,NA
262,72,count-odds,lexicase,FALSE,20,elitize_generation_data,261,112,0.783,NA
263,72,count-odds,lexicase,FALSE,20,elitize_generation_data,262,95,0.815,NA
264,72,count-odds,lexicase,FALSE,20,elitize_generation_data,263,103,0.824,NA
265,72,count-odds,lexicase,FALSE,20,elitize_generation_data,264,116,0.802,NA
266,72,count-odds,lexicase,FALSE,20,elitize_generation_data,265,112,0.827,NA
267,72,count-odds,lexicase,FALSE,20,elitize_generation_data,266,108,0.812,NA
268,72,count-odds,lexicase,FALSE,20,elitize_generation_data,267,90,0.806,NA
269,72,count-odds,lexicase,FALSE,20,elitize_generation_data,268,104,0.811,NA
270,72,count-odds,lexicase,FALSE,20,elitize_generation_data,269,111,0.807,NA
271,72,count-odds,lexicase,FALSE,20,elitize_generation_data,270,108,0.829,NA
272,72,count-odds,lexicase,FALSE,20,elitize_generation_data,271,106,0.849,NA
273,72,count-odds,lexicase,FALSE,20,elitize_generation_data,272,95,0.821,NA
274,72,count-odds,lexicase,FALSE,20,elitize_generation_data,273,91,0.818,NA
275,72,count-odds,lexicase,FALSE,20,elitize_generation_data,274,105,0.837,NA
276,72,count-odds,lexicase,FALSE,20,elitize_generation_data,275,108,0.833,NA
277,72,count-odds,lexicase,FALSE,20,elitize_generation_data,276,113,0.822,NA
278,72,count-odds,lexicase,FALSE,20,elitize_generation_data,277,104,0.846,NA
279,72,count-odds,lexicase,FALSE,20,elitize_generation_data,278,101,0.838,NA
280,72,count-odds,lexicase,FALSE,20,elitize_generation_data,279,98,0.824,NA
281,72,count-odds,lexicase,FALSE,20,elitize_generation_data,280,105,0.834,NA
282,72,count-odds,lexicase,FALSE,20,elitize_generation_data,281,106,0.811,NA
283,72,count-odds,lexicase,FALSE,20,elitize_generation_data,282,103,0.807,NA
284,72,count-odds,lexicase,FALSE,20,elitize_generation_data,283,94,0.814,NA
285,72,count-odds,lexicase,FALSE,20,elitize_generation_data,284,94,0.815,NA
286,72,count-odds,lexicase,FALSE,20,elitize_generation_data,285,90,0.827,NA
287,72,count-odds,lexicase,FALSE,20,elitize_generation_data,286,96,0.824,NA
288,72,count-odds,lexicase,FALSE,20,elitize_generation_data,287,105,0.82,NA
289,72,count-odds,lexicase,FALSE,20,elitize_generation_data,288,109,0.825,NA
290,72,count-odds,lexicase,FALSE,20,elitize_generation_data,289,100,0.841,NA
291,72,count-odds,lexicase,FALSE,20,elitize_generation_data,290,109,0.817,NA
292,72,count-odds,lexicase,FALSE,20,elitize_generation_data,291,118,0.832,NA
293,72,count-odds,lexicase,FALSE,20,elitize_generation_data,292,113,0.834,NA
294,72,count-odds,lexicase,FALSE,20,elitize_generation_data,293,117,0.835,NA
295,72,count-odds,lexicase,FALSE,20,elitize_generation_data,294,109,0.82,NA
296,72,count-odds,lexicase,FALSE,20,elitize_generation_data,295,101,0.817,NA
297,72,count-odds,lexicase,FALSE,20,elitize_generation_data,296,103,0.828,NA
298,72,count-odds,lexicase,FALSE,20,elitize_generation_data,297,100,0.826,NA
299,72,count-odds,lexicase,FALSE,20,elitize_generation_data,298,91,0.802,NA
300,72,count-odds,lexicase,FALSE,20,elitize_generation_data,299,99,0.826,NA
301,72,count-odds,lexicase,FALSE,20,elitize_generation_data,300,96,0.83,NA
