,run.num,problem,treatment,succeeded,height,normalization.function,generation,cluster.count,error.diversity,success.generation
1,2,count-odds,lexicase,FALSE,20,elitize_generation_data,0,4,0.182,NA
2,2,count-odds,lexicase,FALSE,20,elitize_generation_data,1,10,0.25,NA
3,2,count-odds,lexicase,FALSE,20,elitize_generation_data,2,20,0.443,NA
4,2,count-odds,lexicase,FALSE,20,elitize_generation_data,3,18,0.529,NA
5,2,count-odds,lexicase,FALSE,20,elitize_generation_data,4,27,0.648,NA
6,2,count-odds,lexicase,FALSE,20,elitize_generation_data,5,29,0.677,NA
7,2,count-odds,lexicase,FALSE,20,elitize_generation_data,6,29,0.744,NA
8,2,count-odds,lexicase,FALSE,20,elitize_generation_data,7,31,0.709,NA
9,2,count-odds,lexicase,FALSE,20,elitize_generation_data,8,37,0.737,NA
10,2,count-odds,lexicase,FALSE,20,elitize_generation_data,9,38,0.733,NA
11,2,count-odds,lexicase,FALSE,20,elitize_generation_data,10,36,0.75,NA
12,2,count-odds,lexicase,FALSE,20,elitize_generation_data,11,40,0.735,NA
13,2,count-odds,lexicase,FALSE,20,elitize_generation_data,12,41,0.707,NA
14,2,count-odds,lexicase,FALSE,20,elitize_generation_data,13,47,0.738,NA
15,2,count-odds,lexicase,FALSE,20,elitize_generation_data,14,60,0.732,NA
16,2,count-odds,lexicase,FALSE,20,elitize_generation_data,15,63,0.715,NA
17,2,count-odds,lexicase,FALSE,20,elitize_generation_data,16,60,0.705,NA
18,2,count-odds,lexicase,FALSE,20,elitize_generation_data,17,58,0.716,NA
19,2,count-odds,lexicase,FALSE,20,elitize_generation_data,18,74,0.742,NA
20,2,count-odds,lexicase,FALSE,20,elitize_generation_data,19,82,0.743,NA
21,2,count-odds,lexicase,FALSE,20,elitize_generation_data,20,78,0.712,NA
22,2,count-odds,lexicase,FALSE,20,elitize_generation_data,21,76,0.716,NA
23,2,count-odds,lexicase,FALSE,20,elitize_generation_data,22,83,0.729,NA
24,2,count-odds,lexicase,FALSE,20,elitize_generation_data,23,82,0.712,NA
25,2,count-odds,lexicase,FALSE,20,elitize_generation_data,24,84,0.713,NA
26,2,count-odds,lexicase,FALSE,20,elitize_generation_data,25,97,0.713,NA
27,2,count-odds,lexicase,FALSE,20,elitize_generation_data,26,100,0.744,NA
28,2,count-odds,lexicase,FALSE,20,elitize_generation_data,27,99,0.724,NA
29,2,count-odds,lexicase,FALSE,20,elitize_generation_data,28,110,0.713,NA
30,2,count-odds,lexicase,FALSE,20,elitize_generation_data,29,101,0.706,NA
31,2,count-odds,lexicase,FALSE,20,elitize_generation_data,30,96,0.681,NA
32,2,count-odds,lexicase,FALSE,20,elitize_generation_data,31,101,0.708,NA
33,2,count-odds,lexicase,FALSE,20,elitize_generation_data,32,112,0.698,NA
34,2,count-odds,lexicase,FALSE,20,elitize_generation_data,33,106,0.731,NA
35,2,count-odds,lexicase,FALSE,20,elitize_generation_data,34,111,0.691,NA
36,2,count-odds,lexicase,FALSE,20,elitize_generation_data,35,107,0.712,NA
37,2,count-odds,lexicase,FALSE,20,elitize_generation_data,36,114,0.71,NA
38,2,count-odds,lexicase,FALSE,20,elitize_generation_data,37,115,0.693,NA
39,2,count-odds,lexicase,FALSE,20,elitize_generation_data,38,109,0.692,NA
40,2,count-odds,lexicase,FALSE,20,elitize_generation_data,39,115,0.714,NA
41,2,count-odds,lexicase,FALSE,20,elitize_generation_data,40,108,0.701,NA
42,2,count-odds,lexicase,FALSE,20,elitize_generation_data,41,119,0.706,NA
43,2,count-odds,lexicase,FALSE,20,elitize_generation_data,42,110,0.689,NA
44,2,count-odds,lexicase,FALSE,20,elitize_generation_data,43,111,0.684,NA
45,2,count-odds,lexicase,FALSE,20,elitize_generation_data,44,110,0.677,NA
46,2,count-odds,lexicase,FALSE,20,elitize_generation_data,45,111,0.647,NA
47,2,count-odds,lexicase,FALSE,20,elitize_generation_data,46,118,0.691,NA
48,2,count-odds,lexicase,FALSE,20,elitize_generation_data,47,100,0.663,NA
49,2,count-odds,lexicase,FALSE,20,elitize_generation_data,48,109,0.681,NA
50,2,count-odds,lexicase,FALSE,20,elitize_generation_data,49,125,0.684,NA
51,2,count-odds,lexicase,FALSE,20,elitize_generation_data,50,132,0.672,NA
52,2,count-odds,lexicase,FALSE,20,elitize_generation_data,51,137,0.697,NA
53,2,count-odds,lexicase,FALSE,20,elitize_generation_data,52,126,0.689,NA
54,2,count-odds,lexicase,FALSE,20,elitize_generation_data,53,129,0.689,NA
55,2,count-odds,lexicase,FALSE,20,elitize_generation_data,54,119,0.641,NA
56,2,count-odds,lexicase,FALSE,20,elitize_generation_data,55,119,0.677,NA
57,2,count-odds,lexicase,FALSE,20,elitize_generation_data,56,136,0.686,NA
58,2,count-odds,lexicase,FALSE,20,elitize_generation_data,57,151,0.699,NA
59,2,count-odds,lexicase,FALSE,20,elitize_generation_data,58,146,0.713,NA
60,2,count-odds,lexicase,FALSE,20,elitize_generation_data,59,144,0.702,NA
61,2,count-odds,lexicase,FALSE,20,elitize_generation_data,60,145,0.718,NA
62,2,count-odds,lexicase,FALSE,20,elitize_generation_data,61,136,0.672,NA
63,2,count-odds,lexicase,FALSE,20,elitize_generation_data,62,142,0.698,NA
64,2,count-odds,lexicase,FALSE,20,elitize_generation_data,63,141,0.72,NA
65,2,count-odds,lexicase,FALSE,20,elitize_generation_data,64,147,0.705,NA
66,2,count-odds,lexicase,FALSE,20,elitize_generation_data,65,144,0.691,NA
67,2,count-odds,lexicase,FALSE,20,elitize_generation_data,66,132,0.686,NA
68,2,count-odds,lexicase,FALSE,20,elitize_generation_data,67,145,0.696,NA
69,2,count-odds,lexicase,FALSE,20,elitize_generation_data,68,140,0.696,NA
70,2,count-odds,lexicase,FALSE,20,elitize_generation_data,69,137,0.696,NA
71,2,count-odds,lexicase,FALSE,20,elitize_generation_data,70,146,0.703,NA
72,2,count-odds,lexicase,FALSE,20,elitize_generation_data,71,166,0.711,NA
73,2,count-odds,lexicase,FALSE,20,elitize_generation_data,72,152,0.688,NA
74,2,count-odds,lexicase,FALSE,20,elitize_generation_data,73,158,0.689,NA
75,2,count-odds,lexicase,FALSE,20,elitize_generation_data,74,138,0.71,NA
76,2,count-odds,lexicase,FALSE,20,elitize_generation_data,75,142,0.699,NA
77,2,count-odds,lexicase,FALSE,20,elitize_generation_data,76,134,0.717,NA
78,2,count-odds,lexicase,FALSE,20,elitize_generation_data,77,133,0.711,NA
79,2,count-odds,lexicase,FALSE,20,elitize_generation_data,78,127,0.692,NA
80,2,count-odds,lexicase,FALSE,20,elitize_generation_data,79,148,0.718,NA
81,2,count-odds,lexicase,FALSE,20,elitize_generation_data,80,136,0.71,NA
82,2,count-odds,lexicase,FALSE,20,elitize_generation_data,81,136,0.693,NA
83,2,count-odds,lexicase,FALSE,20,elitize_generation_data,82,147,0.711,NA
84,2,count-odds,lexicase,FALSE,20,elitize_generation_data,83,161,0.716,NA
85,2,count-odds,lexicase,FALSE,20,elitize_generation_data,84,162,0.699,NA
86,2,count-odds,lexicase,FALSE,20,elitize_generation_data,85,151,0.704,NA
87,2,count-odds,lexicase,FALSE,20,elitize_generation_data,86,145,0.702,NA
88,2,count-odds,lexicase,FALSE,20,elitize_generation_data,87,151,0.695,NA
89,2,count-odds,lexicase,FALSE,20,elitize_generation_data,88,157,0.696,NA
90,2,count-odds,lexicase,FALSE,20,elitize_generation_data,89,156,0.719,NA
91,2,count-odds,lexicase,FALSE,20,elitize_generation_data,90,161,0.703,NA
92,2,count-odds,lexicase,FALSE,20,elitize_generation_data,91,161,0.675,NA
93,2,count-odds,lexicase,FALSE,20,elitize_generation_data,92,141,0.683,NA
94,2,count-odds,lexicase,FALSE,20,elitize_generation_data,93,146,0.702,NA
95,2,count-odds,lexicase,FALSE,20,elitize_generation_data,94,164,0.742,NA
96,2,count-odds,lexicase,FALSE,20,elitize_generation_data,95,161,0.703,NA
97,2,count-odds,lexicase,FALSE,20,elitize_generation_data,96,152,0.717,NA
98,2,count-odds,lexicase,FALSE,20,elitize_generation_data,97,161,0.756,NA
99,2,count-odds,lexicase,FALSE,20,elitize_generation_data,98,167,0.732,NA
100,2,count-odds,lexicase,FALSE,20,elitize_generation_data,99,156,0.719,NA
101,2,count-odds,lexicase,FALSE,20,elitize_generation_data,100,151,0.71,NA
102,2,count-odds,lexicase,FALSE,20,elitize_generation_data,101,157,0.713,NA
103,2,count-odds,lexicase,FALSE,20,elitize_generation_data,102,153,0.718,NA
104,2,count-odds,lexicase,FALSE,20,elitize_generation_data,103,153,0.733,NA
105,2,count-odds,lexicase,FALSE,20,elitize_generation_data,104,148,0.698,NA
106,2,count-odds,lexicase,FALSE,20,elitize_generation_data,105,173,0.705,NA
107,2,count-odds,lexicase,FALSE,20,elitize_generation_data,106,176,0.721,NA
108,2,count-odds,lexicase,FALSE,20,elitize_generation_data,107,173,0.704,NA
109,2,count-odds,lexicase,FALSE,20,elitize_generation_data,108,166,0.738,NA
110,2,count-odds,lexicase,FALSE,20,elitize_generation_data,109,169,0.75,NA
111,2,count-odds,lexicase,FALSE,20,elitize_generation_data,110,166,0.743,NA
112,2,count-odds,lexicase,FALSE,20,elitize_generation_data,111,166,0.712,NA
113,2,count-odds,lexicase,FALSE,20,elitize_generation_data,112,157,0.697,NA
114,2,count-odds,lexicase,FALSE,20,elitize_generation_data,113,159,0.718,NA
115,2,count-odds,lexicase,FALSE,20,elitize_generation_data,114,160,0.695,NA
116,2,count-odds,lexicase,FALSE,20,elitize_generation_data,115,154,0.724,NA
117,2,count-odds,lexicase,FALSE,20,elitize_generation_data,116,165,0.728,NA
118,2,count-odds,lexicase,FALSE,20,elitize_generation_data,117,176,0.714,NA
119,2,count-odds,lexicase,FALSE,20,elitize_generation_data,118,185,0.726,NA
120,2,count-odds,lexicase,FALSE,20,elitize_generation_data,119,178,0.734,NA
121,2,count-odds,lexicase,FALSE,20,elitize_generation_data,120,171,0.719,NA
122,2,count-odds,lexicase,FALSE,20,elitize_generation_data,121,169,0.715,NA
123,2,count-odds,lexicase,FALSE,20,elitize_generation_data,122,160,0.734,NA
124,2,count-odds,lexicase,FALSE,20,elitize_generation_data,123,157,0.707,NA
125,2,count-odds,lexicase,FALSE,20,elitize_generation_data,124,156,0.693,NA
126,2,count-odds,lexicase,FALSE,20,elitize_generation_data,125,152,0.705,NA
127,2,count-odds,lexicase,FALSE,20,elitize_generation_data,126,157,0.724,NA
128,2,count-odds,lexicase,FALSE,20,elitize_generation_data,127,138,0.701,NA
129,2,count-odds,lexicase,FALSE,20,elitize_generation_data,128,147,0.684,NA
130,2,count-odds,lexicase,FALSE,20,elitize_generation_data,129,158,0.704,NA
131,2,count-odds,lexicase,FALSE,20,elitize_generation_data,130,152,0.697,NA
132,2,count-odds,lexicase,FALSE,20,elitize_generation_data,131,158,0.729,NA
133,2,count-odds,lexicase,FALSE,20,elitize_generation_data,132,156,0.683,NA
134,2,count-odds,lexicase,FALSE,20,elitize_generation_data,133,153,0.711,NA
135,2,count-odds,lexicase,FALSE,20,elitize_generation_data,134,158,0.725,NA
136,2,count-odds,lexicase,FALSE,20,elitize_generation_data,135,153,0.726,NA
137,2,count-odds,lexicase,FALSE,20,elitize_generation_data,136,145,0.699,NA
138,2,count-odds,lexicase,FALSE,20,elitize_generation_data,137,151,0.731,NA
139,2,count-odds,lexicase,FALSE,20,elitize_generation_data,138,159,0.723,NA
140,2,count-odds,lexicase,FALSE,20,elitize_generation_data,139,157,0.75,NA
141,2,count-odds,lexicase,FALSE,20,elitize_generation_data,140,144,0.739,NA
142,2,count-odds,lexicase,FALSE,20,elitize_generation_data,141,137,0.732,NA
143,2,count-odds,lexicase,FALSE,20,elitize_generation_data,142,158,0.726,NA
144,2,count-odds,lexicase,FALSE,20,elitize_generation_data,143,149,0.724,NA
145,2,count-odds,lexicase,FALSE,20,elitize_generation_data,144,155,0.725,NA
146,2,count-odds,lexicase,FALSE,20,elitize_generation_data,145,151,0.709,NA
147,2,count-odds,lexicase,FALSE,20,elitize_generation_data,146,151,0.699,NA
148,2,count-odds,lexicase,FALSE,20,elitize_generation_data,147,141,0.71,NA
149,2,count-odds,lexicase,FALSE,20,elitize_generation_data,148,141,0.734,NA
150,2,count-odds,lexicase,FALSE,20,elitize_generation_data,149,151,0.735,NA
151,2,count-odds,lexicase,FALSE,20,elitize_generation_data,150,156,0.706,NA
152,2,count-odds,lexicase,FALSE,20,elitize_generation_data,151,152,0.695,NA
153,2,count-odds,lexicase,FALSE,20,elitize_generation_data,152,147,0.69,NA
154,2,count-odds,lexicase,FALSE,20,elitize_generation_data,153,171,0.723,NA
155,2,count-odds,lexicase,FALSE,20,elitize_generation_data,154,173,0.728,NA
156,2,count-odds,lexicase,FALSE,20,elitize_generation_data,155,163,0.712,NA
157,2,count-odds,lexicase,FALSE,20,elitize_generation_data,156,171,0.703,NA
158,2,count-odds,lexicase,FALSE,20,elitize_generation_data,157,177,0.703,NA
159,2,count-odds,lexicase,FALSE,20,elitize_generation_data,158,169,0.706,NA
160,2,count-odds,lexicase,FALSE,20,elitize_generation_data,159,164,0.716,NA
161,2,count-odds,lexicase,FALSE,20,elitize_generation_data,160,159,0.717,NA
162,2,count-odds,lexicase,FALSE,20,elitize_generation_data,161,167,0.708,NA
163,2,count-odds,lexicase,FALSE,20,elitize_generation_data,162,155,0.688,NA
164,2,count-odds,lexicase,FALSE,20,elitize_generation_data,163,167,0.717,NA
165,2,count-odds,lexicase,FALSE,20,elitize_generation_data,164,180,0.706,NA
166,2,count-odds,lexicase,FALSE,20,elitize_generation_data,165,170,0.702,NA
167,2,count-odds,lexicase,FALSE,20,elitize_generation_data,166,168,0.715,NA
168,2,count-odds,lexicase,FALSE,20,elitize_generation_data,167,165,0.699,NA
169,2,count-odds,lexicase,FALSE,20,elitize_generation_data,168,179,0.703,NA
170,2,count-odds,lexicase,FALSE,20,elitize_generation_data,169,175,0.711,NA
171,2,count-odds,lexicase,FALSE,20,elitize_generation_data,170,173,0.717,NA
172,2,count-odds,lexicase,FALSE,20,elitize_generation_data,171,167,0.678,NA
173,2,count-odds,lexicase,FALSE,20,elitize_generation_data,172,162,0.688,NA
174,2,count-odds,lexicase,FALSE,20,elitize_generation_data,173,174,0.678,NA
175,2,count-odds,lexicase,FALSE,20,elitize_generation_data,174,169,0.714,NA
176,2,count-odds,lexicase,FALSE,20,elitize_generation_data,175,170,0.696,NA
177,2,count-odds,lexicase,FALSE,20,elitize_generation_data,176,169,0.701,NA
178,2,count-odds,lexicase,FALSE,20,elitize_generation_data,177,162,0.684,NA
179,2,count-odds,lexicase,FALSE,20,elitize_generation_data,178,157,0.678,NA
180,2,count-odds,lexicase,FALSE,20,elitize_generation_data,179,163,0.694,NA
181,2,count-odds,lexicase,FALSE,20,elitize_generation_data,180,165,0.688,NA
182,2,count-odds,lexicase,FALSE,20,elitize_generation_data,181,172,0.704,NA
183,2,count-odds,lexicase,FALSE,20,elitize_generation_data,182,157,0.709,NA
184,2,count-odds,lexicase,FALSE,20,elitize_generation_data,183,158,0.695,NA
185,2,count-odds,lexicase,FALSE,20,elitize_generation_data,184,145,0.706,NA
186,2,count-odds,lexicase,FALSE,20,elitize_generation_data,185,147,0.705,NA
187,2,count-odds,lexicase,FALSE,20,elitize_generation_data,186,166,0.712,NA
188,2,count-odds,lexicase,FALSE,20,elitize_generation_data,187,168,0.712,NA
189,2,count-odds,lexicase,FALSE,20,elitize_generation_data,188,163,0.733,NA
190,2,count-odds,lexicase,FALSE,20,elitize_generation_data,189,156,0.718,NA
191,2,count-odds,lexicase,FALSE,20,elitize_generation_data,190,164,0.711,NA
192,2,count-odds,lexicase,FALSE,20,elitize_generation_data,191,176,0.733,NA
193,2,count-odds,lexicase,FALSE,20,elitize_generation_data,192,162,0.718,NA
194,2,count-odds,lexicase,FALSE,20,elitize_generation_data,193,161,0.714,NA
195,2,count-odds,lexicase,FALSE,20,elitize_generation_data,194,170,0.717,NA
196,2,count-odds,lexicase,FALSE,20,elitize_generation_data,195,167,0.727,NA
197,2,count-odds,lexicase,FALSE,20,elitize_generation_data,196,158,0.733,NA
198,2,count-odds,lexicase,FALSE,20,elitize_generation_data,197,157,0.714,NA
199,2,count-odds,lexicase,FALSE,20,elitize_generation_data,198,158,0.732,NA
200,2,count-odds,lexicase,FALSE,20,elitize_generation_data,199,165,0.722,NA
201,2,count-odds,lexicase,FALSE,20,elitize_generation_data,200,158,0.733,NA
202,2,count-odds,lexicase,FALSE,20,elitize_generation_data,201,145,0.728,NA
203,2,count-odds,lexicase,FALSE,20,elitize_generation_data,202,152,0.738,NA
204,2,count-odds,lexicase,FALSE,20,elitize_generation_data,203,166,0.743,NA
205,2,count-odds,lexicase,FALSE,20,elitize_generation_data,204,174,0.73,NA
206,2,count-odds,lexicase,FALSE,20,elitize_generation_data,205,182,0.729,NA
207,2,count-odds,lexicase,FALSE,20,elitize_generation_data,206,173,0.723,NA
208,2,count-odds,lexicase,FALSE,20,elitize_generation_data,207,173,0.743,NA
209,2,count-odds,lexicase,FALSE,20,elitize_generation_data,208,184,0.729,NA
210,2,count-odds,lexicase,FALSE,20,elitize_generation_data,209,169,0.721,NA
211,2,count-odds,lexicase,FALSE,20,elitize_generation_data,210,166,0.714,NA
212,2,count-odds,lexicase,FALSE,20,elitize_generation_data,211,157,0.718,NA
213,2,count-odds,lexicase,FALSE,20,elitize_generation_data,212,158,0.709,NA
214,2,count-odds,lexicase,FALSE,20,elitize_generation_data,213,158,0.685,NA
215,2,count-odds,lexicase,FALSE,20,elitize_generation_data,214,166,0.703,NA
216,2,count-odds,lexicase,FALSE,20,elitize_generation_data,215,169,0.729,NA
217,2,count-odds,lexicase,FALSE,20,elitize_generation_data,216,171,0.734,NA
218,2,count-odds,lexicase,FALSE,20,elitize_generation_data,217,161,0.743,NA
219,2,count-odds,lexicase,FALSE,20,elitize_generation_data,218,156,0.746,NA
220,2,count-odds,lexicase,FALSE,20,elitize_generation_data,219,173,0.77,NA
221,2,count-odds,lexicase,FALSE,20,elitize_generation_data,220,165,0.742,NA
222,2,count-odds,lexicase,FALSE,20,elitize_generation_data,221,177,0.762,NA
223,2,count-odds,lexicase,FALSE,20,elitize_generation_data,222,173,0.729,NA
224,2,count-odds,lexicase,FALSE,20,elitize_generation_data,223,175,0.744,NA
225,2,count-odds,lexicase,FALSE,20,elitize_generation_data,224,188,0.749,NA
226,2,count-odds,lexicase,FALSE,20,elitize_generation_data,225,200,0.739,NA
227,2,count-odds,lexicase,FALSE,20,elitize_generation_data,226,186,0.732,NA
228,2,count-odds,lexicase,FALSE,20,elitize_generation_data,227,203,0.762,NA
229,2,count-odds,lexicase,FALSE,20,elitize_generation_data,228,219,0.737,NA
230,2,count-odds,lexicase,FALSE,20,elitize_generation_data,229,213,0.747,NA
231,2,count-odds,lexicase,FALSE,20,elitize_generation_data,230,211,0.765,NA
232,2,count-odds,lexicase,FALSE,20,elitize_generation_data,231,195,0.74,NA
233,2,count-odds,lexicase,FALSE,20,elitize_generation_data,232,186,0.732,NA
234,2,count-odds,lexicase,FALSE,20,elitize_generation_data,233,178,0.758,NA
235,2,count-odds,lexicase,FALSE,20,elitize_generation_data,234,186,0.718,NA
236,2,count-odds,lexicase,FALSE,20,elitize_generation_data,235,181,0.723,NA
237,2,count-odds,lexicase,FALSE,20,elitize_generation_data,236,184,0.721,NA
238,2,count-odds,lexicase,FALSE,20,elitize_generation_data,237,181,0.732,NA
239,2,count-odds,lexicase,FALSE,20,elitize_generation_data,238,190,0.727,NA
240,2,count-odds,lexicase,FALSE,20,elitize_generation_data,239,186,0.703,NA
241,2,count-odds,lexicase,FALSE,20,elitize_generation_data,240,171,0.731,NA
242,2,count-odds,lexicase,FALSE,20,elitize_generation_data,241,173,0.712,NA
243,2,count-odds,lexicase,FALSE,20,elitize_generation_data,242,190,0.733,NA
244,2,count-odds,lexicase,FALSE,20,elitize_generation_data,243,185,0.744,NA
245,2,count-odds,lexicase,FALSE,20,elitize_generation_data,244,189,0.737,NA
246,2,count-odds,lexicase,FALSE,20,elitize_generation_data,245,185,0.723,NA
247,2,count-odds,lexicase,FALSE,20,elitize_generation_data,246,182,0.735,NA
248,2,count-odds,lexicase,FALSE,20,elitize_generation_data,247,190,0.736,NA
249,2,count-odds,lexicase,FALSE,20,elitize_generation_data,248,200,0.753,NA
250,2,count-odds,lexicase,FALSE,20,elitize_generation_data,249,196,0.744,NA
251,2,count-odds,lexicase,FALSE,20,elitize_generation_data,250,189,0.719,NA
252,2,count-odds,lexicase,FALSE,20,elitize_generation_data,251,199,0.746,NA
253,2,count-odds,lexicase,FALSE,20,elitize_generation_data,252,207,0.737,NA
254,2,count-odds,lexicase,FALSE,20,elitize_generation_data,253,193,0.739,NA
255,2,count-odds,lexicase,FALSE,20,elitize_generation_data,254,197,0.751,NA
256,2,count-odds,lexicase,FALSE,20,elitize_generation_data,255,193,0.745,NA
257,2,count-odds,lexicase,FALSE,20,elitize_generation_data,256,196,0.747,NA
258,2,count-odds,lexicase,FALSE,20,elitize_generation_data,257,204,0.75,NA
259,2,count-odds,lexicase,FALSE,20,elitize_generation_data,258,216,0.765,NA
260,2,count-odds,lexicase,FALSE,20,elitize_generation_data,259,197,0.75,NA
261,2,count-odds,lexicase,FALSE,20,elitize_generation_data,260,185,0.736,NA
262,2,count-odds,lexicase,FALSE,20,elitize_generation_data,261,191,0.725,NA
263,2,count-odds,lexicase,FALSE,20,elitize_generation_data,262,205,0.735,NA
264,2,count-odds,lexicase,FALSE,20,elitize_generation_data,263,197,0.761,NA
265,2,count-odds,lexicase,FALSE,20,elitize_generation_data,264,189,0.759,NA
266,2,count-odds,lexicase,FALSE,20,elitize_generation_data,265,188,0.744,NA
267,2,count-odds,lexicase,FALSE,20,elitize_generation_data,266,181,0.719,NA
268,2,count-odds,lexicase,FALSE,20,elitize_generation_data,267,179,0.768,NA
269,2,count-odds,lexicase,FALSE,20,elitize_generation_data,268,186,0.769,NA
270,2,count-odds,lexicase,FALSE,20,elitize_generation_data,269,202,0.774,NA
271,2,count-odds,lexicase,FALSE,20,elitize_generation_data,270,197,0.76,NA
272,2,count-odds,lexicase,FALSE,20,elitize_generation_data,271,193,0.749,NA
273,2,count-odds,lexicase,FALSE,20,elitize_generation_data,272,188,0.746,NA
274,2,count-odds,lexicase,FALSE,20,elitize_generation_data,273,188,0.763,NA
275,2,count-odds,lexicase,FALSE,20,elitize_generation_data,274,184,0.752,NA
276,2,count-odds,lexicase,FALSE,20,elitize_generation_data,275,180,0.76,NA
277,2,count-odds,lexicase,FALSE,20,elitize_generation_data,276,194,0.753,NA
278,2,count-odds,lexicase,FALSE,20,elitize_generation_data,277,195,0.766,NA
279,2,count-odds,lexicase,FALSE,20,elitize_generation_data,278,190,0.772,NA
280,2,count-odds,lexicase,FALSE,20,elitize_generation_data,279,191,0.784,NA
281,2,count-odds,lexicase,FALSE,20,elitize_generation_data,280,173,0.774,NA
282,2,count-odds,lexicase,FALSE,20,elitize_generation_data,281,169,0.757,NA
283,2,count-odds,lexicase,FALSE,20,elitize_generation_data,282,169,0.758,NA
284,2,count-odds,lexicase,FALSE,20,elitize_generation_data,283,168,0.764,NA
285,2,count-odds,lexicase,FALSE,20,elitize_generation_data,284,163,0.75,NA
286,2,count-odds,lexicase,FALSE,20,elitize_generation_data,285,160,0.737,NA
287,2,count-odds,lexicase,FALSE,20,elitize_generation_data,286,162,0.747,NA
288,2,count-odds,lexicase,FALSE,20,elitize_generation_data,287,161,0.736,NA
289,2,count-odds,lexicase,FALSE,20,elitize_generation_data,288,163,0.748,NA
290,2,count-odds,lexicase,FALSE,20,elitize_generation_data,289,166,0.758,NA
291,2,count-odds,lexicase,FALSE,20,elitize_generation_data,290,165,0.743,NA
292,2,count-odds,lexicase,FALSE,20,elitize_generation_data,291,158,0.739,NA
293,2,count-odds,lexicase,FALSE,20,elitize_generation_data,292,168,0.731,NA
294,2,count-odds,lexicase,FALSE,20,elitize_generation_data,293,171,0.737,NA
295,2,count-odds,lexicase,FALSE,20,elitize_generation_data,294,169,0.747,NA
296,2,count-odds,lexicase,FALSE,20,elitize_generation_data,295,170,0.737,NA
297,2,count-odds,lexicase,FALSE,20,elitize_generation_data,296,163,0.732,NA
298,2,count-odds,lexicase,FALSE,20,elitize_generation_data,297,180,0.746,NA
299,2,count-odds,lexicase,FALSE,20,elitize_generation_data,298,174,0.74,NA
300,2,count-odds,lexicase,FALSE,20,elitize_generation_data,299,176,0.763,NA
301,2,count-odds,lexicase,FALSE,20,elitize_generation_data,300,167,0.735,NA
