,run.num,problem,treatment,succeeded,height,normalization.function,generation,cluster.count,error.diversity,success.generation
1,36,count-odds,lexicase,FALSE,20,elitize_generation_data,0,5,0.178,NA
2,36,count-odds,lexicase,FALSE,20,elitize_generation_data,1,6,0.127,NA
3,36,count-odds,lexicase,FALSE,20,elitize_generation_data,2,6,0.203,NA
4,36,count-odds,lexicase,FALSE,20,elitize_generation_data,3,13,0.285,NA
5,36,count-odds,lexicase,FALSE,20,elitize_generation_data,4,15,0.391,NA
6,36,count-odds,lexicase,FALSE,20,elitize_generation_data,5,20,0.484,NA
7,36,count-odds,lexicase,FALSE,20,elitize_generation_data,6,21,0.526,NA
8,36,count-odds,lexicase,FALSE,20,elitize_generation_data,7,26,0.555,NA
9,36,count-odds,lexicase,FALSE,20,elitize_generation_data,8,30,0.629,NA
10,36,count-odds,lexicase,FALSE,20,elitize_generation_data,9,31,0.606,NA
11,36,count-odds,lexicase,FALSE,20,elitize_generation_data,10,33,0.624,NA
12,36,count-odds,lexicase,FALSE,20,elitize_generation_data,11,36,0.636,NA
13,36,count-odds,lexicase,FALSE,20,elitize_generation_data,12,37,0.716,NA
14,36,count-odds,lexicase,FALSE,20,elitize_generation_data,13,38,0.688,NA
15,36,count-odds,lexicase,FALSE,20,elitize_generation_data,14,41,0.716,NA
16,36,count-odds,lexicase,FALSE,20,elitize_generation_data,15,44,0.715,NA
17,36,count-odds,lexicase,FALSE,20,elitize_generation_data,16,44,0.719,NA
18,36,count-odds,lexicase,FALSE,20,elitize_generation_data,17,51,0.724,NA
19,36,count-odds,lexicase,FALSE,20,elitize_generation_data,18,51,0.684,NA
20,36,count-odds,lexicase,FALSE,20,elitize_generation_data,19,48,0.72,NA
21,36,count-odds,lexicase,FALSE,20,elitize_generation_data,20,54,0.717,NA
22,36,count-odds,lexicase,FALSE,20,elitize_generation_data,21,53,0.705,NA
23,36,count-odds,lexicase,FALSE,20,elitize_generation_data,22,61,0.707,NA
24,36,count-odds,lexicase,FALSE,20,elitize_generation_data,23,56,0.752,NA
25,36,count-odds,lexicase,FALSE,20,elitize_generation_data,24,61,0.731,NA
26,36,count-odds,lexicase,FALSE,20,elitize_generation_data,25,63,0.711,NA
27,36,count-odds,lexicase,FALSE,20,elitize_generation_data,26,64,0.705,NA
28,36,count-odds,lexicase,FALSE,20,elitize_generation_data,27,62,0.689,NA
29,36,count-odds,lexicase,FALSE,20,elitize_generation_data,28,61,0.691,NA
30,36,count-odds,lexicase,FALSE,20,elitize_generation_data,29,68,0.711,NA
31,36,count-odds,lexicase,FALSE,20,elitize_generation_data,30,65,0.722,NA
32,36,count-odds,lexicase,FALSE,20,elitize_generation_data,31,68,0.727,NA
33,36,count-odds,lexicase,FALSE,20,elitize_generation_data,32,68,0.699,NA
34,36,count-odds,lexicase,FALSE,20,elitize_generation_data,33,68,0.708,NA
35,36,count-odds,lexicase,FALSE,20,elitize_generation_data,34,69,0.718,NA
36,36,count-odds,lexicase,FALSE,20,elitize_generation_data,35,71,0.71,NA
37,36,count-odds,lexicase,FALSE,20,elitize_generation_data,36,67,0.711,NA
38,36,count-odds,lexicase,FALSE,20,elitize_generation_data,37,81,0.722,NA
39,36,count-odds,lexicase,FALSE,20,elitize_generation_data,38,72,0.696,NA
40,36,count-odds,lexicase,FALSE,20,elitize_generation_data,39,78,0.711,NA
41,36,count-odds,lexicase,FALSE,20,elitize_generation_data,40,83,0.716,NA
42,36,count-odds,lexicase,FALSE,20,elitize_generation_data,41,94,0.723,NA
43,36,count-odds,lexicase,FALSE,20,elitize_generation_data,42,89,0.722,NA
44,36,count-odds,lexicase,FALSE,20,elitize_generation_data,43,82,0.735,NA
45,36,count-odds,lexicase,FALSE,20,elitize_generation_data,44,77,0.716,NA
46,36,count-odds,lexicase,FALSE,20,elitize_generation_data,45,76,0.723,NA
47,36,count-odds,lexicase,FALSE,20,elitize_generation_data,46,72,0.722,NA
48,36,count-odds,lexicase,FALSE,20,elitize_generation_data,47,72,0.745,NA
49,36,count-odds,lexicase,FALSE,20,elitize_generation_data,48,72,0.745,NA
50,36,count-odds,lexicase,FALSE,20,elitize_generation_data,49,84,0.731,NA
51,36,count-odds,lexicase,FALSE,20,elitize_generation_data,50,90,0.719,NA
52,36,count-odds,lexicase,FALSE,20,elitize_generation_data,51,90,0.742,NA
53,36,count-odds,lexicase,FALSE,20,elitize_generation_data,52,88,0.746,NA
54,36,count-odds,lexicase,FALSE,20,elitize_generation_data,53,89,0.739,NA
55,36,count-odds,lexicase,FALSE,20,elitize_generation_data,54,96,0.736,NA
56,36,count-odds,lexicase,FALSE,20,elitize_generation_data,55,89,0.721,NA
57,36,count-odds,lexicase,FALSE,20,elitize_generation_data,56,84,0.72,NA
58,36,count-odds,lexicase,FALSE,20,elitize_generation_data,57,84,0.704,NA
59,36,count-odds,lexicase,FALSE,20,elitize_generation_data,58,87,0.742,NA
60,36,count-odds,lexicase,FALSE,20,elitize_generation_data,59,82,0.732,NA
61,36,count-odds,lexicase,FALSE,20,elitize_generation_data,60,83,0.726,NA
62,36,count-odds,lexicase,FALSE,20,elitize_generation_data,61,81,0.751,NA
63,36,count-odds,lexicase,FALSE,20,elitize_generation_data,62,78,0.741,NA
64,36,count-odds,lexicase,FALSE,20,elitize_generation_data,63,88,0.738,NA
65,36,count-odds,lexicase,FALSE,20,elitize_generation_data,64,91,0.742,NA
66,36,count-odds,lexicase,FALSE,20,elitize_generation_data,65,95,0.744,NA
67,36,count-odds,lexicase,FALSE,20,elitize_generation_data,66,101,0.71,NA
68,36,count-odds,lexicase,FALSE,20,elitize_generation_data,67,106,0.754,NA
69,36,count-odds,lexicase,FALSE,20,elitize_generation_data,68,103,0.747,NA
70,36,count-odds,lexicase,FALSE,20,elitize_generation_data,69,108,0.749,NA
71,36,count-odds,lexicase,FALSE,20,elitize_generation_data,70,104,0.732,NA
72,36,count-odds,lexicase,FALSE,20,elitize_generation_data,71,105,0.728,NA
73,36,count-odds,lexicase,FALSE,20,elitize_generation_data,72,103,0.742,NA
74,36,count-odds,lexicase,FALSE,20,elitize_generation_data,73,97,0.755,NA
75,36,count-odds,lexicase,FALSE,20,elitize_generation_data,74,96,0.753,NA
76,36,count-odds,lexicase,FALSE,20,elitize_generation_data,75,99,0.733,NA
77,36,count-odds,lexicase,FALSE,20,elitize_generation_data,76,103,0.743,NA
78,36,count-odds,lexicase,FALSE,20,elitize_generation_data,77,94,0.756,NA
79,36,count-odds,lexicase,FALSE,20,elitize_generation_data,78,95,0.74,NA
80,36,count-odds,lexicase,FALSE,20,elitize_generation_data,79,118,0.76,NA
81,36,count-odds,lexicase,FALSE,20,elitize_generation_data,80,109,0.752,NA
82,36,count-odds,lexicase,FALSE,20,elitize_generation_data,81,117,0.728,NA
83,36,count-odds,lexicase,FALSE,20,elitize_generation_data,82,123,0.747,NA
84,36,count-odds,lexicase,FALSE,20,elitize_generation_data,83,123,0.776,NA
85,36,count-odds,lexicase,FALSE,20,elitize_generation_data,84,125,0.784,NA
86,36,count-odds,lexicase,FALSE,20,elitize_generation_data,85,117,0.751,NA
87,36,count-odds,lexicase,FALSE,20,elitize_generation_data,86,120,0.753,NA
88,36,count-odds,lexicase,FALSE,20,elitize_generation_data,87,129,0.785,NA
89,36,count-odds,lexicase,FALSE,20,elitize_generation_data,88,124,0.794,NA
90,36,count-odds,lexicase,FALSE,20,elitize_generation_data,89,123,0.783,NA
91,36,count-odds,lexicase,FALSE,20,elitize_generation_data,90,128,0.773,NA
92,36,count-odds,lexicase,FALSE,20,elitize_generation_data,91,128,0.787,NA
93,36,count-odds,lexicase,FALSE,20,elitize_generation_data,92,127,0.792,NA
94,36,count-odds,lexicase,FALSE,20,elitize_generation_data,93,108,0.786,NA
95,36,count-odds,lexicase,FALSE,20,elitize_generation_data,94,104,0.754,NA
96,36,count-odds,lexicase,FALSE,20,elitize_generation_data,95,99,0.742,NA
97,36,count-odds,lexicase,FALSE,20,elitize_generation_data,96,106,0.773,NA
98,36,count-odds,lexicase,FALSE,20,elitize_generation_data,97,107,0.742,NA
99,36,count-odds,lexicase,FALSE,20,elitize_generation_data,98,117,0.755,NA
100,36,count-odds,lexicase,FALSE,20,elitize_generation_data,99,115,0.748,NA
101,36,count-odds,lexicase,FALSE,20,elitize_generation_data,100,111,0.768,NA
102,36,count-odds,lexicase,FALSE,20,elitize_generation_data,101,114,0.748,NA
103,36,count-odds,lexicase,FALSE,20,elitize_generation_data,102,122,0.775,NA
104,36,count-odds,lexicase,FALSE,20,elitize_generation_data,103,118,0.762,NA
105,36,count-odds,lexicase,FALSE,20,elitize_generation_data,104,129,0.79,NA
106,36,count-odds,lexicase,FALSE,20,elitize_generation_data,105,132,0.746,NA
107,36,count-odds,lexicase,FALSE,20,elitize_generation_data,106,136,0.783,NA
108,36,count-odds,lexicase,FALSE,20,elitize_generation_data,107,126,0.784,NA
109,36,count-odds,lexicase,FALSE,20,elitize_generation_data,108,123,0.783,NA
110,36,count-odds,lexicase,FALSE,20,elitize_generation_data,109,117,0.766,NA
111,36,count-odds,lexicase,FALSE,20,elitize_generation_data,110,128,0.787,NA
112,36,count-odds,lexicase,FALSE,20,elitize_generation_data,111,130,0.778,NA
113,36,count-odds,lexicase,FALSE,20,elitize_generation_data,112,135,0.8,NA
114,36,count-odds,lexicase,FALSE,20,elitize_generation_data,113,139,0.821,NA
115,36,count-odds,lexicase,FALSE,20,elitize_generation_data,114,137,0.801,NA
116,36,count-odds,lexicase,FALSE,20,elitize_generation_data,115,118,0.793,NA
117,36,count-odds,lexicase,FALSE,20,elitize_generation_data,116,126,0.8,NA
118,36,count-odds,lexicase,FALSE,20,elitize_generation_data,117,127,0.797,NA
119,36,count-odds,lexicase,FALSE,20,elitize_generation_data,118,131,0.788,NA
120,36,count-odds,lexicase,FALSE,20,elitize_generation_data,119,123,0.798,NA
121,36,count-odds,lexicase,FALSE,20,elitize_generation_data,120,128,0.791,NA
122,36,count-odds,lexicase,FALSE,20,elitize_generation_data,121,121,0.77,NA
123,36,count-odds,lexicase,FALSE,20,elitize_generation_data,122,116,0.782,NA
124,36,count-odds,lexicase,FALSE,20,elitize_generation_data,123,109,0.798,NA
125,36,count-odds,lexicase,FALSE,20,elitize_generation_data,124,112,0.774,NA
126,36,count-odds,lexicase,FALSE,20,elitize_generation_data,125,119,0.762,NA
127,36,count-odds,lexicase,FALSE,20,elitize_generation_data,126,121,0.767,NA
128,36,count-odds,lexicase,FALSE,20,elitize_generation_data,127,124,0.787,NA
129,36,count-odds,lexicase,FALSE,20,elitize_generation_data,128,122,0.777,NA
130,36,count-odds,lexicase,FALSE,20,elitize_generation_data,129,121,0.778,NA
131,36,count-odds,lexicase,FALSE,20,elitize_generation_data,130,110,0.764,NA
132,36,count-odds,lexicase,FALSE,20,elitize_generation_data,131,114,0.793,NA
133,36,count-odds,lexicase,FALSE,20,elitize_generation_data,132,126,0.781,NA
134,36,count-odds,lexicase,FALSE,20,elitize_generation_data,133,120,0.772,NA
135,36,count-odds,lexicase,FALSE,20,elitize_generation_data,134,112,0.788,NA
136,36,count-odds,lexicase,FALSE,20,elitize_generation_data,135,116,0.795,NA
137,36,count-odds,lexicase,FALSE,20,elitize_generation_data,136,116,0.816,NA
138,36,count-odds,lexicase,FALSE,20,elitize_generation_data,137,115,0.806,NA
139,36,count-odds,lexicase,FALSE,20,elitize_generation_data,138,111,0.776,NA
140,36,count-odds,lexicase,FALSE,20,elitize_generation_data,139,107,0.785,NA
141,36,count-odds,lexicase,FALSE,20,elitize_generation_data,140,110,0.777,NA
142,36,count-odds,lexicase,FALSE,20,elitize_generation_data,141,111,0.771,NA
143,36,count-odds,lexicase,FALSE,20,elitize_generation_data,142,110,0.785,NA
144,36,count-odds,lexicase,FALSE,20,elitize_generation_data,143,117,0.8,NA
145,36,count-odds,lexicase,FALSE,20,elitize_generation_data,144,122,0.779,NA
146,36,count-odds,lexicase,FALSE,20,elitize_generation_data,145,129,0.81,NA
147,36,count-odds,lexicase,FALSE,20,elitize_generation_data,146,129,0.833,NA
148,36,count-odds,lexicase,FALSE,20,elitize_generation_data,147,125,0.809,NA
149,36,count-odds,lexicase,FALSE,20,elitize_generation_data,148,126,0.829,NA
150,36,count-odds,lexicase,FALSE,20,elitize_generation_data,149,136,0.804,NA
151,36,count-odds,lexicase,FALSE,20,elitize_generation_data,150,121,0.814,NA
152,36,count-odds,lexicase,FALSE,20,elitize_generation_data,151,125,0.809,NA
153,36,count-odds,lexicase,FALSE,20,elitize_generation_data,152,137,0.813,NA
154,36,count-odds,lexicase,FALSE,20,elitize_generation_data,153,123,0.817,NA
155,36,count-odds,lexicase,FALSE,20,elitize_generation_data,154,127,0.815,NA
156,36,count-odds,lexicase,FALSE,20,elitize_generation_data,155,130,0.808,NA
157,36,count-odds,lexicase,FALSE,20,elitize_generation_data,156,125,0.805,NA
158,36,count-odds,lexicase,FALSE,20,elitize_generation_data,157,113,0.808,NA
159,36,count-odds,lexicase,FALSE,20,elitize_generation_data,158,123,0.808,NA
160,36,count-odds,lexicase,FALSE,20,elitize_generation_data,159,114,0.782,NA
161,36,count-odds,lexicase,FALSE,20,elitize_generation_data,160,102,0.803,NA
162,36,count-odds,lexicase,FALSE,20,elitize_generation_data,161,112,0.789,NA
163,36,count-odds,lexicase,FALSE,20,elitize_generation_data,162,118,0.812,NA
164,36,count-odds,lexicase,FALSE,20,elitize_generation_data,163,110,0.796,NA
165,36,count-odds,lexicase,FALSE,20,elitize_generation_data,164,118,0.804,NA
166,36,count-odds,lexicase,FALSE,20,elitize_generation_data,165,117,0.793,NA
167,36,count-odds,lexicase,FALSE,20,elitize_generation_data,166,120,0.813,NA
168,36,count-odds,lexicase,FALSE,20,elitize_generation_data,167,133,0.819,NA
169,36,count-odds,lexicase,FALSE,20,elitize_generation_data,168,135,0.828,NA
170,36,count-odds,lexicase,FALSE,20,elitize_generation_data,169,138,0.814,NA
171,36,count-odds,lexicase,FALSE,20,elitize_generation_data,170,145,0.832,NA
172,36,count-odds,lexicase,FALSE,20,elitize_generation_data,171,140,0.823,NA
173,36,count-odds,lexicase,FALSE,20,elitize_generation_data,172,136,0.833,NA
174,36,count-odds,lexicase,FALSE,20,elitize_generation_data,173,146,0.835,NA
175,36,count-odds,lexicase,FALSE,20,elitize_generation_data,174,137,0.837,NA
176,36,count-odds,lexicase,FALSE,20,elitize_generation_data,175,148,0.848,NA
177,36,count-odds,lexicase,FALSE,20,elitize_generation_data,176,149,0.861,NA
178,36,count-odds,lexicase,FALSE,20,elitize_generation_data,177,128,0.827,NA
179,36,count-odds,lexicase,FALSE,20,elitize_generation_data,178,126,0.829,NA
180,36,count-odds,lexicase,FALSE,20,elitize_generation_data,179,144,0.833,NA
181,36,count-odds,lexicase,FALSE,20,elitize_generation_data,180,130,0.825,NA
182,36,count-odds,lexicase,FALSE,20,elitize_generation_data,181,119,0.828,NA
183,36,count-odds,lexicase,FALSE,20,elitize_generation_data,182,121,0.849,NA
184,36,count-odds,lexicase,FALSE,20,elitize_generation_data,183,127,0.806,NA
185,36,count-odds,lexicase,FALSE,20,elitize_generation_data,184,134,0.832,NA
186,36,count-odds,lexicase,FALSE,20,elitize_generation_data,185,122,0.839,NA
187,36,count-odds,lexicase,FALSE,20,elitize_generation_data,186,136,0.814,NA
188,36,count-odds,lexicase,FALSE,20,elitize_generation_data,187,148,0.819,NA
189,36,count-odds,lexicase,FALSE,20,elitize_generation_data,188,148,0.847,NA
190,36,count-odds,lexicase,FALSE,20,elitize_generation_data,189,140,0.83,NA
191,36,count-odds,lexicase,FALSE,20,elitize_generation_data,190,149,0.842,NA
192,36,count-odds,lexicase,FALSE,20,elitize_generation_data,191,145,0.856,NA
193,36,count-odds,lexicase,FALSE,20,elitize_generation_data,192,139,0.817,NA
194,36,count-odds,lexicase,FALSE,20,elitize_generation_data,193,129,0.823,NA
195,36,count-odds,lexicase,FALSE,20,elitize_generation_data,194,143,0.822,NA
196,36,count-odds,lexicase,FALSE,20,elitize_generation_data,195,133,0.827,NA
197,36,count-odds,lexicase,FALSE,20,elitize_generation_data,196,142,0.844,NA
198,36,count-odds,lexicase,FALSE,20,elitize_generation_data,197,140,0.832,NA
199,36,count-odds,lexicase,FALSE,20,elitize_generation_data,198,142,0.843,NA
200,36,count-odds,lexicase,FALSE,20,elitize_generation_data,199,142,0.855,NA
201,36,count-odds,lexicase,FALSE,20,elitize_generation_data,200,141,0.843,NA
202,36,count-odds,lexicase,FALSE,20,elitize_generation_data,201,146,0.863,NA
203,36,count-odds,lexicase,FALSE,20,elitize_generation_data,202,132,0.853,NA
204,36,count-odds,lexicase,FALSE,20,elitize_generation_data,203,130,0.848,NA
205,36,count-odds,lexicase,FALSE,20,elitize_generation_data,204,130,0.84,NA
206,36,count-odds,lexicase,FALSE,20,elitize_generation_data,205,128,0.849,NA
207,36,count-odds,lexicase,FALSE,20,elitize_generation_data,206,141,0.831,NA
208,36,count-odds,lexicase,FALSE,20,elitize_generation_data,207,138,0.839,NA
209,36,count-odds,lexicase,FALSE,20,elitize_generation_data,208,134,0.857,NA
210,36,count-odds,lexicase,FALSE,20,elitize_generation_data,209,139,0.837,NA
211,36,count-odds,lexicase,FALSE,20,elitize_generation_data,210,130,0.835,NA
212,36,count-odds,lexicase,FALSE,20,elitize_generation_data,211,138,0.84,NA
213,36,count-odds,lexicase,FALSE,20,elitize_generation_data,212,123,0.845,NA
214,36,count-odds,lexicase,FALSE,20,elitize_generation_data,213,134,0.859,NA
215,36,count-odds,lexicase,FALSE,20,elitize_generation_data,214,138,0.857,NA
216,36,count-odds,lexicase,FALSE,20,elitize_generation_data,215,130,0.863,NA
217,36,count-odds,lexicase,FALSE,20,elitize_generation_data,216,125,0.835,NA
218,36,count-odds,lexicase,FALSE,20,elitize_generation_data,217,120,0.819,NA
219,36,count-odds,lexicase,FALSE,20,elitize_generation_data,218,120,0.826,NA
220,36,count-odds,lexicase,FALSE,20,elitize_generation_data,219,138,0.83,NA
221,36,count-odds,lexicase,FALSE,20,elitize_generation_data,220,129,0.822,NA
222,36,count-odds,lexicase,FALSE,20,elitize_generation_data,221,128,0.831,NA
223,36,count-odds,lexicase,FALSE,20,elitize_generation_data,222,134,0.82,NA
224,36,count-odds,lexicase,FALSE,20,elitize_generation_data,223,129,0.824,NA
225,36,count-odds,lexicase,FALSE,20,elitize_generation_data,224,147,0.818,NA
226,36,count-odds,lexicase,FALSE,20,elitize_generation_data,225,136,0.817,NA
227,36,count-odds,lexicase,FALSE,20,elitize_generation_data,226,123,0.841,NA
228,36,count-odds,lexicase,FALSE,20,elitize_generation_data,227,125,0.82,NA
229,36,count-odds,lexicase,FALSE,20,elitize_generation_data,228,112,0.826,NA
230,36,count-odds,lexicase,FALSE,20,elitize_generation_data,229,117,0.808,NA
231,36,count-odds,lexicase,FALSE,20,elitize_generation_data,230,114,0.808,NA
232,36,count-odds,lexicase,FALSE,20,elitize_generation_data,231,123,0.819,NA
233,36,count-odds,lexicase,FALSE,20,elitize_generation_data,232,130,0.81,NA
234,36,count-odds,lexicase,FALSE,20,elitize_generation_data,233,123,0.809,NA
235,36,count-odds,lexicase,FALSE,20,elitize_generation_data,234,133,0.816,NA
236,36,count-odds,lexicase,FALSE,20,elitize_generation_data,235,128,0.808,NA
237,36,count-odds,lexicase,FALSE,20,elitize_generation_data,236,128,0.82,NA
238,36,count-odds,lexicase,FALSE,20,elitize_generation_data,237,123,0.837,NA
239,36,count-odds,lexicase,FALSE,20,elitize_generation_data,238,125,0.788,NA
240,36,count-odds,lexicase,FALSE,20,elitize_generation_data,239,117,0.81,NA
241,36,count-odds,lexicase,FALSE,20,elitize_generation_data,240,120,0.813,NA
242,36,count-odds,lexicase,FALSE,20,elitize_generation_data,241,118,0.786,NA
243,36,count-odds,lexicase,FALSE,20,elitize_generation_data,242,110,0.819,NA
244,36,count-odds,lexicase,FALSE,20,elitize_generation_data,243,123,0.806,NA
245,36,count-odds,lexicase,FALSE,20,elitize_generation_data,244,128,0.813,NA
246,36,count-odds,lexicase,FALSE,20,elitize_generation_data,245,127,0.833,NA
247,36,count-odds,lexicase,FALSE,20,elitize_generation_data,246,116,0.789,NA
248,36,count-odds,lexicase,FALSE,20,elitize_generation_data,247,110,0.804,NA
249,36,count-odds,lexicase,FALSE,20,elitize_generation_data,248,99,0.796,NA
250,36,count-odds,lexicase,FALSE,20,elitize_generation_data,249,110,0.78,NA
251,36,count-odds,lexicase,FALSE,20,elitize_generation_data,250,108,0.784,NA
252,36,count-odds,lexicase,FALSE,20,elitize_generation_data,251,107,0.818,NA
253,36,count-odds,lexicase,FALSE,20,elitize_generation_data,252,117,0.782,NA
254,36,count-odds,lexicase,FALSE,20,elitize_generation_data,253,105,0.772,NA
255,36,count-odds,lexicase,FALSE,20,elitize_generation_data,254,112,0.788,NA
256,36,count-odds,lexicase,FALSE,20,elitize_generation_data,255,118,0.784,NA
257,36,count-odds,lexicase,FALSE,20,elitize_generation_data,256,122,0.778,NA
258,36,count-odds,lexicase,FALSE,20,elitize_generation_data,257,107,0.768,NA
259,36,count-odds,lexicase,FALSE,20,elitize_generation_data,258,112,0.756,NA
260,36,count-odds,lexicase,FALSE,20,elitize_generation_data,259,110,0.76,NA
261,36,count-odds,lexicase,FALSE,20,elitize_generation_data,260,116,0.775,NA
262,36,count-odds,lexicase,FALSE,20,elitize_generation_data,261,109,0.769,NA
263,36,count-odds,lexicase,FALSE,20,elitize_generation_data,262,122,0.771,NA
264,36,count-odds,lexicase,FALSE,20,elitize_generation_data,263,125,0.772,NA
265,36,count-odds,lexicase,FALSE,20,elitize_generation_data,264,119,0.773,NA
266,36,count-odds,lexicase,FALSE,20,elitize_generation_data,265,129,0.806,NA
267,36,count-odds,lexicase,FALSE,20,elitize_generation_data,266,122,0.774,NA
268,36,count-odds,lexicase,FALSE,20,elitize_generation_data,267,110,0.771,NA
269,36,count-odds,lexicase,FALSE,20,elitize_generation_data,268,118,0.785,NA
270,36,count-odds,lexicase,FALSE,20,elitize_generation_data,269,120,0.777,NA
271,36,count-odds,lexicase,FALSE,20,elitize_generation_data,270,111,0.773,NA
272,36,count-odds,lexicase,FALSE,20,elitize_generation_data,271,110,0.769,NA
273,36,count-odds,lexicase,FALSE,20,elitize_generation_data,272,117,0.779,NA
274,36,count-odds,lexicase,FALSE,20,elitize_generation_data,273,112,0.784,NA
275,36,count-odds,lexicase,FALSE,20,elitize_generation_data,274,117,0.778,NA
276,36,count-odds,lexicase,FALSE,20,elitize_generation_data,275,100,0.772,NA
277,36,count-odds,lexicase,FALSE,20,elitize_generation_data,276,104,0.792,NA
278,36,count-odds,lexicase,FALSE,20,elitize_generation_data,277,101,0.772,NA
279,36,count-odds,lexicase,FALSE,20,elitize_generation_data,278,117,0.77,NA
280,36,count-odds,lexicase,FALSE,20,elitize_generation_data,279,113,0.788,NA
281,36,count-odds,lexicase,FALSE,20,elitize_generation_data,280,122,0.774,NA
282,36,count-odds,lexicase,FALSE,20,elitize_generation_data,281,118,0.797,NA
283,36,count-odds,lexicase,FALSE,20,elitize_generation_data,282,114,0.797,NA
284,36,count-odds,lexicase,FALSE,20,elitize_generation_data,283,119,0.781,NA
285,36,count-odds,lexicase,FALSE,20,elitize_generation_data,284,122,0.798,NA
286,36,count-odds,lexicase,FALSE,20,elitize_generation_data,285,109,0.778,NA
287,36,count-odds,lexicase,FALSE,20,elitize_generation_data,286,115,0.756,NA
288,36,count-odds,lexicase,FALSE,20,elitize_generation_data,287,106,0.759,NA
289,36,count-odds,lexicase,FALSE,20,elitize_generation_data,288,102,0.782,NA
290,36,count-odds,lexicase,FALSE,20,elitize_generation_data,289,115,0.77,NA
291,36,count-odds,lexicase,FALSE,20,elitize_generation_data,290,118,0.79,NA
292,36,count-odds,lexicase,FALSE,20,elitize_generation_data,291,125,0.775,NA
293,36,count-odds,lexicase,FALSE,20,elitize_generation_data,292,119,0.76,NA
294,36,count-odds,lexicase,FALSE,20,elitize_generation_data,293,116,0.749,NA
295,36,count-odds,lexicase,FALSE,20,elitize_generation_data,294,114,0.764,NA
296,36,count-odds,lexicase,FALSE,20,elitize_generation_data,295,109,0.781,NA
297,36,count-odds,lexicase,FALSE,20,elitize_generation_data,296,108,0.763,NA
298,36,count-odds,lexicase,FALSE,20,elitize_generation_data,297,117,0.783,NA
299,36,count-odds,lexicase,FALSE,20,elitize_generation_data,298,128,0.754,NA
300,36,count-odds,lexicase,FALSE,20,elitize_generation_data,299,119,0.779,NA
301,36,count-odds,lexicase,FALSE,20,elitize_generation_data,300,114,0.775,NA
