,run.num,problem,treatment,succeeded,height,normalization.function,generation,cluster.count,error.diversity,success.generation
1,70,count-odds,lexicase,FALSE,20,elitize_generation_data,0,7,0.19,NA
2,70,count-odds,lexicase,FALSE,20,elitize_generation_data,1,7,0.206,NA
3,70,count-odds,lexicase,FALSE,20,elitize_generation_data,2,9,0.22,NA
4,70,count-odds,lexicase,FALSE,20,elitize_generation_data,3,12,0.29,NA
5,70,count-odds,lexicase,FALSE,20,elitize_generation_data,4,13,0.368,NA
6,70,count-odds,lexicase,FALSE,20,elitize_generation_data,5,16,0.461,NA
7,70,count-odds,lexicase,FALSE,20,elitize_generation_data,6,24,0.51,NA
8,70,count-odds,lexicase,FALSE,20,elitize_generation_data,7,31,0.65,NA
9,70,count-odds,lexicase,FALSE,20,elitize_generation_data,8,34,0.679,NA
10,70,count-odds,lexicase,FALSE,20,elitize_generation_data,9,40,0.686,NA
11,70,count-odds,lexicase,FALSE,20,elitize_generation_data,10,41,0.722,NA
12,70,count-odds,lexicase,FALSE,20,elitize_generation_data,11,43,0.717,NA
13,70,count-odds,lexicase,FALSE,20,elitize_generation_data,12,48,0.731,NA
14,70,count-odds,lexicase,FALSE,20,elitize_generation_data,13,43,0.712,NA
15,70,count-odds,lexicase,FALSE,20,elitize_generation_data,14,40,0.724,NA
16,70,count-odds,lexicase,FALSE,20,elitize_generation_data,15,48,0.737,NA
17,70,count-odds,lexicase,FALSE,20,elitize_generation_data,16,51,0.729,NA
18,70,count-odds,lexicase,FALSE,20,elitize_generation_data,17,42,0.712,NA
19,70,count-odds,lexicase,FALSE,20,elitize_generation_data,18,58,0.716,NA
20,70,count-odds,lexicase,FALSE,20,elitize_generation_data,19,52,0.739,NA
21,70,count-odds,lexicase,FALSE,20,elitize_generation_data,20,51,0.737,NA
22,70,count-odds,lexicase,FALSE,20,elitize_generation_data,21,51,0.748,NA
23,70,count-odds,lexicase,FALSE,20,elitize_generation_data,22,58,0.752,NA
24,70,count-odds,lexicase,FALSE,20,elitize_generation_data,23,54,0.73,NA
25,70,count-odds,lexicase,FALSE,20,elitize_generation_data,24,62,0.765,NA
26,70,count-odds,lexicase,FALSE,20,elitize_generation_data,25,70,0.759,NA
27,70,count-odds,lexicase,FALSE,20,elitize_generation_data,26,68,0.765,NA
28,70,count-odds,lexicase,FALSE,20,elitize_generation_data,27,73,0.779,NA
29,70,count-odds,lexicase,FALSE,20,elitize_generation_data,28,74,0.76,NA
30,70,count-odds,lexicase,FALSE,20,elitize_generation_data,29,78,0.806,NA
31,70,count-odds,lexicase,FALSE,20,elitize_generation_data,30,87,0.833,NA
32,70,count-odds,lexicase,FALSE,20,elitize_generation_data,31,84,0.831,NA
33,70,count-odds,lexicase,FALSE,20,elitize_generation_data,32,85,0.833,NA
34,70,count-odds,lexicase,FALSE,20,elitize_generation_data,33,84,0.843,NA
35,70,count-odds,lexicase,FALSE,20,elitize_generation_data,34,92,0.835,NA
36,70,count-odds,lexicase,FALSE,20,elitize_generation_data,35,75,0.83,NA
37,70,count-odds,lexicase,FALSE,20,elitize_generation_data,36,83,0.85,NA
38,70,count-odds,lexicase,FALSE,20,elitize_generation_data,37,94,0.841,NA
39,70,count-odds,lexicase,FALSE,20,elitize_generation_data,38,96,0.87,NA
40,70,count-odds,lexicase,FALSE,20,elitize_generation_data,39,90,0.862,NA
41,70,count-odds,lexicase,FALSE,20,elitize_generation_data,40,87,0.862,NA
42,70,count-odds,lexicase,FALSE,20,elitize_generation_data,41,93,0.854,NA
43,70,count-odds,lexicase,FALSE,20,elitize_generation_data,42,88,0.86,NA
44,70,count-odds,lexicase,FALSE,20,elitize_generation_data,43,87,0.869,NA
45,70,count-odds,lexicase,FALSE,20,elitize_generation_data,44,95,0.863,NA
46,70,count-odds,lexicase,FALSE,20,elitize_generation_data,45,107,0.888,NA
47,70,count-odds,lexicase,FALSE,20,elitize_generation_data,46,107,0.898,NA
48,70,count-odds,lexicase,FALSE,20,elitize_generation_data,47,108,0.874,NA
49,70,count-odds,lexicase,FALSE,20,elitize_generation_data,48,109,0.867,NA
50,70,count-odds,lexicase,FALSE,20,elitize_generation_data,49,101,0.875,NA
51,70,count-odds,lexicase,FALSE,20,elitize_generation_data,50,101,0.878,NA
52,70,count-odds,lexicase,FALSE,20,elitize_generation_data,51,103,0.886,NA
53,70,count-odds,lexicase,FALSE,20,elitize_generation_data,52,102,0.875,NA
54,70,count-odds,lexicase,FALSE,20,elitize_generation_data,53,102,0.877,NA
55,70,count-odds,lexicase,FALSE,20,elitize_generation_data,54,111,0.88,NA
56,70,count-odds,lexicase,FALSE,20,elitize_generation_data,55,110,0.864,NA
57,70,count-odds,lexicase,FALSE,20,elitize_generation_data,56,106,0.891,NA
58,70,count-odds,lexicase,FALSE,20,elitize_generation_data,57,108,0.866,NA
59,70,count-odds,lexicase,FALSE,20,elitize_generation_data,58,121,0.878,NA
60,70,count-odds,lexicase,FALSE,20,elitize_generation_data,59,130,0.854,NA
61,70,count-odds,lexicase,FALSE,20,elitize_generation_data,60,130,0.859,NA
62,70,count-odds,lexicase,FALSE,20,elitize_generation_data,61,134,0.856,NA
63,70,count-odds,lexicase,FALSE,20,elitize_generation_data,62,144,0.875,NA
64,70,count-odds,lexicase,FALSE,20,elitize_generation_data,63,125,0.881,NA
65,70,count-odds,lexicase,FALSE,20,elitize_generation_data,64,128,0.894,NA
66,70,count-odds,lexicase,FALSE,20,elitize_generation_data,65,121,0.886,NA
67,70,count-odds,lexicase,FALSE,20,elitize_generation_data,66,138,0.881,NA
68,70,count-odds,lexicase,FALSE,20,elitize_generation_data,67,137,0.863,NA
69,70,count-odds,lexicase,FALSE,20,elitize_generation_data,68,137,0.866,NA
70,70,count-odds,lexicase,FALSE,20,elitize_generation_data,69,125,0.874,NA
71,70,count-odds,lexicase,FALSE,20,elitize_generation_data,70,120,0.856,NA
72,70,count-odds,lexicase,FALSE,20,elitize_generation_data,71,132,0.864,NA
73,70,count-odds,lexicase,FALSE,20,elitize_generation_data,72,129,0.844,NA
74,70,count-odds,lexicase,FALSE,20,elitize_generation_data,73,124,0.853,NA
75,70,count-odds,lexicase,FALSE,20,elitize_generation_data,74,123,0.84,NA
76,70,count-odds,lexicase,FALSE,20,elitize_generation_data,75,117,0.843,NA
77,70,count-odds,lexicase,FALSE,20,elitize_generation_data,76,126,0.866,NA
78,70,count-odds,lexicase,FALSE,20,elitize_generation_data,77,139,0.87,NA
79,70,count-odds,lexicase,FALSE,20,elitize_generation_data,78,143,0.862,NA
80,70,count-odds,lexicase,FALSE,20,elitize_generation_data,79,134,0.861,NA
81,70,count-odds,lexicase,FALSE,20,elitize_generation_data,80,127,0.858,NA
82,70,count-odds,lexicase,FALSE,20,elitize_generation_data,81,144,0.893,NA
83,70,count-odds,lexicase,FALSE,20,elitize_generation_data,82,139,0.864,NA
84,70,count-odds,lexicase,FALSE,20,elitize_generation_data,83,152,0.869,NA
85,70,count-odds,lexicase,FALSE,20,elitize_generation_data,84,149,0.847,NA
86,70,count-odds,lexicase,FALSE,20,elitize_generation_data,85,151,0.85,NA
87,70,count-odds,lexicase,FALSE,20,elitize_generation_data,86,139,0.836,NA
88,70,count-odds,lexicase,FALSE,20,elitize_generation_data,87,143,0.862,NA
89,70,count-odds,lexicase,FALSE,20,elitize_generation_data,88,152,0.838,NA
90,70,count-odds,lexicase,FALSE,20,elitize_generation_data,89,140,0.854,NA
91,70,count-odds,lexicase,FALSE,20,elitize_generation_data,90,158,0.855,NA
92,70,count-odds,lexicase,FALSE,20,elitize_generation_data,91,151,0.847,NA
93,70,count-odds,lexicase,FALSE,20,elitize_generation_data,92,152,0.854,NA
94,70,count-odds,lexicase,FALSE,20,elitize_generation_data,93,138,0.858,NA
95,70,count-odds,lexicase,FALSE,20,elitize_generation_data,94,154,0.853,NA
96,70,count-odds,lexicase,FALSE,20,elitize_generation_data,95,150,0.844,NA
97,70,count-odds,lexicase,FALSE,20,elitize_generation_data,96,167,0.875,NA
98,70,count-odds,lexicase,FALSE,20,elitize_generation_data,97,163,0.868,NA
99,70,count-odds,lexicase,FALSE,20,elitize_generation_data,98,162,0.86,NA
100,70,count-odds,lexicase,FALSE,20,elitize_generation_data,99,167,0.853,NA
101,70,count-odds,lexicase,FALSE,20,elitize_generation_data,100,170,0.845,NA
102,70,count-odds,lexicase,FALSE,20,elitize_generation_data,101,161,0.853,NA
103,70,count-odds,lexicase,FALSE,20,elitize_generation_data,102,158,0.845,NA
104,70,count-odds,lexicase,FALSE,20,elitize_generation_data,103,171,0.838,NA
105,70,count-odds,lexicase,FALSE,20,elitize_generation_data,104,173,0.857,NA
106,70,count-odds,lexicase,FALSE,20,elitize_generation_data,105,176,0.823,NA
107,70,count-odds,lexicase,FALSE,20,elitize_generation_data,106,170,0.842,NA
108,70,count-odds,lexicase,FALSE,20,elitize_generation_data,107,159,0.841,NA
109,70,count-odds,lexicase,FALSE,20,elitize_generation_data,108,173,0.853,NA
110,70,count-odds,lexicase,FALSE,20,elitize_generation_data,109,174,0.832,NA
111,70,count-odds,lexicase,FALSE,20,elitize_generation_data,110,172,0.847,NA
112,70,count-odds,lexicase,FALSE,20,elitize_generation_data,111,179,0.867,NA
113,70,count-odds,lexicase,FALSE,20,elitize_generation_data,112,182,0.865,NA
114,70,count-odds,lexicase,FALSE,20,elitize_generation_data,113,169,0.858,NA
115,70,count-odds,lexicase,FALSE,20,elitize_generation_data,114,175,0.84,NA
116,70,count-odds,lexicase,FALSE,20,elitize_generation_data,115,169,0.834,NA
117,70,count-odds,lexicase,FALSE,20,elitize_generation_data,116,190,0.834,NA
118,70,count-odds,lexicase,FALSE,20,elitize_generation_data,117,190,0.845,NA
119,70,count-odds,lexicase,FALSE,20,elitize_generation_data,118,197,0.835,NA
120,70,count-odds,lexicase,FALSE,20,elitize_generation_data,119,204,0.859,NA
121,70,count-odds,lexicase,FALSE,20,elitize_generation_data,120,210,0.832,NA
122,70,count-odds,lexicase,FALSE,20,elitize_generation_data,121,211,0.843,NA
123,70,count-odds,lexicase,FALSE,20,elitize_generation_data,122,192,0.844,NA
124,70,count-odds,lexicase,FALSE,20,elitize_generation_data,123,182,0.856,NA
125,70,count-odds,lexicase,FALSE,20,elitize_generation_data,124,206,0.841,NA
126,70,count-odds,lexicase,FALSE,20,elitize_generation_data,125,184,0.822,NA
127,70,count-odds,lexicase,FALSE,20,elitize_generation_data,126,190,0.832,NA
128,70,count-odds,lexicase,FALSE,20,elitize_generation_data,127,181,0.83,NA
129,70,count-odds,lexicase,FALSE,20,elitize_generation_data,128,197,0.845,NA
130,70,count-odds,lexicase,FALSE,20,elitize_generation_data,129,203,0.853,NA
131,70,count-odds,lexicase,FALSE,20,elitize_generation_data,130,211,0.859,NA
132,70,count-odds,lexicase,FALSE,20,elitize_generation_data,131,212,0.845,NA
133,70,count-odds,lexicase,FALSE,20,elitize_generation_data,132,210,0.834,NA
134,70,count-odds,lexicase,FALSE,20,elitize_generation_data,133,210,0.834,NA
135,70,count-odds,lexicase,FALSE,20,elitize_generation_data,134,209,0.851,NA
136,70,count-odds,lexicase,FALSE,20,elitize_generation_data,135,213,0.853,NA
137,70,count-odds,lexicase,FALSE,20,elitize_generation_data,136,207,0.846,NA
138,70,count-odds,lexicase,FALSE,20,elitize_generation_data,137,200,0.825,NA
139,70,count-odds,lexicase,FALSE,20,elitize_generation_data,138,195,0.833,NA
140,70,count-odds,lexicase,FALSE,20,elitize_generation_data,139,226,0.847,NA
141,70,count-odds,lexicase,FALSE,20,elitize_generation_data,140,222,0.855,NA
142,70,count-odds,lexicase,FALSE,20,elitize_generation_data,141,224,0.867,NA
143,70,count-odds,lexicase,FALSE,20,elitize_generation_data,142,219,0.856,NA
144,70,count-odds,lexicase,FALSE,20,elitize_generation_data,143,233,0.866,NA
145,70,count-odds,lexicase,FALSE,20,elitize_generation_data,144,245,0.87,NA
146,70,count-odds,lexicase,FALSE,20,elitize_generation_data,145,229,0.847,NA
147,70,count-odds,lexicase,FALSE,20,elitize_generation_data,146,222,0.866,NA
148,70,count-odds,lexicase,FALSE,20,elitize_generation_data,147,215,0.844,NA
149,70,count-odds,lexicase,FALSE,20,elitize_generation_data,148,224,0.84,NA
150,70,count-odds,lexicase,FALSE,20,elitize_generation_data,149,210,0.844,NA
151,70,count-odds,lexicase,FALSE,20,elitize_generation_data,150,222,0.839,NA
152,70,count-odds,lexicase,FALSE,20,elitize_generation_data,151,225,0.853,NA
153,70,count-odds,lexicase,FALSE,20,elitize_generation_data,152,214,0.839,NA
154,70,count-odds,lexicase,FALSE,20,elitize_generation_data,153,209,0.844,NA
155,70,count-odds,lexicase,FALSE,20,elitize_generation_data,154,201,0.838,NA
156,70,count-odds,lexicase,FALSE,20,elitize_generation_data,155,190,0.845,NA
157,70,count-odds,lexicase,FALSE,20,elitize_generation_data,156,180,0.833,NA
158,70,count-odds,lexicase,FALSE,20,elitize_generation_data,157,187,0.833,NA
159,70,count-odds,lexicase,FALSE,20,elitize_generation_data,158,172,0.845,NA
160,70,count-odds,lexicase,FALSE,20,elitize_generation_data,159,175,0.841,NA
161,70,count-odds,lexicase,FALSE,20,elitize_generation_data,160,195,0.85,NA
162,70,count-odds,lexicase,FALSE,20,elitize_generation_data,161,200,0.852,NA
163,70,count-odds,lexicase,FALSE,20,elitize_generation_data,162,205,0.874,NA
164,70,count-odds,lexicase,FALSE,20,elitize_generation_data,163,193,0.84,NA
165,70,count-odds,lexicase,FALSE,20,elitize_generation_data,164,204,0.853,NA
166,70,count-odds,lexicase,FALSE,20,elitize_generation_data,165,195,0.838,NA
167,70,count-odds,lexicase,FALSE,20,elitize_generation_data,166,199,0.857,NA
168,70,count-odds,lexicase,FALSE,20,elitize_generation_data,167,204,0.863,NA
169,70,count-odds,lexicase,FALSE,20,elitize_generation_data,168,177,0.845,NA
170,70,count-odds,lexicase,FALSE,20,elitize_generation_data,169,192,0.882,NA
171,70,count-odds,lexicase,FALSE,20,elitize_generation_data,170,179,0.861,NA
172,70,count-odds,lexicase,FALSE,20,elitize_generation_data,171,193,0.865,NA
173,70,count-odds,lexicase,FALSE,20,elitize_generation_data,172,186,0.88,NA
174,70,count-odds,lexicase,FALSE,20,elitize_generation_data,173,186,0.883,NA
175,70,count-odds,lexicase,FALSE,20,elitize_generation_data,174,207,0.855,NA
176,70,count-odds,lexicase,FALSE,20,elitize_generation_data,175,212,0.879,NA
177,70,count-odds,lexicase,FALSE,20,elitize_generation_data,176,201,0.848,NA
178,70,count-odds,lexicase,FALSE,20,elitize_generation_data,177,218,0.865,NA
179,70,count-odds,lexicase,FALSE,20,elitize_generation_data,178,200,0.848,NA
180,70,count-odds,lexicase,FALSE,20,elitize_generation_data,179,206,0.862,NA
181,70,count-odds,lexicase,FALSE,20,elitize_generation_data,180,218,0.873,NA
182,70,count-odds,lexicase,FALSE,20,elitize_generation_data,181,208,0.848,NA
183,70,count-odds,lexicase,FALSE,20,elitize_generation_data,182,193,0.844,NA
184,70,count-odds,lexicase,FALSE,20,elitize_generation_data,183,204,0.865,NA
185,70,count-odds,lexicase,FALSE,20,elitize_generation_data,184,193,0.873,NA
186,70,count-odds,lexicase,FALSE,20,elitize_generation_data,185,201,0.843,NA
187,70,count-odds,lexicase,FALSE,20,elitize_generation_data,186,200,0.847,NA
188,70,count-odds,lexicase,FALSE,20,elitize_generation_data,187,205,0.863,NA
189,70,count-odds,lexicase,FALSE,20,elitize_generation_data,188,210,0.854,NA
190,70,count-odds,lexicase,FALSE,20,elitize_generation_data,189,201,0.841,NA
191,70,count-odds,lexicase,FALSE,20,elitize_generation_data,190,199,0.839,NA
192,70,count-odds,lexicase,FALSE,20,elitize_generation_data,191,197,0.867,NA
193,70,count-odds,lexicase,FALSE,20,elitize_generation_data,192,185,0.873,NA
194,70,count-odds,lexicase,FALSE,20,elitize_generation_data,193,192,0.84,NA
195,70,count-odds,lexicase,FALSE,20,elitize_generation_data,194,197,0.85,NA
196,70,count-odds,lexicase,FALSE,20,elitize_generation_data,195,191,0.84,NA
197,70,count-odds,lexicase,FALSE,20,elitize_generation_data,196,204,0.857,NA
198,70,count-odds,lexicase,FALSE,20,elitize_generation_data,197,192,0.841,NA
199,70,count-odds,lexicase,FALSE,20,elitize_generation_data,198,191,0.858,NA
200,70,count-odds,lexicase,FALSE,20,elitize_generation_data,199,180,0.874,NA
201,70,count-odds,lexicase,FALSE,20,elitize_generation_data,200,180,0.855,NA
202,70,count-odds,lexicase,FALSE,20,elitize_generation_data,201,175,0.849,NA
203,70,count-odds,lexicase,FALSE,20,elitize_generation_data,202,180,0.852,NA
204,70,count-odds,lexicase,FALSE,20,elitize_generation_data,203,192,0.863,NA
205,70,count-odds,lexicase,FALSE,20,elitize_generation_data,204,191,0.877,NA
206,70,count-odds,lexicase,FALSE,20,elitize_generation_data,205,174,0.871,NA
207,70,count-odds,lexicase,FALSE,20,elitize_generation_data,206,168,0.828,NA
208,70,count-odds,lexicase,FALSE,20,elitize_generation_data,207,189,0.833,NA
209,70,count-odds,lexicase,FALSE,20,elitize_generation_data,208,197,0.864,NA
210,70,count-odds,lexicase,FALSE,20,elitize_generation_data,209,196,0.846,NA
211,70,count-odds,lexicase,FALSE,20,elitize_generation_data,210,191,0.858,NA
212,70,count-odds,lexicase,FALSE,20,elitize_generation_data,211,187,0.86,NA
213,70,count-odds,lexicase,FALSE,20,elitize_generation_data,212,171,0.836,NA
214,70,count-odds,lexicase,FALSE,20,elitize_generation_data,213,180,0.813,NA
215,70,count-odds,lexicase,FALSE,20,elitize_generation_data,214,170,0.857,NA
216,70,count-odds,lexicase,FALSE,20,elitize_generation_data,215,179,0.863,NA
217,70,count-odds,lexicase,FALSE,20,elitize_generation_data,216,180,0.85,NA
218,70,count-odds,lexicase,FALSE,20,elitize_generation_data,217,168,0.857,NA
219,70,count-odds,lexicase,FALSE,20,elitize_generation_data,218,186,0.85,NA
220,70,count-odds,lexicase,FALSE,20,elitize_generation_data,219,180,0.871,NA
221,70,count-odds,lexicase,FALSE,20,elitize_generation_data,220,162,0.869,NA
222,70,count-odds,lexicase,FALSE,20,elitize_generation_data,221,165,0.872,NA
223,70,count-odds,lexicase,FALSE,20,elitize_generation_data,222,173,0.869,NA
224,70,count-odds,lexicase,FALSE,20,elitize_generation_data,223,164,0.887,NA
225,70,count-odds,lexicase,FALSE,20,elitize_generation_data,224,160,0.884,NA
226,70,count-odds,lexicase,FALSE,20,elitize_generation_data,225,160,0.886,NA
227,70,count-odds,lexicase,FALSE,20,elitize_generation_data,226,156,0.87,NA
228,70,count-odds,lexicase,FALSE,20,elitize_generation_data,227,157,0.868,NA
229,70,count-odds,lexicase,FALSE,20,elitize_generation_data,228,166,0.875,NA
230,70,count-odds,lexicase,FALSE,20,elitize_generation_data,229,164,0.857,NA
231,70,count-odds,lexicase,FALSE,20,elitize_generation_data,230,166,0.873,NA
232,70,count-odds,lexicase,FALSE,20,elitize_generation_data,231,178,0.867,NA
233,70,count-odds,lexicase,FALSE,20,elitize_generation_data,232,166,0.855,NA
234,70,count-odds,lexicase,FALSE,20,elitize_generation_data,233,159,0.878,NA
235,70,count-odds,lexicase,FALSE,20,elitize_generation_data,234,157,0.873,NA
236,70,count-odds,lexicase,FALSE,20,elitize_generation_data,235,168,0.858,NA
237,70,count-odds,lexicase,FALSE,20,elitize_generation_data,236,171,0.883,NA
238,70,count-odds,lexicase,FALSE,20,elitize_generation_data,237,164,0.857,NA
239,70,count-odds,lexicase,FALSE,20,elitize_generation_data,238,163,0.85,NA
240,70,count-odds,lexicase,FALSE,20,elitize_generation_data,239,158,0.854,NA
241,70,count-odds,lexicase,FALSE,20,elitize_generation_data,240,164,0.856,NA
242,70,count-odds,lexicase,FALSE,20,elitize_generation_data,241,170,0.856,NA
243,70,count-odds,lexicase,FALSE,20,elitize_generation_data,242,165,0.865,NA
244,70,count-odds,lexicase,FALSE,20,elitize_generation_data,243,170,0.862,NA
245,70,count-odds,lexicase,FALSE,20,elitize_generation_data,244,172,0.875,NA
246,70,count-odds,lexicase,FALSE,20,elitize_generation_data,245,176,0.852,NA
247,70,count-odds,lexicase,FALSE,20,elitize_generation_data,246,176,0.881,NA
248,70,count-odds,lexicase,FALSE,20,elitize_generation_data,247,174,0.862,NA
249,70,count-odds,lexicase,FALSE,20,elitize_generation_data,248,180,0.866,NA
250,70,count-odds,lexicase,FALSE,20,elitize_generation_data,249,172,0.871,NA
251,70,count-odds,lexicase,FALSE,20,elitize_generation_data,250,196,0.89,NA
252,70,count-odds,lexicase,FALSE,20,elitize_generation_data,251,185,0.885,NA
253,70,count-odds,lexicase,FALSE,20,elitize_generation_data,252,190,0.88,NA
254,70,count-odds,lexicase,FALSE,20,elitize_generation_data,253,192,0.88,NA
255,70,count-odds,lexicase,FALSE,20,elitize_generation_data,254,186,0.911,NA
256,70,count-odds,lexicase,FALSE,20,elitize_generation_data,255,185,0.887,NA
257,70,count-odds,lexicase,FALSE,20,elitize_generation_data,256,181,0.886,NA
258,70,count-odds,lexicase,FALSE,20,elitize_generation_data,257,177,0.89,NA
259,70,count-odds,lexicase,FALSE,20,elitize_generation_data,258,185,0.888,NA
260,70,count-odds,lexicase,FALSE,20,elitize_generation_data,259,191,0.897,NA
261,70,count-odds,lexicase,FALSE,20,elitize_generation_data,260,180,0.89,NA
262,70,count-odds,lexicase,FALSE,20,elitize_generation_data,261,177,0.89,NA
263,70,count-odds,lexicase,FALSE,20,elitize_generation_data,262,183,0.898,NA
264,70,count-odds,lexicase,FALSE,20,elitize_generation_data,263,178,0.882,NA
265,70,count-odds,lexicase,FALSE,20,elitize_generation_data,264,178,0.894,NA
266,70,count-odds,lexicase,FALSE,20,elitize_generation_data,265,185,0.887,NA
267,70,count-odds,lexicase,FALSE,20,elitize_generation_data,266,173,0.876,NA
268,70,count-odds,lexicase,FALSE,20,elitize_generation_data,267,171,0.886,NA
269,70,count-odds,lexicase,FALSE,20,elitize_generation_data,268,182,0.877,NA
270,70,count-odds,lexicase,FALSE,20,elitize_generation_data,269,175,0.869,NA
271,70,count-odds,lexicase,FALSE,20,elitize_generation_data,270,167,0.884,NA
272,70,count-odds,lexicase,FALSE,20,elitize_generation_data,271,165,0.894,NA
273,70,count-odds,lexicase,FALSE,20,elitize_generation_data,272,156,0.887,NA
274,70,count-odds,lexicase,FALSE,20,elitize_generation_data,273,156,0.888,NA
275,70,count-odds,lexicase,FALSE,20,elitize_generation_data,274,158,0.871,NA
276,70,count-odds,lexicase,FALSE,20,elitize_generation_data,275,160,0.888,NA
277,70,count-odds,lexicase,FALSE,20,elitize_generation_data,276,169,0.889,NA
278,70,count-odds,lexicase,FALSE,20,elitize_generation_data,277,167,0.894,NA
279,70,count-odds,lexicase,FALSE,20,elitize_generation_data,278,168,0.881,NA
280,70,count-odds,lexicase,FALSE,20,elitize_generation_data,279,174,0.886,NA
281,70,count-odds,lexicase,FALSE,20,elitize_generation_data,280,168,0.868,NA
282,70,count-odds,lexicase,FALSE,20,elitize_generation_data,281,153,0.888,NA
283,70,count-odds,lexicase,FALSE,20,elitize_generation_data,282,170,0.878,NA
284,70,count-odds,lexicase,FALSE,20,elitize_generation_data,283,179,0.872,NA
285,70,count-odds,lexicase,FALSE,20,elitize_generation_data,284,160,0.855,NA
286,70,count-odds,lexicase,FALSE,20,elitize_generation_data,285,171,0.876,NA
287,70,count-odds,lexicase,FALSE,20,elitize_generation_data,286,181,0.868,NA
288,70,count-odds,lexicase,FALSE,20,elitize_generation_data,287,163,0.873,NA
289,70,count-odds,lexicase,FALSE,20,elitize_generation_data,288,157,0.879,NA
290,70,count-odds,lexicase,FALSE,20,elitize_generation_data,289,162,0.886,NA
291,70,count-odds,lexicase,FALSE,20,elitize_generation_data,290,161,0.879,NA
292,70,count-odds,lexicase,FALSE,20,elitize_generation_data,291,185,0.881,NA
293,70,count-odds,lexicase,FALSE,20,elitize_generation_data,292,186,0.877,NA
294,70,count-odds,lexicase,FALSE,20,elitize_generation_data,293,170,0.875,NA
295,70,count-odds,lexicase,FALSE,20,elitize_generation_data,294,184,0.875,NA
296,70,count-odds,lexicase,FALSE,20,elitize_generation_data,295,173,0.861,NA
297,70,count-odds,lexicase,FALSE,20,elitize_generation_data,296,160,0.864,NA
298,70,count-odds,lexicase,FALSE,20,elitize_generation_data,297,193,0.865,NA
299,70,count-odds,lexicase,FALSE,20,elitize_generation_data,298,173,0.849,NA
300,70,count-odds,lexicase,FALSE,20,elitize_generation_data,299,170,0.871,NA
301,70,count-odds,lexicase,FALSE,20,elitize_generation_data,300,172,0.863,NA
