,run.num,problem,treatment,succeeded,height,normalization.function,generation,cluster.count,error.diversity,success.generation
1,76,count-odds,lexicase,FALSE,20,elitize_generation_data,0,4,0.181,NA
2,76,count-odds,lexicase,FALSE,20,elitize_generation_data,1,8,0.211,NA
3,76,count-odds,lexicase,FALSE,20,elitize_generation_data,2,11,0.266,NA
4,76,count-odds,lexicase,FALSE,20,elitize_generation_data,3,16,0.392,NA
5,76,count-odds,lexicase,FALSE,20,elitize_generation_data,4,18,0.499,NA
6,76,count-odds,lexicase,FALSE,20,elitize_generation_data,5,21,0.572,NA
7,76,count-odds,lexicase,FALSE,20,elitize_generation_data,6,24,0.618,NA
8,76,count-odds,lexicase,FALSE,20,elitize_generation_data,7,32,0.652,NA
9,76,count-odds,lexicase,FALSE,20,elitize_generation_data,8,40,0.698,NA
10,76,count-odds,lexicase,FALSE,20,elitize_generation_data,9,43,0.748,NA
11,76,count-odds,lexicase,FALSE,20,elitize_generation_data,10,41,0.79,NA
12,76,count-odds,lexicase,FALSE,20,elitize_generation_data,11,50,0.819,NA
13,76,count-odds,lexicase,FALSE,20,elitize_generation_data,12,54,0.816,NA
14,76,count-odds,lexicase,FALSE,20,elitize_generation_data,13,59,0.824,NA
15,76,count-odds,lexicase,FALSE,20,elitize_generation_data,14,62,0.862,NA
16,76,count-odds,lexicase,FALSE,20,elitize_generation_data,15,53,0.852,NA
17,76,count-odds,lexicase,FALSE,20,elitize_generation_data,16,65,0.853,NA
18,76,count-odds,lexicase,FALSE,20,elitize_generation_data,17,57,0.85,NA
19,76,count-odds,lexicase,FALSE,20,elitize_generation_data,18,54,0.86,NA
20,76,count-odds,lexicase,FALSE,20,elitize_generation_data,19,53,0.852,NA
21,76,count-odds,lexicase,FALSE,20,elitize_generation_data,20,64,0.878,NA
22,76,count-odds,lexicase,FALSE,20,elitize_generation_data,21,56,0.897,NA
23,76,count-odds,lexicase,FALSE,20,elitize_generation_data,22,65,0.883,NA
24,76,count-odds,lexicase,FALSE,20,elitize_generation_data,23,61,0.891,NA
25,76,count-odds,lexicase,FALSE,20,elitize_generation_data,24,66,0.895,NA
26,76,count-odds,lexicase,FALSE,20,elitize_generation_data,25,59,0.855,NA
27,76,count-odds,lexicase,FALSE,20,elitize_generation_data,26,60,0.877,NA
28,76,count-odds,lexicase,FALSE,20,elitize_generation_data,27,69,0.892,NA
29,76,count-odds,lexicase,FALSE,20,elitize_generation_data,28,68,0.873,NA
30,76,count-odds,lexicase,FALSE,20,elitize_generation_data,29,68,0.874,NA
31,76,count-odds,lexicase,FALSE,20,elitize_generation_data,30,72,0.876,NA
32,76,count-odds,lexicase,FALSE,20,elitize_generation_data,31,71,0.868,NA
33,76,count-odds,lexicase,FALSE,20,elitize_generation_data,32,74,0.882,NA
34,76,count-odds,lexicase,FALSE,20,elitize_generation_data,33,71,0.871,NA
35,76,count-odds,lexicase,FALSE,20,elitize_generation_data,34,65,0.888,NA
36,76,count-odds,lexicase,FALSE,20,elitize_generation_data,35,75,0.861,NA
37,76,count-odds,lexicase,FALSE,20,elitize_generation_data,36,69,0.862,NA
38,76,count-odds,lexicase,FALSE,20,elitize_generation_data,37,73,0.862,NA
39,76,count-odds,lexicase,FALSE,20,elitize_generation_data,38,75,0.847,NA
40,76,count-odds,lexicase,FALSE,20,elitize_generation_data,39,77,0.855,NA
41,76,count-odds,lexicase,FALSE,20,elitize_generation_data,40,79,0.88,NA
42,76,count-odds,lexicase,FALSE,20,elitize_generation_data,41,74,0.847,NA
43,76,count-odds,lexicase,FALSE,20,elitize_generation_data,42,81,0.836,NA
44,76,count-odds,lexicase,FALSE,20,elitize_generation_data,43,75,0.855,NA
45,76,count-odds,lexicase,FALSE,20,elitize_generation_data,44,82,0.848,NA
46,76,count-odds,lexicase,FALSE,20,elitize_generation_data,45,82,0.839,NA
47,76,count-odds,lexicase,FALSE,20,elitize_generation_data,46,64,0.834,NA
48,76,count-odds,lexicase,FALSE,20,elitize_generation_data,47,76,0.846,NA
49,76,count-odds,lexicase,FALSE,20,elitize_generation_data,48,80,0.832,NA
50,76,count-odds,lexicase,FALSE,20,elitize_generation_data,49,72,0.84,NA
51,76,count-odds,lexicase,FALSE,20,elitize_generation_data,50,71,0.865,NA
52,76,count-odds,lexicase,FALSE,20,elitize_generation_data,51,81,0.85,NA
53,76,count-odds,lexicase,FALSE,20,elitize_generation_data,52,68,0.854,NA
54,76,count-odds,lexicase,FALSE,20,elitize_generation_data,53,77,0.843,NA
55,76,count-odds,lexicase,FALSE,20,elitize_generation_data,54,78,0.845,NA
56,76,count-odds,lexicase,FALSE,20,elitize_generation_data,55,90,0.853,NA
57,76,count-odds,lexicase,FALSE,20,elitize_generation_data,56,91,0.839,NA
58,76,count-odds,lexicase,FALSE,20,elitize_generation_data,57,103,0.835,NA
59,76,count-odds,lexicase,FALSE,20,elitize_generation_data,58,105,0.859,NA
60,76,count-odds,lexicase,FALSE,20,elitize_generation_data,59,111,0.863,NA
61,76,count-odds,lexicase,FALSE,20,elitize_generation_data,60,110,0.863,NA
62,76,count-odds,lexicase,FALSE,20,elitize_generation_data,61,98,0.846,NA
63,76,count-odds,lexicase,FALSE,20,elitize_generation_data,62,107,0.864,NA
64,76,count-odds,lexicase,FALSE,20,elitize_generation_data,63,101,0.859,NA
65,76,count-odds,lexicase,FALSE,20,elitize_generation_data,64,104,0.852,NA
66,76,count-odds,lexicase,FALSE,20,elitize_generation_data,65,105,0.862,NA
67,76,count-odds,lexicase,FALSE,20,elitize_generation_data,66,100,0.856,NA
68,76,count-odds,lexicase,FALSE,20,elitize_generation_data,67,102,0.871,NA
69,76,count-odds,lexicase,FALSE,20,elitize_generation_data,68,104,0.856,NA
70,76,count-odds,lexicase,FALSE,20,elitize_generation_data,69,104,0.85,NA
71,76,count-odds,lexicase,FALSE,20,elitize_generation_data,70,118,0.854,NA
72,76,count-odds,lexicase,FALSE,20,elitize_generation_data,71,98,0.858,NA
73,76,count-odds,lexicase,FALSE,20,elitize_generation_data,72,121,0.858,NA
74,76,count-odds,lexicase,FALSE,20,elitize_generation_data,73,110,0.86,NA
75,76,count-odds,lexicase,FALSE,20,elitize_generation_data,74,103,0.847,NA
76,76,count-odds,lexicase,FALSE,20,elitize_generation_data,75,98,0.848,NA
77,76,count-odds,lexicase,FALSE,20,elitize_generation_data,76,113,0.835,NA
78,76,count-odds,lexicase,FALSE,20,elitize_generation_data,77,123,0.865,NA
79,76,count-odds,lexicase,FALSE,20,elitize_generation_data,78,130,0.868,NA
80,76,count-odds,lexicase,FALSE,20,elitize_generation_data,79,117,0.835,NA
81,76,count-odds,lexicase,FALSE,20,elitize_generation_data,80,118,0.849,NA
82,76,count-odds,lexicase,FALSE,20,elitize_generation_data,81,126,0.869,NA
83,76,count-odds,lexicase,FALSE,20,elitize_generation_data,82,124,0.864,NA
84,76,count-odds,lexicase,FALSE,20,elitize_generation_data,83,130,0.862,NA
85,76,count-odds,lexicase,FALSE,20,elitize_generation_data,84,131,0.843,NA
86,76,count-odds,lexicase,FALSE,20,elitize_generation_data,85,144,0.852,NA
87,76,count-odds,lexicase,FALSE,20,elitize_generation_data,86,130,0.861,NA
88,76,count-odds,lexicase,FALSE,20,elitize_generation_data,87,128,0.875,NA
89,76,count-odds,lexicase,FALSE,20,elitize_generation_data,88,140,0.854,NA
90,76,count-odds,lexicase,FALSE,20,elitize_generation_data,89,143,0.862,NA
91,76,count-odds,lexicase,FALSE,20,elitize_generation_data,90,138,0.843,NA
92,76,count-odds,lexicase,FALSE,20,elitize_generation_data,91,137,0.868,NA
93,76,count-odds,lexicase,FALSE,20,elitize_generation_data,92,144,0.85,NA
94,76,count-odds,lexicase,FALSE,20,elitize_generation_data,93,139,0.857,NA
95,76,count-odds,lexicase,FALSE,20,elitize_generation_data,94,139,0.858,NA
96,76,count-odds,lexicase,FALSE,20,elitize_generation_data,95,141,0.84,NA
97,76,count-odds,lexicase,FALSE,20,elitize_generation_data,96,153,0.865,NA
98,76,count-odds,lexicase,FALSE,20,elitize_generation_data,97,139,0.85,NA
99,76,count-odds,lexicase,FALSE,20,elitize_generation_data,98,147,0.856,NA
100,76,count-odds,lexicase,FALSE,20,elitize_generation_data,99,143,0.859,NA
101,76,count-odds,lexicase,FALSE,20,elitize_generation_data,100,171,0.869,NA
102,76,count-odds,lexicase,FALSE,20,elitize_generation_data,101,152,0.849,NA
103,76,count-odds,lexicase,FALSE,20,elitize_generation_data,102,149,0.851,NA
104,76,count-odds,lexicase,FALSE,20,elitize_generation_data,103,162,0.852,NA
105,76,count-odds,lexicase,FALSE,20,elitize_generation_data,104,144,0.851,NA
106,76,count-odds,lexicase,FALSE,20,elitize_generation_data,105,156,0.871,NA
107,76,count-odds,lexicase,FALSE,20,elitize_generation_data,106,154,0.84,NA
108,76,count-odds,lexicase,FALSE,20,elitize_generation_data,107,164,0.827,NA
109,76,count-odds,lexicase,FALSE,20,elitize_generation_data,108,148,0.84,NA
110,76,count-odds,lexicase,FALSE,20,elitize_generation_data,109,167,0.85,NA
111,76,count-odds,lexicase,FALSE,20,elitize_generation_data,110,160,0.834,NA
112,76,count-odds,lexicase,FALSE,20,elitize_generation_data,111,149,0.861,NA
113,76,count-odds,lexicase,FALSE,20,elitize_generation_data,112,154,0.841,NA
114,76,count-odds,lexicase,FALSE,20,elitize_generation_data,113,160,0.851,NA
115,76,count-odds,lexicase,FALSE,20,elitize_generation_data,114,157,0.84,NA
116,76,count-odds,lexicase,FALSE,20,elitize_generation_data,115,150,0.844,NA
117,76,count-odds,lexicase,FALSE,20,elitize_generation_data,116,161,0.849,NA
118,76,count-odds,lexicase,FALSE,20,elitize_generation_data,117,168,0.828,NA
119,76,count-odds,lexicase,FALSE,20,elitize_generation_data,118,164,0.82,NA
120,76,count-odds,lexicase,FALSE,20,elitize_generation_data,119,165,0.859,NA
121,76,count-odds,lexicase,FALSE,20,elitize_generation_data,120,164,0.828,NA
122,76,count-odds,lexicase,FALSE,20,elitize_generation_data,121,168,0.847,NA
123,76,count-odds,lexicase,FALSE,20,elitize_generation_data,122,169,0.872,NA
124,76,count-odds,lexicase,FALSE,20,elitize_generation_data,123,159,0.863,NA
125,76,count-odds,lexicase,FALSE,20,elitize_generation_data,124,167,0.842,NA
126,76,count-odds,lexicase,FALSE,20,elitize_generation_data,125,163,0.816,NA
127,76,count-odds,lexicase,FALSE,20,elitize_generation_data,126,187,0.84,NA
128,76,count-odds,lexicase,FALSE,20,elitize_generation_data,127,157,0.835,NA
129,76,count-odds,lexicase,FALSE,20,elitize_generation_data,128,171,0.874,NA
130,76,count-odds,lexicase,FALSE,20,elitize_generation_data,129,166,0.826,NA
131,76,count-odds,lexicase,FALSE,20,elitize_generation_data,130,146,0.836,NA
132,76,count-odds,lexicase,FALSE,20,elitize_generation_data,131,156,0.834,NA
133,76,count-odds,lexicase,FALSE,20,elitize_generation_data,132,173,0.846,NA
134,76,count-odds,lexicase,FALSE,20,elitize_generation_data,133,175,0.828,NA
135,76,count-odds,lexicase,FALSE,20,elitize_generation_data,134,165,0.833,NA
136,76,count-odds,lexicase,FALSE,20,elitize_generation_data,135,159,0.83,NA
137,76,count-odds,lexicase,FALSE,20,elitize_generation_data,136,163,0.858,NA
138,76,count-odds,lexicase,FALSE,20,elitize_generation_data,137,157,0.831,NA
139,76,count-odds,lexicase,FALSE,20,elitize_generation_data,138,160,0.843,NA
140,76,count-odds,lexicase,FALSE,20,elitize_generation_data,139,169,0.833,NA
141,76,count-odds,lexicase,FALSE,20,elitize_generation_data,140,177,0.837,NA
142,76,count-odds,lexicase,FALSE,20,elitize_generation_data,141,178,0.84,NA
143,76,count-odds,lexicase,FALSE,20,elitize_generation_data,142,187,0.833,NA
144,76,count-odds,lexicase,FALSE,20,elitize_generation_data,143,175,0.837,NA
145,76,count-odds,lexicase,FALSE,20,elitize_generation_data,144,175,0.83,NA
146,76,count-odds,lexicase,FALSE,20,elitize_generation_data,145,168,0.833,NA
147,76,count-odds,lexicase,FALSE,20,elitize_generation_data,146,173,0.827,NA
148,76,count-odds,lexicase,FALSE,20,elitize_generation_data,147,175,0.816,NA
149,76,count-odds,lexicase,FALSE,20,elitize_generation_data,148,171,0.815,NA
150,76,count-odds,lexicase,FALSE,20,elitize_generation_data,149,178,0.854,NA
151,76,count-odds,lexicase,FALSE,20,elitize_generation_data,150,175,0.83,NA
152,76,count-odds,lexicase,FALSE,20,elitize_generation_data,151,187,0.863,NA
153,76,count-odds,lexicase,FALSE,20,elitize_generation_data,152,184,0.841,NA
154,76,count-odds,lexicase,FALSE,20,elitize_generation_data,153,200,0.827,NA
155,76,count-odds,lexicase,FALSE,20,elitize_generation_data,154,191,0.852,NA
156,76,count-odds,lexicase,FALSE,20,elitize_generation_data,155,195,0.852,NA
157,76,count-odds,lexicase,FALSE,20,elitize_generation_data,156,187,0.842,NA
158,76,count-odds,lexicase,FALSE,20,elitize_generation_data,157,179,0.839,NA
159,76,count-odds,lexicase,FALSE,20,elitize_generation_data,158,182,0.853,NA
160,76,count-odds,lexicase,FALSE,20,elitize_generation_data,159,181,0.824,NA
161,76,count-odds,lexicase,FALSE,20,elitize_generation_data,160,200,0.829,NA
162,76,count-odds,lexicase,FALSE,20,elitize_generation_data,161,198,0.857,NA
163,76,count-odds,lexicase,FALSE,20,elitize_generation_data,162,210,0.841,NA
164,76,count-odds,lexicase,FALSE,20,elitize_generation_data,163,191,0.824,NA
165,76,count-odds,lexicase,FALSE,20,elitize_generation_data,164,203,0.824,NA
166,76,count-odds,lexicase,FALSE,20,elitize_generation_data,165,205,0.84,NA
167,76,count-odds,lexicase,FALSE,20,elitize_generation_data,166,201,0.832,NA
168,76,count-odds,lexicase,FALSE,20,elitize_generation_data,167,195,0.836,NA
169,76,count-odds,lexicase,FALSE,20,elitize_generation_data,168,185,0.829,NA
170,76,count-odds,lexicase,FALSE,20,elitize_generation_data,169,184,0.82,NA
171,76,count-odds,lexicase,FALSE,20,elitize_generation_data,170,171,0.827,NA
172,76,count-odds,lexicase,FALSE,20,elitize_generation_data,171,170,0.833,NA
173,76,count-odds,lexicase,FALSE,20,elitize_generation_data,172,166,0.819,NA
174,76,count-odds,lexicase,FALSE,20,elitize_generation_data,173,182,0.851,NA
175,76,count-odds,lexicase,FALSE,20,elitize_generation_data,174,184,0.821,NA
176,76,count-odds,lexicase,FALSE,20,elitize_generation_data,175,174,0.804,NA
177,76,count-odds,lexicase,FALSE,20,elitize_generation_data,176,174,0.807,NA
178,76,count-odds,lexicase,FALSE,20,elitize_generation_data,177,175,0.825,NA
179,76,count-odds,lexicase,FALSE,20,elitize_generation_data,178,172,0.805,NA
180,76,count-odds,lexicase,FALSE,20,elitize_generation_data,179,189,0.828,NA
181,76,count-odds,lexicase,FALSE,20,elitize_generation_data,180,185,0.797,NA
182,76,count-odds,lexicase,FALSE,20,elitize_generation_data,181,198,0.831,NA
183,76,count-odds,lexicase,FALSE,20,elitize_generation_data,182,178,0.823,NA
184,76,count-odds,lexicase,FALSE,20,elitize_generation_data,183,185,0.821,NA
185,76,count-odds,lexicase,FALSE,20,elitize_generation_data,184,188,0.809,NA
186,76,count-odds,lexicase,FALSE,20,elitize_generation_data,185,182,0.807,NA
187,76,count-odds,lexicase,FALSE,20,elitize_generation_data,186,177,0.812,NA
188,76,count-odds,lexicase,FALSE,20,elitize_generation_data,187,185,0.805,NA
189,76,count-odds,lexicase,FALSE,20,elitize_generation_data,188,183,0.833,NA
190,76,count-odds,lexicase,FALSE,20,elitize_generation_data,189,188,0.802,NA
191,76,count-odds,lexicase,FALSE,20,elitize_generation_data,190,202,0.795,NA
192,76,count-odds,lexicase,FALSE,20,elitize_generation_data,191,214,0.804,NA
193,76,count-odds,lexicase,FALSE,20,elitize_generation_data,192,213,0.812,NA
194,76,count-odds,lexicase,FALSE,20,elitize_generation_data,193,202,0.796,NA
195,76,count-odds,lexicase,FALSE,20,elitize_generation_data,194,182,0.793,NA
196,76,count-odds,lexicase,FALSE,20,elitize_generation_data,195,186,0.796,NA
197,76,count-odds,lexicase,FALSE,20,elitize_generation_data,196,183,0.8,NA
198,76,count-odds,lexicase,FALSE,20,elitize_generation_data,197,208,0.804,NA
199,76,count-odds,lexicase,FALSE,20,elitize_generation_data,198,198,0.816,NA
200,76,count-odds,lexicase,FALSE,20,elitize_generation_data,199,204,0.781,NA
201,76,count-odds,lexicase,FALSE,20,elitize_generation_data,200,193,0.779,NA
202,76,count-odds,lexicase,FALSE,20,elitize_generation_data,201,198,0.786,NA
203,76,count-odds,lexicase,FALSE,20,elitize_generation_data,202,172,0.777,NA
204,76,count-odds,lexicase,FALSE,20,elitize_generation_data,203,176,0.804,NA
205,76,count-odds,lexicase,FALSE,20,elitize_generation_data,204,174,0.785,NA
206,76,count-odds,lexicase,FALSE,20,elitize_generation_data,205,165,0.82,NA
207,76,count-odds,lexicase,FALSE,20,elitize_generation_data,206,168,0.781,NA
208,76,count-odds,lexicase,FALSE,20,elitize_generation_data,207,167,0.78,NA
209,76,count-odds,lexicase,FALSE,20,elitize_generation_data,208,172,0.772,NA
210,76,count-odds,lexicase,FALSE,20,elitize_generation_data,209,168,0.782,NA
211,76,count-odds,lexicase,FALSE,20,elitize_generation_data,210,177,0.798,NA
212,76,count-odds,lexicase,FALSE,20,elitize_generation_data,211,163,0.787,NA
213,76,count-odds,lexicase,FALSE,20,elitize_generation_data,212,169,0.784,NA
214,76,count-odds,lexicase,FALSE,20,elitize_generation_data,213,177,0.82,NA
215,76,count-odds,lexicase,FALSE,20,elitize_generation_data,214,183,0.774,NA
216,76,count-odds,lexicase,FALSE,20,elitize_generation_data,215,176,0.764,NA
217,76,count-odds,lexicase,FALSE,20,elitize_generation_data,216,183,0.766,NA
218,76,count-odds,lexicase,FALSE,20,elitize_generation_data,217,191,0.797,NA
219,76,count-odds,lexicase,FALSE,20,elitize_generation_data,218,189,0.775,NA
220,76,count-odds,lexicase,FALSE,20,elitize_generation_data,219,201,0.795,NA
221,76,count-odds,lexicase,FALSE,20,elitize_generation_data,220,198,0.802,NA
222,76,count-odds,lexicase,FALSE,20,elitize_generation_data,221,197,0.784,NA
223,76,count-odds,lexicase,FALSE,20,elitize_generation_data,222,204,0.78,NA
224,76,count-odds,lexicase,FALSE,20,elitize_generation_data,223,212,0.796,NA
225,76,count-odds,lexicase,FALSE,20,elitize_generation_data,224,195,0.806,NA
226,76,count-odds,lexicase,FALSE,20,elitize_generation_data,225,199,0.783,NA
227,76,count-odds,lexicase,FALSE,20,elitize_generation_data,226,189,0.78,NA
228,76,count-odds,lexicase,FALSE,20,elitize_generation_data,227,189,0.782,NA
229,76,count-odds,lexicase,FALSE,20,elitize_generation_data,228,202,0.808,NA
230,76,count-odds,lexicase,FALSE,20,elitize_generation_data,229,216,0.792,NA
231,76,count-odds,lexicase,FALSE,20,elitize_generation_data,230,213,0.765,NA
232,76,count-odds,lexicase,FALSE,20,elitize_generation_data,231,208,0.79,NA
233,76,count-odds,lexicase,FALSE,20,elitize_generation_data,232,194,0.787,NA
234,76,count-odds,lexicase,FALSE,20,elitize_generation_data,233,204,0.795,NA
235,76,count-odds,lexicase,FALSE,20,elitize_generation_data,234,216,0.788,NA
236,76,count-odds,lexicase,FALSE,20,elitize_generation_data,235,204,0.781,NA
237,76,count-odds,lexicase,FALSE,20,elitize_generation_data,236,204,0.769,NA
238,76,count-odds,lexicase,FALSE,20,elitize_generation_data,237,195,0.793,NA
239,76,count-odds,lexicase,FALSE,20,elitize_generation_data,238,201,0.788,NA
240,76,count-odds,lexicase,FALSE,20,elitize_generation_data,239,209,0.804,NA
241,76,count-odds,lexicase,FALSE,20,elitize_generation_data,240,224,0.809,NA
242,76,count-odds,lexicase,FALSE,20,elitize_generation_data,241,218,0.792,NA
243,76,count-odds,lexicase,FALSE,20,elitize_generation_data,242,235,0.788,NA
244,76,count-odds,lexicase,FALSE,20,elitize_generation_data,243,219,0.792,NA
245,76,count-odds,lexicase,FALSE,20,elitize_generation_data,244,219,0.797,NA
246,76,count-odds,lexicase,FALSE,20,elitize_generation_data,245,225,0.795,NA
247,76,count-odds,lexicase,FALSE,20,elitize_generation_data,246,214,0.794,NA
248,76,count-odds,lexicase,FALSE,20,elitize_generation_data,247,218,0.818,NA
249,76,count-odds,lexicase,FALSE,20,elitize_generation_data,248,216,0.785,NA
250,76,count-odds,lexicase,FALSE,20,elitize_generation_data,249,207,0.798,NA
251,76,count-odds,lexicase,FALSE,20,elitize_generation_data,250,208,0.802,NA
252,76,count-odds,lexicase,FALSE,20,elitize_generation_data,251,226,0.792,NA
253,76,count-odds,lexicase,FALSE,20,elitize_generation_data,252,247,0.784,NA
254,76,count-odds,lexicase,FALSE,20,elitize_generation_data,253,221,0.781,NA
255,76,count-odds,lexicase,FALSE,20,elitize_generation_data,254,208,0.75,NA
256,76,count-odds,lexicase,FALSE,20,elitize_generation_data,255,221,0.776,NA
257,76,count-odds,lexicase,FALSE,20,elitize_generation_data,256,223,0.784,NA
258,76,count-odds,lexicase,FALSE,20,elitize_generation_data,257,210,0.788,NA
259,76,count-odds,lexicase,FALSE,20,elitize_generation_data,258,203,0.781,NA
260,76,count-odds,lexicase,FALSE,20,elitize_generation_data,259,207,0.769,NA
261,76,count-odds,lexicase,FALSE,20,elitize_generation_data,260,211,0.772,NA
262,76,count-odds,lexicase,FALSE,20,elitize_generation_data,261,206,0.77,NA
263,76,count-odds,lexicase,FALSE,20,elitize_generation_data,262,216,0.781,NA
264,76,count-odds,lexicase,FALSE,20,elitize_generation_data,263,201,0.797,NA
265,76,count-odds,lexicase,FALSE,20,elitize_generation_data,264,193,0.761,NA
266,76,count-odds,lexicase,FALSE,20,elitize_generation_data,265,179,0.769,NA
267,76,count-odds,lexicase,FALSE,20,elitize_generation_data,266,202,0.777,NA
268,76,count-odds,lexicase,FALSE,20,elitize_generation_data,267,206,0.766,NA
269,76,count-odds,lexicase,FALSE,20,elitize_generation_data,268,200,0.76,NA
270,76,count-odds,lexicase,FALSE,20,elitize_generation_data,269,210,0.785,NA
271,76,count-odds,lexicase,FALSE,20,elitize_generation_data,270,201,0.746,NA
272,76,count-odds,lexicase,FALSE,20,elitize_generation_data,271,203,0.76,NA
273,76,count-odds,lexicase,FALSE,20,elitize_generation_data,272,203,0.75,NA
274,76,count-odds,lexicase,FALSE,20,elitize_generation_data,273,198,0.773,NA
275,76,count-odds,lexicase,FALSE,20,elitize_generation_data,274,206,0.776,NA
276,76,count-odds,lexicase,FALSE,20,elitize_generation_data,275,219,0.776,NA
277,76,count-odds,lexicase,FALSE,20,elitize_generation_data,276,216,0.78,NA
278,76,count-odds,lexicase,FALSE,20,elitize_generation_data,277,227,0.747,NA
279,76,count-odds,lexicase,FALSE,20,elitize_generation_data,278,222,0.755,NA
280,76,count-odds,lexicase,FALSE,20,elitize_generation_data,279,230,0.756,NA
281,76,count-odds,lexicase,FALSE,20,elitize_generation_data,280,231,0.754,NA
282,76,count-odds,lexicase,FALSE,20,elitize_generation_data,281,217,0.739,NA
283,76,count-odds,lexicase,FALSE,20,elitize_generation_data,282,216,0.767,NA
284,76,count-odds,lexicase,FALSE,20,elitize_generation_data,283,195,0.761,NA
285,76,count-odds,lexicase,FALSE,20,elitize_generation_data,284,210,0.772,NA
286,76,count-odds,lexicase,FALSE,20,elitize_generation_data,285,185,0.753,NA
287,76,count-odds,lexicase,FALSE,20,elitize_generation_data,286,194,0.733,NA
288,76,count-odds,lexicase,FALSE,20,elitize_generation_data,287,196,0.757,NA
289,76,count-odds,lexicase,FALSE,20,elitize_generation_data,288,206,0.751,NA
290,76,count-odds,lexicase,FALSE,20,elitize_generation_data,289,202,0.755,NA
291,76,count-odds,lexicase,FALSE,20,elitize_generation_data,290,213,0.777,NA
292,76,count-odds,lexicase,FALSE,20,elitize_generation_data,291,208,0.745,NA
293,76,count-odds,lexicase,FALSE,20,elitize_generation_data,292,219,0.749,NA
294,76,count-odds,lexicase,FALSE,20,elitize_generation_data,293,215,0.77,NA
295,76,count-odds,lexicase,FALSE,20,elitize_generation_data,294,222,0.775,NA
296,76,count-odds,lexicase,FALSE,20,elitize_generation_data,295,213,0.76,NA
297,76,count-odds,lexicase,FALSE,20,elitize_generation_data,296,230,0.752,NA
298,76,count-odds,lexicase,FALSE,20,elitize_generation_data,297,236,0.759,NA
299,76,count-odds,lexicase,FALSE,20,elitize_generation_data,298,222,0.782,NA
300,76,count-odds,lexicase,FALSE,20,elitize_generation_data,299,225,0.776,NA
301,76,count-odds,lexicase,FALSE,20,elitize_generation_data,300,233,0.771,NA
