,run.num,problem,treatment,succeeded,height,normalization.function,generation,cluster.count,error.diversity,success.generation
1,78,count-odds,lexicase,FALSE,20,elitize_generation_data,0,4,0.165,NA
2,78,count-odds,lexicase,FALSE,20,elitize_generation_data,1,6,0.249,NA
3,78,count-odds,lexicase,FALSE,20,elitize_generation_data,2,12,0.448,NA
4,78,count-odds,lexicase,FALSE,20,elitize_generation_data,3,19,0.629,NA
5,78,count-odds,lexicase,FALSE,20,elitize_generation_data,4,22,0.732,NA
6,78,count-odds,lexicase,FALSE,20,elitize_generation_data,5,18,0.8,NA
7,78,count-odds,lexicase,FALSE,20,elitize_generation_data,6,21,0.811,NA
8,78,count-odds,lexicase,FALSE,20,elitize_generation_data,7,26,0.825,NA
9,78,count-odds,lexicase,FALSE,20,elitize_generation_data,8,28,0.82,NA
10,78,count-odds,lexicase,FALSE,20,elitize_generation_data,9,34,0.85,NA
11,78,count-odds,lexicase,FALSE,20,elitize_generation_data,10,32,0.841,NA
12,78,count-odds,lexicase,FALSE,20,elitize_generation_data,11,38,0.866,NA
13,78,count-odds,lexicase,FALSE,20,elitize_generation_data,12,42,0.848,NA
14,78,count-odds,lexicase,FALSE,20,elitize_generation_data,13,53,0.864,NA
15,78,count-odds,lexicase,FALSE,20,elitize_generation_data,14,45,0.867,NA
16,78,count-odds,lexicase,FALSE,20,elitize_generation_data,15,57,0.869,NA
17,78,count-odds,lexicase,FALSE,20,elitize_generation_data,16,57,0.885,NA
18,78,count-odds,lexicase,FALSE,20,elitize_generation_data,17,53,0.876,NA
19,78,count-odds,lexicase,FALSE,20,elitize_generation_data,18,60,0.884,NA
20,78,count-odds,lexicase,FALSE,20,elitize_generation_data,19,57,0.865,NA
21,78,count-odds,lexicase,FALSE,20,elitize_generation_data,20,67,0.882,NA
22,78,count-odds,lexicase,FALSE,20,elitize_generation_data,21,67,0.878,NA
23,78,count-odds,lexicase,FALSE,20,elitize_generation_data,22,70,0.873,NA
24,78,count-odds,lexicase,FALSE,20,elitize_generation_data,23,71,0.856,NA
25,78,count-odds,lexicase,FALSE,20,elitize_generation_data,24,71,0.875,NA
26,78,count-odds,lexicase,FALSE,20,elitize_generation_data,25,76,0.864,NA
27,78,count-odds,lexicase,FALSE,20,elitize_generation_data,26,64,0.874,NA
28,78,count-odds,lexicase,FALSE,20,elitize_generation_data,27,85,0.881,NA
29,78,count-odds,lexicase,FALSE,20,elitize_generation_data,28,78,0.875,NA
30,78,count-odds,lexicase,FALSE,20,elitize_generation_data,29,87,0.869,NA
31,78,count-odds,lexicase,FALSE,20,elitize_generation_data,30,80,0.851,NA
32,78,count-odds,lexicase,FALSE,20,elitize_generation_data,31,92,0.876,NA
33,78,count-odds,lexicase,FALSE,20,elitize_generation_data,32,100,0.851,NA
34,78,count-odds,lexicase,FALSE,20,elitize_generation_data,33,89,0.847,NA
35,78,count-odds,lexicase,FALSE,20,elitize_generation_data,34,104,0.847,NA
36,78,count-odds,lexicase,FALSE,20,elitize_generation_data,35,102,0.842,NA
37,78,count-odds,lexicase,FALSE,20,elitize_generation_data,36,107,0.842,NA
38,78,count-odds,lexicase,FALSE,20,elitize_generation_data,37,105,0.846,NA
39,78,count-odds,lexicase,FALSE,20,elitize_generation_data,38,104,0.868,NA
40,78,count-odds,lexicase,FALSE,20,elitize_generation_data,39,96,0.858,NA
41,78,count-odds,lexicase,FALSE,20,elitize_generation_data,40,97,0.844,NA
42,78,count-odds,lexicase,FALSE,20,elitize_generation_data,41,92,0.838,NA
43,78,count-odds,lexicase,FALSE,20,elitize_generation_data,42,115,0.83,NA
44,78,count-odds,lexicase,FALSE,20,elitize_generation_data,43,102,0.835,NA
45,78,count-odds,lexicase,FALSE,20,elitize_generation_data,44,115,0.829,NA
46,78,count-odds,lexicase,FALSE,20,elitize_generation_data,45,116,0.837,NA
47,78,count-odds,lexicase,FALSE,20,elitize_generation_data,46,118,0.868,NA
48,78,count-odds,lexicase,FALSE,20,elitize_generation_data,47,128,0.848,NA
49,78,count-odds,lexicase,FALSE,20,elitize_generation_data,48,139,0.86,NA
50,78,count-odds,lexicase,FALSE,20,elitize_generation_data,49,136,0.864,NA
51,78,count-odds,lexicase,FALSE,20,elitize_generation_data,50,129,0.86,NA
52,78,count-odds,lexicase,FALSE,20,elitize_generation_data,51,122,0.832,NA
53,78,count-odds,lexicase,FALSE,20,elitize_generation_data,52,126,0.825,NA
54,78,count-odds,lexicase,FALSE,20,elitize_generation_data,53,121,0.861,NA
55,78,count-odds,lexicase,FALSE,20,elitize_generation_data,54,112,0.855,NA
56,78,count-odds,lexicase,FALSE,20,elitize_generation_data,55,127,0.854,NA
57,78,count-odds,lexicase,FALSE,20,elitize_generation_data,56,116,0.84,NA
58,78,count-odds,lexicase,FALSE,20,elitize_generation_data,57,134,0.87,NA
59,78,count-odds,lexicase,FALSE,20,elitize_generation_data,58,136,0.852,NA
60,78,count-odds,lexicase,FALSE,20,elitize_generation_data,59,126,0.838,NA
61,78,count-odds,lexicase,FALSE,20,elitize_generation_data,60,140,0.848,NA
62,78,count-odds,lexicase,FALSE,20,elitize_generation_data,61,141,0.833,NA
63,78,count-odds,lexicase,FALSE,20,elitize_generation_data,62,144,0.852,NA
64,78,count-odds,lexicase,FALSE,20,elitize_generation_data,63,141,0.848,NA
65,78,count-odds,lexicase,FALSE,20,elitize_generation_data,64,142,0.854,NA
66,78,count-odds,lexicase,FALSE,20,elitize_generation_data,65,139,0.844,NA
67,78,count-odds,lexicase,FALSE,20,elitize_generation_data,66,136,0.863,NA
68,78,count-odds,lexicase,FALSE,20,elitize_generation_data,67,152,0.872,NA
69,78,count-odds,lexicase,FALSE,20,elitize_generation_data,68,158,0.865,NA
70,78,count-odds,lexicase,FALSE,20,elitize_generation_data,69,142,0.819,NA
71,78,count-odds,lexicase,FALSE,20,elitize_generation_data,70,145,0.851,NA
72,78,count-odds,lexicase,FALSE,20,elitize_generation_data,71,152,0.854,NA
73,78,count-odds,lexicase,FALSE,20,elitize_generation_data,72,148,0.87,NA
74,78,count-odds,lexicase,FALSE,20,elitize_generation_data,73,157,0.84,NA
75,78,count-odds,lexicase,FALSE,20,elitize_generation_data,74,153,0.874,NA
76,78,count-odds,lexicase,FALSE,20,elitize_generation_data,75,171,0.861,NA
77,78,count-odds,lexicase,FALSE,20,elitize_generation_data,76,164,0.855,NA
78,78,count-odds,lexicase,FALSE,20,elitize_generation_data,77,173,0.861,NA
79,78,count-odds,lexicase,FALSE,20,elitize_generation_data,78,160,0.871,NA
80,78,count-odds,lexicase,FALSE,20,elitize_generation_data,79,166,0.868,NA
81,78,count-odds,lexicase,FALSE,20,elitize_generation_data,80,157,0.886,NA
82,78,count-odds,lexicase,FALSE,20,elitize_generation_data,81,143,0.86,NA
83,78,count-odds,lexicase,FALSE,20,elitize_generation_data,82,141,0.87,NA
84,78,count-odds,lexicase,FALSE,20,elitize_generation_data,83,156,0.858,NA
85,78,count-odds,lexicase,FALSE,20,elitize_generation_data,84,156,0.855,NA
86,78,count-odds,lexicase,FALSE,20,elitize_generation_data,85,158,0.861,NA
87,78,count-odds,lexicase,FALSE,20,elitize_generation_data,86,144,0.851,NA
88,78,count-odds,lexicase,FALSE,20,elitize_generation_data,87,160,0.875,NA
89,78,count-odds,lexicase,FALSE,20,elitize_generation_data,88,155,0.856,NA
90,78,count-odds,lexicase,FALSE,20,elitize_generation_data,89,167,0.832,NA
91,78,count-odds,lexicase,FALSE,20,elitize_generation_data,90,164,0.859,NA
92,78,count-odds,lexicase,FALSE,20,elitize_generation_data,91,169,0.876,NA
93,78,count-odds,lexicase,FALSE,20,elitize_generation_data,92,153,0.87,NA
94,78,count-odds,lexicase,FALSE,20,elitize_generation_data,93,155,0.888,NA
95,78,count-odds,lexicase,FALSE,20,elitize_generation_data,94,155,0.85,NA
96,78,count-odds,lexicase,FALSE,20,elitize_generation_data,95,148,0.854,NA
97,78,count-odds,lexicase,FALSE,20,elitize_generation_data,96,147,0.885,NA
98,78,count-odds,lexicase,FALSE,20,elitize_generation_data,97,156,0.87,NA
99,78,count-odds,lexicase,FALSE,20,elitize_generation_data,98,157,0.857,NA
100,78,count-odds,lexicase,FALSE,20,elitize_generation_data,99,156,0.854,NA
101,78,count-odds,lexicase,FALSE,20,elitize_generation_data,100,162,0.846,NA
102,78,count-odds,lexicase,FALSE,20,elitize_generation_data,101,162,0.841,NA
103,78,count-odds,lexicase,FALSE,20,elitize_generation_data,102,150,0.849,NA
104,78,count-odds,lexicase,FALSE,20,elitize_generation_data,103,134,0.85,NA
105,78,count-odds,lexicase,FALSE,20,elitize_generation_data,104,146,0.829,NA
106,78,count-odds,lexicase,FALSE,20,elitize_generation_data,105,158,0.837,NA
107,78,count-odds,lexicase,FALSE,20,elitize_generation_data,106,151,0.835,NA
108,78,count-odds,lexicase,FALSE,20,elitize_generation_data,107,159,0.867,NA
109,78,count-odds,lexicase,FALSE,20,elitize_generation_data,108,152,0.84,NA
110,78,count-odds,lexicase,FALSE,20,elitize_generation_data,109,156,0.82,NA
111,78,count-odds,lexicase,FALSE,20,elitize_generation_data,110,164,0.851,NA
112,78,count-odds,lexicase,FALSE,20,elitize_generation_data,111,158,0.885,NA
113,78,count-odds,lexicase,FALSE,20,elitize_generation_data,112,146,0.858,NA
114,78,count-odds,lexicase,FALSE,20,elitize_generation_data,113,157,0.848,NA
115,78,count-odds,lexicase,FALSE,20,elitize_generation_data,114,153,0.858,NA
116,78,count-odds,lexicase,FALSE,20,elitize_generation_data,115,147,0.833,NA
117,78,count-odds,lexicase,FALSE,20,elitize_generation_data,116,151,0.859,NA
118,78,count-odds,lexicase,FALSE,20,elitize_generation_data,117,141,0.853,NA
119,78,count-odds,lexicase,FALSE,20,elitize_generation_data,118,143,0.841,NA
120,78,count-odds,lexicase,FALSE,20,elitize_generation_data,119,141,0.872,NA
121,78,count-odds,lexicase,FALSE,20,elitize_generation_data,120,133,0.843,NA
122,78,count-odds,lexicase,FALSE,20,elitize_generation_data,121,149,0.853,NA
123,78,count-odds,lexicase,FALSE,20,elitize_generation_data,122,157,0.849,NA
124,78,count-odds,lexicase,FALSE,20,elitize_generation_data,123,164,0.861,NA
125,78,count-odds,lexicase,FALSE,20,elitize_generation_data,124,166,0.847,NA
126,78,count-odds,lexicase,FALSE,20,elitize_generation_data,125,164,0.856,NA
127,78,count-odds,lexicase,FALSE,20,elitize_generation_data,126,160,0.846,NA
128,78,count-odds,lexicase,FALSE,20,elitize_generation_data,127,167,0.859,NA
129,78,count-odds,lexicase,FALSE,20,elitize_generation_data,128,170,0.851,NA
130,78,count-odds,lexicase,FALSE,20,elitize_generation_data,129,173,0.845,NA
131,78,count-odds,lexicase,FALSE,20,elitize_generation_data,130,169,0.842,NA
132,78,count-odds,lexicase,FALSE,20,elitize_generation_data,131,169,0.844,NA
133,78,count-odds,lexicase,FALSE,20,elitize_generation_data,132,162,0.842,NA
134,78,count-odds,lexicase,FALSE,20,elitize_generation_data,133,171,0.861,NA
135,78,count-odds,lexicase,FALSE,20,elitize_generation_data,134,177,0.861,NA
136,78,count-odds,lexicase,FALSE,20,elitize_generation_data,135,178,0.842,NA
137,78,count-odds,lexicase,FALSE,20,elitize_generation_data,136,189,0.855,NA
138,78,count-odds,lexicase,FALSE,20,elitize_generation_data,137,182,0.853,NA
139,78,count-odds,lexicase,FALSE,20,elitize_generation_data,138,168,0.863,NA
140,78,count-odds,lexicase,FALSE,20,elitize_generation_data,139,173,0.85,NA
141,78,count-odds,lexicase,FALSE,20,elitize_generation_data,140,180,0.86,NA
142,78,count-odds,lexicase,FALSE,20,elitize_generation_data,141,182,0.874,NA
143,78,count-odds,lexicase,FALSE,20,elitize_generation_data,142,176,0.882,NA
144,78,count-odds,lexicase,FALSE,20,elitize_generation_data,143,181,0.877,NA
145,78,count-odds,lexicase,FALSE,20,elitize_generation_data,144,171,0.885,NA
146,78,count-odds,lexicase,FALSE,20,elitize_generation_data,145,167,0.882,NA
147,78,count-odds,lexicase,FALSE,20,elitize_generation_data,146,175,0.849,NA
148,78,count-odds,lexicase,FALSE,20,elitize_generation_data,147,176,0.855,NA
149,78,count-odds,lexicase,FALSE,20,elitize_generation_data,148,190,0.849,NA
150,78,count-odds,lexicase,FALSE,20,elitize_generation_data,149,181,0.853,NA
151,78,count-odds,lexicase,FALSE,20,elitize_generation_data,150,188,0.831,NA
152,78,count-odds,lexicase,FALSE,20,elitize_generation_data,151,182,0.856,NA
153,78,count-odds,lexicase,FALSE,20,elitize_generation_data,152,199,0.87,NA
154,78,count-odds,lexicase,FALSE,20,elitize_generation_data,153,192,0.846,NA
155,78,count-odds,lexicase,FALSE,20,elitize_generation_data,154,187,0.865,NA
156,78,count-odds,lexicase,FALSE,20,elitize_generation_data,155,174,0.862,NA
157,78,count-odds,lexicase,FALSE,20,elitize_generation_data,156,181,0.865,NA
158,78,count-odds,lexicase,FALSE,20,elitize_generation_data,157,172,0.856,NA
159,78,count-odds,lexicase,FALSE,20,elitize_generation_data,158,169,0.896,NA
160,78,count-odds,lexicase,FALSE,20,elitize_generation_data,159,161,0.872,NA
161,78,count-odds,lexicase,FALSE,20,elitize_generation_data,160,176,0.877,NA
162,78,count-odds,lexicase,FALSE,20,elitize_generation_data,161,171,0.888,NA
163,78,count-odds,lexicase,FALSE,20,elitize_generation_data,162,170,0.906,NA
164,78,count-odds,lexicase,FALSE,20,elitize_generation_data,163,165,0.891,NA
165,78,count-odds,lexicase,FALSE,20,elitize_generation_data,164,166,0.888,NA
166,78,count-odds,lexicase,FALSE,20,elitize_generation_data,165,183,0.877,NA
167,78,count-odds,lexicase,FALSE,20,elitize_generation_data,166,184,0.889,NA
168,78,count-odds,lexicase,FALSE,20,elitize_generation_data,167,172,0.893,NA
169,78,count-odds,lexicase,FALSE,20,elitize_generation_data,168,166,0.892,NA
170,78,count-odds,lexicase,FALSE,20,elitize_generation_data,169,169,0.877,NA
171,78,count-odds,lexicase,FALSE,20,elitize_generation_data,170,165,0.879,NA
172,78,count-odds,lexicase,FALSE,20,elitize_generation_data,171,180,0.881,NA
173,78,count-odds,lexicase,FALSE,20,elitize_generation_data,172,167,0.873,NA
174,78,count-odds,lexicase,FALSE,20,elitize_generation_data,173,168,0.882,NA
175,78,count-odds,lexicase,FALSE,20,elitize_generation_data,174,169,0.882,NA
176,78,count-odds,lexicase,FALSE,20,elitize_generation_data,175,155,0.881,NA
177,78,count-odds,lexicase,FALSE,20,elitize_generation_data,176,167,0.875,NA
178,78,count-odds,lexicase,FALSE,20,elitize_generation_data,177,176,0.885,NA
179,78,count-odds,lexicase,FALSE,20,elitize_generation_data,178,163,0.896,NA
180,78,count-odds,lexicase,FALSE,20,elitize_generation_data,179,167,0.895,NA
181,78,count-odds,lexicase,FALSE,20,elitize_generation_data,180,156,0.876,NA
182,78,count-odds,lexicase,FALSE,20,elitize_generation_data,181,173,0.872,NA
183,78,count-odds,lexicase,FALSE,20,elitize_generation_data,182,157,0.881,NA
184,78,count-odds,lexicase,FALSE,20,elitize_generation_data,183,169,0.9,NA
185,78,count-odds,lexicase,FALSE,20,elitize_generation_data,184,178,0.912,NA
186,78,count-odds,lexicase,FALSE,20,elitize_generation_data,185,168,0.894,NA
187,78,count-odds,lexicase,FALSE,20,elitize_generation_data,186,180,0.899,NA
188,78,count-odds,lexicase,FALSE,20,elitize_generation_data,187,176,0.892,NA
189,78,count-odds,lexicase,FALSE,20,elitize_generation_data,188,176,0.883,NA
190,78,count-odds,lexicase,FALSE,20,elitize_generation_data,189,160,0.878,NA
191,78,count-odds,lexicase,FALSE,20,elitize_generation_data,190,159,0.893,NA
192,78,count-odds,lexicase,FALSE,20,elitize_generation_data,191,161,0.877,NA
193,78,count-odds,lexicase,FALSE,20,elitize_generation_data,192,160,0.886,NA
194,78,count-odds,lexicase,FALSE,20,elitize_generation_data,193,163,0.904,NA
195,78,count-odds,lexicase,FALSE,20,elitize_generation_data,194,150,0.885,NA
196,78,count-odds,lexicase,FALSE,20,elitize_generation_data,195,155,0.897,NA
197,78,count-odds,lexicase,FALSE,20,elitize_generation_data,196,171,0.857,NA
198,78,count-odds,lexicase,FALSE,20,elitize_generation_data,197,158,0.89,NA
199,78,count-odds,lexicase,FALSE,20,elitize_generation_data,198,169,0.888,NA
200,78,count-odds,lexicase,FALSE,20,elitize_generation_data,199,161,0.902,NA
201,78,count-odds,lexicase,FALSE,20,elitize_generation_data,200,152,0.902,NA
202,78,count-odds,lexicase,FALSE,20,elitize_generation_data,201,166,0.875,NA
203,78,count-odds,lexicase,FALSE,20,elitize_generation_data,202,176,0.882,NA
204,78,count-odds,lexicase,FALSE,20,elitize_generation_data,203,155,0.894,NA
205,78,count-odds,lexicase,FALSE,20,elitize_generation_data,204,158,0.876,NA
206,78,count-odds,lexicase,FALSE,20,elitize_generation_data,205,168,0.885,NA
207,78,count-odds,lexicase,FALSE,20,elitize_generation_data,206,177,0.893,NA
208,78,count-odds,lexicase,FALSE,20,elitize_generation_data,207,174,0.894,NA
209,78,count-odds,lexicase,FALSE,20,elitize_generation_data,208,166,0.899,NA
210,78,count-odds,lexicase,FALSE,20,elitize_generation_data,209,166,0.887,NA
211,78,count-odds,lexicase,FALSE,20,elitize_generation_data,210,172,0.907,NA
212,78,count-odds,lexicase,FALSE,20,elitize_generation_data,211,183,0.908,NA
213,78,count-odds,lexicase,FALSE,20,elitize_generation_data,212,176,0.887,NA
214,78,count-odds,lexicase,FALSE,20,elitize_generation_data,213,161,0.885,NA
215,78,count-odds,lexicase,FALSE,20,elitize_generation_data,214,164,0.889,NA
216,78,count-odds,lexicase,FALSE,20,elitize_generation_data,215,169,0.9,NA
217,78,count-odds,lexicase,FALSE,20,elitize_generation_data,216,173,0.907,NA
218,78,count-odds,lexicase,FALSE,20,elitize_generation_data,217,164,0.883,NA
219,78,count-odds,lexicase,FALSE,20,elitize_generation_data,218,164,0.899,NA
220,78,count-odds,lexicase,FALSE,20,elitize_generation_data,219,151,0.904,NA
221,78,count-odds,lexicase,FALSE,20,elitize_generation_data,220,156,0.91,NA
222,78,count-odds,lexicase,FALSE,20,elitize_generation_data,221,148,0.894,NA
223,78,count-odds,lexicase,FALSE,20,elitize_generation_data,222,162,0.897,NA
224,78,count-odds,lexicase,FALSE,20,elitize_generation_data,223,164,0.887,NA
225,78,count-odds,lexicase,FALSE,20,elitize_generation_data,224,158,0.883,NA
226,78,count-odds,lexicase,FALSE,20,elitize_generation_data,225,151,0.886,NA
227,78,count-odds,lexicase,FALSE,20,elitize_generation_data,226,155,0.895,NA
228,78,count-odds,lexicase,FALSE,20,elitize_generation_data,227,173,0.884,NA
229,78,count-odds,lexicase,FALSE,20,elitize_generation_data,228,166,0.888,NA
230,78,count-odds,lexicase,FALSE,20,elitize_generation_data,229,185,0.873,NA
231,78,count-odds,lexicase,FALSE,20,elitize_generation_data,230,171,0.886,NA
232,78,count-odds,lexicase,FALSE,20,elitize_generation_data,231,167,0.905,NA
233,78,count-odds,lexicase,FALSE,20,elitize_generation_data,232,171,0.884,NA
234,78,count-odds,lexicase,FALSE,20,elitize_generation_data,233,176,0.88,NA
235,78,count-odds,lexicase,FALSE,20,elitize_generation_data,234,167,0.884,NA
236,78,count-odds,lexicase,FALSE,20,elitize_generation_data,235,180,0.899,NA
237,78,count-odds,lexicase,FALSE,20,elitize_generation_data,236,159,0.879,NA
238,78,count-odds,lexicase,FALSE,20,elitize_generation_data,237,167,0.881,NA
239,78,count-odds,lexicase,FALSE,20,elitize_generation_data,238,158,0.875,NA
240,78,count-odds,lexicase,FALSE,20,elitize_generation_data,239,158,0.894,NA
241,78,count-odds,lexicase,FALSE,20,elitize_generation_data,240,156,0.885,NA
242,78,count-odds,lexicase,FALSE,20,elitize_generation_data,241,157,0.88,NA
243,78,count-odds,lexicase,FALSE,20,elitize_generation_data,242,169,0.882,NA
244,78,count-odds,lexicase,FALSE,20,elitize_generation_data,243,177,0.883,NA
245,78,count-odds,lexicase,FALSE,20,elitize_generation_data,244,169,0.874,NA
246,78,count-odds,lexicase,FALSE,20,elitize_generation_data,245,180,0.866,NA
247,78,count-odds,lexicase,FALSE,20,elitize_generation_data,246,174,0.879,NA
248,78,count-odds,lexicase,FALSE,20,elitize_generation_data,247,168,0.897,NA
249,78,count-odds,lexicase,FALSE,20,elitize_generation_data,248,162,0.863,NA
250,78,count-odds,lexicase,FALSE,20,elitize_generation_data,249,163,0.88,NA
251,78,count-odds,lexicase,FALSE,20,elitize_generation_data,250,191,0.882,NA
252,78,count-odds,lexicase,FALSE,20,elitize_generation_data,251,173,0.907,NA
253,78,count-odds,lexicase,FALSE,20,elitize_generation_data,252,161,0.896,NA
254,78,count-odds,lexicase,FALSE,20,elitize_generation_data,253,154,0.898,NA
255,78,count-odds,lexicase,FALSE,20,elitize_generation_data,254,158,0.883,NA
256,78,count-odds,lexicase,FALSE,20,elitize_generation_data,255,177,0.893,NA
257,78,count-odds,lexicase,FALSE,20,elitize_generation_data,256,171,0.91,NA
258,78,count-odds,lexicase,FALSE,20,elitize_generation_data,257,164,0.89,NA
259,78,count-odds,lexicase,FALSE,20,elitize_generation_data,258,172,0.887,NA
260,78,count-odds,lexicase,FALSE,20,elitize_generation_data,259,168,0.872,NA
261,78,count-odds,lexicase,FALSE,20,elitize_generation_data,260,168,0.888,NA
262,78,count-odds,lexicase,FALSE,20,elitize_generation_data,261,180,0.899,NA
263,78,count-odds,lexicase,FALSE,20,elitize_generation_data,262,192,0.909,NA
264,78,count-odds,lexicase,FALSE,20,elitize_generation_data,263,186,0.906,NA
265,78,count-odds,lexicase,FALSE,20,elitize_generation_data,264,175,0.9,NA
266,78,count-odds,lexicase,FALSE,20,elitize_generation_data,265,170,0.893,NA
267,78,count-odds,lexicase,FALSE,20,elitize_generation_data,266,179,0.899,NA
268,78,count-odds,lexicase,FALSE,20,elitize_generation_data,267,175,0.9,NA
269,78,count-odds,lexicase,FALSE,20,elitize_generation_data,268,178,0.907,NA
270,78,count-odds,lexicase,FALSE,20,elitize_generation_data,269,172,0.879,NA
271,78,count-odds,lexicase,FALSE,20,elitize_generation_data,270,167,0.908,NA
272,78,count-odds,lexicase,FALSE,20,elitize_generation_data,271,156,0.898,NA
273,78,count-odds,lexicase,FALSE,20,elitize_generation_data,272,143,0.886,NA
274,78,count-odds,lexicase,FALSE,20,elitize_generation_data,273,158,0.893,NA
275,78,count-odds,lexicase,FALSE,20,elitize_generation_data,274,163,0.879,NA
276,78,count-odds,lexicase,FALSE,20,elitize_generation_data,275,150,0.899,NA
277,78,count-odds,lexicase,FALSE,20,elitize_generation_data,276,169,0.911,NA
278,78,count-odds,lexicase,FALSE,20,elitize_generation_data,277,151,0.888,NA
279,78,count-odds,lexicase,FALSE,20,elitize_generation_data,278,171,0.88,NA
280,78,count-odds,lexicase,FALSE,20,elitize_generation_data,279,179,0.889,NA
281,78,count-odds,lexicase,FALSE,20,elitize_generation_data,280,169,0.891,NA
282,78,count-odds,lexicase,FALSE,20,elitize_generation_data,281,149,0.887,NA
283,78,count-odds,lexicase,FALSE,20,elitize_generation_data,282,158,0.892,NA
284,78,count-odds,lexicase,FALSE,20,elitize_generation_data,283,158,0.863,NA
285,78,count-odds,lexicase,FALSE,20,elitize_generation_data,284,150,0.884,NA
286,78,count-odds,lexicase,FALSE,20,elitize_generation_data,285,153,0.872,NA
287,78,count-odds,lexicase,FALSE,20,elitize_generation_data,286,148,0.884,NA
288,78,count-odds,lexicase,FALSE,20,elitize_generation_data,287,155,0.878,NA
289,78,count-odds,lexicase,FALSE,20,elitize_generation_data,288,162,0.881,NA
290,78,count-odds,lexicase,FALSE,20,elitize_generation_data,289,164,0.892,NA
291,78,count-odds,lexicase,FALSE,20,elitize_generation_data,290,144,0.879,NA
292,78,count-odds,lexicase,FALSE,20,elitize_generation_data,291,145,0.881,NA
293,78,count-odds,lexicase,FALSE,20,elitize_generation_data,292,141,0.886,NA
294,78,count-odds,lexicase,FALSE,20,elitize_generation_data,293,140,0.88,NA
295,78,count-odds,lexicase,FALSE,20,elitize_generation_data,294,150,0.884,NA
296,78,count-odds,lexicase,FALSE,20,elitize_generation_data,295,150,0.895,NA
297,78,count-odds,lexicase,FALSE,20,elitize_generation_data,296,152,0.879,NA
298,78,count-odds,lexicase,FALSE,20,elitize_generation_data,297,142,0.887,NA
299,78,count-odds,lexicase,FALSE,20,elitize_generation_data,298,123,0.895,NA
300,78,count-odds,lexicase,FALSE,20,elitize_generation_data,299,134,0.904,NA
301,78,count-odds,lexicase,FALSE,20,elitize_generation_data,300,128,0.893,NA
