,run.num,problem,treatment,succeeded,height,normalization.function,generation,cluster.count,error.diversity,success.generation
1,34,count-odds,lexicase,FALSE,20,elitize_generation_data,0,6,0.177,NA
2,34,count-odds,lexicase,FALSE,20,elitize_generation_data,1,7,0.182,NA
3,34,count-odds,lexicase,FALSE,20,elitize_generation_data,2,14,0.305,NA
4,34,count-odds,lexicase,FALSE,20,elitize_generation_data,3,21,0.418,NA
5,34,count-odds,lexicase,FALSE,20,elitize_generation_data,4,22,0.537,NA
6,34,count-odds,lexicase,FALSE,20,elitize_generation_data,5,29,0.631,NA
7,34,count-odds,lexicase,FALSE,20,elitize_generation_data,6,37,0.689,NA
8,34,count-odds,lexicase,FALSE,20,elitize_generation_data,7,41,0.729,NA
9,34,count-odds,lexicase,FALSE,20,elitize_generation_data,8,46,0.748,NA
10,34,count-odds,lexicase,FALSE,20,elitize_generation_data,9,49,0.77,NA
11,34,count-odds,lexicase,FALSE,20,elitize_generation_data,10,60,0.767,NA
12,34,count-odds,lexicase,FALSE,20,elitize_generation_data,11,58,0.798,NA
13,34,count-odds,lexicase,FALSE,20,elitize_generation_data,12,77,0.802,NA
14,34,count-odds,lexicase,FALSE,20,elitize_generation_data,13,77,0.811,NA
15,34,count-odds,lexicase,FALSE,20,elitize_generation_data,14,82,0.816,NA
16,34,count-odds,lexicase,FALSE,20,elitize_generation_data,15,87,0.802,NA
17,34,count-odds,lexicase,FALSE,20,elitize_generation_data,16,94,0.815,NA
18,34,count-odds,lexicase,FALSE,20,elitize_generation_data,17,94,0.817,NA
19,34,count-odds,lexicase,FALSE,20,elitize_generation_data,18,103,0.805,NA
20,34,count-odds,lexicase,FALSE,20,elitize_generation_data,19,121,0.848,NA
21,34,count-odds,lexicase,FALSE,20,elitize_generation_data,20,106,0.837,NA
22,34,count-odds,lexicase,FALSE,20,elitize_generation_data,21,121,0.843,NA
23,34,count-odds,lexicase,FALSE,20,elitize_generation_data,22,123,0.859,NA
24,34,count-odds,lexicase,FALSE,20,elitize_generation_data,23,116,0.847,NA
25,34,count-odds,lexicase,FALSE,20,elitize_generation_data,24,115,0.848,NA
26,34,count-odds,lexicase,FALSE,20,elitize_generation_data,25,127,0.85,NA
27,34,count-odds,lexicase,FALSE,20,elitize_generation_data,26,143,0.887,NA
28,34,count-odds,lexicase,FALSE,20,elitize_generation_data,27,146,0.89,NA
29,34,count-odds,lexicase,FALSE,20,elitize_generation_data,28,130,0.882,NA
30,34,count-odds,lexicase,FALSE,20,elitize_generation_data,29,143,0.873,NA
31,34,count-odds,lexicase,FALSE,20,elitize_generation_data,30,146,0.882,NA
32,34,count-odds,lexicase,FALSE,20,elitize_generation_data,31,162,0.854,NA
33,34,count-odds,lexicase,FALSE,20,elitize_generation_data,32,157,0.856,NA
34,34,count-odds,lexicase,FALSE,20,elitize_generation_data,33,152,0.866,NA
35,34,count-odds,lexicase,FALSE,20,elitize_generation_data,34,158,0.866,NA
36,34,count-odds,lexicase,FALSE,20,elitize_generation_data,35,161,0.846,NA
37,34,count-odds,lexicase,FALSE,20,elitize_generation_data,36,156,0.867,NA
38,34,count-odds,lexicase,FALSE,20,elitize_generation_data,37,153,0.881,NA
39,34,count-odds,lexicase,FALSE,20,elitize_generation_data,38,153,0.885,NA
40,34,count-odds,lexicase,FALSE,20,elitize_generation_data,39,173,0.876,NA
41,34,count-odds,lexicase,FALSE,20,elitize_generation_data,40,169,0.85,NA
42,34,count-odds,lexicase,FALSE,20,elitize_generation_data,41,187,0.863,NA
43,34,count-odds,lexicase,FALSE,20,elitize_generation_data,42,180,0.859,NA
44,34,count-odds,lexicase,FALSE,20,elitize_generation_data,43,170,0.882,NA
45,34,count-odds,lexicase,FALSE,20,elitize_generation_data,44,185,0.876,NA
46,34,count-odds,lexicase,FALSE,20,elitize_generation_data,45,175,0.874,NA
47,34,count-odds,lexicase,FALSE,20,elitize_generation_data,46,179,0.873,NA
48,34,count-odds,lexicase,FALSE,20,elitize_generation_data,47,172,0.875,NA
49,34,count-odds,lexicase,FALSE,20,elitize_generation_data,48,158,0.878,NA
50,34,count-odds,lexicase,FALSE,20,elitize_generation_data,49,165,0.875,NA
51,34,count-odds,lexicase,FALSE,20,elitize_generation_data,50,181,0.899,NA
52,34,count-odds,lexicase,FALSE,20,elitize_generation_data,51,173,0.882,NA
53,34,count-odds,lexicase,FALSE,20,elitize_generation_data,52,170,0.881,NA
54,34,count-odds,lexicase,FALSE,20,elitize_generation_data,53,176,0.851,NA
55,34,count-odds,lexicase,FALSE,20,elitize_generation_data,54,180,0.853,NA
56,34,count-odds,lexicase,FALSE,20,elitize_generation_data,55,183,0.865,NA
57,34,count-odds,lexicase,FALSE,20,elitize_generation_data,56,179,0.846,NA
58,34,count-odds,lexicase,FALSE,20,elitize_generation_data,57,177,0.877,NA
59,34,count-odds,lexicase,FALSE,20,elitize_generation_data,58,189,0.864,NA
60,34,count-odds,lexicase,FALSE,20,elitize_generation_data,59,181,0.858,NA
61,34,count-odds,lexicase,FALSE,20,elitize_generation_data,60,188,0.871,NA
62,34,count-odds,lexicase,FALSE,20,elitize_generation_data,61,176,0.865,NA
63,34,count-odds,lexicase,FALSE,20,elitize_generation_data,62,177,0.861,NA
64,34,count-odds,lexicase,FALSE,20,elitize_generation_data,63,175,0.849,NA
65,34,count-odds,lexicase,FALSE,20,elitize_generation_data,64,171,0.86,NA
66,34,count-odds,lexicase,FALSE,20,elitize_generation_data,65,184,0.843,NA
67,34,count-odds,lexicase,FALSE,20,elitize_generation_data,66,168,0.865,NA
68,34,count-odds,lexicase,FALSE,20,elitize_generation_data,67,182,0.848,NA
69,34,count-odds,lexicase,FALSE,20,elitize_generation_data,68,196,0.863,NA
70,34,count-odds,lexicase,FALSE,20,elitize_generation_data,69,186,0.85,NA
71,34,count-odds,lexicase,FALSE,20,elitize_generation_data,70,175,0.865,NA
72,34,count-odds,lexicase,FALSE,20,elitize_generation_data,71,179,0.855,NA
73,34,count-odds,lexicase,FALSE,20,elitize_generation_data,72,181,0.881,NA
74,34,count-odds,lexicase,FALSE,20,elitize_generation_data,73,200,0.89,NA
75,34,count-odds,lexicase,FALSE,20,elitize_generation_data,74,184,0.903,NA
76,34,count-odds,lexicase,FALSE,20,elitize_generation_data,75,175,0.877,NA
77,34,count-odds,lexicase,FALSE,20,elitize_generation_data,76,169,0.895,NA
78,34,count-odds,lexicase,FALSE,20,elitize_generation_data,77,176,0.866,NA
79,34,count-odds,lexicase,FALSE,20,elitize_generation_data,78,161,0.894,NA
80,34,count-odds,lexicase,FALSE,20,elitize_generation_data,79,175,0.878,NA
81,34,count-odds,lexicase,FALSE,20,elitize_generation_data,80,170,0.907,NA
82,34,count-odds,lexicase,FALSE,20,elitize_generation_data,81,158,0.874,NA
83,34,count-odds,lexicase,FALSE,20,elitize_generation_data,82,160,0.868,NA
84,34,count-odds,lexicase,FALSE,20,elitize_generation_data,83,170,0.873,NA
85,34,count-odds,lexicase,FALSE,20,elitize_generation_data,84,161,0.88,NA
86,34,count-odds,lexicase,FALSE,20,elitize_generation_data,85,184,0.906,NA
87,34,count-odds,lexicase,FALSE,20,elitize_generation_data,86,181,0.885,NA
88,34,count-odds,lexicase,FALSE,20,elitize_generation_data,87,171,0.858,NA
89,34,count-odds,lexicase,FALSE,20,elitize_generation_data,88,177,0.882,NA
90,34,count-odds,lexicase,FALSE,20,elitize_generation_data,89,175,0.867,NA
91,34,count-odds,lexicase,FALSE,20,elitize_generation_data,90,170,0.871,NA
92,34,count-odds,lexicase,FALSE,20,elitize_generation_data,91,170,0.881,NA
93,34,count-odds,lexicase,FALSE,20,elitize_generation_data,92,161,0.859,NA
94,34,count-odds,lexicase,FALSE,20,elitize_generation_data,93,179,0.876,NA
95,34,count-odds,lexicase,FALSE,20,elitize_generation_data,94,183,0.893,NA
96,34,count-odds,lexicase,FALSE,20,elitize_generation_data,95,179,0.879,NA
97,34,count-odds,lexicase,FALSE,20,elitize_generation_data,96,171,0.883,NA
98,34,count-odds,lexicase,FALSE,20,elitize_generation_data,97,178,0.873,NA
99,34,count-odds,lexicase,FALSE,20,elitize_generation_data,98,179,0.878,NA
100,34,count-odds,lexicase,FALSE,20,elitize_generation_data,99,177,0.881,NA
101,34,count-odds,lexicase,FALSE,20,elitize_generation_data,100,187,0.878,NA
102,34,count-odds,lexicase,FALSE,20,elitize_generation_data,101,188,0.87,NA
103,34,count-odds,lexicase,FALSE,20,elitize_generation_data,102,182,0.878,NA
104,34,count-odds,lexicase,FALSE,20,elitize_generation_data,103,157,0.863,NA
105,34,count-odds,lexicase,FALSE,20,elitize_generation_data,104,169,0.88,NA
106,34,count-odds,lexicase,FALSE,20,elitize_generation_data,105,176,0.879,NA
107,34,count-odds,lexicase,FALSE,20,elitize_generation_data,106,165,0.901,NA
108,34,count-odds,lexicase,FALSE,20,elitize_generation_data,107,163,0.885,NA
109,34,count-odds,lexicase,FALSE,20,elitize_generation_data,108,168,0.868,NA
110,34,count-odds,lexicase,FALSE,20,elitize_generation_data,109,169,0.871,NA
111,34,count-odds,lexicase,FALSE,20,elitize_generation_data,110,176,0.875,NA
112,34,count-odds,lexicase,FALSE,20,elitize_generation_data,111,166,0.852,NA
113,34,count-odds,lexicase,FALSE,20,elitize_generation_data,112,168,0.885,NA
114,34,count-odds,lexicase,FALSE,20,elitize_generation_data,113,168,0.879,NA
115,34,count-odds,lexicase,FALSE,20,elitize_generation_data,114,176,0.88,NA
116,34,count-odds,lexicase,FALSE,20,elitize_generation_data,115,164,0.895,NA
117,34,count-odds,lexicase,FALSE,20,elitize_generation_data,116,169,0.877,NA
118,34,count-odds,lexicase,FALSE,20,elitize_generation_data,117,158,0.838,NA
119,34,count-odds,lexicase,FALSE,20,elitize_generation_data,118,164,0.857,NA
120,34,count-odds,lexicase,FALSE,20,elitize_generation_data,119,155,0.875,NA
121,34,count-odds,lexicase,FALSE,20,elitize_generation_data,120,157,0.865,NA
122,34,count-odds,lexicase,FALSE,20,elitize_generation_data,121,154,0.864,NA
123,34,count-odds,lexicase,FALSE,20,elitize_generation_data,122,161,0.847,NA
124,34,count-odds,lexicase,FALSE,20,elitize_generation_data,123,167,0.85,NA
125,34,count-odds,lexicase,FALSE,20,elitize_generation_data,124,166,0.863,NA
126,34,count-odds,lexicase,FALSE,20,elitize_generation_data,125,176,0.861,NA
127,34,count-odds,lexicase,FALSE,20,elitize_generation_data,126,149,0.85,NA
128,34,count-odds,lexicase,FALSE,20,elitize_generation_data,127,164,0.849,NA
129,34,count-odds,lexicase,FALSE,20,elitize_generation_data,128,175,0.856,NA
130,34,count-odds,lexicase,FALSE,20,elitize_generation_data,129,179,0.867,NA
131,34,count-odds,lexicase,FALSE,20,elitize_generation_data,130,175,0.858,NA
132,34,count-odds,lexicase,FALSE,20,elitize_generation_data,131,172,0.852,NA
133,34,count-odds,lexicase,FALSE,20,elitize_generation_data,132,165,0.872,NA
134,34,count-odds,lexicase,FALSE,20,elitize_generation_data,133,163,0.863,NA
135,34,count-odds,lexicase,FALSE,20,elitize_generation_data,134,167,0.879,NA
136,34,count-odds,lexicase,FALSE,20,elitize_generation_data,135,165,0.856,NA
137,34,count-odds,lexicase,FALSE,20,elitize_generation_data,136,172,0.853,NA
138,34,count-odds,lexicase,FALSE,20,elitize_generation_data,137,166,0.876,NA
139,34,count-odds,lexicase,FALSE,20,elitize_generation_data,138,167,0.848,NA
140,34,count-odds,lexicase,FALSE,20,elitize_generation_data,139,179,0.856,NA
141,34,count-odds,lexicase,FALSE,20,elitize_generation_data,140,183,0.846,NA
142,34,count-odds,lexicase,FALSE,20,elitize_generation_data,141,166,0.859,NA
143,34,count-odds,lexicase,FALSE,20,elitize_generation_data,142,158,0.846,NA
144,34,count-odds,lexicase,FALSE,20,elitize_generation_data,143,153,0.841,NA
145,34,count-odds,lexicase,FALSE,20,elitize_generation_data,144,168,0.865,NA
146,34,count-odds,lexicase,FALSE,20,elitize_generation_data,145,176,0.843,NA
147,34,count-odds,lexicase,FALSE,20,elitize_generation_data,146,181,0.857,NA
148,34,count-odds,lexicase,FALSE,20,elitize_generation_data,147,175,0.863,NA
149,34,count-odds,lexicase,FALSE,20,elitize_generation_data,148,182,0.854,NA
150,34,count-odds,lexicase,FALSE,20,elitize_generation_data,149,177,0.877,NA
151,34,count-odds,lexicase,FALSE,20,elitize_generation_data,150,185,0.867,NA
152,34,count-odds,lexicase,FALSE,20,elitize_generation_data,151,193,0.878,NA
153,34,count-odds,lexicase,FALSE,20,elitize_generation_data,152,190,0.863,NA
154,34,count-odds,lexicase,FALSE,20,elitize_generation_data,153,170,0.844,NA
155,34,count-odds,lexicase,FALSE,20,elitize_generation_data,154,177,0.826,NA
156,34,count-odds,lexicase,FALSE,20,elitize_generation_data,155,181,0.841,NA
157,34,count-odds,lexicase,FALSE,20,elitize_generation_data,156,179,0.837,NA
158,34,count-odds,lexicase,FALSE,20,elitize_generation_data,157,170,0.844,NA
159,34,count-odds,lexicase,FALSE,20,elitize_generation_data,158,172,0.855,NA
160,34,count-odds,lexicase,FALSE,20,elitize_generation_data,159,176,0.842,NA
161,34,count-odds,lexicase,FALSE,20,elitize_generation_data,160,185,0.854,NA
162,34,count-odds,lexicase,FALSE,20,elitize_generation_data,161,177,0.836,NA
163,34,count-odds,lexicase,FALSE,20,elitize_generation_data,162,188,0.841,NA
164,34,count-odds,lexicase,FALSE,20,elitize_generation_data,163,168,0.84,NA
165,34,count-odds,lexicase,FALSE,20,elitize_generation_data,164,162,0.85,NA
166,34,count-odds,lexicase,FALSE,20,elitize_generation_data,165,170,0.839,NA
167,34,count-odds,lexicase,FALSE,20,elitize_generation_data,166,164,0.84,NA
168,34,count-odds,lexicase,FALSE,20,elitize_generation_data,167,152,0.838,NA
169,34,count-odds,lexicase,FALSE,20,elitize_generation_data,168,157,0.855,NA
170,34,count-odds,lexicase,FALSE,20,elitize_generation_data,169,149,0.835,NA
171,34,count-odds,lexicase,FALSE,20,elitize_generation_data,170,168,0.8,NA
172,34,count-odds,lexicase,FALSE,20,elitize_generation_data,171,171,0.833,NA
173,34,count-odds,lexicase,FALSE,20,elitize_generation_data,172,164,0.835,NA
174,34,count-odds,lexicase,FALSE,20,elitize_generation_data,173,151,0.837,NA
175,34,count-odds,lexicase,FALSE,20,elitize_generation_data,174,145,0.82,NA
176,34,count-odds,lexicase,FALSE,20,elitize_generation_data,175,154,0.828,NA
177,34,count-odds,lexicase,FALSE,20,elitize_generation_data,176,152,0.844,NA
178,34,count-odds,lexicase,FALSE,20,elitize_generation_data,177,153,0.826,NA
179,34,count-odds,lexicase,FALSE,20,elitize_generation_data,178,155,0.841,NA
180,34,count-odds,lexicase,FALSE,20,elitize_generation_data,179,173,0.824,NA
181,34,count-odds,lexicase,FALSE,20,elitize_generation_data,180,181,0.836,NA
182,34,count-odds,lexicase,FALSE,20,elitize_generation_data,181,169,0.842,NA
183,34,count-odds,lexicase,FALSE,20,elitize_generation_data,182,161,0.823,NA
184,34,count-odds,lexicase,FALSE,20,elitize_generation_data,183,179,0.839,NA
185,34,count-odds,lexicase,FALSE,20,elitize_generation_data,184,173,0.826,NA
186,34,count-odds,lexicase,FALSE,20,elitize_generation_data,185,170,0.827,NA
187,34,count-odds,lexicase,FALSE,20,elitize_generation_data,186,178,0.819,NA
188,34,count-odds,lexicase,FALSE,20,elitize_generation_data,187,173,0.821,NA
189,34,count-odds,lexicase,FALSE,20,elitize_generation_data,188,179,0.809,NA
190,34,count-odds,lexicase,FALSE,20,elitize_generation_data,189,174,0.808,NA
191,34,count-odds,lexicase,FALSE,20,elitize_generation_data,190,176,0.834,NA
192,34,count-odds,lexicase,FALSE,20,elitize_generation_data,191,183,0.837,NA
193,34,count-odds,lexicase,FALSE,20,elitize_generation_data,192,185,0.847,NA
194,34,count-odds,lexicase,FALSE,20,elitize_generation_data,193,180,0.834,NA
195,34,count-odds,lexicase,FALSE,20,elitize_generation_data,194,171,0.834,NA
196,34,count-odds,lexicase,FALSE,20,elitize_generation_data,195,153,0.822,NA
197,34,count-odds,lexicase,FALSE,20,elitize_generation_data,196,157,0.795,NA
198,34,count-odds,lexicase,FALSE,20,elitize_generation_data,197,179,0.794,NA
199,34,count-odds,lexicase,FALSE,20,elitize_generation_data,198,179,0.829,NA
200,34,count-odds,lexicase,FALSE,20,elitize_generation_data,199,166,0.816,NA
201,34,count-odds,lexicase,FALSE,20,elitize_generation_data,200,175,0.813,NA
202,34,count-odds,lexicase,FALSE,20,elitize_generation_data,201,157,0.813,NA
203,34,count-odds,lexicase,FALSE,20,elitize_generation_data,202,154,0.825,NA
204,34,count-odds,lexicase,FALSE,20,elitize_generation_data,203,173,0.851,NA
205,34,count-odds,lexicase,FALSE,20,elitize_generation_data,204,170,0.819,NA
206,34,count-odds,lexicase,FALSE,20,elitize_generation_data,205,172,0.848,NA
207,34,count-odds,lexicase,FALSE,20,elitize_generation_data,206,162,0.83,NA
208,34,count-odds,lexicase,FALSE,20,elitize_generation_data,207,167,0.826,NA
209,34,count-odds,lexicase,FALSE,20,elitize_generation_data,208,173,0.815,NA
210,34,count-odds,lexicase,FALSE,20,elitize_generation_data,209,162,0.816,NA
211,34,count-odds,lexicase,FALSE,20,elitize_generation_data,210,166,0.84,NA
212,34,count-odds,lexicase,FALSE,20,elitize_generation_data,211,179,0.807,NA
213,34,count-odds,lexicase,FALSE,20,elitize_generation_data,212,188,0.816,NA
214,34,count-odds,lexicase,FALSE,20,elitize_generation_data,213,185,0.811,NA
215,34,count-odds,lexicase,FALSE,20,elitize_generation_data,214,183,0.824,NA
216,34,count-odds,lexicase,FALSE,20,elitize_generation_data,215,182,0.821,NA
217,34,count-odds,lexicase,FALSE,20,elitize_generation_data,216,179,0.836,NA
218,34,count-odds,lexicase,FALSE,20,elitize_generation_data,217,167,0.833,NA
219,34,count-odds,lexicase,FALSE,20,elitize_generation_data,218,187,0.82,NA
220,34,count-odds,lexicase,FALSE,20,elitize_generation_data,219,183,0.823,NA
221,34,count-odds,lexicase,FALSE,20,elitize_generation_data,220,175,0.794,NA
222,34,count-odds,lexicase,FALSE,20,elitize_generation_data,221,178,0.823,NA
223,34,count-odds,lexicase,FALSE,20,elitize_generation_data,222,199,0.834,NA
224,34,count-odds,lexicase,FALSE,20,elitize_generation_data,223,195,0.828,NA
225,34,count-odds,lexicase,FALSE,20,elitize_generation_data,224,183,0.817,NA
226,34,count-odds,lexicase,FALSE,20,elitize_generation_data,225,181,0.825,NA
227,34,count-odds,lexicase,FALSE,20,elitize_generation_data,226,193,0.828,NA
228,34,count-odds,lexicase,FALSE,20,elitize_generation_data,227,193,0.803,NA
229,34,count-odds,lexicase,FALSE,20,elitize_generation_data,228,196,0.816,NA
230,34,count-odds,lexicase,FALSE,20,elitize_generation_data,229,178,0.822,NA
231,34,count-odds,lexicase,FALSE,20,elitize_generation_data,230,174,0.832,NA
232,34,count-odds,lexicase,FALSE,20,elitize_generation_data,231,176,0.819,NA
233,34,count-odds,lexicase,FALSE,20,elitize_generation_data,232,170,0.832,NA
234,34,count-odds,lexicase,FALSE,20,elitize_generation_data,233,178,0.835,NA
235,34,count-odds,lexicase,FALSE,20,elitize_generation_data,234,171,0.826,NA
236,34,count-odds,lexicase,FALSE,20,elitize_generation_data,235,175,0.831,NA
237,34,count-odds,lexicase,FALSE,20,elitize_generation_data,236,172,0.821,NA
238,34,count-odds,lexicase,FALSE,20,elitize_generation_data,237,187,0.829,NA
239,34,count-odds,lexicase,FALSE,20,elitize_generation_data,238,178,0.8,NA
240,34,count-odds,lexicase,FALSE,20,elitize_generation_data,239,187,0.831,NA
241,34,count-odds,lexicase,FALSE,20,elitize_generation_data,240,192,0.821,NA
242,34,count-odds,lexicase,FALSE,20,elitize_generation_data,241,184,0.792,NA
243,34,count-odds,lexicase,FALSE,20,elitize_generation_data,242,177,0.805,NA
244,34,count-odds,lexicase,FALSE,20,elitize_generation_data,243,162,0.807,NA
245,34,count-odds,lexicase,FALSE,20,elitize_generation_data,244,166,0.8,NA
246,34,count-odds,lexicase,FALSE,20,elitize_generation_data,245,168,0.832,NA
247,34,count-odds,lexicase,FALSE,20,elitize_generation_data,246,167,0.822,NA
248,34,count-odds,lexicase,FALSE,20,elitize_generation_data,247,170,0.821,NA
249,34,count-odds,lexicase,FALSE,20,elitize_generation_data,248,167,0.823,NA
250,34,count-odds,lexicase,FALSE,20,elitize_generation_data,249,171,0.815,NA
251,34,count-odds,lexicase,FALSE,20,elitize_generation_data,250,179,0.813,NA
252,34,count-odds,lexicase,FALSE,20,elitize_generation_data,251,166,0.807,NA
253,34,count-odds,lexicase,FALSE,20,elitize_generation_data,252,169,0.8,NA
254,34,count-odds,lexicase,FALSE,20,elitize_generation_data,253,186,0.815,NA
255,34,count-odds,lexicase,FALSE,20,elitize_generation_data,254,172,0.798,NA
256,34,count-odds,lexicase,FALSE,20,elitize_generation_data,255,186,0.819,NA
257,34,count-odds,lexicase,FALSE,20,elitize_generation_data,256,173,0.815,NA
258,34,count-odds,lexicase,FALSE,20,elitize_generation_data,257,181,0.815,NA
259,34,count-odds,lexicase,FALSE,20,elitize_generation_data,258,183,0.811,NA
260,34,count-odds,lexicase,FALSE,20,elitize_generation_data,259,175,0.807,NA
261,34,count-odds,lexicase,FALSE,20,elitize_generation_data,260,191,0.804,NA
262,34,count-odds,lexicase,FALSE,20,elitize_generation_data,261,176,0.793,NA
263,34,count-odds,lexicase,FALSE,20,elitize_generation_data,262,181,0.827,NA
264,34,count-odds,lexicase,FALSE,20,elitize_generation_data,263,183,0.818,NA
265,34,count-odds,lexicase,FALSE,20,elitize_generation_data,264,174,0.839,NA
266,34,count-odds,lexicase,FALSE,20,elitize_generation_data,265,167,0.812,NA
267,34,count-odds,lexicase,FALSE,20,elitize_generation_data,266,195,0.821,NA
268,34,count-odds,lexicase,FALSE,20,elitize_generation_data,267,189,0.822,NA
269,34,count-odds,lexicase,FALSE,20,elitize_generation_data,268,164,0.8,NA
270,34,count-odds,lexicase,FALSE,20,elitize_generation_data,269,166,0.809,NA
271,34,count-odds,lexicase,FALSE,20,elitize_generation_data,270,185,0.826,NA
272,34,count-odds,lexicase,FALSE,20,elitize_generation_data,271,200,0.821,NA
273,34,count-odds,lexicase,FALSE,20,elitize_generation_data,272,182,0.828,NA
274,34,count-odds,lexicase,FALSE,20,elitize_generation_data,273,172,0.795,NA
275,34,count-odds,lexicase,FALSE,20,elitize_generation_data,274,168,0.816,NA
276,34,count-odds,lexicase,FALSE,20,elitize_generation_data,275,173,0.793,NA
277,34,count-odds,lexicase,FALSE,20,elitize_generation_data,276,157,0.79,NA
278,34,count-odds,lexicase,FALSE,20,elitize_generation_data,277,165,0.799,NA
279,34,count-odds,lexicase,FALSE,20,elitize_generation_data,278,168,0.81,NA
280,34,count-odds,lexicase,FALSE,20,elitize_generation_data,279,159,0.826,NA
281,34,count-odds,lexicase,FALSE,20,elitize_generation_data,280,176,0.829,NA
282,34,count-odds,lexicase,FALSE,20,elitize_generation_data,281,167,0.827,NA
283,34,count-odds,lexicase,FALSE,20,elitize_generation_data,282,168,0.81,NA
284,34,count-odds,lexicase,FALSE,20,elitize_generation_data,283,171,0.803,NA
285,34,count-odds,lexicase,FALSE,20,elitize_generation_data,284,172,0.821,NA
286,34,count-odds,lexicase,FALSE,20,elitize_generation_data,285,175,0.783,NA
287,34,count-odds,lexicase,FALSE,20,elitize_generation_data,286,182,0.804,NA
288,34,count-odds,lexicase,FALSE,20,elitize_generation_data,287,160,0.811,NA
289,34,count-odds,lexicase,FALSE,20,elitize_generation_data,288,193,0.805,NA
290,34,count-odds,lexicase,FALSE,20,elitize_generation_data,289,181,0.8,NA
291,34,count-odds,lexicase,FALSE,20,elitize_generation_data,290,179,0.799,NA
292,34,count-odds,lexicase,FALSE,20,elitize_generation_data,291,171,0.796,NA
293,34,count-odds,lexicase,FALSE,20,elitize_generation_data,292,162,0.777,NA
294,34,count-odds,lexicase,FALSE,20,elitize_generation_data,293,169,0.793,NA
295,34,count-odds,lexicase,FALSE,20,elitize_generation_data,294,180,0.778,NA
296,34,count-odds,lexicase,FALSE,20,elitize_generation_data,295,174,0.788,NA
297,34,count-odds,lexicase,FALSE,20,elitize_generation_data,296,192,0.821,NA
298,34,count-odds,lexicase,FALSE,20,elitize_generation_data,297,190,0.799,NA
299,34,count-odds,lexicase,FALSE,20,elitize_generation_data,298,197,0.819,NA
300,34,count-odds,lexicase,FALSE,20,elitize_generation_data,299,184,0.805,NA
301,34,count-odds,lexicase,FALSE,20,elitize_generation_data,300,177,0.799,NA
