,run.num,problem,treatment,succeeded,height,normalization.function,generation,cluster.count,error.diversity,success.generation
1,9,count-odds,lexicase,FALSE,20,elitize_generation_data,0,7,0.189,NA
2,9,count-odds,lexicase,FALSE,20,elitize_generation_data,1,12,0.189,NA
3,9,count-odds,lexicase,FALSE,20,elitize_generation_data,2,14,0.33,NA
4,9,count-odds,lexicase,FALSE,20,elitize_generation_data,3,22,0.37,NA
5,9,count-odds,lexicase,FALSE,20,elitize_generation_data,4,40,0.49,NA
6,9,count-odds,lexicase,FALSE,20,elitize_generation_data,5,53,0.577,NA
7,9,count-odds,lexicase,FALSE,20,elitize_generation_data,6,67,0.645,NA
8,9,count-odds,lexicase,FALSE,20,elitize_generation_data,7,70,0.678,NA
9,9,count-odds,lexicase,FALSE,20,elitize_generation_data,8,79,0.7,NA
10,9,count-odds,lexicase,FALSE,20,elitize_generation_data,9,85,0.687,NA
11,9,count-odds,lexicase,FALSE,20,elitize_generation_data,10,76,0.682,NA
12,9,count-odds,lexicase,FALSE,20,elitize_generation_data,11,88,0.711,NA
13,9,count-odds,lexicase,FALSE,20,elitize_generation_data,12,103,0.714,NA
14,9,count-odds,lexicase,FALSE,20,elitize_generation_data,13,94,0.692,NA
15,9,count-odds,lexicase,FALSE,20,elitize_generation_data,14,99,0.722,NA
16,9,count-odds,lexicase,FALSE,20,elitize_generation_data,15,90,0.695,NA
17,9,count-odds,lexicase,FALSE,20,elitize_generation_data,16,94,0.702,NA
18,9,count-odds,lexicase,FALSE,20,elitize_generation_data,17,93,0.698,NA
19,9,count-odds,lexicase,FALSE,20,elitize_generation_data,18,103,0.704,NA
20,9,count-odds,lexicase,FALSE,20,elitize_generation_data,19,101,0.699,NA
21,9,count-odds,lexicase,FALSE,20,elitize_generation_data,20,100,0.68,NA
22,9,count-odds,lexicase,FALSE,20,elitize_generation_data,21,108,0.695,NA
23,9,count-odds,lexicase,FALSE,20,elitize_generation_data,22,109,0.687,NA
24,9,count-odds,lexicase,FALSE,20,elitize_generation_data,23,103,0.68,NA
25,9,count-odds,lexicase,FALSE,20,elitize_generation_data,24,99,0.678,NA
26,9,count-odds,lexicase,FALSE,20,elitize_generation_data,25,108,0.704,NA
27,9,count-odds,lexicase,FALSE,20,elitize_generation_data,26,105,0.692,NA
28,9,count-odds,lexicase,FALSE,20,elitize_generation_data,27,94,0.72,NA
29,9,count-odds,lexicase,FALSE,20,elitize_generation_data,28,88,0.708,NA
30,9,count-odds,lexicase,FALSE,20,elitize_generation_data,29,109,0.714,NA
31,9,count-odds,lexicase,FALSE,20,elitize_generation_data,30,109,0.684,NA
32,9,count-odds,lexicase,FALSE,20,elitize_generation_data,31,115,0.697,NA
33,9,count-odds,lexicase,FALSE,20,elitize_generation_data,32,109,0.7,NA
34,9,count-odds,lexicase,FALSE,20,elitize_generation_data,33,115,0.693,NA
35,9,count-odds,lexicase,FALSE,20,elitize_generation_data,34,117,0.682,NA
36,9,count-odds,lexicase,FALSE,20,elitize_generation_data,35,122,0.699,NA
37,9,count-odds,lexicase,FALSE,20,elitize_generation_data,36,126,0.708,NA
38,9,count-odds,lexicase,FALSE,20,elitize_generation_data,37,135,0.714,NA
39,9,count-odds,lexicase,FALSE,20,elitize_generation_data,38,118,0.722,NA
40,9,count-odds,lexicase,FALSE,20,elitize_generation_data,39,124,0.713,NA
41,9,count-odds,lexicase,FALSE,20,elitize_generation_data,40,128,0.722,NA
42,9,count-odds,lexicase,FALSE,20,elitize_generation_data,41,132,0.727,NA
43,9,count-odds,lexicase,FALSE,20,elitize_generation_data,42,133,0.719,NA
44,9,count-odds,lexicase,FALSE,20,elitize_generation_data,43,141,0.72,NA
45,9,count-odds,lexicase,FALSE,20,elitize_generation_data,44,137,0.719,NA
46,9,count-odds,lexicase,FALSE,20,elitize_generation_data,45,125,0.69,NA
47,9,count-odds,lexicase,FALSE,20,elitize_generation_data,46,136,0.707,NA
48,9,count-odds,lexicase,FALSE,20,elitize_generation_data,47,138,0.723,NA
49,9,count-odds,lexicase,FALSE,20,elitize_generation_data,48,151,0.701,NA
50,9,count-odds,lexicase,FALSE,20,elitize_generation_data,49,152,0.724,NA
51,9,count-odds,lexicase,FALSE,20,elitize_generation_data,50,137,0.678,NA
52,9,count-odds,lexicase,FALSE,20,elitize_generation_data,51,153,0.698,NA
53,9,count-odds,lexicase,FALSE,20,elitize_generation_data,52,146,0.704,NA
54,9,count-odds,lexicase,FALSE,20,elitize_generation_data,53,156,0.718,NA
55,9,count-odds,lexicase,FALSE,20,elitize_generation_data,54,135,0.678,NA
56,9,count-odds,lexicase,FALSE,20,elitize_generation_data,55,151,0.702,NA
57,9,count-odds,lexicase,FALSE,20,elitize_generation_data,56,140,0.695,NA
58,9,count-odds,lexicase,FALSE,20,elitize_generation_data,57,143,0.703,NA
59,9,count-odds,lexicase,FALSE,20,elitize_generation_data,58,151,0.706,NA
60,9,count-odds,lexicase,FALSE,20,elitize_generation_data,59,139,0.713,NA
61,9,count-odds,lexicase,FALSE,20,elitize_generation_data,60,146,0.724,NA
62,9,count-odds,lexicase,FALSE,20,elitize_generation_data,61,135,0.702,NA
63,9,count-odds,lexicase,FALSE,20,elitize_generation_data,62,124,0.681,NA
64,9,count-odds,lexicase,FALSE,20,elitize_generation_data,63,150,0.715,NA
65,9,count-odds,lexicase,FALSE,20,elitize_generation_data,64,145,0.704,NA
66,9,count-odds,lexicase,FALSE,20,elitize_generation_data,65,144,0.684,NA
67,9,count-odds,lexicase,FALSE,20,elitize_generation_data,66,148,0.672,NA
68,9,count-odds,lexicase,FALSE,20,elitize_generation_data,67,143,0.654,NA
69,9,count-odds,lexicase,FALSE,20,elitize_generation_data,68,138,0.67,NA
70,9,count-odds,lexicase,FALSE,20,elitize_generation_data,69,131,0.669,NA
71,9,count-odds,lexicase,FALSE,20,elitize_generation_data,70,154,0.689,NA
72,9,count-odds,lexicase,FALSE,20,elitize_generation_data,71,145,0.685,NA
73,9,count-odds,lexicase,FALSE,20,elitize_generation_data,72,150,0.697,NA
74,9,count-odds,lexicase,FALSE,20,elitize_generation_data,73,159,0.676,NA
75,9,count-odds,lexicase,FALSE,20,elitize_generation_data,74,157,0.684,NA
76,9,count-odds,lexicase,FALSE,20,elitize_generation_data,75,149,0.683,NA
77,9,count-odds,lexicase,FALSE,20,elitize_generation_data,76,151,0.675,NA
78,9,count-odds,lexicase,FALSE,20,elitize_generation_data,77,137,0.695,NA
79,9,count-odds,lexicase,FALSE,20,elitize_generation_data,78,127,0.676,NA
80,9,count-odds,lexicase,FALSE,20,elitize_generation_data,79,132,0.668,NA
81,9,count-odds,lexicase,FALSE,20,elitize_generation_data,80,136,0.661,NA
82,9,count-odds,lexicase,FALSE,20,elitize_generation_data,81,130,0.661,NA
83,9,count-odds,lexicase,FALSE,20,elitize_generation_data,82,134,0.702,NA
84,9,count-odds,lexicase,FALSE,20,elitize_generation_data,83,151,0.682,NA
85,9,count-odds,lexicase,FALSE,20,elitize_generation_data,84,138,0.675,NA
86,9,count-odds,lexicase,FALSE,20,elitize_generation_data,85,146,0.698,NA
87,9,count-odds,lexicase,FALSE,20,elitize_generation_data,86,138,0.695,NA
88,9,count-odds,lexicase,FALSE,20,elitize_generation_data,87,143,0.7,NA
89,9,count-odds,lexicase,FALSE,20,elitize_generation_data,88,153,0.72,NA
90,9,count-odds,lexicase,FALSE,20,elitize_generation_data,89,158,0.697,NA
91,9,count-odds,lexicase,FALSE,20,elitize_generation_data,90,156,0.688,NA
92,9,count-odds,lexicase,FALSE,20,elitize_generation_data,91,152,0.7,NA
93,9,count-odds,lexicase,FALSE,20,elitize_generation_data,92,145,0.701,NA
94,9,count-odds,lexicase,FALSE,20,elitize_generation_data,93,148,0.69,NA
95,9,count-odds,lexicase,FALSE,20,elitize_generation_data,94,132,0.676,NA
96,9,count-odds,lexicase,FALSE,20,elitize_generation_data,95,155,0.697,NA
97,9,count-odds,lexicase,FALSE,20,elitize_generation_data,96,148,0.708,NA
98,9,count-odds,lexicase,FALSE,20,elitize_generation_data,97,163,0.7,NA
99,9,count-odds,lexicase,FALSE,20,elitize_generation_data,98,163,0.723,NA
100,9,count-odds,lexicase,FALSE,20,elitize_generation_data,99,146,0.709,NA
101,9,count-odds,lexicase,FALSE,20,elitize_generation_data,100,152,0.681,NA
102,9,count-odds,lexicase,FALSE,20,elitize_generation_data,101,165,0.712,NA
103,9,count-odds,lexicase,FALSE,20,elitize_generation_data,102,178,0.72,NA
104,9,count-odds,lexicase,FALSE,20,elitize_generation_data,103,161,0.698,NA
105,9,count-odds,lexicase,FALSE,20,elitize_generation_data,104,156,0.718,NA
106,9,count-odds,lexicase,FALSE,20,elitize_generation_data,105,166,0.696,NA
107,9,count-odds,lexicase,FALSE,20,elitize_generation_data,106,160,0.713,NA
108,9,count-odds,lexicase,FALSE,20,elitize_generation_data,107,153,0.7,NA
109,9,count-odds,lexicase,FALSE,20,elitize_generation_data,108,153,0.711,NA
110,9,count-odds,lexicase,FALSE,20,elitize_generation_data,109,145,0.744,NA
111,9,count-odds,lexicase,FALSE,20,elitize_generation_data,110,144,0.719,NA
112,9,count-odds,lexicase,FALSE,20,elitize_generation_data,111,150,0.711,NA
113,9,count-odds,lexicase,FALSE,20,elitize_generation_data,112,142,0.696,NA
114,9,count-odds,lexicase,FALSE,20,elitize_generation_data,113,144,0.716,NA
115,9,count-odds,lexicase,FALSE,20,elitize_generation_data,114,154,0.705,NA
116,9,count-odds,lexicase,FALSE,20,elitize_generation_data,115,159,0.71,NA
117,9,count-odds,lexicase,FALSE,20,elitize_generation_data,116,178,0.71,NA
118,9,count-odds,lexicase,FALSE,20,elitize_generation_data,117,169,0.721,NA
119,9,count-odds,lexicase,FALSE,20,elitize_generation_data,118,177,0.726,NA
120,9,count-odds,lexicase,FALSE,20,elitize_generation_data,119,164,0.698,NA
121,9,count-odds,lexicase,FALSE,20,elitize_generation_data,120,161,0.715,NA
122,9,count-odds,lexicase,FALSE,20,elitize_generation_data,121,166,0.749,NA
123,9,count-odds,lexicase,FALSE,20,elitize_generation_data,122,156,0.734,NA
124,9,count-odds,lexicase,FALSE,20,elitize_generation_data,123,162,0.714,NA
125,9,count-odds,lexicase,FALSE,20,elitize_generation_data,124,161,0.729,NA
126,9,count-odds,lexicase,FALSE,20,elitize_generation_data,125,168,0.708,NA
127,9,count-odds,lexicase,FALSE,20,elitize_generation_data,126,171,0.711,NA
128,9,count-odds,lexicase,FALSE,20,elitize_generation_data,127,161,0.744,NA
129,9,count-odds,lexicase,FALSE,20,elitize_generation_data,128,165,0.718,NA
130,9,count-odds,lexicase,FALSE,20,elitize_generation_data,129,166,0.738,NA
131,9,count-odds,lexicase,FALSE,20,elitize_generation_data,130,174,0.743,NA
132,9,count-odds,lexicase,FALSE,20,elitize_generation_data,131,170,0.712,NA
133,9,count-odds,lexicase,FALSE,20,elitize_generation_data,132,167,0.71,NA
134,9,count-odds,lexicase,FALSE,20,elitize_generation_data,133,162,0.714,NA
135,9,count-odds,lexicase,FALSE,20,elitize_generation_data,134,180,0.76,NA
136,9,count-odds,lexicase,FALSE,20,elitize_generation_data,135,182,0.753,NA
137,9,count-odds,lexicase,FALSE,20,elitize_generation_data,136,191,0.765,NA
138,9,count-odds,lexicase,FALSE,20,elitize_generation_data,137,178,0.737,NA
139,9,count-odds,lexicase,FALSE,20,elitize_generation_data,138,179,0.714,NA
140,9,count-odds,lexicase,FALSE,20,elitize_generation_data,139,175,0.753,NA
141,9,count-odds,lexicase,FALSE,20,elitize_generation_data,140,170,0.757,NA
142,9,count-odds,lexicase,FALSE,20,elitize_generation_data,141,159,0.738,NA
143,9,count-odds,lexicase,FALSE,20,elitize_generation_data,142,172,0.708,NA
144,9,count-odds,lexicase,FALSE,20,elitize_generation_data,143,166,0.766,NA
145,9,count-odds,lexicase,FALSE,20,elitize_generation_data,144,166,0.732,NA
146,9,count-odds,lexicase,FALSE,20,elitize_generation_data,145,167,0.725,NA
147,9,count-odds,lexicase,FALSE,20,elitize_generation_data,146,172,0.753,NA
148,9,count-odds,lexicase,FALSE,20,elitize_generation_data,147,174,0.742,NA
149,9,count-odds,lexicase,FALSE,20,elitize_generation_data,148,159,0.735,NA
150,9,count-odds,lexicase,FALSE,20,elitize_generation_data,149,164,0.75,NA
151,9,count-odds,lexicase,FALSE,20,elitize_generation_data,150,151,0.735,NA
152,9,count-odds,lexicase,FALSE,20,elitize_generation_data,151,152,0.727,NA
153,9,count-odds,lexicase,FALSE,20,elitize_generation_data,152,165,0.723,NA
154,9,count-odds,lexicase,FALSE,20,elitize_generation_data,153,176,0.718,NA
155,9,count-odds,lexicase,FALSE,20,elitize_generation_data,154,154,0.69,NA
156,9,count-odds,lexicase,FALSE,20,elitize_generation_data,155,156,0.705,NA
157,9,count-odds,lexicase,FALSE,20,elitize_generation_data,156,158,0.701,NA
158,9,count-odds,lexicase,FALSE,20,elitize_generation_data,157,159,0.699,NA
159,9,count-odds,lexicase,FALSE,20,elitize_generation_data,158,153,0.701,NA
160,9,count-odds,lexicase,FALSE,20,elitize_generation_data,159,164,0.724,NA
161,9,count-odds,lexicase,FALSE,20,elitize_generation_data,160,169,0.716,NA
162,9,count-odds,lexicase,FALSE,20,elitize_generation_data,161,185,0.711,NA
163,9,count-odds,lexicase,FALSE,20,elitize_generation_data,162,185,0.72,NA
164,9,count-odds,lexicase,FALSE,20,elitize_generation_data,163,178,0.727,NA
165,9,count-odds,lexicase,FALSE,20,elitize_generation_data,164,174,0.744,NA
166,9,count-odds,lexicase,FALSE,20,elitize_generation_data,165,165,0.72,NA
167,9,count-odds,lexicase,FALSE,20,elitize_generation_data,166,178,0.733,NA
168,9,count-odds,lexicase,FALSE,20,elitize_generation_data,167,170,0.726,NA
169,9,count-odds,lexicase,FALSE,20,elitize_generation_data,168,170,0.719,NA
170,9,count-odds,lexicase,FALSE,20,elitize_generation_data,169,169,0.732,NA
171,9,count-odds,lexicase,FALSE,20,elitize_generation_data,170,166,0.692,NA
172,9,count-odds,lexicase,FALSE,20,elitize_generation_data,171,175,0.714,NA
173,9,count-odds,lexicase,FALSE,20,elitize_generation_data,172,183,0.738,NA
174,9,count-odds,lexicase,FALSE,20,elitize_generation_data,173,172,0.738,NA
175,9,count-odds,lexicase,FALSE,20,elitize_generation_data,174,180,0.719,NA
176,9,count-odds,lexicase,FALSE,20,elitize_generation_data,175,191,0.737,NA
177,9,count-odds,lexicase,FALSE,20,elitize_generation_data,176,197,0.744,NA
178,9,count-odds,lexicase,FALSE,20,elitize_generation_data,177,190,0.714,NA
179,9,count-odds,lexicase,FALSE,20,elitize_generation_data,178,182,0.72,NA
180,9,count-odds,lexicase,FALSE,20,elitize_generation_data,179,188,0.726,NA
181,9,count-odds,lexicase,FALSE,20,elitize_generation_data,180,198,0.726,NA
182,9,count-odds,lexicase,FALSE,20,elitize_generation_data,181,186,0.729,NA
183,9,count-odds,lexicase,FALSE,20,elitize_generation_data,182,175,0.719,NA
184,9,count-odds,lexicase,FALSE,20,elitize_generation_data,183,179,0.741,NA
185,9,count-odds,lexicase,FALSE,20,elitize_generation_data,184,176,0.708,NA
186,9,count-odds,lexicase,FALSE,20,elitize_generation_data,185,169,0.733,NA
187,9,count-odds,lexicase,FALSE,20,elitize_generation_data,186,182,0.725,NA
188,9,count-odds,lexicase,FALSE,20,elitize_generation_data,187,165,0.734,NA
189,9,count-odds,lexicase,FALSE,20,elitize_generation_data,188,164,0.709,NA
190,9,count-odds,lexicase,FALSE,20,elitize_generation_data,189,171,0.71,NA
191,9,count-odds,lexicase,FALSE,20,elitize_generation_data,190,155,0.713,NA
192,9,count-odds,lexicase,FALSE,20,elitize_generation_data,191,174,0.715,NA
193,9,count-odds,lexicase,FALSE,20,elitize_generation_data,192,176,0.701,NA
194,9,count-odds,lexicase,FALSE,20,elitize_generation_data,193,184,0.722,NA
195,9,count-odds,lexicase,FALSE,20,elitize_generation_data,194,170,0.719,NA
196,9,count-odds,lexicase,FALSE,20,elitize_generation_data,195,168,0.714,NA
197,9,count-odds,lexicase,FALSE,20,elitize_generation_data,196,182,0.725,NA
198,9,count-odds,lexicase,FALSE,20,elitize_generation_data,197,190,0.747,NA
199,9,count-odds,lexicase,FALSE,20,elitize_generation_data,198,193,0.733,NA
200,9,count-odds,lexicase,FALSE,20,elitize_generation_data,199,201,0.719,NA
201,9,count-odds,lexicase,FALSE,20,elitize_generation_data,200,194,0.726,NA
202,9,count-odds,lexicase,FALSE,20,elitize_generation_data,201,188,0.754,NA
203,9,count-odds,lexicase,FALSE,20,elitize_generation_data,202,205,0.762,NA
204,9,count-odds,lexicase,FALSE,20,elitize_generation_data,203,178,0.761,NA
205,9,count-odds,lexicase,FALSE,20,elitize_generation_data,204,186,0.723,NA
206,9,count-odds,lexicase,FALSE,20,elitize_generation_data,205,209,0.735,NA
207,9,count-odds,lexicase,FALSE,20,elitize_generation_data,206,193,0.705,NA
208,9,count-odds,lexicase,FALSE,20,elitize_generation_data,207,182,0.729,NA
209,9,count-odds,lexicase,FALSE,20,elitize_generation_data,208,170,0.734,NA
210,9,count-odds,lexicase,FALSE,20,elitize_generation_data,209,174,0.718,NA
211,9,count-odds,lexicase,FALSE,20,elitize_generation_data,210,180,0.729,NA
212,9,count-odds,lexicase,FALSE,20,elitize_generation_data,211,176,0.723,NA
213,9,count-odds,lexicase,FALSE,20,elitize_generation_data,212,194,0.711,NA
214,9,count-odds,lexicase,FALSE,20,elitize_generation_data,213,183,0.722,NA
215,9,count-odds,lexicase,FALSE,20,elitize_generation_data,214,208,0.735,NA
216,9,count-odds,lexicase,FALSE,20,elitize_generation_data,215,198,0.751,NA
217,9,count-odds,lexicase,FALSE,20,elitize_generation_data,216,200,0.724,NA
218,9,count-odds,lexicase,FALSE,20,elitize_generation_data,217,193,0.725,NA
219,9,count-odds,lexicase,FALSE,20,elitize_generation_data,218,201,0.752,NA
220,9,count-odds,lexicase,FALSE,20,elitize_generation_data,219,203,0.757,NA
221,9,count-odds,lexicase,FALSE,20,elitize_generation_data,220,224,0.746,NA
222,9,count-odds,lexicase,FALSE,20,elitize_generation_data,221,201,0.778,NA
223,9,count-odds,lexicase,FALSE,20,elitize_generation_data,222,202,0.755,NA
224,9,count-odds,lexicase,FALSE,20,elitize_generation_data,223,197,0.765,NA
225,9,count-odds,lexicase,FALSE,20,elitize_generation_data,224,206,0.753,NA
226,9,count-odds,lexicase,FALSE,20,elitize_generation_data,225,218,0.774,NA
227,9,count-odds,lexicase,FALSE,20,elitize_generation_data,226,223,0.766,NA
228,9,count-odds,lexicase,FALSE,20,elitize_generation_data,227,233,0.77,NA
229,9,count-odds,lexicase,FALSE,20,elitize_generation_data,228,214,0.756,NA
230,9,count-odds,lexicase,FALSE,20,elitize_generation_data,229,219,0.753,NA
231,9,count-odds,lexicase,FALSE,20,elitize_generation_data,230,215,0.757,NA
232,9,count-odds,lexicase,FALSE,20,elitize_generation_data,231,228,0.763,NA
233,9,count-odds,lexicase,FALSE,20,elitize_generation_data,232,214,0.77,NA
234,9,count-odds,lexicase,FALSE,20,elitize_generation_data,233,214,0.742,NA
235,9,count-odds,lexicase,FALSE,20,elitize_generation_data,234,221,0.762,NA
236,9,count-odds,lexicase,FALSE,20,elitize_generation_data,235,250,0.748,NA
237,9,count-odds,lexicase,FALSE,20,elitize_generation_data,236,236,0.753,NA
238,9,count-odds,lexicase,FALSE,20,elitize_generation_data,237,228,0.746,NA
239,9,count-odds,lexicase,FALSE,20,elitize_generation_data,238,219,0.733,NA
240,9,count-odds,lexicase,FALSE,20,elitize_generation_data,239,208,0.759,NA
241,9,count-odds,lexicase,FALSE,20,elitize_generation_data,240,195,0.72,NA
242,9,count-odds,lexicase,FALSE,20,elitize_generation_data,241,204,0.694,NA
243,9,count-odds,lexicase,FALSE,20,elitize_generation_data,242,203,0.706,NA
244,9,count-odds,lexicase,FALSE,20,elitize_generation_data,243,187,0.74,NA
245,9,count-odds,lexicase,FALSE,20,elitize_generation_data,244,211,0.736,NA
246,9,count-odds,lexicase,FALSE,20,elitize_generation_data,245,211,0.751,NA
247,9,count-odds,lexicase,FALSE,20,elitize_generation_data,246,207,0.739,NA
248,9,count-odds,lexicase,FALSE,20,elitize_generation_data,247,216,0.747,NA
249,9,count-odds,lexicase,FALSE,20,elitize_generation_data,248,200,0.711,NA
250,9,count-odds,lexicase,FALSE,20,elitize_generation_data,249,207,0.727,NA
251,9,count-odds,lexicase,FALSE,20,elitize_generation_data,250,207,0.731,NA
252,9,count-odds,lexicase,FALSE,20,elitize_generation_data,251,197,0.73,NA
253,9,count-odds,lexicase,FALSE,20,elitize_generation_data,252,215,0.733,NA
254,9,count-odds,lexicase,FALSE,20,elitize_generation_data,253,203,0.742,NA
255,9,count-odds,lexicase,FALSE,20,elitize_generation_data,254,200,0.735,NA
256,9,count-odds,lexicase,FALSE,20,elitize_generation_data,255,200,0.735,NA
257,9,count-odds,lexicase,FALSE,20,elitize_generation_data,256,204,0.736,NA
258,9,count-odds,lexicase,FALSE,20,elitize_generation_data,257,189,0.763,NA
259,9,count-odds,lexicase,FALSE,20,elitize_generation_data,258,201,0.76,NA
260,9,count-odds,lexicase,FALSE,20,elitize_generation_data,259,187,0.723,NA
261,9,count-odds,lexicase,FALSE,20,elitize_generation_data,260,179,0.743,NA
262,9,count-odds,lexicase,FALSE,20,elitize_generation_data,261,187,0.748,NA
263,9,count-odds,lexicase,FALSE,20,elitize_generation_data,262,198,0.747,NA
264,9,count-odds,lexicase,FALSE,20,elitize_generation_data,263,188,0.741,NA
265,9,count-odds,lexicase,FALSE,20,elitize_generation_data,264,198,0.759,NA
266,9,count-odds,lexicase,FALSE,20,elitize_generation_data,265,195,0.749,NA
267,9,count-odds,lexicase,FALSE,20,elitize_generation_data,266,185,0.756,NA
268,9,count-odds,lexicase,FALSE,20,elitize_generation_data,267,198,0.762,NA
269,9,count-odds,lexicase,FALSE,20,elitize_generation_data,268,202,0.757,NA
270,9,count-odds,lexicase,FALSE,20,elitize_generation_data,269,198,0.735,NA
271,9,count-odds,lexicase,FALSE,20,elitize_generation_data,270,202,0.765,NA
272,9,count-odds,lexicase,FALSE,20,elitize_generation_data,271,200,0.744,NA
273,9,count-odds,lexicase,FALSE,20,elitize_generation_data,272,180,0.784,NA
274,9,count-odds,lexicase,FALSE,20,elitize_generation_data,273,212,0.78,NA
275,9,count-odds,lexicase,FALSE,20,elitize_generation_data,274,203,0.769,NA
276,9,count-odds,lexicase,FALSE,20,elitize_generation_data,275,207,0.759,NA
277,9,count-odds,lexicase,FALSE,20,elitize_generation_data,276,203,0.773,NA
278,9,count-odds,lexicase,FALSE,20,elitize_generation_data,277,210,0.766,NA
279,9,count-odds,lexicase,FALSE,20,elitize_generation_data,278,238,0.786,NA
280,9,count-odds,lexicase,FALSE,20,elitize_generation_data,279,209,0.789,NA
281,9,count-odds,lexicase,FALSE,20,elitize_generation_data,280,229,0.773,NA
282,9,count-odds,lexicase,FALSE,20,elitize_generation_data,281,225,0.781,NA
283,9,count-odds,lexicase,FALSE,20,elitize_generation_data,282,239,0.766,NA
284,9,count-odds,lexicase,FALSE,20,elitize_generation_data,283,237,0.774,NA
285,9,count-odds,lexicase,FALSE,20,elitize_generation_data,284,219,0.777,NA
286,9,count-odds,lexicase,FALSE,20,elitize_generation_data,285,218,0.751,NA
287,9,count-odds,lexicase,FALSE,20,elitize_generation_data,286,223,0.792,NA
288,9,count-odds,lexicase,FALSE,20,elitize_generation_data,287,221,0.79,NA
289,9,count-odds,lexicase,FALSE,20,elitize_generation_data,288,217,0.76,NA
290,9,count-odds,lexicase,FALSE,20,elitize_generation_data,289,202,0.754,NA
291,9,count-odds,lexicase,FALSE,20,elitize_generation_data,290,208,0.774,NA
292,9,count-odds,lexicase,FALSE,20,elitize_generation_data,291,204,0.787,NA
293,9,count-odds,lexicase,FALSE,20,elitize_generation_data,292,200,0.755,NA
294,9,count-odds,lexicase,FALSE,20,elitize_generation_data,293,209,0.766,NA
295,9,count-odds,lexicase,FALSE,20,elitize_generation_data,294,225,0.763,NA
296,9,count-odds,lexicase,FALSE,20,elitize_generation_data,295,216,0.752,NA
297,9,count-odds,lexicase,FALSE,20,elitize_generation_data,296,215,0.768,NA
298,9,count-odds,lexicase,FALSE,20,elitize_generation_data,297,204,0.735,NA
299,9,count-odds,lexicase,FALSE,20,elitize_generation_data,298,205,0.759,NA
300,9,count-odds,lexicase,FALSE,20,elitize_generation_data,299,215,0.748,NA
301,9,count-odds,lexicase,FALSE,20,elitize_generation_data,300,201,0.748,NA
