,run.num,problem,treatment,succeeded,height,normalization.function,generation,cluster.count,error.diversity,success.generation
1,53,negative-to-zero,ifs,FALSE,20,elitize_generation_data,0,13,0.041,NA
2,53,negative-to-zero,ifs,FALSE,20,elitize_generation_data,1,17,0.071,NA
3,53,negative-to-zero,ifs,FALSE,20,elitize_generation_data,2,10,0.037,NA
4,53,negative-to-zero,ifs,FALSE,20,elitize_generation_data,3,11,0.026,NA
5,53,negative-to-zero,ifs,FALSE,20,elitize_generation_data,4,12,0.028,NA
6,53,negative-to-zero,ifs,FALSE,20,elitize_generation_data,5,6,0.02,NA
7,53,negative-to-zero,ifs,FALSE,20,elitize_generation_data,6,8,0.025,NA
8,53,negative-to-zero,ifs,FALSE,20,elitize_generation_data,7,7,0.021,NA
9,53,negative-to-zero,ifs,FALSE,20,elitize_generation_data,8,5,0.02,NA
10,53,negative-to-zero,ifs,FALSE,20,elitize_generation_data,9,7,0.025,NA
11,53,negative-to-zero,ifs,FALSE,20,elitize_generation_data,10,6,0.021,NA
12,53,negative-to-zero,ifs,FALSE,20,elitize_generation_data,11,11,0.03,NA
13,53,negative-to-zero,ifs,FALSE,20,elitize_generation_data,12,9,0.031,NA
14,53,negative-to-zero,ifs,FALSE,20,elitize_generation_data,13,9,0.028,NA
15,53,negative-to-zero,ifs,FALSE,20,elitize_generation_data,14,8,0.031,NA
16,53,negative-to-zero,ifs,FALSE,20,elitize_generation_data,15,12,0.034,NA
17,53,negative-to-zero,ifs,FALSE,20,elitize_generation_data,16,9,0.029,NA
18,53,negative-to-zero,ifs,FALSE,20,elitize_generation_data,17,8,0.029,NA
19,53,negative-to-zero,ifs,FALSE,20,elitize_generation_data,18,8,0.032,NA
20,53,negative-to-zero,ifs,FALSE,20,elitize_generation_data,19,9,0.039,NA
21,53,negative-to-zero,ifs,FALSE,20,elitize_generation_data,20,9,0.045,NA
22,53,negative-to-zero,ifs,FALSE,20,elitize_generation_data,21,9,0.032,NA
23,53,negative-to-zero,ifs,FALSE,20,elitize_generation_data,22,8,0.033,NA
24,53,negative-to-zero,ifs,FALSE,20,elitize_generation_data,23,10,0.04,NA
25,53,negative-to-zero,ifs,FALSE,20,elitize_generation_data,24,11,0.036,NA
26,53,negative-to-zero,ifs,FALSE,20,elitize_generation_data,25,8,0.033,NA
27,53,negative-to-zero,ifs,FALSE,20,elitize_generation_data,26,11,0.047,NA
28,53,negative-to-zero,ifs,FALSE,20,elitize_generation_data,27,11,0.036,NA
29,53,negative-to-zero,ifs,FALSE,20,elitize_generation_data,28,9,0.042,NA
30,53,negative-to-zero,ifs,FALSE,20,elitize_generation_data,29,10,0.064,NA
31,53,negative-to-zero,ifs,FALSE,20,elitize_generation_data,30,7,0.069,NA
32,53,negative-to-zero,ifs,FALSE,20,elitize_generation_data,31,10,0.073,NA
33,53,negative-to-zero,ifs,FALSE,20,elitize_generation_data,32,9,0.079,NA
34,53,negative-to-zero,ifs,FALSE,20,elitize_generation_data,33,8,0.065,NA
35,53,negative-to-zero,ifs,FALSE,20,elitize_generation_data,34,7,0.072,NA
36,53,negative-to-zero,ifs,FALSE,20,elitize_generation_data,35,8,0.079,NA
37,53,negative-to-zero,ifs,FALSE,20,elitize_generation_data,36,11,0.089,NA
38,53,negative-to-zero,ifs,FALSE,20,elitize_generation_data,37,8,0.089,NA
39,53,negative-to-zero,ifs,FALSE,20,elitize_generation_data,38,14,0.096,NA
40,53,negative-to-zero,ifs,FALSE,20,elitize_generation_data,39,21,0.101,NA
41,53,negative-to-zero,ifs,FALSE,20,elitize_generation_data,40,15,0.104,NA
42,53,negative-to-zero,ifs,FALSE,20,elitize_generation_data,41,22,0.098,NA
43,53,negative-to-zero,ifs,FALSE,20,elitize_generation_data,42,16,0.09,NA
44,53,negative-to-zero,ifs,FALSE,20,elitize_generation_data,43,14,0.089,NA
45,53,negative-to-zero,ifs,FALSE,20,elitize_generation_data,44,23,0.107,NA
46,53,negative-to-zero,ifs,FALSE,20,elitize_generation_data,45,13,0.104,NA
47,53,negative-to-zero,ifs,FALSE,20,elitize_generation_data,46,13,0.097,NA
48,53,negative-to-zero,ifs,FALSE,20,elitize_generation_data,47,13,0.104,NA
49,53,negative-to-zero,ifs,FALSE,20,elitize_generation_data,48,12,0.118,NA
50,53,negative-to-zero,ifs,FALSE,20,elitize_generation_data,49,15,0.099,NA
51,53,negative-to-zero,ifs,FALSE,20,elitize_generation_data,50,10,0.105,NA
52,53,negative-to-zero,ifs,FALSE,20,elitize_generation_data,51,16,0.106,NA
53,53,negative-to-zero,ifs,FALSE,20,elitize_generation_data,52,12,0.096,NA
54,53,negative-to-zero,ifs,FALSE,20,elitize_generation_data,53,9,0.103,NA
55,53,negative-to-zero,ifs,FALSE,20,elitize_generation_data,54,11,0.105,NA
56,53,negative-to-zero,ifs,FALSE,20,elitize_generation_data,55,17,0.115,NA
57,53,negative-to-zero,ifs,FALSE,20,elitize_generation_data,56,10,0.11,NA
58,53,negative-to-zero,ifs,FALSE,20,elitize_generation_data,57,9,0.104,NA
59,53,negative-to-zero,ifs,FALSE,20,elitize_generation_data,58,14,0.121,NA
60,53,negative-to-zero,ifs,FALSE,20,elitize_generation_data,59,9,0.121,NA
61,53,negative-to-zero,ifs,FALSE,20,elitize_generation_data,60,11,0.123,NA
62,53,negative-to-zero,ifs,FALSE,20,elitize_generation_data,61,14,0.116,NA
63,53,negative-to-zero,ifs,FALSE,20,elitize_generation_data,62,14,0.131,NA
64,53,negative-to-zero,ifs,FALSE,20,elitize_generation_data,63,16,0.166,NA
65,53,negative-to-zero,ifs,FALSE,20,elitize_generation_data,64,25,0.179,NA
66,53,negative-to-zero,ifs,FALSE,20,elitize_generation_data,65,10,0.206,NA
67,53,negative-to-zero,ifs,FALSE,20,elitize_generation_data,66,8,0.223,NA
68,53,negative-to-zero,ifs,FALSE,20,elitize_generation_data,67,8,0.222,NA
69,53,negative-to-zero,ifs,FALSE,20,elitize_generation_data,68,6,0.254,NA
70,53,negative-to-zero,ifs,FALSE,20,elitize_generation_data,69,9,0.253,NA
71,53,negative-to-zero,ifs,FALSE,20,elitize_generation_data,70,8,0.243,NA
72,53,negative-to-zero,ifs,FALSE,20,elitize_generation_data,71,9,0.224,NA
73,53,negative-to-zero,ifs,FALSE,20,elitize_generation_data,72,9,0.248,NA
74,53,negative-to-zero,ifs,FALSE,20,elitize_generation_data,73,13,0.28,NA
75,53,negative-to-zero,ifs,FALSE,20,elitize_generation_data,74,3,0.288,NA
76,53,negative-to-zero,ifs,FALSE,20,elitize_generation_data,75,5,0.288,NA
77,53,negative-to-zero,ifs,FALSE,20,elitize_generation_data,76,4,0.259,NA
78,53,negative-to-zero,ifs,FALSE,20,elitize_generation_data,77,11,0.273,NA
79,53,negative-to-zero,ifs,FALSE,20,elitize_generation_data,78,5,0.255,NA
80,53,negative-to-zero,ifs,FALSE,20,elitize_generation_data,79,4,0.261,NA
81,53,negative-to-zero,ifs,FALSE,20,elitize_generation_data,80,4,0.25,NA
82,53,negative-to-zero,ifs,FALSE,20,elitize_generation_data,81,5,0.265,NA
83,53,negative-to-zero,ifs,FALSE,20,elitize_generation_data,82,4,0.262,NA
84,53,negative-to-zero,ifs,FALSE,20,elitize_generation_data,83,4,0.278,NA
85,53,negative-to-zero,ifs,FALSE,20,elitize_generation_data,84,4,0.259,NA
86,53,negative-to-zero,ifs,FALSE,20,elitize_generation_data,85,5,0.299,NA
87,53,negative-to-zero,ifs,FALSE,20,elitize_generation_data,86,6,0.332,NA
88,53,negative-to-zero,ifs,FALSE,20,elitize_generation_data,87,7,0.314,NA
89,53,negative-to-zero,ifs,FALSE,20,elitize_generation_data,88,9,0.3,NA
90,53,negative-to-zero,ifs,FALSE,20,elitize_generation_data,89,8,0.322,NA
91,53,negative-to-zero,ifs,FALSE,20,elitize_generation_data,90,8,0.311,NA
92,53,negative-to-zero,ifs,FALSE,20,elitize_generation_data,91,8,0.308,NA
93,53,negative-to-zero,ifs,FALSE,20,elitize_generation_data,92,3,0.289,NA
94,53,negative-to-zero,ifs,FALSE,20,elitize_generation_data,93,4,0.289,NA
95,53,negative-to-zero,ifs,FALSE,20,elitize_generation_data,94,5,0.313,NA
96,53,negative-to-zero,ifs,FALSE,20,elitize_generation_data,95,8,0.292,NA
97,53,negative-to-zero,ifs,FALSE,20,elitize_generation_data,96,6,0.303,NA
98,53,negative-to-zero,ifs,FALSE,20,elitize_generation_data,97,10,0.297,NA
99,53,negative-to-zero,ifs,FALSE,20,elitize_generation_data,98,6,0.295,NA
100,53,negative-to-zero,ifs,FALSE,20,elitize_generation_data,99,11,0.314,NA
101,53,negative-to-zero,ifs,FALSE,20,elitize_generation_data,100,8,0.311,NA
102,53,negative-to-zero,ifs,FALSE,20,elitize_generation_data,101,9,0.317,NA
103,53,negative-to-zero,ifs,FALSE,20,elitize_generation_data,102,7,0.329,NA
104,53,negative-to-zero,ifs,FALSE,20,elitize_generation_data,103,12,0.328,NA
105,53,negative-to-zero,ifs,FALSE,20,elitize_generation_data,104,11,0.364,NA
106,53,negative-to-zero,ifs,FALSE,20,elitize_generation_data,105,13,0.357,NA
107,53,negative-to-zero,ifs,FALSE,20,elitize_generation_data,106,13,0.351,NA
108,53,negative-to-zero,ifs,FALSE,20,elitize_generation_data,107,9,0.324,NA
109,53,negative-to-zero,ifs,FALSE,20,elitize_generation_data,108,9,0.302,NA
110,53,negative-to-zero,ifs,FALSE,20,elitize_generation_data,109,4,0.29,NA
111,53,negative-to-zero,ifs,FALSE,20,elitize_generation_data,110,9,0.296,NA
112,53,negative-to-zero,ifs,FALSE,20,elitize_generation_data,111,7,0.32,NA
113,53,negative-to-zero,ifs,FALSE,20,elitize_generation_data,112,11,0.315,NA
114,53,negative-to-zero,ifs,FALSE,20,elitize_generation_data,113,5,0.308,NA
115,53,negative-to-zero,ifs,FALSE,20,elitize_generation_data,114,6,0.297,NA
116,53,negative-to-zero,ifs,FALSE,20,elitize_generation_data,115,10,0.307,NA
117,53,negative-to-zero,ifs,FALSE,20,elitize_generation_data,116,5,0.289,NA
118,53,negative-to-zero,ifs,FALSE,20,elitize_generation_data,117,3,0.327,NA
119,53,negative-to-zero,ifs,FALSE,20,elitize_generation_data,118,10,0.323,NA
120,53,negative-to-zero,ifs,FALSE,20,elitize_generation_data,119,12,0.302,NA
121,53,negative-to-zero,ifs,FALSE,20,elitize_generation_data,120,12,0.303,NA
122,53,negative-to-zero,ifs,FALSE,20,elitize_generation_data,121,5,0.341,NA
123,53,negative-to-zero,ifs,FALSE,20,elitize_generation_data,122,3,0.3,NA
124,53,negative-to-zero,ifs,FALSE,20,elitize_generation_data,123,3,0.317,NA
125,53,negative-to-zero,ifs,FALSE,20,elitize_generation_data,124,11,0.332,NA
126,53,negative-to-zero,ifs,FALSE,20,elitize_generation_data,125,11,0.346,NA
127,53,negative-to-zero,ifs,FALSE,20,elitize_generation_data,126,3,0.318,NA
128,53,negative-to-zero,ifs,FALSE,20,elitize_generation_data,127,11,0.31,NA
129,53,negative-to-zero,ifs,FALSE,20,elitize_generation_data,128,5,0.336,NA
130,53,negative-to-zero,ifs,FALSE,20,elitize_generation_data,129,11,0.311,NA
131,53,negative-to-zero,ifs,FALSE,20,elitize_generation_data,130,4,0.331,NA
132,53,negative-to-zero,ifs,FALSE,20,elitize_generation_data,131,4,0.334,NA
133,53,negative-to-zero,ifs,FALSE,20,elitize_generation_data,132,4,0.308,NA
134,53,negative-to-zero,ifs,FALSE,20,elitize_generation_data,133,6,0.336,NA
135,53,negative-to-zero,ifs,FALSE,20,elitize_generation_data,134,7,0.319,NA
136,53,negative-to-zero,ifs,FALSE,20,elitize_generation_data,135,8,0.326,NA
137,53,negative-to-zero,ifs,FALSE,20,elitize_generation_data,136,7,0.327,NA
138,53,negative-to-zero,ifs,FALSE,20,elitize_generation_data,137,7,0.316,NA
139,53,negative-to-zero,ifs,FALSE,20,elitize_generation_data,138,4,0.328,NA
140,53,negative-to-zero,ifs,FALSE,20,elitize_generation_data,139,3,0.311,NA
141,53,negative-to-zero,ifs,FALSE,20,elitize_generation_data,140,8,0.306,NA
142,53,negative-to-zero,ifs,FALSE,20,elitize_generation_data,141,7,0.307,NA
143,53,negative-to-zero,ifs,FALSE,20,elitize_generation_data,142,5,0.342,NA
144,53,negative-to-zero,ifs,FALSE,20,elitize_generation_data,143,3,0.306,NA
145,53,negative-to-zero,ifs,FALSE,20,elitize_generation_data,144,4,0.314,NA
146,53,negative-to-zero,ifs,FALSE,20,elitize_generation_data,145,9,0.319,NA
147,53,negative-to-zero,ifs,FALSE,20,elitize_generation_data,146,7,0.332,NA
148,53,negative-to-zero,ifs,FALSE,20,elitize_generation_data,147,5,0.315,NA
149,53,negative-to-zero,ifs,FALSE,20,elitize_generation_data,148,3,0.344,NA
150,53,negative-to-zero,ifs,FALSE,20,elitize_generation_data,149,4,0.318,NA
151,53,negative-to-zero,ifs,FALSE,20,elitize_generation_data,150,7,0.319,NA
152,53,negative-to-zero,ifs,FALSE,20,elitize_generation_data,151,3,0.346,NA
153,53,negative-to-zero,ifs,FALSE,20,elitize_generation_data,152,3,0.353,NA
154,53,negative-to-zero,ifs,FALSE,20,elitize_generation_data,153,5,0.329,NA
155,53,negative-to-zero,ifs,FALSE,20,elitize_generation_data,154,7,0.351,NA
156,53,negative-to-zero,ifs,FALSE,20,elitize_generation_data,155,5,0.356,NA
157,53,negative-to-zero,ifs,FALSE,20,elitize_generation_data,156,3,0.362,NA
158,53,negative-to-zero,ifs,FALSE,20,elitize_generation_data,157,3,0.349,NA
159,53,negative-to-zero,ifs,FALSE,20,elitize_generation_data,158,8,0.345,NA
160,53,negative-to-zero,ifs,FALSE,20,elitize_generation_data,159,5,0.339,NA
161,53,negative-to-zero,ifs,FALSE,20,elitize_generation_data,160,7,0.35,NA
162,53,negative-to-zero,ifs,FALSE,20,elitize_generation_data,161,7,0.357,NA
163,53,negative-to-zero,ifs,FALSE,20,elitize_generation_data,162,6,0.347,NA
164,53,negative-to-zero,ifs,FALSE,20,elitize_generation_data,163,7,0.329,NA
165,53,negative-to-zero,ifs,FALSE,20,elitize_generation_data,164,4,0.338,NA
166,53,negative-to-zero,ifs,FALSE,20,elitize_generation_data,165,4,0.311,NA
167,53,negative-to-zero,ifs,FALSE,20,elitize_generation_data,166,6,0.324,NA
168,53,negative-to-zero,ifs,FALSE,20,elitize_generation_data,167,5,0.342,NA
169,53,negative-to-zero,ifs,FALSE,20,elitize_generation_data,168,4,0.35,NA
170,53,negative-to-zero,ifs,FALSE,20,elitize_generation_data,169,7,0.339,NA
171,53,negative-to-zero,ifs,FALSE,20,elitize_generation_data,170,6,0.317,NA
172,53,negative-to-zero,ifs,FALSE,20,elitize_generation_data,171,6,0.334,NA
173,53,negative-to-zero,ifs,FALSE,20,elitize_generation_data,172,6,0.348,NA
174,53,negative-to-zero,ifs,FALSE,20,elitize_generation_data,173,5,0.352,NA
175,53,negative-to-zero,ifs,FALSE,20,elitize_generation_data,174,7,0.335,NA
176,53,negative-to-zero,ifs,FALSE,20,elitize_generation_data,175,6,0.347,NA
177,53,negative-to-zero,ifs,FALSE,20,elitize_generation_data,176,5,0.348,NA
178,53,negative-to-zero,ifs,FALSE,20,elitize_generation_data,177,7,0.35,NA
179,53,negative-to-zero,ifs,FALSE,20,elitize_generation_data,178,4,0.357,NA
180,53,negative-to-zero,ifs,FALSE,20,elitize_generation_data,179,7,0.339,NA
181,53,negative-to-zero,ifs,FALSE,20,elitize_generation_data,180,7,0.36,NA
182,53,negative-to-zero,ifs,FALSE,20,elitize_generation_data,181,7,0.354,NA
183,53,negative-to-zero,ifs,FALSE,20,elitize_generation_data,182,7,0.38,NA
184,53,negative-to-zero,ifs,FALSE,20,elitize_generation_data,183,5,0.366,NA
185,53,negative-to-zero,ifs,FALSE,20,elitize_generation_data,184,5,0.333,NA
186,53,negative-to-zero,ifs,FALSE,20,elitize_generation_data,185,6,0.318,NA
187,53,negative-to-zero,ifs,FALSE,20,elitize_generation_data,186,3,0.354,NA
188,53,negative-to-zero,ifs,FALSE,20,elitize_generation_data,187,5,0.325,NA
189,53,negative-to-zero,ifs,FALSE,20,elitize_generation_data,188,4,0.349,NA
190,53,negative-to-zero,ifs,FALSE,20,elitize_generation_data,189,6,0.348,NA
191,53,negative-to-zero,ifs,FALSE,20,elitize_generation_data,190,7,0.382,NA
192,53,negative-to-zero,ifs,FALSE,20,elitize_generation_data,191,5,0.357,NA
193,53,negative-to-zero,ifs,FALSE,20,elitize_generation_data,192,3,0.356,NA
194,53,negative-to-zero,ifs,FALSE,20,elitize_generation_data,193,3,0.36,NA
195,53,negative-to-zero,ifs,FALSE,20,elitize_generation_data,194,4,0.352,NA
196,53,negative-to-zero,ifs,FALSE,20,elitize_generation_data,195,8,0.369,NA
197,53,negative-to-zero,ifs,FALSE,20,elitize_generation_data,196,5,0.362,NA
198,53,negative-to-zero,ifs,FALSE,20,elitize_generation_data,197,4,0.374,NA
199,53,negative-to-zero,ifs,FALSE,20,elitize_generation_data,198,7,0.334,NA
200,53,negative-to-zero,ifs,FALSE,20,elitize_generation_data,199,6,0.336,NA
201,53,negative-to-zero,ifs,FALSE,20,elitize_generation_data,200,7,0.332,NA
202,53,negative-to-zero,ifs,FALSE,20,elitize_generation_data,201,5,0.358,NA
203,53,negative-to-zero,ifs,FALSE,20,elitize_generation_data,202,5,0.341,NA
204,53,negative-to-zero,ifs,FALSE,20,elitize_generation_data,203,3,0.347,NA
205,53,negative-to-zero,ifs,FALSE,20,elitize_generation_data,204,5,0.381,NA
206,53,negative-to-zero,ifs,FALSE,20,elitize_generation_data,205,5,0.342,NA
207,53,negative-to-zero,ifs,FALSE,20,elitize_generation_data,206,8,0.35,NA
208,53,negative-to-zero,ifs,FALSE,20,elitize_generation_data,207,3,0.332,NA
209,53,negative-to-zero,ifs,FALSE,20,elitize_generation_data,208,9,0.357,NA
210,53,negative-to-zero,ifs,FALSE,20,elitize_generation_data,209,7,0.358,NA
211,53,negative-to-zero,ifs,FALSE,20,elitize_generation_data,210,9,0.383,NA
212,53,negative-to-zero,ifs,FALSE,20,elitize_generation_data,211,5,0.352,NA
213,53,negative-to-zero,ifs,FALSE,20,elitize_generation_data,212,8,0.368,NA
214,53,negative-to-zero,ifs,FALSE,20,elitize_generation_data,213,6,0.355,NA
215,53,negative-to-zero,ifs,FALSE,20,elitize_generation_data,214,4,0.371,NA
216,53,negative-to-zero,ifs,FALSE,20,elitize_generation_data,215,3,0.371,NA
217,53,negative-to-zero,ifs,FALSE,20,elitize_generation_data,216,3,0.372,NA
218,53,negative-to-zero,ifs,FALSE,20,elitize_generation_data,217,6,0.366,NA
219,53,negative-to-zero,ifs,FALSE,20,elitize_generation_data,218,3,0.361,NA
220,53,negative-to-zero,ifs,FALSE,20,elitize_generation_data,219,10,0.372,NA
221,53,negative-to-zero,ifs,FALSE,20,elitize_generation_data,220,5,0.356,NA
222,53,negative-to-zero,ifs,FALSE,20,elitize_generation_data,221,7,0.364,NA
223,53,negative-to-zero,ifs,FALSE,20,elitize_generation_data,222,5,0.349,NA
224,53,negative-to-zero,ifs,FALSE,20,elitize_generation_data,223,5,0.358,NA
225,53,negative-to-zero,ifs,FALSE,20,elitize_generation_data,224,4,0.381,NA
226,53,negative-to-zero,ifs,FALSE,20,elitize_generation_data,225,8,0.368,NA
227,53,negative-to-zero,ifs,FALSE,20,elitize_generation_data,226,5,0.392,NA
228,53,negative-to-zero,ifs,FALSE,20,elitize_generation_data,227,6,0.379,NA
229,53,negative-to-zero,ifs,FALSE,20,elitize_generation_data,228,6,0.379,NA
230,53,negative-to-zero,ifs,FALSE,20,elitize_generation_data,229,6,0.378,NA
231,53,negative-to-zero,ifs,FALSE,20,elitize_generation_data,230,4,0.363,NA
232,53,negative-to-zero,ifs,FALSE,20,elitize_generation_data,231,5,0.368,NA
233,53,negative-to-zero,ifs,FALSE,20,elitize_generation_data,232,3,0.362,NA
234,53,negative-to-zero,ifs,FALSE,20,elitize_generation_data,233,7,0.359,NA
235,53,negative-to-zero,ifs,FALSE,20,elitize_generation_data,234,5,0.382,NA
236,53,negative-to-zero,ifs,FALSE,20,elitize_generation_data,235,5,0.365,NA
237,53,negative-to-zero,ifs,FALSE,20,elitize_generation_data,236,4,0.367,NA
238,53,negative-to-zero,ifs,FALSE,20,elitize_generation_data,237,3,0.389,NA
239,53,negative-to-zero,ifs,FALSE,20,elitize_generation_data,238,4,0.37,NA
240,53,negative-to-zero,ifs,FALSE,20,elitize_generation_data,239,4,0.408,NA
241,53,negative-to-zero,ifs,FALSE,20,elitize_generation_data,240,4,0.371,NA
242,53,negative-to-zero,ifs,FALSE,20,elitize_generation_data,241,6,0.358,NA
243,53,negative-to-zero,ifs,FALSE,20,elitize_generation_data,242,8,0.372,NA
244,53,negative-to-zero,ifs,FALSE,20,elitize_generation_data,243,6,0.408,NA
245,53,negative-to-zero,ifs,FALSE,20,elitize_generation_data,244,6,0.377,NA
246,53,negative-to-zero,ifs,FALSE,20,elitize_generation_data,245,6,0.362,NA
247,53,negative-to-zero,ifs,FALSE,20,elitize_generation_data,246,5,0.405,NA
248,53,negative-to-zero,ifs,FALSE,20,elitize_generation_data,247,6,0.381,NA
249,53,negative-to-zero,ifs,FALSE,20,elitize_generation_data,248,7,0.399,NA
250,53,negative-to-zero,ifs,FALSE,20,elitize_generation_data,249,3,0.406,NA
251,53,negative-to-zero,ifs,FALSE,20,elitize_generation_data,250,4,0.392,NA
252,53,negative-to-zero,ifs,FALSE,20,elitize_generation_data,251,7,0.408,NA
253,53,negative-to-zero,ifs,FALSE,20,elitize_generation_data,252,6,0.401,NA
254,53,negative-to-zero,ifs,FALSE,20,elitize_generation_data,253,3,0.362,NA
255,53,negative-to-zero,ifs,FALSE,20,elitize_generation_data,254,4,0.383,NA
256,53,negative-to-zero,ifs,FALSE,20,elitize_generation_data,255,7,0.375,NA
257,53,negative-to-zero,ifs,FALSE,20,elitize_generation_data,256,4,0.379,NA
258,53,negative-to-zero,ifs,FALSE,20,elitize_generation_data,257,3,0.396,NA
259,53,negative-to-zero,ifs,FALSE,20,elitize_generation_data,258,3,0.374,NA
260,53,negative-to-zero,ifs,FALSE,20,elitize_generation_data,259,3,0.383,NA
261,53,negative-to-zero,ifs,FALSE,20,elitize_generation_data,260,9,0.378,NA
262,53,negative-to-zero,ifs,FALSE,20,elitize_generation_data,261,3,0.382,NA
263,53,negative-to-zero,ifs,FALSE,20,elitize_generation_data,262,8,0.39,NA
264,53,negative-to-zero,ifs,FALSE,20,elitize_generation_data,263,3,0.389,NA
265,53,negative-to-zero,ifs,FALSE,20,elitize_generation_data,264,4,0.439,NA
266,53,negative-to-zero,ifs,FALSE,20,elitize_generation_data,265,4,0.371,NA
267,53,negative-to-zero,ifs,FALSE,20,elitize_generation_data,266,7,0.376,NA
268,53,negative-to-zero,ifs,FALSE,20,elitize_generation_data,267,6,0.367,NA
269,53,negative-to-zero,ifs,FALSE,20,elitize_generation_data,268,4,0.389,NA
270,53,negative-to-zero,ifs,FALSE,20,elitize_generation_data,269,4,0.401,NA
271,53,negative-to-zero,ifs,FALSE,20,elitize_generation_data,270,7,0.379,NA
272,53,negative-to-zero,ifs,FALSE,20,elitize_generation_data,271,7,0.381,NA
273,53,negative-to-zero,ifs,FALSE,20,elitize_generation_data,272,6,0.4,NA
274,53,negative-to-zero,ifs,FALSE,20,elitize_generation_data,273,4,0.406,NA
275,53,negative-to-zero,ifs,FALSE,20,elitize_generation_data,274,3,0.392,NA
276,53,negative-to-zero,ifs,FALSE,20,elitize_generation_data,275,3,0.381,NA
277,53,negative-to-zero,ifs,FALSE,20,elitize_generation_data,276,7,0.366,NA
278,53,negative-to-zero,ifs,FALSE,20,elitize_generation_data,277,6,0.392,NA
279,53,negative-to-zero,ifs,FALSE,20,elitize_generation_data,278,8,0.373,NA
280,53,negative-to-zero,ifs,FALSE,20,elitize_generation_data,279,9,0.387,NA
281,53,negative-to-zero,ifs,FALSE,20,elitize_generation_data,280,4,0.386,NA
282,53,negative-to-zero,ifs,FALSE,20,elitize_generation_data,281,4,0.403,NA
283,53,negative-to-zero,ifs,FALSE,20,elitize_generation_data,282,5,0.373,NA
284,53,negative-to-zero,ifs,FALSE,20,elitize_generation_data,283,4,0.372,NA
285,53,negative-to-zero,ifs,FALSE,20,elitize_generation_data,284,3,0.413,NA
286,53,negative-to-zero,ifs,FALSE,20,elitize_generation_data,285,4,0.417,NA
287,53,negative-to-zero,ifs,FALSE,20,elitize_generation_data,286,7,0.368,NA
288,53,negative-to-zero,ifs,FALSE,20,elitize_generation_data,287,4,0.388,NA
289,53,negative-to-zero,ifs,FALSE,20,elitize_generation_data,288,4,0.392,NA
290,53,negative-to-zero,ifs,FALSE,20,elitize_generation_data,289,8,0.391,NA
291,53,negative-to-zero,ifs,FALSE,20,elitize_generation_data,290,7,0.426,NA
292,53,negative-to-zero,ifs,FALSE,20,elitize_generation_data,291,3,0.391,NA
293,53,negative-to-zero,ifs,FALSE,20,elitize_generation_data,292,9,0.368,NA
294,53,negative-to-zero,ifs,FALSE,20,elitize_generation_data,293,5,0.39,NA
295,53,negative-to-zero,ifs,FALSE,20,elitize_generation_data,294,4,0.382,NA
296,53,negative-to-zero,ifs,FALSE,20,elitize_generation_data,295,4,0.376,NA
297,53,negative-to-zero,ifs,FALSE,20,elitize_generation_data,296,3,0.412,NA
298,53,negative-to-zero,ifs,FALSE,20,elitize_generation_data,297,8,0.415,NA
299,53,negative-to-zero,ifs,FALSE,20,elitize_generation_data,298,6,0.423,NA
300,53,negative-to-zero,ifs,FALSE,20,elitize_generation_data,299,4,0.397,NA
301,53,negative-to-zero,ifs,FALSE,20,elitize_generation_data,300,3,0.384,NA
