,run.num,problem,treatment,succeeded,height,normalization.function,generation,cluster.count,error.diversity,success.generation
1,84,negative-to-zero,ifs,FALSE,20,elitize_generation_data,0,9,0.031,NA
2,84,negative-to-zero,ifs,FALSE,20,elitize_generation_data,1,17,0.052,NA
3,84,negative-to-zero,ifs,FALSE,20,elitize_generation_data,2,9,0.041,NA
4,84,negative-to-zero,ifs,FALSE,20,elitize_generation_data,3,5,0.023,NA
5,84,negative-to-zero,ifs,FALSE,20,elitize_generation_data,4,6,0.02,NA
6,84,negative-to-zero,ifs,FALSE,20,elitize_generation_data,5,8,0.021,NA
7,84,negative-to-zero,ifs,FALSE,20,elitize_generation_data,6,7,0.015,NA
8,84,negative-to-zero,ifs,FALSE,20,elitize_generation_data,7,11,0.019,NA
9,84,negative-to-zero,ifs,FALSE,20,elitize_generation_data,8,5,0.017,NA
10,84,negative-to-zero,ifs,FALSE,20,elitize_generation_data,9,5,0.018,NA
11,84,negative-to-zero,ifs,FALSE,20,elitize_generation_data,10,6,0.019,NA
12,84,negative-to-zero,ifs,FALSE,20,elitize_generation_data,11,7,0.018,NA
13,84,negative-to-zero,ifs,FALSE,20,elitize_generation_data,12,9,0.031,NA
14,84,negative-to-zero,ifs,FALSE,20,elitize_generation_data,13,9,0.033,NA
15,84,negative-to-zero,ifs,FALSE,20,elitize_generation_data,14,9,0.042,NA
16,84,negative-to-zero,ifs,FALSE,20,elitize_generation_data,15,9,0.051,NA
17,84,negative-to-zero,ifs,FALSE,20,elitize_generation_data,16,10,0.045,NA
18,84,negative-to-zero,ifs,FALSE,20,elitize_generation_data,17,10,0.041,NA
19,84,negative-to-zero,ifs,FALSE,20,elitize_generation_data,18,8,0.028,NA
20,84,negative-to-zero,ifs,FALSE,20,elitize_generation_data,19,10,0.033,NA
21,84,negative-to-zero,ifs,FALSE,20,elitize_generation_data,20,11,0.033,NA
22,84,negative-to-zero,ifs,FALSE,20,elitize_generation_data,21,9,0.03,NA
23,84,negative-to-zero,ifs,FALSE,20,elitize_generation_data,22,8,0.042,NA
24,84,negative-to-zero,ifs,FALSE,20,elitize_generation_data,23,9,0.033,NA
25,84,negative-to-zero,ifs,FALSE,20,elitize_generation_data,24,8,0.034,NA
26,84,negative-to-zero,ifs,FALSE,20,elitize_generation_data,25,7,0.029,NA
27,84,negative-to-zero,ifs,FALSE,20,elitize_generation_data,26,10,0.044,NA
28,84,negative-to-zero,ifs,FALSE,20,elitize_generation_data,27,10,0.044,NA
29,84,negative-to-zero,ifs,FALSE,20,elitize_generation_data,28,10,0.034,NA
30,84,negative-to-zero,ifs,FALSE,20,elitize_generation_data,29,12,0.048,NA
31,84,negative-to-zero,ifs,FALSE,20,elitize_generation_data,30,11,0.045,NA
32,84,negative-to-zero,ifs,FALSE,20,elitize_generation_data,31,9,0.04,NA
33,84,negative-to-zero,ifs,FALSE,20,elitize_generation_data,32,9,0.05,NA
34,84,negative-to-zero,ifs,FALSE,20,elitize_generation_data,33,13,0.045,NA
35,84,negative-to-zero,ifs,FALSE,20,elitize_generation_data,34,9,0.047,NA
36,84,negative-to-zero,ifs,FALSE,20,elitize_generation_data,35,10,0.053,NA
37,84,negative-to-zero,ifs,FALSE,20,elitize_generation_data,36,8,0.047,NA
38,84,negative-to-zero,ifs,FALSE,20,elitize_generation_data,37,9,0.05,NA
39,84,negative-to-zero,ifs,FALSE,20,elitize_generation_data,38,15,0.051,NA
40,84,negative-to-zero,ifs,FALSE,20,elitize_generation_data,39,16,0.049,NA
41,84,negative-to-zero,ifs,FALSE,20,elitize_generation_data,40,30,0.069,NA
42,84,negative-to-zero,ifs,FALSE,20,elitize_generation_data,41,49,0.091,NA
43,84,negative-to-zero,ifs,FALSE,20,elitize_generation_data,42,46,0.085,NA
44,84,negative-to-zero,ifs,FALSE,20,elitize_generation_data,43,47,0.085,NA
45,84,negative-to-zero,ifs,FALSE,20,elitize_generation_data,44,56,0.114,NA
46,84,negative-to-zero,ifs,FALSE,20,elitize_generation_data,45,56,0.114,NA
47,84,negative-to-zero,ifs,FALSE,20,elitize_generation_data,46,21,0.117,NA
48,84,negative-to-zero,ifs,FALSE,20,elitize_generation_data,47,33,0.14,NA
49,84,negative-to-zero,ifs,FALSE,20,elitize_generation_data,48,15,0.155,NA
50,84,negative-to-zero,ifs,FALSE,20,elitize_generation_data,49,13,0.138,NA
51,84,negative-to-zero,ifs,FALSE,20,elitize_generation_data,50,23,0.16,NA
52,84,negative-to-zero,ifs,FALSE,20,elitize_generation_data,51,11,0.161,NA
53,84,negative-to-zero,ifs,FALSE,20,elitize_generation_data,52,18,0.155,NA
54,84,negative-to-zero,ifs,FALSE,20,elitize_generation_data,53,11,0.143,NA
55,84,negative-to-zero,ifs,FALSE,20,elitize_generation_data,54,12,0.139,NA
56,84,negative-to-zero,ifs,FALSE,20,elitize_generation_data,55,12,0.141,NA
57,84,negative-to-zero,ifs,FALSE,20,elitize_generation_data,56,12,0.153,NA
58,84,negative-to-zero,ifs,FALSE,20,elitize_generation_data,57,11,0.153,NA
59,84,negative-to-zero,ifs,FALSE,20,elitize_generation_data,58,17,0.14,NA
60,84,negative-to-zero,ifs,FALSE,20,elitize_generation_data,59,29,0.158,NA
61,84,negative-to-zero,ifs,FALSE,20,elitize_generation_data,60,46,0.202,NA
62,84,negative-to-zero,ifs,FALSE,20,elitize_generation_data,61,46,0.203,NA
63,84,negative-to-zero,ifs,FALSE,20,elitize_generation_data,62,49,0.192,NA
64,84,negative-to-zero,ifs,FALSE,20,elitize_generation_data,63,49,0.196,NA
65,84,negative-to-zero,ifs,FALSE,20,elitize_generation_data,64,58,0.214,NA
66,84,negative-to-zero,ifs,FALSE,20,elitize_generation_data,65,54,0.209,NA
67,84,negative-to-zero,ifs,FALSE,20,elitize_generation_data,66,47,0.214,NA
68,84,negative-to-zero,ifs,FALSE,20,elitize_generation_data,67,48,0.22,NA
69,84,negative-to-zero,ifs,FALSE,20,elitize_generation_data,68,58,0.218,NA
70,84,negative-to-zero,ifs,FALSE,20,elitize_generation_data,69,50,0.221,NA
71,84,negative-to-zero,ifs,FALSE,20,elitize_generation_data,70,52,0.209,NA
72,84,negative-to-zero,ifs,FALSE,20,elitize_generation_data,71,47,0.229,NA
73,84,negative-to-zero,ifs,FALSE,20,elitize_generation_data,72,49,0.21,NA
74,84,negative-to-zero,ifs,FALSE,20,elitize_generation_data,73,48,0.227,NA
75,84,negative-to-zero,ifs,FALSE,20,elitize_generation_data,74,53,0.217,NA
76,84,negative-to-zero,ifs,FALSE,20,elitize_generation_data,75,50,0.226,NA
77,84,negative-to-zero,ifs,FALSE,20,elitize_generation_data,76,47,0.201,NA
78,84,negative-to-zero,ifs,FALSE,20,elitize_generation_data,77,45,0.211,NA
79,84,negative-to-zero,ifs,FALSE,20,elitize_generation_data,78,46,0.218,NA
80,84,negative-to-zero,ifs,FALSE,20,elitize_generation_data,79,52,0.219,NA
81,84,negative-to-zero,ifs,FALSE,20,elitize_generation_data,80,49,0.206,NA
82,84,negative-to-zero,ifs,FALSE,20,elitize_generation_data,81,47,0.226,NA
83,84,negative-to-zero,ifs,FALSE,20,elitize_generation_data,82,16,0.203,NA
84,84,negative-to-zero,ifs,FALSE,20,elitize_generation_data,83,46,0.21,NA
85,84,negative-to-zero,ifs,FALSE,20,elitize_generation_data,84,51,0.22,NA
86,84,negative-to-zero,ifs,FALSE,20,elitize_generation_data,85,45,0.227,NA
87,84,negative-to-zero,ifs,FALSE,20,elitize_generation_data,86,46,0.204,NA
88,84,negative-to-zero,ifs,FALSE,20,elitize_generation_data,87,49,0.224,NA
89,84,negative-to-zero,ifs,FALSE,20,elitize_generation_data,88,61,0.237,NA
90,84,negative-to-zero,ifs,FALSE,20,elitize_generation_data,89,55,0.232,NA
91,84,negative-to-zero,ifs,FALSE,20,elitize_generation_data,90,54,0.242,NA
92,84,negative-to-zero,ifs,FALSE,20,elitize_generation_data,91,52,0.25,NA
93,84,negative-to-zero,ifs,FALSE,20,elitize_generation_data,92,75,0.285,NA
94,84,negative-to-zero,ifs,FALSE,20,elitize_generation_data,93,67,0.295,NA
95,84,negative-to-zero,ifs,FALSE,20,elitize_generation_data,94,72,0.268,NA
96,84,negative-to-zero,ifs,FALSE,20,elitize_generation_data,95,65,0.291,NA
97,84,negative-to-zero,ifs,FALSE,20,elitize_generation_data,96,48,0.29,NA
98,84,negative-to-zero,ifs,FALSE,20,elitize_generation_data,97,63,0.269,NA
99,84,negative-to-zero,ifs,FALSE,20,elitize_generation_data,98,25,0.265,NA
100,84,negative-to-zero,ifs,FALSE,20,elitize_generation_data,99,23,0.27,NA
101,84,negative-to-zero,ifs,FALSE,20,elitize_generation_data,100,60,0.29,NA
102,84,negative-to-zero,ifs,FALSE,20,elitize_generation_data,101,43,0.29,NA
103,84,negative-to-zero,ifs,FALSE,20,elitize_generation_data,102,59,0.273,NA
104,84,negative-to-zero,ifs,FALSE,20,elitize_generation_data,103,64,0.266,NA
105,84,negative-to-zero,ifs,FALSE,20,elitize_generation_data,104,66,0.29,NA
106,84,negative-to-zero,ifs,FALSE,20,elitize_generation_data,105,57,0.251,NA
107,84,negative-to-zero,ifs,FALSE,20,elitize_generation_data,106,64,0.273,NA
108,84,negative-to-zero,ifs,FALSE,20,elitize_generation_data,107,49,0.253,NA
109,84,negative-to-zero,ifs,FALSE,20,elitize_generation_data,108,57,0.281,NA
110,84,negative-to-zero,ifs,FALSE,20,elitize_generation_data,109,58,0.285,NA
111,84,negative-to-zero,ifs,FALSE,20,elitize_generation_data,110,18,0.268,NA
112,84,negative-to-zero,ifs,FALSE,20,elitize_generation_data,111,55,0.249,NA
113,84,negative-to-zero,ifs,FALSE,20,elitize_generation_data,112,58,0.265,NA
114,84,negative-to-zero,ifs,FALSE,20,elitize_generation_data,113,61,0.266,NA
115,84,negative-to-zero,ifs,FALSE,20,elitize_generation_data,114,16,0.266,NA
116,84,negative-to-zero,ifs,FALSE,20,elitize_generation_data,115,27,0.283,NA
117,84,negative-to-zero,ifs,FALSE,20,elitize_generation_data,116,60,0.26,NA
118,84,negative-to-zero,ifs,FALSE,20,elitize_generation_data,117,60,0.258,NA
119,84,negative-to-zero,ifs,FALSE,20,elitize_generation_data,118,60,0.273,NA
120,84,negative-to-zero,ifs,FALSE,20,elitize_generation_data,119,53,0.286,NA
121,84,negative-to-zero,ifs,FALSE,20,elitize_generation_data,120,70,0.306,NA
122,84,negative-to-zero,ifs,FALSE,20,elitize_generation_data,121,64,0.29,NA
123,84,negative-to-zero,ifs,FALSE,20,elitize_generation_data,122,25,0.282,NA
124,84,negative-to-zero,ifs,FALSE,20,elitize_generation_data,123,55,0.289,NA
125,84,negative-to-zero,ifs,FALSE,20,elitize_generation_data,124,64,0.27,NA
126,84,negative-to-zero,ifs,FALSE,20,elitize_generation_data,125,56,0.259,NA
127,84,negative-to-zero,ifs,FALSE,20,elitize_generation_data,126,59,0.274,NA
128,84,negative-to-zero,ifs,FALSE,20,elitize_generation_data,127,13,0.25,NA
129,84,negative-to-zero,ifs,FALSE,20,elitize_generation_data,128,14,0.25,NA
130,84,negative-to-zero,ifs,FALSE,20,elitize_generation_data,129,69,0.284,NA
131,84,negative-to-zero,ifs,FALSE,20,elitize_generation_data,130,54,0.261,NA
132,84,negative-to-zero,ifs,FALSE,20,elitize_generation_data,131,55,0.26,NA
133,84,negative-to-zero,ifs,FALSE,20,elitize_generation_data,132,18,0.259,NA
134,84,negative-to-zero,ifs,FALSE,20,elitize_generation_data,133,56,0.284,NA
135,84,negative-to-zero,ifs,FALSE,20,elitize_generation_data,134,54,0.268,NA
136,84,negative-to-zero,ifs,FALSE,20,elitize_generation_data,135,53,0.242,NA
137,84,negative-to-zero,ifs,FALSE,20,elitize_generation_data,136,55,0.243,NA
138,84,negative-to-zero,ifs,FALSE,20,elitize_generation_data,137,48,0.268,NA
139,84,negative-to-zero,ifs,FALSE,20,elitize_generation_data,138,61,0.25,NA
140,84,negative-to-zero,ifs,FALSE,20,elitize_generation_data,139,14,0.242,NA
141,84,negative-to-zero,ifs,FALSE,20,elitize_generation_data,140,10,0.231,NA
142,84,negative-to-zero,ifs,FALSE,20,elitize_generation_data,141,13,0.247,NA
143,84,negative-to-zero,ifs,FALSE,20,elitize_generation_data,142,54,0.27,NA
144,84,negative-to-zero,ifs,FALSE,20,elitize_generation_data,143,54,0.264,NA
145,84,negative-to-zero,ifs,FALSE,20,elitize_generation_data,144,13,0.243,NA
146,84,negative-to-zero,ifs,FALSE,20,elitize_generation_data,145,57,0.249,NA
147,84,negative-to-zero,ifs,FALSE,20,elitize_generation_data,146,22,0.238,NA
148,84,negative-to-zero,ifs,FALSE,20,elitize_generation_data,147,53,0.26,NA
149,84,negative-to-zero,ifs,FALSE,20,elitize_generation_data,148,12,0.239,NA
150,84,negative-to-zero,ifs,FALSE,20,elitize_generation_data,149,64,0.263,NA
151,84,negative-to-zero,ifs,FALSE,20,elitize_generation_data,150,20,0.267,NA
152,84,negative-to-zero,ifs,FALSE,20,elitize_generation_data,151,58,0.263,NA
153,84,negative-to-zero,ifs,FALSE,20,elitize_generation_data,152,13,0.247,NA
154,84,negative-to-zero,ifs,FALSE,20,elitize_generation_data,153,57,0.26,NA
155,84,negative-to-zero,ifs,FALSE,20,elitize_generation_data,154,61,0.261,NA
156,84,negative-to-zero,ifs,FALSE,20,elitize_generation_data,155,61,0.259,NA
157,84,negative-to-zero,ifs,FALSE,20,elitize_generation_data,156,59,0.257,NA
158,84,negative-to-zero,ifs,FALSE,20,elitize_generation_data,157,61,0.271,NA
159,84,negative-to-zero,ifs,FALSE,20,elitize_generation_data,158,59,0.258,NA
160,84,negative-to-zero,ifs,FALSE,20,elitize_generation_data,159,60,0.272,NA
161,84,negative-to-zero,ifs,FALSE,20,elitize_generation_data,160,51,0.246,NA
162,84,negative-to-zero,ifs,FALSE,20,elitize_generation_data,161,27,0.26,NA
163,84,negative-to-zero,ifs,FALSE,20,elitize_generation_data,162,57,0.251,NA
164,84,negative-to-zero,ifs,FALSE,20,elitize_generation_data,163,59,0.261,NA
165,84,negative-to-zero,ifs,FALSE,20,elitize_generation_data,164,58,0.251,NA
166,84,negative-to-zero,ifs,FALSE,20,elitize_generation_data,165,61,0.256,NA
167,84,negative-to-zero,ifs,FALSE,20,elitize_generation_data,166,15,0.261,NA
168,84,negative-to-zero,ifs,FALSE,20,elitize_generation_data,167,60,0.287,NA
169,84,negative-to-zero,ifs,FALSE,20,elitize_generation_data,168,12,0.246,NA
170,84,negative-to-zero,ifs,FALSE,20,elitize_generation_data,169,55,0.258,NA
171,84,negative-to-zero,ifs,FALSE,20,elitize_generation_data,170,52,0.241,NA
172,84,negative-to-zero,ifs,FALSE,20,elitize_generation_data,171,54,0.285,NA
173,84,negative-to-zero,ifs,FALSE,20,elitize_generation_data,172,55,0.239,NA
174,84,negative-to-zero,ifs,FALSE,20,elitize_generation_data,173,12,0.26,NA
175,84,negative-to-zero,ifs,FALSE,20,elitize_generation_data,174,61,0.268,NA
176,84,negative-to-zero,ifs,FALSE,20,elitize_generation_data,175,54,0.267,NA
177,84,negative-to-zero,ifs,FALSE,20,elitize_generation_data,176,57,0.241,NA
178,84,negative-to-zero,ifs,FALSE,20,elitize_generation_data,177,61,0.268,NA
179,84,negative-to-zero,ifs,FALSE,20,elitize_generation_data,178,60,0.269,NA
180,84,negative-to-zero,ifs,FALSE,20,elitize_generation_data,179,55,0.261,NA
181,84,negative-to-zero,ifs,FALSE,20,elitize_generation_data,180,54,0.267,NA
182,84,negative-to-zero,ifs,FALSE,20,elitize_generation_data,181,59,0.263,NA
183,84,negative-to-zero,ifs,FALSE,20,elitize_generation_data,182,61,0.288,NA
184,84,negative-to-zero,ifs,FALSE,20,elitize_generation_data,183,62,0.255,NA
185,84,negative-to-zero,ifs,FALSE,20,elitize_generation_data,184,54,0.262,NA
186,84,negative-to-zero,ifs,FALSE,20,elitize_generation_data,185,61,0.277,NA
187,84,negative-to-zero,ifs,FALSE,20,elitize_generation_data,186,62,0.274,NA
188,84,negative-to-zero,ifs,FALSE,20,elitize_generation_data,187,50,0.267,NA
189,84,negative-to-zero,ifs,FALSE,20,elitize_generation_data,188,56,0.275,NA
190,84,negative-to-zero,ifs,FALSE,20,elitize_generation_data,189,64,0.276,NA
191,84,negative-to-zero,ifs,FALSE,20,elitize_generation_data,190,64,0.277,NA
192,84,negative-to-zero,ifs,FALSE,20,elitize_generation_data,191,59,0.264,NA
193,84,negative-to-zero,ifs,FALSE,20,elitize_generation_data,192,65,0.277,NA
194,84,negative-to-zero,ifs,FALSE,20,elitize_generation_data,193,59,0.281,NA
195,84,negative-to-zero,ifs,FALSE,20,elitize_generation_data,194,55,0.288,NA
196,84,negative-to-zero,ifs,FALSE,20,elitize_generation_data,195,60,0.27,NA
197,84,negative-to-zero,ifs,FALSE,20,elitize_generation_data,196,60,0.289,NA
198,84,negative-to-zero,ifs,FALSE,20,elitize_generation_data,197,67,0.299,NA
199,84,negative-to-zero,ifs,FALSE,20,elitize_generation_data,198,56,0.301,NA
200,84,negative-to-zero,ifs,FALSE,20,elitize_generation_data,199,48,0.289,NA
201,84,negative-to-zero,ifs,FALSE,20,elitize_generation_data,200,48,0.264,NA
202,84,negative-to-zero,ifs,FALSE,20,elitize_generation_data,201,57,0.263,NA
203,84,negative-to-zero,ifs,FALSE,20,elitize_generation_data,202,59,0.3,NA
204,84,negative-to-zero,ifs,FALSE,20,elitize_generation_data,203,52,0.295,NA
205,84,negative-to-zero,ifs,FALSE,20,elitize_generation_data,204,64,0.299,NA
206,84,negative-to-zero,ifs,FALSE,20,elitize_generation_data,205,52,0.282,NA
207,84,negative-to-zero,ifs,FALSE,20,elitize_generation_data,206,62,0.269,NA
208,84,negative-to-zero,ifs,FALSE,20,elitize_generation_data,207,57,0.272,NA
209,84,negative-to-zero,ifs,FALSE,20,elitize_generation_data,208,63,0.298,NA
210,84,negative-to-zero,ifs,FALSE,20,elitize_generation_data,209,55,0.269,NA
211,84,negative-to-zero,ifs,FALSE,20,elitize_generation_data,210,57,0.276,NA
212,84,negative-to-zero,ifs,FALSE,20,elitize_generation_data,211,57,0.286,NA
213,84,negative-to-zero,ifs,FALSE,20,elitize_generation_data,212,62,0.297,NA
214,84,negative-to-zero,ifs,FALSE,20,elitize_generation_data,213,64,0.281,NA
215,84,negative-to-zero,ifs,FALSE,20,elitize_generation_data,214,54,0.271,NA
216,84,negative-to-zero,ifs,FALSE,20,elitize_generation_data,215,57,0.285,NA
217,84,negative-to-zero,ifs,FALSE,20,elitize_generation_data,216,64,0.293,NA
218,84,negative-to-zero,ifs,FALSE,20,elitize_generation_data,217,53,0.276,NA
219,84,negative-to-zero,ifs,FALSE,20,elitize_generation_data,218,58,0.295,NA
220,84,negative-to-zero,ifs,FALSE,20,elitize_generation_data,219,62,0.289,NA
221,84,negative-to-zero,ifs,FALSE,20,elitize_generation_data,220,55,0.271,NA
222,84,negative-to-zero,ifs,FALSE,20,elitize_generation_data,221,62,0.276,NA
223,84,negative-to-zero,ifs,FALSE,20,elitize_generation_data,222,62,0.277,NA
224,84,negative-to-zero,ifs,FALSE,20,elitize_generation_data,223,21,0.268,NA
225,84,negative-to-zero,ifs,FALSE,20,elitize_generation_data,224,69,0.283,NA
226,84,negative-to-zero,ifs,FALSE,20,elitize_generation_data,225,57,0.306,NA
227,84,negative-to-zero,ifs,FALSE,20,elitize_generation_data,226,74,0.297,NA
228,84,negative-to-zero,ifs,FALSE,20,elitize_generation_data,227,59,0.277,NA
229,84,negative-to-zero,ifs,FALSE,20,elitize_generation_data,228,61,0.29,NA
230,84,negative-to-zero,ifs,FALSE,20,elitize_generation_data,229,65,0.275,NA
231,84,negative-to-zero,ifs,FALSE,20,elitize_generation_data,230,16,0.275,NA
232,84,negative-to-zero,ifs,FALSE,20,elitize_generation_data,231,59,0.279,NA
233,84,negative-to-zero,ifs,FALSE,20,elitize_generation_data,232,24,0.269,NA
234,84,negative-to-zero,ifs,FALSE,20,elitize_generation_data,233,66,0.281,NA
235,84,negative-to-zero,ifs,FALSE,20,elitize_generation_data,234,62,0.283,NA
236,84,negative-to-zero,ifs,FALSE,20,elitize_generation_data,235,61,0.292,NA
237,84,negative-to-zero,ifs,FALSE,20,elitize_generation_data,236,51,0.281,NA
238,84,negative-to-zero,ifs,FALSE,20,elitize_generation_data,237,19,0.279,NA
239,84,negative-to-zero,ifs,FALSE,20,elitize_generation_data,238,61,0.29,NA
240,84,negative-to-zero,ifs,FALSE,20,elitize_generation_data,239,58,0.275,NA
241,84,negative-to-zero,ifs,FALSE,20,elitize_generation_data,240,56,0.272,NA
242,84,negative-to-zero,ifs,FALSE,20,elitize_generation_data,241,49,0.271,NA
243,84,negative-to-zero,ifs,FALSE,20,elitize_generation_data,242,61,0.3,NA
244,84,negative-to-zero,ifs,FALSE,20,elitize_generation_data,243,14,0.269,NA
245,84,negative-to-zero,ifs,FALSE,20,elitize_generation_data,244,57,0.289,NA
246,84,negative-to-zero,ifs,FALSE,20,elitize_generation_data,245,56,0.283,NA
247,84,negative-to-zero,ifs,FALSE,20,elitize_generation_data,246,68,0.287,NA
248,84,negative-to-zero,ifs,FALSE,20,elitize_generation_data,247,57,0.262,NA
249,84,negative-to-zero,ifs,FALSE,20,elitize_generation_data,248,55,0.274,NA
250,84,negative-to-zero,ifs,FALSE,20,elitize_generation_data,249,60,0.31,NA
251,84,negative-to-zero,ifs,FALSE,20,elitize_generation_data,250,58,0.29,NA
252,84,negative-to-zero,ifs,FALSE,20,elitize_generation_data,251,55,0.295,NA
253,84,negative-to-zero,ifs,FALSE,20,elitize_generation_data,252,65,0.289,NA
254,84,negative-to-zero,ifs,FALSE,20,elitize_generation_data,253,61,0.271,NA
255,84,negative-to-zero,ifs,FALSE,20,elitize_generation_data,254,17,0.279,NA
256,84,negative-to-zero,ifs,FALSE,20,elitize_generation_data,255,60,0.307,NA
257,84,negative-to-zero,ifs,FALSE,20,elitize_generation_data,256,60,0.28,NA
258,84,negative-to-zero,ifs,FALSE,20,elitize_generation_data,257,61,0.307,NA
259,84,negative-to-zero,ifs,FALSE,20,elitize_generation_data,258,14,0.284,NA
260,84,negative-to-zero,ifs,FALSE,20,elitize_generation_data,259,53,0.282,NA
261,84,negative-to-zero,ifs,FALSE,20,elitize_generation_data,260,52,0.278,NA
262,84,negative-to-zero,ifs,FALSE,20,elitize_generation_data,261,60,0.26,NA
263,84,negative-to-zero,ifs,FALSE,20,elitize_generation_data,262,57,0.271,NA
264,84,negative-to-zero,ifs,FALSE,20,elitize_generation_data,263,59,0.265,NA
265,84,negative-to-zero,ifs,FALSE,20,elitize_generation_data,264,63,0.276,NA
266,84,negative-to-zero,ifs,FALSE,20,elitize_generation_data,265,61,0.303,NA
267,84,negative-to-zero,ifs,FALSE,20,elitize_generation_data,266,53,0.273,NA
268,84,negative-to-zero,ifs,FALSE,20,elitize_generation_data,267,8,0.277,NA
269,84,negative-to-zero,ifs,FALSE,20,elitize_generation_data,268,59,0.295,NA
270,84,negative-to-zero,ifs,FALSE,20,elitize_generation_data,269,60,0.323,NA
271,84,negative-to-zero,ifs,FALSE,20,elitize_generation_data,270,54,0.29,NA
272,84,negative-to-zero,ifs,FALSE,20,elitize_generation_data,271,14,0.267,NA
273,84,negative-to-zero,ifs,FALSE,20,elitize_generation_data,272,13,0.295,NA
274,84,negative-to-zero,ifs,FALSE,20,elitize_generation_data,273,58,0.291,NA
275,84,negative-to-zero,ifs,FALSE,20,elitize_generation_data,274,54,0.279,NA
276,84,negative-to-zero,ifs,FALSE,20,elitize_generation_data,275,53,0.281,NA
277,84,negative-to-zero,ifs,FALSE,20,elitize_generation_data,276,57,0.29,NA
278,84,negative-to-zero,ifs,FALSE,20,elitize_generation_data,277,26,0.278,NA
279,84,negative-to-zero,ifs,FALSE,20,elitize_generation_data,278,61,0.268,NA
280,84,negative-to-zero,ifs,FALSE,20,elitize_generation_data,279,58,0.301,NA
281,84,negative-to-zero,ifs,FALSE,20,elitize_generation_data,280,64,0.289,NA
282,84,negative-to-zero,ifs,FALSE,20,elitize_generation_data,281,53,0.297,NA
283,84,negative-to-zero,ifs,FALSE,20,elitize_generation_data,282,53,0.286,NA
284,84,negative-to-zero,ifs,FALSE,20,elitize_generation_data,283,56,0.269,NA
285,84,negative-to-zero,ifs,FALSE,20,elitize_generation_data,284,62,0.284,NA
286,84,negative-to-zero,ifs,FALSE,20,elitize_generation_data,285,16,0.289,NA
287,84,negative-to-zero,ifs,FALSE,20,elitize_generation_data,286,58,0.284,NA
288,84,negative-to-zero,ifs,FALSE,20,elitize_generation_data,287,61,0.3,NA
289,84,negative-to-zero,ifs,FALSE,20,elitize_generation_data,288,64,0.29,NA
290,84,negative-to-zero,ifs,FALSE,20,elitize_generation_data,289,52,0.278,NA
291,84,negative-to-zero,ifs,FALSE,20,elitize_generation_data,290,63,0.315,NA
292,84,negative-to-zero,ifs,FALSE,20,elitize_generation_data,291,50,0.272,NA
293,84,negative-to-zero,ifs,FALSE,20,elitize_generation_data,292,61,0.297,NA
294,84,negative-to-zero,ifs,FALSE,20,elitize_generation_data,293,67,0.301,NA
295,84,negative-to-zero,ifs,FALSE,20,elitize_generation_data,294,58,0.291,NA
296,84,negative-to-zero,ifs,FALSE,20,elitize_generation_data,295,59,0.308,NA
297,84,negative-to-zero,ifs,FALSE,20,elitize_generation_data,296,57,0.283,NA
298,84,negative-to-zero,ifs,FALSE,20,elitize_generation_data,297,57,0.279,NA
299,84,negative-to-zero,ifs,FALSE,20,elitize_generation_data,298,60,0.286,NA
300,84,negative-to-zero,ifs,FALSE,20,elitize_generation_data,299,58,0.299,NA
301,84,negative-to-zero,ifs,FALSE,20,elitize_generation_data,300,57,0.277,NA
