,run.num,problem,treatment,succeeded,height,normalization.function,generation,cluster.count,error.diversity,success.generation
1,31,negative-to-zero,ifs,FALSE,20,elitize_generation_data,0,11,0.042,NA
2,31,negative-to-zero,ifs,FALSE,20,elitize_generation_data,1,16,0.059,NA
3,31,negative-to-zero,ifs,FALSE,20,elitize_generation_data,2,8,0.026,NA
4,31,negative-to-zero,ifs,FALSE,20,elitize_generation_data,3,13,0.027,NA
5,31,negative-to-zero,ifs,FALSE,20,elitize_generation_data,4,9,0.025,NA
6,31,negative-to-zero,ifs,FALSE,20,elitize_generation_data,5,5,0.019,NA
7,31,negative-to-zero,ifs,FALSE,20,elitize_generation_data,6,9,0.019,NA
8,31,negative-to-zero,ifs,FALSE,20,elitize_generation_data,7,6,0.019,NA
9,31,negative-to-zero,ifs,FALSE,20,elitize_generation_data,8,6,0.02,NA
10,31,negative-to-zero,ifs,FALSE,20,elitize_generation_data,9,9,0.033,NA
11,31,negative-to-zero,ifs,FALSE,20,elitize_generation_data,10,8,0.034,NA
12,31,negative-to-zero,ifs,FALSE,20,elitize_generation_data,11,10,0.027,NA
13,31,negative-to-zero,ifs,FALSE,20,elitize_generation_data,12,12,0.037,NA
14,31,negative-to-zero,ifs,FALSE,20,elitize_generation_data,13,12,0.028,NA
15,31,negative-to-zero,ifs,FALSE,20,elitize_generation_data,14,8,0.026,NA
16,31,negative-to-zero,ifs,FALSE,20,elitize_generation_data,15,11,0.03,NA
17,31,negative-to-zero,ifs,FALSE,20,elitize_generation_data,16,13,0.057,NA
18,31,negative-to-zero,ifs,FALSE,20,elitize_generation_data,17,16,0.056,NA
19,31,negative-to-zero,ifs,FALSE,20,elitize_generation_data,18,18,0.088,NA
20,31,negative-to-zero,ifs,FALSE,20,elitize_generation_data,19,27,0.101,NA
21,31,negative-to-zero,ifs,FALSE,20,elitize_generation_data,20,19,0.084,NA
22,31,negative-to-zero,ifs,FALSE,20,elitize_generation_data,21,27,0.104,NA
23,31,negative-to-zero,ifs,FALSE,20,elitize_generation_data,22,30,0.097,NA
24,31,negative-to-zero,ifs,FALSE,20,elitize_generation_data,23,21,0.123,NA
25,31,negative-to-zero,ifs,FALSE,20,elitize_generation_data,24,21,0.138,NA
26,31,negative-to-zero,ifs,FALSE,20,elitize_generation_data,25,19,0.149,NA
27,31,negative-to-zero,ifs,FALSE,20,elitize_generation_data,26,45,0.13,NA
28,31,negative-to-zero,ifs,FALSE,20,elitize_generation_data,27,25,0.099,NA
29,31,negative-to-zero,ifs,FALSE,20,elitize_generation_data,28,31,0.098,NA
30,31,negative-to-zero,ifs,FALSE,20,elitize_generation_data,29,36,0.111,NA
31,31,negative-to-zero,ifs,FALSE,20,elitize_generation_data,30,33,0.138,NA
32,31,negative-to-zero,ifs,FALSE,20,elitize_generation_data,31,25,0.14,NA
33,31,negative-to-zero,ifs,FALSE,20,elitize_generation_data,32,34,0.103,NA
34,31,negative-to-zero,ifs,FALSE,20,elitize_generation_data,33,27,0.1,NA
35,31,negative-to-zero,ifs,FALSE,20,elitize_generation_data,34,22,0.102,NA
36,31,negative-to-zero,ifs,FALSE,20,elitize_generation_data,35,19,0.108,NA
37,31,negative-to-zero,ifs,FALSE,20,elitize_generation_data,36,19,0.088,NA
38,31,negative-to-zero,ifs,FALSE,20,elitize_generation_data,37,22,0.096,NA
39,31,negative-to-zero,ifs,FALSE,20,elitize_generation_data,38,18,0.097,NA
40,31,negative-to-zero,ifs,FALSE,20,elitize_generation_data,39,21,0.144,NA
41,31,negative-to-zero,ifs,FALSE,20,elitize_generation_data,40,24,0.176,NA
42,31,negative-to-zero,ifs,FALSE,20,elitize_generation_data,41,12,0.192,NA
43,31,negative-to-zero,ifs,FALSE,20,elitize_generation_data,42,17,0.214,NA
44,31,negative-to-zero,ifs,FALSE,20,elitize_generation_data,43,10,0.223,NA
45,31,negative-to-zero,ifs,FALSE,20,elitize_generation_data,44,6,0.231,NA
46,31,negative-to-zero,ifs,FALSE,20,elitize_generation_data,45,16,0.241,NA
47,31,negative-to-zero,ifs,FALSE,20,elitize_generation_data,46,7,0.253,NA
48,31,negative-to-zero,ifs,FALSE,20,elitize_generation_data,47,7,0.293,NA
49,31,negative-to-zero,ifs,FALSE,20,elitize_generation_data,48,4,0.314,NA
50,31,negative-to-zero,ifs,FALSE,20,elitize_generation_data,49,6,0.332,NA
51,31,negative-to-zero,ifs,FALSE,20,elitize_generation_data,50,10,0.347,NA
52,31,negative-to-zero,ifs,FALSE,20,elitize_generation_data,51,7,0.394,NA
53,31,negative-to-zero,ifs,FALSE,20,elitize_generation_data,52,8,0.42,NA
54,31,negative-to-zero,ifs,FALSE,20,elitize_generation_data,53,11,0.405,NA
55,31,negative-to-zero,ifs,FALSE,20,elitize_generation_data,54,10,0.407,NA
56,31,negative-to-zero,ifs,FALSE,20,elitize_generation_data,55,15,0.406,NA
57,31,negative-to-zero,ifs,FALSE,20,elitize_generation_data,56,21,0.411,NA
58,31,negative-to-zero,ifs,FALSE,20,elitize_generation_data,57,19,0.394,NA
59,31,negative-to-zero,ifs,FALSE,20,elitize_generation_data,58,19,0.357,NA
60,31,negative-to-zero,ifs,FALSE,20,elitize_generation_data,59,26,0.315,NA
61,31,negative-to-zero,ifs,FALSE,20,elitize_generation_data,60,29,0.274,NA
62,31,negative-to-zero,ifs,FALSE,20,elitize_generation_data,61,28,0.193,NA
63,31,negative-to-zero,ifs,FALSE,20,elitize_generation_data,62,33,0.153,NA
64,31,negative-to-zero,ifs,FALSE,20,elitize_generation_data,63,42,0.144,NA
65,31,negative-to-zero,ifs,FALSE,20,elitize_generation_data,64,36,0.145,NA
66,31,negative-to-zero,ifs,FALSE,20,elitize_generation_data,65,36,0.141,NA
67,31,negative-to-zero,ifs,FALSE,20,elitize_generation_data,66,33,0.161,NA
68,31,negative-to-zero,ifs,FALSE,20,elitize_generation_data,67,35,0.158,NA
69,31,negative-to-zero,ifs,FALSE,20,elitize_generation_data,68,28,0.183,NA
70,31,negative-to-zero,ifs,FALSE,20,elitize_generation_data,69,25,0.157,NA
71,31,negative-to-zero,ifs,FALSE,20,elitize_generation_data,70,30,0.164,NA
72,31,negative-to-zero,ifs,FALSE,20,elitize_generation_data,71,48,0.204,NA
73,31,negative-to-zero,ifs,FALSE,20,elitize_generation_data,72,45,0.204,NA
74,31,negative-to-zero,ifs,FALSE,20,elitize_generation_data,73,42,0.247,NA
75,31,negative-to-zero,ifs,FALSE,20,elitize_generation_data,74,43,0.255,NA
76,31,negative-to-zero,ifs,FALSE,20,elitize_generation_data,75,43,0.246,NA
77,31,negative-to-zero,ifs,FALSE,20,elitize_generation_data,76,58,0.266,NA
78,31,negative-to-zero,ifs,FALSE,20,elitize_generation_data,77,52,0.247,NA
79,31,negative-to-zero,ifs,FALSE,20,elitize_generation_data,78,55,0.273,NA
80,31,negative-to-zero,ifs,FALSE,20,elitize_generation_data,79,52,0.291,NA
81,31,negative-to-zero,ifs,FALSE,20,elitize_generation_data,80,45,0.294,NA
82,31,negative-to-zero,ifs,FALSE,20,elitize_generation_data,81,62,0.301,NA
83,31,negative-to-zero,ifs,FALSE,20,elitize_generation_data,82,56,0.3,NA
84,31,negative-to-zero,ifs,FALSE,20,elitize_generation_data,83,67,0.32,NA
85,31,negative-to-zero,ifs,FALSE,20,elitize_generation_data,84,55,0.338,NA
86,31,negative-to-zero,ifs,FALSE,20,elitize_generation_data,85,63,0.351,NA
87,31,negative-to-zero,ifs,FALSE,20,elitize_generation_data,86,57,0.341,NA
88,31,negative-to-zero,ifs,FALSE,20,elitize_generation_data,87,52,0.328,NA
89,31,negative-to-zero,ifs,FALSE,20,elitize_generation_data,88,58,0.358,NA
90,31,negative-to-zero,ifs,FALSE,20,elitize_generation_data,89,60,0.38,NA
91,31,negative-to-zero,ifs,FALSE,20,elitize_generation_data,90,83,0.393,NA
92,31,negative-to-zero,ifs,FALSE,20,elitize_generation_data,91,71,0.344,NA
93,31,negative-to-zero,ifs,FALSE,20,elitize_generation_data,92,88,0.404,NA
94,31,negative-to-zero,ifs,FALSE,20,elitize_generation_data,93,75,0.4,NA
95,31,negative-to-zero,ifs,FALSE,20,elitize_generation_data,94,84,0.4,NA
96,31,negative-to-zero,ifs,FALSE,20,elitize_generation_data,95,66,0.399,NA
97,31,negative-to-zero,ifs,FALSE,20,elitize_generation_data,96,67,0.424,NA
98,31,negative-to-zero,ifs,FALSE,20,elitize_generation_data,97,68,0.437,NA
99,31,negative-to-zero,ifs,FALSE,20,elitize_generation_data,98,64,0.444,NA
100,31,negative-to-zero,ifs,FALSE,20,elitize_generation_data,99,63,0.419,NA
101,31,negative-to-zero,ifs,FALSE,20,elitize_generation_data,100,75,0.433,NA
102,31,negative-to-zero,ifs,FALSE,20,elitize_generation_data,101,82,0.457,NA
103,31,negative-to-zero,ifs,FALSE,20,elitize_generation_data,102,79,0.429,NA
104,31,negative-to-zero,ifs,FALSE,20,elitize_generation_data,103,73,0.411,NA
105,31,negative-to-zero,ifs,FALSE,20,elitize_generation_data,104,51,0.442,NA
106,31,negative-to-zero,ifs,FALSE,20,elitize_generation_data,105,62,0.41,NA
107,31,negative-to-zero,ifs,FALSE,20,elitize_generation_data,106,61,0.398,NA
108,31,negative-to-zero,ifs,FALSE,20,elitize_generation_data,107,61,0.396,NA
109,31,negative-to-zero,ifs,FALSE,20,elitize_generation_data,108,53,0.401,NA
110,31,negative-to-zero,ifs,FALSE,20,elitize_generation_data,109,62,0.386,NA
111,31,negative-to-zero,ifs,FALSE,20,elitize_generation_data,110,69,0.393,NA
112,31,negative-to-zero,ifs,FALSE,20,elitize_generation_data,111,68,0.402,NA
113,31,negative-to-zero,ifs,FALSE,20,elitize_generation_data,112,83,0.411,NA
114,31,negative-to-zero,ifs,FALSE,20,elitize_generation_data,113,56,0.426,NA
115,31,negative-to-zero,ifs,FALSE,20,elitize_generation_data,114,91,0.415,NA
116,31,negative-to-zero,ifs,FALSE,20,elitize_generation_data,115,63,0.427,NA
117,31,negative-to-zero,ifs,FALSE,20,elitize_generation_data,116,86,0.424,NA
118,31,negative-to-zero,ifs,FALSE,20,elitize_generation_data,117,74,0.448,NA
119,31,negative-to-zero,ifs,FALSE,20,elitize_generation_data,118,62,0.423,NA
120,31,negative-to-zero,ifs,FALSE,20,elitize_generation_data,119,73,0.442,NA
121,31,negative-to-zero,ifs,FALSE,20,elitize_generation_data,120,83,0.421,NA
122,31,negative-to-zero,ifs,FALSE,20,elitize_generation_data,121,72,0.41,NA
123,31,negative-to-zero,ifs,FALSE,20,elitize_generation_data,122,82,0.387,NA
124,31,negative-to-zero,ifs,FALSE,20,elitize_generation_data,123,70,0.395,NA
125,31,negative-to-zero,ifs,FALSE,20,elitize_generation_data,124,93,0.404,NA
126,31,negative-to-zero,ifs,FALSE,20,elitize_generation_data,125,73,0.386,NA
127,31,negative-to-zero,ifs,FALSE,20,elitize_generation_data,126,69,0.422,NA
128,31,negative-to-zero,ifs,FALSE,20,elitize_generation_data,127,102,0.414,NA
129,31,negative-to-zero,ifs,FALSE,20,elitize_generation_data,128,71,0.408,NA
130,31,negative-to-zero,ifs,FALSE,20,elitize_generation_data,129,77,0.416,NA
131,31,negative-to-zero,ifs,FALSE,20,elitize_generation_data,130,74,0.413,NA
132,31,negative-to-zero,ifs,FALSE,20,elitize_generation_data,131,80,0.405,NA
133,31,negative-to-zero,ifs,FALSE,20,elitize_generation_data,132,77,0.433,NA
134,31,negative-to-zero,ifs,FALSE,20,elitize_generation_data,133,68,0.422,NA
135,31,negative-to-zero,ifs,FALSE,20,elitize_generation_data,134,88,0.446,NA
136,31,negative-to-zero,ifs,FALSE,20,elitize_generation_data,135,62,0.425,NA
137,31,negative-to-zero,ifs,FALSE,20,elitize_generation_data,136,98,0.44,NA
138,31,negative-to-zero,ifs,FALSE,20,elitize_generation_data,137,104,0.43,NA
139,31,negative-to-zero,ifs,FALSE,20,elitize_generation_data,138,81,0.436,NA
140,31,negative-to-zero,ifs,FALSE,20,elitize_generation_data,139,79,0.441,NA
141,31,negative-to-zero,ifs,FALSE,20,elitize_generation_data,140,99,0.439,NA
142,31,negative-to-zero,ifs,FALSE,20,elitize_generation_data,141,86,0.449,NA
143,31,negative-to-zero,ifs,FALSE,20,elitize_generation_data,142,85,0.458,NA
144,31,negative-to-zero,ifs,FALSE,20,elitize_generation_data,143,80,0.48,NA
145,31,negative-to-zero,ifs,FALSE,20,elitize_generation_data,144,94,0.447,NA
146,31,negative-to-zero,ifs,FALSE,20,elitize_generation_data,145,75,0.463,NA
147,31,negative-to-zero,ifs,FALSE,20,elitize_generation_data,146,85,0.46,NA
148,31,negative-to-zero,ifs,FALSE,20,elitize_generation_data,147,89,0.457,NA
149,31,negative-to-zero,ifs,FALSE,20,elitize_generation_data,148,105,0.491,NA
150,31,negative-to-zero,ifs,FALSE,20,elitize_generation_data,149,71,0.455,NA
151,31,negative-to-zero,ifs,FALSE,20,elitize_generation_data,150,74,0.47,NA
152,31,negative-to-zero,ifs,FALSE,20,elitize_generation_data,151,71,0.479,NA
153,31,negative-to-zero,ifs,FALSE,20,elitize_generation_data,152,74,0.482,NA
154,31,negative-to-zero,ifs,FALSE,20,elitize_generation_data,153,84,0.468,NA
155,31,negative-to-zero,ifs,FALSE,20,elitize_generation_data,154,87,0.454,NA
156,31,negative-to-zero,ifs,FALSE,20,elitize_generation_data,155,110,0.461,NA
157,31,negative-to-zero,ifs,FALSE,20,elitize_generation_data,156,68,0.458,NA
158,31,negative-to-zero,ifs,FALSE,20,elitize_generation_data,157,95,0.497,NA
159,31,negative-to-zero,ifs,FALSE,20,elitize_generation_data,158,103,0.466,NA
160,31,negative-to-zero,ifs,FALSE,20,elitize_generation_data,159,91,0.482,NA
161,31,negative-to-zero,ifs,FALSE,20,elitize_generation_data,160,92,0.486,NA
162,31,negative-to-zero,ifs,FALSE,20,elitize_generation_data,161,90,0.467,NA
163,31,negative-to-zero,ifs,FALSE,20,elitize_generation_data,162,79,0.434,NA
164,31,negative-to-zero,ifs,FALSE,20,elitize_generation_data,163,67,0.442,NA
165,31,negative-to-zero,ifs,FALSE,20,elitize_generation_data,164,87,0.428,NA
166,31,negative-to-zero,ifs,FALSE,20,elitize_generation_data,165,89,0.404,NA
167,31,negative-to-zero,ifs,FALSE,20,elitize_generation_data,166,89,0.434,NA
168,31,negative-to-zero,ifs,FALSE,20,elitize_generation_data,167,85,0.472,NA
169,31,negative-to-zero,ifs,FALSE,20,elitize_generation_data,168,89,0.438,NA
170,31,negative-to-zero,ifs,FALSE,20,elitize_generation_data,169,76,0.451,NA
171,31,negative-to-zero,ifs,FALSE,20,elitize_generation_data,170,86,0.434,NA
172,31,negative-to-zero,ifs,FALSE,20,elitize_generation_data,171,95,0.413,NA
173,31,negative-to-zero,ifs,FALSE,20,elitize_generation_data,172,62,0.408,NA
174,31,negative-to-zero,ifs,FALSE,20,elitize_generation_data,173,75,0.419,NA
175,31,negative-to-zero,ifs,FALSE,20,elitize_generation_data,174,91,0.449,NA
176,31,negative-to-zero,ifs,FALSE,20,elitize_generation_data,175,85,0.445,NA
177,31,negative-to-zero,ifs,FALSE,20,elitize_generation_data,176,67,0.444,NA
178,31,negative-to-zero,ifs,FALSE,20,elitize_generation_data,177,80,0.454,NA
179,31,negative-to-zero,ifs,FALSE,20,elitize_generation_data,178,91,0.427,NA
180,31,negative-to-zero,ifs,FALSE,20,elitize_generation_data,179,91,0.426,NA
181,31,negative-to-zero,ifs,FALSE,20,elitize_generation_data,180,88,0.409,NA
182,31,negative-to-zero,ifs,FALSE,20,elitize_generation_data,181,72,0.426,NA
183,31,negative-to-zero,ifs,FALSE,20,elitize_generation_data,182,80,0.429,NA
184,31,negative-to-zero,ifs,FALSE,20,elitize_generation_data,183,83,0.437,NA
185,31,negative-to-zero,ifs,FALSE,20,elitize_generation_data,184,98,0.421,NA
186,31,negative-to-zero,ifs,FALSE,20,elitize_generation_data,185,97,0.431,NA
187,31,negative-to-zero,ifs,FALSE,20,elitize_generation_data,186,101,0.456,NA
188,31,negative-to-zero,ifs,FALSE,20,elitize_generation_data,187,71,0.414,NA
189,31,negative-to-zero,ifs,FALSE,20,elitize_generation_data,188,78,0.431,NA
190,31,negative-to-zero,ifs,FALSE,20,elitize_generation_data,189,67,0.415,NA
191,31,negative-to-zero,ifs,FALSE,20,elitize_generation_data,190,79,0.443,NA
192,31,negative-to-zero,ifs,FALSE,20,elitize_generation_data,191,106,0.458,NA
193,31,negative-to-zero,ifs,FALSE,20,elitize_generation_data,192,76,0.432,NA
194,31,negative-to-zero,ifs,FALSE,20,elitize_generation_data,193,97,0.454,NA
195,31,negative-to-zero,ifs,FALSE,20,elitize_generation_data,194,81,0.444,NA
196,31,negative-to-zero,ifs,FALSE,20,elitize_generation_data,195,102,0.438,NA
197,31,negative-to-zero,ifs,FALSE,20,elitize_generation_data,196,78,0.443,NA
198,31,negative-to-zero,ifs,FALSE,20,elitize_generation_data,197,89,0.446,NA
199,31,negative-to-zero,ifs,FALSE,20,elitize_generation_data,198,77,0.443,NA
200,31,negative-to-zero,ifs,FALSE,20,elitize_generation_data,199,61,0.434,NA
201,31,negative-to-zero,ifs,FALSE,20,elitize_generation_data,200,84,0.462,NA
202,31,negative-to-zero,ifs,FALSE,20,elitize_generation_data,201,70,0.434,NA
203,31,negative-to-zero,ifs,FALSE,20,elitize_generation_data,202,86,0.454,NA
204,31,negative-to-zero,ifs,FALSE,20,elitize_generation_data,203,85,0.471,NA
205,31,negative-to-zero,ifs,FALSE,20,elitize_generation_data,204,84,0.463,NA
206,31,negative-to-zero,ifs,FALSE,20,elitize_generation_data,205,70,0.432,NA
207,31,negative-to-zero,ifs,FALSE,20,elitize_generation_data,206,76,0.451,NA
208,31,negative-to-zero,ifs,FALSE,20,elitize_generation_data,207,104,0.469,NA
209,31,negative-to-zero,ifs,FALSE,20,elitize_generation_data,208,97,0.463,NA
210,31,negative-to-zero,ifs,FALSE,20,elitize_generation_data,209,79,0.447,NA
211,31,negative-to-zero,ifs,FALSE,20,elitize_generation_data,210,87,0.448,NA
212,31,negative-to-zero,ifs,FALSE,20,elitize_generation_data,211,80,0.446,NA
213,31,negative-to-zero,ifs,FALSE,20,elitize_generation_data,212,84,0.438,NA
214,31,negative-to-zero,ifs,FALSE,20,elitize_generation_data,213,76,0.463,NA
215,31,negative-to-zero,ifs,FALSE,20,elitize_generation_data,214,86,0.487,NA
216,31,negative-to-zero,ifs,FALSE,20,elitize_generation_data,215,92,0.455,NA
217,31,negative-to-zero,ifs,FALSE,20,elitize_generation_data,216,88,0.457,NA
218,31,negative-to-zero,ifs,FALSE,20,elitize_generation_data,217,81,0.496,NA
219,31,negative-to-zero,ifs,FALSE,20,elitize_generation_data,218,86,0.448,NA
220,31,negative-to-zero,ifs,FALSE,20,elitize_generation_data,219,84,0.444,NA
221,31,negative-to-zero,ifs,FALSE,20,elitize_generation_data,220,69,0.432,NA
222,31,negative-to-zero,ifs,FALSE,20,elitize_generation_data,221,100,0.456,NA
223,31,negative-to-zero,ifs,FALSE,20,elitize_generation_data,222,93,0.439,NA
224,31,negative-to-zero,ifs,FALSE,20,elitize_generation_data,223,84,0.435,NA
225,31,negative-to-zero,ifs,FALSE,20,elitize_generation_data,224,75,0.459,NA
226,31,negative-to-zero,ifs,FALSE,20,elitize_generation_data,225,100,0.452,NA
227,31,negative-to-zero,ifs,FALSE,20,elitize_generation_data,226,100,0.443,NA
228,31,negative-to-zero,ifs,FALSE,20,elitize_generation_data,227,89,0.438,NA
229,31,negative-to-zero,ifs,FALSE,20,elitize_generation_data,228,99,0.434,NA
230,31,negative-to-zero,ifs,FALSE,20,elitize_generation_data,229,85,0.463,NA
231,31,negative-to-zero,ifs,FALSE,20,elitize_generation_data,230,97,0.446,NA
232,31,negative-to-zero,ifs,FALSE,20,elitize_generation_data,231,72,0.445,NA
233,31,negative-to-zero,ifs,FALSE,20,elitize_generation_data,232,98,0.438,NA
234,31,negative-to-zero,ifs,FALSE,20,elitize_generation_data,233,99,0.469,NA
235,31,negative-to-zero,ifs,FALSE,20,elitize_generation_data,234,74,0.476,NA
236,31,negative-to-zero,ifs,FALSE,20,elitize_generation_data,235,95,0.472,NA
237,31,negative-to-zero,ifs,FALSE,20,elitize_generation_data,236,86,0.49,NA
238,31,negative-to-zero,ifs,FALSE,20,elitize_generation_data,237,104,0.482,NA
239,31,negative-to-zero,ifs,FALSE,20,elitize_generation_data,238,100,0.488,NA
240,31,negative-to-zero,ifs,FALSE,20,elitize_generation_data,239,100,0.485,NA
241,31,negative-to-zero,ifs,FALSE,20,elitize_generation_data,240,75,0.456,NA
242,31,negative-to-zero,ifs,FALSE,20,elitize_generation_data,241,64,0.421,NA
243,31,negative-to-zero,ifs,FALSE,20,elitize_generation_data,242,75,0.466,NA
244,31,negative-to-zero,ifs,FALSE,20,elitize_generation_data,243,85,0.448,NA
245,31,negative-to-zero,ifs,FALSE,20,elitize_generation_data,244,100,0.441,NA
246,31,negative-to-zero,ifs,FALSE,20,elitize_generation_data,245,65,0.437,NA
247,31,negative-to-zero,ifs,FALSE,20,elitize_generation_data,246,84,0.44,NA
248,31,negative-to-zero,ifs,FALSE,20,elitize_generation_data,247,77,0.461,NA
249,31,negative-to-zero,ifs,FALSE,20,elitize_generation_data,248,96,0.475,NA
250,31,negative-to-zero,ifs,FALSE,20,elitize_generation_data,249,74,0.472,NA
251,31,negative-to-zero,ifs,FALSE,20,elitize_generation_data,250,92,0.467,NA
252,31,negative-to-zero,ifs,FALSE,20,elitize_generation_data,251,98,0.459,NA
253,31,negative-to-zero,ifs,FALSE,20,elitize_generation_data,252,86,0.452,NA
254,31,negative-to-zero,ifs,FALSE,20,elitize_generation_data,253,71,0.462,NA
255,31,negative-to-zero,ifs,FALSE,20,elitize_generation_data,254,79,0.492,NA
256,31,negative-to-zero,ifs,FALSE,20,elitize_generation_data,255,73,0.475,NA
257,31,negative-to-zero,ifs,FALSE,20,elitize_generation_data,256,75,0.463,NA
258,31,negative-to-zero,ifs,FALSE,20,elitize_generation_data,257,94,0.483,NA
259,31,negative-to-zero,ifs,FALSE,20,elitize_generation_data,258,102,0.48,NA
260,31,negative-to-zero,ifs,FALSE,20,elitize_generation_data,259,78,0.463,NA
261,31,negative-to-zero,ifs,FALSE,20,elitize_generation_data,260,98,0.49,NA
262,31,negative-to-zero,ifs,FALSE,20,elitize_generation_data,261,87,0.474,NA
263,31,negative-to-zero,ifs,FALSE,20,elitize_generation_data,262,96,0.452,NA
264,31,negative-to-zero,ifs,FALSE,20,elitize_generation_data,263,94,0.506,NA
265,31,negative-to-zero,ifs,FALSE,20,elitize_generation_data,264,86,0.485,NA
266,31,negative-to-zero,ifs,FALSE,20,elitize_generation_data,265,92,0.473,NA
267,31,negative-to-zero,ifs,FALSE,20,elitize_generation_data,266,96,0.493,NA
268,31,negative-to-zero,ifs,FALSE,20,elitize_generation_data,267,80,0.465,NA
269,31,negative-to-zero,ifs,FALSE,20,elitize_generation_data,268,99,0.472,NA
270,31,negative-to-zero,ifs,FALSE,20,elitize_generation_data,269,80,0.454,NA
271,31,negative-to-zero,ifs,FALSE,20,elitize_generation_data,270,93,0.49,NA
272,31,negative-to-zero,ifs,FALSE,20,elitize_generation_data,271,79,0.463,NA
273,31,negative-to-zero,ifs,FALSE,20,elitize_generation_data,272,82,0.472,NA
274,31,negative-to-zero,ifs,FALSE,20,elitize_generation_data,273,76,0.453,NA
275,31,negative-to-zero,ifs,FALSE,20,elitize_generation_data,274,82,0.488,NA
276,31,negative-to-zero,ifs,FALSE,20,elitize_generation_data,275,78,0.447,NA
277,31,negative-to-zero,ifs,FALSE,20,elitize_generation_data,276,81,0.464,NA
278,31,negative-to-zero,ifs,FALSE,20,elitize_generation_data,277,75,0.458,NA
279,31,negative-to-zero,ifs,FALSE,20,elitize_generation_data,278,89,0.452,NA
280,31,negative-to-zero,ifs,FALSE,20,elitize_generation_data,279,85,0.442,NA
281,31,negative-to-zero,ifs,FALSE,20,elitize_generation_data,280,89,0.462,NA
282,31,negative-to-zero,ifs,FALSE,20,elitize_generation_data,281,86,0.464,NA
283,31,negative-to-zero,ifs,FALSE,20,elitize_generation_data,282,84,0.48,NA
284,31,negative-to-zero,ifs,FALSE,20,elitize_generation_data,283,91,0.448,NA
285,31,negative-to-zero,ifs,FALSE,20,elitize_generation_data,284,88,0.455,NA
286,31,negative-to-zero,ifs,FALSE,20,elitize_generation_data,285,75,0.463,NA
287,31,negative-to-zero,ifs,FALSE,20,elitize_generation_data,286,73,0.464,NA
288,31,negative-to-zero,ifs,FALSE,20,elitize_generation_data,287,92,0.453,NA
289,31,negative-to-zero,ifs,FALSE,20,elitize_generation_data,288,77,0.449,NA
290,31,negative-to-zero,ifs,FALSE,20,elitize_generation_data,289,102,0.486,NA
291,31,negative-to-zero,ifs,FALSE,20,elitize_generation_data,290,96,0.473,NA
292,31,negative-to-zero,ifs,FALSE,20,elitize_generation_data,291,90,0.473,NA
293,31,negative-to-zero,ifs,FALSE,20,elitize_generation_data,292,94,0.513,NA
294,31,negative-to-zero,ifs,FALSE,20,elitize_generation_data,293,77,0.497,NA
295,31,negative-to-zero,ifs,FALSE,20,elitize_generation_data,294,101,0.478,NA
296,31,negative-to-zero,ifs,FALSE,20,elitize_generation_data,295,96,0.495,NA
297,31,negative-to-zero,ifs,FALSE,20,elitize_generation_data,296,84,0.446,NA
298,31,negative-to-zero,ifs,FALSE,20,elitize_generation_data,297,92,0.478,NA
299,31,negative-to-zero,ifs,FALSE,20,elitize_generation_data,298,77,0.485,NA
300,31,negative-to-zero,ifs,FALSE,20,elitize_generation_data,299,78,0.484,NA
301,31,negative-to-zero,ifs,FALSE,20,elitize_generation_data,300,75,0.467,NA
