,run.num,problem,treatment,succeeded,height,normalization.function,generation,cluster.count,error.diversity,success.generation
1,74,negative-to-zero,ifs,FALSE,20,elitize_generation_data,0,10,0.036,NA
2,74,negative-to-zero,ifs,FALSE,20,elitize_generation_data,1,16,0.06,NA
3,74,negative-to-zero,ifs,FALSE,20,elitize_generation_data,2,17,0.047,NA
4,74,negative-to-zero,ifs,FALSE,20,elitize_generation_data,3,7,0.021,NA
5,74,negative-to-zero,ifs,FALSE,20,elitize_generation_data,4,10,0.025,NA
6,74,negative-to-zero,ifs,FALSE,20,elitize_generation_data,5,10,0.024,NA
7,74,negative-to-zero,ifs,FALSE,20,elitize_generation_data,6,9,0.017,NA
8,74,negative-to-zero,ifs,FALSE,20,elitize_generation_data,7,8,0.014,NA
9,74,negative-to-zero,ifs,FALSE,20,elitize_generation_data,8,8,0.018,NA
10,74,negative-to-zero,ifs,FALSE,20,elitize_generation_data,9,6,0.015,NA
11,74,negative-to-zero,ifs,FALSE,20,elitize_generation_data,10,4,0.008,NA
12,74,negative-to-zero,ifs,FALSE,20,elitize_generation_data,11,4,0.01,NA
13,74,negative-to-zero,ifs,FALSE,20,elitize_generation_data,12,5,0.011,NA
14,74,negative-to-zero,ifs,FALSE,20,elitize_generation_data,13,8,0.013,NA
15,74,negative-to-zero,ifs,FALSE,20,elitize_generation_data,14,6,0.013,NA
16,74,negative-to-zero,ifs,FALSE,20,elitize_generation_data,15,4,0.013,NA
17,74,negative-to-zero,ifs,FALSE,20,elitize_generation_data,16,5,0.013,NA
18,74,negative-to-zero,ifs,FALSE,20,elitize_generation_data,17,5,0.01,NA
19,74,negative-to-zero,ifs,FALSE,20,elitize_generation_data,18,6,0.015,NA
20,74,negative-to-zero,ifs,FALSE,20,elitize_generation_data,19,7,0.017,NA
21,74,negative-to-zero,ifs,FALSE,20,elitize_generation_data,20,12,0.021,NA
22,74,negative-to-zero,ifs,FALSE,20,elitize_generation_data,21,8,0.019,NA
23,74,negative-to-zero,ifs,FALSE,20,elitize_generation_data,22,6,0.019,NA
24,74,negative-to-zero,ifs,FALSE,20,elitize_generation_data,23,6,0.015,NA
25,74,negative-to-zero,ifs,FALSE,20,elitize_generation_data,24,9,0.019,NA
26,74,negative-to-zero,ifs,FALSE,20,elitize_generation_data,25,5,0.019,NA
27,74,negative-to-zero,ifs,FALSE,20,elitize_generation_data,26,5,0.015,NA
28,74,negative-to-zero,ifs,FALSE,20,elitize_generation_data,27,4,0.014,NA
29,74,negative-to-zero,ifs,FALSE,20,elitize_generation_data,28,5,0.015,NA
30,74,negative-to-zero,ifs,FALSE,20,elitize_generation_data,29,5,0.013,NA
31,74,negative-to-zero,ifs,FALSE,20,elitize_generation_data,30,7,0.019,NA
32,74,negative-to-zero,ifs,FALSE,20,elitize_generation_data,31,11,0.024,NA
33,74,negative-to-zero,ifs,FALSE,20,elitize_generation_data,32,14,0.038,NA
34,74,negative-to-zero,ifs,FALSE,20,elitize_generation_data,33,12,0.041,NA
35,74,negative-to-zero,ifs,FALSE,20,elitize_generation_data,34,5,0.065,NA
36,74,negative-to-zero,ifs,FALSE,20,elitize_generation_data,35,4,0.061,NA
37,74,negative-to-zero,ifs,FALSE,20,elitize_generation_data,36,3,0.052,NA
38,74,negative-to-zero,ifs,FALSE,20,elitize_generation_data,37,6,0.074,NA
39,74,negative-to-zero,ifs,FALSE,20,elitize_generation_data,38,7,0.067,NA
40,74,negative-to-zero,ifs,FALSE,20,elitize_generation_data,39,11,0.056,NA
41,74,negative-to-zero,ifs,FALSE,20,elitize_generation_data,40,9,0.065,NA
42,74,negative-to-zero,ifs,FALSE,20,elitize_generation_data,41,9,0.05,NA
43,74,negative-to-zero,ifs,FALSE,20,elitize_generation_data,42,11,0.045,NA
44,74,negative-to-zero,ifs,FALSE,20,elitize_generation_data,43,15,0.07,NA
45,74,negative-to-zero,ifs,FALSE,20,elitize_generation_data,44,16,0.108,NA
46,74,negative-to-zero,ifs,FALSE,20,elitize_generation_data,45,25,0.2,NA
47,74,negative-to-zero,ifs,FALSE,20,elitize_generation_data,46,37,0.246,NA
48,74,negative-to-zero,ifs,FALSE,20,elitize_generation_data,47,30,0.302,NA
49,74,negative-to-zero,ifs,FALSE,20,elitize_generation_data,48,30,0.357,NA
50,74,negative-to-zero,ifs,FALSE,20,elitize_generation_data,49,26,0.371,NA
51,74,negative-to-zero,ifs,FALSE,20,elitize_generation_data,50,30,0.392,NA
52,74,negative-to-zero,ifs,FALSE,20,elitize_generation_data,51,32,0.411,NA
53,74,negative-to-zero,ifs,FALSE,20,elitize_generation_data,52,40,0.466,NA
54,74,negative-to-zero,ifs,FALSE,20,elitize_generation_data,53,48,0.527,NA
55,74,negative-to-zero,ifs,FALSE,20,elitize_generation_data,54,46,0.537,NA
56,74,negative-to-zero,ifs,FALSE,20,elitize_generation_data,55,59,0.561,NA
57,74,negative-to-zero,ifs,FALSE,20,elitize_generation_data,56,82,0.553,NA
58,74,negative-to-zero,ifs,FALSE,20,elitize_generation_data,57,65,0.508,NA
59,74,negative-to-zero,ifs,FALSE,20,elitize_generation_data,58,37,0.459,NA
60,74,negative-to-zero,ifs,FALSE,20,elitize_generation_data,59,27,0.469,NA
61,74,negative-to-zero,ifs,FALSE,20,elitize_generation_data,60,36,0.465,NA
62,74,negative-to-zero,ifs,FALSE,20,elitize_generation_data,61,44,0.421,NA
63,74,negative-to-zero,ifs,FALSE,20,elitize_generation_data,62,38,0.409,NA
64,74,negative-to-zero,ifs,FALSE,20,elitize_generation_data,63,51,0.421,NA
65,74,negative-to-zero,ifs,FALSE,20,elitize_generation_data,64,42,0.406,NA
66,74,negative-to-zero,ifs,FALSE,20,elitize_generation_data,65,28,0.364,NA
67,74,negative-to-zero,ifs,FALSE,20,elitize_generation_data,66,32,0.378,NA
68,74,negative-to-zero,ifs,FALSE,20,elitize_generation_data,67,43,0.372,NA
69,74,negative-to-zero,ifs,FALSE,20,elitize_generation_data,68,35,0.312,NA
70,74,negative-to-zero,ifs,FALSE,20,elitize_generation_data,69,37,0.281,NA
71,74,negative-to-zero,ifs,FALSE,20,elitize_generation_data,70,38,0.207,NA
72,74,negative-to-zero,ifs,FALSE,20,elitize_generation_data,71,36,0.175,NA
73,74,negative-to-zero,ifs,FALSE,20,elitize_generation_data,72,35,0.202,NA
74,74,negative-to-zero,ifs,FALSE,20,elitize_generation_data,73,41,0.203,NA
75,74,negative-to-zero,ifs,FALSE,20,elitize_generation_data,74,34,0.194,NA
76,74,negative-to-zero,ifs,FALSE,20,elitize_generation_data,75,40,0.192,NA
77,74,negative-to-zero,ifs,FALSE,20,elitize_generation_data,76,39,0.186,NA
78,74,negative-to-zero,ifs,FALSE,20,elitize_generation_data,77,40,0.194,NA
79,74,negative-to-zero,ifs,FALSE,20,elitize_generation_data,78,38,0.229,NA
80,74,negative-to-zero,ifs,FALSE,20,elitize_generation_data,79,33,0.211,NA
81,74,negative-to-zero,ifs,FALSE,20,elitize_generation_data,80,39,0.218,NA
82,74,negative-to-zero,ifs,FALSE,20,elitize_generation_data,81,56,0.256,NA
83,74,negative-to-zero,ifs,FALSE,20,elitize_generation_data,82,34,0.245,NA
84,74,negative-to-zero,ifs,FALSE,20,elitize_generation_data,83,37,0.233,NA
85,74,negative-to-zero,ifs,FALSE,20,elitize_generation_data,84,30,0.216,NA
86,74,negative-to-zero,ifs,FALSE,20,elitize_generation_data,85,34,0.214,NA
87,74,negative-to-zero,ifs,FALSE,20,elitize_generation_data,86,37,0.219,NA
88,74,negative-to-zero,ifs,FALSE,20,elitize_generation_data,87,26,0.217,NA
89,74,negative-to-zero,ifs,FALSE,20,elitize_generation_data,88,15,0.173,NA
90,74,negative-to-zero,ifs,FALSE,20,elitize_generation_data,89,18,0.187,NA
91,74,negative-to-zero,ifs,FALSE,20,elitize_generation_data,90,13,0.177,NA
92,74,negative-to-zero,ifs,FALSE,20,elitize_generation_data,91,17,0.179,NA
93,74,negative-to-zero,ifs,FALSE,20,elitize_generation_data,92,18,0.166,NA
94,74,negative-to-zero,ifs,FALSE,20,elitize_generation_data,93,20,0.16,NA
95,74,negative-to-zero,ifs,FALSE,20,elitize_generation_data,94,19,0.189,NA
96,74,negative-to-zero,ifs,FALSE,20,elitize_generation_data,95,13,0.157,NA
97,74,negative-to-zero,ifs,FALSE,20,elitize_generation_data,96,15,0.168,NA
98,74,negative-to-zero,ifs,FALSE,20,elitize_generation_data,97,18,0.159,NA
99,74,negative-to-zero,ifs,FALSE,20,elitize_generation_data,98,17,0.162,NA
100,74,negative-to-zero,ifs,FALSE,20,elitize_generation_data,99,20,0.186,NA
101,74,negative-to-zero,ifs,FALSE,20,elitize_generation_data,100,17,0.168,NA
102,74,negative-to-zero,ifs,FALSE,20,elitize_generation_data,101,21,0.168,NA
103,74,negative-to-zero,ifs,FALSE,20,elitize_generation_data,102,16,0.154,NA
104,74,negative-to-zero,ifs,FALSE,20,elitize_generation_data,103,14,0.174,NA
105,74,negative-to-zero,ifs,FALSE,20,elitize_generation_data,104,13,0.165,NA
106,74,negative-to-zero,ifs,FALSE,20,elitize_generation_data,105,19,0.184,NA
107,74,negative-to-zero,ifs,FALSE,20,elitize_generation_data,106,16,0.172,NA
108,74,negative-to-zero,ifs,FALSE,20,elitize_generation_data,107,16,0.193,NA
109,74,negative-to-zero,ifs,FALSE,20,elitize_generation_data,108,20,0.172,NA
110,74,negative-to-zero,ifs,FALSE,20,elitize_generation_data,109,16,0.184,NA
111,74,negative-to-zero,ifs,FALSE,20,elitize_generation_data,110,23,0.181,NA
112,74,negative-to-zero,ifs,FALSE,20,elitize_generation_data,111,18,0.178,NA
113,74,negative-to-zero,ifs,FALSE,20,elitize_generation_data,112,18,0.171,NA
114,74,negative-to-zero,ifs,FALSE,20,elitize_generation_data,113,17,0.18,NA
115,74,negative-to-zero,ifs,FALSE,20,elitize_generation_data,114,23,0.178,NA
116,74,negative-to-zero,ifs,FALSE,20,elitize_generation_data,115,23,0.185,NA
117,74,negative-to-zero,ifs,FALSE,20,elitize_generation_data,116,15,0.187,NA
118,74,negative-to-zero,ifs,FALSE,20,elitize_generation_data,117,15,0.193,NA
119,74,negative-to-zero,ifs,FALSE,20,elitize_generation_data,118,18,0.175,NA
120,74,negative-to-zero,ifs,FALSE,20,elitize_generation_data,119,18,0.177,NA
121,74,negative-to-zero,ifs,FALSE,20,elitize_generation_data,120,22,0.187,NA
122,74,negative-to-zero,ifs,FALSE,20,elitize_generation_data,121,21,0.181,NA
123,74,negative-to-zero,ifs,FALSE,20,elitize_generation_data,122,15,0.177,NA
124,74,negative-to-zero,ifs,FALSE,20,elitize_generation_data,123,21,0.19,NA
125,74,negative-to-zero,ifs,FALSE,20,elitize_generation_data,124,20,0.177,NA
126,74,negative-to-zero,ifs,FALSE,20,elitize_generation_data,125,13,0.179,NA
127,74,negative-to-zero,ifs,FALSE,20,elitize_generation_data,126,17,0.164,NA
128,74,negative-to-zero,ifs,FALSE,20,elitize_generation_data,127,16,0.159,NA
129,74,negative-to-zero,ifs,FALSE,20,elitize_generation_data,128,17,0.199,NA
130,74,negative-to-zero,ifs,FALSE,20,elitize_generation_data,129,17,0.177,NA
131,74,negative-to-zero,ifs,FALSE,20,elitize_generation_data,130,17,0.168,NA
132,74,negative-to-zero,ifs,FALSE,20,elitize_generation_data,131,22,0.179,NA
133,74,negative-to-zero,ifs,FALSE,20,elitize_generation_data,132,18,0.177,NA
134,74,negative-to-zero,ifs,FALSE,20,elitize_generation_data,133,14,0.188,NA
135,74,negative-to-zero,ifs,FALSE,20,elitize_generation_data,134,19,0.181,NA
136,74,negative-to-zero,ifs,FALSE,20,elitize_generation_data,135,17,0.182,NA
137,74,negative-to-zero,ifs,FALSE,20,elitize_generation_data,136,18,0.182,NA
138,74,negative-to-zero,ifs,FALSE,20,elitize_generation_data,137,17,0.17,NA
139,74,negative-to-zero,ifs,FALSE,20,elitize_generation_data,138,18,0.164,NA
140,74,negative-to-zero,ifs,FALSE,20,elitize_generation_data,139,15,0.171,NA
141,74,negative-to-zero,ifs,FALSE,20,elitize_generation_data,140,17,0.176,NA
142,74,negative-to-zero,ifs,FALSE,20,elitize_generation_data,141,19,0.183,NA
143,74,negative-to-zero,ifs,FALSE,20,elitize_generation_data,142,18,0.17,NA
144,74,negative-to-zero,ifs,FALSE,20,elitize_generation_data,143,17,0.187,NA
145,74,negative-to-zero,ifs,FALSE,20,elitize_generation_data,144,15,0.164,NA
146,74,negative-to-zero,ifs,FALSE,20,elitize_generation_data,145,11,0.151,NA
147,74,negative-to-zero,ifs,FALSE,20,elitize_generation_data,146,16,0.155,NA
148,74,negative-to-zero,ifs,FALSE,20,elitize_generation_data,147,17,0.159,NA
149,74,negative-to-zero,ifs,FALSE,20,elitize_generation_data,148,17,0.16,NA
150,74,negative-to-zero,ifs,FALSE,20,elitize_generation_data,149,12,0.155,NA
151,74,negative-to-zero,ifs,FALSE,20,elitize_generation_data,150,19,0.143,NA
152,74,negative-to-zero,ifs,FALSE,20,elitize_generation_data,151,18,0.163,NA
153,74,negative-to-zero,ifs,FALSE,20,elitize_generation_data,152,17,0.161,NA
154,74,negative-to-zero,ifs,FALSE,20,elitize_generation_data,153,13,0.144,NA
155,74,negative-to-zero,ifs,FALSE,20,elitize_generation_data,154,17,0.158,NA
156,74,negative-to-zero,ifs,FALSE,20,elitize_generation_data,155,15,0.161,NA
157,74,negative-to-zero,ifs,FALSE,20,elitize_generation_data,156,16,0.164,NA
158,74,negative-to-zero,ifs,FALSE,20,elitize_generation_data,157,13,0.159,NA
159,74,negative-to-zero,ifs,FALSE,20,elitize_generation_data,158,17,0.155,NA
160,74,negative-to-zero,ifs,FALSE,20,elitize_generation_data,159,17,0.155,NA
161,74,negative-to-zero,ifs,FALSE,20,elitize_generation_data,160,14,0.161,NA
162,74,negative-to-zero,ifs,FALSE,20,elitize_generation_data,161,16,0.152,NA
163,74,negative-to-zero,ifs,FALSE,20,elitize_generation_data,162,17,0.169,NA
164,74,negative-to-zero,ifs,FALSE,20,elitize_generation_data,163,13,0.158,NA
165,74,negative-to-zero,ifs,FALSE,20,elitize_generation_data,164,13,0.138,NA
166,74,negative-to-zero,ifs,FALSE,20,elitize_generation_data,165,15,0.152,NA
167,74,negative-to-zero,ifs,FALSE,20,elitize_generation_data,166,15,0.17,NA
168,74,negative-to-zero,ifs,FALSE,20,elitize_generation_data,167,20,0.178,NA
169,74,negative-to-zero,ifs,FALSE,20,elitize_generation_data,168,14,0.154,NA
170,74,negative-to-zero,ifs,FALSE,20,elitize_generation_data,169,12,0.176,NA
171,74,negative-to-zero,ifs,FALSE,20,elitize_generation_data,170,16,0.164,NA
172,74,negative-to-zero,ifs,FALSE,20,elitize_generation_data,171,13,0.159,NA
173,74,negative-to-zero,ifs,FALSE,20,elitize_generation_data,172,15,0.146,NA
174,74,negative-to-zero,ifs,FALSE,20,elitize_generation_data,173,23,0.166,NA
175,74,negative-to-zero,ifs,FALSE,20,elitize_generation_data,174,15,0.175,NA
176,74,negative-to-zero,ifs,FALSE,20,elitize_generation_data,175,14,0.162,NA
177,74,negative-to-zero,ifs,FALSE,20,elitize_generation_data,176,15,0.175,NA
178,74,negative-to-zero,ifs,FALSE,20,elitize_generation_data,177,13,0.167,NA
179,74,negative-to-zero,ifs,FALSE,20,elitize_generation_data,178,16,0.182,NA
180,74,negative-to-zero,ifs,FALSE,20,elitize_generation_data,179,15,0.155,NA
181,74,negative-to-zero,ifs,FALSE,20,elitize_generation_data,180,14,0.189,NA
182,74,negative-to-zero,ifs,FALSE,20,elitize_generation_data,181,16,0.206,NA
183,74,negative-to-zero,ifs,FALSE,20,elitize_generation_data,182,18,0.206,NA
184,74,negative-to-zero,ifs,FALSE,20,elitize_generation_data,183,17,0.215,NA
185,74,negative-to-zero,ifs,FALSE,20,elitize_generation_data,184,18,0.228,NA
186,74,negative-to-zero,ifs,FALSE,20,elitize_generation_data,185,24,0.215,NA
187,74,negative-to-zero,ifs,FALSE,20,elitize_generation_data,186,20,0.194,NA
188,74,negative-to-zero,ifs,FALSE,20,elitize_generation_data,187,19,0.199,NA
189,74,negative-to-zero,ifs,FALSE,20,elitize_generation_data,188,21,0.204,NA
190,74,negative-to-zero,ifs,FALSE,20,elitize_generation_data,189,22,0.208,NA
191,74,negative-to-zero,ifs,FALSE,20,elitize_generation_data,190,24,0.193,NA
192,74,negative-to-zero,ifs,FALSE,20,elitize_generation_data,191,22,0.178,NA
193,74,negative-to-zero,ifs,FALSE,20,elitize_generation_data,192,27,0.203,NA
194,74,negative-to-zero,ifs,FALSE,20,elitize_generation_data,193,20,0.198,NA
195,74,negative-to-zero,ifs,FALSE,20,elitize_generation_data,194,22,0.2,NA
196,74,negative-to-zero,ifs,FALSE,20,elitize_generation_data,195,21,0.199,NA
197,74,negative-to-zero,ifs,FALSE,20,elitize_generation_data,196,19,0.2,NA
198,74,negative-to-zero,ifs,FALSE,20,elitize_generation_data,197,17,0.198,NA
199,74,negative-to-zero,ifs,FALSE,20,elitize_generation_data,198,21,0.212,NA
200,74,negative-to-zero,ifs,FALSE,20,elitize_generation_data,199,23,0.2,NA
201,74,negative-to-zero,ifs,FALSE,20,elitize_generation_data,200,19,0.193,NA
202,74,negative-to-zero,ifs,FALSE,20,elitize_generation_data,201,22,0.204,NA
203,74,negative-to-zero,ifs,FALSE,20,elitize_generation_data,202,22,0.208,NA
204,74,negative-to-zero,ifs,FALSE,20,elitize_generation_data,203,20,0.199,NA
205,74,negative-to-zero,ifs,FALSE,20,elitize_generation_data,204,17,0.203,NA
206,74,negative-to-zero,ifs,FALSE,20,elitize_generation_data,205,24,0.208,NA
207,74,negative-to-zero,ifs,FALSE,20,elitize_generation_data,206,22,0.209,NA
208,74,negative-to-zero,ifs,FALSE,20,elitize_generation_data,207,15,0.212,NA
209,74,negative-to-zero,ifs,FALSE,20,elitize_generation_data,208,17,0.233,NA
210,74,negative-to-zero,ifs,FALSE,20,elitize_generation_data,209,15,0.209,NA
211,74,negative-to-zero,ifs,FALSE,20,elitize_generation_data,210,17,0.211,NA
212,74,negative-to-zero,ifs,FALSE,20,elitize_generation_data,211,21,0.197,NA
213,74,negative-to-zero,ifs,FALSE,20,elitize_generation_data,212,16,0.222,NA
214,74,negative-to-zero,ifs,FALSE,20,elitize_generation_data,213,20,0.219,NA
215,74,negative-to-zero,ifs,FALSE,20,elitize_generation_data,214,23,0.219,NA
216,74,negative-to-zero,ifs,FALSE,20,elitize_generation_data,215,23,0.211,NA
217,74,negative-to-zero,ifs,FALSE,20,elitize_generation_data,216,27,0.192,NA
218,74,negative-to-zero,ifs,FALSE,20,elitize_generation_data,217,19,0.212,NA
219,74,negative-to-zero,ifs,FALSE,20,elitize_generation_data,218,22,0.198,NA
220,74,negative-to-zero,ifs,FALSE,20,elitize_generation_data,219,17,0.201,NA
221,74,negative-to-zero,ifs,FALSE,20,elitize_generation_data,220,19,0.205,NA
222,74,negative-to-zero,ifs,FALSE,20,elitize_generation_data,221,26,0.214,NA
223,74,negative-to-zero,ifs,FALSE,20,elitize_generation_data,222,17,0.212,NA
224,74,negative-to-zero,ifs,FALSE,20,elitize_generation_data,223,23,0.209,NA
225,74,negative-to-zero,ifs,FALSE,20,elitize_generation_data,224,13,0.213,NA
226,74,negative-to-zero,ifs,FALSE,20,elitize_generation_data,225,19,0.211,NA
227,74,negative-to-zero,ifs,FALSE,20,elitize_generation_data,226,23,0.202,NA
228,74,negative-to-zero,ifs,FALSE,20,elitize_generation_data,227,18,0.229,NA
229,74,negative-to-zero,ifs,FALSE,20,elitize_generation_data,228,24,0.206,NA
230,74,negative-to-zero,ifs,FALSE,20,elitize_generation_data,229,22,0.216,NA
231,74,negative-to-zero,ifs,FALSE,20,elitize_generation_data,230,21,0.193,NA
232,74,negative-to-zero,ifs,FALSE,20,elitize_generation_data,231,18,0.222,NA
233,74,negative-to-zero,ifs,FALSE,20,elitize_generation_data,232,18,0.208,NA
234,74,negative-to-zero,ifs,FALSE,20,elitize_generation_data,233,20,0.219,NA
235,74,negative-to-zero,ifs,FALSE,20,elitize_generation_data,234,18,0.203,NA
236,74,negative-to-zero,ifs,FALSE,20,elitize_generation_data,235,21,0.21,NA
237,74,negative-to-zero,ifs,FALSE,20,elitize_generation_data,236,18,0.219,NA
238,74,negative-to-zero,ifs,FALSE,20,elitize_generation_data,237,19,0.233,NA
239,74,negative-to-zero,ifs,FALSE,20,elitize_generation_data,238,24,0.191,NA
240,74,negative-to-zero,ifs,FALSE,20,elitize_generation_data,239,19,0.229,NA
241,74,negative-to-zero,ifs,FALSE,20,elitize_generation_data,240,19,0.216,NA
242,74,negative-to-zero,ifs,FALSE,20,elitize_generation_data,241,22,0.23,NA
243,74,negative-to-zero,ifs,FALSE,20,elitize_generation_data,242,14,0.213,NA
244,74,negative-to-zero,ifs,FALSE,20,elitize_generation_data,243,15,0.205,NA
245,74,negative-to-zero,ifs,FALSE,20,elitize_generation_data,244,20,0.192,NA
246,74,negative-to-zero,ifs,FALSE,20,elitize_generation_data,245,22,0.22,NA
247,74,negative-to-zero,ifs,FALSE,20,elitize_generation_data,246,22,0.23,NA
248,74,negative-to-zero,ifs,FALSE,20,elitize_generation_data,247,23,0.214,NA
249,74,negative-to-zero,ifs,FALSE,20,elitize_generation_data,248,12,0.207,NA
250,74,negative-to-zero,ifs,FALSE,20,elitize_generation_data,249,21,0.218,NA
251,74,negative-to-zero,ifs,FALSE,20,elitize_generation_data,250,22,0.22,NA
252,74,negative-to-zero,ifs,FALSE,20,elitize_generation_data,251,22,0.227,NA
253,74,negative-to-zero,ifs,FALSE,20,elitize_generation_data,252,22,0.224,NA
254,74,negative-to-zero,ifs,FALSE,20,elitize_generation_data,253,18,0.218,NA
255,74,negative-to-zero,ifs,FALSE,20,elitize_generation_data,254,17,0.189,NA
256,74,negative-to-zero,ifs,FALSE,20,elitize_generation_data,255,15,0.219,NA
257,74,negative-to-zero,ifs,FALSE,20,elitize_generation_data,256,19,0.211,NA
258,74,negative-to-zero,ifs,FALSE,20,elitize_generation_data,257,20,0.217,NA
259,74,negative-to-zero,ifs,FALSE,20,elitize_generation_data,258,21,0.225,NA
260,74,negative-to-zero,ifs,FALSE,20,elitize_generation_data,259,23,0.235,NA
261,74,negative-to-zero,ifs,FALSE,20,elitize_generation_data,260,15,0.236,NA
262,74,negative-to-zero,ifs,FALSE,20,elitize_generation_data,261,15,0.219,NA
263,74,negative-to-zero,ifs,FALSE,20,elitize_generation_data,262,25,0.232,NA
264,74,negative-to-zero,ifs,FALSE,20,elitize_generation_data,263,23,0.215,NA
265,74,negative-to-zero,ifs,FALSE,20,elitize_generation_data,264,20,0.208,NA
266,74,negative-to-zero,ifs,FALSE,20,elitize_generation_data,265,19,0.223,NA
267,74,negative-to-zero,ifs,FALSE,20,elitize_generation_data,266,15,0.22,NA
268,74,negative-to-zero,ifs,FALSE,20,elitize_generation_data,267,18,0.235,NA
269,74,negative-to-zero,ifs,FALSE,20,elitize_generation_data,268,21,0.219,NA
270,74,negative-to-zero,ifs,FALSE,20,elitize_generation_data,269,19,0.206,NA
271,74,negative-to-zero,ifs,FALSE,20,elitize_generation_data,270,19,0.217,NA
272,74,negative-to-zero,ifs,FALSE,20,elitize_generation_data,271,22,0.22,NA
273,74,negative-to-zero,ifs,FALSE,20,elitize_generation_data,272,16,0.217,NA
274,74,negative-to-zero,ifs,FALSE,20,elitize_generation_data,273,21,0.215,NA
275,74,negative-to-zero,ifs,FALSE,20,elitize_generation_data,274,26,0.223,NA
276,74,negative-to-zero,ifs,FALSE,20,elitize_generation_data,275,23,0.22,NA
277,74,negative-to-zero,ifs,FALSE,20,elitize_generation_data,276,22,0.221,NA
278,74,negative-to-zero,ifs,FALSE,20,elitize_generation_data,277,20,0.206,NA
279,74,negative-to-zero,ifs,FALSE,20,elitize_generation_data,278,21,0.222,NA
280,74,negative-to-zero,ifs,FALSE,20,elitize_generation_data,279,15,0.214,NA
281,74,negative-to-zero,ifs,FALSE,20,elitize_generation_data,280,21,0.203,NA
282,74,negative-to-zero,ifs,FALSE,20,elitize_generation_data,281,22,0.218,NA
283,74,negative-to-zero,ifs,FALSE,20,elitize_generation_data,282,18,0.216,NA
284,74,negative-to-zero,ifs,FALSE,20,elitize_generation_data,283,23,0.218,NA
285,74,negative-to-zero,ifs,FALSE,20,elitize_generation_data,284,26,0.233,NA
286,74,negative-to-zero,ifs,FALSE,20,elitize_generation_data,285,21,0.219,NA
287,74,negative-to-zero,ifs,FALSE,20,elitize_generation_data,286,16,0.203,NA
288,74,negative-to-zero,ifs,FALSE,20,elitize_generation_data,287,20,0.222,NA
289,74,negative-to-zero,ifs,FALSE,20,elitize_generation_data,288,19,0.218,NA
290,74,negative-to-zero,ifs,FALSE,20,elitize_generation_data,289,21,0.211,NA
291,74,negative-to-zero,ifs,FALSE,20,elitize_generation_data,290,22,0.212,NA
292,74,negative-to-zero,ifs,FALSE,20,elitize_generation_data,291,20,0.223,NA
293,74,negative-to-zero,ifs,FALSE,20,elitize_generation_data,292,25,0.215,NA
294,74,negative-to-zero,ifs,FALSE,20,elitize_generation_data,293,21,0.222,NA
295,74,negative-to-zero,ifs,FALSE,20,elitize_generation_data,294,26,0.225,NA
296,74,negative-to-zero,ifs,FALSE,20,elitize_generation_data,295,20,0.212,NA
297,74,negative-to-zero,ifs,FALSE,20,elitize_generation_data,296,18,0.21,NA
298,74,negative-to-zero,ifs,FALSE,20,elitize_generation_data,297,20,0.208,NA
299,74,negative-to-zero,ifs,FALSE,20,elitize_generation_data,298,18,0.207,NA
300,74,negative-to-zero,ifs,FALSE,20,elitize_generation_data,299,27,0.226,NA
301,74,negative-to-zero,ifs,FALSE,20,elitize_generation_data,300,19,0.227,NA
