,run.num,problem,treatment,succeeded,height,normalization.function,generation,cluster.count,error.diversity,success.generation
1,50,negative-to-zero,ifs,FALSE,20,elitize_generation_data,0,10,0.037,NA
2,50,negative-to-zero,ifs,FALSE,20,elitize_generation_data,1,22,0.063,NA
3,50,negative-to-zero,ifs,FALSE,20,elitize_generation_data,2,11,0.047,NA
4,50,negative-to-zero,ifs,FALSE,20,elitize_generation_data,3,8,0.027,NA
5,50,negative-to-zero,ifs,FALSE,20,elitize_generation_data,4,10,0.019,NA
6,50,negative-to-zero,ifs,FALSE,20,elitize_generation_data,5,9,0.026,NA
7,50,negative-to-zero,ifs,FALSE,20,elitize_generation_data,6,5,0.024,NA
8,50,negative-to-zero,ifs,FALSE,20,elitize_generation_data,7,5,0.019,NA
9,50,negative-to-zero,ifs,FALSE,20,elitize_generation_data,8,3,0.013,NA
10,50,negative-to-zero,ifs,FALSE,20,elitize_generation_data,9,8,0.022,NA
11,50,negative-to-zero,ifs,FALSE,20,elitize_generation_data,10,5,0.02,NA
12,50,negative-to-zero,ifs,FALSE,20,elitize_generation_data,11,6,0.015,NA
13,50,negative-to-zero,ifs,FALSE,20,elitize_generation_data,12,5,0.015,NA
14,50,negative-to-zero,ifs,FALSE,20,elitize_generation_data,13,5,0.021,NA
15,50,negative-to-zero,ifs,FALSE,20,elitize_generation_data,14,6,0.015,NA
16,50,negative-to-zero,ifs,FALSE,20,elitize_generation_data,15,6,0.024,NA
17,50,negative-to-zero,ifs,FALSE,20,elitize_generation_data,16,5,0.018,NA
18,50,negative-to-zero,ifs,FALSE,20,elitize_generation_data,17,6,0.02,NA
19,50,negative-to-zero,ifs,FALSE,20,elitize_generation_data,18,8,0.026,NA
20,50,negative-to-zero,ifs,FALSE,20,elitize_generation_data,19,6,0.022,NA
21,50,negative-to-zero,ifs,FALSE,20,elitize_generation_data,20,5,0.019,NA
22,50,negative-to-zero,ifs,FALSE,20,elitize_generation_data,21,6,0.019,NA
23,50,negative-to-zero,ifs,FALSE,20,elitize_generation_data,22,6,0.02,NA
24,50,negative-to-zero,ifs,FALSE,20,elitize_generation_data,23,5,0.019,NA
25,50,negative-to-zero,ifs,FALSE,20,elitize_generation_data,24,6,0.021,NA
26,50,negative-to-zero,ifs,FALSE,20,elitize_generation_data,25,7,0.019,NA
27,50,negative-to-zero,ifs,FALSE,20,elitize_generation_data,26,8,0.028,NA
28,50,negative-to-zero,ifs,FALSE,20,elitize_generation_data,27,6,0.03,NA
29,50,negative-to-zero,ifs,FALSE,20,elitize_generation_data,28,5,0.022,NA
30,50,negative-to-zero,ifs,FALSE,20,elitize_generation_data,29,10,0.032,NA
31,50,negative-to-zero,ifs,FALSE,20,elitize_generation_data,30,10,0.04,NA
32,50,negative-to-zero,ifs,FALSE,20,elitize_generation_data,31,12,0.055,NA
33,50,negative-to-zero,ifs,FALSE,20,elitize_generation_data,32,13,0.058,NA
34,50,negative-to-zero,ifs,FALSE,20,elitize_generation_data,33,12,0.063,NA
35,50,negative-to-zero,ifs,FALSE,20,elitize_generation_data,34,17,0.071,NA
36,50,negative-to-zero,ifs,FALSE,20,elitize_generation_data,35,16,0.06,NA
37,50,negative-to-zero,ifs,FALSE,20,elitize_generation_data,36,14,0.05,NA
38,50,negative-to-zero,ifs,FALSE,20,elitize_generation_data,37,16,0.049,NA
39,50,negative-to-zero,ifs,FALSE,20,elitize_generation_data,38,12,0.049,NA
40,50,negative-to-zero,ifs,FALSE,20,elitize_generation_data,39,12,0.054,NA
41,50,negative-to-zero,ifs,FALSE,20,elitize_generation_data,40,13,0.052,NA
42,50,negative-to-zero,ifs,FALSE,20,elitize_generation_data,41,16,0.047,NA
43,50,negative-to-zero,ifs,FALSE,20,elitize_generation_data,42,16,0.055,NA
44,50,negative-to-zero,ifs,FALSE,20,elitize_generation_data,43,20,0.041,NA
45,50,negative-to-zero,ifs,FALSE,20,elitize_generation_data,44,14,0.049,NA
46,50,negative-to-zero,ifs,FALSE,20,elitize_generation_data,45,13,0.051,NA
47,50,negative-to-zero,ifs,FALSE,20,elitize_generation_data,46,13,0.049,NA
48,50,negative-to-zero,ifs,FALSE,20,elitize_generation_data,47,16,0.041,NA
49,50,negative-to-zero,ifs,FALSE,20,elitize_generation_data,48,19,0.063,NA
50,50,negative-to-zero,ifs,FALSE,20,elitize_generation_data,49,18,0.051,NA
51,50,negative-to-zero,ifs,FALSE,20,elitize_generation_data,50,14,0.049,NA
52,50,negative-to-zero,ifs,FALSE,20,elitize_generation_data,51,21,0.058,NA
53,50,negative-to-zero,ifs,FALSE,20,elitize_generation_data,52,15,0.052,NA
54,50,negative-to-zero,ifs,FALSE,20,elitize_generation_data,53,15,0.042,NA
55,50,negative-to-zero,ifs,FALSE,20,elitize_generation_data,54,15,0.055,NA
56,50,negative-to-zero,ifs,FALSE,20,elitize_generation_data,55,16,0.052,NA
57,50,negative-to-zero,ifs,FALSE,20,elitize_generation_data,56,16,0.053,NA
58,50,negative-to-zero,ifs,FALSE,20,elitize_generation_data,57,20,0.056,NA
59,50,negative-to-zero,ifs,FALSE,20,elitize_generation_data,58,14,0.058,NA
60,50,negative-to-zero,ifs,FALSE,20,elitize_generation_data,59,15,0.042,NA
61,50,negative-to-zero,ifs,FALSE,20,elitize_generation_data,60,13,0.045,NA
62,50,negative-to-zero,ifs,FALSE,20,elitize_generation_data,61,17,0.044,NA
63,50,negative-to-zero,ifs,FALSE,20,elitize_generation_data,62,14,0.061,NA
64,50,negative-to-zero,ifs,FALSE,20,elitize_generation_data,63,16,0.05,NA
65,50,negative-to-zero,ifs,FALSE,20,elitize_generation_data,64,15,0.052,NA
66,50,negative-to-zero,ifs,FALSE,20,elitize_generation_data,65,21,0.05,NA
67,50,negative-to-zero,ifs,FALSE,20,elitize_generation_data,66,18,0.052,NA
68,50,negative-to-zero,ifs,FALSE,20,elitize_generation_data,67,16,0.043,NA
69,50,negative-to-zero,ifs,FALSE,20,elitize_generation_data,68,18,0.045,NA
70,50,negative-to-zero,ifs,FALSE,20,elitize_generation_data,69,14,0.038,NA
71,50,negative-to-zero,ifs,FALSE,20,elitize_generation_data,70,20,0.046,NA
72,50,negative-to-zero,ifs,FALSE,20,elitize_generation_data,71,15,0.039,NA
73,50,negative-to-zero,ifs,FALSE,20,elitize_generation_data,72,18,0.042,NA
74,50,negative-to-zero,ifs,FALSE,20,elitize_generation_data,73,20,0.05,NA
75,50,negative-to-zero,ifs,FALSE,20,elitize_generation_data,74,18,0.049,NA
76,50,negative-to-zero,ifs,FALSE,20,elitize_generation_data,75,14,0.041,NA
77,50,negative-to-zero,ifs,FALSE,20,elitize_generation_data,76,15,0.049,NA
78,50,negative-to-zero,ifs,FALSE,20,elitize_generation_data,77,16,0.046,NA
79,50,negative-to-zero,ifs,FALSE,20,elitize_generation_data,78,14,0.038,NA
80,50,negative-to-zero,ifs,FALSE,20,elitize_generation_data,79,15,0.045,NA
81,50,negative-to-zero,ifs,FALSE,20,elitize_generation_data,80,16,0.041,NA
82,50,negative-to-zero,ifs,FALSE,20,elitize_generation_data,81,17,0.05,NA
83,50,negative-to-zero,ifs,FALSE,20,elitize_generation_data,82,15,0.044,NA
84,50,negative-to-zero,ifs,FALSE,20,elitize_generation_data,83,16,0.05,NA
85,50,negative-to-zero,ifs,FALSE,20,elitize_generation_data,84,14,0.045,NA
86,50,negative-to-zero,ifs,FALSE,20,elitize_generation_data,85,21,0.045,NA
87,50,negative-to-zero,ifs,FALSE,20,elitize_generation_data,86,14,0.051,NA
88,50,negative-to-zero,ifs,FALSE,20,elitize_generation_data,87,14,0.05,NA
89,50,negative-to-zero,ifs,FALSE,20,elitize_generation_data,88,14,0.043,NA
90,50,negative-to-zero,ifs,FALSE,20,elitize_generation_data,89,13,0.046,NA
91,50,negative-to-zero,ifs,FALSE,20,elitize_generation_data,90,17,0.052,NA
92,50,negative-to-zero,ifs,FALSE,20,elitize_generation_data,91,16,0.045,NA
93,50,negative-to-zero,ifs,FALSE,20,elitize_generation_data,92,21,0.062,NA
94,50,negative-to-zero,ifs,FALSE,20,elitize_generation_data,93,12,0.044,NA
95,50,negative-to-zero,ifs,FALSE,20,elitize_generation_data,94,19,0.049,NA
96,50,negative-to-zero,ifs,FALSE,20,elitize_generation_data,95,20,0.051,NA
97,50,negative-to-zero,ifs,FALSE,20,elitize_generation_data,96,19,0.054,NA
98,50,negative-to-zero,ifs,FALSE,20,elitize_generation_data,97,17,0.046,NA
99,50,negative-to-zero,ifs,FALSE,20,elitize_generation_data,98,18,0.053,NA
100,50,negative-to-zero,ifs,FALSE,20,elitize_generation_data,99,19,0.052,NA
101,50,negative-to-zero,ifs,FALSE,20,elitize_generation_data,100,23,0.061,NA
102,50,negative-to-zero,ifs,FALSE,20,elitize_generation_data,101,13,0.042,NA
103,50,negative-to-zero,ifs,FALSE,20,elitize_generation_data,102,18,0.054,NA
104,50,negative-to-zero,ifs,FALSE,20,elitize_generation_data,103,16,0.048,NA
105,50,negative-to-zero,ifs,FALSE,20,elitize_generation_data,104,17,0.069,NA
106,50,negative-to-zero,ifs,FALSE,20,elitize_generation_data,105,13,0.054,NA
107,50,negative-to-zero,ifs,FALSE,20,elitize_generation_data,106,17,0.053,NA
108,50,negative-to-zero,ifs,FALSE,20,elitize_generation_data,107,18,0.059,NA
109,50,negative-to-zero,ifs,FALSE,20,elitize_generation_data,108,15,0.046,NA
110,50,negative-to-zero,ifs,FALSE,20,elitize_generation_data,109,12,0.059,NA
111,50,negative-to-zero,ifs,FALSE,20,elitize_generation_data,110,17,0.053,NA
112,50,negative-to-zero,ifs,FALSE,20,elitize_generation_data,111,16,0.05,NA
113,50,negative-to-zero,ifs,FALSE,20,elitize_generation_data,112,20,0.05,NA
114,50,negative-to-zero,ifs,FALSE,20,elitize_generation_data,113,16,0.053,NA
115,50,negative-to-zero,ifs,FALSE,20,elitize_generation_data,114,17,0.056,NA
116,50,negative-to-zero,ifs,FALSE,20,elitize_generation_data,115,15,0.049,NA
117,50,negative-to-zero,ifs,FALSE,20,elitize_generation_data,116,17,0.063,NA
118,50,negative-to-zero,ifs,FALSE,20,elitize_generation_data,117,12,0.047,NA
119,50,negative-to-zero,ifs,FALSE,20,elitize_generation_data,118,17,0.064,NA
120,50,negative-to-zero,ifs,FALSE,20,elitize_generation_data,119,24,0.059,NA
121,50,negative-to-zero,ifs,FALSE,20,elitize_generation_data,120,15,0.05,NA
122,50,negative-to-zero,ifs,FALSE,20,elitize_generation_data,121,12,0.053,NA
123,50,negative-to-zero,ifs,FALSE,20,elitize_generation_data,122,19,0.057,NA
124,50,negative-to-zero,ifs,FALSE,20,elitize_generation_data,123,16,0.061,NA
125,50,negative-to-zero,ifs,FALSE,20,elitize_generation_data,124,16,0.054,NA
126,50,negative-to-zero,ifs,FALSE,20,elitize_generation_data,125,20,0.057,NA
127,50,negative-to-zero,ifs,FALSE,20,elitize_generation_data,126,13,0.056,NA
128,50,negative-to-zero,ifs,FALSE,20,elitize_generation_data,127,14,0.047,NA
129,50,negative-to-zero,ifs,FALSE,20,elitize_generation_data,128,19,0.057,NA
130,50,negative-to-zero,ifs,FALSE,20,elitize_generation_data,129,19,0.053,NA
131,50,negative-to-zero,ifs,FALSE,20,elitize_generation_data,130,19,0.045,NA
132,50,negative-to-zero,ifs,FALSE,20,elitize_generation_data,131,14,0.041,NA
133,50,negative-to-zero,ifs,FALSE,20,elitize_generation_data,132,16,0.047,NA
134,50,negative-to-zero,ifs,FALSE,20,elitize_generation_data,133,12,0.046,NA
135,50,negative-to-zero,ifs,FALSE,20,elitize_generation_data,134,16,0.04,NA
136,50,negative-to-zero,ifs,FALSE,20,elitize_generation_data,135,19,0.052,NA
137,50,negative-to-zero,ifs,FALSE,20,elitize_generation_data,136,15,0.043,NA
138,50,negative-to-zero,ifs,FALSE,20,elitize_generation_data,137,21,0.048,NA
139,50,negative-to-zero,ifs,FALSE,20,elitize_generation_data,138,15,0.04,NA
140,50,negative-to-zero,ifs,FALSE,20,elitize_generation_data,139,12,0.038,NA
141,50,negative-to-zero,ifs,FALSE,20,elitize_generation_data,140,14,0.035,NA
142,50,negative-to-zero,ifs,FALSE,20,elitize_generation_data,141,17,0.039,NA
143,50,negative-to-zero,ifs,FALSE,20,elitize_generation_data,142,16,0.04,NA
144,50,negative-to-zero,ifs,FALSE,20,elitize_generation_data,143,17,0.042,NA
145,50,negative-to-zero,ifs,FALSE,20,elitize_generation_data,144,13,0.038,NA
146,50,negative-to-zero,ifs,FALSE,20,elitize_generation_data,145,16,0.042,NA
147,50,negative-to-zero,ifs,FALSE,20,elitize_generation_data,146,16,0.049,NA
148,50,negative-to-zero,ifs,FALSE,20,elitize_generation_data,147,10,0.034,NA
149,50,negative-to-zero,ifs,FALSE,20,elitize_generation_data,148,19,0.044,NA
150,50,negative-to-zero,ifs,FALSE,20,elitize_generation_data,149,19,0.042,NA
151,50,negative-to-zero,ifs,FALSE,20,elitize_generation_data,150,16,0.036,NA
152,50,negative-to-zero,ifs,FALSE,20,elitize_generation_data,151,19,0.045,NA
153,50,negative-to-zero,ifs,FALSE,20,elitize_generation_data,152,18,0.05,NA
154,50,negative-to-zero,ifs,FALSE,20,elitize_generation_data,153,18,0.045,NA
155,50,negative-to-zero,ifs,FALSE,20,elitize_generation_data,154,17,0.046,NA
156,50,negative-to-zero,ifs,FALSE,20,elitize_generation_data,155,17,0.043,NA
157,50,negative-to-zero,ifs,FALSE,20,elitize_generation_data,156,20,0.047,NA
158,50,negative-to-zero,ifs,FALSE,20,elitize_generation_data,157,17,0.042,NA
159,50,negative-to-zero,ifs,FALSE,20,elitize_generation_data,158,13,0.045,NA
160,50,negative-to-zero,ifs,FALSE,20,elitize_generation_data,159,23,0.055,NA
161,50,negative-to-zero,ifs,FALSE,20,elitize_generation_data,160,20,0.053,NA
162,50,negative-to-zero,ifs,FALSE,20,elitize_generation_data,161,21,0.057,NA
163,50,negative-to-zero,ifs,FALSE,20,elitize_generation_data,162,26,0.068,NA
164,50,negative-to-zero,ifs,FALSE,20,elitize_generation_data,163,19,0.042,NA
165,50,negative-to-zero,ifs,FALSE,20,elitize_generation_data,164,19,0.052,NA
166,50,negative-to-zero,ifs,FALSE,20,elitize_generation_data,165,22,0.05,NA
167,50,negative-to-zero,ifs,FALSE,20,elitize_generation_data,166,18,0.057,NA
168,50,negative-to-zero,ifs,FALSE,20,elitize_generation_data,167,16,0.05,NA
169,50,negative-to-zero,ifs,FALSE,20,elitize_generation_data,168,23,0.068,NA
170,50,negative-to-zero,ifs,FALSE,20,elitize_generation_data,169,26,0.079,NA
171,50,negative-to-zero,ifs,FALSE,20,elitize_generation_data,170,25,0.094,NA
172,50,negative-to-zero,ifs,FALSE,20,elitize_generation_data,171,26,0.093,NA
173,50,negative-to-zero,ifs,FALSE,20,elitize_generation_data,172,25,0.106,NA
174,50,negative-to-zero,ifs,FALSE,20,elitize_generation_data,173,30,0.115,NA
175,50,negative-to-zero,ifs,FALSE,20,elitize_generation_data,174,27,0.126,NA
176,50,negative-to-zero,ifs,FALSE,20,elitize_generation_data,175,25,0.103,NA
177,50,negative-to-zero,ifs,FALSE,20,elitize_generation_data,176,35,0.115,NA
178,50,negative-to-zero,ifs,FALSE,20,elitize_generation_data,177,31,0.129,NA
179,50,negative-to-zero,ifs,FALSE,20,elitize_generation_data,178,31,0.136,NA
180,50,negative-to-zero,ifs,FALSE,20,elitize_generation_data,179,28,0.095,NA
181,50,negative-to-zero,ifs,FALSE,20,elitize_generation_data,180,22,0.107,NA
182,50,negative-to-zero,ifs,FALSE,20,elitize_generation_data,181,22,0.112,NA
183,50,negative-to-zero,ifs,FALSE,20,elitize_generation_data,182,25,0.1,NA
184,50,negative-to-zero,ifs,FALSE,20,elitize_generation_data,183,24,0.112,NA
185,50,negative-to-zero,ifs,FALSE,20,elitize_generation_data,184,25,0.111,NA
186,50,negative-to-zero,ifs,FALSE,20,elitize_generation_data,185,20,0.107,NA
187,50,negative-to-zero,ifs,FALSE,20,elitize_generation_data,186,20,0.106,NA
188,50,negative-to-zero,ifs,FALSE,20,elitize_generation_data,187,25,0.098,NA
189,50,negative-to-zero,ifs,FALSE,20,elitize_generation_data,188,24,0.107,NA
190,50,negative-to-zero,ifs,FALSE,20,elitize_generation_data,189,22,0.104,NA
191,50,negative-to-zero,ifs,FALSE,20,elitize_generation_data,190,19,0.11,NA
192,50,negative-to-zero,ifs,FALSE,20,elitize_generation_data,191,18,0.103,NA
193,50,negative-to-zero,ifs,FALSE,20,elitize_generation_data,192,23,0.109,NA
194,50,negative-to-zero,ifs,FALSE,20,elitize_generation_data,193,25,0.114,NA
195,50,negative-to-zero,ifs,FALSE,20,elitize_generation_data,194,21,0.109,NA
196,50,negative-to-zero,ifs,FALSE,20,elitize_generation_data,195,21,0.107,NA
197,50,negative-to-zero,ifs,FALSE,20,elitize_generation_data,196,22,0.12,NA
198,50,negative-to-zero,ifs,FALSE,20,elitize_generation_data,197,21,0.116,NA
199,50,negative-to-zero,ifs,FALSE,20,elitize_generation_data,198,21,0.113,NA
200,50,negative-to-zero,ifs,FALSE,20,elitize_generation_data,199,23,0.118,NA
201,50,negative-to-zero,ifs,FALSE,20,elitize_generation_data,200,24,0.108,NA
202,50,negative-to-zero,ifs,FALSE,20,elitize_generation_data,201,23,0.11,NA
203,50,negative-to-zero,ifs,FALSE,20,elitize_generation_data,202,23,0.126,NA
204,50,negative-to-zero,ifs,FALSE,20,elitize_generation_data,203,28,0.127,NA
205,50,negative-to-zero,ifs,FALSE,20,elitize_generation_data,204,29,0.122,NA
206,50,negative-to-zero,ifs,FALSE,20,elitize_generation_data,205,29,0.119,NA
207,50,negative-to-zero,ifs,FALSE,20,elitize_generation_data,206,34,0.128,NA
208,50,negative-to-zero,ifs,FALSE,20,elitize_generation_data,207,41,0.141,NA
209,50,negative-to-zero,ifs,FALSE,20,elitize_generation_data,208,34,0.137,NA
210,50,negative-to-zero,ifs,FALSE,20,elitize_generation_data,209,33,0.14,NA
211,50,negative-to-zero,ifs,FALSE,20,elitize_generation_data,210,32,0.12,NA
212,50,negative-to-zero,ifs,FALSE,20,elitize_generation_data,211,33,0.136,NA
213,50,negative-to-zero,ifs,FALSE,20,elitize_generation_data,212,37,0.138,NA
214,50,negative-to-zero,ifs,FALSE,20,elitize_generation_data,213,34,0.131,NA
215,50,negative-to-zero,ifs,FALSE,20,elitize_generation_data,214,48,0.128,NA
216,50,negative-to-zero,ifs,FALSE,20,elitize_generation_data,215,45,0.131,NA
217,50,negative-to-zero,ifs,FALSE,20,elitize_generation_data,216,32,0.117,NA
218,50,negative-to-zero,ifs,FALSE,20,elitize_generation_data,217,43,0.124,NA
219,50,negative-to-zero,ifs,FALSE,20,elitize_generation_data,218,37,0.122,NA
220,50,negative-to-zero,ifs,FALSE,20,elitize_generation_data,219,33,0.117,NA
221,50,negative-to-zero,ifs,FALSE,20,elitize_generation_data,220,39,0.137,NA
222,50,negative-to-zero,ifs,FALSE,20,elitize_generation_data,221,34,0.113,NA
223,50,negative-to-zero,ifs,FALSE,20,elitize_generation_data,222,32,0.129,NA
224,50,negative-to-zero,ifs,FALSE,20,elitize_generation_data,223,31,0.123,NA
225,50,negative-to-zero,ifs,FALSE,20,elitize_generation_data,224,29,0.11,NA
226,50,negative-to-zero,ifs,FALSE,20,elitize_generation_data,225,26,0.115,NA
227,50,negative-to-zero,ifs,FALSE,20,elitize_generation_data,226,28,0.122,NA
228,50,negative-to-zero,ifs,FALSE,20,elitize_generation_data,227,25,0.124,NA
229,50,negative-to-zero,ifs,FALSE,20,elitize_generation_data,228,27,0.124,NA
230,50,negative-to-zero,ifs,FALSE,20,elitize_generation_data,229,33,0.132,NA
231,50,negative-to-zero,ifs,FALSE,20,elitize_generation_data,230,32,0.122,NA
232,50,negative-to-zero,ifs,FALSE,20,elitize_generation_data,231,32,0.139,NA
233,50,negative-to-zero,ifs,FALSE,20,elitize_generation_data,232,33,0.123,NA
234,50,negative-to-zero,ifs,FALSE,20,elitize_generation_data,233,28,0.12,NA
235,50,negative-to-zero,ifs,FALSE,20,elitize_generation_data,234,33,0.122,NA
236,50,negative-to-zero,ifs,FALSE,20,elitize_generation_data,235,30,0.126,NA
237,50,negative-to-zero,ifs,FALSE,20,elitize_generation_data,236,28,0.121,NA
238,50,negative-to-zero,ifs,FALSE,20,elitize_generation_data,237,29,0.13,NA
239,50,negative-to-zero,ifs,FALSE,20,elitize_generation_data,238,33,0.129,NA
240,50,negative-to-zero,ifs,FALSE,20,elitize_generation_data,239,27,0.126,NA
241,50,negative-to-zero,ifs,FALSE,20,elitize_generation_data,240,36,0.133,NA
242,50,negative-to-zero,ifs,FALSE,20,elitize_generation_data,241,31,0.133,NA
243,50,negative-to-zero,ifs,FALSE,20,elitize_generation_data,242,40,0.13,NA
244,50,negative-to-zero,ifs,FALSE,20,elitize_generation_data,243,31,0.117,NA
245,50,negative-to-zero,ifs,FALSE,20,elitize_generation_data,244,38,0.129,NA
246,50,negative-to-zero,ifs,FALSE,20,elitize_generation_data,245,38,0.147,NA
247,50,negative-to-zero,ifs,FALSE,20,elitize_generation_data,246,30,0.132,NA
248,50,negative-to-zero,ifs,FALSE,20,elitize_generation_data,247,34,0.132,NA
249,50,negative-to-zero,ifs,FALSE,20,elitize_generation_data,248,35,0.141,NA
250,50,negative-to-zero,ifs,FALSE,20,elitize_generation_data,249,35,0.135,NA
251,50,negative-to-zero,ifs,FALSE,20,elitize_generation_data,250,42,0.146,NA
252,50,negative-to-zero,ifs,FALSE,20,elitize_generation_data,251,37,0.141,NA
253,50,negative-to-zero,ifs,FALSE,20,elitize_generation_data,252,35,0.141,NA
254,50,negative-to-zero,ifs,FALSE,20,elitize_generation_data,253,39,0.128,NA
255,50,negative-to-zero,ifs,FALSE,20,elitize_generation_data,254,41,0.154,NA
256,50,negative-to-zero,ifs,FALSE,20,elitize_generation_data,255,36,0.141,NA
257,50,negative-to-zero,ifs,FALSE,20,elitize_generation_data,256,38,0.138,NA
258,50,negative-to-zero,ifs,FALSE,20,elitize_generation_data,257,33,0.131,NA
259,50,negative-to-zero,ifs,FALSE,20,elitize_generation_data,258,39,0.147,NA
260,50,negative-to-zero,ifs,FALSE,20,elitize_generation_data,259,31,0.119,NA
261,50,negative-to-zero,ifs,FALSE,20,elitize_generation_data,260,38,0.135,NA
262,50,negative-to-zero,ifs,FALSE,20,elitize_generation_data,261,35,0.136,NA
263,50,negative-to-zero,ifs,FALSE,20,elitize_generation_data,262,36,0.131,NA
264,50,negative-to-zero,ifs,FALSE,20,elitize_generation_data,263,38,0.141,NA
265,50,negative-to-zero,ifs,FALSE,20,elitize_generation_data,264,35,0.142,NA
266,50,negative-to-zero,ifs,FALSE,20,elitize_generation_data,265,38,0.137,NA
267,50,negative-to-zero,ifs,FALSE,20,elitize_generation_data,266,36,0.126,NA
268,50,negative-to-zero,ifs,FALSE,20,elitize_generation_data,267,39,0.131,NA
269,50,negative-to-zero,ifs,FALSE,20,elitize_generation_data,268,36,0.144,NA
270,50,negative-to-zero,ifs,FALSE,20,elitize_generation_data,269,38,0.123,NA
271,50,negative-to-zero,ifs,FALSE,20,elitize_generation_data,270,38,0.143,NA
272,50,negative-to-zero,ifs,FALSE,20,elitize_generation_data,271,39,0.127,NA
273,50,negative-to-zero,ifs,FALSE,20,elitize_generation_data,272,36,0.121,NA
274,50,negative-to-zero,ifs,FALSE,20,elitize_generation_data,273,37,0.144,NA
275,50,negative-to-zero,ifs,FALSE,20,elitize_generation_data,274,32,0.129,NA
276,50,negative-to-zero,ifs,FALSE,20,elitize_generation_data,275,33,0.129,NA
277,50,negative-to-zero,ifs,FALSE,20,elitize_generation_data,276,41,0.135,NA
278,50,negative-to-zero,ifs,FALSE,20,elitize_generation_data,277,32,0.13,NA
279,50,negative-to-zero,ifs,FALSE,20,elitize_generation_data,278,32,0.132,NA
280,50,negative-to-zero,ifs,FALSE,20,elitize_generation_data,279,37,0.139,NA
281,50,negative-to-zero,ifs,FALSE,20,elitize_generation_data,280,39,0.144,NA
282,50,negative-to-zero,ifs,FALSE,20,elitize_generation_data,281,44,0.133,NA
283,50,negative-to-zero,ifs,FALSE,20,elitize_generation_data,282,46,0.138,NA
284,50,negative-to-zero,ifs,FALSE,20,elitize_generation_data,283,42,0.148,NA
285,50,negative-to-zero,ifs,FALSE,20,elitize_generation_data,284,42,0.144,NA
286,50,negative-to-zero,ifs,FALSE,20,elitize_generation_data,285,36,0.128,NA
287,50,negative-to-zero,ifs,FALSE,20,elitize_generation_data,286,38,0.139,NA
288,50,negative-to-zero,ifs,FALSE,20,elitize_generation_data,287,31,0.124,NA
289,50,negative-to-zero,ifs,FALSE,20,elitize_generation_data,288,46,0.15,NA
290,50,negative-to-zero,ifs,FALSE,20,elitize_generation_data,289,34,0.136,NA
291,50,negative-to-zero,ifs,FALSE,20,elitize_generation_data,290,41,0.135,NA
292,50,negative-to-zero,ifs,FALSE,20,elitize_generation_data,291,49,0.153,NA
293,50,negative-to-zero,ifs,FALSE,20,elitize_generation_data,292,33,0.137,NA
294,50,negative-to-zero,ifs,FALSE,20,elitize_generation_data,293,40,0.136,NA
295,50,negative-to-zero,ifs,FALSE,20,elitize_generation_data,294,38,0.127,NA
296,50,negative-to-zero,ifs,FALSE,20,elitize_generation_data,295,36,0.144,NA
297,50,negative-to-zero,ifs,FALSE,20,elitize_generation_data,296,41,0.135,NA
298,50,negative-to-zero,ifs,FALSE,20,elitize_generation_data,297,40,0.136,NA
299,50,negative-to-zero,ifs,FALSE,20,elitize_generation_data,298,34,0.141,NA
300,50,negative-to-zero,ifs,FALSE,20,elitize_generation_data,299,37,0.133,NA
301,50,negative-to-zero,ifs,FALSE,20,elitize_generation_data,300,48,0.143,NA
