,run.num,problem,treatment,succeeded,height,normalization.function,generation,cluster.count,error.diversity,success.generation
1,40,negative-to-zero,ifs,FALSE,20,elitize_generation_data,0,13,0.038,NA
2,40,negative-to-zero,ifs,FALSE,20,elitize_generation_data,1,13,0.055,NA
3,40,negative-to-zero,ifs,FALSE,20,elitize_generation_data,2,9,0.035,NA
4,40,negative-to-zero,ifs,FALSE,20,elitize_generation_data,3,8,0.018,NA
5,40,negative-to-zero,ifs,FALSE,20,elitize_generation_data,4,9,0.019,NA
6,40,negative-to-zero,ifs,FALSE,20,elitize_generation_data,5,7,0.015,NA
7,40,negative-to-zero,ifs,FALSE,20,elitize_generation_data,6,8,0.017,NA
8,40,negative-to-zero,ifs,FALSE,20,elitize_generation_data,7,8,0.016,NA
9,40,negative-to-zero,ifs,FALSE,20,elitize_generation_data,8,10,0.015,NA
10,40,negative-to-zero,ifs,FALSE,20,elitize_generation_data,9,6,0.009,NA
11,40,negative-to-zero,ifs,FALSE,20,elitize_generation_data,10,7,0.015,NA
12,40,negative-to-zero,ifs,FALSE,20,elitize_generation_data,11,5,0.009,NA
13,40,negative-to-zero,ifs,FALSE,20,elitize_generation_data,12,6,0.013,NA
14,40,negative-to-zero,ifs,FALSE,20,elitize_generation_data,13,5,0.011,NA
15,40,negative-to-zero,ifs,FALSE,20,elitize_generation_data,14,6,0.012,NA
16,40,negative-to-zero,ifs,FALSE,20,elitize_generation_data,15,4,0.011,NA
17,40,negative-to-zero,ifs,FALSE,20,elitize_generation_data,16,6,0.011,NA
18,40,negative-to-zero,ifs,FALSE,20,elitize_generation_data,17,5,0.012,NA
19,40,negative-to-zero,ifs,FALSE,20,elitize_generation_data,18,7,0.011,NA
20,40,negative-to-zero,ifs,FALSE,20,elitize_generation_data,19,5,0.007,NA
21,40,negative-to-zero,ifs,FALSE,20,elitize_generation_data,20,6,0.008,NA
22,40,negative-to-zero,ifs,FALSE,20,elitize_generation_data,21,5,0.008,NA
23,40,negative-to-zero,ifs,FALSE,20,elitize_generation_data,22,4,0.006,NA
24,40,negative-to-zero,ifs,FALSE,20,elitize_generation_data,23,7,0.012,NA
25,40,negative-to-zero,ifs,FALSE,20,elitize_generation_data,24,4,0.006,NA
26,40,negative-to-zero,ifs,FALSE,20,elitize_generation_data,25,6,0.008,NA
27,40,negative-to-zero,ifs,FALSE,20,elitize_generation_data,26,5,0.007,NA
28,40,negative-to-zero,ifs,FALSE,20,elitize_generation_data,27,4,0.005,NA
29,40,negative-to-zero,ifs,FALSE,20,elitize_generation_data,28,4,0.007,NA
30,40,negative-to-zero,ifs,FALSE,20,elitize_generation_data,29,4,0.006,NA
31,40,negative-to-zero,ifs,FALSE,20,elitize_generation_data,30,5,0.006,NA
32,40,negative-to-zero,ifs,FALSE,20,elitize_generation_data,31,4,0.006,NA
33,40,negative-to-zero,ifs,FALSE,20,elitize_generation_data,32,4,0.008,NA
34,40,negative-to-zero,ifs,FALSE,20,elitize_generation_data,33,3,0.008,NA
35,40,negative-to-zero,ifs,FALSE,20,elitize_generation_data,34,3,0.007,NA
36,40,negative-to-zero,ifs,FALSE,20,elitize_generation_data,35,3,0.008,NA
37,40,negative-to-zero,ifs,FALSE,20,elitize_generation_data,36,5,0.011,NA
38,40,negative-to-zero,ifs,FALSE,20,elitize_generation_data,37,5,0.013,NA
39,40,negative-to-zero,ifs,FALSE,20,elitize_generation_data,38,6,0.012,NA
40,40,negative-to-zero,ifs,FALSE,20,elitize_generation_data,39,6,0.014,NA
41,40,negative-to-zero,ifs,FALSE,20,elitize_generation_data,40,5,0.012,NA
42,40,negative-to-zero,ifs,FALSE,20,elitize_generation_data,41,7,0.014,NA
43,40,negative-to-zero,ifs,FALSE,20,elitize_generation_data,42,8,0.017,NA
44,40,negative-to-zero,ifs,FALSE,20,elitize_generation_data,43,6,0.017,NA
45,40,negative-to-zero,ifs,FALSE,20,elitize_generation_data,44,7,0.022,NA
46,40,negative-to-zero,ifs,FALSE,20,elitize_generation_data,45,7,0.022,NA
47,40,negative-to-zero,ifs,FALSE,20,elitize_generation_data,46,7,0.017,NA
48,40,negative-to-zero,ifs,FALSE,20,elitize_generation_data,47,6,0.017,NA
49,40,negative-to-zero,ifs,FALSE,20,elitize_generation_data,48,6,0.023,NA
50,40,negative-to-zero,ifs,FALSE,20,elitize_generation_data,49,15,0.048,NA
51,40,negative-to-zero,ifs,FALSE,20,elitize_generation_data,50,15,0.076,NA
52,40,negative-to-zero,ifs,FALSE,20,elitize_generation_data,51,17,0.092,NA
53,40,negative-to-zero,ifs,FALSE,20,elitize_generation_data,52,11,0.102,NA
54,40,negative-to-zero,ifs,FALSE,20,elitize_generation_data,53,14,0.127,NA
55,40,negative-to-zero,ifs,FALSE,20,elitize_generation_data,54,15,0.151,NA
56,40,negative-to-zero,ifs,FALSE,20,elitize_generation_data,55,17,0.157,NA
57,40,negative-to-zero,ifs,FALSE,20,elitize_generation_data,56,22,0.146,NA
58,40,negative-to-zero,ifs,FALSE,20,elitize_generation_data,57,27,0.171,NA
59,40,negative-to-zero,ifs,FALSE,20,elitize_generation_data,58,16,0.145,NA
60,40,negative-to-zero,ifs,FALSE,20,elitize_generation_data,59,13,0.14,NA
61,40,negative-to-zero,ifs,FALSE,20,elitize_generation_data,60,16,0.144,NA
62,40,negative-to-zero,ifs,FALSE,20,elitize_generation_data,61,10,0.151,NA
63,40,negative-to-zero,ifs,FALSE,20,elitize_generation_data,62,15,0.144,NA
64,40,negative-to-zero,ifs,FALSE,20,elitize_generation_data,63,19,0.166,NA
65,40,negative-to-zero,ifs,FALSE,20,elitize_generation_data,64,16,0.247,NA
66,40,negative-to-zero,ifs,FALSE,20,elitize_generation_data,65,20,0.355,NA
67,40,negative-to-zero,ifs,FALSE,20,elitize_generation_data,66,22,0.381,NA
68,40,negative-to-zero,ifs,FALSE,20,elitize_generation_data,67,20,0.347,NA
69,40,negative-to-zero,ifs,FALSE,20,elitize_generation_data,68,23,0.325,NA
70,40,negative-to-zero,ifs,FALSE,20,elitize_generation_data,69,24,0.358,NA
71,40,negative-to-zero,ifs,FALSE,20,elitize_generation_data,70,25,0.396,NA
72,40,negative-to-zero,ifs,FALSE,20,elitize_generation_data,71,19,0.378,NA
73,40,negative-to-zero,ifs,FALSE,20,elitize_generation_data,72,28,0.381,NA
74,40,negative-to-zero,ifs,FALSE,20,elitize_generation_data,73,22,0.37,NA
75,40,negative-to-zero,ifs,FALSE,20,elitize_generation_data,74,27,0.339,NA
76,40,negative-to-zero,ifs,FALSE,20,elitize_generation_data,75,24,0.368,NA
77,40,negative-to-zero,ifs,FALSE,20,elitize_generation_data,76,16,0.332,NA
78,40,negative-to-zero,ifs,FALSE,20,elitize_generation_data,77,21,0.355,NA
79,40,negative-to-zero,ifs,FALSE,20,elitize_generation_data,78,32,0.349,NA
80,40,negative-to-zero,ifs,FALSE,20,elitize_generation_data,79,23,0.35,NA
81,40,negative-to-zero,ifs,FALSE,20,elitize_generation_data,80,22,0.36,NA
82,40,negative-to-zero,ifs,FALSE,20,elitize_generation_data,81,22,0.347,NA
83,40,negative-to-zero,ifs,FALSE,20,elitize_generation_data,82,21,0.331,NA
84,40,negative-to-zero,ifs,FALSE,20,elitize_generation_data,83,24,0.337,NA
85,40,negative-to-zero,ifs,FALSE,20,elitize_generation_data,84,36,0.347,NA
86,40,negative-to-zero,ifs,FALSE,20,elitize_generation_data,85,26,0.389,NA
87,40,negative-to-zero,ifs,FALSE,20,elitize_generation_data,86,25,0.429,NA
88,40,negative-to-zero,ifs,FALSE,20,elitize_generation_data,87,41,0.482,NA
89,40,negative-to-zero,ifs,FALSE,20,elitize_generation_data,88,36,0.518,NA
90,40,negative-to-zero,ifs,FALSE,20,elitize_generation_data,89,24,0.499,NA
91,40,negative-to-zero,ifs,FALSE,20,elitize_generation_data,90,24,0.459,NA
92,40,negative-to-zero,ifs,FALSE,20,elitize_generation_data,91,21,0.412,NA
93,40,negative-to-zero,ifs,FALSE,20,elitize_generation_data,92,29,0.456,NA
94,40,negative-to-zero,ifs,FALSE,20,elitize_generation_data,93,35,0.494,NA
95,40,negative-to-zero,ifs,FALSE,20,elitize_generation_data,94,31,0.474,NA
96,40,negative-to-zero,ifs,FALSE,20,elitize_generation_data,95,23,0.439,NA
97,40,negative-to-zero,ifs,FALSE,20,elitize_generation_data,96,28,0.452,NA
98,40,negative-to-zero,ifs,FALSE,20,elitize_generation_data,97,25,0.44,NA
99,40,negative-to-zero,ifs,FALSE,20,elitize_generation_data,98,24,0.442,NA
100,40,negative-to-zero,ifs,FALSE,20,elitize_generation_data,99,27,0.513,NA
101,40,negative-to-zero,ifs,FALSE,20,elitize_generation_data,100,30,0.522,NA
102,40,negative-to-zero,ifs,FALSE,20,elitize_generation_data,101,28,0.479,NA
103,40,negative-to-zero,ifs,FALSE,20,elitize_generation_data,102,35,0.518,NA
104,40,negative-to-zero,ifs,FALSE,20,elitize_generation_data,103,39,0.556,NA
105,40,negative-to-zero,ifs,FALSE,20,elitize_generation_data,104,43,0.51,NA
106,40,negative-to-zero,ifs,FALSE,20,elitize_generation_data,105,31,0.529,NA
107,40,negative-to-zero,ifs,FALSE,20,elitize_generation_data,106,25,0.521,NA
108,40,negative-to-zero,ifs,FALSE,20,elitize_generation_data,107,31,0.515,NA
109,40,negative-to-zero,ifs,FALSE,20,elitize_generation_data,108,34,0.53,NA
110,40,negative-to-zero,ifs,FALSE,20,elitize_generation_data,109,25,0.494,NA
111,40,negative-to-zero,ifs,FALSE,20,elitize_generation_data,110,32,0.509,NA
112,40,negative-to-zero,ifs,FALSE,20,elitize_generation_data,111,25,0.513,NA
113,40,negative-to-zero,ifs,FALSE,20,elitize_generation_data,112,38,0.508,NA
114,40,negative-to-zero,ifs,FALSE,20,elitize_generation_data,113,41,0.493,NA
115,40,negative-to-zero,ifs,FALSE,20,elitize_generation_data,114,28,0.509,NA
116,40,negative-to-zero,ifs,FALSE,20,elitize_generation_data,115,29,0.551,NA
117,40,negative-to-zero,ifs,FALSE,20,elitize_generation_data,116,40,0.546,NA
118,40,negative-to-zero,ifs,FALSE,20,elitize_generation_data,117,32,0.57,NA
119,40,negative-to-zero,ifs,FALSE,20,elitize_generation_data,118,40,0.555,NA
120,40,negative-to-zero,ifs,FALSE,20,elitize_generation_data,119,34,0.569,NA
121,40,negative-to-zero,ifs,FALSE,20,elitize_generation_data,120,43,0.559,NA
122,40,negative-to-zero,ifs,FALSE,20,elitize_generation_data,121,34,0.59,NA
123,40,negative-to-zero,ifs,FALSE,20,elitize_generation_data,122,34,0.606,NA
124,40,negative-to-zero,ifs,FALSE,20,elitize_generation_data,123,43,0.598,NA
125,40,negative-to-zero,ifs,FALSE,20,elitize_generation_data,124,50,0.597,NA
126,40,negative-to-zero,ifs,FALSE,20,elitize_generation_data,125,40,0.591,NA
127,40,negative-to-zero,ifs,FALSE,20,elitize_generation_data,126,28,0.613,NA
128,40,negative-to-zero,ifs,FALSE,20,elitize_generation_data,127,46,0.597,NA
129,40,negative-to-zero,ifs,FALSE,20,elitize_generation_data,128,32,0.629,NA
130,40,negative-to-zero,ifs,FALSE,20,elitize_generation_data,129,31,0.608,NA
131,40,negative-to-zero,ifs,FALSE,20,elitize_generation_data,130,39,0.609,NA
132,40,negative-to-zero,ifs,FALSE,20,elitize_generation_data,131,25,0.616,NA
133,40,negative-to-zero,ifs,FALSE,20,elitize_generation_data,132,32,0.597,NA
134,40,negative-to-zero,ifs,FALSE,20,elitize_generation_data,133,35,0.599,NA
135,40,negative-to-zero,ifs,FALSE,20,elitize_generation_data,134,27,0.595,NA
136,40,negative-to-zero,ifs,FALSE,20,elitize_generation_data,135,48,0.605,NA
137,40,negative-to-zero,ifs,FALSE,20,elitize_generation_data,136,37,0.619,NA
138,40,negative-to-zero,ifs,FALSE,20,elitize_generation_data,137,27,0.596,NA
139,40,negative-to-zero,ifs,FALSE,20,elitize_generation_data,138,30,0.604,NA
140,40,negative-to-zero,ifs,FALSE,20,elitize_generation_data,139,28,0.603,NA
141,40,negative-to-zero,ifs,FALSE,20,elitize_generation_data,140,37,0.623,NA
142,40,negative-to-zero,ifs,FALSE,20,elitize_generation_data,141,34,0.616,NA
143,40,negative-to-zero,ifs,FALSE,20,elitize_generation_data,142,28,0.605,NA
144,40,negative-to-zero,ifs,FALSE,20,elitize_generation_data,143,44,0.599,NA
145,40,negative-to-zero,ifs,FALSE,20,elitize_generation_data,144,36,0.6,NA
146,40,negative-to-zero,ifs,FALSE,20,elitize_generation_data,145,32,0.6,NA
147,40,negative-to-zero,ifs,FALSE,20,elitize_generation_data,146,25,0.602,NA
148,40,negative-to-zero,ifs,FALSE,20,elitize_generation_data,147,25,0.58,NA
149,40,negative-to-zero,ifs,FALSE,20,elitize_generation_data,148,29,0.607,NA
150,40,negative-to-zero,ifs,FALSE,20,elitize_generation_data,149,33,0.621,NA
151,40,negative-to-zero,ifs,FALSE,20,elitize_generation_data,150,29,0.591,NA
152,40,negative-to-zero,ifs,FALSE,20,elitize_generation_data,151,31,0.597,NA
153,40,negative-to-zero,ifs,FALSE,20,elitize_generation_data,152,27,0.58,NA
154,40,negative-to-zero,ifs,FALSE,20,elitize_generation_data,153,28,0.586,NA
155,40,negative-to-zero,ifs,FALSE,20,elitize_generation_data,154,38,0.624,NA
156,40,negative-to-zero,ifs,FALSE,20,elitize_generation_data,155,43,0.585,NA
157,40,negative-to-zero,ifs,FALSE,20,elitize_generation_data,156,42,0.617,NA
158,40,negative-to-zero,ifs,FALSE,20,elitize_generation_data,157,29,0.613,NA
159,40,negative-to-zero,ifs,FALSE,20,elitize_generation_data,158,34,0.599,NA
160,40,negative-to-zero,ifs,FALSE,20,elitize_generation_data,159,34,0.569,NA
161,40,negative-to-zero,ifs,FALSE,20,elitize_generation_data,160,39,0.589,NA
162,40,negative-to-zero,ifs,FALSE,20,elitize_generation_data,161,39,0.581,NA
163,40,negative-to-zero,ifs,FALSE,20,elitize_generation_data,162,24,0.626,NA
164,40,negative-to-zero,ifs,FALSE,20,elitize_generation_data,163,23,0.614,NA
165,40,negative-to-zero,ifs,FALSE,20,elitize_generation_data,164,29,0.602,NA
166,40,negative-to-zero,ifs,FALSE,20,elitize_generation_data,165,20,0.59,NA
167,40,negative-to-zero,ifs,FALSE,20,elitize_generation_data,166,29,0.594,NA
168,40,negative-to-zero,ifs,FALSE,20,elitize_generation_data,167,19,0.549,NA
169,40,negative-to-zero,ifs,FALSE,20,elitize_generation_data,168,22,0.608,NA
170,40,negative-to-zero,ifs,FALSE,20,elitize_generation_data,169,28,0.608,NA
171,40,negative-to-zero,ifs,FALSE,20,elitize_generation_data,170,32,0.631,NA
172,40,negative-to-zero,ifs,FALSE,20,elitize_generation_data,171,27,0.618,NA
173,40,negative-to-zero,ifs,FALSE,20,elitize_generation_data,172,31,0.608,NA
174,40,negative-to-zero,ifs,FALSE,20,elitize_generation_data,173,35,0.619,NA
175,40,negative-to-zero,ifs,FALSE,20,elitize_generation_data,174,36,0.588,NA
176,40,negative-to-zero,ifs,FALSE,20,elitize_generation_data,175,42,0.611,NA
177,40,negative-to-zero,ifs,FALSE,20,elitize_generation_data,176,29,0.649,NA
178,40,negative-to-zero,ifs,FALSE,20,elitize_generation_data,177,31,0.651,NA
179,40,negative-to-zero,ifs,FALSE,20,elitize_generation_data,178,25,0.662,NA
180,40,negative-to-zero,ifs,FALSE,20,elitize_generation_data,179,25,0.7,NA
181,40,negative-to-zero,ifs,FALSE,20,elitize_generation_data,180,19,0.684,NA
182,40,negative-to-zero,ifs,FALSE,20,elitize_generation_data,181,15,0.718,NA
183,40,negative-to-zero,ifs,FALSE,20,elitize_generation_data,182,16,0.696,NA
184,40,negative-to-zero,ifs,FALSE,20,elitize_generation_data,183,21,0.682,NA
185,40,negative-to-zero,ifs,FALSE,20,elitize_generation_data,184,19,0.65,NA
186,40,negative-to-zero,ifs,FALSE,20,elitize_generation_data,185,22,0.688,NA
187,40,negative-to-zero,ifs,FALSE,20,elitize_generation_data,186,18,0.703,NA
188,40,negative-to-zero,ifs,FALSE,20,elitize_generation_data,187,20,0.675,NA
189,40,negative-to-zero,ifs,FALSE,20,elitize_generation_data,188,18,0.657,NA
190,40,negative-to-zero,ifs,FALSE,20,elitize_generation_data,189,18,0.665,NA
191,40,negative-to-zero,ifs,FALSE,20,elitize_generation_data,190,27,0.634,NA
192,40,negative-to-zero,ifs,FALSE,20,elitize_generation_data,191,21,0.585,NA
193,40,negative-to-zero,ifs,FALSE,20,elitize_generation_data,192,22,0.556,NA
194,40,negative-to-zero,ifs,FALSE,20,elitize_generation_data,193,14,0.516,NA
195,40,negative-to-zero,ifs,FALSE,20,elitize_generation_data,194,13,0.557,NA
196,40,negative-to-zero,ifs,FALSE,20,elitize_generation_data,195,19,0.528,NA
197,40,negative-to-zero,ifs,FALSE,20,elitize_generation_data,196,21,0.537,NA
198,40,negative-to-zero,ifs,FALSE,20,elitize_generation_data,197,16,0.578,NA
199,40,negative-to-zero,ifs,FALSE,20,elitize_generation_data,198,7,0.572,NA
200,40,negative-to-zero,ifs,FALSE,20,elitize_generation_data,199,19,0.543,NA
201,40,negative-to-zero,ifs,FALSE,20,elitize_generation_data,200,13,0.546,NA
202,40,negative-to-zero,ifs,FALSE,20,elitize_generation_data,201,17,0.536,NA
203,40,negative-to-zero,ifs,FALSE,20,elitize_generation_data,202,15,0.535,NA
204,40,negative-to-zero,ifs,FALSE,20,elitize_generation_data,203,16,0.571,NA
205,40,negative-to-zero,ifs,FALSE,20,elitize_generation_data,204,24,0.54,NA
206,40,negative-to-zero,ifs,FALSE,20,elitize_generation_data,205,14,0.551,NA
207,40,negative-to-zero,ifs,FALSE,20,elitize_generation_data,206,13,0.572,NA
208,40,negative-to-zero,ifs,FALSE,20,elitize_generation_data,207,16,0.607,NA
209,40,negative-to-zero,ifs,FALSE,20,elitize_generation_data,208,13,0.609,NA
210,40,negative-to-zero,ifs,FALSE,20,elitize_generation_data,209,10,0.641,NA
211,40,negative-to-zero,ifs,FALSE,20,elitize_generation_data,210,13,0.638,NA
212,40,negative-to-zero,ifs,FALSE,20,elitize_generation_data,211,5,0.681,NA
213,40,negative-to-zero,ifs,FALSE,20,elitize_generation_data,212,9,0.724,NA
214,40,negative-to-zero,ifs,FALSE,20,elitize_generation_data,213,10,0.72,NA
215,40,negative-to-zero,ifs,FALSE,20,elitize_generation_data,214,10,0.737,NA
216,40,negative-to-zero,ifs,FALSE,20,elitize_generation_data,215,8,0.747,NA
217,40,negative-to-zero,ifs,FALSE,20,elitize_generation_data,216,10,0.742,NA
218,40,negative-to-zero,ifs,FALSE,20,elitize_generation_data,217,10,0.725,NA
219,40,negative-to-zero,ifs,FALSE,20,elitize_generation_data,218,9,0.719,NA
220,40,negative-to-zero,ifs,FALSE,20,elitize_generation_data,219,13,0.709,NA
221,40,negative-to-zero,ifs,FALSE,20,elitize_generation_data,220,14,0.725,NA
222,40,negative-to-zero,ifs,FALSE,20,elitize_generation_data,221,16,0.733,NA
223,40,negative-to-zero,ifs,FALSE,20,elitize_generation_data,222,12,0.715,NA
224,40,negative-to-zero,ifs,FALSE,20,elitize_generation_data,223,17,0.698,NA
225,40,negative-to-zero,ifs,FALSE,20,elitize_generation_data,224,13,0.692,NA
226,40,negative-to-zero,ifs,FALSE,20,elitize_generation_data,225,12,0.688,NA
227,40,negative-to-zero,ifs,FALSE,20,elitize_generation_data,226,15,0.714,NA
228,40,negative-to-zero,ifs,FALSE,20,elitize_generation_data,227,11,0.717,NA
229,40,negative-to-zero,ifs,FALSE,20,elitize_generation_data,228,14,0.729,NA
230,40,negative-to-zero,ifs,FALSE,20,elitize_generation_data,229,11,0.684,NA
231,40,negative-to-zero,ifs,FALSE,20,elitize_generation_data,230,9,0.667,NA
232,40,negative-to-zero,ifs,FALSE,20,elitize_generation_data,231,10,0.576,NA
233,40,negative-to-zero,ifs,FALSE,20,elitize_generation_data,232,10,0.537,NA
234,40,negative-to-zero,ifs,FALSE,20,elitize_generation_data,233,9,0.482,NA
235,40,negative-to-zero,ifs,FALSE,20,elitize_generation_data,234,13,0.448,NA
236,40,negative-to-zero,ifs,FALSE,20,elitize_generation_data,235,11,0.456,NA
237,40,negative-to-zero,ifs,FALSE,20,elitize_generation_data,236,9,0.455,NA
238,40,negative-to-zero,ifs,FALSE,20,elitize_generation_data,237,13,0.405,NA
239,40,negative-to-zero,ifs,FALSE,20,elitize_generation_data,238,8,0.48,NA
240,40,negative-to-zero,ifs,FALSE,20,elitize_generation_data,239,7,0.457,NA
241,40,negative-to-zero,ifs,FALSE,20,elitize_generation_data,240,9,0.457,NA
242,40,negative-to-zero,ifs,FALSE,20,elitize_generation_data,241,8,0.464,NA
243,40,negative-to-zero,ifs,FALSE,20,elitize_generation_data,242,9,0.462,NA
244,40,negative-to-zero,ifs,FALSE,20,elitize_generation_data,243,8,0.43,NA
245,40,negative-to-zero,ifs,FALSE,20,elitize_generation_data,244,11,0.426,NA
246,40,negative-to-zero,ifs,FALSE,20,elitize_generation_data,245,7,0.396,NA
247,40,negative-to-zero,ifs,FALSE,20,elitize_generation_data,246,14,0.39,NA
248,40,negative-to-zero,ifs,FALSE,20,elitize_generation_data,247,14,0.402,NA
249,40,negative-to-zero,ifs,FALSE,20,elitize_generation_data,248,11,0.392,NA
250,40,negative-to-zero,ifs,FALSE,20,elitize_generation_data,249,17,0.406,NA
251,40,negative-to-zero,ifs,FALSE,20,elitize_generation_data,250,12,0.408,NA
252,40,negative-to-zero,ifs,FALSE,20,elitize_generation_data,251,8,0.382,NA
253,40,negative-to-zero,ifs,FALSE,20,elitize_generation_data,252,13,0.386,NA
254,40,negative-to-zero,ifs,FALSE,20,elitize_generation_data,253,9,0.402,NA
255,40,negative-to-zero,ifs,FALSE,20,elitize_generation_data,254,15,0.405,NA
256,40,negative-to-zero,ifs,FALSE,20,elitize_generation_data,255,12,0.468,NA
257,40,negative-to-zero,ifs,FALSE,20,elitize_generation_data,256,11,0.467,NA
258,40,negative-to-zero,ifs,FALSE,20,elitize_generation_data,257,12,0.478,NA
259,40,negative-to-zero,ifs,FALSE,20,elitize_generation_data,258,11,0.52,NA
260,40,negative-to-zero,ifs,FALSE,20,elitize_generation_data,259,17,0.513,NA
261,40,negative-to-zero,ifs,FALSE,20,elitize_generation_data,260,12,0.518,NA
262,40,negative-to-zero,ifs,FALSE,20,elitize_generation_data,261,13,0.497,NA
263,40,negative-to-zero,ifs,FALSE,20,elitize_generation_data,262,14,0.537,NA
264,40,negative-to-zero,ifs,FALSE,20,elitize_generation_data,263,9,0.525,NA
265,40,negative-to-zero,ifs,FALSE,20,elitize_generation_data,264,14,0.584,NA
266,40,negative-to-zero,ifs,FALSE,20,elitize_generation_data,265,10,0.572,NA
267,40,negative-to-zero,ifs,FALSE,20,elitize_generation_data,266,12,0.56,NA
268,40,negative-to-zero,ifs,FALSE,20,elitize_generation_data,267,14,0.562,NA
269,40,negative-to-zero,ifs,FALSE,20,elitize_generation_data,268,11,0.588,NA
270,40,negative-to-zero,ifs,FALSE,20,elitize_generation_data,269,14,0.581,NA
271,40,negative-to-zero,ifs,FALSE,20,elitize_generation_data,270,5,0.604,NA
272,40,negative-to-zero,ifs,FALSE,20,elitize_generation_data,271,7,0.591,NA
273,40,negative-to-zero,ifs,FALSE,20,elitize_generation_data,272,10,0.594,NA
274,40,negative-to-zero,ifs,FALSE,20,elitize_generation_data,273,11,0.576,NA
275,40,negative-to-zero,ifs,FALSE,20,elitize_generation_data,274,11,0.58,NA
276,40,negative-to-zero,ifs,FALSE,20,elitize_generation_data,275,9,0.585,NA
277,40,negative-to-zero,ifs,FALSE,20,elitize_generation_data,276,10,0.573,NA
278,40,negative-to-zero,ifs,FALSE,20,elitize_generation_data,277,16,0.576,NA
279,40,negative-to-zero,ifs,FALSE,20,elitize_generation_data,278,9,0.558,NA
280,40,negative-to-zero,ifs,FALSE,20,elitize_generation_data,279,9,0.585,NA
281,40,negative-to-zero,ifs,FALSE,20,elitize_generation_data,280,8,0.567,NA
282,40,negative-to-zero,ifs,FALSE,20,elitize_generation_data,281,8,0.59,NA
283,40,negative-to-zero,ifs,FALSE,20,elitize_generation_data,282,17,0.586,NA
284,40,negative-to-zero,ifs,FALSE,20,elitize_generation_data,283,14,0.571,NA
285,40,negative-to-zero,ifs,FALSE,20,elitize_generation_data,284,12,0.58,NA
286,40,negative-to-zero,ifs,FALSE,20,elitize_generation_data,285,14,0.559,NA
287,40,negative-to-zero,ifs,FALSE,20,elitize_generation_data,286,10,0.541,NA
288,40,negative-to-zero,ifs,FALSE,20,elitize_generation_data,287,10,0.584,NA
289,40,negative-to-zero,ifs,FALSE,20,elitize_generation_data,288,8,0.576,NA
290,40,negative-to-zero,ifs,FALSE,20,elitize_generation_data,289,12,0.595,NA
291,40,negative-to-zero,ifs,FALSE,20,elitize_generation_data,290,12,0.607,NA
292,40,negative-to-zero,ifs,FALSE,20,elitize_generation_data,291,12,0.589,NA
293,40,negative-to-zero,ifs,FALSE,20,elitize_generation_data,292,11,0.608,NA
294,40,negative-to-zero,ifs,FALSE,20,elitize_generation_data,293,12,0.614,NA
295,40,negative-to-zero,ifs,FALSE,20,elitize_generation_data,294,12,0.586,NA
296,40,negative-to-zero,ifs,FALSE,20,elitize_generation_data,295,11,0.583,NA
297,40,negative-to-zero,ifs,FALSE,20,elitize_generation_data,296,13,0.565,NA
298,40,negative-to-zero,ifs,FALSE,20,elitize_generation_data,297,12,0.575,NA
299,40,negative-to-zero,ifs,FALSE,20,elitize_generation_data,298,12,0.574,NA
300,40,negative-to-zero,ifs,FALSE,20,elitize_generation_data,299,15,0.587,NA
301,40,negative-to-zero,ifs,FALSE,20,elitize_generation_data,300,9,0.602,NA
