,run.num,problem,treatment,succeeded,height,normalization.function,generation,cluster.count,error.diversity,success.generation
1,64,negative-to-zero,ifs,FALSE,20,elitize_generation_data,0,8,0.031,NA
2,64,negative-to-zero,ifs,FALSE,20,elitize_generation_data,1,11,0.048,NA
3,64,negative-to-zero,ifs,FALSE,20,elitize_generation_data,2,11,0.041,NA
4,64,negative-to-zero,ifs,FALSE,20,elitize_generation_data,3,12,0.031,NA
5,64,negative-to-zero,ifs,FALSE,20,elitize_generation_data,4,7,0.039,NA
6,64,negative-to-zero,ifs,FALSE,20,elitize_generation_data,5,8,0.036,NA
7,64,negative-to-zero,ifs,FALSE,20,elitize_generation_data,6,8,0.039,NA
8,64,negative-to-zero,ifs,FALSE,20,elitize_generation_data,7,11,0.04,NA
9,64,negative-to-zero,ifs,FALSE,20,elitize_generation_data,8,12,0.043,NA
10,64,negative-to-zero,ifs,FALSE,20,elitize_generation_data,9,15,0.047,NA
11,64,negative-to-zero,ifs,FALSE,20,elitize_generation_data,10,19,0.045,NA
12,64,negative-to-zero,ifs,FALSE,20,elitize_generation_data,11,20,0.058,NA
13,64,negative-to-zero,ifs,FALSE,20,elitize_generation_data,12,28,0.076,NA
14,64,negative-to-zero,ifs,FALSE,20,elitize_generation_data,13,33,0.069,NA
15,64,negative-to-zero,ifs,FALSE,20,elitize_generation_data,14,34,0.089,NA
16,64,negative-to-zero,ifs,FALSE,20,elitize_generation_data,15,34,0.104,NA
17,64,negative-to-zero,ifs,FALSE,20,elitize_generation_data,16,45,0.125,NA
18,64,negative-to-zero,ifs,FALSE,20,elitize_generation_data,17,35,0.145,NA
19,64,negative-to-zero,ifs,FALSE,20,elitize_generation_data,18,34,0.15,NA
20,64,negative-to-zero,ifs,FALSE,20,elitize_generation_data,19,33,0.144,NA
21,64,negative-to-zero,ifs,FALSE,20,elitize_generation_data,20,34,0.146,NA
22,64,negative-to-zero,ifs,FALSE,20,elitize_generation_data,21,39,0.161,NA
23,64,negative-to-zero,ifs,FALSE,20,elitize_generation_data,22,35,0.159,NA
24,64,negative-to-zero,ifs,FALSE,20,elitize_generation_data,23,38,0.182,NA
25,64,negative-to-zero,ifs,FALSE,20,elitize_generation_data,24,30,0.16,NA
26,64,negative-to-zero,ifs,FALSE,20,elitize_generation_data,25,23,0.128,NA
27,64,negative-to-zero,ifs,FALSE,20,elitize_generation_data,26,19,0.111,NA
28,64,negative-to-zero,ifs,FALSE,20,elitize_generation_data,27,20,0.112,NA
29,64,negative-to-zero,ifs,FALSE,20,elitize_generation_data,28,14,0.1,NA
30,64,negative-to-zero,ifs,FALSE,20,elitize_generation_data,29,14,0.099,NA
31,64,negative-to-zero,ifs,FALSE,20,elitize_generation_data,30,17,0.114,NA
32,64,negative-to-zero,ifs,FALSE,20,elitize_generation_data,31,16,0.087,NA
33,64,negative-to-zero,ifs,FALSE,20,elitize_generation_data,32,15,0.103,NA
34,64,negative-to-zero,ifs,FALSE,20,elitize_generation_data,33,18,0.108,NA
35,64,negative-to-zero,ifs,FALSE,20,elitize_generation_data,34,19,0.101,NA
36,64,negative-to-zero,ifs,FALSE,20,elitize_generation_data,35,17,0.12,NA
37,64,negative-to-zero,ifs,FALSE,20,elitize_generation_data,36,24,0.137,NA
38,64,negative-to-zero,ifs,FALSE,20,elitize_generation_data,37,21,0.112,NA
39,64,negative-to-zero,ifs,FALSE,20,elitize_generation_data,38,13,0.114,NA
40,64,negative-to-zero,ifs,FALSE,20,elitize_generation_data,39,17,0.119,NA
41,64,negative-to-zero,ifs,FALSE,20,elitize_generation_data,40,16,0.116,NA
42,64,negative-to-zero,ifs,FALSE,20,elitize_generation_data,41,17,0.099,NA
43,64,negative-to-zero,ifs,FALSE,20,elitize_generation_data,42,15,0.131,NA
44,64,negative-to-zero,ifs,FALSE,20,elitize_generation_data,43,21,0.119,NA
45,64,negative-to-zero,ifs,FALSE,20,elitize_generation_data,44,17,0.111,NA
46,64,negative-to-zero,ifs,FALSE,20,elitize_generation_data,45,17,0.126,NA
47,64,negative-to-zero,ifs,FALSE,20,elitize_generation_data,46,19,0.116,NA
48,64,negative-to-zero,ifs,FALSE,20,elitize_generation_data,47,18,0.126,NA
49,64,negative-to-zero,ifs,FALSE,20,elitize_generation_data,48,21,0.117,NA
50,64,negative-to-zero,ifs,FALSE,20,elitize_generation_data,49,25,0.131,NA
51,64,negative-to-zero,ifs,FALSE,20,elitize_generation_data,50,17,0.116,NA
52,64,negative-to-zero,ifs,FALSE,20,elitize_generation_data,51,23,0.117,NA
53,64,negative-to-zero,ifs,FALSE,20,elitize_generation_data,52,15,0.12,NA
54,64,negative-to-zero,ifs,FALSE,20,elitize_generation_data,53,12,0.144,NA
55,64,negative-to-zero,ifs,FALSE,20,elitize_generation_data,54,22,0.131,NA
56,64,negative-to-zero,ifs,FALSE,20,elitize_generation_data,55,14,0.132,NA
57,64,negative-to-zero,ifs,FALSE,20,elitize_generation_data,56,14,0.117,NA
58,64,negative-to-zero,ifs,FALSE,20,elitize_generation_data,57,21,0.134,NA
59,64,negative-to-zero,ifs,FALSE,20,elitize_generation_data,58,15,0.116,NA
60,64,negative-to-zero,ifs,FALSE,20,elitize_generation_data,59,16,0.122,NA
61,64,negative-to-zero,ifs,FALSE,20,elitize_generation_data,60,19,0.117,NA
62,64,negative-to-zero,ifs,FALSE,20,elitize_generation_data,61,17,0.11,NA
63,64,negative-to-zero,ifs,FALSE,20,elitize_generation_data,62,13,0.121,NA
64,64,negative-to-zero,ifs,FALSE,20,elitize_generation_data,63,20,0.125,NA
65,64,negative-to-zero,ifs,FALSE,20,elitize_generation_data,64,20,0.119,NA
66,64,negative-to-zero,ifs,FALSE,20,elitize_generation_data,65,17,0.126,NA
67,64,negative-to-zero,ifs,FALSE,20,elitize_generation_data,66,18,0.127,NA
68,64,negative-to-zero,ifs,FALSE,20,elitize_generation_data,67,17,0.12,NA
69,64,negative-to-zero,ifs,FALSE,20,elitize_generation_data,68,17,0.115,NA
70,64,negative-to-zero,ifs,FALSE,20,elitize_generation_data,69,13,0.107,NA
71,64,negative-to-zero,ifs,FALSE,20,elitize_generation_data,70,16,0.115,NA
72,64,negative-to-zero,ifs,FALSE,20,elitize_generation_data,71,14,0.133,NA
73,64,negative-to-zero,ifs,FALSE,20,elitize_generation_data,72,16,0.115,NA
74,64,negative-to-zero,ifs,FALSE,20,elitize_generation_data,73,15,0.111,NA
75,64,negative-to-zero,ifs,FALSE,20,elitize_generation_data,74,18,0.12,NA
76,64,negative-to-zero,ifs,FALSE,20,elitize_generation_data,75,16,0.116,NA
77,64,negative-to-zero,ifs,FALSE,20,elitize_generation_data,76,16,0.109,NA
78,64,negative-to-zero,ifs,FALSE,20,elitize_generation_data,77,9,0.112,NA
79,64,negative-to-zero,ifs,FALSE,20,elitize_generation_data,78,14,0.112,NA
80,64,negative-to-zero,ifs,FALSE,20,elitize_generation_data,79,19,0.106,NA
81,64,negative-to-zero,ifs,FALSE,20,elitize_generation_data,80,16,0.108,NA
82,64,negative-to-zero,ifs,FALSE,20,elitize_generation_data,81,17,0.098,NA
83,64,negative-to-zero,ifs,FALSE,20,elitize_generation_data,82,18,0.1,NA
84,64,negative-to-zero,ifs,FALSE,20,elitize_generation_data,83,22,0.106,NA
85,64,negative-to-zero,ifs,FALSE,20,elitize_generation_data,84,18,0.118,NA
86,64,negative-to-zero,ifs,FALSE,20,elitize_generation_data,85,22,0.12,NA
87,64,negative-to-zero,ifs,FALSE,20,elitize_generation_data,86,21,0.106,NA
88,64,negative-to-zero,ifs,FALSE,20,elitize_generation_data,87,13,0.102,NA
89,64,negative-to-zero,ifs,FALSE,20,elitize_generation_data,88,20,0.108,NA
90,64,negative-to-zero,ifs,FALSE,20,elitize_generation_data,89,18,0.097,NA
91,64,negative-to-zero,ifs,FALSE,20,elitize_generation_data,90,18,0.112,NA
92,64,negative-to-zero,ifs,FALSE,20,elitize_generation_data,91,14,0.094,NA
93,64,negative-to-zero,ifs,FALSE,20,elitize_generation_data,92,15,0.102,NA
94,64,negative-to-zero,ifs,FALSE,20,elitize_generation_data,93,22,0.111,NA
95,64,negative-to-zero,ifs,FALSE,20,elitize_generation_data,94,16,0.097,NA
96,64,negative-to-zero,ifs,FALSE,20,elitize_generation_data,95,15,0.096,NA
97,64,negative-to-zero,ifs,FALSE,20,elitize_generation_data,96,14,0.086,NA
98,64,negative-to-zero,ifs,FALSE,20,elitize_generation_data,97,17,0.089,NA
99,64,negative-to-zero,ifs,FALSE,20,elitize_generation_data,98,15,0.092,NA
100,64,negative-to-zero,ifs,FALSE,20,elitize_generation_data,99,17,0.08,NA
101,64,negative-to-zero,ifs,FALSE,20,elitize_generation_data,100,18,0.08,NA
102,64,negative-to-zero,ifs,FALSE,20,elitize_generation_data,101,15,0.084,NA
103,64,negative-to-zero,ifs,FALSE,20,elitize_generation_data,102,17,0.089,NA
104,64,negative-to-zero,ifs,FALSE,20,elitize_generation_data,103,21,0.088,NA
105,64,negative-to-zero,ifs,FALSE,20,elitize_generation_data,104,16,0.098,NA
106,64,negative-to-zero,ifs,FALSE,20,elitize_generation_data,105,17,0.089,NA
107,64,negative-to-zero,ifs,FALSE,20,elitize_generation_data,106,25,0.094,NA
108,64,negative-to-zero,ifs,FALSE,20,elitize_generation_data,107,18,0.087,NA
109,64,negative-to-zero,ifs,FALSE,20,elitize_generation_data,108,16,0.089,NA
110,64,negative-to-zero,ifs,FALSE,20,elitize_generation_data,109,14,0.078,NA
111,64,negative-to-zero,ifs,FALSE,20,elitize_generation_data,110,17,0.092,NA
112,64,negative-to-zero,ifs,FALSE,20,elitize_generation_data,111,13,0.074,NA
113,64,negative-to-zero,ifs,FALSE,20,elitize_generation_data,112,14,0.081,NA
114,64,negative-to-zero,ifs,FALSE,20,elitize_generation_data,113,19,0.083,NA
115,64,negative-to-zero,ifs,FALSE,20,elitize_generation_data,114,15,0.069,NA
116,64,negative-to-zero,ifs,FALSE,20,elitize_generation_data,115,16,0.094,NA
117,64,negative-to-zero,ifs,FALSE,20,elitize_generation_data,116,11,0.078,NA
118,64,negative-to-zero,ifs,FALSE,20,elitize_generation_data,117,22,0.08,NA
119,64,negative-to-zero,ifs,FALSE,20,elitize_generation_data,118,16,0.069,NA
120,64,negative-to-zero,ifs,FALSE,20,elitize_generation_data,119,17,0.062,NA
121,64,negative-to-zero,ifs,FALSE,20,elitize_generation_data,120,19,0.049,NA
122,64,negative-to-zero,ifs,FALSE,20,elitize_generation_data,121,14,0.032,NA
123,64,negative-to-zero,ifs,FALSE,20,elitize_generation_data,122,16,0.049,NA
124,64,negative-to-zero,ifs,FALSE,20,elitize_generation_data,123,20,0.05,NA
125,64,negative-to-zero,ifs,FALSE,20,elitize_generation_data,124,16,0.055,NA
126,64,negative-to-zero,ifs,FALSE,20,elitize_generation_data,125,19,0.086,NA
127,64,negative-to-zero,ifs,FALSE,20,elitize_generation_data,126,19,0.113,NA
128,64,negative-to-zero,ifs,FALSE,20,elitize_generation_data,127,23,0.135,NA
129,64,negative-to-zero,ifs,FALSE,20,elitize_generation_data,128,23,0.134,NA
130,64,negative-to-zero,ifs,FALSE,20,elitize_generation_data,129,28,0.194,NA
131,64,negative-to-zero,ifs,FALSE,20,elitize_generation_data,130,25,0.215,NA
132,64,negative-to-zero,ifs,FALSE,20,elitize_generation_data,131,24,0.165,NA
133,64,negative-to-zero,ifs,FALSE,20,elitize_generation_data,132,12,0.16,NA
134,64,negative-to-zero,ifs,FALSE,20,elitize_generation_data,133,16,0.148,NA
135,64,negative-to-zero,ifs,FALSE,20,elitize_generation_data,134,17,0.082,NA
136,64,negative-to-zero,ifs,FALSE,20,elitize_generation_data,135,11,0.062,NA
137,64,negative-to-zero,ifs,FALSE,20,elitize_generation_data,136,12,0.073,NA
138,64,negative-to-zero,ifs,FALSE,20,elitize_generation_data,137,17,0.077,NA
139,64,negative-to-zero,ifs,FALSE,20,elitize_generation_data,138,13,0.102,NA
140,64,negative-to-zero,ifs,FALSE,20,elitize_generation_data,139,11,0.143,NA
141,64,negative-to-zero,ifs,FALSE,20,elitize_generation_data,140,9,0.212,NA
142,64,negative-to-zero,ifs,FALSE,20,elitize_generation_data,141,12,0.406,NA
143,64,negative-to-zero,ifs,FALSE,20,elitize_generation_data,142,17,0.397,NA
144,64,negative-to-zero,ifs,FALSE,20,elitize_generation_data,143,19,0.442,NA
145,64,negative-to-zero,ifs,FALSE,20,elitize_generation_data,144,25,0.472,NA
146,64,negative-to-zero,ifs,FALSE,20,elitize_generation_data,145,26,0.472,NA
147,64,negative-to-zero,ifs,FALSE,20,elitize_generation_data,146,24,0.452,NA
148,64,negative-to-zero,ifs,FALSE,20,elitize_generation_data,147,30,0.392,NA
149,64,negative-to-zero,ifs,FALSE,20,elitize_generation_data,148,25,0.395,NA
150,64,negative-to-zero,ifs,FALSE,20,elitize_generation_data,149,33,0.382,NA
151,64,negative-to-zero,ifs,FALSE,20,elitize_generation_data,150,31,0.376,NA
152,64,negative-to-zero,ifs,FALSE,20,elitize_generation_data,151,24,0.373,NA
153,64,negative-to-zero,ifs,FALSE,20,elitize_generation_data,152,21,0.387,NA
154,64,negative-to-zero,ifs,FALSE,20,elitize_generation_data,153,27,0.363,NA
155,64,negative-to-zero,ifs,FALSE,20,elitize_generation_data,154,18,0.361,NA
156,64,negative-to-zero,ifs,FALSE,20,elitize_generation_data,155,29,0.368,NA
157,64,negative-to-zero,ifs,FALSE,20,elitize_generation_data,156,33,0.404,NA
158,64,negative-to-zero,ifs,FALSE,20,elitize_generation_data,157,20,0.423,NA
159,64,negative-to-zero,ifs,FALSE,20,elitize_generation_data,158,22,0.461,NA
160,64,negative-to-zero,ifs,FALSE,20,elitize_generation_data,159,20,0.384,NA
161,64,negative-to-zero,ifs,FALSE,20,elitize_generation_data,160,21,0.407,NA
162,64,negative-to-zero,ifs,FALSE,20,elitize_generation_data,161,23,0.4,NA
163,64,negative-to-zero,ifs,FALSE,20,elitize_generation_data,162,31,0.438,NA
164,64,negative-to-zero,ifs,FALSE,20,elitize_generation_data,163,15,0.437,NA
165,64,negative-to-zero,ifs,FALSE,20,elitize_generation_data,164,16,0.459,NA
166,64,negative-to-zero,ifs,FALSE,20,elitize_generation_data,165,14,0.468,NA
167,64,negative-to-zero,ifs,FALSE,20,elitize_generation_data,166,22,0.478,NA
168,64,negative-to-zero,ifs,FALSE,20,elitize_generation_data,167,17,0.44,NA
169,64,negative-to-zero,ifs,FALSE,20,elitize_generation_data,168,19,0.453,NA
170,64,negative-to-zero,ifs,FALSE,20,elitize_generation_data,169,13,0.493,NA
171,64,negative-to-zero,ifs,FALSE,20,elitize_generation_data,170,17,0.535,NA
172,64,negative-to-zero,ifs,FALSE,20,elitize_generation_data,171,18,0.515,NA
173,64,negative-to-zero,ifs,FALSE,20,elitize_generation_data,172,19,0.476,NA
174,64,negative-to-zero,ifs,FALSE,20,elitize_generation_data,173,17,0.481,NA
175,64,negative-to-zero,ifs,FALSE,20,elitize_generation_data,174,19,0.46,NA
176,64,negative-to-zero,ifs,FALSE,20,elitize_generation_data,175,20,0.424,NA
177,64,negative-to-zero,ifs,FALSE,20,elitize_generation_data,176,24,0.457,NA
178,64,negative-to-zero,ifs,FALSE,20,elitize_generation_data,177,29,0.487,NA
179,64,negative-to-zero,ifs,FALSE,20,elitize_generation_data,178,31,0.499,NA
180,64,negative-to-zero,ifs,FALSE,20,elitize_generation_data,179,36,0.515,NA
181,64,negative-to-zero,ifs,FALSE,20,elitize_generation_data,180,46,0.528,NA
182,64,negative-to-zero,ifs,FALSE,20,elitize_generation_data,181,47,0.552,NA
183,64,negative-to-zero,ifs,FALSE,20,elitize_generation_data,182,66,0.592,NA
184,64,negative-to-zero,ifs,FALSE,20,elitize_generation_data,183,67,0.592,NA
185,64,negative-to-zero,ifs,FALSE,20,elitize_generation_data,184,78,0.596,NA
186,64,negative-to-zero,ifs,FALSE,20,elitize_generation_data,185,73,0.589,NA
187,64,negative-to-zero,ifs,FALSE,20,elitize_generation_data,186,81,0.603,NA
188,64,negative-to-zero,ifs,FALSE,20,elitize_generation_data,187,80,0.621,NA
189,64,negative-to-zero,ifs,FALSE,20,elitize_generation_data,188,82,0.618,NA
190,64,negative-to-zero,ifs,FALSE,20,elitize_generation_data,189,77,0.602,NA
191,64,negative-to-zero,ifs,FALSE,20,elitize_generation_data,190,63,0.522,NA
192,64,negative-to-zero,ifs,FALSE,20,elitize_generation_data,191,69,0.53,NA
193,64,negative-to-zero,ifs,FALSE,20,elitize_generation_data,192,77,0.504,NA
194,64,negative-to-zero,ifs,FALSE,20,elitize_generation_data,193,64,0.493,NA
195,64,negative-to-zero,ifs,FALSE,20,elitize_generation_data,194,70,0.498,NA
196,64,negative-to-zero,ifs,FALSE,20,elitize_generation_data,195,85,0.528,NA
197,64,negative-to-zero,ifs,FALSE,20,elitize_generation_data,196,63,0.546,NA
198,64,negative-to-zero,ifs,FALSE,20,elitize_generation_data,197,85,0.588,NA
199,64,negative-to-zero,ifs,FALSE,20,elitize_generation_data,198,95,0.578,NA
200,64,negative-to-zero,ifs,FALSE,20,elitize_generation_data,199,92,0.545,NA
201,64,negative-to-zero,ifs,FALSE,20,elitize_generation_data,200,98,0.575,NA
202,64,negative-to-zero,ifs,FALSE,20,elitize_generation_data,201,92,0.553,NA
203,64,negative-to-zero,ifs,FALSE,20,elitize_generation_data,202,78,0.511,NA
204,64,negative-to-zero,ifs,FALSE,20,elitize_generation_data,203,74,0.517,NA
205,64,negative-to-zero,ifs,FALSE,20,elitize_generation_data,204,88,0.535,NA
206,64,negative-to-zero,ifs,FALSE,20,elitize_generation_data,205,71,0.547,NA
207,64,negative-to-zero,ifs,FALSE,20,elitize_generation_data,206,81,0.558,NA
208,64,negative-to-zero,ifs,FALSE,20,elitize_generation_data,207,97,0.546,NA
209,64,negative-to-zero,ifs,FALSE,20,elitize_generation_data,208,87,0.57,NA
210,64,negative-to-zero,ifs,FALSE,20,elitize_generation_data,209,83,0.545,NA
211,64,negative-to-zero,ifs,FALSE,20,elitize_generation_data,210,98,0.485,NA
212,64,negative-to-zero,ifs,FALSE,20,elitize_generation_data,211,72,0.463,NA
213,64,negative-to-zero,ifs,FALSE,20,elitize_generation_data,212,75,0.422,NA
214,64,negative-to-zero,ifs,FALSE,20,elitize_generation_data,213,59,0.412,NA
215,64,negative-to-zero,ifs,FALSE,20,elitize_generation_data,214,72,0.442,NA
216,64,negative-to-zero,ifs,FALSE,20,elitize_generation_data,215,78,0.464,NA
217,64,negative-to-zero,ifs,FALSE,20,elitize_generation_data,216,84,0.445,NA
218,64,negative-to-zero,ifs,FALSE,20,elitize_generation_data,217,67,0.42,NA
219,64,negative-to-zero,ifs,FALSE,20,elitize_generation_data,218,73,0.438,NA
220,64,negative-to-zero,ifs,FALSE,20,elitize_generation_data,219,77,0.44,NA
221,64,negative-to-zero,ifs,FALSE,20,elitize_generation_data,220,98,0.496,NA
222,64,negative-to-zero,ifs,FALSE,20,elitize_generation_data,221,101,0.509,NA
223,64,negative-to-zero,ifs,FALSE,20,elitize_generation_data,222,89,0.474,NA
224,64,negative-to-zero,ifs,FALSE,20,elitize_generation_data,223,93,0.458,NA
225,64,negative-to-zero,ifs,FALSE,20,elitize_generation_data,224,94,0.465,NA
226,64,negative-to-zero,ifs,FALSE,20,elitize_generation_data,225,87,0.462,NA
227,64,negative-to-zero,ifs,FALSE,20,elitize_generation_data,226,90,0.465,NA
228,64,negative-to-zero,ifs,FALSE,20,elitize_generation_data,227,106,0.446,NA
229,64,negative-to-zero,ifs,FALSE,20,elitize_generation_data,228,105,0.51,NA
230,64,negative-to-zero,ifs,FALSE,20,elitize_generation_data,229,127,0.525,NA
231,64,negative-to-zero,ifs,FALSE,20,elitize_generation_data,230,108,0.528,NA
232,64,negative-to-zero,ifs,FALSE,20,elitize_generation_data,231,109,0.518,NA
233,64,negative-to-zero,ifs,FALSE,20,elitize_generation_data,232,132,0.576,NA
234,64,negative-to-zero,ifs,FALSE,20,elitize_generation_data,233,124,0.578,NA
235,64,negative-to-zero,ifs,FALSE,20,elitize_generation_data,234,127,0.571,NA
236,64,negative-to-zero,ifs,FALSE,20,elitize_generation_data,235,129,0.594,NA
237,64,negative-to-zero,ifs,FALSE,20,elitize_generation_data,236,140,0.6,NA
238,64,negative-to-zero,ifs,FALSE,20,elitize_generation_data,237,134,0.587,NA
239,64,negative-to-zero,ifs,FALSE,20,elitize_generation_data,238,144,0.59,NA
240,64,negative-to-zero,ifs,FALSE,20,elitize_generation_data,239,140,0.59,NA
241,64,negative-to-zero,ifs,FALSE,20,elitize_generation_data,240,134,0.566,NA
242,64,negative-to-zero,ifs,FALSE,20,elitize_generation_data,241,150,0.609,NA
243,64,negative-to-zero,ifs,FALSE,20,elitize_generation_data,242,142,0.586,NA
244,64,negative-to-zero,ifs,FALSE,20,elitize_generation_data,243,134,0.614,NA
245,64,negative-to-zero,ifs,FALSE,20,elitize_generation_data,244,135,0.622,NA
246,64,negative-to-zero,ifs,FALSE,20,elitize_generation_data,245,121,0.588,NA
247,64,negative-to-zero,ifs,FALSE,20,elitize_generation_data,246,119,0.576,NA
248,64,negative-to-zero,ifs,FALSE,20,elitize_generation_data,247,124,0.614,NA
249,64,negative-to-zero,ifs,FALSE,20,elitize_generation_data,248,122,0.611,NA
250,64,negative-to-zero,ifs,FALSE,20,elitize_generation_data,249,134,0.613,NA
251,64,negative-to-zero,ifs,FALSE,20,elitize_generation_data,250,127,0.637,NA
252,64,negative-to-zero,ifs,FALSE,20,elitize_generation_data,251,124,0.659,NA
253,64,negative-to-zero,ifs,FALSE,20,elitize_generation_data,252,109,0.667,NA
254,64,negative-to-zero,ifs,FALSE,20,elitize_generation_data,253,105,0.669,NA
255,64,negative-to-zero,ifs,FALSE,20,elitize_generation_data,254,100,0.667,NA
256,64,negative-to-zero,ifs,FALSE,20,elitize_generation_data,255,95,0.68,NA
257,64,negative-to-zero,ifs,FALSE,20,elitize_generation_data,256,89,0.669,NA
258,64,negative-to-zero,ifs,FALSE,20,elitize_generation_data,257,95,0.655,NA
259,64,negative-to-zero,ifs,FALSE,20,elitize_generation_data,258,93,0.654,NA
260,64,negative-to-zero,ifs,FALSE,20,elitize_generation_data,259,101,0.629,NA
261,64,negative-to-zero,ifs,FALSE,20,elitize_generation_data,260,97,0.614,NA
262,64,negative-to-zero,ifs,FALSE,20,elitize_generation_data,261,91,0.588,NA
263,64,negative-to-zero,ifs,FALSE,20,elitize_generation_data,262,89,0.626,NA
264,64,negative-to-zero,ifs,FALSE,20,elitize_generation_data,263,108,0.625,NA
265,64,negative-to-zero,ifs,FALSE,20,elitize_generation_data,264,96,0.623,NA
266,64,negative-to-zero,ifs,FALSE,20,elitize_generation_data,265,87,0.625,NA
267,64,negative-to-zero,ifs,FALSE,20,elitize_generation_data,266,93,0.605,NA
268,64,negative-to-zero,ifs,FALSE,20,elitize_generation_data,267,76,0.59,NA
269,64,negative-to-zero,ifs,FALSE,20,elitize_generation_data,268,75,0.558,NA
270,64,negative-to-zero,ifs,FALSE,20,elitize_generation_data,269,90,0.573,NA
271,64,negative-to-zero,ifs,FALSE,20,elitize_generation_data,270,84,0.574,NA
272,64,negative-to-zero,ifs,FALSE,20,elitize_generation_data,271,86,0.594,NA
273,64,negative-to-zero,ifs,FALSE,20,elitize_generation_data,272,98,0.583,NA
274,64,negative-to-zero,ifs,FALSE,20,elitize_generation_data,273,101,0.576,NA
275,64,negative-to-zero,ifs,FALSE,20,elitize_generation_data,274,83,0.539,NA
276,64,negative-to-zero,ifs,FALSE,20,elitize_generation_data,275,82,0.553,NA
277,64,negative-to-zero,ifs,FALSE,20,elitize_generation_data,276,83,0.546,NA
278,64,negative-to-zero,ifs,FALSE,20,elitize_generation_data,277,88,0.55,NA
279,64,negative-to-zero,ifs,FALSE,20,elitize_generation_data,278,93,0.524,NA
280,64,negative-to-zero,ifs,FALSE,20,elitize_generation_data,279,90,0.552,NA
281,64,negative-to-zero,ifs,FALSE,20,elitize_generation_data,280,79,0.549,NA
282,64,negative-to-zero,ifs,FALSE,20,elitize_generation_data,281,90,0.552,NA
283,64,negative-to-zero,ifs,FALSE,20,elitize_generation_data,282,94,0.545,NA
284,64,negative-to-zero,ifs,FALSE,20,elitize_generation_data,283,85,0.568,NA
285,64,negative-to-zero,ifs,FALSE,20,elitize_generation_data,284,105,0.572,NA
286,64,negative-to-zero,ifs,FALSE,20,elitize_generation_data,285,85,0.549,NA
287,64,negative-to-zero,ifs,FALSE,20,elitize_generation_data,286,90,0.544,NA
288,64,negative-to-zero,ifs,FALSE,20,elitize_generation_data,287,92,0.522,NA
289,64,negative-to-zero,ifs,FALSE,20,elitize_generation_data,288,88,0.581,NA
290,64,negative-to-zero,ifs,FALSE,20,elitize_generation_data,289,88,0.53,NA
291,64,negative-to-zero,ifs,FALSE,20,elitize_generation_data,290,92,0.568,NA
292,64,negative-to-zero,ifs,FALSE,20,elitize_generation_data,291,96,0.562,NA
293,64,negative-to-zero,ifs,FALSE,20,elitize_generation_data,292,102,0.594,NA
294,64,negative-to-zero,ifs,FALSE,20,elitize_generation_data,293,101,0.59,NA
295,64,negative-to-zero,ifs,FALSE,20,elitize_generation_data,294,104,0.589,NA
296,64,negative-to-zero,ifs,FALSE,20,elitize_generation_data,295,108,0.603,NA
297,64,negative-to-zero,ifs,FALSE,20,elitize_generation_data,296,101,0.609,NA
298,64,negative-to-zero,ifs,FALSE,20,elitize_generation_data,297,113,0.594,NA
299,64,negative-to-zero,ifs,FALSE,20,elitize_generation_data,298,115,0.593,NA
300,64,negative-to-zero,ifs,FALSE,20,elitize_generation_data,299,104,0.619,NA
301,64,negative-to-zero,ifs,FALSE,20,elitize_generation_data,300,117,0.631,NA
