,run.num,problem,treatment,succeeded,height,normalization.function,generation,cluster.count,error.diversity,success.generation
1,17,negative-to-zero,ifs,TRUE,20,elitize_generation_data,0,16,0.045,23
2,17,negative-to-zero,ifs,TRUE,20,elitize_generation_data,1,15,0.062,23
3,17,negative-to-zero,ifs,TRUE,20,elitize_generation_data,2,13,0.036,23
4,17,negative-to-zero,ifs,TRUE,20,elitize_generation_data,3,17,0.031,23
5,17,negative-to-zero,ifs,TRUE,20,elitize_generation_data,4,11,0.024,23
6,17,negative-to-zero,ifs,TRUE,20,elitize_generation_data,5,9,0.024,23
7,17,negative-to-zero,ifs,TRUE,20,elitize_generation_data,6,9,0.023,23
8,17,negative-to-zero,ifs,TRUE,20,elitize_generation_data,7,7,0.017,23
9,17,negative-to-zero,ifs,TRUE,20,elitize_generation_data,8,9,0.02,23
10,17,negative-to-zero,ifs,TRUE,20,elitize_generation_data,9,8,0.031,23
11,17,negative-to-zero,ifs,TRUE,20,elitize_generation_data,10,8,0.086,23
12,17,negative-to-zero,ifs,TRUE,20,elitize_generation_data,11,9,0.187,23
13,17,negative-to-zero,ifs,TRUE,20,elitize_generation_data,12,10,0.279,23
14,17,negative-to-zero,ifs,TRUE,20,elitize_generation_data,13,5,0.335,23
15,17,negative-to-zero,ifs,TRUE,20,elitize_generation_data,14,9,0.345,23
16,17,negative-to-zero,ifs,TRUE,20,elitize_generation_data,15,11,0.334,23
17,17,negative-to-zero,ifs,TRUE,20,elitize_generation_data,16,9,0.397,23
18,17,negative-to-zero,ifs,TRUE,20,elitize_generation_data,17,9,0.458,23
19,17,negative-to-zero,ifs,TRUE,20,elitize_generation_data,18,14,0.521,23
20,17,negative-to-zero,ifs,TRUE,20,elitize_generation_data,19,23,0.518,23
21,17,negative-to-zero,ifs,TRUE,20,elitize_generation_data,20,32,0.486,23
22,17,negative-to-zero,ifs,TRUE,20,elitize_generation_data,21,45,0.45,23
23,17,negative-to-zero,ifs,TRUE,20,elitize_generation_data,22,39,0.415,23
24,17,negative-to-zero,ifs,TRUE,20,elitize_generation_data,23,35,0.361,23
