,run.num,problem,treatment,succeeded,height,normalization.function,generation,cluster.count,error.diversity,success.generation
1,15,negative-to-zero,ifs,FALSE,20,elitize_generation_data,0,8,0.041,NA
2,15,negative-to-zero,ifs,FALSE,20,elitize_generation_data,1,12,0.063,NA
3,15,negative-to-zero,ifs,FALSE,20,elitize_generation_data,2,10,0.036,NA
4,15,negative-to-zero,ifs,FALSE,20,elitize_generation_data,3,9,0.019,NA
5,15,negative-to-zero,ifs,FALSE,20,elitize_generation_data,4,12,0.026,NA
6,15,negative-to-zero,ifs,FALSE,20,elitize_generation_data,5,8,0.015,NA
7,15,negative-to-zero,ifs,FALSE,20,elitize_generation_data,6,11,0.017,NA
8,15,negative-to-zero,ifs,FALSE,20,elitize_generation_data,7,6,0.011,NA
9,15,negative-to-zero,ifs,FALSE,20,elitize_generation_data,8,11,0.016,NA
10,15,negative-to-zero,ifs,FALSE,20,elitize_generation_data,9,6,0.011,NA
11,15,negative-to-zero,ifs,FALSE,20,elitize_generation_data,10,6,0.013,NA
12,15,negative-to-zero,ifs,FALSE,20,elitize_generation_data,11,6,0.009,NA
13,15,negative-to-zero,ifs,FALSE,20,elitize_generation_data,12,4,0.009,NA
14,15,negative-to-zero,ifs,FALSE,20,elitize_generation_data,13,5,0.008,NA
15,15,negative-to-zero,ifs,FALSE,20,elitize_generation_data,14,6,0.011,NA
16,15,negative-to-zero,ifs,FALSE,20,elitize_generation_data,15,5,0.007,NA
17,15,negative-to-zero,ifs,FALSE,20,elitize_generation_data,16,5,0.01,NA
18,15,negative-to-zero,ifs,FALSE,20,elitize_generation_data,17,5,0.008,NA
19,15,negative-to-zero,ifs,FALSE,20,elitize_generation_data,18,3,0.007,NA
20,15,negative-to-zero,ifs,FALSE,20,elitize_generation_data,19,4,0.006,NA
21,15,negative-to-zero,ifs,FALSE,20,elitize_generation_data,20,5,0.013,NA
22,15,negative-to-zero,ifs,FALSE,20,elitize_generation_data,21,7,0.019,NA
23,15,negative-to-zero,ifs,FALSE,20,elitize_generation_data,22,6,0.027,NA
24,15,negative-to-zero,ifs,FALSE,20,elitize_generation_data,23,6,0.024,NA
25,15,negative-to-zero,ifs,FALSE,20,elitize_generation_data,24,5,0.023,NA
26,15,negative-to-zero,ifs,FALSE,20,elitize_generation_data,25,6,0.027,NA
27,15,negative-to-zero,ifs,FALSE,20,elitize_generation_data,26,6,0.023,NA
28,15,negative-to-zero,ifs,FALSE,20,elitize_generation_data,27,7,0.024,NA
29,15,negative-to-zero,ifs,FALSE,20,elitize_generation_data,28,5,0.026,NA
30,15,negative-to-zero,ifs,FALSE,20,elitize_generation_data,29,6,0.028,NA
31,15,negative-to-zero,ifs,FALSE,20,elitize_generation_data,30,6,0.021,NA
32,15,negative-to-zero,ifs,FALSE,20,elitize_generation_data,31,5,0.023,NA
33,15,negative-to-zero,ifs,FALSE,20,elitize_generation_data,32,10,0.033,NA
34,15,negative-to-zero,ifs,FALSE,20,elitize_generation_data,33,9,0.042,NA
35,15,negative-to-zero,ifs,FALSE,20,elitize_generation_data,34,9,0.043,NA
36,15,negative-to-zero,ifs,FALSE,20,elitize_generation_data,35,11,0.066,NA
37,15,negative-to-zero,ifs,FALSE,20,elitize_generation_data,36,11,0.111,NA
38,15,negative-to-zero,ifs,FALSE,20,elitize_generation_data,37,13,0.132,NA
39,15,negative-to-zero,ifs,FALSE,20,elitize_generation_data,38,8,0.197,NA
40,15,negative-to-zero,ifs,FALSE,20,elitize_generation_data,39,15,0.251,NA
41,15,negative-to-zero,ifs,FALSE,20,elitize_generation_data,40,6,0.278,NA
42,15,negative-to-zero,ifs,FALSE,20,elitize_generation_data,41,6,0.352,NA
43,15,negative-to-zero,ifs,FALSE,20,elitize_generation_data,42,7,0.448,NA
44,15,negative-to-zero,ifs,FALSE,20,elitize_generation_data,43,4,0.458,NA
45,15,negative-to-zero,ifs,FALSE,20,elitize_generation_data,44,4,0.478,NA
46,15,negative-to-zero,ifs,FALSE,20,elitize_generation_data,45,7,0.502,NA
47,15,negative-to-zero,ifs,FALSE,20,elitize_generation_data,46,3,0.555,NA
48,15,negative-to-zero,ifs,FALSE,20,elitize_generation_data,47,4,0.594,NA
49,15,negative-to-zero,ifs,FALSE,20,elitize_generation_data,48,4,0.601,NA
50,15,negative-to-zero,ifs,FALSE,20,elitize_generation_data,49,4,0.629,NA
51,15,negative-to-zero,ifs,FALSE,20,elitize_generation_data,50,4,0.626,NA
52,15,negative-to-zero,ifs,FALSE,20,elitize_generation_data,51,6,0.662,NA
53,15,negative-to-zero,ifs,FALSE,20,elitize_generation_data,52,4,0.714,NA
54,15,negative-to-zero,ifs,FALSE,20,elitize_generation_data,53,4,0.729,NA
55,15,negative-to-zero,ifs,FALSE,20,elitize_generation_data,54,5,0.74,NA
56,15,negative-to-zero,ifs,FALSE,20,elitize_generation_data,55,5,0.741,NA
57,15,negative-to-zero,ifs,FALSE,20,elitize_generation_data,56,3,0.767,NA
58,15,negative-to-zero,ifs,FALSE,20,elitize_generation_data,57,6,0.731,NA
59,15,negative-to-zero,ifs,FALSE,20,elitize_generation_data,58,4,0.712,NA
60,15,negative-to-zero,ifs,FALSE,20,elitize_generation_data,59,3,0.716,NA
61,15,negative-to-zero,ifs,FALSE,20,elitize_generation_data,60,4,0.724,NA
62,15,negative-to-zero,ifs,FALSE,20,elitize_generation_data,61,3,0.724,NA
63,15,negative-to-zero,ifs,FALSE,20,elitize_generation_data,62,5,0.685,NA
64,15,negative-to-zero,ifs,FALSE,20,elitize_generation_data,63,6,0.689,NA
65,15,negative-to-zero,ifs,FALSE,20,elitize_generation_data,64,6,0.684,NA
66,15,negative-to-zero,ifs,FALSE,20,elitize_generation_data,65,4,0.741,NA
67,15,negative-to-zero,ifs,FALSE,20,elitize_generation_data,66,4,0.776,NA
68,15,negative-to-zero,ifs,FALSE,20,elitize_generation_data,67,5,0.832,NA
69,15,negative-to-zero,ifs,FALSE,20,elitize_generation_data,68,6,0.798,NA
70,15,negative-to-zero,ifs,FALSE,20,elitize_generation_data,69,7,0.747,NA
71,15,negative-to-zero,ifs,FALSE,20,elitize_generation_data,70,9,0.62,NA
72,15,negative-to-zero,ifs,FALSE,20,elitize_generation_data,71,8,0.524,NA
73,15,negative-to-zero,ifs,FALSE,20,elitize_generation_data,72,8,0.473,NA
74,15,negative-to-zero,ifs,FALSE,20,elitize_generation_data,73,12,0.468,NA
75,15,negative-to-zero,ifs,FALSE,20,elitize_generation_data,74,13,0.477,NA
76,15,negative-to-zero,ifs,FALSE,20,elitize_generation_data,75,14,0.432,NA
77,15,negative-to-zero,ifs,FALSE,20,elitize_generation_data,76,15,0.348,NA
78,15,negative-to-zero,ifs,FALSE,20,elitize_generation_data,77,13,0.327,NA
79,15,negative-to-zero,ifs,FALSE,20,elitize_generation_data,78,14,0.334,NA
80,15,negative-to-zero,ifs,FALSE,20,elitize_generation_data,79,16,0.346,NA
81,15,negative-to-zero,ifs,FALSE,20,elitize_generation_data,80,15,0.398,NA
82,15,negative-to-zero,ifs,FALSE,20,elitize_generation_data,81,16,0.415,NA
83,15,negative-to-zero,ifs,FALSE,20,elitize_generation_data,82,17,0.397,NA
84,15,negative-to-zero,ifs,FALSE,20,elitize_generation_data,83,12,0.323,NA
85,15,negative-to-zero,ifs,FALSE,20,elitize_generation_data,84,17,0.321,NA
86,15,negative-to-zero,ifs,FALSE,20,elitize_generation_data,85,10,0.285,NA
87,15,negative-to-zero,ifs,FALSE,20,elitize_generation_data,86,15,0.246,NA
88,15,negative-to-zero,ifs,FALSE,20,elitize_generation_data,87,15,0.238,NA
89,15,negative-to-zero,ifs,FALSE,20,elitize_generation_data,88,14,0.262,NA
90,15,negative-to-zero,ifs,FALSE,20,elitize_generation_data,89,11,0.278,NA
91,15,negative-to-zero,ifs,FALSE,20,elitize_generation_data,90,8,0.262,NA
92,15,negative-to-zero,ifs,FALSE,20,elitize_generation_data,91,16,0.289,NA
93,15,negative-to-zero,ifs,FALSE,20,elitize_generation_data,92,14,0.302,NA
94,15,negative-to-zero,ifs,FALSE,20,elitize_generation_data,93,12,0.306,NA
95,15,negative-to-zero,ifs,FALSE,20,elitize_generation_data,94,14,0.345,NA
96,15,negative-to-zero,ifs,FALSE,20,elitize_generation_data,95,12,0.32,NA
97,15,negative-to-zero,ifs,FALSE,20,elitize_generation_data,96,23,0.332,NA
98,15,negative-to-zero,ifs,FALSE,20,elitize_generation_data,97,23,0.319,NA
99,15,negative-to-zero,ifs,FALSE,20,elitize_generation_data,98,23,0.32,NA
100,15,negative-to-zero,ifs,FALSE,20,elitize_generation_data,99,23,0.317,NA
101,15,negative-to-zero,ifs,FALSE,20,elitize_generation_data,100,25,0.342,NA
102,15,negative-to-zero,ifs,FALSE,20,elitize_generation_data,101,15,0.339,NA
103,15,negative-to-zero,ifs,FALSE,20,elitize_generation_data,102,22,0.35,NA
104,15,negative-to-zero,ifs,FALSE,20,elitize_generation_data,103,24,0.34,NA
105,15,negative-to-zero,ifs,FALSE,20,elitize_generation_data,104,22,0.36,NA
106,15,negative-to-zero,ifs,FALSE,20,elitize_generation_data,105,15,0.332,NA
107,15,negative-to-zero,ifs,FALSE,20,elitize_generation_data,106,19,0.363,NA
108,15,negative-to-zero,ifs,FALSE,20,elitize_generation_data,107,15,0.387,NA
109,15,negative-to-zero,ifs,FALSE,20,elitize_generation_data,108,19,0.357,NA
110,15,negative-to-zero,ifs,FALSE,20,elitize_generation_data,109,16,0.362,NA
111,15,negative-to-zero,ifs,FALSE,20,elitize_generation_data,110,24,0.345,NA
112,15,negative-to-zero,ifs,FALSE,20,elitize_generation_data,111,14,0.361,NA
113,15,negative-to-zero,ifs,FALSE,20,elitize_generation_data,112,12,0.354,NA
114,15,negative-to-zero,ifs,FALSE,20,elitize_generation_data,113,12,0.394,NA
115,15,negative-to-zero,ifs,FALSE,20,elitize_generation_data,114,20,0.402,NA
116,15,negative-to-zero,ifs,FALSE,20,elitize_generation_data,115,17,0.387,NA
117,15,negative-to-zero,ifs,FALSE,20,elitize_generation_data,116,21,0.457,NA
118,15,negative-to-zero,ifs,FALSE,20,elitize_generation_data,117,21,0.458,NA
119,15,negative-to-zero,ifs,FALSE,20,elitize_generation_data,118,18,0.473,NA
120,15,negative-to-zero,ifs,FALSE,20,elitize_generation_data,119,20,0.419,NA
121,15,negative-to-zero,ifs,FALSE,20,elitize_generation_data,120,19,0.41,NA
122,15,negative-to-zero,ifs,FALSE,20,elitize_generation_data,121,21,0.422,NA
123,15,negative-to-zero,ifs,FALSE,20,elitize_generation_data,122,18,0.417,NA
124,15,negative-to-zero,ifs,FALSE,20,elitize_generation_data,123,14,0.417,NA
125,15,negative-to-zero,ifs,FALSE,20,elitize_generation_data,124,21,0.416,NA
126,15,negative-to-zero,ifs,FALSE,20,elitize_generation_data,125,18,0.363,NA
127,15,negative-to-zero,ifs,FALSE,20,elitize_generation_data,126,16,0.349,NA
128,15,negative-to-zero,ifs,FALSE,20,elitize_generation_data,127,21,0.363,NA
129,15,negative-to-zero,ifs,FALSE,20,elitize_generation_data,128,17,0.373,NA
130,15,negative-to-zero,ifs,FALSE,20,elitize_generation_data,129,13,0.339,NA
131,15,negative-to-zero,ifs,FALSE,20,elitize_generation_data,130,16,0.391,NA
132,15,negative-to-zero,ifs,FALSE,20,elitize_generation_data,131,21,0.391,NA
133,15,negative-to-zero,ifs,FALSE,20,elitize_generation_data,132,26,0.373,NA
134,15,negative-to-zero,ifs,FALSE,20,elitize_generation_data,133,17,0.365,NA
135,15,negative-to-zero,ifs,FALSE,20,elitize_generation_data,134,17,0.348,NA
136,15,negative-to-zero,ifs,FALSE,20,elitize_generation_data,135,24,0.357,NA
137,15,negative-to-zero,ifs,FALSE,20,elitize_generation_data,136,22,0.366,NA
138,15,negative-to-zero,ifs,FALSE,20,elitize_generation_data,137,18,0.351,NA
139,15,negative-to-zero,ifs,FALSE,20,elitize_generation_data,138,16,0.399,NA
140,15,negative-to-zero,ifs,FALSE,20,elitize_generation_data,139,16,0.401,NA
141,15,negative-to-zero,ifs,FALSE,20,elitize_generation_data,140,17,0.367,NA
142,15,negative-to-zero,ifs,FALSE,20,elitize_generation_data,141,19,0.358,NA
143,15,negative-to-zero,ifs,FALSE,20,elitize_generation_data,142,23,0.352,NA
144,15,negative-to-zero,ifs,FALSE,20,elitize_generation_data,143,19,0.358,NA
145,15,negative-to-zero,ifs,FALSE,20,elitize_generation_data,144,21,0.376,NA
146,15,negative-to-zero,ifs,FALSE,20,elitize_generation_data,145,20,0.367,NA
147,15,negative-to-zero,ifs,FALSE,20,elitize_generation_data,146,20,0.363,NA
148,15,negative-to-zero,ifs,FALSE,20,elitize_generation_data,147,20,0.382,NA
149,15,negative-to-zero,ifs,FALSE,20,elitize_generation_data,148,23,0.376,NA
150,15,negative-to-zero,ifs,FALSE,20,elitize_generation_data,149,27,0.398,NA
151,15,negative-to-zero,ifs,FALSE,20,elitize_generation_data,150,23,0.354,NA
152,15,negative-to-zero,ifs,FALSE,20,elitize_generation_data,151,22,0.333,NA
153,15,negative-to-zero,ifs,FALSE,20,elitize_generation_data,152,26,0.321,NA
154,15,negative-to-zero,ifs,FALSE,20,elitize_generation_data,153,23,0.333,NA
155,15,negative-to-zero,ifs,FALSE,20,elitize_generation_data,154,23,0.369,NA
156,15,negative-to-zero,ifs,FALSE,20,elitize_generation_data,155,17,0.376,NA
157,15,negative-to-zero,ifs,FALSE,20,elitize_generation_data,156,25,0.401,NA
158,15,negative-to-zero,ifs,FALSE,20,elitize_generation_data,157,32,0.46,NA
159,15,negative-to-zero,ifs,FALSE,20,elitize_generation_data,158,25,0.452,NA
160,15,negative-to-zero,ifs,FALSE,20,elitize_generation_data,159,16,0.453,NA
161,15,negative-to-zero,ifs,FALSE,20,elitize_generation_data,160,22,0.476,NA
162,15,negative-to-zero,ifs,FALSE,20,elitize_generation_data,161,21,0.496,NA
163,15,negative-to-zero,ifs,FALSE,20,elitize_generation_data,162,22,0.517,NA
164,15,negative-to-zero,ifs,FALSE,20,elitize_generation_data,163,22,0.533,NA
165,15,negative-to-zero,ifs,FALSE,20,elitize_generation_data,164,28,0.535,NA
166,15,negative-to-zero,ifs,FALSE,20,elitize_generation_data,165,31,0.491,NA
167,15,negative-to-zero,ifs,FALSE,20,elitize_generation_data,166,21,0.514,NA
168,15,negative-to-zero,ifs,FALSE,20,elitize_generation_data,167,28,0.52,NA
169,15,negative-to-zero,ifs,FALSE,20,elitize_generation_data,168,21,0.551,NA
170,15,negative-to-zero,ifs,FALSE,20,elitize_generation_data,169,29,0.533,NA
171,15,negative-to-zero,ifs,FALSE,20,elitize_generation_data,170,34,0.514,NA
172,15,negative-to-zero,ifs,FALSE,20,elitize_generation_data,171,34,0.471,NA
173,15,negative-to-zero,ifs,FALSE,20,elitize_generation_data,172,36,0.497,NA
174,15,negative-to-zero,ifs,FALSE,20,elitize_generation_data,173,26,0.49,NA
175,15,negative-to-zero,ifs,FALSE,20,elitize_generation_data,174,34,0.482,NA
176,15,negative-to-zero,ifs,FALSE,20,elitize_generation_data,175,39,0.463,NA
177,15,negative-to-zero,ifs,FALSE,20,elitize_generation_data,176,39,0.471,NA
178,15,negative-to-zero,ifs,FALSE,20,elitize_generation_data,177,36,0.468,NA
179,15,negative-to-zero,ifs,FALSE,20,elitize_generation_data,178,33,0.504,NA
180,15,negative-to-zero,ifs,FALSE,20,elitize_generation_data,179,31,0.482,NA
181,15,negative-to-zero,ifs,FALSE,20,elitize_generation_data,180,39,0.523,NA
182,15,negative-to-zero,ifs,FALSE,20,elitize_generation_data,181,28,0.5,NA
183,15,negative-to-zero,ifs,FALSE,20,elitize_generation_data,182,35,0.499,NA
184,15,negative-to-zero,ifs,FALSE,20,elitize_generation_data,183,39,0.529,NA
185,15,negative-to-zero,ifs,FALSE,20,elitize_generation_data,184,40,0.514,NA
186,15,negative-to-zero,ifs,FALSE,20,elitize_generation_data,185,40,0.523,NA
187,15,negative-to-zero,ifs,FALSE,20,elitize_generation_data,186,49,0.538,NA
188,15,negative-to-zero,ifs,FALSE,20,elitize_generation_data,187,40,0.54,NA
189,15,negative-to-zero,ifs,FALSE,20,elitize_generation_data,188,39,0.525,NA
190,15,negative-to-zero,ifs,FALSE,20,elitize_generation_data,189,46,0.524,NA
191,15,negative-to-zero,ifs,FALSE,20,elitize_generation_data,190,41,0.515,NA
192,15,negative-to-zero,ifs,FALSE,20,elitize_generation_data,191,69,0.53,NA
193,15,negative-to-zero,ifs,FALSE,20,elitize_generation_data,192,46,0.526,NA
194,15,negative-to-zero,ifs,FALSE,20,elitize_generation_data,193,47,0.547,NA
195,15,negative-to-zero,ifs,FALSE,20,elitize_generation_data,194,50,0.526,NA
196,15,negative-to-zero,ifs,FALSE,20,elitize_generation_data,195,48,0.566,NA
197,15,negative-to-zero,ifs,FALSE,20,elitize_generation_data,196,33,0.549,NA
198,15,negative-to-zero,ifs,FALSE,20,elitize_generation_data,197,49,0.559,NA
199,15,negative-to-zero,ifs,FALSE,20,elitize_generation_data,198,46,0.573,NA
200,15,negative-to-zero,ifs,FALSE,20,elitize_generation_data,199,59,0.592,NA
201,15,negative-to-zero,ifs,FALSE,20,elitize_generation_data,200,49,0.624,NA
202,15,negative-to-zero,ifs,FALSE,20,elitize_generation_data,201,55,0.605,NA
203,15,negative-to-zero,ifs,FALSE,20,elitize_generation_data,202,53,0.626,NA
204,15,negative-to-zero,ifs,FALSE,20,elitize_generation_data,203,55,0.627,NA
205,15,negative-to-zero,ifs,FALSE,20,elitize_generation_data,204,52,0.619,NA
206,15,negative-to-zero,ifs,FALSE,20,elitize_generation_data,205,48,0.61,NA
207,15,negative-to-zero,ifs,FALSE,20,elitize_generation_data,206,58,0.609,NA
208,15,negative-to-zero,ifs,FALSE,20,elitize_generation_data,207,67,0.645,NA
209,15,negative-to-zero,ifs,FALSE,20,elitize_generation_data,208,56,0.602,NA
210,15,negative-to-zero,ifs,FALSE,20,elitize_generation_data,209,45,0.596,NA
211,15,negative-to-zero,ifs,FALSE,20,elitize_generation_data,210,58,0.636,NA
212,15,negative-to-zero,ifs,FALSE,20,elitize_generation_data,211,62,0.614,NA
213,15,negative-to-zero,ifs,FALSE,20,elitize_generation_data,212,48,0.644,NA
214,15,negative-to-zero,ifs,FALSE,20,elitize_generation_data,213,56,0.619,NA
215,15,negative-to-zero,ifs,FALSE,20,elitize_generation_data,214,73,0.615,NA
216,15,negative-to-zero,ifs,FALSE,20,elitize_generation_data,215,57,0.589,NA
217,15,negative-to-zero,ifs,FALSE,20,elitize_generation_data,216,54,0.609,NA
218,15,negative-to-zero,ifs,FALSE,20,elitize_generation_data,217,53,0.611,NA
219,15,negative-to-zero,ifs,FALSE,20,elitize_generation_data,218,63,0.597,NA
220,15,negative-to-zero,ifs,FALSE,20,elitize_generation_data,219,66,0.608,NA
221,15,negative-to-zero,ifs,FALSE,20,elitize_generation_data,220,58,0.611,NA
222,15,negative-to-zero,ifs,FALSE,20,elitize_generation_data,221,62,0.607,NA
223,15,negative-to-zero,ifs,FALSE,20,elitize_generation_data,222,50,0.616,NA
224,15,negative-to-zero,ifs,FALSE,20,elitize_generation_data,223,55,0.622,NA
225,15,negative-to-zero,ifs,FALSE,20,elitize_generation_data,224,56,0.603,NA
226,15,negative-to-zero,ifs,FALSE,20,elitize_generation_data,225,43,0.599,NA
227,15,negative-to-zero,ifs,FALSE,20,elitize_generation_data,226,44,0.609,NA
228,15,negative-to-zero,ifs,FALSE,20,elitize_generation_data,227,49,0.609,NA
229,15,negative-to-zero,ifs,FALSE,20,elitize_generation_data,228,50,0.612,NA
230,15,negative-to-zero,ifs,FALSE,20,elitize_generation_data,229,58,0.623,NA
231,15,negative-to-zero,ifs,FALSE,20,elitize_generation_data,230,52,0.612,NA
232,15,negative-to-zero,ifs,FALSE,20,elitize_generation_data,231,69,0.614,NA
233,15,negative-to-zero,ifs,FALSE,20,elitize_generation_data,232,64,0.599,NA
234,15,negative-to-zero,ifs,FALSE,20,elitize_generation_data,233,60,0.635,NA
235,15,negative-to-zero,ifs,FALSE,20,elitize_generation_data,234,67,0.581,NA
236,15,negative-to-zero,ifs,FALSE,20,elitize_generation_data,235,70,0.602,NA
237,15,negative-to-zero,ifs,FALSE,20,elitize_generation_data,236,62,0.589,NA
238,15,negative-to-zero,ifs,FALSE,20,elitize_generation_data,237,57,0.58,NA
239,15,negative-to-zero,ifs,FALSE,20,elitize_generation_data,238,51,0.574,NA
240,15,negative-to-zero,ifs,FALSE,20,elitize_generation_data,239,44,0.605,NA
241,15,negative-to-zero,ifs,FALSE,20,elitize_generation_data,240,55,0.615,NA
242,15,negative-to-zero,ifs,FALSE,20,elitize_generation_data,241,58,0.595,NA
243,15,negative-to-zero,ifs,FALSE,20,elitize_generation_data,242,75,0.569,NA
244,15,negative-to-zero,ifs,FALSE,20,elitize_generation_data,243,66,0.582,NA
245,15,negative-to-zero,ifs,FALSE,20,elitize_generation_data,244,57,0.564,NA
246,15,negative-to-zero,ifs,FALSE,20,elitize_generation_data,245,53,0.596,NA
247,15,negative-to-zero,ifs,FALSE,20,elitize_generation_data,246,56,0.603,NA
248,15,negative-to-zero,ifs,FALSE,20,elitize_generation_data,247,54,0.605,NA
249,15,negative-to-zero,ifs,FALSE,20,elitize_generation_data,248,51,0.593,NA
250,15,negative-to-zero,ifs,FALSE,20,elitize_generation_data,249,46,0.637,NA
251,15,negative-to-zero,ifs,FALSE,20,elitize_generation_data,250,47,0.628,NA
252,15,negative-to-zero,ifs,FALSE,20,elitize_generation_data,251,58,0.609,NA
253,15,negative-to-zero,ifs,FALSE,20,elitize_generation_data,252,43,0.615,NA
254,15,negative-to-zero,ifs,FALSE,20,elitize_generation_data,253,54,0.596,NA
255,15,negative-to-zero,ifs,FALSE,20,elitize_generation_data,254,56,0.614,NA
256,15,negative-to-zero,ifs,FALSE,20,elitize_generation_data,255,54,0.577,NA
257,15,negative-to-zero,ifs,FALSE,20,elitize_generation_data,256,50,0.605,NA
258,15,negative-to-zero,ifs,FALSE,20,elitize_generation_data,257,60,0.604,NA
259,15,negative-to-zero,ifs,FALSE,20,elitize_generation_data,258,62,0.607,NA
260,15,negative-to-zero,ifs,FALSE,20,elitize_generation_data,259,59,0.581,NA
261,15,negative-to-zero,ifs,FALSE,20,elitize_generation_data,260,48,0.607,NA
262,15,negative-to-zero,ifs,FALSE,20,elitize_generation_data,261,59,0.575,NA
263,15,negative-to-zero,ifs,FALSE,20,elitize_generation_data,262,57,0.609,NA
264,15,negative-to-zero,ifs,FALSE,20,elitize_generation_data,263,52,0.593,NA
265,15,negative-to-zero,ifs,FALSE,20,elitize_generation_data,264,53,0.592,NA
266,15,negative-to-zero,ifs,FALSE,20,elitize_generation_data,265,62,0.606,NA
267,15,negative-to-zero,ifs,FALSE,20,elitize_generation_data,266,49,0.601,NA
268,15,negative-to-zero,ifs,FALSE,20,elitize_generation_data,267,46,0.61,NA
269,15,negative-to-zero,ifs,FALSE,20,elitize_generation_data,268,55,0.589,NA
270,15,negative-to-zero,ifs,FALSE,20,elitize_generation_data,269,57,0.564,NA
271,15,negative-to-zero,ifs,FALSE,20,elitize_generation_data,270,38,0.604,NA
272,15,negative-to-zero,ifs,FALSE,20,elitize_generation_data,271,43,0.584,NA
273,15,negative-to-zero,ifs,FALSE,20,elitize_generation_data,272,44,0.597,NA
274,15,negative-to-zero,ifs,FALSE,20,elitize_generation_data,273,48,0.585,NA
275,15,negative-to-zero,ifs,FALSE,20,elitize_generation_data,274,49,0.604,NA
276,15,negative-to-zero,ifs,FALSE,20,elitize_generation_data,275,57,0.587,NA
277,15,negative-to-zero,ifs,FALSE,20,elitize_generation_data,276,60,0.592,NA
278,15,negative-to-zero,ifs,FALSE,20,elitize_generation_data,277,54,0.587,NA
279,15,negative-to-zero,ifs,FALSE,20,elitize_generation_data,278,60,0.595,NA
280,15,negative-to-zero,ifs,FALSE,20,elitize_generation_data,279,60,0.643,NA
281,15,negative-to-zero,ifs,FALSE,20,elitize_generation_data,280,67,0.624,NA
282,15,negative-to-zero,ifs,FALSE,20,elitize_generation_data,281,72,0.606,NA
283,15,negative-to-zero,ifs,FALSE,20,elitize_generation_data,282,64,0.609,NA
284,15,negative-to-zero,ifs,FALSE,20,elitize_generation_data,283,59,0.616,NA
285,15,negative-to-zero,ifs,FALSE,20,elitize_generation_data,284,59,0.622,NA
286,15,negative-to-zero,ifs,FALSE,20,elitize_generation_data,285,72,0.61,NA
287,15,negative-to-zero,ifs,FALSE,20,elitize_generation_data,286,56,0.673,NA
288,15,negative-to-zero,ifs,FALSE,20,elitize_generation_data,287,63,0.662,NA
289,15,negative-to-zero,ifs,FALSE,20,elitize_generation_data,288,59,0.659,NA
290,15,negative-to-zero,ifs,FALSE,20,elitize_generation_data,289,69,0.66,NA
291,15,negative-to-zero,ifs,FALSE,20,elitize_generation_data,290,51,0.67,NA
292,15,negative-to-zero,ifs,FALSE,20,elitize_generation_data,291,48,0.655,NA
293,15,negative-to-zero,ifs,FALSE,20,elitize_generation_data,292,66,0.666,NA
294,15,negative-to-zero,ifs,FALSE,20,elitize_generation_data,293,57,0.615,NA
295,15,negative-to-zero,ifs,FALSE,20,elitize_generation_data,294,70,0.593,NA
296,15,negative-to-zero,ifs,FALSE,20,elitize_generation_data,295,60,0.565,NA
297,15,negative-to-zero,ifs,FALSE,20,elitize_generation_data,296,61,0.582,NA
298,15,negative-to-zero,ifs,FALSE,20,elitize_generation_data,297,55,0.568,NA
299,15,negative-to-zero,ifs,FALSE,20,elitize_generation_data,298,55,0.57,NA
300,15,negative-to-zero,ifs,FALSE,20,elitize_generation_data,299,66,0.572,NA
301,15,negative-to-zero,ifs,FALSE,20,elitize_generation_data,300,68,0.541,NA
