,run.num,problem,treatment,succeeded,height,normalization.function,generation,cluster.count,error.diversity,success.generation
1,97,negative-to-zero,ifs,FALSE,20,elitize_generation_data,0,9,0.044,NA
2,97,negative-to-zero,ifs,FALSE,20,elitize_generation_data,1,12,0.064,NA
3,97,negative-to-zero,ifs,FALSE,20,elitize_generation_data,2,12,0.039,NA
4,97,negative-to-zero,ifs,FALSE,20,elitize_generation_data,3,7,0.017,NA
5,97,negative-to-zero,ifs,FALSE,20,elitize_generation_data,4,8,0.012,NA
6,97,negative-to-zero,ifs,FALSE,20,elitize_generation_data,5,9,0.016,NA
7,97,negative-to-zero,ifs,FALSE,20,elitize_generation_data,6,10,0.017,NA
8,97,negative-to-zero,ifs,FALSE,20,elitize_generation_data,7,5,0.012,NA
9,97,negative-to-zero,ifs,FALSE,20,elitize_generation_data,8,10,0.016,NA
10,97,negative-to-zero,ifs,FALSE,20,elitize_generation_data,9,6,0.01,NA
11,97,negative-to-zero,ifs,FALSE,20,elitize_generation_data,10,7,0.013,NA
12,97,negative-to-zero,ifs,FALSE,20,elitize_generation_data,11,5,0.013,NA
13,97,negative-to-zero,ifs,FALSE,20,elitize_generation_data,12,3,0.007,NA
14,97,negative-to-zero,ifs,FALSE,20,elitize_generation_data,13,5,0.01,NA
15,97,negative-to-zero,ifs,FALSE,20,elitize_generation_data,14,3,0.006,NA
16,97,negative-to-zero,ifs,FALSE,20,elitize_generation_data,15,5,0.008,NA
17,97,negative-to-zero,ifs,FALSE,20,elitize_generation_data,16,5,0.008,NA
18,97,negative-to-zero,ifs,FALSE,20,elitize_generation_data,17,4,0.005,NA
19,97,negative-to-zero,ifs,FALSE,20,elitize_generation_data,18,3,0.004,NA
20,97,negative-to-zero,ifs,FALSE,20,elitize_generation_data,19,3,0.005,NA
21,97,negative-to-zero,ifs,FALSE,20,elitize_generation_data,20,5,0.006,NA
22,97,negative-to-zero,ifs,FALSE,20,elitize_generation_data,21,3,0.007,NA
23,97,negative-to-zero,ifs,FALSE,20,elitize_generation_data,22,4,0.005,NA
24,97,negative-to-zero,ifs,FALSE,20,elitize_generation_data,23,4,0.006,NA
25,97,negative-to-zero,ifs,FALSE,20,elitize_generation_data,24,5,0.006,NA
26,97,negative-to-zero,ifs,FALSE,20,elitize_generation_data,25,3,0.006,NA
27,97,negative-to-zero,ifs,FALSE,20,elitize_generation_data,26,5,0.005,NA
28,97,negative-to-zero,ifs,FALSE,20,elitize_generation_data,27,3,0.006,NA
29,97,negative-to-zero,ifs,FALSE,20,elitize_generation_data,28,4,0.007,NA
30,97,negative-to-zero,ifs,FALSE,20,elitize_generation_data,29,3,0.008,NA
31,97,negative-to-zero,ifs,FALSE,20,elitize_generation_data,30,4,0.005,NA
32,97,negative-to-zero,ifs,FALSE,20,elitize_generation_data,31,5,0.007,NA
33,97,negative-to-zero,ifs,FALSE,20,elitize_generation_data,32,3,0.005,NA
34,97,negative-to-zero,ifs,FALSE,20,elitize_generation_data,33,4,0.008,NA
35,97,negative-to-zero,ifs,FALSE,20,elitize_generation_data,34,3,0.004,NA
36,97,negative-to-zero,ifs,FALSE,20,elitize_generation_data,35,3,0.006,NA
37,97,negative-to-zero,ifs,FALSE,20,elitize_generation_data,36,3,0.003,NA
38,97,negative-to-zero,ifs,FALSE,20,elitize_generation_data,37,6,0.009,NA
39,97,negative-to-zero,ifs,FALSE,20,elitize_generation_data,38,3,0.005,NA
40,97,negative-to-zero,ifs,FALSE,20,elitize_generation_data,39,4,0.005,NA
41,97,negative-to-zero,ifs,FALSE,20,elitize_generation_data,40,4,0.008,NA
42,97,negative-to-zero,ifs,FALSE,20,elitize_generation_data,41,4,0.005,NA
43,97,negative-to-zero,ifs,FALSE,20,elitize_generation_data,42,3,0.006,NA
44,97,negative-to-zero,ifs,FALSE,20,elitize_generation_data,43,3,0.004,NA
45,97,negative-to-zero,ifs,FALSE,20,elitize_generation_data,44,4,0.005,NA
46,97,negative-to-zero,ifs,FALSE,20,elitize_generation_data,45,4,0.005,NA
47,97,negative-to-zero,ifs,FALSE,20,elitize_generation_data,46,3,0.005,NA
48,97,negative-to-zero,ifs,FALSE,20,elitize_generation_data,47,5,0.007,NA
49,97,negative-to-zero,ifs,FALSE,20,elitize_generation_data,48,5,0.006,NA
50,97,negative-to-zero,ifs,FALSE,20,elitize_generation_data,49,2,0.004,NA
51,97,negative-to-zero,ifs,FALSE,20,elitize_generation_data,50,4,0.006,NA
52,97,negative-to-zero,ifs,FALSE,20,elitize_generation_data,51,3,0.004,NA
53,97,negative-to-zero,ifs,FALSE,20,elitize_generation_data,52,4,0.005,NA
54,97,negative-to-zero,ifs,FALSE,20,elitize_generation_data,53,5,0.006,NA
55,97,negative-to-zero,ifs,FALSE,20,elitize_generation_data,54,2,0.002,NA
56,97,negative-to-zero,ifs,FALSE,20,elitize_generation_data,55,4,0.005,NA
57,97,negative-to-zero,ifs,FALSE,20,elitize_generation_data,56,5,0.009,NA
58,97,negative-to-zero,ifs,FALSE,20,elitize_generation_data,57,4,0.004,NA
59,97,negative-to-zero,ifs,FALSE,20,elitize_generation_data,58,2,0.004,NA
60,97,negative-to-zero,ifs,FALSE,20,elitize_generation_data,59,4,0.006,NA
61,97,negative-to-zero,ifs,FALSE,20,elitize_generation_data,60,4,0.005,NA
62,97,negative-to-zero,ifs,FALSE,20,elitize_generation_data,61,4,0.005,NA
63,97,negative-to-zero,ifs,FALSE,20,elitize_generation_data,62,2,0.003,NA
64,97,negative-to-zero,ifs,FALSE,20,elitize_generation_data,63,3,0.004,NA
65,97,negative-to-zero,ifs,FALSE,20,elitize_generation_data,64,4,0.004,NA
66,97,negative-to-zero,ifs,FALSE,20,elitize_generation_data,65,3,0.004,NA
67,97,negative-to-zero,ifs,FALSE,20,elitize_generation_data,66,2,0.002,NA
68,97,negative-to-zero,ifs,FALSE,20,elitize_generation_data,67,2,0.002,NA
69,97,negative-to-zero,ifs,FALSE,20,elitize_generation_data,68,3,0.003,NA
70,97,negative-to-zero,ifs,FALSE,20,elitize_generation_data,69,3,0.003,NA
71,97,negative-to-zero,ifs,FALSE,20,elitize_generation_data,70,3,0.003,NA
72,97,negative-to-zero,ifs,FALSE,20,elitize_generation_data,71,3,0.004,NA
73,97,negative-to-zero,ifs,FALSE,20,elitize_generation_data,72,3,0.003,NA
74,97,negative-to-zero,ifs,FALSE,20,elitize_generation_data,73,4,0.005,NA
75,97,negative-to-zero,ifs,FALSE,20,elitize_generation_data,74,3,0.004,NA
76,97,negative-to-zero,ifs,FALSE,20,elitize_generation_data,75,3,0.004,NA
77,97,negative-to-zero,ifs,FALSE,20,elitize_generation_data,76,2,0.003,NA
78,97,negative-to-zero,ifs,FALSE,20,elitize_generation_data,77,2,0.003,NA
79,97,negative-to-zero,ifs,FALSE,20,elitize_generation_data,78,4,0.005,NA
80,97,negative-to-zero,ifs,FALSE,20,elitize_generation_data,79,3,0.004,NA
81,97,negative-to-zero,ifs,FALSE,20,elitize_generation_data,80,3,0.003,NA
82,97,negative-to-zero,ifs,FALSE,20,elitize_generation_data,81,3,0.003,NA
83,97,negative-to-zero,ifs,FALSE,20,elitize_generation_data,82,3,0.004,NA
84,97,negative-to-zero,ifs,FALSE,20,elitize_generation_data,83,3,0.004,NA
85,97,negative-to-zero,ifs,FALSE,20,elitize_generation_data,84,3,0.003,NA
86,97,negative-to-zero,ifs,FALSE,20,elitize_generation_data,85,4,0.005,NA
87,97,negative-to-zero,ifs,FALSE,20,elitize_generation_data,86,4,0.005,NA
88,97,negative-to-zero,ifs,FALSE,20,elitize_generation_data,87,3,0.005,NA
89,97,negative-to-zero,ifs,FALSE,20,elitize_generation_data,88,4,0.005,NA
90,97,negative-to-zero,ifs,FALSE,20,elitize_generation_data,89,4,0.005,NA
91,97,negative-to-zero,ifs,FALSE,20,elitize_generation_data,90,5,0.007,NA
92,97,negative-to-zero,ifs,FALSE,20,elitize_generation_data,91,4,0.006,NA
93,97,negative-to-zero,ifs,FALSE,20,elitize_generation_data,92,4,0.004,NA
94,97,negative-to-zero,ifs,FALSE,20,elitize_generation_data,93,3,0.005,NA
95,97,negative-to-zero,ifs,FALSE,20,elitize_generation_data,94,5,0.005,NA
96,97,negative-to-zero,ifs,FALSE,20,elitize_generation_data,95,3,0.003,NA
97,97,negative-to-zero,ifs,FALSE,20,elitize_generation_data,96,2,0.004,NA
98,97,negative-to-zero,ifs,FALSE,20,elitize_generation_data,97,3,0.004,NA
99,97,negative-to-zero,ifs,FALSE,20,elitize_generation_data,98,2,0.003,NA
100,97,negative-to-zero,ifs,FALSE,20,elitize_generation_data,99,4,0.004,NA
101,97,negative-to-zero,ifs,FALSE,20,elitize_generation_data,100,3,0.003,NA
102,97,negative-to-zero,ifs,FALSE,20,elitize_generation_data,101,4,0.004,NA
103,97,negative-to-zero,ifs,FALSE,20,elitize_generation_data,102,3,0.003,NA
104,97,negative-to-zero,ifs,FALSE,20,elitize_generation_data,103,4,0.005,NA
105,97,negative-to-zero,ifs,FALSE,20,elitize_generation_data,104,3,0.004,NA
106,97,negative-to-zero,ifs,FALSE,20,elitize_generation_data,105,3,0.003,NA
107,97,negative-to-zero,ifs,FALSE,20,elitize_generation_data,106,4,0.004,NA
108,97,negative-to-zero,ifs,FALSE,20,elitize_generation_data,107,3,0.003,NA
109,97,negative-to-zero,ifs,FALSE,20,elitize_generation_data,108,4,0.004,NA
110,97,negative-to-zero,ifs,FALSE,20,elitize_generation_data,109,3,0.003,NA
111,97,negative-to-zero,ifs,FALSE,20,elitize_generation_data,110,3,0.003,NA
112,97,negative-to-zero,ifs,FALSE,20,elitize_generation_data,111,3,0.003,NA
113,97,negative-to-zero,ifs,FALSE,20,elitize_generation_data,112,3,0.004,NA
114,97,negative-to-zero,ifs,FALSE,20,elitize_generation_data,113,3,0.003,NA
115,97,negative-to-zero,ifs,FALSE,20,elitize_generation_data,114,3,0.004,NA
116,97,negative-to-zero,ifs,FALSE,20,elitize_generation_data,115,4,0.005,NA
117,97,negative-to-zero,ifs,FALSE,20,elitize_generation_data,116,4,0.004,NA
118,97,negative-to-zero,ifs,FALSE,20,elitize_generation_data,117,4,0.006,NA
119,97,negative-to-zero,ifs,FALSE,20,elitize_generation_data,118,3,0.004,NA
120,97,negative-to-zero,ifs,FALSE,20,elitize_generation_data,119,4,0.004,NA
121,97,negative-to-zero,ifs,FALSE,20,elitize_generation_data,120,3,0.004,NA
122,97,negative-to-zero,ifs,FALSE,20,elitize_generation_data,121,3,0.003,NA
123,97,negative-to-zero,ifs,FALSE,20,elitize_generation_data,122,3,0.003,NA
124,97,negative-to-zero,ifs,FALSE,20,elitize_generation_data,123,3,0.004,NA
125,97,negative-to-zero,ifs,FALSE,20,elitize_generation_data,124,3,0.003,NA
126,97,negative-to-zero,ifs,FALSE,20,elitize_generation_data,125,3,0.003,NA
127,97,negative-to-zero,ifs,FALSE,20,elitize_generation_data,126,3,0.003,NA
128,97,negative-to-zero,ifs,FALSE,20,elitize_generation_data,127,3,0.003,NA
129,97,negative-to-zero,ifs,FALSE,20,elitize_generation_data,128,3,0.004,NA
130,97,negative-to-zero,ifs,FALSE,20,elitize_generation_data,129,3,0.003,NA
131,97,negative-to-zero,ifs,FALSE,20,elitize_generation_data,130,3,0.004,NA
132,97,negative-to-zero,ifs,FALSE,20,elitize_generation_data,131,2,0.002,NA
133,97,negative-to-zero,ifs,FALSE,20,elitize_generation_data,132,3,0.003,NA
134,97,negative-to-zero,ifs,FALSE,20,elitize_generation_data,133,3,0.003,NA
135,97,negative-to-zero,ifs,FALSE,20,elitize_generation_data,134,2,0.002,NA
136,97,negative-to-zero,ifs,FALSE,20,elitize_generation_data,135,3,0.003,NA
137,97,negative-to-zero,ifs,FALSE,20,elitize_generation_data,136,3,0.003,NA
138,97,negative-to-zero,ifs,FALSE,20,elitize_generation_data,137,3,0.003,NA
139,97,negative-to-zero,ifs,FALSE,20,elitize_generation_data,138,3,0.003,NA
140,97,negative-to-zero,ifs,FALSE,20,elitize_generation_data,139,3,0.005,NA
141,97,negative-to-zero,ifs,FALSE,20,elitize_generation_data,140,3,0.003,NA
142,97,negative-to-zero,ifs,FALSE,20,elitize_generation_data,141,3,0.003,NA
143,97,negative-to-zero,ifs,FALSE,20,elitize_generation_data,142,3,0.004,NA
144,97,negative-to-zero,ifs,FALSE,20,elitize_generation_data,143,4,0.004,NA
145,97,negative-to-zero,ifs,FALSE,20,elitize_generation_data,144,3,0.003,NA
146,97,negative-to-zero,ifs,FALSE,20,elitize_generation_data,145,3,0.004,NA
147,97,negative-to-zero,ifs,FALSE,20,elitize_generation_data,146,4,0.005,NA
148,97,negative-to-zero,ifs,FALSE,20,elitize_generation_data,147,3,0.004,NA
149,97,negative-to-zero,ifs,FALSE,20,elitize_generation_data,148,3,0.003,NA
150,97,negative-to-zero,ifs,FALSE,20,elitize_generation_data,149,3,0.004,NA
151,97,negative-to-zero,ifs,FALSE,20,elitize_generation_data,150,3,0.004,NA
152,97,negative-to-zero,ifs,FALSE,20,elitize_generation_data,151,2,0.003,NA
153,97,negative-to-zero,ifs,FALSE,20,elitize_generation_data,152,3,0.004,NA
154,97,negative-to-zero,ifs,FALSE,20,elitize_generation_data,153,3,0.003,NA
155,97,negative-to-zero,ifs,FALSE,20,elitize_generation_data,154,3,0.004,NA
156,97,negative-to-zero,ifs,FALSE,20,elitize_generation_data,155,2,0.003,NA
157,97,negative-to-zero,ifs,FALSE,20,elitize_generation_data,156,3,0.003,NA
158,97,negative-to-zero,ifs,FALSE,20,elitize_generation_data,157,2,0.002,NA
159,97,negative-to-zero,ifs,FALSE,20,elitize_generation_data,158,3,0.003,NA
160,97,negative-to-zero,ifs,FALSE,20,elitize_generation_data,159,3,0.003,NA
161,97,negative-to-zero,ifs,FALSE,20,elitize_generation_data,160,3,0.003,NA
162,97,negative-to-zero,ifs,FALSE,20,elitize_generation_data,161,4,0.005,NA
163,97,negative-to-zero,ifs,FALSE,20,elitize_generation_data,162,3,0.003,NA
164,97,negative-to-zero,ifs,FALSE,20,elitize_generation_data,163,3,0.003,NA
165,97,negative-to-zero,ifs,FALSE,20,elitize_generation_data,164,2,0.003,NA
166,97,negative-to-zero,ifs,FALSE,20,elitize_generation_data,165,3,0.004,NA
167,97,negative-to-zero,ifs,FALSE,20,elitize_generation_data,166,3,0.003,NA
168,97,negative-to-zero,ifs,FALSE,20,elitize_generation_data,167,3,0.004,NA
169,97,negative-to-zero,ifs,FALSE,20,elitize_generation_data,168,3,0.003,NA
170,97,negative-to-zero,ifs,FALSE,20,elitize_generation_data,169,3,0.004,NA
171,97,negative-to-zero,ifs,FALSE,20,elitize_generation_data,170,3,0.004,NA
172,97,negative-to-zero,ifs,FALSE,20,elitize_generation_data,171,2,0.003,NA
173,97,negative-to-zero,ifs,FALSE,20,elitize_generation_data,172,3,0.003,NA
174,97,negative-to-zero,ifs,FALSE,20,elitize_generation_data,173,3,0.005,NA
175,97,negative-to-zero,ifs,FALSE,20,elitize_generation_data,174,3,0.003,NA
176,97,negative-to-zero,ifs,FALSE,20,elitize_generation_data,175,3,0.003,NA
177,97,negative-to-zero,ifs,FALSE,20,elitize_generation_data,176,3,0.003,NA
178,97,negative-to-zero,ifs,FALSE,20,elitize_generation_data,177,3,0.003,NA
179,97,negative-to-zero,ifs,FALSE,20,elitize_generation_data,178,3,0.007,NA
180,97,negative-to-zero,ifs,FALSE,20,elitize_generation_data,179,3,0.003,NA
181,97,negative-to-zero,ifs,FALSE,20,elitize_generation_data,180,3,0.004,NA
182,97,negative-to-zero,ifs,FALSE,20,elitize_generation_data,181,3,0.003,NA
183,97,negative-to-zero,ifs,FALSE,20,elitize_generation_data,182,3,0.003,NA
184,97,negative-to-zero,ifs,FALSE,20,elitize_generation_data,183,3,0.003,NA
185,97,negative-to-zero,ifs,FALSE,20,elitize_generation_data,184,3,0.004,NA
186,97,negative-to-zero,ifs,FALSE,20,elitize_generation_data,185,4,0.005,NA
187,97,negative-to-zero,ifs,FALSE,20,elitize_generation_data,186,3,0.003,NA
188,97,negative-to-zero,ifs,FALSE,20,elitize_generation_data,187,3,0.004,NA
189,97,negative-to-zero,ifs,FALSE,20,elitize_generation_data,188,2,0.002,NA
190,97,negative-to-zero,ifs,FALSE,20,elitize_generation_data,189,2,0.002,NA
191,97,negative-to-zero,ifs,FALSE,20,elitize_generation_data,190,3,0.004,NA
192,97,negative-to-zero,ifs,FALSE,20,elitize_generation_data,191,3,0.004,NA
193,97,negative-to-zero,ifs,FALSE,20,elitize_generation_data,192,3,0.005,NA
194,97,negative-to-zero,ifs,FALSE,20,elitize_generation_data,193,3,0.003,NA
195,97,negative-to-zero,ifs,FALSE,20,elitize_generation_data,194,4,0.007,NA
196,97,negative-to-zero,ifs,FALSE,20,elitize_generation_data,195,4,0.004,NA
197,97,negative-to-zero,ifs,FALSE,20,elitize_generation_data,196,3,0.005,NA
198,97,negative-to-zero,ifs,FALSE,20,elitize_generation_data,197,2,0.002,NA
199,97,negative-to-zero,ifs,FALSE,20,elitize_generation_data,198,2,0.003,NA
200,97,negative-to-zero,ifs,FALSE,20,elitize_generation_data,199,4,0.005,NA
201,97,negative-to-zero,ifs,FALSE,20,elitize_generation_data,200,3,0.003,NA
202,97,negative-to-zero,ifs,FALSE,20,elitize_generation_data,201,3,0.005,NA
203,97,negative-to-zero,ifs,FALSE,20,elitize_generation_data,202,3,0.003,NA
204,97,negative-to-zero,ifs,FALSE,20,elitize_generation_data,203,4,0.006,NA
205,97,negative-to-zero,ifs,FALSE,20,elitize_generation_data,204,5,0.008,NA
206,97,negative-to-zero,ifs,FALSE,20,elitize_generation_data,205,5,0.007,NA
207,97,negative-to-zero,ifs,FALSE,20,elitize_generation_data,206,5,0.009,NA
208,97,negative-to-zero,ifs,FALSE,20,elitize_generation_data,207,5,0.01,NA
209,97,negative-to-zero,ifs,FALSE,20,elitize_generation_data,208,5,0.007,NA
210,97,negative-to-zero,ifs,FALSE,20,elitize_generation_data,209,3,0.006,NA
211,97,negative-to-zero,ifs,FALSE,20,elitize_generation_data,210,4,0.009,NA
212,97,negative-to-zero,ifs,FALSE,20,elitize_generation_data,211,5,0.007,NA
213,97,negative-to-zero,ifs,FALSE,20,elitize_generation_data,212,3,0.005,NA
214,97,negative-to-zero,ifs,FALSE,20,elitize_generation_data,213,5,0.01,NA
215,97,negative-to-zero,ifs,FALSE,20,elitize_generation_data,214,6,0.009,NA
216,97,negative-to-zero,ifs,FALSE,20,elitize_generation_data,215,5,0.006,NA
217,97,negative-to-zero,ifs,FALSE,20,elitize_generation_data,216,4,0.007,NA
218,97,negative-to-zero,ifs,FALSE,20,elitize_generation_data,217,5,0.006,NA
219,97,negative-to-zero,ifs,FALSE,20,elitize_generation_data,218,5,0.009,NA
220,97,negative-to-zero,ifs,FALSE,20,elitize_generation_data,219,4,0.004,NA
221,97,negative-to-zero,ifs,FALSE,20,elitize_generation_data,220,4,0.006,NA
222,97,negative-to-zero,ifs,FALSE,20,elitize_generation_data,221,4,0.006,NA
223,97,negative-to-zero,ifs,FALSE,20,elitize_generation_data,222,5,0.008,NA
224,97,negative-to-zero,ifs,FALSE,20,elitize_generation_data,223,4,0.007,NA
225,97,negative-to-zero,ifs,FALSE,20,elitize_generation_data,224,5,0.008,NA
226,97,negative-to-zero,ifs,FALSE,20,elitize_generation_data,225,6,0.01,NA
227,97,negative-to-zero,ifs,FALSE,20,elitize_generation_data,226,4,0.009,NA
228,97,negative-to-zero,ifs,FALSE,20,elitize_generation_data,227,5,0.009,NA
229,97,negative-to-zero,ifs,FALSE,20,elitize_generation_data,228,5,0.01,NA
230,97,negative-to-zero,ifs,FALSE,20,elitize_generation_data,229,4,0.011,NA
231,97,negative-to-zero,ifs,FALSE,20,elitize_generation_data,230,7,0.018,NA
232,97,negative-to-zero,ifs,FALSE,20,elitize_generation_data,231,6,0.019,NA
233,97,negative-to-zero,ifs,FALSE,20,elitize_generation_data,232,8,0.019,NA
234,97,negative-to-zero,ifs,FALSE,20,elitize_generation_data,233,6,0.013,NA
235,97,negative-to-zero,ifs,FALSE,20,elitize_generation_data,234,5,0.016,NA
236,97,negative-to-zero,ifs,FALSE,20,elitize_generation_data,235,6,0.017,NA
237,97,negative-to-zero,ifs,FALSE,20,elitize_generation_data,236,5,0.017,NA
238,97,negative-to-zero,ifs,FALSE,20,elitize_generation_data,237,5,0.011,NA
239,97,negative-to-zero,ifs,FALSE,20,elitize_generation_data,238,5,0.017,NA
240,97,negative-to-zero,ifs,FALSE,20,elitize_generation_data,239,5,0.014,NA
241,97,negative-to-zero,ifs,FALSE,20,elitize_generation_data,240,4,0.013,NA
242,97,negative-to-zero,ifs,FALSE,20,elitize_generation_data,241,5,0.019,NA
243,97,negative-to-zero,ifs,FALSE,20,elitize_generation_data,242,5,0.012,NA
244,97,negative-to-zero,ifs,FALSE,20,elitize_generation_data,243,8,0.014,NA
245,97,negative-to-zero,ifs,FALSE,20,elitize_generation_data,244,6,0.019,NA
246,97,negative-to-zero,ifs,FALSE,20,elitize_generation_data,245,5,0.017,NA
247,97,negative-to-zero,ifs,FALSE,20,elitize_generation_data,246,6,0.012,NA
248,97,negative-to-zero,ifs,FALSE,20,elitize_generation_data,247,5,0.013,NA
249,97,negative-to-zero,ifs,FALSE,20,elitize_generation_data,248,4,0.012,NA
250,97,negative-to-zero,ifs,FALSE,20,elitize_generation_data,249,6,0.011,NA
251,97,negative-to-zero,ifs,FALSE,20,elitize_generation_data,250,6,0.019,NA
252,97,negative-to-zero,ifs,FALSE,20,elitize_generation_data,251,5,0.017,NA
253,97,negative-to-zero,ifs,FALSE,20,elitize_generation_data,252,5,0.016,NA
254,97,negative-to-zero,ifs,FALSE,20,elitize_generation_data,253,6,0.02,NA
255,97,negative-to-zero,ifs,FALSE,20,elitize_generation_data,254,6,0.013,NA
256,97,negative-to-zero,ifs,FALSE,20,elitize_generation_data,255,7,0.017,NA
257,97,negative-to-zero,ifs,FALSE,20,elitize_generation_data,256,8,0.031,NA
258,97,negative-to-zero,ifs,FALSE,20,elitize_generation_data,257,20,0.041,NA
259,97,negative-to-zero,ifs,FALSE,20,elitize_generation_data,258,28,0.073,NA
260,97,negative-to-zero,ifs,FALSE,20,elitize_generation_data,259,55,0.106,NA
261,97,negative-to-zero,ifs,FALSE,20,elitize_generation_data,260,74,0.148,NA
262,97,negative-to-zero,ifs,FALSE,20,elitize_generation_data,261,104,0.204,NA
263,97,negative-to-zero,ifs,FALSE,20,elitize_generation_data,262,128,0.204,NA
264,97,negative-to-zero,ifs,FALSE,20,elitize_generation_data,263,148,0.246,NA
265,97,negative-to-zero,ifs,FALSE,20,elitize_generation_data,264,108,0.266,NA
266,97,negative-to-zero,ifs,FALSE,20,elitize_generation_data,265,187,0.279,NA
267,97,negative-to-zero,ifs,FALSE,20,elitize_generation_data,266,38,0.236,NA
268,97,negative-to-zero,ifs,FALSE,20,elitize_generation_data,267,34,0.206,NA
269,97,negative-to-zero,ifs,FALSE,20,elitize_generation_data,268,26,0.192,NA
270,97,negative-to-zero,ifs,FALSE,20,elitize_generation_data,269,23,0.124,NA
271,97,negative-to-zero,ifs,FALSE,20,elitize_generation_data,270,38,0.11,NA
272,97,negative-to-zero,ifs,FALSE,20,elitize_generation_data,271,38,0.08,NA
273,97,negative-to-zero,ifs,FALSE,20,elitize_generation_data,272,40,0.089,NA
274,97,negative-to-zero,ifs,FALSE,20,elitize_generation_data,273,51,0.131,NA
275,97,negative-to-zero,ifs,FALSE,20,elitize_generation_data,274,68,0.158,NA
276,97,negative-to-zero,ifs,FALSE,20,elitize_generation_data,275,54,0.135,NA
277,97,negative-to-zero,ifs,FALSE,20,elitize_generation_data,276,52,0.126,NA
278,97,negative-to-zero,ifs,FALSE,20,elitize_generation_data,277,53,0.129,NA
279,97,negative-to-zero,ifs,FALSE,20,elitize_generation_data,278,43,0.107,NA
280,97,negative-to-zero,ifs,FALSE,20,elitize_generation_data,279,48,0.124,NA
281,97,negative-to-zero,ifs,FALSE,20,elitize_generation_data,280,51,0.133,NA
282,97,negative-to-zero,ifs,FALSE,20,elitize_generation_data,281,40,0.115,NA
283,97,negative-to-zero,ifs,FALSE,20,elitize_generation_data,282,57,0.135,NA
284,97,negative-to-zero,ifs,FALSE,20,elitize_generation_data,283,51,0.151,NA
285,97,negative-to-zero,ifs,FALSE,20,elitize_generation_data,284,52,0.137,NA
286,97,negative-to-zero,ifs,FALSE,20,elitize_generation_data,285,53,0.139,NA
287,97,negative-to-zero,ifs,FALSE,20,elitize_generation_data,286,67,0.162,NA
288,97,negative-to-zero,ifs,FALSE,20,elitize_generation_data,287,69,0.195,NA
289,97,negative-to-zero,ifs,FALSE,20,elitize_generation_data,288,62,0.172,NA
290,97,negative-to-zero,ifs,FALSE,20,elitize_generation_data,289,69,0.194,NA
291,97,negative-to-zero,ifs,FALSE,20,elitize_generation_data,290,86,0.237,NA
292,97,negative-to-zero,ifs,FALSE,20,elitize_generation_data,291,91,0.284,NA
293,97,negative-to-zero,ifs,FALSE,20,elitize_generation_data,292,117,0.427,NA
294,97,negative-to-zero,ifs,FALSE,20,elitize_generation_data,293,144,0.489,NA
295,97,negative-to-zero,ifs,FALSE,20,elitize_generation_data,294,144,0.524,NA
296,97,negative-to-zero,ifs,FALSE,20,elitize_generation_data,295,119,0.549,NA
297,97,negative-to-zero,ifs,FALSE,20,elitize_generation_data,296,113,0.546,NA
298,97,negative-to-zero,ifs,FALSE,20,elitize_generation_data,297,132,0.556,NA
299,97,negative-to-zero,ifs,FALSE,20,elitize_generation_data,298,139,0.549,NA
300,97,negative-to-zero,ifs,FALSE,20,elitize_generation_data,299,162,0.529,NA
301,97,negative-to-zero,ifs,FALSE,20,elitize_generation_data,300,151,0.515,NA
