,run.num,problem,treatment,succeeded,height,normalization.function,generation,cluster.count,error.diversity,success.generation
1,42,negative-to-zero,ifs,FALSE,20,elitize_generation_data,0,6,0.054,NA
2,42,negative-to-zero,ifs,FALSE,20,elitize_generation_data,1,8,0.077,NA
3,42,negative-to-zero,ifs,FALSE,20,elitize_generation_data,2,8,0.034,NA
4,42,negative-to-zero,ifs,FALSE,20,elitize_generation_data,3,7,0.022,NA
5,42,negative-to-zero,ifs,FALSE,20,elitize_generation_data,4,7,0.035,NA
6,42,negative-to-zero,ifs,FALSE,20,elitize_generation_data,5,9,0.03,NA
7,42,negative-to-zero,ifs,FALSE,20,elitize_generation_data,6,12,0.047,NA
8,42,negative-to-zero,ifs,FALSE,20,elitize_generation_data,7,24,0.072,NA
9,42,negative-to-zero,ifs,FALSE,20,elitize_generation_data,8,29,0.099,NA
10,42,negative-to-zero,ifs,FALSE,20,elitize_generation_data,9,30,0.117,NA
11,42,negative-to-zero,ifs,FALSE,20,elitize_generation_data,10,36,0.141,NA
12,42,negative-to-zero,ifs,FALSE,20,elitize_generation_data,11,47,0.153,NA
13,42,negative-to-zero,ifs,FALSE,20,elitize_generation_data,12,34,0.154,NA
14,42,negative-to-zero,ifs,FALSE,20,elitize_generation_data,13,30,0.14,NA
15,42,negative-to-zero,ifs,FALSE,20,elitize_generation_data,14,29,0.102,NA
16,42,negative-to-zero,ifs,FALSE,20,elitize_generation_data,15,15,0.08,NA
17,42,negative-to-zero,ifs,FALSE,20,elitize_generation_data,16,13,0.058,NA
18,42,negative-to-zero,ifs,FALSE,20,elitize_generation_data,17,13,0.077,NA
19,42,negative-to-zero,ifs,FALSE,20,elitize_generation_data,18,17,0.068,NA
20,42,negative-to-zero,ifs,FALSE,20,elitize_generation_data,19,13,0.061,NA
21,42,negative-to-zero,ifs,FALSE,20,elitize_generation_data,20,14,0.078,NA
22,42,negative-to-zero,ifs,FALSE,20,elitize_generation_data,21,11,0.067,NA
23,42,negative-to-zero,ifs,FALSE,20,elitize_generation_data,22,16,0.078,NA
24,42,negative-to-zero,ifs,FALSE,20,elitize_generation_data,23,16,0.081,NA
25,42,negative-to-zero,ifs,FALSE,20,elitize_generation_data,24,19,0.081,NA
26,42,negative-to-zero,ifs,FALSE,20,elitize_generation_data,25,19,0.086,NA
27,42,negative-to-zero,ifs,FALSE,20,elitize_generation_data,26,19,0.084,NA
28,42,negative-to-zero,ifs,FALSE,20,elitize_generation_data,27,18,0.083,NA
29,42,negative-to-zero,ifs,FALSE,20,elitize_generation_data,28,17,0.085,NA
30,42,negative-to-zero,ifs,FALSE,20,elitize_generation_data,29,26,0.095,NA
31,42,negative-to-zero,ifs,FALSE,20,elitize_generation_data,30,22,0.082,NA
32,42,negative-to-zero,ifs,FALSE,20,elitize_generation_data,31,22,0.093,NA
33,42,negative-to-zero,ifs,FALSE,20,elitize_generation_data,32,25,0.092,NA
34,42,negative-to-zero,ifs,FALSE,20,elitize_generation_data,33,26,0.097,NA
35,42,negative-to-zero,ifs,FALSE,20,elitize_generation_data,34,24,0.085,NA
36,42,negative-to-zero,ifs,FALSE,20,elitize_generation_data,35,23,0.092,NA
37,42,negative-to-zero,ifs,FALSE,20,elitize_generation_data,36,28,0.088,NA
38,42,negative-to-zero,ifs,FALSE,20,elitize_generation_data,37,20,0.097,NA
39,42,negative-to-zero,ifs,FALSE,20,elitize_generation_data,38,27,0.094,NA
40,42,negative-to-zero,ifs,FALSE,20,elitize_generation_data,39,26,0.093,NA
41,42,negative-to-zero,ifs,FALSE,20,elitize_generation_data,40,22,0.096,NA
42,42,negative-to-zero,ifs,FALSE,20,elitize_generation_data,41,26,0.082,NA
43,42,negative-to-zero,ifs,FALSE,20,elitize_generation_data,42,23,0.081,NA
44,42,negative-to-zero,ifs,FALSE,20,elitize_generation_data,43,30,0.094,NA
45,42,negative-to-zero,ifs,FALSE,20,elitize_generation_data,44,22,0.073,NA
46,42,negative-to-zero,ifs,FALSE,20,elitize_generation_data,45,29,0.086,NA
47,42,negative-to-zero,ifs,FALSE,20,elitize_generation_data,46,22,0.078,NA
48,42,negative-to-zero,ifs,FALSE,20,elitize_generation_data,47,23,0.071,NA
49,42,negative-to-zero,ifs,FALSE,20,elitize_generation_data,48,25,0.081,NA
50,42,negative-to-zero,ifs,FALSE,20,elitize_generation_data,49,33,0.087,NA
51,42,negative-to-zero,ifs,FALSE,20,elitize_generation_data,50,28,0.087,NA
52,42,negative-to-zero,ifs,FALSE,20,elitize_generation_data,51,22,0.077,NA
53,42,negative-to-zero,ifs,FALSE,20,elitize_generation_data,52,38,0.083,NA
54,42,negative-to-zero,ifs,FALSE,20,elitize_generation_data,53,25,0.089,NA
55,42,negative-to-zero,ifs,FALSE,20,elitize_generation_data,54,23,0.072,NA
56,42,negative-to-zero,ifs,FALSE,20,elitize_generation_data,55,24,0.059,NA
57,42,negative-to-zero,ifs,FALSE,20,elitize_generation_data,56,24,0.078,NA
58,42,negative-to-zero,ifs,FALSE,20,elitize_generation_data,57,30,0.087,NA
59,42,negative-to-zero,ifs,FALSE,20,elitize_generation_data,58,22,0.064,NA
60,42,negative-to-zero,ifs,FALSE,20,elitize_generation_data,59,21,0.073,NA
61,42,negative-to-zero,ifs,FALSE,20,elitize_generation_data,60,34,0.083,NA
62,42,negative-to-zero,ifs,FALSE,20,elitize_generation_data,61,25,0.086,NA
63,42,negative-to-zero,ifs,FALSE,20,elitize_generation_data,62,21,0.073,NA
64,42,negative-to-zero,ifs,FALSE,20,elitize_generation_data,63,29,0.081,NA
65,42,negative-to-zero,ifs,FALSE,20,elitize_generation_data,64,35,0.088,NA
66,42,negative-to-zero,ifs,FALSE,20,elitize_generation_data,65,31,0.078,NA
67,42,negative-to-zero,ifs,FALSE,20,elitize_generation_data,66,27,0.088,NA
68,42,negative-to-zero,ifs,FALSE,20,elitize_generation_data,67,21,0.071,NA
69,42,negative-to-zero,ifs,FALSE,20,elitize_generation_data,68,30,0.086,NA
70,42,negative-to-zero,ifs,FALSE,20,elitize_generation_data,69,28,0.075,NA
71,42,negative-to-zero,ifs,FALSE,20,elitize_generation_data,70,28,0.081,NA
72,42,negative-to-zero,ifs,FALSE,20,elitize_generation_data,71,32,0.085,NA
73,42,negative-to-zero,ifs,FALSE,20,elitize_generation_data,72,29,0.084,NA
74,42,negative-to-zero,ifs,FALSE,20,elitize_generation_data,73,26,0.077,NA
75,42,negative-to-zero,ifs,FALSE,20,elitize_generation_data,74,23,0.08,NA
76,42,negative-to-zero,ifs,FALSE,20,elitize_generation_data,75,29,0.076,NA
77,42,negative-to-zero,ifs,FALSE,20,elitize_generation_data,76,27,0.073,NA
78,42,negative-to-zero,ifs,FALSE,20,elitize_generation_data,77,30,0.093,NA
79,42,negative-to-zero,ifs,FALSE,20,elitize_generation_data,78,25,0.075,NA
80,42,negative-to-zero,ifs,FALSE,20,elitize_generation_data,79,26,0.08,NA
81,42,negative-to-zero,ifs,FALSE,20,elitize_generation_data,80,27,0.073,NA
82,42,negative-to-zero,ifs,FALSE,20,elitize_generation_data,81,25,0.078,NA
83,42,negative-to-zero,ifs,FALSE,20,elitize_generation_data,82,26,0.084,NA
84,42,negative-to-zero,ifs,FALSE,20,elitize_generation_data,83,29,0.087,NA
85,42,negative-to-zero,ifs,FALSE,20,elitize_generation_data,84,25,0.087,NA
86,42,negative-to-zero,ifs,FALSE,20,elitize_generation_data,85,20,0.074,NA
87,42,negative-to-zero,ifs,FALSE,20,elitize_generation_data,86,28,0.091,NA
88,42,negative-to-zero,ifs,FALSE,20,elitize_generation_data,87,34,0.077,NA
89,42,negative-to-zero,ifs,FALSE,20,elitize_generation_data,88,26,0.074,NA
90,42,negative-to-zero,ifs,FALSE,20,elitize_generation_data,89,27,0.08,NA
91,42,negative-to-zero,ifs,FALSE,20,elitize_generation_data,90,28,0.071,NA
92,42,negative-to-zero,ifs,FALSE,20,elitize_generation_data,91,26,0.077,NA
93,42,negative-to-zero,ifs,FALSE,20,elitize_generation_data,92,30,0.068,NA
94,42,negative-to-zero,ifs,FALSE,20,elitize_generation_data,93,27,0.071,NA
95,42,negative-to-zero,ifs,FALSE,20,elitize_generation_data,94,22,0.064,NA
96,42,negative-to-zero,ifs,FALSE,20,elitize_generation_data,95,29,0.078,NA
97,42,negative-to-zero,ifs,FALSE,20,elitize_generation_data,96,32,0.066,NA
98,42,negative-to-zero,ifs,FALSE,20,elitize_generation_data,97,24,0.069,NA
99,42,negative-to-zero,ifs,FALSE,20,elitize_generation_data,98,27,0.078,NA
100,42,negative-to-zero,ifs,FALSE,20,elitize_generation_data,99,25,0.067,NA
101,42,negative-to-zero,ifs,FALSE,20,elitize_generation_data,100,23,0.064,NA
102,42,negative-to-zero,ifs,FALSE,20,elitize_generation_data,101,25,0.07,NA
103,42,negative-to-zero,ifs,FALSE,20,elitize_generation_data,102,28,0.08,NA
104,42,negative-to-zero,ifs,FALSE,20,elitize_generation_data,103,25,0.073,NA
105,42,negative-to-zero,ifs,FALSE,20,elitize_generation_data,104,14,0.061,NA
106,42,negative-to-zero,ifs,FALSE,20,elitize_generation_data,105,20,0.06,NA
107,42,negative-to-zero,ifs,FALSE,20,elitize_generation_data,106,20,0.065,NA
108,42,negative-to-zero,ifs,FALSE,20,elitize_generation_data,107,31,0.075,NA
109,42,negative-to-zero,ifs,FALSE,20,elitize_generation_data,108,24,0.087,NA
110,42,negative-to-zero,ifs,FALSE,20,elitize_generation_data,109,21,0.063,NA
111,42,negative-to-zero,ifs,FALSE,20,elitize_generation_data,110,23,0.07,NA
112,42,negative-to-zero,ifs,FALSE,20,elitize_generation_data,111,24,0.065,NA
113,42,negative-to-zero,ifs,FALSE,20,elitize_generation_data,112,25,0.064,NA
114,42,negative-to-zero,ifs,FALSE,20,elitize_generation_data,113,29,0.071,NA
115,42,negative-to-zero,ifs,FALSE,20,elitize_generation_data,114,25,0.067,NA
116,42,negative-to-zero,ifs,FALSE,20,elitize_generation_data,115,25,0.062,NA
117,42,negative-to-zero,ifs,FALSE,20,elitize_generation_data,116,23,0.066,NA
118,42,negative-to-zero,ifs,FALSE,20,elitize_generation_data,117,21,0.055,NA
119,42,negative-to-zero,ifs,FALSE,20,elitize_generation_data,118,26,0.057,NA
120,42,negative-to-zero,ifs,FALSE,20,elitize_generation_data,119,22,0.066,NA
121,42,negative-to-zero,ifs,FALSE,20,elitize_generation_data,120,19,0.052,NA
122,42,negative-to-zero,ifs,FALSE,20,elitize_generation_data,121,18,0.059,NA
123,42,negative-to-zero,ifs,FALSE,20,elitize_generation_data,122,26,0.062,NA
124,42,negative-to-zero,ifs,FALSE,20,elitize_generation_data,123,19,0.061,NA
125,42,negative-to-zero,ifs,FALSE,20,elitize_generation_data,124,22,0.067,NA
126,42,negative-to-zero,ifs,FALSE,20,elitize_generation_data,125,26,0.063,NA
127,42,negative-to-zero,ifs,FALSE,20,elitize_generation_data,126,30,0.074,NA
128,42,negative-to-zero,ifs,FALSE,20,elitize_generation_data,127,17,0.056,NA
129,42,negative-to-zero,ifs,FALSE,20,elitize_generation_data,128,22,0.062,NA
130,42,negative-to-zero,ifs,FALSE,20,elitize_generation_data,129,22,0.064,NA
131,42,negative-to-zero,ifs,FALSE,20,elitize_generation_data,130,21,0.063,NA
132,42,negative-to-zero,ifs,FALSE,20,elitize_generation_data,131,24,0.057,NA
133,42,negative-to-zero,ifs,FALSE,20,elitize_generation_data,132,18,0.059,NA
134,42,negative-to-zero,ifs,FALSE,20,elitize_generation_data,133,17,0.055,NA
135,42,negative-to-zero,ifs,FALSE,20,elitize_generation_data,134,32,0.064,NA
136,42,negative-to-zero,ifs,FALSE,20,elitize_generation_data,135,26,0.062,NA
137,42,negative-to-zero,ifs,FALSE,20,elitize_generation_data,136,20,0.065,NA
138,42,negative-to-zero,ifs,FALSE,20,elitize_generation_data,137,23,0.056,NA
139,42,negative-to-zero,ifs,FALSE,20,elitize_generation_data,138,22,0.06,NA
140,42,negative-to-zero,ifs,FALSE,20,elitize_generation_data,139,20,0.061,NA
141,42,negative-to-zero,ifs,FALSE,20,elitize_generation_data,140,21,0.059,NA
142,42,negative-to-zero,ifs,FALSE,20,elitize_generation_data,141,21,0.06,NA
143,42,negative-to-zero,ifs,FALSE,20,elitize_generation_data,142,19,0.061,NA
144,42,negative-to-zero,ifs,FALSE,20,elitize_generation_data,143,25,0.068,NA
145,42,negative-to-zero,ifs,FALSE,20,elitize_generation_data,144,20,0.055,NA
146,42,negative-to-zero,ifs,FALSE,20,elitize_generation_data,145,26,0.062,NA
147,42,negative-to-zero,ifs,FALSE,20,elitize_generation_data,146,21,0.059,NA
148,42,negative-to-zero,ifs,FALSE,20,elitize_generation_data,147,28,0.066,NA
149,42,negative-to-zero,ifs,FALSE,20,elitize_generation_data,148,14,0.05,NA
150,42,negative-to-zero,ifs,FALSE,20,elitize_generation_data,149,27,0.063,NA
151,42,negative-to-zero,ifs,FALSE,20,elitize_generation_data,150,24,0.055,NA
152,42,negative-to-zero,ifs,FALSE,20,elitize_generation_data,151,19,0.055,NA
153,42,negative-to-zero,ifs,FALSE,20,elitize_generation_data,152,17,0.051,NA
154,42,negative-to-zero,ifs,FALSE,20,elitize_generation_data,153,20,0.054,NA
155,42,negative-to-zero,ifs,FALSE,20,elitize_generation_data,154,19,0.051,NA
156,42,negative-to-zero,ifs,FALSE,20,elitize_generation_data,155,20,0.071,NA
157,42,negative-to-zero,ifs,FALSE,20,elitize_generation_data,156,23,0.064,NA
158,42,negative-to-zero,ifs,FALSE,20,elitize_generation_data,157,17,0.063,NA
159,42,negative-to-zero,ifs,FALSE,20,elitize_generation_data,158,16,0.043,NA
160,42,negative-to-zero,ifs,FALSE,20,elitize_generation_data,159,21,0.057,NA
161,42,negative-to-zero,ifs,FALSE,20,elitize_generation_data,160,22,0.05,NA
162,42,negative-to-zero,ifs,FALSE,20,elitize_generation_data,161,29,0.06,NA
163,42,negative-to-zero,ifs,FALSE,20,elitize_generation_data,162,17,0.053,NA
164,42,negative-to-zero,ifs,FALSE,20,elitize_generation_data,163,21,0.051,NA
165,42,negative-to-zero,ifs,FALSE,20,elitize_generation_data,164,20,0.057,NA
166,42,negative-to-zero,ifs,FALSE,20,elitize_generation_data,165,20,0.05,NA
167,42,negative-to-zero,ifs,FALSE,20,elitize_generation_data,166,21,0.05,NA
168,42,negative-to-zero,ifs,FALSE,20,elitize_generation_data,167,25,0.053,NA
169,42,negative-to-zero,ifs,FALSE,20,elitize_generation_data,168,16,0.04,NA
170,42,negative-to-zero,ifs,FALSE,20,elitize_generation_data,169,18,0.045,NA
171,42,negative-to-zero,ifs,FALSE,20,elitize_generation_data,170,16,0.051,NA
172,42,negative-to-zero,ifs,FALSE,20,elitize_generation_data,171,17,0.049,NA
173,42,negative-to-zero,ifs,FALSE,20,elitize_generation_data,172,22,0.054,NA
174,42,negative-to-zero,ifs,FALSE,20,elitize_generation_data,173,18,0.052,NA
175,42,negative-to-zero,ifs,FALSE,20,elitize_generation_data,174,19,0.047,NA
176,42,negative-to-zero,ifs,FALSE,20,elitize_generation_data,175,15,0.052,NA
177,42,negative-to-zero,ifs,FALSE,20,elitize_generation_data,176,17,0.043,NA
178,42,negative-to-zero,ifs,FALSE,20,elitize_generation_data,177,22,0.053,NA
179,42,negative-to-zero,ifs,FALSE,20,elitize_generation_data,178,17,0.054,NA
180,42,negative-to-zero,ifs,FALSE,20,elitize_generation_data,179,16,0.052,NA
181,42,negative-to-zero,ifs,FALSE,20,elitize_generation_data,180,14,0.051,NA
182,42,negative-to-zero,ifs,FALSE,20,elitize_generation_data,181,22,0.048,NA
183,42,negative-to-zero,ifs,FALSE,20,elitize_generation_data,182,15,0.045,NA
184,42,negative-to-zero,ifs,FALSE,20,elitize_generation_data,183,17,0.05,NA
185,42,negative-to-zero,ifs,FALSE,20,elitize_generation_data,184,19,0.052,NA
186,42,negative-to-zero,ifs,FALSE,20,elitize_generation_data,185,16,0.047,NA
187,42,negative-to-zero,ifs,FALSE,20,elitize_generation_data,186,20,0.048,NA
188,42,negative-to-zero,ifs,FALSE,20,elitize_generation_data,187,22,0.052,NA
189,42,negative-to-zero,ifs,FALSE,20,elitize_generation_data,188,15,0.045,NA
190,42,negative-to-zero,ifs,FALSE,20,elitize_generation_data,189,18,0.051,NA
191,42,negative-to-zero,ifs,FALSE,20,elitize_generation_data,190,15,0.043,NA
192,42,negative-to-zero,ifs,FALSE,20,elitize_generation_data,191,24,0.045,NA
193,42,negative-to-zero,ifs,FALSE,20,elitize_generation_data,192,21,0.05,NA
194,42,negative-to-zero,ifs,FALSE,20,elitize_generation_data,193,22,0.049,NA
195,42,negative-to-zero,ifs,FALSE,20,elitize_generation_data,194,22,0.054,NA
196,42,negative-to-zero,ifs,FALSE,20,elitize_generation_data,195,20,0.063,NA
197,42,negative-to-zero,ifs,FALSE,20,elitize_generation_data,196,26,0.061,NA
198,42,negative-to-zero,ifs,FALSE,20,elitize_generation_data,197,19,0.043,NA
199,42,negative-to-zero,ifs,FALSE,20,elitize_generation_data,198,20,0.043,NA
200,42,negative-to-zero,ifs,FALSE,20,elitize_generation_data,199,18,0.052,NA
201,42,negative-to-zero,ifs,FALSE,20,elitize_generation_data,200,16,0.046,NA
202,42,negative-to-zero,ifs,FALSE,20,elitize_generation_data,201,23,0.052,NA
203,42,negative-to-zero,ifs,FALSE,20,elitize_generation_data,202,15,0.049,NA
204,42,negative-to-zero,ifs,FALSE,20,elitize_generation_data,203,20,0.054,NA
205,42,negative-to-zero,ifs,FALSE,20,elitize_generation_data,204,19,0.043,NA
206,42,negative-to-zero,ifs,FALSE,20,elitize_generation_data,205,23,0.053,NA
207,42,negative-to-zero,ifs,FALSE,20,elitize_generation_data,206,19,0.048,NA
208,42,negative-to-zero,ifs,FALSE,20,elitize_generation_data,207,24,0.058,NA
209,42,negative-to-zero,ifs,FALSE,20,elitize_generation_data,208,21,0.046,NA
210,42,negative-to-zero,ifs,FALSE,20,elitize_generation_data,209,19,0.044,NA
211,42,negative-to-zero,ifs,FALSE,20,elitize_generation_data,210,19,0.055,NA
212,42,negative-to-zero,ifs,FALSE,20,elitize_generation_data,211,17,0.051,NA
213,42,negative-to-zero,ifs,FALSE,20,elitize_generation_data,212,15,0.045,NA
214,42,negative-to-zero,ifs,FALSE,20,elitize_generation_data,213,19,0.049,NA
215,42,negative-to-zero,ifs,FALSE,20,elitize_generation_data,214,17,0.05,NA
216,42,negative-to-zero,ifs,FALSE,20,elitize_generation_data,215,17,0.05,NA
217,42,negative-to-zero,ifs,FALSE,20,elitize_generation_data,216,20,0.044,NA
218,42,negative-to-zero,ifs,FALSE,20,elitize_generation_data,217,18,0.047,NA
219,42,negative-to-zero,ifs,FALSE,20,elitize_generation_data,218,15,0.049,NA
220,42,negative-to-zero,ifs,FALSE,20,elitize_generation_data,219,18,0.049,NA
221,42,negative-to-zero,ifs,FALSE,20,elitize_generation_data,220,18,0.05,NA
222,42,negative-to-zero,ifs,FALSE,20,elitize_generation_data,221,19,0.038,NA
223,42,negative-to-zero,ifs,FALSE,20,elitize_generation_data,222,18,0.043,NA
224,42,negative-to-zero,ifs,FALSE,20,elitize_generation_data,223,20,0.043,NA
225,42,negative-to-zero,ifs,FALSE,20,elitize_generation_data,224,20,0.04,NA
226,42,negative-to-zero,ifs,FALSE,20,elitize_generation_data,225,18,0.045,NA
227,42,negative-to-zero,ifs,FALSE,20,elitize_generation_data,226,23,0.048,NA
228,42,negative-to-zero,ifs,FALSE,20,elitize_generation_data,227,14,0.046,NA
229,42,negative-to-zero,ifs,FALSE,20,elitize_generation_data,228,23,0.042,NA
230,42,negative-to-zero,ifs,FALSE,20,elitize_generation_data,229,20,0.037,NA
231,42,negative-to-zero,ifs,FALSE,20,elitize_generation_data,230,20,0.054,NA
232,42,negative-to-zero,ifs,FALSE,20,elitize_generation_data,231,21,0.051,NA
233,42,negative-to-zero,ifs,FALSE,20,elitize_generation_data,232,20,0.046,NA
234,42,negative-to-zero,ifs,FALSE,20,elitize_generation_data,233,19,0.045,NA
235,42,negative-to-zero,ifs,FALSE,20,elitize_generation_data,234,21,0.055,NA
236,42,negative-to-zero,ifs,FALSE,20,elitize_generation_data,235,20,0.04,NA
237,42,negative-to-zero,ifs,FALSE,20,elitize_generation_data,236,17,0.052,NA
238,42,negative-to-zero,ifs,FALSE,20,elitize_generation_data,237,21,0.041,NA
239,42,negative-to-zero,ifs,FALSE,20,elitize_generation_data,238,18,0.046,NA
240,42,negative-to-zero,ifs,FALSE,20,elitize_generation_data,239,18,0.048,NA
241,42,negative-to-zero,ifs,FALSE,20,elitize_generation_data,240,18,0.04,NA
242,42,negative-to-zero,ifs,FALSE,20,elitize_generation_data,241,20,0.047,NA
243,42,negative-to-zero,ifs,FALSE,20,elitize_generation_data,242,18,0.052,NA
244,42,negative-to-zero,ifs,FALSE,20,elitize_generation_data,243,16,0.043,NA
245,42,negative-to-zero,ifs,FALSE,20,elitize_generation_data,244,17,0.056,NA
246,42,negative-to-zero,ifs,FALSE,20,elitize_generation_data,245,19,0.043,NA
247,42,negative-to-zero,ifs,FALSE,20,elitize_generation_data,246,21,0.051,NA
248,42,negative-to-zero,ifs,FALSE,20,elitize_generation_data,247,19,0.051,NA
249,42,negative-to-zero,ifs,FALSE,20,elitize_generation_data,248,21,0.043,NA
250,42,negative-to-zero,ifs,FALSE,20,elitize_generation_data,249,17,0.046,NA
251,42,negative-to-zero,ifs,FALSE,20,elitize_generation_data,250,17,0.036,NA
252,42,negative-to-zero,ifs,FALSE,20,elitize_generation_data,251,19,0.042,NA
253,42,negative-to-zero,ifs,FALSE,20,elitize_generation_data,252,23,0.05,NA
254,42,negative-to-zero,ifs,FALSE,20,elitize_generation_data,253,15,0.038,NA
255,42,negative-to-zero,ifs,FALSE,20,elitize_generation_data,254,20,0.056,NA
256,42,negative-to-zero,ifs,FALSE,20,elitize_generation_data,255,16,0.039,NA
257,42,negative-to-zero,ifs,FALSE,20,elitize_generation_data,256,22,0.048,NA
258,42,negative-to-zero,ifs,FALSE,20,elitize_generation_data,257,13,0.033,NA
259,42,negative-to-zero,ifs,FALSE,20,elitize_generation_data,258,15,0.041,NA
260,42,negative-to-zero,ifs,FALSE,20,elitize_generation_data,259,21,0.04,NA
261,42,negative-to-zero,ifs,FALSE,20,elitize_generation_data,260,24,0.054,NA
262,42,negative-to-zero,ifs,FALSE,20,elitize_generation_data,261,15,0.047,NA
263,42,negative-to-zero,ifs,FALSE,20,elitize_generation_data,262,16,0.038,NA
264,42,negative-to-zero,ifs,FALSE,20,elitize_generation_data,263,18,0.039,NA
265,42,negative-to-zero,ifs,FALSE,20,elitize_generation_data,264,19,0.045,NA
266,42,negative-to-zero,ifs,FALSE,20,elitize_generation_data,265,16,0.05,NA
267,42,negative-to-zero,ifs,FALSE,20,elitize_generation_data,266,18,0.046,NA
268,42,negative-to-zero,ifs,FALSE,20,elitize_generation_data,267,17,0.048,NA
269,42,negative-to-zero,ifs,FALSE,20,elitize_generation_data,268,17,0.05,NA
270,42,negative-to-zero,ifs,FALSE,20,elitize_generation_data,269,17,0.048,NA
271,42,negative-to-zero,ifs,FALSE,20,elitize_generation_data,270,21,0.042,NA
272,42,negative-to-zero,ifs,FALSE,20,elitize_generation_data,271,13,0.044,NA
273,42,negative-to-zero,ifs,FALSE,20,elitize_generation_data,272,16,0.044,NA
274,42,negative-to-zero,ifs,FALSE,20,elitize_generation_data,273,17,0.042,NA
275,42,negative-to-zero,ifs,FALSE,20,elitize_generation_data,274,15,0.038,NA
276,42,negative-to-zero,ifs,FALSE,20,elitize_generation_data,275,16,0.041,NA
277,42,negative-to-zero,ifs,FALSE,20,elitize_generation_data,276,14,0.039,NA
278,42,negative-to-zero,ifs,FALSE,20,elitize_generation_data,277,17,0.045,NA
279,42,negative-to-zero,ifs,FALSE,20,elitize_generation_data,278,15,0.032,NA
280,42,negative-to-zero,ifs,FALSE,20,elitize_generation_data,279,16,0.037,NA
281,42,negative-to-zero,ifs,FALSE,20,elitize_generation_data,280,16,0.04,NA
282,42,negative-to-zero,ifs,FALSE,20,elitize_generation_data,281,12,0.041,NA
283,42,negative-to-zero,ifs,FALSE,20,elitize_generation_data,282,17,0.045,NA
284,42,negative-to-zero,ifs,FALSE,20,elitize_generation_data,283,15,0.041,NA
285,42,negative-to-zero,ifs,FALSE,20,elitize_generation_data,284,20,0.046,NA
286,42,negative-to-zero,ifs,FALSE,20,elitize_generation_data,285,15,0.045,NA
287,42,negative-to-zero,ifs,FALSE,20,elitize_generation_data,286,15,0.035,NA
288,42,negative-to-zero,ifs,FALSE,20,elitize_generation_data,287,14,0.034,NA
289,42,negative-to-zero,ifs,FALSE,20,elitize_generation_data,288,17,0.035,NA
290,42,negative-to-zero,ifs,FALSE,20,elitize_generation_data,289,14,0.032,NA
291,42,negative-to-zero,ifs,FALSE,20,elitize_generation_data,290,17,0.044,NA
292,42,negative-to-zero,ifs,FALSE,20,elitize_generation_data,291,18,0.035,NA
293,42,negative-to-zero,ifs,FALSE,20,elitize_generation_data,292,16,0.039,NA
294,42,negative-to-zero,ifs,FALSE,20,elitize_generation_data,293,14,0.039,NA
295,42,negative-to-zero,ifs,FALSE,20,elitize_generation_data,294,19,0.045,NA
296,42,negative-to-zero,ifs,FALSE,20,elitize_generation_data,295,20,0.039,NA
297,42,negative-to-zero,ifs,FALSE,20,elitize_generation_data,296,13,0.046,NA
298,42,negative-to-zero,ifs,FALSE,20,elitize_generation_data,297,19,0.037,NA
299,42,negative-to-zero,ifs,FALSE,20,elitize_generation_data,298,19,0.042,NA
300,42,negative-to-zero,ifs,FALSE,20,elitize_generation_data,299,15,0.035,NA
301,42,negative-to-zero,ifs,FALSE,20,elitize_generation_data,300,18,0.038,NA
