,run.num,problem,treatment,succeeded,height,normalization.function,generation,cluster.count,error.diversity,success.generation
1,88,negative-to-zero,ifs,FALSE,20,elitize_generation_data,0,9,0.034,NA
2,88,negative-to-zero,ifs,FALSE,20,elitize_generation_data,1,17,0.066,NA
3,88,negative-to-zero,ifs,FALSE,20,elitize_generation_data,2,12,0.033,NA
4,88,negative-to-zero,ifs,FALSE,20,elitize_generation_data,3,9,0.016,NA
5,88,negative-to-zero,ifs,FALSE,20,elitize_generation_data,4,8,0.018,NA
6,88,negative-to-zero,ifs,FALSE,20,elitize_generation_data,5,6,0.018,NA
7,88,negative-to-zero,ifs,FALSE,20,elitize_generation_data,6,7,0.015,NA
8,88,negative-to-zero,ifs,FALSE,20,elitize_generation_data,7,5,0.015,NA
9,88,negative-to-zero,ifs,FALSE,20,elitize_generation_data,8,6,0.025,NA
10,88,negative-to-zero,ifs,FALSE,20,elitize_generation_data,9,11,0.027,NA
11,88,negative-to-zero,ifs,FALSE,20,elitize_generation_data,10,13,0.044,NA
12,88,negative-to-zero,ifs,FALSE,20,elitize_generation_data,11,24,0.065,NA
13,88,negative-to-zero,ifs,FALSE,20,elitize_generation_data,12,19,0.084,NA
14,88,negative-to-zero,ifs,FALSE,20,elitize_generation_data,13,16,0.088,NA
15,88,negative-to-zero,ifs,FALSE,20,elitize_generation_data,14,24,0.091,NA
16,88,negative-to-zero,ifs,FALSE,20,elitize_generation_data,15,31,0.098,NA
17,88,negative-to-zero,ifs,FALSE,20,elitize_generation_data,16,22,0.094,NA
18,88,negative-to-zero,ifs,FALSE,20,elitize_generation_data,17,19,0.076,NA
19,88,negative-to-zero,ifs,FALSE,20,elitize_generation_data,18,20,0.083,NA
20,88,negative-to-zero,ifs,FALSE,20,elitize_generation_data,19,13,0.085,NA
21,88,negative-to-zero,ifs,FALSE,20,elitize_generation_data,20,18,0.085,NA
22,88,negative-to-zero,ifs,FALSE,20,elitize_generation_data,21,24,0.09,NA
23,88,negative-to-zero,ifs,FALSE,20,elitize_generation_data,22,29,0.088,NA
24,88,negative-to-zero,ifs,FALSE,20,elitize_generation_data,23,18,0.076,NA
25,88,negative-to-zero,ifs,FALSE,20,elitize_generation_data,24,25,0.083,NA
26,88,negative-to-zero,ifs,FALSE,20,elitize_generation_data,25,21,0.065,NA
27,88,negative-to-zero,ifs,FALSE,20,elitize_generation_data,26,21,0.078,NA
28,88,negative-to-zero,ifs,FALSE,20,elitize_generation_data,27,18,0.085,NA
29,88,negative-to-zero,ifs,FALSE,20,elitize_generation_data,28,21,0.085,NA
30,88,negative-to-zero,ifs,FALSE,20,elitize_generation_data,29,25,0.072,NA
31,88,negative-to-zero,ifs,FALSE,20,elitize_generation_data,30,13,0.091,NA
32,88,negative-to-zero,ifs,FALSE,20,elitize_generation_data,31,20,0.088,NA
33,88,negative-to-zero,ifs,FALSE,20,elitize_generation_data,32,23,0.073,NA
34,88,negative-to-zero,ifs,FALSE,20,elitize_generation_data,33,22,0.084,NA
35,88,negative-to-zero,ifs,FALSE,20,elitize_generation_data,34,23,0.091,NA
36,88,negative-to-zero,ifs,FALSE,20,elitize_generation_data,35,16,0.101,NA
37,88,negative-to-zero,ifs,FALSE,20,elitize_generation_data,36,22,0.08,NA
38,88,negative-to-zero,ifs,FALSE,20,elitize_generation_data,37,17,0.082,NA
39,88,negative-to-zero,ifs,FALSE,20,elitize_generation_data,38,21,0.085,NA
40,88,negative-to-zero,ifs,FALSE,20,elitize_generation_data,39,28,0.089,NA
41,88,negative-to-zero,ifs,FALSE,20,elitize_generation_data,40,24,0.08,NA
42,88,negative-to-zero,ifs,FALSE,20,elitize_generation_data,41,21,0.085,NA
43,88,negative-to-zero,ifs,FALSE,20,elitize_generation_data,42,22,0.086,NA
44,88,negative-to-zero,ifs,FALSE,20,elitize_generation_data,43,22,0.066,NA
45,88,negative-to-zero,ifs,FALSE,20,elitize_generation_data,44,25,0.069,NA
46,88,negative-to-zero,ifs,FALSE,20,elitize_generation_data,45,21,0.067,NA
47,88,negative-to-zero,ifs,FALSE,20,elitize_generation_data,46,23,0.069,NA
48,88,negative-to-zero,ifs,FALSE,20,elitize_generation_data,47,27,0.076,NA
49,88,negative-to-zero,ifs,FALSE,20,elitize_generation_data,48,23,0.067,NA
50,88,negative-to-zero,ifs,FALSE,20,elitize_generation_data,49,14,0.074,NA
51,88,negative-to-zero,ifs,FALSE,20,elitize_generation_data,50,20,0.061,NA
52,88,negative-to-zero,ifs,FALSE,20,elitize_generation_data,51,18,0.077,NA
53,88,negative-to-zero,ifs,FALSE,20,elitize_generation_data,52,27,0.076,NA
54,88,negative-to-zero,ifs,FALSE,20,elitize_generation_data,53,29,0.084,NA
55,88,negative-to-zero,ifs,FALSE,20,elitize_generation_data,54,27,0.08,NA
56,88,negative-to-zero,ifs,FALSE,20,elitize_generation_data,55,25,0.074,NA
57,88,negative-to-zero,ifs,FALSE,20,elitize_generation_data,56,28,0.071,NA
58,88,negative-to-zero,ifs,FALSE,20,elitize_generation_data,57,30,0.095,NA
59,88,negative-to-zero,ifs,FALSE,20,elitize_generation_data,58,23,0.09,NA
60,88,negative-to-zero,ifs,FALSE,20,elitize_generation_data,59,20,0.079,NA
61,88,negative-to-zero,ifs,FALSE,20,elitize_generation_data,60,24,0.077,NA
62,88,negative-to-zero,ifs,FALSE,20,elitize_generation_data,61,24,0.091,NA
63,88,negative-to-zero,ifs,FALSE,20,elitize_generation_data,62,22,0.074,NA
64,88,negative-to-zero,ifs,FALSE,20,elitize_generation_data,63,24,0.086,NA
65,88,negative-to-zero,ifs,FALSE,20,elitize_generation_data,64,17,0.079,NA
66,88,negative-to-zero,ifs,FALSE,20,elitize_generation_data,65,23,0.079,NA
67,88,negative-to-zero,ifs,FALSE,20,elitize_generation_data,66,16,0.09,NA
68,88,negative-to-zero,ifs,FALSE,20,elitize_generation_data,67,14,0.086,NA
69,88,negative-to-zero,ifs,FALSE,20,elitize_generation_data,68,25,0.082,NA
70,88,negative-to-zero,ifs,FALSE,20,elitize_generation_data,69,10,0.084,NA
71,88,negative-to-zero,ifs,FALSE,20,elitize_generation_data,70,12,0.086,NA
72,88,negative-to-zero,ifs,FALSE,20,elitize_generation_data,71,18,0.089,NA
73,88,negative-to-zero,ifs,FALSE,20,elitize_generation_data,72,16,0.093,NA
74,88,negative-to-zero,ifs,FALSE,20,elitize_generation_data,73,28,0.077,NA
75,88,negative-to-zero,ifs,FALSE,20,elitize_generation_data,74,16,0.084,NA
76,88,negative-to-zero,ifs,FALSE,20,elitize_generation_data,75,14,0.078,NA
77,88,negative-to-zero,ifs,FALSE,20,elitize_generation_data,76,20,0.085,NA
78,88,negative-to-zero,ifs,FALSE,20,elitize_generation_data,77,23,0.08,NA
79,88,negative-to-zero,ifs,FALSE,20,elitize_generation_data,78,11,0.095,NA
80,88,negative-to-zero,ifs,FALSE,20,elitize_generation_data,79,26,0.084,NA
81,88,negative-to-zero,ifs,FALSE,20,elitize_generation_data,80,18,0.071,NA
82,88,negative-to-zero,ifs,FALSE,20,elitize_generation_data,81,18,0.085,NA
83,88,negative-to-zero,ifs,FALSE,20,elitize_generation_data,82,15,0.074,NA
84,88,negative-to-zero,ifs,FALSE,20,elitize_generation_data,83,10,0.093,NA
85,88,negative-to-zero,ifs,FALSE,20,elitize_generation_data,84,11,0.077,NA
86,88,negative-to-zero,ifs,FALSE,20,elitize_generation_data,85,10,0.076,NA
87,88,negative-to-zero,ifs,FALSE,20,elitize_generation_data,86,16,0.098,NA
88,88,negative-to-zero,ifs,FALSE,20,elitize_generation_data,87,17,0.104,NA
89,88,negative-to-zero,ifs,FALSE,20,elitize_generation_data,88,20,0.107,NA
90,88,negative-to-zero,ifs,FALSE,20,elitize_generation_data,89,16,0.109,NA
91,88,negative-to-zero,ifs,FALSE,20,elitize_generation_data,90,12,0.117,NA
92,88,negative-to-zero,ifs,FALSE,20,elitize_generation_data,91,13,0.127,NA
93,88,negative-to-zero,ifs,FALSE,20,elitize_generation_data,92,12,0.161,NA
94,88,negative-to-zero,ifs,FALSE,20,elitize_generation_data,93,10,0.204,NA
95,88,negative-to-zero,ifs,FALSE,20,elitize_generation_data,94,9,0.244,NA
96,88,negative-to-zero,ifs,FALSE,20,elitize_generation_data,95,8,0.323,NA
97,88,negative-to-zero,ifs,FALSE,20,elitize_generation_data,96,10,0.315,NA
98,88,negative-to-zero,ifs,FALSE,20,elitize_generation_data,97,16,0.28,NA
99,88,negative-to-zero,ifs,FALSE,20,elitize_generation_data,98,21,0.307,NA
100,88,negative-to-zero,ifs,FALSE,20,elitize_generation_data,99,19,0.302,NA
101,88,negative-to-zero,ifs,FALSE,20,elitize_generation_data,100,28,0.337,NA
102,88,negative-to-zero,ifs,FALSE,20,elitize_generation_data,101,15,0.312,NA
103,88,negative-to-zero,ifs,FALSE,20,elitize_generation_data,102,25,0.273,NA
104,88,negative-to-zero,ifs,FALSE,20,elitize_generation_data,103,16,0.204,NA
105,88,negative-to-zero,ifs,FALSE,20,elitize_generation_data,104,20,0.18,NA
106,88,negative-to-zero,ifs,FALSE,20,elitize_generation_data,105,20,0.168,NA
107,88,negative-to-zero,ifs,FALSE,20,elitize_generation_data,106,17,0.19,NA
108,88,negative-to-zero,ifs,FALSE,20,elitize_generation_data,107,15,0.215,NA
109,88,negative-to-zero,ifs,FALSE,20,elitize_generation_data,108,20,0.198,NA
110,88,negative-to-zero,ifs,FALSE,20,elitize_generation_data,109,17,0.191,NA
111,88,negative-to-zero,ifs,FALSE,20,elitize_generation_data,110,18,0.16,NA
112,88,negative-to-zero,ifs,FALSE,20,elitize_generation_data,111,19,0.157,NA
113,88,negative-to-zero,ifs,FALSE,20,elitize_generation_data,112,22,0.152,NA
114,88,negative-to-zero,ifs,FALSE,20,elitize_generation_data,113,17,0.141,NA
115,88,negative-to-zero,ifs,FALSE,20,elitize_generation_data,114,27,0.177,NA
116,88,negative-to-zero,ifs,FALSE,20,elitize_generation_data,115,11,0.243,NA
117,88,negative-to-zero,ifs,FALSE,20,elitize_generation_data,116,12,0.278,NA
118,88,negative-to-zero,ifs,FALSE,20,elitize_generation_data,117,18,0.306,NA
119,88,negative-to-zero,ifs,FALSE,20,elitize_generation_data,118,14,0.289,NA
120,88,negative-to-zero,ifs,FALSE,20,elitize_generation_data,119,15,0.305,NA
121,88,negative-to-zero,ifs,FALSE,20,elitize_generation_data,120,22,0.279,NA
122,88,negative-to-zero,ifs,FALSE,20,elitize_generation_data,121,19,0.341,NA
123,88,negative-to-zero,ifs,FALSE,20,elitize_generation_data,122,29,0.426,NA
124,88,negative-to-zero,ifs,FALSE,20,elitize_generation_data,123,22,0.471,NA
125,88,negative-to-zero,ifs,FALSE,20,elitize_generation_data,124,27,0.466,NA
126,88,negative-to-zero,ifs,FALSE,20,elitize_generation_data,125,33,0.464,NA
127,88,negative-to-zero,ifs,FALSE,20,elitize_generation_data,126,30,0.488,NA
128,88,negative-to-zero,ifs,FALSE,20,elitize_generation_data,127,17,0.494,NA
129,88,negative-to-zero,ifs,FALSE,20,elitize_generation_data,128,27,0.503,NA
130,88,negative-to-zero,ifs,FALSE,20,elitize_generation_data,129,21,0.446,NA
131,88,negative-to-zero,ifs,FALSE,20,elitize_generation_data,130,17,0.44,NA
132,88,negative-to-zero,ifs,FALSE,20,elitize_generation_data,131,13,0.486,NA
133,88,negative-to-zero,ifs,FALSE,20,elitize_generation_data,132,15,0.489,NA
134,88,negative-to-zero,ifs,FALSE,20,elitize_generation_data,133,12,0.54,NA
135,88,negative-to-zero,ifs,FALSE,20,elitize_generation_data,134,26,0.513,NA
136,88,negative-to-zero,ifs,FALSE,20,elitize_generation_data,135,19,0.526,NA
137,88,negative-to-zero,ifs,FALSE,20,elitize_generation_data,136,21,0.514,NA
138,88,negative-to-zero,ifs,FALSE,20,elitize_generation_data,137,17,0.516,NA
139,88,negative-to-zero,ifs,FALSE,20,elitize_generation_data,138,20,0.483,NA
140,88,negative-to-zero,ifs,FALSE,20,elitize_generation_data,139,26,0.46,NA
141,88,negative-to-zero,ifs,FALSE,20,elitize_generation_data,140,23,0.451,NA
142,88,negative-to-zero,ifs,FALSE,20,elitize_generation_data,141,20,0.416,NA
143,88,negative-to-zero,ifs,FALSE,20,elitize_generation_data,142,21,0.477,NA
144,88,negative-to-zero,ifs,FALSE,20,elitize_generation_data,143,21,0.542,NA
145,88,negative-to-zero,ifs,FALSE,20,elitize_generation_data,144,19,0.57,NA
146,88,negative-to-zero,ifs,FALSE,20,elitize_generation_data,145,44,0.594,NA
147,88,negative-to-zero,ifs,FALSE,20,elitize_generation_data,146,33,0.633,NA
148,88,negative-to-zero,ifs,FALSE,20,elitize_generation_data,147,20,0.604,NA
149,88,negative-to-zero,ifs,FALSE,20,elitize_generation_data,148,37,0.622,NA
150,88,negative-to-zero,ifs,FALSE,20,elitize_generation_data,149,53,0.646,NA
151,88,negative-to-zero,ifs,FALSE,20,elitize_generation_data,150,46,0.662,NA
152,88,negative-to-zero,ifs,FALSE,20,elitize_generation_data,151,32,0.651,NA
153,88,negative-to-zero,ifs,FALSE,20,elitize_generation_data,152,43,0.651,NA
154,88,negative-to-zero,ifs,FALSE,20,elitize_generation_data,153,51,0.638,NA
155,88,negative-to-zero,ifs,FALSE,20,elitize_generation_data,154,46,0.651,NA
156,88,negative-to-zero,ifs,FALSE,20,elitize_generation_data,155,55,0.668,NA
157,88,negative-to-zero,ifs,FALSE,20,elitize_generation_data,156,48,0.679,NA
158,88,negative-to-zero,ifs,FALSE,20,elitize_generation_data,157,16,0.7,NA
159,88,negative-to-zero,ifs,FALSE,20,elitize_generation_data,158,20,0.66,NA
160,88,negative-to-zero,ifs,FALSE,20,elitize_generation_data,159,20,0.677,NA
161,88,negative-to-zero,ifs,FALSE,20,elitize_generation_data,160,24,0.645,NA
162,88,negative-to-zero,ifs,FALSE,20,elitize_generation_data,161,15,0.618,NA
163,88,negative-to-zero,ifs,FALSE,20,elitize_generation_data,162,21,0.632,NA
164,88,negative-to-zero,ifs,FALSE,20,elitize_generation_data,163,22,0.673,NA
165,88,negative-to-zero,ifs,FALSE,20,elitize_generation_data,164,23,0.687,NA
166,88,negative-to-zero,ifs,FALSE,20,elitize_generation_data,165,23,0.677,NA
167,88,negative-to-zero,ifs,FALSE,20,elitize_generation_data,166,15,0.726,NA
168,88,negative-to-zero,ifs,FALSE,20,elitize_generation_data,167,22,0.733,NA
169,88,negative-to-zero,ifs,FALSE,20,elitize_generation_data,168,34,0.728,NA
170,88,negative-to-zero,ifs,FALSE,20,elitize_generation_data,169,40,0.724,NA
171,88,negative-to-zero,ifs,FALSE,20,elitize_generation_data,170,44,0.7,NA
172,88,negative-to-zero,ifs,FALSE,20,elitize_generation_data,171,47,0.682,NA
173,88,negative-to-zero,ifs,FALSE,20,elitize_generation_data,172,56,0.692,NA
174,88,negative-to-zero,ifs,FALSE,20,elitize_generation_data,173,73,0.717,NA
175,88,negative-to-zero,ifs,FALSE,20,elitize_generation_data,174,60,0.711,NA
176,88,negative-to-zero,ifs,FALSE,20,elitize_generation_data,175,51,0.726,NA
177,88,negative-to-zero,ifs,FALSE,20,elitize_generation_data,176,61,0.741,NA
178,88,negative-to-zero,ifs,FALSE,20,elitize_generation_data,177,87,0.734,NA
179,88,negative-to-zero,ifs,FALSE,20,elitize_generation_data,178,80,0.725,NA
180,88,negative-to-zero,ifs,FALSE,20,elitize_generation_data,179,58,0.717,NA
181,88,negative-to-zero,ifs,FALSE,20,elitize_generation_data,180,72,0.705,NA
182,88,negative-to-zero,ifs,FALSE,20,elitize_generation_data,181,63,0.706,NA
183,88,negative-to-zero,ifs,FALSE,20,elitize_generation_data,182,80,0.68,NA
184,88,negative-to-zero,ifs,FALSE,20,elitize_generation_data,183,80,0.622,NA
185,88,negative-to-zero,ifs,FALSE,20,elitize_generation_data,184,86,0.639,NA
186,88,negative-to-zero,ifs,FALSE,20,elitize_generation_data,185,71,0.608,NA
187,88,negative-to-zero,ifs,FALSE,20,elitize_generation_data,186,69,0.606,NA
188,88,negative-to-zero,ifs,FALSE,20,elitize_generation_data,187,61,0.604,NA
189,88,negative-to-zero,ifs,FALSE,20,elitize_generation_data,188,96,0.638,NA
190,88,negative-to-zero,ifs,FALSE,20,elitize_generation_data,189,82,0.591,NA
191,88,negative-to-zero,ifs,FALSE,20,elitize_generation_data,190,82,0.592,NA
192,88,negative-to-zero,ifs,FALSE,20,elitize_generation_data,191,88,0.595,NA
193,88,negative-to-zero,ifs,FALSE,20,elitize_generation_data,192,62,0.597,NA
194,88,negative-to-zero,ifs,FALSE,20,elitize_generation_data,193,90,0.602,NA
195,88,negative-to-zero,ifs,FALSE,20,elitize_generation_data,194,68,0.626,NA
196,88,negative-to-zero,ifs,FALSE,20,elitize_generation_data,195,63,0.61,NA
197,88,negative-to-zero,ifs,FALSE,20,elitize_generation_data,196,63,0.635,NA
198,88,negative-to-zero,ifs,FALSE,20,elitize_generation_data,197,71,0.667,NA
199,88,negative-to-zero,ifs,FALSE,20,elitize_generation_data,198,64,0.66,NA
200,88,negative-to-zero,ifs,FALSE,20,elitize_generation_data,199,67,0.624,NA
201,88,negative-to-zero,ifs,FALSE,20,elitize_generation_data,200,71,0.622,NA
202,88,negative-to-zero,ifs,FALSE,20,elitize_generation_data,201,55,0.626,NA
203,88,negative-to-zero,ifs,FALSE,20,elitize_generation_data,202,57,0.656,NA
204,88,negative-to-zero,ifs,FALSE,20,elitize_generation_data,203,56,0.652,NA
205,88,negative-to-zero,ifs,FALSE,20,elitize_generation_data,204,63,0.647,NA
206,88,negative-to-zero,ifs,FALSE,20,elitize_generation_data,205,86,0.651,NA
207,88,negative-to-zero,ifs,FALSE,20,elitize_generation_data,206,73,0.639,NA
208,88,negative-to-zero,ifs,FALSE,20,elitize_generation_data,207,71,0.65,NA
209,88,negative-to-zero,ifs,FALSE,20,elitize_generation_data,208,76,0.647,NA
210,88,negative-to-zero,ifs,FALSE,20,elitize_generation_data,209,75,0.621,NA
211,88,negative-to-zero,ifs,FALSE,20,elitize_generation_data,210,99,0.613,NA
212,88,negative-to-zero,ifs,FALSE,20,elitize_generation_data,211,86,0.593,NA
213,88,negative-to-zero,ifs,FALSE,20,elitize_generation_data,212,105,0.575,NA
214,88,negative-to-zero,ifs,FALSE,20,elitize_generation_data,213,106,0.566,NA
215,88,negative-to-zero,ifs,FALSE,20,elitize_generation_data,214,92,0.568,NA
216,88,negative-to-zero,ifs,FALSE,20,elitize_generation_data,215,93,0.566,NA
217,88,negative-to-zero,ifs,FALSE,20,elitize_generation_data,216,101,0.56,NA
218,88,negative-to-zero,ifs,FALSE,20,elitize_generation_data,217,78,0.588,NA
219,88,negative-to-zero,ifs,FALSE,20,elitize_generation_data,218,67,0.598,NA
220,88,negative-to-zero,ifs,FALSE,20,elitize_generation_data,219,76,0.58,NA
221,88,negative-to-zero,ifs,FALSE,20,elitize_generation_data,220,77,0.602,NA
222,88,negative-to-zero,ifs,FALSE,20,elitize_generation_data,221,93,0.57,NA
223,88,negative-to-zero,ifs,FALSE,20,elitize_generation_data,222,90,0.6,NA
224,88,negative-to-zero,ifs,FALSE,20,elitize_generation_data,223,67,0.568,NA
225,88,negative-to-zero,ifs,FALSE,20,elitize_generation_data,224,71,0.584,NA
226,88,negative-to-zero,ifs,FALSE,20,elitize_generation_data,225,74,0.581,NA
227,88,negative-to-zero,ifs,FALSE,20,elitize_generation_data,226,66,0.576,NA
228,88,negative-to-zero,ifs,FALSE,20,elitize_generation_data,227,63,0.564,NA
229,88,negative-to-zero,ifs,FALSE,20,elitize_generation_data,228,100,0.594,NA
230,88,negative-to-zero,ifs,FALSE,20,elitize_generation_data,229,96,0.624,NA
231,88,negative-to-zero,ifs,FALSE,20,elitize_generation_data,230,90,0.614,NA
232,88,negative-to-zero,ifs,FALSE,20,elitize_generation_data,231,98,0.627,NA
233,88,negative-to-zero,ifs,FALSE,20,elitize_generation_data,232,61,0.65,NA
234,88,negative-to-zero,ifs,FALSE,20,elitize_generation_data,233,85,0.618,NA
235,88,negative-to-zero,ifs,FALSE,20,elitize_generation_data,234,69,0.616,NA
236,88,negative-to-zero,ifs,FALSE,20,elitize_generation_data,235,92,0.606,NA
237,88,negative-to-zero,ifs,FALSE,20,elitize_generation_data,236,60,0.625,NA
238,88,negative-to-zero,ifs,FALSE,20,elitize_generation_data,237,70,0.626,NA
239,88,negative-to-zero,ifs,FALSE,20,elitize_generation_data,238,75,0.616,NA
240,88,negative-to-zero,ifs,FALSE,20,elitize_generation_data,239,56,0.625,NA
241,88,negative-to-zero,ifs,FALSE,20,elitize_generation_data,240,102,0.619,NA
242,88,negative-to-zero,ifs,FALSE,20,elitize_generation_data,241,90,0.667,NA
243,88,negative-to-zero,ifs,FALSE,20,elitize_generation_data,242,72,0.672,NA
244,88,negative-to-zero,ifs,FALSE,20,elitize_generation_data,243,87,0.664,NA
245,88,negative-to-zero,ifs,FALSE,20,elitize_generation_data,244,87,0.668,NA
246,88,negative-to-zero,ifs,FALSE,20,elitize_generation_data,245,85,0.662,NA
247,88,negative-to-zero,ifs,FALSE,20,elitize_generation_data,246,73,0.642,NA
248,88,negative-to-zero,ifs,FALSE,20,elitize_generation_data,247,78,0.647,NA
249,88,negative-to-zero,ifs,FALSE,20,elitize_generation_data,248,88,0.648,NA
250,88,negative-to-zero,ifs,FALSE,20,elitize_generation_data,249,65,0.634,NA
251,88,negative-to-zero,ifs,FALSE,20,elitize_generation_data,250,96,0.644,NA
252,88,negative-to-zero,ifs,FALSE,20,elitize_generation_data,251,81,0.669,NA
253,88,negative-to-zero,ifs,FALSE,20,elitize_generation_data,252,111,0.705,NA
254,88,negative-to-zero,ifs,FALSE,20,elitize_generation_data,253,87,0.679,NA
255,88,negative-to-zero,ifs,FALSE,20,elitize_generation_data,254,75,0.648,NA
256,88,negative-to-zero,ifs,FALSE,20,elitize_generation_data,255,75,0.641,NA
257,88,negative-to-zero,ifs,FALSE,20,elitize_generation_data,256,98,0.623,NA
258,88,negative-to-zero,ifs,FALSE,20,elitize_generation_data,257,99,0.625,NA
259,88,negative-to-zero,ifs,FALSE,20,elitize_generation_data,258,106,0.627,NA
260,88,negative-to-zero,ifs,FALSE,20,elitize_generation_data,259,60,0.668,NA
261,88,negative-to-zero,ifs,FALSE,20,elitize_generation_data,260,72,0.686,NA
262,88,negative-to-zero,ifs,FALSE,20,elitize_generation_data,261,99,0.68,NA
263,88,negative-to-zero,ifs,FALSE,20,elitize_generation_data,262,87,0.684,NA
264,88,negative-to-zero,ifs,FALSE,20,elitize_generation_data,263,87,0.712,NA
265,88,negative-to-zero,ifs,FALSE,20,elitize_generation_data,264,81,0.697,NA
266,88,negative-to-zero,ifs,FALSE,20,elitize_generation_data,265,87,0.692,NA
267,88,negative-to-zero,ifs,FALSE,20,elitize_generation_data,266,85,0.681,NA
268,88,negative-to-zero,ifs,FALSE,20,elitize_generation_data,267,90,0.675,NA
269,88,negative-to-zero,ifs,FALSE,20,elitize_generation_data,268,86,0.681,NA
270,88,negative-to-zero,ifs,FALSE,20,elitize_generation_data,269,70,0.665,NA
271,88,negative-to-zero,ifs,FALSE,20,elitize_generation_data,270,70,0.655,NA
272,88,negative-to-zero,ifs,FALSE,20,elitize_generation_data,271,91,0.635,NA
273,88,negative-to-zero,ifs,FALSE,20,elitize_generation_data,272,78,0.64,NA
274,88,negative-to-zero,ifs,FALSE,20,elitize_generation_data,273,84,0.646,NA
275,88,negative-to-zero,ifs,FALSE,20,elitize_generation_data,274,72,0.658,NA
276,88,negative-to-zero,ifs,FALSE,20,elitize_generation_data,275,79,0.653,NA
277,88,negative-to-zero,ifs,FALSE,20,elitize_generation_data,276,87,0.677,NA
278,88,negative-to-zero,ifs,FALSE,20,elitize_generation_data,277,82,0.712,NA
279,88,negative-to-zero,ifs,FALSE,20,elitize_generation_data,278,79,0.682,NA
280,88,negative-to-zero,ifs,FALSE,20,elitize_generation_data,279,74,0.703,NA
281,88,negative-to-zero,ifs,FALSE,20,elitize_generation_data,280,71,0.694,NA
282,88,negative-to-zero,ifs,FALSE,20,elitize_generation_data,281,67,0.733,NA
283,88,negative-to-zero,ifs,FALSE,20,elitize_generation_data,282,70,0.725,NA
284,88,negative-to-zero,ifs,FALSE,20,elitize_generation_data,283,70,0.702,NA
285,88,negative-to-zero,ifs,FALSE,20,elitize_generation_data,284,81,0.674,NA
286,88,negative-to-zero,ifs,FALSE,20,elitize_generation_data,285,89,0.696,NA
287,88,negative-to-zero,ifs,FALSE,20,elitize_generation_data,286,72,0.702,NA
288,88,negative-to-zero,ifs,FALSE,20,elitize_generation_data,287,85,0.688,NA
289,88,negative-to-zero,ifs,FALSE,20,elitize_generation_data,288,62,0.686,NA
290,88,negative-to-zero,ifs,FALSE,20,elitize_generation_data,289,79,0.674,NA
291,88,negative-to-zero,ifs,FALSE,20,elitize_generation_data,290,84,0.661,NA
292,88,negative-to-zero,ifs,FALSE,20,elitize_generation_data,291,77,0.672,NA
293,88,negative-to-zero,ifs,FALSE,20,elitize_generation_data,292,87,0.647,NA
294,88,negative-to-zero,ifs,FALSE,20,elitize_generation_data,293,95,0.713,NA
295,88,negative-to-zero,ifs,FALSE,20,elitize_generation_data,294,80,0.669,NA
296,88,negative-to-zero,ifs,FALSE,20,elitize_generation_data,295,90,0.698,NA
297,88,negative-to-zero,ifs,FALSE,20,elitize_generation_data,296,78,0.68,NA
298,88,negative-to-zero,ifs,FALSE,20,elitize_generation_data,297,60,0.653,NA
299,88,negative-to-zero,ifs,FALSE,20,elitize_generation_data,298,71,0.655,NA
300,88,negative-to-zero,ifs,FALSE,20,elitize_generation_data,299,83,0.67,NA
301,88,negative-to-zero,ifs,FALSE,20,elitize_generation_data,300,92,0.65,NA
