,run.num,problem,treatment,succeeded,height,normalization.function,generation,cluster.count,error.diversity,success.generation
1,63,negative-to-zero,ifs,FALSE,20,elitize_generation_data,0,11,0.039,NA
2,63,negative-to-zero,ifs,FALSE,20,elitize_generation_data,1,8,0.069,NA
3,63,negative-to-zero,ifs,FALSE,20,elitize_generation_data,2,7,0.034,NA
4,63,negative-to-zero,ifs,FALSE,20,elitize_generation_data,3,9,0.024,NA
5,63,negative-to-zero,ifs,FALSE,20,elitize_generation_data,4,9,0.029,NA
6,63,negative-to-zero,ifs,FALSE,20,elitize_generation_data,5,8,0.028,NA
7,63,negative-to-zero,ifs,FALSE,20,elitize_generation_data,6,5,0.016,NA
8,63,negative-to-zero,ifs,FALSE,20,elitize_generation_data,7,7,0.024,NA
9,63,negative-to-zero,ifs,FALSE,20,elitize_generation_data,8,9,0.035,NA
10,63,negative-to-zero,ifs,FALSE,20,elitize_generation_data,9,9,0.03,NA
11,63,negative-to-zero,ifs,FALSE,20,elitize_generation_data,10,10,0.029,NA
12,63,negative-to-zero,ifs,FALSE,20,elitize_generation_data,11,9,0.026,NA
13,63,negative-to-zero,ifs,FALSE,20,elitize_generation_data,12,12,0.033,NA
14,63,negative-to-zero,ifs,FALSE,20,elitize_generation_data,13,14,0.034,NA
15,63,negative-to-zero,ifs,FALSE,20,elitize_generation_data,14,12,0.031,NA
16,63,negative-to-zero,ifs,FALSE,20,elitize_generation_data,15,12,0.032,NA
17,63,negative-to-zero,ifs,FALSE,20,elitize_generation_data,16,12,0.028,NA
18,63,negative-to-zero,ifs,FALSE,20,elitize_generation_data,17,13,0.036,NA
19,63,negative-to-zero,ifs,FALSE,20,elitize_generation_data,18,12,0.03,NA
20,63,negative-to-zero,ifs,FALSE,20,elitize_generation_data,19,11,0.027,NA
21,63,negative-to-zero,ifs,FALSE,20,elitize_generation_data,20,13,0.027,NA
22,63,negative-to-zero,ifs,FALSE,20,elitize_generation_data,21,11,0.029,NA
23,63,negative-to-zero,ifs,FALSE,20,elitize_generation_data,22,13,0.036,NA
24,63,negative-to-zero,ifs,FALSE,20,elitize_generation_data,23,11,0.024,NA
25,63,negative-to-zero,ifs,FALSE,20,elitize_generation_data,24,13,0.025,NA
26,63,negative-to-zero,ifs,FALSE,20,elitize_generation_data,25,11,0.026,NA
27,63,negative-to-zero,ifs,FALSE,20,elitize_generation_data,26,12,0.026,NA
28,63,negative-to-zero,ifs,FALSE,20,elitize_generation_data,27,14,0.03,NA
29,63,negative-to-zero,ifs,FALSE,20,elitize_generation_data,28,13,0.03,NA
30,63,negative-to-zero,ifs,FALSE,20,elitize_generation_data,29,14,0.029,NA
31,63,negative-to-zero,ifs,FALSE,20,elitize_generation_data,30,13,0.032,NA
32,63,negative-to-zero,ifs,FALSE,20,elitize_generation_data,31,11,0.024,NA
33,63,negative-to-zero,ifs,FALSE,20,elitize_generation_data,32,15,0.032,NA
34,63,negative-to-zero,ifs,FALSE,20,elitize_generation_data,33,12,0.023,NA
35,63,negative-to-zero,ifs,FALSE,20,elitize_generation_data,34,12,0.025,NA
36,63,negative-to-zero,ifs,FALSE,20,elitize_generation_data,35,12,0.027,NA
37,63,negative-to-zero,ifs,FALSE,20,elitize_generation_data,36,13,0.027,NA
38,63,negative-to-zero,ifs,FALSE,20,elitize_generation_data,37,14,0.03,NA
39,63,negative-to-zero,ifs,FALSE,20,elitize_generation_data,38,12,0.033,NA
40,63,negative-to-zero,ifs,FALSE,20,elitize_generation_data,39,16,0.032,NA
41,63,negative-to-zero,ifs,FALSE,20,elitize_generation_data,40,14,0.029,NA
42,63,negative-to-zero,ifs,FALSE,20,elitize_generation_data,41,15,0.034,NA
43,63,negative-to-zero,ifs,FALSE,20,elitize_generation_data,42,13,0.024,NA
44,63,negative-to-zero,ifs,FALSE,20,elitize_generation_data,43,16,0.033,NA
45,63,negative-to-zero,ifs,FALSE,20,elitize_generation_data,44,11,0.026,NA
46,63,negative-to-zero,ifs,FALSE,20,elitize_generation_data,45,14,0.027,NA
47,63,negative-to-zero,ifs,FALSE,20,elitize_generation_data,46,14,0.027,NA
48,63,negative-to-zero,ifs,FALSE,20,elitize_generation_data,47,13,0.029,NA
49,63,negative-to-zero,ifs,FALSE,20,elitize_generation_data,48,12,0.026,NA
50,63,negative-to-zero,ifs,FALSE,20,elitize_generation_data,49,13,0.03,NA
51,63,negative-to-zero,ifs,FALSE,20,elitize_generation_data,50,13,0.023,NA
52,63,negative-to-zero,ifs,FALSE,20,elitize_generation_data,51,13,0.027,NA
53,63,negative-to-zero,ifs,FALSE,20,elitize_generation_data,52,13,0.028,NA
54,63,negative-to-zero,ifs,FALSE,20,elitize_generation_data,53,12,0.026,NA
55,63,negative-to-zero,ifs,FALSE,20,elitize_generation_data,54,11,0.025,NA
56,63,negative-to-zero,ifs,FALSE,20,elitize_generation_data,55,13,0.026,NA
57,63,negative-to-zero,ifs,FALSE,20,elitize_generation_data,56,14,0.029,NA
58,63,negative-to-zero,ifs,FALSE,20,elitize_generation_data,57,11,0.029,NA
59,63,negative-to-zero,ifs,FALSE,20,elitize_generation_data,58,13,0.028,NA
60,63,negative-to-zero,ifs,FALSE,20,elitize_generation_data,59,12,0.026,NA
61,63,negative-to-zero,ifs,FALSE,20,elitize_generation_data,60,13,0.024,NA
62,63,negative-to-zero,ifs,FALSE,20,elitize_generation_data,61,12,0.029,NA
63,63,negative-to-zero,ifs,FALSE,20,elitize_generation_data,62,12,0.028,NA
64,63,negative-to-zero,ifs,FALSE,20,elitize_generation_data,63,11,0.024,NA
65,63,negative-to-zero,ifs,FALSE,20,elitize_generation_data,64,14,0.036,NA
66,63,negative-to-zero,ifs,FALSE,20,elitize_generation_data,65,25,0.048,NA
67,63,negative-to-zero,ifs,FALSE,20,elitize_generation_data,66,41,0.074,NA
68,63,negative-to-zero,ifs,FALSE,20,elitize_generation_data,67,41,0.075,NA
69,63,negative-to-zero,ifs,FALSE,20,elitize_generation_data,68,19,0.097,NA
70,63,negative-to-zero,ifs,FALSE,20,elitize_generation_data,69,44,0.09,NA
71,63,negative-to-zero,ifs,FALSE,20,elitize_generation_data,70,30,0.075,NA
72,63,negative-to-zero,ifs,FALSE,20,elitize_generation_data,71,16,0.07,NA
73,63,negative-to-zero,ifs,FALSE,20,elitize_generation_data,72,9,0.07,NA
74,63,negative-to-zero,ifs,FALSE,20,elitize_generation_data,73,8,0.078,NA
75,63,negative-to-zero,ifs,FALSE,20,elitize_generation_data,74,8,0.066,NA
76,63,negative-to-zero,ifs,FALSE,20,elitize_generation_data,75,7,0.082,NA
77,63,negative-to-zero,ifs,FALSE,20,elitize_generation_data,76,12,0.091,NA
78,63,negative-to-zero,ifs,FALSE,20,elitize_generation_data,77,15,0.104,NA
79,63,negative-to-zero,ifs,FALSE,20,elitize_generation_data,78,15,0.101,NA
80,63,negative-to-zero,ifs,FALSE,20,elitize_generation_data,79,17,0.108,NA
81,63,negative-to-zero,ifs,FALSE,20,elitize_generation_data,80,18,0.106,NA
82,63,negative-to-zero,ifs,FALSE,20,elitize_generation_data,81,20,0.096,NA
83,63,negative-to-zero,ifs,FALSE,20,elitize_generation_data,82,8,0.103,NA
84,63,negative-to-zero,ifs,FALSE,20,elitize_generation_data,83,10,0.104,NA
85,63,negative-to-zero,ifs,FALSE,20,elitize_generation_data,84,11,0.105,NA
86,63,negative-to-zero,ifs,FALSE,20,elitize_generation_data,85,22,0.111,NA
87,63,negative-to-zero,ifs,FALSE,20,elitize_generation_data,86,6,0.127,NA
88,63,negative-to-zero,ifs,FALSE,20,elitize_generation_data,87,8,0.129,NA
89,63,negative-to-zero,ifs,FALSE,20,elitize_generation_data,88,6,0.131,NA
90,63,negative-to-zero,ifs,FALSE,20,elitize_generation_data,89,8,0.129,NA
91,63,negative-to-zero,ifs,FALSE,20,elitize_generation_data,90,6,0.133,NA
92,63,negative-to-zero,ifs,FALSE,20,elitize_generation_data,91,8,0.123,NA
93,63,negative-to-zero,ifs,FALSE,20,elitize_generation_data,92,6,0.114,NA
94,63,negative-to-zero,ifs,FALSE,20,elitize_generation_data,93,6,0.144,NA
95,63,negative-to-zero,ifs,FALSE,20,elitize_generation_data,94,5,0.14,NA
96,63,negative-to-zero,ifs,FALSE,20,elitize_generation_data,95,6,0.144,NA
97,63,negative-to-zero,ifs,FALSE,20,elitize_generation_data,96,9,0.123,NA
98,63,negative-to-zero,ifs,FALSE,20,elitize_generation_data,97,7,0.137,NA
99,63,negative-to-zero,ifs,FALSE,20,elitize_generation_data,98,13,0.141,NA
100,63,negative-to-zero,ifs,FALSE,20,elitize_generation_data,99,6,0.133,NA
101,63,negative-to-zero,ifs,FALSE,20,elitize_generation_data,100,9,0.135,NA
102,63,negative-to-zero,ifs,FALSE,20,elitize_generation_data,101,7,0.148,NA
103,63,negative-to-zero,ifs,FALSE,20,elitize_generation_data,102,6,0.137,NA
104,63,negative-to-zero,ifs,FALSE,20,elitize_generation_data,103,6,0.143,NA
105,63,negative-to-zero,ifs,FALSE,20,elitize_generation_data,104,5,0.141,NA
106,63,negative-to-zero,ifs,FALSE,20,elitize_generation_data,105,5,0.133,NA
107,63,negative-to-zero,ifs,FALSE,20,elitize_generation_data,106,7,0.158,NA
108,63,negative-to-zero,ifs,FALSE,20,elitize_generation_data,107,5,0.135,NA
109,63,negative-to-zero,ifs,FALSE,20,elitize_generation_data,108,6,0.141,NA
110,63,negative-to-zero,ifs,FALSE,20,elitize_generation_data,109,13,0.132,NA
111,63,negative-to-zero,ifs,FALSE,20,elitize_generation_data,110,7,0.139,NA
112,63,negative-to-zero,ifs,FALSE,20,elitize_generation_data,111,6,0.147,NA
113,63,negative-to-zero,ifs,FALSE,20,elitize_generation_data,112,18,0.128,NA
114,63,negative-to-zero,ifs,FALSE,20,elitize_generation_data,113,5,0.146,NA
115,63,negative-to-zero,ifs,FALSE,20,elitize_generation_data,114,6,0.147,NA
116,63,negative-to-zero,ifs,FALSE,20,elitize_generation_data,115,10,0.136,NA
117,63,negative-to-zero,ifs,FALSE,20,elitize_generation_data,116,6,0.132,NA
118,63,negative-to-zero,ifs,FALSE,20,elitize_generation_data,117,9,0.145,NA
119,63,negative-to-zero,ifs,FALSE,20,elitize_generation_data,118,6,0.147,NA
120,63,negative-to-zero,ifs,FALSE,20,elitize_generation_data,119,5,0.154,NA
121,63,negative-to-zero,ifs,FALSE,20,elitize_generation_data,120,14,0.153,NA
122,63,negative-to-zero,ifs,FALSE,20,elitize_generation_data,121,7,0.174,NA
123,63,negative-to-zero,ifs,FALSE,20,elitize_generation_data,122,7,0.19,NA
124,63,negative-to-zero,ifs,FALSE,20,elitize_generation_data,123,5,0.232,NA
125,63,negative-to-zero,ifs,FALSE,20,elitize_generation_data,124,4,0.195,NA
126,63,negative-to-zero,ifs,FALSE,20,elitize_generation_data,125,7,0.212,NA
127,63,negative-to-zero,ifs,FALSE,20,elitize_generation_data,126,5,0.207,NA
128,63,negative-to-zero,ifs,FALSE,20,elitize_generation_data,127,9,0.209,NA
129,63,negative-to-zero,ifs,FALSE,20,elitize_generation_data,128,6,0.134,NA
130,63,negative-to-zero,ifs,FALSE,20,elitize_generation_data,129,11,0.131,NA
131,63,negative-to-zero,ifs,FALSE,20,elitize_generation_data,130,7,0.124,NA
132,63,negative-to-zero,ifs,FALSE,20,elitize_generation_data,131,8,0.15,NA
133,63,negative-to-zero,ifs,FALSE,20,elitize_generation_data,132,14,0.154,NA
134,63,negative-to-zero,ifs,FALSE,20,elitize_generation_data,133,9,0.137,NA
135,63,negative-to-zero,ifs,FALSE,20,elitize_generation_data,134,7,0.131,NA
136,63,negative-to-zero,ifs,FALSE,20,elitize_generation_data,135,6,0.146,NA
137,63,negative-to-zero,ifs,FALSE,20,elitize_generation_data,136,14,0.148,NA
138,63,negative-to-zero,ifs,FALSE,20,elitize_generation_data,137,12,0.146,NA
139,63,negative-to-zero,ifs,FALSE,20,elitize_generation_data,138,7,0.148,NA
140,63,negative-to-zero,ifs,FALSE,20,elitize_generation_data,139,14,0.129,NA
141,63,negative-to-zero,ifs,FALSE,20,elitize_generation_data,140,5,0.14,NA
142,63,negative-to-zero,ifs,FALSE,20,elitize_generation_data,141,12,0.143,NA
143,63,negative-to-zero,ifs,FALSE,20,elitize_generation_data,142,8,0.125,NA
144,63,negative-to-zero,ifs,FALSE,20,elitize_generation_data,143,6,0.136,NA
145,63,negative-to-zero,ifs,FALSE,20,elitize_generation_data,144,6,0.135,NA
146,63,negative-to-zero,ifs,FALSE,20,elitize_generation_data,145,11,0.135,NA
147,63,negative-to-zero,ifs,FALSE,20,elitize_generation_data,146,8,0.132,NA
148,63,negative-to-zero,ifs,FALSE,20,elitize_generation_data,147,9,0.152,NA
149,63,negative-to-zero,ifs,FALSE,20,elitize_generation_data,148,7,0.133,NA
150,63,negative-to-zero,ifs,FALSE,20,elitize_generation_data,149,6,0.158,NA
151,63,negative-to-zero,ifs,FALSE,20,elitize_generation_data,150,14,0.144,NA
152,63,negative-to-zero,ifs,FALSE,20,elitize_generation_data,151,6,0.133,NA
153,63,negative-to-zero,ifs,FALSE,20,elitize_generation_data,152,6,0.149,NA
154,63,negative-to-zero,ifs,FALSE,20,elitize_generation_data,153,7,0.14,NA
155,63,negative-to-zero,ifs,FALSE,20,elitize_generation_data,154,7,0.137,NA
156,63,negative-to-zero,ifs,FALSE,20,elitize_generation_data,155,6,0.15,NA
157,63,negative-to-zero,ifs,FALSE,20,elitize_generation_data,156,15,0.164,NA
158,63,negative-to-zero,ifs,FALSE,20,elitize_generation_data,157,9,0.126,NA
159,63,negative-to-zero,ifs,FALSE,20,elitize_generation_data,158,12,0.136,NA
160,63,negative-to-zero,ifs,FALSE,20,elitize_generation_data,159,7,0.15,NA
161,63,negative-to-zero,ifs,FALSE,20,elitize_generation_data,160,5,0.134,NA
162,63,negative-to-zero,ifs,FALSE,20,elitize_generation_data,161,5,0.149,NA
163,63,negative-to-zero,ifs,FALSE,20,elitize_generation_data,162,10,0.137,NA
164,63,negative-to-zero,ifs,FALSE,20,elitize_generation_data,163,10,0.148,NA
165,63,negative-to-zero,ifs,FALSE,20,elitize_generation_data,164,14,0.148,NA
166,63,negative-to-zero,ifs,FALSE,20,elitize_generation_data,165,12,0.139,NA
167,63,negative-to-zero,ifs,FALSE,20,elitize_generation_data,166,4,0.147,NA
168,63,negative-to-zero,ifs,FALSE,20,elitize_generation_data,167,4,0.139,NA
169,63,negative-to-zero,ifs,FALSE,20,elitize_generation_data,168,6,0.136,NA
170,63,negative-to-zero,ifs,FALSE,20,elitize_generation_data,169,12,0.142,NA
171,63,negative-to-zero,ifs,FALSE,20,elitize_generation_data,170,14,0.154,NA
172,63,negative-to-zero,ifs,FALSE,20,elitize_generation_data,171,5,0.138,NA
173,63,negative-to-zero,ifs,FALSE,20,elitize_generation_data,172,13,0.152,NA
174,63,negative-to-zero,ifs,FALSE,20,elitize_generation_data,173,6,0.14,NA
175,63,negative-to-zero,ifs,FALSE,20,elitize_generation_data,174,5,0.139,NA
176,63,negative-to-zero,ifs,FALSE,20,elitize_generation_data,175,7,0.141,NA
177,63,negative-to-zero,ifs,FALSE,20,elitize_generation_data,176,5,0.139,NA
178,63,negative-to-zero,ifs,FALSE,20,elitize_generation_data,177,5,0.14,NA
179,63,negative-to-zero,ifs,FALSE,20,elitize_generation_data,178,8,0.136,NA
180,63,negative-to-zero,ifs,FALSE,20,elitize_generation_data,179,5,0.146,NA
181,63,negative-to-zero,ifs,FALSE,20,elitize_generation_data,180,5,0.135,NA
182,63,negative-to-zero,ifs,FALSE,20,elitize_generation_data,181,6,0.147,NA
183,63,negative-to-zero,ifs,FALSE,20,elitize_generation_data,182,14,0.135,NA
184,63,negative-to-zero,ifs,FALSE,20,elitize_generation_data,183,6,0.133,NA
185,63,negative-to-zero,ifs,FALSE,20,elitize_generation_data,184,6,0.145,NA
186,63,negative-to-zero,ifs,FALSE,20,elitize_generation_data,185,7,0.122,NA
187,63,negative-to-zero,ifs,FALSE,20,elitize_generation_data,186,7,0.133,NA
188,63,negative-to-zero,ifs,FALSE,20,elitize_generation_data,187,7,0.152,NA
189,63,negative-to-zero,ifs,FALSE,20,elitize_generation_data,188,10,0.14,NA
190,63,negative-to-zero,ifs,FALSE,20,elitize_generation_data,189,5,0.145,NA
191,63,negative-to-zero,ifs,FALSE,20,elitize_generation_data,190,5,0.15,NA
192,63,negative-to-zero,ifs,FALSE,20,elitize_generation_data,191,5,0.154,NA
193,63,negative-to-zero,ifs,FALSE,20,elitize_generation_data,192,5,0.145,NA
194,63,negative-to-zero,ifs,FALSE,20,elitize_generation_data,193,14,0.138,NA
195,63,negative-to-zero,ifs,FALSE,20,elitize_generation_data,194,5,0.138,NA
196,63,negative-to-zero,ifs,FALSE,20,elitize_generation_data,195,5,0.149,NA
197,63,negative-to-zero,ifs,FALSE,20,elitize_generation_data,196,6,0.14,NA
198,63,negative-to-zero,ifs,FALSE,20,elitize_generation_data,197,8,0.131,NA
199,63,negative-to-zero,ifs,FALSE,20,elitize_generation_data,198,7,0.147,NA
200,63,negative-to-zero,ifs,FALSE,20,elitize_generation_data,199,5,0.142,NA
201,63,negative-to-zero,ifs,FALSE,20,elitize_generation_data,200,6,0.146,NA
202,63,negative-to-zero,ifs,FALSE,20,elitize_generation_data,201,5,0.141,NA
203,63,negative-to-zero,ifs,FALSE,20,elitize_generation_data,202,5,0.142,NA
204,63,negative-to-zero,ifs,FALSE,20,elitize_generation_data,203,6,0.134,NA
205,63,negative-to-zero,ifs,FALSE,20,elitize_generation_data,204,12,0.132,NA
206,63,negative-to-zero,ifs,FALSE,20,elitize_generation_data,205,6,0.139,NA
207,63,negative-to-zero,ifs,FALSE,20,elitize_generation_data,206,5,0.13,NA
208,63,negative-to-zero,ifs,FALSE,20,elitize_generation_data,207,7,0.132,NA
209,63,negative-to-zero,ifs,FALSE,20,elitize_generation_data,208,4,0.158,NA
210,63,negative-to-zero,ifs,FALSE,20,elitize_generation_data,209,7,0.132,NA
211,63,negative-to-zero,ifs,FALSE,20,elitize_generation_data,210,5,0.144,NA
212,63,negative-to-zero,ifs,FALSE,20,elitize_generation_data,211,5,0.138,NA
213,63,negative-to-zero,ifs,FALSE,20,elitize_generation_data,212,6,0.142,NA
214,63,negative-to-zero,ifs,FALSE,20,elitize_generation_data,213,13,0.118,NA
215,63,negative-to-zero,ifs,FALSE,20,elitize_generation_data,214,6,0.122,NA
216,63,negative-to-zero,ifs,FALSE,20,elitize_generation_data,215,7,0.145,NA
217,63,negative-to-zero,ifs,FALSE,20,elitize_generation_data,216,5,0.15,NA
218,63,negative-to-zero,ifs,FALSE,20,elitize_generation_data,217,5,0.14,NA
219,63,negative-to-zero,ifs,FALSE,20,elitize_generation_data,218,7,0.144,NA
220,63,negative-to-zero,ifs,FALSE,20,elitize_generation_data,219,7,0.133,NA
221,63,negative-to-zero,ifs,FALSE,20,elitize_generation_data,220,5,0.145,NA
222,63,negative-to-zero,ifs,FALSE,20,elitize_generation_data,221,6,0.149,NA
223,63,negative-to-zero,ifs,FALSE,20,elitize_generation_data,222,7,0.137,NA
224,63,negative-to-zero,ifs,FALSE,20,elitize_generation_data,223,5,0.137,NA
225,63,negative-to-zero,ifs,FALSE,20,elitize_generation_data,224,7,0.144,NA
226,63,negative-to-zero,ifs,FALSE,20,elitize_generation_data,225,5,0.13,NA
227,63,negative-to-zero,ifs,FALSE,20,elitize_generation_data,226,7,0.131,NA
228,63,negative-to-zero,ifs,FALSE,20,elitize_generation_data,227,6,0.149,NA
229,63,negative-to-zero,ifs,FALSE,20,elitize_generation_data,228,7,0.145,NA
230,63,negative-to-zero,ifs,FALSE,20,elitize_generation_data,229,6,0.151,NA
231,63,negative-to-zero,ifs,FALSE,20,elitize_generation_data,230,5,0.139,NA
232,63,negative-to-zero,ifs,FALSE,20,elitize_generation_data,231,5,0.161,NA
233,63,negative-to-zero,ifs,FALSE,20,elitize_generation_data,232,5,0.153,NA
234,63,negative-to-zero,ifs,FALSE,20,elitize_generation_data,233,6,0.137,NA
235,63,negative-to-zero,ifs,FALSE,20,elitize_generation_data,234,6,0.148,NA
236,63,negative-to-zero,ifs,FALSE,20,elitize_generation_data,235,5,0.137,NA
237,63,negative-to-zero,ifs,FALSE,20,elitize_generation_data,236,18,0.135,NA
238,63,negative-to-zero,ifs,FALSE,20,elitize_generation_data,237,6,0.142,NA
239,63,negative-to-zero,ifs,FALSE,20,elitize_generation_data,238,5,0.157,NA
240,63,negative-to-zero,ifs,FALSE,20,elitize_generation_data,239,7,0.134,NA
241,63,negative-to-zero,ifs,FALSE,20,elitize_generation_data,240,4,0.151,NA
242,63,negative-to-zero,ifs,FALSE,20,elitize_generation_data,241,5,0.159,NA
243,63,negative-to-zero,ifs,FALSE,20,elitize_generation_data,242,5,0.152,NA
244,63,negative-to-zero,ifs,FALSE,20,elitize_generation_data,243,5,0.143,NA
245,63,negative-to-zero,ifs,FALSE,20,elitize_generation_data,244,5,0.149,NA
246,63,negative-to-zero,ifs,FALSE,20,elitize_generation_data,245,5,0.154,NA
247,63,negative-to-zero,ifs,FALSE,20,elitize_generation_data,246,5,0.162,NA
248,63,negative-to-zero,ifs,FALSE,20,elitize_generation_data,247,7,0.151,NA
249,63,negative-to-zero,ifs,FALSE,20,elitize_generation_data,248,5,0.144,NA
250,63,negative-to-zero,ifs,FALSE,20,elitize_generation_data,249,5,0.146,NA
251,63,negative-to-zero,ifs,FALSE,20,elitize_generation_data,250,8,0.135,NA
252,63,negative-to-zero,ifs,FALSE,20,elitize_generation_data,251,5,0.148,NA
253,63,negative-to-zero,ifs,FALSE,20,elitize_generation_data,252,6,0.145,NA
254,63,negative-to-zero,ifs,FALSE,20,elitize_generation_data,253,5,0.163,NA
255,63,negative-to-zero,ifs,FALSE,20,elitize_generation_data,254,8,0.152,NA
256,63,negative-to-zero,ifs,FALSE,20,elitize_generation_data,255,5,0.157,NA
257,63,negative-to-zero,ifs,FALSE,20,elitize_generation_data,256,6,0.145,NA
258,63,negative-to-zero,ifs,FALSE,20,elitize_generation_data,257,4,0.146,NA
259,63,negative-to-zero,ifs,FALSE,20,elitize_generation_data,258,13,0.139,NA
260,63,negative-to-zero,ifs,FALSE,20,elitize_generation_data,259,5,0.144,NA
261,63,negative-to-zero,ifs,FALSE,20,elitize_generation_data,260,4,0.152,NA
262,63,negative-to-zero,ifs,FALSE,20,elitize_generation_data,261,5,0.148,NA
263,63,negative-to-zero,ifs,FALSE,20,elitize_generation_data,262,6,0.148,NA
264,63,negative-to-zero,ifs,FALSE,20,elitize_generation_data,263,5,0.157,NA
265,63,negative-to-zero,ifs,FALSE,20,elitize_generation_data,264,5,0.156,NA
266,63,negative-to-zero,ifs,FALSE,20,elitize_generation_data,265,9,0.133,NA
267,63,negative-to-zero,ifs,FALSE,20,elitize_generation_data,266,7,0.164,NA
268,63,negative-to-zero,ifs,FALSE,20,elitize_generation_data,267,7,0.134,NA
269,63,negative-to-zero,ifs,FALSE,20,elitize_generation_data,268,5,0.161,NA
270,63,negative-to-zero,ifs,FALSE,20,elitize_generation_data,269,5,0.157,NA
271,63,negative-to-zero,ifs,FALSE,20,elitize_generation_data,270,6,0.161,NA
272,63,negative-to-zero,ifs,FALSE,20,elitize_generation_data,271,7,0.146,NA
273,63,negative-to-zero,ifs,FALSE,20,elitize_generation_data,272,7,0.143,NA
274,63,negative-to-zero,ifs,FALSE,20,elitize_generation_data,273,5,0.14,NA
275,63,negative-to-zero,ifs,FALSE,20,elitize_generation_data,274,7,0.144,NA
276,63,negative-to-zero,ifs,FALSE,20,elitize_generation_data,275,6,0.149,NA
277,63,negative-to-zero,ifs,FALSE,20,elitize_generation_data,276,10,0.145,NA
278,63,negative-to-zero,ifs,FALSE,20,elitize_generation_data,277,6,0.143,NA
279,63,negative-to-zero,ifs,FALSE,20,elitize_generation_data,278,8,0.134,NA
280,63,negative-to-zero,ifs,FALSE,20,elitize_generation_data,279,5,0.142,NA
281,63,negative-to-zero,ifs,FALSE,20,elitize_generation_data,280,6,0.167,NA
282,63,negative-to-zero,ifs,FALSE,20,elitize_generation_data,281,7,0.147,NA
283,63,negative-to-zero,ifs,FALSE,20,elitize_generation_data,282,12,0.146,NA
284,63,negative-to-zero,ifs,FALSE,20,elitize_generation_data,283,5,0.156,NA
285,63,negative-to-zero,ifs,FALSE,20,elitize_generation_data,284,5,0.138,NA
286,63,negative-to-zero,ifs,FALSE,20,elitize_generation_data,285,13,0.15,NA
287,63,negative-to-zero,ifs,FALSE,20,elitize_generation_data,286,5,0.155,NA
288,63,negative-to-zero,ifs,FALSE,20,elitize_generation_data,287,6,0.136,NA
289,63,negative-to-zero,ifs,FALSE,20,elitize_generation_data,288,4,0.154,NA
290,63,negative-to-zero,ifs,FALSE,20,elitize_generation_data,289,5,0.159,NA
291,63,negative-to-zero,ifs,FALSE,20,elitize_generation_data,290,3,0.137,NA
292,63,negative-to-zero,ifs,FALSE,20,elitize_generation_data,291,7,0.144,NA
293,63,negative-to-zero,ifs,FALSE,20,elitize_generation_data,292,7,0.156,NA
294,63,negative-to-zero,ifs,FALSE,20,elitize_generation_data,293,7,0.15,NA
295,63,negative-to-zero,ifs,FALSE,20,elitize_generation_data,294,5,0.164,NA
296,63,negative-to-zero,ifs,FALSE,20,elitize_generation_data,295,6,0.139,NA
297,63,negative-to-zero,ifs,FALSE,20,elitize_generation_data,296,5,0.153,NA
298,63,negative-to-zero,ifs,FALSE,20,elitize_generation_data,297,7,0.146,NA
299,63,negative-to-zero,ifs,FALSE,20,elitize_generation_data,298,14,0.13,NA
300,63,negative-to-zero,ifs,FALSE,20,elitize_generation_data,299,6,0.164,NA
301,63,negative-to-zero,ifs,FALSE,20,elitize_generation_data,300,5,0.143,NA
