,run.num,problem,treatment,succeeded,height,normalization.function,generation,cluster.count,error.diversity,success.generation
1,7,negative-to-zero,ifs,FALSE,20,elitize_generation_data,0,11,0.049,NA
2,7,negative-to-zero,ifs,FALSE,20,elitize_generation_data,1,12,0.084,NA
3,7,negative-to-zero,ifs,FALSE,20,elitize_generation_data,2,19,0.042,NA
4,7,negative-to-zero,ifs,FALSE,20,elitize_generation_data,3,7,0.022,NA
5,7,negative-to-zero,ifs,FALSE,20,elitize_generation_data,4,11,0.025,NA
6,7,negative-to-zero,ifs,FALSE,20,elitize_generation_data,5,7,0.018,NA
7,7,negative-to-zero,ifs,FALSE,20,elitize_generation_data,6,7,0.02,NA
8,7,negative-to-zero,ifs,FALSE,20,elitize_generation_data,7,7,0.015,NA
9,7,negative-to-zero,ifs,FALSE,20,elitize_generation_data,8,6,0.02,NA
10,7,negative-to-zero,ifs,FALSE,20,elitize_generation_data,9,7,0.016,NA
11,7,negative-to-zero,ifs,FALSE,20,elitize_generation_data,10,6,0.016,NA
12,7,negative-to-zero,ifs,FALSE,20,elitize_generation_data,11,8,0.018,NA
13,7,negative-to-zero,ifs,FALSE,20,elitize_generation_data,12,5,0.01,NA
14,7,negative-to-zero,ifs,FALSE,20,elitize_generation_data,13,4,0.009,NA
15,7,negative-to-zero,ifs,FALSE,20,elitize_generation_data,14,4,0.011,NA
16,7,negative-to-zero,ifs,FALSE,20,elitize_generation_data,15,4,0.01,NA
17,7,negative-to-zero,ifs,FALSE,20,elitize_generation_data,16,5,0.01,NA
18,7,negative-to-zero,ifs,FALSE,20,elitize_generation_data,17,3,0.004,NA
19,7,negative-to-zero,ifs,FALSE,20,elitize_generation_data,18,5,0.015,NA
20,7,negative-to-zero,ifs,FALSE,20,elitize_generation_data,19,6,0.012,NA
21,7,negative-to-zero,ifs,FALSE,20,elitize_generation_data,20,4,0.008,NA
22,7,negative-to-zero,ifs,FALSE,20,elitize_generation_data,21,6,0.01,NA
23,7,negative-to-zero,ifs,FALSE,20,elitize_generation_data,22,3,0.009,NA
24,7,negative-to-zero,ifs,FALSE,20,elitize_generation_data,23,4,0.007,NA
25,7,negative-to-zero,ifs,FALSE,20,elitize_generation_data,24,5,0.009,NA
26,7,negative-to-zero,ifs,FALSE,20,elitize_generation_data,25,4,0.01,NA
27,7,negative-to-zero,ifs,FALSE,20,elitize_generation_data,26,6,0.011,NA
28,7,negative-to-zero,ifs,FALSE,20,elitize_generation_data,27,5,0.008,NA
29,7,negative-to-zero,ifs,FALSE,20,elitize_generation_data,28,3,0.006,NA
30,7,negative-to-zero,ifs,FALSE,20,elitize_generation_data,29,5,0.009,NA
31,7,negative-to-zero,ifs,FALSE,20,elitize_generation_data,30,3,0.006,NA
32,7,negative-to-zero,ifs,FALSE,20,elitize_generation_data,31,3,0.008,NA
33,7,negative-to-zero,ifs,FALSE,20,elitize_generation_data,32,5,0.008,NA
34,7,negative-to-zero,ifs,FALSE,20,elitize_generation_data,33,4,0.009,NA
35,7,negative-to-zero,ifs,FALSE,20,elitize_generation_data,34,4,0.006,NA
36,7,negative-to-zero,ifs,FALSE,20,elitize_generation_data,35,3,0.005,NA
37,7,negative-to-zero,ifs,FALSE,20,elitize_generation_data,36,5,0.007,NA
38,7,negative-to-zero,ifs,FALSE,20,elitize_generation_data,37,4,0.008,NA
39,7,negative-to-zero,ifs,FALSE,20,elitize_generation_data,38,4,0.01,NA
40,7,negative-to-zero,ifs,FALSE,20,elitize_generation_data,39,5,0.009,NA
41,7,negative-to-zero,ifs,FALSE,20,elitize_generation_data,40,4,0.007,NA
42,7,negative-to-zero,ifs,FALSE,20,elitize_generation_data,41,5,0.008,NA
43,7,negative-to-zero,ifs,FALSE,20,elitize_generation_data,42,4,0.009,NA
44,7,negative-to-zero,ifs,FALSE,20,elitize_generation_data,43,5,0.007,NA
45,7,negative-to-zero,ifs,FALSE,20,elitize_generation_data,44,4,0.007,NA
46,7,negative-to-zero,ifs,FALSE,20,elitize_generation_data,45,3,0.006,NA
47,7,negative-to-zero,ifs,FALSE,20,elitize_generation_data,46,4,0.008,NA
48,7,negative-to-zero,ifs,FALSE,20,elitize_generation_data,47,4,0.005,NA
49,7,negative-to-zero,ifs,FALSE,20,elitize_generation_data,48,4,0.009,NA
50,7,negative-to-zero,ifs,FALSE,20,elitize_generation_data,49,4,0.007,NA
51,7,negative-to-zero,ifs,FALSE,20,elitize_generation_data,50,4,0.007,NA
52,7,negative-to-zero,ifs,FALSE,20,elitize_generation_data,51,4,0.007,NA
53,7,negative-to-zero,ifs,FALSE,20,elitize_generation_data,52,2,0.007,NA
54,7,negative-to-zero,ifs,FALSE,20,elitize_generation_data,53,3,0.006,NA
55,7,negative-to-zero,ifs,FALSE,20,elitize_generation_data,54,4,0.006,NA
56,7,negative-to-zero,ifs,FALSE,20,elitize_generation_data,55,5,0.007,NA
57,7,negative-to-zero,ifs,FALSE,20,elitize_generation_data,56,3,0.006,NA
58,7,negative-to-zero,ifs,FALSE,20,elitize_generation_data,57,5,0.007,NA
59,7,negative-to-zero,ifs,FALSE,20,elitize_generation_data,58,3,0.007,NA
60,7,negative-to-zero,ifs,FALSE,20,elitize_generation_data,59,2,0.003,NA
61,7,negative-to-zero,ifs,FALSE,20,elitize_generation_data,60,3,0.005,NA
62,7,negative-to-zero,ifs,FALSE,20,elitize_generation_data,61,2,0.005,NA
63,7,negative-to-zero,ifs,FALSE,20,elitize_generation_data,62,4,0.007,NA
64,7,negative-to-zero,ifs,FALSE,20,elitize_generation_data,63,4,0.009,NA
65,7,negative-to-zero,ifs,FALSE,20,elitize_generation_data,64,3,0.007,NA
66,7,negative-to-zero,ifs,FALSE,20,elitize_generation_data,65,5,0.007,NA
67,7,negative-to-zero,ifs,FALSE,20,elitize_generation_data,66,3,0.007,NA
68,7,negative-to-zero,ifs,FALSE,20,elitize_generation_data,67,3,0.004,NA
69,7,negative-to-zero,ifs,FALSE,20,elitize_generation_data,68,4,0.007,NA
70,7,negative-to-zero,ifs,FALSE,20,elitize_generation_data,69,4,0.004,NA
71,7,negative-to-zero,ifs,FALSE,20,elitize_generation_data,70,3,0.004,NA
72,7,negative-to-zero,ifs,FALSE,20,elitize_generation_data,71,3,0.004,NA
73,7,negative-to-zero,ifs,FALSE,20,elitize_generation_data,72,4,0.007,NA
74,7,negative-to-zero,ifs,FALSE,20,elitize_generation_data,73,4,0.006,NA
75,7,negative-to-zero,ifs,FALSE,20,elitize_generation_data,74,3,0.006,NA
76,7,negative-to-zero,ifs,FALSE,20,elitize_generation_data,75,4,0.007,NA
77,7,negative-to-zero,ifs,FALSE,20,elitize_generation_data,76,5,0.006,NA
78,7,negative-to-zero,ifs,FALSE,20,elitize_generation_data,77,4,0.007,NA
79,7,negative-to-zero,ifs,FALSE,20,elitize_generation_data,78,3,0.006,NA
80,7,negative-to-zero,ifs,FALSE,20,elitize_generation_data,79,3,0.005,NA
81,7,negative-to-zero,ifs,FALSE,20,elitize_generation_data,80,3,0.003,NA
82,7,negative-to-zero,ifs,FALSE,20,elitize_generation_data,81,2,0.003,NA
83,7,negative-to-zero,ifs,FALSE,20,elitize_generation_data,82,4,0.005,NA
84,7,negative-to-zero,ifs,FALSE,20,elitize_generation_data,83,4,0.006,NA
85,7,negative-to-zero,ifs,FALSE,20,elitize_generation_data,84,5,0.008,NA
86,7,negative-to-zero,ifs,FALSE,20,elitize_generation_data,85,5,0.006,NA
87,7,negative-to-zero,ifs,FALSE,20,elitize_generation_data,86,4,0.005,NA
88,7,negative-to-zero,ifs,FALSE,20,elitize_generation_data,87,5,0.008,NA
89,7,negative-to-zero,ifs,FALSE,20,elitize_generation_data,88,5,0.009,NA
90,7,negative-to-zero,ifs,FALSE,20,elitize_generation_data,89,5,0.006,NA
91,7,negative-to-zero,ifs,FALSE,20,elitize_generation_data,90,5,0.005,NA
92,7,negative-to-zero,ifs,FALSE,20,elitize_generation_data,91,5,0.006,NA
93,7,negative-to-zero,ifs,FALSE,20,elitize_generation_data,92,5,0.007,NA
94,7,negative-to-zero,ifs,FALSE,20,elitize_generation_data,93,4,0.005,NA
95,7,negative-to-zero,ifs,FALSE,20,elitize_generation_data,94,6,0.008,NA
96,7,negative-to-zero,ifs,FALSE,20,elitize_generation_data,95,4,0.005,NA
97,7,negative-to-zero,ifs,FALSE,20,elitize_generation_data,96,3,0.003,NA
98,7,negative-to-zero,ifs,FALSE,20,elitize_generation_data,97,4,0.004,NA
99,7,negative-to-zero,ifs,FALSE,20,elitize_generation_data,98,7,0.007,NA
100,7,negative-to-zero,ifs,FALSE,20,elitize_generation_data,99,6,0.007,NA
101,7,negative-to-zero,ifs,FALSE,20,elitize_generation_data,100,4,0.005,NA
102,7,negative-to-zero,ifs,FALSE,20,elitize_generation_data,101,4,0.006,NA
103,7,negative-to-zero,ifs,FALSE,20,elitize_generation_data,102,3,0.003,NA
104,7,negative-to-zero,ifs,FALSE,20,elitize_generation_data,103,4,0.006,NA
105,7,negative-to-zero,ifs,FALSE,20,elitize_generation_data,104,4,0.007,NA
106,7,negative-to-zero,ifs,FALSE,20,elitize_generation_data,105,5,0.006,NA
107,7,negative-to-zero,ifs,FALSE,20,elitize_generation_data,106,5,0.006,NA
108,7,negative-to-zero,ifs,FALSE,20,elitize_generation_data,107,3,0.003,NA
109,7,negative-to-zero,ifs,FALSE,20,elitize_generation_data,108,4,0.005,NA
110,7,negative-to-zero,ifs,FALSE,20,elitize_generation_data,109,3,0.004,NA
111,7,negative-to-zero,ifs,FALSE,20,elitize_generation_data,110,2,0.003,NA
112,7,negative-to-zero,ifs,FALSE,20,elitize_generation_data,111,4,0.005,NA
113,7,negative-to-zero,ifs,FALSE,20,elitize_generation_data,112,2,0.003,NA
114,7,negative-to-zero,ifs,FALSE,20,elitize_generation_data,113,6,0.006,NA
115,7,negative-to-zero,ifs,FALSE,20,elitize_generation_data,114,3,0.004,NA
116,7,negative-to-zero,ifs,FALSE,20,elitize_generation_data,115,4,0.005,NA
117,7,negative-to-zero,ifs,FALSE,20,elitize_generation_data,116,4,0.006,NA
118,7,negative-to-zero,ifs,FALSE,20,elitize_generation_data,117,2,0.003,NA
119,7,negative-to-zero,ifs,FALSE,20,elitize_generation_data,118,3,0.004,NA
120,7,negative-to-zero,ifs,FALSE,20,elitize_generation_data,119,6,0.008,NA
121,7,negative-to-zero,ifs,FALSE,20,elitize_generation_data,120,4,0.008,NA
122,7,negative-to-zero,ifs,FALSE,20,elitize_generation_data,121,4,0.005,NA
123,7,negative-to-zero,ifs,FALSE,20,elitize_generation_data,122,4,0.004,NA
124,7,negative-to-zero,ifs,FALSE,20,elitize_generation_data,123,4,0.004,NA
125,7,negative-to-zero,ifs,FALSE,20,elitize_generation_data,124,5,0.007,NA
126,7,negative-to-zero,ifs,FALSE,20,elitize_generation_data,125,3,0.005,NA
127,7,negative-to-zero,ifs,FALSE,20,elitize_generation_data,126,4,0.005,NA
128,7,negative-to-zero,ifs,FALSE,20,elitize_generation_data,127,3,0.004,NA
129,7,negative-to-zero,ifs,FALSE,20,elitize_generation_data,128,5,0.006,NA
130,7,negative-to-zero,ifs,FALSE,20,elitize_generation_data,129,4,0.004,NA
131,7,negative-to-zero,ifs,FALSE,20,elitize_generation_data,130,6,0.006,NA
132,7,negative-to-zero,ifs,FALSE,20,elitize_generation_data,131,3,0.004,NA
133,7,negative-to-zero,ifs,FALSE,20,elitize_generation_data,132,4,0.005,NA
134,7,negative-to-zero,ifs,FALSE,20,elitize_generation_data,133,2,0.002,NA
135,7,negative-to-zero,ifs,FALSE,20,elitize_generation_data,134,3,0.003,NA
136,7,negative-to-zero,ifs,FALSE,20,elitize_generation_data,135,3,0.003,NA
137,7,negative-to-zero,ifs,FALSE,20,elitize_generation_data,136,4,0.005,NA
138,7,negative-to-zero,ifs,FALSE,20,elitize_generation_data,137,4,0.004,NA
139,7,negative-to-zero,ifs,FALSE,20,elitize_generation_data,138,2,0.003,NA
140,7,negative-to-zero,ifs,FALSE,20,elitize_generation_data,139,4,0.005,NA
141,7,negative-to-zero,ifs,FALSE,20,elitize_generation_data,140,4,0.004,NA
142,7,negative-to-zero,ifs,FALSE,20,elitize_generation_data,141,3,0.005,NA
143,7,negative-to-zero,ifs,FALSE,20,elitize_generation_data,142,3,0.003,NA
144,7,negative-to-zero,ifs,FALSE,20,elitize_generation_data,143,3,0.003,NA
145,7,negative-to-zero,ifs,FALSE,20,elitize_generation_data,144,3,0.003,NA
146,7,negative-to-zero,ifs,FALSE,20,elitize_generation_data,145,2,0.003,NA
147,7,negative-to-zero,ifs,FALSE,20,elitize_generation_data,146,4,0.004,NA
148,7,negative-to-zero,ifs,FALSE,20,elitize_generation_data,147,2,0.003,NA
149,7,negative-to-zero,ifs,FALSE,20,elitize_generation_data,148,3,0.003,NA
150,7,negative-to-zero,ifs,FALSE,20,elitize_generation_data,149,4,0.005,NA
151,7,negative-to-zero,ifs,FALSE,20,elitize_generation_data,150,2,0.002,NA
152,7,negative-to-zero,ifs,FALSE,20,elitize_generation_data,151,3,0.004,NA
153,7,negative-to-zero,ifs,FALSE,20,elitize_generation_data,152,4,0.005,NA
154,7,negative-to-zero,ifs,FALSE,20,elitize_generation_data,153,3,0.004,NA
155,7,negative-to-zero,ifs,FALSE,20,elitize_generation_data,154,3,0.003,NA
156,7,negative-to-zero,ifs,FALSE,20,elitize_generation_data,155,2,0.003,NA
157,7,negative-to-zero,ifs,FALSE,20,elitize_generation_data,156,2,0.003,NA
158,7,negative-to-zero,ifs,FALSE,20,elitize_generation_data,157,3,0.004,NA
159,7,negative-to-zero,ifs,FALSE,20,elitize_generation_data,158,3,0.005,NA
160,7,negative-to-zero,ifs,FALSE,20,elitize_generation_data,159,4,0.004,NA
161,7,negative-to-zero,ifs,FALSE,20,elitize_generation_data,160,2,0.003,NA
162,7,negative-to-zero,ifs,FALSE,20,elitize_generation_data,161,4,0.005,NA
163,7,negative-to-zero,ifs,FALSE,20,elitize_generation_data,162,3,0.003,NA
164,7,negative-to-zero,ifs,FALSE,20,elitize_generation_data,163,2,0.003,NA
165,7,negative-to-zero,ifs,FALSE,20,elitize_generation_data,164,2,0.003,NA
166,7,negative-to-zero,ifs,FALSE,20,elitize_generation_data,165,3,0.003,NA
167,7,negative-to-zero,ifs,FALSE,20,elitize_generation_data,166,3,0.004,NA
168,7,negative-to-zero,ifs,FALSE,20,elitize_generation_data,167,2,0.003,NA
169,7,negative-to-zero,ifs,FALSE,20,elitize_generation_data,168,2,0.003,NA
170,7,negative-to-zero,ifs,FALSE,20,elitize_generation_data,169,3,0.004,NA
171,7,negative-to-zero,ifs,FALSE,20,elitize_generation_data,170,2,0.003,NA
172,7,negative-to-zero,ifs,FALSE,20,elitize_generation_data,171,3,0.005,NA
173,7,negative-to-zero,ifs,FALSE,20,elitize_generation_data,172,3,0.004,NA
174,7,negative-to-zero,ifs,FALSE,20,elitize_generation_data,173,2,0.003,NA
175,7,negative-to-zero,ifs,FALSE,20,elitize_generation_data,174,2,0.003,NA
176,7,negative-to-zero,ifs,FALSE,20,elitize_generation_data,175,3,0.004,NA
177,7,negative-to-zero,ifs,FALSE,20,elitize_generation_data,176,4,0.005,NA
178,7,negative-to-zero,ifs,FALSE,20,elitize_generation_data,177,3,0.004,NA
179,7,negative-to-zero,ifs,FALSE,20,elitize_generation_data,178,2,0.003,NA
180,7,negative-to-zero,ifs,FALSE,20,elitize_generation_data,179,3,0.003,NA
181,7,negative-to-zero,ifs,FALSE,20,elitize_generation_data,180,3,0.004,NA
182,7,negative-to-zero,ifs,FALSE,20,elitize_generation_data,181,3,0.004,NA
183,7,negative-to-zero,ifs,FALSE,20,elitize_generation_data,182,3,0.004,NA
184,7,negative-to-zero,ifs,FALSE,20,elitize_generation_data,183,3,0.004,NA
185,7,negative-to-zero,ifs,FALSE,20,elitize_generation_data,184,4,0.005,NA
186,7,negative-to-zero,ifs,FALSE,20,elitize_generation_data,185,4,0.005,NA
187,7,negative-to-zero,ifs,FALSE,20,elitize_generation_data,186,2,0.003,NA
188,7,negative-to-zero,ifs,FALSE,20,elitize_generation_data,187,3,0.004,NA
189,7,negative-to-zero,ifs,FALSE,20,elitize_generation_data,188,2,0.003,NA
190,7,negative-to-zero,ifs,FALSE,20,elitize_generation_data,189,3,0.005,NA
191,7,negative-to-zero,ifs,FALSE,20,elitize_generation_data,190,2,0.003,NA
192,7,negative-to-zero,ifs,FALSE,20,elitize_generation_data,191,4,0.004,NA
193,7,negative-to-zero,ifs,FALSE,20,elitize_generation_data,192,3,0.004,NA
194,7,negative-to-zero,ifs,FALSE,20,elitize_generation_data,193,3,0.003,NA
195,7,negative-to-zero,ifs,FALSE,20,elitize_generation_data,194,2,0.003,NA
196,7,negative-to-zero,ifs,FALSE,20,elitize_generation_data,195,3,0.004,NA
197,7,negative-to-zero,ifs,FALSE,20,elitize_generation_data,196,2,0.003,NA
198,7,negative-to-zero,ifs,FALSE,20,elitize_generation_data,197,2,0.003,NA
199,7,negative-to-zero,ifs,FALSE,20,elitize_generation_data,198,3,0.003,NA
200,7,negative-to-zero,ifs,FALSE,20,elitize_generation_data,199,2,0.002,NA
201,7,negative-to-zero,ifs,FALSE,20,elitize_generation_data,200,2,0.003,NA
202,7,negative-to-zero,ifs,FALSE,20,elitize_generation_data,201,2,0.002,NA
203,7,negative-to-zero,ifs,FALSE,20,elitize_generation_data,202,2,0.003,NA
204,7,negative-to-zero,ifs,FALSE,20,elitize_generation_data,203,2,0.003,NA
205,7,negative-to-zero,ifs,FALSE,20,elitize_generation_data,204,2,0.002,NA
206,7,negative-to-zero,ifs,FALSE,20,elitize_generation_data,205,2,0.002,NA
207,7,negative-to-zero,ifs,FALSE,20,elitize_generation_data,206,3,0.003,NA
208,7,negative-to-zero,ifs,FALSE,20,elitize_generation_data,207,4,0.005,NA
209,7,negative-to-zero,ifs,FALSE,20,elitize_generation_data,208,2,0.002,NA
210,7,negative-to-zero,ifs,FALSE,20,elitize_generation_data,209,3,0.004,NA
211,7,negative-to-zero,ifs,FALSE,20,elitize_generation_data,210,4,0.004,NA
212,7,negative-to-zero,ifs,FALSE,20,elitize_generation_data,211,3,0.005,NA
213,7,negative-to-zero,ifs,FALSE,20,elitize_generation_data,212,2,0.002,NA
214,7,negative-to-zero,ifs,FALSE,20,elitize_generation_data,213,3,0.004,NA
215,7,negative-to-zero,ifs,FALSE,20,elitize_generation_data,214,4,0.004,NA
216,7,negative-to-zero,ifs,FALSE,20,elitize_generation_data,215,2,0.002,NA
217,7,negative-to-zero,ifs,FALSE,20,elitize_generation_data,216,2,0.002,NA
218,7,negative-to-zero,ifs,FALSE,20,elitize_generation_data,217,4,0.004,NA
219,7,negative-to-zero,ifs,FALSE,20,elitize_generation_data,218,2,0.003,NA
220,7,negative-to-zero,ifs,FALSE,20,elitize_generation_data,219,3,0.004,NA
221,7,negative-to-zero,ifs,FALSE,20,elitize_generation_data,220,2,0.003,NA
222,7,negative-to-zero,ifs,FALSE,20,elitize_generation_data,221,3,0.003,NA
223,7,negative-to-zero,ifs,FALSE,20,elitize_generation_data,222,3,0.003,NA
224,7,negative-to-zero,ifs,FALSE,20,elitize_generation_data,223,3,0.004,NA
225,7,negative-to-zero,ifs,FALSE,20,elitize_generation_data,224,3,0.003,NA
226,7,negative-to-zero,ifs,FALSE,20,elitize_generation_data,225,2,0.002,NA
227,7,negative-to-zero,ifs,FALSE,20,elitize_generation_data,226,2,0.002,NA
228,7,negative-to-zero,ifs,FALSE,20,elitize_generation_data,227,3,0.004,NA
229,7,negative-to-zero,ifs,FALSE,20,elitize_generation_data,228,3,0.003,NA
230,7,negative-to-zero,ifs,FALSE,20,elitize_generation_data,229,2,0.003,NA
231,7,negative-to-zero,ifs,FALSE,20,elitize_generation_data,230,2,0.002,NA
232,7,negative-to-zero,ifs,FALSE,20,elitize_generation_data,231,3,0.003,NA
233,7,negative-to-zero,ifs,FALSE,20,elitize_generation_data,232,3,0.004,NA
234,7,negative-to-zero,ifs,FALSE,20,elitize_generation_data,233,3,0.003,NA
235,7,negative-to-zero,ifs,FALSE,20,elitize_generation_data,234,4,0.005,NA
236,7,negative-to-zero,ifs,FALSE,20,elitize_generation_data,235,3,0.004,NA
237,7,negative-to-zero,ifs,FALSE,20,elitize_generation_data,236,2,0.003,NA
238,7,negative-to-zero,ifs,FALSE,20,elitize_generation_data,237,2,0.003,NA
239,7,negative-to-zero,ifs,FALSE,20,elitize_generation_data,238,4,0.005,NA
240,7,negative-to-zero,ifs,FALSE,20,elitize_generation_data,239,3,0.004,NA
241,7,negative-to-zero,ifs,FALSE,20,elitize_generation_data,240,3,0.004,NA
242,7,negative-to-zero,ifs,FALSE,20,elitize_generation_data,241,3,0.004,NA
243,7,negative-to-zero,ifs,FALSE,20,elitize_generation_data,242,2,0.002,NA
244,7,negative-to-zero,ifs,FALSE,20,elitize_generation_data,243,2,0.002,NA
245,7,negative-to-zero,ifs,FALSE,20,elitize_generation_data,244,3,0.003,NA
246,7,negative-to-zero,ifs,FALSE,20,elitize_generation_data,245,3,0.003,NA
247,7,negative-to-zero,ifs,FALSE,20,elitize_generation_data,246,3,0.003,NA
248,7,negative-to-zero,ifs,FALSE,20,elitize_generation_data,247,2,0.003,NA
249,7,negative-to-zero,ifs,FALSE,20,elitize_generation_data,248,3,0.004,NA
250,7,negative-to-zero,ifs,FALSE,20,elitize_generation_data,249,3,0.003,NA
251,7,negative-to-zero,ifs,FALSE,20,elitize_generation_data,250,4,0.005,NA
252,7,negative-to-zero,ifs,FALSE,20,elitize_generation_data,251,3,0.003,NA
253,7,negative-to-zero,ifs,FALSE,20,elitize_generation_data,252,4,0.005,NA
254,7,negative-to-zero,ifs,FALSE,20,elitize_generation_data,253,3,0.006,NA
255,7,negative-to-zero,ifs,FALSE,20,elitize_generation_data,254,3,0.004,NA
256,7,negative-to-zero,ifs,FALSE,20,elitize_generation_data,255,3,0.003,NA
257,7,negative-to-zero,ifs,FALSE,20,elitize_generation_data,256,3,0.004,NA
258,7,negative-to-zero,ifs,FALSE,20,elitize_generation_data,257,4,0.004,NA
259,7,negative-to-zero,ifs,FALSE,20,elitize_generation_data,258,3,0.003,NA
260,7,negative-to-zero,ifs,FALSE,20,elitize_generation_data,259,2,0.002,NA
261,7,negative-to-zero,ifs,FALSE,20,elitize_generation_data,260,3,0.004,NA
262,7,negative-to-zero,ifs,FALSE,20,elitize_generation_data,261,3,0.004,NA
263,7,negative-to-zero,ifs,FALSE,20,elitize_generation_data,262,3,0.004,NA
264,7,negative-to-zero,ifs,FALSE,20,elitize_generation_data,263,3,0.003,NA
265,7,negative-to-zero,ifs,FALSE,20,elitize_generation_data,264,3,0.004,NA
266,7,negative-to-zero,ifs,FALSE,20,elitize_generation_data,265,2,0.003,NA
267,7,negative-to-zero,ifs,FALSE,20,elitize_generation_data,266,3,0.005,NA
268,7,negative-to-zero,ifs,FALSE,20,elitize_generation_data,267,3,0.003,NA
269,7,negative-to-zero,ifs,FALSE,20,elitize_generation_data,268,2,0.003,NA
270,7,negative-to-zero,ifs,FALSE,20,elitize_generation_data,269,3,0.003,NA
271,7,negative-to-zero,ifs,FALSE,20,elitize_generation_data,270,2,0.003,NA
272,7,negative-to-zero,ifs,FALSE,20,elitize_generation_data,271,2,0.002,NA
273,7,negative-to-zero,ifs,FALSE,20,elitize_generation_data,272,2,0.002,NA
274,7,negative-to-zero,ifs,FALSE,20,elitize_generation_data,273,4,0.005,NA
275,7,negative-to-zero,ifs,FALSE,20,elitize_generation_data,274,2,0.002,NA
276,7,negative-to-zero,ifs,FALSE,20,elitize_generation_data,275,2,0.002,NA
277,7,negative-to-zero,ifs,FALSE,20,elitize_generation_data,276,2,0.003,NA
278,7,negative-to-zero,ifs,FALSE,20,elitize_generation_data,277,3,0.003,NA
279,7,negative-to-zero,ifs,FALSE,20,elitize_generation_data,278,3,0.004,NA
280,7,negative-to-zero,ifs,FALSE,20,elitize_generation_data,279,3,0.003,NA
281,7,negative-to-zero,ifs,FALSE,20,elitize_generation_data,280,3,0.004,NA
282,7,negative-to-zero,ifs,FALSE,20,elitize_generation_data,281,2,0.003,NA
283,7,negative-to-zero,ifs,FALSE,20,elitize_generation_data,282,2,0.002,NA
284,7,negative-to-zero,ifs,FALSE,20,elitize_generation_data,283,2,0.003,NA
285,7,negative-to-zero,ifs,FALSE,20,elitize_generation_data,284,3,0.003,NA
286,7,negative-to-zero,ifs,FALSE,20,elitize_generation_data,285,3,0.004,NA
287,7,negative-to-zero,ifs,FALSE,20,elitize_generation_data,286,4,0.004,NA
288,7,negative-to-zero,ifs,FALSE,20,elitize_generation_data,287,2,0.002,NA
289,7,negative-to-zero,ifs,FALSE,20,elitize_generation_data,288,3,0.004,NA
290,7,negative-to-zero,ifs,FALSE,20,elitize_generation_data,289,3,0.004,NA
291,7,negative-to-zero,ifs,FALSE,20,elitize_generation_data,290,2,0.003,NA
292,7,negative-to-zero,ifs,FALSE,20,elitize_generation_data,291,3,0.004,NA
293,7,negative-to-zero,ifs,FALSE,20,elitize_generation_data,292,2,0.002,NA
294,7,negative-to-zero,ifs,FALSE,20,elitize_generation_data,293,2,0.002,NA
295,7,negative-to-zero,ifs,FALSE,20,elitize_generation_data,294,2,0.003,NA
296,7,negative-to-zero,ifs,FALSE,20,elitize_generation_data,295,3,0.003,NA
297,7,negative-to-zero,ifs,FALSE,20,elitize_generation_data,296,2,0.002,NA
298,7,negative-to-zero,ifs,FALSE,20,elitize_generation_data,297,2,0.002,NA
299,7,negative-to-zero,ifs,FALSE,20,elitize_generation_data,298,2,0.002,NA
300,7,negative-to-zero,ifs,FALSE,20,elitize_generation_data,299,2,0.003,NA
301,7,negative-to-zero,ifs,FALSE,20,elitize_generation_data,300,3,0.004,NA
