,run.num,problem,treatment,succeeded,height,normalization.function,generation,cluster.count,error.diversity,success.generation
1,76,negative-to-zero,ifs,FALSE,20,elitize_generation_data,0,11,0.037,NA
2,76,negative-to-zero,ifs,FALSE,20,elitize_generation_data,1,18,0.056,NA
3,76,negative-to-zero,ifs,FALSE,20,elitize_generation_data,2,10,0.034,NA
4,76,negative-to-zero,ifs,FALSE,20,elitize_generation_data,3,7,0.021,NA
5,76,negative-to-zero,ifs,FALSE,20,elitize_generation_data,4,4,0.014,NA
6,76,negative-to-zero,ifs,FALSE,20,elitize_generation_data,5,5,0.017,NA
7,76,negative-to-zero,ifs,FALSE,20,elitize_generation_data,6,6,0.018,NA
8,76,negative-to-zero,ifs,FALSE,20,elitize_generation_data,7,4,0.012,NA
9,76,negative-to-zero,ifs,FALSE,20,elitize_generation_data,8,6,0.017,NA
10,76,negative-to-zero,ifs,FALSE,20,elitize_generation_data,9,5,0.016,NA
11,76,negative-to-zero,ifs,FALSE,20,elitize_generation_data,10,9,0.022,NA
12,76,negative-to-zero,ifs,FALSE,20,elitize_generation_data,11,8,0.031,NA
13,76,negative-to-zero,ifs,FALSE,20,elitize_generation_data,12,11,0.039,NA
14,76,negative-to-zero,ifs,FALSE,20,elitize_generation_data,13,17,0.07,NA
15,76,negative-to-zero,ifs,FALSE,20,elitize_generation_data,14,19,0.095,NA
16,76,negative-to-zero,ifs,FALSE,20,elitize_generation_data,15,22,0.1,NA
17,76,negative-to-zero,ifs,FALSE,20,elitize_generation_data,16,14,0.074,NA
18,76,negative-to-zero,ifs,FALSE,20,elitize_generation_data,17,15,0.079,NA
19,76,negative-to-zero,ifs,FALSE,20,elitize_generation_data,18,15,0.099,NA
20,76,negative-to-zero,ifs,FALSE,20,elitize_generation_data,19,16,0.117,NA
21,76,negative-to-zero,ifs,FALSE,20,elitize_generation_data,20,21,0.157,NA
22,76,negative-to-zero,ifs,FALSE,20,elitize_generation_data,21,20,0.176,NA
23,76,negative-to-zero,ifs,FALSE,20,elitize_generation_data,22,27,0.178,NA
24,76,negative-to-zero,ifs,FALSE,20,elitize_generation_data,23,19,0.135,NA
25,76,negative-to-zero,ifs,FALSE,20,elitize_generation_data,24,11,0.105,NA
26,76,negative-to-zero,ifs,FALSE,20,elitize_generation_data,25,14,0.096,NA
27,76,negative-to-zero,ifs,FALSE,20,elitize_generation_data,26,16,0.118,NA
28,76,negative-to-zero,ifs,FALSE,20,elitize_generation_data,27,13,0.114,NA
29,76,negative-to-zero,ifs,FALSE,20,elitize_generation_data,28,14,0.092,NA
30,76,negative-to-zero,ifs,FALSE,20,elitize_generation_data,29,14,0.101,NA
31,76,negative-to-zero,ifs,FALSE,20,elitize_generation_data,30,15,0.102,NA
32,76,negative-to-zero,ifs,FALSE,20,elitize_generation_data,31,13,0.092,NA
33,76,negative-to-zero,ifs,FALSE,20,elitize_generation_data,32,13,0.102,NA
34,76,negative-to-zero,ifs,FALSE,20,elitize_generation_data,33,15,0.104,NA
35,76,negative-to-zero,ifs,FALSE,20,elitize_generation_data,34,14,0.096,NA
36,76,negative-to-zero,ifs,FALSE,20,elitize_generation_data,35,10,0.099,NA
37,76,negative-to-zero,ifs,FALSE,20,elitize_generation_data,36,11,0.108,NA
38,76,negative-to-zero,ifs,FALSE,20,elitize_generation_data,37,14,0.1,NA
39,76,negative-to-zero,ifs,FALSE,20,elitize_generation_data,38,12,0.114,NA
40,76,negative-to-zero,ifs,FALSE,20,elitize_generation_data,39,11,0.112,NA
41,76,negative-to-zero,ifs,FALSE,20,elitize_generation_data,40,13,0.098,NA
42,76,negative-to-zero,ifs,FALSE,20,elitize_generation_data,41,15,0.121,NA
43,76,negative-to-zero,ifs,FALSE,20,elitize_generation_data,42,12,0.096,NA
44,76,negative-to-zero,ifs,FALSE,20,elitize_generation_data,43,10,0.122,NA
45,76,negative-to-zero,ifs,FALSE,20,elitize_generation_data,44,10,0.102,NA
46,76,negative-to-zero,ifs,FALSE,20,elitize_generation_data,45,15,0.093,NA
47,76,negative-to-zero,ifs,FALSE,20,elitize_generation_data,46,12,0.108,NA
48,76,negative-to-zero,ifs,FALSE,20,elitize_generation_data,47,13,0.094,NA
49,76,negative-to-zero,ifs,FALSE,20,elitize_generation_data,48,11,0.105,NA
50,76,negative-to-zero,ifs,FALSE,20,elitize_generation_data,49,17,0.096,NA
51,76,negative-to-zero,ifs,FALSE,20,elitize_generation_data,50,12,0.099,NA
52,76,negative-to-zero,ifs,FALSE,20,elitize_generation_data,51,16,0.093,NA
53,76,negative-to-zero,ifs,FALSE,20,elitize_generation_data,52,16,0.101,NA
54,76,negative-to-zero,ifs,FALSE,20,elitize_generation_data,53,14,0.086,NA
55,76,negative-to-zero,ifs,FALSE,20,elitize_generation_data,54,14,0.096,NA
56,76,negative-to-zero,ifs,FALSE,20,elitize_generation_data,55,13,0.092,NA
57,76,negative-to-zero,ifs,FALSE,20,elitize_generation_data,56,11,0.101,NA
58,76,negative-to-zero,ifs,FALSE,20,elitize_generation_data,57,11,0.11,NA
59,76,negative-to-zero,ifs,FALSE,20,elitize_generation_data,58,14,0.107,NA
60,76,negative-to-zero,ifs,FALSE,20,elitize_generation_data,59,10,0.102,NA
61,76,negative-to-zero,ifs,FALSE,20,elitize_generation_data,60,13,0.124,NA
62,76,negative-to-zero,ifs,FALSE,20,elitize_generation_data,61,13,0.102,NA
63,76,negative-to-zero,ifs,FALSE,20,elitize_generation_data,62,10,0.092,NA
64,76,negative-to-zero,ifs,FALSE,20,elitize_generation_data,63,15,0.102,NA
65,76,negative-to-zero,ifs,FALSE,20,elitize_generation_data,64,14,0.105,NA
66,76,negative-to-zero,ifs,FALSE,20,elitize_generation_data,65,12,0.094,NA
67,76,negative-to-zero,ifs,FALSE,20,elitize_generation_data,66,12,0.093,NA
68,76,negative-to-zero,ifs,FALSE,20,elitize_generation_data,67,16,0.088,NA
69,76,negative-to-zero,ifs,FALSE,20,elitize_generation_data,68,17,0.095,NA
70,76,negative-to-zero,ifs,FALSE,20,elitize_generation_data,69,15,0.107,NA
71,76,negative-to-zero,ifs,FALSE,20,elitize_generation_data,70,14,0.102,NA
72,76,negative-to-zero,ifs,FALSE,20,elitize_generation_data,71,13,0.097,NA
73,76,negative-to-zero,ifs,FALSE,20,elitize_generation_data,72,13,0.091,NA
74,76,negative-to-zero,ifs,FALSE,20,elitize_generation_data,73,15,0.1,NA
75,76,negative-to-zero,ifs,FALSE,20,elitize_generation_data,74,13,0.091,NA
76,76,negative-to-zero,ifs,FALSE,20,elitize_generation_data,75,14,0.107,NA
77,76,negative-to-zero,ifs,FALSE,20,elitize_generation_data,76,15,0.097,NA
78,76,negative-to-zero,ifs,FALSE,20,elitize_generation_data,77,13,0.098,NA
79,76,negative-to-zero,ifs,FALSE,20,elitize_generation_data,78,15,0.101,NA
80,76,negative-to-zero,ifs,FALSE,20,elitize_generation_data,79,12,0.107,NA
81,76,negative-to-zero,ifs,FALSE,20,elitize_generation_data,80,11,0.113,NA
82,76,negative-to-zero,ifs,FALSE,20,elitize_generation_data,81,13,0.098,NA
83,76,negative-to-zero,ifs,FALSE,20,elitize_generation_data,82,12,0.091,NA
84,76,negative-to-zero,ifs,FALSE,20,elitize_generation_data,83,11,0.094,NA
85,76,negative-to-zero,ifs,FALSE,20,elitize_generation_data,84,15,0.089,NA
86,76,negative-to-zero,ifs,FALSE,20,elitize_generation_data,85,13,0.092,NA
87,76,negative-to-zero,ifs,FALSE,20,elitize_generation_data,86,13,0.093,NA
88,76,negative-to-zero,ifs,FALSE,20,elitize_generation_data,87,15,0.104,NA
89,76,negative-to-zero,ifs,FALSE,20,elitize_generation_data,88,17,0.101,NA
90,76,negative-to-zero,ifs,FALSE,20,elitize_generation_data,89,15,0.08,NA
91,76,negative-to-zero,ifs,FALSE,20,elitize_generation_data,90,10,0.099,NA
92,76,negative-to-zero,ifs,FALSE,20,elitize_generation_data,91,13,0.086,NA
93,76,negative-to-zero,ifs,FALSE,20,elitize_generation_data,92,13,0.08,NA
94,76,negative-to-zero,ifs,FALSE,20,elitize_generation_data,93,11,0.085,NA
95,76,negative-to-zero,ifs,FALSE,20,elitize_generation_data,94,13,0.08,NA
96,76,negative-to-zero,ifs,FALSE,20,elitize_generation_data,95,13,0.081,NA
97,76,negative-to-zero,ifs,FALSE,20,elitize_generation_data,96,12,0.08,NA
98,76,negative-to-zero,ifs,FALSE,20,elitize_generation_data,97,13,0.075,NA
99,76,negative-to-zero,ifs,FALSE,20,elitize_generation_data,98,11,0.089,NA
100,76,negative-to-zero,ifs,FALSE,20,elitize_generation_data,99,7,0.08,NA
101,76,negative-to-zero,ifs,FALSE,20,elitize_generation_data,100,6,0.079,NA
102,76,negative-to-zero,ifs,FALSE,20,elitize_generation_data,101,8,0.093,NA
103,76,negative-to-zero,ifs,FALSE,20,elitize_generation_data,102,6,0.087,NA
104,76,negative-to-zero,ifs,FALSE,20,elitize_generation_data,103,13,0.09,NA
105,76,negative-to-zero,ifs,FALSE,20,elitize_generation_data,104,12,0.068,NA
106,76,negative-to-zero,ifs,FALSE,20,elitize_generation_data,105,10,0.047,NA
107,76,negative-to-zero,ifs,FALSE,20,elitize_generation_data,106,9,0.059,NA
108,76,negative-to-zero,ifs,FALSE,20,elitize_generation_data,107,9,0.061,NA
109,76,negative-to-zero,ifs,FALSE,20,elitize_generation_data,108,10,0.079,NA
110,76,negative-to-zero,ifs,FALSE,20,elitize_generation_data,109,8,0.059,NA
111,76,negative-to-zero,ifs,FALSE,20,elitize_generation_data,110,9,0.062,NA
112,76,negative-to-zero,ifs,FALSE,20,elitize_generation_data,111,6,0.066,NA
113,76,negative-to-zero,ifs,FALSE,20,elitize_generation_data,112,9,0.066,NA
114,76,negative-to-zero,ifs,FALSE,20,elitize_generation_data,113,5,0.056,NA
115,76,negative-to-zero,ifs,FALSE,20,elitize_generation_data,114,8,0.076,NA
116,76,negative-to-zero,ifs,FALSE,20,elitize_generation_data,115,9,0.095,NA
117,76,negative-to-zero,ifs,FALSE,20,elitize_generation_data,116,7,0.086,NA
118,76,negative-to-zero,ifs,FALSE,20,elitize_generation_data,117,11,0.123,NA
119,76,negative-to-zero,ifs,FALSE,20,elitize_generation_data,118,13,0.136,NA
120,76,negative-to-zero,ifs,FALSE,20,elitize_generation_data,119,13,0.121,NA
121,76,negative-to-zero,ifs,FALSE,20,elitize_generation_data,120,15,0.107,NA
122,76,negative-to-zero,ifs,FALSE,20,elitize_generation_data,121,11,0.139,NA
123,76,negative-to-zero,ifs,FALSE,20,elitize_generation_data,122,13,0.158,NA
124,76,negative-to-zero,ifs,FALSE,20,elitize_generation_data,123,17,0.167,NA
125,76,negative-to-zero,ifs,FALSE,20,elitize_generation_data,124,16,0.16,NA
126,76,negative-to-zero,ifs,FALSE,20,elitize_generation_data,125,16,0.133,NA
127,76,negative-to-zero,ifs,FALSE,20,elitize_generation_data,126,18,0.135,NA
128,76,negative-to-zero,ifs,FALSE,20,elitize_generation_data,127,12,0.11,NA
129,76,negative-to-zero,ifs,FALSE,20,elitize_generation_data,128,9,0.132,NA
130,76,negative-to-zero,ifs,FALSE,20,elitize_generation_data,129,13,0.145,NA
131,76,negative-to-zero,ifs,FALSE,20,elitize_generation_data,130,17,0.141,NA
132,76,negative-to-zero,ifs,FALSE,20,elitize_generation_data,131,12,0.16,NA
133,76,negative-to-zero,ifs,FALSE,20,elitize_generation_data,132,14,0.164,NA
134,76,negative-to-zero,ifs,FALSE,20,elitize_generation_data,133,14,0.142,NA
135,76,negative-to-zero,ifs,FALSE,20,elitize_generation_data,134,15,0.134,NA
136,76,negative-to-zero,ifs,FALSE,20,elitize_generation_data,135,17,0.121,NA
137,76,negative-to-zero,ifs,FALSE,20,elitize_generation_data,136,8,0.145,NA
138,76,negative-to-zero,ifs,FALSE,20,elitize_generation_data,137,12,0.145,NA
139,76,negative-to-zero,ifs,FALSE,20,elitize_generation_data,138,11,0.139,NA
140,76,negative-to-zero,ifs,FALSE,20,elitize_generation_data,139,21,0.151,NA
141,76,negative-to-zero,ifs,FALSE,20,elitize_generation_data,140,15,0.164,NA
142,76,negative-to-zero,ifs,FALSE,20,elitize_generation_data,141,18,0.18,NA
143,76,negative-to-zero,ifs,FALSE,20,elitize_generation_data,142,20,0.165,NA
144,76,negative-to-zero,ifs,FALSE,20,elitize_generation_data,143,18,0.14,NA
145,76,negative-to-zero,ifs,FALSE,20,elitize_generation_data,144,16,0.164,NA
146,76,negative-to-zero,ifs,FALSE,20,elitize_generation_data,145,13,0.157,NA
147,76,negative-to-zero,ifs,FALSE,20,elitize_generation_data,146,20,0.177,NA
148,76,negative-to-zero,ifs,FALSE,20,elitize_generation_data,147,19,0.177,NA
149,76,negative-to-zero,ifs,FALSE,20,elitize_generation_data,148,17,0.17,NA
150,76,negative-to-zero,ifs,FALSE,20,elitize_generation_data,149,20,0.193,NA
151,76,negative-to-zero,ifs,FALSE,20,elitize_generation_data,150,20,0.179,NA
152,76,negative-to-zero,ifs,FALSE,20,elitize_generation_data,151,22,0.175,NA
153,76,negative-to-zero,ifs,FALSE,20,elitize_generation_data,152,19,0.181,NA
154,76,negative-to-zero,ifs,FALSE,20,elitize_generation_data,153,17,0.187,NA
155,76,negative-to-zero,ifs,FALSE,20,elitize_generation_data,154,17,0.175,NA
156,76,negative-to-zero,ifs,FALSE,20,elitize_generation_data,155,23,0.173,NA
157,76,negative-to-zero,ifs,FALSE,20,elitize_generation_data,156,19,0.188,NA
158,76,negative-to-zero,ifs,FALSE,20,elitize_generation_data,157,17,0.181,NA
159,76,negative-to-zero,ifs,FALSE,20,elitize_generation_data,158,17,0.167,NA
160,76,negative-to-zero,ifs,FALSE,20,elitize_generation_data,159,15,0.184,NA
161,76,negative-to-zero,ifs,FALSE,20,elitize_generation_data,160,24,0.185,NA
162,76,negative-to-zero,ifs,FALSE,20,elitize_generation_data,161,17,0.182,NA
163,76,negative-to-zero,ifs,FALSE,20,elitize_generation_data,162,14,0.173,NA
164,76,negative-to-zero,ifs,FALSE,20,elitize_generation_data,163,22,0.182,NA
165,76,negative-to-zero,ifs,FALSE,20,elitize_generation_data,164,20,0.18,NA
166,76,negative-to-zero,ifs,FALSE,20,elitize_generation_data,165,22,0.17,NA
167,76,negative-to-zero,ifs,FALSE,20,elitize_generation_data,166,21,0.153,NA
168,76,negative-to-zero,ifs,FALSE,20,elitize_generation_data,167,21,0.195,NA
169,76,negative-to-zero,ifs,FALSE,20,elitize_generation_data,168,21,0.192,NA
170,76,negative-to-zero,ifs,FALSE,20,elitize_generation_data,169,9,0.19,NA
171,76,negative-to-zero,ifs,FALSE,20,elitize_generation_data,170,15,0.175,NA
172,76,negative-to-zero,ifs,FALSE,20,elitize_generation_data,171,27,0.19,NA
173,76,negative-to-zero,ifs,FALSE,20,elitize_generation_data,172,16,0.183,NA
174,76,negative-to-zero,ifs,FALSE,20,elitize_generation_data,173,18,0.188,NA
175,76,negative-to-zero,ifs,FALSE,20,elitize_generation_data,174,20,0.199,NA
176,76,negative-to-zero,ifs,FALSE,20,elitize_generation_data,175,22,0.169,NA
177,76,negative-to-zero,ifs,FALSE,20,elitize_generation_data,176,18,0.194,NA
178,76,negative-to-zero,ifs,FALSE,20,elitize_generation_data,177,23,0.198,NA
179,76,negative-to-zero,ifs,FALSE,20,elitize_generation_data,178,18,0.17,NA
180,76,negative-to-zero,ifs,FALSE,20,elitize_generation_data,179,21,0.188,NA
181,76,negative-to-zero,ifs,FALSE,20,elitize_generation_data,180,22,0.201,NA
182,76,negative-to-zero,ifs,FALSE,20,elitize_generation_data,181,24,0.193,NA
183,76,negative-to-zero,ifs,FALSE,20,elitize_generation_data,182,22,0.19,NA
184,76,negative-to-zero,ifs,FALSE,20,elitize_generation_data,183,18,0.208,NA
185,76,negative-to-zero,ifs,FALSE,20,elitize_generation_data,184,22,0.203,NA
186,76,negative-to-zero,ifs,FALSE,20,elitize_generation_data,185,25,0.186,NA
187,76,negative-to-zero,ifs,FALSE,20,elitize_generation_data,186,20,0.197,NA
188,76,negative-to-zero,ifs,FALSE,20,elitize_generation_data,187,17,0.207,NA
189,76,negative-to-zero,ifs,FALSE,20,elitize_generation_data,188,25,0.207,NA
190,76,negative-to-zero,ifs,FALSE,20,elitize_generation_data,189,22,0.189,NA
191,76,negative-to-zero,ifs,FALSE,20,elitize_generation_data,190,14,0.208,NA
192,76,negative-to-zero,ifs,FALSE,20,elitize_generation_data,191,13,0.176,NA
193,76,negative-to-zero,ifs,FALSE,20,elitize_generation_data,192,22,0.199,NA
194,76,negative-to-zero,ifs,FALSE,20,elitize_generation_data,193,18,0.192,NA
195,76,negative-to-zero,ifs,FALSE,20,elitize_generation_data,194,22,0.187,NA
196,76,negative-to-zero,ifs,FALSE,20,elitize_generation_data,195,16,0.196,NA
197,76,negative-to-zero,ifs,FALSE,20,elitize_generation_data,196,23,0.194,NA
198,76,negative-to-zero,ifs,FALSE,20,elitize_generation_data,197,13,0.183,NA
199,76,negative-to-zero,ifs,FALSE,20,elitize_generation_data,198,20,0.194,NA
200,76,negative-to-zero,ifs,FALSE,20,elitize_generation_data,199,15,0.197,NA
201,76,negative-to-zero,ifs,FALSE,20,elitize_generation_data,200,22,0.174,NA
202,76,negative-to-zero,ifs,FALSE,20,elitize_generation_data,201,25,0.198,NA
203,76,negative-to-zero,ifs,FALSE,20,elitize_generation_data,202,14,0.193,NA
204,76,negative-to-zero,ifs,FALSE,20,elitize_generation_data,203,18,0.202,NA
205,76,negative-to-zero,ifs,FALSE,20,elitize_generation_data,204,19,0.192,NA
206,76,negative-to-zero,ifs,FALSE,20,elitize_generation_data,205,20,0.179,NA
207,76,negative-to-zero,ifs,FALSE,20,elitize_generation_data,206,14,0.201,NA
208,76,negative-to-zero,ifs,FALSE,20,elitize_generation_data,207,21,0.2,NA
209,76,negative-to-zero,ifs,FALSE,20,elitize_generation_data,208,20,0.19,NA
210,76,negative-to-zero,ifs,FALSE,20,elitize_generation_data,209,20,0.205,NA
211,76,negative-to-zero,ifs,FALSE,20,elitize_generation_data,210,23,0.174,NA
212,76,negative-to-zero,ifs,FALSE,20,elitize_generation_data,211,12,0.203,NA
213,76,negative-to-zero,ifs,FALSE,20,elitize_generation_data,212,14,0.198,NA
214,76,negative-to-zero,ifs,FALSE,20,elitize_generation_data,213,18,0.193,NA
215,76,negative-to-zero,ifs,FALSE,20,elitize_generation_data,214,19,0.226,NA
216,76,negative-to-zero,ifs,FALSE,20,elitize_generation_data,215,20,0.227,NA
217,76,negative-to-zero,ifs,FALSE,20,elitize_generation_data,216,16,0.244,NA
218,76,negative-to-zero,ifs,FALSE,20,elitize_generation_data,217,13,0.258,NA
219,76,negative-to-zero,ifs,FALSE,20,elitize_generation_data,218,13,0.259,NA
220,76,negative-to-zero,ifs,FALSE,20,elitize_generation_data,219,17,0.293,NA
221,76,negative-to-zero,ifs,FALSE,20,elitize_generation_data,220,17,0.28,NA
222,76,negative-to-zero,ifs,FALSE,20,elitize_generation_data,221,21,0.281,NA
223,76,negative-to-zero,ifs,FALSE,20,elitize_generation_data,222,15,0.266,NA
224,76,negative-to-zero,ifs,FALSE,20,elitize_generation_data,223,18,0.284,NA
225,76,negative-to-zero,ifs,FALSE,20,elitize_generation_data,224,22,0.293,NA
226,76,negative-to-zero,ifs,FALSE,20,elitize_generation_data,225,21,0.303,NA
227,76,negative-to-zero,ifs,FALSE,20,elitize_generation_data,226,22,0.294,NA
228,76,negative-to-zero,ifs,FALSE,20,elitize_generation_data,227,26,0.307,NA
229,76,negative-to-zero,ifs,FALSE,20,elitize_generation_data,228,19,0.306,NA
230,76,negative-to-zero,ifs,FALSE,20,elitize_generation_data,229,21,0.287,NA
231,76,negative-to-zero,ifs,FALSE,20,elitize_generation_data,230,28,0.276,NA
232,76,negative-to-zero,ifs,FALSE,20,elitize_generation_data,231,23,0.316,NA
233,76,negative-to-zero,ifs,FALSE,20,elitize_generation_data,232,25,0.302,NA
234,76,negative-to-zero,ifs,FALSE,20,elitize_generation_data,233,26,0.315,NA
235,76,negative-to-zero,ifs,FALSE,20,elitize_generation_data,234,21,0.296,NA
236,76,negative-to-zero,ifs,FALSE,20,elitize_generation_data,235,30,0.328,NA
237,76,negative-to-zero,ifs,FALSE,20,elitize_generation_data,236,24,0.304,NA
238,76,negative-to-zero,ifs,FALSE,20,elitize_generation_data,237,23,0.313,NA
239,76,negative-to-zero,ifs,FALSE,20,elitize_generation_data,238,25,0.302,NA
240,76,negative-to-zero,ifs,FALSE,20,elitize_generation_data,239,21,0.304,NA
241,76,negative-to-zero,ifs,FALSE,20,elitize_generation_data,240,17,0.316,NA
242,76,negative-to-zero,ifs,FALSE,20,elitize_generation_data,241,28,0.319,NA
243,76,negative-to-zero,ifs,FALSE,20,elitize_generation_data,242,16,0.327,NA
244,76,negative-to-zero,ifs,FALSE,20,elitize_generation_data,243,22,0.329,NA
245,76,negative-to-zero,ifs,FALSE,20,elitize_generation_data,244,22,0.295,NA
246,76,negative-to-zero,ifs,FALSE,20,elitize_generation_data,245,26,0.311,NA
247,76,negative-to-zero,ifs,FALSE,20,elitize_generation_data,246,22,0.296,NA
248,76,negative-to-zero,ifs,FALSE,20,elitize_generation_data,247,31,0.294,NA
249,76,negative-to-zero,ifs,FALSE,20,elitize_generation_data,248,24,0.304,NA
250,76,negative-to-zero,ifs,FALSE,20,elitize_generation_data,249,21,0.314,NA
251,76,negative-to-zero,ifs,FALSE,20,elitize_generation_data,250,25,0.322,NA
252,76,negative-to-zero,ifs,FALSE,20,elitize_generation_data,251,21,0.312,NA
253,76,negative-to-zero,ifs,FALSE,20,elitize_generation_data,252,26,0.323,NA
254,76,negative-to-zero,ifs,FALSE,20,elitize_generation_data,253,20,0.309,NA
255,76,negative-to-zero,ifs,FALSE,20,elitize_generation_data,254,26,0.293,NA
256,76,negative-to-zero,ifs,FALSE,20,elitize_generation_data,255,20,0.298,NA
257,76,negative-to-zero,ifs,FALSE,20,elitize_generation_data,256,26,0.321,NA
258,76,negative-to-zero,ifs,FALSE,20,elitize_generation_data,257,21,0.319,NA
259,76,negative-to-zero,ifs,FALSE,20,elitize_generation_data,258,24,0.298,NA
260,76,negative-to-zero,ifs,FALSE,20,elitize_generation_data,259,24,0.288,NA
261,76,negative-to-zero,ifs,FALSE,20,elitize_generation_data,260,20,0.312,NA
262,76,negative-to-zero,ifs,FALSE,20,elitize_generation_data,261,22,0.298,NA
263,76,negative-to-zero,ifs,FALSE,20,elitize_generation_data,262,22,0.301,NA
264,76,negative-to-zero,ifs,FALSE,20,elitize_generation_data,263,24,0.318,NA
265,76,negative-to-zero,ifs,FALSE,20,elitize_generation_data,264,22,0.3,NA
266,76,negative-to-zero,ifs,FALSE,20,elitize_generation_data,265,25,0.316,NA
267,76,negative-to-zero,ifs,FALSE,20,elitize_generation_data,266,20,0.33,NA
268,76,negative-to-zero,ifs,FALSE,20,elitize_generation_data,267,26,0.331,NA
269,76,negative-to-zero,ifs,FALSE,20,elitize_generation_data,268,21,0.331,NA
270,76,negative-to-zero,ifs,FALSE,20,elitize_generation_data,269,24,0.315,NA
271,76,negative-to-zero,ifs,FALSE,20,elitize_generation_data,270,25,0.327,NA
272,76,negative-to-zero,ifs,FALSE,20,elitize_generation_data,271,24,0.319,NA
273,76,negative-to-zero,ifs,FALSE,20,elitize_generation_data,272,25,0.329,NA
274,76,negative-to-zero,ifs,FALSE,20,elitize_generation_data,273,21,0.335,NA
275,76,negative-to-zero,ifs,FALSE,20,elitize_generation_data,274,22,0.327,NA
276,76,negative-to-zero,ifs,FALSE,20,elitize_generation_data,275,19,0.338,NA
277,76,negative-to-zero,ifs,FALSE,20,elitize_generation_data,276,20,0.322,NA
278,76,negative-to-zero,ifs,FALSE,20,elitize_generation_data,277,21,0.307,NA
279,76,negative-to-zero,ifs,FALSE,20,elitize_generation_data,278,19,0.319,NA
280,76,negative-to-zero,ifs,FALSE,20,elitize_generation_data,279,20,0.315,NA
281,76,negative-to-zero,ifs,FALSE,20,elitize_generation_data,280,25,0.31,NA
282,76,negative-to-zero,ifs,FALSE,20,elitize_generation_data,281,21,0.323,NA
283,76,negative-to-zero,ifs,FALSE,20,elitize_generation_data,282,24,0.306,NA
284,76,negative-to-zero,ifs,FALSE,20,elitize_generation_data,283,22,0.305,NA
285,76,negative-to-zero,ifs,FALSE,20,elitize_generation_data,284,26,0.321,NA
286,76,negative-to-zero,ifs,FALSE,20,elitize_generation_data,285,22,0.309,NA
287,76,negative-to-zero,ifs,FALSE,20,elitize_generation_data,286,24,0.318,NA
288,76,negative-to-zero,ifs,FALSE,20,elitize_generation_data,287,22,0.302,NA
289,76,negative-to-zero,ifs,FALSE,20,elitize_generation_data,288,19,0.316,NA
290,76,negative-to-zero,ifs,FALSE,20,elitize_generation_data,289,23,0.306,NA
291,76,negative-to-zero,ifs,FALSE,20,elitize_generation_data,290,24,0.318,NA
292,76,negative-to-zero,ifs,FALSE,20,elitize_generation_data,291,22,0.319,NA
293,76,negative-to-zero,ifs,FALSE,20,elitize_generation_data,292,21,0.315,NA
294,76,negative-to-zero,ifs,FALSE,20,elitize_generation_data,293,19,0.309,NA
295,76,negative-to-zero,ifs,FALSE,20,elitize_generation_data,294,13,0.318,NA
296,76,negative-to-zero,ifs,FALSE,20,elitize_generation_data,295,20,0.313,NA
297,76,negative-to-zero,ifs,FALSE,20,elitize_generation_data,296,23,0.32,NA
298,76,negative-to-zero,ifs,FALSE,20,elitize_generation_data,297,20,0.311,NA
299,76,negative-to-zero,ifs,FALSE,20,elitize_generation_data,298,19,0.319,NA
300,76,negative-to-zero,ifs,FALSE,20,elitize_generation_data,299,26,0.306,NA
301,76,negative-to-zero,ifs,FALSE,20,elitize_generation_data,300,25,0.304,NA
