,run.num,problem,treatment,succeeded,height,normalization.function,generation,cluster.count,error.diversity,success.generation
1,52,negative-to-zero,ifs,FALSE,20,elitize_generation_data,0,12,0.036,NA
2,52,negative-to-zero,ifs,FALSE,20,elitize_generation_data,1,15,0.058,NA
3,52,negative-to-zero,ifs,FALSE,20,elitize_generation_data,2,9,0.042,NA
4,52,negative-to-zero,ifs,FALSE,20,elitize_generation_data,3,10,0.027,NA
5,52,negative-to-zero,ifs,FALSE,20,elitize_generation_data,4,6,0.022,NA
6,52,negative-to-zero,ifs,FALSE,20,elitize_generation_data,5,5,0.026,NA
7,52,negative-to-zero,ifs,FALSE,20,elitize_generation_data,6,6,0.031,NA
8,52,negative-to-zero,ifs,FALSE,20,elitize_generation_data,7,5,0.02,NA
9,52,negative-to-zero,ifs,FALSE,20,elitize_generation_data,8,5,0.02,NA
10,52,negative-to-zero,ifs,FALSE,20,elitize_generation_data,9,9,0.028,NA
11,52,negative-to-zero,ifs,FALSE,20,elitize_generation_data,10,6,0.027,NA
12,52,negative-to-zero,ifs,FALSE,20,elitize_generation_data,11,8,0.026,NA
13,52,negative-to-zero,ifs,FALSE,20,elitize_generation_data,12,11,0.033,NA
14,52,negative-to-zero,ifs,FALSE,20,elitize_generation_data,13,11,0.044,NA
15,52,negative-to-zero,ifs,FALSE,20,elitize_generation_data,14,10,0.077,NA
16,52,negative-to-zero,ifs,FALSE,20,elitize_generation_data,15,13,0.074,NA
17,52,negative-to-zero,ifs,FALSE,20,elitize_generation_data,16,19,0.076,NA
18,52,negative-to-zero,ifs,FALSE,20,elitize_generation_data,17,20,0.093,NA
19,52,negative-to-zero,ifs,FALSE,20,elitize_generation_data,18,26,0.13,NA
20,52,negative-to-zero,ifs,FALSE,20,elitize_generation_data,19,30,0.147,NA
21,52,negative-to-zero,ifs,FALSE,20,elitize_generation_data,20,25,0.138,NA
22,52,negative-to-zero,ifs,FALSE,20,elitize_generation_data,21,29,0.151,NA
23,52,negative-to-zero,ifs,FALSE,20,elitize_generation_data,22,18,0.168,NA
24,52,negative-to-zero,ifs,FALSE,20,elitize_generation_data,23,16,0.18,NA
25,52,negative-to-zero,ifs,FALSE,20,elitize_generation_data,24,15,0.154,NA
26,52,negative-to-zero,ifs,FALSE,20,elitize_generation_data,25,14,0.127,NA
27,52,negative-to-zero,ifs,FALSE,20,elitize_generation_data,26,18,0.14,NA
28,52,negative-to-zero,ifs,FALSE,20,elitize_generation_data,27,16,0.182,NA
29,52,negative-to-zero,ifs,FALSE,20,elitize_generation_data,28,13,0.212,NA
30,52,negative-to-zero,ifs,FALSE,20,elitize_generation_data,29,20,0.234,NA
31,52,negative-to-zero,ifs,FALSE,20,elitize_generation_data,30,19,0.227,NA
32,52,negative-to-zero,ifs,FALSE,20,elitize_generation_data,31,20,0.224,NA
33,52,negative-to-zero,ifs,FALSE,20,elitize_generation_data,32,29,0.266,NA
34,52,negative-to-zero,ifs,FALSE,20,elitize_generation_data,33,24,0.282,NA
35,52,negative-to-zero,ifs,FALSE,20,elitize_generation_data,34,21,0.254,NA
36,52,negative-to-zero,ifs,FALSE,20,elitize_generation_data,35,21,0.334,NA
37,52,negative-to-zero,ifs,FALSE,20,elitize_generation_data,36,23,0.33,NA
38,52,negative-to-zero,ifs,FALSE,20,elitize_generation_data,37,29,0.296,NA
39,52,negative-to-zero,ifs,FALSE,20,elitize_generation_data,38,21,0.266,NA
40,52,negative-to-zero,ifs,FALSE,20,elitize_generation_data,39,26,0.237,NA
41,52,negative-to-zero,ifs,FALSE,20,elitize_generation_data,40,22,0.257,NA
42,52,negative-to-zero,ifs,FALSE,20,elitize_generation_data,41,23,0.316,NA
43,52,negative-to-zero,ifs,FALSE,20,elitize_generation_data,42,21,0.355,NA
44,52,negative-to-zero,ifs,FALSE,20,elitize_generation_data,43,22,0.35,NA
45,52,negative-to-zero,ifs,FALSE,20,elitize_generation_data,44,15,0.26,NA
46,52,negative-to-zero,ifs,FALSE,20,elitize_generation_data,45,17,0.248,NA
47,52,negative-to-zero,ifs,FALSE,20,elitize_generation_data,46,17,0.256,NA
48,52,negative-to-zero,ifs,FALSE,20,elitize_generation_data,47,21,0.266,NA
49,52,negative-to-zero,ifs,FALSE,20,elitize_generation_data,48,18,0.299,NA
50,52,negative-to-zero,ifs,FALSE,20,elitize_generation_data,49,20,0.278,NA
51,52,negative-to-zero,ifs,FALSE,20,elitize_generation_data,50,21,0.299,NA
52,52,negative-to-zero,ifs,FALSE,20,elitize_generation_data,51,21,0.293,NA
53,52,negative-to-zero,ifs,FALSE,20,elitize_generation_data,52,22,0.31,NA
54,52,negative-to-zero,ifs,FALSE,20,elitize_generation_data,53,28,0.338,NA
55,52,negative-to-zero,ifs,FALSE,20,elitize_generation_data,54,22,0.334,NA
56,52,negative-to-zero,ifs,FALSE,20,elitize_generation_data,55,26,0.334,NA
57,52,negative-to-zero,ifs,FALSE,20,elitize_generation_data,56,17,0.274,NA
58,52,negative-to-zero,ifs,FALSE,20,elitize_generation_data,57,23,0.319,NA
59,52,negative-to-zero,ifs,FALSE,20,elitize_generation_data,58,28,0.308,NA
60,52,negative-to-zero,ifs,FALSE,20,elitize_generation_data,59,23,0.305,NA
61,52,negative-to-zero,ifs,FALSE,20,elitize_generation_data,60,14,0.361,NA
62,52,negative-to-zero,ifs,FALSE,20,elitize_generation_data,61,15,0.306,NA
63,52,negative-to-zero,ifs,FALSE,20,elitize_generation_data,62,15,0.342,NA
64,52,negative-to-zero,ifs,FALSE,20,elitize_generation_data,63,16,0.327,NA
65,52,negative-to-zero,ifs,FALSE,20,elitize_generation_data,64,14,0.356,NA
66,52,negative-to-zero,ifs,FALSE,20,elitize_generation_data,65,15,0.349,NA
67,52,negative-to-zero,ifs,FALSE,20,elitize_generation_data,66,16,0.362,NA
68,52,negative-to-zero,ifs,FALSE,20,elitize_generation_data,67,15,0.388,NA
69,52,negative-to-zero,ifs,FALSE,20,elitize_generation_data,68,15,0.437,NA
70,52,negative-to-zero,ifs,FALSE,20,elitize_generation_data,69,15,0.435,NA
71,52,negative-to-zero,ifs,FALSE,20,elitize_generation_data,70,15,0.401,NA
72,52,negative-to-zero,ifs,FALSE,20,elitize_generation_data,71,11,0.409,NA
73,52,negative-to-zero,ifs,FALSE,20,elitize_generation_data,72,9,0.372,NA
74,52,negative-to-zero,ifs,FALSE,20,elitize_generation_data,73,9,0.332,NA
75,52,negative-to-zero,ifs,FALSE,20,elitize_generation_data,74,8,0.415,NA
76,52,negative-to-zero,ifs,FALSE,20,elitize_generation_data,75,10,0.457,NA
77,52,negative-to-zero,ifs,FALSE,20,elitize_generation_data,76,10,0.565,NA
78,52,negative-to-zero,ifs,FALSE,20,elitize_generation_data,77,10,0.612,NA
79,52,negative-to-zero,ifs,FALSE,20,elitize_generation_data,78,10,0.638,NA
80,52,negative-to-zero,ifs,FALSE,20,elitize_generation_data,79,8,0.607,NA
81,52,negative-to-zero,ifs,FALSE,20,elitize_generation_data,80,8,0.588,NA
82,52,negative-to-zero,ifs,FALSE,20,elitize_generation_data,81,7,0.575,NA
83,52,negative-to-zero,ifs,FALSE,20,elitize_generation_data,82,10,0.592,NA
84,52,negative-to-zero,ifs,FALSE,20,elitize_generation_data,83,10,0.58,NA
85,52,negative-to-zero,ifs,FALSE,20,elitize_generation_data,84,5,0.516,NA
86,52,negative-to-zero,ifs,FALSE,20,elitize_generation_data,85,6,0.509,NA
87,52,negative-to-zero,ifs,FALSE,20,elitize_generation_data,86,8,0.531,NA
88,52,negative-to-zero,ifs,FALSE,20,elitize_generation_data,87,9,0.542,NA
89,52,negative-to-zero,ifs,FALSE,20,elitize_generation_data,88,9,0.581,NA
90,52,negative-to-zero,ifs,FALSE,20,elitize_generation_data,89,16,0.627,NA
91,52,negative-to-zero,ifs,FALSE,20,elitize_generation_data,90,14,0.706,NA
92,52,negative-to-zero,ifs,FALSE,20,elitize_generation_data,91,19,0.658,NA
93,52,negative-to-zero,ifs,FALSE,20,elitize_generation_data,92,25,0.558,NA
94,52,negative-to-zero,ifs,FALSE,20,elitize_generation_data,93,27,0.507,NA
95,52,negative-to-zero,ifs,FALSE,20,elitize_generation_data,94,28,0.462,NA
96,52,negative-to-zero,ifs,FALSE,20,elitize_generation_data,95,28,0.456,NA
97,52,negative-to-zero,ifs,FALSE,20,elitize_generation_data,96,29,0.525,NA
98,52,negative-to-zero,ifs,FALSE,20,elitize_generation_data,97,36,0.603,NA
99,52,negative-to-zero,ifs,FALSE,20,elitize_generation_data,98,39,0.639,NA
100,52,negative-to-zero,ifs,FALSE,20,elitize_generation_data,99,46,0.646,NA
101,52,negative-to-zero,ifs,FALSE,20,elitize_generation_data,100,47,0.658,NA
102,52,negative-to-zero,ifs,FALSE,20,elitize_generation_data,101,52,0.643,NA
103,52,negative-to-zero,ifs,FALSE,20,elitize_generation_data,102,60,0.648,NA
104,52,negative-to-zero,ifs,FALSE,20,elitize_generation_data,103,57,0.615,NA
105,52,negative-to-zero,ifs,FALSE,20,elitize_generation_data,104,59,0.573,NA
106,52,negative-to-zero,ifs,FALSE,20,elitize_generation_data,105,67,0.563,NA
107,52,negative-to-zero,ifs,FALSE,20,elitize_generation_data,106,83,0.583,NA
108,52,negative-to-zero,ifs,FALSE,20,elitize_generation_data,107,60,0.572,NA
109,52,negative-to-zero,ifs,FALSE,20,elitize_generation_data,108,71,0.548,NA
110,52,negative-to-zero,ifs,FALSE,20,elitize_generation_data,109,38,0.559,NA
111,52,negative-to-zero,ifs,FALSE,20,elitize_generation_data,110,57,0.582,NA
112,52,negative-to-zero,ifs,FALSE,20,elitize_generation_data,111,51,0.603,NA
113,52,negative-to-zero,ifs,FALSE,20,elitize_generation_data,112,92,0.631,NA
114,52,negative-to-zero,ifs,FALSE,20,elitize_generation_data,113,60,0.641,NA
115,52,negative-to-zero,ifs,FALSE,20,elitize_generation_data,114,51,0.616,NA
116,52,negative-to-zero,ifs,FALSE,20,elitize_generation_data,115,53,0.627,NA
117,52,negative-to-zero,ifs,FALSE,20,elitize_generation_data,116,70,0.62,NA
118,52,negative-to-zero,ifs,FALSE,20,elitize_generation_data,117,59,0.637,NA
119,52,negative-to-zero,ifs,FALSE,20,elitize_generation_data,118,50,0.624,NA
120,52,negative-to-zero,ifs,FALSE,20,elitize_generation_data,119,41,0.642,NA
121,52,negative-to-zero,ifs,FALSE,20,elitize_generation_data,120,37,0.63,NA
122,52,negative-to-zero,ifs,FALSE,20,elitize_generation_data,121,48,0.642,NA
123,52,negative-to-zero,ifs,FALSE,20,elitize_generation_data,122,42,0.599,NA
124,52,negative-to-zero,ifs,FALSE,20,elitize_generation_data,123,52,0.581,NA
125,52,negative-to-zero,ifs,FALSE,20,elitize_generation_data,124,59,0.617,NA
126,52,negative-to-zero,ifs,FALSE,20,elitize_generation_data,125,54,0.63,NA
127,52,negative-to-zero,ifs,FALSE,20,elitize_generation_data,126,32,0.645,NA
128,52,negative-to-zero,ifs,FALSE,20,elitize_generation_data,127,43,0.692,NA
129,52,negative-to-zero,ifs,FALSE,20,elitize_generation_data,128,57,0.713,NA
130,52,negative-to-zero,ifs,FALSE,20,elitize_generation_data,129,43,0.71,NA
131,52,negative-to-zero,ifs,FALSE,20,elitize_generation_data,130,53,0.77,NA
132,52,negative-to-zero,ifs,FALSE,20,elitize_generation_data,131,58,0.784,NA
133,52,negative-to-zero,ifs,FALSE,20,elitize_generation_data,132,69,0.78,NA
134,52,negative-to-zero,ifs,FALSE,20,elitize_generation_data,133,55,0.806,NA
135,52,negative-to-zero,ifs,FALSE,20,elitize_generation_data,134,65,0.802,NA
136,52,negative-to-zero,ifs,FALSE,20,elitize_generation_data,135,50,0.792,NA
137,52,negative-to-zero,ifs,FALSE,20,elitize_generation_data,136,52,0.787,NA
138,52,negative-to-zero,ifs,FALSE,20,elitize_generation_data,137,50,0.784,NA
139,52,negative-to-zero,ifs,FALSE,20,elitize_generation_data,138,57,0.766,NA
140,52,negative-to-zero,ifs,FALSE,20,elitize_generation_data,139,56,0.762,NA
141,52,negative-to-zero,ifs,FALSE,20,elitize_generation_data,140,49,0.778,NA
142,52,negative-to-zero,ifs,FALSE,20,elitize_generation_data,141,45,0.774,NA
143,52,negative-to-zero,ifs,FALSE,20,elitize_generation_data,142,58,0.777,NA
144,52,negative-to-zero,ifs,FALSE,20,elitize_generation_data,143,53,0.791,NA
145,52,negative-to-zero,ifs,FALSE,20,elitize_generation_data,144,47,0.767,NA
146,52,negative-to-zero,ifs,FALSE,20,elitize_generation_data,145,82,0.788,NA
147,52,negative-to-zero,ifs,FALSE,20,elitize_generation_data,146,46,0.8,NA
148,52,negative-to-zero,ifs,FALSE,20,elitize_generation_data,147,73,0.788,NA
149,52,negative-to-zero,ifs,FALSE,20,elitize_generation_data,148,60,0.775,NA
150,52,negative-to-zero,ifs,FALSE,20,elitize_generation_data,149,53,0.785,NA
151,52,negative-to-zero,ifs,FALSE,20,elitize_generation_data,150,55,0.79,NA
152,52,negative-to-zero,ifs,FALSE,20,elitize_generation_data,151,52,0.795,NA
153,52,negative-to-zero,ifs,FALSE,20,elitize_generation_data,152,52,0.788,NA
154,52,negative-to-zero,ifs,FALSE,20,elitize_generation_data,153,53,0.792,NA
155,52,negative-to-zero,ifs,FALSE,20,elitize_generation_data,154,51,0.788,NA
156,52,negative-to-zero,ifs,FALSE,20,elitize_generation_data,155,59,0.796,NA
157,52,negative-to-zero,ifs,FALSE,20,elitize_generation_data,156,39,0.79,NA
158,52,negative-to-zero,ifs,FALSE,20,elitize_generation_data,157,60,0.771,NA
159,52,negative-to-zero,ifs,FALSE,20,elitize_generation_data,158,74,0.744,NA
160,52,negative-to-zero,ifs,FALSE,20,elitize_generation_data,159,65,0.769,NA
161,52,negative-to-zero,ifs,FALSE,20,elitize_generation_data,160,66,0.774,NA
162,52,negative-to-zero,ifs,FALSE,20,elitize_generation_data,161,46,0.758,NA
163,52,negative-to-zero,ifs,FALSE,20,elitize_generation_data,162,65,0.775,NA
164,52,negative-to-zero,ifs,FALSE,20,elitize_generation_data,163,61,0.752,NA
165,52,negative-to-zero,ifs,FALSE,20,elitize_generation_data,164,56,0.78,NA
166,52,negative-to-zero,ifs,FALSE,20,elitize_generation_data,165,57,0.77,NA
167,52,negative-to-zero,ifs,FALSE,20,elitize_generation_data,166,56,0.759,NA
168,52,negative-to-zero,ifs,FALSE,20,elitize_generation_data,167,66,0.784,NA
169,52,negative-to-zero,ifs,FALSE,20,elitize_generation_data,168,59,0.754,NA
170,52,negative-to-zero,ifs,FALSE,20,elitize_generation_data,169,76,0.753,NA
171,52,negative-to-zero,ifs,FALSE,20,elitize_generation_data,170,69,0.759,NA
172,52,negative-to-zero,ifs,FALSE,20,elitize_generation_data,171,55,0.73,NA
173,52,negative-to-zero,ifs,FALSE,20,elitize_generation_data,172,47,0.731,NA
174,52,negative-to-zero,ifs,FALSE,20,elitize_generation_data,173,58,0.749,NA
175,52,negative-to-zero,ifs,FALSE,20,elitize_generation_data,174,37,0.761,NA
176,52,negative-to-zero,ifs,FALSE,20,elitize_generation_data,175,50,0.783,NA
177,52,negative-to-zero,ifs,FALSE,20,elitize_generation_data,176,58,0.749,NA
178,52,negative-to-zero,ifs,FALSE,20,elitize_generation_data,177,49,0.772,NA
179,52,negative-to-zero,ifs,FALSE,20,elitize_generation_data,178,50,0.77,NA
180,52,negative-to-zero,ifs,FALSE,20,elitize_generation_data,179,53,0.791,NA
181,52,negative-to-zero,ifs,FALSE,20,elitize_generation_data,180,63,0.751,NA
182,52,negative-to-zero,ifs,FALSE,20,elitize_generation_data,181,47,0.786,NA
183,52,negative-to-zero,ifs,FALSE,20,elitize_generation_data,182,38,0.763,NA
184,52,negative-to-zero,ifs,FALSE,20,elitize_generation_data,183,41,0.755,NA
185,52,negative-to-zero,ifs,FALSE,20,elitize_generation_data,184,48,0.741,NA
186,52,negative-to-zero,ifs,FALSE,20,elitize_generation_data,185,57,0.747,NA
187,52,negative-to-zero,ifs,FALSE,20,elitize_generation_data,186,54,0.76,NA
188,52,negative-to-zero,ifs,FALSE,20,elitize_generation_data,187,48,0.767,NA
189,52,negative-to-zero,ifs,FALSE,20,elitize_generation_data,188,71,0.771,NA
190,52,negative-to-zero,ifs,FALSE,20,elitize_generation_data,189,80,0.769,NA
191,52,negative-to-zero,ifs,FALSE,20,elitize_generation_data,190,66,0.784,NA
192,52,negative-to-zero,ifs,FALSE,20,elitize_generation_data,191,74,0.755,NA
193,52,negative-to-zero,ifs,FALSE,20,elitize_generation_data,192,42,0.749,NA
194,52,negative-to-zero,ifs,FALSE,20,elitize_generation_data,193,76,0.762,NA
195,52,negative-to-zero,ifs,FALSE,20,elitize_generation_data,194,53,0.747,NA
196,52,negative-to-zero,ifs,FALSE,20,elitize_generation_data,195,49,0.771,NA
197,52,negative-to-zero,ifs,FALSE,20,elitize_generation_data,196,59,0.772,NA
198,52,negative-to-zero,ifs,FALSE,20,elitize_generation_data,197,59,0.757,NA
199,52,negative-to-zero,ifs,FALSE,20,elitize_generation_data,198,63,0.774,NA
200,52,negative-to-zero,ifs,FALSE,20,elitize_generation_data,199,63,0.77,NA
201,52,negative-to-zero,ifs,FALSE,20,elitize_generation_data,200,45,0.747,NA
202,52,negative-to-zero,ifs,FALSE,20,elitize_generation_data,201,39,0.75,NA
203,52,negative-to-zero,ifs,FALSE,20,elitize_generation_data,202,43,0.763,NA
204,52,negative-to-zero,ifs,FALSE,20,elitize_generation_data,203,49,0.781,NA
205,52,negative-to-zero,ifs,FALSE,20,elitize_generation_data,204,59,0.782,NA
206,52,negative-to-zero,ifs,FALSE,20,elitize_generation_data,205,69,0.802,NA
207,52,negative-to-zero,ifs,FALSE,20,elitize_generation_data,206,42,0.791,NA
208,52,negative-to-zero,ifs,FALSE,20,elitize_generation_data,207,51,0.777,NA
209,52,negative-to-zero,ifs,FALSE,20,elitize_generation_data,208,54,0.774,NA
210,52,negative-to-zero,ifs,FALSE,20,elitize_generation_data,209,51,0.781,NA
211,52,negative-to-zero,ifs,FALSE,20,elitize_generation_data,210,48,0.792,NA
212,52,negative-to-zero,ifs,FALSE,20,elitize_generation_data,211,53,0.77,NA
213,52,negative-to-zero,ifs,FALSE,20,elitize_generation_data,212,51,0.772,NA
214,52,negative-to-zero,ifs,FALSE,20,elitize_generation_data,213,58,0.76,NA
215,52,negative-to-zero,ifs,FALSE,20,elitize_generation_data,214,45,0.765,NA
216,52,negative-to-zero,ifs,FALSE,20,elitize_generation_data,215,69,0.784,NA
217,52,negative-to-zero,ifs,FALSE,20,elitize_generation_data,216,70,0.774,NA
218,52,negative-to-zero,ifs,FALSE,20,elitize_generation_data,217,44,0.782,NA
219,52,negative-to-zero,ifs,FALSE,20,elitize_generation_data,218,56,0.755,NA
220,52,negative-to-zero,ifs,FALSE,20,elitize_generation_data,219,56,0.771,NA
221,52,negative-to-zero,ifs,FALSE,20,elitize_generation_data,220,54,0.772,NA
222,52,negative-to-zero,ifs,FALSE,20,elitize_generation_data,221,68,0.78,NA
223,52,negative-to-zero,ifs,FALSE,20,elitize_generation_data,222,54,0.77,NA
224,52,negative-to-zero,ifs,FALSE,20,elitize_generation_data,223,57,0.788,NA
225,52,negative-to-zero,ifs,FALSE,20,elitize_generation_data,224,55,0.795,NA
226,52,negative-to-zero,ifs,FALSE,20,elitize_generation_data,225,56,0.77,NA
227,52,negative-to-zero,ifs,FALSE,20,elitize_generation_data,226,66,0.775,NA
228,52,negative-to-zero,ifs,FALSE,20,elitize_generation_data,227,63,0.758,NA
229,52,negative-to-zero,ifs,FALSE,20,elitize_generation_data,228,71,0.777,NA
230,52,negative-to-zero,ifs,FALSE,20,elitize_generation_data,229,43,0.78,NA
231,52,negative-to-zero,ifs,FALSE,20,elitize_generation_data,230,62,0.787,NA
232,52,negative-to-zero,ifs,FALSE,20,elitize_generation_data,231,52,0.786,NA
233,52,negative-to-zero,ifs,FALSE,20,elitize_generation_data,232,56,0.803,NA
234,52,negative-to-zero,ifs,FALSE,20,elitize_generation_data,233,49,0.795,NA
235,52,negative-to-zero,ifs,FALSE,20,elitize_generation_data,234,42,0.77,NA
236,52,negative-to-zero,ifs,FALSE,20,elitize_generation_data,235,30,0.78,NA
237,52,negative-to-zero,ifs,FALSE,20,elitize_generation_data,236,41,0.786,NA
238,52,negative-to-zero,ifs,FALSE,20,elitize_generation_data,237,57,0.777,NA
239,52,negative-to-zero,ifs,FALSE,20,elitize_generation_data,238,65,0.802,NA
240,52,negative-to-zero,ifs,FALSE,20,elitize_generation_data,239,53,0.804,NA
241,52,negative-to-zero,ifs,FALSE,20,elitize_generation_data,240,60,0.794,NA
242,52,negative-to-zero,ifs,FALSE,20,elitize_generation_data,241,52,0.776,NA
243,52,negative-to-zero,ifs,FALSE,20,elitize_generation_data,242,75,0.785,NA
244,52,negative-to-zero,ifs,FALSE,20,elitize_generation_data,243,55,0.796,NA
245,52,negative-to-zero,ifs,FALSE,20,elitize_generation_data,244,56,0.789,NA
246,52,negative-to-zero,ifs,FALSE,20,elitize_generation_data,245,58,0.787,NA
247,52,negative-to-zero,ifs,FALSE,20,elitize_generation_data,246,48,0.792,NA
248,52,negative-to-zero,ifs,FALSE,20,elitize_generation_data,247,65,0.782,NA
249,52,negative-to-zero,ifs,FALSE,20,elitize_generation_data,248,66,0.763,NA
250,52,negative-to-zero,ifs,FALSE,20,elitize_generation_data,249,71,0.77,NA
251,52,negative-to-zero,ifs,FALSE,20,elitize_generation_data,250,46,0.766,NA
252,52,negative-to-zero,ifs,FALSE,20,elitize_generation_data,251,53,0.779,NA
253,52,negative-to-zero,ifs,FALSE,20,elitize_generation_data,252,42,0.764,NA
254,52,negative-to-zero,ifs,FALSE,20,elitize_generation_data,253,80,0.792,NA
255,52,negative-to-zero,ifs,FALSE,20,elitize_generation_data,254,42,0.772,NA
256,52,negative-to-zero,ifs,FALSE,20,elitize_generation_data,255,44,0.774,NA
257,52,negative-to-zero,ifs,FALSE,20,elitize_generation_data,256,52,0.795,NA
258,52,negative-to-zero,ifs,FALSE,20,elitize_generation_data,257,54,0.799,NA
259,52,negative-to-zero,ifs,FALSE,20,elitize_generation_data,258,57,0.815,NA
260,52,negative-to-zero,ifs,FALSE,20,elitize_generation_data,259,52,0.805,NA
261,52,negative-to-zero,ifs,FALSE,20,elitize_generation_data,260,74,0.79,NA
262,52,negative-to-zero,ifs,FALSE,20,elitize_generation_data,261,75,0.788,NA
263,52,negative-to-zero,ifs,FALSE,20,elitize_generation_data,262,50,0.786,NA
264,52,negative-to-zero,ifs,FALSE,20,elitize_generation_data,263,75,0.805,NA
265,52,negative-to-zero,ifs,FALSE,20,elitize_generation_data,264,50,0.804,NA
266,52,negative-to-zero,ifs,FALSE,20,elitize_generation_data,265,80,0.799,NA
267,52,negative-to-zero,ifs,FALSE,20,elitize_generation_data,266,64,0.768,NA
268,52,negative-to-zero,ifs,FALSE,20,elitize_generation_data,267,53,0.767,NA
269,52,negative-to-zero,ifs,FALSE,20,elitize_generation_data,268,64,0.77,NA
270,52,negative-to-zero,ifs,FALSE,20,elitize_generation_data,269,75,0.771,NA
271,52,negative-to-zero,ifs,FALSE,20,elitize_generation_data,270,58,0.773,NA
272,52,negative-to-zero,ifs,FALSE,20,elitize_generation_data,271,62,0.763,NA
273,52,negative-to-zero,ifs,FALSE,20,elitize_generation_data,272,61,0.769,NA
274,52,negative-to-zero,ifs,FALSE,20,elitize_generation_data,273,94,0.783,NA
275,52,negative-to-zero,ifs,FALSE,20,elitize_generation_data,274,59,0.779,NA
276,52,negative-to-zero,ifs,FALSE,20,elitize_generation_data,275,76,0.773,NA
277,52,negative-to-zero,ifs,FALSE,20,elitize_generation_data,276,75,0.779,NA
278,52,negative-to-zero,ifs,FALSE,20,elitize_generation_data,277,79,0.771,NA
279,52,negative-to-zero,ifs,FALSE,20,elitize_generation_data,278,70,0.787,NA
280,52,negative-to-zero,ifs,FALSE,20,elitize_generation_data,279,67,0.791,NA
281,52,negative-to-zero,ifs,FALSE,20,elitize_generation_data,280,56,0.796,NA
282,52,negative-to-zero,ifs,FALSE,20,elitize_generation_data,281,66,0.787,NA
283,52,negative-to-zero,ifs,FALSE,20,elitize_generation_data,282,73,0.777,NA
284,52,negative-to-zero,ifs,FALSE,20,elitize_generation_data,283,68,0.752,NA
285,52,negative-to-zero,ifs,FALSE,20,elitize_generation_data,284,62,0.777,NA
286,52,negative-to-zero,ifs,FALSE,20,elitize_generation_data,285,48,0.781,NA
287,52,negative-to-zero,ifs,FALSE,20,elitize_generation_data,286,46,0.782,NA
288,52,negative-to-zero,ifs,FALSE,20,elitize_generation_data,287,67,0.761,NA
289,52,negative-to-zero,ifs,FALSE,20,elitize_generation_data,288,55,0.774,NA
290,52,negative-to-zero,ifs,FALSE,20,elitize_generation_data,289,48,0.763,NA
291,52,negative-to-zero,ifs,FALSE,20,elitize_generation_data,290,66,0.784,NA
292,52,negative-to-zero,ifs,FALSE,20,elitize_generation_data,291,42,0.779,NA
293,52,negative-to-zero,ifs,FALSE,20,elitize_generation_data,292,54,0.763,NA
294,52,negative-to-zero,ifs,FALSE,20,elitize_generation_data,293,57,0.767,NA
295,52,negative-to-zero,ifs,FALSE,20,elitize_generation_data,294,60,0.783,NA
296,52,negative-to-zero,ifs,FALSE,20,elitize_generation_data,295,71,0.807,NA
297,52,negative-to-zero,ifs,FALSE,20,elitize_generation_data,296,52,0.782,NA
298,52,negative-to-zero,ifs,FALSE,20,elitize_generation_data,297,62,0.789,NA
299,52,negative-to-zero,ifs,FALSE,20,elitize_generation_data,298,52,0.784,NA
300,52,negative-to-zero,ifs,FALSE,20,elitize_generation_data,299,48,0.772,NA
301,52,negative-to-zero,ifs,FALSE,20,elitize_generation_data,300,64,0.776,NA
