,run.num,problem,treatment,succeeded,height,normalization.function,generation,cluster.count,error.diversity,success.generation
1,70,negative-to-zero,ifs,FALSE,20,elitize_generation_data,0,10,0.043,NA
2,70,negative-to-zero,ifs,FALSE,20,elitize_generation_data,1,13,0.062,NA
3,70,negative-to-zero,ifs,FALSE,20,elitize_generation_data,2,13,0.033,NA
4,70,negative-to-zero,ifs,FALSE,20,elitize_generation_data,3,10,0.02,NA
5,70,negative-to-zero,ifs,FALSE,20,elitize_generation_data,4,11,0.02,NA
6,70,negative-to-zero,ifs,FALSE,20,elitize_generation_data,5,7,0.016,NA
7,70,negative-to-zero,ifs,FALSE,20,elitize_generation_data,6,9,0.016,NA
8,70,negative-to-zero,ifs,FALSE,20,elitize_generation_data,7,7,0.019,NA
9,70,negative-to-zero,ifs,FALSE,20,elitize_generation_data,8,7,0.017,NA
10,70,negative-to-zero,ifs,FALSE,20,elitize_generation_data,9,6,0.01,NA
11,70,negative-to-zero,ifs,FALSE,20,elitize_generation_data,10,9,0.018,NA
12,70,negative-to-zero,ifs,FALSE,20,elitize_generation_data,11,4,0.009,NA
13,70,negative-to-zero,ifs,FALSE,20,elitize_generation_data,12,6,0.008,NA
14,70,negative-to-zero,ifs,FALSE,20,elitize_generation_data,13,6,0.01,NA
15,70,negative-to-zero,ifs,FALSE,20,elitize_generation_data,14,4,0.007,NA
16,70,negative-to-zero,ifs,FALSE,20,elitize_generation_data,15,8,0.015,NA
17,70,negative-to-zero,ifs,FALSE,20,elitize_generation_data,16,4,0.009,NA
18,70,negative-to-zero,ifs,FALSE,20,elitize_generation_data,17,5,0.009,NA
19,70,negative-to-zero,ifs,FALSE,20,elitize_generation_data,18,5,0.01,NA
20,70,negative-to-zero,ifs,FALSE,20,elitize_generation_data,19,7,0.013,NA
21,70,negative-to-zero,ifs,FALSE,20,elitize_generation_data,20,7,0.011,NA
22,70,negative-to-zero,ifs,FALSE,20,elitize_generation_data,21,3,0.007,NA
23,70,negative-to-zero,ifs,FALSE,20,elitize_generation_data,22,9,0.013,NA
24,70,negative-to-zero,ifs,FALSE,20,elitize_generation_data,23,5,0.011,NA
25,70,negative-to-zero,ifs,FALSE,20,elitize_generation_data,24,5,0.013,NA
26,70,negative-to-zero,ifs,FALSE,20,elitize_generation_data,25,6,0.012,NA
27,70,negative-to-zero,ifs,FALSE,20,elitize_generation_data,26,5,0.011,NA
28,70,negative-to-zero,ifs,FALSE,20,elitize_generation_data,27,4,0.008,NA
29,70,negative-to-zero,ifs,FALSE,20,elitize_generation_data,28,5,0.009,NA
30,70,negative-to-zero,ifs,FALSE,20,elitize_generation_data,29,4,0.009,NA
31,70,negative-to-zero,ifs,FALSE,20,elitize_generation_data,30,5,0.011,NA
32,70,negative-to-zero,ifs,FALSE,20,elitize_generation_data,31,6,0.016,NA
33,70,negative-to-zero,ifs,FALSE,20,elitize_generation_data,32,6,0.015,NA
34,70,negative-to-zero,ifs,FALSE,20,elitize_generation_data,33,7,0.021,NA
35,70,negative-to-zero,ifs,FALSE,20,elitize_generation_data,34,7,0.02,NA
36,70,negative-to-zero,ifs,FALSE,20,elitize_generation_data,35,6,0.034,NA
37,70,negative-to-zero,ifs,FALSE,20,elitize_generation_data,36,5,0.026,NA
38,70,negative-to-zero,ifs,FALSE,20,elitize_generation_data,37,8,0.045,NA
39,70,negative-to-zero,ifs,FALSE,20,elitize_generation_data,38,9,0.052,NA
40,70,negative-to-zero,ifs,FALSE,20,elitize_generation_data,39,9,0.054,NA
41,70,negative-to-zero,ifs,FALSE,20,elitize_generation_data,40,7,0.043,NA
42,70,negative-to-zero,ifs,FALSE,20,elitize_generation_data,41,6,0.057,NA
43,70,negative-to-zero,ifs,FALSE,20,elitize_generation_data,42,7,0.064,NA
44,70,negative-to-zero,ifs,FALSE,20,elitize_generation_data,43,8,0.07,NA
45,70,negative-to-zero,ifs,FALSE,20,elitize_generation_data,44,7,0.072,NA
46,70,negative-to-zero,ifs,FALSE,20,elitize_generation_data,45,8,0.078,NA
47,70,negative-to-zero,ifs,FALSE,20,elitize_generation_data,46,9,0.084,NA
48,70,negative-to-zero,ifs,FALSE,20,elitize_generation_data,47,7,0.101,NA
49,70,negative-to-zero,ifs,FALSE,20,elitize_generation_data,48,12,0.102,NA
50,70,negative-to-zero,ifs,FALSE,20,elitize_generation_data,49,6,0.1,NA
51,70,negative-to-zero,ifs,FALSE,20,elitize_generation_data,50,10,0.113,NA
52,70,negative-to-zero,ifs,FALSE,20,elitize_generation_data,51,8,0.122,NA
53,70,negative-to-zero,ifs,FALSE,20,elitize_generation_data,52,9,0.132,NA
54,70,negative-to-zero,ifs,FALSE,20,elitize_generation_data,53,10,0.13,NA
55,70,negative-to-zero,ifs,FALSE,20,elitize_generation_data,54,12,0.148,NA
56,70,negative-to-zero,ifs,FALSE,20,elitize_generation_data,55,9,0.127,NA
57,70,negative-to-zero,ifs,FALSE,20,elitize_generation_data,56,16,0.165,NA
58,70,negative-to-zero,ifs,FALSE,20,elitize_generation_data,57,19,0.22,NA
59,70,negative-to-zero,ifs,FALSE,20,elitize_generation_data,58,25,0.214,NA
60,70,negative-to-zero,ifs,FALSE,20,elitize_generation_data,59,26,0.208,NA
61,70,negative-to-zero,ifs,FALSE,20,elitize_generation_data,60,26,0.228,NA
62,70,negative-to-zero,ifs,FALSE,20,elitize_generation_data,61,17,0.216,NA
63,70,negative-to-zero,ifs,FALSE,20,elitize_generation_data,62,16,0.227,NA
64,70,negative-to-zero,ifs,FALSE,20,elitize_generation_data,63,16,0.241,NA
65,70,negative-to-zero,ifs,FALSE,20,elitize_generation_data,64,15,0.219,NA
66,70,negative-to-zero,ifs,FALSE,20,elitize_generation_data,65,18,0.17,NA
67,70,negative-to-zero,ifs,FALSE,20,elitize_generation_data,66,11,0.13,NA
68,70,negative-to-zero,ifs,FALSE,20,elitize_generation_data,67,18,0.147,NA
69,70,negative-to-zero,ifs,FALSE,20,elitize_generation_data,68,13,0.118,NA
70,70,negative-to-zero,ifs,FALSE,20,elitize_generation_data,69,13,0.089,NA
71,70,negative-to-zero,ifs,FALSE,20,elitize_generation_data,70,13,0.088,NA
72,70,negative-to-zero,ifs,FALSE,20,elitize_generation_data,71,9,0.079,NA
73,70,negative-to-zero,ifs,FALSE,20,elitize_generation_data,72,12,0.072,NA
74,70,negative-to-zero,ifs,FALSE,20,elitize_generation_data,73,10,0.066,NA
75,70,negative-to-zero,ifs,FALSE,20,elitize_generation_data,74,11,0.061,NA
76,70,negative-to-zero,ifs,FALSE,20,elitize_generation_data,75,9,0.056,NA
77,70,negative-to-zero,ifs,FALSE,20,elitize_generation_data,76,13,0.062,NA
78,70,negative-to-zero,ifs,FALSE,20,elitize_generation_data,77,12,0.056,NA
79,70,negative-to-zero,ifs,FALSE,20,elitize_generation_data,78,9,0.055,NA
80,70,negative-to-zero,ifs,FALSE,20,elitize_generation_data,79,10,0.051,NA
81,70,negative-to-zero,ifs,FALSE,20,elitize_generation_data,80,13,0.05,NA
82,70,negative-to-zero,ifs,FALSE,20,elitize_generation_data,81,9,0.061,NA
83,70,negative-to-zero,ifs,FALSE,20,elitize_generation_data,82,10,0.047,NA
84,70,negative-to-zero,ifs,FALSE,20,elitize_generation_data,83,15,0.062,NA
85,70,negative-to-zero,ifs,FALSE,20,elitize_generation_data,84,11,0.049,NA
86,70,negative-to-zero,ifs,FALSE,20,elitize_generation_data,85,11,0.052,NA
87,70,negative-to-zero,ifs,FALSE,20,elitize_generation_data,86,17,0.061,NA
88,70,negative-to-zero,ifs,FALSE,20,elitize_generation_data,87,12,0.052,NA
89,70,negative-to-zero,ifs,FALSE,20,elitize_generation_data,88,9,0.047,NA
90,70,negative-to-zero,ifs,FALSE,20,elitize_generation_data,89,11,0.043,NA
91,70,negative-to-zero,ifs,FALSE,20,elitize_generation_data,90,12,0.042,NA
92,70,negative-to-zero,ifs,FALSE,20,elitize_generation_data,91,12,0.054,NA
93,70,negative-to-zero,ifs,FALSE,20,elitize_generation_data,92,9,0.05,NA
94,70,negative-to-zero,ifs,FALSE,20,elitize_generation_data,93,15,0.06,NA
95,70,negative-to-zero,ifs,FALSE,20,elitize_generation_data,94,8,0.052,NA
96,70,negative-to-zero,ifs,FALSE,20,elitize_generation_data,95,14,0.057,NA
97,70,negative-to-zero,ifs,FALSE,20,elitize_generation_data,96,12,0.052,NA
98,70,negative-to-zero,ifs,FALSE,20,elitize_generation_data,97,12,0.05,NA
99,70,negative-to-zero,ifs,FALSE,20,elitize_generation_data,98,12,0.047,NA
100,70,negative-to-zero,ifs,FALSE,20,elitize_generation_data,99,12,0.059,NA
101,70,negative-to-zero,ifs,FALSE,20,elitize_generation_data,100,12,0.055,NA
102,70,negative-to-zero,ifs,FALSE,20,elitize_generation_data,101,12,0.046,NA
103,70,negative-to-zero,ifs,FALSE,20,elitize_generation_data,102,13,0.052,NA
104,70,negative-to-zero,ifs,FALSE,20,elitize_generation_data,103,14,0.064,NA
105,70,negative-to-zero,ifs,FALSE,20,elitize_generation_data,104,15,0.052,NA
106,70,negative-to-zero,ifs,FALSE,20,elitize_generation_data,105,11,0.05,NA
107,70,negative-to-zero,ifs,FALSE,20,elitize_generation_data,106,17,0.062,NA
108,70,negative-to-zero,ifs,FALSE,20,elitize_generation_data,107,14,0.05,NA
109,70,negative-to-zero,ifs,FALSE,20,elitize_generation_data,108,14,0.048,NA
110,70,negative-to-zero,ifs,FALSE,20,elitize_generation_data,109,11,0.035,NA
111,70,negative-to-zero,ifs,FALSE,20,elitize_generation_data,110,11,0.049,NA
112,70,negative-to-zero,ifs,FALSE,20,elitize_generation_data,111,12,0.054,NA
113,70,negative-to-zero,ifs,FALSE,20,elitize_generation_data,112,13,0.052,NA
114,70,negative-to-zero,ifs,FALSE,20,elitize_generation_data,113,12,0.053,NA
115,70,negative-to-zero,ifs,FALSE,20,elitize_generation_data,114,14,0.066,NA
116,70,negative-to-zero,ifs,FALSE,20,elitize_generation_data,115,13,0.063,NA
117,70,negative-to-zero,ifs,FALSE,20,elitize_generation_data,116,14,0.065,NA
118,70,negative-to-zero,ifs,FALSE,20,elitize_generation_data,117,15,0.061,NA
119,70,negative-to-zero,ifs,FALSE,20,elitize_generation_data,118,12,0.064,NA
120,70,negative-to-zero,ifs,FALSE,20,elitize_generation_data,119,14,0.071,NA
121,70,negative-to-zero,ifs,FALSE,20,elitize_generation_data,120,9,0.069,NA
122,70,negative-to-zero,ifs,FALSE,20,elitize_generation_data,121,9,0.095,NA
123,70,negative-to-zero,ifs,FALSE,20,elitize_generation_data,122,13,0.095,NA
124,70,negative-to-zero,ifs,FALSE,20,elitize_generation_data,123,17,0.107,NA
125,70,negative-to-zero,ifs,FALSE,20,elitize_generation_data,124,14,0.102,NA
126,70,negative-to-zero,ifs,FALSE,20,elitize_generation_data,125,18,0.126,NA
127,70,negative-to-zero,ifs,FALSE,20,elitize_generation_data,126,14,0.133,NA
128,70,negative-to-zero,ifs,FALSE,20,elitize_generation_data,127,15,0.148,NA
129,70,negative-to-zero,ifs,FALSE,20,elitize_generation_data,128,12,0.148,NA
130,70,negative-to-zero,ifs,FALSE,20,elitize_generation_data,129,12,0.171,NA
131,70,negative-to-zero,ifs,FALSE,20,elitize_generation_data,130,12,0.188,NA
132,70,negative-to-zero,ifs,FALSE,20,elitize_generation_data,131,12,0.179,NA
133,70,negative-to-zero,ifs,FALSE,20,elitize_generation_data,132,18,0.145,NA
134,70,negative-to-zero,ifs,FALSE,20,elitize_generation_data,133,15,0.165,NA
135,70,negative-to-zero,ifs,FALSE,20,elitize_generation_data,134,19,0.212,NA
136,70,negative-to-zero,ifs,FALSE,20,elitize_generation_data,135,20,0.259,NA
137,70,negative-to-zero,ifs,FALSE,20,elitize_generation_data,136,24,0.341,NA
138,70,negative-to-zero,ifs,FALSE,20,elitize_generation_data,137,29,0.392,NA
139,70,negative-to-zero,ifs,FALSE,20,elitize_generation_data,138,36,0.478,NA
140,70,negative-to-zero,ifs,FALSE,20,elitize_generation_data,139,39,0.531,NA
141,70,negative-to-zero,ifs,FALSE,20,elitize_generation_data,140,35,0.526,NA
142,70,negative-to-zero,ifs,FALSE,20,elitize_generation_data,141,45,0.502,NA
143,70,negative-to-zero,ifs,FALSE,20,elitize_generation_data,142,37,0.477,NA
144,70,negative-to-zero,ifs,FALSE,20,elitize_generation_data,143,50,0.47,NA
145,70,negative-to-zero,ifs,FALSE,20,elitize_generation_data,144,46,0.428,NA
146,70,negative-to-zero,ifs,FALSE,20,elitize_generation_data,145,51,0.494,NA
147,70,negative-to-zero,ifs,FALSE,20,elitize_generation_data,146,65,0.567,NA
148,70,negative-to-zero,ifs,FALSE,20,elitize_generation_data,147,124,0.677,NA
149,70,negative-to-zero,ifs,FALSE,20,elitize_generation_data,148,152,0.684,NA
150,70,negative-to-zero,ifs,FALSE,20,elitize_generation_data,149,145,0.635,NA
151,70,negative-to-zero,ifs,FALSE,20,elitize_generation_data,150,119,0.545,NA
152,70,negative-to-zero,ifs,FALSE,20,elitize_generation_data,151,103,0.54,NA
153,70,negative-to-zero,ifs,FALSE,20,elitize_generation_data,152,86,0.497,NA
154,70,negative-to-zero,ifs,FALSE,20,elitize_generation_data,153,99,0.485,NA
155,70,negative-to-zero,ifs,FALSE,20,elitize_generation_data,154,126,0.509,NA
156,70,negative-to-zero,ifs,FALSE,20,elitize_generation_data,155,162,0.572,NA
157,70,negative-to-zero,ifs,FALSE,20,elitize_generation_data,156,182,0.594,NA
158,70,negative-to-zero,ifs,FALSE,20,elitize_generation_data,157,222,0.63,NA
159,70,negative-to-zero,ifs,FALSE,20,elitize_generation_data,158,209,0.655,NA
160,70,negative-to-zero,ifs,FALSE,20,elitize_generation_data,159,222,0.641,NA
161,70,negative-to-zero,ifs,FALSE,20,elitize_generation_data,160,213,0.627,NA
162,70,negative-to-zero,ifs,FALSE,20,elitize_generation_data,161,185,0.705,NA
163,70,negative-to-zero,ifs,FALSE,20,elitize_generation_data,162,269,0.697,NA
164,70,negative-to-zero,ifs,FALSE,20,elitize_generation_data,163,216,0.637,NA
165,70,negative-to-zero,ifs,FALSE,20,elitize_generation_data,164,216,0.607,NA
166,70,negative-to-zero,ifs,FALSE,20,elitize_generation_data,165,172,0.574,NA
167,70,negative-to-zero,ifs,FALSE,20,elitize_generation_data,166,172,0.539,NA
168,70,negative-to-zero,ifs,FALSE,20,elitize_generation_data,167,191,0.57,NA
169,70,negative-to-zero,ifs,FALSE,20,elitize_generation_data,168,124,0.53,NA
170,70,negative-to-zero,ifs,FALSE,20,elitize_generation_data,169,190,0.54,NA
171,70,negative-to-zero,ifs,FALSE,20,elitize_generation_data,170,172,0.538,NA
172,70,negative-to-zero,ifs,FALSE,20,elitize_generation_data,171,118,0.499,NA
173,70,negative-to-zero,ifs,FALSE,20,elitize_generation_data,172,134,0.476,NA
174,70,negative-to-zero,ifs,FALSE,20,elitize_generation_data,173,79,0.399,NA
175,70,negative-to-zero,ifs,FALSE,20,elitize_generation_data,174,68,0.374,NA
176,70,negative-to-zero,ifs,FALSE,20,elitize_generation_data,175,62,0.407,NA
177,70,negative-to-zero,ifs,FALSE,20,elitize_generation_data,176,54,0.409,NA
178,70,negative-to-zero,ifs,FALSE,20,elitize_generation_data,177,55,0.43,NA
179,70,negative-to-zero,ifs,FALSE,20,elitize_generation_data,178,55,0.437,NA
180,70,negative-to-zero,ifs,FALSE,20,elitize_generation_data,179,64,0.423,NA
181,70,negative-to-zero,ifs,FALSE,20,elitize_generation_data,180,66,0.454,NA
182,70,negative-to-zero,ifs,FALSE,20,elitize_generation_data,181,81,0.472,NA
183,70,negative-to-zero,ifs,FALSE,20,elitize_generation_data,182,70,0.437,NA
184,70,negative-to-zero,ifs,FALSE,20,elitize_generation_data,183,73,0.455,NA
185,70,negative-to-zero,ifs,FALSE,20,elitize_generation_data,184,71,0.421,NA
186,70,negative-to-zero,ifs,FALSE,20,elitize_generation_data,185,54,0.457,NA
187,70,negative-to-zero,ifs,FALSE,20,elitize_generation_data,186,70,0.415,NA
188,70,negative-to-zero,ifs,FALSE,20,elitize_generation_data,187,54,0.405,NA
189,70,negative-to-zero,ifs,FALSE,20,elitize_generation_data,188,61,0.43,NA
190,70,negative-to-zero,ifs,FALSE,20,elitize_generation_data,189,55,0.407,NA
191,70,negative-to-zero,ifs,FALSE,20,elitize_generation_data,190,70,0.42,NA
192,70,negative-to-zero,ifs,FALSE,20,elitize_generation_data,191,64,0.417,NA
193,70,negative-to-zero,ifs,FALSE,20,elitize_generation_data,192,57,0.414,NA
194,70,negative-to-zero,ifs,FALSE,20,elitize_generation_data,193,51,0.401,NA
195,70,negative-to-zero,ifs,FALSE,20,elitize_generation_data,194,49,0.419,NA
196,70,negative-to-zero,ifs,FALSE,20,elitize_generation_data,195,73,0.438,NA
197,70,negative-to-zero,ifs,FALSE,20,elitize_generation_data,196,60,0.419,NA
198,70,negative-to-zero,ifs,FALSE,20,elitize_generation_data,197,71,0.45,NA
199,70,negative-to-zero,ifs,FALSE,20,elitize_generation_data,198,69,0.457,NA
200,70,negative-to-zero,ifs,FALSE,20,elitize_generation_data,199,81,0.486,NA
201,70,negative-to-zero,ifs,FALSE,20,elitize_generation_data,200,87,0.555,NA
202,70,negative-to-zero,ifs,FALSE,20,elitize_generation_data,201,92,0.568,NA
203,70,negative-to-zero,ifs,FALSE,20,elitize_generation_data,202,88,0.563,NA
204,70,negative-to-zero,ifs,FALSE,20,elitize_generation_data,203,107,0.644,NA
205,70,negative-to-zero,ifs,FALSE,20,elitize_generation_data,204,112,0.632,NA
206,70,negative-to-zero,ifs,FALSE,20,elitize_generation_data,205,117,0.652,NA
207,70,negative-to-zero,ifs,FALSE,20,elitize_generation_data,206,132,0.602,NA
208,70,negative-to-zero,ifs,FALSE,20,elitize_generation_data,207,100,0.566,NA
209,70,negative-to-zero,ifs,FALSE,20,elitize_generation_data,208,113,0.571,NA
210,70,negative-to-zero,ifs,FALSE,20,elitize_generation_data,209,86,0.55,NA
211,70,negative-to-zero,ifs,FALSE,20,elitize_generation_data,210,118,0.572,NA
212,70,negative-to-zero,ifs,FALSE,20,elitize_generation_data,211,95,0.591,NA
213,70,negative-to-zero,ifs,FALSE,20,elitize_generation_data,212,86,0.533,NA
214,70,negative-to-zero,ifs,FALSE,20,elitize_generation_data,213,96,0.554,NA
215,70,negative-to-zero,ifs,FALSE,20,elitize_generation_data,214,73,0.55,NA
216,70,negative-to-zero,ifs,FALSE,20,elitize_generation_data,215,116,0.557,NA
217,70,negative-to-zero,ifs,FALSE,20,elitize_generation_data,216,104,0.577,NA
218,70,negative-to-zero,ifs,FALSE,20,elitize_generation_data,217,115,0.555,NA
219,70,negative-to-zero,ifs,FALSE,20,elitize_generation_data,218,117,0.553,NA
220,70,negative-to-zero,ifs,FALSE,20,elitize_generation_data,219,102,0.554,NA
221,70,negative-to-zero,ifs,FALSE,20,elitize_generation_data,220,105,0.578,NA
222,70,negative-to-zero,ifs,FALSE,20,elitize_generation_data,221,117,0.551,NA
223,70,negative-to-zero,ifs,FALSE,20,elitize_generation_data,222,101,0.555,NA
224,70,negative-to-zero,ifs,FALSE,20,elitize_generation_data,223,74,0.548,NA
225,70,negative-to-zero,ifs,FALSE,20,elitize_generation_data,224,81,0.564,NA
226,70,negative-to-zero,ifs,FALSE,20,elitize_generation_data,225,81,0.563,NA
227,70,negative-to-zero,ifs,FALSE,20,elitize_generation_data,226,71,0.569,NA
228,70,negative-to-zero,ifs,FALSE,20,elitize_generation_data,227,95,0.591,NA
229,70,negative-to-zero,ifs,FALSE,20,elitize_generation_data,228,77,0.574,NA
230,70,negative-to-zero,ifs,FALSE,20,elitize_generation_data,229,66,0.592,NA
231,70,negative-to-zero,ifs,FALSE,20,elitize_generation_data,230,97,0.561,NA
232,70,negative-to-zero,ifs,FALSE,20,elitize_generation_data,231,86,0.557,NA
233,70,negative-to-zero,ifs,FALSE,20,elitize_generation_data,232,73,0.592,NA
234,70,negative-to-zero,ifs,FALSE,20,elitize_generation_data,233,67,0.625,NA
235,70,negative-to-zero,ifs,FALSE,20,elitize_generation_data,234,92,0.604,NA
236,70,negative-to-zero,ifs,FALSE,20,elitize_generation_data,235,90,0.599,NA
237,70,negative-to-zero,ifs,FALSE,20,elitize_generation_data,236,78,0.597,NA
238,70,negative-to-zero,ifs,FALSE,20,elitize_generation_data,237,67,0.587,NA
239,70,negative-to-zero,ifs,FALSE,20,elitize_generation_data,238,65,0.581,NA
240,70,negative-to-zero,ifs,FALSE,20,elitize_generation_data,239,93,0.622,NA
241,70,negative-to-zero,ifs,FALSE,20,elitize_generation_data,240,79,0.601,NA
242,70,negative-to-zero,ifs,FALSE,20,elitize_generation_data,241,89,0.588,NA
243,70,negative-to-zero,ifs,FALSE,20,elitize_generation_data,242,92,0.593,NA
244,70,negative-to-zero,ifs,FALSE,20,elitize_generation_data,243,96,0.59,NA
245,70,negative-to-zero,ifs,FALSE,20,elitize_generation_data,244,101,0.568,NA
246,70,negative-to-zero,ifs,FALSE,20,elitize_generation_data,245,105,0.549,NA
247,70,negative-to-zero,ifs,FALSE,20,elitize_generation_data,246,109,0.579,NA
248,70,negative-to-zero,ifs,FALSE,20,elitize_generation_data,247,107,0.557,NA
249,70,negative-to-zero,ifs,FALSE,20,elitize_generation_data,248,88,0.551,NA
250,70,negative-to-zero,ifs,FALSE,20,elitize_generation_data,249,86,0.582,NA
251,70,negative-to-zero,ifs,FALSE,20,elitize_generation_data,250,88,0.578,NA
252,70,negative-to-zero,ifs,FALSE,20,elitize_generation_data,251,84,0.577,NA
253,70,negative-to-zero,ifs,FALSE,20,elitize_generation_data,252,113,0.563,NA
254,70,negative-to-zero,ifs,FALSE,20,elitize_generation_data,253,100,0.58,NA
255,70,negative-to-zero,ifs,FALSE,20,elitize_generation_data,254,118,0.599,NA
256,70,negative-to-zero,ifs,FALSE,20,elitize_generation_data,255,97,0.568,NA
257,70,negative-to-zero,ifs,FALSE,20,elitize_generation_data,256,107,0.551,NA
258,70,negative-to-zero,ifs,FALSE,20,elitize_generation_data,257,100,0.528,NA
259,70,negative-to-zero,ifs,FALSE,20,elitize_generation_data,258,101,0.534,NA
260,70,negative-to-zero,ifs,FALSE,20,elitize_generation_data,259,113,0.544,NA
261,70,negative-to-zero,ifs,FALSE,20,elitize_generation_data,260,85,0.542,NA
262,70,negative-to-zero,ifs,FALSE,20,elitize_generation_data,261,109,0.539,NA
263,70,negative-to-zero,ifs,FALSE,20,elitize_generation_data,262,96,0.557,NA
264,70,negative-to-zero,ifs,FALSE,20,elitize_generation_data,263,121,0.567,NA
265,70,negative-to-zero,ifs,FALSE,20,elitize_generation_data,264,86,0.567,NA
266,70,negative-to-zero,ifs,FALSE,20,elitize_generation_data,265,98,0.56,NA
267,70,negative-to-zero,ifs,FALSE,20,elitize_generation_data,266,95,0.583,NA
268,70,negative-to-zero,ifs,FALSE,20,elitize_generation_data,267,108,0.563,NA
269,70,negative-to-zero,ifs,FALSE,20,elitize_generation_data,268,73,0.573,NA
270,70,negative-to-zero,ifs,FALSE,20,elitize_generation_data,269,83,0.553,NA
271,70,negative-to-zero,ifs,FALSE,20,elitize_generation_data,270,105,0.569,NA
272,70,negative-to-zero,ifs,FALSE,20,elitize_generation_data,271,84,0.572,NA
273,70,negative-to-zero,ifs,FALSE,20,elitize_generation_data,272,95,0.536,NA
274,70,negative-to-zero,ifs,FALSE,20,elitize_generation_data,273,114,0.57,NA
275,70,negative-to-zero,ifs,FALSE,20,elitize_generation_data,274,109,0.576,NA
276,70,negative-to-zero,ifs,FALSE,20,elitize_generation_data,275,99,0.561,NA
277,70,negative-to-zero,ifs,FALSE,20,elitize_generation_data,276,109,0.567,NA
278,70,negative-to-zero,ifs,FALSE,20,elitize_generation_data,277,87,0.567,NA
279,70,negative-to-zero,ifs,FALSE,20,elitize_generation_data,278,86,0.568,NA
280,70,negative-to-zero,ifs,FALSE,20,elitize_generation_data,279,85,0.553,NA
281,70,negative-to-zero,ifs,FALSE,20,elitize_generation_data,280,101,0.576,NA
282,70,negative-to-zero,ifs,FALSE,20,elitize_generation_data,281,92,0.573,NA
283,70,negative-to-zero,ifs,FALSE,20,elitize_generation_data,282,102,0.554,NA
284,70,negative-to-zero,ifs,FALSE,20,elitize_generation_data,283,103,0.579,NA
285,70,negative-to-zero,ifs,FALSE,20,elitize_generation_data,284,99,0.547,NA
286,70,negative-to-zero,ifs,FALSE,20,elitize_generation_data,285,87,0.575,NA
287,70,negative-to-zero,ifs,FALSE,20,elitize_generation_data,286,81,0.545,NA
288,70,negative-to-zero,ifs,FALSE,20,elitize_generation_data,287,94,0.567,NA
289,70,negative-to-zero,ifs,FALSE,20,elitize_generation_data,288,103,0.575,NA
290,70,negative-to-zero,ifs,FALSE,20,elitize_generation_data,289,98,0.563,NA
291,70,negative-to-zero,ifs,FALSE,20,elitize_generation_data,290,93,0.555,NA
292,70,negative-to-zero,ifs,FALSE,20,elitize_generation_data,291,89,0.553,NA
293,70,negative-to-zero,ifs,FALSE,20,elitize_generation_data,292,108,0.57,NA
294,70,negative-to-zero,ifs,FALSE,20,elitize_generation_data,293,91,0.559,NA
295,70,negative-to-zero,ifs,FALSE,20,elitize_generation_data,294,106,0.562,NA
296,70,negative-to-zero,ifs,FALSE,20,elitize_generation_data,295,93,0.561,NA
297,70,negative-to-zero,ifs,FALSE,20,elitize_generation_data,296,95,0.548,NA
298,70,negative-to-zero,ifs,FALSE,20,elitize_generation_data,297,111,0.567,NA
299,70,negative-to-zero,ifs,FALSE,20,elitize_generation_data,298,109,0.574,NA
300,70,negative-to-zero,ifs,FALSE,20,elitize_generation_data,299,100,0.537,NA
301,70,negative-to-zero,ifs,FALSE,20,elitize_generation_data,300,104,0.552,NA
