,run.num,problem,treatment,succeeded,height,normalization.function,generation,cluster.count,error.diversity,success.generation
1,77,negative-to-zero,ifs,FALSE,20,elitize_generation_data,0,11,0.041,NA
2,77,negative-to-zero,ifs,FALSE,20,elitize_generation_data,1,13,0.057,NA
3,77,negative-to-zero,ifs,FALSE,20,elitize_generation_data,2,15,0.037,NA
4,77,negative-to-zero,ifs,FALSE,20,elitize_generation_data,3,12,0.022,NA
5,77,negative-to-zero,ifs,FALSE,20,elitize_generation_data,4,9,0.021,NA
6,77,negative-to-zero,ifs,FALSE,20,elitize_generation_data,5,8,0.017,NA
7,77,negative-to-zero,ifs,FALSE,20,elitize_generation_data,6,10,0.018,NA
8,77,negative-to-zero,ifs,FALSE,20,elitize_generation_data,7,10,0.014,NA
9,77,negative-to-zero,ifs,FALSE,20,elitize_generation_data,8,6,0.012,NA
10,77,negative-to-zero,ifs,FALSE,20,elitize_generation_data,9,6,0.014,NA
11,77,negative-to-zero,ifs,FALSE,20,elitize_generation_data,10,6,0.011,NA
12,77,negative-to-zero,ifs,FALSE,20,elitize_generation_data,11,7,0.01,NA
13,77,negative-to-zero,ifs,FALSE,20,elitize_generation_data,12,6,0.012,NA
14,77,negative-to-zero,ifs,FALSE,20,elitize_generation_data,13,8,0.013,NA
15,77,negative-to-zero,ifs,FALSE,20,elitize_generation_data,14,9,0.014,NA
16,77,negative-to-zero,ifs,FALSE,20,elitize_generation_data,15,6,0.011,NA
17,77,negative-to-zero,ifs,FALSE,20,elitize_generation_data,16,4,0.009,NA
18,77,negative-to-zero,ifs,FALSE,20,elitize_generation_data,17,6,0.009,NA
19,77,negative-to-zero,ifs,FALSE,20,elitize_generation_data,18,8,0.014,NA
20,77,negative-to-zero,ifs,FALSE,20,elitize_generation_data,19,6,0.009,NA
21,77,negative-to-zero,ifs,FALSE,20,elitize_generation_data,20,9,0.012,NA
22,77,negative-to-zero,ifs,FALSE,20,elitize_generation_data,21,12,0.017,NA
23,77,negative-to-zero,ifs,FALSE,20,elitize_generation_data,22,6,0.011,NA
24,77,negative-to-zero,ifs,FALSE,20,elitize_generation_data,23,6,0.01,NA
25,77,negative-to-zero,ifs,FALSE,20,elitize_generation_data,24,6,0.011,NA
26,77,negative-to-zero,ifs,FALSE,20,elitize_generation_data,25,5,0.01,NA
27,77,negative-to-zero,ifs,FALSE,20,elitize_generation_data,26,8,0.011,NA
28,77,negative-to-zero,ifs,FALSE,20,elitize_generation_data,27,4,0.006,NA
29,77,negative-to-zero,ifs,FALSE,20,elitize_generation_data,28,6,0.008,NA
30,77,negative-to-zero,ifs,FALSE,20,elitize_generation_data,29,5,0.008,NA
31,77,negative-to-zero,ifs,FALSE,20,elitize_generation_data,30,5,0.006,NA
32,77,negative-to-zero,ifs,FALSE,20,elitize_generation_data,31,6,0.007,NA
33,77,negative-to-zero,ifs,FALSE,20,elitize_generation_data,32,3,0.01,NA
34,77,negative-to-zero,ifs,FALSE,20,elitize_generation_data,33,7,0.009,NA
35,77,negative-to-zero,ifs,FALSE,20,elitize_generation_data,34,4,0.006,NA
36,77,negative-to-zero,ifs,FALSE,20,elitize_generation_data,35,5,0.007,NA
37,77,negative-to-zero,ifs,FALSE,20,elitize_generation_data,36,7,0.011,NA
38,77,negative-to-zero,ifs,FALSE,20,elitize_generation_data,37,5,0.008,NA
39,77,negative-to-zero,ifs,FALSE,20,elitize_generation_data,38,4,0.011,NA
40,77,negative-to-zero,ifs,FALSE,20,elitize_generation_data,39,4,0.007,NA
41,77,negative-to-zero,ifs,FALSE,20,elitize_generation_data,40,3,0.005,NA
42,77,negative-to-zero,ifs,FALSE,20,elitize_generation_data,41,4,0.006,NA
43,77,negative-to-zero,ifs,FALSE,20,elitize_generation_data,42,4,0.008,NA
44,77,negative-to-zero,ifs,FALSE,20,elitize_generation_data,43,6,0.01,NA
45,77,negative-to-zero,ifs,FALSE,20,elitize_generation_data,44,4,0.008,NA
46,77,negative-to-zero,ifs,FALSE,20,elitize_generation_data,45,6,0.008,NA
47,77,negative-to-zero,ifs,FALSE,20,elitize_generation_data,46,5,0.007,NA
48,77,negative-to-zero,ifs,FALSE,20,elitize_generation_data,47,5,0.008,NA
49,77,negative-to-zero,ifs,FALSE,20,elitize_generation_data,48,3,0.006,NA
50,77,negative-to-zero,ifs,FALSE,20,elitize_generation_data,49,6,0.01,NA
51,77,negative-to-zero,ifs,FALSE,20,elitize_generation_data,50,4,0.005,NA
52,77,negative-to-zero,ifs,FALSE,20,elitize_generation_data,51,4,0.006,NA
53,77,negative-to-zero,ifs,FALSE,20,elitize_generation_data,52,5,0.008,NA
54,77,negative-to-zero,ifs,FALSE,20,elitize_generation_data,53,5,0.007,NA
55,77,negative-to-zero,ifs,FALSE,20,elitize_generation_data,54,5,0.008,NA
56,77,negative-to-zero,ifs,FALSE,20,elitize_generation_data,55,3,0.006,NA
57,77,negative-to-zero,ifs,FALSE,20,elitize_generation_data,56,5,0.006,NA
58,77,negative-to-zero,ifs,FALSE,20,elitize_generation_data,57,4,0.006,NA
59,77,negative-to-zero,ifs,FALSE,20,elitize_generation_data,58,4,0.007,NA
60,77,negative-to-zero,ifs,FALSE,20,elitize_generation_data,59,4,0.006,NA
61,77,negative-to-zero,ifs,FALSE,20,elitize_generation_data,60,3,0.006,NA
62,77,negative-to-zero,ifs,FALSE,20,elitize_generation_data,61,4,0.006,NA
63,77,negative-to-zero,ifs,FALSE,20,elitize_generation_data,62,2,0.005,NA
64,77,negative-to-zero,ifs,FALSE,20,elitize_generation_data,63,3,0.005,NA
65,77,negative-to-zero,ifs,FALSE,20,elitize_generation_data,64,3,0.004,NA
66,77,negative-to-zero,ifs,FALSE,20,elitize_generation_data,65,6,0.007,NA
67,77,negative-to-zero,ifs,FALSE,20,elitize_generation_data,66,3,0.005,NA
68,77,negative-to-zero,ifs,FALSE,20,elitize_generation_data,67,4,0.009,NA
69,77,negative-to-zero,ifs,FALSE,20,elitize_generation_data,68,4,0.004,NA
70,77,negative-to-zero,ifs,FALSE,20,elitize_generation_data,69,4,0.006,NA
71,77,negative-to-zero,ifs,FALSE,20,elitize_generation_data,70,4,0.005,NA
72,77,negative-to-zero,ifs,FALSE,20,elitize_generation_data,71,3,0.005,NA
73,77,negative-to-zero,ifs,FALSE,20,elitize_generation_data,72,3,0.004,NA
74,77,negative-to-zero,ifs,FALSE,20,elitize_generation_data,73,4,0.004,NA
75,77,negative-to-zero,ifs,FALSE,20,elitize_generation_data,74,3,0.004,NA
76,77,negative-to-zero,ifs,FALSE,20,elitize_generation_data,75,3,0.003,NA
77,77,negative-to-zero,ifs,FALSE,20,elitize_generation_data,76,3,0.004,NA
78,77,negative-to-zero,ifs,FALSE,20,elitize_generation_data,77,4,0.005,NA
79,77,negative-to-zero,ifs,FALSE,20,elitize_generation_data,78,4,0.004,NA
80,77,negative-to-zero,ifs,FALSE,20,elitize_generation_data,79,4,0.004,NA
81,77,negative-to-zero,ifs,FALSE,20,elitize_generation_data,80,3,0.003,NA
82,77,negative-to-zero,ifs,FALSE,20,elitize_generation_data,81,4,0.005,NA
83,77,negative-to-zero,ifs,FALSE,20,elitize_generation_data,82,3,0.003,NA
84,77,negative-to-zero,ifs,FALSE,20,elitize_generation_data,83,3,0.005,NA
85,77,negative-to-zero,ifs,FALSE,20,elitize_generation_data,84,5,0.006,NA
86,77,negative-to-zero,ifs,FALSE,20,elitize_generation_data,85,3,0.004,NA
87,77,negative-to-zero,ifs,FALSE,20,elitize_generation_data,86,4,0.006,NA
88,77,negative-to-zero,ifs,FALSE,20,elitize_generation_data,87,3,0.004,NA
89,77,negative-to-zero,ifs,FALSE,20,elitize_generation_data,88,4,0.004,NA
90,77,negative-to-zero,ifs,FALSE,20,elitize_generation_data,89,3,0.003,NA
91,77,negative-to-zero,ifs,FALSE,20,elitize_generation_data,90,3,0.004,NA
92,77,negative-to-zero,ifs,FALSE,20,elitize_generation_data,91,2,0.002,NA
93,77,negative-to-zero,ifs,FALSE,20,elitize_generation_data,92,3,0.004,NA
94,77,negative-to-zero,ifs,FALSE,20,elitize_generation_data,93,3,0.003,NA
95,77,negative-to-zero,ifs,FALSE,20,elitize_generation_data,94,4,0.004,NA
96,77,negative-to-zero,ifs,FALSE,20,elitize_generation_data,95,2,0.003,NA
97,77,negative-to-zero,ifs,FALSE,20,elitize_generation_data,96,4,0.004,NA
98,77,negative-to-zero,ifs,FALSE,20,elitize_generation_data,97,3,0.003,NA
99,77,negative-to-zero,ifs,FALSE,20,elitize_generation_data,98,3,0.003,NA
100,77,negative-to-zero,ifs,FALSE,20,elitize_generation_data,99,4,0.007,NA
101,77,negative-to-zero,ifs,FALSE,20,elitize_generation_data,100,4,0.005,NA
102,77,negative-to-zero,ifs,FALSE,20,elitize_generation_data,101,2,0.003,NA
103,77,negative-to-zero,ifs,FALSE,20,elitize_generation_data,102,4,0.005,NA
104,77,negative-to-zero,ifs,FALSE,20,elitize_generation_data,103,4,0.006,NA
105,77,negative-to-zero,ifs,FALSE,20,elitize_generation_data,104,3,0.005,NA
106,77,negative-to-zero,ifs,FALSE,20,elitize_generation_data,105,3,0.004,NA
107,77,negative-to-zero,ifs,FALSE,20,elitize_generation_data,106,3,0.004,NA
108,77,negative-to-zero,ifs,FALSE,20,elitize_generation_data,107,3,0.004,NA
109,77,negative-to-zero,ifs,FALSE,20,elitize_generation_data,108,3,0.004,NA
110,77,negative-to-zero,ifs,FALSE,20,elitize_generation_data,109,3,0.004,NA
111,77,negative-to-zero,ifs,FALSE,20,elitize_generation_data,110,3,0.003,NA
112,77,negative-to-zero,ifs,FALSE,20,elitize_generation_data,111,3,0.003,NA
113,77,negative-to-zero,ifs,FALSE,20,elitize_generation_data,112,2,0.003,NA
114,77,negative-to-zero,ifs,FALSE,20,elitize_generation_data,113,3,0.004,NA
115,77,negative-to-zero,ifs,FALSE,20,elitize_generation_data,114,3,0.004,NA
116,77,negative-to-zero,ifs,FALSE,20,elitize_generation_data,115,3,0.004,NA
117,77,negative-to-zero,ifs,FALSE,20,elitize_generation_data,116,3,0.003,NA
118,77,negative-to-zero,ifs,FALSE,20,elitize_generation_data,117,3,0.004,NA
119,77,negative-to-zero,ifs,FALSE,20,elitize_generation_data,118,2,0.003,NA
120,77,negative-to-zero,ifs,FALSE,20,elitize_generation_data,119,3,0.003,NA
121,77,negative-to-zero,ifs,FALSE,20,elitize_generation_data,120,3,0.004,NA
122,77,negative-to-zero,ifs,FALSE,20,elitize_generation_data,121,3,0.003,NA
123,77,negative-to-zero,ifs,FALSE,20,elitize_generation_data,122,3,0.004,NA
124,77,negative-to-zero,ifs,FALSE,20,elitize_generation_data,123,3,0.004,NA
125,77,negative-to-zero,ifs,FALSE,20,elitize_generation_data,124,3,0.003,NA
126,77,negative-to-zero,ifs,FALSE,20,elitize_generation_data,125,4,0.005,NA
127,77,negative-to-zero,ifs,FALSE,20,elitize_generation_data,126,3,0.003,NA
128,77,negative-to-zero,ifs,FALSE,20,elitize_generation_data,127,2,0.003,NA
129,77,negative-to-zero,ifs,FALSE,20,elitize_generation_data,128,3,0.003,NA
130,77,negative-to-zero,ifs,FALSE,20,elitize_generation_data,129,2,0.003,NA
131,77,negative-to-zero,ifs,FALSE,20,elitize_generation_data,130,3,0.003,NA
132,77,negative-to-zero,ifs,FALSE,20,elitize_generation_data,131,3,0.003,NA
133,77,negative-to-zero,ifs,FALSE,20,elitize_generation_data,132,3,0.003,NA
134,77,negative-to-zero,ifs,FALSE,20,elitize_generation_data,133,2,0.003,NA
135,77,negative-to-zero,ifs,FALSE,20,elitize_generation_data,134,2,0.002,NA
136,77,negative-to-zero,ifs,FALSE,20,elitize_generation_data,135,3,0.005,NA
137,77,negative-to-zero,ifs,FALSE,20,elitize_generation_data,136,2,0.002,NA
138,77,negative-to-zero,ifs,FALSE,20,elitize_generation_data,137,2,0.002,NA
139,77,negative-to-zero,ifs,FALSE,20,elitize_generation_data,138,2,0.002,NA
140,77,negative-to-zero,ifs,FALSE,20,elitize_generation_data,139,3,0.003,NA
141,77,negative-to-zero,ifs,FALSE,20,elitize_generation_data,140,3,0.003,NA
142,77,negative-to-zero,ifs,FALSE,20,elitize_generation_data,141,2,0.002,NA
143,77,negative-to-zero,ifs,FALSE,20,elitize_generation_data,142,2,0.002,NA
144,77,negative-to-zero,ifs,FALSE,20,elitize_generation_data,143,2,0.003,NA
145,77,negative-to-zero,ifs,FALSE,20,elitize_generation_data,144,3,0.005,NA
146,77,negative-to-zero,ifs,FALSE,20,elitize_generation_data,145,3,0.004,NA
147,77,negative-to-zero,ifs,FALSE,20,elitize_generation_data,146,2,0.002,NA
148,77,negative-to-zero,ifs,FALSE,20,elitize_generation_data,147,2,0.002,NA
149,77,negative-to-zero,ifs,FALSE,20,elitize_generation_data,148,3,0.003,NA
150,77,negative-to-zero,ifs,FALSE,20,elitize_generation_data,149,3,0.004,NA
151,77,negative-to-zero,ifs,FALSE,20,elitize_generation_data,150,3,0.004,NA
152,77,negative-to-zero,ifs,FALSE,20,elitize_generation_data,151,3,0.003,NA
153,77,negative-to-zero,ifs,FALSE,20,elitize_generation_data,152,3,0.004,NA
154,77,negative-to-zero,ifs,FALSE,20,elitize_generation_data,153,3,0.003,NA
155,77,negative-to-zero,ifs,FALSE,20,elitize_generation_data,154,3,0.003,NA
156,77,negative-to-zero,ifs,FALSE,20,elitize_generation_data,155,3,0.004,NA
157,77,negative-to-zero,ifs,FALSE,20,elitize_generation_data,156,2,0.002,NA
158,77,negative-to-zero,ifs,FALSE,20,elitize_generation_data,157,2,0.002,NA
159,77,negative-to-zero,ifs,FALSE,20,elitize_generation_data,158,2,0.002,NA
160,77,negative-to-zero,ifs,FALSE,20,elitize_generation_data,159,2,0.002,NA
161,77,negative-to-zero,ifs,FALSE,20,elitize_generation_data,160,2,0.002,NA
162,77,negative-to-zero,ifs,FALSE,20,elitize_generation_data,161,2,0.002,NA
163,77,negative-to-zero,ifs,FALSE,20,elitize_generation_data,162,3,0.003,NA
164,77,negative-to-zero,ifs,FALSE,20,elitize_generation_data,163,3,0.003,NA
165,77,negative-to-zero,ifs,FALSE,20,elitize_generation_data,164,2,0.002,NA
166,77,negative-to-zero,ifs,FALSE,20,elitize_generation_data,165,4,0.004,NA
167,77,negative-to-zero,ifs,FALSE,20,elitize_generation_data,166,2,0.003,NA
168,77,negative-to-zero,ifs,FALSE,20,elitize_generation_data,167,3,0.003,NA
169,77,negative-to-zero,ifs,FALSE,20,elitize_generation_data,168,2,0.002,NA
170,77,negative-to-zero,ifs,FALSE,20,elitize_generation_data,169,3,0.003,NA
171,77,negative-to-zero,ifs,FALSE,20,elitize_generation_data,170,2,0.002,NA
172,77,negative-to-zero,ifs,FALSE,20,elitize_generation_data,171,2,0.003,NA
173,77,negative-to-zero,ifs,FALSE,20,elitize_generation_data,172,3,0.003,NA
174,77,negative-to-zero,ifs,FALSE,20,elitize_generation_data,173,2,0.003,NA
175,77,negative-to-zero,ifs,FALSE,20,elitize_generation_data,174,2,0.002,NA
176,77,negative-to-zero,ifs,FALSE,20,elitize_generation_data,175,4,0.004,NA
177,77,negative-to-zero,ifs,FALSE,20,elitize_generation_data,176,2,0.002,NA
178,77,negative-to-zero,ifs,FALSE,20,elitize_generation_data,177,2,0.002,NA
179,77,negative-to-zero,ifs,FALSE,20,elitize_generation_data,178,2,0.002,NA
180,77,negative-to-zero,ifs,FALSE,20,elitize_generation_data,179,2,0.002,NA
181,77,negative-to-zero,ifs,FALSE,20,elitize_generation_data,180,2,0.002,NA
182,77,negative-to-zero,ifs,FALSE,20,elitize_generation_data,181,2,0.002,NA
183,77,negative-to-zero,ifs,FALSE,20,elitize_generation_data,182,3,0.003,NA
184,77,negative-to-zero,ifs,FALSE,20,elitize_generation_data,183,3,0.003,NA
185,77,negative-to-zero,ifs,FALSE,20,elitize_generation_data,184,2,0.002,NA
186,77,negative-to-zero,ifs,FALSE,20,elitize_generation_data,185,2,0.002,NA
187,77,negative-to-zero,ifs,FALSE,20,elitize_generation_data,186,2,0.002,NA
188,77,negative-to-zero,ifs,FALSE,20,elitize_generation_data,187,2,0.002,NA
189,77,negative-to-zero,ifs,FALSE,20,elitize_generation_data,188,3,0.003,NA
190,77,negative-to-zero,ifs,FALSE,20,elitize_generation_data,189,3,0.003,NA
191,77,negative-to-zero,ifs,FALSE,20,elitize_generation_data,190,2,0.002,NA
192,77,negative-to-zero,ifs,FALSE,20,elitize_generation_data,191,2,0.002,NA
193,77,negative-to-zero,ifs,FALSE,20,elitize_generation_data,192,2,0.002,NA
194,77,negative-to-zero,ifs,FALSE,20,elitize_generation_data,193,3,0.004,NA
195,77,negative-to-zero,ifs,FALSE,20,elitize_generation_data,194,2,0.002,NA
196,77,negative-to-zero,ifs,FALSE,20,elitize_generation_data,195,2,0.002,NA
197,77,negative-to-zero,ifs,FALSE,20,elitize_generation_data,196,2,0.002,NA
198,77,negative-to-zero,ifs,FALSE,20,elitize_generation_data,197,2,0.002,NA
199,77,negative-to-zero,ifs,FALSE,20,elitize_generation_data,198,2,0.002,NA
200,77,negative-to-zero,ifs,FALSE,20,elitize_generation_data,199,2,0.002,NA
201,77,negative-to-zero,ifs,FALSE,20,elitize_generation_data,200,2,0.002,NA
202,77,negative-to-zero,ifs,FALSE,20,elitize_generation_data,201,2,0.002,NA
203,77,negative-to-zero,ifs,FALSE,20,elitize_generation_data,202,2,0.002,NA
204,77,negative-to-zero,ifs,FALSE,20,elitize_generation_data,203,2,0.002,NA
205,77,negative-to-zero,ifs,FALSE,20,elitize_generation_data,204,3,0.003,NA
206,77,negative-to-zero,ifs,FALSE,20,elitize_generation_data,205,2,0.002,NA
207,77,negative-to-zero,ifs,FALSE,20,elitize_generation_data,206,2,0.002,NA
208,77,negative-to-zero,ifs,FALSE,20,elitize_generation_data,207,3,0.003,NA
209,77,negative-to-zero,ifs,FALSE,20,elitize_generation_data,208,3,0.003,NA
210,77,negative-to-zero,ifs,FALSE,20,elitize_generation_data,209,2,0.002,NA
211,77,negative-to-zero,ifs,FALSE,20,elitize_generation_data,210,2,0.002,NA
212,77,negative-to-zero,ifs,FALSE,20,elitize_generation_data,211,2,0.002,NA
213,77,negative-to-zero,ifs,FALSE,20,elitize_generation_data,212,2,0.002,NA
214,77,negative-to-zero,ifs,FALSE,20,elitize_generation_data,213,3,0.003,NA
215,77,negative-to-zero,ifs,FALSE,20,elitize_generation_data,214,3,0.003,NA
216,77,negative-to-zero,ifs,FALSE,20,elitize_generation_data,215,3,0.003,NA
217,77,negative-to-zero,ifs,FALSE,20,elitize_generation_data,216,3,0.004,NA
218,77,negative-to-zero,ifs,FALSE,20,elitize_generation_data,217,2,0.003,NA
219,77,negative-to-zero,ifs,FALSE,20,elitize_generation_data,218,2,0.003,NA
220,77,negative-to-zero,ifs,FALSE,20,elitize_generation_data,219,3,0.003,NA
221,77,negative-to-zero,ifs,FALSE,20,elitize_generation_data,220,3,0.003,NA
222,77,negative-to-zero,ifs,FALSE,20,elitize_generation_data,221,2,0.002,NA
223,77,negative-to-zero,ifs,FALSE,20,elitize_generation_data,222,3,0.003,NA
224,77,negative-to-zero,ifs,FALSE,20,elitize_generation_data,223,2,0.002,NA
225,77,negative-to-zero,ifs,FALSE,20,elitize_generation_data,224,2,0.002,NA
226,77,negative-to-zero,ifs,FALSE,20,elitize_generation_data,225,3,0.003,NA
227,77,negative-to-zero,ifs,FALSE,20,elitize_generation_data,226,3,0.003,NA
228,77,negative-to-zero,ifs,FALSE,20,elitize_generation_data,227,3,0.003,NA
229,77,negative-to-zero,ifs,FALSE,20,elitize_generation_data,228,2,0.002,NA
230,77,negative-to-zero,ifs,FALSE,20,elitize_generation_data,229,2,0.002,NA
231,77,negative-to-zero,ifs,FALSE,20,elitize_generation_data,230,3,0.003,NA
232,77,negative-to-zero,ifs,FALSE,20,elitize_generation_data,231,3,0.003,NA
233,77,negative-to-zero,ifs,FALSE,20,elitize_generation_data,232,3,0.003,NA
234,77,negative-to-zero,ifs,FALSE,20,elitize_generation_data,233,3,0.003,NA
235,77,negative-to-zero,ifs,FALSE,20,elitize_generation_data,234,2,0.002,NA
236,77,negative-to-zero,ifs,FALSE,20,elitize_generation_data,235,3,0.003,NA
237,77,negative-to-zero,ifs,FALSE,20,elitize_generation_data,236,3,0.004,NA
238,77,negative-to-zero,ifs,FALSE,20,elitize_generation_data,237,2,0.002,NA
239,77,negative-to-zero,ifs,FALSE,20,elitize_generation_data,238,3,0.003,NA
240,77,negative-to-zero,ifs,FALSE,20,elitize_generation_data,239,2,0.002,NA
241,77,negative-to-zero,ifs,FALSE,20,elitize_generation_data,240,2,0.002,NA
242,77,negative-to-zero,ifs,FALSE,20,elitize_generation_data,241,2,0.002,NA
243,77,negative-to-zero,ifs,FALSE,20,elitize_generation_data,242,3,0.003,NA
244,77,negative-to-zero,ifs,FALSE,20,elitize_generation_data,243,2,0.002,NA
245,77,negative-to-zero,ifs,FALSE,20,elitize_generation_data,244,2,0.002,NA
246,77,negative-to-zero,ifs,FALSE,20,elitize_generation_data,245,2,0.002,NA
247,77,negative-to-zero,ifs,FALSE,20,elitize_generation_data,246,3,0.003,NA
248,77,negative-to-zero,ifs,FALSE,20,elitize_generation_data,247,2,0.002,NA
249,77,negative-to-zero,ifs,FALSE,20,elitize_generation_data,248,2,0.002,NA
250,77,negative-to-zero,ifs,FALSE,20,elitize_generation_data,249,2,0.002,NA
251,77,negative-to-zero,ifs,FALSE,20,elitize_generation_data,250,2,0.002,NA
252,77,negative-to-zero,ifs,FALSE,20,elitize_generation_data,251,2,0.002,NA
253,77,negative-to-zero,ifs,FALSE,20,elitize_generation_data,252,2,0.002,NA
254,77,negative-to-zero,ifs,FALSE,20,elitize_generation_data,253,2,0.002,NA
255,77,negative-to-zero,ifs,FALSE,20,elitize_generation_data,254,2,0.002,NA
256,77,negative-to-zero,ifs,FALSE,20,elitize_generation_data,255,2,0.002,NA
257,77,negative-to-zero,ifs,FALSE,20,elitize_generation_data,256,2,0.002,NA
258,77,negative-to-zero,ifs,FALSE,20,elitize_generation_data,257,2,0.002,NA
259,77,negative-to-zero,ifs,FALSE,20,elitize_generation_data,258,3,0.003,NA
260,77,negative-to-zero,ifs,FALSE,20,elitize_generation_data,259,2,0.002,NA
261,77,negative-to-zero,ifs,FALSE,20,elitize_generation_data,260,2,0.002,NA
262,77,negative-to-zero,ifs,FALSE,20,elitize_generation_data,261,3,0.003,NA
263,77,negative-to-zero,ifs,FALSE,20,elitize_generation_data,262,2,0.002,NA
264,77,negative-to-zero,ifs,FALSE,20,elitize_generation_data,263,2,0.002,NA
265,77,negative-to-zero,ifs,FALSE,20,elitize_generation_data,264,2,0.002,NA
266,77,negative-to-zero,ifs,FALSE,20,elitize_generation_data,265,2,0.002,NA
267,77,negative-to-zero,ifs,FALSE,20,elitize_generation_data,266,2,0.002,NA
268,77,negative-to-zero,ifs,FALSE,20,elitize_generation_data,267,3,0.003,NA
269,77,negative-to-zero,ifs,FALSE,20,elitize_generation_data,268,2,0.002,NA
270,77,negative-to-zero,ifs,FALSE,20,elitize_generation_data,269,2,0.002,NA
271,77,negative-to-zero,ifs,FALSE,20,elitize_generation_data,270,2,0.002,NA
272,77,negative-to-zero,ifs,FALSE,20,elitize_generation_data,271,2,0.002,NA
273,77,negative-to-zero,ifs,FALSE,20,elitize_generation_data,272,2,0.002,NA
274,77,negative-to-zero,ifs,FALSE,20,elitize_generation_data,273,2,0.002,NA
275,77,negative-to-zero,ifs,FALSE,20,elitize_generation_data,274,2,0.002,NA
276,77,negative-to-zero,ifs,FALSE,20,elitize_generation_data,275,2,0.002,NA
277,77,negative-to-zero,ifs,FALSE,20,elitize_generation_data,276,2,0.002,NA
278,77,negative-to-zero,ifs,FALSE,20,elitize_generation_data,277,2,0.002,NA
279,77,negative-to-zero,ifs,FALSE,20,elitize_generation_data,278,2,0.002,NA
280,77,negative-to-zero,ifs,FALSE,20,elitize_generation_data,279,3,0.003,NA
281,77,negative-to-zero,ifs,FALSE,20,elitize_generation_data,280,2,0.002,NA
282,77,negative-to-zero,ifs,FALSE,20,elitize_generation_data,281,2,0.002,NA
283,77,negative-to-zero,ifs,FALSE,20,elitize_generation_data,282,2,0.002,NA
284,77,negative-to-zero,ifs,FALSE,20,elitize_generation_data,283,2,0.002,NA
285,77,negative-to-zero,ifs,FALSE,20,elitize_generation_data,284,2,0.002,NA
286,77,negative-to-zero,ifs,FALSE,20,elitize_generation_data,285,2,0.002,NA
287,77,negative-to-zero,ifs,FALSE,20,elitize_generation_data,286,2,0.002,NA
288,77,negative-to-zero,ifs,FALSE,20,elitize_generation_data,287,2,0.002,NA
289,77,negative-to-zero,ifs,FALSE,20,elitize_generation_data,288,2,0.002,NA
290,77,negative-to-zero,ifs,FALSE,20,elitize_generation_data,289,2,0.002,NA
291,77,negative-to-zero,ifs,FALSE,20,elitize_generation_data,290,2,0.002,NA
292,77,negative-to-zero,ifs,FALSE,20,elitize_generation_data,291,2,0.002,NA
293,77,negative-to-zero,ifs,FALSE,20,elitize_generation_data,292,2,0.002,NA
294,77,negative-to-zero,ifs,FALSE,20,elitize_generation_data,293,2,0.002,NA
295,77,negative-to-zero,ifs,FALSE,20,elitize_generation_data,294,2,0.002,NA
296,77,negative-to-zero,ifs,FALSE,20,elitize_generation_data,295,2,0.002,NA
297,77,negative-to-zero,ifs,FALSE,20,elitize_generation_data,296,2,0.002,NA
298,77,negative-to-zero,ifs,FALSE,20,elitize_generation_data,297,2,0.002,NA
299,77,negative-to-zero,ifs,FALSE,20,elitize_generation_data,298,2,0.002,NA
300,77,negative-to-zero,ifs,FALSE,20,elitize_generation_data,299,2,0.002,NA
301,77,negative-to-zero,ifs,FALSE,20,elitize_generation_data,300,2,0.002,NA
