,run.num,problem,treatment,succeeded,height,normalization.function,generation,cluster.count,error.diversity,success.generation
1,92,negative-to-zero,ifs,FALSE,20,elitize_generation_data,0,13,0.043,NA
2,92,negative-to-zero,ifs,FALSE,20,elitize_generation_data,1,16,0.061,NA
3,92,negative-to-zero,ifs,FALSE,20,elitize_generation_data,2,12,0.045,NA
4,92,negative-to-zero,ifs,FALSE,20,elitize_generation_data,3,9,0.022,NA
5,92,negative-to-zero,ifs,FALSE,20,elitize_generation_data,4,10,0.02,NA
6,92,negative-to-zero,ifs,FALSE,20,elitize_generation_data,5,11,0.018,NA
7,92,negative-to-zero,ifs,FALSE,20,elitize_generation_data,6,8,0.019,NA
8,92,negative-to-zero,ifs,FALSE,20,elitize_generation_data,7,5,0.013,NA
9,92,negative-to-zero,ifs,FALSE,20,elitize_generation_data,8,8,0.019,NA
10,92,negative-to-zero,ifs,FALSE,20,elitize_generation_data,9,8,0.025,NA
11,92,negative-to-zero,ifs,FALSE,20,elitize_generation_data,10,14,0.046,NA
12,92,negative-to-zero,ifs,FALSE,20,elitize_generation_data,11,13,0.078,NA
13,92,negative-to-zero,ifs,FALSE,20,elitize_generation_data,12,14,0.106,NA
14,92,negative-to-zero,ifs,FALSE,20,elitize_generation_data,13,11,0.109,NA
15,92,negative-to-zero,ifs,FALSE,20,elitize_generation_data,14,12,0.104,NA
16,92,negative-to-zero,ifs,FALSE,20,elitize_generation_data,15,10,0.119,NA
17,92,negative-to-zero,ifs,FALSE,20,elitize_generation_data,16,10,0.105,NA
18,92,negative-to-zero,ifs,FALSE,20,elitize_generation_data,17,9,0.104,NA
19,92,negative-to-zero,ifs,FALSE,20,elitize_generation_data,18,10,0.1,NA
20,92,negative-to-zero,ifs,FALSE,20,elitize_generation_data,19,9,0.108,NA
21,92,negative-to-zero,ifs,FALSE,20,elitize_generation_data,20,9,0.097,NA
22,92,negative-to-zero,ifs,FALSE,20,elitize_generation_data,21,7,0.121,NA
23,92,negative-to-zero,ifs,FALSE,20,elitize_generation_data,22,7,0.131,NA
24,92,negative-to-zero,ifs,FALSE,20,elitize_generation_data,23,6,0.158,NA
25,92,negative-to-zero,ifs,FALSE,20,elitize_generation_data,24,6,0.161,NA
26,92,negative-to-zero,ifs,FALSE,20,elitize_generation_data,25,7,0.133,NA
27,92,negative-to-zero,ifs,FALSE,20,elitize_generation_data,26,6,0.135,NA
28,92,negative-to-zero,ifs,FALSE,20,elitize_generation_data,27,8,0.117,NA
29,92,negative-to-zero,ifs,FALSE,20,elitize_generation_data,28,6,0.112,NA
30,92,negative-to-zero,ifs,FALSE,20,elitize_generation_data,29,6,0.121,NA
31,92,negative-to-zero,ifs,FALSE,20,elitize_generation_data,30,6,0.118,NA
32,92,negative-to-zero,ifs,FALSE,20,elitize_generation_data,31,7,0.119,NA
33,92,negative-to-zero,ifs,FALSE,20,elitize_generation_data,32,9,0.125,NA
34,92,negative-to-zero,ifs,FALSE,20,elitize_generation_data,33,7,0.123,NA
35,92,negative-to-zero,ifs,FALSE,20,elitize_generation_data,34,5,0.126,NA
36,92,negative-to-zero,ifs,FALSE,20,elitize_generation_data,35,8,0.119,NA
37,92,negative-to-zero,ifs,FALSE,20,elitize_generation_data,36,7,0.121,NA
38,92,negative-to-zero,ifs,FALSE,20,elitize_generation_data,37,6,0.126,NA
39,92,negative-to-zero,ifs,FALSE,20,elitize_generation_data,38,6,0.118,NA
40,92,negative-to-zero,ifs,FALSE,20,elitize_generation_data,39,5,0.134,NA
41,92,negative-to-zero,ifs,FALSE,20,elitize_generation_data,40,7,0.135,NA
42,92,negative-to-zero,ifs,FALSE,20,elitize_generation_data,41,5,0.127,NA
43,92,negative-to-zero,ifs,FALSE,20,elitize_generation_data,42,7,0.13,NA
44,92,negative-to-zero,ifs,FALSE,20,elitize_generation_data,43,5,0.115,NA
45,92,negative-to-zero,ifs,FALSE,20,elitize_generation_data,44,8,0.146,NA
46,92,negative-to-zero,ifs,FALSE,20,elitize_generation_data,45,7,0.126,NA
47,92,negative-to-zero,ifs,FALSE,20,elitize_generation_data,46,8,0.135,NA
48,92,negative-to-zero,ifs,FALSE,20,elitize_generation_data,47,10,0.129,NA
49,92,negative-to-zero,ifs,FALSE,20,elitize_generation_data,48,5,0.141,NA
50,92,negative-to-zero,ifs,FALSE,20,elitize_generation_data,49,6,0.156,NA
51,92,negative-to-zero,ifs,FALSE,20,elitize_generation_data,50,7,0.148,NA
52,92,negative-to-zero,ifs,FALSE,20,elitize_generation_data,51,7,0.147,NA
53,92,negative-to-zero,ifs,FALSE,20,elitize_generation_data,52,6,0.135,NA
54,92,negative-to-zero,ifs,FALSE,20,elitize_generation_data,53,6,0.147,NA
55,92,negative-to-zero,ifs,FALSE,20,elitize_generation_data,54,8,0.137,NA
56,92,negative-to-zero,ifs,FALSE,20,elitize_generation_data,55,8,0.145,NA
57,92,negative-to-zero,ifs,FALSE,20,elitize_generation_data,56,8,0.138,NA
58,92,negative-to-zero,ifs,FALSE,20,elitize_generation_data,57,5,0.148,NA
59,92,negative-to-zero,ifs,FALSE,20,elitize_generation_data,58,7,0.144,NA
60,92,negative-to-zero,ifs,FALSE,20,elitize_generation_data,59,5,0.155,NA
61,92,negative-to-zero,ifs,FALSE,20,elitize_generation_data,60,5,0.143,NA
62,92,negative-to-zero,ifs,FALSE,20,elitize_generation_data,61,5,0.152,NA
63,92,negative-to-zero,ifs,FALSE,20,elitize_generation_data,62,5,0.143,NA
64,92,negative-to-zero,ifs,FALSE,20,elitize_generation_data,63,5,0.13,NA
65,92,negative-to-zero,ifs,FALSE,20,elitize_generation_data,64,6,0.129,NA
66,92,negative-to-zero,ifs,FALSE,20,elitize_generation_data,65,5,0.141,NA
67,92,negative-to-zero,ifs,FALSE,20,elitize_generation_data,66,9,0.14,NA
68,92,negative-to-zero,ifs,FALSE,20,elitize_generation_data,67,7,0.13,NA
69,92,negative-to-zero,ifs,FALSE,20,elitize_generation_data,68,6,0.136,NA
70,92,negative-to-zero,ifs,FALSE,20,elitize_generation_data,69,8,0.137,NA
71,92,negative-to-zero,ifs,FALSE,20,elitize_generation_data,70,6,0.119,NA
72,92,negative-to-zero,ifs,FALSE,20,elitize_generation_data,71,8,0.127,NA
73,92,negative-to-zero,ifs,FALSE,20,elitize_generation_data,72,9,0.135,NA
74,92,negative-to-zero,ifs,FALSE,20,elitize_generation_data,73,7,0.147,NA
75,92,negative-to-zero,ifs,FALSE,20,elitize_generation_data,74,6,0.114,NA
76,92,negative-to-zero,ifs,FALSE,20,elitize_generation_data,75,7,0.129,NA
77,92,negative-to-zero,ifs,FALSE,20,elitize_generation_data,76,6,0.135,NA
78,92,negative-to-zero,ifs,FALSE,20,elitize_generation_data,77,6,0.124,NA
79,92,negative-to-zero,ifs,FALSE,20,elitize_generation_data,78,5,0.133,NA
80,92,negative-to-zero,ifs,FALSE,20,elitize_generation_data,79,5,0.139,NA
81,92,negative-to-zero,ifs,FALSE,20,elitize_generation_data,80,6,0.119,NA
82,92,negative-to-zero,ifs,FALSE,20,elitize_generation_data,81,7,0.134,NA
83,92,negative-to-zero,ifs,FALSE,20,elitize_generation_data,82,7,0.14,NA
84,92,negative-to-zero,ifs,FALSE,20,elitize_generation_data,83,7,0.128,NA
85,92,negative-to-zero,ifs,FALSE,20,elitize_generation_data,84,6,0.148,NA
86,92,negative-to-zero,ifs,FALSE,20,elitize_generation_data,85,5,0.154,NA
87,92,negative-to-zero,ifs,FALSE,20,elitize_generation_data,86,6,0.163,NA
88,92,negative-to-zero,ifs,FALSE,20,elitize_generation_data,87,5,0.147,NA
89,92,negative-to-zero,ifs,FALSE,20,elitize_generation_data,88,5,0.178,NA
90,92,negative-to-zero,ifs,FALSE,20,elitize_generation_data,89,7,0.174,NA
91,92,negative-to-zero,ifs,FALSE,20,elitize_generation_data,90,5,0.169,NA
92,92,negative-to-zero,ifs,FALSE,20,elitize_generation_data,91,9,0.155,NA
93,92,negative-to-zero,ifs,FALSE,20,elitize_generation_data,92,8,0.151,NA
94,92,negative-to-zero,ifs,FALSE,20,elitize_generation_data,93,6,0.153,NA
95,92,negative-to-zero,ifs,FALSE,20,elitize_generation_data,94,7,0.173,NA
96,92,negative-to-zero,ifs,FALSE,20,elitize_generation_data,95,7,0.199,NA
97,92,negative-to-zero,ifs,FALSE,20,elitize_generation_data,96,5,0.207,NA
98,92,negative-to-zero,ifs,FALSE,20,elitize_generation_data,97,6,0.211,NA
99,92,negative-to-zero,ifs,FALSE,20,elitize_generation_data,98,5,0.205,NA
100,92,negative-to-zero,ifs,FALSE,20,elitize_generation_data,99,8,0.213,NA
101,92,negative-to-zero,ifs,FALSE,20,elitize_generation_data,100,8,0.192,NA
102,92,negative-to-zero,ifs,FALSE,20,elitize_generation_data,101,8,0.179,NA
103,92,negative-to-zero,ifs,FALSE,20,elitize_generation_data,102,7,0.172,NA
104,92,negative-to-zero,ifs,FALSE,20,elitize_generation_data,103,6,0.182,NA
105,92,negative-to-zero,ifs,FALSE,20,elitize_generation_data,104,7,0.185,NA
106,92,negative-to-zero,ifs,FALSE,20,elitize_generation_data,105,7,0.181,NA
107,92,negative-to-zero,ifs,FALSE,20,elitize_generation_data,106,8,0.173,NA
108,92,negative-to-zero,ifs,FALSE,20,elitize_generation_data,107,10,0.161,NA
109,92,negative-to-zero,ifs,FALSE,20,elitize_generation_data,108,14,0.089,NA
110,92,negative-to-zero,ifs,FALSE,20,elitize_generation_data,109,13,0.072,NA
111,92,negative-to-zero,ifs,FALSE,20,elitize_generation_data,110,11,0.074,NA
112,92,negative-to-zero,ifs,FALSE,20,elitize_generation_data,111,14,0.078,NA
113,92,negative-to-zero,ifs,FALSE,20,elitize_generation_data,112,16,0.088,NA
114,92,negative-to-zero,ifs,FALSE,20,elitize_generation_data,113,18,0.083,NA
115,92,negative-to-zero,ifs,FALSE,20,elitize_generation_data,114,13,0.071,NA
116,92,negative-to-zero,ifs,FALSE,20,elitize_generation_data,115,15,0.074,NA
117,92,negative-to-zero,ifs,FALSE,20,elitize_generation_data,116,19,0.101,NA
118,92,negative-to-zero,ifs,FALSE,20,elitize_generation_data,117,15,0.098,NA
119,92,negative-to-zero,ifs,FALSE,20,elitize_generation_data,118,11,0.094,NA
120,92,negative-to-zero,ifs,FALSE,20,elitize_generation_data,119,16,0.092,NA
121,92,negative-to-zero,ifs,FALSE,20,elitize_generation_data,120,13,0.083,NA
122,92,negative-to-zero,ifs,FALSE,20,elitize_generation_data,121,18,0.101,NA
123,92,negative-to-zero,ifs,FALSE,20,elitize_generation_data,122,15,0.125,NA
124,92,negative-to-zero,ifs,FALSE,20,elitize_generation_data,123,16,0.157,NA
125,92,negative-to-zero,ifs,FALSE,20,elitize_generation_data,124,18,0.18,NA
126,92,negative-to-zero,ifs,FALSE,20,elitize_generation_data,125,15,0.188,NA
127,92,negative-to-zero,ifs,FALSE,20,elitize_generation_data,126,16,0.191,NA
128,92,negative-to-zero,ifs,FALSE,20,elitize_generation_data,127,22,0.201,NA
129,92,negative-to-zero,ifs,FALSE,20,elitize_generation_data,128,13,0.179,NA
130,92,negative-to-zero,ifs,FALSE,20,elitize_generation_data,129,15,0.197,NA
131,92,negative-to-zero,ifs,FALSE,20,elitize_generation_data,130,13,0.174,NA
132,92,negative-to-zero,ifs,FALSE,20,elitize_generation_data,131,22,0.178,NA
133,92,negative-to-zero,ifs,FALSE,20,elitize_generation_data,132,22,0.162,NA
134,92,negative-to-zero,ifs,FALSE,20,elitize_generation_data,133,17,0.175,NA
135,92,negative-to-zero,ifs,FALSE,20,elitize_generation_data,134,19,0.168,NA
136,92,negative-to-zero,ifs,FALSE,20,elitize_generation_data,135,18,0.172,NA
137,92,negative-to-zero,ifs,FALSE,20,elitize_generation_data,136,15,0.169,NA
138,92,negative-to-zero,ifs,FALSE,20,elitize_generation_data,137,17,0.167,NA
139,92,negative-to-zero,ifs,FALSE,20,elitize_generation_data,138,19,0.177,NA
140,92,negative-to-zero,ifs,FALSE,20,elitize_generation_data,139,23,0.175,NA
141,92,negative-to-zero,ifs,FALSE,20,elitize_generation_data,140,16,0.161,NA
142,92,negative-to-zero,ifs,FALSE,20,elitize_generation_data,141,21,0.155,NA
143,92,negative-to-zero,ifs,FALSE,20,elitize_generation_data,142,17,0.147,NA
144,92,negative-to-zero,ifs,FALSE,20,elitize_generation_data,143,21,0.157,NA
145,92,negative-to-zero,ifs,FALSE,20,elitize_generation_data,144,14,0.145,NA
146,92,negative-to-zero,ifs,FALSE,20,elitize_generation_data,145,18,0.158,NA
147,92,negative-to-zero,ifs,FALSE,20,elitize_generation_data,146,20,0.15,NA
148,92,negative-to-zero,ifs,FALSE,20,elitize_generation_data,147,16,0.134,NA
149,92,negative-to-zero,ifs,FALSE,20,elitize_generation_data,148,14,0.15,NA
150,92,negative-to-zero,ifs,FALSE,20,elitize_generation_data,149,13,0.137,NA
151,92,negative-to-zero,ifs,FALSE,20,elitize_generation_data,150,18,0.142,NA
152,92,negative-to-zero,ifs,FALSE,20,elitize_generation_data,151,15,0.141,NA
153,92,negative-to-zero,ifs,FALSE,20,elitize_generation_data,152,18,0.123,NA
154,92,negative-to-zero,ifs,FALSE,20,elitize_generation_data,153,20,0.156,NA
155,92,negative-to-zero,ifs,FALSE,20,elitize_generation_data,154,18,0.142,NA
156,92,negative-to-zero,ifs,FALSE,20,elitize_generation_data,155,17,0.139,NA
157,92,negative-to-zero,ifs,FALSE,20,elitize_generation_data,156,25,0.153,NA
158,92,negative-to-zero,ifs,FALSE,20,elitize_generation_data,157,15,0.147,NA
159,92,negative-to-zero,ifs,FALSE,20,elitize_generation_data,158,22,0.151,NA
160,92,negative-to-zero,ifs,FALSE,20,elitize_generation_data,159,20,0.154,NA
161,92,negative-to-zero,ifs,FALSE,20,elitize_generation_data,160,19,0.151,NA
162,92,negative-to-zero,ifs,FALSE,20,elitize_generation_data,161,19,0.151,NA
163,92,negative-to-zero,ifs,FALSE,20,elitize_generation_data,162,19,0.148,NA
164,92,negative-to-zero,ifs,FALSE,20,elitize_generation_data,163,16,0.141,NA
165,92,negative-to-zero,ifs,FALSE,20,elitize_generation_data,164,16,0.157,NA
166,92,negative-to-zero,ifs,FALSE,20,elitize_generation_data,165,18,0.153,NA
167,92,negative-to-zero,ifs,FALSE,20,elitize_generation_data,166,15,0.158,NA
168,92,negative-to-zero,ifs,FALSE,20,elitize_generation_data,167,17,0.156,NA
169,92,negative-to-zero,ifs,FALSE,20,elitize_generation_data,168,21,0.145,NA
170,92,negative-to-zero,ifs,FALSE,20,elitize_generation_data,169,18,0.168,NA
171,92,negative-to-zero,ifs,FALSE,20,elitize_generation_data,170,22,0.159,NA
172,92,negative-to-zero,ifs,FALSE,20,elitize_generation_data,171,20,0.152,NA
173,92,negative-to-zero,ifs,FALSE,20,elitize_generation_data,172,17,0.164,NA
174,92,negative-to-zero,ifs,FALSE,20,elitize_generation_data,173,19,0.154,NA
175,92,negative-to-zero,ifs,FALSE,20,elitize_generation_data,174,21,0.158,NA
176,92,negative-to-zero,ifs,FALSE,20,elitize_generation_data,175,20,0.147,NA
177,92,negative-to-zero,ifs,FALSE,20,elitize_generation_data,176,20,0.175,NA
178,92,negative-to-zero,ifs,FALSE,20,elitize_generation_data,177,16,0.148,NA
179,92,negative-to-zero,ifs,FALSE,20,elitize_generation_data,178,25,0.165,NA
180,92,negative-to-zero,ifs,FALSE,20,elitize_generation_data,179,21,0.169,NA
181,92,negative-to-zero,ifs,FALSE,20,elitize_generation_data,180,17,0.16,NA
182,92,negative-to-zero,ifs,FALSE,20,elitize_generation_data,181,18,0.156,NA
183,92,negative-to-zero,ifs,FALSE,20,elitize_generation_data,182,20,0.155,NA
184,92,negative-to-zero,ifs,FALSE,20,elitize_generation_data,183,21,0.173,NA
185,92,negative-to-zero,ifs,FALSE,20,elitize_generation_data,184,21,0.164,NA
186,92,negative-to-zero,ifs,FALSE,20,elitize_generation_data,185,16,0.165,NA
187,92,negative-to-zero,ifs,FALSE,20,elitize_generation_data,186,18,0.163,NA
188,92,negative-to-zero,ifs,FALSE,20,elitize_generation_data,187,16,0.156,NA
189,92,negative-to-zero,ifs,FALSE,20,elitize_generation_data,188,15,0.156,NA
190,92,negative-to-zero,ifs,FALSE,20,elitize_generation_data,189,20,0.161,NA
191,92,negative-to-zero,ifs,FALSE,20,elitize_generation_data,190,16,0.164,NA
192,92,negative-to-zero,ifs,FALSE,20,elitize_generation_data,191,16,0.152,NA
193,92,negative-to-zero,ifs,FALSE,20,elitize_generation_data,192,14,0.168,NA
194,92,negative-to-zero,ifs,FALSE,20,elitize_generation_data,193,22,0.169,NA
195,92,negative-to-zero,ifs,FALSE,20,elitize_generation_data,194,15,0.143,NA
196,92,negative-to-zero,ifs,FALSE,20,elitize_generation_data,195,20,0.154,NA
197,92,negative-to-zero,ifs,FALSE,20,elitize_generation_data,196,18,0.162,NA
198,92,negative-to-zero,ifs,FALSE,20,elitize_generation_data,197,18,0.163,NA
199,92,negative-to-zero,ifs,FALSE,20,elitize_generation_data,198,16,0.15,NA
200,92,negative-to-zero,ifs,FALSE,20,elitize_generation_data,199,22,0.159,NA
201,92,negative-to-zero,ifs,FALSE,20,elitize_generation_data,200,21,0.156,NA
202,92,negative-to-zero,ifs,FALSE,20,elitize_generation_data,201,12,0.166,NA
203,92,negative-to-zero,ifs,FALSE,20,elitize_generation_data,202,17,0.134,NA
204,92,negative-to-zero,ifs,FALSE,20,elitize_generation_data,203,15,0.155,NA
205,92,negative-to-zero,ifs,FALSE,20,elitize_generation_data,204,20,0.158,NA
206,92,negative-to-zero,ifs,FALSE,20,elitize_generation_data,205,16,0.146,NA
207,92,negative-to-zero,ifs,FALSE,20,elitize_generation_data,206,18,0.161,NA
208,92,negative-to-zero,ifs,FALSE,20,elitize_generation_data,207,17,0.155,NA
209,92,negative-to-zero,ifs,FALSE,20,elitize_generation_data,208,15,0.165,NA
210,92,negative-to-zero,ifs,FALSE,20,elitize_generation_data,209,15,0.159,NA
211,92,negative-to-zero,ifs,FALSE,20,elitize_generation_data,210,17,0.156,NA
212,92,negative-to-zero,ifs,FALSE,20,elitize_generation_data,211,18,0.152,NA
213,92,negative-to-zero,ifs,FALSE,20,elitize_generation_data,212,18,0.148,NA
214,92,negative-to-zero,ifs,FALSE,20,elitize_generation_data,213,17,0.162,NA
215,92,negative-to-zero,ifs,FALSE,20,elitize_generation_data,214,15,0.155,NA
216,92,negative-to-zero,ifs,FALSE,20,elitize_generation_data,215,20,0.152,NA
217,92,negative-to-zero,ifs,FALSE,20,elitize_generation_data,216,18,0.171,NA
218,92,negative-to-zero,ifs,FALSE,20,elitize_generation_data,217,18,0.155,NA
219,92,negative-to-zero,ifs,FALSE,20,elitize_generation_data,218,16,0.143,NA
220,92,negative-to-zero,ifs,FALSE,20,elitize_generation_data,219,19,0.161,NA
221,92,negative-to-zero,ifs,FALSE,20,elitize_generation_data,220,24,0.163,NA
222,92,negative-to-zero,ifs,FALSE,20,elitize_generation_data,221,13,0.159,NA
223,92,negative-to-zero,ifs,FALSE,20,elitize_generation_data,222,18,0.151,NA
224,92,negative-to-zero,ifs,FALSE,20,elitize_generation_data,223,15,0.16,NA
225,92,negative-to-zero,ifs,FALSE,20,elitize_generation_data,224,15,0.157,NA
226,92,negative-to-zero,ifs,FALSE,20,elitize_generation_data,225,13,0.144,NA
227,92,negative-to-zero,ifs,FALSE,20,elitize_generation_data,226,20,0.158,NA
228,92,negative-to-zero,ifs,FALSE,20,elitize_generation_data,227,16,0.15,NA
229,92,negative-to-zero,ifs,FALSE,20,elitize_generation_data,228,18,0.152,NA
230,92,negative-to-zero,ifs,FALSE,20,elitize_generation_data,229,19,0.149,NA
231,92,negative-to-zero,ifs,FALSE,20,elitize_generation_data,230,23,0.139,NA
232,92,negative-to-zero,ifs,FALSE,20,elitize_generation_data,231,21,0.148,NA
233,92,negative-to-zero,ifs,FALSE,20,elitize_generation_data,232,14,0.152,NA
234,92,negative-to-zero,ifs,FALSE,20,elitize_generation_data,233,13,0.121,NA
235,92,negative-to-zero,ifs,FALSE,20,elitize_generation_data,234,20,0.155,NA
236,92,negative-to-zero,ifs,FALSE,20,elitize_generation_data,235,17,0.137,NA
237,92,negative-to-zero,ifs,FALSE,20,elitize_generation_data,236,15,0.138,NA
238,92,negative-to-zero,ifs,FALSE,20,elitize_generation_data,237,17,0.158,NA
239,92,negative-to-zero,ifs,FALSE,20,elitize_generation_data,238,20,0.154,NA
240,92,negative-to-zero,ifs,FALSE,20,elitize_generation_data,239,19,0.148,NA
241,92,negative-to-zero,ifs,FALSE,20,elitize_generation_data,240,17,0.145,NA
242,92,negative-to-zero,ifs,FALSE,20,elitize_generation_data,241,22,0.134,NA
243,92,negative-to-zero,ifs,FALSE,20,elitize_generation_data,242,19,0.134,NA
244,92,negative-to-zero,ifs,FALSE,20,elitize_generation_data,243,15,0.144,NA
245,92,negative-to-zero,ifs,FALSE,20,elitize_generation_data,244,17,0.142,NA
246,92,negative-to-zero,ifs,FALSE,20,elitize_generation_data,245,14,0.138,NA
247,92,negative-to-zero,ifs,FALSE,20,elitize_generation_data,246,15,0.142,NA
248,92,negative-to-zero,ifs,FALSE,20,elitize_generation_data,247,18,0.136,NA
249,92,negative-to-zero,ifs,FALSE,20,elitize_generation_data,248,19,0.139,NA
250,92,negative-to-zero,ifs,FALSE,20,elitize_generation_data,249,23,0.128,NA
251,92,negative-to-zero,ifs,FALSE,20,elitize_generation_data,250,21,0.15,NA
252,92,negative-to-zero,ifs,FALSE,20,elitize_generation_data,251,20,0.15,NA
253,92,negative-to-zero,ifs,FALSE,20,elitize_generation_data,252,16,0.139,NA
254,92,negative-to-zero,ifs,FALSE,20,elitize_generation_data,253,22,0.154,NA
255,92,negative-to-zero,ifs,FALSE,20,elitize_generation_data,254,18,0.152,NA
256,92,negative-to-zero,ifs,FALSE,20,elitize_generation_data,255,19,0.133,NA
257,92,negative-to-zero,ifs,FALSE,20,elitize_generation_data,256,22,0.14,NA
258,92,negative-to-zero,ifs,FALSE,20,elitize_generation_data,257,20,0.147,NA
259,92,negative-to-zero,ifs,FALSE,20,elitize_generation_data,258,17,0.145,NA
260,92,negative-to-zero,ifs,FALSE,20,elitize_generation_data,259,17,0.139,NA
261,92,negative-to-zero,ifs,FALSE,20,elitize_generation_data,260,20,0.146,NA
262,92,negative-to-zero,ifs,FALSE,20,elitize_generation_data,261,23,0.148,NA
263,92,negative-to-zero,ifs,FALSE,20,elitize_generation_data,262,22,0.166,NA
264,92,negative-to-zero,ifs,FALSE,20,elitize_generation_data,263,14,0.128,NA
265,92,negative-to-zero,ifs,FALSE,20,elitize_generation_data,264,22,0.16,NA
266,92,negative-to-zero,ifs,FALSE,20,elitize_generation_data,265,19,0.131,NA
267,92,negative-to-zero,ifs,FALSE,20,elitize_generation_data,266,17,0.129,NA
268,92,negative-to-zero,ifs,FALSE,20,elitize_generation_data,267,18,0.136,NA
269,92,negative-to-zero,ifs,FALSE,20,elitize_generation_data,268,18,0.128,NA
270,92,negative-to-zero,ifs,FALSE,20,elitize_generation_data,269,17,0.141,NA
271,92,negative-to-zero,ifs,FALSE,20,elitize_generation_data,270,20,0.145,NA
272,92,negative-to-zero,ifs,FALSE,20,elitize_generation_data,271,20,0.136,NA
273,92,negative-to-zero,ifs,FALSE,20,elitize_generation_data,272,18,0.119,NA
274,92,negative-to-zero,ifs,FALSE,20,elitize_generation_data,273,17,0.131,NA
275,92,negative-to-zero,ifs,FALSE,20,elitize_generation_data,274,13,0.14,NA
276,92,negative-to-zero,ifs,FALSE,20,elitize_generation_data,275,15,0.125,NA
277,92,negative-to-zero,ifs,FALSE,20,elitize_generation_data,276,26,0.133,NA
278,92,negative-to-zero,ifs,FALSE,20,elitize_generation_data,277,17,0.116,NA
279,92,negative-to-zero,ifs,FALSE,20,elitize_generation_data,278,20,0.133,NA
280,92,negative-to-zero,ifs,FALSE,20,elitize_generation_data,279,17,0.112,NA
281,92,negative-to-zero,ifs,FALSE,20,elitize_generation_data,280,20,0.129,NA
282,92,negative-to-zero,ifs,FALSE,20,elitize_generation_data,281,19,0.124,NA
283,92,negative-to-zero,ifs,FALSE,20,elitize_generation_data,282,16,0.125,NA
284,92,negative-to-zero,ifs,FALSE,20,elitize_generation_data,283,14,0.117,NA
285,92,negative-to-zero,ifs,FALSE,20,elitize_generation_data,284,14,0.109,NA
286,92,negative-to-zero,ifs,FALSE,20,elitize_generation_data,285,24,0.14,NA
287,92,negative-to-zero,ifs,FALSE,20,elitize_generation_data,286,12,0.121,NA
288,92,negative-to-zero,ifs,FALSE,20,elitize_generation_data,287,28,0.133,NA
289,92,negative-to-zero,ifs,FALSE,20,elitize_generation_data,288,16,0.118,NA
290,92,negative-to-zero,ifs,FALSE,20,elitize_generation_data,289,18,0.107,NA
291,92,negative-to-zero,ifs,FALSE,20,elitize_generation_data,290,19,0.125,NA
292,92,negative-to-zero,ifs,FALSE,20,elitize_generation_data,291,22,0.12,NA
293,92,negative-to-zero,ifs,FALSE,20,elitize_generation_data,292,12,0.108,NA
294,92,negative-to-zero,ifs,FALSE,20,elitize_generation_data,293,23,0.12,NA
295,92,negative-to-zero,ifs,FALSE,20,elitize_generation_data,294,15,0.114,NA
296,92,negative-to-zero,ifs,FALSE,20,elitize_generation_data,295,15,0.13,NA
297,92,negative-to-zero,ifs,FALSE,20,elitize_generation_data,296,17,0.113,NA
298,92,negative-to-zero,ifs,FALSE,20,elitize_generation_data,297,16,0.128,NA
299,92,negative-to-zero,ifs,FALSE,20,elitize_generation_data,298,20,0.121,NA
300,92,negative-to-zero,ifs,FALSE,20,elitize_generation_data,299,17,0.126,NA
301,92,negative-to-zero,ifs,FALSE,20,elitize_generation_data,300,15,0.122,NA
