,run.num,problem,treatment,succeeded,height,normalization.function,generation,cluster.count,error.diversity,success.generation
1,41,negative-to-zero,ifs,TRUE,20,elitize_generation_data,0,9,0.037,291
2,41,negative-to-zero,ifs,TRUE,20,elitize_generation_data,1,12,0.059,291
3,41,negative-to-zero,ifs,TRUE,20,elitize_generation_data,2,7,0.034,291
4,41,negative-to-zero,ifs,TRUE,20,elitize_generation_data,3,9,0.02,291
5,41,negative-to-zero,ifs,TRUE,20,elitize_generation_data,4,7,0.023,291
6,41,negative-to-zero,ifs,TRUE,20,elitize_generation_data,5,5,0.023,291
7,41,negative-to-zero,ifs,TRUE,20,elitize_generation_data,6,7,0.021,291
8,41,negative-to-zero,ifs,TRUE,20,elitize_generation_data,7,6,0.014,291
9,41,negative-to-zero,ifs,TRUE,20,elitize_generation_data,8,6,0.02,291
10,41,negative-to-zero,ifs,TRUE,20,elitize_generation_data,9,5,0.023,291
11,41,negative-to-zero,ifs,TRUE,20,elitize_generation_data,10,6,0.024,291
12,41,negative-to-zero,ifs,TRUE,20,elitize_generation_data,11,8,0.02,291
13,41,negative-to-zero,ifs,TRUE,20,elitize_generation_data,12,5,0.02,291
14,41,negative-to-zero,ifs,TRUE,20,elitize_generation_data,13,5,0.015,291
15,41,negative-to-zero,ifs,TRUE,20,elitize_generation_data,14,8,0.021,291
16,41,negative-to-zero,ifs,TRUE,20,elitize_generation_data,15,14,0.026,291
17,41,negative-to-zero,ifs,TRUE,20,elitize_generation_data,16,40,0.055,291
18,41,negative-to-zero,ifs,TRUE,20,elitize_generation_data,17,53,0.068,291
19,41,negative-to-zero,ifs,TRUE,20,elitize_generation_data,18,62,0.077,291
20,41,negative-to-zero,ifs,TRUE,20,elitize_generation_data,19,73,0.085,291
21,41,negative-to-zero,ifs,TRUE,20,elitize_generation_data,20,52,0.062,291
22,41,negative-to-zero,ifs,TRUE,20,elitize_generation_data,21,46,0.062,291
23,41,negative-to-zero,ifs,TRUE,20,elitize_generation_data,22,50,0.061,291
24,41,negative-to-zero,ifs,TRUE,20,elitize_generation_data,23,58,0.074,291
25,41,negative-to-zero,ifs,TRUE,20,elitize_generation_data,24,54,0.087,291
26,41,negative-to-zero,ifs,TRUE,20,elitize_generation_data,25,53,0.109,291
27,41,negative-to-zero,ifs,TRUE,20,elitize_generation_data,26,36,0.089,291
28,41,negative-to-zero,ifs,TRUE,20,elitize_generation_data,27,32,0.084,291
29,41,negative-to-zero,ifs,TRUE,20,elitize_generation_data,28,27,0.073,291
30,41,negative-to-zero,ifs,TRUE,20,elitize_generation_data,29,30,0.077,291
31,41,negative-to-zero,ifs,TRUE,20,elitize_generation_data,30,28,0.072,291
32,41,negative-to-zero,ifs,TRUE,20,elitize_generation_data,31,31,0.081,291
33,41,negative-to-zero,ifs,TRUE,20,elitize_generation_data,32,29,0.083,291
34,41,negative-to-zero,ifs,TRUE,20,elitize_generation_data,33,29,0.089,291
35,41,negative-to-zero,ifs,TRUE,20,elitize_generation_data,34,27,0.08,291
36,41,negative-to-zero,ifs,TRUE,20,elitize_generation_data,35,29,0.083,291
37,41,negative-to-zero,ifs,TRUE,20,elitize_generation_data,36,30,0.079,291
38,41,negative-to-zero,ifs,TRUE,20,elitize_generation_data,37,32,0.089,291
39,41,negative-to-zero,ifs,TRUE,20,elitize_generation_data,38,29,0.091,291
40,41,negative-to-zero,ifs,TRUE,20,elitize_generation_data,39,28,0.091,291
41,41,negative-to-zero,ifs,TRUE,20,elitize_generation_data,40,32,0.084,291
42,41,negative-to-zero,ifs,TRUE,20,elitize_generation_data,41,34,0.094,291
43,41,negative-to-zero,ifs,TRUE,20,elitize_generation_data,42,30,0.083,291
44,41,negative-to-zero,ifs,TRUE,20,elitize_generation_data,43,30,0.089,291
45,41,negative-to-zero,ifs,TRUE,20,elitize_generation_data,44,28,0.089,291
46,41,negative-to-zero,ifs,TRUE,20,elitize_generation_data,45,28,0.087,291
47,41,negative-to-zero,ifs,TRUE,20,elitize_generation_data,46,29,0.085,291
48,41,negative-to-zero,ifs,TRUE,20,elitize_generation_data,47,28,0.089,291
49,41,negative-to-zero,ifs,TRUE,20,elitize_generation_data,48,21,0.076,291
50,41,negative-to-zero,ifs,TRUE,20,elitize_generation_data,49,29,0.09,291
51,41,negative-to-zero,ifs,TRUE,20,elitize_generation_data,50,31,0.087,291
52,41,negative-to-zero,ifs,TRUE,20,elitize_generation_data,51,32,0.098,291
53,41,negative-to-zero,ifs,TRUE,20,elitize_generation_data,52,28,0.095,291
54,41,negative-to-zero,ifs,TRUE,20,elitize_generation_data,53,25,0.091,291
55,41,negative-to-zero,ifs,TRUE,20,elitize_generation_data,54,31,0.095,291
56,41,negative-to-zero,ifs,TRUE,20,elitize_generation_data,55,25,0.082,291
57,41,negative-to-zero,ifs,TRUE,20,elitize_generation_data,56,30,0.099,291
58,41,negative-to-zero,ifs,TRUE,20,elitize_generation_data,57,28,0.104,291
59,41,negative-to-zero,ifs,TRUE,20,elitize_generation_data,58,28,0.121,291
60,41,negative-to-zero,ifs,TRUE,20,elitize_generation_data,59,26,0.127,291
61,41,negative-to-zero,ifs,TRUE,20,elitize_generation_data,60,35,0.135,291
62,41,negative-to-zero,ifs,TRUE,20,elitize_generation_data,61,29,0.148,291
63,41,negative-to-zero,ifs,TRUE,20,elitize_generation_data,62,25,0.149,291
64,41,negative-to-zero,ifs,TRUE,20,elitize_generation_data,63,38,0.175,291
65,41,negative-to-zero,ifs,TRUE,20,elitize_generation_data,64,45,0.199,291
66,41,negative-to-zero,ifs,TRUE,20,elitize_generation_data,65,53,0.202,291
67,41,negative-to-zero,ifs,TRUE,20,elitize_generation_data,66,45,0.161,291
68,41,negative-to-zero,ifs,TRUE,20,elitize_generation_data,67,44,0.183,291
69,41,negative-to-zero,ifs,TRUE,20,elitize_generation_data,68,42,0.228,291
70,41,negative-to-zero,ifs,TRUE,20,elitize_generation_data,69,53,0.248,291
71,41,negative-to-zero,ifs,TRUE,20,elitize_generation_data,70,33,0.193,291
72,41,negative-to-zero,ifs,TRUE,20,elitize_generation_data,71,33,0.134,291
73,41,negative-to-zero,ifs,TRUE,20,elitize_generation_data,72,33,0.2,291
74,41,negative-to-zero,ifs,TRUE,20,elitize_generation_data,73,44,0.231,291
75,41,negative-to-zero,ifs,TRUE,20,elitize_generation_data,74,44,0.252,291
76,41,negative-to-zero,ifs,TRUE,20,elitize_generation_data,75,49,0.304,291
77,41,negative-to-zero,ifs,TRUE,20,elitize_generation_data,76,62,0.351,291
78,41,negative-to-zero,ifs,TRUE,20,elitize_generation_data,77,65,0.388,291
79,41,negative-to-zero,ifs,TRUE,20,elitize_generation_data,78,71,0.359,291
80,41,negative-to-zero,ifs,TRUE,20,elitize_generation_data,79,59,0.256,291
81,41,negative-to-zero,ifs,TRUE,20,elitize_generation_data,80,66,0.294,291
82,41,negative-to-zero,ifs,TRUE,20,elitize_generation_data,81,68,0.348,291
83,41,negative-to-zero,ifs,TRUE,20,elitize_generation_data,82,61,0.332,291
84,41,negative-to-zero,ifs,TRUE,20,elitize_generation_data,83,64,0.358,291
85,41,negative-to-zero,ifs,TRUE,20,elitize_generation_data,84,62,0.306,291
86,41,negative-to-zero,ifs,TRUE,20,elitize_generation_data,85,56,0.273,291
87,41,negative-to-zero,ifs,TRUE,20,elitize_generation_data,86,50,0.251,291
88,41,negative-to-zero,ifs,TRUE,20,elitize_generation_data,87,55,0.29,291
89,41,negative-to-zero,ifs,TRUE,20,elitize_generation_data,88,60,0.352,291
90,41,negative-to-zero,ifs,TRUE,20,elitize_generation_data,89,67,0.365,291
91,41,negative-to-zero,ifs,TRUE,20,elitize_generation_data,90,84,0.425,291
92,41,negative-to-zero,ifs,TRUE,20,elitize_generation_data,91,75,0.435,291
93,41,negative-to-zero,ifs,TRUE,20,elitize_generation_data,92,63,0.417,291
94,41,negative-to-zero,ifs,TRUE,20,elitize_generation_data,93,85,0.453,291
95,41,negative-to-zero,ifs,TRUE,20,elitize_generation_data,94,72,0.469,291
96,41,negative-to-zero,ifs,TRUE,20,elitize_generation_data,95,69,0.439,291
97,41,negative-to-zero,ifs,TRUE,20,elitize_generation_data,96,89,0.43,291
98,41,negative-to-zero,ifs,TRUE,20,elitize_generation_data,97,66,0.403,291
99,41,negative-to-zero,ifs,TRUE,20,elitize_generation_data,98,64,0.436,291
100,41,negative-to-zero,ifs,TRUE,20,elitize_generation_data,99,80,0.458,291
101,41,negative-to-zero,ifs,TRUE,20,elitize_generation_data,100,79,0.447,291
102,41,negative-to-zero,ifs,TRUE,20,elitize_generation_data,101,78,0.4,291
103,41,negative-to-zero,ifs,TRUE,20,elitize_generation_data,102,68,0.388,291
104,41,negative-to-zero,ifs,TRUE,20,elitize_generation_data,103,62,0.391,291
105,41,negative-to-zero,ifs,TRUE,20,elitize_generation_data,104,66,0.429,291
106,41,negative-to-zero,ifs,TRUE,20,elitize_generation_data,105,60,0.424,291
107,41,negative-to-zero,ifs,TRUE,20,elitize_generation_data,106,76,0.431,291
108,41,negative-to-zero,ifs,TRUE,20,elitize_generation_data,107,63,0.376,291
109,41,negative-to-zero,ifs,TRUE,20,elitize_generation_data,108,78,0.366,291
110,41,negative-to-zero,ifs,TRUE,20,elitize_generation_data,109,70,0.369,291
111,41,negative-to-zero,ifs,TRUE,20,elitize_generation_data,110,72,0.409,291
112,41,negative-to-zero,ifs,TRUE,20,elitize_generation_data,111,70,0.406,291
113,41,negative-to-zero,ifs,TRUE,20,elitize_generation_data,112,71,0.429,291
114,41,negative-to-zero,ifs,TRUE,20,elitize_generation_data,113,69,0.404,291
115,41,negative-to-zero,ifs,TRUE,20,elitize_generation_data,114,75,0.398,291
116,41,negative-to-zero,ifs,TRUE,20,elitize_generation_data,115,65,0.387,291
117,41,negative-to-zero,ifs,TRUE,20,elitize_generation_data,116,61,0.405,291
118,41,negative-to-zero,ifs,TRUE,20,elitize_generation_data,117,68,0.409,291
119,41,negative-to-zero,ifs,TRUE,20,elitize_generation_data,118,69,0.451,291
120,41,negative-to-zero,ifs,TRUE,20,elitize_generation_data,119,72,0.454,291
121,41,negative-to-zero,ifs,TRUE,20,elitize_generation_data,120,75,0.441,291
122,41,negative-to-zero,ifs,TRUE,20,elitize_generation_data,121,75,0.418,291
123,41,negative-to-zero,ifs,TRUE,20,elitize_generation_data,122,85,0.425,291
124,41,negative-to-zero,ifs,TRUE,20,elitize_generation_data,123,72,0.411,291
125,41,negative-to-zero,ifs,TRUE,20,elitize_generation_data,124,70,0.435,291
126,41,negative-to-zero,ifs,TRUE,20,elitize_generation_data,125,72,0.434,291
127,41,negative-to-zero,ifs,TRUE,20,elitize_generation_data,126,86,0.414,291
128,41,negative-to-zero,ifs,TRUE,20,elitize_generation_data,127,81,0.437,291
129,41,negative-to-zero,ifs,TRUE,20,elitize_generation_data,128,80,0.439,291
130,41,negative-to-zero,ifs,TRUE,20,elitize_generation_data,129,77,0.418,291
131,41,negative-to-zero,ifs,TRUE,20,elitize_generation_data,130,79,0.409,291
132,41,negative-to-zero,ifs,TRUE,20,elitize_generation_data,131,71,0.403,291
133,41,negative-to-zero,ifs,TRUE,20,elitize_generation_data,132,71,0.449,291
134,41,negative-to-zero,ifs,TRUE,20,elitize_generation_data,133,69,0.4,291
135,41,negative-to-zero,ifs,TRUE,20,elitize_generation_data,134,78,0.416,291
136,41,negative-to-zero,ifs,TRUE,20,elitize_generation_data,135,73,0.413,291
137,41,negative-to-zero,ifs,TRUE,20,elitize_generation_data,136,76,0.407,291
138,41,negative-to-zero,ifs,TRUE,20,elitize_generation_data,137,72,0.424,291
139,41,negative-to-zero,ifs,TRUE,20,elitize_generation_data,138,74,0.422,291
140,41,negative-to-zero,ifs,TRUE,20,elitize_generation_data,139,71,0.414,291
141,41,negative-to-zero,ifs,TRUE,20,elitize_generation_data,140,75,0.425,291
142,41,negative-to-zero,ifs,TRUE,20,elitize_generation_data,141,66,0.404,291
143,41,negative-to-zero,ifs,TRUE,20,elitize_generation_data,142,86,0.44,291
144,41,negative-to-zero,ifs,TRUE,20,elitize_generation_data,143,70,0.419,291
145,41,negative-to-zero,ifs,TRUE,20,elitize_generation_data,144,78,0.428,291
146,41,negative-to-zero,ifs,TRUE,20,elitize_generation_data,145,86,0.417,291
147,41,negative-to-zero,ifs,TRUE,20,elitize_generation_data,146,77,0.459,291
148,41,negative-to-zero,ifs,TRUE,20,elitize_generation_data,147,31,0.449,291
149,41,negative-to-zero,ifs,TRUE,20,elitize_generation_data,148,25,0.456,291
150,41,negative-to-zero,ifs,TRUE,20,elitize_generation_data,149,28,0.455,291
151,41,negative-to-zero,ifs,TRUE,20,elitize_generation_data,150,22,0.469,291
152,41,negative-to-zero,ifs,TRUE,20,elitize_generation_data,151,15,0.474,291
153,41,negative-to-zero,ifs,TRUE,20,elitize_generation_data,152,19,0.514,291
154,41,negative-to-zero,ifs,TRUE,20,elitize_generation_data,153,21,0.579,291
155,41,negative-to-zero,ifs,TRUE,20,elitize_generation_data,154,22,0.538,291
156,41,negative-to-zero,ifs,TRUE,20,elitize_generation_data,155,22,0.271,291
157,41,negative-to-zero,ifs,TRUE,20,elitize_generation_data,156,17,0.115,291
158,41,negative-to-zero,ifs,TRUE,20,elitize_generation_data,157,16,0.139,291
159,41,negative-to-zero,ifs,TRUE,20,elitize_generation_data,158,14,0.143,291
160,41,negative-to-zero,ifs,TRUE,20,elitize_generation_data,159,20,0.142,291
161,41,negative-to-zero,ifs,TRUE,20,elitize_generation_data,160,14,0.16,291
162,41,negative-to-zero,ifs,TRUE,20,elitize_generation_data,161,18,0.182,291
163,41,negative-to-zero,ifs,TRUE,20,elitize_generation_data,162,18,0.277,291
164,41,negative-to-zero,ifs,TRUE,20,elitize_generation_data,163,23,0.357,291
165,41,negative-to-zero,ifs,TRUE,20,elitize_generation_data,164,26,0.434,291
166,41,negative-to-zero,ifs,TRUE,20,elitize_generation_data,165,29,0.484,291
167,41,negative-to-zero,ifs,TRUE,20,elitize_generation_data,166,27,0.469,291
168,41,negative-to-zero,ifs,TRUE,20,elitize_generation_data,167,30,0.49,291
169,41,negative-to-zero,ifs,TRUE,20,elitize_generation_data,168,29,0.459,291
170,41,negative-to-zero,ifs,TRUE,20,elitize_generation_data,169,32,0.427,291
171,41,negative-to-zero,ifs,TRUE,20,elitize_generation_data,170,32,0.44,291
172,41,negative-to-zero,ifs,TRUE,20,elitize_generation_data,171,37,0.474,291
173,41,negative-to-zero,ifs,TRUE,20,elitize_generation_data,172,23,0.477,291
174,41,negative-to-zero,ifs,TRUE,20,elitize_generation_data,173,33,0.453,291
175,41,negative-to-zero,ifs,TRUE,20,elitize_generation_data,174,29,0.434,291
176,41,negative-to-zero,ifs,TRUE,20,elitize_generation_data,175,32,0.417,291
177,41,negative-to-zero,ifs,TRUE,20,elitize_generation_data,176,36,0.404,291
178,41,negative-to-zero,ifs,TRUE,20,elitize_generation_data,177,40,0.395,291
179,41,negative-to-zero,ifs,TRUE,20,elitize_generation_data,178,39,0.397,291
180,41,negative-to-zero,ifs,TRUE,20,elitize_generation_data,179,36,0.435,291
181,41,negative-to-zero,ifs,TRUE,20,elitize_generation_data,180,14,0.407,291
182,41,negative-to-zero,ifs,TRUE,20,elitize_generation_data,181,34,0.396,291
183,41,negative-to-zero,ifs,TRUE,20,elitize_generation_data,182,22,0.377,291
184,41,negative-to-zero,ifs,TRUE,20,elitize_generation_data,183,23,0.367,291
185,41,negative-to-zero,ifs,TRUE,20,elitize_generation_data,184,51,0.423,291
186,41,negative-to-zero,ifs,TRUE,20,elitize_generation_data,185,43,0.418,291
187,41,negative-to-zero,ifs,TRUE,20,elitize_generation_data,186,22,0.427,291
188,41,negative-to-zero,ifs,TRUE,20,elitize_generation_data,187,42,0.412,291
189,41,negative-to-zero,ifs,TRUE,20,elitize_generation_data,188,34,0.454,291
190,41,negative-to-zero,ifs,TRUE,20,elitize_generation_data,189,41,0.418,291
191,41,negative-to-zero,ifs,TRUE,20,elitize_generation_data,190,44,0.415,291
192,41,negative-to-zero,ifs,TRUE,20,elitize_generation_data,191,30,0.427,291
193,41,negative-to-zero,ifs,TRUE,20,elitize_generation_data,192,36,0.417,291
194,41,negative-to-zero,ifs,TRUE,20,elitize_generation_data,193,36,0.428,291
195,41,negative-to-zero,ifs,TRUE,20,elitize_generation_data,194,30,0.444,291
196,41,negative-to-zero,ifs,TRUE,20,elitize_generation_data,195,37,0.456,291
197,41,negative-to-zero,ifs,TRUE,20,elitize_generation_data,196,41,0.454,291
198,41,negative-to-zero,ifs,TRUE,20,elitize_generation_data,197,42,0.486,291
199,41,negative-to-zero,ifs,TRUE,20,elitize_generation_data,198,33,0.461,291
200,41,negative-to-zero,ifs,TRUE,20,elitize_generation_data,199,38,0.423,291
201,41,negative-to-zero,ifs,TRUE,20,elitize_generation_data,200,35,0.411,291
202,41,negative-to-zero,ifs,TRUE,20,elitize_generation_data,201,32,0.459,291
203,41,negative-to-zero,ifs,TRUE,20,elitize_generation_data,202,39,0.5,291
204,41,negative-to-zero,ifs,TRUE,20,elitize_generation_data,203,37,0.514,291
205,41,negative-to-zero,ifs,TRUE,20,elitize_generation_data,204,42,0.532,291
206,41,negative-to-zero,ifs,TRUE,20,elitize_generation_data,205,42,0.558,291
207,41,negative-to-zero,ifs,TRUE,20,elitize_generation_data,206,24,0.557,291
208,41,negative-to-zero,ifs,TRUE,20,elitize_generation_data,207,33,0.536,291
209,41,negative-to-zero,ifs,TRUE,20,elitize_generation_data,208,26,0.527,291
210,41,negative-to-zero,ifs,TRUE,20,elitize_generation_data,209,33,0.532,291
211,41,negative-to-zero,ifs,TRUE,20,elitize_generation_data,210,35,0.519,291
212,41,negative-to-zero,ifs,TRUE,20,elitize_generation_data,211,29,0.507,291
213,41,negative-to-zero,ifs,TRUE,20,elitize_generation_data,212,29,0.539,291
214,41,negative-to-zero,ifs,TRUE,20,elitize_generation_data,213,31,0.556,291
215,41,negative-to-zero,ifs,TRUE,20,elitize_generation_data,214,25,0.546,291
216,41,negative-to-zero,ifs,TRUE,20,elitize_generation_data,215,30,0.529,291
217,41,negative-to-zero,ifs,TRUE,20,elitize_generation_data,216,32,0.517,291
218,41,negative-to-zero,ifs,TRUE,20,elitize_generation_data,217,34,0.542,291
219,41,negative-to-zero,ifs,TRUE,20,elitize_generation_data,218,35,0.531,291
220,41,negative-to-zero,ifs,TRUE,20,elitize_generation_data,219,30,0.516,291
221,41,negative-to-zero,ifs,TRUE,20,elitize_generation_data,220,29,0.551,291
222,41,negative-to-zero,ifs,TRUE,20,elitize_generation_data,221,19,0.548,291
223,41,negative-to-zero,ifs,TRUE,20,elitize_generation_data,222,38,0.551,291
224,41,negative-to-zero,ifs,TRUE,20,elitize_generation_data,223,25,0.558,291
225,41,negative-to-zero,ifs,TRUE,20,elitize_generation_data,224,22,0.564,291
226,41,negative-to-zero,ifs,TRUE,20,elitize_generation_data,225,32,0.599,291
227,41,negative-to-zero,ifs,TRUE,20,elitize_generation_data,226,30,0.551,291
228,41,negative-to-zero,ifs,TRUE,20,elitize_generation_data,227,33,0.575,291
229,41,negative-to-zero,ifs,TRUE,20,elitize_generation_data,228,42,0.566,291
230,41,negative-to-zero,ifs,TRUE,20,elitize_generation_data,229,23,0.582,291
231,41,negative-to-zero,ifs,TRUE,20,elitize_generation_data,230,20,0.563,291
232,41,negative-to-zero,ifs,TRUE,20,elitize_generation_data,231,25,0.566,291
233,41,negative-to-zero,ifs,TRUE,20,elitize_generation_data,232,36,0.592,291
234,41,negative-to-zero,ifs,TRUE,20,elitize_generation_data,233,31,0.573,291
235,41,negative-to-zero,ifs,TRUE,20,elitize_generation_data,234,30,0.578,291
236,41,negative-to-zero,ifs,TRUE,20,elitize_generation_data,235,33,0.576,291
237,41,negative-to-zero,ifs,TRUE,20,elitize_generation_data,236,34,0.58,291
238,41,negative-to-zero,ifs,TRUE,20,elitize_generation_data,237,32,0.571,291
239,41,negative-to-zero,ifs,TRUE,20,elitize_generation_data,238,29,0.583,291
240,41,negative-to-zero,ifs,TRUE,20,elitize_generation_data,239,34,0.6,291
241,41,negative-to-zero,ifs,TRUE,20,elitize_generation_data,240,20,0.583,291
242,41,negative-to-zero,ifs,TRUE,20,elitize_generation_data,241,30,0.609,291
243,41,negative-to-zero,ifs,TRUE,20,elitize_generation_data,242,25,0.562,291
244,41,negative-to-zero,ifs,TRUE,20,elitize_generation_data,243,32,0.588,291
245,41,negative-to-zero,ifs,TRUE,20,elitize_generation_data,244,24,0.597,291
246,41,negative-to-zero,ifs,TRUE,20,elitize_generation_data,245,31,0.585,291
247,41,negative-to-zero,ifs,TRUE,20,elitize_generation_data,246,34,0.625,291
248,41,negative-to-zero,ifs,TRUE,20,elitize_generation_data,247,25,0.581,291
249,41,negative-to-zero,ifs,TRUE,20,elitize_generation_data,248,40,0.63,291
250,41,negative-to-zero,ifs,TRUE,20,elitize_generation_data,249,31,0.589,291
251,41,negative-to-zero,ifs,TRUE,20,elitize_generation_data,250,23,0.633,291
252,41,negative-to-zero,ifs,TRUE,20,elitize_generation_data,251,33,0.675,291
253,41,negative-to-zero,ifs,TRUE,20,elitize_generation_data,252,39,0.664,291
254,41,negative-to-zero,ifs,TRUE,20,elitize_generation_data,253,63,0.704,291
255,41,negative-to-zero,ifs,TRUE,20,elitize_generation_data,254,40,0.704,291
256,41,negative-to-zero,ifs,TRUE,20,elitize_generation_data,255,43,0.749,291
257,41,negative-to-zero,ifs,TRUE,20,elitize_generation_data,256,57,0.795,291
258,41,negative-to-zero,ifs,TRUE,20,elitize_generation_data,257,44,0.806,291
259,41,negative-to-zero,ifs,TRUE,20,elitize_generation_data,258,58,0.813,291
260,41,negative-to-zero,ifs,TRUE,20,elitize_generation_data,259,44,0.81,291
261,41,negative-to-zero,ifs,TRUE,20,elitize_generation_data,260,56,0.834,291
262,41,negative-to-zero,ifs,TRUE,20,elitize_generation_data,261,32,0.824,291
263,41,negative-to-zero,ifs,TRUE,20,elitize_generation_data,262,29,0.814,291
264,41,negative-to-zero,ifs,TRUE,20,elitize_generation_data,263,32,0.817,291
265,41,negative-to-zero,ifs,TRUE,20,elitize_generation_data,264,38,0.837,291
266,41,negative-to-zero,ifs,TRUE,20,elitize_generation_data,265,24,0.82,291
267,41,negative-to-zero,ifs,TRUE,20,elitize_generation_data,266,25,0.806,291
268,41,negative-to-zero,ifs,TRUE,20,elitize_generation_data,267,28,0.777,291
269,41,negative-to-zero,ifs,TRUE,20,elitize_generation_data,268,16,0.776,291
270,41,negative-to-zero,ifs,TRUE,20,elitize_generation_data,269,19,0.788,291
271,41,negative-to-zero,ifs,TRUE,20,elitize_generation_data,270,19,0.794,291
272,41,negative-to-zero,ifs,TRUE,20,elitize_generation_data,271,17,0.78,291
273,41,negative-to-zero,ifs,TRUE,20,elitize_generation_data,272,21,0.796,291
274,41,negative-to-zero,ifs,TRUE,20,elitize_generation_data,273,18,0.79,291
275,41,negative-to-zero,ifs,TRUE,20,elitize_generation_data,274,30,0.781,291
276,41,negative-to-zero,ifs,TRUE,20,elitize_generation_data,275,29,0.775,291
277,41,negative-to-zero,ifs,TRUE,20,elitize_generation_data,276,25,0.782,291
278,41,negative-to-zero,ifs,TRUE,20,elitize_generation_data,277,31,0.751,291
279,41,negative-to-zero,ifs,TRUE,20,elitize_generation_data,278,45,0.773,291
280,41,negative-to-zero,ifs,TRUE,20,elitize_generation_data,279,49,0.778,291
281,41,negative-to-zero,ifs,TRUE,20,elitize_generation_data,280,49,0.77,291
282,41,negative-to-zero,ifs,TRUE,20,elitize_generation_data,281,40,0.784,291
283,41,negative-to-zero,ifs,TRUE,20,elitize_generation_data,282,54,0.801,291
284,41,negative-to-zero,ifs,TRUE,20,elitize_generation_data,283,70,0.802,291
285,41,negative-to-zero,ifs,TRUE,20,elitize_generation_data,284,75,0.79,291
286,41,negative-to-zero,ifs,TRUE,20,elitize_generation_data,285,99,0.809,291
287,41,negative-to-zero,ifs,TRUE,20,elitize_generation_data,286,106,0.812,291
288,41,negative-to-zero,ifs,TRUE,20,elitize_generation_data,287,133,0.79,291
289,41,negative-to-zero,ifs,TRUE,20,elitize_generation_data,288,108,0.755,291
290,41,negative-to-zero,ifs,TRUE,20,elitize_generation_data,289,104,0.774,291
291,41,negative-to-zero,ifs,TRUE,20,elitize_generation_data,290,118,0.79,291
292,41,negative-to-zero,ifs,TRUE,20,elitize_generation_data,291,119,0.768,291
