,run.num,problem,treatment,succeeded,height,normalization.function,generation,cluster.count,error.diversity,success.generation
1,85,negative-to-zero,ifs,FALSE,20,elitize_generation_data,0,11,0.037,NA
2,85,negative-to-zero,ifs,FALSE,20,elitize_generation_data,1,11,0.067,NA
3,85,negative-to-zero,ifs,FALSE,20,elitize_generation_data,2,7,0.046,NA
4,85,negative-to-zero,ifs,FALSE,20,elitize_generation_data,3,11,0.031,NA
5,85,negative-to-zero,ifs,FALSE,20,elitize_generation_data,4,7,0.022,NA
6,85,negative-to-zero,ifs,FALSE,20,elitize_generation_data,5,10,0.027,NA
7,85,negative-to-zero,ifs,FALSE,20,elitize_generation_data,6,12,0.032,NA
8,85,negative-to-zero,ifs,FALSE,20,elitize_generation_data,7,10,0.025,NA
9,85,negative-to-zero,ifs,FALSE,20,elitize_generation_data,8,9,0.024,NA
10,85,negative-to-zero,ifs,FALSE,20,elitize_generation_data,9,9,0.024,NA
11,85,negative-to-zero,ifs,FALSE,20,elitize_generation_data,10,7,0.018,NA
12,85,negative-to-zero,ifs,FALSE,20,elitize_generation_data,11,11,0.022,NA
13,85,negative-to-zero,ifs,FALSE,20,elitize_generation_data,12,9,0.02,NA
14,85,negative-to-zero,ifs,FALSE,20,elitize_generation_data,13,10,0.018,NA
15,85,negative-to-zero,ifs,FALSE,20,elitize_generation_data,14,7,0.016,NA
16,85,negative-to-zero,ifs,FALSE,20,elitize_generation_data,15,9,0.019,NA
17,85,negative-to-zero,ifs,FALSE,20,elitize_generation_data,16,7,0.016,NA
18,85,negative-to-zero,ifs,FALSE,20,elitize_generation_data,17,8,0.017,NA
19,85,negative-to-zero,ifs,FALSE,20,elitize_generation_data,18,6,0.014,NA
20,85,negative-to-zero,ifs,FALSE,20,elitize_generation_data,19,8,0.013,NA
21,85,negative-to-zero,ifs,FALSE,20,elitize_generation_data,20,6,0.013,NA
22,85,negative-to-zero,ifs,FALSE,20,elitize_generation_data,21,6,0.015,NA
23,85,negative-to-zero,ifs,FALSE,20,elitize_generation_data,22,5,0.015,NA
24,85,negative-to-zero,ifs,FALSE,20,elitize_generation_data,23,5,0.013,NA
25,85,negative-to-zero,ifs,FALSE,20,elitize_generation_data,24,16,0.035,NA
26,85,negative-to-zero,ifs,FALSE,20,elitize_generation_data,25,14,0.052,NA
27,85,negative-to-zero,ifs,FALSE,20,elitize_generation_data,26,10,0.08,NA
28,85,negative-to-zero,ifs,FALSE,20,elitize_generation_data,27,13,0.094,NA
29,85,negative-to-zero,ifs,FALSE,20,elitize_generation_data,28,14,0.083,NA
30,85,negative-to-zero,ifs,FALSE,20,elitize_generation_data,29,12,0.07,NA
31,85,negative-to-zero,ifs,FALSE,20,elitize_generation_data,30,12,0.08,NA
32,85,negative-to-zero,ifs,FALSE,20,elitize_generation_data,31,15,0.075,NA
33,85,negative-to-zero,ifs,FALSE,20,elitize_generation_data,32,10,0.083,NA
34,85,negative-to-zero,ifs,FALSE,20,elitize_generation_data,33,17,0.098,NA
35,85,negative-to-zero,ifs,FALSE,20,elitize_generation_data,34,13,0.121,NA
36,85,negative-to-zero,ifs,FALSE,20,elitize_generation_data,35,11,0.152,NA
37,85,negative-to-zero,ifs,FALSE,20,elitize_generation_data,36,13,0.155,NA
38,85,negative-to-zero,ifs,FALSE,20,elitize_generation_data,37,16,0.19,NA
39,85,negative-to-zero,ifs,FALSE,20,elitize_generation_data,38,11,0.183,NA
40,85,negative-to-zero,ifs,FALSE,20,elitize_generation_data,39,12,0.162,NA
41,85,negative-to-zero,ifs,FALSE,20,elitize_generation_data,40,12,0.162,NA
42,85,negative-to-zero,ifs,FALSE,20,elitize_generation_data,41,9,0.187,NA
43,85,negative-to-zero,ifs,FALSE,20,elitize_generation_data,42,8,0.169,NA
44,85,negative-to-zero,ifs,FALSE,20,elitize_generation_data,43,10,0.169,NA
45,85,negative-to-zero,ifs,FALSE,20,elitize_generation_data,44,9,0.163,NA
46,85,negative-to-zero,ifs,FALSE,20,elitize_generation_data,45,13,0.185,NA
47,85,negative-to-zero,ifs,FALSE,20,elitize_generation_data,46,11,0.176,NA
48,85,negative-to-zero,ifs,FALSE,20,elitize_generation_data,47,14,0.233,NA
49,85,negative-to-zero,ifs,FALSE,20,elitize_generation_data,48,13,0.223,NA
50,85,negative-to-zero,ifs,FALSE,20,elitize_generation_data,49,15,0.207,NA
51,85,negative-to-zero,ifs,FALSE,20,elitize_generation_data,50,14,0.189,NA
52,85,negative-to-zero,ifs,FALSE,20,elitize_generation_data,51,11,0.214,NA
53,85,negative-to-zero,ifs,FALSE,20,elitize_generation_data,52,15,0.238,NA
54,85,negative-to-zero,ifs,FALSE,20,elitize_generation_data,53,14,0.253,NA
55,85,negative-to-zero,ifs,FALSE,20,elitize_generation_data,54,12,0.263,NA
56,85,negative-to-zero,ifs,FALSE,20,elitize_generation_data,55,10,0.211,NA
57,85,negative-to-zero,ifs,FALSE,20,elitize_generation_data,56,12,0.177,NA
58,85,negative-to-zero,ifs,FALSE,20,elitize_generation_data,57,10,0.163,NA
59,85,negative-to-zero,ifs,FALSE,20,elitize_generation_data,58,11,0.167,NA
60,85,negative-to-zero,ifs,FALSE,20,elitize_generation_data,59,13,0.178,NA
61,85,negative-to-zero,ifs,FALSE,20,elitize_generation_data,60,12,0.174,NA
62,85,negative-to-zero,ifs,FALSE,20,elitize_generation_data,61,9,0.158,NA
63,85,negative-to-zero,ifs,FALSE,20,elitize_generation_data,62,10,0.154,NA
64,85,negative-to-zero,ifs,FALSE,20,elitize_generation_data,63,12,0.127,NA
65,85,negative-to-zero,ifs,FALSE,20,elitize_generation_data,64,10,0.142,NA
66,85,negative-to-zero,ifs,FALSE,20,elitize_generation_data,65,10,0.168,NA
67,85,negative-to-zero,ifs,FALSE,20,elitize_generation_data,66,10,0.195,NA
68,85,negative-to-zero,ifs,FALSE,20,elitize_generation_data,67,17,0.178,NA
69,85,negative-to-zero,ifs,FALSE,20,elitize_generation_data,68,9,0.178,NA
70,85,negative-to-zero,ifs,FALSE,20,elitize_generation_data,69,9,0.13,NA
71,85,negative-to-zero,ifs,FALSE,20,elitize_generation_data,70,11,0.078,NA
72,85,negative-to-zero,ifs,FALSE,20,elitize_generation_data,71,11,0.078,NA
73,85,negative-to-zero,ifs,FALSE,20,elitize_generation_data,72,8,0.102,NA
74,85,negative-to-zero,ifs,FALSE,20,elitize_generation_data,73,9,0.086,NA
75,85,negative-to-zero,ifs,FALSE,20,elitize_generation_data,74,10,0.064,NA
76,85,negative-to-zero,ifs,FALSE,20,elitize_generation_data,75,8,0.066,NA
77,85,negative-to-zero,ifs,FALSE,20,elitize_generation_data,76,10,0.06,NA
78,85,negative-to-zero,ifs,FALSE,20,elitize_generation_data,77,9,0.071,NA
79,85,negative-to-zero,ifs,FALSE,20,elitize_generation_data,78,10,0.072,NA
80,85,negative-to-zero,ifs,FALSE,20,elitize_generation_data,79,11,0.069,NA
81,85,negative-to-zero,ifs,FALSE,20,elitize_generation_data,80,8,0.083,NA
82,85,negative-to-zero,ifs,FALSE,20,elitize_generation_data,81,10,0.096,NA
83,85,negative-to-zero,ifs,FALSE,20,elitize_generation_data,82,11,0.141,NA
84,85,negative-to-zero,ifs,FALSE,20,elitize_generation_data,83,12,0.168,NA
85,85,negative-to-zero,ifs,FALSE,20,elitize_generation_data,84,7,0.178,NA
86,85,negative-to-zero,ifs,FALSE,20,elitize_generation_data,85,12,0.207,NA
87,85,negative-to-zero,ifs,FALSE,20,elitize_generation_data,86,18,0.308,NA
88,85,negative-to-zero,ifs,FALSE,20,elitize_generation_data,87,20,0.326,NA
89,85,negative-to-zero,ifs,FALSE,20,elitize_generation_data,88,16,0.335,NA
90,85,negative-to-zero,ifs,FALSE,20,elitize_generation_data,89,17,0.377,NA
91,85,negative-to-zero,ifs,FALSE,20,elitize_generation_data,90,16,0.427,NA
92,85,negative-to-zero,ifs,FALSE,20,elitize_generation_data,91,22,0.432,NA
93,85,negative-to-zero,ifs,FALSE,20,elitize_generation_data,92,17,0.452,NA
94,85,negative-to-zero,ifs,FALSE,20,elitize_generation_data,93,26,0.443,NA
95,85,negative-to-zero,ifs,FALSE,20,elitize_generation_data,94,21,0.462,NA
96,85,negative-to-zero,ifs,FALSE,20,elitize_generation_data,95,30,0.452,NA
97,85,negative-to-zero,ifs,FALSE,20,elitize_generation_data,96,26,0.453,NA
98,85,negative-to-zero,ifs,FALSE,20,elitize_generation_data,97,31,0.428,NA
99,85,negative-to-zero,ifs,FALSE,20,elitize_generation_data,98,27,0.466,NA
100,85,negative-to-zero,ifs,FALSE,20,elitize_generation_data,99,31,0.539,NA
101,85,negative-to-zero,ifs,FALSE,20,elitize_generation_data,100,40,0.588,NA
102,85,negative-to-zero,ifs,FALSE,20,elitize_generation_data,101,26,0.567,NA
103,85,negative-to-zero,ifs,FALSE,20,elitize_generation_data,102,31,0.574,NA
104,85,negative-to-zero,ifs,FALSE,20,elitize_generation_data,103,35,0.6,NA
105,85,negative-to-zero,ifs,FALSE,20,elitize_generation_data,104,40,0.569,NA
106,85,negative-to-zero,ifs,FALSE,20,elitize_generation_data,105,38,0.608,NA
107,85,negative-to-zero,ifs,FALSE,20,elitize_generation_data,106,34,0.593,NA
108,85,negative-to-zero,ifs,FALSE,20,elitize_generation_data,107,43,0.624,NA
109,85,negative-to-zero,ifs,FALSE,20,elitize_generation_data,108,51,0.626,NA
110,85,negative-to-zero,ifs,FALSE,20,elitize_generation_data,109,46,0.62,NA
111,85,negative-to-zero,ifs,FALSE,20,elitize_generation_data,110,54,0.645,NA
112,85,negative-to-zero,ifs,FALSE,20,elitize_generation_data,111,40,0.648,NA
113,85,negative-to-zero,ifs,FALSE,20,elitize_generation_data,112,53,0.661,NA
114,85,negative-to-zero,ifs,FALSE,20,elitize_generation_data,113,46,0.659,NA
115,85,negative-to-zero,ifs,FALSE,20,elitize_generation_data,114,49,0.651,NA
116,85,negative-to-zero,ifs,FALSE,20,elitize_generation_data,115,44,0.64,NA
117,85,negative-to-zero,ifs,FALSE,20,elitize_generation_data,116,52,0.672,NA
118,85,negative-to-zero,ifs,FALSE,20,elitize_generation_data,117,57,0.696,NA
119,85,negative-to-zero,ifs,FALSE,20,elitize_generation_data,118,59,0.693,NA
120,85,negative-to-zero,ifs,FALSE,20,elitize_generation_data,119,55,0.709,NA
121,85,negative-to-zero,ifs,FALSE,20,elitize_generation_data,120,59,0.721,NA
122,85,negative-to-zero,ifs,FALSE,20,elitize_generation_data,121,60,0.744,NA
123,85,negative-to-zero,ifs,FALSE,20,elitize_generation_data,122,69,0.751,NA
124,85,negative-to-zero,ifs,FALSE,20,elitize_generation_data,123,73,0.769,NA
125,85,negative-to-zero,ifs,FALSE,20,elitize_generation_data,124,67,0.776,NA
126,85,negative-to-zero,ifs,FALSE,20,elitize_generation_data,125,75,0.811,NA
127,85,negative-to-zero,ifs,FALSE,20,elitize_generation_data,126,70,0.825,NA
128,85,negative-to-zero,ifs,FALSE,20,elitize_generation_data,127,75,0.81,NA
129,85,negative-to-zero,ifs,FALSE,20,elitize_generation_data,128,71,0.806,NA
130,85,negative-to-zero,ifs,FALSE,20,elitize_generation_data,129,78,0.837,NA
131,85,negative-to-zero,ifs,FALSE,20,elitize_generation_data,130,78,0.837,NA
132,85,negative-to-zero,ifs,FALSE,20,elitize_generation_data,131,64,0.819,NA
133,85,negative-to-zero,ifs,FALSE,20,elitize_generation_data,132,68,0.821,NA
134,85,negative-to-zero,ifs,FALSE,20,elitize_generation_data,133,79,0.815,NA
135,85,negative-to-zero,ifs,FALSE,20,elitize_generation_data,134,66,0.825,NA
136,85,negative-to-zero,ifs,FALSE,20,elitize_generation_data,135,94,0.802,NA
137,85,negative-to-zero,ifs,FALSE,20,elitize_generation_data,136,85,0.813,NA
138,85,negative-to-zero,ifs,FALSE,20,elitize_generation_data,137,90,0.809,NA
139,85,negative-to-zero,ifs,FALSE,20,elitize_generation_data,138,70,0.818,NA
140,85,negative-to-zero,ifs,FALSE,20,elitize_generation_data,139,86,0.822,NA
141,85,negative-to-zero,ifs,FALSE,20,elitize_generation_data,140,86,0.849,NA
142,85,negative-to-zero,ifs,FALSE,20,elitize_generation_data,141,92,0.853,NA
143,85,negative-to-zero,ifs,FALSE,20,elitize_generation_data,142,89,0.854,NA
144,85,negative-to-zero,ifs,FALSE,20,elitize_generation_data,143,94,0.845,NA
145,85,negative-to-zero,ifs,FALSE,20,elitize_generation_data,144,106,0.85,NA
146,85,negative-to-zero,ifs,FALSE,20,elitize_generation_data,145,75,0.848,NA
147,85,negative-to-zero,ifs,FALSE,20,elitize_generation_data,146,96,0.87,NA
148,85,negative-to-zero,ifs,FALSE,20,elitize_generation_data,147,92,0.865,NA
149,85,negative-to-zero,ifs,FALSE,20,elitize_generation_data,148,100,0.863,NA
150,85,negative-to-zero,ifs,FALSE,20,elitize_generation_data,149,97,0.848,NA
151,85,negative-to-zero,ifs,FALSE,20,elitize_generation_data,150,89,0.869,NA
152,85,negative-to-zero,ifs,FALSE,20,elitize_generation_data,151,104,0.855,NA
153,85,negative-to-zero,ifs,FALSE,20,elitize_generation_data,152,87,0.876,NA
154,85,negative-to-zero,ifs,FALSE,20,elitize_generation_data,153,96,0.879,NA
155,85,negative-to-zero,ifs,FALSE,20,elitize_generation_data,154,109,0.868,NA
156,85,negative-to-zero,ifs,FALSE,20,elitize_generation_data,155,102,0.876,NA
157,85,negative-to-zero,ifs,FALSE,20,elitize_generation_data,156,107,0.877,NA
158,85,negative-to-zero,ifs,FALSE,20,elitize_generation_data,157,116,0.882,NA
159,85,negative-to-zero,ifs,FALSE,20,elitize_generation_data,158,111,0.873,NA
160,85,negative-to-zero,ifs,FALSE,20,elitize_generation_data,159,111,0.872,NA
161,85,negative-to-zero,ifs,FALSE,20,elitize_generation_data,160,95,0.889,NA
162,85,negative-to-zero,ifs,FALSE,20,elitize_generation_data,161,95,0.876,NA
163,85,negative-to-zero,ifs,FALSE,20,elitize_generation_data,162,103,0.895,NA
164,85,negative-to-zero,ifs,FALSE,20,elitize_generation_data,163,98,0.893,NA
165,85,negative-to-zero,ifs,FALSE,20,elitize_generation_data,164,122,0.897,NA
166,85,negative-to-zero,ifs,FALSE,20,elitize_generation_data,165,111,0.885,NA
167,85,negative-to-zero,ifs,FALSE,20,elitize_generation_data,166,109,0.885,NA
168,85,negative-to-zero,ifs,FALSE,20,elitize_generation_data,167,119,0.89,NA
169,85,negative-to-zero,ifs,FALSE,20,elitize_generation_data,168,119,0.896,NA
170,85,negative-to-zero,ifs,FALSE,20,elitize_generation_data,169,99,0.889,NA
171,85,negative-to-zero,ifs,FALSE,20,elitize_generation_data,170,109,0.906,NA
172,85,negative-to-zero,ifs,FALSE,20,elitize_generation_data,171,112,0.905,NA
173,85,negative-to-zero,ifs,FALSE,20,elitize_generation_data,172,110,0.882,NA
174,85,negative-to-zero,ifs,FALSE,20,elitize_generation_data,173,100,0.892,NA
175,85,negative-to-zero,ifs,FALSE,20,elitize_generation_data,174,107,0.907,NA
176,85,negative-to-zero,ifs,FALSE,20,elitize_generation_data,175,105,0.904,NA
177,85,negative-to-zero,ifs,FALSE,20,elitize_generation_data,176,119,0.909,NA
178,85,negative-to-zero,ifs,FALSE,20,elitize_generation_data,177,123,0.912,NA
179,85,negative-to-zero,ifs,FALSE,20,elitize_generation_data,178,129,0.914,NA
180,85,negative-to-zero,ifs,FALSE,20,elitize_generation_data,179,125,0.924,NA
181,85,negative-to-zero,ifs,FALSE,20,elitize_generation_data,180,123,0.904,NA
182,85,negative-to-zero,ifs,FALSE,20,elitize_generation_data,181,127,0.916,NA
183,85,negative-to-zero,ifs,FALSE,20,elitize_generation_data,182,112,0.898,NA
184,85,negative-to-zero,ifs,FALSE,20,elitize_generation_data,183,119,0.903,NA
185,85,negative-to-zero,ifs,FALSE,20,elitize_generation_data,184,146,0.901,NA
186,85,negative-to-zero,ifs,FALSE,20,elitize_generation_data,185,135,0.886,NA
187,85,negative-to-zero,ifs,FALSE,20,elitize_generation_data,186,132,0.896,NA
188,85,negative-to-zero,ifs,FALSE,20,elitize_generation_data,187,136,0.892,NA
189,85,negative-to-zero,ifs,FALSE,20,elitize_generation_data,188,129,0.907,NA
190,85,negative-to-zero,ifs,FALSE,20,elitize_generation_data,189,148,0.915,NA
191,85,negative-to-zero,ifs,FALSE,20,elitize_generation_data,190,141,0.877,NA
192,85,negative-to-zero,ifs,FALSE,20,elitize_generation_data,191,133,0.916,NA
193,85,negative-to-zero,ifs,FALSE,20,elitize_generation_data,192,143,0.902,NA
194,85,negative-to-zero,ifs,FALSE,20,elitize_generation_data,193,146,0.898,NA
195,85,negative-to-zero,ifs,FALSE,20,elitize_generation_data,194,151,0.89,NA
196,85,negative-to-zero,ifs,FALSE,20,elitize_generation_data,195,149,0.892,NA
197,85,negative-to-zero,ifs,FALSE,20,elitize_generation_data,196,144,0.91,NA
198,85,negative-to-zero,ifs,FALSE,20,elitize_generation_data,197,151,0.904,NA
199,85,negative-to-zero,ifs,FALSE,20,elitize_generation_data,198,147,0.899,NA
200,85,negative-to-zero,ifs,FALSE,20,elitize_generation_data,199,137,0.882,NA
201,85,negative-to-zero,ifs,FALSE,20,elitize_generation_data,200,149,0.915,NA
202,85,negative-to-zero,ifs,FALSE,20,elitize_generation_data,201,157,0.908,NA
203,85,negative-to-zero,ifs,FALSE,20,elitize_generation_data,202,134,0.906,NA
204,85,negative-to-zero,ifs,FALSE,20,elitize_generation_data,203,130,0.909,NA
205,85,negative-to-zero,ifs,FALSE,20,elitize_generation_data,204,141,0.915,NA
206,85,negative-to-zero,ifs,FALSE,20,elitize_generation_data,205,141,0.925,NA
207,85,negative-to-zero,ifs,FALSE,20,elitize_generation_data,206,147,0.912,NA
208,85,negative-to-zero,ifs,FALSE,20,elitize_generation_data,207,146,0.92,NA
209,85,negative-to-zero,ifs,FALSE,20,elitize_generation_data,208,160,0.927,NA
210,85,negative-to-zero,ifs,FALSE,20,elitize_generation_data,209,150,0.923,NA
211,85,negative-to-zero,ifs,FALSE,20,elitize_generation_data,210,153,0.933,NA
212,85,negative-to-zero,ifs,FALSE,20,elitize_generation_data,211,134,0.916,NA
213,85,negative-to-zero,ifs,FALSE,20,elitize_generation_data,212,120,0.923,NA
214,85,negative-to-zero,ifs,FALSE,20,elitize_generation_data,213,143,0.936,NA
215,85,negative-to-zero,ifs,FALSE,20,elitize_generation_data,214,153,0.926,NA
216,85,negative-to-zero,ifs,FALSE,20,elitize_generation_data,215,128,0.918,NA
217,85,negative-to-zero,ifs,FALSE,20,elitize_generation_data,216,145,0.922,NA
218,85,negative-to-zero,ifs,FALSE,20,elitize_generation_data,217,136,0.916,NA
219,85,negative-to-zero,ifs,FALSE,20,elitize_generation_data,218,131,0.935,NA
220,85,negative-to-zero,ifs,FALSE,20,elitize_generation_data,219,152,0.926,NA
221,85,negative-to-zero,ifs,FALSE,20,elitize_generation_data,220,162,0.926,NA
222,85,negative-to-zero,ifs,FALSE,20,elitize_generation_data,221,170,0.916,NA
223,85,negative-to-zero,ifs,FALSE,20,elitize_generation_data,222,187,0.908,NA
224,85,negative-to-zero,ifs,FALSE,20,elitize_generation_data,223,198,0.91,NA
225,85,negative-to-zero,ifs,FALSE,20,elitize_generation_data,224,223,0.869,NA
226,85,negative-to-zero,ifs,FALSE,20,elitize_generation_data,225,236,0.884,NA
227,85,negative-to-zero,ifs,FALSE,20,elitize_generation_data,226,227,0.872,NA
228,85,negative-to-zero,ifs,FALSE,20,elitize_generation_data,227,241,0.884,NA
229,85,negative-to-zero,ifs,FALSE,20,elitize_generation_data,228,258,0.892,NA
230,85,negative-to-zero,ifs,FALSE,20,elitize_generation_data,229,274,0.895,NA
231,85,negative-to-zero,ifs,FALSE,20,elitize_generation_data,230,291,0.86,NA
232,85,negative-to-zero,ifs,FALSE,20,elitize_generation_data,231,304,0.86,NA
233,85,negative-to-zero,ifs,FALSE,20,elitize_generation_data,232,264,0.834,NA
234,85,negative-to-zero,ifs,FALSE,20,elitize_generation_data,233,239,0.825,NA
235,85,negative-to-zero,ifs,FALSE,20,elitize_generation_data,234,257,0.835,NA
236,85,negative-to-zero,ifs,FALSE,20,elitize_generation_data,235,261,0.827,NA
237,85,negative-to-zero,ifs,FALSE,20,elitize_generation_data,236,280,0.845,NA
238,85,negative-to-zero,ifs,FALSE,20,elitize_generation_data,237,246,0.85,NA
239,85,negative-to-zero,ifs,FALSE,20,elitize_generation_data,238,279,0.842,NA
240,85,negative-to-zero,ifs,FALSE,20,elitize_generation_data,239,280,0.826,NA
241,85,negative-to-zero,ifs,FALSE,20,elitize_generation_data,240,281,0.842,NA
242,85,negative-to-zero,ifs,FALSE,20,elitize_generation_data,241,299,0.857,NA
243,85,negative-to-zero,ifs,FALSE,20,elitize_generation_data,242,280,0.811,NA
244,85,negative-to-zero,ifs,FALSE,20,elitize_generation_data,243,306,0.846,NA
245,85,negative-to-zero,ifs,FALSE,20,elitize_generation_data,244,284,0.843,NA
246,85,negative-to-zero,ifs,FALSE,20,elitize_generation_data,245,293,0.851,NA
247,85,negative-to-zero,ifs,FALSE,20,elitize_generation_data,246,304,0.844,NA
248,85,negative-to-zero,ifs,FALSE,20,elitize_generation_data,247,291,0.818,NA
249,85,negative-to-zero,ifs,FALSE,20,elitize_generation_data,248,294,0.813,NA
250,85,negative-to-zero,ifs,FALSE,20,elitize_generation_data,249,297,0.815,NA
251,85,negative-to-zero,ifs,FALSE,20,elitize_generation_data,250,304,0.811,NA
252,85,negative-to-zero,ifs,FALSE,20,elitize_generation_data,251,293,0.795,NA
253,85,negative-to-zero,ifs,FALSE,20,elitize_generation_data,252,299,0.814,NA
254,85,negative-to-zero,ifs,FALSE,20,elitize_generation_data,253,293,0.817,NA
255,85,negative-to-zero,ifs,FALSE,20,elitize_generation_data,254,282,0.81,NA
256,85,negative-to-zero,ifs,FALSE,20,elitize_generation_data,255,297,0.805,NA
257,85,negative-to-zero,ifs,FALSE,20,elitize_generation_data,256,295,0.826,NA
258,85,negative-to-zero,ifs,FALSE,20,elitize_generation_data,257,310,0.803,NA
259,85,negative-to-zero,ifs,FALSE,20,elitize_generation_data,258,300,0.82,NA
260,85,negative-to-zero,ifs,FALSE,20,elitize_generation_data,259,299,0.811,NA
261,85,negative-to-zero,ifs,FALSE,20,elitize_generation_data,260,298,0.811,NA
262,85,negative-to-zero,ifs,FALSE,20,elitize_generation_data,261,282,0.827,NA
263,85,negative-to-zero,ifs,FALSE,20,elitize_generation_data,262,293,0.85,NA
264,85,negative-to-zero,ifs,FALSE,20,elitize_generation_data,263,286,0.834,NA
265,85,negative-to-zero,ifs,FALSE,20,elitize_generation_data,264,276,0.835,NA
266,85,negative-to-zero,ifs,FALSE,20,elitize_generation_data,265,316,0.828,NA
267,85,negative-to-zero,ifs,FALSE,20,elitize_generation_data,266,304,0.84,NA
268,85,negative-to-zero,ifs,FALSE,20,elitize_generation_data,267,295,0.825,NA
269,85,negative-to-zero,ifs,FALSE,20,elitize_generation_data,268,287,0.807,NA
270,85,negative-to-zero,ifs,FALSE,20,elitize_generation_data,269,285,0.813,NA
271,85,negative-to-zero,ifs,FALSE,20,elitize_generation_data,270,274,0.791,NA
272,85,negative-to-zero,ifs,FALSE,20,elitize_generation_data,271,289,0.803,NA
273,85,negative-to-zero,ifs,FALSE,20,elitize_generation_data,272,267,0.799,NA
274,85,negative-to-zero,ifs,FALSE,20,elitize_generation_data,273,265,0.787,NA
275,85,negative-to-zero,ifs,FALSE,20,elitize_generation_data,274,265,0.796,NA
276,85,negative-to-zero,ifs,FALSE,20,elitize_generation_data,275,239,0.772,NA
277,85,negative-to-zero,ifs,FALSE,20,elitize_generation_data,276,243,0.8,NA
278,85,negative-to-zero,ifs,FALSE,20,elitize_generation_data,277,242,0.81,NA
279,85,negative-to-zero,ifs,FALSE,20,elitize_generation_data,278,221,0.813,NA
280,85,negative-to-zero,ifs,FALSE,20,elitize_generation_data,279,237,0.829,NA
281,85,negative-to-zero,ifs,FALSE,20,elitize_generation_data,280,249,0.826,NA
282,85,negative-to-zero,ifs,FALSE,20,elitize_generation_data,281,235,0.84,NA
283,85,negative-to-zero,ifs,FALSE,20,elitize_generation_data,282,253,0.832,NA
284,85,negative-to-zero,ifs,FALSE,20,elitize_generation_data,283,257,0.852,NA
285,85,negative-to-zero,ifs,FALSE,20,elitize_generation_data,284,262,0.837,NA
286,85,negative-to-zero,ifs,FALSE,20,elitize_generation_data,285,250,0.832,NA
287,85,negative-to-zero,ifs,FALSE,20,elitize_generation_data,286,267,0.834,NA
288,85,negative-to-zero,ifs,FALSE,20,elitize_generation_data,287,256,0.842,NA
289,85,negative-to-zero,ifs,FALSE,20,elitize_generation_data,288,251,0.824,NA
290,85,negative-to-zero,ifs,FALSE,20,elitize_generation_data,289,241,0.807,NA
291,85,negative-to-zero,ifs,FALSE,20,elitize_generation_data,290,247,0.828,NA
292,85,negative-to-zero,ifs,FALSE,20,elitize_generation_data,291,241,0.829,NA
293,85,negative-to-zero,ifs,FALSE,20,elitize_generation_data,292,253,0.809,NA
294,85,negative-to-zero,ifs,FALSE,20,elitize_generation_data,293,246,0.826,NA
295,85,negative-to-zero,ifs,FALSE,20,elitize_generation_data,294,250,0.846,NA
296,85,negative-to-zero,ifs,FALSE,20,elitize_generation_data,295,263,0.833,NA
297,85,negative-to-zero,ifs,FALSE,20,elitize_generation_data,296,236,0.814,NA
298,85,negative-to-zero,ifs,FALSE,20,elitize_generation_data,297,245,0.822,NA
299,85,negative-to-zero,ifs,FALSE,20,elitize_generation_data,298,239,0.816,NA
300,85,negative-to-zero,ifs,FALSE,20,elitize_generation_data,299,235,0.827,NA
301,85,negative-to-zero,ifs,FALSE,20,elitize_generation_data,300,227,0.781,NA
