,run.num,problem,treatment,succeeded,height,normalization.function,generation,cluster.count,error.diversity,success.generation
1,68,negative-to-zero,ifs,FALSE,20,elitize_generation_data,0,8,0.037,NA
2,68,negative-to-zero,ifs,FALSE,20,elitize_generation_data,1,15,0.059,NA
3,68,negative-to-zero,ifs,FALSE,20,elitize_generation_data,2,11,0.032,NA
4,68,negative-to-zero,ifs,FALSE,20,elitize_generation_data,3,7,0.019,NA
5,68,negative-to-zero,ifs,FALSE,20,elitize_generation_data,4,10,0.022,NA
6,68,negative-to-zero,ifs,FALSE,20,elitize_generation_data,5,8,0.017,NA
7,68,negative-to-zero,ifs,FALSE,20,elitize_generation_data,6,8,0.014,NA
8,68,negative-to-zero,ifs,FALSE,20,elitize_generation_data,7,6,0.016,NA
9,68,negative-to-zero,ifs,FALSE,20,elitize_generation_data,8,9,0.019,NA
10,68,negative-to-zero,ifs,FALSE,20,elitize_generation_data,9,8,0.018,NA
11,68,negative-to-zero,ifs,FALSE,20,elitize_generation_data,10,4,0.013,NA
12,68,negative-to-zero,ifs,FALSE,20,elitize_generation_data,11,8,0.013,NA
13,68,negative-to-zero,ifs,FALSE,20,elitize_generation_data,12,7,0.011,NA
14,68,negative-to-zero,ifs,FALSE,20,elitize_generation_data,13,5,0.015,NA
15,68,negative-to-zero,ifs,FALSE,20,elitize_generation_data,14,10,0.016,NA
16,68,negative-to-zero,ifs,FALSE,20,elitize_generation_data,15,7,0.016,NA
17,68,negative-to-zero,ifs,FALSE,20,elitize_generation_data,16,6,0.009,NA
18,68,negative-to-zero,ifs,FALSE,20,elitize_generation_data,17,7,0.012,NA
19,68,negative-to-zero,ifs,FALSE,20,elitize_generation_data,18,5,0.008,NA
20,68,negative-to-zero,ifs,FALSE,20,elitize_generation_data,19,6,0.006,NA
21,68,negative-to-zero,ifs,FALSE,20,elitize_generation_data,20,8,0.011,NA
22,68,negative-to-zero,ifs,FALSE,20,elitize_generation_data,21,8,0.012,NA
23,68,negative-to-zero,ifs,FALSE,20,elitize_generation_data,22,6,0.013,NA
24,68,negative-to-zero,ifs,FALSE,20,elitize_generation_data,23,7,0.016,NA
25,68,negative-to-zero,ifs,FALSE,20,elitize_generation_data,24,7,0.014,NA
26,68,negative-to-zero,ifs,FALSE,20,elitize_generation_data,25,11,0.02,NA
27,68,negative-to-zero,ifs,FALSE,20,elitize_generation_data,26,8,0.013,NA
28,68,negative-to-zero,ifs,FALSE,20,elitize_generation_data,27,10,0.016,NA
29,68,negative-to-zero,ifs,FALSE,20,elitize_generation_data,28,6,0.012,NA
30,68,negative-to-zero,ifs,FALSE,20,elitize_generation_data,29,10,0.012,NA
31,68,negative-to-zero,ifs,FALSE,20,elitize_generation_data,30,9,0.014,NA
32,68,negative-to-zero,ifs,FALSE,20,elitize_generation_data,31,6,0.01,NA
33,68,negative-to-zero,ifs,FALSE,20,elitize_generation_data,32,6,0.017,NA
34,68,negative-to-zero,ifs,FALSE,20,elitize_generation_data,33,8,0.011,NA
35,68,negative-to-zero,ifs,FALSE,20,elitize_generation_data,34,7,0.011,NA
36,68,negative-to-zero,ifs,FALSE,20,elitize_generation_data,35,5,0.012,NA
37,68,negative-to-zero,ifs,FALSE,20,elitize_generation_data,36,8,0.014,NA
38,68,negative-to-zero,ifs,FALSE,20,elitize_generation_data,37,7,0.011,NA
39,68,negative-to-zero,ifs,FALSE,20,elitize_generation_data,38,6,0.009,NA
40,68,negative-to-zero,ifs,FALSE,20,elitize_generation_data,39,4,0.013,NA
41,68,negative-to-zero,ifs,FALSE,20,elitize_generation_data,40,5,0.009,NA
42,68,negative-to-zero,ifs,FALSE,20,elitize_generation_data,41,8,0.011,NA
43,68,negative-to-zero,ifs,FALSE,20,elitize_generation_data,42,5,0.013,NA
44,68,negative-to-zero,ifs,FALSE,20,elitize_generation_data,43,5,0.012,NA
45,68,negative-to-zero,ifs,FALSE,20,elitize_generation_data,44,4,0.01,NA
46,68,negative-to-zero,ifs,FALSE,20,elitize_generation_data,45,5,0.006,NA
47,68,negative-to-zero,ifs,FALSE,20,elitize_generation_data,46,5,0.007,NA
48,68,negative-to-zero,ifs,FALSE,20,elitize_generation_data,47,4,0.009,NA
49,68,negative-to-zero,ifs,FALSE,20,elitize_generation_data,48,6,0.008,NA
50,68,negative-to-zero,ifs,FALSE,20,elitize_generation_data,49,6,0.009,NA
51,68,negative-to-zero,ifs,FALSE,20,elitize_generation_data,50,5,0.009,NA
52,68,negative-to-zero,ifs,FALSE,20,elitize_generation_data,51,5,0.007,NA
53,68,negative-to-zero,ifs,FALSE,20,elitize_generation_data,52,6,0.008,NA
54,68,negative-to-zero,ifs,FALSE,20,elitize_generation_data,53,6,0.014,NA
55,68,negative-to-zero,ifs,FALSE,20,elitize_generation_data,54,3,0.009,NA
56,68,negative-to-zero,ifs,FALSE,20,elitize_generation_data,55,7,0.011,NA
57,68,negative-to-zero,ifs,FALSE,20,elitize_generation_data,56,5,0.007,NA
58,68,negative-to-zero,ifs,FALSE,20,elitize_generation_data,57,4,0.009,NA
59,68,negative-to-zero,ifs,FALSE,20,elitize_generation_data,58,4,0.007,NA
60,68,negative-to-zero,ifs,FALSE,20,elitize_generation_data,59,6,0.009,NA
61,68,negative-to-zero,ifs,FALSE,20,elitize_generation_data,60,7,0.012,NA
62,68,negative-to-zero,ifs,FALSE,20,elitize_generation_data,61,5,0.009,NA
63,68,negative-to-zero,ifs,FALSE,20,elitize_generation_data,62,6,0.01,NA
64,68,negative-to-zero,ifs,FALSE,20,elitize_generation_data,63,5,0.009,NA
65,68,negative-to-zero,ifs,FALSE,20,elitize_generation_data,64,4,0.009,NA
66,68,negative-to-zero,ifs,FALSE,20,elitize_generation_data,65,4,0.008,NA
67,68,negative-to-zero,ifs,FALSE,20,elitize_generation_data,66,5,0.006,NA
68,68,negative-to-zero,ifs,FALSE,20,elitize_generation_data,67,4,0.008,NA
69,68,negative-to-zero,ifs,FALSE,20,elitize_generation_data,68,4,0.005,NA
70,68,negative-to-zero,ifs,FALSE,20,elitize_generation_data,69,4,0.006,NA
71,68,negative-to-zero,ifs,FALSE,20,elitize_generation_data,70,6,0.007,NA
72,68,negative-to-zero,ifs,FALSE,20,elitize_generation_data,71,5,0.007,NA
73,68,negative-to-zero,ifs,FALSE,20,elitize_generation_data,72,4,0.007,NA
74,68,negative-to-zero,ifs,FALSE,20,elitize_generation_data,73,5,0.008,NA
75,68,negative-to-zero,ifs,FALSE,20,elitize_generation_data,74,3,0.005,NA
76,68,negative-to-zero,ifs,FALSE,20,elitize_generation_data,75,3,0.005,NA
77,68,negative-to-zero,ifs,FALSE,20,elitize_generation_data,76,4,0.008,NA
78,68,negative-to-zero,ifs,FALSE,20,elitize_generation_data,77,3,0.005,NA
79,68,negative-to-zero,ifs,FALSE,20,elitize_generation_data,78,4,0.008,NA
80,68,negative-to-zero,ifs,FALSE,20,elitize_generation_data,79,4,0.008,NA
81,68,negative-to-zero,ifs,FALSE,20,elitize_generation_data,80,4,0.007,NA
82,68,negative-to-zero,ifs,FALSE,20,elitize_generation_data,81,3,0.004,NA
83,68,negative-to-zero,ifs,FALSE,20,elitize_generation_data,82,3,0.005,NA
84,68,negative-to-zero,ifs,FALSE,20,elitize_generation_data,83,3,0.007,NA
85,68,negative-to-zero,ifs,FALSE,20,elitize_generation_data,84,4,0.007,NA
86,68,negative-to-zero,ifs,FALSE,20,elitize_generation_data,85,4,0.004,NA
87,68,negative-to-zero,ifs,FALSE,20,elitize_generation_data,86,3,0.005,NA
88,68,negative-to-zero,ifs,FALSE,20,elitize_generation_data,87,4,0.006,NA
89,68,negative-to-zero,ifs,FALSE,20,elitize_generation_data,88,3,0.006,NA
90,68,negative-to-zero,ifs,FALSE,20,elitize_generation_data,89,3,0.004,NA
91,68,negative-to-zero,ifs,FALSE,20,elitize_generation_data,90,3,0.004,NA
92,68,negative-to-zero,ifs,FALSE,20,elitize_generation_data,91,4,0.005,NA
93,68,negative-to-zero,ifs,FALSE,20,elitize_generation_data,92,2,0.002,NA
94,68,negative-to-zero,ifs,FALSE,20,elitize_generation_data,93,3,0.004,NA
95,68,negative-to-zero,ifs,FALSE,20,elitize_generation_data,94,4,0.005,NA
96,68,negative-to-zero,ifs,FALSE,20,elitize_generation_data,95,3,0.004,NA
97,68,negative-to-zero,ifs,FALSE,20,elitize_generation_data,96,5,0.006,NA
98,68,negative-to-zero,ifs,FALSE,20,elitize_generation_data,97,3,0.004,NA
99,68,negative-to-zero,ifs,FALSE,20,elitize_generation_data,98,4,0.006,NA
100,68,negative-to-zero,ifs,FALSE,20,elitize_generation_data,99,2,0.004,NA
101,68,negative-to-zero,ifs,FALSE,20,elitize_generation_data,100,3,0.005,NA
102,68,negative-to-zero,ifs,FALSE,20,elitize_generation_data,101,3,0.005,NA
103,68,negative-to-zero,ifs,FALSE,20,elitize_generation_data,102,3,0.005,NA
104,68,negative-to-zero,ifs,FALSE,20,elitize_generation_data,103,4,0.006,NA
105,68,negative-to-zero,ifs,FALSE,20,elitize_generation_data,104,3,0.003,NA
106,68,negative-to-zero,ifs,FALSE,20,elitize_generation_data,105,2,0.003,NA
107,68,negative-to-zero,ifs,FALSE,20,elitize_generation_data,106,4,0.005,NA
108,68,negative-to-zero,ifs,FALSE,20,elitize_generation_data,107,3,0.004,NA
109,68,negative-to-zero,ifs,FALSE,20,elitize_generation_data,108,4,0.004,NA
110,68,negative-to-zero,ifs,FALSE,20,elitize_generation_data,109,4,0.005,NA
111,68,negative-to-zero,ifs,FALSE,20,elitize_generation_data,110,4,0.007,NA
112,68,negative-to-zero,ifs,FALSE,20,elitize_generation_data,111,3,0.004,NA
113,68,negative-to-zero,ifs,FALSE,20,elitize_generation_data,112,3,0.003,NA
114,68,negative-to-zero,ifs,FALSE,20,elitize_generation_data,113,3,0.004,NA
115,68,negative-to-zero,ifs,FALSE,20,elitize_generation_data,114,4,0.004,NA
116,68,negative-to-zero,ifs,FALSE,20,elitize_generation_data,115,3,0.005,NA
117,68,negative-to-zero,ifs,FALSE,20,elitize_generation_data,116,3,0.006,NA
118,68,negative-to-zero,ifs,FALSE,20,elitize_generation_data,117,3,0.003,NA
119,68,negative-to-zero,ifs,FALSE,20,elitize_generation_data,118,3,0.003,NA
120,68,negative-to-zero,ifs,FALSE,20,elitize_generation_data,119,2,0.003,NA
121,68,negative-to-zero,ifs,FALSE,20,elitize_generation_data,120,3,0.006,NA
122,68,negative-to-zero,ifs,FALSE,20,elitize_generation_data,121,2,0.003,NA
123,68,negative-to-zero,ifs,FALSE,20,elitize_generation_data,122,3,0.003,NA
124,68,negative-to-zero,ifs,FALSE,20,elitize_generation_data,123,3,0.004,NA
125,68,negative-to-zero,ifs,FALSE,20,elitize_generation_data,124,4,0.006,NA
126,68,negative-to-zero,ifs,FALSE,20,elitize_generation_data,125,3,0.005,NA
127,68,negative-to-zero,ifs,FALSE,20,elitize_generation_data,126,2,0.002,NA
128,68,negative-to-zero,ifs,FALSE,20,elitize_generation_data,127,3,0.006,NA
129,68,negative-to-zero,ifs,FALSE,20,elitize_generation_data,128,3,0.005,NA
130,68,negative-to-zero,ifs,FALSE,20,elitize_generation_data,129,2,0.003,NA
131,68,negative-to-zero,ifs,FALSE,20,elitize_generation_data,130,3,0.004,NA
132,68,negative-to-zero,ifs,FALSE,20,elitize_generation_data,131,2,0.003,NA
133,68,negative-to-zero,ifs,FALSE,20,elitize_generation_data,132,2,0.002,NA
134,68,negative-to-zero,ifs,FALSE,20,elitize_generation_data,133,3,0.006,NA
135,68,negative-to-zero,ifs,FALSE,20,elitize_generation_data,134,2,0.004,NA
136,68,negative-to-zero,ifs,FALSE,20,elitize_generation_data,135,2,0.003,NA
137,68,negative-to-zero,ifs,FALSE,20,elitize_generation_data,136,3,0.004,NA
138,68,negative-to-zero,ifs,FALSE,20,elitize_generation_data,137,4,0.004,NA
139,68,negative-to-zero,ifs,FALSE,20,elitize_generation_data,138,3,0.003,NA
140,68,negative-to-zero,ifs,FALSE,20,elitize_generation_data,139,2,0.003,NA
141,68,negative-to-zero,ifs,FALSE,20,elitize_generation_data,140,2,0.002,NA
142,68,negative-to-zero,ifs,FALSE,20,elitize_generation_data,141,3,0.003,NA
143,68,negative-to-zero,ifs,FALSE,20,elitize_generation_data,142,3,0.005,NA
144,68,negative-to-zero,ifs,FALSE,20,elitize_generation_data,143,2,0.003,NA
145,68,negative-to-zero,ifs,FALSE,20,elitize_generation_data,144,4,0.004,NA
146,68,negative-to-zero,ifs,FALSE,20,elitize_generation_data,145,2,0.003,NA
147,68,negative-to-zero,ifs,FALSE,20,elitize_generation_data,146,3,0.006,NA
148,68,negative-to-zero,ifs,FALSE,20,elitize_generation_data,147,2,0.003,NA
149,68,negative-to-zero,ifs,FALSE,20,elitize_generation_data,148,2,0.002,NA
150,68,negative-to-zero,ifs,FALSE,20,elitize_generation_data,149,3,0.004,NA
151,68,negative-to-zero,ifs,FALSE,20,elitize_generation_data,150,2,0.003,NA
152,68,negative-to-zero,ifs,FALSE,20,elitize_generation_data,151,4,0.004,NA
153,68,negative-to-zero,ifs,FALSE,20,elitize_generation_data,152,2,0.002,NA
154,68,negative-to-zero,ifs,FALSE,20,elitize_generation_data,153,2,0.003,NA
155,68,negative-to-zero,ifs,FALSE,20,elitize_generation_data,154,4,0.004,NA
156,68,negative-to-zero,ifs,FALSE,20,elitize_generation_data,155,3,0.006,NA
157,68,negative-to-zero,ifs,FALSE,20,elitize_generation_data,156,3,0.003,NA
158,68,negative-to-zero,ifs,FALSE,20,elitize_generation_data,157,3,0.004,NA
159,68,negative-to-zero,ifs,FALSE,20,elitize_generation_data,158,3,0.004,NA
160,68,negative-to-zero,ifs,FALSE,20,elitize_generation_data,159,2,0.002,NA
161,68,negative-to-zero,ifs,FALSE,20,elitize_generation_data,160,2,0.002,NA
162,68,negative-to-zero,ifs,FALSE,20,elitize_generation_data,161,3,0.003,NA
163,68,negative-to-zero,ifs,FALSE,20,elitize_generation_data,162,3,0.004,NA
164,68,negative-to-zero,ifs,FALSE,20,elitize_generation_data,163,2,0.002,NA
165,68,negative-to-zero,ifs,FALSE,20,elitize_generation_data,164,4,0.005,NA
166,68,negative-to-zero,ifs,FALSE,20,elitize_generation_data,165,3,0.004,NA
167,68,negative-to-zero,ifs,FALSE,20,elitize_generation_data,166,3,0.003,NA
168,68,negative-to-zero,ifs,FALSE,20,elitize_generation_data,167,3,0.004,NA
169,68,negative-to-zero,ifs,FALSE,20,elitize_generation_data,168,3,0.004,NA
170,68,negative-to-zero,ifs,FALSE,20,elitize_generation_data,169,2,0.004,NA
171,68,negative-to-zero,ifs,FALSE,20,elitize_generation_data,170,2,0.003,NA
172,68,negative-to-zero,ifs,FALSE,20,elitize_generation_data,171,3,0.003,NA
173,68,negative-to-zero,ifs,FALSE,20,elitize_generation_data,172,2,0.002,NA
174,68,negative-to-zero,ifs,FALSE,20,elitize_generation_data,173,3,0.003,NA
175,68,negative-to-zero,ifs,FALSE,20,elitize_generation_data,174,2,0.002,NA
176,68,negative-to-zero,ifs,FALSE,20,elitize_generation_data,175,3,0.003,NA
177,68,negative-to-zero,ifs,FALSE,20,elitize_generation_data,176,3,0.004,NA
178,68,negative-to-zero,ifs,FALSE,20,elitize_generation_data,177,3,0.003,NA
179,68,negative-to-zero,ifs,FALSE,20,elitize_generation_data,178,2,0.002,NA
180,68,negative-to-zero,ifs,FALSE,20,elitize_generation_data,179,2,0.002,NA
181,68,negative-to-zero,ifs,FALSE,20,elitize_generation_data,180,2,0.002,NA
182,68,negative-to-zero,ifs,FALSE,20,elitize_generation_data,181,2,0.002,NA
183,68,negative-to-zero,ifs,FALSE,20,elitize_generation_data,182,4,0.005,NA
184,68,negative-to-zero,ifs,FALSE,20,elitize_generation_data,183,3,0.003,NA
185,68,negative-to-zero,ifs,FALSE,20,elitize_generation_data,184,3,0.005,NA
186,68,negative-to-zero,ifs,FALSE,20,elitize_generation_data,185,3,0.004,NA
187,68,negative-to-zero,ifs,FALSE,20,elitize_generation_data,186,3,0.003,NA
188,68,negative-to-zero,ifs,FALSE,20,elitize_generation_data,187,3,0.004,NA
189,68,negative-to-zero,ifs,FALSE,20,elitize_generation_data,188,2,0.003,NA
190,68,negative-to-zero,ifs,FALSE,20,elitize_generation_data,189,3,0.003,NA
191,68,negative-to-zero,ifs,FALSE,20,elitize_generation_data,190,2,0.002,NA
192,68,negative-to-zero,ifs,FALSE,20,elitize_generation_data,191,2,0.002,NA
193,68,negative-to-zero,ifs,FALSE,20,elitize_generation_data,192,3,0.004,NA
194,68,negative-to-zero,ifs,FALSE,20,elitize_generation_data,193,3,0.003,NA
195,68,negative-to-zero,ifs,FALSE,20,elitize_generation_data,194,4,0.005,NA
196,68,negative-to-zero,ifs,FALSE,20,elitize_generation_data,195,2,0.002,NA
197,68,negative-to-zero,ifs,FALSE,20,elitize_generation_data,196,3,0.003,NA
198,68,negative-to-zero,ifs,FALSE,20,elitize_generation_data,197,3,0.004,NA
199,68,negative-to-zero,ifs,FALSE,20,elitize_generation_data,198,3,0.004,NA
200,68,negative-to-zero,ifs,FALSE,20,elitize_generation_data,199,2,0.002,NA
201,68,negative-to-zero,ifs,FALSE,20,elitize_generation_data,200,3,0.004,NA
202,68,negative-to-zero,ifs,FALSE,20,elitize_generation_data,201,3,0.003,NA
203,68,negative-to-zero,ifs,FALSE,20,elitize_generation_data,202,2,0.003,NA
204,68,negative-to-zero,ifs,FALSE,20,elitize_generation_data,203,2,0.002,NA
205,68,negative-to-zero,ifs,FALSE,20,elitize_generation_data,204,5,0.006,NA
206,68,negative-to-zero,ifs,FALSE,20,elitize_generation_data,205,3,0.003,NA
207,68,negative-to-zero,ifs,FALSE,20,elitize_generation_data,206,4,0.004,NA
208,68,negative-to-zero,ifs,FALSE,20,elitize_generation_data,207,3,0.003,NA
209,68,negative-to-zero,ifs,FALSE,20,elitize_generation_data,208,2,0.002,NA
210,68,negative-to-zero,ifs,FALSE,20,elitize_generation_data,209,3,0.003,NA
211,68,negative-to-zero,ifs,FALSE,20,elitize_generation_data,210,3,0.004,NA
212,68,negative-to-zero,ifs,FALSE,20,elitize_generation_data,211,2,0.002,NA
213,68,negative-to-zero,ifs,FALSE,20,elitize_generation_data,212,3,0.004,NA
214,68,negative-to-zero,ifs,FALSE,20,elitize_generation_data,213,3,0.003,NA
215,68,negative-to-zero,ifs,FALSE,20,elitize_generation_data,214,3,0.004,NA
216,68,negative-to-zero,ifs,FALSE,20,elitize_generation_data,215,2,0.002,NA
217,68,negative-to-zero,ifs,FALSE,20,elitize_generation_data,216,2,0.002,NA
218,68,negative-to-zero,ifs,FALSE,20,elitize_generation_data,217,2,0.002,NA
219,68,negative-to-zero,ifs,FALSE,20,elitize_generation_data,218,2,0.002,NA
220,68,negative-to-zero,ifs,FALSE,20,elitize_generation_data,219,2,0.002,NA
221,68,negative-to-zero,ifs,FALSE,20,elitize_generation_data,220,2,0.002,NA
222,68,negative-to-zero,ifs,FALSE,20,elitize_generation_data,221,4,0.004,NA
223,68,negative-to-zero,ifs,FALSE,20,elitize_generation_data,222,3,0.004,NA
224,68,negative-to-zero,ifs,FALSE,20,elitize_generation_data,223,3,0.003,NA
225,68,negative-to-zero,ifs,FALSE,20,elitize_generation_data,224,2,0.002,NA
226,68,negative-to-zero,ifs,FALSE,20,elitize_generation_data,225,3,0.003,NA
227,68,negative-to-zero,ifs,FALSE,20,elitize_generation_data,226,3,0.003,NA
228,68,negative-to-zero,ifs,FALSE,20,elitize_generation_data,227,4,0.004,NA
229,68,negative-to-zero,ifs,FALSE,20,elitize_generation_data,228,4,0.004,NA
230,68,negative-to-zero,ifs,FALSE,20,elitize_generation_data,229,3,0.003,NA
231,68,negative-to-zero,ifs,FALSE,20,elitize_generation_data,230,3,0.003,NA
232,68,negative-to-zero,ifs,FALSE,20,elitize_generation_data,231,4,0.004,NA
233,68,negative-to-zero,ifs,FALSE,20,elitize_generation_data,232,2,0.002,NA
234,68,negative-to-zero,ifs,FALSE,20,elitize_generation_data,233,3,0.004,NA
235,68,negative-to-zero,ifs,FALSE,20,elitize_generation_data,234,3,0.004,NA
236,68,negative-to-zero,ifs,FALSE,20,elitize_generation_data,235,3,0.003,NA
237,68,negative-to-zero,ifs,FALSE,20,elitize_generation_data,236,3,0.003,NA
238,68,negative-to-zero,ifs,FALSE,20,elitize_generation_data,237,2,0.002,NA
239,68,negative-to-zero,ifs,FALSE,20,elitize_generation_data,238,2,0.003,NA
240,68,negative-to-zero,ifs,FALSE,20,elitize_generation_data,239,3,0.003,NA
241,68,negative-to-zero,ifs,FALSE,20,elitize_generation_data,240,3,0.003,NA
242,68,negative-to-zero,ifs,FALSE,20,elitize_generation_data,241,3,0.003,NA
243,68,negative-to-zero,ifs,FALSE,20,elitize_generation_data,242,2,0.002,NA
244,68,negative-to-zero,ifs,FALSE,20,elitize_generation_data,243,3,0.003,NA
245,68,negative-to-zero,ifs,FALSE,20,elitize_generation_data,244,2,0.002,NA
246,68,negative-to-zero,ifs,FALSE,20,elitize_generation_data,245,2,0.002,NA
247,68,negative-to-zero,ifs,FALSE,20,elitize_generation_data,246,2,0.002,NA
248,68,negative-to-zero,ifs,FALSE,20,elitize_generation_data,247,2,0.002,NA
249,68,negative-to-zero,ifs,FALSE,20,elitize_generation_data,248,2,0.002,NA
250,68,negative-to-zero,ifs,FALSE,20,elitize_generation_data,249,3,0.003,NA
251,68,negative-to-zero,ifs,FALSE,20,elitize_generation_data,250,3,0.004,NA
252,68,negative-to-zero,ifs,FALSE,20,elitize_generation_data,251,2,0.002,NA
253,68,negative-to-zero,ifs,FALSE,20,elitize_generation_data,252,3,0.003,NA
254,68,negative-to-zero,ifs,FALSE,20,elitize_generation_data,253,3,0.003,NA
255,68,negative-to-zero,ifs,FALSE,20,elitize_generation_data,254,4,0.004,NA
256,68,negative-to-zero,ifs,FALSE,20,elitize_generation_data,255,3,0.003,NA
257,68,negative-to-zero,ifs,FALSE,20,elitize_generation_data,256,2,0.002,NA
258,68,negative-to-zero,ifs,FALSE,20,elitize_generation_data,257,3,0.003,NA
259,68,negative-to-zero,ifs,FALSE,20,elitize_generation_data,258,2,0.002,NA
260,68,negative-to-zero,ifs,FALSE,20,elitize_generation_data,259,3,0.003,NA
261,68,negative-to-zero,ifs,FALSE,20,elitize_generation_data,260,2,0.003,NA
262,68,negative-to-zero,ifs,FALSE,20,elitize_generation_data,261,2,0.002,NA
263,68,negative-to-zero,ifs,FALSE,20,elitize_generation_data,262,2,0.003,NA
264,68,negative-to-zero,ifs,FALSE,20,elitize_generation_data,263,2,0.002,NA
265,68,negative-to-zero,ifs,FALSE,20,elitize_generation_data,264,3,0.003,NA
266,68,negative-to-zero,ifs,FALSE,20,elitize_generation_data,265,3,0.004,NA
267,68,negative-to-zero,ifs,FALSE,20,elitize_generation_data,266,2,0.003,NA
268,68,negative-to-zero,ifs,FALSE,20,elitize_generation_data,267,2,0.002,NA
269,68,negative-to-zero,ifs,FALSE,20,elitize_generation_data,268,2,0.002,NA
270,68,negative-to-zero,ifs,FALSE,20,elitize_generation_data,269,3,0.003,NA
271,68,negative-to-zero,ifs,FALSE,20,elitize_generation_data,270,2,0.002,NA
272,68,negative-to-zero,ifs,FALSE,20,elitize_generation_data,271,3,0.003,NA
273,68,negative-to-zero,ifs,FALSE,20,elitize_generation_data,272,2,0.004,NA
274,68,negative-to-zero,ifs,FALSE,20,elitize_generation_data,273,2,0.002,NA
275,68,negative-to-zero,ifs,FALSE,20,elitize_generation_data,274,2,0.002,NA
276,68,negative-to-zero,ifs,FALSE,20,elitize_generation_data,275,2,0.002,NA
277,68,negative-to-zero,ifs,FALSE,20,elitize_generation_data,276,2,0.002,NA
278,68,negative-to-zero,ifs,FALSE,20,elitize_generation_data,277,2,0.002,NA
279,68,negative-to-zero,ifs,FALSE,20,elitize_generation_data,278,2,0.002,NA
280,68,negative-to-zero,ifs,FALSE,20,elitize_generation_data,279,2,0.002,NA
281,68,negative-to-zero,ifs,FALSE,20,elitize_generation_data,280,2,0.002,NA
282,68,negative-to-zero,ifs,FALSE,20,elitize_generation_data,281,2,0.002,NA
283,68,negative-to-zero,ifs,FALSE,20,elitize_generation_data,282,2,0.002,NA
284,68,negative-to-zero,ifs,FALSE,20,elitize_generation_data,283,3,0.003,NA
285,68,negative-to-zero,ifs,FALSE,20,elitize_generation_data,284,2,0.002,NA
286,68,negative-to-zero,ifs,FALSE,20,elitize_generation_data,285,2,0.002,NA
287,68,negative-to-zero,ifs,FALSE,20,elitize_generation_data,286,2,0.002,NA
288,68,negative-to-zero,ifs,FALSE,20,elitize_generation_data,287,2,0.002,NA
289,68,negative-to-zero,ifs,FALSE,20,elitize_generation_data,288,2,0.002,NA
290,68,negative-to-zero,ifs,FALSE,20,elitize_generation_data,289,2,0.002,NA
291,68,negative-to-zero,ifs,FALSE,20,elitize_generation_data,290,2,0.002,NA
292,68,negative-to-zero,ifs,FALSE,20,elitize_generation_data,291,2,0.002,NA
293,68,negative-to-zero,ifs,FALSE,20,elitize_generation_data,292,2,0.002,NA
294,68,negative-to-zero,ifs,FALSE,20,elitize_generation_data,293,2,0.002,NA
295,68,negative-to-zero,ifs,FALSE,20,elitize_generation_data,294,2,0.002,NA
296,68,negative-to-zero,ifs,FALSE,20,elitize_generation_data,295,3,0.003,NA
297,68,negative-to-zero,ifs,FALSE,20,elitize_generation_data,296,2,0.002,NA
298,68,negative-to-zero,ifs,FALSE,20,elitize_generation_data,297,2,0.002,NA
299,68,negative-to-zero,ifs,FALSE,20,elitize_generation_data,298,2,0.002,NA
300,68,negative-to-zero,ifs,FALSE,20,elitize_generation_data,299,2,0.002,NA
301,68,negative-to-zero,ifs,FALSE,20,elitize_generation_data,300,2,0.002,NA
