,run.num,problem,treatment,succeeded,height,normalization.function,generation,cluster.count,error.diversity,success.generation
1,80,negative-to-zero,ifs,FALSE,20,elitize_generation_data,0,12,0.037,NA
2,80,negative-to-zero,ifs,FALSE,20,elitize_generation_data,1,14,0.053,NA
3,80,negative-to-zero,ifs,FALSE,20,elitize_generation_data,2,11,0.028,NA
4,80,negative-to-zero,ifs,FALSE,20,elitize_generation_data,3,9,0.023,NA
5,80,negative-to-zero,ifs,FALSE,20,elitize_generation_data,4,7,0.019,NA
6,80,negative-to-zero,ifs,FALSE,20,elitize_generation_data,5,8,0.022,NA
7,80,negative-to-zero,ifs,FALSE,20,elitize_generation_data,6,8,0.021,NA
8,80,negative-to-zero,ifs,FALSE,20,elitize_generation_data,7,7,0.017,NA
9,80,negative-to-zero,ifs,FALSE,20,elitize_generation_data,8,7,0.016,NA
10,80,negative-to-zero,ifs,FALSE,20,elitize_generation_data,9,8,0.018,NA
11,80,negative-to-zero,ifs,FALSE,20,elitize_generation_data,10,6,0.014,NA
12,80,negative-to-zero,ifs,FALSE,20,elitize_generation_data,11,8,0.016,NA
13,80,negative-to-zero,ifs,FALSE,20,elitize_generation_data,12,7,0.015,NA
14,80,negative-to-zero,ifs,FALSE,20,elitize_generation_data,13,5,0.01,NA
15,80,negative-to-zero,ifs,FALSE,20,elitize_generation_data,14,6,0.011,NA
16,80,negative-to-zero,ifs,FALSE,20,elitize_generation_data,15,7,0.011,NA
17,80,negative-to-zero,ifs,FALSE,20,elitize_generation_data,16,7,0.012,NA
18,80,negative-to-zero,ifs,FALSE,20,elitize_generation_data,17,5,0.01,NA
19,80,negative-to-zero,ifs,FALSE,20,elitize_generation_data,18,6,0.011,NA
20,80,negative-to-zero,ifs,FALSE,20,elitize_generation_data,19,4,0.007,NA
21,80,negative-to-zero,ifs,FALSE,20,elitize_generation_data,20,3,0.014,NA
22,80,negative-to-zero,ifs,FALSE,20,elitize_generation_data,21,4,0.011,NA
23,80,negative-to-zero,ifs,FALSE,20,elitize_generation_data,22,4,0.009,NA
24,80,negative-to-zero,ifs,FALSE,20,elitize_generation_data,23,6,0.009,NA
25,80,negative-to-zero,ifs,FALSE,20,elitize_generation_data,24,6,0.009,NA
26,80,negative-to-zero,ifs,FALSE,20,elitize_generation_data,25,3,0.005,NA
27,80,negative-to-zero,ifs,FALSE,20,elitize_generation_data,26,5,0.008,NA
28,80,negative-to-zero,ifs,FALSE,20,elitize_generation_data,27,3,0.006,NA
29,80,negative-to-zero,ifs,FALSE,20,elitize_generation_data,28,6,0.009,NA
30,80,negative-to-zero,ifs,FALSE,20,elitize_generation_data,29,4,0.006,NA
31,80,negative-to-zero,ifs,FALSE,20,elitize_generation_data,30,6,0.01,NA
32,80,negative-to-zero,ifs,FALSE,20,elitize_generation_data,31,5,0.007,NA
33,80,negative-to-zero,ifs,FALSE,20,elitize_generation_data,32,5,0.007,NA
34,80,negative-to-zero,ifs,FALSE,20,elitize_generation_data,33,3,0.003,NA
35,80,negative-to-zero,ifs,FALSE,20,elitize_generation_data,34,4,0.005,NA
36,80,negative-to-zero,ifs,FALSE,20,elitize_generation_data,35,4,0.007,NA
37,80,negative-to-zero,ifs,FALSE,20,elitize_generation_data,36,6,0.008,NA
38,80,negative-to-zero,ifs,FALSE,20,elitize_generation_data,37,4,0.007,NA
39,80,negative-to-zero,ifs,FALSE,20,elitize_generation_data,38,3,0.008,NA
40,80,negative-to-zero,ifs,FALSE,20,elitize_generation_data,39,3,0.004,NA
41,80,negative-to-zero,ifs,FALSE,20,elitize_generation_data,40,5,0.008,NA
42,80,negative-to-zero,ifs,FALSE,20,elitize_generation_data,41,4,0.005,NA
43,80,negative-to-zero,ifs,FALSE,20,elitize_generation_data,42,4,0.005,NA
44,80,negative-to-zero,ifs,FALSE,20,elitize_generation_data,43,4,0.005,NA
45,80,negative-to-zero,ifs,FALSE,20,elitize_generation_data,44,4,0.007,NA
46,80,negative-to-zero,ifs,FALSE,20,elitize_generation_data,45,5,0.008,NA
47,80,negative-to-zero,ifs,FALSE,20,elitize_generation_data,46,3,0.007,NA
48,80,negative-to-zero,ifs,FALSE,20,elitize_generation_data,47,3,0.006,NA
49,80,negative-to-zero,ifs,FALSE,20,elitize_generation_data,48,4,0.004,NA
50,80,negative-to-zero,ifs,FALSE,20,elitize_generation_data,49,3,0.004,NA
51,80,negative-to-zero,ifs,FALSE,20,elitize_generation_data,50,3,0.003,NA
52,80,negative-to-zero,ifs,FALSE,20,elitize_generation_data,51,5,0.006,NA
53,80,negative-to-zero,ifs,FALSE,20,elitize_generation_data,52,4,0.004,NA
54,80,negative-to-zero,ifs,FALSE,20,elitize_generation_data,53,5,0.005,NA
55,80,negative-to-zero,ifs,FALSE,20,elitize_generation_data,54,4,0.006,NA
56,80,negative-to-zero,ifs,FALSE,20,elitize_generation_data,55,2,0.004,NA
57,80,negative-to-zero,ifs,FALSE,20,elitize_generation_data,56,3,0.003,NA
58,80,negative-to-zero,ifs,FALSE,20,elitize_generation_data,57,3,0.004,NA
59,80,negative-to-zero,ifs,FALSE,20,elitize_generation_data,58,2,0.003,NA
60,80,negative-to-zero,ifs,FALSE,20,elitize_generation_data,59,4,0.006,NA
61,80,negative-to-zero,ifs,FALSE,20,elitize_generation_data,60,3,0.003,NA
62,80,negative-to-zero,ifs,FALSE,20,elitize_generation_data,61,5,0.008,NA
63,80,negative-to-zero,ifs,FALSE,20,elitize_generation_data,62,4,0.005,NA
64,80,negative-to-zero,ifs,FALSE,20,elitize_generation_data,63,3,0.005,NA
65,80,negative-to-zero,ifs,FALSE,20,elitize_generation_data,64,4,0.005,NA
66,80,negative-to-zero,ifs,FALSE,20,elitize_generation_data,65,3,0.004,NA
67,80,negative-to-zero,ifs,FALSE,20,elitize_generation_data,66,4,0.006,NA
68,80,negative-to-zero,ifs,FALSE,20,elitize_generation_data,67,4,0.004,NA
69,80,negative-to-zero,ifs,FALSE,20,elitize_generation_data,68,4,0.005,NA
70,80,negative-to-zero,ifs,FALSE,20,elitize_generation_data,69,2,0.002,NA
71,80,negative-to-zero,ifs,FALSE,20,elitize_generation_data,70,4,0.004,NA
72,80,negative-to-zero,ifs,FALSE,20,elitize_generation_data,71,4,0.005,NA
73,80,negative-to-zero,ifs,FALSE,20,elitize_generation_data,72,2,0.002,NA
74,80,negative-to-zero,ifs,FALSE,20,elitize_generation_data,73,4,0.004,NA
75,80,negative-to-zero,ifs,FALSE,20,elitize_generation_data,74,5,0.006,NA
76,80,negative-to-zero,ifs,FALSE,20,elitize_generation_data,75,4,0.005,NA
77,80,negative-to-zero,ifs,FALSE,20,elitize_generation_data,76,2,0.002,NA
78,80,negative-to-zero,ifs,FALSE,20,elitize_generation_data,77,4,0.005,NA
79,80,negative-to-zero,ifs,FALSE,20,elitize_generation_data,78,4,0.004,NA
80,80,negative-to-zero,ifs,FALSE,20,elitize_generation_data,79,5,0.005,NA
81,80,negative-to-zero,ifs,FALSE,20,elitize_generation_data,80,3,0.005,NA
82,80,negative-to-zero,ifs,FALSE,20,elitize_generation_data,81,4,0.004,NA
83,80,negative-to-zero,ifs,FALSE,20,elitize_generation_data,82,3,0.004,NA
84,80,negative-to-zero,ifs,FALSE,20,elitize_generation_data,83,3,0.003,NA
85,80,negative-to-zero,ifs,FALSE,20,elitize_generation_data,84,3,0.003,NA
86,80,negative-to-zero,ifs,FALSE,20,elitize_generation_data,85,4,0.004,NA
87,80,negative-to-zero,ifs,FALSE,20,elitize_generation_data,86,3,0.003,NA
88,80,negative-to-zero,ifs,FALSE,20,elitize_generation_data,87,3,0.003,NA
89,80,negative-to-zero,ifs,FALSE,20,elitize_generation_data,88,3,0.003,NA
90,80,negative-to-zero,ifs,FALSE,20,elitize_generation_data,89,3,0.003,NA
91,80,negative-to-zero,ifs,FALSE,20,elitize_generation_data,90,4,0.004,NA
92,80,negative-to-zero,ifs,FALSE,20,elitize_generation_data,91,2,0.002,NA
93,80,negative-to-zero,ifs,FALSE,20,elitize_generation_data,92,2,0.002,NA
94,80,negative-to-zero,ifs,FALSE,20,elitize_generation_data,93,3,0.003,NA
95,80,negative-to-zero,ifs,FALSE,20,elitize_generation_data,94,3,0.005,NA
96,80,negative-to-zero,ifs,FALSE,20,elitize_generation_data,95,4,0.005,NA
97,80,negative-to-zero,ifs,FALSE,20,elitize_generation_data,96,4,0.004,NA
98,80,negative-to-zero,ifs,FALSE,20,elitize_generation_data,97,4,0.004,NA
99,80,negative-to-zero,ifs,FALSE,20,elitize_generation_data,98,3,0.003,NA
100,80,negative-to-zero,ifs,FALSE,20,elitize_generation_data,99,3,0.003,NA
101,80,negative-to-zero,ifs,FALSE,20,elitize_generation_data,100,3,0.003,NA
102,80,negative-to-zero,ifs,FALSE,20,elitize_generation_data,101,2,0.002,NA
103,80,negative-to-zero,ifs,FALSE,20,elitize_generation_data,102,5,0.007,NA
104,80,negative-to-zero,ifs,FALSE,20,elitize_generation_data,103,2,0.003,NA
105,80,negative-to-zero,ifs,FALSE,20,elitize_generation_data,104,5,0.005,NA
106,80,negative-to-zero,ifs,FALSE,20,elitize_generation_data,105,4,0.004,NA
107,80,negative-to-zero,ifs,FALSE,20,elitize_generation_data,106,4,0.004,NA
108,80,negative-to-zero,ifs,FALSE,20,elitize_generation_data,107,3,0.004,NA
109,80,negative-to-zero,ifs,FALSE,20,elitize_generation_data,108,3,0.004,NA
110,80,negative-to-zero,ifs,FALSE,20,elitize_generation_data,109,4,0.004,NA
111,80,negative-to-zero,ifs,FALSE,20,elitize_generation_data,110,3,0.004,NA
112,80,negative-to-zero,ifs,FALSE,20,elitize_generation_data,111,4,0.005,NA
113,80,negative-to-zero,ifs,FALSE,20,elitize_generation_data,112,3,0.003,NA
114,80,negative-to-zero,ifs,FALSE,20,elitize_generation_data,113,2,0.002,NA
115,80,negative-to-zero,ifs,FALSE,20,elitize_generation_data,114,2,0.002,NA
116,80,negative-to-zero,ifs,FALSE,20,elitize_generation_data,115,4,0.004,NA
117,80,negative-to-zero,ifs,FALSE,20,elitize_generation_data,116,4,0.004,NA
118,80,negative-to-zero,ifs,FALSE,20,elitize_generation_data,117,2,0.003,NA
119,80,negative-to-zero,ifs,FALSE,20,elitize_generation_data,118,4,0.004,NA
120,80,negative-to-zero,ifs,FALSE,20,elitize_generation_data,119,2,0.002,NA
121,80,negative-to-zero,ifs,FALSE,20,elitize_generation_data,120,3,0.004,NA
122,80,negative-to-zero,ifs,FALSE,20,elitize_generation_data,121,2,0.003,NA
123,80,negative-to-zero,ifs,FALSE,20,elitize_generation_data,122,2,0.002,NA
124,80,negative-to-zero,ifs,FALSE,20,elitize_generation_data,123,4,0.004,NA
125,80,negative-to-zero,ifs,FALSE,20,elitize_generation_data,124,4,0.004,NA
126,80,negative-to-zero,ifs,FALSE,20,elitize_generation_data,125,2,0.002,NA
127,80,negative-to-zero,ifs,FALSE,20,elitize_generation_data,126,4,0.004,NA
128,80,negative-to-zero,ifs,FALSE,20,elitize_generation_data,127,2,0.002,NA
129,80,negative-to-zero,ifs,FALSE,20,elitize_generation_data,128,2,0.002,NA
130,80,negative-to-zero,ifs,FALSE,20,elitize_generation_data,129,4,0.004,NA
131,80,negative-to-zero,ifs,FALSE,20,elitize_generation_data,130,2,0.002,NA
132,80,negative-to-zero,ifs,FALSE,20,elitize_generation_data,131,4,0.004,NA
133,80,negative-to-zero,ifs,FALSE,20,elitize_generation_data,132,3,0.003,NA
134,80,negative-to-zero,ifs,FALSE,20,elitize_generation_data,133,2,0.002,NA
135,80,negative-to-zero,ifs,FALSE,20,elitize_generation_data,134,2,0.002,NA
136,80,negative-to-zero,ifs,FALSE,20,elitize_generation_data,135,4,0.004,NA
137,80,negative-to-zero,ifs,FALSE,20,elitize_generation_data,136,4,0.004,NA
138,80,negative-to-zero,ifs,FALSE,20,elitize_generation_data,137,2,0.002,NA
139,80,negative-to-zero,ifs,FALSE,20,elitize_generation_data,138,3,0.003,NA
140,80,negative-to-zero,ifs,FALSE,20,elitize_generation_data,139,2,0.002,NA
141,80,negative-to-zero,ifs,FALSE,20,elitize_generation_data,140,3,0.003,NA
142,80,negative-to-zero,ifs,FALSE,20,elitize_generation_data,141,3,0.003,NA
143,80,negative-to-zero,ifs,FALSE,20,elitize_generation_data,142,2,0.002,NA
144,80,negative-to-zero,ifs,FALSE,20,elitize_generation_data,143,2,0.003,NA
145,80,negative-to-zero,ifs,FALSE,20,elitize_generation_data,144,2,0.002,NA
146,80,negative-to-zero,ifs,FALSE,20,elitize_generation_data,145,2,0.002,NA
147,80,negative-to-zero,ifs,FALSE,20,elitize_generation_data,146,2,0.003,NA
148,80,negative-to-zero,ifs,FALSE,20,elitize_generation_data,147,2,0.002,NA
149,80,negative-to-zero,ifs,FALSE,20,elitize_generation_data,148,2,0.003,NA
150,80,negative-to-zero,ifs,FALSE,20,elitize_generation_data,149,2,0.002,NA
151,80,negative-to-zero,ifs,FALSE,20,elitize_generation_data,150,3,0.003,NA
152,80,negative-to-zero,ifs,FALSE,20,elitize_generation_data,151,2,0.002,NA
153,80,negative-to-zero,ifs,FALSE,20,elitize_generation_data,152,3,0.003,NA
154,80,negative-to-zero,ifs,FALSE,20,elitize_generation_data,153,2,0.002,NA
155,80,negative-to-zero,ifs,FALSE,20,elitize_generation_data,154,2,0.002,NA
156,80,negative-to-zero,ifs,FALSE,20,elitize_generation_data,155,2,0.003,NA
157,80,negative-to-zero,ifs,FALSE,20,elitize_generation_data,156,2,0.002,NA
158,80,negative-to-zero,ifs,FALSE,20,elitize_generation_data,157,2,0.002,NA
159,80,negative-to-zero,ifs,FALSE,20,elitize_generation_data,158,2,0.002,NA
160,80,negative-to-zero,ifs,FALSE,20,elitize_generation_data,159,2,0.003,NA
161,80,negative-to-zero,ifs,FALSE,20,elitize_generation_data,160,2,0.002,NA
162,80,negative-to-zero,ifs,FALSE,20,elitize_generation_data,161,2,0.002,NA
163,80,negative-to-zero,ifs,FALSE,20,elitize_generation_data,162,2,0.002,NA
164,80,negative-to-zero,ifs,FALSE,20,elitize_generation_data,163,3,0.003,NA
165,80,negative-to-zero,ifs,FALSE,20,elitize_generation_data,164,2,0.002,NA
166,80,negative-to-zero,ifs,FALSE,20,elitize_generation_data,165,2,0.003,NA
167,80,negative-to-zero,ifs,FALSE,20,elitize_generation_data,166,2,0.002,NA
168,80,negative-to-zero,ifs,FALSE,20,elitize_generation_data,167,2,0.002,NA
169,80,negative-to-zero,ifs,FALSE,20,elitize_generation_data,168,2,0.002,NA
170,80,negative-to-zero,ifs,FALSE,20,elitize_generation_data,169,2,0.002,NA
171,80,negative-to-zero,ifs,FALSE,20,elitize_generation_data,170,2,0.002,NA
172,80,negative-to-zero,ifs,FALSE,20,elitize_generation_data,171,2,0.002,NA
173,80,negative-to-zero,ifs,FALSE,20,elitize_generation_data,172,3,0.003,NA
174,80,negative-to-zero,ifs,FALSE,20,elitize_generation_data,173,2,0.002,NA
175,80,negative-to-zero,ifs,FALSE,20,elitize_generation_data,174,2,0.002,NA
176,80,negative-to-zero,ifs,FALSE,20,elitize_generation_data,175,2,0.002,NA
177,80,negative-to-zero,ifs,FALSE,20,elitize_generation_data,176,3,0.003,NA
178,80,negative-to-zero,ifs,FALSE,20,elitize_generation_data,177,2,0.002,NA
179,80,negative-to-zero,ifs,FALSE,20,elitize_generation_data,178,2,0.002,NA
180,80,negative-to-zero,ifs,FALSE,20,elitize_generation_data,179,3,0.003,NA
181,80,negative-to-zero,ifs,FALSE,20,elitize_generation_data,180,2,0.002,NA
182,80,negative-to-zero,ifs,FALSE,20,elitize_generation_data,181,2,0.002,NA
183,80,negative-to-zero,ifs,FALSE,20,elitize_generation_data,182,2,0.003,NA
184,80,negative-to-zero,ifs,FALSE,20,elitize_generation_data,183,3,0.003,NA
185,80,negative-to-zero,ifs,FALSE,20,elitize_generation_data,184,2,0.002,NA
186,80,negative-to-zero,ifs,FALSE,20,elitize_generation_data,185,2,0.002,NA
187,80,negative-to-zero,ifs,FALSE,20,elitize_generation_data,186,2,0.002,NA
188,80,negative-to-zero,ifs,FALSE,20,elitize_generation_data,187,2,0.002,NA
189,80,negative-to-zero,ifs,FALSE,20,elitize_generation_data,188,2,0.002,NA
190,80,negative-to-zero,ifs,FALSE,20,elitize_generation_data,189,2,0.002,NA
191,80,negative-to-zero,ifs,FALSE,20,elitize_generation_data,190,2,0.002,NA
192,80,negative-to-zero,ifs,FALSE,20,elitize_generation_data,191,2,0.002,NA
193,80,negative-to-zero,ifs,FALSE,20,elitize_generation_data,192,2,0.002,NA
194,80,negative-to-zero,ifs,FALSE,20,elitize_generation_data,193,3,0.003,NA
195,80,negative-to-zero,ifs,FALSE,20,elitize_generation_data,194,2,0.003,NA
196,80,negative-to-zero,ifs,FALSE,20,elitize_generation_data,195,2,0.002,NA
197,80,negative-to-zero,ifs,FALSE,20,elitize_generation_data,196,2,0.002,NA
198,80,negative-to-zero,ifs,FALSE,20,elitize_generation_data,197,2,0.002,NA
199,80,negative-to-zero,ifs,FALSE,20,elitize_generation_data,198,2,0.002,NA
200,80,negative-to-zero,ifs,FALSE,20,elitize_generation_data,199,2,0.002,NA
201,80,negative-to-zero,ifs,FALSE,20,elitize_generation_data,200,2,0.002,NA
202,80,negative-to-zero,ifs,FALSE,20,elitize_generation_data,201,2,0.002,NA
203,80,negative-to-zero,ifs,FALSE,20,elitize_generation_data,202,2,0.002,NA
204,80,negative-to-zero,ifs,FALSE,20,elitize_generation_data,203,2,0.003,NA
205,80,negative-to-zero,ifs,FALSE,20,elitize_generation_data,204,3,0.003,NA
206,80,negative-to-zero,ifs,FALSE,20,elitize_generation_data,205,2,0.002,NA
207,80,negative-to-zero,ifs,FALSE,20,elitize_generation_data,206,2,0.003,NA
208,80,negative-to-zero,ifs,FALSE,20,elitize_generation_data,207,2,0.002,NA
209,80,negative-to-zero,ifs,FALSE,20,elitize_generation_data,208,2,0.002,NA
210,80,negative-to-zero,ifs,FALSE,20,elitize_generation_data,209,2,0.002,NA
211,80,negative-to-zero,ifs,FALSE,20,elitize_generation_data,210,2,0.002,NA
212,80,negative-to-zero,ifs,FALSE,20,elitize_generation_data,211,2,0.002,NA
213,80,negative-to-zero,ifs,FALSE,20,elitize_generation_data,212,3,0.003,NA
214,80,negative-to-zero,ifs,FALSE,20,elitize_generation_data,213,2,0.002,NA
215,80,negative-to-zero,ifs,FALSE,20,elitize_generation_data,214,2,0.002,NA
216,80,negative-to-zero,ifs,FALSE,20,elitize_generation_data,215,2,0.002,NA
217,80,negative-to-zero,ifs,FALSE,20,elitize_generation_data,216,3,0.003,NA
218,80,negative-to-zero,ifs,FALSE,20,elitize_generation_data,217,2,0.002,NA
219,80,negative-to-zero,ifs,FALSE,20,elitize_generation_data,218,2,0.002,NA
220,80,negative-to-zero,ifs,FALSE,20,elitize_generation_data,219,2,0.002,NA
221,80,negative-to-zero,ifs,FALSE,20,elitize_generation_data,220,2,0.002,NA
222,80,negative-to-zero,ifs,FALSE,20,elitize_generation_data,221,2,0.002,NA
223,80,negative-to-zero,ifs,FALSE,20,elitize_generation_data,222,2,0.002,NA
224,80,negative-to-zero,ifs,FALSE,20,elitize_generation_data,223,3,0.003,NA
225,80,negative-to-zero,ifs,FALSE,20,elitize_generation_data,224,3,0.003,NA
226,80,negative-to-zero,ifs,FALSE,20,elitize_generation_data,225,2,0.002,NA
227,80,negative-to-zero,ifs,FALSE,20,elitize_generation_data,226,2,0.002,NA
228,80,negative-to-zero,ifs,FALSE,20,elitize_generation_data,227,2,0.002,NA
229,80,negative-to-zero,ifs,FALSE,20,elitize_generation_data,228,2,0.002,NA
230,80,negative-to-zero,ifs,FALSE,20,elitize_generation_data,229,2,0.002,NA
231,80,negative-to-zero,ifs,FALSE,20,elitize_generation_data,230,2,0.002,NA
232,80,negative-to-zero,ifs,FALSE,20,elitize_generation_data,231,2,0.002,NA
233,80,negative-to-zero,ifs,FALSE,20,elitize_generation_data,232,2,0.002,NA
234,80,negative-to-zero,ifs,FALSE,20,elitize_generation_data,233,3,0.004,NA
235,80,negative-to-zero,ifs,FALSE,20,elitize_generation_data,234,3,0.003,NA
236,80,negative-to-zero,ifs,FALSE,20,elitize_generation_data,235,3,0.004,NA
237,80,negative-to-zero,ifs,FALSE,20,elitize_generation_data,236,2,0.002,NA
238,80,negative-to-zero,ifs,FALSE,20,elitize_generation_data,237,2,0.002,NA
239,80,negative-to-zero,ifs,FALSE,20,elitize_generation_data,238,3,0.003,NA
240,80,negative-to-zero,ifs,FALSE,20,elitize_generation_data,239,2,0.002,NA
241,80,negative-to-zero,ifs,FALSE,20,elitize_generation_data,240,2,0.002,NA
242,80,negative-to-zero,ifs,FALSE,20,elitize_generation_data,241,2,0.002,NA
243,80,negative-to-zero,ifs,FALSE,20,elitize_generation_data,242,2,0.002,NA
244,80,negative-to-zero,ifs,FALSE,20,elitize_generation_data,243,3,0.003,NA
245,80,negative-to-zero,ifs,FALSE,20,elitize_generation_data,244,2,0.002,NA
246,80,negative-to-zero,ifs,FALSE,20,elitize_generation_data,245,3,0.003,NA
247,80,negative-to-zero,ifs,FALSE,20,elitize_generation_data,246,2,0.002,NA
248,80,negative-to-zero,ifs,FALSE,20,elitize_generation_data,247,3,0.003,NA
249,80,negative-to-zero,ifs,FALSE,20,elitize_generation_data,248,2,0.002,NA
250,80,negative-to-zero,ifs,FALSE,20,elitize_generation_data,249,2,0.002,NA
251,80,negative-to-zero,ifs,FALSE,20,elitize_generation_data,250,2,0.002,NA
252,80,negative-to-zero,ifs,FALSE,20,elitize_generation_data,251,2,0.002,NA
253,80,negative-to-zero,ifs,FALSE,20,elitize_generation_data,252,2,0.002,NA
254,80,negative-to-zero,ifs,FALSE,20,elitize_generation_data,253,2,0.002,NA
255,80,negative-to-zero,ifs,FALSE,20,elitize_generation_data,254,2,0.002,NA
256,80,negative-to-zero,ifs,FALSE,20,elitize_generation_data,255,4,0.004,NA
257,80,negative-to-zero,ifs,FALSE,20,elitize_generation_data,256,2,0.002,NA
258,80,negative-to-zero,ifs,FALSE,20,elitize_generation_data,257,4,0.004,NA
259,80,negative-to-zero,ifs,FALSE,20,elitize_generation_data,258,3,0.003,NA
260,80,negative-to-zero,ifs,FALSE,20,elitize_generation_data,259,3,0.003,NA
261,80,negative-to-zero,ifs,FALSE,20,elitize_generation_data,260,2,0.002,NA
262,80,negative-to-zero,ifs,FALSE,20,elitize_generation_data,261,2,0.002,NA
263,80,negative-to-zero,ifs,FALSE,20,elitize_generation_data,262,3,0.003,NA
264,80,negative-to-zero,ifs,FALSE,20,elitize_generation_data,263,3,0.003,NA
265,80,negative-to-zero,ifs,FALSE,20,elitize_generation_data,264,3,0.003,NA
266,80,negative-to-zero,ifs,FALSE,20,elitize_generation_data,265,3,0.004,NA
267,80,negative-to-zero,ifs,FALSE,20,elitize_generation_data,266,2,0.002,NA
268,80,negative-to-zero,ifs,FALSE,20,elitize_generation_data,267,2,0.002,NA
269,80,negative-to-zero,ifs,FALSE,20,elitize_generation_data,268,2,0.002,NA
270,80,negative-to-zero,ifs,FALSE,20,elitize_generation_data,269,3,0.003,NA
271,80,negative-to-zero,ifs,FALSE,20,elitize_generation_data,270,2,0.002,NA
272,80,negative-to-zero,ifs,FALSE,20,elitize_generation_data,271,2,0.002,NA
273,80,negative-to-zero,ifs,FALSE,20,elitize_generation_data,272,3,0.003,NA
274,80,negative-to-zero,ifs,FALSE,20,elitize_generation_data,273,2,0.002,NA
275,80,negative-to-zero,ifs,FALSE,20,elitize_generation_data,274,2,0.002,NA
276,80,negative-to-zero,ifs,FALSE,20,elitize_generation_data,275,3,0.003,NA
277,80,negative-to-zero,ifs,FALSE,20,elitize_generation_data,276,2,0.002,NA
278,80,negative-to-zero,ifs,FALSE,20,elitize_generation_data,277,3,0.003,NA
279,80,negative-to-zero,ifs,FALSE,20,elitize_generation_data,278,2,0.002,NA
280,80,negative-to-zero,ifs,FALSE,20,elitize_generation_data,279,2,0.002,NA
281,80,negative-to-zero,ifs,FALSE,20,elitize_generation_data,280,2,0.002,NA
282,80,negative-to-zero,ifs,FALSE,20,elitize_generation_data,281,3,0.003,NA
283,80,negative-to-zero,ifs,FALSE,20,elitize_generation_data,282,2,0.002,NA
284,80,negative-to-zero,ifs,FALSE,20,elitize_generation_data,283,2,0.002,NA
285,80,negative-to-zero,ifs,FALSE,20,elitize_generation_data,284,2,0.002,NA
286,80,negative-to-zero,ifs,FALSE,20,elitize_generation_data,285,2,0.002,NA
287,80,negative-to-zero,ifs,FALSE,20,elitize_generation_data,286,3,0.003,NA
288,80,negative-to-zero,ifs,FALSE,20,elitize_generation_data,287,2,0.002,NA
289,80,negative-to-zero,ifs,FALSE,20,elitize_generation_data,288,2,0.002,NA
290,80,negative-to-zero,ifs,FALSE,20,elitize_generation_data,289,2,0.002,NA
291,80,negative-to-zero,ifs,FALSE,20,elitize_generation_data,290,3,0.003,NA
292,80,negative-to-zero,ifs,FALSE,20,elitize_generation_data,291,3,0.003,NA
293,80,negative-to-zero,ifs,FALSE,20,elitize_generation_data,292,2,0.002,NA
294,80,negative-to-zero,ifs,FALSE,20,elitize_generation_data,293,2,0.002,NA
295,80,negative-to-zero,ifs,FALSE,20,elitize_generation_data,294,2,0.002,NA
296,80,negative-to-zero,ifs,FALSE,20,elitize_generation_data,295,2,0.002,NA
297,80,negative-to-zero,ifs,FALSE,20,elitize_generation_data,296,2,0.002,NA
298,80,negative-to-zero,ifs,FALSE,20,elitize_generation_data,297,2,0.002,NA
299,80,negative-to-zero,ifs,FALSE,20,elitize_generation_data,298,2,0.002,NA
300,80,negative-to-zero,ifs,FALSE,20,elitize_generation_data,299,2,0.002,NA
301,80,negative-to-zero,ifs,FALSE,20,elitize_generation_data,300,2,0.002,NA
