,run.num,problem,treatment,succeeded,height,normalization.function,generation,cluster.count,error.diversity,success.generation
1,38,string-lengths-backwards,ifs,FALSE,10,elitize_generation_data,0,6,0.253,NA
2,38,string-lengths-backwards,ifs,FALSE,10,elitize_generation_data,1,7,0.104,NA
3,38,string-lengths-backwards,ifs,FALSE,10,elitize_generation_data,2,7,0.194,NA
4,38,string-lengths-backwards,ifs,FALSE,10,elitize_generation_data,3,6,0.273,NA
5,38,string-lengths-backwards,ifs,FALSE,10,elitize_generation_data,4,11,0.345,NA
6,38,string-lengths-backwards,ifs,FALSE,10,elitize_generation_data,5,13,0.452,NA
7,38,string-lengths-backwards,ifs,FALSE,10,elitize_generation_data,6,8,0.448,NA
8,38,string-lengths-backwards,ifs,FALSE,10,elitize_generation_data,7,14,0.327,NA
9,38,string-lengths-backwards,ifs,FALSE,10,elitize_generation_data,8,14,0.243,NA
10,38,string-lengths-backwards,ifs,FALSE,10,elitize_generation_data,9,23,0.225,NA
11,38,string-lengths-backwards,ifs,FALSE,10,elitize_generation_data,10,28,0.217,NA
12,38,string-lengths-backwards,ifs,FALSE,10,elitize_generation_data,11,27,0.27,NA
13,38,string-lengths-backwards,ifs,FALSE,10,elitize_generation_data,12,24,0.253,NA
14,38,string-lengths-backwards,ifs,FALSE,10,elitize_generation_data,13,24,0.265,NA
15,38,string-lengths-backwards,ifs,FALSE,10,elitize_generation_data,14,20,0.273,NA
16,38,string-lengths-backwards,ifs,FALSE,10,elitize_generation_data,15,21,0.302,NA
17,38,string-lengths-backwards,ifs,FALSE,10,elitize_generation_data,16,18,0.333,NA
18,38,string-lengths-backwards,ifs,FALSE,10,elitize_generation_data,17,17,0.334,NA
19,38,string-lengths-backwards,ifs,FALSE,10,elitize_generation_data,18,19,0.311,NA
20,38,string-lengths-backwards,ifs,FALSE,10,elitize_generation_data,19,22,0.314,NA
21,38,string-lengths-backwards,ifs,FALSE,10,elitize_generation_data,20,17,0.343,NA
22,38,string-lengths-backwards,ifs,FALSE,10,elitize_generation_data,21,16,0.366,NA
23,38,string-lengths-backwards,ifs,FALSE,10,elitize_generation_data,22,18,0.418,NA
24,38,string-lengths-backwards,ifs,FALSE,10,elitize_generation_data,23,14,0.442,NA
25,38,string-lengths-backwards,ifs,FALSE,10,elitize_generation_data,24,15,0.435,NA
26,38,string-lengths-backwards,ifs,FALSE,10,elitize_generation_data,25,9,0.465,NA
27,38,string-lengths-backwards,ifs,FALSE,10,elitize_generation_data,26,6,0.552,NA
28,38,string-lengths-backwards,ifs,FALSE,10,elitize_generation_data,27,11,0.592,NA
29,38,string-lengths-backwards,ifs,FALSE,10,elitize_generation_data,28,14,0.612,NA
30,38,string-lengths-backwards,ifs,FALSE,10,elitize_generation_data,29,13,0.551,NA
31,38,string-lengths-backwards,ifs,FALSE,10,elitize_generation_data,30,14,0.587,NA
32,38,string-lengths-backwards,ifs,FALSE,10,elitize_generation_data,31,8,0.6,NA
33,38,string-lengths-backwards,ifs,FALSE,10,elitize_generation_data,32,15,0.597,NA
34,38,string-lengths-backwards,ifs,FALSE,10,elitize_generation_data,33,14,0.587,NA
35,38,string-lengths-backwards,ifs,FALSE,10,elitize_generation_data,34,16,0.548,NA
36,38,string-lengths-backwards,ifs,FALSE,10,elitize_generation_data,35,23,0.495,NA
37,38,string-lengths-backwards,ifs,FALSE,10,elitize_generation_data,36,18,0.453,NA
38,38,string-lengths-backwards,ifs,FALSE,10,elitize_generation_data,37,15,0.42,NA
39,38,string-lengths-backwards,ifs,FALSE,10,elitize_generation_data,38,17,0.454,NA
40,38,string-lengths-backwards,ifs,FALSE,10,elitize_generation_data,39,17,0.46,NA
41,38,string-lengths-backwards,ifs,FALSE,10,elitize_generation_data,40,18,0.483,NA
42,38,string-lengths-backwards,ifs,FALSE,10,elitize_generation_data,41,12,0.479,NA
43,38,string-lengths-backwards,ifs,FALSE,10,elitize_generation_data,42,13,0.443,NA
44,38,string-lengths-backwards,ifs,FALSE,10,elitize_generation_data,43,13,0.484,NA
45,38,string-lengths-backwards,ifs,FALSE,10,elitize_generation_data,44,12,0.486,NA
46,38,string-lengths-backwards,ifs,FALSE,10,elitize_generation_data,45,16,0.5,NA
47,38,string-lengths-backwards,ifs,FALSE,10,elitize_generation_data,46,14,0.498,NA
48,38,string-lengths-backwards,ifs,FALSE,10,elitize_generation_data,47,17,0.484,NA
49,38,string-lengths-backwards,ifs,FALSE,10,elitize_generation_data,48,17,0.437,NA
50,38,string-lengths-backwards,ifs,FALSE,10,elitize_generation_data,49,15,0.449,NA
51,38,string-lengths-backwards,ifs,FALSE,10,elitize_generation_data,50,13,0.468,NA
52,38,string-lengths-backwards,ifs,FALSE,10,elitize_generation_data,51,13,0.525,NA
53,38,string-lengths-backwards,ifs,FALSE,10,elitize_generation_data,52,16,0.546,NA
54,38,string-lengths-backwards,ifs,FALSE,10,elitize_generation_data,53,11,0.602,NA
55,38,string-lengths-backwards,ifs,FALSE,10,elitize_generation_data,54,4,0.654,NA
56,38,string-lengths-backwards,ifs,FALSE,10,elitize_generation_data,55,4,0.707,NA
57,38,string-lengths-backwards,ifs,FALSE,10,elitize_generation_data,56,3,0.694,NA
58,38,string-lengths-backwards,ifs,FALSE,10,elitize_generation_data,57,6,0.729,NA
59,38,string-lengths-backwards,ifs,FALSE,10,elitize_generation_data,58,7,0.708,NA
60,38,string-lengths-backwards,ifs,FALSE,10,elitize_generation_data,59,2,0.714,NA
61,38,string-lengths-backwards,ifs,FALSE,10,elitize_generation_data,60,6,0.758,NA
62,38,string-lengths-backwards,ifs,FALSE,10,elitize_generation_data,61,6,0.804,NA
63,38,string-lengths-backwards,ifs,FALSE,10,elitize_generation_data,62,3,0.842,NA
64,38,string-lengths-backwards,ifs,FALSE,10,elitize_generation_data,63,1,0.873,NA
65,38,string-lengths-backwards,ifs,FALSE,10,elitize_generation_data,64,1,0.859,NA
66,38,string-lengths-backwards,ifs,FALSE,10,elitize_generation_data,65,2,0.822,NA
67,38,string-lengths-backwards,ifs,FALSE,10,elitize_generation_data,66,1,0.806,NA
68,38,string-lengths-backwards,ifs,FALSE,10,elitize_generation_data,67,3,0.76,NA
69,38,string-lengths-backwards,ifs,FALSE,10,elitize_generation_data,68,3,0.728,NA
70,38,string-lengths-backwards,ifs,FALSE,10,elitize_generation_data,69,1,0.703,NA
71,38,string-lengths-backwards,ifs,FALSE,10,elitize_generation_data,70,1,0.695,NA
72,38,string-lengths-backwards,ifs,FALSE,10,elitize_generation_data,71,3,0.711,NA
73,38,string-lengths-backwards,ifs,FALSE,10,elitize_generation_data,72,2,0.738,NA
74,38,string-lengths-backwards,ifs,FALSE,10,elitize_generation_data,73,1,0.704,NA
75,38,string-lengths-backwards,ifs,FALSE,10,elitize_generation_data,74,1,0.715,NA
76,38,string-lengths-backwards,ifs,FALSE,10,elitize_generation_data,75,3,0.708,NA
77,38,string-lengths-backwards,ifs,FALSE,10,elitize_generation_data,76,2,0.693,NA
78,38,string-lengths-backwards,ifs,FALSE,10,elitize_generation_data,77,5,0.724,NA
79,38,string-lengths-backwards,ifs,FALSE,10,elitize_generation_data,78,4,0.691,NA
80,38,string-lengths-backwards,ifs,FALSE,10,elitize_generation_data,79,5,0.654,NA
81,38,string-lengths-backwards,ifs,FALSE,10,elitize_generation_data,80,2,0.662,NA
82,38,string-lengths-backwards,ifs,FALSE,10,elitize_generation_data,81,6,0.676,NA
83,38,string-lengths-backwards,ifs,FALSE,10,elitize_generation_data,82,2,0.665,NA
84,38,string-lengths-backwards,ifs,FALSE,10,elitize_generation_data,83,2,0.67,NA
85,38,string-lengths-backwards,ifs,FALSE,10,elitize_generation_data,84,3,0.669,NA
86,38,string-lengths-backwards,ifs,FALSE,10,elitize_generation_data,85,3,0.653,NA
87,38,string-lengths-backwards,ifs,FALSE,10,elitize_generation_data,86,3,0.693,NA
88,38,string-lengths-backwards,ifs,FALSE,10,elitize_generation_data,87,3,0.698,NA
89,38,string-lengths-backwards,ifs,FALSE,10,elitize_generation_data,88,5,0.71,NA
90,38,string-lengths-backwards,ifs,FALSE,10,elitize_generation_data,89,3,0.682,NA
91,38,string-lengths-backwards,ifs,FALSE,10,elitize_generation_data,90,5,0.654,NA
92,38,string-lengths-backwards,ifs,FALSE,10,elitize_generation_data,91,5,0.646,NA
93,38,string-lengths-backwards,ifs,FALSE,10,elitize_generation_data,92,3,0.633,NA
94,38,string-lengths-backwards,ifs,FALSE,10,elitize_generation_data,93,4,0.644,NA
95,38,string-lengths-backwards,ifs,FALSE,10,elitize_generation_data,94,7,0.637,NA
96,38,string-lengths-backwards,ifs,FALSE,10,elitize_generation_data,95,3,0.647,NA
97,38,string-lengths-backwards,ifs,FALSE,10,elitize_generation_data,96,2,0.667,NA
98,38,string-lengths-backwards,ifs,FALSE,10,elitize_generation_data,97,7,0.63,NA
99,38,string-lengths-backwards,ifs,FALSE,10,elitize_generation_data,98,5,0.618,NA
100,38,string-lengths-backwards,ifs,FALSE,10,elitize_generation_data,99,7,0.629,NA
101,38,string-lengths-backwards,ifs,FALSE,10,elitize_generation_data,100,4,0.664,NA
102,38,string-lengths-backwards,ifs,FALSE,10,elitize_generation_data,101,11,0.673,NA
103,38,string-lengths-backwards,ifs,FALSE,10,elitize_generation_data,102,4,0.65,NA
104,38,string-lengths-backwards,ifs,FALSE,10,elitize_generation_data,103,5,0.671,NA
105,38,string-lengths-backwards,ifs,FALSE,10,elitize_generation_data,104,2,0.646,NA
106,38,string-lengths-backwards,ifs,FALSE,10,elitize_generation_data,105,4,0.646,NA
107,38,string-lengths-backwards,ifs,FALSE,10,elitize_generation_data,106,6,0.646,NA
108,38,string-lengths-backwards,ifs,FALSE,10,elitize_generation_data,107,6,0.615,NA
109,38,string-lengths-backwards,ifs,FALSE,10,elitize_generation_data,108,4,0.631,NA
110,38,string-lengths-backwards,ifs,FALSE,10,elitize_generation_data,109,7,0.636,NA
111,38,string-lengths-backwards,ifs,FALSE,10,elitize_generation_data,110,4,0.644,NA
112,38,string-lengths-backwards,ifs,FALSE,10,elitize_generation_data,111,5,0.681,NA
113,38,string-lengths-backwards,ifs,FALSE,10,elitize_generation_data,112,5,0.688,NA
114,38,string-lengths-backwards,ifs,FALSE,10,elitize_generation_data,113,6,0.712,NA
115,38,string-lengths-backwards,ifs,FALSE,10,elitize_generation_data,114,4,0.708,NA
116,38,string-lengths-backwards,ifs,FALSE,10,elitize_generation_data,115,2,0.699,NA
117,38,string-lengths-backwards,ifs,FALSE,10,elitize_generation_data,116,5,0.704,NA
118,38,string-lengths-backwards,ifs,FALSE,10,elitize_generation_data,117,9,0.695,NA
119,38,string-lengths-backwards,ifs,FALSE,10,elitize_generation_data,118,5,0.697,NA
120,38,string-lengths-backwards,ifs,FALSE,10,elitize_generation_data,119,5,0.701,NA
121,38,string-lengths-backwards,ifs,FALSE,10,elitize_generation_data,120,6,0.703,NA
122,38,string-lengths-backwards,ifs,FALSE,10,elitize_generation_data,121,4,0.709,NA
123,38,string-lengths-backwards,ifs,FALSE,10,elitize_generation_data,122,8,0.72,NA
124,38,string-lengths-backwards,ifs,FALSE,10,elitize_generation_data,123,3,0.695,NA
125,38,string-lengths-backwards,ifs,FALSE,10,elitize_generation_data,124,5,0.699,NA
126,38,string-lengths-backwards,ifs,FALSE,10,elitize_generation_data,125,3,0.688,NA
127,38,string-lengths-backwards,ifs,FALSE,10,elitize_generation_data,126,3,0.705,NA
128,38,string-lengths-backwards,ifs,FALSE,10,elitize_generation_data,127,5,0.679,NA
129,38,string-lengths-backwards,ifs,FALSE,10,elitize_generation_data,128,3,0.693,NA
130,38,string-lengths-backwards,ifs,FALSE,10,elitize_generation_data,129,3,0.698,NA
131,38,string-lengths-backwards,ifs,FALSE,10,elitize_generation_data,130,2,0.706,NA
132,38,string-lengths-backwards,ifs,FALSE,10,elitize_generation_data,131,3,0.678,NA
133,38,string-lengths-backwards,ifs,FALSE,10,elitize_generation_data,132,3,0.704,NA
134,38,string-lengths-backwards,ifs,FALSE,10,elitize_generation_data,133,5,0.701,NA
135,38,string-lengths-backwards,ifs,FALSE,10,elitize_generation_data,134,2,0.666,NA
136,38,string-lengths-backwards,ifs,FALSE,10,elitize_generation_data,135,7,0.672,NA
137,38,string-lengths-backwards,ifs,FALSE,10,elitize_generation_data,136,1,0.657,NA
138,38,string-lengths-backwards,ifs,FALSE,10,elitize_generation_data,137,6,0.671,NA
139,38,string-lengths-backwards,ifs,FALSE,10,elitize_generation_data,138,3,0.655,NA
140,38,string-lengths-backwards,ifs,FALSE,10,elitize_generation_data,139,1,0.656,NA
141,38,string-lengths-backwards,ifs,FALSE,10,elitize_generation_data,140,7,0.695,NA
142,38,string-lengths-backwards,ifs,FALSE,10,elitize_generation_data,141,4,0.704,NA
143,38,string-lengths-backwards,ifs,FALSE,10,elitize_generation_data,142,4,0.691,NA
144,38,string-lengths-backwards,ifs,FALSE,10,elitize_generation_data,143,4,0.694,NA
145,38,string-lengths-backwards,ifs,FALSE,10,elitize_generation_data,144,1,0.705,NA
146,38,string-lengths-backwards,ifs,FALSE,10,elitize_generation_data,145,2,0.69,NA
147,38,string-lengths-backwards,ifs,FALSE,10,elitize_generation_data,146,7,0.701,NA
148,38,string-lengths-backwards,ifs,FALSE,10,elitize_generation_data,147,3,0.693,NA
149,38,string-lengths-backwards,ifs,FALSE,10,elitize_generation_data,148,4,0.663,NA
150,38,string-lengths-backwards,ifs,FALSE,10,elitize_generation_data,149,3,0.656,NA
151,38,string-lengths-backwards,ifs,FALSE,10,elitize_generation_data,150,4,0.653,NA
152,38,string-lengths-backwards,ifs,FALSE,10,elitize_generation_data,151,6,0.646,NA
153,38,string-lengths-backwards,ifs,FALSE,10,elitize_generation_data,152,2,0.668,NA
154,38,string-lengths-backwards,ifs,FALSE,10,elitize_generation_data,153,5,0.68,NA
155,38,string-lengths-backwards,ifs,FALSE,10,elitize_generation_data,154,3,0.672,NA
156,38,string-lengths-backwards,ifs,FALSE,10,elitize_generation_data,155,5,0.66,NA
157,38,string-lengths-backwards,ifs,FALSE,10,elitize_generation_data,156,5,0.676,NA
158,38,string-lengths-backwards,ifs,FALSE,10,elitize_generation_data,157,4,0.688,NA
159,38,string-lengths-backwards,ifs,FALSE,10,elitize_generation_data,158,6,0.701,NA
160,38,string-lengths-backwards,ifs,FALSE,10,elitize_generation_data,159,8,0.691,NA
161,38,string-lengths-backwards,ifs,FALSE,10,elitize_generation_data,160,2,0.674,NA
162,38,string-lengths-backwards,ifs,FALSE,10,elitize_generation_data,161,2,0.693,NA
163,38,string-lengths-backwards,ifs,FALSE,10,elitize_generation_data,162,3,0.668,NA
164,38,string-lengths-backwards,ifs,FALSE,10,elitize_generation_data,163,3,0.66,NA
165,38,string-lengths-backwards,ifs,FALSE,10,elitize_generation_data,164,7,0.649,NA
166,38,string-lengths-backwards,ifs,FALSE,10,elitize_generation_data,165,2,0.662,NA
167,38,string-lengths-backwards,ifs,FALSE,10,elitize_generation_data,166,2,0.676,NA
168,38,string-lengths-backwards,ifs,FALSE,10,elitize_generation_data,167,3,0.671,NA
169,38,string-lengths-backwards,ifs,FALSE,10,elitize_generation_data,168,4,0.682,NA
170,38,string-lengths-backwards,ifs,FALSE,10,elitize_generation_data,169,3,0.685,NA
171,38,string-lengths-backwards,ifs,FALSE,10,elitize_generation_data,170,4,0.678,NA
172,38,string-lengths-backwards,ifs,FALSE,10,elitize_generation_data,171,3,0.669,NA
173,38,string-lengths-backwards,ifs,FALSE,10,elitize_generation_data,172,2,0.685,NA
174,38,string-lengths-backwards,ifs,FALSE,10,elitize_generation_data,173,6,0.648,NA
175,38,string-lengths-backwards,ifs,FALSE,10,elitize_generation_data,174,2,0.67,NA
176,38,string-lengths-backwards,ifs,FALSE,10,elitize_generation_data,175,5,0.673,NA
177,38,string-lengths-backwards,ifs,FALSE,10,elitize_generation_data,176,4,0.652,NA
178,38,string-lengths-backwards,ifs,FALSE,10,elitize_generation_data,177,4,0.64,NA
179,38,string-lengths-backwards,ifs,FALSE,10,elitize_generation_data,178,3,0.662,NA
180,38,string-lengths-backwards,ifs,FALSE,10,elitize_generation_data,179,3,0.654,NA
181,38,string-lengths-backwards,ifs,FALSE,10,elitize_generation_data,180,3,0.632,NA
182,38,string-lengths-backwards,ifs,FALSE,10,elitize_generation_data,181,7,0.672,NA
183,38,string-lengths-backwards,ifs,FALSE,10,elitize_generation_data,182,4,0.677,NA
184,38,string-lengths-backwards,ifs,FALSE,10,elitize_generation_data,183,4,0.643,NA
185,38,string-lengths-backwards,ifs,FALSE,10,elitize_generation_data,184,2,0.679,NA
186,38,string-lengths-backwards,ifs,FALSE,10,elitize_generation_data,185,2,0.659,NA
187,38,string-lengths-backwards,ifs,FALSE,10,elitize_generation_data,186,2,0.677,NA
188,38,string-lengths-backwards,ifs,FALSE,10,elitize_generation_data,187,4,0.697,NA
189,38,string-lengths-backwards,ifs,FALSE,10,elitize_generation_data,188,3,0.691,NA
190,38,string-lengths-backwards,ifs,FALSE,10,elitize_generation_data,189,3,0.687,NA
191,38,string-lengths-backwards,ifs,FALSE,10,elitize_generation_data,190,2,0.666,NA
192,38,string-lengths-backwards,ifs,FALSE,10,elitize_generation_data,191,5,0.676,NA
193,38,string-lengths-backwards,ifs,FALSE,10,elitize_generation_data,192,4,0.68,NA
194,38,string-lengths-backwards,ifs,FALSE,10,elitize_generation_data,193,4,0.682,NA
195,38,string-lengths-backwards,ifs,FALSE,10,elitize_generation_data,194,5,0.678,NA
196,38,string-lengths-backwards,ifs,FALSE,10,elitize_generation_data,195,5,0.669,NA
197,38,string-lengths-backwards,ifs,FALSE,10,elitize_generation_data,196,2,0.69,NA
198,38,string-lengths-backwards,ifs,FALSE,10,elitize_generation_data,197,5,0.663,NA
199,38,string-lengths-backwards,ifs,FALSE,10,elitize_generation_data,198,8,0.679,NA
200,38,string-lengths-backwards,ifs,FALSE,10,elitize_generation_data,199,4,0.698,NA
201,38,string-lengths-backwards,ifs,FALSE,10,elitize_generation_data,200,4,0.698,NA
202,38,string-lengths-backwards,ifs,FALSE,10,elitize_generation_data,201,6,0.665,NA
203,38,string-lengths-backwards,ifs,FALSE,10,elitize_generation_data,202,5,0.648,NA
204,38,string-lengths-backwards,ifs,FALSE,10,elitize_generation_data,203,5,0.632,NA
205,38,string-lengths-backwards,ifs,FALSE,10,elitize_generation_data,204,5,0.661,NA
206,38,string-lengths-backwards,ifs,FALSE,10,elitize_generation_data,205,1,0.66,NA
207,38,string-lengths-backwards,ifs,FALSE,10,elitize_generation_data,206,2,0.664,NA
208,38,string-lengths-backwards,ifs,FALSE,10,elitize_generation_data,207,4,0.65,NA
209,38,string-lengths-backwards,ifs,FALSE,10,elitize_generation_data,208,5,0.657,NA
210,38,string-lengths-backwards,ifs,FALSE,10,elitize_generation_data,209,4,0.651,NA
211,38,string-lengths-backwards,ifs,FALSE,10,elitize_generation_data,210,3,0.643,NA
212,38,string-lengths-backwards,ifs,FALSE,10,elitize_generation_data,211,2,0.655,NA
213,38,string-lengths-backwards,ifs,FALSE,10,elitize_generation_data,212,5,0.659,NA
214,38,string-lengths-backwards,ifs,FALSE,10,elitize_generation_data,213,3,0.666,NA
215,38,string-lengths-backwards,ifs,FALSE,10,elitize_generation_data,214,2,0.664,NA
216,38,string-lengths-backwards,ifs,FALSE,10,elitize_generation_data,215,2,0.665,NA
217,38,string-lengths-backwards,ifs,FALSE,10,elitize_generation_data,216,4,0.637,NA
218,38,string-lengths-backwards,ifs,FALSE,10,elitize_generation_data,217,5,0.64,NA
219,38,string-lengths-backwards,ifs,FALSE,10,elitize_generation_data,218,3,0.663,NA
220,38,string-lengths-backwards,ifs,FALSE,10,elitize_generation_data,219,4,0.654,NA
221,38,string-lengths-backwards,ifs,FALSE,10,elitize_generation_data,220,2,0.671,NA
222,38,string-lengths-backwards,ifs,FALSE,10,elitize_generation_data,221,5,0.683,NA
223,38,string-lengths-backwards,ifs,FALSE,10,elitize_generation_data,222,2,0.673,NA
224,38,string-lengths-backwards,ifs,FALSE,10,elitize_generation_data,223,3,0.641,NA
225,38,string-lengths-backwards,ifs,FALSE,10,elitize_generation_data,224,5,0.645,NA
226,38,string-lengths-backwards,ifs,FALSE,10,elitize_generation_data,225,2,0.645,NA
227,38,string-lengths-backwards,ifs,FALSE,10,elitize_generation_data,226,4,0.648,NA
228,38,string-lengths-backwards,ifs,FALSE,10,elitize_generation_data,227,8,0.658,NA
229,38,string-lengths-backwards,ifs,FALSE,10,elitize_generation_data,228,2,0.656,NA
230,38,string-lengths-backwards,ifs,FALSE,10,elitize_generation_data,229,3,0.67,NA
231,38,string-lengths-backwards,ifs,FALSE,10,elitize_generation_data,230,3,0.639,NA
232,38,string-lengths-backwards,ifs,FALSE,10,elitize_generation_data,231,4,0.649,NA
233,38,string-lengths-backwards,ifs,FALSE,10,elitize_generation_data,232,3,0.638,NA
234,38,string-lengths-backwards,ifs,FALSE,10,elitize_generation_data,233,2,0.641,NA
235,38,string-lengths-backwards,ifs,FALSE,10,elitize_generation_data,234,3,0.667,NA
236,38,string-lengths-backwards,ifs,FALSE,10,elitize_generation_data,235,2,0.663,NA
237,38,string-lengths-backwards,ifs,FALSE,10,elitize_generation_data,236,2,0.681,NA
238,38,string-lengths-backwards,ifs,FALSE,10,elitize_generation_data,237,2,0.67,NA
239,38,string-lengths-backwards,ifs,FALSE,10,elitize_generation_data,238,3,0.683,NA
240,38,string-lengths-backwards,ifs,FALSE,10,elitize_generation_data,239,2,0.723,NA
241,38,string-lengths-backwards,ifs,FALSE,10,elitize_generation_data,240,4,0.765,NA
242,38,string-lengths-backwards,ifs,FALSE,10,elitize_generation_data,241,1,0.804,NA
243,38,string-lengths-backwards,ifs,FALSE,10,elitize_generation_data,242,2,0.819,NA
244,38,string-lengths-backwards,ifs,FALSE,10,elitize_generation_data,243,5,0.805,NA
245,38,string-lengths-backwards,ifs,FALSE,10,elitize_generation_data,244,2,0.787,NA
246,38,string-lengths-backwards,ifs,FALSE,10,elitize_generation_data,245,1,0.796,NA
247,38,string-lengths-backwards,ifs,FALSE,10,elitize_generation_data,246,2,0.806,NA
248,38,string-lengths-backwards,ifs,FALSE,10,elitize_generation_data,247,1,0.814,NA
249,38,string-lengths-backwards,ifs,FALSE,10,elitize_generation_data,248,2,0.821,NA
250,38,string-lengths-backwards,ifs,FALSE,10,elitize_generation_data,249,1,0.839,NA
251,38,string-lengths-backwards,ifs,FALSE,10,elitize_generation_data,250,1,0.843,NA
252,38,string-lengths-backwards,ifs,FALSE,10,elitize_generation_data,251,3,0.835,NA
253,38,string-lengths-backwards,ifs,FALSE,10,elitize_generation_data,252,2,0.806,NA
254,38,string-lengths-backwards,ifs,FALSE,10,elitize_generation_data,253,5,0.803,NA
255,38,string-lengths-backwards,ifs,FALSE,10,elitize_generation_data,254,3,0.817,NA
256,38,string-lengths-backwards,ifs,FALSE,10,elitize_generation_data,255,2,0.815,NA
257,38,string-lengths-backwards,ifs,FALSE,10,elitize_generation_data,256,2,0.792,NA
258,38,string-lengths-backwards,ifs,FALSE,10,elitize_generation_data,257,2,0.785,NA
259,38,string-lengths-backwards,ifs,FALSE,10,elitize_generation_data,258,2,0.793,NA
260,38,string-lengths-backwards,ifs,FALSE,10,elitize_generation_data,259,2,0.783,NA
261,38,string-lengths-backwards,ifs,FALSE,10,elitize_generation_data,260,3,0.788,NA
262,38,string-lengths-backwards,ifs,FALSE,10,elitize_generation_data,261,2,0.785,NA
263,38,string-lengths-backwards,ifs,FALSE,10,elitize_generation_data,262,6,0.751,NA
264,38,string-lengths-backwards,ifs,FALSE,10,elitize_generation_data,263,3,0.792,NA
265,38,string-lengths-backwards,ifs,FALSE,10,elitize_generation_data,264,3,0.751,NA
266,38,string-lengths-backwards,ifs,FALSE,10,elitize_generation_data,265,4,0.772,NA
267,38,string-lengths-backwards,ifs,FALSE,10,elitize_generation_data,266,3,0.762,NA
268,38,string-lengths-backwards,ifs,FALSE,10,elitize_generation_data,267,4,0.777,NA
269,38,string-lengths-backwards,ifs,FALSE,10,elitize_generation_data,268,5,0.802,NA
270,38,string-lengths-backwards,ifs,FALSE,10,elitize_generation_data,269,4,0.863,NA
271,38,string-lengths-backwards,ifs,FALSE,10,elitize_generation_data,270,5,0.863,NA
272,38,string-lengths-backwards,ifs,FALSE,10,elitize_generation_data,271,6,0.858,NA
273,38,string-lengths-backwards,ifs,FALSE,10,elitize_generation_data,272,5,0.872,NA
274,38,string-lengths-backwards,ifs,FALSE,10,elitize_generation_data,273,3,0.893,NA
275,38,string-lengths-backwards,ifs,FALSE,10,elitize_generation_data,274,7,0.859,NA
276,38,string-lengths-backwards,ifs,FALSE,10,elitize_generation_data,275,7,0.87,NA
277,38,string-lengths-backwards,ifs,FALSE,10,elitize_generation_data,276,6,0.867,NA
278,38,string-lengths-backwards,ifs,FALSE,10,elitize_generation_data,277,10,0.784,NA
279,38,string-lengths-backwards,ifs,FALSE,10,elitize_generation_data,278,7,0.748,NA
280,38,string-lengths-backwards,ifs,FALSE,10,elitize_generation_data,279,9,0.666,NA
281,38,string-lengths-backwards,ifs,FALSE,10,elitize_generation_data,280,9,0.58,NA
282,38,string-lengths-backwards,ifs,FALSE,10,elitize_generation_data,281,8,0.589,NA
283,38,string-lengths-backwards,ifs,FALSE,10,elitize_generation_data,282,12,0.612,NA
284,38,string-lengths-backwards,ifs,FALSE,10,elitize_generation_data,283,12,0.589,NA
285,38,string-lengths-backwards,ifs,FALSE,10,elitize_generation_data,284,14,0.524,NA
286,38,string-lengths-backwards,ifs,FALSE,10,elitize_generation_data,285,12,0.457,NA
287,38,string-lengths-backwards,ifs,FALSE,10,elitize_generation_data,286,13,0.386,NA
288,38,string-lengths-backwards,ifs,FALSE,10,elitize_generation_data,287,13,0.364,NA
289,38,string-lengths-backwards,ifs,FALSE,10,elitize_generation_data,288,12,0.307,NA
290,38,string-lengths-backwards,ifs,FALSE,10,elitize_generation_data,289,14,0.27,NA
291,38,string-lengths-backwards,ifs,FALSE,10,elitize_generation_data,290,10,0.22,NA
292,38,string-lengths-backwards,ifs,FALSE,10,elitize_generation_data,291,9,0.242,NA
293,38,string-lengths-backwards,ifs,FALSE,10,elitize_generation_data,292,7,0.248,NA
294,38,string-lengths-backwards,ifs,FALSE,10,elitize_generation_data,293,8,0.238,NA
295,38,string-lengths-backwards,ifs,FALSE,10,elitize_generation_data,294,9,0.236,NA
296,38,string-lengths-backwards,ifs,FALSE,10,elitize_generation_data,295,8,0.171,NA
297,38,string-lengths-backwards,ifs,FALSE,10,elitize_generation_data,296,7,0.093,NA
298,38,string-lengths-backwards,ifs,FALSE,10,elitize_generation_data,297,6,0.089,NA
299,38,string-lengths-backwards,ifs,FALSE,10,elitize_generation_data,298,5,0.086,NA
300,38,string-lengths-backwards,ifs,FALSE,10,elitize_generation_data,299,5,0.09,NA
301,38,string-lengths-backwards,ifs,FALSE,10,elitize_generation_data,300,7,0.067,NA
