,run.num,problem,treatment,succeeded,height,normalization.function,generation,cluster.count,error.diversity,success.generation
1,50,string-lengths-backwards,ifs,FALSE,10,elitize_generation_data,0,6,0.261,NA
2,50,string-lengths-backwards,ifs,FALSE,10,elitize_generation_data,1,6,0.152,NA
3,50,string-lengths-backwards,ifs,FALSE,10,elitize_generation_data,2,13,0.243,NA
4,50,string-lengths-backwards,ifs,FALSE,10,elitize_generation_data,3,5,0.307,NA
5,50,string-lengths-backwards,ifs,FALSE,10,elitize_generation_data,4,11,0.107,NA
6,50,string-lengths-backwards,ifs,FALSE,10,elitize_generation_data,5,8,0.122,NA
7,50,string-lengths-backwards,ifs,FALSE,10,elitize_generation_data,6,10,0.18,NA
8,50,string-lengths-backwards,ifs,FALSE,10,elitize_generation_data,7,6,0.213,NA
9,50,string-lengths-backwards,ifs,FALSE,10,elitize_generation_data,8,5,0.288,NA
10,50,string-lengths-backwards,ifs,FALSE,10,elitize_generation_data,9,9,0.363,NA
11,50,string-lengths-backwards,ifs,FALSE,10,elitize_generation_data,10,7,0.413,NA
12,50,string-lengths-backwards,ifs,FALSE,10,elitize_generation_data,11,18,0.207,NA
13,50,string-lengths-backwards,ifs,FALSE,10,elitize_generation_data,12,16,0.159,NA
14,50,string-lengths-backwards,ifs,FALSE,10,elitize_generation_data,13,15,0.211,NA
15,50,string-lengths-backwards,ifs,FALSE,10,elitize_generation_data,14,17,0.191,NA
16,50,string-lengths-backwards,ifs,FALSE,10,elitize_generation_data,15,12,0.192,NA
17,50,string-lengths-backwards,ifs,FALSE,10,elitize_generation_data,16,12,0.189,NA
18,50,string-lengths-backwards,ifs,FALSE,10,elitize_generation_data,17,9,0.169,NA
19,50,string-lengths-backwards,ifs,FALSE,10,elitize_generation_data,18,7,0.178,NA
20,50,string-lengths-backwards,ifs,FALSE,10,elitize_generation_data,19,16,0.214,NA
21,50,string-lengths-backwards,ifs,FALSE,10,elitize_generation_data,20,6,0.323,NA
22,50,string-lengths-backwards,ifs,FALSE,10,elitize_generation_data,21,13,0.347,NA
23,50,string-lengths-backwards,ifs,FALSE,10,elitize_generation_data,22,7,0.345,NA
24,50,string-lengths-backwards,ifs,FALSE,10,elitize_generation_data,23,14,0.307,NA
25,50,string-lengths-backwards,ifs,FALSE,10,elitize_generation_data,24,14,0.325,NA
26,50,string-lengths-backwards,ifs,FALSE,10,elitize_generation_data,25,15,0.329,NA
27,50,string-lengths-backwards,ifs,FALSE,10,elitize_generation_data,26,15,0.311,NA
28,50,string-lengths-backwards,ifs,FALSE,10,elitize_generation_data,27,10,0.304,NA
29,50,string-lengths-backwards,ifs,FALSE,10,elitize_generation_data,28,8,0.279,NA
30,50,string-lengths-backwards,ifs,FALSE,10,elitize_generation_data,29,9,0.303,NA
31,50,string-lengths-backwards,ifs,FALSE,10,elitize_generation_data,30,14,0.294,NA
32,50,string-lengths-backwards,ifs,FALSE,10,elitize_generation_data,31,13,0.334,NA
33,50,string-lengths-backwards,ifs,FALSE,10,elitize_generation_data,32,14,0.363,NA
34,50,string-lengths-backwards,ifs,FALSE,10,elitize_generation_data,33,17,0.422,NA
35,50,string-lengths-backwards,ifs,FALSE,10,elitize_generation_data,34,20,0.428,NA
36,50,string-lengths-backwards,ifs,FALSE,10,elitize_generation_data,35,16,0.454,NA
37,50,string-lengths-backwards,ifs,FALSE,10,elitize_generation_data,36,16,0.432,NA
38,50,string-lengths-backwards,ifs,FALSE,10,elitize_generation_data,37,24,0.44,NA
39,50,string-lengths-backwards,ifs,FALSE,10,elitize_generation_data,38,16,0.428,NA
40,50,string-lengths-backwards,ifs,FALSE,10,elitize_generation_data,39,21,0.427,NA
41,50,string-lengths-backwards,ifs,FALSE,10,elitize_generation_data,40,15,0.426,NA
42,50,string-lengths-backwards,ifs,FALSE,10,elitize_generation_data,41,15,0.452,NA
43,50,string-lengths-backwards,ifs,FALSE,10,elitize_generation_data,42,18,0.491,NA
44,50,string-lengths-backwards,ifs,FALSE,10,elitize_generation_data,43,15,0.463,NA
45,50,string-lengths-backwards,ifs,FALSE,10,elitize_generation_data,44,16,0.445,NA
46,50,string-lengths-backwards,ifs,FALSE,10,elitize_generation_data,45,13,0.394,NA
47,50,string-lengths-backwards,ifs,FALSE,10,elitize_generation_data,46,16,0.387,NA
48,50,string-lengths-backwards,ifs,FALSE,10,elitize_generation_data,47,17,0.342,NA
49,50,string-lengths-backwards,ifs,FALSE,10,elitize_generation_data,48,22,0.357,NA
50,50,string-lengths-backwards,ifs,FALSE,10,elitize_generation_data,49,16,0.347,NA
51,50,string-lengths-backwards,ifs,FALSE,10,elitize_generation_data,50,22,0.355,NA
52,50,string-lengths-backwards,ifs,FALSE,10,elitize_generation_data,51,18,0.354,NA
53,50,string-lengths-backwards,ifs,FALSE,10,elitize_generation_data,52,21,0.324,NA
54,50,string-lengths-backwards,ifs,FALSE,10,elitize_generation_data,53,19,0.326,NA
55,50,string-lengths-backwards,ifs,FALSE,10,elitize_generation_data,54,22,0.348,NA
56,50,string-lengths-backwards,ifs,FALSE,10,elitize_generation_data,55,15,0.301,NA
57,50,string-lengths-backwards,ifs,FALSE,10,elitize_generation_data,56,19,0.289,NA
58,50,string-lengths-backwards,ifs,FALSE,10,elitize_generation_data,57,21,0.296,NA
59,50,string-lengths-backwards,ifs,FALSE,10,elitize_generation_data,58,20,0.313,NA
60,50,string-lengths-backwards,ifs,FALSE,10,elitize_generation_data,59,21,0.305,NA
61,50,string-lengths-backwards,ifs,FALSE,10,elitize_generation_data,60,16,0.284,NA
62,50,string-lengths-backwards,ifs,FALSE,10,elitize_generation_data,61,14,0.302,NA
63,50,string-lengths-backwards,ifs,FALSE,10,elitize_generation_data,62,18,0.316,NA
64,50,string-lengths-backwards,ifs,FALSE,10,elitize_generation_data,63,15,0.283,NA
65,50,string-lengths-backwards,ifs,FALSE,10,elitize_generation_data,64,16,0.27,NA
66,50,string-lengths-backwards,ifs,FALSE,10,elitize_generation_data,65,19,0.259,NA
67,50,string-lengths-backwards,ifs,FALSE,10,elitize_generation_data,66,17,0.27,NA
68,50,string-lengths-backwards,ifs,FALSE,10,elitize_generation_data,67,17,0.296,NA
69,50,string-lengths-backwards,ifs,FALSE,10,elitize_generation_data,68,16,0.269,NA
70,50,string-lengths-backwards,ifs,FALSE,10,elitize_generation_data,69,18,0.283,NA
71,50,string-lengths-backwards,ifs,FALSE,10,elitize_generation_data,70,13,0.273,NA
72,50,string-lengths-backwards,ifs,FALSE,10,elitize_generation_data,71,14,0.301,NA
73,50,string-lengths-backwards,ifs,FALSE,10,elitize_generation_data,72,12,0.289,NA
74,50,string-lengths-backwards,ifs,FALSE,10,elitize_generation_data,73,15,0.272,NA
75,50,string-lengths-backwards,ifs,FALSE,10,elitize_generation_data,74,15,0.272,NA
76,50,string-lengths-backwards,ifs,FALSE,10,elitize_generation_data,75,18,0.263,NA
77,50,string-lengths-backwards,ifs,FALSE,10,elitize_generation_data,76,21,0.277,NA
78,50,string-lengths-backwards,ifs,FALSE,10,elitize_generation_data,77,11,0.291,NA
79,50,string-lengths-backwards,ifs,FALSE,10,elitize_generation_data,78,19,0.267,NA
80,50,string-lengths-backwards,ifs,FALSE,10,elitize_generation_data,79,17,0.276,NA
81,50,string-lengths-backwards,ifs,FALSE,10,elitize_generation_data,80,15,0.298,NA
82,50,string-lengths-backwards,ifs,FALSE,10,elitize_generation_data,81,18,0.284,NA
83,50,string-lengths-backwards,ifs,FALSE,10,elitize_generation_data,82,17,0.276,NA
84,50,string-lengths-backwards,ifs,FALSE,10,elitize_generation_data,83,16,0.285,NA
85,50,string-lengths-backwards,ifs,FALSE,10,elitize_generation_data,84,14,0.28,NA
86,50,string-lengths-backwards,ifs,FALSE,10,elitize_generation_data,85,18,0.288,NA
87,50,string-lengths-backwards,ifs,FALSE,10,elitize_generation_data,86,13,0.303,NA
88,50,string-lengths-backwards,ifs,FALSE,10,elitize_generation_data,87,12,0.285,NA
89,50,string-lengths-backwards,ifs,FALSE,10,elitize_generation_data,88,19,0.289,NA
90,50,string-lengths-backwards,ifs,FALSE,10,elitize_generation_data,89,15,0.293,NA
91,50,string-lengths-backwards,ifs,FALSE,10,elitize_generation_data,90,16,0.291,NA
92,50,string-lengths-backwards,ifs,FALSE,10,elitize_generation_data,91,16,0.295,NA
93,50,string-lengths-backwards,ifs,FALSE,10,elitize_generation_data,92,16,0.291,NA
94,50,string-lengths-backwards,ifs,FALSE,10,elitize_generation_data,93,21,0.286,NA
95,50,string-lengths-backwards,ifs,FALSE,10,elitize_generation_data,94,14,0.302,NA
96,50,string-lengths-backwards,ifs,FALSE,10,elitize_generation_data,95,21,0.294,NA
97,50,string-lengths-backwards,ifs,FALSE,10,elitize_generation_data,96,22,0.294,NA
98,50,string-lengths-backwards,ifs,FALSE,10,elitize_generation_data,97,17,0.304,NA
99,50,string-lengths-backwards,ifs,FALSE,10,elitize_generation_data,98,17,0.285,NA
100,50,string-lengths-backwards,ifs,FALSE,10,elitize_generation_data,99,16,0.278,NA
101,50,string-lengths-backwards,ifs,FALSE,10,elitize_generation_data,100,17,0.285,NA
102,50,string-lengths-backwards,ifs,FALSE,10,elitize_generation_data,101,14,0.294,NA
103,50,string-lengths-backwards,ifs,FALSE,10,elitize_generation_data,102,11,0.285,NA
104,50,string-lengths-backwards,ifs,FALSE,10,elitize_generation_data,103,16,0.286,NA
105,50,string-lengths-backwards,ifs,FALSE,10,elitize_generation_data,104,16,0.271,NA
106,50,string-lengths-backwards,ifs,FALSE,10,elitize_generation_data,105,15,0.294,NA
107,50,string-lengths-backwards,ifs,FALSE,10,elitize_generation_data,106,17,0.299,NA
108,50,string-lengths-backwards,ifs,FALSE,10,elitize_generation_data,107,19,0.282,NA
109,50,string-lengths-backwards,ifs,FALSE,10,elitize_generation_data,108,14,0.28,NA
110,50,string-lengths-backwards,ifs,FALSE,10,elitize_generation_data,109,15,0.284,NA
111,50,string-lengths-backwards,ifs,FALSE,10,elitize_generation_data,110,20,0.306,NA
112,50,string-lengths-backwards,ifs,FALSE,10,elitize_generation_data,111,16,0.263,NA
113,50,string-lengths-backwards,ifs,FALSE,10,elitize_generation_data,112,16,0.294,NA
114,50,string-lengths-backwards,ifs,FALSE,10,elitize_generation_data,113,22,0.283,NA
115,50,string-lengths-backwards,ifs,FALSE,10,elitize_generation_data,114,23,0.283,NA
116,50,string-lengths-backwards,ifs,FALSE,10,elitize_generation_data,115,15,0.303,NA
117,50,string-lengths-backwards,ifs,FALSE,10,elitize_generation_data,116,15,0.274,NA
118,50,string-lengths-backwards,ifs,FALSE,10,elitize_generation_data,117,16,0.27,NA
119,50,string-lengths-backwards,ifs,FALSE,10,elitize_generation_data,118,17,0.294,NA
120,50,string-lengths-backwards,ifs,FALSE,10,elitize_generation_data,119,19,0.254,NA
121,50,string-lengths-backwards,ifs,FALSE,10,elitize_generation_data,120,20,0.288,NA
122,50,string-lengths-backwards,ifs,FALSE,10,elitize_generation_data,121,19,0.273,NA
123,50,string-lengths-backwards,ifs,FALSE,10,elitize_generation_data,122,15,0.282,NA
124,50,string-lengths-backwards,ifs,FALSE,10,elitize_generation_data,123,12,0.28,NA
125,50,string-lengths-backwards,ifs,FALSE,10,elitize_generation_data,124,17,0.272,NA
126,50,string-lengths-backwards,ifs,FALSE,10,elitize_generation_data,125,18,0.296,NA
127,50,string-lengths-backwards,ifs,FALSE,10,elitize_generation_data,126,13,0.304,NA
128,50,string-lengths-backwards,ifs,FALSE,10,elitize_generation_data,127,15,0.284,NA
129,50,string-lengths-backwards,ifs,FALSE,10,elitize_generation_data,128,18,0.302,NA
130,50,string-lengths-backwards,ifs,FALSE,10,elitize_generation_data,129,18,0.285,NA
131,50,string-lengths-backwards,ifs,FALSE,10,elitize_generation_data,130,20,0.279,NA
132,50,string-lengths-backwards,ifs,FALSE,10,elitize_generation_data,131,21,0.318,NA
133,50,string-lengths-backwards,ifs,FALSE,10,elitize_generation_data,132,20,0.326,NA
134,50,string-lengths-backwards,ifs,FALSE,10,elitize_generation_data,133,15,0.361,NA
135,50,string-lengths-backwards,ifs,FALSE,10,elitize_generation_data,134,22,0.373,NA
136,50,string-lengths-backwards,ifs,FALSE,10,elitize_generation_data,135,21,0.365,NA
137,50,string-lengths-backwards,ifs,FALSE,10,elitize_generation_data,136,20,0.387,NA
138,50,string-lengths-backwards,ifs,FALSE,10,elitize_generation_data,137,22,0.381,NA
139,50,string-lengths-backwards,ifs,FALSE,10,elitize_generation_data,138,16,0.31,NA
140,50,string-lengths-backwards,ifs,FALSE,10,elitize_generation_data,139,16,0.312,NA
141,50,string-lengths-backwards,ifs,FALSE,10,elitize_generation_data,140,20,0.307,NA
142,50,string-lengths-backwards,ifs,FALSE,10,elitize_generation_data,141,18,0.308,NA
143,50,string-lengths-backwards,ifs,FALSE,10,elitize_generation_data,142,20,0.327,NA
144,50,string-lengths-backwards,ifs,FALSE,10,elitize_generation_data,143,19,0.274,NA
145,50,string-lengths-backwards,ifs,FALSE,10,elitize_generation_data,144,16,0.288,NA
146,50,string-lengths-backwards,ifs,FALSE,10,elitize_generation_data,145,17,0.278,NA
147,50,string-lengths-backwards,ifs,FALSE,10,elitize_generation_data,146,11,0.313,NA
148,50,string-lengths-backwards,ifs,FALSE,10,elitize_generation_data,147,20,0.336,NA
149,50,string-lengths-backwards,ifs,FALSE,10,elitize_generation_data,148,15,0.335,NA
150,50,string-lengths-backwards,ifs,FALSE,10,elitize_generation_data,149,15,0.357,NA
151,50,string-lengths-backwards,ifs,FALSE,10,elitize_generation_data,150,17,0.315,NA
152,50,string-lengths-backwards,ifs,FALSE,10,elitize_generation_data,151,15,0.304,NA
153,50,string-lengths-backwards,ifs,FALSE,10,elitize_generation_data,152,14,0.331,NA
154,50,string-lengths-backwards,ifs,FALSE,10,elitize_generation_data,153,16,0.368,NA
155,50,string-lengths-backwards,ifs,FALSE,10,elitize_generation_data,154,20,0.373,NA
156,50,string-lengths-backwards,ifs,FALSE,10,elitize_generation_data,155,15,0.376,NA
157,50,string-lengths-backwards,ifs,FALSE,10,elitize_generation_data,156,17,0.371,NA
158,50,string-lengths-backwards,ifs,FALSE,10,elitize_generation_data,157,15,0.327,NA
159,50,string-lengths-backwards,ifs,FALSE,10,elitize_generation_data,158,13,0.322,NA
160,50,string-lengths-backwards,ifs,FALSE,10,elitize_generation_data,159,13,0.371,NA
161,50,string-lengths-backwards,ifs,FALSE,10,elitize_generation_data,160,15,0.43,NA
162,50,string-lengths-backwards,ifs,FALSE,10,elitize_generation_data,161,13,0.417,NA
163,50,string-lengths-backwards,ifs,FALSE,10,elitize_generation_data,162,12,0.355,NA
164,50,string-lengths-backwards,ifs,FALSE,10,elitize_generation_data,163,12,0.312,NA
165,50,string-lengths-backwards,ifs,FALSE,10,elitize_generation_data,164,11,0.325,NA
166,50,string-lengths-backwards,ifs,FALSE,10,elitize_generation_data,165,10,0.34,NA
167,50,string-lengths-backwards,ifs,FALSE,10,elitize_generation_data,166,11,0.361,NA
168,50,string-lengths-backwards,ifs,FALSE,10,elitize_generation_data,167,12,0.339,NA
169,50,string-lengths-backwards,ifs,FALSE,10,elitize_generation_data,168,5,0.348,NA
170,50,string-lengths-backwards,ifs,FALSE,10,elitize_generation_data,169,4,0.358,NA
171,50,string-lengths-backwards,ifs,FALSE,10,elitize_generation_data,170,5,0.384,NA
172,50,string-lengths-backwards,ifs,FALSE,10,elitize_generation_data,171,5,0.351,NA
173,50,string-lengths-backwards,ifs,FALSE,10,elitize_generation_data,172,10,0.376,NA
174,50,string-lengths-backwards,ifs,FALSE,10,elitize_generation_data,173,11,0.416,NA
175,50,string-lengths-backwards,ifs,FALSE,10,elitize_generation_data,174,10,0.376,NA
176,50,string-lengths-backwards,ifs,FALSE,10,elitize_generation_data,175,13,0.38,NA
177,50,string-lengths-backwards,ifs,FALSE,10,elitize_generation_data,176,15,0.442,NA
178,50,string-lengths-backwards,ifs,FALSE,10,elitize_generation_data,177,5,0.454,NA
179,50,string-lengths-backwards,ifs,FALSE,10,elitize_generation_data,178,3,0.465,NA
180,50,string-lengths-backwards,ifs,FALSE,10,elitize_generation_data,179,2,0.445,NA
181,50,string-lengths-backwards,ifs,FALSE,10,elitize_generation_data,180,5,0.476,NA
182,50,string-lengths-backwards,ifs,FALSE,10,elitize_generation_data,181,5,0.488,NA
183,50,string-lengths-backwards,ifs,FALSE,10,elitize_generation_data,182,7,0.543,NA
184,50,string-lengths-backwards,ifs,FALSE,10,elitize_generation_data,183,7,0.585,NA
185,50,string-lengths-backwards,ifs,FALSE,10,elitize_generation_data,184,9,0.579,NA
186,50,string-lengths-backwards,ifs,FALSE,10,elitize_generation_data,185,10,0.591,NA
187,50,string-lengths-backwards,ifs,FALSE,10,elitize_generation_data,186,12,0.566,NA
188,50,string-lengths-backwards,ifs,FALSE,10,elitize_generation_data,187,13,0.594,NA
189,50,string-lengths-backwards,ifs,FALSE,10,elitize_generation_data,188,10,0.57,NA
190,50,string-lengths-backwards,ifs,FALSE,10,elitize_generation_data,189,11,0.529,NA
191,50,string-lengths-backwards,ifs,FALSE,10,elitize_generation_data,190,9,0.508,NA
192,50,string-lengths-backwards,ifs,FALSE,10,elitize_generation_data,191,10,0.522,NA
193,50,string-lengths-backwards,ifs,FALSE,10,elitize_generation_data,192,11,0.508,NA
194,50,string-lengths-backwards,ifs,FALSE,10,elitize_generation_data,193,11,0.473,NA
195,50,string-lengths-backwards,ifs,FALSE,10,elitize_generation_data,194,10,0.473,NA
196,50,string-lengths-backwards,ifs,FALSE,10,elitize_generation_data,195,9,0.495,NA
197,50,string-lengths-backwards,ifs,FALSE,10,elitize_generation_data,196,8,0.499,NA
198,50,string-lengths-backwards,ifs,FALSE,10,elitize_generation_data,197,9,0.486,NA
199,50,string-lengths-backwards,ifs,FALSE,10,elitize_generation_data,198,8,0.475,NA
200,50,string-lengths-backwards,ifs,FALSE,10,elitize_generation_data,199,10,0.496,NA
201,50,string-lengths-backwards,ifs,FALSE,10,elitize_generation_data,200,14,0.459,NA
202,50,string-lengths-backwards,ifs,FALSE,10,elitize_generation_data,201,8,0.495,NA
203,50,string-lengths-backwards,ifs,FALSE,10,elitize_generation_data,202,9,0.472,NA
204,50,string-lengths-backwards,ifs,FALSE,10,elitize_generation_data,203,11,0.485,NA
205,50,string-lengths-backwards,ifs,FALSE,10,elitize_generation_data,204,11,0.452,NA
206,50,string-lengths-backwards,ifs,FALSE,10,elitize_generation_data,205,13,0.492,NA
207,50,string-lengths-backwards,ifs,FALSE,10,elitize_generation_data,206,8,0.472,NA
208,50,string-lengths-backwards,ifs,FALSE,10,elitize_generation_data,207,11,0.497,NA
209,50,string-lengths-backwards,ifs,FALSE,10,elitize_generation_data,208,10,0.472,NA
210,50,string-lengths-backwards,ifs,FALSE,10,elitize_generation_data,209,10,0.491,NA
211,50,string-lengths-backwards,ifs,FALSE,10,elitize_generation_data,210,10,0.485,NA
212,50,string-lengths-backwards,ifs,FALSE,10,elitize_generation_data,211,9,0.495,NA
213,50,string-lengths-backwards,ifs,FALSE,10,elitize_generation_data,212,9,0.493,NA
214,50,string-lengths-backwards,ifs,FALSE,10,elitize_generation_data,213,9,0.495,NA
215,50,string-lengths-backwards,ifs,FALSE,10,elitize_generation_data,214,11,0.504,NA
216,50,string-lengths-backwards,ifs,FALSE,10,elitize_generation_data,215,10,0.497,NA
217,50,string-lengths-backwards,ifs,FALSE,10,elitize_generation_data,216,11,0.54,NA
218,50,string-lengths-backwards,ifs,FALSE,10,elitize_generation_data,217,11,0.514,NA
219,50,string-lengths-backwards,ifs,FALSE,10,elitize_generation_data,218,11,0.49,NA
220,50,string-lengths-backwards,ifs,FALSE,10,elitize_generation_data,219,13,0.492,NA
221,50,string-lengths-backwards,ifs,FALSE,10,elitize_generation_data,220,14,0.485,NA
222,50,string-lengths-backwards,ifs,FALSE,10,elitize_generation_data,221,11,0.471,NA
223,50,string-lengths-backwards,ifs,FALSE,10,elitize_generation_data,222,10,0.468,NA
224,50,string-lengths-backwards,ifs,FALSE,10,elitize_generation_data,223,14,0.463,NA
225,50,string-lengths-backwards,ifs,FALSE,10,elitize_generation_data,224,10,0.489,NA
226,50,string-lengths-backwards,ifs,FALSE,10,elitize_generation_data,225,7,0.481,NA
227,50,string-lengths-backwards,ifs,FALSE,10,elitize_generation_data,226,7,0.488,NA
228,50,string-lengths-backwards,ifs,FALSE,10,elitize_generation_data,227,11,0.463,NA
229,50,string-lengths-backwards,ifs,FALSE,10,elitize_generation_data,228,12,0.472,NA
230,50,string-lengths-backwards,ifs,FALSE,10,elitize_generation_data,229,5,0.463,NA
231,50,string-lengths-backwards,ifs,FALSE,10,elitize_generation_data,230,6,0.48,NA
232,50,string-lengths-backwards,ifs,FALSE,10,elitize_generation_data,231,4,0.526,NA
233,50,string-lengths-backwards,ifs,FALSE,10,elitize_generation_data,232,5,0.581,NA
234,50,string-lengths-backwards,ifs,FALSE,10,elitize_generation_data,233,4,0.651,NA
235,50,string-lengths-backwards,ifs,FALSE,10,elitize_generation_data,234,6,0.647,NA
236,50,string-lengths-backwards,ifs,FALSE,10,elitize_generation_data,235,7,0.69,NA
237,50,string-lengths-backwards,ifs,FALSE,10,elitize_generation_data,236,6,0.656,NA
238,50,string-lengths-backwards,ifs,FALSE,10,elitize_generation_data,237,9,0.662,NA
239,50,string-lengths-backwards,ifs,FALSE,10,elitize_generation_data,238,9,0.616,NA
240,50,string-lengths-backwards,ifs,FALSE,10,elitize_generation_data,239,3,0.572,NA
241,50,string-lengths-backwards,ifs,FALSE,10,elitize_generation_data,240,5,0.514,NA
242,50,string-lengths-backwards,ifs,FALSE,10,elitize_generation_data,241,6,0.415,NA
243,50,string-lengths-backwards,ifs,FALSE,10,elitize_generation_data,242,7,0.324,NA
244,50,string-lengths-backwards,ifs,FALSE,10,elitize_generation_data,243,8,0.273,NA
245,50,string-lengths-backwards,ifs,FALSE,10,elitize_generation_data,244,7,0.242,NA
246,50,string-lengths-backwards,ifs,FALSE,10,elitize_generation_data,245,9,0.264,NA
247,50,string-lengths-backwards,ifs,FALSE,10,elitize_generation_data,246,10,0.301,NA
248,50,string-lengths-backwards,ifs,FALSE,10,elitize_generation_data,247,10,0.36,NA
249,50,string-lengths-backwards,ifs,FALSE,10,elitize_generation_data,248,9,0.335,NA
250,50,string-lengths-backwards,ifs,FALSE,10,elitize_generation_data,249,7,0.363,NA
251,50,string-lengths-backwards,ifs,FALSE,10,elitize_generation_data,250,10,0.362,NA
252,50,string-lengths-backwards,ifs,FALSE,10,elitize_generation_data,251,7,0.344,NA
253,50,string-lengths-backwards,ifs,FALSE,10,elitize_generation_data,252,9,0.377,NA
254,50,string-lengths-backwards,ifs,FALSE,10,elitize_generation_data,253,9,0.392,NA
255,50,string-lengths-backwards,ifs,FALSE,10,elitize_generation_data,254,10,0.409,NA
256,50,string-lengths-backwards,ifs,FALSE,10,elitize_generation_data,255,9,0.428,NA
257,50,string-lengths-backwards,ifs,FALSE,10,elitize_generation_data,256,9,0.436,NA
258,50,string-lengths-backwards,ifs,FALSE,10,elitize_generation_data,257,9,0.418,NA
259,50,string-lengths-backwards,ifs,FALSE,10,elitize_generation_data,258,7,0.388,NA
260,50,string-lengths-backwards,ifs,FALSE,10,elitize_generation_data,259,8,0.401,NA
261,50,string-lengths-backwards,ifs,FALSE,10,elitize_generation_data,260,7,0.41,NA
262,50,string-lengths-backwards,ifs,FALSE,10,elitize_generation_data,261,7,0.362,NA
263,50,string-lengths-backwards,ifs,FALSE,10,elitize_generation_data,262,4,0.377,NA
264,50,string-lengths-backwards,ifs,FALSE,10,elitize_generation_data,263,7,0.347,NA
265,50,string-lengths-backwards,ifs,FALSE,10,elitize_generation_data,264,8,0.383,NA
266,50,string-lengths-backwards,ifs,FALSE,10,elitize_generation_data,265,8,0.396,NA
267,50,string-lengths-backwards,ifs,FALSE,10,elitize_generation_data,266,6,0.37,NA
268,50,string-lengths-backwards,ifs,FALSE,10,elitize_generation_data,267,8,0.398,NA
269,50,string-lengths-backwards,ifs,FALSE,10,elitize_generation_data,268,9,0.39,NA
270,50,string-lengths-backwards,ifs,FALSE,10,elitize_generation_data,269,8,0.399,NA
271,50,string-lengths-backwards,ifs,FALSE,10,elitize_generation_data,270,7,0.406,NA
272,50,string-lengths-backwards,ifs,FALSE,10,elitize_generation_data,271,9,0.404,NA
273,50,string-lengths-backwards,ifs,FALSE,10,elitize_generation_data,272,9,0.384,NA
274,50,string-lengths-backwards,ifs,FALSE,10,elitize_generation_data,273,8,0.407,NA
275,50,string-lengths-backwards,ifs,FALSE,10,elitize_generation_data,274,7,0.389,NA
276,50,string-lengths-backwards,ifs,FALSE,10,elitize_generation_data,275,8,0.42,NA
277,50,string-lengths-backwards,ifs,FALSE,10,elitize_generation_data,276,9,0.407,NA
278,50,string-lengths-backwards,ifs,FALSE,10,elitize_generation_data,277,9,0.407,NA
279,50,string-lengths-backwards,ifs,FALSE,10,elitize_generation_data,278,9,0.41,NA
280,50,string-lengths-backwards,ifs,FALSE,10,elitize_generation_data,279,9,0.412,NA
281,50,string-lengths-backwards,ifs,FALSE,10,elitize_generation_data,280,8,0.403,NA
282,50,string-lengths-backwards,ifs,FALSE,10,elitize_generation_data,281,9,0.41,NA
283,50,string-lengths-backwards,ifs,FALSE,10,elitize_generation_data,282,8,0.385,NA
284,50,string-lengths-backwards,ifs,FALSE,10,elitize_generation_data,283,7,0.336,NA
285,50,string-lengths-backwards,ifs,FALSE,10,elitize_generation_data,284,9,0.292,NA
286,50,string-lengths-backwards,ifs,FALSE,10,elitize_generation_data,285,6,0.308,NA
287,50,string-lengths-backwards,ifs,FALSE,10,elitize_generation_data,286,7,0.279,NA
288,50,string-lengths-backwards,ifs,FALSE,10,elitize_generation_data,287,7,0.288,NA
289,50,string-lengths-backwards,ifs,FALSE,10,elitize_generation_data,288,9,0.282,NA
290,50,string-lengths-backwards,ifs,FALSE,10,elitize_generation_data,289,10,0.254,NA
291,50,string-lengths-backwards,ifs,FALSE,10,elitize_generation_data,290,10,0.188,NA
292,50,string-lengths-backwards,ifs,FALSE,10,elitize_generation_data,291,8,0.106,NA
293,50,string-lengths-backwards,ifs,FALSE,10,elitize_generation_data,292,9,0.109,NA
294,50,string-lengths-backwards,ifs,FALSE,10,elitize_generation_data,293,10,0.105,NA
295,50,string-lengths-backwards,ifs,FALSE,10,elitize_generation_data,294,11,0.103,NA
296,50,string-lengths-backwards,ifs,FALSE,10,elitize_generation_data,295,10,0.098,NA
297,50,string-lengths-backwards,ifs,FALSE,10,elitize_generation_data,296,9,0.115,NA
298,50,string-lengths-backwards,ifs,FALSE,10,elitize_generation_data,297,8,0.106,NA
299,50,string-lengths-backwards,ifs,FALSE,10,elitize_generation_data,298,10,0.11,NA
300,50,string-lengths-backwards,ifs,FALSE,10,elitize_generation_data,299,10,0.111,NA
301,50,string-lengths-backwards,ifs,FALSE,10,elitize_generation_data,300,7,0.105,NA
