,run.num,problem,treatment,succeeded,height,normalization.function,generation,cluster.count,error.diversity,success.generation
1,12,string-lengths-backwards,ifs,FALSE,10,elitize_generation_data,0,6,0.25,NA
2,12,string-lengths-backwards,ifs,FALSE,10,elitize_generation_data,1,6,0.132,NA
3,12,string-lengths-backwards,ifs,FALSE,10,elitize_generation_data,2,9,0.24,NA
4,12,string-lengths-backwards,ifs,FALSE,10,elitize_generation_data,3,7,0.364,NA
5,12,string-lengths-backwards,ifs,FALSE,10,elitize_generation_data,4,5,0.247,NA
6,12,string-lengths-backwards,ifs,FALSE,10,elitize_generation_data,5,9,0.167,NA
7,12,string-lengths-backwards,ifs,FALSE,10,elitize_generation_data,6,9,0.199,NA
8,12,string-lengths-backwards,ifs,FALSE,10,elitize_generation_data,7,5,0.224,NA
9,12,string-lengths-backwards,ifs,FALSE,10,elitize_generation_data,8,9,0.363,NA
10,12,string-lengths-backwards,ifs,FALSE,10,elitize_generation_data,9,3,0.56,NA
11,12,string-lengths-backwards,ifs,FALSE,10,elitize_generation_data,10,7,0.653,NA
12,12,string-lengths-backwards,ifs,FALSE,10,elitize_generation_data,11,16,0.608,NA
13,12,string-lengths-backwards,ifs,FALSE,10,elitize_generation_data,12,14,0.493,NA
14,12,string-lengths-backwards,ifs,FALSE,10,elitize_generation_data,13,18,0.414,NA
15,12,string-lengths-backwards,ifs,FALSE,10,elitize_generation_data,14,18,0.32,NA
16,12,string-lengths-backwards,ifs,FALSE,10,elitize_generation_data,15,16,0.287,NA
17,12,string-lengths-backwards,ifs,FALSE,10,elitize_generation_data,16,17,0.309,NA
18,12,string-lengths-backwards,ifs,FALSE,10,elitize_generation_data,17,17,0.273,NA
19,12,string-lengths-backwards,ifs,FALSE,10,elitize_generation_data,18,13,0.245,NA
20,12,string-lengths-backwards,ifs,FALSE,10,elitize_generation_data,19,19,0.223,NA
21,12,string-lengths-backwards,ifs,FALSE,10,elitize_generation_data,20,14,0.251,NA
22,12,string-lengths-backwards,ifs,FALSE,10,elitize_generation_data,21,3,0.311,NA
23,12,string-lengths-backwards,ifs,FALSE,10,elitize_generation_data,22,4,0.355,NA
24,12,string-lengths-backwards,ifs,FALSE,10,elitize_generation_data,23,7,0.41,NA
25,12,string-lengths-backwards,ifs,FALSE,10,elitize_generation_data,24,9,0.44,NA
26,12,string-lengths-backwards,ifs,FALSE,10,elitize_generation_data,25,7,0.398,NA
27,12,string-lengths-backwards,ifs,FALSE,10,elitize_generation_data,26,7,0.225,NA
28,12,string-lengths-backwards,ifs,FALSE,10,elitize_generation_data,27,13,0.157,NA
29,12,string-lengths-backwards,ifs,FALSE,10,elitize_generation_data,28,16,0.114,NA
30,12,string-lengths-backwards,ifs,FALSE,10,elitize_generation_data,29,13,0.178,NA
31,12,string-lengths-backwards,ifs,FALSE,10,elitize_generation_data,30,9,0.154,NA
32,12,string-lengths-backwards,ifs,FALSE,10,elitize_generation_data,31,14,0.154,NA
33,12,string-lengths-backwards,ifs,FALSE,10,elitize_generation_data,32,13,0.183,NA
34,12,string-lengths-backwards,ifs,FALSE,10,elitize_generation_data,33,10,0.219,NA
35,12,string-lengths-backwards,ifs,FALSE,10,elitize_generation_data,34,10,0.221,NA
36,12,string-lengths-backwards,ifs,FALSE,10,elitize_generation_data,35,8,0.277,NA
37,12,string-lengths-backwards,ifs,FALSE,10,elitize_generation_data,36,5,0.297,NA
38,12,string-lengths-backwards,ifs,FALSE,10,elitize_generation_data,37,10,0.293,NA
39,12,string-lengths-backwards,ifs,FALSE,10,elitize_generation_data,38,11,0.268,NA
40,12,string-lengths-backwards,ifs,FALSE,10,elitize_generation_data,39,10,0.3,NA
41,12,string-lengths-backwards,ifs,FALSE,10,elitize_generation_data,40,11,0.305,NA
42,12,string-lengths-backwards,ifs,FALSE,10,elitize_generation_data,41,13,0.331,NA
43,12,string-lengths-backwards,ifs,FALSE,10,elitize_generation_data,42,13,0.28,NA
44,12,string-lengths-backwards,ifs,FALSE,10,elitize_generation_data,43,7,0.246,NA
45,12,string-lengths-backwards,ifs,FALSE,10,elitize_generation_data,44,9,0.264,NA
46,12,string-lengths-backwards,ifs,FALSE,10,elitize_generation_data,45,10,0.268,NA
47,12,string-lengths-backwards,ifs,FALSE,10,elitize_generation_data,46,7,0.318,NA
48,12,string-lengths-backwards,ifs,FALSE,10,elitize_generation_data,47,10,0.339,NA
49,12,string-lengths-backwards,ifs,FALSE,10,elitize_generation_data,48,10,0.358,NA
50,12,string-lengths-backwards,ifs,FALSE,10,elitize_generation_data,49,12,0.357,NA
51,12,string-lengths-backwards,ifs,FALSE,10,elitize_generation_data,50,8,0.388,NA
52,12,string-lengths-backwards,ifs,FALSE,10,elitize_generation_data,51,11,0.361,NA
53,12,string-lengths-backwards,ifs,FALSE,10,elitize_generation_data,52,12,0.362,NA
54,12,string-lengths-backwards,ifs,FALSE,10,elitize_generation_data,53,13,0.319,NA
55,12,string-lengths-backwards,ifs,FALSE,10,elitize_generation_data,54,10,0.323,NA
56,12,string-lengths-backwards,ifs,FALSE,10,elitize_generation_data,55,16,0.355,NA
57,12,string-lengths-backwards,ifs,FALSE,10,elitize_generation_data,56,12,0.322,NA
58,12,string-lengths-backwards,ifs,FALSE,10,elitize_generation_data,57,11,0.336,NA
59,12,string-lengths-backwards,ifs,FALSE,10,elitize_generation_data,58,13,0.313,NA
60,12,string-lengths-backwards,ifs,FALSE,10,elitize_generation_data,59,13,0.315,NA
61,12,string-lengths-backwards,ifs,FALSE,10,elitize_generation_data,60,9,0.331,NA
62,12,string-lengths-backwards,ifs,FALSE,10,elitize_generation_data,61,14,0.356,NA
63,12,string-lengths-backwards,ifs,FALSE,10,elitize_generation_data,62,11,0.407,NA
64,12,string-lengths-backwards,ifs,FALSE,10,elitize_generation_data,63,17,0.461,NA
65,12,string-lengths-backwards,ifs,FALSE,10,elitize_generation_data,64,15,0.453,NA
66,12,string-lengths-backwards,ifs,FALSE,10,elitize_generation_data,65,6,0.478,NA
67,12,string-lengths-backwards,ifs,FALSE,10,elitize_generation_data,66,12,0.493,NA
68,12,string-lengths-backwards,ifs,FALSE,10,elitize_generation_data,67,13,0.438,NA
69,12,string-lengths-backwards,ifs,FALSE,10,elitize_generation_data,68,16,0.401,NA
70,12,string-lengths-backwards,ifs,FALSE,10,elitize_generation_data,69,11,0.416,NA
71,12,string-lengths-backwards,ifs,FALSE,10,elitize_generation_data,70,8,0.435,NA
72,12,string-lengths-backwards,ifs,FALSE,10,elitize_generation_data,71,9,0.417,NA
73,12,string-lengths-backwards,ifs,FALSE,10,elitize_generation_data,72,14,0.407,NA
74,12,string-lengths-backwards,ifs,FALSE,10,elitize_generation_data,73,12,0.396,NA
75,12,string-lengths-backwards,ifs,FALSE,10,elitize_generation_data,74,14,0.379,NA
76,12,string-lengths-backwards,ifs,FALSE,10,elitize_generation_data,75,11,0.378,NA
77,12,string-lengths-backwards,ifs,FALSE,10,elitize_generation_data,76,14,0.384,NA
78,12,string-lengths-backwards,ifs,FALSE,10,elitize_generation_data,77,13,0.37,NA
79,12,string-lengths-backwards,ifs,FALSE,10,elitize_generation_data,78,15,0.378,NA
80,12,string-lengths-backwards,ifs,FALSE,10,elitize_generation_data,79,12,0.371,NA
81,12,string-lengths-backwards,ifs,FALSE,10,elitize_generation_data,80,15,0.36,NA
82,12,string-lengths-backwards,ifs,FALSE,10,elitize_generation_data,81,13,0.392,NA
83,12,string-lengths-backwards,ifs,FALSE,10,elitize_generation_data,82,10,0.382,NA
84,12,string-lengths-backwards,ifs,FALSE,10,elitize_generation_data,83,12,0.381,NA
85,12,string-lengths-backwards,ifs,FALSE,10,elitize_generation_data,84,13,0.351,NA
86,12,string-lengths-backwards,ifs,FALSE,10,elitize_generation_data,85,13,0.363,NA
87,12,string-lengths-backwards,ifs,FALSE,10,elitize_generation_data,86,14,0.365,NA
88,12,string-lengths-backwards,ifs,FALSE,10,elitize_generation_data,87,11,0.369,NA
89,12,string-lengths-backwards,ifs,FALSE,10,elitize_generation_data,88,19,0.376,NA
90,12,string-lengths-backwards,ifs,FALSE,10,elitize_generation_data,89,16,0.363,NA
91,12,string-lengths-backwards,ifs,FALSE,10,elitize_generation_data,90,13,0.373,NA
92,12,string-lengths-backwards,ifs,FALSE,10,elitize_generation_data,91,11,0.384,NA
93,12,string-lengths-backwards,ifs,FALSE,10,elitize_generation_data,92,6,0.411,NA
94,12,string-lengths-backwards,ifs,FALSE,10,elitize_generation_data,93,6,0.401,NA
95,12,string-lengths-backwards,ifs,FALSE,10,elitize_generation_data,94,8,0.478,NA
96,12,string-lengths-backwards,ifs,FALSE,10,elitize_generation_data,95,6,0.51,NA
97,12,string-lengths-backwards,ifs,FALSE,10,elitize_generation_data,96,4,0.537,NA
98,12,string-lengths-backwards,ifs,FALSE,10,elitize_generation_data,97,3,0.534,NA
99,12,string-lengths-backwards,ifs,FALSE,10,elitize_generation_data,98,3,0.5,NA
100,12,string-lengths-backwards,ifs,FALSE,10,elitize_generation_data,99,3,0.518,NA
101,12,string-lengths-backwards,ifs,FALSE,10,elitize_generation_data,100,7,0.524,NA
102,12,string-lengths-backwards,ifs,FALSE,10,elitize_generation_data,101,8,0.553,NA
103,12,string-lengths-backwards,ifs,FALSE,10,elitize_generation_data,102,2,0.512,NA
104,12,string-lengths-backwards,ifs,FALSE,10,elitize_generation_data,103,4,0.513,NA
105,12,string-lengths-backwards,ifs,FALSE,10,elitize_generation_data,104,6,0.538,NA
106,12,string-lengths-backwards,ifs,FALSE,10,elitize_generation_data,105,4,0.511,NA
107,12,string-lengths-backwards,ifs,FALSE,10,elitize_generation_data,106,3,0.529,NA
108,12,string-lengths-backwards,ifs,FALSE,10,elitize_generation_data,107,8,0.502,NA
109,12,string-lengths-backwards,ifs,FALSE,10,elitize_generation_data,108,5,0.461,NA
110,12,string-lengths-backwards,ifs,FALSE,10,elitize_generation_data,109,7,0.487,NA
111,12,string-lengths-backwards,ifs,FALSE,10,elitize_generation_data,110,6,0.456,NA
112,12,string-lengths-backwards,ifs,FALSE,10,elitize_generation_data,111,5,0.468,NA
113,12,string-lengths-backwards,ifs,FALSE,10,elitize_generation_data,112,10,0.454,NA
114,12,string-lengths-backwards,ifs,FALSE,10,elitize_generation_data,113,5,0.501,NA
115,12,string-lengths-backwards,ifs,FALSE,10,elitize_generation_data,114,5,0.493,NA
116,12,string-lengths-backwards,ifs,FALSE,10,elitize_generation_data,115,4,0.516,NA
117,12,string-lengths-backwards,ifs,FALSE,10,elitize_generation_data,116,5,0.501,NA
118,12,string-lengths-backwards,ifs,FALSE,10,elitize_generation_data,117,7,0.465,NA
119,12,string-lengths-backwards,ifs,FALSE,10,elitize_generation_data,118,6,0.471,NA
120,12,string-lengths-backwards,ifs,FALSE,10,elitize_generation_data,119,9,0.45,NA
121,12,string-lengths-backwards,ifs,FALSE,10,elitize_generation_data,120,3,0.435,NA
122,12,string-lengths-backwards,ifs,FALSE,10,elitize_generation_data,121,4,0.435,NA
123,12,string-lengths-backwards,ifs,FALSE,10,elitize_generation_data,122,6,0.471,NA
124,12,string-lengths-backwards,ifs,FALSE,10,elitize_generation_data,123,6,0.488,NA
125,12,string-lengths-backwards,ifs,FALSE,10,elitize_generation_data,124,5,0.462,NA
126,12,string-lengths-backwards,ifs,FALSE,10,elitize_generation_data,125,10,0.454,NA
127,12,string-lengths-backwards,ifs,FALSE,10,elitize_generation_data,126,7,0.466,NA
128,12,string-lengths-backwards,ifs,FALSE,10,elitize_generation_data,127,8,0.458,NA
129,12,string-lengths-backwards,ifs,FALSE,10,elitize_generation_data,128,4,0.446,NA
130,12,string-lengths-backwards,ifs,FALSE,10,elitize_generation_data,129,4,0.452,NA
131,12,string-lengths-backwards,ifs,FALSE,10,elitize_generation_data,130,4,0.45,NA
132,12,string-lengths-backwards,ifs,FALSE,10,elitize_generation_data,131,3,0.454,NA
133,12,string-lengths-backwards,ifs,FALSE,10,elitize_generation_data,132,2,0.453,NA
134,12,string-lengths-backwards,ifs,FALSE,10,elitize_generation_data,133,2,0.485,NA
135,12,string-lengths-backwards,ifs,FALSE,10,elitize_generation_data,134,6,0.468,NA
136,12,string-lengths-backwards,ifs,FALSE,10,elitize_generation_data,135,5,0.449,NA
137,12,string-lengths-backwards,ifs,FALSE,10,elitize_generation_data,136,5,0.483,NA
138,12,string-lengths-backwards,ifs,FALSE,10,elitize_generation_data,137,8,0.438,NA
139,12,string-lengths-backwards,ifs,FALSE,10,elitize_generation_data,138,6,0.478,NA
140,12,string-lengths-backwards,ifs,FALSE,10,elitize_generation_data,139,7,0.477,NA
141,12,string-lengths-backwards,ifs,FALSE,10,elitize_generation_data,140,5,0.507,NA
142,12,string-lengths-backwards,ifs,FALSE,10,elitize_generation_data,141,7,0.472,NA
143,12,string-lengths-backwards,ifs,FALSE,10,elitize_generation_data,142,4,0.467,NA
144,12,string-lengths-backwards,ifs,FALSE,10,elitize_generation_data,143,6,0.476,NA
145,12,string-lengths-backwards,ifs,FALSE,10,elitize_generation_data,144,8,0.491,NA
146,12,string-lengths-backwards,ifs,FALSE,10,elitize_generation_data,145,6,0.495,NA
147,12,string-lengths-backwards,ifs,FALSE,10,elitize_generation_data,146,5,0.486,NA
148,12,string-lengths-backwards,ifs,FALSE,10,elitize_generation_data,147,4,0.486,NA
149,12,string-lengths-backwards,ifs,FALSE,10,elitize_generation_data,148,4,0.484,NA
150,12,string-lengths-backwards,ifs,FALSE,10,elitize_generation_data,149,7,0.483,NA
151,12,string-lengths-backwards,ifs,FALSE,10,elitize_generation_data,150,4,0.504,NA
152,12,string-lengths-backwards,ifs,FALSE,10,elitize_generation_data,151,4,0.496,NA
153,12,string-lengths-backwards,ifs,FALSE,10,elitize_generation_data,152,4,0.471,NA
154,12,string-lengths-backwards,ifs,FALSE,10,elitize_generation_data,153,4,0.483,NA
155,12,string-lengths-backwards,ifs,FALSE,10,elitize_generation_data,154,6,0.488,NA
156,12,string-lengths-backwards,ifs,FALSE,10,elitize_generation_data,155,4,0.47,NA
157,12,string-lengths-backwards,ifs,FALSE,10,elitize_generation_data,156,4,0.462,NA
158,12,string-lengths-backwards,ifs,FALSE,10,elitize_generation_data,157,5,0.478,NA
159,12,string-lengths-backwards,ifs,FALSE,10,elitize_generation_data,158,2,0.491,NA
160,12,string-lengths-backwards,ifs,FALSE,10,elitize_generation_data,159,3,0.481,NA
161,12,string-lengths-backwards,ifs,FALSE,10,elitize_generation_data,160,4,0.5,NA
162,12,string-lengths-backwards,ifs,FALSE,10,elitize_generation_data,161,5,0.49,NA
163,12,string-lengths-backwards,ifs,FALSE,10,elitize_generation_data,162,5,0.469,NA
164,12,string-lengths-backwards,ifs,FALSE,10,elitize_generation_data,163,6,0.455,NA
165,12,string-lengths-backwards,ifs,FALSE,10,elitize_generation_data,164,4,0.495,NA
166,12,string-lengths-backwards,ifs,FALSE,10,elitize_generation_data,165,2,0.484,NA
167,12,string-lengths-backwards,ifs,FALSE,10,elitize_generation_data,166,5,0.504,NA
168,12,string-lengths-backwards,ifs,FALSE,10,elitize_generation_data,167,3,0.48,NA
169,12,string-lengths-backwards,ifs,FALSE,10,elitize_generation_data,168,5,0.485,NA
170,12,string-lengths-backwards,ifs,FALSE,10,elitize_generation_data,169,3,0.473,NA
171,12,string-lengths-backwards,ifs,FALSE,10,elitize_generation_data,170,3,0.453,NA
172,12,string-lengths-backwards,ifs,FALSE,10,elitize_generation_data,171,2,0.458,NA
173,12,string-lengths-backwards,ifs,FALSE,10,elitize_generation_data,172,3,0.471,NA
174,12,string-lengths-backwards,ifs,FALSE,10,elitize_generation_data,173,4,0.478,NA
175,12,string-lengths-backwards,ifs,FALSE,10,elitize_generation_data,174,6,0.472,NA
176,12,string-lengths-backwards,ifs,FALSE,10,elitize_generation_data,175,5,0.459,NA
177,12,string-lengths-backwards,ifs,FALSE,10,elitize_generation_data,176,8,0.478,NA
178,12,string-lengths-backwards,ifs,FALSE,10,elitize_generation_data,177,6,0.478,NA
179,12,string-lengths-backwards,ifs,FALSE,10,elitize_generation_data,178,8,0.463,NA
180,12,string-lengths-backwards,ifs,FALSE,10,elitize_generation_data,179,4,0.448,NA
181,12,string-lengths-backwards,ifs,FALSE,10,elitize_generation_data,180,6,0.446,NA
182,12,string-lengths-backwards,ifs,FALSE,10,elitize_generation_data,181,4,0.472,NA
183,12,string-lengths-backwards,ifs,FALSE,10,elitize_generation_data,182,4,0.458,NA
184,12,string-lengths-backwards,ifs,FALSE,10,elitize_generation_data,183,4,0.439,NA
185,12,string-lengths-backwards,ifs,FALSE,10,elitize_generation_data,184,4,0.474,NA
186,12,string-lengths-backwards,ifs,FALSE,10,elitize_generation_data,185,6,0.461,NA
187,12,string-lengths-backwards,ifs,FALSE,10,elitize_generation_data,186,4,0.448,NA
188,12,string-lengths-backwards,ifs,FALSE,10,elitize_generation_data,187,8,0.449,NA
189,12,string-lengths-backwards,ifs,FALSE,10,elitize_generation_data,188,3,0.446,NA
190,12,string-lengths-backwards,ifs,FALSE,10,elitize_generation_data,189,7,0.447,NA
191,12,string-lengths-backwards,ifs,FALSE,10,elitize_generation_data,190,4,0.455,NA
192,12,string-lengths-backwards,ifs,FALSE,10,elitize_generation_data,191,4,0.435,NA
193,12,string-lengths-backwards,ifs,FALSE,10,elitize_generation_data,192,5,0.436,NA
194,12,string-lengths-backwards,ifs,FALSE,10,elitize_generation_data,193,6,0.429,NA
195,12,string-lengths-backwards,ifs,FALSE,10,elitize_generation_data,194,4,0.458,NA
196,12,string-lengths-backwards,ifs,FALSE,10,elitize_generation_data,195,4,0.464,NA
197,12,string-lengths-backwards,ifs,FALSE,10,elitize_generation_data,196,3,0.458,NA
198,12,string-lengths-backwards,ifs,FALSE,10,elitize_generation_data,197,4,0.473,NA
199,12,string-lengths-backwards,ifs,FALSE,10,elitize_generation_data,198,5,0.445,NA
200,12,string-lengths-backwards,ifs,FALSE,10,elitize_generation_data,199,9,0.441,NA
201,12,string-lengths-backwards,ifs,FALSE,10,elitize_generation_data,200,4,0.437,NA
202,12,string-lengths-backwards,ifs,FALSE,10,elitize_generation_data,201,3,0.455,NA
203,12,string-lengths-backwards,ifs,FALSE,10,elitize_generation_data,202,4,0.456,NA
204,12,string-lengths-backwards,ifs,FALSE,10,elitize_generation_data,203,7,0.46,NA
205,12,string-lengths-backwards,ifs,FALSE,10,elitize_generation_data,204,5,0.463,NA
206,12,string-lengths-backwards,ifs,FALSE,10,elitize_generation_data,205,5,0.441,NA
207,12,string-lengths-backwards,ifs,FALSE,10,elitize_generation_data,206,4,0.446,NA
208,12,string-lengths-backwards,ifs,FALSE,10,elitize_generation_data,207,2,0.455,NA
209,12,string-lengths-backwards,ifs,FALSE,10,elitize_generation_data,208,4,0.468,NA
210,12,string-lengths-backwards,ifs,FALSE,10,elitize_generation_data,209,3,0.467,NA
211,12,string-lengths-backwards,ifs,FALSE,10,elitize_generation_data,210,5,0.466,NA
212,12,string-lengths-backwards,ifs,FALSE,10,elitize_generation_data,211,5,0.456,NA
213,12,string-lengths-backwards,ifs,FALSE,10,elitize_generation_data,212,4,0.467,NA
214,12,string-lengths-backwards,ifs,FALSE,10,elitize_generation_data,213,4,0.476,NA
215,12,string-lengths-backwards,ifs,FALSE,10,elitize_generation_data,214,5,0.422,NA
216,12,string-lengths-backwards,ifs,FALSE,10,elitize_generation_data,215,4,0.458,NA
217,12,string-lengths-backwards,ifs,FALSE,10,elitize_generation_data,216,2,0.438,NA
218,12,string-lengths-backwards,ifs,FALSE,10,elitize_generation_data,217,3,0.454,NA
219,12,string-lengths-backwards,ifs,FALSE,10,elitize_generation_data,218,7,0.443,NA
220,12,string-lengths-backwards,ifs,FALSE,10,elitize_generation_data,219,2,0.464,NA
221,12,string-lengths-backwards,ifs,FALSE,10,elitize_generation_data,220,3,0.439,NA
222,12,string-lengths-backwards,ifs,FALSE,10,elitize_generation_data,221,6,0.452,NA
223,12,string-lengths-backwards,ifs,FALSE,10,elitize_generation_data,222,8,0.456,NA
224,12,string-lengths-backwards,ifs,FALSE,10,elitize_generation_data,223,2,0.474,NA
225,12,string-lengths-backwards,ifs,FALSE,10,elitize_generation_data,224,3,0.455,NA
226,12,string-lengths-backwards,ifs,FALSE,10,elitize_generation_data,225,5,0.472,NA
227,12,string-lengths-backwards,ifs,FALSE,10,elitize_generation_data,226,6,0.466,NA
228,12,string-lengths-backwards,ifs,FALSE,10,elitize_generation_data,227,3,0.485,NA
229,12,string-lengths-backwards,ifs,FALSE,10,elitize_generation_data,228,5,0.476,NA
230,12,string-lengths-backwards,ifs,FALSE,10,elitize_generation_data,229,4,0.469,NA
231,12,string-lengths-backwards,ifs,FALSE,10,elitize_generation_data,230,4,0.442,NA
232,12,string-lengths-backwards,ifs,FALSE,10,elitize_generation_data,231,10,0.464,NA
233,12,string-lengths-backwards,ifs,FALSE,10,elitize_generation_data,232,2,0.448,NA
234,12,string-lengths-backwards,ifs,FALSE,10,elitize_generation_data,233,4,0.452,NA
235,12,string-lengths-backwards,ifs,FALSE,10,elitize_generation_data,234,3,0.469,NA
236,12,string-lengths-backwards,ifs,FALSE,10,elitize_generation_data,235,5,0.432,NA
237,12,string-lengths-backwards,ifs,FALSE,10,elitize_generation_data,236,1,0.466,NA
238,12,string-lengths-backwards,ifs,FALSE,10,elitize_generation_data,237,3,0.468,NA
239,12,string-lengths-backwards,ifs,FALSE,10,elitize_generation_data,238,2,0.473,NA
240,12,string-lengths-backwards,ifs,FALSE,10,elitize_generation_data,239,3,0.461,NA
241,12,string-lengths-backwards,ifs,FALSE,10,elitize_generation_data,240,8,0.454,NA
242,12,string-lengths-backwards,ifs,FALSE,10,elitize_generation_data,241,3,0.477,NA
243,12,string-lengths-backwards,ifs,FALSE,10,elitize_generation_data,242,7,0.45,NA
244,12,string-lengths-backwards,ifs,FALSE,10,elitize_generation_data,243,6,0.449,NA
245,12,string-lengths-backwards,ifs,FALSE,10,elitize_generation_data,244,4,0.436,NA
246,12,string-lengths-backwards,ifs,FALSE,10,elitize_generation_data,245,3,0.45,NA
247,12,string-lengths-backwards,ifs,FALSE,10,elitize_generation_data,246,4,0.435,NA
248,12,string-lengths-backwards,ifs,FALSE,10,elitize_generation_data,247,7,0.456,NA
249,12,string-lengths-backwards,ifs,FALSE,10,elitize_generation_data,248,3,0.423,NA
250,12,string-lengths-backwards,ifs,FALSE,10,elitize_generation_data,249,4,0.438,NA
251,12,string-lengths-backwards,ifs,FALSE,10,elitize_generation_data,250,4,0.41,NA
252,12,string-lengths-backwards,ifs,FALSE,10,elitize_generation_data,251,4,0.453,NA
253,12,string-lengths-backwards,ifs,FALSE,10,elitize_generation_data,252,4,0.447,NA
254,12,string-lengths-backwards,ifs,FALSE,10,elitize_generation_data,253,4,0.45,NA
255,12,string-lengths-backwards,ifs,FALSE,10,elitize_generation_data,254,6,0.453,NA
256,12,string-lengths-backwards,ifs,FALSE,10,elitize_generation_data,255,2,0.451,NA
257,12,string-lengths-backwards,ifs,FALSE,10,elitize_generation_data,256,6,0.454,NA
258,12,string-lengths-backwards,ifs,FALSE,10,elitize_generation_data,257,7,0.428,NA
259,12,string-lengths-backwards,ifs,FALSE,10,elitize_generation_data,258,5,0.465,NA
260,12,string-lengths-backwards,ifs,FALSE,10,elitize_generation_data,259,4,0.459,NA
261,12,string-lengths-backwards,ifs,FALSE,10,elitize_generation_data,260,4,0.447,NA
262,12,string-lengths-backwards,ifs,FALSE,10,elitize_generation_data,261,5,0.48,NA
263,12,string-lengths-backwards,ifs,FALSE,10,elitize_generation_data,262,5,0.495,NA
264,12,string-lengths-backwards,ifs,FALSE,10,elitize_generation_data,263,4,0.495,NA
265,12,string-lengths-backwards,ifs,FALSE,10,elitize_generation_data,264,4,0.45,NA
266,12,string-lengths-backwards,ifs,FALSE,10,elitize_generation_data,265,5,0.467,NA
267,12,string-lengths-backwards,ifs,FALSE,10,elitize_generation_data,266,4,0.461,NA
268,12,string-lengths-backwards,ifs,FALSE,10,elitize_generation_data,267,4,0.482,NA
269,12,string-lengths-backwards,ifs,FALSE,10,elitize_generation_data,268,4,0.515,NA
270,12,string-lengths-backwards,ifs,FALSE,10,elitize_generation_data,269,3,0.541,NA
271,12,string-lengths-backwards,ifs,FALSE,10,elitize_generation_data,270,5,0.493,NA
272,12,string-lengths-backwards,ifs,FALSE,10,elitize_generation_data,271,4,0.46,NA
273,12,string-lengths-backwards,ifs,FALSE,10,elitize_generation_data,272,5,0.456,NA
274,12,string-lengths-backwards,ifs,FALSE,10,elitize_generation_data,273,3,0.476,NA
275,12,string-lengths-backwards,ifs,FALSE,10,elitize_generation_data,274,5,0.513,NA
276,12,string-lengths-backwards,ifs,FALSE,10,elitize_generation_data,275,4,0.489,NA
277,12,string-lengths-backwards,ifs,FALSE,10,elitize_generation_data,276,10,0.492,NA
278,12,string-lengths-backwards,ifs,FALSE,10,elitize_generation_data,277,3,0.437,NA
279,12,string-lengths-backwards,ifs,FALSE,10,elitize_generation_data,278,6,0.457,NA
280,12,string-lengths-backwards,ifs,FALSE,10,elitize_generation_data,279,3,0.472,NA
281,12,string-lengths-backwards,ifs,FALSE,10,elitize_generation_data,280,5,0.47,NA
282,12,string-lengths-backwards,ifs,FALSE,10,elitize_generation_data,281,6,0.501,NA
283,12,string-lengths-backwards,ifs,FALSE,10,elitize_generation_data,282,3,0.465,NA
284,12,string-lengths-backwards,ifs,FALSE,10,elitize_generation_data,283,9,0.487,NA
285,12,string-lengths-backwards,ifs,FALSE,10,elitize_generation_data,284,3,0.466,NA
286,12,string-lengths-backwards,ifs,FALSE,10,elitize_generation_data,285,5,0.477,NA
287,12,string-lengths-backwards,ifs,FALSE,10,elitize_generation_data,286,5,0.483,NA
288,12,string-lengths-backwards,ifs,FALSE,10,elitize_generation_data,287,4,0.506,NA
289,12,string-lengths-backwards,ifs,FALSE,10,elitize_generation_data,288,4,0.49,NA
290,12,string-lengths-backwards,ifs,FALSE,10,elitize_generation_data,289,4,0.484,NA
291,12,string-lengths-backwards,ifs,FALSE,10,elitize_generation_data,290,4,0.466,NA
292,12,string-lengths-backwards,ifs,FALSE,10,elitize_generation_data,291,3,0.471,NA
293,12,string-lengths-backwards,ifs,FALSE,10,elitize_generation_data,292,6,0.43,NA
294,12,string-lengths-backwards,ifs,FALSE,10,elitize_generation_data,293,5,0.441,NA
295,12,string-lengths-backwards,ifs,FALSE,10,elitize_generation_data,294,8,0.436,NA
296,12,string-lengths-backwards,ifs,FALSE,10,elitize_generation_data,295,3,0.459,NA
297,12,string-lengths-backwards,ifs,FALSE,10,elitize_generation_data,296,7,0.479,NA
298,12,string-lengths-backwards,ifs,FALSE,10,elitize_generation_data,297,6,0.422,NA
299,12,string-lengths-backwards,ifs,FALSE,10,elitize_generation_data,298,7,0.447,NA
300,12,string-lengths-backwards,ifs,FALSE,10,elitize_generation_data,299,6,0.452,NA
301,12,string-lengths-backwards,ifs,FALSE,10,elitize_generation_data,300,6,0.448,NA
