,run.num,problem,treatment,succeeded,height,normalization.function,generation,cluster.count,error.diversity,success.generation
1,11,string-lengths-backwards,ifs,FALSE,10,elitize_generation_data,0,5,0.248,NA
2,11,string-lengths-backwards,ifs,FALSE,10,elitize_generation_data,1,5,0.161,NA
3,11,string-lengths-backwards,ifs,FALSE,10,elitize_generation_data,2,9,0.283,NA
4,11,string-lengths-backwards,ifs,FALSE,10,elitize_generation_data,3,6,0.333,NA
5,11,string-lengths-backwards,ifs,FALSE,10,elitize_generation_data,4,7,0.346,NA
6,11,string-lengths-backwards,ifs,FALSE,10,elitize_generation_data,5,11,0.279,NA
7,11,string-lengths-backwards,ifs,FALSE,10,elitize_generation_data,6,4,0.147,NA
8,11,string-lengths-backwards,ifs,FALSE,10,elitize_generation_data,7,6,0.158,NA
9,11,string-lengths-backwards,ifs,FALSE,10,elitize_generation_data,8,9,0.217,NA
10,11,string-lengths-backwards,ifs,FALSE,10,elitize_generation_data,9,8,0.262,NA
11,11,string-lengths-backwards,ifs,FALSE,10,elitize_generation_data,10,10,0.181,NA
12,11,string-lengths-backwards,ifs,FALSE,10,elitize_generation_data,11,11,0.195,NA
13,11,string-lengths-backwards,ifs,FALSE,10,elitize_generation_data,12,8,0.132,NA
14,11,string-lengths-backwards,ifs,FALSE,10,elitize_generation_data,13,7,0.145,NA
15,11,string-lengths-backwards,ifs,FALSE,10,elitize_generation_data,14,6,0.128,NA
16,11,string-lengths-backwards,ifs,FALSE,10,elitize_generation_data,15,2,0.134,NA
17,11,string-lengths-backwards,ifs,FALSE,10,elitize_generation_data,16,2,0.1,NA
18,11,string-lengths-backwards,ifs,FALSE,10,elitize_generation_data,17,2,0.121,NA
19,11,string-lengths-backwards,ifs,FALSE,10,elitize_generation_data,18,4,0.135,NA
20,11,string-lengths-backwards,ifs,FALSE,10,elitize_generation_data,19,3,0.164,NA
21,11,string-lengths-backwards,ifs,FALSE,10,elitize_generation_data,20,3,0.116,NA
22,11,string-lengths-backwards,ifs,FALSE,10,elitize_generation_data,21,4,0.112,NA
23,11,string-lengths-backwards,ifs,FALSE,10,elitize_generation_data,22,4,0.083,NA
24,11,string-lengths-backwards,ifs,FALSE,10,elitize_generation_data,23,3,0.07,NA
25,11,string-lengths-backwards,ifs,FALSE,10,elitize_generation_data,24,5,0.073,NA
26,11,string-lengths-backwards,ifs,FALSE,10,elitize_generation_data,25,4,0.077,NA
27,11,string-lengths-backwards,ifs,FALSE,10,elitize_generation_data,26,3,0.073,NA
28,11,string-lengths-backwards,ifs,FALSE,10,elitize_generation_data,27,3,0.077,NA
29,11,string-lengths-backwards,ifs,FALSE,10,elitize_generation_data,28,3,0.074,NA
30,11,string-lengths-backwards,ifs,FALSE,10,elitize_generation_data,29,4,0.068,NA
31,11,string-lengths-backwards,ifs,FALSE,10,elitize_generation_data,30,5,0.084,NA
32,11,string-lengths-backwards,ifs,FALSE,10,elitize_generation_data,31,4,0.072,NA
33,11,string-lengths-backwards,ifs,FALSE,10,elitize_generation_data,32,4,0.08,NA
34,11,string-lengths-backwards,ifs,FALSE,10,elitize_generation_data,33,3,0.078,NA
35,11,string-lengths-backwards,ifs,FALSE,10,elitize_generation_data,34,5,0.082,NA
36,11,string-lengths-backwards,ifs,FALSE,10,elitize_generation_data,35,5,0.077,NA
37,11,string-lengths-backwards,ifs,FALSE,10,elitize_generation_data,36,4,0.072,NA
38,11,string-lengths-backwards,ifs,FALSE,10,elitize_generation_data,37,6,0.075,NA
39,11,string-lengths-backwards,ifs,FALSE,10,elitize_generation_data,38,4,0.078,NA
40,11,string-lengths-backwards,ifs,FALSE,10,elitize_generation_data,39,3,0.07,NA
41,11,string-lengths-backwards,ifs,FALSE,10,elitize_generation_data,40,3,0.072,NA
42,11,string-lengths-backwards,ifs,FALSE,10,elitize_generation_data,41,3,0.087,NA
43,11,string-lengths-backwards,ifs,FALSE,10,elitize_generation_data,42,3,0.078,NA
44,11,string-lengths-backwards,ifs,FALSE,10,elitize_generation_data,43,3,0.088,NA
45,11,string-lengths-backwards,ifs,FALSE,10,elitize_generation_data,44,3,0.071,NA
46,11,string-lengths-backwards,ifs,FALSE,10,elitize_generation_data,45,6,0.075,NA
47,11,string-lengths-backwards,ifs,FALSE,10,elitize_generation_data,46,4,0.064,NA
48,11,string-lengths-backwards,ifs,FALSE,10,elitize_generation_data,47,6,0.096,NA
49,11,string-lengths-backwards,ifs,FALSE,10,elitize_generation_data,48,4,0.073,NA
50,11,string-lengths-backwards,ifs,FALSE,10,elitize_generation_data,49,3,0.067,NA
51,11,string-lengths-backwards,ifs,FALSE,10,elitize_generation_data,50,4,0.081,NA
52,11,string-lengths-backwards,ifs,FALSE,10,elitize_generation_data,51,6,0.069,NA
53,11,string-lengths-backwards,ifs,FALSE,10,elitize_generation_data,52,3,0.065,NA
54,11,string-lengths-backwards,ifs,FALSE,10,elitize_generation_data,53,4,0.065,NA
55,11,string-lengths-backwards,ifs,FALSE,10,elitize_generation_data,54,4,0.066,NA
56,11,string-lengths-backwards,ifs,FALSE,10,elitize_generation_data,55,5,0.084,NA
57,11,string-lengths-backwards,ifs,FALSE,10,elitize_generation_data,56,4,0.084,NA
58,11,string-lengths-backwards,ifs,FALSE,10,elitize_generation_data,57,5,0.08,NA
59,11,string-lengths-backwards,ifs,FALSE,10,elitize_generation_data,58,4,0.066,NA
60,11,string-lengths-backwards,ifs,FALSE,10,elitize_generation_data,59,4,0.069,NA
61,11,string-lengths-backwards,ifs,FALSE,10,elitize_generation_data,60,4,0.066,NA
62,11,string-lengths-backwards,ifs,FALSE,10,elitize_generation_data,61,3,0.082,NA
63,11,string-lengths-backwards,ifs,FALSE,10,elitize_generation_data,62,4,0.078,NA
64,11,string-lengths-backwards,ifs,FALSE,10,elitize_generation_data,63,5,0.071,NA
65,11,string-lengths-backwards,ifs,FALSE,10,elitize_generation_data,64,5,0.065,NA
66,11,string-lengths-backwards,ifs,FALSE,10,elitize_generation_data,65,3,0.072,NA
67,11,string-lengths-backwards,ifs,FALSE,10,elitize_generation_data,66,4,0.081,NA
68,11,string-lengths-backwards,ifs,FALSE,10,elitize_generation_data,67,5,0.074,NA
69,11,string-lengths-backwards,ifs,FALSE,10,elitize_generation_data,68,5,0.074,NA
70,11,string-lengths-backwards,ifs,FALSE,10,elitize_generation_data,69,4,0.07,NA
71,11,string-lengths-backwards,ifs,FALSE,10,elitize_generation_data,70,4,0.072,NA
72,11,string-lengths-backwards,ifs,FALSE,10,elitize_generation_data,71,6,0.059,NA
73,11,string-lengths-backwards,ifs,FALSE,10,elitize_generation_data,72,6,0.077,NA
74,11,string-lengths-backwards,ifs,FALSE,10,elitize_generation_data,73,5,0.067,NA
75,11,string-lengths-backwards,ifs,FALSE,10,elitize_generation_data,74,4,0.076,NA
76,11,string-lengths-backwards,ifs,FALSE,10,elitize_generation_data,75,4,0.067,NA
77,11,string-lengths-backwards,ifs,FALSE,10,elitize_generation_data,76,4,0.068,NA
78,11,string-lengths-backwards,ifs,FALSE,10,elitize_generation_data,77,4,0.051,NA
79,11,string-lengths-backwards,ifs,FALSE,10,elitize_generation_data,78,5,0.066,NA
80,11,string-lengths-backwards,ifs,FALSE,10,elitize_generation_data,79,5,0.066,NA
81,11,string-lengths-backwards,ifs,FALSE,10,elitize_generation_data,80,5,0.069,NA
82,11,string-lengths-backwards,ifs,FALSE,10,elitize_generation_data,81,5,0.064,NA
83,11,string-lengths-backwards,ifs,FALSE,10,elitize_generation_data,82,5,0.07,NA
84,11,string-lengths-backwards,ifs,FALSE,10,elitize_generation_data,83,4,0.076,NA
85,11,string-lengths-backwards,ifs,FALSE,10,elitize_generation_data,84,5,0.083,NA
86,11,string-lengths-backwards,ifs,FALSE,10,elitize_generation_data,85,4,0.061,NA
87,11,string-lengths-backwards,ifs,FALSE,10,elitize_generation_data,86,5,0.074,NA
88,11,string-lengths-backwards,ifs,FALSE,10,elitize_generation_data,87,5,0.074,NA
89,11,string-lengths-backwards,ifs,FALSE,10,elitize_generation_data,88,4,0.059,NA
90,11,string-lengths-backwards,ifs,FALSE,10,elitize_generation_data,89,3,0.053,NA
91,11,string-lengths-backwards,ifs,FALSE,10,elitize_generation_data,90,3,0.07,NA
92,11,string-lengths-backwards,ifs,FALSE,10,elitize_generation_data,91,6,0.061,NA
93,11,string-lengths-backwards,ifs,FALSE,10,elitize_generation_data,92,5,0.076,NA
94,11,string-lengths-backwards,ifs,FALSE,10,elitize_generation_data,93,4,0.077,NA
95,11,string-lengths-backwards,ifs,FALSE,10,elitize_generation_data,94,4,0.069,NA
96,11,string-lengths-backwards,ifs,FALSE,10,elitize_generation_data,95,5,0.072,NA
97,11,string-lengths-backwards,ifs,FALSE,10,elitize_generation_data,96,5,0.062,NA
98,11,string-lengths-backwards,ifs,FALSE,10,elitize_generation_data,97,9,0.078,NA
99,11,string-lengths-backwards,ifs,FALSE,10,elitize_generation_data,98,4,0.07,NA
100,11,string-lengths-backwards,ifs,FALSE,10,elitize_generation_data,99,4,0.068,NA
101,11,string-lengths-backwards,ifs,FALSE,10,elitize_generation_data,100,5,0.075,NA
102,11,string-lengths-backwards,ifs,FALSE,10,elitize_generation_data,101,7,0.065,NA
103,11,string-lengths-backwards,ifs,FALSE,10,elitize_generation_data,102,4,0.072,NA
104,11,string-lengths-backwards,ifs,FALSE,10,elitize_generation_data,103,6,0.077,NA
105,11,string-lengths-backwards,ifs,FALSE,10,elitize_generation_data,104,4,0.065,NA
106,11,string-lengths-backwards,ifs,FALSE,10,elitize_generation_data,105,5,0.071,NA
107,11,string-lengths-backwards,ifs,FALSE,10,elitize_generation_data,106,4,0.074,NA
108,11,string-lengths-backwards,ifs,FALSE,10,elitize_generation_data,107,4,0.061,NA
109,11,string-lengths-backwards,ifs,FALSE,10,elitize_generation_data,108,5,0.083,NA
110,11,string-lengths-backwards,ifs,FALSE,10,elitize_generation_data,109,3,0.071,NA
111,11,string-lengths-backwards,ifs,FALSE,10,elitize_generation_data,110,7,0.073,NA
112,11,string-lengths-backwards,ifs,FALSE,10,elitize_generation_data,111,6,0.058,NA
113,11,string-lengths-backwards,ifs,FALSE,10,elitize_generation_data,112,7,0.067,NA
114,11,string-lengths-backwards,ifs,FALSE,10,elitize_generation_data,113,6,0.066,NA
115,11,string-lengths-backwards,ifs,FALSE,10,elitize_generation_data,114,4,0.068,NA
116,11,string-lengths-backwards,ifs,FALSE,10,elitize_generation_data,115,4,0.062,NA
117,11,string-lengths-backwards,ifs,FALSE,10,elitize_generation_data,116,6,0.069,NA
118,11,string-lengths-backwards,ifs,FALSE,10,elitize_generation_data,117,5,0.051,NA
119,11,string-lengths-backwards,ifs,FALSE,10,elitize_generation_data,118,3,0.07,NA
120,11,string-lengths-backwards,ifs,FALSE,10,elitize_generation_data,119,5,0.076,NA
121,11,string-lengths-backwards,ifs,FALSE,10,elitize_generation_data,120,5,0.07,NA
122,11,string-lengths-backwards,ifs,FALSE,10,elitize_generation_data,121,4,0.076,NA
123,11,string-lengths-backwards,ifs,FALSE,10,elitize_generation_data,122,3,0.06,NA
124,11,string-lengths-backwards,ifs,FALSE,10,elitize_generation_data,123,4,0.076,NA
125,11,string-lengths-backwards,ifs,FALSE,10,elitize_generation_data,124,4,0.071,NA
126,11,string-lengths-backwards,ifs,FALSE,10,elitize_generation_data,125,5,0.073,NA
127,11,string-lengths-backwards,ifs,FALSE,10,elitize_generation_data,126,5,0.061,NA
128,11,string-lengths-backwards,ifs,FALSE,10,elitize_generation_data,127,3,0.071,NA
129,11,string-lengths-backwards,ifs,FALSE,10,elitize_generation_data,128,4,0.063,NA
130,11,string-lengths-backwards,ifs,FALSE,10,elitize_generation_data,129,5,0.064,NA
131,11,string-lengths-backwards,ifs,FALSE,10,elitize_generation_data,130,5,0.079,NA
132,11,string-lengths-backwards,ifs,FALSE,10,elitize_generation_data,131,5,0.066,NA
133,11,string-lengths-backwards,ifs,FALSE,10,elitize_generation_data,132,5,0.069,NA
134,11,string-lengths-backwards,ifs,FALSE,10,elitize_generation_data,133,4,0.087,NA
135,11,string-lengths-backwards,ifs,FALSE,10,elitize_generation_data,134,7,0.076,NA
136,11,string-lengths-backwards,ifs,FALSE,10,elitize_generation_data,135,5,0.066,NA
137,11,string-lengths-backwards,ifs,FALSE,10,elitize_generation_data,136,3,0.073,NA
138,11,string-lengths-backwards,ifs,FALSE,10,elitize_generation_data,137,6,0.076,NA
139,11,string-lengths-backwards,ifs,FALSE,10,elitize_generation_data,138,4,0.079,NA
140,11,string-lengths-backwards,ifs,FALSE,10,elitize_generation_data,139,5,0.076,NA
141,11,string-lengths-backwards,ifs,FALSE,10,elitize_generation_data,140,4,0.075,NA
142,11,string-lengths-backwards,ifs,FALSE,10,elitize_generation_data,141,4,0.076,NA
143,11,string-lengths-backwards,ifs,FALSE,10,elitize_generation_data,142,5,0.074,NA
144,11,string-lengths-backwards,ifs,FALSE,10,elitize_generation_data,143,6,0.079,NA
145,11,string-lengths-backwards,ifs,FALSE,10,elitize_generation_data,144,5,0.067,NA
146,11,string-lengths-backwards,ifs,FALSE,10,elitize_generation_data,145,4,0.077,NA
147,11,string-lengths-backwards,ifs,FALSE,10,elitize_generation_data,146,3,0.071,NA
148,11,string-lengths-backwards,ifs,FALSE,10,elitize_generation_data,147,4,0.083,NA
149,11,string-lengths-backwards,ifs,FALSE,10,elitize_generation_data,148,7,0.069,NA
150,11,string-lengths-backwards,ifs,FALSE,10,elitize_generation_data,149,5,0.068,NA
151,11,string-lengths-backwards,ifs,FALSE,10,elitize_generation_data,150,4,0.085,NA
152,11,string-lengths-backwards,ifs,FALSE,10,elitize_generation_data,151,5,0.071,NA
153,11,string-lengths-backwards,ifs,FALSE,10,elitize_generation_data,152,3,0.078,NA
154,11,string-lengths-backwards,ifs,FALSE,10,elitize_generation_data,153,5,0.07,NA
155,11,string-lengths-backwards,ifs,FALSE,10,elitize_generation_data,154,7,0.074,NA
156,11,string-lengths-backwards,ifs,FALSE,10,elitize_generation_data,155,3,0.064,NA
157,11,string-lengths-backwards,ifs,FALSE,10,elitize_generation_data,156,4,0.073,NA
158,11,string-lengths-backwards,ifs,FALSE,10,elitize_generation_data,157,6,0.069,NA
159,11,string-lengths-backwards,ifs,FALSE,10,elitize_generation_data,158,5,0.084,NA
160,11,string-lengths-backwards,ifs,FALSE,10,elitize_generation_data,159,6,0.074,NA
161,11,string-lengths-backwards,ifs,FALSE,10,elitize_generation_data,160,5,0.07,NA
162,11,string-lengths-backwards,ifs,FALSE,10,elitize_generation_data,161,4,0.077,NA
163,11,string-lengths-backwards,ifs,FALSE,10,elitize_generation_data,162,4,0.067,NA
164,11,string-lengths-backwards,ifs,FALSE,10,elitize_generation_data,163,5,0.081,NA
165,11,string-lengths-backwards,ifs,FALSE,10,elitize_generation_data,164,4,0.074,NA
166,11,string-lengths-backwards,ifs,FALSE,10,elitize_generation_data,165,4,0.071,NA
167,11,string-lengths-backwards,ifs,FALSE,10,elitize_generation_data,166,5,0.079,NA
168,11,string-lengths-backwards,ifs,FALSE,10,elitize_generation_data,167,6,0.069,NA
169,11,string-lengths-backwards,ifs,FALSE,10,elitize_generation_data,168,4,0.068,NA
170,11,string-lengths-backwards,ifs,FALSE,10,elitize_generation_data,169,4,0.07,NA
171,11,string-lengths-backwards,ifs,FALSE,10,elitize_generation_data,170,3,0.073,NA
172,11,string-lengths-backwards,ifs,FALSE,10,elitize_generation_data,171,7,0.08,NA
173,11,string-lengths-backwards,ifs,FALSE,10,elitize_generation_data,172,3,0.081,NA
174,11,string-lengths-backwards,ifs,FALSE,10,elitize_generation_data,173,5,0.077,NA
175,11,string-lengths-backwards,ifs,FALSE,10,elitize_generation_data,174,4,0.065,NA
176,11,string-lengths-backwards,ifs,FALSE,10,elitize_generation_data,175,4,0.075,NA
177,11,string-lengths-backwards,ifs,FALSE,10,elitize_generation_data,176,5,0.079,NA
178,11,string-lengths-backwards,ifs,FALSE,10,elitize_generation_data,177,8,0.068,NA
179,11,string-lengths-backwards,ifs,FALSE,10,elitize_generation_data,178,5,0.088,NA
180,11,string-lengths-backwards,ifs,FALSE,10,elitize_generation_data,179,5,0.073,NA
181,11,string-lengths-backwards,ifs,FALSE,10,elitize_generation_data,180,6,0.08,NA
182,11,string-lengths-backwards,ifs,FALSE,10,elitize_generation_data,181,6,0.067,NA
183,11,string-lengths-backwards,ifs,FALSE,10,elitize_generation_data,182,3,0.067,NA
184,11,string-lengths-backwards,ifs,FALSE,10,elitize_generation_data,183,4,0.068,NA
185,11,string-lengths-backwards,ifs,FALSE,10,elitize_generation_data,184,3,0.077,NA
186,11,string-lengths-backwards,ifs,FALSE,10,elitize_generation_data,185,5,0.08,NA
187,11,string-lengths-backwards,ifs,FALSE,10,elitize_generation_data,186,4,0.085,NA
188,11,string-lengths-backwards,ifs,FALSE,10,elitize_generation_data,187,5,0.079,NA
189,11,string-lengths-backwards,ifs,FALSE,10,elitize_generation_data,188,6,0.071,NA
190,11,string-lengths-backwards,ifs,FALSE,10,elitize_generation_data,189,6,0.072,NA
191,11,string-lengths-backwards,ifs,FALSE,10,elitize_generation_data,190,5,0.076,NA
192,11,string-lengths-backwards,ifs,FALSE,10,elitize_generation_data,191,4,0.069,NA
193,11,string-lengths-backwards,ifs,FALSE,10,elitize_generation_data,192,7,0.067,NA
194,11,string-lengths-backwards,ifs,FALSE,10,elitize_generation_data,193,8,0.079,NA
195,11,string-lengths-backwards,ifs,FALSE,10,elitize_generation_data,194,9,0.075,NA
196,11,string-lengths-backwards,ifs,FALSE,10,elitize_generation_data,195,5,0.062,NA
197,11,string-lengths-backwards,ifs,FALSE,10,elitize_generation_data,196,6,0.072,NA
198,11,string-lengths-backwards,ifs,FALSE,10,elitize_generation_data,197,5,0.076,NA
199,11,string-lengths-backwards,ifs,FALSE,10,elitize_generation_data,198,5,0.087,NA
200,11,string-lengths-backwards,ifs,FALSE,10,elitize_generation_data,199,6,0.071,NA
201,11,string-lengths-backwards,ifs,FALSE,10,elitize_generation_data,200,4,0.076,NA
202,11,string-lengths-backwards,ifs,FALSE,10,elitize_generation_data,201,4,0.071,NA
203,11,string-lengths-backwards,ifs,FALSE,10,elitize_generation_data,202,5,0.067,NA
204,11,string-lengths-backwards,ifs,FALSE,10,elitize_generation_data,203,5,0.072,NA
205,11,string-lengths-backwards,ifs,FALSE,10,elitize_generation_data,204,4,0.078,NA
206,11,string-lengths-backwards,ifs,FALSE,10,elitize_generation_data,205,6,0.074,NA
207,11,string-lengths-backwards,ifs,FALSE,10,elitize_generation_data,206,5,0.064,NA
208,11,string-lengths-backwards,ifs,FALSE,10,elitize_generation_data,207,4,0.071,NA
209,11,string-lengths-backwards,ifs,FALSE,10,elitize_generation_data,208,6,0.062,NA
210,11,string-lengths-backwards,ifs,FALSE,10,elitize_generation_data,209,4,0.064,NA
211,11,string-lengths-backwards,ifs,FALSE,10,elitize_generation_data,210,6,0.071,NA
212,11,string-lengths-backwards,ifs,FALSE,10,elitize_generation_data,211,4,0.078,NA
213,11,string-lengths-backwards,ifs,FALSE,10,elitize_generation_data,212,8,0.075,NA
214,11,string-lengths-backwards,ifs,FALSE,10,elitize_generation_data,213,5,0.072,NA
215,11,string-lengths-backwards,ifs,FALSE,10,elitize_generation_data,214,4,0.07,NA
216,11,string-lengths-backwards,ifs,FALSE,10,elitize_generation_data,215,6,0.079,NA
217,11,string-lengths-backwards,ifs,FALSE,10,elitize_generation_data,216,6,0.073,NA
218,11,string-lengths-backwards,ifs,FALSE,10,elitize_generation_data,217,7,0.071,NA
219,11,string-lengths-backwards,ifs,FALSE,10,elitize_generation_data,218,8,0.066,NA
220,11,string-lengths-backwards,ifs,FALSE,10,elitize_generation_data,219,5,0.075,NA
221,11,string-lengths-backwards,ifs,FALSE,10,elitize_generation_data,220,3,0.069,NA
222,11,string-lengths-backwards,ifs,FALSE,10,elitize_generation_data,221,5,0.066,NA
223,11,string-lengths-backwards,ifs,FALSE,10,elitize_generation_data,222,4,0.068,NA
224,11,string-lengths-backwards,ifs,FALSE,10,elitize_generation_data,223,5,0.08,NA
225,11,string-lengths-backwards,ifs,FALSE,10,elitize_generation_data,224,5,0.064,NA
226,11,string-lengths-backwards,ifs,FALSE,10,elitize_generation_data,225,9,0.064,NA
227,11,string-lengths-backwards,ifs,FALSE,10,elitize_generation_data,226,7,0.072,NA
228,11,string-lengths-backwards,ifs,FALSE,10,elitize_generation_data,227,4,0.077,NA
229,11,string-lengths-backwards,ifs,FALSE,10,elitize_generation_data,228,5,0.064,NA
230,11,string-lengths-backwards,ifs,FALSE,10,elitize_generation_data,229,5,0.066,NA
231,11,string-lengths-backwards,ifs,FALSE,10,elitize_generation_data,230,5,0.078,NA
232,11,string-lengths-backwards,ifs,FALSE,10,elitize_generation_data,231,6,0.065,NA
233,11,string-lengths-backwards,ifs,FALSE,10,elitize_generation_data,232,5,0.078,NA
234,11,string-lengths-backwards,ifs,FALSE,10,elitize_generation_data,233,7,0.073,NA
235,11,string-lengths-backwards,ifs,FALSE,10,elitize_generation_data,234,4,0.079,NA
236,11,string-lengths-backwards,ifs,FALSE,10,elitize_generation_data,235,6,0.073,NA
237,11,string-lengths-backwards,ifs,FALSE,10,elitize_generation_data,236,5,0.079,NA
238,11,string-lengths-backwards,ifs,FALSE,10,elitize_generation_data,237,8,0.072,NA
239,11,string-lengths-backwards,ifs,FALSE,10,elitize_generation_data,238,5,0.077,NA
240,11,string-lengths-backwards,ifs,FALSE,10,elitize_generation_data,239,6,0.067,NA
241,11,string-lengths-backwards,ifs,FALSE,10,elitize_generation_data,240,5,0.069,NA
242,11,string-lengths-backwards,ifs,FALSE,10,elitize_generation_data,241,5,0.067,NA
243,11,string-lengths-backwards,ifs,FALSE,10,elitize_generation_data,242,5,0.08,NA
244,11,string-lengths-backwards,ifs,FALSE,10,elitize_generation_data,243,8,0.081,NA
245,11,string-lengths-backwards,ifs,FALSE,10,elitize_generation_data,244,6,0.088,NA
246,11,string-lengths-backwards,ifs,FALSE,10,elitize_generation_data,245,9,0.083,NA
247,11,string-lengths-backwards,ifs,FALSE,10,elitize_generation_data,246,4,0.074,NA
248,11,string-lengths-backwards,ifs,FALSE,10,elitize_generation_data,247,6,0.076,NA
249,11,string-lengths-backwards,ifs,FALSE,10,elitize_generation_data,248,3,0.066,NA
250,11,string-lengths-backwards,ifs,FALSE,10,elitize_generation_data,249,4,0.07,NA
251,11,string-lengths-backwards,ifs,FALSE,10,elitize_generation_data,250,3,0.073,NA
252,11,string-lengths-backwards,ifs,FALSE,10,elitize_generation_data,251,4,0.069,NA
253,11,string-lengths-backwards,ifs,FALSE,10,elitize_generation_data,252,6,0.077,NA
254,11,string-lengths-backwards,ifs,FALSE,10,elitize_generation_data,253,2,0.064,NA
255,11,string-lengths-backwards,ifs,FALSE,10,elitize_generation_data,254,5,0.073,NA
256,11,string-lengths-backwards,ifs,FALSE,10,elitize_generation_data,255,5,0.073,NA
257,11,string-lengths-backwards,ifs,FALSE,10,elitize_generation_data,256,5,0.077,NA
258,11,string-lengths-backwards,ifs,FALSE,10,elitize_generation_data,257,6,0.086,NA
259,11,string-lengths-backwards,ifs,FALSE,10,elitize_generation_data,258,4,0.059,NA
260,11,string-lengths-backwards,ifs,FALSE,10,elitize_generation_data,259,4,0.075,NA
261,11,string-lengths-backwards,ifs,FALSE,10,elitize_generation_data,260,3,0.069,NA
262,11,string-lengths-backwards,ifs,FALSE,10,elitize_generation_data,261,6,0.068,NA
263,11,string-lengths-backwards,ifs,FALSE,10,elitize_generation_data,262,4,0.069,NA
264,11,string-lengths-backwards,ifs,FALSE,10,elitize_generation_data,263,3,0.069,NA
265,11,string-lengths-backwards,ifs,FALSE,10,elitize_generation_data,264,4,0.063,NA
266,11,string-lengths-backwards,ifs,FALSE,10,elitize_generation_data,265,4,0.079,NA
267,11,string-lengths-backwards,ifs,FALSE,10,elitize_generation_data,266,3,0.056,NA
268,11,string-lengths-backwards,ifs,FALSE,10,elitize_generation_data,267,6,0.068,NA
269,11,string-lengths-backwards,ifs,FALSE,10,elitize_generation_data,268,4,0.066,NA
270,11,string-lengths-backwards,ifs,FALSE,10,elitize_generation_data,269,7,0.069,NA
271,11,string-lengths-backwards,ifs,FALSE,10,elitize_generation_data,270,3,0.064,NA
272,11,string-lengths-backwards,ifs,FALSE,10,elitize_generation_data,271,4,0.07,NA
273,11,string-lengths-backwards,ifs,FALSE,10,elitize_generation_data,272,6,0.06,NA
274,11,string-lengths-backwards,ifs,FALSE,10,elitize_generation_data,273,3,0.065,NA
275,11,string-lengths-backwards,ifs,FALSE,10,elitize_generation_data,274,4,0.075,NA
276,11,string-lengths-backwards,ifs,FALSE,10,elitize_generation_data,275,5,0.075,NA
277,11,string-lengths-backwards,ifs,FALSE,10,elitize_generation_data,276,4,0.076,NA
278,11,string-lengths-backwards,ifs,FALSE,10,elitize_generation_data,277,4,0.076,NA
279,11,string-lengths-backwards,ifs,FALSE,10,elitize_generation_data,278,4,0.071,NA
280,11,string-lengths-backwards,ifs,FALSE,10,elitize_generation_data,279,6,0.076,NA
281,11,string-lengths-backwards,ifs,FALSE,10,elitize_generation_data,280,6,0.071,NA
282,11,string-lengths-backwards,ifs,FALSE,10,elitize_generation_data,281,4,0.071,NA
283,11,string-lengths-backwards,ifs,FALSE,10,elitize_generation_data,282,5,0.079,NA
284,11,string-lengths-backwards,ifs,FALSE,10,elitize_generation_data,283,7,0.077,NA
285,11,string-lengths-backwards,ifs,FALSE,10,elitize_generation_data,284,4,0.067,NA
286,11,string-lengths-backwards,ifs,FALSE,10,elitize_generation_data,285,5,0.069,NA
287,11,string-lengths-backwards,ifs,FALSE,10,elitize_generation_data,286,6,0.068,NA
288,11,string-lengths-backwards,ifs,FALSE,10,elitize_generation_data,287,5,0.066,NA
289,11,string-lengths-backwards,ifs,FALSE,10,elitize_generation_data,288,8,0.077,NA
290,11,string-lengths-backwards,ifs,FALSE,10,elitize_generation_data,289,6,0.078,NA
291,11,string-lengths-backwards,ifs,FALSE,10,elitize_generation_data,290,4,0.069,NA
292,11,string-lengths-backwards,ifs,FALSE,10,elitize_generation_data,291,9,0.07,NA
293,11,string-lengths-backwards,ifs,FALSE,10,elitize_generation_data,292,4,0.077,NA
294,11,string-lengths-backwards,ifs,FALSE,10,elitize_generation_data,293,4,0.08,NA
295,11,string-lengths-backwards,ifs,FALSE,10,elitize_generation_data,294,4,0.069,NA
296,11,string-lengths-backwards,ifs,FALSE,10,elitize_generation_data,295,5,0.065,NA
297,11,string-lengths-backwards,ifs,FALSE,10,elitize_generation_data,296,7,0.085,NA
298,11,string-lengths-backwards,ifs,FALSE,10,elitize_generation_data,297,7,0.076,NA
299,11,string-lengths-backwards,ifs,FALSE,10,elitize_generation_data,298,6,0.082,NA
300,11,string-lengths-backwards,ifs,FALSE,10,elitize_generation_data,299,5,0.085,NA
301,11,string-lengths-backwards,ifs,FALSE,10,elitize_generation_data,300,6,0.074,NA
