,run.num,problem,treatment,succeeded,height,normalization.function,generation,cluster.count,error.diversity,success.generation
1,39,string-lengths-backwards,ifs,FALSE,10,elitize_generation_data,0,4,0.263,NA
2,39,string-lengths-backwards,ifs,FALSE,10,elitize_generation_data,1,7,0.145,NA
3,39,string-lengths-backwards,ifs,FALSE,10,elitize_generation_data,2,8,0.248,NA
4,39,string-lengths-backwards,ifs,FALSE,10,elitize_generation_data,3,12,0.292,NA
5,39,string-lengths-backwards,ifs,FALSE,10,elitize_generation_data,4,13,0.187,NA
6,39,string-lengths-backwards,ifs,FALSE,10,elitize_generation_data,5,3,0.147,NA
7,39,string-lengths-backwards,ifs,FALSE,10,elitize_generation_data,6,4,0.166,NA
8,39,string-lengths-backwards,ifs,FALSE,10,elitize_generation_data,7,5,0.163,NA
9,39,string-lengths-backwards,ifs,FALSE,10,elitize_generation_data,8,7,0.169,NA
10,39,string-lengths-backwards,ifs,FALSE,10,elitize_generation_data,9,8,0.303,NA
11,39,string-lengths-backwards,ifs,FALSE,10,elitize_generation_data,10,5,0.39,NA
12,39,string-lengths-backwards,ifs,FALSE,10,elitize_generation_data,11,3,0.303,NA
13,39,string-lengths-backwards,ifs,FALSE,10,elitize_generation_data,12,5,0.29,NA
14,39,string-lengths-backwards,ifs,FALSE,10,elitize_generation_data,13,8,0.274,NA
15,39,string-lengths-backwards,ifs,FALSE,10,elitize_generation_data,14,9,0.264,NA
16,39,string-lengths-backwards,ifs,FALSE,10,elitize_generation_data,15,8,0.301,NA
17,39,string-lengths-backwards,ifs,FALSE,10,elitize_generation_data,16,5,0.335,NA
18,39,string-lengths-backwards,ifs,FALSE,10,elitize_generation_data,17,6,0.318,NA
19,39,string-lengths-backwards,ifs,FALSE,10,elitize_generation_data,18,7,0.278,NA
20,39,string-lengths-backwards,ifs,FALSE,10,elitize_generation_data,19,8,0.239,NA
21,39,string-lengths-backwards,ifs,FALSE,10,elitize_generation_data,20,2,0.258,NA
22,39,string-lengths-backwards,ifs,FALSE,10,elitize_generation_data,21,3,0.27,NA
23,39,string-lengths-backwards,ifs,FALSE,10,elitize_generation_data,22,2,0.333,NA
24,39,string-lengths-backwards,ifs,FALSE,10,elitize_generation_data,23,3,0.395,NA
25,39,string-lengths-backwards,ifs,FALSE,10,elitize_generation_data,24,4,0.486,NA
26,39,string-lengths-backwards,ifs,FALSE,10,elitize_generation_data,25,3,0.402,NA
27,39,string-lengths-backwards,ifs,FALSE,10,elitize_generation_data,26,5,0.304,NA
28,39,string-lengths-backwards,ifs,FALSE,10,elitize_generation_data,27,5,0.245,NA
29,39,string-lengths-backwards,ifs,FALSE,10,elitize_generation_data,28,4,0.204,NA
30,39,string-lengths-backwards,ifs,FALSE,10,elitize_generation_data,29,5,0.183,NA
31,39,string-lengths-backwards,ifs,FALSE,10,elitize_generation_data,30,2,0.187,NA
32,39,string-lengths-backwards,ifs,FALSE,10,elitize_generation_data,31,2,0.191,NA
33,39,string-lengths-backwards,ifs,FALSE,10,elitize_generation_data,32,3,0.162,NA
34,39,string-lengths-backwards,ifs,FALSE,10,elitize_generation_data,33,2,0.168,NA
35,39,string-lengths-backwards,ifs,FALSE,10,elitize_generation_data,34,5,0.179,NA
36,39,string-lengths-backwards,ifs,FALSE,10,elitize_generation_data,35,3,0.148,NA
37,39,string-lengths-backwards,ifs,FALSE,10,elitize_generation_data,36,3,0.176,NA
38,39,string-lengths-backwards,ifs,FALSE,10,elitize_generation_data,37,4,0.171,NA
39,39,string-lengths-backwards,ifs,FALSE,10,elitize_generation_data,38,3,0.167,NA
40,39,string-lengths-backwards,ifs,FALSE,10,elitize_generation_data,39,7,0.167,NA
41,39,string-lengths-backwards,ifs,FALSE,10,elitize_generation_data,40,6,0.167,NA
42,39,string-lengths-backwards,ifs,FALSE,10,elitize_generation_data,41,6,0.179,NA
43,39,string-lengths-backwards,ifs,FALSE,10,elitize_generation_data,42,6,0.167,NA
44,39,string-lengths-backwards,ifs,FALSE,10,elitize_generation_data,43,6,0.139,NA
45,39,string-lengths-backwards,ifs,FALSE,10,elitize_generation_data,44,5,0.164,NA
46,39,string-lengths-backwards,ifs,FALSE,10,elitize_generation_data,45,8,0.167,NA
47,39,string-lengths-backwards,ifs,FALSE,10,elitize_generation_data,46,5,0.171,NA
48,39,string-lengths-backwards,ifs,FALSE,10,elitize_generation_data,47,6,0.175,NA
49,39,string-lengths-backwards,ifs,FALSE,10,elitize_generation_data,48,6,0.174,NA
50,39,string-lengths-backwards,ifs,FALSE,10,elitize_generation_data,49,4,0.162,NA
51,39,string-lengths-backwards,ifs,FALSE,10,elitize_generation_data,50,4,0.172,NA
52,39,string-lengths-backwards,ifs,FALSE,10,elitize_generation_data,51,6,0.191,NA
53,39,string-lengths-backwards,ifs,FALSE,10,elitize_generation_data,52,6,0.18,NA
54,39,string-lengths-backwards,ifs,FALSE,10,elitize_generation_data,53,4,0.181,NA
55,39,string-lengths-backwards,ifs,FALSE,10,elitize_generation_data,54,6,0.168,NA
56,39,string-lengths-backwards,ifs,FALSE,10,elitize_generation_data,55,4,0.167,NA
57,39,string-lengths-backwards,ifs,FALSE,10,elitize_generation_data,56,6,0.181,NA
58,39,string-lengths-backwards,ifs,FALSE,10,elitize_generation_data,57,5,0.189,NA
59,39,string-lengths-backwards,ifs,FALSE,10,elitize_generation_data,58,6,0.169,NA
60,39,string-lengths-backwards,ifs,FALSE,10,elitize_generation_data,59,4,0.179,NA
61,39,string-lengths-backwards,ifs,FALSE,10,elitize_generation_data,60,7,0.167,NA
62,39,string-lengths-backwards,ifs,FALSE,10,elitize_generation_data,61,3,0.17,NA
63,39,string-lengths-backwards,ifs,FALSE,10,elitize_generation_data,62,4,0.204,NA
64,39,string-lengths-backwards,ifs,FALSE,10,elitize_generation_data,63,5,0.188,NA
65,39,string-lengths-backwards,ifs,FALSE,10,elitize_generation_data,64,7,0.16,NA
66,39,string-lengths-backwards,ifs,FALSE,10,elitize_generation_data,65,10,0.176,NA
67,39,string-lengths-backwards,ifs,FALSE,10,elitize_generation_data,66,6,0.183,NA
68,39,string-lengths-backwards,ifs,FALSE,10,elitize_generation_data,67,7,0.188,NA
69,39,string-lengths-backwards,ifs,FALSE,10,elitize_generation_data,68,4,0.182,NA
70,39,string-lengths-backwards,ifs,FALSE,10,elitize_generation_data,69,4,0.183,NA
71,39,string-lengths-backwards,ifs,FALSE,10,elitize_generation_data,70,7,0.183,NA
72,39,string-lengths-backwards,ifs,FALSE,10,elitize_generation_data,71,6,0.18,NA
73,39,string-lengths-backwards,ifs,FALSE,10,elitize_generation_data,72,9,0.172,NA
74,39,string-lengths-backwards,ifs,FALSE,10,elitize_generation_data,73,5,0.169,NA
75,39,string-lengths-backwards,ifs,FALSE,10,elitize_generation_data,74,3,0.174,NA
76,39,string-lengths-backwards,ifs,FALSE,10,elitize_generation_data,75,6,0.172,NA
77,39,string-lengths-backwards,ifs,FALSE,10,elitize_generation_data,76,6,0.201,NA
78,39,string-lengths-backwards,ifs,FALSE,10,elitize_generation_data,77,7,0.18,NA
79,39,string-lengths-backwards,ifs,FALSE,10,elitize_generation_data,78,4,0.178,NA
80,39,string-lengths-backwards,ifs,FALSE,10,elitize_generation_data,79,4,0.165,NA
81,39,string-lengths-backwards,ifs,FALSE,10,elitize_generation_data,80,3,0.174,NA
82,39,string-lengths-backwards,ifs,FALSE,10,elitize_generation_data,81,8,0.176,NA
83,39,string-lengths-backwards,ifs,FALSE,10,elitize_generation_data,82,4,0.166,NA
84,39,string-lengths-backwards,ifs,FALSE,10,elitize_generation_data,83,3,0.183,NA
85,39,string-lengths-backwards,ifs,FALSE,10,elitize_generation_data,84,7,0.156,NA
86,39,string-lengths-backwards,ifs,FALSE,10,elitize_generation_data,85,5,0.185,NA
87,39,string-lengths-backwards,ifs,FALSE,10,elitize_generation_data,86,6,0.167,NA
88,39,string-lengths-backwards,ifs,FALSE,10,elitize_generation_data,87,6,0.182,NA
89,39,string-lengths-backwards,ifs,FALSE,10,elitize_generation_data,88,8,0.177,NA
90,39,string-lengths-backwards,ifs,FALSE,10,elitize_generation_data,89,9,0.189,NA
91,39,string-lengths-backwards,ifs,FALSE,10,elitize_generation_data,90,6,0.15,NA
92,39,string-lengths-backwards,ifs,FALSE,10,elitize_generation_data,91,8,0.182,NA
93,39,string-lengths-backwards,ifs,FALSE,10,elitize_generation_data,92,10,0.172,NA
94,39,string-lengths-backwards,ifs,FALSE,10,elitize_generation_data,93,7,0.166,NA
95,39,string-lengths-backwards,ifs,FALSE,10,elitize_generation_data,94,5,0.163,NA
96,39,string-lengths-backwards,ifs,FALSE,10,elitize_generation_data,95,6,0.166,NA
97,39,string-lengths-backwards,ifs,FALSE,10,elitize_generation_data,96,8,0.191,NA
98,39,string-lengths-backwards,ifs,FALSE,10,elitize_generation_data,97,4,0.148,NA
99,39,string-lengths-backwards,ifs,FALSE,10,elitize_generation_data,98,6,0.182,NA
100,39,string-lengths-backwards,ifs,FALSE,10,elitize_generation_data,99,8,0.17,NA
101,39,string-lengths-backwards,ifs,FALSE,10,elitize_generation_data,100,8,0.178,NA
102,39,string-lengths-backwards,ifs,FALSE,10,elitize_generation_data,101,8,0.17,NA
103,39,string-lengths-backwards,ifs,FALSE,10,elitize_generation_data,102,6,0.172,NA
104,39,string-lengths-backwards,ifs,FALSE,10,elitize_generation_data,103,2,0.165,NA
105,39,string-lengths-backwards,ifs,FALSE,10,elitize_generation_data,104,7,0.181,NA
106,39,string-lengths-backwards,ifs,FALSE,10,elitize_generation_data,105,7,0.178,NA
107,39,string-lengths-backwards,ifs,FALSE,10,elitize_generation_data,106,5,0.173,NA
108,39,string-lengths-backwards,ifs,FALSE,10,elitize_generation_data,107,6,0.189,NA
109,39,string-lengths-backwards,ifs,FALSE,10,elitize_generation_data,108,7,0.188,NA
110,39,string-lengths-backwards,ifs,FALSE,10,elitize_generation_data,109,5,0.18,NA
111,39,string-lengths-backwards,ifs,FALSE,10,elitize_generation_data,110,3,0.158,NA
112,39,string-lengths-backwards,ifs,FALSE,10,elitize_generation_data,111,5,0.183,NA
113,39,string-lengths-backwards,ifs,FALSE,10,elitize_generation_data,112,6,0.171,NA
114,39,string-lengths-backwards,ifs,FALSE,10,elitize_generation_data,113,6,0.169,NA
115,39,string-lengths-backwards,ifs,FALSE,10,elitize_generation_data,114,8,0.183,NA
116,39,string-lengths-backwards,ifs,FALSE,10,elitize_generation_data,115,9,0.191,NA
117,39,string-lengths-backwards,ifs,FALSE,10,elitize_generation_data,116,7,0.17,NA
118,39,string-lengths-backwards,ifs,FALSE,10,elitize_generation_data,117,8,0.167,NA
119,39,string-lengths-backwards,ifs,FALSE,10,elitize_generation_data,118,6,0.176,NA
120,39,string-lengths-backwards,ifs,FALSE,10,elitize_generation_data,119,6,0.187,NA
121,39,string-lengths-backwards,ifs,FALSE,10,elitize_generation_data,120,4,0.18,NA
122,39,string-lengths-backwards,ifs,FALSE,10,elitize_generation_data,121,6,0.176,NA
123,39,string-lengths-backwards,ifs,FALSE,10,elitize_generation_data,122,6,0.161,NA
124,39,string-lengths-backwards,ifs,FALSE,10,elitize_generation_data,123,5,0.161,NA
125,39,string-lengths-backwards,ifs,FALSE,10,elitize_generation_data,124,8,0.155,NA
126,39,string-lengths-backwards,ifs,FALSE,10,elitize_generation_data,125,6,0.158,NA
127,39,string-lengths-backwards,ifs,FALSE,10,elitize_generation_data,126,8,0.16,NA
128,39,string-lengths-backwards,ifs,FALSE,10,elitize_generation_data,127,8,0.161,NA
129,39,string-lengths-backwards,ifs,FALSE,10,elitize_generation_data,128,6,0.148,NA
130,39,string-lengths-backwards,ifs,FALSE,10,elitize_generation_data,129,8,0.166,NA
131,39,string-lengths-backwards,ifs,FALSE,10,elitize_generation_data,130,7,0.18,NA
132,39,string-lengths-backwards,ifs,FALSE,10,elitize_generation_data,131,8,0.161,NA
133,39,string-lengths-backwards,ifs,FALSE,10,elitize_generation_data,132,6,0.156,NA
134,39,string-lengths-backwards,ifs,FALSE,10,elitize_generation_data,133,7,0.159,NA
135,39,string-lengths-backwards,ifs,FALSE,10,elitize_generation_data,134,3,0.154,NA
136,39,string-lengths-backwards,ifs,FALSE,10,elitize_generation_data,135,3,0.141,NA
137,39,string-lengths-backwards,ifs,FALSE,10,elitize_generation_data,136,6,0.156,NA
138,39,string-lengths-backwards,ifs,FALSE,10,elitize_generation_data,137,9,0.148,NA
139,39,string-lengths-backwards,ifs,FALSE,10,elitize_generation_data,138,6,0.159,NA
140,39,string-lengths-backwards,ifs,FALSE,10,elitize_generation_data,139,6,0.165,NA
141,39,string-lengths-backwards,ifs,FALSE,10,elitize_generation_data,140,5,0.15,NA
142,39,string-lengths-backwards,ifs,FALSE,10,elitize_generation_data,141,5,0.15,NA
143,39,string-lengths-backwards,ifs,FALSE,10,elitize_generation_data,142,9,0.164,NA
144,39,string-lengths-backwards,ifs,FALSE,10,elitize_generation_data,143,6,0.156,NA
145,39,string-lengths-backwards,ifs,FALSE,10,elitize_generation_data,144,6,0.151,NA
146,39,string-lengths-backwards,ifs,FALSE,10,elitize_generation_data,145,4,0.151,NA
147,39,string-lengths-backwards,ifs,FALSE,10,elitize_generation_data,146,4,0.159,NA
148,39,string-lengths-backwards,ifs,FALSE,10,elitize_generation_data,147,5,0.149,NA
149,39,string-lengths-backwards,ifs,FALSE,10,elitize_generation_data,148,7,0.142,NA
150,39,string-lengths-backwards,ifs,FALSE,10,elitize_generation_data,149,4,0.134,NA
151,39,string-lengths-backwards,ifs,FALSE,10,elitize_generation_data,150,6,0.144,NA
152,39,string-lengths-backwards,ifs,FALSE,10,elitize_generation_data,151,3,0.152,NA
153,39,string-lengths-backwards,ifs,FALSE,10,elitize_generation_data,152,8,0.139,NA
154,39,string-lengths-backwards,ifs,FALSE,10,elitize_generation_data,153,6,0.143,NA
155,39,string-lengths-backwards,ifs,FALSE,10,elitize_generation_data,154,6,0.133,NA
156,39,string-lengths-backwards,ifs,FALSE,10,elitize_generation_data,155,7,0.148,NA
157,39,string-lengths-backwards,ifs,FALSE,10,elitize_generation_data,156,6,0.126,NA
158,39,string-lengths-backwards,ifs,FALSE,10,elitize_generation_data,157,7,0.138,NA
159,39,string-lengths-backwards,ifs,FALSE,10,elitize_generation_data,158,6,0.134,NA
160,39,string-lengths-backwards,ifs,FALSE,10,elitize_generation_data,159,5,0.15,NA
161,39,string-lengths-backwards,ifs,FALSE,10,elitize_generation_data,160,6,0.134,NA
162,39,string-lengths-backwards,ifs,FALSE,10,elitize_generation_data,161,5,0.127,NA
163,39,string-lengths-backwards,ifs,FALSE,10,elitize_generation_data,162,7,0.127,NA
164,39,string-lengths-backwards,ifs,FALSE,10,elitize_generation_data,163,4,0.138,NA
165,39,string-lengths-backwards,ifs,FALSE,10,elitize_generation_data,164,7,0.13,NA
166,39,string-lengths-backwards,ifs,FALSE,10,elitize_generation_data,165,7,0.138,NA
167,39,string-lengths-backwards,ifs,FALSE,10,elitize_generation_data,166,4,0.127,NA
168,39,string-lengths-backwards,ifs,FALSE,10,elitize_generation_data,167,6,0.138,NA
169,39,string-lengths-backwards,ifs,FALSE,10,elitize_generation_data,168,4,0.123,NA
170,39,string-lengths-backwards,ifs,FALSE,10,elitize_generation_data,169,4,0.125,NA
171,39,string-lengths-backwards,ifs,FALSE,10,elitize_generation_data,170,2,0.127,NA
172,39,string-lengths-backwards,ifs,FALSE,10,elitize_generation_data,171,7,0.143,NA
173,39,string-lengths-backwards,ifs,FALSE,10,elitize_generation_data,172,7,0.134,NA
174,39,string-lengths-backwards,ifs,FALSE,10,elitize_generation_data,173,6,0.121,NA
175,39,string-lengths-backwards,ifs,FALSE,10,elitize_generation_data,174,5,0.139,NA
176,39,string-lengths-backwards,ifs,FALSE,10,elitize_generation_data,175,8,0.148,NA
177,39,string-lengths-backwards,ifs,FALSE,10,elitize_generation_data,176,3,0.148,NA
178,39,string-lengths-backwards,ifs,FALSE,10,elitize_generation_data,177,9,0.153,NA
179,39,string-lengths-backwards,ifs,FALSE,10,elitize_generation_data,178,4,0.119,NA
180,39,string-lengths-backwards,ifs,FALSE,10,elitize_generation_data,179,3,0.133,NA
181,39,string-lengths-backwards,ifs,FALSE,10,elitize_generation_data,180,6,0.133,NA
182,39,string-lengths-backwards,ifs,FALSE,10,elitize_generation_data,181,7,0.126,NA
183,39,string-lengths-backwards,ifs,FALSE,10,elitize_generation_data,182,7,0.125,NA
184,39,string-lengths-backwards,ifs,FALSE,10,elitize_generation_data,183,8,0.127,NA
185,39,string-lengths-backwards,ifs,FALSE,10,elitize_generation_data,184,6,0.132,NA
186,39,string-lengths-backwards,ifs,FALSE,10,elitize_generation_data,185,8,0.12,NA
187,39,string-lengths-backwards,ifs,FALSE,10,elitize_generation_data,186,7,0.122,NA
188,39,string-lengths-backwards,ifs,FALSE,10,elitize_generation_data,187,5,0.129,NA
189,39,string-lengths-backwards,ifs,FALSE,10,elitize_generation_data,188,5,0.116,NA
190,39,string-lengths-backwards,ifs,FALSE,10,elitize_generation_data,189,6,0.129,NA
191,39,string-lengths-backwards,ifs,FALSE,10,elitize_generation_data,190,4,0.127,NA
192,39,string-lengths-backwards,ifs,FALSE,10,elitize_generation_data,191,6,0.124,NA
193,39,string-lengths-backwards,ifs,FALSE,10,elitize_generation_data,192,3,0.113,NA
194,39,string-lengths-backwards,ifs,FALSE,10,elitize_generation_data,193,4,0.122,NA
195,39,string-lengths-backwards,ifs,FALSE,10,elitize_generation_data,194,4,0.136,NA
196,39,string-lengths-backwards,ifs,FALSE,10,elitize_generation_data,195,7,0.124,NA
197,39,string-lengths-backwards,ifs,FALSE,10,elitize_generation_data,196,5,0.125,NA
198,39,string-lengths-backwards,ifs,FALSE,10,elitize_generation_data,197,3,0.135,NA
199,39,string-lengths-backwards,ifs,FALSE,10,elitize_generation_data,198,5,0.126,NA
200,39,string-lengths-backwards,ifs,FALSE,10,elitize_generation_data,199,3,0.126,NA
201,39,string-lengths-backwards,ifs,FALSE,10,elitize_generation_data,200,6,0.128,NA
202,39,string-lengths-backwards,ifs,FALSE,10,elitize_generation_data,201,5,0.144,NA
203,39,string-lengths-backwards,ifs,FALSE,10,elitize_generation_data,202,5,0.129,NA
204,39,string-lengths-backwards,ifs,FALSE,10,elitize_generation_data,203,3,0.112,NA
205,39,string-lengths-backwards,ifs,FALSE,10,elitize_generation_data,204,6,0.118,NA
206,39,string-lengths-backwards,ifs,FALSE,10,elitize_generation_data,205,6,0.125,NA
207,39,string-lengths-backwards,ifs,FALSE,10,elitize_generation_data,206,5,0.129,NA
208,39,string-lengths-backwards,ifs,FALSE,10,elitize_generation_data,207,3,0.108,NA
209,39,string-lengths-backwards,ifs,FALSE,10,elitize_generation_data,208,4,0.118,NA
210,39,string-lengths-backwards,ifs,FALSE,10,elitize_generation_data,209,7,0.143,NA
211,39,string-lengths-backwards,ifs,FALSE,10,elitize_generation_data,210,6,0.127,NA
212,39,string-lengths-backwards,ifs,FALSE,10,elitize_generation_data,211,5,0.125,NA
213,39,string-lengths-backwards,ifs,FALSE,10,elitize_generation_data,212,4,0.126,NA
214,39,string-lengths-backwards,ifs,FALSE,10,elitize_generation_data,213,3,0.139,NA
215,39,string-lengths-backwards,ifs,FALSE,10,elitize_generation_data,214,5,0.113,NA
216,39,string-lengths-backwards,ifs,FALSE,10,elitize_generation_data,215,5,0.125,NA
217,39,string-lengths-backwards,ifs,FALSE,10,elitize_generation_data,216,4,0.14,NA
218,39,string-lengths-backwards,ifs,FALSE,10,elitize_generation_data,217,6,0.137,NA
219,39,string-lengths-backwards,ifs,FALSE,10,elitize_generation_data,218,4,0.135,NA
220,39,string-lengths-backwards,ifs,FALSE,10,elitize_generation_data,219,4,0.126,NA
221,39,string-lengths-backwards,ifs,FALSE,10,elitize_generation_data,220,4,0.134,NA
222,39,string-lengths-backwards,ifs,FALSE,10,elitize_generation_data,221,3,0.117,NA
223,39,string-lengths-backwards,ifs,FALSE,10,elitize_generation_data,222,7,0.119,NA
224,39,string-lengths-backwards,ifs,FALSE,10,elitize_generation_data,223,7,0.127,NA
225,39,string-lengths-backwards,ifs,FALSE,10,elitize_generation_data,224,3,0.127,NA
226,39,string-lengths-backwards,ifs,FALSE,10,elitize_generation_data,225,5,0.13,NA
227,39,string-lengths-backwards,ifs,FALSE,10,elitize_generation_data,226,6,0.123,NA
228,39,string-lengths-backwards,ifs,FALSE,10,elitize_generation_data,227,3,0.127,NA
229,39,string-lengths-backwards,ifs,FALSE,10,elitize_generation_data,228,6,0.127,NA
230,39,string-lengths-backwards,ifs,FALSE,10,elitize_generation_data,229,3,0.138,NA
231,39,string-lengths-backwards,ifs,FALSE,10,elitize_generation_data,230,5,0.136,NA
232,39,string-lengths-backwards,ifs,FALSE,10,elitize_generation_data,231,5,0.128,NA
233,39,string-lengths-backwards,ifs,FALSE,10,elitize_generation_data,232,7,0.117,NA
234,39,string-lengths-backwards,ifs,FALSE,10,elitize_generation_data,233,5,0.138,NA
235,39,string-lengths-backwards,ifs,FALSE,10,elitize_generation_data,234,6,0.124,NA
236,39,string-lengths-backwards,ifs,FALSE,10,elitize_generation_data,235,7,0.136,NA
237,39,string-lengths-backwards,ifs,FALSE,10,elitize_generation_data,236,4,0.111,NA
238,39,string-lengths-backwards,ifs,FALSE,10,elitize_generation_data,237,6,0.123,NA
239,39,string-lengths-backwards,ifs,FALSE,10,elitize_generation_data,238,6,0.12,NA
240,39,string-lengths-backwards,ifs,FALSE,10,elitize_generation_data,239,2,0.105,NA
241,39,string-lengths-backwards,ifs,FALSE,10,elitize_generation_data,240,4,0.113,NA
242,39,string-lengths-backwards,ifs,FALSE,10,elitize_generation_data,241,6,0.112,NA
243,39,string-lengths-backwards,ifs,FALSE,10,elitize_generation_data,242,5,0.106,NA
244,39,string-lengths-backwards,ifs,FALSE,10,elitize_generation_data,243,4,0.121,NA
245,39,string-lengths-backwards,ifs,FALSE,10,elitize_generation_data,244,4,0.117,NA
246,39,string-lengths-backwards,ifs,FALSE,10,elitize_generation_data,245,9,0.109,NA
247,39,string-lengths-backwards,ifs,FALSE,10,elitize_generation_data,246,2,0.113,NA
248,39,string-lengths-backwards,ifs,FALSE,10,elitize_generation_data,247,4,0.117,NA
249,39,string-lengths-backwards,ifs,FALSE,10,elitize_generation_data,248,7,0.099,NA
250,39,string-lengths-backwards,ifs,FALSE,10,elitize_generation_data,249,5,0.1,NA
251,39,string-lengths-backwards,ifs,FALSE,10,elitize_generation_data,250,5,0.129,NA
252,39,string-lengths-backwards,ifs,FALSE,10,elitize_generation_data,251,5,0.126,NA
253,39,string-lengths-backwards,ifs,FALSE,10,elitize_generation_data,252,4,0.126,NA
254,39,string-lengths-backwards,ifs,FALSE,10,elitize_generation_data,253,4,0.108,NA
255,39,string-lengths-backwards,ifs,FALSE,10,elitize_generation_data,254,5,0.121,NA
256,39,string-lengths-backwards,ifs,FALSE,10,elitize_generation_data,255,5,0.104,NA
257,39,string-lengths-backwards,ifs,FALSE,10,elitize_generation_data,256,4,0.121,NA
258,39,string-lengths-backwards,ifs,FALSE,10,elitize_generation_data,257,5,0.109,NA
259,39,string-lengths-backwards,ifs,FALSE,10,elitize_generation_data,258,5,0.097,NA
260,39,string-lengths-backwards,ifs,FALSE,10,elitize_generation_data,259,6,0.118,NA
261,39,string-lengths-backwards,ifs,FALSE,10,elitize_generation_data,260,5,0.116,NA
262,39,string-lengths-backwards,ifs,FALSE,10,elitize_generation_data,261,9,0.12,NA
263,39,string-lengths-backwards,ifs,FALSE,10,elitize_generation_data,262,5,0.114,NA
264,39,string-lengths-backwards,ifs,FALSE,10,elitize_generation_data,263,3,0.098,NA
265,39,string-lengths-backwards,ifs,FALSE,10,elitize_generation_data,264,5,0.105,NA
266,39,string-lengths-backwards,ifs,FALSE,10,elitize_generation_data,265,4,0.119,NA
267,39,string-lengths-backwards,ifs,FALSE,10,elitize_generation_data,266,6,0.108,NA
268,39,string-lengths-backwards,ifs,FALSE,10,elitize_generation_data,267,7,0.113,NA
269,39,string-lengths-backwards,ifs,FALSE,10,elitize_generation_data,268,5,0.104,NA
270,39,string-lengths-backwards,ifs,FALSE,10,elitize_generation_data,269,7,0.119,NA
271,39,string-lengths-backwards,ifs,FALSE,10,elitize_generation_data,270,4,0.095,NA
272,39,string-lengths-backwards,ifs,FALSE,10,elitize_generation_data,271,5,0.113,NA
273,39,string-lengths-backwards,ifs,FALSE,10,elitize_generation_data,272,4,0.107,NA
274,39,string-lengths-backwards,ifs,FALSE,10,elitize_generation_data,273,6,0.093,NA
275,39,string-lengths-backwards,ifs,FALSE,10,elitize_generation_data,274,5,0.103,NA
276,39,string-lengths-backwards,ifs,FALSE,10,elitize_generation_data,275,5,0.107,NA
277,39,string-lengths-backwards,ifs,FALSE,10,elitize_generation_data,276,5,0.098,NA
278,39,string-lengths-backwards,ifs,FALSE,10,elitize_generation_data,277,3,0.094,NA
279,39,string-lengths-backwards,ifs,FALSE,10,elitize_generation_data,278,4,0.105,NA
280,39,string-lengths-backwards,ifs,FALSE,10,elitize_generation_data,279,6,0.105,NA
281,39,string-lengths-backwards,ifs,FALSE,10,elitize_generation_data,280,5,0.101,NA
282,39,string-lengths-backwards,ifs,FALSE,10,elitize_generation_data,281,9,0.118,NA
283,39,string-lengths-backwards,ifs,FALSE,10,elitize_generation_data,282,5,0.104,NA
284,39,string-lengths-backwards,ifs,FALSE,10,elitize_generation_data,283,5,0.103,NA
285,39,string-lengths-backwards,ifs,FALSE,10,elitize_generation_data,284,6,0.118,NA
286,39,string-lengths-backwards,ifs,FALSE,10,elitize_generation_data,285,6,0.112,NA
287,39,string-lengths-backwards,ifs,FALSE,10,elitize_generation_data,286,6,0.107,NA
288,39,string-lengths-backwards,ifs,FALSE,10,elitize_generation_data,287,7,0.102,NA
289,39,string-lengths-backwards,ifs,FALSE,10,elitize_generation_data,288,8,0.107,NA
290,39,string-lengths-backwards,ifs,FALSE,10,elitize_generation_data,289,5,0.102,NA
291,39,string-lengths-backwards,ifs,FALSE,10,elitize_generation_data,290,7,0.098,NA
292,39,string-lengths-backwards,ifs,FALSE,10,elitize_generation_data,291,4,0.111,NA
293,39,string-lengths-backwards,ifs,FALSE,10,elitize_generation_data,292,5,0.111,NA
294,39,string-lengths-backwards,ifs,FALSE,10,elitize_generation_data,293,6,0.108,NA
295,39,string-lengths-backwards,ifs,FALSE,10,elitize_generation_data,294,7,0.094,NA
296,39,string-lengths-backwards,ifs,FALSE,10,elitize_generation_data,295,4,0.105,NA
297,39,string-lengths-backwards,ifs,FALSE,10,elitize_generation_data,296,7,0.107,NA
298,39,string-lengths-backwards,ifs,FALSE,10,elitize_generation_data,297,6,0.112,NA
299,39,string-lengths-backwards,ifs,FALSE,10,elitize_generation_data,298,6,0.102,NA
300,39,string-lengths-backwards,ifs,FALSE,10,elitize_generation_data,299,5,0.11,NA
301,39,string-lengths-backwards,ifs,FALSE,10,elitize_generation_data,300,5,0.103,NA
