,run.num,problem,treatment,succeeded,height,normalization.function,generation,cluster.count,error.diversity,success.generation
1,79,string-lengths-backwards,ifs,FALSE,10,elitize_generation_data,0,5,0.265,NA
2,79,string-lengths-backwards,ifs,FALSE,10,elitize_generation_data,1,4,0.145,NA
3,79,string-lengths-backwards,ifs,FALSE,10,elitize_generation_data,2,8,0.213,NA
4,79,string-lengths-backwards,ifs,FALSE,10,elitize_generation_data,3,11,0.209,NA
5,79,string-lengths-backwards,ifs,FALSE,10,elitize_generation_data,4,17,0.121,NA
6,79,string-lengths-backwards,ifs,FALSE,10,elitize_generation_data,5,19,0.137,NA
7,79,string-lengths-backwards,ifs,FALSE,10,elitize_generation_data,6,21,0.133,NA
8,79,string-lengths-backwards,ifs,FALSE,10,elitize_generation_data,7,18,0.062,NA
9,79,string-lengths-backwards,ifs,FALSE,10,elitize_generation_data,8,8,0.035,NA
10,79,string-lengths-backwards,ifs,FALSE,10,elitize_generation_data,9,12,0.034,NA
11,79,string-lengths-backwards,ifs,FALSE,10,elitize_generation_data,10,3,0.032,NA
12,79,string-lengths-backwards,ifs,FALSE,10,elitize_generation_data,11,3,0.038,NA
13,79,string-lengths-backwards,ifs,FALSE,10,elitize_generation_data,12,7,0.042,NA
14,79,string-lengths-backwards,ifs,FALSE,10,elitize_generation_data,13,18,0.065,NA
15,79,string-lengths-backwards,ifs,FALSE,10,elitize_generation_data,14,14,0.115,NA
16,79,string-lengths-backwards,ifs,FALSE,10,elitize_generation_data,15,10,0.162,NA
17,79,string-lengths-backwards,ifs,FALSE,10,elitize_generation_data,16,21,0.16,NA
18,79,string-lengths-backwards,ifs,FALSE,10,elitize_generation_data,17,8,0.153,NA
19,79,string-lengths-backwards,ifs,FALSE,10,elitize_generation_data,18,13,0.153,NA
20,79,string-lengths-backwards,ifs,FALSE,10,elitize_generation_data,19,14,0.163,NA
21,79,string-lengths-backwards,ifs,FALSE,10,elitize_generation_data,20,14,0.172,NA
22,79,string-lengths-backwards,ifs,FALSE,10,elitize_generation_data,21,19,0.182,NA
23,79,string-lengths-backwards,ifs,FALSE,10,elitize_generation_data,22,3,0.21,NA
24,79,string-lengths-backwards,ifs,FALSE,10,elitize_generation_data,23,4,0.217,NA
25,79,string-lengths-backwards,ifs,FALSE,10,elitize_generation_data,24,7,0.224,NA
26,79,string-lengths-backwards,ifs,FALSE,10,elitize_generation_data,25,7,0.261,NA
27,79,string-lengths-backwards,ifs,FALSE,10,elitize_generation_data,26,9,0.227,NA
28,79,string-lengths-backwards,ifs,FALSE,10,elitize_generation_data,27,9,0.16,NA
29,79,string-lengths-backwards,ifs,FALSE,10,elitize_generation_data,28,9,0.177,NA
30,79,string-lengths-backwards,ifs,FALSE,10,elitize_generation_data,29,10,0.135,NA
31,79,string-lengths-backwards,ifs,FALSE,10,elitize_generation_data,30,11,0.116,NA
32,79,string-lengths-backwards,ifs,FALSE,10,elitize_generation_data,31,10,0.114,NA
33,79,string-lengths-backwards,ifs,FALSE,10,elitize_generation_data,32,10,0.127,NA
34,79,string-lengths-backwards,ifs,FALSE,10,elitize_generation_data,33,10,0.123,NA
35,79,string-lengths-backwards,ifs,FALSE,10,elitize_generation_data,34,9,0.126,NA
36,79,string-lengths-backwards,ifs,FALSE,10,elitize_generation_data,35,11,0.149,NA
37,79,string-lengths-backwards,ifs,FALSE,10,elitize_generation_data,36,12,0.173,NA
38,79,string-lengths-backwards,ifs,FALSE,10,elitize_generation_data,37,9,0.164,NA
39,79,string-lengths-backwards,ifs,FALSE,10,elitize_generation_data,38,10,0.153,NA
40,79,string-lengths-backwards,ifs,FALSE,10,elitize_generation_data,39,12,0.153,NA
41,79,string-lengths-backwards,ifs,FALSE,10,elitize_generation_data,40,13,0.184,NA
42,79,string-lengths-backwards,ifs,FALSE,10,elitize_generation_data,41,10,0.151,NA
43,79,string-lengths-backwards,ifs,FALSE,10,elitize_generation_data,42,10,0.141,NA
44,79,string-lengths-backwards,ifs,FALSE,10,elitize_generation_data,43,11,0.141,NA
45,79,string-lengths-backwards,ifs,FALSE,10,elitize_generation_data,44,13,0.148,NA
46,79,string-lengths-backwards,ifs,FALSE,10,elitize_generation_data,45,13,0.15,NA
47,79,string-lengths-backwards,ifs,FALSE,10,elitize_generation_data,46,11,0.134,NA
48,79,string-lengths-backwards,ifs,FALSE,10,elitize_generation_data,47,12,0.14,NA
49,79,string-lengths-backwards,ifs,FALSE,10,elitize_generation_data,48,9,0.14,NA
50,79,string-lengths-backwards,ifs,FALSE,10,elitize_generation_data,49,11,0.144,NA
51,79,string-lengths-backwards,ifs,FALSE,10,elitize_generation_data,50,12,0.125,NA
52,79,string-lengths-backwards,ifs,FALSE,10,elitize_generation_data,51,12,0.119,NA
53,79,string-lengths-backwards,ifs,FALSE,10,elitize_generation_data,52,12,0.136,NA
54,79,string-lengths-backwards,ifs,FALSE,10,elitize_generation_data,53,9,0.121,NA
55,79,string-lengths-backwards,ifs,FALSE,10,elitize_generation_data,54,9,0.111,NA
56,79,string-lengths-backwards,ifs,FALSE,10,elitize_generation_data,55,11,0.11,NA
57,79,string-lengths-backwards,ifs,FALSE,10,elitize_generation_data,56,12,0.106,NA
58,79,string-lengths-backwards,ifs,FALSE,10,elitize_generation_data,57,10,0.104,NA
59,79,string-lengths-backwards,ifs,FALSE,10,elitize_generation_data,58,11,0.1,NA
60,79,string-lengths-backwards,ifs,FALSE,10,elitize_generation_data,59,11,0.103,NA
61,79,string-lengths-backwards,ifs,FALSE,10,elitize_generation_data,60,11,0.092,NA
62,79,string-lengths-backwards,ifs,FALSE,10,elitize_generation_data,61,12,0.098,NA
63,79,string-lengths-backwards,ifs,FALSE,10,elitize_generation_data,62,10,0.108,NA
64,79,string-lengths-backwards,ifs,FALSE,10,elitize_generation_data,63,12,0.1,NA
65,79,string-lengths-backwards,ifs,FALSE,10,elitize_generation_data,64,10,0.088,NA
66,79,string-lengths-backwards,ifs,FALSE,10,elitize_generation_data,65,11,0.089,NA
67,79,string-lengths-backwards,ifs,FALSE,10,elitize_generation_data,66,11,0.096,NA
68,79,string-lengths-backwards,ifs,FALSE,10,elitize_generation_data,67,11,0.099,NA
69,79,string-lengths-backwards,ifs,FALSE,10,elitize_generation_data,68,12,0.112,NA
70,79,string-lengths-backwards,ifs,FALSE,10,elitize_generation_data,69,12,0.152,NA
71,79,string-lengths-backwards,ifs,FALSE,10,elitize_generation_data,70,12,0.194,NA
72,79,string-lengths-backwards,ifs,FALSE,10,elitize_generation_data,71,12,0.2,NA
73,79,string-lengths-backwards,ifs,FALSE,10,elitize_generation_data,72,10,0.188,NA
74,79,string-lengths-backwards,ifs,FALSE,10,elitize_generation_data,73,9,0.192,NA
75,79,string-lengths-backwards,ifs,FALSE,10,elitize_generation_data,74,14,0.174,NA
76,79,string-lengths-backwards,ifs,FALSE,10,elitize_generation_data,75,14,0.209,NA
77,79,string-lengths-backwards,ifs,FALSE,10,elitize_generation_data,76,12,0.219,NA
78,79,string-lengths-backwards,ifs,FALSE,10,elitize_generation_data,77,10,0.225,NA
79,79,string-lengths-backwards,ifs,FALSE,10,elitize_generation_data,78,12,0.217,NA
80,79,string-lengths-backwards,ifs,FALSE,10,elitize_generation_data,79,13,0.214,NA
81,79,string-lengths-backwards,ifs,FALSE,10,elitize_generation_data,80,14,0.217,NA
82,79,string-lengths-backwards,ifs,FALSE,10,elitize_generation_data,81,16,0.215,NA
83,79,string-lengths-backwards,ifs,FALSE,10,elitize_generation_data,82,18,0.242,NA
84,79,string-lengths-backwards,ifs,FALSE,10,elitize_generation_data,83,11,0.206,NA
85,79,string-lengths-backwards,ifs,FALSE,10,elitize_generation_data,84,15,0.218,NA
86,79,string-lengths-backwards,ifs,FALSE,10,elitize_generation_data,85,15,0.199,NA
87,79,string-lengths-backwards,ifs,FALSE,10,elitize_generation_data,86,13,0.213,NA
88,79,string-lengths-backwards,ifs,FALSE,10,elitize_generation_data,87,16,0.204,NA
89,79,string-lengths-backwards,ifs,FALSE,10,elitize_generation_data,88,11,0.194,NA
90,79,string-lengths-backwards,ifs,FALSE,10,elitize_generation_data,89,13,0.222,NA
91,79,string-lengths-backwards,ifs,FALSE,10,elitize_generation_data,90,14,0.197,NA
92,79,string-lengths-backwards,ifs,FALSE,10,elitize_generation_data,91,13,0.206,NA
93,79,string-lengths-backwards,ifs,FALSE,10,elitize_generation_data,92,12,0.239,NA
94,79,string-lengths-backwards,ifs,FALSE,10,elitize_generation_data,93,11,0.243,NA
95,79,string-lengths-backwards,ifs,FALSE,10,elitize_generation_data,94,16,0.281,NA
96,79,string-lengths-backwards,ifs,FALSE,10,elitize_generation_data,95,12,0.277,NA
97,79,string-lengths-backwards,ifs,FALSE,10,elitize_generation_data,96,13,0.29,NA
98,79,string-lengths-backwards,ifs,FALSE,10,elitize_generation_data,97,11,0.3,NA
99,79,string-lengths-backwards,ifs,FALSE,10,elitize_generation_data,98,14,0.299,NA
100,79,string-lengths-backwards,ifs,FALSE,10,elitize_generation_data,99,12,0.277,NA
101,79,string-lengths-backwards,ifs,FALSE,10,elitize_generation_data,100,13,0.284,NA
102,79,string-lengths-backwards,ifs,FALSE,10,elitize_generation_data,101,16,0.283,NA
103,79,string-lengths-backwards,ifs,FALSE,10,elitize_generation_data,102,15,0.285,NA
104,79,string-lengths-backwards,ifs,FALSE,10,elitize_generation_data,103,18,0.292,NA
105,79,string-lengths-backwards,ifs,FALSE,10,elitize_generation_data,104,16,0.274,NA
106,79,string-lengths-backwards,ifs,FALSE,10,elitize_generation_data,105,14,0.276,NA
107,79,string-lengths-backwards,ifs,FALSE,10,elitize_generation_data,106,12,0.296,NA
108,79,string-lengths-backwards,ifs,FALSE,10,elitize_generation_data,107,12,0.317,NA
109,79,string-lengths-backwards,ifs,FALSE,10,elitize_generation_data,108,10,0.315,NA
110,79,string-lengths-backwards,ifs,FALSE,10,elitize_generation_data,109,9,0.295,NA
111,79,string-lengths-backwards,ifs,FALSE,10,elitize_generation_data,110,8,0.301,NA
112,79,string-lengths-backwards,ifs,FALSE,10,elitize_generation_data,111,7,0.303,NA
113,79,string-lengths-backwards,ifs,FALSE,10,elitize_generation_data,112,11,0.342,NA
114,79,string-lengths-backwards,ifs,FALSE,10,elitize_generation_data,113,7,0.352,NA
115,79,string-lengths-backwards,ifs,FALSE,10,elitize_generation_data,114,8,0.359,NA
116,79,string-lengths-backwards,ifs,FALSE,10,elitize_generation_data,115,9,0.374,NA
117,79,string-lengths-backwards,ifs,FALSE,10,elitize_generation_data,116,7,0.349,NA
118,79,string-lengths-backwards,ifs,FALSE,10,elitize_generation_data,117,8,0.289,NA
119,79,string-lengths-backwards,ifs,FALSE,10,elitize_generation_data,118,10,0.273,NA
120,79,string-lengths-backwards,ifs,FALSE,10,elitize_generation_data,119,12,0.265,NA
121,79,string-lengths-backwards,ifs,FALSE,10,elitize_generation_data,120,7,0.245,NA
122,79,string-lengths-backwards,ifs,FALSE,10,elitize_generation_data,121,11,0.251,NA
123,79,string-lengths-backwards,ifs,FALSE,10,elitize_generation_data,122,9,0.286,NA
124,79,string-lengths-backwards,ifs,FALSE,10,elitize_generation_data,123,8,0.285,NA
125,79,string-lengths-backwards,ifs,FALSE,10,elitize_generation_data,124,9,0.306,NA
126,79,string-lengths-backwards,ifs,FALSE,10,elitize_generation_data,125,11,0.292,NA
127,79,string-lengths-backwards,ifs,FALSE,10,elitize_generation_data,126,9,0.28,NA
128,79,string-lengths-backwards,ifs,FALSE,10,elitize_generation_data,127,13,0.308,NA
129,79,string-lengths-backwards,ifs,FALSE,10,elitize_generation_data,128,9,0.305,NA
130,79,string-lengths-backwards,ifs,FALSE,10,elitize_generation_data,129,10,0.302,NA
131,79,string-lengths-backwards,ifs,FALSE,10,elitize_generation_data,130,9,0.317,NA
132,79,string-lengths-backwards,ifs,FALSE,10,elitize_generation_data,131,10,0.316,NA
133,79,string-lengths-backwards,ifs,FALSE,10,elitize_generation_data,132,19,0.363,NA
134,79,string-lengths-backwards,ifs,FALSE,10,elitize_generation_data,133,20,0.421,NA
135,79,string-lengths-backwards,ifs,FALSE,10,elitize_generation_data,134,25,0.432,NA
136,79,string-lengths-backwards,ifs,FALSE,10,elitize_generation_data,135,38,0.487,NA
137,79,string-lengths-backwards,ifs,FALSE,10,elitize_generation_data,136,37,0.5,NA
138,79,string-lengths-backwards,ifs,FALSE,10,elitize_generation_data,137,34,0.501,NA
139,79,string-lengths-backwards,ifs,FALSE,10,elitize_generation_data,138,26,0.484,NA
140,79,string-lengths-backwards,ifs,FALSE,10,elitize_generation_data,139,32,0.456,NA
141,79,string-lengths-backwards,ifs,FALSE,10,elitize_generation_data,140,16,0.44,NA
142,79,string-lengths-backwards,ifs,FALSE,10,elitize_generation_data,141,20,0.467,NA
143,79,string-lengths-backwards,ifs,FALSE,10,elitize_generation_data,142,30,0.458,NA
144,79,string-lengths-backwards,ifs,FALSE,10,elitize_generation_data,143,24,0.499,NA
145,79,string-lengths-backwards,ifs,FALSE,10,elitize_generation_data,144,29,0.487,NA
146,79,string-lengths-backwards,ifs,FALSE,10,elitize_generation_data,145,20,0.459,NA
147,79,string-lengths-backwards,ifs,FALSE,10,elitize_generation_data,146,20,0.463,NA
148,79,string-lengths-backwards,ifs,FALSE,10,elitize_generation_data,147,20,0.463,NA
149,79,string-lengths-backwards,ifs,FALSE,10,elitize_generation_data,148,26,0.514,NA
150,79,string-lengths-backwards,ifs,FALSE,10,elitize_generation_data,149,26,0.502,NA
151,79,string-lengths-backwards,ifs,FALSE,10,elitize_generation_data,150,31,0.504,NA
152,79,string-lengths-backwards,ifs,FALSE,10,elitize_generation_data,151,18,0.47,NA
153,79,string-lengths-backwards,ifs,FALSE,10,elitize_generation_data,152,29,0.471,NA
154,79,string-lengths-backwards,ifs,FALSE,10,elitize_generation_data,153,27,0.463,NA
155,79,string-lengths-backwards,ifs,FALSE,10,elitize_generation_data,154,27,0.48,NA
156,79,string-lengths-backwards,ifs,FALSE,10,elitize_generation_data,155,26,0.453,NA
157,79,string-lengths-backwards,ifs,FALSE,10,elitize_generation_data,156,28,0.473,NA
158,79,string-lengths-backwards,ifs,FALSE,10,elitize_generation_data,157,30,0.484,NA
159,79,string-lengths-backwards,ifs,FALSE,10,elitize_generation_data,158,32,0.493,NA
160,79,string-lengths-backwards,ifs,FALSE,10,elitize_generation_data,159,27,0.516,NA
161,79,string-lengths-backwards,ifs,FALSE,10,elitize_generation_data,160,26,0.508,NA
162,79,string-lengths-backwards,ifs,FALSE,10,elitize_generation_data,161,29,0.498,NA
163,79,string-lengths-backwards,ifs,FALSE,10,elitize_generation_data,162,35,0.464,NA
164,79,string-lengths-backwards,ifs,FALSE,10,elitize_generation_data,163,25,0.448,NA
165,79,string-lengths-backwards,ifs,FALSE,10,elitize_generation_data,164,41,0.479,NA
166,79,string-lengths-backwards,ifs,FALSE,10,elitize_generation_data,165,39,0.478,NA
167,79,string-lengths-backwards,ifs,FALSE,10,elitize_generation_data,166,36,0.503,NA
168,79,string-lengths-backwards,ifs,FALSE,10,elitize_generation_data,167,31,0.514,NA
169,79,string-lengths-backwards,ifs,FALSE,10,elitize_generation_data,168,35,0.483,NA
170,79,string-lengths-backwards,ifs,FALSE,10,elitize_generation_data,169,40,0.504,NA
171,79,string-lengths-backwards,ifs,FALSE,10,elitize_generation_data,170,33,0.49,NA
172,79,string-lengths-backwards,ifs,FALSE,10,elitize_generation_data,171,33,0.504,NA
173,79,string-lengths-backwards,ifs,FALSE,10,elitize_generation_data,172,39,0.515,NA
174,79,string-lengths-backwards,ifs,FALSE,10,elitize_generation_data,173,40,0.455,NA
175,79,string-lengths-backwards,ifs,FALSE,10,elitize_generation_data,174,49,0.458,NA
176,79,string-lengths-backwards,ifs,FALSE,10,elitize_generation_data,175,33,0.466,NA
177,79,string-lengths-backwards,ifs,FALSE,10,elitize_generation_data,176,45,0.471,NA
178,79,string-lengths-backwards,ifs,FALSE,10,elitize_generation_data,177,41,0.462,NA
179,79,string-lengths-backwards,ifs,FALSE,10,elitize_generation_data,178,46,0.488,NA
180,79,string-lengths-backwards,ifs,FALSE,10,elitize_generation_data,179,51,0.466,NA
181,79,string-lengths-backwards,ifs,FALSE,10,elitize_generation_data,180,54,0.486,NA
182,79,string-lengths-backwards,ifs,FALSE,10,elitize_generation_data,181,44,0.477,NA
183,79,string-lengths-backwards,ifs,FALSE,10,elitize_generation_data,182,43,0.459,NA
184,79,string-lengths-backwards,ifs,FALSE,10,elitize_generation_data,183,33,0.434,NA
185,79,string-lengths-backwards,ifs,FALSE,10,elitize_generation_data,184,45,0.435,NA
186,79,string-lengths-backwards,ifs,FALSE,10,elitize_generation_data,185,52,0.456,NA
187,79,string-lengths-backwards,ifs,FALSE,10,elitize_generation_data,186,31,0.479,NA
188,79,string-lengths-backwards,ifs,FALSE,10,elitize_generation_data,187,46,0.508,NA
189,79,string-lengths-backwards,ifs,FALSE,10,elitize_generation_data,188,33,0.469,NA
190,79,string-lengths-backwards,ifs,FALSE,10,elitize_generation_data,189,41,0.499,NA
191,79,string-lengths-backwards,ifs,FALSE,10,elitize_generation_data,190,28,0.454,NA
192,79,string-lengths-backwards,ifs,FALSE,10,elitize_generation_data,191,46,0.468,NA
193,79,string-lengths-backwards,ifs,FALSE,10,elitize_generation_data,192,47,0.464,NA
194,79,string-lengths-backwards,ifs,FALSE,10,elitize_generation_data,193,39,0.453,NA
195,79,string-lengths-backwards,ifs,FALSE,10,elitize_generation_data,194,38,0.432,NA
196,79,string-lengths-backwards,ifs,FALSE,10,elitize_generation_data,195,50,0.501,NA
197,79,string-lengths-backwards,ifs,FALSE,10,elitize_generation_data,196,41,0.507,NA
198,79,string-lengths-backwards,ifs,FALSE,10,elitize_generation_data,197,37,0.472,NA
199,79,string-lengths-backwards,ifs,FALSE,10,elitize_generation_data,198,43,0.484,NA
200,79,string-lengths-backwards,ifs,FALSE,10,elitize_generation_data,199,41,0.483,NA
201,79,string-lengths-backwards,ifs,FALSE,10,elitize_generation_data,200,48,0.487,NA
202,79,string-lengths-backwards,ifs,FALSE,10,elitize_generation_data,201,45,0.488,NA
203,79,string-lengths-backwards,ifs,FALSE,10,elitize_generation_data,202,42,0.468,NA
204,79,string-lengths-backwards,ifs,FALSE,10,elitize_generation_data,203,31,0.465,NA
205,79,string-lengths-backwards,ifs,FALSE,10,elitize_generation_data,204,40,0.483,NA
206,79,string-lengths-backwards,ifs,FALSE,10,elitize_generation_data,205,42,0.48,NA
207,79,string-lengths-backwards,ifs,FALSE,10,elitize_generation_data,206,47,0.496,NA
208,79,string-lengths-backwards,ifs,FALSE,10,elitize_generation_data,207,47,0.486,NA
209,79,string-lengths-backwards,ifs,FALSE,10,elitize_generation_data,208,52,0.507,NA
210,79,string-lengths-backwards,ifs,FALSE,10,elitize_generation_data,209,46,0.543,NA
211,79,string-lengths-backwards,ifs,FALSE,10,elitize_generation_data,210,57,0.583,NA
212,79,string-lengths-backwards,ifs,FALSE,10,elitize_generation_data,211,64,0.559,NA
213,79,string-lengths-backwards,ifs,FALSE,10,elitize_generation_data,212,59,0.587,NA
214,79,string-lengths-backwards,ifs,FALSE,10,elitize_generation_data,213,54,0.569,NA
215,79,string-lengths-backwards,ifs,FALSE,10,elitize_generation_data,214,58,0.534,NA
216,79,string-lengths-backwards,ifs,FALSE,10,elitize_generation_data,215,55,0.549,NA
217,79,string-lengths-backwards,ifs,FALSE,10,elitize_generation_data,216,44,0.503,NA
218,79,string-lengths-backwards,ifs,FALSE,10,elitize_generation_data,217,52,0.525,NA
219,79,string-lengths-backwards,ifs,FALSE,10,elitize_generation_data,218,41,0.525,NA
220,79,string-lengths-backwards,ifs,FALSE,10,elitize_generation_data,219,54,0.542,NA
221,79,string-lengths-backwards,ifs,FALSE,10,elitize_generation_data,220,59,0.582,NA
222,79,string-lengths-backwards,ifs,FALSE,10,elitize_generation_data,221,71,0.582,NA
223,79,string-lengths-backwards,ifs,FALSE,10,elitize_generation_data,222,60,0.573,NA
224,79,string-lengths-backwards,ifs,FALSE,10,elitize_generation_data,223,62,0.557,NA
225,79,string-lengths-backwards,ifs,FALSE,10,elitize_generation_data,224,62,0.517,NA
226,79,string-lengths-backwards,ifs,FALSE,10,elitize_generation_data,225,60,0.523,NA
227,79,string-lengths-backwards,ifs,FALSE,10,elitize_generation_data,226,61,0.55,NA
228,79,string-lengths-backwards,ifs,FALSE,10,elitize_generation_data,227,64,0.53,NA
229,79,string-lengths-backwards,ifs,FALSE,10,elitize_generation_data,228,56,0.523,NA
230,79,string-lengths-backwards,ifs,FALSE,10,elitize_generation_data,229,58,0.548,NA
231,79,string-lengths-backwards,ifs,FALSE,10,elitize_generation_data,230,59,0.526,NA
232,79,string-lengths-backwards,ifs,FALSE,10,elitize_generation_data,231,65,0.52,NA
233,79,string-lengths-backwards,ifs,FALSE,10,elitize_generation_data,232,53,0.525,NA
234,79,string-lengths-backwards,ifs,FALSE,10,elitize_generation_data,233,64,0.549,NA
235,79,string-lengths-backwards,ifs,FALSE,10,elitize_generation_data,234,78,0.576,NA
236,79,string-lengths-backwards,ifs,FALSE,10,elitize_generation_data,235,68,0.536,NA
237,79,string-lengths-backwards,ifs,FALSE,10,elitize_generation_data,236,62,0.531,NA
238,79,string-lengths-backwards,ifs,FALSE,10,elitize_generation_data,237,71,0.544,NA
239,79,string-lengths-backwards,ifs,FALSE,10,elitize_generation_data,238,70,0.564,NA
240,79,string-lengths-backwards,ifs,FALSE,10,elitize_generation_data,239,54,0.544,NA
241,79,string-lengths-backwards,ifs,FALSE,10,elitize_generation_data,240,66,0.545,NA
242,79,string-lengths-backwards,ifs,FALSE,10,elitize_generation_data,241,63,0.527,NA
243,79,string-lengths-backwards,ifs,FALSE,10,elitize_generation_data,242,62,0.561,NA
244,79,string-lengths-backwards,ifs,FALSE,10,elitize_generation_data,243,82,0.545,NA
245,79,string-lengths-backwards,ifs,FALSE,10,elitize_generation_data,244,43,0.547,NA
246,79,string-lengths-backwards,ifs,FALSE,10,elitize_generation_data,245,73,0.564,NA
247,79,string-lengths-backwards,ifs,FALSE,10,elitize_generation_data,246,40,0.526,NA
248,79,string-lengths-backwards,ifs,FALSE,10,elitize_generation_data,247,73,0.513,NA
249,79,string-lengths-backwards,ifs,FALSE,10,elitize_generation_data,248,63,0.515,NA
250,79,string-lengths-backwards,ifs,FALSE,10,elitize_generation_data,249,72,0.542,NA
251,79,string-lengths-backwards,ifs,FALSE,10,elitize_generation_data,250,62,0.543,NA
252,79,string-lengths-backwards,ifs,FALSE,10,elitize_generation_data,251,53,0.549,NA
253,79,string-lengths-backwards,ifs,FALSE,10,elitize_generation_data,252,63,0.524,NA
254,79,string-lengths-backwards,ifs,FALSE,10,elitize_generation_data,253,66,0.543,NA
255,79,string-lengths-backwards,ifs,FALSE,10,elitize_generation_data,254,72,0.52,NA
256,79,string-lengths-backwards,ifs,FALSE,10,elitize_generation_data,255,81,0.558,NA
257,79,string-lengths-backwards,ifs,FALSE,10,elitize_generation_data,256,72,0.565,NA
258,79,string-lengths-backwards,ifs,FALSE,10,elitize_generation_data,257,76,0.549,NA
259,79,string-lengths-backwards,ifs,FALSE,10,elitize_generation_data,258,70,0.573,NA
260,79,string-lengths-backwards,ifs,FALSE,10,elitize_generation_data,259,59,0.548,NA
261,79,string-lengths-backwards,ifs,FALSE,10,elitize_generation_data,260,65,0.563,NA
262,79,string-lengths-backwards,ifs,FALSE,10,elitize_generation_data,261,68,0.553,NA
263,79,string-lengths-backwards,ifs,FALSE,10,elitize_generation_data,262,64,0.529,NA
264,79,string-lengths-backwards,ifs,FALSE,10,elitize_generation_data,263,69,0.554,NA
265,79,string-lengths-backwards,ifs,FALSE,10,elitize_generation_data,264,64,0.527,NA
266,79,string-lengths-backwards,ifs,FALSE,10,elitize_generation_data,265,44,0.535,NA
267,79,string-lengths-backwards,ifs,FALSE,10,elitize_generation_data,266,64,0.554,NA
268,79,string-lengths-backwards,ifs,FALSE,10,elitize_generation_data,267,66,0.564,NA
269,79,string-lengths-backwards,ifs,FALSE,10,elitize_generation_data,268,72,0.559,NA
270,79,string-lengths-backwards,ifs,FALSE,10,elitize_generation_data,269,79,0.57,NA
271,79,string-lengths-backwards,ifs,FALSE,10,elitize_generation_data,270,80,0.598,NA
272,79,string-lengths-backwards,ifs,FALSE,10,elitize_generation_data,271,82,0.566,NA
273,79,string-lengths-backwards,ifs,FALSE,10,elitize_generation_data,272,66,0.554,NA
274,79,string-lengths-backwards,ifs,FALSE,10,elitize_generation_data,273,68,0.548,NA
275,79,string-lengths-backwards,ifs,FALSE,10,elitize_generation_data,274,60,0.562,NA
276,79,string-lengths-backwards,ifs,FALSE,10,elitize_generation_data,275,71,0.551,NA
277,79,string-lengths-backwards,ifs,FALSE,10,elitize_generation_data,276,75,0.548,NA
278,79,string-lengths-backwards,ifs,FALSE,10,elitize_generation_data,277,69,0.58,NA
279,79,string-lengths-backwards,ifs,FALSE,10,elitize_generation_data,278,71,0.572,NA
280,79,string-lengths-backwards,ifs,FALSE,10,elitize_generation_data,279,81,0.599,NA
281,79,string-lengths-backwards,ifs,FALSE,10,elitize_generation_data,280,50,0.577,NA
282,79,string-lengths-backwards,ifs,FALSE,10,elitize_generation_data,281,90,0.589,NA
283,79,string-lengths-backwards,ifs,FALSE,10,elitize_generation_data,282,89,0.567,NA
284,79,string-lengths-backwards,ifs,FALSE,10,elitize_generation_data,283,86,0.571,NA
285,79,string-lengths-backwards,ifs,FALSE,10,elitize_generation_data,284,104,0.59,NA
286,79,string-lengths-backwards,ifs,FALSE,10,elitize_generation_data,285,104,0.597,NA
287,79,string-lengths-backwards,ifs,FALSE,10,elitize_generation_data,286,96,0.578,NA
288,79,string-lengths-backwards,ifs,FALSE,10,elitize_generation_data,287,107,0.579,NA
289,79,string-lengths-backwards,ifs,FALSE,10,elitize_generation_data,288,119,0.589,NA
290,79,string-lengths-backwards,ifs,FALSE,10,elitize_generation_data,289,98,0.572,NA
291,79,string-lengths-backwards,ifs,FALSE,10,elitize_generation_data,290,94,0.552,NA
292,79,string-lengths-backwards,ifs,FALSE,10,elitize_generation_data,291,104,0.563,NA
293,79,string-lengths-backwards,ifs,FALSE,10,elitize_generation_data,292,106,0.592,NA
294,79,string-lengths-backwards,ifs,FALSE,10,elitize_generation_data,293,106,0.579,NA
295,79,string-lengths-backwards,ifs,FALSE,10,elitize_generation_data,294,110,0.577,NA
296,79,string-lengths-backwards,ifs,FALSE,10,elitize_generation_data,295,98,0.593,NA
297,79,string-lengths-backwards,ifs,FALSE,10,elitize_generation_data,296,118,0.589,NA
298,79,string-lengths-backwards,ifs,FALSE,10,elitize_generation_data,297,104,0.627,NA
299,79,string-lengths-backwards,ifs,FALSE,10,elitize_generation_data,298,106,0.623,NA
300,79,string-lengths-backwards,ifs,FALSE,10,elitize_generation_data,299,91,0.667,NA
301,79,string-lengths-backwards,ifs,FALSE,10,elitize_generation_data,300,104,0.668,NA
