,run.num,problem,treatment,succeeded,height,normalization.function,generation,cluster.count,error.diversity,success.generation
1,7,string-lengths-backwards,ifs,FALSE,10,elitize_generation_data,0,6,0.254,NA
2,7,string-lengths-backwards,ifs,FALSE,10,elitize_generation_data,1,7,0.114,NA
3,7,string-lengths-backwards,ifs,FALSE,10,elitize_generation_data,2,3,0.208,NA
4,7,string-lengths-backwards,ifs,FALSE,10,elitize_generation_data,3,5,0.236,NA
5,7,string-lengths-backwards,ifs,FALSE,10,elitize_generation_data,4,5,0.17,NA
6,7,string-lengths-backwards,ifs,FALSE,10,elitize_generation_data,5,5,0.117,NA
7,7,string-lengths-backwards,ifs,FALSE,10,elitize_generation_data,6,5,0.12,NA
8,7,string-lengths-backwards,ifs,FALSE,10,elitize_generation_data,7,5,0.138,NA
9,7,string-lengths-backwards,ifs,FALSE,10,elitize_generation_data,8,5,0.146,NA
10,7,string-lengths-backwards,ifs,FALSE,10,elitize_generation_data,9,5,0.211,NA
11,7,string-lengths-backwards,ifs,FALSE,10,elitize_generation_data,10,5,0.234,NA
12,7,string-lengths-backwards,ifs,FALSE,10,elitize_generation_data,11,4,0.266,NA
13,7,string-lengths-backwards,ifs,FALSE,10,elitize_generation_data,12,4,0.237,NA
14,7,string-lengths-backwards,ifs,FALSE,10,elitize_generation_data,13,4,0.213,NA
15,7,string-lengths-backwards,ifs,FALSE,10,elitize_generation_data,14,7,0.208,NA
16,7,string-lengths-backwards,ifs,FALSE,10,elitize_generation_data,15,6,0.234,NA
17,7,string-lengths-backwards,ifs,FALSE,10,elitize_generation_data,16,5,0.187,NA
18,7,string-lengths-backwards,ifs,FALSE,10,elitize_generation_data,17,5,0.176,NA
19,7,string-lengths-backwards,ifs,FALSE,10,elitize_generation_data,18,5,0.184,NA
20,7,string-lengths-backwards,ifs,FALSE,10,elitize_generation_data,19,4,0.191,NA
21,7,string-lengths-backwards,ifs,FALSE,10,elitize_generation_data,20,5,0.191,NA
22,7,string-lengths-backwards,ifs,FALSE,10,elitize_generation_data,21,4,0.176,NA
23,7,string-lengths-backwards,ifs,FALSE,10,elitize_generation_data,22,6,0.214,NA
24,7,string-lengths-backwards,ifs,FALSE,10,elitize_generation_data,23,5,0.206,NA
25,7,string-lengths-backwards,ifs,FALSE,10,elitize_generation_data,24,7,0.185,NA
26,7,string-lengths-backwards,ifs,FALSE,10,elitize_generation_data,25,3,0.196,NA
27,7,string-lengths-backwards,ifs,FALSE,10,elitize_generation_data,26,5,0.193,NA
28,7,string-lengths-backwards,ifs,FALSE,10,elitize_generation_data,27,6,0.21,NA
29,7,string-lengths-backwards,ifs,FALSE,10,elitize_generation_data,28,7,0.202,NA
30,7,string-lengths-backwards,ifs,FALSE,10,elitize_generation_data,29,4,0.282,NA
31,7,string-lengths-backwards,ifs,FALSE,10,elitize_generation_data,30,5,0.296,NA
32,7,string-lengths-backwards,ifs,FALSE,10,elitize_generation_data,31,6,0.309,NA
33,7,string-lengths-backwards,ifs,FALSE,10,elitize_generation_data,32,8,0.343,NA
34,7,string-lengths-backwards,ifs,FALSE,10,elitize_generation_data,33,6,0.329,NA
35,7,string-lengths-backwards,ifs,FALSE,10,elitize_generation_data,34,4,0.289,NA
36,7,string-lengths-backwards,ifs,FALSE,10,elitize_generation_data,35,6,0.28,NA
37,7,string-lengths-backwards,ifs,FALSE,10,elitize_generation_data,36,4,0.32,NA
38,7,string-lengths-backwards,ifs,FALSE,10,elitize_generation_data,37,5,0.321,NA
39,7,string-lengths-backwards,ifs,FALSE,10,elitize_generation_data,38,5,0.361,NA
40,7,string-lengths-backwards,ifs,FALSE,10,elitize_generation_data,39,6,0.349,NA
41,7,string-lengths-backwards,ifs,FALSE,10,elitize_generation_data,40,4,0.322,NA
42,7,string-lengths-backwards,ifs,FALSE,10,elitize_generation_data,41,4,0.312,NA
43,7,string-lengths-backwards,ifs,FALSE,10,elitize_generation_data,42,9,0.347,NA
44,7,string-lengths-backwards,ifs,FALSE,10,elitize_generation_data,43,9,0.347,NA
45,7,string-lengths-backwards,ifs,FALSE,10,elitize_generation_data,44,8,0.312,NA
46,7,string-lengths-backwards,ifs,FALSE,10,elitize_generation_data,45,6,0.33,NA
47,7,string-lengths-backwards,ifs,FALSE,10,elitize_generation_data,46,7,0.319,NA
48,7,string-lengths-backwards,ifs,FALSE,10,elitize_generation_data,47,4,0.332,NA
49,7,string-lengths-backwards,ifs,FALSE,10,elitize_generation_data,48,5,0.317,NA
50,7,string-lengths-backwards,ifs,FALSE,10,elitize_generation_data,49,5,0.327,NA
51,7,string-lengths-backwards,ifs,FALSE,10,elitize_generation_data,50,9,0.325,NA
52,7,string-lengths-backwards,ifs,FALSE,10,elitize_generation_data,51,7,0.311,NA
53,7,string-lengths-backwards,ifs,FALSE,10,elitize_generation_data,52,6,0.328,NA
54,7,string-lengths-backwards,ifs,FALSE,10,elitize_generation_data,53,7,0.352,NA
55,7,string-lengths-backwards,ifs,FALSE,10,elitize_generation_data,54,8,0.332,NA
56,7,string-lengths-backwards,ifs,FALSE,10,elitize_generation_data,55,7,0.317,NA
57,7,string-lengths-backwards,ifs,FALSE,10,elitize_generation_data,56,8,0.346,NA
58,7,string-lengths-backwards,ifs,FALSE,10,elitize_generation_data,57,8,0.359,NA
59,7,string-lengths-backwards,ifs,FALSE,10,elitize_generation_data,58,7,0.342,NA
60,7,string-lengths-backwards,ifs,FALSE,10,elitize_generation_data,59,9,0.403,NA
61,7,string-lengths-backwards,ifs,FALSE,10,elitize_generation_data,60,7,0.458,NA
62,7,string-lengths-backwards,ifs,FALSE,10,elitize_generation_data,61,9,0.487,NA
63,7,string-lengths-backwards,ifs,FALSE,10,elitize_generation_data,62,6,0.478,NA
64,7,string-lengths-backwards,ifs,FALSE,10,elitize_generation_data,63,11,0.477,NA
65,7,string-lengths-backwards,ifs,FALSE,10,elitize_generation_data,64,5,0.488,NA
66,7,string-lengths-backwards,ifs,FALSE,10,elitize_generation_data,65,7,0.488,NA
67,7,string-lengths-backwards,ifs,FALSE,10,elitize_generation_data,66,5,0.5,NA
68,7,string-lengths-backwards,ifs,FALSE,10,elitize_generation_data,67,7,0.486,NA
69,7,string-lengths-backwards,ifs,FALSE,10,elitize_generation_data,68,9,0.478,NA
70,7,string-lengths-backwards,ifs,FALSE,10,elitize_generation_data,69,7,0.51,NA
71,7,string-lengths-backwards,ifs,FALSE,10,elitize_generation_data,70,10,0.533,NA
72,7,string-lengths-backwards,ifs,FALSE,10,elitize_generation_data,71,2,0.563,NA
73,7,string-lengths-backwards,ifs,FALSE,10,elitize_generation_data,72,8,0.58,NA
74,7,string-lengths-backwards,ifs,FALSE,10,elitize_generation_data,73,3,0.597,NA
75,7,string-lengths-backwards,ifs,FALSE,10,elitize_generation_data,74,4,0.632,NA
76,7,string-lengths-backwards,ifs,FALSE,10,elitize_generation_data,75,4,0.646,NA
77,7,string-lengths-backwards,ifs,FALSE,10,elitize_generation_data,76,2,0.581,NA
78,7,string-lengths-backwards,ifs,FALSE,10,elitize_generation_data,77,3,0.597,NA
79,7,string-lengths-backwards,ifs,FALSE,10,elitize_generation_data,78,5,0.587,NA
80,7,string-lengths-backwards,ifs,FALSE,10,elitize_generation_data,79,3,0.575,NA
81,7,string-lengths-backwards,ifs,FALSE,10,elitize_generation_data,80,4,0.565,NA
82,7,string-lengths-backwards,ifs,FALSE,10,elitize_generation_data,81,4,0.548,NA
83,7,string-lengths-backwards,ifs,FALSE,10,elitize_generation_data,82,3,0.574,NA
84,7,string-lengths-backwards,ifs,FALSE,10,elitize_generation_data,83,3,0.545,NA
85,7,string-lengths-backwards,ifs,FALSE,10,elitize_generation_data,84,3,0.6,NA
86,7,string-lengths-backwards,ifs,FALSE,10,elitize_generation_data,85,7,0.577,NA
87,7,string-lengths-backwards,ifs,FALSE,10,elitize_generation_data,86,3,0.55,NA
88,7,string-lengths-backwards,ifs,FALSE,10,elitize_generation_data,87,6,0.573,NA
89,7,string-lengths-backwards,ifs,FALSE,10,elitize_generation_data,88,1,0.553,NA
90,7,string-lengths-backwards,ifs,FALSE,10,elitize_generation_data,89,4,0.6,NA
91,7,string-lengths-backwards,ifs,FALSE,10,elitize_generation_data,90,6,0.586,NA
92,7,string-lengths-backwards,ifs,FALSE,10,elitize_generation_data,91,6,0.556,NA
93,7,string-lengths-backwards,ifs,FALSE,10,elitize_generation_data,92,7,0.538,NA
94,7,string-lengths-backwards,ifs,FALSE,10,elitize_generation_data,93,6,0.56,NA
95,7,string-lengths-backwards,ifs,FALSE,10,elitize_generation_data,94,5,0.543,NA
96,7,string-lengths-backwards,ifs,FALSE,10,elitize_generation_data,95,6,0.55,NA
97,7,string-lengths-backwards,ifs,FALSE,10,elitize_generation_data,96,7,0.552,NA
98,7,string-lengths-backwards,ifs,FALSE,10,elitize_generation_data,97,2,0.586,NA
99,7,string-lengths-backwards,ifs,FALSE,10,elitize_generation_data,98,6,0.55,NA
100,7,string-lengths-backwards,ifs,FALSE,10,elitize_generation_data,99,7,0.541,NA
101,7,string-lengths-backwards,ifs,FALSE,10,elitize_generation_data,100,4,0.556,NA
102,7,string-lengths-backwards,ifs,FALSE,10,elitize_generation_data,101,5,0.561,NA
103,7,string-lengths-backwards,ifs,FALSE,10,elitize_generation_data,102,5,0.548,NA
104,7,string-lengths-backwards,ifs,FALSE,10,elitize_generation_data,103,5,0.542,NA
105,7,string-lengths-backwards,ifs,FALSE,10,elitize_generation_data,104,5,0.567,NA
106,7,string-lengths-backwards,ifs,FALSE,10,elitize_generation_data,105,7,0.553,NA
107,7,string-lengths-backwards,ifs,FALSE,10,elitize_generation_data,106,5,0.576,NA
108,7,string-lengths-backwards,ifs,FALSE,10,elitize_generation_data,107,4,0.601,NA
109,7,string-lengths-backwards,ifs,FALSE,10,elitize_generation_data,108,2,0.63,NA
110,7,string-lengths-backwards,ifs,FALSE,10,elitize_generation_data,109,4,0.643,NA
111,7,string-lengths-backwards,ifs,FALSE,10,elitize_generation_data,110,4,0.674,NA
112,7,string-lengths-backwards,ifs,FALSE,10,elitize_generation_data,111,3,0.699,NA
113,7,string-lengths-backwards,ifs,FALSE,10,elitize_generation_data,112,2,0.679,NA
114,7,string-lengths-backwards,ifs,FALSE,10,elitize_generation_data,113,1,0.677,NA
115,7,string-lengths-backwards,ifs,FALSE,10,elitize_generation_data,114,4,0.699,NA
116,7,string-lengths-backwards,ifs,FALSE,10,elitize_generation_data,115,3,0.688,NA
117,7,string-lengths-backwards,ifs,FALSE,10,elitize_generation_data,116,4,0.714,NA
118,7,string-lengths-backwards,ifs,FALSE,10,elitize_generation_data,117,6,0.728,NA
119,7,string-lengths-backwards,ifs,FALSE,10,elitize_generation_data,118,3,0.709,NA
120,7,string-lengths-backwards,ifs,FALSE,10,elitize_generation_data,119,2,0.709,NA
121,7,string-lengths-backwards,ifs,FALSE,10,elitize_generation_data,120,2,0.663,NA
122,7,string-lengths-backwards,ifs,FALSE,10,elitize_generation_data,121,4,0.674,NA
123,7,string-lengths-backwards,ifs,FALSE,10,elitize_generation_data,122,5,0.664,NA
124,7,string-lengths-backwards,ifs,FALSE,10,elitize_generation_data,123,4,0.698,NA
125,7,string-lengths-backwards,ifs,FALSE,10,elitize_generation_data,124,2,0.703,NA
126,7,string-lengths-backwards,ifs,FALSE,10,elitize_generation_data,125,2,0.654,NA
127,7,string-lengths-backwards,ifs,FALSE,10,elitize_generation_data,126,2,0.665,NA
128,7,string-lengths-backwards,ifs,FALSE,10,elitize_generation_data,127,3,0.673,NA
129,7,string-lengths-backwards,ifs,FALSE,10,elitize_generation_data,128,3,0.691,NA
130,7,string-lengths-backwards,ifs,FALSE,10,elitize_generation_data,129,4,0.698,NA
131,7,string-lengths-backwards,ifs,FALSE,10,elitize_generation_data,130,5,0.705,NA
132,7,string-lengths-backwards,ifs,FALSE,10,elitize_generation_data,131,2,0.675,NA
133,7,string-lengths-backwards,ifs,FALSE,10,elitize_generation_data,132,5,0.684,NA
134,7,string-lengths-backwards,ifs,FALSE,10,elitize_generation_data,133,3,0.682,NA
135,7,string-lengths-backwards,ifs,FALSE,10,elitize_generation_data,134,4,0.678,NA
136,7,string-lengths-backwards,ifs,FALSE,10,elitize_generation_data,135,4,0.694,NA
137,7,string-lengths-backwards,ifs,FALSE,10,elitize_generation_data,136,5,0.682,NA
138,7,string-lengths-backwards,ifs,FALSE,10,elitize_generation_data,137,5,0.707,NA
139,7,string-lengths-backwards,ifs,FALSE,10,elitize_generation_data,138,2,0.677,NA
140,7,string-lengths-backwards,ifs,FALSE,10,elitize_generation_data,139,3,0.673,NA
141,7,string-lengths-backwards,ifs,FALSE,10,elitize_generation_data,140,3,0.662,NA
142,7,string-lengths-backwards,ifs,FALSE,10,elitize_generation_data,141,4,0.694,NA
143,7,string-lengths-backwards,ifs,FALSE,10,elitize_generation_data,142,6,0.685,NA
144,7,string-lengths-backwards,ifs,FALSE,10,elitize_generation_data,143,1,0.693,NA
145,7,string-lengths-backwards,ifs,FALSE,10,elitize_generation_data,144,2,0.703,NA
146,7,string-lengths-backwards,ifs,FALSE,10,elitize_generation_data,145,3,0.705,NA
147,7,string-lengths-backwards,ifs,FALSE,10,elitize_generation_data,146,2,0.682,NA
148,7,string-lengths-backwards,ifs,FALSE,10,elitize_generation_data,147,1,0.713,NA
149,7,string-lengths-backwards,ifs,FALSE,10,elitize_generation_data,148,2,0.685,NA
150,7,string-lengths-backwards,ifs,FALSE,10,elitize_generation_data,149,4,0.69,NA
151,7,string-lengths-backwards,ifs,FALSE,10,elitize_generation_data,150,1,0.72,NA
152,7,string-lengths-backwards,ifs,FALSE,10,elitize_generation_data,151,1,0.721,NA
153,7,string-lengths-backwards,ifs,FALSE,10,elitize_generation_data,152,3,0.722,NA
154,7,string-lengths-backwards,ifs,FALSE,10,elitize_generation_data,153,2,0.705,NA
155,7,string-lengths-backwards,ifs,FALSE,10,elitize_generation_data,154,1,0.703,NA
156,7,string-lengths-backwards,ifs,FALSE,10,elitize_generation_data,155,1,0.7,NA
157,7,string-lengths-backwards,ifs,FALSE,10,elitize_generation_data,156,2,0.697,NA
158,7,string-lengths-backwards,ifs,FALSE,10,elitize_generation_data,157,2,0.709,NA
159,7,string-lengths-backwards,ifs,FALSE,10,elitize_generation_data,158,1,0.707,NA
160,7,string-lengths-backwards,ifs,FALSE,10,elitize_generation_data,159,2,0.725,NA
161,7,string-lengths-backwards,ifs,FALSE,10,elitize_generation_data,160,1,0.75,NA
162,7,string-lengths-backwards,ifs,FALSE,10,elitize_generation_data,161,2,0.754,NA
163,7,string-lengths-backwards,ifs,FALSE,10,elitize_generation_data,162,2,0.779,NA
164,7,string-lengths-backwards,ifs,FALSE,10,elitize_generation_data,163,1,0.771,NA
165,7,string-lengths-backwards,ifs,FALSE,10,elitize_generation_data,164,3,0.785,NA
166,7,string-lengths-backwards,ifs,FALSE,10,elitize_generation_data,165,2,0.804,NA
167,7,string-lengths-backwards,ifs,FALSE,10,elitize_generation_data,166,1,0.787,NA
168,7,string-lengths-backwards,ifs,FALSE,10,elitize_generation_data,167,2,0.794,NA
169,7,string-lengths-backwards,ifs,FALSE,10,elitize_generation_data,168,1,0.778,NA
170,7,string-lengths-backwards,ifs,FALSE,10,elitize_generation_data,169,2,0.781,NA
171,7,string-lengths-backwards,ifs,FALSE,10,elitize_generation_data,170,3,0.787,NA
172,7,string-lengths-backwards,ifs,FALSE,10,elitize_generation_data,171,2,0.793,NA
173,7,string-lengths-backwards,ifs,FALSE,10,elitize_generation_data,172,2,0.782,NA
174,7,string-lengths-backwards,ifs,FALSE,10,elitize_generation_data,173,2,0.762,NA
175,7,string-lengths-backwards,ifs,FALSE,10,elitize_generation_data,174,2,0.742,NA
176,7,string-lengths-backwards,ifs,FALSE,10,elitize_generation_data,175,2,0.759,NA
177,7,string-lengths-backwards,ifs,FALSE,10,elitize_generation_data,176,3,0.742,NA
178,7,string-lengths-backwards,ifs,FALSE,10,elitize_generation_data,177,1,0.733,NA
179,7,string-lengths-backwards,ifs,FALSE,10,elitize_generation_data,178,2,0.725,NA
180,7,string-lengths-backwards,ifs,FALSE,10,elitize_generation_data,179,2,0.723,NA
181,7,string-lengths-backwards,ifs,FALSE,10,elitize_generation_data,180,2,0.721,NA
182,7,string-lengths-backwards,ifs,FALSE,10,elitize_generation_data,181,1,0.733,NA
183,7,string-lengths-backwards,ifs,FALSE,10,elitize_generation_data,182,1,0.73,NA
184,7,string-lengths-backwards,ifs,FALSE,10,elitize_generation_data,183,3,0.731,NA
185,7,string-lengths-backwards,ifs,FALSE,10,elitize_generation_data,184,1,0.757,NA
186,7,string-lengths-backwards,ifs,FALSE,10,elitize_generation_data,185,2,0.779,NA
187,7,string-lengths-backwards,ifs,FALSE,10,elitize_generation_data,186,2,0.757,NA
188,7,string-lengths-backwards,ifs,FALSE,10,elitize_generation_data,187,1,0.805,NA
189,7,string-lengths-backwards,ifs,FALSE,10,elitize_generation_data,188,1,0.779,NA
190,7,string-lengths-backwards,ifs,FALSE,10,elitize_generation_data,189,1,0.79,NA
191,7,string-lengths-backwards,ifs,FALSE,10,elitize_generation_data,190,1,0.791,NA
192,7,string-lengths-backwards,ifs,FALSE,10,elitize_generation_data,191,2,0.775,NA
193,7,string-lengths-backwards,ifs,FALSE,10,elitize_generation_data,192,2,0.784,NA
194,7,string-lengths-backwards,ifs,FALSE,10,elitize_generation_data,193,1,0.773,NA
195,7,string-lengths-backwards,ifs,FALSE,10,elitize_generation_data,194,1,0.757,NA
196,7,string-lengths-backwards,ifs,FALSE,10,elitize_generation_data,195,2,0.749,NA
197,7,string-lengths-backwards,ifs,FALSE,10,elitize_generation_data,196,1,0.748,NA
198,7,string-lengths-backwards,ifs,FALSE,10,elitize_generation_data,197,2,0.754,NA
199,7,string-lengths-backwards,ifs,FALSE,10,elitize_generation_data,198,2,0.754,NA
200,7,string-lengths-backwards,ifs,FALSE,10,elitize_generation_data,199,2,0.737,NA
201,7,string-lengths-backwards,ifs,FALSE,10,elitize_generation_data,200,1,0.747,NA
202,7,string-lengths-backwards,ifs,FALSE,10,elitize_generation_data,201,2,0.759,NA
203,7,string-lengths-backwards,ifs,FALSE,10,elitize_generation_data,202,2,0.764,NA
204,7,string-lengths-backwards,ifs,FALSE,10,elitize_generation_data,203,3,0.762,NA
205,7,string-lengths-backwards,ifs,FALSE,10,elitize_generation_data,204,2,0.765,NA
206,7,string-lengths-backwards,ifs,FALSE,10,elitize_generation_data,205,2,0.76,NA
207,7,string-lengths-backwards,ifs,FALSE,10,elitize_generation_data,206,2,0.745,NA
208,7,string-lengths-backwards,ifs,FALSE,10,elitize_generation_data,207,2,0.759,NA
209,7,string-lengths-backwards,ifs,FALSE,10,elitize_generation_data,208,1,0.739,NA
210,7,string-lengths-backwards,ifs,FALSE,10,elitize_generation_data,209,2,0.715,NA
211,7,string-lengths-backwards,ifs,FALSE,10,elitize_generation_data,210,1,0.735,NA
212,7,string-lengths-backwards,ifs,FALSE,10,elitize_generation_data,211,2,0.729,NA
213,7,string-lengths-backwards,ifs,FALSE,10,elitize_generation_data,212,1,0.747,NA
214,7,string-lengths-backwards,ifs,FALSE,10,elitize_generation_data,213,1,0.741,NA
215,7,string-lengths-backwards,ifs,FALSE,10,elitize_generation_data,214,1,0.703,NA
216,7,string-lengths-backwards,ifs,FALSE,10,elitize_generation_data,215,2,0.723,NA
217,7,string-lengths-backwards,ifs,FALSE,10,elitize_generation_data,216,1,0.715,NA
218,7,string-lengths-backwards,ifs,FALSE,10,elitize_generation_data,217,2,0.706,NA
219,7,string-lengths-backwards,ifs,FALSE,10,elitize_generation_data,218,1,0.753,NA
220,7,string-lengths-backwards,ifs,FALSE,10,elitize_generation_data,219,2,0.751,NA
221,7,string-lengths-backwards,ifs,FALSE,10,elitize_generation_data,220,1,0.711,NA
222,7,string-lengths-backwards,ifs,FALSE,10,elitize_generation_data,221,2,0.716,NA
223,7,string-lengths-backwards,ifs,FALSE,10,elitize_generation_data,222,1,0.699,NA
224,7,string-lengths-backwards,ifs,FALSE,10,elitize_generation_data,223,1,0.692,NA
225,7,string-lengths-backwards,ifs,FALSE,10,elitize_generation_data,224,2,0.71,NA
226,7,string-lengths-backwards,ifs,FALSE,10,elitize_generation_data,225,2,0.72,NA
227,7,string-lengths-backwards,ifs,FALSE,10,elitize_generation_data,226,1,0.716,NA
228,7,string-lengths-backwards,ifs,FALSE,10,elitize_generation_data,227,1,0.726,NA
229,7,string-lengths-backwards,ifs,FALSE,10,elitize_generation_data,228,2,0.722,NA
230,7,string-lengths-backwards,ifs,FALSE,10,elitize_generation_data,229,1,0.717,NA
231,7,string-lengths-backwards,ifs,FALSE,10,elitize_generation_data,230,3,0.711,NA
232,7,string-lengths-backwards,ifs,FALSE,10,elitize_generation_data,231,2,0.716,NA
233,7,string-lengths-backwards,ifs,FALSE,10,elitize_generation_data,232,1,0.71,NA
234,7,string-lengths-backwards,ifs,FALSE,10,elitize_generation_data,233,2,0.762,NA
235,7,string-lengths-backwards,ifs,FALSE,10,elitize_generation_data,234,3,0.738,NA
236,7,string-lengths-backwards,ifs,FALSE,10,elitize_generation_data,235,1,0.735,NA
237,7,string-lengths-backwards,ifs,FALSE,10,elitize_generation_data,236,2,0.733,NA
238,7,string-lengths-backwards,ifs,FALSE,10,elitize_generation_data,237,2,0.74,NA
239,7,string-lengths-backwards,ifs,FALSE,10,elitize_generation_data,238,1,0.74,NA
240,7,string-lengths-backwards,ifs,FALSE,10,elitize_generation_data,239,1,0.736,NA
241,7,string-lengths-backwards,ifs,FALSE,10,elitize_generation_data,240,2,0.762,NA
242,7,string-lengths-backwards,ifs,FALSE,10,elitize_generation_data,241,2,0.742,NA
243,7,string-lengths-backwards,ifs,FALSE,10,elitize_generation_data,242,2,0.702,NA
244,7,string-lengths-backwards,ifs,FALSE,10,elitize_generation_data,243,2,0.709,NA
245,7,string-lengths-backwards,ifs,FALSE,10,elitize_generation_data,244,1,0.734,NA
246,7,string-lengths-backwards,ifs,FALSE,10,elitize_generation_data,245,1,0.74,NA
247,7,string-lengths-backwards,ifs,FALSE,10,elitize_generation_data,246,2,0.705,NA
248,7,string-lengths-backwards,ifs,FALSE,10,elitize_generation_data,247,2,0.701,NA
249,7,string-lengths-backwards,ifs,FALSE,10,elitize_generation_data,248,2,0.723,NA
250,7,string-lengths-backwards,ifs,FALSE,10,elitize_generation_data,249,1,0.729,NA
251,7,string-lengths-backwards,ifs,FALSE,10,elitize_generation_data,250,2,0.74,NA
252,7,string-lengths-backwards,ifs,FALSE,10,elitize_generation_data,251,1,0.76,NA
253,7,string-lengths-backwards,ifs,FALSE,10,elitize_generation_data,252,1,0.755,NA
254,7,string-lengths-backwards,ifs,FALSE,10,elitize_generation_data,253,2,0.736,NA
255,7,string-lengths-backwards,ifs,FALSE,10,elitize_generation_data,254,2,0.718,NA
256,7,string-lengths-backwards,ifs,FALSE,10,elitize_generation_data,255,1,0.721,NA
257,7,string-lengths-backwards,ifs,FALSE,10,elitize_generation_data,256,3,0.747,NA
258,7,string-lengths-backwards,ifs,FALSE,10,elitize_generation_data,257,1,0.775,NA
259,7,string-lengths-backwards,ifs,FALSE,10,elitize_generation_data,258,2,0.771,NA
260,7,string-lengths-backwards,ifs,FALSE,10,elitize_generation_data,259,1,0.765,NA
261,7,string-lengths-backwards,ifs,FALSE,10,elitize_generation_data,260,1,0.768,NA
262,7,string-lengths-backwards,ifs,FALSE,10,elitize_generation_data,261,2,0.769,NA
263,7,string-lengths-backwards,ifs,FALSE,10,elitize_generation_data,262,2,0.793,NA
264,7,string-lengths-backwards,ifs,FALSE,10,elitize_generation_data,263,2,0.791,NA
265,7,string-lengths-backwards,ifs,FALSE,10,elitize_generation_data,264,3,0.792,NA
266,7,string-lengths-backwards,ifs,FALSE,10,elitize_generation_data,265,1,0.799,NA
267,7,string-lengths-backwards,ifs,FALSE,10,elitize_generation_data,266,1,0.82,NA
268,7,string-lengths-backwards,ifs,FALSE,10,elitize_generation_data,267,3,0.804,NA
269,7,string-lengths-backwards,ifs,FALSE,10,elitize_generation_data,268,2,0.783,NA
270,7,string-lengths-backwards,ifs,FALSE,10,elitize_generation_data,269,2,0.764,NA
271,7,string-lengths-backwards,ifs,FALSE,10,elitize_generation_data,270,2,0.768,NA
272,7,string-lengths-backwards,ifs,FALSE,10,elitize_generation_data,271,1,0.734,NA
273,7,string-lengths-backwards,ifs,FALSE,10,elitize_generation_data,272,1,0.714,NA
274,7,string-lengths-backwards,ifs,FALSE,10,elitize_generation_data,273,3,0.728,NA
275,7,string-lengths-backwards,ifs,FALSE,10,elitize_generation_data,274,2,0.725,NA
276,7,string-lengths-backwards,ifs,FALSE,10,elitize_generation_data,275,3,0.726,NA
277,7,string-lengths-backwards,ifs,FALSE,10,elitize_generation_data,276,2,0.698,NA
278,7,string-lengths-backwards,ifs,FALSE,10,elitize_generation_data,277,1,0.746,NA
279,7,string-lengths-backwards,ifs,FALSE,10,elitize_generation_data,278,2,0.729,NA
280,7,string-lengths-backwards,ifs,FALSE,10,elitize_generation_data,279,2,0.734,NA
281,7,string-lengths-backwards,ifs,FALSE,10,elitize_generation_data,280,2,0.751,NA
282,7,string-lengths-backwards,ifs,FALSE,10,elitize_generation_data,281,1,0.767,NA
283,7,string-lengths-backwards,ifs,FALSE,10,elitize_generation_data,282,1,0.778,NA
284,7,string-lengths-backwards,ifs,FALSE,10,elitize_generation_data,283,1,0.767,NA
285,7,string-lengths-backwards,ifs,FALSE,10,elitize_generation_data,284,2,0.748,NA
286,7,string-lengths-backwards,ifs,FALSE,10,elitize_generation_data,285,3,0.731,NA
287,7,string-lengths-backwards,ifs,FALSE,10,elitize_generation_data,286,2,0.749,NA
288,7,string-lengths-backwards,ifs,FALSE,10,elitize_generation_data,287,2,0.739,NA
289,7,string-lengths-backwards,ifs,FALSE,10,elitize_generation_data,288,2,0.762,NA
290,7,string-lengths-backwards,ifs,FALSE,10,elitize_generation_data,289,1,0.769,NA
291,7,string-lengths-backwards,ifs,FALSE,10,elitize_generation_data,290,2,0.75,NA
292,7,string-lengths-backwards,ifs,FALSE,10,elitize_generation_data,291,1,0.717,NA
293,7,string-lengths-backwards,ifs,FALSE,10,elitize_generation_data,292,2,0.752,NA
294,7,string-lengths-backwards,ifs,FALSE,10,elitize_generation_data,293,2,0.757,NA
295,7,string-lengths-backwards,ifs,FALSE,10,elitize_generation_data,294,3,0.774,NA
296,7,string-lengths-backwards,ifs,FALSE,10,elitize_generation_data,295,2,0.772,NA
297,7,string-lengths-backwards,ifs,FALSE,10,elitize_generation_data,296,1,0.766,NA
298,7,string-lengths-backwards,ifs,FALSE,10,elitize_generation_data,297,2,0.756,NA
299,7,string-lengths-backwards,ifs,FALSE,10,elitize_generation_data,298,2,0.786,NA
300,7,string-lengths-backwards,ifs,FALSE,10,elitize_generation_data,299,1,0.797,NA
301,7,string-lengths-backwards,ifs,FALSE,10,elitize_generation_data,300,2,0.788,NA
