,run.num,problem,treatment,succeeded,height,normalization.function,generation,cluster.count,error.diversity,success.generation
1,46,string-lengths-backwards,ifs,FALSE,10,elitize_generation_data,0,4,0.255,NA
2,46,string-lengths-backwards,ifs,FALSE,10,elitize_generation_data,1,6,0.15,NA
3,46,string-lengths-backwards,ifs,FALSE,10,elitize_generation_data,2,5,0.265,NA
4,46,string-lengths-backwards,ifs,FALSE,10,elitize_generation_data,3,6,0.379,NA
5,46,string-lengths-backwards,ifs,FALSE,10,elitize_generation_data,4,7,0.323,NA
6,46,string-lengths-backwards,ifs,FALSE,10,elitize_generation_data,5,8,0.318,NA
7,46,string-lengths-backwards,ifs,FALSE,10,elitize_generation_data,6,9,0.17,NA
8,46,string-lengths-backwards,ifs,FALSE,10,elitize_generation_data,7,13,0.128,NA
9,46,string-lengths-backwards,ifs,FALSE,10,elitize_generation_data,8,13,0.133,NA
10,46,string-lengths-backwards,ifs,FALSE,10,elitize_generation_data,9,13,0.106,NA
11,46,string-lengths-backwards,ifs,FALSE,10,elitize_generation_data,10,11,0.11,NA
12,46,string-lengths-backwards,ifs,FALSE,10,elitize_generation_data,11,16,0.141,NA
13,46,string-lengths-backwards,ifs,FALSE,10,elitize_generation_data,12,15,0.127,NA
14,46,string-lengths-backwards,ifs,FALSE,10,elitize_generation_data,13,17,0.122,NA
15,46,string-lengths-backwards,ifs,FALSE,10,elitize_generation_data,14,15,0.161,NA
16,46,string-lengths-backwards,ifs,FALSE,10,elitize_generation_data,15,18,0.204,NA
17,46,string-lengths-backwards,ifs,FALSE,10,elitize_generation_data,16,19,0.235,NA
18,46,string-lengths-backwards,ifs,FALSE,10,elitize_generation_data,17,23,0.27,NA
19,46,string-lengths-backwards,ifs,FALSE,10,elitize_generation_data,18,19,0.292,NA
20,46,string-lengths-backwards,ifs,FALSE,10,elitize_generation_data,19,20,0.34,NA
21,46,string-lengths-backwards,ifs,FALSE,10,elitize_generation_data,20,7,0.327,NA
22,46,string-lengths-backwards,ifs,FALSE,10,elitize_generation_data,21,18,0.378,NA
23,46,string-lengths-backwards,ifs,FALSE,10,elitize_generation_data,22,11,0.424,NA
24,46,string-lengths-backwards,ifs,FALSE,10,elitize_generation_data,23,6,0.442,NA
25,46,string-lengths-backwards,ifs,FALSE,10,elitize_generation_data,24,5,0.439,NA
26,46,string-lengths-backwards,ifs,FALSE,10,elitize_generation_data,25,17,0.435,NA
27,46,string-lengths-backwards,ifs,FALSE,10,elitize_generation_data,26,5,0.483,NA
28,46,string-lengths-backwards,ifs,FALSE,10,elitize_generation_data,27,6,0.491,NA
29,46,string-lengths-backwards,ifs,FALSE,10,elitize_generation_data,28,9,0.47,NA
30,46,string-lengths-backwards,ifs,FALSE,10,elitize_generation_data,29,7,0.47,NA
31,46,string-lengths-backwards,ifs,FALSE,10,elitize_generation_data,30,8,0.491,NA
32,46,string-lengths-backwards,ifs,FALSE,10,elitize_generation_data,31,7,0.426,NA
33,46,string-lengths-backwards,ifs,FALSE,10,elitize_generation_data,32,3,0.396,NA
34,46,string-lengths-backwards,ifs,FALSE,10,elitize_generation_data,33,7,0.373,NA
35,46,string-lengths-backwards,ifs,FALSE,10,elitize_generation_data,34,13,0.403,NA
36,46,string-lengths-backwards,ifs,FALSE,10,elitize_generation_data,35,15,0.406,NA
37,46,string-lengths-backwards,ifs,FALSE,10,elitize_generation_data,36,5,0.454,NA
38,46,string-lengths-backwards,ifs,FALSE,10,elitize_generation_data,37,3,0.517,NA
39,46,string-lengths-backwards,ifs,FALSE,10,elitize_generation_data,38,3,0.56,NA
40,46,string-lengths-backwards,ifs,FALSE,10,elitize_generation_data,39,4,0.576,NA
41,46,string-lengths-backwards,ifs,FALSE,10,elitize_generation_data,40,7,0.549,NA
42,46,string-lengths-backwards,ifs,FALSE,10,elitize_generation_data,41,10,0.575,NA
43,46,string-lengths-backwards,ifs,FALSE,10,elitize_generation_data,42,11,0.611,NA
44,46,string-lengths-backwards,ifs,FALSE,10,elitize_generation_data,43,12,0.611,NA
45,46,string-lengths-backwards,ifs,FALSE,10,elitize_generation_data,44,11,0.583,NA
46,46,string-lengths-backwards,ifs,FALSE,10,elitize_generation_data,45,10,0.543,NA
47,46,string-lengths-backwards,ifs,FALSE,10,elitize_generation_data,46,3,0.497,NA
48,46,string-lengths-backwards,ifs,FALSE,10,elitize_generation_data,47,5,0.479,NA
49,46,string-lengths-backwards,ifs,FALSE,10,elitize_generation_data,48,9,0.434,NA
50,46,string-lengths-backwards,ifs,FALSE,10,elitize_generation_data,49,4,0.445,NA
51,46,string-lengths-backwards,ifs,FALSE,10,elitize_generation_data,50,2,0.48,NA
52,46,string-lengths-backwards,ifs,FALSE,10,elitize_generation_data,51,3,0.547,NA
53,46,string-lengths-backwards,ifs,FALSE,10,elitize_generation_data,52,3,0.578,NA
54,46,string-lengths-backwards,ifs,FALSE,10,elitize_generation_data,53,5,0.487,NA
55,46,string-lengths-backwards,ifs,FALSE,10,elitize_generation_data,54,4,0.505,NA
56,46,string-lengths-backwards,ifs,FALSE,10,elitize_generation_data,55,7,0.59,NA
57,46,string-lengths-backwards,ifs,FALSE,10,elitize_generation_data,56,9,0.612,NA
58,46,string-lengths-backwards,ifs,FALSE,10,elitize_generation_data,57,3,0.576,NA
59,46,string-lengths-backwards,ifs,FALSE,10,elitize_generation_data,58,6,0.481,NA
60,46,string-lengths-backwards,ifs,FALSE,10,elitize_generation_data,59,5,0.477,NA
61,46,string-lengths-backwards,ifs,FALSE,10,elitize_generation_data,60,8,0.478,NA
62,46,string-lengths-backwards,ifs,FALSE,10,elitize_generation_data,61,5,0.466,NA
63,46,string-lengths-backwards,ifs,FALSE,10,elitize_generation_data,62,6,0.443,NA
64,46,string-lengths-backwards,ifs,FALSE,10,elitize_generation_data,63,4,0.386,NA
65,46,string-lengths-backwards,ifs,FALSE,10,elitize_generation_data,64,6,0.313,NA
66,46,string-lengths-backwards,ifs,FALSE,10,elitize_generation_data,65,9,0.234,NA
67,46,string-lengths-backwards,ifs,FALSE,10,elitize_generation_data,66,13,0.193,NA
68,46,string-lengths-backwards,ifs,FALSE,10,elitize_generation_data,67,10,0.196,NA
69,46,string-lengths-backwards,ifs,FALSE,10,elitize_generation_data,68,10,0.194,NA
70,46,string-lengths-backwards,ifs,FALSE,10,elitize_generation_data,69,10,0.217,NA
71,46,string-lengths-backwards,ifs,FALSE,10,elitize_generation_data,70,6,0.231,NA
72,46,string-lengths-backwards,ifs,FALSE,10,elitize_generation_data,71,7,0.249,NA
73,46,string-lengths-backwards,ifs,FALSE,10,elitize_generation_data,72,7,0.242,NA
74,46,string-lengths-backwards,ifs,FALSE,10,elitize_generation_data,73,13,0.245,NA
75,46,string-lengths-backwards,ifs,FALSE,10,elitize_generation_data,74,14,0.208,NA
76,46,string-lengths-backwards,ifs,FALSE,10,elitize_generation_data,75,8,0.164,NA
77,46,string-lengths-backwards,ifs,FALSE,10,elitize_generation_data,76,7,0.147,NA
78,46,string-lengths-backwards,ifs,FALSE,10,elitize_generation_data,77,10,0.152,NA
79,46,string-lengths-backwards,ifs,FALSE,10,elitize_generation_data,78,5,0.166,NA
80,46,string-lengths-backwards,ifs,FALSE,10,elitize_generation_data,79,6,0.123,NA
81,46,string-lengths-backwards,ifs,FALSE,10,elitize_generation_data,80,6,0.124,NA
82,46,string-lengths-backwards,ifs,FALSE,10,elitize_generation_data,81,4,0.12,NA
83,46,string-lengths-backwards,ifs,FALSE,10,elitize_generation_data,82,8,0.117,NA
84,46,string-lengths-backwards,ifs,FALSE,10,elitize_generation_data,83,7,0.123,NA
85,46,string-lengths-backwards,ifs,FALSE,10,elitize_generation_data,84,7,0.123,NA
86,46,string-lengths-backwards,ifs,FALSE,10,elitize_generation_data,85,4,0.115,NA
87,46,string-lengths-backwards,ifs,FALSE,10,elitize_generation_data,86,5,0.104,NA
88,46,string-lengths-backwards,ifs,FALSE,10,elitize_generation_data,87,9,0.102,NA
89,46,string-lengths-backwards,ifs,FALSE,10,elitize_generation_data,88,5,0.103,NA
90,46,string-lengths-backwards,ifs,FALSE,10,elitize_generation_data,89,5,0.109,NA
91,46,string-lengths-backwards,ifs,FALSE,10,elitize_generation_data,90,6,0.108,NA
92,46,string-lengths-backwards,ifs,FALSE,10,elitize_generation_data,91,6,0.105,NA
93,46,string-lengths-backwards,ifs,FALSE,10,elitize_generation_data,92,6,0.094,NA
94,46,string-lengths-backwards,ifs,FALSE,10,elitize_generation_data,93,6,0.089,NA
95,46,string-lengths-backwards,ifs,FALSE,10,elitize_generation_data,94,7,0.104,NA
96,46,string-lengths-backwards,ifs,FALSE,10,elitize_generation_data,95,7,0.099,NA
97,46,string-lengths-backwards,ifs,FALSE,10,elitize_generation_data,96,7,0.084,NA
98,46,string-lengths-backwards,ifs,FALSE,10,elitize_generation_data,97,8,0.088,NA
99,46,string-lengths-backwards,ifs,FALSE,10,elitize_generation_data,98,5,0.094,NA
100,46,string-lengths-backwards,ifs,FALSE,10,elitize_generation_data,99,6,0.105,NA
101,46,string-lengths-backwards,ifs,FALSE,10,elitize_generation_data,100,5,0.106,NA
102,46,string-lengths-backwards,ifs,FALSE,10,elitize_generation_data,101,4,0.089,NA
103,46,string-lengths-backwards,ifs,FALSE,10,elitize_generation_data,102,5,0.088,NA
104,46,string-lengths-backwards,ifs,FALSE,10,elitize_generation_data,103,6,0.082,NA
105,46,string-lengths-backwards,ifs,FALSE,10,elitize_generation_data,104,5,0.086,NA
106,46,string-lengths-backwards,ifs,FALSE,10,elitize_generation_data,105,5,0.077,NA
107,46,string-lengths-backwards,ifs,FALSE,10,elitize_generation_data,106,5,0.079,NA
108,46,string-lengths-backwards,ifs,FALSE,10,elitize_generation_data,107,7,0.084,NA
109,46,string-lengths-backwards,ifs,FALSE,10,elitize_generation_data,108,5,0.072,NA
110,46,string-lengths-backwards,ifs,FALSE,10,elitize_generation_data,109,4,0.075,NA
111,46,string-lengths-backwards,ifs,FALSE,10,elitize_generation_data,110,6,0.087,NA
112,46,string-lengths-backwards,ifs,FALSE,10,elitize_generation_data,111,6,0.082,NA
113,46,string-lengths-backwards,ifs,FALSE,10,elitize_generation_data,112,6,0.084,NA
114,46,string-lengths-backwards,ifs,FALSE,10,elitize_generation_data,113,6,0.093,NA
115,46,string-lengths-backwards,ifs,FALSE,10,elitize_generation_data,114,3,0.08,NA
116,46,string-lengths-backwards,ifs,FALSE,10,elitize_generation_data,115,3,0.074,NA
117,46,string-lengths-backwards,ifs,FALSE,10,elitize_generation_data,116,6,0.084,NA
118,46,string-lengths-backwards,ifs,FALSE,10,elitize_generation_data,117,4,0.09,NA
119,46,string-lengths-backwards,ifs,FALSE,10,elitize_generation_data,118,6,0.075,NA
120,46,string-lengths-backwards,ifs,FALSE,10,elitize_generation_data,119,6,0.094,NA
121,46,string-lengths-backwards,ifs,FALSE,10,elitize_generation_data,120,5,0.09,NA
122,46,string-lengths-backwards,ifs,FALSE,10,elitize_generation_data,121,4,0.074,NA
123,46,string-lengths-backwards,ifs,FALSE,10,elitize_generation_data,122,5,0.086,NA
124,46,string-lengths-backwards,ifs,FALSE,10,elitize_generation_data,123,6,0.075,NA
125,46,string-lengths-backwards,ifs,FALSE,10,elitize_generation_data,124,6,0.076,NA
126,46,string-lengths-backwards,ifs,FALSE,10,elitize_generation_data,125,4,0.091,NA
127,46,string-lengths-backwards,ifs,FALSE,10,elitize_generation_data,126,4,0.07,NA
128,46,string-lengths-backwards,ifs,FALSE,10,elitize_generation_data,127,6,0.085,NA
129,46,string-lengths-backwards,ifs,FALSE,10,elitize_generation_data,128,5,0.09,NA
130,46,string-lengths-backwards,ifs,FALSE,10,elitize_generation_data,129,4,0.076,NA
131,46,string-lengths-backwards,ifs,FALSE,10,elitize_generation_data,130,6,0.088,NA
132,46,string-lengths-backwards,ifs,FALSE,10,elitize_generation_data,131,4,0.083,NA
133,46,string-lengths-backwards,ifs,FALSE,10,elitize_generation_data,132,5,0.097,NA
134,46,string-lengths-backwards,ifs,FALSE,10,elitize_generation_data,133,9,0.088,NA
135,46,string-lengths-backwards,ifs,FALSE,10,elitize_generation_data,134,7,0.083,NA
136,46,string-lengths-backwards,ifs,FALSE,10,elitize_generation_data,135,4,0.084,NA
137,46,string-lengths-backwards,ifs,FALSE,10,elitize_generation_data,136,5,0.089,NA
138,46,string-lengths-backwards,ifs,FALSE,10,elitize_generation_data,137,6,0.079,NA
139,46,string-lengths-backwards,ifs,FALSE,10,elitize_generation_data,138,5,0.079,NA
140,46,string-lengths-backwards,ifs,FALSE,10,elitize_generation_data,139,5,0.09,NA
141,46,string-lengths-backwards,ifs,FALSE,10,elitize_generation_data,140,6,0.1,NA
142,46,string-lengths-backwards,ifs,FALSE,10,elitize_generation_data,141,7,0.073,NA
143,46,string-lengths-backwards,ifs,FALSE,10,elitize_generation_data,142,4,0.075,NA
144,46,string-lengths-backwards,ifs,FALSE,10,elitize_generation_data,143,6,0.082,NA
145,46,string-lengths-backwards,ifs,FALSE,10,elitize_generation_data,144,6,0.075,NA
146,46,string-lengths-backwards,ifs,FALSE,10,elitize_generation_data,145,3,0.08,NA
147,46,string-lengths-backwards,ifs,FALSE,10,elitize_generation_data,146,5,0.08,NA
148,46,string-lengths-backwards,ifs,FALSE,10,elitize_generation_data,147,5,0.069,NA
149,46,string-lengths-backwards,ifs,FALSE,10,elitize_generation_data,148,5,0.089,NA
150,46,string-lengths-backwards,ifs,FALSE,10,elitize_generation_data,149,5,0.075,NA
151,46,string-lengths-backwards,ifs,FALSE,10,elitize_generation_data,150,6,0.066,NA
152,46,string-lengths-backwards,ifs,FALSE,10,elitize_generation_data,151,7,0.08,NA
153,46,string-lengths-backwards,ifs,FALSE,10,elitize_generation_data,152,7,0.068,NA
154,46,string-lengths-backwards,ifs,FALSE,10,elitize_generation_data,153,8,0.079,NA
155,46,string-lengths-backwards,ifs,FALSE,10,elitize_generation_data,154,5,0.067,NA
156,46,string-lengths-backwards,ifs,FALSE,10,elitize_generation_data,155,4,0.078,NA
157,46,string-lengths-backwards,ifs,FALSE,10,elitize_generation_data,156,3,0.083,NA
158,46,string-lengths-backwards,ifs,FALSE,10,elitize_generation_data,157,5,0.072,NA
159,46,string-lengths-backwards,ifs,FALSE,10,elitize_generation_data,158,6,0.063,NA
160,46,string-lengths-backwards,ifs,FALSE,10,elitize_generation_data,159,3,0.067,NA
161,46,string-lengths-backwards,ifs,FALSE,10,elitize_generation_data,160,5,0.074,NA
162,46,string-lengths-backwards,ifs,FALSE,10,elitize_generation_data,161,5,0.074,NA
163,46,string-lengths-backwards,ifs,FALSE,10,elitize_generation_data,162,5,0.073,NA
164,46,string-lengths-backwards,ifs,FALSE,10,elitize_generation_data,163,4,0.076,NA
165,46,string-lengths-backwards,ifs,FALSE,10,elitize_generation_data,164,7,0.073,NA
166,46,string-lengths-backwards,ifs,FALSE,10,elitize_generation_data,165,6,0.069,NA
167,46,string-lengths-backwards,ifs,FALSE,10,elitize_generation_data,166,5,0.066,NA
168,46,string-lengths-backwards,ifs,FALSE,10,elitize_generation_data,167,6,0.071,NA
169,46,string-lengths-backwards,ifs,FALSE,10,elitize_generation_data,168,6,0.068,NA
170,46,string-lengths-backwards,ifs,FALSE,10,elitize_generation_data,169,7,0.08,NA
171,46,string-lengths-backwards,ifs,FALSE,10,elitize_generation_data,170,6,0.074,NA
172,46,string-lengths-backwards,ifs,FALSE,10,elitize_generation_data,171,5,0.064,NA
173,46,string-lengths-backwards,ifs,FALSE,10,elitize_generation_data,172,6,0.067,NA
174,46,string-lengths-backwards,ifs,FALSE,10,elitize_generation_data,173,5,0.066,NA
175,46,string-lengths-backwards,ifs,FALSE,10,elitize_generation_data,174,6,0.073,NA
176,46,string-lengths-backwards,ifs,FALSE,10,elitize_generation_data,175,7,0.07,NA
177,46,string-lengths-backwards,ifs,FALSE,10,elitize_generation_data,176,7,0.083,NA
178,46,string-lengths-backwards,ifs,FALSE,10,elitize_generation_data,177,5,0.075,NA
179,46,string-lengths-backwards,ifs,FALSE,10,elitize_generation_data,178,6,0.084,NA
180,46,string-lengths-backwards,ifs,FALSE,10,elitize_generation_data,179,5,0.067,NA
181,46,string-lengths-backwards,ifs,FALSE,10,elitize_generation_data,180,5,0.072,NA
182,46,string-lengths-backwards,ifs,FALSE,10,elitize_generation_data,181,5,0.067,NA
183,46,string-lengths-backwards,ifs,FALSE,10,elitize_generation_data,182,7,0.079,NA
184,46,string-lengths-backwards,ifs,FALSE,10,elitize_generation_data,183,3,0.063,NA
185,46,string-lengths-backwards,ifs,FALSE,10,elitize_generation_data,184,4,0.081,NA
186,46,string-lengths-backwards,ifs,FALSE,10,elitize_generation_data,185,5,0.077,NA
187,46,string-lengths-backwards,ifs,FALSE,10,elitize_generation_data,186,4,0.082,NA
188,46,string-lengths-backwards,ifs,FALSE,10,elitize_generation_data,187,3,0.076,NA
189,46,string-lengths-backwards,ifs,FALSE,10,elitize_generation_data,188,5,0.064,NA
190,46,string-lengths-backwards,ifs,FALSE,10,elitize_generation_data,189,4,0.056,NA
191,46,string-lengths-backwards,ifs,FALSE,10,elitize_generation_data,190,5,0.059,NA
192,46,string-lengths-backwards,ifs,FALSE,10,elitize_generation_data,191,3,0.07,NA
193,46,string-lengths-backwards,ifs,FALSE,10,elitize_generation_data,192,3,0.063,NA
194,46,string-lengths-backwards,ifs,FALSE,10,elitize_generation_data,193,3,0.067,NA
195,46,string-lengths-backwards,ifs,FALSE,10,elitize_generation_data,194,3,0.07,NA
196,46,string-lengths-backwards,ifs,FALSE,10,elitize_generation_data,195,6,0.055,NA
197,46,string-lengths-backwards,ifs,FALSE,10,elitize_generation_data,196,6,0.047,NA
198,46,string-lengths-backwards,ifs,FALSE,10,elitize_generation_data,197,3,0.058,NA
199,46,string-lengths-backwards,ifs,FALSE,10,elitize_generation_data,198,2,0.052,NA
200,46,string-lengths-backwards,ifs,FALSE,10,elitize_generation_data,199,4,0.068,NA
201,46,string-lengths-backwards,ifs,FALSE,10,elitize_generation_data,200,3,0.065,NA
202,46,string-lengths-backwards,ifs,FALSE,10,elitize_generation_data,201,4,0.048,NA
203,46,string-lengths-backwards,ifs,FALSE,10,elitize_generation_data,202,5,0.048,NA
204,46,string-lengths-backwards,ifs,FALSE,10,elitize_generation_data,203,3,0.055,NA
205,46,string-lengths-backwards,ifs,FALSE,10,elitize_generation_data,204,3,0.043,NA
206,46,string-lengths-backwards,ifs,FALSE,10,elitize_generation_data,205,5,0.055,NA
207,46,string-lengths-backwards,ifs,FALSE,10,elitize_generation_data,206,6,0.053,NA
208,46,string-lengths-backwards,ifs,FALSE,10,elitize_generation_data,207,5,0.059,NA
209,46,string-lengths-backwards,ifs,FALSE,10,elitize_generation_data,208,4,0.055,NA
210,46,string-lengths-backwards,ifs,FALSE,10,elitize_generation_data,209,6,0.054,NA
211,46,string-lengths-backwards,ifs,FALSE,10,elitize_generation_data,210,4,0.047,NA
212,46,string-lengths-backwards,ifs,FALSE,10,elitize_generation_data,211,4,0.05,NA
213,46,string-lengths-backwards,ifs,FALSE,10,elitize_generation_data,212,5,0.051,NA
214,46,string-lengths-backwards,ifs,FALSE,10,elitize_generation_data,213,4,0.052,NA
215,46,string-lengths-backwards,ifs,FALSE,10,elitize_generation_data,214,4,0.044,NA
216,46,string-lengths-backwards,ifs,FALSE,10,elitize_generation_data,215,5,0.065,NA
217,46,string-lengths-backwards,ifs,FALSE,10,elitize_generation_data,216,3,0.066,NA
218,46,string-lengths-backwards,ifs,FALSE,10,elitize_generation_data,217,3,0.046,NA
219,46,string-lengths-backwards,ifs,FALSE,10,elitize_generation_data,218,5,0.057,NA
220,46,string-lengths-backwards,ifs,FALSE,10,elitize_generation_data,219,6,0.049,NA
221,46,string-lengths-backwards,ifs,FALSE,10,elitize_generation_data,220,5,0.049,NA
222,46,string-lengths-backwards,ifs,FALSE,10,elitize_generation_data,221,3,0.062,NA
223,46,string-lengths-backwards,ifs,FALSE,10,elitize_generation_data,222,4,0.05,NA
224,46,string-lengths-backwards,ifs,FALSE,10,elitize_generation_data,223,3,0.045,NA
225,46,string-lengths-backwards,ifs,FALSE,10,elitize_generation_data,224,4,0.051,NA
226,46,string-lengths-backwards,ifs,FALSE,10,elitize_generation_data,225,4,0.053,NA
227,46,string-lengths-backwards,ifs,FALSE,10,elitize_generation_data,226,3,0.045,NA
228,46,string-lengths-backwards,ifs,FALSE,10,elitize_generation_data,227,4,0.044,NA
229,46,string-lengths-backwards,ifs,FALSE,10,elitize_generation_data,228,5,0.049,NA
230,46,string-lengths-backwards,ifs,FALSE,10,elitize_generation_data,229,5,0.038,NA
231,46,string-lengths-backwards,ifs,FALSE,10,elitize_generation_data,230,4,0.057,NA
232,46,string-lengths-backwards,ifs,FALSE,10,elitize_generation_data,231,3,0.053,NA
233,46,string-lengths-backwards,ifs,FALSE,10,elitize_generation_data,232,5,0.055,NA
234,46,string-lengths-backwards,ifs,FALSE,10,elitize_generation_data,233,4,0.054,NA
235,46,string-lengths-backwards,ifs,FALSE,10,elitize_generation_data,234,3,0.052,NA
236,46,string-lengths-backwards,ifs,FALSE,10,elitize_generation_data,235,4,0.059,NA
237,46,string-lengths-backwards,ifs,FALSE,10,elitize_generation_data,236,4,0.055,NA
238,46,string-lengths-backwards,ifs,FALSE,10,elitize_generation_data,237,4,0.065,NA
239,46,string-lengths-backwards,ifs,FALSE,10,elitize_generation_data,238,4,0.056,NA
240,46,string-lengths-backwards,ifs,FALSE,10,elitize_generation_data,239,4,0.047,NA
241,46,string-lengths-backwards,ifs,FALSE,10,elitize_generation_data,240,4,0.05,NA
242,46,string-lengths-backwards,ifs,FALSE,10,elitize_generation_data,241,5,0.044,NA
243,46,string-lengths-backwards,ifs,FALSE,10,elitize_generation_data,242,3,0.056,NA
244,46,string-lengths-backwards,ifs,FALSE,10,elitize_generation_data,243,3,0.046,NA
245,46,string-lengths-backwards,ifs,FALSE,10,elitize_generation_data,244,4,0.046,NA
246,46,string-lengths-backwards,ifs,FALSE,10,elitize_generation_data,245,5,0.054,NA
247,46,string-lengths-backwards,ifs,FALSE,10,elitize_generation_data,246,3,0.045,NA
248,46,string-lengths-backwards,ifs,FALSE,10,elitize_generation_data,247,4,0.054,NA
249,46,string-lengths-backwards,ifs,FALSE,10,elitize_generation_data,248,5,0.05,NA
250,46,string-lengths-backwards,ifs,FALSE,10,elitize_generation_data,249,3,0.057,NA
251,46,string-lengths-backwards,ifs,FALSE,10,elitize_generation_data,250,5,0.062,NA
252,46,string-lengths-backwards,ifs,FALSE,10,elitize_generation_data,251,4,0.048,NA
253,46,string-lengths-backwards,ifs,FALSE,10,elitize_generation_data,252,4,0.055,NA
254,46,string-lengths-backwards,ifs,FALSE,10,elitize_generation_data,253,4,0.056,NA
255,46,string-lengths-backwards,ifs,FALSE,10,elitize_generation_data,254,5,0.047,NA
256,46,string-lengths-backwards,ifs,FALSE,10,elitize_generation_data,255,4,0.055,NA
257,46,string-lengths-backwards,ifs,FALSE,10,elitize_generation_data,256,4,0.05,NA
258,46,string-lengths-backwards,ifs,FALSE,10,elitize_generation_data,257,5,0.049,NA
259,46,string-lengths-backwards,ifs,FALSE,10,elitize_generation_data,258,2,0.057,NA
260,46,string-lengths-backwards,ifs,FALSE,10,elitize_generation_data,259,5,0.051,NA
261,46,string-lengths-backwards,ifs,FALSE,10,elitize_generation_data,260,6,0.062,NA
262,46,string-lengths-backwards,ifs,FALSE,10,elitize_generation_data,261,4,0.062,NA
263,46,string-lengths-backwards,ifs,FALSE,10,elitize_generation_data,262,4,0.046,NA
264,46,string-lengths-backwards,ifs,FALSE,10,elitize_generation_data,263,5,0.068,NA
265,46,string-lengths-backwards,ifs,FALSE,10,elitize_generation_data,264,4,0.059,NA
266,46,string-lengths-backwards,ifs,FALSE,10,elitize_generation_data,265,2,0.058,NA
267,46,string-lengths-backwards,ifs,FALSE,10,elitize_generation_data,266,4,0.065,NA
268,46,string-lengths-backwards,ifs,FALSE,10,elitize_generation_data,267,3,0.058,NA
269,46,string-lengths-backwards,ifs,FALSE,10,elitize_generation_data,268,4,0.065,NA
270,46,string-lengths-backwards,ifs,FALSE,10,elitize_generation_data,269,4,0.056,NA
271,46,string-lengths-backwards,ifs,FALSE,10,elitize_generation_data,270,6,0.051,NA
272,46,string-lengths-backwards,ifs,FALSE,10,elitize_generation_data,271,4,0.07,NA
273,46,string-lengths-backwards,ifs,FALSE,10,elitize_generation_data,272,4,0.062,NA
274,46,string-lengths-backwards,ifs,FALSE,10,elitize_generation_data,273,3,0.074,NA
275,46,string-lengths-backwards,ifs,FALSE,10,elitize_generation_data,274,7,0.068,NA
276,46,string-lengths-backwards,ifs,FALSE,10,elitize_generation_data,275,5,0.052,NA
277,46,string-lengths-backwards,ifs,FALSE,10,elitize_generation_data,276,4,0.052,NA
278,46,string-lengths-backwards,ifs,FALSE,10,elitize_generation_data,277,6,0.058,NA
279,46,string-lengths-backwards,ifs,FALSE,10,elitize_generation_data,278,5,0.075,NA
280,46,string-lengths-backwards,ifs,FALSE,10,elitize_generation_data,279,5,0.058,NA
281,46,string-lengths-backwards,ifs,FALSE,10,elitize_generation_data,280,5,0.063,NA
282,46,string-lengths-backwards,ifs,FALSE,10,elitize_generation_data,281,4,0.073,NA
283,46,string-lengths-backwards,ifs,FALSE,10,elitize_generation_data,282,4,0.073,NA
284,46,string-lengths-backwards,ifs,FALSE,10,elitize_generation_data,283,5,0.073,NA
285,46,string-lengths-backwards,ifs,FALSE,10,elitize_generation_data,284,5,0.067,NA
286,46,string-lengths-backwards,ifs,FALSE,10,elitize_generation_data,285,3,0.063,NA
287,46,string-lengths-backwards,ifs,FALSE,10,elitize_generation_data,286,4,0.063,NA
288,46,string-lengths-backwards,ifs,FALSE,10,elitize_generation_data,287,4,0.067,NA
289,46,string-lengths-backwards,ifs,FALSE,10,elitize_generation_data,288,5,0.072,NA
290,46,string-lengths-backwards,ifs,FALSE,10,elitize_generation_data,289,3,0.062,NA
291,46,string-lengths-backwards,ifs,FALSE,10,elitize_generation_data,290,3,0.053,NA
292,46,string-lengths-backwards,ifs,FALSE,10,elitize_generation_data,291,5,0.077,NA
293,46,string-lengths-backwards,ifs,FALSE,10,elitize_generation_data,292,3,0.062,NA
294,46,string-lengths-backwards,ifs,FALSE,10,elitize_generation_data,293,4,0.069,NA
295,46,string-lengths-backwards,ifs,FALSE,10,elitize_generation_data,294,5,0.073,NA
296,46,string-lengths-backwards,ifs,FALSE,10,elitize_generation_data,295,5,0.066,NA
297,46,string-lengths-backwards,ifs,FALSE,10,elitize_generation_data,296,3,0.062,NA
298,46,string-lengths-backwards,ifs,FALSE,10,elitize_generation_data,297,5,0.066,NA
299,46,string-lengths-backwards,ifs,FALSE,10,elitize_generation_data,298,4,0.074,NA
300,46,string-lengths-backwards,ifs,FALSE,10,elitize_generation_data,299,3,0.064,NA
301,46,string-lengths-backwards,ifs,FALSE,10,elitize_generation_data,300,4,0.068,NA
