,run.num,problem,treatment,succeeded,height,normalization.function,generation,cluster.count,error.diversity,success.generation
1,32,string-lengths-backwards,ifs,FALSE,10,elitize_generation_data,0,6,0.281,NA
2,32,string-lengths-backwards,ifs,FALSE,10,elitize_generation_data,1,7,0.155,NA
3,32,string-lengths-backwards,ifs,FALSE,10,elitize_generation_data,2,8,0.241,NA
4,32,string-lengths-backwards,ifs,FALSE,10,elitize_generation_data,3,8,0.24,NA
5,32,string-lengths-backwards,ifs,FALSE,10,elitize_generation_data,4,6,0.221,NA
6,32,string-lengths-backwards,ifs,FALSE,10,elitize_generation_data,5,6,0.215,NA
7,32,string-lengths-backwards,ifs,FALSE,10,elitize_generation_data,6,4,0.216,NA
8,32,string-lengths-backwards,ifs,FALSE,10,elitize_generation_data,7,4,0.234,NA
9,32,string-lengths-backwards,ifs,FALSE,10,elitize_generation_data,8,3,0.255,NA
10,32,string-lengths-backwards,ifs,FALSE,10,elitize_generation_data,9,4,0.21,NA
11,32,string-lengths-backwards,ifs,FALSE,10,elitize_generation_data,10,5,0.286,NA
12,32,string-lengths-backwards,ifs,FALSE,10,elitize_generation_data,11,4,0.412,NA
13,32,string-lengths-backwards,ifs,FALSE,10,elitize_generation_data,12,5,0.368,NA
14,32,string-lengths-backwards,ifs,FALSE,10,elitize_generation_data,13,5,0.344,NA
15,32,string-lengths-backwards,ifs,FALSE,10,elitize_generation_data,14,3,0.39,NA
16,32,string-lengths-backwards,ifs,FALSE,10,elitize_generation_data,15,4,0.435,NA
17,32,string-lengths-backwards,ifs,FALSE,10,elitize_generation_data,16,4,0.473,NA
18,32,string-lengths-backwards,ifs,FALSE,10,elitize_generation_data,17,3,0.486,NA
19,32,string-lengths-backwards,ifs,FALSE,10,elitize_generation_data,18,3,0.408,NA
20,32,string-lengths-backwards,ifs,FALSE,10,elitize_generation_data,19,4,0.437,NA
21,32,string-lengths-backwards,ifs,FALSE,10,elitize_generation_data,20,5,0.519,NA
22,32,string-lengths-backwards,ifs,FALSE,10,elitize_generation_data,21,2,0.541,NA
23,32,string-lengths-backwards,ifs,FALSE,10,elitize_generation_data,22,2,0.606,NA
24,32,string-lengths-backwards,ifs,FALSE,10,elitize_generation_data,23,2,0.466,NA
25,32,string-lengths-backwards,ifs,FALSE,10,elitize_generation_data,24,4,0.361,NA
26,32,string-lengths-backwards,ifs,FALSE,10,elitize_generation_data,25,3,0.364,NA
27,32,string-lengths-backwards,ifs,FALSE,10,elitize_generation_data,26,3,0.391,NA
28,32,string-lengths-backwards,ifs,FALSE,10,elitize_generation_data,27,3,0.523,NA
29,32,string-lengths-backwards,ifs,FALSE,10,elitize_generation_data,28,1,0.537,NA
30,32,string-lengths-backwards,ifs,FALSE,10,elitize_generation_data,29,1,0.554,NA
31,32,string-lengths-backwards,ifs,FALSE,10,elitize_generation_data,30,2,0.454,NA
32,32,string-lengths-backwards,ifs,FALSE,10,elitize_generation_data,31,3,0.404,NA
33,32,string-lengths-backwards,ifs,FALSE,10,elitize_generation_data,32,2,0.434,NA
34,32,string-lengths-backwards,ifs,FALSE,10,elitize_generation_data,33,3,0.421,NA
35,32,string-lengths-backwards,ifs,FALSE,10,elitize_generation_data,34,7,0.396,NA
36,32,string-lengths-backwards,ifs,FALSE,10,elitize_generation_data,35,5,0.388,NA
37,32,string-lengths-backwards,ifs,FALSE,10,elitize_generation_data,36,5,0.357,NA
38,32,string-lengths-backwards,ifs,FALSE,10,elitize_generation_data,37,6,0.343,NA
39,32,string-lengths-backwards,ifs,FALSE,10,elitize_generation_data,38,7,0.361,NA
40,32,string-lengths-backwards,ifs,FALSE,10,elitize_generation_data,39,9,0.302,NA
41,32,string-lengths-backwards,ifs,FALSE,10,elitize_generation_data,40,6,0.332,NA
42,32,string-lengths-backwards,ifs,FALSE,10,elitize_generation_data,41,5,0.307,NA
43,32,string-lengths-backwards,ifs,FALSE,10,elitize_generation_data,42,10,0.308,NA
44,32,string-lengths-backwards,ifs,FALSE,10,elitize_generation_data,43,9,0.328,NA
45,32,string-lengths-backwards,ifs,FALSE,10,elitize_generation_data,44,6,0.274,NA
46,32,string-lengths-backwards,ifs,FALSE,10,elitize_generation_data,45,9,0.268,NA
47,32,string-lengths-backwards,ifs,FALSE,10,elitize_generation_data,46,7,0.289,NA
48,32,string-lengths-backwards,ifs,FALSE,10,elitize_generation_data,47,7,0.284,NA
49,32,string-lengths-backwards,ifs,FALSE,10,elitize_generation_data,48,7,0.256,NA
50,32,string-lengths-backwards,ifs,FALSE,10,elitize_generation_data,49,7,0.285,NA
51,32,string-lengths-backwards,ifs,FALSE,10,elitize_generation_data,50,5,0.27,NA
52,32,string-lengths-backwards,ifs,FALSE,10,elitize_generation_data,51,6,0.312,NA
53,32,string-lengths-backwards,ifs,FALSE,10,elitize_generation_data,52,3,0.306,NA
54,32,string-lengths-backwards,ifs,FALSE,10,elitize_generation_data,53,2,0.292,NA
55,32,string-lengths-backwards,ifs,FALSE,10,elitize_generation_data,54,4,0.302,NA
56,32,string-lengths-backwards,ifs,FALSE,10,elitize_generation_data,55,5,0.339,NA
57,32,string-lengths-backwards,ifs,FALSE,10,elitize_generation_data,56,6,0.362,NA
58,32,string-lengths-backwards,ifs,FALSE,10,elitize_generation_data,57,2,0.367,NA
59,32,string-lengths-backwards,ifs,FALSE,10,elitize_generation_data,58,5,0.356,NA
60,32,string-lengths-backwards,ifs,FALSE,10,elitize_generation_data,59,6,0.321,NA
61,32,string-lengths-backwards,ifs,FALSE,10,elitize_generation_data,60,2,0.329,NA
62,32,string-lengths-backwards,ifs,FALSE,10,elitize_generation_data,61,3,0.332,NA
63,32,string-lengths-backwards,ifs,FALSE,10,elitize_generation_data,62,10,0.332,NA
64,32,string-lengths-backwards,ifs,FALSE,10,elitize_generation_data,63,12,0.34,NA
65,32,string-lengths-backwards,ifs,FALSE,10,elitize_generation_data,64,4,0.365,NA
66,32,string-lengths-backwards,ifs,FALSE,10,elitize_generation_data,65,4,0.391,NA
67,32,string-lengths-backwards,ifs,FALSE,10,elitize_generation_data,66,4,0.364,NA
68,32,string-lengths-backwards,ifs,FALSE,10,elitize_generation_data,67,5,0.377,NA
69,32,string-lengths-backwards,ifs,FALSE,10,elitize_generation_data,68,8,0.363,NA
70,32,string-lengths-backwards,ifs,FALSE,10,elitize_generation_data,69,6,0.308,NA
71,32,string-lengths-backwards,ifs,FALSE,10,elitize_generation_data,70,9,0.337,NA
72,32,string-lengths-backwards,ifs,FALSE,10,elitize_generation_data,71,7,0.297,NA
73,32,string-lengths-backwards,ifs,FALSE,10,elitize_generation_data,72,7,0.25,NA
74,32,string-lengths-backwards,ifs,FALSE,10,elitize_generation_data,73,4,0.205,NA
75,32,string-lengths-backwards,ifs,FALSE,10,elitize_generation_data,74,7,0.207,NA
76,32,string-lengths-backwards,ifs,FALSE,10,elitize_generation_data,75,8,0.219,NA
77,32,string-lengths-backwards,ifs,FALSE,10,elitize_generation_data,76,7,0.156,NA
78,32,string-lengths-backwards,ifs,FALSE,10,elitize_generation_data,77,5,0.152,NA
79,32,string-lengths-backwards,ifs,FALSE,10,elitize_generation_data,78,6,0.181,NA
80,32,string-lengths-backwards,ifs,FALSE,10,elitize_generation_data,79,8,0.184,NA
81,32,string-lengths-backwards,ifs,FALSE,10,elitize_generation_data,80,6,0.212,NA
82,32,string-lengths-backwards,ifs,FALSE,10,elitize_generation_data,81,4,0.163,NA
83,32,string-lengths-backwards,ifs,FALSE,10,elitize_generation_data,82,5,0.149,NA
84,32,string-lengths-backwards,ifs,FALSE,10,elitize_generation_data,83,4,0.163,NA
85,32,string-lengths-backwards,ifs,FALSE,10,elitize_generation_data,84,7,0.149,NA
86,32,string-lengths-backwards,ifs,FALSE,10,elitize_generation_data,85,5,0.155,NA
87,32,string-lengths-backwards,ifs,FALSE,10,elitize_generation_data,86,4,0.156,NA
88,32,string-lengths-backwards,ifs,FALSE,10,elitize_generation_data,87,5,0.172,NA
89,32,string-lengths-backwards,ifs,FALSE,10,elitize_generation_data,88,6,0.161,NA
90,32,string-lengths-backwards,ifs,FALSE,10,elitize_generation_data,89,5,0.16,NA
91,32,string-lengths-backwards,ifs,FALSE,10,elitize_generation_data,90,5,0.155,NA
92,32,string-lengths-backwards,ifs,FALSE,10,elitize_generation_data,91,7,0.151,NA
93,32,string-lengths-backwards,ifs,FALSE,10,elitize_generation_data,92,5,0.154,NA
94,32,string-lengths-backwards,ifs,FALSE,10,elitize_generation_data,93,5,0.135,NA
95,32,string-lengths-backwards,ifs,FALSE,10,elitize_generation_data,94,4,0.146,NA
96,32,string-lengths-backwards,ifs,FALSE,10,elitize_generation_data,95,6,0.143,NA
97,32,string-lengths-backwards,ifs,FALSE,10,elitize_generation_data,96,7,0.151,NA
98,32,string-lengths-backwards,ifs,FALSE,10,elitize_generation_data,97,5,0.144,NA
99,32,string-lengths-backwards,ifs,FALSE,10,elitize_generation_data,98,6,0.126,NA
100,32,string-lengths-backwards,ifs,FALSE,10,elitize_generation_data,99,5,0.135,NA
101,32,string-lengths-backwards,ifs,FALSE,10,elitize_generation_data,100,5,0.11,NA
102,32,string-lengths-backwards,ifs,FALSE,10,elitize_generation_data,101,6,0.129,NA
103,32,string-lengths-backwards,ifs,FALSE,10,elitize_generation_data,102,6,0.108,NA
104,32,string-lengths-backwards,ifs,FALSE,10,elitize_generation_data,103,7,0.099,NA
105,32,string-lengths-backwards,ifs,FALSE,10,elitize_generation_data,104,5,0.105,NA
106,32,string-lengths-backwards,ifs,FALSE,10,elitize_generation_data,105,4,0.101,NA
107,32,string-lengths-backwards,ifs,FALSE,10,elitize_generation_data,106,6,0.079,NA
108,32,string-lengths-backwards,ifs,FALSE,10,elitize_generation_data,107,7,0.083,NA
109,32,string-lengths-backwards,ifs,FALSE,10,elitize_generation_data,108,4,0.072,NA
110,32,string-lengths-backwards,ifs,FALSE,10,elitize_generation_data,109,5,0.093,NA
111,32,string-lengths-backwards,ifs,FALSE,10,elitize_generation_data,110,6,0.081,NA
112,32,string-lengths-backwards,ifs,FALSE,10,elitize_generation_data,111,5,0.076,NA
113,32,string-lengths-backwards,ifs,FALSE,10,elitize_generation_data,112,4,0.077,NA
114,32,string-lengths-backwards,ifs,FALSE,10,elitize_generation_data,113,3,0.06,NA
115,32,string-lengths-backwards,ifs,FALSE,10,elitize_generation_data,114,4,0.071,NA
116,32,string-lengths-backwards,ifs,FALSE,10,elitize_generation_data,115,3,0.07,NA
117,32,string-lengths-backwards,ifs,FALSE,10,elitize_generation_data,116,5,0.064,NA
118,32,string-lengths-backwards,ifs,FALSE,10,elitize_generation_data,117,4,0.069,NA
119,32,string-lengths-backwards,ifs,FALSE,10,elitize_generation_data,118,5,0.07,NA
120,32,string-lengths-backwards,ifs,FALSE,10,elitize_generation_data,119,6,0.077,NA
121,32,string-lengths-backwards,ifs,FALSE,10,elitize_generation_data,120,7,0.08,NA
122,32,string-lengths-backwards,ifs,FALSE,10,elitize_generation_data,121,4,0.066,NA
123,32,string-lengths-backwards,ifs,FALSE,10,elitize_generation_data,122,3,0.063,NA
124,32,string-lengths-backwards,ifs,FALSE,10,elitize_generation_data,123,5,0.053,NA
125,32,string-lengths-backwards,ifs,FALSE,10,elitize_generation_data,124,4,0.064,NA
126,32,string-lengths-backwards,ifs,FALSE,10,elitize_generation_data,125,4,0.073,NA
127,32,string-lengths-backwards,ifs,FALSE,10,elitize_generation_data,126,4,0.066,NA
128,32,string-lengths-backwards,ifs,FALSE,10,elitize_generation_data,127,5,0.061,NA
129,32,string-lengths-backwards,ifs,FALSE,10,elitize_generation_data,128,3,0.055,NA
130,32,string-lengths-backwards,ifs,FALSE,10,elitize_generation_data,129,4,0.06,NA
131,32,string-lengths-backwards,ifs,FALSE,10,elitize_generation_data,130,3,0.07,NA
132,32,string-lengths-backwards,ifs,FALSE,10,elitize_generation_data,131,4,0.064,NA
133,32,string-lengths-backwards,ifs,FALSE,10,elitize_generation_data,132,3,0.061,NA
134,32,string-lengths-backwards,ifs,FALSE,10,elitize_generation_data,133,5,0.069,NA
135,32,string-lengths-backwards,ifs,FALSE,10,elitize_generation_data,134,4,0.061,NA
136,32,string-lengths-backwards,ifs,FALSE,10,elitize_generation_data,135,4,0.064,NA
137,32,string-lengths-backwards,ifs,FALSE,10,elitize_generation_data,136,4,0.057,NA
138,32,string-lengths-backwards,ifs,FALSE,10,elitize_generation_data,137,6,0.078,NA
139,32,string-lengths-backwards,ifs,FALSE,10,elitize_generation_data,138,6,0.052,NA
140,32,string-lengths-backwards,ifs,FALSE,10,elitize_generation_data,139,5,0.056,NA
141,32,string-lengths-backwards,ifs,FALSE,10,elitize_generation_data,140,4,0.058,NA
142,32,string-lengths-backwards,ifs,FALSE,10,elitize_generation_data,141,4,0.057,NA
143,32,string-lengths-backwards,ifs,FALSE,10,elitize_generation_data,142,4,0.067,NA
144,32,string-lengths-backwards,ifs,FALSE,10,elitize_generation_data,143,3,0.064,NA
145,32,string-lengths-backwards,ifs,FALSE,10,elitize_generation_data,144,3,0.057,NA
146,32,string-lengths-backwards,ifs,FALSE,10,elitize_generation_data,145,5,0.069,NA
147,32,string-lengths-backwards,ifs,FALSE,10,elitize_generation_data,146,4,0.058,NA
148,32,string-lengths-backwards,ifs,FALSE,10,elitize_generation_data,147,5,0.066,NA
149,32,string-lengths-backwards,ifs,FALSE,10,elitize_generation_data,148,4,0.059,NA
150,32,string-lengths-backwards,ifs,FALSE,10,elitize_generation_data,149,5,0.069,NA
151,32,string-lengths-backwards,ifs,FALSE,10,elitize_generation_data,150,4,0.055,NA
152,32,string-lengths-backwards,ifs,FALSE,10,elitize_generation_data,151,3,0.05,NA
153,32,string-lengths-backwards,ifs,FALSE,10,elitize_generation_data,152,6,0.064,NA
154,32,string-lengths-backwards,ifs,FALSE,10,elitize_generation_data,153,5,0.063,NA
155,32,string-lengths-backwards,ifs,FALSE,10,elitize_generation_data,154,4,0.061,NA
156,32,string-lengths-backwards,ifs,FALSE,10,elitize_generation_data,155,4,0.072,NA
157,32,string-lengths-backwards,ifs,FALSE,10,elitize_generation_data,156,5,0.067,NA
158,32,string-lengths-backwards,ifs,FALSE,10,elitize_generation_data,157,5,0.066,NA
159,32,string-lengths-backwards,ifs,FALSE,10,elitize_generation_data,158,4,0.047,NA
160,32,string-lengths-backwards,ifs,FALSE,10,elitize_generation_data,159,3,0.06,NA
161,32,string-lengths-backwards,ifs,FALSE,10,elitize_generation_data,160,3,0.054,NA
162,32,string-lengths-backwards,ifs,FALSE,10,elitize_generation_data,161,4,0.064,NA
163,32,string-lengths-backwards,ifs,FALSE,10,elitize_generation_data,162,5,0.053,NA
164,32,string-lengths-backwards,ifs,FALSE,10,elitize_generation_data,163,5,0.059,NA
165,32,string-lengths-backwards,ifs,FALSE,10,elitize_generation_data,164,5,0.058,NA
166,32,string-lengths-backwards,ifs,FALSE,10,elitize_generation_data,165,5,0.058,NA
167,32,string-lengths-backwards,ifs,FALSE,10,elitize_generation_data,166,6,0.066,NA
168,32,string-lengths-backwards,ifs,FALSE,10,elitize_generation_data,167,4,0.055,NA
169,32,string-lengths-backwards,ifs,FALSE,10,elitize_generation_data,168,5,0.062,NA
170,32,string-lengths-backwards,ifs,FALSE,10,elitize_generation_data,169,4,0.063,NA
171,32,string-lengths-backwards,ifs,FALSE,10,elitize_generation_data,170,3,0.061,NA
172,32,string-lengths-backwards,ifs,FALSE,10,elitize_generation_data,171,3,0.053,NA
173,32,string-lengths-backwards,ifs,FALSE,10,elitize_generation_data,172,5,0.074,NA
174,32,string-lengths-backwards,ifs,FALSE,10,elitize_generation_data,173,4,0.058,NA
175,32,string-lengths-backwards,ifs,FALSE,10,elitize_generation_data,174,5,0.069,NA
176,32,string-lengths-backwards,ifs,FALSE,10,elitize_generation_data,175,4,0.068,NA
177,32,string-lengths-backwards,ifs,FALSE,10,elitize_generation_data,176,6,0.071,NA
178,32,string-lengths-backwards,ifs,FALSE,10,elitize_generation_data,177,3,0.059,NA
179,32,string-lengths-backwards,ifs,FALSE,10,elitize_generation_data,178,4,0.056,NA
180,32,string-lengths-backwards,ifs,FALSE,10,elitize_generation_data,179,6,0.063,NA
181,32,string-lengths-backwards,ifs,FALSE,10,elitize_generation_data,180,4,0.069,NA
182,32,string-lengths-backwards,ifs,FALSE,10,elitize_generation_data,181,6,0.063,NA
183,32,string-lengths-backwards,ifs,FALSE,10,elitize_generation_data,182,3,0.062,NA
184,32,string-lengths-backwards,ifs,FALSE,10,elitize_generation_data,183,6,0.067,NA
185,32,string-lengths-backwards,ifs,FALSE,10,elitize_generation_data,184,3,0.062,NA
186,32,string-lengths-backwards,ifs,FALSE,10,elitize_generation_data,185,3,0.066,NA
187,32,string-lengths-backwards,ifs,FALSE,10,elitize_generation_data,186,4,0.056,NA
188,32,string-lengths-backwards,ifs,FALSE,10,elitize_generation_data,187,5,0.053,NA
189,32,string-lengths-backwards,ifs,FALSE,10,elitize_generation_data,188,7,0.052,NA
190,32,string-lengths-backwards,ifs,FALSE,10,elitize_generation_data,189,4,0.06,NA
191,32,string-lengths-backwards,ifs,FALSE,10,elitize_generation_data,190,6,0.056,NA
192,32,string-lengths-backwards,ifs,FALSE,10,elitize_generation_data,191,5,0.055,NA
193,32,string-lengths-backwards,ifs,FALSE,10,elitize_generation_data,192,3,0.053,NA
194,32,string-lengths-backwards,ifs,FALSE,10,elitize_generation_data,193,4,0.067,NA
195,32,string-lengths-backwards,ifs,FALSE,10,elitize_generation_data,194,5,0.054,NA
196,32,string-lengths-backwards,ifs,FALSE,10,elitize_generation_data,195,5,0.05,NA
197,32,string-lengths-backwards,ifs,FALSE,10,elitize_generation_data,196,5,0.056,NA
198,32,string-lengths-backwards,ifs,FALSE,10,elitize_generation_data,197,6,0.059,NA
199,32,string-lengths-backwards,ifs,FALSE,10,elitize_generation_data,198,4,0.061,NA
200,32,string-lengths-backwards,ifs,FALSE,10,elitize_generation_data,199,5,0.062,NA
201,32,string-lengths-backwards,ifs,FALSE,10,elitize_generation_data,200,6,0.059,NA
202,32,string-lengths-backwards,ifs,FALSE,10,elitize_generation_data,201,5,0.068,NA
203,32,string-lengths-backwards,ifs,FALSE,10,elitize_generation_data,202,5,0.05,NA
204,32,string-lengths-backwards,ifs,FALSE,10,elitize_generation_data,203,6,0.066,NA
205,32,string-lengths-backwards,ifs,FALSE,10,elitize_generation_data,204,5,0.051,NA
206,32,string-lengths-backwards,ifs,FALSE,10,elitize_generation_data,205,5,0.054,NA
207,32,string-lengths-backwards,ifs,FALSE,10,elitize_generation_data,206,6,0.069,NA
208,32,string-lengths-backwards,ifs,FALSE,10,elitize_generation_data,207,6,0.056,NA
209,32,string-lengths-backwards,ifs,FALSE,10,elitize_generation_data,208,6,0.06,NA
210,32,string-lengths-backwards,ifs,FALSE,10,elitize_generation_data,209,7,0.075,NA
211,32,string-lengths-backwards,ifs,FALSE,10,elitize_generation_data,210,4,0.058,NA
212,32,string-lengths-backwards,ifs,FALSE,10,elitize_generation_data,211,4,0.066,NA
213,32,string-lengths-backwards,ifs,FALSE,10,elitize_generation_data,212,6,0.058,NA
214,32,string-lengths-backwards,ifs,FALSE,10,elitize_generation_data,213,6,0.055,NA
215,32,string-lengths-backwards,ifs,FALSE,10,elitize_generation_data,214,4,0.063,NA
216,32,string-lengths-backwards,ifs,FALSE,10,elitize_generation_data,215,4,0.055,NA
217,32,string-lengths-backwards,ifs,FALSE,10,elitize_generation_data,216,6,0.063,NA
218,32,string-lengths-backwards,ifs,FALSE,10,elitize_generation_data,217,7,0.046,NA
219,32,string-lengths-backwards,ifs,FALSE,10,elitize_generation_data,218,5,0.062,NA
220,32,string-lengths-backwards,ifs,FALSE,10,elitize_generation_data,219,5,0.062,NA
221,32,string-lengths-backwards,ifs,FALSE,10,elitize_generation_data,220,5,0.073,NA
222,32,string-lengths-backwards,ifs,FALSE,10,elitize_generation_data,221,7,0.06,NA
223,32,string-lengths-backwards,ifs,FALSE,10,elitize_generation_data,222,5,0.062,NA
224,32,string-lengths-backwards,ifs,FALSE,10,elitize_generation_data,223,7,0.045,NA
225,32,string-lengths-backwards,ifs,FALSE,10,elitize_generation_data,224,4,0.054,NA
226,32,string-lengths-backwards,ifs,FALSE,10,elitize_generation_data,225,7,0.067,NA
227,32,string-lengths-backwards,ifs,FALSE,10,elitize_generation_data,226,6,0.053,NA
228,32,string-lengths-backwards,ifs,FALSE,10,elitize_generation_data,227,5,0.059,NA
229,32,string-lengths-backwards,ifs,FALSE,10,elitize_generation_data,228,5,0.058,NA
230,32,string-lengths-backwards,ifs,FALSE,10,elitize_generation_data,229,4,0.059,NA
231,32,string-lengths-backwards,ifs,FALSE,10,elitize_generation_data,230,7,0.052,NA
232,32,string-lengths-backwards,ifs,FALSE,10,elitize_generation_data,231,4,0.05,NA
233,32,string-lengths-backwards,ifs,FALSE,10,elitize_generation_data,232,7,0.06,NA
234,32,string-lengths-backwards,ifs,FALSE,10,elitize_generation_data,233,6,0.056,NA
235,32,string-lengths-backwards,ifs,FALSE,10,elitize_generation_data,234,4,0.056,NA
236,32,string-lengths-backwards,ifs,FALSE,10,elitize_generation_data,235,6,0.054,NA
237,32,string-lengths-backwards,ifs,FALSE,10,elitize_generation_data,236,6,0.054,NA
238,32,string-lengths-backwards,ifs,FALSE,10,elitize_generation_data,237,7,0.072,NA
239,32,string-lengths-backwards,ifs,FALSE,10,elitize_generation_data,238,6,0.05,NA
240,32,string-lengths-backwards,ifs,FALSE,10,elitize_generation_data,239,6,0.051,NA
241,32,string-lengths-backwards,ifs,FALSE,10,elitize_generation_data,240,7,0.061,NA
242,32,string-lengths-backwards,ifs,FALSE,10,elitize_generation_data,241,5,0.055,NA
243,32,string-lengths-backwards,ifs,FALSE,10,elitize_generation_data,242,5,0.069,NA
244,32,string-lengths-backwards,ifs,FALSE,10,elitize_generation_data,243,6,0.061,NA
245,32,string-lengths-backwards,ifs,FALSE,10,elitize_generation_data,244,8,0.05,NA
246,32,string-lengths-backwards,ifs,FALSE,10,elitize_generation_data,245,4,0.055,NA
247,32,string-lengths-backwards,ifs,FALSE,10,elitize_generation_data,246,4,0.052,NA
248,32,string-lengths-backwards,ifs,FALSE,10,elitize_generation_data,247,8,0.056,NA
249,32,string-lengths-backwards,ifs,FALSE,10,elitize_generation_data,248,4,0.049,NA
250,32,string-lengths-backwards,ifs,FALSE,10,elitize_generation_data,249,6,0.05,NA
251,32,string-lengths-backwards,ifs,FALSE,10,elitize_generation_data,250,7,0.062,NA
252,32,string-lengths-backwards,ifs,FALSE,10,elitize_generation_data,251,4,0.047,NA
253,32,string-lengths-backwards,ifs,FALSE,10,elitize_generation_data,252,6,0.047,NA
254,32,string-lengths-backwards,ifs,FALSE,10,elitize_generation_data,253,5,0.059,NA
255,32,string-lengths-backwards,ifs,FALSE,10,elitize_generation_data,254,6,0.07,NA
256,32,string-lengths-backwards,ifs,FALSE,10,elitize_generation_data,255,5,0.06,NA
257,32,string-lengths-backwards,ifs,FALSE,10,elitize_generation_data,256,7,0.055,NA
258,32,string-lengths-backwards,ifs,FALSE,10,elitize_generation_data,257,8,0.055,NA
259,32,string-lengths-backwards,ifs,FALSE,10,elitize_generation_data,258,5,0.049,NA
260,32,string-lengths-backwards,ifs,FALSE,10,elitize_generation_data,259,6,0.061,NA
261,32,string-lengths-backwards,ifs,FALSE,10,elitize_generation_data,260,4,0.068,NA
262,32,string-lengths-backwards,ifs,FALSE,10,elitize_generation_data,261,4,0.058,NA
263,32,string-lengths-backwards,ifs,FALSE,10,elitize_generation_data,262,5,0.049,NA
264,32,string-lengths-backwards,ifs,FALSE,10,elitize_generation_data,263,7,0.057,NA
265,32,string-lengths-backwards,ifs,FALSE,10,elitize_generation_data,264,4,0.049,NA
266,32,string-lengths-backwards,ifs,FALSE,10,elitize_generation_data,265,4,0.057,NA
267,32,string-lengths-backwards,ifs,FALSE,10,elitize_generation_data,266,7,0.056,NA
268,32,string-lengths-backwards,ifs,FALSE,10,elitize_generation_data,267,4,0.047,NA
269,32,string-lengths-backwards,ifs,FALSE,10,elitize_generation_data,268,5,0.056,NA
270,32,string-lengths-backwards,ifs,FALSE,10,elitize_generation_data,269,6,0.054,NA
271,32,string-lengths-backwards,ifs,FALSE,10,elitize_generation_data,270,6,0.06,NA
272,32,string-lengths-backwards,ifs,FALSE,10,elitize_generation_data,271,6,0.06,NA
273,32,string-lengths-backwards,ifs,FALSE,10,elitize_generation_data,272,6,0.049,NA
274,32,string-lengths-backwards,ifs,FALSE,10,elitize_generation_data,273,5,0.057,NA
275,32,string-lengths-backwards,ifs,FALSE,10,elitize_generation_data,274,6,0.041,NA
276,32,string-lengths-backwards,ifs,FALSE,10,elitize_generation_data,275,4,0.046,NA
277,32,string-lengths-backwards,ifs,FALSE,10,elitize_generation_data,276,6,0.055,NA
278,32,string-lengths-backwards,ifs,FALSE,10,elitize_generation_data,277,5,0.049,NA
279,32,string-lengths-backwards,ifs,FALSE,10,elitize_generation_data,278,5,0.05,NA
280,32,string-lengths-backwards,ifs,FALSE,10,elitize_generation_data,279,7,0.055,NA
281,32,string-lengths-backwards,ifs,FALSE,10,elitize_generation_data,280,6,0.048,NA
282,32,string-lengths-backwards,ifs,FALSE,10,elitize_generation_data,281,6,0.055,NA
283,32,string-lengths-backwards,ifs,FALSE,10,elitize_generation_data,282,3,0.05,NA
284,32,string-lengths-backwards,ifs,FALSE,10,elitize_generation_data,283,5,0.048,NA
285,32,string-lengths-backwards,ifs,FALSE,10,elitize_generation_data,284,5,0.046,NA
286,32,string-lengths-backwards,ifs,FALSE,10,elitize_generation_data,285,5,0.044,NA
287,32,string-lengths-backwards,ifs,FALSE,10,elitize_generation_data,286,5,0.055,NA
288,32,string-lengths-backwards,ifs,FALSE,10,elitize_generation_data,287,6,0.049,NA
289,32,string-lengths-backwards,ifs,FALSE,10,elitize_generation_data,288,6,0.056,NA
290,32,string-lengths-backwards,ifs,FALSE,10,elitize_generation_data,289,6,0.055,NA
291,32,string-lengths-backwards,ifs,FALSE,10,elitize_generation_data,290,4,0.054,NA
292,32,string-lengths-backwards,ifs,FALSE,10,elitize_generation_data,291,5,0.051,NA
293,32,string-lengths-backwards,ifs,FALSE,10,elitize_generation_data,292,5,0.042,NA
294,32,string-lengths-backwards,ifs,FALSE,10,elitize_generation_data,293,6,0.049,NA
295,32,string-lengths-backwards,ifs,FALSE,10,elitize_generation_data,294,6,0.046,NA
296,32,string-lengths-backwards,ifs,FALSE,10,elitize_generation_data,295,5,0.054,NA
297,32,string-lengths-backwards,ifs,FALSE,10,elitize_generation_data,296,4,0.05,NA
298,32,string-lengths-backwards,ifs,FALSE,10,elitize_generation_data,297,5,0.053,NA
299,32,string-lengths-backwards,ifs,FALSE,10,elitize_generation_data,298,4,0.042,NA
300,32,string-lengths-backwards,ifs,FALSE,10,elitize_generation_data,299,5,0.04,NA
301,32,string-lengths-backwards,ifs,FALSE,10,elitize_generation_data,300,5,0.05,NA
