,run.num,problem,treatment,succeeded,height,normalization.function,generation,cluster.count,error.diversity,success.generation
1,4,string-lengths-backwards,ifs,FALSE,10,elitize_generation_data,0,5,0.272,NA
2,4,string-lengths-backwards,ifs,FALSE,10,elitize_generation_data,1,7,0.18,NA
3,4,string-lengths-backwards,ifs,FALSE,10,elitize_generation_data,2,8,0.277,NA
4,4,string-lengths-backwards,ifs,FALSE,10,elitize_generation_data,3,6,0.252,NA
5,4,string-lengths-backwards,ifs,FALSE,10,elitize_generation_data,4,8,0.199,NA
6,4,string-lengths-backwards,ifs,FALSE,10,elitize_generation_data,5,10,0.228,NA
7,4,string-lengths-backwards,ifs,FALSE,10,elitize_generation_data,6,15,0.196,NA
8,4,string-lengths-backwards,ifs,FALSE,10,elitize_generation_data,7,21,0.144,NA
9,4,string-lengths-backwards,ifs,FALSE,10,elitize_generation_data,8,17,0.128,NA
10,4,string-lengths-backwards,ifs,FALSE,10,elitize_generation_data,9,22,0.129,NA
11,4,string-lengths-backwards,ifs,FALSE,10,elitize_generation_data,10,20,0.141,NA
12,4,string-lengths-backwards,ifs,FALSE,10,elitize_generation_data,11,15,0.132,NA
13,4,string-lengths-backwards,ifs,FALSE,10,elitize_generation_data,12,12,0.153,NA
14,4,string-lengths-backwards,ifs,FALSE,10,elitize_generation_data,13,23,0.152,NA
15,4,string-lengths-backwards,ifs,FALSE,10,elitize_generation_data,14,15,0.168,NA
16,4,string-lengths-backwards,ifs,FALSE,10,elitize_generation_data,15,21,0.133,NA
17,4,string-lengths-backwards,ifs,FALSE,10,elitize_generation_data,16,24,0.178,NA
18,4,string-lengths-backwards,ifs,FALSE,10,elitize_generation_data,17,16,0.222,NA
19,4,string-lengths-backwards,ifs,FALSE,10,elitize_generation_data,18,15,0.301,NA
20,4,string-lengths-backwards,ifs,FALSE,10,elitize_generation_data,19,16,0.336,NA
21,4,string-lengths-backwards,ifs,FALSE,10,elitize_generation_data,20,15,0.429,NA
22,4,string-lengths-backwards,ifs,FALSE,10,elitize_generation_data,21,14,0.432,NA
23,4,string-lengths-backwards,ifs,FALSE,10,elitize_generation_data,22,17,0.455,NA
24,4,string-lengths-backwards,ifs,FALSE,10,elitize_generation_data,23,24,0.439,NA
25,4,string-lengths-backwards,ifs,FALSE,10,elitize_generation_data,24,10,0.401,NA
26,4,string-lengths-backwards,ifs,FALSE,10,elitize_generation_data,25,5,0.399,NA
27,4,string-lengths-backwards,ifs,FALSE,10,elitize_generation_data,26,4,0.356,NA
28,4,string-lengths-backwards,ifs,FALSE,10,elitize_generation_data,27,2,0.356,NA
29,4,string-lengths-backwards,ifs,FALSE,10,elitize_generation_data,28,3,0.36,NA
30,4,string-lengths-backwards,ifs,FALSE,10,elitize_generation_data,29,5,0.33,NA
31,4,string-lengths-backwards,ifs,FALSE,10,elitize_generation_data,30,9,0.319,NA
32,4,string-lengths-backwards,ifs,FALSE,10,elitize_generation_data,31,9,0.337,NA
33,4,string-lengths-backwards,ifs,FALSE,10,elitize_generation_data,32,10,0.379,NA
34,4,string-lengths-backwards,ifs,FALSE,10,elitize_generation_data,33,14,0.408,NA
35,4,string-lengths-backwards,ifs,FALSE,10,elitize_generation_data,34,12,0.413,NA
36,4,string-lengths-backwards,ifs,FALSE,10,elitize_generation_data,35,11,0.445,NA
37,4,string-lengths-backwards,ifs,FALSE,10,elitize_generation_data,36,13,0.459,NA
38,4,string-lengths-backwards,ifs,FALSE,10,elitize_generation_data,37,11,0.453,NA
39,4,string-lengths-backwards,ifs,FALSE,10,elitize_generation_data,38,10,0.449,NA
40,4,string-lengths-backwards,ifs,FALSE,10,elitize_generation_data,39,7,0.45,NA
41,4,string-lengths-backwards,ifs,FALSE,10,elitize_generation_data,40,7,0.479,NA
42,4,string-lengths-backwards,ifs,FALSE,10,elitize_generation_data,41,8,0.448,NA
43,4,string-lengths-backwards,ifs,FALSE,10,elitize_generation_data,42,12,0.475,NA
44,4,string-lengths-backwards,ifs,FALSE,10,elitize_generation_data,43,5,0.519,NA
45,4,string-lengths-backwards,ifs,FALSE,10,elitize_generation_data,44,8,0.557,NA
46,4,string-lengths-backwards,ifs,FALSE,10,elitize_generation_data,45,9,0.566,NA
47,4,string-lengths-backwards,ifs,FALSE,10,elitize_generation_data,46,7,0.504,NA
48,4,string-lengths-backwards,ifs,FALSE,10,elitize_generation_data,47,6,0.538,NA
49,4,string-lengths-backwards,ifs,FALSE,10,elitize_generation_data,48,5,0.51,NA
50,4,string-lengths-backwards,ifs,FALSE,10,elitize_generation_data,49,6,0.438,NA
51,4,string-lengths-backwards,ifs,FALSE,10,elitize_generation_data,50,5,0.458,NA
52,4,string-lengths-backwards,ifs,FALSE,10,elitize_generation_data,51,10,0.473,NA
53,4,string-lengths-backwards,ifs,FALSE,10,elitize_generation_data,52,5,0.459,NA
54,4,string-lengths-backwards,ifs,FALSE,10,elitize_generation_data,53,8,0.483,NA
55,4,string-lengths-backwards,ifs,FALSE,10,elitize_generation_data,54,7,0.481,NA
56,4,string-lengths-backwards,ifs,FALSE,10,elitize_generation_data,55,9,0.431,NA
57,4,string-lengths-backwards,ifs,FALSE,10,elitize_generation_data,56,9,0.345,NA
58,4,string-lengths-backwards,ifs,FALSE,10,elitize_generation_data,57,10,0.286,NA
59,4,string-lengths-backwards,ifs,FALSE,10,elitize_generation_data,58,9,0.327,NA
60,4,string-lengths-backwards,ifs,FALSE,10,elitize_generation_data,59,8,0.382,NA
61,4,string-lengths-backwards,ifs,FALSE,10,elitize_generation_data,60,8,0.324,NA
62,4,string-lengths-backwards,ifs,FALSE,10,elitize_generation_data,61,5,0.287,NA
63,4,string-lengths-backwards,ifs,FALSE,10,elitize_generation_data,62,5,0.349,NA
64,4,string-lengths-backwards,ifs,FALSE,10,elitize_generation_data,63,4,0.328,NA
65,4,string-lengths-backwards,ifs,FALSE,10,elitize_generation_data,64,5,0.296,NA
66,4,string-lengths-backwards,ifs,FALSE,10,elitize_generation_data,65,9,0.298,NA
67,4,string-lengths-backwards,ifs,FALSE,10,elitize_generation_data,66,9,0.313,NA
68,4,string-lengths-backwards,ifs,FALSE,10,elitize_generation_data,67,6,0.337,NA
69,4,string-lengths-backwards,ifs,FALSE,10,elitize_generation_data,68,7,0.349,NA
70,4,string-lengths-backwards,ifs,FALSE,10,elitize_generation_data,69,9,0.316,NA
71,4,string-lengths-backwards,ifs,FALSE,10,elitize_generation_data,70,9,0.309,NA
72,4,string-lengths-backwards,ifs,FALSE,10,elitize_generation_data,71,8,0.323,NA
73,4,string-lengths-backwards,ifs,FALSE,10,elitize_generation_data,72,10,0.346,NA
74,4,string-lengths-backwards,ifs,FALSE,10,elitize_generation_data,73,16,0.344,NA
75,4,string-lengths-backwards,ifs,FALSE,10,elitize_generation_data,74,15,0.369,NA
76,4,string-lengths-backwards,ifs,FALSE,10,elitize_generation_data,75,8,0.341,NA
77,4,string-lengths-backwards,ifs,FALSE,10,elitize_generation_data,76,6,0.346,NA
78,4,string-lengths-backwards,ifs,FALSE,10,elitize_generation_data,77,6,0.377,NA
79,4,string-lengths-backwards,ifs,FALSE,10,elitize_generation_data,78,6,0.375,NA
80,4,string-lengths-backwards,ifs,FALSE,10,elitize_generation_data,79,11,0.335,NA
81,4,string-lengths-backwards,ifs,FALSE,10,elitize_generation_data,80,5,0.387,NA
82,4,string-lengths-backwards,ifs,FALSE,10,elitize_generation_data,81,13,0.426,NA
83,4,string-lengths-backwards,ifs,FALSE,10,elitize_generation_data,82,4,0.449,NA
84,4,string-lengths-backwards,ifs,FALSE,10,elitize_generation_data,83,3,0.425,NA
85,4,string-lengths-backwards,ifs,FALSE,10,elitize_generation_data,84,3,0.424,NA
86,4,string-lengths-backwards,ifs,FALSE,10,elitize_generation_data,85,4,0.401,NA
87,4,string-lengths-backwards,ifs,FALSE,10,elitize_generation_data,86,7,0.422,NA
88,4,string-lengths-backwards,ifs,FALSE,10,elitize_generation_data,87,5,0.435,NA
89,4,string-lengths-backwards,ifs,FALSE,10,elitize_generation_data,88,8,0.517,NA
90,4,string-lengths-backwards,ifs,FALSE,10,elitize_generation_data,89,9,0.557,NA
91,4,string-lengths-backwards,ifs,FALSE,10,elitize_generation_data,90,9,0.569,NA
92,4,string-lengths-backwards,ifs,FALSE,10,elitize_generation_data,91,10,0.591,NA
93,4,string-lengths-backwards,ifs,FALSE,10,elitize_generation_data,92,10,0.622,NA
94,4,string-lengths-backwards,ifs,FALSE,10,elitize_generation_data,93,10,0.614,NA
95,4,string-lengths-backwards,ifs,FALSE,10,elitize_generation_data,94,8,0.645,NA
96,4,string-lengths-backwards,ifs,FALSE,10,elitize_generation_data,95,9,0.595,NA
97,4,string-lengths-backwards,ifs,FALSE,10,elitize_generation_data,96,13,0.576,NA
98,4,string-lengths-backwards,ifs,FALSE,10,elitize_generation_data,97,11,0.551,NA
99,4,string-lengths-backwards,ifs,FALSE,10,elitize_generation_data,98,10,0.533,NA
100,4,string-lengths-backwards,ifs,FALSE,10,elitize_generation_data,99,11,0.481,NA
101,4,string-lengths-backwards,ifs,FALSE,10,elitize_generation_data,100,11,0.394,NA
102,4,string-lengths-backwards,ifs,FALSE,10,elitize_generation_data,101,8,0.302,NA
103,4,string-lengths-backwards,ifs,FALSE,10,elitize_generation_data,102,7,0.223,NA
104,4,string-lengths-backwards,ifs,FALSE,10,elitize_generation_data,103,7,0.165,NA
105,4,string-lengths-backwards,ifs,FALSE,10,elitize_generation_data,104,9,0.164,NA
106,4,string-lengths-backwards,ifs,FALSE,10,elitize_generation_data,105,9,0.161,NA
107,4,string-lengths-backwards,ifs,FALSE,10,elitize_generation_data,106,8,0.154,NA
108,4,string-lengths-backwards,ifs,FALSE,10,elitize_generation_data,107,7,0.146,NA
109,4,string-lengths-backwards,ifs,FALSE,10,elitize_generation_data,108,7,0.147,NA
110,4,string-lengths-backwards,ifs,FALSE,10,elitize_generation_data,109,8,0.145,NA
111,4,string-lengths-backwards,ifs,FALSE,10,elitize_generation_data,110,5,0.158,NA
112,4,string-lengths-backwards,ifs,FALSE,10,elitize_generation_data,111,10,0.17,NA
113,4,string-lengths-backwards,ifs,FALSE,10,elitize_generation_data,112,7,0.132,NA
114,4,string-lengths-backwards,ifs,FALSE,10,elitize_generation_data,113,8,0.139,NA
115,4,string-lengths-backwards,ifs,FALSE,10,elitize_generation_data,114,6,0.136,NA
116,4,string-lengths-backwards,ifs,FALSE,10,elitize_generation_data,115,8,0.143,NA
117,4,string-lengths-backwards,ifs,FALSE,10,elitize_generation_data,116,6,0.13,NA
118,4,string-lengths-backwards,ifs,FALSE,10,elitize_generation_data,117,8,0.134,NA
119,4,string-lengths-backwards,ifs,FALSE,10,elitize_generation_data,118,9,0.143,NA
120,4,string-lengths-backwards,ifs,FALSE,10,elitize_generation_data,119,6,0.129,NA
121,4,string-lengths-backwards,ifs,FALSE,10,elitize_generation_data,120,8,0.136,NA
122,4,string-lengths-backwards,ifs,FALSE,10,elitize_generation_data,121,9,0.146,NA
123,4,string-lengths-backwards,ifs,FALSE,10,elitize_generation_data,122,8,0.13,NA
124,4,string-lengths-backwards,ifs,FALSE,10,elitize_generation_data,123,7,0.128,NA
125,4,string-lengths-backwards,ifs,FALSE,10,elitize_generation_data,124,8,0.116,NA
126,4,string-lengths-backwards,ifs,FALSE,10,elitize_generation_data,125,8,0.126,NA
127,4,string-lengths-backwards,ifs,FALSE,10,elitize_generation_data,126,9,0.119,NA
128,4,string-lengths-backwards,ifs,FALSE,10,elitize_generation_data,127,8,0.137,NA
129,4,string-lengths-backwards,ifs,FALSE,10,elitize_generation_data,128,8,0.126,NA
130,4,string-lengths-backwards,ifs,FALSE,10,elitize_generation_data,129,6,0.113,NA
131,4,string-lengths-backwards,ifs,FALSE,10,elitize_generation_data,130,8,0.131,NA
132,4,string-lengths-backwards,ifs,FALSE,10,elitize_generation_data,131,5,0.134,NA
133,4,string-lengths-backwards,ifs,FALSE,10,elitize_generation_data,132,10,0.119,NA
134,4,string-lengths-backwards,ifs,FALSE,10,elitize_generation_data,133,9,0.149,NA
135,4,string-lengths-backwards,ifs,FALSE,10,elitize_generation_data,134,5,0.127,NA
136,4,string-lengths-backwards,ifs,FALSE,10,elitize_generation_data,135,5,0.131,NA
137,4,string-lengths-backwards,ifs,FALSE,10,elitize_generation_data,136,7,0.123,NA
138,4,string-lengths-backwards,ifs,FALSE,10,elitize_generation_data,137,7,0.114,NA
139,4,string-lengths-backwards,ifs,FALSE,10,elitize_generation_data,138,10,0.108,NA
140,4,string-lengths-backwards,ifs,FALSE,10,elitize_generation_data,139,10,0.133,NA
141,4,string-lengths-backwards,ifs,FALSE,10,elitize_generation_data,140,7,0.13,NA
142,4,string-lengths-backwards,ifs,FALSE,10,elitize_generation_data,141,9,0.141,NA
143,4,string-lengths-backwards,ifs,FALSE,10,elitize_generation_data,142,4,0.113,NA
144,4,string-lengths-backwards,ifs,FALSE,10,elitize_generation_data,143,6,0.11,NA
145,4,string-lengths-backwards,ifs,FALSE,10,elitize_generation_data,144,8,0.139,NA
146,4,string-lengths-backwards,ifs,FALSE,10,elitize_generation_data,145,8,0.138,NA
147,4,string-lengths-backwards,ifs,FALSE,10,elitize_generation_data,146,7,0.114,NA
148,4,string-lengths-backwards,ifs,FALSE,10,elitize_generation_data,147,7,0.117,NA
149,4,string-lengths-backwards,ifs,FALSE,10,elitize_generation_data,148,8,0.119,NA
150,4,string-lengths-backwards,ifs,FALSE,10,elitize_generation_data,149,6,0.117,NA
151,4,string-lengths-backwards,ifs,FALSE,10,elitize_generation_data,150,8,0.097,NA
152,4,string-lengths-backwards,ifs,FALSE,10,elitize_generation_data,151,6,0.127,NA
153,4,string-lengths-backwards,ifs,FALSE,10,elitize_generation_data,152,6,0.128,NA
154,4,string-lengths-backwards,ifs,FALSE,10,elitize_generation_data,153,8,0.104,NA
155,4,string-lengths-backwards,ifs,FALSE,10,elitize_generation_data,154,5,0.112,NA
156,4,string-lengths-backwards,ifs,FALSE,10,elitize_generation_data,155,6,0.108,NA
157,4,string-lengths-backwards,ifs,FALSE,10,elitize_generation_data,156,5,0.102,NA
158,4,string-lengths-backwards,ifs,FALSE,10,elitize_generation_data,157,6,0.109,NA
159,4,string-lengths-backwards,ifs,FALSE,10,elitize_generation_data,158,6,0.109,NA
160,4,string-lengths-backwards,ifs,FALSE,10,elitize_generation_data,159,7,0.1,NA
161,4,string-lengths-backwards,ifs,FALSE,10,elitize_generation_data,160,10,0.117,NA
162,4,string-lengths-backwards,ifs,FALSE,10,elitize_generation_data,161,5,0.123,NA
163,4,string-lengths-backwards,ifs,FALSE,10,elitize_generation_data,162,5,0.105,NA
164,4,string-lengths-backwards,ifs,FALSE,10,elitize_generation_data,163,10,0.121,NA
165,4,string-lengths-backwards,ifs,FALSE,10,elitize_generation_data,164,5,0.103,NA
166,4,string-lengths-backwards,ifs,FALSE,10,elitize_generation_data,165,10,0.097,NA
167,4,string-lengths-backwards,ifs,FALSE,10,elitize_generation_data,166,10,0.104,NA
168,4,string-lengths-backwards,ifs,FALSE,10,elitize_generation_data,167,8,0.104,NA
169,4,string-lengths-backwards,ifs,FALSE,10,elitize_generation_data,168,8,0.118,NA
170,4,string-lengths-backwards,ifs,FALSE,10,elitize_generation_data,169,8,0.091,NA
171,4,string-lengths-backwards,ifs,FALSE,10,elitize_generation_data,170,8,0.104,NA
172,4,string-lengths-backwards,ifs,FALSE,10,elitize_generation_data,171,7,0.097,NA
173,4,string-lengths-backwards,ifs,FALSE,10,elitize_generation_data,172,10,0.111,NA
174,4,string-lengths-backwards,ifs,FALSE,10,elitize_generation_data,173,9,0.11,NA
175,4,string-lengths-backwards,ifs,FALSE,10,elitize_generation_data,174,6,0.103,NA
176,4,string-lengths-backwards,ifs,FALSE,10,elitize_generation_data,175,7,0.106,NA
177,4,string-lengths-backwards,ifs,FALSE,10,elitize_generation_data,176,7,0.106,NA
178,4,string-lengths-backwards,ifs,FALSE,10,elitize_generation_data,177,7,0.117,NA
179,4,string-lengths-backwards,ifs,FALSE,10,elitize_generation_data,178,8,0.098,NA
180,4,string-lengths-backwards,ifs,FALSE,10,elitize_generation_data,179,12,0.108,NA
181,4,string-lengths-backwards,ifs,FALSE,10,elitize_generation_data,180,7,0.101,NA
182,4,string-lengths-backwards,ifs,FALSE,10,elitize_generation_data,181,5,0.106,NA
183,4,string-lengths-backwards,ifs,FALSE,10,elitize_generation_data,182,7,0.092,NA
184,4,string-lengths-backwards,ifs,FALSE,10,elitize_generation_data,183,9,0.105,NA
185,4,string-lengths-backwards,ifs,FALSE,10,elitize_generation_data,184,9,0.097,NA
186,4,string-lengths-backwards,ifs,FALSE,10,elitize_generation_data,185,6,0.095,NA
187,4,string-lengths-backwards,ifs,FALSE,10,elitize_generation_data,186,6,0.112,NA
188,4,string-lengths-backwards,ifs,FALSE,10,elitize_generation_data,187,7,0.104,NA
189,4,string-lengths-backwards,ifs,FALSE,10,elitize_generation_data,188,6,0.094,NA
190,4,string-lengths-backwards,ifs,FALSE,10,elitize_generation_data,189,9,0.1,NA
191,4,string-lengths-backwards,ifs,FALSE,10,elitize_generation_data,190,8,0.093,NA
192,4,string-lengths-backwards,ifs,FALSE,10,elitize_generation_data,191,9,0.098,NA
193,4,string-lengths-backwards,ifs,FALSE,10,elitize_generation_data,192,8,0.1,NA
194,4,string-lengths-backwards,ifs,FALSE,10,elitize_generation_data,193,6,0.099,NA
195,4,string-lengths-backwards,ifs,FALSE,10,elitize_generation_data,194,6,0.082,NA
196,4,string-lengths-backwards,ifs,FALSE,10,elitize_generation_data,195,8,0.091,NA
197,4,string-lengths-backwards,ifs,FALSE,10,elitize_generation_data,196,7,0.092,NA
198,4,string-lengths-backwards,ifs,FALSE,10,elitize_generation_data,197,6,0.08,NA
199,4,string-lengths-backwards,ifs,FALSE,10,elitize_generation_data,198,4,0.081,NA
200,4,string-lengths-backwards,ifs,FALSE,10,elitize_generation_data,199,7,0.089,NA
201,4,string-lengths-backwards,ifs,FALSE,10,elitize_generation_data,200,7,0.086,NA
202,4,string-lengths-backwards,ifs,FALSE,10,elitize_generation_data,201,6,0.089,NA
203,4,string-lengths-backwards,ifs,FALSE,10,elitize_generation_data,202,7,0.083,NA
204,4,string-lengths-backwards,ifs,FALSE,10,elitize_generation_data,203,8,0.092,NA
205,4,string-lengths-backwards,ifs,FALSE,10,elitize_generation_data,204,7,0.086,NA
206,4,string-lengths-backwards,ifs,FALSE,10,elitize_generation_data,205,8,0.081,NA
207,4,string-lengths-backwards,ifs,FALSE,10,elitize_generation_data,206,8,0.103,NA
208,4,string-lengths-backwards,ifs,FALSE,10,elitize_generation_data,207,10,0.096,NA
209,4,string-lengths-backwards,ifs,FALSE,10,elitize_generation_data,208,8,0.105,NA
210,4,string-lengths-backwards,ifs,FALSE,10,elitize_generation_data,209,7,0.097,NA
211,4,string-lengths-backwards,ifs,FALSE,10,elitize_generation_data,210,9,0.086,NA
212,4,string-lengths-backwards,ifs,FALSE,10,elitize_generation_data,211,6,0.101,NA
213,4,string-lengths-backwards,ifs,FALSE,10,elitize_generation_data,212,7,0.082,NA
214,4,string-lengths-backwards,ifs,FALSE,10,elitize_generation_data,213,6,0.086,NA
215,4,string-lengths-backwards,ifs,FALSE,10,elitize_generation_data,214,6,0.089,NA
216,4,string-lengths-backwards,ifs,FALSE,10,elitize_generation_data,215,9,0.093,NA
217,4,string-lengths-backwards,ifs,FALSE,10,elitize_generation_data,216,9,0.099,NA
218,4,string-lengths-backwards,ifs,FALSE,10,elitize_generation_data,217,6,0.105,NA
219,4,string-lengths-backwards,ifs,FALSE,10,elitize_generation_data,218,7,0.094,NA
220,4,string-lengths-backwards,ifs,FALSE,10,elitize_generation_data,219,6,0.071,NA
221,4,string-lengths-backwards,ifs,FALSE,10,elitize_generation_data,220,7,0.087,NA
222,4,string-lengths-backwards,ifs,FALSE,10,elitize_generation_data,221,11,0.104,NA
223,4,string-lengths-backwards,ifs,FALSE,10,elitize_generation_data,222,10,0.095,NA
224,4,string-lengths-backwards,ifs,FALSE,10,elitize_generation_data,223,7,0.077,NA
225,4,string-lengths-backwards,ifs,FALSE,10,elitize_generation_data,224,8,0.068,NA
226,4,string-lengths-backwards,ifs,FALSE,10,elitize_generation_data,225,8,0.086,NA
227,4,string-lengths-backwards,ifs,FALSE,10,elitize_generation_data,226,6,0.073,NA
228,4,string-lengths-backwards,ifs,FALSE,10,elitize_generation_data,227,7,0.081,NA
229,4,string-lengths-backwards,ifs,FALSE,10,elitize_generation_data,228,9,0.075,NA
230,4,string-lengths-backwards,ifs,FALSE,10,elitize_generation_data,229,5,0.078,NA
231,4,string-lengths-backwards,ifs,FALSE,10,elitize_generation_data,230,7,0.077,NA
232,4,string-lengths-backwards,ifs,FALSE,10,elitize_generation_data,231,7,0.069,NA
233,4,string-lengths-backwards,ifs,FALSE,10,elitize_generation_data,232,6,0.074,NA
234,4,string-lengths-backwards,ifs,FALSE,10,elitize_generation_data,233,9,0.069,NA
235,4,string-lengths-backwards,ifs,FALSE,10,elitize_generation_data,234,9,0.085,NA
236,4,string-lengths-backwards,ifs,FALSE,10,elitize_generation_data,235,9,0.075,NA
237,4,string-lengths-backwards,ifs,FALSE,10,elitize_generation_data,236,6,0.074,NA
238,4,string-lengths-backwards,ifs,FALSE,10,elitize_generation_data,237,5,0.062,NA
239,4,string-lengths-backwards,ifs,FALSE,10,elitize_generation_data,238,4,0.065,NA
240,4,string-lengths-backwards,ifs,FALSE,10,elitize_generation_data,239,7,0.068,NA
241,4,string-lengths-backwards,ifs,FALSE,10,elitize_generation_data,240,5,0.078,NA
242,4,string-lengths-backwards,ifs,FALSE,10,elitize_generation_data,241,9,0.082,NA
243,4,string-lengths-backwards,ifs,FALSE,10,elitize_generation_data,242,8,0.067,NA
244,4,string-lengths-backwards,ifs,FALSE,10,elitize_generation_data,243,7,0.074,NA
245,4,string-lengths-backwards,ifs,FALSE,10,elitize_generation_data,244,9,0.077,NA
246,4,string-lengths-backwards,ifs,FALSE,10,elitize_generation_data,245,8,0.07,NA
247,4,string-lengths-backwards,ifs,FALSE,10,elitize_generation_data,246,7,0.07,NA
248,4,string-lengths-backwards,ifs,FALSE,10,elitize_generation_data,247,7,0.07,NA
249,4,string-lengths-backwards,ifs,FALSE,10,elitize_generation_data,248,6,0.067,NA
250,4,string-lengths-backwards,ifs,FALSE,10,elitize_generation_data,249,7,0.057,NA
251,4,string-lengths-backwards,ifs,FALSE,10,elitize_generation_data,250,8,0.063,NA
252,4,string-lengths-backwards,ifs,FALSE,10,elitize_generation_data,251,8,0.077,NA
253,4,string-lengths-backwards,ifs,FALSE,10,elitize_generation_data,252,9,0.075,NA
254,4,string-lengths-backwards,ifs,FALSE,10,elitize_generation_data,253,6,0.062,NA
255,4,string-lengths-backwards,ifs,FALSE,10,elitize_generation_data,254,7,0.064,NA
256,4,string-lengths-backwards,ifs,FALSE,10,elitize_generation_data,255,11,0.066,NA
257,4,string-lengths-backwards,ifs,FALSE,10,elitize_generation_data,256,9,0.068,NA
258,4,string-lengths-backwards,ifs,FALSE,10,elitize_generation_data,257,7,0.075,NA
259,4,string-lengths-backwards,ifs,FALSE,10,elitize_generation_data,258,9,0.079,NA
260,4,string-lengths-backwards,ifs,FALSE,10,elitize_generation_data,259,7,0.069,NA
261,4,string-lengths-backwards,ifs,FALSE,10,elitize_generation_data,260,5,0.066,NA
262,4,string-lengths-backwards,ifs,FALSE,10,elitize_generation_data,261,11,0.073,NA
263,4,string-lengths-backwards,ifs,FALSE,10,elitize_generation_data,262,10,0.075,NA
264,4,string-lengths-backwards,ifs,FALSE,10,elitize_generation_data,263,7,0.063,NA
265,4,string-lengths-backwards,ifs,FALSE,10,elitize_generation_data,264,7,0.06,NA
266,4,string-lengths-backwards,ifs,FALSE,10,elitize_generation_data,265,6,0.056,NA
267,4,string-lengths-backwards,ifs,FALSE,10,elitize_generation_data,266,5,0.066,NA
268,4,string-lengths-backwards,ifs,FALSE,10,elitize_generation_data,267,7,0.067,NA
269,4,string-lengths-backwards,ifs,FALSE,10,elitize_generation_data,268,5,0.059,NA
270,4,string-lengths-backwards,ifs,FALSE,10,elitize_generation_data,269,7,0.055,NA
271,4,string-lengths-backwards,ifs,FALSE,10,elitize_generation_data,270,8,0.069,NA
272,4,string-lengths-backwards,ifs,FALSE,10,elitize_generation_data,271,7,0.048,NA
273,4,string-lengths-backwards,ifs,FALSE,10,elitize_generation_data,272,7,0.074,NA
274,4,string-lengths-backwards,ifs,FALSE,10,elitize_generation_data,273,9,0.074,NA
275,4,string-lengths-backwards,ifs,FALSE,10,elitize_generation_data,274,7,0.054,NA
276,4,string-lengths-backwards,ifs,FALSE,10,elitize_generation_data,275,8,0.073,NA
277,4,string-lengths-backwards,ifs,FALSE,10,elitize_generation_data,276,5,0.058,NA
278,4,string-lengths-backwards,ifs,FALSE,10,elitize_generation_data,277,7,0.053,NA
279,4,string-lengths-backwards,ifs,FALSE,10,elitize_generation_data,278,8,0.064,NA
280,4,string-lengths-backwards,ifs,FALSE,10,elitize_generation_data,279,10,0.061,NA
281,4,string-lengths-backwards,ifs,FALSE,10,elitize_generation_data,280,7,0.061,NA
282,4,string-lengths-backwards,ifs,FALSE,10,elitize_generation_data,281,7,0.061,NA
283,4,string-lengths-backwards,ifs,FALSE,10,elitize_generation_data,282,4,0.066,NA
284,4,string-lengths-backwards,ifs,FALSE,10,elitize_generation_data,283,7,0.068,NA
285,4,string-lengths-backwards,ifs,FALSE,10,elitize_generation_data,284,7,0.058,NA
286,4,string-lengths-backwards,ifs,FALSE,10,elitize_generation_data,285,8,0.068,NA
287,4,string-lengths-backwards,ifs,FALSE,10,elitize_generation_data,286,10,0.071,NA
288,4,string-lengths-backwards,ifs,FALSE,10,elitize_generation_data,287,6,0.065,NA
289,4,string-lengths-backwards,ifs,FALSE,10,elitize_generation_data,288,5,0.058,NA
290,4,string-lengths-backwards,ifs,FALSE,10,elitize_generation_data,289,7,0.064,NA
291,4,string-lengths-backwards,ifs,FALSE,10,elitize_generation_data,290,10,0.072,NA
292,4,string-lengths-backwards,ifs,FALSE,10,elitize_generation_data,291,5,0.068,NA
293,4,string-lengths-backwards,ifs,FALSE,10,elitize_generation_data,292,6,0.072,NA
294,4,string-lengths-backwards,ifs,FALSE,10,elitize_generation_data,293,7,0.068,NA
295,4,string-lengths-backwards,ifs,FALSE,10,elitize_generation_data,294,9,0.061,NA
296,4,string-lengths-backwards,ifs,FALSE,10,elitize_generation_data,295,5,0.07,NA
297,4,string-lengths-backwards,ifs,FALSE,10,elitize_generation_data,296,9,0.062,NA
298,4,string-lengths-backwards,ifs,FALSE,10,elitize_generation_data,297,8,0.072,NA
299,4,string-lengths-backwards,ifs,FALSE,10,elitize_generation_data,298,9,0.061,NA
300,4,string-lengths-backwards,ifs,FALSE,10,elitize_generation_data,299,7,0.065,NA
301,4,string-lengths-backwards,ifs,FALSE,10,elitize_generation_data,300,7,0.064,NA
