,run.num,problem,treatment,succeeded,height,normalization.function,generation,cluster.count,error.diversity,success.generation
1,57,string-lengths-backwards,ifs,FALSE,10,elitize_generation_data,0,5,0.286,NA
2,57,string-lengths-backwards,ifs,FALSE,10,elitize_generation_data,1,8,0.146,NA
3,57,string-lengths-backwards,ifs,FALSE,10,elitize_generation_data,2,11,0.254,NA
4,57,string-lengths-backwards,ifs,FALSE,10,elitize_generation_data,3,8,0.272,NA
5,57,string-lengths-backwards,ifs,FALSE,10,elitize_generation_data,4,11,0.177,NA
6,57,string-lengths-backwards,ifs,FALSE,10,elitize_generation_data,5,18,0.156,NA
7,57,string-lengths-backwards,ifs,FALSE,10,elitize_generation_data,6,6,0.217,NA
8,57,string-lengths-backwards,ifs,FALSE,10,elitize_generation_data,7,11,0.361,NA
9,57,string-lengths-backwards,ifs,FALSE,10,elitize_generation_data,8,11,0.415,NA
10,57,string-lengths-backwards,ifs,FALSE,10,elitize_generation_data,9,8,0.417,NA
11,57,string-lengths-backwards,ifs,FALSE,10,elitize_generation_data,10,15,0.414,NA
12,57,string-lengths-backwards,ifs,FALSE,10,elitize_generation_data,11,5,0.424,NA
13,57,string-lengths-backwards,ifs,FALSE,10,elitize_generation_data,12,7,0.338,NA
14,57,string-lengths-backwards,ifs,FALSE,10,elitize_generation_data,13,9,0.174,NA
15,57,string-lengths-backwards,ifs,FALSE,10,elitize_generation_data,14,9,0.189,NA
16,57,string-lengths-backwards,ifs,FALSE,10,elitize_generation_data,15,9,0.277,NA
17,57,string-lengths-backwards,ifs,FALSE,10,elitize_generation_data,16,2,0.456,NA
18,57,string-lengths-backwards,ifs,FALSE,10,elitize_generation_data,17,3,0.552,NA
19,57,string-lengths-backwards,ifs,FALSE,10,elitize_generation_data,18,4,0.554,NA
20,57,string-lengths-backwards,ifs,FALSE,10,elitize_generation_data,19,5,0.558,NA
21,57,string-lengths-backwards,ifs,FALSE,10,elitize_generation_data,20,7,0.639,NA
22,57,string-lengths-backwards,ifs,FALSE,10,elitize_generation_data,21,7,0.678,NA
23,57,string-lengths-backwards,ifs,FALSE,10,elitize_generation_data,22,9,0.668,NA
24,57,string-lengths-backwards,ifs,FALSE,10,elitize_generation_data,23,11,0.588,NA
25,57,string-lengths-backwards,ifs,FALSE,10,elitize_generation_data,24,7,0.393,NA
26,57,string-lengths-backwards,ifs,FALSE,10,elitize_generation_data,25,10,0.229,NA
27,57,string-lengths-backwards,ifs,FALSE,10,elitize_generation_data,26,8,0.167,NA
28,57,string-lengths-backwards,ifs,FALSE,10,elitize_generation_data,27,8,0.128,NA
29,57,string-lengths-backwards,ifs,FALSE,10,elitize_generation_data,28,8,0.105,NA
30,57,string-lengths-backwards,ifs,FALSE,10,elitize_generation_data,29,6,0.086,NA
31,57,string-lengths-backwards,ifs,FALSE,10,elitize_generation_data,30,7,0.083,NA
32,57,string-lengths-backwards,ifs,FALSE,10,elitize_generation_data,31,5,0.081,NA
33,57,string-lengths-backwards,ifs,FALSE,10,elitize_generation_data,32,8,0.062,NA
34,57,string-lengths-backwards,ifs,FALSE,10,elitize_generation_data,33,8,0.067,NA
35,57,string-lengths-backwards,ifs,FALSE,10,elitize_generation_data,34,7,0.072,NA
36,57,string-lengths-backwards,ifs,FALSE,10,elitize_generation_data,35,7,0.077,NA
37,57,string-lengths-backwards,ifs,FALSE,10,elitize_generation_data,36,7,0.057,NA
38,57,string-lengths-backwards,ifs,FALSE,10,elitize_generation_data,37,5,0.074,NA
39,57,string-lengths-backwards,ifs,FALSE,10,elitize_generation_data,38,7,0.066,NA
40,57,string-lengths-backwards,ifs,FALSE,10,elitize_generation_data,39,5,0.062,NA
41,57,string-lengths-backwards,ifs,FALSE,10,elitize_generation_data,40,7,0.062,NA
42,57,string-lengths-backwards,ifs,FALSE,10,elitize_generation_data,41,8,0.065,NA
43,57,string-lengths-backwards,ifs,FALSE,10,elitize_generation_data,42,6,0.062,NA
44,57,string-lengths-backwards,ifs,FALSE,10,elitize_generation_data,43,5,0.061,NA
45,57,string-lengths-backwards,ifs,FALSE,10,elitize_generation_data,44,5,0.069,NA
46,57,string-lengths-backwards,ifs,FALSE,10,elitize_generation_data,45,6,0.067,NA
47,57,string-lengths-backwards,ifs,FALSE,10,elitize_generation_data,46,6,0.072,NA
48,57,string-lengths-backwards,ifs,FALSE,10,elitize_generation_data,47,4,0.066,NA
49,57,string-lengths-backwards,ifs,FALSE,10,elitize_generation_data,48,6,0.062,NA
50,57,string-lengths-backwards,ifs,FALSE,10,elitize_generation_data,49,7,0.059,NA
51,57,string-lengths-backwards,ifs,FALSE,10,elitize_generation_data,50,6,0.064,NA
52,57,string-lengths-backwards,ifs,FALSE,10,elitize_generation_data,51,7,0.057,NA
53,57,string-lengths-backwards,ifs,FALSE,10,elitize_generation_data,52,6,0.071,NA
54,57,string-lengths-backwards,ifs,FALSE,10,elitize_generation_data,53,9,0.066,NA
55,57,string-lengths-backwards,ifs,FALSE,10,elitize_generation_data,54,5,0.061,NA
56,57,string-lengths-backwards,ifs,FALSE,10,elitize_generation_data,55,5,0.056,NA
57,57,string-lengths-backwards,ifs,FALSE,10,elitize_generation_data,56,6,0.053,NA
58,57,string-lengths-backwards,ifs,FALSE,10,elitize_generation_data,57,7,0.056,NA
59,57,string-lengths-backwards,ifs,FALSE,10,elitize_generation_data,58,6,0.063,NA
60,57,string-lengths-backwards,ifs,FALSE,10,elitize_generation_data,59,6,0.065,NA
61,57,string-lengths-backwards,ifs,FALSE,10,elitize_generation_data,60,6,0.053,NA
62,57,string-lengths-backwards,ifs,FALSE,10,elitize_generation_data,61,6,0.058,NA
63,57,string-lengths-backwards,ifs,FALSE,10,elitize_generation_data,62,5,0.051,NA
64,57,string-lengths-backwards,ifs,FALSE,10,elitize_generation_data,63,6,0.055,NA
65,57,string-lengths-backwards,ifs,FALSE,10,elitize_generation_data,64,7,0.061,NA
66,57,string-lengths-backwards,ifs,FALSE,10,elitize_generation_data,65,6,0.063,NA
67,57,string-lengths-backwards,ifs,FALSE,10,elitize_generation_data,66,4,0.062,NA
68,57,string-lengths-backwards,ifs,FALSE,10,elitize_generation_data,67,4,0.055,NA
69,57,string-lengths-backwards,ifs,FALSE,10,elitize_generation_data,68,5,0.06,NA
70,57,string-lengths-backwards,ifs,FALSE,10,elitize_generation_data,69,4,0.063,NA
71,57,string-lengths-backwards,ifs,FALSE,10,elitize_generation_data,70,8,0.061,NA
72,57,string-lengths-backwards,ifs,FALSE,10,elitize_generation_data,71,8,0.062,NA
73,57,string-lengths-backwards,ifs,FALSE,10,elitize_generation_data,72,6,0.058,NA
74,57,string-lengths-backwards,ifs,FALSE,10,elitize_generation_data,73,7,0.066,NA
75,57,string-lengths-backwards,ifs,FALSE,10,elitize_generation_data,74,5,0.063,NA
76,57,string-lengths-backwards,ifs,FALSE,10,elitize_generation_data,75,8,0.06,NA
77,57,string-lengths-backwards,ifs,FALSE,10,elitize_generation_data,76,5,0.044,NA
78,57,string-lengths-backwards,ifs,FALSE,10,elitize_generation_data,77,6,0.05,NA
79,57,string-lengths-backwards,ifs,FALSE,10,elitize_generation_data,78,8,0.062,NA
80,57,string-lengths-backwards,ifs,FALSE,10,elitize_generation_data,79,5,0.058,NA
81,57,string-lengths-backwards,ifs,FALSE,10,elitize_generation_data,80,7,0.05,NA
82,57,string-lengths-backwards,ifs,FALSE,10,elitize_generation_data,81,5,0.059,NA
83,57,string-lengths-backwards,ifs,FALSE,10,elitize_generation_data,82,5,0.055,NA
84,57,string-lengths-backwards,ifs,FALSE,10,elitize_generation_data,83,5,0.056,NA
85,57,string-lengths-backwards,ifs,FALSE,10,elitize_generation_data,84,5,0.066,NA
86,57,string-lengths-backwards,ifs,FALSE,10,elitize_generation_data,85,6,0.048,NA
87,57,string-lengths-backwards,ifs,FALSE,10,elitize_generation_data,86,8,0.056,NA
88,57,string-lengths-backwards,ifs,FALSE,10,elitize_generation_data,87,6,0.046,NA
89,57,string-lengths-backwards,ifs,FALSE,10,elitize_generation_data,88,6,0.05,NA
90,57,string-lengths-backwards,ifs,FALSE,10,elitize_generation_data,89,5,0.059,NA
91,57,string-lengths-backwards,ifs,FALSE,10,elitize_generation_data,90,6,0.047,NA
92,57,string-lengths-backwards,ifs,FALSE,10,elitize_generation_data,91,6,0.055,NA
93,57,string-lengths-backwards,ifs,FALSE,10,elitize_generation_data,92,5,0.048,NA
94,57,string-lengths-backwards,ifs,FALSE,10,elitize_generation_data,93,4,0.05,NA
95,57,string-lengths-backwards,ifs,FALSE,10,elitize_generation_data,94,5,0.05,NA
96,57,string-lengths-backwards,ifs,FALSE,10,elitize_generation_data,95,8,0.06,NA
97,57,string-lengths-backwards,ifs,FALSE,10,elitize_generation_data,96,4,0.055,NA
98,57,string-lengths-backwards,ifs,FALSE,10,elitize_generation_data,97,6,0.051,NA
99,57,string-lengths-backwards,ifs,FALSE,10,elitize_generation_data,98,4,0.047,NA
100,57,string-lengths-backwards,ifs,FALSE,10,elitize_generation_data,99,6,0.043,NA
101,57,string-lengths-backwards,ifs,FALSE,10,elitize_generation_data,100,4,0.036,NA
102,57,string-lengths-backwards,ifs,FALSE,10,elitize_generation_data,101,4,0.042,NA
103,57,string-lengths-backwards,ifs,FALSE,10,elitize_generation_data,102,4,0.049,NA
104,57,string-lengths-backwards,ifs,FALSE,10,elitize_generation_data,103,5,0.044,NA
105,57,string-lengths-backwards,ifs,FALSE,10,elitize_generation_data,104,5,0.04,NA
106,57,string-lengths-backwards,ifs,FALSE,10,elitize_generation_data,105,3,0.046,NA
107,57,string-lengths-backwards,ifs,FALSE,10,elitize_generation_data,106,8,0.044,NA
108,57,string-lengths-backwards,ifs,FALSE,10,elitize_generation_data,107,9,0.049,NA
109,57,string-lengths-backwards,ifs,FALSE,10,elitize_generation_data,108,3,0.043,NA
110,57,string-lengths-backwards,ifs,FALSE,10,elitize_generation_data,109,6,0.056,NA
111,57,string-lengths-backwards,ifs,FALSE,10,elitize_generation_data,110,5,0.041,NA
112,57,string-lengths-backwards,ifs,FALSE,10,elitize_generation_data,111,4,0.048,NA
113,57,string-lengths-backwards,ifs,FALSE,10,elitize_generation_data,112,6,0.057,NA
114,57,string-lengths-backwards,ifs,FALSE,10,elitize_generation_data,113,3,0.041,NA
115,57,string-lengths-backwards,ifs,FALSE,10,elitize_generation_data,114,6,0.044,NA
116,57,string-lengths-backwards,ifs,FALSE,10,elitize_generation_data,115,5,0.044,NA
117,57,string-lengths-backwards,ifs,FALSE,10,elitize_generation_data,116,4,0.038,NA
118,57,string-lengths-backwards,ifs,FALSE,10,elitize_generation_data,117,5,0.042,NA
119,57,string-lengths-backwards,ifs,FALSE,10,elitize_generation_data,118,5,0.05,NA
120,57,string-lengths-backwards,ifs,FALSE,10,elitize_generation_data,119,7,0.042,NA
121,57,string-lengths-backwards,ifs,FALSE,10,elitize_generation_data,120,7,0.036,NA
122,57,string-lengths-backwards,ifs,FALSE,10,elitize_generation_data,121,6,0.043,NA
123,57,string-lengths-backwards,ifs,FALSE,10,elitize_generation_data,122,5,0.046,NA
124,57,string-lengths-backwards,ifs,FALSE,10,elitize_generation_data,123,5,0.04,NA
125,57,string-lengths-backwards,ifs,FALSE,10,elitize_generation_data,124,5,0.036,NA
126,57,string-lengths-backwards,ifs,FALSE,10,elitize_generation_data,125,5,0.047,NA
127,57,string-lengths-backwards,ifs,FALSE,10,elitize_generation_data,126,3,0.046,NA
128,57,string-lengths-backwards,ifs,FALSE,10,elitize_generation_data,127,5,0.044,NA
129,57,string-lengths-backwards,ifs,FALSE,10,elitize_generation_data,128,6,0.044,NA
130,57,string-lengths-backwards,ifs,FALSE,10,elitize_generation_data,129,6,0.036,NA
131,57,string-lengths-backwards,ifs,FALSE,10,elitize_generation_data,130,4,0.036,NA
132,57,string-lengths-backwards,ifs,FALSE,10,elitize_generation_data,131,7,0.044,NA
133,57,string-lengths-backwards,ifs,FALSE,10,elitize_generation_data,132,7,0.039,NA
134,57,string-lengths-backwards,ifs,FALSE,10,elitize_generation_data,133,6,0.046,NA
135,57,string-lengths-backwards,ifs,FALSE,10,elitize_generation_data,134,4,0.034,NA
136,57,string-lengths-backwards,ifs,FALSE,10,elitize_generation_data,135,7,0.04,NA
137,57,string-lengths-backwards,ifs,FALSE,10,elitize_generation_data,136,4,0.04,NA
138,57,string-lengths-backwards,ifs,FALSE,10,elitize_generation_data,137,5,0.038,NA
139,57,string-lengths-backwards,ifs,FALSE,10,elitize_generation_data,138,5,0.04,NA
140,57,string-lengths-backwards,ifs,FALSE,10,elitize_generation_data,139,4,0.045,NA
141,57,string-lengths-backwards,ifs,FALSE,10,elitize_generation_data,140,6,0.047,NA
142,57,string-lengths-backwards,ifs,FALSE,10,elitize_generation_data,141,8,0.043,NA
143,57,string-lengths-backwards,ifs,FALSE,10,elitize_generation_data,142,5,0.043,NA
144,57,string-lengths-backwards,ifs,FALSE,10,elitize_generation_data,143,6,0.04,NA
145,57,string-lengths-backwards,ifs,FALSE,10,elitize_generation_data,144,4,0.039,NA
146,57,string-lengths-backwards,ifs,FALSE,10,elitize_generation_data,145,6,0.038,NA
147,57,string-lengths-backwards,ifs,FALSE,10,elitize_generation_data,146,3,0.036,NA
148,57,string-lengths-backwards,ifs,FALSE,10,elitize_generation_data,147,3,0.033,NA
149,57,string-lengths-backwards,ifs,FALSE,10,elitize_generation_data,148,5,0.037,NA
150,57,string-lengths-backwards,ifs,FALSE,10,elitize_generation_data,149,5,0.04,NA
151,57,string-lengths-backwards,ifs,FALSE,10,elitize_generation_data,150,8,0.04,NA
152,57,string-lengths-backwards,ifs,FALSE,10,elitize_generation_data,151,3,0.036,NA
153,57,string-lengths-backwards,ifs,FALSE,10,elitize_generation_data,152,4,0.05,NA
154,57,string-lengths-backwards,ifs,FALSE,10,elitize_generation_data,153,4,0.039,NA
155,57,string-lengths-backwards,ifs,FALSE,10,elitize_generation_data,154,3,0.036,NA
156,57,string-lengths-backwards,ifs,FALSE,10,elitize_generation_data,155,3,0.042,NA
157,57,string-lengths-backwards,ifs,FALSE,10,elitize_generation_data,156,6,0.047,NA
158,57,string-lengths-backwards,ifs,FALSE,10,elitize_generation_data,157,5,0.037,NA
159,57,string-lengths-backwards,ifs,FALSE,10,elitize_generation_data,158,5,0.04,NA
160,57,string-lengths-backwards,ifs,FALSE,10,elitize_generation_data,159,4,0.056,NA
161,57,string-lengths-backwards,ifs,FALSE,10,elitize_generation_data,160,6,0.043,NA
162,57,string-lengths-backwards,ifs,FALSE,10,elitize_generation_data,161,5,0.044,NA
163,57,string-lengths-backwards,ifs,FALSE,10,elitize_generation_data,162,4,0.037,NA
164,57,string-lengths-backwards,ifs,FALSE,10,elitize_generation_data,163,6,0.038,NA
165,57,string-lengths-backwards,ifs,FALSE,10,elitize_generation_data,164,6,0.046,NA
166,57,string-lengths-backwards,ifs,FALSE,10,elitize_generation_data,165,5,0.043,NA
167,57,string-lengths-backwards,ifs,FALSE,10,elitize_generation_data,166,6,0.043,NA
168,57,string-lengths-backwards,ifs,FALSE,10,elitize_generation_data,167,5,0.034,NA
169,57,string-lengths-backwards,ifs,FALSE,10,elitize_generation_data,168,6,0.043,NA
170,57,string-lengths-backwards,ifs,FALSE,10,elitize_generation_data,169,5,0.04,NA
171,57,string-lengths-backwards,ifs,FALSE,10,elitize_generation_data,170,5,0.039,NA
172,57,string-lengths-backwards,ifs,FALSE,10,elitize_generation_data,171,5,0.042,NA
173,57,string-lengths-backwards,ifs,FALSE,10,elitize_generation_data,172,6,0.043,NA
174,57,string-lengths-backwards,ifs,FALSE,10,elitize_generation_data,173,5,0.045,NA
175,57,string-lengths-backwards,ifs,FALSE,10,elitize_generation_data,174,5,0.047,NA
176,57,string-lengths-backwards,ifs,FALSE,10,elitize_generation_data,175,5,0.034,NA
177,57,string-lengths-backwards,ifs,FALSE,10,elitize_generation_data,176,7,0.045,NA
178,57,string-lengths-backwards,ifs,FALSE,10,elitize_generation_data,177,5,0.049,NA
179,57,string-lengths-backwards,ifs,FALSE,10,elitize_generation_data,178,4,0.047,NA
180,57,string-lengths-backwards,ifs,FALSE,10,elitize_generation_data,179,7,0.048,NA
181,57,string-lengths-backwards,ifs,FALSE,10,elitize_generation_data,180,3,0.036,NA
182,57,string-lengths-backwards,ifs,FALSE,10,elitize_generation_data,181,3,0.041,NA
183,57,string-lengths-backwards,ifs,FALSE,10,elitize_generation_data,182,5,0.051,NA
184,57,string-lengths-backwards,ifs,FALSE,10,elitize_generation_data,183,5,0.044,NA
185,57,string-lengths-backwards,ifs,FALSE,10,elitize_generation_data,184,6,0.038,NA
186,57,string-lengths-backwards,ifs,FALSE,10,elitize_generation_data,185,3,0.045,NA
187,57,string-lengths-backwards,ifs,FALSE,10,elitize_generation_data,186,6,0.049,NA
188,57,string-lengths-backwards,ifs,FALSE,10,elitize_generation_data,187,4,0.04,NA
189,57,string-lengths-backwards,ifs,FALSE,10,elitize_generation_data,188,6,0.045,NA
190,57,string-lengths-backwards,ifs,FALSE,10,elitize_generation_data,189,4,0.049,NA
191,57,string-lengths-backwards,ifs,FALSE,10,elitize_generation_data,190,4,0.038,NA
192,57,string-lengths-backwards,ifs,FALSE,10,elitize_generation_data,191,5,0.041,NA
193,57,string-lengths-backwards,ifs,FALSE,10,elitize_generation_data,192,5,0.04,NA
194,57,string-lengths-backwards,ifs,FALSE,10,elitize_generation_data,193,6,0.049,NA
195,57,string-lengths-backwards,ifs,FALSE,10,elitize_generation_data,194,5,0.036,NA
196,57,string-lengths-backwards,ifs,FALSE,10,elitize_generation_data,195,3,0.044,NA
197,57,string-lengths-backwards,ifs,FALSE,10,elitize_generation_data,196,4,0.046,NA
198,57,string-lengths-backwards,ifs,FALSE,10,elitize_generation_data,197,5,0.044,NA
199,57,string-lengths-backwards,ifs,FALSE,10,elitize_generation_data,198,4,0.036,NA
200,57,string-lengths-backwards,ifs,FALSE,10,elitize_generation_data,199,4,0.032,NA
201,57,string-lengths-backwards,ifs,FALSE,10,elitize_generation_data,200,5,0.042,NA
202,57,string-lengths-backwards,ifs,FALSE,10,elitize_generation_data,201,5,0.04,NA
203,57,string-lengths-backwards,ifs,FALSE,10,elitize_generation_data,202,4,0.046,NA
204,57,string-lengths-backwards,ifs,FALSE,10,elitize_generation_data,203,4,0.044,NA
205,57,string-lengths-backwards,ifs,FALSE,10,elitize_generation_data,204,6,0.04,NA
206,57,string-lengths-backwards,ifs,FALSE,10,elitize_generation_data,205,5,0.042,NA
207,57,string-lengths-backwards,ifs,FALSE,10,elitize_generation_data,206,4,0.039,NA
208,57,string-lengths-backwards,ifs,FALSE,10,elitize_generation_data,207,5,0.035,NA
209,57,string-lengths-backwards,ifs,FALSE,10,elitize_generation_data,208,5,0.045,NA
210,57,string-lengths-backwards,ifs,FALSE,10,elitize_generation_data,209,4,0.038,NA
211,57,string-lengths-backwards,ifs,FALSE,10,elitize_generation_data,210,7,0.043,NA
212,57,string-lengths-backwards,ifs,FALSE,10,elitize_generation_data,211,5,0.052,NA
213,57,string-lengths-backwards,ifs,FALSE,10,elitize_generation_data,212,4,0.033,NA
214,57,string-lengths-backwards,ifs,FALSE,10,elitize_generation_data,213,4,0.046,NA
215,57,string-lengths-backwards,ifs,FALSE,10,elitize_generation_data,214,4,0.035,NA
216,57,string-lengths-backwards,ifs,FALSE,10,elitize_generation_data,215,8,0.051,NA
217,57,string-lengths-backwards,ifs,FALSE,10,elitize_generation_data,216,4,0.042,NA
218,57,string-lengths-backwards,ifs,FALSE,10,elitize_generation_data,217,5,0.04,NA
219,57,string-lengths-backwards,ifs,FALSE,10,elitize_generation_data,218,7,0.055,NA
220,57,string-lengths-backwards,ifs,FALSE,10,elitize_generation_data,219,6,0.057,NA
221,57,string-lengths-backwards,ifs,FALSE,10,elitize_generation_data,220,5,0.036,NA
222,57,string-lengths-backwards,ifs,FALSE,10,elitize_generation_data,221,4,0.046,NA
223,57,string-lengths-backwards,ifs,FALSE,10,elitize_generation_data,222,4,0.036,NA
224,57,string-lengths-backwards,ifs,FALSE,10,elitize_generation_data,223,4,0.04,NA
225,57,string-lengths-backwards,ifs,FALSE,10,elitize_generation_data,224,3,0.041,NA
226,57,string-lengths-backwards,ifs,FALSE,10,elitize_generation_data,225,6,0.057,NA
227,57,string-lengths-backwards,ifs,FALSE,10,elitize_generation_data,226,3,0.043,NA
228,57,string-lengths-backwards,ifs,FALSE,10,elitize_generation_data,227,5,0.041,NA
229,57,string-lengths-backwards,ifs,FALSE,10,elitize_generation_data,228,4,0.043,NA
230,57,string-lengths-backwards,ifs,FALSE,10,elitize_generation_data,229,5,0.035,NA
231,57,string-lengths-backwards,ifs,FALSE,10,elitize_generation_data,230,5,0.044,NA
232,57,string-lengths-backwards,ifs,FALSE,10,elitize_generation_data,231,6,0.043,NA
233,57,string-lengths-backwards,ifs,FALSE,10,elitize_generation_data,232,5,0.035,NA
234,57,string-lengths-backwards,ifs,FALSE,10,elitize_generation_data,233,5,0.051,NA
235,57,string-lengths-backwards,ifs,FALSE,10,elitize_generation_data,234,3,0.031,NA
236,57,string-lengths-backwards,ifs,FALSE,10,elitize_generation_data,235,4,0.053,NA
237,57,string-lengths-backwards,ifs,FALSE,10,elitize_generation_data,236,3,0.037,NA
238,57,string-lengths-backwards,ifs,FALSE,10,elitize_generation_data,237,5,0.046,NA
239,57,string-lengths-backwards,ifs,FALSE,10,elitize_generation_data,238,5,0.042,NA
240,57,string-lengths-backwards,ifs,FALSE,10,elitize_generation_data,239,4,0.032,NA
241,57,string-lengths-backwards,ifs,FALSE,10,elitize_generation_data,240,5,0.041,NA
242,57,string-lengths-backwards,ifs,FALSE,10,elitize_generation_data,241,5,0.035,NA
243,57,string-lengths-backwards,ifs,FALSE,10,elitize_generation_data,242,4,0.039,NA
244,57,string-lengths-backwards,ifs,FALSE,10,elitize_generation_data,243,3,0.034,NA
245,57,string-lengths-backwards,ifs,FALSE,10,elitize_generation_data,244,7,0.042,NA
246,57,string-lengths-backwards,ifs,FALSE,10,elitize_generation_data,245,4,0.042,NA
247,57,string-lengths-backwards,ifs,FALSE,10,elitize_generation_data,246,4,0.032,NA
248,57,string-lengths-backwards,ifs,FALSE,10,elitize_generation_data,247,6,0.046,NA
249,57,string-lengths-backwards,ifs,FALSE,10,elitize_generation_data,248,7,0.046,NA
250,57,string-lengths-backwards,ifs,FALSE,10,elitize_generation_data,249,5,0.038,NA
251,57,string-lengths-backwards,ifs,FALSE,10,elitize_generation_data,250,3,0.04,NA
252,57,string-lengths-backwards,ifs,FALSE,10,elitize_generation_data,251,5,0.04,NA
253,57,string-lengths-backwards,ifs,FALSE,10,elitize_generation_data,252,3,0.042,NA
254,57,string-lengths-backwards,ifs,FALSE,10,elitize_generation_data,253,5,0.034,NA
255,57,string-lengths-backwards,ifs,FALSE,10,elitize_generation_data,254,3,0.039,NA
256,57,string-lengths-backwards,ifs,FALSE,10,elitize_generation_data,255,5,0.039,NA
257,57,string-lengths-backwards,ifs,FALSE,10,elitize_generation_data,256,2,0.041,NA
258,57,string-lengths-backwards,ifs,FALSE,10,elitize_generation_data,257,6,0.042,NA
259,57,string-lengths-backwards,ifs,FALSE,10,elitize_generation_data,258,4,0.035,NA
260,57,string-lengths-backwards,ifs,FALSE,10,elitize_generation_data,259,4,0.036,NA
261,57,string-lengths-backwards,ifs,FALSE,10,elitize_generation_data,260,4,0.043,NA
262,57,string-lengths-backwards,ifs,FALSE,10,elitize_generation_data,261,4,0.047,NA
263,57,string-lengths-backwards,ifs,FALSE,10,elitize_generation_data,262,6,0.038,NA
264,57,string-lengths-backwards,ifs,FALSE,10,elitize_generation_data,263,4,0.035,NA
265,57,string-lengths-backwards,ifs,FALSE,10,elitize_generation_data,264,3,0.029,NA
266,57,string-lengths-backwards,ifs,FALSE,10,elitize_generation_data,265,4,0.029,NA
267,57,string-lengths-backwards,ifs,FALSE,10,elitize_generation_data,266,4,0.043,NA
268,57,string-lengths-backwards,ifs,FALSE,10,elitize_generation_data,267,5,0.034,NA
269,57,string-lengths-backwards,ifs,FALSE,10,elitize_generation_data,268,6,0.041,NA
270,57,string-lengths-backwards,ifs,FALSE,10,elitize_generation_data,269,4,0.035,NA
271,57,string-lengths-backwards,ifs,FALSE,10,elitize_generation_data,270,4,0.042,NA
272,57,string-lengths-backwards,ifs,FALSE,10,elitize_generation_data,271,6,0.039,NA
273,57,string-lengths-backwards,ifs,FALSE,10,elitize_generation_data,272,6,0.037,NA
274,57,string-lengths-backwards,ifs,FALSE,10,elitize_generation_data,273,3,0.037,NA
275,57,string-lengths-backwards,ifs,FALSE,10,elitize_generation_data,274,4,0.031,NA
276,57,string-lengths-backwards,ifs,FALSE,10,elitize_generation_data,275,4,0.043,NA
277,57,string-lengths-backwards,ifs,FALSE,10,elitize_generation_data,276,3,0.035,NA
278,57,string-lengths-backwards,ifs,FALSE,10,elitize_generation_data,277,4,0.027,NA
279,57,string-lengths-backwards,ifs,FALSE,10,elitize_generation_data,278,6,0.041,NA
280,57,string-lengths-backwards,ifs,FALSE,10,elitize_generation_data,279,5,0.041,NA
281,57,string-lengths-backwards,ifs,FALSE,10,elitize_generation_data,280,4,0.041,NA
282,57,string-lengths-backwards,ifs,FALSE,10,elitize_generation_data,281,5,0.047,NA
283,57,string-lengths-backwards,ifs,FALSE,10,elitize_generation_data,282,4,0.037,NA
284,57,string-lengths-backwards,ifs,FALSE,10,elitize_generation_data,283,4,0.036,NA
285,57,string-lengths-backwards,ifs,FALSE,10,elitize_generation_data,284,6,0.044,NA
286,57,string-lengths-backwards,ifs,FALSE,10,elitize_generation_data,285,3,0.041,NA
287,57,string-lengths-backwards,ifs,FALSE,10,elitize_generation_data,286,4,0.037,NA
288,57,string-lengths-backwards,ifs,FALSE,10,elitize_generation_data,287,4,0.041,NA
289,57,string-lengths-backwards,ifs,FALSE,10,elitize_generation_data,288,6,0.047,NA
290,57,string-lengths-backwards,ifs,FALSE,10,elitize_generation_data,289,4,0.048,NA
291,57,string-lengths-backwards,ifs,FALSE,10,elitize_generation_data,290,5,0.041,NA
292,57,string-lengths-backwards,ifs,FALSE,10,elitize_generation_data,291,6,0.04,NA
293,57,string-lengths-backwards,ifs,FALSE,10,elitize_generation_data,292,3,0.043,NA
294,57,string-lengths-backwards,ifs,FALSE,10,elitize_generation_data,293,5,0.041,NA
295,57,string-lengths-backwards,ifs,FALSE,10,elitize_generation_data,294,4,0.052,NA
296,57,string-lengths-backwards,ifs,FALSE,10,elitize_generation_data,295,5,0.03,NA
297,57,string-lengths-backwards,ifs,FALSE,10,elitize_generation_data,296,8,0.046,NA
298,57,string-lengths-backwards,ifs,FALSE,10,elitize_generation_data,297,2,0.034,NA
299,57,string-lengths-backwards,ifs,FALSE,10,elitize_generation_data,298,4,0.046,NA
300,57,string-lengths-backwards,ifs,FALSE,10,elitize_generation_data,299,3,0.036,NA
301,57,string-lengths-backwards,ifs,FALSE,10,elitize_generation_data,300,5,0.041,NA
