,run.num,problem,treatment,succeeded,height,normalization.function,generation,cluster.count,error.diversity,success.generation
1,25,string-lengths-backwards,ifs,FALSE,10,elitize_generation_data,0,7,0.262,NA
2,25,string-lengths-backwards,ifs,FALSE,10,elitize_generation_data,1,7,0.157,NA
3,25,string-lengths-backwards,ifs,FALSE,10,elitize_generation_data,2,8,0.226,NA
4,25,string-lengths-backwards,ifs,FALSE,10,elitize_generation_data,3,12,0.132,NA
5,25,string-lengths-backwards,ifs,FALSE,10,elitize_generation_data,4,10,0.044,NA
6,25,string-lengths-backwards,ifs,FALSE,10,elitize_generation_data,5,12,0.041,NA
7,25,string-lengths-backwards,ifs,FALSE,10,elitize_generation_data,6,14,0.087,NA
8,25,string-lengths-backwards,ifs,FALSE,10,elitize_generation_data,7,17,0.16,NA
9,25,string-lengths-backwards,ifs,FALSE,10,elitize_generation_data,8,17,0.182,NA
10,25,string-lengths-backwards,ifs,FALSE,10,elitize_generation_data,9,16,0.187,NA
11,25,string-lengths-backwards,ifs,FALSE,10,elitize_generation_data,10,15,0.219,NA
12,25,string-lengths-backwards,ifs,FALSE,10,elitize_generation_data,11,22,0.232,NA
13,25,string-lengths-backwards,ifs,FALSE,10,elitize_generation_data,12,18,0.225,NA
14,25,string-lengths-backwards,ifs,FALSE,10,elitize_generation_data,13,16,0.283,NA
15,25,string-lengths-backwards,ifs,FALSE,10,elitize_generation_data,14,21,0.286,NA
16,25,string-lengths-backwards,ifs,FALSE,10,elitize_generation_data,15,19,0.243,NA
17,25,string-lengths-backwards,ifs,FALSE,10,elitize_generation_data,16,15,0.252,NA
18,25,string-lengths-backwards,ifs,FALSE,10,elitize_generation_data,17,2,0.292,NA
19,25,string-lengths-backwards,ifs,FALSE,10,elitize_generation_data,18,5,0.306,NA
20,25,string-lengths-backwards,ifs,FALSE,10,elitize_generation_data,19,6,0.324,NA
21,25,string-lengths-backwards,ifs,FALSE,10,elitize_generation_data,20,7,0.39,NA
22,25,string-lengths-backwards,ifs,FALSE,10,elitize_generation_data,21,6,0.437,NA
23,25,string-lengths-backwards,ifs,FALSE,10,elitize_generation_data,22,9,0.374,NA
24,25,string-lengths-backwards,ifs,FALSE,10,elitize_generation_data,23,7,0.304,NA
25,25,string-lengths-backwards,ifs,FALSE,10,elitize_generation_data,24,5,0.325,NA
26,25,string-lengths-backwards,ifs,FALSE,10,elitize_generation_data,25,6,0.351,NA
27,25,string-lengths-backwards,ifs,FALSE,10,elitize_generation_data,26,6,0.329,NA
28,25,string-lengths-backwards,ifs,FALSE,10,elitize_generation_data,27,4,0.292,NA
29,25,string-lengths-backwards,ifs,FALSE,10,elitize_generation_data,28,10,0.274,NA
30,25,string-lengths-backwards,ifs,FALSE,10,elitize_generation_data,29,6,0.287,NA
31,25,string-lengths-backwards,ifs,FALSE,10,elitize_generation_data,30,5,0.321,NA
32,25,string-lengths-backwards,ifs,FALSE,10,elitize_generation_data,31,8,0.33,NA
33,25,string-lengths-backwards,ifs,FALSE,10,elitize_generation_data,32,8,0.28,NA
34,25,string-lengths-backwards,ifs,FALSE,10,elitize_generation_data,33,9,0.265,NA
35,25,string-lengths-backwards,ifs,FALSE,10,elitize_generation_data,34,5,0.263,NA
36,25,string-lengths-backwards,ifs,FALSE,10,elitize_generation_data,35,10,0.287,NA
37,25,string-lengths-backwards,ifs,FALSE,10,elitize_generation_data,36,11,0.264,NA
38,25,string-lengths-backwards,ifs,FALSE,10,elitize_generation_data,37,9,0.305,NA
39,25,string-lengths-backwards,ifs,FALSE,10,elitize_generation_data,38,8,0.297,NA
40,25,string-lengths-backwards,ifs,FALSE,10,elitize_generation_data,39,7,0.312,NA
41,25,string-lengths-backwards,ifs,FALSE,10,elitize_generation_data,40,9,0.317,NA
42,25,string-lengths-backwards,ifs,FALSE,10,elitize_generation_data,41,6,0.307,NA
43,25,string-lengths-backwards,ifs,FALSE,10,elitize_generation_data,42,9,0.295,NA
44,25,string-lengths-backwards,ifs,FALSE,10,elitize_generation_data,43,7,0.305,NA
45,25,string-lengths-backwards,ifs,FALSE,10,elitize_generation_data,44,9,0.294,NA
46,25,string-lengths-backwards,ifs,FALSE,10,elitize_generation_data,45,7,0.3,NA
47,25,string-lengths-backwards,ifs,FALSE,10,elitize_generation_data,46,6,0.275,NA
48,25,string-lengths-backwards,ifs,FALSE,10,elitize_generation_data,47,9,0.267,NA
49,25,string-lengths-backwards,ifs,FALSE,10,elitize_generation_data,48,8,0.282,NA
50,25,string-lengths-backwards,ifs,FALSE,10,elitize_generation_data,49,8,0.274,NA
51,25,string-lengths-backwards,ifs,FALSE,10,elitize_generation_data,50,7,0.287,NA
52,25,string-lengths-backwards,ifs,FALSE,10,elitize_generation_data,51,7,0.311,NA
53,25,string-lengths-backwards,ifs,FALSE,10,elitize_generation_data,52,5,0.326,NA
54,25,string-lengths-backwards,ifs,FALSE,10,elitize_generation_data,53,6,0.316,NA
55,25,string-lengths-backwards,ifs,FALSE,10,elitize_generation_data,54,10,0.282,NA
56,25,string-lengths-backwards,ifs,FALSE,10,elitize_generation_data,55,6,0.289,NA
57,25,string-lengths-backwards,ifs,FALSE,10,elitize_generation_data,56,8,0.301,NA
58,25,string-lengths-backwards,ifs,FALSE,10,elitize_generation_data,57,9,0.311,NA
59,25,string-lengths-backwards,ifs,FALSE,10,elitize_generation_data,58,6,0.31,NA
60,25,string-lengths-backwards,ifs,FALSE,10,elitize_generation_data,59,9,0.321,NA
61,25,string-lengths-backwards,ifs,FALSE,10,elitize_generation_data,60,8,0.296,NA
62,25,string-lengths-backwards,ifs,FALSE,10,elitize_generation_data,61,7,0.333,NA
63,25,string-lengths-backwards,ifs,FALSE,10,elitize_generation_data,62,11,0.311,NA
64,25,string-lengths-backwards,ifs,FALSE,10,elitize_generation_data,63,9,0.334,NA
65,25,string-lengths-backwards,ifs,FALSE,10,elitize_generation_data,64,7,0.35,NA
66,25,string-lengths-backwards,ifs,FALSE,10,elitize_generation_data,65,8,0.353,NA
67,25,string-lengths-backwards,ifs,FALSE,10,elitize_generation_data,66,4,0.363,NA
68,25,string-lengths-backwards,ifs,FALSE,10,elitize_generation_data,67,7,0.349,NA
69,25,string-lengths-backwards,ifs,FALSE,10,elitize_generation_data,68,5,0.37,NA
70,25,string-lengths-backwards,ifs,FALSE,10,elitize_generation_data,69,6,0.393,NA
71,25,string-lengths-backwards,ifs,FALSE,10,elitize_generation_data,70,4,0.369,NA
72,25,string-lengths-backwards,ifs,FALSE,10,elitize_generation_data,71,4,0.38,NA
73,25,string-lengths-backwards,ifs,FALSE,10,elitize_generation_data,72,6,0.335,NA
74,25,string-lengths-backwards,ifs,FALSE,10,elitize_generation_data,73,3,0.323,NA
75,25,string-lengths-backwards,ifs,FALSE,10,elitize_generation_data,74,4,0.3,NA
76,25,string-lengths-backwards,ifs,FALSE,10,elitize_generation_data,75,4,0.33,NA
77,25,string-lengths-backwards,ifs,FALSE,10,elitize_generation_data,76,4,0.331,NA
78,25,string-lengths-backwards,ifs,FALSE,10,elitize_generation_data,77,3,0.339,NA
79,25,string-lengths-backwards,ifs,FALSE,10,elitize_generation_data,78,3,0.287,NA
80,25,string-lengths-backwards,ifs,FALSE,10,elitize_generation_data,79,8,0.204,NA
81,25,string-lengths-backwards,ifs,FALSE,10,elitize_generation_data,80,6,0.199,NA
82,25,string-lengths-backwards,ifs,FALSE,10,elitize_generation_data,81,5,0.221,NA
83,25,string-lengths-backwards,ifs,FALSE,10,elitize_generation_data,82,9,0.24,NA
84,25,string-lengths-backwards,ifs,FALSE,10,elitize_generation_data,83,7,0.256,NA
85,25,string-lengths-backwards,ifs,FALSE,10,elitize_generation_data,84,6,0.237,NA
86,25,string-lengths-backwards,ifs,FALSE,10,elitize_generation_data,85,5,0.271,NA
87,25,string-lengths-backwards,ifs,FALSE,10,elitize_generation_data,86,5,0.267,NA
88,25,string-lengths-backwards,ifs,FALSE,10,elitize_generation_data,87,4,0.27,NA
89,25,string-lengths-backwards,ifs,FALSE,10,elitize_generation_data,88,5,0.283,NA
90,25,string-lengths-backwards,ifs,FALSE,10,elitize_generation_data,89,2,0.292,NA
91,25,string-lengths-backwards,ifs,FALSE,10,elitize_generation_data,90,3,0.269,NA
92,25,string-lengths-backwards,ifs,FALSE,10,elitize_generation_data,91,4,0.267,NA
93,25,string-lengths-backwards,ifs,FALSE,10,elitize_generation_data,92,6,0.266,NA
94,25,string-lengths-backwards,ifs,FALSE,10,elitize_generation_data,93,2,0.237,NA
95,25,string-lengths-backwards,ifs,FALSE,10,elitize_generation_data,94,3,0.29,NA
96,25,string-lengths-backwards,ifs,FALSE,10,elitize_generation_data,95,3,0.302,NA
97,25,string-lengths-backwards,ifs,FALSE,10,elitize_generation_data,96,5,0.267,NA
98,25,string-lengths-backwards,ifs,FALSE,10,elitize_generation_data,97,1,0.262,NA
99,25,string-lengths-backwards,ifs,FALSE,10,elitize_generation_data,98,2,0.283,NA
100,25,string-lengths-backwards,ifs,FALSE,10,elitize_generation_data,99,3,0.256,NA
101,25,string-lengths-backwards,ifs,FALSE,10,elitize_generation_data,100,2,0.285,NA
102,25,string-lengths-backwards,ifs,FALSE,10,elitize_generation_data,101,2,0.262,NA
103,25,string-lengths-backwards,ifs,FALSE,10,elitize_generation_data,102,3,0.257,NA
104,25,string-lengths-backwards,ifs,FALSE,10,elitize_generation_data,103,1,0.274,NA
105,25,string-lengths-backwards,ifs,FALSE,10,elitize_generation_data,104,3,0.281,NA
106,25,string-lengths-backwards,ifs,FALSE,10,elitize_generation_data,105,2,0.269,NA
107,25,string-lengths-backwards,ifs,FALSE,10,elitize_generation_data,106,2,0.286,NA
108,25,string-lengths-backwards,ifs,FALSE,10,elitize_generation_data,107,2,0.26,NA
109,25,string-lengths-backwards,ifs,FALSE,10,elitize_generation_data,108,2,0.288,NA
110,25,string-lengths-backwards,ifs,FALSE,10,elitize_generation_data,109,4,0.249,NA
111,25,string-lengths-backwards,ifs,FALSE,10,elitize_generation_data,110,4,0.254,NA
112,25,string-lengths-backwards,ifs,FALSE,10,elitize_generation_data,111,1,0.256,NA
113,25,string-lengths-backwards,ifs,FALSE,10,elitize_generation_data,112,1,0.286,NA
114,25,string-lengths-backwards,ifs,FALSE,10,elitize_generation_data,113,3,0.277,NA
115,25,string-lengths-backwards,ifs,FALSE,10,elitize_generation_data,114,1,0.275,NA
116,25,string-lengths-backwards,ifs,FALSE,10,elitize_generation_data,115,2,0.253,NA
117,25,string-lengths-backwards,ifs,FALSE,10,elitize_generation_data,116,1,0.284,NA
118,25,string-lengths-backwards,ifs,FALSE,10,elitize_generation_data,117,3,0.295,NA
119,25,string-lengths-backwards,ifs,FALSE,10,elitize_generation_data,118,1,0.269,NA
120,25,string-lengths-backwards,ifs,FALSE,10,elitize_generation_data,119,2,0.26,NA
121,25,string-lengths-backwards,ifs,FALSE,10,elitize_generation_data,120,3,0.263,NA
122,25,string-lengths-backwards,ifs,FALSE,10,elitize_generation_data,121,1,0.26,NA
123,25,string-lengths-backwards,ifs,FALSE,10,elitize_generation_data,122,2,0.269,NA
124,25,string-lengths-backwards,ifs,FALSE,10,elitize_generation_data,123,1,0.273,NA
125,25,string-lengths-backwards,ifs,FALSE,10,elitize_generation_data,124,3,0.259,NA
126,25,string-lengths-backwards,ifs,FALSE,10,elitize_generation_data,125,1,0.287,NA
127,25,string-lengths-backwards,ifs,FALSE,10,elitize_generation_data,126,2,0.274,NA
128,25,string-lengths-backwards,ifs,FALSE,10,elitize_generation_data,127,2,0.263,NA
129,25,string-lengths-backwards,ifs,FALSE,10,elitize_generation_data,128,3,0.281,NA
130,25,string-lengths-backwards,ifs,FALSE,10,elitize_generation_data,129,4,0.26,NA
131,25,string-lengths-backwards,ifs,FALSE,10,elitize_generation_data,130,5,0.248,NA
132,25,string-lengths-backwards,ifs,FALSE,10,elitize_generation_data,131,2,0.265,NA
133,25,string-lengths-backwards,ifs,FALSE,10,elitize_generation_data,132,4,0.272,NA
134,25,string-lengths-backwards,ifs,FALSE,10,elitize_generation_data,133,1,0.278,NA
135,25,string-lengths-backwards,ifs,FALSE,10,elitize_generation_data,134,1,0.298,NA
136,25,string-lengths-backwards,ifs,FALSE,10,elitize_generation_data,135,1,0.297,NA
137,25,string-lengths-backwards,ifs,FALSE,10,elitize_generation_data,136,3,0.275,NA
138,25,string-lengths-backwards,ifs,FALSE,10,elitize_generation_data,137,1,0.257,NA
139,25,string-lengths-backwards,ifs,FALSE,10,elitize_generation_data,138,3,0.283,NA
140,25,string-lengths-backwards,ifs,FALSE,10,elitize_generation_data,139,2,0.267,NA
141,25,string-lengths-backwards,ifs,FALSE,10,elitize_generation_data,140,7,0.285,NA
142,25,string-lengths-backwards,ifs,FALSE,10,elitize_generation_data,141,1,0.277,NA
143,25,string-lengths-backwards,ifs,FALSE,10,elitize_generation_data,142,3,0.294,NA
144,25,string-lengths-backwards,ifs,FALSE,10,elitize_generation_data,143,1,0.267,NA
145,25,string-lengths-backwards,ifs,FALSE,10,elitize_generation_data,144,1,0.288,NA
146,25,string-lengths-backwards,ifs,FALSE,10,elitize_generation_data,145,2,0.262,NA
147,25,string-lengths-backwards,ifs,FALSE,10,elitize_generation_data,146,5,0.279,NA
148,25,string-lengths-backwards,ifs,FALSE,10,elitize_generation_data,147,2,0.294,NA
149,25,string-lengths-backwards,ifs,FALSE,10,elitize_generation_data,148,1,0.309,NA
150,25,string-lengths-backwards,ifs,FALSE,10,elitize_generation_data,149,1,0.309,NA
151,25,string-lengths-backwards,ifs,FALSE,10,elitize_generation_data,150,10,0.306,NA
152,25,string-lengths-backwards,ifs,FALSE,10,elitize_generation_data,151,2,0.275,NA
153,25,string-lengths-backwards,ifs,FALSE,10,elitize_generation_data,152,3,0.3,NA
154,25,string-lengths-backwards,ifs,FALSE,10,elitize_generation_data,153,2,0.312,NA
155,25,string-lengths-backwards,ifs,FALSE,10,elitize_generation_data,154,2,0.304,NA
156,25,string-lengths-backwards,ifs,FALSE,10,elitize_generation_data,155,1,0.336,NA
157,25,string-lengths-backwards,ifs,FALSE,10,elitize_generation_data,156,3,0.309,NA
158,25,string-lengths-backwards,ifs,FALSE,10,elitize_generation_data,157,3,0.292,NA
159,25,string-lengths-backwards,ifs,FALSE,10,elitize_generation_data,158,3,0.312,NA
160,25,string-lengths-backwards,ifs,FALSE,10,elitize_generation_data,159,5,0.286,NA
161,25,string-lengths-backwards,ifs,FALSE,10,elitize_generation_data,160,2,0.303,NA
162,25,string-lengths-backwards,ifs,FALSE,10,elitize_generation_data,161,1,0.296,NA
163,25,string-lengths-backwards,ifs,FALSE,10,elitize_generation_data,162,4,0.296,NA
164,25,string-lengths-backwards,ifs,FALSE,10,elitize_generation_data,163,2,0.308,NA
165,25,string-lengths-backwards,ifs,FALSE,10,elitize_generation_data,164,1,0.314,NA
166,25,string-lengths-backwards,ifs,FALSE,10,elitize_generation_data,165,2,0.322,NA
167,25,string-lengths-backwards,ifs,FALSE,10,elitize_generation_data,166,4,0.289,NA
168,25,string-lengths-backwards,ifs,FALSE,10,elitize_generation_data,167,1,0.305,NA
169,25,string-lengths-backwards,ifs,FALSE,10,elitize_generation_data,168,1,0.315,NA
170,25,string-lengths-backwards,ifs,FALSE,10,elitize_generation_data,169,3,0.299,NA
171,25,string-lengths-backwards,ifs,FALSE,10,elitize_generation_data,170,2,0.282,NA
172,25,string-lengths-backwards,ifs,FALSE,10,elitize_generation_data,171,3,0.285,NA
173,25,string-lengths-backwards,ifs,FALSE,10,elitize_generation_data,172,2,0.318,NA
174,25,string-lengths-backwards,ifs,FALSE,10,elitize_generation_data,173,1,0.322,NA
175,25,string-lengths-backwards,ifs,FALSE,10,elitize_generation_data,174,3,0.321,NA
176,25,string-lengths-backwards,ifs,FALSE,10,elitize_generation_data,175,1,0.314,NA
177,25,string-lengths-backwards,ifs,FALSE,10,elitize_generation_data,176,6,0.334,NA
178,25,string-lengths-backwards,ifs,FALSE,10,elitize_generation_data,177,2,0.318,NA
179,25,string-lengths-backwards,ifs,FALSE,10,elitize_generation_data,178,5,0.351,NA
180,25,string-lengths-backwards,ifs,FALSE,10,elitize_generation_data,179,6,0.334,NA
181,25,string-lengths-backwards,ifs,FALSE,10,elitize_generation_data,180,6,0.343,NA
182,25,string-lengths-backwards,ifs,FALSE,10,elitize_generation_data,181,3,0.352,NA
183,25,string-lengths-backwards,ifs,FALSE,10,elitize_generation_data,182,1,0.32,NA
184,25,string-lengths-backwards,ifs,FALSE,10,elitize_generation_data,183,5,0.333,NA
185,25,string-lengths-backwards,ifs,FALSE,10,elitize_generation_data,184,4,0.322,NA
186,25,string-lengths-backwards,ifs,FALSE,10,elitize_generation_data,185,1,0.321,NA
187,25,string-lengths-backwards,ifs,FALSE,10,elitize_generation_data,186,3,0.332,NA
188,25,string-lengths-backwards,ifs,FALSE,10,elitize_generation_data,187,1,0.318,NA
189,25,string-lengths-backwards,ifs,FALSE,10,elitize_generation_data,188,1,0.341,NA
190,25,string-lengths-backwards,ifs,FALSE,10,elitize_generation_data,189,2,0.31,NA
191,25,string-lengths-backwards,ifs,FALSE,10,elitize_generation_data,190,1,0.319,NA
192,25,string-lengths-backwards,ifs,FALSE,10,elitize_generation_data,191,1,0.316,NA
193,25,string-lengths-backwards,ifs,FALSE,10,elitize_generation_data,192,2,0.307,NA
194,25,string-lengths-backwards,ifs,FALSE,10,elitize_generation_data,193,1,0.338,NA
195,25,string-lengths-backwards,ifs,FALSE,10,elitize_generation_data,194,1,0.327,NA
196,25,string-lengths-backwards,ifs,FALSE,10,elitize_generation_data,195,1,0.332,NA
197,25,string-lengths-backwards,ifs,FALSE,10,elitize_generation_data,196,1,0.323,NA
198,25,string-lengths-backwards,ifs,FALSE,10,elitize_generation_data,197,1,0.348,NA
199,25,string-lengths-backwards,ifs,FALSE,10,elitize_generation_data,198,1,0.35,NA
200,25,string-lengths-backwards,ifs,FALSE,10,elitize_generation_data,199,1,0.342,NA
201,25,string-lengths-backwards,ifs,FALSE,10,elitize_generation_data,200,3,0.339,NA
202,25,string-lengths-backwards,ifs,FALSE,10,elitize_generation_data,201,1,0.352,NA
203,25,string-lengths-backwards,ifs,FALSE,10,elitize_generation_data,202,1,0.328,NA
204,25,string-lengths-backwards,ifs,FALSE,10,elitize_generation_data,203,3,0.332,NA
205,25,string-lengths-backwards,ifs,FALSE,10,elitize_generation_data,204,1,0.317,NA
206,25,string-lengths-backwards,ifs,FALSE,10,elitize_generation_data,205,1,0.343,NA
207,25,string-lengths-backwards,ifs,FALSE,10,elitize_generation_data,206,1,0.353,NA
208,25,string-lengths-backwards,ifs,FALSE,10,elitize_generation_data,207,1,0.315,NA
209,25,string-lengths-backwards,ifs,FALSE,10,elitize_generation_data,208,2,0.344,NA
210,25,string-lengths-backwards,ifs,FALSE,10,elitize_generation_data,209,2,0.314,NA
211,25,string-lengths-backwards,ifs,FALSE,10,elitize_generation_data,210,1,0.337,NA
212,25,string-lengths-backwards,ifs,FALSE,10,elitize_generation_data,211,2,0.332,NA
213,25,string-lengths-backwards,ifs,FALSE,10,elitize_generation_data,212,1,0.328,NA
214,25,string-lengths-backwards,ifs,FALSE,10,elitize_generation_data,213,3,0.336,NA
215,25,string-lengths-backwards,ifs,FALSE,10,elitize_generation_data,214,1,0.336,NA
216,25,string-lengths-backwards,ifs,FALSE,10,elitize_generation_data,215,1,0.325,NA
217,25,string-lengths-backwards,ifs,FALSE,10,elitize_generation_data,216,2,0.34,NA
218,25,string-lengths-backwards,ifs,FALSE,10,elitize_generation_data,217,2,0.339,NA
219,25,string-lengths-backwards,ifs,FALSE,10,elitize_generation_data,218,1,0.318,NA
220,25,string-lengths-backwards,ifs,FALSE,10,elitize_generation_data,219,1,0.328,NA
221,25,string-lengths-backwards,ifs,FALSE,10,elitize_generation_data,220,3,0.316,NA
222,25,string-lengths-backwards,ifs,FALSE,10,elitize_generation_data,221,2,0.322,NA
223,25,string-lengths-backwards,ifs,FALSE,10,elitize_generation_data,222,1,0.325,NA
224,25,string-lengths-backwards,ifs,FALSE,10,elitize_generation_data,223,2,0.337,NA
225,25,string-lengths-backwards,ifs,FALSE,10,elitize_generation_data,224,2,0.335,NA
226,25,string-lengths-backwards,ifs,FALSE,10,elitize_generation_data,225,1,0.33,NA
227,25,string-lengths-backwards,ifs,FALSE,10,elitize_generation_data,226,1,0.341,NA
228,25,string-lengths-backwards,ifs,FALSE,10,elitize_generation_data,227,6,0.325,NA
229,25,string-lengths-backwards,ifs,FALSE,10,elitize_generation_data,228,4,0.325,NA
230,25,string-lengths-backwards,ifs,FALSE,10,elitize_generation_data,229,3,0.335,NA
231,25,string-lengths-backwards,ifs,FALSE,10,elitize_generation_data,230,2,0.341,NA
232,25,string-lengths-backwards,ifs,FALSE,10,elitize_generation_data,231,2,0.334,NA
233,25,string-lengths-backwards,ifs,FALSE,10,elitize_generation_data,232,2,0.32,NA
234,25,string-lengths-backwards,ifs,FALSE,10,elitize_generation_data,233,1,0.325,NA
235,25,string-lengths-backwards,ifs,FALSE,10,elitize_generation_data,234,1,0.338,NA
236,25,string-lengths-backwards,ifs,FALSE,10,elitize_generation_data,235,2,0.334,NA
237,25,string-lengths-backwards,ifs,FALSE,10,elitize_generation_data,236,2,0.334,NA
238,25,string-lengths-backwards,ifs,FALSE,10,elitize_generation_data,237,3,0.323,NA
239,25,string-lengths-backwards,ifs,FALSE,10,elitize_generation_data,238,1,0.327,NA
240,25,string-lengths-backwards,ifs,FALSE,10,elitize_generation_data,239,3,0.331,NA
241,25,string-lengths-backwards,ifs,FALSE,10,elitize_generation_data,240,2,0.341,NA
242,25,string-lengths-backwards,ifs,FALSE,10,elitize_generation_data,241,1,0.332,NA
243,25,string-lengths-backwards,ifs,FALSE,10,elitize_generation_data,242,1,0.335,NA
244,25,string-lengths-backwards,ifs,FALSE,10,elitize_generation_data,243,2,0.346,NA
245,25,string-lengths-backwards,ifs,FALSE,10,elitize_generation_data,244,2,0.348,NA
246,25,string-lengths-backwards,ifs,FALSE,10,elitize_generation_data,245,3,0.34,NA
247,25,string-lengths-backwards,ifs,FALSE,10,elitize_generation_data,246,2,0.351,NA
248,25,string-lengths-backwards,ifs,FALSE,10,elitize_generation_data,247,4,0.365,NA
249,25,string-lengths-backwards,ifs,FALSE,10,elitize_generation_data,248,1,0.336,NA
250,25,string-lengths-backwards,ifs,FALSE,10,elitize_generation_data,249,3,0.335,NA
251,25,string-lengths-backwards,ifs,FALSE,10,elitize_generation_data,250,2,0.336,NA
252,25,string-lengths-backwards,ifs,FALSE,10,elitize_generation_data,251,2,0.344,NA
253,25,string-lengths-backwards,ifs,FALSE,10,elitize_generation_data,252,2,0.345,NA
254,25,string-lengths-backwards,ifs,FALSE,10,elitize_generation_data,253,1,0.353,NA
255,25,string-lengths-backwards,ifs,FALSE,10,elitize_generation_data,254,2,0.336,NA
256,25,string-lengths-backwards,ifs,FALSE,10,elitize_generation_data,255,2,0.367,NA
257,25,string-lengths-backwards,ifs,FALSE,10,elitize_generation_data,256,1,0.328,NA
258,25,string-lengths-backwards,ifs,FALSE,10,elitize_generation_data,257,2,0.344,NA
259,25,string-lengths-backwards,ifs,FALSE,10,elitize_generation_data,258,2,0.327,NA
260,25,string-lengths-backwards,ifs,FALSE,10,elitize_generation_data,259,1,0.336,NA
261,25,string-lengths-backwards,ifs,FALSE,10,elitize_generation_data,260,5,0.313,NA
262,25,string-lengths-backwards,ifs,FALSE,10,elitize_generation_data,261,1,0.343,NA
263,25,string-lengths-backwards,ifs,FALSE,10,elitize_generation_data,262,3,0.315,NA
264,25,string-lengths-backwards,ifs,FALSE,10,elitize_generation_data,263,1,0.364,NA
265,25,string-lengths-backwards,ifs,FALSE,10,elitize_generation_data,264,3,0.354,NA
266,25,string-lengths-backwards,ifs,FALSE,10,elitize_generation_data,265,3,0.353,NA
267,25,string-lengths-backwards,ifs,FALSE,10,elitize_generation_data,266,4,0.348,NA
268,25,string-lengths-backwards,ifs,FALSE,10,elitize_generation_data,267,2,0.358,NA
269,25,string-lengths-backwards,ifs,FALSE,10,elitize_generation_data,268,1,0.337,NA
270,25,string-lengths-backwards,ifs,FALSE,10,elitize_generation_data,269,1,0.337,NA
271,25,string-lengths-backwards,ifs,FALSE,10,elitize_generation_data,270,2,0.327,NA
272,25,string-lengths-backwards,ifs,FALSE,10,elitize_generation_data,271,2,0.342,NA
273,25,string-lengths-backwards,ifs,FALSE,10,elitize_generation_data,272,5,0.316,NA
274,25,string-lengths-backwards,ifs,FALSE,10,elitize_generation_data,273,1,0.333,NA
275,25,string-lengths-backwards,ifs,FALSE,10,elitize_generation_data,274,1,0.35,NA
276,25,string-lengths-backwards,ifs,FALSE,10,elitize_generation_data,275,5,0.334,NA
277,25,string-lengths-backwards,ifs,FALSE,10,elitize_generation_data,276,3,0.313,NA
278,25,string-lengths-backwards,ifs,FALSE,10,elitize_generation_data,277,2,0.327,NA
279,25,string-lengths-backwards,ifs,FALSE,10,elitize_generation_data,278,5,0.314,NA
280,25,string-lengths-backwards,ifs,FALSE,10,elitize_generation_data,279,2,0.302,NA
281,25,string-lengths-backwards,ifs,FALSE,10,elitize_generation_data,280,4,0.325,NA
282,25,string-lengths-backwards,ifs,FALSE,10,elitize_generation_data,281,2,0.332,NA
283,25,string-lengths-backwards,ifs,FALSE,10,elitize_generation_data,282,3,0.323,NA
284,25,string-lengths-backwards,ifs,FALSE,10,elitize_generation_data,283,1,0.322,NA
285,25,string-lengths-backwards,ifs,FALSE,10,elitize_generation_data,284,1,0.333,NA
286,25,string-lengths-backwards,ifs,FALSE,10,elitize_generation_data,285,1,0.341,NA
287,25,string-lengths-backwards,ifs,FALSE,10,elitize_generation_data,286,2,0.305,NA
288,25,string-lengths-backwards,ifs,FALSE,10,elitize_generation_data,287,3,0.316,NA
289,25,string-lengths-backwards,ifs,FALSE,10,elitize_generation_data,288,4,0.311,NA
290,25,string-lengths-backwards,ifs,FALSE,10,elitize_generation_data,289,1,0.318,NA
291,25,string-lengths-backwards,ifs,FALSE,10,elitize_generation_data,290,3,0.3,NA
292,25,string-lengths-backwards,ifs,FALSE,10,elitize_generation_data,291,1,0.326,NA
293,25,string-lengths-backwards,ifs,FALSE,10,elitize_generation_data,292,1,0.337,NA
294,25,string-lengths-backwards,ifs,FALSE,10,elitize_generation_data,293,2,0.33,NA
295,25,string-lengths-backwards,ifs,FALSE,10,elitize_generation_data,294,4,0.325,NA
296,25,string-lengths-backwards,ifs,FALSE,10,elitize_generation_data,295,2,0.327,NA
297,25,string-lengths-backwards,ifs,FALSE,10,elitize_generation_data,296,3,0.306,NA
298,25,string-lengths-backwards,ifs,FALSE,10,elitize_generation_data,297,4,0.314,NA
299,25,string-lengths-backwards,ifs,FALSE,10,elitize_generation_data,298,3,0.33,NA
300,25,string-lengths-backwards,ifs,FALSE,10,elitize_generation_data,299,2,0.332,NA
301,25,string-lengths-backwards,ifs,FALSE,10,elitize_generation_data,300,1,0.304,NA
