,run.num,problem,treatment,succeeded,height,normalization.function,generation,cluster.count,error.diversity,success.generation
1,6,string-lengths-backwards,ifs,TRUE,10,elitize_generation_data,0,4,0.259,149
2,6,string-lengths-backwards,ifs,TRUE,10,elitize_generation_data,1,5,0.167,149
3,6,string-lengths-backwards,ifs,TRUE,10,elitize_generation_data,2,9,0.261,149
4,6,string-lengths-backwards,ifs,TRUE,10,elitize_generation_data,3,5,0.264,149
5,6,string-lengths-backwards,ifs,TRUE,10,elitize_generation_data,4,6,0.193,149
6,6,string-lengths-backwards,ifs,TRUE,10,elitize_generation_data,5,7,0.132,149
7,6,string-lengths-backwards,ifs,TRUE,10,elitize_generation_data,6,9,0.113,149
8,6,string-lengths-backwards,ifs,TRUE,10,elitize_generation_data,7,7,0.166,149
9,6,string-lengths-backwards,ifs,TRUE,10,elitize_generation_data,8,9,0.255,149
10,6,string-lengths-backwards,ifs,TRUE,10,elitize_generation_data,9,8,0.231,149
11,6,string-lengths-backwards,ifs,TRUE,10,elitize_generation_data,10,7,0.141,149
12,6,string-lengths-backwards,ifs,TRUE,10,elitize_generation_data,11,7,0.084,149
13,6,string-lengths-backwards,ifs,TRUE,10,elitize_generation_data,12,8,0.071,149
14,6,string-lengths-backwards,ifs,TRUE,10,elitize_generation_data,13,7,0.091,149
15,6,string-lengths-backwards,ifs,TRUE,10,elitize_generation_data,14,8,0.082,149
16,6,string-lengths-backwards,ifs,TRUE,10,elitize_generation_data,15,6,0.053,149
17,6,string-lengths-backwards,ifs,TRUE,10,elitize_generation_data,16,14,0.058,149
18,6,string-lengths-backwards,ifs,TRUE,10,elitize_generation_data,17,8,0.053,149
19,6,string-lengths-backwards,ifs,TRUE,10,elitize_generation_data,18,8,0.054,149
20,6,string-lengths-backwards,ifs,TRUE,10,elitize_generation_data,19,8,0.05,149
21,6,string-lengths-backwards,ifs,TRUE,10,elitize_generation_data,20,10,0.059,149
22,6,string-lengths-backwards,ifs,TRUE,10,elitize_generation_data,21,10,0.065,149
23,6,string-lengths-backwards,ifs,TRUE,10,elitize_generation_data,22,14,0.055,149
24,6,string-lengths-backwards,ifs,TRUE,10,elitize_generation_data,23,9,0.056,149
25,6,string-lengths-backwards,ifs,TRUE,10,elitize_generation_data,24,12,0.062,149
26,6,string-lengths-backwards,ifs,TRUE,10,elitize_generation_data,25,10,0.06,149
27,6,string-lengths-backwards,ifs,TRUE,10,elitize_generation_data,26,9,0.063,149
28,6,string-lengths-backwards,ifs,TRUE,10,elitize_generation_data,27,7,0.056,149
29,6,string-lengths-backwards,ifs,TRUE,10,elitize_generation_data,28,7,0.072,149
30,6,string-lengths-backwards,ifs,TRUE,10,elitize_generation_data,29,6,0.053,149
31,6,string-lengths-backwards,ifs,TRUE,10,elitize_generation_data,30,7,0.052,149
32,6,string-lengths-backwards,ifs,TRUE,10,elitize_generation_data,31,12,0.066,149
33,6,string-lengths-backwards,ifs,TRUE,10,elitize_generation_data,32,10,0.061,149
34,6,string-lengths-backwards,ifs,TRUE,10,elitize_generation_data,33,9,0.054,149
35,6,string-lengths-backwards,ifs,TRUE,10,elitize_generation_data,34,8,0.054,149
36,6,string-lengths-backwards,ifs,TRUE,10,elitize_generation_data,35,8,0.057,149
37,6,string-lengths-backwards,ifs,TRUE,10,elitize_generation_data,36,9,0.054,149
38,6,string-lengths-backwards,ifs,TRUE,10,elitize_generation_data,37,8,0.052,149
39,6,string-lengths-backwards,ifs,TRUE,10,elitize_generation_data,38,2,0.057,149
40,6,string-lengths-backwards,ifs,TRUE,10,elitize_generation_data,39,2,0.041,149
41,6,string-lengths-backwards,ifs,TRUE,10,elitize_generation_data,40,2,0.048,149
42,6,string-lengths-backwards,ifs,TRUE,10,elitize_generation_data,41,2,0.055,149
43,6,string-lengths-backwards,ifs,TRUE,10,elitize_generation_data,42,3,0.05,149
44,6,string-lengths-backwards,ifs,TRUE,10,elitize_generation_data,43,2,0.043,149
45,6,string-lengths-backwards,ifs,TRUE,10,elitize_generation_data,44,3,0.045,149
46,6,string-lengths-backwards,ifs,TRUE,10,elitize_generation_data,45,4,0.069,149
47,6,string-lengths-backwards,ifs,TRUE,10,elitize_generation_data,46,4,0.098,149
48,6,string-lengths-backwards,ifs,TRUE,10,elitize_generation_data,47,5,0.119,149
49,6,string-lengths-backwards,ifs,TRUE,10,elitize_generation_data,48,4,0.087,149
50,6,string-lengths-backwards,ifs,TRUE,10,elitize_generation_data,49,4,0.079,149
51,6,string-lengths-backwards,ifs,TRUE,10,elitize_generation_data,50,5,0.094,149
52,6,string-lengths-backwards,ifs,TRUE,10,elitize_generation_data,51,4,0.081,149
53,6,string-lengths-backwards,ifs,TRUE,10,elitize_generation_data,52,4,0.077,149
54,6,string-lengths-backwards,ifs,TRUE,10,elitize_generation_data,53,3,0.086,149
55,6,string-lengths-backwards,ifs,TRUE,10,elitize_generation_data,54,4,0.058,149
56,6,string-lengths-backwards,ifs,TRUE,10,elitize_generation_data,55,4,0.079,149
57,6,string-lengths-backwards,ifs,TRUE,10,elitize_generation_data,56,4,0.078,149
58,6,string-lengths-backwards,ifs,TRUE,10,elitize_generation_data,57,6,0.079,149
59,6,string-lengths-backwards,ifs,TRUE,10,elitize_generation_data,58,5,0.076,149
60,6,string-lengths-backwards,ifs,TRUE,10,elitize_generation_data,59,2,0.075,149
61,6,string-lengths-backwards,ifs,TRUE,10,elitize_generation_data,60,3,0.079,149
62,6,string-lengths-backwards,ifs,TRUE,10,elitize_generation_data,61,3,0.061,149
63,6,string-lengths-backwards,ifs,TRUE,10,elitize_generation_data,62,4,0.062,149
64,6,string-lengths-backwards,ifs,TRUE,10,elitize_generation_data,63,5,0.065,149
65,6,string-lengths-backwards,ifs,TRUE,10,elitize_generation_data,64,4,0.052,149
66,6,string-lengths-backwards,ifs,TRUE,10,elitize_generation_data,65,4,0.049,149
67,6,string-lengths-backwards,ifs,TRUE,10,elitize_generation_data,66,4,0.041,149
68,6,string-lengths-backwards,ifs,TRUE,10,elitize_generation_data,67,3,0.043,149
69,6,string-lengths-backwards,ifs,TRUE,10,elitize_generation_data,68,3,0.042,149
70,6,string-lengths-backwards,ifs,TRUE,10,elitize_generation_data,69,3,0.048,149
71,6,string-lengths-backwards,ifs,TRUE,10,elitize_generation_data,70,3,0.038,149
72,6,string-lengths-backwards,ifs,TRUE,10,elitize_generation_data,71,4,0.043,149
73,6,string-lengths-backwards,ifs,TRUE,10,elitize_generation_data,72,4,0.046,149
74,6,string-lengths-backwards,ifs,TRUE,10,elitize_generation_data,73,3,0.038,149
75,6,string-lengths-backwards,ifs,TRUE,10,elitize_generation_data,74,4,0.038,149
76,6,string-lengths-backwards,ifs,TRUE,10,elitize_generation_data,75,4,0.038,149
77,6,string-lengths-backwards,ifs,TRUE,10,elitize_generation_data,76,3,0.036,149
78,6,string-lengths-backwards,ifs,TRUE,10,elitize_generation_data,77,3,0.049,149
79,6,string-lengths-backwards,ifs,TRUE,10,elitize_generation_data,78,4,0.036,149
80,6,string-lengths-backwards,ifs,TRUE,10,elitize_generation_data,79,4,0.042,149
81,6,string-lengths-backwards,ifs,TRUE,10,elitize_generation_data,80,2,0.037,149
82,6,string-lengths-backwards,ifs,TRUE,10,elitize_generation_data,81,3,0.042,149
83,6,string-lengths-backwards,ifs,TRUE,10,elitize_generation_data,82,4,0.038,149
84,6,string-lengths-backwards,ifs,TRUE,10,elitize_generation_data,83,3,0.045,149
85,6,string-lengths-backwards,ifs,TRUE,10,elitize_generation_data,84,3,0.044,149
86,6,string-lengths-backwards,ifs,TRUE,10,elitize_generation_data,85,3,0.037,149
87,6,string-lengths-backwards,ifs,TRUE,10,elitize_generation_data,86,5,0.047,149
88,6,string-lengths-backwards,ifs,TRUE,10,elitize_generation_data,87,3,0.046,149
89,6,string-lengths-backwards,ifs,TRUE,10,elitize_generation_data,88,4,0.056,149
90,6,string-lengths-backwards,ifs,TRUE,10,elitize_generation_data,89,3,0.033,149
91,6,string-lengths-backwards,ifs,TRUE,10,elitize_generation_data,90,5,0.046,149
92,6,string-lengths-backwards,ifs,TRUE,10,elitize_generation_data,91,3,0.043,149
93,6,string-lengths-backwards,ifs,TRUE,10,elitize_generation_data,92,3,0.035,149
94,6,string-lengths-backwards,ifs,TRUE,10,elitize_generation_data,93,4,0.039,149
95,6,string-lengths-backwards,ifs,TRUE,10,elitize_generation_data,94,3,0.042,149
96,6,string-lengths-backwards,ifs,TRUE,10,elitize_generation_data,95,3,0.049,149
97,6,string-lengths-backwards,ifs,TRUE,10,elitize_generation_data,96,3,0.038,149
98,6,string-lengths-backwards,ifs,TRUE,10,elitize_generation_data,97,3,0.047,149
99,6,string-lengths-backwards,ifs,TRUE,10,elitize_generation_data,98,4,0.059,149
100,6,string-lengths-backwards,ifs,TRUE,10,elitize_generation_data,99,3,0.044,149
101,6,string-lengths-backwards,ifs,TRUE,10,elitize_generation_data,100,4,0.05,149
102,6,string-lengths-backwards,ifs,TRUE,10,elitize_generation_data,101,6,0.048,149
103,6,string-lengths-backwards,ifs,TRUE,10,elitize_generation_data,102,4,0.046,149
104,6,string-lengths-backwards,ifs,TRUE,10,elitize_generation_data,103,5,0.043,149
105,6,string-lengths-backwards,ifs,TRUE,10,elitize_generation_data,104,3,0.037,149
106,6,string-lengths-backwards,ifs,TRUE,10,elitize_generation_data,105,4,0.057,149
107,6,string-lengths-backwards,ifs,TRUE,10,elitize_generation_data,106,5,0.036,149
108,6,string-lengths-backwards,ifs,TRUE,10,elitize_generation_data,107,4,0.055,149
109,6,string-lengths-backwards,ifs,TRUE,10,elitize_generation_data,108,4,0.05,149
110,6,string-lengths-backwards,ifs,TRUE,10,elitize_generation_data,109,5,0.037,149
111,6,string-lengths-backwards,ifs,TRUE,10,elitize_generation_data,110,4,0.053,149
112,6,string-lengths-backwards,ifs,TRUE,10,elitize_generation_data,111,4,0.052,149
113,6,string-lengths-backwards,ifs,TRUE,10,elitize_generation_data,112,4,0.052,149
114,6,string-lengths-backwards,ifs,TRUE,10,elitize_generation_data,113,5,0.047,149
115,6,string-lengths-backwards,ifs,TRUE,10,elitize_generation_data,114,3,0.038,149
116,6,string-lengths-backwards,ifs,TRUE,10,elitize_generation_data,115,4,0.042,149
117,6,string-lengths-backwards,ifs,TRUE,10,elitize_generation_data,116,3,0.044,149
118,6,string-lengths-backwards,ifs,TRUE,10,elitize_generation_data,117,4,0.035,149
119,6,string-lengths-backwards,ifs,TRUE,10,elitize_generation_data,118,4,0.051,149
120,6,string-lengths-backwards,ifs,TRUE,10,elitize_generation_data,119,6,0.045,149
121,6,string-lengths-backwards,ifs,TRUE,10,elitize_generation_data,120,3,0.042,149
122,6,string-lengths-backwards,ifs,TRUE,10,elitize_generation_data,121,4,0.04,149
123,6,string-lengths-backwards,ifs,TRUE,10,elitize_generation_data,122,4,0.053,149
124,6,string-lengths-backwards,ifs,TRUE,10,elitize_generation_data,123,4,0.029,149
125,6,string-lengths-backwards,ifs,TRUE,10,elitize_generation_data,124,4,0.04,149
126,6,string-lengths-backwards,ifs,TRUE,10,elitize_generation_data,125,5,0.047,149
127,6,string-lengths-backwards,ifs,TRUE,10,elitize_generation_data,126,5,0.047,149
128,6,string-lengths-backwards,ifs,TRUE,10,elitize_generation_data,127,5,0.046,149
129,6,string-lengths-backwards,ifs,TRUE,10,elitize_generation_data,128,4,0.043,149
130,6,string-lengths-backwards,ifs,TRUE,10,elitize_generation_data,129,3,0.047,149
131,6,string-lengths-backwards,ifs,TRUE,10,elitize_generation_data,130,6,0.047,149
132,6,string-lengths-backwards,ifs,TRUE,10,elitize_generation_data,131,3,0.04,149
133,6,string-lengths-backwards,ifs,TRUE,10,elitize_generation_data,132,5,0.04,149
134,6,string-lengths-backwards,ifs,TRUE,10,elitize_generation_data,133,4,0.041,149
135,6,string-lengths-backwards,ifs,TRUE,10,elitize_generation_data,134,3,0.042,149
136,6,string-lengths-backwards,ifs,TRUE,10,elitize_generation_data,135,3,0.045,149
137,6,string-lengths-backwards,ifs,TRUE,10,elitize_generation_data,136,4,0.049,149
138,6,string-lengths-backwards,ifs,TRUE,10,elitize_generation_data,137,3,0.052,149
139,6,string-lengths-backwards,ifs,TRUE,10,elitize_generation_data,138,2,0.047,149
140,6,string-lengths-backwards,ifs,TRUE,10,elitize_generation_data,139,7,0.051,149
141,6,string-lengths-backwards,ifs,TRUE,10,elitize_generation_data,140,4,0.041,149
142,6,string-lengths-backwards,ifs,TRUE,10,elitize_generation_data,141,4,0.044,149
143,6,string-lengths-backwards,ifs,TRUE,10,elitize_generation_data,142,4,0.037,149
144,6,string-lengths-backwards,ifs,TRUE,10,elitize_generation_data,143,5,0.05,149
145,6,string-lengths-backwards,ifs,TRUE,10,elitize_generation_data,144,3,0.04,149
146,6,string-lengths-backwards,ifs,TRUE,10,elitize_generation_data,145,4,0.038,149
147,6,string-lengths-backwards,ifs,TRUE,10,elitize_generation_data,146,4,0.044,149
148,6,string-lengths-backwards,ifs,TRUE,10,elitize_generation_data,147,3,0.047,149
149,6,string-lengths-backwards,ifs,TRUE,10,elitize_generation_data,148,4,0.045,149
150,6,string-lengths-backwards,ifs,TRUE,10,elitize_generation_data,149,2,0.049,149
