,run.num,problem,treatment,succeeded,height,normalization.function,generation,cluster.count,error.diversity,success.generation
1,51,string-lengths-backwards,ifs,FALSE,10,elitize_generation_data,0,6,0.26,NA
2,51,string-lengths-backwards,ifs,FALSE,10,elitize_generation_data,1,5,0.145,NA
3,51,string-lengths-backwards,ifs,FALSE,10,elitize_generation_data,2,6,0.227,NA
4,51,string-lengths-backwards,ifs,FALSE,10,elitize_generation_data,3,8,0.298,NA
5,51,string-lengths-backwards,ifs,FALSE,10,elitize_generation_data,4,5,0.273,NA
6,51,string-lengths-backwards,ifs,FALSE,10,elitize_generation_data,5,12,0.193,NA
7,51,string-lengths-backwards,ifs,FALSE,10,elitize_generation_data,6,16,0.202,NA
8,51,string-lengths-backwards,ifs,FALSE,10,elitize_generation_data,7,17,0.101,NA
9,51,string-lengths-backwards,ifs,FALSE,10,elitize_generation_data,8,20,0.124,NA
10,51,string-lengths-backwards,ifs,FALSE,10,elitize_generation_data,9,29,0.249,NA
11,51,string-lengths-backwards,ifs,FALSE,10,elitize_generation_data,10,25,0.336,NA
12,51,string-lengths-backwards,ifs,FALSE,10,elitize_generation_data,11,13,0.377,NA
13,51,string-lengths-backwards,ifs,FALSE,10,elitize_generation_data,12,17,0.441,NA
14,51,string-lengths-backwards,ifs,FALSE,10,elitize_generation_data,13,13,0.519,NA
15,51,string-lengths-backwards,ifs,FALSE,10,elitize_generation_data,14,18,0.522,NA
16,51,string-lengths-backwards,ifs,FALSE,10,elitize_generation_data,15,12,0.565,NA
17,51,string-lengths-backwards,ifs,FALSE,10,elitize_generation_data,16,18,0.584,NA
18,51,string-lengths-backwards,ifs,FALSE,10,elitize_generation_data,17,8,0.613,NA
19,51,string-lengths-backwards,ifs,FALSE,10,elitize_generation_data,18,16,0.613,NA
20,51,string-lengths-backwards,ifs,FALSE,10,elitize_generation_data,19,9,0.654,NA
21,51,string-lengths-backwards,ifs,FALSE,10,elitize_generation_data,20,9,0.681,NA
22,51,string-lengths-backwards,ifs,FALSE,10,elitize_generation_data,21,11,0.675,NA
23,51,string-lengths-backwards,ifs,FALSE,10,elitize_generation_data,22,10,0.669,NA
24,51,string-lengths-backwards,ifs,FALSE,10,elitize_generation_data,23,6,0.646,NA
25,51,string-lengths-backwards,ifs,FALSE,10,elitize_generation_data,24,5,0.595,NA
26,51,string-lengths-backwards,ifs,FALSE,10,elitize_generation_data,25,8,0.605,NA
27,51,string-lengths-backwards,ifs,FALSE,10,elitize_generation_data,26,7,0.657,NA
28,51,string-lengths-backwards,ifs,FALSE,10,elitize_generation_data,27,5,0.656,NA
29,51,string-lengths-backwards,ifs,FALSE,10,elitize_generation_data,28,6,0.692,NA
30,51,string-lengths-backwards,ifs,FALSE,10,elitize_generation_data,29,2,0.719,NA
31,51,string-lengths-backwards,ifs,FALSE,10,elitize_generation_data,30,5,0.681,NA
32,51,string-lengths-backwards,ifs,FALSE,10,elitize_generation_data,31,3,0.661,NA
33,51,string-lengths-backwards,ifs,FALSE,10,elitize_generation_data,32,4,0.585,NA
34,51,string-lengths-backwards,ifs,FALSE,10,elitize_generation_data,33,8,0.561,NA
35,51,string-lengths-backwards,ifs,FALSE,10,elitize_generation_data,34,7,0.56,NA
36,51,string-lengths-backwards,ifs,FALSE,10,elitize_generation_data,35,3,0.588,NA
37,51,string-lengths-backwards,ifs,FALSE,10,elitize_generation_data,36,3,0.664,NA
38,51,string-lengths-backwards,ifs,FALSE,10,elitize_generation_data,37,3,0.699,NA
39,51,string-lengths-backwards,ifs,FALSE,10,elitize_generation_data,38,3,0.69,NA
40,51,string-lengths-backwards,ifs,FALSE,10,elitize_generation_data,39,4,0.621,NA
41,51,string-lengths-backwards,ifs,FALSE,10,elitize_generation_data,40,6,0.469,NA
42,51,string-lengths-backwards,ifs,FALSE,10,elitize_generation_data,41,7,0.417,NA
43,51,string-lengths-backwards,ifs,FALSE,10,elitize_generation_data,42,7,0.425,NA
44,51,string-lengths-backwards,ifs,FALSE,10,elitize_generation_data,43,4,0.438,NA
45,51,string-lengths-backwards,ifs,FALSE,10,elitize_generation_data,44,4,0.425,NA
46,51,string-lengths-backwards,ifs,FALSE,10,elitize_generation_data,45,3,0.419,NA
47,51,string-lengths-backwards,ifs,FALSE,10,elitize_generation_data,46,3,0.455,NA
48,51,string-lengths-backwards,ifs,FALSE,10,elitize_generation_data,47,5,0.431,NA
49,51,string-lengths-backwards,ifs,FALSE,10,elitize_generation_data,48,9,0.383,NA
50,51,string-lengths-backwards,ifs,FALSE,10,elitize_generation_data,49,5,0.414,NA
51,51,string-lengths-backwards,ifs,FALSE,10,elitize_generation_data,50,9,0.411,NA
52,51,string-lengths-backwards,ifs,FALSE,10,elitize_generation_data,51,10,0.419,NA
53,51,string-lengths-backwards,ifs,FALSE,10,elitize_generation_data,52,4,0.402,NA
54,51,string-lengths-backwards,ifs,FALSE,10,elitize_generation_data,53,3,0.423,NA
55,51,string-lengths-backwards,ifs,FALSE,10,elitize_generation_data,54,3,0.4,NA
56,51,string-lengths-backwards,ifs,FALSE,10,elitize_generation_data,55,4,0.408,NA
57,51,string-lengths-backwards,ifs,FALSE,10,elitize_generation_data,56,4,0.434,NA
58,51,string-lengths-backwards,ifs,FALSE,10,elitize_generation_data,57,7,0.458,NA
59,51,string-lengths-backwards,ifs,FALSE,10,elitize_generation_data,58,11,0.406,NA
60,51,string-lengths-backwards,ifs,FALSE,10,elitize_generation_data,59,10,0.408,NA
61,51,string-lengths-backwards,ifs,FALSE,10,elitize_generation_data,60,12,0.435,NA
62,51,string-lengths-backwards,ifs,FALSE,10,elitize_generation_data,61,10,0.41,NA
63,51,string-lengths-backwards,ifs,FALSE,10,elitize_generation_data,62,4,0.352,NA
64,51,string-lengths-backwards,ifs,FALSE,10,elitize_generation_data,63,10,0.335,NA
65,51,string-lengths-backwards,ifs,FALSE,10,elitize_generation_data,64,5,0.362,NA
66,51,string-lengths-backwards,ifs,FALSE,10,elitize_generation_data,65,4,0.383,NA
67,51,string-lengths-backwards,ifs,FALSE,10,elitize_generation_data,66,8,0.394,NA
68,51,string-lengths-backwards,ifs,FALSE,10,elitize_generation_data,67,5,0.365,NA
69,51,string-lengths-backwards,ifs,FALSE,10,elitize_generation_data,68,4,0.291,NA
70,51,string-lengths-backwards,ifs,FALSE,10,elitize_generation_data,69,6,0.236,NA
71,51,string-lengths-backwards,ifs,FALSE,10,elitize_generation_data,70,5,0.239,NA
72,51,string-lengths-backwards,ifs,FALSE,10,elitize_generation_data,71,5,0.27,NA
73,51,string-lengths-backwards,ifs,FALSE,10,elitize_generation_data,72,8,0.218,NA
74,51,string-lengths-backwards,ifs,FALSE,10,elitize_generation_data,73,5,0.217,NA
75,51,string-lengths-backwards,ifs,FALSE,10,elitize_generation_data,74,5,0.209,NA
76,51,string-lengths-backwards,ifs,FALSE,10,elitize_generation_data,75,10,0.196,NA
77,51,string-lengths-backwards,ifs,FALSE,10,elitize_generation_data,76,6,0.237,NA
78,51,string-lengths-backwards,ifs,FALSE,10,elitize_generation_data,77,9,0.223,NA
79,51,string-lengths-backwards,ifs,FALSE,10,elitize_generation_data,78,6,0.231,NA
80,51,string-lengths-backwards,ifs,FALSE,10,elitize_generation_data,79,6,0.272,NA
81,51,string-lengths-backwards,ifs,FALSE,10,elitize_generation_data,80,8,0.256,NA
82,51,string-lengths-backwards,ifs,FALSE,10,elitize_generation_data,81,6,0.263,NA
83,51,string-lengths-backwards,ifs,FALSE,10,elitize_generation_data,82,7,0.267,NA
84,51,string-lengths-backwards,ifs,FALSE,10,elitize_generation_data,83,9,0.263,NA
85,51,string-lengths-backwards,ifs,FALSE,10,elitize_generation_data,84,8,0.251,NA
86,51,string-lengths-backwards,ifs,FALSE,10,elitize_generation_data,85,7,0.256,NA
87,51,string-lengths-backwards,ifs,FALSE,10,elitize_generation_data,86,9,0.271,NA
88,51,string-lengths-backwards,ifs,FALSE,10,elitize_generation_data,87,9,0.282,NA
89,51,string-lengths-backwards,ifs,FALSE,10,elitize_generation_data,88,6,0.259,NA
90,51,string-lengths-backwards,ifs,FALSE,10,elitize_generation_data,89,7,0.266,NA
91,51,string-lengths-backwards,ifs,FALSE,10,elitize_generation_data,90,8,0.293,NA
92,51,string-lengths-backwards,ifs,FALSE,10,elitize_generation_data,91,6,0.285,NA
93,51,string-lengths-backwards,ifs,FALSE,10,elitize_generation_data,92,9,0.267,NA
94,51,string-lengths-backwards,ifs,FALSE,10,elitize_generation_data,93,7,0.247,NA
95,51,string-lengths-backwards,ifs,FALSE,10,elitize_generation_data,94,6,0.251,NA
96,51,string-lengths-backwards,ifs,FALSE,10,elitize_generation_data,95,4,0.272,NA
97,51,string-lengths-backwards,ifs,FALSE,10,elitize_generation_data,96,5,0.258,NA
98,51,string-lengths-backwards,ifs,FALSE,10,elitize_generation_data,97,7,0.28,NA
99,51,string-lengths-backwards,ifs,FALSE,10,elitize_generation_data,98,8,0.279,NA
100,51,string-lengths-backwards,ifs,FALSE,10,elitize_generation_data,99,4,0.258,NA
101,51,string-lengths-backwards,ifs,FALSE,10,elitize_generation_data,100,5,0.267,NA
102,51,string-lengths-backwards,ifs,FALSE,10,elitize_generation_data,101,7,0.251,NA
103,51,string-lengths-backwards,ifs,FALSE,10,elitize_generation_data,102,6,0.263,NA
104,51,string-lengths-backwards,ifs,FALSE,10,elitize_generation_data,103,6,0.268,NA
105,51,string-lengths-backwards,ifs,FALSE,10,elitize_generation_data,104,7,0.262,NA
106,51,string-lengths-backwards,ifs,FALSE,10,elitize_generation_data,105,10,0.28,NA
107,51,string-lengths-backwards,ifs,FALSE,10,elitize_generation_data,106,5,0.258,NA
108,51,string-lengths-backwards,ifs,FALSE,10,elitize_generation_data,107,7,0.284,NA
109,51,string-lengths-backwards,ifs,FALSE,10,elitize_generation_data,108,8,0.267,NA
110,51,string-lengths-backwards,ifs,FALSE,10,elitize_generation_data,109,10,0.266,NA
111,51,string-lengths-backwards,ifs,FALSE,10,elitize_generation_data,110,8,0.262,NA
112,51,string-lengths-backwards,ifs,FALSE,10,elitize_generation_data,111,6,0.25,NA
113,51,string-lengths-backwards,ifs,FALSE,10,elitize_generation_data,112,6,0.275,NA
114,51,string-lengths-backwards,ifs,FALSE,10,elitize_generation_data,113,6,0.26,NA
115,51,string-lengths-backwards,ifs,FALSE,10,elitize_generation_data,114,7,0.272,NA
116,51,string-lengths-backwards,ifs,FALSE,10,elitize_generation_data,115,7,0.255,NA
117,51,string-lengths-backwards,ifs,FALSE,10,elitize_generation_data,116,7,0.278,NA
118,51,string-lengths-backwards,ifs,FALSE,10,elitize_generation_data,117,10,0.304,NA
119,51,string-lengths-backwards,ifs,FALSE,10,elitize_generation_data,118,9,0.263,NA
120,51,string-lengths-backwards,ifs,FALSE,10,elitize_generation_data,119,7,0.24,NA
121,51,string-lengths-backwards,ifs,FALSE,10,elitize_generation_data,120,6,0.277,NA
122,51,string-lengths-backwards,ifs,FALSE,10,elitize_generation_data,121,7,0.282,NA
123,51,string-lengths-backwards,ifs,FALSE,10,elitize_generation_data,122,8,0.246,NA
124,51,string-lengths-backwards,ifs,FALSE,10,elitize_generation_data,123,9,0.264,NA
125,51,string-lengths-backwards,ifs,FALSE,10,elitize_generation_data,124,6,0.269,NA
126,51,string-lengths-backwards,ifs,FALSE,10,elitize_generation_data,125,7,0.239,NA
127,51,string-lengths-backwards,ifs,FALSE,10,elitize_generation_data,126,9,0.276,NA
128,51,string-lengths-backwards,ifs,FALSE,10,elitize_generation_data,127,5,0.256,NA
129,51,string-lengths-backwards,ifs,FALSE,10,elitize_generation_data,128,9,0.276,NA
130,51,string-lengths-backwards,ifs,FALSE,10,elitize_generation_data,129,11,0.267,NA
131,51,string-lengths-backwards,ifs,FALSE,10,elitize_generation_data,130,7,0.281,NA
132,51,string-lengths-backwards,ifs,FALSE,10,elitize_generation_data,131,6,0.267,NA
133,51,string-lengths-backwards,ifs,FALSE,10,elitize_generation_data,132,6,0.255,NA
134,51,string-lengths-backwards,ifs,FALSE,10,elitize_generation_data,133,6,0.275,NA
135,51,string-lengths-backwards,ifs,FALSE,10,elitize_generation_data,134,7,0.266,NA
136,51,string-lengths-backwards,ifs,FALSE,10,elitize_generation_data,135,11,0.265,NA
137,51,string-lengths-backwards,ifs,FALSE,10,elitize_generation_data,136,8,0.288,NA
138,51,string-lengths-backwards,ifs,FALSE,10,elitize_generation_data,137,5,0.264,NA
139,51,string-lengths-backwards,ifs,FALSE,10,elitize_generation_data,138,9,0.267,NA
140,51,string-lengths-backwards,ifs,FALSE,10,elitize_generation_data,139,7,0.265,NA
141,51,string-lengths-backwards,ifs,FALSE,10,elitize_generation_data,140,7,0.269,NA
142,51,string-lengths-backwards,ifs,FALSE,10,elitize_generation_data,141,9,0.261,NA
143,51,string-lengths-backwards,ifs,FALSE,10,elitize_generation_data,142,8,0.248,NA
144,51,string-lengths-backwards,ifs,FALSE,10,elitize_generation_data,143,9,0.256,NA
145,51,string-lengths-backwards,ifs,FALSE,10,elitize_generation_data,144,9,0.288,NA
146,51,string-lengths-backwards,ifs,FALSE,10,elitize_generation_data,145,5,0.263,NA
147,51,string-lengths-backwards,ifs,FALSE,10,elitize_generation_data,146,6,0.27,NA
148,51,string-lengths-backwards,ifs,FALSE,10,elitize_generation_data,147,9,0.257,NA
149,51,string-lengths-backwards,ifs,FALSE,10,elitize_generation_data,148,6,0.285,NA
150,51,string-lengths-backwards,ifs,FALSE,10,elitize_generation_data,149,7,0.263,NA
151,51,string-lengths-backwards,ifs,FALSE,10,elitize_generation_data,150,6,0.273,NA
152,51,string-lengths-backwards,ifs,FALSE,10,elitize_generation_data,151,6,0.291,NA
153,51,string-lengths-backwards,ifs,FALSE,10,elitize_generation_data,152,7,0.277,NA
154,51,string-lengths-backwards,ifs,FALSE,10,elitize_generation_data,153,7,0.273,NA
155,51,string-lengths-backwards,ifs,FALSE,10,elitize_generation_data,154,6,0.273,NA
156,51,string-lengths-backwards,ifs,FALSE,10,elitize_generation_data,155,8,0.289,NA
157,51,string-lengths-backwards,ifs,FALSE,10,elitize_generation_data,156,5,0.254,NA
158,51,string-lengths-backwards,ifs,FALSE,10,elitize_generation_data,157,8,0.263,NA
159,51,string-lengths-backwards,ifs,FALSE,10,elitize_generation_data,158,6,0.253,NA
160,51,string-lengths-backwards,ifs,FALSE,10,elitize_generation_data,159,8,0.28,NA
161,51,string-lengths-backwards,ifs,FALSE,10,elitize_generation_data,160,6,0.29,NA
162,51,string-lengths-backwards,ifs,FALSE,10,elitize_generation_data,161,8,0.279,NA
163,51,string-lengths-backwards,ifs,FALSE,10,elitize_generation_data,162,5,0.277,NA
164,51,string-lengths-backwards,ifs,FALSE,10,elitize_generation_data,163,6,0.265,NA
165,51,string-lengths-backwards,ifs,FALSE,10,elitize_generation_data,164,7,0.276,NA
166,51,string-lengths-backwards,ifs,FALSE,10,elitize_generation_data,165,5,0.271,NA
167,51,string-lengths-backwards,ifs,FALSE,10,elitize_generation_data,166,5,0.279,NA
168,51,string-lengths-backwards,ifs,FALSE,10,elitize_generation_data,167,6,0.278,NA
169,51,string-lengths-backwards,ifs,FALSE,10,elitize_generation_data,168,7,0.257,NA
170,51,string-lengths-backwards,ifs,FALSE,10,elitize_generation_data,169,4,0.276,NA
171,51,string-lengths-backwards,ifs,FALSE,10,elitize_generation_data,170,8,0.263,NA
172,51,string-lengths-backwards,ifs,FALSE,10,elitize_generation_data,171,9,0.279,NA
173,51,string-lengths-backwards,ifs,FALSE,10,elitize_generation_data,172,8,0.277,NA
174,51,string-lengths-backwards,ifs,FALSE,10,elitize_generation_data,173,10,0.282,NA
175,51,string-lengths-backwards,ifs,FALSE,10,elitize_generation_data,174,6,0.247,NA
176,51,string-lengths-backwards,ifs,FALSE,10,elitize_generation_data,175,6,0.283,NA
177,51,string-lengths-backwards,ifs,FALSE,10,elitize_generation_data,176,5,0.261,NA
178,51,string-lengths-backwards,ifs,FALSE,10,elitize_generation_data,177,5,0.275,NA
179,51,string-lengths-backwards,ifs,FALSE,10,elitize_generation_data,178,6,0.261,NA
180,51,string-lengths-backwards,ifs,FALSE,10,elitize_generation_data,179,6,0.27,NA
181,51,string-lengths-backwards,ifs,FALSE,10,elitize_generation_data,180,6,0.264,NA
182,51,string-lengths-backwards,ifs,FALSE,10,elitize_generation_data,181,8,0.261,NA
183,51,string-lengths-backwards,ifs,FALSE,10,elitize_generation_data,182,5,0.29,NA
184,51,string-lengths-backwards,ifs,FALSE,10,elitize_generation_data,183,8,0.257,NA
185,51,string-lengths-backwards,ifs,FALSE,10,elitize_generation_data,184,6,0.269,NA
186,51,string-lengths-backwards,ifs,FALSE,10,elitize_generation_data,185,6,0.268,NA
187,51,string-lengths-backwards,ifs,FALSE,10,elitize_generation_data,186,5,0.305,NA
188,51,string-lengths-backwards,ifs,FALSE,10,elitize_generation_data,187,7,0.269,NA
189,51,string-lengths-backwards,ifs,FALSE,10,elitize_generation_data,188,7,0.279,NA
190,51,string-lengths-backwards,ifs,FALSE,10,elitize_generation_data,189,6,0.273,NA
191,51,string-lengths-backwards,ifs,FALSE,10,elitize_generation_data,190,6,0.276,NA
192,51,string-lengths-backwards,ifs,FALSE,10,elitize_generation_data,191,10,0.287,NA
193,51,string-lengths-backwards,ifs,FALSE,10,elitize_generation_data,192,7,0.265,NA
194,51,string-lengths-backwards,ifs,FALSE,10,elitize_generation_data,193,10,0.27,NA
195,51,string-lengths-backwards,ifs,FALSE,10,elitize_generation_data,194,5,0.279,NA
196,51,string-lengths-backwards,ifs,FALSE,10,elitize_generation_data,195,7,0.29,NA
197,51,string-lengths-backwards,ifs,FALSE,10,elitize_generation_data,196,8,0.274,NA
198,51,string-lengths-backwards,ifs,FALSE,10,elitize_generation_data,197,9,0.267,NA
199,51,string-lengths-backwards,ifs,FALSE,10,elitize_generation_data,198,6,0.29,NA
200,51,string-lengths-backwards,ifs,FALSE,10,elitize_generation_data,199,8,0.259,NA
201,51,string-lengths-backwards,ifs,FALSE,10,elitize_generation_data,200,7,0.272,NA
202,51,string-lengths-backwards,ifs,FALSE,10,elitize_generation_data,201,7,0.274,NA
203,51,string-lengths-backwards,ifs,FALSE,10,elitize_generation_data,202,7,0.274,NA
204,51,string-lengths-backwards,ifs,FALSE,10,elitize_generation_data,203,7,0.277,NA
205,51,string-lengths-backwards,ifs,FALSE,10,elitize_generation_data,204,6,0.264,NA
206,51,string-lengths-backwards,ifs,FALSE,10,elitize_generation_data,205,6,0.29,NA
207,51,string-lengths-backwards,ifs,FALSE,10,elitize_generation_data,206,6,0.276,NA
208,51,string-lengths-backwards,ifs,FALSE,10,elitize_generation_data,207,7,0.264,NA
209,51,string-lengths-backwards,ifs,FALSE,10,elitize_generation_data,208,7,0.272,NA
210,51,string-lengths-backwards,ifs,FALSE,10,elitize_generation_data,209,5,0.3,NA
211,51,string-lengths-backwards,ifs,FALSE,10,elitize_generation_data,210,5,0.279,NA
212,51,string-lengths-backwards,ifs,FALSE,10,elitize_generation_data,211,7,0.297,NA
213,51,string-lengths-backwards,ifs,FALSE,10,elitize_generation_data,212,6,0.324,NA
214,51,string-lengths-backwards,ifs,FALSE,10,elitize_generation_data,213,8,0.301,NA
215,51,string-lengths-backwards,ifs,FALSE,10,elitize_generation_data,214,7,0.292,NA
216,51,string-lengths-backwards,ifs,FALSE,10,elitize_generation_data,215,9,0.284,NA
217,51,string-lengths-backwards,ifs,FALSE,10,elitize_generation_data,216,6,0.308,NA
218,51,string-lengths-backwards,ifs,FALSE,10,elitize_generation_data,217,6,0.306,NA
219,51,string-lengths-backwards,ifs,FALSE,10,elitize_generation_data,218,6,0.309,NA
220,51,string-lengths-backwards,ifs,FALSE,10,elitize_generation_data,219,5,0.284,NA
221,51,string-lengths-backwards,ifs,FALSE,10,elitize_generation_data,220,7,0.296,NA
222,51,string-lengths-backwards,ifs,FALSE,10,elitize_generation_data,221,7,0.288,NA
223,51,string-lengths-backwards,ifs,FALSE,10,elitize_generation_data,222,6,0.299,NA
224,51,string-lengths-backwards,ifs,FALSE,10,elitize_generation_data,223,7,0.277,NA
225,51,string-lengths-backwards,ifs,FALSE,10,elitize_generation_data,224,6,0.284,NA
226,51,string-lengths-backwards,ifs,FALSE,10,elitize_generation_data,225,8,0.282,NA
227,51,string-lengths-backwards,ifs,FALSE,10,elitize_generation_data,226,7,0.29,NA
228,51,string-lengths-backwards,ifs,FALSE,10,elitize_generation_data,227,5,0.286,NA
229,51,string-lengths-backwards,ifs,FALSE,10,elitize_generation_data,228,5,0.271,NA
230,51,string-lengths-backwards,ifs,FALSE,10,elitize_generation_data,229,6,0.294,NA
231,51,string-lengths-backwards,ifs,FALSE,10,elitize_generation_data,230,8,0.269,NA
232,51,string-lengths-backwards,ifs,FALSE,10,elitize_generation_data,231,7,0.285,NA
233,51,string-lengths-backwards,ifs,FALSE,10,elitize_generation_data,232,7,0.279,NA
234,51,string-lengths-backwards,ifs,FALSE,10,elitize_generation_data,233,5,0.253,NA
235,51,string-lengths-backwards,ifs,FALSE,10,elitize_generation_data,234,8,0.286,NA
236,51,string-lengths-backwards,ifs,FALSE,10,elitize_generation_data,235,4,0.276,NA
237,51,string-lengths-backwards,ifs,FALSE,10,elitize_generation_data,236,7,0.27,NA
238,51,string-lengths-backwards,ifs,FALSE,10,elitize_generation_data,237,6,0.283,NA
239,51,string-lengths-backwards,ifs,FALSE,10,elitize_generation_data,238,6,0.3,NA
240,51,string-lengths-backwards,ifs,FALSE,10,elitize_generation_data,239,8,0.289,NA
241,51,string-lengths-backwards,ifs,FALSE,10,elitize_generation_data,240,5,0.294,NA
242,51,string-lengths-backwards,ifs,FALSE,10,elitize_generation_data,241,6,0.291,NA
243,51,string-lengths-backwards,ifs,FALSE,10,elitize_generation_data,242,8,0.285,NA
244,51,string-lengths-backwards,ifs,FALSE,10,elitize_generation_data,243,6,0.266,NA
245,51,string-lengths-backwards,ifs,FALSE,10,elitize_generation_data,244,7,0.28,NA
246,51,string-lengths-backwards,ifs,FALSE,10,elitize_generation_data,245,6,0.317,NA
247,51,string-lengths-backwards,ifs,FALSE,10,elitize_generation_data,246,8,0.279,NA
248,51,string-lengths-backwards,ifs,FALSE,10,elitize_generation_data,247,8,0.277,NA
249,51,string-lengths-backwards,ifs,FALSE,10,elitize_generation_data,248,6,0.299,NA
250,51,string-lengths-backwards,ifs,FALSE,10,elitize_generation_data,249,6,0.28,NA
251,51,string-lengths-backwards,ifs,FALSE,10,elitize_generation_data,250,6,0.289,NA
252,51,string-lengths-backwards,ifs,FALSE,10,elitize_generation_data,251,5,0.261,NA
253,51,string-lengths-backwards,ifs,FALSE,10,elitize_generation_data,252,8,0.267,NA
254,51,string-lengths-backwards,ifs,FALSE,10,elitize_generation_data,253,7,0.28,NA
255,51,string-lengths-backwards,ifs,FALSE,10,elitize_generation_data,254,8,0.277,NA
256,51,string-lengths-backwards,ifs,FALSE,10,elitize_generation_data,255,9,0.287,NA
257,51,string-lengths-backwards,ifs,FALSE,10,elitize_generation_data,256,6,0.262,NA
258,51,string-lengths-backwards,ifs,FALSE,10,elitize_generation_data,257,9,0.325,NA
259,51,string-lengths-backwards,ifs,FALSE,10,elitize_generation_data,258,6,0.252,NA
260,51,string-lengths-backwards,ifs,FALSE,10,elitize_generation_data,259,4,0.282,NA
261,51,string-lengths-backwards,ifs,FALSE,10,elitize_generation_data,260,3,0.283,NA
262,51,string-lengths-backwards,ifs,FALSE,10,elitize_generation_data,261,7,0.314,NA
263,51,string-lengths-backwards,ifs,FALSE,10,elitize_generation_data,262,8,0.26,NA
264,51,string-lengths-backwards,ifs,FALSE,10,elitize_generation_data,263,5,0.292,NA
265,51,string-lengths-backwards,ifs,FALSE,10,elitize_generation_data,264,6,0.274,NA
266,51,string-lengths-backwards,ifs,FALSE,10,elitize_generation_data,265,8,0.313,NA
267,51,string-lengths-backwards,ifs,FALSE,10,elitize_generation_data,266,5,0.294,NA
268,51,string-lengths-backwards,ifs,FALSE,10,elitize_generation_data,267,8,0.284,NA
269,51,string-lengths-backwards,ifs,FALSE,10,elitize_generation_data,268,8,0.285,NA
270,51,string-lengths-backwards,ifs,FALSE,10,elitize_generation_data,269,7,0.308,NA
271,51,string-lengths-backwards,ifs,FALSE,10,elitize_generation_data,270,3,0.291,NA
272,51,string-lengths-backwards,ifs,FALSE,10,elitize_generation_data,271,7,0.303,NA
273,51,string-lengths-backwards,ifs,FALSE,10,elitize_generation_data,272,6,0.277,NA
274,51,string-lengths-backwards,ifs,FALSE,10,elitize_generation_data,273,7,0.267,NA
275,51,string-lengths-backwards,ifs,FALSE,10,elitize_generation_data,274,7,0.272,NA
276,51,string-lengths-backwards,ifs,FALSE,10,elitize_generation_data,275,9,0.29,NA
277,51,string-lengths-backwards,ifs,FALSE,10,elitize_generation_data,276,10,0.281,NA
278,51,string-lengths-backwards,ifs,FALSE,10,elitize_generation_data,277,9,0.289,NA
279,51,string-lengths-backwards,ifs,FALSE,10,elitize_generation_data,278,9,0.284,NA
280,51,string-lengths-backwards,ifs,FALSE,10,elitize_generation_data,279,6,0.275,NA
281,51,string-lengths-backwards,ifs,FALSE,10,elitize_generation_data,280,8,0.295,NA
282,51,string-lengths-backwards,ifs,FALSE,10,elitize_generation_data,281,7,0.278,NA
283,51,string-lengths-backwards,ifs,FALSE,10,elitize_generation_data,282,7,0.289,NA
284,51,string-lengths-backwards,ifs,FALSE,10,elitize_generation_data,283,6,0.306,NA
285,51,string-lengths-backwards,ifs,FALSE,10,elitize_generation_data,284,6,0.266,NA
286,51,string-lengths-backwards,ifs,FALSE,10,elitize_generation_data,285,6,0.307,NA
287,51,string-lengths-backwards,ifs,FALSE,10,elitize_generation_data,286,10,0.281,NA
288,51,string-lengths-backwards,ifs,FALSE,10,elitize_generation_data,287,7,0.279,NA
289,51,string-lengths-backwards,ifs,FALSE,10,elitize_generation_data,288,6,0.258,NA
290,51,string-lengths-backwards,ifs,FALSE,10,elitize_generation_data,289,8,0.302,NA
291,51,string-lengths-backwards,ifs,FALSE,10,elitize_generation_data,290,5,0.272,NA
292,51,string-lengths-backwards,ifs,FALSE,10,elitize_generation_data,291,7,0.303,NA
293,51,string-lengths-backwards,ifs,FALSE,10,elitize_generation_data,292,7,0.279,NA
294,51,string-lengths-backwards,ifs,FALSE,10,elitize_generation_data,293,10,0.265,NA
295,51,string-lengths-backwards,ifs,FALSE,10,elitize_generation_data,294,6,0.293,NA
296,51,string-lengths-backwards,ifs,FALSE,10,elitize_generation_data,295,7,0.281,NA
297,51,string-lengths-backwards,ifs,FALSE,10,elitize_generation_data,296,9,0.293,NA
298,51,string-lengths-backwards,ifs,FALSE,10,elitize_generation_data,297,8,0.267,NA
299,51,string-lengths-backwards,ifs,FALSE,10,elitize_generation_data,298,7,0.284,NA
300,51,string-lengths-backwards,ifs,FALSE,10,elitize_generation_data,299,8,0.28,NA
301,51,string-lengths-backwards,ifs,FALSE,10,elitize_generation_data,300,10,0.276,NA
