,run.num,problem,treatment,succeeded,height,normalization.function,generation,cluster.count,error.diversity,success.generation
1,8,string-lengths-backwards,ifs,FALSE,10,elitize_generation_data,0,7,0.261,NA
2,8,string-lengths-backwards,ifs,FALSE,10,elitize_generation_data,1,7,0.158,NA
3,8,string-lengths-backwards,ifs,FALSE,10,elitize_generation_data,2,4,0.25,NA
4,8,string-lengths-backwards,ifs,FALSE,10,elitize_generation_data,3,8,0.167,NA
5,8,string-lengths-backwards,ifs,FALSE,10,elitize_generation_data,4,6,0.084,NA
6,8,string-lengths-backwards,ifs,FALSE,10,elitize_generation_data,5,4,0.086,NA
7,8,string-lengths-backwards,ifs,FALSE,10,elitize_generation_data,6,11,0.076,NA
8,8,string-lengths-backwards,ifs,FALSE,10,elitize_generation_data,7,10,0.109,NA
9,8,string-lengths-backwards,ifs,FALSE,10,elitize_generation_data,8,7,0.182,NA
10,8,string-lengths-backwards,ifs,FALSE,10,elitize_generation_data,9,2,0.212,NA
11,8,string-lengths-backwards,ifs,FALSE,10,elitize_generation_data,10,3,0.228,NA
12,8,string-lengths-backwards,ifs,FALSE,10,elitize_generation_data,11,10,0.193,NA
13,8,string-lengths-backwards,ifs,FALSE,10,elitize_generation_data,12,8,0.249,NA
14,8,string-lengths-backwards,ifs,FALSE,10,elitize_generation_data,13,7,0.319,NA
15,8,string-lengths-backwards,ifs,FALSE,10,elitize_generation_data,14,6,0.346,NA
16,8,string-lengths-backwards,ifs,FALSE,10,elitize_generation_data,15,3,0.418,NA
17,8,string-lengths-backwards,ifs,FALSE,10,elitize_generation_data,16,5,0.411,NA
18,8,string-lengths-backwards,ifs,FALSE,10,elitize_generation_data,17,14,0.462,NA
19,8,string-lengths-backwards,ifs,FALSE,10,elitize_generation_data,18,9,0.588,NA
20,8,string-lengths-backwards,ifs,FALSE,10,elitize_generation_data,19,6,0.592,NA
21,8,string-lengths-backwards,ifs,FALSE,10,elitize_generation_data,20,9,0.461,NA
22,8,string-lengths-backwards,ifs,FALSE,10,elitize_generation_data,21,7,0.397,NA
23,8,string-lengths-backwards,ifs,FALSE,10,elitize_generation_data,22,9,0.388,NA
24,8,string-lengths-backwards,ifs,FALSE,10,elitize_generation_data,23,8,0.431,NA
25,8,string-lengths-backwards,ifs,FALSE,10,elitize_generation_data,24,10,0.421,NA
26,8,string-lengths-backwards,ifs,FALSE,10,elitize_generation_data,25,13,0.441,NA
27,8,string-lengths-backwards,ifs,FALSE,10,elitize_generation_data,26,5,0.457,NA
28,8,string-lengths-backwards,ifs,FALSE,10,elitize_generation_data,27,2,0.443,NA
29,8,string-lengths-backwards,ifs,FALSE,10,elitize_generation_data,28,4,0.407,NA
30,8,string-lengths-backwards,ifs,FALSE,10,elitize_generation_data,29,9,0.424,NA
31,8,string-lengths-backwards,ifs,FALSE,10,elitize_generation_data,30,8,0.454,NA
32,8,string-lengths-backwards,ifs,FALSE,10,elitize_generation_data,31,6,0.452,NA
33,8,string-lengths-backwards,ifs,FALSE,10,elitize_generation_data,32,7,0.479,NA
34,8,string-lengths-backwards,ifs,FALSE,10,elitize_generation_data,33,9,0.43,NA
35,8,string-lengths-backwards,ifs,FALSE,10,elitize_generation_data,34,10,0.372,NA
36,8,string-lengths-backwards,ifs,FALSE,10,elitize_generation_data,35,12,0.307,NA
37,8,string-lengths-backwards,ifs,FALSE,10,elitize_generation_data,36,14,0.257,NA
38,8,string-lengths-backwards,ifs,FALSE,10,elitize_generation_data,37,11,0.237,NA
39,8,string-lengths-backwards,ifs,FALSE,10,elitize_generation_data,38,15,0.198,NA
40,8,string-lengths-backwards,ifs,FALSE,10,elitize_generation_data,39,21,0.214,NA
41,8,string-lengths-backwards,ifs,FALSE,10,elitize_generation_data,40,13,0.271,NA
42,8,string-lengths-backwards,ifs,FALSE,10,elitize_generation_data,41,22,0.326,NA
43,8,string-lengths-backwards,ifs,FALSE,10,elitize_generation_data,42,16,0.386,NA
44,8,string-lengths-backwards,ifs,FALSE,10,elitize_generation_data,43,28,0.401,NA
45,8,string-lengths-backwards,ifs,FALSE,10,elitize_generation_data,44,13,0.369,NA
46,8,string-lengths-backwards,ifs,FALSE,10,elitize_generation_data,45,12,0.332,NA
47,8,string-lengths-backwards,ifs,FALSE,10,elitize_generation_data,46,12,0.337,NA
48,8,string-lengths-backwards,ifs,FALSE,10,elitize_generation_data,47,14,0.334,NA
49,8,string-lengths-backwards,ifs,FALSE,10,elitize_generation_data,48,9,0.332,NA
50,8,string-lengths-backwards,ifs,FALSE,10,elitize_generation_data,49,10,0.328,NA
51,8,string-lengths-backwards,ifs,FALSE,10,elitize_generation_data,50,8,0.391,NA
52,8,string-lengths-backwards,ifs,FALSE,10,elitize_generation_data,51,9,0.407,NA
53,8,string-lengths-backwards,ifs,FALSE,10,elitize_generation_data,52,14,0.333,NA
54,8,string-lengths-backwards,ifs,FALSE,10,elitize_generation_data,53,14,0.326,NA
55,8,string-lengths-backwards,ifs,FALSE,10,elitize_generation_data,54,21,0.34,NA
56,8,string-lengths-backwards,ifs,FALSE,10,elitize_generation_data,55,13,0.377,NA
57,8,string-lengths-backwards,ifs,FALSE,10,elitize_generation_data,56,2,0.426,NA
58,8,string-lengths-backwards,ifs,FALSE,10,elitize_generation_data,57,2,0.453,NA
59,8,string-lengths-backwards,ifs,FALSE,10,elitize_generation_data,58,3,0.449,NA
60,8,string-lengths-backwards,ifs,FALSE,10,elitize_generation_data,59,8,0.424,NA
61,8,string-lengths-backwards,ifs,FALSE,10,elitize_generation_data,60,3,0.377,NA
62,8,string-lengths-backwards,ifs,FALSE,10,elitize_generation_data,61,2,0.3,NA
63,8,string-lengths-backwards,ifs,FALSE,10,elitize_generation_data,62,4,0.204,NA
64,8,string-lengths-backwards,ifs,FALSE,10,elitize_generation_data,63,8,0.289,NA
65,8,string-lengths-backwards,ifs,FALSE,10,elitize_generation_data,64,9,0.319,NA
66,8,string-lengths-backwards,ifs,FALSE,10,elitize_generation_data,65,8,0.277,NA
67,8,string-lengths-backwards,ifs,FALSE,10,elitize_generation_data,66,9,0.194,NA
68,8,string-lengths-backwards,ifs,FALSE,10,elitize_generation_data,67,5,0.154,NA
69,8,string-lengths-backwards,ifs,FALSE,10,elitize_generation_data,68,6,0.198,NA
70,8,string-lengths-backwards,ifs,FALSE,10,elitize_generation_data,69,5,0.216,NA
71,8,string-lengths-backwards,ifs,FALSE,10,elitize_generation_data,70,6,0.218,NA
72,8,string-lengths-backwards,ifs,FALSE,10,elitize_generation_data,71,5,0.2,NA
73,8,string-lengths-backwards,ifs,FALSE,10,elitize_generation_data,72,6,0.215,NA
74,8,string-lengths-backwards,ifs,FALSE,10,elitize_generation_data,73,10,0.215,NA
75,8,string-lengths-backwards,ifs,FALSE,10,elitize_generation_data,74,9,0.228,NA
76,8,string-lengths-backwards,ifs,FALSE,10,elitize_generation_data,75,12,0.222,NA
77,8,string-lengths-backwards,ifs,FALSE,10,elitize_generation_data,76,7,0.2,NA
78,8,string-lengths-backwards,ifs,FALSE,10,elitize_generation_data,77,8,0.204,NA
79,8,string-lengths-backwards,ifs,FALSE,10,elitize_generation_data,78,8,0.2,NA
80,8,string-lengths-backwards,ifs,FALSE,10,elitize_generation_data,79,9,0.23,NA
81,8,string-lengths-backwards,ifs,FALSE,10,elitize_generation_data,80,8,0.215,NA
82,8,string-lengths-backwards,ifs,FALSE,10,elitize_generation_data,81,7,0.194,NA
83,8,string-lengths-backwards,ifs,FALSE,10,elitize_generation_data,82,10,0.248,NA
84,8,string-lengths-backwards,ifs,FALSE,10,elitize_generation_data,83,9,0.238,NA
85,8,string-lengths-backwards,ifs,FALSE,10,elitize_generation_data,84,10,0.224,NA
86,8,string-lengths-backwards,ifs,FALSE,10,elitize_generation_data,85,8,0.243,NA
87,8,string-lengths-backwards,ifs,FALSE,10,elitize_generation_data,86,6,0.205,NA
88,8,string-lengths-backwards,ifs,FALSE,10,elitize_generation_data,87,10,0.173,NA
89,8,string-lengths-backwards,ifs,FALSE,10,elitize_generation_data,88,8,0.201,NA
90,8,string-lengths-backwards,ifs,FALSE,10,elitize_generation_data,89,8,0.18,NA
91,8,string-lengths-backwards,ifs,FALSE,10,elitize_generation_data,90,8,0.177,NA
92,8,string-lengths-backwards,ifs,FALSE,10,elitize_generation_data,91,8,0.216,NA
93,8,string-lengths-backwards,ifs,FALSE,10,elitize_generation_data,92,6,0.199,NA
94,8,string-lengths-backwards,ifs,FALSE,10,elitize_generation_data,93,11,0.218,NA
95,8,string-lengths-backwards,ifs,FALSE,10,elitize_generation_data,94,12,0.205,NA
96,8,string-lengths-backwards,ifs,FALSE,10,elitize_generation_data,95,8,0.214,NA
97,8,string-lengths-backwards,ifs,FALSE,10,elitize_generation_data,96,8,0.188,NA
98,8,string-lengths-backwards,ifs,FALSE,10,elitize_generation_data,97,10,0.157,NA
99,8,string-lengths-backwards,ifs,FALSE,10,elitize_generation_data,98,7,0.153,NA
100,8,string-lengths-backwards,ifs,FALSE,10,elitize_generation_data,99,5,0.157,NA
101,8,string-lengths-backwards,ifs,FALSE,10,elitize_generation_data,100,8,0.167,NA
102,8,string-lengths-backwards,ifs,FALSE,10,elitize_generation_data,101,6,0.191,NA
103,8,string-lengths-backwards,ifs,FALSE,10,elitize_generation_data,102,6,0.167,NA
104,8,string-lengths-backwards,ifs,FALSE,10,elitize_generation_data,103,6,0.17,NA
105,8,string-lengths-backwards,ifs,FALSE,10,elitize_generation_data,104,8,0.178,NA
106,8,string-lengths-backwards,ifs,FALSE,10,elitize_generation_data,105,8,0.187,NA
107,8,string-lengths-backwards,ifs,FALSE,10,elitize_generation_data,106,6,0.17,NA
108,8,string-lengths-backwards,ifs,FALSE,10,elitize_generation_data,107,7,0.173,NA
109,8,string-lengths-backwards,ifs,FALSE,10,elitize_generation_data,108,5,0.177,NA
110,8,string-lengths-backwards,ifs,FALSE,10,elitize_generation_data,109,9,0.185,NA
111,8,string-lengths-backwards,ifs,FALSE,10,elitize_generation_data,110,5,0.184,NA
112,8,string-lengths-backwards,ifs,FALSE,10,elitize_generation_data,111,9,0.196,NA
113,8,string-lengths-backwards,ifs,FALSE,10,elitize_generation_data,112,9,0.189,NA
114,8,string-lengths-backwards,ifs,FALSE,10,elitize_generation_data,113,6,0.191,NA
115,8,string-lengths-backwards,ifs,FALSE,10,elitize_generation_data,114,8,0.189,NA
116,8,string-lengths-backwards,ifs,FALSE,10,elitize_generation_data,115,7,0.19,NA
117,8,string-lengths-backwards,ifs,FALSE,10,elitize_generation_data,116,6,0.18,NA
118,8,string-lengths-backwards,ifs,FALSE,10,elitize_generation_data,117,7,0.205,NA
119,8,string-lengths-backwards,ifs,FALSE,10,elitize_generation_data,118,8,0.179,NA
120,8,string-lengths-backwards,ifs,FALSE,10,elitize_generation_data,119,8,0.204,NA
121,8,string-lengths-backwards,ifs,FALSE,10,elitize_generation_data,120,8,0.194,NA
122,8,string-lengths-backwards,ifs,FALSE,10,elitize_generation_data,121,8,0.185,NA
123,8,string-lengths-backwards,ifs,FALSE,10,elitize_generation_data,122,8,0.205,NA
124,8,string-lengths-backwards,ifs,FALSE,10,elitize_generation_data,123,7,0.182,NA
125,8,string-lengths-backwards,ifs,FALSE,10,elitize_generation_data,124,6,0.172,NA
126,8,string-lengths-backwards,ifs,FALSE,10,elitize_generation_data,125,6,0.195,NA
127,8,string-lengths-backwards,ifs,FALSE,10,elitize_generation_data,126,6,0.191,NA
128,8,string-lengths-backwards,ifs,FALSE,10,elitize_generation_data,127,8,0.191,NA
129,8,string-lengths-backwards,ifs,FALSE,10,elitize_generation_data,128,5,0.213,NA
130,8,string-lengths-backwards,ifs,FALSE,10,elitize_generation_data,129,9,0.195,NA
131,8,string-lengths-backwards,ifs,FALSE,10,elitize_generation_data,130,7,0.209,NA
132,8,string-lengths-backwards,ifs,FALSE,10,elitize_generation_data,131,7,0.183,NA
133,8,string-lengths-backwards,ifs,FALSE,10,elitize_generation_data,132,7,0.19,NA
134,8,string-lengths-backwards,ifs,FALSE,10,elitize_generation_data,133,5,0.198,NA
135,8,string-lengths-backwards,ifs,FALSE,10,elitize_generation_data,134,8,0.208,NA
136,8,string-lengths-backwards,ifs,FALSE,10,elitize_generation_data,135,8,0.196,NA
137,8,string-lengths-backwards,ifs,FALSE,10,elitize_generation_data,136,8,0.173,NA
138,8,string-lengths-backwards,ifs,FALSE,10,elitize_generation_data,137,6,0.204,NA
139,8,string-lengths-backwards,ifs,FALSE,10,elitize_generation_data,138,10,0.206,NA
140,8,string-lengths-backwards,ifs,FALSE,10,elitize_generation_data,139,10,0.218,NA
141,8,string-lengths-backwards,ifs,FALSE,10,elitize_generation_data,140,7,0.2,NA
142,8,string-lengths-backwards,ifs,FALSE,10,elitize_generation_data,141,7,0.197,NA
143,8,string-lengths-backwards,ifs,FALSE,10,elitize_generation_data,142,7,0.228,NA
144,8,string-lengths-backwards,ifs,FALSE,10,elitize_generation_data,143,6,0.203,NA
145,8,string-lengths-backwards,ifs,FALSE,10,elitize_generation_data,144,6,0.211,NA
146,8,string-lengths-backwards,ifs,FALSE,10,elitize_generation_data,145,10,0.218,NA
147,8,string-lengths-backwards,ifs,FALSE,10,elitize_generation_data,146,7,0.198,NA
148,8,string-lengths-backwards,ifs,FALSE,10,elitize_generation_data,147,7,0.19,NA
149,8,string-lengths-backwards,ifs,FALSE,10,elitize_generation_data,148,8,0.2,NA
150,8,string-lengths-backwards,ifs,FALSE,10,elitize_generation_data,149,8,0.216,NA
151,8,string-lengths-backwards,ifs,FALSE,10,elitize_generation_data,150,8,0.197,NA
152,8,string-lengths-backwards,ifs,FALSE,10,elitize_generation_data,151,5,0.186,NA
153,8,string-lengths-backwards,ifs,FALSE,10,elitize_generation_data,152,5,0.201,NA
154,8,string-lengths-backwards,ifs,FALSE,10,elitize_generation_data,153,7,0.187,NA
155,8,string-lengths-backwards,ifs,FALSE,10,elitize_generation_data,154,8,0.178,NA
156,8,string-lengths-backwards,ifs,FALSE,10,elitize_generation_data,155,10,0.201,NA
157,8,string-lengths-backwards,ifs,FALSE,10,elitize_generation_data,156,8,0.168,NA
158,8,string-lengths-backwards,ifs,FALSE,10,elitize_generation_data,157,7,0.187,NA
159,8,string-lengths-backwards,ifs,FALSE,10,elitize_generation_data,158,6,0.19,NA
160,8,string-lengths-backwards,ifs,FALSE,10,elitize_generation_data,159,8,0.192,NA
161,8,string-lengths-backwards,ifs,FALSE,10,elitize_generation_data,160,8,0.202,NA
162,8,string-lengths-backwards,ifs,FALSE,10,elitize_generation_data,161,9,0.189,NA
163,8,string-lengths-backwards,ifs,FALSE,10,elitize_generation_data,162,6,0.198,NA
164,8,string-lengths-backwards,ifs,FALSE,10,elitize_generation_data,163,9,0.179,NA
165,8,string-lengths-backwards,ifs,FALSE,10,elitize_generation_data,164,8,0.189,NA
166,8,string-lengths-backwards,ifs,FALSE,10,elitize_generation_data,165,7,0.184,NA
167,8,string-lengths-backwards,ifs,FALSE,10,elitize_generation_data,166,7,0.173,NA
168,8,string-lengths-backwards,ifs,FALSE,10,elitize_generation_data,167,9,0.187,NA
169,8,string-lengths-backwards,ifs,FALSE,10,elitize_generation_data,168,7,0.175,NA
170,8,string-lengths-backwards,ifs,FALSE,10,elitize_generation_data,169,9,0.171,NA
171,8,string-lengths-backwards,ifs,FALSE,10,elitize_generation_data,170,7,0.174,NA
172,8,string-lengths-backwards,ifs,FALSE,10,elitize_generation_data,171,9,0.175,NA
173,8,string-lengths-backwards,ifs,FALSE,10,elitize_generation_data,172,9,0.183,NA
174,8,string-lengths-backwards,ifs,FALSE,10,elitize_generation_data,173,5,0.18,NA
175,8,string-lengths-backwards,ifs,FALSE,10,elitize_generation_data,174,6,0.183,NA
176,8,string-lengths-backwards,ifs,FALSE,10,elitize_generation_data,175,7,0.185,NA
177,8,string-lengths-backwards,ifs,FALSE,10,elitize_generation_data,176,7,0.179,NA
178,8,string-lengths-backwards,ifs,FALSE,10,elitize_generation_data,177,6,0.196,NA
179,8,string-lengths-backwards,ifs,FALSE,10,elitize_generation_data,178,8,0.164,NA
180,8,string-lengths-backwards,ifs,FALSE,10,elitize_generation_data,179,6,0.176,NA
181,8,string-lengths-backwards,ifs,FALSE,10,elitize_generation_data,180,7,0.175,NA
182,8,string-lengths-backwards,ifs,FALSE,10,elitize_generation_data,181,5,0.186,NA
183,8,string-lengths-backwards,ifs,FALSE,10,elitize_generation_data,182,7,0.181,NA
184,8,string-lengths-backwards,ifs,FALSE,10,elitize_generation_data,183,6,0.184,NA
185,8,string-lengths-backwards,ifs,FALSE,10,elitize_generation_data,184,9,0.18,NA
186,8,string-lengths-backwards,ifs,FALSE,10,elitize_generation_data,185,9,0.161,NA
187,8,string-lengths-backwards,ifs,FALSE,10,elitize_generation_data,186,7,0.175,NA
188,8,string-lengths-backwards,ifs,FALSE,10,elitize_generation_data,187,6,0.174,NA
189,8,string-lengths-backwards,ifs,FALSE,10,elitize_generation_data,188,9,0.178,NA
190,8,string-lengths-backwards,ifs,FALSE,10,elitize_generation_data,189,6,0.192,NA
191,8,string-lengths-backwards,ifs,FALSE,10,elitize_generation_data,190,4,0.189,NA
192,8,string-lengths-backwards,ifs,FALSE,10,elitize_generation_data,191,4,0.173,NA
193,8,string-lengths-backwards,ifs,FALSE,10,elitize_generation_data,192,4,0.187,NA
194,8,string-lengths-backwards,ifs,FALSE,10,elitize_generation_data,193,4,0.16,NA
195,8,string-lengths-backwards,ifs,FALSE,10,elitize_generation_data,194,9,0.113,NA
196,8,string-lengths-backwards,ifs,FALSE,10,elitize_generation_data,195,5,0.075,NA
197,8,string-lengths-backwards,ifs,FALSE,10,elitize_generation_data,196,5,0.076,NA
198,8,string-lengths-backwards,ifs,FALSE,10,elitize_generation_data,197,3,0.065,NA
199,8,string-lengths-backwards,ifs,FALSE,10,elitize_generation_data,198,6,0.067,NA
200,8,string-lengths-backwards,ifs,FALSE,10,elitize_generation_data,199,6,0.065,NA
201,8,string-lengths-backwards,ifs,FALSE,10,elitize_generation_data,200,3,0.083,NA
202,8,string-lengths-backwards,ifs,FALSE,10,elitize_generation_data,201,7,0.072,NA
203,8,string-lengths-backwards,ifs,FALSE,10,elitize_generation_data,202,5,0.071,NA
204,8,string-lengths-backwards,ifs,FALSE,10,elitize_generation_data,203,7,0.084,NA
205,8,string-lengths-backwards,ifs,FALSE,10,elitize_generation_data,204,4,0.076,NA
206,8,string-lengths-backwards,ifs,FALSE,10,elitize_generation_data,205,5,0.092,NA
207,8,string-lengths-backwards,ifs,FALSE,10,elitize_generation_data,206,6,0.087,NA
208,8,string-lengths-backwards,ifs,FALSE,10,elitize_generation_data,207,6,0.087,NA
209,8,string-lengths-backwards,ifs,FALSE,10,elitize_generation_data,208,4,0.08,NA
210,8,string-lengths-backwards,ifs,FALSE,10,elitize_generation_data,209,6,0.077,NA
211,8,string-lengths-backwards,ifs,FALSE,10,elitize_generation_data,210,3,0.088,NA
212,8,string-lengths-backwards,ifs,FALSE,10,elitize_generation_data,211,3,0.066,NA
213,8,string-lengths-backwards,ifs,FALSE,10,elitize_generation_data,212,6,0.086,NA
214,8,string-lengths-backwards,ifs,FALSE,10,elitize_generation_data,213,6,0.08,NA
215,8,string-lengths-backwards,ifs,FALSE,10,elitize_generation_data,214,6,0.081,NA
216,8,string-lengths-backwards,ifs,FALSE,10,elitize_generation_data,215,5,0.094,NA
217,8,string-lengths-backwards,ifs,FALSE,10,elitize_generation_data,216,4,0.081,NA
218,8,string-lengths-backwards,ifs,FALSE,10,elitize_generation_data,217,3,0.079,NA
219,8,string-lengths-backwards,ifs,FALSE,10,elitize_generation_data,218,5,0.083,NA
220,8,string-lengths-backwards,ifs,FALSE,10,elitize_generation_data,219,4,0.082,NA
221,8,string-lengths-backwards,ifs,FALSE,10,elitize_generation_data,220,4,0.077,NA
222,8,string-lengths-backwards,ifs,FALSE,10,elitize_generation_data,221,4,0.076,NA
223,8,string-lengths-backwards,ifs,FALSE,10,elitize_generation_data,222,6,0.079,NA
224,8,string-lengths-backwards,ifs,FALSE,10,elitize_generation_data,223,4,0.084,NA
225,8,string-lengths-backwards,ifs,FALSE,10,elitize_generation_data,224,3,0.077,NA
226,8,string-lengths-backwards,ifs,FALSE,10,elitize_generation_data,225,5,0.099,NA
227,8,string-lengths-backwards,ifs,FALSE,10,elitize_generation_data,226,4,0.089,NA
228,8,string-lengths-backwards,ifs,FALSE,10,elitize_generation_data,227,4,0.075,NA
229,8,string-lengths-backwards,ifs,FALSE,10,elitize_generation_data,228,5,0.083,NA
230,8,string-lengths-backwards,ifs,FALSE,10,elitize_generation_data,229,4,0.078,NA
231,8,string-lengths-backwards,ifs,FALSE,10,elitize_generation_data,230,5,0.085,NA
232,8,string-lengths-backwards,ifs,FALSE,10,elitize_generation_data,231,4,0.078,NA
233,8,string-lengths-backwards,ifs,FALSE,10,elitize_generation_data,232,5,0.082,NA
234,8,string-lengths-backwards,ifs,FALSE,10,elitize_generation_data,233,4,0.08,NA
235,8,string-lengths-backwards,ifs,FALSE,10,elitize_generation_data,234,4,0.075,NA
236,8,string-lengths-backwards,ifs,FALSE,10,elitize_generation_data,235,5,0.077,NA
237,8,string-lengths-backwards,ifs,FALSE,10,elitize_generation_data,236,4,0.087,NA
238,8,string-lengths-backwards,ifs,FALSE,10,elitize_generation_data,237,4,0.085,NA
239,8,string-lengths-backwards,ifs,FALSE,10,elitize_generation_data,238,4,0.088,NA
240,8,string-lengths-backwards,ifs,FALSE,10,elitize_generation_data,239,5,0.084,NA
241,8,string-lengths-backwards,ifs,FALSE,10,elitize_generation_data,240,6,0.073,NA
242,8,string-lengths-backwards,ifs,FALSE,10,elitize_generation_data,241,4,0.075,NA
243,8,string-lengths-backwards,ifs,FALSE,10,elitize_generation_data,242,5,0.081,NA
244,8,string-lengths-backwards,ifs,FALSE,10,elitize_generation_data,243,3,0.08,NA
245,8,string-lengths-backwards,ifs,FALSE,10,elitize_generation_data,244,5,0.082,NA
246,8,string-lengths-backwards,ifs,FALSE,10,elitize_generation_data,245,4,0.071,NA
247,8,string-lengths-backwards,ifs,FALSE,10,elitize_generation_data,246,4,0.075,NA
248,8,string-lengths-backwards,ifs,FALSE,10,elitize_generation_data,247,5,0.082,NA
249,8,string-lengths-backwards,ifs,FALSE,10,elitize_generation_data,248,4,0.067,NA
250,8,string-lengths-backwards,ifs,FALSE,10,elitize_generation_data,249,5,0.085,NA
251,8,string-lengths-backwards,ifs,FALSE,10,elitize_generation_data,250,4,0.082,NA
252,8,string-lengths-backwards,ifs,FALSE,10,elitize_generation_data,251,4,0.08,NA
253,8,string-lengths-backwards,ifs,FALSE,10,elitize_generation_data,252,4,0.078,NA
254,8,string-lengths-backwards,ifs,FALSE,10,elitize_generation_data,253,6,0.086,NA
255,8,string-lengths-backwards,ifs,FALSE,10,elitize_generation_data,254,7,0.089,NA
256,8,string-lengths-backwards,ifs,FALSE,10,elitize_generation_data,255,6,0.077,NA
257,8,string-lengths-backwards,ifs,FALSE,10,elitize_generation_data,256,5,0.075,NA
258,8,string-lengths-backwards,ifs,FALSE,10,elitize_generation_data,257,5,0.085,NA
259,8,string-lengths-backwards,ifs,FALSE,10,elitize_generation_data,258,5,0.075,NA
260,8,string-lengths-backwards,ifs,FALSE,10,elitize_generation_data,259,3,0.069,NA
261,8,string-lengths-backwards,ifs,FALSE,10,elitize_generation_data,260,6,0.068,NA
262,8,string-lengths-backwards,ifs,FALSE,10,elitize_generation_data,261,4,0.075,NA
263,8,string-lengths-backwards,ifs,FALSE,10,elitize_generation_data,262,6,0.071,NA
264,8,string-lengths-backwards,ifs,FALSE,10,elitize_generation_data,263,5,0.08,NA
265,8,string-lengths-backwards,ifs,FALSE,10,elitize_generation_data,264,5,0.069,NA
266,8,string-lengths-backwards,ifs,FALSE,10,elitize_generation_data,265,5,0.083,NA
267,8,string-lengths-backwards,ifs,FALSE,10,elitize_generation_data,266,4,0.079,NA
268,8,string-lengths-backwards,ifs,FALSE,10,elitize_generation_data,267,7,0.074,NA
269,8,string-lengths-backwards,ifs,FALSE,10,elitize_generation_data,268,3,0.07,NA
270,8,string-lengths-backwards,ifs,FALSE,10,elitize_generation_data,269,6,0.069,NA
271,8,string-lengths-backwards,ifs,FALSE,10,elitize_generation_data,270,7,0.076,NA
272,8,string-lengths-backwards,ifs,FALSE,10,elitize_generation_data,271,4,0.08,NA
273,8,string-lengths-backwards,ifs,FALSE,10,elitize_generation_data,272,6,0.078,NA
274,8,string-lengths-backwards,ifs,FALSE,10,elitize_generation_data,273,5,0.093,NA
275,8,string-lengths-backwards,ifs,FALSE,10,elitize_generation_data,274,4,0.065,NA
276,8,string-lengths-backwards,ifs,FALSE,10,elitize_generation_data,275,8,0.074,NA
277,8,string-lengths-backwards,ifs,FALSE,10,elitize_generation_data,276,6,0.078,NA
278,8,string-lengths-backwards,ifs,FALSE,10,elitize_generation_data,277,7,0.089,NA
279,8,string-lengths-backwards,ifs,FALSE,10,elitize_generation_data,278,6,0.067,NA
280,8,string-lengths-backwards,ifs,FALSE,10,elitize_generation_data,279,6,0.076,NA
281,8,string-lengths-backwards,ifs,FALSE,10,elitize_generation_data,280,6,0.07,NA
282,8,string-lengths-backwards,ifs,FALSE,10,elitize_generation_data,281,5,0.069,NA
283,8,string-lengths-backwards,ifs,FALSE,10,elitize_generation_data,282,6,0.071,NA
284,8,string-lengths-backwards,ifs,FALSE,10,elitize_generation_data,283,5,0.062,NA
285,8,string-lengths-backwards,ifs,FALSE,10,elitize_generation_data,284,5,0.069,NA
286,8,string-lengths-backwards,ifs,FALSE,10,elitize_generation_data,285,5,0.077,NA
287,8,string-lengths-backwards,ifs,FALSE,10,elitize_generation_data,286,5,0.072,NA
288,8,string-lengths-backwards,ifs,FALSE,10,elitize_generation_data,287,5,0.069,NA
289,8,string-lengths-backwards,ifs,FALSE,10,elitize_generation_data,288,6,0.073,NA
290,8,string-lengths-backwards,ifs,FALSE,10,elitize_generation_data,289,3,0.064,NA
291,8,string-lengths-backwards,ifs,FALSE,10,elitize_generation_data,290,5,0.075,NA
292,8,string-lengths-backwards,ifs,FALSE,10,elitize_generation_data,291,3,0.055,NA
293,8,string-lengths-backwards,ifs,FALSE,10,elitize_generation_data,292,4,0.066,NA
294,8,string-lengths-backwards,ifs,FALSE,10,elitize_generation_data,293,4,0.059,NA
295,8,string-lengths-backwards,ifs,FALSE,10,elitize_generation_data,294,4,0.069,NA
296,8,string-lengths-backwards,ifs,FALSE,10,elitize_generation_data,295,6,0.071,NA
297,8,string-lengths-backwards,ifs,FALSE,10,elitize_generation_data,296,5,0.068,NA
298,8,string-lengths-backwards,ifs,FALSE,10,elitize_generation_data,297,6,0.074,NA
299,8,string-lengths-backwards,ifs,FALSE,10,elitize_generation_data,298,6,0.073,NA
300,8,string-lengths-backwards,ifs,FALSE,10,elitize_generation_data,299,4,0.068,NA
301,8,string-lengths-backwards,ifs,FALSE,10,elitize_generation_data,300,6,0.069,NA
