,run.num,problem,treatment,succeeded,height,normalization.function,generation,cluster.count,error.diversity,success.generation
1,55,string-lengths-backwards,ifs,FALSE,10,elitize_generation_data,0,9,0.271,NA
2,55,string-lengths-backwards,ifs,FALSE,10,elitize_generation_data,1,10,0.164,NA
3,55,string-lengths-backwards,ifs,FALSE,10,elitize_generation_data,2,9,0.233,NA
4,55,string-lengths-backwards,ifs,FALSE,10,elitize_generation_data,3,3,0.277,NA
5,55,string-lengths-backwards,ifs,FALSE,10,elitize_generation_data,4,7,0.183,NA
6,55,string-lengths-backwards,ifs,FALSE,10,elitize_generation_data,5,12,0.098,NA
7,55,string-lengths-backwards,ifs,FALSE,10,elitize_generation_data,6,8,0.091,NA
8,55,string-lengths-backwards,ifs,FALSE,10,elitize_generation_data,7,9,0.101,NA
9,55,string-lengths-backwards,ifs,FALSE,10,elitize_generation_data,8,18,0.095,NA
10,55,string-lengths-backwards,ifs,FALSE,10,elitize_generation_data,9,20,0.157,NA
11,55,string-lengths-backwards,ifs,FALSE,10,elitize_generation_data,10,10,0.171,NA
12,55,string-lengths-backwards,ifs,FALSE,10,elitize_generation_data,11,20,0.137,NA
13,55,string-lengths-backwards,ifs,FALSE,10,elitize_generation_data,12,12,0.173,NA
14,55,string-lengths-backwards,ifs,FALSE,10,elitize_generation_data,13,21,0.287,NA
15,55,string-lengths-backwards,ifs,FALSE,10,elitize_generation_data,14,28,0.341,NA
16,55,string-lengths-backwards,ifs,FALSE,10,elitize_generation_data,15,18,0.291,NA
17,55,string-lengths-backwards,ifs,FALSE,10,elitize_generation_data,16,16,0.278,NA
18,55,string-lengths-backwards,ifs,FALSE,10,elitize_generation_data,17,14,0.347,NA
19,55,string-lengths-backwards,ifs,FALSE,10,elitize_generation_data,18,28,0.347,NA
20,55,string-lengths-backwards,ifs,FALSE,10,elitize_generation_data,19,28,0.24,NA
21,55,string-lengths-backwards,ifs,FALSE,10,elitize_generation_data,20,29,0.279,NA
22,55,string-lengths-backwards,ifs,FALSE,10,elitize_generation_data,21,21,0.287,NA
23,55,string-lengths-backwards,ifs,FALSE,10,elitize_generation_data,22,15,0.281,NA
24,55,string-lengths-backwards,ifs,FALSE,10,elitize_generation_data,23,16,0.353,NA
25,55,string-lengths-backwards,ifs,FALSE,10,elitize_generation_data,24,14,0.291,NA
26,55,string-lengths-backwards,ifs,FALSE,10,elitize_generation_data,25,8,0.23,NA
27,55,string-lengths-backwards,ifs,FALSE,10,elitize_generation_data,26,9,0.338,NA
28,55,string-lengths-backwards,ifs,FALSE,10,elitize_generation_data,27,13,0.396,NA
29,55,string-lengths-backwards,ifs,FALSE,10,elitize_generation_data,28,5,0.404,NA
30,55,string-lengths-backwards,ifs,FALSE,10,elitize_generation_data,29,4,0.426,NA
31,55,string-lengths-backwards,ifs,FALSE,10,elitize_generation_data,30,6,0.429,NA
32,55,string-lengths-backwards,ifs,FALSE,10,elitize_generation_data,31,7,0.47,NA
33,55,string-lengths-backwards,ifs,FALSE,10,elitize_generation_data,32,8,0.459,NA
34,55,string-lengths-backwards,ifs,FALSE,10,elitize_generation_data,33,2,0.347,NA
35,55,string-lengths-backwards,ifs,FALSE,10,elitize_generation_data,34,3,0.199,NA
36,55,string-lengths-backwards,ifs,FALSE,10,elitize_generation_data,35,5,0.186,NA
37,55,string-lengths-backwards,ifs,FALSE,10,elitize_generation_data,36,7,0.201,NA
38,55,string-lengths-backwards,ifs,FALSE,10,elitize_generation_data,37,6,0.256,NA
39,55,string-lengths-backwards,ifs,FALSE,10,elitize_generation_data,38,8,0.201,NA
40,55,string-lengths-backwards,ifs,FALSE,10,elitize_generation_data,39,8,0.187,NA
41,55,string-lengths-backwards,ifs,FALSE,10,elitize_generation_data,40,7,0.16,NA
42,55,string-lengths-backwards,ifs,FALSE,10,elitize_generation_data,41,5,0.188,NA
43,55,string-lengths-backwards,ifs,FALSE,10,elitize_generation_data,42,6,0.172,NA
44,55,string-lengths-backwards,ifs,FALSE,10,elitize_generation_data,43,5,0.138,NA
45,55,string-lengths-backwards,ifs,FALSE,10,elitize_generation_data,44,5,0.145,NA
46,55,string-lengths-backwards,ifs,FALSE,10,elitize_generation_data,45,8,0.132,NA
47,55,string-lengths-backwards,ifs,FALSE,10,elitize_generation_data,46,5,0.102,NA
48,55,string-lengths-backwards,ifs,FALSE,10,elitize_generation_data,47,6,0.087,NA
49,55,string-lengths-backwards,ifs,FALSE,10,elitize_generation_data,48,7,0.086,NA
50,55,string-lengths-backwards,ifs,FALSE,10,elitize_generation_data,49,8,0.081,NA
51,55,string-lengths-backwards,ifs,FALSE,10,elitize_generation_data,50,4,0.087,NA
52,55,string-lengths-backwards,ifs,FALSE,10,elitize_generation_data,51,7,0.096,NA
53,55,string-lengths-backwards,ifs,FALSE,10,elitize_generation_data,52,4,0.087,NA
54,55,string-lengths-backwards,ifs,FALSE,10,elitize_generation_data,53,6,0.086,NA
55,55,string-lengths-backwards,ifs,FALSE,10,elitize_generation_data,54,7,0.086,NA
56,55,string-lengths-backwards,ifs,FALSE,10,elitize_generation_data,55,7,0.096,NA
57,55,string-lengths-backwards,ifs,FALSE,10,elitize_generation_data,56,6,0.078,NA
58,55,string-lengths-backwards,ifs,FALSE,10,elitize_generation_data,57,5,0.084,NA
59,55,string-lengths-backwards,ifs,FALSE,10,elitize_generation_data,58,7,0.085,NA
60,55,string-lengths-backwards,ifs,FALSE,10,elitize_generation_data,59,5,0.079,NA
61,55,string-lengths-backwards,ifs,FALSE,10,elitize_generation_data,60,7,0.086,NA
62,55,string-lengths-backwards,ifs,FALSE,10,elitize_generation_data,61,6,0.078,NA
63,55,string-lengths-backwards,ifs,FALSE,10,elitize_generation_data,62,6,0.068,NA
64,55,string-lengths-backwards,ifs,FALSE,10,elitize_generation_data,63,7,0.084,NA
65,55,string-lengths-backwards,ifs,FALSE,10,elitize_generation_data,64,7,0.09,NA
66,55,string-lengths-backwards,ifs,FALSE,10,elitize_generation_data,65,5,0.084,NA
67,55,string-lengths-backwards,ifs,FALSE,10,elitize_generation_data,66,7,0.089,NA
68,55,string-lengths-backwards,ifs,FALSE,10,elitize_generation_data,67,6,0.078,NA
69,55,string-lengths-backwards,ifs,FALSE,10,elitize_generation_data,68,5,0.082,NA
70,55,string-lengths-backwards,ifs,FALSE,10,elitize_generation_data,69,5,0.075,NA
71,55,string-lengths-backwards,ifs,FALSE,10,elitize_generation_data,70,5,0.086,NA
72,55,string-lengths-backwards,ifs,FALSE,10,elitize_generation_data,71,5,0.087,NA
73,55,string-lengths-backwards,ifs,FALSE,10,elitize_generation_data,72,7,0.084,NA
74,55,string-lengths-backwards,ifs,FALSE,10,elitize_generation_data,73,4,0.08,NA
75,55,string-lengths-backwards,ifs,FALSE,10,elitize_generation_data,74,6,0.065,NA
76,55,string-lengths-backwards,ifs,FALSE,10,elitize_generation_data,75,5,0.082,NA
77,55,string-lengths-backwards,ifs,FALSE,10,elitize_generation_data,76,5,0.057,NA
78,55,string-lengths-backwards,ifs,FALSE,10,elitize_generation_data,77,5,0.077,NA
79,55,string-lengths-backwards,ifs,FALSE,10,elitize_generation_data,78,6,0.073,NA
80,55,string-lengths-backwards,ifs,FALSE,10,elitize_generation_data,79,5,0.068,NA
81,55,string-lengths-backwards,ifs,FALSE,10,elitize_generation_data,80,6,0.081,NA
82,55,string-lengths-backwards,ifs,FALSE,10,elitize_generation_data,81,6,0.081,NA
83,55,string-lengths-backwards,ifs,FALSE,10,elitize_generation_data,82,5,0.075,NA
84,55,string-lengths-backwards,ifs,FALSE,10,elitize_generation_data,83,4,0.07,NA
85,55,string-lengths-backwards,ifs,FALSE,10,elitize_generation_data,84,6,0.08,NA
86,55,string-lengths-backwards,ifs,FALSE,10,elitize_generation_data,85,5,0.066,NA
87,55,string-lengths-backwards,ifs,FALSE,10,elitize_generation_data,86,7,0.06,NA
88,55,string-lengths-backwards,ifs,FALSE,10,elitize_generation_data,87,6,0.077,NA
89,55,string-lengths-backwards,ifs,FALSE,10,elitize_generation_data,88,4,0.062,NA
90,55,string-lengths-backwards,ifs,FALSE,10,elitize_generation_data,89,5,0.064,NA
91,55,string-lengths-backwards,ifs,FALSE,10,elitize_generation_data,90,5,0.079,NA
92,55,string-lengths-backwards,ifs,FALSE,10,elitize_generation_data,91,7,0.077,NA
93,55,string-lengths-backwards,ifs,FALSE,10,elitize_generation_data,92,4,0.068,NA
94,55,string-lengths-backwards,ifs,FALSE,10,elitize_generation_data,93,5,0.05,NA
95,55,string-lengths-backwards,ifs,FALSE,10,elitize_generation_data,94,4,0.061,NA
96,55,string-lengths-backwards,ifs,FALSE,10,elitize_generation_data,95,6,0.067,NA
97,55,string-lengths-backwards,ifs,FALSE,10,elitize_generation_data,96,5,0.057,NA
98,55,string-lengths-backwards,ifs,FALSE,10,elitize_generation_data,97,4,0.064,NA
99,55,string-lengths-backwards,ifs,FALSE,10,elitize_generation_data,98,5,0.067,NA
100,55,string-lengths-backwards,ifs,FALSE,10,elitize_generation_data,99,7,0.06,NA
101,55,string-lengths-backwards,ifs,FALSE,10,elitize_generation_data,100,5,0.055,NA
102,55,string-lengths-backwards,ifs,FALSE,10,elitize_generation_data,101,5,0.066,NA
103,55,string-lengths-backwards,ifs,FALSE,10,elitize_generation_data,102,4,0.059,NA
104,55,string-lengths-backwards,ifs,FALSE,10,elitize_generation_data,103,6,0.057,NA
105,55,string-lengths-backwards,ifs,FALSE,10,elitize_generation_data,104,6,0.062,NA
106,55,string-lengths-backwards,ifs,FALSE,10,elitize_generation_data,105,4,0.068,NA
107,55,string-lengths-backwards,ifs,FALSE,10,elitize_generation_data,106,4,0.067,NA
108,55,string-lengths-backwards,ifs,FALSE,10,elitize_generation_data,107,6,0.059,NA
109,55,string-lengths-backwards,ifs,FALSE,10,elitize_generation_data,108,3,0.046,NA
110,55,string-lengths-backwards,ifs,FALSE,10,elitize_generation_data,109,4,0.061,NA
111,55,string-lengths-backwards,ifs,FALSE,10,elitize_generation_data,110,5,0.064,NA
112,55,string-lengths-backwards,ifs,FALSE,10,elitize_generation_data,111,5,0.058,NA
113,55,string-lengths-backwards,ifs,FALSE,10,elitize_generation_data,112,5,0.055,NA
114,55,string-lengths-backwards,ifs,FALSE,10,elitize_generation_data,113,4,0.061,NA
115,55,string-lengths-backwards,ifs,FALSE,10,elitize_generation_data,114,3,0.064,NA
116,55,string-lengths-backwards,ifs,FALSE,10,elitize_generation_data,115,6,0.063,NA
117,55,string-lengths-backwards,ifs,FALSE,10,elitize_generation_data,116,6,0.052,NA
118,55,string-lengths-backwards,ifs,FALSE,10,elitize_generation_data,117,6,0.06,NA
119,55,string-lengths-backwards,ifs,FALSE,10,elitize_generation_data,118,6,0.056,NA
120,55,string-lengths-backwards,ifs,FALSE,10,elitize_generation_data,119,4,0.052,NA
121,55,string-lengths-backwards,ifs,FALSE,10,elitize_generation_data,120,4,0.056,NA
122,55,string-lengths-backwards,ifs,FALSE,10,elitize_generation_data,121,7,0.061,NA
123,55,string-lengths-backwards,ifs,FALSE,10,elitize_generation_data,122,3,0.067,NA
124,55,string-lengths-backwards,ifs,FALSE,10,elitize_generation_data,123,5,0.047,NA
125,55,string-lengths-backwards,ifs,FALSE,10,elitize_generation_data,124,7,0.058,NA
126,55,string-lengths-backwards,ifs,FALSE,10,elitize_generation_data,125,4,0.057,NA
127,55,string-lengths-backwards,ifs,FALSE,10,elitize_generation_data,126,4,0.056,NA
128,55,string-lengths-backwards,ifs,FALSE,10,elitize_generation_data,127,4,0.048,NA
129,55,string-lengths-backwards,ifs,FALSE,10,elitize_generation_data,128,5,0.052,NA
130,55,string-lengths-backwards,ifs,FALSE,10,elitize_generation_data,129,3,0.055,NA
131,55,string-lengths-backwards,ifs,FALSE,10,elitize_generation_data,130,7,0.053,NA
132,55,string-lengths-backwards,ifs,FALSE,10,elitize_generation_data,131,5,0.056,NA
133,55,string-lengths-backwards,ifs,FALSE,10,elitize_generation_data,132,4,0.049,NA
134,55,string-lengths-backwards,ifs,FALSE,10,elitize_generation_data,133,5,0.062,NA
135,55,string-lengths-backwards,ifs,FALSE,10,elitize_generation_data,134,5,0.04,NA
136,55,string-lengths-backwards,ifs,FALSE,10,elitize_generation_data,135,3,0.042,NA
137,55,string-lengths-backwards,ifs,FALSE,10,elitize_generation_data,136,3,0.049,NA
138,55,string-lengths-backwards,ifs,FALSE,10,elitize_generation_data,137,6,0.06,NA
139,55,string-lengths-backwards,ifs,FALSE,10,elitize_generation_data,138,4,0.054,NA
140,55,string-lengths-backwards,ifs,FALSE,10,elitize_generation_data,139,5,0.061,NA
141,55,string-lengths-backwards,ifs,FALSE,10,elitize_generation_data,140,4,0.049,NA
142,55,string-lengths-backwards,ifs,FALSE,10,elitize_generation_data,141,7,0.052,NA
143,55,string-lengths-backwards,ifs,FALSE,10,elitize_generation_data,142,4,0.048,NA
144,55,string-lengths-backwards,ifs,FALSE,10,elitize_generation_data,143,6,0.053,NA
145,55,string-lengths-backwards,ifs,FALSE,10,elitize_generation_data,144,7,0.043,NA
146,55,string-lengths-backwards,ifs,FALSE,10,elitize_generation_data,145,5,0.062,NA
147,55,string-lengths-backwards,ifs,FALSE,10,elitize_generation_data,146,6,0.045,NA
148,55,string-lengths-backwards,ifs,FALSE,10,elitize_generation_data,147,5,0.047,NA
149,55,string-lengths-backwards,ifs,FALSE,10,elitize_generation_data,148,5,0.055,NA
150,55,string-lengths-backwards,ifs,FALSE,10,elitize_generation_data,149,7,0.058,NA
151,55,string-lengths-backwards,ifs,FALSE,10,elitize_generation_data,150,5,0.049,NA
152,55,string-lengths-backwards,ifs,FALSE,10,elitize_generation_data,151,4,0.05,NA
153,55,string-lengths-backwards,ifs,FALSE,10,elitize_generation_data,152,4,0.046,NA
154,55,string-lengths-backwards,ifs,FALSE,10,elitize_generation_data,153,5,0.044,NA
155,55,string-lengths-backwards,ifs,FALSE,10,elitize_generation_data,154,4,0.047,NA
156,55,string-lengths-backwards,ifs,FALSE,10,elitize_generation_data,155,5,0.045,NA
157,55,string-lengths-backwards,ifs,FALSE,10,elitize_generation_data,156,4,0.052,NA
158,55,string-lengths-backwards,ifs,FALSE,10,elitize_generation_data,157,3,0.049,NA
159,55,string-lengths-backwards,ifs,FALSE,10,elitize_generation_data,158,4,0.035,NA
160,55,string-lengths-backwards,ifs,FALSE,10,elitize_generation_data,159,4,0.04,NA
161,55,string-lengths-backwards,ifs,FALSE,10,elitize_generation_data,160,3,0.041,NA
162,55,string-lengths-backwards,ifs,FALSE,10,elitize_generation_data,161,3,0.05,NA
163,55,string-lengths-backwards,ifs,FALSE,10,elitize_generation_data,162,4,0.04,NA
164,55,string-lengths-backwards,ifs,FALSE,10,elitize_generation_data,163,3,0.054,NA
165,55,string-lengths-backwards,ifs,FALSE,10,elitize_generation_data,164,5,0.052,NA
166,55,string-lengths-backwards,ifs,FALSE,10,elitize_generation_data,165,3,0.042,NA
167,55,string-lengths-backwards,ifs,FALSE,10,elitize_generation_data,166,2,0.041,NA
168,55,string-lengths-backwards,ifs,FALSE,10,elitize_generation_data,167,5,0.039,NA
169,55,string-lengths-backwards,ifs,FALSE,10,elitize_generation_data,168,4,0.049,NA
170,55,string-lengths-backwards,ifs,FALSE,10,elitize_generation_data,169,3,0.049,NA
171,55,string-lengths-backwards,ifs,FALSE,10,elitize_generation_data,170,2,0.036,NA
172,55,string-lengths-backwards,ifs,FALSE,10,elitize_generation_data,171,3,0.057,NA
173,55,string-lengths-backwards,ifs,FALSE,10,elitize_generation_data,172,4,0.035,NA
174,55,string-lengths-backwards,ifs,FALSE,10,elitize_generation_data,173,4,0.039,NA
175,55,string-lengths-backwards,ifs,FALSE,10,elitize_generation_data,174,3,0.042,NA
176,55,string-lengths-backwards,ifs,FALSE,10,elitize_generation_data,175,3,0.034,NA
177,55,string-lengths-backwards,ifs,FALSE,10,elitize_generation_data,176,4,0.047,NA
178,55,string-lengths-backwards,ifs,FALSE,10,elitize_generation_data,177,4,0.041,NA
179,55,string-lengths-backwards,ifs,FALSE,10,elitize_generation_data,178,5,0.048,NA
180,55,string-lengths-backwards,ifs,FALSE,10,elitize_generation_data,179,4,0.04,NA
181,55,string-lengths-backwards,ifs,FALSE,10,elitize_generation_data,180,2,0.045,NA
182,55,string-lengths-backwards,ifs,FALSE,10,elitize_generation_data,181,4,0.042,NA
183,55,string-lengths-backwards,ifs,FALSE,10,elitize_generation_data,182,3,0.045,NA
184,55,string-lengths-backwards,ifs,FALSE,10,elitize_generation_data,183,3,0.043,NA
185,55,string-lengths-backwards,ifs,FALSE,10,elitize_generation_data,184,4,0.041,NA
186,55,string-lengths-backwards,ifs,FALSE,10,elitize_generation_data,185,5,0.044,NA
187,55,string-lengths-backwards,ifs,FALSE,10,elitize_generation_data,186,3,0.045,NA
188,55,string-lengths-backwards,ifs,FALSE,10,elitize_generation_data,187,3,0.039,NA
189,55,string-lengths-backwards,ifs,FALSE,10,elitize_generation_data,188,2,0.043,NA
190,55,string-lengths-backwards,ifs,FALSE,10,elitize_generation_data,189,3,0.043,NA
191,55,string-lengths-backwards,ifs,FALSE,10,elitize_generation_data,190,5,0.038,NA
192,55,string-lengths-backwards,ifs,FALSE,10,elitize_generation_data,191,3,0.036,NA
193,55,string-lengths-backwards,ifs,FALSE,10,elitize_generation_data,192,4,0.038,NA
194,55,string-lengths-backwards,ifs,FALSE,10,elitize_generation_data,193,3,0.044,NA
195,55,string-lengths-backwards,ifs,FALSE,10,elitize_generation_data,194,3,0.038,NA
196,55,string-lengths-backwards,ifs,FALSE,10,elitize_generation_data,195,3,0.039,NA
197,55,string-lengths-backwards,ifs,FALSE,10,elitize_generation_data,196,5,0.043,NA
198,55,string-lengths-backwards,ifs,FALSE,10,elitize_generation_data,197,3,0.045,NA
199,55,string-lengths-backwards,ifs,FALSE,10,elitize_generation_data,198,3,0.039,NA
200,55,string-lengths-backwards,ifs,FALSE,10,elitize_generation_data,199,4,0.047,NA
201,55,string-lengths-backwards,ifs,FALSE,10,elitize_generation_data,200,3,0.03,NA
202,55,string-lengths-backwards,ifs,FALSE,10,elitize_generation_data,201,2,0.036,NA
203,55,string-lengths-backwards,ifs,FALSE,10,elitize_generation_data,202,4,0.044,NA
204,55,string-lengths-backwards,ifs,FALSE,10,elitize_generation_data,203,5,0.043,NA
205,55,string-lengths-backwards,ifs,FALSE,10,elitize_generation_data,204,3,0.033,NA
206,55,string-lengths-backwards,ifs,FALSE,10,elitize_generation_data,205,5,0.029,NA
207,55,string-lengths-backwards,ifs,FALSE,10,elitize_generation_data,206,5,0.039,NA
208,55,string-lengths-backwards,ifs,FALSE,10,elitize_generation_data,207,3,0.042,NA
209,55,string-lengths-backwards,ifs,FALSE,10,elitize_generation_data,208,4,0.046,NA
210,55,string-lengths-backwards,ifs,FALSE,10,elitize_generation_data,209,4,0.054,NA
211,55,string-lengths-backwards,ifs,FALSE,10,elitize_generation_data,210,4,0.041,NA
212,55,string-lengths-backwards,ifs,FALSE,10,elitize_generation_data,211,6,0.048,NA
213,55,string-lengths-backwards,ifs,FALSE,10,elitize_generation_data,212,4,0.039,NA
214,55,string-lengths-backwards,ifs,FALSE,10,elitize_generation_data,213,4,0.043,NA
215,55,string-lengths-backwards,ifs,FALSE,10,elitize_generation_data,214,5,0.042,NA
216,55,string-lengths-backwards,ifs,FALSE,10,elitize_generation_data,215,5,0.044,NA
217,55,string-lengths-backwards,ifs,FALSE,10,elitize_generation_data,216,3,0.035,NA
218,55,string-lengths-backwards,ifs,FALSE,10,elitize_generation_data,217,5,0.045,NA
219,55,string-lengths-backwards,ifs,FALSE,10,elitize_generation_data,218,3,0.039,NA
220,55,string-lengths-backwards,ifs,FALSE,10,elitize_generation_data,219,2,0.029,NA
221,55,string-lengths-backwards,ifs,FALSE,10,elitize_generation_data,220,4,0.046,NA
222,55,string-lengths-backwards,ifs,FALSE,10,elitize_generation_data,221,3,0.028,NA
223,55,string-lengths-backwards,ifs,FALSE,10,elitize_generation_data,222,4,0.032,NA
224,55,string-lengths-backwards,ifs,FALSE,10,elitize_generation_data,223,4,0.039,NA
225,55,string-lengths-backwards,ifs,FALSE,10,elitize_generation_data,224,4,0.04,NA
226,55,string-lengths-backwards,ifs,FALSE,10,elitize_generation_data,225,3,0.04,NA
227,55,string-lengths-backwards,ifs,FALSE,10,elitize_generation_data,226,4,0.037,NA
228,55,string-lengths-backwards,ifs,FALSE,10,elitize_generation_data,227,4,0.044,NA
229,55,string-lengths-backwards,ifs,FALSE,10,elitize_generation_data,228,4,0.038,NA
230,55,string-lengths-backwards,ifs,FALSE,10,elitize_generation_data,229,4,0.038,NA
231,55,string-lengths-backwards,ifs,FALSE,10,elitize_generation_data,230,2,0.033,NA
232,55,string-lengths-backwards,ifs,FALSE,10,elitize_generation_data,231,3,0.042,NA
233,55,string-lengths-backwards,ifs,FALSE,10,elitize_generation_data,232,4,0.036,NA
234,55,string-lengths-backwards,ifs,FALSE,10,elitize_generation_data,233,5,0.038,NA
235,55,string-lengths-backwards,ifs,FALSE,10,elitize_generation_data,234,4,0.041,NA
236,55,string-lengths-backwards,ifs,FALSE,10,elitize_generation_data,235,3,0.033,NA
237,55,string-lengths-backwards,ifs,FALSE,10,elitize_generation_data,236,3,0.037,NA
238,55,string-lengths-backwards,ifs,FALSE,10,elitize_generation_data,237,2,0.033,NA
239,55,string-lengths-backwards,ifs,FALSE,10,elitize_generation_data,238,5,0.036,NA
240,55,string-lengths-backwards,ifs,FALSE,10,elitize_generation_data,239,4,0.037,NA
241,55,string-lengths-backwards,ifs,FALSE,10,elitize_generation_data,240,2,0.03,NA
242,55,string-lengths-backwards,ifs,FALSE,10,elitize_generation_data,241,4,0.031,NA
243,55,string-lengths-backwards,ifs,FALSE,10,elitize_generation_data,242,3,0.036,NA
244,55,string-lengths-backwards,ifs,FALSE,10,elitize_generation_data,243,4,0.035,NA
245,55,string-lengths-backwards,ifs,FALSE,10,elitize_generation_data,244,3,0.032,NA
246,55,string-lengths-backwards,ifs,FALSE,10,elitize_generation_data,245,3,0.041,NA
247,55,string-lengths-backwards,ifs,FALSE,10,elitize_generation_data,246,3,0.029,NA
248,55,string-lengths-backwards,ifs,FALSE,10,elitize_generation_data,247,3,0.037,NA
249,55,string-lengths-backwards,ifs,FALSE,10,elitize_generation_data,248,4,0.042,NA
250,55,string-lengths-backwards,ifs,FALSE,10,elitize_generation_data,249,4,0.034,NA
251,55,string-lengths-backwards,ifs,FALSE,10,elitize_generation_data,250,4,0.034,NA
252,55,string-lengths-backwards,ifs,FALSE,10,elitize_generation_data,251,2,0.03,NA
253,55,string-lengths-backwards,ifs,FALSE,10,elitize_generation_data,252,3,0.028,NA
254,55,string-lengths-backwards,ifs,FALSE,10,elitize_generation_data,253,3,0.028,NA
255,55,string-lengths-backwards,ifs,FALSE,10,elitize_generation_data,254,4,0.025,NA
256,55,string-lengths-backwards,ifs,FALSE,10,elitize_generation_data,255,5,0.037,NA
257,55,string-lengths-backwards,ifs,FALSE,10,elitize_generation_data,256,2,0.037,NA
258,55,string-lengths-backwards,ifs,FALSE,10,elitize_generation_data,257,3,0.042,NA
259,55,string-lengths-backwards,ifs,FALSE,10,elitize_generation_data,258,5,0.034,NA
260,55,string-lengths-backwards,ifs,FALSE,10,elitize_generation_data,259,4,0.037,NA
261,55,string-lengths-backwards,ifs,FALSE,10,elitize_generation_data,260,2,0.034,NA
262,55,string-lengths-backwards,ifs,FALSE,10,elitize_generation_data,261,3,0.036,NA
263,55,string-lengths-backwards,ifs,FALSE,10,elitize_generation_data,262,4,0.043,NA
264,55,string-lengths-backwards,ifs,FALSE,10,elitize_generation_data,263,3,0.029,NA
265,55,string-lengths-backwards,ifs,FALSE,10,elitize_generation_data,264,4,0.033,NA
266,55,string-lengths-backwards,ifs,FALSE,10,elitize_generation_data,265,3,0.031,NA
267,55,string-lengths-backwards,ifs,FALSE,10,elitize_generation_data,266,3,0.036,NA
268,55,string-lengths-backwards,ifs,FALSE,10,elitize_generation_data,267,3,0.032,NA
269,55,string-lengths-backwards,ifs,FALSE,10,elitize_generation_data,268,4,0.034,NA
270,55,string-lengths-backwards,ifs,FALSE,10,elitize_generation_data,269,3,0.033,NA
271,55,string-lengths-backwards,ifs,FALSE,10,elitize_generation_data,270,2,0.023,NA
272,55,string-lengths-backwards,ifs,FALSE,10,elitize_generation_data,271,4,0.031,NA
273,55,string-lengths-backwards,ifs,FALSE,10,elitize_generation_data,272,3,0.034,NA
274,55,string-lengths-backwards,ifs,FALSE,10,elitize_generation_data,273,2,0.037,NA
275,55,string-lengths-backwards,ifs,FALSE,10,elitize_generation_data,274,3,0.03,NA
276,55,string-lengths-backwards,ifs,FALSE,10,elitize_generation_data,275,4,0.027,NA
277,55,string-lengths-backwards,ifs,FALSE,10,elitize_generation_data,276,2,0.029,NA
278,55,string-lengths-backwards,ifs,FALSE,10,elitize_generation_data,277,3,0.027,NA
279,55,string-lengths-backwards,ifs,FALSE,10,elitize_generation_data,278,4,0.039,NA
280,55,string-lengths-backwards,ifs,FALSE,10,elitize_generation_data,279,3,0.032,NA
281,55,string-lengths-backwards,ifs,FALSE,10,elitize_generation_data,280,5,0.035,NA
282,55,string-lengths-backwards,ifs,FALSE,10,elitize_generation_data,281,3,0.029,NA
283,55,string-lengths-backwards,ifs,FALSE,10,elitize_generation_data,282,2,0.031,NA
284,55,string-lengths-backwards,ifs,FALSE,10,elitize_generation_data,283,2,0.033,NA
285,55,string-lengths-backwards,ifs,FALSE,10,elitize_generation_data,284,3,0.039,NA
286,55,string-lengths-backwards,ifs,FALSE,10,elitize_generation_data,285,4,0.03,NA
287,55,string-lengths-backwards,ifs,FALSE,10,elitize_generation_data,286,2,0.027,NA
288,55,string-lengths-backwards,ifs,FALSE,10,elitize_generation_data,287,2,0.026,NA
289,55,string-lengths-backwards,ifs,FALSE,10,elitize_generation_data,288,3,0.033,NA
290,55,string-lengths-backwards,ifs,FALSE,10,elitize_generation_data,289,3,0.026,NA
291,55,string-lengths-backwards,ifs,FALSE,10,elitize_generation_data,290,5,0.037,NA
292,55,string-lengths-backwards,ifs,FALSE,10,elitize_generation_data,291,3,0.026,NA
293,55,string-lengths-backwards,ifs,FALSE,10,elitize_generation_data,292,3,0.035,NA
294,55,string-lengths-backwards,ifs,FALSE,10,elitize_generation_data,293,3,0.032,NA
295,55,string-lengths-backwards,ifs,FALSE,10,elitize_generation_data,294,3,0.028,NA
296,55,string-lengths-backwards,ifs,FALSE,10,elitize_generation_data,295,4,0.036,NA
297,55,string-lengths-backwards,ifs,FALSE,10,elitize_generation_data,296,3,0.024,NA
298,55,string-lengths-backwards,ifs,FALSE,10,elitize_generation_data,297,3,0.029,NA
299,55,string-lengths-backwards,ifs,FALSE,10,elitize_generation_data,298,3,0.027,NA
300,55,string-lengths-backwards,ifs,FALSE,10,elitize_generation_data,299,4,0.045,NA
301,55,string-lengths-backwards,ifs,FALSE,10,elitize_generation_data,300,4,0.029,NA
