,run.num,problem,treatment,succeeded,height,normalization.function,generation,cluster.count,error.diversity,success.generation
1,68,string-lengths-backwards,ifs,FALSE,10,elitize_generation_data,0,4,0.274,NA
2,68,string-lengths-backwards,ifs,FALSE,10,elitize_generation_data,1,7,0.183,NA
3,68,string-lengths-backwards,ifs,FALSE,10,elitize_generation_data,2,9,0.29,NA
4,68,string-lengths-backwards,ifs,FALSE,10,elitize_generation_data,3,8,0.245,NA
5,68,string-lengths-backwards,ifs,FALSE,10,elitize_generation_data,4,14,0.135,NA
6,68,string-lengths-backwards,ifs,FALSE,10,elitize_generation_data,5,2,0.041,NA
7,68,string-lengths-backwards,ifs,FALSE,10,elitize_generation_data,6,4,0.033,NA
8,68,string-lengths-backwards,ifs,FALSE,10,elitize_generation_data,7,4,0.042,NA
9,68,string-lengths-backwards,ifs,FALSE,10,elitize_generation_data,8,8,0.031,NA
10,68,string-lengths-backwards,ifs,FALSE,10,elitize_generation_data,9,7,0.044,NA
11,68,string-lengths-backwards,ifs,FALSE,10,elitize_generation_data,10,5,0.046,NA
12,68,string-lengths-backwards,ifs,FALSE,10,elitize_generation_data,11,6,0.042,NA
13,68,string-lengths-backwards,ifs,FALSE,10,elitize_generation_data,12,5,0.07,NA
14,68,string-lengths-backwards,ifs,FALSE,10,elitize_generation_data,13,7,0.086,NA
15,68,string-lengths-backwards,ifs,FALSE,10,elitize_generation_data,14,6,0.057,NA
16,68,string-lengths-backwards,ifs,FALSE,10,elitize_generation_data,15,8,0.064,NA
17,68,string-lengths-backwards,ifs,FALSE,10,elitize_generation_data,16,7,0.052,NA
18,68,string-lengths-backwards,ifs,FALSE,10,elitize_generation_data,17,7,0.04,NA
19,68,string-lengths-backwards,ifs,FALSE,10,elitize_generation_data,18,6,0.039,NA
20,68,string-lengths-backwards,ifs,FALSE,10,elitize_generation_data,19,8,0.035,NA
21,68,string-lengths-backwards,ifs,FALSE,10,elitize_generation_data,20,7,0.034,NA
22,68,string-lengths-backwards,ifs,FALSE,10,elitize_generation_data,21,9,0.052,NA
23,68,string-lengths-backwards,ifs,FALSE,10,elitize_generation_data,22,7,0.047,NA
24,68,string-lengths-backwards,ifs,FALSE,10,elitize_generation_data,23,7,0.043,NA
25,68,string-lengths-backwards,ifs,FALSE,10,elitize_generation_data,24,8,0.05,NA
26,68,string-lengths-backwards,ifs,FALSE,10,elitize_generation_data,25,7,0.043,NA
27,68,string-lengths-backwards,ifs,FALSE,10,elitize_generation_data,26,9,0.041,NA
28,68,string-lengths-backwards,ifs,FALSE,10,elitize_generation_data,27,8,0.042,NA
29,68,string-lengths-backwards,ifs,FALSE,10,elitize_generation_data,28,8,0.042,NA
30,68,string-lengths-backwards,ifs,FALSE,10,elitize_generation_data,29,8,0.046,NA
31,68,string-lengths-backwards,ifs,FALSE,10,elitize_generation_data,30,8,0.05,NA
32,68,string-lengths-backwards,ifs,FALSE,10,elitize_generation_data,31,9,0.043,NA
33,68,string-lengths-backwards,ifs,FALSE,10,elitize_generation_data,32,8,0.04,NA
34,68,string-lengths-backwards,ifs,FALSE,10,elitize_generation_data,33,8,0.063,NA
35,68,string-lengths-backwards,ifs,FALSE,10,elitize_generation_data,34,9,0.062,NA
36,68,string-lengths-backwards,ifs,FALSE,10,elitize_generation_data,35,7,0.077,NA
37,68,string-lengths-backwards,ifs,FALSE,10,elitize_generation_data,36,8,0.076,NA
38,68,string-lengths-backwards,ifs,FALSE,10,elitize_generation_data,37,7,0.054,NA
39,68,string-lengths-backwards,ifs,FALSE,10,elitize_generation_data,38,7,0.06,NA
40,68,string-lengths-backwards,ifs,FALSE,10,elitize_generation_data,39,8,0.063,NA
41,68,string-lengths-backwards,ifs,FALSE,10,elitize_generation_data,40,8,0.064,NA
42,68,string-lengths-backwards,ifs,FALSE,10,elitize_generation_data,41,7,0.071,NA
43,68,string-lengths-backwards,ifs,FALSE,10,elitize_generation_data,42,9,0.077,NA
44,68,string-lengths-backwards,ifs,FALSE,10,elitize_generation_data,43,6,0.076,NA
45,68,string-lengths-backwards,ifs,FALSE,10,elitize_generation_data,44,9,0.064,NA
46,68,string-lengths-backwards,ifs,FALSE,10,elitize_generation_data,45,6,0.063,NA
47,68,string-lengths-backwards,ifs,FALSE,10,elitize_generation_data,46,8,0.069,NA
48,68,string-lengths-backwards,ifs,FALSE,10,elitize_generation_data,47,7,0.068,NA
49,68,string-lengths-backwards,ifs,FALSE,10,elitize_generation_data,48,8,0.069,NA
50,68,string-lengths-backwards,ifs,FALSE,10,elitize_generation_data,49,6,0.08,NA
51,68,string-lengths-backwards,ifs,FALSE,10,elitize_generation_data,50,7,0.081,NA
52,68,string-lengths-backwards,ifs,FALSE,10,elitize_generation_data,51,7,0.067,NA
53,68,string-lengths-backwards,ifs,FALSE,10,elitize_generation_data,52,7,0.084,NA
54,68,string-lengths-backwards,ifs,FALSE,10,elitize_generation_data,53,6,0.075,NA
55,68,string-lengths-backwards,ifs,FALSE,10,elitize_generation_data,54,4,0.068,NA
56,68,string-lengths-backwards,ifs,FALSE,10,elitize_generation_data,55,6,0.085,NA
57,68,string-lengths-backwards,ifs,FALSE,10,elitize_generation_data,56,6,0.081,NA
58,68,string-lengths-backwards,ifs,FALSE,10,elitize_generation_data,57,10,0.096,NA
59,68,string-lengths-backwards,ifs,FALSE,10,elitize_generation_data,58,8,0.149,NA
60,68,string-lengths-backwards,ifs,FALSE,10,elitize_generation_data,59,9,0.155,NA
61,68,string-lengths-backwards,ifs,FALSE,10,elitize_generation_data,60,5,0.181,NA
62,68,string-lengths-backwards,ifs,FALSE,10,elitize_generation_data,61,5,0.185,NA
63,68,string-lengths-backwards,ifs,FALSE,10,elitize_generation_data,62,2,0.174,NA
64,68,string-lengths-backwards,ifs,FALSE,10,elitize_generation_data,63,3,0.256,NA
65,68,string-lengths-backwards,ifs,FALSE,10,elitize_generation_data,64,5,0.251,NA
66,68,string-lengths-backwards,ifs,FALSE,10,elitize_generation_data,65,6,0.241,NA
67,68,string-lengths-backwards,ifs,FALSE,10,elitize_generation_data,66,7,0.286,NA
68,68,string-lengths-backwards,ifs,FALSE,10,elitize_generation_data,67,6,0.288,NA
69,68,string-lengths-backwards,ifs,FALSE,10,elitize_generation_data,68,6,0.325,NA
70,68,string-lengths-backwards,ifs,FALSE,10,elitize_generation_data,69,5,0.304,NA
71,68,string-lengths-backwards,ifs,FALSE,10,elitize_generation_data,70,4,0.257,NA
72,68,string-lengths-backwards,ifs,FALSE,10,elitize_generation_data,71,4,0.335,NA
73,68,string-lengths-backwards,ifs,FALSE,10,elitize_generation_data,72,5,0.312,NA
74,68,string-lengths-backwards,ifs,FALSE,10,elitize_generation_data,73,4,0.288,NA
75,68,string-lengths-backwards,ifs,FALSE,10,elitize_generation_data,74,5,0.282,NA
76,68,string-lengths-backwards,ifs,FALSE,10,elitize_generation_data,75,5,0.269,NA
77,68,string-lengths-backwards,ifs,FALSE,10,elitize_generation_data,76,4,0.214,NA
78,68,string-lengths-backwards,ifs,FALSE,10,elitize_generation_data,77,3,0.198,NA
79,68,string-lengths-backwards,ifs,FALSE,10,elitize_generation_data,78,5,0.176,NA
80,68,string-lengths-backwards,ifs,FALSE,10,elitize_generation_data,79,5,0.186,NA
81,68,string-lengths-backwards,ifs,FALSE,10,elitize_generation_data,80,7,0.185,NA
82,68,string-lengths-backwards,ifs,FALSE,10,elitize_generation_data,81,7,0.134,NA
83,68,string-lengths-backwards,ifs,FALSE,10,elitize_generation_data,82,5,0.107,NA
84,68,string-lengths-backwards,ifs,FALSE,10,elitize_generation_data,83,5,0.12,NA
85,68,string-lengths-backwards,ifs,FALSE,10,elitize_generation_data,84,6,0.127,NA
86,68,string-lengths-backwards,ifs,FALSE,10,elitize_generation_data,85,6,0.138,NA
87,68,string-lengths-backwards,ifs,FALSE,10,elitize_generation_data,86,7,0.151,NA
88,68,string-lengths-backwards,ifs,FALSE,10,elitize_generation_data,87,8,0.159,NA
89,68,string-lengths-backwards,ifs,FALSE,10,elitize_generation_data,88,5,0.145,NA
90,68,string-lengths-backwards,ifs,FALSE,10,elitize_generation_data,89,3,0.117,NA
91,68,string-lengths-backwards,ifs,FALSE,10,elitize_generation_data,90,6,0.136,NA
92,68,string-lengths-backwards,ifs,FALSE,10,elitize_generation_data,91,5,0.137,NA
93,68,string-lengths-backwards,ifs,FALSE,10,elitize_generation_data,92,7,0.134,NA
94,68,string-lengths-backwards,ifs,FALSE,10,elitize_generation_data,93,4,0.138,NA
95,68,string-lengths-backwards,ifs,FALSE,10,elitize_generation_data,94,4,0.126,NA
96,68,string-lengths-backwards,ifs,FALSE,10,elitize_generation_data,95,5,0.133,NA
97,68,string-lengths-backwards,ifs,FALSE,10,elitize_generation_data,96,5,0.132,NA
98,68,string-lengths-backwards,ifs,FALSE,10,elitize_generation_data,97,6,0.124,NA
99,68,string-lengths-backwards,ifs,FALSE,10,elitize_generation_data,98,6,0.147,NA
100,68,string-lengths-backwards,ifs,FALSE,10,elitize_generation_data,99,5,0.139,NA
101,68,string-lengths-backwards,ifs,FALSE,10,elitize_generation_data,100,6,0.14,NA
102,68,string-lengths-backwards,ifs,FALSE,10,elitize_generation_data,101,9,0.142,NA
103,68,string-lengths-backwards,ifs,FALSE,10,elitize_generation_data,102,7,0.155,NA
104,68,string-lengths-backwards,ifs,FALSE,10,elitize_generation_data,103,7,0.128,NA
105,68,string-lengths-backwards,ifs,FALSE,10,elitize_generation_data,104,6,0.136,NA
106,68,string-lengths-backwards,ifs,FALSE,10,elitize_generation_data,105,5,0.137,NA
107,68,string-lengths-backwards,ifs,FALSE,10,elitize_generation_data,106,4,0.132,NA
108,68,string-lengths-backwards,ifs,FALSE,10,elitize_generation_data,107,4,0.128,NA
109,68,string-lengths-backwards,ifs,FALSE,10,elitize_generation_data,108,5,0.152,NA
110,68,string-lengths-backwards,ifs,FALSE,10,elitize_generation_data,109,6,0.145,NA
111,68,string-lengths-backwards,ifs,FALSE,10,elitize_generation_data,110,6,0.138,NA
112,68,string-lengths-backwards,ifs,FALSE,10,elitize_generation_data,111,5,0.142,NA
113,68,string-lengths-backwards,ifs,FALSE,10,elitize_generation_data,112,8,0.156,NA
114,68,string-lengths-backwards,ifs,FALSE,10,elitize_generation_data,113,3,0.127,NA
115,68,string-lengths-backwards,ifs,FALSE,10,elitize_generation_data,114,7,0.155,NA
116,68,string-lengths-backwards,ifs,FALSE,10,elitize_generation_data,115,7,0.151,NA
117,68,string-lengths-backwards,ifs,FALSE,10,elitize_generation_data,116,8,0.158,NA
118,68,string-lengths-backwards,ifs,FALSE,10,elitize_generation_data,117,6,0.169,NA
119,68,string-lengths-backwards,ifs,FALSE,10,elitize_generation_data,118,6,0.139,NA
120,68,string-lengths-backwards,ifs,FALSE,10,elitize_generation_data,119,7,0.15,NA
121,68,string-lengths-backwards,ifs,FALSE,10,elitize_generation_data,120,8,0.15,NA
122,68,string-lengths-backwards,ifs,FALSE,10,elitize_generation_data,121,7,0.152,NA
123,68,string-lengths-backwards,ifs,FALSE,10,elitize_generation_data,122,6,0.148,NA
124,68,string-lengths-backwards,ifs,FALSE,10,elitize_generation_data,123,8,0.134,NA
125,68,string-lengths-backwards,ifs,FALSE,10,elitize_generation_data,124,8,0.157,NA
126,68,string-lengths-backwards,ifs,FALSE,10,elitize_generation_data,125,5,0.157,NA
127,68,string-lengths-backwards,ifs,FALSE,10,elitize_generation_data,126,8,0.143,NA
128,68,string-lengths-backwards,ifs,FALSE,10,elitize_generation_data,127,7,0.13,NA
129,68,string-lengths-backwards,ifs,FALSE,10,elitize_generation_data,128,5,0.145,NA
130,68,string-lengths-backwards,ifs,FALSE,10,elitize_generation_data,129,8,0.148,NA
131,68,string-lengths-backwards,ifs,FALSE,10,elitize_generation_data,130,4,0.141,NA
132,68,string-lengths-backwards,ifs,FALSE,10,elitize_generation_data,131,8,0.165,NA
133,68,string-lengths-backwards,ifs,FALSE,10,elitize_generation_data,132,6,0.137,NA
134,68,string-lengths-backwards,ifs,FALSE,10,elitize_generation_data,133,6,0.146,NA
135,68,string-lengths-backwards,ifs,FALSE,10,elitize_generation_data,134,8,0.14,NA
136,68,string-lengths-backwards,ifs,FALSE,10,elitize_generation_data,135,4,0.154,NA
137,68,string-lengths-backwards,ifs,FALSE,10,elitize_generation_data,136,5,0.142,NA
138,68,string-lengths-backwards,ifs,FALSE,10,elitize_generation_data,137,7,0.157,NA
139,68,string-lengths-backwards,ifs,FALSE,10,elitize_generation_data,138,5,0.16,NA
140,68,string-lengths-backwards,ifs,FALSE,10,elitize_generation_data,139,7,0.149,NA
141,68,string-lengths-backwards,ifs,FALSE,10,elitize_generation_data,140,9,0.158,NA
142,68,string-lengths-backwards,ifs,FALSE,10,elitize_generation_data,141,6,0.144,NA
143,68,string-lengths-backwards,ifs,FALSE,10,elitize_generation_data,142,8,0.16,NA
144,68,string-lengths-backwards,ifs,FALSE,10,elitize_generation_data,143,8,0.157,NA
145,68,string-lengths-backwards,ifs,FALSE,10,elitize_generation_data,144,6,0.138,NA
146,68,string-lengths-backwards,ifs,FALSE,10,elitize_generation_data,145,4,0.138,NA
147,68,string-lengths-backwards,ifs,FALSE,10,elitize_generation_data,146,7,0.169,NA
148,68,string-lengths-backwards,ifs,FALSE,10,elitize_generation_data,147,6,0.157,NA
149,68,string-lengths-backwards,ifs,FALSE,10,elitize_generation_data,148,5,0.132,NA
150,68,string-lengths-backwards,ifs,FALSE,10,elitize_generation_data,149,6,0.15,NA
151,68,string-lengths-backwards,ifs,FALSE,10,elitize_generation_data,150,11,0.168,NA
152,68,string-lengths-backwards,ifs,FALSE,10,elitize_generation_data,151,6,0.131,NA
153,68,string-lengths-backwards,ifs,FALSE,10,elitize_generation_data,152,7,0.155,NA
154,68,string-lengths-backwards,ifs,FALSE,10,elitize_generation_data,153,8,0.152,NA
155,68,string-lengths-backwards,ifs,FALSE,10,elitize_generation_data,154,5,0.157,NA
156,68,string-lengths-backwards,ifs,FALSE,10,elitize_generation_data,155,10,0.167,NA
157,68,string-lengths-backwards,ifs,FALSE,10,elitize_generation_data,156,6,0.164,NA
158,68,string-lengths-backwards,ifs,FALSE,10,elitize_generation_data,157,8,0.143,NA
159,68,string-lengths-backwards,ifs,FALSE,10,elitize_generation_data,158,9,0.157,NA
160,68,string-lengths-backwards,ifs,FALSE,10,elitize_generation_data,159,7,0.15,NA
161,68,string-lengths-backwards,ifs,FALSE,10,elitize_generation_data,160,7,0.175,NA
162,68,string-lengths-backwards,ifs,FALSE,10,elitize_generation_data,161,5,0.152,NA
163,68,string-lengths-backwards,ifs,FALSE,10,elitize_generation_data,162,7,0.161,NA
164,68,string-lengths-backwards,ifs,FALSE,10,elitize_generation_data,163,7,0.164,NA
165,68,string-lengths-backwards,ifs,FALSE,10,elitize_generation_data,164,12,0.187,NA
166,68,string-lengths-backwards,ifs,FALSE,10,elitize_generation_data,165,6,0.148,NA
167,68,string-lengths-backwards,ifs,FALSE,10,elitize_generation_data,166,8,0.149,NA
168,68,string-lengths-backwards,ifs,FALSE,10,elitize_generation_data,167,9,0.145,NA
169,68,string-lengths-backwards,ifs,FALSE,10,elitize_generation_data,168,6,0.152,NA
170,68,string-lengths-backwards,ifs,FALSE,10,elitize_generation_data,169,7,0.176,NA
171,68,string-lengths-backwards,ifs,FALSE,10,elitize_generation_data,170,5,0.137,NA
172,68,string-lengths-backwards,ifs,FALSE,10,elitize_generation_data,171,6,0.159,NA
173,68,string-lengths-backwards,ifs,FALSE,10,elitize_generation_data,172,12,0.171,NA
174,68,string-lengths-backwards,ifs,FALSE,10,elitize_generation_data,173,7,0.163,NA
175,68,string-lengths-backwards,ifs,FALSE,10,elitize_generation_data,174,7,0.145,NA
176,68,string-lengths-backwards,ifs,FALSE,10,elitize_generation_data,175,6,0.144,NA
177,68,string-lengths-backwards,ifs,FALSE,10,elitize_generation_data,176,5,0.145,NA
178,68,string-lengths-backwards,ifs,FALSE,10,elitize_generation_data,177,5,0.151,NA
179,68,string-lengths-backwards,ifs,FALSE,10,elitize_generation_data,178,6,0.136,NA
180,68,string-lengths-backwards,ifs,FALSE,10,elitize_generation_data,179,7,0.15,NA
181,68,string-lengths-backwards,ifs,FALSE,10,elitize_generation_data,180,5,0.156,NA
182,68,string-lengths-backwards,ifs,FALSE,10,elitize_generation_data,181,7,0.158,NA
183,68,string-lengths-backwards,ifs,FALSE,10,elitize_generation_data,182,5,0.137,NA
184,68,string-lengths-backwards,ifs,FALSE,10,elitize_generation_data,183,8,0.149,NA
185,68,string-lengths-backwards,ifs,FALSE,10,elitize_generation_data,184,9,0.144,NA
186,68,string-lengths-backwards,ifs,FALSE,10,elitize_generation_data,185,5,0.16,NA
187,68,string-lengths-backwards,ifs,FALSE,10,elitize_generation_data,186,6,0.152,NA
188,68,string-lengths-backwards,ifs,FALSE,10,elitize_generation_data,187,8,0.169,NA
189,68,string-lengths-backwards,ifs,FALSE,10,elitize_generation_data,188,7,0.151,NA
190,68,string-lengths-backwards,ifs,FALSE,10,elitize_generation_data,189,9,0.154,NA
191,68,string-lengths-backwards,ifs,FALSE,10,elitize_generation_data,190,8,0.162,NA
192,68,string-lengths-backwards,ifs,FALSE,10,elitize_generation_data,191,6,0.16,NA
193,68,string-lengths-backwards,ifs,FALSE,10,elitize_generation_data,192,9,0.142,NA
194,68,string-lengths-backwards,ifs,FALSE,10,elitize_generation_data,193,11,0.163,NA
195,68,string-lengths-backwards,ifs,FALSE,10,elitize_generation_data,194,8,0.168,NA
196,68,string-lengths-backwards,ifs,FALSE,10,elitize_generation_data,195,9,0.151,NA
197,68,string-lengths-backwards,ifs,FALSE,10,elitize_generation_data,196,5,0.155,NA
198,68,string-lengths-backwards,ifs,FALSE,10,elitize_generation_data,197,7,0.152,NA
199,68,string-lengths-backwards,ifs,FALSE,10,elitize_generation_data,198,7,0.13,NA
200,68,string-lengths-backwards,ifs,FALSE,10,elitize_generation_data,199,7,0.153,NA
201,68,string-lengths-backwards,ifs,FALSE,10,elitize_generation_data,200,8,0.148,NA
202,68,string-lengths-backwards,ifs,FALSE,10,elitize_generation_data,201,8,0.15,NA
203,68,string-lengths-backwards,ifs,FALSE,10,elitize_generation_data,202,9,0.157,NA
204,68,string-lengths-backwards,ifs,FALSE,10,elitize_generation_data,203,7,0.139,NA
205,68,string-lengths-backwards,ifs,FALSE,10,elitize_generation_data,204,8,0.143,NA
206,68,string-lengths-backwards,ifs,FALSE,10,elitize_generation_data,205,8,0.151,NA
207,68,string-lengths-backwards,ifs,FALSE,10,elitize_generation_data,206,7,0.125,NA
208,68,string-lengths-backwards,ifs,FALSE,10,elitize_generation_data,207,9,0.144,NA
209,68,string-lengths-backwards,ifs,FALSE,10,elitize_generation_data,208,7,0.147,NA
210,68,string-lengths-backwards,ifs,FALSE,10,elitize_generation_data,209,8,0.142,NA
211,68,string-lengths-backwards,ifs,FALSE,10,elitize_generation_data,210,10,0.177,NA
212,68,string-lengths-backwards,ifs,FALSE,10,elitize_generation_data,211,7,0.14,NA
213,68,string-lengths-backwards,ifs,FALSE,10,elitize_generation_data,212,8,0.155,NA
214,68,string-lengths-backwards,ifs,FALSE,10,elitize_generation_data,213,7,0.148,NA
215,68,string-lengths-backwards,ifs,FALSE,10,elitize_generation_data,214,9,0.147,NA
216,68,string-lengths-backwards,ifs,FALSE,10,elitize_generation_data,215,12,0.153,NA
217,68,string-lengths-backwards,ifs,FALSE,10,elitize_generation_data,216,5,0.145,NA
218,68,string-lengths-backwards,ifs,FALSE,10,elitize_generation_data,217,5,0.169,NA
219,68,string-lengths-backwards,ifs,FALSE,10,elitize_generation_data,218,10,0.146,NA
220,68,string-lengths-backwards,ifs,FALSE,10,elitize_generation_data,219,9,0.16,NA
221,68,string-lengths-backwards,ifs,FALSE,10,elitize_generation_data,220,9,0.162,NA
222,68,string-lengths-backwards,ifs,FALSE,10,elitize_generation_data,221,9,0.138,NA
223,68,string-lengths-backwards,ifs,FALSE,10,elitize_generation_data,222,9,0.15,NA
224,68,string-lengths-backwards,ifs,FALSE,10,elitize_generation_data,223,9,0.163,NA
225,68,string-lengths-backwards,ifs,FALSE,10,elitize_generation_data,224,5,0.13,NA
226,68,string-lengths-backwards,ifs,FALSE,10,elitize_generation_data,225,8,0.156,NA
227,68,string-lengths-backwards,ifs,FALSE,10,elitize_generation_data,226,7,0.15,NA
228,68,string-lengths-backwards,ifs,FALSE,10,elitize_generation_data,227,9,0.142,NA
229,68,string-lengths-backwards,ifs,FALSE,10,elitize_generation_data,228,8,0.14,NA
230,68,string-lengths-backwards,ifs,FALSE,10,elitize_generation_data,229,7,0.126,NA
231,68,string-lengths-backwards,ifs,FALSE,10,elitize_generation_data,230,9,0.128,NA
232,68,string-lengths-backwards,ifs,FALSE,10,elitize_generation_data,231,7,0.135,NA
233,68,string-lengths-backwards,ifs,FALSE,10,elitize_generation_data,232,7,0.129,NA
234,68,string-lengths-backwards,ifs,FALSE,10,elitize_generation_data,233,5,0.138,NA
235,68,string-lengths-backwards,ifs,FALSE,10,elitize_generation_data,234,9,0.139,NA
236,68,string-lengths-backwards,ifs,FALSE,10,elitize_generation_data,235,10,0.135,NA
237,68,string-lengths-backwards,ifs,FALSE,10,elitize_generation_data,236,5,0.129,NA
238,68,string-lengths-backwards,ifs,FALSE,10,elitize_generation_data,237,8,0.132,NA
239,68,string-lengths-backwards,ifs,FALSE,10,elitize_generation_data,238,6,0.144,NA
240,68,string-lengths-backwards,ifs,FALSE,10,elitize_generation_data,239,9,0.136,NA
241,68,string-lengths-backwards,ifs,FALSE,10,elitize_generation_data,240,9,0.15,NA
242,68,string-lengths-backwards,ifs,FALSE,10,elitize_generation_data,241,8,0.146,NA
243,68,string-lengths-backwards,ifs,FALSE,10,elitize_generation_data,242,6,0.133,NA
244,68,string-lengths-backwards,ifs,FALSE,10,elitize_generation_data,243,9,0.138,NA
245,68,string-lengths-backwards,ifs,FALSE,10,elitize_generation_data,244,6,0.132,NA
246,68,string-lengths-backwards,ifs,FALSE,10,elitize_generation_data,245,9,0.142,NA
247,68,string-lengths-backwards,ifs,FALSE,10,elitize_generation_data,246,12,0.145,NA
248,68,string-lengths-backwards,ifs,FALSE,10,elitize_generation_data,247,5,0.141,NA
249,68,string-lengths-backwards,ifs,FALSE,10,elitize_generation_data,248,8,0.153,NA
250,68,string-lengths-backwards,ifs,FALSE,10,elitize_generation_data,249,10,0.123,NA
251,68,string-lengths-backwards,ifs,FALSE,10,elitize_generation_data,250,8,0.139,NA
252,68,string-lengths-backwards,ifs,FALSE,10,elitize_generation_data,251,6,0.138,NA
253,68,string-lengths-backwards,ifs,FALSE,10,elitize_generation_data,252,6,0.143,NA
254,68,string-lengths-backwards,ifs,FALSE,10,elitize_generation_data,253,7,0.14,NA
255,68,string-lengths-backwards,ifs,FALSE,10,elitize_generation_data,254,8,0.119,NA
256,68,string-lengths-backwards,ifs,FALSE,10,elitize_generation_data,255,7,0.133,NA
257,68,string-lengths-backwards,ifs,FALSE,10,elitize_generation_data,256,6,0.125,NA
258,68,string-lengths-backwards,ifs,FALSE,10,elitize_generation_data,257,8,0.137,NA
259,68,string-lengths-backwards,ifs,FALSE,10,elitize_generation_data,258,9,0.122,NA
260,68,string-lengths-backwards,ifs,FALSE,10,elitize_generation_data,259,10,0.128,NA
261,68,string-lengths-backwards,ifs,FALSE,10,elitize_generation_data,260,7,0.122,NA
262,68,string-lengths-backwards,ifs,FALSE,10,elitize_generation_data,261,9,0.12,NA
263,68,string-lengths-backwards,ifs,FALSE,10,elitize_generation_data,262,8,0.136,NA
264,68,string-lengths-backwards,ifs,FALSE,10,elitize_generation_data,263,9,0.121,NA
265,68,string-lengths-backwards,ifs,FALSE,10,elitize_generation_data,264,7,0.115,NA
266,68,string-lengths-backwards,ifs,FALSE,10,elitize_generation_data,265,9,0.13,NA
267,68,string-lengths-backwards,ifs,FALSE,10,elitize_generation_data,266,8,0.134,NA
268,68,string-lengths-backwards,ifs,FALSE,10,elitize_generation_data,267,8,0.13,NA
269,68,string-lengths-backwards,ifs,FALSE,10,elitize_generation_data,268,9,0.126,NA
270,68,string-lengths-backwards,ifs,FALSE,10,elitize_generation_data,269,9,0.139,NA
271,68,string-lengths-backwards,ifs,FALSE,10,elitize_generation_data,270,10,0.123,NA
272,68,string-lengths-backwards,ifs,FALSE,10,elitize_generation_data,271,6,0.121,NA
273,68,string-lengths-backwards,ifs,FALSE,10,elitize_generation_data,272,8,0.122,NA
274,68,string-lengths-backwards,ifs,FALSE,10,elitize_generation_data,273,7,0.126,NA
275,68,string-lengths-backwards,ifs,FALSE,10,elitize_generation_data,274,9,0.132,NA
276,68,string-lengths-backwards,ifs,FALSE,10,elitize_generation_data,275,8,0.134,NA
277,68,string-lengths-backwards,ifs,FALSE,10,elitize_generation_data,276,11,0.121,NA
278,68,string-lengths-backwards,ifs,FALSE,10,elitize_generation_data,277,9,0.135,NA
279,68,string-lengths-backwards,ifs,FALSE,10,elitize_generation_data,278,10,0.136,NA
280,68,string-lengths-backwards,ifs,FALSE,10,elitize_generation_data,279,5,0.113,NA
281,68,string-lengths-backwards,ifs,FALSE,10,elitize_generation_data,280,6,0.132,NA
282,68,string-lengths-backwards,ifs,FALSE,10,elitize_generation_data,281,7,0.125,NA
283,68,string-lengths-backwards,ifs,FALSE,10,elitize_generation_data,282,7,0.12,NA
284,68,string-lengths-backwards,ifs,FALSE,10,elitize_generation_data,283,6,0.137,NA
285,68,string-lengths-backwards,ifs,FALSE,10,elitize_generation_data,284,8,0.131,NA
286,68,string-lengths-backwards,ifs,FALSE,10,elitize_generation_data,285,11,0.135,NA
287,68,string-lengths-backwards,ifs,FALSE,10,elitize_generation_data,286,9,0.118,NA
288,68,string-lengths-backwards,ifs,FALSE,10,elitize_generation_data,287,10,0.121,NA
289,68,string-lengths-backwards,ifs,FALSE,10,elitize_generation_data,288,9,0.139,NA
290,68,string-lengths-backwards,ifs,FALSE,10,elitize_generation_data,289,7,0.108,NA
291,68,string-lengths-backwards,ifs,FALSE,10,elitize_generation_data,290,7,0.144,NA
292,68,string-lengths-backwards,ifs,FALSE,10,elitize_generation_data,291,8,0.136,NA
293,68,string-lengths-backwards,ifs,FALSE,10,elitize_generation_data,292,8,0.145,NA
294,68,string-lengths-backwards,ifs,FALSE,10,elitize_generation_data,293,5,0.136,NA
295,68,string-lengths-backwards,ifs,FALSE,10,elitize_generation_data,294,7,0.115,NA
296,68,string-lengths-backwards,ifs,FALSE,10,elitize_generation_data,295,7,0.127,NA
297,68,string-lengths-backwards,ifs,FALSE,10,elitize_generation_data,296,9,0.135,NA
298,68,string-lengths-backwards,ifs,FALSE,10,elitize_generation_data,297,4,0.126,NA
299,68,string-lengths-backwards,ifs,FALSE,10,elitize_generation_data,298,7,0.137,NA
300,68,string-lengths-backwards,ifs,FALSE,10,elitize_generation_data,299,6,0.13,NA
301,68,string-lengths-backwards,ifs,FALSE,10,elitize_generation_data,300,11,0.136,NA
