,run.num,problem,treatment,succeeded,height,normalization.function,generation,cluster.count,error.diversity,success.generation
1,97,string-lengths-backwards,ifs,FALSE,10,elitize_generation_data,0,5,0.247,NA
2,97,string-lengths-backwards,ifs,FALSE,10,elitize_generation_data,1,7,0.15,NA
3,97,string-lengths-backwards,ifs,FALSE,10,elitize_generation_data,2,10,0.256,NA
4,97,string-lengths-backwards,ifs,FALSE,10,elitize_generation_data,3,3,0.347,NA
5,97,string-lengths-backwards,ifs,FALSE,10,elitize_generation_data,4,6,0.361,NA
6,97,string-lengths-backwards,ifs,FALSE,10,elitize_generation_data,5,10,0.337,NA
7,97,string-lengths-backwards,ifs,FALSE,10,elitize_generation_data,6,9,0.184,NA
8,97,string-lengths-backwards,ifs,FALSE,10,elitize_generation_data,7,12,0.139,NA
9,97,string-lengths-backwards,ifs,FALSE,10,elitize_generation_data,8,3,0.158,NA
10,97,string-lengths-backwards,ifs,FALSE,10,elitize_generation_data,9,5,0.285,NA
11,97,string-lengths-backwards,ifs,FALSE,10,elitize_generation_data,10,7,0.381,NA
12,97,string-lengths-backwards,ifs,FALSE,10,elitize_generation_data,11,5,0.388,NA
13,97,string-lengths-backwards,ifs,FALSE,10,elitize_generation_data,12,8,0.35,NA
14,97,string-lengths-backwards,ifs,FALSE,10,elitize_generation_data,13,7,0.292,NA
15,97,string-lengths-backwards,ifs,FALSE,10,elitize_generation_data,14,6,0.277,NA
16,97,string-lengths-backwards,ifs,FALSE,10,elitize_generation_data,15,6,0.293,NA
17,97,string-lengths-backwards,ifs,FALSE,10,elitize_generation_data,16,9,0.253,NA
18,97,string-lengths-backwards,ifs,FALSE,10,elitize_generation_data,17,10,0.21,NA
19,97,string-lengths-backwards,ifs,FALSE,10,elitize_generation_data,18,2,0.178,NA
20,97,string-lengths-backwards,ifs,FALSE,10,elitize_generation_data,19,3,0.168,NA
21,97,string-lengths-backwards,ifs,FALSE,10,elitize_generation_data,20,4,0.23,NA
22,97,string-lengths-backwards,ifs,FALSE,10,elitize_generation_data,21,5,0.23,NA
23,97,string-lengths-backwards,ifs,FALSE,10,elitize_generation_data,22,7,0.234,NA
24,97,string-lengths-backwards,ifs,FALSE,10,elitize_generation_data,23,6,0.157,NA
25,97,string-lengths-backwards,ifs,FALSE,10,elitize_generation_data,24,7,0.134,NA
26,97,string-lengths-backwards,ifs,FALSE,10,elitize_generation_data,25,4,0.137,NA
27,97,string-lengths-backwards,ifs,FALSE,10,elitize_generation_data,26,6,0.162,NA
28,97,string-lengths-backwards,ifs,FALSE,10,elitize_generation_data,27,5,0.163,NA
29,97,string-lengths-backwards,ifs,FALSE,10,elitize_generation_data,28,4,0.127,NA
30,97,string-lengths-backwards,ifs,FALSE,10,elitize_generation_data,29,5,0.147,NA
31,97,string-lengths-backwards,ifs,FALSE,10,elitize_generation_data,30,4,0.134,NA
32,97,string-lengths-backwards,ifs,FALSE,10,elitize_generation_data,31,4,0.102,NA
33,97,string-lengths-backwards,ifs,FALSE,10,elitize_generation_data,32,4,0.08,NA
34,97,string-lengths-backwards,ifs,FALSE,10,elitize_generation_data,33,4,0.066,NA
35,97,string-lengths-backwards,ifs,FALSE,10,elitize_generation_data,34,3,0.063,NA
36,97,string-lengths-backwards,ifs,FALSE,10,elitize_generation_data,35,3,0.075,NA
37,97,string-lengths-backwards,ifs,FALSE,10,elitize_generation_data,36,3,0.046,NA
38,97,string-lengths-backwards,ifs,FALSE,10,elitize_generation_data,37,3,0.043,NA
39,97,string-lengths-backwards,ifs,FALSE,10,elitize_generation_data,38,3,0.055,NA
40,97,string-lengths-backwards,ifs,FALSE,10,elitize_generation_data,39,3,0.053,NA
41,97,string-lengths-backwards,ifs,FALSE,10,elitize_generation_data,40,4,0.046,NA
42,97,string-lengths-backwards,ifs,FALSE,10,elitize_generation_data,41,3,0.055,NA
43,97,string-lengths-backwards,ifs,FALSE,10,elitize_generation_data,42,3,0.046,NA
44,97,string-lengths-backwards,ifs,FALSE,10,elitize_generation_data,43,3,0.059,NA
45,97,string-lengths-backwards,ifs,FALSE,10,elitize_generation_data,44,3,0.057,NA
46,97,string-lengths-backwards,ifs,FALSE,10,elitize_generation_data,45,3,0.054,NA
47,97,string-lengths-backwards,ifs,FALSE,10,elitize_generation_data,46,3,0.05,NA
48,97,string-lengths-backwards,ifs,FALSE,10,elitize_generation_data,47,3,0.061,NA
49,97,string-lengths-backwards,ifs,FALSE,10,elitize_generation_data,48,3,0.057,NA
50,97,string-lengths-backwards,ifs,FALSE,10,elitize_generation_data,49,3,0.069,NA
51,97,string-lengths-backwards,ifs,FALSE,10,elitize_generation_data,50,3,0.059,NA
52,97,string-lengths-backwards,ifs,FALSE,10,elitize_generation_data,51,3,0.058,NA
53,97,string-lengths-backwards,ifs,FALSE,10,elitize_generation_data,52,4,0.056,NA
54,97,string-lengths-backwards,ifs,FALSE,10,elitize_generation_data,53,4,0.059,NA
55,97,string-lengths-backwards,ifs,FALSE,10,elitize_generation_data,54,3,0.059,NA
56,97,string-lengths-backwards,ifs,FALSE,10,elitize_generation_data,55,3,0.065,NA
57,97,string-lengths-backwards,ifs,FALSE,10,elitize_generation_data,56,3,0.064,NA
58,97,string-lengths-backwards,ifs,FALSE,10,elitize_generation_data,57,3,0.056,NA
59,97,string-lengths-backwards,ifs,FALSE,10,elitize_generation_data,58,3,0.058,NA
60,97,string-lengths-backwards,ifs,FALSE,10,elitize_generation_data,59,4,0.059,NA
61,97,string-lengths-backwards,ifs,FALSE,10,elitize_generation_data,60,4,0.065,NA
62,97,string-lengths-backwards,ifs,FALSE,10,elitize_generation_data,61,3,0.058,NA
63,97,string-lengths-backwards,ifs,FALSE,10,elitize_generation_data,62,3,0.064,NA
64,97,string-lengths-backwards,ifs,FALSE,10,elitize_generation_data,63,4,0.065,NA
65,97,string-lengths-backwards,ifs,FALSE,10,elitize_generation_data,64,3,0.053,NA
66,97,string-lengths-backwards,ifs,FALSE,10,elitize_generation_data,65,3,0.05,NA
67,97,string-lengths-backwards,ifs,FALSE,10,elitize_generation_data,66,4,0.061,NA
68,97,string-lengths-backwards,ifs,FALSE,10,elitize_generation_data,67,4,0.059,NA
69,97,string-lengths-backwards,ifs,FALSE,10,elitize_generation_data,68,3,0.065,NA
70,97,string-lengths-backwards,ifs,FALSE,10,elitize_generation_data,69,4,0.058,NA
71,97,string-lengths-backwards,ifs,FALSE,10,elitize_generation_data,70,3,0.066,NA
72,97,string-lengths-backwards,ifs,FALSE,10,elitize_generation_data,71,4,0.071,NA
73,97,string-lengths-backwards,ifs,FALSE,10,elitize_generation_data,72,4,0.054,NA
74,97,string-lengths-backwards,ifs,FALSE,10,elitize_generation_data,73,3,0.055,NA
75,97,string-lengths-backwards,ifs,FALSE,10,elitize_generation_data,74,3,0.071,NA
76,97,string-lengths-backwards,ifs,FALSE,10,elitize_generation_data,75,3,0.054,NA
77,97,string-lengths-backwards,ifs,FALSE,10,elitize_generation_data,76,6,0.061,NA
78,97,string-lengths-backwards,ifs,FALSE,10,elitize_generation_data,77,4,0.063,NA
79,97,string-lengths-backwards,ifs,FALSE,10,elitize_generation_data,78,4,0.065,NA
80,97,string-lengths-backwards,ifs,FALSE,10,elitize_generation_data,79,3,0.058,NA
81,97,string-lengths-backwards,ifs,FALSE,10,elitize_generation_data,80,3,0.06,NA
82,97,string-lengths-backwards,ifs,FALSE,10,elitize_generation_data,81,4,0.059,NA
83,97,string-lengths-backwards,ifs,FALSE,10,elitize_generation_data,82,2,0.084,NA
84,97,string-lengths-backwards,ifs,FALSE,10,elitize_generation_data,83,3,0.068,NA
85,97,string-lengths-backwards,ifs,FALSE,10,elitize_generation_data,84,4,0.064,NA
86,97,string-lengths-backwards,ifs,FALSE,10,elitize_generation_data,85,4,0.062,NA
87,97,string-lengths-backwards,ifs,FALSE,10,elitize_generation_data,86,4,0.059,NA
88,97,string-lengths-backwards,ifs,FALSE,10,elitize_generation_data,87,4,0.068,NA
89,97,string-lengths-backwards,ifs,FALSE,10,elitize_generation_data,88,3,0.062,NA
90,97,string-lengths-backwards,ifs,FALSE,10,elitize_generation_data,89,4,0.072,NA
91,97,string-lengths-backwards,ifs,FALSE,10,elitize_generation_data,90,4,0.084,NA
92,97,string-lengths-backwards,ifs,FALSE,10,elitize_generation_data,91,3,0.062,NA
93,97,string-lengths-backwards,ifs,FALSE,10,elitize_generation_data,92,3,0.058,NA
94,97,string-lengths-backwards,ifs,FALSE,10,elitize_generation_data,93,4,0.056,NA
95,97,string-lengths-backwards,ifs,FALSE,10,elitize_generation_data,94,4,0.066,NA
96,97,string-lengths-backwards,ifs,FALSE,10,elitize_generation_data,95,4,0.074,NA
97,97,string-lengths-backwards,ifs,FALSE,10,elitize_generation_data,96,3,0.075,NA
98,97,string-lengths-backwards,ifs,FALSE,10,elitize_generation_data,97,3,0.068,NA
99,97,string-lengths-backwards,ifs,FALSE,10,elitize_generation_data,98,3,0.065,NA
100,97,string-lengths-backwards,ifs,FALSE,10,elitize_generation_data,99,3,0.061,NA
101,97,string-lengths-backwards,ifs,FALSE,10,elitize_generation_data,100,4,0.063,NA
102,97,string-lengths-backwards,ifs,FALSE,10,elitize_generation_data,101,2,0.052,NA
103,97,string-lengths-backwards,ifs,FALSE,10,elitize_generation_data,102,5,0.055,NA
104,97,string-lengths-backwards,ifs,FALSE,10,elitize_generation_data,103,4,0.052,NA
105,97,string-lengths-backwards,ifs,FALSE,10,elitize_generation_data,104,4,0.055,NA
106,97,string-lengths-backwards,ifs,FALSE,10,elitize_generation_data,105,4,0.053,NA
107,97,string-lengths-backwards,ifs,FALSE,10,elitize_generation_data,106,3,0.054,NA
108,97,string-lengths-backwards,ifs,FALSE,10,elitize_generation_data,107,3,0.052,NA
109,97,string-lengths-backwards,ifs,FALSE,10,elitize_generation_data,108,3,0.057,NA
110,97,string-lengths-backwards,ifs,FALSE,10,elitize_generation_data,109,4,0.061,NA
111,97,string-lengths-backwards,ifs,FALSE,10,elitize_generation_data,110,3,0.053,NA
112,97,string-lengths-backwards,ifs,FALSE,10,elitize_generation_data,111,3,0.06,NA
113,97,string-lengths-backwards,ifs,FALSE,10,elitize_generation_data,112,3,0.059,NA
114,97,string-lengths-backwards,ifs,FALSE,10,elitize_generation_data,113,4,0.051,NA
115,97,string-lengths-backwards,ifs,FALSE,10,elitize_generation_data,114,4,0.051,NA
116,97,string-lengths-backwards,ifs,FALSE,10,elitize_generation_data,115,6,0.054,NA
117,97,string-lengths-backwards,ifs,FALSE,10,elitize_generation_data,116,4,0.055,NA
118,97,string-lengths-backwards,ifs,FALSE,10,elitize_generation_data,117,3,0.051,NA
119,97,string-lengths-backwards,ifs,FALSE,10,elitize_generation_data,118,5,0.058,NA
120,97,string-lengths-backwards,ifs,FALSE,10,elitize_generation_data,119,3,0.057,NA
121,97,string-lengths-backwards,ifs,FALSE,10,elitize_generation_data,120,2,0.048,NA
122,97,string-lengths-backwards,ifs,FALSE,10,elitize_generation_data,121,6,0.055,NA
123,97,string-lengths-backwards,ifs,FALSE,10,elitize_generation_data,122,4,0.062,NA
124,97,string-lengths-backwards,ifs,FALSE,10,elitize_generation_data,123,4,0.049,NA
125,97,string-lengths-backwards,ifs,FALSE,10,elitize_generation_data,124,3,0.053,NA
126,97,string-lengths-backwards,ifs,FALSE,10,elitize_generation_data,125,5,0.05,NA
127,97,string-lengths-backwards,ifs,FALSE,10,elitize_generation_data,126,4,0.059,NA
128,97,string-lengths-backwards,ifs,FALSE,10,elitize_generation_data,127,4,0.051,NA
129,97,string-lengths-backwards,ifs,FALSE,10,elitize_generation_data,128,4,0.053,NA
130,97,string-lengths-backwards,ifs,FALSE,10,elitize_generation_data,129,4,0.054,NA
131,97,string-lengths-backwards,ifs,FALSE,10,elitize_generation_data,130,4,0.044,NA
132,97,string-lengths-backwards,ifs,FALSE,10,elitize_generation_data,131,3,0.05,NA
133,97,string-lengths-backwards,ifs,FALSE,10,elitize_generation_data,132,3,0.044,NA
134,97,string-lengths-backwards,ifs,FALSE,10,elitize_generation_data,133,3,0.055,NA
135,97,string-lengths-backwards,ifs,FALSE,10,elitize_generation_data,134,4,0.051,NA
136,97,string-lengths-backwards,ifs,FALSE,10,elitize_generation_data,135,2,0.043,NA
137,97,string-lengths-backwards,ifs,FALSE,10,elitize_generation_data,136,3,0.046,NA
138,97,string-lengths-backwards,ifs,FALSE,10,elitize_generation_data,137,3,0.046,NA
139,97,string-lengths-backwards,ifs,FALSE,10,elitize_generation_data,138,5,0.051,NA
140,97,string-lengths-backwards,ifs,FALSE,10,elitize_generation_data,139,2,0.044,NA
141,97,string-lengths-backwards,ifs,FALSE,10,elitize_generation_data,140,3,0.044,NA
142,97,string-lengths-backwards,ifs,FALSE,10,elitize_generation_data,141,4,0.055,NA
143,97,string-lengths-backwards,ifs,FALSE,10,elitize_generation_data,142,5,0.047,NA
144,97,string-lengths-backwards,ifs,FALSE,10,elitize_generation_data,143,2,0.04,NA
145,97,string-lengths-backwards,ifs,FALSE,10,elitize_generation_data,144,4,0.046,NA
146,97,string-lengths-backwards,ifs,FALSE,10,elitize_generation_data,145,3,0.051,NA
147,97,string-lengths-backwards,ifs,FALSE,10,elitize_generation_data,146,3,0.044,NA
148,97,string-lengths-backwards,ifs,FALSE,10,elitize_generation_data,147,3,0.045,NA
149,97,string-lengths-backwards,ifs,FALSE,10,elitize_generation_data,148,3,0.043,NA
150,97,string-lengths-backwards,ifs,FALSE,10,elitize_generation_data,149,4,0.044,NA
151,97,string-lengths-backwards,ifs,FALSE,10,elitize_generation_data,150,3,0.046,NA
152,97,string-lengths-backwards,ifs,FALSE,10,elitize_generation_data,151,2,0.048,NA
153,97,string-lengths-backwards,ifs,FALSE,10,elitize_generation_data,152,3,0.039,NA
154,97,string-lengths-backwards,ifs,FALSE,10,elitize_generation_data,153,3,0.055,NA
155,97,string-lengths-backwards,ifs,FALSE,10,elitize_generation_data,154,4,0.06,NA
156,97,string-lengths-backwards,ifs,FALSE,10,elitize_generation_data,155,3,0.043,NA
157,97,string-lengths-backwards,ifs,FALSE,10,elitize_generation_data,156,3,0.04,NA
158,97,string-lengths-backwards,ifs,FALSE,10,elitize_generation_data,157,3,0.051,NA
159,97,string-lengths-backwards,ifs,FALSE,10,elitize_generation_data,158,2,0.043,NA
160,97,string-lengths-backwards,ifs,FALSE,10,elitize_generation_data,159,2,0.053,NA
161,97,string-lengths-backwards,ifs,FALSE,10,elitize_generation_data,160,4,0.046,NA
162,97,string-lengths-backwards,ifs,FALSE,10,elitize_generation_data,161,3,0.044,NA
163,97,string-lengths-backwards,ifs,FALSE,10,elitize_generation_data,162,4,0.043,NA
164,97,string-lengths-backwards,ifs,FALSE,10,elitize_generation_data,163,2,0.046,NA
165,97,string-lengths-backwards,ifs,FALSE,10,elitize_generation_data,164,3,0.05,NA
166,97,string-lengths-backwards,ifs,FALSE,10,elitize_generation_data,165,4,0.043,NA
167,97,string-lengths-backwards,ifs,FALSE,10,elitize_generation_data,166,4,0.05,NA
168,97,string-lengths-backwards,ifs,FALSE,10,elitize_generation_data,167,4,0.046,NA
169,97,string-lengths-backwards,ifs,FALSE,10,elitize_generation_data,168,2,0.05,NA
170,97,string-lengths-backwards,ifs,FALSE,10,elitize_generation_data,169,3,0.036,NA
171,97,string-lengths-backwards,ifs,FALSE,10,elitize_generation_data,170,3,0.044,NA
172,97,string-lengths-backwards,ifs,FALSE,10,elitize_generation_data,171,3,0.045,NA
173,97,string-lengths-backwards,ifs,FALSE,10,elitize_generation_data,172,3,0.044,NA
174,97,string-lengths-backwards,ifs,FALSE,10,elitize_generation_data,173,2,0.043,NA
175,97,string-lengths-backwards,ifs,FALSE,10,elitize_generation_data,174,3,0.048,NA
176,97,string-lengths-backwards,ifs,FALSE,10,elitize_generation_data,175,4,0.048,NA
177,97,string-lengths-backwards,ifs,FALSE,10,elitize_generation_data,176,3,0.041,NA
178,97,string-lengths-backwards,ifs,FALSE,10,elitize_generation_data,177,3,0.049,NA
179,97,string-lengths-backwards,ifs,FALSE,10,elitize_generation_data,178,3,0.058,NA
180,97,string-lengths-backwards,ifs,FALSE,10,elitize_generation_data,179,2,0.042,NA
181,97,string-lengths-backwards,ifs,FALSE,10,elitize_generation_data,180,4,0.044,NA
182,97,string-lengths-backwards,ifs,FALSE,10,elitize_generation_data,181,4,0.05,NA
183,97,string-lengths-backwards,ifs,FALSE,10,elitize_generation_data,182,2,0.038,NA
184,97,string-lengths-backwards,ifs,FALSE,10,elitize_generation_data,183,4,0.042,NA
185,97,string-lengths-backwards,ifs,FALSE,10,elitize_generation_data,184,3,0.045,NA
186,97,string-lengths-backwards,ifs,FALSE,10,elitize_generation_data,185,3,0.049,NA
187,97,string-lengths-backwards,ifs,FALSE,10,elitize_generation_data,186,3,0.043,NA
188,97,string-lengths-backwards,ifs,FALSE,10,elitize_generation_data,187,4,0.04,NA
189,97,string-lengths-backwards,ifs,FALSE,10,elitize_generation_data,188,4,0.053,NA
190,97,string-lengths-backwards,ifs,FALSE,10,elitize_generation_data,189,3,0.048,NA
191,97,string-lengths-backwards,ifs,FALSE,10,elitize_generation_data,190,2,0.04,NA
192,97,string-lengths-backwards,ifs,FALSE,10,elitize_generation_data,191,3,0.037,NA
193,97,string-lengths-backwards,ifs,FALSE,10,elitize_generation_data,192,3,0.032,NA
194,97,string-lengths-backwards,ifs,FALSE,10,elitize_generation_data,193,4,0.045,NA
195,97,string-lengths-backwards,ifs,FALSE,10,elitize_generation_data,194,2,0.049,NA
196,97,string-lengths-backwards,ifs,FALSE,10,elitize_generation_data,195,4,0.044,NA
197,97,string-lengths-backwards,ifs,FALSE,10,elitize_generation_data,196,3,0.034,NA
198,97,string-lengths-backwards,ifs,FALSE,10,elitize_generation_data,197,3,0.039,NA
199,97,string-lengths-backwards,ifs,FALSE,10,elitize_generation_data,198,2,0.034,NA
200,97,string-lengths-backwards,ifs,FALSE,10,elitize_generation_data,199,4,0.045,NA
201,97,string-lengths-backwards,ifs,FALSE,10,elitize_generation_data,200,4,0.043,NA
202,97,string-lengths-backwards,ifs,FALSE,10,elitize_generation_data,201,5,0.041,NA
203,97,string-lengths-backwards,ifs,FALSE,10,elitize_generation_data,202,2,0.041,NA
204,97,string-lengths-backwards,ifs,FALSE,10,elitize_generation_data,203,3,0.048,NA
205,97,string-lengths-backwards,ifs,FALSE,10,elitize_generation_data,204,2,0.039,NA
206,97,string-lengths-backwards,ifs,FALSE,10,elitize_generation_data,205,4,0.032,NA
207,97,string-lengths-backwards,ifs,FALSE,10,elitize_generation_data,206,4,0.037,NA
208,97,string-lengths-backwards,ifs,FALSE,10,elitize_generation_data,207,2,0.033,NA
209,97,string-lengths-backwards,ifs,FALSE,10,elitize_generation_data,208,2,0.043,NA
210,97,string-lengths-backwards,ifs,FALSE,10,elitize_generation_data,209,2,0.038,NA
211,97,string-lengths-backwards,ifs,FALSE,10,elitize_generation_data,210,3,0.042,NA
212,97,string-lengths-backwards,ifs,FALSE,10,elitize_generation_data,211,3,0.039,NA
213,97,string-lengths-backwards,ifs,FALSE,10,elitize_generation_data,212,2,0.037,NA
214,97,string-lengths-backwards,ifs,FALSE,10,elitize_generation_data,213,3,0.04,NA
215,97,string-lengths-backwards,ifs,FALSE,10,elitize_generation_data,214,4,0.047,NA
216,97,string-lengths-backwards,ifs,FALSE,10,elitize_generation_data,215,2,0.031,NA
217,97,string-lengths-backwards,ifs,FALSE,10,elitize_generation_data,216,3,0.041,NA
218,97,string-lengths-backwards,ifs,FALSE,10,elitize_generation_data,217,3,0.034,NA
219,97,string-lengths-backwards,ifs,FALSE,10,elitize_generation_data,218,4,0.043,NA
220,97,string-lengths-backwards,ifs,FALSE,10,elitize_generation_data,219,3,0.035,NA
221,97,string-lengths-backwards,ifs,FALSE,10,elitize_generation_data,220,3,0.035,NA
222,97,string-lengths-backwards,ifs,FALSE,10,elitize_generation_data,221,2,0.028,NA
223,97,string-lengths-backwards,ifs,FALSE,10,elitize_generation_data,222,4,0.044,NA
224,97,string-lengths-backwards,ifs,FALSE,10,elitize_generation_data,223,2,0.037,NA
225,97,string-lengths-backwards,ifs,FALSE,10,elitize_generation_data,224,2,0.039,NA
226,97,string-lengths-backwards,ifs,FALSE,10,elitize_generation_data,225,3,0.034,NA
227,97,string-lengths-backwards,ifs,FALSE,10,elitize_generation_data,226,4,0.039,NA
228,97,string-lengths-backwards,ifs,FALSE,10,elitize_generation_data,227,2,0.037,NA
229,97,string-lengths-backwards,ifs,FALSE,10,elitize_generation_data,228,2,0.032,NA
230,97,string-lengths-backwards,ifs,FALSE,10,elitize_generation_data,229,2,0.037,NA
231,97,string-lengths-backwards,ifs,FALSE,10,elitize_generation_data,230,2,0.035,NA
232,97,string-lengths-backwards,ifs,FALSE,10,elitize_generation_data,231,2,0.036,NA
233,97,string-lengths-backwards,ifs,FALSE,10,elitize_generation_data,232,2,0.039,NA
234,97,string-lengths-backwards,ifs,FALSE,10,elitize_generation_data,233,2,0.034,NA
235,97,string-lengths-backwards,ifs,FALSE,10,elitize_generation_data,234,3,0.033,NA
236,97,string-lengths-backwards,ifs,FALSE,10,elitize_generation_data,235,2,0.03,NA
237,97,string-lengths-backwards,ifs,FALSE,10,elitize_generation_data,236,4,0.039,NA
238,97,string-lengths-backwards,ifs,FALSE,10,elitize_generation_data,237,3,0.036,NA
239,97,string-lengths-backwards,ifs,FALSE,10,elitize_generation_data,238,3,0.036,NA
240,97,string-lengths-backwards,ifs,FALSE,10,elitize_generation_data,239,5,0.035,NA
241,97,string-lengths-backwards,ifs,FALSE,10,elitize_generation_data,240,3,0.031,NA
242,97,string-lengths-backwards,ifs,FALSE,10,elitize_generation_data,241,4,0.034,NA
243,97,string-lengths-backwards,ifs,FALSE,10,elitize_generation_data,242,3,0.039,NA
244,97,string-lengths-backwards,ifs,FALSE,10,elitize_generation_data,243,3,0.04,NA
245,97,string-lengths-backwards,ifs,FALSE,10,elitize_generation_data,244,3,0.039,NA
246,97,string-lengths-backwards,ifs,FALSE,10,elitize_generation_data,245,4,0.044,NA
247,97,string-lengths-backwards,ifs,FALSE,10,elitize_generation_data,246,2,0.04,NA
248,97,string-lengths-backwards,ifs,FALSE,10,elitize_generation_data,247,3,0.037,NA
249,97,string-lengths-backwards,ifs,FALSE,10,elitize_generation_data,248,2,0.031,NA
250,97,string-lengths-backwards,ifs,FALSE,10,elitize_generation_data,249,2,0.03,NA
251,97,string-lengths-backwards,ifs,FALSE,10,elitize_generation_data,250,2,0.039,NA
252,97,string-lengths-backwards,ifs,FALSE,10,elitize_generation_data,251,4,0.048,NA
253,97,string-lengths-backwards,ifs,FALSE,10,elitize_generation_data,252,4,0.047,NA
254,97,string-lengths-backwards,ifs,FALSE,10,elitize_generation_data,253,2,0.03,NA
255,97,string-lengths-backwards,ifs,FALSE,10,elitize_generation_data,254,2,0.038,NA
256,97,string-lengths-backwards,ifs,FALSE,10,elitize_generation_data,255,4,0.041,NA
257,97,string-lengths-backwards,ifs,FALSE,10,elitize_generation_data,256,4,0.042,NA
258,97,string-lengths-backwards,ifs,FALSE,10,elitize_generation_data,257,4,0.055,NA
259,97,string-lengths-backwards,ifs,FALSE,10,elitize_generation_data,258,2,0.045,NA
260,97,string-lengths-backwards,ifs,FALSE,10,elitize_generation_data,259,3,0.031,NA
261,97,string-lengths-backwards,ifs,FALSE,10,elitize_generation_data,260,3,0.037,NA
262,97,string-lengths-backwards,ifs,FALSE,10,elitize_generation_data,261,5,0.042,NA
263,97,string-lengths-backwards,ifs,FALSE,10,elitize_generation_data,262,2,0.036,NA
264,97,string-lengths-backwards,ifs,FALSE,10,elitize_generation_data,263,2,0.041,NA
265,97,string-lengths-backwards,ifs,FALSE,10,elitize_generation_data,264,4,0.028,NA
266,97,string-lengths-backwards,ifs,FALSE,10,elitize_generation_data,265,3,0.034,NA
267,97,string-lengths-backwards,ifs,FALSE,10,elitize_generation_data,266,2,0.039,NA
268,97,string-lengths-backwards,ifs,FALSE,10,elitize_generation_data,267,2,0.041,NA
269,97,string-lengths-backwards,ifs,FALSE,10,elitize_generation_data,268,2,0.036,NA
270,97,string-lengths-backwards,ifs,FALSE,10,elitize_generation_data,269,3,0.037,NA
271,97,string-lengths-backwards,ifs,FALSE,10,elitize_generation_data,270,4,0.03,NA
272,97,string-lengths-backwards,ifs,FALSE,10,elitize_generation_data,271,6,0.036,NA
273,97,string-lengths-backwards,ifs,FALSE,10,elitize_generation_data,272,4,0.042,NA
274,97,string-lengths-backwards,ifs,FALSE,10,elitize_generation_data,273,3,0.037,NA
275,97,string-lengths-backwards,ifs,FALSE,10,elitize_generation_data,274,3,0.04,NA
276,97,string-lengths-backwards,ifs,FALSE,10,elitize_generation_data,275,2,0.028,NA
277,97,string-lengths-backwards,ifs,FALSE,10,elitize_generation_data,276,4,0.041,NA
278,97,string-lengths-backwards,ifs,FALSE,10,elitize_generation_data,277,3,0.032,NA
279,97,string-lengths-backwards,ifs,FALSE,10,elitize_generation_data,278,4,0.045,NA
280,97,string-lengths-backwards,ifs,FALSE,10,elitize_generation_data,279,3,0.04,NA
281,97,string-lengths-backwards,ifs,FALSE,10,elitize_generation_data,280,3,0.038,NA
282,97,string-lengths-backwards,ifs,FALSE,10,elitize_generation_data,281,3,0.034,NA
283,97,string-lengths-backwards,ifs,FALSE,10,elitize_generation_data,282,3,0.026,NA
284,97,string-lengths-backwards,ifs,FALSE,10,elitize_generation_data,283,3,0.036,NA
285,97,string-lengths-backwards,ifs,FALSE,10,elitize_generation_data,284,2,0.036,NA
286,97,string-lengths-backwards,ifs,FALSE,10,elitize_generation_data,285,2,0.035,NA
287,97,string-lengths-backwards,ifs,FALSE,10,elitize_generation_data,286,4,0.032,NA
288,97,string-lengths-backwards,ifs,FALSE,10,elitize_generation_data,287,5,0.04,NA
289,97,string-lengths-backwards,ifs,FALSE,10,elitize_generation_data,288,5,0.035,NA
290,97,string-lengths-backwards,ifs,FALSE,10,elitize_generation_data,289,4,0.033,NA
291,97,string-lengths-backwards,ifs,FALSE,10,elitize_generation_data,290,3,0.043,NA
292,97,string-lengths-backwards,ifs,FALSE,10,elitize_generation_data,291,3,0.033,NA
293,97,string-lengths-backwards,ifs,FALSE,10,elitize_generation_data,292,2,0.044,NA
294,97,string-lengths-backwards,ifs,FALSE,10,elitize_generation_data,293,3,0.032,NA
295,97,string-lengths-backwards,ifs,FALSE,10,elitize_generation_data,294,3,0.038,NA
296,97,string-lengths-backwards,ifs,FALSE,10,elitize_generation_data,295,3,0.03,NA
297,97,string-lengths-backwards,ifs,FALSE,10,elitize_generation_data,296,5,0.042,NA
298,97,string-lengths-backwards,ifs,FALSE,10,elitize_generation_data,297,5,0.047,NA
299,97,string-lengths-backwards,ifs,FALSE,10,elitize_generation_data,298,2,0.035,NA
300,97,string-lengths-backwards,ifs,FALSE,10,elitize_generation_data,299,2,0.035,NA
301,97,string-lengths-backwards,ifs,FALSE,10,elitize_generation_data,300,3,0.03,NA
