,run.num,problem,treatment,succeeded,height,normalization.function,generation,cluster.count,error.diversity,success.generation
1,87,string-lengths-backwards,ifs,TRUE,10,elitize_generation_data,0,6,0.269,203
2,87,string-lengths-backwards,ifs,TRUE,10,elitize_generation_data,1,9,0.153,203
3,87,string-lengths-backwards,ifs,TRUE,10,elitize_generation_data,2,14,0.24,203
4,87,string-lengths-backwards,ifs,TRUE,10,elitize_generation_data,3,13,0.308,203
5,87,string-lengths-backwards,ifs,TRUE,10,elitize_generation_data,4,12,0.228,203
6,87,string-lengths-backwards,ifs,TRUE,10,elitize_generation_data,5,19,0.195,203
7,87,string-lengths-backwards,ifs,TRUE,10,elitize_generation_data,6,12,0.259,203
8,87,string-lengths-backwards,ifs,TRUE,10,elitize_generation_data,7,7,0.256,203
9,87,string-lengths-backwards,ifs,TRUE,10,elitize_generation_data,8,11,0.24,203
10,87,string-lengths-backwards,ifs,TRUE,10,elitize_generation_data,9,17,0.26,203
11,87,string-lengths-backwards,ifs,TRUE,10,elitize_generation_data,10,21,0.351,203
12,87,string-lengths-backwards,ifs,TRUE,10,elitize_generation_data,11,9,0.409,203
13,87,string-lengths-backwards,ifs,TRUE,10,elitize_generation_data,12,15,0.38,203
14,87,string-lengths-backwards,ifs,TRUE,10,elitize_generation_data,13,9,0.306,203
15,87,string-lengths-backwards,ifs,TRUE,10,elitize_generation_data,14,15,0.312,203
16,87,string-lengths-backwards,ifs,TRUE,10,elitize_generation_data,15,14,0.334,203
17,87,string-lengths-backwards,ifs,TRUE,10,elitize_generation_data,16,17,0.344,203
18,87,string-lengths-backwards,ifs,TRUE,10,elitize_generation_data,17,17,0.396,203
19,87,string-lengths-backwards,ifs,TRUE,10,elitize_generation_data,18,16,0.366,203
20,87,string-lengths-backwards,ifs,TRUE,10,elitize_generation_data,19,9,0.359,203
21,87,string-lengths-backwards,ifs,TRUE,10,elitize_generation_data,20,14,0.421,203
22,87,string-lengths-backwards,ifs,TRUE,10,elitize_generation_data,21,10,0.454,203
23,87,string-lengths-backwards,ifs,TRUE,10,elitize_generation_data,22,11,0.495,203
24,87,string-lengths-backwards,ifs,TRUE,10,elitize_generation_data,23,10,0.554,203
25,87,string-lengths-backwards,ifs,TRUE,10,elitize_generation_data,24,7,0.624,203
26,87,string-lengths-backwards,ifs,TRUE,10,elitize_generation_data,25,3,0.64,203
27,87,string-lengths-backwards,ifs,TRUE,10,elitize_generation_data,26,9,0.638,203
28,87,string-lengths-backwards,ifs,TRUE,10,elitize_generation_data,27,12,0.579,203
29,87,string-lengths-backwards,ifs,TRUE,10,elitize_generation_data,28,15,0.53,203
30,87,string-lengths-backwards,ifs,TRUE,10,elitize_generation_data,29,4,0.526,203
31,87,string-lengths-backwards,ifs,TRUE,10,elitize_generation_data,30,2,0.492,203
32,87,string-lengths-backwards,ifs,TRUE,10,elitize_generation_data,31,7,0.524,203
33,87,string-lengths-backwards,ifs,TRUE,10,elitize_generation_data,32,2,0.588,203
34,87,string-lengths-backwards,ifs,TRUE,10,elitize_generation_data,33,6,0.636,203
35,87,string-lengths-backwards,ifs,TRUE,10,elitize_generation_data,34,8,0.632,203
36,87,string-lengths-backwards,ifs,TRUE,10,elitize_generation_data,35,2,0.616,203
37,87,string-lengths-backwards,ifs,TRUE,10,elitize_generation_data,36,4,0.684,203
38,87,string-lengths-backwards,ifs,TRUE,10,elitize_generation_data,37,3,0.71,203
39,87,string-lengths-backwards,ifs,TRUE,10,elitize_generation_data,38,5,0.749,203
40,87,string-lengths-backwards,ifs,TRUE,10,elitize_generation_data,39,3,0.785,203
41,87,string-lengths-backwards,ifs,TRUE,10,elitize_generation_data,40,3,0.791,203
42,87,string-lengths-backwards,ifs,TRUE,10,elitize_generation_data,41,4,0.799,203
43,87,string-lengths-backwards,ifs,TRUE,10,elitize_generation_data,42,4,0.781,203
44,87,string-lengths-backwards,ifs,TRUE,10,elitize_generation_data,43,3,0.775,203
45,87,string-lengths-backwards,ifs,TRUE,10,elitize_generation_data,44,3,0.713,203
46,87,string-lengths-backwards,ifs,TRUE,10,elitize_generation_data,45,4,0.608,203
47,87,string-lengths-backwards,ifs,TRUE,10,elitize_generation_data,46,4,0.599,203
48,87,string-lengths-backwards,ifs,TRUE,10,elitize_generation_data,47,5,0.537,203
49,87,string-lengths-backwards,ifs,TRUE,10,elitize_generation_data,48,5,0.43,203
50,87,string-lengths-backwards,ifs,TRUE,10,elitize_generation_data,49,4,0.422,203
51,87,string-lengths-backwards,ifs,TRUE,10,elitize_generation_data,50,5,0.471,203
52,87,string-lengths-backwards,ifs,TRUE,10,elitize_generation_data,51,4,0.492,203
53,87,string-lengths-backwards,ifs,TRUE,10,elitize_generation_data,52,4,0.489,203
54,87,string-lengths-backwards,ifs,TRUE,10,elitize_generation_data,53,5,0.531,203
55,87,string-lengths-backwards,ifs,TRUE,10,elitize_generation_data,54,4,0.553,203
56,87,string-lengths-backwards,ifs,TRUE,10,elitize_generation_data,55,5,0.573,203
57,87,string-lengths-backwards,ifs,TRUE,10,elitize_generation_data,56,4,0.617,203
58,87,string-lengths-backwards,ifs,TRUE,10,elitize_generation_data,57,4,0.622,203
59,87,string-lengths-backwards,ifs,TRUE,10,elitize_generation_data,58,4,0.645,203
60,87,string-lengths-backwards,ifs,TRUE,10,elitize_generation_data,59,4,0.667,203
61,87,string-lengths-backwards,ifs,TRUE,10,elitize_generation_data,60,5,0.675,203
62,87,string-lengths-backwards,ifs,TRUE,10,elitize_generation_data,61,5,0.728,203
63,87,string-lengths-backwards,ifs,TRUE,10,elitize_generation_data,62,4,0.749,203
64,87,string-lengths-backwards,ifs,TRUE,10,elitize_generation_data,63,5,0.785,203
65,87,string-lengths-backwards,ifs,TRUE,10,elitize_generation_data,64,3,0.77,203
66,87,string-lengths-backwards,ifs,TRUE,10,elitize_generation_data,65,4,0.792,203
67,87,string-lengths-backwards,ifs,TRUE,10,elitize_generation_data,66,5,0.809,203
68,87,string-lengths-backwards,ifs,TRUE,10,elitize_generation_data,67,3,0.8,203
69,87,string-lengths-backwards,ifs,TRUE,10,elitize_generation_data,68,4,0.763,203
70,87,string-lengths-backwards,ifs,TRUE,10,elitize_generation_data,69,3,0.791,203
71,87,string-lengths-backwards,ifs,TRUE,10,elitize_generation_data,70,3,0.786,203
72,87,string-lengths-backwards,ifs,TRUE,10,elitize_generation_data,71,3,0.794,203
73,87,string-lengths-backwards,ifs,TRUE,10,elitize_generation_data,72,3,0.801,203
74,87,string-lengths-backwards,ifs,TRUE,10,elitize_generation_data,73,3,0.81,203
75,87,string-lengths-backwards,ifs,TRUE,10,elitize_generation_data,74,3,0.804,203
76,87,string-lengths-backwards,ifs,TRUE,10,elitize_generation_data,75,3,0.812,203
77,87,string-lengths-backwards,ifs,TRUE,10,elitize_generation_data,76,4,0.789,203
78,87,string-lengths-backwards,ifs,TRUE,10,elitize_generation_data,77,3,0.843,203
79,87,string-lengths-backwards,ifs,TRUE,10,elitize_generation_data,78,3,0.801,203
80,87,string-lengths-backwards,ifs,TRUE,10,elitize_generation_data,79,3,0.809,203
81,87,string-lengths-backwards,ifs,TRUE,10,elitize_generation_data,80,2,0.798,203
82,87,string-lengths-backwards,ifs,TRUE,10,elitize_generation_data,81,2,0.778,203
83,87,string-lengths-backwards,ifs,TRUE,10,elitize_generation_data,82,4,0.775,203
84,87,string-lengths-backwards,ifs,TRUE,10,elitize_generation_data,83,3,0.765,203
85,87,string-lengths-backwards,ifs,TRUE,10,elitize_generation_data,84,2,0.722,203
86,87,string-lengths-backwards,ifs,TRUE,10,elitize_generation_data,85,3,0.719,203
87,87,string-lengths-backwards,ifs,TRUE,10,elitize_generation_data,86,3,0.749,203
88,87,string-lengths-backwards,ifs,TRUE,10,elitize_generation_data,87,4,0.736,203
89,87,string-lengths-backwards,ifs,TRUE,10,elitize_generation_data,88,4,0.697,203
90,87,string-lengths-backwards,ifs,TRUE,10,elitize_generation_data,89,2,0.698,203
91,87,string-lengths-backwards,ifs,TRUE,10,elitize_generation_data,90,5,0.697,203
92,87,string-lengths-backwards,ifs,TRUE,10,elitize_generation_data,91,4,0.685,203
93,87,string-lengths-backwards,ifs,TRUE,10,elitize_generation_data,92,2,0.694,203
94,87,string-lengths-backwards,ifs,TRUE,10,elitize_generation_data,93,2,0.72,203
95,87,string-lengths-backwards,ifs,TRUE,10,elitize_generation_data,94,2,0.697,203
96,87,string-lengths-backwards,ifs,TRUE,10,elitize_generation_data,95,2,0.732,203
97,87,string-lengths-backwards,ifs,TRUE,10,elitize_generation_data,96,3,0.733,203
98,87,string-lengths-backwards,ifs,TRUE,10,elitize_generation_data,97,2,0.733,203
99,87,string-lengths-backwards,ifs,TRUE,10,elitize_generation_data,98,5,0.734,203
100,87,string-lengths-backwards,ifs,TRUE,10,elitize_generation_data,99,3,0.72,203
101,87,string-lengths-backwards,ifs,TRUE,10,elitize_generation_data,100,3,0.716,203
102,87,string-lengths-backwards,ifs,TRUE,10,elitize_generation_data,101,5,0.732,203
103,87,string-lengths-backwards,ifs,TRUE,10,elitize_generation_data,102,2,0.717,203
104,87,string-lengths-backwards,ifs,TRUE,10,elitize_generation_data,103,2,0.721,203
105,87,string-lengths-backwards,ifs,TRUE,10,elitize_generation_data,104,3,0.716,203
106,87,string-lengths-backwards,ifs,TRUE,10,elitize_generation_data,105,3,0.713,203
107,87,string-lengths-backwards,ifs,TRUE,10,elitize_generation_data,106,3,0.732,203
108,87,string-lengths-backwards,ifs,TRUE,10,elitize_generation_data,107,2,0.747,203
109,87,string-lengths-backwards,ifs,TRUE,10,elitize_generation_data,108,2,0.758,203
110,87,string-lengths-backwards,ifs,TRUE,10,elitize_generation_data,109,5,0.745,203
111,87,string-lengths-backwards,ifs,TRUE,10,elitize_generation_data,110,2,0.765,203
112,87,string-lengths-backwards,ifs,TRUE,10,elitize_generation_data,111,4,0.793,203
113,87,string-lengths-backwards,ifs,TRUE,10,elitize_generation_data,112,1,0.766,203
114,87,string-lengths-backwards,ifs,TRUE,10,elitize_generation_data,113,2,0.76,203
115,87,string-lengths-backwards,ifs,TRUE,10,elitize_generation_data,114,5,0.79,203
116,87,string-lengths-backwards,ifs,TRUE,10,elitize_generation_data,115,3,0.756,203
117,87,string-lengths-backwards,ifs,TRUE,10,elitize_generation_data,116,3,0.783,203
118,87,string-lengths-backwards,ifs,TRUE,10,elitize_generation_data,117,3,0.805,203
119,87,string-lengths-backwards,ifs,TRUE,10,elitize_generation_data,118,3,0.796,203
120,87,string-lengths-backwards,ifs,TRUE,10,elitize_generation_data,119,5,0.823,203
121,87,string-lengths-backwards,ifs,TRUE,10,elitize_generation_data,120,2,0.816,203
122,87,string-lengths-backwards,ifs,TRUE,10,elitize_generation_data,121,4,0.855,203
123,87,string-lengths-backwards,ifs,TRUE,10,elitize_generation_data,122,4,0.878,203
124,87,string-lengths-backwards,ifs,TRUE,10,elitize_generation_data,123,3,0.866,203
125,87,string-lengths-backwards,ifs,TRUE,10,elitize_generation_data,124,4,0.88,203
126,87,string-lengths-backwards,ifs,TRUE,10,elitize_generation_data,125,4,0.852,203
127,87,string-lengths-backwards,ifs,TRUE,10,elitize_generation_data,126,6,0.878,203
128,87,string-lengths-backwards,ifs,TRUE,10,elitize_generation_data,127,5,0.882,203
129,87,string-lengths-backwards,ifs,TRUE,10,elitize_generation_data,128,4,0.865,203
130,87,string-lengths-backwards,ifs,TRUE,10,elitize_generation_data,129,5,0.866,203
131,87,string-lengths-backwards,ifs,TRUE,10,elitize_generation_data,130,5,0.893,203
132,87,string-lengths-backwards,ifs,TRUE,10,elitize_generation_data,131,4,0.872,203
133,87,string-lengths-backwards,ifs,TRUE,10,elitize_generation_data,132,5,0.887,203
134,87,string-lengths-backwards,ifs,TRUE,10,elitize_generation_data,133,5,0.897,203
135,87,string-lengths-backwards,ifs,TRUE,10,elitize_generation_data,134,6,0.885,203
136,87,string-lengths-backwards,ifs,TRUE,10,elitize_generation_data,135,6,0.896,203
137,87,string-lengths-backwards,ifs,TRUE,10,elitize_generation_data,136,7,0.875,203
138,87,string-lengths-backwards,ifs,TRUE,10,elitize_generation_data,137,4,0.892,203
139,87,string-lengths-backwards,ifs,TRUE,10,elitize_generation_data,138,6,0.888,203
140,87,string-lengths-backwards,ifs,TRUE,10,elitize_generation_data,139,5,0.896,203
141,87,string-lengths-backwards,ifs,TRUE,10,elitize_generation_data,140,6,0.886,203
142,87,string-lengths-backwards,ifs,TRUE,10,elitize_generation_data,141,4,0.854,203
143,87,string-lengths-backwards,ifs,TRUE,10,elitize_generation_data,142,5,0.867,203
144,87,string-lengths-backwards,ifs,TRUE,10,elitize_generation_data,143,5,0.883,203
145,87,string-lengths-backwards,ifs,TRUE,10,elitize_generation_data,144,8,0.874,203
146,87,string-lengths-backwards,ifs,TRUE,10,elitize_generation_data,145,10,0.854,203
147,87,string-lengths-backwards,ifs,TRUE,10,elitize_generation_data,146,18,0.858,203
148,87,string-lengths-backwards,ifs,TRUE,10,elitize_generation_data,147,20,0.835,203
149,87,string-lengths-backwards,ifs,TRUE,10,elitize_generation_data,148,20,0.814,203
150,87,string-lengths-backwards,ifs,TRUE,10,elitize_generation_data,149,18,0.807,203
151,87,string-lengths-backwards,ifs,TRUE,10,elitize_generation_data,150,24,0.816,203
152,87,string-lengths-backwards,ifs,TRUE,10,elitize_generation_data,151,27,0.818,203
153,87,string-lengths-backwards,ifs,TRUE,10,elitize_generation_data,152,23,0.801,203
154,87,string-lengths-backwards,ifs,TRUE,10,elitize_generation_data,153,21,0.779,203
155,87,string-lengths-backwards,ifs,TRUE,10,elitize_generation_data,154,25,0.766,203
156,87,string-lengths-backwards,ifs,TRUE,10,elitize_generation_data,155,31,0.725,203
157,87,string-lengths-backwards,ifs,TRUE,10,elitize_generation_data,156,24,0.703,203
158,87,string-lengths-backwards,ifs,TRUE,10,elitize_generation_data,157,29,0.734,203
159,87,string-lengths-backwards,ifs,TRUE,10,elitize_generation_data,158,28,0.737,203
160,87,string-lengths-backwards,ifs,TRUE,10,elitize_generation_data,159,26,0.749,203
161,87,string-lengths-backwards,ifs,TRUE,10,elitize_generation_data,160,26,0.726,203
162,87,string-lengths-backwards,ifs,TRUE,10,elitize_generation_data,161,20,0.704,203
163,87,string-lengths-backwards,ifs,TRUE,10,elitize_generation_data,162,19,0.69,203
164,87,string-lengths-backwards,ifs,TRUE,10,elitize_generation_data,163,14,0.718,203
165,87,string-lengths-backwards,ifs,TRUE,10,elitize_generation_data,164,16,0.694,203
166,87,string-lengths-backwards,ifs,TRUE,10,elitize_generation_data,165,15,0.668,203
167,87,string-lengths-backwards,ifs,TRUE,10,elitize_generation_data,166,11,0.626,203
168,87,string-lengths-backwards,ifs,TRUE,10,elitize_generation_data,167,8,0.607,203
169,87,string-lengths-backwards,ifs,TRUE,10,elitize_generation_data,168,10,0.576,203
170,87,string-lengths-backwards,ifs,TRUE,10,elitize_generation_data,169,6,0.557,203
171,87,string-lengths-backwards,ifs,TRUE,10,elitize_generation_data,170,9,0.531,203
172,87,string-lengths-backwards,ifs,TRUE,10,elitize_generation_data,171,8,0.503,203
173,87,string-lengths-backwards,ifs,TRUE,10,elitize_generation_data,172,11,0.513,203
174,87,string-lengths-backwards,ifs,TRUE,10,elitize_generation_data,173,12,0.45,203
175,87,string-lengths-backwards,ifs,TRUE,10,elitize_generation_data,174,8,0.452,203
176,87,string-lengths-backwards,ifs,TRUE,10,elitize_generation_data,175,11,0.433,203
177,87,string-lengths-backwards,ifs,TRUE,10,elitize_generation_data,176,12,0.437,203
178,87,string-lengths-backwards,ifs,TRUE,10,elitize_generation_data,177,10,0.449,203
179,87,string-lengths-backwards,ifs,TRUE,10,elitize_generation_data,178,11,0.411,203
180,87,string-lengths-backwards,ifs,TRUE,10,elitize_generation_data,179,12,0.383,203
181,87,string-lengths-backwards,ifs,TRUE,10,elitize_generation_data,180,11,0.344,203
182,87,string-lengths-backwards,ifs,TRUE,10,elitize_generation_data,181,11,0.357,203
183,87,string-lengths-backwards,ifs,TRUE,10,elitize_generation_data,182,14,0.337,203
184,87,string-lengths-backwards,ifs,TRUE,10,elitize_generation_data,183,13,0.39,203
185,87,string-lengths-backwards,ifs,TRUE,10,elitize_generation_data,184,14,0.359,203
186,87,string-lengths-backwards,ifs,TRUE,10,elitize_generation_data,185,12,0.366,203
187,87,string-lengths-backwards,ifs,TRUE,10,elitize_generation_data,186,13,0.349,203
188,87,string-lengths-backwards,ifs,TRUE,10,elitize_generation_data,187,15,0.38,203
189,87,string-lengths-backwards,ifs,TRUE,10,elitize_generation_data,188,21,0.392,203
190,87,string-lengths-backwards,ifs,TRUE,10,elitize_generation_data,189,27,0.406,203
191,87,string-lengths-backwards,ifs,TRUE,10,elitize_generation_data,190,31,0.425,203
192,87,string-lengths-backwards,ifs,TRUE,10,elitize_generation_data,191,35,0.499,203
193,87,string-lengths-backwards,ifs,TRUE,10,elitize_generation_data,192,30,0.502,203
194,87,string-lengths-backwards,ifs,TRUE,10,elitize_generation_data,193,36,0.492,203
195,87,string-lengths-backwards,ifs,TRUE,10,elitize_generation_data,194,40,0.517,203
196,87,string-lengths-backwards,ifs,TRUE,10,elitize_generation_data,195,46,0.563,203
197,87,string-lengths-backwards,ifs,TRUE,10,elitize_generation_data,196,55,0.586,203
198,87,string-lengths-backwards,ifs,TRUE,10,elitize_generation_data,197,51,0.575,203
199,87,string-lengths-backwards,ifs,TRUE,10,elitize_generation_data,198,45,0.575,203
200,87,string-lengths-backwards,ifs,TRUE,10,elitize_generation_data,199,47,0.571,203
201,87,string-lengths-backwards,ifs,TRUE,10,elitize_generation_data,200,46,0.581,203
202,87,string-lengths-backwards,ifs,TRUE,10,elitize_generation_data,201,54,0.585,203
203,87,string-lengths-backwards,ifs,TRUE,10,elitize_generation_data,202,68,0.598,203
204,87,string-lengths-backwards,ifs,TRUE,10,elitize_generation_data,203,64,0.561,203
