,run.num,problem,treatment,succeeded,height,normalization.function,generation,cluster.count,error.diversity,success.generation
1,64,string-lengths-backwards,ifs,FALSE,10,elitize_generation_data,0,8,0.258,NA
2,64,string-lengths-backwards,ifs,FALSE,10,elitize_generation_data,1,9,0.151,NA
3,64,string-lengths-backwards,ifs,FALSE,10,elitize_generation_data,2,5,0.279,NA
4,64,string-lengths-backwards,ifs,FALSE,10,elitize_generation_data,3,6,0.274,NA
5,64,string-lengths-backwards,ifs,FALSE,10,elitize_generation_data,4,7,0.142,NA
6,64,string-lengths-backwards,ifs,FALSE,10,elitize_generation_data,5,7,0.108,NA
7,64,string-lengths-backwards,ifs,FALSE,10,elitize_generation_data,6,5,0.136,NA
8,64,string-lengths-backwards,ifs,FALSE,10,elitize_generation_data,7,7,0.188,NA
9,64,string-lengths-backwards,ifs,FALSE,10,elitize_generation_data,8,5,0.273,NA
10,64,string-lengths-backwards,ifs,FALSE,10,elitize_generation_data,9,11,0.247,NA
11,64,string-lengths-backwards,ifs,FALSE,10,elitize_generation_data,10,13,0.196,NA
12,64,string-lengths-backwards,ifs,FALSE,10,elitize_generation_data,11,4,0.199,NA
13,64,string-lengths-backwards,ifs,FALSE,10,elitize_generation_data,12,4,0.114,NA
14,64,string-lengths-backwards,ifs,FALSE,10,elitize_generation_data,13,6,0.117,NA
15,64,string-lengths-backwards,ifs,FALSE,10,elitize_generation_data,14,10,0.172,NA
16,64,string-lengths-backwards,ifs,FALSE,10,elitize_generation_data,15,8,0.232,NA
17,64,string-lengths-backwards,ifs,FALSE,10,elitize_generation_data,16,10,0.313,NA
18,64,string-lengths-backwards,ifs,FALSE,10,elitize_generation_data,17,10,0.275,NA
19,64,string-lengths-backwards,ifs,FALSE,10,elitize_generation_data,18,12,0.223,NA
20,64,string-lengths-backwards,ifs,FALSE,10,elitize_generation_data,19,13,0.245,NA
21,64,string-lengths-backwards,ifs,FALSE,10,elitize_generation_data,20,13,0.23,NA
22,64,string-lengths-backwards,ifs,FALSE,10,elitize_generation_data,21,12,0.253,NA
23,64,string-lengths-backwards,ifs,FALSE,10,elitize_generation_data,22,14,0.253,NA
24,64,string-lengths-backwards,ifs,FALSE,10,elitize_generation_data,23,14,0.242,NA
25,64,string-lengths-backwards,ifs,FALSE,10,elitize_generation_data,24,17,0.239,NA
26,64,string-lengths-backwards,ifs,FALSE,10,elitize_generation_data,25,17,0.271,NA
27,64,string-lengths-backwards,ifs,FALSE,10,elitize_generation_data,26,15,0.267,NA
28,64,string-lengths-backwards,ifs,FALSE,10,elitize_generation_data,27,13,0.281,NA
29,64,string-lengths-backwards,ifs,FALSE,10,elitize_generation_data,28,14,0.224,NA
30,64,string-lengths-backwards,ifs,FALSE,10,elitize_generation_data,29,13,0.225,NA
31,64,string-lengths-backwards,ifs,FALSE,10,elitize_generation_data,30,14,0.21,NA
32,64,string-lengths-backwards,ifs,FALSE,10,elitize_generation_data,31,14,0.165,NA
33,64,string-lengths-backwards,ifs,FALSE,10,elitize_generation_data,32,13,0.151,NA
34,64,string-lengths-backwards,ifs,FALSE,10,elitize_generation_data,33,13,0.134,NA
35,64,string-lengths-backwards,ifs,FALSE,10,elitize_generation_data,34,12,0.143,NA
36,64,string-lengths-backwards,ifs,FALSE,10,elitize_generation_data,35,15,0.143,NA
37,64,string-lengths-backwards,ifs,FALSE,10,elitize_generation_data,36,10,0.146,NA
38,64,string-lengths-backwards,ifs,FALSE,10,elitize_generation_data,37,13,0.147,NA
39,64,string-lengths-backwards,ifs,FALSE,10,elitize_generation_data,38,16,0.144,NA
40,64,string-lengths-backwards,ifs,FALSE,10,elitize_generation_data,39,12,0.167,NA
41,64,string-lengths-backwards,ifs,FALSE,10,elitize_generation_data,40,13,0.17,NA
42,64,string-lengths-backwards,ifs,FALSE,10,elitize_generation_data,41,12,0.159,NA
43,64,string-lengths-backwards,ifs,FALSE,10,elitize_generation_data,42,14,0.145,NA
44,64,string-lengths-backwards,ifs,FALSE,10,elitize_generation_data,43,11,0.148,NA
45,64,string-lengths-backwards,ifs,FALSE,10,elitize_generation_data,44,14,0.141,NA
46,64,string-lengths-backwards,ifs,FALSE,10,elitize_generation_data,45,14,0.16,NA
47,64,string-lengths-backwards,ifs,FALSE,10,elitize_generation_data,46,14,0.161,NA
48,64,string-lengths-backwards,ifs,FALSE,10,elitize_generation_data,47,12,0.143,NA
49,64,string-lengths-backwards,ifs,FALSE,10,elitize_generation_data,48,12,0.153,NA
50,64,string-lengths-backwards,ifs,FALSE,10,elitize_generation_data,49,15,0.148,NA
51,64,string-lengths-backwards,ifs,FALSE,10,elitize_generation_data,50,9,0.163,NA
52,64,string-lengths-backwards,ifs,FALSE,10,elitize_generation_data,51,18,0.176,NA
53,64,string-lengths-backwards,ifs,FALSE,10,elitize_generation_data,52,12,0.141,NA
54,64,string-lengths-backwards,ifs,FALSE,10,elitize_generation_data,53,17,0.159,NA
55,64,string-lengths-backwards,ifs,FALSE,10,elitize_generation_data,54,14,0.15,NA
56,64,string-lengths-backwards,ifs,FALSE,10,elitize_generation_data,55,12,0.148,NA
57,64,string-lengths-backwards,ifs,FALSE,10,elitize_generation_data,56,15,0.159,NA
58,64,string-lengths-backwards,ifs,FALSE,10,elitize_generation_data,57,12,0.162,NA
59,64,string-lengths-backwards,ifs,FALSE,10,elitize_generation_data,58,11,0.151,NA
60,64,string-lengths-backwards,ifs,FALSE,10,elitize_generation_data,59,16,0.155,NA
61,64,string-lengths-backwards,ifs,FALSE,10,elitize_generation_data,60,15,0.142,NA
62,64,string-lengths-backwards,ifs,FALSE,10,elitize_generation_data,61,15,0.159,NA
63,64,string-lengths-backwards,ifs,FALSE,10,elitize_generation_data,62,14,0.152,NA
64,64,string-lengths-backwards,ifs,FALSE,10,elitize_generation_data,63,16,0.162,NA
65,64,string-lengths-backwards,ifs,FALSE,10,elitize_generation_data,64,12,0.153,NA
66,64,string-lengths-backwards,ifs,FALSE,10,elitize_generation_data,65,14,0.157,NA
67,64,string-lengths-backwards,ifs,FALSE,10,elitize_generation_data,66,17,0.173,NA
68,64,string-lengths-backwards,ifs,FALSE,10,elitize_generation_data,67,12,0.17,NA
69,64,string-lengths-backwards,ifs,FALSE,10,elitize_generation_data,68,13,0.196,NA
70,64,string-lengths-backwards,ifs,FALSE,10,elitize_generation_data,69,14,0.23,NA
71,64,string-lengths-backwards,ifs,FALSE,10,elitize_generation_data,70,14,0.239,NA
72,64,string-lengths-backwards,ifs,FALSE,10,elitize_generation_data,71,15,0.217,NA
73,64,string-lengths-backwards,ifs,FALSE,10,elitize_generation_data,72,16,0.228,NA
74,64,string-lengths-backwards,ifs,FALSE,10,elitize_generation_data,73,15,0.214,NA
75,64,string-lengths-backwards,ifs,FALSE,10,elitize_generation_data,74,15,0.219,NA
76,64,string-lengths-backwards,ifs,FALSE,10,elitize_generation_data,75,16,0.262,NA
77,64,string-lengths-backwards,ifs,FALSE,10,elitize_generation_data,76,11,0.27,NA
78,64,string-lengths-backwards,ifs,FALSE,10,elitize_generation_data,77,12,0.251,NA
79,64,string-lengths-backwards,ifs,FALSE,10,elitize_generation_data,78,14,0.265,NA
80,64,string-lengths-backwards,ifs,FALSE,10,elitize_generation_data,79,11,0.262,NA
81,64,string-lengths-backwards,ifs,FALSE,10,elitize_generation_data,80,15,0.298,NA
82,64,string-lengths-backwards,ifs,FALSE,10,elitize_generation_data,81,13,0.307,NA
83,64,string-lengths-backwards,ifs,FALSE,10,elitize_generation_data,82,13,0.305,NA
84,64,string-lengths-backwards,ifs,FALSE,10,elitize_generation_data,83,20,0.308,NA
85,64,string-lengths-backwards,ifs,FALSE,10,elitize_generation_data,84,15,0.278,NA
86,64,string-lengths-backwards,ifs,FALSE,10,elitize_generation_data,85,14,0.282,NA
87,64,string-lengths-backwards,ifs,FALSE,10,elitize_generation_data,86,16,0.281,NA
88,64,string-lengths-backwards,ifs,FALSE,10,elitize_generation_data,87,18,0.277,NA
89,64,string-lengths-backwards,ifs,FALSE,10,elitize_generation_data,88,18,0.266,NA
90,64,string-lengths-backwards,ifs,FALSE,10,elitize_generation_data,89,17,0.258,NA
91,64,string-lengths-backwards,ifs,FALSE,10,elitize_generation_data,90,15,0.258,NA
92,64,string-lengths-backwards,ifs,FALSE,10,elitize_generation_data,91,17,0.286,NA
93,64,string-lengths-backwards,ifs,FALSE,10,elitize_generation_data,92,10,0.268,NA
94,64,string-lengths-backwards,ifs,FALSE,10,elitize_generation_data,93,9,0.286,NA
95,64,string-lengths-backwards,ifs,FALSE,10,elitize_generation_data,94,10,0.287,NA
96,64,string-lengths-backwards,ifs,FALSE,10,elitize_generation_data,95,7,0.289,NA
97,64,string-lengths-backwards,ifs,FALSE,10,elitize_generation_data,96,7,0.303,NA
98,64,string-lengths-backwards,ifs,FALSE,10,elitize_generation_data,97,5,0.31,NA
99,64,string-lengths-backwards,ifs,FALSE,10,elitize_generation_data,98,8,0.306,NA
100,64,string-lengths-backwards,ifs,FALSE,10,elitize_generation_data,99,6,0.265,NA
101,64,string-lengths-backwards,ifs,FALSE,10,elitize_generation_data,100,9,0.242,NA
102,64,string-lengths-backwards,ifs,FALSE,10,elitize_generation_data,101,8,0.228,NA
103,64,string-lengths-backwards,ifs,FALSE,10,elitize_generation_data,102,10,0.165,NA
104,64,string-lengths-backwards,ifs,FALSE,10,elitize_generation_data,103,9,0.142,NA
105,64,string-lengths-backwards,ifs,FALSE,10,elitize_generation_data,104,10,0.149,NA
106,64,string-lengths-backwards,ifs,FALSE,10,elitize_generation_data,105,8,0.149,NA
107,64,string-lengths-backwards,ifs,FALSE,10,elitize_generation_data,106,11,0.131,NA
108,64,string-lengths-backwards,ifs,FALSE,10,elitize_generation_data,107,11,0.128,NA
109,64,string-lengths-backwards,ifs,FALSE,10,elitize_generation_data,108,11,0.137,NA
110,64,string-lengths-backwards,ifs,FALSE,10,elitize_generation_data,109,10,0.116,NA
111,64,string-lengths-backwards,ifs,FALSE,10,elitize_generation_data,110,11,0.11,NA
112,64,string-lengths-backwards,ifs,FALSE,10,elitize_generation_data,111,9,0.111,NA
113,64,string-lengths-backwards,ifs,FALSE,10,elitize_generation_data,112,14,0.122,NA
114,64,string-lengths-backwards,ifs,FALSE,10,elitize_generation_data,113,9,0.115,NA
115,64,string-lengths-backwards,ifs,FALSE,10,elitize_generation_data,114,10,0.147,NA
116,64,string-lengths-backwards,ifs,FALSE,10,elitize_generation_data,115,8,0.124,NA
117,64,string-lengths-backwards,ifs,FALSE,10,elitize_generation_data,116,11,0.12,NA
118,64,string-lengths-backwards,ifs,FALSE,10,elitize_generation_data,117,11,0.125,NA
119,64,string-lengths-backwards,ifs,FALSE,10,elitize_generation_data,118,12,0.118,NA
120,64,string-lengths-backwards,ifs,FALSE,10,elitize_generation_data,119,9,0.133,NA
121,64,string-lengths-backwards,ifs,FALSE,10,elitize_generation_data,120,9,0.126,NA
122,64,string-lengths-backwards,ifs,FALSE,10,elitize_generation_data,121,12,0.121,NA
123,64,string-lengths-backwards,ifs,FALSE,10,elitize_generation_data,122,11,0.103,NA
124,64,string-lengths-backwards,ifs,FALSE,10,elitize_generation_data,123,10,0.128,NA
125,64,string-lengths-backwards,ifs,FALSE,10,elitize_generation_data,124,11,0.115,NA
126,64,string-lengths-backwards,ifs,FALSE,10,elitize_generation_data,125,7,0.121,NA
127,64,string-lengths-backwards,ifs,FALSE,10,elitize_generation_data,126,11,0.125,NA
128,64,string-lengths-backwards,ifs,FALSE,10,elitize_generation_data,127,11,0.144,NA
129,64,string-lengths-backwards,ifs,FALSE,10,elitize_generation_data,128,8,0.119,NA
130,64,string-lengths-backwards,ifs,FALSE,10,elitize_generation_data,129,9,0.128,NA
131,64,string-lengths-backwards,ifs,FALSE,10,elitize_generation_data,130,12,0.129,NA
132,64,string-lengths-backwards,ifs,FALSE,10,elitize_generation_data,131,9,0.12,NA
133,64,string-lengths-backwards,ifs,FALSE,10,elitize_generation_data,132,11,0.133,NA
134,64,string-lengths-backwards,ifs,FALSE,10,elitize_generation_data,133,10,0.127,NA
135,64,string-lengths-backwards,ifs,FALSE,10,elitize_generation_data,134,9,0.122,NA
136,64,string-lengths-backwards,ifs,FALSE,10,elitize_generation_data,135,7,0.128,NA
137,64,string-lengths-backwards,ifs,FALSE,10,elitize_generation_data,136,12,0.127,NA
138,64,string-lengths-backwards,ifs,FALSE,10,elitize_generation_data,137,11,0.126,NA
139,64,string-lengths-backwards,ifs,FALSE,10,elitize_generation_data,138,13,0.13,NA
140,64,string-lengths-backwards,ifs,FALSE,10,elitize_generation_data,139,10,0.122,NA
141,64,string-lengths-backwards,ifs,FALSE,10,elitize_generation_data,140,10,0.121,NA
142,64,string-lengths-backwards,ifs,FALSE,10,elitize_generation_data,141,8,0.129,NA
143,64,string-lengths-backwards,ifs,FALSE,10,elitize_generation_data,142,9,0.13,NA
144,64,string-lengths-backwards,ifs,FALSE,10,elitize_generation_data,143,11,0.131,NA
145,64,string-lengths-backwards,ifs,FALSE,10,elitize_generation_data,144,11,0.148,NA
146,64,string-lengths-backwards,ifs,FALSE,10,elitize_generation_data,145,11,0.133,NA
147,64,string-lengths-backwards,ifs,FALSE,10,elitize_generation_data,146,8,0.138,NA
148,64,string-lengths-backwards,ifs,FALSE,10,elitize_generation_data,147,8,0.154,NA
149,64,string-lengths-backwards,ifs,FALSE,10,elitize_generation_data,148,8,0.137,NA
150,64,string-lengths-backwards,ifs,FALSE,10,elitize_generation_data,149,11,0.128,NA
151,64,string-lengths-backwards,ifs,FALSE,10,elitize_generation_data,150,10,0.127,NA
152,64,string-lengths-backwards,ifs,FALSE,10,elitize_generation_data,151,10,0.151,NA
153,64,string-lengths-backwards,ifs,FALSE,10,elitize_generation_data,152,10,0.141,NA
154,64,string-lengths-backwards,ifs,FALSE,10,elitize_generation_data,153,9,0.141,NA
155,64,string-lengths-backwards,ifs,FALSE,10,elitize_generation_data,154,11,0.135,NA
156,64,string-lengths-backwards,ifs,FALSE,10,elitize_generation_data,155,11,0.145,NA
157,64,string-lengths-backwards,ifs,FALSE,10,elitize_generation_data,156,9,0.133,NA
158,64,string-lengths-backwards,ifs,FALSE,10,elitize_generation_data,157,8,0.141,NA
159,64,string-lengths-backwards,ifs,FALSE,10,elitize_generation_data,158,10,0.159,NA
160,64,string-lengths-backwards,ifs,FALSE,10,elitize_generation_data,159,12,0.124,NA
161,64,string-lengths-backwards,ifs,FALSE,10,elitize_generation_data,160,9,0.145,NA
162,64,string-lengths-backwards,ifs,FALSE,10,elitize_generation_data,161,9,0.151,NA
163,64,string-lengths-backwards,ifs,FALSE,10,elitize_generation_data,162,9,0.126,NA
164,64,string-lengths-backwards,ifs,FALSE,10,elitize_generation_data,163,10,0.133,NA
165,64,string-lengths-backwards,ifs,FALSE,10,elitize_generation_data,164,9,0.124,NA
166,64,string-lengths-backwards,ifs,FALSE,10,elitize_generation_data,165,11,0.147,NA
167,64,string-lengths-backwards,ifs,FALSE,10,elitize_generation_data,166,10,0.145,NA
168,64,string-lengths-backwards,ifs,FALSE,10,elitize_generation_data,167,9,0.129,NA
169,64,string-lengths-backwards,ifs,FALSE,10,elitize_generation_data,168,10,0.142,NA
170,64,string-lengths-backwards,ifs,FALSE,10,elitize_generation_data,169,9,0.13,NA
171,64,string-lengths-backwards,ifs,FALSE,10,elitize_generation_data,170,8,0.147,NA
172,64,string-lengths-backwards,ifs,FALSE,10,elitize_generation_data,171,11,0.136,NA
173,64,string-lengths-backwards,ifs,FALSE,10,elitize_generation_data,172,12,0.151,NA
174,64,string-lengths-backwards,ifs,FALSE,10,elitize_generation_data,173,11,0.13,NA
175,64,string-lengths-backwards,ifs,FALSE,10,elitize_generation_data,174,9,0.131,NA
176,64,string-lengths-backwards,ifs,FALSE,10,elitize_generation_data,175,13,0.139,NA
177,64,string-lengths-backwards,ifs,FALSE,10,elitize_generation_data,176,10,0.148,NA
178,64,string-lengths-backwards,ifs,FALSE,10,elitize_generation_data,177,10,0.126,NA
179,64,string-lengths-backwards,ifs,FALSE,10,elitize_generation_data,178,12,0.136,NA
180,64,string-lengths-backwards,ifs,FALSE,10,elitize_generation_data,179,9,0.142,NA
181,64,string-lengths-backwards,ifs,FALSE,10,elitize_generation_data,180,9,0.146,NA
182,64,string-lengths-backwards,ifs,FALSE,10,elitize_generation_data,181,8,0.15,NA
183,64,string-lengths-backwards,ifs,FALSE,10,elitize_generation_data,182,7,0.121,NA
184,64,string-lengths-backwards,ifs,FALSE,10,elitize_generation_data,183,10,0.138,NA
185,64,string-lengths-backwards,ifs,FALSE,10,elitize_generation_data,184,11,0.13,NA
186,64,string-lengths-backwards,ifs,FALSE,10,elitize_generation_data,185,8,0.143,NA
187,64,string-lengths-backwards,ifs,FALSE,10,elitize_generation_data,186,10,0.136,NA
188,64,string-lengths-backwards,ifs,FALSE,10,elitize_generation_data,187,10,0.141,NA
189,64,string-lengths-backwards,ifs,FALSE,10,elitize_generation_data,188,11,0.134,NA
190,64,string-lengths-backwards,ifs,FALSE,10,elitize_generation_data,189,9,0.135,NA
191,64,string-lengths-backwards,ifs,FALSE,10,elitize_generation_data,190,10,0.133,NA
192,64,string-lengths-backwards,ifs,FALSE,10,elitize_generation_data,191,11,0.14,NA
193,64,string-lengths-backwards,ifs,FALSE,10,elitize_generation_data,192,9,0.141,NA
194,64,string-lengths-backwards,ifs,FALSE,10,elitize_generation_data,193,9,0.131,NA
195,64,string-lengths-backwards,ifs,FALSE,10,elitize_generation_data,194,11,0.163,NA
196,64,string-lengths-backwards,ifs,FALSE,10,elitize_generation_data,195,10,0.14,NA
197,64,string-lengths-backwards,ifs,FALSE,10,elitize_generation_data,196,7,0.157,NA
198,64,string-lengths-backwards,ifs,FALSE,10,elitize_generation_data,197,8,0.148,NA
199,64,string-lengths-backwards,ifs,FALSE,10,elitize_generation_data,198,11,0.13,NA
200,64,string-lengths-backwards,ifs,FALSE,10,elitize_generation_data,199,10,0.119,NA
201,64,string-lengths-backwards,ifs,FALSE,10,elitize_generation_data,200,11,0.142,NA
202,64,string-lengths-backwards,ifs,FALSE,10,elitize_generation_data,201,10,0.141,NA
203,64,string-lengths-backwards,ifs,FALSE,10,elitize_generation_data,202,9,0.144,NA
204,64,string-lengths-backwards,ifs,FALSE,10,elitize_generation_data,203,9,0.141,NA
205,64,string-lengths-backwards,ifs,FALSE,10,elitize_generation_data,204,8,0.12,NA
206,64,string-lengths-backwards,ifs,FALSE,10,elitize_generation_data,205,10,0.142,NA
207,64,string-lengths-backwards,ifs,FALSE,10,elitize_generation_data,206,9,0.138,NA
208,64,string-lengths-backwards,ifs,FALSE,10,elitize_generation_data,207,9,0.141,NA
209,64,string-lengths-backwards,ifs,FALSE,10,elitize_generation_data,208,12,0.138,NA
210,64,string-lengths-backwards,ifs,FALSE,10,elitize_generation_data,209,9,0.146,NA
211,64,string-lengths-backwards,ifs,FALSE,10,elitize_generation_data,210,8,0.135,NA
212,64,string-lengths-backwards,ifs,FALSE,10,elitize_generation_data,211,10,0.134,NA
213,64,string-lengths-backwards,ifs,FALSE,10,elitize_generation_data,212,11,0.139,NA
214,64,string-lengths-backwards,ifs,FALSE,10,elitize_generation_data,213,10,0.111,NA
215,64,string-lengths-backwards,ifs,FALSE,10,elitize_generation_data,214,10,0.136,NA
216,64,string-lengths-backwards,ifs,FALSE,10,elitize_generation_data,215,10,0.152,NA
217,64,string-lengths-backwards,ifs,FALSE,10,elitize_generation_data,216,8,0.126,NA
218,64,string-lengths-backwards,ifs,FALSE,10,elitize_generation_data,217,11,0.135,NA
219,64,string-lengths-backwards,ifs,FALSE,10,elitize_generation_data,218,9,0.14,NA
220,64,string-lengths-backwards,ifs,FALSE,10,elitize_generation_data,219,11,0.133,NA
221,64,string-lengths-backwards,ifs,FALSE,10,elitize_generation_data,220,9,0.121,NA
222,64,string-lengths-backwards,ifs,FALSE,10,elitize_generation_data,221,11,0.125,NA
223,64,string-lengths-backwards,ifs,FALSE,10,elitize_generation_data,222,10,0.136,NA
224,64,string-lengths-backwards,ifs,FALSE,10,elitize_generation_data,223,9,0.119,NA
225,64,string-lengths-backwards,ifs,FALSE,10,elitize_generation_data,224,11,0.107,NA
226,64,string-lengths-backwards,ifs,FALSE,10,elitize_generation_data,225,11,0.128,NA
227,64,string-lengths-backwards,ifs,FALSE,10,elitize_generation_data,226,9,0.132,NA
228,64,string-lengths-backwards,ifs,FALSE,10,elitize_generation_data,227,8,0.132,NA
229,64,string-lengths-backwards,ifs,FALSE,10,elitize_generation_data,228,9,0.116,NA
230,64,string-lengths-backwards,ifs,FALSE,10,elitize_generation_data,229,13,0.126,NA
231,64,string-lengths-backwards,ifs,FALSE,10,elitize_generation_data,230,8,0.15,NA
232,64,string-lengths-backwards,ifs,FALSE,10,elitize_generation_data,231,9,0.14,NA
233,64,string-lengths-backwards,ifs,FALSE,10,elitize_generation_data,232,10,0.138,NA
234,64,string-lengths-backwards,ifs,FALSE,10,elitize_generation_data,233,10,0.134,NA
235,64,string-lengths-backwards,ifs,FALSE,10,elitize_generation_data,234,9,0.148,NA
236,64,string-lengths-backwards,ifs,FALSE,10,elitize_generation_data,235,10,0.135,NA
237,64,string-lengths-backwards,ifs,FALSE,10,elitize_generation_data,236,12,0.135,NA
238,64,string-lengths-backwards,ifs,FALSE,10,elitize_generation_data,237,11,0.123,NA
239,64,string-lengths-backwards,ifs,FALSE,10,elitize_generation_data,238,11,0.13,NA
240,64,string-lengths-backwards,ifs,FALSE,10,elitize_generation_data,239,10,0.127,NA
241,64,string-lengths-backwards,ifs,FALSE,10,elitize_generation_data,240,11,0.143,NA
242,64,string-lengths-backwards,ifs,FALSE,10,elitize_generation_data,241,10,0.13,NA
243,64,string-lengths-backwards,ifs,FALSE,10,elitize_generation_data,242,10,0.135,NA
244,64,string-lengths-backwards,ifs,FALSE,10,elitize_generation_data,243,10,0.119,NA
245,64,string-lengths-backwards,ifs,FALSE,10,elitize_generation_data,244,11,0.122,NA
246,64,string-lengths-backwards,ifs,FALSE,10,elitize_generation_data,245,7,0.118,NA
247,64,string-lengths-backwards,ifs,FALSE,10,elitize_generation_data,246,14,0.145,NA
248,64,string-lengths-backwards,ifs,FALSE,10,elitize_generation_data,247,10,0.146,NA
249,64,string-lengths-backwards,ifs,FALSE,10,elitize_generation_data,248,12,0.129,NA
250,64,string-lengths-backwards,ifs,FALSE,10,elitize_generation_data,249,10,0.111,NA
251,64,string-lengths-backwards,ifs,FALSE,10,elitize_generation_data,250,12,0.134,NA
252,64,string-lengths-backwards,ifs,FALSE,10,elitize_generation_data,251,11,0.129,NA
253,64,string-lengths-backwards,ifs,FALSE,10,elitize_generation_data,252,13,0.126,NA
254,64,string-lengths-backwards,ifs,FALSE,10,elitize_generation_data,253,13,0.136,NA
255,64,string-lengths-backwards,ifs,FALSE,10,elitize_generation_data,254,12,0.136,NA
256,64,string-lengths-backwards,ifs,FALSE,10,elitize_generation_data,255,11,0.129,NA
257,64,string-lengths-backwards,ifs,FALSE,10,elitize_generation_data,256,9,0.106,NA
258,64,string-lengths-backwards,ifs,FALSE,10,elitize_generation_data,257,12,0.133,NA
259,64,string-lengths-backwards,ifs,FALSE,10,elitize_generation_data,258,11,0.131,NA
260,64,string-lengths-backwards,ifs,FALSE,10,elitize_generation_data,259,12,0.128,NA
261,64,string-lengths-backwards,ifs,FALSE,10,elitize_generation_data,260,9,0.127,NA
262,64,string-lengths-backwards,ifs,FALSE,10,elitize_generation_data,261,9,0.145,NA
263,64,string-lengths-backwards,ifs,FALSE,10,elitize_generation_data,262,7,0.128,NA
264,64,string-lengths-backwards,ifs,FALSE,10,elitize_generation_data,263,10,0.131,NA
265,64,string-lengths-backwards,ifs,FALSE,10,elitize_generation_data,264,8,0.127,NA
266,64,string-lengths-backwards,ifs,FALSE,10,elitize_generation_data,265,12,0.158,NA
267,64,string-lengths-backwards,ifs,FALSE,10,elitize_generation_data,266,9,0.121,NA
268,64,string-lengths-backwards,ifs,FALSE,10,elitize_generation_data,267,11,0.128,NA
269,64,string-lengths-backwards,ifs,FALSE,10,elitize_generation_data,268,12,0.128,NA
270,64,string-lengths-backwards,ifs,FALSE,10,elitize_generation_data,269,13,0.135,NA
271,64,string-lengths-backwards,ifs,FALSE,10,elitize_generation_data,270,11,0.116,NA
272,64,string-lengths-backwards,ifs,FALSE,10,elitize_generation_data,271,10,0.129,NA
273,64,string-lengths-backwards,ifs,FALSE,10,elitize_generation_data,272,12,0.118,NA
274,64,string-lengths-backwards,ifs,FALSE,10,elitize_generation_data,273,9,0.129,NA
275,64,string-lengths-backwards,ifs,FALSE,10,elitize_generation_data,274,10,0.135,NA
276,64,string-lengths-backwards,ifs,FALSE,10,elitize_generation_data,275,9,0.14,NA
277,64,string-lengths-backwards,ifs,FALSE,10,elitize_generation_data,276,9,0.137,NA
278,64,string-lengths-backwards,ifs,FALSE,10,elitize_generation_data,277,12,0.135,NA
279,64,string-lengths-backwards,ifs,FALSE,10,elitize_generation_data,278,9,0.126,NA
280,64,string-lengths-backwards,ifs,FALSE,10,elitize_generation_data,279,10,0.131,NA
281,64,string-lengths-backwards,ifs,FALSE,10,elitize_generation_data,280,8,0.159,NA
282,64,string-lengths-backwards,ifs,FALSE,10,elitize_generation_data,281,9,0.151,NA
283,64,string-lengths-backwards,ifs,FALSE,10,elitize_generation_data,282,9,0.156,NA
284,64,string-lengths-backwards,ifs,FALSE,10,elitize_generation_data,283,9,0.154,NA
285,64,string-lengths-backwards,ifs,FALSE,10,elitize_generation_data,284,9,0.15,NA
286,64,string-lengths-backwards,ifs,FALSE,10,elitize_generation_data,285,10,0.159,NA
287,64,string-lengths-backwards,ifs,FALSE,10,elitize_generation_data,286,11,0.165,NA
288,64,string-lengths-backwards,ifs,FALSE,10,elitize_generation_data,287,9,0.146,NA
289,64,string-lengths-backwards,ifs,FALSE,10,elitize_generation_data,288,10,0.154,NA
290,64,string-lengths-backwards,ifs,FALSE,10,elitize_generation_data,289,13,0.163,NA
291,64,string-lengths-backwards,ifs,FALSE,10,elitize_generation_data,290,10,0.146,NA
292,64,string-lengths-backwards,ifs,FALSE,10,elitize_generation_data,291,10,0.151,NA
293,64,string-lengths-backwards,ifs,FALSE,10,elitize_generation_data,292,8,0.142,NA
294,64,string-lengths-backwards,ifs,FALSE,10,elitize_generation_data,293,12,0.117,NA
295,64,string-lengths-backwards,ifs,FALSE,10,elitize_generation_data,294,10,0.136,NA
296,64,string-lengths-backwards,ifs,FALSE,10,elitize_generation_data,295,11,0.131,NA
297,64,string-lengths-backwards,ifs,FALSE,10,elitize_generation_data,296,11,0.135,NA
298,64,string-lengths-backwards,ifs,FALSE,10,elitize_generation_data,297,12,0.134,NA
299,64,string-lengths-backwards,ifs,FALSE,10,elitize_generation_data,298,8,0.145,NA
300,64,string-lengths-backwards,ifs,FALSE,10,elitize_generation_data,299,10,0.147,NA
301,64,string-lengths-backwards,ifs,FALSE,10,elitize_generation_data,300,9,0.137,NA
