,run.num,problem,treatment,succeeded,height,normalization.function,generation,cluster.count,error.diversity,success.generation
1,0,string-lengths-backwards,ifs,FALSE,10,elitize_generation_data,0,6,0.256,NA
2,0,string-lengths-backwards,ifs,FALSE,10,elitize_generation_data,1,8,0.137,NA
3,0,string-lengths-backwards,ifs,FALSE,10,elitize_generation_data,2,14,0.214,NA
4,0,string-lengths-backwards,ifs,FALSE,10,elitize_generation_data,3,10,0.156,NA
5,0,string-lengths-backwards,ifs,FALSE,10,elitize_generation_data,4,10,0.083,NA
6,0,string-lengths-backwards,ifs,FALSE,10,elitize_generation_data,5,11,0.088,NA
7,0,string-lengths-backwards,ifs,FALSE,10,elitize_generation_data,6,6,0.087,NA
8,0,string-lengths-backwards,ifs,FALSE,10,elitize_generation_data,7,9,0.115,NA
9,0,string-lengths-backwards,ifs,FALSE,10,elitize_generation_data,8,10,0.12,NA
10,0,string-lengths-backwards,ifs,FALSE,10,elitize_generation_data,9,4,0.154,NA
11,0,string-lengths-backwards,ifs,FALSE,10,elitize_generation_data,10,7,0.188,NA
12,0,string-lengths-backwards,ifs,FALSE,10,elitize_generation_data,11,7,0.242,NA
13,0,string-lengths-backwards,ifs,FALSE,10,elitize_generation_data,12,5,0.313,NA
14,0,string-lengths-backwards,ifs,FALSE,10,elitize_generation_data,13,4,0.36,NA
15,0,string-lengths-backwards,ifs,FALSE,10,elitize_generation_data,14,4,0.351,NA
16,0,string-lengths-backwards,ifs,FALSE,10,elitize_generation_data,15,3,0.378,NA
17,0,string-lengths-backwards,ifs,FALSE,10,elitize_generation_data,16,2,0.37,NA
18,0,string-lengths-backwards,ifs,FALSE,10,elitize_generation_data,17,2,0.36,NA
19,0,string-lengths-backwards,ifs,FALSE,10,elitize_generation_data,18,4,0.356,NA
20,0,string-lengths-backwards,ifs,FALSE,10,elitize_generation_data,19,3,0.329,NA
21,0,string-lengths-backwards,ifs,FALSE,10,elitize_generation_data,20,3,0.296,NA
22,0,string-lengths-backwards,ifs,FALSE,10,elitize_generation_data,21,4,0.318,NA
23,0,string-lengths-backwards,ifs,FALSE,10,elitize_generation_data,22,4,0.294,NA
24,0,string-lengths-backwards,ifs,FALSE,10,elitize_generation_data,23,3,0.281,NA
25,0,string-lengths-backwards,ifs,FALSE,10,elitize_generation_data,24,3,0.291,NA
26,0,string-lengths-backwards,ifs,FALSE,10,elitize_generation_data,25,4,0.328,NA
27,0,string-lengths-backwards,ifs,FALSE,10,elitize_generation_data,26,2,0.348,NA
28,0,string-lengths-backwards,ifs,FALSE,10,elitize_generation_data,27,1,0.448,NA
29,0,string-lengths-backwards,ifs,FALSE,10,elitize_generation_data,28,2,0.474,NA
30,0,string-lengths-backwards,ifs,FALSE,10,elitize_generation_data,29,2,0.442,NA
31,0,string-lengths-backwards,ifs,FALSE,10,elitize_generation_data,30,2,0.474,NA
32,0,string-lengths-backwards,ifs,FALSE,10,elitize_generation_data,31,2,0.479,NA
33,0,string-lengths-backwards,ifs,FALSE,10,elitize_generation_data,32,1,0.465,NA
34,0,string-lengths-backwards,ifs,FALSE,10,elitize_generation_data,33,2,0.445,NA
35,0,string-lengths-backwards,ifs,FALSE,10,elitize_generation_data,34,1,0.415,NA
36,0,string-lengths-backwards,ifs,FALSE,10,elitize_generation_data,35,1,0.444,NA
37,0,string-lengths-backwards,ifs,FALSE,10,elitize_generation_data,36,4,0.429,NA
38,0,string-lengths-backwards,ifs,FALSE,10,elitize_generation_data,37,2,0.388,NA
39,0,string-lengths-backwards,ifs,FALSE,10,elitize_generation_data,38,2,0.371,NA
40,0,string-lengths-backwards,ifs,FALSE,10,elitize_generation_data,39,2,0.367,NA
41,0,string-lengths-backwards,ifs,FALSE,10,elitize_generation_data,40,3,0.372,NA
42,0,string-lengths-backwards,ifs,FALSE,10,elitize_generation_data,41,3,0.365,NA
43,0,string-lengths-backwards,ifs,FALSE,10,elitize_generation_data,42,1,0.406,NA
44,0,string-lengths-backwards,ifs,FALSE,10,elitize_generation_data,43,4,0.407,NA
45,0,string-lengths-backwards,ifs,FALSE,10,elitize_generation_data,44,3,0.37,NA
46,0,string-lengths-backwards,ifs,FALSE,10,elitize_generation_data,45,2,0.36,NA
47,0,string-lengths-backwards,ifs,FALSE,10,elitize_generation_data,46,2,0.36,NA
48,0,string-lengths-backwards,ifs,FALSE,10,elitize_generation_data,47,2,0.356,NA
49,0,string-lengths-backwards,ifs,FALSE,10,elitize_generation_data,48,1,0.357,NA
50,0,string-lengths-backwards,ifs,FALSE,10,elitize_generation_data,49,2,0.363,NA
51,0,string-lengths-backwards,ifs,FALSE,10,elitize_generation_data,50,1,0.335,NA
52,0,string-lengths-backwards,ifs,FALSE,10,elitize_generation_data,51,2,0.339,NA
53,0,string-lengths-backwards,ifs,FALSE,10,elitize_generation_data,52,2,0.366,NA
54,0,string-lengths-backwards,ifs,FALSE,10,elitize_generation_data,53,2,0.366,NA
55,0,string-lengths-backwards,ifs,FALSE,10,elitize_generation_data,54,2,0.356,NA
56,0,string-lengths-backwards,ifs,FALSE,10,elitize_generation_data,55,2,0.353,NA
57,0,string-lengths-backwards,ifs,FALSE,10,elitize_generation_data,56,5,0.369,NA
58,0,string-lengths-backwards,ifs,FALSE,10,elitize_generation_data,57,1,0.377,NA
59,0,string-lengths-backwards,ifs,FALSE,10,elitize_generation_data,58,2,0.373,NA
60,0,string-lengths-backwards,ifs,FALSE,10,elitize_generation_data,59,4,0.354,NA
61,0,string-lengths-backwards,ifs,FALSE,10,elitize_generation_data,60,1,0.368,NA
62,0,string-lengths-backwards,ifs,FALSE,10,elitize_generation_data,61,2,0.389,NA
63,0,string-lengths-backwards,ifs,FALSE,10,elitize_generation_data,62,1,0.362,NA
64,0,string-lengths-backwards,ifs,FALSE,10,elitize_generation_data,63,2,0.34,NA
65,0,string-lengths-backwards,ifs,FALSE,10,elitize_generation_data,64,1,0.382,NA
66,0,string-lengths-backwards,ifs,FALSE,10,elitize_generation_data,65,4,0.364,NA
67,0,string-lengths-backwards,ifs,FALSE,10,elitize_generation_data,66,2,0.375,NA
68,0,string-lengths-backwards,ifs,FALSE,10,elitize_generation_data,67,2,0.385,NA
69,0,string-lengths-backwards,ifs,FALSE,10,elitize_generation_data,68,1,0.36,NA
70,0,string-lengths-backwards,ifs,FALSE,10,elitize_generation_data,69,2,0.374,NA
71,0,string-lengths-backwards,ifs,FALSE,10,elitize_generation_data,70,2,0.351,NA
72,0,string-lengths-backwards,ifs,FALSE,10,elitize_generation_data,71,4,0.365,NA
73,0,string-lengths-backwards,ifs,FALSE,10,elitize_generation_data,72,2,0.367,NA
74,0,string-lengths-backwards,ifs,FALSE,10,elitize_generation_data,73,1,0.381,NA
75,0,string-lengths-backwards,ifs,FALSE,10,elitize_generation_data,74,1,0.356,NA
76,0,string-lengths-backwards,ifs,FALSE,10,elitize_generation_data,75,2,0.337,NA
77,0,string-lengths-backwards,ifs,FALSE,10,elitize_generation_data,76,2,0.369,NA
78,0,string-lengths-backwards,ifs,FALSE,10,elitize_generation_data,77,2,0.377,NA
79,0,string-lengths-backwards,ifs,FALSE,10,elitize_generation_data,78,2,0.353,NA
80,0,string-lengths-backwards,ifs,FALSE,10,elitize_generation_data,79,2,0.369,NA
81,0,string-lengths-backwards,ifs,FALSE,10,elitize_generation_data,80,2,0.376,NA
82,0,string-lengths-backwards,ifs,FALSE,10,elitize_generation_data,81,3,0.355,NA
83,0,string-lengths-backwards,ifs,FALSE,10,elitize_generation_data,82,3,0.373,NA
84,0,string-lengths-backwards,ifs,FALSE,10,elitize_generation_data,83,2,0.353,NA
85,0,string-lengths-backwards,ifs,FALSE,10,elitize_generation_data,84,2,0.339,NA
86,0,string-lengths-backwards,ifs,FALSE,10,elitize_generation_data,85,1,0.341,NA
87,0,string-lengths-backwards,ifs,FALSE,10,elitize_generation_data,86,1,0.374,NA
88,0,string-lengths-backwards,ifs,FALSE,10,elitize_generation_data,87,3,0.362,NA
89,0,string-lengths-backwards,ifs,FALSE,10,elitize_generation_data,88,3,0.344,NA
90,0,string-lengths-backwards,ifs,FALSE,10,elitize_generation_data,89,2,0.386,NA
91,0,string-lengths-backwards,ifs,FALSE,10,elitize_generation_data,90,2,0.344,NA
92,0,string-lengths-backwards,ifs,FALSE,10,elitize_generation_data,91,3,0.385,NA
93,0,string-lengths-backwards,ifs,FALSE,10,elitize_generation_data,92,2,0.375,NA
94,0,string-lengths-backwards,ifs,FALSE,10,elitize_generation_data,93,1,0.379,NA
95,0,string-lengths-backwards,ifs,FALSE,10,elitize_generation_data,94,2,0.363,NA
96,0,string-lengths-backwards,ifs,FALSE,10,elitize_generation_data,95,2,0.37,NA
97,0,string-lengths-backwards,ifs,FALSE,10,elitize_generation_data,96,2,0.341,NA
98,0,string-lengths-backwards,ifs,FALSE,10,elitize_generation_data,97,2,0.355,NA
99,0,string-lengths-backwards,ifs,FALSE,10,elitize_generation_data,98,2,0.366,NA
100,0,string-lengths-backwards,ifs,FALSE,10,elitize_generation_data,99,2,0.331,NA
101,0,string-lengths-backwards,ifs,FALSE,10,elitize_generation_data,100,2,0.381,NA
102,0,string-lengths-backwards,ifs,FALSE,10,elitize_generation_data,101,2,0.351,NA
103,0,string-lengths-backwards,ifs,FALSE,10,elitize_generation_data,102,1,0.363,NA
104,0,string-lengths-backwards,ifs,FALSE,10,elitize_generation_data,103,1,0.344,NA
105,0,string-lengths-backwards,ifs,FALSE,10,elitize_generation_data,104,1,0.361,NA
106,0,string-lengths-backwards,ifs,FALSE,10,elitize_generation_data,105,3,0.344,NA
107,0,string-lengths-backwards,ifs,FALSE,10,elitize_generation_data,106,4,0.355,NA
108,0,string-lengths-backwards,ifs,FALSE,10,elitize_generation_data,107,3,0.347,NA
109,0,string-lengths-backwards,ifs,FALSE,10,elitize_generation_data,108,1,0.379,NA
110,0,string-lengths-backwards,ifs,FALSE,10,elitize_generation_data,109,3,0.366,NA
111,0,string-lengths-backwards,ifs,FALSE,10,elitize_generation_data,110,3,0.381,NA
112,0,string-lengths-backwards,ifs,FALSE,10,elitize_generation_data,111,2,0.455,NA
113,0,string-lengths-backwards,ifs,FALSE,10,elitize_generation_data,112,2,0.549,NA
114,0,string-lengths-backwards,ifs,FALSE,10,elitize_generation_data,113,1,0.627,NA
115,0,string-lengths-backwards,ifs,FALSE,10,elitize_generation_data,114,1,0.659,NA
116,0,string-lengths-backwards,ifs,FALSE,10,elitize_generation_data,115,1,0.622,NA
117,0,string-lengths-backwards,ifs,FALSE,10,elitize_generation_data,116,1,0.648,NA
118,0,string-lengths-backwards,ifs,FALSE,10,elitize_generation_data,117,2,0.639,NA
119,0,string-lengths-backwards,ifs,FALSE,10,elitize_generation_data,118,3,0.628,NA
120,0,string-lengths-backwards,ifs,FALSE,10,elitize_generation_data,119,2,0.618,NA
121,0,string-lengths-backwards,ifs,FALSE,10,elitize_generation_data,120,1,0.6,NA
122,0,string-lengths-backwards,ifs,FALSE,10,elitize_generation_data,121,2,0.567,NA
123,0,string-lengths-backwards,ifs,FALSE,10,elitize_generation_data,122,2,0.527,NA
124,0,string-lengths-backwards,ifs,FALSE,10,elitize_generation_data,123,1,0.507,NA
125,0,string-lengths-backwards,ifs,FALSE,10,elitize_generation_data,124,1,0.532,NA
126,0,string-lengths-backwards,ifs,FALSE,10,elitize_generation_data,125,3,0.517,NA
127,0,string-lengths-backwards,ifs,FALSE,10,elitize_generation_data,126,2,0.516,NA
128,0,string-lengths-backwards,ifs,FALSE,10,elitize_generation_data,127,2,0.504,NA
129,0,string-lengths-backwards,ifs,FALSE,10,elitize_generation_data,128,2,0.507,NA
130,0,string-lengths-backwards,ifs,FALSE,10,elitize_generation_data,129,2,0.541,NA
131,0,string-lengths-backwards,ifs,FALSE,10,elitize_generation_data,130,1,0.536,NA
132,0,string-lengths-backwards,ifs,FALSE,10,elitize_generation_data,131,3,0.516,NA
133,0,string-lengths-backwards,ifs,FALSE,10,elitize_generation_data,132,1,0.521,NA
134,0,string-lengths-backwards,ifs,FALSE,10,elitize_generation_data,133,2,0.512,NA
135,0,string-lengths-backwards,ifs,FALSE,10,elitize_generation_data,134,2,0.51,NA
136,0,string-lengths-backwards,ifs,FALSE,10,elitize_generation_data,135,2,0.542,NA
137,0,string-lengths-backwards,ifs,FALSE,10,elitize_generation_data,136,2,0.557,NA
138,0,string-lengths-backwards,ifs,FALSE,10,elitize_generation_data,137,1,0.552,NA
139,0,string-lengths-backwards,ifs,FALSE,10,elitize_generation_data,138,1,0.49,NA
140,0,string-lengths-backwards,ifs,FALSE,10,elitize_generation_data,139,2,0.453,NA
141,0,string-lengths-backwards,ifs,FALSE,10,elitize_generation_data,140,2,0.455,NA
142,0,string-lengths-backwards,ifs,FALSE,10,elitize_generation_data,141,2,0.481,NA
143,0,string-lengths-backwards,ifs,FALSE,10,elitize_generation_data,142,1,0.499,NA
144,0,string-lengths-backwards,ifs,FALSE,10,elitize_generation_data,143,1,0.456,NA
145,0,string-lengths-backwards,ifs,FALSE,10,elitize_generation_data,144,1,0.482,NA
146,0,string-lengths-backwards,ifs,FALSE,10,elitize_generation_data,145,3,0.446,NA
147,0,string-lengths-backwards,ifs,FALSE,10,elitize_generation_data,146,2,0.469,NA
148,0,string-lengths-backwards,ifs,FALSE,10,elitize_generation_data,147,2,0.454,NA
149,0,string-lengths-backwards,ifs,FALSE,10,elitize_generation_data,148,2,0.44,NA
150,0,string-lengths-backwards,ifs,FALSE,10,elitize_generation_data,149,2,0.419,NA
151,0,string-lengths-backwards,ifs,FALSE,10,elitize_generation_data,150,1,0.424,NA
152,0,string-lengths-backwards,ifs,FALSE,10,elitize_generation_data,151,2,0.423,NA
153,0,string-lengths-backwards,ifs,FALSE,10,elitize_generation_data,152,1,0.447,NA
154,0,string-lengths-backwards,ifs,FALSE,10,elitize_generation_data,153,2,0.431,NA
155,0,string-lengths-backwards,ifs,FALSE,10,elitize_generation_data,154,2,0.428,NA
156,0,string-lengths-backwards,ifs,FALSE,10,elitize_generation_data,155,1,0.465,NA
157,0,string-lengths-backwards,ifs,FALSE,10,elitize_generation_data,156,3,0.425,NA
158,0,string-lengths-backwards,ifs,FALSE,10,elitize_generation_data,157,3,0.45,NA
159,0,string-lengths-backwards,ifs,FALSE,10,elitize_generation_data,158,1,0.418,NA
160,0,string-lengths-backwards,ifs,FALSE,10,elitize_generation_data,159,2,0.47,NA
161,0,string-lengths-backwards,ifs,FALSE,10,elitize_generation_data,160,2,0.459,NA
162,0,string-lengths-backwards,ifs,FALSE,10,elitize_generation_data,161,2,0.447,NA
163,0,string-lengths-backwards,ifs,FALSE,10,elitize_generation_data,162,2,0.454,NA
164,0,string-lengths-backwards,ifs,FALSE,10,elitize_generation_data,163,3,0.399,NA
165,0,string-lengths-backwards,ifs,FALSE,10,elitize_generation_data,164,2,0.413,NA
166,0,string-lengths-backwards,ifs,FALSE,10,elitize_generation_data,165,3,0.435,NA
167,0,string-lengths-backwards,ifs,FALSE,10,elitize_generation_data,166,2,0.444,NA
168,0,string-lengths-backwards,ifs,FALSE,10,elitize_generation_data,167,2,0.428,NA
169,0,string-lengths-backwards,ifs,FALSE,10,elitize_generation_data,168,1,0.434,NA
170,0,string-lengths-backwards,ifs,FALSE,10,elitize_generation_data,169,1,0.43,NA
171,0,string-lengths-backwards,ifs,FALSE,10,elitize_generation_data,170,1,0.424,NA
172,0,string-lengths-backwards,ifs,FALSE,10,elitize_generation_data,171,2,0.421,NA
173,0,string-lengths-backwards,ifs,FALSE,10,elitize_generation_data,172,3,0.403,NA
174,0,string-lengths-backwards,ifs,FALSE,10,elitize_generation_data,173,2,0.398,NA
175,0,string-lengths-backwards,ifs,FALSE,10,elitize_generation_data,174,2,0.445,NA
176,0,string-lengths-backwards,ifs,FALSE,10,elitize_generation_data,175,4,0.411,NA
177,0,string-lengths-backwards,ifs,FALSE,10,elitize_generation_data,176,2,0.41,NA
178,0,string-lengths-backwards,ifs,FALSE,10,elitize_generation_data,177,2,0.405,NA
179,0,string-lengths-backwards,ifs,FALSE,10,elitize_generation_data,178,2,0.394,NA
180,0,string-lengths-backwards,ifs,FALSE,10,elitize_generation_data,179,1,0.406,NA
181,0,string-lengths-backwards,ifs,FALSE,10,elitize_generation_data,180,1,0.424,NA
182,0,string-lengths-backwards,ifs,FALSE,10,elitize_generation_data,181,3,0.432,NA
183,0,string-lengths-backwards,ifs,FALSE,10,elitize_generation_data,182,2,0.429,NA
184,0,string-lengths-backwards,ifs,FALSE,10,elitize_generation_data,183,2,0.405,NA
185,0,string-lengths-backwards,ifs,FALSE,10,elitize_generation_data,184,2,0.396,NA
186,0,string-lengths-backwards,ifs,FALSE,10,elitize_generation_data,185,2,0.425,NA
187,0,string-lengths-backwards,ifs,FALSE,10,elitize_generation_data,186,2,0.421,NA
188,0,string-lengths-backwards,ifs,FALSE,10,elitize_generation_data,187,1,0.424,NA
189,0,string-lengths-backwards,ifs,FALSE,10,elitize_generation_data,188,2,0.428,NA
190,0,string-lengths-backwards,ifs,FALSE,10,elitize_generation_data,189,1,0.446,NA
191,0,string-lengths-backwards,ifs,FALSE,10,elitize_generation_data,190,1,0.466,NA
192,0,string-lengths-backwards,ifs,FALSE,10,elitize_generation_data,191,2,0.42,NA
193,0,string-lengths-backwards,ifs,FALSE,10,elitize_generation_data,192,1,0.452,NA
194,0,string-lengths-backwards,ifs,FALSE,10,elitize_generation_data,193,2,0.438,NA
195,0,string-lengths-backwards,ifs,FALSE,10,elitize_generation_data,194,1,0.408,NA
196,0,string-lengths-backwards,ifs,FALSE,10,elitize_generation_data,195,2,0.433,NA
197,0,string-lengths-backwards,ifs,FALSE,10,elitize_generation_data,196,2,0.42,NA
198,0,string-lengths-backwards,ifs,FALSE,10,elitize_generation_data,197,1,0.401,NA
199,0,string-lengths-backwards,ifs,FALSE,10,elitize_generation_data,198,1,0.438,NA
200,0,string-lengths-backwards,ifs,FALSE,10,elitize_generation_data,199,1,0.421,NA
201,0,string-lengths-backwards,ifs,FALSE,10,elitize_generation_data,200,3,0.437,NA
202,0,string-lengths-backwards,ifs,FALSE,10,elitize_generation_data,201,2,0.431,NA
203,0,string-lengths-backwards,ifs,FALSE,10,elitize_generation_data,202,3,0.44,NA
204,0,string-lengths-backwards,ifs,FALSE,10,elitize_generation_data,203,3,0.455,NA
205,0,string-lengths-backwards,ifs,FALSE,10,elitize_generation_data,204,2,0.468,NA
206,0,string-lengths-backwards,ifs,FALSE,10,elitize_generation_data,205,2,0.498,NA
207,0,string-lengths-backwards,ifs,FALSE,10,elitize_generation_data,206,1,0.475,NA
208,0,string-lengths-backwards,ifs,FALSE,10,elitize_generation_data,207,2,0.505,NA
209,0,string-lengths-backwards,ifs,FALSE,10,elitize_generation_data,208,1,0.464,NA
210,0,string-lengths-backwards,ifs,FALSE,10,elitize_generation_data,209,2,0.474,NA
211,0,string-lengths-backwards,ifs,FALSE,10,elitize_generation_data,210,2,0.496,NA
212,0,string-lengths-backwards,ifs,FALSE,10,elitize_generation_data,211,2,0.474,NA
213,0,string-lengths-backwards,ifs,FALSE,10,elitize_generation_data,212,1,0.473,NA
214,0,string-lengths-backwards,ifs,FALSE,10,elitize_generation_data,213,1,0.477,NA
215,0,string-lengths-backwards,ifs,FALSE,10,elitize_generation_data,214,2,0.488,NA
216,0,string-lengths-backwards,ifs,FALSE,10,elitize_generation_data,215,2,0.477,NA
217,0,string-lengths-backwards,ifs,FALSE,10,elitize_generation_data,216,3,0.493,NA
218,0,string-lengths-backwards,ifs,FALSE,10,elitize_generation_data,217,4,0.477,NA
219,0,string-lengths-backwards,ifs,FALSE,10,elitize_generation_data,218,3,0.471,NA
220,0,string-lengths-backwards,ifs,FALSE,10,elitize_generation_data,219,1,0.456,NA
221,0,string-lengths-backwards,ifs,FALSE,10,elitize_generation_data,220,3,0.48,NA
222,0,string-lengths-backwards,ifs,FALSE,10,elitize_generation_data,221,2,0.45,NA
223,0,string-lengths-backwards,ifs,FALSE,10,elitize_generation_data,222,1,0.455,NA
224,0,string-lengths-backwards,ifs,FALSE,10,elitize_generation_data,223,4,0.457,NA
225,0,string-lengths-backwards,ifs,FALSE,10,elitize_generation_data,224,2,0.447,NA
226,0,string-lengths-backwards,ifs,FALSE,10,elitize_generation_data,225,2,0.468,NA
227,0,string-lengths-backwards,ifs,FALSE,10,elitize_generation_data,226,2,0.452,NA
228,0,string-lengths-backwards,ifs,FALSE,10,elitize_generation_data,227,2,0.479,NA
229,0,string-lengths-backwards,ifs,FALSE,10,elitize_generation_data,228,2,0.468,NA
230,0,string-lengths-backwards,ifs,FALSE,10,elitize_generation_data,229,2,0.478,NA
231,0,string-lengths-backwards,ifs,FALSE,10,elitize_generation_data,230,3,0.457,NA
232,0,string-lengths-backwards,ifs,FALSE,10,elitize_generation_data,231,3,0.429,NA
233,0,string-lengths-backwards,ifs,FALSE,10,elitize_generation_data,232,2,0.462,NA
234,0,string-lengths-backwards,ifs,FALSE,10,elitize_generation_data,233,2,0.445,NA
235,0,string-lengths-backwards,ifs,FALSE,10,elitize_generation_data,234,2,0.477,NA
236,0,string-lengths-backwards,ifs,FALSE,10,elitize_generation_data,235,4,0.47,NA
237,0,string-lengths-backwards,ifs,FALSE,10,elitize_generation_data,236,4,0.441,NA
238,0,string-lengths-backwards,ifs,FALSE,10,elitize_generation_data,237,2,0.475,NA
239,0,string-lengths-backwards,ifs,FALSE,10,elitize_generation_data,238,2,0.481,NA
240,0,string-lengths-backwards,ifs,FALSE,10,elitize_generation_data,239,3,0.473,NA
241,0,string-lengths-backwards,ifs,FALSE,10,elitize_generation_data,240,1,0.49,NA
242,0,string-lengths-backwards,ifs,FALSE,10,elitize_generation_data,241,4,0.461,NA
243,0,string-lengths-backwards,ifs,FALSE,10,elitize_generation_data,242,1,0.456,NA
244,0,string-lengths-backwards,ifs,FALSE,10,elitize_generation_data,243,4,0.434,NA
245,0,string-lengths-backwards,ifs,FALSE,10,elitize_generation_data,244,2,0.431,NA
246,0,string-lengths-backwards,ifs,FALSE,10,elitize_generation_data,245,2,0.435,NA
247,0,string-lengths-backwards,ifs,FALSE,10,elitize_generation_data,246,2,0.452,NA
248,0,string-lengths-backwards,ifs,FALSE,10,elitize_generation_data,247,3,0.424,NA
249,0,string-lengths-backwards,ifs,FALSE,10,elitize_generation_data,248,2,0.443,NA
250,0,string-lengths-backwards,ifs,FALSE,10,elitize_generation_data,249,1,0.461,NA
251,0,string-lengths-backwards,ifs,FALSE,10,elitize_generation_data,250,3,0.429,NA
252,0,string-lengths-backwards,ifs,FALSE,10,elitize_generation_data,251,2,0.454,NA
253,0,string-lengths-backwards,ifs,FALSE,10,elitize_generation_data,252,1,0.471,NA
254,0,string-lengths-backwards,ifs,FALSE,10,elitize_generation_data,253,2,0.458,NA
255,0,string-lengths-backwards,ifs,FALSE,10,elitize_generation_data,254,1,0.447,NA
256,0,string-lengths-backwards,ifs,FALSE,10,elitize_generation_data,255,4,0.453,NA
257,0,string-lengths-backwards,ifs,FALSE,10,elitize_generation_data,256,1,0.457,NA
258,0,string-lengths-backwards,ifs,FALSE,10,elitize_generation_data,257,6,0.45,NA
259,0,string-lengths-backwards,ifs,FALSE,10,elitize_generation_data,258,3,0.448,NA
260,0,string-lengths-backwards,ifs,FALSE,10,elitize_generation_data,259,2,0.447,NA
261,0,string-lengths-backwards,ifs,FALSE,10,elitize_generation_data,260,4,0.442,NA
262,0,string-lengths-backwards,ifs,FALSE,10,elitize_generation_data,261,1,0.416,NA
263,0,string-lengths-backwards,ifs,FALSE,10,elitize_generation_data,262,2,0.44,NA
264,0,string-lengths-backwards,ifs,FALSE,10,elitize_generation_data,263,2,0.471,NA
265,0,string-lengths-backwards,ifs,FALSE,10,elitize_generation_data,264,3,0.457,NA
266,0,string-lengths-backwards,ifs,FALSE,10,elitize_generation_data,265,2,0.457,NA
267,0,string-lengths-backwards,ifs,FALSE,10,elitize_generation_data,266,2,0.471,NA
268,0,string-lengths-backwards,ifs,FALSE,10,elitize_generation_data,267,2,0.42,NA
269,0,string-lengths-backwards,ifs,FALSE,10,elitize_generation_data,268,2,0.454,NA
270,0,string-lengths-backwards,ifs,FALSE,10,elitize_generation_data,269,2,0.44,NA
271,0,string-lengths-backwards,ifs,FALSE,10,elitize_generation_data,270,2,0.445,NA
272,0,string-lengths-backwards,ifs,FALSE,10,elitize_generation_data,271,1,0.465,NA
273,0,string-lengths-backwards,ifs,FALSE,10,elitize_generation_data,272,3,0.455,NA
274,0,string-lengths-backwards,ifs,FALSE,10,elitize_generation_data,273,2,0.467,NA
275,0,string-lengths-backwards,ifs,FALSE,10,elitize_generation_data,274,3,0.487,NA
276,0,string-lengths-backwards,ifs,FALSE,10,elitize_generation_data,275,2,0.459,NA
277,0,string-lengths-backwards,ifs,FALSE,10,elitize_generation_data,276,2,0.478,NA
278,0,string-lengths-backwards,ifs,FALSE,10,elitize_generation_data,277,2,0.473,NA
279,0,string-lengths-backwards,ifs,FALSE,10,elitize_generation_data,278,5,0.446,NA
280,0,string-lengths-backwards,ifs,FALSE,10,elitize_generation_data,279,3,0.444,NA
281,0,string-lengths-backwards,ifs,FALSE,10,elitize_generation_data,280,3,0.459,NA
282,0,string-lengths-backwards,ifs,FALSE,10,elitize_generation_data,281,3,0.461,NA
283,0,string-lengths-backwards,ifs,FALSE,10,elitize_generation_data,282,1,0.451,NA
284,0,string-lengths-backwards,ifs,FALSE,10,elitize_generation_data,283,2,0.471,NA
285,0,string-lengths-backwards,ifs,FALSE,10,elitize_generation_data,284,2,0.448,NA
286,0,string-lengths-backwards,ifs,FALSE,10,elitize_generation_data,285,3,0.452,NA
287,0,string-lengths-backwards,ifs,FALSE,10,elitize_generation_data,286,2,0.455,NA
288,0,string-lengths-backwards,ifs,FALSE,10,elitize_generation_data,287,2,0.455,NA
289,0,string-lengths-backwards,ifs,FALSE,10,elitize_generation_data,288,2,0.474,NA
290,0,string-lengths-backwards,ifs,FALSE,10,elitize_generation_data,289,1,0.454,NA
291,0,string-lengths-backwards,ifs,FALSE,10,elitize_generation_data,290,5,0.428,NA
292,0,string-lengths-backwards,ifs,FALSE,10,elitize_generation_data,291,2,0.45,NA
293,0,string-lengths-backwards,ifs,FALSE,10,elitize_generation_data,292,5,0.429,NA
294,0,string-lengths-backwards,ifs,FALSE,10,elitize_generation_data,293,2,0.465,NA
295,0,string-lengths-backwards,ifs,FALSE,10,elitize_generation_data,294,3,0.459,NA
296,0,string-lengths-backwards,ifs,FALSE,10,elitize_generation_data,295,8,0.287,NA
297,0,string-lengths-backwards,ifs,FALSE,10,elitize_generation_data,296,6,0.243,NA
298,0,string-lengths-backwards,ifs,FALSE,10,elitize_generation_data,297,10,0.302,NA
299,0,string-lengths-backwards,ifs,FALSE,10,elitize_generation_data,298,8,0.349,NA
300,0,string-lengths-backwards,ifs,FALSE,10,elitize_generation_data,299,14,0.363,NA
301,0,string-lengths-backwards,ifs,FALSE,10,elitize_generation_data,300,7,0.344,NA
