,run.num,problem,treatment,succeeded,height,normalization.function,generation,cluster.count,error.diversity,success.generation
1,43,count-odds,tourney,FALSE,20,elitize_generation_data,0,7,0.179,NA
2,43,count-odds,tourney,FALSE,20,elitize_generation_data,1,7,0.099,NA
3,43,count-odds,tourney,FALSE,20,elitize_generation_data,2,6,0.067,NA
4,43,count-odds,tourney,FALSE,20,elitize_generation_data,3,4,0.063,NA
5,43,count-odds,tourney,FALSE,20,elitize_generation_data,4,4,0.061,NA
6,43,count-odds,tourney,FALSE,20,elitize_generation_data,5,7,0.083,NA
7,43,count-odds,tourney,FALSE,20,elitize_generation_data,6,10,0.108,NA
8,43,count-odds,tourney,FALSE,20,elitize_generation_data,7,6,0.171,NA
9,43,count-odds,tourney,FALSE,20,elitize_generation_data,8,8,0.2,NA
10,43,count-odds,tourney,FALSE,20,elitize_generation_data,9,6,0.173,NA
11,43,count-odds,tourney,FALSE,20,elitize_generation_data,10,5,0.18,NA
12,43,count-odds,tourney,FALSE,20,elitize_generation_data,11,5,0.185,NA
13,43,count-odds,tourney,FALSE,20,elitize_generation_data,12,6,0.164,NA
14,43,count-odds,tourney,FALSE,20,elitize_generation_data,13,7,0.127,NA
15,43,count-odds,tourney,FALSE,20,elitize_generation_data,14,6,0.132,NA
16,43,count-odds,tourney,FALSE,20,elitize_generation_data,15,7,0.119,NA
17,43,count-odds,tourney,FALSE,20,elitize_generation_data,16,8,0.11,NA
18,43,count-odds,tourney,FALSE,20,elitize_generation_data,17,7,0.118,NA
19,43,count-odds,tourney,FALSE,20,elitize_generation_data,18,8,0.114,NA
20,43,count-odds,tourney,FALSE,20,elitize_generation_data,19,7,0.124,NA
21,43,count-odds,tourney,FALSE,20,elitize_generation_data,20,7,0.114,NA
22,43,count-odds,tourney,FALSE,20,elitize_generation_data,21,6,0.11,NA
23,43,count-odds,tourney,FALSE,20,elitize_generation_data,22,7,0.115,NA
24,43,count-odds,tourney,FALSE,20,elitize_generation_data,23,8,0.128,NA
25,43,count-odds,tourney,FALSE,20,elitize_generation_data,24,6,0.126,NA
26,43,count-odds,tourney,FALSE,20,elitize_generation_data,25,8,0.121,NA
27,43,count-odds,tourney,FALSE,20,elitize_generation_data,26,11,0.11,NA
28,43,count-odds,tourney,FALSE,20,elitize_generation_data,27,9,0.117,NA
29,43,count-odds,tourney,FALSE,20,elitize_generation_data,28,5,0.134,NA
30,43,count-odds,tourney,FALSE,20,elitize_generation_data,29,7,0.118,NA
31,43,count-odds,tourney,FALSE,20,elitize_generation_data,30,9,0.122,NA
32,43,count-odds,tourney,FALSE,20,elitize_generation_data,31,6,0.119,NA
33,43,count-odds,tourney,FALSE,20,elitize_generation_data,32,11,0.133,NA
34,43,count-odds,tourney,FALSE,20,elitize_generation_data,33,8,0.134,NA
35,43,count-odds,tourney,FALSE,20,elitize_generation_data,34,8,0.131,NA
36,43,count-odds,tourney,FALSE,20,elitize_generation_data,35,13,0.129,NA
37,43,count-odds,tourney,FALSE,20,elitize_generation_data,36,7,0.124,NA
38,43,count-odds,tourney,FALSE,20,elitize_generation_data,37,10,0.137,NA
39,43,count-odds,tourney,FALSE,20,elitize_generation_data,38,10,0.142,NA
40,43,count-odds,tourney,FALSE,20,elitize_generation_data,39,10,0.141,NA
41,43,count-odds,tourney,FALSE,20,elitize_generation_data,40,8,0.117,NA
42,43,count-odds,tourney,FALSE,20,elitize_generation_data,41,11,0.139,NA
43,43,count-odds,tourney,FALSE,20,elitize_generation_data,42,8,0.134,NA
44,43,count-odds,tourney,FALSE,20,elitize_generation_data,43,9,0.131,NA
45,43,count-odds,tourney,FALSE,20,elitize_generation_data,44,10,0.121,NA
46,43,count-odds,tourney,FALSE,20,elitize_generation_data,45,10,0.134,NA
47,43,count-odds,tourney,FALSE,20,elitize_generation_data,46,11,0.133,NA
48,43,count-odds,tourney,FALSE,20,elitize_generation_data,47,11,0.127,NA
49,43,count-odds,tourney,FALSE,20,elitize_generation_data,48,9,0.127,NA
50,43,count-odds,tourney,FALSE,20,elitize_generation_data,49,7,0.125,NA
51,43,count-odds,tourney,FALSE,20,elitize_generation_data,50,5,0.149,NA
52,43,count-odds,tourney,FALSE,20,elitize_generation_data,51,9,0.131,NA
53,43,count-odds,tourney,FALSE,20,elitize_generation_data,52,12,0.148,NA
54,43,count-odds,tourney,FALSE,20,elitize_generation_data,53,10,0.152,NA
55,43,count-odds,tourney,FALSE,20,elitize_generation_data,54,11,0.136,NA
56,43,count-odds,tourney,FALSE,20,elitize_generation_data,55,13,0.134,NA
57,43,count-odds,tourney,FALSE,20,elitize_generation_data,56,11,0.135,NA
58,43,count-odds,tourney,FALSE,20,elitize_generation_data,57,11,0.13,NA
59,43,count-odds,tourney,FALSE,20,elitize_generation_data,58,9,0.148,NA
60,43,count-odds,tourney,FALSE,20,elitize_generation_data,59,7,0.138,NA
61,43,count-odds,tourney,FALSE,20,elitize_generation_data,60,10,0.16,NA
62,43,count-odds,tourney,FALSE,20,elitize_generation_data,61,8,0.142,NA
63,43,count-odds,tourney,FALSE,20,elitize_generation_data,62,10,0.133,NA
64,43,count-odds,tourney,FALSE,20,elitize_generation_data,63,7,0.147,NA
65,43,count-odds,tourney,FALSE,20,elitize_generation_data,64,8,0.156,NA
66,43,count-odds,tourney,FALSE,20,elitize_generation_data,65,5,0.145,NA
67,43,count-odds,tourney,FALSE,20,elitize_generation_data,66,10,0.125,NA
68,43,count-odds,tourney,FALSE,20,elitize_generation_data,67,9,0.136,NA
69,43,count-odds,tourney,FALSE,20,elitize_generation_data,68,8,0.159,NA
70,43,count-odds,tourney,FALSE,20,elitize_generation_data,69,8,0.146,NA
71,43,count-odds,tourney,FALSE,20,elitize_generation_data,70,11,0.125,NA
72,43,count-odds,tourney,FALSE,20,elitize_generation_data,71,9,0.127,NA
73,43,count-odds,tourney,FALSE,20,elitize_generation_data,72,9,0.15,NA
74,43,count-odds,tourney,FALSE,20,elitize_generation_data,73,8,0.147,NA
75,43,count-odds,tourney,FALSE,20,elitize_generation_data,74,6,0.151,NA
76,43,count-odds,tourney,FALSE,20,elitize_generation_data,75,10,0.142,NA
77,43,count-odds,tourney,FALSE,20,elitize_generation_data,76,10,0.146,NA
78,43,count-odds,tourney,FALSE,20,elitize_generation_data,77,7,0.152,NA
79,43,count-odds,tourney,FALSE,20,elitize_generation_data,78,9,0.15,NA
80,43,count-odds,tourney,FALSE,20,elitize_generation_data,79,8,0.136,NA
81,43,count-odds,tourney,FALSE,20,elitize_generation_data,80,10,0.141,NA
82,43,count-odds,tourney,FALSE,20,elitize_generation_data,81,8,0.133,NA
83,43,count-odds,tourney,FALSE,20,elitize_generation_data,82,7,0.146,NA
84,43,count-odds,tourney,FALSE,20,elitize_generation_data,83,12,0.146,NA
85,43,count-odds,tourney,FALSE,20,elitize_generation_data,84,11,0.145,NA
86,43,count-odds,tourney,FALSE,20,elitize_generation_data,85,10,0.16,NA
87,43,count-odds,tourney,FALSE,20,elitize_generation_data,86,11,0.138,NA
88,43,count-odds,tourney,FALSE,20,elitize_generation_data,87,11,0.149,NA
89,43,count-odds,tourney,FALSE,20,elitize_generation_data,88,9,0.162,NA
90,43,count-odds,tourney,FALSE,20,elitize_generation_data,89,11,0.166,NA
91,43,count-odds,tourney,FALSE,20,elitize_generation_data,90,10,0.178,NA
92,43,count-odds,tourney,FALSE,20,elitize_generation_data,91,10,0.193,NA
93,43,count-odds,tourney,FALSE,20,elitize_generation_data,92,10,0.176,NA
94,43,count-odds,tourney,FALSE,20,elitize_generation_data,93,14,0.185,NA
95,43,count-odds,tourney,FALSE,20,elitize_generation_data,94,12,0.201,NA
96,43,count-odds,tourney,FALSE,20,elitize_generation_data,95,14,0.188,NA
97,43,count-odds,tourney,FALSE,20,elitize_generation_data,96,12,0.164,NA
98,43,count-odds,tourney,FALSE,20,elitize_generation_data,97,12,0.174,NA
99,43,count-odds,tourney,FALSE,20,elitize_generation_data,98,12,0.193,NA
100,43,count-odds,tourney,FALSE,20,elitize_generation_data,99,16,0.188,NA
101,43,count-odds,tourney,FALSE,20,elitize_generation_data,100,14,0.182,NA
102,43,count-odds,tourney,FALSE,20,elitize_generation_data,101,12,0.201,NA
103,43,count-odds,tourney,FALSE,20,elitize_generation_data,102,9,0.222,NA
104,43,count-odds,tourney,FALSE,20,elitize_generation_data,103,11,0.2,NA
105,43,count-odds,tourney,FALSE,20,elitize_generation_data,104,15,0.215,NA
106,43,count-odds,tourney,FALSE,20,elitize_generation_data,105,12,0.207,NA
107,43,count-odds,tourney,FALSE,20,elitize_generation_data,106,11,0.2,NA
108,43,count-odds,tourney,FALSE,20,elitize_generation_data,107,12,0.216,NA
109,43,count-odds,tourney,FALSE,20,elitize_generation_data,108,11,0.184,NA
110,43,count-odds,tourney,FALSE,20,elitize_generation_data,109,14,0.2,NA
111,43,count-odds,tourney,FALSE,20,elitize_generation_data,110,10,0.204,NA
112,43,count-odds,tourney,FALSE,20,elitize_generation_data,111,12,0.213,NA
113,43,count-odds,tourney,FALSE,20,elitize_generation_data,112,12,0.202,NA
114,43,count-odds,tourney,FALSE,20,elitize_generation_data,113,10,0.195,NA
115,43,count-odds,tourney,FALSE,20,elitize_generation_data,114,10,0.21,NA
116,43,count-odds,tourney,FALSE,20,elitize_generation_data,115,12,0.213,NA
117,43,count-odds,tourney,FALSE,20,elitize_generation_data,116,12,0.214,NA
118,43,count-odds,tourney,FALSE,20,elitize_generation_data,117,11,0.201,NA
119,43,count-odds,tourney,FALSE,20,elitize_generation_data,118,11,0.22,NA
120,43,count-odds,tourney,FALSE,20,elitize_generation_data,119,9,0.204,NA
121,43,count-odds,tourney,FALSE,20,elitize_generation_data,120,11,0.215,NA
122,43,count-odds,tourney,FALSE,20,elitize_generation_data,121,8,0.217,NA
123,43,count-odds,tourney,FALSE,20,elitize_generation_data,122,16,0.209,NA
124,43,count-odds,tourney,FALSE,20,elitize_generation_data,123,12,0.203,NA
125,43,count-odds,tourney,FALSE,20,elitize_generation_data,124,11,0.21,NA
126,43,count-odds,tourney,FALSE,20,elitize_generation_data,125,10,0.217,NA
127,43,count-odds,tourney,FALSE,20,elitize_generation_data,126,10,0.213,NA
128,43,count-odds,tourney,FALSE,20,elitize_generation_data,127,12,0.219,NA
129,43,count-odds,tourney,FALSE,20,elitize_generation_data,128,12,0.216,NA
130,43,count-odds,tourney,FALSE,20,elitize_generation_data,129,11,0.22,NA
131,43,count-odds,tourney,FALSE,20,elitize_generation_data,130,13,0.202,NA
132,43,count-odds,tourney,FALSE,20,elitize_generation_data,131,9,0.222,NA
133,43,count-odds,tourney,FALSE,20,elitize_generation_data,132,11,0.204,NA
134,43,count-odds,tourney,FALSE,20,elitize_generation_data,133,13,0.223,NA
135,43,count-odds,tourney,FALSE,20,elitize_generation_data,134,10,0.203,NA
136,43,count-odds,tourney,FALSE,20,elitize_generation_data,135,13,0.239,NA
137,43,count-odds,tourney,FALSE,20,elitize_generation_data,136,9,0.219,NA
138,43,count-odds,tourney,FALSE,20,elitize_generation_data,137,10,0.231,NA
139,43,count-odds,tourney,FALSE,20,elitize_generation_data,138,9,0.234,NA
140,43,count-odds,tourney,FALSE,20,elitize_generation_data,139,13,0.223,NA
141,43,count-odds,tourney,FALSE,20,elitize_generation_data,140,11,0.212,NA
142,43,count-odds,tourney,FALSE,20,elitize_generation_data,141,12,0.21,NA
143,43,count-odds,tourney,FALSE,20,elitize_generation_data,142,11,0.229,NA
144,43,count-odds,tourney,FALSE,20,elitize_generation_data,143,12,0.221,NA
145,43,count-odds,tourney,FALSE,20,elitize_generation_data,144,14,0.242,NA
146,43,count-odds,tourney,FALSE,20,elitize_generation_data,145,8,0.233,NA
147,43,count-odds,tourney,FALSE,20,elitize_generation_data,146,14,0.211,NA
148,43,count-odds,tourney,FALSE,20,elitize_generation_data,147,11,0.223,NA
149,43,count-odds,tourney,FALSE,20,elitize_generation_data,148,12,0.221,NA
150,43,count-odds,tourney,FALSE,20,elitize_generation_data,149,11,0.221,NA
151,43,count-odds,tourney,FALSE,20,elitize_generation_data,150,9,0.232,NA
152,43,count-odds,tourney,FALSE,20,elitize_generation_data,151,11,0.232,NA
153,43,count-odds,tourney,FALSE,20,elitize_generation_data,152,11,0.23,NA
154,43,count-odds,tourney,FALSE,20,elitize_generation_data,153,12,0.235,NA
155,43,count-odds,tourney,FALSE,20,elitize_generation_data,154,13,0.211,NA
156,43,count-odds,tourney,FALSE,20,elitize_generation_data,155,13,0.225,NA
157,43,count-odds,tourney,FALSE,20,elitize_generation_data,156,10,0.228,NA
158,43,count-odds,tourney,FALSE,20,elitize_generation_data,157,11,0.23,NA
159,43,count-odds,tourney,FALSE,20,elitize_generation_data,158,12,0.238,NA
160,43,count-odds,tourney,FALSE,20,elitize_generation_data,159,12,0.242,NA
161,43,count-odds,tourney,FALSE,20,elitize_generation_data,160,12,0.237,NA
162,43,count-odds,tourney,FALSE,20,elitize_generation_data,161,16,0.241,NA
163,43,count-odds,tourney,FALSE,20,elitize_generation_data,162,11,0.227,NA
164,43,count-odds,tourney,FALSE,20,elitize_generation_data,163,13,0.244,NA
165,43,count-odds,tourney,FALSE,20,elitize_generation_data,164,9,0.231,NA
166,43,count-odds,tourney,FALSE,20,elitize_generation_data,165,10,0.238,NA
167,43,count-odds,tourney,FALSE,20,elitize_generation_data,166,14,0.262,NA
168,43,count-odds,tourney,FALSE,20,elitize_generation_data,167,12,0.249,NA
169,43,count-odds,tourney,FALSE,20,elitize_generation_data,168,11,0.26,NA
170,43,count-odds,tourney,FALSE,20,elitize_generation_data,169,9,0.264,NA
171,43,count-odds,tourney,FALSE,20,elitize_generation_data,170,14,0.231,NA
172,43,count-odds,tourney,FALSE,20,elitize_generation_data,171,11,0.251,NA
173,43,count-odds,tourney,FALSE,20,elitize_generation_data,172,13,0.237,NA
174,43,count-odds,tourney,FALSE,20,elitize_generation_data,173,11,0.255,NA
175,43,count-odds,tourney,FALSE,20,elitize_generation_data,174,9,0.267,NA
176,43,count-odds,tourney,FALSE,20,elitize_generation_data,175,12,0.246,NA
177,43,count-odds,tourney,FALSE,20,elitize_generation_data,176,12,0.226,NA
178,43,count-odds,tourney,FALSE,20,elitize_generation_data,177,10,0.223,NA
179,43,count-odds,tourney,FALSE,20,elitize_generation_data,178,10,0.231,NA
180,43,count-odds,tourney,FALSE,20,elitize_generation_data,179,12,0.211,NA
181,43,count-odds,tourney,FALSE,20,elitize_generation_data,180,11,0.219,NA
182,43,count-odds,tourney,FALSE,20,elitize_generation_data,181,15,0.253,NA
183,43,count-odds,tourney,FALSE,20,elitize_generation_data,182,10,0.244,NA
184,43,count-odds,tourney,FALSE,20,elitize_generation_data,183,10,0.243,NA
185,43,count-odds,tourney,FALSE,20,elitize_generation_data,184,10,0.24,NA
186,43,count-odds,tourney,FALSE,20,elitize_generation_data,185,11,0.228,NA
187,43,count-odds,tourney,FALSE,20,elitize_generation_data,186,11,0.227,NA
188,43,count-odds,tourney,FALSE,20,elitize_generation_data,187,11,0.233,NA
189,43,count-odds,tourney,FALSE,20,elitize_generation_data,188,12,0.244,NA
190,43,count-odds,tourney,FALSE,20,elitize_generation_data,189,12,0.245,NA
191,43,count-odds,tourney,FALSE,20,elitize_generation_data,190,14,0.233,NA
192,43,count-odds,tourney,FALSE,20,elitize_generation_data,191,17,0.238,NA
193,43,count-odds,tourney,FALSE,20,elitize_generation_data,192,13,0.248,NA
194,43,count-odds,tourney,FALSE,20,elitize_generation_data,193,14,0.244,NA
195,43,count-odds,tourney,FALSE,20,elitize_generation_data,194,9,0.249,NA
196,43,count-odds,tourney,FALSE,20,elitize_generation_data,195,10,0.242,NA
197,43,count-odds,tourney,FALSE,20,elitize_generation_data,196,12,0.252,NA
198,43,count-odds,tourney,FALSE,20,elitize_generation_data,197,13,0.242,NA
199,43,count-odds,tourney,FALSE,20,elitize_generation_data,198,9,0.251,NA
200,43,count-odds,tourney,FALSE,20,elitize_generation_data,199,10,0.252,NA
201,43,count-odds,tourney,FALSE,20,elitize_generation_data,200,14,0.225,NA
202,43,count-odds,tourney,FALSE,20,elitize_generation_data,201,12,0.232,NA
203,43,count-odds,tourney,FALSE,20,elitize_generation_data,202,13,0.247,NA
204,43,count-odds,tourney,FALSE,20,elitize_generation_data,203,13,0.23,NA
205,43,count-odds,tourney,FALSE,20,elitize_generation_data,204,10,0.24,NA
206,43,count-odds,tourney,FALSE,20,elitize_generation_data,205,11,0.244,NA
207,43,count-odds,tourney,FALSE,20,elitize_generation_data,206,12,0.232,NA
208,43,count-odds,tourney,FALSE,20,elitize_generation_data,207,12,0.246,NA
209,43,count-odds,tourney,FALSE,20,elitize_generation_data,208,13,0.263,NA
210,43,count-odds,tourney,FALSE,20,elitize_generation_data,209,12,0.258,NA
211,43,count-odds,tourney,FALSE,20,elitize_generation_data,210,14,0.24,NA
212,43,count-odds,tourney,FALSE,20,elitize_generation_data,211,14,0.239,NA
213,43,count-odds,tourney,FALSE,20,elitize_generation_data,212,13,0.244,NA
214,43,count-odds,tourney,FALSE,20,elitize_generation_data,213,16,0.225,NA
215,43,count-odds,tourney,FALSE,20,elitize_generation_data,214,11,0.266,NA
216,43,count-odds,tourney,FALSE,20,elitize_generation_data,215,14,0.235,NA
217,43,count-odds,tourney,FALSE,20,elitize_generation_data,216,11,0.139,NA
218,43,count-odds,tourney,FALSE,20,elitize_generation_data,217,8,0.105,NA
219,43,count-odds,tourney,FALSE,20,elitize_generation_data,218,10,0.082,NA
220,43,count-odds,tourney,FALSE,20,elitize_generation_data,219,10,0.099,NA
221,43,count-odds,tourney,FALSE,20,elitize_generation_data,220,7,0.092,NA
222,43,count-odds,tourney,FALSE,20,elitize_generation_data,221,11,0.1,NA
223,43,count-odds,tourney,FALSE,20,elitize_generation_data,222,11,0.096,NA
224,43,count-odds,tourney,FALSE,20,elitize_generation_data,223,11,0.081,NA
225,43,count-odds,tourney,FALSE,20,elitize_generation_data,224,8,0.1,NA
226,43,count-odds,tourney,FALSE,20,elitize_generation_data,225,11,0.097,NA
227,43,count-odds,tourney,FALSE,20,elitize_generation_data,226,11,0.09,NA
228,43,count-odds,tourney,FALSE,20,elitize_generation_data,227,7,0.087,NA
229,43,count-odds,tourney,FALSE,20,elitize_generation_data,228,12,0.084,NA
230,43,count-odds,tourney,FALSE,20,elitize_generation_data,229,10,0.098,NA
231,43,count-odds,tourney,FALSE,20,elitize_generation_data,230,15,0.091,NA
232,43,count-odds,tourney,FALSE,20,elitize_generation_data,231,8,0.086,NA
233,43,count-odds,tourney,FALSE,20,elitize_generation_data,232,9,0.083,NA
234,43,count-odds,tourney,FALSE,20,elitize_generation_data,233,12,0.097,NA
235,43,count-odds,tourney,FALSE,20,elitize_generation_data,234,11,0.086,NA
236,43,count-odds,tourney,FALSE,20,elitize_generation_data,235,9,0.091,NA
237,43,count-odds,tourney,FALSE,20,elitize_generation_data,236,10,0.091,NA
238,43,count-odds,tourney,FALSE,20,elitize_generation_data,237,17,0.085,NA
239,43,count-odds,tourney,FALSE,20,elitize_generation_data,238,9,0.084,NA
240,43,count-odds,tourney,FALSE,20,elitize_generation_data,239,9,0.081,NA
241,43,count-odds,tourney,FALSE,20,elitize_generation_data,240,16,0.084,NA
242,43,count-odds,tourney,FALSE,20,elitize_generation_data,241,8,0.088,NA
243,43,count-odds,tourney,FALSE,20,elitize_generation_data,242,7,0.081,NA
244,43,count-odds,tourney,FALSE,20,elitize_generation_data,243,12,0.086,NA
245,43,count-odds,tourney,FALSE,20,elitize_generation_data,244,13,0.081,NA
246,43,count-odds,tourney,FALSE,20,elitize_generation_data,245,11,0.088,NA
247,43,count-odds,tourney,FALSE,20,elitize_generation_data,246,11,0.088,NA
248,43,count-odds,tourney,FALSE,20,elitize_generation_data,247,13,0.091,NA
249,43,count-odds,tourney,FALSE,20,elitize_generation_data,248,11,0.081,NA
250,43,count-odds,tourney,FALSE,20,elitize_generation_data,249,12,0.079,NA
251,43,count-odds,tourney,FALSE,20,elitize_generation_data,250,12,0.079,NA
252,43,count-odds,tourney,FALSE,20,elitize_generation_data,251,8,0.085,NA
253,43,count-odds,tourney,FALSE,20,elitize_generation_data,252,13,0.075,NA
254,43,count-odds,tourney,FALSE,20,elitize_generation_data,253,15,0.087,NA
255,43,count-odds,tourney,FALSE,20,elitize_generation_data,254,12,0.084,NA
256,43,count-odds,tourney,FALSE,20,elitize_generation_data,255,9,0.081,NA
257,43,count-odds,tourney,FALSE,20,elitize_generation_data,256,13,0.104,NA
258,43,count-odds,tourney,FALSE,20,elitize_generation_data,257,10,0.077,NA
259,43,count-odds,tourney,FALSE,20,elitize_generation_data,258,13,0.072,NA
260,43,count-odds,tourney,FALSE,20,elitize_generation_data,259,10,0.081,NA
261,43,count-odds,tourney,FALSE,20,elitize_generation_data,260,14,0.081,NA
262,43,count-odds,tourney,FALSE,20,elitize_generation_data,261,14,0.067,NA
263,43,count-odds,tourney,FALSE,20,elitize_generation_data,262,16,0.066,NA
264,43,count-odds,tourney,FALSE,20,elitize_generation_data,263,14,0.077,NA
265,43,count-odds,tourney,FALSE,20,elitize_generation_data,264,10,0.068,NA
266,43,count-odds,tourney,FALSE,20,elitize_generation_data,265,12,0.083,NA
267,43,count-odds,tourney,FALSE,20,elitize_generation_data,266,9,0.066,NA
268,43,count-odds,tourney,FALSE,20,elitize_generation_data,267,12,0.079,NA
269,43,count-odds,tourney,FALSE,20,elitize_generation_data,268,7,0.081,NA
270,43,count-odds,tourney,FALSE,20,elitize_generation_data,269,11,0.07,NA
271,43,count-odds,tourney,FALSE,20,elitize_generation_data,270,13,0.076,NA
272,43,count-odds,tourney,FALSE,20,elitize_generation_data,271,11,0.084,NA
273,43,count-odds,tourney,FALSE,20,elitize_generation_data,272,13,0.076,NA
274,43,count-odds,tourney,FALSE,20,elitize_generation_data,273,13,0.081,NA
275,43,count-odds,tourney,FALSE,20,elitize_generation_data,274,13,0.077,NA
276,43,count-odds,tourney,FALSE,20,elitize_generation_data,275,10,0.075,NA
277,43,count-odds,tourney,FALSE,20,elitize_generation_data,276,12,0.076,NA
278,43,count-odds,tourney,FALSE,20,elitize_generation_data,277,13,0.079,NA
279,43,count-odds,tourney,FALSE,20,elitize_generation_data,278,11,0.079,NA
280,43,count-odds,tourney,FALSE,20,elitize_generation_data,279,11,0.072,NA
281,43,count-odds,tourney,FALSE,20,elitize_generation_data,280,13,0.07,NA
282,43,count-odds,tourney,FALSE,20,elitize_generation_data,281,16,0.074,NA
283,43,count-odds,tourney,FALSE,20,elitize_generation_data,282,12,0.07,NA
284,43,count-odds,tourney,FALSE,20,elitize_generation_data,283,10,0.071,NA
285,43,count-odds,tourney,FALSE,20,elitize_generation_data,284,13,0.085,NA
286,43,count-odds,tourney,FALSE,20,elitize_generation_data,285,13,0.075,NA
287,43,count-odds,tourney,FALSE,20,elitize_generation_data,286,10,0.077,NA
288,43,count-odds,tourney,FALSE,20,elitize_generation_data,287,11,0.073,NA
289,43,count-odds,tourney,FALSE,20,elitize_generation_data,288,12,0.071,NA
290,43,count-odds,tourney,FALSE,20,elitize_generation_data,289,12,0.073,NA
291,43,count-odds,tourney,FALSE,20,elitize_generation_data,290,13,0.075,NA
292,43,count-odds,tourney,FALSE,20,elitize_generation_data,291,11,0.089,NA
293,43,count-odds,tourney,FALSE,20,elitize_generation_data,292,15,0.063,NA
294,43,count-odds,tourney,FALSE,20,elitize_generation_data,293,14,0.075,NA
295,43,count-odds,tourney,FALSE,20,elitize_generation_data,294,11,0.078,NA
296,43,count-odds,tourney,FALSE,20,elitize_generation_data,295,12,0.065,NA
297,43,count-odds,tourney,FALSE,20,elitize_generation_data,296,13,0.087,NA
298,43,count-odds,tourney,FALSE,20,elitize_generation_data,297,10,0.071,NA
299,43,count-odds,tourney,FALSE,20,elitize_generation_data,298,12,0.075,NA
300,43,count-odds,tourney,FALSE,20,elitize_generation_data,299,14,0.079,NA
301,43,count-odds,tourney,FALSE,20,elitize_generation_data,300,17,0.068,NA
