,run.num,problem,treatment,succeeded,height,normalization.function,generation,cluster.count,error.diversity,success.generation
1,13,count-odds,tourney,FALSE,20,elitize_generation_data,0,6,0.191,NA
2,13,count-odds,tourney,FALSE,20,elitize_generation_data,1,7,0.119,NA
3,13,count-odds,tourney,FALSE,20,elitize_generation_data,2,5,0.091,NA
4,13,count-odds,tourney,FALSE,20,elitize_generation_data,3,4,0.092,NA
5,13,count-odds,tourney,FALSE,20,elitize_generation_data,4,3,0.088,NA
6,13,count-odds,tourney,FALSE,20,elitize_generation_data,5,4,0.101,NA
7,13,count-odds,tourney,FALSE,20,elitize_generation_data,6,4,0.115,NA
8,13,count-odds,tourney,FALSE,20,elitize_generation_data,7,5,0.121,NA
9,13,count-odds,tourney,FALSE,20,elitize_generation_data,8,6,0.182,NA
10,13,count-odds,tourney,FALSE,20,elitize_generation_data,9,5,0.245,NA
11,13,count-odds,tourney,FALSE,20,elitize_generation_data,10,8,0.281,NA
12,13,count-odds,tourney,FALSE,20,elitize_generation_data,11,6,0.337,NA
13,13,count-odds,tourney,FALSE,20,elitize_generation_data,12,6,0.407,NA
14,13,count-odds,tourney,FALSE,20,elitize_generation_data,13,10,0.478,NA
15,13,count-odds,tourney,FALSE,20,elitize_generation_data,14,11,0.466,NA
16,13,count-odds,tourney,FALSE,20,elitize_generation_data,15,8,0.468,NA
17,13,count-odds,tourney,FALSE,20,elitize_generation_data,16,6,0.459,NA
18,13,count-odds,tourney,FALSE,20,elitize_generation_data,17,7,0.468,NA
19,13,count-odds,tourney,FALSE,20,elitize_generation_data,18,10,0.486,NA
20,13,count-odds,tourney,FALSE,20,elitize_generation_data,19,8,0.463,NA
21,13,count-odds,tourney,FALSE,20,elitize_generation_data,20,9,0.458,NA
22,13,count-odds,tourney,FALSE,20,elitize_generation_data,21,11,0.462,NA
23,13,count-odds,tourney,FALSE,20,elitize_generation_data,22,11,0.481,NA
24,13,count-odds,tourney,FALSE,20,elitize_generation_data,23,14,0.478,NA
25,13,count-odds,tourney,FALSE,20,elitize_generation_data,24,17,0.52,NA
26,13,count-odds,tourney,FALSE,20,elitize_generation_data,25,20,0.554,NA
27,13,count-odds,tourney,FALSE,20,elitize_generation_data,26,23,0.589,NA
28,13,count-odds,tourney,FALSE,20,elitize_generation_data,27,21,0.61,NA
29,13,count-odds,tourney,FALSE,20,elitize_generation_data,28,33,0.641,NA
30,13,count-odds,tourney,FALSE,20,elitize_generation_data,29,29,0.68,NA
31,13,count-odds,tourney,FALSE,20,elitize_generation_data,30,21,0.743,NA
32,13,count-odds,tourney,FALSE,20,elitize_generation_data,31,24,0.759,NA
33,13,count-odds,tourney,FALSE,20,elitize_generation_data,32,20,0.782,NA
34,13,count-odds,tourney,FALSE,20,elitize_generation_data,33,21,0.78,NA
35,13,count-odds,tourney,FALSE,20,elitize_generation_data,34,19,0.764,NA
36,13,count-odds,tourney,FALSE,20,elitize_generation_data,35,15,0.776,NA
37,13,count-odds,tourney,FALSE,20,elitize_generation_data,36,15,0.746,NA
38,13,count-odds,tourney,FALSE,20,elitize_generation_data,37,14,0.757,NA
39,13,count-odds,tourney,FALSE,20,elitize_generation_data,38,20,0.739,NA
40,13,count-odds,tourney,FALSE,20,elitize_generation_data,39,17,0.711,NA
41,13,count-odds,tourney,FALSE,20,elitize_generation_data,40,22,0.682,NA
42,13,count-odds,tourney,FALSE,20,elitize_generation_data,41,16,0.669,NA
43,13,count-odds,tourney,FALSE,20,elitize_generation_data,42,23,0.684,NA
44,13,count-odds,tourney,FALSE,20,elitize_generation_data,43,16,0.664,NA
45,13,count-odds,tourney,FALSE,20,elitize_generation_data,44,18,0.646,NA
46,13,count-odds,tourney,FALSE,20,elitize_generation_data,45,18,0.652,NA
47,13,count-odds,tourney,FALSE,20,elitize_generation_data,46,18,0.671,NA
48,13,count-odds,tourney,FALSE,20,elitize_generation_data,47,20,0.686,NA
49,13,count-odds,tourney,FALSE,20,elitize_generation_data,48,24,0.693,NA
50,13,count-odds,tourney,FALSE,20,elitize_generation_data,49,19,0.7,NA
51,13,count-odds,tourney,FALSE,20,elitize_generation_data,50,22,0.681,NA
52,13,count-odds,tourney,FALSE,20,elitize_generation_data,51,22,0.681,NA
53,13,count-odds,tourney,FALSE,20,elitize_generation_data,52,25,0.687,NA
54,13,count-odds,tourney,FALSE,20,elitize_generation_data,53,19,0.642,NA
55,13,count-odds,tourney,FALSE,20,elitize_generation_data,54,16,0.664,NA
56,13,count-odds,tourney,FALSE,20,elitize_generation_data,55,14,0.679,NA
57,13,count-odds,tourney,FALSE,20,elitize_generation_data,56,16,0.675,NA
58,13,count-odds,tourney,FALSE,20,elitize_generation_data,57,20,0.677,NA
59,13,count-odds,tourney,FALSE,20,elitize_generation_data,58,17,0.667,NA
60,13,count-odds,tourney,FALSE,20,elitize_generation_data,59,19,0.663,NA
61,13,count-odds,tourney,FALSE,20,elitize_generation_data,60,16,0.698,NA
62,13,count-odds,tourney,FALSE,20,elitize_generation_data,61,15,0.701,NA
63,13,count-odds,tourney,FALSE,20,elitize_generation_data,62,13,0.674,NA
64,13,count-odds,tourney,FALSE,20,elitize_generation_data,63,12,0.673,NA
65,13,count-odds,tourney,FALSE,20,elitize_generation_data,64,15,0.683,NA
66,13,count-odds,tourney,FALSE,20,elitize_generation_data,65,15,0.682,NA
67,13,count-odds,tourney,FALSE,20,elitize_generation_data,66,14,0.679,NA
68,13,count-odds,tourney,FALSE,20,elitize_generation_data,67,18,0.682,NA
69,13,count-odds,tourney,FALSE,20,elitize_generation_data,68,15,0.677,NA
70,13,count-odds,tourney,FALSE,20,elitize_generation_data,69,13,0.708,NA
71,13,count-odds,tourney,FALSE,20,elitize_generation_data,70,17,0.72,NA
72,13,count-odds,tourney,FALSE,20,elitize_generation_data,71,15,0.746,NA
73,13,count-odds,tourney,FALSE,20,elitize_generation_data,72,14,0.732,NA
74,13,count-odds,tourney,FALSE,20,elitize_generation_data,73,15,0.723,NA
75,13,count-odds,tourney,FALSE,20,elitize_generation_data,74,16,0.725,NA
76,13,count-odds,tourney,FALSE,20,elitize_generation_data,75,18,0.731,NA
77,13,count-odds,tourney,FALSE,20,elitize_generation_data,76,17,0.748,NA
78,13,count-odds,tourney,FALSE,20,elitize_generation_data,77,13,0.734,NA
79,13,count-odds,tourney,FALSE,20,elitize_generation_data,78,14,0.746,NA
80,13,count-odds,tourney,FALSE,20,elitize_generation_data,79,22,0.763,NA
81,13,count-odds,tourney,FALSE,20,elitize_generation_data,80,20,0.75,NA
82,13,count-odds,tourney,FALSE,20,elitize_generation_data,81,14,0.764,NA
83,13,count-odds,tourney,FALSE,20,elitize_generation_data,82,16,0.768,NA
84,13,count-odds,tourney,FALSE,20,elitize_generation_data,83,14,0.759,NA
85,13,count-odds,tourney,FALSE,20,elitize_generation_data,84,20,0.755,NA
86,13,count-odds,tourney,FALSE,20,elitize_generation_data,85,17,0.765,NA
87,13,count-odds,tourney,FALSE,20,elitize_generation_data,86,16,0.757,NA
88,13,count-odds,tourney,FALSE,20,elitize_generation_data,87,17,0.764,NA
89,13,count-odds,tourney,FALSE,20,elitize_generation_data,88,14,0.795,NA
90,13,count-odds,tourney,FALSE,20,elitize_generation_data,89,14,0.779,NA
91,13,count-odds,tourney,FALSE,20,elitize_generation_data,90,17,0.769,NA
92,13,count-odds,tourney,FALSE,20,elitize_generation_data,91,11,0.799,NA
93,13,count-odds,tourney,FALSE,20,elitize_generation_data,92,20,0.793,NA
94,13,count-odds,tourney,FALSE,20,elitize_generation_data,93,18,0.78,NA
95,13,count-odds,tourney,FALSE,20,elitize_generation_data,94,21,0.828,NA
96,13,count-odds,tourney,FALSE,20,elitize_generation_data,95,19,0.793,NA
97,13,count-odds,tourney,FALSE,20,elitize_generation_data,96,16,0.761,NA
98,13,count-odds,tourney,FALSE,20,elitize_generation_data,97,16,0.799,NA
99,13,count-odds,tourney,FALSE,20,elitize_generation_data,98,17,0.813,NA
100,13,count-odds,tourney,FALSE,20,elitize_generation_data,99,21,0.811,NA
101,13,count-odds,tourney,FALSE,20,elitize_generation_data,100,16,0.812,NA
102,13,count-odds,tourney,FALSE,20,elitize_generation_data,101,14,0.801,NA
103,13,count-odds,tourney,FALSE,20,elitize_generation_data,102,18,0.8,NA
104,13,count-odds,tourney,FALSE,20,elitize_generation_data,103,16,0.808,NA
105,13,count-odds,tourney,FALSE,20,elitize_generation_data,104,17,0.82,NA
106,13,count-odds,tourney,FALSE,20,elitize_generation_data,105,14,0.822,NA
107,13,count-odds,tourney,FALSE,20,elitize_generation_data,106,15,0.816,NA
108,13,count-odds,tourney,FALSE,20,elitize_generation_data,107,20,0.814,NA
109,13,count-odds,tourney,FALSE,20,elitize_generation_data,108,22,0.838,NA
110,13,count-odds,tourney,FALSE,20,elitize_generation_data,109,23,0.821,NA
111,13,count-odds,tourney,FALSE,20,elitize_generation_data,110,26,0.825,NA
112,13,count-odds,tourney,FALSE,20,elitize_generation_data,111,29,0.818,NA
113,13,count-odds,tourney,FALSE,20,elitize_generation_data,112,23,0.826,NA
114,13,count-odds,tourney,FALSE,20,elitize_generation_data,113,20,0.811,NA
115,13,count-odds,tourney,FALSE,20,elitize_generation_data,114,18,0.825,NA
116,13,count-odds,tourney,FALSE,20,elitize_generation_data,115,24,0.811,NA
117,13,count-odds,tourney,FALSE,20,elitize_generation_data,116,22,0.825,NA
118,13,count-odds,tourney,FALSE,20,elitize_generation_data,117,22,0.792,NA
119,13,count-odds,tourney,FALSE,20,elitize_generation_data,118,30,0.763,NA
120,13,count-odds,tourney,FALSE,20,elitize_generation_data,119,25,0.75,NA
121,13,count-odds,tourney,FALSE,20,elitize_generation_data,120,27,0.742,NA
122,13,count-odds,tourney,FALSE,20,elitize_generation_data,121,22,0.735,NA
123,13,count-odds,tourney,FALSE,20,elitize_generation_data,122,21,0.729,NA
124,13,count-odds,tourney,FALSE,20,elitize_generation_data,123,18,0.716,NA
125,13,count-odds,tourney,FALSE,20,elitize_generation_data,124,22,0.717,NA
126,13,count-odds,tourney,FALSE,20,elitize_generation_data,125,20,0.743,NA
127,13,count-odds,tourney,FALSE,20,elitize_generation_data,126,20,0.717,NA
128,13,count-odds,tourney,FALSE,20,elitize_generation_data,127,16,0.747,NA
129,13,count-odds,tourney,FALSE,20,elitize_generation_data,128,22,0.733,NA
130,13,count-odds,tourney,FALSE,20,elitize_generation_data,129,16,0.742,NA
131,13,count-odds,tourney,FALSE,20,elitize_generation_data,130,19,0.74,NA
132,13,count-odds,tourney,FALSE,20,elitize_generation_data,131,17,0.726,NA
133,13,count-odds,tourney,FALSE,20,elitize_generation_data,132,19,0.742,NA
134,13,count-odds,tourney,FALSE,20,elitize_generation_data,133,18,0.779,NA
135,13,count-odds,tourney,FALSE,20,elitize_generation_data,134,21,0.776,NA
136,13,count-odds,tourney,FALSE,20,elitize_generation_data,135,23,0.753,NA
137,13,count-odds,tourney,FALSE,20,elitize_generation_data,136,19,0.789,NA
138,13,count-odds,tourney,FALSE,20,elitize_generation_data,137,20,0.77,NA
139,13,count-odds,tourney,FALSE,20,elitize_generation_data,138,18,0.778,NA
140,13,count-odds,tourney,FALSE,20,elitize_generation_data,139,18,0.805,NA
141,13,count-odds,tourney,FALSE,20,elitize_generation_data,140,15,0.786,NA
142,13,count-odds,tourney,FALSE,20,elitize_generation_data,141,19,0.798,NA
143,13,count-odds,tourney,FALSE,20,elitize_generation_data,142,15,0.787,NA
144,13,count-odds,tourney,FALSE,20,elitize_generation_data,143,16,0.791,NA
145,13,count-odds,tourney,FALSE,20,elitize_generation_data,144,21,0.796,NA
146,13,count-odds,tourney,FALSE,20,elitize_generation_data,145,17,0.783,NA
147,13,count-odds,tourney,FALSE,20,elitize_generation_data,146,17,0.801,NA
148,13,count-odds,tourney,FALSE,20,elitize_generation_data,147,18,0.782,NA
149,13,count-odds,tourney,FALSE,20,elitize_generation_data,148,18,0.771,NA
150,13,count-odds,tourney,FALSE,20,elitize_generation_data,149,26,0.795,NA
151,13,count-odds,tourney,FALSE,20,elitize_generation_data,150,21,0.799,NA
152,13,count-odds,tourney,FALSE,20,elitize_generation_data,151,18,0.804,NA
153,13,count-odds,tourney,FALSE,20,elitize_generation_data,152,26,0.786,NA
154,13,count-odds,tourney,FALSE,20,elitize_generation_data,153,25,0.795,NA
155,13,count-odds,tourney,FALSE,20,elitize_generation_data,154,19,0.796,NA
156,13,count-odds,tourney,FALSE,20,elitize_generation_data,155,24,0.778,NA
157,13,count-odds,tourney,FALSE,20,elitize_generation_data,156,23,0.786,NA
158,13,count-odds,tourney,FALSE,20,elitize_generation_data,157,15,0.798,NA
159,13,count-odds,tourney,FALSE,20,elitize_generation_data,158,20,0.817,NA
160,13,count-odds,tourney,FALSE,20,elitize_generation_data,159,23,0.797,NA
161,13,count-odds,tourney,FALSE,20,elitize_generation_data,160,22,0.8,NA
162,13,count-odds,tourney,FALSE,20,elitize_generation_data,161,16,0.786,NA
163,13,count-odds,tourney,FALSE,20,elitize_generation_data,162,18,0.795,NA
164,13,count-odds,tourney,FALSE,20,elitize_generation_data,163,19,0.8,NA
165,13,count-odds,tourney,FALSE,20,elitize_generation_data,164,23,0.807,NA
166,13,count-odds,tourney,FALSE,20,elitize_generation_data,165,20,0.785,NA
167,13,count-odds,tourney,FALSE,20,elitize_generation_data,166,20,0.769,NA
168,13,count-odds,tourney,FALSE,20,elitize_generation_data,167,24,0.799,NA
169,13,count-odds,tourney,FALSE,20,elitize_generation_data,168,16,0.815,NA
170,13,count-odds,tourney,FALSE,20,elitize_generation_data,169,15,0.787,NA
171,13,count-odds,tourney,FALSE,20,elitize_generation_data,170,19,0.781,NA
172,13,count-odds,tourney,FALSE,20,elitize_generation_data,171,22,0.795,NA
173,13,count-odds,tourney,FALSE,20,elitize_generation_data,172,16,0.764,NA
174,13,count-odds,tourney,FALSE,20,elitize_generation_data,173,21,0.792,NA
175,13,count-odds,tourney,FALSE,20,elitize_generation_data,174,19,0.765,NA
176,13,count-odds,tourney,FALSE,20,elitize_generation_data,175,23,0.791,NA
177,13,count-odds,tourney,FALSE,20,elitize_generation_data,176,19,0.778,NA
178,13,count-odds,tourney,FALSE,20,elitize_generation_data,177,20,0.783,NA
179,13,count-odds,tourney,FALSE,20,elitize_generation_data,178,21,0.774,NA
180,13,count-odds,tourney,FALSE,20,elitize_generation_data,179,17,0.782,NA
181,13,count-odds,tourney,FALSE,20,elitize_generation_data,180,19,0.797,NA
182,13,count-odds,tourney,FALSE,20,elitize_generation_data,181,16,0.794,NA
183,13,count-odds,tourney,FALSE,20,elitize_generation_data,182,18,0.784,NA
184,13,count-odds,tourney,FALSE,20,elitize_generation_data,183,22,0.819,NA
185,13,count-odds,tourney,FALSE,20,elitize_generation_data,184,17,0.809,NA
186,13,count-odds,tourney,FALSE,20,elitize_generation_data,185,16,0.794,NA
187,13,count-odds,tourney,FALSE,20,elitize_generation_data,186,17,0.787,NA
188,13,count-odds,tourney,FALSE,20,elitize_generation_data,187,21,0.767,NA
189,13,count-odds,tourney,FALSE,20,elitize_generation_data,188,20,0.781,NA
190,13,count-odds,tourney,FALSE,20,elitize_generation_data,189,19,0.796,NA
191,13,count-odds,tourney,FALSE,20,elitize_generation_data,190,17,0.769,NA
192,13,count-odds,tourney,FALSE,20,elitize_generation_data,191,23,0.78,NA
193,13,count-odds,tourney,FALSE,20,elitize_generation_data,192,20,0.805,NA
194,13,count-odds,tourney,FALSE,20,elitize_generation_data,193,19,0.78,NA
195,13,count-odds,tourney,FALSE,20,elitize_generation_data,194,19,0.782,NA
196,13,count-odds,tourney,FALSE,20,elitize_generation_data,195,15,0.793,NA
197,13,count-odds,tourney,FALSE,20,elitize_generation_data,196,26,0.793,NA
198,13,count-odds,tourney,FALSE,20,elitize_generation_data,197,25,0.772,NA
199,13,count-odds,tourney,FALSE,20,elitize_generation_data,198,21,0.805,NA
200,13,count-odds,tourney,FALSE,20,elitize_generation_data,199,20,0.797,NA
201,13,count-odds,tourney,FALSE,20,elitize_generation_data,200,18,0.799,NA
202,13,count-odds,tourney,FALSE,20,elitize_generation_data,201,21,0.84,NA
203,13,count-odds,tourney,FALSE,20,elitize_generation_data,202,19,0.815,NA
204,13,count-odds,tourney,FALSE,20,elitize_generation_data,203,23,0.817,NA
205,13,count-odds,tourney,FALSE,20,elitize_generation_data,204,25,0.801,NA
206,13,count-odds,tourney,FALSE,20,elitize_generation_data,205,22,0.838,NA
207,13,count-odds,tourney,FALSE,20,elitize_generation_data,206,17,0.833,NA
208,13,count-odds,tourney,FALSE,20,elitize_generation_data,207,21,0.833,NA
209,13,count-odds,tourney,FALSE,20,elitize_generation_data,208,21,0.818,NA
210,13,count-odds,tourney,FALSE,20,elitize_generation_data,209,22,0.811,NA
211,13,count-odds,tourney,FALSE,20,elitize_generation_data,210,20,0.805,NA
212,13,count-odds,tourney,FALSE,20,elitize_generation_data,211,22,0.78,NA
213,13,count-odds,tourney,FALSE,20,elitize_generation_data,212,18,0.808,NA
214,13,count-odds,tourney,FALSE,20,elitize_generation_data,213,24,0.83,NA
215,13,count-odds,tourney,FALSE,20,elitize_generation_data,214,23,0.835,NA
216,13,count-odds,tourney,FALSE,20,elitize_generation_data,215,23,0.85,NA
217,13,count-odds,tourney,FALSE,20,elitize_generation_data,216,26,0.82,NA
218,13,count-odds,tourney,FALSE,20,elitize_generation_data,217,36,0.836,NA
219,13,count-odds,tourney,FALSE,20,elitize_generation_data,218,28,0.827,NA
220,13,count-odds,tourney,FALSE,20,elitize_generation_data,219,33,0.833,NA
221,13,count-odds,tourney,FALSE,20,elitize_generation_data,220,26,0.822,NA
222,13,count-odds,tourney,FALSE,20,elitize_generation_data,221,30,0.83,NA
223,13,count-odds,tourney,FALSE,20,elitize_generation_data,222,21,0.841,NA
224,13,count-odds,tourney,FALSE,20,elitize_generation_data,223,23,0.84,NA
225,13,count-odds,tourney,FALSE,20,elitize_generation_data,224,20,0.831,NA
226,13,count-odds,tourney,FALSE,20,elitize_generation_data,225,17,0.836,NA
227,13,count-odds,tourney,FALSE,20,elitize_generation_data,226,19,0.833,NA
228,13,count-odds,tourney,FALSE,20,elitize_generation_data,227,24,0.793,NA
229,13,count-odds,tourney,FALSE,20,elitize_generation_data,228,15,0.816,NA
230,13,count-odds,tourney,FALSE,20,elitize_generation_data,229,20,0.819,NA
231,13,count-odds,tourney,FALSE,20,elitize_generation_data,230,15,0.824,NA
232,13,count-odds,tourney,FALSE,20,elitize_generation_data,231,16,0.846,NA
233,13,count-odds,tourney,FALSE,20,elitize_generation_data,232,17,0.838,NA
234,13,count-odds,tourney,FALSE,20,elitize_generation_data,233,14,0.816,NA
235,13,count-odds,tourney,FALSE,20,elitize_generation_data,234,17,0.775,NA
236,13,count-odds,tourney,FALSE,20,elitize_generation_data,235,15,0.793,NA
237,13,count-odds,tourney,FALSE,20,elitize_generation_data,236,17,0.787,NA
238,13,count-odds,tourney,FALSE,20,elitize_generation_data,237,15,0.819,NA
239,13,count-odds,tourney,FALSE,20,elitize_generation_data,238,15,0.82,NA
240,13,count-odds,tourney,FALSE,20,elitize_generation_data,239,16,0.81,NA
241,13,count-odds,tourney,FALSE,20,elitize_generation_data,240,18,0.815,NA
242,13,count-odds,tourney,FALSE,20,elitize_generation_data,241,19,0.822,NA
243,13,count-odds,tourney,FALSE,20,elitize_generation_data,242,14,0.833,NA
244,13,count-odds,tourney,FALSE,20,elitize_generation_data,243,18,0.84,NA
245,13,count-odds,tourney,FALSE,20,elitize_generation_data,244,15,0.838,NA
246,13,count-odds,tourney,FALSE,20,elitize_generation_data,245,17,0.835,NA
247,13,count-odds,tourney,FALSE,20,elitize_generation_data,246,16,0.859,NA
248,13,count-odds,tourney,FALSE,20,elitize_generation_data,247,18,0.857,NA
249,13,count-odds,tourney,FALSE,20,elitize_generation_data,248,18,0.848,NA
250,13,count-odds,tourney,FALSE,20,elitize_generation_data,249,16,0.843,NA
251,13,count-odds,tourney,FALSE,20,elitize_generation_data,250,14,0.853,NA
252,13,count-odds,tourney,FALSE,20,elitize_generation_data,251,15,0.854,NA
253,13,count-odds,tourney,FALSE,20,elitize_generation_data,252,22,0.866,NA
254,13,count-odds,tourney,FALSE,20,elitize_generation_data,253,19,0.864,NA
255,13,count-odds,tourney,FALSE,20,elitize_generation_data,254,18,0.841,NA
256,13,count-odds,tourney,FALSE,20,elitize_generation_data,255,14,0.838,NA
257,13,count-odds,tourney,FALSE,20,elitize_generation_data,256,17,0.844,NA
258,13,count-odds,tourney,FALSE,20,elitize_generation_data,257,19,0.856,NA
259,13,count-odds,tourney,FALSE,20,elitize_generation_data,258,16,0.844,NA
260,13,count-odds,tourney,FALSE,20,elitize_generation_data,259,15,0.827,NA
261,13,count-odds,tourney,FALSE,20,elitize_generation_data,260,14,0.838,NA
262,13,count-odds,tourney,FALSE,20,elitize_generation_data,261,20,0.834,NA
263,13,count-odds,tourney,FALSE,20,elitize_generation_data,262,20,0.818,NA
264,13,count-odds,tourney,FALSE,20,elitize_generation_data,263,15,0.835,NA
265,13,count-odds,tourney,FALSE,20,elitize_generation_data,264,20,0.846,NA
266,13,count-odds,tourney,FALSE,20,elitize_generation_data,265,16,0.832,NA
267,13,count-odds,tourney,FALSE,20,elitize_generation_data,266,11,0.845,NA
268,13,count-odds,tourney,FALSE,20,elitize_generation_data,267,17,0.84,NA
269,13,count-odds,tourney,FALSE,20,elitize_generation_data,268,14,0.843,NA
270,13,count-odds,tourney,FALSE,20,elitize_generation_data,269,12,0.838,NA
271,13,count-odds,tourney,FALSE,20,elitize_generation_data,270,13,0.86,NA
272,13,count-odds,tourney,FALSE,20,elitize_generation_data,271,16,0.849,NA
273,13,count-odds,tourney,FALSE,20,elitize_generation_data,272,17,0.852,NA
274,13,count-odds,tourney,FALSE,20,elitize_generation_data,273,16,0.85,NA
275,13,count-odds,tourney,FALSE,20,elitize_generation_data,274,18,0.835,NA
276,13,count-odds,tourney,FALSE,20,elitize_generation_data,275,14,0.832,NA
277,13,count-odds,tourney,FALSE,20,elitize_generation_data,276,26,0.851,NA
278,13,count-odds,tourney,FALSE,20,elitize_generation_data,277,19,0.831,NA
279,13,count-odds,tourney,FALSE,20,elitize_generation_data,278,18,0.844,NA
280,13,count-odds,tourney,FALSE,20,elitize_generation_data,279,19,0.843,NA
281,13,count-odds,tourney,FALSE,20,elitize_generation_data,280,21,0.849,NA
282,13,count-odds,tourney,FALSE,20,elitize_generation_data,281,20,0.861,NA
283,13,count-odds,tourney,FALSE,20,elitize_generation_data,282,16,0.832,NA
284,13,count-odds,tourney,FALSE,20,elitize_generation_data,283,15,0.827,NA
285,13,count-odds,tourney,FALSE,20,elitize_generation_data,284,17,0.824,NA
286,13,count-odds,tourney,FALSE,20,elitize_generation_data,285,19,0.827,NA
287,13,count-odds,tourney,FALSE,20,elitize_generation_data,286,19,0.83,NA
288,13,count-odds,tourney,FALSE,20,elitize_generation_data,287,16,0.847,NA
289,13,count-odds,tourney,FALSE,20,elitize_generation_data,288,23,0.832,NA
290,13,count-odds,tourney,FALSE,20,elitize_generation_data,289,15,0.837,NA
291,13,count-odds,tourney,FALSE,20,elitize_generation_data,290,16,0.854,NA
292,13,count-odds,tourney,FALSE,20,elitize_generation_data,291,18,0.848,NA
293,13,count-odds,tourney,FALSE,20,elitize_generation_data,292,17,0.839,NA
294,13,count-odds,tourney,FALSE,20,elitize_generation_data,293,15,0.843,NA
295,13,count-odds,tourney,FALSE,20,elitize_generation_data,294,17,0.85,NA
296,13,count-odds,tourney,FALSE,20,elitize_generation_data,295,12,0.826,NA
297,13,count-odds,tourney,FALSE,20,elitize_generation_data,296,20,0.832,NA
298,13,count-odds,tourney,FALSE,20,elitize_generation_data,297,16,0.821,NA
299,13,count-odds,tourney,FALSE,20,elitize_generation_data,298,18,0.812,NA
300,13,count-odds,tourney,FALSE,20,elitize_generation_data,299,16,0.837,NA
301,13,count-odds,tourney,FALSE,20,elitize_generation_data,300,16,0.844,NA
