,run.num,problem,treatment,succeeded,height,normalization.function,generation,cluster.count,error.diversity,success.generation
1,69,count-odds,tourney,FALSE,20,elitize_generation_data,0,6,0.183,NA
2,69,count-odds,tourney,FALSE,20,elitize_generation_data,1,9,0.105,NA
3,69,count-odds,tourney,FALSE,20,elitize_generation_data,2,9,0.081,NA
4,69,count-odds,tourney,FALSE,20,elitize_generation_data,3,7,0.078,NA
5,69,count-odds,tourney,FALSE,20,elitize_generation_data,4,10,0.097,NA
6,69,count-odds,tourney,FALSE,20,elitize_generation_data,5,10,0.181,NA
7,69,count-odds,tourney,FALSE,20,elitize_generation_data,6,11,0.208,NA
8,69,count-odds,tourney,FALSE,20,elitize_generation_data,7,8,0.274,NA
9,69,count-odds,tourney,FALSE,20,elitize_generation_data,8,7,0.316,NA
10,69,count-odds,tourney,FALSE,20,elitize_generation_data,9,6,0.368,NA
11,69,count-odds,tourney,FALSE,20,elitize_generation_data,10,7,0.405,NA
12,69,count-odds,tourney,FALSE,20,elitize_generation_data,11,7,0.39,NA
13,69,count-odds,tourney,FALSE,20,elitize_generation_data,12,4,0.383,NA
14,69,count-odds,tourney,FALSE,20,elitize_generation_data,13,6,0.431,NA
15,69,count-odds,tourney,FALSE,20,elitize_generation_data,14,6,0.401,NA
16,69,count-odds,tourney,FALSE,20,elitize_generation_data,15,4,0.442,NA
17,69,count-odds,tourney,FALSE,20,elitize_generation_data,16,4,0.494,NA
18,69,count-odds,tourney,FALSE,20,elitize_generation_data,17,3,0.595,NA
19,69,count-odds,tourney,FALSE,20,elitize_generation_data,18,5,0.675,NA
20,69,count-odds,tourney,FALSE,20,elitize_generation_data,19,8,0.767,NA
21,69,count-odds,tourney,FALSE,20,elitize_generation_data,20,6,0.819,NA
22,69,count-odds,tourney,FALSE,20,elitize_generation_data,21,6,0.853,NA
23,69,count-odds,tourney,FALSE,20,elitize_generation_data,22,5,0.86,NA
24,69,count-odds,tourney,FALSE,20,elitize_generation_data,23,7,0.868,NA
25,69,count-odds,tourney,FALSE,20,elitize_generation_data,24,8,0.865,NA
26,69,count-odds,tourney,FALSE,20,elitize_generation_data,25,8,0.854,NA
27,69,count-odds,tourney,FALSE,20,elitize_generation_data,26,7,0.829,NA
28,69,count-odds,tourney,FALSE,20,elitize_generation_data,27,5,0.813,NA
29,69,count-odds,tourney,FALSE,20,elitize_generation_data,28,4,0.778,NA
30,69,count-odds,tourney,FALSE,20,elitize_generation_data,29,5,0.786,NA
31,69,count-odds,tourney,FALSE,20,elitize_generation_data,30,6,0.775,NA
32,69,count-odds,tourney,FALSE,20,elitize_generation_data,31,4,0.799,NA
33,69,count-odds,tourney,FALSE,20,elitize_generation_data,32,7,0.783,NA
34,69,count-odds,tourney,FALSE,20,elitize_generation_data,33,7,0.796,NA
35,69,count-odds,tourney,FALSE,20,elitize_generation_data,34,3,0.777,NA
36,69,count-odds,tourney,FALSE,20,elitize_generation_data,35,9,0.792,NA
37,69,count-odds,tourney,FALSE,20,elitize_generation_data,36,7,0.785,NA
38,69,count-odds,tourney,FALSE,20,elitize_generation_data,37,5,0.791,NA
39,69,count-odds,tourney,FALSE,20,elitize_generation_data,38,8,0.802,NA
40,69,count-odds,tourney,FALSE,20,elitize_generation_data,39,7,0.796,NA
41,69,count-odds,tourney,FALSE,20,elitize_generation_data,40,7,0.78,NA
42,69,count-odds,tourney,FALSE,20,elitize_generation_data,41,6,0.79,NA
43,69,count-odds,tourney,FALSE,20,elitize_generation_data,42,6,0.811,NA
44,69,count-odds,tourney,FALSE,20,elitize_generation_data,43,10,0.801,NA
45,69,count-odds,tourney,FALSE,20,elitize_generation_data,44,8,0.798,NA
46,69,count-odds,tourney,FALSE,20,elitize_generation_data,45,10,0.823,NA
47,69,count-odds,tourney,FALSE,20,elitize_generation_data,46,10,0.823,NA
48,69,count-odds,tourney,FALSE,20,elitize_generation_data,47,11,0.813,NA
49,69,count-odds,tourney,FALSE,20,elitize_generation_data,48,8,0.829,NA
50,69,count-odds,tourney,FALSE,20,elitize_generation_data,49,9,0.814,NA
51,69,count-odds,tourney,FALSE,20,elitize_generation_data,50,9,0.796,NA
52,69,count-odds,tourney,FALSE,20,elitize_generation_data,51,10,0.801,NA
53,69,count-odds,tourney,FALSE,20,elitize_generation_data,52,11,0.787,NA
54,69,count-odds,tourney,FALSE,20,elitize_generation_data,53,11,0.768,NA
55,69,count-odds,tourney,FALSE,20,elitize_generation_data,54,7,0.754,NA
56,69,count-odds,tourney,FALSE,20,elitize_generation_data,55,11,0.755,NA
57,69,count-odds,tourney,FALSE,20,elitize_generation_data,56,8,0.771,NA
58,69,count-odds,tourney,FALSE,20,elitize_generation_data,57,9,0.771,NA
59,69,count-odds,tourney,FALSE,20,elitize_generation_data,58,6,0.761,NA
60,69,count-odds,tourney,FALSE,20,elitize_generation_data,59,9,0.783,NA
61,69,count-odds,tourney,FALSE,20,elitize_generation_data,60,7,0.784,NA
62,69,count-odds,tourney,FALSE,20,elitize_generation_data,61,7,0.758,NA
63,69,count-odds,tourney,FALSE,20,elitize_generation_data,62,9,0.768,NA
64,69,count-odds,tourney,FALSE,20,elitize_generation_data,63,10,0.754,NA
65,69,count-odds,tourney,FALSE,20,elitize_generation_data,64,8,0.768,NA
66,69,count-odds,tourney,FALSE,20,elitize_generation_data,65,7,0.796,NA
67,69,count-odds,tourney,FALSE,20,elitize_generation_data,66,5,0.808,NA
68,69,count-odds,tourney,FALSE,20,elitize_generation_data,67,8,0.809,NA
69,69,count-odds,tourney,FALSE,20,elitize_generation_data,68,6,0.811,NA
70,69,count-odds,tourney,FALSE,20,elitize_generation_data,69,5,0.815,NA
71,69,count-odds,tourney,FALSE,20,elitize_generation_data,70,8,0.81,NA
72,69,count-odds,tourney,FALSE,20,elitize_generation_data,71,9,0.821,NA
73,69,count-odds,tourney,FALSE,20,elitize_generation_data,72,9,0.82,NA
74,69,count-odds,tourney,FALSE,20,elitize_generation_data,73,7,0.84,NA
75,69,count-odds,tourney,FALSE,20,elitize_generation_data,74,12,0.82,NA
76,69,count-odds,tourney,FALSE,20,elitize_generation_data,75,8,0.851,NA
77,69,count-odds,tourney,FALSE,20,elitize_generation_data,76,8,0.834,NA
78,69,count-odds,tourney,FALSE,20,elitize_generation_data,77,5,0.85,NA
79,69,count-odds,tourney,FALSE,20,elitize_generation_data,78,9,0.821,NA
80,69,count-odds,tourney,FALSE,20,elitize_generation_data,79,10,0.85,NA
81,69,count-odds,tourney,FALSE,20,elitize_generation_data,80,10,0.861,NA
82,69,count-odds,tourney,FALSE,20,elitize_generation_data,81,13,0.84,NA
83,69,count-odds,tourney,FALSE,20,elitize_generation_data,82,11,0.83,NA
84,69,count-odds,tourney,FALSE,20,elitize_generation_data,83,14,0.816,NA
85,69,count-odds,tourney,FALSE,20,elitize_generation_data,84,15,0.822,NA
86,69,count-odds,tourney,FALSE,20,elitize_generation_data,85,11,0.839,NA
87,69,count-odds,tourney,FALSE,20,elitize_generation_data,86,8,0.852,NA
88,69,count-odds,tourney,FALSE,20,elitize_generation_data,87,7,0.833,NA
89,69,count-odds,tourney,FALSE,20,elitize_generation_data,88,7,0.819,NA
90,69,count-odds,tourney,FALSE,20,elitize_generation_data,89,9,0.824,NA
91,69,count-odds,tourney,FALSE,20,elitize_generation_data,90,8,0.836,NA
92,69,count-odds,tourney,FALSE,20,elitize_generation_data,91,8,0.816,NA
93,69,count-odds,tourney,FALSE,20,elitize_generation_data,92,9,0.852,NA
94,69,count-odds,tourney,FALSE,20,elitize_generation_data,93,10,0.811,NA
95,69,count-odds,tourney,FALSE,20,elitize_generation_data,94,9,0.827,NA
96,69,count-odds,tourney,FALSE,20,elitize_generation_data,95,11,0.813,NA
97,69,count-odds,tourney,FALSE,20,elitize_generation_data,96,11,0.816,NA
98,69,count-odds,tourney,FALSE,20,elitize_generation_data,97,10,0.832,NA
99,69,count-odds,tourney,FALSE,20,elitize_generation_data,98,6,0.829,NA
100,69,count-odds,tourney,FALSE,20,elitize_generation_data,99,8,0.82,NA
101,69,count-odds,tourney,FALSE,20,elitize_generation_data,100,9,0.822,NA
102,69,count-odds,tourney,FALSE,20,elitize_generation_data,101,12,0.819,NA
103,69,count-odds,tourney,FALSE,20,elitize_generation_data,102,5,0.84,NA
104,69,count-odds,tourney,FALSE,20,elitize_generation_data,103,4,0.815,NA
105,69,count-odds,tourney,FALSE,20,elitize_generation_data,104,8,0.831,NA
106,69,count-odds,tourney,FALSE,20,elitize_generation_data,105,7,0.827,NA
107,69,count-odds,tourney,FALSE,20,elitize_generation_data,106,8,0.798,NA
108,69,count-odds,tourney,FALSE,20,elitize_generation_data,107,6,0.808,NA
109,69,count-odds,tourney,FALSE,20,elitize_generation_data,108,9,0.826,NA
110,69,count-odds,tourney,FALSE,20,elitize_generation_data,109,13,0.835,NA
111,69,count-odds,tourney,FALSE,20,elitize_generation_data,110,7,0.821,NA
112,69,count-odds,tourney,FALSE,20,elitize_generation_data,111,10,0.826,NA
113,69,count-odds,tourney,FALSE,20,elitize_generation_data,112,14,0.832,NA
114,69,count-odds,tourney,FALSE,20,elitize_generation_data,113,11,0.847,NA
115,69,count-odds,tourney,FALSE,20,elitize_generation_data,114,17,0.85,NA
116,69,count-odds,tourney,FALSE,20,elitize_generation_data,115,11,0.829,NA
117,69,count-odds,tourney,FALSE,20,elitize_generation_data,116,14,0.814,NA
118,69,count-odds,tourney,FALSE,20,elitize_generation_data,117,15,0.831,NA
119,69,count-odds,tourney,FALSE,20,elitize_generation_data,118,14,0.839,NA
120,69,count-odds,tourney,FALSE,20,elitize_generation_data,119,13,0.846,NA
121,69,count-odds,tourney,FALSE,20,elitize_generation_data,120,12,0.831,NA
122,69,count-odds,tourney,FALSE,20,elitize_generation_data,121,17,0.872,NA
123,69,count-odds,tourney,FALSE,20,elitize_generation_data,122,17,0.86,NA
124,69,count-odds,tourney,FALSE,20,elitize_generation_data,123,14,0.859,NA
125,69,count-odds,tourney,FALSE,20,elitize_generation_data,124,15,0.846,NA
126,69,count-odds,tourney,FALSE,20,elitize_generation_data,125,13,0.863,NA
127,69,count-odds,tourney,FALSE,20,elitize_generation_data,126,12,0.872,NA
128,69,count-odds,tourney,FALSE,20,elitize_generation_data,127,12,0.857,NA
129,69,count-odds,tourney,FALSE,20,elitize_generation_data,128,11,0.869,NA
130,69,count-odds,tourney,FALSE,20,elitize_generation_data,129,12,0.834,NA
131,69,count-odds,tourney,FALSE,20,elitize_generation_data,130,16,0.838,NA
132,69,count-odds,tourney,FALSE,20,elitize_generation_data,131,15,0.815,NA
133,69,count-odds,tourney,FALSE,20,elitize_generation_data,132,11,0.821,NA
134,69,count-odds,tourney,FALSE,20,elitize_generation_data,133,12,0.834,NA
135,69,count-odds,tourney,FALSE,20,elitize_generation_data,134,16,0.844,NA
136,69,count-odds,tourney,FALSE,20,elitize_generation_data,135,12,0.829,NA
137,69,count-odds,tourney,FALSE,20,elitize_generation_data,136,16,0.805,NA
138,69,count-odds,tourney,FALSE,20,elitize_generation_data,137,8,0.816,NA
139,69,count-odds,tourney,FALSE,20,elitize_generation_data,138,12,0.84,NA
140,69,count-odds,tourney,FALSE,20,elitize_generation_data,139,14,0.831,NA
141,69,count-odds,tourney,FALSE,20,elitize_generation_data,140,7,0.811,NA
142,69,count-odds,tourney,FALSE,20,elitize_generation_data,141,14,0.824,NA
143,69,count-odds,tourney,FALSE,20,elitize_generation_data,142,11,0.816,NA
144,69,count-odds,tourney,FALSE,20,elitize_generation_data,143,11,0.834,NA
145,69,count-odds,tourney,FALSE,20,elitize_generation_data,144,14,0.815,NA
146,69,count-odds,tourney,FALSE,20,elitize_generation_data,145,12,0.813,NA
147,69,count-odds,tourney,FALSE,20,elitize_generation_data,146,12,0.819,NA
148,69,count-odds,tourney,FALSE,20,elitize_generation_data,147,9,0.826,NA
149,69,count-odds,tourney,FALSE,20,elitize_generation_data,148,13,0.823,NA
150,69,count-odds,tourney,FALSE,20,elitize_generation_data,149,12,0.808,NA
151,69,count-odds,tourney,FALSE,20,elitize_generation_data,150,12,0.79,NA
152,69,count-odds,tourney,FALSE,20,elitize_generation_data,151,12,0.801,NA
153,69,count-odds,tourney,FALSE,20,elitize_generation_data,152,14,0.807,NA
154,69,count-odds,tourney,FALSE,20,elitize_generation_data,153,10,0.804,NA
155,69,count-odds,tourney,FALSE,20,elitize_generation_data,154,8,0.804,NA
156,69,count-odds,tourney,FALSE,20,elitize_generation_data,155,16,0.812,NA
157,69,count-odds,tourney,FALSE,20,elitize_generation_data,156,11,0.825,NA
158,69,count-odds,tourney,FALSE,20,elitize_generation_data,157,12,0.821,NA
159,69,count-odds,tourney,FALSE,20,elitize_generation_data,158,14,0.827,NA
160,69,count-odds,tourney,FALSE,20,elitize_generation_data,159,14,0.819,NA
161,69,count-odds,tourney,FALSE,20,elitize_generation_data,160,11,0.8,NA
162,69,count-odds,tourney,FALSE,20,elitize_generation_data,161,13,0.826,NA
163,69,count-odds,tourney,FALSE,20,elitize_generation_data,162,10,0.82,NA
164,69,count-odds,tourney,FALSE,20,elitize_generation_data,163,11,0.818,NA
165,69,count-odds,tourney,FALSE,20,elitize_generation_data,164,12,0.812,NA
166,69,count-odds,tourney,FALSE,20,elitize_generation_data,165,12,0.807,NA
167,69,count-odds,tourney,FALSE,20,elitize_generation_data,166,14,0.825,NA
168,69,count-odds,tourney,FALSE,20,elitize_generation_data,167,14,0.83,NA
169,69,count-odds,tourney,FALSE,20,elitize_generation_data,168,11,0.848,NA
170,69,count-odds,tourney,FALSE,20,elitize_generation_data,169,14,0.852,NA
171,69,count-odds,tourney,FALSE,20,elitize_generation_data,170,13,0.838,NA
172,69,count-odds,tourney,FALSE,20,elitize_generation_data,171,12,0.835,NA
173,69,count-odds,tourney,FALSE,20,elitize_generation_data,172,12,0.835,NA
174,69,count-odds,tourney,FALSE,20,elitize_generation_data,173,10,0.841,NA
175,69,count-odds,tourney,FALSE,20,elitize_generation_data,174,15,0.865,NA
176,69,count-odds,tourney,FALSE,20,elitize_generation_data,175,14,0.837,NA
177,69,count-odds,tourney,FALSE,20,elitize_generation_data,176,14,0.852,NA
178,69,count-odds,tourney,FALSE,20,elitize_generation_data,177,17,0.841,NA
179,69,count-odds,tourney,FALSE,20,elitize_generation_data,178,15,0.829,NA
180,69,count-odds,tourney,FALSE,20,elitize_generation_data,179,10,0.828,NA
181,69,count-odds,tourney,FALSE,20,elitize_generation_data,180,12,0.84,NA
182,69,count-odds,tourney,FALSE,20,elitize_generation_data,181,8,0.815,NA
183,69,count-odds,tourney,FALSE,20,elitize_generation_data,182,12,0.823,NA
184,69,count-odds,tourney,FALSE,20,elitize_generation_data,183,10,0.808,NA
185,69,count-odds,tourney,FALSE,20,elitize_generation_data,184,12,0.811,NA
186,69,count-odds,tourney,FALSE,20,elitize_generation_data,185,11,0.8,NA
187,69,count-odds,tourney,FALSE,20,elitize_generation_data,186,13,0.806,NA
188,69,count-odds,tourney,FALSE,20,elitize_generation_data,187,14,0.834,NA
189,69,count-odds,tourney,FALSE,20,elitize_generation_data,188,10,0.825,NA
190,69,count-odds,tourney,FALSE,20,elitize_generation_data,189,15,0.809,NA
191,69,count-odds,tourney,FALSE,20,elitize_generation_data,190,13,0.822,NA
192,69,count-odds,tourney,FALSE,20,elitize_generation_data,191,10,0.808,NA
193,69,count-odds,tourney,FALSE,20,elitize_generation_data,192,8,0.794,NA
194,69,count-odds,tourney,FALSE,20,elitize_generation_data,193,10,0.827,NA
195,69,count-odds,tourney,FALSE,20,elitize_generation_data,194,16,0.814,NA
196,69,count-odds,tourney,FALSE,20,elitize_generation_data,195,10,0.799,NA
197,69,count-odds,tourney,FALSE,20,elitize_generation_data,196,11,0.834,NA
198,69,count-odds,tourney,FALSE,20,elitize_generation_data,197,12,0.827,NA
199,69,count-odds,tourney,FALSE,20,elitize_generation_data,198,14,0.845,NA
200,69,count-odds,tourney,FALSE,20,elitize_generation_data,199,15,0.835,NA
201,69,count-odds,tourney,FALSE,20,elitize_generation_data,200,16,0.841,NA
202,69,count-odds,tourney,FALSE,20,elitize_generation_data,201,14,0.835,NA
203,69,count-odds,tourney,FALSE,20,elitize_generation_data,202,13,0.842,NA
204,69,count-odds,tourney,FALSE,20,elitize_generation_data,203,10,0.837,NA
205,69,count-odds,tourney,FALSE,20,elitize_generation_data,204,15,0.844,NA
206,69,count-odds,tourney,FALSE,20,elitize_generation_data,205,15,0.834,NA
207,69,count-odds,tourney,FALSE,20,elitize_generation_data,206,14,0.84,NA
208,69,count-odds,tourney,FALSE,20,elitize_generation_data,207,10,0.846,NA
209,69,count-odds,tourney,FALSE,20,elitize_generation_data,208,12,0.849,NA
210,69,count-odds,tourney,FALSE,20,elitize_generation_data,209,14,0.838,NA
211,69,count-odds,tourney,FALSE,20,elitize_generation_data,210,15,0.866,NA
212,69,count-odds,tourney,FALSE,20,elitize_generation_data,211,15,0.836,NA
213,69,count-odds,tourney,FALSE,20,elitize_generation_data,212,14,0.835,NA
214,69,count-odds,tourney,FALSE,20,elitize_generation_data,213,13,0.842,NA
215,69,count-odds,tourney,FALSE,20,elitize_generation_data,214,14,0.812,NA
216,69,count-odds,tourney,FALSE,20,elitize_generation_data,215,11,0.858,NA
217,69,count-odds,tourney,FALSE,20,elitize_generation_data,216,14,0.837,NA
218,69,count-odds,tourney,FALSE,20,elitize_generation_data,217,15,0.814,NA
219,69,count-odds,tourney,FALSE,20,elitize_generation_data,218,13,0.821,NA
220,69,count-odds,tourney,FALSE,20,elitize_generation_data,219,12,0.824,NA
221,69,count-odds,tourney,FALSE,20,elitize_generation_data,220,13,0.829,NA
222,69,count-odds,tourney,FALSE,20,elitize_generation_data,221,16,0.827,NA
223,69,count-odds,tourney,FALSE,20,elitize_generation_data,222,16,0.856,NA
224,69,count-odds,tourney,FALSE,20,elitize_generation_data,223,19,0.839,NA
225,69,count-odds,tourney,FALSE,20,elitize_generation_data,224,18,0.838,NA
226,69,count-odds,tourney,FALSE,20,elitize_generation_data,225,10,0.841,NA
227,69,count-odds,tourney,FALSE,20,elitize_generation_data,226,17,0.832,NA
228,69,count-odds,tourney,FALSE,20,elitize_generation_data,227,19,0.833,NA
229,69,count-odds,tourney,FALSE,20,elitize_generation_data,228,19,0.842,NA
230,69,count-odds,tourney,FALSE,20,elitize_generation_data,229,15,0.842,NA
231,69,count-odds,tourney,FALSE,20,elitize_generation_data,230,14,0.809,NA
232,69,count-odds,tourney,FALSE,20,elitize_generation_data,231,17,0.822,NA
233,69,count-odds,tourney,FALSE,20,elitize_generation_data,232,14,0.807,NA
234,69,count-odds,tourney,FALSE,20,elitize_generation_data,233,16,0.825,NA
235,69,count-odds,tourney,FALSE,20,elitize_generation_data,234,17,0.826,NA
236,69,count-odds,tourney,FALSE,20,elitize_generation_data,235,14,0.815,NA
237,69,count-odds,tourney,FALSE,20,elitize_generation_data,236,21,0.825,NA
238,69,count-odds,tourney,FALSE,20,elitize_generation_data,237,17,0.868,NA
239,69,count-odds,tourney,FALSE,20,elitize_generation_data,238,16,0.855,NA
240,69,count-odds,tourney,FALSE,20,elitize_generation_data,239,13,0.828,NA
241,69,count-odds,tourney,FALSE,20,elitize_generation_data,240,13,0.828,NA
242,69,count-odds,tourney,FALSE,20,elitize_generation_data,241,17,0.842,NA
243,69,count-odds,tourney,FALSE,20,elitize_generation_data,242,14,0.826,NA
244,69,count-odds,tourney,FALSE,20,elitize_generation_data,243,18,0.84,NA
245,69,count-odds,tourney,FALSE,20,elitize_generation_data,244,17,0.86,NA
246,69,count-odds,tourney,FALSE,20,elitize_generation_data,245,14,0.848,NA
247,69,count-odds,tourney,FALSE,20,elitize_generation_data,246,16,0.834,NA
248,69,count-odds,tourney,FALSE,20,elitize_generation_data,247,15,0.854,NA
249,69,count-odds,tourney,FALSE,20,elitize_generation_data,248,16,0.855,NA
250,69,count-odds,tourney,FALSE,20,elitize_generation_data,249,16,0.832,NA
251,69,count-odds,tourney,FALSE,20,elitize_generation_data,250,13,0.855,NA
252,69,count-odds,tourney,FALSE,20,elitize_generation_data,251,17,0.825,NA
253,69,count-odds,tourney,FALSE,20,elitize_generation_data,252,16,0.831,NA
254,69,count-odds,tourney,FALSE,20,elitize_generation_data,253,19,0.811,NA
255,69,count-odds,tourney,FALSE,20,elitize_generation_data,254,16,0.832,NA
256,69,count-odds,tourney,FALSE,20,elitize_generation_data,255,17,0.828,NA
257,69,count-odds,tourney,FALSE,20,elitize_generation_data,256,16,0.831,NA
258,69,count-odds,tourney,FALSE,20,elitize_generation_data,257,15,0.807,NA
259,69,count-odds,tourney,FALSE,20,elitize_generation_data,258,19,0.801,NA
260,69,count-odds,tourney,FALSE,20,elitize_generation_data,259,15,0.812,NA
261,69,count-odds,tourney,FALSE,20,elitize_generation_data,260,17,0.805,NA
262,69,count-odds,tourney,FALSE,20,elitize_generation_data,261,16,0.819,NA
263,69,count-odds,tourney,FALSE,20,elitize_generation_data,262,16,0.8,NA
264,69,count-odds,tourney,FALSE,20,elitize_generation_data,263,18,0.826,NA
265,69,count-odds,tourney,FALSE,20,elitize_generation_data,264,20,0.812,NA
266,69,count-odds,tourney,FALSE,20,elitize_generation_data,265,18,0.83,NA
267,69,count-odds,tourney,FALSE,20,elitize_generation_data,266,16,0.822,NA
268,69,count-odds,tourney,FALSE,20,elitize_generation_data,267,16,0.843,NA
269,69,count-odds,tourney,FALSE,20,elitize_generation_data,268,14,0.832,NA
270,69,count-odds,tourney,FALSE,20,elitize_generation_data,269,21,0.846,NA
271,69,count-odds,tourney,FALSE,20,elitize_generation_data,270,10,0.854,NA
272,69,count-odds,tourney,FALSE,20,elitize_generation_data,271,21,0.851,NA
273,69,count-odds,tourney,FALSE,20,elitize_generation_data,272,18,0.842,NA
274,69,count-odds,tourney,FALSE,20,elitize_generation_data,273,17,0.86,NA
275,69,count-odds,tourney,FALSE,20,elitize_generation_data,274,17,0.839,NA
276,69,count-odds,tourney,FALSE,20,elitize_generation_data,275,15,0.849,NA
277,69,count-odds,tourney,FALSE,20,elitize_generation_data,276,18,0.829,NA
278,69,count-odds,tourney,FALSE,20,elitize_generation_data,277,16,0.842,NA
279,69,count-odds,tourney,FALSE,20,elitize_generation_data,278,18,0.834,NA
280,69,count-odds,tourney,FALSE,20,elitize_generation_data,279,20,0.848,NA
281,69,count-odds,tourney,FALSE,20,elitize_generation_data,280,18,0.841,NA
282,69,count-odds,tourney,FALSE,20,elitize_generation_data,281,16,0.834,NA
283,69,count-odds,tourney,FALSE,20,elitize_generation_data,282,22,0.836,NA
284,69,count-odds,tourney,FALSE,20,elitize_generation_data,283,12,0.836,NA
285,69,count-odds,tourney,FALSE,20,elitize_generation_data,284,18,0.871,NA
286,69,count-odds,tourney,FALSE,20,elitize_generation_data,285,18,0.841,NA
287,69,count-odds,tourney,FALSE,20,elitize_generation_data,286,18,0.867,NA
288,69,count-odds,tourney,FALSE,20,elitize_generation_data,287,16,0.88,NA
289,69,count-odds,tourney,FALSE,20,elitize_generation_data,288,12,0.875,NA
290,69,count-odds,tourney,FALSE,20,elitize_generation_data,289,18,0.863,NA
291,69,count-odds,tourney,FALSE,20,elitize_generation_data,290,19,0.866,NA
292,69,count-odds,tourney,FALSE,20,elitize_generation_data,291,16,0.854,NA
293,69,count-odds,tourney,FALSE,20,elitize_generation_data,292,19,0.839,NA
294,69,count-odds,tourney,FALSE,20,elitize_generation_data,293,18,0.837,NA
295,69,count-odds,tourney,FALSE,20,elitize_generation_data,294,18,0.843,NA
296,69,count-odds,tourney,FALSE,20,elitize_generation_data,295,16,0.85,NA
297,69,count-odds,tourney,FALSE,20,elitize_generation_data,296,22,0.842,NA
298,69,count-odds,tourney,FALSE,20,elitize_generation_data,297,18,0.846,NA
299,69,count-odds,tourney,FALSE,20,elitize_generation_data,298,16,0.841,NA
300,69,count-odds,tourney,FALSE,20,elitize_generation_data,299,14,0.823,NA
301,69,count-odds,tourney,FALSE,20,elitize_generation_data,300,17,0.847,NA
