,run.num,problem,treatment,succeeded,height,normalization.function,generation,cluster.count,error.diversity,success.generation
1,4,count-odds,tourney,FALSE,20,elitize_generation_data,0,5,0.191,NA
2,4,count-odds,tourney,FALSE,20,elitize_generation_data,1,5,0.11,NA
3,4,count-odds,tourney,FALSE,20,elitize_generation_data,2,8,0.063,NA
4,4,count-odds,tourney,FALSE,20,elitize_generation_data,3,8,0.088,NA
5,4,count-odds,tourney,FALSE,20,elitize_generation_data,4,5,0.114,NA
6,4,count-odds,tourney,FALSE,20,elitize_generation_data,5,6,0.247,NA
7,4,count-odds,tourney,FALSE,20,elitize_generation_data,6,8,0.398,NA
8,4,count-odds,tourney,FALSE,20,elitize_generation_data,7,10,0.45,NA
9,4,count-odds,tourney,FALSE,20,elitize_generation_data,8,11,0.471,NA
10,4,count-odds,tourney,FALSE,20,elitize_generation_data,9,14,0.461,NA
11,4,count-odds,tourney,FALSE,20,elitize_generation_data,10,11,0.45,NA
12,4,count-odds,tourney,FALSE,20,elitize_generation_data,11,13,0.505,NA
13,4,count-odds,tourney,FALSE,20,elitize_generation_data,12,18,0.471,NA
14,4,count-odds,tourney,FALSE,20,elitize_generation_data,13,10,0.383,NA
15,4,count-odds,tourney,FALSE,20,elitize_generation_data,14,11,0.426,NA
16,4,count-odds,tourney,FALSE,20,elitize_generation_data,15,10,0.45,NA
17,4,count-odds,tourney,FALSE,20,elitize_generation_data,16,11,0.435,NA
18,4,count-odds,tourney,FALSE,20,elitize_generation_data,17,10,0.433,NA
19,4,count-odds,tourney,FALSE,20,elitize_generation_data,18,12,0.421,NA
20,4,count-odds,tourney,FALSE,20,elitize_generation_data,19,8,0.478,NA
21,4,count-odds,tourney,FALSE,20,elitize_generation_data,20,10,0.5,NA
22,4,count-odds,tourney,FALSE,20,elitize_generation_data,21,12,0.457,NA
23,4,count-odds,tourney,FALSE,20,elitize_generation_data,22,10,0.454,NA
24,4,count-odds,tourney,FALSE,20,elitize_generation_data,23,12,0.433,NA
25,4,count-odds,tourney,FALSE,20,elitize_generation_data,24,9,0.418,NA
26,4,count-odds,tourney,FALSE,20,elitize_generation_data,25,9,0.412,NA
27,4,count-odds,tourney,FALSE,20,elitize_generation_data,26,11,0.398,NA
28,4,count-odds,tourney,FALSE,20,elitize_generation_data,27,10,0.391,NA
29,4,count-odds,tourney,FALSE,20,elitize_generation_data,28,10,0.437,NA
30,4,count-odds,tourney,FALSE,20,elitize_generation_data,29,9,0.422,NA
31,4,count-odds,tourney,FALSE,20,elitize_generation_data,30,15,0.428,NA
32,4,count-odds,tourney,FALSE,20,elitize_generation_data,31,11,0.408,NA
33,4,count-odds,tourney,FALSE,20,elitize_generation_data,32,8,0.386,NA
34,4,count-odds,tourney,FALSE,20,elitize_generation_data,33,12,0.38,NA
35,4,count-odds,tourney,FALSE,20,elitize_generation_data,34,8,0.375,NA
36,4,count-odds,tourney,FALSE,20,elitize_generation_data,35,8,0.362,NA
37,4,count-odds,tourney,FALSE,20,elitize_generation_data,36,10,0.373,NA
38,4,count-odds,tourney,FALSE,20,elitize_generation_data,37,5,0.354,NA
39,4,count-odds,tourney,FALSE,20,elitize_generation_data,38,8,0.351,NA
40,4,count-odds,tourney,FALSE,20,elitize_generation_data,39,7,0.397,NA
41,4,count-odds,tourney,FALSE,20,elitize_generation_data,40,7,0.4,NA
42,4,count-odds,tourney,FALSE,20,elitize_generation_data,41,11,0.414,NA
43,4,count-odds,tourney,FALSE,20,elitize_generation_data,42,11,0.42,NA
44,4,count-odds,tourney,FALSE,20,elitize_generation_data,43,6,0.412,NA
45,4,count-odds,tourney,FALSE,20,elitize_generation_data,44,11,0.438,NA
46,4,count-odds,tourney,FALSE,20,elitize_generation_data,45,9,0.452,NA
47,4,count-odds,tourney,FALSE,20,elitize_generation_data,46,9,0.444,NA
48,4,count-odds,tourney,FALSE,20,elitize_generation_data,47,14,0.419,NA
49,4,count-odds,tourney,FALSE,20,elitize_generation_data,48,11,0.438,NA
50,4,count-odds,tourney,FALSE,20,elitize_generation_data,49,6,0.389,NA
51,4,count-odds,tourney,FALSE,20,elitize_generation_data,50,9,0.37,NA
52,4,count-odds,tourney,FALSE,20,elitize_generation_data,51,6,0.352,NA
53,4,count-odds,tourney,FALSE,20,elitize_generation_data,52,8,0.348,NA
54,4,count-odds,tourney,FALSE,20,elitize_generation_data,53,10,0.347,NA
55,4,count-odds,tourney,FALSE,20,elitize_generation_data,54,7,0.367,NA
56,4,count-odds,tourney,FALSE,20,elitize_generation_data,55,8,0.342,NA
57,4,count-odds,tourney,FALSE,20,elitize_generation_data,56,8,0.389,NA
58,4,count-odds,tourney,FALSE,20,elitize_generation_data,57,7,0.37,NA
59,4,count-odds,tourney,FALSE,20,elitize_generation_data,58,9,0.387,NA
60,4,count-odds,tourney,FALSE,20,elitize_generation_data,59,7,0.367,NA
61,4,count-odds,tourney,FALSE,20,elitize_generation_data,60,8,0.388,NA
62,4,count-odds,tourney,FALSE,20,elitize_generation_data,61,9,0.386,NA
63,4,count-odds,tourney,FALSE,20,elitize_generation_data,62,6,0.361,NA
64,4,count-odds,tourney,FALSE,20,elitize_generation_data,63,5,0.332,NA
65,4,count-odds,tourney,FALSE,20,elitize_generation_data,64,8,0.322,NA
66,4,count-odds,tourney,FALSE,20,elitize_generation_data,65,7,0.325,NA
67,4,count-odds,tourney,FALSE,20,elitize_generation_data,66,8,0.333,NA
68,4,count-odds,tourney,FALSE,20,elitize_generation_data,67,7,0.313,NA
69,4,count-odds,tourney,FALSE,20,elitize_generation_data,68,6,0.316,NA
70,4,count-odds,tourney,FALSE,20,elitize_generation_data,69,6,0.34,NA
71,4,count-odds,tourney,FALSE,20,elitize_generation_data,70,8,0.337,NA
72,4,count-odds,tourney,FALSE,20,elitize_generation_data,71,9,0.349,NA
73,4,count-odds,tourney,FALSE,20,elitize_generation_data,72,7,0.341,NA
74,4,count-odds,tourney,FALSE,20,elitize_generation_data,73,6,0.35,NA
75,4,count-odds,tourney,FALSE,20,elitize_generation_data,74,8,0.332,NA
76,4,count-odds,tourney,FALSE,20,elitize_generation_data,75,9,0.337,NA
77,4,count-odds,tourney,FALSE,20,elitize_generation_data,76,6,0.348,NA
78,4,count-odds,tourney,FALSE,20,elitize_generation_data,77,7,0.351,NA
79,4,count-odds,tourney,FALSE,20,elitize_generation_data,78,6,0.341,NA
80,4,count-odds,tourney,FALSE,20,elitize_generation_data,79,9,0.344,NA
81,4,count-odds,tourney,FALSE,20,elitize_generation_data,80,7,0.339,NA
82,4,count-odds,tourney,FALSE,20,elitize_generation_data,81,9,0.324,NA
83,4,count-odds,tourney,FALSE,20,elitize_generation_data,82,8,0.335,NA
84,4,count-odds,tourney,FALSE,20,elitize_generation_data,83,7,0.355,NA
85,4,count-odds,tourney,FALSE,20,elitize_generation_data,84,6,0.378,NA
86,4,count-odds,tourney,FALSE,20,elitize_generation_data,85,5,0.368,NA
87,4,count-odds,tourney,FALSE,20,elitize_generation_data,86,6,0.363,NA
88,4,count-odds,tourney,FALSE,20,elitize_generation_data,87,8,0.356,NA
89,4,count-odds,tourney,FALSE,20,elitize_generation_data,88,6,0.346,NA
90,4,count-odds,tourney,FALSE,20,elitize_generation_data,89,6,0.346,NA
91,4,count-odds,tourney,FALSE,20,elitize_generation_data,90,7,0.344,NA
92,4,count-odds,tourney,FALSE,20,elitize_generation_data,91,7,0.337,NA
93,4,count-odds,tourney,FALSE,20,elitize_generation_data,92,7,0.366,NA
94,4,count-odds,tourney,FALSE,20,elitize_generation_data,93,5,0.327,NA
95,4,count-odds,tourney,FALSE,20,elitize_generation_data,94,7,0.356,NA
96,4,count-odds,tourney,FALSE,20,elitize_generation_data,95,6,0.326,NA
97,4,count-odds,tourney,FALSE,20,elitize_generation_data,96,6,0.358,NA
98,4,count-odds,tourney,FALSE,20,elitize_generation_data,97,6,0.344,NA
99,4,count-odds,tourney,FALSE,20,elitize_generation_data,98,8,0.367,NA
100,4,count-odds,tourney,FALSE,20,elitize_generation_data,99,6,0.36,NA
101,4,count-odds,tourney,FALSE,20,elitize_generation_data,100,7,0.342,NA
102,4,count-odds,tourney,FALSE,20,elitize_generation_data,101,9,0.35,NA
103,4,count-odds,tourney,FALSE,20,elitize_generation_data,102,6,0.33,NA
104,4,count-odds,tourney,FALSE,20,elitize_generation_data,103,7,0.358,NA
105,4,count-odds,tourney,FALSE,20,elitize_generation_data,104,7,0.369,NA
106,4,count-odds,tourney,FALSE,20,elitize_generation_data,105,7,0.355,NA
107,4,count-odds,tourney,FALSE,20,elitize_generation_data,106,7,0.334,NA
108,4,count-odds,tourney,FALSE,20,elitize_generation_data,107,7,0.329,NA
109,4,count-odds,tourney,FALSE,20,elitize_generation_data,108,6,0.336,NA
110,4,count-odds,tourney,FALSE,20,elitize_generation_data,109,6,0.346,NA
111,4,count-odds,tourney,FALSE,20,elitize_generation_data,110,7,0.36,NA
112,4,count-odds,tourney,FALSE,20,elitize_generation_data,111,8,0.352,NA
113,4,count-odds,tourney,FALSE,20,elitize_generation_data,112,8,0.354,NA
114,4,count-odds,tourney,FALSE,20,elitize_generation_data,113,6,0.355,NA
115,4,count-odds,tourney,FALSE,20,elitize_generation_data,114,6,0.338,NA
116,4,count-odds,tourney,FALSE,20,elitize_generation_data,115,6,0.35,NA
117,4,count-odds,tourney,FALSE,20,elitize_generation_data,116,7,0.35,NA
118,4,count-odds,tourney,FALSE,20,elitize_generation_data,117,7,0.358,NA
119,4,count-odds,tourney,FALSE,20,elitize_generation_data,118,6,0.355,NA
120,4,count-odds,tourney,FALSE,20,elitize_generation_data,119,8,0.341,NA
121,4,count-odds,tourney,FALSE,20,elitize_generation_data,120,7,0.334,NA
122,4,count-odds,tourney,FALSE,20,elitize_generation_data,121,5,0.347,NA
123,4,count-odds,tourney,FALSE,20,elitize_generation_data,122,8,0.344,NA
124,4,count-odds,tourney,FALSE,20,elitize_generation_data,123,8,0.345,NA
125,4,count-odds,tourney,FALSE,20,elitize_generation_data,124,6,0.339,NA
126,4,count-odds,tourney,FALSE,20,elitize_generation_data,125,9,0.331,NA
127,4,count-odds,tourney,FALSE,20,elitize_generation_data,126,7,0.373,NA
128,4,count-odds,tourney,FALSE,20,elitize_generation_data,127,5,0.345,NA
129,4,count-odds,tourney,FALSE,20,elitize_generation_data,128,8,0.349,NA
130,4,count-odds,tourney,FALSE,20,elitize_generation_data,129,8,0.328,NA
131,4,count-odds,tourney,FALSE,20,elitize_generation_data,130,6,0.345,NA
132,4,count-odds,tourney,FALSE,20,elitize_generation_data,131,8,0.352,NA
133,4,count-odds,tourney,FALSE,20,elitize_generation_data,132,7,0.365,NA
134,4,count-odds,tourney,FALSE,20,elitize_generation_data,133,5,0.34,NA
135,4,count-odds,tourney,FALSE,20,elitize_generation_data,134,8,0.337,NA
136,4,count-odds,tourney,FALSE,20,elitize_generation_data,135,7,0.349,NA
137,4,count-odds,tourney,FALSE,20,elitize_generation_data,136,9,0.334,NA
138,4,count-odds,tourney,FALSE,20,elitize_generation_data,137,6,0.33,NA
139,4,count-odds,tourney,FALSE,20,elitize_generation_data,138,6,0.324,NA
140,4,count-odds,tourney,FALSE,20,elitize_generation_data,139,7,0.321,NA
141,4,count-odds,tourney,FALSE,20,elitize_generation_data,140,6,0.347,NA
142,4,count-odds,tourney,FALSE,20,elitize_generation_data,141,5,0.344,NA
143,4,count-odds,tourney,FALSE,20,elitize_generation_data,142,7,0.351,NA
144,4,count-odds,tourney,FALSE,20,elitize_generation_data,143,8,0.351,NA
145,4,count-odds,tourney,FALSE,20,elitize_generation_data,144,8,0.338,NA
146,4,count-odds,tourney,FALSE,20,elitize_generation_data,145,6,0.358,NA
147,4,count-odds,tourney,FALSE,20,elitize_generation_data,146,9,0.328,NA
148,4,count-odds,tourney,FALSE,20,elitize_generation_data,147,8,0.352,NA
149,4,count-odds,tourney,FALSE,20,elitize_generation_data,148,8,0.366,NA
150,4,count-odds,tourney,FALSE,20,elitize_generation_data,149,7,0.35,NA
151,4,count-odds,tourney,FALSE,20,elitize_generation_data,150,6,0.354,NA
152,4,count-odds,tourney,FALSE,20,elitize_generation_data,151,7,0.362,NA
153,4,count-odds,tourney,FALSE,20,elitize_generation_data,152,7,0.321,NA
154,4,count-odds,tourney,FALSE,20,elitize_generation_data,153,6,0.362,NA
155,4,count-odds,tourney,FALSE,20,elitize_generation_data,154,8,0.337,NA
156,4,count-odds,tourney,FALSE,20,elitize_generation_data,155,6,0.344,NA
157,4,count-odds,tourney,FALSE,20,elitize_generation_data,156,6,0.34,NA
158,4,count-odds,tourney,FALSE,20,elitize_generation_data,157,7,0.351,NA
159,4,count-odds,tourney,FALSE,20,elitize_generation_data,158,6,0.357,NA
160,4,count-odds,tourney,FALSE,20,elitize_generation_data,159,9,0.346,NA
161,4,count-odds,tourney,FALSE,20,elitize_generation_data,160,6,0.318,NA
162,4,count-odds,tourney,FALSE,20,elitize_generation_data,161,9,0.362,NA
163,4,count-odds,tourney,FALSE,20,elitize_generation_data,162,9,0.338,NA
164,4,count-odds,tourney,FALSE,20,elitize_generation_data,163,7,0.359,NA
165,4,count-odds,tourney,FALSE,20,elitize_generation_data,164,6,0.336,NA
166,4,count-odds,tourney,FALSE,20,elitize_generation_data,165,6,0.353,NA
167,4,count-odds,tourney,FALSE,20,elitize_generation_data,166,5,0.351,NA
168,4,count-odds,tourney,FALSE,20,elitize_generation_data,167,10,0.351,NA
169,4,count-odds,tourney,FALSE,20,elitize_generation_data,168,6,0.32,NA
170,4,count-odds,tourney,FALSE,20,elitize_generation_data,169,5,0.316,NA
171,4,count-odds,tourney,FALSE,20,elitize_generation_data,170,7,0.357,NA
172,4,count-odds,tourney,FALSE,20,elitize_generation_data,171,7,0.35,NA
173,4,count-odds,tourney,FALSE,20,elitize_generation_data,172,6,0.359,NA
174,4,count-odds,tourney,FALSE,20,elitize_generation_data,173,6,0.35,NA
175,4,count-odds,tourney,FALSE,20,elitize_generation_data,174,5,0.34,NA
176,4,count-odds,tourney,FALSE,20,elitize_generation_data,175,8,0.348,NA
177,4,count-odds,tourney,FALSE,20,elitize_generation_data,176,7,0.346,NA
178,4,count-odds,tourney,FALSE,20,elitize_generation_data,177,9,0.364,NA
179,4,count-odds,tourney,FALSE,20,elitize_generation_data,178,8,0.35,NA
180,4,count-odds,tourney,FALSE,20,elitize_generation_data,179,7,0.346,NA
181,4,count-odds,tourney,FALSE,20,elitize_generation_data,180,7,0.353,NA
182,4,count-odds,tourney,FALSE,20,elitize_generation_data,181,8,0.387,NA
183,4,count-odds,tourney,FALSE,20,elitize_generation_data,182,7,0.366,NA
184,4,count-odds,tourney,FALSE,20,elitize_generation_data,183,8,0.329,NA
185,4,count-odds,tourney,FALSE,20,elitize_generation_data,184,7,0.341,NA
186,4,count-odds,tourney,FALSE,20,elitize_generation_data,185,7,0.36,NA
187,4,count-odds,tourney,FALSE,20,elitize_generation_data,186,7,0.372,NA
188,4,count-odds,tourney,FALSE,20,elitize_generation_data,187,9,0.379,NA
189,4,count-odds,tourney,FALSE,20,elitize_generation_data,188,7,0.35,NA
190,4,count-odds,tourney,FALSE,20,elitize_generation_data,189,6,0.349,NA
191,4,count-odds,tourney,FALSE,20,elitize_generation_data,190,6,0.37,NA
192,4,count-odds,tourney,FALSE,20,elitize_generation_data,191,6,0.369,NA
193,4,count-odds,tourney,FALSE,20,elitize_generation_data,192,6,0.365,NA
194,4,count-odds,tourney,FALSE,20,elitize_generation_data,193,6,0.363,NA
195,4,count-odds,tourney,FALSE,20,elitize_generation_data,194,5,0.352,NA
196,4,count-odds,tourney,FALSE,20,elitize_generation_data,195,4,0.35,NA
197,4,count-odds,tourney,FALSE,20,elitize_generation_data,196,4,0.367,NA
198,4,count-odds,tourney,FALSE,20,elitize_generation_data,197,7,0.379,NA
199,4,count-odds,tourney,FALSE,20,elitize_generation_data,198,6,0.396,NA
200,4,count-odds,tourney,FALSE,20,elitize_generation_data,199,5,0.342,NA
201,4,count-odds,tourney,FALSE,20,elitize_generation_data,200,5,0.362,NA
202,4,count-odds,tourney,FALSE,20,elitize_generation_data,201,8,0.367,NA
203,4,count-odds,tourney,FALSE,20,elitize_generation_data,202,8,0.366,NA
204,4,count-odds,tourney,FALSE,20,elitize_generation_data,203,7,0.329,NA
205,4,count-odds,tourney,FALSE,20,elitize_generation_data,204,5,0.382,NA
206,4,count-odds,tourney,FALSE,20,elitize_generation_data,205,5,0.347,NA
207,4,count-odds,tourney,FALSE,20,elitize_generation_data,206,4,0.333,NA
208,4,count-odds,tourney,FALSE,20,elitize_generation_data,207,6,0.338,NA
209,4,count-odds,tourney,FALSE,20,elitize_generation_data,208,6,0.376,NA
210,4,count-odds,tourney,FALSE,20,elitize_generation_data,209,5,0.349,NA
211,4,count-odds,tourney,FALSE,20,elitize_generation_data,210,5,0.375,NA
212,4,count-odds,tourney,FALSE,20,elitize_generation_data,211,4,0.339,NA
213,4,count-odds,tourney,FALSE,20,elitize_generation_data,212,7,0.363,NA
214,4,count-odds,tourney,FALSE,20,elitize_generation_data,213,6,0.366,NA
215,4,count-odds,tourney,FALSE,20,elitize_generation_data,214,5,0.334,NA
216,4,count-odds,tourney,FALSE,20,elitize_generation_data,215,5,0.36,NA
217,4,count-odds,tourney,FALSE,20,elitize_generation_data,216,6,0.32,NA
218,4,count-odds,tourney,FALSE,20,elitize_generation_data,217,4,0.356,NA
219,4,count-odds,tourney,FALSE,20,elitize_generation_data,218,7,0.356,NA
220,4,count-odds,tourney,FALSE,20,elitize_generation_data,219,5,0.356,NA
221,4,count-odds,tourney,FALSE,20,elitize_generation_data,220,6,0.365,NA
222,4,count-odds,tourney,FALSE,20,elitize_generation_data,221,4,0.364,NA
223,4,count-odds,tourney,FALSE,20,elitize_generation_data,222,6,0.364,NA
224,4,count-odds,tourney,FALSE,20,elitize_generation_data,223,5,0.382,NA
225,4,count-odds,tourney,FALSE,20,elitize_generation_data,224,5,0.352,NA
226,4,count-odds,tourney,FALSE,20,elitize_generation_data,225,7,0.343,NA
227,4,count-odds,tourney,FALSE,20,elitize_generation_data,226,6,0.35,NA
228,4,count-odds,tourney,FALSE,20,elitize_generation_data,227,7,0.341,NA
229,4,count-odds,tourney,FALSE,20,elitize_generation_data,228,4,0.357,NA
230,4,count-odds,tourney,FALSE,20,elitize_generation_data,229,6,0.357,NA
231,4,count-odds,tourney,FALSE,20,elitize_generation_data,230,5,0.389,NA
232,4,count-odds,tourney,FALSE,20,elitize_generation_data,231,6,0.376,NA
233,4,count-odds,tourney,FALSE,20,elitize_generation_data,232,6,0.371,NA
234,4,count-odds,tourney,FALSE,20,elitize_generation_data,233,4,0.39,NA
235,4,count-odds,tourney,FALSE,20,elitize_generation_data,234,5,0.366,NA
236,4,count-odds,tourney,FALSE,20,elitize_generation_data,235,5,0.381,NA
237,4,count-odds,tourney,FALSE,20,elitize_generation_data,236,4,0.396,NA
238,4,count-odds,tourney,FALSE,20,elitize_generation_data,237,6,0.378,NA
239,4,count-odds,tourney,FALSE,20,elitize_generation_data,238,5,0.362,NA
240,4,count-odds,tourney,FALSE,20,elitize_generation_data,239,8,0.402,NA
241,4,count-odds,tourney,FALSE,20,elitize_generation_data,240,6,0.379,NA
242,4,count-odds,tourney,FALSE,20,elitize_generation_data,241,7,0.349,NA
243,4,count-odds,tourney,FALSE,20,elitize_generation_data,242,6,0.337,NA
244,4,count-odds,tourney,FALSE,20,elitize_generation_data,243,9,0.365,NA
245,4,count-odds,tourney,FALSE,20,elitize_generation_data,244,5,0.344,NA
246,4,count-odds,tourney,FALSE,20,elitize_generation_data,245,9,0.33,NA
247,4,count-odds,tourney,FALSE,20,elitize_generation_data,246,8,0.324,NA
248,4,count-odds,tourney,FALSE,20,elitize_generation_data,247,8,0.357,NA
249,4,count-odds,tourney,FALSE,20,elitize_generation_data,248,10,0.352,NA
250,4,count-odds,tourney,FALSE,20,elitize_generation_data,249,6,0.365,NA
251,4,count-odds,tourney,FALSE,20,elitize_generation_data,250,7,0.345,NA
252,4,count-odds,tourney,FALSE,20,elitize_generation_data,251,7,0.358,NA
253,4,count-odds,tourney,FALSE,20,elitize_generation_data,252,7,0.349,NA
254,4,count-odds,tourney,FALSE,20,elitize_generation_data,253,9,0.362,NA
255,4,count-odds,tourney,FALSE,20,elitize_generation_data,254,8,0.376,NA
256,4,count-odds,tourney,FALSE,20,elitize_generation_data,255,6,0.362,NA
257,4,count-odds,tourney,FALSE,20,elitize_generation_data,256,11,0.328,NA
258,4,count-odds,tourney,FALSE,20,elitize_generation_data,257,7,0.368,NA
259,4,count-odds,tourney,FALSE,20,elitize_generation_data,258,9,0.36,NA
260,4,count-odds,tourney,FALSE,20,elitize_generation_data,259,8,0.37,NA
261,4,count-odds,tourney,FALSE,20,elitize_generation_data,260,9,0.362,NA
262,4,count-odds,tourney,FALSE,20,elitize_generation_data,261,9,0.37,NA
263,4,count-odds,tourney,FALSE,20,elitize_generation_data,262,9,0.342,NA
264,4,count-odds,tourney,FALSE,20,elitize_generation_data,263,7,0.345,NA
265,4,count-odds,tourney,FALSE,20,elitize_generation_data,264,8,0.37,NA
266,4,count-odds,tourney,FALSE,20,elitize_generation_data,265,9,0.346,NA
267,4,count-odds,tourney,FALSE,20,elitize_generation_data,266,5,0.376,NA
268,4,count-odds,tourney,FALSE,20,elitize_generation_data,267,11,0.362,NA
269,4,count-odds,tourney,FALSE,20,elitize_generation_data,268,8,0.349,NA
270,4,count-odds,tourney,FALSE,20,elitize_generation_data,269,9,0.372,NA
271,4,count-odds,tourney,FALSE,20,elitize_generation_data,270,9,0.374,NA
272,4,count-odds,tourney,FALSE,20,elitize_generation_data,271,8,0.388,NA
273,4,count-odds,tourney,FALSE,20,elitize_generation_data,272,9,0.373,NA
274,4,count-odds,tourney,FALSE,20,elitize_generation_data,273,9,0.383,NA
275,4,count-odds,tourney,FALSE,20,elitize_generation_data,274,6,0.358,NA
276,4,count-odds,tourney,FALSE,20,elitize_generation_data,275,7,0.364,NA
277,4,count-odds,tourney,FALSE,20,elitize_generation_data,276,7,0.378,NA
278,4,count-odds,tourney,FALSE,20,elitize_generation_data,277,6,0.379,NA
279,4,count-odds,tourney,FALSE,20,elitize_generation_data,278,10,0.375,NA
280,4,count-odds,tourney,FALSE,20,elitize_generation_data,279,10,0.37,NA
281,4,count-odds,tourney,FALSE,20,elitize_generation_data,280,5,0.364,NA
282,4,count-odds,tourney,FALSE,20,elitize_generation_data,281,9,0.386,NA
283,4,count-odds,tourney,FALSE,20,elitize_generation_data,282,11,0.374,NA
284,4,count-odds,tourney,FALSE,20,elitize_generation_data,283,7,0.402,NA
285,4,count-odds,tourney,FALSE,20,elitize_generation_data,284,7,0.375,NA
286,4,count-odds,tourney,FALSE,20,elitize_generation_data,285,9,0.394,NA
287,4,count-odds,tourney,FALSE,20,elitize_generation_data,286,8,0.356,NA
288,4,count-odds,tourney,FALSE,20,elitize_generation_data,287,7,0.379,NA
289,4,count-odds,tourney,FALSE,20,elitize_generation_data,288,9,0.375,NA
290,4,count-odds,tourney,FALSE,20,elitize_generation_data,289,8,0.363,NA
291,4,count-odds,tourney,FALSE,20,elitize_generation_data,290,7,0.367,NA
292,4,count-odds,tourney,FALSE,20,elitize_generation_data,291,6,0.385,NA
293,4,count-odds,tourney,FALSE,20,elitize_generation_data,292,9,0.381,NA
294,4,count-odds,tourney,FALSE,20,elitize_generation_data,293,7,0.391,NA
295,4,count-odds,tourney,FALSE,20,elitize_generation_data,294,10,0.365,NA
296,4,count-odds,tourney,FALSE,20,elitize_generation_data,295,5,0.389,NA
297,4,count-odds,tourney,FALSE,20,elitize_generation_data,296,8,0.364,NA
298,4,count-odds,tourney,FALSE,20,elitize_generation_data,297,10,0.38,NA
299,4,count-odds,tourney,FALSE,20,elitize_generation_data,298,11,0.402,NA
300,4,count-odds,tourney,FALSE,20,elitize_generation_data,299,8,0.38,NA
301,4,count-odds,tourney,FALSE,20,elitize_generation_data,300,11,0.387,NA
