,run.num,problem,treatment,succeeded,height,normalization.function,generation,cluster.count,error.diversity,success.generation
1,36,count-odds,tourney,FALSE,20,elitize_generation_data,0,4,0.192,NA
2,36,count-odds,tourney,FALSE,20,elitize_generation_data,1,7,0.102,NA
3,36,count-odds,tourney,FALSE,20,elitize_generation_data,2,8,0.08,NA
4,36,count-odds,tourney,FALSE,20,elitize_generation_data,3,6,0.084,NA
5,36,count-odds,tourney,FALSE,20,elitize_generation_data,4,9,0.091,NA
6,36,count-odds,tourney,FALSE,20,elitize_generation_data,5,9,0.149,NA
7,36,count-odds,tourney,FALSE,20,elitize_generation_data,6,10,0.19,NA
8,36,count-odds,tourney,FALSE,20,elitize_generation_data,7,11,0.24,NA
9,36,count-odds,tourney,FALSE,20,elitize_generation_data,8,8,0.267,NA
10,36,count-odds,tourney,FALSE,20,elitize_generation_data,9,9,0.303,NA
11,36,count-odds,tourney,FALSE,20,elitize_generation_data,10,6,0.276,NA
12,36,count-odds,tourney,FALSE,20,elitize_generation_data,11,6,0.24,NA
13,36,count-odds,tourney,FALSE,20,elitize_generation_data,12,6,0.188,NA
14,36,count-odds,tourney,FALSE,20,elitize_generation_data,13,5,0.162,NA
15,36,count-odds,tourney,FALSE,20,elitize_generation_data,14,6,0.162,NA
16,36,count-odds,tourney,FALSE,20,elitize_generation_data,15,7,0.209,NA
17,36,count-odds,tourney,FALSE,20,elitize_generation_data,16,4,0.199,NA
18,36,count-odds,tourney,FALSE,20,elitize_generation_data,17,4,0.153,NA
19,36,count-odds,tourney,FALSE,20,elitize_generation_data,18,5,0.167,NA
20,36,count-odds,tourney,FALSE,20,elitize_generation_data,19,5,0.226,NA
21,36,count-odds,tourney,FALSE,20,elitize_generation_data,20,6,0.205,NA
22,36,count-odds,tourney,FALSE,20,elitize_generation_data,21,5,0.207,NA
23,36,count-odds,tourney,FALSE,20,elitize_generation_data,22,5,0.183,NA
24,36,count-odds,tourney,FALSE,20,elitize_generation_data,23,5,0.148,NA
25,36,count-odds,tourney,FALSE,20,elitize_generation_data,24,5,0.146,NA
26,36,count-odds,tourney,FALSE,20,elitize_generation_data,25,7,0.153,NA
27,36,count-odds,tourney,FALSE,20,elitize_generation_data,26,5,0.161,NA
28,36,count-odds,tourney,FALSE,20,elitize_generation_data,27,4,0.153,NA
29,36,count-odds,tourney,FALSE,20,elitize_generation_data,28,5,0.175,NA
30,36,count-odds,tourney,FALSE,20,elitize_generation_data,29,4,0.186,NA
31,36,count-odds,tourney,FALSE,20,elitize_generation_data,30,4,0.183,NA
32,36,count-odds,tourney,FALSE,20,elitize_generation_data,31,5,0.164,NA
33,36,count-odds,tourney,FALSE,20,elitize_generation_data,32,6,0.184,NA
34,36,count-odds,tourney,FALSE,20,elitize_generation_data,33,5,0.165,NA
35,36,count-odds,tourney,FALSE,20,elitize_generation_data,34,5,0.169,NA
36,36,count-odds,tourney,FALSE,20,elitize_generation_data,35,8,0.164,NA
37,36,count-odds,tourney,FALSE,20,elitize_generation_data,36,5,0.189,NA
38,36,count-odds,tourney,FALSE,20,elitize_generation_data,37,5,0.191,NA
39,36,count-odds,tourney,FALSE,20,elitize_generation_data,38,5,0.163,NA
40,36,count-odds,tourney,FALSE,20,elitize_generation_data,39,5,0.16,NA
41,36,count-odds,tourney,FALSE,20,elitize_generation_data,40,6,0.187,NA
42,36,count-odds,tourney,FALSE,20,elitize_generation_data,41,7,0.226,NA
43,36,count-odds,tourney,FALSE,20,elitize_generation_data,42,6,0.235,NA
44,36,count-odds,tourney,FALSE,20,elitize_generation_data,43,6,0.244,NA
45,36,count-odds,tourney,FALSE,20,elitize_generation_data,44,7,0.251,NA
46,36,count-odds,tourney,FALSE,20,elitize_generation_data,45,5,0.244,NA
47,36,count-odds,tourney,FALSE,20,elitize_generation_data,46,7,0.18,NA
48,36,count-odds,tourney,FALSE,20,elitize_generation_data,47,5,0.157,NA
49,36,count-odds,tourney,FALSE,20,elitize_generation_data,48,6,0.201,NA
50,36,count-odds,tourney,FALSE,20,elitize_generation_data,49,4,0.226,NA
51,36,count-odds,tourney,FALSE,20,elitize_generation_data,50,6,0.277,NA
52,36,count-odds,tourney,FALSE,20,elitize_generation_data,51,5,0.253,NA
53,36,count-odds,tourney,FALSE,20,elitize_generation_data,52,5,0.271,NA
54,36,count-odds,tourney,FALSE,20,elitize_generation_data,53,5,0.294,NA
55,36,count-odds,tourney,FALSE,20,elitize_generation_data,54,5,0.267,NA
56,36,count-odds,tourney,FALSE,20,elitize_generation_data,55,10,0.289,NA
57,36,count-odds,tourney,FALSE,20,elitize_generation_data,56,8,0.303,NA
58,36,count-odds,tourney,FALSE,20,elitize_generation_data,57,5,0.31,NA
59,36,count-odds,tourney,FALSE,20,elitize_generation_data,58,6,0.317,NA
60,36,count-odds,tourney,FALSE,20,elitize_generation_data,59,4,0.329,NA
61,36,count-odds,tourney,FALSE,20,elitize_generation_data,60,6,0.326,NA
62,36,count-odds,tourney,FALSE,20,elitize_generation_data,61,6,0.286,NA
63,36,count-odds,tourney,FALSE,20,elitize_generation_data,62,5,0.289,NA
64,36,count-odds,tourney,FALSE,20,elitize_generation_data,63,4,0.291,NA
65,36,count-odds,tourney,FALSE,20,elitize_generation_data,64,5,0.306,NA
66,36,count-odds,tourney,FALSE,20,elitize_generation_data,65,6,0.311,NA
67,36,count-odds,tourney,FALSE,20,elitize_generation_data,66,6,0.29,NA
68,36,count-odds,tourney,FALSE,20,elitize_generation_data,67,6,0.292,NA
69,36,count-odds,tourney,FALSE,20,elitize_generation_data,68,5,0.294,NA
70,36,count-odds,tourney,FALSE,20,elitize_generation_data,69,6,0.306,NA
71,36,count-odds,tourney,FALSE,20,elitize_generation_data,70,7,0.328,NA
72,36,count-odds,tourney,FALSE,20,elitize_generation_data,71,7,0.369,NA
73,36,count-odds,tourney,FALSE,20,elitize_generation_data,72,6,0.424,NA
74,36,count-odds,tourney,FALSE,20,elitize_generation_data,73,5,0.373,NA
75,36,count-odds,tourney,FALSE,20,elitize_generation_data,74,8,0.364,NA
76,36,count-odds,tourney,FALSE,20,elitize_generation_data,75,6,0.39,NA
77,36,count-odds,tourney,FALSE,20,elitize_generation_data,76,6,0.414,NA
78,36,count-odds,tourney,FALSE,20,elitize_generation_data,77,8,0.356,NA
79,36,count-odds,tourney,FALSE,20,elitize_generation_data,78,6,0.347,NA
80,36,count-odds,tourney,FALSE,20,elitize_generation_data,79,6,0.37,NA
81,36,count-odds,tourney,FALSE,20,elitize_generation_data,80,6,0.415,NA
82,36,count-odds,tourney,FALSE,20,elitize_generation_data,81,4,0.422,NA
83,36,count-odds,tourney,FALSE,20,elitize_generation_data,82,7,0.414,NA
84,36,count-odds,tourney,FALSE,20,elitize_generation_data,83,6,0.391,NA
85,36,count-odds,tourney,FALSE,20,elitize_generation_data,84,8,0.385,NA
86,36,count-odds,tourney,FALSE,20,elitize_generation_data,85,6,0.367,NA
87,36,count-odds,tourney,FALSE,20,elitize_generation_data,86,6,0.409,NA
88,36,count-odds,tourney,FALSE,20,elitize_generation_data,87,7,0.44,NA
89,36,count-odds,tourney,FALSE,20,elitize_generation_data,88,5,0.47,NA
90,36,count-odds,tourney,FALSE,20,elitize_generation_data,89,6,0.472,NA
91,36,count-odds,tourney,FALSE,20,elitize_generation_data,90,6,0.506,NA
92,36,count-odds,tourney,FALSE,20,elitize_generation_data,91,8,0.537,NA
93,36,count-odds,tourney,FALSE,20,elitize_generation_data,92,9,0.573,NA
94,36,count-odds,tourney,FALSE,20,elitize_generation_data,93,7,0.54,NA
95,36,count-odds,tourney,FALSE,20,elitize_generation_data,94,5,0.575,NA
96,36,count-odds,tourney,FALSE,20,elitize_generation_data,95,6,0.584,NA
97,36,count-odds,tourney,FALSE,20,elitize_generation_data,96,6,0.599,NA
98,36,count-odds,tourney,FALSE,20,elitize_generation_data,97,6,0.585,NA
99,36,count-odds,tourney,FALSE,20,elitize_generation_data,98,4,0.572,NA
100,36,count-odds,tourney,FALSE,20,elitize_generation_data,99,7,0.572,NA
101,36,count-odds,tourney,FALSE,20,elitize_generation_data,100,5,0.566,NA
102,36,count-odds,tourney,FALSE,20,elitize_generation_data,101,5,0.538,NA
103,36,count-odds,tourney,FALSE,20,elitize_generation_data,102,6,0.554,NA
104,36,count-odds,tourney,FALSE,20,elitize_generation_data,103,10,0.545,NA
105,36,count-odds,tourney,FALSE,20,elitize_generation_data,104,7,0.605,NA
106,36,count-odds,tourney,FALSE,20,elitize_generation_data,105,9,0.57,NA
107,36,count-odds,tourney,FALSE,20,elitize_generation_data,106,6,0.561,NA
108,36,count-odds,tourney,FALSE,20,elitize_generation_data,107,6,0.598,NA
109,36,count-odds,tourney,FALSE,20,elitize_generation_data,108,4,0.585,NA
110,36,count-odds,tourney,FALSE,20,elitize_generation_data,109,6,0.58,NA
111,36,count-odds,tourney,FALSE,20,elitize_generation_data,110,7,0.57,NA
112,36,count-odds,tourney,FALSE,20,elitize_generation_data,111,5,0.581,NA
113,36,count-odds,tourney,FALSE,20,elitize_generation_data,112,5,0.585,NA
114,36,count-odds,tourney,FALSE,20,elitize_generation_data,113,6,0.61,NA
115,36,count-odds,tourney,FALSE,20,elitize_generation_data,114,5,0.609,NA
116,36,count-odds,tourney,FALSE,20,elitize_generation_data,115,7,0.62,NA
117,36,count-odds,tourney,FALSE,20,elitize_generation_data,116,8,0.614,NA
118,36,count-odds,tourney,FALSE,20,elitize_generation_data,117,7,0.613,NA
119,36,count-odds,tourney,FALSE,20,elitize_generation_data,118,7,0.634,NA
120,36,count-odds,tourney,FALSE,20,elitize_generation_data,119,4,0.65,NA
121,36,count-odds,tourney,FALSE,20,elitize_generation_data,120,8,0.671,NA
122,36,count-odds,tourney,FALSE,20,elitize_generation_data,121,10,0.68,NA
123,36,count-odds,tourney,FALSE,20,elitize_generation_data,122,7,0.689,NA
124,36,count-odds,tourney,FALSE,20,elitize_generation_data,123,7,0.734,NA
125,36,count-odds,tourney,FALSE,20,elitize_generation_data,124,9,0.726,NA
126,36,count-odds,tourney,FALSE,20,elitize_generation_data,125,7,0.726,NA
127,36,count-odds,tourney,FALSE,20,elitize_generation_data,126,5,0.744,NA
128,36,count-odds,tourney,FALSE,20,elitize_generation_data,127,7,0.751,NA
129,36,count-odds,tourney,FALSE,20,elitize_generation_data,128,8,0.772,NA
130,36,count-odds,tourney,FALSE,20,elitize_generation_data,129,6,0.767,NA
131,36,count-odds,tourney,FALSE,20,elitize_generation_data,130,8,0.765,NA
132,36,count-odds,tourney,FALSE,20,elitize_generation_data,131,6,0.764,NA
133,36,count-odds,tourney,FALSE,20,elitize_generation_data,132,4,0.77,NA
134,36,count-odds,tourney,FALSE,20,elitize_generation_data,133,6,0.799,NA
135,36,count-odds,tourney,FALSE,20,elitize_generation_data,134,6,0.808,NA
136,36,count-odds,tourney,FALSE,20,elitize_generation_data,135,7,0.824,NA
137,36,count-odds,tourney,FALSE,20,elitize_generation_data,136,4,0.789,NA
138,36,count-odds,tourney,FALSE,20,elitize_generation_data,137,6,0.823,NA
139,36,count-odds,tourney,FALSE,20,elitize_generation_data,138,4,0.828,NA
140,36,count-odds,tourney,FALSE,20,elitize_generation_data,139,7,0.811,NA
141,36,count-odds,tourney,FALSE,20,elitize_generation_data,140,6,0.82,NA
142,36,count-odds,tourney,FALSE,20,elitize_generation_data,141,4,0.792,NA
143,36,count-odds,tourney,FALSE,20,elitize_generation_data,142,5,0.816,NA
144,36,count-odds,tourney,FALSE,20,elitize_generation_data,143,5,0.796,NA
145,36,count-odds,tourney,FALSE,20,elitize_generation_data,144,4,0.799,NA
146,36,count-odds,tourney,FALSE,20,elitize_generation_data,145,5,0.808,NA
147,36,count-odds,tourney,FALSE,20,elitize_generation_data,146,5,0.814,NA
148,36,count-odds,tourney,FALSE,20,elitize_generation_data,147,4,0.776,NA
149,36,count-odds,tourney,FALSE,20,elitize_generation_data,148,6,0.782,NA
150,36,count-odds,tourney,FALSE,20,elitize_generation_data,149,5,0.808,NA
151,36,count-odds,tourney,FALSE,20,elitize_generation_data,150,6,0.808,NA
152,36,count-odds,tourney,FALSE,20,elitize_generation_data,151,5,0.771,NA
153,36,count-odds,tourney,FALSE,20,elitize_generation_data,152,5,0.798,NA
154,36,count-odds,tourney,FALSE,20,elitize_generation_data,153,5,0.779,NA
155,36,count-odds,tourney,FALSE,20,elitize_generation_data,154,6,0.786,NA
156,36,count-odds,tourney,FALSE,20,elitize_generation_data,155,5,0.774,NA
157,36,count-odds,tourney,FALSE,20,elitize_generation_data,156,8,0.782,NA
158,36,count-odds,tourney,FALSE,20,elitize_generation_data,157,5,0.741,NA
159,36,count-odds,tourney,FALSE,20,elitize_generation_data,158,6,0.75,NA
160,36,count-odds,tourney,FALSE,20,elitize_generation_data,159,6,0.751,NA
161,36,count-odds,tourney,FALSE,20,elitize_generation_data,160,5,0.76,NA
162,36,count-odds,tourney,FALSE,20,elitize_generation_data,161,8,0.737,NA
163,36,count-odds,tourney,FALSE,20,elitize_generation_data,162,5,0.73,NA
164,36,count-odds,tourney,FALSE,20,elitize_generation_data,163,5,0.726,NA
165,36,count-odds,tourney,FALSE,20,elitize_generation_data,164,5,0.758,NA
166,36,count-odds,tourney,FALSE,20,elitize_generation_data,165,7,0.745,NA
167,36,count-odds,tourney,FALSE,20,elitize_generation_data,166,7,0.746,NA
168,36,count-odds,tourney,FALSE,20,elitize_generation_data,167,5,0.734,NA
169,36,count-odds,tourney,FALSE,20,elitize_generation_data,168,9,0.751,NA
170,36,count-odds,tourney,FALSE,20,elitize_generation_data,169,6,0.773,NA
171,36,count-odds,tourney,FALSE,20,elitize_generation_data,170,9,0.762,NA
172,36,count-odds,tourney,FALSE,20,elitize_generation_data,171,9,0.755,NA
173,36,count-odds,tourney,FALSE,20,elitize_generation_data,172,10,0.716,NA
174,36,count-odds,tourney,FALSE,20,elitize_generation_data,173,5,0.735,NA
175,36,count-odds,tourney,FALSE,20,elitize_generation_data,174,6,0.747,NA
176,36,count-odds,tourney,FALSE,20,elitize_generation_data,175,6,0.752,NA
177,36,count-odds,tourney,FALSE,20,elitize_generation_data,176,5,0.749,NA
178,36,count-odds,tourney,FALSE,20,elitize_generation_data,177,5,0.779,NA
179,36,count-odds,tourney,FALSE,20,elitize_generation_data,178,7,0.774,NA
180,36,count-odds,tourney,FALSE,20,elitize_generation_data,179,8,0.774,NA
181,36,count-odds,tourney,FALSE,20,elitize_generation_data,180,7,0.756,NA
182,36,count-odds,tourney,FALSE,20,elitize_generation_data,181,8,0.746,NA
183,36,count-odds,tourney,FALSE,20,elitize_generation_data,182,5,0.745,NA
184,36,count-odds,tourney,FALSE,20,elitize_generation_data,183,5,0.752,NA
185,36,count-odds,tourney,FALSE,20,elitize_generation_data,184,8,0.729,NA
186,36,count-odds,tourney,FALSE,20,elitize_generation_data,185,6,0.776,NA
187,36,count-odds,tourney,FALSE,20,elitize_generation_data,186,4,0.737,NA
188,36,count-odds,tourney,FALSE,20,elitize_generation_data,187,7,0.737,NA
189,36,count-odds,tourney,FALSE,20,elitize_generation_data,188,6,0.743,NA
190,36,count-odds,tourney,FALSE,20,elitize_generation_data,189,7,0.754,NA
191,36,count-odds,tourney,FALSE,20,elitize_generation_data,190,7,0.753,NA
192,36,count-odds,tourney,FALSE,20,elitize_generation_data,191,6,0.785,NA
193,36,count-odds,tourney,FALSE,20,elitize_generation_data,192,7,0.812,NA
194,36,count-odds,tourney,FALSE,20,elitize_generation_data,193,6,0.779,NA
195,36,count-odds,tourney,FALSE,20,elitize_generation_data,194,7,0.79,NA
196,36,count-odds,tourney,FALSE,20,elitize_generation_data,195,8,0.766,NA
197,36,count-odds,tourney,FALSE,20,elitize_generation_data,196,7,0.753,NA
198,36,count-odds,tourney,FALSE,20,elitize_generation_data,197,6,0.763,NA
199,36,count-odds,tourney,FALSE,20,elitize_generation_data,198,6,0.759,NA
200,36,count-odds,tourney,FALSE,20,elitize_generation_data,199,5,0.765,NA
201,36,count-odds,tourney,FALSE,20,elitize_generation_data,200,8,0.758,NA
202,36,count-odds,tourney,FALSE,20,elitize_generation_data,201,8,0.757,NA
203,36,count-odds,tourney,FALSE,20,elitize_generation_data,202,5,0.773,NA
204,36,count-odds,tourney,FALSE,20,elitize_generation_data,203,5,0.746,NA
205,36,count-odds,tourney,FALSE,20,elitize_generation_data,204,7,0.739,NA
206,36,count-odds,tourney,FALSE,20,elitize_generation_data,205,7,0.75,NA
207,36,count-odds,tourney,FALSE,20,elitize_generation_data,206,7,0.768,NA
208,36,count-odds,tourney,FALSE,20,elitize_generation_data,207,6,0.738,NA
209,36,count-odds,tourney,FALSE,20,elitize_generation_data,208,6,0.746,NA
210,36,count-odds,tourney,FALSE,20,elitize_generation_data,209,5,0.752,NA
211,36,count-odds,tourney,FALSE,20,elitize_generation_data,210,5,0.759,NA
212,36,count-odds,tourney,FALSE,20,elitize_generation_data,211,6,0.79,NA
213,36,count-odds,tourney,FALSE,20,elitize_generation_data,212,6,0.766,NA
214,36,count-odds,tourney,FALSE,20,elitize_generation_data,213,6,0.761,NA
215,36,count-odds,tourney,FALSE,20,elitize_generation_data,214,6,0.732,NA
216,36,count-odds,tourney,FALSE,20,elitize_generation_data,215,5,0.742,NA
217,36,count-odds,tourney,FALSE,20,elitize_generation_data,216,6,0.729,NA
218,36,count-odds,tourney,FALSE,20,elitize_generation_data,217,4,0.755,NA
219,36,count-odds,tourney,FALSE,20,elitize_generation_data,218,7,0.781,NA
220,36,count-odds,tourney,FALSE,20,elitize_generation_data,219,5,0.786,NA
221,36,count-odds,tourney,FALSE,20,elitize_generation_data,220,6,0.751,NA
222,36,count-odds,tourney,FALSE,20,elitize_generation_data,221,7,0.721,NA
223,36,count-odds,tourney,FALSE,20,elitize_generation_data,222,8,0.76,NA
224,36,count-odds,tourney,FALSE,20,elitize_generation_data,223,5,0.759,NA
225,36,count-odds,tourney,FALSE,20,elitize_generation_data,224,6,0.777,NA
226,36,count-odds,tourney,FALSE,20,elitize_generation_data,225,6,0.764,NA
227,36,count-odds,tourney,FALSE,20,elitize_generation_data,226,5,0.728,NA
228,36,count-odds,tourney,FALSE,20,elitize_generation_data,227,6,0.766,NA
229,36,count-odds,tourney,FALSE,20,elitize_generation_data,228,7,0.768,NA
230,36,count-odds,tourney,FALSE,20,elitize_generation_data,229,6,0.767,NA
231,36,count-odds,tourney,FALSE,20,elitize_generation_data,230,9,0.8,NA
232,36,count-odds,tourney,FALSE,20,elitize_generation_data,231,8,0.798,NA
233,36,count-odds,tourney,FALSE,20,elitize_generation_data,232,7,0.792,NA
234,36,count-odds,tourney,FALSE,20,elitize_generation_data,233,10,0.794,NA
235,36,count-odds,tourney,FALSE,20,elitize_generation_data,234,8,0.789,NA
236,36,count-odds,tourney,FALSE,20,elitize_generation_data,235,8,0.802,NA
237,36,count-odds,tourney,FALSE,20,elitize_generation_data,236,11,0.827,NA
238,36,count-odds,tourney,FALSE,20,elitize_generation_data,237,7,0.807,NA
239,36,count-odds,tourney,FALSE,20,elitize_generation_data,238,8,0.818,NA
240,36,count-odds,tourney,FALSE,20,elitize_generation_data,239,10,0.817,NA
241,36,count-odds,tourney,FALSE,20,elitize_generation_data,240,8,0.82,NA
242,36,count-odds,tourney,FALSE,20,elitize_generation_data,241,9,0.829,NA
243,36,count-odds,tourney,FALSE,20,elitize_generation_data,242,8,0.819,NA
244,36,count-odds,tourney,FALSE,20,elitize_generation_data,243,11,0.832,NA
245,36,count-odds,tourney,FALSE,20,elitize_generation_data,244,11,0.821,NA
246,36,count-odds,tourney,FALSE,20,elitize_generation_data,245,13,0.818,NA
247,36,count-odds,tourney,FALSE,20,elitize_generation_data,246,10,0.82,NA
248,36,count-odds,tourney,FALSE,20,elitize_generation_data,247,12,0.828,NA
249,36,count-odds,tourney,FALSE,20,elitize_generation_data,248,14,0.803,NA
250,36,count-odds,tourney,FALSE,20,elitize_generation_data,249,10,0.848,NA
251,36,count-odds,tourney,FALSE,20,elitize_generation_data,250,9,0.813,NA
252,36,count-odds,tourney,FALSE,20,elitize_generation_data,251,10,0.824,NA
253,36,count-odds,tourney,FALSE,20,elitize_generation_data,252,12,0.826,NA
254,36,count-odds,tourney,FALSE,20,elitize_generation_data,253,13,0.802,NA
255,36,count-odds,tourney,FALSE,20,elitize_generation_data,254,9,0.805,NA
256,36,count-odds,tourney,FALSE,20,elitize_generation_data,255,8,0.82,NA
257,36,count-odds,tourney,FALSE,20,elitize_generation_data,256,8,0.818,NA
258,36,count-odds,tourney,FALSE,20,elitize_generation_data,257,8,0.795,NA
259,36,count-odds,tourney,FALSE,20,elitize_generation_data,258,7,0.783,NA
260,36,count-odds,tourney,FALSE,20,elitize_generation_data,259,11,0.765,NA
261,36,count-odds,tourney,FALSE,20,elitize_generation_data,260,7,0.768,NA
262,36,count-odds,tourney,FALSE,20,elitize_generation_data,261,11,0.743,NA
263,36,count-odds,tourney,FALSE,20,elitize_generation_data,262,7,0.766,NA
264,36,count-odds,tourney,FALSE,20,elitize_generation_data,263,7,0.766,NA
265,36,count-odds,tourney,FALSE,20,elitize_generation_data,264,8,0.773,NA
266,36,count-odds,tourney,FALSE,20,elitize_generation_data,265,7,0.801,NA
267,36,count-odds,tourney,FALSE,20,elitize_generation_data,266,7,0.777,NA
268,36,count-odds,tourney,FALSE,20,elitize_generation_data,267,8,0.767,NA
269,36,count-odds,tourney,FALSE,20,elitize_generation_data,268,6,0.789,NA
270,36,count-odds,tourney,FALSE,20,elitize_generation_data,269,7,0.772,NA
271,36,count-odds,tourney,FALSE,20,elitize_generation_data,270,7,0.794,NA
272,36,count-odds,tourney,FALSE,20,elitize_generation_data,271,6,0.79,NA
273,36,count-odds,tourney,FALSE,20,elitize_generation_data,272,6,0.76,NA
274,36,count-odds,tourney,FALSE,20,elitize_generation_data,273,5,0.785,NA
275,36,count-odds,tourney,FALSE,20,elitize_generation_data,274,7,0.789,NA
276,36,count-odds,tourney,FALSE,20,elitize_generation_data,275,8,0.8,NA
277,36,count-odds,tourney,FALSE,20,elitize_generation_data,276,9,0.786,NA
278,36,count-odds,tourney,FALSE,20,elitize_generation_data,277,10,0.784,NA
279,36,count-odds,tourney,FALSE,20,elitize_generation_data,278,7,0.763,NA
280,36,count-odds,tourney,FALSE,20,elitize_generation_data,279,5,0.793,NA
281,36,count-odds,tourney,FALSE,20,elitize_generation_data,280,5,0.782,NA
282,36,count-odds,tourney,FALSE,20,elitize_generation_data,281,7,0.766,NA
283,36,count-odds,tourney,FALSE,20,elitize_generation_data,282,6,0.786,NA
284,36,count-odds,tourney,FALSE,20,elitize_generation_data,283,8,0.798,NA
285,36,count-odds,tourney,FALSE,20,elitize_generation_data,284,5,0.791,NA
286,36,count-odds,tourney,FALSE,20,elitize_generation_data,285,9,0.794,NA
287,36,count-odds,tourney,FALSE,20,elitize_generation_data,286,8,0.803,NA
288,36,count-odds,tourney,FALSE,20,elitize_generation_data,287,9,0.807,NA
289,36,count-odds,tourney,FALSE,20,elitize_generation_data,288,6,0.778,NA
290,36,count-odds,tourney,FALSE,20,elitize_generation_data,289,8,0.812,NA
291,36,count-odds,tourney,FALSE,20,elitize_generation_data,290,6,0.814,NA
292,36,count-odds,tourney,FALSE,20,elitize_generation_data,291,8,0.811,NA
293,36,count-odds,tourney,FALSE,20,elitize_generation_data,292,8,0.795,NA
294,36,count-odds,tourney,FALSE,20,elitize_generation_data,293,6,0.82,NA
295,36,count-odds,tourney,FALSE,20,elitize_generation_data,294,6,0.798,NA
296,36,count-odds,tourney,FALSE,20,elitize_generation_data,295,5,0.806,NA
297,36,count-odds,tourney,FALSE,20,elitize_generation_data,296,7,0.813,NA
298,36,count-odds,tourney,FALSE,20,elitize_generation_data,297,8,0.813,NA
299,36,count-odds,tourney,FALSE,20,elitize_generation_data,298,7,0.77,NA
300,36,count-odds,tourney,FALSE,20,elitize_generation_data,299,8,0.773,NA
301,36,count-odds,tourney,FALSE,20,elitize_generation_data,300,8,0.802,NA
