,run.num,problem,treatment,succeeded,height,normalization.function,generation,cluster.count,error.diversity,success.generation
1,65,count-odds,tourney,FALSE,20,elitize_generation_data,0,4,0.168,NA
2,65,count-odds,tourney,FALSE,20,elitize_generation_data,1,6,0.093,NA
3,65,count-odds,tourney,FALSE,20,elitize_generation_data,2,7,0.061,NA
4,65,count-odds,tourney,FALSE,20,elitize_generation_data,3,5,0.036,NA
5,65,count-odds,tourney,FALSE,20,elitize_generation_data,4,6,0.023,NA
6,65,count-odds,tourney,FALSE,20,elitize_generation_data,5,4,0.023,NA
7,65,count-odds,tourney,FALSE,20,elitize_generation_data,6,6,0.026,NA
8,65,count-odds,tourney,FALSE,20,elitize_generation_data,7,6,0.03,NA
9,65,count-odds,tourney,FALSE,20,elitize_generation_data,8,4,0.034,NA
10,65,count-odds,tourney,FALSE,20,elitize_generation_data,9,7,0.052,NA
11,65,count-odds,tourney,FALSE,20,elitize_generation_data,10,4,0.107,NA
12,65,count-odds,tourney,FALSE,20,elitize_generation_data,11,4,0.18,NA
13,65,count-odds,tourney,FALSE,20,elitize_generation_data,12,3,0.152,NA
14,65,count-odds,tourney,FALSE,20,elitize_generation_data,13,4,0.149,NA
15,65,count-odds,tourney,FALSE,20,elitize_generation_data,14,6,0.172,NA
16,65,count-odds,tourney,FALSE,20,elitize_generation_data,15,7,0.232,NA
17,65,count-odds,tourney,FALSE,20,elitize_generation_data,16,7,0.308,NA
18,65,count-odds,tourney,FALSE,20,elitize_generation_data,17,11,0.307,NA
19,65,count-odds,tourney,FALSE,20,elitize_generation_data,18,9,0.311,NA
20,65,count-odds,tourney,FALSE,20,elitize_generation_data,19,9,0.335,NA
21,65,count-odds,tourney,FALSE,20,elitize_generation_data,20,8,0.363,NA
22,65,count-odds,tourney,FALSE,20,elitize_generation_data,21,8,0.415,NA
23,65,count-odds,tourney,FALSE,20,elitize_generation_data,22,13,0.462,NA
24,65,count-odds,tourney,FALSE,20,elitize_generation_data,23,12,0.468,NA
25,65,count-odds,tourney,FALSE,20,elitize_generation_data,24,16,0.437,NA
26,65,count-odds,tourney,FALSE,20,elitize_generation_data,25,14,0.45,NA
27,65,count-odds,tourney,FALSE,20,elitize_generation_data,26,20,0.467,NA
28,65,count-odds,tourney,FALSE,20,elitize_generation_data,27,18,0.48,NA
29,65,count-odds,tourney,FALSE,20,elitize_generation_data,28,13,0.44,NA
30,65,count-odds,tourney,FALSE,20,elitize_generation_data,29,11,0.397,NA
31,65,count-odds,tourney,FALSE,20,elitize_generation_data,30,7,0.368,NA
32,65,count-odds,tourney,FALSE,20,elitize_generation_data,31,7,0.404,NA
33,65,count-odds,tourney,FALSE,20,elitize_generation_data,32,10,0.417,NA
34,65,count-odds,tourney,FALSE,20,elitize_generation_data,33,10,0.449,NA
35,65,count-odds,tourney,FALSE,20,elitize_generation_data,34,13,0.463,NA
36,65,count-odds,tourney,FALSE,20,elitize_generation_data,35,12,0.477,NA
37,65,count-odds,tourney,FALSE,20,elitize_generation_data,36,10,0.453,NA
38,65,count-odds,tourney,FALSE,20,elitize_generation_data,37,11,0.42,NA
39,65,count-odds,tourney,FALSE,20,elitize_generation_data,38,13,0.395,NA
40,65,count-odds,tourney,FALSE,20,elitize_generation_data,39,15,0.393,NA
41,65,count-odds,tourney,FALSE,20,elitize_generation_data,40,11,0.392,NA
42,65,count-odds,tourney,FALSE,20,elitize_generation_data,41,13,0.387,NA
43,65,count-odds,tourney,FALSE,20,elitize_generation_data,42,16,0.441,NA
44,65,count-odds,tourney,FALSE,20,elitize_generation_data,43,16,0.423,NA
45,65,count-odds,tourney,FALSE,20,elitize_generation_data,44,16,0.454,NA
46,65,count-odds,tourney,FALSE,20,elitize_generation_data,45,14,0.445,NA
47,65,count-odds,tourney,FALSE,20,elitize_generation_data,46,19,0.437,NA
48,65,count-odds,tourney,FALSE,20,elitize_generation_data,47,14,0.458,NA
49,65,count-odds,tourney,FALSE,20,elitize_generation_data,48,14,0.471,NA
50,65,count-odds,tourney,FALSE,20,elitize_generation_data,49,15,0.452,NA
51,65,count-odds,tourney,FALSE,20,elitize_generation_data,50,15,0.439,NA
52,65,count-odds,tourney,FALSE,20,elitize_generation_data,51,14,0.431,NA
53,65,count-odds,tourney,FALSE,20,elitize_generation_data,52,15,0.418,NA
54,65,count-odds,tourney,FALSE,20,elitize_generation_data,53,13,0.416,NA
55,65,count-odds,tourney,FALSE,20,elitize_generation_data,54,14,0.452,NA
56,65,count-odds,tourney,FALSE,20,elitize_generation_data,55,13,0.429,NA
57,65,count-odds,tourney,FALSE,20,elitize_generation_data,56,10,0.462,NA
58,65,count-odds,tourney,FALSE,20,elitize_generation_data,57,17,0.471,NA
59,65,count-odds,tourney,FALSE,20,elitize_generation_data,58,14,0.441,NA
60,65,count-odds,tourney,FALSE,20,elitize_generation_data,59,13,0.452,NA
61,65,count-odds,tourney,FALSE,20,elitize_generation_data,60,15,0.448,NA
62,65,count-odds,tourney,FALSE,20,elitize_generation_data,61,15,0.453,NA
63,65,count-odds,tourney,FALSE,20,elitize_generation_data,62,12,0.48,NA
64,65,count-odds,tourney,FALSE,20,elitize_generation_data,63,14,0.509,NA
65,65,count-odds,tourney,FALSE,20,elitize_generation_data,64,14,0.487,NA
66,65,count-odds,tourney,FALSE,20,elitize_generation_data,65,17,0.499,NA
67,65,count-odds,tourney,FALSE,20,elitize_generation_data,66,16,0.49,NA
68,65,count-odds,tourney,FALSE,20,elitize_generation_data,67,14,0.524,NA
69,65,count-odds,tourney,FALSE,20,elitize_generation_data,68,14,0.511,NA
70,65,count-odds,tourney,FALSE,20,elitize_generation_data,69,8,0.485,NA
71,65,count-odds,tourney,FALSE,20,elitize_generation_data,70,11,0.489,NA
72,65,count-odds,tourney,FALSE,20,elitize_generation_data,71,8,0.497,NA
73,65,count-odds,tourney,FALSE,20,elitize_generation_data,72,10,0.487,NA
74,65,count-odds,tourney,FALSE,20,elitize_generation_data,73,8,0.466,NA
75,65,count-odds,tourney,FALSE,20,elitize_generation_data,74,9,0.439,NA
76,65,count-odds,tourney,FALSE,20,elitize_generation_data,75,9,0.475,NA
77,65,count-odds,tourney,FALSE,20,elitize_generation_data,76,15,0.48,NA
78,65,count-odds,tourney,FALSE,20,elitize_generation_data,77,11,0.48,NA
79,65,count-odds,tourney,FALSE,20,elitize_generation_data,78,15,0.485,NA
80,65,count-odds,tourney,FALSE,20,elitize_generation_data,79,11,0.487,NA
81,65,count-odds,tourney,FALSE,20,elitize_generation_data,80,11,0.473,NA
82,65,count-odds,tourney,FALSE,20,elitize_generation_data,81,9,0.466,NA
83,65,count-odds,tourney,FALSE,20,elitize_generation_data,82,13,0.501,NA
84,65,count-odds,tourney,FALSE,20,elitize_generation_data,83,10,0.487,NA
85,65,count-odds,tourney,FALSE,20,elitize_generation_data,84,11,0.459,NA
86,65,count-odds,tourney,FALSE,20,elitize_generation_data,85,10,0.459,NA
87,65,count-odds,tourney,FALSE,20,elitize_generation_data,86,11,0.475,NA
88,65,count-odds,tourney,FALSE,20,elitize_generation_data,87,14,0.5,NA
89,65,count-odds,tourney,FALSE,20,elitize_generation_data,88,13,0.469,NA
90,65,count-odds,tourney,FALSE,20,elitize_generation_data,89,14,0.486,NA
91,65,count-odds,tourney,FALSE,20,elitize_generation_data,90,13,0.482,NA
92,65,count-odds,tourney,FALSE,20,elitize_generation_data,91,13,0.508,NA
93,65,count-odds,tourney,FALSE,20,elitize_generation_data,92,14,0.504,NA
94,65,count-odds,tourney,FALSE,20,elitize_generation_data,93,13,0.495,NA
95,65,count-odds,tourney,FALSE,20,elitize_generation_data,94,14,0.463,NA
96,65,count-odds,tourney,FALSE,20,elitize_generation_data,95,12,0.468,NA
97,65,count-odds,tourney,FALSE,20,elitize_generation_data,96,12,0.491,NA
98,65,count-odds,tourney,FALSE,20,elitize_generation_data,97,13,0.473,NA
99,65,count-odds,tourney,FALSE,20,elitize_generation_data,98,12,0.5,NA
100,65,count-odds,tourney,FALSE,20,elitize_generation_data,99,13,0.48,NA
101,65,count-odds,tourney,FALSE,20,elitize_generation_data,100,15,0.513,NA
102,65,count-odds,tourney,FALSE,20,elitize_generation_data,101,13,0.483,NA
103,65,count-odds,tourney,FALSE,20,elitize_generation_data,102,15,0.482,NA
104,65,count-odds,tourney,FALSE,20,elitize_generation_data,103,13,0.495,NA
105,65,count-odds,tourney,FALSE,20,elitize_generation_data,104,12,0.502,NA
106,65,count-odds,tourney,FALSE,20,elitize_generation_data,105,13,0.494,NA
107,65,count-odds,tourney,FALSE,20,elitize_generation_data,106,14,0.509,NA
108,65,count-odds,tourney,FALSE,20,elitize_generation_data,107,16,0.532,NA
109,65,count-odds,tourney,FALSE,20,elitize_generation_data,108,16,0.511,NA
110,65,count-odds,tourney,FALSE,20,elitize_generation_data,109,17,0.525,NA
111,65,count-odds,tourney,FALSE,20,elitize_generation_data,110,20,0.534,NA
112,65,count-odds,tourney,FALSE,20,elitize_generation_data,111,15,0.529,NA
113,65,count-odds,tourney,FALSE,20,elitize_generation_data,112,24,0.523,NA
114,65,count-odds,tourney,FALSE,20,elitize_generation_data,113,22,0.548,NA
115,65,count-odds,tourney,FALSE,20,elitize_generation_data,114,18,0.533,NA
116,65,count-odds,tourney,FALSE,20,elitize_generation_data,115,24,0.552,NA
117,65,count-odds,tourney,FALSE,20,elitize_generation_data,116,24,0.572,NA
118,65,count-odds,tourney,FALSE,20,elitize_generation_data,117,27,0.595,NA
119,65,count-odds,tourney,FALSE,20,elitize_generation_data,118,23,0.592,NA
120,65,count-odds,tourney,FALSE,20,elitize_generation_data,119,25,0.604,NA
121,65,count-odds,tourney,FALSE,20,elitize_generation_data,120,20,0.614,NA
122,65,count-odds,tourney,FALSE,20,elitize_generation_data,121,23,0.624,NA
123,65,count-odds,tourney,FALSE,20,elitize_generation_data,122,24,0.618,NA
124,65,count-odds,tourney,FALSE,20,elitize_generation_data,123,22,0.601,NA
125,65,count-odds,tourney,FALSE,20,elitize_generation_data,124,18,0.614,NA
126,65,count-odds,tourney,FALSE,20,elitize_generation_data,125,19,0.614,NA
127,65,count-odds,tourney,FALSE,20,elitize_generation_data,126,21,0.625,NA
128,65,count-odds,tourney,FALSE,20,elitize_generation_data,127,23,0.604,NA
129,65,count-odds,tourney,FALSE,20,elitize_generation_data,128,23,0.637,NA
130,65,count-odds,tourney,FALSE,20,elitize_generation_data,129,17,0.638,NA
131,65,count-odds,tourney,FALSE,20,elitize_generation_data,130,20,0.639,NA
132,65,count-odds,tourney,FALSE,20,elitize_generation_data,131,26,0.654,NA
133,65,count-odds,tourney,FALSE,20,elitize_generation_data,132,19,0.646,NA
134,65,count-odds,tourney,FALSE,20,elitize_generation_data,133,25,0.68,NA
135,65,count-odds,tourney,FALSE,20,elitize_generation_data,134,13,0.684,NA
136,65,count-odds,tourney,FALSE,20,elitize_generation_data,135,16,0.716,NA
137,65,count-odds,tourney,FALSE,20,elitize_generation_data,136,27,0.704,NA
138,65,count-odds,tourney,FALSE,20,elitize_generation_data,137,27,0.706,NA
139,65,count-odds,tourney,FALSE,20,elitize_generation_data,138,22,0.718,NA
140,65,count-odds,tourney,FALSE,20,elitize_generation_data,139,23,0.671,NA
141,65,count-odds,tourney,FALSE,20,elitize_generation_data,140,21,0.664,NA
142,65,count-odds,tourney,FALSE,20,elitize_generation_data,141,20,0.632,NA
143,65,count-odds,tourney,FALSE,20,elitize_generation_data,142,21,0.644,NA
144,65,count-odds,tourney,FALSE,20,elitize_generation_data,143,20,0.638,NA
145,65,count-odds,tourney,FALSE,20,elitize_generation_data,144,28,0.64,NA
146,65,count-odds,tourney,FALSE,20,elitize_generation_data,145,28,0.651,NA
147,65,count-odds,tourney,FALSE,20,elitize_generation_data,146,24,0.643,NA
148,65,count-odds,tourney,FALSE,20,elitize_generation_data,147,24,0.677,NA
149,65,count-odds,tourney,FALSE,20,elitize_generation_data,148,24,0.678,NA
150,65,count-odds,tourney,FALSE,20,elitize_generation_data,149,22,0.71,NA
151,65,count-odds,tourney,FALSE,20,elitize_generation_data,150,23,0.688,NA
152,65,count-odds,tourney,FALSE,20,elitize_generation_data,151,28,0.671,NA
153,65,count-odds,tourney,FALSE,20,elitize_generation_data,152,22,0.675,NA
154,65,count-odds,tourney,FALSE,20,elitize_generation_data,153,24,0.665,NA
155,65,count-odds,tourney,FALSE,20,elitize_generation_data,154,24,0.678,NA
156,65,count-odds,tourney,FALSE,20,elitize_generation_data,155,22,0.696,NA
157,65,count-odds,tourney,FALSE,20,elitize_generation_data,156,23,0.719,NA
158,65,count-odds,tourney,FALSE,20,elitize_generation_data,157,25,0.731,NA
159,65,count-odds,tourney,FALSE,20,elitize_generation_data,158,24,0.731,NA
160,65,count-odds,tourney,FALSE,20,elitize_generation_data,159,24,0.746,NA
161,65,count-odds,tourney,FALSE,20,elitize_generation_data,160,19,0.737,NA
162,65,count-odds,tourney,FALSE,20,elitize_generation_data,161,33,0.726,NA
163,65,count-odds,tourney,FALSE,20,elitize_generation_data,162,20,0.716,NA
164,65,count-odds,tourney,FALSE,20,elitize_generation_data,163,24,0.721,NA
165,65,count-odds,tourney,FALSE,20,elitize_generation_data,164,24,0.749,NA
166,65,count-odds,tourney,FALSE,20,elitize_generation_data,165,32,0.759,NA
167,65,count-odds,tourney,FALSE,20,elitize_generation_data,166,30,0.764,NA
168,65,count-odds,tourney,FALSE,20,elitize_generation_data,167,23,0.751,NA
169,65,count-odds,tourney,FALSE,20,elitize_generation_data,168,28,0.732,NA
170,65,count-odds,tourney,FALSE,20,elitize_generation_data,169,26,0.739,NA
171,65,count-odds,tourney,FALSE,20,elitize_generation_data,170,23,0.738,NA
172,65,count-odds,tourney,FALSE,20,elitize_generation_data,171,23,0.781,NA
173,65,count-odds,tourney,FALSE,20,elitize_generation_data,172,36,0.776,NA
174,65,count-odds,tourney,FALSE,20,elitize_generation_data,173,23,0.765,NA
175,65,count-odds,tourney,FALSE,20,elitize_generation_data,174,27,0.759,NA
176,65,count-odds,tourney,FALSE,20,elitize_generation_data,175,25,0.762,NA
177,65,count-odds,tourney,FALSE,20,elitize_generation_data,176,21,0.778,NA
178,65,count-odds,tourney,FALSE,20,elitize_generation_data,177,28,0.773,NA
179,65,count-odds,tourney,FALSE,20,elitize_generation_data,178,25,0.754,NA
180,65,count-odds,tourney,FALSE,20,elitize_generation_data,179,23,0.753,NA
181,65,count-odds,tourney,FALSE,20,elitize_generation_data,180,31,0.733,NA
182,65,count-odds,tourney,FALSE,20,elitize_generation_data,181,26,0.749,NA
183,65,count-odds,tourney,FALSE,20,elitize_generation_data,182,28,0.748,NA
184,65,count-odds,tourney,FALSE,20,elitize_generation_data,183,26,0.732,NA
185,65,count-odds,tourney,FALSE,20,elitize_generation_data,184,27,0.768,NA
186,65,count-odds,tourney,FALSE,20,elitize_generation_data,185,26,0.804,NA
187,65,count-odds,tourney,FALSE,20,elitize_generation_data,186,33,0.781,NA
188,65,count-odds,tourney,FALSE,20,elitize_generation_data,187,27,0.764,NA
189,65,count-odds,tourney,FALSE,20,elitize_generation_data,188,30,0.76,NA
190,65,count-odds,tourney,FALSE,20,elitize_generation_data,189,29,0.752,NA
191,65,count-odds,tourney,FALSE,20,elitize_generation_data,190,30,0.787,NA
192,65,count-odds,tourney,FALSE,20,elitize_generation_data,191,32,0.778,NA
193,65,count-odds,tourney,FALSE,20,elitize_generation_data,192,35,0.783,NA
194,65,count-odds,tourney,FALSE,20,elitize_generation_data,193,33,0.796,NA
195,65,count-odds,tourney,FALSE,20,elitize_generation_data,194,23,0.772,NA
196,65,count-odds,tourney,FALSE,20,elitize_generation_data,195,33,0.756,NA
197,65,count-odds,tourney,FALSE,20,elitize_generation_data,196,24,0.746,NA
198,65,count-odds,tourney,FALSE,20,elitize_generation_data,197,26,0.763,NA
199,65,count-odds,tourney,FALSE,20,elitize_generation_data,198,26,0.756,NA
200,65,count-odds,tourney,FALSE,20,elitize_generation_data,199,25,0.75,NA
201,65,count-odds,tourney,FALSE,20,elitize_generation_data,200,24,0.756,NA
202,65,count-odds,tourney,FALSE,20,elitize_generation_data,201,26,0.753,NA
203,65,count-odds,tourney,FALSE,20,elitize_generation_data,202,25,0.745,NA
204,65,count-odds,tourney,FALSE,20,elitize_generation_data,203,31,0.755,NA
205,65,count-odds,tourney,FALSE,20,elitize_generation_data,204,25,0.75,NA
206,65,count-odds,tourney,FALSE,20,elitize_generation_data,205,26,0.761,NA
207,65,count-odds,tourney,FALSE,20,elitize_generation_data,206,28,0.765,NA
208,65,count-odds,tourney,FALSE,20,elitize_generation_data,207,24,0.778,NA
209,65,count-odds,tourney,FALSE,20,elitize_generation_data,208,26,0.754,NA
210,65,count-odds,tourney,FALSE,20,elitize_generation_data,209,27,0.771,NA
211,65,count-odds,tourney,FALSE,20,elitize_generation_data,210,33,0.746,NA
212,65,count-odds,tourney,FALSE,20,elitize_generation_data,211,26,0.733,NA
213,65,count-odds,tourney,FALSE,20,elitize_generation_data,212,28,0.747,NA
214,65,count-odds,tourney,FALSE,20,elitize_generation_data,213,25,0.777,NA
215,65,count-odds,tourney,FALSE,20,elitize_generation_data,214,27,0.764,NA
216,65,count-odds,tourney,FALSE,20,elitize_generation_data,215,22,0.755,NA
217,65,count-odds,tourney,FALSE,20,elitize_generation_data,216,23,0.767,NA
218,65,count-odds,tourney,FALSE,20,elitize_generation_data,217,28,0.757,NA
219,65,count-odds,tourney,FALSE,20,elitize_generation_data,218,29,0.744,NA
220,65,count-odds,tourney,FALSE,20,elitize_generation_data,219,26,0.74,NA
221,65,count-odds,tourney,FALSE,20,elitize_generation_data,220,32,0.751,NA
222,65,count-odds,tourney,FALSE,20,elitize_generation_data,221,33,0.767,NA
223,65,count-odds,tourney,FALSE,20,elitize_generation_data,222,29,0.75,NA
224,65,count-odds,tourney,FALSE,20,elitize_generation_data,223,30,0.756,NA
225,65,count-odds,tourney,FALSE,20,elitize_generation_data,224,32,0.736,NA
226,65,count-odds,tourney,FALSE,20,elitize_generation_data,225,21,0.776,NA
227,65,count-odds,tourney,FALSE,20,elitize_generation_data,226,31,0.771,NA
228,65,count-odds,tourney,FALSE,20,elitize_generation_data,227,29,0.765,NA
229,65,count-odds,tourney,FALSE,20,elitize_generation_data,228,34,0.783,NA
230,65,count-odds,tourney,FALSE,20,elitize_generation_data,229,29,0.789,NA
231,65,count-odds,tourney,FALSE,20,elitize_generation_data,230,26,0.784,NA
232,65,count-odds,tourney,FALSE,20,elitize_generation_data,231,29,0.771,NA
233,65,count-odds,tourney,FALSE,20,elitize_generation_data,232,28,0.769,NA
234,65,count-odds,tourney,FALSE,20,elitize_generation_data,233,28,0.783,NA
235,65,count-odds,tourney,FALSE,20,elitize_generation_data,234,29,0.795,NA
236,65,count-odds,tourney,FALSE,20,elitize_generation_data,235,34,0.789,NA
237,65,count-odds,tourney,FALSE,20,elitize_generation_data,236,28,0.775,NA
238,65,count-odds,tourney,FALSE,20,elitize_generation_data,237,30,0.76,NA
239,65,count-odds,tourney,FALSE,20,elitize_generation_data,238,25,0.775,NA
240,65,count-odds,tourney,FALSE,20,elitize_generation_data,239,30,0.788,NA
241,65,count-odds,tourney,FALSE,20,elitize_generation_data,240,32,0.771,NA
242,65,count-odds,tourney,FALSE,20,elitize_generation_data,241,36,0.784,NA
243,65,count-odds,tourney,FALSE,20,elitize_generation_data,242,25,0.776,NA
244,65,count-odds,tourney,FALSE,20,elitize_generation_data,243,33,0.777,NA
245,65,count-odds,tourney,FALSE,20,elitize_generation_data,244,30,0.793,NA
246,65,count-odds,tourney,FALSE,20,elitize_generation_data,245,32,0.79,NA
247,65,count-odds,tourney,FALSE,20,elitize_generation_data,246,32,0.776,NA
248,65,count-odds,tourney,FALSE,20,elitize_generation_data,247,27,0.792,NA
249,65,count-odds,tourney,FALSE,20,elitize_generation_data,248,28,0.799,NA
250,65,count-odds,tourney,FALSE,20,elitize_generation_data,249,36,0.79,NA
251,65,count-odds,tourney,FALSE,20,elitize_generation_data,250,45,0.791,NA
252,65,count-odds,tourney,FALSE,20,elitize_generation_data,251,33,0.788,NA
253,65,count-odds,tourney,FALSE,20,elitize_generation_data,252,25,0.773,NA
254,65,count-odds,tourney,FALSE,20,elitize_generation_data,253,26,0.769,NA
255,65,count-odds,tourney,FALSE,20,elitize_generation_data,254,30,0.773,NA
256,65,count-odds,tourney,FALSE,20,elitize_generation_data,255,28,0.786,NA
257,65,count-odds,tourney,FALSE,20,elitize_generation_data,256,35,0.795,NA
258,65,count-odds,tourney,FALSE,20,elitize_generation_data,257,30,0.792,NA
259,65,count-odds,tourney,FALSE,20,elitize_generation_data,258,36,0.8,NA
260,65,count-odds,tourney,FALSE,20,elitize_generation_data,259,29,0.771,NA
261,65,count-odds,tourney,FALSE,20,elitize_generation_data,260,30,0.794,NA
262,65,count-odds,tourney,FALSE,20,elitize_generation_data,261,33,0.803,NA
263,65,count-odds,tourney,FALSE,20,elitize_generation_data,262,35,0.793,NA
264,65,count-odds,tourney,FALSE,20,elitize_generation_data,263,31,0.782,NA
265,65,count-odds,tourney,FALSE,20,elitize_generation_data,264,28,0.789,NA
266,65,count-odds,tourney,FALSE,20,elitize_generation_data,265,30,0.809,NA
267,65,count-odds,tourney,FALSE,20,elitize_generation_data,266,34,0.775,NA
268,65,count-odds,tourney,FALSE,20,elitize_generation_data,267,28,0.765,NA
269,65,count-odds,tourney,FALSE,20,elitize_generation_data,268,28,0.764,NA
270,65,count-odds,tourney,FALSE,20,elitize_generation_data,269,35,0.759,NA
271,65,count-odds,tourney,FALSE,20,elitize_generation_data,270,26,0.785,NA
272,65,count-odds,tourney,FALSE,20,elitize_generation_data,271,31,0.813,NA
273,65,count-odds,tourney,FALSE,20,elitize_generation_data,272,23,0.782,NA
274,65,count-odds,tourney,FALSE,20,elitize_generation_data,273,25,0.774,NA
275,65,count-odds,tourney,FALSE,20,elitize_generation_data,274,32,0.769,NA
276,65,count-odds,tourney,FALSE,20,elitize_generation_data,275,29,0.757,NA
277,65,count-odds,tourney,FALSE,20,elitize_generation_data,276,23,0.803,NA
278,65,count-odds,tourney,FALSE,20,elitize_generation_data,277,29,0.782,NA
279,65,count-odds,tourney,FALSE,20,elitize_generation_data,278,24,0.795,NA
280,65,count-odds,tourney,FALSE,20,elitize_generation_data,279,20,0.784,NA
281,65,count-odds,tourney,FALSE,20,elitize_generation_data,280,32,0.796,NA
282,65,count-odds,tourney,FALSE,20,elitize_generation_data,281,25,0.787,NA
283,65,count-odds,tourney,FALSE,20,elitize_generation_data,282,34,0.782,NA
284,65,count-odds,tourney,FALSE,20,elitize_generation_data,283,36,0.781,NA
285,65,count-odds,tourney,FALSE,20,elitize_generation_data,284,27,0.76,NA
286,65,count-odds,tourney,FALSE,20,elitize_generation_data,285,32,0.783,NA
287,65,count-odds,tourney,FALSE,20,elitize_generation_data,286,35,0.774,NA
288,65,count-odds,tourney,FALSE,20,elitize_generation_data,287,36,0.77,NA
289,65,count-odds,tourney,FALSE,20,elitize_generation_data,288,31,0.77,NA
290,65,count-odds,tourney,FALSE,20,elitize_generation_data,289,37,0.76,NA
291,65,count-odds,tourney,FALSE,20,elitize_generation_data,290,35,0.749,NA
292,65,count-odds,tourney,FALSE,20,elitize_generation_data,291,32,0.768,NA
293,65,count-odds,tourney,FALSE,20,elitize_generation_data,292,34,0.794,NA
294,65,count-odds,tourney,FALSE,20,elitize_generation_data,293,25,0.771,NA
295,65,count-odds,tourney,FALSE,20,elitize_generation_data,294,31,0.79,NA
296,65,count-odds,tourney,FALSE,20,elitize_generation_data,295,30,0.772,NA
297,65,count-odds,tourney,FALSE,20,elitize_generation_data,296,28,0.775,NA
298,65,count-odds,tourney,FALSE,20,elitize_generation_data,297,29,0.771,NA
299,65,count-odds,tourney,FALSE,20,elitize_generation_data,298,28,0.789,NA
300,65,count-odds,tourney,FALSE,20,elitize_generation_data,299,34,0.779,NA
301,65,count-odds,tourney,FALSE,20,elitize_generation_data,300,38,0.775,NA
