,run.num,problem,treatment,succeeded,height,normalization.function,generation,cluster.count,error.diversity,success.generation
1,95,count-odds,tourney,FALSE,20,elitize_generation_data,0,6,0.187,NA
2,95,count-odds,tourney,FALSE,20,elitize_generation_data,1,7,0.096,NA
3,95,count-odds,tourney,FALSE,20,elitize_generation_data,2,4,0.054,NA
4,95,count-odds,tourney,FALSE,20,elitize_generation_data,3,5,0.057,NA
5,95,count-odds,tourney,FALSE,20,elitize_generation_data,4,3,0.075,NA
6,95,count-odds,tourney,FALSE,20,elitize_generation_data,5,7,0.089,NA
7,95,count-odds,tourney,FALSE,20,elitize_generation_data,6,5,0.147,NA
8,95,count-odds,tourney,FALSE,20,elitize_generation_data,7,8,0.231,NA
9,95,count-odds,tourney,FALSE,20,elitize_generation_data,8,7,0.276,NA
10,95,count-odds,tourney,FALSE,20,elitize_generation_data,9,11,0.267,NA
11,95,count-odds,tourney,FALSE,20,elitize_generation_data,10,9,0.33,NA
12,95,count-odds,tourney,FALSE,20,elitize_generation_data,11,9,0.336,NA
13,95,count-odds,tourney,FALSE,20,elitize_generation_data,12,13,0.302,NA
14,95,count-odds,tourney,FALSE,20,elitize_generation_data,13,9,0.258,NA
15,95,count-odds,tourney,FALSE,20,elitize_generation_data,14,8,0.164,NA
16,95,count-odds,tourney,FALSE,20,elitize_generation_data,15,7,0.198,NA
17,95,count-odds,tourney,FALSE,20,elitize_generation_data,16,7,0.291,NA
18,95,count-odds,tourney,FALSE,20,elitize_generation_data,17,12,0.407,NA
19,95,count-odds,tourney,FALSE,20,elitize_generation_data,18,12,0.525,NA
20,95,count-odds,tourney,FALSE,20,elitize_generation_data,19,11,0.564,NA
21,95,count-odds,tourney,FALSE,20,elitize_generation_data,20,12,0.636,NA
22,95,count-odds,tourney,FALSE,20,elitize_generation_data,21,13,0.58,NA
23,95,count-odds,tourney,FALSE,20,elitize_generation_data,22,12,0.571,NA
24,95,count-odds,tourney,FALSE,20,elitize_generation_data,23,8,0.539,NA
25,95,count-odds,tourney,FALSE,20,elitize_generation_data,24,8,0.543,NA
26,95,count-odds,tourney,FALSE,20,elitize_generation_data,25,9,0.577,NA
27,95,count-odds,tourney,FALSE,20,elitize_generation_data,26,9,0.537,NA
28,95,count-odds,tourney,FALSE,20,elitize_generation_data,27,7,0.487,NA
29,95,count-odds,tourney,FALSE,20,elitize_generation_data,28,9,0.517,NA
30,95,count-odds,tourney,FALSE,20,elitize_generation_data,29,4,0.506,NA
31,95,count-odds,tourney,FALSE,20,elitize_generation_data,30,4,0.512,NA
32,95,count-odds,tourney,FALSE,20,elitize_generation_data,31,5,0.512,NA
33,95,count-odds,tourney,FALSE,20,elitize_generation_data,32,5,0.513,NA
34,95,count-odds,tourney,FALSE,20,elitize_generation_data,33,6,0.507,NA
35,95,count-odds,tourney,FALSE,20,elitize_generation_data,34,6,0.502,NA
36,95,count-odds,tourney,FALSE,20,elitize_generation_data,35,4,0.48,NA
37,95,count-odds,tourney,FALSE,20,elitize_generation_data,36,9,0.474,NA
38,95,count-odds,tourney,FALSE,20,elitize_generation_data,37,3,0.512,NA
39,95,count-odds,tourney,FALSE,20,elitize_generation_data,38,4,0.518,NA
40,95,count-odds,tourney,FALSE,20,elitize_generation_data,39,6,0.491,NA
41,95,count-odds,tourney,FALSE,20,elitize_generation_data,40,7,0.512,NA
42,95,count-odds,tourney,FALSE,20,elitize_generation_data,41,7,0.481,NA
43,95,count-odds,tourney,FALSE,20,elitize_generation_data,42,6,0.457,NA
44,95,count-odds,tourney,FALSE,20,elitize_generation_data,43,5,0.487,NA
45,95,count-odds,tourney,FALSE,20,elitize_generation_data,44,6,0.493,NA
46,95,count-odds,tourney,FALSE,20,elitize_generation_data,45,10,0.508,NA
47,95,count-odds,tourney,FALSE,20,elitize_generation_data,46,8,0.504,NA
48,95,count-odds,tourney,FALSE,20,elitize_generation_data,47,7,0.468,NA
49,95,count-odds,tourney,FALSE,20,elitize_generation_data,48,12,0.483,NA
50,95,count-odds,tourney,FALSE,20,elitize_generation_data,49,6,0.494,NA
51,95,count-odds,tourney,FALSE,20,elitize_generation_data,50,7,0.508,NA
52,95,count-odds,tourney,FALSE,20,elitize_generation_data,51,8,0.495,NA
53,95,count-odds,tourney,FALSE,20,elitize_generation_data,52,7,0.544,NA
54,95,count-odds,tourney,FALSE,20,elitize_generation_data,53,6,0.546,NA
55,95,count-odds,tourney,FALSE,20,elitize_generation_data,54,10,0.575,NA
56,95,count-odds,tourney,FALSE,20,elitize_generation_data,55,8,0.589,NA
57,95,count-odds,tourney,FALSE,20,elitize_generation_data,56,8,0.605,NA
58,95,count-odds,tourney,FALSE,20,elitize_generation_data,57,6,0.61,NA
59,95,count-odds,tourney,FALSE,20,elitize_generation_data,58,6,0.603,NA
60,95,count-odds,tourney,FALSE,20,elitize_generation_data,59,8,0.619,NA
61,95,count-odds,tourney,FALSE,20,elitize_generation_data,60,8,0.597,NA
62,95,count-odds,tourney,FALSE,20,elitize_generation_data,61,6,0.582,NA
63,95,count-odds,tourney,FALSE,20,elitize_generation_data,62,9,0.613,NA
64,95,count-odds,tourney,FALSE,20,elitize_generation_data,63,7,0.617,NA
65,95,count-odds,tourney,FALSE,20,elitize_generation_data,64,7,0.608,NA
66,95,count-odds,tourney,FALSE,20,elitize_generation_data,65,5,0.597,NA
67,95,count-odds,tourney,FALSE,20,elitize_generation_data,66,7,0.629,NA
68,95,count-odds,tourney,FALSE,20,elitize_generation_data,67,8,0.664,NA
69,95,count-odds,tourney,FALSE,20,elitize_generation_data,68,6,0.663,NA
70,95,count-odds,tourney,FALSE,20,elitize_generation_data,69,6,0.673,NA
71,95,count-odds,tourney,FALSE,20,elitize_generation_data,70,7,0.694,NA
72,95,count-odds,tourney,FALSE,20,elitize_generation_data,71,4,0.668,NA
73,95,count-odds,tourney,FALSE,20,elitize_generation_data,72,6,0.668,NA
74,95,count-odds,tourney,FALSE,20,elitize_generation_data,73,5,0.67,NA
75,95,count-odds,tourney,FALSE,20,elitize_generation_data,74,4,0.656,NA
76,95,count-odds,tourney,FALSE,20,elitize_generation_data,75,5,0.641,NA
77,95,count-odds,tourney,FALSE,20,elitize_generation_data,76,5,0.689,NA
78,95,count-odds,tourney,FALSE,20,elitize_generation_data,77,4,0.666,NA
79,95,count-odds,tourney,FALSE,20,elitize_generation_data,78,5,0.682,NA
80,95,count-odds,tourney,FALSE,20,elitize_generation_data,79,4,0.685,NA
81,95,count-odds,tourney,FALSE,20,elitize_generation_data,80,8,0.718,NA
82,95,count-odds,tourney,FALSE,20,elitize_generation_data,81,4,0.699,NA
83,95,count-odds,tourney,FALSE,20,elitize_generation_data,82,5,0.706,NA
84,95,count-odds,tourney,FALSE,20,elitize_generation_data,83,4,0.713,NA
85,95,count-odds,tourney,FALSE,20,elitize_generation_data,84,8,0.699,NA
86,95,count-odds,tourney,FALSE,20,elitize_generation_data,85,8,0.712,NA
87,95,count-odds,tourney,FALSE,20,elitize_generation_data,86,4,0.691,NA
88,95,count-odds,tourney,FALSE,20,elitize_generation_data,87,4,0.694,NA
89,95,count-odds,tourney,FALSE,20,elitize_generation_data,88,6,0.708,NA
90,95,count-odds,tourney,FALSE,20,elitize_generation_data,89,6,0.699,NA
91,95,count-odds,tourney,FALSE,20,elitize_generation_data,90,7,0.662,NA
92,95,count-odds,tourney,FALSE,20,elitize_generation_data,91,8,0.685,NA
93,95,count-odds,tourney,FALSE,20,elitize_generation_data,92,5,0.653,NA
94,95,count-odds,tourney,FALSE,20,elitize_generation_data,93,5,0.682,NA
95,95,count-odds,tourney,FALSE,20,elitize_generation_data,94,6,0.673,NA
96,95,count-odds,tourney,FALSE,20,elitize_generation_data,95,6,0.693,NA
97,95,count-odds,tourney,FALSE,20,elitize_generation_data,96,5,0.685,NA
98,95,count-odds,tourney,FALSE,20,elitize_generation_data,97,5,0.681,NA
99,95,count-odds,tourney,FALSE,20,elitize_generation_data,98,8,0.67,NA
100,95,count-odds,tourney,FALSE,20,elitize_generation_data,99,6,0.694,NA
101,95,count-odds,tourney,FALSE,20,elitize_generation_data,100,5,0.716,NA
102,95,count-odds,tourney,FALSE,20,elitize_generation_data,101,6,0.717,NA
103,95,count-odds,tourney,FALSE,20,elitize_generation_data,102,9,0.68,NA
104,95,count-odds,tourney,FALSE,20,elitize_generation_data,103,5,0.686,NA
105,95,count-odds,tourney,FALSE,20,elitize_generation_data,104,5,0.675,NA
106,95,count-odds,tourney,FALSE,20,elitize_generation_data,105,6,0.682,NA
107,95,count-odds,tourney,FALSE,20,elitize_generation_data,106,5,0.68,NA
108,95,count-odds,tourney,FALSE,20,elitize_generation_data,107,8,0.668,NA
109,95,count-odds,tourney,FALSE,20,elitize_generation_data,108,7,0.7,NA
110,95,count-odds,tourney,FALSE,20,elitize_generation_data,109,6,0.716,NA
111,95,count-odds,tourney,FALSE,20,elitize_generation_data,110,4,0.672,NA
112,95,count-odds,tourney,FALSE,20,elitize_generation_data,111,5,0.688,NA
113,95,count-odds,tourney,FALSE,20,elitize_generation_data,112,5,0.672,NA
114,95,count-odds,tourney,FALSE,20,elitize_generation_data,113,5,0.651,NA
115,95,count-odds,tourney,FALSE,20,elitize_generation_data,114,5,0.682,NA
116,95,count-odds,tourney,FALSE,20,elitize_generation_data,115,6,0.668,NA
117,95,count-odds,tourney,FALSE,20,elitize_generation_data,116,5,0.703,NA
118,95,count-odds,tourney,FALSE,20,elitize_generation_data,117,5,0.697,NA
119,95,count-odds,tourney,FALSE,20,elitize_generation_data,118,4,0.715,NA
120,95,count-odds,tourney,FALSE,20,elitize_generation_data,119,4,0.72,NA
121,95,count-odds,tourney,FALSE,20,elitize_generation_data,120,7,0.722,NA
122,95,count-odds,tourney,FALSE,20,elitize_generation_data,121,4,0.719,NA
123,95,count-odds,tourney,FALSE,20,elitize_generation_data,122,5,0.711,NA
124,95,count-odds,tourney,FALSE,20,elitize_generation_data,123,9,0.711,NA
125,95,count-odds,tourney,FALSE,20,elitize_generation_data,124,6,0.721,NA
126,95,count-odds,tourney,FALSE,20,elitize_generation_data,125,6,0.679,NA
127,95,count-odds,tourney,FALSE,20,elitize_generation_data,126,7,0.708,NA
128,95,count-odds,tourney,FALSE,20,elitize_generation_data,127,5,0.678,NA
129,95,count-odds,tourney,FALSE,20,elitize_generation_data,128,5,0.694,NA
130,95,count-odds,tourney,FALSE,20,elitize_generation_data,129,8,0.724,NA
131,95,count-odds,tourney,FALSE,20,elitize_generation_data,130,5,0.691,NA
132,95,count-odds,tourney,FALSE,20,elitize_generation_data,131,7,0.724,NA
133,95,count-odds,tourney,FALSE,20,elitize_generation_data,132,6,0.741,NA
134,95,count-odds,tourney,FALSE,20,elitize_generation_data,133,5,0.707,NA
135,95,count-odds,tourney,FALSE,20,elitize_generation_data,134,8,0.686,NA
136,95,count-odds,tourney,FALSE,20,elitize_generation_data,135,7,0.669,NA
137,95,count-odds,tourney,FALSE,20,elitize_generation_data,136,7,0.691,NA
138,95,count-odds,tourney,FALSE,20,elitize_generation_data,137,8,0.695,NA
139,95,count-odds,tourney,FALSE,20,elitize_generation_data,138,6,0.717,NA
140,95,count-odds,tourney,FALSE,20,elitize_generation_data,139,5,0.71,NA
141,95,count-odds,tourney,FALSE,20,elitize_generation_data,140,5,0.688,NA
142,95,count-odds,tourney,FALSE,20,elitize_generation_data,141,5,0.707,NA
143,95,count-odds,tourney,FALSE,20,elitize_generation_data,142,9,0.712,NA
144,95,count-odds,tourney,FALSE,20,elitize_generation_data,143,6,0.697,NA
145,95,count-odds,tourney,FALSE,20,elitize_generation_data,144,9,0.682,NA
146,95,count-odds,tourney,FALSE,20,elitize_generation_data,145,7,0.705,NA
147,95,count-odds,tourney,FALSE,20,elitize_generation_data,146,5,0.721,NA
148,95,count-odds,tourney,FALSE,20,elitize_generation_data,147,8,0.718,NA
149,95,count-odds,tourney,FALSE,20,elitize_generation_data,148,6,0.688,NA
150,95,count-odds,tourney,FALSE,20,elitize_generation_data,149,9,0.695,NA
151,95,count-odds,tourney,FALSE,20,elitize_generation_data,150,8,0.688,NA
152,95,count-odds,tourney,FALSE,20,elitize_generation_data,151,6,0.682,NA
153,95,count-odds,tourney,FALSE,20,elitize_generation_data,152,7,0.678,NA
154,95,count-odds,tourney,FALSE,20,elitize_generation_data,153,8,0.694,NA
155,95,count-odds,tourney,FALSE,20,elitize_generation_data,154,8,0.676,NA
156,95,count-odds,tourney,FALSE,20,elitize_generation_data,155,6,0.669,NA
157,95,count-odds,tourney,FALSE,20,elitize_generation_data,156,8,0.674,NA
158,95,count-odds,tourney,FALSE,20,elitize_generation_data,157,6,0.672,NA
159,95,count-odds,tourney,FALSE,20,elitize_generation_data,158,8,0.675,NA
160,95,count-odds,tourney,FALSE,20,elitize_generation_data,159,10,0.659,NA
161,95,count-odds,tourney,FALSE,20,elitize_generation_data,160,7,0.675,NA
162,95,count-odds,tourney,FALSE,20,elitize_generation_data,161,7,0.686,NA
163,95,count-odds,tourney,FALSE,20,elitize_generation_data,162,6,0.674,NA
164,95,count-odds,tourney,FALSE,20,elitize_generation_data,163,7,0.673,NA
165,95,count-odds,tourney,FALSE,20,elitize_generation_data,164,8,0.686,NA
166,95,count-odds,tourney,FALSE,20,elitize_generation_data,165,7,0.694,NA
167,95,count-odds,tourney,FALSE,20,elitize_generation_data,166,7,0.702,NA
168,95,count-odds,tourney,FALSE,20,elitize_generation_data,167,4,0.692,NA
169,95,count-odds,tourney,FALSE,20,elitize_generation_data,168,6,0.661,NA
170,95,count-odds,tourney,FALSE,20,elitize_generation_data,169,7,0.646,NA
171,95,count-odds,tourney,FALSE,20,elitize_generation_data,170,4,0.644,NA
172,95,count-odds,tourney,FALSE,20,elitize_generation_data,171,7,0.639,NA
173,95,count-odds,tourney,FALSE,20,elitize_generation_data,172,9,0.655,NA
174,95,count-odds,tourney,FALSE,20,elitize_generation_data,173,6,0.651,NA
175,95,count-odds,tourney,FALSE,20,elitize_generation_data,174,9,0.647,NA
176,95,count-odds,tourney,FALSE,20,elitize_generation_data,175,7,0.668,NA
177,95,count-odds,tourney,FALSE,20,elitize_generation_data,176,6,0.656,NA
178,95,count-odds,tourney,FALSE,20,elitize_generation_data,177,7,0.636,NA
179,95,count-odds,tourney,FALSE,20,elitize_generation_data,178,6,0.646,NA
180,95,count-odds,tourney,FALSE,20,elitize_generation_data,179,8,0.631,NA
181,95,count-odds,tourney,FALSE,20,elitize_generation_data,180,6,0.638,NA
182,95,count-odds,tourney,FALSE,20,elitize_generation_data,181,9,0.642,NA
183,95,count-odds,tourney,FALSE,20,elitize_generation_data,182,9,0.645,NA
184,95,count-odds,tourney,FALSE,20,elitize_generation_data,183,8,0.649,NA
185,95,count-odds,tourney,FALSE,20,elitize_generation_data,184,6,0.636,NA
186,95,count-odds,tourney,FALSE,20,elitize_generation_data,185,8,0.662,NA
187,95,count-odds,tourney,FALSE,20,elitize_generation_data,186,12,0.654,NA
188,95,count-odds,tourney,FALSE,20,elitize_generation_data,187,6,0.641,NA
189,95,count-odds,tourney,FALSE,20,elitize_generation_data,188,8,0.615,NA
190,95,count-odds,tourney,FALSE,20,elitize_generation_data,189,9,0.65,NA
191,95,count-odds,tourney,FALSE,20,elitize_generation_data,190,6,0.659,NA
192,95,count-odds,tourney,FALSE,20,elitize_generation_data,191,6,0.635,NA
193,95,count-odds,tourney,FALSE,20,elitize_generation_data,192,5,0.664,NA
194,95,count-odds,tourney,FALSE,20,elitize_generation_data,193,6,0.655,NA
195,95,count-odds,tourney,FALSE,20,elitize_generation_data,194,7,0.637,NA
196,95,count-odds,tourney,FALSE,20,elitize_generation_data,195,8,0.672,NA
197,95,count-odds,tourney,FALSE,20,elitize_generation_data,196,7,0.679,NA
198,95,count-odds,tourney,FALSE,20,elitize_generation_data,197,9,0.677,NA
199,95,count-odds,tourney,FALSE,20,elitize_generation_data,198,8,0.673,NA
200,95,count-odds,tourney,FALSE,20,elitize_generation_data,199,7,0.646,NA
201,95,count-odds,tourney,FALSE,20,elitize_generation_data,200,6,0.637,NA
202,95,count-odds,tourney,FALSE,20,elitize_generation_data,201,8,0.655,NA
203,95,count-odds,tourney,FALSE,20,elitize_generation_data,202,6,0.655,NA
204,95,count-odds,tourney,FALSE,20,elitize_generation_data,203,6,0.629,NA
205,95,count-odds,tourney,FALSE,20,elitize_generation_data,204,7,0.642,NA
206,95,count-odds,tourney,FALSE,20,elitize_generation_data,205,7,0.645,NA
207,95,count-odds,tourney,FALSE,20,elitize_generation_data,206,8,0.639,NA
208,95,count-odds,tourney,FALSE,20,elitize_generation_data,207,7,0.625,NA
209,95,count-odds,tourney,FALSE,20,elitize_generation_data,208,6,0.652,NA
210,95,count-odds,tourney,FALSE,20,elitize_generation_data,209,5,0.62,NA
211,95,count-odds,tourney,FALSE,20,elitize_generation_data,210,8,0.659,NA
212,95,count-odds,tourney,FALSE,20,elitize_generation_data,211,7,0.632,NA
213,95,count-odds,tourney,FALSE,20,elitize_generation_data,212,7,0.633,NA
214,95,count-odds,tourney,FALSE,20,elitize_generation_data,213,6,0.625,NA
215,95,count-odds,tourney,FALSE,20,elitize_generation_data,214,7,0.645,NA
216,95,count-odds,tourney,FALSE,20,elitize_generation_data,215,7,0.671,NA
217,95,count-odds,tourney,FALSE,20,elitize_generation_data,216,8,0.65,NA
218,95,count-odds,tourney,FALSE,20,elitize_generation_data,217,7,0.663,NA
219,95,count-odds,tourney,FALSE,20,elitize_generation_data,218,5,0.656,NA
220,95,count-odds,tourney,FALSE,20,elitize_generation_data,219,6,0.636,NA
221,95,count-odds,tourney,FALSE,20,elitize_generation_data,220,5,0.64,NA
222,95,count-odds,tourney,FALSE,20,elitize_generation_data,221,7,0.632,NA
223,95,count-odds,tourney,FALSE,20,elitize_generation_data,222,8,0.669,NA
224,95,count-odds,tourney,FALSE,20,elitize_generation_data,223,7,0.641,NA
225,95,count-odds,tourney,FALSE,20,elitize_generation_data,224,10,0.646,NA
226,95,count-odds,tourney,FALSE,20,elitize_generation_data,225,7,0.648,NA
227,95,count-odds,tourney,FALSE,20,elitize_generation_data,226,8,0.644,NA
228,95,count-odds,tourney,FALSE,20,elitize_generation_data,227,7,0.632,NA
229,95,count-odds,tourney,FALSE,20,elitize_generation_data,228,5,0.637,NA
230,95,count-odds,tourney,FALSE,20,elitize_generation_data,229,8,0.619,NA
231,95,count-odds,tourney,FALSE,20,elitize_generation_data,230,8,0.672,NA
232,95,count-odds,tourney,FALSE,20,elitize_generation_data,231,6,0.647,NA
233,95,count-odds,tourney,FALSE,20,elitize_generation_data,232,9,0.651,NA
234,95,count-odds,tourney,FALSE,20,elitize_generation_data,233,9,0.665,NA
235,95,count-odds,tourney,FALSE,20,elitize_generation_data,234,5,0.655,NA
236,95,count-odds,tourney,FALSE,20,elitize_generation_data,235,8,0.641,NA
237,95,count-odds,tourney,FALSE,20,elitize_generation_data,236,6,0.642,NA
238,95,count-odds,tourney,FALSE,20,elitize_generation_data,237,4,0.641,NA
239,95,count-odds,tourney,FALSE,20,elitize_generation_data,238,8,0.658,NA
240,95,count-odds,tourney,FALSE,20,elitize_generation_data,239,7,0.654,NA
241,95,count-odds,tourney,FALSE,20,elitize_generation_data,240,5,0.66,NA
242,95,count-odds,tourney,FALSE,20,elitize_generation_data,241,6,0.665,NA
243,95,count-odds,tourney,FALSE,20,elitize_generation_data,242,7,0.677,NA
244,95,count-odds,tourney,FALSE,20,elitize_generation_data,243,7,0.643,NA
245,95,count-odds,tourney,FALSE,20,elitize_generation_data,244,9,0.636,NA
246,95,count-odds,tourney,FALSE,20,elitize_generation_data,245,8,0.645,NA
247,95,count-odds,tourney,FALSE,20,elitize_generation_data,246,8,0.663,NA
248,95,count-odds,tourney,FALSE,20,elitize_generation_data,247,8,0.672,NA
249,95,count-odds,tourney,FALSE,20,elitize_generation_data,248,11,0.655,NA
250,95,count-odds,tourney,FALSE,20,elitize_generation_data,249,7,0.669,NA
251,95,count-odds,tourney,FALSE,20,elitize_generation_data,250,7,0.691,NA
252,95,count-odds,tourney,FALSE,20,elitize_generation_data,251,8,0.646,NA
253,95,count-odds,tourney,FALSE,20,elitize_generation_data,252,10,0.67,NA
254,95,count-odds,tourney,FALSE,20,elitize_generation_data,253,5,0.674,NA
255,95,count-odds,tourney,FALSE,20,elitize_generation_data,254,6,0.654,NA
256,95,count-odds,tourney,FALSE,20,elitize_generation_data,255,6,0.658,NA
257,95,count-odds,tourney,FALSE,20,elitize_generation_data,256,8,0.648,NA
258,95,count-odds,tourney,FALSE,20,elitize_generation_data,257,6,0.657,NA
259,95,count-odds,tourney,FALSE,20,elitize_generation_data,258,5,0.661,NA
260,95,count-odds,tourney,FALSE,20,elitize_generation_data,259,7,0.677,NA
261,95,count-odds,tourney,FALSE,20,elitize_generation_data,260,7,0.665,NA
262,95,count-odds,tourney,FALSE,20,elitize_generation_data,261,5,0.681,NA
263,95,count-odds,tourney,FALSE,20,elitize_generation_data,262,8,0.664,NA
264,95,count-odds,tourney,FALSE,20,elitize_generation_data,263,5,0.655,NA
265,95,count-odds,tourney,FALSE,20,elitize_generation_data,264,10,0.67,NA
266,95,count-odds,tourney,FALSE,20,elitize_generation_data,265,8,0.675,NA
267,95,count-odds,tourney,FALSE,20,elitize_generation_data,266,9,0.662,NA
268,95,count-odds,tourney,FALSE,20,elitize_generation_data,267,7,0.647,NA
269,95,count-odds,tourney,FALSE,20,elitize_generation_data,268,9,0.642,NA
270,95,count-odds,tourney,FALSE,20,elitize_generation_data,269,7,0.664,NA
271,95,count-odds,tourney,FALSE,20,elitize_generation_data,270,6,0.658,NA
272,95,count-odds,tourney,FALSE,20,elitize_generation_data,271,6,0.683,NA
273,95,count-odds,tourney,FALSE,20,elitize_generation_data,272,8,0.658,NA
274,95,count-odds,tourney,FALSE,20,elitize_generation_data,273,7,0.644,NA
275,95,count-odds,tourney,FALSE,20,elitize_generation_data,274,9,0.658,NA
276,95,count-odds,tourney,FALSE,20,elitize_generation_data,275,5,0.676,NA
277,95,count-odds,tourney,FALSE,20,elitize_generation_data,276,5,0.672,NA
278,95,count-odds,tourney,FALSE,20,elitize_generation_data,277,6,0.681,NA
279,95,count-odds,tourney,FALSE,20,elitize_generation_data,278,5,0.66,NA
280,95,count-odds,tourney,FALSE,20,elitize_generation_data,279,8,0.628,NA
281,95,count-odds,tourney,FALSE,20,elitize_generation_data,280,6,0.61,NA
282,95,count-odds,tourney,FALSE,20,elitize_generation_data,281,6,0.605,NA
283,95,count-odds,tourney,FALSE,20,elitize_generation_data,282,6,0.639,NA
284,95,count-odds,tourney,FALSE,20,elitize_generation_data,283,9,0.644,NA
285,95,count-odds,tourney,FALSE,20,elitize_generation_data,284,8,0.646,NA
286,95,count-odds,tourney,FALSE,20,elitize_generation_data,285,8,0.666,NA
287,95,count-odds,tourney,FALSE,20,elitize_generation_data,286,8,0.663,NA
288,95,count-odds,tourney,FALSE,20,elitize_generation_data,287,9,0.616,NA
289,95,count-odds,tourney,FALSE,20,elitize_generation_data,288,9,0.658,NA
290,95,count-odds,tourney,FALSE,20,elitize_generation_data,289,6,0.639,NA
291,95,count-odds,tourney,FALSE,20,elitize_generation_data,290,8,0.651,NA
292,95,count-odds,tourney,FALSE,20,elitize_generation_data,291,5,0.637,NA
293,95,count-odds,tourney,FALSE,20,elitize_generation_data,292,8,0.642,NA
294,95,count-odds,tourney,FALSE,20,elitize_generation_data,293,9,0.644,NA
295,95,count-odds,tourney,FALSE,20,elitize_generation_data,294,8,0.631,NA
296,95,count-odds,tourney,FALSE,20,elitize_generation_data,295,6,0.682,NA
297,95,count-odds,tourney,FALSE,20,elitize_generation_data,296,6,0.626,NA
298,95,count-odds,tourney,FALSE,20,elitize_generation_data,297,9,0.652,NA
299,95,count-odds,tourney,FALSE,20,elitize_generation_data,298,5,0.642,NA
300,95,count-odds,tourney,FALSE,20,elitize_generation_data,299,7,0.629,NA
301,95,count-odds,tourney,FALSE,20,elitize_generation_data,300,5,0.664,NA
