,run.num,problem,treatment,succeeded,height,normalization.function,generation,cluster.count,error.diversity,success.generation
1,9,count-odds,tourney,FALSE,20,elitize_generation_data,0,7,0.179,NA
2,9,count-odds,tourney,FALSE,20,elitize_generation_data,1,10,0.101,NA
3,9,count-odds,tourney,FALSE,20,elitize_generation_data,2,8,0.057,NA
4,9,count-odds,tourney,FALSE,20,elitize_generation_data,3,6,0.05,NA
5,9,count-odds,tourney,FALSE,20,elitize_generation_data,4,7,0.044,NA
6,9,count-odds,tourney,FALSE,20,elitize_generation_data,5,7,0.046,NA
7,9,count-odds,tourney,FALSE,20,elitize_generation_data,6,8,0.066,NA
8,9,count-odds,tourney,FALSE,20,elitize_generation_data,7,8,0.096,NA
9,9,count-odds,tourney,FALSE,20,elitize_generation_data,8,8,0.143,NA
10,9,count-odds,tourney,FALSE,20,elitize_generation_data,9,7,0.185,NA
11,9,count-odds,tourney,FALSE,20,elitize_generation_data,10,5,0.165,NA
12,9,count-odds,tourney,FALSE,20,elitize_generation_data,11,6,0.185,NA
13,9,count-odds,tourney,FALSE,20,elitize_generation_data,12,9,0.212,NA
14,9,count-odds,tourney,FALSE,20,elitize_generation_data,13,11,0.232,NA
15,9,count-odds,tourney,FALSE,20,elitize_generation_data,14,11,0.292,NA
16,9,count-odds,tourney,FALSE,20,elitize_generation_data,15,9,0.33,NA
17,9,count-odds,tourney,FALSE,20,elitize_generation_data,16,11,0.294,NA
18,9,count-odds,tourney,FALSE,20,elitize_generation_data,17,12,0.29,NA
19,9,count-odds,tourney,FALSE,20,elitize_generation_data,18,12,0.269,NA
20,9,count-odds,tourney,FALSE,20,elitize_generation_data,19,9,0.238,NA
21,9,count-odds,tourney,FALSE,20,elitize_generation_data,20,16,0.22,NA
22,9,count-odds,tourney,FALSE,20,elitize_generation_data,21,13,0.21,NA
23,9,count-odds,tourney,FALSE,20,elitize_generation_data,22,14,0.223,NA
24,9,count-odds,tourney,FALSE,20,elitize_generation_data,23,9,0.263,NA
25,9,count-odds,tourney,FALSE,20,elitize_generation_data,24,11,0.227,NA
26,9,count-odds,tourney,FALSE,20,elitize_generation_data,25,13,0.214,NA
27,9,count-odds,tourney,FALSE,20,elitize_generation_data,26,8,0.227,NA
28,9,count-odds,tourney,FALSE,20,elitize_generation_data,27,10,0.227,NA
29,9,count-odds,tourney,FALSE,20,elitize_generation_data,28,10,0.252,NA
30,9,count-odds,tourney,FALSE,20,elitize_generation_data,29,10,0.252,NA
31,9,count-odds,tourney,FALSE,20,elitize_generation_data,30,6,0.205,NA
32,9,count-odds,tourney,FALSE,20,elitize_generation_data,31,7,0.234,NA
33,9,count-odds,tourney,FALSE,20,elitize_generation_data,32,9,0.246,NA
34,9,count-odds,tourney,FALSE,20,elitize_generation_data,33,11,0.268,NA
35,9,count-odds,tourney,FALSE,20,elitize_generation_data,34,7,0.263,NA
36,9,count-odds,tourney,FALSE,20,elitize_generation_data,35,12,0.252,NA
37,9,count-odds,tourney,FALSE,20,elitize_generation_data,36,11,0.277,NA
38,9,count-odds,tourney,FALSE,20,elitize_generation_data,37,6,0.289,NA
39,9,count-odds,tourney,FALSE,20,elitize_generation_data,38,12,0.318,NA
40,9,count-odds,tourney,FALSE,20,elitize_generation_data,39,11,0.359,NA
41,9,count-odds,tourney,FALSE,20,elitize_generation_data,40,11,0.431,NA
42,9,count-odds,tourney,FALSE,20,elitize_generation_data,41,11,0.494,NA
43,9,count-odds,tourney,FALSE,20,elitize_generation_data,42,8,0.537,NA
44,9,count-odds,tourney,FALSE,20,elitize_generation_data,43,11,0.585,NA
45,9,count-odds,tourney,FALSE,20,elitize_generation_data,44,7,0.616,NA
46,9,count-odds,tourney,FALSE,20,elitize_generation_data,45,7,0.585,NA
47,9,count-odds,tourney,FALSE,20,elitize_generation_data,46,9,0.606,NA
48,9,count-odds,tourney,FALSE,20,elitize_generation_data,47,11,0.622,NA
49,9,count-odds,tourney,FALSE,20,elitize_generation_data,48,8,0.611,NA
50,9,count-odds,tourney,FALSE,20,elitize_generation_data,49,9,0.64,NA
51,9,count-odds,tourney,FALSE,20,elitize_generation_data,50,9,0.671,NA
52,9,count-odds,tourney,FALSE,20,elitize_generation_data,51,7,0.654,NA
53,9,count-odds,tourney,FALSE,20,elitize_generation_data,52,15,0.678,NA
54,9,count-odds,tourney,FALSE,20,elitize_generation_data,53,11,0.665,NA
55,9,count-odds,tourney,FALSE,20,elitize_generation_data,54,10,0.657,NA
56,9,count-odds,tourney,FALSE,20,elitize_generation_data,55,11,0.662,NA
57,9,count-odds,tourney,FALSE,20,elitize_generation_data,56,14,0.645,NA
58,9,count-odds,tourney,FALSE,20,elitize_generation_data,57,11,0.625,NA
59,9,count-odds,tourney,FALSE,20,elitize_generation_data,58,11,0.655,NA
60,9,count-odds,tourney,FALSE,20,elitize_generation_data,59,8,0.64,NA
61,9,count-odds,tourney,FALSE,20,elitize_generation_data,60,10,0.658,NA
62,9,count-odds,tourney,FALSE,20,elitize_generation_data,61,11,0.671,NA
63,9,count-odds,tourney,FALSE,20,elitize_generation_data,62,11,0.644,NA
64,9,count-odds,tourney,FALSE,20,elitize_generation_data,63,12,0.607,NA
65,9,count-odds,tourney,FALSE,20,elitize_generation_data,64,10,0.622,NA
66,9,count-odds,tourney,FALSE,20,elitize_generation_data,65,11,0.655,NA
67,9,count-odds,tourney,FALSE,20,elitize_generation_data,66,12,0.638,NA
68,9,count-odds,tourney,FALSE,20,elitize_generation_data,67,8,0.633,NA
69,9,count-odds,tourney,FALSE,20,elitize_generation_data,68,9,0.625,NA
70,9,count-odds,tourney,FALSE,20,elitize_generation_data,69,13,0.604,NA
71,9,count-odds,tourney,FALSE,20,elitize_generation_data,70,8,0.625,NA
72,9,count-odds,tourney,FALSE,20,elitize_generation_data,71,9,0.631,NA
73,9,count-odds,tourney,FALSE,20,elitize_generation_data,72,12,0.619,NA
74,9,count-odds,tourney,FALSE,20,elitize_generation_data,73,11,0.626,NA
75,9,count-odds,tourney,FALSE,20,elitize_generation_data,74,11,0.65,NA
76,9,count-odds,tourney,FALSE,20,elitize_generation_data,75,13,0.676,NA
77,9,count-odds,tourney,FALSE,20,elitize_generation_data,76,9,0.626,NA
78,9,count-odds,tourney,FALSE,20,elitize_generation_data,77,11,0.646,NA
79,9,count-odds,tourney,FALSE,20,elitize_generation_data,78,13,0.62,NA
80,9,count-odds,tourney,FALSE,20,elitize_generation_data,79,12,0.64,NA
81,9,count-odds,tourney,FALSE,20,elitize_generation_data,80,9,0.628,NA
82,9,count-odds,tourney,FALSE,20,elitize_generation_data,81,11,0.686,NA
83,9,count-odds,tourney,FALSE,20,elitize_generation_data,82,14,0.694,NA
84,9,count-odds,tourney,FALSE,20,elitize_generation_data,83,9,0.682,NA
85,9,count-odds,tourney,FALSE,20,elitize_generation_data,84,10,0.651,NA
86,9,count-odds,tourney,FALSE,20,elitize_generation_data,85,6,0.673,NA
87,9,count-odds,tourney,FALSE,20,elitize_generation_data,86,9,0.656,NA
88,9,count-odds,tourney,FALSE,20,elitize_generation_data,87,9,0.664,NA
89,9,count-odds,tourney,FALSE,20,elitize_generation_data,88,10,0.667,NA
90,9,count-odds,tourney,FALSE,20,elitize_generation_data,89,11,0.648,NA
91,9,count-odds,tourney,FALSE,20,elitize_generation_data,90,7,0.654,NA
92,9,count-odds,tourney,FALSE,20,elitize_generation_data,91,9,0.649,NA
93,9,count-odds,tourney,FALSE,20,elitize_generation_data,92,9,0.655,NA
94,9,count-odds,tourney,FALSE,20,elitize_generation_data,93,9,0.703,NA
95,9,count-odds,tourney,FALSE,20,elitize_generation_data,94,9,0.698,NA
96,9,count-odds,tourney,FALSE,20,elitize_generation_data,95,11,0.736,NA
97,9,count-odds,tourney,FALSE,20,elitize_generation_data,96,7,0.701,NA
98,9,count-odds,tourney,FALSE,20,elitize_generation_data,97,5,0.698,NA
99,9,count-odds,tourney,FALSE,20,elitize_generation_data,98,10,0.71,NA
100,9,count-odds,tourney,FALSE,20,elitize_generation_data,99,12,0.713,NA
101,9,count-odds,tourney,FALSE,20,elitize_generation_data,100,10,0.693,NA
102,9,count-odds,tourney,FALSE,20,elitize_generation_data,101,6,0.685,NA
103,9,count-odds,tourney,FALSE,20,elitize_generation_data,102,9,0.707,NA
104,9,count-odds,tourney,FALSE,20,elitize_generation_data,103,10,0.688,NA
105,9,count-odds,tourney,FALSE,20,elitize_generation_data,104,8,0.676,NA
106,9,count-odds,tourney,FALSE,20,elitize_generation_data,105,11,0.671,NA
107,9,count-odds,tourney,FALSE,20,elitize_generation_data,106,8,0.689,NA
108,9,count-odds,tourney,FALSE,20,elitize_generation_data,107,12,0.714,NA
109,9,count-odds,tourney,FALSE,20,elitize_generation_data,108,9,0.713,NA
110,9,count-odds,tourney,FALSE,20,elitize_generation_data,109,10,0.72,NA
111,9,count-odds,tourney,FALSE,20,elitize_generation_data,110,8,0.719,NA
112,9,count-odds,tourney,FALSE,20,elitize_generation_data,111,7,0.713,NA
113,9,count-odds,tourney,FALSE,20,elitize_generation_data,112,12,0.751,NA
114,9,count-odds,tourney,FALSE,20,elitize_generation_data,113,12,0.757,NA
115,9,count-odds,tourney,FALSE,20,elitize_generation_data,114,8,0.724,NA
116,9,count-odds,tourney,FALSE,20,elitize_generation_data,115,11,0.719,NA
117,9,count-odds,tourney,FALSE,20,elitize_generation_data,116,8,0.69,NA
118,9,count-odds,tourney,FALSE,20,elitize_generation_data,117,10,0.701,NA
119,9,count-odds,tourney,FALSE,20,elitize_generation_data,118,16,0.686,NA
120,9,count-odds,tourney,FALSE,20,elitize_generation_data,119,12,0.683,NA
121,9,count-odds,tourney,FALSE,20,elitize_generation_data,120,10,0.679,NA
122,9,count-odds,tourney,FALSE,20,elitize_generation_data,121,9,0.686,NA
123,9,count-odds,tourney,FALSE,20,elitize_generation_data,122,9,0.683,NA
124,9,count-odds,tourney,FALSE,20,elitize_generation_data,123,9,0.693,NA
125,9,count-odds,tourney,FALSE,20,elitize_generation_data,124,7,0.688,NA
126,9,count-odds,tourney,FALSE,20,elitize_generation_data,125,11,0.693,NA
127,9,count-odds,tourney,FALSE,20,elitize_generation_data,126,8,0.699,NA
128,9,count-odds,tourney,FALSE,20,elitize_generation_data,127,8,0.695,NA
129,9,count-odds,tourney,FALSE,20,elitize_generation_data,128,8,0.691,NA
130,9,count-odds,tourney,FALSE,20,elitize_generation_data,129,12,0.691,NA
131,9,count-odds,tourney,FALSE,20,elitize_generation_data,130,8,0.706,NA
132,9,count-odds,tourney,FALSE,20,elitize_generation_data,131,9,0.68,NA
133,9,count-odds,tourney,FALSE,20,elitize_generation_data,132,9,0.671,NA
134,9,count-odds,tourney,FALSE,20,elitize_generation_data,133,10,0.692,NA
135,9,count-odds,tourney,FALSE,20,elitize_generation_data,134,12,0.676,NA
136,9,count-odds,tourney,FALSE,20,elitize_generation_data,135,8,0.689,NA
137,9,count-odds,tourney,FALSE,20,elitize_generation_data,136,10,0.704,NA
138,9,count-odds,tourney,FALSE,20,elitize_generation_data,137,10,0.704,NA
139,9,count-odds,tourney,FALSE,20,elitize_generation_data,138,10,0.681,NA
140,9,count-odds,tourney,FALSE,20,elitize_generation_data,139,11,0.686,NA
141,9,count-odds,tourney,FALSE,20,elitize_generation_data,140,9,0.665,NA
142,9,count-odds,tourney,FALSE,20,elitize_generation_data,141,6,0.688,NA
143,9,count-odds,tourney,FALSE,20,elitize_generation_data,142,12,0.691,NA
144,9,count-odds,tourney,FALSE,20,elitize_generation_data,143,9,0.671,NA
145,9,count-odds,tourney,FALSE,20,elitize_generation_data,144,13,0.69,NA
146,9,count-odds,tourney,FALSE,20,elitize_generation_data,145,9,0.657,NA
147,9,count-odds,tourney,FALSE,20,elitize_generation_data,146,8,0.671,NA
148,9,count-odds,tourney,FALSE,20,elitize_generation_data,147,9,0.684,NA
149,9,count-odds,tourney,FALSE,20,elitize_generation_data,148,11,0.68,NA
150,9,count-odds,tourney,FALSE,20,elitize_generation_data,149,10,0.687,NA
151,9,count-odds,tourney,FALSE,20,elitize_generation_data,150,12,0.69,NA
152,9,count-odds,tourney,FALSE,20,elitize_generation_data,151,10,0.686,NA
153,9,count-odds,tourney,FALSE,20,elitize_generation_data,152,10,0.699,NA
154,9,count-odds,tourney,FALSE,20,elitize_generation_data,153,8,0.686,NA
155,9,count-odds,tourney,FALSE,20,elitize_generation_data,154,11,0.663,NA
156,9,count-odds,tourney,FALSE,20,elitize_generation_data,155,8,0.643,NA
157,9,count-odds,tourney,FALSE,20,elitize_generation_data,156,12,0.652,NA
158,9,count-odds,tourney,FALSE,20,elitize_generation_data,157,12,0.633,NA
159,9,count-odds,tourney,FALSE,20,elitize_generation_data,158,11,0.656,NA
160,9,count-odds,tourney,FALSE,20,elitize_generation_data,159,14,0.673,NA
161,9,count-odds,tourney,FALSE,20,elitize_generation_data,160,11,0.667,NA
162,9,count-odds,tourney,FALSE,20,elitize_generation_data,161,10,0.662,NA
163,9,count-odds,tourney,FALSE,20,elitize_generation_data,162,11,0.684,NA
164,9,count-odds,tourney,FALSE,20,elitize_generation_data,163,8,0.677,NA
165,9,count-odds,tourney,FALSE,20,elitize_generation_data,164,13,0.675,NA
166,9,count-odds,tourney,FALSE,20,elitize_generation_data,165,14,0.696,NA
167,9,count-odds,tourney,FALSE,20,elitize_generation_data,166,10,0.694,NA
168,9,count-odds,tourney,FALSE,20,elitize_generation_data,167,11,0.68,NA
169,9,count-odds,tourney,FALSE,20,elitize_generation_data,168,12,0.682,NA
170,9,count-odds,tourney,FALSE,20,elitize_generation_data,169,11,0.7,NA
171,9,count-odds,tourney,FALSE,20,elitize_generation_data,170,11,0.685,NA
172,9,count-odds,tourney,FALSE,20,elitize_generation_data,171,12,0.661,NA
173,9,count-odds,tourney,FALSE,20,elitize_generation_data,172,9,0.654,NA
174,9,count-odds,tourney,FALSE,20,elitize_generation_data,173,9,0.658,NA
175,9,count-odds,tourney,FALSE,20,elitize_generation_data,174,12,0.676,NA
176,9,count-odds,tourney,FALSE,20,elitize_generation_data,175,12,0.661,NA
177,9,count-odds,tourney,FALSE,20,elitize_generation_data,176,14,0.698,NA
178,9,count-odds,tourney,FALSE,20,elitize_generation_data,177,11,0.67,NA
179,9,count-odds,tourney,FALSE,20,elitize_generation_data,178,11,0.654,NA
180,9,count-odds,tourney,FALSE,20,elitize_generation_data,179,13,0.681,NA
181,9,count-odds,tourney,FALSE,20,elitize_generation_data,180,12,0.684,NA
182,9,count-odds,tourney,FALSE,20,elitize_generation_data,181,12,0.692,NA
183,9,count-odds,tourney,FALSE,20,elitize_generation_data,182,9,0.674,NA
184,9,count-odds,tourney,FALSE,20,elitize_generation_data,183,11,0.675,NA
185,9,count-odds,tourney,FALSE,20,elitize_generation_data,184,11,0.703,NA
186,9,count-odds,tourney,FALSE,20,elitize_generation_data,185,12,0.697,NA
187,9,count-odds,tourney,FALSE,20,elitize_generation_data,186,14,0.712,NA
188,9,count-odds,tourney,FALSE,20,elitize_generation_data,187,11,0.669,NA
189,9,count-odds,tourney,FALSE,20,elitize_generation_data,188,11,0.658,NA
190,9,count-odds,tourney,FALSE,20,elitize_generation_data,189,14,0.687,NA
191,9,count-odds,tourney,FALSE,20,elitize_generation_data,190,11,0.689,NA
192,9,count-odds,tourney,FALSE,20,elitize_generation_data,191,13,0.686,NA
193,9,count-odds,tourney,FALSE,20,elitize_generation_data,192,11,0.696,NA
194,9,count-odds,tourney,FALSE,20,elitize_generation_data,193,11,0.707,NA
195,9,count-odds,tourney,FALSE,20,elitize_generation_data,194,7,0.696,NA
196,9,count-odds,tourney,FALSE,20,elitize_generation_data,195,12,0.694,NA
197,9,count-odds,tourney,FALSE,20,elitize_generation_data,196,7,0.671,NA
198,9,count-odds,tourney,FALSE,20,elitize_generation_data,197,12,0.672,NA
199,9,count-odds,tourney,FALSE,20,elitize_generation_data,198,12,0.688,NA
200,9,count-odds,tourney,FALSE,20,elitize_generation_data,199,13,0.687,NA
201,9,count-odds,tourney,FALSE,20,elitize_generation_data,200,16,0.686,NA
202,9,count-odds,tourney,FALSE,20,elitize_generation_data,201,12,0.704,NA
203,9,count-odds,tourney,FALSE,20,elitize_generation_data,202,10,0.686,NA
204,9,count-odds,tourney,FALSE,20,elitize_generation_data,203,9,0.681,NA
205,9,count-odds,tourney,FALSE,20,elitize_generation_data,204,12,0.681,NA
206,9,count-odds,tourney,FALSE,20,elitize_generation_data,205,8,0.682,NA
207,9,count-odds,tourney,FALSE,20,elitize_generation_data,206,17,0.7,NA
208,9,count-odds,tourney,FALSE,20,elitize_generation_data,207,8,0.684,NA
209,9,count-odds,tourney,FALSE,20,elitize_generation_data,208,9,0.664,NA
210,9,count-odds,tourney,FALSE,20,elitize_generation_data,209,13,0.669,NA
211,9,count-odds,tourney,FALSE,20,elitize_generation_data,210,5,0.695,NA
212,9,count-odds,tourney,FALSE,20,elitize_generation_data,211,8,0.685,NA
213,9,count-odds,tourney,FALSE,20,elitize_generation_data,212,13,0.682,NA
214,9,count-odds,tourney,FALSE,20,elitize_generation_data,213,11,0.678,NA
215,9,count-odds,tourney,FALSE,20,elitize_generation_data,214,12,0.678,NA
216,9,count-odds,tourney,FALSE,20,elitize_generation_data,215,12,0.694,NA
217,9,count-odds,tourney,FALSE,20,elitize_generation_data,216,8,0.699,NA
218,9,count-odds,tourney,FALSE,20,elitize_generation_data,217,11,0.697,NA
219,9,count-odds,tourney,FALSE,20,elitize_generation_data,218,8,0.698,NA
220,9,count-odds,tourney,FALSE,20,elitize_generation_data,219,12,0.696,NA
221,9,count-odds,tourney,FALSE,20,elitize_generation_data,220,12,0.69,NA
222,9,count-odds,tourney,FALSE,20,elitize_generation_data,221,14,0.677,NA
223,9,count-odds,tourney,FALSE,20,elitize_generation_data,222,10,0.696,NA
224,9,count-odds,tourney,FALSE,20,elitize_generation_data,223,11,0.695,NA
225,9,count-odds,tourney,FALSE,20,elitize_generation_data,224,13,0.675,NA
226,9,count-odds,tourney,FALSE,20,elitize_generation_data,225,13,0.697,NA
227,9,count-odds,tourney,FALSE,20,elitize_generation_data,226,11,0.701,NA
228,9,count-odds,tourney,FALSE,20,elitize_generation_data,227,14,0.717,NA
229,9,count-odds,tourney,FALSE,20,elitize_generation_data,228,11,0.688,NA
230,9,count-odds,tourney,FALSE,20,elitize_generation_data,229,11,0.71,NA
231,9,count-odds,tourney,FALSE,20,elitize_generation_data,230,11,0.69,NA
232,9,count-odds,tourney,FALSE,20,elitize_generation_data,231,10,0.659,NA
233,9,count-odds,tourney,FALSE,20,elitize_generation_data,232,10,0.686,NA
234,9,count-odds,tourney,FALSE,20,elitize_generation_data,233,7,0.671,NA
235,9,count-odds,tourney,FALSE,20,elitize_generation_data,234,10,0.667,NA
236,9,count-odds,tourney,FALSE,20,elitize_generation_data,235,13,0.689,NA
237,9,count-odds,tourney,FALSE,20,elitize_generation_data,236,14,0.687,NA
238,9,count-odds,tourney,FALSE,20,elitize_generation_data,237,11,0.684,NA
239,9,count-odds,tourney,FALSE,20,elitize_generation_data,238,16,0.674,NA
240,9,count-odds,tourney,FALSE,20,elitize_generation_data,239,10,0.702,NA
241,9,count-odds,tourney,FALSE,20,elitize_generation_data,240,12,0.73,NA
242,9,count-odds,tourney,FALSE,20,elitize_generation_data,241,9,0.692,NA
243,9,count-odds,tourney,FALSE,20,elitize_generation_data,242,13,0.692,NA
244,9,count-odds,tourney,FALSE,20,elitize_generation_data,243,11,0.7,NA
245,9,count-odds,tourney,FALSE,20,elitize_generation_data,244,15,0.695,NA
246,9,count-odds,tourney,FALSE,20,elitize_generation_data,245,11,0.685,NA
247,9,count-odds,tourney,FALSE,20,elitize_generation_data,246,10,0.681,NA
248,9,count-odds,tourney,FALSE,20,elitize_generation_data,247,13,0.685,NA
249,9,count-odds,tourney,FALSE,20,elitize_generation_data,248,12,0.673,NA
250,9,count-odds,tourney,FALSE,20,elitize_generation_data,249,14,0.672,NA
251,9,count-odds,tourney,FALSE,20,elitize_generation_data,250,9,0.686,NA
252,9,count-odds,tourney,FALSE,20,elitize_generation_data,251,10,0.669,NA
253,9,count-odds,tourney,FALSE,20,elitize_generation_data,252,9,0.671,NA
254,9,count-odds,tourney,FALSE,20,elitize_generation_data,253,7,0.693,NA
255,9,count-odds,tourney,FALSE,20,elitize_generation_data,254,9,0.701,NA
256,9,count-odds,tourney,FALSE,20,elitize_generation_data,255,11,0.693,NA
257,9,count-odds,tourney,FALSE,20,elitize_generation_data,256,14,0.73,NA
258,9,count-odds,tourney,FALSE,20,elitize_generation_data,257,14,0.706,NA
259,9,count-odds,tourney,FALSE,20,elitize_generation_data,258,10,0.698,NA
260,9,count-odds,tourney,FALSE,20,elitize_generation_data,259,14,0.726,NA
261,9,count-odds,tourney,FALSE,20,elitize_generation_data,260,11,0.701,NA
262,9,count-odds,tourney,FALSE,20,elitize_generation_data,261,11,0.699,NA
263,9,count-odds,tourney,FALSE,20,elitize_generation_data,262,11,0.726,NA
264,9,count-odds,tourney,FALSE,20,elitize_generation_data,263,11,0.709,NA
265,9,count-odds,tourney,FALSE,20,elitize_generation_data,264,14,0.698,NA
266,9,count-odds,tourney,FALSE,20,elitize_generation_data,265,12,0.701,NA
267,9,count-odds,tourney,FALSE,20,elitize_generation_data,266,16,0.709,NA
268,9,count-odds,tourney,FALSE,20,elitize_generation_data,267,13,0.711,NA
269,9,count-odds,tourney,FALSE,20,elitize_generation_data,268,11,0.716,NA
270,9,count-odds,tourney,FALSE,20,elitize_generation_data,269,10,0.704,NA
271,9,count-odds,tourney,FALSE,20,elitize_generation_data,270,15,0.682,NA
272,9,count-odds,tourney,FALSE,20,elitize_generation_data,271,15,0.723,NA
273,9,count-odds,tourney,FALSE,20,elitize_generation_data,272,14,0.702,NA
274,9,count-odds,tourney,FALSE,20,elitize_generation_data,273,15,0.681,NA
275,9,count-odds,tourney,FALSE,20,elitize_generation_data,274,18,0.668,NA
276,9,count-odds,tourney,FALSE,20,elitize_generation_data,275,12,0.69,NA
277,9,count-odds,tourney,FALSE,20,elitize_generation_data,276,10,0.704,NA
278,9,count-odds,tourney,FALSE,20,elitize_generation_data,277,10,0.704,NA
279,9,count-odds,tourney,FALSE,20,elitize_generation_data,278,14,0.691,NA
280,9,count-odds,tourney,FALSE,20,elitize_generation_data,279,12,0.712,NA
281,9,count-odds,tourney,FALSE,20,elitize_generation_data,280,11,0.705,NA
282,9,count-odds,tourney,FALSE,20,elitize_generation_data,281,12,0.723,NA
283,9,count-odds,tourney,FALSE,20,elitize_generation_data,282,10,0.732,NA
284,9,count-odds,tourney,FALSE,20,elitize_generation_data,283,13,0.723,NA
285,9,count-odds,tourney,FALSE,20,elitize_generation_data,284,11,0.719,NA
286,9,count-odds,tourney,FALSE,20,elitize_generation_data,285,11,0.711,NA
287,9,count-odds,tourney,FALSE,20,elitize_generation_data,286,13,0.692,NA
288,9,count-odds,tourney,FALSE,20,elitize_generation_data,287,13,0.704,NA
289,9,count-odds,tourney,FALSE,20,elitize_generation_data,288,12,0.663,NA
290,9,count-odds,tourney,FALSE,20,elitize_generation_data,289,18,0.708,NA
291,9,count-odds,tourney,FALSE,20,elitize_generation_data,290,12,0.677,NA
292,9,count-odds,tourney,FALSE,20,elitize_generation_data,291,9,0.662,NA
293,9,count-odds,tourney,FALSE,20,elitize_generation_data,292,11,0.666,NA
294,9,count-odds,tourney,FALSE,20,elitize_generation_data,293,10,0.688,NA
295,9,count-odds,tourney,FALSE,20,elitize_generation_data,294,8,0.7,NA
296,9,count-odds,tourney,FALSE,20,elitize_generation_data,295,13,0.719,NA
297,9,count-odds,tourney,FALSE,20,elitize_generation_data,296,10,0.709,NA
298,9,count-odds,tourney,FALSE,20,elitize_generation_data,297,10,0.695,NA
299,9,count-odds,tourney,FALSE,20,elitize_generation_data,298,13,0.695,NA
300,9,count-odds,tourney,FALSE,20,elitize_generation_data,299,10,0.688,NA
301,9,count-odds,tourney,FALSE,20,elitize_generation_data,300,12,0.708,NA
