,run.num,problem,treatment,succeeded,height,normalization.function,generation,cluster.count,error.diversity,success.generation
1,54,count-odds,tourney,FALSE,20,elitize_generation_data,0,6,0.184,NA
2,54,count-odds,tourney,FALSE,20,elitize_generation_data,1,7,0.106,NA
3,54,count-odds,tourney,FALSE,20,elitize_generation_data,2,8,0.081,NA
4,54,count-odds,tourney,FALSE,20,elitize_generation_data,3,10,0.078,NA
5,54,count-odds,tourney,FALSE,20,elitize_generation_data,4,13,0.073,NA
6,54,count-odds,tourney,FALSE,20,elitize_generation_data,5,14,0.078,NA
7,54,count-odds,tourney,FALSE,20,elitize_generation_data,6,16,0.07,NA
8,54,count-odds,tourney,FALSE,20,elitize_generation_data,7,12,0.103,NA
9,54,count-odds,tourney,FALSE,20,elitize_generation_data,8,10,0.134,NA
10,54,count-odds,tourney,FALSE,20,elitize_generation_data,9,14,0.197,NA
11,54,count-odds,tourney,FALSE,20,elitize_generation_data,10,10,0.243,NA
12,54,count-odds,tourney,FALSE,20,elitize_generation_data,11,9,0.282,NA
13,54,count-odds,tourney,FALSE,20,elitize_generation_data,12,9,0.335,NA
14,54,count-odds,tourney,FALSE,20,elitize_generation_data,13,14,0.43,NA
15,54,count-odds,tourney,FALSE,20,elitize_generation_data,14,14,0.394,NA
16,54,count-odds,tourney,FALSE,20,elitize_generation_data,15,15,0.417,NA
17,54,count-odds,tourney,FALSE,20,elitize_generation_data,16,12,0.452,NA
18,54,count-odds,tourney,FALSE,20,elitize_generation_data,17,15,0.438,NA
19,54,count-odds,tourney,FALSE,20,elitize_generation_data,18,10,0.408,NA
20,54,count-odds,tourney,FALSE,20,elitize_generation_data,19,11,0.444,NA
21,54,count-odds,tourney,FALSE,20,elitize_generation_data,20,12,0.49,NA
22,54,count-odds,tourney,FALSE,20,elitize_generation_data,21,11,0.48,NA
23,54,count-odds,tourney,FALSE,20,elitize_generation_data,22,14,0.403,NA
24,54,count-odds,tourney,FALSE,20,elitize_generation_data,23,11,0.296,NA
25,54,count-odds,tourney,FALSE,20,elitize_generation_data,24,11,0.297,NA
26,54,count-odds,tourney,FALSE,20,elitize_generation_data,25,12,0.301,NA
27,54,count-odds,tourney,FALSE,20,elitize_generation_data,26,13,0.308,NA
28,54,count-odds,tourney,FALSE,20,elitize_generation_data,27,16,0.314,NA
29,54,count-odds,tourney,FALSE,20,elitize_generation_data,28,14,0.322,NA
30,54,count-odds,tourney,FALSE,20,elitize_generation_data,29,14,0.31,NA
31,54,count-odds,tourney,FALSE,20,elitize_generation_data,30,13,0.278,NA
32,54,count-odds,tourney,FALSE,20,elitize_generation_data,31,12,0.31,NA
33,54,count-odds,tourney,FALSE,20,elitize_generation_data,32,13,0.316,NA
34,54,count-odds,tourney,FALSE,20,elitize_generation_data,33,17,0.33,NA
35,54,count-odds,tourney,FALSE,20,elitize_generation_data,34,10,0.323,NA
36,54,count-odds,tourney,FALSE,20,elitize_generation_data,35,12,0.306,NA
37,54,count-odds,tourney,FALSE,20,elitize_generation_data,36,13,0.333,NA
38,54,count-odds,tourney,FALSE,20,elitize_generation_data,37,10,0.335,NA
39,54,count-odds,tourney,FALSE,20,elitize_generation_data,38,14,0.318,NA
40,54,count-odds,tourney,FALSE,20,elitize_generation_data,39,11,0.293,NA
41,54,count-odds,tourney,FALSE,20,elitize_generation_data,40,12,0.302,NA
42,54,count-odds,tourney,FALSE,20,elitize_generation_data,41,14,0.309,NA
43,54,count-odds,tourney,FALSE,20,elitize_generation_data,42,19,0.343,NA
44,54,count-odds,tourney,FALSE,20,elitize_generation_data,43,14,0.288,NA
45,54,count-odds,tourney,FALSE,20,elitize_generation_data,44,12,0.291,NA
46,54,count-odds,tourney,FALSE,20,elitize_generation_data,45,12,0.335,NA
47,54,count-odds,tourney,FALSE,20,elitize_generation_data,46,11,0.297,NA
48,54,count-odds,tourney,FALSE,20,elitize_generation_data,47,15,0.325,NA
49,54,count-odds,tourney,FALSE,20,elitize_generation_data,48,13,0.374,NA
50,54,count-odds,tourney,FALSE,20,elitize_generation_data,49,14,0.402,NA
51,54,count-odds,tourney,FALSE,20,elitize_generation_data,50,17,0.401,NA
52,54,count-odds,tourney,FALSE,20,elitize_generation_data,51,19,0.381,NA
53,54,count-odds,tourney,FALSE,20,elitize_generation_data,52,19,0.337,NA
54,54,count-odds,tourney,FALSE,20,elitize_generation_data,53,24,0.343,NA
55,54,count-odds,tourney,FALSE,20,elitize_generation_data,54,19,0.345,NA
56,54,count-odds,tourney,FALSE,20,elitize_generation_data,55,21,0.366,NA
57,54,count-odds,tourney,FALSE,20,elitize_generation_data,56,20,0.378,NA
58,54,count-odds,tourney,FALSE,20,elitize_generation_data,57,16,0.369,NA
59,54,count-odds,tourney,FALSE,20,elitize_generation_data,58,21,0.342,NA
60,54,count-odds,tourney,FALSE,20,elitize_generation_data,59,19,0.35,NA
61,54,count-odds,tourney,FALSE,20,elitize_generation_data,60,23,0.331,NA
62,54,count-odds,tourney,FALSE,20,elitize_generation_data,61,20,0.338,NA
63,54,count-odds,tourney,FALSE,20,elitize_generation_data,62,15,0.325,NA
64,54,count-odds,tourney,FALSE,20,elitize_generation_data,63,20,0.324,NA
65,54,count-odds,tourney,FALSE,20,elitize_generation_data,64,17,0.328,NA
66,54,count-odds,tourney,FALSE,20,elitize_generation_data,65,14,0.338,NA
67,54,count-odds,tourney,FALSE,20,elitize_generation_data,66,19,0.333,NA
68,54,count-odds,tourney,FALSE,20,elitize_generation_data,67,22,0.35,NA
69,54,count-odds,tourney,FALSE,20,elitize_generation_data,68,16,0.344,NA
70,54,count-odds,tourney,FALSE,20,elitize_generation_data,69,16,0.344,NA
71,54,count-odds,tourney,FALSE,20,elitize_generation_data,70,14,0.343,NA
72,54,count-odds,tourney,FALSE,20,elitize_generation_data,71,14,0.355,NA
73,54,count-odds,tourney,FALSE,20,elitize_generation_data,72,19,0.332,NA
74,54,count-odds,tourney,FALSE,20,elitize_generation_data,73,15,0.322,NA
75,54,count-odds,tourney,FALSE,20,elitize_generation_data,74,18,0.335,NA
76,54,count-odds,tourney,FALSE,20,elitize_generation_data,75,17,0.337,NA
77,54,count-odds,tourney,FALSE,20,elitize_generation_data,76,16,0.338,NA
78,54,count-odds,tourney,FALSE,20,elitize_generation_data,77,13,0.326,NA
79,54,count-odds,tourney,FALSE,20,elitize_generation_data,78,16,0.35,NA
80,54,count-odds,tourney,FALSE,20,elitize_generation_data,79,19,0.358,NA
81,54,count-odds,tourney,FALSE,20,elitize_generation_data,80,15,0.309,NA
82,54,count-odds,tourney,FALSE,20,elitize_generation_data,81,14,0.325,NA
83,54,count-odds,tourney,FALSE,20,elitize_generation_data,82,15,0.32,NA
84,54,count-odds,tourney,FALSE,20,elitize_generation_data,83,15,0.344,NA
85,54,count-odds,tourney,FALSE,20,elitize_generation_data,84,19,0.338,NA
86,54,count-odds,tourney,FALSE,20,elitize_generation_data,85,19,0.361,NA
87,54,count-odds,tourney,FALSE,20,elitize_generation_data,86,18,0.374,NA
88,54,count-odds,tourney,FALSE,20,elitize_generation_data,87,13,0.426,NA
89,54,count-odds,tourney,FALSE,20,elitize_generation_data,88,17,0.446,NA
90,54,count-odds,tourney,FALSE,20,elitize_generation_data,89,15,0.497,NA
91,54,count-odds,tourney,FALSE,20,elitize_generation_data,90,14,0.507,NA
92,54,count-odds,tourney,FALSE,20,elitize_generation_data,91,11,0.541,NA
93,54,count-odds,tourney,FALSE,20,elitize_generation_data,92,14,0.52,NA
94,54,count-odds,tourney,FALSE,20,elitize_generation_data,93,15,0.545,NA
95,54,count-odds,tourney,FALSE,20,elitize_generation_data,94,13,0.522,NA
96,54,count-odds,tourney,FALSE,20,elitize_generation_data,95,21,0.539,NA
97,54,count-odds,tourney,FALSE,20,elitize_generation_data,96,15,0.568,NA
98,54,count-odds,tourney,FALSE,20,elitize_generation_data,97,15,0.552,NA
99,54,count-odds,tourney,FALSE,20,elitize_generation_data,98,15,0.564,NA
100,54,count-odds,tourney,FALSE,20,elitize_generation_data,99,15,0.557,NA
101,54,count-odds,tourney,FALSE,20,elitize_generation_data,100,11,0.518,NA
102,54,count-odds,tourney,FALSE,20,elitize_generation_data,101,16,0.522,NA
103,54,count-odds,tourney,FALSE,20,elitize_generation_data,102,18,0.52,NA
104,54,count-odds,tourney,FALSE,20,elitize_generation_data,103,16,0.516,NA
105,54,count-odds,tourney,FALSE,20,elitize_generation_data,104,14,0.527,NA
106,54,count-odds,tourney,FALSE,20,elitize_generation_data,105,11,0.523,NA
107,54,count-odds,tourney,FALSE,20,elitize_generation_data,106,11,0.531,NA
108,54,count-odds,tourney,FALSE,20,elitize_generation_data,107,13,0.55,NA
109,54,count-odds,tourney,FALSE,20,elitize_generation_data,108,9,0.551,NA
110,54,count-odds,tourney,FALSE,20,elitize_generation_data,109,12,0.504,NA
111,54,count-odds,tourney,FALSE,20,elitize_generation_data,110,11,0.515,NA
112,54,count-odds,tourney,FALSE,20,elitize_generation_data,111,12,0.541,NA
113,54,count-odds,tourney,FALSE,20,elitize_generation_data,112,9,0.521,NA
114,54,count-odds,tourney,FALSE,20,elitize_generation_data,113,14,0.539,NA
115,54,count-odds,tourney,FALSE,20,elitize_generation_data,114,12,0.541,NA
116,54,count-odds,tourney,FALSE,20,elitize_generation_data,115,14,0.527,NA
117,54,count-odds,tourney,FALSE,20,elitize_generation_data,116,8,0.54,NA
118,54,count-odds,tourney,FALSE,20,elitize_generation_data,117,12,0.504,NA
119,54,count-odds,tourney,FALSE,20,elitize_generation_data,118,12,0.527,NA
120,54,count-odds,tourney,FALSE,20,elitize_generation_data,119,13,0.509,NA
121,54,count-odds,tourney,FALSE,20,elitize_generation_data,120,15,0.523,NA
122,54,count-odds,tourney,FALSE,20,elitize_generation_data,121,11,0.523,NA
123,54,count-odds,tourney,FALSE,20,elitize_generation_data,122,11,0.53,NA
124,54,count-odds,tourney,FALSE,20,elitize_generation_data,123,13,0.527,NA
125,54,count-odds,tourney,FALSE,20,elitize_generation_data,124,13,0.548,NA
126,54,count-odds,tourney,FALSE,20,elitize_generation_data,125,9,0.515,NA
127,54,count-odds,tourney,FALSE,20,elitize_generation_data,126,13,0.521,NA
128,54,count-odds,tourney,FALSE,20,elitize_generation_data,127,14,0.516,NA
129,54,count-odds,tourney,FALSE,20,elitize_generation_data,128,15,0.536,NA
130,54,count-odds,tourney,FALSE,20,elitize_generation_data,129,11,0.519,NA
131,54,count-odds,tourney,FALSE,20,elitize_generation_data,130,13,0.521,NA
132,54,count-odds,tourney,FALSE,20,elitize_generation_data,131,15,0.557,NA
133,54,count-odds,tourney,FALSE,20,elitize_generation_data,132,11,0.515,NA
134,54,count-odds,tourney,FALSE,20,elitize_generation_data,133,15,0.529,NA
135,54,count-odds,tourney,FALSE,20,elitize_generation_data,134,12,0.536,NA
136,54,count-odds,tourney,FALSE,20,elitize_generation_data,135,9,0.55,NA
137,54,count-odds,tourney,FALSE,20,elitize_generation_data,136,10,0.528,NA
138,54,count-odds,tourney,FALSE,20,elitize_generation_data,137,11,0.52,NA
139,54,count-odds,tourney,FALSE,20,elitize_generation_data,138,15,0.53,NA
140,54,count-odds,tourney,FALSE,20,elitize_generation_data,139,11,0.546,NA
141,54,count-odds,tourney,FALSE,20,elitize_generation_data,140,9,0.532,NA
142,54,count-odds,tourney,FALSE,20,elitize_generation_data,141,9,0.536,NA
143,54,count-odds,tourney,FALSE,20,elitize_generation_data,142,13,0.553,NA
144,54,count-odds,tourney,FALSE,20,elitize_generation_data,143,11,0.529,NA
145,54,count-odds,tourney,FALSE,20,elitize_generation_data,144,11,0.53,NA
146,54,count-odds,tourney,FALSE,20,elitize_generation_data,145,10,0.52,NA
147,54,count-odds,tourney,FALSE,20,elitize_generation_data,146,10,0.516,NA
148,54,count-odds,tourney,FALSE,20,elitize_generation_data,147,16,0.524,NA
149,54,count-odds,tourney,FALSE,20,elitize_generation_data,148,15,0.529,NA
150,54,count-odds,tourney,FALSE,20,elitize_generation_data,149,14,0.546,NA
151,54,count-odds,tourney,FALSE,20,elitize_generation_data,150,10,0.519,NA
152,54,count-odds,tourney,FALSE,20,elitize_generation_data,151,14,0.539,NA
153,54,count-odds,tourney,FALSE,20,elitize_generation_data,152,10,0.559,NA
154,54,count-odds,tourney,FALSE,20,elitize_generation_data,153,10,0.563,NA
155,54,count-odds,tourney,FALSE,20,elitize_generation_data,154,13,0.527,NA
156,54,count-odds,tourney,FALSE,20,elitize_generation_data,155,10,0.516,NA
157,54,count-odds,tourney,FALSE,20,elitize_generation_data,156,11,0.53,NA
158,54,count-odds,tourney,FALSE,20,elitize_generation_data,157,13,0.54,NA
159,54,count-odds,tourney,FALSE,20,elitize_generation_data,158,14,0.537,NA
160,54,count-odds,tourney,FALSE,20,elitize_generation_data,159,13,0.518,NA
161,54,count-odds,tourney,FALSE,20,elitize_generation_data,160,15,0.519,NA
162,54,count-odds,tourney,FALSE,20,elitize_generation_data,161,12,0.525,NA
163,54,count-odds,tourney,FALSE,20,elitize_generation_data,162,14,0.501,NA
164,54,count-odds,tourney,FALSE,20,elitize_generation_data,163,15,0.546,NA
165,54,count-odds,tourney,FALSE,20,elitize_generation_data,164,12,0.528,NA
166,54,count-odds,tourney,FALSE,20,elitize_generation_data,165,8,0.527,NA
167,54,count-odds,tourney,FALSE,20,elitize_generation_data,166,13,0.528,NA
168,54,count-odds,tourney,FALSE,20,elitize_generation_data,167,13,0.528,NA
169,54,count-odds,tourney,FALSE,20,elitize_generation_data,168,10,0.541,NA
170,54,count-odds,tourney,FALSE,20,elitize_generation_data,169,14,0.532,NA
171,54,count-odds,tourney,FALSE,20,elitize_generation_data,170,11,0.526,NA
172,54,count-odds,tourney,FALSE,20,elitize_generation_data,171,12,0.55,NA
173,54,count-odds,tourney,FALSE,20,elitize_generation_data,172,15,0.524,NA
174,54,count-odds,tourney,FALSE,20,elitize_generation_data,173,14,0.551,NA
175,54,count-odds,tourney,FALSE,20,elitize_generation_data,174,13,0.508,NA
176,54,count-odds,tourney,FALSE,20,elitize_generation_data,175,15,0.523,NA
177,54,count-odds,tourney,FALSE,20,elitize_generation_data,176,10,0.534,NA
178,54,count-odds,tourney,FALSE,20,elitize_generation_data,177,16,0.541,NA
179,54,count-odds,tourney,FALSE,20,elitize_generation_data,178,13,0.494,NA
180,54,count-odds,tourney,FALSE,20,elitize_generation_data,179,15,0.554,NA
181,54,count-odds,tourney,FALSE,20,elitize_generation_data,180,14,0.555,NA
182,54,count-odds,tourney,FALSE,20,elitize_generation_data,181,14,0.555,NA
183,54,count-odds,tourney,FALSE,20,elitize_generation_data,182,17,0.518,NA
184,54,count-odds,tourney,FALSE,20,elitize_generation_data,183,15,0.551,NA
185,54,count-odds,tourney,FALSE,20,elitize_generation_data,184,19,0.543,NA
186,54,count-odds,tourney,FALSE,20,elitize_generation_data,185,11,0.539,NA
187,54,count-odds,tourney,FALSE,20,elitize_generation_data,186,16,0.552,NA
188,54,count-odds,tourney,FALSE,20,elitize_generation_data,187,16,0.533,NA
189,54,count-odds,tourney,FALSE,20,elitize_generation_data,188,15,0.557,NA
190,54,count-odds,tourney,FALSE,20,elitize_generation_data,189,14,0.569,NA
191,54,count-odds,tourney,FALSE,20,elitize_generation_data,190,15,0.551,NA
192,54,count-odds,tourney,FALSE,20,elitize_generation_data,191,14,0.545,NA
193,54,count-odds,tourney,FALSE,20,elitize_generation_data,192,12,0.514,NA
194,54,count-odds,tourney,FALSE,20,elitize_generation_data,193,15,0.572,NA
195,54,count-odds,tourney,FALSE,20,elitize_generation_data,194,12,0.546,NA
196,54,count-odds,tourney,FALSE,20,elitize_generation_data,195,12,0.579,NA
197,54,count-odds,tourney,FALSE,20,elitize_generation_data,196,11,0.557,NA
198,54,count-odds,tourney,FALSE,20,elitize_generation_data,197,15,0.565,NA
199,54,count-odds,tourney,FALSE,20,elitize_generation_data,198,16,0.555,NA
200,54,count-odds,tourney,FALSE,20,elitize_generation_data,199,17,0.561,NA
201,54,count-odds,tourney,FALSE,20,elitize_generation_data,200,19,0.549,NA
202,54,count-odds,tourney,FALSE,20,elitize_generation_data,201,12,0.521,NA
203,54,count-odds,tourney,FALSE,20,elitize_generation_data,202,11,0.529,NA
204,54,count-odds,tourney,FALSE,20,elitize_generation_data,203,11,0.534,NA
205,54,count-odds,tourney,FALSE,20,elitize_generation_data,204,12,0.542,NA
206,54,count-odds,tourney,FALSE,20,elitize_generation_data,205,14,0.568,NA
207,54,count-odds,tourney,FALSE,20,elitize_generation_data,206,13,0.533,NA
208,54,count-odds,tourney,FALSE,20,elitize_generation_data,207,14,0.543,NA
209,54,count-odds,tourney,FALSE,20,elitize_generation_data,208,12,0.56,NA
210,54,count-odds,tourney,FALSE,20,elitize_generation_data,209,16,0.564,NA
211,54,count-odds,tourney,FALSE,20,elitize_generation_data,210,17,0.537,NA
212,54,count-odds,tourney,FALSE,20,elitize_generation_data,211,15,0.535,NA
213,54,count-odds,tourney,FALSE,20,elitize_generation_data,212,16,0.531,NA
214,54,count-odds,tourney,FALSE,20,elitize_generation_data,213,14,0.543,NA
215,54,count-odds,tourney,FALSE,20,elitize_generation_data,214,16,0.549,NA
216,54,count-odds,tourney,FALSE,20,elitize_generation_data,215,17,0.549,NA
217,54,count-odds,tourney,FALSE,20,elitize_generation_data,216,14,0.536,NA
218,54,count-odds,tourney,FALSE,20,elitize_generation_data,217,16,0.562,NA
219,54,count-odds,tourney,FALSE,20,elitize_generation_data,218,14,0.541,NA
220,54,count-odds,tourney,FALSE,20,elitize_generation_data,219,16,0.537,NA
221,54,count-odds,tourney,FALSE,20,elitize_generation_data,220,20,0.527,NA
222,54,count-odds,tourney,FALSE,20,elitize_generation_data,221,13,0.522,NA
223,54,count-odds,tourney,FALSE,20,elitize_generation_data,222,11,0.545,NA
224,54,count-odds,tourney,FALSE,20,elitize_generation_data,223,19,0.542,NA
225,54,count-odds,tourney,FALSE,20,elitize_generation_data,224,14,0.542,NA
226,54,count-odds,tourney,FALSE,20,elitize_generation_data,225,12,0.551,NA
227,54,count-odds,tourney,FALSE,20,elitize_generation_data,226,16,0.55,NA
228,54,count-odds,tourney,FALSE,20,elitize_generation_data,227,18,0.544,NA
229,54,count-odds,tourney,FALSE,20,elitize_generation_data,228,14,0.542,NA
230,54,count-odds,tourney,FALSE,20,elitize_generation_data,229,12,0.538,NA
231,54,count-odds,tourney,FALSE,20,elitize_generation_data,230,15,0.53,NA
232,54,count-odds,tourney,FALSE,20,elitize_generation_data,231,11,0.529,NA
233,54,count-odds,tourney,FALSE,20,elitize_generation_data,232,14,0.535,NA
234,54,count-odds,tourney,FALSE,20,elitize_generation_data,233,19,0.544,NA
235,54,count-odds,tourney,FALSE,20,elitize_generation_data,234,15,0.538,NA
236,54,count-odds,tourney,FALSE,20,elitize_generation_data,235,14,0.533,NA
237,54,count-odds,tourney,FALSE,20,elitize_generation_data,236,17,0.55,NA
238,54,count-odds,tourney,FALSE,20,elitize_generation_data,237,13,0.541,NA
239,54,count-odds,tourney,FALSE,20,elitize_generation_data,238,11,0.52,NA
240,54,count-odds,tourney,FALSE,20,elitize_generation_data,239,13,0.54,NA
241,54,count-odds,tourney,FALSE,20,elitize_generation_data,240,14,0.533,NA
242,54,count-odds,tourney,FALSE,20,elitize_generation_data,241,13,0.517,NA
243,54,count-odds,tourney,FALSE,20,elitize_generation_data,242,17,0.534,NA
244,54,count-odds,tourney,FALSE,20,elitize_generation_data,243,15,0.536,NA
245,54,count-odds,tourney,FALSE,20,elitize_generation_data,244,20,0.532,NA
246,54,count-odds,tourney,FALSE,20,elitize_generation_data,245,15,0.515,NA
247,54,count-odds,tourney,FALSE,20,elitize_generation_data,246,10,0.548,NA
248,54,count-odds,tourney,FALSE,20,elitize_generation_data,247,15,0.544,NA
249,54,count-odds,tourney,FALSE,20,elitize_generation_data,248,12,0.535,NA
250,54,count-odds,tourney,FALSE,20,elitize_generation_data,249,17,0.568,NA
251,54,count-odds,tourney,FALSE,20,elitize_generation_data,250,15,0.574,NA
252,54,count-odds,tourney,FALSE,20,elitize_generation_data,251,15,0.52,NA
253,54,count-odds,tourney,FALSE,20,elitize_generation_data,252,12,0.575,NA
254,54,count-odds,tourney,FALSE,20,elitize_generation_data,253,14,0.603,NA
255,54,count-odds,tourney,FALSE,20,elitize_generation_data,254,16,0.629,NA
256,54,count-odds,tourney,FALSE,20,elitize_generation_data,255,18,0.618,NA
257,54,count-odds,tourney,FALSE,20,elitize_generation_data,256,14,0.626,NA
258,54,count-odds,tourney,FALSE,20,elitize_generation_data,257,13,0.652,NA
259,54,count-odds,tourney,FALSE,20,elitize_generation_data,258,12,0.657,NA
260,54,count-odds,tourney,FALSE,20,elitize_generation_data,259,16,0.69,NA
261,54,count-odds,tourney,FALSE,20,elitize_generation_data,260,20,0.699,NA
262,54,count-odds,tourney,FALSE,20,elitize_generation_data,261,14,0.674,NA
263,54,count-odds,tourney,FALSE,20,elitize_generation_data,262,12,0.68,NA
264,54,count-odds,tourney,FALSE,20,elitize_generation_data,263,13,0.677,NA
265,54,count-odds,tourney,FALSE,20,elitize_generation_data,264,16,0.675,NA
266,54,count-odds,tourney,FALSE,20,elitize_generation_data,265,16,0.651,NA
267,54,count-odds,tourney,FALSE,20,elitize_generation_data,266,14,0.646,NA
268,54,count-odds,tourney,FALSE,20,elitize_generation_data,267,13,0.662,NA
269,54,count-odds,tourney,FALSE,20,elitize_generation_data,268,16,0.664,NA
270,54,count-odds,tourney,FALSE,20,elitize_generation_data,269,16,0.647,NA
271,54,count-odds,tourney,FALSE,20,elitize_generation_data,270,11,0.663,NA
272,54,count-odds,tourney,FALSE,20,elitize_generation_data,271,12,0.707,NA
273,54,count-odds,tourney,FALSE,20,elitize_generation_data,272,13,0.688,NA
274,54,count-odds,tourney,FALSE,20,elitize_generation_data,273,10,0.678,NA
275,54,count-odds,tourney,FALSE,20,elitize_generation_data,274,13,0.678,NA
276,54,count-odds,tourney,FALSE,20,elitize_generation_data,275,13,0.686,NA
277,54,count-odds,tourney,FALSE,20,elitize_generation_data,276,12,0.656,NA
278,54,count-odds,tourney,FALSE,20,elitize_generation_data,277,14,0.656,NA
279,54,count-odds,tourney,FALSE,20,elitize_generation_data,278,15,0.688,NA
280,54,count-odds,tourney,FALSE,20,elitize_generation_data,279,11,0.685,NA
281,54,count-odds,tourney,FALSE,20,elitize_generation_data,280,15,0.672,NA
282,54,count-odds,tourney,FALSE,20,elitize_generation_data,281,14,0.68,NA
283,54,count-odds,tourney,FALSE,20,elitize_generation_data,282,16,0.688,NA
284,54,count-odds,tourney,FALSE,20,elitize_generation_data,283,17,0.688,NA
285,54,count-odds,tourney,FALSE,20,elitize_generation_data,284,18,0.677,NA
286,54,count-odds,tourney,FALSE,20,elitize_generation_data,285,13,0.68,NA
287,54,count-odds,tourney,FALSE,20,elitize_generation_data,286,11,0.708,NA
288,54,count-odds,tourney,FALSE,20,elitize_generation_data,287,14,0.672,NA
289,54,count-odds,tourney,FALSE,20,elitize_generation_data,288,16,0.67,NA
290,54,count-odds,tourney,FALSE,20,elitize_generation_data,289,11,0.641,NA
291,54,count-odds,tourney,FALSE,20,elitize_generation_data,290,13,0.673,NA
292,54,count-odds,tourney,FALSE,20,elitize_generation_data,291,17,0.653,NA
293,54,count-odds,tourney,FALSE,20,elitize_generation_data,292,10,0.667,NA
294,54,count-odds,tourney,FALSE,20,elitize_generation_data,293,15,0.664,NA
295,54,count-odds,tourney,FALSE,20,elitize_generation_data,294,14,0.705,NA
296,54,count-odds,tourney,FALSE,20,elitize_generation_data,295,12,0.716,NA
297,54,count-odds,tourney,FALSE,20,elitize_generation_data,296,14,0.686,NA
298,54,count-odds,tourney,FALSE,20,elitize_generation_data,297,17,0.688,NA
299,54,count-odds,tourney,FALSE,20,elitize_generation_data,298,14,0.706,NA
300,54,count-odds,tourney,FALSE,20,elitize_generation_data,299,16,0.672,NA
301,54,count-odds,tourney,FALSE,20,elitize_generation_data,300,18,0.644,NA
