,run.num,problem,treatment,succeeded,height,normalization.function,generation,cluster.count,error.diversity,success.generation
1,44,count-odds,tourney,FALSE,20,elitize_generation_data,0,6,0.187,NA
2,44,count-odds,tourney,FALSE,20,elitize_generation_data,1,8,0.087,NA
3,44,count-odds,tourney,FALSE,20,elitize_generation_data,2,5,0.073,NA
4,44,count-odds,tourney,FALSE,20,elitize_generation_data,3,10,0.056,NA
5,44,count-odds,tourney,FALSE,20,elitize_generation_data,4,15,0.077,NA
6,44,count-odds,tourney,FALSE,20,elitize_generation_data,5,14,0.157,NA
7,44,count-odds,tourney,FALSE,20,elitize_generation_data,6,11,0.199,NA
8,44,count-odds,tourney,FALSE,20,elitize_generation_data,7,14,0.196,NA
9,44,count-odds,tourney,FALSE,20,elitize_generation_data,8,15,0.221,NA
10,44,count-odds,tourney,FALSE,20,elitize_generation_data,9,12,0.212,NA
11,44,count-odds,tourney,FALSE,20,elitize_generation_data,10,13,0.262,NA
12,44,count-odds,tourney,FALSE,20,elitize_generation_data,11,16,0.31,NA
13,44,count-odds,tourney,FALSE,20,elitize_generation_data,12,12,0.324,NA
14,44,count-odds,tourney,FALSE,20,elitize_generation_data,13,17,0.353,NA
15,44,count-odds,tourney,FALSE,20,elitize_generation_data,14,12,0.387,NA
16,44,count-odds,tourney,FALSE,20,elitize_generation_data,15,13,0.395,NA
17,44,count-odds,tourney,FALSE,20,elitize_generation_data,16,13,0.406,NA
18,44,count-odds,tourney,FALSE,20,elitize_generation_data,17,14,0.392,NA
19,44,count-odds,tourney,FALSE,20,elitize_generation_data,18,11,0.399,NA
20,44,count-odds,tourney,FALSE,20,elitize_generation_data,19,14,0.398,NA
21,44,count-odds,tourney,FALSE,20,elitize_generation_data,20,12,0.438,NA
22,44,count-odds,tourney,FALSE,20,elitize_generation_data,21,12,0.439,NA
23,44,count-odds,tourney,FALSE,20,elitize_generation_data,22,10,0.484,NA
24,44,count-odds,tourney,FALSE,20,elitize_generation_data,23,10,0.508,NA
25,44,count-odds,tourney,FALSE,20,elitize_generation_data,24,12,0.513,NA
26,44,count-odds,tourney,FALSE,20,elitize_generation_data,25,12,0.532,NA
27,44,count-odds,tourney,FALSE,20,elitize_generation_data,26,9,0.497,NA
28,44,count-odds,tourney,FALSE,20,elitize_generation_data,27,13,0.544,NA
29,44,count-odds,tourney,FALSE,20,elitize_generation_data,28,11,0.551,NA
30,44,count-odds,tourney,FALSE,20,elitize_generation_data,29,14,0.542,NA
31,44,count-odds,tourney,FALSE,20,elitize_generation_data,30,15,0.535,NA
32,44,count-odds,tourney,FALSE,20,elitize_generation_data,31,12,0.528,NA
33,44,count-odds,tourney,FALSE,20,elitize_generation_data,32,9,0.528,NA
34,44,count-odds,tourney,FALSE,20,elitize_generation_data,33,11,0.49,NA
35,44,count-odds,tourney,FALSE,20,elitize_generation_data,34,10,0.497,NA
36,44,count-odds,tourney,FALSE,20,elitize_generation_data,35,11,0.475,NA
37,44,count-odds,tourney,FALSE,20,elitize_generation_data,36,11,0.478,NA
38,44,count-odds,tourney,FALSE,20,elitize_generation_data,37,12,0.445,NA
39,44,count-odds,tourney,FALSE,20,elitize_generation_data,38,9,0.427,NA
40,44,count-odds,tourney,FALSE,20,elitize_generation_data,39,10,0.443,NA
41,44,count-odds,tourney,FALSE,20,elitize_generation_data,40,6,0.452,NA
42,44,count-odds,tourney,FALSE,20,elitize_generation_data,41,8,0.441,NA
43,44,count-odds,tourney,FALSE,20,elitize_generation_data,42,8,0.45,NA
44,44,count-odds,tourney,FALSE,20,elitize_generation_data,43,9,0.458,NA
45,44,count-odds,tourney,FALSE,20,elitize_generation_data,44,8,0.451,NA
46,44,count-odds,tourney,FALSE,20,elitize_generation_data,45,8,0.45,NA
47,44,count-odds,tourney,FALSE,20,elitize_generation_data,46,8,0.431,NA
48,44,count-odds,tourney,FALSE,20,elitize_generation_data,47,10,0.449,NA
49,44,count-odds,tourney,FALSE,20,elitize_generation_data,48,7,0.418,NA
50,44,count-odds,tourney,FALSE,20,elitize_generation_data,49,10,0.441,NA
51,44,count-odds,tourney,FALSE,20,elitize_generation_data,50,10,0.462,NA
52,44,count-odds,tourney,FALSE,20,elitize_generation_data,51,9,0.458,NA
53,44,count-odds,tourney,FALSE,20,elitize_generation_data,52,6,0.462,NA
54,44,count-odds,tourney,FALSE,20,elitize_generation_data,53,9,0.477,NA
55,44,count-odds,tourney,FALSE,20,elitize_generation_data,54,7,0.472,NA
56,44,count-odds,tourney,FALSE,20,elitize_generation_data,55,10,0.465,NA
57,44,count-odds,tourney,FALSE,20,elitize_generation_data,56,9,0.45,NA
58,44,count-odds,tourney,FALSE,20,elitize_generation_data,57,8,0.491,NA
59,44,count-odds,tourney,FALSE,20,elitize_generation_data,58,5,0.491,NA
60,44,count-odds,tourney,FALSE,20,elitize_generation_data,59,8,0.517,NA
61,44,count-odds,tourney,FALSE,20,elitize_generation_data,60,9,0.489,NA
62,44,count-odds,tourney,FALSE,20,elitize_generation_data,61,9,0.474,NA
63,44,count-odds,tourney,FALSE,20,elitize_generation_data,62,7,0.45,NA
64,44,count-odds,tourney,FALSE,20,elitize_generation_data,63,8,0.458,NA
65,44,count-odds,tourney,FALSE,20,elitize_generation_data,64,7,0.463,NA
66,44,count-odds,tourney,FALSE,20,elitize_generation_data,65,9,0.478,NA
67,44,count-odds,tourney,FALSE,20,elitize_generation_data,66,8,0.487,NA
68,44,count-odds,tourney,FALSE,20,elitize_generation_data,67,7,0.501,NA
69,44,count-odds,tourney,FALSE,20,elitize_generation_data,68,8,0.517,NA
70,44,count-odds,tourney,FALSE,20,elitize_generation_data,69,7,0.537,NA
71,44,count-odds,tourney,FALSE,20,elitize_generation_data,70,8,0.557,NA
72,44,count-odds,tourney,FALSE,20,elitize_generation_data,71,6,0.568,NA
73,44,count-odds,tourney,FALSE,20,elitize_generation_data,72,11,0.581,NA
74,44,count-odds,tourney,FALSE,20,elitize_generation_data,73,8,0.583,NA
75,44,count-odds,tourney,FALSE,20,elitize_generation_data,74,6,0.571,NA
76,44,count-odds,tourney,FALSE,20,elitize_generation_data,75,7,0.55,NA
77,44,count-odds,tourney,FALSE,20,elitize_generation_data,76,7,0.54,NA
78,44,count-odds,tourney,FALSE,20,elitize_generation_data,77,11,0.551,NA
79,44,count-odds,tourney,FALSE,20,elitize_generation_data,78,9,0.539,NA
80,44,count-odds,tourney,FALSE,20,elitize_generation_data,79,10,0.538,NA
81,44,count-odds,tourney,FALSE,20,elitize_generation_data,80,7,0.553,NA
82,44,count-odds,tourney,FALSE,20,elitize_generation_data,81,7,0.544,NA
83,44,count-odds,tourney,FALSE,20,elitize_generation_data,82,9,0.551,NA
84,44,count-odds,tourney,FALSE,20,elitize_generation_data,83,9,0.558,NA
85,44,count-odds,tourney,FALSE,20,elitize_generation_data,84,8,0.537,NA
86,44,count-odds,tourney,FALSE,20,elitize_generation_data,85,12,0.548,NA
87,44,count-odds,tourney,FALSE,20,elitize_generation_data,86,12,0.562,NA
88,44,count-odds,tourney,FALSE,20,elitize_generation_data,87,12,0.549,NA
89,44,count-odds,tourney,FALSE,20,elitize_generation_data,88,9,0.552,NA
90,44,count-odds,tourney,FALSE,20,elitize_generation_data,89,10,0.537,NA
91,44,count-odds,tourney,FALSE,20,elitize_generation_data,90,12,0.536,NA
92,44,count-odds,tourney,FALSE,20,elitize_generation_data,91,9,0.525,NA
93,44,count-odds,tourney,FALSE,20,elitize_generation_data,92,9,0.521,NA
94,44,count-odds,tourney,FALSE,20,elitize_generation_data,93,9,0.516,NA
95,44,count-odds,tourney,FALSE,20,elitize_generation_data,94,9,0.56,NA
96,44,count-odds,tourney,FALSE,20,elitize_generation_data,95,14,0.534,NA
97,44,count-odds,tourney,FALSE,20,elitize_generation_data,96,13,0.541,NA
98,44,count-odds,tourney,FALSE,20,elitize_generation_data,97,11,0.545,NA
99,44,count-odds,tourney,FALSE,20,elitize_generation_data,98,12,0.52,NA
100,44,count-odds,tourney,FALSE,20,elitize_generation_data,99,12,0.546,NA
101,44,count-odds,tourney,FALSE,20,elitize_generation_data,100,12,0.567,NA
102,44,count-odds,tourney,FALSE,20,elitize_generation_data,101,11,0.554,NA
103,44,count-odds,tourney,FALSE,20,elitize_generation_data,102,15,0.597,NA
104,44,count-odds,tourney,FALSE,20,elitize_generation_data,103,14,0.571,NA
105,44,count-odds,tourney,FALSE,20,elitize_generation_data,104,13,0.561,NA
106,44,count-odds,tourney,FALSE,20,elitize_generation_data,105,10,0.562,NA
107,44,count-odds,tourney,FALSE,20,elitize_generation_data,106,13,0.57,NA
108,44,count-odds,tourney,FALSE,20,elitize_generation_data,107,12,0.532,NA
109,44,count-odds,tourney,FALSE,20,elitize_generation_data,108,11,0.579,NA
110,44,count-odds,tourney,FALSE,20,elitize_generation_data,109,13,0.594,NA
111,44,count-odds,tourney,FALSE,20,elitize_generation_data,110,10,0.555,NA
112,44,count-odds,tourney,FALSE,20,elitize_generation_data,111,12,0.572,NA
113,44,count-odds,tourney,FALSE,20,elitize_generation_data,112,12,0.543,NA
114,44,count-odds,tourney,FALSE,20,elitize_generation_data,113,12,0.561,NA
115,44,count-odds,tourney,FALSE,20,elitize_generation_data,114,12,0.561,NA
116,44,count-odds,tourney,FALSE,20,elitize_generation_data,115,8,0.602,NA
117,44,count-odds,tourney,FALSE,20,elitize_generation_data,116,16,0.561,NA
118,44,count-odds,tourney,FALSE,20,elitize_generation_data,117,13,0.574,NA
119,44,count-odds,tourney,FALSE,20,elitize_generation_data,118,10,0.601,NA
120,44,count-odds,tourney,FALSE,20,elitize_generation_data,119,11,0.63,NA
121,44,count-odds,tourney,FALSE,20,elitize_generation_data,120,11,0.625,NA
122,44,count-odds,tourney,FALSE,20,elitize_generation_data,121,13,0.613,NA
123,44,count-odds,tourney,FALSE,20,elitize_generation_data,122,9,0.631,NA
124,44,count-odds,tourney,FALSE,20,elitize_generation_data,123,14,0.629,NA
125,44,count-odds,tourney,FALSE,20,elitize_generation_data,124,10,0.644,NA
126,44,count-odds,tourney,FALSE,20,elitize_generation_data,125,13,0.63,NA
127,44,count-odds,tourney,FALSE,20,elitize_generation_data,126,8,0.608,NA
128,44,count-odds,tourney,FALSE,20,elitize_generation_data,127,10,0.63,NA
129,44,count-odds,tourney,FALSE,20,elitize_generation_data,128,12,0.616,NA
130,44,count-odds,tourney,FALSE,20,elitize_generation_data,129,10,0.63,NA
131,44,count-odds,tourney,FALSE,20,elitize_generation_data,130,11,0.605,NA
132,44,count-odds,tourney,FALSE,20,elitize_generation_data,131,10,0.605,NA
133,44,count-odds,tourney,FALSE,20,elitize_generation_data,132,10,0.599,NA
134,44,count-odds,tourney,FALSE,20,elitize_generation_data,133,10,0.608,NA
135,44,count-odds,tourney,FALSE,20,elitize_generation_data,134,12,0.578,NA
136,44,count-odds,tourney,FALSE,20,elitize_generation_data,135,9,0.587,NA
137,44,count-odds,tourney,FALSE,20,elitize_generation_data,136,12,0.638,NA
138,44,count-odds,tourney,FALSE,20,elitize_generation_data,137,8,0.588,NA
139,44,count-odds,tourney,FALSE,20,elitize_generation_data,138,9,0.602,NA
140,44,count-odds,tourney,FALSE,20,elitize_generation_data,139,11,0.593,NA
141,44,count-odds,tourney,FALSE,20,elitize_generation_data,140,9,0.588,NA
142,44,count-odds,tourney,FALSE,20,elitize_generation_data,141,12,0.573,NA
143,44,count-odds,tourney,FALSE,20,elitize_generation_data,142,15,0.599,NA
144,44,count-odds,tourney,FALSE,20,elitize_generation_data,143,12,0.605,NA
145,44,count-odds,tourney,FALSE,20,elitize_generation_data,144,12,0.608,NA
146,44,count-odds,tourney,FALSE,20,elitize_generation_data,145,11,0.613,NA
147,44,count-odds,tourney,FALSE,20,elitize_generation_data,146,11,0.593,NA
148,44,count-odds,tourney,FALSE,20,elitize_generation_data,147,14,0.602,NA
149,44,count-odds,tourney,FALSE,20,elitize_generation_data,148,12,0.606,NA
150,44,count-odds,tourney,FALSE,20,elitize_generation_data,149,13,0.58,NA
151,44,count-odds,tourney,FALSE,20,elitize_generation_data,150,8,0.59,NA
152,44,count-odds,tourney,FALSE,20,elitize_generation_data,151,12,0.602,NA
153,44,count-odds,tourney,FALSE,20,elitize_generation_data,152,14,0.601,NA
154,44,count-odds,tourney,FALSE,20,elitize_generation_data,153,8,0.576,NA
155,44,count-odds,tourney,FALSE,20,elitize_generation_data,154,11,0.574,NA
156,44,count-odds,tourney,FALSE,20,elitize_generation_data,155,10,0.577,NA
157,44,count-odds,tourney,FALSE,20,elitize_generation_data,156,10,0.614,NA
158,44,count-odds,tourney,FALSE,20,elitize_generation_data,157,12,0.611,NA
159,44,count-odds,tourney,FALSE,20,elitize_generation_data,158,10,0.553,NA
160,44,count-odds,tourney,FALSE,20,elitize_generation_data,159,13,0.589,NA
161,44,count-odds,tourney,FALSE,20,elitize_generation_data,160,10,0.636,NA
162,44,count-odds,tourney,FALSE,20,elitize_generation_data,161,11,0.622,NA
163,44,count-odds,tourney,FALSE,20,elitize_generation_data,162,9,0.595,NA
164,44,count-odds,tourney,FALSE,20,elitize_generation_data,163,10,0.579,NA
165,44,count-odds,tourney,FALSE,20,elitize_generation_data,164,11,0.57,NA
166,44,count-odds,tourney,FALSE,20,elitize_generation_data,165,14,0.582,NA
167,44,count-odds,tourney,FALSE,20,elitize_generation_data,166,10,0.565,NA
168,44,count-odds,tourney,FALSE,20,elitize_generation_data,167,11,0.591,NA
169,44,count-odds,tourney,FALSE,20,elitize_generation_data,168,11,0.559,NA
170,44,count-odds,tourney,FALSE,20,elitize_generation_data,169,13,0.581,NA
171,44,count-odds,tourney,FALSE,20,elitize_generation_data,170,9,0.561,NA
172,44,count-odds,tourney,FALSE,20,elitize_generation_data,171,11,0.566,NA
173,44,count-odds,tourney,FALSE,20,elitize_generation_data,172,11,0.585,NA
174,44,count-odds,tourney,FALSE,20,elitize_generation_data,173,12,0.6,NA
175,44,count-odds,tourney,FALSE,20,elitize_generation_data,174,12,0.646,NA
176,44,count-odds,tourney,FALSE,20,elitize_generation_data,175,10,0.632,NA
177,44,count-odds,tourney,FALSE,20,elitize_generation_data,176,13,0.682,NA
178,44,count-odds,tourney,FALSE,20,elitize_generation_data,177,12,0.636,NA
179,44,count-odds,tourney,FALSE,20,elitize_generation_data,178,10,0.662,NA
180,44,count-odds,tourney,FALSE,20,elitize_generation_data,179,13,0.644,NA
181,44,count-odds,tourney,FALSE,20,elitize_generation_data,180,11,0.678,NA
182,44,count-odds,tourney,FALSE,20,elitize_generation_data,181,10,0.684,NA
183,44,count-odds,tourney,FALSE,20,elitize_generation_data,182,11,0.702,NA
184,44,count-odds,tourney,FALSE,20,elitize_generation_data,183,13,0.711,NA
185,44,count-odds,tourney,FALSE,20,elitize_generation_data,184,12,0.694,NA
186,44,count-odds,tourney,FALSE,20,elitize_generation_data,185,9,0.688,NA
187,44,count-odds,tourney,FALSE,20,elitize_generation_data,186,10,0.713,NA
188,44,count-odds,tourney,FALSE,20,elitize_generation_data,187,9,0.686,NA
189,44,count-odds,tourney,FALSE,20,elitize_generation_data,188,11,0.719,NA
190,44,count-odds,tourney,FALSE,20,elitize_generation_data,189,10,0.709,NA
191,44,count-odds,tourney,FALSE,20,elitize_generation_data,190,8,0.717,NA
192,44,count-odds,tourney,FALSE,20,elitize_generation_data,191,10,0.706,NA
193,44,count-odds,tourney,FALSE,20,elitize_generation_data,192,13,0.733,NA
194,44,count-odds,tourney,FALSE,20,elitize_generation_data,193,9,0.746,NA
195,44,count-odds,tourney,FALSE,20,elitize_generation_data,194,17,0.731,NA
196,44,count-odds,tourney,FALSE,20,elitize_generation_data,195,11,0.739,NA
197,44,count-odds,tourney,FALSE,20,elitize_generation_data,196,12,0.727,NA
198,44,count-odds,tourney,FALSE,20,elitize_generation_data,197,11,0.74,NA
199,44,count-odds,tourney,FALSE,20,elitize_generation_data,198,13,0.722,NA
200,44,count-odds,tourney,FALSE,20,elitize_generation_data,199,9,0.721,NA
201,44,count-odds,tourney,FALSE,20,elitize_generation_data,200,11,0.72,NA
202,44,count-odds,tourney,FALSE,20,elitize_generation_data,201,12,0.717,NA
203,44,count-odds,tourney,FALSE,20,elitize_generation_data,202,11,0.748,NA
204,44,count-odds,tourney,FALSE,20,elitize_generation_data,203,12,0.727,NA
205,44,count-odds,tourney,FALSE,20,elitize_generation_data,204,11,0.726,NA
206,44,count-odds,tourney,FALSE,20,elitize_generation_data,205,14,0.732,NA
207,44,count-odds,tourney,FALSE,20,elitize_generation_data,206,9,0.721,NA
208,44,count-odds,tourney,FALSE,20,elitize_generation_data,207,12,0.716,NA
209,44,count-odds,tourney,FALSE,20,elitize_generation_data,208,11,0.7,NA
210,44,count-odds,tourney,FALSE,20,elitize_generation_data,209,14,0.713,NA
211,44,count-odds,tourney,FALSE,20,elitize_generation_data,210,7,0.698,NA
212,44,count-odds,tourney,FALSE,20,elitize_generation_data,211,7,0.672,NA
213,44,count-odds,tourney,FALSE,20,elitize_generation_data,212,12,0.662,NA
214,44,count-odds,tourney,FALSE,20,elitize_generation_data,213,9,0.666,NA
215,44,count-odds,tourney,FALSE,20,elitize_generation_data,214,12,0.689,NA
216,44,count-odds,tourney,FALSE,20,elitize_generation_data,215,15,0.684,NA
217,44,count-odds,tourney,FALSE,20,elitize_generation_data,216,10,0.694,NA
218,44,count-odds,tourney,FALSE,20,elitize_generation_data,217,9,0.683,NA
219,44,count-odds,tourney,FALSE,20,elitize_generation_data,218,8,0.679,NA
220,44,count-odds,tourney,FALSE,20,elitize_generation_data,219,11,0.684,NA
221,44,count-odds,tourney,FALSE,20,elitize_generation_data,220,8,0.674,NA
222,44,count-odds,tourney,FALSE,20,elitize_generation_data,221,15,0.669,NA
223,44,count-odds,tourney,FALSE,20,elitize_generation_data,222,10,0.667,NA
224,44,count-odds,tourney,FALSE,20,elitize_generation_data,223,12,0.675,NA
225,44,count-odds,tourney,FALSE,20,elitize_generation_data,224,14,0.695,NA
226,44,count-odds,tourney,FALSE,20,elitize_generation_data,225,13,0.702,NA
227,44,count-odds,tourney,FALSE,20,elitize_generation_data,226,15,0.702,NA
228,44,count-odds,tourney,FALSE,20,elitize_generation_data,227,12,0.711,NA
229,44,count-odds,tourney,FALSE,20,elitize_generation_data,228,9,0.7,NA
230,44,count-odds,tourney,FALSE,20,elitize_generation_data,229,14,0.691,NA
231,44,count-odds,tourney,FALSE,20,elitize_generation_data,230,13,0.673,NA
232,44,count-odds,tourney,FALSE,20,elitize_generation_data,231,9,0.704,NA
233,44,count-odds,tourney,FALSE,20,elitize_generation_data,232,13,0.671,NA
234,44,count-odds,tourney,FALSE,20,elitize_generation_data,233,12,0.691,NA
235,44,count-odds,tourney,FALSE,20,elitize_generation_data,234,12,0.694,NA
236,44,count-odds,tourney,FALSE,20,elitize_generation_data,235,10,0.691,NA
237,44,count-odds,tourney,FALSE,20,elitize_generation_data,236,13,0.663,NA
238,44,count-odds,tourney,FALSE,20,elitize_generation_data,237,11,0.663,NA
239,44,count-odds,tourney,FALSE,20,elitize_generation_data,238,10,0.663,NA
240,44,count-odds,tourney,FALSE,20,elitize_generation_data,239,8,0.686,NA
241,44,count-odds,tourney,FALSE,20,elitize_generation_data,240,11,0.706,NA
242,44,count-odds,tourney,FALSE,20,elitize_generation_data,241,10,0.679,NA
243,44,count-odds,tourney,FALSE,20,elitize_generation_data,242,11,0.656,NA
244,44,count-odds,tourney,FALSE,20,elitize_generation_data,243,13,0.672,NA
245,44,count-odds,tourney,FALSE,20,elitize_generation_data,244,14,0.664,NA
246,44,count-odds,tourney,FALSE,20,elitize_generation_data,245,11,0.675,NA
247,44,count-odds,tourney,FALSE,20,elitize_generation_data,246,10,0.666,NA
248,44,count-odds,tourney,FALSE,20,elitize_generation_data,247,14,0.684,NA
249,44,count-odds,tourney,FALSE,20,elitize_generation_data,248,12,0.691,NA
250,44,count-odds,tourney,FALSE,20,elitize_generation_data,249,11,0.721,NA
251,44,count-odds,tourney,FALSE,20,elitize_generation_data,250,13,0.702,NA
252,44,count-odds,tourney,FALSE,20,elitize_generation_data,251,11,0.706,NA
253,44,count-odds,tourney,FALSE,20,elitize_generation_data,252,14,0.736,NA
254,44,count-odds,tourney,FALSE,20,elitize_generation_data,253,13,0.745,NA
255,44,count-odds,tourney,FALSE,20,elitize_generation_data,254,14,0.726,NA
256,44,count-odds,tourney,FALSE,20,elitize_generation_data,255,12,0.756,NA
257,44,count-odds,tourney,FALSE,20,elitize_generation_data,256,12,0.74,NA
258,44,count-odds,tourney,FALSE,20,elitize_generation_data,257,11,0.745,NA
259,44,count-odds,tourney,FALSE,20,elitize_generation_data,258,10,0.769,NA
260,44,count-odds,tourney,FALSE,20,elitize_generation_data,259,12,0.768,NA
261,44,count-odds,tourney,FALSE,20,elitize_generation_data,260,13,0.728,NA
262,44,count-odds,tourney,FALSE,20,elitize_generation_data,261,11,0.729,NA
263,44,count-odds,tourney,FALSE,20,elitize_generation_data,262,11,0.724,NA
264,44,count-odds,tourney,FALSE,20,elitize_generation_data,263,15,0.74,NA
265,44,count-odds,tourney,FALSE,20,elitize_generation_data,264,9,0.743,NA
266,44,count-odds,tourney,FALSE,20,elitize_generation_data,265,12,0.723,NA
267,44,count-odds,tourney,FALSE,20,elitize_generation_data,266,11,0.741,NA
268,44,count-odds,tourney,FALSE,20,elitize_generation_data,267,14,0.722,NA
269,44,count-odds,tourney,FALSE,20,elitize_generation_data,268,14,0.715,NA
270,44,count-odds,tourney,FALSE,20,elitize_generation_data,269,16,0.734,NA
271,44,count-odds,tourney,FALSE,20,elitize_generation_data,270,14,0.731,NA
272,44,count-odds,tourney,FALSE,20,elitize_generation_data,271,20,0.734,NA
273,44,count-odds,tourney,FALSE,20,elitize_generation_data,272,15,0.719,NA
274,44,count-odds,tourney,FALSE,20,elitize_generation_data,273,17,0.757,NA
275,44,count-odds,tourney,FALSE,20,elitize_generation_data,274,15,0.765,NA
276,44,count-odds,tourney,FALSE,20,elitize_generation_data,275,17,0.736,NA
277,44,count-odds,tourney,FALSE,20,elitize_generation_data,276,17,0.777,NA
278,44,count-odds,tourney,FALSE,20,elitize_generation_data,277,19,0.783,NA
279,44,count-odds,tourney,FALSE,20,elitize_generation_data,278,13,0.749,NA
280,44,count-odds,tourney,FALSE,20,elitize_generation_data,279,20,0.761,NA
281,44,count-odds,tourney,FALSE,20,elitize_generation_data,280,21,0.77,NA
282,44,count-odds,tourney,FALSE,20,elitize_generation_data,281,18,0.763,NA
283,44,count-odds,tourney,FALSE,20,elitize_generation_data,282,18,0.753,NA
284,44,count-odds,tourney,FALSE,20,elitize_generation_data,283,14,0.742,NA
285,44,count-odds,tourney,FALSE,20,elitize_generation_data,284,17,0.752,NA
286,44,count-odds,tourney,FALSE,20,elitize_generation_data,285,14,0.747,NA
287,44,count-odds,tourney,FALSE,20,elitize_generation_data,286,17,0.714,NA
288,44,count-odds,tourney,FALSE,20,elitize_generation_data,287,20,0.742,NA
289,44,count-odds,tourney,FALSE,20,elitize_generation_data,288,21,0.732,NA
290,44,count-odds,tourney,FALSE,20,elitize_generation_data,289,20,0.731,NA
291,44,count-odds,tourney,FALSE,20,elitize_generation_data,290,21,0.718,NA
292,44,count-odds,tourney,FALSE,20,elitize_generation_data,291,18,0.732,NA
293,44,count-odds,tourney,FALSE,20,elitize_generation_data,292,22,0.74,NA
294,44,count-odds,tourney,FALSE,20,elitize_generation_data,293,20,0.745,NA
295,44,count-odds,tourney,FALSE,20,elitize_generation_data,294,26,0.741,NA
296,44,count-odds,tourney,FALSE,20,elitize_generation_data,295,22,0.726,NA
297,44,count-odds,tourney,FALSE,20,elitize_generation_data,296,27,0.747,NA
298,44,count-odds,tourney,FALSE,20,elitize_generation_data,297,22,0.751,NA
299,44,count-odds,tourney,FALSE,20,elitize_generation_data,298,21,0.758,NA
300,44,count-odds,tourney,FALSE,20,elitize_generation_data,299,19,0.763,NA
301,44,count-odds,tourney,FALSE,20,elitize_generation_data,300,23,0.753,NA
