,run.num,problem,treatment,succeeded,height,normalization.function,generation,cluster.count,error.diversity,success.generation
1,35,count-odds,tourney,FALSE,20,elitize_generation_data,0,4,0.179,NA
2,35,count-odds,tourney,FALSE,20,elitize_generation_data,1,5,0.104,NA
3,35,count-odds,tourney,FALSE,20,elitize_generation_data,2,6,0.072,NA
4,35,count-odds,tourney,FALSE,20,elitize_generation_data,3,3,0.072,NA
5,35,count-odds,tourney,FALSE,20,elitize_generation_data,4,4,0.053,NA
6,35,count-odds,tourney,FALSE,20,elitize_generation_data,5,6,0.042,NA
7,35,count-odds,tourney,FALSE,20,elitize_generation_data,6,6,0.036,NA
8,35,count-odds,tourney,FALSE,20,elitize_generation_data,7,5,0.042,NA
9,35,count-odds,tourney,FALSE,20,elitize_generation_data,8,5,0.038,NA
10,35,count-odds,tourney,FALSE,20,elitize_generation_data,9,5,0.043,NA
11,35,count-odds,tourney,FALSE,20,elitize_generation_data,10,6,0.037,NA
12,35,count-odds,tourney,FALSE,20,elitize_generation_data,11,4,0.036,NA
13,35,count-odds,tourney,FALSE,20,elitize_generation_data,12,4,0.059,NA
14,35,count-odds,tourney,FALSE,20,elitize_generation_data,13,4,0.047,NA
15,35,count-odds,tourney,FALSE,20,elitize_generation_data,14,4,0.079,NA
16,35,count-odds,tourney,FALSE,20,elitize_generation_data,15,6,0.127,NA
17,35,count-odds,tourney,FALSE,20,elitize_generation_data,16,7,0.138,NA
18,35,count-odds,tourney,FALSE,20,elitize_generation_data,17,6,0.108,NA
19,35,count-odds,tourney,FALSE,20,elitize_generation_data,18,7,0.099,NA
20,35,count-odds,tourney,FALSE,20,elitize_generation_data,19,9,0.147,NA
21,35,count-odds,tourney,FALSE,20,elitize_generation_data,20,7,0.202,NA
22,35,count-odds,tourney,FALSE,20,elitize_generation_data,21,11,0.253,NA
23,35,count-odds,tourney,FALSE,20,elitize_generation_data,22,14,0.281,NA
24,35,count-odds,tourney,FALSE,20,elitize_generation_data,23,11,0.158,NA
25,35,count-odds,tourney,FALSE,20,elitize_generation_data,24,16,0.053,NA
26,35,count-odds,tourney,FALSE,20,elitize_generation_data,25,11,0.036,NA
27,35,count-odds,tourney,FALSE,20,elitize_generation_data,26,14,0.047,NA
28,35,count-odds,tourney,FALSE,20,elitize_generation_data,27,14,0.05,NA
29,35,count-odds,tourney,FALSE,20,elitize_generation_data,28,12,0.058,NA
30,35,count-odds,tourney,FALSE,20,elitize_generation_data,29,14,0.048,NA
31,35,count-odds,tourney,FALSE,20,elitize_generation_data,30,15,0.058,NA
32,35,count-odds,tourney,FALSE,20,elitize_generation_data,31,16,0.058,NA
33,35,count-odds,tourney,FALSE,20,elitize_generation_data,32,15,0.054,NA
34,35,count-odds,tourney,FALSE,20,elitize_generation_data,33,15,0.06,NA
35,35,count-odds,tourney,FALSE,20,elitize_generation_data,34,14,0.048,NA
36,35,count-odds,tourney,FALSE,20,elitize_generation_data,35,16,0.064,NA
37,35,count-odds,tourney,FALSE,20,elitize_generation_data,36,13,0.061,NA
38,35,count-odds,tourney,FALSE,20,elitize_generation_data,37,17,0.073,NA
39,35,count-odds,tourney,FALSE,20,elitize_generation_data,38,14,0.075,NA
40,35,count-odds,tourney,FALSE,20,elitize_generation_data,39,17,0.088,NA
41,35,count-odds,tourney,FALSE,20,elitize_generation_data,40,14,0.077,NA
42,35,count-odds,tourney,FALSE,20,elitize_generation_data,41,14,0.078,NA
43,35,count-odds,tourney,FALSE,20,elitize_generation_data,42,14,0.094,NA
44,35,count-odds,tourney,FALSE,20,elitize_generation_data,43,13,0.065,NA
45,35,count-odds,tourney,FALSE,20,elitize_generation_data,44,13,0.087,NA
46,35,count-odds,tourney,FALSE,20,elitize_generation_data,45,12,0.093,NA
47,35,count-odds,tourney,FALSE,20,elitize_generation_data,46,15,0.117,NA
48,35,count-odds,tourney,FALSE,20,elitize_generation_data,47,12,0.134,NA
49,35,count-odds,tourney,FALSE,20,elitize_generation_data,48,15,0.148,NA
50,35,count-odds,tourney,FALSE,20,elitize_generation_data,49,15,0.14,NA
51,35,count-odds,tourney,FALSE,20,elitize_generation_data,50,13,0.186,NA
52,35,count-odds,tourney,FALSE,20,elitize_generation_data,51,15,0.233,NA
53,35,count-odds,tourney,FALSE,20,elitize_generation_data,52,12,0.256,NA
54,35,count-odds,tourney,FALSE,20,elitize_generation_data,53,14,0.265,NA
55,35,count-odds,tourney,FALSE,20,elitize_generation_data,54,17,0.257,NA
56,35,count-odds,tourney,FALSE,20,elitize_generation_data,55,13,0.267,NA
57,35,count-odds,tourney,FALSE,20,elitize_generation_data,56,12,0.3,NA
58,35,count-odds,tourney,FALSE,20,elitize_generation_data,57,13,0.284,NA
59,35,count-odds,tourney,FALSE,20,elitize_generation_data,58,13,0.352,NA
60,35,count-odds,tourney,FALSE,20,elitize_generation_data,59,14,0.329,NA
61,35,count-odds,tourney,FALSE,20,elitize_generation_data,60,14,0.348,NA
62,35,count-odds,tourney,FALSE,20,elitize_generation_data,61,13,0.364,NA
63,35,count-odds,tourney,FALSE,20,elitize_generation_data,62,14,0.392,NA
64,35,count-odds,tourney,FALSE,20,elitize_generation_data,63,13,0.377,NA
65,35,count-odds,tourney,FALSE,20,elitize_generation_data,64,16,0.39,NA
66,35,count-odds,tourney,FALSE,20,elitize_generation_data,65,13,0.371,NA
67,35,count-odds,tourney,FALSE,20,elitize_generation_data,66,14,0.379,NA
68,35,count-odds,tourney,FALSE,20,elitize_generation_data,67,15,0.345,NA
69,35,count-odds,tourney,FALSE,20,elitize_generation_data,68,14,0.349,NA
70,35,count-odds,tourney,FALSE,20,elitize_generation_data,69,13,0.351,NA
71,35,count-odds,tourney,FALSE,20,elitize_generation_data,70,17,0.355,NA
72,35,count-odds,tourney,FALSE,20,elitize_generation_data,71,14,0.355,NA
73,35,count-odds,tourney,FALSE,20,elitize_generation_data,72,15,0.378,NA
74,35,count-odds,tourney,FALSE,20,elitize_generation_data,73,16,0.402,NA
75,35,count-odds,tourney,FALSE,20,elitize_generation_data,74,16,0.406,NA
76,35,count-odds,tourney,FALSE,20,elitize_generation_data,75,18,0.412,NA
77,35,count-odds,tourney,FALSE,20,elitize_generation_data,76,13,0.401,NA
78,35,count-odds,tourney,FALSE,20,elitize_generation_data,77,17,0.405,NA
79,35,count-odds,tourney,FALSE,20,elitize_generation_data,78,15,0.429,NA
80,35,count-odds,tourney,FALSE,20,elitize_generation_data,79,13,0.417,NA
81,35,count-odds,tourney,FALSE,20,elitize_generation_data,80,13,0.414,NA
82,35,count-odds,tourney,FALSE,20,elitize_generation_data,81,12,0.381,NA
83,35,count-odds,tourney,FALSE,20,elitize_generation_data,82,15,0.402,NA
84,35,count-odds,tourney,FALSE,20,elitize_generation_data,83,15,0.395,NA
85,35,count-odds,tourney,FALSE,20,elitize_generation_data,84,12,0.425,NA
86,35,count-odds,tourney,FALSE,20,elitize_generation_data,85,15,0.42,NA
87,35,count-odds,tourney,FALSE,20,elitize_generation_data,86,13,0.42,NA
88,35,count-odds,tourney,FALSE,20,elitize_generation_data,87,20,0.462,NA
89,35,count-odds,tourney,FALSE,20,elitize_generation_data,88,13,0.508,NA
90,35,count-odds,tourney,FALSE,20,elitize_generation_data,89,18,0.506,NA
91,35,count-odds,tourney,FALSE,20,elitize_generation_data,90,15,0.51,NA
92,35,count-odds,tourney,FALSE,20,elitize_generation_data,91,19,0.503,NA
93,35,count-odds,tourney,FALSE,20,elitize_generation_data,92,19,0.527,NA
94,35,count-odds,tourney,FALSE,20,elitize_generation_data,93,12,0.53,NA
95,35,count-odds,tourney,FALSE,20,elitize_generation_data,94,17,0.517,NA
96,35,count-odds,tourney,FALSE,20,elitize_generation_data,95,15,0.484,NA
97,35,count-odds,tourney,FALSE,20,elitize_generation_data,96,17,0.492,NA
98,35,count-odds,tourney,FALSE,20,elitize_generation_data,97,14,0.495,NA
99,35,count-odds,tourney,FALSE,20,elitize_generation_data,98,14,0.511,NA
100,35,count-odds,tourney,FALSE,20,elitize_generation_data,99,17,0.481,NA
101,35,count-odds,tourney,FALSE,20,elitize_generation_data,100,14,0.483,NA
102,35,count-odds,tourney,FALSE,20,elitize_generation_data,101,17,0.542,NA
103,35,count-odds,tourney,FALSE,20,elitize_generation_data,102,18,0.499,NA
104,35,count-odds,tourney,FALSE,20,elitize_generation_data,103,15,0.522,NA
105,35,count-odds,tourney,FALSE,20,elitize_generation_data,104,17,0.552,NA
106,35,count-odds,tourney,FALSE,20,elitize_generation_data,105,17,0.578,NA
107,35,count-odds,tourney,FALSE,20,elitize_generation_data,106,19,0.613,NA
108,35,count-odds,tourney,FALSE,20,elitize_generation_data,107,18,0.595,NA
109,35,count-odds,tourney,FALSE,20,elitize_generation_data,108,19,0.639,NA
110,35,count-odds,tourney,FALSE,20,elitize_generation_data,109,15,0.619,NA
111,35,count-odds,tourney,FALSE,20,elitize_generation_data,110,16,0.626,NA
112,35,count-odds,tourney,FALSE,20,elitize_generation_data,111,20,0.679,NA
113,35,count-odds,tourney,FALSE,20,elitize_generation_data,112,20,0.654,NA
114,35,count-odds,tourney,FALSE,20,elitize_generation_data,113,24,0.668,NA
115,35,count-odds,tourney,FALSE,20,elitize_generation_data,114,20,0.647,NA
116,35,count-odds,tourney,FALSE,20,elitize_generation_data,115,20,0.663,NA
117,35,count-odds,tourney,FALSE,20,elitize_generation_data,116,22,0.65,NA
118,35,count-odds,tourney,FALSE,20,elitize_generation_data,117,20,0.645,NA
119,35,count-odds,tourney,FALSE,20,elitize_generation_data,118,19,0.646,NA
120,35,count-odds,tourney,FALSE,20,elitize_generation_data,119,18,0.651,NA
121,35,count-odds,tourney,FALSE,20,elitize_generation_data,120,22,0.652,NA
122,35,count-odds,tourney,FALSE,20,elitize_generation_data,121,21,0.632,NA
123,35,count-odds,tourney,FALSE,20,elitize_generation_data,122,15,0.61,NA
124,35,count-odds,tourney,FALSE,20,elitize_generation_data,123,14,0.637,NA
125,35,count-odds,tourney,FALSE,20,elitize_generation_data,124,19,0.588,NA
126,35,count-odds,tourney,FALSE,20,elitize_generation_data,125,19,0.588,NA
127,35,count-odds,tourney,FALSE,20,elitize_generation_data,126,15,0.613,NA
128,35,count-odds,tourney,FALSE,20,elitize_generation_data,127,17,0.589,NA
129,35,count-odds,tourney,FALSE,20,elitize_generation_data,128,12,0.598,NA
130,35,count-odds,tourney,FALSE,20,elitize_generation_data,129,15,0.575,NA
131,35,count-odds,tourney,FALSE,20,elitize_generation_data,130,18,0.611,NA
132,35,count-odds,tourney,FALSE,20,elitize_generation_data,131,16,0.579,NA
133,35,count-odds,tourney,FALSE,20,elitize_generation_data,132,16,0.592,NA
134,35,count-odds,tourney,FALSE,20,elitize_generation_data,133,17,0.601,NA
135,35,count-odds,tourney,FALSE,20,elitize_generation_data,134,23,0.612,NA
136,35,count-odds,tourney,FALSE,20,elitize_generation_data,135,21,0.614,NA
137,35,count-odds,tourney,FALSE,20,elitize_generation_data,136,23,0.598,NA
138,35,count-odds,tourney,FALSE,20,elitize_generation_data,137,19,0.588,NA
139,35,count-odds,tourney,FALSE,20,elitize_generation_data,138,20,0.571,NA
140,35,count-odds,tourney,FALSE,20,elitize_generation_data,139,18,0.546,NA
141,35,count-odds,tourney,FALSE,20,elitize_generation_data,140,16,0.56,NA
142,35,count-odds,tourney,FALSE,20,elitize_generation_data,141,16,0.569,NA
143,35,count-odds,tourney,FALSE,20,elitize_generation_data,142,16,0.593,NA
144,35,count-odds,tourney,FALSE,20,elitize_generation_data,143,21,0.601,NA
145,35,count-odds,tourney,FALSE,20,elitize_generation_data,144,18,0.578,NA
146,35,count-odds,tourney,FALSE,20,elitize_generation_data,145,20,0.578,NA
147,35,count-odds,tourney,FALSE,20,elitize_generation_data,146,19,0.609,NA
148,35,count-odds,tourney,FALSE,20,elitize_generation_data,147,21,0.607,NA
149,35,count-odds,tourney,FALSE,20,elitize_generation_data,148,22,0.606,NA
150,35,count-odds,tourney,FALSE,20,elitize_generation_data,149,22,0.63,NA
151,35,count-odds,tourney,FALSE,20,elitize_generation_data,150,20,0.645,NA
152,35,count-odds,tourney,FALSE,20,elitize_generation_data,151,18,0.653,NA
153,35,count-odds,tourney,FALSE,20,elitize_generation_data,152,18,0.615,NA
154,35,count-odds,tourney,FALSE,20,elitize_generation_data,153,18,0.603,NA
155,35,count-odds,tourney,FALSE,20,elitize_generation_data,154,17,0.604,NA
156,35,count-odds,tourney,FALSE,20,elitize_generation_data,155,20,0.587,NA
157,35,count-odds,tourney,FALSE,20,elitize_generation_data,156,19,0.578,NA
158,35,count-odds,tourney,FALSE,20,elitize_generation_data,157,19,0.59,NA
159,35,count-odds,tourney,FALSE,20,elitize_generation_data,158,17,0.58,NA
160,35,count-odds,tourney,FALSE,20,elitize_generation_data,159,19,0.572,NA
161,35,count-odds,tourney,FALSE,20,elitize_generation_data,160,20,0.593,NA
162,35,count-odds,tourney,FALSE,20,elitize_generation_data,161,20,0.605,NA
163,35,count-odds,tourney,FALSE,20,elitize_generation_data,162,23,0.606,NA
164,35,count-odds,tourney,FALSE,20,elitize_generation_data,163,19,0.625,NA
165,35,count-odds,tourney,FALSE,20,elitize_generation_data,164,17,0.637,NA
166,35,count-odds,tourney,FALSE,20,elitize_generation_data,165,18,0.628,NA
167,35,count-odds,tourney,FALSE,20,elitize_generation_data,166,16,0.612,NA
168,35,count-odds,tourney,FALSE,20,elitize_generation_data,167,21,0.595,NA
169,35,count-odds,tourney,FALSE,20,elitize_generation_data,168,17,0.593,NA
170,35,count-odds,tourney,FALSE,20,elitize_generation_data,169,21,0.595,NA
171,35,count-odds,tourney,FALSE,20,elitize_generation_data,170,21,0.594,NA
172,35,count-odds,tourney,FALSE,20,elitize_generation_data,171,19,0.61,NA
173,35,count-odds,tourney,FALSE,20,elitize_generation_data,172,16,0.594,NA
174,35,count-odds,tourney,FALSE,20,elitize_generation_data,173,17,0.562,NA
175,35,count-odds,tourney,FALSE,20,elitize_generation_data,174,21,0.58,NA
176,35,count-odds,tourney,FALSE,20,elitize_generation_data,175,19,0.587,NA
177,35,count-odds,tourney,FALSE,20,elitize_generation_data,176,22,0.593,NA
178,35,count-odds,tourney,FALSE,20,elitize_generation_data,177,21,0.603,NA
179,35,count-odds,tourney,FALSE,20,elitize_generation_data,178,25,0.601,NA
180,35,count-odds,tourney,FALSE,20,elitize_generation_data,179,22,0.617,NA
181,35,count-odds,tourney,FALSE,20,elitize_generation_data,180,16,0.598,NA
182,35,count-odds,tourney,FALSE,20,elitize_generation_data,181,20,0.615,NA
183,35,count-odds,tourney,FALSE,20,elitize_generation_data,182,23,0.586,NA
184,35,count-odds,tourney,FALSE,20,elitize_generation_data,183,16,0.587,NA
185,35,count-odds,tourney,FALSE,20,elitize_generation_data,184,18,0.585,NA
186,35,count-odds,tourney,FALSE,20,elitize_generation_data,185,15,0.593,NA
187,35,count-odds,tourney,FALSE,20,elitize_generation_data,186,18,0.599,NA
188,35,count-odds,tourney,FALSE,20,elitize_generation_data,187,20,0.617,NA
189,35,count-odds,tourney,FALSE,20,elitize_generation_data,188,19,0.625,NA
190,35,count-odds,tourney,FALSE,20,elitize_generation_data,189,20,0.59,NA
191,35,count-odds,tourney,FALSE,20,elitize_generation_data,190,18,0.593,NA
192,35,count-odds,tourney,FALSE,20,elitize_generation_data,191,17,0.576,NA
193,35,count-odds,tourney,FALSE,20,elitize_generation_data,192,18,0.59,NA
194,35,count-odds,tourney,FALSE,20,elitize_generation_data,193,20,0.571,NA
195,35,count-odds,tourney,FALSE,20,elitize_generation_data,194,16,0.605,NA
196,35,count-odds,tourney,FALSE,20,elitize_generation_data,195,15,0.58,NA
197,35,count-odds,tourney,FALSE,20,elitize_generation_data,196,15,0.628,NA
198,35,count-odds,tourney,FALSE,20,elitize_generation_data,197,16,0.582,NA
199,35,count-odds,tourney,FALSE,20,elitize_generation_data,198,22,0.606,NA
200,35,count-odds,tourney,FALSE,20,elitize_generation_data,199,17,0.601,NA
201,35,count-odds,tourney,FALSE,20,elitize_generation_data,200,21,0.609,NA
202,35,count-odds,tourney,FALSE,20,elitize_generation_data,201,21,0.637,NA
203,35,count-odds,tourney,FALSE,20,elitize_generation_data,202,16,0.614,NA
204,35,count-odds,tourney,FALSE,20,elitize_generation_data,203,23,0.648,NA
205,35,count-odds,tourney,FALSE,20,elitize_generation_data,204,20,0.643,NA
206,35,count-odds,tourney,FALSE,20,elitize_generation_data,205,18,0.63,NA
207,35,count-odds,tourney,FALSE,20,elitize_generation_data,206,14,0.648,NA
208,35,count-odds,tourney,FALSE,20,elitize_generation_data,207,20,0.623,NA
209,35,count-odds,tourney,FALSE,20,elitize_generation_data,208,23,0.64,NA
210,35,count-odds,tourney,FALSE,20,elitize_generation_data,209,18,0.628,NA
211,35,count-odds,tourney,FALSE,20,elitize_generation_data,210,20,0.64,NA
212,35,count-odds,tourney,FALSE,20,elitize_generation_data,211,26,0.639,NA
213,35,count-odds,tourney,FALSE,20,elitize_generation_data,212,25,0.645,NA
214,35,count-odds,tourney,FALSE,20,elitize_generation_data,213,21,0.595,NA
215,35,count-odds,tourney,FALSE,20,elitize_generation_data,214,20,0.628,NA
216,35,count-odds,tourney,FALSE,20,elitize_generation_data,215,22,0.629,NA
217,35,count-odds,tourney,FALSE,20,elitize_generation_data,216,21,0.626,NA
218,35,count-odds,tourney,FALSE,20,elitize_generation_data,217,20,0.646,NA
219,35,count-odds,tourney,FALSE,20,elitize_generation_data,218,23,0.618,NA
220,35,count-odds,tourney,FALSE,20,elitize_generation_data,219,24,0.631,NA
221,35,count-odds,tourney,FALSE,20,elitize_generation_data,220,29,0.619,NA
222,35,count-odds,tourney,FALSE,20,elitize_generation_data,221,24,0.607,NA
223,35,count-odds,tourney,FALSE,20,elitize_generation_data,222,14,0.612,NA
224,35,count-odds,tourney,FALSE,20,elitize_generation_data,223,22,0.623,NA
225,35,count-odds,tourney,FALSE,20,elitize_generation_data,224,22,0.64,NA
226,35,count-odds,tourney,FALSE,20,elitize_generation_data,225,25,0.608,NA
227,35,count-odds,tourney,FALSE,20,elitize_generation_data,226,20,0.629,NA
228,35,count-odds,tourney,FALSE,20,elitize_generation_data,227,22,0.672,NA
229,35,count-odds,tourney,FALSE,20,elitize_generation_data,228,22,0.668,NA
230,35,count-odds,tourney,FALSE,20,elitize_generation_data,229,30,0.64,NA
231,35,count-odds,tourney,FALSE,20,elitize_generation_data,230,20,0.659,NA
232,35,count-odds,tourney,FALSE,20,elitize_generation_data,231,23,0.688,NA
233,35,count-odds,tourney,FALSE,20,elitize_generation_data,232,30,0.699,NA
234,35,count-odds,tourney,FALSE,20,elitize_generation_data,233,26,0.7,NA
235,35,count-odds,tourney,FALSE,20,elitize_generation_data,234,21,0.726,NA
236,35,count-odds,tourney,FALSE,20,elitize_generation_data,235,21,0.753,NA
237,35,count-odds,tourney,FALSE,20,elitize_generation_data,236,24,0.724,NA
238,35,count-odds,tourney,FALSE,20,elitize_generation_data,237,23,0.74,NA
239,35,count-odds,tourney,FALSE,20,elitize_generation_data,238,23,0.744,NA
240,35,count-odds,tourney,FALSE,20,elitize_generation_data,239,21,0.721,NA
241,35,count-odds,tourney,FALSE,20,elitize_generation_data,240,28,0.708,NA
242,35,count-odds,tourney,FALSE,20,elitize_generation_data,241,24,0.743,NA
243,35,count-odds,tourney,FALSE,20,elitize_generation_data,242,25,0.708,NA
244,35,count-odds,tourney,FALSE,20,elitize_generation_data,243,23,0.722,NA
245,35,count-odds,tourney,FALSE,20,elitize_generation_data,244,24,0.742,NA
246,35,count-odds,tourney,FALSE,20,elitize_generation_data,245,30,0.76,NA
247,35,count-odds,tourney,FALSE,20,elitize_generation_data,246,23,0.769,NA
248,35,count-odds,tourney,FALSE,20,elitize_generation_data,247,24,0.755,NA
249,35,count-odds,tourney,FALSE,20,elitize_generation_data,248,22,0.779,NA
250,35,count-odds,tourney,FALSE,20,elitize_generation_data,249,22,0.781,NA
251,35,count-odds,tourney,FALSE,20,elitize_generation_data,250,27,0.776,NA
252,35,count-odds,tourney,FALSE,20,elitize_generation_data,251,22,0.758,NA
253,35,count-odds,tourney,FALSE,20,elitize_generation_data,252,31,0.755,NA
254,35,count-odds,tourney,FALSE,20,elitize_generation_data,253,19,0.753,NA
255,35,count-odds,tourney,FALSE,20,elitize_generation_data,254,17,0.714,NA
256,35,count-odds,tourney,FALSE,20,elitize_generation_data,255,25,0.729,NA
257,35,count-odds,tourney,FALSE,20,elitize_generation_data,256,16,0.752,NA
258,35,count-odds,tourney,FALSE,20,elitize_generation_data,257,28,0.755,NA
259,35,count-odds,tourney,FALSE,20,elitize_generation_data,258,26,0.732,NA
260,35,count-odds,tourney,FALSE,20,elitize_generation_data,259,26,0.732,NA
261,35,count-odds,tourney,FALSE,20,elitize_generation_data,260,19,0.769,NA
262,35,count-odds,tourney,FALSE,20,elitize_generation_data,261,25,0.788,NA
263,35,count-odds,tourney,FALSE,20,elitize_generation_data,262,24,0.756,NA
264,35,count-odds,tourney,FALSE,20,elitize_generation_data,263,24,0.752,NA
265,35,count-odds,tourney,FALSE,20,elitize_generation_data,264,24,0.741,NA
266,35,count-odds,tourney,FALSE,20,elitize_generation_data,265,30,0.738,NA
267,35,count-odds,tourney,FALSE,20,elitize_generation_data,266,23,0.725,NA
268,35,count-odds,tourney,FALSE,20,elitize_generation_data,267,22,0.7,NA
269,35,count-odds,tourney,FALSE,20,elitize_generation_data,268,27,0.674,NA
270,35,count-odds,tourney,FALSE,20,elitize_generation_data,269,25,0.685,NA
271,35,count-odds,tourney,FALSE,20,elitize_generation_data,270,21,0.711,NA
272,35,count-odds,tourney,FALSE,20,elitize_generation_data,271,27,0.715,NA
273,35,count-odds,tourney,FALSE,20,elitize_generation_data,272,18,0.72,NA
274,35,count-odds,tourney,FALSE,20,elitize_generation_data,273,24,0.718,NA
275,35,count-odds,tourney,FALSE,20,elitize_generation_data,274,25,0.739,NA
276,35,count-odds,tourney,FALSE,20,elitize_generation_data,275,28,0.753,NA
277,35,count-odds,tourney,FALSE,20,elitize_generation_data,276,34,0.749,NA
278,35,count-odds,tourney,FALSE,20,elitize_generation_data,277,22,0.767,NA
279,35,count-odds,tourney,FALSE,20,elitize_generation_data,278,25,0.773,NA
280,35,count-odds,tourney,FALSE,20,elitize_generation_data,279,36,0.77,NA
281,35,count-odds,tourney,FALSE,20,elitize_generation_data,280,24,0.756,NA
282,35,count-odds,tourney,FALSE,20,elitize_generation_data,281,23,0.72,NA
283,35,count-odds,tourney,FALSE,20,elitize_generation_data,282,24,0.736,NA
284,35,count-odds,tourney,FALSE,20,elitize_generation_data,283,25,0.731,NA
285,35,count-odds,tourney,FALSE,20,elitize_generation_data,284,32,0.704,NA
286,35,count-odds,tourney,FALSE,20,elitize_generation_data,285,25,0.714,NA
287,35,count-odds,tourney,FALSE,20,elitize_generation_data,286,25,0.716,NA
288,35,count-odds,tourney,FALSE,20,elitize_generation_data,287,28,0.721,NA
289,35,count-odds,tourney,FALSE,20,elitize_generation_data,288,29,0.733,NA
290,35,count-odds,tourney,FALSE,20,elitize_generation_data,289,25,0.75,NA
291,35,count-odds,tourney,FALSE,20,elitize_generation_data,290,29,0.73,NA
292,35,count-odds,tourney,FALSE,20,elitize_generation_data,291,28,0.753,NA
293,35,count-odds,tourney,FALSE,20,elitize_generation_data,292,25,0.75,NA
294,35,count-odds,tourney,FALSE,20,elitize_generation_data,293,28,0.736,NA
295,35,count-odds,tourney,FALSE,20,elitize_generation_data,294,29,0.715,NA
296,35,count-odds,tourney,FALSE,20,elitize_generation_data,295,24,0.718,NA
297,35,count-odds,tourney,FALSE,20,elitize_generation_data,296,25,0.715,NA
298,35,count-odds,tourney,FALSE,20,elitize_generation_data,297,29,0.708,NA
299,35,count-odds,tourney,FALSE,20,elitize_generation_data,298,26,0.734,NA
300,35,count-odds,tourney,FALSE,20,elitize_generation_data,299,32,0.732,NA
301,35,count-odds,tourney,FALSE,20,elitize_generation_data,300,28,0.72,NA
