,run.num,problem,treatment,succeeded,height,normalization.function,generation,cluster.count,error.diversity,success.generation
1,74,count-odds,tourney,FALSE,20,elitize_generation_data,0,4,0.194,NA
2,74,count-odds,tourney,FALSE,20,elitize_generation_data,1,6,0.114,NA
3,74,count-odds,tourney,FALSE,20,elitize_generation_data,2,5,0.061,NA
4,74,count-odds,tourney,FALSE,20,elitize_generation_data,3,4,0.049,NA
5,74,count-odds,tourney,FALSE,20,elitize_generation_data,4,4,0.052,NA
6,74,count-odds,tourney,FALSE,20,elitize_generation_data,5,5,0.076,NA
7,74,count-odds,tourney,FALSE,20,elitize_generation_data,6,8,0.079,NA
8,74,count-odds,tourney,FALSE,20,elitize_generation_data,7,8,0.115,NA
9,74,count-odds,tourney,FALSE,20,elitize_generation_data,8,8,0.166,NA
10,74,count-odds,tourney,FALSE,20,elitize_generation_data,9,12,0.286,NA
11,74,count-odds,tourney,FALSE,20,elitize_generation_data,10,11,0.341,NA
12,74,count-odds,tourney,FALSE,20,elitize_generation_data,11,12,0.451,NA
13,74,count-odds,tourney,FALSE,20,elitize_generation_data,12,13,0.537,NA
14,74,count-odds,tourney,FALSE,20,elitize_generation_data,13,14,0.511,NA
15,74,count-odds,tourney,FALSE,20,elitize_generation_data,14,14,0.487,NA
16,74,count-odds,tourney,FALSE,20,elitize_generation_data,15,11,0.472,NA
17,74,count-odds,tourney,FALSE,20,elitize_generation_data,16,11,0.471,NA
18,74,count-odds,tourney,FALSE,20,elitize_generation_data,17,14,0.461,NA
19,74,count-odds,tourney,FALSE,20,elitize_generation_data,18,13,0.435,NA
20,74,count-odds,tourney,FALSE,20,elitize_generation_data,19,14,0.415,NA
21,74,count-odds,tourney,FALSE,20,elitize_generation_data,20,14,0.397,NA
22,74,count-odds,tourney,FALSE,20,elitize_generation_data,21,14,0.403,NA
23,74,count-odds,tourney,FALSE,20,elitize_generation_data,22,13,0.388,NA
24,74,count-odds,tourney,FALSE,20,elitize_generation_data,23,14,0.35,NA
25,74,count-odds,tourney,FALSE,20,elitize_generation_data,24,14,0.374,NA
26,74,count-odds,tourney,FALSE,20,elitize_generation_data,25,16,0.378,NA
27,74,count-odds,tourney,FALSE,20,elitize_generation_data,26,16,0.385,NA
28,74,count-odds,tourney,FALSE,20,elitize_generation_data,27,12,0.352,NA
29,74,count-odds,tourney,FALSE,20,elitize_generation_data,28,12,0.337,NA
30,74,count-odds,tourney,FALSE,20,elitize_generation_data,29,13,0.315,NA
31,74,count-odds,tourney,FALSE,20,elitize_generation_data,30,13,0.341,NA
32,74,count-odds,tourney,FALSE,20,elitize_generation_data,31,14,0.367,NA
33,74,count-odds,tourney,FALSE,20,elitize_generation_data,32,8,0.383,NA
34,74,count-odds,tourney,FALSE,20,elitize_generation_data,33,10,0.422,NA
35,74,count-odds,tourney,FALSE,20,elitize_generation_data,34,13,0.5,NA
36,74,count-odds,tourney,FALSE,20,elitize_generation_data,35,14,0.501,NA
37,74,count-odds,tourney,FALSE,20,elitize_generation_data,36,12,0.507,NA
38,74,count-odds,tourney,FALSE,20,elitize_generation_data,37,20,0.494,NA
39,74,count-odds,tourney,FALSE,20,elitize_generation_data,38,20,0.499,NA
40,74,count-odds,tourney,FALSE,20,elitize_generation_data,39,15,0.468,NA
41,74,count-odds,tourney,FALSE,20,elitize_generation_data,40,21,0.502,NA
42,74,count-odds,tourney,FALSE,20,elitize_generation_data,41,18,0.537,NA
43,74,count-odds,tourney,FALSE,20,elitize_generation_data,42,24,0.566,NA
44,74,count-odds,tourney,FALSE,20,elitize_generation_data,43,26,0.557,NA
45,74,count-odds,tourney,FALSE,20,elitize_generation_data,44,19,0.512,NA
46,74,count-odds,tourney,FALSE,20,elitize_generation_data,45,21,0.461,NA
47,74,count-odds,tourney,FALSE,20,elitize_generation_data,46,16,0.384,NA
48,74,count-odds,tourney,FALSE,20,elitize_generation_data,47,19,0.373,NA
49,74,count-odds,tourney,FALSE,20,elitize_generation_data,48,11,0.342,NA
50,74,count-odds,tourney,FALSE,20,elitize_generation_data,49,9,0.339,NA
51,74,count-odds,tourney,FALSE,20,elitize_generation_data,50,15,0.349,NA
52,74,count-odds,tourney,FALSE,20,elitize_generation_data,51,14,0.321,NA
53,74,count-odds,tourney,FALSE,20,elitize_generation_data,52,12,0.275,NA
54,74,count-odds,tourney,FALSE,20,elitize_generation_data,53,15,0.326,NA
55,74,count-odds,tourney,FALSE,20,elitize_generation_data,54,14,0.304,NA
56,74,count-odds,tourney,FALSE,20,elitize_generation_data,55,16,0.311,NA
57,74,count-odds,tourney,FALSE,20,elitize_generation_data,56,15,0.317,NA
58,74,count-odds,tourney,FALSE,20,elitize_generation_data,57,16,0.308,NA
59,74,count-odds,tourney,FALSE,20,elitize_generation_data,58,17,0.308,NA
60,74,count-odds,tourney,FALSE,20,elitize_generation_data,59,17,0.318,NA
61,74,count-odds,tourney,FALSE,20,elitize_generation_data,60,16,0.363,NA
62,74,count-odds,tourney,FALSE,20,elitize_generation_data,61,15,0.38,NA
63,74,count-odds,tourney,FALSE,20,elitize_generation_data,62,14,0.375,NA
64,74,count-odds,tourney,FALSE,20,elitize_generation_data,63,16,0.371,NA
65,74,count-odds,tourney,FALSE,20,elitize_generation_data,64,19,0.386,NA
66,74,count-odds,tourney,FALSE,20,elitize_generation_data,65,15,0.356,NA
67,74,count-odds,tourney,FALSE,20,elitize_generation_data,66,17,0.372,NA
68,74,count-odds,tourney,FALSE,20,elitize_generation_data,67,15,0.344,NA
69,74,count-odds,tourney,FALSE,20,elitize_generation_data,68,17,0.399,NA
70,74,count-odds,tourney,FALSE,20,elitize_generation_data,69,14,0.355,NA
71,74,count-odds,tourney,FALSE,20,elitize_generation_data,70,14,0.365,NA
72,74,count-odds,tourney,FALSE,20,elitize_generation_data,71,19,0.391,NA
73,74,count-odds,tourney,FALSE,20,elitize_generation_data,72,15,0.359,NA
74,74,count-odds,tourney,FALSE,20,elitize_generation_data,73,10,0.364,NA
75,74,count-odds,tourney,FALSE,20,elitize_generation_data,74,17,0.328,NA
76,74,count-odds,tourney,FALSE,20,elitize_generation_data,75,14,0.324,NA
77,74,count-odds,tourney,FALSE,20,elitize_generation_data,76,15,0.311,NA
78,74,count-odds,tourney,FALSE,20,elitize_generation_data,77,18,0.288,NA
79,74,count-odds,tourney,FALSE,20,elitize_generation_data,78,14,0.303,NA
80,74,count-odds,tourney,FALSE,20,elitize_generation_data,79,13,0.297,NA
81,74,count-odds,tourney,FALSE,20,elitize_generation_data,80,15,0.309,NA
82,74,count-odds,tourney,FALSE,20,elitize_generation_data,81,22,0.295,NA
83,74,count-odds,tourney,FALSE,20,elitize_generation_data,82,23,0.264,NA
84,74,count-odds,tourney,FALSE,20,elitize_generation_data,83,20,0.238,NA
85,74,count-odds,tourney,FALSE,20,elitize_generation_data,84,18,0.257,NA
86,74,count-odds,tourney,FALSE,20,elitize_generation_data,85,17,0.287,NA
87,74,count-odds,tourney,FALSE,20,elitize_generation_data,86,22,0.281,NA
88,74,count-odds,tourney,FALSE,20,elitize_generation_data,87,22,0.294,NA
89,74,count-odds,tourney,FALSE,20,elitize_generation_data,88,22,0.274,NA
90,74,count-odds,tourney,FALSE,20,elitize_generation_data,89,28,0.269,NA
91,74,count-odds,tourney,FALSE,20,elitize_generation_data,90,24,0.287,NA
92,74,count-odds,tourney,FALSE,20,elitize_generation_data,91,17,0.313,NA
93,74,count-odds,tourney,FALSE,20,elitize_generation_data,92,23,0.349,NA
94,74,count-odds,tourney,FALSE,20,elitize_generation_data,93,31,0.333,NA
95,74,count-odds,tourney,FALSE,20,elitize_generation_data,94,28,0.352,NA
96,74,count-odds,tourney,FALSE,20,elitize_generation_data,95,29,0.378,NA
97,74,count-odds,tourney,FALSE,20,elitize_generation_data,96,21,0.391,NA
98,74,count-odds,tourney,FALSE,20,elitize_generation_data,97,19,0.371,NA
99,74,count-odds,tourney,FALSE,20,elitize_generation_data,98,32,0.372,NA
100,74,count-odds,tourney,FALSE,20,elitize_generation_data,99,31,0.362,NA
101,74,count-odds,tourney,FALSE,20,elitize_generation_data,100,27,0.378,NA
102,74,count-odds,tourney,FALSE,20,elitize_generation_data,101,23,0.342,NA
103,74,count-odds,tourney,FALSE,20,elitize_generation_data,102,25,0.353,NA
104,74,count-odds,tourney,FALSE,20,elitize_generation_data,103,23,0.385,NA
105,74,count-odds,tourney,FALSE,20,elitize_generation_data,104,20,0.361,NA
106,74,count-odds,tourney,FALSE,20,elitize_generation_data,105,25,0.351,NA
107,74,count-odds,tourney,FALSE,20,elitize_generation_data,106,25,0.367,NA
108,74,count-odds,tourney,FALSE,20,elitize_generation_data,107,25,0.35,NA
109,74,count-odds,tourney,FALSE,20,elitize_generation_data,108,30,0.354,NA
110,74,count-odds,tourney,FALSE,20,elitize_generation_data,109,24,0.368,NA
111,74,count-odds,tourney,FALSE,20,elitize_generation_data,110,22,0.362,NA
112,74,count-odds,tourney,FALSE,20,elitize_generation_data,111,28,0.362,NA
113,74,count-odds,tourney,FALSE,20,elitize_generation_data,112,23,0.363,NA
114,74,count-odds,tourney,FALSE,20,elitize_generation_data,113,27,0.366,NA
115,74,count-odds,tourney,FALSE,20,elitize_generation_data,114,17,0.336,NA
116,74,count-odds,tourney,FALSE,20,elitize_generation_data,115,19,0.33,NA
117,74,count-odds,tourney,FALSE,20,elitize_generation_data,116,23,0.324,NA
118,74,count-odds,tourney,FALSE,20,elitize_generation_data,117,25,0.347,NA
119,74,count-odds,tourney,FALSE,20,elitize_generation_data,118,26,0.332,NA
120,74,count-odds,tourney,FALSE,20,elitize_generation_data,119,19,0.337,NA
121,74,count-odds,tourney,FALSE,20,elitize_generation_data,120,29,0.346,NA
122,74,count-odds,tourney,FALSE,20,elitize_generation_data,121,22,0.343,NA
123,74,count-odds,tourney,FALSE,20,elitize_generation_data,122,22,0.361,NA
124,74,count-odds,tourney,FALSE,20,elitize_generation_data,123,22,0.343,NA
125,74,count-odds,tourney,FALSE,20,elitize_generation_data,124,23,0.341,NA
126,74,count-odds,tourney,FALSE,20,elitize_generation_data,125,23,0.317,NA
127,74,count-odds,tourney,FALSE,20,elitize_generation_data,126,24,0.298,NA
128,74,count-odds,tourney,FALSE,20,elitize_generation_data,127,23,0.3,NA
129,74,count-odds,tourney,FALSE,20,elitize_generation_data,128,22,0.314,NA
130,74,count-odds,tourney,FALSE,20,elitize_generation_data,129,24,0.299,NA
131,74,count-odds,tourney,FALSE,20,elitize_generation_data,130,21,0.331,NA
132,74,count-odds,tourney,FALSE,20,elitize_generation_data,131,26,0.331,NA
133,74,count-odds,tourney,FALSE,20,elitize_generation_data,132,22,0.327,NA
134,74,count-odds,tourney,FALSE,20,elitize_generation_data,133,21,0.339,NA
135,74,count-odds,tourney,FALSE,20,elitize_generation_data,134,20,0.324,NA
136,74,count-odds,tourney,FALSE,20,elitize_generation_data,135,19,0.339,NA
137,74,count-odds,tourney,FALSE,20,elitize_generation_data,136,22,0.333,NA
138,74,count-odds,tourney,FALSE,20,elitize_generation_data,137,26,0.357,NA
139,74,count-odds,tourney,FALSE,20,elitize_generation_data,138,24,0.335,NA
140,74,count-odds,tourney,FALSE,20,elitize_generation_data,139,24,0.311,NA
141,74,count-odds,tourney,FALSE,20,elitize_generation_data,140,29,0.326,NA
142,74,count-odds,tourney,FALSE,20,elitize_generation_data,141,27,0.322,NA
143,74,count-odds,tourney,FALSE,20,elitize_generation_data,142,27,0.315,NA
144,74,count-odds,tourney,FALSE,20,elitize_generation_data,143,24,0.315,NA
145,74,count-odds,tourney,FALSE,20,elitize_generation_data,144,26,0.343,NA
146,74,count-odds,tourney,FALSE,20,elitize_generation_data,145,20,0.323,NA
147,74,count-odds,tourney,FALSE,20,elitize_generation_data,146,22,0.33,NA
148,74,count-odds,tourney,FALSE,20,elitize_generation_data,147,20,0.363,NA
149,74,count-odds,tourney,FALSE,20,elitize_generation_data,148,25,0.346,NA
150,74,count-odds,tourney,FALSE,20,elitize_generation_data,149,22,0.347,NA
151,74,count-odds,tourney,FALSE,20,elitize_generation_data,150,22,0.366,NA
152,74,count-odds,tourney,FALSE,20,elitize_generation_data,151,20,0.377,NA
153,74,count-odds,tourney,FALSE,20,elitize_generation_data,152,23,0.374,NA
154,74,count-odds,tourney,FALSE,20,elitize_generation_data,153,28,0.359,NA
155,74,count-odds,tourney,FALSE,20,elitize_generation_data,154,23,0.361,NA
156,74,count-odds,tourney,FALSE,20,elitize_generation_data,155,29,0.36,NA
157,74,count-odds,tourney,FALSE,20,elitize_generation_data,156,28,0.345,NA
158,74,count-odds,tourney,FALSE,20,elitize_generation_data,157,24,0.35,NA
159,74,count-odds,tourney,FALSE,20,elitize_generation_data,158,24,0.372,NA
160,74,count-odds,tourney,FALSE,20,elitize_generation_data,159,31,0.379,NA
161,74,count-odds,tourney,FALSE,20,elitize_generation_data,160,25,0.349,NA
162,74,count-odds,tourney,FALSE,20,elitize_generation_data,161,21,0.363,NA
163,74,count-odds,tourney,FALSE,20,elitize_generation_data,162,32,0.416,NA
164,74,count-odds,tourney,FALSE,20,elitize_generation_data,163,22,0.357,NA
165,74,count-odds,tourney,FALSE,20,elitize_generation_data,164,25,0.367,NA
166,74,count-odds,tourney,FALSE,20,elitize_generation_data,165,20,0.371,NA
167,74,count-odds,tourney,FALSE,20,elitize_generation_data,166,26,0.384,NA
168,74,count-odds,tourney,FALSE,20,elitize_generation_data,167,29,0.38,NA
169,74,count-odds,tourney,FALSE,20,elitize_generation_data,168,27,0.382,NA
170,74,count-odds,tourney,FALSE,20,elitize_generation_data,169,32,0.383,NA
171,74,count-odds,tourney,FALSE,20,elitize_generation_data,170,30,0.361,NA
172,74,count-odds,tourney,FALSE,20,elitize_generation_data,171,34,0.396,NA
173,74,count-odds,tourney,FALSE,20,elitize_generation_data,172,22,0.408,NA
174,74,count-odds,tourney,FALSE,20,elitize_generation_data,173,26,0.424,NA
175,74,count-odds,tourney,FALSE,20,elitize_generation_data,174,27,0.421,NA
176,74,count-odds,tourney,FALSE,20,elitize_generation_data,175,23,0.42,NA
177,74,count-odds,tourney,FALSE,20,elitize_generation_data,176,21,0.402,NA
178,74,count-odds,tourney,FALSE,20,elitize_generation_data,177,18,0.399,NA
179,74,count-odds,tourney,FALSE,20,elitize_generation_data,178,20,0.408,NA
180,74,count-odds,tourney,FALSE,20,elitize_generation_data,179,18,0.431,NA
181,74,count-odds,tourney,FALSE,20,elitize_generation_data,180,22,0.401,NA
182,74,count-odds,tourney,FALSE,20,elitize_generation_data,181,29,0.42,NA
183,74,count-odds,tourney,FALSE,20,elitize_generation_data,182,32,0.423,NA
184,74,count-odds,tourney,FALSE,20,elitize_generation_data,183,26,0.428,NA
185,74,count-odds,tourney,FALSE,20,elitize_generation_data,184,22,0.428,NA
186,74,count-odds,tourney,FALSE,20,elitize_generation_data,185,17,0.404,NA
187,74,count-odds,tourney,FALSE,20,elitize_generation_data,186,12,0.422,NA
188,74,count-odds,tourney,FALSE,20,elitize_generation_data,187,24,0.448,NA
189,74,count-odds,tourney,FALSE,20,elitize_generation_data,188,32,0.491,NA
190,74,count-odds,tourney,FALSE,20,elitize_generation_data,189,23,0.483,NA
191,74,count-odds,tourney,FALSE,20,elitize_generation_data,190,29,0.465,NA
192,74,count-odds,tourney,FALSE,20,elitize_generation_data,191,23,0.476,NA
193,74,count-odds,tourney,FALSE,20,elitize_generation_data,192,32,0.466,NA
194,74,count-odds,tourney,FALSE,20,elitize_generation_data,193,24,0.457,NA
195,74,count-odds,tourney,FALSE,20,elitize_generation_data,194,22,0.461,NA
196,74,count-odds,tourney,FALSE,20,elitize_generation_data,195,27,0.483,NA
197,74,count-odds,tourney,FALSE,20,elitize_generation_data,196,22,0.483,NA
198,74,count-odds,tourney,FALSE,20,elitize_generation_data,197,25,0.464,NA
199,74,count-odds,tourney,FALSE,20,elitize_generation_data,198,23,0.478,NA
200,74,count-odds,tourney,FALSE,20,elitize_generation_data,199,22,0.419,NA
201,74,count-odds,tourney,FALSE,20,elitize_generation_data,200,27,0.477,NA
202,74,count-odds,tourney,FALSE,20,elitize_generation_data,201,23,0.464,NA
203,74,count-odds,tourney,FALSE,20,elitize_generation_data,202,27,0.466,NA
204,74,count-odds,tourney,FALSE,20,elitize_generation_data,203,24,0.436,NA
205,74,count-odds,tourney,FALSE,20,elitize_generation_data,204,26,0.484,NA
206,74,count-odds,tourney,FALSE,20,elitize_generation_data,205,23,0.488,NA
207,74,count-odds,tourney,FALSE,20,elitize_generation_data,206,26,0.479,NA
208,74,count-odds,tourney,FALSE,20,elitize_generation_data,207,22,0.473,NA
209,74,count-odds,tourney,FALSE,20,elitize_generation_data,208,24,0.455,NA
210,74,count-odds,tourney,FALSE,20,elitize_generation_data,209,28,0.451,NA
211,74,count-odds,tourney,FALSE,20,elitize_generation_data,210,24,0.476,NA
212,74,count-odds,tourney,FALSE,20,elitize_generation_data,211,25,0.47,NA
213,74,count-odds,tourney,FALSE,20,elitize_generation_data,212,24,0.47,NA
214,74,count-odds,tourney,FALSE,20,elitize_generation_data,213,21,0.482,NA
215,74,count-odds,tourney,FALSE,20,elitize_generation_data,214,25,0.457,NA
216,74,count-odds,tourney,FALSE,20,elitize_generation_data,215,30,0.477,NA
217,74,count-odds,tourney,FALSE,20,elitize_generation_data,216,26,0.464,NA
218,74,count-odds,tourney,FALSE,20,elitize_generation_data,217,31,0.454,NA
219,74,count-odds,tourney,FALSE,20,elitize_generation_data,218,30,0.464,NA
220,74,count-odds,tourney,FALSE,20,elitize_generation_data,219,23,0.481,NA
221,74,count-odds,tourney,FALSE,20,elitize_generation_data,220,26,0.462,NA
222,74,count-odds,tourney,FALSE,20,elitize_generation_data,221,28,0.453,NA
223,74,count-odds,tourney,FALSE,20,elitize_generation_data,222,24,0.474,NA
224,74,count-odds,tourney,FALSE,20,elitize_generation_data,223,28,0.473,NA
225,74,count-odds,tourney,FALSE,20,elitize_generation_data,224,25,0.476,NA
226,74,count-odds,tourney,FALSE,20,elitize_generation_data,225,32,0.446,NA
227,74,count-odds,tourney,FALSE,20,elitize_generation_data,226,27,0.468,NA
228,74,count-odds,tourney,FALSE,20,elitize_generation_data,227,31,0.456,NA
229,74,count-odds,tourney,FALSE,20,elitize_generation_data,228,27,0.496,NA
230,74,count-odds,tourney,FALSE,20,elitize_generation_data,229,28,0.483,NA
231,74,count-odds,tourney,FALSE,20,elitize_generation_data,230,29,0.469,NA
232,74,count-odds,tourney,FALSE,20,elitize_generation_data,231,23,0.452,NA
233,74,count-odds,tourney,FALSE,20,elitize_generation_data,232,34,0.459,NA
234,74,count-odds,tourney,FALSE,20,elitize_generation_data,233,26,0.474,NA
235,74,count-odds,tourney,FALSE,20,elitize_generation_data,234,25,0.478,NA
236,74,count-odds,tourney,FALSE,20,elitize_generation_data,235,35,0.453,NA
237,74,count-odds,tourney,FALSE,20,elitize_generation_data,236,26,0.483,NA
238,74,count-odds,tourney,FALSE,20,elitize_generation_data,237,28,0.464,NA
239,74,count-odds,tourney,FALSE,20,elitize_generation_data,238,26,0.464,NA
240,74,count-odds,tourney,FALSE,20,elitize_generation_data,239,29,0.461,NA
241,74,count-odds,tourney,FALSE,20,elitize_generation_data,240,29,0.466,NA
242,74,count-odds,tourney,FALSE,20,elitize_generation_data,241,32,0.476,NA
243,74,count-odds,tourney,FALSE,20,elitize_generation_data,242,31,0.467,NA
244,74,count-odds,tourney,FALSE,20,elitize_generation_data,243,30,0.469,NA
245,74,count-odds,tourney,FALSE,20,elitize_generation_data,244,24,0.461,NA
246,74,count-odds,tourney,FALSE,20,elitize_generation_data,245,26,0.463,NA
247,74,count-odds,tourney,FALSE,20,elitize_generation_data,246,24,0.472,NA
248,74,count-odds,tourney,FALSE,20,elitize_generation_data,247,26,0.503,NA
249,74,count-odds,tourney,FALSE,20,elitize_generation_data,248,23,0.478,NA
250,74,count-odds,tourney,FALSE,20,elitize_generation_data,249,24,0.475,NA
251,74,count-odds,tourney,FALSE,20,elitize_generation_data,250,26,0.497,NA
252,74,count-odds,tourney,FALSE,20,elitize_generation_data,251,34,0.448,NA
253,74,count-odds,tourney,FALSE,20,elitize_generation_data,252,32,0.478,NA
254,74,count-odds,tourney,FALSE,20,elitize_generation_data,253,31,0.478,NA
255,74,count-odds,tourney,FALSE,20,elitize_generation_data,254,37,0.453,NA
256,74,count-odds,tourney,FALSE,20,elitize_generation_data,255,29,0.48,NA
257,74,count-odds,tourney,FALSE,20,elitize_generation_data,256,24,0.458,NA
258,74,count-odds,tourney,FALSE,20,elitize_generation_data,257,39,0.464,NA
259,74,count-odds,tourney,FALSE,20,elitize_generation_data,258,28,0.461,NA
260,74,count-odds,tourney,FALSE,20,elitize_generation_data,259,32,0.437,NA
261,74,count-odds,tourney,FALSE,20,elitize_generation_data,260,35,0.472,NA
262,74,count-odds,tourney,FALSE,20,elitize_generation_data,261,27,0.489,NA
263,74,count-odds,tourney,FALSE,20,elitize_generation_data,262,31,0.49,NA
264,74,count-odds,tourney,FALSE,20,elitize_generation_data,263,26,0.445,NA
265,74,count-odds,tourney,FALSE,20,elitize_generation_data,264,29,0.444,NA
266,74,count-odds,tourney,FALSE,20,elitize_generation_data,265,26,0.453,NA
267,74,count-odds,tourney,FALSE,20,elitize_generation_data,266,28,0.449,NA
268,74,count-odds,tourney,FALSE,20,elitize_generation_data,267,28,0.47,NA
269,74,count-odds,tourney,FALSE,20,elitize_generation_data,268,25,0.445,NA
270,74,count-odds,tourney,FALSE,20,elitize_generation_data,269,30,0.451,NA
271,74,count-odds,tourney,FALSE,20,elitize_generation_data,270,26,0.454,NA
272,74,count-odds,tourney,FALSE,20,elitize_generation_data,271,24,0.435,NA
273,74,count-odds,tourney,FALSE,20,elitize_generation_data,272,33,0.48,NA
274,74,count-odds,tourney,FALSE,20,elitize_generation_data,273,24,0.444,NA
275,74,count-odds,tourney,FALSE,20,elitize_generation_data,274,30,0.46,NA
276,74,count-odds,tourney,FALSE,20,elitize_generation_data,275,28,0.447,NA
277,74,count-odds,tourney,FALSE,20,elitize_generation_data,276,28,0.442,NA
278,74,count-odds,tourney,FALSE,20,elitize_generation_data,277,24,0.444,NA
279,74,count-odds,tourney,FALSE,20,elitize_generation_data,278,32,0.468,NA
280,74,count-odds,tourney,FALSE,20,elitize_generation_data,279,28,0.449,NA
281,74,count-odds,tourney,FALSE,20,elitize_generation_data,280,32,0.449,NA
282,74,count-odds,tourney,FALSE,20,elitize_generation_data,281,31,0.43,NA
283,74,count-odds,tourney,FALSE,20,elitize_generation_data,282,28,0.437,NA
284,74,count-odds,tourney,FALSE,20,elitize_generation_data,283,29,0.438,NA
285,74,count-odds,tourney,FALSE,20,elitize_generation_data,284,25,0.446,NA
286,74,count-odds,tourney,FALSE,20,elitize_generation_data,285,34,0.438,NA
287,74,count-odds,tourney,FALSE,20,elitize_generation_data,286,26,0.453,NA
288,74,count-odds,tourney,FALSE,20,elitize_generation_data,287,29,0.446,NA
289,74,count-odds,tourney,FALSE,20,elitize_generation_data,288,26,0.446,NA
290,74,count-odds,tourney,FALSE,20,elitize_generation_data,289,31,0.427,NA
291,74,count-odds,tourney,FALSE,20,elitize_generation_data,290,31,0.457,NA
292,74,count-odds,tourney,FALSE,20,elitize_generation_data,291,23,0.452,NA
293,74,count-odds,tourney,FALSE,20,elitize_generation_data,292,22,0.43,NA
294,74,count-odds,tourney,FALSE,20,elitize_generation_data,293,32,0.461,NA
295,74,count-odds,tourney,FALSE,20,elitize_generation_data,294,38,0.454,NA
296,74,count-odds,tourney,FALSE,20,elitize_generation_data,295,29,0.471,NA
297,74,count-odds,tourney,FALSE,20,elitize_generation_data,296,28,0.457,NA
298,74,count-odds,tourney,FALSE,20,elitize_generation_data,297,24,0.443,NA
299,74,count-odds,tourney,FALSE,20,elitize_generation_data,298,29,0.437,NA
300,74,count-odds,tourney,FALSE,20,elitize_generation_data,299,40,0.461,NA
301,74,count-odds,tourney,FALSE,20,elitize_generation_data,300,30,0.443,NA
