,run.num,problem,treatment,succeeded,height,normalization.function,generation,cluster.count,error.diversity,success.generation
1,53,count-odds,tourney,FALSE,20,elitize_generation_data,0,4,0.18,NA
2,53,count-odds,tourney,FALSE,20,elitize_generation_data,1,6,0.089,NA
3,53,count-odds,tourney,FALSE,20,elitize_generation_data,2,6,0.081,NA
4,53,count-odds,tourney,FALSE,20,elitize_generation_data,3,4,0.072,NA
5,53,count-odds,tourney,FALSE,20,elitize_generation_data,4,5,0.071,NA
6,53,count-odds,tourney,FALSE,20,elitize_generation_data,5,6,0.082,NA
7,53,count-odds,tourney,FALSE,20,elitize_generation_data,6,8,0.128,NA
8,53,count-odds,tourney,FALSE,20,elitize_generation_data,7,14,0.154,NA
9,53,count-odds,tourney,FALSE,20,elitize_generation_data,8,7,0.149,NA
10,53,count-odds,tourney,FALSE,20,elitize_generation_data,9,8,0.099,NA
11,53,count-odds,tourney,FALSE,20,elitize_generation_data,10,8,0.216,NA
12,53,count-odds,tourney,FALSE,20,elitize_generation_data,11,14,0.27,NA
13,53,count-odds,tourney,FALSE,20,elitize_generation_data,12,15,0.283,NA
14,53,count-odds,tourney,FALSE,20,elitize_generation_data,13,14,0.32,NA
15,53,count-odds,tourney,FALSE,20,elitize_generation_data,14,15,0.302,NA
16,53,count-odds,tourney,FALSE,20,elitize_generation_data,15,13,0.283,NA
17,53,count-odds,tourney,FALSE,20,elitize_generation_data,16,14,0.324,NA
18,53,count-odds,tourney,FALSE,20,elitize_generation_data,17,12,0.343,NA
19,53,count-odds,tourney,FALSE,20,elitize_generation_data,18,12,0.323,NA
20,53,count-odds,tourney,FALSE,20,elitize_generation_data,19,16,0.307,NA
21,53,count-odds,tourney,FALSE,20,elitize_generation_data,20,13,0.274,NA
22,53,count-odds,tourney,FALSE,20,elitize_generation_data,21,12,0.232,NA
23,53,count-odds,tourney,FALSE,20,elitize_generation_data,22,13,0.228,NA
24,53,count-odds,tourney,FALSE,20,elitize_generation_data,23,21,0.239,NA
25,53,count-odds,tourney,FALSE,20,elitize_generation_data,24,16,0.241,NA
26,53,count-odds,tourney,FALSE,20,elitize_generation_data,25,14,0.308,NA
27,53,count-odds,tourney,FALSE,20,elitize_generation_data,26,16,0.293,NA
28,53,count-odds,tourney,FALSE,20,elitize_generation_data,27,12,0.298,NA
29,53,count-odds,tourney,FALSE,20,elitize_generation_data,28,14,0.285,NA
30,53,count-odds,tourney,FALSE,20,elitize_generation_data,29,16,0.375,NA
31,53,count-odds,tourney,FALSE,20,elitize_generation_data,30,20,0.327,NA
32,53,count-odds,tourney,FALSE,20,elitize_generation_data,31,20,0.348,NA
33,53,count-odds,tourney,FALSE,20,elitize_generation_data,32,18,0.369,NA
34,53,count-odds,tourney,FALSE,20,elitize_generation_data,33,17,0.381,NA
35,53,count-odds,tourney,FALSE,20,elitize_generation_data,34,18,0.353,NA
36,53,count-odds,tourney,FALSE,20,elitize_generation_data,35,15,0.321,NA
37,53,count-odds,tourney,FALSE,20,elitize_generation_data,36,15,0.348,NA
38,53,count-odds,tourney,FALSE,20,elitize_generation_data,37,14,0.312,NA
39,53,count-odds,tourney,FALSE,20,elitize_generation_data,38,17,0.358,NA
40,53,count-odds,tourney,FALSE,20,elitize_generation_data,39,11,0.344,NA
41,53,count-odds,tourney,FALSE,20,elitize_generation_data,40,19,0.362,NA
42,53,count-odds,tourney,FALSE,20,elitize_generation_data,41,15,0.339,NA
43,53,count-odds,tourney,FALSE,20,elitize_generation_data,42,14,0.341,NA
44,53,count-odds,tourney,FALSE,20,elitize_generation_data,43,17,0.331,NA
45,53,count-odds,tourney,FALSE,20,elitize_generation_data,44,15,0.365,NA
46,53,count-odds,tourney,FALSE,20,elitize_generation_data,45,19,0.352,NA
47,53,count-odds,tourney,FALSE,20,elitize_generation_data,46,17,0.335,NA
48,53,count-odds,tourney,FALSE,20,elitize_generation_data,47,17,0.329,NA
49,53,count-odds,tourney,FALSE,20,elitize_generation_data,48,22,0.346,NA
50,53,count-odds,tourney,FALSE,20,elitize_generation_data,49,21,0.339,NA
51,53,count-odds,tourney,FALSE,20,elitize_generation_data,50,17,0.335,NA
52,53,count-odds,tourney,FALSE,20,elitize_generation_data,51,24,0.331,NA
53,53,count-odds,tourney,FALSE,20,elitize_generation_data,52,18,0.325,NA
54,53,count-odds,tourney,FALSE,20,elitize_generation_data,53,16,0.343,NA
55,53,count-odds,tourney,FALSE,20,elitize_generation_data,54,18,0.359,NA
56,53,count-odds,tourney,FALSE,20,elitize_generation_data,55,23,0.312,NA
57,53,count-odds,tourney,FALSE,20,elitize_generation_data,56,22,0.342,NA
58,53,count-odds,tourney,FALSE,20,elitize_generation_data,57,18,0.346,NA
59,53,count-odds,tourney,FALSE,20,elitize_generation_data,58,25,0.342,NA
60,53,count-odds,tourney,FALSE,20,elitize_generation_data,59,19,0.327,NA
61,53,count-odds,tourney,FALSE,20,elitize_generation_data,60,24,0.354,NA
62,53,count-odds,tourney,FALSE,20,elitize_generation_data,61,15,0.365,NA
63,53,count-odds,tourney,FALSE,20,elitize_generation_data,62,15,0.361,NA
64,53,count-odds,tourney,FALSE,20,elitize_generation_data,63,19,0.399,NA
65,53,count-odds,tourney,FALSE,20,elitize_generation_data,64,25,0.404,NA
66,53,count-odds,tourney,FALSE,20,elitize_generation_data,65,19,0.36,NA
67,53,count-odds,tourney,FALSE,20,elitize_generation_data,66,22,0.383,NA
68,53,count-odds,tourney,FALSE,20,elitize_generation_data,67,18,0.408,NA
69,53,count-odds,tourney,FALSE,20,elitize_generation_data,68,22,0.427,NA
70,53,count-odds,tourney,FALSE,20,elitize_generation_data,69,16,0.443,NA
71,53,count-odds,tourney,FALSE,20,elitize_generation_data,70,19,0.444,NA
72,53,count-odds,tourney,FALSE,20,elitize_generation_data,71,17,0.485,NA
73,53,count-odds,tourney,FALSE,20,elitize_generation_data,72,23,0.506,NA
74,53,count-odds,tourney,FALSE,20,elitize_generation_data,73,16,0.542,NA
75,53,count-odds,tourney,FALSE,20,elitize_generation_data,74,22,0.585,NA
76,53,count-odds,tourney,FALSE,20,elitize_generation_data,75,16,0.547,NA
77,53,count-odds,tourney,FALSE,20,elitize_generation_data,76,16,0.598,NA
78,53,count-odds,tourney,FALSE,20,elitize_generation_data,77,23,0.624,NA
79,53,count-odds,tourney,FALSE,20,elitize_generation_data,78,16,0.618,NA
80,53,count-odds,tourney,FALSE,20,elitize_generation_data,79,20,0.644,NA
81,53,count-odds,tourney,FALSE,20,elitize_generation_data,80,17,0.608,NA
82,53,count-odds,tourney,FALSE,20,elitize_generation_data,81,17,0.542,NA
83,53,count-odds,tourney,FALSE,20,elitize_generation_data,82,18,0.54,NA
84,53,count-odds,tourney,FALSE,20,elitize_generation_data,83,14,0.54,NA
85,53,count-odds,tourney,FALSE,20,elitize_generation_data,84,16,0.521,NA
86,53,count-odds,tourney,FALSE,20,elitize_generation_data,85,18,0.533,NA
87,53,count-odds,tourney,FALSE,20,elitize_generation_data,86,17,0.558,NA
88,53,count-odds,tourney,FALSE,20,elitize_generation_data,87,22,0.583,NA
89,53,count-odds,tourney,FALSE,20,elitize_generation_data,88,23,0.585,NA
90,53,count-odds,tourney,FALSE,20,elitize_generation_data,89,19,0.597,NA
91,53,count-odds,tourney,FALSE,20,elitize_generation_data,90,18,0.591,NA
92,53,count-odds,tourney,FALSE,20,elitize_generation_data,91,18,0.659,NA
93,53,count-odds,tourney,FALSE,20,elitize_generation_data,92,18,0.64,NA
94,53,count-odds,tourney,FALSE,20,elitize_generation_data,93,20,0.67,NA
95,53,count-odds,tourney,FALSE,20,elitize_generation_data,94,23,0.67,NA
96,53,count-odds,tourney,FALSE,20,elitize_generation_data,95,17,0.642,NA
97,53,count-odds,tourney,FALSE,20,elitize_generation_data,96,21,0.607,NA
98,53,count-odds,tourney,FALSE,20,elitize_generation_data,97,17,0.592,NA
99,53,count-odds,tourney,FALSE,20,elitize_generation_data,98,23,0.588,NA
100,53,count-odds,tourney,FALSE,20,elitize_generation_data,99,16,0.59,NA
101,53,count-odds,tourney,FALSE,20,elitize_generation_data,100,18,0.625,NA
102,53,count-odds,tourney,FALSE,20,elitize_generation_data,101,21,0.608,NA
103,53,count-odds,tourney,FALSE,20,elitize_generation_data,102,17,0.593,NA
104,53,count-odds,tourney,FALSE,20,elitize_generation_data,103,18,0.597,NA
105,53,count-odds,tourney,FALSE,20,elitize_generation_data,104,12,0.581,NA
106,53,count-odds,tourney,FALSE,20,elitize_generation_data,105,15,0.538,NA
107,53,count-odds,tourney,FALSE,20,elitize_generation_data,106,14,0.57,NA
108,53,count-odds,tourney,FALSE,20,elitize_generation_data,107,19,0.557,NA
109,53,count-odds,tourney,FALSE,20,elitize_generation_data,108,19,0.591,NA
110,53,count-odds,tourney,FALSE,20,elitize_generation_data,109,15,0.584,NA
111,53,count-odds,tourney,FALSE,20,elitize_generation_data,110,19,0.555,NA
112,53,count-odds,tourney,FALSE,20,elitize_generation_data,111,18,0.576,NA
113,53,count-odds,tourney,FALSE,20,elitize_generation_data,112,19,0.583,NA
114,53,count-odds,tourney,FALSE,20,elitize_generation_data,113,17,0.583,NA
115,53,count-odds,tourney,FALSE,20,elitize_generation_data,114,17,0.586,NA
116,53,count-odds,tourney,FALSE,20,elitize_generation_data,115,19,0.568,NA
117,53,count-odds,tourney,FALSE,20,elitize_generation_data,116,16,0.59,NA
118,53,count-odds,tourney,FALSE,20,elitize_generation_data,117,14,0.593,NA
119,53,count-odds,tourney,FALSE,20,elitize_generation_data,118,15,0.599,NA
120,53,count-odds,tourney,FALSE,20,elitize_generation_data,119,20,0.58,NA
121,53,count-odds,tourney,FALSE,20,elitize_generation_data,120,20,0.546,NA
122,53,count-odds,tourney,FALSE,20,elitize_generation_data,121,14,0.572,NA
123,53,count-odds,tourney,FALSE,20,elitize_generation_data,122,27,0.586,NA
124,53,count-odds,tourney,FALSE,20,elitize_generation_data,123,19,0.567,NA
125,53,count-odds,tourney,FALSE,20,elitize_generation_data,124,19,0.562,NA
126,53,count-odds,tourney,FALSE,20,elitize_generation_data,125,22,0.575,NA
127,53,count-odds,tourney,FALSE,20,elitize_generation_data,126,20,0.568,NA
128,53,count-odds,tourney,FALSE,20,elitize_generation_data,127,18,0.579,NA
129,53,count-odds,tourney,FALSE,20,elitize_generation_data,128,15,0.549,NA
130,53,count-odds,tourney,FALSE,20,elitize_generation_data,129,19,0.559,NA
131,53,count-odds,tourney,FALSE,20,elitize_generation_data,130,19,0.563,NA
132,53,count-odds,tourney,FALSE,20,elitize_generation_data,131,24,0.558,NA
133,53,count-odds,tourney,FALSE,20,elitize_generation_data,132,20,0.55,NA
134,53,count-odds,tourney,FALSE,20,elitize_generation_data,133,16,0.569,NA
135,53,count-odds,tourney,FALSE,20,elitize_generation_data,134,13,0.578,NA
136,53,count-odds,tourney,FALSE,20,elitize_generation_data,135,22,0.574,NA
137,53,count-odds,tourney,FALSE,20,elitize_generation_data,136,17,0.576,NA
138,53,count-odds,tourney,FALSE,20,elitize_generation_data,137,19,0.598,NA
139,53,count-odds,tourney,FALSE,20,elitize_generation_data,138,17,0.631,NA
140,53,count-odds,tourney,FALSE,20,elitize_generation_data,139,15,0.607,NA
141,53,count-odds,tourney,FALSE,20,elitize_generation_data,140,22,0.596,NA
142,53,count-odds,tourney,FALSE,20,elitize_generation_data,141,20,0.584,NA
143,53,count-odds,tourney,FALSE,20,elitize_generation_data,142,18,0.561,NA
144,53,count-odds,tourney,FALSE,20,elitize_generation_data,143,21,0.596,NA
145,53,count-odds,tourney,FALSE,20,elitize_generation_data,144,17,0.58,NA
146,53,count-odds,tourney,FALSE,20,elitize_generation_data,145,18,0.588,NA
147,53,count-odds,tourney,FALSE,20,elitize_generation_data,146,14,0.583,NA
148,53,count-odds,tourney,FALSE,20,elitize_generation_data,147,17,0.589,NA
149,53,count-odds,tourney,FALSE,20,elitize_generation_data,148,19,0.566,NA
150,53,count-odds,tourney,FALSE,20,elitize_generation_data,149,18,0.596,NA
151,53,count-odds,tourney,FALSE,20,elitize_generation_data,150,17,0.621,NA
152,53,count-odds,tourney,FALSE,20,elitize_generation_data,151,21,0.594,NA
153,53,count-odds,tourney,FALSE,20,elitize_generation_data,152,14,0.606,NA
154,53,count-odds,tourney,FALSE,20,elitize_generation_data,153,22,0.613,NA
155,53,count-odds,tourney,FALSE,20,elitize_generation_data,154,27,0.641,NA
156,53,count-odds,tourney,FALSE,20,elitize_generation_data,155,23,0.663,NA
157,53,count-odds,tourney,FALSE,20,elitize_generation_data,156,17,0.66,NA
158,53,count-odds,tourney,FALSE,20,elitize_generation_data,157,22,0.701,NA
159,53,count-odds,tourney,FALSE,20,elitize_generation_data,158,20,0.709,NA
160,53,count-odds,tourney,FALSE,20,elitize_generation_data,159,20,0.715,NA
161,53,count-odds,tourney,FALSE,20,elitize_generation_data,160,25,0.714,NA
162,53,count-odds,tourney,FALSE,20,elitize_generation_data,161,21,0.74,NA
163,53,count-odds,tourney,FALSE,20,elitize_generation_data,162,19,0.738,NA
164,53,count-odds,tourney,FALSE,20,elitize_generation_data,163,21,0.712,NA
165,53,count-odds,tourney,FALSE,20,elitize_generation_data,164,22,0.72,NA
166,53,count-odds,tourney,FALSE,20,elitize_generation_data,165,21,0.702,NA
167,53,count-odds,tourney,FALSE,20,elitize_generation_data,166,18,0.689,NA
168,53,count-odds,tourney,FALSE,20,elitize_generation_data,167,24,0.73,NA
169,53,count-odds,tourney,FALSE,20,elitize_generation_data,168,17,0.715,NA
170,53,count-odds,tourney,FALSE,20,elitize_generation_data,169,15,0.726,NA
171,53,count-odds,tourney,FALSE,20,elitize_generation_data,170,18,0.728,NA
172,53,count-odds,tourney,FALSE,20,elitize_generation_data,171,25,0.724,NA
173,53,count-odds,tourney,FALSE,20,elitize_generation_data,172,17,0.74,NA
174,53,count-odds,tourney,FALSE,20,elitize_generation_data,173,19,0.713,NA
175,53,count-odds,tourney,FALSE,20,elitize_generation_data,174,19,0.738,NA
176,53,count-odds,tourney,FALSE,20,elitize_generation_data,175,21,0.728,NA
177,53,count-odds,tourney,FALSE,20,elitize_generation_data,176,18,0.728,NA
178,53,count-odds,tourney,FALSE,20,elitize_generation_data,177,15,0.754,NA
179,53,count-odds,tourney,FALSE,20,elitize_generation_data,178,20,0.723,NA
180,53,count-odds,tourney,FALSE,20,elitize_generation_data,179,15,0.736,NA
181,53,count-odds,tourney,FALSE,20,elitize_generation_data,180,15,0.707,NA
182,53,count-odds,tourney,FALSE,20,elitize_generation_data,181,17,0.727,NA
183,53,count-odds,tourney,FALSE,20,elitize_generation_data,182,18,0.711,NA
184,53,count-odds,tourney,FALSE,20,elitize_generation_data,183,21,0.688,NA
185,53,count-odds,tourney,FALSE,20,elitize_generation_data,184,15,0.728,NA
186,53,count-odds,tourney,FALSE,20,elitize_generation_data,185,23,0.723,NA
187,53,count-odds,tourney,FALSE,20,elitize_generation_data,186,19,0.701,NA
188,53,count-odds,tourney,FALSE,20,elitize_generation_data,187,14,0.71,NA
189,53,count-odds,tourney,FALSE,20,elitize_generation_data,188,14,0.717,NA
190,53,count-odds,tourney,FALSE,20,elitize_generation_data,189,18,0.712,NA
191,53,count-odds,tourney,FALSE,20,elitize_generation_data,190,21,0.706,NA
192,53,count-odds,tourney,FALSE,20,elitize_generation_data,191,14,0.698,NA
193,53,count-odds,tourney,FALSE,20,elitize_generation_data,192,25,0.733,NA
194,53,count-odds,tourney,FALSE,20,elitize_generation_data,193,19,0.739,NA
195,53,count-odds,tourney,FALSE,20,elitize_generation_data,194,21,0.742,NA
196,53,count-odds,tourney,FALSE,20,elitize_generation_data,195,19,0.696,NA
197,53,count-odds,tourney,FALSE,20,elitize_generation_data,196,23,0.712,NA
198,53,count-odds,tourney,FALSE,20,elitize_generation_data,197,17,0.718,NA
199,53,count-odds,tourney,FALSE,20,elitize_generation_data,198,15,0.707,NA
200,53,count-odds,tourney,FALSE,20,elitize_generation_data,199,17,0.705,NA
201,53,count-odds,tourney,FALSE,20,elitize_generation_data,200,19,0.727,NA
202,53,count-odds,tourney,FALSE,20,elitize_generation_data,201,20,0.728,NA
203,53,count-odds,tourney,FALSE,20,elitize_generation_data,202,17,0.719,NA
204,53,count-odds,tourney,FALSE,20,elitize_generation_data,203,19,0.689,NA
205,53,count-odds,tourney,FALSE,20,elitize_generation_data,204,20,0.7,NA
206,53,count-odds,tourney,FALSE,20,elitize_generation_data,205,14,0.712,NA
207,53,count-odds,tourney,FALSE,20,elitize_generation_data,206,18,0.705,NA
208,53,count-odds,tourney,FALSE,20,elitize_generation_data,207,17,0.708,NA
209,53,count-odds,tourney,FALSE,20,elitize_generation_data,208,18,0.685,NA
210,53,count-odds,tourney,FALSE,20,elitize_generation_data,209,24,0.732,NA
211,53,count-odds,tourney,FALSE,20,elitize_generation_data,210,18,0.7,NA
212,53,count-odds,tourney,FALSE,20,elitize_generation_data,211,21,0.699,NA
213,53,count-odds,tourney,FALSE,20,elitize_generation_data,212,21,0.729,NA
214,53,count-odds,tourney,FALSE,20,elitize_generation_data,213,22,0.73,NA
215,53,count-odds,tourney,FALSE,20,elitize_generation_data,214,18,0.73,NA
216,53,count-odds,tourney,FALSE,20,elitize_generation_data,215,24,0.744,NA
217,53,count-odds,tourney,FALSE,20,elitize_generation_data,216,17,0.716,NA
218,53,count-odds,tourney,FALSE,20,elitize_generation_data,217,20,0.723,NA
219,53,count-odds,tourney,FALSE,20,elitize_generation_data,218,23,0.748,NA
220,53,count-odds,tourney,FALSE,20,elitize_generation_data,219,17,0.751,NA
221,53,count-odds,tourney,FALSE,20,elitize_generation_data,220,21,0.737,NA
222,53,count-odds,tourney,FALSE,20,elitize_generation_data,221,17,0.753,NA
223,53,count-odds,tourney,FALSE,20,elitize_generation_data,222,19,0.759,NA
224,53,count-odds,tourney,FALSE,20,elitize_generation_data,223,20,0.741,NA
225,53,count-odds,tourney,FALSE,20,elitize_generation_data,224,19,0.719,NA
226,53,count-odds,tourney,FALSE,20,elitize_generation_data,225,25,0.711,NA
227,53,count-odds,tourney,FALSE,20,elitize_generation_data,226,23,0.69,NA
228,53,count-odds,tourney,FALSE,20,elitize_generation_data,227,17,0.692,NA
229,53,count-odds,tourney,FALSE,20,elitize_generation_data,228,22,0.678,NA
230,53,count-odds,tourney,FALSE,20,elitize_generation_data,229,23,0.704,NA
231,53,count-odds,tourney,FALSE,20,elitize_generation_data,230,18,0.712,NA
232,53,count-odds,tourney,FALSE,20,elitize_generation_data,231,20,0.684,NA
233,53,count-odds,tourney,FALSE,20,elitize_generation_data,232,28,0.711,NA
234,53,count-odds,tourney,FALSE,20,elitize_generation_data,233,23,0.729,NA
235,53,count-odds,tourney,FALSE,20,elitize_generation_data,234,22,0.721,NA
236,53,count-odds,tourney,FALSE,20,elitize_generation_data,235,20,0.741,NA
237,53,count-odds,tourney,FALSE,20,elitize_generation_data,236,20,0.725,NA
238,53,count-odds,tourney,FALSE,20,elitize_generation_data,237,22,0.707,NA
239,53,count-odds,tourney,FALSE,20,elitize_generation_data,238,20,0.74,NA
240,53,count-odds,tourney,FALSE,20,elitize_generation_data,239,21,0.725,NA
241,53,count-odds,tourney,FALSE,20,elitize_generation_data,240,20,0.735,NA
242,53,count-odds,tourney,FALSE,20,elitize_generation_data,241,20,0.749,NA
243,53,count-odds,tourney,FALSE,20,elitize_generation_data,242,19,0.72,NA
244,53,count-odds,tourney,FALSE,20,elitize_generation_data,243,15,0.736,NA
245,53,count-odds,tourney,FALSE,20,elitize_generation_data,244,20,0.728,NA
246,53,count-odds,tourney,FALSE,20,elitize_generation_data,245,22,0.741,NA
247,53,count-odds,tourney,FALSE,20,elitize_generation_data,246,19,0.729,NA
248,53,count-odds,tourney,FALSE,20,elitize_generation_data,247,19,0.711,NA
249,53,count-odds,tourney,FALSE,20,elitize_generation_data,248,23,0.712,NA
250,53,count-odds,tourney,FALSE,20,elitize_generation_data,249,27,0.727,NA
251,53,count-odds,tourney,FALSE,20,elitize_generation_data,250,23,0.709,NA
252,53,count-odds,tourney,FALSE,20,elitize_generation_data,251,27,0.726,NA
253,53,count-odds,tourney,FALSE,20,elitize_generation_data,252,25,0.706,NA
254,53,count-odds,tourney,FALSE,20,elitize_generation_data,253,19,0.717,NA
255,53,count-odds,tourney,FALSE,20,elitize_generation_data,254,21,0.726,NA
256,53,count-odds,tourney,FALSE,20,elitize_generation_data,255,20,0.714,NA
257,53,count-odds,tourney,FALSE,20,elitize_generation_data,256,16,0.679,NA
258,53,count-odds,tourney,FALSE,20,elitize_generation_data,257,16,0.7,NA
259,53,count-odds,tourney,FALSE,20,elitize_generation_data,258,19,0.689,NA
260,53,count-odds,tourney,FALSE,20,elitize_generation_data,259,21,0.689,NA
261,53,count-odds,tourney,FALSE,20,elitize_generation_data,260,26,0.683,NA
262,53,count-odds,tourney,FALSE,20,elitize_generation_data,261,24,0.674,NA
263,53,count-odds,tourney,FALSE,20,elitize_generation_data,262,14,0.668,NA
264,53,count-odds,tourney,FALSE,20,elitize_generation_data,263,17,0.686,NA
265,53,count-odds,tourney,FALSE,20,elitize_generation_data,264,18,0.692,NA
266,53,count-odds,tourney,FALSE,20,elitize_generation_data,265,29,0.709,NA
267,53,count-odds,tourney,FALSE,20,elitize_generation_data,266,24,0.702,NA
268,53,count-odds,tourney,FALSE,20,elitize_generation_data,267,23,0.714,NA
269,53,count-odds,tourney,FALSE,20,elitize_generation_data,268,15,0.693,NA
270,53,count-odds,tourney,FALSE,20,elitize_generation_data,269,26,0.709,NA
271,53,count-odds,tourney,FALSE,20,elitize_generation_data,270,22,0.689,NA
272,53,count-odds,tourney,FALSE,20,elitize_generation_data,271,20,0.736,NA
273,53,count-odds,tourney,FALSE,20,elitize_generation_data,272,20,0.71,NA
274,53,count-odds,tourney,FALSE,20,elitize_generation_data,273,22,0.737,NA
275,53,count-odds,tourney,FALSE,20,elitize_generation_data,274,27,0.746,NA
276,53,count-odds,tourney,FALSE,20,elitize_generation_data,275,26,0.717,NA
277,53,count-odds,tourney,FALSE,20,elitize_generation_data,276,20,0.719,NA
278,53,count-odds,tourney,FALSE,20,elitize_generation_data,277,16,0.731,NA
279,53,count-odds,tourney,FALSE,20,elitize_generation_data,278,24,0.721,NA
280,53,count-odds,tourney,FALSE,20,elitize_generation_data,279,23,0.703,NA
281,53,count-odds,tourney,FALSE,20,elitize_generation_data,280,28,0.721,NA
282,53,count-odds,tourney,FALSE,20,elitize_generation_data,281,20,0.712,NA
283,53,count-odds,tourney,FALSE,20,elitize_generation_data,282,21,0.705,NA
284,53,count-odds,tourney,FALSE,20,elitize_generation_data,283,22,0.691,NA
285,53,count-odds,tourney,FALSE,20,elitize_generation_data,284,22,0.739,NA
286,53,count-odds,tourney,FALSE,20,elitize_generation_data,285,24,0.693,NA
287,53,count-odds,tourney,FALSE,20,elitize_generation_data,286,20,0.718,NA
288,53,count-odds,tourney,FALSE,20,elitize_generation_data,287,26,0.689,NA
289,53,count-odds,tourney,FALSE,20,elitize_generation_data,288,23,0.701,NA
290,53,count-odds,tourney,FALSE,20,elitize_generation_data,289,20,0.713,NA
291,53,count-odds,tourney,FALSE,20,elitize_generation_data,290,24,0.706,NA
292,53,count-odds,tourney,FALSE,20,elitize_generation_data,291,27,0.692,NA
293,53,count-odds,tourney,FALSE,20,elitize_generation_data,292,16,0.708,NA
294,53,count-odds,tourney,FALSE,20,elitize_generation_data,293,20,0.704,NA
295,53,count-odds,tourney,FALSE,20,elitize_generation_data,294,19,0.714,NA
296,53,count-odds,tourney,FALSE,20,elitize_generation_data,295,16,0.706,NA
297,53,count-odds,tourney,FALSE,20,elitize_generation_data,296,18,0.722,NA
298,53,count-odds,tourney,FALSE,20,elitize_generation_data,297,27,0.701,NA
299,53,count-odds,tourney,FALSE,20,elitize_generation_data,298,20,0.713,NA
300,53,count-odds,tourney,FALSE,20,elitize_generation_data,299,16,0.708,NA
301,53,count-odds,tourney,FALSE,20,elitize_generation_data,300,18,0.705,NA
