,run.num,problem,treatment,succeeded,height,normalization.function,generation,cluster.count,error.diversity,success.generation
1,87,count-odds,tourney,FALSE,20,elitize_generation_data,0,8,0.19,NA
2,87,count-odds,tourney,FALSE,20,elitize_generation_data,1,7,0.107,NA
3,87,count-odds,tourney,FALSE,20,elitize_generation_data,2,5,0.056,NA
4,87,count-odds,tourney,FALSE,20,elitize_generation_data,3,4,0.048,NA
5,87,count-odds,tourney,FALSE,20,elitize_generation_data,4,5,0.031,NA
6,87,count-odds,tourney,FALSE,20,elitize_generation_data,5,5,0.034,NA
7,87,count-odds,tourney,FALSE,20,elitize_generation_data,6,6,0.032,NA
8,87,count-odds,tourney,FALSE,20,elitize_generation_data,7,8,0.045,NA
9,87,count-odds,tourney,FALSE,20,elitize_generation_data,8,8,0.068,NA
10,87,count-odds,tourney,FALSE,20,elitize_generation_data,9,8,0.109,NA
11,87,count-odds,tourney,FALSE,20,elitize_generation_data,10,9,0.146,NA
12,87,count-odds,tourney,FALSE,20,elitize_generation_data,11,8,0.218,NA
13,87,count-odds,tourney,FALSE,20,elitize_generation_data,12,9,0.235,NA
14,87,count-odds,tourney,FALSE,20,elitize_generation_data,13,9,0.223,NA
15,87,count-odds,tourney,FALSE,20,elitize_generation_data,14,9,0.207,NA
16,87,count-odds,tourney,FALSE,20,elitize_generation_data,15,8,0.201,NA
17,87,count-odds,tourney,FALSE,20,elitize_generation_data,16,10,0.216,NA
18,87,count-odds,tourney,FALSE,20,elitize_generation_data,17,9,0.188,NA
19,87,count-odds,tourney,FALSE,20,elitize_generation_data,18,8,0.215,NA
20,87,count-odds,tourney,FALSE,20,elitize_generation_data,19,11,0.228,NA
21,87,count-odds,tourney,FALSE,20,elitize_generation_data,20,9,0.215,NA
22,87,count-odds,tourney,FALSE,20,elitize_generation_data,21,9,0.234,NA
23,87,count-odds,tourney,FALSE,20,elitize_generation_data,22,9,0.24,NA
24,87,count-odds,tourney,FALSE,20,elitize_generation_data,23,10,0.245,NA
25,87,count-odds,tourney,FALSE,20,elitize_generation_data,24,10,0.233,NA
26,87,count-odds,tourney,FALSE,20,elitize_generation_data,25,9,0.245,NA
27,87,count-odds,tourney,FALSE,20,elitize_generation_data,26,9,0.251,NA
28,87,count-odds,tourney,FALSE,20,elitize_generation_data,27,8,0.261,NA
29,87,count-odds,tourney,FALSE,20,elitize_generation_data,28,9,0.253,NA
30,87,count-odds,tourney,FALSE,20,elitize_generation_data,29,8,0.275,NA
31,87,count-odds,tourney,FALSE,20,elitize_generation_data,30,6,0.275,NA
32,87,count-odds,tourney,FALSE,20,elitize_generation_data,31,5,0.243,NA
33,87,count-odds,tourney,FALSE,20,elitize_generation_data,32,6,0.232,NA
34,87,count-odds,tourney,FALSE,20,elitize_generation_data,33,10,0.253,NA
35,87,count-odds,tourney,FALSE,20,elitize_generation_data,34,7,0.238,NA
36,87,count-odds,tourney,FALSE,20,elitize_generation_data,35,6,0.247,NA
37,87,count-odds,tourney,FALSE,20,elitize_generation_data,36,5,0.22,NA
38,87,count-odds,tourney,FALSE,20,elitize_generation_data,37,8,0.209,NA
39,87,count-odds,tourney,FALSE,20,elitize_generation_data,38,3,0.241,NA
40,87,count-odds,tourney,FALSE,20,elitize_generation_data,39,6,0.235,NA
41,87,count-odds,tourney,FALSE,20,elitize_generation_data,40,3,0.291,NA
42,87,count-odds,tourney,FALSE,20,elitize_generation_data,41,3,0.301,NA
43,87,count-odds,tourney,FALSE,20,elitize_generation_data,42,8,0.282,NA
44,87,count-odds,tourney,FALSE,20,elitize_generation_data,43,13,0.264,NA
45,87,count-odds,tourney,FALSE,20,elitize_generation_data,44,9,0.277,NA
46,87,count-odds,tourney,FALSE,20,elitize_generation_data,45,6,0.304,NA
47,87,count-odds,tourney,FALSE,20,elitize_generation_data,46,10,0.268,NA
48,87,count-odds,tourney,FALSE,20,elitize_generation_data,47,6,0.263,NA
49,87,count-odds,tourney,FALSE,20,elitize_generation_data,48,9,0.264,NA
50,87,count-odds,tourney,FALSE,20,elitize_generation_data,49,7,0.291,NA
51,87,count-odds,tourney,FALSE,20,elitize_generation_data,50,6,0.3,NA
52,87,count-odds,tourney,FALSE,20,elitize_generation_data,51,8,0.27,NA
53,87,count-odds,tourney,FALSE,20,elitize_generation_data,52,8,0.262,NA
54,87,count-odds,tourney,FALSE,20,elitize_generation_data,53,9,0.238,NA
55,87,count-odds,tourney,FALSE,20,elitize_generation_data,54,5,0.234,NA
56,87,count-odds,tourney,FALSE,20,elitize_generation_data,55,6,0.26,NA
57,87,count-odds,tourney,FALSE,20,elitize_generation_data,56,7,0.259,NA
58,87,count-odds,tourney,FALSE,20,elitize_generation_data,57,6,0.29,NA
59,87,count-odds,tourney,FALSE,20,elitize_generation_data,58,9,0.301,NA
60,87,count-odds,tourney,FALSE,20,elitize_generation_data,59,9,0.283,NA
61,87,count-odds,tourney,FALSE,20,elitize_generation_data,60,7,0.274,NA
62,87,count-odds,tourney,FALSE,20,elitize_generation_data,61,9,0.3,NA
63,87,count-odds,tourney,FALSE,20,elitize_generation_data,62,9,0.293,NA
64,87,count-odds,tourney,FALSE,20,elitize_generation_data,63,9,0.277,NA
65,87,count-odds,tourney,FALSE,20,elitize_generation_data,64,9,0.273,NA
66,87,count-odds,tourney,FALSE,20,elitize_generation_data,65,8,0.286,NA
67,87,count-odds,tourney,FALSE,20,elitize_generation_data,66,9,0.266,NA
68,87,count-odds,tourney,FALSE,20,elitize_generation_data,67,6,0.287,NA
69,87,count-odds,tourney,FALSE,20,elitize_generation_data,68,11,0.302,NA
70,87,count-odds,tourney,FALSE,20,elitize_generation_data,69,8,0.311,NA
71,87,count-odds,tourney,FALSE,20,elitize_generation_data,70,9,0.319,NA
72,87,count-odds,tourney,FALSE,20,elitize_generation_data,71,8,0.32,NA
73,87,count-odds,tourney,FALSE,20,elitize_generation_data,72,9,0.29,NA
74,87,count-odds,tourney,FALSE,20,elitize_generation_data,73,10,0.299,NA
75,87,count-odds,tourney,FALSE,20,elitize_generation_data,74,8,0.306,NA
76,87,count-odds,tourney,FALSE,20,elitize_generation_data,75,8,0.335,NA
77,87,count-odds,tourney,FALSE,20,elitize_generation_data,76,10,0.316,NA
78,87,count-odds,tourney,FALSE,20,elitize_generation_data,77,10,0.302,NA
79,87,count-odds,tourney,FALSE,20,elitize_generation_data,78,8,0.313,NA
80,87,count-odds,tourney,FALSE,20,elitize_generation_data,79,9,0.326,NA
81,87,count-odds,tourney,FALSE,20,elitize_generation_data,80,8,0.36,NA
82,87,count-odds,tourney,FALSE,20,elitize_generation_data,81,7,0.324,NA
83,87,count-odds,tourney,FALSE,20,elitize_generation_data,82,11,0.341,NA
84,87,count-odds,tourney,FALSE,20,elitize_generation_data,83,12,0.377,NA
85,87,count-odds,tourney,FALSE,20,elitize_generation_data,84,11,0.409,NA
86,87,count-odds,tourney,FALSE,20,elitize_generation_data,85,12,0.399,NA
87,87,count-odds,tourney,FALSE,20,elitize_generation_data,86,11,0.367,NA
88,87,count-odds,tourney,FALSE,20,elitize_generation_data,87,10,0.402,NA
89,87,count-odds,tourney,FALSE,20,elitize_generation_data,88,9,0.388,NA
90,87,count-odds,tourney,FALSE,20,elitize_generation_data,89,13,0.422,NA
91,87,count-odds,tourney,FALSE,20,elitize_generation_data,90,11,0.415,NA
92,87,count-odds,tourney,FALSE,20,elitize_generation_data,91,8,0.453,NA
93,87,count-odds,tourney,FALSE,20,elitize_generation_data,92,10,0.43,NA
94,87,count-odds,tourney,FALSE,20,elitize_generation_data,93,8,0.409,NA
95,87,count-odds,tourney,FALSE,20,elitize_generation_data,94,10,0.424,NA
96,87,count-odds,tourney,FALSE,20,elitize_generation_data,95,9,0.457,NA
97,87,count-odds,tourney,FALSE,20,elitize_generation_data,96,10,0.448,NA
98,87,count-odds,tourney,FALSE,20,elitize_generation_data,97,7,0.426,NA
99,87,count-odds,tourney,FALSE,20,elitize_generation_data,98,10,0.464,NA
100,87,count-odds,tourney,FALSE,20,elitize_generation_data,99,8,0.449,NA
101,87,count-odds,tourney,FALSE,20,elitize_generation_data,100,10,0.5,NA
102,87,count-odds,tourney,FALSE,20,elitize_generation_data,101,13,0.496,NA
103,87,count-odds,tourney,FALSE,20,elitize_generation_data,102,12,0.501,NA
104,87,count-odds,tourney,FALSE,20,elitize_generation_data,103,6,0.526,NA
105,87,count-odds,tourney,FALSE,20,elitize_generation_data,104,11,0.511,NA
106,87,count-odds,tourney,FALSE,20,elitize_generation_data,105,10,0.528,NA
107,87,count-odds,tourney,FALSE,20,elitize_generation_data,106,11,0.514,NA
108,87,count-odds,tourney,FALSE,20,elitize_generation_data,107,9,0.524,NA
109,87,count-odds,tourney,FALSE,20,elitize_generation_data,108,9,0.519,NA
110,87,count-odds,tourney,FALSE,20,elitize_generation_data,109,6,0.514,NA
111,87,count-odds,tourney,FALSE,20,elitize_generation_data,110,12,0.509,NA
112,87,count-odds,tourney,FALSE,20,elitize_generation_data,111,11,0.524,NA
113,87,count-odds,tourney,FALSE,20,elitize_generation_data,112,9,0.544,NA
114,87,count-odds,tourney,FALSE,20,elitize_generation_data,113,10,0.548,NA
115,87,count-odds,tourney,FALSE,20,elitize_generation_data,114,11,0.531,NA
116,87,count-odds,tourney,FALSE,20,elitize_generation_data,115,9,0.552,NA
117,87,count-odds,tourney,FALSE,20,elitize_generation_data,116,7,0.525,NA
118,87,count-odds,tourney,FALSE,20,elitize_generation_data,117,10,0.537,NA
119,87,count-odds,tourney,FALSE,20,elitize_generation_data,118,9,0.532,NA
120,87,count-odds,tourney,FALSE,20,elitize_generation_data,119,14,0.572,NA
121,87,count-odds,tourney,FALSE,20,elitize_generation_data,120,11,0.575,NA
122,87,count-odds,tourney,FALSE,20,elitize_generation_data,121,7,0.553,NA
123,87,count-odds,tourney,FALSE,20,elitize_generation_data,122,10,0.555,NA
124,87,count-odds,tourney,FALSE,20,elitize_generation_data,123,12,0.591,NA
125,87,count-odds,tourney,FALSE,20,elitize_generation_data,124,10,0.578,NA
126,87,count-odds,tourney,FALSE,20,elitize_generation_data,125,11,0.588,NA
127,87,count-odds,tourney,FALSE,20,elitize_generation_data,126,8,0.587,NA
128,87,count-odds,tourney,FALSE,20,elitize_generation_data,127,10,0.575,NA
129,87,count-odds,tourney,FALSE,20,elitize_generation_data,128,11,0.569,NA
130,87,count-odds,tourney,FALSE,20,elitize_generation_data,129,14,0.584,NA
131,87,count-odds,tourney,FALSE,20,elitize_generation_data,130,9,0.54,NA
132,87,count-odds,tourney,FALSE,20,elitize_generation_data,131,12,0.581,NA
133,87,count-odds,tourney,FALSE,20,elitize_generation_data,132,15,0.555,NA
134,87,count-odds,tourney,FALSE,20,elitize_generation_data,133,11,0.554,NA
135,87,count-odds,tourney,FALSE,20,elitize_generation_data,134,13,0.545,NA
136,87,count-odds,tourney,FALSE,20,elitize_generation_data,135,12,0.571,NA
137,87,count-odds,tourney,FALSE,20,elitize_generation_data,136,14,0.549,NA
138,87,count-odds,tourney,FALSE,20,elitize_generation_data,137,13,0.554,NA
139,87,count-odds,tourney,FALSE,20,elitize_generation_data,138,8,0.57,NA
140,87,count-odds,tourney,FALSE,20,elitize_generation_data,139,11,0.557,NA
141,87,count-odds,tourney,FALSE,20,elitize_generation_data,140,12,0.553,NA
142,87,count-odds,tourney,FALSE,20,elitize_generation_data,141,12,0.562,NA
143,87,count-odds,tourney,FALSE,20,elitize_generation_data,142,11,0.604,NA
144,87,count-odds,tourney,FALSE,20,elitize_generation_data,143,7,0.558,NA
145,87,count-odds,tourney,FALSE,20,elitize_generation_data,144,10,0.537,NA
146,87,count-odds,tourney,FALSE,20,elitize_generation_data,145,10,0.555,NA
147,87,count-odds,tourney,FALSE,20,elitize_generation_data,146,9,0.488,NA
148,87,count-odds,tourney,FALSE,20,elitize_generation_data,147,8,0.511,NA
149,87,count-odds,tourney,FALSE,20,elitize_generation_data,148,10,0.511,NA
150,87,count-odds,tourney,FALSE,20,elitize_generation_data,149,10,0.556,NA
151,87,count-odds,tourney,FALSE,20,elitize_generation_data,150,9,0.513,NA
152,87,count-odds,tourney,FALSE,20,elitize_generation_data,151,10,0.544,NA
153,87,count-odds,tourney,FALSE,20,elitize_generation_data,152,9,0.492,NA
154,87,count-odds,tourney,FALSE,20,elitize_generation_data,153,13,0.512,NA
155,87,count-odds,tourney,FALSE,20,elitize_generation_data,154,11,0.508,NA
156,87,count-odds,tourney,FALSE,20,elitize_generation_data,155,12,0.514,NA
157,87,count-odds,tourney,FALSE,20,elitize_generation_data,156,10,0.547,NA
158,87,count-odds,tourney,FALSE,20,elitize_generation_data,157,10,0.526,NA
159,87,count-odds,tourney,FALSE,20,elitize_generation_data,158,7,0.518,NA
160,87,count-odds,tourney,FALSE,20,elitize_generation_data,159,6,0.527,NA
161,87,count-odds,tourney,FALSE,20,elitize_generation_data,160,9,0.525,NA
162,87,count-odds,tourney,FALSE,20,elitize_generation_data,161,11,0.535,NA
163,87,count-odds,tourney,FALSE,20,elitize_generation_data,162,10,0.506,NA
164,87,count-odds,tourney,FALSE,20,elitize_generation_data,163,11,0.552,NA
165,87,count-odds,tourney,FALSE,20,elitize_generation_data,164,12,0.544,NA
166,87,count-odds,tourney,FALSE,20,elitize_generation_data,165,8,0.545,NA
167,87,count-odds,tourney,FALSE,20,elitize_generation_data,166,10,0.537,NA
168,87,count-odds,tourney,FALSE,20,elitize_generation_data,167,12,0.545,NA
169,87,count-odds,tourney,FALSE,20,elitize_generation_data,168,11,0.536,NA
170,87,count-odds,tourney,FALSE,20,elitize_generation_data,169,11,0.542,NA
171,87,count-odds,tourney,FALSE,20,elitize_generation_data,170,8,0.569,NA
172,87,count-odds,tourney,FALSE,20,elitize_generation_data,171,12,0.513,NA
173,87,count-odds,tourney,FALSE,20,elitize_generation_data,172,11,0.554,NA
174,87,count-odds,tourney,FALSE,20,elitize_generation_data,173,10,0.53,NA
175,87,count-odds,tourney,FALSE,20,elitize_generation_data,174,10,0.554,NA
176,87,count-odds,tourney,FALSE,20,elitize_generation_data,175,11,0.567,NA
177,87,count-odds,tourney,FALSE,20,elitize_generation_data,176,13,0.55,NA
178,87,count-odds,tourney,FALSE,20,elitize_generation_data,177,11,0.559,NA
179,87,count-odds,tourney,FALSE,20,elitize_generation_data,178,11,0.547,NA
180,87,count-odds,tourney,FALSE,20,elitize_generation_data,179,11,0.562,NA
181,87,count-odds,tourney,FALSE,20,elitize_generation_data,180,12,0.591,NA
182,87,count-odds,tourney,FALSE,20,elitize_generation_data,181,9,0.567,NA
183,87,count-odds,tourney,FALSE,20,elitize_generation_data,182,12,0.554,NA
184,87,count-odds,tourney,FALSE,20,elitize_generation_data,183,8,0.568,NA
185,87,count-odds,tourney,FALSE,20,elitize_generation_data,184,12,0.559,NA
186,87,count-odds,tourney,FALSE,20,elitize_generation_data,185,9,0.539,NA
187,87,count-odds,tourney,FALSE,20,elitize_generation_data,186,15,0.553,NA
188,87,count-odds,tourney,FALSE,20,elitize_generation_data,187,11,0.565,NA
189,87,count-odds,tourney,FALSE,20,elitize_generation_data,188,9,0.556,NA
190,87,count-odds,tourney,FALSE,20,elitize_generation_data,189,9,0.557,NA
191,87,count-odds,tourney,FALSE,20,elitize_generation_data,190,12,0.551,NA
192,87,count-odds,tourney,FALSE,20,elitize_generation_data,191,12,0.556,NA
193,87,count-odds,tourney,FALSE,20,elitize_generation_data,192,11,0.582,NA
194,87,count-odds,tourney,FALSE,20,elitize_generation_data,193,11,0.579,NA
195,87,count-odds,tourney,FALSE,20,elitize_generation_data,194,13,0.58,NA
196,87,count-odds,tourney,FALSE,20,elitize_generation_data,195,8,0.56,NA
197,87,count-odds,tourney,FALSE,20,elitize_generation_data,196,9,0.552,NA
198,87,count-odds,tourney,FALSE,20,elitize_generation_data,197,10,0.568,NA
199,87,count-odds,tourney,FALSE,20,elitize_generation_data,198,9,0.565,NA
200,87,count-odds,tourney,FALSE,20,elitize_generation_data,199,10,0.575,NA
201,87,count-odds,tourney,FALSE,20,elitize_generation_data,200,15,0.569,NA
202,87,count-odds,tourney,FALSE,20,elitize_generation_data,201,10,0.574,NA
203,87,count-odds,tourney,FALSE,20,elitize_generation_data,202,15,0.571,NA
204,87,count-odds,tourney,FALSE,20,elitize_generation_data,203,9,0.574,NA
205,87,count-odds,tourney,FALSE,20,elitize_generation_data,204,10,0.56,NA
206,87,count-odds,tourney,FALSE,20,elitize_generation_data,205,11,0.562,NA
207,87,count-odds,tourney,FALSE,20,elitize_generation_data,206,12,0.551,NA
208,87,count-odds,tourney,FALSE,20,elitize_generation_data,207,11,0.573,NA
209,87,count-odds,tourney,FALSE,20,elitize_generation_data,208,12,0.556,NA
210,87,count-odds,tourney,FALSE,20,elitize_generation_data,209,12,0.545,NA
211,87,count-odds,tourney,FALSE,20,elitize_generation_data,210,10,0.567,NA
212,87,count-odds,tourney,FALSE,20,elitize_generation_data,211,10,0.56,NA
213,87,count-odds,tourney,FALSE,20,elitize_generation_data,212,9,0.584,NA
214,87,count-odds,tourney,FALSE,20,elitize_generation_data,213,12,0.577,NA
215,87,count-odds,tourney,FALSE,20,elitize_generation_data,214,8,0.581,NA
216,87,count-odds,tourney,FALSE,20,elitize_generation_data,215,8,0.583,NA
217,87,count-odds,tourney,FALSE,20,elitize_generation_data,216,13,0.585,NA
218,87,count-odds,tourney,FALSE,20,elitize_generation_data,217,8,0.583,NA
219,87,count-odds,tourney,FALSE,20,elitize_generation_data,218,9,0.546,NA
220,87,count-odds,tourney,FALSE,20,elitize_generation_data,219,15,0.583,NA
221,87,count-odds,tourney,FALSE,20,elitize_generation_data,220,13,0.579,NA
222,87,count-odds,tourney,FALSE,20,elitize_generation_data,221,11,0.587,NA
223,87,count-odds,tourney,FALSE,20,elitize_generation_data,222,10,0.576,NA
224,87,count-odds,tourney,FALSE,20,elitize_generation_data,223,13,0.589,NA
225,87,count-odds,tourney,FALSE,20,elitize_generation_data,224,15,0.559,NA
226,87,count-odds,tourney,FALSE,20,elitize_generation_data,225,7,0.599,NA
227,87,count-odds,tourney,FALSE,20,elitize_generation_data,226,12,0.574,NA
228,87,count-odds,tourney,FALSE,20,elitize_generation_data,227,9,0.563,NA
229,87,count-odds,tourney,FALSE,20,elitize_generation_data,228,10,0.589,NA
230,87,count-odds,tourney,FALSE,20,elitize_generation_data,229,11,0.614,NA
231,87,count-odds,tourney,FALSE,20,elitize_generation_data,230,11,0.547,NA
232,87,count-odds,tourney,FALSE,20,elitize_generation_data,231,9,0.57,NA
233,87,count-odds,tourney,FALSE,20,elitize_generation_data,232,10,0.586,NA
234,87,count-odds,tourney,FALSE,20,elitize_generation_data,233,11,0.589,NA
235,87,count-odds,tourney,FALSE,20,elitize_generation_data,234,11,0.573,NA
236,87,count-odds,tourney,FALSE,20,elitize_generation_data,235,11,0.567,NA
237,87,count-odds,tourney,FALSE,20,elitize_generation_data,236,9,0.536,NA
238,87,count-odds,tourney,FALSE,20,elitize_generation_data,237,7,0.549,NA
239,87,count-odds,tourney,FALSE,20,elitize_generation_data,238,10,0.559,NA
240,87,count-odds,tourney,FALSE,20,elitize_generation_data,239,8,0.538,NA
241,87,count-odds,tourney,FALSE,20,elitize_generation_data,240,8,0.544,NA
242,87,count-odds,tourney,FALSE,20,elitize_generation_data,241,8,0.527,NA
243,87,count-odds,tourney,FALSE,20,elitize_generation_data,242,12,0.544,NA
244,87,count-odds,tourney,FALSE,20,elitize_generation_data,243,8,0.544,NA
245,87,count-odds,tourney,FALSE,20,elitize_generation_data,244,11,0.525,NA
246,87,count-odds,tourney,FALSE,20,elitize_generation_data,245,6,0.524,NA
247,87,count-odds,tourney,FALSE,20,elitize_generation_data,246,8,0.546,NA
248,87,count-odds,tourney,FALSE,20,elitize_generation_data,247,12,0.543,NA
249,87,count-odds,tourney,FALSE,20,elitize_generation_data,248,8,0.575,NA
250,87,count-odds,tourney,FALSE,20,elitize_generation_data,249,10,0.572,NA
251,87,count-odds,tourney,FALSE,20,elitize_generation_data,250,8,0.542,NA
252,87,count-odds,tourney,FALSE,20,elitize_generation_data,251,10,0.553,NA
253,87,count-odds,tourney,FALSE,20,elitize_generation_data,252,8,0.559,NA
254,87,count-odds,tourney,FALSE,20,elitize_generation_data,253,7,0.529,NA
255,87,count-odds,tourney,FALSE,20,elitize_generation_data,254,9,0.529,NA
256,87,count-odds,tourney,FALSE,20,elitize_generation_data,255,7,0.539,NA
257,87,count-odds,tourney,FALSE,20,elitize_generation_data,256,10,0.541,NA
258,87,count-odds,tourney,FALSE,20,elitize_generation_data,257,8,0.562,NA
259,87,count-odds,tourney,FALSE,20,elitize_generation_data,258,10,0.543,NA
260,87,count-odds,tourney,FALSE,20,elitize_generation_data,259,10,0.548,NA
261,87,count-odds,tourney,FALSE,20,elitize_generation_data,260,7,0.558,NA
262,87,count-odds,tourney,FALSE,20,elitize_generation_data,261,8,0.532,NA
263,87,count-odds,tourney,FALSE,20,elitize_generation_data,262,9,0.535,NA
264,87,count-odds,tourney,FALSE,20,elitize_generation_data,263,10,0.554,NA
265,87,count-odds,tourney,FALSE,20,elitize_generation_data,264,10,0.559,NA
266,87,count-odds,tourney,FALSE,20,elitize_generation_data,265,6,0.564,NA
267,87,count-odds,tourney,FALSE,20,elitize_generation_data,266,9,0.576,NA
268,87,count-odds,tourney,FALSE,20,elitize_generation_data,267,9,0.575,NA
269,87,count-odds,tourney,FALSE,20,elitize_generation_data,268,9,0.559,NA
270,87,count-odds,tourney,FALSE,20,elitize_generation_data,269,11,0.592,NA
271,87,count-odds,tourney,FALSE,20,elitize_generation_data,270,12,0.59,NA
272,87,count-odds,tourney,FALSE,20,elitize_generation_data,271,10,0.593,NA
273,87,count-odds,tourney,FALSE,20,elitize_generation_data,272,8,0.562,NA
274,87,count-odds,tourney,FALSE,20,elitize_generation_data,273,5,0.592,NA
275,87,count-odds,tourney,FALSE,20,elitize_generation_data,274,8,0.609,NA
276,87,count-odds,tourney,FALSE,20,elitize_generation_data,275,10,0.613,NA
277,87,count-odds,tourney,FALSE,20,elitize_generation_data,276,7,0.616,NA
278,87,count-odds,tourney,FALSE,20,elitize_generation_data,277,6,0.601,NA
279,87,count-odds,tourney,FALSE,20,elitize_generation_data,278,9,0.573,NA
280,87,count-odds,tourney,FALSE,20,elitize_generation_data,279,7,0.603,NA
281,87,count-odds,tourney,FALSE,20,elitize_generation_data,280,8,0.598,NA
282,87,count-odds,tourney,FALSE,20,elitize_generation_data,281,7,0.593,NA
283,87,count-odds,tourney,FALSE,20,elitize_generation_data,282,7,0.612,NA
284,87,count-odds,tourney,FALSE,20,elitize_generation_data,283,8,0.597,NA
285,87,count-odds,tourney,FALSE,20,elitize_generation_data,284,9,0.574,NA
286,87,count-odds,tourney,FALSE,20,elitize_generation_data,285,10,0.609,NA
287,87,count-odds,tourney,FALSE,20,elitize_generation_data,286,10,0.57,NA
288,87,count-odds,tourney,FALSE,20,elitize_generation_data,287,9,0.598,NA
289,87,count-odds,tourney,FALSE,20,elitize_generation_data,288,8,0.573,NA
290,87,count-odds,tourney,FALSE,20,elitize_generation_data,289,13,0.555,NA
291,87,count-odds,tourney,FALSE,20,elitize_generation_data,290,10,0.597,NA
292,87,count-odds,tourney,FALSE,20,elitize_generation_data,291,8,0.617,NA
293,87,count-odds,tourney,FALSE,20,elitize_generation_data,292,9,0.576,NA
294,87,count-odds,tourney,FALSE,20,elitize_generation_data,293,11,0.597,NA
295,87,count-odds,tourney,FALSE,20,elitize_generation_data,294,13,0.577,NA
296,87,count-odds,tourney,FALSE,20,elitize_generation_data,295,11,0.575,NA
297,87,count-odds,tourney,FALSE,20,elitize_generation_data,296,10,0.592,NA
298,87,count-odds,tourney,FALSE,20,elitize_generation_data,297,10,0.607,NA
299,87,count-odds,tourney,FALSE,20,elitize_generation_data,298,11,0.581,NA
300,87,count-odds,tourney,FALSE,20,elitize_generation_data,299,10,0.601,NA
301,87,count-odds,tourney,FALSE,20,elitize_generation_data,300,14,0.616,NA
