,run.num,problem,treatment,succeeded,height,normalization.function,generation,cluster.count,error.diversity,success.generation
1,48,count-odds,tourney,FALSE,20,elitize_generation_data,0,5,0.168,NA
2,48,count-odds,tourney,FALSE,20,elitize_generation_data,1,7,0.086,NA
3,48,count-odds,tourney,FALSE,20,elitize_generation_data,2,5,0.051,NA
4,48,count-odds,tourney,FALSE,20,elitize_generation_data,3,6,0.051,NA
5,48,count-odds,tourney,FALSE,20,elitize_generation_data,4,9,0.041,NA
6,48,count-odds,tourney,FALSE,20,elitize_generation_data,5,9,0.041,NA
7,48,count-odds,tourney,FALSE,20,elitize_generation_data,6,7,0.084,NA
8,48,count-odds,tourney,FALSE,20,elitize_generation_data,7,10,0.12,NA
9,48,count-odds,tourney,FALSE,20,elitize_generation_data,8,10,0.162,NA
10,48,count-odds,tourney,FALSE,20,elitize_generation_data,9,9,0.206,NA
11,48,count-odds,tourney,FALSE,20,elitize_generation_data,10,9,0.205,NA
12,48,count-odds,tourney,FALSE,20,elitize_generation_data,11,10,0.197,NA
13,48,count-odds,tourney,FALSE,20,elitize_generation_data,12,9,0.15,NA
14,48,count-odds,tourney,FALSE,20,elitize_generation_data,13,8,0.168,NA
15,48,count-odds,tourney,FALSE,20,elitize_generation_data,14,10,0.158,NA
16,48,count-odds,tourney,FALSE,20,elitize_generation_data,15,10,0.173,NA
17,48,count-odds,tourney,FALSE,20,elitize_generation_data,16,11,0.152,NA
18,48,count-odds,tourney,FALSE,20,elitize_generation_data,17,12,0.104,NA
19,48,count-odds,tourney,FALSE,20,elitize_generation_data,18,8,0.108,NA
20,48,count-odds,tourney,FALSE,20,elitize_generation_data,19,9,0.111,NA
21,48,count-odds,tourney,FALSE,20,elitize_generation_data,20,10,0.109,NA
22,48,count-odds,tourney,FALSE,20,elitize_generation_data,21,9,0.118,NA
23,48,count-odds,tourney,FALSE,20,elitize_generation_data,22,10,0.1,NA
24,48,count-odds,tourney,FALSE,20,elitize_generation_data,23,7,0.111,NA
25,48,count-odds,tourney,FALSE,20,elitize_generation_data,24,9,0.122,NA
26,48,count-odds,tourney,FALSE,20,elitize_generation_data,25,10,0.13,NA
27,48,count-odds,tourney,FALSE,20,elitize_generation_data,26,12,0.135,NA
28,48,count-odds,tourney,FALSE,20,elitize_generation_data,27,10,0.132,NA
29,48,count-odds,tourney,FALSE,20,elitize_generation_data,28,9,0.179,NA
30,48,count-odds,tourney,FALSE,20,elitize_generation_data,29,10,0.176,NA
31,48,count-odds,tourney,FALSE,20,elitize_generation_data,30,10,0.191,NA
32,48,count-odds,tourney,FALSE,20,elitize_generation_data,31,9,0.159,NA
33,48,count-odds,tourney,FALSE,20,elitize_generation_data,32,11,0.175,NA
34,48,count-odds,tourney,FALSE,20,elitize_generation_data,33,9,0.186,NA
35,48,count-odds,tourney,FALSE,20,elitize_generation_data,34,12,0.147,NA
36,48,count-odds,tourney,FALSE,20,elitize_generation_data,35,8,0.136,NA
37,48,count-odds,tourney,FALSE,20,elitize_generation_data,36,10,0.121,NA
38,48,count-odds,tourney,FALSE,20,elitize_generation_data,37,10,0.153,NA
39,48,count-odds,tourney,FALSE,20,elitize_generation_data,38,7,0.139,NA
40,48,count-odds,tourney,FALSE,20,elitize_generation_data,39,12,0.131,NA
41,48,count-odds,tourney,FALSE,20,elitize_generation_data,40,10,0.14,NA
42,48,count-odds,tourney,FALSE,20,elitize_generation_data,41,10,0.156,NA
43,48,count-odds,tourney,FALSE,20,elitize_generation_data,42,9,0.161,NA
44,48,count-odds,tourney,FALSE,20,elitize_generation_data,43,12,0.143,NA
45,48,count-odds,tourney,FALSE,20,elitize_generation_data,44,10,0.144,NA
46,48,count-odds,tourney,FALSE,20,elitize_generation_data,45,8,0.163,NA
47,48,count-odds,tourney,FALSE,20,elitize_generation_data,46,9,0.16,NA
48,48,count-odds,tourney,FALSE,20,elitize_generation_data,47,11,0.148,NA
49,48,count-odds,tourney,FALSE,20,elitize_generation_data,48,8,0.166,NA
50,48,count-odds,tourney,FALSE,20,elitize_generation_data,49,14,0.148,NA
51,48,count-odds,tourney,FALSE,20,elitize_generation_data,50,11,0.151,NA
52,48,count-odds,tourney,FALSE,20,elitize_generation_data,51,7,0.138,NA
53,48,count-odds,tourney,FALSE,20,elitize_generation_data,52,10,0.15,NA
54,48,count-odds,tourney,FALSE,20,elitize_generation_data,53,10,0.158,NA
55,48,count-odds,tourney,FALSE,20,elitize_generation_data,54,8,0.146,NA
56,48,count-odds,tourney,FALSE,20,elitize_generation_data,55,12,0.151,NA
57,48,count-odds,tourney,FALSE,20,elitize_generation_data,56,13,0.151,NA
58,48,count-odds,tourney,FALSE,20,elitize_generation_data,57,12,0.166,NA
59,48,count-odds,tourney,FALSE,20,elitize_generation_data,58,9,0.158,NA
60,48,count-odds,tourney,FALSE,20,elitize_generation_data,59,9,0.125,NA
61,48,count-odds,tourney,FALSE,20,elitize_generation_data,60,11,0.118,NA
62,48,count-odds,tourney,FALSE,20,elitize_generation_data,61,11,0.118,NA
63,48,count-odds,tourney,FALSE,20,elitize_generation_data,62,10,0.117,NA
64,48,count-odds,tourney,FALSE,20,elitize_generation_data,63,13,0.11,NA
65,48,count-odds,tourney,FALSE,20,elitize_generation_data,64,12,0.112,NA
66,48,count-odds,tourney,FALSE,20,elitize_generation_data,65,16,0.11,NA
67,48,count-odds,tourney,FALSE,20,elitize_generation_data,66,13,0.114,NA
68,48,count-odds,tourney,FALSE,20,elitize_generation_data,67,14,0.087,NA
69,48,count-odds,tourney,FALSE,20,elitize_generation_data,68,14,0.098,NA
70,48,count-odds,tourney,FALSE,20,elitize_generation_data,69,15,0.117,NA
71,48,count-odds,tourney,FALSE,20,elitize_generation_data,70,10,0.118,NA
72,48,count-odds,tourney,FALSE,20,elitize_generation_data,71,10,0.117,NA
73,48,count-odds,tourney,FALSE,20,elitize_generation_data,72,11,0.128,NA
74,48,count-odds,tourney,FALSE,20,elitize_generation_data,73,12,0.146,NA
75,48,count-odds,tourney,FALSE,20,elitize_generation_data,74,11,0.114,NA
76,48,count-odds,tourney,FALSE,20,elitize_generation_data,75,12,0.103,NA
77,48,count-odds,tourney,FALSE,20,elitize_generation_data,76,12,0.101,NA
78,48,count-odds,tourney,FALSE,20,elitize_generation_data,77,10,0.103,NA
79,48,count-odds,tourney,FALSE,20,elitize_generation_data,78,14,0.1,NA
80,48,count-odds,tourney,FALSE,20,elitize_generation_data,79,10,0.096,NA
81,48,count-odds,tourney,FALSE,20,elitize_generation_data,80,10,0.104,NA
82,48,count-odds,tourney,FALSE,20,elitize_generation_data,81,12,0.111,NA
83,48,count-odds,tourney,FALSE,20,elitize_generation_data,82,11,0.111,NA
84,48,count-odds,tourney,FALSE,20,elitize_generation_data,83,11,0.104,NA
85,48,count-odds,tourney,FALSE,20,elitize_generation_data,84,9,0.113,NA
86,48,count-odds,tourney,FALSE,20,elitize_generation_data,85,10,0.109,NA
87,48,count-odds,tourney,FALSE,20,elitize_generation_data,86,14,0.1,NA
88,48,count-odds,tourney,FALSE,20,elitize_generation_data,87,10,0.105,NA
89,48,count-odds,tourney,FALSE,20,elitize_generation_data,88,11,0.126,NA
90,48,count-odds,tourney,FALSE,20,elitize_generation_data,89,8,0.108,NA
91,48,count-odds,tourney,FALSE,20,elitize_generation_data,90,8,0.119,NA
92,48,count-odds,tourney,FALSE,20,elitize_generation_data,91,10,0.108,NA
93,48,count-odds,tourney,FALSE,20,elitize_generation_data,92,11,0.119,NA
94,48,count-odds,tourney,FALSE,20,elitize_generation_data,93,11,0.114,NA
95,48,count-odds,tourney,FALSE,20,elitize_generation_data,94,12,0.109,NA
96,48,count-odds,tourney,FALSE,20,elitize_generation_data,95,12,0.12,NA
97,48,count-odds,tourney,FALSE,20,elitize_generation_data,96,9,0.119,NA
98,48,count-odds,tourney,FALSE,20,elitize_generation_data,97,9,0.118,NA
99,48,count-odds,tourney,FALSE,20,elitize_generation_data,98,12,0.105,NA
100,48,count-odds,tourney,FALSE,20,elitize_generation_data,99,12,0.111,NA
101,48,count-odds,tourney,FALSE,20,elitize_generation_data,100,14,0.111,NA
102,48,count-odds,tourney,FALSE,20,elitize_generation_data,101,8,0.116,NA
103,48,count-odds,tourney,FALSE,20,elitize_generation_data,102,11,0.117,NA
104,48,count-odds,tourney,FALSE,20,elitize_generation_data,103,10,0.119,NA
105,48,count-odds,tourney,FALSE,20,elitize_generation_data,104,11,0.153,NA
106,48,count-odds,tourney,FALSE,20,elitize_generation_data,105,10,0.194,NA
107,48,count-odds,tourney,FALSE,20,elitize_generation_data,106,10,0.213,NA
108,48,count-odds,tourney,FALSE,20,elitize_generation_data,107,11,0.226,NA
109,48,count-odds,tourney,FALSE,20,elitize_generation_data,108,8,0.221,NA
110,48,count-odds,tourney,FALSE,20,elitize_generation_data,109,11,0.256,NA
111,48,count-odds,tourney,FALSE,20,elitize_generation_data,110,9,0.238,NA
112,48,count-odds,tourney,FALSE,20,elitize_generation_data,111,14,0.217,NA
113,48,count-odds,tourney,FALSE,20,elitize_generation_data,112,10,0.236,NA
114,48,count-odds,tourney,FALSE,20,elitize_generation_data,113,10,0.236,NA
115,48,count-odds,tourney,FALSE,20,elitize_generation_data,114,11,0.218,NA
116,48,count-odds,tourney,FALSE,20,elitize_generation_data,115,12,0.242,NA
117,48,count-odds,tourney,FALSE,20,elitize_generation_data,116,11,0.227,NA
118,48,count-odds,tourney,FALSE,20,elitize_generation_data,117,9,0.227,NA
119,48,count-odds,tourney,FALSE,20,elitize_generation_data,118,11,0.233,NA
120,48,count-odds,tourney,FALSE,20,elitize_generation_data,119,12,0.225,NA
121,48,count-odds,tourney,FALSE,20,elitize_generation_data,120,10,0.215,NA
122,48,count-odds,tourney,FALSE,20,elitize_generation_data,121,10,0.213,NA
123,48,count-odds,tourney,FALSE,20,elitize_generation_data,122,14,0.231,NA
124,48,count-odds,tourney,FALSE,20,elitize_generation_data,123,9,0.231,NA
125,48,count-odds,tourney,FALSE,20,elitize_generation_data,124,11,0.223,NA
126,48,count-odds,tourney,FALSE,20,elitize_generation_data,125,17,0.23,NA
127,48,count-odds,tourney,FALSE,20,elitize_generation_data,126,13,0.235,NA
128,48,count-odds,tourney,FALSE,20,elitize_generation_data,127,11,0.246,NA
129,48,count-odds,tourney,FALSE,20,elitize_generation_data,128,15,0.209,NA
130,48,count-odds,tourney,FALSE,20,elitize_generation_data,129,12,0.246,NA
131,48,count-odds,tourney,FALSE,20,elitize_generation_data,130,12,0.223,NA
132,48,count-odds,tourney,FALSE,20,elitize_generation_data,131,11,0.243,NA
133,48,count-odds,tourney,FALSE,20,elitize_generation_data,132,13,0.223,NA
134,48,count-odds,tourney,FALSE,20,elitize_generation_data,133,9,0.227,NA
135,48,count-odds,tourney,FALSE,20,elitize_generation_data,134,7,0.181,NA
136,48,count-odds,tourney,FALSE,20,elitize_generation_data,135,11,0.185,NA
137,48,count-odds,tourney,FALSE,20,elitize_generation_data,136,11,0.178,NA
138,48,count-odds,tourney,FALSE,20,elitize_generation_data,137,9,0.185,NA
139,48,count-odds,tourney,FALSE,20,elitize_generation_data,138,11,0.171,NA
140,48,count-odds,tourney,FALSE,20,elitize_generation_data,139,10,0.171,NA
141,48,count-odds,tourney,FALSE,20,elitize_generation_data,140,10,0.182,NA
142,48,count-odds,tourney,FALSE,20,elitize_generation_data,141,10,0.2,NA
143,48,count-odds,tourney,FALSE,20,elitize_generation_data,142,8,0.191,NA
144,48,count-odds,tourney,FALSE,20,elitize_generation_data,143,12,0.192,NA
145,48,count-odds,tourney,FALSE,20,elitize_generation_data,144,13,0.187,NA
146,48,count-odds,tourney,FALSE,20,elitize_generation_data,145,13,0.185,NA
147,48,count-odds,tourney,FALSE,20,elitize_generation_data,146,9,0.19,NA
148,48,count-odds,tourney,FALSE,20,elitize_generation_data,147,11,0.18,NA
149,48,count-odds,tourney,FALSE,20,elitize_generation_data,148,10,0.185,NA
150,48,count-odds,tourney,FALSE,20,elitize_generation_data,149,11,0.185,NA
151,48,count-odds,tourney,FALSE,20,elitize_generation_data,150,9,0.195,NA
152,48,count-odds,tourney,FALSE,20,elitize_generation_data,151,12,0.205,NA
153,48,count-odds,tourney,FALSE,20,elitize_generation_data,152,12,0.183,NA
154,48,count-odds,tourney,FALSE,20,elitize_generation_data,153,10,0.186,NA
155,48,count-odds,tourney,FALSE,20,elitize_generation_data,154,14,0.189,NA
156,48,count-odds,tourney,FALSE,20,elitize_generation_data,155,10,0.267,NA
157,48,count-odds,tourney,FALSE,20,elitize_generation_data,156,14,0.247,NA
158,48,count-odds,tourney,FALSE,20,elitize_generation_data,157,11,0.259,NA
159,48,count-odds,tourney,FALSE,20,elitize_generation_data,158,9,0.234,NA
160,48,count-odds,tourney,FALSE,20,elitize_generation_data,159,10,0.255,NA
161,48,count-odds,tourney,FALSE,20,elitize_generation_data,160,10,0.25,NA
162,48,count-odds,tourney,FALSE,20,elitize_generation_data,161,14,0.222,NA
163,48,count-odds,tourney,FALSE,20,elitize_generation_data,162,9,0.273,NA
164,48,count-odds,tourney,FALSE,20,elitize_generation_data,163,9,0.263,NA
165,48,count-odds,tourney,FALSE,20,elitize_generation_data,164,10,0.261,NA
166,48,count-odds,tourney,FALSE,20,elitize_generation_data,165,10,0.288,NA
167,48,count-odds,tourney,FALSE,20,elitize_generation_data,166,10,0.291,NA
168,48,count-odds,tourney,FALSE,20,elitize_generation_data,167,12,0.267,NA
169,48,count-odds,tourney,FALSE,20,elitize_generation_data,168,10,0.304,NA
170,48,count-odds,tourney,FALSE,20,elitize_generation_data,169,10,0.287,NA
171,48,count-odds,tourney,FALSE,20,elitize_generation_data,170,10,0.269,NA
172,48,count-odds,tourney,FALSE,20,elitize_generation_data,171,8,0.265,NA
173,48,count-odds,tourney,FALSE,20,elitize_generation_data,172,10,0.312,NA
174,48,count-odds,tourney,FALSE,20,elitize_generation_data,173,16,0.321,NA
175,48,count-odds,tourney,FALSE,20,elitize_generation_data,174,16,0.328,NA
176,48,count-odds,tourney,FALSE,20,elitize_generation_data,175,15,0.301,NA
177,48,count-odds,tourney,FALSE,20,elitize_generation_data,176,16,0.277,NA
178,48,count-odds,tourney,FALSE,20,elitize_generation_data,177,18,0.291,NA
179,48,count-odds,tourney,FALSE,20,elitize_generation_data,178,18,0.28,NA
180,48,count-odds,tourney,FALSE,20,elitize_generation_data,179,17,0.311,NA
181,48,count-odds,tourney,FALSE,20,elitize_generation_data,180,17,0.3,NA
182,48,count-odds,tourney,FALSE,20,elitize_generation_data,181,19,0.277,NA
183,48,count-odds,tourney,FALSE,20,elitize_generation_data,182,17,0.315,NA
184,48,count-odds,tourney,FALSE,20,elitize_generation_data,183,20,0.301,NA
185,48,count-odds,tourney,FALSE,20,elitize_generation_data,184,20,0.302,NA
186,48,count-odds,tourney,FALSE,20,elitize_generation_data,185,19,0.284,NA
187,48,count-odds,tourney,FALSE,20,elitize_generation_data,186,18,0.288,NA
188,48,count-odds,tourney,FALSE,20,elitize_generation_data,187,20,0.279,NA
189,48,count-odds,tourney,FALSE,20,elitize_generation_data,188,18,0.288,NA
190,48,count-odds,tourney,FALSE,20,elitize_generation_data,189,19,0.299,NA
191,48,count-odds,tourney,FALSE,20,elitize_generation_data,190,16,0.29,NA
192,48,count-odds,tourney,FALSE,20,elitize_generation_data,191,20,0.327,NA
193,48,count-odds,tourney,FALSE,20,elitize_generation_data,192,14,0.313,NA
194,48,count-odds,tourney,FALSE,20,elitize_generation_data,193,16,0.294,NA
195,48,count-odds,tourney,FALSE,20,elitize_generation_data,194,17,0.276,NA
196,48,count-odds,tourney,FALSE,20,elitize_generation_data,195,17,0.295,NA
197,48,count-odds,tourney,FALSE,20,elitize_generation_data,196,18,0.291,NA
198,48,count-odds,tourney,FALSE,20,elitize_generation_data,197,17,0.299,NA
199,48,count-odds,tourney,FALSE,20,elitize_generation_data,198,22,0.306,NA
200,48,count-odds,tourney,FALSE,20,elitize_generation_data,199,18,0.306,NA
201,48,count-odds,tourney,FALSE,20,elitize_generation_data,200,24,0.315,NA
202,48,count-odds,tourney,FALSE,20,elitize_generation_data,201,16,0.318,NA
203,48,count-odds,tourney,FALSE,20,elitize_generation_data,202,20,0.33,NA
204,48,count-odds,tourney,FALSE,20,elitize_generation_data,203,16,0.321,NA
205,48,count-odds,tourney,FALSE,20,elitize_generation_data,204,28,0.361,NA
206,48,count-odds,tourney,FALSE,20,elitize_generation_data,205,23,0.388,NA
207,48,count-odds,tourney,FALSE,20,elitize_generation_data,206,19,0.4,NA
208,48,count-odds,tourney,FALSE,20,elitize_generation_data,207,21,0.42,NA
209,48,count-odds,tourney,FALSE,20,elitize_generation_data,208,19,0.43,NA
210,48,count-odds,tourney,FALSE,20,elitize_generation_data,209,19,0.424,NA
211,48,count-odds,tourney,FALSE,20,elitize_generation_data,210,20,0.42,NA
212,48,count-odds,tourney,FALSE,20,elitize_generation_data,211,21,0.429,NA
213,48,count-odds,tourney,FALSE,20,elitize_generation_data,212,25,0.414,NA
214,48,count-odds,tourney,FALSE,20,elitize_generation_data,213,23,0.413,NA
215,48,count-odds,tourney,FALSE,20,elitize_generation_data,214,17,0.397,NA
216,48,count-odds,tourney,FALSE,20,elitize_generation_data,215,20,0.433,NA
217,48,count-odds,tourney,FALSE,20,elitize_generation_data,216,27,0.446,NA
218,48,count-odds,tourney,FALSE,20,elitize_generation_data,217,20,0.445,NA
219,48,count-odds,tourney,FALSE,20,elitize_generation_data,218,25,0.443,NA
220,48,count-odds,tourney,FALSE,20,elitize_generation_data,219,26,0.473,NA
221,48,count-odds,tourney,FALSE,20,elitize_generation_data,220,23,0.45,NA
222,48,count-odds,tourney,FALSE,20,elitize_generation_data,221,26,0.486,NA
223,48,count-odds,tourney,FALSE,20,elitize_generation_data,222,26,0.496,NA
224,48,count-odds,tourney,FALSE,20,elitize_generation_data,223,23,0.532,NA
225,48,count-odds,tourney,FALSE,20,elitize_generation_data,224,26,0.566,NA
226,48,count-odds,tourney,FALSE,20,elitize_generation_data,225,26,0.614,NA
227,48,count-odds,tourney,FALSE,20,elitize_generation_data,226,25,0.629,NA
228,48,count-odds,tourney,FALSE,20,elitize_generation_data,227,20,0.643,NA
229,48,count-odds,tourney,FALSE,20,elitize_generation_data,228,24,0.637,NA
230,48,count-odds,tourney,FALSE,20,elitize_generation_data,229,28,0.635,NA
231,48,count-odds,tourney,FALSE,20,elitize_generation_data,230,27,0.614,NA
232,48,count-odds,tourney,FALSE,20,elitize_generation_data,231,27,0.617,NA
233,48,count-odds,tourney,FALSE,20,elitize_generation_data,232,28,0.648,NA
234,48,count-odds,tourney,FALSE,20,elitize_generation_data,233,33,0.615,NA
235,48,count-odds,tourney,FALSE,20,elitize_generation_data,234,29,0.642,NA
236,48,count-odds,tourney,FALSE,20,elitize_generation_data,235,30,0.635,NA
237,48,count-odds,tourney,FALSE,20,elitize_generation_data,236,29,0.65,NA
238,48,count-odds,tourney,FALSE,20,elitize_generation_data,237,23,0.625,NA
239,48,count-odds,tourney,FALSE,20,elitize_generation_data,238,33,0.633,NA
240,48,count-odds,tourney,FALSE,20,elitize_generation_data,239,27,0.636,NA
241,48,count-odds,tourney,FALSE,20,elitize_generation_data,240,29,0.658,NA
242,48,count-odds,tourney,FALSE,20,elitize_generation_data,241,30,0.667,NA
243,48,count-odds,tourney,FALSE,20,elitize_generation_data,242,27,0.669,NA
244,48,count-odds,tourney,FALSE,20,elitize_generation_data,243,31,0.647,NA
245,48,count-odds,tourney,FALSE,20,elitize_generation_data,244,34,0.669,NA
246,48,count-odds,tourney,FALSE,20,elitize_generation_data,245,31,0.669,NA
247,48,count-odds,tourney,FALSE,20,elitize_generation_data,246,29,0.643,NA
248,48,count-odds,tourney,FALSE,20,elitize_generation_data,247,30,0.66,NA
249,48,count-odds,tourney,FALSE,20,elitize_generation_data,248,28,0.677,NA
250,48,count-odds,tourney,FALSE,20,elitize_generation_data,249,26,0.669,NA
251,48,count-odds,tourney,FALSE,20,elitize_generation_data,250,32,0.675,NA
252,48,count-odds,tourney,FALSE,20,elitize_generation_data,251,31,0.672,NA
253,48,count-odds,tourney,FALSE,20,elitize_generation_data,252,29,0.657,NA
254,48,count-odds,tourney,FALSE,20,elitize_generation_data,253,28,0.668,NA
255,48,count-odds,tourney,FALSE,20,elitize_generation_data,254,28,0.672,NA
256,48,count-odds,tourney,FALSE,20,elitize_generation_data,255,30,0.683,NA
257,48,count-odds,tourney,FALSE,20,elitize_generation_data,256,26,0.67,NA
258,48,count-odds,tourney,FALSE,20,elitize_generation_data,257,28,0.688,NA
259,48,count-odds,tourney,FALSE,20,elitize_generation_data,258,32,0.668,NA
260,48,count-odds,tourney,FALSE,20,elitize_generation_data,259,29,0.673,NA
261,48,count-odds,tourney,FALSE,20,elitize_generation_data,260,25,0.666,NA
262,48,count-odds,tourney,FALSE,20,elitize_generation_data,261,33,0.653,NA
263,48,count-odds,tourney,FALSE,20,elitize_generation_data,262,28,0.642,NA
264,48,count-odds,tourney,FALSE,20,elitize_generation_data,263,25,0.664,NA
265,48,count-odds,tourney,FALSE,20,elitize_generation_data,264,29,0.667,NA
266,48,count-odds,tourney,FALSE,20,elitize_generation_data,265,31,0.666,NA
267,48,count-odds,tourney,FALSE,20,elitize_generation_data,266,35,0.654,NA
268,48,count-odds,tourney,FALSE,20,elitize_generation_data,267,31,0.657,NA
269,48,count-odds,tourney,FALSE,20,elitize_generation_data,268,32,0.686,NA
270,48,count-odds,tourney,FALSE,20,elitize_generation_data,269,24,0.682,NA
271,48,count-odds,tourney,FALSE,20,elitize_generation_data,270,29,0.707,NA
272,48,count-odds,tourney,FALSE,20,elitize_generation_data,271,30,0.713,NA
273,48,count-odds,tourney,FALSE,20,elitize_generation_data,272,31,0.741,NA
274,48,count-odds,tourney,FALSE,20,elitize_generation_data,273,28,0.74,NA
275,48,count-odds,tourney,FALSE,20,elitize_generation_data,274,28,0.729,NA
276,48,count-odds,tourney,FALSE,20,elitize_generation_data,275,35,0.75,NA
277,48,count-odds,tourney,FALSE,20,elitize_generation_data,276,28,0.738,NA
278,48,count-odds,tourney,FALSE,20,elitize_generation_data,277,28,0.728,NA
279,48,count-odds,tourney,FALSE,20,elitize_generation_data,278,26,0.766,NA
280,48,count-odds,tourney,FALSE,20,elitize_generation_data,279,32,0.763,NA
281,48,count-odds,tourney,FALSE,20,elitize_generation_data,280,32,0.75,NA
282,48,count-odds,tourney,FALSE,20,elitize_generation_data,281,28,0.777,NA
283,48,count-odds,tourney,FALSE,20,elitize_generation_data,282,25,0.761,NA
284,48,count-odds,tourney,FALSE,20,elitize_generation_data,283,31,0.756,NA
285,48,count-odds,tourney,FALSE,20,elitize_generation_data,284,24,0.731,NA
286,48,count-odds,tourney,FALSE,20,elitize_generation_data,285,25,0.727,NA
287,48,count-odds,tourney,FALSE,20,elitize_generation_data,286,34,0.745,NA
288,48,count-odds,tourney,FALSE,20,elitize_generation_data,287,31,0.768,NA
289,48,count-odds,tourney,FALSE,20,elitize_generation_data,288,34,0.756,NA
290,48,count-odds,tourney,FALSE,20,elitize_generation_data,289,32,0.767,NA
291,48,count-odds,tourney,FALSE,20,elitize_generation_data,290,35,0.789,NA
292,48,count-odds,tourney,FALSE,20,elitize_generation_data,291,33,0.792,NA
293,48,count-odds,tourney,FALSE,20,elitize_generation_data,292,29,0.804,NA
294,48,count-odds,tourney,FALSE,20,elitize_generation_data,293,27,0.797,NA
295,48,count-odds,tourney,FALSE,20,elitize_generation_data,294,24,0.822,NA
296,48,count-odds,tourney,FALSE,20,elitize_generation_data,295,30,0.816,NA
297,48,count-odds,tourney,FALSE,20,elitize_generation_data,296,27,0.827,NA
298,48,count-odds,tourney,FALSE,20,elitize_generation_data,297,34,0.835,NA
299,48,count-odds,tourney,FALSE,20,elitize_generation_data,298,27,0.843,NA
300,48,count-odds,tourney,FALSE,20,elitize_generation_data,299,33,0.84,NA
301,48,count-odds,tourney,FALSE,20,elitize_generation_data,300,26,0.854,NA
