,run.num,problem,treatment,succeeded,height,normalization.function,generation,cluster.count,error.diversity,success.generation
1,25,count-odds,tourney,FALSE,20,elitize_generation_data,0,5,0.182,NA
2,25,count-odds,tourney,FALSE,20,elitize_generation_data,1,7,0.1,NA
3,25,count-odds,tourney,FALSE,20,elitize_generation_data,2,4,0.076,NA
4,25,count-odds,tourney,FALSE,20,elitize_generation_data,3,4,0.077,NA
5,25,count-odds,tourney,FALSE,20,elitize_generation_data,4,5,0.111,NA
6,25,count-odds,tourney,FALSE,20,elitize_generation_data,5,9,0.182,NA
7,25,count-odds,tourney,FALSE,20,elitize_generation_data,6,10,0.36,NA
8,25,count-odds,tourney,FALSE,20,elitize_generation_data,7,8,0.395,NA
9,25,count-odds,tourney,FALSE,20,elitize_generation_data,8,8,0.362,NA
10,25,count-odds,tourney,FALSE,20,elitize_generation_data,9,5,0.33,NA
11,25,count-odds,tourney,FALSE,20,elitize_generation_data,10,9,0.283,NA
12,25,count-odds,tourney,FALSE,20,elitize_generation_data,11,7,0.255,NA
13,25,count-odds,tourney,FALSE,20,elitize_generation_data,12,6,0.306,NA
14,25,count-odds,tourney,FALSE,20,elitize_generation_data,13,6,0.318,NA
15,25,count-odds,tourney,FALSE,20,elitize_generation_data,14,9,0.303,NA
16,25,count-odds,tourney,FALSE,20,elitize_generation_data,15,9,0.307,NA
17,25,count-odds,tourney,FALSE,20,elitize_generation_data,16,9,0.324,NA
18,25,count-odds,tourney,FALSE,20,elitize_generation_data,17,9,0.325,NA
19,25,count-odds,tourney,FALSE,20,elitize_generation_data,18,9,0.327,NA
20,25,count-odds,tourney,FALSE,20,elitize_generation_data,19,9,0.327,NA
21,25,count-odds,tourney,FALSE,20,elitize_generation_data,20,6,0.356,NA
22,25,count-odds,tourney,FALSE,20,elitize_generation_data,21,11,0.388,NA
23,25,count-odds,tourney,FALSE,20,elitize_generation_data,22,8,0.434,NA
24,25,count-odds,tourney,FALSE,20,elitize_generation_data,23,9,0.437,NA
25,25,count-odds,tourney,FALSE,20,elitize_generation_data,24,11,0.43,NA
26,25,count-odds,tourney,FALSE,20,elitize_generation_data,25,11,0.417,NA
27,25,count-odds,tourney,FALSE,20,elitize_generation_data,26,11,0.426,NA
28,25,count-odds,tourney,FALSE,20,elitize_generation_data,27,7,0.429,NA
29,25,count-odds,tourney,FALSE,20,elitize_generation_data,28,9,0.402,NA
30,25,count-odds,tourney,FALSE,20,elitize_generation_data,29,10,0.389,NA
31,25,count-odds,tourney,FALSE,20,elitize_generation_data,30,8,0.374,NA
32,25,count-odds,tourney,FALSE,20,elitize_generation_data,31,11,0.393,NA
33,25,count-odds,tourney,FALSE,20,elitize_generation_data,32,11,0.394,NA
34,25,count-odds,tourney,FALSE,20,elitize_generation_data,33,7,0.431,NA
35,25,count-odds,tourney,FALSE,20,elitize_generation_data,34,10,0.418,NA
36,25,count-odds,tourney,FALSE,20,elitize_generation_data,35,8,0.384,NA
37,25,count-odds,tourney,FALSE,20,elitize_generation_data,36,7,0.37,NA
38,25,count-odds,tourney,FALSE,20,elitize_generation_data,37,12,0.35,NA
39,25,count-odds,tourney,FALSE,20,elitize_generation_data,38,10,0.343,NA
40,25,count-odds,tourney,FALSE,20,elitize_generation_data,39,13,0.331,NA
41,25,count-odds,tourney,FALSE,20,elitize_generation_data,40,7,0.335,NA
42,25,count-odds,tourney,FALSE,20,elitize_generation_data,41,11,0.374,NA
43,25,count-odds,tourney,FALSE,20,elitize_generation_data,42,11,0.338,NA
44,25,count-odds,tourney,FALSE,20,elitize_generation_data,43,7,0.358,NA
45,25,count-odds,tourney,FALSE,20,elitize_generation_data,44,13,0.378,NA
46,25,count-odds,tourney,FALSE,20,elitize_generation_data,45,12,0.348,NA
47,25,count-odds,tourney,FALSE,20,elitize_generation_data,46,9,0.339,NA
48,25,count-odds,tourney,FALSE,20,elitize_generation_data,47,10,0.364,NA
49,25,count-odds,tourney,FALSE,20,elitize_generation_data,48,8,0.352,NA
50,25,count-odds,tourney,FALSE,20,elitize_generation_data,49,10,0.371,NA
51,25,count-odds,tourney,FALSE,20,elitize_generation_data,50,7,0.369,NA
52,25,count-odds,tourney,FALSE,20,elitize_generation_data,51,12,0.367,NA
53,25,count-odds,tourney,FALSE,20,elitize_generation_data,52,14,0.415,NA
54,25,count-odds,tourney,FALSE,20,elitize_generation_data,53,8,0.37,NA
55,25,count-odds,tourney,FALSE,20,elitize_generation_data,54,12,0.369,NA
56,25,count-odds,tourney,FALSE,20,elitize_generation_data,55,11,0.386,NA
57,25,count-odds,tourney,FALSE,20,elitize_generation_data,56,8,0.332,NA
58,25,count-odds,tourney,FALSE,20,elitize_generation_data,57,10,0.356,NA
59,25,count-odds,tourney,FALSE,20,elitize_generation_data,58,12,0.395,NA
60,25,count-odds,tourney,FALSE,20,elitize_generation_data,59,8,0.379,NA
61,25,count-odds,tourney,FALSE,20,elitize_generation_data,60,8,0.37,NA
62,25,count-odds,tourney,FALSE,20,elitize_generation_data,61,13,0.353,NA
63,25,count-odds,tourney,FALSE,20,elitize_generation_data,62,9,0.349,NA
64,25,count-odds,tourney,FALSE,20,elitize_generation_data,63,8,0.335,NA
65,25,count-odds,tourney,FALSE,20,elitize_generation_data,64,10,0.344,NA
66,25,count-odds,tourney,FALSE,20,elitize_generation_data,65,10,0.36,NA
67,25,count-odds,tourney,FALSE,20,elitize_generation_data,66,7,0.373,NA
68,25,count-odds,tourney,FALSE,20,elitize_generation_data,67,10,0.384,NA
69,25,count-odds,tourney,FALSE,20,elitize_generation_data,68,10,0.374,NA
70,25,count-odds,tourney,FALSE,20,elitize_generation_data,69,9,0.337,NA
71,25,count-odds,tourney,FALSE,20,elitize_generation_data,70,9,0.391,NA
72,25,count-odds,tourney,FALSE,20,elitize_generation_data,71,12,0.386,NA
73,25,count-odds,tourney,FALSE,20,elitize_generation_data,72,12,0.374,NA
74,25,count-odds,tourney,FALSE,20,elitize_generation_data,73,11,0.376,NA
75,25,count-odds,tourney,FALSE,20,elitize_generation_data,74,11,0.378,NA
76,25,count-odds,tourney,FALSE,20,elitize_generation_data,75,10,0.35,NA
77,25,count-odds,tourney,FALSE,20,elitize_generation_data,76,9,0.389,NA
78,25,count-odds,tourney,FALSE,20,elitize_generation_data,77,13,0.356,NA
79,25,count-odds,tourney,FALSE,20,elitize_generation_data,78,7,0.346,NA
80,25,count-odds,tourney,FALSE,20,elitize_generation_data,79,7,0.398,NA
81,25,count-odds,tourney,FALSE,20,elitize_generation_data,80,6,0.36,NA
82,25,count-odds,tourney,FALSE,20,elitize_generation_data,81,7,0.363,NA
83,25,count-odds,tourney,FALSE,20,elitize_generation_data,82,10,0.373,NA
84,25,count-odds,tourney,FALSE,20,elitize_generation_data,83,13,0.382,NA
85,25,count-odds,tourney,FALSE,20,elitize_generation_data,84,10,0.397,NA
86,25,count-odds,tourney,FALSE,20,elitize_generation_data,85,7,0.363,NA
87,25,count-odds,tourney,FALSE,20,elitize_generation_data,86,11,0.377,NA
88,25,count-odds,tourney,FALSE,20,elitize_generation_data,87,11,0.384,NA
89,25,count-odds,tourney,FALSE,20,elitize_generation_data,88,9,0.37,NA
90,25,count-odds,tourney,FALSE,20,elitize_generation_data,89,11,0.376,NA
91,25,count-odds,tourney,FALSE,20,elitize_generation_data,90,15,0.424,NA
92,25,count-odds,tourney,FALSE,20,elitize_generation_data,91,11,0.436,NA
93,25,count-odds,tourney,FALSE,20,elitize_generation_data,92,9,0.439,NA
94,25,count-odds,tourney,FALSE,20,elitize_generation_data,93,15,0.469,NA
95,25,count-odds,tourney,FALSE,20,elitize_generation_data,94,12,0.454,NA
96,25,count-odds,tourney,FALSE,20,elitize_generation_data,95,16,0.463,NA
97,25,count-odds,tourney,FALSE,20,elitize_generation_data,96,9,0.472,NA
98,25,count-odds,tourney,FALSE,20,elitize_generation_data,97,15,0.453,NA
99,25,count-odds,tourney,FALSE,20,elitize_generation_data,98,12,0.445,NA
100,25,count-odds,tourney,FALSE,20,elitize_generation_data,99,13,0.432,NA
101,25,count-odds,tourney,FALSE,20,elitize_generation_data,100,14,0.468,NA
102,25,count-odds,tourney,FALSE,20,elitize_generation_data,101,12,0.453,NA
103,25,count-odds,tourney,FALSE,20,elitize_generation_data,102,10,0.457,NA
104,25,count-odds,tourney,FALSE,20,elitize_generation_data,103,13,0.494,NA
105,25,count-odds,tourney,FALSE,20,elitize_generation_data,104,18,0.478,NA
106,25,count-odds,tourney,FALSE,20,elitize_generation_data,105,11,0.449,NA
107,25,count-odds,tourney,FALSE,20,elitize_generation_data,106,14,0.481,NA
108,25,count-odds,tourney,FALSE,20,elitize_generation_data,107,15,0.479,NA
109,25,count-odds,tourney,FALSE,20,elitize_generation_data,108,12,0.476,NA
110,25,count-odds,tourney,FALSE,20,elitize_generation_data,109,11,0.483,NA
111,25,count-odds,tourney,FALSE,20,elitize_generation_data,110,12,0.495,NA
112,25,count-odds,tourney,FALSE,20,elitize_generation_data,111,15,0.484,NA
113,25,count-odds,tourney,FALSE,20,elitize_generation_data,112,14,0.505,NA
114,25,count-odds,tourney,FALSE,20,elitize_generation_data,113,15,0.505,NA
115,25,count-odds,tourney,FALSE,20,elitize_generation_data,114,15,0.52,NA
116,25,count-odds,tourney,FALSE,20,elitize_generation_data,115,17,0.531,NA
117,25,count-odds,tourney,FALSE,20,elitize_generation_data,116,11,0.523,NA
118,25,count-odds,tourney,FALSE,20,elitize_generation_data,117,10,0.507,NA
119,25,count-odds,tourney,FALSE,20,elitize_generation_data,118,14,0.483,NA
120,25,count-odds,tourney,FALSE,20,elitize_generation_data,119,18,0.516,NA
121,25,count-odds,tourney,FALSE,20,elitize_generation_data,120,14,0.498,NA
122,25,count-odds,tourney,FALSE,20,elitize_generation_data,121,15,0.519,NA
123,25,count-odds,tourney,FALSE,20,elitize_generation_data,122,11,0.49,NA
124,25,count-odds,tourney,FALSE,20,elitize_generation_data,123,15,0.515,NA
125,25,count-odds,tourney,FALSE,20,elitize_generation_data,124,13,0.476,NA
126,25,count-odds,tourney,FALSE,20,elitize_generation_data,125,17,0.522,NA
127,25,count-odds,tourney,FALSE,20,elitize_generation_data,126,18,0.5,NA
128,25,count-odds,tourney,FALSE,20,elitize_generation_data,127,19,0.507,NA
129,25,count-odds,tourney,FALSE,20,elitize_generation_data,128,12,0.534,NA
130,25,count-odds,tourney,FALSE,20,elitize_generation_data,129,17,0.526,NA
131,25,count-odds,tourney,FALSE,20,elitize_generation_data,130,16,0.536,NA
132,25,count-odds,tourney,FALSE,20,elitize_generation_data,131,16,0.511,NA
133,25,count-odds,tourney,FALSE,20,elitize_generation_data,132,19,0.544,NA
134,25,count-odds,tourney,FALSE,20,elitize_generation_data,133,23,0.525,NA
135,25,count-odds,tourney,FALSE,20,elitize_generation_data,134,16,0.535,NA
136,25,count-odds,tourney,FALSE,20,elitize_generation_data,135,19,0.525,NA
137,25,count-odds,tourney,FALSE,20,elitize_generation_data,136,18,0.523,NA
138,25,count-odds,tourney,FALSE,20,elitize_generation_data,137,18,0.535,NA
139,25,count-odds,tourney,FALSE,20,elitize_generation_data,138,15,0.509,NA
140,25,count-odds,tourney,FALSE,20,elitize_generation_data,139,21,0.516,NA
141,25,count-odds,tourney,FALSE,20,elitize_generation_data,140,22,0.509,NA
142,25,count-odds,tourney,FALSE,20,elitize_generation_data,141,17,0.487,NA
143,25,count-odds,tourney,FALSE,20,elitize_generation_data,142,19,0.487,NA
144,25,count-odds,tourney,FALSE,20,elitize_generation_data,143,16,0.501,NA
145,25,count-odds,tourney,FALSE,20,elitize_generation_data,144,16,0.501,NA
146,25,count-odds,tourney,FALSE,20,elitize_generation_data,145,20,0.482,NA
147,25,count-odds,tourney,FALSE,20,elitize_generation_data,146,15,0.495,NA
148,25,count-odds,tourney,FALSE,20,elitize_generation_data,147,19,0.481,NA
149,25,count-odds,tourney,FALSE,20,elitize_generation_data,148,16,0.466,NA
150,25,count-odds,tourney,FALSE,20,elitize_generation_data,149,17,0.512,NA
151,25,count-odds,tourney,FALSE,20,elitize_generation_data,150,15,0.494,NA
152,25,count-odds,tourney,FALSE,20,elitize_generation_data,151,17,0.504,NA
153,25,count-odds,tourney,FALSE,20,elitize_generation_data,152,15,0.478,NA
154,25,count-odds,tourney,FALSE,20,elitize_generation_data,153,19,0.489,NA
155,25,count-odds,tourney,FALSE,20,elitize_generation_data,154,20,0.531,NA
156,25,count-odds,tourney,FALSE,20,elitize_generation_data,155,16,0.52,NA
157,25,count-odds,tourney,FALSE,20,elitize_generation_data,156,20,0.513,NA
158,25,count-odds,tourney,FALSE,20,elitize_generation_data,157,17,0.542,NA
159,25,count-odds,tourney,FALSE,20,elitize_generation_data,158,18,0.513,NA
160,25,count-odds,tourney,FALSE,20,elitize_generation_data,159,17,0.487,NA
161,25,count-odds,tourney,FALSE,20,elitize_generation_data,160,14,0.48,NA
162,25,count-odds,tourney,FALSE,20,elitize_generation_data,161,13,0.485,NA
163,25,count-odds,tourney,FALSE,20,elitize_generation_data,162,15,0.494,NA
164,25,count-odds,tourney,FALSE,20,elitize_generation_data,163,19,0.496,NA
165,25,count-odds,tourney,FALSE,20,elitize_generation_data,164,17,0.485,NA
166,25,count-odds,tourney,FALSE,20,elitize_generation_data,165,17,0.462,NA
167,25,count-odds,tourney,FALSE,20,elitize_generation_data,166,15,0.479,NA
168,25,count-odds,tourney,FALSE,20,elitize_generation_data,167,19,0.491,NA
169,25,count-odds,tourney,FALSE,20,elitize_generation_data,168,17,0.49,NA
170,25,count-odds,tourney,FALSE,20,elitize_generation_data,169,19,0.493,NA
171,25,count-odds,tourney,FALSE,20,elitize_generation_data,170,21,0.528,NA
172,25,count-odds,tourney,FALSE,20,elitize_generation_data,171,20,0.518,NA
173,25,count-odds,tourney,FALSE,20,elitize_generation_data,172,21,0.547,NA
174,25,count-odds,tourney,FALSE,20,elitize_generation_data,173,21,0.512,NA
175,25,count-odds,tourney,FALSE,20,elitize_generation_data,174,15,0.548,NA
176,25,count-odds,tourney,FALSE,20,elitize_generation_data,175,23,0.544,NA
177,25,count-odds,tourney,FALSE,20,elitize_generation_data,176,16,0.556,NA
178,25,count-odds,tourney,FALSE,20,elitize_generation_data,177,21,0.518,NA
179,25,count-odds,tourney,FALSE,20,elitize_generation_data,178,21,0.563,NA
180,25,count-odds,tourney,FALSE,20,elitize_generation_data,179,22,0.539,NA
181,25,count-odds,tourney,FALSE,20,elitize_generation_data,180,20,0.538,NA
182,25,count-odds,tourney,FALSE,20,elitize_generation_data,181,25,0.541,NA
183,25,count-odds,tourney,FALSE,20,elitize_generation_data,182,18,0.544,NA
184,25,count-odds,tourney,FALSE,20,elitize_generation_data,183,15,0.546,NA
185,25,count-odds,tourney,FALSE,20,elitize_generation_data,184,15,0.55,NA
186,25,count-odds,tourney,FALSE,20,elitize_generation_data,185,15,0.539,NA
187,25,count-odds,tourney,FALSE,20,elitize_generation_data,186,24,0.543,NA
188,25,count-odds,tourney,FALSE,20,elitize_generation_data,187,19,0.546,NA
189,25,count-odds,tourney,FALSE,20,elitize_generation_data,188,15,0.548,NA
190,25,count-odds,tourney,FALSE,20,elitize_generation_data,189,16,0.531,NA
191,25,count-odds,tourney,FALSE,20,elitize_generation_data,190,18,0.524,NA
192,25,count-odds,tourney,FALSE,20,elitize_generation_data,191,22,0.523,NA
193,25,count-odds,tourney,FALSE,20,elitize_generation_data,192,19,0.524,NA
194,25,count-odds,tourney,FALSE,20,elitize_generation_data,193,24,0.525,NA
195,25,count-odds,tourney,FALSE,20,elitize_generation_data,194,24,0.538,NA
196,25,count-odds,tourney,FALSE,20,elitize_generation_data,195,19,0.547,NA
197,25,count-odds,tourney,FALSE,20,elitize_generation_data,196,15,0.547,NA
198,25,count-odds,tourney,FALSE,20,elitize_generation_data,197,21,0.525,NA
199,25,count-odds,tourney,FALSE,20,elitize_generation_data,198,19,0.557,NA
200,25,count-odds,tourney,FALSE,20,elitize_generation_data,199,22,0.545,NA
201,25,count-odds,tourney,FALSE,20,elitize_generation_data,200,15,0.549,NA
202,25,count-odds,tourney,FALSE,20,elitize_generation_data,201,24,0.543,NA
203,25,count-odds,tourney,FALSE,20,elitize_generation_data,202,17,0.549,NA
204,25,count-odds,tourney,FALSE,20,elitize_generation_data,203,17,0.518,NA
205,25,count-odds,tourney,FALSE,20,elitize_generation_data,204,17,0.552,NA
206,25,count-odds,tourney,FALSE,20,elitize_generation_data,205,17,0.547,NA
207,25,count-odds,tourney,FALSE,20,elitize_generation_data,206,21,0.566,NA
208,25,count-odds,tourney,FALSE,20,elitize_generation_data,207,17,0.533,NA
209,25,count-odds,tourney,FALSE,20,elitize_generation_data,208,13,0.529,NA
210,25,count-odds,tourney,FALSE,20,elitize_generation_data,209,16,0.531,NA
211,25,count-odds,tourney,FALSE,20,elitize_generation_data,210,18,0.539,NA
212,25,count-odds,tourney,FALSE,20,elitize_generation_data,211,18,0.545,NA
213,25,count-odds,tourney,FALSE,20,elitize_generation_data,212,15,0.557,NA
214,25,count-odds,tourney,FALSE,20,elitize_generation_data,213,21,0.555,NA
215,25,count-odds,tourney,FALSE,20,elitize_generation_data,214,22,0.551,NA
216,25,count-odds,tourney,FALSE,20,elitize_generation_data,215,18,0.561,NA
217,25,count-odds,tourney,FALSE,20,elitize_generation_data,216,19,0.563,NA
218,25,count-odds,tourney,FALSE,20,elitize_generation_data,217,18,0.546,NA
219,25,count-odds,tourney,FALSE,20,elitize_generation_data,218,21,0.549,NA
220,25,count-odds,tourney,FALSE,20,elitize_generation_data,219,20,0.537,NA
221,25,count-odds,tourney,FALSE,20,elitize_generation_data,220,18,0.535,NA
222,25,count-odds,tourney,FALSE,20,elitize_generation_data,221,18,0.556,NA
223,25,count-odds,tourney,FALSE,20,elitize_generation_data,222,19,0.545,NA
224,25,count-odds,tourney,FALSE,20,elitize_generation_data,223,19,0.55,NA
225,25,count-odds,tourney,FALSE,20,elitize_generation_data,224,16,0.533,NA
226,25,count-odds,tourney,FALSE,20,elitize_generation_data,225,16,0.526,NA
227,25,count-odds,tourney,FALSE,20,elitize_generation_data,226,21,0.545,NA
228,25,count-odds,tourney,FALSE,20,elitize_generation_data,227,19,0.556,NA
229,25,count-odds,tourney,FALSE,20,elitize_generation_data,228,18,0.578,NA
230,25,count-odds,tourney,FALSE,20,elitize_generation_data,229,17,0.544,NA
231,25,count-odds,tourney,FALSE,20,elitize_generation_data,230,19,0.536,NA
232,25,count-odds,tourney,FALSE,20,elitize_generation_data,231,18,0.55,NA
233,25,count-odds,tourney,FALSE,20,elitize_generation_data,232,22,0.55,NA
234,25,count-odds,tourney,FALSE,20,elitize_generation_data,233,18,0.558,NA
235,25,count-odds,tourney,FALSE,20,elitize_generation_data,234,21,0.555,NA
236,25,count-odds,tourney,FALSE,20,elitize_generation_data,235,19,0.544,NA
237,25,count-odds,tourney,FALSE,20,elitize_generation_data,236,16,0.568,NA
238,25,count-odds,tourney,FALSE,20,elitize_generation_data,237,18,0.555,NA
239,25,count-odds,tourney,FALSE,20,elitize_generation_data,238,20,0.544,NA
240,25,count-odds,tourney,FALSE,20,elitize_generation_data,239,20,0.565,NA
241,25,count-odds,tourney,FALSE,20,elitize_generation_data,240,22,0.553,NA
242,25,count-odds,tourney,FALSE,20,elitize_generation_data,241,20,0.557,NA
243,25,count-odds,tourney,FALSE,20,elitize_generation_data,242,18,0.556,NA
244,25,count-odds,tourney,FALSE,20,elitize_generation_data,243,19,0.556,NA
245,25,count-odds,tourney,FALSE,20,elitize_generation_data,244,20,0.544,NA
246,25,count-odds,tourney,FALSE,20,elitize_generation_data,245,19,0.565,NA
247,25,count-odds,tourney,FALSE,20,elitize_generation_data,246,21,0.567,NA
248,25,count-odds,tourney,FALSE,20,elitize_generation_data,247,19,0.551,NA
249,25,count-odds,tourney,FALSE,20,elitize_generation_data,248,17,0.538,NA
250,25,count-odds,tourney,FALSE,20,elitize_generation_data,249,15,0.528,NA
251,25,count-odds,tourney,FALSE,20,elitize_generation_data,250,20,0.57,NA
252,25,count-odds,tourney,FALSE,20,elitize_generation_data,251,17,0.56,NA
253,25,count-odds,tourney,FALSE,20,elitize_generation_data,252,20,0.55,NA
254,25,count-odds,tourney,FALSE,20,elitize_generation_data,253,19,0.54,NA
255,25,count-odds,tourney,FALSE,20,elitize_generation_data,254,19,0.542,NA
256,25,count-odds,tourney,FALSE,20,elitize_generation_data,255,18,0.581,NA
257,25,count-odds,tourney,FALSE,20,elitize_generation_data,256,17,0.536,NA
258,25,count-odds,tourney,FALSE,20,elitize_generation_data,257,14,0.538,NA
259,25,count-odds,tourney,FALSE,20,elitize_generation_data,258,20,0.551,NA
260,25,count-odds,tourney,FALSE,20,elitize_generation_data,259,21,0.581,NA
261,25,count-odds,tourney,FALSE,20,elitize_generation_data,260,19,0.555,NA
262,25,count-odds,tourney,FALSE,20,elitize_generation_data,261,21,0.554,NA
263,25,count-odds,tourney,FALSE,20,elitize_generation_data,262,15,0.542,NA
264,25,count-odds,tourney,FALSE,20,elitize_generation_data,263,20,0.542,NA
265,25,count-odds,tourney,FALSE,20,elitize_generation_data,264,16,0.552,NA
266,25,count-odds,tourney,FALSE,20,elitize_generation_data,265,19,0.575,NA
267,25,count-odds,tourney,FALSE,20,elitize_generation_data,266,19,0.539,NA
268,25,count-odds,tourney,FALSE,20,elitize_generation_data,267,17,0.518,NA
269,25,count-odds,tourney,FALSE,20,elitize_generation_data,268,26,0.536,NA
270,25,count-odds,tourney,FALSE,20,elitize_generation_data,269,16,0.565,NA
271,25,count-odds,tourney,FALSE,20,elitize_generation_data,270,23,0.567,NA
272,25,count-odds,tourney,FALSE,20,elitize_generation_data,271,22,0.532,NA
273,25,count-odds,tourney,FALSE,20,elitize_generation_data,272,19,0.519,NA
274,25,count-odds,tourney,FALSE,20,elitize_generation_data,273,18,0.55,NA
275,25,count-odds,tourney,FALSE,20,elitize_generation_data,274,20,0.544,NA
276,25,count-odds,tourney,FALSE,20,elitize_generation_data,275,17,0.559,NA
277,25,count-odds,tourney,FALSE,20,elitize_generation_data,276,18,0.567,NA
278,25,count-odds,tourney,FALSE,20,elitize_generation_data,277,14,0.551,NA
279,25,count-odds,tourney,FALSE,20,elitize_generation_data,278,17,0.561,NA
280,25,count-odds,tourney,FALSE,20,elitize_generation_data,279,22,0.54,NA
281,25,count-odds,tourney,FALSE,20,elitize_generation_data,280,17,0.577,NA
282,25,count-odds,tourney,FALSE,20,elitize_generation_data,281,17,0.539,NA
283,25,count-odds,tourney,FALSE,20,elitize_generation_data,282,17,0.58,NA
284,25,count-odds,tourney,FALSE,20,elitize_generation_data,283,22,0.572,NA
285,25,count-odds,tourney,FALSE,20,elitize_generation_data,284,20,0.587,NA
286,25,count-odds,tourney,FALSE,20,elitize_generation_data,285,23,0.563,NA
287,25,count-odds,tourney,FALSE,20,elitize_generation_data,286,22,0.579,NA
288,25,count-odds,tourney,FALSE,20,elitize_generation_data,287,16,0.57,NA
289,25,count-odds,tourney,FALSE,20,elitize_generation_data,288,18,0.561,NA
290,25,count-odds,tourney,FALSE,20,elitize_generation_data,289,21,0.544,NA
291,25,count-odds,tourney,FALSE,20,elitize_generation_data,290,20,0.56,NA
292,25,count-odds,tourney,FALSE,20,elitize_generation_data,291,24,0.576,NA
293,25,count-odds,tourney,FALSE,20,elitize_generation_data,292,19,0.575,NA
294,25,count-odds,tourney,FALSE,20,elitize_generation_data,293,17,0.576,NA
295,25,count-odds,tourney,FALSE,20,elitize_generation_data,294,22,0.553,NA
296,25,count-odds,tourney,FALSE,20,elitize_generation_data,295,19,0.562,NA
297,25,count-odds,tourney,FALSE,20,elitize_generation_data,296,18,0.582,NA
298,25,count-odds,tourney,FALSE,20,elitize_generation_data,297,19,0.57,NA
299,25,count-odds,tourney,FALSE,20,elitize_generation_data,298,19,0.572,NA
300,25,count-odds,tourney,FALSE,20,elitize_generation_data,299,21,0.578,NA
301,25,count-odds,tourney,FALSE,20,elitize_generation_data,300,12,0.576,NA
