,run.num,problem,treatment,succeeded,height,normalization.function,generation,cluster.count,error.diversity,success.generation
1,18,count-odds,tourney,FALSE,20,elitize_generation_data,0,6,0.17,NA
2,18,count-odds,tourney,FALSE,20,elitize_generation_data,1,9,0.086,NA
3,18,count-odds,tourney,FALSE,20,elitize_generation_data,2,9,0.068,NA
4,18,count-odds,tourney,FALSE,20,elitize_generation_data,3,7,0.075,NA
5,18,count-odds,tourney,FALSE,20,elitize_generation_data,4,8,0.063,NA
6,18,count-odds,tourney,FALSE,20,elitize_generation_data,5,7,0.065,NA
7,18,count-odds,tourney,FALSE,20,elitize_generation_data,6,8,0.045,NA
8,18,count-odds,tourney,FALSE,20,elitize_generation_data,7,8,0.061,NA
9,18,count-odds,tourney,FALSE,20,elitize_generation_data,8,7,0.094,NA
10,18,count-odds,tourney,FALSE,20,elitize_generation_data,9,8,0.134,NA
11,18,count-odds,tourney,FALSE,20,elitize_generation_data,10,7,0.206,NA
12,18,count-odds,tourney,FALSE,20,elitize_generation_data,11,9,0.261,NA
13,18,count-odds,tourney,FALSE,20,elitize_generation_data,12,6,0.242,NA
14,18,count-odds,tourney,FALSE,20,elitize_generation_data,13,10,0.314,NA
15,18,count-odds,tourney,FALSE,20,elitize_generation_data,14,11,0.289,NA
16,18,count-odds,tourney,FALSE,20,elitize_generation_data,15,8,0.177,NA
17,18,count-odds,tourney,FALSE,20,elitize_generation_data,16,7,0.185,NA
18,18,count-odds,tourney,FALSE,20,elitize_generation_data,17,11,0.243,NA
19,18,count-odds,tourney,FALSE,20,elitize_generation_data,18,9,0.272,NA
20,18,count-odds,tourney,FALSE,20,elitize_generation_data,19,10,0.3,NA
21,18,count-odds,tourney,FALSE,20,elitize_generation_data,20,9,0.308,NA
22,18,count-odds,tourney,FALSE,20,elitize_generation_data,21,8,0.27,NA
23,18,count-odds,tourney,FALSE,20,elitize_generation_data,22,8,0.268,NA
24,18,count-odds,tourney,FALSE,20,elitize_generation_data,23,9,0.268,NA
25,18,count-odds,tourney,FALSE,20,elitize_generation_data,24,11,0.26,NA
26,18,count-odds,tourney,FALSE,20,elitize_generation_data,25,8,0.232,NA
27,18,count-odds,tourney,FALSE,20,elitize_generation_data,26,10,0.265,NA
28,18,count-odds,tourney,FALSE,20,elitize_generation_data,27,10,0.298,NA
29,18,count-odds,tourney,FALSE,20,elitize_generation_data,28,11,0.338,NA
30,18,count-odds,tourney,FALSE,20,elitize_generation_data,29,10,0.358,NA
31,18,count-odds,tourney,FALSE,20,elitize_generation_data,30,7,0.369,NA
32,18,count-odds,tourney,FALSE,20,elitize_generation_data,31,9,0.381,NA
33,18,count-odds,tourney,FALSE,20,elitize_generation_data,32,12,0.345,NA
34,18,count-odds,tourney,FALSE,20,elitize_generation_data,33,10,0.36,NA
35,18,count-odds,tourney,FALSE,20,elitize_generation_data,34,13,0.359,NA
36,18,count-odds,tourney,FALSE,20,elitize_generation_data,35,8,0.388,NA
37,18,count-odds,tourney,FALSE,20,elitize_generation_data,36,13,0.404,NA
38,18,count-odds,tourney,FALSE,20,elitize_generation_data,37,11,0.396,NA
39,18,count-odds,tourney,FALSE,20,elitize_generation_data,38,10,0.411,NA
40,18,count-odds,tourney,FALSE,20,elitize_generation_data,39,13,0.384,NA
41,18,count-odds,tourney,FALSE,20,elitize_generation_data,40,13,0.358,NA
42,18,count-odds,tourney,FALSE,20,elitize_generation_data,41,11,0.349,NA
43,18,count-odds,tourney,FALSE,20,elitize_generation_data,42,10,0.353,NA
44,18,count-odds,tourney,FALSE,20,elitize_generation_data,43,11,0.36,NA
45,18,count-odds,tourney,FALSE,20,elitize_generation_data,44,10,0.367,NA
46,18,count-odds,tourney,FALSE,20,elitize_generation_data,45,10,0.395,NA
47,18,count-odds,tourney,FALSE,20,elitize_generation_data,46,11,0.407,NA
48,18,count-odds,tourney,FALSE,20,elitize_generation_data,47,10,0.402,NA
49,18,count-odds,tourney,FALSE,20,elitize_generation_data,48,10,0.431,NA
50,18,count-odds,tourney,FALSE,20,elitize_generation_data,49,11,0.415,NA
51,18,count-odds,tourney,FALSE,20,elitize_generation_data,50,11,0.414,NA
52,18,count-odds,tourney,FALSE,20,elitize_generation_data,51,11,0.434,NA
53,18,count-odds,tourney,FALSE,20,elitize_generation_data,52,14,0.444,NA
54,18,count-odds,tourney,FALSE,20,elitize_generation_data,53,15,0.486,NA
55,18,count-odds,tourney,FALSE,20,elitize_generation_data,54,12,0.482,NA
56,18,count-odds,tourney,FALSE,20,elitize_generation_data,55,15,0.459,NA
57,18,count-odds,tourney,FALSE,20,elitize_generation_data,56,13,0.471,NA
58,18,count-odds,tourney,FALSE,20,elitize_generation_data,57,15,0.521,NA
59,18,count-odds,tourney,FALSE,20,elitize_generation_data,58,13,0.516,NA
60,18,count-odds,tourney,FALSE,20,elitize_generation_data,59,13,0.554,NA
61,18,count-odds,tourney,FALSE,20,elitize_generation_data,60,11,0.465,NA
62,18,count-odds,tourney,FALSE,20,elitize_generation_data,61,10,0.51,NA
63,18,count-odds,tourney,FALSE,20,elitize_generation_data,62,10,0.536,NA
64,18,count-odds,tourney,FALSE,20,elitize_generation_data,63,15,0.546,NA
65,18,count-odds,tourney,FALSE,20,elitize_generation_data,64,9,0.56,NA
66,18,count-odds,tourney,FALSE,20,elitize_generation_data,65,16,0.563,NA
67,18,count-odds,tourney,FALSE,20,elitize_generation_data,66,13,0.556,NA
68,18,count-odds,tourney,FALSE,20,elitize_generation_data,67,15,0.577,NA
69,18,count-odds,tourney,FALSE,20,elitize_generation_data,68,19,0.589,NA
70,18,count-odds,tourney,FALSE,20,elitize_generation_data,69,17,0.586,NA
71,18,count-odds,tourney,FALSE,20,elitize_generation_data,70,14,0.552,NA
72,18,count-odds,tourney,FALSE,20,elitize_generation_data,71,16,0.571,NA
73,18,count-odds,tourney,FALSE,20,elitize_generation_data,72,18,0.565,NA
74,18,count-odds,tourney,FALSE,20,elitize_generation_data,73,15,0.604,NA
75,18,count-odds,tourney,FALSE,20,elitize_generation_data,74,14,0.629,NA
76,18,count-odds,tourney,FALSE,20,elitize_generation_data,75,14,0.651,NA
77,18,count-odds,tourney,FALSE,20,elitize_generation_data,76,16,0.633,NA
78,18,count-odds,tourney,FALSE,20,elitize_generation_data,77,15,0.621,NA
79,18,count-odds,tourney,FALSE,20,elitize_generation_data,78,16,0.626,NA
80,18,count-odds,tourney,FALSE,20,elitize_generation_data,79,15,0.639,NA
81,18,count-odds,tourney,FALSE,20,elitize_generation_data,80,15,0.655,NA
82,18,count-odds,tourney,FALSE,20,elitize_generation_data,81,16,0.657,NA
83,18,count-odds,tourney,FALSE,20,elitize_generation_data,82,17,0.666,NA
84,18,count-odds,tourney,FALSE,20,elitize_generation_data,83,13,0.635,NA
85,18,count-odds,tourney,FALSE,20,elitize_generation_data,84,12,0.634,NA
86,18,count-odds,tourney,FALSE,20,elitize_generation_data,85,15,0.674,NA
87,18,count-odds,tourney,FALSE,20,elitize_generation_data,86,11,0.668,NA
88,18,count-odds,tourney,FALSE,20,elitize_generation_data,87,12,0.633,NA
89,18,count-odds,tourney,FALSE,20,elitize_generation_data,88,13,0.636,NA
90,18,count-odds,tourney,FALSE,20,elitize_generation_data,89,17,0.624,NA
91,18,count-odds,tourney,FALSE,20,elitize_generation_data,90,12,0.622,NA
92,18,count-odds,tourney,FALSE,20,elitize_generation_data,91,13,0.615,NA
93,18,count-odds,tourney,FALSE,20,elitize_generation_data,92,16,0.621,NA
94,18,count-odds,tourney,FALSE,20,elitize_generation_data,93,16,0.654,NA
95,18,count-odds,tourney,FALSE,20,elitize_generation_data,94,11,0.637,NA
96,18,count-odds,tourney,FALSE,20,elitize_generation_data,95,10,0.607,NA
97,18,count-odds,tourney,FALSE,20,elitize_generation_data,96,13,0.638,NA
98,18,count-odds,tourney,FALSE,20,elitize_generation_data,97,12,0.644,NA
99,18,count-odds,tourney,FALSE,20,elitize_generation_data,98,9,0.64,NA
100,18,count-odds,tourney,FALSE,20,elitize_generation_data,99,11,0.669,NA
101,18,count-odds,tourney,FALSE,20,elitize_generation_data,100,12,0.66,NA
102,18,count-odds,tourney,FALSE,20,elitize_generation_data,101,10,0.701,NA
103,18,count-odds,tourney,FALSE,20,elitize_generation_data,102,16,0.698,NA
104,18,count-odds,tourney,FALSE,20,elitize_generation_data,103,13,0.715,NA
105,18,count-odds,tourney,FALSE,20,elitize_generation_data,104,16,0.752,NA
106,18,count-odds,tourney,FALSE,20,elitize_generation_data,105,17,0.724,NA
107,18,count-odds,tourney,FALSE,20,elitize_generation_data,106,18,0.727,NA
108,18,count-odds,tourney,FALSE,20,elitize_generation_data,107,22,0.763,NA
109,18,count-odds,tourney,FALSE,20,elitize_generation_data,108,27,0.794,NA
110,18,count-odds,tourney,FALSE,20,elitize_generation_data,109,23,0.782,NA
111,18,count-odds,tourney,FALSE,20,elitize_generation_data,110,17,0.794,NA
112,18,count-odds,tourney,FALSE,20,elitize_generation_data,111,28,0.79,NA
113,18,count-odds,tourney,FALSE,20,elitize_generation_data,112,26,0.783,NA
114,18,count-odds,tourney,FALSE,20,elitize_generation_data,113,22,0.746,NA
115,18,count-odds,tourney,FALSE,20,elitize_generation_data,114,17,0.74,NA
116,18,count-odds,tourney,FALSE,20,elitize_generation_data,115,20,0.754,NA
117,18,count-odds,tourney,FALSE,20,elitize_generation_data,116,20,0.735,NA
118,18,count-odds,tourney,FALSE,20,elitize_generation_data,117,18,0.712,NA
119,18,count-odds,tourney,FALSE,20,elitize_generation_data,118,22,0.749,NA
120,18,count-odds,tourney,FALSE,20,elitize_generation_data,119,17,0.746,NA
121,18,count-odds,tourney,FALSE,20,elitize_generation_data,120,25,0.722,NA
122,18,count-odds,tourney,FALSE,20,elitize_generation_data,121,17,0.761,NA
123,18,count-odds,tourney,FALSE,20,elitize_generation_data,122,24,0.733,NA
124,18,count-odds,tourney,FALSE,20,elitize_generation_data,123,19,0.727,NA
125,18,count-odds,tourney,FALSE,20,elitize_generation_data,124,22,0.748,NA
126,18,count-odds,tourney,FALSE,20,elitize_generation_data,125,17,0.735,NA
127,18,count-odds,tourney,FALSE,20,elitize_generation_data,126,23,0.721,NA
128,18,count-odds,tourney,FALSE,20,elitize_generation_data,127,22,0.754,NA
129,18,count-odds,tourney,FALSE,20,elitize_generation_data,128,25,0.755,NA
130,18,count-odds,tourney,FALSE,20,elitize_generation_data,129,18,0.692,NA
131,18,count-odds,tourney,FALSE,20,elitize_generation_data,130,19,0.724,NA
132,18,count-odds,tourney,FALSE,20,elitize_generation_data,131,24,0.73,NA
133,18,count-odds,tourney,FALSE,20,elitize_generation_data,132,21,0.727,NA
134,18,count-odds,tourney,FALSE,20,elitize_generation_data,133,26,0.753,NA
135,18,count-odds,tourney,FALSE,20,elitize_generation_data,134,20,0.739,NA
136,18,count-odds,tourney,FALSE,20,elitize_generation_data,135,25,0.735,NA
137,18,count-odds,tourney,FALSE,20,elitize_generation_data,136,23,0.742,NA
138,18,count-odds,tourney,FALSE,20,elitize_generation_data,137,23,0.734,NA
139,18,count-odds,tourney,FALSE,20,elitize_generation_data,138,22,0.742,NA
140,18,count-odds,tourney,FALSE,20,elitize_generation_data,139,26,0.756,NA
141,18,count-odds,tourney,FALSE,20,elitize_generation_data,140,21,0.738,NA
142,18,count-odds,tourney,FALSE,20,elitize_generation_data,141,21,0.772,NA
143,18,count-odds,tourney,FALSE,20,elitize_generation_data,142,20,0.75,NA
144,18,count-odds,tourney,FALSE,20,elitize_generation_data,143,24,0.759,NA
145,18,count-odds,tourney,FALSE,20,elitize_generation_data,144,29,0.735,NA
146,18,count-odds,tourney,FALSE,20,elitize_generation_data,145,25,0.755,NA
147,18,count-odds,tourney,FALSE,20,elitize_generation_data,146,21,0.766,NA
148,18,count-odds,tourney,FALSE,20,elitize_generation_data,147,22,0.77,NA
149,18,count-odds,tourney,FALSE,20,elitize_generation_data,148,22,0.747,NA
150,18,count-odds,tourney,FALSE,20,elitize_generation_data,149,24,0.772,NA
151,18,count-odds,tourney,FALSE,20,elitize_generation_data,150,20,0.751,NA
152,18,count-odds,tourney,FALSE,20,elitize_generation_data,151,21,0.772,NA
153,18,count-odds,tourney,FALSE,20,elitize_generation_data,152,20,0.754,NA
154,18,count-odds,tourney,FALSE,20,elitize_generation_data,153,16,0.756,NA
155,18,count-odds,tourney,FALSE,20,elitize_generation_data,154,23,0.773,NA
156,18,count-odds,tourney,FALSE,20,elitize_generation_data,155,23,0.772,NA
157,18,count-odds,tourney,FALSE,20,elitize_generation_data,156,17,0.779,NA
158,18,count-odds,tourney,FALSE,20,elitize_generation_data,157,20,0.799,NA
159,18,count-odds,tourney,FALSE,20,elitize_generation_data,158,22,0.779,NA
160,18,count-odds,tourney,FALSE,20,elitize_generation_data,159,21,0.779,NA
161,18,count-odds,tourney,FALSE,20,elitize_generation_data,160,19,0.784,NA
162,18,count-odds,tourney,FALSE,20,elitize_generation_data,161,25,0.785,NA
163,18,count-odds,tourney,FALSE,20,elitize_generation_data,162,22,0.765,NA
164,18,count-odds,tourney,FALSE,20,elitize_generation_data,163,23,0.774,NA
165,18,count-odds,tourney,FALSE,20,elitize_generation_data,164,21,0.777,NA
166,18,count-odds,tourney,FALSE,20,elitize_generation_data,165,26,0.805,NA
167,18,count-odds,tourney,FALSE,20,elitize_generation_data,166,21,0.816,NA
168,18,count-odds,tourney,FALSE,20,elitize_generation_data,167,22,0.83,NA
169,18,count-odds,tourney,FALSE,20,elitize_generation_data,168,22,0.83,NA
170,18,count-odds,tourney,FALSE,20,elitize_generation_data,169,18,0.827,NA
171,18,count-odds,tourney,FALSE,20,elitize_generation_data,170,24,0.827,NA
172,18,count-odds,tourney,FALSE,20,elitize_generation_data,171,22,0.844,NA
173,18,count-odds,tourney,FALSE,20,elitize_generation_data,172,23,0.833,NA
174,18,count-odds,tourney,FALSE,20,elitize_generation_data,173,30,0.825,NA
175,18,count-odds,tourney,FALSE,20,elitize_generation_data,174,28,0.824,NA
176,18,count-odds,tourney,FALSE,20,elitize_generation_data,175,23,0.836,NA
177,18,count-odds,tourney,FALSE,20,elitize_generation_data,176,29,0.815,NA
178,18,count-odds,tourney,FALSE,20,elitize_generation_data,177,19,0.815,NA
179,18,count-odds,tourney,FALSE,20,elitize_generation_data,178,26,0.827,NA
180,18,count-odds,tourney,FALSE,20,elitize_generation_data,179,23,0.83,NA
181,18,count-odds,tourney,FALSE,20,elitize_generation_data,180,18,0.836,NA
182,18,count-odds,tourney,FALSE,20,elitize_generation_data,181,27,0.814,NA
183,18,count-odds,tourney,FALSE,20,elitize_generation_data,182,30,0.803,NA
184,18,count-odds,tourney,FALSE,20,elitize_generation_data,183,25,0.797,NA
185,18,count-odds,tourney,FALSE,20,elitize_generation_data,184,25,0.791,NA
186,18,count-odds,tourney,FALSE,20,elitize_generation_data,185,31,0.799,NA
187,18,count-odds,tourney,FALSE,20,elitize_generation_data,186,25,0.797,NA
188,18,count-odds,tourney,FALSE,20,elitize_generation_data,187,21,0.815,NA
189,18,count-odds,tourney,FALSE,20,elitize_generation_data,188,20,0.8,NA
190,18,count-odds,tourney,FALSE,20,elitize_generation_data,189,22,0.792,NA
191,18,count-odds,tourney,FALSE,20,elitize_generation_data,190,25,0.797,NA
192,18,count-odds,tourney,FALSE,20,elitize_generation_data,191,26,0.803,NA
193,18,count-odds,tourney,FALSE,20,elitize_generation_data,192,22,0.797,NA
194,18,count-odds,tourney,FALSE,20,elitize_generation_data,193,27,0.795,NA
195,18,count-odds,tourney,FALSE,20,elitize_generation_data,194,27,0.787,NA
196,18,count-odds,tourney,FALSE,20,elitize_generation_data,195,27,0.772,NA
197,18,count-odds,tourney,FALSE,20,elitize_generation_data,196,21,0.778,NA
198,18,count-odds,tourney,FALSE,20,elitize_generation_data,197,26,0.772,NA
199,18,count-odds,tourney,FALSE,20,elitize_generation_data,198,34,0.757,NA
200,18,count-odds,tourney,FALSE,20,elitize_generation_data,199,22,0.762,NA
201,18,count-odds,tourney,FALSE,20,elitize_generation_data,200,19,0.761,NA
202,18,count-odds,tourney,FALSE,20,elitize_generation_data,201,30,0.756,NA
203,18,count-odds,tourney,FALSE,20,elitize_generation_data,202,26,0.795,NA
204,18,count-odds,tourney,FALSE,20,elitize_generation_data,203,21,0.772,NA
205,18,count-odds,tourney,FALSE,20,elitize_generation_data,204,26,0.777,NA
206,18,count-odds,tourney,FALSE,20,elitize_generation_data,205,27,0.795,NA
207,18,count-odds,tourney,FALSE,20,elitize_generation_data,206,21,0.782,NA
208,18,count-odds,tourney,FALSE,20,elitize_generation_data,207,26,0.791,NA
209,18,count-odds,tourney,FALSE,20,elitize_generation_data,208,25,0.791,NA
210,18,count-odds,tourney,FALSE,20,elitize_generation_data,209,27,0.813,NA
211,18,count-odds,tourney,FALSE,20,elitize_generation_data,210,32,0.805,NA
212,18,count-odds,tourney,FALSE,20,elitize_generation_data,211,30,0.788,NA
213,18,count-odds,tourney,FALSE,20,elitize_generation_data,212,24,0.79,NA
214,18,count-odds,tourney,FALSE,20,elitize_generation_data,213,28,0.8,NA
215,18,count-odds,tourney,FALSE,20,elitize_generation_data,214,34,0.786,NA
216,18,count-odds,tourney,FALSE,20,elitize_generation_data,215,27,0.761,NA
217,18,count-odds,tourney,FALSE,20,elitize_generation_data,216,32,0.766,NA
218,18,count-odds,tourney,FALSE,20,elitize_generation_data,217,38,0.757,NA
219,18,count-odds,tourney,FALSE,20,elitize_generation_data,218,29,0.76,NA
220,18,count-odds,tourney,FALSE,20,elitize_generation_data,219,29,0.767,NA
221,18,count-odds,tourney,FALSE,20,elitize_generation_data,220,27,0.733,NA
222,18,count-odds,tourney,FALSE,20,elitize_generation_data,221,16,0.747,NA
223,18,count-odds,tourney,FALSE,20,elitize_generation_data,222,30,0.783,NA
224,18,count-odds,tourney,FALSE,20,elitize_generation_data,223,25,0.773,NA
225,18,count-odds,tourney,FALSE,20,elitize_generation_data,224,25,0.786,NA
226,18,count-odds,tourney,FALSE,20,elitize_generation_data,225,31,0.77,NA
227,18,count-odds,tourney,FALSE,20,elitize_generation_data,226,26,0.784,NA
228,18,count-odds,tourney,FALSE,20,elitize_generation_data,227,23,0.77,NA
229,18,count-odds,tourney,FALSE,20,elitize_generation_data,228,28,0.768,NA
230,18,count-odds,tourney,FALSE,20,elitize_generation_data,229,21,0.788,NA
231,18,count-odds,tourney,FALSE,20,elitize_generation_data,230,25,0.788,NA
232,18,count-odds,tourney,FALSE,20,elitize_generation_data,231,29,0.825,NA
233,18,count-odds,tourney,FALSE,20,elitize_generation_data,232,32,0.793,NA
234,18,count-odds,tourney,FALSE,20,elitize_generation_data,233,30,0.786,NA
235,18,count-odds,tourney,FALSE,20,elitize_generation_data,234,32,0.774,NA
236,18,count-odds,tourney,FALSE,20,elitize_generation_data,235,22,0.768,NA
237,18,count-odds,tourney,FALSE,20,elitize_generation_data,236,21,0.794,NA
238,18,count-odds,tourney,FALSE,20,elitize_generation_data,237,24,0.775,NA
239,18,count-odds,tourney,FALSE,20,elitize_generation_data,238,25,0.776,NA
240,18,count-odds,tourney,FALSE,20,elitize_generation_data,239,26,0.799,NA
241,18,count-odds,tourney,FALSE,20,elitize_generation_data,240,31,0.799,NA
242,18,count-odds,tourney,FALSE,20,elitize_generation_data,241,25,0.814,NA
243,18,count-odds,tourney,FALSE,20,elitize_generation_data,242,31,0.8,NA
244,18,count-odds,tourney,FALSE,20,elitize_generation_data,243,27,0.818,NA
245,18,count-odds,tourney,FALSE,20,elitize_generation_data,244,19,0.814,NA
246,18,count-odds,tourney,FALSE,20,elitize_generation_data,245,30,0.797,NA
247,18,count-odds,tourney,FALSE,20,elitize_generation_data,246,30,0.785,NA
248,18,count-odds,tourney,FALSE,20,elitize_generation_data,247,27,0.816,NA
249,18,count-odds,tourney,FALSE,20,elitize_generation_data,248,27,0.813,NA
250,18,count-odds,tourney,FALSE,20,elitize_generation_data,249,26,0.786,NA
251,18,count-odds,tourney,FALSE,20,elitize_generation_data,250,23,0.811,NA
252,18,count-odds,tourney,FALSE,20,elitize_generation_data,251,19,0.804,NA
253,18,count-odds,tourney,FALSE,20,elitize_generation_data,252,18,0.823,NA
254,18,count-odds,tourney,FALSE,20,elitize_generation_data,253,23,0.824,NA
255,18,count-odds,tourney,FALSE,20,elitize_generation_data,254,30,0.804,NA
256,18,count-odds,tourney,FALSE,20,elitize_generation_data,255,24,0.798,NA
257,18,count-odds,tourney,FALSE,20,elitize_generation_data,256,25,0.793,NA
258,18,count-odds,tourney,FALSE,20,elitize_generation_data,257,25,0.767,NA
259,18,count-odds,tourney,FALSE,20,elitize_generation_data,258,24,0.783,NA
260,18,count-odds,tourney,FALSE,20,elitize_generation_data,259,30,0.777,NA
261,18,count-odds,tourney,FALSE,20,elitize_generation_data,260,24,0.771,NA
262,18,count-odds,tourney,FALSE,20,elitize_generation_data,261,29,0.792,NA
263,18,count-odds,tourney,FALSE,20,elitize_generation_data,262,22,0.782,NA
264,18,count-odds,tourney,FALSE,20,elitize_generation_data,263,21,0.777,NA
265,18,count-odds,tourney,FALSE,20,elitize_generation_data,264,29,0.777,NA
266,18,count-odds,tourney,FALSE,20,elitize_generation_data,265,23,0.775,NA
267,18,count-odds,tourney,FALSE,20,elitize_generation_data,266,25,0.77,NA
268,18,count-odds,tourney,FALSE,20,elitize_generation_data,267,24,0.779,NA
269,18,count-odds,tourney,FALSE,20,elitize_generation_data,268,26,0.766,NA
270,18,count-odds,tourney,FALSE,20,elitize_generation_data,269,24,0.761,NA
271,18,count-odds,tourney,FALSE,20,elitize_generation_data,270,27,0.78,NA
272,18,count-odds,tourney,FALSE,20,elitize_generation_data,271,20,0.787,NA
273,18,count-odds,tourney,FALSE,20,elitize_generation_data,272,24,0.775,NA
274,18,count-odds,tourney,FALSE,20,elitize_generation_data,273,19,0.784,NA
275,18,count-odds,tourney,FALSE,20,elitize_generation_data,274,26,0.785,NA
276,18,count-odds,tourney,FALSE,20,elitize_generation_data,275,28,0.792,NA
277,18,count-odds,tourney,FALSE,20,elitize_generation_data,276,23,0.796,NA
278,18,count-odds,tourney,FALSE,20,elitize_generation_data,277,18,0.792,NA
279,18,count-odds,tourney,FALSE,20,elitize_generation_data,278,19,0.767,NA
280,18,count-odds,tourney,FALSE,20,elitize_generation_data,279,20,0.79,NA
281,18,count-odds,tourney,FALSE,20,elitize_generation_data,280,17,0.785,NA
282,18,count-odds,tourney,FALSE,20,elitize_generation_data,281,19,0.803,NA
283,18,count-odds,tourney,FALSE,20,elitize_generation_data,282,23,0.779,NA
284,18,count-odds,tourney,FALSE,20,elitize_generation_data,283,24,0.748,NA
285,18,count-odds,tourney,FALSE,20,elitize_generation_data,284,23,0.75,NA
286,18,count-odds,tourney,FALSE,20,elitize_generation_data,285,20,0.768,NA
287,18,count-odds,tourney,FALSE,20,elitize_generation_data,286,16,0.766,NA
288,18,count-odds,tourney,FALSE,20,elitize_generation_data,287,24,0.771,NA
289,18,count-odds,tourney,FALSE,20,elitize_generation_data,288,17,0.736,NA
290,18,count-odds,tourney,FALSE,20,elitize_generation_data,289,21,0.756,NA
291,18,count-odds,tourney,FALSE,20,elitize_generation_data,290,24,0.769,NA
292,18,count-odds,tourney,FALSE,20,elitize_generation_data,291,23,0.777,NA
293,18,count-odds,tourney,FALSE,20,elitize_generation_data,292,21,0.771,NA
294,18,count-odds,tourney,FALSE,20,elitize_generation_data,293,16,0.755,NA
295,18,count-odds,tourney,FALSE,20,elitize_generation_data,294,25,0.761,NA
296,18,count-odds,tourney,FALSE,20,elitize_generation_data,295,27,0.796,NA
297,18,count-odds,tourney,FALSE,20,elitize_generation_data,296,20,0.757,NA
298,18,count-odds,tourney,FALSE,20,elitize_generation_data,297,28,0.765,NA
299,18,count-odds,tourney,FALSE,20,elitize_generation_data,298,18,0.777,NA
300,18,count-odds,tourney,FALSE,20,elitize_generation_data,299,20,0.777,NA
301,18,count-odds,tourney,FALSE,20,elitize_generation_data,300,21,0.772,NA
