,run.num,problem,treatment,succeeded,height,normalization.function,generation,cluster.count,error.diversity,success.generation
1,88,count-odds,tourney,FALSE,20,elitize_generation_data,0,7,0.185,NA
2,88,count-odds,tourney,FALSE,20,elitize_generation_data,1,8,0.094,NA
3,88,count-odds,tourney,FALSE,20,elitize_generation_data,2,4,0.063,NA
4,88,count-odds,tourney,FALSE,20,elitize_generation_data,3,5,0.068,NA
5,88,count-odds,tourney,FALSE,20,elitize_generation_data,4,6,0.093,NA
6,88,count-odds,tourney,FALSE,20,elitize_generation_data,5,7,0.157,NA
7,88,count-odds,tourney,FALSE,20,elitize_generation_data,6,9,0.232,NA
8,88,count-odds,tourney,FALSE,20,elitize_generation_data,7,10,0.241,NA
9,88,count-odds,tourney,FALSE,20,elitize_generation_data,8,9,0.117,NA
10,88,count-odds,tourney,FALSE,20,elitize_generation_data,9,11,0.084,NA
11,88,count-odds,tourney,FALSE,20,elitize_generation_data,10,12,0.1,NA
12,88,count-odds,tourney,FALSE,20,elitize_generation_data,11,9,0.091,NA
13,88,count-odds,tourney,FALSE,20,elitize_generation_data,12,9,0.072,NA
14,88,count-odds,tourney,FALSE,20,elitize_generation_data,13,7,0.077,NA
15,88,count-odds,tourney,FALSE,20,elitize_generation_data,14,8,0.087,NA
16,88,count-odds,tourney,FALSE,20,elitize_generation_data,15,6,0.09,NA
17,88,count-odds,tourney,FALSE,20,elitize_generation_data,16,9,0.074,NA
18,88,count-odds,tourney,FALSE,20,elitize_generation_data,17,6,0.095,NA
19,88,count-odds,tourney,FALSE,20,elitize_generation_data,18,5,0.1,NA
20,88,count-odds,tourney,FALSE,20,elitize_generation_data,19,8,0.098,NA
21,88,count-odds,tourney,FALSE,20,elitize_generation_data,20,6,0.08,NA
22,88,count-odds,tourney,FALSE,20,elitize_generation_data,21,7,0.081,NA
23,88,count-odds,tourney,FALSE,20,elitize_generation_data,22,9,0.078,NA
24,88,count-odds,tourney,FALSE,20,elitize_generation_data,23,7,0.089,NA
25,88,count-odds,tourney,FALSE,20,elitize_generation_data,24,7,0.095,NA
26,88,count-odds,tourney,FALSE,20,elitize_generation_data,25,7,0.09,NA
27,88,count-odds,tourney,FALSE,20,elitize_generation_data,26,10,0.088,NA
28,88,count-odds,tourney,FALSE,20,elitize_generation_data,27,12,0.104,NA
29,88,count-odds,tourney,FALSE,20,elitize_generation_data,28,10,0.093,NA
30,88,count-odds,tourney,FALSE,20,elitize_generation_data,29,8,0.097,NA
31,88,count-odds,tourney,FALSE,20,elitize_generation_data,30,8,0.112,NA
32,88,count-odds,tourney,FALSE,20,elitize_generation_data,31,7,0.11,NA
33,88,count-odds,tourney,FALSE,20,elitize_generation_data,32,7,0.134,NA
34,88,count-odds,tourney,FALSE,20,elitize_generation_data,33,8,0.139,NA
35,88,count-odds,tourney,FALSE,20,elitize_generation_data,34,8,0.146,NA
36,88,count-odds,tourney,FALSE,20,elitize_generation_data,35,5,0.142,NA
37,88,count-odds,tourney,FALSE,20,elitize_generation_data,36,5,0.148,NA
38,88,count-odds,tourney,FALSE,20,elitize_generation_data,37,6,0.136,NA
39,88,count-odds,tourney,FALSE,20,elitize_generation_data,38,8,0.14,NA
40,88,count-odds,tourney,FALSE,20,elitize_generation_data,39,7,0.156,NA
41,88,count-odds,tourney,FALSE,20,elitize_generation_data,40,9,0.155,NA
42,88,count-odds,tourney,FALSE,20,elitize_generation_data,41,6,0.165,NA
43,88,count-odds,tourney,FALSE,20,elitize_generation_data,42,8,0.169,NA
44,88,count-odds,tourney,FALSE,20,elitize_generation_data,43,9,0.191,NA
45,88,count-odds,tourney,FALSE,20,elitize_generation_data,44,7,0.21,NA
46,88,count-odds,tourney,FALSE,20,elitize_generation_data,45,9,0.2,NA
47,88,count-odds,tourney,FALSE,20,elitize_generation_data,46,8,0.247,NA
48,88,count-odds,tourney,FALSE,20,elitize_generation_data,47,6,0.265,NA
49,88,count-odds,tourney,FALSE,20,elitize_generation_data,48,7,0.283,NA
50,88,count-odds,tourney,FALSE,20,elitize_generation_data,49,9,0.266,NA
51,88,count-odds,tourney,FALSE,20,elitize_generation_data,50,7,0.274,NA
52,88,count-odds,tourney,FALSE,20,elitize_generation_data,51,7,0.282,NA
53,88,count-odds,tourney,FALSE,20,elitize_generation_data,52,8,0.281,NA
54,88,count-odds,tourney,FALSE,20,elitize_generation_data,53,6,0.283,NA
55,88,count-odds,tourney,FALSE,20,elitize_generation_data,54,7,0.293,NA
56,88,count-odds,tourney,FALSE,20,elitize_generation_data,55,7,0.322,NA
57,88,count-odds,tourney,FALSE,20,elitize_generation_data,56,6,0.334,NA
58,88,count-odds,tourney,FALSE,20,elitize_generation_data,57,7,0.321,NA
59,88,count-odds,tourney,FALSE,20,elitize_generation_data,58,6,0.336,NA
60,88,count-odds,tourney,FALSE,20,elitize_generation_data,59,7,0.344,NA
61,88,count-odds,tourney,FALSE,20,elitize_generation_data,60,5,0.26,NA
62,88,count-odds,tourney,FALSE,20,elitize_generation_data,61,7,0.123,NA
63,88,count-odds,tourney,FALSE,20,elitize_generation_data,62,8,0.079,NA
64,88,count-odds,tourney,FALSE,20,elitize_generation_data,63,8,0.078,NA
65,88,count-odds,tourney,FALSE,20,elitize_generation_data,64,9,0.086,NA
66,88,count-odds,tourney,FALSE,20,elitize_generation_data,65,7,0.082,NA
67,88,count-odds,tourney,FALSE,20,elitize_generation_data,66,8,0.082,NA
68,88,count-odds,tourney,FALSE,20,elitize_generation_data,67,8,0.061,NA
69,88,count-odds,tourney,FALSE,20,elitize_generation_data,68,9,0.066,NA
70,88,count-odds,tourney,FALSE,20,elitize_generation_data,69,10,0.058,NA
71,88,count-odds,tourney,FALSE,20,elitize_generation_data,70,9,0.058,NA
72,88,count-odds,tourney,FALSE,20,elitize_generation_data,71,6,0.077,NA
73,88,count-odds,tourney,FALSE,20,elitize_generation_data,72,10,0.077,NA
74,88,count-odds,tourney,FALSE,20,elitize_generation_data,73,6,0.103,NA
75,88,count-odds,tourney,FALSE,20,elitize_generation_data,74,9,0.075,NA
76,88,count-odds,tourney,FALSE,20,elitize_generation_data,75,10,0.077,NA
77,88,count-odds,tourney,FALSE,20,elitize_generation_data,76,8,0.089,NA
78,88,count-odds,tourney,FALSE,20,elitize_generation_data,77,7,0.078,NA
79,88,count-odds,tourney,FALSE,20,elitize_generation_data,78,8,0.063,NA
80,88,count-odds,tourney,FALSE,20,elitize_generation_data,79,11,0.049,NA
81,88,count-odds,tourney,FALSE,20,elitize_generation_data,80,8,0.042,NA
82,88,count-odds,tourney,FALSE,20,elitize_generation_data,81,7,0.04,NA
83,88,count-odds,tourney,FALSE,20,elitize_generation_data,82,8,0.045,NA
84,88,count-odds,tourney,FALSE,20,elitize_generation_data,83,9,0.037,NA
85,88,count-odds,tourney,FALSE,20,elitize_generation_data,84,9,0.04,NA
86,88,count-odds,tourney,FALSE,20,elitize_generation_data,85,9,0.043,NA
87,88,count-odds,tourney,FALSE,20,elitize_generation_data,86,7,0.041,NA
88,88,count-odds,tourney,FALSE,20,elitize_generation_data,87,9,0.035,NA
89,88,count-odds,tourney,FALSE,20,elitize_generation_data,88,10,0.032,NA
90,88,count-odds,tourney,FALSE,20,elitize_generation_data,89,7,0.046,NA
91,88,count-odds,tourney,FALSE,20,elitize_generation_data,90,9,0.039,NA
92,88,count-odds,tourney,FALSE,20,elitize_generation_data,91,8,0.047,NA
93,88,count-odds,tourney,FALSE,20,elitize_generation_data,92,9,0.043,NA
94,88,count-odds,tourney,FALSE,20,elitize_generation_data,93,9,0.05,NA
95,88,count-odds,tourney,FALSE,20,elitize_generation_data,94,11,0.036,NA
96,88,count-odds,tourney,FALSE,20,elitize_generation_data,95,10,0.044,NA
97,88,count-odds,tourney,FALSE,20,elitize_generation_data,96,9,0.045,NA
98,88,count-odds,tourney,FALSE,20,elitize_generation_data,97,8,0.04,NA
99,88,count-odds,tourney,FALSE,20,elitize_generation_data,98,8,0.043,NA
100,88,count-odds,tourney,FALSE,20,elitize_generation_data,99,8,0.039,NA
101,88,count-odds,tourney,FALSE,20,elitize_generation_data,100,8,0.046,NA
102,88,count-odds,tourney,FALSE,20,elitize_generation_data,101,8,0.039,NA
103,88,count-odds,tourney,FALSE,20,elitize_generation_data,102,11,0.042,NA
104,88,count-odds,tourney,FALSE,20,elitize_generation_data,103,7,0.047,NA
105,88,count-odds,tourney,FALSE,20,elitize_generation_data,104,8,0.045,NA
106,88,count-odds,tourney,FALSE,20,elitize_generation_data,105,9,0.038,NA
107,88,count-odds,tourney,FALSE,20,elitize_generation_data,106,6,0.036,NA
108,88,count-odds,tourney,FALSE,20,elitize_generation_data,107,7,0.048,NA
109,88,count-odds,tourney,FALSE,20,elitize_generation_data,108,7,0.049,NA
110,88,count-odds,tourney,FALSE,20,elitize_generation_data,109,8,0.036,NA
111,88,count-odds,tourney,FALSE,20,elitize_generation_data,110,9,0.042,NA
112,88,count-odds,tourney,FALSE,20,elitize_generation_data,111,6,0.037,NA
113,88,count-odds,tourney,FALSE,20,elitize_generation_data,112,9,0.035,NA
114,88,count-odds,tourney,FALSE,20,elitize_generation_data,113,8,0.045,NA
115,88,count-odds,tourney,FALSE,20,elitize_generation_data,114,10,0.038,NA
116,88,count-odds,tourney,FALSE,20,elitize_generation_data,115,8,0.047,NA
117,88,count-odds,tourney,FALSE,20,elitize_generation_data,116,8,0.049,NA
118,88,count-odds,tourney,FALSE,20,elitize_generation_data,117,9,0.04,NA
119,88,count-odds,tourney,FALSE,20,elitize_generation_data,118,11,0.039,NA
120,88,count-odds,tourney,FALSE,20,elitize_generation_data,119,8,0.032,NA
121,88,count-odds,tourney,FALSE,20,elitize_generation_data,120,8,0.049,NA
122,88,count-odds,tourney,FALSE,20,elitize_generation_data,121,9,0.042,NA
123,88,count-odds,tourney,FALSE,20,elitize_generation_data,122,8,0.039,NA
124,88,count-odds,tourney,FALSE,20,elitize_generation_data,123,7,0.045,NA
125,88,count-odds,tourney,FALSE,20,elitize_generation_data,124,9,0.045,NA
126,88,count-odds,tourney,FALSE,20,elitize_generation_data,125,8,0.04,NA
127,88,count-odds,tourney,FALSE,20,elitize_generation_data,126,12,0.036,NA
128,88,count-odds,tourney,FALSE,20,elitize_generation_data,127,11,0.039,NA
129,88,count-odds,tourney,FALSE,20,elitize_generation_data,128,9,0.045,NA
130,88,count-odds,tourney,FALSE,20,elitize_generation_data,129,9,0.043,NA
131,88,count-odds,tourney,FALSE,20,elitize_generation_data,130,13,0.039,NA
132,88,count-odds,tourney,FALSE,20,elitize_generation_data,131,10,0.045,NA
133,88,count-odds,tourney,FALSE,20,elitize_generation_data,132,13,0.039,NA
134,88,count-odds,tourney,FALSE,20,elitize_generation_data,133,11,0.031,NA
135,88,count-odds,tourney,FALSE,20,elitize_generation_data,134,12,0.051,NA
136,88,count-odds,tourney,FALSE,20,elitize_generation_data,135,8,0.04,NA
137,88,count-odds,tourney,FALSE,20,elitize_generation_data,136,9,0.041,NA
138,88,count-odds,tourney,FALSE,20,elitize_generation_data,137,11,0.036,NA
139,88,count-odds,tourney,FALSE,20,elitize_generation_data,138,10,0.041,NA
140,88,count-odds,tourney,FALSE,20,elitize_generation_data,139,9,0.041,NA
141,88,count-odds,tourney,FALSE,20,elitize_generation_data,140,10,0.047,NA
142,88,count-odds,tourney,FALSE,20,elitize_generation_data,141,11,0.045,NA
143,88,count-odds,tourney,FALSE,20,elitize_generation_data,142,10,0.043,NA
144,88,count-odds,tourney,FALSE,20,elitize_generation_data,143,12,0.049,NA
145,88,count-odds,tourney,FALSE,20,elitize_generation_data,144,11,0.051,NA
146,88,count-odds,tourney,FALSE,20,elitize_generation_data,145,12,0.044,NA
147,88,count-odds,tourney,FALSE,20,elitize_generation_data,146,11,0.046,NA
148,88,count-odds,tourney,FALSE,20,elitize_generation_data,147,12,0.043,NA
149,88,count-odds,tourney,FALSE,20,elitize_generation_data,148,13,0.044,NA
150,88,count-odds,tourney,FALSE,20,elitize_generation_data,149,12,0.045,NA
151,88,count-odds,tourney,FALSE,20,elitize_generation_data,150,12,0.035,NA
152,88,count-odds,tourney,FALSE,20,elitize_generation_data,151,11,0.048,NA
153,88,count-odds,tourney,FALSE,20,elitize_generation_data,152,13,0.043,NA
154,88,count-odds,tourney,FALSE,20,elitize_generation_data,153,11,0.045,NA
155,88,count-odds,tourney,FALSE,20,elitize_generation_data,154,12,0.049,NA
156,88,count-odds,tourney,FALSE,20,elitize_generation_data,155,15,0.055,NA
157,88,count-odds,tourney,FALSE,20,elitize_generation_data,156,16,0.049,NA
158,88,count-odds,tourney,FALSE,20,elitize_generation_data,157,15,0.049,NA
159,88,count-odds,tourney,FALSE,20,elitize_generation_data,158,15,0.056,NA
160,88,count-odds,tourney,FALSE,20,elitize_generation_data,159,16,0.052,NA
161,88,count-odds,tourney,FALSE,20,elitize_generation_data,160,9,0.047,NA
162,88,count-odds,tourney,FALSE,20,elitize_generation_data,161,15,0.059,NA
163,88,count-odds,tourney,FALSE,20,elitize_generation_data,162,11,0.071,NA
164,88,count-odds,tourney,FALSE,20,elitize_generation_data,163,13,0.074,NA
165,88,count-odds,tourney,FALSE,20,elitize_generation_data,164,15,0.058,NA
166,88,count-odds,tourney,FALSE,20,elitize_generation_data,165,14,0.065,NA
167,88,count-odds,tourney,FALSE,20,elitize_generation_data,166,15,0.077,NA
168,88,count-odds,tourney,FALSE,20,elitize_generation_data,167,15,0.078,NA
169,88,count-odds,tourney,FALSE,20,elitize_generation_data,168,12,0.087,NA
170,88,count-odds,tourney,FALSE,20,elitize_generation_data,169,16,0.114,NA
171,88,count-odds,tourney,FALSE,20,elitize_generation_data,170,17,0.129,NA
172,88,count-odds,tourney,FALSE,20,elitize_generation_data,171,24,0.135,NA
173,88,count-odds,tourney,FALSE,20,elitize_generation_data,172,16,0.164,NA
174,88,count-odds,tourney,FALSE,20,elitize_generation_data,173,25,0.191,NA
175,88,count-odds,tourney,FALSE,20,elitize_generation_data,174,21,0.193,NA
176,88,count-odds,tourney,FALSE,20,elitize_generation_data,175,20,0.186,NA
177,88,count-odds,tourney,FALSE,20,elitize_generation_data,176,18,0.202,NA
178,88,count-odds,tourney,FALSE,20,elitize_generation_data,177,18,0.225,NA
179,88,count-odds,tourney,FALSE,20,elitize_generation_data,178,17,0.232,NA
180,88,count-odds,tourney,FALSE,20,elitize_generation_data,179,14,0.279,NA
181,88,count-odds,tourney,FALSE,20,elitize_generation_data,180,20,0.321,NA
182,88,count-odds,tourney,FALSE,20,elitize_generation_data,181,22,0.313,NA
183,88,count-odds,tourney,FALSE,20,elitize_generation_data,182,17,0.319,NA
184,88,count-odds,tourney,FALSE,20,elitize_generation_data,183,19,0.291,NA
185,88,count-odds,tourney,FALSE,20,elitize_generation_data,184,16,0.316,NA
186,88,count-odds,tourney,FALSE,20,elitize_generation_data,185,18,0.307,NA
187,88,count-odds,tourney,FALSE,20,elitize_generation_data,186,24,0.33,NA
188,88,count-odds,tourney,FALSE,20,elitize_generation_data,187,21,0.331,NA
189,88,count-odds,tourney,FALSE,20,elitize_generation_data,188,18,0.34,NA
190,88,count-odds,tourney,FALSE,20,elitize_generation_data,189,19,0.355,NA
191,88,count-odds,tourney,FALSE,20,elitize_generation_data,190,22,0.344,NA
192,88,count-odds,tourney,FALSE,20,elitize_generation_data,191,17,0.323,NA
193,88,count-odds,tourney,FALSE,20,elitize_generation_data,192,19,0.31,NA
194,88,count-odds,tourney,FALSE,20,elitize_generation_data,193,20,0.334,NA
195,88,count-odds,tourney,FALSE,20,elitize_generation_data,194,19,0.308,NA
196,88,count-odds,tourney,FALSE,20,elitize_generation_data,195,23,0.308,NA
197,88,count-odds,tourney,FALSE,20,elitize_generation_data,196,24,0.338,NA
198,88,count-odds,tourney,FALSE,20,elitize_generation_data,197,18,0.336,NA
199,88,count-odds,tourney,FALSE,20,elitize_generation_data,198,20,0.324,NA
200,88,count-odds,tourney,FALSE,20,elitize_generation_data,199,19,0.302,NA
201,88,count-odds,tourney,FALSE,20,elitize_generation_data,200,21,0.32,NA
202,88,count-odds,tourney,FALSE,20,elitize_generation_data,201,18,0.307,NA
203,88,count-odds,tourney,FALSE,20,elitize_generation_data,202,22,0.356,NA
204,88,count-odds,tourney,FALSE,20,elitize_generation_data,203,22,0.333,NA
205,88,count-odds,tourney,FALSE,20,elitize_generation_data,204,23,0.314,NA
206,88,count-odds,tourney,FALSE,20,elitize_generation_data,205,21,0.337,NA
207,88,count-odds,tourney,FALSE,20,elitize_generation_data,206,17,0.325,NA
208,88,count-odds,tourney,FALSE,20,elitize_generation_data,207,20,0.314,NA
209,88,count-odds,tourney,FALSE,20,elitize_generation_data,208,21,0.336,NA
210,88,count-odds,tourney,FALSE,20,elitize_generation_data,209,19,0.368,NA
211,88,count-odds,tourney,FALSE,20,elitize_generation_data,210,23,0.351,NA
212,88,count-odds,tourney,FALSE,20,elitize_generation_data,211,17,0.35,NA
213,88,count-odds,tourney,FALSE,20,elitize_generation_data,212,22,0.365,NA
214,88,count-odds,tourney,FALSE,20,elitize_generation_data,213,16,0.341,NA
215,88,count-odds,tourney,FALSE,20,elitize_generation_data,214,18,0.342,NA
216,88,count-odds,tourney,FALSE,20,elitize_generation_data,215,14,0.376,NA
217,88,count-odds,tourney,FALSE,20,elitize_generation_data,216,16,0.35,NA
218,88,count-odds,tourney,FALSE,20,elitize_generation_data,217,18,0.333,NA
219,88,count-odds,tourney,FALSE,20,elitize_generation_data,218,14,0.371,NA
220,88,count-odds,tourney,FALSE,20,elitize_generation_data,219,18,0.383,NA
221,88,count-odds,tourney,FALSE,20,elitize_generation_data,220,20,0.367,NA
222,88,count-odds,tourney,FALSE,20,elitize_generation_data,221,16,0.381,NA
223,88,count-odds,tourney,FALSE,20,elitize_generation_data,222,16,0.391,NA
224,88,count-odds,tourney,FALSE,20,elitize_generation_data,223,19,0.399,NA
225,88,count-odds,tourney,FALSE,20,elitize_generation_data,224,14,0.402,NA
226,88,count-odds,tourney,FALSE,20,elitize_generation_data,225,14,0.363,NA
227,88,count-odds,tourney,FALSE,20,elitize_generation_data,226,17,0.296,NA
228,88,count-odds,tourney,FALSE,20,elitize_generation_data,227,16,0.271,NA
229,88,count-odds,tourney,FALSE,20,elitize_generation_data,228,16,0.261,NA
230,88,count-odds,tourney,FALSE,20,elitize_generation_data,229,20,0.319,NA
231,88,count-odds,tourney,FALSE,20,elitize_generation_data,230,17,0.373,NA
232,88,count-odds,tourney,FALSE,20,elitize_generation_data,231,24,0.424,NA
233,88,count-odds,tourney,FALSE,20,elitize_generation_data,232,22,0.456,NA
234,88,count-odds,tourney,FALSE,20,elitize_generation_data,233,21,0.485,NA
235,88,count-odds,tourney,FALSE,20,elitize_generation_data,234,29,0.498,NA
236,88,count-odds,tourney,FALSE,20,elitize_generation_data,235,25,0.529,NA
237,88,count-odds,tourney,FALSE,20,elitize_generation_data,236,25,0.497,NA
238,88,count-odds,tourney,FALSE,20,elitize_generation_data,237,29,0.5,NA
239,88,count-odds,tourney,FALSE,20,elitize_generation_data,238,29,0.509,NA
240,88,count-odds,tourney,FALSE,20,elitize_generation_data,239,28,0.501,NA
241,88,count-odds,tourney,FALSE,20,elitize_generation_data,240,28,0.524,NA
242,88,count-odds,tourney,FALSE,20,elitize_generation_data,241,27,0.507,NA
243,88,count-odds,tourney,FALSE,20,elitize_generation_data,242,36,0.532,NA
244,88,count-odds,tourney,FALSE,20,elitize_generation_data,243,24,0.523,NA
245,88,count-odds,tourney,FALSE,20,elitize_generation_data,244,27,0.52,NA
246,88,count-odds,tourney,FALSE,20,elitize_generation_data,245,28,0.479,NA
247,88,count-odds,tourney,FALSE,20,elitize_generation_data,246,28,0.477,NA
248,88,count-odds,tourney,FALSE,20,elitize_generation_data,247,29,0.46,NA
249,88,count-odds,tourney,FALSE,20,elitize_generation_data,248,30,0.48,NA
250,88,count-odds,tourney,FALSE,20,elitize_generation_data,249,23,0.491,NA
251,88,count-odds,tourney,FALSE,20,elitize_generation_data,250,23,0.473,NA
252,88,count-odds,tourney,FALSE,20,elitize_generation_data,251,20,0.485,NA
253,88,count-odds,tourney,FALSE,20,elitize_generation_data,252,26,0.547,NA
254,88,count-odds,tourney,FALSE,20,elitize_generation_data,253,24,0.485,NA
255,88,count-odds,tourney,FALSE,20,elitize_generation_data,254,28,0.48,NA
256,88,count-odds,tourney,FALSE,20,elitize_generation_data,255,31,0.488,NA
257,88,count-odds,tourney,FALSE,20,elitize_generation_data,256,23,0.524,NA
258,88,count-odds,tourney,FALSE,20,elitize_generation_data,257,28,0.492,NA
259,88,count-odds,tourney,FALSE,20,elitize_generation_data,258,26,0.5,NA
260,88,count-odds,tourney,FALSE,20,elitize_generation_data,259,26,0.525,NA
261,88,count-odds,tourney,FALSE,20,elitize_generation_data,260,30,0.503,NA
262,88,count-odds,tourney,FALSE,20,elitize_generation_data,261,27,0.489,NA
263,88,count-odds,tourney,FALSE,20,elitize_generation_data,262,26,0.483,NA
264,88,count-odds,tourney,FALSE,20,elitize_generation_data,263,33,0.508,NA
265,88,count-odds,tourney,FALSE,20,elitize_generation_data,264,32,0.52,NA
266,88,count-odds,tourney,FALSE,20,elitize_generation_data,265,28,0.495,NA
267,88,count-odds,tourney,FALSE,20,elitize_generation_data,266,31,0.563,NA
268,88,count-odds,tourney,FALSE,20,elitize_generation_data,267,19,0.533,NA
269,88,count-odds,tourney,FALSE,20,elitize_generation_data,268,21,0.516,NA
270,88,count-odds,tourney,FALSE,20,elitize_generation_data,269,31,0.517,NA
271,88,count-odds,tourney,FALSE,20,elitize_generation_data,270,23,0.531,NA
272,88,count-odds,tourney,FALSE,20,elitize_generation_data,271,25,0.514,NA
273,88,count-odds,tourney,FALSE,20,elitize_generation_data,272,33,0.565,NA
274,88,count-odds,tourney,FALSE,20,elitize_generation_data,273,35,0.546,NA
275,88,count-odds,tourney,FALSE,20,elitize_generation_data,274,25,0.515,NA
276,88,count-odds,tourney,FALSE,20,elitize_generation_data,275,30,0.528,NA
277,88,count-odds,tourney,FALSE,20,elitize_generation_data,276,24,0.555,NA
278,88,count-odds,tourney,FALSE,20,elitize_generation_data,277,30,0.514,NA
279,88,count-odds,tourney,FALSE,20,elitize_generation_data,278,33,0.525,NA
280,88,count-odds,tourney,FALSE,20,elitize_generation_data,279,29,0.496,NA
281,88,count-odds,tourney,FALSE,20,elitize_generation_data,280,28,0.502,NA
282,88,count-odds,tourney,FALSE,20,elitize_generation_data,281,28,0.521,NA
283,88,count-odds,tourney,FALSE,20,elitize_generation_data,282,30,0.49,NA
284,88,count-odds,tourney,FALSE,20,elitize_generation_data,283,26,0.535,NA
285,88,count-odds,tourney,FALSE,20,elitize_generation_data,284,28,0.546,NA
286,88,count-odds,tourney,FALSE,20,elitize_generation_data,285,29,0.566,NA
287,88,count-odds,tourney,FALSE,20,elitize_generation_data,286,25,0.582,NA
288,88,count-odds,tourney,FALSE,20,elitize_generation_data,287,24,0.561,NA
289,88,count-odds,tourney,FALSE,20,elitize_generation_data,288,23,0.551,NA
290,88,count-odds,tourney,FALSE,20,elitize_generation_data,289,26,0.529,NA
291,88,count-odds,tourney,FALSE,20,elitize_generation_data,290,25,0.523,NA
292,88,count-odds,tourney,FALSE,20,elitize_generation_data,291,28,0.527,NA
293,88,count-odds,tourney,FALSE,20,elitize_generation_data,292,21,0.51,NA
294,88,count-odds,tourney,FALSE,20,elitize_generation_data,293,20,0.496,NA
295,88,count-odds,tourney,FALSE,20,elitize_generation_data,294,30,0.47,NA
296,88,count-odds,tourney,FALSE,20,elitize_generation_data,295,28,0.479,NA
297,88,count-odds,tourney,FALSE,20,elitize_generation_data,296,27,0.495,NA
298,88,count-odds,tourney,FALSE,20,elitize_generation_data,297,28,0.51,NA
299,88,count-odds,tourney,FALSE,20,elitize_generation_data,298,25,0.482,NA
300,88,count-odds,tourney,FALSE,20,elitize_generation_data,299,29,0.537,NA
301,88,count-odds,tourney,FALSE,20,elitize_generation_data,300,31,0.516,NA
