,run.num,problem,treatment,succeeded,height,normalization.function,generation,cluster.count,error.diversity,success.generation
1,55,count-odds,tourney,FALSE,20,elitize_generation_data,0,5,0.148,NA
2,55,count-odds,tourney,FALSE,20,elitize_generation_data,1,6,0.09,NA
3,55,count-odds,tourney,FALSE,20,elitize_generation_data,2,6,0.045,NA
4,55,count-odds,tourney,FALSE,20,elitize_generation_data,3,8,0.035,NA
5,55,count-odds,tourney,FALSE,20,elitize_generation_data,4,8,0.03,NA
6,55,count-odds,tourney,FALSE,20,elitize_generation_data,5,8,0.03,NA
7,55,count-odds,tourney,FALSE,20,elitize_generation_data,6,8,0.031,NA
8,55,count-odds,tourney,FALSE,20,elitize_generation_data,7,8,0.036,NA
9,55,count-odds,tourney,FALSE,20,elitize_generation_data,8,9,0.039,NA
10,55,count-odds,tourney,FALSE,20,elitize_generation_data,9,9,0.035,NA
11,55,count-odds,tourney,FALSE,20,elitize_generation_data,10,9,0.055,NA
12,55,count-odds,tourney,FALSE,20,elitize_generation_data,11,9,0.103,NA
13,55,count-odds,tourney,FALSE,20,elitize_generation_data,12,8,0.127,NA
14,55,count-odds,tourney,FALSE,20,elitize_generation_data,13,7,0.142,NA
15,55,count-odds,tourney,FALSE,20,elitize_generation_data,14,9,0.151,NA
16,55,count-odds,tourney,FALSE,20,elitize_generation_data,15,11,0.144,NA
17,55,count-odds,tourney,FALSE,20,elitize_generation_data,16,9,0.149,NA
18,55,count-odds,tourney,FALSE,20,elitize_generation_data,17,7,0.15,NA
19,55,count-odds,tourney,FALSE,20,elitize_generation_data,18,9,0.159,NA
20,55,count-odds,tourney,FALSE,20,elitize_generation_data,19,9,0.191,NA
21,55,count-odds,tourney,FALSE,20,elitize_generation_data,20,8,0.221,NA
22,55,count-odds,tourney,FALSE,20,elitize_generation_data,21,12,0.184,NA
23,55,count-odds,tourney,FALSE,20,elitize_generation_data,22,10,0.203,NA
24,55,count-odds,tourney,FALSE,20,elitize_generation_data,23,16,0.268,NA
25,55,count-odds,tourney,FALSE,20,elitize_generation_data,24,13,0.293,NA
26,55,count-odds,tourney,FALSE,20,elitize_generation_data,25,14,0.269,NA
27,55,count-odds,tourney,FALSE,20,elitize_generation_data,26,14,0.274,NA
28,55,count-odds,tourney,FALSE,20,elitize_generation_data,27,12,0.238,NA
29,55,count-odds,tourney,FALSE,20,elitize_generation_data,28,10,0.212,NA
30,55,count-odds,tourney,FALSE,20,elitize_generation_data,29,11,0.227,NA
31,55,count-odds,tourney,FALSE,20,elitize_generation_data,30,12,0.298,NA
32,55,count-odds,tourney,FALSE,20,elitize_generation_data,31,17,0.306,NA
33,55,count-odds,tourney,FALSE,20,elitize_generation_data,32,12,0.319,NA
34,55,count-odds,tourney,FALSE,20,elitize_generation_data,33,19,0.255,NA
35,55,count-odds,tourney,FALSE,20,elitize_generation_data,34,19,0.272,NA
36,55,count-odds,tourney,FALSE,20,elitize_generation_data,35,20,0.257,NA
37,55,count-odds,tourney,FALSE,20,elitize_generation_data,36,18,0.281,NA
38,55,count-odds,tourney,FALSE,20,elitize_generation_data,37,20,0.277,NA
39,55,count-odds,tourney,FALSE,20,elitize_generation_data,38,15,0.27,NA
40,55,count-odds,tourney,FALSE,20,elitize_generation_data,39,21,0.286,NA
41,55,count-odds,tourney,FALSE,20,elitize_generation_data,40,19,0.385,NA
42,55,count-odds,tourney,FALSE,20,elitize_generation_data,41,21,0.448,NA
43,55,count-odds,tourney,FALSE,20,elitize_generation_data,42,20,0.508,NA
44,55,count-odds,tourney,FALSE,20,elitize_generation_data,43,16,0.541,NA
45,55,count-odds,tourney,FALSE,20,elitize_generation_data,44,17,0.585,NA
46,55,count-odds,tourney,FALSE,20,elitize_generation_data,45,20,0.549,NA
47,55,count-odds,tourney,FALSE,20,elitize_generation_data,46,19,0.567,NA
48,55,count-odds,tourney,FALSE,20,elitize_generation_data,47,16,0.567,NA
49,55,count-odds,tourney,FALSE,20,elitize_generation_data,48,16,0.55,NA
50,55,count-odds,tourney,FALSE,20,elitize_generation_data,49,16,0.53,NA
51,55,count-odds,tourney,FALSE,20,elitize_generation_data,50,14,0.541,NA
52,55,count-odds,tourney,FALSE,20,elitize_generation_data,51,15,0.568,NA
53,55,count-odds,tourney,FALSE,20,elitize_generation_data,52,17,0.557,NA
54,55,count-odds,tourney,FALSE,20,elitize_generation_data,53,21,0.552,NA
55,55,count-odds,tourney,FALSE,20,elitize_generation_data,54,14,0.538,NA
56,55,count-odds,tourney,FALSE,20,elitize_generation_data,55,16,0.562,NA
57,55,count-odds,tourney,FALSE,20,elitize_generation_data,56,16,0.562,NA
58,55,count-odds,tourney,FALSE,20,elitize_generation_data,57,13,0.567,NA
59,55,count-odds,tourney,FALSE,20,elitize_generation_data,58,21,0.572,NA
60,55,count-odds,tourney,FALSE,20,elitize_generation_data,59,17,0.58,NA
61,55,count-odds,tourney,FALSE,20,elitize_generation_data,60,19,0.609,NA
62,55,count-odds,tourney,FALSE,20,elitize_generation_data,61,14,0.576,NA
63,55,count-odds,tourney,FALSE,20,elitize_generation_data,62,14,0.594,NA
64,55,count-odds,tourney,FALSE,20,elitize_generation_data,63,15,0.604,NA
65,55,count-odds,tourney,FALSE,20,elitize_generation_data,64,18,0.644,NA
66,55,count-odds,tourney,FALSE,20,elitize_generation_data,65,17,0.62,NA
67,55,count-odds,tourney,FALSE,20,elitize_generation_data,66,14,0.63,NA
68,55,count-odds,tourney,FALSE,20,elitize_generation_data,67,13,0.597,NA
69,55,count-odds,tourney,FALSE,20,elitize_generation_data,68,16,0.624,NA
70,55,count-odds,tourney,FALSE,20,elitize_generation_data,69,16,0.655,NA
71,55,count-odds,tourney,FALSE,20,elitize_generation_data,70,17,0.632,NA
72,55,count-odds,tourney,FALSE,20,elitize_generation_data,71,19,0.656,NA
73,55,count-odds,tourney,FALSE,20,elitize_generation_data,72,16,0.61,NA
74,55,count-odds,tourney,FALSE,20,elitize_generation_data,73,18,0.652,NA
75,55,count-odds,tourney,FALSE,20,elitize_generation_data,74,17,0.659,NA
76,55,count-odds,tourney,FALSE,20,elitize_generation_data,75,16,0.641,NA
77,55,count-odds,tourney,FALSE,20,elitize_generation_data,76,18,0.652,NA
78,55,count-odds,tourney,FALSE,20,elitize_generation_data,77,16,0.632,NA
79,55,count-odds,tourney,FALSE,20,elitize_generation_data,78,17,0.6,NA
80,55,count-odds,tourney,FALSE,20,elitize_generation_data,79,18,0.602,NA
81,55,count-odds,tourney,FALSE,20,elitize_generation_data,80,18,0.629,NA
82,55,count-odds,tourney,FALSE,20,elitize_generation_data,81,16,0.616,NA
83,55,count-odds,tourney,FALSE,20,elitize_generation_data,82,16,0.602,NA
84,55,count-odds,tourney,FALSE,20,elitize_generation_data,83,19,0.613,NA
85,55,count-odds,tourney,FALSE,20,elitize_generation_data,84,16,0.605,NA
86,55,count-odds,tourney,FALSE,20,elitize_generation_data,85,18,0.64,NA
87,55,count-odds,tourney,FALSE,20,elitize_generation_data,86,15,0.605,NA
88,55,count-odds,tourney,FALSE,20,elitize_generation_data,87,19,0.595,NA
89,55,count-odds,tourney,FALSE,20,elitize_generation_data,88,17,0.585,NA
90,55,count-odds,tourney,FALSE,20,elitize_generation_data,89,20,0.565,NA
91,55,count-odds,tourney,FALSE,20,elitize_generation_data,90,18,0.587,NA
92,55,count-odds,tourney,FALSE,20,elitize_generation_data,91,19,0.59,NA
93,55,count-odds,tourney,FALSE,20,elitize_generation_data,92,16,0.594,NA
94,55,count-odds,tourney,FALSE,20,elitize_generation_data,93,21,0.596,NA
95,55,count-odds,tourney,FALSE,20,elitize_generation_data,94,18,0.579,NA
96,55,count-odds,tourney,FALSE,20,elitize_generation_data,95,18,0.578,NA
97,55,count-odds,tourney,FALSE,20,elitize_generation_data,96,20,0.575,NA
98,55,count-odds,tourney,FALSE,20,elitize_generation_data,97,19,0.589,NA
99,55,count-odds,tourney,FALSE,20,elitize_generation_data,98,17,0.584,NA
100,55,count-odds,tourney,FALSE,20,elitize_generation_data,99,20,0.589,NA
101,55,count-odds,tourney,FALSE,20,elitize_generation_data,100,18,0.615,NA
102,55,count-odds,tourney,FALSE,20,elitize_generation_data,101,19,0.61,NA
103,55,count-odds,tourney,FALSE,20,elitize_generation_data,102,17,0.6,NA
104,55,count-odds,tourney,FALSE,20,elitize_generation_data,103,20,0.606,NA
105,55,count-odds,tourney,FALSE,20,elitize_generation_data,104,23,0.618,NA
106,55,count-odds,tourney,FALSE,20,elitize_generation_data,105,18,0.58,NA
107,55,count-odds,tourney,FALSE,20,elitize_generation_data,106,20,0.585,NA
108,55,count-odds,tourney,FALSE,20,elitize_generation_data,107,17,0.595,NA
109,55,count-odds,tourney,FALSE,20,elitize_generation_data,108,22,0.614,NA
110,55,count-odds,tourney,FALSE,20,elitize_generation_data,109,18,0.628,NA
111,55,count-odds,tourney,FALSE,20,elitize_generation_data,110,17,0.646,NA
112,55,count-odds,tourney,FALSE,20,elitize_generation_data,111,19,0.632,NA
113,55,count-odds,tourney,FALSE,20,elitize_generation_data,112,19,0.639,NA
114,55,count-odds,tourney,FALSE,20,elitize_generation_data,113,22,0.654,NA
115,55,count-odds,tourney,FALSE,20,elitize_generation_data,114,17,0.626,NA
116,55,count-odds,tourney,FALSE,20,elitize_generation_data,115,22,0.661,NA
117,55,count-odds,tourney,FALSE,20,elitize_generation_data,116,19,0.662,NA
118,55,count-odds,tourney,FALSE,20,elitize_generation_data,117,16,0.664,NA
119,55,count-odds,tourney,FALSE,20,elitize_generation_data,118,19,0.681,NA
120,55,count-odds,tourney,FALSE,20,elitize_generation_data,119,19,0.672,NA
121,55,count-odds,tourney,FALSE,20,elitize_generation_data,120,18,0.65,NA
122,55,count-odds,tourney,FALSE,20,elitize_generation_data,121,21,0.684,NA
123,55,count-odds,tourney,FALSE,20,elitize_generation_data,122,18,0.696,NA
124,55,count-odds,tourney,FALSE,20,elitize_generation_data,123,20,0.701,NA
125,55,count-odds,tourney,FALSE,20,elitize_generation_data,124,20,0.699,NA
126,55,count-odds,tourney,FALSE,20,elitize_generation_data,125,18,0.696,NA
127,55,count-odds,tourney,FALSE,20,elitize_generation_data,126,22,0.691,NA
128,55,count-odds,tourney,FALSE,20,elitize_generation_data,127,20,0.653,NA
129,55,count-odds,tourney,FALSE,20,elitize_generation_data,128,18,0.653,NA
130,55,count-odds,tourney,FALSE,20,elitize_generation_data,129,22,0.655,NA
131,55,count-odds,tourney,FALSE,20,elitize_generation_data,130,22,0.637,NA
132,55,count-odds,tourney,FALSE,20,elitize_generation_data,131,21,0.666,NA
133,55,count-odds,tourney,FALSE,20,elitize_generation_data,132,23,0.662,NA
134,55,count-odds,tourney,FALSE,20,elitize_generation_data,133,20,0.691,NA
135,55,count-odds,tourney,FALSE,20,elitize_generation_data,134,23,0.69,NA
136,55,count-odds,tourney,FALSE,20,elitize_generation_data,135,21,0.676,NA
137,55,count-odds,tourney,FALSE,20,elitize_generation_data,136,23,0.698,NA
138,55,count-odds,tourney,FALSE,20,elitize_generation_data,137,18,0.708,NA
139,55,count-odds,tourney,FALSE,20,elitize_generation_data,138,19,0.718,NA
140,55,count-odds,tourney,FALSE,20,elitize_generation_data,139,20,0.689,NA
141,55,count-odds,tourney,FALSE,20,elitize_generation_data,140,24,0.691,NA
142,55,count-odds,tourney,FALSE,20,elitize_generation_data,141,21,0.685,NA
143,55,count-odds,tourney,FALSE,20,elitize_generation_data,142,17,0.691,NA
144,55,count-odds,tourney,FALSE,20,elitize_generation_data,143,17,0.669,NA
145,55,count-odds,tourney,FALSE,20,elitize_generation_data,144,18,0.705,NA
146,55,count-odds,tourney,FALSE,20,elitize_generation_data,145,20,0.697,NA
147,55,count-odds,tourney,FALSE,20,elitize_generation_data,146,17,0.698,NA
148,55,count-odds,tourney,FALSE,20,elitize_generation_data,147,17,0.687,NA
149,55,count-odds,tourney,FALSE,20,elitize_generation_data,148,23,0.699,NA
150,55,count-odds,tourney,FALSE,20,elitize_generation_data,149,19,0.719,NA
151,55,count-odds,tourney,FALSE,20,elitize_generation_data,150,18,0.736,NA
152,55,count-odds,tourney,FALSE,20,elitize_generation_data,151,21,0.712,NA
153,55,count-odds,tourney,FALSE,20,elitize_generation_data,152,15,0.721,NA
154,55,count-odds,tourney,FALSE,20,elitize_generation_data,153,24,0.736,NA
155,55,count-odds,tourney,FALSE,20,elitize_generation_data,154,18,0.719,NA
156,55,count-odds,tourney,FALSE,20,elitize_generation_data,155,18,0.709,NA
157,55,count-odds,tourney,FALSE,20,elitize_generation_data,156,17,0.708,NA
158,55,count-odds,tourney,FALSE,20,elitize_generation_data,157,19,0.71,NA
159,55,count-odds,tourney,FALSE,20,elitize_generation_data,158,22,0.718,NA
160,55,count-odds,tourney,FALSE,20,elitize_generation_data,159,23,0.721,NA
161,55,count-odds,tourney,FALSE,20,elitize_generation_data,160,19,0.692,NA
162,55,count-odds,tourney,FALSE,20,elitize_generation_data,161,21,0.699,NA
163,55,count-odds,tourney,FALSE,20,elitize_generation_data,162,22,0.692,NA
164,55,count-odds,tourney,FALSE,20,elitize_generation_data,163,15,0.705,NA
165,55,count-odds,tourney,FALSE,20,elitize_generation_data,164,19,0.69,NA
166,55,count-odds,tourney,FALSE,20,elitize_generation_data,165,21,0.676,NA
167,55,count-odds,tourney,FALSE,20,elitize_generation_data,166,19,0.682,NA
168,55,count-odds,tourney,FALSE,20,elitize_generation_data,167,15,0.671,NA
169,55,count-odds,tourney,FALSE,20,elitize_generation_data,168,20,0.673,NA
170,55,count-odds,tourney,FALSE,20,elitize_generation_data,169,19,0.679,NA
171,55,count-odds,tourney,FALSE,20,elitize_generation_data,170,16,0.693,NA
172,55,count-odds,tourney,FALSE,20,elitize_generation_data,171,15,0.693,NA
173,55,count-odds,tourney,FALSE,20,elitize_generation_data,172,20,0.696,NA
174,55,count-odds,tourney,FALSE,20,elitize_generation_data,173,19,0.677,NA
175,55,count-odds,tourney,FALSE,20,elitize_generation_data,174,16,0.688,NA
176,55,count-odds,tourney,FALSE,20,elitize_generation_data,175,19,0.687,NA
177,55,count-odds,tourney,FALSE,20,elitize_generation_data,176,14,0.684,NA
178,55,count-odds,tourney,FALSE,20,elitize_generation_data,177,14,0.694,NA
179,55,count-odds,tourney,FALSE,20,elitize_generation_data,178,13,0.675,NA
180,55,count-odds,tourney,FALSE,20,elitize_generation_data,179,23,0.667,NA
181,55,count-odds,tourney,FALSE,20,elitize_generation_data,180,16,0.684,NA
182,55,count-odds,tourney,FALSE,20,elitize_generation_data,181,14,0.683,NA
183,55,count-odds,tourney,FALSE,20,elitize_generation_data,182,17,0.686,NA
184,55,count-odds,tourney,FALSE,20,elitize_generation_data,183,15,0.695,NA
185,55,count-odds,tourney,FALSE,20,elitize_generation_data,184,22,0.662,NA
186,55,count-odds,tourney,FALSE,20,elitize_generation_data,185,15,0.66,NA
187,55,count-odds,tourney,FALSE,20,elitize_generation_data,186,14,0.663,NA
188,55,count-odds,tourney,FALSE,20,elitize_generation_data,187,15,0.657,NA
189,55,count-odds,tourney,FALSE,20,elitize_generation_data,188,16,0.692,NA
190,55,count-odds,tourney,FALSE,20,elitize_generation_data,189,20,0.666,NA
191,55,count-odds,tourney,FALSE,20,elitize_generation_data,190,20,0.692,NA
192,55,count-odds,tourney,FALSE,20,elitize_generation_data,191,18,0.679,NA
193,55,count-odds,tourney,FALSE,20,elitize_generation_data,192,17,0.657,NA
194,55,count-odds,tourney,FALSE,20,elitize_generation_data,193,18,0.677,NA
195,55,count-odds,tourney,FALSE,20,elitize_generation_data,194,16,0.685,NA
196,55,count-odds,tourney,FALSE,20,elitize_generation_data,195,19,0.682,NA
197,55,count-odds,tourney,FALSE,20,elitize_generation_data,196,15,0.688,NA
198,55,count-odds,tourney,FALSE,20,elitize_generation_data,197,16,0.645,NA
199,55,count-odds,tourney,FALSE,20,elitize_generation_data,198,15,0.649,NA
200,55,count-odds,tourney,FALSE,20,elitize_generation_data,199,20,0.656,NA
201,55,count-odds,tourney,FALSE,20,elitize_generation_data,200,19,0.68,NA
202,55,count-odds,tourney,FALSE,20,elitize_generation_data,201,19,0.66,NA
203,55,count-odds,tourney,FALSE,20,elitize_generation_data,202,17,0.674,NA
204,55,count-odds,tourney,FALSE,20,elitize_generation_data,203,17,0.702,NA
205,55,count-odds,tourney,FALSE,20,elitize_generation_data,204,16,0.682,NA
206,55,count-odds,tourney,FALSE,20,elitize_generation_data,205,16,0.677,NA
207,55,count-odds,tourney,FALSE,20,elitize_generation_data,206,18,0.673,NA
208,55,count-odds,tourney,FALSE,20,elitize_generation_data,207,19,0.678,NA
209,55,count-odds,tourney,FALSE,20,elitize_generation_data,208,17,0.655,NA
210,55,count-odds,tourney,FALSE,20,elitize_generation_data,209,19,0.648,NA
211,55,count-odds,tourney,FALSE,20,elitize_generation_data,210,14,0.664,NA
212,55,count-odds,tourney,FALSE,20,elitize_generation_data,211,20,0.686,NA
213,55,count-odds,tourney,FALSE,20,elitize_generation_data,212,21,0.671,NA
214,55,count-odds,tourney,FALSE,20,elitize_generation_data,213,19,0.666,NA
215,55,count-odds,tourney,FALSE,20,elitize_generation_data,214,21,0.686,NA
216,55,count-odds,tourney,FALSE,20,elitize_generation_data,215,15,0.69,NA
217,55,count-odds,tourney,FALSE,20,elitize_generation_data,216,21,0.695,NA
218,55,count-odds,tourney,FALSE,20,elitize_generation_data,217,16,0.675,NA
219,55,count-odds,tourney,FALSE,20,elitize_generation_data,218,16,0.672,NA
220,55,count-odds,tourney,FALSE,20,elitize_generation_data,219,20,0.676,NA
221,55,count-odds,tourney,FALSE,20,elitize_generation_data,220,20,0.679,NA
222,55,count-odds,tourney,FALSE,20,elitize_generation_data,221,20,0.692,NA
223,55,count-odds,tourney,FALSE,20,elitize_generation_data,222,15,0.685,NA
224,55,count-odds,tourney,FALSE,20,elitize_generation_data,223,16,0.66,NA
225,55,count-odds,tourney,FALSE,20,elitize_generation_data,224,17,0.685,NA
226,55,count-odds,tourney,FALSE,20,elitize_generation_data,225,21,0.671,NA
227,55,count-odds,tourney,FALSE,20,elitize_generation_data,226,18,0.679,NA
228,55,count-odds,tourney,FALSE,20,elitize_generation_data,227,19,0.704,NA
229,55,count-odds,tourney,FALSE,20,elitize_generation_data,228,19,0.709,NA
230,55,count-odds,tourney,FALSE,20,elitize_generation_data,229,15,0.696,NA
231,55,count-odds,tourney,FALSE,20,elitize_generation_data,230,19,0.656,NA
232,55,count-odds,tourney,FALSE,20,elitize_generation_data,231,17,0.702,NA
233,55,count-odds,tourney,FALSE,20,elitize_generation_data,232,19,0.69,NA
234,55,count-odds,tourney,FALSE,20,elitize_generation_data,233,14,0.713,NA
235,55,count-odds,tourney,FALSE,20,elitize_generation_data,234,14,0.716,NA
236,55,count-odds,tourney,FALSE,20,elitize_generation_data,235,19,0.71,NA
237,55,count-odds,tourney,FALSE,20,elitize_generation_data,236,16,0.677,NA
238,55,count-odds,tourney,FALSE,20,elitize_generation_data,237,19,0.685,NA
239,55,count-odds,tourney,FALSE,20,elitize_generation_data,238,16,0.701,NA
240,55,count-odds,tourney,FALSE,20,elitize_generation_data,239,16,0.681,NA
241,55,count-odds,tourney,FALSE,20,elitize_generation_data,240,20,0.707,NA
242,55,count-odds,tourney,FALSE,20,elitize_generation_data,241,19,0.672,NA
243,55,count-odds,tourney,FALSE,20,elitize_generation_data,242,18,0.699,NA
244,55,count-odds,tourney,FALSE,20,elitize_generation_data,243,20,0.683,NA
245,55,count-odds,tourney,FALSE,20,elitize_generation_data,244,17,0.677,NA
246,55,count-odds,tourney,FALSE,20,elitize_generation_data,245,17,0.694,NA
247,55,count-odds,tourney,FALSE,20,elitize_generation_data,246,20,0.721,NA
248,55,count-odds,tourney,FALSE,20,elitize_generation_data,247,16,0.678,NA
249,55,count-odds,tourney,FALSE,20,elitize_generation_data,248,20,0.702,NA
250,55,count-odds,tourney,FALSE,20,elitize_generation_data,249,19,0.699,NA
251,55,count-odds,tourney,FALSE,20,elitize_generation_data,250,14,0.674,NA
252,55,count-odds,tourney,FALSE,20,elitize_generation_data,251,21,0.697,NA
253,55,count-odds,tourney,FALSE,20,elitize_generation_data,252,19,0.706,NA
254,55,count-odds,tourney,FALSE,20,elitize_generation_data,253,17,0.684,NA
255,55,count-odds,tourney,FALSE,20,elitize_generation_data,254,14,0.708,NA
256,55,count-odds,tourney,FALSE,20,elitize_generation_data,255,14,0.689,NA
257,55,count-odds,tourney,FALSE,20,elitize_generation_data,256,19,0.702,NA
258,55,count-odds,tourney,FALSE,20,elitize_generation_data,257,17,0.708,NA
259,55,count-odds,tourney,FALSE,20,elitize_generation_data,258,17,0.705,NA
260,55,count-odds,tourney,FALSE,20,elitize_generation_data,259,13,0.672,NA
261,55,count-odds,tourney,FALSE,20,elitize_generation_data,260,13,0.687,NA
262,55,count-odds,tourney,FALSE,20,elitize_generation_data,261,12,0.698,NA
263,55,count-odds,tourney,FALSE,20,elitize_generation_data,262,20,0.681,NA
264,55,count-odds,tourney,FALSE,20,elitize_generation_data,263,17,0.698,NA
265,55,count-odds,tourney,FALSE,20,elitize_generation_data,264,19,0.696,NA
266,55,count-odds,tourney,FALSE,20,elitize_generation_data,265,13,0.698,NA
267,55,count-odds,tourney,FALSE,20,elitize_generation_data,266,19,0.71,NA
268,55,count-odds,tourney,FALSE,20,elitize_generation_data,267,17,0.68,NA
269,55,count-odds,tourney,FALSE,20,elitize_generation_data,268,18,0.707,NA
270,55,count-odds,tourney,FALSE,20,elitize_generation_data,269,19,0.705,NA
271,55,count-odds,tourney,FALSE,20,elitize_generation_data,270,17,0.738,NA
272,55,count-odds,tourney,FALSE,20,elitize_generation_data,271,21,0.713,NA
273,55,count-odds,tourney,FALSE,20,elitize_generation_data,272,15,0.706,NA
274,55,count-odds,tourney,FALSE,20,elitize_generation_data,273,21,0.702,NA
275,55,count-odds,tourney,FALSE,20,elitize_generation_data,274,15,0.692,NA
276,55,count-odds,tourney,FALSE,20,elitize_generation_data,275,18,0.682,NA
277,55,count-odds,tourney,FALSE,20,elitize_generation_data,276,21,0.694,NA
278,55,count-odds,tourney,FALSE,20,elitize_generation_data,277,21,0.72,NA
279,55,count-odds,tourney,FALSE,20,elitize_generation_data,278,18,0.703,NA
280,55,count-odds,tourney,FALSE,20,elitize_generation_data,279,24,0.72,NA
281,55,count-odds,tourney,FALSE,20,elitize_generation_data,280,20,0.706,NA
282,55,count-odds,tourney,FALSE,20,elitize_generation_data,281,16,0.716,NA
283,55,count-odds,tourney,FALSE,20,elitize_generation_data,282,19,0.724,NA
284,55,count-odds,tourney,FALSE,20,elitize_generation_data,283,15,0.693,NA
285,55,count-odds,tourney,FALSE,20,elitize_generation_data,284,19,0.717,NA
286,55,count-odds,tourney,FALSE,20,elitize_generation_data,285,16,0.723,NA
287,55,count-odds,tourney,FALSE,20,elitize_generation_data,286,22,0.731,NA
288,55,count-odds,tourney,FALSE,20,elitize_generation_data,287,17,0.724,NA
289,55,count-odds,tourney,FALSE,20,elitize_generation_data,288,17,0.734,NA
290,55,count-odds,tourney,FALSE,20,elitize_generation_data,289,21,0.729,NA
291,55,count-odds,tourney,FALSE,20,elitize_generation_data,290,17,0.736,NA
292,55,count-odds,tourney,FALSE,20,elitize_generation_data,291,15,0.727,NA
293,55,count-odds,tourney,FALSE,20,elitize_generation_data,292,18,0.73,NA
294,55,count-odds,tourney,FALSE,20,elitize_generation_data,293,17,0.745,NA
295,55,count-odds,tourney,FALSE,20,elitize_generation_data,294,15,0.747,NA
296,55,count-odds,tourney,FALSE,20,elitize_generation_data,295,18,0.743,NA
297,55,count-odds,tourney,FALSE,20,elitize_generation_data,296,15,0.723,NA
298,55,count-odds,tourney,FALSE,20,elitize_generation_data,297,16,0.732,NA
299,55,count-odds,tourney,FALSE,20,elitize_generation_data,298,18,0.721,NA
300,55,count-odds,tourney,FALSE,20,elitize_generation_data,299,22,0.714,NA
301,55,count-odds,tourney,FALSE,20,elitize_generation_data,300,19,0.736,NA
