,run.num,problem,treatment,succeeded,height,normalization.function,generation,cluster.count,error.diversity,success.generation
1,53,double-letters,lexicase,FALSE,10,elitize_generation_data,0,7,0.371,NA
2,53,double-letters,lexicase,FALSE,10,elitize_generation_data,1,9,0.079,NA
3,53,double-letters,lexicase,FALSE,10,elitize_generation_data,2,10,0.118,NA
4,53,double-letters,lexicase,FALSE,10,elitize_generation_data,3,8,0.12,NA
5,53,double-letters,lexicase,FALSE,10,elitize_generation_data,4,12,0.226,NA
6,53,double-letters,lexicase,FALSE,10,elitize_generation_data,5,19,0.267,NA
7,53,double-letters,lexicase,FALSE,10,elitize_generation_data,6,25,0.335,NA
8,53,double-letters,lexicase,FALSE,10,elitize_generation_data,7,34,0.403,NA
9,53,double-letters,lexicase,FALSE,10,elitize_generation_data,8,37,0.468,NA
10,53,double-letters,lexicase,FALSE,10,elitize_generation_data,9,31,0.502,NA
11,53,double-letters,lexicase,FALSE,10,elitize_generation_data,10,35,0.537,NA
12,53,double-letters,lexicase,FALSE,10,elitize_generation_data,11,40,0.608,NA
13,53,double-letters,lexicase,FALSE,10,elitize_generation_data,12,44,0.642,NA
14,53,double-letters,lexicase,FALSE,10,elitize_generation_data,13,60,0.667,NA
15,53,double-letters,lexicase,FALSE,10,elitize_generation_data,14,56,0.68,NA
16,53,double-letters,lexicase,FALSE,10,elitize_generation_data,15,33,0.675,NA
17,53,double-letters,lexicase,FALSE,10,elitize_generation_data,16,29,0.603,NA
18,53,double-letters,lexicase,FALSE,10,elitize_generation_data,17,31,0.598,NA
19,53,double-letters,lexicase,FALSE,10,elitize_generation_data,18,40,0.67,NA
20,53,double-letters,lexicase,FALSE,10,elitize_generation_data,19,42,0.703,NA
21,53,double-letters,lexicase,FALSE,10,elitize_generation_data,20,45,0.692,NA
22,53,double-letters,lexicase,FALSE,10,elitize_generation_data,21,41,0.746,NA
23,53,double-letters,lexicase,FALSE,10,elitize_generation_data,22,46,0.757,NA
24,53,double-letters,lexicase,FALSE,10,elitize_generation_data,23,43,0.745,NA
25,53,double-letters,lexicase,FALSE,10,elitize_generation_data,24,40,0.744,NA
26,53,double-letters,lexicase,FALSE,10,elitize_generation_data,25,41,0.772,NA
27,53,double-letters,lexicase,FALSE,10,elitize_generation_data,26,41,0.782,NA
28,53,double-letters,lexicase,FALSE,10,elitize_generation_data,27,45,0.794,NA
29,53,double-letters,lexicase,FALSE,10,elitize_generation_data,28,47,0.802,NA
30,53,double-letters,lexicase,FALSE,10,elitize_generation_data,29,50,0.806,NA
31,53,double-letters,lexicase,FALSE,10,elitize_generation_data,30,61,0.802,NA
32,53,double-letters,lexicase,FALSE,10,elitize_generation_data,31,58,0.81,NA
33,53,double-letters,lexicase,FALSE,10,elitize_generation_data,32,54,0.815,NA
34,53,double-letters,lexicase,FALSE,10,elitize_generation_data,33,47,0.808,NA
35,53,double-letters,lexicase,FALSE,10,elitize_generation_data,34,43,0.785,NA
36,53,double-letters,lexicase,FALSE,10,elitize_generation_data,35,41,0.787,NA
37,53,double-letters,lexicase,FALSE,10,elitize_generation_data,36,48,0.8,NA
38,53,double-letters,lexicase,FALSE,10,elitize_generation_data,37,52,0.814,NA
39,53,double-letters,lexicase,FALSE,10,elitize_generation_data,38,53,0.812,NA
40,53,double-letters,lexicase,FALSE,10,elitize_generation_data,39,41,0.846,NA
41,53,double-letters,lexicase,FALSE,10,elitize_generation_data,40,27,0.815,NA
42,53,double-letters,lexicase,FALSE,10,elitize_generation_data,41,28,0.822,NA
43,53,double-letters,lexicase,FALSE,10,elitize_generation_data,42,30,0.863,NA
44,53,double-letters,lexicase,FALSE,10,elitize_generation_data,43,36,0.844,NA
45,53,double-letters,lexicase,FALSE,10,elitize_generation_data,44,32,0.886,NA
46,53,double-letters,lexicase,FALSE,10,elitize_generation_data,45,33,0.874,NA
47,53,double-letters,lexicase,FALSE,10,elitize_generation_data,46,32,0.856,NA
48,53,double-letters,lexicase,FALSE,10,elitize_generation_data,47,35,0.873,NA
49,53,double-letters,lexicase,FALSE,10,elitize_generation_data,48,38,0.861,NA
50,53,double-letters,lexicase,FALSE,10,elitize_generation_data,49,36,0.861,NA
51,53,double-letters,lexicase,FALSE,10,elitize_generation_data,50,44,0.868,NA
52,53,double-letters,lexicase,FALSE,10,elitize_generation_data,51,40,0.884,NA
53,53,double-letters,lexicase,FALSE,10,elitize_generation_data,52,42,0.869,NA
54,53,double-letters,lexicase,FALSE,10,elitize_generation_data,53,45,0.886,NA
55,53,double-letters,lexicase,FALSE,10,elitize_generation_data,54,38,0.878,NA
56,53,double-letters,lexicase,FALSE,10,elitize_generation_data,55,38,0.889,NA
57,53,double-letters,lexicase,FALSE,10,elitize_generation_data,56,31,0.86,NA
58,53,double-letters,lexicase,FALSE,10,elitize_generation_data,57,41,0.848,NA
59,53,double-letters,lexicase,FALSE,10,elitize_generation_data,58,39,0.875,NA
60,53,double-letters,lexicase,FALSE,10,elitize_generation_data,59,41,0.889,NA
61,53,double-letters,lexicase,FALSE,10,elitize_generation_data,60,40,0.873,NA
62,53,double-letters,lexicase,FALSE,10,elitize_generation_data,61,38,0.898,NA
63,53,double-letters,lexicase,FALSE,10,elitize_generation_data,62,36,0.878,NA
64,53,double-letters,lexicase,FALSE,10,elitize_generation_data,63,30,0.858,NA
65,53,double-letters,lexicase,FALSE,10,elitize_generation_data,64,38,0.894,NA
66,53,double-letters,lexicase,FALSE,10,elitize_generation_data,65,42,0.883,NA
67,53,double-letters,lexicase,FALSE,10,elitize_generation_data,66,40,0.888,NA
68,53,double-letters,lexicase,FALSE,10,elitize_generation_data,67,45,0.9,NA
69,53,double-letters,lexicase,FALSE,10,elitize_generation_data,68,42,0.893,NA
70,53,double-letters,lexicase,FALSE,10,elitize_generation_data,69,36,0.89,NA
71,53,double-letters,lexicase,FALSE,10,elitize_generation_data,70,36,0.87,NA
72,53,double-letters,lexicase,FALSE,10,elitize_generation_data,71,43,0.892,NA
73,53,double-letters,lexicase,FALSE,10,elitize_generation_data,72,41,0.889,NA
74,53,double-letters,lexicase,FALSE,10,elitize_generation_data,73,42,0.881,NA
75,53,double-letters,lexicase,FALSE,10,elitize_generation_data,74,41,0.915,NA
76,53,double-letters,lexicase,FALSE,10,elitize_generation_data,75,39,0.914,NA
77,53,double-letters,lexicase,FALSE,10,elitize_generation_data,76,39,0.899,NA
78,53,double-letters,lexicase,FALSE,10,elitize_generation_data,77,34,0.913,NA
79,53,double-letters,lexicase,FALSE,10,elitize_generation_data,78,31,0.911,NA
80,53,double-letters,lexicase,FALSE,10,elitize_generation_data,79,25,0.918,NA
81,53,double-letters,lexicase,FALSE,10,elitize_generation_data,80,26,0.888,NA
82,53,double-letters,lexicase,FALSE,10,elitize_generation_data,81,27,0.911,NA
83,53,double-letters,lexicase,FALSE,10,elitize_generation_data,82,32,0.921,NA
84,53,double-letters,lexicase,FALSE,10,elitize_generation_data,83,24,0.899,NA
85,53,double-letters,lexicase,FALSE,10,elitize_generation_data,84,32,0.925,NA
86,53,double-letters,lexicase,FALSE,10,elitize_generation_data,85,31,0.923,NA
87,53,double-letters,lexicase,FALSE,10,elitize_generation_data,86,28,0.9,NA
88,53,double-letters,lexicase,FALSE,10,elitize_generation_data,87,30,0.9,NA
89,53,double-letters,lexicase,FALSE,10,elitize_generation_data,88,28,0.925,NA
90,53,double-letters,lexicase,FALSE,10,elitize_generation_data,89,29,0.926,NA
91,53,double-letters,lexicase,FALSE,10,elitize_generation_data,90,27,0.923,NA
92,53,double-letters,lexicase,FALSE,10,elitize_generation_data,91,31,0.91,NA
93,53,double-letters,lexicase,FALSE,10,elitize_generation_data,92,30,0.919,NA
94,53,double-letters,lexicase,FALSE,10,elitize_generation_data,93,32,0.918,NA
95,53,double-letters,lexicase,FALSE,10,elitize_generation_data,94,32,0.907,NA
96,53,double-letters,lexicase,FALSE,10,elitize_generation_data,95,27,0.914,NA
97,53,double-letters,lexicase,FALSE,10,elitize_generation_data,96,27,0.93,NA
98,53,double-letters,lexicase,FALSE,10,elitize_generation_data,97,28,0.909,NA
99,53,double-letters,lexicase,FALSE,10,elitize_generation_data,98,31,0.935,NA
100,53,double-letters,lexicase,FALSE,10,elitize_generation_data,99,31,0.925,NA
101,53,double-letters,lexicase,FALSE,10,elitize_generation_data,100,28,0.919,NA
102,53,double-letters,lexicase,FALSE,10,elitize_generation_data,101,30,0.925,NA
103,53,double-letters,lexicase,FALSE,10,elitize_generation_data,102,33,0.924,NA
104,53,double-letters,lexicase,FALSE,10,elitize_generation_data,103,36,0.915,NA
105,53,double-letters,lexicase,FALSE,10,elitize_generation_data,104,34,0.929,NA
106,53,double-letters,lexicase,FALSE,10,elitize_generation_data,105,36,0.93,NA
107,53,double-letters,lexicase,FALSE,10,elitize_generation_data,106,35,0.931,NA
108,53,double-letters,lexicase,FALSE,10,elitize_generation_data,107,31,0.94,NA
109,53,double-letters,lexicase,FALSE,10,elitize_generation_data,108,32,0.935,NA
110,53,double-letters,lexicase,FALSE,10,elitize_generation_data,109,38,0.933,NA
111,53,double-letters,lexicase,FALSE,10,elitize_generation_data,110,34,0.939,NA
112,53,double-letters,lexicase,FALSE,10,elitize_generation_data,111,32,0.939,NA
113,53,double-letters,lexicase,FALSE,10,elitize_generation_data,112,31,0.93,NA
114,53,double-letters,lexicase,FALSE,10,elitize_generation_data,113,33,0.916,NA
115,53,double-letters,lexicase,FALSE,10,elitize_generation_data,114,26,0.938,NA
116,53,double-letters,lexicase,FALSE,10,elitize_generation_data,115,27,0.933,NA
117,53,double-letters,lexicase,FALSE,10,elitize_generation_data,116,26,0.933,NA
118,53,double-letters,lexicase,FALSE,10,elitize_generation_data,117,29,0.909,NA
119,53,double-letters,lexicase,FALSE,10,elitize_generation_data,118,20,0.89,NA
120,53,double-letters,lexicase,FALSE,10,elitize_generation_data,119,23,0.868,NA
121,53,double-letters,lexicase,FALSE,10,elitize_generation_data,120,25,0.853,NA
122,53,double-letters,lexicase,FALSE,10,elitize_generation_data,121,22,0.876,NA
123,53,double-letters,lexicase,FALSE,10,elitize_generation_data,122,24,0.895,NA
124,53,double-letters,lexicase,FALSE,10,elitize_generation_data,123,20,0.912,NA
125,53,double-letters,lexicase,FALSE,10,elitize_generation_data,124,21,0.861,NA
126,53,double-letters,lexicase,FALSE,10,elitize_generation_data,125,22,0.895,NA
127,53,double-letters,lexicase,FALSE,10,elitize_generation_data,126,20,0.865,NA
128,53,double-letters,lexicase,FALSE,10,elitize_generation_data,127,23,0.875,NA
129,53,double-letters,lexicase,FALSE,10,elitize_generation_data,128,22,0.9,NA
130,53,double-letters,lexicase,FALSE,10,elitize_generation_data,129,24,0.881,NA
131,53,double-letters,lexicase,FALSE,10,elitize_generation_data,130,25,0.905,NA
132,53,double-letters,lexicase,FALSE,10,elitize_generation_data,131,20,0.896,NA
133,53,double-letters,lexicase,FALSE,10,elitize_generation_data,132,22,0.9,NA
134,53,double-letters,lexicase,FALSE,10,elitize_generation_data,133,18,0.879,NA
135,53,double-letters,lexicase,FALSE,10,elitize_generation_data,134,18,0.875,NA
136,53,double-letters,lexicase,FALSE,10,elitize_generation_data,135,18,0.891,NA
137,53,double-letters,lexicase,FALSE,10,elitize_generation_data,136,16,0.872,NA
138,53,double-letters,lexicase,FALSE,10,elitize_generation_data,137,20,0.889,NA
139,53,double-letters,lexicase,FALSE,10,elitize_generation_data,138,15,0.883,NA
140,53,double-letters,lexicase,FALSE,10,elitize_generation_data,139,17,0.86,NA
141,53,double-letters,lexicase,FALSE,10,elitize_generation_data,140,11,0.876,NA
142,53,double-letters,lexicase,FALSE,10,elitize_generation_data,141,21,0.894,NA
143,53,double-letters,lexicase,FALSE,10,elitize_generation_data,142,22,0.872,NA
144,53,double-letters,lexicase,FALSE,10,elitize_generation_data,143,15,0.899,NA
145,53,double-letters,lexicase,FALSE,10,elitize_generation_data,144,14,0.872,NA
146,53,double-letters,lexicase,FALSE,10,elitize_generation_data,145,14,0.872,NA
147,53,double-letters,lexicase,FALSE,10,elitize_generation_data,146,11,0.898,NA
148,53,double-letters,lexicase,FALSE,10,elitize_generation_data,147,10,0.876,NA
149,53,double-letters,lexicase,FALSE,10,elitize_generation_data,148,12,0.872,NA
150,53,double-letters,lexicase,FALSE,10,elitize_generation_data,149,17,0.879,NA
151,53,double-letters,lexicase,FALSE,10,elitize_generation_data,150,15,0.886,NA
152,53,double-letters,lexicase,FALSE,10,elitize_generation_data,151,11,0.88,NA
153,53,double-letters,lexicase,FALSE,10,elitize_generation_data,152,11,0.901,NA
154,53,double-letters,lexicase,FALSE,10,elitize_generation_data,153,11,0.908,NA
155,53,double-letters,lexicase,FALSE,10,elitize_generation_data,154,8,0.879,NA
156,53,double-letters,lexicase,FALSE,10,elitize_generation_data,155,10,0.876,NA
157,53,double-letters,lexicase,FALSE,10,elitize_generation_data,156,11,0.868,NA
158,53,double-letters,lexicase,FALSE,10,elitize_generation_data,157,11,0.896,NA
159,53,double-letters,lexicase,FALSE,10,elitize_generation_data,158,15,0.885,NA
160,53,double-letters,lexicase,FALSE,10,elitize_generation_data,159,11,0.885,NA
161,53,double-letters,lexicase,FALSE,10,elitize_generation_data,160,15,0.898,NA
162,53,double-letters,lexicase,FALSE,10,elitize_generation_data,161,17,0.834,NA
163,53,double-letters,lexicase,FALSE,10,elitize_generation_data,162,15,0.824,NA
164,53,double-letters,lexicase,FALSE,10,elitize_generation_data,163,14,0.821,NA
165,53,double-letters,lexicase,FALSE,10,elitize_generation_data,164,15,0.839,NA
166,53,double-letters,lexicase,FALSE,10,elitize_generation_data,165,19,0.789,NA
167,53,double-letters,lexicase,FALSE,10,elitize_generation_data,166,20,0.798,NA
168,53,double-letters,lexicase,FALSE,10,elitize_generation_data,167,21,0.778,NA
169,53,double-letters,lexicase,FALSE,10,elitize_generation_data,168,16,0.787,NA
170,53,double-letters,lexicase,FALSE,10,elitize_generation_data,169,10,0.751,NA
171,53,double-letters,lexicase,FALSE,10,elitize_generation_data,170,16,0.739,NA
172,53,double-letters,lexicase,FALSE,10,elitize_generation_data,171,20,0.77,NA
173,53,double-letters,lexicase,FALSE,10,elitize_generation_data,172,23,0.76,NA
174,53,double-letters,lexicase,FALSE,10,elitize_generation_data,173,20,0.772,NA
175,53,double-letters,lexicase,FALSE,10,elitize_generation_data,174,21,0.818,NA
176,53,double-letters,lexicase,FALSE,10,elitize_generation_data,175,25,0.774,NA
177,53,double-letters,lexicase,FALSE,10,elitize_generation_data,176,31,0.749,NA
178,53,double-letters,lexicase,FALSE,10,elitize_generation_data,177,29,0.8,NA
179,53,double-letters,lexicase,FALSE,10,elitize_generation_data,178,26,0.788,NA
180,53,double-letters,lexicase,FALSE,10,elitize_generation_data,179,33,0.798,NA
181,53,double-letters,lexicase,FALSE,10,elitize_generation_data,180,39,0.784,NA
182,53,double-letters,lexicase,FALSE,10,elitize_generation_data,181,52,0.786,NA
183,53,double-letters,lexicase,FALSE,10,elitize_generation_data,182,41,0.787,NA
184,53,double-letters,lexicase,FALSE,10,elitize_generation_data,183,41,0.805,NA
185,53,double-letters,lexicase,FALSE,10,elitize_generation_data,184,42,0.795,NA
186,53,double-letters,lexicase,FALSE,10,elitize_generation_data,185,46,0.782,NA
187,53,double-letters,lexicase,FALSE,10,elitize_generation_data,186,40,0.752,NA
188,53,double-letters,lexicase,FALSE,10,elitize_generation_data,187,45,0.781,NA
189,53,double-letters,lexicase,FALSE,10,elitize_generation_data,188,46,0.792,NA
190,53,double-letters,lexicase,FALSE,10,elitize_generation_data,189,50,0.805,NA
191,53,double-letters,lexicase,FALSE,10,elitize_generation_data,190,56,0.827,NA
192,53,double-letters,lexicase,FALSE,10,elitize_generation_data,191,47,0.829,NA
193,53,double-letters,lexicase,FALSE,10,elitize_generation_data,192,51,0.818,NA
194,53,double-letters,lexicase,FALSE,10,elitize_generation_data,193,50,0.831,NA
195,53,double-letters,lexicase,FALSE,10,elitize_generation_data,194,47,0.829,NA
196,53,double-letters,lexicase,FALSE,10,elitize_generation_data,195,51,0.824,NA
197,53,double-letters,lexicase,FALSE,10,elitize_generation_data,196,43,0.818,NA
198,53,double-letters,lexicase,FALSE,10,elitize_generation_data,197,43,0.854,NA
199,53,double-letters,lexicase,FALSE,10,elitize_generation_data,198,45,0.847,NA
200,53,double-letters,lexicase,FALSE,10,elitize_generation_data,199,42,0.851,NA
201,53,double-letters,lexicase,FALSE,10,elitize_generation_data,200,33,0.854,NA
202,53,double-letters,lexicase,FALSE,10,elitize_generation_data,201,31,0.821,NA
203,53,double-letters,lexicase,FALSE,10,elitize_generation_data,202,28,0.828,NA
204,53,double-letters,lexicase,FALSE,10,elitize_generation_data,203,25,0.819,NA
205,53,double-letters,lexicase,FALSE,10,elitize_generation_data,204,26,0.811,NA
206,53,double-letters,lexicase,FALSE,10,elitize_generation_data,205,19,0.81,NA
207,53,double-letters,lexicase,FALSE,10,elitize_generation_data,206,26,0.847,NA
208,53,double-letters,lexicase,FALSE,10,elitize_generation_data,207,24,0.808,NA
209,53,double-letters,lexicase,FALSE,10,elitize_generation_data,208,17,0.828,NA
210,53,double-letters,lexicase,FALSE,10,elitize_generation_data,209,20,0.805,NA
211,53,double-letters,lexicase,FALSE,10,elitize_generation_data,210,20,0.815,NA
212,53,double-letters,lexicase,FALSE,10,elitize_generation_data,211,15,0.823,NA
213,53,double-letters,lexicase,FALSE,10,elitize_generation_data,212,19,0.823,NA
214,53,double-letters,lexicase,FALSE,10,elitize_generation_data,213,15,0.831,NA
215,53,double-letters,lexicase,FALSE,10,elitize_generation_data,214,17,0.798,NA
216,53,double-letters,lexicase,FALSE,10,elitize_generation_data,215,15,0.796,NA
217,53,double-letters,lexicase,FALSE,10,elitize_generation_data,216,15,0.816,NA
218,53,double-letters,lexicase,FALSE,10,elitize_generation_data,217,10,0.815,NA
219,53,double-letters,lexicase,FALSE,10,elitize_generation_data,218,11,0.832,NA
220,53,double-letters,lexicase,FALSE,10,elitize_generation_data,219,10,0.835,NA
221,53,double-letters,lexicase,FALSE,10,elitize_generation_data,220,10,0.814,NA
222,53,double-letters,lexicase,FALSE,10,elitize_generation_data,221,9,0.823,NA
223,53,double-letters,lexicase,FALSE,10,elitize_generation_data,222,7,0.821,NA
224,53,double-letters,lexicase,FALSE,10,elitize_generation_data,223,9,0.809,NA
225,53,double-letters,lexicase,FALSE,10,elitize_generation_data,224,8,0.805,NA
226,53,double-letters,lexicase,FALSE,10,elitize_generation_data,225,12,0.828,NA
227,53,double-letters,lexicase,FALSE,10,elitize_generation_data,226,7,0.814,NA
228,53,double-letters,lexicase,FALSE,10,elitize_generation_data,227,10,0.824,NA
229,53,double-letters,lexicase,FALSE,10,elitize_generation_data,228,9,0.807,NA
230,53,double-letters,lexicase,FALSE,10,elitize_generation_data,229,7,0.824,NA
231,53,double-letters,lexicase,FALSE,10,elitize_generation_data,230,8,0.831,NA
232,53,double-letters,lexicase,FALSE,10,elitize_generation_data,231,8,0.82,NA
233,53,double-letters,lexicase,FALSE,10,elitize_generation_data,232,9,0.813,NA
234,53,double-letters,lexicase,FALSE,10,elitize_generation_data,233,10,0.805,NA
235,53,double-letters,lexicase,FALSE,10,elitize_generation_data,234,9,0.818,NA
236,53,double-letters,lexicase,FALSE,10,elitize_generation_data,235,6,0.803,NA
237,53,double-letters,lexicase,FALSE,10,elitize_generation_data,236,7,0.788,NA
238,53,double-letters,lexicase,FALSE,10,elitize_generation_data,237,6,0.788,NA
239,53,double-letters,lexicase,FALSE,10,elitize_generation_data,238,5,0.78,NA
240,53,double-letters,lexicase,FALSE,10,elitize_generation_data,239,5,0.797,NA
241,53,double-letters,lexicase,FALSE,10,elitize_generation_data,240,5,0.808,NA
242,53,double-letters,lexicase,FALSE,10,elitize_generation_data,241,7,0.793,NA
243,53,double-letters,lexicase,FALSE,10,elitize_generation_data,242,8,0.789,NA
244,53,double-letters,lexicase,FALSE,10,elitize_generation_data,243,6,0.77,NA
245,53,double-letters,lexicase,FALSE,10,elitize_generation_data,244,9,0.792,NA
246,53,double-letters,lexicase,FALSE,10,elitize_generation_data,245,7,0.785,NA
247,53,double-letters,lexicase,FALSE,10,elitize_generation_data,246,7,0.763,NA
248,53,double-letters,lexicase,FALSE,10,elitize_generation_data,247,8,0.769,NA
249,53,double-letters,lexicase,FALSE,10,elitize_generation_data,248,7,0.74,NA
250,53,double-letters,lexicase,FALSE,10,elitize_generation_data,249,6,0.769,NA
251,53,double-letters,lexicase,FALSE,10,elitize_generation_data,250,9,0.766,NA
252,53,double-letters,lexicase,FALSE,10,elitize_generation_data,251,9,0.737,NA
253,53,double-letters,lexicase,FALSE,10,elitize_generation_data,252,9,0.727,NA
254,53,double-letters,lexicase,FALSE,10,elitize_generation_data,253,8,0.737,NA
255,53,double-letters,lexicase,FALSE,10,elitize_generation_data,254,6,0.744,NA
256,53,double-letters,lexicase,FALSE,10,elitize_generation_data,255,6,0.746,NA
257,53,double-letters,lexicase,FALSE,10,elitize_generation_data,256,7,0.722,NA
258,53,double-letters,lexicase,FALSE,10,elitize_generation_data,257,5,0.747,NA
259,53,double-letters,lexicase,FALSE,10,elitize_generation_data,258,10,0.76,NA
260,53,double-letters,lexicase,FALSE,10,elitize_generation_data,259,8,0.734,NA
261,53,double-letters,lexicase,FALSE,10,elitize_generation_data,260,10,0.726,NA
262,53,double-letters,lexicase,FALSE,10,elitize_generation_data,261,9,0.735,NA
263,53,double-letters,lexicase,FALSE,10,elitize_generation_data,262,7,0.746,NA
264,53,double-letters,lexicase,FALSE,10,elitize_generation_data,263,9,0.736,NA
265,53,double-letters,lexicase,FALSE,10,elitize_generation_data,264,12,0.746,NA
266,53,double-letters,lexicase,FALSE,10,elitize_generation_data,265,11,0.732,NA
267,53,double-letters,lexicase,FALSE,10,elitize_generation_data,266,12,0.716,NA
268,53,double-letters,lexicase,FALSE,10,elitize_generation_data,267,10,0.749,NA
269,53,double-letters,lexicase,FALSE,10,elitize_generation_data,268,5,0.746,NA
270,53,double-letters,lexicase,FALSE,10,elitize_generation_data,269,6,0.744,NA
271,53,double-letters,lexicase,FALSE,10,elitize_generation_data,270,6,0.732,NA
272,53,double-letters,lexicase,FALSE,10,elitize_generation_data,271,6,0.75,NA
273,53,double-letters,lexicase,FALSE,10,elitize_generation_data,272,12,0.747,NA
274,53,double-letters,lexicase,FALSE,10,elitize_generation_data,273,10,0.756,NA
275,53,double-letters,lexicase,FALSE,10,elitize_generation_data,274,8,0.738,NA
276,53,double-letters,lexicase,FALSE,10,elitize_generation_data,275,8,0.752,NA
277,53,double-letters,lexicase,FALSE,10,elitize_generation_data,276,6,0.783,NA
278,53,double-letters,lexicase,FALSE,10,elitize_generation_data,277,7,0.783,NA
279,53,double-letters,lexicase,FALSE,10,elitize_generation_data,278,7,0.753,NA
280,53,double-letters,lexicase,FALSE,10,elitize_generation_data,279,9,0.762,NA
281,53,double-letters,lexicase,FALSE,10,elitize_generation_data,280,7,0.771,NA
282,53,double-letters,lexicase,FALSE,10,elitize_generation_data,281,8,0.747,NA
283,53,double-letters,lexicase,FALSE,10,elitize_generation_data,282,7,0.778,NA
284,53,double-letters,lexicase,FALSE,10,elitize_generation_data,283,5,0.762,NA
285,53,double-letters,lexicase,FALSE,10,elitize_generation_data,284,7,0.781,NA
286,53,double-letters,lexicase,FALSE,10,elitize_generation_data,285,9,0.749,NA
287,53,double-letters,lexicase,FALSE,10,elitize_generation_data,286,8,0.778,NA
288,53,double-letters,lexicase,FALSE,10,elitize_generation_data,287,8,0.795,NA
289,53,double-letters,lexicase,FALSE,10,elitize_generation_data,288,7,0.773,NA
290,53,double-letters,lexicase,FALSE,10,elitize_generation_data,289,8,0.737,NA
291,53,double-letters,lexicase,FALSE,10,elitize_generation_data,290,9,0.752,NA
292,53,double-letters,lexicase,FALSE,10,elitize_generation_data,291,8,0.761,NA
293,53,double-letters,lexicase,FALSE,10,elitize_generation_data,292,6,0.765,NA
294,53,double-letters,lexicase,FALSE,10,elitize_generation_data,293,10,0.767,NA
295,53,double-letters,lexicase,FALSE,10,elitize_generation_data,294,9,0.776,NA
296,53,double-letters,lexicase,FALSE,10,elitize_generation_data,295,8,0.784,NA
297,53,double-letters,lexicase,FALSE,10,elitize_generation_data,296,8,0.765,NA
298,53,double-letters,lexicase,FALSE,10,elitize_generation_data,297,8,0.776,NA
299,53,double-letters,lexicase,FALSE,10,elitize_generation_data,298,9,0.771,NA
300,53,double-letters,lexicase,FALSE,10,elitize_generation_data,299,9,0.766,NA
301,53,double-letters,lexicase,FALSE,10,elitize_generation_data,300,7,0.799,NA
