,run.num,problem,treatment,succeeded,height,normalization.function,generation,cluster.count,error.diversity,success.generation
1,66,double-letters,lexicase,FALSE,10,elitize_generation_data,0,7,0.391,NA
2,66,double-letters,lexicase,FALSE,10,elitize_generation_data,1,8,0.049,NA
3,66,double-letters,lexicase,FALSE,10,elitize_generation_data,2,8,0.069,NA
4,66,double-letters,lexicase,FALSE,10,elitize_generation_data,3,6,0.111,NA
5,66,double-letters,lexicase,FALSE,10,elitize_generation_data,4,10,0.155,NA
6,66,double-letters,lexicase,FALSE,10,elitize_generation_data,5,8,0.182,NA
7,66,double-letters,lexicase,FALSE,10,elitize_generation_data,6,8,0.186,NA
8,66,double-letters,lexicase,FALSE,10,elitize_generation_data,7,16,0.248,NA
9,66,double-letters,lexicase,FALSE,10,elitize_generation_data,8,22,0.344,NA
10,66,double-letters,lexicase,FALSE,10,elitize_generation_data,9,35,0.447,NA
11,66,double-letters,lexicase,FALSE,10,elitize_generation_data,10,52,0.499,NA
12,66,double-letters,lexicase,FALSE,10,elitize_generation_data,11,66,0.531,NA
13,66,double-letters,lexicase,FALSE,10,elitize_generation_data,12,77,0.56,NA
14,66,double-letters,lexicase,FALSE,10,elitize_generation_data,13,88,0.616,NA
15,66,double-letters,lexicase,FALSE,10,elitize_generation_data,14,102,0.637,NA
16,66,double-letters,lexicase,FALSE,10,elitize_generation_data,15,96,0.667,NA
17,66,double-letters,lexicase,FALSE,10,elitize_generation_data,16,109,0.673,NA
18,66,double-letters,lexicase,FALSE,10,elitize_generation_data,17,84,0.664,NA
19,66,double-letters,lexicase,FALSE,10,elitize_generation_data,18,32,0.603,NA
20,66,double-letters,lexicase,FALSE,10,elitize_generation_data,19,39,0.512,NA
21,66,double-letters,lexicase,FALSE,10,elitize_generation_data,20,52,0.573,NA
22,66,double-letters,lexicase,FALSE,10,elitize_generation_data,21,56,0.643,NA
23,66,double-letters,lexicase,FALSE,10,elitize_generation_data,22,56,0.626,NA
24,66,double-letters,lexicase,FALSE,10,elitize_generation_data,23,59,0.675,NA
25,66,double-letters,lexicase,FALSE,10,elitize_generation_data,24,63,0.7,NA
26,66,double-letters,lexicase,FALSE,10,elitize_generation_data,25,59,0.679,NA
27,66,double-letters,lexicase,FALSE,10,elitize_generation_data,26,67,0.684,NA
28,66,double-letters,lexicase,FALSE,10,elitize_generation_data,27,72,0.681,NA
29,66,double-letters,lexicase,FALSE,10,elitize_generation_data,28,84,0.683,NA
30,66,double-letters,lexicase,FALSE,10,elitize_generation_data,29,90,0.708,NA
31,66,double-letters,lexicase,FALSE,10,elitize_generation_data,30,84,0.7,NA
32,66,double-letters,lexicase,FALSE,10,elitize_generation_data,31,94,0.718,NA
33,66,double-letters,lexicase,FALSE,10,elitize_generation_data,32,96,0.708,NA
34,66,double-letters,lexicase,FALSE,10,elitize_generation_data,33,100,0.72,NA
35,66,double-letters,lexicase,FALSE,10,elitize_generation_data,34,105,0.726,NA
36,66,double-letters,lexicase,FALSE,10,elitize_generation_data,35,109,0.749,NA
37,66,double-letters,lexicase,FALSE,10,elitize_generation_data,36,107,0.771,NA
38,66,double-letters,lexicase,FALSE,10,elitize_generation_data,37,115,0.769,NA
39,66,double-letters,lexicase,FALSE,10,elitize_generation_data,38,117,0.771,NA
40,66,double-letters,lexicase,FALSE,10,elitize_generation_data,39,100,0.769,NA
41,66,double-letters,lexicase,FALSE,10,elitize_generation_data,40,89,0.757,NA
42,66,double-letters,lexicase,FALSE,10,elitize_generation_data,41,44,0.748,NA
43,66,double-letters,lexicase,FALSE,10,elitize_generation_data,42,23,0.689,NA
44,66,double-letters,lexicase,FALSE,10,elitize_generation_data,43,23,0.676,NA
45,66,double-letters,lexicase,FALSE,10,elitize_generation_data,44,25,0.701,NA
46,66,double-letters,lexicase,FALSE,10,elitize_generation_data,45,26,0.752,NA
47,66,double-letters,lexicase,FALSE,10,elitize_generation_data,46,29,0.748,NA
48,66,double-letters,lexicase,FALSE,10,elitize_generation_data,47,32,0.745,NA
49,66,double-letters,lexicase,FALSE,10,elitize_generation_data,48,38,0.761,NA
50,66,double-letters,lexicase,FALSE,10,elitize_generation_data,49,42,0.804,NA
51,66,double-letters,lexicase,FALSE,10,elitize_generation_data,50,44,0.761,NA
52,66,double-letters,lexicase,FALSE,10,elitize_generation_data,51,42,0.795,NA
53,66,double-letters,lexicase,FALSE,10,elitize_generation_data,52,52,0.806,NA
54,66,double-letters,lexicase,FALSE,10,elitize_generation_data,53,53,0.81,NA
55,66,double-letters,lexicase,FALSE,10,elitize_generation_data,54,53,0.83,NA
56,66,double-letters,lexicase,FALSE,10,elitize_generation_data,55,56,0.821,NA
57,66,double-letters,lexicase,FALSE,10,elitize_generation_data,56,60,0.813,NA
58,66,double-letters,lexicase,FALSE,10,elitize_generation_data,57,49,0.82,NA
59,66,double-letters,lexicase,FALSE,10,elitize_generation_data,58,62,0.828,NA
60,66,double-letters,lexicase,FALSE,10,elitize_generation_data,59,61,0.852,NA
61,66,double-letters,lexicase,FALSE,10,elitize_generation_data,60,61,0.846,NA
62,66,double-letters,lexicase,FALSE,10,elitize_generation_data,61,67,0.87,NA
63,66,double-letters,lexicase,FALSE,10,elitize_generation_data,62,66,0.852,NA
64,66,double-letters,lexicase,FALSE,10,elitize_generation_data,63,66,0.88,NA
65,66,double-letters,lexicase,FALSE,10,elitize_generation_data,64,69,0.857,NA
66,66,double-letters,lexicase,FALSE,10,elitize_generation_data,65,63,0.852,NA
67,66,double-letters,lexicase,FALSE,10,elitize_generation_data,66,65,0.861,NA
68,66,double-letters,lexicase,FALSE,10,elitize_generation_data,67,68,0.837,NA
69,66,double-letters,lexicase,FALSE,10,elitize_generation_data,68,65,0.862,NA
70,66,double-letters,lexicase,FALSE,10,elitize_generation_data,69,78,0.875,NA
71,66,double-letters,lexicase,FALSE,10,elitize_generation_data,70,72,0.868,NA
72,66,double-letters,lexicase,FALSE,10,elitize_generation_data,71,71,0.871,NA
73,66,double-letters,lexicase,FALSE,10,elitize_generation_data,72,62,0.863,NA
74,66,double-letters,lexicase,FALSE,10,elitize_generation_data,73,66,0.826,NA
75,66,double-letters,lexicase,FALSE,10,elitize_generation_data,74,62,0.855,NA
76,66,double-letters,lexicase,FALSE,10,elitize_generation_data,75,67,0.833,NA
77,66,double-letters,lexicase,FALSE,10,elitize_generation_data,76,67,0.828,NA
78,66,double-letters,lexicase,FALSE,10,elitize_generation_data,77,61,0.857,NA
79,66,double-letters,lexicase,FALSE,10,elitize_generation_data,78,64,0.86,NA
80,66,double-letters,lexicase,FALSE,10,elitize_generation_data,79,72,0.852,NA
81,66,double-letters,lexicase,FALSE,10,elitize_generation_data,80,75,0.884,NA
82,66,double-letters,lexicase,FALSE,10,elitize_generation_data,81,82,0.854,NA
83,66,double-letters,lexicase,FALSE,10,elitize_generation_data,82,83,0.884,NA
84,66,double-letters,lexicase,FALSE,10,elitize_generation_data,83,65,0.863,NA
85,66,double-letters,lexicase,FALSE,10,elitize_generation_data,84,77,0.86,NA
86,66,double-letters,lexicase,FALSE,10,elitize_generation_data,85,80,0.882,NA
87,66,double-letters,lexicase,FALSE,10,elitize_generation_data,86,80,0.876,NA
88,66,double-letters,lexicase,FALSE,10,elitize_generation_data,87,78,0.885,NA
89,66,double-letters,lexicase,FALSE,10,elitize_generation_data,88,78,0.883,NA
90,66,double-letters,lexicase,FALSE,10,elitize_generation_data,89,89,0.878,NA
91,66,double-letters,lexicase,FALSE,10,elitize_generation_data,90,85,0.872,NA
92,66,double-letters,lexicase,FALSE,10,elitize_generation_data,91,80,0.895,NA
93,66,double-letters,lexicase,FALSE,10,elitize_generation_data,92,85,0.878,NA
94,66,double-letters,lexicase,FALSE,10,elitize_generation_data,93,78,0.874,NA
95,66,double-letters,lexicase,FALSE,10,elitize_generation_data,94,85,0.862,NA
96,66,double-letters,lexicase,FALSE,10,elitize_generation_data,95,84,0.866,NA
97,66,double-letters,lexicase,FALSE,10,elitize_generation_data,96,74,0.873,NA
98,66,double-letters,lexicase,FALSE,10,elitize_generation_data,97,88,0.881,NA
99,66,double-letters,lexicase,FALSE,10,elitize_generation_data,98,92,0.879,NA
100,66,double-letters,lexicase,FALSE,10,elitize_generation_data,99,82,0.876,NA
101,66,double-letters,lexicase,FALSE,10,elitize_generation_data,100,82,0.898,NA
102,66,double-letters,lexicase,FALSE,10,elitize_generation_data,101,86,0.871,NA
103,66,double-letters,lexicase,FALSE,10,elitize_generation_data,102,84,0.886,NA
104,66,double-letters,lexicase,FALSE,10,elitize_generation_data,103,86,0.885,NA
105,66,double-letters,lexicase,FALSE,10,elitize_generation_data,104,90,0.868,NA
106,66,double-letters,lexicase,FALSE,10,elitize_generation_data,105,88,0.884,NA
107,66,double-letters,lexicase,FALSE,10,elitize_generation_data,106,94,0.866,NA
108,66,double-letters,lexicase,FALSE,10,elitize_generation_data,107,105,0.899,NA
109,66,double-letters,lexicase,FALSE,10,elitize_generation_data,108,106,0.879,NA
110,66,double-letters,lexicase,FALSE,10,elitize_generation_data,109,98,0.889,NA
111,66,double-letters,lexicase,FALSE,10,elitize_generation_data,110,110,0.887,NA
112,66,double-letters,lexicase,FALSE,10,elitize_generation_data,111,118,0.882,NA
113,66,double-letters,lexicase,FALSE,10,elitize_generation_data,112,106,0.878,NA
114,66,double-letters,lexicase,FALSE,10,elitize_generation_data,113,95,0.893,NA
115,66,double-letters,lexicase,FALSE,10,elitize_generation_data,114,99,0.897,NA
116,66,double-letters,lexicase,FALSE,10,elitize_generation_data,115,102,0.879,NA
117,66,double-letters,lexicase,FALSE,10,elitize_generation_data,116,93,0.883,NA
118,66,double-letters,lexicase,FALSE,10,elitize_generation_data,117,94,0.874,NA
119,66,double-letters,lexicase,FALSE,10,elitize_generation_data,118,75,0.88,NA
120,66,double-letters,lexicase,FALSE,10,elitize_generation_data,119,80,0.871,NA
121,66,double-letters,lexicase,FALSE,10,elitize_generation_data,120,83,0.859,NA
122,66,double-letters,lexicase,FALSE,10,elitize_generation_data,121,93,0.88,NA
123,66,double-letters,lexicase,FALSE,10,elitize_generation_data,122,76,0.858,NA
124,66,double-letters,lexicase,FALSE,10,elitize_generation_data,123,60,0.863,NA
125,66,double-letters,lexicase,FALSE,10,elitize_generation_data,124,43,0.805,NA
126,66,double-letters,lexicase,FALSE,10,elitize_generation_data,125,46,0.713,NA
127,66,double-letters,lexicase,FALSE,10,elitize_generation_data,126,41,0.71,NA
128,66,double-letters,lexicase,FALSE,10,elitize_generation_data,127,35,0.744,NA
129,66,double-letters,lexicase,FALSE,10,elitize_generation_data,128,30,0.707,NA
130,66,double-letters,lexicase,FALSE,10,elitize_generation_data,129,31,0.702,NA
131,66,double-letters,lexicase,FALSE,10,elitize_generation_data,130,27,0.678,NA
132,66,double-letters,lexicase,FALSE,10,elitize_generation_data,131,22,0.677,NA
133,66,double-letters,lexicase,FALSE,10,elitize_generation_data,132,20,0.64,NA
134,66,double-letters,lexicase,FALSE,10,elitize_generation_data,133,20,0.631,NA
135,66,double-letters,lexicase,FALSE,10,elitize_generation_data,134,15,0.577,NA
136,66,double-letters,lexicase,FALSE,10,elitize_generation_data,135,19,0.612,NA
137,66,double-letters,lexicase,FALSE,10,elitize_generation_data,136,16,0.606,NA
138,66,double-letters,lexicase,FALSE,10,elitize_generation_data,137,22,0.625,NA
139,66,double-letters,lexicase,FALSE,10,elitize_generation_data,138,22,0.653,NA
140,66,double-letters,lexicase,FALSE,10,elitize_generation_data,139,16,0.638,NA
141,66,double-letters,lexicase,FALSE,10,elitize_generation_data,140,13,0.666,NA
142,66,double-letters,lexicase,FALSE,10,elitize_generation_data,141,14,0.64,NA
143,66,double-letters,lexicase,FALSE,10,elitize_generation_data,142,13,0.649,NA
144,66,double-letters,lexicase,FALSE,10,elitize_generation_data,143,12,0.66,NA
145,66,double-letters,lexicase,FALSE,10,elitize_generation_data,144,13,0.665,NA
146,66,double-letters,lexicase,FALSE,10,elitize_generation_data,145,12,0.657,NA
147,66,double-letters,lexicase,FALSE,10,elitize_generation_data,146,11,0.675,NA
148,66,double-letters,lexicase,FALSE,10,elitize_generation_data,147,13,0.648,NA
149,66,double-letters,lexicase,FALSE,10,elitize_generation_data,148,13,0.682,NA
150,66,double-letters,lexicase,FALSE,10,elitize_generation_data,149,10,0.686,NA
151,66,double-letters,lexicase,FALSE,10,elitize_generation_data,150,10,0.658,NA
152,66,double-letters,lexicase,FALSE,10,elitize_generation_data,151,13,0.666,NA
153,66,double-letters,lexicase,FALSE,10,elitize_generation_data,152,12,0.695,NA
154,66,double-letters,lexicase,FALSE,10,elitize_generation_data,153,12,0.681,NA
155,66,double-letters,lexicase,FALSE,10,elitize_generation_data,154,10,0.698,NA
156,66,double-letters,lexicase,FALSE,10,elitize_generation_data,155,8,0.688,NA
157,66,double-letters,lexicase,FALSE,10,elitize_generation_data,156,7,0.671,NA
158,66,double-letters,lexicase,FALSE,10,elitize_generation_data,157,7,0.679,NA
159,66,double-letters,lexicase,FALSE,10,elitize_generation_data,158,12,0.707,NA
160,66,double-letters,lexicase,FALSE,10,elitize_generation_data,159,8,0.689,NA
161,66,double-letters,lexicase,FALSE,10,elitize_generation_data,160,10,0.697,NA
162,66,double-letters,lexicase,FALSE,10,elitize_generation_data,161,8,0.724,NA
163,66,double-letters,lexicase,FALSE,10,elitize_generation_data,162,10,0.696,NA
164,66,double-letters,lexicase,FALSE,10,elitize_generation_data,163,10,0.689,NA
165,66,double-letters,lexicase,FALSE,10,elitize_generation_data,164,10,0.704,NA
166,66,double-letters,lexicase,FALSE,10,elitize_generation_data,165,9,0.713,NA
167,66,double-letters,lexicase,FALSE,10,elitize_generation_data,166,15,0.696,NA
168,66,double-letters,lexicase,FALSE,10,elitize_generation_data,167,12,0.687,NA
169,66,double-letters,lexicase,FALSE,10,elitize_generation_data,168,10,0.694,NA
170,66,double-letters,lexicase,FALSE,10,elitize_generation_data,169,14,0.714,NA
171,66,double-letters,lexicase,FALSE,10,elitize_generation_data,170,11,0.716,NA
172,66,double-letters,lexicase,FALSE,10,elitize_generation_data,171,10,0.68,NA
173,66,double-letters,lexicase,FALSE,10,elitize_generation_data,172,12,0.708,NA
174,66,double-letters,lexicase,FALSE,10,elitize_generation_data,173,11,0.704,NA
175,66,double-letters,lexicase,FALSE,10,elitize_generation_data,174,11,0.699,NA
176,66,double-letters,lexicase,FALSE,10,elitize_generation_data,175,10,0.699,NA
177,66,double-letters,lexicase,FALSE,10,elitize_generation_data,176,9,0.689,NA
178,66,double-letters,lexicase,FALSE,10,elitize_generation_data,177,8,0.721,NA
179,66,double-letters,lexicase,FALSE,10,elitize_generation_data,178,8,0.707,NA
180,66,double-letters,lexicase,FALSE,10,elitize_generation_data,179,8,0.714,NA
181,66,double-letters,lexicase,FALSE,10,elitize_generation_data,180,10,0.729,NA
182,66,double-letters,lexicase,FALSE,10,elitize_generation_data,181,8,0.733,NA
183,66,double-letters,lexicase,FALSE,10,elitize_generation_data,182,8,0.72,NA
184,66,double-letters,lexicase,FALSE,10,elitize_generation_data,183,10,0.715,NA
185,66,double-letters,lexicase,FALSE,10,elitize_generation_data,184,12,0.717,NA
186,66,double-letters,lexicase,FALSE,10,elitize_generation_data,185,9,0.728,NA
187,66,double-letters,lexicase,FALSE,10,elitize_generation_data,186,9,0.708,NA
188,66,double-letters,lexicase,FALSE,10,elitize_generation_data,187,10,0.675,NA
189,66,double-letters,lexicase,FALSE,10,elitize_generation_data,188,6,0.684,NA
190,66,double-letters,lexicase,FALSE,10,elitize_generation_data,189,8,0.739,NA
191,66,double-letters,lexicase,FALSE,10,elitize_generation_data,190,10,0.741,NA
192,66,double-letters,lexicase,FALSE,10,elitize_generation_data,191,9,0.725,NA
193,66,double-letters,lexicase,FALSE,10,elitize_generation_data,192,8,0.729,NA
194,66,double-letters,lexicase,FALSE,10,elitize_generation_data,193,9,0.702,NA
195,66,double-letters,lexicase,FALSE,10,elitize_generation_data,194,8,0.691,NA
196,66,double-letters,lexicase,FALSE,10,elitize_generation_data,195,7,0.696,NA
197,66,double-letters,lexicase,FALSE,10,elitize_generation_data,196,8,0.73,NA
198,66,double-letters,lexicase,FALSE,10,elitize_generation_data,197,8,0.718,NA
199,66,double-letters,lexicase,FALSE,10,elitize_generation_data,198,5,0.675,NA
200,66,double-letters,lexicase,FALSE,10,elitize_generation_data,199,7,0.679,NA
201,66,double-letters,lexicase,FALSE,10,elitize_generation_data,200,8,0.698,NA
202,66,double-letters,lexicase,FALSE,10,elitize_generation_data,201,8,0.685,NA
203,66,double-letters,lexicase,FALSE,10,elitize_generation_data,202,8,0.694,NA
204,66,double-letters,lexicase,FALSE,10,elitize_generation_data,203,7,0.691,NA
205,66,double-letters,lexicase,FALSE,10,elitize_generation_data,204,9,0.683,NA
206,66,double-letters,lexicase,FALSE,10,elitize_generation_data,205,10,0.682,NA
207,66,double-letters,lexicase,FALSE,10,elitize_generation_data,206,8,0.655,NA
208,66,double-letters,lexicase,FALSE,10,elitize_generation_data,207,7,0.696,NA
209,66,double-letters,lexicase,FALSE,10,elitize_generation_data,208,6,0.669,NA
210,66,double-letters,lexicase,FALSE,10,elitize_generation_data,209,8,0.703,NA
211,66,double-letters,lexicase,FALSE,10,elitize_generation_data,210,7,0.676,NA
212,66,double-letters,lexicase,FALSE,10,elitize_generation_data,211,7,0.666,NA
213,66,double-letters,lexicase,FALSE,10,elitize_generation_data,212,10,0.699,NA
214,66,double-letters,lexicase,FALSE,10,elitize_generation_data,213,9,0.7,NA
215,66,double-letters,lexicase,FALSE,10,elitize_generation_data,214,10,0.703,NA
216,66,double-letters,lexicase,FALSE,10,elitize_generation_data,215,7,0.698,NA
217,66,double-letters,lexicase,FALSE,10,elitize_generation_data,216,8,0.701,NA
218,66,double-letters,lexicase,FALSE,10,elitize_generation_data,217,9,0.704,NA
219,66,double-letters,lexicase,FALSE,10,elitize_generation_data,218,9,0.701,NA
220,66,double-letters,lexicase,FALSE,10,elitize_generation_data,219,11,0.701,NA
221,66,double-letters,lexicase,FALSE,10,elitize_generation_data,220,9,0.72,NA
222,66,double-letters,lexicase,FALSE,10,elitize_generation_data,221,10,0.739,NA
223,66,double-letters,lexicase,FALSE,10,elitize_generation_data,222,8,0.724,NA
224,66,double-letters,lexicase,FALSE,10,elitize_generation_data,223,10,0.733,NA
225,66,double-letters,lexicase,FALSE,10,elitize_generation_data,224,8,0.761,NA
226,66,double-letters,lexicase,FALSE,10,elitize_generation_data,225,8,0.72,NA
227,66,double-letters,lexicase,FALSE,10,elitize_generation_data,226,9,0.724,NA
228,66,double-letters,lexicase,FALSE,10,elitize_generation_data,227,7,0.739,NA
229,66,double-letters,lexicase,FALSE,10,elitize_generation_data,228,8,0.741,NA
230,66,double-letters,lexicase,FALSE,10,elitize_generation_data,229,11,0.722,NA
231,66,double-letters,lexicase,FALSE,10,elitize_generation_data,230,12,0.736,NA
232,66,double-letters,lexicase,FALSE,10,elitize_generation_data,231,11,0.737,NA
233,66,double-letters,lexicase,FALSE,10,elitize_generation_data,232,9,0.726,NA
234,66,double-letters,lexicase,FALSE,10,elitize_generation_data,233,11,0.731,NA
235,66,double-letters,lexicase,FALSE,10,elitize_generation_data,234,13,0.711,NA
236,66,double-letters,lexicase,FALSE,10,elitize_generation_data,235,13,0.726,NA
237,66,double-letters,lexicase,FALSE,10,elitize_generation_data,236,14,0.704,NA
238,66,double-letters,lexicase,FALSE,10,elitize_generation_data,237,12,0.716,NA
239,66,double-letters,lexicase,FALSE,10,elitize_generation_data,238,10,0.74,NA
240,66,double-letters,lexicase,FALSE,10,elitize_generation_data,239,11,0.722,NA
241,66,double-letters,lexicase,FALSE,10,elitize_generation_data,240,11,0.728,NA
242,66,double-letters,lexicase,FALSE,10,elitize_generation_data,241,11,0.741,NA
243,66,double-letters,lexicase,FALSE,10,elitize_generation_data,242,10,0.739,NA
244,66,double-letters,lexicase,FALSE,10,elitize_generation_data,243,10,0.721,NA
245,66,double-letters,lexicase,FALSE,10,elitize_generation_data,244,11,0.743,NA
246,66,double-letters,lexicase,FALSE,10,elitize_generation_data,245,13,0.718,NA
247,66,double-letters,lexicase,FALSE,10,elitize_generation_data,246,14,0.748,NA
248,66,double-letters,lexicase,FALSE,10,elitize_generation_data,247,11,0.753,NA
249,66,double-letters,lexicase,FALSE,10,elitize_generation_data,248,12,0.744,NA
250,66,double-letters,lexicase,FALSE,10,elitize_generation_data,249,11,0.681,NA
251,66,double-letters,lexicase,FALSE,10,elitize_generation_data,250,17,0.647,NA
252,66,double-letters,lexicase,FALSE,10,elitize_generation_data,251,16,0.558,NA
253,66,double-letters,lexicase,FALSE,10,elitize_generation_data,252,14,0.508,NA
254,66,double-letters,lexicase,FALSE,10,elitize_generation_data,253,12,0.478,NA
255,66,double-letters,lexicase,FALSE,10,elitize_generation_data,254,15,0.476,NA
256,66,double-letters,lexicase,FALSE,10,elitize_generation_data,255,14,0.472,NA
257,66,double-letters,lexicase,FALSE,10,elitize_generation_data,256,13,0.438,NA
258,66,double-letters,lexicase,FALSE,10,elitize_generation_data,257,12,0.432,NA
259,66,double-letters,lexicase,FALSE,10,elitize_generation_data,258,18,0.468,NA
260,66,double-letters,lexicase,FALSE,10,elitize_generation_data,259,16,0.445,NA
261,66,double-letters,lexicase,FALSE,10,elitize_generation_data,260,19,0.487,NA
262,66,double-letters,lexicase,FALSE,10,elitize_generation_data,261,18,0.457,NA
263,66,double-letters,lexicase,FALSE,10,elitize_generation_data,262,22,0.487,NA
264,66,double-letters,lexicase,FALSE,10,elitize_generation_data,263,17,0.474,NA
265,66,double-letters,lexicase,FALSE,10,elitize_generation_data,264,19,0.506,NA
266,66,double-letters,lexicase,FALSE,10,elitize_generation_data,265,20,0.496,NA
267,66,double-letters,lexicase,FALSE,10,elitize_generation_data,266,21,0.503,NA
268,66,double-letters,lexicase,FALSE,10,elitize_generation_data,267,22,0.532,NA
269,66,double-letters,lexicase,FALSE,10,elitize_generation_data,268,17,0.428,NA
270,66,double-letters,lexicase,FALSE,10,elitize_generation_data,269,18,0.43,NA
271,66,double-letters,lexicase,FALSE,10,elitize_generation_data,270,20,0.41,NA
272,66,double-letters,lexicase,FALSE,10,elitize_generation_data,271,23,0.435,NA
273,66,double-letters,lexicase,FALSE,10,elitize_generation_data,272,26,0.417,NA
274,66,double-letters,lexicase,FALSE,10,elitize_generation_data,273,20,0.43,NA
275,66,double-letters,lexicase,FALSE,10,elitize_generation_data,274,24,0.439,NA
276,66,double-letters,lexicase,FALSE,10,elitize_generation_data,275,20,0.426,NA
277,66,double-letters,lexicase,FALSE,10,elitize_generation_data,276,21,0.428,NA
278,66,double-letters,lexicase,FALSE,10,elitize_generation_data,277,21,0.474,NA
279,66,double-letters,lexicase,FALSE,10,elitize_generation_data,278,21,0.442,NA
280,66,double-letters,lexicase,FALSE,10,elitize_generation_data,279,24,0.437,NA
281,66,double-letters,lexicase,FALSE,10,elitize_generation_data,280,26,0.442,NA
282,66,double-letters,lexicase,FALSE,10,elitize_generation_data,281,24,0.438,NA
283,66,double-letters,lexicase,FALSE,10,elitize_generation_data,282,28,0.433,NA
284,66,double-letters,lexicase,FALSE,10,elitize_generation_data,283,30,0.424,NA
285,66,double-letters,lexicase,FALSE,10,elitize_generation_data,284,24,0.464,NA
286,66,double-letters,lexicase,FALSE,10,elitize_generation_data,285,29,0.46,NA
287,66,double-letters,lexicase,FALSE,10,elitize_generation_data,286,25,0.46,NA
288,66,double-letters,lexicase,FALSE,10,elitize_generation_data,287,27,0.441,NA
289,66,double-letters,lexicase,FALSE,10,elitize_generation_data,288,31,0.432,NA
290,66,double-letters,lexicase,FALSE,10,elitize_generation_data,289,30,0.452,NA
291,66,double-letters,lexicase,FALSE,10,elitize_generation_data,290,29,0.433,NA
292,66,double-letters,lexicase,FALSE,10,elitize_generation_data,291,34,0.452,NA
293,66,double-letters,lexicase,FALSE,10,elitize_generation_data,292,35,0.437,NA
294,66,double-letters,lexicase,FALSE,10,elitize_generation_data,293,32,0.447,NA
295,66,double-letters,lexicase,FALSE,10,elitize_generation_data,294,38,0.46,NA
296,66,double-letters,lexicase,FALSE,10,elitize_generation_data,295,34,0.458,NA
297,66,double-letters,lexicase,FALSE,10,elitize_generation_data,296,35,0.472,NA
298,66,double-letters,lexicase,FALSE,10,elitize_generation_data,297,40,0.43,NA
299,66,double-letters,lexicase,FALSE,10,elitize_generation_data,298,46,0.447,NA
300,66,double-letters,lexicase,FALSE,10,elitize_generation_data,299,57,0.456,NA
301,66,double-letters,lexicase,FALSE,10,elitize_generation_data,300,48,0.443,NA
