,run.num,problem,treatment,succeeded,height,normalization.function,generation,cluster.count,error.diversity,success.generation
1,68,double-letters,lexicase,FALSE,10,elitize_generation_data,0,5,0.336,NA
2,68,double-letters,lexicase,FALSE,10,elitize_generation_data,1,9,0.163,NA
3,68,double-letters,lexicase,FALSE,10,elitize_generation_data,2,7,0.209,NA
4,68,double-letters,lexicase,FALSE,10,elitize_generation_data,3,14,0.229,NA
5,68,double-letters,lexicase,FALSE,10,elitize_generation_data,4,16,0.288,NA
6,68,double-letters,lexicase,FALSE,10,elitize_generation_data,5,15,0.352,NA
7,68,double-letters,lexicase,FALSE,10,elitize_generation_data,6,24,0.495,NA
8,68,double-letters,lexicase,FALSE,10,elitize_generation_data,7,35,0.561,NA
9,68,double-letters,lexicase,FALSE,10,elitize_generation_data,8,47,0.636,NA
10,68,double-letters,lexicase,FALSE,10,elitize_generation_data,9,60,0.706,NA
11,68,double-letters,lexicase,FALSE,10,elitize_generation_data,10,61,0.758,NA
12,68,double-letters,lexicase,FALSE,10,elitize_generation_data,11,70,0.772,NA
13,68,double-letters,lexicase,FALSE,10,elitize_generation_data,12,58,0.767,NA
14,68,double-letters,lexicase,FALSE,10,elitize_generation_data,13,71,0.77,NA
15,68,double-letters,lexicase,FALSE,10,elitize_generation_data,14,68,0.8,NA
16,68,double-letters,lexicase,FALSE,10,elitize_generation_data,15,76,0.812,NA
17,68,double-letters,lexicase,FALSE,10,elitize_generation_data,16,70,0.812,NA
18,68,double-letters,lexicase,FALSE,10,elitize_generation_data,17,69,0.807,NA
19,68,double-letters,lexicase,FALSE,10,elitize_generation_data,18,79,0.849,NA
20,68,double-letters,lexicase,FALSE,10,elitize_generation_data,19,60,0.862,NA
21,68,double-letters,lexicase,FALSE,10,elitize_generation_data,20,37,0.822,NA
22,68,double-letters,lexicase,FALSE,10,elitize_generation_data,21,34,0.792,NA
23,68,double-letters,lexicase,FALSE,10,elitize_generation_data,22,41,0.739,NA
24,68,double-letters,lexicase,FALSE,10,elitize_generation_data,23,49,0.75,NA
25,68,double-letters,lexicase,FALSE,10,elitize_generation_data,24,70,0.801,NA
26,68,double-letters,lexicase,FALSE,10,elitize_generation_data,25,83,0.852,NA
27,68,double-letters,lexicase,FALSE,10,elitize_generation_data,26,85,0.858,NA
28,68,double-letters,lexicase,FALSE,10,elitize_generation_data,27,89,0.839,NA
29,68,double-letters,lexicase,FALSE,10,elitize_generation_data,28,97,0.876,NA
30,68,double-letters,lexicase,FALSE,10,elitize_generation_data,29,91,0.878,NA
31,68,double-letters,lexicase,FALSE,10,elitize_generation_data,30,87,0.874,NA
32,68,double-letters,lexicase,FALSE,10,elitize_generation_data,31,85,0.869,NA
33,68,double-letters,lexicase,FALSE,10,elitize_generation_data,32,93,0.892,NA
34,68,double-letters,lexicase,FALSE,10,elitize_generation_data,33,88,0.875,NA
35,68,double-letters,lexicase,FALSE,10,elitize_generation_data,34,92,0.847,NA
36,68,double-letters,lexicase,FALSE,10,elitize_generation_data,35,98,0.85,NA
37,68,double-letters,lexicase,FALSE,10,elitize_generation_data,36,93,0.844,NA
38,68,double-letters,lexicase,FALSE,10,elitize_generation_data,37,98,0.837,NA
39,68,double-letters,lexicase,FALSE,10,elitize_generation_data,38,104,0.852,NA
40,68,double-letters,lexicase,FALSE,10,elitize_generation_data,39,97,0.872,NA
41,68,double-letters,lexicase,FALSE,10,elitize_generation_data,40,117,0.905,NA
42,68,double-letters,lexicase,FALSE,10,elitize_generation_data,41,120,0.862,NA
43,68,double-letters,lexicase,FALSE,10,elitize_generation_data,42,119,0.887,NA
44,68,double-letters,lexicase,FALSE,10,elitize_generation_data,43,121,0.863,NA
45,68,double-letters,lexicase,FALSE,10,elitize_generation_data,44,121,0.887,NA
46,68,double-letters,lexicase,FALSE,10,elitize_generation_data,45,112,0.872,NA
47,68,double-letters,lexicase,FALSE,10,elitize_generation_data,46,100,0.887,NA
48,68,double-letters,lexicase,FALSE,10,elitize_generation_data,47,94,0.862,NA
49,68,double-letters,lexicase,FALSE,10,elitize_generation_data,48,97,0.874,NA
50,68,double-letters,lexicase,FALSE,10,elitize_generation_data,49,99,0.881,NA
51,68,double-letters,lexicase,FALSE,10,elitize_generation_data,50,96,0.873,NA
52,68,double-letters,lexicase,FALSE,10,elitize_generation_data,51,77,0.881,NA
53,68,double-letters,lexicase,FALSE,10,elitize_generation_data,52,65,0.867,NA
54,68,double-letters,lexicase,FALSE,10,elitize_generation_data,53,69,0.865,NA
55,68,double-letters,lexicase,FALSE,10,elitize_generation_data,54,66,0.878,NA
56,68,double-letters,lexicase,FALSE,10,elitize_generation_data,55,73,0.87,NA
57,68,double-letters,lexicase,FALSE,10,elitize_generation_data,56,69,0.884,NA
58,68,double-letters,lexicase,FALSE,10,elitize_generation_data,57,75,0.866,NA
59,68,double-letters,lexicase,FALSE,10,elitize_generation_data,58,68,0.878,NA
60,68,double-letters,lexicase,FALSE,10,elitize_generation_data,59,75,0.882,NA
61,68,double-letters,lexicase,FALSE,10,elitize_generation_data,60,73,0.868,NA
62,68,double-letters,lexicase,FALSE,10,elitize_generation_data,61,76,0.875,NA
63,68,double-letters,lexicase,FALSE,10,elitize_generation_data,62,64,0.872,NA
64,68,double-letters,lexicase,FALSE,10,elitize_generation_data,63,65,0.875,NA
65,68,double-letters,lexicase,FALSE,10,elitize_generation_data,64,63,0.873,NA
66,68,double-letters,lexicase,FALSE,10,elitize_generation_data,65,65,0.844,NA
67,68,double-letters,lexicase,FALSE,10,elitize_generation_data,66,60,0.855,NA
68,68,double-letters,lexicase,FALSE,10,elitize_generation_data,67,61,0.864,NA
69,68,double-letters,lexicase,FALSE,10,elitize_generation_data,68,50,0.844,NA
70,68,double-letters,lexicase,FALSE,10,elitize_generation_data,69,37,0.84,NA
71,68,double-letters,lexicase,FALSE,10,elitize_generation_data,70,28,0.809,NA
72,68,double-letters,lexicase,FALSE,10,elitize_generation_data,71,35,0.829,NA
73,68,double-letters,lexicase,FALSE,10,elitize_generation_data,72,29,0.851,NA
74,68,double-letters,lexicase,FALSE,10,elitize_generation_data,73,30,0.849,NA
75,68,double-letters,lexicase,FALSE,10,elitize_generation_data,74,28,0.846,NA
76,68,double-letters,lexicase,FALSE,10,elitize_generation_data,75,33,0.877,NA
77,68,double-letters,lexicase,FALSE,10,elitize_generation_data,76,42,0.862,NA
78,68,double-letters,lexicase,FALSE,10,elitize_generation_data,77,35,0.887,NA
79,68,double-letters,lexicase,FALSE,10,elitize_generation_data,78,40,0.849,NA
80,68,double-letters,lexicase,FALSE,10,elitize_generation_data,79,37,0.853,NA
81,68,double-letters,lexicase,FALSE,10,elitize_generation_data,80,41,0.868,NA
82,68,double-letters,lexicase,FALSE,10,elitize_generation_data,81,37,0.87,NA
83,68,double-letters,lexicase,FALSE,10,elitize_generation_data,82,39,0.895,NA
84,68,double-letters,lexicase,FALSE,10,elitize_generation_data,83,41,0.867,NA
85,68,double-letters,lexicase,FALSE,10,elitize_generation_data,84,33,0.88,NA
86,68,double-letters,lexicase,FALSE,10,elitize_generation_data,85,31,0.875,NA
87,68,double-letters,lexicase,FALSE,10,elitize_generation_data,86,30,0.886,NA
88,68,double-letters,lexicase,FALSE,10,elitize_generation_data,87,35,0.888,NA
89,68,double-letters,lexicase,FALSE,10,elitize_generation_data,88,35,0.879,NA
90,68,double-letters,lexicase,FALSE,10,elitize_generation_data,89,36,0.886,NA
91,68,double-letters,lexicase,FALSE,10,elitize_generation_data,90,34,0.892,NA
92,68,double-letters,lexicase,FALSE,10,elitize_generation_data,91,35,0.89,NA
93,68,double-letters,lexicase,FALSE,10,elitize_generation_data,92,40,0.892,NA
94,68,double-letters,lexicase,FALSE,10,elitize_generation_data,93,32,0.873,NA
95,68,double-letters,lexicase,FALSE,10,elitize_generation_data,94,33,0.883,NA
96,68,double-letters,lexicase,FALSE,10,elitize_generation_data,95,32,0.87,NA
97,68,double-letters,lexicase,FALSE,10,elitize_generation_data,96,37,0.878,NA
98,68,double-letters,lexicase,FALSE,10,elitize_generation_data,97,35,0.889,NA
99,68,double-letters,lexicase,FALSE,10,elitize_generation_data,98,39,0.891,NA
100,68,double-letters,lexicase,FALSE,10,elitize_generation_data,99,38,0.91,NA
101,68,double-letters,lexicase,FALSE,10,elitize_generation_data,100,31,0.892,NA
102,68,double-letters,lexicase,FALSE,10,elitize_generation_data,101,35,0.889,NA
103,68,double-letters,lexicase,FALSE,10,elitize_generation_data,102,36,0.909,NA
104,68,double-letters,lexicase,FALSE,10,elitize_generation_data,103,37,0.876,NA
105,68,double-letters,lexicase,FALSE,10,elitize_generation_data,104,41,0.912,NA
106,68,double-letters,lexicase,FALSE,10,elitize_generation_data,105,41,0.911,NA
107,68,double-letters,lexicase,FALSE,10,elitize_generation_data,106,47,0.915,NA
108,68,double-letters,lexicase,FALSE,10,elitize_generation_data,107,44,0.91,NA
109,68,double-letters,lexicase,FALSE,10,elitize_generation_data,108,47,0.911,NA
110,68,double-letters,lexicase,FALSE,10,elitize_generation_data,109,47,0.916,NA
111,68,double-letters,lexicase,FALSE,10,elitize_generation_data,110,41,0.905,NA
112,68,double-letters,lexicase,FALSE,10,elitize_generation_data,111,44,0.908,NA
113,68,double-letters,lexicase,FALSE,10,elitize_generation_data,112,43,0.901,NA
114,68,double-letters,lexicase,FALSE,10,elitize_generation_data,113,47,0.901,NA
115,68,double-letters,lexicase,FALSE,10,elitize_generation_data,114,41,0.914,NA
116,68,double-letters,lexicase,FALSE,10,elitize_generation_data,115,43,0.924,NA
117,68,double-letters,lexicase,FALSE,10,elitize_generation_data,116,42,0.902,NA
118,68,double-letters,lexicase,FALSE,10,elitize_generation_data,117,37,0.913,NA
119,68,double-letters,lexicase,FALSE,10,elitize_generation_data,118,40,0.906,NA
120,68,double-letters,lexicase,FALSE,10,elitize_generation_data,119,44,0.905,NA
121,68,double-letters,lexicase,FALSE,10,elitize_generation_data,120,40,0.907,NA
122,68,double-letters,lexicase,FALSE,10,elitize_generation_data,121,45,0.909,NA
123,68,double-letters,lexicase,FALSE,10,elitize_generation_data,122,43,0.912,NA
124,68,double-letters,lexicase,FALSE,10,elitize_generation_data,123,39,0.904,NA
125,68,double-letters,lexicase,FALSE,10,elitize_generation_data,124,44,0.908,NA
126,68,double-letters,lexicase,FALSE,10,elitize_generation_data,125,44,0.922,NA
127,68,double-letters,lexicase,FALSE,10,elitize_generation_data,126,42,0.914,NA
128,68,double-letters,lexicase,FALSE,10,elitize_generation_data,127,47,0.929,NA
129,68,double-letters,lexicase,FALSE,10,elitize_generation_data,128,47,0.897,NA
130,68,double-letters,lexicase,FALSE,10,elitize_generation_data,129,41,0.909,NA
131,68,double-letters,lexicase,FALSE,10,elitize_generation_data,130,45,0.907,NA
132,68,double-letters,lexicase,FALSE,10,elitize_generation_data,131,47,0.901,NA
133,68,double-letters,lexicase,FALSE,10,elitize_generation_data,132,51,0.922,NA
134,68,double-letters,lexicase,FALSE,10,elitize_generation_data,133,47,0.904,NA
135,68,double-letters,lexicase,FALSE,10,elitize_generation_data,134,49,0.914,NA
136,68,double-letters,lexicase,FALSE,10,elitize_generation_data,135,55,0.937,NA
137,68,double-letters,lexicase,FALSE,10,elitize_generation_data,136,47,0.918,NA
138,68,double-letters,lexicase,FALSE,10,elitize_generation_data,137,62,0.923,NA
139,68,double-letters,lexicase,FALSE,10,elitize_generation_data,138,56,0.928,NA
140,68,double-letters,lexicase,FALSE,10,elitize_generation_data,139,59,0.929,NA
141,68,double-letters,lexicase,FALSE,10,elitize_generation_data,140,52,0.915,NA
142,68,double-letters,lexicase,FALSE,10,elitize_generation_data,141,56,0.934,NA
143,68,double-letters,lexicase,FALSE,10,elitize_generation_data,142,55,0.909,NA
144,68,double-letters,lexicase,FALSE,10,elitize_generation_data,143,58,0.937,NA
145,68,double-letters,lexicase,FALSE,10,elitize_generation_data,144,54,0.919,NA
146,68,double-letters,lexicase,FALSE,10,elitize_generation_data,145,60,0.92,NA
147,68,double-letters,lexicase,FALSE,10,elitize_generation_data,146,54,0.922,NA
148,68,double-letters,lexicase,FALSE,10,elitize_generation_data,147,61,0.922,NA
149,68,double-letters,lexicase,FALSE,10,elitize_generation_data,148,57,0.921,NA
150,68,double-letters,lexicase,FALSE,10,elitize_generation_data,149,58,0.933,NA
151,68,double-letters,lexicase,FALSE,10,elitize_generation_data,150,63,0.932,NA
152,68,double-letters,lexicase,FALSE,10,elitize_generation_data,151,60,0.938,NA
153,68,double-letters,lexicase,FALSE,10,elitize_generation_data,152,58,0.938,NA
154,68,double-letters,lexicase,FALSE,10,elitize_generation_data,153,56,0.921,NA
155,68,double-letters,lexicase,FALSE,10,elitize_generation_data,154,62,0.925,NA
156,68,double-letters,lexicase,FALSE,10,elitize_generation_data,155,55,0.944,NA
157,68,double-letters,lexicase,FALSE,10,elitize_generation_data,156,56,0.943,NA
158,68,double-letters,lexicase,FALSE,10,elitize_generation_data,157,47,0.928,NA
159,68,double-letters,lexicase,FALSE,10,elitize_generation_data,158,52,0.931,NA
160,68,double-letters,lexicase,FALSE,10,elitize_generation_data,159,49,0.927,NA
161,68,double-letters,lexicase,FALSE,10,elitize_generation_data,160,45,0.934,NA
162,68,double-letters,lexicase,FALSE,10,elitize_generation_data,161,47,0.942,NA
163,68,double-letters,lexicase,FALSE,10,elitize_generation_data,162,55,0.937,NA
164,68,double-letters,lexicase,FALSE,10,elitize_generation_data,163,59,0.929,NA
165,68,double-letters,lexicase,FALSE,10,elitize_generation_data,164,49,0.94,NA
166,68,double-letters,lexicase,FALSE,10,elitize_generation_data,165,53,0.937,NA
167,68,double-letters,lexicase,FALSE,10,elitize_generation_data,166,61,0.93,NA
168,68,double-letters,lexicase,FALSE,10,elitize_generation_data,167,55,0.943,NA
169,68,double-letters,lexicase,FALSE,10,elitize_generation_data,168,61,0.94,NA
170,68,double-letters,lexicase,FALSE,10,elitize_generation_data,169,59,0.934,NA
171,68,double-letters,lexicase,FALSE,10,elitize_generation_data,170,54,0.911,NA
172,68,double-letters,lexicase,FALSE,10,elitize_generation_data,171,67,0.923,NA
173,68,double-letters,lexicase,FALSE,10,elitize_generation_data,172,71,0.945,NA
174,68,double-letters,lexicase,FALSE,10,elitize_generation_data,173,65,0.955,NA
175,68,double-letters,lexicase,FALSE,10,elitize_generation_data,174,60,0.94,NA
176,68,double-letters,lexicase,FALSE,10,elitize_generation_data,175,56,0.929,NA
177,68,double-letters,lexicase,FALSE,10,elitize_generation_data,176,53,0.943,NA
178,68,double-letters,lexicase,FALSE,10,elitize_generation_data,177,58,0.953,NA
179,68,double-letters,lexicase,FALSE,10,elitize_generation_data,178,54,0.925,NA
180,68,double-letters,lexicase,FALSE,10,elitize_generation_data,179,54,0.935,NA
181,68,double-letters,lexicase,FALSE,10,elitize_generation_data,180,44,0.948,NA
182,68,double-letters,lexicase,FALSE,10,elitize_generation_data,181,41,0.951,NA
183,68,double-letters,lexicase,FALSE,10,elitize_generation_data,182,37,0.962,NA
184,68,double-letters,lexicase,FALSE,10,elitize_generation_data,183,45,0.937,NA
185,68,double-letters,lexicase,FALSE,10,elitize_generation_data,184,48,0.95,NA
186,68,double-letters,lexicase,FALSE,10,elitize_generation_data,185,42,0.955,NA
187,68,double-letters,lexicase,FALSE,10,elitize_generation_data,186,43,0.948,NA
188,68,double-letters,lexicase,FALSE,10,elitize_generation_data,187,35,0.951,NA
189,68,double-letters,lexicase,FALSE,10,elitize_generation_data,188,35,0.955,NA
190,68,double-letters,lexicase,FALSE,10,elitize_generation_data,189,32,0.938,NA
191,68,double-letters,lexicase,FALSE,10,elitize_generation_data,190,35,0.958,NA
192,68,double-letters,lexicase,FALSE,10,elitize_generation_data,191,35,0.946,NA
193,68,double-letters,lexicase,FALSE,10,elitize_generation_data,192,39,0.952,NA
194,68,double-letters,lexicase,FALSE,10,elitize_generation_data,193,37,0.947,NA
195,68,double-letters,lexicase,FALSE,10,elitize_generation_data,194,40,0.945,NA
196,68,double-letters,lexicase,FALSE,10,elitize_generation_data,195,44,0.948,NA
197,68,double-letters,lexicase,FALSE,10,elitize_generation_data,196,44,0.938,NA
198,68,double-letters,lexicase,FALSE,10,elitize_generation_data,197,41,0.942,NA
199,68,double-letters,lexicase,FALSE,10,elitize_generation_data,198,50,0.949,NA
200,68,double-letters,lexicase,FALSE,10,elitize_generation_data,199,50,0.937,NA
201,68,double-letters,lexicase,FALSE,10,elitize_generation_data,200,45,0.944,NA
202,68,double-letters,lexicase,FALSE,10,elitize_generation_data,201,46,0.96,NA
203,68,double-letters,lexicase,FALSE,10,elitize_generation_data,202,45,0.938,NA
204,68,double-letters,lexicase,FALSE,10,elitize_generation_data,203,47,0.959,NA
205,68,double-letters,lexicase,FALSE,10,elitize_generation_data,204,49,0.951,NA
206,68,double-letters,lexicase,FALSE,10,elitize_generation_data,205,45,0.965,NA
207,68,double-letters,lexicase,FALSE,10,elitize_generation_data,206,42,0.959,NA
208,68,double-letters,lexicase,FALSE,10,elitize_generation_data,207,47,0.948,NA
209,68,double-letters,lexicase,FALSE,10,elitize_generation_data,208,47,0.948,NA
210,68,double-letters,lexicase,FALSE,10,elitize_generation_data,209,49,0.956,NA
211,68,double-letters,lexicase,FALSE,10,elitize_generation_data,210,46,0.938,NA
212,68,double-letters,lexicase,FALSE,10,elitize_generation_data,211,46,0.943,NA
213,68,double-letters,lexicase,FALSE,10,elitize_generation_data,212,51,0.945,NA
214,68,double-letters,lexicase,FALSE,10,elitize_generation_data,213,50,0.94,NA
215,68,double-letters,lexicase,FALSE,10,elitize_generation_data,214,50,0.946,NA
216,68,double-letters,lexicase,FALSE,10,elitize_generation_data,215,46,0.953,NA
217,68,double-letters,lexicase,FALSE,10,elitize_generation_data,216,53,0.951,NA
218,68,double-letters,lexicase,FALSE,10,elitize_generation_data,217,47,0.948,NA
219,68,double-letters,lexicase,FALSE,10,elitize_generation_data,218,48,0.959,NA
220,68,double-letters,lexicase,FALSE,10,elitize_generation_data,219,48,0.954,NA
221,68,double-letters,lexicase,FALSE,10,elitize_generation_data,220,44,0.93,NA
222,68,double-letters,lexicase,FALSE,10,elitize_generation_data,221,40,0.941,NA
223,68,double-letters,lexicase,FALSE,10,elitize_generation_data,222,52,0.96,NA
224,68,double-letters,lexicase,FALSE,10,elitize_generation_data,223,45,0.947,NA
225,68,double-letters,lexicase,FALSE,10,elitize_generation_data,224,45,0.94,NA
226,68,double-letters,lexicase,FALSE,10,elitize_generation_data,225,46,0.954,NA
227,68,double-letters,lexicase,FALSE,10,elitize_generation_data,226,52,0.95,NA
228,68,double-letters,lexicase,FALSE,10,elitize_generation_data,227,46,0.953,NA
229,68,double-letters,lexicase,FALSE,10,elitize_generation_data,228,47,0.944,NA
230,68,double-letters,lexicase,FALSE,10,elitize_generation_data,229,44,0.945,NA
231,68,double-letters,lexicase,FALSE,10,elitize_generation_data,230,46,0.945,NA
232,68,double-letters,lexicase,FALSE,10,elitize_generation_data,231,54,0.95,NA
233,68,double-letters,lexicase,FALSE,10,elitize_generation_data,232,44,0.93,NA
234,68,double-letters,lexicase,FALSE,10,elitize_generation_data,233,50,0.957,NA
235,68,double-letters,lexicase,FALSE,10,elitize_generation_data,234,48,0.952,NA
236,68,double-letters,lexicase,FALSE,10,elitize_generation_data,235,45,0.954,NA
237,68,double-letters,lexicase,FALSE,10,elitize_generation_data,236,45,0.952,NA
238,68,double-letters,lexicase,FALSE,10,elitize_generation_data,237,48,0.955,NA
239,68,double-letters,lexicase,FALSE,10,elitize_generation_data,238,43,0.954,NA
240,68,double-letters,lexicase,FALSE,10,elitize_generation_data,239,50,0.933,NA
241,68,double-letters,lexicase,FALSE,10,elitize_generation_data,240,44,0.951,NA
242,68,double-letters,lexicase,FALSE,10,elitize_generation_data,241,45,0.946,NA
243,68,double-letters,lexicase,FALSE,10,elitize_generation_data,242,53,0.952,NA
244,68,double-letters,lexicase,FALSE,10,elitize_generation_data,243,52,0.953,NA
245,68,double-letters,lexicase,FALSE,10,elitize_generation_data,244,51,0.944,NA
246,68,double-letters,lexicase,FALSE,10,elitize_generation_data,245,49,0.951,NA
247,68,double-letters,lexicase,FALSE,10,elitize_generation_data,246,44,0.924,NA
248,68,double-letters,lexicase,FALSE,10,elitize_generation_data,247,47,0.934,NA
249,68,double-letters,lexicase,FALSE,10,elitize_generation_data,248,42,0.928,NA
250,68,double-letters,lexicase,FALSE,10,elitize_generation_data,249,52,0.94,NA
251,68,double-letters,lexicase,FALSE,10,elitize_generation_data,250,45,0.948,NA
252,68,double-letters,lexicase,FALSE,10,elitize_generation_data,251,47,0.931,NA
253,68,double-letters,lexicase,FALSE,10,elitize_generation_data,252,46,0.942,NA
254,68,double-letters,lexicase,FALSE,10,elitize_generation_data,253,48,0.942,NA
255,68,double-letters,lexicase,FALSE,10,elitize_generation_data,254,44,0.927,NA
256,68,double-letters,lexicase,FALSE,10,elitize_generation_data,255,43,0.936,NA
257,68,double-letters,lexicase,FALSE,10,elitize_generation_data,256,46,0.939,NA
258,68,double-letters,lexicase,FALSE,10,elitize_generation_data,257,47,0.925,NA
259,68,double-letters,lexicase,FALSE,10,elitize_generation_data,258,50,0.921,NA
260,68,double-letters,lexicase,FALSE,10,elitize_generation_data,259,48,0.937,NA
261,68,double-letters,lexicase,FALSE,10,elitize_generation_data,260,50,0.956,NA
262,68,double-letters,lexicase,FALSE,10,elitize_generation_data,261,47,0.939,NA
263,68,double-letters,lexicase,FALSE,10,elitize_generation_data,262,47,0.933,NA
264,68,double-letters,lexicase,FALSE,10,elitize_generation_data,263,48,0.947,NA
265,68,double-letters,lexicase,FALSE,10,elitize_generation_data,264,50,0.945,NA
266,68,double-letters,lexicase,FALSE,10,elitize_generation_data,265,46,0.927,NA
267,68,double-letters,lexicase,FALSE,10,elitize_generation_data,266,43,0.943,NA
268,68,double-letters,lexicase,FALSE,10,elitize_generation_data,267,52,0.939,NA
269,68,double-letters,lexicase,FALSE,10,elitize_generation_data,268,58,0.948,NA
270,68,double-letters,lexicase,FALSE,10,elitize_generation_data,269,53,0.947,NA
271,68,double-letters,lexicase,FALSE,10,elitize_generation_data,270,45,0.952,NA
272,68,double-letters,lexicase,FALSE,10,elitize_generation_data,271,51,0.943,NA
273,68,double-letters,lexicase,FALSE,10,elitize_generation_data,272,54,0.961,NA
274,68,double-letters,lexicase,FALSE,10,elitize_generation_data,273,52,0.945,NA
275,68,double-letters,lexicase,FALSE,10,elitize_generation_data,274,51,0.955,NA
276,68,double-letters,lexicase,FALSE,10,elitize_generation_data,275,51,0.947,NA
277,68,double-letters,lexicase,FALSE,10,elitize_generation_data,276,53,0.946,NA
278,68,double-letters,lexicase,FALSE,10,elitize_generation_data,277,48,0.946,NA
279,68,double-letters,lexicase,FALSE,10,elitize_generation_data,278,49,0.958,NA
280,68,double-letters,lexicase,FALSE,10,elitize_generation_data,279,49,0.959,NA
281,68,double-letters,lexicase,FALSE,10,elitize_generation_data,280,50,0.957,NA
282,68,double-letters,lexicase,FALSE,10,elitize_generation_data,281,46,0.943,NA
283,68,double-letters,lexicase,FALSE,10,elitize_generation_data,282,50,0.951,NA
284,68,double-letters,lexicase,FALSE,10,elitize_generation_data,283,47,0.943,NA
285,68,double-letters,lexicase,FALSE,10,elitize_generation_data,284,42,0.954,NA
286,68,double-letters,lexicase,FALSE,10,elitize_generation_data,285,43,0.941,NA
287,68,double-letters,lexicase,FALSE,10,elitize_generation_data,286,48,0.969,NA
288,68,double-letters,lexicase,FALSE,10,elitize_generation_data,287,48,0.961,NA
289,68,double-letters,lexicase,FALSE,10,elitize_generation_data,288,45,0.94,NA
290,68,double-letters,lexicase,FALSE,10,elitize_generation_data,289,52,0.954,NA
291,68,double-letters,lexicase,FALSE,10,elitize_generation_data,290,56,0.951,NA
292,68,double-letters,lexicase,FALSE,10,elitize_generation_data,291,51,0.944,NA
293,68,double-letters,lexicase,FALSE,10,elitize_generation_data,292,54,0.95,NA
294,68,double-letters,lexicase,FALSE,10,elitize_generation_data,293,50,0.963,NA
295,68,double-letters,lexicase,FALSE,10,elitize_generation_data,294,53,0.956,NA
296,68,double-letters,lexicase,FALSE,10,elitize_generation_data,295,53,0.952,NA
297,68,double-letters,lexicase,FALSE,10,elitize_generation_data,296,52,0.965,NA
298,68,double-letters,lexicase,FALSE,10,elitize_generation_data,297,57,0.943,NA
299,68,double-letters,lexicase,FALSE,10,elitize_generation_data,298,52,0.944,NA
300,68,double-letters,lexicase,FALSE,10,elitize_generation_data,299,62,0.947,NA
301,68,double-letters,lexicase,FALSE,10,elitize_generation_data,300,59,0.944,NA
