,run.num,problem,treatment,succeeded,height,normalization.function,generation,cluster.count,error.diversity,success.generation
1,70,double-letters,lexicase,FALSE,10,elitize_generation_data,0,8,0.396,NA
2,70,double-letters,lexicase,FALSE,10,elitize_generation_data,1,6,0.054,NA
3,70,double-letters,lexicase,FALSE,10,elitize_generation_data,2,6,0.128,NA
4,70,double-letters,lexicase,FALSE,10,elitize_generation_data,3,9,0.11,NA
5,70,double-letters,lexicase,FALSE,10,elitize_generation_data,4,11,0.097,NA
6,70,double-letters,lexicase,FALSE,10,elitize_generation_data,5,13,0.128,NA
7,70,double-letters,lexicase,FALSE,10,elitize_generation_data,6,25,0.178,NA
8,70,double-letters,lexicase,FALSE,10,elitize_generation_data,7,22,0.279,NA
9,70,double-letters,lexicase,FALSE,10,elitize_generation_data,8,33,0.32,NA
10,70,double-letters,lexicase,FALSE,10,elitize_generation_data,9,44,0.464,NA
11,70,double-letters,lexicase,FALSE,10,elitize_generation_data,10,68,0.581,NA
12,70,double-letters,lexicase,FALSE,10,elitize_generation_data,11,87,0.608,NA
13,70,double-letters,lexicase,FALSE,10,elitize_generation_data,12,102,0.664,NA
14,70,double-letters,lexicase,FALSE,10,elitize_generation_data,13,104,0.691,NA
15,70,double-letters,lexicase,FALSE,10,elitize_generation_data,14,110,0.652,NA
16,70,double-letters,lexicase,FALSE,10,elitize_generation_data,15,112,0.687,NA
17,70,double-letters,lexicase,FALSE,10,elitize_generation_data,16,131,0.653,NA
18,70,double-letters,lexicase,FALSE,10,elitize_generation_data,17,139,0.678,NA
19,70,double-letters,lexicase,FALSE,10,elitize_generation_data,18,146,0.692,NA
20,70,double-letters,lexicase,FALSE,10,elitize_generation_data,19,136,0.679,NA
21,70,double-letters,lexicase,FALSE,10,elitize_generation_data,20,134,0.715,NA
22,70,double-letters,lexicase,FALSE,10,elitize_generation_data,21,145,0.723,NA
23,70,double-letters,lexicase,FALSE,10,elitize_generation_data,22,147,0.682,NA
24,70,double-letters,lexicase,FALSE,10,elitize_generation_data,23,160,0.713,NA
25,70,double-letters,lexicase,FALSE,10,elitize_generation_data,24,162,0.722,NA
26,70,double-letters,lexicase,FALSE,10,elitize_generation_data,25,157,0.688,NA
27,70,double-letters,lexicase,FALSE,10,elitize_generation_data,26,144,0.722,NA
28,70,double-letters,lexicase,FALSE,10,elitize_generation_data,27,141,0.689,NA
29,70,double-letters,lexicase,FALSE,10,elitize_generation_data,28,154,0.713,NA
30,70,double-letters,lexicase,FALSE,10,elitize_generation_data,29,159,0.719,NA
31,70,double-letters,lexicase,FALSE,10,elitize_generation_data,30,138,0.705,NA
32,70,double-letters,lexicase,FALSE,10,elitize_generation_data,31,151,0.729,NA
33,70,double-letters,lexicase,FALSE,10,elitize_generation_data,32,139,0.728,NA
34,70,double-letters,lexicase,FALSE,10,elitize_generation_data,33,148,0.72,NA
35,70,double-letters,lexicase,FALSE,10,elitize_generation_data,34,138,0.712,NA
36,70,double-letters,lexicase,FALSE,10,elitize_generation_data,35,146,0.729,NA
37,70,double-letters,lexicase,FALSE,10,elitize_generation_data,36,124,0.734,NA
38,70,double-letters,lexicase,FALSE,10,elitize_generation_data,37,114,0.71,NA
39,70,double-letters,lexicase,FALSE,10,elitize_generation_data,38,103,0.71,NA
40,70,double-letters,lexicase,FALSE,10,elitize_generation_data,39,104,0.707,NA
41,70,double-letters,lexicase,FALSE,10,elitize_generation_data,40,54,0.712,NA
42,70,double-letters,lexicase,FALSE,10,elitize_generation_data,41,47,0.664,NA
43,70,double-letters,lexicase,FALSE,10,elitize_generation_data,42,36,0.68,NA
44,70,double-letters,lexicase,FALSE,10,elitize_generation_data,43,38,0.715,NA
45,70,double-letters,lexicase,FALSE,10,elitize_generation_data,44,44,0.722,NA
46,70,double-letters,lexicase,FALSE,10,elitize_generation_data,45,41,0.709,NA
47,70,double-letters,lexicase,FALSE,10,elitize_generation_data,46,38,0.686,NA
48,70,double-letters,lexicase,FALSE,10,elitize_generation_data,47,41,0.734,NA
49,70,double-letters,lexicase,FALSE,10,elitize_generation_data,48,47,0.707,NA
50,70,double-letters,lexicase,FALSE,10,elitize_generation_data,49,49,0.727,NA
51,70,double-letters,lexicase,FALSE,10,elitize_generation_data,50,48,0.75,NA
52,70,double-letters,lexicase,FALSE,10,elitize_generation_data,51,50,0.704,NA
53,70,double-letters,lexicase,FALSE,10,elitize_generation_data,52,54,0.739,NA
54,70,double-letters,lexicase,FALSE,10,elitize_generation_data,53,55,0.751,NA
55,70,double-letters,lexicase,FALSE,10,elitize_generation_data,54,54,0.748,NA
56,70,double-letters,lexicase,FALSE,10,elitize_generation_data,55,49,0.752,NA
57,70,double-letters,lexicase,FALSE,10,elitize_generation_data,56,39,0.756,NA
58,70,double-letters,lexicase,FALSE,10,elitize_generation_data,57,48,0.729,NA
59,70,double-letters,lexicase,FALSE,10,elitize_generation_data,58,55,0.758,NA
60,70,double-letters,lexicase,FALSE,10,elitize_generation_data,59,59,0.755,NA
61,70,double-letters,lexicase,FALSE,10,elitize_generation_data,60,56,0.786,NA
62,70,double-letters,lexicase,FALSE,10,elitize_generation_data,61,59,0.792,NA
63,70,double-letters,lexicase,FALSE,10,elitize_generation_data,62,62,0.787,NA
64,70,double-letters,lexicase,FALSE,10,elitize_generation_data,63,64,0.784,NA
65,70,double-letters,lexicase,FALSE,10,elitize_generation_data,64,60,0.781,NA
66,70,double-letters,lexicase,FALSE,10,elitize_generation_data,65,62,0.774,NA
67,70,double-letters,lexicase,FALSE,10,elitize_generation_data,66,64,0.772,NA
68,70,double-letters,lexicase,FALSE,10,elitize_generation_data,67,63,0.775,NA
69,70,double-letters,lexicase,FALSE,10,elitize_generation_data,68,62,0.774,NA
70,70,double-letters,lexicase,FALSE,10,elitize_generation_data,69,61,0.77,NA
71,70,double-letters,lexicase,FALSE,10,elitize_generation_data,70,56,0.777,NA
72,70,double-letters,lexicase,FALSE,10,elitize_generation_data,71,60,0.747,NA
73,70,double-letters,lexicase,FALSE,10,elitize_generation_data,72,58,0.772,NA
74,70,double-letters,lexicase,FALSE,10,elitize_generation_data,73,67,0.792,NA
75,70,double-letters,lexicase,FALSE,10,elitize_generation_data,74,74,0.792,NA
76,70,double-letters,lexicase,FALSE,10,elitize_generation_data,75,68,0.801,NA
77,70,double-letters,lexicase,FALSE,10,elitize_generation_data,76,66,0.793,NA
78,70,double-letters,lexicase,FALSE,10,elitize_generation_data,77,70,0.775,NA
79,70,double-letters,lexicase,FALSE,10,elitize_generation_data,78,82,0.806,NA
80,70,double-letters,lexicase,FALSE,10,elitize_generation_data,79,82,0.799,NA
81,70,double-letters,lexicase,FALSE,10,elitize_generation_data,80,81,0.802,NA
82,70,double-letters,lexicase,FALSE,10,elitize_generation_data,81,72,0.804,NA
83,70,double-letters,lexicase,FALSE,10,elitize_generation_data,82,66,0.794,NA
84,70,double-letters,lexicase,FALSE,10,elitize_generation_data,83,32,0.796,NA
85,70,double-letters,lexicase,FALSE,10,elitize_generation_data,84,30,0.774,NA
86,70,double-letters,lexicase,FALSE,10,elitize_generation_data,85,32,0.788,NA
87,70,double-letters,lexicase,FALSE,10,elitize_generation_data,86,27,0.8,NA
88,70,double-letters,lexicase,FALSE,10,elitize_generation_data,87,27,0.832,NA
89,70,double-letters,lexicase,FALSE,10,elitize_generation_data,88,31,0.815,NA
90,70,double-letters,lexicase,FALSE,10,elitize_generation_data,89,34,0.814,NA
91,70,double-letters,lexicase,FALSE,10,elitize_generation_data,90,29,0.815,NA
92,70,double-letters,lexicase,FALSE,10,elitize_generation_data,91,31,0.819,NA
93,70,double-letters,lexicase,FALSE,10,elitize_generation_data,92,29,0.847,NA
94,70,double-letters,lexicase,FALSE,10,elitize_generation_data,93,33,0.845,NA
95,70,double-letters,lexicase,FALSE,10,elitize_generation_data,94,37,0.85,NA
96,70,double-letters,lexicase,FALSE,10,elitize_generation_data,95,36,0.867,NA
97,70,double-letters,lexicase,FALSE,10,elitize_generation_data,96,37,0.846,NA
98,70,double-letters,lexicase,FALSE,10,elitize_generation_data,97,39,0.855,NA
99,70,double-letters,lexicase,FALSE,10,elitize_generation_data,98,37,0.855,NA
100,70,double-letters,lexicase,FALSE,10,elitize_generation_data,99,46,0.844,NA
101,70,double-letters,lexicase,FALSE,10,elitize_generation_data,100,41,0.841,NA
102,70,double-letters,lexicase,FALSE,10,elitize_generation_data,101,41,0.845,NA
103,70,double-letters,lexicase,FALSE,10,elitize_generation_data,102,38,0.857,NA
104,70,double-letters,lexicase,FALSE,10,elitize_generation_data,103,38,0.845,NA
105,70,double-letters,lexicase,FALSE,10,elitize_generation_data,104,43,0.855,NA
106,70,double-letters,lexicase,FALSE,10,elitize_generation_data,105,46,0.848,NA
107,70,double-letters,lexicase,FALSE,10,elitize_generation_data,106,46,0.846,NA
108,70,double-letters,lexicase,FALSE,10,elitize_generation_data,107,48,0.848,NA
109,70,double-letters,lexicase,FALSE,10,elitize_generation_data,108,46,0.854,NA
110,70,double-letters,lexicase,FALSE,10,elitize_generation_data,109,42,0.849,NA
111,70,double-letters,lexicase,FALSE,10,elitize_generation_data,110,39,0.846,NA
112,70,double-letters,lexicase,FALSE,10,elitize_generation_data,111,37,0.859,NA
113,70,double-letters,lexicase,FALSE,10,elitize_generation_data,112,41,0.857,NA
114,70,double-letters,lexicase,FALSE,10,elitize_generation_data,113,40,0.858,NA
115,70,double-letters,lexicase,FALSE,10,elitize_generation_data,114,43,0.84,NA
116,70,double-letters,lexicase,FALSE,10,elitize_generation_data,115,45,0.842,NA
117,70,double-letters,lexicase,FALSE,10,elitize_generation_data,116,42,0.831,NA
118,70,double-letters,lexicase,FALSE,10,elitize_generation_data,117,47,0.836,NA
119,70,double-letters,lexicase,FALSE,10,elitize_generation_data,118,35,0.84,NA
120,70,double-letters,lexicase,FALSE,10,elitize_generation_data,119,30,0.848,NA
121,70,double-letters,lexicase,FALSE,10,elitize_generation_data,120,34,0.825,NA
122,70,double-letters,lexicase,FALSE,10,elitize_generation_data,121,37,0.831,NA
123,70,double-letters,lexicase,FALSE,10,elitize_generation_data,122,45,0.834,NA
124,70,double-letters,lexicase,FALSE,10,elitize_generation_data,123,39,0.871,NA
125,70,double-letters,lexicase,FALSE,10,elitize_generation_data,124,40,0.839,NA
126,70,double-letters,lexicase,FALSE,10,elitize_generation_data,125,33,0.889,NA
127,70,double-letters,lexicase,FALSE,10,elitize_generation_data,126,35,0.886,NA
128,70,double-letters,lexicase,FALSE,10,elitize_generation_data,127,42,0.865,NA
129,70,double-letters,lexicase,FALSE,10,elitize_generation_data,128,43,0.865,NA
130,70,double-letters,lexicase,FALSE,10,elitize_generation_data,129,47,0.857,NA
131,70,double-letters,lexicase,FALSE,10,elitize_generation_data,130,51,0.879,NA
132,70,double-letters,lexicase,FALSE,10,elitize_generation_data,131,40,0.875,NA
133,70,double-letters,lexicase,FALSE,10,elitize_generation_data,132,45,0.883,NA
134,70,double-letters,lexicase,FALSE,10,elitize_generation_data,133,47,0.857,NA
135,70,double-letters,lexicase,FALSE,10,elitize_generation_data,134,38,0.873,NA
136,70,double-letters,lexicase,FALSE,10,elitize_generation_data,135,39,0.848,NA
137,70,double-letters,lexicase,FALSE,10,elitize_generation_data,136,42,0.857,NA
138,70,double-letters,lexicase,FALSE,10,elitize_generation_data,137,41,0.883,NA
139,70,double-letters,lexicase,FALSE,10,elitize_generation_data,138,37,0.885,NA
140,70,double-letters,lexicase,FALSE,10,elitize_generation_data,139,34,0.859,NA
141,70,double-letters,lexicase,FALSE,10,elitize_generation_data,140,34,0.873,NA
142,70,double-letters,lexicase,FALSE,10,elitize_generation_data,141,18,0.855,NA
143,70,double-letters,lexicase,FALSE,10,elitize_generation_data,142,15,0.823,NA
144,70,double-letters,lexicase,FALSE,10,elitize_generation_data,143,18,0.804,NA
145,70,double-letters,lexicase,FALSE,10,elitize_generation_data,144,12,0.846,NA
146,70,double-letters,lexicase,FALSE,10,elitize_generation_data,145,16,0.856,NA
147,70,double-letters,lexicase,FALSE,10,elitize_generation_data,146,19,0.864,NA
148,70,double-letters,lexicase,FALSE,10,elitize_generation_data,147,21,0.849,NA
149,70,double-letters,lexicase,FALSE,10,elitize_generation_data,148,20,0.848,NA
150,70,double-letters,lexicase,FALSE,10,elitize_generation_data,149,22,0.822,NA
151,70,double-letters,lexicase,FALSE,10,elitize_generation_data,150,23,0.779,NA
152,70,double-letters,lexicase,FALSE,10,elitize_generation_data,151,23,0.815,NA
153,70,double-letters,lexicase,FALSE,10,elitize_generation_data,152,22,0.835,NA
154,70,double-letters,lexicase,FALSE,10,elitize_generation_data,153,18,0.823,NA
155,70,double-letters,lexicase,FALSE,10,elitize_generation_data,154,19,0.818,NA
156,70,double-letters,lexicase,FALSE,10,elitize_generation_data,155,21,0.833,NA
157,70,double-letters,lexicase,FALSE,10,elitize_generation_data,156,25,0.856,NA
158,70,double-letters,lexicase,FALSE,10,elitize_generation_data,157,21,0.836,NA
159,70,double-letters,lexicase,FALSE,10,elitize_generation_data,158,18,0.82,NA
160,70,double-letters,lexicase,FALSE,10,elitize_generation_data,159,22,0.796,NA
161,70,double-letters,lexicase,FALSE,10,elitize_generation_data,160,17,0.781,NA
162,70,double-letters,lexicase,FALSE,10,elitize_generation_data,161,18,0.801,NA
163,70,double-letters,lexicase,FALSE,10,elitize_generation_data,162,21,0.785,NA
164,70,double-letters,lexicase,FALSE,10,elitize_generation_data,163,19,0.8,NA
165,70,double-letters,lexicase,FALSE,10,elitize_generation_data,164,21,0.801,NA
166,70,double-letters,lexicase,FALSE,10,elitize_generation_data,165,19,0.797,NA
167,70,double-letters,lexicase,FALSE,10,elitize_generation_data,166,17,0.82,NA
168,70,double-letters,lexicase,FALSE,10,elitize_generation_data,167,17,0.804,NA
169,70,double-letters,lexicase,FALSE,10,elitize_generation_data,168,15,0.821,NA
170,70,double-letters,lexicase,FALSE,10,elitize_generation_data,169,12,0.82,NA
171,70,double-letters,lexicase,FALSE,10,elitize_generation_data,170,9,0.822,NA
172,70,double-letters,lexicase,FALSE,10,elitize_generation_data,171,11,0.834,NA
173,70,double-letters,lexicase,FALSE,10,elitize_generation_data,172,16,0.805,NA
174,70,double-letters,lexicase,FALSE,10,elitize_generation_data,173,13,0.817,NA
175,70,double-letters,lexicase,FALSE,10,elitize_generation_data,174,17,0.837,NA
176,70,double-letters,lexicase,FALSE,10,elitize_generation_data,175,16,0.822,NA
177,70,double-letters,lexicase,FALSE,10,elitize_generation_data,176,12,0.833,NA
178,70,double-letters,lexicase,FALSE,10,elitize_generation_data,177,16,0.797,NA
179,70,double-letters,lexicase,FALSE,10,elitize_generation_data,178,17,0.821,NA
180,70,double-letters,lexicase,FALSE,10,elitize_generation_data,179,17,0.818,NA
181,70,double-letters,lexicase,FALSE,10,elitize_generation_data,180,12,0.799,NA
182,70,double-letters,lexicase,FALSE,10,elitize_generation_data,181,13,0.815,NA
183,70,double-letters,lexicase,FALSE,10,elitize_generation_data,182,17,0.804,NA
184,70,double-letters,lexicase,FALSE,10,elitize_generation_data,183,13,0.808,NA
185,70,double-letters,lexicase,FALSE,10,elitize_generation_data,184,11,0.803,NA
186,70,double-letters,lexicase,FALSE,10,elitize_generation_data,185,14,0.795,NA
187,70,double-letters,lexicase,FALSE,10,elitize_generation_data,186,16,0.815,NA
188,70,double-letters,lexicase,FALSE,10,elitize_generation_data,187,14,0.835,NA
189,70,double-letters,lexicase,FALSE,10,elitize_generation_data,188,14,0.804,NA
190,70,double-letters,lexicase,FALSE,10,elitize_generation_data,189,16,0.788,NA
191,70,double-letters,lexicase,FALSE,10,elitize_generation_data,190,15,0.81,NA
192,70,double-letters,lexicase,FALSE,10,elitize_generation_data,191,15,0.815,NA
193,70,double-letters,lexicase,FALSE,10,elitize_generation_data,192,15,0.793,NA
194,70,double-letters,lexicase,FALSE,10,elitize_generation_data,193,14,0.792,NA
195,70,double-letters,lexicase,FALSE,10,elitize_generation_data,194,16,0.826,NA
196,70,double-letters,lexicase,FALSE,10,elitize_generation_data,195,11,0.795,NA
197,70,double-letters,lexicase,FALSE,10,elitize_generation_data,196,14,0.795,NA
198,70,double-letters,lexicase,FALSE,10,elitize_generation_data,197,14,0.802,NA
199,70,double-letters,lexicase,FALSE,10,elitize_generation_data,198,14,0.81,NA
200,70,double-letters,lexicase,FALSE,10,elitize_generation_data,199,12,0.799,NA
201,70,double-letters,lexicase,FALSE,10,elitize_generation_data,200,15,0.789,NA
202,70,double-letters,lexicase,FALSE,10,elitize_generation_data,201,12,0.803,NA
203,70,double-letters,lexicase,FALSE,10,elitize_generation_data,202,14,0.806,NA
204,70,double-letters,lexicase,FALSE,10,elitize_generation_data,203,17,0.808,NA
205,70,double-letters,lexicase,FALSE,10,elitize_generation_data,204,15,0.794,NA
206,70,double-letters,lexicase,FALSE,10,elitize_generation_data,205,18,0.789,NA
207,70,double-letters,lexicase,FALSE,10,elitize_generation_data,206,19,0.794,NA
208,70,double-letters,lexicase,FALSE,10,elitize_generation_data,207,17,0.749,NA
209,70,double-letters,lexicase,FALSE,10,elitize_generation_data,208,17,0.798,NA
210,70,double-letters,lexicase,FALSE,10,elitize_generation_data,209,16,0.786,NA
211,70,double-letters,lexicase,FALSE,10,elitize_generation_data,210,15,0.761,NA
212,70,double-letters,lexicase,FALSE,10,elitize_generation_data,211,12,0.762,NA
213,70,double-letters,lexicase,FALSE,10,elitize_generation_data,212,13,0.769,NA
214,70,double-letters,lexicase,FALSE,10,elitize_generation_data,213,12,0.756,NA
215,70,double-letters,lexicase,FALSE,10,elitize_generation_data,214,13,0.789,NA
216,70,double-letters,lexicase,FALSE,10,elitize_generation_data,215,11,0.781,NA
217,70,double-letters,lexicase,FALSE,10,elitize_generation_data,216,14,0.754,NA
218,70,double-letters,lexicase,FALSE,10,elitize_generation_data,217,14,0.76,NA
219,70,double-letters,lexicase,FALSE,10,elitize_generation_data,218,14,0.748,NA
220,70,double-letters,lexicase,FALSE,10,elitize_generation_data,219,13,0.752,NA
221,70,double-letters,lexicase,FALSE,10,elitize_generation_data,220,14,0.767,NA
222,70,double-letters,lexicase,FALSE,10,elitize_generation_data,221,16,0.795,NA
223,70,double-letters,lexicase,FALSE,10,elitize_generation_data,222,12,0.766,NA
224,70,double-letters,lexicase,FALSE,10,elitize_generation_data,223,13,0.77,NA
225,70,double-letters,lexicase,FALSE,10,elitize_generation_data,224,14,0.758,NA
226,70,double-letters,lexicase,FALSE,10,elitize_generation_data,225,19,0.765,NA
227,70,double-letters,lexicase,FALSE,10,elitize_generation_data,226,18,0.76,NA
228,70,double-letters,lexicase,FALSE,10,elitize_generation_data,227,18,0.777,NA
229,70,double-letters,lexicase,FALSE,10,elitize_generation_data,228,15,0.779,NA
230,70,double-letters,lexicase,FALSE,10,elitize_generation_data,229,17,0.777,NA
231,70,double-letters,lexicase,FALSE,10,elitize_generation_data,230,20,0.766,NA
232,70,double-letters,lexicase,FALSE,10,elitize_generation_data,231,23,0.782,NA
233,70,double-letters,lexicase,FALSE,10,elitize_generation_data,232,23,0.797,NA
234,70,double-letters,lexicase,FALSE,10,elitize_generation_data,233,24,0.824,NA
235,70,double-letters,lexicase,FALSE,10,elitize_generation_data,234,24,0.818,NA
236,70,double-letters,lexicase,FALSE,10,elitize_generation_data,235,21,0.805,NA
237,70,double-letters,lexicase,FALSE,10,elitize_generation_data,236,21,0.777,NA
238,70,double-letters,lexicase,FALSE,10,elitize_generation_data,237,20,0.825,NA
239,70,double-letters,lexicase,FALSE,10,elitize_generation_data,238,15,0.784,NA
240,70,double-letters,lexicase,FALSE,10,elitize_generation_data,239,23,0.817,NA
241,70,double-letters,lexicase,FALSE,10,elitize_generation_data,240,18,0.829,NA
242,70,double-letters,lexicase,FALSE,10,elitize_generation_data,241,22,0.798,NA
243,70,double-letters,lexicase,FALSE,10,elitize_generation_data,242,25,0.817,NA
244,70,double-letters,lexicase,FALSE,10,elitize_generation_data,243,25,0.798,NA
245,70,double-letters,lexicase,FALSE,10,elitize_generation_data,244,28,0.819,NA
246,70,double-letters,lexicase,FALSE,10,elitize_generation_data,245,21,0.783,NA
247,70,double-letters,lexicase,FALSE,10,elitize_generation_data,246,26,0.784,NA
248,70,double-letters,lexicase,FALSE,10,elitize_generation_data,247,23,0.805,NA
249,70,double-letters,lexicase,FALSE,10,elitize_generation_data,248,23,0.824,NA
250,70,double-letters,lexicase,FALSE,10,elitize_generation_data,249,18,0.812,NA
251,70,double-letters,lexicase,FALSE,10,elitize_generation_data,250,22,0.816,NA
252,70,double-letters,lexicase,FALSE,10,elitize_generation_data,251,22,0.84,NA
253,70,double-letters,lexicase,FALSE,10,elitize_generation_data,252,26,0.846,NA
254,70,double-letters,lexicase,FALSE,10,elitize_generation_data,253,22,0.81,NA
255,70,double-letters,lexicase,FALSE,10,elitize_generation_data,254,19,0.824,NA
256,70,double-letters,lexicase,FALSE,10,elitize_generation_data,255,25,0.82,NA
257,70,double-letters,lexicase,FALSE,10,elitize_generation_data,256,23,0.847,NA
258,70,double-letters,lexicase,FALSE,10,elitize_generation_data,257,23,0.837,NA
259,70,double-letters,lexicase,FALSE,10,elitize_generation_data,258,20,0.82,NA
260,70,double-letters,lexicase,FALSE,10,elitize_generation_data,259,23,0.815,NA
261,70,double-letters,lexicase,FALSE,10,elitize_generation_data,260,24,0.858,NA
262,70,double-letters,lexicase,FALSE,10,elitize_generation_data,261,20,0.82,NA
263,70,double-letters,lexicase,FALSE,10,elitize_generation_data,262,22,0.819,NA
264,70,double-letters,lexicase,FALSE,10,elitize_generation_data,263,21,0.827,NA
265,70,double-letters,lexicase,FALSE,10,elitize_generation_data,264,23,0.845,NA
266,70,double-letters,lexicase,FALSE,10,elitize_generation_data,265,20,0.823,NA
267,70,double-letters,lexicase,FALSE,10,elitize_generation_data,266,17,0.797,NA
268,70,double-letters,lexicase,FALSE,10,elitize_generation_data,267,20,0.818,NA
269,70,double-letters,lexicase,FALSE,10,elitize_generation_data,268,18,0.825,NA
270,70,double-letters,lexicase,FALSE,10,elitize_generation_data,269,22,0.83,NA
271,70,double-letters,lexicase,FALSE,10,elitize_generation_data,270,19,0.788,NA
272,70,double-letters,lexicase,FALSE,10,elitize_generation_data,271,18,0.806,NA
273,70,double-letters,lexicase,FALSE,10,elitize_generation_data,272,20,0.815,NA
274,70,double-letters,lexicase,FALSE,10,elitize_generation_data,273,19,0.827,NA
275,70,double-letters,lexicase,FALSE,10,elitize_generation_data,274,16,0.848,NA
276,70,double-letters,lexicase,FALSE,10,elitize_generation_data,275,19,0.811,NA
277,70,double-letters,lexicase,FALSE,10,elitize_generation_data,276,22,0.815,NA
278,70,double-letters,lexicase,FALSE,10,elitize_generation_data,277,18,0.824,NA
279,70,double-letters,lexicase,FALSE,10,elitize_generation_data,278,25,0.796,NA
280,70,double-letters,lexicase,FALSE,10,elitize_generation_data,279,30,0.818,NA
281,70,double-letters,lexicase,FALSE,10,elitize_generation_data,280,22,0.841,NA
282,70,double-letters,lexicase,FALSE,10,elitize_generation_data,281,29,0.827,NA
283,70,double-letters,lexicase,FALSE,10,elitize_generation_data,282,29,0.81,NA
284,70,double-letters,lexicase,FALSE,10,elitize_generation_data,283,27,0.814,NA
285,70,double-letters,lexicase,FALSE,10,elitize_generation_data,284,23,0.833,NA
286,70,double-letters,lexicase,FALSE,10,elitize_generation_data,285,23,0.819,NA
287,70,double-letters,lexicase,FALSE,10,elitize_generation_data,286,22,0.836,NA
288,70,double-letters,lexicase,FALSE,10,elitize_generation_data,287,26,0.828,NA
289,70,double-letters,lexicase,FALSE,10,elitize_generation_data,288,19,0.854,NA
290,70,double-letters,lexicase,FALSE,10,elitize_generation_data,289,19,0.845,NA
291,70,double-letters,lexicase,FALSE,10,elitize_generation_data,290,24,0.849,NA
292,70,double-letters,lexicase,FALSE,10,elitize_generation_data,291,22,0.846,NA
293,70,double-letters,lexicase,FALSE,10,elitize_generation_data,292,22,0.836,NA
294,70,double-letters,lexicase,FALSE,10,elitize_generation_data,293,23,0.824,NA
295,70,double-letters,lexicase,FALSE,10,elitize_generation_data,294,20,0.833,NA
296,70,double-letters,lexicase,FALSE,10,elitize_generation_data,295,26,0.842,NA
297,70,double-letters,lexicase,FALSE,10,elitize_generation_data,296,20,0.811,NA
298,70,double-letters,lexicase,FALSE,10,elitize_generation_data,297,29,0.833,NA
299,70,double-letters,lexicase,FALSE,10,elitize_generation_data,298,22,0.833,NA
300,70,double-letters,lexicase,FALSE,10,elitize_generation_data,299,25,0.818,NA
301,70,double-letters,lexicase,FALSE,10,elitize_generation_data,300,26,0.832,NA
