,run.num,problem,treatment,succeeded,height,normalization.function,generation,cluster.count,error.diversity,success.generation
1,78,double-letters,lexicase,FALSE,10,elitize_generation_data,0,5,0.392,NA
2,78,double-letters,lexicase,FALSE,10,elitize_generation_data,1,7,0.118,NA
3,78,double-letters,lexicase,FALSE,10,elitize_generation_data,2,12,0.115,NA
4,78,double-letters,lexicase,FALSE,10,elitize_generation_data,3,12,0.204,NA
5,78,double-letters,lexicase,FALSE,10,elitize_generation_data,4,16,0.25,NA
6,78,double-letters,lexicase,FALSE,10,elitize_generation_data,5,18,0.301,NA
7,78,double-letters,lexicase,FALSE,10,elitize_generation_data,6,20,0.373,NA
8,78,double-letters,lexicase,FALSE,10,elitize_generation_data,7,24,0.428,NA
9,78,double-letters,lexicase,FALSE,10,elitize_generation_data,8,27,0.437,NA
10,78,double-letters,lexicase,FALSE,10,elitize_generation_data,9,36,0.438,NA
11,78,double-letters,lexicase,FALSE,10,elitize_generation_data,10,45,0.476,NA
12,78,double-letters,lexicase,FALSE,10,elitize_generation_data,11,49,0.48,NA
13,78,double-letters,lexicase,FALSE,10,elitize_generation_data,12,51,0.5,NA
14,78,double-letters,lexicase,FALSE,10,elitize_generation_data,13,54,0.526,NA
15,78,double-letters,lexicase,FALSE,10,elitize_generation_data,14,60,0.565,NA
16,78,double-letters,lexicase,FALSE,10,elitize_generation_data,15,56,0.56,NA
17,78,double-letters,lexicase,FALSE,10,elitize_generation_data,16,70,0.594,NA
18,78,double-letters,lexicase,FALSE,10,elitize_generation_data,17,70,0.615,NA
19,78,double-letters,lexicase,FALSE,10,elitize_generation_data,18,67,0.634,NA
20,78,double-letters,lexicase,FALSE,10,elitize_generation_data,19,62,0.636,NA
21,78,double-letters,lexicase,FALSE,10,elitize_generation_data,20,71,0.667,NA
22,78,double-letters,lexicase,FALSE,10,elitize_generation_data,21,66,0.652,NA
23,78,double-letters,lexicase,FALSE,10,elitize_generation_data,22,64,0.658,NA
24,78,double-letters,lexicase,FALSE,10,elitize_generation_data,23,60,0.664,NA
25,78,double-letters,lexicase,FALSE,10,elitize_generation_data,24,47,0.644,NA
26,78,double-letters,lexicase,FALSE,10,elitize_generation_data,25,42,0.687,NA
27,78,double-letters,lexicase,FALSE,10,elitize_generation_data,26,51,0.642,NA
28,78,double-letters,lexicase,FALSE,10,elitize_generation_data,27,52,0.635,NA
29,78,double-letters,lexicase,FALSE,10,elitize_generation_data,28,50,0.662,NA
30,78,double-letters,lexicase,FALSE,10,elitize_generation_data,29,55,0.647,NA
31,78,double-letters,lexicase,FALSE,10,elitize_generation_data,30,55,0.663,NA
32,78,double-letters,lexicase,FALSE,10,elitize_generation_data,31,51,0.656,NA
33,78,double-letters,lexicase,FALSE,10,elitize_generation_data,32,48,0.682,NA
34,78,double-letters,lexicase,FALSE,10,elitize_generation_data,33,50,0.665,NA
35,78,double-letters,lexicase,FALSE,10,elitize_generation_data,34,47,0.638,NA
36,78,double-letters,lexicase,FALSE,10,elitize_generation_data,35,54,0.656,NA
37,78,double-letters,lexicase,FALSE,10,elitize_generation_data,36,56,0.698,NA
38,78,double-letters,lexicase,FALSE,10,elitize_generation_data,37,57,0.692,NA
39,78,double-letters,lexicase,FALSE,10,elitize_generation_data,38,58,0.708,NA
40,78,double-letters,lexicase,FALSE,10,elitize_generation_data,39,39,0.715,NA
41,78,double-letters,lexicase,FALSE,10,elitize_generation_data,40,32,0.672,NA
42,78,double-letters,lexicase,FALSE,10,elitize_generation_data,41,36,0.632,NA
43,78,double-letters,lexicase,FALSE,10,elitize_generation_data,42,37,0.657,NA
44,78,double-letters,lexicase,FALSE,10,elitize_generation_data,43,27,0.676,NA
45,78,double-letters,lexicase,FALSE,10,elitize_generation_data,44,28,0.696,NA
46,78,double-letters,lexicase,FALSE,10,elitize_generation_data,45,31,0.689,NA
47,78,double-letters,lexicase,FALSE,10,elitize_generation_data,46,34,0.688,NA
48,78,double-letters,lexicase,FALSE,10,elitize_generation_data,47,26,0.706,NA
49,78,double-letters,lexicase,FALSE,10,elitize_generation_data,48,30,0.746,NA
50,78,double-letters,lexicase,FALSE,10,elitize_generation_data,49,30,0.729,NA
51,78,double-letters,lexicase,FALSE,10,elitize_generation_data,50,22,0.709,NA
52,78,double-letters,lexicase,FALSE,10,elitize_generation_data,51,22,0.709,NA
53,78,double-letters,lexicase,FALSE,10,elitize_generation_data,52,20,0.723,NA
54,78,double-letters,lexicase,FALSE,10,elitize_generation_data,53,21,0.741,NA
55,78,double-letters,lexicase,FALSE,10,elitize_generation_data,54,19,0.704,NA
56,78,double-letters,lexicase,FALSE,10,elitize_generation_data,55,21,0.763,NA
57,78,double-letters,lexicase,FALSE,10,elitize_generation_data,56,20,0.755,NA
58,78,double-letters,lexicase,FALSE,10,elitize_generation_data,57,22,0.764,NA
59,78,double-letters,lexicase,FALSE,10,elitize_generation_data,58,23,0.756,NA
60,78,double-letters,lexicase,FALSE,10,elitize_generation_data,59,25,0.765,NA
61,78,double-letters,lexicase,FALSE,10,elitize_generation_data,60,26,0.8,NA
62,78,double-letters,lexicase,FALSE,10,elitize_generation_data,61,23,0.783,NA
63,78,double-letters,lexicase,FALSE,10,elitize_generation_data,62,22,0.775,NA
64,78,double-letters,lexicase,FALSE,10,elitize_generation_data,63,23,0.78,NA
65,78,double-letters,lexicase,FALSE,10,elitize_generation_data,64,21,0.802,NA
66,78,double-letters,lexicase,FALSE,10,elitize_generation_data,65,21,0.79,NA
67,78,double-letters,lexicase,FALSE,10,elitize_generation_data,66,24,0.802,NA
68,78,double-letters,lexicase,FALSE,10,elitize_generation_data,67,24,0.801,NA
69,78,double-letters,lexicase,FALSE,10,elitize_generation_data,68,23,0.812,NA
70,78,double-letters,lexicase,FALSE,10,elitize_generation_data,69,22,0.775,NA
71,78,double-letters,lexicase,FALSE,10,elitize_generation_data,70,20,0.805,NA
72,78,double-letters,lexicase,FALSE,10,elitize_generation_data,71,21,0.807,NA
73,78,double-letters,lexicase,FALSE,10,elitize_generation_data,72,17,0.794,NA
74,78,double-letters,lexicase,FALSE,10,elitize_generation_data,73,18,0.79,NA
75,78,double-letters,lexicase,FALSE,10,elitize_generation_data,74,18,0.81,NA
76,78,double-letters,lexicase,FALSE,10,elitize_generation_data,75,21,0.766,NA
77,78,double-letters,lexicase,FALSE,10,elitize_generation_data,76,19,0.791,NA
78,78,double-letters,lexicase,FALSE,10,elitize_generation_data,77,19,0.795,NA
79,78,double-letters,lexicase,FALSE,10,elitize_generation_data,78,20,0.809,NA
80,78,double-letters,lexicase,FALSE,10,elitize_generation_data,79,15,0.793,NA
81,78,double-letters,lexicase,FALSE,10,elitize_generation_data,80,18,0.758,NA
82,78,double-letters,lexicase,FALSE,10,elitize_generation_data,81,15,0.777,NA
83,78,double-letters,lexicase,FALSE,10,elitize_generation_data,82,16,0.723,NA
84,78,double-letters,lexicase,FALSE,10,elitize_generation_data,83,18,0.748,NA
85,78,double-letters,lexicase,FALSE,10,elitize_generation_data,84,17,0.783,NA
86,78,double-letters,lexicase,FALSE,10,elitize_generation_data,85,17,0.779,NA
87,78,double-letters,lexicase,FALSE,10,elitize_generation_data,86,16,0.736,NA
88,78,double-letters,lexicase,FALSE,10,elitize_generation_data,87,15,0.772,NA
89,78,double-letters,lexicase,FALSE,10,elitize_generation_data,88,15,0.76,NA
90,78,double-letters,lexicase,FALSE,10,elitize_generation_data,89,16,0.782,NA
91,78,double-letters,lexicase,FALSE,10,elitize_generation_data,90,23,0.786,NA
92,78,double-letters,lexicase,FALSE,10,elitize_generation_data,91,22,0.749,NA
93,78,double-letters,lexicase,FALSE,10,elitize_generation_data,92,24,0.774,NA
94,78,double-letters,lexicase,FALSE,10,elitize_generation_data,93,26,0.745,NA
95,78,double-letters,lexicase,FALSE,10,elitize_generation_data,94,22,0.751,NA
96,78,double-letters,lexicase,FALSE,10,elitize_generation_data,95,25,0.759,NA
97,78,double-letters,lexicase,FALSE,10,elitize_generation_data,96,17,0.762,NA
98,78,double-letters,lexicase,FALSE,10,elitize_generation_data,97,17,0.73,NA
99,78,double-letters,lexicase,FALSE,10,elitize_generation_data,98,21,0.776,NA
100,78,double-letters,lexicase,FALSE,10,elitize_generation_data,99,21,0.775,NA
101,78,double-letters,lexicase,FALSE,10,elitize_generation_data,100,18,0.806,NA
102,78,double-letters,lexicase,FALSE,10,elitize_generation_data,101,16,0.775,NA
103,78,double-letters,lexicase,FALSE,10,elitize_generation_data,102,13,0.762,NA
104,78,double-letters,lexicase,FALSE,10,elitize_generation_data,103,21,0.808,NA
105,78,double-letters,lexicase,FALSE,10,elitize_generation_data,104,17,0.779,NA
106,78,double-letters,lexicase,FALSE,10,elitize_generation_data,105,16,0.806,NA
107,78,double-letters,lexicase,FALSE,10,elitize_generation_data,106,20,0.776,NA
108,78,double-letters,lexicase,FALSE,10,elitize_generation_data,107,17,0.769,NA
109,78,double-letters,lexicase,FALSE,10,elitize_generation_data,108,19,0.784,NA
110,78,double-letters,lexicase,FALSE,10,elitize_generation_data,109,22,0.765,NA
111,78,double-letters,lexicase,FALSE,10,elitize_generation_data,110,16,0.767,NA
112,78,double-letters,lexicase,FALSE,10,elitize_generation_data,111,18,0.77,NA
113,78,double-letters,lexicase,FALSE,10,elitize_generation_data,112,15,0.776,NA
114,78,double-letters,lexicase,FALSE,10,elitize_generation_data,113,16,0.768,NA
115,78,double-letters,lexicase,FALSE,10,elitize_generation_data,114,19,0.757,NA
116,78,double-letters,lexicase,FALSE,10,elitize_generation_data,115,13,0.775,NA
117,78,double-letters,lexicase,FALSE,10,elitize_generation_data,116,15,0.777,NA
118,78,double-letters,lexicase,FALSE,10,elitize_generation_data,117,15,0.753,NA
119,78,double-letters,lexicase,FALSE,10,elitize_generation_data,118,13,0.766,NA
120,78,double-letters,lexicase,FALSE,10,elitize_generation_data,119,11,0.741,NA
121,78,double-letters,lexicase,FALSE,10,elitize_generation_data,120,16,0.751,NA
122,78,double-letters,lexicase,FALSE,10,elitize_generation_data,121,14,0.753,NA
123,78,double-letters,lexicase,FALSE,10,elitize_generation_data,122,12,0.74,NA
124,78,double-letters,lexicase,FALSE,10,elitize_generation_data,123,11,0.758,NA
125,78,double-letters,lexicase,FALSE,10,elitize_generation_data,124,15,0.754,NA
126,78,double-letters,lexicase,FALSE,10,elitize_generation_data,125,11,0.769,NA
127,78,double-letters,lexicase,FALSE,10,elitize_generation_data,126,10,0.762,NA
128,78,double-letters,lexicase,FALSE,10,elitize_generation_data,127,8,0.713,NA
129,78,double-letters,lexicase,FALSE,10,elitize_generation_data,128,10,0.756,NA
130,78,double-letters,lexicase,FALSE,10,elitize_generation_data,129,10,0.75,NA
131,78,double-letters,lexicase,FALSE,10,elitize_generation_data,130,12,0.775,NA
132,78,double-letters,lexicase,FALSE,10,elitize_generation_data,131,13,0.766,NA
133,78,double-letters,lexicase,FALSE,10,elitize_generation_data,132,11,0.761,NA
134,78,double-letters,lexicase,FALSE,10,elitize_generation_data,133,11,0.762,NA
135,78,double-letters,lexicase,FALSE,10,elitize_generation_data,134,14,0.785,NA
136,78,double-letters,lexicase,FALSE,10,elitize_generation_data,135,8,0.781,NA
137,78,double-letters,lexicase,FALSE,10,elitize_generation_data,136,17,0.772,NA
138,78,double-letters,lexicase,FALSE,10,elitize_generation_data,137,13,0.798,NA
139,78,double-letters,lexicase,FALSE,10,elitize_generation_data,138,13,0.767,NA
140,78,double-letters,lexicase,FALSE,10,elitize_generation_data,139,15,0.752,NA
141,78,double-letters,lexicase,FALSE,10,elitize_generation_data,140,19,0.767,NA
142,78,double-letters,lexicase,FALSE,10,elitize_generation_data,141,23,0.771,NA
143,78,double-letters,lexicase,FALSE,10,elitize_generation_data,142,31,0.751,NA
144,78,double-letters,lexicase,FALSE,10,elitize_generation_data,143,29,0.769,NA
145,78,double-letters,lexicase,FALSE,10,elitize_generation_data,144,27,0.763,NA
146,78,double-letters,lexicase,FALSE,10,elitize_generation_data,145,33,0.756,NA
147,78,double-letters,lexicase,FALSE,10,elitize_generation_data,146,32,0.773,NA
148,78,double-letters,lexicase,FALSE,10,elitize_generation_data,147,33,0.797,NA
149,78,double-letters,lexicase,FALSE,10,elitize_generation_data,148,32,0.784,NA
150,78,double-letters,lexicase,FALSE,10,elitize_generation_data,149,35,0.8,NA
151,78,double-letters,lexicase,FALSE,10,elitize_generation_data,150,36,0.791,NA
152,78,double-letters,lexicase,FALSE,10,elitize_generation_data,151,34,0.763,NA
153,78,double-letters,lexicase,FALSE,10,elitize_generation_data,152,36,0.771,NA
154,78,double-letters,lexicase,FALSE,10,elitize_generation_data,153,41,0.802,NA
155,78,double-letters,lexicase,FALSE,10,elitize_generation_data,154,40,0.769,NA
156,78,double-letters,lexicase,FALSE,10,elitize_generation_data,155,38,0.782,NA
157,78,double-letters,lexicase,FALSE,10,elitize_generation_data,156,40,0.774,NA
158,78,double-letters,lexicase,FALSE,10,elitize_generation_data,157,39,0.791,NA
159,78,double-letters,lexicase,FALSE,10,elitize_generation_data,158,40,0.78,NA
160,78,double-letters,lexicase,FALSE,10,elitize_generation_data,159,41,0.818,NA
161,78,double-letters,lexicase,FALSE,10,elitize_generation_data,160,40,0.811,NA
162,78,double-letters,lexicase,FALSE,10,elitize_generation_data,161,36,0.785,NA
163,78,double-letters,lexicase,FALSE,10,elitize_generation_data,162,38,0.816,NA
164,78,double-letters,lexicase,FALSE,10,elitize_generation_data,163,37,0.817,NA
165,78,double-letters,lexicase,FALSE,10,elitize_generation_data,164,39,0.807,NA
166,78,double-letters,lexicase,FALSE,10,elitize_generation_data,165,41,0.824,NA
167,78,double-letters,lexicase,FALSE,10,elitize_generation_data,166,38,0.79,NA
168,78,double-letters,lexicase,FALSE,10,elitize_generation_data,167,40,0.824,NA
169,78,double-letters,lexicase,FALSE,10,elitize_generation_data,168,33,0.801,NA
170,78,double-letters,lexicase,FALSE,10,elitize_generation_data,169,41,0.761,NA
171,78,double-letters,lexicase,FALSE,10,elitize_generation_data,170,30,0.746,NA
172,78,double-letters,lexicase,FALSE,10,elitize_generation_data,171,26,0.677,NA
173,78,double-letters,lexicase,FALSE,10,elitize_generation_data,172,36,0.624,NA
174,78,double-letters,lexicase,FALSE,10,elitize_generation_data,173,41,0.573,NA
175,78,double-letters,lexicase,FALSE,10,elitize_generation_data,174,34,0.507,NA
176,78,double-letters,lexicase,FALSE,10,elitize_generation_data,175,31,0.489,NA
177,78,double-letters,lexicase,FALSE,10,elitize_generation_data,176,35,0.503,NA
178,78,double-letters,lexicase,FALSE,10,elitize_generation_data,177,35,0.51,NA
179,78,double-letters,lexicase,FALSE,10,elitize_generation_data,178,37,0.57,NA
180,78,double-letters,lexicase,FALSE,10,elitize_generation_data,179,41,0.535,NA
181,78,double-letters,lexicase,FALSE,10,elitize_generation_data,180,43,0.562,NA
182,78,double-letters,lexicase,FALSE,10,elitize_generation_data,181,50,0.522,NA
183,78,double-letters,lexicase,FALSE,10,elitize_generation_data,182,51,0.555,NA
184,78,double-letters,lexicase,FALSE,10,elitize_generation_data,183,54,0.575,NA
185,78,double-letters,lexicase,FALSE,10,elitize_generation_data,184,63,0.604,NA
186,78,double-letters,lexicase,FALSE,10,elitize_generation_data,185,62,0.605,NA
187,78,double-letters,lexicase,FALSE,10,elitize_generation_data,186,68,0.639,NA
188,78,double-letters,lexicase,FALSE,10,elitize_generation_data,187,63,0.613,NA
189,78,double-letters,lexicase,FALSE,10,elitize_generation_data,188,64,0.645,NA
190,78,double-letters,lexicase,FALSE,10,elitize_generation_data,189,68,0.675,NA
191,78,double-letters,lexicase,FALSE,10,elitize_generation_data,190,69,0.625,NA
192,78,double-letters,lexicase,FALSE,10,elitize_generation_data,191,66,0.618,NA
193,78,double-letters,lexicase,FALSE,10,elitize_generation_data,192,62,0.629,NA
194,78,double-letters,lexicase,FALSE,10,elitize_generation_data,193,67,0.668,NA
195,78,double-letters,lexicase,FALSE,10,elitize_generation_data,194,84,0.651,NA
196,78,double-letters,lexicase,FALSE,10,elitize_generation_data,195,86,0.679,NA
197,78,double-letters,lexicase,FALSE,10,elitize_generation_data,196,84,0.659,NA
198,78,double-letters,lexicase,FALSE,10,elitize_generation_data,197,89,0.678,NA
199,78,double-letters,lexicase,FALSE,10,elitize_generation_data,198,82,0.654,NA
200,78,double-letters,lexicase,FALSE,10,elitize_generation_data,199,92,0.642,NA
201,78,double-letters,lexicase,FALSE,10,elitize_generation_data,200,85,0.653,NA
202,78,double-letters,lexicase,FALSE,10,elitize_generation_data,201,101,0.673,NA
203,78,double-letters,lexicase,FALSE,10,elitize_generation_data,202,112,0.653,NA
204,78,double-letters,lexicase,FALSE,10,elitize_generation_data,203,95,0.652,NA
205,78,double-letters,lexicase,FALSE,10,elitize_generation_data,204,102,0.654,NA
206,78,double-letters,lexicase,FALSE,10,elitize_generation_data,205,106,0.657,NA
207,78,double-letters,lexicase,FALSE,10,elitize_generation_data,206,100,0.668,NA
208,78,double-letters,lexicase,FALSE,10,elitize_generation_data,207,100,0.676,NA
209,78,double-letters,lexicase,FALSE,10,elitize_generation_data,208,93,0.679,NA
210,78,double-letters,lexicase,FALSE,10,elitize_generation_data,209,113,0.672,NA
211,78,double-letters,lexicase,FALSE,10,elitize_generation_data,210,113,0.677,NA
212,78,double-letters,lexicase,FALSE,10,elitize_generation_data,211,106,0.666,NA
213,78,double-letters,lexicase,FALSE,10,elitize_generation_data,212,117,0.631,NA
214,78,double-letters,lexicase,FALSE,10,elitize_generation_data,213,124,0.68,NA
215,78,double-letters,lexicase,FALSE,10,elitize_generation_data,214,117,0.672,NA
216,78,double-letters,lexicase,FALSE,10,elitize_generation_data,215,118,0.636,NA
217,78,double-letters,lexicase,FALSE,10,elitize_generation_data,216,120,0.667,NA
218,78,double-letters,lexicase,FALSE,10,elitize_generation_data,217,113,0.656,NA
219,78,double-letters,lexicase,FALSE,10,elitize_generation_data,218,125,0.658,NA
220,78,double-letters,lexicase,FALSE,10,elitize_generation_data,219,111,0.648,NA
221,78,double-letters,lexicase,FALSE,10,elitize_generation_data,220,107,0.644,NA
222,78,double-letters,lexicase,FALSE,10,elitize_generation_data,221,116,0.671,NA
223,78,double-letters,lexicase,FALSE,10,elitize_generation_data,222,125,0.644,NA
224,78,double-letters,lexicase,FALSE,10,elitize_generation_data,223,118,0.649,NA
225,78,double-letters,lexicase,FALSE,10,elitize_generation_data,224,128,0.657,NA
226,78,double-letters,lexicase,FALSE,10,elitize_generation_data,225,118,0.696,NA
227,78,double-letters,lexicase,FALSE,10,elitize_generation_data,226,108,0.7,NA
228,78,double-letters,lexicase,FALSE,10,elitize_generation_data,227,112,0.68,NA
229,78,double-letters,lexicase,FALSE,10,elitize_generation_data,228,108,0.713,NA
230,78,double-letters,lexicase,FALSE,10,elitize_generation_data,229,95,0.68,NA
231,78,double-letters,lexicase,FALSE,10,elitize_generation_data,230,100,0.667,NA
232,78,double-letters,lexicase,FALSE,10,elitize_generation_data,231,108,0.654,NA
233,78,double-letters,lexicase,FALSE,10,elitize_generation_data,232,110,0.707,NA
234,78,double-letters,lexicase,FALSE,10,elitize_generation_data,233,116,0.722,NA
235,78,double-letters,lexicase,FALSE,10,elitize_generation_data,234,103,0.696,NA
236,78,double-letters,lexicase,FALSE,10,elitize_generation_data,235,106,0.674,NA
237,78,double-letters,lexicase,FALSE,10,elitize_generation_data,236,92,0.677,NA
238,78,double-letters,lexicase,FALSE,10,elitize_generation_data,237,102,0.698,NA
239,78,double-letters,lexicase,FALSE,10,elitize_generation_data,238,98,0.667,NA
240,78,double-letters,lexicase,FALSE,10,elitize_generation_data,239,101,0.663,NA
241,78,double-letters,lexicase,FALSE,10,elitize_generation_data,240,104,0.666,NA
242,78,double-letters,lexicase,FALSE,10,elitize_generation_data,241,96,0.679,NA
243,78,double-letters,lexicase,FALSE,10,elitize_generation_data,242,99,0.679,NA
244,78,double-letters,lexicase,FALSE,10,elitize_generation_data,243,109,0.701,NA
245,78,double-letters,lexicase,FALSE,10,elitize_generation_data,244,101,0.711,NA
246,78,double-letters,lexicase,FALSE,10,elitize_generation_data,245,116,0.71,NA
247,78,double-letters,lexicase,FALSE,10,elitize_generation_data,246,97,0.71,NA
248,78,double-letters,lexicase,FALSE,10,elitize_generation_data,247,118,0.713,NA
249,78,double-letters,lexicase,FALSE,10,elitize_generation_data,248,109,0.717,NA
250,78,double-letters,lexicase,FALSE,10,elitize_generation_data,249,95,0.708,NA
251,78,double-letters,lexicase,FALSE,10,elitize_generation_data,250,104,0.699,NA
252,78,double-letters,lexicase,FALSE,10,elitize_generation_data,251,115,0.711,NA
253,78,double-letters,lexicase,FALSE,10,elitize_generation_data,252,111,0.695,NA
254,78,double-letters,lexicase,FALSE,10,elitize_generation_data,253,104,0.693,NA
255,78,double-letters,lexicase,FALSE,10,elitize_generation_data,254,100,0.659,NA
256,78,double-letters,lexicase,FALSE,10,elitize_generation_data,255,95,0.706,NA
257,78,double-letters,lexicase,FALSE,10,elitize_generation_data,256,103,0.687,NA
258,78,double-letters,lexicase,FALSE,10,elitize_generation_data,257,99,0.69,NA
259,78,double-letters,lexicase,FALSE,10,elitize_generation_data,258,97,0.705,NA
260,78,double-letters,lexicase,FALSE,10,elitize_generation_data,259,98,0.707,NA
261,78,double-letters,lexicase,FALSE,10,elitize_generation_data,260,90,0.712,NA
262,78,double-letters,lexicase,FALSE,10,elitize_generation_data,261,99,0.706,NA
263,78,double-letters,lexicase,FALSE,10,elitize_generation_data,262,106,0.69,NA
264,78,double-letters,lexicase,FALSE,10,elitize_generation_data,263,103,0.691,NA
265,78,double-letters,lexicase,FALSE,10,elitize_generation_data,264,90,0.664,NA
266,78,double-letters,lexicase,FALSE,10,elitize_generation_data,265,85,0.69,NA
267,78,double-letters,lexicase,FALSE,10,elitize_generation_data,266,101,0.696,NA
268,78,double-letters,lexicase,FALSE,10,elitize_generation_data,267,104,0.723,NA
269,78,double-letters,lexicase,FALSE,10,elitize_generation_data,268,90,0.693,NA
270,78,double-letters,lexicase,FALSE,10,elitize_generation_data,269,85,0.693,NA
271,78,double-letters,lexicase,FALSE,10,elitize_generation_data,270,97,0.711,NA
272,78,double-letters,lexicase,FALSE,10,elitize_generation_data,271,94,0.698,NA
273,78,double-letters,lexicase,FALSE,10,elitize_generation_data,272,104,0.691,NA
274,78,double-letters,lexicase,FALSE,10,elitize_generation_data,273,88,0.689,NA
275,78,double-letters,lexicase,FALSE,10,elitize_generation_data,274,97,0.68,NA
276,78,double-letters,lexicase,FALSE,10,elitize_generation_data,275,92,0.677,NA
277,78,double-letters,lexicase,FALSE,10,elitize_generation_data,276,101,0.684,NA
278,78,double-letters,lexicase,FALSE,10,elitize_generation_data,277,95,0.706,NA
279,78,double-letters,lexicase,FALSE,10,elitize_generation_data,278,100,0.691,NA
280,78,double-letters,lexicase,FALSE,10,elitize_generation_data,279,93,0.71,NA
281,78,double-letters,lexicase,FALSE,10,elitize_generation_data,280,94,0.71,NA
282,78,double-letters,lexicase,FALSE,10,elitize_generation_data,281,109,0.728,NA
283,78,double-letters,lexicase,FALSE,10,elitize_generation_data,282,128,0.725,NA
284,78,double-letters,lexicase,FALSE,10,elitize_generation_data,283,98,0.687,NA
285,78,double-letters,lexicase,FALSE,10,elitize_generation_data,284,109,0.713,NA
286,78,double-letters,lexicase,FALSE,10,elitize_generation_data,285,108,0.735,NA
287,78,double-letters,lexicase,FALSE,10,elitize_generation_data,286,111,0.731,NA
288,78,double-letters,lexicase,FALSE,10,elitize_generation_data,287,100,0.695,NA
289,78,double-letters,lexicase,FALSE,10,elitize_generation_data,288,85,0.686,NA
290,78,double-letters,lexicase,FALSE,10,elitize_generation_data,289,95,0.707,NA
291,78,double-letters,lexicase,FALSE,10,elitize_generation_data,290,107,0.727,NA
292,78,double-letters,lexicase,FALSE,10,elitize_generation_data,291,104,0.725,NA
293,78,double-letters,lexicase,FALSE,10,elitize_generation_data,292,109,0.744,NA
294,78,double-letters,lexicase,FALSE,10,elitize_generation_data,293,105,0.714,NA
295,78,double-letters,lexicase,FALSE,10,elitize_generation_data,294,109,0.721,NA
296,78,double-letters,lexicase,FALSE,10,elitize_generation_data,295,125,0.713,NA
297,78,double-letters,lexicase,FALSE,10,elitize_generation_data,296,112,0.716,NA
298,78,double-letters,lexicase,FALSE,10,elitize_generation_data,297,120,0.717,NA
299,78,double-letters,lexicase,FALSE,10,elitize_generation_data,298,119,0.694,NA
300,78,double-letters,lexicase,FALSE,10,elitize_generation_data,299,120,0.727,NA
301,78,double-letters,lexicase,FALSE,10,elitize_generation_data,300,122,0.719,NA
