,run.num,problem,treatment,succeeded,height,normalization.function,generation,cluster.count,error.diversity,success.generation
1,85,double-letters,lexicase,TRUE,10,elitize_generation_data,0,4,0.391,109
2,85,double-letters,lexicase,TRUE,10,elitize_generation_data,1,8,0.097,109
3,85,double-letters,lexicase,TRUE,10,elitize_generation_data,2,8,0.102,109
4,85,double-letters,lexicase,TRUE,10,elitize_generation_data,3,12,0.139,109
5,85,double-letters,lexicase,TRUE,10,elitize_generation_data,4,9,0.212,109
6,85,double-letters,lexicase,TRUE,10,elitize_generation_data,5,10,0.201,109
7,85,double-letters,lexicase,TRUE,10,elitize_generation_data,6,10,0.278,109
8,85,double-letters,lexicase,TRUE,10,elitize_generation_data,7,15,0.298,109
9,85,double-letters,lexicase,TRUE,10,elitize_generation_data,8,26,0.443,109
10,85,double-letters,lexicase,TRUE,10,elitize_generation_data,9,31,0.51,109
11,85,double-letters,lexicase,TRUE,10,elitize_generation_data,10,40,0.554,109
12,85,double-letters,lexicase,TRUE,10,elitize_generation_data,11,56,0.597,109
13,85,double-letters,lexicase,TRUE,10,elitize_generation_data,12,60,0.64,109
14,85,double-letters,lexicase,TRUE,10,elitize_generation_data,13,59,0.659,109
15,85,double-letters,lexicase,TRUE,10,elitize_generation_data,14,61,0.683,109
16,85,double-letters,lexicase,TRUE,10,elitize_generation_data,15,75,0.665,109
17,85,double-letters,lexicase,TRUE,10,elitize_generation_data,16,86,0.706,109
18,85,double-letters,lexicase,TRUE,10,elitize_generation_data,17,83,0.702,109
19,85,double-letters,lexicase,TRUE,10,elitize_generation_data,18,88,0.709,109
20,85,double-letters,lexicase,TRUE,10,elitize_generation_data,19,113,0.737,109
21,85,double-letters,lexicase,TRUE,10,elitize_generation_data,20,114,0.76,109
22,85,double-letters,lexicase,TRUE,10,elitize_generation_data,21,115,0.749,109
23,85,double-letters,lexicase,TRUE,10,elitize_generation_data,22,121,0.768,109
24,85,double-letters,lexicase,TRUE,10,elitize_generation_data,23,117,0.766,109
25,85,double-letters,lexicase,TRUE,10,elitize_generation_data,24,110,0.761,109
26,85,double-letters,lexicase,TRUE,10,elitize_generation_data,25,118,0.734,109
27,85,double-letters,lexicase,TRUE,10,elitize_generation_data,26,138,0.717,109
28,85,double-letters,lexicase,TRUE,10,elitize_generation_data,27,152,0.765,109
29,85,double-letters,lexicase,TRUE,10,elitize_generation_data,28,121,0.766,109
30,85,double-letters,lexicase,TRUE,10,elitize_generation_data,29,110,0.757,109
31,85,double-letters,lexicase,TRUE,10,elitize_generation_data,30,76,0.754,109
32,85,double-letters,lexicase,TRUE,10,elitize_generation_data,31,60,0.734,109
33,85,double-letters,lexicase,TRUE,10,elitize_generation_data,32,66,0.733,109
34,85,double-letters,lexicase,TRUE,10,elitize_generation_data,33,70,0.761,109
35,85,double-letters,lexicase,TRUE,10,elitize_generation_data,34,78,0.749,109
36,85,double-letters,lexicase,TRUE,10,elitize_generation_data,35,85,0.747,109
37,85,double-letters,lexicase,TRUE,10,elitize_generation_data,36,82,0.786,109
38,85,double-letters,lexicase,TRUE,10,elitize_generation_data,37,76,0.779,109
39,85,double-letters,lexicase,TRUE,10,elitize_generation_data,38,67,0.79,109
40,85,double-letters,lexicase,TRUE,10,elitize_generation_data,39,67,0.757,109
41,85,double-letters,lexicase,TRUE,10,elitize_generation_data,40,68,0.788,109
42,85,double-letters,lexicase,TRUE,10,elitize_generation_data,41,65,0.782,109
43,85,double-letters,lexicase,TRUE,10,elitize_generation_data,42,64,0.818,109
44,85,double-letters,lexicase,TRUE,10,elitize_generation_data,43,72,0.815,109
45,85,double-letters,lexicase,TRUE,10,elitize_generation_data,44,81,0.808,109
46,85,double-letters,lexicase,TRUE,10,elitize_generation_data,45,67,0.807,109
47,85,double-letters,lexicase,TRUE,10,elitize_generation_data,46,70,0.779,109
48,85,double-letters,lexicase,TRUE,10,elitize_generation_data,47,65,0.794,109
49,85,double-letters,lexicase,TRUE,10,elitize_generation_data,48,59,0.818,109
50,85,double-letters,lexicase,TRUE,10,elitize_generation_data,49,47,0.794,109
51,85,double-letters,lexicase,TRUE,10,elitize_generation_data,50,31,0.799,109
52,85,double-letters,lexicase,TRUE,10,elitize_generation_data,51,11,0.717,109
53,85,double-letters,lexicase,TRUE,10,elitize_generation_data,52,17,0.402,109
54,85,double-letters,lexicase,TRUE,10,elitize_generation_data,53,21,0.416,109
55,85,double-letters,lexicase,TRUE,10,elitize_generation_data,54,23,0.385,109
56,85,double-letters,lexicase,TRUE,10,elitize_generation_data,55,28,0.424,109
57,85,double-letters,lexicase,TRUE,10,elitize_generation_data,56,26,0.404,109
58,85,double-letters,lexicase,TRUE,10,elitize_generation_data,57,24,0.403,109
59,85,double-letters,lexicase,TRUE,10,elitize_generation_data,58,22,0.43,109
60,85,double-letters,lexicase,TRUE,10,elitize_generation_data,59,25,0.452,109
61,85,double-letters,lexicase,TRUE,10,elitize_generation_data,60,27,0.442,109
62,85,double-letters,lexicase,TRUE,10,elitize_generation_data,61,31,0.481,109
63,85,double-letters,lexicase,TRUE,10,elitize_generation_data,62,47,0.503,109
64,85,double-letters,lexicase,TRUE,10,elitize_generation_data,63,35,0.501,109
65,85,double-letters,lexicase,TRUE,10,elitize_generation_data,64,43,0.513,109
66,85,double-letters,lexicase,TRUE,10,elitize_generation_data,65,51,0.556,109
67,85,double-letters,lexicase,TRUE,10,elitize_generation_data,66,52,0.567,109
68,85,double-letters,lexicase,TRUE,10,elitize_generation_data,67,67,0.584,109
69,85,double-letters,lexicase,TRUE,10,elitize_generation_data,68,60,0.57,109
70,85,double-letters,lexicase,TRUE,10,elitize_generation_data,69,63,0.587,109
71,85,double-letters,lexicase,TRUE,10,elitize_generation_data,70,57,0.588,109
72,85,double-letters,lexicase,TRUE,10,elitize_generation_data,71,53,0.576,109
73,85,double-letters,lexicase,TRUE,10,elitize_generation_data,72,57,0.552,109
74,85,double-letters,lexicase,TRUE,10,elitize_generation_data,73,66,0.624,109
75,85,double-letters,lexicase,TRUE,10,elitize_generation_data,74,64,0.587,109
76,85,double-letters,lexicase,TRUE,10,elitize_generation_data,75,69,0.614,109
77,85,double-letters,lexicase,TRUE,10,elitize_generation_data,76,60,0.58,109
78,85,double-letters,lexicase,TRUE,10,elitize_generation_data,77,62,0.607,109
79,85,double-letters,lexicase,TRUE,10,elitize_generation_data,78,82,0.623,109
80,85,double-letters,lexicase,TRUE,10,elitize_generation_data,79,75,0.62,109
81,85,double-letters,lexicase,TRUE,10,elitize_generation_data,80,86,0.644,109
82,85,double-letters,lexicase,TRUE,10,elitize_generation_data,81,100,0.651,109
83,85,double-letters,lexicase,TRUE,10,elitize_generation_data,82,87,0.619,109
84,85,double-letters,lexicase,TRUE,10,elitize_generation_data,83,96,0.653,109
85,85,double-letters,lexicase,TRUE,10,elitize_generation_data,84,96,0.632,109
86,85,double-letters,lexicase,TRUE,10,elitize_generation_data,85,98,0.646,109
87,85,double-letters,lexicase,TRUE,10,elitize_generation_data,86,81,0.645,109
88,85,double-letters,lexicase,TRUE,10,elitize_generation_data,87,96,0.654,109
89,85,double-letters,lexicase,TRUE,10,elitize_generation_data,88,79,0.658,109
90,85,double-letters,lexicase,TRUE,10,elitize_generation_data,89,93,0.642,109
91,85,double-letters,lexicase,TRUE,10,elitize_generation_data,90,84,0.619,109
92,85,double-letters,lexicase,TRUE,10,elitize_generation_data,91,84,0.605,109
93,85,double-letters,lexicase,TRUE,10,elitize_generation_data,92,80,0.605,109
94,85,double-letters,lexicase,TRUE,10,elitize_generation_data,93,89,0.604,109
95,85,double-letters,lexicase,TRUE,10,elitize_generation_data,94,89,0.586,109
96,85,double-letters,lexicase,TRUE,10,elitize_generation_data,95,81,0.569,109
97,85,double-letters,lexicase,TRUE,10,elitize_generation_data,96,90,0.575,109
98,85,double-letters,lexicase,TRUE,10,elitize_generation_data,97,82,0.589,109
99,85,double-letters,lexicase,TRUE,10,elitize_generation_data,98,77,0.566,109
100,85,double-letters,lexicase,TRUE,10,elitize_generation_data,99,84,0.625,109
101,85,double-letters,lexicase,TRUE,10,elitize_generation_data,100,95,0.587,109
102,85,double-letters,lexicase,TRUE,10,elitize_generation_data,101,93,0.603,109
103,85,double-letters,lexicase,TRUE,10,elitize_generation_data,102,90,0.597,109
104,85,double-letters,lexicase,TRUE,10,elitize_generation_data,103,91,0.62,109
105,85,double-letters,lexicase,TRUE,10,elitize_generation_data,104,78,0.551,109
106,85,double-letters,lexicase,TRUE,10,elitize_generation_data,105,67,0.575,109
107,85,double-letters,lexicase,TRUE,10,elitize_generation_data,106,65,0.543,109
108,85,double-letters,lexicase,TRUE,10,elitize_generation_data,107,68,0.548,109
109,85,double-letters,lexicase,TRUE,10,elitize_generation_data,108,30,0.49,109
110,85,double-letters,lexicase,TRUE,10,elitize_generation_data,109,23,0.361,109
