,run.num,problem,treatment,succeeded,height,normalization.function,generation,cluster.count,error.diversity,success.generation
1,26,double-letters,lexicase,FALSE,10,elitize_generation_data,0,5,0.38,NA
2,26,double-letters,lexicase,FALSE,10,elitize_generation_data,1,7,0.197,NA
3,26,double-letters,lexicase,FALSE,10,elitize_generation_data,2,11,0.226,NA
4,26,double-letters,lexicase,FALSE,10,elitize_generation_data,3,9,0.262,NA
5,26,double-letters,lexicase,FALSE,10,elitize_generation_data,4,12,0.495,NA
6,26,double-letters,lexicase,FALSE,10,elitize_generation_data,5,20,0.559,NA
7,26,double-letters,lexicase,FALSE,10,elitize_generation_data,6,21,0.59,NA
8,26,double-letters,lexicase,FALSE,10,elitize_generation_data,7,30,0.665,NA
9,26,double-letters,lexicase,FALSE,10,elitize_generation_data,8,38,0.668,NA
10,26,double-letters,lexicase,FALSE,10,elitize_generation_data,9,45,0.699,NA
11,26,double-letters,lexicase,FALSE,10,elitize_generation_data,10,48,0.695,NA
12,26,double-letters,lexicase,FALSE,10,elitize_generation_data,11,57,0.662,NA
13,26,double-letters,lexicase,FALSE,10,elitize_generation_data,12,57,0.673,NA
14,26,double-letters,lexicase,FALSE,10,elitize_generation_data,13,66,0.701,NA
15,26,double-letters,lexicase,FALSE,10,elitize_generation_data,14,64,0.691,NA
16,26,double-letters,lexicase,FALSE,10,elitize_generation_data,15,73,0.713,NA
17,26,double-letters,lexicase,FALSE,10,elitize_generation_data,16,71,0.728,NA
18,26,double-letters,lexicase,FALSE,10,elitize_generation_data,17,64,0.74,NA
19,26,double-letters,lexicase,FALSE,10,elitize_generation_data,18,67,0.773,NA
20,26,double-letters,lexicase,FALSE,10,elitize_generation_data,19,61,0.753,NA
21,26,double-letters,lexicase,FALSE,10,elitize_generation_data,20,31,0.714,NA
22,26,double-letters,lexicase,FALSE,10,elitize_generation_data,21,13,0.56,NA
23,26,double-letters,lexicase,FALSE,10,elitize_generation_data,22,19,0.477,NA
24,26,double-letters,lexicase,FALSE,10,elitize_generation_data,23,11,0.511,NA
25,26,double-letters,lexicase,FALSE,10,elitize_generation_data,24,8,0.526,NA
26,26,double-letters,lexicase,FALSE,10,elitize_generation_data,25,10,0.519,NA
27,26,double-letters,lexicase,FALSE,10,elitize_generation_data,26,9,0.531,NA
28,26,double-letters,lexicase,FALSE,10,elitize_generation_data,27,10,0.518,NA
29,26,double-letters,lexicase,FALSE,10,elitize_generation_data,28,10,0.553,NA
30,26,double-letters,lexicase,FALSE,10,elitize_generation_data,29,8,0.567,NA
31,26,double-letters,lexicase,FALSE,10,elitize_generation_data,30,8,0.571,NA
32,26,double-letters,lexicase,FALSE,10,elitize_generation_data,31,7,0.58,NA
33,26,double-letters,lexicase,FALSE,10,elitize_generation_data,32,7,0.62,NA
34,26,double-letters,lexicase,FALSE,10,elitize_generation_data,33,7,0.61,NA
35,26,double-letters,lexicase,FALSE,10,elitize_generation_data,34,6,0.652,NA
36,26,double-letters,lexicase,FALSE,10,elitize_generation_data,35,8,0.647,NA
37,26,double-letters,lexicase,FALSE,10,elitize_generation_data,36,7,0.633,NA
38,26,double-letters,lexicase,FALSE,10,elitize_generation_data,37,7,0.651,NA
39,26,double-letters,lexicase,FALSE,10,elitize_generation_data,38,7,0.677,NA
40,26,double-letters,lexicase,FALSE,10,elitize_generation_data,39,6,0.657,NA
41,26,double-letters,lexicase,FALSE,10,elitize_generation_data,40,5,0.635,NA
42,26,double-letters,lexicase,FALSE,10,elitize_generation_data,41,4,0.629,NA
43,26,double-letters,lexicase,FALSE,10,elitize_generation_data,42,4,0.662,NA
44,26,double-letters,lexicase,FALSE,10,elitize_generation_data,43,5,0.665,NA
45,26,double-letters,lexicase,FALSE,10,elitize_generation_data,44,5,0.693,NA
46,26,double-letters,lexicase,FALSE,10,elitize_generation_data,45,5,0.696,NA
47,26,double-letters,lexicase,FALSE,10,elitize_generation_data,46,5,0.716,NA
48,26,double-letters,lexicase,FALSE,10,elitize_generation_data,47,4,0.699,NA
49,26,double-letters,lexicase,FALSE,10,elitize_generation_data,48,6,0.701,NA
50,26,double-letters,lexicase,FALSE,10,elitize_generation_data,49,5,0.714,NA
51,26,double-letters,lexicase,FALSE,10,elitize_generation_data,50,5,0.682,NA
52,26,double-letters,lexicase,FALSE,10,elitize_generation_data,51,5,0.701,NA
53,26,double-letters,lexicase,FALSE,10,elitize_generation_data,52,5,0.672,NA
54,26,double-letters,lexicase,FALSE,10,elitize_generation_data,53,5,0.702,NA
55,26,double-letters,lexicase,FALSE,10,elitize_generation_data,54,4,0.673,NA
56,26,double-letters,lexicase,FALSE,10,elitize_generation_data,55,4,0.698,NA
57,26,double-letters,lexicase,FALSE,10,elitize_generation_data,56,4,0.667,NA
58,26,double-letters,lexicase,FALSE,10,elitize_generation_data,57,4,0.705,NA
59,26,double-letters,lexicase,FALSE,10,elitize_generation_data,58,4,0.686,NA
60,26,double-letters,lexicase,FALSE,10,elitize_generation_data,59,4,0.695,NA
61,26,double-letters,lexicase,FALSE,10,elitize_generation_data,60,4,0.714,NA
62,26,double-letters,lexicase,FALSE,10,elitize_generation_data,61,4,0.686,NA
63,26,double-letters,lexicase,FALSE,10,elitize_generation_data,62,4,0.696,NA
64,26,double-letters,lexicase,FALSE,10,elitize_generation_data,63,5,0.704,NA
65,26,double-letters,lexicase,FALSE,10,elitize_generation_data,64,5,0.705,NA
66,26,double-letters,lexicase,FALSE,10,elitize_generation_data,65,5,0.694,NA
67,26,double-letters,lexicase,FALSE,10,elitize_generation_data,66,5,0.702,NA
68,26,double-letters,lexicase,FALSE,10,elitize_generation_data,67,5,0.712,NA
69,26,double-letters,lexicase,FALSE,10,elitize_generation_data,68,5,0.668,NA
70,26,double-letters,lexicase,FALSE,10,elitize_generation_data,69,5,0.654,NA
71,26,double-letters,lexicase,FALSE,10,elitize_generation_data,70,7,0.699,NA
72,26,double-letters,lexicase,FALSE,10,elitize_generation_data,71,5,0.689,NA
73,26,double-letters,lexicase,FALSE,10,elitize_generation_data,72,7,0.694,NA
74,26,double-letters,lexicase,FALSE,10,elitize_generation_data,73,6,0.717,NA
75,26,double-letters,lexicase,FALSE,10,elitize_generation_data,74,5,0.712,NA
76,26,double-letters,lexicase,FALSE,10,elitize_generation_data,75,6,0.684,NA
77,26,double-letters,lexicase,FALSE,10,elitize_generation_data,76,6,0.733,NA
78,26,double-letters,lexicase,FALSE,10,elitize_generation_data,77,6,0.717,NA
79,26,double-letters,lexicase,FALSE,10,elitize_generation_data,78,6,0.709,NA
80,26,double-letters,lexicase,FALSE,10,elitize_generation_data,79,6,0.714,NA
81,26,double-letters,lexicase,FALSE,10,elitize_generation_data,80,5,0.714,NA
82,26,double-letters,lexicase,FALSE,10,elitize_generation_data,81,5,0.721,NA
83,26,double-letters,lexicase,FALSE,10,elitize_generation_data,82,5,0.695,NA
84,26,double-letters,lexicase,FALSE,10,elitize_generation_data,83,5,0.703,NA
85,26,double-letters,lexicase,FALSE,10,elitize_generation_data,84,5,0.741,NA
86,26,double-letters,lexicase,FALSE,10,elitize_generation_data,85,5,0.737,NA
87,26,double-letters,lexicase,FALSE,10,elitize_generation_data,86,5,0.744,NA
88,26,double-letters,lexicase,FALSE,10,elitize_generation_data,87,5,0.741,NA
89,26,double-letters,lexicase,FALSE,10,elitize_generation_data,88,5,0.744,NA
90,26,double-letters,lexicase,FALSE,10,elitize_generation_data,89,5,0.734,NA
91,26,double-letters,lexicase,FALSE,10,elitize_generation_data,90,5,0.722,NA
92,26,double-letters,lexicase,FALSE,10,elitize_generation_data,91,6,0.71,NA
93,26,double-letters,lexicase,FALSE,10,elitize_generation_data,92,6,0.723,NA
94,26,double-letters,lexicase,FALSE,10,elitize_generation_data,93,6,0.734,NA
95,26,double-letters,lexicase,FALSE,10,elitize_generation_data,94,6,0.692,NA
96,26,double-letters,lexicase,FALSE,10,elitize_generation_data,95,6,0.733,NA
97,26,double-letters,lexicase,FALSE,10,elitize_generation_data,96,5,0.712,NA
98,26,double-letters,lexicase,FALSE,10,elitize_generation_data,97,5,0.732,NA
99,26,double-letters,lexicase,FALSE,10,elitize_generation_data,98,6,0.713,NA
100,26,double-letters,lexicase,FALSE,10,elitize_generation_data,99,5,0.749,NA
101,26,double-letters,lexicase,FALSE,10,elitize_generation_data,100,6,0.716,NA
102,26,double-letters,lexicase,FALSE,10,elitize_generation_data,101,5,0.728,NA
103,26,double-letters,lexicase,FALSE,10,elitize_generation_data,102,5,0.742,NA
104,26,double-letters,lexicase,FALSE,10,elitize_generation_data,103,5,0.731,NA
105,26,double-letters,lexicase,FALSE,10,elitize_generation_data,104,6,0.708,NA
106,26,double-letters,lexicase,FALSE,10,elitize_generation_data,105,6,0.759,NA
107,26,double-letters,lexicase,FALSE,10,elitize_generation_data,106,7,0.724,NA
108,26,double-letters,lexicase,FALSE,10,elitize_generation_data,107,5,0.728,NA
109,26,double-letters,lexicase,FALSE,10,elitize_generation_data,108,6,0.727,NA
110,26,double-letters,lexicase,FALSE,10,elitize_generation_data,109,6,0.747,NA
111,26,double-letters,lexicase,FALSE,10,elitize_generation_data,110,5,0.727,NA
112,26,double-letters,lexicase,FALSE,10,elitize_generation_data,111,5,0.702,NA
113,26,double-letters,lexicase,FALSE,10,elitize_generation_data,112,6,0.697,NA
114,26,double-letters,lexicase,FALSE,10,elitize_generation_data,113,6,0.757,NA
115,26,double-letters,lexicase,FALSE,10,elitize_generation_data,114,5,0.733,NA
116,26,double-letters,lexicase,FALSE,10,elitize_generation_data,115,6,0.723,NA
117,26,double-letters,lexicase,FALSE,10,elitize_generation_data,116,5,0.731,NA
118,26,double-letters,lexicase,FALSE,10,elitize_generation_data,117,6,0.702,NA
119,26,double-letters,lexicase,FALSE,10,elitize_generation_data,118,6,0.699,NA
120,26,double-letters,lexicase,FALSE,10,elitize_generation_data,119,6,0.709,NA
121,26,double-letters,lexicase,FALSE,10,elitize_generation_data,120,5,0.718,NA
122,26,double-letters,lexicase,FALSE,10,elitize_generation_data,121,5,0.724,NA
123,26,double-letters,lexicase,FALSE,10,elitize_generation_data,122,5,0.718,NA
124,26,double-letters,lexicase,FALSE,10,elitize_generation_data,123,6,0.703,NA
125,26,double-letters,lexicase,FALSE,10,elitize_generation_data,124,5,0.725,NA
126,26,double-letters,lexicase,FALSE,10,elitize_generation_data,125,5,0.717,NA
127,26,double-letters,lexicase,FALSE,10,elitize_generation_data,126,5,0.714,NA
128,26,double-letters,lexicase,FALSE,10,elitize_generation_data,127,6,0.698,NA
129,26,double-letters,lexicase,FALSE,10,elitize_generation_data,128,5,0.69,NA
130,26,double-letters,lexicase,FALSE,10,elitize_generation_data,129,6,0.695,NA
131,26,double-letters,lexicase,FALSE,10,elitize_generation_data,130,5,0.682,NA
132,26,double-letters,lexicase,FALSE,10,elitize_generation_data,131,5,0.726,NA
133,26,double-letters,lexicase,FALSE,10,elitize_generation_data,132,7,0.707,NA
134,26,double-letters,lexicase,FALSE,10,elitize_generation_data,133,6,0.691,NA
135,26,double-letters,lexicase,FALSE,10,elitize_generation_data,134,6,0.727,NA
136,26,double-letters,lexicase,FALSE,10,elitize_generation_data,135,5,0.708,NA
137,26,double-letters,lexicase,FALSE,10,elitize_generation_data,136,7,0.717,NA
138,26,double-letters,lexicase,FALSE,10,elitize_generation_data,137,6,0.692,NA
139,26,double-letters,lexicase,FALSE,10,elitize_generation_data,138,5,0.708,NA
140,26,double-letters,lexicase,FALSE,10,elitize_generation_data,139,7,0.709,NA
141,26,double-letters,lexicase,FALSE,10,elitize_generation_data,140,6,0.706,NA
142,26,double-letters,lexicase,FALSE,10,elitize_generation_data,141,7,0.722,NA
143,26,double-letters,lexicase,FALSE,10,elitize_generation_data,142,6,0.702,NA
144,26,double-letters,lexicase,FALSE,10,elitize_generation_data,143,7,0.705,NA
145,26,double-letters,lexicase,FALSE,10,elitize_generation_data,144,7,0.728,NA
146,26,double-letters,lexicase,FALSE,10,elitize_generation_data,145,7,0.701,NA
147,26,double-letters,lexicase,FALSE,10,elitize_generation_data,146,8,0.674,NA
148,26,double-letters,lexicase,FALSE,10,elitize_generation_data,147,7,0.726,NA
149,26,double-letters,lexicase,FALSE,10,elitize_generation_data,148,8,0.72,NA
150,26,double-letters,lexicase,FALSE,10,elitize_generation_data,149,9,0.728,NA
151,26,double-letters,lexicase,FALSE,10,elitize_generation_data,150,9,0.715,NA
152,26,double-letters,lexicase,FALSE,10,elitize_generation_data,151,7,0.708,NA
153,26,double-letters,lexicase,FALSE,10,elitize_generation_data,152,7,0.723,NA
154,26,double-letters,lexicase,FALSE,10,elitize_generation_data,153,7,0.703,NA
155,26,double-letters,lexicase,FALSE,10,elitize_generation_data,154,7,0.717,NA
156,26,double-letters,lexicase,FALSE,10,elitize_generation_data,155,6,0.689,NA
157,26,double-letters,lexicase,FALSE,10,elitize_generation_data,156,6,0.711,NA
158,26,double-letters,lexicase,FALSE,10,elitize_generation_data,157,6,0.701,NA
159,26,double-letters,lexicase,FALSE,10,elitize_generation_data,158,6,0.701,NA
160,26,double-letters,lexicase,FALSE,10,elitize_generation_data,159,6,0.713,NA
161,26,double-letters,lexicase,FALSE,10,elitize_generation_data,160,7,0.716,NA
162,26,double-letters,lexicase,FALSE,10,elitize_generation_data,161,8,0.69,NA
163,26,double-letters,lexicase,FALSE,10,elitize_generation_data,162,7,0.691,NA
164,26,double-letters,lexicase,FALSE,10,elitize_generation_data,163,6,0.685,NA
165,26,double-letters,lexicase,FALSE,10,elitize_generation_data,164,8,0.709,NA
166,26,double-letters,lexicase,FALSE,10,elitize_generation_data,165,8,0.721,NA
167,26,double-letters,lexicase,FALSE,10,elitize_generation_data,166,7,0.716,NA
168,26,double-letters,lexicase,FALSE,10,elitize_generation_data,167,8,0.686,NA
169,26,double-letters,lexicase,FALSE,10,elitize_generation_data,168,7,0.713,NA
170,26,double-letters,lexicase,FALSE,10,elitize_generation_data,169,7,0.707,NA
171,26,double-letters,lexicase,FALSE,10,elitize_generation_data,170,6,0.69,NA
172,26,double-letters,lexicase,FALSE,10,elitize_generation_data,171,6,0.717,NA
173,26,double-letters,lexicase,FALSE,10,elitize_generation_data,172,6,0.686,NA
174,26,double-letters,lexicase,FALSE,10,elitize_generation_data,173,6,0.711,NA
175,26,double-letters,lexicase,FALSE,10,elitize_generation_data,174,6,0.717,NA
176,26,double-letters,lexicase,FALSE,10,elitize_generation_data,175,6,0.706,NA
177,26,double-letters,lexicase,FALSE,10,elitize_generation_data,176,6,0.709,NA
178,26,double-letters,lexicase,FALSE,10,elitize_generation_data,177,5,0.699,NA
179,26,double-letters,lexicase,FALSE,10,elitize_generation_data,178,6,0.703,NA
180,26,double-letters,lexicase,FALSE,10,elitize_generation_data,179,6,0.698,NA
181,26,double-letters,lexicase,FALSE,10,elitize_generation_data,180,6,0.69,NA
182,26,double-letters,lexicase,FALSE,10,elitize_generation_data,181,6,0.681,NA
183,26,double-letters,lexicase,FALSE,10,elitize_generation_data,182,6,0.678,NA
184,26,double-letters,lexicase,FALSE,10,elitize_generation_data,183,6,0.673,NA
185,26,double-letters,lexicase,FALSE,10,elitize_generation_data,184,6,0.706,NA
186,26,double-letters,lexicase,FALSE,10,elitize_generation_data,185,6,0.696,NA
187,26,double-letters,lexicase,FALSE,10,elitize_generation_data,186,6,0.721,NA
188,26,double-letters,lexicase,FALSE,10,elitize_generation_data,187,5,0.692,NA
189,26,double-letters,lexicase,FALSE,10,elitize_generation_data,188,6,0.701,NA
190,26,double-letters,lexicase,FALSE,10,elitize_generation_data,189,6,0.675,NA
191,26,double-letters,lexicase,FALSE,10,elitize_generation_data,190,6,0.669,NA
192,26,double-letters,lexicase,FALSE,10,elitize_generation_data,191,6,0.695,NA
193,26,double-letters,lexicase,FALSE,10,elitize_generation_data,192,7,0.681,NA
194,26,double-letters,lexicase,FALSE,10,elitize_generation_data,193,6,0.715,NA
195,26,double-letters,lexicase,FALSE,10,elitize_generation_data,194,7,0.68,NA
196,26,double-letters,lexicase,FALSE,10,elitize_generation_data,195,7,0.71,NA
197,26,double-letters,lexicase,FALSE,10,elitize_generation_data,196,6,0.676,NA
198,26,double-letters,lexicase,FALSE,10,elitize_generation_data,197,7,0.7,NA
199,26,double-letters,lexicase,FALSE,10,elitize_generation_data,198,7,0.686,NA
200,26,double-letters,lexicase,FALSE,10,elitize_generation_data,199,8,0.706,NA
201,26,double-letters,lexicase,FALSE,10,elitize_generation_data,200,6,0.705,NA
202,26,double-letters,lexicase,FALSE,10,elitize_generation_data,201,6,0.681,NA
203,26,double-letters,lexicase,FALSE,10,elitize_generation_data,202,6,0.686,NA
204,26,double-letters,lexicase,FALSE,10,elitize_generation_data,203,5,0.669,NA
205,26,double-letters,lexicase,FALSE,10,elitize_generation_data,204,6,0.722,NA
206,26,double-letters,lexicase,FALSE,10,elitize_generation_data,205,6,0.698,NA
207,26,double-letters,lexicase,FALSE,10,elitize_generation_data,206,6,0.697,NA
208,26,double-letters,lexicase,FALSE,10,elitize_generation_data,207,6,0.689,NA
209,26,double-letters,lexicase,FALSE,10,elitize_generation_data,208,6,0.727,NA
210,26,double-letters,lexicase,FALSE,10,elitize_generation_data,209,6,0.71,NA
211,26,double-letters,lexicase,FALSE,10,elitize_generation_data,210,6,0.727,NA
212,26,double-letters,lexicase,FALSE,10,elitize_generation_data,211,7,0.718,NA
213,26,double-letters,lexicase,FALSE,10,elitize_generation_data,212,6,0.694,NA
214,26,double-letters,lexicase,FALSE,10,elitize_generation_data,213,7,0.673,NA
215,26,double-letters,lexicase,FALSE,10,elitize_generation_data,214,7,0.71,NA
216,26,double-letters,lexicase,FALSE,10,elitize_generation_data,215,7,0.681,NA
217,26,double-letters,lexicase,FALSE,10,elitize_generation_data,216,8,0.689,NA
218,26,double-letters,lexicase,FALSE,10,elitize_generation_data,217,7,0.671,NA
219,26,double-letters,lexicase,FALSE,10,elitize_generation_data,218,9,0.664,NA
220,26,double-letters,lexicase,FALSE,10,elitize_generation_data,219,8,0.692,NA
221,26,double-letters,lexicase,FALSE,10,elitize_generation_data,220,8,0.694,NA
222,26,double-letters,lexicase,FALSE,10,elitize_generation_data,221,8,0.686,NA
223,26,double-letters,lexicase,FALSE,10,elitize_generation_data,222,8,0.678,NA
224,26,double-letters,lexicase,FALSE,10,elitize_generation_data,223,8,0.698,NA
225,26,double-letters,lexicase,FALSE,10,elitize_generation_data,224,9,0.708,NA
226,26,double-letters,lexicase,FALSE,10,elitize_generation_data,225,9,0.703,NA
227,26,double-letters,lexicase,FALSE,10,elitize_generation_data,226,9,0.713,NA
228,26,double-letters,lexicase,FALSE,10,elitize_generation_data,227,7,0.702,NA
229,26,double-letters,lexicase,FALSE,10,elitize_generation_data,228,7,0.692,NA
230,26,double-letters,lexicase,FALSE,10,elitize_generation_data,229,8,0.71,NA
231,26,double-letters,lexicase,FALSE,10,elitize_generation_data,230,9,0.711,NA
232,26,double-letters,lexicase,FALSE,10,elitize_generation_data,231,7,0.702,NA
233,26,double-letters,lexicase,FALSE,10,elitize_generation_data,232,7,0.686,NA
234,26,double-letters,lexicase,FALSE,10,elitize_generation_data,233,8,0.709,NA
235,26,double-letters,lexicase,FALSE,10,elitize_generation_data,234,7,0.69,NA
236,26,double-letters,lexicase,FALSE,10,elitize_generation_data,235,7,0.701,NA
237,26,double-letters,lexicase,FALSE,10,elitize_generation_data,236,8,0.7,NA
238,26,double-letters,lexicase,FALSE,10,elitize_generation_data,237,8,0.702,NA
239,26,double-letters,lexicase,FALSE,10,elitize_generation_data,238,7,0.721,NA
240,26,double-letters,lexicase,FALSE,10,elitize_generation_data,239,7,0.672,NA
241,26,double-letters,lexicase,FALSE,10,elitize_generation_data,240,7,0.692,NA
242,26,double-letters,lexicase,FALSE,10,elitize_generation_data,241,7,0.701,NA
243,26,double-letters,lexicase,FALSE,10,elitize_generation_data,242,6,0.692,NA
244,26,double-letters,lexicase,FALSE,10,elitize_generation_data,243,5,0.711,NA
245,26,double-letters,lexicase,FALSE,10,elitize_generation_data,244,6,0.69,NA
246,26,double-letters,lexicase,FALSE,10,elitize_generation_data,245,6,0.725,NA
247,26,double-letters,lexicase,FALSE,10,elitize_generation_data,246,6,0.701,NA
248,26,double-letters,lexicase,FALSE,10,elitize_generation_data,247,5,0.691,NA
249,26,double-letters,lexicase,FALSE,10,elitize_generation_data,248,8,0.721,NA
250,26,double-letters,lexicase,FALSE,10,elitize_generation_data,249,6,0.698,NA
251,26,double-letters,lexicase,FALSE,10,elitize_generation_data,250,6,0.693,NA
252,26,double-letters,lexicase,FALSE,10,elitize_generation_data,251,5,0.653,NA
253,26,double-letters,lexicase,FALSE,10,elitize_generation_data,252,6,0.69,NA
254,26,double-letters,lexicase,FALSE,10,elitize_generation_data,253,6,0.687,NA
255,26,double-letters,lexicase,FALSE,10,elitize_generation_data,254,6,0.702,NA
256,26,double-letters,lexicase,FALSE,10,elitize_generation_data,255,7,0.694,NA
257,26,double-letters,lexicase,FALSE,10,elitize_generation_data,256,6,0.673,NA
258,26,double-letters,lexicase,FALSE,10,elitize_generation_data,257,6,0.687,NA
259,26,double-letters,lexicase,FALSE,10,elitize_generation_data,258,5,0.684,NA
260,26,double-letters,lexicase,FALSE,10,elitize_generation_data,259,6,0.703,NA
261,26,double-letters,lexicase,FALSE,10,elitize_generation_data,260,7,0.684,NA
262,26,double-letters,lexicase,FALSE,10,elitize_generation_data,261,7,0.705,NA
263,26,double-letters,lexicase,FALSE,10,elitize_generation_data,262,7,0.68,NA
264,26,double-letters,lexicase,FALSE,10,elitize_generation_data,263,6,0.718,NA
265,26,double-letters,lexicase,FALSE,10,elitize_generation_data,264,6,0.691,NA
266,26,double-letters,lexicase,FALSE,10,elitize_generation_data,265,9,0.692,NA
267,26,double-letters,lexicase,FALSE,10,elitize_generation_data,266,7,0.7,NA
268,26,double-letters,lexicase,FALSE,10,elitize_generation_data,267,7,0.685,NA
269,26,double-letters,lexicase,FALSE,10,elitize_generation_data,268,8,0.717,NA
270,26,double-letters,lexicase,FALSE,10,elitize_generation_data,269,7,0.653,NA
271,26,double-letters,lexicase,FALSE,10,elitize_generation_data,270,7,0.698,NA
272,26,double-letters,lexicase,FALSE,10,elitize_generation_data,271,6,0.702,NA
273,26,double-letters,lexicase,FALSE,10,elitize_generation_data,272,6,0.669,NA
274,26,double-letters,lexicase,FALSE,10,elitize_generation_data,273,6,0.674,NA
275,26,double-letters,lexicase,FALSE,10,elitize_generation_data,274,5,0.679,NA
276,26,double-letters,lexicase,FALSE,10,elitize_generation_data,275,8,0.702,NA
277,26,double-letters,lexicase,FALSE,10,elitize_generation_data,276,6,0.708,NA
278,26,double-letters,lexicase,FALSE,10,elitize_generation_data,277,6,0.683,NA
279,26,double-letters,lexicase,FALSE,10,elitize_generation_data,278,8,0.705,NA
280,26,double-letters,lexicase,FALSE,10,elitize_generation_data,279,7,0.676,NA
281,26,double-letters,lexicase,FALSE,10,elitize_generation_data,280,7,0.687,NA
282,26,double-letters,lexicase,FALSE,10,elitize_generation_data,281,7,0.699,NA
283,26,double-letters,lexicase,FALSE,10,elitize_generation_data,282,7,0.689,NA
284,26,double-letters,lexicase,FALSE,10,elitize_generation_data,283,6,0.692,NA
285,26,double-letters,lexicase,FALSE,10,elitize_generation_data,284,7,0.655,NA
286,26,double-letters,lexicase,FALSE,10,elitize_generation_data,285,6,0.67,NA
287,26,double-letters,lexicase,FALSE,10,elitize_generation_data,286,6,0.694,NA
288,26,double-letters,lexicase,FALSE,10,elitize_generation_data,287,6,0.678,NA
289,26,double-letters,lexicase,FALSE,10,elitize_generation_data,288,7,0.694,NA
290,26,double-letters,lexicase,FALSE,10,elitize_generation_data,289,7,0.659,NA
291,26,double-letters,lexicase,FALSE,10,elitize_generation_data,290,8,0.702,NA
292,26,double-letters,lexicase,FALSE,10,elitize_generation_data,291,8,0.701,NA
293,26,double-letters,lexicase,FALSE,10,elitize_generation_data,292,7,0.664,NA
294,26,double-letters,lexicase,FALSE,10,elitize_generation_data,293,6,0.686,NA
295,26,double-letters,lexicase,FALSE,10,elitize_generation_data,294,7,0.714,NA
296,26,double-letters,lexicase,FALSE,10,elitize_generation_data,295,7,0.684,NA
297,26,double-letters,lexicase,FALSE,10,elitize_generation_data,296,7,0.727,NA
298,26,double-letters,lexicase,FALSE,10,elitize_generation_data,297,7,0.699,NA
299,26,double-letters,lexicase,FALSE,10,elitize_generation_data,298,7,0.716,NA
300,26,double-letters,lexicase,FALSE,10,elitize_generation_data,299,7,0.726,NA
301,26,double-letters,lexicase,FALSE,10,elitize_generation_data,300,8,0.705,NA
