,run.num,problem,treatment,succeeded,height,normalization.function,generation,cluster.count,error.diversity,success.generation
1,51,double-letters,lexicase,FALSE,10,elitize_generation_data,0,5,0.363,NA
2,51,double-letters,lexicase,FALSE,10,elitize_generation_data,1,7,0.109,NA
3,51,double-letters,lexicase,FALSE,10,elitize_generation_data,2,9,0.148,NA
4,51,double-letters,lexicase,FALSE,10,elitize_generation_data,3,15,0.173,NA
5,51,double-letters,lexicase,FALSE,10,elitize_generation_data,4,23,0.218,NA
6,51,double-letters,lexicase,FALSE,10,elitize_generation_data,5,28,0.379,NA
7,51,double-letters,lexicase,FALSE,10,elitize_generation_data,6,11,0.411,NA
8,51,double-letters,lexicase,FALSE,10,elitize_generation_data,7,18,0.345,NA
9,51,double-letters,lexicase,FALSE,10,elitize_generation_data,8,31,0.362,NA
10,51,double-letters,lexicase,FALSE,10,elitize_generation_data,9,43,0.432,NA
11,51,double-letters,lexicase,FALSE,10,elitize_generation_data,10,55,0.503,NA
12,51,double-letters,lexicase,FALSE,10,elitize_generation_data,11,57,0.54,NA
13,51,double-letters,lexicase,FALSE,10,elitize_generation_data,12,63,0.488,NA
14,51,double-letters,lexicase,FALSE,10,elitize_generation_data,13,79,0.558,NA
15,51,double-letters,lexicase,FALSE,10,elitize_generation_data,14,81,0.614,NA
16,51,double-letters,lexicase,FALSE,10,elitize_generation_data,15,100,0.697,NA
17,51,double-letters,lexicase,FALSE,10,elitize_generation_data,16,112,0.717,NA
18,51,double-letters,lexicase,FALSE,10,elitize_generation_data,17,121,0.73,NA
19,51,double-letters,lexicase,FALSE,10,elitize_generation_data,18,124,0.763,NA
20,51,double-letters,lexicase,FALSE,10,elitize_generation_data,19,128,0.765,NA
21,51,double-letters,lexicase,FALSE,10,elitize_generation_data,20,145,0.783,NA
22,51,double-letters,lexicase,FALSE,10,elitize_generation_data,21,148,0.816,NA
23,51,double-letters,lexicase,FALSE,10,elitize_generation_data,22,157,0.787,NA
24,51,double-letters,lexicase,FALSE,10,elitize_generation_data,23,160,0.822,NA
25,51,double-letters,lexicase,FALSE,10,elitize_generation_data,24,154,0.832,NA
26,51,double-letters,lexicase,FALSE,10,elitize_generation_data,25,155,0.807,NA
27,51,double-letters,lexicase,FALSE,10,elitize_generation_data,26,134,0.851,NA
28,51,double-letters,lexicase,FALSE,10,elitize_generation_data,27,108,0.842,NA
29,51,double-letters,lexicase,FALSE,10,elitize_generation_data,28,79,0.868,NA
30,51,double-letters,lexicase,FALSE,10,elitize_generation_data,29,67,0.803,NA
31,51,double-letters,lexicase,FALSE,10,elitize_generation_data,30,66,0.836,NA
32,51,double-letters,lexicase,FALSE,10,elitize_generation_data,31,74,0.816,NA
33,51,double-letters,lexicase,FALSE,10,elitize_generation_data,32,71,0.836,NA
34,51,double-letters,lexicase,FALSE,10,elitize_generation_data,33,73,0.855,NA
35,51,double-letters,lexicase,FALSE,10,elitize_generation_data,34,75,0.866,NA
36,51,double-letters,lexicase,FALSE,10,elitize_generation_data,35,69,0.855,NA
37,51,double-letters,lexicase,FALSE,10,elitize_generation_data,36,63,0.865,NA
38,51,double-letters,lexicase,FALSE,10,elitize_generation_data,37,59,0.866,NA
39,51,double-letters,lexicase,FALSE,10,elitize_generation_data,38,43,0.876,NA
40,51,double-letters,lexicase,FALSE,10,elitize_generation_data,39,48,0.847,NA
41,51,double-letters,lexicase,FALSE,10,elitize_generation_data,40,43,0.882,NA
42,51,double-letters,lexicase,FALSE,10,elitize_generation_data,41,47,0.887,NA
43,51,double-letters,lexicase,FALSE,10,elitize_generation_data,42,47,0.9,NA
44,51,double-letters,lexicase,FALSE,10,elitize_generation_data,43,48,0.9,NA
45,51,double-letters,lexicase,FALSE,10,elitize_generation_data,44,46,0.895,NA
46,51,double-letters,lexicase,FALSE,10,elitize_generation_data,45,46,0.882,NA
47,51,double-letters,lexicase,FALSE,10,elitize_generation_data,46,47,0.881,NA
48,51,double-letters,lexicase,FALSE,10,elitize_generation_data,47,53,0.89,NA
49,51,double-letters,lexicase,FALSE,10,elitize_generation_data,48,49,0.868,NA
50,51,double-letters,lexicase,FALSE,10,elitize_generation_data,49,48,0.909,NA
51,51,double-letters,lexicase,FALSE,10,elitize_generation_data,50,46,0.916,NA
52,51,double-letters,lexicase,FALSE,10,elitize_generation_data,51,51,0.906,NA
53,51,double-letters,lexicase,FALSE,10,elitize_generation_data,52,52,0.902,NA
54,51,double-letters,lexicase,FALSE,10,elitize_generation_data,53,49,0.891,NA
55,51,double-letters,lexicase,FALSE,10,elitize_generation_data,54,51,0.904,NA
56,51,double-letters,lexicase,FALSE,10,elitize_generation_data,55,54,0.937,NA
57,51,double-letters,lexicase,FALSE,10,elitize_generation_data,56,50,0.914,NA
58,51,double-letters,lexicase,FALSE,10,elitize_generation_data,57,54,0.904,NA
59,51,double-letters,lexicase,FALSE,10,elitize_generation_data,58,53,0.935,NA
60,51,double-letters,lexicase,FALSE,10,elitize_generation_data,59,63,0.903,NA
61,51,double-letters,lexicase,FALSE,10,elitize_generation_data,60,55,0.91,NA
62,51,double-letters,lexicase,FALSE,10,elitize_generation_data,61,52,0.913,NA
63,51,double-letters,lexicase,FALSE,10,elitize_generation_data,62,45,0.922,NA
64,51,double-letters,lexicase,FALSE,10,elitize_generation_data,63,44,0.904,NA
65,51,double-letters,lexicase,FALSE,10,elitize_generation_data,64,45,0.902,NA
66,51,double-letters,lexicase,FALSE,10,elitize_generation_data,65,41,0.911,NA
67,51,double-letters,lexicase,FALSE,10,elitize_generation_data,66,41,0.899,NA
68,51,double-letters,lexicase,FALSE,10,elitize_generation_data,67,49,0.912,NA
69,51,double-letters,lexicase,FALSE,10,elitize_generation_data,68,42,0.897,NA
70,51,double-letters,lexicase,FALSE,10,elitize_generation_data,69,39,0.907,NA
71,51,double-letters,lexicase,FALSE,10,elitize_generation_data,70,39,0.909,NA
72,51,double-letters,lexicase,FALSE,10,elitize_generation_data,71,33,0.916,NA
73,51,double-letters,lexicase,FALSE,10,elitize_generation_data,72,29,0.912,NA
74,51,double-letters,lexicase,FALSE,10,elitize_generation_data,73,27,0.908,NA
75,51,double-letters,lexicase,FALSE,10,elitize_generation_data,74,28,0.898,NA
76,51,double-letters,lexicase,FALSE,10,elitize_generation_data,75,33,0.903,NA
77,51,double-letters,lexicase,FALSE,10,elitize_generation_data,76,31,0.914,NA
78,51,double-letters,lexicase,FALSE,10,elitize_generation_data,77,31,0.903,NA
79,51,double-letters,lexicase,FALSE,10,elitize_generation_data,78,29,0.914,NA
80,51,double-letters,lexicase,FALSE,10,elitize_generation_data,79,35,0.887,NA
81,51,double-letters,lexicase,FALSE,10,elitize_generation_data,80,37,0.896,NA
82,51,double-letters,lexicase,FALSE,10,elitize_generation_data,81,31,0.914,NA
83,51,double-letters,lexicase,FALSE,10,elitize_generation_data,82,30,0.922,NA
84,51,double-letters,lexicase,FALSE,10,elitize_generation_data,83,28,0.906,NA
85,51,double-letters,lexicase,FALSE,10,elitize_generation_data,84,23,0.878,NA
86,51,double-letters,lexicase,FALSE,10,elitize_generation_data,85,21,0.863,NA
87,51,double-letters,lexicase,FALSE,10,elitize_generation_data,86,20,0.877,NA
88,51,double-letters,lexicase,FALSE,10,elitize_generation_data,87,21,0.862,NA
89,51,double-letters,lexicase,FALSE,10,elitize_generation_data,88,20,0.85,NA
90,51,double-letters,lexicase,FALSE,10,elitize_generation_data,89,25,0.86,NA
91,51,double-letters,lexicase,FALSE,10,elitize_generation_data,90,19,0.851,NA
92,51,double-letters,lexicase,FALSE,10,elitize_generation_data,91,21,0.864,NA
93,51,double-letters,lexicase,FALSE,10,elitize_generation_data,92,23,0.843,NA
94,51,double-letters,lexicase,FALSE,10,elitize_generation_data,93,23,0.846,NA
95,51,double-letters,lexicase,FALSE,10,elitize_generation_data,94,19,0.841,NA
96,51,double-letters,lexicase,FALSE,10,elitize_generation_data,95,15,0.835,NA
97,51,double-letters,lexicase,FALSE,10,elitize_generation_data,96,15,0.83,NA
98,51,double-letters,lexicase,FALSE,10,elitize_generation_data,97,17,0.841,NA
99,51,double-letters,lexicase,FALSE,10,elitize_generation_data,98,14,0.809,NA
100,51,double-letters,lexicase,FALSE,10,elitize_generation_data,99,15,0.832,NA
101,51,double-letters,lexicase,FALSE,10,elitize_generation_data,100,16,0.853,NA
102,51,double-letters,lexicase,FALSE,10,elitize_generation_data,101,14,0.862,NA
103,51,double-letters,lexicase,FALSE,10,elitize_generation_data,102,11,0.869,NA
104,51,double-letters,lexicase,FALSE,10,elitize_generation_data,103,13,0.856,NA
105,51,double-letters,lexicase,FALSE,10,elitize_generation_data,104,13,0.843,NA
106,51,double-letters,lexicase,FALSE,10,elitize_generation_data,105,10,0.882,NA
107,51,double-letters,lexicase,FALSE,10,elitize_generation_data,106,11,0.874,NA
108,51,double-letters,lexicase,FALSE,10,elitize_generation_data,107,10,0.86,NA
109,51,double-letters,lexicase,FALSE,10,elitize_generation_data,108,9,0.851,NA
110,51,double-letters,lexicase,FALSE,10,elitize_generation_data,109,9,0.874,NA
111,51,double-letters,lexicase,FALSE,10,elitize_generation_data,110,14,0.858,NA
112,51,double-letters,lexicase,FALSE,10,elitize_generation_data,111,9,0.845,NA
113,51,double-letters,lexicase,FALSE,10,elitize_generation_data,112,6,0.849,NA
114,51,double-letters,lexicase,FALSE,10,elitize_generation_data,113,7,0.883,NA
115,51,double-letters,lexicase,FALSE,10,elitize_generation_data,114,10,0.846,NA
116,51,double-letters,lexicase,FALSE,10,elitize_generation_data,115,10,0.867,NA
117,51,double-letters,lexicase,FALSE,10,elitize_generation_data,116,10,0.859,NA
118,51,double-letters,lexicase,FALSE,10,elitize_generation_data,117,10,0.863,NA
119,51,double-letters,lexicase,FALSE,10,elitize_generation_data,118,9,0.854,NA
120,51,double-letters,lexicase,FALSE,10,elitize_generation_data,119,8,0.859,NA
121,51,double-letters,lexicase,FALSE,10,elitize_generation_data,120,10,0.874,NA
122,51,double-letters,lexicase,FALSE,10,elitize_generation_data,121,8,0.865,NA
123,51,double-letters,lexicase,FALSE,10,elitize_generation_data,122,8,0.874,NA
124,51,double-letters,lexicase,FALSE,10,elitize_generation_data,123,6,0.862,NA
125,51,double-letters,lexicase,FALSE,10,elitize_generation_data,124,10,0.876,NA
126,51,double-letters,lexicase,FALSE,10,elitize_generation_data,125,9,0.86,NA
127,51,double-letters,lexicase,FALSE,10,elitize_generation_data,126,9,0.865,NA
128,51,double-letters,lexicase,FALSE,10,elitize_generation_data,127,8,0.875,NA
129,51,double-letters,lexicase,FALSE,10,elitize_generation_data,128,13,0.862,NA
130,51,double-letters,lexicase,FALSE,10,elitize_generation_data,129,7,0.853,NA
131,51,double-letters,lexicase,FALSE,10,elitize_generation_data,130,9,0.855,NA
132,51,double-letters,lexicase,FALSE,10,elitize_generation_data,131,8,0.845,NA
133,51,double-letters,lexicase,FALSE,10,elitize_generation_data,132,11,0.85,NA
134,51,double-letters,lexicase,FALSE,10,elitize_generation_data,133,9,0.849,NA
135,51,double-letters,lexicase,FALSE,10,elitize_generation_data,134,8,0.848,NA
136,51,double-letters,lexicase,FALSE,10,elitize_generation_data,135,10,0.833,NA
137,51,double-letters,lexicase,FALSE,10,elitize_generation_data,136,11,0.832,NA
138,51,double-letters,lexicase,FALSE,10,elitize_generation_data,137,12,0.857,NA
139,51,double-letters,lexicase,FALSE,10,elitize_generation_data,138,12,0.855,NA
140,51,double-letters,lexicase,FALSE,10,elitize_generation_data,139,11,0.863,NA
141,51,double-letters,lexicase,FALSE,10,elitize_generation_data,140,14,0.861,NA
142,51,double-letters,lexicase,FALSE,10,elitize_generation_data,141,14,0.861,NA
143,51,double-letters,lexicase,FALSE,10,elitize_generation_data,142,15,0.842,NA
144,51,double-letters,lexicase,FALSE,10,elitize_generation_data,143,12,0.873,NA
145,51,double-letters,lexicase,FALSE,10,elitize_generation_data,144,10,0.879,NA
146,51,double-letters,lexicase,FALSE,10,elitize_generation_data,145,12,0.856,NA
147,51,double-letters,lexicase,FALSE,10,elitize_generation_data,146,12,0.892,NA
148,51,double-letters,lexicase,FALSE,10,elitize_generation_data,147,14,0.874,NA
149,51,double-letters,lexicase,FALSE,10,elitize_generation_data,148,16,0.891,NA
150,51,double-letters,lexicase,FALSE,10,elitize_generation_data,149,16,0.861,NA
151,51,double-letters,lexicase,FALSE,10,elitize_generation_data,150,13,0.864,NA
152,51,double-letters,lexicase,FALSE,10,elitize_generation_data,151,13,0.878,NA
153,51,double-letters,lexicase,FALSE,10,elitize_generation_data,152,10,0.871,NA
154,51,double-letters,lexicase,FALSE,10,elitize_generation_data,153,10,0.887,NA
155,51,double-letters,lexicase,FALSE,10,elitize_generation_data,154,11,0.89,NA
156,51,double-letters,lexicase,FALSE,10,elitize_generation_data,155,12,0.904,NA
157,51,double-letters,lexicase,FALSE,10,elitize_generation_data,156,15,0.898,NA
158,51,double-letters,lexicase,FALSE,10,elitize_generation_data,157,11,0.911,NA
159,51,double-letters,lexicase,FALSE,10,elitize_generation_data,158,12,0.896,NA
160,51,double-letters,lexicase,FALSE,10,elitize_generation_data,159,10,0.903,NA
161,51,double-letters,lexicase,FALSE,10,elitize_generation_data,160,11,0.92,NA
162,51,double-letters,lexicase,FALSE,10,elitize_generation_data,161,10,0.893,NA
163,51,double-letters,lexicase,FALSE,10,elitize_generation_data,162,15,0.903,NA
164,51,double-letters,lexicase,FALSE,10,elitize_generation_data,163,11,0.909,NA
165,51,double-letters,lexicase,FALSE,10,elitize_generation_data,164,14,0.877,NA
166,51,double-letters,lexicase,FALSE,10,elitize_generation_data,165,14,0.911,NA
167,51,double-letters,lexicase,FALSE,10,elitize_generation_data,166,11,0.914,NA
168,51,double-letters,lexicase,FALSE,10,elitize_generation_data,167,11,0.874,NA
169,51,double-letters,lexicase,FALSE,10,elitize_generation_data,168,10,0.897,NA
170,51,double-letters,lexicase,FALSE,10,elitize_generation_data,169,11,0.917,NA
171,51,double-letters,lexicase,FALSE,10,elitize_generation_data,170,11,0.898,NA
172,51,double-letters,lexicase,FALSE,10,elitize_generation_data,171,8,0.896,NA
173,51,double-letters,lexicase,FALSE,10,elitize_generation_data,172,9,0.886,NA
174,51,double-letters,lexicase,FALSE,10,elitize_generation_data,173,12,0.903,NA
175,51,double-letters,lexicase,FALSE,10,elitize_generation_data,174,12,0.905,NA
176,51,double-letters,lexicase,FALSE,10,elitize_generation_data,175,13,0.895,NA
177,51,double-letters,lexicase,FALSE,10,elitize_generation_data,176,15,0.91,NA
178,51,double-letters,lexicase,FALSE,10,elitize_generation_data,177,15,0.888,NA
179,51,double-letters,lexicase,FALSE,10,elitize_generation_data,178,12,0.909,NA
180,51,double-letters,lexicase,FALSE,10,elitize_generation_data,179,11,0.897,NA
181,51,double-letters,lexicase,FALSE,10,elitize_generation_data,180,15,0.905,NA
182,51,double-letters,lexicase,FALSE,10,elitize_generation_data,181,14,0.905,NA
183,51,double-letters,lexicase,FALSE,10,elitize_generation_data,182,13,0.897,NA
184,51,double-letters,lexicase,FALSE,10,elitize_generation_data,183,16,0.896,NA
185,51,double-letters,lexicase,FALSE,10,elitize_generation_data,184,14,0.9,NA
186,51,double-letters,lexicase,FALSE,10,elitize_generation_data,185,11,0.896,NA
187,51,double-letters,lexicase,FALSE,10,elitize_generation_data,186,13,0.887,NA
188,51,double-letters,lexicase,FALSE,10,elitize_generation_data,187,11,0.896,NA
189,51,double-letters,lexicase,FALSE,10,elitize_generation_data,188,12,0.914,NA
190,51,double-letters,lexicase,FALSE,10,elitize_generation_data,189,15,0.889,NA
191,51,double-letters,lexicase,FALSE,10,elitize_generation_data,190,14,0.899,NA
192,51,double-letters,lexicase,FALSE,10,elitize_generation_data,191,13,0.893,NA
193,51,double-letters,lexicase,FALSE,10,elitize_generation_data,192,11,0.877,NA
194,51,double-letters,lexicase,FALSE,10,elitize_generation_data,193,12,0.882,NA
195,51,double-letters,lexicase,FALSE,10,elitize_generation_data,194,13,0.913,NA
196,51,double-letters,lexicase,FALSE,10,elitize_generation_data,195,11,0.875,NA
197,51,double-letters,lexicase,FALSE,10,elitize_generation_data,196,12,0.876,NA
198,51,double-letters,lexicase,FALSE,10,elitize_generation_data,197,11,0.873,NA
199,51,double-letters,lexicase,FALSE,10,elitize_generation_data,198,13,0.868,NA
200,51,double-letters,lexicase,FALSE,10,elitize_generation_data,199,12,0.886,NA
201,51,double-letters,lexicase,FALSE,10,elitize_generation_data,200,10,0.878,NA
202,51,double-letters,lexicase,FALSE,10,elitize_generation_data,201,11,0.887,NA
203,51,double-letters,lexicase,FALSE,10,elitize_generation_data,202,10,0.876,NA
204,51,double-letters,lexicase,FALSE,10,elitize_generation_data,203,14,0.879,NA
205,51,double-letters,lexicase,FALSE,10,elitize_generation_data,204,10,0.888,NA
206,51,double-letters,lexicase,FALSE,10,elitize_generation_data,205,11,0.892,NA
207,51,double-letters,lexicase,FALSE,10,elitize_generation_data,206,13,0.888,NA
208,51,double-letters,lexicase,FALSE,10,elitize_generation_data,207,16,0.889,NA
209,51,double-letters,lexicase,FALSE,10,elitize_generation_data,208,15,0.897,NA
210,51,double-letters,lexicase,FALSE,10,elitize_generation_data,209,13,0.922,NA
211,51,double-letters,lexicase,FALSE,10,elitize_generation_data,210,14,0.919,NA
212,51,double-letters,lexicase,FALSE,10,elitize_generation_data,211,13,0.91,NA
213,51,double-letters,lexicase,FALSE,10,elitize_generation_data,212,16,0.915,NA
214,51,double-letters,lexicase,FALSE,10,elitize_generation_data,213,17,0.908,NA
215,51,double-letters,lexicase,FALSE,10,elitize_generation_data,214,13,0.915,NA
216,51,double-letters,lexicase,FALSE,10,elitize_generation_data,215,13,0.907,NA
217,51,double-letters,lexicase,FALSE,10,elitize_generation_data,216,15,0.884,NA
218,51,double-letters,lexicase,FALSE,10,elitize_generation_data,217,13,0.923,NA
219,51,double-letters,lexicase,FALSE,10,elitize_generation_data,218,18,0.908,NA
220,51,double-letters,lexicase,FALSE,10,elitize_generation_data,219,15,0.922,NA
221,51,double-letters,lexicase,FALSE,10,elitize_generation_data,220,17,0.923,NA
222,51,double-letters,lexicase,FALSE,10,elitize_generation_data,221,17,0.923,NA
223,51,double-letters,lexicase,FALSE,10,elitize_generation_data,222,15,0.92,NA
224,51,double-letters,lexicase,FALSE,10,elitize_generation_data,223,18,0.911,NA
225,51,double-letters,lexicase,FALSE,10,elitize_generation_data,224,15,0.915,NA
226,51,double-letters,lexicase,FALSE,10,elitize_generation_data,225,17,0.934,NA
227,51,double-letters,lexicase,FALSE,10,elitize_generation_data,226,15,0.92,NA
228,51,double-letters,lexicase,FALSE,10,elitize_generation_data,227,17,0.917,NA
229,51,double-letters,lexicase,FALSE,10,elitize_generation_data,228,20,0.93,NA
230,51,double-letters,lexicase,FALSE,10,elitize_generation_data,229,23,0.919,NA
231,51,double-letters,lexicase,FALSE,10,elitize_generation_data,230,20,0.931,NA
232,51,double-letters,lexicase,FALSE,10,elitize_generation_data,231,20,0.92,NA
233,51,double-letters,lexicase,FALSE,10,elitize_generation_data,232,21,0.939,NA
234,51,double-letters,lexicase,FALSE,10,elitize_generation_data,233,16,0.926,NA
235,51,double-letters,lexicase,FALSE,10,elitize_generation_data,234,19,0.943,NA
236,51,double-letters,lexicase,FALSE,10,elitize_generation_data,235,16,0.927,NA
237,51,double-letters,lexicase,FALSE,10,elitize_generation_data,236,18,0.916,NA
238,51,double-letters,lexicase,FALSE,10,elitize_generation_data,237,21,0.939,NA
239,51,double-letters,lexicase,FALSE,10,elitize_generation_data,238,20,0.915,NA
240,51,double-letters,lexicase,FALSE,10,elitize_generation_data,239,20,0.931,NA
241,51,double-letters,lexicase,FALSE,10,elitize_generation_data,240,23,0.935,NA
242,51,double-letters,lexicase,FALSE,10,elitize_generation_data,241,22,0.931,NA
243,51,double-letters,lexicase,FALSE,10,elitize_generation_data,242,22,0.919,NA
244,51,double-letters,lexicase,FALSE,10,elitize_generation_data,243,19,0.92,NA
245,51,double-letters,lexicase,FALSE,10,elitize_generation_data,244,14,0.917,NA
246,51,double-letters,lexicase,FALSE,10,elitize_generation_data,245,14,0.896,NA
247,51,double-letters,lexicase,FALSE,10,elitize_generation_data,246,13,0.929,NA
248,51,double-letters,lexicase,FALSE,10,elitize_generation_data,247,19,0.886,NA
249,51,double-letters,lexicase,FALSE,10,elitize_generation_data,248,21,0.888,NA
250,51,double-letters,lexicase,FALSE,10,elitize_generation_data,249,22,0.901,NA
251,51,double-letters,lexicase,FALSE,10,elitize_generation_data,250,20,0.89,NA
252,51,double-letters,lexicase,FALSE,10,elitize_generation_data,251,21,0.912,NA
253,51,double-letters,lexicase,FALSE,10,elitize_generation_data,252,21,0.92,NA
254,51,double-letters,lexicase,FALSE,10,elitize_generation_data,253,22,0.909,NA
255,51,double-letters,lexicase,FALSE,10,elitize_generation_data,254,20,0.907,NA
256,51,double-letters,lexicase,FALSE,10,elitize_generation_data,255,22,0.896,NA
257,51,double-letters,lexicase,FALSE,10,elitize_generation_data,256,19,0.893,NA
258,51,double-letters,lexicase,FALSE,10,elitize_generation_data,257,26,0.884,NA
259,51,double-letters,lexicase,FALSE,10,elitize_generation_data,258,23,0.893,NA
260,51,double-letters,lexicase,FALSE,10,elitize_generation_data,259,24,0.904,NA
261,51,double-letters,lexicase,FALSE,10,elitize_generation_data,260,18,0.897,NA
262,51,double-letters,lexicase,FALSE,10,elitize_generation_data,261,22,0.905,NA
263,51,double-letters,lexicase,FALSE,10,elitize_generation_data,262,21,0.904,NA
264,51,double-letters,lexicase,FALSE,10,elitize_generation_data,263,19,0.92,NA
265,51,double-letters,lexicase,FALSE,10,elitize_generation_data,264,23,0.895,NA
266,51,double-letters,lexicase,FALSE,10,elitize_generation_data,265,16,0.889,NA
267,51,double-letters,lexicase,FALSE,10,elitize_generation_data,266,17,0.92,NA
268,51,double-letters,lexicase,FALSE,10,elitize_generation_data,267,18,0.909,NA
269,51,double-letters,lexicase,FALSE,10,elitize_generation_data,268,20,0.913,NA
270,51,double-letters,lexicase,FALSE,10,elitize_generation_data,269,16,0.899,NA
271,51,double-letters,lexicase,FALSE,10,elitize_generation_data,270,20,0.9,NA
272,51,double-letters,lexicase,FALSE,10,elitize_generation_data,271,23,0.911,NA
273,51,double-letters,lexicase,FALSE,10,elitize_generation_data,272,20,0.905,NA
274,51,double-letters,lexicase,FALSE,10,elitize_generation_data,273,25,0.906,NA
275,51,double-letters,lexicase,FALSE,10,elitize_generation_data,274,26,0.887,NA
276,51,double-letters,lexicase,FALSE,10,elitize_generation_data,275,25,0.91,NA
277,51,double-letters,lexicase,FALSE,10,elitize_generation_data,276,29,0.932,NA
278,51,double-letters,lexicase,FALSE,10,elitize_generation_data,277,27,0.916,NA
279,51,double-letters,lexicase,FALSE,10,elitize_generation_data,278,24,0.934,NA
280,51,double-letters,lexicase,FALSE,10,elitize_generation_data,279,27,0.925,NA
281,51,double-letters,lexicase,FALSE,10,elitize_generation_data,280,27,0.91,NA
282,51,double-letters,lexicase,FALSE,10,elitize_generation_data,281,30,0.945,NA
283,51,double-letters,lexicase,FALSE,10,elitize_generation_data,282,32,0.936,NA
284,51,double-letters,lexicase,FALSE,10,elitize_generation_data,283,22,0.932,NA
285,51,double-letters,lexicase,FALSE,10,elitize_generation_data,284,23,0.951,NA
286,51,double-letters,lexicase,FALSE,10,elitize_generation_data,285,26,0.931,NA
287,51,double-letters,lexicase,FALSE,10,elitize_generation_data,286,31,0.926,NA
288,51,double-letters,lexicase,FALSE,10,elitize_generation_data,287,30,0.919,NA
289,51,double-letters,lexicase,FALSE,10,elitize_generation_data,288,36,0.937,NA
290,51,double-letters,lexicase,FALSE,10,elitize_generation_data,289,27,0.93,NA
291,51,double-letters,lexicase,FALSE,10,elitize_generation_data,290,31,0.913,NA
292,51,double-letters,lexicase,FALSE,10,elitize_generation_data,291,34,0.929,NA
293,51,double-letters,lexicase,FALSE,10,elitize_generation_data,292,25,0.932,NA
294,51,double-letters,lexicase,FALSE,10,elitize_generation_data,293,37,0.92,NA
295,51,double-letters,lexicase,FALSE,10,elitize_generation_data,294,37,0.924,NA
296,51,double-letters,lexicase,FALSE,10,elitize_generation_data,295,29,0.924,NA
297,51,double-letters,lexicase,FALSE,10,elitize_generation_data,296,26,0.909,NA
298,51,double-letters,lexicase,FALSE,10,elitize_generation_data,297,32,0.914,NA
299,51,double-letters,lexicase,FALSE,10,elitize_generation_data,298,31,0.914,NA
300,51,double-letters,lexicase,FALSE,10,elitize_generation_data,299,33,0.92,NA
301,51,double-letters,lexicase,FALSE,10,elitize_generation_data,300,29,0.916,NA
