,run.num,problem,treatment,succeeded,height,normalization.function,generation,cluster.count,error.diversity,success.generation
1,77,double-letters,lexicase,FALSE,10,elitize_generation_data,0,6,0.362,NA
2,77,double-letters,lexicase,FALSE,10,elitize_generation_data,1,7,0.041,NA
3,77,double-letters,lexicase,FALSE,10,elitize_generation_data,2,6,0.03,NA
4,77,double-letters,lexicase,FALSE,10,elitize_generation_data,3,7,0.031,NA
5,77,double-letters,lexicase,FALSE,10,elitize_generation_data,4,7,0.048,NA
6,77,double-letters,lexicase,FALSE,10,elitize_generation_data,5,8,0.053,NA
7,77,double-letters,lexicase,FALSE,10,elitize_generation_data,6,5,0.112,NA
8,77,double-letters,lexicase,FALSE,10,elitize_generation_data,7,7,0.111,NA
9,77,double-letters,lexicase,FALSE,10,elitize_generation_data,8,10,0.123,NA
10,77,double-letters,lexicase,FALSE,10,elitize_generation_data,9,11,0.216,NA
11,77,double-letters,lexicase,FALSE,10,elitize_generation_data,10,10,0.29,NA
12,77,double-letters,lexicase,FALSE,10,elitize_generation_data,11,14,0.312,NA
13,77,double-letters,lexicase,FALSE,10,elitize_generation_data,12,20,0.315,NA
14,77,double-letters,lexicase,FALSE,10,elitize_generation_data,13,17,0.363,NA
15,77,double-letters,lexicase,FALSE,10,elitize_generation_data,14,18,0.418,NA
16,77,double-letters,lexicase,FALSE,10,elitize_generation_data,15,18,0.427,NA
17,77,double-letters,lexicase,FALSE,10,elitize_generation_data,16,26,0.431,NA
18,77,double-letters,lexicase,FALSE,10,elitize_generation_data,17,32,0.475,NA
19,77,double-letters,lexicase,FALSE,10,elitize_generation_data,18,35,0.478,NA
20,77,double-letters,lexicase,FALSE,10,elitize_generation_data,19,40,0.51,NA
21,77,double-letters,lexicase,FALSE,10,elitize_generation_data,20,37,0.509,NA
22,77,double-letters,lexicase,FALSE,10,elitize_generation_data,21,38,0.541,NA
23,77,double-letters,lexicase,FALSE,10,elitize_generation_data,22,44,0.565,NA
24,77,double-letters,lexicase,FALSE,10,elitize_generation_data,23,58,0.56,NA
25,77,double-letters,lexicase,FALSE,10,elitize_generation_data,24,67,0.628,NA
26,77,double-letters,lexicase,FALSE,10,elitize_generation_data,25,62,0.656,NA
27,77,double-letters,lexicase,FALSE,10,elitize_generation_data,26,61,0.647,NA
28,77,double-letters,lexicase,FALSE,10,elitize_generation_data,27,61,0.669,NA
29,77,double-letters,lexicase,FALSE,10,elitize_generation_data,28,61,0.695,NA
30,77,double-letters,lexicase,FALSE,10,elitize_generation_data,29,71,0.677,NA
31,77,double-letters,lexicase,FALSE,10,elitize_generation_data,30,53,0.694,NA
32,77,double-letters,lexicase,FALSE,10,elitize_generation_data,31,40,0.598,NA
33,77,double-letters,lexicase,FALSE,10,elitize_generation_data,32,35,0.59,NA
34,77,double-letters,lexicase,FALSE,10,elitize_generation_data,33,30,0.618,NA
35,77,double-letters,lexicase,FALSE,10,elitize_generation_data,34,27,0.654,NA
36,77,double-letters,lexicase,FALSE,10,elitize_generation_data,35,28,0.655,NA
37,77,double-letters,lexicase,FALSE,10,elitize_generation_data,36,23,0.607,NA
38,77,double-letters,lexicase,FALSE,10,elitize_generation_data,37,25,0.629,NA
39,77,double-letters,lexicase,FALSE,10,elitize_generation_data,38,23,0.652,NA
40,77,double-letters,lexicase,FALSE,10,elitize_generation_data,39,26,0.67,NA
41,77,double-letters,lexicase,FALSE,10,elitize_generation_data,40,21,0.643,NA
42,77,double-letters,lexicase,FALSE,10,elitize_generation_data,41,21,0.651,NA
43,77,double-letters,lexicase,FALSE,10,elitize_generation_data,42,22,0.655,NA
44,77,double-letters,lexicase,FALSE,10,elitize_generation_data,43,20,0.661,NA
45,77,double-letters,lexicase,FALSE,10,elitize_generation_data,44,18,0.697,NA
46,77,double-letters,lexicase,FALSE,10,elitize_generation_data,45,19,0.668,NA
47,77,double-letters,lexicase,FALSE,10,elitize_generation_data,46,20,0.661,NA
48,77,double-letters,lexicase,FALSE,10,elitize_generation_data,47,19,0.699,NA
49,77,double-letters,lexicase,FALSE,10,elitize_generation_data,48,20,0.67,NA
50,77,double-letters,lexicase,FALSE,10,elitize_generation_data,49,17,0.678,NA
51,77,double-letters,lexicase,FALSE,10,elitize_generation_data,50,15,0.706,NA
52,77,double-letters,lexicase,FALSE,10,elitize_generation_data,51,21,0.718,NA
53,77,double-letters,lexicase,FALSE,10,elitize_generation_data,52,20,0.726,NA
54,77,double-letters,lexicase,FALSE,10,elitize_generation_data,53,18,0.714,NA
55,77,double-letters,lexicase,FALSE,10,elitize_generation_data,54,18,0.736,NA
56,77,double-letters,lexicase,FALSE,10,elitize_generation_data,55,15,0.739,NA
57,77,double-letters,lexicase,FALSE,10,elitize_generation_data,56,15,0.746,NA
58,77,double-letters,lexicase,FALSE,10,elitize_generation_data,57,15,0.745,NA
59,77,double-letters,lexicase,FALSE,10,elitize_generation_data,58,15,0.767,NA
60,77,double-letters,lexicase,FALSE,10,elitize_generation_data,59,15,0.751,NA
61,77,double-letters,lexicase,FALSE,10,elitize_generation_data,60,19,0.735,NA
62,77,double-letters,lexicase,FALSE,10,elitize_generation_data,61,16,0.777,NA
63,77,double-letters,lexicase,FALSE,10,elitize_generation_data,62,23,0.761,NA
64,77,double-letters,lexicase,FALSE,10,elitize_generation_data,63,23,0.78,NA
65,77,double-letters,lexicase,FALSE,10,elitize_generation_data,64,13,0.755,NA
66,77,double-letters,lexicase,FALSE,10,elitize_generation_data,65,12,0.73,NA
67,77,double-letters,lexicase,FALSE,10,elitize_generation_data,66,16,0.735,NA
68,77,double-letters,lexicase,FALSE,10,elitize_generation_data,67,16,0.721,NA
69,77,double-letters,lexicase,FALSE,10,elitize_generation_data,68,14,0.721,NA
70,77,double-letters,lexicase,FALSE,10,elitize_generation_data,69,15,0.727,NA
71,77,double-letters,lexicase,FALSE,10,elitize_generation_data,70,16,0.723,NA
72,77,double-letters,lexicase,FALSE,10,elitize_generation_data,71,16,0.755,NA
73,77,double-letters,lexicase,FALSE,10,elitize_generation_data,72,16,0.732,NA
74,77,double-letters,lexicase,FALSE,10,elitize_generation_data,73,15,0.734,NA
75,77,double-letters,lexicase,FALSE,10,elitize_generation_data,74,15,0.74,NA
76,77,double-letters,lexicase,FALSE,10,elitize_generation_data,75,17,0.758,NA
77,77,double-letters,lexicase,FALSE,10,elitize_generation_data,76,18,0.74,NA
78,77,double-letters,lexicase,FALSE,10,elitize_generation_data,77,10,0.752,NA
79,77,double-letters,lexicase,FALSE,10,elitize_generation_data,78,10,0.747,NA
80,77,double-letters,lexicase,FALSE,10,elitize_generation_data,79,9,0.745,NA
81,77,double-letters,lexicase,FALSE,10,elitize_generation_data,80,11,0.754,NA
82,77,double-letters,lexicase,FALSE,10,elitize_generation_data,81,9,0.726,NA
83,77,double-letters,lexicase,FALSE,10,elitize_generation_data,82,6,0.715,NA
84,77,double-letters,lexicase,FALSE,10,elitize_generation_data,83,8,0.719,NA
85,77,double-letters,lexicase,FALSE,10,elitize_generation_data,84,7,0.726,NA
86,77,double-letters,lexicase,FALSE,10,elitize_generation_data,85,9,0.701,NA
87,77,double-letters,lexicase,FALSE,10,elitize_generation_data,86,8,0.672,NA
88,77,double-letters,lexicase,FALSE,10,elitize_generation_data,87,6,0.693,NA
89,77,double-letters,lexicase,FALSE,10,elitize_generation_data,88,7,0.702,NA
90,77,double-letters,lexicase,FALSE,10,elitize_generation_data,89,8,0.739,NA
91,77,double-letters,lexicase,FALSE,10,elitize_generation_data,90,5,0.737,NA
92,77,double-letters,lexicase,FALSE,10,elitize_generation_data,91,5,0.756,NA
93,77,double-letters,lexicase,FALSE,10,elitize_generation_data,92,5,0.743,NA
94,77,double-letters,lexicase,FALSE,10,elitize_generation_data,93,6,0.739,NA
95,77,double-letters,lexicase,FALSE,10,elitize_generation_data,94,6,0.738,NA
96,77,double-letters,lexicase,FALSE,10,elitize_generation_data,95,6,0.686,NA
97,77,double-letters,lexicase,FALSE,10,elitize_generation_data,96,6,0.735,NA
98,77,double-letters,lexicase,FALSE,10,elitize_generation_data,97,4,0.734,NA
99,77,double-letters,lexicase,FALSE,10,elitize_generation_data,98,5,0.724,NA
100,77,double-letters,lexicase,FALSE,10,elitize_generation_data,99,7,0.744,NA
101,77,double-letters,lexicase,FALSE,10,elitize_generation_data,100,7,0.727,NA
102,77,double-letters,lexicase,FALSE,10,elitize_generation_data,101,6,0.734,NA
103,77,double-letters,lexicase,FALSE,10,elitize_generation_data,102,5,0.723,NA
104,77,double-letters,lexicase,FALSE,10,elitize_generation_data,103,5,0.715,NA
105,77,double-letters,lexicase,FALSE,10,elitize_generation_data,104,5,0.744,NA
106,77,double-letters,lexicase,FALSE,10,elitize_generation_data,105,4,0.734,NA
107,77,double-letters,lexicase,FALSE,10,elitize_generation_data,106,5,0.757,NA
108,77,double-letters,lexicase,FALSE,10,elitize_generation_data,107,5,0.76,NA
109,77,double-letters,lexicase,FALSE,10,elitize_generation_data,108,7,0.775,NA
110,77,double-letters,lexicase,FALSE,10,elitize_generation_data,109,6,0.751,NA
111,77,double-letters,lexicase,FALSE,10,elitize_generation_data,110,5,0.743,NA
112,77,double-letters,lexicase,FALSE,10,elitize_generation_data,111,6,0.747,NA
113,77,double-letters,lexicase,FALSE,10,elitize_generation_data,112,4,0.759,NA
114,77,double-letters,lexicase,FALSE,10,elitize_generation_data,113,5,0.752,NA
115,77,double-letters,lexicase,FALSE,10,elitize_generation_data,114,3,0.739,NA
116,77,double-letters,lexicase,FALSE,10,elitize_generation_data,115,3,0.742,NA
117,77,double-letters,lexicase,FALSE,10,elitize_generation_data,116,3,0.726,NA
118,77,double-letters,lexicase,FALSE,10,elitize_generation_data,117,4,0.737,NA
119,77,double-letters,lexicase,FALSE,10,elitize_generation_data,118,3,0.729,NA
120,77,double-letters,lexicase,FALSE,10,elitize_generation_data,119,4,0.699,NA
121,77,double-letters,lexicase,FALSE,10,elitize_generation_data,120,5,0.708,NA
122,77,double-letters,lexicase,FALSE,10,elitize_generation_data,121,6,0.746,NA
123,77,double-letters,lexicase,FALSE,10,elitize_generation_data,122,4,0.745,NA
124,77,double-letters,lexicase,FALSE,10,elitize_generation_data,123,5,0.764,NA
125,77,double-letters,lexicase,FALSE,10,elitize_generation_data,124,6,0.745,NA
126,77,double-letters,lexicase,FALSE,10,elitize_generation_data,125,4,0.741,NA
127,77,double-letters,lexicase,FALSE,10,elitize_generation_data,126,6,0.728,NA
128,77,double-letters,lexicase,FALSE,10,elitize_generation_data,127,4,0.743,NA
129,77,double-letters,lexicase,FALSE,10,elitize_generation_data,128,6,0.74,NA
130,77,double-letters,lexicase,FALSE,10,elitize_generation_data,129,6,0.723,NA
131,77,double-letters,lexicase,FALSE,10,elitize_generation_data,130,5,0.729,NA
132,77,double-letters,lexicase,FALSE,10,elitize_generation_data,131,6,0.735,NA
133,77,double-letters,lexicase,FALSE,10,elitize_generation_data,132,7,0.744,NA
134,77,double-letters,lexicase,FALSE,10,elitize_generation_data,133,8,0.725,NA
135,77,double-letters,lexicase,FALSE,10,elitize_generation_data,134,7,0.719,NA
136,77,double-letters,lexicase,FALSE,10,elitize_generation_data,135,6,0.733,NA
137,77,double-letters,lexicase,FALSE,10,elitize_generation_data,136,6,0.754,NA
138,77,double-letters,lexicase,FALSE,10,elitize_generation_data,137,5,0.742,NA
139,77,double-letters,lexicase,FALSE,10,elitize_generation_data,138,5,0.749,NA
140,77,double-letters,lexicase,FALSE,10,elitize_generation_data,139,7,0.723,NA
141,77,double-letters,lexicase,FALSE,10,elitize_generation_data,140,6,0.727,NA
142,77,double-letters,lexicase,FALSE,10,elitize_generation_data,141,6,0.761,NA
143,77,double-letters,lexicase,FALSE,10,elitize_generation_data,142,7,0.741,NA
144,77,double-letters,lexicase,FALSE,10,elitize_generation_data,143,6,0.741,NA
145,77,double-letters,lexicase,FALSE,10,elitize_generation_data,144,7,0.73,NA
146,77,double-letters,lexicase,FALSE,10,elitize_generation_data,145,5,0.741,NA
147,77,double-letters,lexicase,FALSE,10,elitize_generation_data,146,5,0.705,NA
148,77,double-letters,lexicase,FALSE,10,elitize_generation_data,147,7,0.754,NA
149,77,double-letters,lexicase,FALSE,10,elitize_generation_data,148,7,0.747,NA
150,77,double-letters,lexicase,FALSE,10,elitize_generation_data,149,6,0.711,NA
151,77,double-letters,lexicase,FALSE,10,elitize_generation_data,150,7,0.731,NA
152,77,double-letters,lexicase,FALSE,10,elitize_generation_data,151,5,0.744,NA
153,77,double-letters,lexicase,FALSE,10,elitize_generation_data,152,4,0.723,NA
154,77,double-letters,lexicase,FALSE,10,elitize_generation_data,153,6,0.709,NA
155,77,double-letters,lexicase,FALSE,10,elitize_generation_data,154,5,0.706,NA
156,77,double-letters,lexicase,FALSE,10,elitize_generation_data,155,7,0.724,NA
157,77,double-letters,lexicase,FALSE,10,elitize_generation_data,156,5,0.741,NA
158,77,double-letters,lexicase,FALSE,10,elitize_generation_data,157,6,0.722,NA
159,77,double-letters,lexicase,FALSE,10,elitize_generation_data,158,8,0.72,NA
160,77,double-letters,lexicase,FALSE,10,elitize_generation_data,159,7,0.729,NA
161,77,double-letters,lexicase,FALSE,10,elitize_generation_data,160,7,0.731,NA
162,77,double-letters,lexicase,FALSE,10,elitize_generation_data,161,8,0.725,NA
163,77,double-letters,lexicase,FALSE,10,elitize_generation_data,162,6,0.728,NA
164,77,double-letters,lexicase,FALSE,10,elitize_generation_data,163,8,0.719,NA
165,77,double-letters,lexicase,FALSE,10,elitize_generation_data,164,8,0.768,NA
166,77,double-letters,lexicase,FALSE,10,elitize_generation_data,165,7,0.707,NA
167,77,double-letters,lexicase,FALSE,10,elitize_generation_data,166,8,0.723,NA
168,77,double-letters,lexicase,FALSE,10,elitize_generation_data,167,8,0.727,NA
169,77,double-letters,lexicase,FALSE,10,elitize_generation_data,168,7,0.727,NA
170,77,double-letters,lexicase,FALSE,10,elitize_generation_data,169,6,0.696,NA
171,77,double-letters,lexicase,FALSE,10,elitize_generation_data,170,7,0.737,NA
172,77,double-letters,lexicase,FALSE,10,elitize_generation_data,171,6,0.724,NA
173,77,double-letters,lexicase,FALSE,10,elitize_generation_data,172,5,0.704,NA
174,77,double-letters,lexicase,FALSE,10,elitize_generation_data,173,6,0.698,NA
175,77,double-letters,lexicase,FALSE,10,elitize_generation_data,174,6,0.695,NA
176,77,double-letters,lexicase,FALSE,10,elitize_generation_data,175,6,0.712,NA
177,77,double-letters,lexicase,FALSE,10,elitize_generation_data,176,6,0.709,NA
178,77,double-letters,lexicase,FALSE,10,elitize_generation_data,177,8,0.684,NA
179,77,double-letters,lexicase,FALSE,10,elitize_generation_data,178,7,0.695,NA
180,77,double-letters,lexicase,FALSE,10,elitize_generation_data,179,7,0.711,NA
181,77,double-letters,lexicase,FALSE,10,elitize_generation_data,180,7,0.702,NA
182,77,double-letters,lexicase,FALSE,10,elitize_generation_data,181,7,0.686,NA
183,77,double-letters,lexicase,FALSE,10,elitize_generation_data,182,5,0.711,NA
184,77,double-letters,lexicase,FALSE,10,elitize_generation_data,183,7,0.722,NA
185,77,double-letters,lexicase,FALSE,10,elitize_generation_data,184,6,0.744,NA
186,77,double-letters,lexicase,FALSE,10,elitize_generation_data,185,6,0.74,NA
187,77,double-letters,lexicase,FALSE,10,elitize_generation_data,186,5,0.739,NA
188,77,double-letters,lexicase,FALSE,10,elitize_generation_data,187,8,0.712,NA
189,77,double-letters,lexicase,FALSE,10,elitize_generation_data,188,8,0.708,NA
190,77,double-letters,lexicase,FALSE,10,elitize_generation_data,189,5,0.722,NA
191,77,double-letters,lexicase,FALSE,10,elitize_generation_data,190,8,0.7,NA
192,77,double-letters,lexicase,FALSE,10,elitize_generation_data,191,10,0.737,NA
193,77,double-letters,lexicase,FALSE,10,elitize_generation_data,192,9,0.74,NA
194,77,double-letters,lexicase,FALSE,10,elitize_generation_data,193,6,0.729,NA
195,77,double-letters,lexicase,FALSE,10,elitize_generation_data,194,5,0.737,NA
196,77,double-letters,lexicase,FALSE,10,elitize_generation_data,195,5,0.752,NA
197,77,double-letters,lexicase,FALSE,10,elitize_generation_data,196,6,0.759,NA
198,77,double-letters,lexicase,FALSE,10,elitize_generation_data,197,9,0.733,NA
199,77,double-letters,lexicase,FALSE,10,elitize_generation_data,198,9,0.77,NA
200,77,double-letters,lexicase,FALSE,10,elitize_generation_data,199,6,0.751,NA
201,77,double-letters,lexicase,FALSE,10,elitize_generation_data,200,7,0.748,NA
202,77,double-letters,lexicase,FALSE,10,elitize_generation_data,201,7,0.73,NA
203,77,double-letters,lexicase,FALSE,10,elitize_generation_data,202,6,0.731,NA
204,77,double-letters,lexicase,FALSE,10,elitize_generation_data,203,7,0.736,NA
205,77,double-letters,lexicase,FALSE,10,elitize_generation_data,204,8,0.732,NA
206,77,double-letters,lexicase,FALSE,10,elitize_generation_data,205,6,0.761,NA
207,77,double-letters,lexicase,FALSE,10,elitize_generation_data,206,9,0.743,NA
208,77,double-letters,lexicase,FALSE,10,elitize_generation_data,207,9,0.721,NA
209,77,double-letters,lexicase,FALSE,10,elitize_generation_data,208,5,0.734,NA
210,77,double-letters,lexicase,FALSE,10,elitize_generation_data,209,5,0.739,NA
211,77,double-letters,lexicase,FALSE,10,elitize_generation_data,210,8,0.756,NA
212,77,double-letters,lexicase,FALSE,10,elitize_generation_data,211,7,0.769,NA
213,77,double-letters,lexicase,FALSE,10,elitize_generation_data,212,9,0.735,NA
214,77,double-letters,lexicase,FALSE,10,elitize_generation_data,213,6,0.748,NA
215,77,double-letters,lexicase,FALSE,10,elitize_generation_data,214,7,0.736,NA
216,77,double-letters,lexicase,FALSE,10,elitize_generation_data,215,4,0.759,NA
217,77,double-letters,lexicase,FALSE,10,elitize_generation_data,216,6,0.722,NA
218,77,double-letters,lexicase,FALSE,10,elitize_generation_data,217,6,0.748,NA
219,77,double-letters,lexicase,FALSE,10,elitize_generation_data,218,7,0.726,NA
220,77,double-letters,lexicase,FALSE,10,elitize_generation_data,219,6,0.754,NA
221,77,double-letters,lexicase,FALSE,10,elitize_generation_data,220,6,0.741,NA
222,77,double-letters,lexicase,FALSE,10,elitize_generation_data,221,5,0.739,NA
223,77,double-letters,lexicase,FALSE,10,elitize_generation_data,222,6,0.724,NA
224,77,double-letters,lexicase,FALSE,10,elitize_generation_data,223,5,0.774,NA
225,77,double-letters,lexicase,FALSE,10,elitize_generation_data,224,7,0.74,NA
226,77,double-letters,lexicase,FALSE,10,elitize_generation_data,225,7,0.726,NA
227,77,double-letters,lexicase,FALSE,10,elitize_generation_data,226,6,0.74,NA
228,77,double-letters,lexicase,FALSE,10,elitize_generation_data,227,6,0.73,NA
229,77,double-letters,lexicase,FALSE,10,elitize_generation_data,228,5,0.719,NA
230,77,double-letters,lexicase,FALSE,10,elitize_generation_data,229,6,0.731,NA
231,77,double-letters,lexicase,FALSE,10,elitize_generation_data,230,8,0.721,NA
232,77,double-letters,lexicase,FALSE,10,elitize_generation_data,231,6,0.71,NA
233,77,double-letters,lexicase,FALSE,10,elitize_generation_data,232,7,0.713,NA
234,77,double-letters,lexicase,FALSE,10,elitize_generation_data,233,6,0.711,NA
235,77,double-letters,lexicase,FALSE,10,elitize_generation_data,234,4,0.718,NA
236,77,double-letters,lexicase,FALSE,10,elitize_generation_data,235,5,0.729,NA
237,77,double-letters,lexicase,FALSE,10,elitize_generation_data,236,6,0.71,NA
238,77,double-letters,lexicase,FALSE,10,elitize_generation_data,237,5,0.733,NA
239,77,double-letters,lexicase,FALSE,10,elitize_generation_data,238,6,0.693,NA
240,77,double-letters,lexicase,FALSE,10,elitize_generation_data,239,6,0.77,NA
241,77,double-letters,lexicase,FALSE,10,elitize_generation_data,240,7,0.708,NA
242,77,double-letters,lexicase,FALSE,10,elitize_generation_data,241,7,0.73,NA
243,77,double-letters,lexicase,FALSE,10,elitize_generation_data,242,6,0.717,NA
244,77,double-letters,lexicase,FALSE,10,elitize_generation_data,243,7,0.736,NA
245,77,double-letters,lexicase,FALSE,10,elitize_generation_data,244,6,0.724,NA
246,77,double-letters,lexicase,FALSE,10,elitize_generation_data,245,5,0.729,NA
247,77,double-letters,lexicase,FALSE,10,elitize_generation_data,246,5,0.731,NA
248,77,double-letters,lexicase,FALSE,10,elitize_generation_data,247,4,0.746,NA
249,77,double-letters,lexicase,FALSE,10,elitize_generation_data,248,4,0.723,NA
250,77,double-letters,lexicase,FALSE,10,elitize_generation_data,249,6,0.716,NA
251,77,double-letters,lexicase,FALSE,10,elitize_generation_data,250,7,0.72,NA
252,77,double-letters,lexicase,FALSE,10,elitize_generation_data,251,5,0.739,NA
253,77,double-letters,lexicase,FALSE,10,elitize_generation_data,252,4,0.725,NA
254,77,double-letters,lexicase,FALSE,10,elitize_generation_data,253,5,0.725,NA
255,77,double-letters,lexicase,FALSE,10,elitize_generation_data,254,5,0.723,NA
256,77,double-letters,lexicase,FALSE,10,elitize_generation_data,255,3,0.745,NA
257,77,double-letters,lexicase,FALSE,10,elitize_generation_data,256,6,0.748,NA
258,77,double-letters,lexicase,FALSE,10,elitize_generation_data,257,5,0.745,NA
259,77,double-letters,lexicase,FALSE,10,elitize_generation_data,258,5,0.723,NA
260,77,double-letters,lexicase,FALSE,10,elitize_generation_data,259,5,0.748,NA
261,77,double-letters,lexicase,FALSE,10,elitize_generation_data,260,5,0.729,NA
262,77,double-letters,lexicase,FALSE,10,elitize_generation_data,261,6,0.726,NA
263,77,double-letters,lexicase,FALSE,10,elitize_generation_data,262,4,0.729,NA
264,77,double-letters,lexicase,FALSE,10,elitize_generation_data,263,4,0.733,NA
265,77,double-letters,lexicase,FALSE,10,elitize_generation_data,264,5,0.733,NA
266,77,double-letters,lexicase,FALSE,10,elitize_generation_data,265,4,0.726,NA
267,77,double-letters,lexicase,FALSE,10,elitize_generation_data,266,4,0.737,NA
268,77,double-letters,lexicase,FALSE,10,elitize_generation_data,267,6,0.697,NA
269,77,double-letters,lexicase,FALSE,10,elitize_generation_data,268,5,0.73,NA
270,77,double-letters,lexicase,FALSE,10,elitize_generation_data,269,3,0.754,NA
271,77,double-letters,lexicase,FALSE,10,elitize_generation_data,270,4,0.729,NA
272,77,double-letters,lexicase,FALSE,10,elitize_generation_data,271,3,0.742,NA
273,77,double-letters,lexicase,FALSE,10,elitize_generation_data,272,4,0.73,NA
274,77,double-letters,lexicase,FALSE,10,elitize_generation_data,273,4,0.721,NA
275,77,double-letters,lexicase,FALSE,10,elitize_generation_data,274,5,0.703,NA
276,77,double-letters,lexicase,FALSE,10,elitize_generation_data,275,7,0.724,NA
277,77,double-letters,lexicase,FALSE,10,elitize_generation_data,276,6,0.729,NA
278,77,double-letters,lexicase,FALSE,10,elitize_generation_data,277,6,0.743,NA
279,77,double-letters,lexicase,FALSE,10,elitize_generation_data,278,5,0.747,NA
280,77,double-letters,lexicase,FALSE,10,elitize_generation_data,279,4,0.739,NA
281,77,double-letters,lexicase,FALSE,10,elitize_generation_data,280,4,0.72,NA
282,77,double-letters,lexicase,FALSE,10,elitize_generation_data,281,4,0.724,NA
283,77,double-letters,lexicase,FALSE,10,elitize_generation_data,282,5,0.725,NA
284,77,double-letters,lexicase,FALSE,10,elitize_generation_data,283,6,0.714,NA
285,77,double-letters,lexicase,FALSE,10,elitize_generation_data,284,6,0.699,NA
286,77,double-letters,lexicase,FALSE,10,elitize_generation_data,285,6,0.703,NA
287,77,double-letters,lexicase,FALSE,10,elitize_generation_data,286,7,0.707,NA
288,77,double-letters,lexicase,FALSE,10,elitize_generation_data,287,6,0.706,NA
289,77,double-letters,lexicase,FALSE,10,elitize_generation_data,288,6,0.723,NA
290,77,double-letters,lexicase,FALSE,10,elitize_generation_data,289,9,0.736,NA
291,77,double-letters,lexicase,FALSE,10,elitize_generation_data,290,9,0.758,NA
292,77,double-letters,lexicase,FALSE,10,elitize_generation_data,291,9,0.707,NA
293,77,double-letters,lexicase,FALSE,10,elitize_generation_data,292,9,0.737,NA
294,77,double-letters,lexicase,FALSE,10,elitize_generation_data,293,6,0.718,NA
295,77,double-letters,lexicase,FALSE,10,elitize_generation_data,294,6,0.724,NA
296,77,double-letters,lexicase,FALSE,10,elitize_generation_data,295,7,0.715,NA
297,77,double-letters,lexicase,FALSE,10,elitize_generation_data,296,8,0.726,NA
298,77,double-letters,lexicase,FALSE,10,elitize_generation_data,297,7,0.751,NA
299,77,double-letters,lexicase,FALSE,10,elitize_generation_data,298,9,0.75,NA
300,77,double-letters,lexicase,FALSE,10,elitize_generation_data,299,8,0.737,NA
301,77,double-letters,lexicase,FALSE,10,elitize_generation_data,300,7,0.754,NA
