,run.num,problem,treatment,succeeded,height,normalization.function,generation,cluster.count,error.diversity,success.generation
1,50,double-letters,lexicase,FALSE,10,elitize_generation_data,0,3,0.394,NA
2,50,double-letters,lexicase,FALSE,10,elitize_generation_data,1,6,0.08,NA
3,50,double-letters,lexicase,FALSE,10,elitize_generation_data,2,5,0.096,NA
4,50,double-letters,lexicase,FALSE,10,elitize_generation_data,3,9,0.132,NA
5,50,double-letters,lexicase,FALSE,10,elitize_generation_data,4,22,0.305,NA
6,50,double-letters,lexicase,FALSE,10,elitize_generation_data,5,29,0.349,NA
7,50,double-letters,lexicase,FALSE,10,elitize_generation_data,6,38,0.419,NA
8,50,double-letters,lexicase,FALSE,10,elitize_generation_data,7,44,0.456,NA
9,50,double-letters,lexicase,FALSE,10,elitize_generation_data,8,50,0.545,NA
10,50,double-letters,lexicase,FALSE,10,elitize_generation_data,9,71,0.587,NA
11,50,double-letters,lexicase,FALSE,10,elitize_generation_data,10,80,0.65,NA
12,50,double-letters,lexicase,FALSE,10,elitize_generation_data,11,72,0.683,NA
13,50,double-letters,lexicase,FALSE,10,elitize_generation_data,12,80,0.73,NA
14,50,double-letters,lexicase,FALSE,10,elitize_generation_data,13,71,0.733,NA
15,50,double-letters,lexicase,FALSE,10,elitize_generation_data,14,52,0.728,NA
16,50,double-letters,lexicase,FALSE,10,elitize_generation_data,15,33,0.784,NA
17,50,double-letters,lexicase,FALSE,10,elitize_generation_data,16,28,0.782,NA
18,50,double-letters,lexicase,FALSE,10,elitize_generation_data,17,24,0.773,NA
19,50,double-letters,lexicase,FALSE,10,elitize_generation_data,18,23,0.789,NA
20,50,double-letters,lexicase,FALSE,10,elitize_generation_data,19,22,0.797,NA
21,50,double-letters,lexicase,FALSE,10,elitize_generation_data,20,20,0.781,NA
22,50,double-letters,lexicase,FALSE,10,elitize_generation_data,21,22,0.787,NA
23,50,double-letters,lexicase,FALSE,10,elitize_generation_data,22,20,0.802,NA
24,50,double-letters,lexicase,FALSE,10,elitize_generation_data,23,27,0.811,NA
25,50,double-letters,lexicase,FALSE,10,elitize_generation_data,24,20,0.809,NA
26,50,double-letters,lexicase,FALSE,10,elitize_generation_data,25,19,0.793,NA
27,50,double-letters,lexicase,FALSE,10,elitize_generation_data,26,25,0.758,NA
28,50,double-letters,lexicase,FALSE,10,elitize_generation_data,27,8,0.698,NA
29,50,double-letters,lexicase,FALSE,10,elitize_generation_data,28,11,0.646,NA
30,50,double-letters,lexicase,FALSE,10,elitize_generation_data,29,11,0.576,NA
31,50,double-letters,lexicase,FALSE,10,elitize_generation_data,30,11,0.617,NA
32,50,double-letters,lexicase,FALSE,10,elitize_generation_data,31,12,0.674,NA
33,50,double-letters,lexicase,FALSE,10,elitize_generation_data,32,17,0.672,NA
34,50,double-letters,lexicase,FALSE,10,elitize_generation_data,33,13,0.699,NA
35,50,double-letters,lexicase,FALSE,10,elitize_generation_data,34,15,0.746,NA
36,50,double-letters,lexicase,FALSE,10,elitize_generation_data,35,12,0.758,NA
37,50,double-letters,lexicase,FALSE,10,elitize_generation_data,36,9,0.797,NA
38,50,double-letters,lexicase,FALSE,10,elitize_generation_data,37,8,0.805,NA
39,50,double-letters,lexicase,FALSE,10,elitize_generation_data,38,7,0.793,NA
40,50,double-letters,lexicase,FALSE,10,elitize_generation_data,39,7,0.823,NA
41,50,double-letters,lexicase,FALSE,10,elitize_generation_data,40,5,0.855,NA
42,50,double-letters,lexicase,FALSE,10,elitize_generation_data,41,5,0.835,NA
43,50,double-letters,lexicase,FALSE,10,elitize_generation_data,42,8,0.824,NA
44,50,double-letters,lexicase,FALSE,10,elitize_generation_data,43,6,0.833,NA
45,50,double-letters,lexicase,FALSE,10,elitize_generation_data,44,6,0.818,NA
46,50,double-letters,lexicase,FALSE,10,elitize_generation_data,45,7,0.825,NA
47,50,double-letters,lexicase,FALSE,10,elitize_generation_data,46,8,0.803,NA
48,50,double-letters,lexicase,FALSE,10,elitize_generation_data,47,7,0.833,NA
49,50,double-letters,lexicase,FALSE,10,elitize_generation_data,48,6,0.801,NA
50,50,double-letters,lexicase,FALSE,10,elitize_generation_data,49,9,0.805,NA
51,50,double-letters,lexicase,FALSE,10,elitize_generation_data,50,8,0.835,NA
52,50,double-letters,lexicase,FALSE,10,elitize_generation_data,51,3,0.808,NA
53,50,double-letters,lexicase,FALSE,10,elitize_generation_data,52,4,0.809,NA
54,50,double-letters,lexicase,FALSE,10,elitize_generation_data,53,5,0.829,NA
55,50,double-letters,lexicase,FALSE,10,elitize_generation_data,54,6,0.837,NA
56,50,double-letters,lexicase,FALSE,10,elitize_generation_data,55,5,0.822,NA
57,50,double-letters,lexicase,FALSE,10,elitize_generation_data,56,5,0.802,NA
58,50,double-letters,lexicase,FALSE,10,elitize_generation_data,57,5,0.827,NA
59,50,double-letters,lexicase,FALSE,10,elitize_generation_data,58,5,0.826,NA
60,50,double-letters,lexicase,FALSE,10,elitize_generation_data,59,4,0.826,NA
61,50,double-letters,lexicase,FALSE,10,elitize_generation_data,60,4,0.808,NA
62,50,double-letters,lexicase,FALSE,10,elitize_generation_data,61,3,0.803,NA
63,50,double-letters,lexicase,FALSE,10,elitize_generation_data,62,2,0.827,NA
64,50,double-letters,lexicase,FALSE,10,elitize_generation_data,63,5,0.81,NA
65,50,double-letters,lexicase,FALSE,10,elitize_generation_data,64,6,0.825,NA
66,50,double-letters,lexicase,FALSE,10,elitize_generation_data,65,4,0.843,NA
67,50,double-letters,lexicase,FALSE,10,elitize_generation_data,66,4,0.809,NA
68,50,double-letters,lexicase,FALSE,10,elitize_generation_data,67,3,0.828,NA
69,50,double-letters,lexicase,FALSE,10,elitize_generation_data,68,6,0.847,NA
70,50,double-letters,lexicase,FALSE,10,elitize_generation_data,69,4,0.807,NA
71,50,double-letters,lexicase,FALSE,10,elitize_generation_data,70,4,0.821,NA
72,50,double-letters,lexicase,FALSE,10,elitize_generation_data,71,5,0.831,NA
73,50,double-letters,lexicase,FALSE,10,elitize_generation_data,72,6,0.829,NA
74,50,double-letters,lexicase,FALSE,10,elitize_generation_data,73,4,0.811,NA
75,50,double-letters,lexicase,FALSE,10,elitize_generation_data,74,4,0.804,NA
76,50,double-letters,lexicase,FALSE,10,elitize_generation_data,75,6,0.819,NA
77,50,double-letters,lexicase,FALSE,10,elitize_generation_data,76,8,0.826,NA
78,50,double-letters,lexicase,FALSE,10,elitize_generation_data,77,5,0.824,NA
79,50,double-letters,lexicase,FALSE,10,elitize_generation_data,78,3,0.801,NA
80,50,double-letters,lexicase,FALSE,10,elitize_generation_data,79,3,0.804,NA
81,50,double-letters,lexicase,FALSE,10,elitize_generation_data,80,4,0.826,NA
82,50,double-letters,lexicase,FALSE,10,elitize_generation_data,81,4,0.826,NA
83,50,double-letters,lexicase,FALSE,10,elitize_generation_data,82,4,0.815,NA
84,50,double-letters,lexicase,FALSE,10,elitize_generation_data,83,4,0.81,NA
85,50,double-letters,lexicase,FALSE,10,elitize_generation_data,84,5,0.812,NA
86,50,double-letters,lexicase,FALSE,10,elitize_generation_data,85,3,0.815,NA
87,50,double-letters,lexicase,FALSE,10,elitize_generation_data,86,3,0.806,NA
88,50,double-letters,lexicase,FALSE,10,elitize_generation_data,87,3,0.8,NA
89,50,double-letters,lexicase,FALSE,10,elitize_generation_data,88,4,0.813,NA
90,50,double-letters,lexicase,FALSE,10,elitize_generation_data,89,3,0.828,NA
91,50,double-letters,lexicase,FALSE,10,elitize_generation_data,90,4,0.831,NA
92,50,double-letters,lexicase,FALSE,10,elitize_generation_data,91,4,0.821,NA
93,50,double-letters,lexicase,FALSE,10,elitize_generation_data,92,3,0.832,NA
94,50,double-letters,lexicase,FALSE,10,elitize_generation_data,93,3,0.836,NA
95,50,double-letters,lexicase,FALSE,10,elitize_generation_data,94,2,0.824,NA
96,50,double-letters,lexicase,FALSE,10,elitize_generation_data,95,4,0.836,NA
97,50,double-letters,lexicase,FALSE,10,elitize_generation_data,96,4,0.822,NA
98,50,double-letters,lexicase,FALSE,10,elitize_generation_data,97,3,0.808,NA
99,50,double-letters,lexicase,FALSE,10,elitize_generation_data,98,4,0.79,NA
100,50,double-letters,lexicase,FALSE,10,elitize_generation_data,99,3,0.836,NA
101,50,double-letters,lexicase,FALSE,10,elitize_generation_data,100,4,0.826,NA
102,50,double-letters,lexicase,FALSE,10,elitize_generation_data,101,5,0.805,NA
103,50,double-letters,lexicase,FALSE,10,elitize_generation_data,102,5,0.79,NA
104,50,double-letters,lexicase,FALSE,10,elitize_generation_data,103,4,0.814,NA
105,50,double-letters,lexicase,FALSE,10,elitize_generation_data,104,4,0.802,NA
106,50,double-letters,lexicase,FALSE,10,elitize_generation_data,105,4,0.793,NA
107,50,double-letters,lexicase,FALSE,10,elitize_generation_data,106,4,0.812,NA
108,50,double-letters,lexicase,FALSE,10,elitize_generation_data,107,3,0.785,NA
109,50,double-letters,lexicase,FALSE,10,elitize_generation_data,108,4,0.827,NA
110,50,double-letters,lexicase,FALSE,10,elitize_generation_data,109,3,0.786,NA
111,50,double-letters,lexicase,FALSE,10,elitize_generation_data,110,3,0.805,NA
112,50,double-letters,lexicase,FALSE,10,elitize_generation_data,111,4,0.793,NA
113,50,double-letters,lexicase,FALSE,10,elitize_generation_data,112,3,0.803,NA
114,50,double-letters,lexicase,FALSE,10,elitize_generation_data,113,3,0.796,NA
115,50,double-letters,lexicase,FALSE,10,elitize_generation_data,114,3,0.818,NA
116,50,double-letters,lexicase,FALSE,10,elitize_generation_data,115,5,0.821,NA
117,50,double-letters,lexicase,FALSE,10,elitize_generation_data,116,5,0.807,NA
118,50,double-letters,lexicase,FALSE,10,elitize_generation_data,117,6,0.81,NA
119,50,double-letters,lexicase,FALSE,10,elitize_generation_data,118,4,0.808,NA
120,50,double-letters,lexicase,FALSE,10,elitize_generation_data,119,4,0.807,NA
121,50,double-letters,lexicase,FALSE,10,elitize_generation_data,120,4,0.802,NA
122,50,double-letters,lexicase,FALSE,10,elitize_generation_data,121,3,0.821,NA
123,50,double-letters,lexicase,FALSE,10,elitize_generation_data,122,5,0.812,NA
124,50,double-letters,lexicase,FALSE,10,elitize_generation_data,123,3,0.83,NA
125,50,double-letters,lexicase,FALSE,10,elitize_generation_data,124,4,0.848,NA
126,50,double-letters,lexicase,FALSE,10,elitize_generation_data,125,4,0.848,NA
127,50,double-letters,lexicase,FALSE,10,elitize_generation_data,126,3,0.824,NA
128,50,double-letters,lexicase,FALSE,10,elitize_generation_data,127,2,0.824,NA
129,50,double-letters,lexicase,FALSE,10,elitize_generation_data,128,4,0.828,NA
130,50,double-letters,lexicase,FALSE,10,elitize_generation_data,129,4,0.824,NA
131,50,double-letters,lexicase,FALSE,10,elitize_generation_data,130,4,0.809,NA
132,50,double-letters,lexicase,FALSE,10,elitize_generation_data,131,4,0.854,NA
133,50,double-letters,lexicase,FALSE,10,elitize_generation_data,132,4,0.83,NA
134,50,double-letters,lexicase,FALSE,10,elitize_generation_data,133,4,0.844,NA
135,50,double-letters,lexicase,FALSE,10,elitize_generation_data,134,3,0.827,NA
136,50,double-letters,lexicase,FALSE,10,elitize_generation_data,135,3,0.82,NA
137,50,double-letters,lexicase,FALSE,10,elitize_generation_data,136,3,0.822,NA
138,50,double-letters,lexicase,FALSE,10,elitize_generation_data,137,4,0.831,NA
139,50,double-letters,lexicase,FALSE,10,elitize_generation_data,138,4,0.832,NA
140,50,double-letters,lexicase,FALSE,10,elitize_generation_data,139,3,0.812,NA
141,50,double-letters,lexicase,FALSE,10,elitize_generation_data,140,4,0.836,NA
142,50,double-letters,lexicase,FALSE,10,elitize_generation_data,141,3,0.828,NA
143,50,double-letters,lexicase,FALSE,10,elitize_generation_data,142,3,0.833,NA
144,50,double-letters,lexicase,FALSE,10,elitize_generation_data,143,4,0.835,NA
145,50,double-letters,lexicase,FALSE,10,elitize_generation_data,144,4,0.823,NA
146,50,double-letters,lexicase,FALSE,10,elitize_generation_data,145,3,0.821,NA
147,50,double-letters,lexicase,FALSE,10,elitize_generation_data,146,3,0.821,NA
148,50,double-letters,lexicase,FALSE,10,elitize_generation_data,147,3,0.823,NA
149,50,double-letters,lexicase,FALSE,10,elitize_generation_data,148,4,0.805,NA
150,50,double-letters,lexicase,FALSE,10,elitize_generation_data,149,4,0.815,NA
151,50,double-letters,lexicase,FALSE,10,elitize_generation_data,150,4,0.82,NA
152,50,double-letters,lexicase,FALSE,10,elitize_generation_data,151,3,0.813,NA
153,50,double-letters,lexicase,FALSE,10,elitize_generation_data,152,3,0.826,NA
154,50,double-letters,lexicase,FALSE,10,elitize_generation_data,153,4,0.813,NA
155,50,double-letters,lexicase,FALSE,10,elitize_generation_data,154,4,0.823,NA
156,50,double-letters,lexicase,FALSE,10,elitize_generation_data,155,4,0.807,NA
157,50,double-letters,lexicase,FALSE,10,elitize_generation_data,156,3,0.832,NA
158,50,double-letters,lexicase,FALSE,10,elitize_generation_data,157,3,0.824,NA
159,50,double-letters,lexicase,FALSE,10,elitize_generation_data,158,3,0.813,NA
160,50,double-letters,lexicase,FALSE,10,elitize_generation_data,159,4,0.822,NA
161,50,double-letters,lexicase,FALSE,10,elitize_generation_data,160,4,0.814,NA
162,50,double-letters,lexicase,FALSE,10,elitize_generation_data,161,4,0.804,NA
163,50,double-letters,lexicase,FALSE,10,elitize_generation_data,162,5,0.793,NA
164,50,double-letters,lexicase,FALSE,10,elitize_generation_data,163,4,0.8,NA
165,50,double-letters,lexicase,FALSE,10,elitize_generation_data,164,3,0.812,NA
166,50,double-letters,lexicase,FALSE,10,elitize_generation_data,165,3,0.806,NA
167,50,double-letters,lexicase,FALSE,10,elitize_generation_data,166,3,0.824,NA
168,50,double-letters,lexicase,FALSE,10,elitize_generation_data,167,3,0.811,NA
169,50,double-letters,lexicase,FALSE,10,elitize_generation_data,168,5,0.826,NA
170,50,double-letters,lexicase,FALSE,10,elitize_generation_data,169,4,0.811,NA
171,50,double-letters,lexicase,FALSE,10,elitize_generation_data,170,4,0.818,NA
172,50,double-letters,lexicase,FALSE,10,elitize_generation_data,171,6,0.796,NA
173,50,double-letters,lexicase,FALSE,10,elitize_generation_data,172,4,0.814,NA
174,50,double-letters,lexicase,FALSE,10,elitize_generation_data,173,5,0.791,NA
175,50,double-letters,lexicase,FALSE,10,elitize_generation_data,174,5,0.776,NA
176,50,double-letters,lexicase,FALSE,10,elitize_generation_data,175,6,0.813,NA
177,50,double-letters,lexicase,FALSE,10,elitize_generation_data,176,5,0.806,NA
178,50,double-letters,lexicase,FALSE,10,elitize_generation_data,177,5,0.791,NA
179,50,double-letters,lexicase,FALSE,10,elitize_generation_data,178,5,0.795,NA
180,50,double-letters,lexicase,FALSE,10,elitize_generation_data,179,3,0.797,NA
181,50,double-letters,lexicase,FALSE,10,elitize_generation_data,180,4,0.801,NA
182,50,double-letters,lexicase,FALSE,10,elitize_generation_data,181,5,0.82,NA
183,50,double-letters,lexicase,FALSE,10,elitize_generation_data,182,4,0.822,NA
184,50,double-letters,lexicase,FALSE,10,elitize_generation_data,183,5,0.8,NA
185,50,double-letters,lexicase,FALSE,10,elitize_generation_data,184,5,0.799,NA
186,50,double-letters,lexicase,FALSE,10,elitize_generation_data,185,4,0.789,NA
187,50,double-letters,lexicase,FALSE,10,elitize_generation_data,186,5,0.79,NA
188,50,double-letters,lexicase,FALSE,10,elitize_generation_data,187,6,0.831,NA
189,50,double-letters,lexicase,FALSE,10,elitize_generation_data,188,5,0.823,NA
190,50,double-letters,lexicase,FALSE,10,elitize_generation_data,189,4,0.814,NA
191,50,double-letters,lexicase,FALSE,10,elitize_generation_data,190,4,0.806,NA
192,50,double-letters,lexicase,FALSE,10,elitize_generation_data,191,4,0.822,NA
193,50,double-letters,lexicase,FALSE,10,elitize_generation_data,192,7,0.81,NA
194,50,double-letters,lexicase,FALSE,10,elitize_generation_data,193,4,0.794,NA
195,50,double-letters,lexicase,FALSE,10,elitize_generation_data,194,4,0.781,NA
196,50,double-letters,lexicase,FALSE,10,elitize_generation_data,195,5,0.794,NA
197,50,double-letters,lexicase,FALSE,10,elitize_generation_data,196,3,0.786,NA
198,50,double-letters,lexicase,FALSE,10,elitize_generation_data,197,3,0.812,NA
199,50,double-letters,lexicase,FALSE,10,elitize_generation_data,198,5,0.778,NA
200,50,double-letters,lexicase,FALSE,10,elitize_generation_data,199,7,0.806,NA
201,50,double-letters,lexicase,FALSE,10,elitize_generation_data,200,6,0.807,NA
202,50,double-letters,lexicase,FALSE,10,elitize_generation_data,201,5,0.772,NA
203,50,double-letters,lexicase,FALSE,10,elitize_generation_data,202,4,0.791,NA
204,50,double-letters,lexicase,FALSE,10,elitize_generation_data,203,4,0.775,NA
205,50,double-letters,lexicase,FALSE,10,elitize_generation_data,204,5,0.781,NA
206,50,double-letters,lexicase,FALSE,10,elitize_generation_data,205,5,0.812,NA
207,50,double-letters,lexicase,FALSE,10,elitize_generation_data,206,4,0.77,NA
208,50,double-letters,lexicase,FALSE,10,elitize_generation_data,207,7,0.785,NA
209,50,double-letters,lexicase,FALSE,10,elitize_generation_data,208,5,0.781,NA
210,50,double-letters,lexicase,FALSE,10,elitize_generation_data,209,6,0.775,NA
211,50,double-letters,lexicase,FALSE,10,elitize_generation_data,210,6,0.783,NA
212,50,double-letters,lexicase,FALSE,10,elitize_generation_data,211,6,0.809,NA
213,50,double-letters,lexicase,FALSE,10,elitize_generation_data,212,5,0.805,NA
214,50,double-letters,lexicase,FALSE,10,elitize_generation_data,213,4,0.815,NA
215,50,double-letters,lexicase,FALSE,10,elitize_generation_data,214,5,0.795,NA
216,50,double-letters,lexicase,FALSE,10,elitize_generation_data,215,5,0.802,NA
217,50,double-letters,lexicase,FALSE,10,elitize_generation_data,216,4,0.813,NA
218,50,double-letters,lexicase,FALSE,10,elitize_generation_data,217,4,0.804,NA
219,50,double-letters,lexicase,FALSE,10,elitize_generation_data,218,6,0.827,NA
220,50,double-letters,lexicase,FALSE,10,elitize_generation_data,219,6,0.799,NA
221,50,double-letters,lexicase,FALSE,10,elitize_generation_data,220,5,0.794,NA
222,50,double-letters,lexicase,FALSE,10,elitize_generation_data,221,4,0.795,NA
223,50,double-letters,lexicase,FALSE,10,elitize_generation_data,222,6,0.825,NA
224,50,double-letters,lexicase,FALSE,10,elitize_generation_data,223,7,0.807,NA
225,50,double-letters,lexicase,FALSE,10,elitize_generation_data,224,6,0.78,NA
226,50,double-letters,lexicase,FALSE,10,elitize_generation_data,225,4,0.807,NA
227,50,double-letters,lexicase,FALSE,10,elitize_generation_data,226,6,0.807,NA
228,50,double-letters,lexicase,FALSE,10,elitize_generation_data,227,6,0.804,NA
229,50,double-letters,lexicase,FALSE,10,elitize_generation_data,228,7,0.834,NA
230,50,double-letters,lexicase,FALSE,10,elitize_generation_data,229,7,0.797,NA
231,50,double-letters,lexicase,FALSE,10,elitize_generation_data,230,8,0.784,NA
232,50,double-letters,lexicase,FALSE,10,elitize_generation_data,231,6,0.798,NA
233,50,double-letters,lexicase,FALSE,10,elitize_generation_data,232,8,0.814,NA
234,50,double-letters,lexicase,FALSE,10,elitize_generation_data,233,6,0.793,NA
235,50,double-letters,lexicase,FALSE,10,elitize_generation_data,234,6,0.774,NA
236,50,double-letters,lexicase,FALSE,10,elitize_generation_data,235,4,0.792,NA
237,50,double-letters,lexicase,FALSE,10,elitize_generation_data,236,4,0.766,NA
238,50,double-letters,lexicase,FALSE,10,elitize_generation_data,237,4,0.819,NA
239,50,double-letters,lexicase,FALSE,10,elitize_generation_data,238,5,0.803,NA
240,50,double-letters,lexicase,FALSE,10,elitize_generation_data,239,4,0.798,NA
241,50,double-letters,lexicase,FALSE,10,elitize_generation_data,240,5,0.79,NA
242,50,double-letters,lexicase,FALSE,10,elitize_generation_data,241,4,0.808,NA
243,50,double-letters,lexicase,FALSE,10,elitize_generation_data,242,4,0.792,NA
244,50,double-letters,lexicase,FALSE,10,elitize_generation_data,243,4,0.797,NA
245,50,double-letters,lexicase,FALSE,10,elitize_generation_data,244,4,0.804,NA
246,50,double-letters,lexicase,FALSE,10,elitize_generation_data,245,5,0.796,NA
247,50,double-letters,lexicase,FALSE,10,elitize_generation_data,246,4,0.79,NA
248,50,double-letters,lexicase,FALSE,10,elitize_generation_data,247,4,0.81,NA
249,50,double-letters,lexicase,FALSE,10,elitize_generation_data,248,3,0.796,NA
250,50,double-letters,lexicase,FALSE,10,elitize_generation_data,249,3,0.807,NA
251,50,double-letters,lexicase,FALSE,10,elitize_generation_data,250,3,0.814,NA
252,50,double-letters,lexicase,FALSE,10,elitize_generation_data,251,3,0.819,NA
253,50,double-letters,lexicase,FALSE,10,elitize_generation_data,252,4,0.839,NA
254,50,double-letters,lexicase,FALSE,10,elitize_generation_data,253,4,0.803,NA
255,50,double-letters,lexicase,FALSE,10,elitize_generation_data,254,4,0.822,NA
256,50,double-letters,lexicase,FALSE,10,elitize_generation_data,255,5,0.795,NA
257,50,double-letters,lexicase,FALSE,10,elitize_generation_data,256,6,0.814,NA
258,50,double-letters,lexicase,FALSE,10,elitize_generation_data,257,4,0.786,NA
259,50,double-letters,lexicase,FALSE,10,elitize_generation_data,258,3,0.813,NA
260,50,double-letters,lexicase,FALSE,10,elitize_generation_data,259,3,0.829,NA
261,50,double-letters,lexicase,FALSE,10,elitize_generation_data,260,5,0.81,NA
262,50,double-letters,lexicase,FALSE,10,elitize_generation_data,261,3,0.804,NA
263,50,double-letters,lexicase,FALSE,10,elitize_generation_data,262,3,0.804,NA
264,50,double-letters,lexicase,FALSE,10,elitize_generation_data,263,3,0.817,NA
265,50,double-letters,lexicase,FALSE,10,elitize_generation_data,264,5,0.791,NA
266,50,double-letters,lexicase,FALSE,10,elitize_generation_data,265,4,0.845,NA
267,50,double-letters,lexicase,FALSE,10,elitize_generation_data,266,3,0.808,NA
268,50,double-letters,lexicase,FALSE,10,elitize_generation_data,267,4,0.791,NA
269,50,double-letters,lexicase,FALSE,10,elitize_generation_data,268,4,0.824,NA
270,50,double-letters,lexicase,FALSE,10,elitize_generation_data,269,3,0.816,NA
271,50,double-letters,lexicase,FALSE,10,elitize_generation_data,270,3,0.801,NA
272,50,double-letters,lexicase,FALSE,10,elitize_generation_data,271,3,0.795,NA
273,50,double-letters,lexicase,FALSE,10,elitize_generation_data,272,5,0.828,NA
274,50,double-letters,lexicase,FALSE,10,elitize_generation_data,273,5,0.777,NA
275,50,double-letters,lexicase,FALSE,10,elitize_generation_data,274,4,0.807,NA
276,50,double-letters,lexicase,FALSE,10,elitize_generation_data,275,5,0.823,NA
277,50,double-letters,lexicase,FALSE,10,elitize_generation_data,276,4,0.786,NA
278,50,double-letters,lexicase,FALSE,10,elitize_generation_data,277,4,0.82,NA
279,50,double-letters,lexicase,FALSE,10,elitize_generation_data,278,4,0.798,NA
280,50,double-letters,lexicase,FALSE,10,elitize_generation_data,279,3,0.809,NA
281,50,double-letters,lexicase,FALSE,10,elitize_generation_data,280,3,0.809,NA
282,50,double-letters,lexicase,FALSE,10,elitize_generation_data,281,3,0.795,NA
283,50,double-letters,lexicase,FALSE,10,elitize_generation_data,282,4,0.797,NA
284,50,double-letters,lexicase,FALSE,10,elitize_generation_data,283,3,0.801,NA
285,50,double-letters,lexicase,FALSE,10,elitize_generation_data,284,3,0.806,NA
286,50,double-letters,lexicase,FALSE,10,elitize_generation_data,285,3,0.785,NA
287,50,double-letters,lexicase,FALSE,10,elitize_generation_data,286,3,0.773,NA
288,50,double-letters,lexicase,FALSE,10,elitize_generation_data,287,4,0.792,NA
289,50,double-letters,lexicase,FALSE,10,elitize_generation_data,288,3,0.765,NA
290,50,double-letters,lexicase,FALSE,10,elitize_generation_data,289,4,0.804,NA
291,50,double-letters,lexicase,FALSE,10,elitize_generation_data,290,4,0.79,NA
292,50,double-letters,lexicase,FALSE,10,elitize_generation_data,291,4,0.796,NA
293,50,double-letters,lexicase,FALSE,10,elitize_generation_data,292,3,0.774,NA
294,50,double-letters,lexicase,FALSE,10,elitize_generation_data,293,3,0.785,NA
295,50,double-letters,lexicase,FALSE,10,elitize_generation_data,294,2,0.782,NA
296,50,double-letters,lexicase,FALSE,10,elitize_generation_data,295,4,0.761,NA
297,50,double-letters,lexicase,FALSE,10,elitize_generation_data,296,3,0.751,NA
298,50,double-letters,lexicase,FALSE,10,elitize_generation_data,297,3,0.806,NA
299,50,double-letters,lexicase,FALSE,10,elitize_generation_data,298,3,0.784,NA
300,50,double-letters,lexicase,FALSE,10,elitize_generation_data,299,3,0.78,NA
301,50,double-letters,lexicase,FALSE,10,elitize_generation_data,300,3,0.759,NA
