,run.num,problem,treatment,succeeded,height,normalization.function,generation,cluster.count,error.diversity,success.generation
1,24,double-letters,lexicase,FALSE,10,elitize_generation_data,0,4,0.357,NA
2,24,double-letters,lexicase,FALSE,10,elitize_generation_data,1,7,0.078,NA
3,24,double-letters,lexicase,FALSE,10,elitize_generation_data,2,6,0.087,NA
4,24,double-letters,lexicase,FALSE,10,elitize_generation_data,3,7,0.137,NA
5,24,double-letters,lexicase,FALSE,10,elitize_generation_data,4,7,0.19,NA
6,24,double-letters,lexicase,FALSE,10,elitize_generation_data,5,11,0.233,NA
7,24,double-letters,lexicase,FALSE,10,elitize_generation_data,6,12,0.284,NA
8,24,double-letters,lexicase,FALSE,10,elitize_generation_data,7,14,0.324,NA
9,24,double-letters,lexicase,FALSE,10,elitize_generation_data,8,15,0.372,NA
10,24,double-letters,lexicase,FALSE,10,elitize_generation_data,9,14,0.414,NA
11,24,double-letters,lexicase,FALSE,10,elitize_generation_data,10,15,0.439,NA
12,24,double-letters,lexicase,FALSE,10,elitize_generation_data,11,9,0.438,NA
13,24,double-letters,lexicase,FALSE,10,elitize_generation_data,12,9,0.402,NA
14,24,double-letters,lexicase,FALSE,10,elitize_generation_data,13,13,0.474,NA
15,24,double-letters,lexicase,FALSE,10,elitize_generation_data,14,12,0.466,NA
16,24,double-letters,lexicase,FALSE,10,elitize_generation_data,15,19,0.478,NA
17,24,double-letters,lexicase,FALSE,10,elitize_generation_data,16,21,0.489,NA
18,24,double-letters,lexicase,FALSE,10,elitize_generation_data,17,24,0.507,NA
19,24,double-letters,lexicase,FALSE,10,elitize_generation_data,18,25,0.562,NA
20,24,double-letters,lexicase,FALSE,10,elitize_generation_data,19,29,0.565,NA
21,24,double-letters,lexicase,FALSE,10,elitize_generation_data,20,29,0.569,NA
22,24,double-letters,lexicase,FALSE,10,elitize_generation_data,21,30,0.562,NA
23,24,double-letters,lexicase,FALSE,10,elitize_generation_data,22,29,0.583,NA
24,24,double-letters,lexicase,FALSE,10,elitize_generation_data,23,37,0.585,NA
25,24,double-letters,lexicase,FALSE,10,elitize_generation_data,24,33,0.569,NA
26,24,double-letters,lexicase,FALSE,10,elitize_generation_data,25,34,0.577,NA
27,24,double-letters,lexicase,FALSE,10,elitize_generation_data,26,35,0.617,NA
28,24,double-letters,lexicase,FALSE,10,elitize_generation_data,27,33,0.617,NA
29,24,double-letters,lexicase,FALSE,10,elitize_generation_data,28,36,0.617,NA
30,24,double-letters,lexicase,FALSE,10,elitize_generation_data,29,43,0.644,NA
31,24,double-letters,lexicase,FALSE,10,elitize_generation_data,30,38,0.639,NA
32,24,double-letters,lexicase,FALSE,10,elitize_generation_data,31,39,0.675,NA
33,24,double-letters,lexicase,FALSE,10,elitize_generation_data,32,36,0.668,NA
34,24,double-letters,lexicase,FALSE,10,elitize_generation_data,33,41,0.719,NA
35,24,double-letters,lexicase,FALSE,10,elitize_generation_data,34,42,0.668,NA
36,24,double-letters,lexicase,FALSE,10,elitize_generation_data,35,39,0.703,NA
37,24,double-letters,lexicase,FALSE,10,elitize_generation_data,36,37,0.685,NA
38,24,double-letters,lexicase,FALSE,10,elitize_generation_data,37,41,0.694,NA
39,24,double-letters,lexicase,FALSE,10,elitize_generation_data,38,37,0.694,NA
40,24,double-letters,lexicase,FALSE,10,elitize_generation_data,39,34,0.69,NA
41,24,double-letters,lexicase,FALSE,10,elitize_generation_data,40,36,0.721,NA
42,24,double-letters,lexicase,FALSE,10,elitize_generation_data,41,31,0.765,NA
43,24,double-letters,lexicase,FALSE,10,elitize_generation_data,42,29,0.763,NA
44,24,double-letters,lexicase,FALSE,10,elitize_generation_data,43,27,0.748,NA
45,24,double-letters,lexicase,FALSE,10,elitize_generation_data,44,28,0.765,NA
46,24,double-letters,lexicase,FALSE,10,elitize_generation_data,45,26,0.794,NA
47,24,double-letters,lexicase,FALSE,10,elitize_generation_data,46,25,0.77,NA
48,24,double-letters,lexicase,FALSE,10,elitize_generation_data,47,24,0.77,NA
49,24,double-letters,lexicase,FALSE,10,elitize_generation_data,48,29,0.776,NA
50,24,double-letters,lexicase,FALSE,10,elitize_generation_data,49,25,0.726,NA
51,24,double-letters,lexicase,FALSE,10,elitize_generation_data,50,21,0.761,NA
52,24,double-letters,lexicase,FALSE,10,elitize_generation_data,51,19,0.771,NA
53,24,double-letters,lexicase,FALSE,10,elitize_generation_data,52,19,0.715,NA
54,24,double-letters,lexicase,FALSE,10,elitize_generation_data,53,16,0.732,NA
55,24,double-letters,lexicase,FALSE,10,elitize_generation_data,54,14,0.746,NA
56,24,double-letters,lexicase,FALSE,10,elitize_generation_data,55,16,0.739,NA
57,24,double-letters,lexicase,FALSE,10,elitize_generation_data,56,17,0.779,NA
58,24,double-letters,lexicase,FALSE,10,elitize_generation_data,57,15,0.765,NA
59,24,double-letters,lexicase,FALSE,10,elitize_generation_data,58,15,0.775,NA
60,24,double-letters,lexicase,FALSE,10,elitize_generation_data,59,16,0.759,NA
61,24,double-letters,lexicase,FALSE,10,elitize_generation_data,60,20,0.794,NA
62,24,double-letters,lexicase,FALSE,10,elitize_generation_data,61,17,0.803,NA
63,24,double-letters,lexicase,FALSE,10,elitize_generation_data,62,20,0.779,NA
64,24,double-letters,lexicase,FALSE,10,elitize_generation_data,63,18,0.754,NA
65,24,double-letters,lexicase,FALSE,10,elitize_generation_data,64,19,0.776,NA
66,24,double-letters,lexicase,FALSE,10,elitize_generation_data,65,18,0.769,NA
67,24,double-letters,lexicase,FALSE,10,elitize_generation_data,66,23,0.777,NA
68,24,double-letters,lexicase,FALSE,10,elitize_generation_data,67,19,0.784,NA
69,24,double-letters,lexicase,FALSE,10,elitize_generation_data,68,20,0.742,NA
70,24,double-letters,lexicase,FALSE,10,elitize_generation_data,69,22,0.749,NA
71,24,double-letters,lexicase,FALSE,10,elitize_generation_data,70,18,0.761,NA
72,24,double-letters,lexicase,FALSE,10,elitize_generation_data,71,20,0.759,NA
73,24,double-letters,lexicase,FALSE,10,elitize_generation_data,72,20,0.781,NA
74,24,double-letters,lexicase,FALSE,10,elitize_generation_data,73,18,0.78,NA
75,24,double-letters,lexicase,FALSE,10,elitize_generation_data,74,24,0.803,NA
76,24,double-letters,lexicase,FALSE,10,elitize_generation_data,75,28,0.804,NA
77,24,double-letters,lexicase,FALSE,10,elitize_generation_data,76,28,0.804,NA
78,24,double-letters,lexicase,FALSE,10,elitize_generation_data,77,29,0.803,NA
79,24,double-letters,lexicase,FALSE,10,elitize_generation_data,78,25,0.823,NA
80,24,double-letters,lexicase,FALSE,10,elitize_generation_data,79,28,0.822,NA
81,24,double-letters,lexicase,FALSE,10,elitize_generation_data,80,25,0.84,NA
82,24,double-letters,lexicase,FALSE,10,elitize_generation_data,81,33,0.853,NA
83,24,double-letters,lexicase,FALSE,10,elitize_generation_data,82,28,0.846,NA
84,24,double-letters,lexicase,FALSE,10,elitize_generation_data,83,38,0.833,NA
85,24,double-letters,lexicase,FALSE,10,elitize_generation_data,84,35,0.851,NA
86,24,double-letters,lexicase,FALSE,10,elitize_generation_data,85,35,0.845,NA
87,24,double-letters,lexicase,FALSE,10,elitize_generation_data,86,36,0.846,NA
88,24,double-letters,lexicase,FALSE,10,elitize_generation_data,87,47,0.862,NA
89,24,double-letters,lexicase,FALSE,10,elitize_generation_data,88,42,0.849,NA
90,24,double-letters,lexicase,FALSE,10,elitize_generation_data,89,52,0.879,NA
91,24,double-letters,lexicase,FALSE,10,elitize_generation_data,90,44,0.871,NA
92,24,double-letters,lexicase,FALSE,10,elitize_generation_data,91,52,0.897,NA
93,24,double-letters,lexicase,FALSE,10,elitize_generation_data,92,52,0.908,NA
94,24,double-letters,lexicase,FALSE,10,elitize_generation_data,93,55,0.899,NA
95,24,double-letters,lexicase,FALSE,10,elitize_generation_data,94,51,0.885,NA
96,24,double-letters,lexicase,FALSE,10,elitize_generation_data,95,45,0.887,NA
97,24,double-letters,lexicase,FALSE,10,elitize_generation_data,96,58,0.898,NA
98,24,double-letters,lexicase,FALSE,10,elitize_generation_data,97,58,0.91,NA
99,24,double-letters,lexicase,FALSE,10,elitize_generation_data,98,47,0.913,NA
100,24,double-letters,lexicase,FALSE,10,elitize_generation_data,99,48,0.902,NA
101,24,double-letters,lexicase,FALSE,10,elitize_generation_data,100,39,0.898,NA
102,24,double-letters,lexicase,FALSE,10,elitize_generation_data,101,43,0.91,NA
103,24,double-letters,lexicase,FALSE,10,elitize_generation_data,102,44,0.918,NA
104,24,double-letters,lexicase,FALSE,10,elitize_generation_data,103,52,0.916,NA
105,24,double-letters,lexicase,FALSE,10,elitize_generation_data,104,51,0.931,NA
106,24,double-letters,lexicase,FALSE,10,elitize_generation_data,105,52,0.918,NA
107,24,double-letters,lexicase,FALSE,10,elitize_generation_data,106,42,0.915,NA
108,24,double-letters,lexicase,FALSE,10,elitize_generation_data,107,51,0.907,NA
109,24,double-letters,lexicase,FALSE,10,elitize_generation_data,108,50,0.926,NA
110,24,double-letters,lexicase,FALSE,10,elitize_generation_data,109,48,0.889,NA
111,24,double-letters,lexicase,FALSE,10,elitize_generation_data,110,46,0.892,NA
112,24,double-letters,lexicase,FALSE,10,elitize_generation_data,111,51,0.906,NA
113,24,double-letters,lexicase,FALSE,10,elitize_generation_data,112,48,0.906,NA
114,24,double-letters,lexicase,FALSE,10,elitize_generation_data,113,50,0.903,NA
115,24,double-letters,lexicase,FALSE,10,elitize_generation_data,114,51,0.896,NA
116,24,double-letters,lexicase,FALSE,10,elitize_generation_data,115,50,0.892,NA
117,24,double-letters,lexicase,FALSE,10,elitize_generation_data,116,50,0.891,NA
118,24,double-letters,lexicase,FALSE,10,elitize_generation_data,117,44,0.88,NA
119,24,double-letters,lexicase,FALSE,10,elitize_generation_data,118,44,0.88,NA
120,24,double-letters,lexicase,FALSE,10,elitize_generation_data,119,35,0.904,NA
121,24,double-letters,lexicase,FALSE,10,elitize_generation_data,120,29,0.889,NA
122,24,double-letters,lexicase,FALSE,10,elitize_generation_data,121,28,0.882,NA
123,24,double-letters,lexicase,FALSE,10,elitize_generation_data,122,26,0.878,NA
124,24,double-letters,lexicase,FALSE,10,elitize_generation_data,123,23,0.889,NA
125,24,double-letters,lexicase,FALSE,10,elitize_generation_data,124,19,0.867,NA
126,24,double-letters,lexicase,FALSE,10,elitize_generation_data,125,24,0.831,NA
127,24,double-letters,lexicase,FALSE,10,elitize_generation_data,126,20,0.87,NA
128,24,double-letters,lexicase,FALSE,10,elitize_generation_data,127,22,0.857,NA
129,24,double-letters,lexicase,FALSE,10,elitize_generation_data,128,18,0.858,NA
130,24,double-letters,lexicase,FALSE,10,elitize_generation_data,129,20,0.867,NA
131,24,double-letters,lexicase,FALSE,10,elitize_generation_data,130,25,0.895,NA
132,24,double-letters,lexicase,FALSE,10,elitize_generation_data,131,17,0.866,NA
133,24,double-letters,lexicase,FALSE,10,elitize_generation_data,132,17,0.883,NA
134,24,double-letters,lexicase,FALSE,10,elitize_generation_data,133,19,0.867,NA
135,24,double-letters,lexicase,FALSE,10,elitize_generation_data,134,14,0.872,NA
136,24,double-letters,lexicase,FALSE,10,elitize_generation_data,135,17,0.843,NA
137,24,double-letters,lexicase,FALSE,10,elitize_generation_data,136,19,0.839,NA
138,24,double-letters,lexicase,FALSE,10,elitize_generation_data,137,17,0.869,NA
139,24,double-letters,lexicase,FALSE,10,elitize_generation_data,138,21,0.846,NA
140,24,double-letters,lexicase,FALSE,10,elitize_generation_data,139,18,0.843,NA
141,24,double-letters,lexicase,FALSE,10,elitize_generation_data,140,16,0.848,NA
142,24,double-letters,lexicase,FALSE,10,elitize_generation_data,141,18,0.845,NA
143,24,double-letters,lexicase,FALSE,10,elitize_generation_data,142,18,0.834,NA
144,24,double-letters,lexicase,FALSE,10,elitize_generation_data,143,21,0.842,NA
145,24,double-letters,lexicase,FALSE,10,elitize_generation_data,144,17,0.839,NA
146,24,double-letters,lexicase,FALSE,10,elitize_generation_data,145,17,0.84,NA
147,24,double-letters,lexicase,FALSE,10,elitize_generation_data,146,19,0.829,NA
148,24,double-letters,lexicase,FALSE,10,elitize_generation_data,147,17,0.81,NA
149,24,double-letters,lexicase,FALSE,10,elitize_generation_data,148,20,0.838,NA
150,24,double-letters,lexicase,FALSE,10,elitize_generation_data,149,18,0.853,NA
151,24,double-letters,lexicase,FALSE,10,elitize_generation_data,150,17,0.834,NA
152,24,double-letters,lexicase,FALSE,10,elitize_generation_data,151,23,0.868,NA
153,24,double-letters,lexicase,FALSE,10,elitize_generation_data,152,21,0.825,NA
154,24,double-letters,lexicase,FALSE,10,elitize_generation_data,153,23,0.835,NA
155,24,double-letters,lexicase,FALSE,10,elitize_generation_data,154,21,0.834,NA
156,24,double-letters,lexicase,FALSE,10,elitize_generation_data,155,20,0.847,NA
157,24,double-letters,lexicase,FALSE,10,elitize_generation_data,156,20,0.857,NA
158,24,double-letters,lexicase,FALSE,10,elitize_generation_data,157,14,0.858,NA
159,24,double-letters,lexicase,FALSE,10,elitize_generation_data,158,19,0.849,NA
160,24,double-letters,lexicase,FALSE,10,elitize_generation_data,159,14,0.855,NA
161,24,double-letters,lexicase,FALSE,10,elitize_generation_data,160,20,0.827,NA
162,24,double-letters,lexicase,FALSE,10,elitize_generation_data,161,17,0.853,NA
163,24,double-letters,lexicase,FALSE,10,elitize_generation_data,162,18,0.876,NA
164,24,double-letters,lexicase,FALSE,10,elitize_generation_data,163,20,0.886,NA
165,24,double-letters,lexicase,FALSE,10,elitize_generation_data,164,15,0.871,NA
166,24,double-letters,lexicase,FALSE,10,elitize_generation_data,165,19,0.875,NA
167,24,double-letters,lexicase,FALSE,10,elitize_generation_data,166,23,0.88,NA
168,24,double-letters,lexicase,FALSE,10,elitize_generation_data,167,19,0.893,NA
169,24,double-letters,lexicase,FALSE,10,elitize_generation_data,168,17,0.878,NA
170,24,double-letters,lexicase,FALSE,10,elitize_generation_data,169,23,0.882,NA
171,24,double-letters,lexicase,FALSE,10,elitize_generation_data,170,15,0.862,NA
172,24,double-letters,lexicase,FALSE,10,elitize_generation_data,171,21,0.875,NA
173,24,double-letters,lexicase,FALSE,10,elitize_generation_data,172,19,0.858,NA
174,24,double-letters,lexicase,FALSE,10,elitize_generation_data,173,19,0.839,NA
175,24,double-letters,lexicase,FALSE,10,elitize_generation_data,174,15,0.843,NA
176,24,double-letters,lexicase,FALSE,10,elitize_generation_data,175,22,0.824,NA
177,24,double-letters,lexicase,FALSE,10,elitize_generation_data,176,14,0.828,NA
178,24,double-letters,lexicase,FALSE,10,elitize_generation_data,177,13,0.827,NA
179,24,double-letters,lexicase,FALSE,10,elitize_generation_data,178,14,0.843,NA
180,24,double-letters,lexicase,FALSE,10,elitize_generation_data,179,19,0.848,NA
181,24,double-letters,lexicase,FALSE,10,elitize_generation_data,180,18,0.83,NA
182,24,double-letters,lexicase,FALSE,10,elitize_generation_data,181,19,0.859,NA
183,24,double-letters,lexicase,FALSE,10,elitize_generation_data,182,16,0.866,NA
184,24,double-letters,lexicase,FALSE,10,elitize_generation_data,183,19,0.883,NA
185,24,double-letters,lexicase,FALSE,10,elitize_generation_data,184,17,0.867,NA
186,24,double-letters,lexicase,FALSE,10,elitize_generation_data,185,19,0.855,NA
187,24,double-letters,lexicase,FALSE,10,elitize_generation_data,186,16,0.863,NA
188,24,double-letters,lexicase,FALSE,10,elitize_generation_data,187,15,0.883,NA
189,24,double-letters,lexicase,FALSE,10,elitize_generation_data,188,13,0.845,NA
190,24,double-letters,lexicase,FALSE,10,elitize_generation_data,189,12,0.889,NA
191,24,double-letters,lexicase,FALSE,10,elitize_generation_data,190,19,0.905,NA
192,24,double-letters,lexicase,FALSE,10,elitize_generation_data,191,20,0.894,NA
193,24,double-letters,lexicase,FALSE,10,elitize_generation_data,192,18,0.884,NA
194,24,double-letters,lexicase,FALSE,10,elitize_generation_data,193,19,0.894,NA
195,24,double-letters,lexicase,FALSE,10,elitize_generation_data,194,17,0.879,NA
196,24,double-letters,lexicase,FALSE,10,elitize_generation_data,195,14,0.882,NA
197,24,double-letters,lexicase,FALSE,10,elitize_generation_data,196,14,0.909,NA
198,24,double-letters,lexicase,FALSE,10,elitize_generation_data,197,15,0.872,NA
199,24,double-letters,lexicase,FALSE,10,elitize_generation_data,198,12,0.903,NA
200,24,double-letters,lexicase,FALSE,10,elitize_generation_data,199,13,0.891,NA
201,24,double-letters,lexicase,FALSE,10,elitize_generation_data,200,15,0.897,NA
202,24,double-letters,lexicase,FALSE,10,elitize_generation_data,201,13,0.857,NA
203,24,double-letters,lexicase,FALSE,10,elitize_generation_data,202,16,0.866,NA
204,24,double-letters,lexicase,FALSE,10,elitize_generation_data,203,11,0.884,NA
205,24,double-letters,lexicase,FALSE,10,elitize_generation_data,204,15,0.87,NA
206,24,double-letters,lexicase,FALSE,10,elitize_generation_data,205,11,0.862,NA
207,24,double-letters,lexicase,FALSE,10,elitize_generation_data,206,12,0.89,NA
208,24,double-letters,lexicase,FALSE,10,elitize_generation_data,207,13,0.863,NA
209,24,double-letters,lexicase,FALSE,10,elitize_generation_data,208,13,0.855,NA
210,24,double-letters,lexicase,FALSE,10,elitize_generation_data,209,13,0.867,NA
211,24,double-letters,lexicase,FALSE,10,elitize_generation_data,210,15,0.85,NA
212,24,double-letters,lexicase,FALSE,10,elitize_generation_data,211,17,0.852,NA
213,24,double-letters,lexicase,FALSE,10,elitize_generation_data,212,15,0.83,NA
214,24,double-letters,lexicase,FALSE,10,elitize_generation_data,213,14,0.847,NA
215,24,double-letters,lexicase,FALSE,10,elitize_generation_data,214,10,0.843,NA
216,24,double-letters,lexicase,FALSE,10,elitize_generation_data,215,11,0.823,NA
217,24,double-letters,lexicase,FALSE,10,elitize_generation_data,216,14,0.823,NA
218,24,double-letters,lexicase,FALSE,10,elitize_generation_data,217,13,0.814,NA
219,24,double-letters,lexicase,FALSE,10,elitize_generation_data,218,11,0.846,NA
220,24,double-letters,lexicase,FALSE,10,elitize_generation_data,219,13,0.835,NA
221,24,double-letters,lexicase,FALSE,10,elitize_generation_data,220,11,0.819,NA
222,24,double-letters,lexicase,FALSE,10,elitize_generation_data,221,13,0.81,NA
223,24,double-letters,lexicase,FALSE,10,elitize_generation_data,222,14,0.821,NA
224,24,double-letters,lexicase,FALSE,10,elitize_generation_data,223,13,0.806,NA
225,24,double-letters,lexicase,FALSE,10,elitize_generation_data,224,13,0.834,NA
226,24,double-letters,lexicase,FALSE,10,elitize_generation_data,225,15,0.825,NA
227,24,double-letters,lexicase,FALSE,10,elitize_generation_data,226,16,0.848,NA
228,24,double-letters,lexicase,FALSE,10,elitize_generation_data,227,15,0.811,NA
229,24,double-letters,lexicase,FALSE,10,elitize_generation_data,228,13,0.831,NA
230,24,double-letters,lexicase,FALSE,10,elitize_generation_data,229,13,0.829,NA
231,24,double-letters,lexicase,FALSE,10,elitize_generation_data,230,13,0.863,NA
232,24,double-letters,lexicase,FALSE,10,elitize_generation_data,231,13,0.831,NA
233,24,double-letters,lexicase,FALSE,10,elitize_generation_data,232,11,0.856,NA
234,24,double-letters,lexicase,FALSE,10,elitize_generation_data,233,12,0.874,NA
235,24,double-letters,lexicase,FALSE,10,elitize_generation_data,234,16,0.849,NA
236,24,double-letters,lexicase,FALSE,10,elitize_generation_data,235,15,0.832,NA
237,24,double-letters,lexicase,FALSE,10,elitize_generation_data,236,16,0.853,NA
238,24,double-letters,lexicase,FALSE,10,elitize_generation_data,237,15,0.862,NA
239,24,double-letters,lexicase,FALSE,10,elitize_generation_data,238,15,0.853,NA
240,24,double-letters,lexicase,FALSE,10,elitize_generation_data,239,15,0.853,NA
241,24,double-letters,lexicase,FALSE,10,elitize_generation_data,240,16,0.859,NA
242,24,double-letters,lexicase,FALSE,10,elitize_generation_data,241,15,0.844,NA
243,24,double-letters,lexicase,FALSE,10,elitize_generation_data,242,16,0.852,NA
244,24,double-letters,lexicase,FALSE,10,elitize_generation_data,243,18,0.851,NA
245,24,double-letters,lexicase,FALSE,10,elitize_generation_data,244,15,0.843,NA
246,24,double-letters,lexicase,FALSE,10,elitize_generation_data,245,15,0.857,NA
247,24,double-letters,lexicase,FALSE,10,elitize_generation_data,246,15,0.858,NA
248,24,double-letters,lexicase,FALSE,10,elitize_generation_data,247,13,0.87,NA
249,24,double-letters,lexicase,FALSE,10,elitize_generation_data,248,15,0.847,NA
250,24,double-letters,lexicase,FALSE,10,elitize_generation_data,249,15,0.837,NA
251,24,double-letters,lexicase,FALSE,10,elitize_generation_data,250,11,0.857,NA
252,24,double-letters,lexicase,FALSE,10,elitize_generation_data,251,12,0.858,NA
253,24,double-letters,lexicase,FALSE,10,elitize_generation_data,252,13,0.845,NA
254,24,double-letters,lexicase,FALSE,10,elitize_generation_data,253,15,0.84,NA
255,24,double-letters,lexicase,FALSE,10,elitize_generation_data,254,17,0.838,NA
256,24,double-letters,lexicase,FALSE,10,elitize_generation_data,255,16,0.875,NA
257,24,double-letters,lexicase,FALSE,10,elitize_generation_data,256,15,0.837,NA
258,24,double-letters,lexicase,FALSE,10,elitize_generation_data,257,14,0.842,NA
259,24,double-letters,lexicase,FALSE,10,elitize_generation_data,258,13,0.857,NA
260,24,double-letters,lexicase,FALSE,10,elitize_generation_data,259,13,0.843,NA
261,24,double-letters,lexicase,FALSE,10,elitize_generation_data,260,15,0.836,NA
262,24,double-letters,lexicase,FALSE,10,elitize_generation_data,261,18,0.831,NA
263,24,double-letters,lexicase,FALSE,10,elitize_generation_data,262,15,0.831,NA
264,24,double-letters,lexicase,FALSE,10,elitize_generation_data,263,11,0.85,NA
265,24,double-letters,lexicase,FALSE,10,elitize_generation_data,264,11,0.828,NA
266,24,double-letters,lexicase,FALSE,10,elitize_generation_data,265,10,0.858,NA
267,24,double-letters,lexicase,FALSE,10,elitize_generation_data,266,13,0.839,NA
268,24,double-letters,lexicase,FALSE,10,elitize_generation_data,267,12,0.828,NA
269,24,double-letters,lexicase,FALSE,10,elitize_generation_data,268,11,0.843,NA
270,24,double-letters,lexicase,FALSE,10,elitize_generation_data,269,17,0.853,NA
271,24,double-letters,lexicase,FALSE,10,elitize_generation_data,270,12,0.856,NA
272,24,double-letters,lexicase,FALSE,10,elitize_generation_data,271,15,0.846,NA
273,24,double-letters,lexicase,FALSE,10,elitize_generation_data,272,17,0.854,NA
274,24,double-letters,lexicase,FALSE,10,elitize_generation_data,273,15,0.838,NA
275,24,double-letters,lexicase,FALSE,10,elitize_generation_data,274,14,0.849,NA
276,24,double-letters,lexicase,FALSE,10,elitize_generation_data,275,16,0.835,NA
277,24,double-letters,lexicase,FALSE,10,elitize_generation_data,276,15,0.838,NA
278,24,double-letters,lexicase,FALSE,10,elitize_generation_data,277,17,0.836,NA
279,24,double-letters,lexicase,FALSE,10,elitize_generation_data,278,15,0.829,NA
280,24,double-letters,lexicase,FALSE,10,elitize_generation_data,279,16,0.825,NA
281,24,double-letters,lexicase,FALSE,10,elitize_generation_data,280,17,0.832,NA
282,24,double-letters,lexicase,FALSE,10,elitize_generation_data,281,14,0.858,NA
283,24,double-letters,lexicase,FALSE,10,elitize_generation_data,282,16,0.845,NA
284,24,double-letters,lexicase,FALSE,10,elitize_generation_data,283,16,0.856,NA
285,24,double-letters,lexicase,FALSE,10,elitize_generation_data,284,14,0.83,NA
286,24,double-letters,lexicase,FALSE,10,elitize_generation_data,285,14,0.853,NA
287,24,double-letters,lexicase,FALSE,10,elitize_generation_data,286,14,0.832,NA
288,24,double-letters,lexicase,FALSE,10,elitize_generation_data,287,13,0.847,NA
289,24,double-letters,lexicase,FALSE,10,elitize_generation_data,288,10,0.859,NA
290,24,double-letters,lexicase,FALSE,10,elitize_generation_data,289,14,0.859,NA
291,24,double-letters,lexicase,FALSE,10,elitize_generation_data,290,11,0.85,NA
292,24,double-letters,lexicase,FALSE,10,elitize_generation_data,291,11,0.836,NA
293,24,double-letters,lexicase,FALSE,10,elitize_generation_data,292,12,0.842,NA
294,24,double-letters,lexicase,FALSE,10,elitize_generation_data,293,18,0.844,NA
295,24,double-letters,lexicase,FALSE,10,elitize_generation_data,294,13,0.85,NA
296,24,double-letters,lexicase,FALSE,10,elitize_generation_data,295,14,0.853,NA
297,24,double-letters,lexicase,FALSE,10,elitize_generation_data,296,12,0.839,NA
298,24,double-letters,lexicase,FALSE,10,elitize_generation_data,297,13,0.821,NA
299,24,double-letters,lexicase,FALSE,10,elitize_generation_data,298,15,0.835,NA
300,24,double-letters,lexicase,FALSE,10,elitize_generation_data,299,11,0.849,NA
301,24,double-letters,lexicase,FALSE,10,elitize_generation_data,300,11,0.843,NA
