,run.num,problem,treatment,succeeded,height,normalization.function,generation,cluster.count,error.diversity,success.generation
1,97,double-letters,lexicase,FALSE,10,elitize_generation_data,0,7,0.368,NA
2,97,double-letters,lexicase,FALSE,10,elitize_generation_data,1,10,0.101,NA
3,97,double-letters,lexicase,FALSE,10,elitize_generation_data,2,9,0.17,NA
4,97,double-letters,lexicase,FALSE,10,elitize_generation_data,3,12,0.273,NA
5,97,double-letters,lexicase,FALSE,10,elitize_generation_data,4,14,0.417,NA
6,97,double-letters,lexicase,FALSE,10,elitize_generation_data,5,15,0.432,NA
7,97,double-letters,lexicase,FALSE,10,elitize_generation_data,6,17,0.502,NA
8,97,double-letters,lexicase,FALSE,10,elitize_generation_data,7,18,0.561,NA
9,97,double-letters,lexicase,FALSE,10,elitize_generation_data,8,19,0.517,NA
10,97,double-letters,lexicase,FALSE,10,elitize_generation_data,9,17,0.59,NA
11,97,double-letters,lexicase,FALSE,10,elitize_generation_data,10,16,0.642,NA
12,97,double-letters,lexicase,FALSE,10,elitize_generation_data,11,13,0.641,NA
13,97,double-letters,lexicase,FALSE,10,elitize_generation_data,12,13,0.545,NA
14,97,double-letters,lexicase,FALSE,10,elitize_generation_data,13,16,0.521,NA
15,97,double-letters,lexicase,FALSE,10,elitize_generation_data,14,16,0.568,NA
16,97,double-letters,lexicase,FALSE,10,elitize_generation_data,15,16,0.493,NA
17,97,double-letters,lexicase,FALSE,10,elitize_generation_data,16,11,0.464,NA
18,97,double-letters,lexicase,FALSE,10,elitize_generation_data,17,8,0.502,NA
19,97,double-letters,lexicase,FALSE,10,elitize_generation_data,18,8,0.521,NA
20,97,double-letters,lexicase,FALSE,10,elitize_generation_data,19,8,0.52,NA
21,97,double-letters,lexicase,FALSE,10,elitize_generation_data,20,8,0.489,NA
22,97,double-letters,lexicase,FALSE,10,elitize_generation_data,21,6,0.504,NA
23,97,double-letters,lexicase,FALSE,10,elitize_generation_data,22,8,0.513,NA
24,97,double-letters,lexicase,FALSE,10,elitize_generation_data,23,5,0.527,NA
25,97,double-letters,lexicase,FALSE,10,elitize_generation_data,24,6,0.564,NA
26,97,double-letters,lexicase,FALSE,10,elitize_generation_data,25,5,0.572,NA
27,97,double-letters,lexicase,FALSE,10,elitize_generation_data,26,5,0.587,NA
28,97,double-letters,lexicase,FALSE,10,elitize_generation_data,27,3,0.568,NA
29,97,double-letters,lexicase,FALSE,10,elitize_generation_data,28,2,0.563,NA
30,97,double-letters,lexicase,FALSE,10,elitize_generation_data,29,5,0.567,NA
31,97,double-letters,lexicase,FALSE,10,elitize_generation_data,30,5,0.6,NA
32,97,double-letters,lexicase,FALSE,10,elitize_generation_data,31,5,0.616,NA
33,97,double-letters,lexicase,FALSE,10,elitize_generation_data,32,5,0.569,NA
34,97,double-letters,lexicase,FALSE,10,elitize_generation_data,33,4,0.599,NA
35,97,double-letters,lexicase,FALSE,10,elitize_generation_data,34,4,0.6,NA
36,97,double-letters,lexicase,FALSE,10,elitize_generation_data,35,5,0.628,NA
37,97,double-letters,lexicase,FALSE,10,elitize_generation_data,36,4,0.635,NA
38,97,double-letters,lexicase,FALSE,10,elitize_generation_data,37,4,0.646,NA
39,97,double-letters,lexicase,FALSE,10,elitize_generation_data,38,4,0.638,NA
40,97,double-letters,lexicase,FALSE,10,elitize_generation_data,39,5,0.653,NA
41,97,double-letters,lexicase,FALSE,10,elitize_generation_data,40,4,0.673,NA
42,97,double-letters,lexicase,FALSE,10,elitize_generation_data,41,5,0.67,NA
43,97,double-letters,lexicase,FALSE,10,elitize_generation_data,42,5,0.655,NA
44,97,double-letters,lexicase,FALSE,10,elitize_generation_data,43,6,0.667,NA
45,97,double-letters,lexicase,FALSE,10,elitize_generation_data,44,9,0.662,NA
46,97,double-letters,lexicase,FALSE,10,elitize_generation_data,45,6,0.637,NA
47,97,double-letters,lexicase,FALSE,10,elitize_generation_data,46,7,0.629,NA
48,97,double-letters,lexicase,FALSE,10,elitize_generation_data,47,8,0.613,NA
49,97,double-letters,lexicase,FALSE,10,elitize_generation_data,48,6,0.667,NA
50,97,double-letters,lexicase,FALSE,10,elitize_generation_data,49,6,0.636,NA
51,97,double-letters,lexicase,FALSE,10,elitize_generation_data,50,5,0.661,NA
52,97,double-letters,lexicase,FALSE,10,elitize_generation_data,51,7,0.665,NA
53,97,double-letters,lexicase,FALSE,10,elitize_generation_data,52,7,0.697,NA
54,97,double-letters,lexicase,FALSE,10,elitize_generation_data,53,8,0.668,NA
55,97,double-letters,lexicase,FALSE,10,elitize_generation_data,54,11,0.652,NA
56,97,double-letters,lexicase,FALSE,10,elitize_generation_data,55,10,0.671,NA
57,97,double-letters,lexicase,FALSE,10,elitize_generation_data,56,13,0.647,NA
58,97,double-letters,lexicase,FALSE,10,elitize_generation_data,57,13,0.697,NA
59,97,double-letters,lexicase,FALSE,10,elitize_generation_data,58,11,0.688,NA
60,97,double-letters,lexicase,FALSE,10,elitize_generation_data,59,13,0.687,NA
61,97,double-letters,lexicase,FALSE,10,elitize_generation_data,60,17,0.678,NA
62,97,double-letters,lexicase,FALSE,10,elitize_generation_data,61,15,0.724,NA
63,97,double-letters,lexicase,FALSE,10,elitize_generation_data,62,16,0.711,NA
64,97,double-letters,lexicase,FALSE,10,elitize_generation_data,63,16,0.731,NA
65,97,double-letters,lexicase,FALSE,10,elitize_generation_data,64,15,0.703,NA
66,97,double-letters,lexicase,FALSE,10,elitize_generation_data,65,18,0.734,NA
67,97,double-letters,lexicase,FALSE,10,elitize_generation_data,66,16,0.746,NA
68,97,double-letters,lexicase,FALSE,10,elitize_generation_data,67,18,0.744,NA
69,97,double-letters,lexicase,FALSE,10,elitize_generation_data,68,19,0.724,NA
70,97,double-letters,lexicase,FALSE,10,elitize_generation_data,69,19,0.746,NA
71,97,double-letters,lexicase,FALSE,10,elitize_generation_data,70,22,0.721,NA
72,97,double-letters,lexicase,FALSE,10,elitize_generation_data,71,17,0.73,NA
73,97,double-letters,lexicase,FALSE,10,elitize_generation_data,72,22,0.712,NA
74,97,double-letters,lexicase,FALSE,10,elitize_generation_data,73,25,0.747,NA
75,97,double-letters,lexicase,FALSE,10,elitize_generation_data,74,24,0.715,NA
76,97,double-letters,lexicase,FALSE,10,elitize_generation_data,75,23,0.715,NA
77,97,double-letters,lexicase,FALSE,10,elitize_generation_data,76,22,0.738,NA
78,97,double-letters,lexicase,FALSE,10,elitize_generation_data,77,21,0.716,NA
79,97,double-letters,lexicase,FALSE,10,elitize_generation_data,78,27,0.749,NA
80,97,double-letters,lexicase,FALSE,10,elitize_generation_data,79,25,0.744,NA
81,97,double-letters,lexicase,FALSE,10,elitize_generation_data,80,22,0.741,NA
82,97,double-letters,lexicase,FALSE,10,elitize_generation_data,81,24,0.707,NA
83,97,double-letters,lexicase,FALSE,10,elitize_generation_data,82,26,0.729,NA
84,97,double-letters,lexicase,FALSE,10,elitize_generation_data,83,23,0.735,NA
85,97,double-letters,lexicase,FALSE,10,elitize_generation_data,84,24,0.749,NA
86,97,double-letters,lexicase,FALSE,10,elitize_generation_data,85,25,0.73,NA
87,97,double-letters,lexicase,FALSE,10,elitize_generation_data,86,28,0.741,NA
88,97,double-letters,lexicase,FALSE,10,elitize_generation_data,87,28,0.741,NA
89,97,double-letters,lexicase,FALSE,10,elitize_generation_data,88,28,0.743,NA
90,97,double-letters,lexicase,FALSE,10,elitize_generation_data,89,31,0.744,NA
91,97,double-letters,lexicase,FALSE,10,elitize_generation_data,90,36,0.77,NA
92,97,double-letters,lexicase,FALSE,10,elitize_generation_data,91,42,0.758,NA
93,97,double-letters,lexicase,FALSE,10,elitize_generation_data,92,44,0.772,NA
94,97,double-letters,lexicase,FALSE,10,elitize_generation_data,93,44,0.743,NA
95,97,double-letters,lexicase,FALSE,10,elitize_generation_data,94,48,0.788,NA
96,97,double-letters,lexicase,FALSE,10,elitize_generation_data,95,50,0.78,NA
97,97,double-letters,lexicase,FALSE,10,elitize_generation_data,96,46,0.753,NA
98,97,double-letters,lexicase,FALSE,10,elitize_generation_data,97,46,0.743,NA
99,97,double-letters,lexicase,FALSE,10,elitize_generation_data,98,47,0.769,NA
100,97,double-letters,lexicase,FALSE,10,elitize_generation_data,99,46,0.768,NA
101,97,double-letters,lexicase,FALSE,10,elitize_generation_data,100,52,0.759,NA
102,97,double-letters,lexicase,FALSE,10,elitize_generation_data,101,51,0.777,NA
103,97,double-letters,lexicase,FALSE,10,elitize_generation_data,102,51,0.751,NA
104,97,double-letters,lexicase,FALSE,10,elitize_generation_data,103,61,0.783,NA
105,97,double-letters,lexicase,FALSE,10,elitize_generation_data,104,52,0.759,NA
106,97,double-letters,lexicase,FALSE,10,elitize_generation_data,105,51,0.768,NA
107,97,double-letters,lexicase,FALSE,10,elitize_generation_data,106,49,0.775,NA
108,97,double-letters,lexicase,FALSE,10,elitize_generation_data,107,56,0.782,NA
109,97,double-letters,lexicase,FALSE,10,elitize_generation_data,108,49,0.791,NA
110,97,double-letters,lexicase,FALSE,10,elitize_generation_data,109,55,0.786,NA
111,97,double-letters,lexicase,FALSE,10,elitize_generation_data,110,58,0.782,NA
112,97,double-letters,lexicase,FALSE,10,elitize_generation_data,111,50,0.766,NA
113,97,double-letters,lexicase,FALSE,10,elitize_generation_data,112,60,0.795,NA
114,97,double-letters,lexicase,FALSE,10,elitize_generation_data,113,61,0.796,NA
115,97,double-letters,lexicase,FALSE,10,elitize_generation_data,114,76,0.835,NA
116,97,double-letters,lexicase,FALSE,10,elitize_generation_data,115,68,0.802,NA
117,97,double-letters,lexicase,FALSE,10,elitize_generation_data,116,79,0.774,NA
118,97,double-letters,lexicase,FALSE,10,elitize_generation_data,117,71,0.782,NA
119,97,double-letters,lexicase,FALSE,10,elitize_generation_data,118,81,0.8,NA
120,97,double-letters,lexicase,FALSE,10,elitize_generation_data,119,77,0.801,NA
121,97,double-letters,lexicase,FALSE,10,elitize_generation_data,120,86,0.766,NA
122,97,double-letters,lexicase,FALSE,10,elitize_generation_data,121,81,0.797,NA
123,97,double-letters,lexicase,FALSE,10,elitize_generation_data,122,70,0.774,NA
124,97,double-letters,lexicase,FALSE,10,elitize_generation_data,123,73,0.802,NA
125,97,double-letters,lexicase,FALSE,10,elitize_generation_data,124,68,0.795,NA
126,97,double-letters,lexicase,FALSE,10,elitize_generation_data,125,62,0.794,NA
127,97,double-letters,lexicase,FALSE,10,elitize_generation_data,126,59,0.782,NA
128,97,double-letters,lexicase,FALSE,10,elitize_generation_data,127,58,0.792,NA
129,97,double-letters,lexicase,FALSE,10,elitize_generation_data,128,78,0.774,NA
130,97,double-letters,lexicase,FALSE,10,elitize_generation_data,129,81,0.782,NA
131,97,double-letters,lexicase,FALSE,10,elitize_generation_data,130,71,0.79,NA
132,97,double-letters,lexicase,FALSE,10,elitize_generation_data,131,82,0.79,NA
133,97,double-letters,lexicase,FALSE,10,elitize_generation_data,132,78,0.811,NA
134,97,double-letters,lexicase,FALSE,10,elitize_generation_data,133,77,0.783,NA
135,97,double-letters,lexicase,FALSE,10,elitize_generation_data,134,83,0.795,NA
136,97,double-letters,lexicase,FALSE,10,elitize_generation_data,135,86,0.806,NA
137,97,double-letters,lexicase,FALSE,10,elitize_generation_data,136,87,0.81,NA
138,97,double-letters,lexicase,FALSE,10,elitize_generation_data,137,88,0.82,NA
139,97,double-letters,lexicase,FALSE,10,elitize_generation_data,138,84,0.802,NA
140,97,double-letters,lexicase,FALSE,10,elitize_generation_data,139,94,0.787,NA
141,97,double-letters,lexicase,FALSE,10,elitize_generation_data,140,92,0.801,NA
142,97,double-letters,lexicase,FALSE,10,elitize_generation_data,141,98,0.806,NA
143,97,double-letters,lexicase,FALSE,10,elitize_generation_data,142,95,0.799,NA
144,97,double-letters,lexicase,FALSE,10,elitize_generation_data,143,94,0.812,NA
145,97,double-letters,lexicase,FALSE,10,elitize_generation_data,144,89,0.752,NA
146,97,double-letters,lexicase,FALSE,10,elitize_generation_data,145,88,0.811,NA
147,97,double-letters,lexicase,FALSE,10,elitize_generation_data,146,96,0.766,NA
148,97,double-letters,lexicase,FALSE,10,elitize_generation_data,147,97,0.811,NA
149,97,double-letters,lexicase,FALSE,10,elitize_generation_data,148,103,0.822,NA
150,97,double-letters,lexicase,FALSE,10,elitize_generation_data,149,95,0.82,NA
151,97,double-letters,lexicase,FALSE,10,elitize_generation_data,150,85,0.812,NA
152,97,double-letters,lexicase,FALSE,10,elitize_generation_data,151,92,0.816,NA
153,97,double-letters,lexicase,FALSE,10,elitize_generation_data,152,82,0.825,NA
154,97,double-letters,lexicase,FALSE,10,elitize_generation_data,153,78,0.809,NA
155,97,double-letters,lexicase,FALSE,10,elitize_generation_data,154,96,0.799,NA
156,97,double-letters,lexicase,FALSE,10,elitize_generation_data,155,87,0.804,NA
157,97,double-letters,lexicase,FALSE,10,elitize_generation_data,156,86,0.802,NA
158,97,double-letters,lexicase,FALSE,10,elitize_generation_data,157,81,0.811,NA
159,97,double-letters,lexicase,FALSE,10,elitize_generation_data,158,96,0.806,NA
160,97,double-letters,lexicase,FALSE,10,elitize_generation_data,159,103,0.808,NA
161,97,double-letters,lexicase,FALSE,10,elitize_generation_data,160,101,0.789,NA
162,97,double-letters,lexicase,FALSE,10,elitize_generation_data,161,106,0.806,NA
163,97,double-letters,lexicase,FALSE,10,elitize_generation_data,162,90,0.817,NA
164,97,double-letters,lexicase,FALSE,10,elitize_generation_data,163,99,0.797,NA
165,97,double-letters,lexicase,FALSE,10,elitize_generation_data,164,99,0.802,NA
166,97,double-letters,lexicase,FALSE,10,elitize_generation_data,165,97,0.78,NA
167,97,double-letters,lexicase,FALSE,10,elitize_generation_data,166,89,0.801,NA
168,97,double-letters,lexicase,FALSE,10,elitize_generation_data,167,93,0.83,NA
169,97,double-letters,lexicase,FALSE,10,elitize_generation_data,168,84,0.781,NA
170,97,double-letters,lexicase,FALSE,10,elitize_generation_data,169,85,0.778,NA
171,97,double-letters,lexicase,FALSE,10,elitize_generation_data,170,86,0.797,NA
172,97,double-letters,lexicase,FALSE,10,elitize_generation_data,171,85,0.762,NA
173,97,double-letters,lexicase,FALSE,10,elitize_generation_data,172,95,0.762,NA
174,97,double-letters,lexicase,FALSE,10,elitize_generation_data,173,86,0.743,NA
175,97,double-letters,lexicase,FALSE,10,elitize_generation_data,174,70,0.725,NA
176,97,double-letters,lexicase,FALSE,10,elitize_generation_data,175,86,0.745,NA
177,97,double-letters,lexicase,FALSE,10,elitize_generation_data,176,83,0.747,NA
178,97,double-letters,lexicase,FALSE,10,elitize_generation_data,177,93,0.749,NA
179,97,double-letters,lexicase,FALSE,10,elitize_generation_data,178,85,0.726,NA
180,97,double-letters,lexicase,FALSE,10,elitize_generation_data,179,101,0.732,NA
181,97,double-letters,lexicase,FALSE,10,elitize_generation_data,180,86,0.732,NA
182,97,double-letters,lexicase,FALSE,10,elitize_generation_data,181,85,0.743,NA
183,97,double-letters,lexicase,FALSE,10,elitize_generation_data,182,93,0.729,NA
184,97,double-letters,lexicase,FALSE,10,elitize_generation_data,183,101,0.739,NA
185,97,double-letters,lexicase,FALSE,10,elitize_generation_data,184,84,0.694,NA
186,97,double-letters,lexicase,FALSE,10,elitize_generation_data,185,89,0.718,NA
187,97,double-letters,lexicase,FALSE,10,elitize_generation_data,186,95,0.703,NA
188,97,double-letters,lexicase,FALSE,10,elitize_generation_data,187,108,0.702,NA
189,97,double-letters,lexicase,FALSE,10,elitize_generation_data,188,110,0.736,NA
190,97,double-letters,lexicase,FALSE,10,elitize_generation_data,189,112,0.719,NA
191,97,double-letters,lexicase,FALSE,10,elitize_generation_data,190,63,0.575,NA
192,97,double-letters,lexicase,FALSE,10,elitize_generation_data,191,63,0.545,NA
193,97,double-letters,lexicase,FALSE,10,elitize_generation_data,192,60,0.535,NA
194,97,double-letters,lexicase,FALSE,10,elitize_generation_data,193,51,0.555,NA
195,97,double-letters,lexicase,FALSE,10,elitize_generation_data,194,58,0.55,NA
196,97,double-letters,lexicase,FALSE,10,elitize_generation_data,195,52,0.543,NA
197,97,double-letters,lexicase,FALSE,10,elitize_generation_data,196,46,0.542,NA
198,97,double-letters,lexicase,FALSE,10,elitize_generation_data,197,54,0.542,NA
199,97,double-letters,lexicase,FALSE,10,elitize_generation_data,198,46,0.57,NA
200,97,double-letters,lexicase,FALSE,10,elitize_generation_data,199,60,0.543,NA
201,97,double-letters,lexicase,FALSE,10,elitize_generation_data,200,44,0.564,NA
202,97,double-letters,lexicase,FALSE,10,elitize_generation_data,201,53,0.533,NA
203,97,double-letters,lexicase,FALSE,10,elitize_generation_data,202,46,0.555,NA
204,97,double-letters,lexicase,FALSE,10,elitize_generation_data,203,57,0.563,NA
205,97,double-letters,lexicase,FALSE,10,elitize_generation_data,204,61,0.591,NA
206,97,double-letters,lexicase,FALSE,10,elitize_generation_data,205,62,0.574,NA
207,97,double-letters,lexicase,FALSE,10,elitize_generation_data,206,59,0.547,NA
208,97,double-letters,lexicase,FALSE,10,elitize_generation_data,207,69,0.582,NA
209,97,double-letters,lexicase,FALSE,10,elitize_generation_data,208,71,0.576,NA
210,97,double-letters,lexicase,FALSE,10,elitize_generation_data,209,82,0.683,NA
211,97,double-letters,lexicase,FALSE,10,elitize_generation_data,210,95,0.679,NA
212,97,double-letters,lexicase,FALSE,10,elitize_generation_data,211,87,0.685,NA
213,97,double-letters,lexicase,FALSE,10,elitize_generation_data,212,81,0.709,NA
214,97,double-letters,lexicase,FALSE,10,elitize_generation_data,213,88,0.701,NA
215,97,double-letters,lexicase,FALSE,10,elitize_generation_data,214,78,0.741,NA
216,97,double-letters,lexicase,FALSE,10,elitize_generation_data,215,89,0.758,NA
217,97,double-letters,lexicase,FALSE,10,elitize_generation_data,216,76,0.703,NA
218,97,double-letters,lexicase,FALSE,10,elitize_generation_data,217,90,0.73,NA
219,97,double-letters,lexicase,FALSE,10,elitize_generation_data,218,99,0.725,NA
220,97,double-letters,lexicase,FALSE,10,elitize_generation_data,219,109,0.714,NA
221,97,double-letters,lexicase,FALSE,10,elitize_generation_data,220,101,0.715,NA
222,97,double-letters,lexicase,FALSE,10,elitize_generation_data,221,102,0.739,NA
223,97,double-letters,lexicase,FALSE,10,elitize_generation_data,222,97,0.713,NA
224,97,double-letters,lexicase,FALSE,10,elitize_generation_data,223,57,0.692,NA
225,97,double-letters,lexicase,FALSE,10,elitize_generation_data,224,51,0.682,NA
226,97,double-letters,lexicase,FALSE,10,elitize_generation_data,225,62,0.685,NA
227,97,double-letters,lexicase,FALSE,10,elitize_generation_data,226,60,0.707,NA
228,97,double-letters,lexicase,FALSE,10,elitize_generation_data,227,52,0.697,NA
229,97,double-letters,lexicase,FALSE,10,elitize_generation_data,228,41,0.699,NA
230,97,double-letters,lexicase,FALSE,10,elitize_generation_data,229,49,0.692,NA
231,97,double-letters,lexicase,FALSE,10,elitize_generation_data,230,40,0.675,NA
232,97,double-letters,lexicase,FALSE,10,elitize_generation_data,231,44,0.704,NA
233,97,double-letters,lexicase,FALSE,10,elitize_generation_data,232,34,0.698,NA
234,97,double-letters,lexicase,FALSE,10,elitize_generation_data,233,34,0.695,NA
235,97,double-letters,lexicase,FALSE,10,elitize_generation_data,234,34,0.686,NA
236,97,double-letters,lexicase,FALSE,10,elitize_generation_data,235,37,0.687,NA
237,97,double-letters,lexicase,FALSE,10,elitize_generation_data,236,37,0.709,NA
238,97,double-letters,lexicase,FALSE,10,elitize_generation_data,237,33,0.691,NA
239,97,double-letters,lexicase,FALSE,10,elitize_generation_data,238,35,0.705,NA
240,97,double-letters,lexicase,FALSE,10,elitize_generation_data,239,29,0.686,NA
241,97,double-letters,lexicase,FALSE,10,elitize_generation_data,240,37,0.69,NA
242,97,double-letters,lexicase,FALSE,10,elitize_generation_data,241,36,0.699,NA
243,97,double-letters,lexicase,FALSE,10,elitize_generation_data,242,35,0.694,NA
244,97,double-letters,lexicase,FALSE,10,elitize_generation_data,243,37,0.69,NA
245,97,double-letters,lexicase,FALSE,10,elitize_generation_data,244,39,0.678,NA
246,97,double-letters,lexicase,FALSE,10,elitize_generation_data,245,40,0.683,NA
247,97,double-letters,lexicase,FALSE,10,elitize_generation_data,246,36,0.695,NA
248,97,double-letters,lexicase,FALSE,10,elitize_generation_data,247,41,0.691,NA
249,97,double-letters,lexicase,FALSE,10,elitize_generation_data,248,43,0.716,NA
250,97,double-letters,lexicase,FALSE,10,elitize_generation_data,249,32,0.694,NA
251,97,double-letters,lexicase,FALSE,10,elitize_generation_data,250,43,0.706,NA
252,97,double-letters,lexicase,FALSE,10,elitize_generation_data,251,36,0.723,NA
253,97,double-letters,lexicase,FALSE,10,elitize_generation_data,252,31,0.705,NA
254,97,double-letters,lexicase,FALSE,10,elitize_generation_data,253,34,0.709,NA
255,97,double-letters,lexicase,FALSE,10,elitize_generation_data,254,39,0.709,NA
256,97,double-letters,lexicase,FALSE,10,elitize_generation_data,255,35,0.686,NA
257,97,double-letters,lexicase,FALSE,10,elitize_generation_data,256,34,0.695,NA
258,97,double-letters,lexicase,FALSE,10,elitize_generation_data,257,35,0.731,NA
259,97,double-letters,lexicase,FALSE,10,elitize_generation_data,258,40,0.73,NA
260,97,double-letters,lexicase,FALSE,10,elitize_generation_data,259,46,0.727,NA
261,97,double-letters,lexicase,FALSE,10,elitize_generation_data,260,30,0.731,NA
262,97,double-letters,lexicase,FALSE,10,elitize_generation_data,261,41,0.722,NA
263,97,double-letters,lexicase,FALSE,10,elitize_generation_data,262,32,0.705,NA
264,97,double-letters,lexicase,FALSE,10,elitize_generation_data,263,35,0.711,NA
265,97,double-letters,lexicase,FALSE,10,elitize_generation_data,264,36,0.748,NA
266,97,double-letters,lexicase,FALSE,10,elitize_generation_data,265,40,0.743,NA
267,97,double-letters,lexicase,FALSE,10,elitize_generation_data,266,36,0.719,NA
268,97,double-letters,lexicase,FALSE,10,elitize_generation_data,267,42,0.736,NA
269,97,double-letters,lexicase,FALSE,10,elitize_generation_data,268,47,0.722,NA
270,97,double-letters,lexicase,FALSE,10,elitize_generation_data,269,35,0.706,NA
271,97,double-letters,lexicase,FALSE,10,elitize_generation_data,270,41,0.715,NA
272,97,double-letters,lexicase,FALSE,10,elitize_generation_data,271,38,0.728,NA
273,97,double-letters,lexicase,FALSE,10,elitize_generation_data,272,30,0.756,NA
274,97,double-letters,lexicase,FALSE,10,elitize_generation_data,273,37,0.753,NA
275,97,double-letters,lexicase,FALSE,10,elitize_generation_data,274,37,0.75,NA
276,97,double-letters,lexicase,FALSE,10,elitize_generation_data,275,40,0.736,NA
277,97,double-letters,lexicase,FALSE,10,elitize_generation_data,276,36,0.741,NA
278,97,double-letters,lexicase,FALSE,10,elitize_generation_data,277,43,0.739,NA
279,97,double-letters,lexicase,FALSE,10,elitize_generation_data,278,40,0.737,NA
280,97,double-letters,lexicase,FALSE,10,elitize_generation_data,279,39,0.711,NA
281,97,double-letters,lexicase,FALSE,10,elitize_generation_data,280,41,0.712,NA
282,97,double-letters,lexicase,FALSE,10,elitize_generation_data,281,38,0.714,NA
283,97,double-letters,lexicase,FALSE,10,elitize_generation_data,282,42,0.707,NA
284,97,double-letters,lexicase,FALSE,10,elitize_generation_data,283,47,0.709,NA
285,97,double-letters,lexicase,FALSE,10,elitize_generation_data,284,39,0.72,NA
286,97,double-letters,lexicase,FALSE,10,elitize_generation_data,285,39,0.707,NA
287,97,double-letters,lexicase,FALSE,10,elitize_generation_data,286,44,0.7,NA
288,97,double-letters,lexicase,FALSE,10,elitize_generation_data,287,43,0.707,NA
289,97,double-letters,lexicase,FALSE,10,elitize_generation_data,288,33,0.688,NA
290,97,double-letters,lexicase,FALSE,10,elitize_generation_data,289,34,0.697,NA
291,97,double-letters,lexicase,FALSE,10,elitize_generation_data,290,34,0.717,NA
292,97,double-letters,lexicase,FALSE,10,elitize_generation_data,291,35,0.675,NA
293,97,double-letters,lexicase,FALSE,10,elitize_generation_data,292,39,0.705,NA
294,97,double-letters,lexicase,FALSE,10,elitize_generation_data,293,39,0.691,NA
295,97,double-letters,lexicase,FALSE,10,elitize_generation_data,294,37,0.702,NA
296,97,double-letters,lexicase,FALSE,10,elitize_generation_data,295,35,0.707,NA
297,97,double-letters,lexicase,FALSE,10,elitize_generation_data,296,27,0.683,NA
298,97,double-letters,lexicase,FALSE,10,elitize_generation_data,297,32,0.686,NA
299,97,double-letters,lexicase,FALSE,10,elitize_generation_data,298,29,0.699,NA
300,97,double-letters,lexicase,FALSE,10,elitize_generation_data,299,36,0.7,NA
301,97,double-letters,lexicase,FALSE,10,elitize_generation_data,300,35,0.704,NA
