,run.num,problem,treatment,succeeded,height,normalization.function,generation,cluster.count,error.diversity,success.generation
1,23,double-letters,lexicase,FALSE,10,elitize_generation_data,0,6,0.376,NA
2,23,double-letters,lexicase,FALSE,10,elitize_generation_data,1,6,0.065,NA
3,23,double-letters,lexicase,FALSE,10,elitize_generation_data,2,10,0.096,NA
4,23,double-letters,lexicase,FALSE,10,elitize_generation_data,3,11,0.185,NA
5,23,double-letters,lexicase,FALSE,10,elitize_generation_data,4,14,0.219,NA
6,23,double-letters,lexicase,FALSE,10,elitize_generation_data,5,18,0.259,NA
7,23,double-letters,lexicase,FALSE,10,elitize_generation_data,6,31,0.312,NA
8,23,double-letters,lexicase,FALSE,10,elitize_generation_data,7,35,0.325,NA
9,23,double-letters,lexicase,FALSE,10,elitize_generation_data,8,52,0.377,NA
10,23,double-letters,lexicase,FALSE,10,elitize_generation_data,9,53,0.417,NA
11,23,double-letters,lexicase,FALSE,10,elitize_generation_data,10,62,0.464,NA
12,23,double-letters,lexicase,FALSE,10,elitize_generation_data,11,66,0.458,NA
13,23,double-letters,lexicase,FALSE,10,elitize_generation_data,12,79,0.494,NA
14,23,double-letters,lexicase,FALSE,10,elitize_generation_data,13,90,0.516,NA
15,23,double-letters,lexicase,FALSE,10,elitize_generation_data,14,88,0.506,NA
16,23,double-letters,lexicase,FALSE,10,elitize_generation_data,15,88,0.519,NA
17,23,double-letters,lexicase,FALSE,10,elitize_generation_data,16,94,0.544,NA
18,23,double-letters,lexicase,FALSE,10,elitize_generation_data,17,99,0.56,NA
19,23,double-letters,lexicase,FALSE,10,elitize_generation_data,18,107,0.576,NA
20,23,double-letters,lexicase,FALSE,10,elitize_generation_data,19,97,0.573,NA
21,23,double-letters,lexicase,FALSE,10,elitize_generation_data,20,101,0.586,NA
22,23,double-letters,lexicase,FALSE,10,elitize_generation_data,21,104,0.6,NA
23,23,double-letters,lexicase,FALSE,10,elitize_generation_data,22,107,0.593,NA
24,23,double-letters,lexicase,FALSE,10,elitize_generation_data,23,107,0.598,NA
25,23,double-letters,lexicase,FALSE,10,elitize_generation_data,24,109,0.599,NA
26,23,double-letters,lexicase,FALSE,10,elitize_generation_data,25,99,0.595,NA
27,23,double-letters,lexicase,FALSE,10,elitize_generation_data,26,117,0.595,NA
28,23,double-letters,lexicase,FALSE,10,elitize_generation_data,27,119,0.578,NA
29,23,double-letters,lexicase,FALSE,10,elitize_generation_data,28,123,0.596,NA
30,23,double-letters,lexicase,FALSE,10,elitize_generation_data,29,112,0.641,NA
31,23,double-letters,lexicase,FALSE,10,elitize_generation_data,30,126,0.631,NA
32,23,double-letters,lexicase,FALSE,10,elitize_generation_data,31,123,0.623,NA
33,23,double-letters,lexicase,FALSE,10,elitize_generation_data,32,127,0.65,NA
34,23,double-letters,lexicase,FALSE,10,elitize_generation_data,33,131,0.67,NA
35,23,double-letters,lexicase,FALSE,10,elitize_generation_data,34,135,0.658,NA
36,23,double-letters,lexicase,FALSE,10,elitize_generation_data,35,157,0.686,NA
37,23,double-letters,lexicase,FALSE,10,elitize_generation_data,36,161,0.691,NA
38,23,double-letters,lexicase,FALSE,10,elitize_generation_data,37,162,0.688,NA
39,23,double-letters,lexicase,FALSE,10,elitize_generation_data,38,158,0.679,NA
40,23,double-letters,lexicase,FALSE,10,elitize_generation_data,39,176,0.759,NA
41,23,double-letters,lexicase,FALSE,10,elitize_generation_data,40,179,0.746,NA
42,23,double-letters,lexicase,FALSE,10,elitize_generation_data,41,185,0.709,NA
43,23,double-letters,lexicase,FALSE,10,elitize_generation_data,42,167,0.712,NA
44,23,double-letters,lexicase,FALSE,10,elitize_generation_data,43,174,0.705,NA
45,23,double-letters,lexicase,FALSE,10,elitize_generation_data,44,178,0.714,NA
46,23,double-letters,lexicase,FALSE,10,elitize_generation_data,45,189,0.729,NA
47,23,double-letters,lexicase,FALSE,10,elitize_generation_data,46,178,0.713,NA
48,23,double-letters,lexicase,FALSE,10,elitize_generation_data,47,172,0.682,NA
49,23,double-letters,lexicase,FALSE,10,elitize_generation_data,48,191,0.726,NA
50,23,double-letters,lexicase,FALSE,10,elitize_generation_data,49,200,0.739,NA
51,23,double-letters,lexicase,FALSE,10,elitize_generation_data,50,192,0.725,NA
52,23,double-letters,lexicase,FALSE,10,elitize_generation_data,51,189,0.727,NA
53,23,double-letters,lexicase,FALSE,10,elitize_generation_data,52,191,0.723,NA
54,23,double-letters,lexicase,FALSE,10,elitize_generation_data,53,208,0.756,NA
55,23,double-letters,lexicase,FALSE,10,elitize_generation_data,54,214,0.776,NA
56,23,double-letters,lexicase,FALSE,10,elitize_generation_data,55,208,0.758,NA
57,23,double-letters,lexicase,FALSE,10,elitize_generation_data,56,208,0.744,NA
58,23,double-letters,lexicase,FALSE,10,elitize_generation_data,57,222,0.736,NA
59,23,double-letters,lexicase,FALSE,10,elitize_generation_data,58,199,0.755,NA
60,23,double-letters,lexicase,FALSE,10,elitize_generation_data,59,200,0.771,NA
61,23,double-letters,lexicase,FALSE,10,elitize_generation_data,60,215,0.745,NA
62,23,double-letters,lexicase,FALSE,10,elitize_generation_data,61,215,0.765,NA
63,23,double-letters,lexicase,FALSE,10,elitize_generation_data,62,224,0.782,NA
64,23,double-letters,lexicase,FALSE,10,elitize_generation_data,63,218,0.767,NA
65,23,double-letters,lexicase,FALSE,10,elitize_generation_data,64,240,0.768,NA
66,23,double-letters,lexicase,FALSE,10,elitize_generation_data,65,225,0.774,NA
67,23,double-letters,lexicase,FALSE,10,elitize_generation_data,66,217,0.8,NA
68,23,double-letters,lexicase,FALSE,10,elitize_generation_data,67,231,0.809,NA
69,23,double-letters,lexicase,FALSE,10,elitize_generation_data,68,208,0.781,NA
70,23,double-letters,lexicase,FALSE,10,elitize_generation_data,69,214,0.763,NA
71,23,double-letters,lexicase,FALSE,10,elitize_generation_data,70,220,0.782,NA
72,23,double-letters,lexicase,FALSE,10,elitize_generation_data,71,209,0.795,NA
73,23,double-letters,lexicase,FALSE,10,elitize_generation_data,72,225,0.827,NA
74,23,double-letters,lexicase,FALSE,10,elitize_generation_data,73,220,0.82,NA
75,23,double-letters,lexicase,FALSE,10,elitize_generation_data,74,214,0.795,NA
76,23,double-letters,lexicase,FALSE,10,elitize_generation_data,75,212,0.776,NA
77,23,double-letters,lexicase,FALSE,10,elitize_generation_data,76,212,0.835,NA
78,23,double-letters,lexicase,FALSE,10,elitize_generation_data,77,230,0.807,NA
79,23,double-letters,lexicase,FALSE,10,elitize_generation_data,78,221,0.829,NA
80,23,double-letters,lexicase,FALSE,10,elitize_generation_data,79,209,0.802,NA
81,23,double-letters,lexicase,FALSE,10,elitize_generation_data,80,208,0.794,NA
82,23,double-letters,lexicase,FALSE,10,elitize_generation_data,81,209,0.812,NA
83,23,double-letters,lexicase,FALSE,10,elitize_generation_data,82,206,0.826,NA
84,23,double-letters,lexicase,FALSE,10,elitize_generation_data,83,224,0.837,NA
85,23,double-letters,lexicase,FALSE,10,elitize_generation_data,84,230,0.828,NA
86,23,double-letters,lexicase,FALSE,10,elitize_generation_data,85,223,0.822,NA
87,23,double-letters,lexicase,FALSE,10,elitize_generation_data,86,232,0.844,NA
88,23,double-letters,lexicase,FALSE,10,elitize_generation_data,87,229,0.82,NA
89,23,double-letters,lexicase,FALSE,10,elitize_generation_data,88,245,0.853,NA
90,23,double-letters,lexicase,FALSE,10,elitize_generation_data,89,230,0.841,NA
91,23,double-letters,lexicase,FALSE,10,elitize_generation_data,90,234,0.858,NA
92,23,double-letters,lexicase,FALSE,10,elitize_generation_data,91,211,0.852,NA
93,23,double-letters,lexicase,FALSE,10,elitize_generation_data,92,225,0.817,NA
94,23,double-letters,lexicase,FALSE,10,elitize_generation_data,93,222,0.85,NA
95,23,double-letters,lexicase,FALSE,10,elitize_generation_data,94,214,0.834,NA
96,23,double-letters,lexicase,FALSE,10,elitize_generation_data,95,215,0.841,NA
97,23,double-letters,lexicase,FALSE,10,elitize_generation_data,96,225,0.856,NA
98,23,double-letters,lexicase,FALSE,10,elitize_generation_data,97,250,0.857,NA
99,23,double-letters,lexicase,FALSE,10,elitize_generation_data,98,240,0.88,NA
100,23,double-letters,lexicase,FALSE,10,elitize_generation_data,99,238,0.853,NA
101,23,double-letters,lexicase,FALSE,10,elitize_generation_data,100,226,0.877,NA
102,23,double-letters,lexicase,FALSE,10,elitize_generation_data,101,245,0.879,NA
103,23,double-letters,lexicase,FALSE,10,elitize_generation_data,102,249,0.863,NA
104,23,double-letters,lexicase,FALSE,10,elitize_generation_data,103,251,0.875,NA
105,23,double-letters,lexicase,FALSE,10,elitize_generation_data,104,256,0.883,NA
106,23,double-letters,lexicase,FALSE,10,elitize_generation_data,105,257,0.871,NA
107,23,double-letters,lexicase,FALSE,10,elitize_generation_data,106,224,0.863,NA
108,23,double-letters,lexicase,FALSE,10,elitize_generation_data,107,235,0.874,NA
109,23,double-letters,lexicase,FALSE,10,elitize_generation_data,108,243,0.866,NA
110,23,double-letters,lexicase,FALSE,10,elitize_generation_data,109,228,0.857,NA
111,23,double-letters,lexicase,FALSE,10,elitize_generation_data,110,200,0.865,NA
112,23,double-letters,lexicase,FALSE,10,elitize_generation_data,111,155,0.85,NA
113,23,double-letters,lexicase,FALSE,10,elitize_generation_data,112,111,0.795,NA
114,23,double-letters,lexicase,FALSE,10,elitize_generation_data,113,118,0.744,NA
115,23,double-letters,lexicase,FALSE,10,elitize_generation_data,114,115,0.737,NA
116,23,double-letters,lexicase,FALSE,10,elitize_generation_data,115,95,0.763,NA
117,23,double-letters,lexicase,FALSE,10,elitize_generation_data,116,81,0.753,NA
118,23,double-letters,lexicase,FALSE,10,elitize_generation_data,117,61,0.709,NA
119,23,double-letters,lexicase,FALSE,10,elitize_generation_data,118,63,0.716,NA
120,23,double-letters,lexicase,FALSE,10,elitize_generation_data,119,64,0.723,NA
121,23,double-letters,lexicase,FALSE,10,elitize_generation_data,120,54,0.727,NA
122,23,double-letters,lexicase,FALSE,10,elitize_generation_data,121,45,0.723,NA
123,23,double-letters,lexicase,FALSE,10,elitize_generation_data,122,52,0.728,NA
124,23,double-letters,lexicase,FALSE,10,elitize_generation_data,123,47,0.734,NA
125,23,double-letters,lexicase,FALSE,10,elitize_generation_data,124,43,0.736,NA
126,23,double-letters,lexicase,FALSE,10,elitize_generation_data,125,41,0.729,NA
127,23,double-letters,lexicase,FALSE,10,elitize_generation_data,126,42,0.698,NA
128,23,double-letters,lexicase,FALSE,10,elitize_generation_data,127,37,0.68,NA
129,23,double-letters,lexicase,FALSE,10,elitize_generation_data,128,32,0.728,NA
130,23,double-letters,lexicase,FALSE,10,elitize_generation_data,129,33,0.72,NA
131,23,double-letters,lexicase,FALSE,10,elitize_generation_data,130,32,0.719,NA
132,23,double-letters,lexicase,FALSE,10,elitize_generation_data,131,34,0.733,NA
133,23,double-letters,lexicase,FALSE,10,elitize_generation_data,132,32,0.699,NA
134,23,double-letters,lexicase,FALSE,10,elitize_generation_data,133,40,0.723,NA
135,23,double-letters,lexicase,FALSE,10,elitize_generation_data,134,30,0.721,NA
136,23,double-letters,lexicase,FALSE,10,elitize_generation_data,135,30,0.7,NA
137,23,double-letters,lexicase,FALSE,10,elitize_generation_data,136,34,0.732,NA
138,23,double-letters,lexicase,FALSE,10,elitize_generation_data,137,35,0.733,NA
139,23,double-letters,lexicase,FALSE,10,elitize_generation_data,138,33,0.739,NA
140,23,double-letters,lexicase,FALSE,10,elitize_generation_data,139,35,0.762,NA
141,23,double-letters,lexicase,FALSE,10,elitize_generation_data,140,28,0.746,NA
142,23,double-letters,lexicase,FALSE,10,elitize_generation_data,141,28,0.773,NA
143,23,double-letters,lexicase,FALSE,10,elitize_generation_data,142,29,0.758,NA
144,23,double-letters,lexicase,FALSE,10,elitize_generation_data,143,26,0.773,NA
145,23,double-letters,lexicase,FALSE,10,elitize_generation_data,144,25,0.781,NA
146,23,double-letters,lexicase,FALSE,10,elitize_generation_data,145,23,0.778,NA
147,23,double-letters,lexicase,FALSE,10,elitize_generation_data,146,25,0.744,NA
148,23,double-letters,lexicase,FALSE,10,elitize_generation_data,147,27,0.773,NA
149,23,double-letters,lexicase,FALSE,10,elitize_generation_data,148,24,0.764,NA
150,23,double-letters,lexicase,FALSE,10,elitize_generation_data,149,25,0.803,NA
151,23,double-letters,lexicase,FALSE,10,elitize_generation_data,150,25,0.764,NA
152,23,double-letters,lexicase,FALSE,10,elitize_generation_data,151,25,0.773,NA
153,23,double-letters,lexicase,FALSE,10,elitize_generation_data,152,24,0.765,NA
154,23,double-letters,lexicase,FALSE,10,elitize_generation_data,153,21,0.746,NA
155,23,double-letters,lexicase,FALSE,10,elitize_generation_data,154,19,0.74,NA
156,23,double-letters,lexicase,FALSE,10,elitize_generation_data,155,22,0.754,NA
157,23,double-letters,lexicase,FALSE,10,elitize_generation_data,156,21,0.742,NA
158,23,double-letters,lexicase,FALSE,10,elitize_generation_data,157,22,0.782,NA
159,23,double-letters,lexicase,FALSE,10,elitize_generation_data,158,20,0.791,NA
160,23,double-letters,lexicase,FALSE,10,elitize_generation_data,159,19,0.775,NA
161,23,double-letters,lexicase,FALSE,10,elitize_generation_data,160,17,0.753,NA
162,23,double-letters,lexicase,FALSE,10,elitize_generation_data,161,15,0.783,NA
163,23,double-letters,lexicase,FALSE,10,elitize_generation_data,162,11,0.76,NA
164,23,double-letters,lexicase,FALSE,10,elitize_generation_data,163,16,0.757,NA
165,23,double-letters,lexicase,FALSE,10,elitize_generation_data,164,13,0.777,NA
166,23,double-letters,lexicase,FALSE,10,elitize_generation_data,165,17,0.801,NA
167,23,double-letters,lexicase,FALSE,10,elitize_generation_data,166,17,0.76,NA
168,23,double-letters,lexicase,FALSE,10,elitize_generation_data,167,15,0.776,NA
169,23,double-letters,lexicase,FALSE,10,elitize_generation_data,168,15,0.818,NA
170,23,double-letters,lexicase,FALSE,10,elitize_generation_data,169,15,0.811,NA
171,23,double-letters,lexicase,FALSE,10,elitize_generation_data,170,12,0.797,NA
172,23,double-letters,lexicase,FALSE,10,elitize_generation_data,171,17,0.779,NA
173,23,double-letters,lexicase,FALSE,10,elitize_generation_data,172,16,0.782,NA
174,23,double-letters,lexicase,FALSE,10,elitize_generation_data,173,15,0.778,NA
175,23,double-letters,lexicase,FALSE,10,elitize_generation_data,174,15,0.807,NA
176,23,double-letters,lexicase,FALSE,10,elitize_generation_data,175,17,0.782,NA
177,23,double-letters,lexicase,FALSE,10,elitize_generation_data,176,12,0.806,NA
178,23,double-letters,lexicase,FALSE,10,elitize_generation_data,177,15,0.791,NA
179,23,double-letters,lexicase,FALSE,10,elitize_generation_data,178,18,0.777,NA
180,23,double-letters,lexicase,FALSE,10,elitize_generation_data,179,14,0.807,NA
181,23,double-letters,lexicase,FALSE,10,elitize_generation_data,180,13,0.813,NA
182,23,double-letters,lexicase,FALSE,10,elitize_generation_data,181,19,0.809,NA
183,23,double-letters,lexicase,FALSE,10,elitize_generation_data,182,17,0.832,NA
184,23,double-letters,lexicase,FALSE,10,elitize_generation_data,183,15,0.814,NA
185,23,double-letters,lexicase,FALSE,10,elitize_generation_data,184,15,0.811,NA
186,23,double-letters,lexicase,FALSE,10,elitize_generation_data,185,14,0.797,NA
187,23,double-letters,lexicase,FALSE,10,elitize_generation_data,186,14,0.795,NA
188,23,double-letters,lexicase,FALSE,10,elitize_generation_data,187,13,0.768,NA
189,23,double-letters,lexicase,FALSE,10,elitize_generation_data,188,13,0.792,NA
190,23,double-letters,lexicase,FALSE,10,elitize_generation_data,189,11,0.766,NA
191,23,double-letters,lexicase,FALSE,10,elitize_generation_data,190,12,0.787,NA
192,23,double-letters,lexicase,FALSE,10,elitize_generation_data,191,12,0.776,NA
193,23,double-letters,lexicase,FALSE,10,elitize_generation_data,192,10,0.791,NA
194,23,double-letters,lexicase,FALSE,10,elitize_generation_data,193,8,0.747,NA
195,23,double-letters,lexicase,FALSE,10,elitize_generation_data,194,8,0.754,NA
196,23,double-letters,lexicase,FALSE,10,elitize_generation_data,195,9,0.749,NA
197,23,double-letters,lexicase,FALSE,10,elitize_generation_data,196,11,0.761,NA
198,23,double-letters,lexicase,FALSE,10,elitize_generation_data,197,11,0.748,NA
199,23,double-letters,lexicase,FALSE,10,elitize_generation_data,198,10,0.795,NA
200,23,double-letters,lexicase,FALSE,10,elitize_generation_data,199,7,0.784,NA
201,23,double-letters,lexicase,FALSE,10,elitize_generation_data,200,9,0.778,NA
202,23,double-letters,lexicase,FALSE,10,elitize_generation_data,201,9,0.785,NA
203,23,double-letters,lexicase,FALSE,10,elitize_generation_data,202,8,0.767,NA
204,23,double-letters,lexicase,FALSE,10,elitize_generation_data,203,11,0.801,NA
205,23,double-letters,lexicase,FALSE,10,elitize_generation_data,204,9,0.804,NA
206,23,double-letters,lexicase,FALSE,10,elitize_generation_data,205,10,0.739,NA
207,23,double-letters,lexicase,FALSE,10,elitize_generation_data,206,14,0.807,NA
208,23,double-letters,lexicase,FALSE,10,elitize_generation_data,207,20,0.766,NA
209,23,double-letters,lexicase,FALSE,10,elitize_generation_data,208,22,0.74,NA
210,23,double-letters,lexicase,FALSE,10,elitize_generation_data,209,37,0.771,NA
211,23,double-letters,lexicase,FALSE,10,elitize_generation_data,210,39,0.775,NA
212,23,double-letters,lexicase,FALSE,10,elitize_generation_data,211,40,0.777,NA
213,23,double-letters,lexicase,FALSE,10,elitize_generation_data,212,38,0.794,NA
214,23,double-letters,lexicase,FALSE,10,elitize_generation_data,213,42,0.772,NA
215,23,double-letters,lexicase,FALSE,10,elitize_generation_data,214,41,0.776,NA
216,23,double-letters,lexicase,FALSE,10,elitize_generation_data,215,40,0.748,NA
217,23,double-letters,lexicase,FALSE,10,elitize_generation_data,216,45,0.766,NA
218,23,double-letters,lexicase,FALSE,10,elitize_generation_data,217,41,0.765,NA
219,23,double-letters,lexicase,FALSE,10,elitize_generation_data,218,55,0.794,NA
220,23,double-letters,lexicase,FALSE,10,elitize_generation_data,219,47,0.758,NA
221,23,double-letters,lexicase,FALSE,10,elitize_generation_data,220,52,0.795,NA
222,23,double-letters,lexicase,FALSE,10,elitize_generation_data,221,45,0.767,NA
223,23,double-letters,lexicase,FALSE,10,elitize_generation_data,222,46,0.764,NA
224,23,double-letters,lexicase,FALSE,10,elitize_generation_data,223,49,0.777,NA
225,23,double-letters,lexicase,FALSE,10,elitize_generation_data,224,54,0.813,NA
226,23,double-letters,lexicase,FALSE,10,elitize_generation_data,225,53,0.77,NA
227,23,double-letters,lexicase,FALSE,10,elitize_generation_data,226,47,0.8,NA
228,23,double-letters,lexicase,FALSE,10,elitize_generation_data,227,52,0.801,NA
229,23,double-letters,lexicase,FALSE,10,elitize_generation_data,228,43,0.798,NA
230,23,double-letters,lexicase,FALSE,10,elitize_generation_data,229,49,0.791,NA
231,23,double-letters,lexicase,FALSE,10,elitize_generation_data,230,49,0.792,NA
232,23,double-letters,lexicase,FALSE,10,elitize_generation_data,231,52,0.803,NA
233,23,double-letters,lexicase,FALSE,10,elitize_generation_data,232,51,0.814,NA
234,23,double-letters,lexicase,FALSE,10,elitize_generation_data,233,59,0.813,NA
235,23,double-letters,lexicase,FALSE,10,elitize_generation_data,234,49,0.793,NA
236,23,double-letters,lexicase,FALSE,10,elitize_generation_data,235,46,0.794,NA
237,23,double-letters,lexicase,FALSE,10,elitize_generation_data,236,42,0.804,NA
238,23,double-letters,lexicase,FALSE,10,elitize_generation_data,237,41,0.81,NA
239,23,double-letters,lexicase,FALSE,10,elitize_generation_data,238,48,0.822,NA
240,23,double-letters,lexicase,FALSE,10,elitize_generation_data,239,49,0.783,NA
241,23,double-letters,lexicase,FALSE,10,elitize_generation_data,240,50,0.796,NA
242,23,double-letters,lexicase,FALSE,10,elitize_generation_data,241,46,0.796,NA
243,23,double-letters,lexicase,FALSE,10,elitize_generation_data,242,58,0.795,NA
244,23,double-letters,lexicase,FALSE,10,elitize_generation_data,243,58,0.801,NA
245,23,double-letters,lexicase,FALSE,10,elitize_generation_data,244,53,0.809,NA
246,23,double-letters,lexicase,FALSE,10,elitize_generation_data,245,51,0.803,NA
247,23,double-letters,lexicase,FALSE,10,elitize_generation_data,246,49,0.805,NA
248,23,double-letters,lexicase,FALSE,10,elitize_generation_data,247,55,0.814,NA
249,23,double-letters,lexicase,FALSE,10,elitize_generation_data,248,59,0.809,NA
250,23,double-letters,lexicase,FALSE,10,elitize_generation_data,249,57,0.806,NA
251,23,double-letters,lexicase,FALSE,10,elitize_generation_data,250,62,0.785,NA
252,23,double-letters,lexicase,FALSE,10,elitize_generation_data,251,55,0.789,NA
253,23,double-letters,lexicase,FALSE,10,elitize_generation_data,252,59,0.792,NA
254,23,double-letters,lexicase,FALSE,10,elitize_generation_data,253,57,0.787,NA
255,23,double-letters,lexicase,FALSE,10,elitize_generation_data,254,57,0.783,NA
256,23,double-letters,lexicase,FALSE,10,elitize_generation_data,255,58,0.805,NA
257,23,double-letters,lexicase,FALSE,10,elitize_generation_data,256,68,0.815,NA
258,23,double-letters,lexicase,FALSE,10,elitize_generation_data,257,53,0.784,NA
259,23,double-letters,lexicase,FALSE,10,elitize_generation_data,258,51,0.794,NA
260,23,double-letters,lexicase,FALSE,10,elitize_generation_data,259,48,0.797,NA
261,23,double-letters,lexicase,FALSE,10,elitize_generation_data,260,47,0.773,NA
262,23,double-letters,lexicase,FALSE,10,elitize_generation_data,261,44,0.772,NA
263,23,double-letters,lexicase,FALSE,10,elitize_generation_data,262,58,0.778,NA
264,23,double-letters,lexicase,FALSE,10,elitize_generation_data,263,56,0.795,NA
265,23,double-letters,lexicase,FALSE,10,elitize_generation_data,264,50,0.782,NA
266,23,double-letters,lexicase,FALSE,10,elitize_generation_data,265,54,0.802,NA
267,23,double-letters,lexicase,FALSE,10,elitize_generation_data,266,50,0.795,NA
268,23,double-letters,lexicase,FALSE,10,elitize_generation_data,267,45,0.78,NA
269,23,double-letters,lexicase,FALSE,10,elitize_generation_data,268,63,0.779,NA
270,23,double-letters,lexicase,FALSE,10,elitize_generation_data,269,55,0.796,NA
271,23,double-letters,lexicase,FALSE,10,elitize_generation_data,270,58,0.801,NA
272,23,double-letters,lexicase,FALSE,10,elitize_generation_data,271,63,0.811,NA
273,23,double-letters,lexicase,FALSE,10,elitize_generation_data,272,51,0.795,NA
274,23,double-letters,lexicase,FALSE,10,elitize_generation_data,273,53,0.826,NA
275,23,double-letters,lexicase,FALSE,10,elitize_generation_data,274,49,0.796,NA
276,23,double-letters,lexicase,FALSE,10,elitize_generation_data,275,51,0.82,NA
277,23,double-letters,lexicase,FALSE,10,elitize_generation_data,276,46,0.797,NA
278,23,double-letters,lexicase,FALSE,10,elitize_generation_data,277,43,0.775,NA
279,23,double-letters,lexicase,FALSE,10,elitize_generation_data,278,50,0.796,NA
280,23,double-letters,lexicase,FALSE,10,elitize_generation_data,279,43,0.8,NA
281,23,double-letters,lexicase,FALSE,10,elitize_generation_data,280,54,0.793,NA
282,23,double-letters,lexicase,FALSE,10,elitize_generation_data,281,54,0.795,NA
283,23,double-letters,lexicase,FALSE,10,elitize_generation_data,282,53,0.795,NA
284,23,double-letters,lexicase,FALSE,10,elitize_generation_data,283,55,0.783,NA
285,23,double-letters,lexicase,FALSE,10,elitize_generation_data,284,51,0.8,NA
286,23,double-letters,lexicase,FALSE,10,elitize_generation_data,285,58,0.798,NA
287,23,double-letters,lexicase,FALSE,10,elitize_generation_data,286,54,0.8,NA
288,23,double-letters,lexicase,FALSE,10,elitize_generation_data,287,47,0.81,NA
289,23,double-letters,lexicase,FALSE,10,elitize_generation_data,288,51,0.795,NA
290,23,double-letters,lexicase,FALSE,10,elitize_generation_data,289,50,0.807,NA
291,23,double-letters,lexicase,FALSE,10,elitize_generation_data,290,52,0.812,NA
292,23,double-letters,lexicase,FALSE,10,elitize_generation_data,291,45,0.801,NA
293,23,double-letters,lexicase,FALSE,10,elitize_generation_data,292,51,0.803,NA
294,23,double-letters,lexicase,FALSE,10,elitize_generation_data,293,52,0.826,NA
295,23,double-letters,lexicase,FALSE,10,elitize_generation_data,294,50,0.804,NA
296,23,double-letters,lexicase,FALSE,10,elitize_generation_data,295,47,0.817,NA
297,23,double-letters,lexicase,FALSE,10,elitize_generation_data,296,51,0.82,NA
298,23,double-letters,lexicase,FALSE,10,elitize_generation_data,297,45,0.802,NA
299,23,double-letters,lexicase,FALSE,10,elitize_generation_data,298,46,0.813,NA
300,23,double-letters,lexicase,FALSE,10,elitize_generation_data,299,51,0.83,NA
301,23,double-letters,lexicase,FALSE,10,elitize_generation_data,300,49,0.799,NA
