,run.num,problem,treatment,succeeded,height,normalization.function,generation,cluster.count,error.diversity,success.generation
1,21,double-letters,lexicase,FALSE,10,elitize_generation_data,0,4,0.385,NA
2,21,double-letters,lexicase,FALSE,10,elitize_generation_data,1,9,0.072,NA
3,21,double-letters,lexicase,FALSE,10,elitize_generation_data,2,12,0.083,NA
4,21,double-letters,lexicase,FALSE,10,elitize_generation_data,3,16,0.12,NA
5,21,double-letters,lexicase,FALSE,10,elitize_generation_data,4,11,0.189,NA
6,21,double-letters,lexicase,FALSE,10,elitize_generation_data,5,16,0.207,NA
7,21,double-letters,lexicase,FALSE,10,elitize_generation_data,6,27,0.271,NA
8,21,double-letters,lexicase,FALSE,10,elitize_generation_data,7,28,0.295,NA
9,21,double-letters,lexicase,FALSE,10,elitize_generation_data,8,30,0.336,NA
10,21,double-letters,lexicase,FALSE,10,elitize_generation_data,9,47,0.408,NA
11,21,double-letters,lexicase,FALSE,10,elitize_generation_data,10,36,0.443,NA
12,21,double-letters,lexicase,FALSE,10,elitize_generation_data,11,51,0.425,NA
13,21,double-letters,lexicase,FALSE,10,elitize_generation_data,12,65,0.454,NA
14,21,double-letters,lexicase,FALSE,10,elitize_generation_data,13,79,0.475,NA
15,21,double-letters,lexicase,FALSE,10,elitize_generation_data,14,83,0.444,NA
16,21,double-letters,lexicase,FALSE,10,elitize_generation_data,15,82,0.501,NA
17,21,double-letters,lexicase,FALSE,10,elitize_generation_data,16,85,0.533,NA
18,21,double-letters,lexicase,FALSE,10,elitize_generation_data,17,104,0.527,NA
19,21,double-letters,lexicase,FALSE,10,elitize_generation_data,18,109,0.555,NA
20,21,double-letters,lexicase,FALSE,10,elitize_generation_data,19,116,0.513,NA
21,21,double-letters,lexicase,FALSE,10,elitize_generation_data,20,124,0.516,NA
22,21,double-letters,lexicase,FALSE,10,elitize_generation_data,21,124,0.557,NA
23,21,double-letters,lexicase,FALSE,10,elitize_generation_data,22,157,0.581,NA
24,21,double-letters,lexicase,FALSE,10,elitize_generation_data,23,184,0.634,NA
25,21,double-letters,lexicase,FALSE,10,elitize_generation_data,24,194,0.613,NA
26,21,double-letters,lexicase,FALSE,10,elitize_generation_data,25,197,0.676,NA
27,21,double-letters,lexicase,FALSE,10,elitize_generation_data,26,203,0.692,NA
28,21,double-letters,lexicase,FALSE,10,elitize_generation_data,27,167,0.703,NA
29,21,double-letters,lexicase,FALSE,10,elitize_generation_data,28,119,0.677,NA
30,21,double-letters,lexicase,FALSE,10,elitize_generation_data,29,117,0.72,NA
31,21,double-letters,lexicase,FALSE,10,elitize_generation_data,30,60,0.671,NA
32,21,double-letters,lexicase,FALSE,10,elitize_generation_data,31,31,0.683,NA
33,21,double-letters,lexicase,FALSE,10,elitize_generation_data,32,26,0.717,NA
34,21,double-letters,lexicase,FALSE,10,elitize_generation_data,33,29,0.69,NA
35,21,double-letters,lexicase,FALSE,10,elitize_generation_data,34,29,0.709,NA
36,21,double-letters,lexicase,FALSE,10,elitize_generation_data,35,27,0.708,NA
37,21,double-letters,lexicase,FALSE,10,elitize_generation_data,36,23,0.707,NA
38,21,double-letters,lexicase,FALSE,10,elitize_generation_data,37,16,0.707,NA
39,21,double-letters,lexicase,FALSE,10,elitize_generation_data,38,17,0.759,NA
40,21,double-letters,lexicase,FALSE,10,elitize_generation_data,39,14,0.778,NA
41,21,double-letters,lexicase,FALSE,10,elitize_generation_data,40,14,0.787,NA
42,21,double-letters,lexicase,FALSE,10,elitize_generation_data,41,11,0.795,NA
43,21,double-letters,lexicase,FALSE,10,elitize_generation_data,42,12,0.818,NA
44,21,double-letters,lexicase,FALSE,10,elitize_generation_data,43,17,0.799,NA
45,21,double-letters,lexicase,FALSE,10,elitize_generation_data,44,16,0.794,NA
46,21,double-letters,lexicase,FALSE,10,elitize_generation_data,45,18,0.801,NA
47,21,double-letters,lexicase,FALSE,10,elitize_generation_data,46,15,0.778,NA
48,21,double-letters,lexicase,FALSE,10,elitize_generation_data,47,20,0.809,NA
49,21,double-letters,lexicase,FALSE,10,elitize_generation_data,48,17,0.787,NA
50,21,double-letters,lexicase,FALSE,10,elitize_generation_data,49,20,0.819,NA
51,21,double-letters,lexicase,FALSE,10,elitize_generation_data,50,18,0.78,NA
52,21,double-letters,lexicase,FALSE,10,elitize_generation_data,51,20,0.815,NA
53,21,double-letters,lexicase,FALSE,10,elitize_generation_data,52,17,0.821,NA
54,21,double-letters,lexicase,FALSE,10,elitize_generation_data,53,18,0.811,NA
55,21,double-letters,lexicase,FALSE,10,elitize_generation_data,54,20,0.794,NA
56,21,double-letters,lexicase,FALSE,10,elitize_generation_data,55,16,0.772,NA
57,21,double-letters,lexicase,FALSE,10,elitize_generation_data,56,18,0.811,NA
58,21,double-letters,lexicase,FALSE,10,elitize_generation_data,57,20,0.818,NA
59,21,double-letters,lexicase,FALSE,10,elitize_generation_data,58,20,0.826,NA
60,21,double-letters,lexicase,FALSE,10,elitize_generation_data,59,19,0.809,NA
61,21,double-letters,lexicase,FALSE,10,elitize_generation_data,60,20,0.837,NA
62,21,double-letters,lexicase,FALSE,10,elitize_generation_data,61,17,0.795,NA
63,21,double-letters,lexicase,FALSE,10,elitize_generation_data,62,21,0.842,NA
64,21,double-letters,lexicase,FALSE,10,elitize_generation_data,63,21,0.815,NA
65,21,double-letters,lexicase,FALSE,10,elitize_generation_data,64,20,0.814,NA
66,21,double-letters,lexicase,FALSE,10,elitize_generation_data,65,23,0.821,NA
67,21,double-letters,lexicase,FALSE,10,elitize_generation_data,66,18,0.819,NA
68,21,double-letters,lexicase,FALSE,10,elitize_generation_data,67,17,0.774,NA
69,21,double-letters,lexicase,FALSE,10,elitize_generation_data,68,20,0.768,NA
70,21,double-letters,lexicase,FALSE,10,elitize_generation_data,69,24,0.776,NA
71,21,double-letters,lexicase,FALSE,10,elitize_generation_data,70,25,0.791,NA
72,21,double-letters,lexicase,FALSE,10,elitize_generation_data,71,22,0.786,NA
73,21,double-letters,lexicase,FALSE,10,elitize_generation_data,72,20,0.77,NA
74,21,double-letters,lexicase,FALSE,10,elitize_generation_data,73,23,0.607,NA
75,21,double-letters,lexicase,FALSE,10,elitize_generation_data,74,36,0.561,NA
76,21,double-letters,lexicase,FALSE,10,elitize_generation_data,75,37,0.56,NA
77,21,double-letters,lexicase,FALSE,10,elitize_generation_data,76,35,0.571,NA
78,21,double-letters,lexicase,FALSE,10,elitize_generation_data,77,37,0.595,NA
79,21,double-letters,lexicase,FALSE,10,elitize_generation_data,78,42,0.609,NA
80,21,double-letters,lexicase,FALSE,10,elitize_generation_data,79,38,0.584,NA
81,21,double-letters,lexicase,FALSE,10,elitize_generation_data,80,44,0.615,NA
82,21,double-letters,lexicase,FALSE,10,elitize_generation_data,81,41,0.643,NA
83,21,double-letters,lexicase,FALSE,10,elitize_generation_data,82,35,0.633,NA
84,21,double-letters,lexicase,FALSE,10,elitize_generation_data,83,40,0.63,NA
85,21,double-letters,lexicase,FALSE,10,elitize_generation_data,84,35,0.647,NA
86,21,double-letters,lexicase,FALSE,10,elitize_generation_data,85,43,0.656,NA
87,21,double-letters,lexicase,FALSE,10,elitize_generation_data,86,48,0.636,NA
88,21,double-letters,lexicase,FALSE,10,elitize_generation_data,87,43,0.656,NA
89,21,double-letters,lexicase,FALSE,10,elitize_generation_data,88,42,0.713,NA
90,21,double-letters,lexicase,FALSE,10,elitize_generation_data,89,42,0.689,NA
91,21,double-letters,lexicase,FALSE,10,elitize_generation_data,90,42,0.69,NA
92,21,double-letters,lexicase,FALSE,10,elitize_generation_data,91,38,0.723,NA
93,21,double-letters,lexicase,FALSE,10,elitize_generation_data,92,33,0.692,NA
94,21,double-letters,lexicase,FALSE,10,elitize_generation_data,93,31,0.69,NA
95,21,double-letters,lexicase,FALSE,10,elitize_generation_data,94,39,0.714,NA
96,21,double-letters,lexicase,FALSE,10,elitize_generation_data,95,36,0.716,NA
97,21,double-letters,lexicase,FALSE,10,elitize_generation_data,96,29,0.681,NA
98,21,double-letters,lexicase,FALSE,10,elitize_generation_data,97,30,0.7,NA
99,21,double-letters,lexicase,FALSE,10,elitize_generation_data,98,27,0.732,NA
100,21,double-letters,lexicase,FALSE,10,elitize_generation_data,99,30,0.749,NA
101,21,double-letters,lexicase,FALSE,10,elitize_generation_data,100,36,0.775,NA
102,21,double-letters,lexicase,FALSE,10,elitize_generation_data,101,38,0.723,NA
103,21,double-letters,lexicase,FALSE,10,elitize_generation_data,102,42,0.744,NA
104,21,double-letters,lexicase,FALSE,10,elitize_generation_data,103,31,0.751,NA
105,21,double-letters,lexicase,FALSE,10,elitize_generation_data,104,39,0.791,NA
106,21,double-letters,lexicase,FALSE,10,elitize_generation_data,105,47,0.775,NA
107,21,double-letters,lexicase,FALSE,10,elitize_generation_data,106,43,0.742,NA
108,21,double-letters,lexicase,FALSE,10,elitize_generation_data,107,43,0.797,NA
109,21,double-letters,lexicase,FALSE,10,elitize_generation_data,108,42,0.803,NA
110,21,double-letters,lexicase,FALSE,10,elitize_generation_data,109,45,0.801,NA
111,21,double-letters,lexicase,FALSE,10,elitize_generation_data,110,51,0.803,NA
112,21,double-letters,lexicase,FALSE,10,elitize_generation_data,111,44,0.805,NA
113,21,double-letters,lexicase,FALSE,10,elitize_generation_data,112,49,0.8,NA
114,21,double-letters,lexicase,FALSE,10,elitize_generation_data,113,41,0.769,NA
115,21,double-letters,lexicase,FALSE,10,elitize_generation_data,114,43,0.801,NA
116,21,double-letters,lexicase,FALSE,10,elitize_generation_data,115,48,0.807,NA
117,21,double-letters,lexicase,FALSE,10,elitize_generation_data,116,53,0.786,NA
118,21,double-letters,lexicase,FALSE,10,elitize_generation_data,117,50,0.782,NA
119,21,double-letters,lexicase,FALSE,10,elitize_generation_data,118,49,0.79,NA
120,21,double-letters,lexicase,FALSE,10,elitize_generation_data,119,49,0.812,NA
121,21,double-letters,lexicase,FALSE,10,elitize_generation_data,120,52,0.81,NA
122,21,double-letters,lexicase,FALSE,10,elitize_generation_data,121,46,0.817,NA
123,21,double-letters,lexicase,FALSE,10,elitize_generation_data,122,42,0.8,NA
124,21,double-letters,lexicase,FALSE,10,elitize_generation_data,123,48,0.825,NA
125,21,double-letters,lexicase,FALSE,10,elitize_generation_data,124,40,0.809,NA
126,21,double-letters,lexicase,FALSE,10,elitize_generation_data,125,38,0.789,NA
127,21,double-letters,lexicase,FALSE,10,elitize_generation_data,126,48,0.806,NA
128,21,double-letters,lexicase,FALSE,10,elitize_generation_data,127,50,0.854,NA
129,21,double-letters,lexicase,FALSE,10,elitize_generation_data,128,47,0.795,NA
130,21,double-letters,lexicase,FALSE,10,elitize_generation_data,129,37,0.786,NA
131,21,double-letters,lexicase,FALSE,10,elitize_generation_data,130,42,0.803,NA
132,21,double-letters,lexicase,FALSE,10,elitize_generation_data,131,39,0.824,NA
133,21,double-letters,lexicase,FALSE,10,elitize_generation_data,132,37,0.833,NA
134,21,double-letters,lexicase,FALSE,10,elitize_generation_data,133,41,0.817,NA
135,21,double-letters,lexicase,FALSE,10,elitize_generation_data,134,32,0.82,NA
136,21,double-letters,lexicase,FALSE,10,elitize_generation_data,135,47,0.826,NA
137,21,double-letters,lexicase,FALSE,10,elitize_generation_data,136,45,0.815,NA
138,21,double-letters,lexicase,FALSE,10,elitize_generation_data,137,42,0.818,NA
139,21,double-letters,lexicase,FALSE,10,elitize_generation_data,138,48,0.837,NA
140,21,double-letters,lexicase,FALSE,10,elitize_generation_data,139,47,0.86,NA
141,21,double-letters,lexicase,FALSE,10,elitize_generation_data,140,42,0.839,NA
142,21,double-letters,lexicase,FALSE,10,elitize_generation_data,141,44,0.84,NA
143,21,double-letters,lexicase,FALSE,10,elitize_generation_data,142,44,0.845,NA
144,21,double-letters,lexicase,FALSE,10,elitize_generation_data,143,46,0.83,NA
145,21,double-letters,lexicase,FALSE,10,elitize_generation_data,144,49,0.844,NA
146,21,double-letters,lexicase,FALSE,10,elitize_generation_data,145,49,0.842,NA
147,21,double-letters,lexicase,FALSE,10,elitize_generation_data,146,44,0.872,NA
148,21,double-letters,lexicase,FALSE,10,elitize_generation_data,147,44,0.831,NA
149,21,double-letters,lexicase,FALSE,10,elitize_generation_data,148,51,0.851,NA
150,21,double-letters,lexicase,FALSE,10,elitize_generation_data,149,55,0.854,NA
151,21,double-letters,lexicase,FALSE,10,elitize_generation_data,150,50,0.857,NA
152,21,double-letters,lexicase,FALSE,10,elitize_generation_data,151,50,0.865,NA
153,21,double-letters,lexicase,FALSE,10,elitize_generation_data,152,53,0.856,NA
154,21,double-letters,lexicase,FALSE,10,elitize_generation_data,153,53,0.856,NA
155,21,double-letters,lexicase,FALSE,10,elitize_generation_data,154,40,0.865,NA
156,21,double-letters,lexicase,FALSE,10,elitize_generation_data,155,38,0.85,NA
157,21,double-letters,lexicase,FALSE,10,elitize_generation_data,156,44,0.866,NA
158,21,double-letters,lexicase,FALSE,10,elitize_generation_data,157,50,0.844,NA
159,21,double-letters,lexicase,FALSE,10,elitize_generation_data,158,49,0.822,NA
160,21,double-letters,lexicase,FALSE,10,elitize_generation_data,159,46,0.841,NA
161,21,double-letters,lexicase,FALSE,10,elitize_generation_data,160,52,0.86,NA
162,21,double-letters,lexicase,FALSE,10,elitize_generation_data,161,42,0.842,NA
163,21,double-letters,lexicase,FALSE,10,elitize_generation_data,162,41,0.868,NA
164,21,double-letters,lexicase,FALSE,10,elitize_generation_data,163,43,0.876,NA
165,21,double-letters,lexicase,FALSE,10,elitize_generation_data,164,44,0.879,NA
166,21,double-letters,lexicase,FALSE,10,elitize_generation_data,165,45,0.872,NA
167,21,double-letters,lexicase,FALSE,10,elitize_generation_data,166,50,0.843,NA
168,21,double-letters,lexicase,FALSE,10,elitize_generation_data,167,44,0.879,NA
169,21,double-letters,lexicase,FALSE,10,elitize_generation_data,168,50,0.872,NA
170,21,double-letters,lexicase,FALSE,10,elitize_generation_data,169,53,0.894,NA
171,21,double-letters,lexicase,FALSE,10,elitize_generation_data,170,55,0.875,NA
172,21,double-letters,lexicase,FALSE,10,elitize_generation_data,171,59,0.88,NA
173,21,double-letters,lexicase,FALSE,10,elitize_generation_data,172,50,0.851,NA
174,21,double-letters,lexicase,FALSE,10,elitize_generation_data,173,52,0.873,NA
175,21,double-letters,lexicase,FALSE,10,elitize_generation_data,174,43,0.865,NA
176,21,double-letters,lexicase,FALSE,10,elitize_generation_data,175,48,0.867,NA
177,21,double-letters,lexicase,FALSE,10,elitize_generation_data,176,49,0.902,NA
178,21,double-letters,lexicase,FALSE,10,elitize_generation_data,177,47,0.873,NA
179,21,double-letters,lexicase,FALSE,10,elitize_generation_data,178,54,0.875,NA
180,21,double-letters,lexicase,FALSE,10,elitize_generation_data,179,48,0.895,NA
181,21,double-letters,lexicase,FALSE,10,elitize_generation_data,180,60,0.885,NA
182,21,double-letters,lexicase,FALSE,10,elitize_generation_data,181,48,0.892,NA
183,21,double-letters,lexicase,FALSE,10,elitize_generation_data,182,53,0.881,NA
184,21,double-letters,lexicase,FALSE,10,elitize_generation_data,183,53,0.889,NA
185,21,double-letters,lexicase,FALSE,10,elitize_generation_data,184,53,0.875,NA
186,21,double-letters,lexicase,FALSE,10,elitize_generation_data,185,44,0.883,NA
187,21,double-letters,lexicase,FALSE,10,elitize_generation_data,186,46,0.887,NA
188,21,double-letters,lexicase,FALSE,10,elitize_generation_data,187,51,0.888,NA
189,21,double-letters,lexicase,FALSE,10,elitize_generation_data,188,62,0.884,NA
190,21,double-letters,lexicase,FALSE,10,elitize_generation_data,189,51,0.914,NA
191,21,double-letters,lexicase,FALSE,10,elitize_generation_data,190,49,0.897,NA
192,21,double-letters,lexicase,FALSE,10,elitize_generation_data,191,51,0.892,NA
193,21,double-letters,lexicase,FALSE,10,elitize_generation_data,192,52,0.879,NA
194,21,double-letters,lexicase,FALSE,10,elitize_generation_data,193,47,0.898,NA
195,21,double-letters,lexicase,FALSE,10,elitize_generation_data,194,50,0.879,NA
196,21,double-letters,lexicase,FALSE,10,elitize_generation_data,195,45,0.894,NA
197,21,double-letters,lexicase,FALSE,10,elitize_generation_data,196,47,0.873,NA
198,21,double-letters,lexicase,FALSE,10,elitize_generation_data,197,57,0.903,NA
199,21,double-letters,lexicase,FALSE,10,elitize_generation_data,198,56,0.894,NA
200,21,double-letters,lexicase,FALSE,10,elitize_generation_data,199,49,0.893,NA
201,21,double-letters,lexicase,FALSE,10,elitize_generation_data,200,55,0.889,NA
202,21,double-letters,lexicase,FALSE,10,elitize_generation_data,201,52,0.892,NA
203,21,double-letters,lexicase,FALSE,10,elitize_generation_data,202,51,0.878,NA
204,21,double-letters,lexicase,FALSE,10,elitize_generation_data,203,59,0.895,NA
205,21,double-letters,lexicase,FALSE,10,elitize_generation_data,204,59,0.876,NA
206,21,double-letters,lexicase,FALSE,10,elitize_generation_data,205,50,0.865,NA
207,21,double-letters,lexicase,FALSE,10,elitize_generation_data,206,55,0.872,NA
208,21,double-letters,lexicase,FALSE,10,elitize_generation_data,207,54,0.889,NA
209,21,double-letters,lexicase,FALSE,10,elitize_generation_data,208,55,0.876,NA
210,21,double-letters,lexicase,FALSE,10,elitize_generation_data,209,57,0.895,NA
211,21,double-letters,lexicase,FALSE,10,elitize_generation_data,210,55,0.887,NA
212,21,double-letters,lexicase,FALSE,10,elitize_generation_data,211,52,0.903,NA
213,21,double-letters,lexicase,FALSE,10,elitize_generation_data,212,60,0.88,NA
214,21,double-letters,lexicase,FALSE,10,elitize_generation_data,213,42,0.907,NA
215,21,double-letters,lexicase,FALSE,10,elitize_generation_data,214,61,0.888,NA
216,21,double-letters,lexicase,FALSE,10,elitize_generation_data,215,54,0.884,NA
217,21,double-letters,lexicase,FALSE,10,elitize_generation_data,216,57,0.914,NA
218,21,double-letters,lexicase,FALSE,10,elitize_generation_data,217,49,0.882,NA
219,21,double-letters,lexicase,FALSE,10,elitize_generation_data,218,51,0.88,NA
220,21,double-letters,lexicase,FALSE,10,elitize_generation_data,219,56,0.89,NA
221,21,double-letters,lexicase,FALSE,10,elitize_generation_data,220,54,0.897,NA
222,21,double-letters,lexicase,FALSE,10,elitize_generation_data,221,52,0.888,NA
223,21,double-letters,lexicase,FALSE,10,elitize_generation_data,222,51,0.892,NA
224,21,double-letters,lexicase,FALSE,10,elitize_generation_data,223,54,0.901,NA
225,21,double-letters,lexicase,FALSE,10,elitize_generation_data,224,51,0.889,NA
226,21,double-letters,lexicase,FALSE,10,elitize_generation_data,225,51,0.896,NA
227,21,double-letters,lexicase,FALSE,10,elitize_generation_data,226,52,0.89,NA
228,21,double-letters,lexicase,FALSE,10,elitize_generation_data,227,57,0.892,NA
229,21,double-letters,lexicase,FALSE,10,elitize_generation_data,228,54,0.891,NA
230,21,double-letters,lexicase,FALSE,10,elitize_generation_data,229,59,0.908,NA
231,21,double-letters,lexicase,FALSE,10,elitize_generation_data,230,52,0.892,NA
232,21,double-letters,lexicase,FALSE,10,elitize_generation_data,231,56,0.916,NA
233,21,double-letters,lexicase,FALSE,10,elitize_generation_data,232,48,0.905,NA
234,21,double-letters,lexicase,FALSE,10,elitize_generation_data,233,49,0.901,NA
235,21,double-letters,lexicase,FALSE,10,elitize_generation_data,234,47,0.91,NA
236,21,double-letters,lexicase,FALSE,10,elitize_generation_data,235,51,0.874,NA
237,21,double-letters,lexicase,FALSE,10,elitize_generation_data,236,53,0.898,NA
238,21,double-letters,lexicase,FALSE,10,elitize_generation_data,237,59,0.91,NA
239,21,double-letters,lexicase,FALSE,10,elitize_generation_data,238,43,0.911,NA
240,21,double-letters,lexicase,FALSE,10,elitize_generation_data,239,50,0.892,NA
241,21,double-letters,lexicase,FALSE,10,elitize_generation_data,240,55,0.906,NA
242,21,double-letters,lexicase,FALSE,10,elitize_generation_data,241,58,0.876,NA
243,21,double-letters,lexicase,FALSE,10,elitize_generation_data,242,67,0.917,NA
244,21,double-letters,lexicase,FALSE,10,elitize_generation_data,243,45,0.895,NA
245,21,double-letters,lexicase,FALSE,10,elitize_generation_data,244,45,0.876,NA
246,21,double-letters,lexicase,FALSE,10,elitize_generation_data,245,55,0.893,NA
247,21,double-letters,lexicase,FALSE,10,elitize_generation_data,246,46,0.909,NA
248,21,double-letters,lexicase,FALSE,10,elitize_generation_data,247,47,0.915,NA
249,21,double-letters,lexicase,FALSE,10,elitize_generation_data,248,49,0.898,NA
250,21,double-letters,lexicase,FALSE,10,elitize_generation_data,249,51,0.905,NA
251,21,double-letters,lexicase,FALSE,10,elitize_generation_data,250,51,0.898,NA
252,21,double-letters,lexicase,FALSE,10,elitize_generation_data,251,58,0.904,NA
253,21,double-letters,lexicase,FALSE,10,elitize_generation_data,252,52,0.906,NA
254,21,double-letters,lexicase,FALSE,10,elitize_generation_data,253,59,0.917,NA
255,21,double-letters,lexicase,FALSE,10,elitize_generation_data,254,53,0.892,NA
256,21,double-letters,lexicase,FALSE,10,elitize_generation_data,255,57,0.906,NA
257,21,double-letters,lexicase,FALSE,10,elitize_generation_data,256,53,0.904,NA
258,21,double-letters,lexicase,FALSE,10,elitize_generation_data,257,53,0.917,NA
259,21,double-letters,lexicase,FALSE,10,elitize_generation_data,258,56,0.898,NA
260,21,double-letters,lexicase,FALSE,10,elitize_generation_data,259,64,0.921,NA
261,21,double-letters,lexicase,FALSE,10,elitize_generation_data,260,53,0.9,NA
262,21,double-letters,lexicase,FALSE,10,elitize_generation_data,261,53,0.918,NA
263,21,double-letters,lexicase,FALSE,10,elitize_generation_data,262,48,0.913,NA
264,21,double-letters,lexicase,FALSE,10,elitize_generation_data,263,48,0.889,NA
265,21,double-letters,lexicase,FALSE,10,elitize_generation_data,264,55,0.911,NA
266,21,double-letters,lexicase,FALSE,10,elitize_generation_data,265,57,0.92,NA
267,21,double-letters,lexicase,FALSE,10,elitize_generation_data,266,66,0.913,NA
268,21,double-letters,lexicase,FALSE,10,elitize_generation_data,267,56,0.92,NA
269,21,double-letters,lexicase,FALSE,10,elitize_generation_data,268,54,0.907,NA
270,21,double-letters,lexicase,FALSE,10,elitize_generation_data,269,59,0.92,NA
271,21,double-letters,lexicase,FALSE,10,elitize_generation_data,270,58,0.897,NA
272,21,double-letters,lexicase,FALSE,10,elitize_generation_data,271,60,0.901,NA
273,21,double-letters,lexicase,FALSE,10,elitize_generation_data,272,51,0.881,NA
274,21,double-letters,lexicase,FALSE,10,elitize_generation_data,273,55,0.906,NA
275,21,double-letters,lexicase,FALSE,10,elitize_generation_data,274,49,0.897,NA
276,21,double-letters,lexicase,FALSE,10,elitize_generation_data,275,49,0.922,NA
277,21,double-letters,lexicase,FALSE,10,elitize_generation_data,276,47,0.918,NA
278,21,double-letters,lexicase,FALSE,10,elitize_generation_data,277,48,0.913,NA
279,21,double-letters,lexicase,FALSE,10,elitize_generation_data,278,60,0.934,NA
280,21,double-letters,lexicase,FALSE,10,elitize_generation_data,279,65,0.892,NA
281,21,double-letters,lexicase,FALSE,10,elitize_generation_data,280,56,0.914,NA
282,21,double-letters,lexicase,FALSE,10,elitize_generation_data,281,58,0.93,NA
283,21,double-letters,lexicase,FALSE,10,elitize_generation_data,282,60,0.915,NA
284,21,double-letters,lexicase,FALSE,10,elitize_generation_data,283,61,0.916,NA
285,21,double-letters,lexicase,FALSE,10,elitize_generation_data,284,55,0.924,NA
286,21,double-letters,lexicase,FALSE,10,elitize_generation_data,285,52,0.9,NA
287,21,double-letters,lexicase,FALSE,10,elitize_generation_data,286,59,0.9,NA
288,21,double-letters,lexicase,FALSE,10,elitize_generation_data,287,57,0.923,NA
289,21,double-letters,lexicase,FALSE,10,elitize_generation_data,288,53,0.907,NA
290,21,double-letters,lexicase,FALSE,10,elitize_generation_data,289,49,0.9,NA
291,21,double-letters,lexicase,FALSE,10,elitize_generation_data,290,55,0.915,NA
292,21,double-letters,lexicase,FALSE,10,elitize_generation_data,291,56,0.904,NA
293,21,double-letters,lexicase,FALSE,10,elitize_generation_data,292,59,0.913,NA
294,21,double-letters,lexicase,FALSE,10,elitize_generation_data,293,59,0.904,NA
295,21,double-letters,lexicase,FALSE,10,elitize_generation_data,294,53,0.917,NA
296,21,double-letters,lexicase,FALSE,10,elitize_generation_data,295,52,0.888,NA
297,21,double-letters,lexicase,FALSE,10,elitize_generation_data,296,65,0.908,NA
298,21,double-letters,lexicase,FALSE,10,elitize_generation_data,297,46,0.912,NA
299,21,double-letters,lexicase,FALSE,10,elitize_generation_data,298,52,0.898,NA
300,21,double-letters,lexicase,FALSE,10,elitize_generation_data,299,53,0.905,NA
301,21,double-letters,lexicase,FALSE,10,elitize_generation_data,300,58,0.906,NA
