,run.num,problem,treatment,succeeded,height,normalization.function,generation,cluster.count,error.diversity,success.generation
1,36,double-letters,lexicase,FALSE,10,elitize_generation_data,0,4,0.349,NA
2,36,double-letters,lexicase,FALSE,10,elitize_generation_data,1,7,0.123,NA
3,36,double-letters,lexicase,FALSE,10,elitize_generation_data,2,10,0.108,NA
4,36,double-letters,lexicase,FALSE,10,elitize_generation_data,3,8,0.125,NA
5,36,double-letters,lexicase,FALSE,10,elitize_generation_data,4,9,0.183,NA
6,36,double-letters,lexicase,FALSE,10,elitize_generation_data,5,10,0.223,NA
7,36,double-letters,lexicase,FALSE,10,elitize_generation_data,6,16,0.246,NA
8,36,double-letters,lexicase,FALSE,10,elitize_generation_data,7,17,0.281,NA
9,36,double-letters,lexicase,FALSE,10,elitize_generation_data,8,24,0.306,NA
10,36,double-letters,lexicase,FALSE,10,elitize_generation_data,9,21,0.357,NA
11,36,double-letters,lexicase,FALSE,10,elitize_generation_data,10,31,0.426,NA
12,36,double-letters,lexicase,FALSE,10,elitize_generation_data,11,48,0.464,NA
13,36,double-letters,lexicase,FALSE,10,elitize_generation_data,12,73,0.556,NA
14,36,double-letters,lexicase,FALSE,10,elitize_generation_data,13,87,0.601,NA
15,36,double-letters,lexicase,FALSE,10,elitize_generation_data,14,105,0.622,NA
16,36,double-letters,lexicase,FALSE,10,elitize_generation_data,15,125,0.67,NA
17,36,double-letters,lexicase,FALSE,10,elitize_generation_data,16,127,0.661,NA
18,36,double-letters,lexicase,FALSE,10,elitize_generation_data,17,158,0.706,NA
19,36,double-letters,lexicase,FALSE,10,elitize_generation_data,18,172,0.72,NA
20,36,double-letters,lexicase,FALSE,10,elitize_generation_data,19,183,0.732,NA
21,36,double-letters,lexicase,FALSE,10,elitize_generation_data,20,197,0.752,NA
22,36,double-letters,lexicase,FALSE,10,elitize_generation_data,21,208,0.778,NA
23,36,double-letters,lexicase,FALSE,10,elitize_generation_data,22,213,0.782,NA
24,36,double-letters,lexicase,FALSE,10,elitize_generation_data,23,226,0.799,NA
25,36,double-letters,lexicase,FALSE,10,elitize_generation_data,24,216,0.778,NA
26,36,double-letters,lexicase,FALSE,10,elitize_generation_data,25,223,0.787,NA
27,36,double-letters,lexicase,FALSE,10,elitize_generation_data,26,225,0.79,NA
28,36,double-letters,lexicase,FALSE,10,elitize_generation_data,27,225,0.795,NA
29,36,double-letters,lexicase,FALSE,10,elitize_generation_data,28,214,0.779,NA
30,36,double-letters,lexicase,FALSE,10,elitize_generation_data,29,215,0.748,NA
31,36,double-letters,lexicase,FALSE,10,elitize_generation_data,30,231,0.754,NA
32,36,double-letters,lexicase,FALSE,10,elitize_generation_data,31,235,0.753,NA
33,36,double-letters,lexicase,FALSE,10,elitize_generation_data,32,240,0.761,NA
34,36,double-letters,lexicase,FALSE,10,elitize_generation_data,33,194,0.741,NA
35,36,double-letters,lexicase,FALSE,10,elitize_generation_data,34,197,0.732,NA
36,36,double-letters,lexicase,FALSE,10,elitize_generation_data,35,194,0.75,NA
37,36,double-letters,lexicase,FALSE,10,elitize_generation_data,36,205,0.74,NA
38,36,double-letters,lexicase,FALSE,10,elitize_generation_data,37,203,0.72,NA
39,36,double-letters,lexicase,FALSE,10,elitize_generation_data,38,196,0.71,NA
40,36,double-letters,lexicase,FALSE,10,elitize_generation_data,39,204,0.728,NA
41,36,double-letters,lexicase,FALSE,10,elitize_generation_data,40,189,0.728,NA
42,36,double-letters,lexicase,FALSE,10,elitize_generation_data,41,173,0.746,NA
43,36,double-letters,lexicase,FALSE,10,elitize_generation_data,42,182,0.751,NA
44,36,double-letters,lexicase,FALSE,10,elitize_generation_data,43,178,0.757,NA
45,36,double-letters,lexicase,FALSE,10,elitize_generation_data,44,177,0.763,NA
46,36,double-letters,lexicase,FALSE,10,elitize_generation_data,45,169,0.747,NA
47,36,double-letters,lexicase,FALSE,10,elitize_generation_data,46,163,0.754,NA
48,36,double-letters,lexicase,FALSE,10,elitize_generation_data,47,123,0.754,NA
49,36,double-letters,lexicase,FALSE,10,elitize_generation_data,48,75,0.733,NA
50,36,double-letters,lexicase,FALSE,10,elitize_generation_data,49,74,0.696,NA
51,36,double-letters,lexicase,FALSE,10,elitize_generation_data,50,63,0.712,NA
52,36,double-letters,lexicase,FALSE,10,elitize_generation_data,51,63,0.759,NA
53,36,double-letters,lexicase,FALSE,10,elitize_generation_data,52,67,0.733,NA
54,36,double-letters,lexicase,FALSE,10,elitize_generation_data,53,64,0.737,NA
55,36,double-letters,lexicase,FALSE,10,elitize_generation_data,54,70,0.781,NA
56,36,double-letters,lexicase,FALSE,10,elitize_generation_data,55,66,0.773,NA
57,36,double-letters,lexicase,FALSE,10,elitize_generation_data,56,66,0.791,NA
58,36,double-letters,lexicase,FALSE,10,elitize_generation_data,57,70,0.803,NA
59,36,double-letters,lexicase,FALSE,10,elitize_generation_data,58,67,0.814,NA
60,36,double-letters,lexicase,FALSE,10,elitize_generation_data,59,70,0.811,NA
61,36,double-letters,lexicase,FALSE,10,elitize_generation_data,60,68,0.809,NA
62,36,double-letters,lexicase,FALSE,10,elitize_generation_data,61,67,0.808,NA
63,36,double-letters,lexicase,FALSE,10,elitize_generation_data,62,77,0.809,NA
64,36,double-letters,lexicase,FALSE,10,elitize_generation_data,63,80,0.831,NA
65,36,double-letters,lexicase,FALSE,10,elitize_generation_data,64,67,0.802,NA
66,36,double-letters,lexicase,FALSE,10,elitize_generation_data,65,76,0.804,NA
67,36,double-letters,lexicase,FALSE,10,elitize_generation_data,66,79,0.802,NA
68,36,double-letters,lexicase,FALSE,10,elitize_generation_data,67,69,0.82,NA
69,36,double-letters,lexicase,FALSE,10,elitize_generation_data,68,67,0.78,NA
70,36,double-letters,lexicase,FALSE,10,elitize_generation_data,69,61,0.766,NA
71,36,double-letters,lexicase,FALSE,10,elitize_generation_data,70,65,0.782,NA
72,36,double-letters,lexicase,FALSE,10,elitize_generation_data,71,59,0.777,NA
73,36,double-letters,lexicase,FALSE,10,elitize_generation_data,72,50,0.809,NA
74,36,double-letters,lexicase,FALSE,10,elitize_generation_data,73,40,0.817,NA
75,36,double-letters,lexicase,FALSE,10,elitize_generation_data,74,38,0.82,NA
76,36,double-letters,lexicase,FALSE,10,elitize_generation_data,75,39,0.815,NA
77,36,double-letters,lexicase,FALSE,10,elitize_generation_data,76,36,0.816,NA
78,36,double-letters,lexicase,FALSE,10,elitize_generation_data,77,37,0.818,NA
79,36,double-letters,lexicase,FALSE,10,elitize_generation_data,78,31,0.807,NA
80,36,double-letters,lexicase,FALSE,10,elitize_generation_data,79,39,0.839,NA
81,36,double-letters,lexicase,FALSE,10,elitize_generation_data,80,41,0.844,NA
82,36,double-letters,lexicase,FALSE,10,elitize_generation_data,81,39,0.821,NA
83,36,double-letters,lexicase,FALSE,10,elitize_generation_data,82,34,0.841,NA
84,36,double-letters,lexicase,FALSE,10,elitize_generation_data,83,35,0.838,NA
85,36,double-letters,lexicase,FALSE,10,elitize_generation_data,84,33,0.849,NA
86,36,double-letters,lexicase,FALSE,10,elitize_generation_data,85,37,0.862,NA
87,36,double-letters,lexicase,FALSE,10,elitize_generation_data,86,32,0.816,NA
88,36,double-letters,lexicase,FALSE,10,elitize_generation_data,87,38,0.83,NA
89,36,double-letters,lexicase,FALSE,10,elitize_generation_data,88,39,0.842,NA
90,36,double-letters,lexicase,FALSE,10,elitize_generation_data,89,40,0.842,NA
91,36,double-letters,lexicase,FALSE,10,elitize_generation_data,90,38,0.857,NA
92,36,double-letters,lexicase,FALSE,10,elitize_generation_data,91,41,0.847,NA
93,36,double-letters,lexicase,FALSE,10,elitize_generation_data,92,36,0.854,NA
94,36,double-letters,lexicase,FALSE,10,elitize_generation_data,93,39,0.872,NA
95,36,double-letters,lexicase,FALSE,10,elitize_generation_data,94,39,0.886,NA
96,36,double-letters,lexicase,FALSE,10,elitize_generation_data,95,40,0.879,NA
97,36,double-letters,lexicase,FALSE,10,elitize_generation_data,96,42,0.882,NA
98,36,double-letters,lexicase,FALSE,10,elitize_generation_data,97,39,0.889,NA
99,36,double-letters,lexicase,FALSE,10,elitize_generation_data,98,38,0.885,NA
100,36,double-letters,lexicase,FALSE,10,elitize_generation_data,99,39,0.866,NA
101,36,double-letters,lexicase,FALSE,10,elitize_generation_data,100,40,0.869,NA
102,36,double-letters,lexicase,FALSE,10,elitize_generation_data,101,40,0.877,NA
103,36,double-letters,lexicase,FALSE,10,elitize_generation_data,102,38,0.899,NA
104,36,double-letters,lexicase,FALSE,10,elitize_generation_data,103,41,0.891,NA
105,36,double-letters,lexicase,FALSE,10,elitize_generation_data,104,49,0.892,NA
106,36,double-letters,lexicase,FALSE,10,elitize_generation_data,105,47,0.869,NA
107,36,double-letters,lexicase,FALSE,10,elitize_generation_data,106,45,0.879,NA
108,36,double-letters,lexicase,FALSE,10,elitize_generation_data,107,40,0.897,NA
109,36,double-letters,lexicase,FALSE,10,elitize_generation_data,108,44,0.874,NA
110,36,double-letters,lexicase,FALSE,10,elitize_generation_data,109,45,0.884,NA
111,36,double-letters,lexicase,FALSE,10,elitize_generation_data,110,47,0.896,NA
112,36,double-letters,lexicase,FALSE,10,elitize_generation_data,111,43,0.887,NA
113,36,double-letters,lexicase,FALSE,10,elitize_generation_data,112,39,0.902,NA
114,36,double-letters,lexicase,FALSE,10,elitize_generation_data,113,45,0.89,NA
115,36,double-letters,lexicase,FALSE,10,elitize_generation_data,114,33,0.892,NA
116,36,double-letters,lexicase,FALSE,10,elitize_generation_data,115,43,0.885,NA
117,36,double-letters,lexicase,FALSE,10,elitize_generation_data,116,38,0.895,NA
118,36,double-letters,lexicase,FALSE,10,elitize_generation_data,117,43,0.903,NA
119,36,double-letters,lexicase,FALSE,10,elitize_generation_data,118,43,0.906,NA
120,36,double-letters,lexicase,FALSE,10,elitize_generation_data,119,40,0.924,NA
121,36,double-letters,lexicase,FALSE,10,elitize_generation_data,120,40,0.916,NA
122,36,double-letters,lexicase,FALSE,10,elitize_generation_data,121,39,0.918,NA
123,36,double-letters,lexicase,FALSE,10,elitize_generation_data,122,46,0.901,NA
124,36,double-letters,lexicase,FALSE,10,elitize_generation_data,123,42,0.933,NA
125,36,double-letters,lexicase,FALSE,10,elitize_generation_data,124,48,0.9,NA
126,36,double-letters,lexicase,FALSE,10,elitize_generation_data,125,41,0.927,NA
127,36,double-letters,lexicase,FALSE,10,elitize_generation_data,126,39,0.911,NA
128,36,double-letters,lexicase,FALSE,10,elitize_generation_data,127,29,0.91,NA
129,36,double-letters,lexicase,FALSE,10,elitize_generation_data,128,32,0.921,NA
130,36,double-letters,lexicase,FALSE,10,elitize_generation_data,129,29,0.908,NA
131,36,double-letters,lexicase,FALSE,10,elitize_generation_data,130,25,0.904,NA
132,36,double-letters,lexicase,FALSE,10,elitize_generation_data,131,22,0.889,NA
133,36,double-letters,lexicase,FALSE,10,elitize_generation_data,132,27,0.887,NA
134,36,double-letters,lexicase,FALSE,10,elitize_generation_data,133,30,0.89,NA
135,36,double-letters,lexicase,FALSE,10,elitize_generation_data,134,37,0.883,NA
136,36,double-letters,lexicase,FALSE,10,elitize_generation_data,135,23,0.886,NA
137,36,double-letters,lexicase,FALSE,10,elitize_generation_data,136,27,0.895,NA
138,36,double-letters,lexicase,FALSE,10,elitize_generation_data,137,27,0.908,NA
139,36,double-letters,lexicase,FALSE,10,elitize_generation_data,138,35,0.898,NA
140,36,double-letters,lexicase,FALSE,10,elitize_generation_data,139,24,0.927,NA
141,36,double-letters,lexicase,FALSE,10,elitize_generation_data,140,28,0.906,NA
142,36,double-letters,lexicase,FALSE,10,elitize_generation_data,141,31,0.907,NA
143,36,double-letters,lexicase,FALSE,10,elitize_generation_data,142,31,0.893,NA
144,36,double-letters,lexicase,FALSE,10,elitize_generation_data,143,33,0.891,NA
145,36,double-letters,lexicase,FALSE,10,elitize_generation_data,144,31,0.915,NA
146,36,double-letters,lexicase,FALSE,10,elitize_generation_data,145,26,0.91,NA
147,36,double-letters,lexicase,FALSE,10,elitize_generation_data,146,26,0.916,NA
148,36,double-letters,lexicase,FALSE,10,elitize_generation_data,147,30,0.919,NA
149,36,double-letters,lexicase,FALSE,10,elitize_generation_data,148,25,0.917,NA
150,36,double-letters,lexicase,FALSE,10,elitize_generation_data,149,25,0.912,NA
151,36,double-letters,lexicase,FALSE,10,elitize_generation_data,150,24,0.904,NA
152,36,double-letters,lexicase,FALSE,10,elitize_generation_data,151,23,0.906,NA
153,36,double-letters,lexicase,FALSE,10,elitize_generation_data,152,29,0.868,NA
154,36,double-letters,lexicase,FALSE,10,elitize_generation_data,153,26,0.88,NA
155,36,double-letters,lexicase,FALSE,10,elitize_generation_data,154,27,0.847,NA
156,36,double-letters,lexicase,FALSE,10,elitize_generation_data,155,36,0.889,NA
157,36,double-letters,lexicase,FALSE,10,elitize_generation_data,156,29,0.883,NA
158,36,double-letters,lexicase,FALSE,10,elitize_generation_data,157,29,0.888,NA
159,36,double-letters,lexicase,FALSE,10,elitize_generation_data,158,26,0.896,NA
160,36,double-letters,lexicase,FALSE,10,elitize_generation_data,159,29,0.879,NA
161,36,double-letters,lexicase,FALSE,10,elitize_generation_data,160,19,0.896,NA
162,36,double-letters,lexicase,FALSE,10,elitize_generation_data,161,20,0.911,NA
163,36,double-letters,lexicase,FALSE,10,elitize_generation_data,162,22,0.904,NA
164,36,double-letters,lexicase,FALSE,10,elitize_generation_data,163,28,0.893,NA
165,36,double-letters,lexicase,FALSE,10,elitize_generation_data,164,25,0.909,NA
166,36,double-letters,lexicase,FALSE,10,elitize_generation_data,165,19,0.913,NA
167,36,double-letters,lexicase,FALSE,10,elitize_generation_data,166,23,0.904,NA
168,36,double-letters,lexicase,FALSE,10,elitize_generation_data,167,18,0.904,NA
169,36,double-letters,lexicase,FALSE,10,elitize_generation_data,168,17,0.923,NA
170,36,double-letters,lexicase,FALSE,10,elitize_generation_data,169,23,0.918,NA
171,36,double-letters,lexicase,FALSE,10,elitize_generation_data,170,20,0.907,NA
172,36,double-letters,lexicase,FALSE,10,elitize_generation_data,171,23,0.911,NA
173,36,double-letters,lexicase,FALSE,10,elitize_generation_data,172,25,0.923,NA
174,36,double-letters,lexicase,FALSE,10,elitize_generation_data,173,19,0.913,NA
175,36,double-letters,lexicase,FALSE,10,elitize_generation_data,174,17,0.913,NA
176,36,double-letters,lexicase,FALSE,10,elitize_generation_data,175,19,0.91,NA
177,36,double-letters,lexicase,FALSE,10,elitize_generation_data,176,22,0.91,NA
178,36,double-letters,lexicase,FALSE,10,elitize_generation_data,177,21,0.916,NA
179,36,double-letters,lexicase,FALSE,10,elitize_generation_data,178,19,0.915,NA
180,36,double-letters,lexicase,FALSE,10,elitize_generation_data,179,24,0.913,NA
181,36,double-letters,lexicase,FALSE,10,elitize_generation_data,180,20,0.91,NA
182,36,double-letters,lexicase,FALSE,10,elitize_generation_data,181,21,0.917,NA
183,36,double-letters,lexicase,FALSE,10,elitize_generation_data,182,18,0.93,NA
184,36,double-letters,lexicase,FALSE,10,elitize_generation_data,183,21,0.938,NA
185,36,double-letters,lexicase,FALSE,10,elitize_generation_data,184,23,0.916,NA
186,36,double-letters,lexicase,FALSE,10,elitize_generation_data,185,25,0.941,NA
187,36,double-letters,lexicase,FALSE,10,elitize_generation_data,186,23,0.947,NA
188,36,double-letters,lexicase,FALSE,10,elitize_generation_data,187,26,0.945,NA
189,36,double-letters,lexicase,FALSE,10,elitize_generation_data,188,23,0.934,NA
190,36,double-letters,lexicase,FALSE,10,elitize_generation_data,189,22,0.908,NA
191,36,double-letters,lexicase,FALSE,10,elitize_generation_data,190,18,0.935,NA
192,36,double-letters,lexicase,FALSE,10,elitize_generation_data,191,23,0.935,NA
193,36,double-letters,lexicase,FALSE,10,elitize_generation_data,192,25,0.933,NA
194,36,double-letters,lexicase,FALSE,10,elitize_generation_data,193,22,0.944,NA
195,36,double-letters,lexicase,FALSE,10,elitize_generation_data,194,20,0.941,NA
196,36,double-letters,lexicase,FALSE,10,elitize_generation_data,195,26,0.934,NA
197,36,double-letters,lexicase,FALSE,10,elitize_generation_data,196,20,0.938,NA
198,36,double-letters,lexicase,FALSE,10,elitize_generation_data,197,24,0.922,NA
199,36,double-letters,lexicase,FALSE,10,elitize_generation_data,198,25,0.926,NA
200,36,double-letters,lexicase,FALSE,10,elitize_generation_data,199,23,0.938,NA
201,36,double-letters,lexicase,FALSE,10,elitize_generation_data,200,22,0.917,NA
202,36,double-letters,lexicase,FALSE,10,elitize_generation_data,201,29,0.928,NA
203,36,double-letters,lexicase,FALSE,10,elitize_generation_data,202,26,0.937,NA
204,36,double-letters,lexicase,FALSE,10,elitize_generation_data,203,27,0.933,NA
205,36,double-letters,lexicase,FALSE,10,elitize_generation_data,204,31,0.93,NA
206,36,double-letters,lexicase,FALSE,10,elitize_generation_data,205,30,0.949,NA
207,36,double-letters,lexicase,FALSE,10,elitize_generation_data,206,26,0.942,NA
208,36,double-letters,lexicase,FALSE,10,elitize_generation_data,207,34,0.936,NA
209,36,double-letters,lexicase,FALSE,10,elitize_generation_data,208,36,0.937,NA
210,36,double-letters,lexicase,FALSE,10,elitize_generation_data,209,31,0.942,NA
211,36,double-letters,lexicase,FALSE,10,elitize_generation_data,210,36,0.937,NA
212,36,double-letters,lexicase,FALSE,10,elitize_generation_data,211,28,0.936,NA
213,36,double-letters,lexicase,FALSE,10,elitize_generation_data,212,26,0.943,NA
214,36,double-letters,lexicase,FALSE,10,elitize_generation_data,213,27,0.935,NA
215,36,double-letters,lexicase,FALSE,10,elitize_generation_data,214,29,0.938,NA
216,36,double-letters,lexicase,FALSE,10,elitize_generation_data,215,24,0.926,NA
217,36,double-letters,lexicase,FALSE,10,elitize_generation_data,216,29,0.939,NA
218,36,double-letters,lexicase,FALSE,10,elitize_generation_data,217,27,0.928,NA
219,36,double-letters,lexicase,FALSE,10,elitize_generation_data,218,31,0.922,NA
220,36,double-letters,lexicase,FALSE,10,elitize_generation_data,219,29,0.908,NA
221,36,double-letters,lexicase,FALSE,10,elitize_generation_data,220,27,0.924,NA
222,36,double-letters,lexicase,FALSE,10,elitize_generation_data,221,32,0.919,NA
223,36,double-letters,lexicase,FALSE,10,elitize_generation_data,222,29,0.931,NA
224,36,double-letters,lexicase,FALSE,10,elitize_generation_data,223,27,0.948,NA
225,36,double-letters,lexicase,FALSE,10,elitize_generation_data,224,28,0.918,NA
226,36,double-letters,lexicase,FALSE,10,elitize_generation_data,225,27,0.922,NA
227,36,double-letters,lexicase,FALSE,10,elitize_generation_data,226,26,0.936,NA
228,36,double-letters,lexicase,FALSE,10,elitize_generation_data,227,25,0.914,NA
229,36,double-letters,lexicase,FALSE,10,elitize_generation_data,228,25,0.924,NA
230,36,double-letters,lexicase,FALSE,10,elitize_generation_data,229,31,0.931,NA
231,36,double-letters,lexicase,FALSE,10,elitize_generation_data,230,24,0.926,NA
232,36,double-letters,lexicase,FALSE,10,elitize_generation_data,231,26,0.922,NA
233,36,double-letters,lexicase,FALSE,10,elitize_generation_data,232,24,0.936,NA
234,36,double-letters,lexicase,FALSE,10,elitize_generation_data,233,32,0.926,NA
235,36,double-letters,lexicase,FALSE,10,elitize_generation_data,234,25,0.928,NA
236,36,double-letters,lexicase,FALSE,10,elitize_generation_data,235,25,0.932,NA
237,36,double-letters,lexicase,FALSE,10,elitize_generation_data,236,20,0.939,NA
238,36,double-letters,lexicase,FALSE,10,elitize_generation_data,237,21,0.914,NA
239,36,double-letters,lexicase,FALSE,10,elitize_generation_data,238,25,0.912,NA
240,36,double-letters,lexicase,FALSE,10,elitize_generation_data,239,21,0.93,NA
241,36,double-letters,lexicase,FALSE,10,elitize_generation_data,240,24,0.938,NA
242,36,double-letters,lexicase,FALSE,10,elitize_generation_data,241,25,0.928,NA
243,36,double-letters,lexicase,FALSE,10,elitize_generation_data,242,23,0.93,NA
244,36,double-letters,lexicase,FALSE,10,elitize_generation_data,243,26,0.933,NA
245,36,double-letters,lexicase,FALSE,10,elitize_generation_data,244,29,0.917,NA
246,36,double-letters,lexicase,FALSE,10,elitize_generation_data,245,22,0.928,NA
247,36,double-letters,lexicase,FALSE,10,elitize_generation_data,246,25,0.927,NA
248,36,double-letters,lexicase,FALSE,10,elitize_generation_data,247,28,0.935,NA
249,36,double-letters,lexicase,FALSE,10,elitize_generation_data,248,27,0.93,NA
250,36,double-letters,lexicase,FALSE,10,elitize_generation_data,249,21,0.934,NA
251,36,double-letters,lexicase,FALSE,10,elitize_generation_data,250,25,0.921,NA
252,36,double-letters,lexicase,FALSE,10,elitize_generation_data,251,23,0.918,NA
253,36,double-letters,lexicase,FALSE,10,elitize_generation_data,252,24,0.934,NA
254,36,double-letters,lexicase,FALSE,10,elitize_generation_data,253,26,0.913,NA
255,36,double-letters,lexicase,FALSE,10,elitize_generation_data,254,28,0.923,NA
256,36,double-letters,lexicase,FALSE,10,elitize_generation_data,255,25,0.909,NA
257,36,double-letters,lexicase,FALSE,10,elitize_generation_data,256,26,0.915,NA
258,36,double-letters,lexicase,FALSE,10,elitize_generation_data,257,29,0.945,NA
259,36,double-letters,lexicase,FALSE,10,elitize_generation_data,258,26,0.924,NA
260,36,double-letters,lexicase,FALSE,10,elitize_generation_data,259,27,0.924,NA
261,36,double-letters,lexicase,FALSE,10,elitize_generation_data,260,23,0.935,NA
262,36,double-letters,lexicase,FALSE,10,elitize_generation_data,261,26,0.929,NA
263,36,double-letters,lexicase,FALSE,10,elitize_generation_data,262,27,0.917,NA
264,36,double-letters,lexicase,FALSE,10,elitize_generation_data,263,25,0.915,NA
265,36,double-letters,lexicase,FALSE,10,elitize_generation_data,264,18,0.92,NA
266,36,double-letters,lexicase,FALSE,10,elitize_generation_data,265,20,0.911,NA
267,36,double-letters,lexicase,FALSE,10,elitize_generation_data,266,21,0.9,NA
268,36,double-letters,lexicase,FALSE,10,elitize_generation_data,267,17,0.925,NA
269,36,double-letters,lexicase,FALSE,10,elitize_generation_data,268,21,0.924,NA
270,36,double-letters,lexicase,FALSE,10,elitize_generation_data,269,22,0.924,NA
271,36,double-letters,lexicase,FALSE,10,elitize_generation_data,270,27,0.91,NA
272,36,double-letters,lexicase,FALSE,10,elitize_generation_data,271,18,0.915,NA
273,36,double-letters,lexicase,FALSE,10,elitize_generation_data,272,26,0.919,NA
274,36,double-letters,lexicase,FALSE,10,elitize_generation_data,273,21,0.919,NA
275,36,double-letters,lexicase,FALSE,10,elitize_generation_data,274,20,0.934,NA
276,36,double-letters,lexicase,FALSE,10,elitize_generation_data,275,22,0.913,NA
277,36,double-letters,lexicase,FALSE,10,elitize_generation_data,276,24,0.908,NA
278,36,double-letters,lexicase,FALSE,10,elitize_generation_data,277,27,0.939,NA
279,36,double-letters,lexicase,FALSE,10,elitize_generation_data,278,27,0.92,NA
280,36,double-letters,lexicase,FALSE,10,elitize_generation_data,279,25,0.899,NA
281,36,double-letters,lexicase,FALSE,10,elitize_generation_data,280,24,0.916,NA
282,36,double-letters,lexicase,FALSE,10,elitize_generation_data,281,24,0.921,NA
283,36,double-letters,lexicase,FALSE,10,elitize_generation_data,282,27,0.923,NA
284,36,double-letters,lexicase,FALSE,10,elitize_generation_data,283,27,0.912,NA
285,36,double-letters,lexicase,FALSE,10,elitize_generation_data,284,25,0.916,NA
286,36,double-letters,lexicase,FALSE,10,elitize_generation_data,285,25,0.909,NA
287,36,double-letters,lexicase,FALSE,10,elitize_generation_data,286,26,0.915,NA
288,36,double-letters,lexicase,FALSE,10,elitize_generation_data,287,25,0.922,NA
289,36,double-letters,lexicase,FALSE,10,elitize_generation_data,288,29,0.896,NA
290,36,double-letters,lexicase,FALSE,10,elitize_generation_data,289,26,0.915,NA
291,36,double-letters,lexicase,FALSE,10,elitize_generation_data,290,26,0.892,NA
292,36,double-letters,lexicase,FALSE,10,elitize_generation_data,291,24,0.91,NA
293,36,double-letters,lexicase,FALSE,10,elitize_generation_data,292,20,0.919,NA
294,36,double-letters,lexicase,FALSE,10,elitize_generation_data,293,26,0.924,NA
295,36,double-letters,lexicase,FALSE,10,elitize_generation_data,294,21,0.902,NA
296,36,double-letters,lexicase,FALSE,10,elitize_generation_data,295,24,0.907,NA
297,36,double-letters,lexicase,FALSE,10,elitize_generation_data,296,22,0.92,NA
298,36,double-letters,lexicase,FALSE,10,elitize_generation_data,297,22,0.916,NA
299,36,double-letters,lexicase,FALSE,10,elitize_generation_data,298,24,0.901,NA
300,36,double-letters,lexicase,FALSE,10,elitize_generation_data,299,22,0.912,NA
301,36,double-letters,lexicase,FALSE,10,elitize_generation_data,300,23,0.929,NA
