,run.num,problem,treatment,succeeded,height,normalization.function,generation,cluster.count,error.diversity,success.generation
1,61,double-letters,lexicase,FALSE,10,elitize_generation_data,0,4,0.397,NA
2,61,double-letters,lexicase,FALSE,10,elitize_generation_data,1,5,0.046,NA
3,61,double-letters,lexicase,FALSE,10,elitize_generation_data,2,6,0.084,NA
4,61,double-letters,lexicase,FALSE,10,elitize_generation_data,3,6,0.113,NA
5,61,double-letters,lexicase,FALSE,10,elitize_generation_data,4,8,0.186,NA
6,61,double-letters,lexicase,FALSE,10,elitize_generation_data,5,14,0.302,NA
7,61,double-letters,lexicase,FALSE,10,elitize_generation_data,6,18,0.396,NA
8,61,double-letters,lexicase,FALSE,10,elitize_generation_data,7,26,0.461,NA
9,61,double-letters,lexicase,FALSE,10,elitize_generation_data,8,25,0.513,NA
10,61,double-letters,lexicase,FALSE,10,elitize_generation_data,9,28,0.544,NA
11,61,double-letters,lexicase,FALSE,10,elitize_generation_data,10,27,0.53,NA
12,61,double-letters,lexicase,FALSE,10,elitize_generation_data,11,24,0.553,NA
13,61,double-letters,lexicase,FALSE,10,elitize_generation_data,12,23,0.547,NA
14,61,double-letters,lexicase,FALSE,10,elitize_generation_data,13,28,0.605,NA
15,61,double-letters,lexicase,FALSE,10,elitize_generation_data,14,29,0.668,NA
16,61,double-letters,lexicase,FALSE,10,elitize_generation_data,15,35,0.691,NA
17,61,double-letters,lexicase,FALSE,10,elitize_generation_data,16,32,0.646,NA
18,61,double-letters,lexicase,FALSE,10,elitize_generation_data,17,34,0.692,NA
19,61,double-letters,lexicase,FALSE,10,elitize_generation_data,18,36,0.694,NA
20,61,double-letters,lexicase,FALSE,10,elitize_generation_data,19,36,0.698,NA
21,61,double-letters,lexicase,FALSE,10,elitize_generation_data,20,39,0.72,NA
22,61,double-letters,lexicase,FALSE,10,elitize_generation_data,21,47,0.693,NA
23,61,double-letters,lexicase,FALSE,10,elitize_generation_data,22,43,0.738,NA
24,61,double-letters,lexicase,FALSE,10,elitize_generation_data,23,40,0.75,NA
25,61,double-letters,lexicase,FALSE,10,elitize_generation_data,24,43,0.752,NA
26,61,double-letters,lexicase,FALSE,10,elitize_generation_data,25,39,0.772,NA
27,61,double-letters,lexicase,FALSE,10,elitize_generation_data,26,29,0.716,NA
28,61,double-letters,lexicase,FALSE,10,elitize_generation_data,27,35,0.617,NA
29,61,double-letters,lexicase,FALSE,10,elitize_generation_data,28,27,0.633,NA
30,61,double-letters,lexicase,FALSE,10,elitize_generation_data,29,35,0.667,NA
31,61,double-letters,lexicase,FALSE,10,elitize_generation_data,30,26,0.656,NA
32,61,double-letters,lexicase,FALSE,10,elitize_generation_data,31,28,0.679,NA
33,61,double-letters,lexicase,FALSE,10,elitize_generation_data,32,28,0.665,NA
34,61,double-letters,lexicase,FALSE,10,elitize_generation_data,33,24,0.68,NA
35,61,double-letters,lexicase,FALSE,10,elitize_generation_data,34,28,0.623,NA
36,61,double-letters,lexicase,FALSE,10,elitize_generation_data,35,28,0.627,NA
37,61,double-letters,lexicase,FALSE,10,elitize_generation_data,36,31,0.607,NA
38,61,double-letters,lexicase,FALSE,10,elitize_generation_data,37,31,0.631,NA
39,61,double-letters,lexicase,FALSE,10,elitize_generation_data,38,26,0.646,NA
40,61,double-letters,lexicase,FALSE,10,elitize_generation_data,39,35,0.635,NA
41,61,double-letters,lexicase,FALSE,10,elitize_generation_data,40,31,0.651,NA
42,61,double-letters,lexicase,FALSE,10,elitize_generation_data,41,25,0.662,NA
43,61,double-letters,lexicase,FALSE,10,elitize_generation_data,42,29,0.678,NA
44,61,double-letters,lexicase,FALSE,10,elitize_generation_data,43,34,0.654,NA
45,61,double-letters,lexicase,FALSE,10,elitize_generation_data,44,32,0.681,NA
46,61,double-letters,lexicase,FALSE,10,elitize_generation_data,45,30,0.697,NA
47,61,double-letters,lexicase,FALSE,10,elitize_generation_data,46,34,0.719,NA
48,61,double-letters,lexicase,FALSE,10,elitize_generation_data,47,40,0.735,NA
49,61,double-letters,lexicase,FALSE,10,elitize_generation_data,48,36,0.727,NA
50,61,double-letters,lexicase,FALSE,10,elitize_generation_data,49,39,0.756,NA
51,61,double-letters,lexicase,FALSE,10,elitize_generation_data,50,36,0.708,NA
52,61,double-letters,lexicase,FALSE,10,elitize_generation_data,51,40,0.752,NA
53,61,double-letters,lexicase,FALSE,10,elitize_generation_data,52,42,0.76,NA
54,61,double-letters,lexicase,FALSE,10,elitize_generation_data,53,38,0.745,NA
55,61,double-letters,lexicase,FALSE,10,elitize_generation_data,54,41,0.746,NA
56,61,double-letters,lexicase,FALSE,10,elitize_generation_data,55,43,0.768,NA
57,61,double-letters,lexicase,FALSE,10,elitize_generation_data,56,46,0.761,NA
58,61,double-letters,lexicase,FALSE,10,elitize_generation_data,57,39,0.76,NA
59,61,double-letters,lexicase,FALSE,10,elitize_generation_data,58,31,0.777,NA
60,61,double-letters,lexicase,FALSE,10,elitize_generation_data,59,35,0.772,NA
61,61,double-letters,lexicase,FALSE,10,elitize_generation_data,60,34,0.773,NA
62,61,double-letters,lexicase,FALSE,10,elitize_generation_data,61,29,0.773,NA
63,61,double-letters,lexicase,FALSE,10,elitize_generation_data,62,32,0.782,NA
64,61,double-letters,lexicase,FALSE,10,elitize_generation_data,63,30,0.783,NA
65,61,double-letters,lexicase,FALSE,10,elitize_generation_data,64,27,0.778,NA
66,61,double-letters,lexicase,FALSE,10,elitize_generation_data,65,22,0.761,NA
67,61,double-letters,lexicase,FALSE,10,elitize_generation_data,66,19,0.785,NA
68,61,double-letters,lexicase,FALSE,10,elitize_generation_data,67,20,0.783,NA
69,61,double-letters,lexicase,FALSE,10,elitize_generation_data,68,19,0.781,NA
70,61,double-letters,lexicase,FALSE,10,elitize_generation_data,69,18,0.809,NA
71,61,double-letters,lexicase,FALSE,10,elitize_generation_data,70,16,0.776,NA
72,61,double-letters,lexicase,FALSE,10,elitize_generation_data,71,20,0.797,NA
73,61,double-letters,lexicase,FALSE,10,elitize_generation_data,72,20,0.772,NA
74,61,double-letters,lexicase,FALSE,10,elitize_generation_data,73,16,0.775,NA
75,61,double-letters,lexicase,FALSE,10,elitize_generation_data,74,19,0.8,NA
76,61,double-letters,lexicase,FALSE,10,elitize_generation_data,75,16,0.777,NA
77,61,double-letters,lexicase,FALSE,10,elitize_generation_data,76,18,0.789,NA
78,61,double-letters,lexicase,FALSE,10,elitize_generation_data,77,16,0.775,NA
79,61,double-letters,lexicase,FALSE,10,elitize_generation_data,78,15,0.795,NA
80,61,double-letters,lexicase,FALSE,10,elitize_generation_data,79,15,0.796,NA
81,61,double-letters,lexicase,FALSE,10,elitize_generation_data,80,17,0.796,NA
82,61,double-letters,lexicase,FALSE,10,elitize_generation_data,81,16,0.808,NA
83,61,double-letters,lexicase,FALSE,10,elitize_generation_data,82,17,0.803,NA
84,61,double-letters,lexicase,FALSE,10,elitize_generation_data,83,19,0.809,NA
85,61,double-letters,lexicase,FALSE,10,elitize_generation_data,84,17,0.772,NA
86,61,double-letters,lexicase,FALSE,10,elitize_generation_data,85,17,0.782,NA
87,61,double-letters,lexicase,FALSE,10,elitize_generation_data,86,20,0.766,NA
88,61,double-letters,lexicase,FALSE,10,elitize_generation_data,87,17,0.788,NA
89,61,double-letters,lexicase,FALSE,10,elitize_generation_data,88,19,0.789,NA
90,61,double-letters,lexicase,FALSE,10,elitize_generation_data,89,23,0.799,NA
91,61,double-letters,lexicase,FALSE,10,elitize_generation_data,90,21,0.795,NA
92,61,double-letters,lexicase,FALSE,10,elitize_generation_data,91,17,0.796,NA
93,61,double-letters,lexicase,FALSE,10,elitize_generation_data,92,22,0.785,NA
94,61,double-letters,lexicase,FALSE,10,elitize_generation_data,93,24,0.803,NA
95,61,double-letters,lexicase,FALSE,10,elitize_generation_data,94,20,0.789,NA
96,61,double-letters,lexicase,FALSE,10,elitize_generation_data,95,25,0.797,NA
97,61,double-letters,lexicase,FALSE,10,elitize_generation_data,96,19,0.806,NA
98,61,double-letters,lexicase,FALSE,10,elitize_generation_data,97,24,0.804,NA
99,61,double-letters,lexicase,FALSE,10,elitize_generation_data,98,18,0.806,NA
100,61,double-letters,lexicase,FALSE,10,elitize_generation_data,99,20,0.828,NA
101,61,double-letters,lexicase,FALSE,10,elitize_generation_data,100,21,0.813,NA
102,61,double-letters,lexicase,FALSE,10,elitize_generation_data,101,25,0.818,NA
103,61,double-letters,lexicase,FALSE,10,elitize_generation_data,102,22,0.816,NA
104,61,double-letters,lexicase,FALSE,10,elitize_generation_data,103,22,0.815,NA
105,61,double-letters,lexicase,FALSE,10,elitize_generation_data,104,21,0.781,NA
106,61,double-letters,lexicase,FALSE,10,elitize_generation_data,105,19,0.791,NA
107,61,double-letters,lexicase,FALSE,10,elitize_generation_data,106,17,0.79,NA
108,61,double-letters,lexicase,FALSE,10,elitize_generation_data,107,19,0.777,NA
109,61,double-letters,lexicase,FALSE,10,elitize_generation_data,108,16,0.78,NA
110,61,double-letters,lexicase,FALSE,10,elitize_generation_data,109,19,0.796,NA
111,61,double-letters,lexicase,FALSE,10,elitize_generation_data,110,14,0.799,NA
112,61,double-letters,lexicase,FALSE,10,elitize_generation_data,111,17,0.81,NA
113,61,double-letters,lexicase,FALSE,10,elitize_generation_data,112,19,0.798,NA
114,61,double-letters,lexicase,FALSE,10,elitize_generation_data,113,17,0.772,NA
115,61,double-letters,lexicase,FALSE,10,elitize_generation_data,114,16,0.801,NA
116,61,double-letters,lexicase,FALSE,10,elitize_generation_data,115,18,0.805,NA
117,61,double-letters,lexicase,FALSE,10,elitize_generation_data,116,25,0.804,NA
118,61,double-letters,lexicase,FALSE,10,elitize_generation_data,117,24,0.801,NA
119,61,double-letters,lexicase,FALSE,10,elitize_generation_data,118,27,0.816,NA
120,61,double-letters,lexicase,FALSE,10,elitize_generation_data,119,36,0.79,NA
121,61,double-letters,lexicase,FALSE,10,elitize_generation_data,120,34,0.783,NA
122,61,double-letters,lexicase,FALSE,10,elitize_generation_data,121,34,0.82,NA
123,61,double-letters,lexicase,FALSE,10,elitize_generation_data,122,30,0.833,NA
124,61,double-letters,lexicase,FALSE,10,elitize_generation_data,123,36,0.795,NA
125,61,double-letters,lexicase,FALSE,10,elitize_generation_data,124,33,0.831,NA
126,61,double-letters,lexicase,FALSE,10,elitize_generation_data,125,42,0.819,NA
127,61,double-letters,lexicase,FALSE,10,elitize_generation_data,126,29,0.809,NA
128,61,double-letters,lexicase,FALSE,10,elitize_generation_data,127,30,0.795,NA
129,61,double-letters,lexicase,FALSE,10,elitize_generation_data,128,28,0.81,NA
130,61,double-letters,lexicase,FALSE,10,elitize_generation_data,129,27,0.82,NA
131,61,double-letters,lexicase,FALSE,10,elitize_generation_data,130,32,0.794,NA
132,61,double-letters,lexicase,FALSE,10,elitize_generation_data,131,37,0.834,NA
133,61,double-letters,lexicase,FALSE,10,elitize_generation_data,132,39,0.844,NA
134,61,double-letters,lexicase,FALSE,10,elitize_generation_data,133,36,0.824,NA
135,61,double-letters,lexicase,FALSE,10,elitize_generation_data,134,34,0.838,NA
136,61,double-letters,lexicase,FALSE,10,elitize_generation_data,135,34,0.817,NA
137,61,double-letters,lexicase,FALSE,10,elitize_generation_data,136,37,0.84,NA
138,61,double-letters,lexicase,FALSE,10,elitize_generation_data,137,40,0.82,NA
139,61,double-letters,lexicase,FALSE,10,elitize_generation_data,138,39,0.847,NA
140,61,double-letters,lexicase,FALSE,10,elitize_generation_data,139,41,0.829,NA
141,61,double-letters,lexicase,FALSE,10,elitize_generation_data,140,41,0.845,NA
142,61,double-letters,lexicase,FALSE,10,elitize_generation_data,141,38,0.85,NA
143,61,double-letters,lexicase,FALSE,10,elitize_generation_data,142,39,0.83,NA
144,61,double-letters,lexicase,FALSE,10,elitize_generation_data,143,35,0.821,NA
145,61,double-letters,lexicase,FALSE,10,elitize_generation_data,144,35,0.831,NA
146,61,double-letters,lexicase,FALSE,10,elitize_generation_data,145,32,0.852,NA
147,61,double-letters,lexicase,FALSE,10,elitize_generation_data,146,29,0.839,NA
148,61,double-letters,lexicase,FALSE,10,elitize_generation_data,147,34,0.814,NA
149,61,double-letters,lexicase,FALSE,10,elitize_generation_data,148,36,0.848,NA
150,61,double-letters,lexicase,FALSE,10,elitize_generation_data,149,35,0.838,NA
151,61,double-letters,lexicase,FALSE,10,elitize_generation_data,150,38,0.826,NA
152,61,double-letters,lexicase,FALSE,10,elitize_generation_data,151,36,0.812,NA
153,61,double-letters,lexicase,FALSE,10,elitize_generation_data,152,32,0.834,NA
154,61,double-letters,lexicase,FALSE,10,elitize_generation_data,153,37,0.842,NA
155,61,double-letters,lexicase,FALSE,10,elitize_generation_data,154,33,0.853,NA
156,61,double-letters,lexicase,FALSE,10,elitize_generation_data,155,38,0.84,NA
157,61,double-letters,lexicase,FALSE,10,elitize_generation_data,156,39,0.85,NA
158,61,double-letters,lexicase,FALSE,10,elitize_generation_data,157,44,0.84,NA
159,61,double-letters,lexicase,FALSE,10,elitize_generation_data,158,39,0.835,NA
160,61,double-letters,lexicase,FALSE,10,elitize_generation_data,159,40,0.874,NA
161,61,double-letters,lexicase,FALSE,10,elitize_generation_data,160,40,0.851,NA
162,61,double-letters,lexicase,FALSE,10,elitize_generation_data,161,39,0.883,NA
163,61,double-letters,lexicase,FALSE,10,elitize_generation_data,162,38,0.846,NA
164,61,double-letters,lexicase,FALSE,10,elitize_generation_data,163,46,0.868,NA
165,61,double-letters,lexicase,FALSE,10,elitize_generation_data,164,48,0.857,NA
166,61,double-letters,lexicase,FALSE,10,elitize_generation_data,165,38,0.848,NA
167,61,double-letters,lexicase,FALSE,10,elitize_generation_data,166,53,0.85,NA
168,61,double-letters,lexicase,FALSE,10,elitize_generation_data,167,52,0.869,NA
169,61,double-letters,lexicase,FALSE,10,elitize_generation_data,168,45,0.847,NA
170,61,double-letters,lexicase,FALSE,10,elitize_generation_data,169,42,0.86,NA
171,61,double-letters,lexicase,FALSE,10,elitize_generation_data,170,39,0.854,NA
172,61,double-letters,lexicase,FALSE,10,elitize_generation_data,171,43,0.855,NA
173,61,double-letters,lexicase,FALSE,10,elitize_generation_data,172,46,0.88,NA
174,61,double-letters,lexicase,FALSE,10,elitize_generation_data,173,49,0.862,NA
175,61,double-letters,lexicase,FALSE,10,elitize_generation_data,174,43,0.862,NA
176,61,double-letters,lexicase,FALSE,10,elitize_generation_data,175,45,0.86,NA
177,61,double-letters,lexicase,FALSE,10,elitize_generation_data,176,48,0.896,NA
178,61,double-letters,lexicase,FALSE,10,elitize_generation_data,177,45,0.842,NA
179,61,double-letters,lexicase,FALSE,10,elitize_generation_data,178,50,0.864,NA
180,61,double-letters,lexicase,FALSE,10,elitize_generation_data,179,47,0.857,NA
181,61,double-letters,lexicase,FALSE,10,elitize_generation_data,180,42,0.87,NA
182,61,double-letters,lexicase,FALSE,10,elitize_generation_data,181,46,0.884,NA
183,61,double-letters,lexicase,FALSE,10,elitize_generation_data,182,41,0.872,NA
184,61,double-letters,lexicase,FALSE,10,elitize_generation_data,183,44,0.887,NA
185,61,double-letters,lexicase,FALSE,10,elitize_generation_data,184,40,0.869,NA
186,61,double-letters,lexicase,FALSE,10,elitize_generation_data,185,41,0.883,NA
187,61,double-letters,lexicase,FALSE,10,elitize_generation_data,186,44,0.842,NA
188,61,double-letters,lexicase,FALSE,10,elitize_generation_data,187,37,0.884,NA
189,61,double-letters,lexicase,FALSE,10,elitize_generation_data,188,40,0.866,NA
190,61,double-letters,lexicase,FALSE,10,elitize_generation_data,189,43,0.855,NA
191,61,double-letters,lexicase,FALSE,10,elitize_generation_data,190,39,0.851,NA
192,61,double-letters,lexicase,FALSE,10,elitize_generation_data,191,35,0.867,NA
193,61,double-letters,lexicase,FALSE,10,elitize_generation_data,192,40,0.863,NA
194,61,double-letters,lexicase,FALSE,10,elitize_generation_data,193,40,0.867,NA
195,61,double-letters,lexicase,FALSE,10,elitize_generation_data,194,45,0.837,NA
196,61,double-letters,lexicase,FALSE,10,elitize_generation_data,195,42,0.864,NA
197,61,double-letters,lexicase,FALSE,10,elitize_generation_data,196,35,0.864,NA
198,61,double-letters,lexicase,FALSE,10,elitize_generation_data,197,38,0.878,NA
199,61,double-letters,lexicase,FALSE,10,elitize_generation_data,198,36,0.861,NA
200,61,double-letters,lexicase,FALSE,10,elitize_generation_data,199,39,0.836,NA
201,61,double-letters,lexicase,FALSE,10,elitize_generation_data,200,39,0.862,NA
202,61,double-letters,lexicase,FALSE,10,elitize_generation_data,201,53,0.824,NA
203,61,double-letters,lexicase,FALSE,10,elitize_generation_data,202,45,0.866,NA
204,61,double-letters,lexicase,FALSE,10,elitize_generation_data,203,45,0.857,NA
205,61,double-letters,lexicase,FALSE,10,elitize_generation_data,204,34,0.863,NA
206,61,double-letters,lexicase,FALSE,10,elitize_generation_data,205,41,0.872,NA
207,61,double-letters,lexicase,FALSE,10,elitize_generation_data,206,46,0.881,NA
208,61,double-letters,lexicase,FALSE,10,elitize_generation_data,207,44,0.847,NA
209,61,double-letters,lexicase,FALSE,10,elitize_generation_data,208,35,0.858,NA
210,61,double-letters,lexicase,FALSE,10,elitize_generation_data,209,43,0.872,NA
211,61,double-letters,lexicase,FALSE,10,elitize_generation_data,210,45,0.852,NA
212,61,double-letters,lexicase,FALSE,10,elitize_generation_data,211,38,0.84,NA
213,61,double-letters,lexicase,FALSE,10,elitize_generation_data,212,43,0.858,NA
214,61,double-letters,lexicase,FALSE,10,elitize_generation_data,213,40,0.865,NA
215,61,double-letters,lexicase,FALSE,10,elitize_generation_data,214,35,0.858,NA
216,61,double-letters,lexicase,FALSE,10,elitize_generation_data,215,40,0.873,NA
217,61,double-letters,lexicase,FALSE,10,elitize_generation_data,216,41,0.854,NA
218,61,double-letters,lexicase,FALSE,10,elitize_generation_data,217,45,0.865,NA
219,61,double-letters,lexicase,FALSE,10,elitize_generation_data,218,38,0.855,NA
220,61,double-letters,lexicase,FALSE,10,elitize_generation_data,219,32,0.867,NA
221,61,double-letters,lexicase,FALSE,10,elitize_generation_data,220,38,0.872,NA
222,61,double-letters,lexicase,FALSE,10,elitize_generation_data,221,33,0.868,NA
223,61,double-letters,lexicase,FALSE,10,elitize_generation_data,222,29,0.846,NA
224,61,double-letters,lexicase,FALSE,10,elitize_generation_data,223,33,0.857,NA
225,61,double-letters,lexicase,FALSE,10,elitize_generation_data,224,36,0.875,NA
226,61,double-letters,lexicase,FALSE,10,elitize_generation_data,225,32,0.865,NA
227,61,double-letters,lexicase,FALSE,10,elitize_generation_data,226,34,0.849,NA
228,61,double-letters,lexicase,FALSE,10,elitize_generation_data,227,44,0.843,NA
229,61,double-letters,lexicase,FALSE,10,elitize_generation_data,228,34,0.827,NA
230,61,double-letters,lexicase,FALSE,10,elitize_generation_data,229,34,0.845,NA
231,61,double-letters,lexicase,FALSE,10,elitize_generation_data,230,30,0.863,NA
232,61,double-letters,lexicase,FALSE,10,elitize_generation_data,231,31,0.842,NA
233,61,double-letters,lexicase,FALSE,10,elitize_generation_data,232,37,0.853,NA
234,61,double-letters,lexicase,FALSE,10,elitize_generation_data,233,35,0.845,NA
235,61,double-letters,lexicase,FALSE,10,elitize_generation_data,234,31,0.878,NA
236,61,double-letters,lexicase,FALSE,10,elitize_generation_data,235,32,0.852,NA
237,61,double-letters,lexicase,FALSE,10,elitize_generation_data,236,32,0.853,NA
238,61,double-letters,lexicase,FALSE,10,elitize_generation_data,237,34,0.834,NA
239,61,double-letters,lexicase,FALSE,10,elitize_generation_data,238,35,0.862,NA
240,61,double-letters,lexicase,FALSE,10,elitize_generation_data,239,34,0.852,NA
241,61,double-letters,lexicase,FALSE,10,elitize_generation_data,240,37,0.881,NA
242,61,double-letters,lexicase,FALSE,10,elitize_generation_data,241,35,0.891,NA
243,61,double-letters,lexicase,FALSE,10,elitize_generation_data,242,35,0.852,NA
244,61,double-letters,lexicase,FALSE,10,elitize_generation_data,243,36,0.851,NA
245,61,double-letters,lexicase,FALSE,10,elitize_generation_data,244,29,0.863,NA
246,61,double-letters,lexicase,FALSE,10,elitize_generation_data,245,39,0.841,NA
247,61,double-letters,lexicase,FALSE,10,elitize_generation_data,246,39,0.863,NA
248,61,double-letters,lexicase,FALSE,10,elitize_generation_data,247,30,0.845,NA
249,61,double-letters,lexicase,FALSE,10,elitize_generation_data,248,32,0.868,NA
250,61,double-letters,lexicase,FALSE,10,elitize_generation_data,249,37,0.859,NA
251,61,double-letters,lexicase,FALSE,10,elitize_generation_data,250,37,0.863,NA
252,61,double-letters,lexicase,FALSE,10,elitize_generation_data,251,32,0.85,NA
253,61,double-letters,lexicase,FALSE,10,elitize_generation_data,252,41,0.86,NA
254,61,double-letters,lexicase,FALSE,10,elitize_generation_data,253,34,0.868,NA
255,61,double-letters,lexicase,FALSE,10,elitize_generation_data,254,36,0.871,NA
256,61,double-letters,lexicase,FALSE,10,elitize_generation_data,255,34,0.876,NA
257,61,double-letters,lexicase,FALSE,10,elitize_generation_data,256,37,0.848,NA
258,61,double-letters,lexicase,FALSE,10,elitize_generation_data,257,38,0.885,NA
259,61,double-letters,lexicase,FALSE,10,elitize_generation_data,258,39,0.853,NA
260,61,double-letters,lexicase,FALSE,10,elitize_generation_data,259,34,0.842,NA
261,61,double-letters,lexicase,FALSE,10,elitize_generation_data,260,40,0.856,NA
262,61,double-letters,lexicase,FALSE,10,elitize_generation_data,261,46,0.848,NA
263,61,double-letters,lexicase,FALSE,10,elitize_generation_data,262,37,0.85,NA
264,61,double-letters,lexicase,FALSE,10,elitize_generation_data,263,35,0.858,NA
265,61,double-letters,lexicase,FALSE,10,elitize_generation_data,264,38,0.837,NA
266,61,double-letters,lexicase,FALSE,10,elitize_generation_data,265,36,0.847,NA
267,61,double-letters,lexicase,FALSE,10,elitize_generation_data,266,34,0.852,NA
268,61,double-letters,lexicase,FALSE,10,elitize_generation_data,267,32,0.869,NA
269,61,double-letters,lexicase,FALSE,10,elitize_generation_data,268,34,0.86,NA
270,61,double-letters,lexicase,FALSE,10,elitize_generation_data,269,39,0.836,NA
271,61,double-letters,lexicase,FALSE,10,elitize_generation_data,270,41,0.851,NA
272,61,double-letters,lexicase,FALSE,10,elitize_generation_data,271,42,0.868,NA
273,61,double-letters,lexicase,FALSE,10,elitize_generation_data,272,41,0.836,NA
274,61,double-letters,lexicase,FALSE,10,elitize_generation_data,273,32,0.86,NA
275,61,double-letters,lexicase,FALSE,10,elitize_generation_data,274,33,0.863,NA
276,61,double-letters,lexicase,FALSE,10,elitize_generation_data,275,42,0.846,NA
277,61,double-letters,lexicase,FALSE,10,elitize_generation_data,276,38,0.836,NA
278,61,double-letters,lexicase,FALSE,10,elitize_generation_data,277,37,0.867,NA
279,61,double-letters,lexicase,FALSE,10,elitize_generation_data,278,37,0.861,NA
280,61,double-letters,lexicase,FALSE,10,elitize_generation_data,279,43,0.869,NA
281,61,double-letters,lexicase,FALSE,10,elitize_generation_data,280,35,0.847,NA
282,61,double-letters,lexicase,FALSE,10,elitize_generation_data,281,41,0.838,NA
283,61,double-letters,lexicase,FALSE,10,elitize_generation_data,282,43,0.864,NA
284,61,double-letters,lexicase,FALSE,10,elitize_generation_data,283,38,0.85,NA
285,61,double-letters,lexicase,FALSE,10,elitize_generation_data,284,41,0.842,NA
286,61,double-letters,lexicase,FALSE,10,elitize_generation_data,285,40,0.859,NA
287,61,double-letters,lexicase,FALSE,10,elitize_generation_data,286,39,0.835,NA
288,61,double-letters,lexicase,FALSE,10,elitize_generation_data,287,36,0.843,NA
289,61,double-letters,lexicase,FALSE,10,elitize_generation_data,288,34,0.834,NA
290,61,double-letters,lexicase,FALSE,10,elitize_generation_data,289,36,0.834,NA
291,61,double-letters,lexicase,FALSE,10,elitize_generation_data,290,30,0.843,NA
292,61,double-letters,lexicase,FALSE,10,elitize_generation_data,291,40,0.83,NA
293,61,double-letters,lexicase,FALSE,10,elitize_generation_data,292,37,0.839,NA
294,61,double-letters,lexicase,FALSE,10,elitize_generation_data,293,33,0.86,NA
295,61,double-letters,lexicase,FALSE,10,elitize_generation_data,294,32,0.837,NA
296,61,double-letters,lexicase,FALSE,10,elitize_generation_data,295,32,0.852,NA
297,61,double-letters,lexicase,FALSE,10,elitize_generation_data,296,29,0.834,NA
298,61,double-letters,lexicase,FALSE,10,elitize_generation_data,297,32,0.866,NA
299,61,double-letters,lexicase,FALSE,10,elitize_generation_data,298,39,0.825,NA
300,61,double-letters,lexicase,FALSE,10,elitize_generation_data,299,38,0.836,NA
301,61,double-letters,lexicase,FALSE,10,elitize_generation_data,300,39,0.848,NA
