,run.num,problem,treatment,succeeded,height,normalization.function,generation,cluster.count,error.diversity,success.generation
1,2,double-letters,lexicase,FALSE,10,elitize_generation_data,0,4,0.393,NA
2,2,double-letters,lexicase,FALSE,10,elitize_generation_data,1,7,0.04,NA
3,2,double-letters,lexicase,FALSE,10,elitize_generation_data,2,9,0.073,NA
4,2,double-letters,lexicase,FALSE,10,elitize_generation_data,3,11,0.071,NA
5,2,double-letters,lexicase,FALSE,10,elitize_generation_data,4,12,0.093,NA
6,2,double-letters,lexicase,FALSE,10,elitize_generation_data,5,14,0.118,NA
7,2,double-letters,lexicase,FALSE,10,elitize_generation_data,6,18,0.126,NA
8,2,double-letters,lexicase,FALSE,10,elitize_generation_data,7,19,0.133,NA
9,2,double-letters,lexicase,FALSE,10,elitize_generation_data,8,19,0.151,NA
10,2,double-letters,lexicase,FALSE,10,elitize_generation_data,9,25,0.192,NA
11,2,double-letters,lexicase,FALSE,10,elitize_generation_data,10,33,0.228,NA
12,2,double-letters,lexicase,FALSE,10,elitize_generation_data,11,36,0.333,NA
13,2,double-letters,lexicase,FALSE,10,elitize_generation_data,12,52,0.481,NA
14,2,double-letters,lexicase,FALSE,10,elitize_generation_data,13,73,0.534,NA
15,2,double-letters,lexicase,FALSE,10,elitize_generation_data,14,88,0.561,NA
16,2,double-letters,lexicase,FALSE,10,elitize_generation_data,15,93,0.588,NA
17,2,double-letters,lexicase,FALSE,10,elitize_generation_data,16,97,0.601,NA
18,2,double-letters,lexicase,FALSE,10,elitize_generation_data,17,93,0.587,NA
19,2,double-letters,lexicase,FALSE,10,elitize_generation_data,18,100,0.609,NA
20,2,double-letters,lexicase,FALSE,10,elitize_generation_data,19,103,0.636,NA
21,2,double-letters,lexicase,FALSE,10,elitize_generation_data,20,109,0.604,NA
22,2,double-letters,lexicase,FALSE,10,elitize_generation_data,21,125,0.635,NA
23,2,double-letters,lexicase,FALSE,10,elitize_generation_data,22,135,0.643,NA
24,2,double-letters,lexicase,FALSE,10,elitize_generation_data,23,131,0.654,NA
25,2,double-letters,lexicase,FALSE,10,elitize_generation_data,24,133,0.67,NA
26,2,double-letters,lexicase,FALSE,10,elitize_generation_data,25,128,0.681,NA
27,2,double-letters,lexicase,FALSE,10,elitize_generation_data,26,120,0.65,NA
28,2,double-letters,lexicase,FALSE,10,elitize_generation_data,27,122,0.663,NA
29,2,double-letters,lexicase,FALSE,10,elitize_generation_data,28,108,0.673,NA
30,2,double-letters,lexicase,FALSE,10,elitize_generation_data,29,107,0.675,NA
31,2,double-letters,lexicase,FALSE,10,elitize_generation_data,30,112,0.648,NA
32,2,double-letters,lexicase,FALSE,10,elitize_generation_data,31,86,0.646,NA
33,2,double-letters,lexicase,FALSE,10,elitize_generation_data,32,59,0.651,NA
34,2,double-letters,lexicase,FALSE,10,elitize_generation_data,33,53,0.601,NA
35,2,double-letters,lexicase,FALSE,10,elitize_generation_data,34,50,0.629,NA
36,2,double-letters,lexicase,FALSE,10,elitize_generation_data,35,54,0.628,NA
37,2,double-letters,lexicase,FALSE,10,elitize_generation_data,36,61,0.645,NA
38,2,double-letters,lexicase,FALSE,10,elitize_generation_data,37,58,0.666,NA
39,2,double-letters,lexicase,FALSE,10,elitize_generation_data,38,59,0.643,NA
40,2,double-letters,lexicase,FALSE,10,elitize_generation_data,39,54,0.619,NA
41,2,double-letters,lexicase,FALSE,10,elitize_generation_data,40,55,0.651,NA
42,2,double-letters,lexicase,FALSE,10,elitize_generation_data,41,50,0.649,NA
43,2,double-letters,lexicase,FALSE,10,elitize_generation_data,42,57,0.666,NA
44,2,double-letters,lexicase,FALSE,10,elitize_generation_data,43,55,0.693,NA
45,2,double-letters,lexicase,FALSE,10,elitize_generation_data,44,47,0.662,NA
46,2,double-letters,lexicase,FALSE,10,elitize_generation_data,45,58,0.672,NA
47,2,double-letters,lexicase,FALSE,10,elitize_generation_data,46,52,0.685,NA
48,2,double-letters,lexicase,FALSE,10,elitize_generation_data,47,45,0.677,NA
49,2,double-letters,lexicase,FALSE,10,elitize_generation_data,48,50,0.697,NA
50,2,double-letters,lexicase,FALSE,10,elitize_generation_data,49,51,0.721,NA
51,2,double-letters,lexicase,FALSE,10,elitize_generation_data,50,49,0.685,NA
52,2,double-letters,lexicase,FALSE,10,elitize_generation_data,51,45,0.704,NA
53,2,double-letters,lexicase,FALSE,10,elitize_generation_data,52,44,0.699,NA
54,2,double-letters,lexicase,FALSE,10,elitize_generation_data,53,48,0.721,NA
55,2,double-letters,lexicase,FALSE,10,elitize_generation_data,54,47,0.72,NA
56,2,double-letters,lexicase,FALSE,10,elitize_generation_data,55,46,0.706,NA
57,2,double-letters,lexicase,FALSE,10,elitize_generation_data,56,42,0.704,NA
58,2,double-letters,lexicase,FALSE,10,elitize_generation_data,57,48,0.731,NA
59,2,double-letters,lexicase,FALSE,10,elitize_generation_data,58,48,0.704,NA
60,2,double-letters,lexicase,FALSE,10,elitize_generation_data,59,52,0.699,NA
61,2,double-letters,lexicase,FALSE,10,elitize_generation_data,60,59,0.691,NA
62,2,double-letters,lexicase,FALSE,10,elitize_generation_data,61,43,0.703,NA
63,2,double-letters,lexicase,FALSE,10,elitize_generation_data,62,45,0.717,NA
64,2,double-letters,lexicase,FALSE,10,elitize_generation_data,63,40,0.729,NA
65,2,double-letters,lexicase,FALSE,10,elitize_generation_data,64,45,0.703,NA
66,2,double-letters,lexicase,FALSE,10,elitize_generation_data,65,42,0.705,NA
67,2,double-letters,lexicase,FALSE,10,elitize_generation_data,66,43,0.712,NA
68,2,double-letters,lexicase,FALSE,10,elitize_generation_data,67,40,0.743,NA
69,2,double-letters,lexicase,FALSE,10,elitize_generation_data,68,39,0.718,NA
70,2,double-letters,lexicase,FALSE,10,elitize_generation_data,69,36,0.726,NA
71,2,double-letters,lexicase,FALSE,10,elitize_generation_data,70,34,0.711,NA
72,2,double-letters,lexicase,FALSE,10,elitize_generation_data,71,35,0.73,NA
73,2,double-letters,lexicase,FALSE,10,elitize_generation_data,72,31,0.755,NA
74,2,double-letters,lexicase,FALSE,10,elitize_generation_data,73,37,0.724,NA
75,2,double-letters,lexicase,FALSE,10,elitize_generation_data,74,23,0.755,NA
76,2,double-letters,lexicase,FALSE,10,elitize_generation_data,75,26,0.735,NA
77,2,double-letters,lexicase,FALSE,10,elitize_generation_data,76,29,0.744,NA
78,2,double-letters,lexicase,FALSE,10,elitize_generation_data,77,25,0.699,NA
79,2,double-letters,lexicase,FALSE,10,elitize_generation_data,78,21,0.778,NA
80,2,double-letters,lexicase,FALSE,10,elitize_generation_data,79,23,0.732,NA
81,2,double-letters,lexicase,FALSE,10,elitize_generation_data,80,25,0.706,NA
82,2,double-letters,lexicase,FALSE,10,elitize_generation_data,81,23,0.737,NA
83,2,double-letters,lexicase,FALSE,10,elitize_generation_data,82,27,0.751,NA
84,2,double-letters,lexicase,FALSE,10,elitize_generation_data,83,23,0.733,NA
85,2,double-letters,lexicase,FALSE,10,elitize_generation_data,84,24,0.729,NA
86,2,double-letters,lexicase,FALSE,10,elitize_generation_data,85,23,0.737,NA
87,2,double-letters,lexicase,FALSE,10,elitize_generation_data,86,24,0.749,NA
88,2,double-letters,lexicase,FALSE,10,elitize_generation_data,87,23,0.72,NA
89,2,double-letters,lexicase,FALSE,10,elitize_generation_data,88,30,0.73,NA
90,2,double-letters,lexicase,FALSE,10,elitize_generation_data,89,25,0.748,NA
91,2,double-letters,lexicase,FALSE,10,elitize_generation_data,90,27,0.753,NA
92,2,double-letters,lexicase,FALSE,10,elitize_generation_data,91,25,0.703,NA
93,2,double-letters,lexicase,FALSE,10,elitize_generation_data,92,24,0.729,NA
94,2,double-letters,lexicase,FALSE,10,elitize_generation_data,93,23,0.703,NA
95,2,double-letters,lexicase,FALSE,10,elitize_generation_data,94,24,0.7,NA
96,2,double-letters,lexicase,FALSE,10,elitize_generation_data,95,23,0.725,NA
97,2,double-letters,lexicase,FALSE,10,elitize_generation_data,96,18,0.695,NA
98,2,double-letters,lexicase,FALSE,10,elitize_generation_data,97,18,0.7,NA
99,2,double-letters,lexicase,FALSE,10,elitize_generation_data,98,16,0.7,NA
100,2,double-letters,lexicase,FALSE,10,elitize_generation_data,99,15,0.699,NA
101,2,double-letters,lexicase,FALSE,10,elitize_generation_data,100,12,0.705,NA
102,2,double-letters,lexicase,FALSE,10,elitize_generation_data,101,14,0.682,NA
103,2,double-letters,lexicase,FALSE,10,elitize_generation_data,102,13,0.711,NA
104,2,double-letters,lexicase,FALSE,10,elitize_generation_data,103,12,0.692,NA
105,2,double-letters,lexicase,FALSE,10,elitize_generation_data,104,14,0.692,NA
106,2,double-letters,lexicase,FALSE,10,elitize_generation_data,105,13,0.698,NA
107,2,double-letters,lexicase,FALSE,10,elitize_generation_data,106,11,0.735,NA
108,2,double-letters,lexicase,FALSE,10,elitize_generation_data,107,11,0.718,NA
109,2,double-letters,lexicase,FALSE,10,elitize_generation_data,108,10,0.684,NA
110,2,double-letters,lexicase,FALSE,10,elitize_generation_data,109,15,0.722,NA
111,2,double-letters,lexicase,FALSE,10,elitize_generation_data,110,13,0.707,NA
112,2,double-letters,lexicase,FALSE,10,elitize_generation_data,111,13,0.715,NA
113,2,double-letters,lexicase,FALSE,10,elitize_generation_data,112,15,0.701,NA
114,2,double-letters,lexicase,FALSE,10,elitize_generation_data,113,15,0.719,NA
115,2,double-letters,lexicase,FALSE,10,elitize_generation_data,114,16,0.717,NA
116,2,double-letters,lexicase,FALSE,10,elitize_generation_data,115,15,0.745,NA
117,2,double-letters,lexicase,FALSE,10,elitize_generation_data,116,12,0.733,NA
118,2,double-letters,lexicase,FALSE,10,elitize_generation_data,117,15,0.752,NA
119,2,double-letters,lexicase,FALSE,10,elitize_generation_data,118,13,0.694,NA
120,2,double-letters,lexicase,FALSE,10,elitize_generation_data,119,14,0.717,NA
121,2,double-letters,lexicase,FALSE,10,elitize_generation_data,120,16,0.735,NA
122,2,double-letters,lexicase,FALSE,10,elitize_generation_data,121,14,0.723,NA
123,2,double-letters,lexicase,FALSE,10,elitize_generation_data,122,17,0.748,NA
124,2,double-letters,lexicase,FALSE,10,elitize_generation_data,123,17,0.743,NA
125,2,double-letters,lexicase,FALSE,10,elitize_generation_data,124,16,0.732,NA
126,2,double-letters,lexicase,FALSE,10,elitize_generation_data,125,18,0.739,NA
127,2,double-letters,lexicase,FALSE,10,elitize_generation_data,126,17,0.746,NA
128,2,double-letters,lexicase,FALSE,10,elitize_generation_data,127,17,0.743,NA
129,2,double-letters,lexicase,FALSE,10,elitize_generation_data,128,14,0.726,NA
130,2,double-letters,lexicase,FALSE,10,elitize_generation_data,129,18,0.75,NA
131,2,double-letters,lexicase,FALSE,10,elitize_generation_data,130,16,0.737,NA
132,2,double-letters,lexicase,FALSE,10,elitize_generation_data,131,19,0.745,NA
133,2,double-letters,lexicase,FALSE,10,elitize_generation_data,132,19,0.721,NA
134,2,double-letters,lexicase,FALSE,10,elitize_generation_data,133,17,0.744,NA
135,2,double-letters,lexicase,FALSE,10,elitize_generation_data,134,15,0.744,NA
136,2,double-letters,lexicase,FALSE,10,elitize_generation_data,135,19,0.754,NA
137,2,double-letters,lexicase,FALSE,10,elitize_generation_data,136,17,0.757,NA
138,2,double-letters,lexicase,FALSE,10,elitize_generation_data,137,16,0.761,NA
139,2,double-letters,lexicase,FALSE,10,elitize_generation_data,138,15,0.731,NA
140,2,double-letters,lexicase,FALSE,10,elitize_generation_data,139,17,0.734,NA
141,2,double-letters,lexicase,FALSE,10,elitize_generation_data,140,19,0.736,NA
142,2,double-letters,lexicase,FALSE,10,elitize_generation_data,141,17,0.75,NA
143,2,double-letters,lexicase,FALSE,10,elitize_generation_data,142,18,0.789,NA
144,2,double-letters,lexicase,FALSE,10,elitize_generation_data,143,20,0.782,NA
145,2,double-letters,lexicase,FALSE,10,elitize_generation_data,144,24,0.75,NA
146,2,double-letters,lexicase,FALSE,10,elitize_generation_data,145,20,0.758,NA
147,2,double-letters,lexicase,FALSE,10,elitize_generation_data,146,20,0.775,NA
148,2,double-letters,lexicase,FALSE,10,elitize_generation_data,147,21,0.774,NA
149,2,double-letters,lexicase,FALSE,10,elitize_generation_data,148,21,0.761,NA
150,2,double-letters,lexicase,FALSE,10,elitize_generation_data,149,19,0.782,NA
151,2,double-letters,lexicase,FALSE,10,elitize_generation_data,150,18,0.771,NA
152,2,double-letters,lexicase,FALSE,10,elitize_generation_data,151,17,0.779,NA
153,2,double-letters,lexicase,FALSE,10,elitize_generation_data,152,16,0.772,NA
154,2,double-letters,lexicase,FALSE,10,elitize_generation_data,153,16,0.765,NA
155,2,double-letters,lexicase,FALSE,10,elitize_generation_data,154,16,0.76,NA
156,2,double-letters,lexicase,FALSE,10,elitize_generation_data,155,16,0.744,NA
157,2,double-letters,lexicase,FALSE,10,elitize_generation_data,156,14,0.746,NA
158,2,double-letters,lexicase,FALSE,10,elitize_generation_data,157,17,0.768,NA
159,2,double-letters,lexicase,FALSE,10,elitize_generation_data,158,14,0.768,NA
160,2,double-letters,lexicase,FALSE,10,elitize_generation_data,159,11,0.757,NA
161,2,double-letters,lexicase,FALSE,10,elitize_generation_data,160,16,0.745,NA
162,2,double-letters,lexicase,FALSE,10,elitize_generation_data,161,15,0.757,NA
163,2,double-letters,lexicase,FALSE,10,elitize_generation_data,162,11,0.76,NA
164,2,double-letters,lexicase,FALSE,10,elitize_generation_data,163,14,0.765,NA
165,2,double-letters,lexicase,FALSE,10,elitize_generation_data,164,15,0.779,NA
166,2,double-letters,lexicase,FALSE,10,elitize_generation_data,165,16,0.777,NA
167,2,double-letters,lexicase,FALSE,10,elitize_generation_data,166,13,0.78,NA
168,2,double-letters,lexicase,FALSE,10,elitize_generation_data,167,12,0.77,NA
169,2,double-letters,lexicase,FALSE,10,elitize_generation_data,168,17,0.767,NA
170,2,double-letters,lexicase,FALSE,10,elitize_generation_data,169,10,0.776,NA
171,2,double-letters,lexicase,FALSE,10,elitize_generation_data,170,7,0.757,NA
172,2,double-letters,lexicase,FALSE,10,elitize_generation_data,171,9,0.718,NA
173,2,double-letters,lexicase,FALSE,10,elitize_generation_data,172,9,0.705,NA
174,2,double-letters,lexicase,FALSE,10,elitize_generation_data,173,14,0.671,NA
175,2,double-letters,lexicase,FALSE,10,elitize_generation_data,174,13,0.676,NA
176,2,double-letters,lexicase,FALSE,10,elitize_generation_data,175,15,0.672,NA
177,2,double-letters,lexicase,FALSE,10,elitize_generation_data,176,21,0.645,NA
178,2,double-letters,lexicase,FALSE,10,elitize_generation_data,177,29,0.607,NA
179,2,double-letters,lexicase,FALSE,10,elitize_generation_data,178,28,0.631,NA
180,2,double-letters,lexicase,FALSE,10,elitize_generation_data,179,30,0.608,NA
181,2,double-letters,lexicase,FALSE,10,elitize_generation_data,180,28,0.635,NA
182,2,double-letters,lexicase,FALSE,10,elitize_generation_data,181,27,0.621,NA
183,2,double-letters,lexicase,FALSE,10,elitize_generation_data,182,32,0.628,NA
184,2,double-letters,lexicase,FALSE,10,elitize_generation_data,183,34,0.636,NA
185,2,double-letters,lexicase,FALSE,10,elitize_generation_data,184,34,0.636,NA
186,2,double-letters,lexicase,FALSE,10,elitize_generation_data,185,32,0.665,NA
187,2,double-letters,lexicase,FALSE,10,elitize_generation_data,186,32,0.623,NA
188,2,double-letters,lexicase,FALSE,10,elitize_generation_data,187,34,0.644,NA
189,2,double-letters,lexicase,FALSE,10,elitize_generation_data,188,34,0.63,NA
190,2,double-letters,lexicase,FALSE,10,elitize_generation_data,189,42,0.674,NA
191,2,double-letters,lexicase,FALSE,10,elitize_generation_data,190,42,0.646,NA
192,2,double-letters,lexicase,FALSE,10,elitize_generation_data,191,38,0.654,NA
193,2,double-letters,lexicase,FALSE,10,elitize_generation_data,192,38,0.683,NA
194,2,double-letters,lexicase,FALSE,10,elitize_generation_data,193,34,0.723,NA
195,2,double-letters,lexicase,FALSE,10,elitize_generation_data,194,38,0.732,NA
196,2,double-letters,lexicase,FALSE,10,elitize_generation_data,195,45,0.723,NA
197,2,double-letters,lexicase,FALSE,10,elitize_generation_data,196,42,0.737,NA
198,2,double-letters,lexicase,FALSE,10,elitize_generation_data,197,41,0.79,NA
199,2,double-letters,lexicase,FALSE,10,elitize_generation_data,198,43,0.782,NA
200,2,double-letters,lexicase,FALSE,10,elitize_generation_data,199,44,0.794,NA
201,2,double-letters,lexicase,FALSE,10,elitize_generation_data,200,24,0.796,NA
202,2,double-letters,lexicase,FALSE,10,elitize_generation_data,201,25,0.798,NA
203,2,double-letters,lexicase,FALSE,10,elitize_generation_data,202,26,0.82,NA
204,2,double-letters,lexicase,FALSE,10,elitize_generation_data,203,16,0.819,NA
205,2,double-letters,lexicase,FALSE,10,elitize_generation_data,204,14,0.82,NA
206,2,double-letters,lexicase,FALSE,10,elitize_generation_data,205,9,0.828,NA
207,2,double-letters,lexicase,FALSE,10,elitize_generation_data,206,12,0.869,NA
208,2,double-letters,lexicase,FALSE,10,elitize_generation_data,207,8,0.862,NA
209,2,double-letters,lexicase,FALSE,10,elitize_generation_data,208,8,0.873,NA
210,2,double-letters,lexicase,FALSE,10,elitize_generation_data,209,7,0.845,NA
211,2,double-letters,lexicase,FALSE,10,elitize_generation_data,210,7,0.85,NA
212,2,double-letters,lexicase,FALSE,10,elitize_generation_data,211,7,0.832,NA
213,2,double-letters,lexicase,FALSE,10,elitize_generation_data,212,9,0.825,NA
214,2,double-letters,lexicase,FALSE,10,elitize_generation_data,213,7,0.836,NA
215,2,double-letters,lexicase,FALSE,10,elitize_generation_data,214,9,0.858,NA
216,2,double-letters,lexicase,FALSE,10,elitize_generation_data,215,8,0.864,NA
217,2,double-letters,lexicase,FALSE,10,elitize_generation_data,216,11,0.837,NA
218,2,double-letters,lexicase,FALSE,10,elitize_generation_data,217,10,0.863,NA
219,2,double-letters,lexicase,FALSE,10,elitize_generation_data,218,9,0.875,NA
220,2,double-letters,lexicase,FALSE,10,elitize_generation_data,219,10,0.837,NA
221,2,double-letters,lexicase,FALSE,10,elitize_generation_data,220,8,0.86,NA
222,2,double-letters,lexicase,FALSE,10,elitize_generation_data,221,9,0.844,NA
223,2,double-letters,lexicase,FALSE,10,elitize_generation_data,222,6,0.864,NA
224,2,double-letters,lexicase,FALSE,10,elitize_generation_data,223,7,0.889,NA
225,2,double-letters,lexicase,FALSE,10,elitize_generation_data,224,8,0.867,NA
226,2,double-letters,lexicase,FALSE,10,elitize_generation_data,225,8,0.871,NA
227,2,double-letters,lexicase,FALSE,10,elitize_generation_data,226,8,0.874,NA
228,2,double-letters,lexicase,FALSE,10,elitize_generation_data,227,7,0.843,NA
229,2,double-letters,lexicase,FALSE,10,elitize_generation_data,228,7,0.834,NA
230,2,double-letters,lexicase,FALSE,10,elitize_generation_data,229,9,0.853,NA
231,2,double-letters,lexicase,FALSE,10,elitize_generation_data,230,9,0.851,NA
232,2,double-letters,lexicase,FALSE,10,elitize_generation_data,231,8,0.842,NA
233,2,double-letters,lexicase,FALSE,10,elitize_generation_data,232,6,0.847,NA
234,2,double-letters,lexicase,FALSE,10,elitize_generation_data,233,6,0.849,NA
235,2,double-letters,lexicase,FALSE,10,elitize_generation_data,234,5,0.849,NA
236,2,double-letters,lexicase,FALSE,10,elitize_generation_data,235,9,0.836,NA
237,2,double-letters,lexicase,FALSE,10,elitize_generation_data,236,11,0.822,NA
238,2,double-letters,lexicase,FALSE,10,elitize_generation_data,237,10,0.828,NA
239,2,double-letters,lexicase,FALSE,10,elitize_generation_data,238,10,0.81,NA
240,2,double-letters,lexicase,FALSE,10,elitize_generation_data,239,9,0.823,NA
241,2,double-letters,lexicase,FALSE,10,elitize_generation_data,240,8,0.811,NA
242,2,double-letters,lexicase,FALSE,10,elitize_generation_data,241,9,0.829,NA
243,2,double-letters,lexicase,FALSE,10,elitize_generation_data,242,9,0.815,NA
244,2,double-letters,lexicase,FALSE,10,elitize_generation_data,243,10,0.806,NA
245,2,double-letters,lexicase,FALSE,10,elitize_generation_data,244,11,0.823,NA
246,2,double-letters,lexicase,FALSE,10,elitize_generation_data,245,11,0.793,NA
247,2,double-letters,lexicase,FALSE,10,elitize_generation_data,246,10,0.804,NA
248,2,double-letters,lexicase,FALSE,10,elitize_generation_data,247,10,0.785,NA
249,2,double-letters,lexicase,FALSE,10,elitize_generation_data,248,11,0.824,NA
250,2,double-letters,lexicase,FALSE,10,elitize_generation_data,249,8,0.784,NA
251,2,double-letters,lexicase,FALSE,10,elitize_generation_data,250,11,0.804,NA
252,2,double-letters,lexicase,FALSE,10,elitize_generation_data,251,9,0.799,NA
253,2,double-letters,lexicase,FALSE,10,elitize_generation_data,252,9,0.799,NA
254,2,double-letters,lexicase,FALSE,10,elitize_generation_data,253,10,0.793,NA
255,2,double-letters,lexicase,FALSE,10,elitize_generation_data,254,11,0.805,NA
256,2,double-letters,lexicase,FALSE,10,elitize_generation_data,255,10,0.799,NA
257,2,double-letters,lexicase,FALSE,10,elitize_generation_data,256,13,0.803,NA
258,2,double-letters,lexicase,FALSE,10,elitize_generation_data,257,11,0.795,NA
259,2,double-letters,lexicase,FALSE,10,elitize_generation_data,258,13,0.801,NA
260,2,double-letters,lexicase,FALSE,10,elitize_generation_data,259,9,0.768,NA
261,2,double-letters,lexicase,FALSE,10,elitize_generation_data,260,11,0.78,NA
262,2,double-letters,lexicase,FALSE,10,elitize_generation_data,261,10,0.782,NA
263,2,double-letters,lexicase,FALSE,10,elitize_generation_data,262,13,0.807,NA
264,2,double-letters,lexicase,FALSE,10,elitize_generation_data,263,8,0.826,NA
265,2,double-letters,lexicase,FALSE,10,elitize_generation_data,264,9,0.805,NA
266,2,double-letters,lexicase,FALSE,10,elitize_generation_data,265,12,0.789,NA
267,2,double-letters,lexicase,FALSE,10,elitize_generation_data,266,9,0.811,NA
268,2,double-letters,lexicase,FALSE,10,elitize_generation_data,267,10,0.766,NA
269,2,double-letters,lexicase,FALSE,10,elitize_generation_data,268,9,0.794,NA
270,2,double-letters,lexicase,FALSE,10,elitize_generation_data,269,10,0.768,NA
271,2,double-letters,lexicase,FALSE,10,elitize_generation_data,270,11,0.799,NA
272,2,double-letters,lexicase,FALSE,10,elitize_generation_data,271,8,0.783,NA
273,2,double-letters,lexicase,FALSE,10,elitize_generation_data,272,9,0.797,NA
274,2,double-letters,lexicase,FALSE,10,elitize_generation_data,273,10,0.78,NA
275,2,double-letters,lexicase,FALSE,10,elitize_generation_data,274,9,0.795,NA
276,2,double-letters,lexicase,FALSE,10,elitize_generation_data,275,9,0.751,NA
277,2,double-letters,lexicase,FALSE,10,elitize_generation_data,276,8,0.763,NA
278,2,double-letters,lexicase,FALSE,10,elitize_generation_data,277,7,0.751,NA
279,2,double-letters,lexicase,FALSE,10,elitize_generation_data,278,9,0.773,NA
280,2,double-letters,lexicase,FALSE,10,elitize_generation_data,279,12,0.769,NA
281,2,double-letters,lexicase,FALSE,10,elitize_generation_data,280,11,0.782,NA
282,2,double-letters,lexicase,FALSE,10,elitize_generation_data,281,10,0.785,NA
283,2,double-letters,lexicase,FALSE,10,elitize_generation_data,282,15,0.77,NA
284,2,double-letters,lexicase,FALSE,10,elitize_generation_data,283,10,0.784,NA
285,2,double-letters,lexicase,FALSE,10,elitize_generation_data,284,11,0.781,NA
286,2,double-letters,lexicase,FALSE,10,elitize_generation_data,285,16,0.77,NA
287,2,double-letters,lexicase,FALSE,10,elitize_generation_data,286,11,0.782,NA
288,2,double-letters,lexicase,FALSE,10,elitize_generation_data,287,13,0.766,NA
289,2,double-letters,lexicase,FALSE,10,elitize_generation_data,288,13,0.772,NA
290,2,double-letters,lexicase,FALSE,10,elitize_generation_data,289,8,0.767,NA
291,2,double-letters,lexicase,FALSE,10,elitize_generation_data,290,11,0.779,NA
292,2,double-letters,lexicase,FALSE,10,elitize_generation_data,291,11,0.763,NA
293,2,double-letters,lexicase,FALSE,10,elitize_generation_data,292,12,0.758,NA
294,2,double-letters,lexicase,FALSE,10,elitize_generation_data,293,10,0.752,NA
295,2,double-letters,lexicase,FALSE,10,elitize_generation_data,294,12,0.8,NA
296,2,double-letters,lexicase,FALSE,10,elitize_generation_data,295,11,0.779,NA
297,2,double-letters,lexicase,FALSE,10,elitize_generation_data,296,11,0.762,NA
298,2,double-letters,lexicase,FALSE,10,elitize_generation_data,297,13,0.772,NA
299,2,double-letters,lexicase,FALSE,10,elitize_generation_data,298,10,0.758,NA
300,2,double-letters,lexicase,FALSE,10,elitize_generation_data,299,9,0.771,NA
301,2,double-letters,lexicase,FALSE,10,elitize_generation_data,300,14,0.758,NA
