,run.num,problem,treatment,succeeded,height,normalization.function,generation,cluster.count,error.diversity,success.generation
1,92,double-letters,lexicase,FALSE,10,elitize_generation_data,0,4,0.382,NA
2,92,double-letters,lexicase,FALSE,10,elitize_generation_data,1,11,0.095,NA
3,92,double-letters,lexicase,FALSE,10,elitize_generation_data,2,9,0.106,NA
4,92,double-letters,lexicase,FALSE,10,elitize_generation_data,3,8,0.083,NA
5,92,double-letters,lexicase,FALSE,10,elitize_generation_data,4,8,0.097,NA
6,92,double-letters,lexicase,FALSE,10,elitize_generation_data,5,6,0.096,NA
7,92,double-letters,lexicase,FALSE,10,elitize_generation_data,6,9,0.109,NA
8,92,double-letters,lexicase,FALSE,10,elitize_generation_data,7,16,0.128,NA
9,92,double-letters,lexicase,FALSE,10,elitize_generation_data,8,17,0.196,NA
10,92,double-letters,lexicase,FALSE,10,elitize_generation_data,9,22,0.221,NA
11,92,double-letters,lexicase,FALSE,10,elitize_generation_data,10,34,0.258,NA
12,92,double-letters,lexicase,FALSE,10,elitize_generation_data,11,34,0.269,NA
13,92,double-letters,lexicase,FALSE,10,elitize_generation_data,12,39,0.315,NA
14,92,double-letters,lexicase,FALSE,10,elitize_generation_data,13,40,0.362,NA
15,92,double-letters,lexicase,FALSE,10,elitize_generation_data,14,44,0.365,NA
16,92,double-letters,lexicase,FALSE,10,elitize_generation_data,15,27,0.426,NA
17,92,double-letters,lexicase,FALSE,10,elitize_generation_data,16,42,0.426,NA
18,92,double-letters,lexicase,FALSE,10,elitize_generation_data,17,45,0.422,NA
19,92,double-letters,lexicase,FALSE,10,elitize_generation_data,18,51,0.427,NA
20,92,double-letters,lexicase,FALSE,10,elitize_generation_data,19,55,0.455,NA
21,92,double-letters,lexicase,FALSE,10,elitize_generation_data,20,63,0.428,NA
22,92,double-letters,lexicase,FALSE,10,elitize_generation_data,21,65,0.481,NA
23,92,double-letters,lexicase,FALSE,10,elitize_generation_data,22,70,0.486,NA
24,92,double-letters,lexicase,FALSE,10,elitize_generation_data,23,62,0.502,NA
25,92,double-letters,lexicase,FALSE,10,elitize_generation_data,24,65,0.5,NA
26,92,double-letters,lexicase,FALSE,10,elitize_generation_data,25,56,0.507,NA
27,92,double-letters,lexicase,FALSE,10,elitize_generation_data,26,50,0.514,NA
28,92,double-letters,lexicase,FALSE,10,elitize_generation_data,27,63,0.543,NA
29,92,double-letters,lexicase,FALSE,10,elitize_generation_data,28,56,0.561,NA
30,92,double-letters,lexicase,FALSE,10,elitize_generation_data,29,53,0.582,NA
31,92,double-letters,lexicase,FALSE,10,elitize_generation_data,30,56,0.602,NA
32,92,double-letters,lexicase,FALSE,10,elitize_generation_data,31,54,0.663,NA
33,92,double-letters,lexicase,FALSE,10,elitize_generation_data,32,53,0.643,NA
34,92,double-letters,lexicase,FALSE,10,elitize_generation_data,33,62,0.658,NA
35,92,double-letters,lexicase,FALSE,10,elitize_generation_data,34,59,0.677,NA
36,92,double-letters,lexicase,FALSE,10,elitize_generation_data,35,61,0.672,NA
37,92,double-letters,lexicase,FALSE,10,elitize_generation_data,36,63,0.716,NA
38,92,double-letters,lexicase,FALSE,10,elitize_generation_data,37,68,0.743,NA
39,92,double-letters,lexicase,FALSE,10,elitize_generation_data,38,55,0.742,NA
40,92,double-letters,lexicase,FALSE,10,elitize_generation_data,39,51,0.764,NA
41,92,double-letters,lexicase,FALSE,10,elitize_generation_data,40,45,0.768,NA
42,92,double-letters,lexicase,FALSE,10,elitize_generation_data,41,49,0.748,NA
43,92,double-letters,lexicase,FALSE,10,elitize_generation_data,42,49,0.805,NA
44,92,double-letters,lexicase,FALSE,10,elitize_generation_data,43,47,0.803,NA
45,92,double-letters,lexicase,FALSE,10,elitize_generation_data,44,49,0.784,NA
46,92,double-letters,lexicase,FALSE,10,elitize_generation_data,45,56,0.832,NA
47,92,double-letters,lexicase,FALSE,10,elitize_generation_data,46,54,0.858,NA
48,92,double-letters,lexicase,FALSE,10,elitize_generation_data,47,58,0.846,NA
49,92,double-letters,lexicase,FALSE,10,elitize_generation_data,48,57,0.84,NA
50,92,double-letters,lexicase,FALSE,10,elitize_generation_data,49,54,0.83,NA
51,92,double-letters,lexicase,FALSE,10,elitize_generation_data,50,69,0.834,NA
52,92,double-letters,lexicase,FALSE,10,elitize_generation_data,51,68,0.86,NA
53,92,double-letters,lexicase,FALSE,10,elitize_generation_data,52,77,0.881,NA
54,92,double-letters,lexicase,FALSE,10,elitize_generation_data,53,80,0.879,NA
55,92,double-letters,lexicase,FALSE,10,elitize_generation_data,54,83,0.901,NA
56,92,double-letters,lexicase,FALSE,10,elitize_generation_data,55,92,0.888,NA
57,92,double-letters,lexicase,FALSE,10,elitize_generation_data,56,91,0.903,NA
58,92,double-letters,lexicase,FALSE,10,elitize_generation_data,57,83,0.885,NA
59,92,double-letters,lexicase,FALSE,10,elitize_generation_data,58,80,0.882,NA
60,92,double-letters,lexicase,FALSE,10,elitize_generation_data,59,83,0.877,NA
61,92,double-letters,lexicase,FALSE,10,elitize_generation_data,60,84,0.877,NA
62,92,double-letters,lexicase,FALSE,10,elitize_generation_data,61,88,0.884,NA
63,92,double-letters,lexicase,FALSE,10,elitize_generation_data,62,94,0.906,NA
64,92,double-letters,lexicase,FALSE,10,elitize_generation_data,63,82,0.876,NA
65,92,double-letters,lexicase,FALSE,10,elitize_generation_data,64,85,0.884,NA
66,92,double-letters,lexicase,FALSE,10,elitize_generation_data,65,90,0.876,NA
67,92,double-letters,lexicase,FALSE,10,elitize_generation_data,66,91,0.905,NA
68,92,double-letters,lexicase,FALSE,10,elitize_generation_data,67,95,0.89,NA
69,92,double-letters,lexicase,FALSE,10,elitize_generation_data,68,84,0.889,NA
70,92,double-letters,lexicase,FALSE,10,elitize_generation_data,69,77,0.894,NA
71,92,double-letters,lexicase,FALSE,10,elitize_generation_data,70,90,0.904,NA
72,92,double-letters,lexicase,FALSE,10,elitize_generation_data,71,92,0.904,NA
73,92,double-letters,lexicase,FALSE,10,elitize_generation_data,72,103,0.931,NA
74,92,double-letters,lexicase,FALSE,10,elitize_generation_data,73,92,0.904,NA
75,92,double-letters,lexicase,FALSE,10,elitize_generation_data,74,92,0.897,NA
76,92,double-letters,lexicase,FALSE,10,elitize_generation_data,75,87,0.89,NA
77,92,double-letters,lexicase,FALSE,10,elitize_generation_data,76,88,0.912,NA
78,92,double-letters,lexicase,FALSE,10,elitize_generation_data,77,93,0.927,NA
79,92,double-letters,lexicase,FALSE,10,elitize_generation_data,78,95,0.916,NA
80,92,double-letters,lexicase,FALSE,10,elitize_generation_data,79,92,0.928,NA
81,92,double-letters,lexicase,FALSE,10,elitize_generation_data,80,90,0.916,NA
82,92,double-letters,lexicase,FALSE,10,elitize_generation_data,81,89,0.919,NA
83,92,double-letters,lexicase,FALSE,10,elitize_generation_data,82,85,0.935,NA
84,92,double-letters,lexicase,FALSE,10,elitize_generation_data,83,92,0.917,NA
85,92,double-letters,lexicase,FALSE,10,elitize_generation_data,84,93,0.913,NA
86,92,double-letters,lexicase,FALSE,10,elitize_generation_data,85,99,0.915,NA
87,92,double-letters,lexicase,FALSE,10,elitize_generation_data,86,107,0.897,NA
88,92,double-letters,lexicase,FALSE,10,elitize_generation_data,87,95,0.93,NA
89,92,double-letters,lexicase,FALSE,10,elitize_generation_data,88,112,0.897,NA
90,92,double-letters,lexicase,FALSE,10,elitize_generation_data,89,105,0.922,NA
91,92,double-letters,lexicase,FALSE,10,elitize_generation_data,90,102,0.927,NA
92,92,double-letters,lexicase,FALSE,10,elitize_generation_data,91,95,0.923,NA
93,92,double-letters,lexicase,FALSE,10,elitize_generation_data,92,99,0.906,NA
94,92,double-letters,lexicase,FALSE,10,elitize_generation_data,93,99,0.907,NA
95,92,double-letters,lexicase,FALSE,10,elitize_generation_data,94,97,0.916,NA
96,92,double-letters,lexicase,FALSE,10,elitize_generation_data,95,108,0.914,NA
97,92,double-letters,lexicase,FALSE,10,elitize_generation_data,96,120,0.893,NA
98,92,double-letters,lexicase,FALSE,10,elitize_generation_data,97,109,0.904,NA
99,92,double-letters,lexicase,FALSE,10,elitize_generation_data,98,103,0.912,NA
100,92,double-letters,lexicase,FALSE,10,elitize_generation_data,99,97,0.931,NA
101,92,double-letters,lexicase,FALSE,10,elitize_generation_data,100,106,0.923,NA
102,92,double-letters,lexicase,FALSE,10,elitize_generation_data,101,102,0.897,NA
103,92,double-letters,lexicase,FALSE,10,elitize_generation_data,102,97,0.924,NA
104,92,double-letters,lexicase,FALSE,10,elitize_generation_data,103,104,0.92,NA
105,92,double-letters,lexicase,FALSE,10,elitize_generation_data,104,119,0.913,NA
106,92,double-letters,lexicase,FALSE,10,elitize_generation_data,105,117,0.914,NA
107,92,double-letters,lexicase,FALSE,10,elitize_generation_data,106,110,0.918,NA
108,92,double-letters,lexicase,FALSE,10,elitize_generation_data,107,96,0.917,NA
109,92,double-letters,lexicase,FALSE,10,elitize_generation_data,108,100,0.916,NA
110,92,double-letters,lexicase,FALSE,10,elitize_generation_data,109,105,0.923,NA
111,92,double-letters,lexicase,FALSE,10,elitize_generation_data,110,113,0.93,NA
112,92,double-letters,lexicase,FALSE,10,elitize_generation_data,111,107,0.93,NA
113,92,double-letters,lexicase,FALSE,10,elitize_generation_data,112,95,0.915,NA
114,92,double-letters,lexicase,FALSE,10,elitize_generation_data,113,105,0.93,NA
115,92,double-letters,lexicase,FALSE,10,elitize_generation_data,114,96,0.925,NA
116,92,double-letters,lexicase,FALSE,10,elitize_generation_data,115,102,0.92,NA
117,92,double-letters,lexicase,FALSE,10,elitize_generation_data,116,89,0.919,NA
118,92,double-letters,lexicase,FALSE,10,elitize_generation_data,117,112,0.926,NA
119,92,double-letters,lexicase,FALSE,10,elitize_generation_data,118,98,0.925,NA
120,92,double-letters,lexicase,FALSE,10,elitize_generation_data,119,104,0.929,NA
121,92,double-letters,lexicase,FALSE,10,elitize_generation_data,120,94,0.924,NA
122,92,double-letters,lexicase,FALSE,10,elitize_generation_data,121,93,0.918,NA
123,92,double-letters,lexicase,FALSE,10,elitize_generation_data,122,92,0.929,NA
124,92,double-letters,lexicase,FALSE,10,elitize_generation_data,123,93,0.903,NA
125,92,double-letters,lexicase,FALSE,10,elitize_generation_data,124,110,0.914,NA
126,92,double-letters,lexicase,FALSE,10,elitize_generation_data,125,112,0.911,NA
127,92,double-letters,lexicase,FALSE,10,elitize_generation_data,126,93,0.917,NA
128,92,double-letters,lexicase,FALSE,10,elitize_generation_data,127,97,0.915,NA
129,92,double-letters,lexicase,FALSE,10,elitize_generation_data,128,104,0.913,NA
130,92,double-letters,lexicase,FALSE,10,elitize_generation_data,129,95,0.898,NA
131,92,double-letters,lexicase,FALSE,10,elitize_generation_data,130,116,0.927,NA
132,92,double-letters,lexicase,FALSE,10,elitize_generation_data,131,106,0.921,NA
133,92,double-letters,lexicase,FALSE,10,elitize_generation_data,132,94,0.895,NA
134,92,double-letters,lexicase,FALSE,10,elitize_generation_data,133,98,0.915,NA
135,92,double-letters,lexicase,FALSE,10,elitize_generation_data,134,95,0.914,NA
136,92,double-letters,lexicase,FALSE,10,elitize_generation_data,135,104,0.885,NA
137,92,double-letters,lexicase,FALSE,10,elitize_generation_data,136,98,0.907,NA
138,92,double-letters,lexicase,FALSE,10,elitize_generation_data,137,96,0.897,NA
139,92,double-letters,lexicase,FALSE,10,elitize_generation_data,138,92,0.908,NA
140,92,double-letters,lexicase,FALSE,10,elitize_generation_data,139,86,0.927,NA
141,92,double-letters,lexicase,FALSE,10,elitize_generation_data,140,91,0.897,NA
142,92,double-letters,lexicase,FALSE,10,elitize_generation_data,141,90,0.883,NA
143,92,double-letters,lexicase,FALSE,10,elitize_generation_data,142,89,0.91,NA
144,92,double-letters,lexicase,FALSE,10,elitize_generation_data,143,84,0.912,NA
145,92,double-letters,lexicase,FALSE,10,elitize_generation_data,144,97,0.907,NA
146,92,double-letters,lexicase,FALSE,10,elitize_generation_data,145,102,0.897,NA
147,92,double-letters,lexicase,FALSE,10,elitize_generation_data,146,95,0.902,NA
148,92,double-letters,lexicase,FALSE,10,elitize_generation_data,147,87,0.908,NA
149,92,double-letters,lexicase,FALSE,10,elitize_generation_data,148,80,0.917,NA
150,92,double-letters,lexicase,FALSE,10,elitize_generation_data,149,98,0.903,NA
151,92,double-letters,lexicase,FALSE,10,elitize_generation_data,150,98,0.9,NA
152,92,double-letters,lexicase,FALSE,10,elitize_generation_data,151,101,0.91,NA
153,92,double-letters,lexicase,FALSE,10,elitize_generation_data,152,109,0.92,NA
154,92,double-letters,lexicase,FALSE,10,elitize_generation_data,153,105,0.901,NA
155,92,double-letters,lexicase,FALSE,10,elitize_generation_data,154,98,0.912,NA
156,92,double-letters,lexicase,FALSE,10,elitize_generation_data,155,97,0.901,NA
157,92,double-letters,lexicase,FALSE,10,elitize_generation_data,156,96,0.913,NA
158,92,double-letters,lexicase,FALSE,10,elitize_generation_data,157,93,0.896,NA
159,92,double-letters,lexicase,FALSE,10,elitize_generation_data,158,105,0.893,NA
160,92,double-letters,lexicase,FALSE,10,elitize_generation_data,159,92,0.912,NA
161,92,double-letters,lexicase,FALSE,10,elitize_generation_data,160,89,0.884,NA
162,92,double-letters,lexicase,FALSE,10,elitize_generation_data,161,95,0.91,NA
163,92,double-letters,lexicase,FALSE,10,elitize_generation_data,162,93,0.907,NA
164,92,double-letters,lexicase,FALSE,10,elitize_generation_data,163,82,0.901,NA
165,92,double-letters,lexicase,FALSE,10,elitize_generation_data,164,73,0.911,NA
166,92,double-letters,lexicase,FALSE,10,elitize_generation_data,165,59,0.911,NA
167,92,double-letters,lexicase,FALSE,10,elitize_generation_data,166,58,0.884,NA
168,92,double-letters,lexicase,FALSE,10,elitize_generation_data,167,54,0.872,NA
169,92,double-letters,lexicase,FALSE,10,elitize_generation_data,168,42,0.854,NA
170,92,double-letters,lexicase,FALSE,10,elitize_generation_data,169,41,0.767,NA
171,92,double-letters,lexicase,FALSE,10,elitize_generation_data,170,41,0.757,NA
172,92,double-letters,lexicase,FALSE,10,elitize_generation_data,171,32,0.738,NA
173,92,double-letters,lexicase,FALSE,10,elitize_generation_data,172,36,0.738,NA
174,92,double-letters,lexicase,FALSE,10,elitize_generation_data,173,42,0.781,NA
175,92,double-letters,lexicase,FALSE,10,elitize_generation_data,174,35,0.77,NA
176,92,double-letters,lexicase,FALSE,10,elitize_generation_data,175,40,0.753,NA
177,92,double-letters,lexicase,FALSE,10,elitize_generation_data,176,45,0.767,NA
178,92,double-letters,lexicase,FALSE,10,elitize_generation_data,177,47,0.743,NA
179,92,double-letters,lexicase,FALSE,10,elitize_generation_data,178,48,0.731,NA
180,92,double-letters,lexicase,FALSE,10,elitize_generation_data,179,47,0.755,NA
181,92,double-letters,lexicase,FALSE,10,elitize_generation_data,180,40,0.721,NA
182,92,double-letters,lexicase,FALSE,10,elitize_generation_data,181,45,0.745,NA
183,92,double-letters,lexicase,FALSE,10,elitize_generation_data,182,39,0.735,NA
184,92,double-letters,lexicase,FALSE,10,elitize_generation_data,183,32,0.717,NA
185,92,double-letters,lexicase,FALSE,10,elitize_generation_data,184,31,0.732,NA
186,92,double-letters,lexicase,FALSE,10,elitize_generation_data,185,30,0.731,NA
187,92,double-letters,lexicase,FALSE,10,elitize_generation_data,186,28,0.768,NA
188,92,double-letters,lexicase,FALSE,10,elitize_generation_data,187,27,0.735,NA
189,92,double-letters,lexicase,FALSE,10,elitize_generation_data,188,23,0.722,NA
190,92,double-letters,lexicase,FALSE,10,elitize_generation_data,189,24,0.717,NA
191,92,double-letters,lexicase,FALSE,10,elitize_generation_data,190,23,0.717,NA
192,92,double-letters,lexicase,FALSE,10,elitize_generation_data,191,27,0.72,NA
193,92,double-letters,lexicase,FALSE,10,elitize_generation_data,192,22,0.712,NA
194,92,double-letters,lexicase,FALSE,10,elitize_generation_data,193,27,0.697,NA
195,92,double-letters,lexicase,FALSE,10,elitize_generation_data,194,27,0.699,NA
196,92,double-letters,lexicase,FALSE,10,elitize_generation_data,195,21,0.715,NA
197,92,double-letters,lexicase,FALSE,10,elitize_generation_data,196,19,0.7,NA
198,92,double-letters,lexicase,FALSE,10,elitize_generation_data,197,19,0.713,NA
199,92,double-letters,lexicase,FALSE,10,elitize_generation_data,198,20,0.703,NA
200,92,double-letters,lexicase,FALSE,10,elitize_generation_data,199,16,0.697,NA
201,92,double-letters,lexicase,FALSE,10,elitize_generation_data,200,16,0.725,NA
202,92,double-letters,lexicase,FALSE,10,elitize_generation_data,201,16,0.699,NA
203,92,double-letters,lexicase,FALSE,10,elitize_generation_data,202,20,0.749,NA
204,92,double-letters,lexicase,FALSE,10,elitize_generation_data,203,20,0.728,NA
205,92,double-letters,lexicase,FALSE,10,elitize_generation_data,204,17,0.745,NA
206,92,double-letters,lexicase,FALSE,10,elitize_generation_data,205,23,0.736,NA
207,92,double-letters,lexicase,FALSE,10,elitize_generation_data,206,21,0.734,NA
208,92,double-letters,lexicase,FALSE,10,elitize_generation_data,207,23,0.741,NA
209,92,double-letters,lexicase,FALSE,10,elitize_generation_data,208,19,0.692,NA
210,92,double-letters,lexicase,FALSE,10,elitize_generation_data,209,20,0.71,NA
211,92,double-letters,lexicase,FALSE,10,elitize_generation_data,210,21,0.745,NA
212,92,double-letters,lexicase,FALSE,10,elitize_generation_data,211,20,0.745,NA
213,92,double-letters,lexicase,FALSE,10,elitize_generation_data,212,18,0.734,NA
214,92,double-letters,lexicase,FALSE,10,elitize_generation_data,213,21,0.713,NA
215,92,double-letters,lexicase,FALSE,10,elitize_generation_data,214,23,0.708,NA
216,92,double-letters,lexicase,FALSE,10,elitize_generation_data,215,22,0.741,NA
217,92,double-letters,lexicase,FALSE,10,elitize_generation_data,216,21,0.751,NA
218,92,double-letters,lexicase,FALSE,10,elitize_generation_data,217,23,0.747,NA
219,92,double-letters,lexicase,FALSE,10,elitize_generation_data,218,23,0.725,NA
220,92,double-letters,lexicase,FALSE,10,elitize_generation_data,219,23,0.741,NA
221,92,double-letters,lexicase,FALSE,10,elitize_generation_data,220,16,0.719,NA
222,92,double-letters,lexicase,FALSE,10,elitize_generation_data,221,23,0.736,NA
223,92,double-letters,lexicase,FALSE,10,elitize_generation_data,222,22,0.74,NA
224,92,double-letters,lexicase,FALSE,10,elitize_generation_data,223,20,0.723,NA
225,92,double-letters,lexicase,FALSE,10,elitize_generation_data,224,21,0.729,NA
226,92,double-letters,lexicase,FALSE,10,elitize_generation_data,225,20,0.765,NA
227,92,double-letters,lexicase,FALSE,10,elitize_generation_data,226,19,0.749,NA
228,92,double-letters,lexicase,FALSE,10,elitize_generation_data,227,20,0.73,NA
229,92,double-letters,lexicase,FALSE,10,elitize_generation_data,228,19,0.751,NA
230,92,double-letters,lexicase,FALSE,10,elitize_generation_data,229,22,0.782,NA
231,92,double-letters,lexicase,FALSE,10,elitize_generation_data,230,18,0.749,NA
232,92,double-letters,lexicase,FALSE,10,elitize_generation_data,231,17,0.757,NA
233,92,double-letters,lexicase,FALSE,10,elitize_generation_data,232,21,0.738,NA
234,92,double-letters,lexicase,FALSE,10,elitize_generation_data,233,17,0.776,NA
235,92,double-letters,lexicase,FALSE,10,elitize_generation_data,234,17,0.752,NA
236,92,double-letters,lexicase,FALSE,10,elitize_generation_data,235,18,0.758,NA
237,92,double-letters,lexicase,FALSE,10,elitize_generation_data,236,17,0.768,NA
238,92,double-letters,lexicase,FALSE,10,elitize_generation_data,237,21,0.751,NA
239,92,double-letters,lexicase,FALSE,10,elitize_generation_data,238,16,0.744,NA
240,92,double-letters,lexicase,FALSE,10,elitize_generation_data,239,22,0.736,NA
241,92,double-letters,lexicase,FALSE,10,elitize_generation_data,240,23,0.722,NA
242,92,double-letters,lexicase,FALSE,10,elitize_generation_data,241,22,0.721,NA
243,92,double-letters,lexicase,FALSE,10,elitize_generation_data,242,21,0.711,NA
244,92,double-letters,lexicase,FALSE,10,elitize_generation_data,243,28,0.737,NA
245,92,double-letters,lexicase,FALSE,10,elitize_generation_data,244,23,0.739,NA
246,92,double-letters,lexicase,FALSE,10,elitize_generation_data,245,16,0.743,NA
247,92,double-letters,lexicase,FALSE,10,elitize_generation_data,246,21,0.727,NA
248,92,double-letters,lexicase,FALSE,10,elitize_generation_data,247,19,0.753,NA
249,92,double-letters,lexicase,FALSE,10,elitize_generation_data,248,18,0.73,NA
250,92,double-letters,lexicase,FALSE,10,elitize_generation_data,249,18,0.755,NA
251,92,double-letters,lexicase,FALSE,10,elitize_generation_data,250,24,0.675,NA
252,92,double-letters,lexicase,FALSE,10,elitize_generation_data,251,34,0.661,NA
253,92,double-letters,lexicase,FALSE,10,elitize_generation_data,252,34,0.654,NA
254,92,double-letters,lexicase,FALSE,10,elitize_generation_data,253,36,0.676,NA
255,92,double-letters,lexicase,FALSE,10,elitize_generation_data,254,44,0.743,NA
256,92,double-letters,lexicase,FALSE,10,elitize_generation_data,255,42,0.77,NA
257,92,double-letters,lexicase,FALSE,10,elitize_generation_data,256,33,0.788,NA
258,92,double-letters,lexicase,FALSE,10,elitize_generation_data,257,38,0.818,NA
259,92,double-letters,lexicase,FALSE,10,elitize_generation_data,258,32,0.815,NA
260,92,double-letters,lexicase,FALSE,10,elitize_generation_data,259,41,0.834,NA
261,92,double-letters,lexicase,FALSE,10,elitize_generation_data,260,39,0.806,NA
262,92,double-letters,lexicase,FALSE,10,elitize_generation_data,261,45,0.845,NA
263,92,double-letters,lexicase,FALSE,10,elitize_generation_data,262,47,0.821,NA
264,92,double-letters,lexicase,FALSE,10,elitize_generation_data,263,42,0.855,NA
265,92,double-letters,lexicase,FALSE,10,elitize_generation_data,264,34,0.845,NA
266,92,double-letters,lexicase,FALSE,10,elitize_generation_data,265,34,0.855,NA
267,92,double-letters,lexicase,FALSE,10,elitize_generation_data,266,39,0.834,NA
268,92,double-letters,lexicase,FALSE,10,elitize_generation_data,267,35,0.775,NA
269,92,double-letters,lexicase,FALSE,10,elitize_generation_data,268,35,0.797,NA
270,92,double-letters,lexicase,FALSE,10,elitize_generation_data,269,33,0.792,NA
271,92,double-letters,lexicase,FALSE,10,elitize_generation_data,270,39,0.778,NA
272,92,double-letters,lexicase,FALSE,10,elitize_generation_data,271,41,0.797,NA
273,92,double-letters,lexicase,FALSE,10,elitize_generation_data,272,34,0.786,NA
274,92,double-letters,lexicase,FALSE,10,elitize_generation_data,273,39,0.808,NA
275,92,double-letters,lexicase,FALSE,10,elitize_generation_data,274,36,0.793,NA
276,92,double-letters,lexicase,FALSE,10,elitize_generation_data,275,42,0.786,NA
277,92,double-letters,lexicase,FALSE,10,elitize_generation_data,276,33,0.778,NA
278,92,double-letters,lexicase,FALSE,10,elitize_generation_data,277,35,0.772,NA
279,92,double-letters,lexicase,FALSE,10,elitize_generation_data,278,38,0.771,NA
280,92,double-letters,lexicase,FALSE,10,elitize_generation_data,279,32,0.764,NA
281,92,double-letters,lexicase,FALSE,10,elitize_generation_data,280,39,0.737,NA
282,92,double-letters,lexicase,FALSE,10,elitize_generation_data,281,40,0.719,NA
283,92,double-letters,lexicase,FALSE,10,elitize_generation_data,282,32,0.753,NA
284,92,double-letters,lexicase,FALSE,10,elitize_generation_data,283,44,0.731,NA
285,92,double-letters,lexicase,FALSE,10,elitize_generation_data,284,40,0.736,NA
286,92,double-letters,lexicase,FALSE,10,elitize_generation_data,285,47,0.745,NA
287,92,double-letters,lexicase,FALSE,10,elitize_generation_data,286,39,0.747,NA
288,92,double-letters,lexicase,FALSE,10,elitize_generation_data,287,38,0.71,NA
289,92,double-letters,lexicase,FALSE,10,elitize_generation_data,288,46,0.756,NA
290,92,double-letters,lexicase,FALSE,10,elitize_generation_data,289,44,0.726,NA
291,92,double-letters,lexicase,FALSE,10,elitize_generation_data,290,41,0.742,NA
292,92,double-letters,lexicase,FALSE,10,elitize_generation_data,291,48,0.725,NA
293,92,double-letters,lexicase,FALSE,10,elitize_generation_data,292,39,0.723,NA
294,92,double-letters,lexicase,FALSE,10,elitize_generation_data,293,39,0.722,NA
295,92,double-letters,lexicase,FALSE,10,elitize_generation_data,294,49,0.736,NA
296,92,double-letters,lexicase,FALSE,10,elitize_generation_data,295,45,0.768,NA
297,92,double-letters,lexicase,FALSE,10,elitize_generation_data,296,50,0.777,NA
298,92,double-letters,lexicase,FALSE,10,elitize_generation_data,297,42,0.745,NA
299,92,double-letters,lexicase,FALSE,10,elitize_generation_data,298,42,0.757,NA
300,92,double-letters,lexicase,FALSE,10,elitize_generation_data,299,34,0.733,NA
301,92,double-letters,lexicase,FALSE,10,elitize_generation_data,300,47,0.77,NA
