,run.num,problem,treatment,succeeded,height,normalization.function,generation,cluster.count,error.diversity,success.generation
1,22,double-letters,lexicase,TRUE,10,elitize_generation_data,0,4,0.379,122
2,22,double-letters,lexicase,TRUE,10,elitize_generation_data,1,5,0.064,122
3,22,double-letters,lexicase,TRUE,10,elitize_generation_data,2,4,0.092,122
4,22,double-letters,lexicase,TRUE,10,elitize_generation_data,3,8,0.119,122
5,22,double-letters,lexicase,TRUE,10,elitize_generation_data,4,11,0.164,122
6,22,double-letters,lexicase,TRUE,10,elitize_generation_data,5,20,0.228,122
7,22,double-letters,lexicase,TRUE,10,elitize_generation_data,6,27,0.286,122
8,22,double-letters,lexicase,TRUE,10,elitize_generation_data,7,30,0.341,122
9,22,double-letters,lexicase,TRUE,10,elitize_generation_data,8,24,0.433,122
10,22,double-letters,lexicase,TRUE,10,elitize_generation_data,9,16,0.44,122
11,22,double-letters,lexicase,TRUE,10,elitize_generation_data,10,14,0.453,122
12,22,double-letters,lexicase,TRUE,10,elitize_generation_data,11,12,0.476,122
13,22,double-letters,lexicase,TRUE,10,elitize_generation_data,12,10,0.523,122
14,22,double-letters,lexicase,TRUE,10,elitize_generation_data,13,6,0.524,122
15,22,double-letters,lexicase,TRUE,10,elitize_generation_data,14,6,0.55,122
16,22,double-letters,lexicase,TRUE,10,elitize_generation_data,15,4,0.566,122
17,22,double-letters,lexicase,TRUE,10,elitize_generation_data,16,2,0.536,122
18,22,double-letters,lexicase,TRUE,10,elitize_generation_data,17,5,0.554,122
19,22,double-letters,lexicase,TRUE,10,elitize_generation_data,18,5,0.556,122
20,22,double-letters,lexicase,TRUE,10,elitize_generation_data,19,4,0.509,122
21,22,double-letters,lexicase,TRUE,10,elitize_generation_data,20,3,0.543,122
22,22,double-letters,lexicase,TRUE,10,elitize_generation_data,21,3,0.526,122
23,22,double-letters,lexicase,TRUE,10,elitize_generation_data,22,3,0.523,122
24,22,double-letters,lexicase,TRUE,10,elitize_generation_data,23,3,0.508,122
25,22,double-letters,lexicase,TRUE,10,elitize_generation_data,24,3,0.576,122
26,22,double-letters,lexicase,TRUE,10,elitize_generation_data,25,2,0.577,122
27,22,double-letters,lexicase,TRUE,10,elitize_generation_data,26,4,0.575,122
28,22,double-letters,lexicase,TRUE,10,elitize_generation_data,27,3,0.585,122
29,22,double-letters,lexicase,TRUE,10,elitize_generation_data,28,3,0.603,122
30,22,double-letters,lexicase,TRUE,10,elitize_generation_data,29,2,0.624,122
31,22,double-letters,lexicase,TRUE,10,elitize_generation_data,30,2,0.623,122
32,22,double-letters,lexicase,TRUE,10,elitize_generation_data,31,3,0.64,122
33,22,double-letters,lexicase,TRUE,10,elitize_generation_data,32,3,0.647,122
34,22,double-letters,lexicase,TRUE,10,elitize_generation_data,33,3,0.635,122
35,22,double-letters,lexicase,TRUE,10,elitize_generation_data,34,3,0.653,122
36,22,double-letters,lexicase,TRUE,10,elitize_generation_data,35,7,0.666,122
37,22,double-letters,lexicase,TRUE,10,elitize_generation_data,36,7,0.641,122
38,22,double-letters,lexicase,TRUE,10,elitize_generation_data,37,6,0.657,122
39,22,double-letters,lexicase,TRUE,10,elitize_generation_data,38,8,0.626,122
40,22,double-letters,lexicase,TRUE,10,elitize_generation_data,39,18,0.336,122
41,22,double-letters,lexicase,TRUE,10,elitize_generation_data,40,22,0.379,122
42,22,double-letters,lexicase,TRUE,10,elitize_generation_data,41,22,0.375,122
43,22,double-letters,lexicase,TRUE,10,elitize_generation_data,42,33,0.436,122
44,22,double-letters,lexicase,TRUE,10,elitize_generation_data,43,38,0.446,122
45,22,double-letters,lexicase,TRUE,10,elitize_generation_data,44,52,0.52,122
46,22,double-letters,lexicase,TRUE,10,elitize_generation_data,45,58,0.53,122
47,22,double-letters,lexicase,TRUE,10,elitize_generation_data,46,64,0.586,122
48,22,double-letters,lexicase,TRUE,10,elitize_generation_data,47,62,0.569,122
49,22,double-letters,lexicase,TRUE,10,elitize_generation_data,48,67,0.563,122
50,22,double-letters,lexicase,TRUE,10,elitize_generation_data,49,84,0.596,122
51,22,double-letters,lexicase,TRUE,10,elitize_generation_data,50,72,0.578,122
52,22,double-letters,lexicase,TRUE,10,elitize_generation_data,51,75,0.602,122
53,22,double-letters,lexicase,TRUE,10,elitize_generation_data,52,70,0.604,122
54,22,double-letters,lexicase,TRUE,10,elitize_generation_data,53,80,0.62,122
55,22,double-letters,lexicase,TRUE,10,elitize_generation_data,54,66,0.59,122
56,22,double-letters,lexicase,TRUE,10,elitize_generation_data,55,58,0.611,122
57,22,double-letters,lexicase,TRUE,10,elitize_generation_data,56,60,0.556,122
58,22,double-letters,lexicase,TRUE,10,elitize_generation_data,57,58,0.556,122
59,22,double-letters,lexicase,TRUE,10,elitize_generation_data,58,58,0.584,122
60,22,double-letters,lexicase,TRUE,10,elitize_generation_data,59,54,0.57,122
61,22,double-letters,lexicase,TRUE,10,elitize_generation_data,60,49,0.552,122
62,22,double-letters,lexicase,TRUE,10,elitize_generation_data,61,55,0.564,122
63,22,double-letters,lexicase,TRUE,10,elitize_generation_data,62,56,0.555,122
64,22,double-letters,lexicase,TRUE,10,elitize_generation_data,63,66,0.583,122
65,22,double-letters,lexicase,TRUE,10,elitize_generation_data,64,57,0.588,122
66,22,double-letters,lexicase,TRUE,10,elitize_generation_data,65,63,0.614,122
67,22,double-letters,lexicase,TRUE,10,elitize_generation_data,66,54,0.6,122
68,22,double-letters,lexicase,TRUE,10,elitize_generation_data,67,55,0.652,122
69,22,double-letters,lexicase,TRUE,10,elitize_generation_data,68,68,0.684,122
70,22,double-letters,lexicase,TRUE,10,elitize_generation_data,69,70,0.677,122
71,22,double-letters,lexicase,TRUE,10,elitize_generation_data,70,70,0.655,122
72,22,double-letters,lexicase,TRUE,10,elitize_generation_data,71,84,0.688,122
73,22,double-letters,lexicase,TRUE,10,elitize_generation_data,72,74,0.691,122
74,22,double-letters,lexicase,TRUE,10,elitize_generation_data,73,79,0.709,122
75,22,double-letters,lexicase,TRUE,10,elitize_generation_data,74,86,0.721,122
76,22,double-letters,lexicase,TRUE,10,elitize_generation_data,75,86,0.707,122
77,22,double-letters,lexicase,TRUE,10,elitize_generation_data,76,89,0.681,122
78,22,double-letters,lexicase,TRUE,10,elitize_generation_data,77,79,0.691,122
79,22,double-letters,lexicase,TRUE,10,elitize_generation_data,78,72,0.72,122
80,22,double-letters,lexicase,TRUE,10,elitize_generation_data,79,67,0.653,122
81,22,double-letters,lexicase,TRUE,10,elitize_generation_data,80,62,0.682,122
82,22,double-letters,lexicase,TRUE,10,elitize_generation_data,81,64,0.677,122
83,22,double-letters,lexicase,TRUE,10,elitize_generation_data,82,78,0.713,122
84,22,double-letters,lexicase,TRUE,10,elitize_generation_data,83,61,0.694,122
85,22,double-letters,lexicase,TRUE,10,elitize_generation_data,84,71,0.699,122
86,22,double-letters,lexicase,TRUE,10,elitize_generation_data,85,73,0.668,122
87,22,double-letters,lexicase,TRUE,10,elitize_generation_data,86,69,0.674,122
88,22,double-letters,lexicase,TRUE,10,elitize_generation_data,87,75,0.705,122
89,22,double-letters,lexicase,TRUE,10,elitize_generation_data,88,76,0.716,122
90,22,double-letters,lexicase,TRUE,10,elitize_generation_data,89,76,0.696,122
91,22,double-letters,lexicase,TRUE,10,elitize_generation_data,90,62,0.687,122
92,22,double-letters,lexicase,TRUE,10,elitize_generation_data,91,66,0.727,122
93,22,double-letters,lexicase,TRUE,10,elitize_generation_data,92,52,0.701,122
94,22,double-letters,lexicase,TRUE,10,elitize_generation_data,93,56,0.684,122
95,22,double-letters,lexicase,TRUE,10,elitize_generation_data,94,57,0.717,122
96,22,double-letters,lexicase,TRUE,10,elitize_generation_data,95,74,0.696,122
97,22,double-letters,lexicase,TRUE,10,elitize_generation_data,96,69,0.717,122
98,22,double-letters,lexicase,TRUE,10,elitize_generation_data,97,62,0.702,122
99,22,double-letters,lexicase,TRUE,10,elitize_generation_data,98,64,0.707,122
100,22,double-letters,lexicase,TRUE,10,elitize_generation_data,99,55,0.709,122
101,22,double-letters,lexicase,TRUE,10,elitize_generation_data,100,62,0.691,122
102,22,double-letters,lexicase,TRUE,10,elitize_generation_data,101,60,0.682,122
103,22,double-letters,lexicase,TRUE,10,elitize_generation_data,102,51,0.683,122
104,22,double-letters,lexicase,TRUE,10,elitize_generation_data,103,57,0.698,122
105,22,double-letters,lexicase,TRUE,10,elitize_generation_data,104,53,0.687,122
106,22,double-letters,lexicase,TRUE,10,elitize_generation_data,105,59,0.698,122
107,22,double-letters,lexicase,TRUE,10,elitize_generation_data,106,57,0.723,122
108,22,double-letters,lexicase,TRUE,10,elitize_generation_data,107,60,0.705,122
109,22,double-letters,lexicase,TRUE,10,elitize_generation_data,108,47,0.674,122
110,22,double-letters,lexicase,TRUE,10,elitize_generation_data,109,46,0.692,122
111,22,double-letters,lexicase,TRUE,10,elitize_generation_data,110,45,0.704,122
112,22,double-letters,lexicase,TRUE,10,elitize_generation_data,111,36,0.698,122
113,22,double-letters,lexicase,TRUE,10,elitize_generation_data,112,55,0.713,122
114,22,double-letters,lexicase,TRUE,10,elitize_generation_data,113,48,0.693,122
115,22,double-letters,lexicase,TRUE,10,elitize_generation_data,114,51,0.716,122
116,22,double-letters,lexicase,TRUE,10,elitize_generation_data,115,44,0.711,122
117,22,double-letters,lexicase,TRUE,10,elitize_generation_data,116,59,0.692,122
118,22,double-letters,lexicase,TRUE,10,elitize_generation_data,117,48,0.72,122
119,22,double-letters,lexicase,TRUE,10,elitize_generation_data,118,52,0.681,122
120,22,double-letters,lexicase,TRUE,10,elitize_generation_data,119,39,0.719,122
121,22,double-letters,lexicase,TRUE,10,elitize_generation_data,120,48,0.672,122
122,22,double-letters,lexicase,TRUE,10,elitize_generation_data,121,39,0.634,122
123,22,double-letters,lexicase,TRUE,10,elitize_generation_data,122,54,0.571,122
