,run.num,problem,treatment,succeeded,height,normalization.function,generation,cluster.count,error.diversity,success.generation
1,44,double-letters,ifs,FALSE,10,elitize_generation_data,0,5,0.341,NA
2,44,double-letters,ifs,FALSE,10,elitize_generation_data,1,6,0.152,NA
3,44,double-letters,ifs,FALSE,10,elitize_generation_data,2,6,0.236,NA
4,44,double-letters,ifs,FALSE,10,elitize_generation_data,3,11,0.255,NA
5,44,double-letters,ifs,FALSE,10,elitize_generation_data,4,11,0.119,NA
6,44,double-letters,ifs,FALSE,10,elitize_generation_data,5,9,0.065,NA
7,44,double-letters,ifs,FALSE,10,elitize_generation_data,6,8,0.058,NA
8,44,double-letters,ifs,FALSE,10,elitize_generation_data,7,11,0.067,NA
9,44,double-letters,ifs,FALSE,10,elitize_generation_data,8,16,0.059,NA
10,44,double-letters,ifs,FALSE,10,elitize_generation_data,9,10,0.055,NA
11,44,double-letters,ifs,FALSE,10,elitize_generation_data,10,11,0.05,NA
12,44,double-letters,ifs,FALSE,10,elitize_generation_data,11,14,0.088,NA
13,44,double-letters,ifs,FALSE,10,elitize_generation_data,12,22,0.119,NA
14,44,double-letters,ifs,FALSE,10,elitize_generation_data,13,27,0.173,NA
15,44,double-letters,ifs,FALSE,10,elitize_generation_data,14,24,0.194,NA
16,44,double-letters,ifs,FALSE,10,elitize_generation_data,15,37,0.227,NA
17,44,double-letters,ifs,FALSE,10,elitize_generation_data,16,21,0.207,NA
18,44,double-letters,ifs,FALSE,10,elitize_generation_data,17,20,0.216,NA
19,44,double-letters,ifs,FALSE,10,elitize_generation_data,18,13,0.198,NA
20,44,double-letters,ifs,FALSE,10,elitize_generation_data,19,17,0.253,NA
21,44,double-letters,ifs,FALSE,10,elitize_generation_data,20,19,0.293,NA
22,44,double-letters,ifs,FALSE,10,elitize_generation_data,21,25,0.28,NA
23,44,double-letters,ifs,FALSE,10,elitize_generation_data,22,20,0.273,NA
24,44,double-letters,ifs,FALSE,10,elitize_generation_data,23,19,0.279,NA
25,44,double-letters,ifs,FALSE,10,elitize_generation_data,24,15,0.269,NA
26,44,double-letters,ifs,FALSE,10,elitize_generation_data,25,20,0.285,NA
27,44,double-letters,ifs,FALSE,10,elitize_generation_data,26,22,0.293,NA
28,44,double-letters,ifs,FALSE,10,elitize_generation_data,27,19,0.334,NA
29,44,double-letters,ifs,FALSE,10,elitize_generation_data,28,20,0.391,NA
30,44,double-letters,ifs,FALSE,10,elitize_generation_data,29,33,0.382,NA
31,44,double-letters,ifs,FALSE,10,elitize_generation_data,30,27,0.385,NA
32,44,double-letters,ifs,FALSE,10,elitize_generation_data,31,34,0.417,NA
33,44,double-letters,ifs,FALSE,10,elitize_generation_data,32,32,0.46,NA
34,44,double-letters,ifs,FALSE,10,elitize_generation_data,33,28,0.469,NA
35,44,double-letters,ifs,FALSE,10,elitize_generation_data,34,42,0.507,NA
36,44,double-letters,ifs,FALSE,10,elitize_generation_data,35,47,0.512,NA
37,44,double-letters,ifs,FALSE,10,elitize_generation_data,36,38,0.505,NA
38,44,double-letters,ifs,FALSE,10,elitize_generation_data,37,46,0.473,NA
39,44,double-letters,ifs,FALSE,10,elitize_generation_data,38,45,0.48,NA
40,44,double-letters,ifs,FALSE,10,elitize_generation_data,39,41,0.475,NA
41,44,double-letters,ifs,FALSE,10,elitize_generation_data,40,35,0.445,NA
42,44,double-letters,ifs,FALSE,10,elitize_generation_data,41,36,0.447,NA
43,44,double-letters,ifs,FALSE,10,elitize_generation_data,42,33,0.474,NA
44,44,double-letters,ifs,FALSE,10,elitize_generation_data,43,36,0.519,NA
45,44,double-letters,ifs,FALSE,10,elitize_generation_data,44,38,0.526,NA
46,44,double-letters,ifs,FALSE,10,elitize_generation_data,45,45,0.519,NA
47,44,double-letters,ifs,FALSE,10,elitize_generation_data,46,40,0.522,NA
48,44,double-letters,ifs,FALSE,10,elitize_generation_data,47,46,0.53,NA
49,44,double-letters,ifs,FALSE,10,elitize_generation_data,48,42,0.476,NA
50,44,double-letters,ifs,FALSE,10,elitize_generation_data,49,35,0.427,NA
51,44,double-letters,ifs,FALSE,10,elitize_generation_data,50,43,0.451,NA
52,44,double-letters,ifs,FALSE,10,elitize_generation_data,51,43,0.46,NA
53,44,double-letters,ifs,FALSE,10,elitize_generation_data,52,43,0.516,NA
54,44,double-letters,ifs,FALSE,10,elitize_generation_data,53,41,0.512,NA
55,44,double-letters,ifs,FALSE,10,elitize_generation_data,54,38,0.513,NA
56,44,double-letters,ifs,FALSE,10,elitize_generation_data,55,47,0.517,NA
57,44,double-letters,ifs,FALSE,10,elitize_generation_data,56,45,0.537,NA
58,44,double-letters,ifs,FALSE,10,elitize_generation_data,57,37,0.511,NA
59,44,double-letters,ifs,FALSE,10,elitize_generation_data,58,39,0.467,NA
60,44,double-letters,ifs,FALSE,10,elitize_generation_data,59,34,0.457,NA
61,44,double-letters,ifs,FALSE,10,elitize_generation_data,60,42,0.451,NA
62,44,double-letters,ifs,FALSE,10,elitize_generation_data,61,49,0.519,NA
63,44,double-letters,ifs,FALSE,10,elitize_generation_data,62,46,0.541,NA
64,44,double-letters,ifs,FALSE,10,elitize_generation_data,63,48,0.52,NA
65,44,double-letters,ifs,FALSE,10,elitize_generation_data,64,51,0.535,NA
66,44,double-letters,ifs,FALSE,10,elitize_generation_data,65,50,0.535,NA
67,44,double-letters,ifs,FALSE,10,elitize_generation_data,66,44,0.536,NA
68,44,double-letters,ifs,FALSE,10,elitize_generation_data,67,50,0.519,NA
69,44,double-letters,ifs,FALSE,10,elitize_generation_data,68,52,0.517,NA
70,44,double-letters,ifs,FALSE,10,elitize_generation_data,69,53,0.531,NA
71,44,double-letters,ifs,FALSE,10,elitize_generation_data,70,47,0.521,NA
72,44,double-letters,ifs,FALSE,10,elitize_generation_data,71,47,0.528,NA
73,44,double-letters,ifs,FALSE,10,elitize_generation_data,72,57,0.543,NA
74,44,double-letters,ifs,FALSE,10,elitize_generation_data,73,55,0.52,NA
75,44,double-letters,ifs,FALSE,10,elitize_generation_data,74,54,0.517,NA
76,44,double-letters,ifs,FALSE,10,elitize_generation_data,75,57,0.534,NA
77,44,double-letters,ifs,FALSE,10,elitize_generation_data,76,53,0.494,NA
78,44,double-letters,ifs,FALSE,10,elitize_generation_data,77,55,0.517,NA
79,44,double-letters,ifs,FALSE,10,elitize_generation_data,78,49,0.514,NA
80,44,double-letters,ifs,FALSE,10,elitize_generation_data,79,57,0.503,NA
81,44,double-letters,ifs,FALSE,10,elitize_generation_data,80,47,0.495,NA
82,44,double-letters,ifs,FALSE,10,elitize_generation_data,81,53,0.483,NA
83,44,double-letters,ifs,FALSE,10,elitize_generation_data,82,50,0.501,NA
84,44,double-letters,ifs,FALSE,10,elitize_generation_data,83,52,0.528,NA
85,44,double-letters,ifs,FALSE,10,elitize_generation_data,84,58,0.529,NA
86,44,double-letters,ifs,FALSE,10,elitize_generation_data,85,55,0.533,NA
87,44,double-letters,ifs,FALSE,10,elitize_generation_data,86,42,0.525,NA
88,44,double-letters,ifs,FALSE,10,elitize_generation_data,87,54,0.505,NA
89,44,double-letters,ifs,FALSE,10,elitize_generation_data,88,42,0.479,NA
90,44,double-letters,ifs,FALSE,10,elitize_generation_data,89,50,0.492,NA
91,44,double-letters,ifs,FALSE,10,elitize_generation_data,90,50,0.5,NA
92,44,double-letters,ifs,FALSE,10,elitize_generation_data,91,48,0.483,NA
93,44,double-letters,ifs,FALSE,10,elitize_generation_data,92,45,0.477,NA
94,44,double-letters,ifs,FALSE,10,elitize_generation_data,93,49,0.482,NA
95,44,double-letters,ifs,FALSE,10,elitize_generation_data,94,47,0.52,NA
96,44,double-letters,ifs,FALSE,10,elitize_generation_data,95,48,0.508,NA
97,44,double-letters,ifs,FALSE,10,elitize_generation_data,96,48,0.516,NA
98,44,double-letters,ifs,FALSE,10,elitize_generation_data,97,42,0.488,NA
99,44,double-letters,ifs,FALSE,10,elitize_generation_data,98,49,0.511,NA
100,44,double-letters,ifs,FALSE,10,elitize_generation_data,99,51,0.515,NA
101,44,double-letters,ifs,FALSE,10,elitize_generation_data,100,43,0.507,NA
102,44,double-letters,ifs,FALSE,10,elitize_generation_data,101,46,0.524,NA
103,44,double-letters,ifs,FALSE,10,elitize_generation_data,102,50,0.512,NA
104,44,double-letters,ifs,FALSE,10,elitize_generation_data,103,45,0.51,NA
105,44,double-letters,ifs,FALSE,10,elitize_generation_data,104,49,0.501,NA
106,44,double-letters,ifs,FALSE,10,elitize_generation_data,105,40,0.52,NA
107,44,double-letters,ifs,FALSE,10,elitize_generation_data,106,48,0.491,NA
108,44,double-letters,ifs,FALSE,10,elitize_generation_data,107,48,0.514,NA
109,44,double-letters,ifs,FALSE,10,elitize_generation_data,108,57,0.502,NA
110,44,double-letters,ifs,FALSE,10,elitize_generation_data,109,56,0.527,NA
111,44,double-letters,ifs,FALSE,10,elitize_generation_data,110,53,0.532,NA
112,44,double-letters,ifs,FALSE,10,elitize_generation_data,111,54,0.527,NA
113,44,double-letters,ifs,FALSE,10,elitize_generation_data,112,66,0.578,NA
114,44,double-letters,ifs,FALSE,10,elitize_generation_data,113,57,0.562,NA
115,44,double-letters,ifs,FALSE,10,elitize_generation_data,114,52,0.557,NA
116,44,double-letters,ifs,FALSE,10,elitize_generation_data,115,60,0.545,NA
117,44,double-letters,ifs,FALSE,10,elitize_generation_data,116,65,0.551,NA
118,44,double-letters,ifs,FALSE,10,elitize_generation_data,117,56,0.559,NA
119,44,double-letters,ifs,FALSE,10,elitize_generation_data,118,56,0.579,NA
120,44,double-letters,ifs,FALSE,10,elitize_generation_data,119,61,0.563,NA
121,44,double-letters,ifs,FALSE,10,elitize_generation_data,120,55,0.573,NA
122,44,double-letters,ifs,FALSE,10,elitize_generation_data,121,59,0.553,NA
123,44,double-letters,ifs,FALSE,10,elitize_generation_data,122,59,0.555,NA
124,44,double-letters,ifs,FALSE,10,elitize_generation_data,123,60,0.582,NA
125,44,double-letters,ifs,FALSE,10,elitize_generation_data,124,62,0.558,NA
126,44,double-letters,ifs,FALSE,10,elitize_generation_data,125,58,0.575,NA
127,44,double-letters,ifs,FALSE,10,elitize_generation_data,126,62,0.565,NA
128,44,double-letters,ifs,FALSE,10,elitize_generation_data,127,56,0.562,NA
129,44,double-letters,ifs,FALSE,10,elitize_generation_data,128,54,0.607,NA
130,44,double-letters,ifs,FALSE,10,elitize_generation_data,129,61,0.602,NA
131,44,double-letters,ifs,FALSE,10,elitize_generation_data,130,56,0.59,NA
132,44,double-letters,ifs,FALSE,10,elitize_generation_data,131,62,0.579,NA
133,44,double-letters,ifs,FALSE,10,elitize_generation_data,132,57,0.587,NA
134,44,double-letters,ifs,FALSE,10,elitize_generation_data,133,60,0.596,NA
135,44,double-letters,ifs,FALSE,10,elitize_generation_data,134,56,0.609,NA
136,44,double-letters,ifs,FALSE,10,elitize_generation_data,135,66,0.644,NA
137,44,double-letters,ifs,FALSE,10,elitize_generation_data,136,64,0.617,NA
138,44,double-letters,ifs,FALSE,10,elitize_generation_data,137,63,0.621,NA
139,44,double-letters,ifs,FALSE,10,elitize_generation_data,138,66,0.645,NA
140,44,double-letters,ifs,FALSE,10,elitize_generation_data,139,71,0.652,NA
141,44,double-letters,ifs,FALSE,10,elitize_generation_data,140,59,0.664,NA
142,44,double-letters,ifs,FALSE,10,elitize_generation_data,141,66,0.676,NA
143,44,double-letters,ifs,FALSE,10,elitize_generation_data,142,61,0.636,NA
144,44,double-letters,ifs,FALSE,10,elitize_generation_data,143,49,0.584,NA
145,44,double-letters,ifs,FALSE,10,elitize_generation_data,144,56,0.564,NA
146,44,double-letters,ifs,FALSE,10,elitize_generation_data,145,48,0.553,NA
147,44,double-letters,ifs,FALSE,10,elitize_generation_data,146,53,0.548,NA
148,44,double-letters,ifs,FALSE,10,elitize_generation_data,147,55,0.571,NA
149,44,double-letters,ifs,FALSE,10,elitize_generation_data,148,56,0.602,NA
150,44,double-letters,ifs,FALSE,10,elitize_generation_data,149,58,0.642,NA
151,44,double-letters,ifs,FALSE,10,elitize_generation_data,150,51,0.639,NA
152,44,double-letters,ifs,FALSE,10,elitize_generation_data,151,53,0.603,NA
153,44,double-letters,ifs,FALSE,10,elitize_generation_data,152,56,0.634,NA
154,44,double-letters,ifs,FALSE,10,elitize_generation_data,153,51,0.661,NA
155,44,double-letters,ifs,FALSE,10,elitize_generation_data,154,59,0.663,NA
156,44,double-letters,ifs,FALSE,10,elitize_generation_data,155,48,0.669,NA
157,44,double-letters,ifs,FALSE,10,elitize_generation_data,156,56,0.684,NA
158,44,double-letters,ifs,FALSE,10,elitize_generation_data,157,55,0.675,NA
159,44,double-letters,ifs,FALSE,10,elitize_generation_data,158,59,0.68,NA
160,44,double-letters,ifs,FALSE,10,elitize_generation_data,159,49,0.703,NA
161,44,double-letters,ifs,FALSE,10,elitize_generation_data,160,51,0.703,NA
162,44,double-letters,ifs,FALSE,10,elitize_generation_data,161,52,0.683,NA
163,44,double-letters,ifs,FALSE,10,elitize_generation_data,162,53,0.679,NA
164,44,double-letters,ifs,FALSE,10,elitize_generation_data,163,53,0.702,NA
165,44,double-letters,ifs,FALSE,10,elitize_generation_data,164,53,0.671,NA
166,44,double-letters,ifs,FALSE,10,elitize_generation_data,165,59,0.702,NA
167,44,double-letters,ifs,FALSE,10,elitize_generation_data,166,51,0.676,NA
168,44,double-letters,ifs,FALSE,10,elitize_generation_data,167,53,0.678,NA
169,44,double-letters,ifs,FALSE,10,elitize_generation_data,168,58,0.698,NA
170,44,double-letters,ifs,FALSE,10,elitize_generation_data,169,56,0.691,NA
171,44,double-letters,ifs,FALSE,10,elitize_generation_data,170,60,0.655,NA
172,44,double-letters,ifs,FALSE,10,elitize_generation_data,171,55,0.635,NA
173,44,double-letters,ifs,FALSE,10,elitize_generation_data,172,46,0.626,NA
174,44,double-letters,ifs,FALSE,10,elitize_generation_data,173,53,0.621,NA
175,44,double-letters,ifs,FALSE,10,elitize_generation_data,174,51,0.621,NA
176,44,double-letters,ifs,FALSE,10,elitize_generation_data,175,54,0.649,NA
177,44,double-letters,ifs,FALSE,10,elitize_generation_data,176,55,0.665,NA
178,44,double-letters,ifs,FALSE,10,elitize_generation_data,177,57,0.645,NA
179,44,double-letters,ifs,FALSE,10,elitize_generation_data,178,56,0.676,NA
180,44,double-letters,ifs,FALSE,10,elitize_generation_data,179,56,0.676,NA
181,44,double-letters,ifs,FALSE,10,elitize_generation_data,180,52,0.674,NA
182,44,double-letters,ifs,FALSE,10,elitize_generation_data,181,45,0.675,NA
183,44,double-letters,ifs,FALSE,10,elitize_generation_data,182,53,0.652,NA
184,44,double-letters,ifs,FALSE,10,elitize_generation_data,183,63,0.67,NA
185,44,double-letters,ifs,FALSE,10,elitize_generation_data,184,45,0.661,NA
186,44,double-letters,ifs,FALSE,10,elitize_generation_data,185,51,0.703,NA
187,44,double-letters,ifs,FALSE,10,elitize_generation_data,186,53,0.693,NA
188,44,double-letters,ifs,FALSE,10,elitize_generation_data,187,60,0.689,NA
189,44,double-letters,ifs,FALSE,10,elitize_generation_data,188,54,0.693,NA
190,44,double-letters,ifs,FALSE,10,elitize_generation_data,189,57,0.659,NA
191,44,double-letters,ifs,FALSE,10,elitize_generation_data,190,57,0.667,NA
192,44,double-letters,ifs,FALSE,10,elitize_generation_data,191,58,0.689,NA
193,44,double-letters,ifs,FALSE,10,elitize_generation_data,192,58,0.675,NA
194,44,double-letters,ifs,FALSE,10,elitize_generation_data,193,53,0.685,NA
195,44,double-letters,ifs,FALSE,10,elitize_generation_data,194,55,0.692,NA
196,44,double-letters,ifs,FALSE,10,elitize_generation_data,195,51,0.674,NA
197,44,double-letters,ifs,FALSE,10,elitize_generation_data,196,49,0.678,NA
198,44,double-letters,ifs,FALSE,10,elitize_generation_data,197,57,0.662,NA
199,44,double-letters,ifs,FALSE,10,elitize_generation_data,198,48,0.667,NA
200,44,double-letters,ifs,FALSE,10,elitize_generation_data,199,54,0.688,NA
201,44,double-letters,ifs,FALSE,10,elitize_generation_data,200,57,0.687,NA
202,44,double-letters,ifs,FALSE,10,elitize_generation_data,201,49,0.642,NA
203,44,double-letters,ifs,FALSE,10,elitize_generation_data,202,51,0.653,NA
204,44,double-letters,ifs,FALSE,10,elitize_generation_data,203,50,0.672,NA
205,44,double-letters,ifs,FALSE,10,elitize_generation_data,204,54,0.707,NA
206,44,double-letters,ifs,FALSE,10,elitize_generation_data,205,52,0.68,NA
207,44,double-letters,ifs,FALSE,10,elitize_generation_data,206,59,0.667,NA
208,44,double-letters,ifs,FALSE,10,elitize_generation_data,207,59,0.677,NA
209,44,double-letters,ifs,FALSE,10,elitize_generation_data,208,58,0.625,NA
210,44,double-letters,ifs,FALSE,10,elitize_generation_data,209,54,0.646,NA
211,44,double-letters,ifs,FALSE,10,elitize_generation_data,210,51,0.647,NA
212,44,double-letters,ifs,FALSE,10,elitize_generation_data,211,62,0.662,NA
213,44,double-letters,ifs,FALSE,10,elitize_generation_data,212,45,0.661,NA
214,44,double-letters,ifs,FALSE,10,elitize_generation_data,213,51,0.643,NA
215,44,double-letters,ifs,FALSE,10,elitize_generation_data,214,55,0.648,NA
216,44,double-letters,ifs,FALSE,10,elitize_generation_data,215,57,0.661,NA
217,44,double-letters,ifs,FALSE,10,elitize_generation_data,216,48,0.652,NA
218,44,double-letters,ifs,FALSE,10,elitize_generation_data,217,50,0.661,NA
219,44,double-letters,ifs,FALSE,10,elitize_generation_data,218,58,0.678,NA
220,44,double-letters,ifs,FALSE,10,elitize_generation_data,219,57,0.671,NA
221,44,double-letters,ifs,FALSE,10,elitize_generation_data,220,51,0.65,NA
222,44,double-letters,ifs,FALSE,10,elitize_generation_data,221,50,0.644,NA
223,44,double-letters,ifs,FALSE,10,elitize_generation_data,222,50,0.64,NA
224,44,double-letters,ifs,FALSE,10,elitize_generation_data,223,56,0.628,NA
225,44,double-letters,ifs,FALSE,10,elitize_generation_data,224,55,0.642,NA
226,44,double-letters,ifs,FALSE,10,elitize_generation_data,225,50,0.625,NA
227,44,double-letters,ifs,FALSE,10,elitize_generation_data,226,55,0.666,NA
228,44,double-letters,ifs,FALSE,10,elitize_generation_data,227,57,0.655,NA
229,44,double-letters,ifs,FALSE,10,elitize_generation_data,228,54,0.649,NA
230,44,double-letters,ifs,FALSE,10,elitize_generation_data,229,56,0.691,NA
231,44,double-letters,ifs,FALSE,10,elitize_generation_data,230,63,0.686,NA
232,44,double-letters,ifs,FALSE,10,elitize_generation_data,231,59,0.667,NA
233,44,double-letters,ifs,FALSE,10,elitize_generation_data,232,54,0.654,NA
234,44,double-letters,ifs,FALSE,10,elitize_generation_data,233,48,0.674,NA
235,44,double-letters,ifs,FALSE,10,elitize_generation_data,234,51,0.705,NA
236,44,double-letters,ifs,FALSE,10,elitize_generation_data,235,48,0.673,NA
237,44,double-letters,ifs,FALSE,10,elitize_generation_data,236,62,0.681,NA
238,44,double-letters,ifs,FALSE,10,elitize_generation_data,237,45,0.704,NA
239,44,double-letters,ifs,FALSE,10,elitize_generation_data,238,55,0.703,NA
240,44,double-letters,ifs,FALSE,10,elitize_generation_data,239,49,0.676,NA
241,44,double-letters,ifs,FALSE,10,elitize_generation_data,240,54,0.685,NA
242,44,double-letters,ifs,FALSE,10,elitize_generation_data,241,51,0.675,NA
243,44,double-letters,ifs,FALSE,10,elitize_generation_data,242,41,0.679,NA
244,44,double-letters,ifs,FALSE,10,elitize_generation_data,243,47,0.669,NA
245,44,double-letters,ifs,FALSE,10,elitize_generation_data,244,48,0.661,NA
246,44,double-letters,ifs,FALSE,10,elitize_generation_data,245,54,0.681,NA
247,44,double-letters,ifs,FALSE,10,elitize_generation_data,246,54,0.711,NA
248,44,double-letters,ifs,FALSE,10,elitize_generation_data,247,55,0.71,NA
249,44,double-letters,ifs,FALSE,10,elitize_generation_data,248,59,0.714,NA
250,44,double-letters,ifs,FALSE,10,elitize_generation_data,249,59,0.717,NA
251,44,double-letters,ifs,FALSE,10,elitize_generation_data,250,48,0.704,NA
252,44,double-letters,ifs,FALSE,10,elitize_generation_data,251,53,0.674,NA
253,44,double-letters,ifs,FALSE,10,elitize_generation_data,252,63,0.683,NA
254,44,double-letters,ifs,FALSE,10,elitize_generation_data,253,59,0.632,NA
255,44,double-letters,ifs,FALSE,10,elitize_generation_data,254,54,0.674,NA
256,44,double-letters,ifs,FALSE,10,elitize_generation_data,255,56,0.655,NA
257,44,double-letters,ifs,FALSE,10,elitize_generation_data,256,56,0.674,NA
258,44,double-letters,ifs,FALSE,10,elitize_generation_data,257,50,0.708,NA
259,44,double-letters,ifs,FALSE,10,elitize_generation_data,258,58,0.721,NA
260,44,double-letters,ifs,FALSE,10,elitize_generation_data,259,57,0.729,NA
261,44,double-letters,ifs,FALSE,10,elitize_generation_data,260,58,0.739,NA
262,44,double-letters,ifs,FALSE,10,elitize_generation_data,261,54,0.77,NA
263,44,double-letters,ifs,FALSE,10,elitize_generation_data,262,55,0.773,NA
264,44,double-letters,ifs,FALSE,10,elitize_generation_data,263,53,0.801,NA
265,44,double-letters,ifs,FALSE,10,elitize_generation_data,264,55,0.796,NA
266,44,double-letters,ifs,FALSE,10,elitize_generation_data,265,60,0.786,NA
267,44,double-letters,ifs,FALSE,10,elitize_generation_data,266,57,0.792,NA
268,44,double-letters,ifs,FALSE,10,elitize_generation_data,267,54,0.763,NA
269,44,double-letters,ifs,FALSE,10,elitize_generation_data,268,52,0.731,NA
270,44,double-letters,ifs,FALSE,10,elitize_generation_data,269,61,0.749,NA
271,44,double-letters,ifs,FALSE,10,elitize_generation_data,270,66,0.733,NA
272,44,double-letters,ifs,FALSE,10,elitize_generation_data,271,59,0.721,NA
273,44,double-letters,ifs,FALSE,10,elitize_generation_data,272,55,0.743,NA
274,44,double-letters,ifs,FALSE,10,elitize_generation_data,273,64,0.724,NA
275,44,double-letters,ifs,FALSE,10,elitize_generation_data,274,62,0.736,NA
276,44,double-letters,ifs,FALSE,10,elitize_generation_data,275,59,0.719,NA
277,44,double-letters,ifs,FALSE,10,elitize_generation_data,276,60,0.701,NA
278,44,double-letters,ifs,FALSE,10,elitize_generation_data,277,52,0.696,NA
279,44,double-letters,ifs,FALSE,10,elitize_generation_data,278,54,0.682,NA
280,44,double-letters,ifs,FALSE,10,elitize_generation_data,279,58,0.695,NA
281,44,double-letters,ifs,FALSE,10,elitize_generation_data,280,52,0.695,NA
282,44,double-letters,ifs,FALSE,10,elitize_generation_data,281,51,0.69,NA
283,44,double-letters,ifs,FALSE,10,elitize_generation_data,282,53,0.697,NA
284,44,double-letters,ifs,FALSE,10,elitize_generation_data,283,48,0.684,NA
285,44,double-letters,ifs,FALSE,10,elitize_generation_data,284,50,0.693,NA
286,44,double-letters,ifs,FALSE,10,elitize_generation_data,285,51,0.688,NA
287,44,double-letters,ifs,FALSE,10,elitize_generation_data,286,57,0.687,NA
288,44,double-letters,ifs,FALSE,10,elitize_generation_data,287,61,0.705,NA
289,44,double-letters,ifs,FALSE,10,elitize_generation_data,288,60,0.718,NA
290,44,double-letters,ifs,FALSE,10,elitize_generation_data,289,63,0.687,NA
291,44,double-letters,ifs,FALSE,10,elitize_generation_data,290,58,0.712,NA
292,44,double-letters,ifs,FALSE,10,elitize_generation_data,291,47,0.688,NA
293,44,double-letters,ifs,FALSE,10,elitize_generation_data,292,47,0.707,NA
294,44,double-letters,ifs,FALSE,10,elitize_generation_data,293,44,0.714,NA
295,44,double-letters,ifs,FALSE,10,elitize_generation_data,294,54,0.691,NA
296,44,double-letters,ifs,FALSE,10,elitize_generation_data,295,52,0.692,NA
297,44,double-letters,ifs,FALSE,10,elitize_generation_data,296,58,0.671,NA
298,44,double-letters,ifs,FALSE,10,elitize_generation_data,297,53,0.678,NA
299,44,double-letters,ifs,FALSE,10,elitize_generation_data,298,55,0.682,NA
300,44,double-letters,ifs,FALSE,10,elitize_generation_data,299,48,0.679,NA
301,44,double-letters,ifs,FALSE,10,elitize_generation_data,300,55,0.704,NA
