,run.num,problem,treatment,succeeded,height,normalization.function,generation,cluster.count,error.diversity,success.generation
1,73,double-letters,ifs,FALSE,10,elitize_generation_data,0,5,0.381,NA
2,73,double-letters,ifs,FALSE,10,elitize_generation_data,1,6,0.151,NA
3,73,double-letters,ifs,FALSE,10,elitize_generation_data,2,9,0.206,NA
4,73,double-letters,ifs,FALSE,10,elitize_generation_data,3,7,0.149,NA
5,73,double-letters,ifs,FALSE,10,elitize_generation_data,4,8,0.053,NA
6,73,double-letters,ifs,FALSE,10,elitize_generation_data,5,6,0.057,NA
7,73,double-letters,ifs,FALSE,10,elitize_generation_data,6,5,0.057,NA
8,73,double-letters,ifs,FALSE,10,elitize_generation_data,7,9,0.063,NA
9,73,double-letters,ifs,FALSE,10,elitize_generation_data,8,7,0.062,NA
10,73,double-letters,ifs,FALSE,10,elitize_generation_data,9,9,0.051,NA
11,73,double-letters,ifs,FALSE,10,elitize_generation_data,10,12,0.071,NA
12,73,double-letters,ifs,FALSE,10,elitize_generation_data,11,9,0.065,NA
13,73,double-letters,ifs,FALSE,10,elitize_generation_data,12,7,0.056,NA
14,73,double-letters,ifs,FALSE,10,elitize_generation_data,13,12,0.054,NA
15,73,double-letters,ifs,FALSE,10,elitize_generation_data,14,12,0.077,NA
16,73,double-letters,ifs,FALSE,10,elitize_generation_data,15,9,0.083,NA
17,73,double-letters,ifs,FALSE,10,elitize_generation_data,16,11,0.078,NA
18,73,double-letters,ifs,FALSE,10,elitize_generation_data,17,10,0.082,NA
19,73,double-letters,ifs,FALSE,10,elitize_generation_data,18,9,0.07,NA
20,73,double-letters,ifs,FALSE,10,elitize_generation_data,19,12,0.076,NA
21,73,double-letters,ifs,FALSE,10,elitize_generation_data,20,13,0.081,NA
22,73,double-letters,ifs,FALSE,10,elitize_generation_data,21,13,0.076,NA
23,73,double-letters,ifs,FALSE,10,elitize_generation_data,22,12,0.08,NA
24,73,double-letters,ifs,FALSE,10,elitize_generation_data,23,11,0.084,NA
25,73,double-letters,ifs,FALSE,10,elitize_generation_data,24,10,0.1,NA
26,73,double-letters,ifs,FALSE,10,elitize_generation_data,25,9,0.1,NA
27,73,double-letters,ifs,FALSE,10,elitize_generation_data,26,8,0.134,NA
28,73,double-letters,ifs,FALSE,10,elitize_generation_data,27,14,0.159,NA
29,73,double-letters,ifs,FALSE,10,elitize_generation_data,28,17,0.196,NA
30,73,double-letters,ifs,FALSE,10,elitize_generation_data,29,16,0.226,NA
31,73,double-letters,ifs,FALSE,10,elitize_generation_data,30,20,0.252,NA
32,73,double-letters,ifs,FALSE,10,elitize_generation_data,31,19,0.223,NA
33,73,double-letters,ifs,FALSE,10,elitize_generation_data,32,15,0.226,NA
34,73,double-letters,ifs,FALSE,10,elitize_generation_data,33,16,0.204,NA
35,73,double-letters,ifs,FALSE,10,elitize_generation_data,34,16,0.238,NA
36,73,double-letters,ifs,FALSE,10,elitize_generation_data,35,24,0.256,NA
37,73,double-letters,ifs,FALSE,10,elitize_generation_data,36,24,0.26,NA
38,73,double-letters,ifs,FALSE,10,elitize_generation_data,37,20,0.277,NA
39,73,double-letters,ifs,FALSE,10,elitize_generation_data,38,21,0.269,NA
40,73,double-letters,ifs,FALSE,10,elitize_generation_data,39,24,0.232,NA
41,73,double-letters,ifs,FALSE,10,elitize_generation_data,40,21,0.227,NA
42,73,double-letters,ifs,FALSE,10,elitize_generation_data,41,20,0.224,NA
43,73,double-letters,ifs,FALSE,10,elitize_generation_data,42,21,0.229,NA
44,73,double-letters,ifs,FALSE,10,elitize_generation_data,43,22,0.23,NA
45,73,double-letters,ifs,FALSE,10,elitize_generation_data,44,23,0.221,NA
46,73,double-letters,ifs,FALSE,10,elitize_generation_data,45,18,0.234,NA
47,73,double-letters,ifs,FALSE,10,elitize_generation_data,46,20,0.22,NA
48,73,double-letters,ifs,FALSE,10,elitize_generation_data,47,19,0.242,NA
49,73,double-letters,ifs,FALSE,10,elitize_generation_data,48,23,0.214,NA
50,73,double-letters,ifs,FALSE,10,elitize_generation_data,49,22,0.229,NA
51,73,double-letters,ifs,FALSE,10,elitize_generation_data,50,24,0.23,NA
52,73,double-letters,ifs,FALSE,10,elitize_generation_data,51,17,0.22,NA
53,73,double-letters,ifs,FALSE,10,elitize_generation_data,52,21,0.231,NA
54,73,double-letters,ifs,FALSE,10,elitize_generation_data,53,24,0.233,NA
55,73,double-letters,ifs,FALSE,10,elitize_generation_data,54,22,0.24,NA
56,73,double-letters,ifs,FALSE,10,elitize_generation_data,55,18,0.228,NA
57,73,double-letters,ifs,FALSE,10,elitize_generation_data,56,22,0.224,NA
58,73,double-letters,ifs,FALSE,10,elitize_generation_data,57,21,0.247,NA
59,73,double-letters,ifs,FALSE,10,elitize_generation_data,58,24,0.248,NA
60,73,double-letters,ifs,FALSE,10,elitize_generation_data,59,19,0.257,NA
61,73,double-letters,ifs,FALSE,10,elitize_generation_data,60,21,0.272,NA
62,73,double-letters,ifs,FALSE,10,elitize_generation_data,61,30,0.253,NA
63,73,double-letters,ifs,FALSE,10,elitize_generation_data,62,25,0.249,NA
64,73,double-letters,ifs,FALSE,10,elitize_generation_data,63,24,0.246,NA
65,73,double-letters,ifs,FALSE,10,elitize_generation_data,64,25,0.243,NA
66,73,double-letters,ifs,FALSE,10,elitize_generation_data,65,28,0.29,NA
67,73,double-letters,ifs,FALSE,10,elitize_generation_data,66,30,0.294,NA
68,73,double-letters,ifs,FALSE,10,elitize_generation_data,67,36,0.295,NA
69,73,double-letters,ifs,FALSE,10,elitize_generation_data,68,32,0.292,NA
70,73,double-letters,ifs,FALSE,10,elitize_generation_data,69,32,0.307,NA
71,73,double-letters,ifs,FALSE,10,elitize_generation_data,70,34,0.334,NA
72,73,double-letters,ifs,FALSE,10,elitize_generation_data,71,32,0.323,NA
73,73,double-letters,ifs,FALSE,10,elitize_generation_data,72,31,0.328,NA
74,73,double-letters,ifs,FALSE,10,elitize_generation_data,73,30,0.325,NA
75,73,double-letters,ifs,FALSE,10,elitize_generation_data,74,27,0.32,NA
76,73,double-letters,ifs,FALSE,10,elitize_generation_data,75,24,0.329,NA
77,73,double-letters,ifs,FALSE,10,elitize_generation_data,76,30,0.324,NA
78,73,double-letters,ifs,FALSE,10,elitize_generation_data,77,28,0.331,NA
79,73,double-letters,ifs,FALSE,10,elitize_generation_data,78,28,0.347,NA
80,73,double-letters,ifs,FALSE,10,elitize_generation_data,79,30,0.339,NA
81,73,double-letters,ifs,FALSE,10,elitize_generation_data,80,32,0.338,NA
82,73,double-letters,ifs,FALSE,10,elitize_generation_data,81,31,0.323,NA
83,73,double-letters,ifs,FALSE,10,elitize_generation_data,82,25,0.323,NA
84,73,double-letters,ifs,FALSE,10,elitize_generation_data,83,29,0.336,NA
85,73,double-letters,ifs,FALSE,10,elitize_generation_data,84,31,0.362,NA
86,73,double-letters,ifs,FALSE,10,elitize_generation_data,85,30,0.31,NA
87,73,double-letters,ifs,FALSE,10,elitize_generation_data,86,29,0.32,NA
88,73,double-letters,ifs,FALSE,10,elitize_generation_data,87,29,0.312,NA
89,73,double-letters,ifs,FALSE,10,elitize_generation_data,88,27,0.321,NA
90,73,double-letters,ifs,FALSE,10,elitize_generation_data,89,27,0.325,NA
91,73,double-letters,ifs,FALSE,10,elitize_generation_data,90,31,0.361,NA
92,73,double-letters,ifs,FALSE,10,elitize_generation_data,91,31,0.33,NA
93,73,double-letters,ifs,FALSE,10,elitize_generation_data,92,26,0.348,NA
94,73,double-letters,ifs,FALSE,10,elitize_generation_data,93,23,0.321,NA
95,73,double-letters,ifs,FALSE,10,elitize_generation_data,94,31,0.321,NA
96,73,double-letters,ifs,FALSE,10,elitize_generation_data,95,32,0.351,NA
97,73,double-letters,ifs,FALSE,10,elitize_generation_data,96,26,0.347,NA
98,73,double-letters,ifs,FALSE,10,elitize_generation_data,97,25,0.358,NA
99,73,double-letters,ifs,FALSE,10,elitize_generation_data,98,25,0.34,NA
100,73,double-letters,ifs,FALSE,10,elitize_generation_data,99,24,0.362,NA
101,73,double-letters,ifs,FALSE,10,elitize_generation_data,100,29,0.35,NA
102,73,double-letters,ifs,FALSE,10,elitize_generation_data,101,33,0.353,NA
103,73,double-letters,ifs,FALSE,10,elitize_generation_data,102,29,0.337,NA
104,73,double-letters,ifs,FALSE,10,elitize_generation_data,103,27,0.325,NA
105,73,double-letters,ifs,FALSE,10,elitize_generation_data,104,30,0.353,NA
106,73,double-letters,ifs,FALSE,10,elitize_generation_data,105,27,0.346,NA
107,73,double-letters,ifs,FALSE,10,elitize_generation_data,106,28,0.356,NA
108,73,double-letters,ifs,FALSE,10,elitize_generation_data,107,30,0.346,NA
109,73,double-letters,ifs,FALSE,10,elitize_generation_data,108,22,0.325,NA
110,73,double-letters,ifs,FALSE,10,elitize_generation_data,109,28,0.331,NA
111,73,double-letters,ifs,FALSE,10,elitize_generation_data,110,28,0.34,NA
112,73,double-letters,ifs,FALSE,10,elitize_generation_data,111,28,0.33,NA
113,73,double-letters,ifs,FALSE,10,elitize_generation_data,112,28,0.319,NA
114,73,double-letters,ifs,FALSE,10,elitize_generation_data,113,21,0.311,NA
115,73,double-letters,ifs,FALSE,10,elitize_generation_data,114,26,0.317,NA
116,73,double-letters,ifs,FALSE,10,elitize_generation_data,115,26,0.36,NA
117,73,double-letters,ifs,FALSE,10,elitize_generation_data,116,27,0.358,NA
118,73,double-letters,ifs,FALSE,10,elitize_generation_data,117,18,0.314,NA
119,73,double-letters,ifs,FALSE,10,elitize_generation_data,118,27,0.3,NA
120,73,double-letters,ifs,FALSE,10,elitize_generation_data,119,24,0.295,NA
121,73,double-letters,ifs,FALSE,10,elitize_generation_data,120,22,0.312,NA
122,73,double-letters,ifs,FALSE,10,elitize_generation_data,121,29,0.312,NA
123,73,double-letters,ifs,FALSE,10,elitize_generation_data,122,22,0.279,NA
124,73,double-letters,ifs,FALSE,10,elitize_generation_data,123,22,0.287,NA
125,73,double-letters,ifs,FALSE,10,elitize_generation_data,124,19,0.309,NA
126,73,double-letters,ifs,FALSE,10,elitize_generation_data,125,17,0.283,NA
127,73,double-letters,ifs,FALSE,10,elitize_generation_data,126,24,0.286,NA
128,73,double-letters,ifs,FALSE,10,elitize_generation_data,127,23,0.303,NA
129,73,double-letters,ifs,FALSE,10,elitize_generation_data,128,26,0.304,NA
130,73,double-letters,ifs,FALSE,10,elitize_generation_data,129,28,0.314,NA
131,73,double-letters,ifs,FALSE,10,elitize_generation_data,130,22,0.318,NA
132,73,double-letters,ifs,FALSE,10,elitize_generation_data,131,26,0.297,NA
133,73,double-letters,ifs,FALSE,10,elitize_generation_data,132,21,0.319,NA
134,73,double-letters,ifs,FALSE,10,elitize_generation_data,133,21,0.299,NA
135,73,double-letters,ifs,FALSE,10,elitize_generation_data,134,27,0.298,NA
136,73,double-letters,ifs,FALSE,10,elitize_generation_data,135,20,0.311,NA
137,73,double-letters,ifs,FALSE,10,elitize_generation_data,136,26,0.315,NA
138,73,double-letters,ifs,FALSE,10,elitize_generation_data,137,25,0.292,NA
139,73,double-letters,ifs,FALSE,10,elitize_generation_data,138,28,0.288,NA
140,73,double-letters,ifs,FALSE,10,elitize_generation_data,139,22,0.298,NA
141,73,double-letters,ifs,FALSE,10,elitize_generation_data,140,25,0.304,NA
142,73,double-letters,ifs,FALSE,10,elitize_generation_data,141,22,0.295,NA
143,73,double-letters,ifs,FALSE,10,elitize_generation_data,142,24,0.313,NA
144,73,double-letters,ifs,FALSE,10,elitize_generation_data,143,22,0.296,NA
145,73,double-letters,ifs,FALSE,10,elitize_generation_data,144,25,0.303,NA
146,73,double-letters,ifs,FALSE,10,elitize_generation_data,145,24,0.312,NA
147,73,double-letters,ifs,FALSE,10,elitize_generation_data,146,24,0.306,NA
148,73,double-letters,ifs,FALSE,10,elitize_generation_data,147,23,0.305,NA
149,73,double-letters,ifs,FALSE,10,elitize_generation_data,148,26,0.308,NA
150,73,double-letters,ifs,FALSE,10,elitize_generation_data,149,19,0.309,NA
151,73,double-letters,ifs,FALSE,10,elitize_generation_data,150,25,0.274,NA
152,73,double-letters,ifs,FALSE,10,elitize_generation_data,151,25,0.329,NA
153,73,double-letters,ifs,FALSE,10,elitize_generation_data,152,23,0.321,NA
154,73,double-letters,ifs,FALSE,10,elitize_generation_data,153,19,0.286,NA
155,73,double-letters,ifs,FALSE,10,elitize_generation_data,154,23,0.293,NA
156,73,double-letters,ifs,FALSE,10,elitize_generation_data,155,24,0.291,NA
157,73,double-letters,ifs,FALSE,10,elitize_generation_data,156,25,0.311,NA
158,73,double-letters,ifs,FALSE,10,elitize_generation_data,157,27,0.336,NA
159,73,double-letters,ifs,FALSE,10,elitize_generation_data,158,21,0.307,NA
160,73,double-letters,ifs,FALSE,10,elitize_generation_data,159,25,0.308,NA
161,73,double-letters,ifs,FALSE,10,elitize_generation_data,160,26,0.316,NA
162,73,double-letters,ifs,FALSE,10,elitize_generation_data,161,21,0.315,NA
163,73,double-letters,ifs,FALSE,10,elitize_generation_data,162,26,0.318,NA
164,73,double-letters,ifs,FALSE,10,elitize_generation_data,163,28,0.323,NA
165,73,double-letters,ifs,FALSE,10,elitize_generation_data,164,29,0.302,NA
166,73,double-letters,ifs,FALSE,10,elitize_generation_data,165,24,0.299,NA
167,73,double-letters,ifs,FALSE,10,elitize_generation_data,166,20,0.303,NA
168,73,double-letters,ifs,FALSE,10,elitize_generation_data,167,18,0.308,NA
169,73,double-letters,ifs,FALSE,10,elitize_generation_data,168,22,0.326,NA
170,73,double-letters,ifs,FALSE,10,elitize_generation_data,169,31,0.319,NA
171,73,double-letters,ifs,FALSE,10,elitize_generation_data,170,26,0.335,NA
172,73,double-letters,ifs,FALSE,10,elitize_generation_data,171,24,0.305,NA
173,73,double-letters,ifs,FALSE,10,elitize_generation_data,172,24,0.335,NA
174,73,double-letters,ifs,FALSE,10,elitize_generation_data,173,26,0.33,NA
175,73,double-letters,ifs,FALSE,10,elitize_generation_data,174,23,0.321,NA
176,73,double-letters,ifs,FALSE,10,elitize_generation_data,175,25,0.332,NA
177,73,double-letters,ifs,FALSE,10,elitize_generation_data,176,23,0.347,NA
178,73,double-letters,ifs,FALSE,10,elitize_generation_data,177,22,0.32,NA
179,73,double-letters,ifs,FALSE,10,elitize_generation_data,178,25,0.324,NA
180,73,double-letters,ifs,FALSE,10,elitize_generation_data,179,28,0.308,NA
181,73,double-letters,ifs,FALSE,10,elitize_generation_data,180,25,0.302,NA
182,73,double-letters,ifs,FALSE,10,elitize_generation_data,181,22,0.291,NA
183,73,double-letters,ifs,FALSE,10,elitize_generation_data,182,26,0.303,NA
184,73,double-letters,ifs,FALSE,10,elitize_generation_data,183,26,0.33,NA
185,73,double-letters,ifs,FALSE,10,elitize_generation_data,184,28,0.315,NA
186,73,double-letters,ifs,FALSE,10,elitize_generation_data,185,19,0.283,NA
187,73,double-letters,ifs,FALSE,10,elitize_generation_data,186,22,0.289,NA
188,73,double-letters,ifs,FALSE,10,elitize_generation_data,187,22,0.295,NA
189,73,double-letters,ifs,FALSE,10,elitize_generation_data,188,30,0.313,NA
190,73,double-letters,ifs,FALSE,10,elitize_generation_data,189,28,0.315,NA
191,73,double-letters,ifs,FALSE,10,elitize_generation_data,190,29,0.3,NA
192,73,double-letters,ifs,FALSE,10,elitize_generation_data,191,27,0.302,NA
193,73,double-letters,ifs,FALSE,10,elitize_generation_data,192,28,0.321,NA
194,73,double-letters,ifs,FALSE,10,elitize_generation_data,193,25,0.298,NA
195,73,double-letters,ifs,FALSE,10,elitize_generation_data,194,33,0.305,NA
196,73,double-letters,ifs,FALSE,10,elitize_generation_data,195,29,0.271,NA
197,73,double-letters,ifs,FALSE,10,elitize_generation_data,196,28,0.294,NA
198,73,double-letters,ifs,FALSE,10,elitize_generation_data,197,27,0.31,NA
199,73,double-letters,ifs,FALSE,10,elitize_generation_data,198,25,0.309,NA
200,73,double-letters,ifs,FALSE,10,elitize_generation_data,199,27,0.311,NA
201,73,double-letters,ifs,FALSE,10,elitize_generation_data,200,25,0.273,NA
202,73,double-letters,ifs,FALSE,10,elitize_generation_data,201,25,0.279,NA
203,73,double-letters,ifs,FALSE,10,elitize_generation_data,202,23,0.274,NA
204,73,double-letters,ifs,FALSE,10,elitize_generation_data,203,21,0.309,NA
205,73,double-letters,ifs,FALSE,10,elitize_generation_data,204,19,0.274,NA
206,73,double-letters,ifs,FALSE,10,elitize_generation_data,205,26,0.31,NA
207,73,double-letters,ifs,FALSE,10,elitize_generation_data,206,27,0.297,NA
208,73,double-letters,ifs,FALSE,10,elitize_generation_data,207,30,0.285,NA
209,73,double-letters,ifs,FALSE,10,elitize_generation_data,208,34,0.32,NA
210,73,double-letters,ifs,FALSE,10,elitize_generation_data,209,26,0.322,NA
211,73,double-letters,ifs,FALSE,10,elitize_generation_data,210,26,0.287,NA
212,73,double-letters,ifs,FALSE,10,elitize_generation_data,211,28,0.308,NA
213,73,double-letters,ifs,FALSE,10,elitize_generation_data,212,32,0.304,NA
214,73,double-letters,ifs,FALSE,10,elitize_generation_data,213,27,0.299,NA
215,73,double-letters,ifs,FALSE,10,elitize_generation_data,214,29,0.295,NA
216,73,double-letters,ifs,FALSE,10,elitize_generation_data,215,26,0.289,NA
217,73,double-letters,ifs,FALSE,10,elitize_generation_data,216,25,0.281,NA
218,73,double-letters,ifs,FALSE,10,elitize_generation_data,217,26,0.305,NA
219,73,double-letters,ifs,FALSE,10,elitize_generation_data,218,22,0.284,NA
220,73,double-letters,ifs,FALSE,10,elitize_generation_data,219,25,0.3,NA
221,73,double-letters,ifs,FALSE,10,elitize_generation_data,220,27,0.289,NA
222,73,double-letters,ifs,FALSE,10,elitize_generation_data,221,29,0.296,NA
223,73,double-letters,ifs,FALSE,10,elitize_generation_data,222,26,0.3,NA
224,73,double-letters,ifs,FALSE,10,elitize_generation_data,223,28,0.284,NA
225,73,double-letters,ifs,FALSE,10,elitize_generation_data,224,28,0.305,NA
226,73,double-letters,ifs,FALSE,10,elitize_generation_data,225,28,0.309,NA
227,73,double-letters,ifs,FALSE,10,elitize_generation_data,226,27,0.285,NA
228,73,double-letters,ifs,FALSE,10,elitize_generation_data,227,23,0.294,NA
229,73,double-letters,ifs,FALSE,10,elitize_generation_data,228,25,0.33,NA
230,73,double-letters,ifs,FALSE,10,elitize_generation_data,229,27,0.302,NA
231,73,double-letters,ifs,FALSE,10,elitize_generation_data,230,28,0.293,NA
232,73,double-letters,ifs,FALSE,10,elitize_generation_data,231,27,0.291,NA
233,73,double-letters,ifs,FALSE,10,elitize_generation_data,232,29,0.298,NA
234,73,double-letters,ifs,FALSE,10,elitize_generation_data,233,23,0.265,NA
235,73,double-letters,ifs,FALSE,10,elitize_generation_data,234,21,0.296,NA
236,73,double-letters,ifs,FALSE,10,elitize_generation_data,235,25,0.297,NA
237,73,double-letters,ifs,FALSE,10,elitize_generation_data,236,24,0.284,NA
238,73,double-letters,ifs,FALSE,10,elitize_generation_data,237,24,0.296,NA
239,73,double-letters,ifs,FALSE,10,elitize_generation_data,238,24,0.287,NA
240,73,double-letters,ifs,FALSE,10,elitize_generation_data,239,26,0.3,NA
241,73,double-letters,ifs,FALSE,10,elitize_generation_data,240,30,0.305,NA
242,73,double-letters,ifs,FALSE,10,elitize_generation_data,241,27,0.294,NA
243,73,double-letters,ifs,FALSE,10,elitize_generation_data,242,30,0.306,NA
244,73,double-letters,ifs,FALSE,10,elitize_generation_data,243,22,0.304,NA
245,73,double-letters,ifs,FALSE,10,elitize_generation_data,244,24,0.306,NA
246,73,double-letters,ifs,FALSE,10,elitize_generation_data,245,27,0.271,NA
247,73,double-letters,ifs,FALSE,10,elitize_generation_data,246,25,0.319,NA
248,73,double-letters,ifs,FALSE,10,elitize_generation_data,247,27,0.293,NA
249,73,double-letters,ifs,FALSE,10,elitize_generation_data,248,28,0.31,NA
250,73,double-letters,ifs,FALSE,10,elitize_generation_data,249,23,0.304,NA
251,73,double-letters,ifs,FALSE,10,elitize_generation_data,250,24,0.301,NA
252,73,double-letters,ifs,FALSE,10,elitize_generation_data,251,27,0.311,NA
253,73,double-letters,ifs,FALSE,10,elitize_generation_data,252,28,0.285,NA
254,73,double-letters,ifs,FALSE,10,elitize_generation_data,253,31,0.313,NA
255,73,double-letters,ifs,FALSE,10,elitize_generation_data,254,31,0.311,NA
256,73,double-letters,ifs,FALSE,10,elitize_generation_data,255,23,0.291,NA
257,73,double-letters,ifs,FALSE,10,elitize_generation_data,256,27,0.288,NA
258,73,double-letters,ifs,FALSE,10,elitize_generation_data,257,27,0.278,NA
259,73,double-letters,ifs,FALSE,10,elitize_generation_data,258,27,0.271,NA
260,73,double-letters,ifs,FALSE,10,elitize_generation_data,259,24,0.282,NA
261,73,double-letters,ifs,FALSE,10,elitize_generation_data,260,30,0.292,NA
262,73,double-letters,ifs,FALSE,10,elitize_generation_data,261,25,0.283,NA
263,73,double-letters,ifs,FALSE,10,elitize_generation_data,262,30,0.267,NA
264,73,double-letters,ifs,FALSE,10,elitize_generation_data,263,29,0.272,NA
265,73,double-letters,ifs,FALSE,10,elitize_generation_data,264,27,0.281,NA
266,73,double-letters,ifs,FALSE,10,elitize_generation_data,265,28,0.291,NA
267,73,double-letters,ifs,FALSE,10,elitize_generation_data,266,26,0.278,NA
268,73,double-letters,ifs,FALSE,10,elitize_generation_data,267,30,0.274,NA
269,73,double-letters,ifs,FALSE,10,elitize_generation_data,268,30,0.263,NA
270,73,double-letters,ifs,FALSE,10,elitize_generation_data,269,24,0.282,NA
271,73,double-letters,ifs,FALSE,10,elitize_generation_data,270,26,0.283,NA
272,73,double-letters,ifs,FALSE,10,elitize_generation_data,271,25,0.254,NA
273,73,double-letters,ifs,FALSE,10,elitize_generation_data,272,22,0.284,NA
274,73,double-letters,ifs,FALSE,10,elitize_generation_data,273,25,0.283,NA
275,73,double-letters,ifs,FALSE,10,elitize_generation_data,274,26,0.294,NA
276,73,double-letters,ifs,FALSE,10,elitize_generation_data,275,22,0.299,NA
277,73,double-letters,ifs,FALSE,10,elitize_generation_data,276,27,0.276,NA
278,73,double-letters,ifs,FALSE,10,elitize_generation_data,277,25,0.29,NA
279,73,double-letters,ifs,FALSE,10,elitize_generation_data,278,30,0.265,NA
280,73,double-letters,ifs,FALSE,10,elitize_generation_data,279,29,0.291,NA
281,73,double-letters,ifs,FALSE,10,elitize_generation_data,280,22,0.276,NA
282,73,double-letters,ifs,FALSE,10,elitize_generation_data,281,24,0.302,NA
283,73,double-letters,ifs,FALSE,10,elitize_generation_data,282,25,0.3,NA
284,73,double-letters,ifs,FALSE,10,elitize_generation_data,283,23,0.283,NA
285,73,double-letters,ifs,FALSE,10,elitize_generation_data,284,25,0.291,NA
286,73,double-letters,ifs,FALSE,10,elitize_generation_data,285,20,0.269,NA
287,73,double-letters,ifs,FALSE,10,elitize_generation_data,286,21,0.263,NA
288,73,double-letters,ifs,FALSE,10,elitize_generation_data,287,23,0.283,NA
289,73,double-letters,ifs,FALSE,10,elitize_generation_data,288,19,0.286,NA
290,73,double-letters,ifs,FALSE,10,elitize_generation_data,289,24,0.29,NA
291,73,double-letters,ifs,FALSE,10,elitize_generation_data,290,19,0.27,NA
292,73,double-letters,ifs,FALSE,10,elitize_generation_data,291,23,0.282,NA
293,73,double-letters,ifs,FALSE,10,elitize_generation_data,292,22,0.318,NA
294,73,double-letters,ifs,FALSE,10,elitize_generation_data,293,18,0.287,NA
295,73,double-letters,ifs,FALSE,10,elitize_generation_data,294,19,0.299,NA
296,73,double-letters,ifs,FALSE,10,elitize_generation_data,295,20,0.325,NA
297,73,double-letters,ifs,FALSE,10,elitize_generation_data,296,18,0.326,NA
298,73,double-letters,ifs,FALSE,10,elitize_generation_data,297,17,0.324,NA
299,73,double-letters,ifs,FALSE,10,elitize_generation_data,298,20,0.321,NA
300,73,double-letters,ifs,FALSE,10,elitize_generation_data,299,21,0.31,NA
301,73,double-letters,ifs,FALSE,10,elitize_generation_data,300,21,0.3,NA
