,run.num,problem,treatment,succeeded,height,normalization.function,generation,cluster.count,error.diversity,success.generation
1,87,double-letters,ifs,FALSE,10,elitize_generation_data,0,5,0.395,NA
2,87,double-letters,ifs,FALSE,10,elitize_generation_data,1,7,0.206,NA
3,87,double-letters,ifs,FALSE,10,elitize_generation_data,2,9,0.307,NA
4,87,double-letters,ifs,FALSE,10,elitize_generation_data,3,6,0.172,NA
5,87,double-letters,ifs,FALSE,10,elitize_generation_data,4,7,0.047,NA
6,87,double-letters,ifs,FALSE,10,elitize_generation_data,5,5,0.05,NA
7,87,double-letters,ifs,FALSE,10,elitize_generation_data,6,6,0.057,NA
8,87,double-letters,ifs,FALSE,10,elitize_generation_data,7,6,0.076,NA
9,87,double-letters,ifs,FALSE,10,elitize_generation_data,8,6,0.061,NA
10,87,double-letters,ifs,FALSE,10,elitize_generation_data,9,5,0.07,NA
11,87,double-letters,ifs,FALSE,10,elitize_generation_data,10,6,0.056,NA
12,87,double-letters,ifs,FALSE,10,elitize_generation_data,11,6,0.065,NA
13,87,double-letters,ifs,FALSE,10,elitize_generation_data,12,11,0.074,NA
14,87,double-letters,ifs,FALSE,10,elitize_generation_data,13,9,0.067,NA
15,87,double-letters,ifs,FALSE,10,elitize_generation_data,14,7,0.086,NA
16,87,double-letters,ifs,FALSE,10,elitize_generation_data,15,6,0.089,NA
17,87,double-letters,ifs,FALSE,10,elitize_generation_data,16,7,0.095,NA
18,87,double-letters,ifs,FALSE,10,elitize_generation_data,17,5,0.09,NA
19,87,double-letters,ifs,FALSE,10,elitize_generation_data,18,6,0.095,NA
20,87,double-letters,ifs,FALSE,10,elitize_generation_data,19,6,0.119,NA
21,87,double-letters,ifs,FALSE,10,elitize_generation_data,20,6,0.137,NA
22,87,double-letters,ifs,FALSE,10,elitize_generation_data,21,9,0.166,NA
23,87,double-letters,ifs,FALSE,10,elitize_generation_data,22,9,0.149,NA
24,87,double-letters,ifs,FALSE,10,elitize_generation_data,23,10,0.102,NA
25,87,double-letters,ifs,FALSE,10,elitize_generation_data,24,8,0.119,NA
26,87,double-letters,ifs,FALSE,10,elitize_generation_data,25,9,0.103,NA
27,87,double-letters,ifs,FALSE,10,elitize_generation_data,26,8,0.089,NA
28,87,double-letters,ifs,FALSE,10,elitize_generation_data,27,12,0.093,NA
29,87,double-letters,ifs,FALSE,10,elitize_generation_data,28,9,0.081,NA
30,87,double-letters,ifs,FALSE,10,elitize_generation_data,29,11,0.104,NA
31,87,double-letters,ifs,FALSE,10,elitize_generation_data,30,8,0.108,NA
32,87,double-letters,ifs,FALSE,10,elitize_generation_data,31,10,0.104,NA
33,87,double-letters,ifs,FALSE,10,elitize_generation_data,32,12,0.089,NA
34,87,double-letters,ifs,FALSE,10,elitize_generation_data,33,8,0.1,NA
35,87,double-letters,ifs,FALSE,10,elitize_generation_data,34,9,0.096,NA
36,87,double-letters,ifs,FALSE,10,elitize_generation_data,35,7,0.085,NA
37,87,double-letters,ifs,FALSE,10,elitize_generation_data,36,10,0.103,NA
38,87,double-letters,ifs,FALSE,10,elitize_generation_data,37,8,0.084,NA
39,87,double-letters,ifs,FALSE,10,elitize_generation_data,38,8,0.09,NA
40,87,double-letters,ifs,FALSE,10,elitize_generation_data,39,12,0.091,NA
41,87,double-letters,ifs,FALSE,10,elitize_generation_data,40,9,0.092,NA
42,87,double-letters,ifs,FALSE,10,elitize_generation_data,41,9,0.089,NA
43,87,double-letters,ifs,FALSE,10,elitize_generation_data,42,12,0.087,NA
44,87,double-letters,ifs,FALSE,10,elitize_generation_data,43,9,0.101,NA
45,87,double-letters,ifs,FALSE,10,elitize_generation_data,44,9,0.098,NA
46,87,double-letters,ifs,FALSE,10,elitize_generation_data,45,11,0.103,NA
47,87,double-letters,ifs,FALSE,10,elitize_generation_data,46,9,0.087,NA
48,87,double-letters,ifs,FALSE,10,elitize_generation_data,47,11,0.093,NA
49,87,double-letters,ifs,FALSE,10,elitize_generation_data,48,10,0.103,NA
50,87,double-letters,ifs,FALSE,10,elitize_generation_data,49,7,0.09,NA
51,87,double-letters,ifs,FALSE,10,elitize_generation_data,50,9,0.092,NA
52,87,double-letters,ifs,FALSE,10,elitize_generation_data,51,11,0.09,NA
53,87,double-letters,ifs,FALSE,10,elitize_generation_data,52,11,0.096,NA
54,87,double-letters,ifs,FALSE,10,elitize_generation_data,53,10,0.093,NA
55,87,double-letters,ifs,FALSE,10,elitize_generation_data,54,9,0.083,NA
56,87,double-letters,ifs,FALSE,10,elitize_generation_data,55,8,0.092,NA
57,87,double-letters,ifs,FALSE,10,elitize_generation_data,56,10,0.085,NA
58,87,double-letters,ifs,FALSE,10,elitize_generation_data,57,10,0.088,NA
59,87,double-letters,ifs,FALSE,10,elitize_generation_data,58,9,0.088,NA
60,87,double-letters,ifs,FALSE,10,elitize_generation_data,59,9,0.082,NA
61,87,double-letters,ifs,FALSE,10,elitize_generation_data,60,8,0.084,NA
62,87,double-letters,ifs,FALSE,10,elitize_generation_data,61,9,0.092,NA
63,87,double-letters,ifs,FALSE,10,elitize_generation_data,62,12,0.085,NA
64,87,double-letters,ifs,FALSE,10,elitize_generation_data,63,9,0.085,NA
65,87,double-letters,ifs,FALSE,10,elitize_generation_data,64,9,0.091,NA
66,87,double-letters,ifs,FALSE,10,elitize_generation_data,65,11,0.081,NA
67,87,double-letters,ifs,FALSE,10,elitize_generation_data,66,7,0.089,NA
68,87,double-letters,ifs,FALSE,10,elitize_generation_data,67,8,0.075,NA
69,87,double-letters,ifs,FALSE,10,elitize_generation_data,68,8,0.095,NA
70,87,double-letters,ifs,FALSE,10,elitize_generation_data,69,9,0.078,NA
71,87,double-letters,ifs,FALSE,10,elitize_generation_data,70,10,0.073,NA
72,87,double-letters,ifs,FALSE,10,elitize_generation_data,71,12,0.077,NA
73,87,double-letters,ifs,FALSE,10,elitize_generation_data,72,10,0.079,NA
74,87,double-letters,ifs,FALSE,10,elitize_generation_data,73,11,0.073,NA
75,87,double-letters,ifs,FALSE,10,elitize_generation_data,74,10,0.074,NA
76,87,double-letters,ifs,FALSE,10,elitize_generation_data,75,10,0.076,NA
77,87,double-letters,ifs,FALSE,10,elitize_generation_data,76,8,0.07,NA
78,87,double-letters,ifs,FALSE,10,elitize_generation_data,77,10,0.077,NA
79,87,double-letters,ifs,FALSE,10,elitize_generation_data,78,10,0.081,NA
80,87,double-letters,ifs,FALSE,10,elitize_generation_data,79,11,0.112,NA
81,87,double-letters,ifs,FALSE,10,elitize_generation_data,80,9,0.079,NA
82,87,double-letters,ifs,FALSE,10,elitize_generation_data,81,13,0.1,NA
83,87,double-letters,ifs,FALSE,10,elitize_generation_data,82,9,0.089,NA
84,87,double-letters,ifs,FALSE,10,elitize_generation_data,83,9,0.072,NA
85,87,double-letters,ifs,FALSE,10,elitize_generation_data,84,10,0.096,NA
86,87,double-letters,ifs,FALSE,10,elitize_generation_data,85,12,0.092,NA
87,87,double-letters,ifs,FALSE,10,elitize_generation_data,86,12,0.102,NA
88,87,double-letters,ifs,FALSE,10,elitize_generation_data,87,9,0.083,NA
89,87,double-letters,ifs,FALSE,10,elitize_generation_data,88,11,0.098,NA
90,87,double-letters,ifs,FALSE,10,elitize_generation_data,89,10,0.088,NA
91,87,double-letters,ifs,FALSE,10,elitize_generation_data,90,11,0.113,NA
92,87,double-letters,ifs,FALSE,10,elitize_generation_data,91,9,0.099,NA
93,87,double-letters,ifs,FALSE,10,elitize_generation_data,92,10,0.103,NA
94,87,double-letters,ifs,FALSE,10,elitize_generation_data,93,9,0.098,NA
95,87,double-letters,ifs,FALSE,10,elitize_generation_data,94,8,0.1,NA
96,87,double-letters,ifs,FALSE,10,elitize_generation_data,95,12,0.09,NA
97,87,double-letters,ifs,FALSE,10,elitize_generation_data,96,9,0.086,NA
98,87,double-letters,ifs,FALSE,10,elitize_generation_data,97,10,0.095,NA
99,87,double-letters,ifs,FALSE,10,elitize_generation_data,98,10,0.094,NA
100,87,double-letters,ifs,FALSE,10,elitize_generation_data,99,9,0.087,NA
101,87,double-letters,ifs,FALSE,10,elitize_generation_data,100,9,0.087,NA
102,87,double-letters,ifs,FALSE,10,elitize_generation_data,101,8,0.1,NA
103,87,double-letters,ifs,FALSE,10,elitize_generation_data,102,14,0.089,NA
104,87,double-letters,ifs,FALSE,10,elitize_generation_data,103,15,0.107,NA
105,87,double-letters,ifs,FALSE,10,elitize_generation_data,104,11,0.075,NA
106,87,double-letters,ifs,FALSE,10,elitize_generation_data,105,10,0.113,NA
107,87,double-letters,ifs,FALSE,10,elitize_generation_data,106,11,0.093,NA
108,87,double-letters,ifs,FALSE,10,elitize_generation_data,107,8,0.085,NA
109,87,double-letters,ifs,FALSE,10,elitize_generation_data,108,13,0.092,NA
110,87,double-letters,ifs,FALSE,10,elitize_generation_data,109,9,0.096,NA
111,87,double-letters,ifs,FALSE,10,elitize_generation_data,110,10,0.102,NA
112,87,double-letters,ifs,FALSE,10,elitize_generation_data,111,10,0.092,NA
113,87,double-letters,ifs,FALSE,10,elitize_generation_data,112,11,0.108,NA
114,87,double-letters,ifs,FALSE,10,elitize_generation_data,113,7,0.084,NA
115,87,double-letters,ifs,FALSE,10,elitize_generation_data,114,12,0.106,NA
116,87,double-letters,ifs,FALSE,10,elitize_generation_data,115,10,0.096,NA
117,87,double-letters,ifs,FALSE,10,elitize_generation_data,116,10,0.104,NA
118,87,double-letters,ifs,FALSE,10,elitize_generation_data,117,11,0.097,NA
119,87,double-letters,ifs,FALSE,10,elitize_generation_data,118,11,0.088,NA
120,87,double-letters,ifs,FALSE,10,elitize_generation_data,119,12,0.09,NA
121,87,double-letters,ifs,FALSE,10,elitize_generation_data,120,8,0.118,NA
122,87,double-letters,ifs,FALSE,10,elitize_generation_data,121,9,0.089,NA
123,87,double-letters,ifs,FALSE,10,elitize_generation_data,122,11,0.127,NA
124,87,double-letters,ifs,FALSE,10,elitize_generation_data,123,11,0.138,NA
125,87,double-letters,ifs,FALSE,10,elitize_generation_data,124,8,0.119,NA
126,87,double-letters,ifs,FALSE,10,elitize_generation_data,125,7,0.128,NA
127,87,double-letters,ifs,FALSE,10,elitize_generation_data,126,8,0.123,NA
128,87,double-letters,ifs,FALSE,10,elitize_generation_data,127,10,0.113,NA
129,87,double-letters,ifs,FALSE,10,elitize_generation_data,128,10,0.107,NA
130,87,double-letters,ifs,FALSE,10,elitize_generation_data,129,10,0.127,NA
131,87,double-letters,ifs,FALSE,10,elitize_generation_data,130,8,0.115,NA
132,87,double-letters,ifs,FALSE,10,elitize_generation_data,131,8,0.132,NA
133,87,double-letters,ifs,FALSE,10,elitize_generation_data,132,7,0.136,NA
134,87,double-letters,ifs,FALSE,10,elitize_generation_data,133,10,0.145,NA
135,87,double-letters,ifs,FALSE,10,elitize_generation_data,134,9,0.132,NA
136,87,double-letters,ifs,FALSE,10,elitize_generation_data,135,12,0.145,NA
137,87,double-letters,ifs,FALSE,10,elitize_generation_data,136,11,0.13,NA
138,87,double-letters,ifs,FALSE,10,elitize_generation_data,137,10,0.139,NA
139,87,double-letters,ifs,FALSE,10,elitize_generation_data,138,12,0.14,NA
140,87,double-letters,ifs,FALSE,10,elitize_generation_data,139,10,0.132,NA
141,87,double-letters,ifs,FALSE,10,elitize_generation_data,140,11,0.156,NA
142,87,double-letters,ifs,FALSE,10,elitize_generation_data,141,12,0.134,NA
143,87,double-letters,ifs,FALSE,10,elitize_generation_data,142,11,0.138,NA
144,87,double-letters,ifs,FALSE,10,elitize_generation_data,143,11,0.169,NA
145,87,double-letters,ifs,FALSE,10,elitize_generation_data,144,14,0.163,NA
146,87,double-letters,ifs,FALSE,10,elitize_generation_data,145,12,0.154,NA
147,87,double-letters,ifs,FALSE,10,elitize_generation_data,146,11,0.158,NA
148,87,double-letters,ifs,FALSE,10,elitize_generation_data,147,8,0.149,NA
149,87,double-letters,ifs,FALSE,10,elitize_generation_data,148,9,0.156,NA
150,87,double-letters,ifs,FALSE,10,elitize_generation_data,149,12,0.134,NA
151,87,double-letters,ifs,FALSE,10,elitize_generation_data,150,12,0.134,NA
152,87,double-letters,ifs,FALSE,10,elitize_generation_data,151,9,0.12,NA
153,87,double-letters,ifs,FALSE,10,elitize_generation_data,152,8,0.126,NA
154,87,double-letters,ifs,FALSE,10,elitize_generation_data,153,9,0.131,NA
155,87,double-letters,ifs,FALSE,10,elitize_generation_data,154,8,0.138,NA
156,87,double-letters,ifs,FALSE,10,elitize_generation_data,155,12,0.137,NA
157,87,double-letters,ifs,FALSE,10,elitize_generation_data,156,14,0.141,NA
158,87,double-letters,ifs,FALSE,10,elitize_generation_data,157,12,0.165,NA
159,87,double-letters,ifs,FALSE,10,elitize_generation_data,158,12,0.144,NA
160,87,double-letters,ifs,FALSE,10,elitize_generation_data,159,12,0.168,NA
161,87,double-letters,ifs,FALSE,10,elitize_generation_data,160,12,0.143,NA
162,87,double-letters,ifs,FALSE,10,elitize_generation_data,161,10,0.152,NA
163,87,double-letters,ifs,FALSE,10,elitize_generation_data,162,12,0.141,NA
164,87,double-letters,ifs,FALSE,10,elitize_generation_data,163,11,0.151,NA
165,87,double-letters,ifs,FALSE,10,elitize_generation_data,164,16,0.16,NA
166,87,double-letters,ifs,FALSE,10,elitize_generation_data,165,10,0.157,NA
167,87,double-letters,ifs,FALSE,10,elitize_generation_data,166,14,0.156,NA
168,87,double-letters,ifs,FALSE,10,elitize_generation_data,167,10,0.154,NA
169,87,double-letters,ifs,FALSE,10,elitize_generation_data,168,13,0.15,NA
170,87,double-letters,ifs,FALSE,10,elitize_generation_data,169,10,0.137,NA
171,87,double-letters,ifs,FALSE,10,elitize_generation_data,170,11,0.152,NA
172,87,double-letters,ifs,FALSE,10,elitize_generation_data,171,10,0.155,NA
173,87,double-letters,ifs,FALSE,10,elitize_generation_data,172,12,0.208,NA
174,87,double-letters,ifs,FALSE,10,elitize_generation_data,173,12,0.19,NA
175,87,double-letters,ifs,FALSE,10,elitize_generation_data,174,11,0.199,NA
176,87,double-letters,ifs,FALSE,10,elitize_generation_data,175,10,0.179,NA
177,87,double-letters,ifs,FALSE,10,elitize_generation_data,176,13,0.182,NA
178,87,double-letters,ifs,FALSE,10,elitize_generation_data,177,11,0.182,NA
179,87,double-letters,ifs,FALSE,10,elitize_generation_data,178,12,0.188,NA
180,87,double-letters,ifs,FALSE,10,elitize_generation_data,179,10,0.221,NA
181,87,double-letters,ifs,FALSE,10,elitize_generation_data,180,11,0.205,NA
182,87,double-letters,ifs,FALSE,10,elitize_generation_data,181,14,0.233,NA
183,87,double-letters,ifs,FALSE,10,elitize_generation_data,182,11,0.238,NA
184,87,double-letters,ifs,FALSE,10,elitize_generation_data,183,10,0.24,NA
185,87,double-letters,ifs,FALSE,10,elitize_generation_data,184,12,0.257,NA
186,87,double-letters,ifs,FALSE,10,elitize_generation_data,185,14,0.286,NA
187,87,double-letters,ifs,FALSE,10,elitize_generation_data,186,22,0.334,NA
188,87,double-letters,ifs,FALSE,10,elitize_generation_data,187,17,0.31,NA
189,87,double-letters,ifs,FALSE,10,elitize_generation_data,188,14,0.286,NA
190,87,double-letters,ifs,FALSE,10,elitize_generation_data,189,10,0.308,NA
191,87,double-letters,ifs,FALSE,10,elitize_generation_data,190,17,0.322,NA
192,87,double-letters,ifs,FALSE,10,elitize_generation_data,191,13,0.341,NA
193,87,double-letters,ifs,FALSE,10,elitize_generation_data,192,12,0.344,NA
194,87,double-letters,ifs,FALSE,10,elitize_generation_data,193,12,0.339,NA
195,87,double-letters,ifs,FALSE,10,elitize_generation_data,194,15,0.32,NA
196,87,double-letters,ifs,FALSE,10,elitize_generation_data,195,14,0.36,NA
197,87,double-letters,ifs,FALSE,10,elitize_generation_data,196,16,0.365,NA
198,87,double-letters,ifs,FALSE,10,elitize_generation_data,197,13,0.363,NA
199,87,double-letters,ifs,FALSE,10,elitize_generation_data,198,17,0.354,NA
200,87,double-letters,ifs,FALSE,10,elitize_generation_data,199,12,0.345,NA
201,87,double-letters,ifs,FALSE,10,elitize_generation_data,200,13,0.344,NA
202,87,double-letters,ifs,FALSE,10,elitize_generation_data,201,11,0.332,NA
203,87,double-letters,ifs,FALSE,10,elitize_generation_data,202,12,0.333,NA
204,87,double-letters,ifs,FALSE,10,elitize_generation_data,203,20,0.339,NA
205,87,double-letters,ifs,FALSE,10,elitize_generation_data,204,17,0.327,NA
206,87,double-letters,ifs,FALSE,10,elitize_generation_data,205,11,0.301,NA
207,87,double-letters,ifs,FALSE,10,elitize_generation_data,206,14,0.326,NA
208,87,double-letters,ifs,FALSE,10,elitize_generation_data,207,14,0.331,NA
209,87,double-letters,ifs,FALSE,10,elitize_generation_data,208,13,0.341,NA
210,87,double-letters,ifs,FALSE,10,elitize_generation_data,209,14,0.347,NA
211,87,double-letters,ifs,FALSE,10,elitize_generation_data,210,15,0.341,NA
212,87,double-letters,ifs,FALSE,10,elitize_generation_data,211,13,0.348,NA
213,87,double-letters,ifs,FALSE,10,elitize_generation_data,212,16,0.339,NA
214,87,double-letters,ifs,FALSE,10,elitize_generation_data,213,15,0.318,NA
215,87,double-letters,ifs,FALSE,10,elitize_generation_data,214,16,0.327,NA
216,87,double-letters,ifs,FALSE,10,elitize_generation_data,215,17,0.348,NA
217,87,double-letters,ifs,FALSE,10,elitize_generation_data,216,17,0.354,NA
218,87,double-letters,ifs,FALSE,10,elitize_generation_data,217,14,0.344,NA
219,87,double-letters,ifs,FALSE,10,elitize_generation_data,218,13,0.365,NA
220,87,double-letters,ifs,FALSE,10,elitize_generation_data,219,10,0.367,NA
221,87,double-letters,ifs,FALSE,10,elitize_generation_data,220,16,0.41,NA
222,87,double-letters,ifs,FALSE,10,elitize_generation_data,221,14,0.391,NA
223,87,double-letters,ifs,FALSE,10,elitize_generation_data,222,15,0.406,NA
224,87,double-letters,ifs,FALSE,10,elitize_generation_data,223,14,0.412,NA
225,87,double-letters,ifs,FALSE,10,elitize_generation_data,224,18,0.393,NA
226,87,double-letters,ifs,FALSE,10,elitize_generation_data,225,15,0.415,NA
227,87,double-letters,ifs,FALSE,10,elitize_generation_data,226,15,0.393,NA
228,87,double-letters,ifs,FALSE,10,elitize_generation_data,227,15,0.402,NA
229,87,double-letters,ifs,FALSE,10,elitize_generation_data,228,18,0.416,NA
230,87,double-letters,ifs,FALSE,10,elitize_generation_data,229,17,0.397,NA
231,87,double-letters,ifs,FALSE,10,elitize_generation_data,230,14,0.389,NA
232,87,double-letters,ifs,FALSE,10,elitize_generation_data,231,13,0.383,NA
233,87,double-letters,ifs,FALSE,10,elitize_generation_data,232,15,0.402,NA
234,87,double-letters,ifs,FALSE,10,elitize_generation_data,233,13,0.404,NA
235,87,double-letters,ifs,FALSE,10,elitize_generation_data,234,17,0.42,NA
236,87,double-letters,ifs,FALSE,10,elitize_generation_data,235,17,0.412,NA
237,87,double-letters,ifs,FALSE,10,elitize_generation_data,236,15,0.4,NA
238,87,double-letters,ifs,FALSE,10,elitize_generation_data,237,17,0.395,NA
239,87,double-letters,ifs,FALSE,10,elitize_generation_data,238,13,0.382,NA
240,87,double-letters,ifs,FALSE,10,elitize_generation_data,239,16,0.422,NA
241,87,double-letters,ifs,FALSE,10,elitize_generation_data,240,13,0.382,NA
242,87,double-letters,ifs,FALSE,10,elitize_generation_data,241,15,0.364,NA
243,87,double-letters,ifs,FALSE,10,elitize_generation_data,242,12,0.38,NA
244,87,double-letters,ifs,FALSE,10,elitize_generation_data,243,18,0.38,NA
245,87,double-letters,ifs,FALSE,10,elitize_generation_data,244,18,0.403,NA
246,87,double-letters,ifs,FALSE,10,elitize_generation_data,245,17,0.41,NA
247,87,double-letters,ifs,FALSE,10,elitize_generation_data,246,15,0.38,NA
248,87,double-letters,ifs,FALSE,10,elitize_generation_data,247,14,0.403,NA
249,87,double-letters,ifs,FALSE,10,elitize_generation_data,248,18,0.39,NA
250,87,double-letters,ifs,FALSE,10,elitize_generation_data,249,13,0.39,NA
251,87,double-letters,ifs,FALSE,10,elitize_generation_data,250,14,0.386,NA
252,87,double-letters,ifs,FALSE,10,elitize_generation_data,251,14,0.386,NA
253,87,double-letters,ifs,FALSE,10,elitize_generation_data,252,17,0.413,NA
254,87,double-letters,ifs,FALSE,10,elitize_generation_data,253,13,0.382,NA
255,87,double-letters,ifs,FALSE,10,elitize_generation_data,254,17,0.39,NA
256,87,double-letters,ifs,FALSE,10,elitize_generation_data,255,13,0.377,NA
257,87,double-letters,ifs,FALSE,10,elitize_generation_data,256,17,0.367,NA
258,87,double-letters,ifs,FALSE,10,elitize_generation_data,257,20,0.385,NA
259,87,double-letters,ifs,FALSE,10,elitize_generation_data,258,16,0.381,NA
260,87,double-letters,ifs,FALSE,10,elitize_generation_data,259,19,0.383,NA
261,87,double-letters,ifs,FALSE,10,elitize_generation_data,260,13,0.374,NA
262,87,double-letters,ifs,FALSE,10,elitize_generation_data,261,13,0.403,NA
263,87,double-letters,ifs,FALSE,10,elitize_generation_data,262,17,0.393,NA
264,87,double-letters,ifs,FALSE,10,elitize_generation_data,263,19,0.413,NA
265,87,double-letters,ifs,FALSE,10,elitize_generation_data,264,14,0.394,NA
266,87,double-letters,ifs,FALSE,10,elitize_generation_data,265,15,0.378,NA
267,87,double-letters,ifs,FALSE,10,elitize_generation_data,266,18,0.403,NA
268,87,double-letters,ifs,FALSE,10,elitize_generation_data,267,19,0.385,NA
269,87,double-letters,ifs,FALSE,10,elitize_generation_data,268,18,0.379,NA
270,87,double-letters,ifs,FALSE,10,elitize_generation_data,269,14,0.407,NA
271,87,double-letters,ifs,FALSE,10,elitize_generation_data,270,12,0.385,NA
272,87,double-letters,ifs,FALSE,10,elitize_generation_data,271,15,0.343,NA
273,87,double-letters,ifs,FALSE,10,elitize_generation_data,272,15,0.354,NA
274,87,double-letters,ifs,FALSE,10,elitize_generation_data,273,16,0.334,NA
275,87,double-letters,ifs,FALSE,10,elitize_generation_data,274,12,0.356,NA
276,87,double-letters,ifs,FALSE,10,elitize_generation_data,275,15,0.343,NA
277,87,double-letters,ifs,FALSE,10,elitize_generation_data,276,15,0.348,NA
278,87,double-letters,ifs,FALSE,10,elitize_generation_data,277,15,0.322,NA
279,87,double-letters,ifs,FALSE,10,elitize_generation_data,278,17,0.348,NA
280,87,double-letters,ifs,FALSE,10,elitize_generation_data,279,16,0.342,NA
281,87,double-letters,ifs,FALSE,10,elitize_generation_data,280,14,0.312,NA
282,87,double-letters,ifs,FALSE,10,elitize_generation_data,281,15,0.352,NA
283,87,double-letters,ifs,FALSE,10,elitize_generation_data,282,21,0.331,NA
284,87,double-letters,ifs,FALSE,10,elitize_generation_data,283,14,0.322,NA
285,87,double-letters,ifs,FALSE,10,elitize_generation_data,284,13,0.35,NA
286,87,double-letters,ifs,FALSE,10,elitize_generation_data,285,15,0.326,NA
287,87,double-letters,ifs,FALSE,10,elitize_generation_data,286,15,0.345,NA
288,87,double-letters,ifs,FALSE,10,elitize_generation_data,287,19,0.318,NA
289,87,double-letters,ifs,FALSE,10,elitize_generation_data,288,14,0.334,NA
290,87,double-letters,ifs,FALSE,10,elitize_generation_data,289,14,0.347,NA
291,87,double-letters,ifs,FALSE,10,elitize_generation_data,290,14,0.33,NA
292,87,double-letters,ifs,FALSE,10,elitize_generation_data,291,19,0.335,NA
293,87,double-letters,ifs,FALSE,10,elitize_generation_data,292,15,0.344,NA
294,87,double-letters,ifs,FALSE,10,elitize_generation_data,293,10,0.315,NA
295,87,double-letters,ifs,FALSE,10,elitize_generation_data,294,16,0.355,NA
296,87,double-letters,ifs,FALSE,10,elitize_generation_data,295,17,0.355,NA
297,87,double-letters,ifs,FALSE,10,elitize_generation_data,296,16,0.368,NA
298,87,double-letters,ifs,FALSE,10,elitize_generation_data,297,15,0.33,NA
299,87,double-letters,ifs,FALSE,10,elitize_generation_data,298,12,0.349,NA
300,87,double-letters,ifs,FALSE,10,elitize_generation_data,299,13,0.342,NA
301,87,double-letters,ifs,FALSE,10,elitize_generation_data,300,15,0.314,NA
