,run.num,problem,treatment,succeeded,height,normalization.function,generation,cluster.count,error.diversity,success.generation
1,30,double-letters,ifs,FALSE,10,elitize_generation_data,0,5,0.37,NA
2,30,double-letters,ifs,FALSE,10,elitize_generation_data,1,6,0.148,NA
3,30,double-letters,ifs,FALSE,10,elitize_generation_data,2,6,0.196,NA
4,30,double-letters,ifs,FALSE,10,elitize_generation_data,3,7,0.105,NA
5,30,double-letters,ifs,FALSE,10,elitize_generation_data,4,6,0.074,NA
6,30,double-letters,ifs,FALSE,10,elitize_generation_data,5,9,0.086,NA
7,30,double-letters,ifs,FALSE,10,elitize_generation_data,6,13,0.101,NA
8,30,double-letters,ifs,FALSE,10,elitize_generation_data,7,11,0.125,NA
9,30,double-letters,ifs,FALSE,10,elitize_generation_data,8,7,0.08,NA
10,30,double-letters,ifs,FALSE,10,elitize_generation_data,9,7,0.073,NA
11,30,double-letters,ifs,FALSE,10,elitize_generation_data,10,6,0.057,NA
12,30,double-letters,ifs,FALSE,10,elitize_generation_data,11,6,0.052,NA
13,30,double-letters,ifs,FALSE,10,elitize_generation_data,12,6,0.052,NA
14,30,double-letters,ifs,FALSE,10,elitize_generation_data,13,5,0.051,NA
15,30,double-letters,ifs,FALSE,10,elitize_generation_data,14,5,0.054,NA
16,30,double-letters,ifs,FALSE,10,elitize_generation_data,15,5,0.045,NA
17,30,double-letters,ifs,FALSE,10,elitize_generation_data,16,4,0.049,NA
18,30,double-letters,ifs,FALSE,10,elitize_generation_data,17,5,0.051,NA
19,30,double-letters,ifs,FALSE,10,elitize_generation_data,18,5,0.05,NA
20,30,double-letters,ifs,FALSE,10,elitize_generation_data,19,6,0.049,NA
21,30,double-letters,ifs,FALSE,10,elitize_generation_data,20,5,0.045,NA
22,30,double-letters,ifs,FALSE,10,elitize_generation_data,21,5,0.049,NA
23,30,double-letters,ifs,FALSE,10,elitize_generation_data,22,5,0.05,NA
24,30,double-letters,ifs,FALSE,10,elitize_generation_data,23,6,0.049,NA
25,30,double-letters,ifs,FALSE,10,elitize_generation_data,24,6,0.044,NA
26,30,double-letters,ifs,FALSE,10,elitize_generation_data,25,4,0.052,NA
27,30,double-letters,ifs,FALSE,10,elitize_generation_data,26,5,0.041,NA
28,30,double-letters,ifs,FALSE,10,elitize_generation_data,27,5,0.038,NA
29,30,double-letters,ifs,FALSE,10,elitize_generation_data,28,6,0.066,NA
30,30,double-letters,ifs,FALSE,10,elitize_generation_data,29,5,0.043,NA
31,30,double-letters,ifs,FALSE,10,elitize_generation_data,30,6,0.051,NA
32,30,double-letters,ifs,FALSE,10,elitize_generation_data,31,6,0.042,NA
33,30,double-letters,ifs,FALSE,10,elitize_generation_data,32,5,0.043,NA
34,30,double-letters,ifs,FALSE,10,elitize_generation_data,33,6,0.046,NA
35,30,double-letters,ifs,FALSE,10,elitize_generation_data,34,5,0.049,NA
36,30,double-letters,ifs,FALSE,10,elitize_generation_data,35,5,0.044,NA
37,30,double-letters,ifs,FALSE,10,elitize_generation_data,36,5,0.056,NA
38,30,double-letters,ifs,FALSE,10,elitize_generation_data,37,4,0.047,NA
39,30,double-letters,ifs,FALSE,10,elitize_generation_data,38,5,0.039,NA
40,30,double-letters,ifs,FALSE,10,elitize_generation_data,39,6,0.047,NA
41,30,double-letters,ifs,FALSE,10,elitize_generation_data,40,6,0.056,NA
42,30,double-letters,ifs,FALSE,10,elitize_generation_data,41,8,0.077,NA
43,30,double-letters,ifs,FALSE,10,elitize_generation_data,42,8,0.103,NA
44,30,double-letters,ifs,FALSE,10,elitize_generation_data,43,8,0.13,NA
45,30,double-letters,ifs,FALSE,10,elitize_generation_data,44,8,0.128,NA
46,30,double-letters,ifs,FALSE,10,elitize_generation_data,45,11,0.134,NA
47,30,double-letters,ifs,FALSE,10,elitize_generation_data,46,8,0.131,NA
48,30,double-letters,ifs,FALSE,10,elitize_generation_data,47,10,0.139,NA
49,30,double-letters,ifs,FALSE,10,elitize_generation_data,48,6,0.157,NA
50,30,double-letters,ifs,FALSE,10,elitize_generation_data,49,9,0.135,NA
51,30,double-letters,ifs,FALSE,10,elitize_generation_data,50,8,0.136,NA
52,30,double-letters,ifs,FALSE,10,elitize_generation_data,51,8,0.137,NA
53,30,double-letters,ifs,FALSE,10,elitize_generation_data,52,7,0.137,NA
54,30,double-letters,ifs,FALSE,10,elitize_generation_data,53,8,0.134,NA
55,30,double-letters,ifs,FALSE,10,elitize_generation_data,54,9,0.144,NA
56,30,double-letters,ifs,FALSE,10,elitize_generation_data,55,10,0.149,NA
57,30,double-letters,ifs,FALSE,10,elitize_generation_data,56,7,0.135,NA
58,30,double-letters,ifs,FALSE,10,elitize_generation_data,57,7,0.143,NA
59,30,double-letters,ifs,FALSE,10,elitize_generation_data,58,7,0.15,NA
60,30,double-letters,ifs,FALSE,10,elitize_generation_data,59,7,0.133,NA
61,30,double-letters,ifs,FALSE,10,elitize_generation_data,60,9,0.146,NA
62,30,double-letters,ifs,FALSE,10,elitize_generation_data,61,9,0.139,NA
63,30,double-letters,ifs,FALSE,10,elitize_generation_data,62,11,0.152,NA
64,30,double-letters,ifs,FALSE,10,elitize_generation_data,63,9,0.141,NA
65,30,double-letters,ifs,FALSE,10,elitize_generation_data,64,10,0.137,NA
66,30,double-letters,ifs,FALSE,10,elitize_generation_data,65,8,0.151,NA
67,30,double-letters,ifs,FALSE,10,elitize_generation_data,66,10,0.145,NA
68,30,double-letters,ifs,FALSE,10,elitize_generation_data,67,7,0.149,NA
69,30,double-letters,ifs,FALSE,10,elitize_generation_data,68,7,0.149,NA
70,30,double-letters,ifs,FALSE,10,elitize_generation_data,69,7,0.156,NA
71,30,double-letters,ifs,FALSE,10,elitize_generation_data,70,10,0.148,NA
72,30,double-letters,ifs,FALSE,10,elitize_generation_data,71,9,0.155,NA
73,30,double-letters,ifs,FALSE,10,elitize_generation_data,72,7,0.177,NA
74,30,double-letters,ifs,FALSE,10,elitize_generation_data,73,7,0.177,NA
75,30,double-letters,ifs,FALSE,10,elitize_generation_data,74,9,0.157,NA
76,30,double-letters,ifs,FALSE,10,elitize_generation_data,75,6,0.129,NA
77,30,double-letters,ifs,FALSE,10,elitize_generation_data,76,6,0.143,NA
78,30,double-letters,ifs,FALSE,10,elitize_generation_data,77,6,0.147,NA
79,30,double-letters,ifs,FALSE,10,elitize_generation_data,78,5,0.147,NA
80,30,double-letters,ifs,FALSE,10,elitize_generation_data,79,6,0.144,NA
81,30,double-letters,ifs,FALSE,10,elitize_generation_data,80,6,0.18,NA
82,30,double-letters,ifs,FALSE,10,elitize_generation_data,81,7,0.157,NA
83,30,double-letters,ifs,FALSE,10,elitize_generation_data,82,7,0.157,NA
84,30,double-letters,ifs,FALSE,10,elitize_generation_data,83,6,0.167,NA
85,30,double-letters,ifs,FALSE,10,elitize_generation_data,84,9,0.186,NA
86,30,double-letters,ifs,FALSE,10,elitize_generation_data,85,9,0.213,NA
87,30,double-letters,ifs,FALSE,10,elitize_generation_data,86,9,0.225,NA
88,30,double-letters,ifs,FALSE,10,elitize_generation_data,87,9,0.241,NA
89,30,double-letters,ifs,FALSE,10,elitize_generation_data,88,10,0.262,NA
90,30,double-letters,ifs,FALSE,10,elitize_generation_data,89,14,0.275,NA
91,30,double-letters,ifs,FALSE,10,elitize_generation_data,90,9,0.264,NA
92,30,double-letters,ifs,FALSE,10,elitize_generation_data,91,8,0.264,NA
93,30,double-letters,ifs,FALSE,10,elitize_generation_data,92,10,0.24,NA
94,30,double-letters,ifs,FALSE,10,elitize_generation_data,93,9,0.243,NA
95,30,double-letters,ifs,FALSE,10,elitize_generation_data,94,12,0.282,NA
96,30,double-letters,ifs,FALSE,10,elitize_generation_data,95,13,0.277,NA
97,30,double-letters,ifs,FALSE,10,elitize_generation_data,96,14,0.292,NA
98,30,double-letters,ifs,FALSE,10,elitize_generation_data,97,11,0.264,NA
99,30,double-letters,ifs,FALSE,10,elitize_generation_data,98,15,0.261,NA
100,30,double-letters,ifs,FALSE,10,elitize_generation_data,99,13,0.303,NA
101,30,double-letters,ifs,FALSE,10,elitize_generation_data,100,13,0.319,NA
102,30,double-letters,ifs,FALSE,10,elitize_generation_data,101,10,0.29,NA
103,30,double-letters,ifs,FALSE,10,elitize_generation_data,102,14,0.306,NA
104,30,double-letters,ifs,FALSE,10,elitize_generation_data,103,11,0.305,NA
105,30,double-letters,ifs,FALSE,10,elitize_generation_data,104,13,0.31,NA
106,30,double-letters,ifs,FALSE,10,elitize_generation_data,105,11,0.295,NA
107,30,double-letters,ifs,FALSE,10,elitize_generation_data,106,14,0.324,NA
108,30,double-letters,ifs,FALSE,10,elitize_generation_data,107,13,0.276,NA
109,30,double-letters,ifs,FALSE,10,elitize_generation_data,108,12,0.301,NA
110,30,double-letters,ifs,FALSE,10,elitize_generation_data,109,15,0.282,NA
111,30,double-letters,ifs,FALSE,10,elitize_generation_data,110,11,0.293,NA
112,30,double-letters,ifs,FALSE,10,elitize_generation_data,111,13,0.289,NA
113,30,double-letters,ifs,FALSE,10,elitize_generation_data,112,8,0.309,NA
114,30,double-letters,ifs,FALSE,10,elitize_generation_data,113,6,0.266,NA
115,30,double-letters,ifs,FALSE,10,elitize_generation_data,114,8,0.293,NA
116,30,double-letters,ifs,FALSE,10,elitize_generation_data,115,7,0.293,NA
117,30,double-letters,ifs,FALSE,10,elitize_generation_data,116,9,0.29,NA
118,30,double-letters,ifs,FALSE,10,elitize_generation_data,117,10,0.299,NA
119,30,double-letters,ifs,FALSE,10,elitize_generation_data,118,10,0.275,NA
120,30,double-letters,ifs,FALSE,10,elitize_generation_data,119,11,0.287,NA
121,30,double-letters,ifs,FALSE,10,elitize_generation_data,120,10,0.294,NA
122,30,double-letters,ifs,FALSE,10,elitize_generation_data,121,11,0.275,NA
123,30,double-letters,ifs,FALSE,10,elitize_generation_data,122,10,0.287,NA
124,30,double-letters,ifs,FALSE,10,elitize_generation_data,123,9,0.281,NA
125,30,double-letters,ifs,FALSE,10,elitize_generation_data,124,10,0.261,NA
126,30,double-letters,ifs,FALSE,10,elitize_generation_data,125,5,0.288,NA
127,30,double-letters,ifs,FALSE,10,elitize_generation_data,126,11,0.267,NA
128,30,double-letters,ifs,FALSE,10,elitize_generation_data,127,9,0.304,NA
129,30,double-letters,ifs,FALSE,10,elitize_generation_data,128,9,0.292,NA
130,30,double-letters,ifs,FALSE,10,elitize_generation_data,129,9,0.285,NA
131,30,double-letters,ifs,FALSE,10,elitize_generation_data,130,11,0.284,NA
132,30,double-letters,ifs,FALSE,10,elitize_generation_data,131,8,0.273,NA
133,30,double-letters,ifs,FALSE,10,elitize_generation_data,132,12,0.3,NA
134,30,double-letters,ifs,FALSE,10,elitize_generation_data,133,11,0.283,NA
135,30,double-letters,ifs,FALSE,10,elitize_generation_data,134,9,0.285,NA
136,30,double-letters,ifs,FALSE,10,elitize_generation_data,135,10,0.274,NA
137,30,double-letters,ifs,FALSE,10,elitize_generation_data,136,7,0.271,NA
138,30,double-letters,ifs,FALSE,10,elitize_generation_data,137,8,0.304,NA
139,30,double-letters,ifs,FALSE,10,elitize_generation_data,138,10,0.305,NA
140,30,double-letters,ifs,FALSE,10,elitize_generation_data,139,9,0.3,NA
141,30,double-letters,ifs,FALSE,10,elitize_generation_data,140,8,0.329,NA
142,30,double-letters,ifs,FALSE,10,elitize_generation_data,141,16,0.317,NA
143,30,double-letters,ifs,FALSE,10,elitize_generation_data,142,11,0.306,NA
144,30,double-letters,ifs,FALSE,10,elitize_generation_data,143,11,0.281,NA
145,30,double-letters,ifs,FALSE,10,elitize_generation_data,144,11,0.291,NA
146,30,double-letters,ifs,FALSE,10,elitize_generation_data,145,7,0.302,NA
147,30,double-letters,ifs,FALSE,10,elitize_generation_data,146,11,0.279,NA
148,30,double-letters,ifs,FALSE,10,elitize_generation_data,147,11,0.303,NA
149,30,double-letters,ifs,FALSE,10,elitize_generation_data,148,12,0.328,NA
150,30,double-letters,ifs,FALSE,10,elitize_generation_data,149,6,0.388,NA
151,30,double-letters,ifs,FALSE,10,elitize_generation_data,150,6,0.366,NA
152,30,double-letters,ifs,FALSE,10,elitize_generation_data,151,9,0.387,NA
153,30,double-letters,ifs,FALSE,10,elitize_generation_data,152,9,0.413,NA
154,30,double-letters,ifs,FALSE,10,elitize_generation_data,153,6,0.398,NA
155,30,double-letters,ifs,FALSE,10,elitize_generation_data,154,10,0.406,NA
156,30,double-letters,ifs,FALSE,10,elitize_generation_data,155,7,0.401,NA
157,30,double-letters,ifs,FALSE,10,elitize_generation_data,156,9,0.37,NA
158,30,double-letters,ifs,FALSE,10,elitize_generation_data,157,11,0.369,NA
159,30,double-letters,ifs,FALSE,10,elitize_generation_data,158,8,0.385,NA
160,30,double-letters,ifs,FALSE,10,elitize_generation_data,159,9,0.402,NA
161,30,double-letters,ifs,FALSE,10,elitize_generation_data,160,8,0.4,NA
162,30,double-letters,ifs,FALSE,10,elitize_generation_data,161,7,0.405,NA
163,30,double-letters,ifs,FALSE,10,elitize_generation_data,162,8,0.409,NA
164,30,double-letters,ifs,FALSE,10,elitize_generation_data,163,8,0.42,NA
165,30,double-letters,ifs,FALSE,10,elitize_generation_data,164,8,0.42,NA
166,30,double-letters,ifs,FALSE,10,elitize_generation_data,165,8,0.367,NA
167,30,double-letters,ifs,FALSE,10,elitize_generation_data,166,8,0.335,NA
168,30,double-letters,ifs,FALSE,10,elitize_generation_data,167,7,0.383,NA
169,30,double-letters,ifs,FALSE,10,elitize_generation_data,168,5,0.348,NA
170,30,double-letters,ifs,FALSE,10,elitize_generation_data,169,8,0.321,NA
171,30,double-letters,ifs,FALSE,10,elitize_generation_data,170,8,0.359,NA
172,30,double-letters,ifs,FALSE,10,elitize_generation_data,171,9,0.342,NA
173,30,double-letters,ifs,FALSE,10,elitize_generation_data,172,8,0.382,NA
174,30,double-letters,ifs,FALSE,10,elitize_generation_data,173,6,0.368,NA
175,30,double-letters,ifs,FALSE,10,elitize_generation_data,174,7,0.365,NA
176,30,double-letters,ifs,FALSE,10,elitize_generation_data,175,11,0.389,NA
177,30,double-letters,ifs,FALSE,10,elitize_generation_data,176,7,0.359,NA
178,30,double-letters,ifs,FALSE,10,elitize_generation_data,177,9,0.367,NA
179,30,double-letters,ifs,FALSE,10,elitize_generation_data,178,8,0.356,NA
180,30,double-letters,ifs,FALSE,10,elitize_generation_data,179,13,0.391,NA
181,30,double-letters,ifs,FALSE,10,elitize_generation_data,180,10,0.388,NA
182,30,double-letters,ifs,FALSE,10,elitize_generation_data,181,10,0.377,NA
183,30,double-letters,ifs,FALSE,10,elitize_generation_data,182,11,0.396,NA
184,30,double-letters,ifs,FALSE,10,elitize_generation_data,183,9,0.38,NA
185,30,double-letters,ifs,FALSE,10,elitize_generation_data,184,10,0.367,NA
186,30,double-letters,ifs,FALSE,10,elitize_generation_data,185,10,0.411,NA
187,30,double-letters,ifs,FALSE,10,elitize_generation_data,186,8,0.369,NA
188,30,double-letters,ifs,FALSE,10,elitize_generation_data,187,9,0.347,NA
189,30,double-letters,ifs,FALSE,10,elitize_generation_data,188,12,0.364,NA
190,30,double-letters,ifs,FALSE,10,elitize_generation_data,189,10,0.378,NA
191,30,double-letters,ifs,FALSE,10,elitize_generation_data,190,9,0.368,NA
192,30,double-letters,ifs,FALSE,10,elitize_generation_data,191,12,0.383,NA
193,30,double-letters,ifs,FALSE,10,elitize_generation_data,192,9,0.34,NA
194,30,double-letters,ifs,FALSE,10,elitize_generation_data,193,10,0.383,NA
195,30,double-letters,ifs,FALSE,10,elitize_generation_data,194,7,0.371,NA
196,30,double-letters,ifs,FALSE,10,elitize_generation_data,195,8,0.382,NA
197,30,double-letters,ifs,FALSE,10,elitize_generation_data,196,9,0.372,NA
198,30,double-letters,ifs,FALSE,10,elitize_generation_data,197,7,0.383,NA
199,30,double-letters,ifs,FALSE,10,elitize_generation_data,198,7,0.375,NA
200,30,double-letters,ifs,FALSE,10,elitize_generation_data,199,8,0.378,NA
201,30,double-letters,ifs,FALSE,10,elitize_generation_data,200,7,0.404,NA
202,30,double-letters,ifs,FALSE,10,elitize_generation_data,201,8,0.415,NA
203,30,double-letters,ifs,FALSE,10,elitize_generation_data,202,9,0.43,NA
204,30,double-letters,ifs,FALSE,10,elitize_generation_data,203,11,0.403,NA
205,30,double-letters,ifs,FALSE,10,elitize_generation_data,204,10,0.409,NA
206,30,double-letters,ifs,FALSE,10,elitize_generation_data,205,10,0.394,NA
207,30,double-letters,ifs,FALSE,10,elitize_generation_data,206,13,0.388,NA
208,30,double-letters,ifs,FALSE,10,elitize_generation_data,207,15,0.422,NA
209,30,double-letters,ifs,FALSE,10,elitize_generation_data,208,12,0.448,NA
210,30,double-letters,ifs,FALSE,10,elitize_generation_data,209,16,0.489,NA
211,30,double-letters,ifs,FALSE,10,elitize_generation_data,210,17,0.504,NA
212,30,double-letters,ifs,FALSE,10,elitize_generation_data,211,11,0.484,NA
213,30,double-letters,ifs,FALSE,10,elitize_generation_data,212,17,0.494,NA
214,30,double-letters,ifs,FALSE,10,elitize_generation_data,213,17,0.451,NA
215,30,double-letters,ifs,FALSE,10,elitize_generation_data,214,12,0.432,NA
216,30,double-letters,ifs,FALSE,10,elitize_generation_data,215,12,0.446,NA
217,30,double-letters,ifs,FALSE,10,elitize_generation_data,216,11,0.446,NA
218,30,double-letters,ifs,FALSE,10,elitize_generation_data,217,13,0.45,NA
219,30,double-letters,ifs,FALSE,10,elitize_generation_data,218,14,0.444,NA
220,30,double-letters,ifs,FALSE,10,elitize_generation_data,219,15,0.468,NA
221,30,double-letters,ifs,FALSE,10,elitize_generation_data,220,11,0.46,NA
222,30,double-letters,ifs,FALSE,10,elitize_generation_data,221,11,0.471,NA
223,30,double-letters,ifs,FALSE,10,elitize_generation_data,222,14,0.449,NA
224,30,double-letters,ifs,FALSE,10,elitize_generation_data,223,12,0.485,NA
225,30,double-letters,ifs,FALSE,10,elitize_generation_data,224,20,0.468,NA
226,30,double-letters,ifs,FALSE,10,elitize_generation_data,225,17,0.487,NA
227,30,double-letters,ifs,FALSE,10,elitize_generation_data,226,13,0.468,NA
228,30,double-letters,ifs,FALSE,10,elitize_generation_data,227,18,0.506,NA
229,30,double-letters,ifs,FALSE,10,elitize_generation_data,228,27,0.492,NA
230,30,double-letters,ifs,FALSE,10,elitize_generation_data,229,16,0.459,NA
231,30,double-letters,ifs,FALSE,10,elitize_generation_data,230,15,0.495,NA
232,30,double-letters,ifs,FALSE,10,elitize_generation_data,231,15,0.508,NA
233,30,double-letters,ifs,FALSE,10,elitize_generation_data,232,22,0.5,NA
234,30,double-letters,ifs,FALSE,10,elitize_generation_data,233,14,0.476,NA
235,30,double-letters,ifs,FALSE,10,elitize_generation_data,234,18,0.509,NA
236,30,double-letters,ifs,FALSE,10,elitize_generation_data,235,19,0.506,NA
237,30,double-letters,ifs,FALSE,10,elitize_generation_data,236,27,0.519,NA
238,30,double-letters,ifs,FALSE,10,elitize_generation_data,237,21,0.513,NA
239,30,double-letters,ifs,FALSE,10,elitize_generation_data,238,24,0.518,NA
240,30,double-letters,ifs,FALSE,10,elitize_generation_data,239,22,0.544,NA
241,30,double-letters,ifs,FALSE,10,elitize_generation_data,240,14,0.519,NA
242,30,double-letters,ifs,FALSE,10,elitize_generation_data,241,16,0.469,NA
243,30,double-letters,ifs,FALSE,10,elitize_generation_data,242,15,0.504,NA
244,30,double-letters,ifs,FALSE,10,elitize_generation_data,243,13,0.498,NA
245,30,double-letters,ifs,FALSE,10,elitize_generation_data,244,14,0.521,NA
246,30,double-letters,ifs,FALSE,10,elitize_generation_data,245,14,0.528,NA
247,30,double-letters,ifs,FALSE,10,elitize_generation_data,246,10,0.552,NA
248,30,double-letters,ifs,FALSE,10,elitize_generation_data,247,14,0.516,NA
249,30,double-letters,ifs,FALSE,10,elitize_generation_data,248,13,0.521,NA
250,30,double-letters,ifs,FALSE,10,elitize_generation_data,249,14,0.535,NA
251,30,double-letters,ifs,FALSE,10,elitize_generation_data,250,13,0.541,NA
252,30,double-letters,ifs,FALSE,10,elitize_generation_data,251,14,0.536,NA
253,30,double-letters,ifs,FALSE,10,elitize_generation_data,252,16,0.535,NA
254,30,double-letters,ifs,FALSE,10,elitize_generation_data,253,17,0.505,NA
255,30,double-letters,ifs,FALSE,10,elitize_generation_data,254,16,0.497,NA
256,30,double-letters,ifs,FALSE,10,elitize_generation_data,255,19,0.487,NA
257,30,double-letters,ifs,FALSE,10,elitize_generation_data,256,14,0.486,NA
258,30,double-letters,ifs,FALSE,10,elitize_generation_data,257,10,0.486,NA
259,30,double-letters,ifs,FALSE,10,elitize_generation_data,258,15,0.51,NA
260,30,double-letters,ifs,FALSE,10,elitize_generation_data,259,12,0.486,NA
261,30,double-letters,ifs,FALSE,10,elitize_generation_data,260,13,0.485,NA
262,30,double-letters,ifs,FALSE,10,elitize_generation_data,261,16,0.459,NA
263,30,double-letters,ifs,FALSE,10,elitize_generation_data,262,13,0.499,NA
264,30,double-letters,ifs,FALSE,10,elitize_generation_data,263,11,0.516,NA
265,30,double-letters,ifs,FALSE,10,elitize_generation_data,264,16,0.525,NA
266,30,double-letters,ifs,FALSE,10,elitize_generation_data,265,12,0.509,NA
267,30,double-letters,ifs,FALSE,10,elitize_generation_data,266,23,0.517,NA
268,30,double-letters,ifs,FALSE,10,elitize_generation_data,267,17,0.529,NA
269,30,double-letters,ifs,FALSE,10,elitize_generation_data,268,17,0.521,NA
270,30,double-letters,ifs,FALSE,10,elitize_generation_data,269,14,0.525,NA
271,30,double-letters,ifs,FALSE,10,elitize_generation_data,270,12,0.489,NA
272,30,double-letters,ifs,FALSE,10,elitize_generation_data,271,12,0.486,NA
273,30,double-letters,ifs,FALSE,10,elitize_generation_data,272,11,0.503,NA
274,30,double-letters,ifs,FALSE,10,elitize_generation_data,273,15,0.545,NA
275,30,double-letters,ifs,FALSE,10,elitize_generation_data,274,13,0.496,NA
276,30,double-letters,ifs,FALSE,10,elitize_generation_data,275,17,0.482,NA
277,30,double-letters,ifs,FALSE,10,elitize_generation_data,276,16,0.512,NA
278,30,double-letters,ifs,FALSE,10,elitize_generation_data,277,14,0.493,NA
279,30,double-letters,ifs,FALSE,10,elitize_generation_data,278,17,0.508,NA
280,30,double-letters,ifs,FALSE,10,elitize_generation_data,279,14,0.53,NA
281,30,double-letters,ifs,FALSE,10,elitize_generation_data,280,12,0.515,NA
282,30,double-letters,ifs,FALSE,10,elitize_generation_data,281,17,0.526,NA
283,30,double-letters,ifs,FALSE,10,elitize_generation_data,282,16,0.519,NA
284,30,double-letters,ifs,FALSE,10,elitize_generation_data,283,15,0.537,NA
285,30,double-letters,ifs,FALSE,10,elitize_generation_data,284,17,0.543,NA
286,30,double-letters,ifs,FALSE,10,elitize_generation_data,285,14,0.542,NA
287,30,double-letters,ifs,FALSE,10,elitize_generation_data,286,17,0.524,NA
288,30,double-letters,ifs,FALSE,10,elitize_generation_data,287,10,0.532,NA
289,30,double-letters,ifs,FALSE,10,elitize_generation_data,288,15,0.527,NA
290,30,double-letters,ifs,FALSE,10,elitize_generation_data,289,11,0.53,NA
291,30,double-letters,ifs,FALSE,10,elitize_generation_data,290,15,0.543,NA
292,30,double-letters,ifs,FALSE,10,elitize_generation_data,291,10,0.528,NA
293,30,double-letters,ifs,FALSE,10,elitize_generation_data,292,16,0.53,NA
294,30,double-letters,ifs,FALSE,10,elitize_generation_data,293,19,0.512,NA
295,30,double-letters,ifs,FALSE,10,elitize_generation_data,294,13,0.52,NA
296,30,double-letters,ifs,FALSE,10,elitize_generation_data,295,12,0.541,NA
297,30,double-letters,ifs,FALSE,10,elitize_generation_data,296,16,0.542,NA
298,30,double-letters,ifs,FALSE,10,elitize_generation_data,297,17,0.529,NA
299,30,double-letters,ifs,FALSE,10,elitize_generation_data,298,23,0.546,NA
300,30,double-letters,ifs,FALSE,10,elitize_generation_data,299,22,0.492,NA
301,30,double-letters,ifs,FALSE,10,elitize_generation_data,300,20,0.486,NA
