,run.num,problem,treatment,succeeded,height,normalization.function,generation,cluster.count,error.diversity,success.generation
1,79,double-letters,ifs,FALSE,10,elitize_generation_data,0,8,0.374,NA
2,79,double-letters,ifs,FALSE,10,elitize_generation_data,1,11,0.187,NA
3,79,double-letters,ifs,FALSE,10,elitize_generation_data,2,12,0.253,NA
4,79,double-letters,ifs,FALSE,10,elitize_generation_data,3,12,0.126,NA
5,79,double-letters,ifs,FALSE,10,elitize_generation_data,4,10,0.078,NA
6,79,double-letters,ifs,FALSE,10,elitize_generation_data,5,11,0.048,NA
7,79,double-letters,ifs,FALSE,10,elitize_generation_data,6,9,0.047,NA
8,79,double-letters,ifs,FALSE,10,elitize_generation_data,7,8,0.043,NA
9,79,double-letters,ifs,FALSE,10,elitize_generation_data,8,9,0.049,NA
10,79,double-letters,ifs,FALSE,10,elitize_generation_data,9,7,0.038,NA
11,79,double-letters,ifs,FALSE,10,elitize_generation_data,10,6,0.034,NA
12,79,double-letters,ifs,FALSE,10,elitize_generation_data,11,6,0.032,NA
13,79,double-letters,ifs,FALSE,10,elitize_generation_data,12,7,0.025,NA
14,79,double-letters,ifs,FALSE,10,elitize_generation_data,13,6,0.026,NA
15,79,double-letters,ifs,FALSE,10,elitize_generation_data,14,4,0.022,NA
16,79,double-letters,ifs,FALSE,10,elitize_generation_data,15,5,0.024,NA
17,79,double-letters,ifs,FALSE,10,elitize_generation_data,16,5,0.021,NA
18,79,double-letters,ifs,FALSE,10,elitize_generation_data,17,6,0.026,NA
19,79,double-letters,ifs,FALSE,10,elitize_generation_data,18,6,0.026,NA
20,79,double-letters,ifs,FALSE,10,elitize_generation_data,19,5,0.023,NA
21,79,double-letters,ifs,FALSE,10,elitize_generation_data,20,7,0.021,NA
22,79,double-letters,ifs,FALSE,10,elitize_generation_data,21,6,0.023,NA
23,79,double-letters,ifs,FALSE,10,elitize_generation_data,22,7,0.02,NA
24,79,double-letters,ifs,FALSE,10,elitize_generation_data,23,5,0.027,NA
25,79,double-letters,ifs,FALSE,10,elitize_generation_data,24,6,0.021,NA
26,79,double-letters,ifs,FALSE,10,elitize_generation_data,25,6,0.016,NA
27,79,double-letters,ifs,FALSE,10,elitize_generation_data,26,6,0.02,NA
28,79,double-letters,ifs,FALSE,10,elitize_generation_data,27,5,0.019,NA
29,79,double-letters,ifs,FALSE,10,elitize_generation_data,28,6,0.019,NA
30,79,double-letters,ifs,FALSE,10,elitize_generation_data,29,5,0.024,NA
31,79,double-letters,ifs,FALSE,10,elitize_generation_data,30,6,0.024,NA
32,79,double-letters,ifs,FALSE,10,elitize_generation_data,31,6,0.018,NA
33,79,double-letters,ifs,FALSE,10,elitize_generation_data,32,6,0.018,NA
34,79,double-letters,ifs,FALSE,10,elitize_generation_data,33,5,0.013,NA
35,79,double-letters,ifs,FALSE,10,elitize_generation_data,34,5,0.015,NA
36,79,double-letters,ifs,FALSE,10,elitize_generation_data,35,5,0.025,NA
37,79,double-letters,ifs,FALSE,10,elitize_generation_data,36,5,0.03,NA
38,79,double-letters,ifs,FALSE,10,elitize_generation_data,37,6,0.027,NA
39,79,double-letters,ifs,FALSE,10,elitize_generation_data,38,7,0.037,NA
40,79,double-letters,ifs,FALSE,10,elitize_generation_data,39,8,0.03,NA
41,79,double-letters,ifs,FALSE,10,elitize_generation_data,40,7,0.041,NA
42,79,double-letters,ifs,FALSE,10,elitize_generation_data,41,8,0.039,NA
43,79,double-letters,ifs,FALSE,10,elitize_generation_data,42,8,0.035,NA
44,79,double-letters,ifs,FALSE,10,elitize_generation_data,43,6,0.034,NA
45,79,double-letters,ifs,FALSE,10,elitize_generation_data,44,7,0.034,NA
46,79,double-letters,ifs,FALSE,10,elitize_generation_data,45,7,0.033,NA
47,79,double-letters,ifs,FALSE,10,elitize_generation_data,46,8,0.042,NA
48,79,double-letters,ifs,FALSE,10,elitize_generation_data,47,7,0.035,NA
49,79,double-letters,ifs,FALSE,10,elitize_generation_data,48,8,0.052,NA
50,79,double-letters,ifs,FALSE,10,elitize_generation_data,49,7,0.044,NA
51,79,double-letters,ifs,FALSE,10,elitize_generation_data,50,9,0.04,NA
52,79,double-letters,ifs,FALSE,10,elitize_generation_data,51,5,0.034,NA
53,79,double-letters,ifs,FALSE,10,elitize_generation_data,52,7,0.035,NA
54,79,double-letters,ifs,FALSE,10,elitize_generation_data,53,7,0.035,NA
55,79,double-letters,ifs,FALSE,10,elitize_generation_data,54,6,0.034,NA
56,79,double-letters,ifs,FALSE,10,elitize_generation_data,55,6,0.04,NA
57,79,double-letters,ifs,FALSE,10,elitize_generation_data,56,7,0.037,NA
58,79,double-letters,ifs,FALSE,10,elitize_generation_data,57,7,0.061,NA
59,79,double-letters,ifs,FALSE,10,elitize_generation_data,58,9,0.053,NA
60,79,double-letters,ifs,FALSE,10,elitize_generation_data,59,9,0.068,NA
61,79,double-letters,ifs,FALSE,10,elitize_generation_data,60,11,0.08,NA
62,79,double-letters,ifs,FALSE,10,elitize_generation_data,61,11,0.072,NA
63,79,double-letters,ifs,FALSE,10,elitize_generation_data,62,11,0.099,NA
64,79,double-letters,ifs,FALSE,10,elitize_generation_data,63,12,0.101,NA
65,79,double-letters,ifs,FALSE,10,elitize_generation_data,64,15,0.101,NA
66,79,double-letters,ifs,FALSE,10,elitize_generation_data,65,10,0.102,NA
67,79,double-letters,ifs,FALSE,10,elitize_generation_data,66,11,0.103,NA
68,79,double-letters,ifs,FALSE,10,elitize_generation_data,67,13,0.133,NA
69,79,double-letters,ifs,FALSE,10,elitize_generation_data,68,17,0.144,NA
70,79,double-letters,ifs,FALSE,10,elitize_generation_data,69,14,0.136,NA
71,79,double-letters,ifs,FALSE,10,elitize_generation_data,70,15,0.148,NA
72,79,double-letters,ifs,FALSE,10,elitize_generation_data,71,14,0.146,NA
73,79,double-letters,ifs,FALSE,10,elitize_generation_data,72,15,0.162,NA
74,79,double-letters,ifs,FALSE,10,elitize_generation_data,73,16,0.14,NA
75,79,double-letters,ifs,FALSE,10,elitize_generation_data,74,14,0.131,NA
76,79,double-letters,ifs,FALSE,10,elitize_generation_data,75,16,0.117,NA
77,79,double-letters,ifs,FALSE,10,elitize_generation_data,76,15,0.111,NA
78,79,double-letters,ifs,FALSE,10,elitize_generation_data,77,11,0.116,NA
79,79,double-letters,ifs,FALSE,10,elitize_generation_data,78,15,0.125,NA
80,79,double-letters,ifs,FALSE,10,elitize_generation_data,79,14,0.135,NA
81,79,double-letters,ifs,FALSE,10,elitize_generation_data,80,15,0.129,NA
82,79,double-letters,ifs,FALSE,10,elitize_generation_data,81,15,0.132,NA
83,79,double-letters,ifs,FALSE,10,elitize_generation_data,82,15,0.14,NA
84,79,double-letters,ifs,FALSE,10,elitize_generation_data,83,15,0.131,NA
85,79,double-letters,ifs,FALSE,10,elitize_generation_data,84,14,0.149,NA
86,79,double-letters,ifs,FALSE,10,elitize_generation_data,85,12,0.145,NA
87,79,double-letters,ifs,FALSE,10,elitize_generation_data,86,12,0.114,NA
88,79,double-letters,ifs,FALSE,10,elitize_generation_data,87,12,0.122,NA
89,79,double-letters,ifs,FALSE,10,elitize_generation_data,88,15,0.127,NA
90,79,double-letters,ifs,FALSE,10,elitize_generation_data,89,13,0.124,NA
91,79,double-letters,ifs,FALSE,10,elitize_generation_data,90,17,0.117,NA
92,79,double-letters,ifs,FALSE,10,elitize_generation_data,91,12,0.135,NA
93,79,double-letters,ifs,FALSE,10,elitize_generation_data,92,11,0.129,NA
94,79,double-letters,ifs,FALSE,10,elitize_generation_data,93,15,0.132,NA
95,79,double-letters,ifs,FALSE,10,elitize_generation_data,94,17,0.128,NA
96,79,double-letters,ifs,FALSE,10,elitize_generation_data,95,16,0.143,NA
97,79,double-letters,ifs,FALSE,10,elitize_generation_data,96,15,0.148,NA
98,79,double-letters,ifs,FALSE,10,elitize_generation_data,97,15,0.145,NA
99,79,double-letters,ifs,FALSE,10,elitize_generation_data,98,11,0.124,NA
100,79,double-letters,ifs,FALSE,10,elitize_generation_data,99,14,0.144,NA
101,79,double-letters,ifs,FALSE,10,elitize_generation_data,100,13,0.146,NA
102,79,double-letters,ifs,FALSE,10,elitize_generation_data,101,12,0.154,NA
103,79,double-letters,ifs,FALSE,10,elitize_generation_data,102,15,0.146,NA
104,79,double-letters,ifs,FALSE,10,elitize_generation_data,103,14,0.14,NA
105,79,double-letters,ifs,FALSE,10,elitize_generation_data,104,14,0.161,NA
106,79,double-letters,ifs,FALSE,10,elitize_generation_data,105,15,0.168,NA
107,79,double-letters,ifs,FALSE,10,elitize_generation_data,106,16,0.171,NA
108,79,double-letters,ifs,FALSE,10,elitize_generation_data,107,15,0.163,NA
109,79,double-letters,ifs,FALSE,10,elitize_generation_data,108,19,0.143,NA
110,79,double-letters,ifs,FALSE,10,elitize_generation_data,109,16,0.177,NA
111,79,double-letters,ifs,FALSE,10,elitize_generation_data,110,16,0.194,NA
112,79,double-letters,ifs,FALSE,10,elitize_generation_data,111,15,0.182,NA
113,79,double-letters,ifs,FALSE,10,elitize_generation_data,112,11,0.182,NA
114,79,double-letters,ifs,FALSE,10,elitize_generation_data,113,17,0.212,NA
115,79,double-letters,ifs,FALSE,10,elitize_generation_data,114,17,0.233,NA
116,79,double-letters,ifs,FALSE,10,elitize_generation_data,115,20,0.205,NA
117,79,double-letters,ifs,FALSE,10,elitize_generation_data,116,16,0.184,NA
118,79,double-letters,ifs,FALSE,10,elitize_generation_data,117,18,0.2,NA
119,79,double-letters,ifs,FALSE,10,elitize_generation_data,118,18,0.195,NA
120,79,double-letters,ifs,FALSE,10,elitize_generation_data,119,19,0.179,NA
121,79,double-letters,ifs,FALSE,10,elitize_generation_data,120,17,0.153,NA
122,79,double-letters,ifs,FALSE,10,elitize_generation_data,121,17,0.13,NA
123,79,double-letters,ifs,FALSE,10,elitize_generation_data,122,14,0.13,NA
124,79,double-letters,ifs,FALSE,10,elitize_generation_data,123,20,0.146,NA
125,79,double-letters,ifs,FALSE,10,elitize_generation_data,124,18,0.139,NA
126,79,double-letters,ifs,FALSE,10,elitize_generation_data,125,19,0.15,NA
127,79,double-letters,ifs,FALSE,10,elitize_generation_data,126,17,0.149,NA
128,79,double-letters,ifs,FALSE,10,elitize_generation_data,127,17,0.156,NA
129,79,double-letters,ifs,FALSE,10,elitize_generation_data,128,21,0.168,NA
130,79,double-letters,ifs,FALSE,10,elitize_generation_data,129,17,0.154,NA
131,79,double-letters,ifs,FALSE,10,elitize_generation_data,130,21,0.156,NA
132,79,double-letters,ifs,FALSE,10,elitize_generation_data,131,25,0.153,NA
133,79,double-letters,ifs,FALSE,10,elitize_generation_data,132,23,0.164,NA
134,79,double-letters,ifs,FALSE,10,elitize_generation_data,133,18,0.144,NA
135,79,double-letters,ifs,FALSE,10,elitize_generation_data,134,14,0.137,NA
136,79,double-letters,ifs,FALSE,10,elitize_generation_data,135,20,0.165,NA
137,79,double-letters,ifs,FALSE,10,elitize_generation_data,136,25,0.172,NA
138,79,double-letters,ifs,FALSE,10,elitize_generation_data,137,18,0.16,NA
139,79,double-letters,ifs,FALSE,10,elitize_generation_data,138,17,0.157,NA
140,79,double-letters,ifs,FALSE,10,elitize_generation_data,139,16,0.158,NA
141,79,double-letters,ifs,FALSE,10,elitize_generation_data,140,18,0.151,NA
142,79,double-letters,ifs,FALSE,10,elitize_generation_data,141,19,0.144,NA
143,79,double-letters,ifs,FALSE,10,elitize_generation_data,142,19,0.155,NA
144,79,double-letters,ifs,FALSE,10,elitize_generation_data,143,20,0.154,NA
145,79,double-letters,ifs,FALSE,10,elitize_generation_data,144,18,0.161,NA
146,79,double-letters,ifs,FALSE,10,elitize_generation_data,145,18,0.166,NA
147,79,double-letters,ifs,FALSE,10,elitize_generation_data,146,13,0.148,NA
148,79,double-letters,ifs,FALSE,10,elitize_generation_data,147,21,0.157,NA
149,79,double-letters,ifs,FALSE,10,elitize_generation_data,148,18,0.153,NA
150,79,double-letters,ifs,FALSE,10,elitize_generation_data,149,19,0.151,NA
151,79,double-letters,ifs,FALSE,10,elitize_generation_data,150,15,0.147,NA
152,79,double-letters,ifs,FALSE,10,elitize_generation_data,151,18,0.15,NA
153,79,double-letters,ifs,FALSE,10,elitize_generation_data,152,18,0.159,NA
154,79,double-letters,ifs,FALSE,10,elitize_generation_data,153,23,0.158,NA
155,79,double-letters,ifs,FALSE,10,elitize_generation_data,154,17,0.178,NA
156,79,double-letters,ifs,FALSE,10,elitize_generation_data,155,21,0.199,NA
157,79,double-letters,ifs,FALSE,10,elitize_generation_data,156,23,0.219,NA
158,79,double-letters,ifs,FALSE,10,elitize_generation_data,157,20,0.209,NA
159,79,double-letters,ifs,FALSE,10,elitize_generation_data,158,17,0.225,NA
160,79,double-letters,ifs,FALSE,10,elitize_generation_data,159,19,0.192,NA
161,79,double-letters,ifs,FALSE,10,elitize_generation_data,160,18,0.205,NA
162,79,double-letters,ifs,FALSE,10,elitize_generation_data,161,24,0.206,NA
163,79,double-letters,ifs,FALSE,10,elitize_generation_data,162,20,0.198,NA
164,79,double-letters,ifs,FALSE,10,elitize_generation_data,163,18,0.202,NA
165,79,double-letters,ifs,FALSE,10,elitize_generation_data,164,22,0.227,NA
166,79,double-letters,ifs,FALSE,10,elitize_generation_data,165,22,0.221,NA
167,79,double-letters,ifs,FALSE,10,elitize_generation_data,166,23,0.212,NA
168,79,double-letters,ifs,FALSE,10,elitize_generation_data,167,23,0.214,NA
169,79,double-letters,ifs,FALSE,10,elitize_generation_data,168,21,0.221,NA
170,79,double-letters,ifs,FALSE,10,elitize_generation_data,169,23,0.212,NA
171,79,double-letters,ifs,FALSE,10,elitize_generation_data,170,21,0.227,NA
172,79,double-letters,ifs,FALSE,10,elitize_generation_data,171,25,0.225,NA
173,79,double-letters,ifs,FALSE,10,elitize_generation_data,172,21,0.24,NA
174,79,double-letters,ifs,FALSE,10,elitize_generation_data,173,21,0.213,NA
175,79,double-letters,ifs,FALSE,10,elitize_generation_data,174,21,0.225,NA
176,79,double-letters,ifs,FALSE,10,elitize_generation_data,175,23,0.234,NA
177,79,double-letters,ifs,FALSE,10,elitize_generation_data,176,20,0.222,NA
178,79,double-letters,ifs,FALSE,10,elitize_generation_data,177,27,0.234,NA
179,79,double-letters,ifs,FALSE,10,elitize_generation_data,178,19,0.217,NA
180,79,double-letters,ifs,FALSE,10,elitize_generation_data,179,22,0.238,NA
181,79,double-letters,ifs,FALSE,10,elitize_generation_data,180,20,0.235,NA
182,79,double-letters,ifs,FALSE,10,elitize_generation_data,181,26,0.219,NA
183,79,double-letters,ifs,FALSE,10,elitize_generation_data,182,22,0.221,NA
184,79,double-letters,ifs,FALSE,10,elitize_generation_data,183,22,0.226,NA
185,79,double-letters,ifs,FALSE,10,elitize_generation_data,184,29,0.235,NA
186,79,double-letters,ifs,FALSE,10,elitize_generation_data,185,25,0.246,NA
187,79,double-letters,ifs,FALSE,10,elitize_generation_data,186,22,0.224,NA
188,79,double-letters,ifs,FALSE,10,elitize_generation_data,187,29,0.227,NA
189,79,double-letters,ifs,FALSE,10,elitize_generation_data,188,29,0.229,NA
190,79,double-letters,ifs,FALSE,10,elitize_generation_data,189,29,0.234,NA
191,79,double-letters,ifs,FALSE,10,elitize_generation_data,190,26,0.244,NA
192,79,double-letters,ifs,FALSE,10,elitize_generation_data,191,20,0.244,NA
193,79,double-letters,ifs,FALSE,10,elitize_generation_data,192,23,0.263,NA
194,79,double-letters,ifs,FALSE,10,elitize_generation_data,193,15,0.212,NA
195,79,double-letters,ifs,FALSE,10,elitize_generation_data,194,22,0.221,NA
196,79,double-letters,ifs,FALSE,10,elitize_generation_data,195,27,0.217,NA
197,79,double-letters,ifs,FALSE,10,elitize_generation_data,196,28,0.244,NA
198,79,double-letters,ifs,FALSE,10,elitize_generation_data,197,27,0.234,NA
199,79,double-letters,ifs,FALSE,10,elitize_generation_data,198,25,0.234,NA
200,79,double-letters,ifs,FALSE,10,elitize_generation_data,199,24,0.243,NA
201,79,double-letters,ifs,FALSE,10,elitize_generation_data,200,27,0.258,NA
202,79,double-letters,ifs,FALSE,10,elitize_generation_data,201,24,0.248,NA
203,79,double-letters,ifs,FALSE,10,elitize_generation_data,202,25,0.239,NA
204,79,double-letters,ifs,FALSE,10,elitize_generation_data,203,25,0.246,NA
205,79,double-letters,ifs,FALSE,10,elitize_generation_data,204,23,0.239,NA
206,79,double-letters,ifs,FALSE,10,elitize_generation_data,205,23,0.229,NA
207,79,double-letters,ifs,FALSE,10,elitize_generation_data,206,28,0.257,NA
208,79,double-letters,ifs,FALSE,10,elitize_generation_data,207,22,0.242,NA
209,79,double-letters,ifs,FALSE,10,elitize_generation_data,208,30,0.256,NA
210,79,double-letters,ifs,FALSE,10,elitize_generation_data,209,23,0.237,NA
211,79,double-letters,ifs,FALSE,10,elitize_generation_data,210,22,0.247,NA
212,79,double-letters,ifs,FALSE,10,elitize_generation_data,211,27,0.244,NA
213,79,double-letters,ifs,FALSE,10,elitize_generation_data,212,22,0.217,NA
214,79,double-letters,ifs,FALSE,10,elitize_generation_data,213,28,0.254,NA
215,79,double-letters,ifs,FALSE,10,elitize_generation_data,214,28,0.254,NA
216,79,double-letters,ifs,FALSE,10,elitize_generation_data,215,24,0.247,NA
217,79,double-letters,ifs,FALSE,10,elitize_generation_data,216,27,0.249,NA
218,79,double-letters,ifs,FALSE,10,elitize_generation_data,217,26,0.264,NA
219,79,double-letters,ifs,FALSE,10,elitize_generation_data,218,27,0.25,NA
220,79,double-letters,ifs,FALSE,10,elitize_generation_data,219,26,0.251,NA
221,79,double-letters,ifs,FALSE,10,elitize_generation_data,220,27,0.27,NA
222,79,double-letters,ifs,FALSE,10,elitize_generation_data,221,26,0.262,NA
223,79,double-letters,ifs,FALSE,10,elitize_generation_data,222,25,0.243,NA
224,79,double-letters,ifs,FALSE,10,elitize_generation_data,223,23,0.233,NA
225,79,double-letters,ifs,FALSE,10,elitize_generation_data,224,22,0.236,NA
226,79,double-letters,ifs,FALSE,10,elitize_generation_data,225,21,0.236,NA
227,79,double-letters,ifs,FALSE,10,elitize_generation_data,226,22,0.23,NA
228,79,double-letters,ifs,FALSE,10,elitize_generation_data,227,24,0.242,NA
229,79,double-letters,ifs,FALSE,10,elitize_generation_data,228,22,0.259,NA
230,79,double-letters,ifs,FALSE,10,elitize_generation_data,229,27,0.306,NA
231,79,double-letters,ifs,FALSE,10,elitize_generation_data,230,30,0.25,NA
232,79,double-letters,ifs,FALSE,10,elitize_generation_data,231,25,0.245,NA
233,79,double-letters,ifs,FALSE,10,elitize_generation_data,232,31,0.262,NA
234,79,double-letters,ifs,FALSE,10,elitize_generation_data,233,25,0.257,NA
235,79,double-letters,ifs,FALSE,10,elitize_generation_data,234,24,0.237,NA
236,79,double-letters,ifs,FALSE,10,elitize_generation_data,235,28,0.272,NA
237,79,double-letters,ifs,FALSE,10,elitize_generation_data,236,26,0.255,NA
238,79,double-letters,ifs,FALSE,10,elitize_generation_data,237,26,0.26,NA
239,79,double-letters,ifs,FALSE,10,elitize_generation_data,238,25,0.257,NA
240,79,double-letters,ifs,FALSE,10,elitize_generation_data,239,32,0.279,NA
241,79,double-letters,ifs,FALSE,10,elitize_generation_data,240,32,0.259,NA
242,79,double-letters,ifs,FALSE,10,elitize_generation_data,241,25,0.279,NA
243,79,double-letters,ifs,FALSE,10,elitize_generation_data,242,24,0.247,NA
244,79,double-letters,ifs,FALSE,10,elitize_generation_data,243,25,0.256,NA
245,79,double-letters,ifs,FALSE,10,elitize_generation_data,244,25,0.276,NA
246,79,double-letters,ifs,FALSE,10,elitize_generation_data,245,24,0.26,NA
247,79,double-letters,ifs,FALSE,10,elitize_generation_data,246,36,0.283,NA
248,79,double-letters,ifs,FALSE,10,elitize_generation_data,247,27,0.289,NA
249,79,double-letters,ifs,FALSE,10,elitize_generation_data,248,28,0.249,NA
250,79,double-letters,ifs,FALSE,10,elitize_generation_data,249,25,0.284,NA
251,79,double-letters,ifs,FALSE,10,elitize_generation_data,250,33,0.256,NA
252,79,double-letters,ifs,FALSE,10,elitize_generation_data,251,33,0.284,NA
253,79,double-letters,ifs,FALSE,10,elitize_generation_data,252,29,0.271,NA
254,79,double-letters,ifs,FALSE,10,elitize_generation_data,253,26,0.259,NA
255,79,double-letters,ifs,FALSE,10,elitize_generation_data,254,28,0.291,NA
256,79,double-letters,ifs,FALSE,10,elitize_generation_data,255,33,0.279,NA
257,79,double-letters,ifs,FALSE,10,elitize_generation_data,256,27,0.268,NA
258,79,double-letters,ifs,FALSE,10,elitize_generation_data,257,28,0.285,NA
259,79,double-letters,ifs,FALSE,10,elitize_generation_data,258,31,0.265,NA
260,79,double-letters,ifs,FALSE,10,elitize_generation_data,259,29,0.268,NA
261,79,double-letters,ifs,FALSE,10,elitize_generation_data,260,27,0.261,NA
262,79,double-letters,ifs,FALSE,10,elitize_generation_data,261,28,0.303,NA
263,79,double-letters,ifs,FALSE,10,elitize_generation_data,262,33,0.288,NA
264,79,double-letters,ifs,FALSE,10,elitize_generation_data,263,34,0.294,NA
265,79,double-letters,ifs,FALSE,10,elitize_generation_data,264,30,0.282,NA
266,79,double-letters,ifs,FALSE,10,elitize_generation_data,265,29,0.264,NA
267,79,double-letters,ifs,FALSE,10,elitize_generation_data,266,31,0.288,NA
268,79,double-letters,ifs,FALSE,10,elitize_generation_data,267,31,0.303,NA
269,79,double-letters,ifs,FALSE,10,elitize_generation_data,268,35,0.289,NA
270,79,double-letters,ifs,FALSE,10,elitize_generation_data,269,33,0.285,NA
271,79,double-letters,ifs,FALSE,10,elitize_generation_data,270,29,0.293,NA
272,79,double-letters,ifs,FALSE,10,elitize_generation_data,271,38,0.271,NA
273,79,double-letters,ifs,FALSE,10,elitize_generation_data,272,33,0.266,NA
274,79,double-letters,ifs,FALSE,10,elitize_generation_data,273,38,0.288,NA
275,79,double-letters,ifs,FALSE,10,elitize_generation_data,274,31,0.304,NA
276,79,double-letters,ifs,FALSE,10,elitize_generation_data,275,26,0.288,NA
277,79,double-letters,ifs,FALSE,10,elitize_generation_data,276,31,0.283,NA
278,79,double-letters,ifs,FALSE,10,elitize_generation_data,277,28,0.268,NA
279,79,double-letters,ifs,FALSE,10,elitize_generation_data,278,31,0.281,NA
280,79,double-letters,ifs,FALSE,10,elitize_generation_data,279,29,0.3,NA
281,79,double-letters,ifs,FALSE,10,elitize_generation_data,280,39,0.301,NA
282,79,double-letters,ifs,FALSE,10,elitize_generation_data,281,31,0.278,NA
283,79,double-letters,ifs,FALSE,10,elitize_generation_data,282,31,0.303,NA
284,79,double-letters,ifs,FALSE,10,elitize_generation_data,283,35,0.285,NA
285,79,double-letters,ifs,FALSE,10,elitize_generation_data,284,31,0.269,NA
286,79,double-letters,ifs,FALSE,10,elitize_generation_data,285,39,0.325,NA
287,79,double-letters,ifs,FALSE,10,elitize_generation_data,286,30,0.293,NA
288,79,double-letters,ifs,FALSE,10,elitize_generation_data,287,30,0.298,NA
289,79,double-letters,ifs,FALSE,10,elitize_generation_data,288,30,0.263,NA
290,79,double-letters,ifs,FALSE,10,elitize_generation_data,289,25,0.269,NA
291,79,double-letters,ifs,FALSE,10,elitize_generation_data,290,25,0.279,NA
292,79,double-letters,ifs,FALSE,10,elitize_generation_data,291,36,0.323,NA
293,79,double-letters,ifs,FALSE,10,elitize_generation_data,292,29,0.314,NA
294,79,double-letters,ifs,FALSE,10,elitize_generation_data,293,28,0.288,NA
295,79,double-letters,ifs,FALSE,10,elitize_generation_data,294,33,0.323,NA
296,79,double-letters,ifs,FALSE,10,elitize_generation_data,295,32,0.327,NA
297,79,double-letters,ifs,FALSE,10,elitize_generation_data,296,32,0.291,NA
298,79,double-letters,ifs,FALSE,10,elitize_generation_data,297,29,0.274,NA
299,79,double-letters,ifs,FALSE,10,elitize_generation_data,298,27,0.258,NA
300,79,double-letters,ifs,FALSE,10,elitize_generation_data,299,25,0.258,NA
301,79,double-letters,ifs,FALSE,10,elitize_generation_data,300,29,0.253,NA
