,run.num,problem,treatment,succeeded,height,normalization.function,generation,cluster.count,error.diversity,success.generation
1,36,double-letters,ifs,FALSE,10,elitize_generation_data,0,6,0.393,NA
2,36,double-letters,ifs,FALSE,10,elitize_generation_data,1,7,0.169,NA
3,36,double-letters,ifs,FALSE,10,elitize_generation_data,2,9,0.223,NA
4,36,double-letters,ifs,FALSE,10,elitize_generation_data,3,9,0.218,NA
5,36,double-letters,ifs,FALSE,10,elitize_generation_data,4,7,0.091,NA
6,36,double-letters,ifs,FALSE,10,elitize_generation_data,5,6,0.103,NA
7,36,double-letters,ifs,FALSE,10,elitize_generation_data,6,7,0.077,NA
8,36,double-letters,ifs,FALSE,10,elitize_generation_data,7,6,0.08,NA
9,36,double-letters,ifs,FALSE,10,elitize_generation_data,8,6,0.08,NA
10,36,double-letters,ifs,FALSE,10,elitize_generation_data,9,8,0.079,NA
11,36,double-letters,ifs,FALSE,10,elitize_generation_data,10,6,0.083,NA
12,36,double-letters,ifs,FALSE,10,elitize_generation_data,11,7,0.077,NA
13,36,double-letters,ifs,FALSE,10,elitize_generation_data,12,6,0.088,NA
14,36,double-letters,ifs,FALSE,10,elitize_generation_data,13,7,0.077,NA
15,36,double-letters,ifs,FALSE,10,elitize_generation_data,14,6,0.099,NA
16,36,double-letters,ifs,FALSE,10,elitize_generation_data,15,6,0.086,NA
17,36,double-letters,ifs,FALSE,10,elitize_generation_data,16,9,0.108,NA
18,36,double-letters,ifs,FALSE,10,elitize_generation_data,17,9,0.133,NA
19,36,double-letters,ifs,FALSE,10,elitize_generation_data,18,11,0.16,NA
20,36,double-letters,ifs,FALSE,10,elitize_generation_data,19,10,0.213,NA
21,36,double-letters,ifs,FALSE,10,elitize_generation_data,20,11,0.189,NA
22,36,double-letters,ifs,FALSE,10,elitize_generation_data,21,11,0.216,NA
23,36,double-letters,ifs,FALSE,10,elitize_generation_data,22,11,0.234,NA
24,36,double-letters,ifs,FALSE,10,elitize_generation_data,23,11,0.228,NA
25,36,double-letters,ifs,FALSE,10,elitize_generation_data,24,9,0.248,NA
26,36,double-letters,ifs,FALSE,10,elitize_generation_data,25,11,0.242,NA
27,36,double-letters,ifs,FALSE,10,elitize_generation_data,26,11,0.243,NA
28,36,double-letters,ifs,FALSE,10,elitize_generation_data,27,8,0.237,NA
29,36,double-letters,ifs,FALSE,10,elitize_generation_data,28,11,0.221,NA
30,36,double-letters,ifs,FALSE,10,elitize_generation_data,29,14,0.248,NA
31,36,double-letters,ifs,FALSE,10,elitize_generation_data,30,16,0.234,NA
32,36,double-letters,ifs,FALSE,10,elitize_generation_data,31,10,0.204,NA
33,36,double-letters,ifs,FALSE,10,elitize_generation_data,32,15,0.222,NA
34,36,double-letters,ifs,FALSE,10,elitize_generation_data,33,13,0.238,NA
35,36,double-letters,ifs,FALSE,10,elitize_generation_data,34,12,0.238,NA
36,36,double-letters,ifs,FALSE,10,elitize_generation_data,35,11,0.27,NA
37,36,double-letters,ifs,FALSE,10,elitize_generation_data,36,13,0.271,NA
38,36,double-letters,ifs,FALSE,10,elitize_generation_data,37,14,0.278,NA
39,36,double-letters,ifs,FALSE,10,elitize_generation_data,38,15,0.296,NA
40,36,double-letters,ifs,FALSE,10,elitize_generation_data,39,11,0.273,NA
41,36,double-letters,ifs,FALSE,10,elitize_generation_data,40,13,0.277,NA
42,36,double-letters,ifs,FALSE,10,elitize_generation_data,41,14,0.256,NA
43,36,double-letters,ifs,FALSE,10,elitize_generation_data,42,16,0.271,NA
44,36,double-letters,ifs,FALSE,10,elitize_generation_data,43,17,0.285,NA
45,36,double-letters,ifs,FALSE,10,elitize_generation_data,44,15,0.275,NA
46,36,double-letters,ifs,FALSE,10,elitize_generation_data,45,17,0.264,NA
47,36,double-letters,ifs,FALSE,10,elitize_generation_data,46,17,0.253,NA
48,36,double-letters,ifs,FALSE,10,elitize_generation_data,47,26,0.266,NA
49,36,double-letters,ifs,FALSE,10,elitize_generation_data,48,31,0.289,NA
50,36,double-letters,ifs,FALSE,10,elitize_generation_data,49,26,0.308,NA
51,36,double-letters,ifs,FALSE,10,elitize_generation_data,50,24,0.333,NA
52,36,double-letters,ifs,FALSE,10,elitize_generation_data,51,41,0.346,NA
53,36,double-letters,ifs,FALSE,10,elitize_generation_data,52,38,0.338,NA
54,36,double-letters,ifs,FALSE,10,elitize_generation_data,53,40,0.317,NA
55,36,double-letters,ifs,FALSE,10,elitize_generation_data,54,44,0.32,NA
56,36,double-letters,ifs,FALSE,10,elitize_generation_data,55,41,0.332,NA
57,36,double-letters,ifs,FALSE,10,elitize_generation_data,56,43,0.326,NA
58,36,double-letters,ifs,FALSE,10,elitize_generation_data,57,44,0.336,NA
59,36,double-letters,ifs,FALSE,10,elitize_generation_data,58,41,0.292,NA
60,36,double-letters,ifs,FALSE,10,elitize_generation_data,59,43,0.327,NA
61,36,double-letters,ifs,FALSE,10,elitize_generation_data,60,44,0.334,NA
62,36,double-letters,ifs,FALSE,10,elitize_generation_data,61,41,0.338,NA
63,36,double-letters,ifs,FALSE,10,elitize_generation_data,62,48,0.342,NA
64,36,double-letters,ifs,FALSE,10,elitize_generation_data,63,45,0.357,NA
65,36,double-letters,ifs,FALSE,10,elitize_generation_data,64,43,0.349,NA
66,36,double-letters,ifs,FALSE,10,elitize_generation_data,65,52,0.353,NA
67,36,double-letters,ifs,FALSE,10,elitize_generation_data,66,51,0.37,NA
68,36,double-letters,ifs,FALSE,10,elitize_generation_data,67,51,0.365,NA
69,36,double-letters,ifs,FALSE,10,elitize_generation_data,68,43,0.364,NA
70,36,double-letters,ifs,FALSE,10,elitize_generation_data,69,50,0.405,NA
71,36,double-letters,ifs,FALSE,10,elitize_generation_data,70,44,0.419,NA
72,36,double-letters,ifs,FALSE,10,elitize_generation_data,71,60,0.429,NA
73,36,double-letters,ifs,FALSE,10,elitize_generation_data,72,57,0.467,NA
74,36,double-letters,ifs,FALSE,10,elitize_generation_data,73,67,0.486,NA
75,36,double-letters,ifs,FALSE,10,elitize_generation_data,74,62,0.502,NA
76,36,double-letters,ifs,FALSE,10,elitize_generation_data,75,86,0.521,NA
77,36,double-letters,ifs,FALSE,10,elitize_generation_data,76,71,0.552,NA
78,36,double-letters,ifs,FALSE,10,elitize_generation_data,77,85,0.569,NA
79,36,double-letters,ifs,FALSE,10,elitize_generation_data,78,80,0.557,NA
80,36,double-letters,ifs,FALSE,10,elitize_generation_data,79,75,0.546,NA
81,36,double-letters,ifs,FALSE,10,elitize_generation_data,80,73,0.559,NA
82,36,double-letters,ifs,FALSE,10,elitize_generation_data,81,76,0.55,NA
83,36,double-letters,ifs,FALSE,10,elitize_generation_data,82,64,0.539,NA
84,36,double-letters,ifs,FALSE,10,elitize_generation_data,83,55,0.521,NA
85,36,double-letters,ifs,FALSE,10,elitize_generation_data,84,67,0.499,NA
86,36,double-letters,ifs,FALSE,10,elitize_generation_data,85,62,0.511,NA
87,36,double-letters,ifs,FALSE,10,elitize_generation_data,86,55,0.515,NA
88,36,double-letters,ifs,FALSE,10,elitize_generation_data,87,56,0.533,NA
89,36,double-letters,ifs,FALSE,10,elitize_generation_data,88,56,0.507,NA
90,36,double-letters,ifs,FALSE,10,elitize_generation_data,89,61,0.501,NA
91,36,double-letters,ifs,FALSE,10,elitize_generation_data,90,58,0.496,NA
92,36,double-letters,ifs,FALSE,10,elitize_generation_data,91,54,0.498,NA
93,36,double-letters,ifs,FALSE,10,elitize_generation_data,92,54,0.494,NA
94,36,double-letters,ifs,FALSE,10,elitize_generation_data,93,54,0.479,NA
95,36,double-letters,ifs,FALSE,10,elitize_generation_data,94,56,0.463,NA
96,36,double-letters,ifs,FALSE,10,elitize_generation_data,95,50,0.442,NA
97,36,double-letters,ifs,FALSE,10,elitize_generation_data,96,48,0.46,NA
98,36,double-letters,ifs,FALSE,10,elitize_generation_data,97,60,0.469,NA
99,36,double-letters,ifs,FALSE,10,elitize_generation_data,98,58,0.481,NA
100,36,double-letters,ifs,FALSE,10,elitize_generation_data,99,53,0.47,NA
101,36,double-letters,ifs,FALSE,10,elitize_generation_data,100,47,0.466,NA
102,36,double-letters,ifs,FALSE,10,elitize_generation_data,101,52,0.457,NA
103,36,double-letters,ifs,FALSE,10,elitize_generation_data,102,55,0.478,NA
104,36,double-letters,ifs,FALSE,10,elitize_generation_data,103,53,0.472,NA
105,36,double-letters,ifs,FALSE,10,elitize_generation_data,104,58,0.498,NA
106,36,double-letters,ifs,FALSE,10,elitize_generation_data,105,57,0.483,NA
107,36,double-letters,ifs,FALSE,10,elitize_generation_data,106,63,0.523,NA
108,36,double-letters,ifs,FALSE,10,elitize_generation_data,107,50,0.489,NA
109,36,double-letters,ifs,FALSE,10,elitize_generation_data,108,46,0.46,NA
110,36,double-letters,ifs,FALSE,10,elitize_generation_data,109,52,0.509,NA
111,36,double-letters,ifs,FALSE,10,elitize_generation_data,110,55,0.478,NA
112,36,double-letters,ifs,FALSE,10,elitize_generation_data,111,53,0.497,NA
113,36,double-letters,ifs,FALSE,10,elitize_generation_data,112,63,0.514,NA
114,36,double-letters,ifs,FALSE,10,elitize_generation_data,113,52,0.488,NA
115,36,double-letters,ifs,FALSE,10,elitize_generation_data,114,45,0.505,NA
116,36,double-letters,ifs,FALSE,10,elitize_generation_data,115,61,0.495,NA
117,36,double-letters,ifs,FALSE,10,elitize_generation_data,116,52,0.466,NA
118,36,double-letters,ifs,FALSE,10,elitize_generation_data,117,56,0.47,NA
119,36,double-letters,ifs,FALSE,10,elitize_generation_data,118,51,0.477,NA
120,36,double-letters,ifs,FALSE,10,elitize_generation_data,119,57,0.486,NA
121,36,double-letters,ifs,FALSE,10,elitize_generation_data,120,59,0.481,NA
122,36,double-letters,ifs,FALSE,10,elitize_generation_data,121,58,0.494,NA
123,36,double-letters,ifs,FALSE,10,elitize_generation_data,122,57,0.499,NA
124,36,double-letters,ifs,FALSE,10,elitize_generation_data,123,53,0.499,NA
125,36,double-letters,ifs,FALSE,10,elitize_generation_data,124,52,0.508,NA
126,36,double-letters,ifs,FALSE,10,elitize_generation_data,125,46,0.479,NA
127,36,double-letters,ifs,FALSE,10,elitize_generation_data,126,62,0.473,NA
128,36,double-letters,ifs,FALSE,10,elitize_generation_data,127,56,0.509,NA
129,36,double-letters,ifs,FALSE,10,elitize_generation_data,128,60,0.472,NA
130,36,double-letters,ifs,FALSE,10,elitize_generation_data,129,58,0.472,NA
131,36,double-letters,ifs,FALSE,10,elitize_generation_data,130,48,0.479,NA
132,36,double-letters,ifs,FALSE,10,elitize_generation_data,131,50,0.504,NA
133,36,double-letters,ifs,FALSE,10,elitize_generation_data,132,62,0.463,NA
134,36,double-letters,ifs,FALSE,10,elitize_generation_data,133,45,0.461,NA
135,36,double-letters,ifs,FALSE,10,elitize_generation_data,134,58,0.491,NA
136,36,double-letters,ifs,FALSE,10,elitize_generation_data,135,47,0.467,NA
137,36,double-letters,ifs,FALSE,10,elitize_generation_data,136,64,0.483,NA
138,36,double-letters,ifs,FALSE,10,elitize_generation_data,137,63,0.46,NA
139,36,double-letters,ifs,FALSE,10,elitize_generation_data,138,53,0.468,NA
140,36,double-letters,ifs,FALSE,10,elitize_generation_data,139,51,0.48,NA
141,36,double-letters,ifs,FALSE,10,elitize_generation_data,140,59,0.474,NA
142,36,double-letters,ifs,FALSE,10,elitize_generation_data,141,51,0.486,NA
143,36,double-letters,ifs,FALSE,10,elitize_generation_data,142,49,0.473,NA
144,36,double-letters,ifs,FALSE,10,elitize_generation_data,143,49,0.43,NA
145,36,double-letters,ifs,FALSE,10,elitize_generation_data,144,55,0.459,NA
146,36,double-letters,ifs,FALSE,10,elitize_generation_data,145,52,0.421,NA
147,36,double-letters,ifs,FALSE,10,elitize_generation_data,146,49,0.45,NA
148,36,double-letters,ifs,FALSE,10,elitize_generation_data,147,47,0.447,NA
149,36,double-letters,ifs,FALSE,10,elitize_generation_data,148,43,0.445,NA
150,36,double-letters,ifs,FALSE,10,elitize_generation_data,149,38,0.411,NA
151,36,double-letters,ifs,FALSE,10,elitize_generation_data,150,45,0.431,NA
152,36,double-letters,ifs,FALSE,10,elitize_generation_data,151,41,0.446,NA
153,36,double-letters,ifs,FALSE,10,elitize_generation_data,152,47,0.435,NA
154,36,double-letters,ifs,FALSE,10,elitize_generation_data,153,42,0.449,NA
155,36,double-letters,ifs,FALSE,10,elitize_generation_data,154,48,0.44,NA
156,36,double-letters,ifs,FALSE,10,elitize_generation_data,155,47,0.447,NA
157,36,double-letters,ifs,FALSE,10,elitize_generation_data,156,44,0.449,NA
158,36,double-letters,ifs,FALSE,10,elitize_generation_data,157,38,0.438,NA
159,36,double-letters,ifs,FALSE,10,elitize_generation_data,158,44,0.458,NA
160,36,double-letters,ifs,FALSE,10,elitize_generation_data,159,47,0.473,NA
161,36,double-letters,ifs,FALSE,10,elitize_generation_data,160,60,0.471,NA
162,36,double-letters,ifs,FALSE,10,elitize_generation_data,161,52,0.475,NA
163,36,double-letters,ifs,FALSE,10,elitize_generation_data,162,54,0.465,NA
164,36,double-letters,ifs,FALSE,10,elitize_generation_data,163,47,0.478,NA
165,36,double-letters,ifs,FALSE,10,elitize_generation_data,164,50,0.474,NA
166,36,double-letters,ifs,FALSE,10,elitize_generation_data,165,51,0.494,NA
167,36,double-letters,ifs,FALSE,10,elitize_generation_data,166,49,0.483,NA
168,36,double-letters,ifs,FALSE,10,elitize_generation_data,167,51,0.494,NA
169,36,double-letters,ifs,FALSE,10,elitize_generation_data,168,56,0.47,NA
170,36,double-letters,ifs,FALSE,10,elitize_generation_data,169,40,0.461,NA
171,36,double-letters,ifs,FALSE,10,elitize_generation_data,170,57,0.473,NA
172,36,double-letters,ifs,FALSE,10,elitize_generation_data,171,45,0.465,NA
173,36,double-letters,ifs,FALSE,10,elitize_generation_data,172,53,0.46,NA
174,36,double-letters,ifs,FALSE,10,elitize_generation_data,173,61,0.463,NA
175,36,double-letters,ifs,FALSE,10,elitize_generation_data,174,51,0.485,NA
176,36,double-letters,ifs,FALSE,10,elitize_generation_data,175,45,0.454,NA
177,36,double-letters,ifs,FALSE,10,elitize_generation_data,176,48,0.473,NA
178,36,double-letters,ifs,FALSE,10,elitize_generation_data,177,51,0.469,NA
179,36,double-letters,ifs,FALSE,10,elitize_generation_data,178,50,0.461,NA
180,36,double-letters,ifs,FALSE,10,elitize_generation_data,179,49,0.467,NA
181,36,double-letters,ifs,FALSE,10,elitize_generation_data,180,54,0.467,NA
182,36,double-letters,ifs,FALSE,10,elitize_generation_data,181,48,0.445,NA
183,36,double-letters,ifs,FALSE,10,elitize_generation_data,182,53,0.483,NA
184,36,double-letters,ifs,FALSE,10,elitize_generation_data,183,51,0.472,NA
185,36,double-letters,ifs,FALSE,10,elitize_generation_data,184,48,0.447,NA
186,36,double-letters,ifs,FALSE,10,elitize_generation_data,185,50,0.469,NA
187,36,double-letters,ifs,FALSE,10,elitize_generation_data,186,52,0.454,NA
188,36,double-letters,ifs,FALSE,10,elitize_generation_data,187,47,0.493,NA
189,36,double-letters,ifs,FALSE,10,elitize_generation_data,188,55,0.468,NA
190,36,double-letters,ifs,FALSE,10,elitize_generation_data,189,53,0.462,NA
191,36,double-letters,ifs,FALSE,10,elitize_generation_data,190,49,0.464,NA
192,36,double-letters,ifs,FALSE,10,elitize_generation_data,191,49,0.464,NA
193,36,double-letters,ifs,FALSE,10,elitize_generation_data,192,47,0.467,NA
194,36,double-letters,ifs,FALSE,10,elitize_generation_data,193,51,0.452,NA
195,36,double-letters,ifs,FALSE,10,elitize_generation_data,194,48,0.47,NA
196,36,double-letters,ifs,FALSE,10,elitize_generation_data,195,47,0.489,NA
197,36,double-letters,ifs,FALSE,10,elitize_generation_data,196,49,0.475,NA
198,36,double-letters,ifs,FALSE,10,elitize_generation_data,197,49,0.462,NA
199,36,double-letters,ifs,FALSE,10,elitize_generation_data,198,60,0.474,NA
200,36,double-letters,ifs,FALSE,10,elitize_generation_data,199,50,0.46,NA
201,36,double-letters,ifs,FALSE,10,elitize_generation_data,200,49,0.497,NA
202,36,double-letters,ifs,FALSE,10,elitize_generation_data,201,44,0.481,NA
203,36,double-letters,ifs,FALSE,10,elitize_generation_data,202,49,0.476,NA
204,36,double-letters,ifs,FALSE,10,elitize_generation_data,203,45,0.453,NA
205,36,double-letters,ifs,FALSE,10,elitize_generation_data,204,56,0.465,NA
206,36,double-letters,ifs,FALSE,10,elitize_generation_data,205,56,0.467,NA
207,36,double-letters,ifs,FALSE,10,elitize_generation_data,206,50,0.48,NA
208,36,double-letters,ifs,FALSE,10,elitize_generation_data,207,51,0.481,NA
209,36,double-letters,ifs,FALSE,10,elitize_generation_data,208,58,0.446,NA
210,36,double-letters,ifs,FALSE,10,elitize_generation_data,209,64,0.487,NA
211,36,double-letters,ifs,FALSE,10,elitize_generation_data,210,48,0.455,NA
212,36,double-letters,ifs,FALSE,10,elitize_generation_data,211,53,0.463,NA
213,36,double-letters,ifs,FALSE,10,elitize_generation_data,212,50,0.449,NA
214,36,double-letters,ifs,FALSE,10,elitize_generation_data,213,48,0.473,NA
215,36,double-letters,ifs,FALSE,10,elitize_generation_data,214,55,0.426,NA
216,36,double-letters,ifs,FALSE,10,elitize_generation_data,215,61,0.467,NA
217,36,double-letters,ifs,FALSE,10,elitize_generation_data,216,50,0.459,NA
218,36,double-letters,ifs,FALSE,10,elitize_generation_data,217,40,0.478,NA
219,36,double-letters,ifs,FALSE,10,elitize_generation_data,218,55,0.447,NA
220,36,double-letters,ifs,FALSE,10,elitize_generation_data,219,53,0.476,NA
221,36,double-letters,ifs,FALSE,10,elitize_generation_data,220,43,0.457,NA
222,36,double-letters,ifs,FALSE,10,elitize_generation_data,221,58,0.463,NA
223,36,double-letters,ifs,FALSE,10,elitize_generation_data,222,43,0.452,NA
224,36,double-letters,ifs,FALSE,10,elitize_generation_data,223,50,0.419,NA
225,36,double-letters,ifs,FALSE,10,elitize_generation_data,224,54,0.454,NA
226,36,double-letters,ifs,FALSE,10,elitize_generation_data,225,61,0.459,NA
227,36,double-letters,ifs,FALSE,10,elitize_generation_data,226,60,0.47,NA
228,36,double-letters,ifs,FALSE,10,elitize_generation_data,227,55,0.45,NA
229,36,double-letters,ifs,FALSE,10,elitize_generation_data,228,51,0.477,NA
230,36,double-letters,ifs,FALSE,10,elitize_generation_data,229,59,0.461,NA
231,36,double-letters,ifs,FALSE,10,elitize_generation_data,230,51,0.465,NA
232,36,double-letters,ifs,FALSE,10,elitize_generation_data,231,52,0.43,NA
233,36,double-letters,ifs,FALSE,10,elitize_generation_data,232,49,0.458,NA
234,36,double-letters,ifs,FALSE,10,elitize_generation_data,233,42,0.439,NA
235,36,double-letters,ifs,FALSE,10,elitize_generation_data,234,52,0.461,NA
236,36,double-letters,ifs,FALSE,10,elitize_generation_data,235,53,0.468,NA
237,36,double-letters,ifs,FALSE,10,elitize_generation_data,236,56,0.434,NA
238,36,double-letters,ifs,FALSE,10,elitize_generation_data,237,57,0.455,NA
239,36,double-letters,ifs,FALSE,10,elitize_generation_data,238,54,0.46,NA
240,36,double-letters,ifs,FALSE,10,elitize_generation_data,239,47,0.438,NA
241,36,double-letters,ifs,FALSE,10,elitize_generation_data,240,48,0.457,NA
242,36,double-letters,ifs,FALSE,10,elitize_generation_data,241,58,0.443,NA
243,36,double-letters,ifs,FALSE,10,elitize_generation_data,242,51,0.468,NA
244,36,double-letters,ifs,FALSE,10,elitize_generation_data,243,56,0.449,NA
245,36,double-letters,ifs,FALSE,10,elitize_generation_data,244,51,0.446,NA
246,36,double-letters,ifs,FALSE,10,elitize_generation_data,245,48,0.434,NA
247,36,double-letters,ifs,FALSE,10,elitize_generation_data,246,50,0.422,NA
248,36,double-letters,ifs,FALSE,10,elitize_generation_data,247,52,0.436,NA
249,36,double-letters,ifs,FALSE,10,elitize_generation_data,248,49,0.441,NA
250,36,double-letters,ifs,FALSE,10,elitize_generation_data,249,48,0.446,NA
251,36,double-letters,ifs,FALSE,10,elitize_generation_data,250,45,0.454,NA
252,36,double-letters,ifs,FALSE,10,elitize_generation_data,251,45,0.444,NA
253,36,double-letters,ifs,FALSE,10,elitize_generation_data,252,39,0.426,NA
254,36,double-letters,ifs,FALSE,10,elitize_generation_data,253,53,0.471,NA
255,36,double-letters,ifs,FALSE,10,elitize_generation_data,254,36,0.434,NA
256,36,double-letters,ifs,FALSE,10,elitize_generation_data,255,44,0.44,NA
257,36,double-letters,ifs,FALSE,10,elitize_generation_data,256,52,0.463,NA
258,36,double-letters,ifs,FALSE,10,elitize_generation_data,257,51,0.437,NA
259,36,double-letters,ifs,FALSE,10,elitize_generation_data,258,43,0.436,NA
260,36,double-letters,ifs,FALSE,10,elitize_generation_data,259,52,0.438,NA
261,36,double-letters,ifs,FALSE,10,elitize_generation_data,260,57,0.441,NA
262,36,double-letters,ifs,FALSE,10,elitize_generation_data,261,46,0.426,NA
263,36,double-letters,ifs,FALSE,10,elitize_generation_data,262,54,0.464,NA
264,36,double-letters,ifs,FALSE,10,elitize_generation_data,263,48,0.431,NA
265,36,double-letters,ifs,FALSE,10,elitize_generation_data,264,51,0.443,NA
266,36,double-letters,ifs,FALSE,10,elitize_generation_data,265,57,0.444,NA
267,36,double-letters,ifs,FALSE,10,elitize_generation_data,266,53,0.43,NA
268,36,double-letters,ifs,FALSE,10,elitize_generation_data,267,52,0.459,NA
269,36,double-letters,ifs,FALSE,10,elitize_generation_data,268,52,0.441,NA
270,36,double-letters,ifs,FALSE,10,elitize_generation_data,269,50,0.454,NA
271,36,double-letters,ifs,FALSE,10,elitize_generation_data,270,53,0.454,NA
272,36,double-letters,ifs,FALSE,10,elitize_generation_data,271,54,0.444,NA
273,36,double-letters,ifs,FALSE,10,elitize_generation_data,272,57,0.478,NA
274,36,double-letters,ifs,FALSE,10,elitize_generation_data,273,47,0.431,NA
275,36,double-letters,ifs,FALSE,10,elitize_generation_data,274,57,0.477,NA
276,36,double-letters,ifs,FALSE,10,elitize_generation_data,275,49,0.43,NA
277,36,double-letters,ifs,FALSE,10,elitize_generation_data,276,52,0.452,NA
278,36,double-letters,ifs,FALSE,10,elitize_generation_data,277,50,0.452,NA
279,36,double-letters,ifs,FALSE,10,elitize_generation_data,278,41,0.433,NA
280,36,double-letters,ifs,FALSE,10,elitize_generation_data,279,49,0.437,NA
281,36,double-letters,ifs,FALSE,10,elitize_generation_data,280,50,0.421,NA
282,36,double-letters,ifs,FALSE,10,elitize_generation_data,281,45,0.423,NA
283,36,double-letters,ifs,FALSE,10,elitize_generation_data,282,47,0.453,NA
284,36,double-letters,ifs,FALSE,10,elitize_generation_data,283,47,0.448,NA
285,36,double-letters,ifs,FALSE,10,elitize_generation_data,284,38,0.421,NA
286,36,double-letters,ifs,FALSE,10,elitize_generation_data,285,47,0.445,NA
287,36,double-letters,ifs,FALSE,10,elitize_generation_data,286,41,0.453,NA
288,36,double-letters,ifs,FALSE,10,elitize_generation_data,287,46,0.435,NA
289,36,double-letters,ifs,FALSE,10,elitize_generation_data,288,55,0.442,NA
290,36,double-letters,ifs,FALSE,10,elitize_generation_data,289,57,0.438,NA
291,36,double-letters,ifs,FALSE,10,elitize_generation_data,290,62,0.425,NA
292,36,double-letters,ifs,FALSE,10,elitize_generation_data,291,49,0.445,NA
293,36,double-letters,ifs,FALSE,10,elitize_generation_data,292,54,0.44,NA
294,36,double-letters,ifs,FALSE,10,elitize_generation_data,293,42,0.442,NA
295,36,double-letters,ifs,FALSE,10,elitize_generation_data,294,55,0.443,NA
296,36,double-letters,ifs,FALSE,10,elitize_generation_data,295,46,0.44,NA
297,36,double-letters,ifs,FALSE,10,elitize_generation_data,296,50,0.417,NA
298,36,double-letters,ifs,FALSE,10,elitize_generation_data,297,48,0.453,NA
299,36,double-letters,ifs,FALSE,10,elitize_generation_data,298,50,0.451,NA
300,36,double-letters,ifs,FALSE,10,elitize_generation_data,299,49,0.444,NA
301,36,double-letters,ifs,FALSE,10,elitize_generation_data,300,47,0.427,NA
