,run.num,problem,treatment,succeeded,height,normalization.function,generation,cluster.count,error.diversity,success.generation
1,72,double-letters,ifs,FALSE,10,elitize_generation_data,0,5,0.355,NA
2,72,double-letters,ifs,FALSE,10,elitize_generation_data,1,4,0.148,NA
3,72,double-letters,ifs,FALSE,10,elitize_generation_data,2,8,0.155,NA
4,72,double-letters,ifs,FALSE,10,elitize_generation_data,3,6,0.148,NA
5,72,double-letters,ifs,FALSE,10,elitize_generation_data,4,5,0.055,NA
6,72,double-letters,ifs,FALSE,10,elitize_generation_data,5,7,0.044,NA
7,72,double-letters,ifs,FALSE,10,elitize_generation_data,6,10,0.044,NA
8,72,double-letters,ifs,FALSE,10,elitize_generation_data,7,10,0.048,NA
9,72,double-letters,ifs,FALSE,10,elitize_generation_data,8,8,0.039,NA
10,72,double-letters,ifs,FALSE,10,elitize_generation_data,9,10,0.037,NA
11,72,double-letters,ifs,FALSE,10,elitize_generation_data,10,8,0.034,NA
12,72,double-letters,ifs,FALSE,10,elitize_generation_data,11,12,0.055,NA
13,72,double-letters,ifs,FALSE,10,elitize_generation_data,12,9,0.047,NA
14,72,double-letters,ifs,FALSE,10,elitize_generation_data,13,11,0.053,NA
15,72,double-letters,ifs,FALSE,10,elitize_generation_data,14,11,0.068,NA
16,72,double-letters,ifs,FALSE,10,elitize_generation_data,15,10,0.06,NA
17,72,double-letters,ifs,FALSE,10,elitize_generation_data,16,8,0.061,NA
18,72,double-letters,ifs,FALSE,10,elitize_generation_data,17,10,0.069,NA
19,72,double-letters,ifs,FALSE,10,elitize_generation_data,18,12,0.073,NA
20,72,double-letters,ifs,FALSE,10,elitize_generation_data,19,8,0.066,NA
21,72,double-letters,ifs,FALSE,10,elitize_generation_data,20,12,0.067,NA
22,72,double-letters,ifs,FALSE,10,elitize_generation_data,21,11,0.073,NA
23,72,double-letters,ifs,FALSE,10,elitize_generation_data,22,12,0.064,NA
24,72,double-letters,ifs,FALSE,10,elitize_generation_data,23,11,0.071,NA
25,72,double-letters,ifs,FALSE,10,elitize_generation_data,24,8,0.087,NA
26,72,double-letters,ifs,FALSE,10,elitize_generation_data,25,14,0.093,NA
27,72,double-letters,ifs,FALSE,10,elitize_generation_data,26,10,0.096,NA
28,72,double-letters,ifs,FALSE,10,elitize_generation_data,27,15,0.103,NA
29,72,double-letters,ifs,FALSE,10,elitize_generation_data,28,16,0.106,NA
30,72,double-letters,ifs,FALSE,10,elitize_generation_data,29,12,0.097,NA
31,72,double-letters,ifs,FALSE,10,elitize_generation_data,30,15,0.107,NA
32,72,double-letters,ifs,FALSE,10,elitize_generation_data,31,17,0.106,NA
33,72,double-letters,ifs,FALSE,10,elitize_generation_data,32,17,0.128,NA
34,72,double-letters,ifs,FALSE,10,elitize_generation_data,33,13,0.115,NA
35,72,double-letters,ifs,FALSE,10,elitize_generation_data,34,15,0.105,NA
36,72,double-letters,ifs,FALSE,10,elitize_generation_data,35,20,0.118,NA
37,72,double-letters,ifs,FALSE,10,elitize_generation_data,36,10,0.11,NA
38,72,double-letters,ifs,FALSE,10,elitize_generation_data,37,16,0.108,NA
39,72,double-letters,ifs,FALSE,10,elitize_generation_data,38,17,0.132,NA
40,72,double-letters,ifs,FALSE,10,elitize_generation_data,39,15,0.169,NA
41,72,double-letters,ifs,FALSE,10,elitize_generation_data,40,18,0.166,NA
42,72,double-letters,ifs,FALSE,10,elitize_generation_data,41,16,0.144,NA
43,72,double-letters,ifs,FALSE,10,elitize_generation_data,42,19,0.169,NA
44,72,double-letters,ifs,FALSE,10,elitize_generation_data,43,19,0.15,NA
45,72,double-letters,ifs,FALSE,10,elitize_generation_data,44,18,0.15,NA
46,72,double-letters,ifs,FALSE,10,elitize_generation_data,45,20,0.159,NA
47,72,double-letters,ifs,FALSE,10,elitize_generation_data,46,16,0.176,NA
48,72,double-letters,ifs,FALSE,10,elitize_generation_data,47,19,0.166,NA
49,72,double-letters,ifs,FALSE,10,elitize_generation_data,48,17,0.163,NA
50,72,double-letters,ifs,FALSE,10,elitize_generation_data,49,17,0.147,NA
51,72,double-letters,ifs,FALSE,10,elitize_generation_data,50,14,0.169,NA
52,72,double-letters,ifs,FALSE,10,elitize_generation_data,51,14,0.176,NA
53,72,double-letters,ifs,FALSE,10,elitize_generation_data,52,21,0.181,NA
54,72,double-letters,ifs,FALSE,10,elitize_generation_data,53,17,0.171,NA
55,72,double-letters,ifs,FALSE,10,elitize_generation_data,54,18,0.17,NA
56,72,double-letters,ifs,FALSE,10,elitize_generation_data,55,17,0.177,NA
57,72,double-letters,ifs,FALSE,10,elitize_generation_data,56,15,0.176,NA
58,72,double-letters,ifs,FALSE,10,elitize_generation_data,57,16,0.172,NA
59,72,double-letters,ifs,FALSE,10,elitize_generation_data,58,13,0.178,NA
60,72,double-letters,ifs,FALSE,10,elitize_generation_data,59,13,0.16,NA
61,72,double-letters,ifs,FALSE,10,elitize_generation_data,60,13,0.165,NA
62,72,double-letters,ifs,FALSE,10,elitize_generation_data,61,14,0.171,NA
63,72,double-letters,ifs,FALSE,10,elitize_generation_data,62,12,0.18,NA
64,72,double-letters,ifs,FALSE,10,elitize_generation_data,63,12,0.156,NA
65,72,double-letters,ifs,FALSE,10,elitize_generation_data,64,14,0.181,NA
66,72,double-letters,ifs,FALSE,10,elitize_generation_data,65,11,0.172,NA
67,72,double-letters,ifs,FALSE,10,elitize_generation_data,66,13,0.166,NA
68,72,double-letters,ifs,FALSE,10,elitize_generation_data,67,9,0.157,NA
69,72,double-letters,ifs,FALSE,10,elitize_generation_data,68,12,0.152,NA
70,72,double-letters,ifs,FALSE,10,elitize_generation_data,69,9,0.147,NA
71,72,double-letters,ifs,FALSE,10,elitize_generation_data,70,10,0.169,NA
72,72,double-letters,ifs,FALSE,10,elitize_generation_data,71,11,0.164,NA
73,72,double-letters,ifs,FALSE,10,elitize_generation_data,72,12,0.169,NA
74,72,double-letters,ifs,FALSE,10,elitize_generation_data,73,12,0.173,NA
75,72,double-letters,ifs,FALSE,10,elitize_generation_data,74,13,0.191,NA
76,72,double-letters,ifs,FALSE,10,elitize_generation_data,75,13,0.185,NA
77,72,double-letters,ifs,FALSE,10,elitize_generation_data,76,11,0.198,NA
78,72,double-letters,ifs,FALSE,10,elitize_generation_data,77,7,0.186,NA
79,72,double-letters,ifs,FALSE,10,elitize_generation_data,78,7,0.189,NA
80,72,double-letters,ifs,FALSE,10,elitize_generation_data,79,9,0.189,NA
81,72,double-letters,ifs,FALSE,10,elitize_generation_data,80,10,0.182,NA
82,72,double-letters,ifs,FALSE,10,elitize_generation_data,81,9,0.208,NA
83,72,double-letters,ifs,FALSE,10,elitize_generation_data,82,6,0.185,NA
84,72,double-letters,ifs,FALSE,10,elitize_generation_data,83,13,0.211,NA
85,72,double-letters,ifs,FALSE,10,elitize_generation_data,84,8,0.177,NA
86,72,double-letters,ifs,FALSE,10,elitize_generation_data,85,9,0.199,NA
87,72,double-letters,ifs,FALSE,10,elitize_generation_data,86,8,0.18,NA
88,72,double-letters,ifs,FALSE,10,elitize_generation_data,87,7,0.182,NA
89,72,double-letters,ifs,FALSE,10,elitize_generation_data,88,8,0.193,NA
90,72,double-letters,ifs,FALSE,10,elitize_generation_data,89,10,0.219,NA
91,72,double-letters,ifs,FALSE,10,elitize_generation_data,90,10,0.232,NA
92,72,double-letters,ifs,FALSE,10,elitize_generation_data,91,13,0.228,NA
93,72,double-letters,ifs,FALSE,10,elitize_generation_data,92,17,0.276,NA
94,72,double-letters,ifs,FALSE,10,elitize_generation_data,93,17,0.277,NA
95,72,double-letters,ifs,FALSE,10,elitize_generation_data,94,20,0.283,NA
96,72,double-letters,ifs,FALSE,10,elitize_generation_data,95,16,0.259,NA
97,72,double-letters,ifs,FALSE,10,elitize_generation_data,96,17,0.269,NA
98,72,double-letters,ifs,FALSE,10,elitize_generation_data,97,20,0.267,NA
99,72,double-letters,ifs,FALSE,10,elitize_generation_data,98,19,0.264,NA
100,72,double-letters,ifs,FALSE,10,elitize_generation_data,99,18,0.248,NA
101,72,double-letters,ifs,FALSE,10,elitize_generation_data,100,17,0.236,NA
102,72,double-letters,ifs,FALSE,10,elitize_generation_data,101,16,0.247,NA
103,72,double-letters,ifs,FALSE,10,elitize_generation_data,102,16,0.212,NA
104,72,double-letters,ifs,FALSE,10,elitize_generation_data,103,19,0.234,NA
105,72,double-letters,ifs,FALSE,10,elitize_generation_data,104,16,0.248,NA
106,72,double-letters,ifs,FALSE,10,elitize_generation_data,105,19,0.237,NA
107,72,double-letters,ifs,FALSE,10,elitize_generation_data,106,21,0.231,NA
108,72,double-letters,ifs,FALSE,10,elitize_generation_data,107,18,0.246,NA
109,72,double-letters,ifs,FALSE,10,elitize_generation_data,108,19,0.237,NA
110,72,double-letters,ifs,FALSE,10,elitize_generation_data,109,19,0.24,NA
111,72,double-letters,ifs,FALSE,10,elitize_generation_data,110,19,0.253,NA
112,72,double-letters,ifs,FALSE,10,elitize_generation_data,111,16,0.265,NA
113,72,double-letters,ifs,FALSE,10,elitize_generation_data,112,15,0.26,NA
114,72,double-letters,ifs,FALSE,10,elitize_generation_data,113,15,0.234,NA
115,72,double-letters,ifs,FALSE,10,elitize_generation_data,114,17,0.228,NA
116,72,double-letters,ifs,FALSE,10,elitize_generation_data,115,22,0.291,NA
117,72,double-letters,ifs,FALSE,10,elitize_generation_data,116,19,0.232,NA
118,72,double-letters,ifs,FALSE,10,elitize_generation_data,117,17,0.253,NA
119,72,double-letters,ifs,FALSE,10,elitize_generation_data,118,18,0.261,NA
120,72,double-letters,ifs,FALSE,10,elitize_generation_data,119,19,0.269,NA
121,72,double-letters,ifs,FALSE,10,elitize_generation_data,120,19,0.268,NA
122,72,double-letters,ifs,FALSE,10,elitize_generation_data,121,19,0.245,NA
123,72,double-letters,ifs,FALSE,10,elitize_generation_data,122,23,0.298,NA
124,72,double-letters,ifs,FALSE,10,elitize_generation_data,123,20,0.286,NA
125,72,double-letters,ifs,FALSE,10,elitize_generation_data,124,21,0.296,NA
126,72,double-letters,ifs,FALSE,10,elitize_generation_data,125,15,0.285,NA
127,72,double-letters,ifs,FALSE,10,elitize_generation_data,126,20,0.297,NA
128,72,double-letters,ifs,FALSE,10,elitize_generation_data,127,20,0.298,NA
129,72,double-letters,ifs,FALSE,10,elitize_generation_data,128,24,0.303,NA
130,72,double-letters,ifs,FALSE,10,elitize_generation_data,129,19,0.307,NA
131,72,double-letters,ifs,FALSE,10,elitize_generation_data,130,23,0.302,NA
132,72,double-letters,ifs,FALSE,10,elitize_generation_data,131,26,0.29,NA
133,72,double-letters,ifs,FALSE,10,elitize_generation_data,132,20,0.271,NA
134,72,double-letters,ifs,FALSE,10,elitize_generation_data,133,23,0.332,NA
135,72,double-letters,ifs,FALSE,10,elitize_generation_data,134,26,0.32,NA
136,72,double-letters,ifs,FALSE,10,elitize_generation_data,135,26,0.318,NA
137,72,double-letters,ifs,FALSE,10,elitize_generation_data,136,31,0.314,NA
138,72,double-letters,ifs,FALSE,10,elitize_generation_data,137,24,0.293,NA
139,72,double-letters,ifs,FALSE,10,elitize_generation_data,138,25,0.279,NA
140,72,double-letters,ifs,FALSE,10,elitize_generation_data,139,26,0.277,NA
141,72,double-letters,ifs,FALSE,10,elitize_generation_data,140,25,0.283,NA
142,72,double-letters,ifs,FALSE,10,elitize_generation_data,141,27,0.302,NA
143,72,double-letters,ifs,FALSE,10,elitize_generation_data,142,27,0.295,NA
144,72,double-letters,ifs,FALSE,10,elitize_generation_data,143,23,0.274,NA
145,72,double-letters,ifs,FALSE,10,elitize_generation_data,144,28,0.274,NA
146,72,double-letters,ifs,FALSE,10,elitize_generation_data,145,24,0.302,NA
147,72,double-letters,ifs,FALSE,10,elitize_generation_data,146,23,0.26,NA
148,72,double-letters,ifs,FALSE,10,elitize_generation_data,147,23,0.259,NA
149,72,double-letters,ifs,FALSE,10,elitize_generation_data,148,26,0.259,NA
150,72,double-letters,ifs,FALSE,10,elitize_generation_data,149,26,0.268,NA
151,72,double-letters,ifs,FALSE,10,elitize_generation_data,150,23,0.282,NA
152,72,double-letters,ifs,FALSE,10,elitize_generation_data,151,27,0.257,NA
153,72,double-letters,ifs,FALSE,10,elitize_generation_data,152,24,0.287,NA
154,72,double-letters,ifs,FALSE,10,elitize_generation_data,153,22,0.272,NA
155,72,double-letters,ifs,FALSE,10,elitize_generation_data,154,24,0.275,NA
156,72,double-letters,ifs,FALSE,10,elitize_generation_data,155,20,0.276,NA
157,72,double-letters,ifs,FALSE,10,elitize_generation_data,156,26,0.292,NA
158,72,double-letters,ifs,FALSE,10,elitize_generation_data,157,26,0.291,NA
159,72,double-letters,ifs,FALSE,10,elitize_generation_data,158,28,0.303,NA
160,72,double-letters,ifs,FALSE,10,elitize_generation_data,159,22,0.298,NA
161,72,double-letters,ifs,FALSE,10,elitize_generation_data,160,29,0.294,NA
162,72,double-letters,ifs,FALSE,10,elitize_generation_data,161,28,0.292,NA
163,72,double-letters,ifs,FALSE,10,elitize_generation_data,162,25,0.286,NA
164,72,double-letters,ifs,FALSE,10,elitize_generation_data,163,22,0.275,NA
165,72,double-letters,ifs,FALSE,10,elitize_generation_data,164,29,0.296,NA
166,72,double-letters,ifs,FALSE,10,elitize_generation_data,165,19,0.302,NA
167,72,double-letters,ifs,FALSE,10,elitize_generation_data,166,26,0.309,NA
168,72,double-letters,ifs,FALSE,10,elitize_generation_data,167,27,0.31,NA
169,72,double-letters,ifs,FALSE,10,elitize_generation_data,168,32,0.314,NA
170,72,double-letters,ifs,FALSE,10,elitize_generation_data,169,30,0.339,NA
171,72,double-letters,ifs,FALSE,10,elitize_generation_data,170,22,0.381,NA
172,72,double-letters,ifs,FALSE,10,elitize_generation_data,171,34,0.387,NA
173,72,double-letters,ifs,FALSE,10,elitize_generation_data,172,28,0.385,NA
174,72,double-letters,ifs,FALSE,10,elitize_generation_data,173,36,0.389,NA
175,72,double-letters,ifs,FALSE,10,elitize_generation_data,174,35,0.413,NA
176,72,double-letters,ifs,FALSE,10,elitize_generation_data,175,33,0.401,NA
177,72,double-letters,ifs,FALSE,10,elitize_generation_data,176,38,0.389,NA
178,72,double-letters,ifs,FALSE,10,elitize_generation_data,177,29,0.406,NA
179,72,double-letters,ifs,FALSE,10,elitize_generation_data,178,30,0.394,NA
180,72,double-letters,ifs,FALSE,10,elitize_generation_data,179,30,0.415,NA
181,72,double-letters,ifs,FALSE,10,elitize_generation_data,180,31,0.411,NA
182,72,double-letters,ifs,FALSE,10,elitize_generation_data,181,27,0.411,NA
183,72,double-letters,ifs,FALSE,10,elitize_generation_data,182,35,0.432,NA
184,72,double-letters,ifs,FALSE,10,elitize_generation_data,183,34,0.424,NA
185,72,double-letters,ifs,FALSE,10,elitize_generation_data,184,34,0.428,NA
186,72,double-letters,ifs,FALSE,10,elitize_generation_data,185,34,0.432,NA
187,72,double-letters,ifs,FALSE,10,elitize_generation_data,186,31,0.416,NA
188,72,double-letters,ifs,FALSE,10,elitize_generation_data,187,34,0.438,NA
189,72,double-letters,ifs,FALSE,10,elitize_generation_data,188,36,0.428,NA
190,72,double-letters,ifs,FALSE,10,elitize_generation_data,189,41,0.466,NA
191,72,double-letters,ifs,FALSE,10,elitize_generation_data,190,33,0.479,NA
192,72,double-letters,ifs,FALSE,10,elitize_generation_data,191,35,0.508,NA
193,72,double-letters,ifs,FALSE,10,elitize_generation_data,192,42,0.5,NA
194,72,double-letters,ifs,FALSE,10,elitize_generation_data,193,41,0.482,NA
195,72,double-letters,ifs,FALSE,10,elitize_generation_data,194,40,0.476,NA
196,72,double-letters,ifs,FALSE,10,elitize_generation_data,195,43,0.486,NA
197,72,double-letters,ifs,FALSE,10,elitize_generation_data,196,39,0.453,NA
198,72,double-letters,ifs,FALSE,10,elitize_generation_data,197,27,0.399,NA
199,72,double-letters,ifs,FALSE,10,elitize_generation_data,198,36,0.409,NA
200,72,double-letters,ifs,FALSE,10,elitize_generation_data,199,41,0.429,NA
201,72,double-letters,ifs,FALSE,10,elitize_generation_data,200,33,0.474,NA
202,72,double-letters,ifs,FALSE,10,elitize_generation_data,201,38,0.501,NA
203,72,double-letters,ifs,FALSE,10,elitize_generation_data,202,30,0.496,NA
204,72,double-letters,ifs,FALSE,10,elitize_generation_data,203,31,0.508,NA
205,72,double-letters,ifs,FALSE,10,elitize_generation_data,204,35,0.484,NA
206,72,double-letters,ifs,FALSE,10,elitize_generation_data,205,44,0.506,NA
207,72,double-letters,ifs,FALSE,10,elitize_generation_data,206,35,0.489,NA
208,72,double-letters,ifs,FALSE,10,elitize_generation_data,207,38,0.491,NA
209,72,double-letters,ifs,FALSE,10,elitize_generation_data,208,36,0.472,NA
210,72,double-letters,ifs,FALSE,10,elitize_generation_data,209,33,0.464,NA
211,72,double-letters,ifs,FALSE,10,elitize_generation_data,210,32,0.424,NA
212,72,double-letters,ifs,FALSE,10,elitize_generation_data,211,32,0.41,NA
213,72,double-letters,ifs,FALSE,10,elitize_generation_data,212,28,0.41,NA
214,72,double-letters,ifs,FALSE,10,elitize_generation_data,213,32,0.445,NA
215,72,double-letters,ifs,FALSE,10,elitize_generation_data,214,37,0.446,NA
216,72,double-letters,ifs,FALSE,10,elitize_generation_data,215,34,0.466,NA
217,72,double-letters,ifs,FALSE,10,elitize_generation_data,216,30,0.486,NA
218,72,double-letters,ifs,FALSE,10,elitize_generation_data,217,38,0.48,NA
219,72,double-letters,ifs,FALSE,10,elitize_generation_data,218,32,0.483,NA
220,72,double-letters,ifs,FALSE,10,elitize_generation_data,219,33,0.48,NA
221,72,double-letters,ifs,FALSE,10,elitize_generation_data,220,37,0.465,NA
222,72,double-letters,ifs,FALSE,10,elitize_generation_data,221,34,0.486,NA
223,72,double-letters,ifs,FALSE,10,elitize_generation_data,222,30,0.47,NA
224,72,double-letters,ifs,FALSE,10,elitize_generation_data,223,35,0.478,NA
225,72,double-letters,ifs,FALSE,10,elitize_generation_data,224,35,0.471,NA
226,72,double-letters,ifs,FALSE,10,elitize_generation_data,225,34,0.477,NA
227,72,double-letters,ifs,FALSE,10,elitize_generation_data,226,35,0.464,NA
228,72,double-letters,ifs,FALSE,10,elitize_generation_data,227,29,0.451,NA
229,72,double-letters,ifs,FALSE,10,elitize_generation_data,228,42,0.507,NA
230,72,double-letters,ifs,FALSE,10,elitize_generation_data,229,34,0.501,NA
231,72,double-letters,ifs,FALSE,10,elitize_generation_data,230,32,0.499,NA
232,72,double-letters,ifs,FALSE,10,elitize_generation_data,231,34,0.497,NA
233,72,double-letters,ifs,FALSE,10,elitize_generation_data,232,36,0.487,NA
234,72,double-letters,ifs,FALSE,10,elitize_generation_data,233,31,0.486,NA
235,72,double-letters,ifs,FALSE,10,elitize_generation_data,234,30,0.47,NA
236,72,double-letters,ifs,FALSE,10,elitize_generation_data,235,31,0.488,NA
237,72,double-letters,ifs,FALSE,10,elitize_generation_data,236,35,0.491,NA
238,72,double-letters,ifs,FALSE,10,elitize_generation_data,237,30,0.463,NA
239,72,double-letters,ifs,FALSE,10,elitize_generation_data,238,32,0.459,NA
240,72,double-letters,ifs,FALSE,10,elitize_generation_data,239,32,0.485,NA
241,72,double-letters,ifs,FALSE,10,elitize_generation_data,240,32,0.458,NA
242,72,double-letters,ifs,FALSE,10,elitize_generation_data,241,37,0.469,NA
243,72,double-letters,ifs,FALSE,10,elitize_generation_data,242,34,0.469,NA
244,72,double-letters,ifs,FALSE,10,elitize_generation_data,243,34,0.448,NA
245,72,double-letters,ifs,FALSE,10,elitize_generation_data,244,31,0.466,NA
246,72,double-letters,ifs,FALSE,10,elitize_generation_data,245,27,0.486,NA
247,72,double-letters,ifs,FALSE,10,elitize_generation_data,246,33,0.49,NA
248,72,double-letters,ifs,FALSE,10,elitize_generation_data,247,35,0.499,NA
249,72,double-letters,ifs,FALSE,10,elitize_generation_data,248,36,0.501,NA
250,72,double-letters,ifs,FALSE,10,elitize_generation_data,249,36,0.472,NA
251,72,double-letters,ifs,FALSE,10,elitize_generation_data,250,35,0.486,NA
252,72,double-letters,ifs,FALSE,10,elitize_generation_data,251,34,0.485,NA
253,72,double-letters,ifs,FALSE,10,elitize_generation_data,252,40,0.474,NA
254,72,double-letters,ifs,FALSE,10,elitize_generation_data,253,40,0.497,NA
255,72,double-letters,ifs,FALSE,10,elitize_generation_data,254,38,0.479,NA
256,72,double-letters,ifs,FALSE,10,elitize_generation_data,255,39,0.472,NA
257,72,double-letters,ifs,FALSE,10,elitize_generation_data,256,38,0.498,NA
258,72,double-letters,ifs,FALSE,10,elitize_generation_data,257,42,0.468,NA
259,72,double-letters,ifs,FALSE,10,elitize_generation_data,258,32,0.481,NA
260,72,double-letters,ifs,FALSE,10,elitize_generation_data,259,35,0.508,NA
261,72,double-letters,ifs,FALSE,10,elitize_generation_data,260,28,0.504,NA
262,72,double-letters,ifs,FALSE,10,elitize_generation_data,261,32,0.522,NA
263,72,double-letters,ifs,FALSE,10,elitize_generation_data,262,35,0.552,NA
264,72,double-letters,ifs,FALSE,10,elitize_generation_data,263,35,0.599,NA
265,72,double-letters,ifs,FALSE,10,elitize_generation_data,264,39,0.579,NA
266,72,double-letters,ifs,FALSE,10,elitize_generation_data,265,31,0.564,NA
267,72,double-letters,ifs,FALSE,10,elitize_generation_data,266,28,0.529,NA
268,72,double-letters,ifs,FALSE,10,elitize_generation_data,267,33,0.516,NA
269,72,double-letters,ifs,FALSE,10,elitize_generation_data,268,32,0.513,NA
270,72,double-letters,ifs,FALSE,10,elitize_generation_data,269,33,0.519,NA
271,72,double-letters,ifs,FALSE,10,elitize_generation_data,270,34,0.55,NA
272,72,double-letters,ifs,FALSE,10,elitize_generation_data,271,29,0.558,NA
273,72,double-letters,ifs,FALSE,10,elitize_generation_data,272,27,0.607,NA
274,72,double-letters,ifs,FALSE,10,elitize_generation_data,273,25,0.623,NA
275,72,double-letters,ifs,FALSE,10,elitize_generation_data,274,28,0.624,NA
276,72,double-letters,ifs,FALSE,10,elitize_generation_data,275,32,0.628,NA
277,72,double-letters,ifs,FALSE,10,elitize_generation_data,276,37,0.642,NA
278,72,double-letters,ifs,FALSE,10,elitize_generation_data,277,33,0.635,NA
279,72,double-letters,ifs,FALSE,10,elitize_generation_data,278,33,0.636,NA
280,72,double-letters,ifs,FALSE,10,elitize_generation_data,279,36,0.642,NA
281,72,double-letters,ifs,FALSE,10,elitize_generation_data,280,34,0.654,NA
282,72,double-letters,ifs,FALSE,10,elitize_generation_data,281,40,0.642,NA
283,72,double-letters,ifs,FALSE,10,elitize_generation_data,282,32,0.652,NA
284,72,double-letters,ifs,FALSE,10,elitize_generation_data,283,34,0.648,NA
285,72,double-letters,ifs,FALSE,10,elitize_generation_data,284,40,0.657,NA
286,72,double-letters,ifs,FALSE,10,elitize_generation_data,285,39,0.703,NA
287,72,double-letters,ifs,FALSE,10,elitize_generation_data,286,40,0.696,NA
288,72,double-letters,ifs,FALSE,10,elitize_generation_data,287,37,0.688,NA
289,72,double-letters,ifs,FALSE,10,elitize_generation_data,288,36,0.671,NA
290,72,double-letters,ifs,FALSE,10,elitize_generation_data,289,38,0.687,NA
291,72,double-letters,ifs,FALSE,10,elitize_generation_data,290,42,0.686,NA
292,72,double-letters,ifs,FALSE,10,elitize_generation_data,291,47,0.691,NA
293,72,double-letters,ifs,FALSE,10,elitize_generation_data,292,44,0.688,NA
294,72,double-letters,ifs,FALSE,10,elitize_generation_data,293,39,0.683,NA
295,72,double-letters,ifs,FALSE,10,elitize_generation_data,294,42,0.699,NA
296,72,double-letters,ifs,FALSE,10,elitize_generation_data,295,42,0.714,NA
297,72,double-letters,ifs,FALSE,10,elitize_generation_data,296,45,0.699,NA
298,72,double-letters,ifs,FALSE,10,elitize_generation_data,297,51,0.708,NA
299,72,double-letters,ifs,FALSE,10,elitize_generation_data,298,50,0.675,NA
300,72,double-letters,ifs,FALSE,10,elitize_generation_data,299,46,0.645,NA
301,72,double-letters,ifs,FALSE,10,elitize_generation_data,300,48,0.666,NA
