,run.num,problem,treatment,succeeded,height,normalization.function,generation,cluster.count,error.diversity,success.generation
1,56,double-letters,ifs,FALSE,10,elitize_generation_data,0,7,0.405,NA
2,56,double-letters,ifs,FALSE,10,elitize_generation_data,1,12,0.169,NA
3,56,double-letters,ifs,FALSE,10,elitize_generation_data,2,15,0.219,NA
4,56,double-letters,ifs,FALSE,10,elitize_generation_data,3,16,0.141,NA
5,56,double-letters,ifs,FALSE,10,elitize_generation_data,4,9,0.042,NA
6,56,double-letters,ifs,FALSE,10,elitize_generation_data,5,7,0.034,NA
7,56,double-letters,ifs,FALSE,10,elitize_generation_data,6,8,0.036,NA
8,56,double-letters,ifs,FALSE,10,elitize_generation_data,7,5,0.035,NA
9,56,double-letters,ifs,FALSE,10,elitize_generation_data,8,9,0.04,NA
10,56,double-letters,ifs,FALSE,10,elitize_generation_data,9,8,0.04,NA
11,56,double-letters,ifs,FALSE,10,elitize_generation_data,10,10,0.045,NA
12,56,double-letters,ifs,FALSE,10,elitize_generation_data,11,14,0.085,NA
13,56,double-letters,ifs,FALSE,10,elitize_generation_data,12,15,0.153,NA
14,56,double-letters,ifs,FALSE,10,elitize_generation_data,13,14,0.175,NA
15,56,double-letters,ifs,FALSE,10,elitize_generation_data,14,13,0.164,NA
16,56,double-letters,ifs,FALSE,10,elitize_generation_data,15,11,0.158,NA
17,56,double-letters,ifs,FALSE,10,elitize_generation_data,16,15,0.145,NA
18,56,double-letters,ifs,FALSE,10,elitize_generation_data,17,16,0.15,NA
19,56,double-letters,ifs,FALSE,10,elitize_generation_data,18,22,0.222,NA
20,56,double-letters,ifs,FALSE,10,elitize_generation_data,19,15,0.264,NA
21,56,double-letters,ifs,FALSE,10,elitize_generation_data,20,16,0.248,NA
22,56,double-letters,ifs,FALSE,10,elitize_generation_data,21,16,0.234,NA
23,56,double-letters,ifs,FALSE,10,elitize_generation_data,22,16,0.252,NA
24,56,double-letters,ifs,FALSE,10,elitize_generation_data,23,16,0.225,NA
25,56,double-letters,ifs,FALSE,10,elitize_generation_data,24,16,0.242,NA
26,56,double-letters,ifs,FALSE,10,elitize_generation_data,25,14,0.192,NA
27,56,double-letters,ifs,FALSE,10,elitize_generation_data,26,15,0.169,NA
28,56,double-letters,ifs,FALSE,10,elitize_generation_data,27,14,0.167,NA
29,56,double-letters,ifs,FALSE,10,elitize_generation_data,28,15,0.193,NA
30,56,double-letters,ifs,FALSE,10,elitize_generation_data,29,17,0.211,NA
31,56,double-letters,ifs,FALSE,10,elitize_generation_data,30,22,0.183,NA
32,56,double-letters,ifs,FALSE,10,elitize_generation_data,31,24,0.191,NA
33,56,double-letters,ifs,FALSE,10,elitize_generation_data,32,19,0.206,NA
34,56,double-letters,ifs,FALSE,10,elitize_generation_data,33,20,0.204,NA
35,56,double-letters,ifs,FALSE,10,elitize_generation_data,34,20,0.209,NA
36,56,double-letters,ifs,FALSE,10,elitize_generation_data,35,19,0.192,NA
37,56,double-letters,ifs,FALSE,10,elitize_generation_data,36,15,0.189,NA
38,56,double-letters,ifs,FALSE,10,elitize_generation_data,37,15,0.189,NA
39,56,double-letters,ifs,FALSE,10,elitize_generation_data,38,21,0.214,NA
40,56,double-letters,ifs,FALSE,10,elitize_generation_data,39,20,0.218,NA
41,56,double-letters,ifs,FALSE,10,elitize_generation_data,40,18,0.193,NA
42,56,double-letters,ifs,FALSE,10,elitize_generation_data,41,19,0.205,NA
43,56,double-letters,ifs,FALSE,10,elitize_generation_data,42,18,0.203,NA
44,56,double-letters,ifs,FALSE,10,elitize_generation_data,43,17,0.199,NA
45,56,double-letters,ifs,FALSE,10,elitize_generation_data,44,16,0.21,NA
46,56,double-letters,ifs,FALSE,10,elitize_generation_data,45,20,0.219,NA
47,56,double-letters,ifs,FALSE,10,elitize_generation_data,46,18,0.229,NA
48,56,double-letters,ifs,FALSE,10,elitize_generation_data,47,21,0.228,NA
49,56,double-letters,ifs,FALSE,10,elitize_generation_data,48,21,0.233,NA
50,56,double-letters,ifs,FALSE,10,elitize_generation_data,49,22,0.21,NA
51,56,double-letters,ifs,FALSE,10,elitize_generation_data,50,19,0.23,NA
52,56,double-letters,ifs,FALSE,10,elitize_generation_data,51,18,0.237,NA
53,56,double-letters,ifs,FALSE,10,elitize_generation_data,52,25,0.231,NA
54,56,double-letters,ifs,FALSE,10,elitize_generation_data,53,21,0.247,NA
55,56,double-letters,ifs,FALSE,10,elitize_generation_data,54,22,0.249,NA
56,56,double-letters,ifs,FALSE,10,elitize_generation_data,55,27,0.276,NA
57,56,double-letters,ifs,FALSE,10,elitize_generation_data,56,24,0.274,NA
58,56,double-letters,ifs,FALSE,10,elitize_generation_data,57,27,0.286,NA
59,56,double-letters,ifs,FALSE,10,elitize_generation_data,58,27,0.247,NA
60,56,double-letters,ifs,FALSE,10,elitize_generation_data,59,23,0.261,NA
61,56,double-letters,ifs,FALSE,10,elitize_generation_data,60,29,0.261,NA
62,56,double-letters,ifs,FALSE,10,elitize_generation_data,61,27,0.275,NA
63,56,double-letters,ifs,FALSE,10,elitize_generation_data,62,24,0.298,NA
64,56,double-letters,ifs,FALSE,10,elitize_generation_data,63,18,0.254,NA
65,56,double-letters,ifs,FALSE,10,elitize_generation_data,64,18,0.288,NA
66,56,double-letters,ifs,FALSE,10,elitize_generation_data,65,26,0.281,NA
67,56,double-letters,ifs,FALSE,10,elitize_generation_data,66,22,0.29,NA
68,56,double-letters,ifs,FALSE,10,elitize_generation_data,67,23,0.282,NA
69,56,double-letters,ifs,FALSE,10,elitize_generation_data,68,23,0.305,NA
70,56,double-letters,ifs,FALSE,10,elitize_generation_data,69,20,0.306,NA
71,56,double-letters,ifs,FALSE,10,elitize_generation_data,70,24,0.292,NA
72,56,double-letters,ifs,FALSE,10,elitize_generation_data,71,25,0.325,NA
73,56,double-letters,ifs,FALSE,10,elitize_generation_data,72,24,0.294,NA
74,56,double-letters,ifs,FALSE,10,elitize_generation_data,73,18,0.277,NA
75,56,double-letters,ifs,FALSE,10,elitize_generation_data,74,29,0.312,NA
76,56,double-letters,ifs,FALSE,10,elitize_generation_data,75,22,0.288,NA
77,56,double-letters,ifs,FALSE,10,elitize_generation_data,76,26,0.313,NA
78,56,double-letters,ifs,FALSE,10,elitize_generation_data,77,25,0.284,NA
79,56,double-letters,ifs,FALSE,10,elitize_generation_data,78,29,0.317,NA
80,56,double-letters,ifs,FALSE,10,elitize_generation_data,79,26,0.306,NA
81,56,double-letters,ifs,FALSE,10,elitize_generation_data,80,24,0.301,NA
82,56,double-letters,ifs,FALSE,10,elitize_generation_data,81,24,0.342,NA
83,56,double-letters,ifs,FALSE,10,elitize_generation_data,82,27,0.295,NA
84,56,double-letters,ifs,FALSE,10,elitize_generation_data,83,22,0.316,NA
85,56,double-letters,ifs,FALSE,10,elitize_generation_data,84,24,0.33,NA
86,56,double-letters,ifs,FALSE,10,elitize_generation_data,85,22,0.295,NA
87,56,double-letters,ifs,FALSE,10,elitize_generation_data,86,19,0.296,NA
88,56,double-letters,ifs,FALSE,10,elitize_generation_data,87,25,0.294,NA
89,56,double-letters,ifs,FALSE,10,elitize_generation_data,88,31,0.314,NA
90,56,double-letters,ifs,FALSE,10,elitize_generation_data,89,26,0.306,NA
91,56,double-letters,ifs,FALSE,10,elitize_generation_data,90,25,0.302,NA
92,56,double-letters,ifs,FALSE,10,elitize_generation_data,91,23,0.33,NA
93,56,double-letters,ifs,FALSE,10,elitize_generation_data,92,22,0.314,NA
94,56,double-letters,ifs,FALSE,10,elitize_generation_data,93,24,0.352,NA
95,56,double-letters,ifs,FALSE,10,elitize_generation_data,94,31,0.313,NA
96,56,double-letters,ifs,FALSE,10,elitize_generation_data,95,25,0.351,NA
97,56,double-letters,ifs,FALSE,10,elitize_generation_data,96,29,0.333,NA
98,56,double-letters,ifs,FALSE,10,elitize_generation_data,97,25,0.289,NA
99,56,double-letters,ifs,FALSE,10,elitize_generation_data,98,22,0.338,NA
100,56,double-letters,ifs,FALSE,10,elitize_generation_data,99,24,0.268,NA
101,56,double-letters,ifs,FALSE,10,elitize_generation_data,100,30,0.328,NA
102,56,double-letters,ifs,FALSE,10,elitize_generation_data,101,31,0.32,NA
103,56,double-letters,ifs,FALSE,10,elitize_generation_data,102,27,0.336,NA
104,56,double-letters,ifs,FALSE,10,elitize_generation_data,103,22,0.294,NA
105,56,double-letters,ifs,FALSE,10,elitize_generation_data,104,22,0.301,NA
106,56,double-letters,ifs,FALSE,10,elitize_generation_data,105,26,0.346,NA
107,56,double-letters,ifs,FALSE,10,elitize_generation_data,106,21,0.343,NA
108,56,double-letters,ifs,FALSE,10,elitize_generation_data,107,25,0.346,NA
109,56,double-letters,ifs,FALSE,10,elitize_generation_data,108,23,0.336,NA
110,56,double-letters,ifs,FALSE,10,elitize_generation_data,109,28,0.285,NA
111,56,double-letters,ifs,FALSE,10,elitize_generation_data,110,28,0.33,NA
112,56,double-letters,ifs,FALSE,10,elitize_generation_data,111,25,0.309,NA
113,56,double-letters,ifs,FALSE,10,elitize_generation_data,112,22,0.278,NA
114,56,double-letters,ifs,FALSE,10,elitize_generation_data,113,23,0.307,NA
115,56,double-letters,ifs,FALSE,10,elitize_generation_data,114,24,0.271,NA
116,56,double-letters,ifs,FALSE,10,elitize_generation_data,115,31,0.319,NA
117,56,double-letters,ifs,FALSE,10,elitize_generation_data,116,23,0.271,NA
118,56,double-letters,ifs,FALSE,10,elitize_generation_data,117,22,0.298,NA
119,56,double-letters,ifs,FALSE,10,elitize_generation_data,118,24,0.284,NA
120,56,double-letters,ifs,FALSE,10,elitize_generation_data,119,25,0.321,NA
121,56,double-letters,ifs,FALSE,10,elitize_generation_data,120,25,0.306,NA
122,56,double-letters,ifs,FALSE,10,elitize_generation_data,121,26,0.347,NA
123,56,double-letters,ifs,FALSE,10,elitize_generation_data,122,26,0.305,NA
124,56,double-letters,ifs,FALSE,10,elitize_generation_data,123,25,0.347,NA
125,56,double-letters,ifs,FALSE,10,elitize_generation_data,124,24,0.36,NA
126,56,double-letters,ifs,FALSE,10,elitize_generation_data,125,28,0.365,NA
127,56,double-letters,ifs,FALSE,10,elitize_generation_data,126,21,0.371,NA
128,56,double-letters,ifs,FALSE,10,elitize_generation_data,127,21,0.395,NA
129,56,double-letters,ifs,FALSE,10,elitize_generation_data,128,29,0.356,NA
130,56,double-letters,ifs,FALSE,10,elitize_generation_data,129,23,0.363,NA
131,56,double-letters,ifs,FALSE,10,elitize_generation_data,130,25,0.327,NA
132,56,double-letters,ifs,FALSE,10,elitize_generation_data,131,21,0.315,NA
133,56,double-letters,ifs,FALSE,10,elitize_generation_data,132,28,0.278,NA
134,56,double-letters,ifs,FALSE,10,elitize_generation_data,133,22,0.291,NA
135,56,double-letters,ifs,FALSE,10,elitize_generation_data,134,20,0.295,NA
136,56,double-letters,ifs,FALSE,10,elitize_generation_data,135,22,0.322,NA
137,56,double-letters,ifs,FALSE,10,elitize_generation_data,136,19,0.298,NA
138,56,double-letters,ifs,FALSE,10,elitize_generation_data,137,19,0.3,NA
139,56,double-letters,ifs,FALSE,10,elitize_generation_data,138,18,0.297,NA
140,56,double-letters,ifs,FALSE,10,elitize_generation_data,139,20,0.307,NA
141,56,double-letters,ifs,FALSE,10,elitize_generation_data,140,19,0.28,NA
142,56,double-letters,ifs,FALSE,10,elitize_generation_data,141,23,0.282,NA
143,56,double-letters,ifs,FALSE,10,elitize_generation_data,142,26,0.327,NA
144,56,double-letters,ifs,FALSE,10,elitize_generation_data,143,21,0.295,NA
145,56,double-letters,ifs,FALSE,10,elitize_generation_data,144,18,0.303,NA
146,56,double-letters,ifs,FALSE,10,elitize_generation_data,145,29,0.315,NA
147,56,double-letters,ifs,FALSE,10,elitize_generation_data,146,27,0.297,NA
148,56,double-letters,ifs,FALSE,10,elitize_generation_data,147,21,0.31,NA
149,56,double-letters,ifs,FALSE,10,elitize_generation_data,148,19,0.286,NA
150,56,double-letters,ifs,FALSE,10,elitize_generation_data,149,21,0.303,NA
151,56,double-letters,ifs,FALSE,10,elitize_generation_data,150,21,0.304,NA
152,56,double-letters,ifs,FALSE,10,elitize_generation_data,151,22,0.3,NA
153,56,double-letters,ifs,FALSE,10,elitize_generation_data,152,27,0.318,NA
154,56,double-letters,ifs,FALSE,10,elitize_generation_data,153,22,0.305,NA
155,56,double-letters,ifs,FALSE,10,elitize_generation_data,154,16,0.283,NA
156,56,double-letters,ifs,FALSE,10,elitize_generation_data,155,20,0.305,NA
157,56,double-letters,ifs,FALSE,10,elitize_generation_data,156,20,0.297,NA
158,56,double-letters,ifs,FALSE,10,elitize_generation_data,157,22,0.292,NA
159,56,double-letters,ifs,FALSE,10,elitize_generation_data,158,17,0.277,NA
160,56,double-letters,ifs,FALSE,10,elitize_generation_data,159,23,0.287,NA
161,56,double-letters,ifs,FALSE,10,elitize_generation_data,160,22,0.316,NA
162,56,double-letters,ifs,FALSE,10,elitize_generation_data,161,23,0.33,NA
163,56,double-letters,ifs,FALSE,10,elitize_generation_data,162,32,0.351,NA
164,56,double-letters,ifs,FALSE,10,elitize_generation_data,163,31,0.359,NA
165,56,double-letters,ifs,FALSE,10,elitize_generation_data,164,40,0.412,NA
166,56,double-letters,ifs,FALSE,10,elitize_generation_data,165,35,0.426,NA
167,56,double-letters,ifs,FALSE,10,elitize_generation_data,166,47,0.437,NA
168,56,double-letters,ifs,FALSE,10,elitize_generation_data,167,43,0.442,NA
169,56,double-letters,ifs,FALSE,10,elitize_generation_data,168,56,0.448,NA
170,56,double-letters,ifs,FALSE,10,elitize_generation_data,169,45,0.467,NA
171,56,double-letters,ifs,FALSE,10,elitize_generation_data,170,39,0.491,NA
172,56,double-letters,ifs,FALSE,10,elitize_generation_data,171,45,0.511,NA
173,56,double-letters,ifs,FALSE,10,elitize_generation_data,172,50,0.556,NA
174,56,double-letters,ifs,FALSE,10,elitize_generation_data,173,42,0.557,NA
175,56,double-letters,ifs,FALSE,10,elitize_generation_data,174,52,0.595,NA
176,56,double-letters,ifs,FALSE,10,elitize_generation_data,175,37,0.605,NA
177,56,double-letters,ifs,FALSE,10,elitize_generation_data,176,39,0.592,NA
178,56,double-letters,ifs,FALSE,10,elitize_generation_data,177,41,0.565,NA
179,56,double-letters,ifs,FALSE,10,elitize_generation_data,178,30,0.543,NA
180,56,double-letters,ifs,FALSE,10,elitize_generation_data,179,37,0.556,NA
181,56,double-letters,ifs,FALSE,10,elitize_generation_data,180,40,0.538,NA
182,56,double-letters,ifs,FALSE,10,elitize_generation_data,181,32,0.539,NA
183,56,double-letters,ifs,FALSE,10,elitize_generation_data,182,36,0.524,NA
184,56,double-letters,ifs,FALSE,10,elitize_generation_data,183,30,0.491,NA
185,56,double-letters,ifs,FALSE,10,elitize_generation_data,184,35,0.472,NA
186,56,double-letters,ifs,FALSE,10,elitize_generation_data,185,24,0.459,NA
187,56,double-letters,ifs,FALSE,10,elitize_generation_data,186,38,0.492,NA
188,56,double-letters,ifs,FALSE,10,elitize_generation_data,187,42,0.453,NA
189,56,double-letters,ifs,FALSE,10,elitize_generation_data,188,37,0.454,NA
190,56,double-letters,ifs,FALSE,10,elitize_generation_data,189,37,0.474,NA
191,56,double-letters,ifs,FALSE,10,elitize_generation_data,190,31,0.483,NA
192,56,double-letters,ifs,FALSE,10,elitize_generation_data,191,34,0.477,NA
193,56,double-letters,ifs,FALSE,10,elitize_generation_data,192,34,0.453,NA
194,56,double-letters,ifs,FALSE,10,elitize_generation_data,193,34,0.45,NA
195,56,double-letters,ifs,FALSE,10,elitize_generation_data,194,32,0.471,NA
196,56,double-letters,ifs,FALSE,10,elitize_generation_data,195,32,0.478,NA
197,56,double-letters,ifs,FALSE,10,elitize_generation_data,196,41,0.469,NA
198,56,double-letters,ifs,FALSE,10,elitize_generation_data,197,42,0.524,NA
199,56,double-letters,ifs,FALSE,10,elitize_generation_data,198,44,0.552,NA
200,56,double-letters,ifs,FALSE,10,elitize_generation_data,199,43,0.555,NA
201,56,double-letters,ifs,FALSE,10,elitize_generation_data,200,50,0.564,NA
202,56,double-letters,ifs,FALSE,10,elitize_generation_data,201,53,0.557,NA
203,56,double-letters,ifs,FALSE,10,elitize_generation_data,202,52,0.549,NA
204,56,double-letters,ifs,FALSE,10,elitize_generation_data,203,56,0.551,NA
205,56,double-letters,ifs,FALSE,10,elitize_generation_data,204,43,0.515,NA
206,56,double-letters,ifs,FALSE,10,elitize_generation_data,205,43,0.521,NA
207,56,double-letters,ifs,FALSE,10,elitize_generation_data,206,45,0.527,NA
208,56,double-letters,ifs,FALSE,10,elitize_generation_data,207,53,0.54,NA
209,56,double-letters,ifs,FALSE,10,elitize_generation_data,208,49,0.552,NA
210,56,double-letters,ifs,FALSE,10,elitize_generation_data,209,51,0.533,NA
211,56,double-letters,ifs,FALSE,10,elitize_generation_data,210,48,0.55,NA
212,56,double-letters,ifs,FALSE,10,elitize_generation_data,211,51,0.511,NA
213,56,double-letters,ifs,FALSE,10,elitize_generation_data,212,53,0.524,NA
214,56,double-letters,ifs,FALSE,10,elitize_generation_data,213,50,0.532,NA
215,56,double-letters,ifs,FALSE,10,elitize_generation_data,214,56,0.545,NA
216,56,double-letters,ifs,FALSE,10,elitize_generation_data,215,65,0.537,NA
217,56,double-letters,ifs,FALSE,10,elitize_generation_data,216,62,0.54,NA
218,56,double-letters,ifs,FALSE,10,elitize_generation_data,217,42,0.548,NA
219,56,double-letters,ifs,FALSE,10,elitize_generation_data,218,49,0.571,NA
220,56,double-letters,ifs,FALSE,10,elitize_generation_data,219,51,0.565,NA
221,56,double-letters,ifs,FALSE,10,elitize_generation_data,220,51,0.56,NA
222,56,double-letters,ifs,FALSE,10,elitize_generation_data,221,47,0.58,NA
223,56,double-letters,ifs,FALSE,10,elitize_generation_data,222,42,0.594,NA
224,56,double-letters,ifs,FALSE,10,elitize_generation_data,223,43,0.602,NA
225,56,double-letters,ifs,FALSE,10,elitize_generation_data,224,57,0.589,NA
226,56,double-letters,ifs,FALSE,10,elitize_generation_data,225,51,0.611,NA
227,56,double-letters,ifs,FALSE,10,elitize_generation_data,226,49,0.592,NA
228,56,double-letters,ifs,FALSE,10,elitize_generation_data,227,45,0.605,NA
229,56,double-letters,ifs,FALSE,10,elitize_generation_data,228,63,0.599,NA
230,56,double-letters,ifs,FALSE,10,elitize_generation_data,229,57,0.588,NA
231,56,double-letters,ifs,FALSE,10,elitize_generation_data,230,53,0.566,NA
232,56,double-letters,ifs,FALSE,10,elitize_generation_data,231,48,0.518,NA
233,56,double-letters,ifs,FALSE,10,elitize_generation_data,232,55,0.521,NA
234,56,double-letters,ifs,FALSE,10,elitize_generation_data,233,43,0.482,NA
235,56,double-letters,ifs,FALSE,10,elitize_generation_data,234,51,0.479,NA
236,56,double-letters,ifs,FALSE,10,elitize_generation_data,235,62,0.52,NA
237,56,double-letters,ifs,FALSE,10,elitize_generation_data,236,53,0.508,NA
238,56,double-letters,ifs,FALSE,10,elitize_generation_data,237,56,0.509,NA
239,56,double-letters,ifs,FALSE,10,elitize_generation_data,238,56,0.521,NA
240,56,double-letters,ifs,FALSE,10,elitize_generation_data,239,47,0.496,NA
241,56,double-letters,ifs,FALSE,10,elitize_generation_data,240,48,0.475,NA
242,56,double-letters,ifs,FALSE,10,elitize_generation_data,241,43,0.481,NA
243,56,double-letters,ifs,FALSE,10,elitize_generation_data,242,47,0.486,NA
244,56,double-letters,ifs,FALSE,10,elitize_generation_data,243,55,0.488,NA
245,56,double-letters,ifs,FALSE,10,elitize_generation_data,244,48,0.493,NA
246,56,double-letters,ifs,FALSE,10,elitize_generation_data,245,52,0.509,NA
247,56,double-letters,ifs,FALSE,10,elitize_generation_data,246,45,0.528,NA
248,56,double-letters,ifs,FALSE,10,elitize_generation_data,247,59,0.533,NA
249,56,double-letters,ifs,FALSE,10,elitize_generation_data,248,48,0.482,NA
250,56,double-letters,ifs,FALSE,10,elitize_generation_data,249,50,0.538,NA
251,56,double-letters,ifs,FALSE,10,elitize_generation_data,250,45,0.494,NA
252,56,double-letters,ifs,FALSE,10,elitize_generation_data,251,50,0.507,NA
253,56,double-letters,ifs,FALSE,10,elitize_generation_data,252,49,0.494,NA
254,56,double-letters,ifs,FALSE,10,elitize_generation_data,253,51,0.512,NA
255,56,double-letters,ifs,FALSE,10,elitize_generation_data,254,48,0.497,NA
256,56,double-letters,ifs,FALSE,10,elitize_generation_data,255,45,0.514,NA
257,56,double-letters,ifs,FALSE,10,elitize_generation_data,256,57,0.517,NA
258,56,double-letters,ifs,FALSE,10,elitize_generation_data,257,47,0.52,NA
259,56,double-letters,ifs,FALSE,10,elitize_generation_data,258,53,0.511,NA
260,56,double-letters,ifs,FALSE,10,elitize_generation_data,259,53,0.52,NA
261,56,double-letters,ifs,FALSE,10,elitize_generation_data,260,51,0.496,NA
262,56,double-letters,ifs,FALSE,10,elitize_generation_data,261,42,0.492,NA
263,56,double-letters,ifs,FALSE,10,elitize_generation_data,262,48,0.506,NA
264,56,double-letters,ifs,FALSE,10,elitize_generation_data,263,43,0.518,NA
265,56,double-letters,ifs,FALSE,10,elitize_generation_data,264,48,0.503,NA
266,56,double-letters,ifs,FALSE,10,elitize_generation_data,265,49,0.532,NA
267,56,double-letters,ifs,FALSE,10,elitize_generation_data,266,48,0.501,NA
268,56,double-letters,ifs,FALSE,10,elitize_generation_data,267,54,0.5,NA
269,56,double-letters,ifs,FALSE,10,elitize_generation_data,268,53,0.493,NA
270,56,double-letters,ifs,FALSE,10,elitize_generation_data,269,49,0.49,NA
271,56,double-letters,ifs,FALSE,10,elitize_generation_data,270,54,0.472,NA
272,56,double-letters,ifs,FALSE,10,elitize_generation_data,271,48,0.503,NA
273,56,double-letters,ifs,FALSE,10,elitize_generation_data,272,48,0.494,NA
274,56,double-letters,ifs,FALSE,10,elitize_generation_data,273,45,0.502,NA
275,56,double-letters,ifs,FALSE,10,elitize_generation_data,274,55,0.481,NA
276,56,double-letters,ifs,FALSE,10,elitize_generation_data,275,51,0.49,NA
277,56,double-letters,ifs,FALSE,10,elitize_generation_data,276,53,0.513,NA
278,56,double-letters,ifs,FALSE,10,elitize_generation_data,277,45,0.489,NA
279,56,double-letters,ifs,FALSE,10,elitize_generation_data,278,44,0.494,NA
280,56,double-letters,ifs,FALSE,10,elitize_generation_data,279,51,0.497,NA
281,56,double-letters,ifs,FALSE,10,elitize_generation_data,280,46,0.517,NA
282,56,double-letters,ifs,FALSE,10,elitize_generation_data,281,53,0.527,NA
283,56,double-letters,ifs,FALSE,10,elitize_generation_data,282,52,0.511,NA
284,56,double-letters,ifs,FALSE,10,elitize_generation_data,283,50,0.507,NA
285,56,double-letters,ifs,FALSE,10,elitize_generation_data,284,46,0.522,NA
286,56,double-letters,ifs,FALSE,10,elitize_generation_data,285,47,0.502,NA
287,56,double-letters,ifs,FALSE,10,elitize_generation_data,286,50,0.504,NA
288,56,double-letters,ifs,FALSE,10,elitize_generation_data,287,45,0.507,NA
289,56,double-letters,ifs,FALSE,10,elitize_generation_data,288,44,0.481,NA
290,56,double-letters,ifs,FALSE,10,elitize_generation_data,289,55,0.493,NA
291,56,double-letters,ifs,FALSE,10,elitize_generation_data,290,61,0.486,NA
292,56,double-letters,ifs,FALSE,10,elitize_generation_data,291,56,0.502,NA
293,56,double-letters,ifs,FALSE,10,elitize_generation_data,292,49,0.504,NA
294,56,double-letters,ifs,FALSE,10,elitize_generation_data,293,57,0.499,NA
295,56,double-letters,ifs,FALSE,10,elitize_generation_data,294,57,0.517,NA
296,56,double-letters,ifs,FALSE,10,elitize_generation_data,295,49,0.488,NA
297,56,double-letters,ifs,FALSE,10,elitize_generation_data,296,54,0.517,NA
298,56,double-letters,ifs,FALSE,10,elitize_generation_data,297,59,0.484,NA
299,56,double-letters,ifs,FALSE,10,elitize_generation_data,298,58,0.512,NA
300,56,double-letters,ifs,FALSE,10,elitize_generation_data,299,48,0.497,NA
301,56,double-letters,ifs,FALSE,10,elitize_generation_data,300,57,0.497,NA
