,run.num,problem,treatment,succeeded,height,normalization.function,generation,cluster.count,error.diversity,success.generation
1,6,double-letters,ifs,FALSE,10,elitize_generation_data,0,7,0.376,NA
2,6,double-letters,ifs,FALSE,10,elitize_generation_data,1,8,0.124,NA
3,6,double-letters,ifs,FALSE,10,elitize_generation_data,2,12,0.155,NA
4,6,double-letters,ifs,FALSE,10,elitize_generation_data,3,7,0.118,NA
5,6,double-letters,ifs,FALSE,10,elitize_generation_data,4,5,0.041,NA
6,6,double-letters,ifs,FALSE,10,elitize_generation_data,5,6,0.026,NA
7,6,double-letters,ifs,FALSE,10,elitize_generation_data,6,6,0.033,NA
8,6,double-letters,ifs,FALSE,10,elitize_generation_data,7,7,0.026,NA
9,6,double-letters,ifs,FALSE,10,elitize_generation_data,8,9,0.03,NA
10,6,double-letters,ifs,FALSE,10,elitize_generation_data,9,8,0.024,NA
11,6,double-letters,ifs,FALSE,10,elitize_generation_data,10,7,0.029,NA
12,6,double-letters,ifs,FALSE,10,elitize_generation_data,11,7,0.025,NA
13,6,double-letters,ifs,FALSE,10,elitize_generation_data,12,6,0.033,NA
14,6,double-letters,ifs,FALSE,10,elitize_generation_data,13,9,0.037,NA
15,6,double-letters,ifs,FALSE,10,elitize_generation_data,14,10,0.054,NA
16,6,double-letters,ifs,FALSE,10,elitize_generation_data,15,9,0.065,NA
17,6,double-letters,ifs,FALSE,10,elitize_generation_data,16,6,0.051,NA
18,6,double-letters,ifs,FALSE,10,elitize_generation_data,17,5,0.044,NA
19,6,double-letters,ifs,FALSE,10,elitize_generation_data,18,7,0.051,NA
20,6,double-letters,ifs,FALSE,10,elitize_generation_data,19,6,0.048,NA
21,6,double-letters,ifs,FALSE,10,elitize_generation_data,20,7,0.059,NA
22,6,double-letters,ifs,FALSE,10,elitize_generation_data,21,8,0.047,NA
23,6,double-letters,ifs,FALSE,10,elitize_generation_data,22,6,0.065,NA
24,6,double-letters,ifs,FALSE,10,elitize_generation_data,23,7,0.091,NA
25,6,double-letters,ifs,FALSE,10,elitize_generation_data,24,8,0.113,NA
26,6,double-letters,ifs,FALSE,10,elitize_generation_data,25,9,0.126,NA
27,6,double-letters,ifs,FALSE,10,elitize_generation_data,26,9,0.139,NA
28,6,double-letters,ifs,FALSE,10,elitize_generation_data,27,12,0.125,NA
29,6,double-letters,ifs,FALSE,10,elitize_generation_data,28,9,0.104,NA
30,6,double-letters,ifs,FALSE,10,elitize_generation_data,29,9,0.127,NA
31,6,double-letters,ifs,FALSE,10,elitize_generation_data,30,9,0.111,NA
32,6,double-letters,ifs,FALSE,10,elitize_generation_data,31,10,0.102,NA
33,6,double-letters,ifs,FALSE,10,elitize_generation_data,32,9,0.086,NA
34,6,double-letters,ifs,FALSE,10,elitize_generation_data,33,9,0.099,NA
35,6,double-letters,ifs,FALSE,10,elitize_generation_data,34,9,0.118,NA
36,6,double-letters,ifs,FALSE,10,elitize_generation_data,35,8,0.121,NA
37,6,double-letters,ifs,FALSE,10,elitize_generation_data,36,12,0.12,NA
38,6,double-letters,ifs,FALSE,10,elitize_generation_data,37,10,0.075,NA
39,6,double-letters,ifs,FALSE,10,elitize_generation_data,38,10,0.109,NA
40,6,double-letters,ifs,FALSE,10,elitize_generation_data,39,11,0.122,NA
41,6,double-letters,ifs,FALSE,10,elitize_generation_data,40,12,0.129,NA
42,6,double-letters,ifs,FALSE,10,elitize_generation_data,41,16,0.122,NA
43,6,double-letters,ifs,FALSE,10,elitize_generation_data,42,14,0.132,NA
44,6,double-letters,ifs,FALSE,10,elitize_generation_data,43,16,0.138,NA
45,6,double-letters,ifs,FALSE,10,elitize_generation_data,44,15,0.116,NA
46,6,double-letters,ifs,FALSE,10,elitize_generation_data,45,13,0.126,NA
47,6,double-letters,ifs,FALSE,10,elitize_generation_data,46,15,0.112,NA
48,6,double-letters,ifs,FALSE,10,elitize_generation_data,47,14,0.11,NA
49,6,double-letters,ifs,FALSE,10,elitize_generation_data,48,16,0.111,NA
50,6,double-letters,ifs,FALSE,10,elitize_generation_data,49,12,0.067,NA
51,6,double-letters,ifs,FALSE,10,elitize_generation_data,50,9,0.086,NA
52,6,double-letters,ifs,FALSE,10,elitize_generation_data,51,16,0.091,NA
53,6,double-letters,ifs,FALSE,10,elitize_generation_data,52,11,0.095,NA
54,6,double-letters,ifs,FALSE,10,elitize_generation_data,53,11,0.088,NA
55,6,double-letters,ifs,FALSE,10,elitize_generation_data,54,13,0.093,NA
56,6,double-letters,ifs,FALSE,10,elitize_generation_data,55,12,0.094,NA
57,6,double-letters,ifs,FALSE,10,elitize_generation_data,56,12,0.086,NA
58,6,double-letters,ifs,FALSE,10,elitize_generation_data,57,15,0.084,NA
59,6,double-letters,ifs,FALSE,10,elitize_generation_data,58,12,0.086,NA
60,6,double-letters,ifs,FALSE,10,elitize_generation_data,59,12,0.096,NA
61,6,double-letters,ifs,FALSE,10,elitize_generation_data,60,12,0.094,NA
62,6,double-letters,ifs,FALSE,10,elitize_generation_data,61,13,0.093,NA
63,6,double-letters,ifs,FALSE,10,elitize_generation_data,62,13,0.099,NA
64,6,double-letters,ifs,FALSE,10,elitize_generation_data,63,14,0.086,NA
65,6,double-letters,ifs,FALSE,10,elitize_generation_data,64,11,0.1,NA
66,6,double-letters,ifs,FALSE,10,elitize_generation_data,65,12,0.093,NA
67,6,double-letters,ifs,FALSE,10,elitize_generation_data,66,11,0.095,NA
68,6,double-letters,ifs,FALSE,10,elitize_generation_data,67,14,0.086,NA
69,6,double-letters,ifs,FALSE,10,elitize_generation_data,68,13,0.091,NA
70,6,double-letters,ifs,FALSE,10,elitize_generation_data,69,12,0.096,NA
71,6,double-letters,ifs,FALSE,10,elitize_generation_data,70,13,0.086,NA
72,6,double-letters,ifs,FALSE,10,elitize_generation_data,71,13,0.096,NA
73,6,double-letters,ifs,FALSE,10,elitize_generation_data,72,14,0.092,NA
74,6,double-letters,ifs,FALSE,10,elitize_generation_data,73,13,0.089,NA
75,6,double-letters,ifs,FALSE,10,elitize_generation_data,74,12,0.082,NA
76,6,double-letters,ifs,FALSE,10,elitize_generation_data,75,9,0.092,NA
77,6,double-letters,ifs,FALSE,10,elitize_generation_data,76,15,0.087,NA
78,6,double-letters,ifs,FALSE,10,elitize_generation_data,77,13,0.097,NA
79,6,double-letters,ifs,FALSE,10,elitize_generation_data,78,13,0.1,NA
80,6,double-letters,ifs,FALSE,10,elitize_generation_data,79,12,0.086,NA
81,6,double-letters,ifs,FALSE,10,elitize_generation_data,80,14,0.085,NA
82,6,double-letters,ifs,FALSE,10,elitize_generation_data,81,11,0.084,NA
83,6,double-letters,ifs,FALSE,10,elitize_generation_data,82,14,0.085,NA
84,6,double-letters,ifs,FALSE,10,elitize_generation_data,83,11,0.079,NA
85,6,double-letters,ifs,FALSE,10,elitize_generation_data,84,12,0.089,NA
86,6,double-letters,ifs,FALSE,10,elitize_generation_data,85,13,0.079,NA
87,6,double-letters,ifs,FALSE,10,elitize_generation_data,86,10,0.083,NA
88,6,double-letters,ifs,FALSE,10,elitize_generation_data,87,13,0.084,NA
89,6,double-letters,ifs,FALSE,10,elitize_generation_data,88,14,0.091,NA
90,6,double-letters,ifs,FALSE,10,elitize_generation_data,89,10,0.093,NA
91,6,double-letters,ifs,FALSE,10,elitize_generation_data,90,13,0.09,NA
92,6,double-letters,ifs,FALSE,10,elitize_generation_data,91,15,0.1,NA
93,6,double-letters,ifs,FALSE,10,elitize_generation_data,92,11,0.087,NA
94,6,double-letters,ifs,FALSE,10,elitize_generation_data,93,13,0.085,NA
95,6,double-letters,ifs,FALSE,10,elitize_generation_data,94,15,0.094,NA
96,6,double-letters,ifs,FALSE,10,elitize_generation_data,95,11,0.084,NA
97,6,double-letters,ifs,FALSE,10,elitize_generation_data,96,9,0.081,NA
98,6,double-letters,ifs,FALSE,10,elitize_generation_data,97,11,0.081,NA
99,6,double-letters,ifs,FALSE,10,elitize_generation_data,98,12,0.083,NA
100,6,double-letters,ifs,FALSE,10,elitize_generation_data,99,13,0.089,NA
101,6,double-letters,ifs,FALSE,10,elitize_generation_data,100,11,0.096,NA
102,6,double-letters,ifs,FALSE,10,elitize_generation_data,101,15,0.094,NA
103,6,double-letters,ifs,FALSE,10,elitize_generation_data,102,12,0.089,NA
104,6,double-letters,ifs,FALSE,10,elitize_generation_data,103,12,0.106,NA
105,6,double-letters,ifs,FALSE,10,elitize_generation_data,104,13,0.104,NA
106,6,double-letters,ifs,FALSE,10,elitize_generation_data,105,14,0.088,NA
107,6,double-letters,ifs,FALSE,10,elitize_generation_data,106,13,0.094,NA
108,6,double-letters,ifs,FALSE,10,elitize_generation_data,107,15,0.103,NA
109,6,double-letters,ifs,FALSE,10,elitize_generation_data,108,11,0.083,NA
110,6,double-letters,ifs,FALSE,10,elitize_generation_data,109,12,0.096,NA
111,6,double-letters,ifs,FALSE,10,elitize_generation_data,110,13,0.094,NA
112,6,double-letters,ifs,FALSE,10,elitize_generation_data,111,15,0.107,NA
113,6,double-letters,ifs,FALSE,10,elitize_generation_data,112,16,0.09,NA
114,6,double-letters,ifs,FALSE,10,elitize_generation_data,113,14,0.096,NA
115,6,double-letters,ifs,FALSE,10,elitize_generation_data,114,13,0.095,NA
116,6,double-letters,ifs,FALSE,10,elitize_generation_data,115,15,0.094,NA
117,6,double-letters,ifs,FALSE,10,elitize_generation_data,116,15,0.087,NA
118,6,double-letters,ifs,FALSE,10,elitize_generation_data,117,14,0.094,NA
119,6,double-letters,ifs,FALSE,10,elitize_generation_data,118,13,0.099,NA
120,6,double-letters,ifs,FALSE,10,elitize_generation_data,119,12,0.085,NA
121,6,double-letters,ifs,FALSE,10,elitize_generation_data,120,14,0.088,NA
122,6,double-letters,ifs,FALSE,10,elitize_generation_data,121,14,0.106,NA
123,6,double-letters,ifs,FALSE,10,elitize_generation_data,122,13,0.099,NA
124,6,double-letters,ifs,FALSE,10,elitize_generation_data,123,17,0.102,NA
125,6,double-letters,ifs,FALSE,10,elitize_generation_data,124,15,0.088,NA
126,6,double-letters,ifs,FALSE,10,elitize_generation_data,125,12,0.099,NA
127,6,double-letters,ifs,FALSE,10,elitize_generation_data,126,13,0.097,NA
128,6,double-letters,ifs,FALSE,10,elitize_generation_data,127,15,0.099,NA
129,6,double-letters,ifs,FALSE,10,elitize_generation_data,128,15,0.102,NA
130,6,double-letters,ifs,FALSE,10,elitize_generation_data,129,14,0.093,NA
131,6,double-letters,ifs,FALSE,10,elitize_generation_data,130,12,0.105,NA
132,6,double-letters,ifs,FALSE,10,elitize_generation_data,131,12,0.099,NA
133,6,double-letters,ifs,FALSE,10,elitize_generation_data,132,13,0.104,NA
134,6,double-letters,ifs,FALSE,10,elitize_generation_data,133,15,0.122,NA
135,6,double-letters,ifs,FALSE,10,elitize_generation_data,134,13,0.099,NA
136,6,double-letters,ifs,FALSE,10,elitize_generation_data,135,12,0.098,NA
137,6,double-letters,ifs,FALSE,10,elitize_generation_data,136,16,0.098,NA
138,6,double-letters,ifs,FALSE,10,elitize_generation_data,137,16,0.104,NA
139,6,double-letters,ifs,FALSE,10,elitize_generation_data,138,15,0.098,NA
140,6,double-letters,ifs,FALSE,10,elitize_generation_data,139,13,0.094,NA
141,6,double-letters,ifs,FALSE,10,elitize_generation_data,140,11,0.106,NA
142,6,double-letters,ifs,FALSE,10,elitize_generation_data,141,13,0.096,NA
143,6,double-letters,ifs,FALSE,10,elitize_generation_data,142,15,0.107,NA
144,6,double-letters,ifs,FALSE,10,elitize_generation_data,143,15,0.099,NA
145,6,double-letters,ifs,FALSE,10,elitize_generation_data,144,16,0.104,NA
146,6,double-letters,ifs,FALSE,10,elitize_generation_data,145,14,0.098,NA
147,6,double-letters,ifs,FALSE,10,elitize_generation_data,146,14,0.104,NA
148,6,double-letters,ifs,FALSE,10,elitize_generation_data,147,15,0.105,NA
149,6,double-letters,ifs,FALSE,10,elitize_generation_data,148,17,0.109,NA
150,6,double-letters,ifs,FALSE,10,elitize_generation_data,149,15,0.107,NA
151,6,double-letters,ifs,FALSE,10,elitize_generation_data,150,10,0.091,NA
152,6,double-letters,ifs,FALSE,10,elitize_generation_data,151,16,0.093,NA
153,6,double-letters,ifs,FALSE,10,elitize_generation_data,152,15,0.103,NA
154,6,double-letters,ifs,FALSE,10,elitize_generation_data,153,14,0.102,NA
155,6,double-letters,ifs,FALSE,10,elitize_generation_data,154,14,0.104,NA
156,6,double-letters,ifs,FALSE,10,elitize_generation_data,155,14,0.098,NA
157,6,double-letters,ifs,FALSE,10,elitize_generation_data,156,16,0.126,NA
158,6,double-letters,ifs,FALSE,10,elitize_generation_data,157,18,0.109,NA
159,6,double-letters,ifs,FALSE,10,elitize_generation_data,158,15,0.12,NA
160,6,double-letters,ifs,FALSE,10,elitize_generation_data,159,16,0.111,NA
161,6,double-letters,ifs,FALSE,10,elitize_generation_data,160,15,0.117,NA
162,6,double-letters,ifs,FALSE,10,elitize_generation_data,161,13,0.114,NA
163,6,double-letters,ifs,FALSE,10,elitize_generation_data,162,11,0.102,NA
164,6,double-letters,ifs,FALSE,10,elitize_generation_data,163,15,0.109,NA
165,6,double-letters,ifs,FALSE,10,elitize_generation_data,164,16,0.113,NA
166,6,double-letters,ifs,FALSE,10,elitize_generation_data,165,17,0.104,NA
167,6,double-letters,ifs,FALSE,10,elitize_generation_data,166,14,0.1,NA
168,6,double-letters,ifs,FALSE,10,elitize_generation_data,167,16,0.113,NA
169,6,double-letters,ifs,FALSE,10,elitize_generation_data,168,15,0.118,NA
170,6,double-letters,ifs,FALSE,10,elitize_generation_data,169,14,0.114,NA
171,6,double-letters,ifs,FALSE,10,elitize_generation_data,170,13,0.124,NA
172,6,double-letters,ifs,FALSE,10,elitize_generation_data,171,16,0.112,NA
173,6,double-letters,ifs,FALSE,10,elitize_generation_data,172,17,0.113,NA
174,6,double-letters,ifs,FALSE,10,elitize_generation_data,173,16,0.104,NA
175,6,double-letters,ifs,FALSE,10,elitize_generation_data,174,16,0.105,NA
176,6,double-letters,ifs,FALSE,10,elitize_generation_data,175,15,0.113,NA
177,6,double-letters,ifs,FALSE,10,elitize_generation_data,176,14,0.103,NA
178,6,double-letters,ifs,FALSE,10,elitize_generation_data,177,18,0.112,NA
179,6,double-letters,ifs,FALSE,10,elitize_generation_data,178,16,0.104,NA
180,6,double-letters,ifs,FALSE,10,elitize_generation_data,179,17,0.106,NA
181,6,double-letters,ifs,FALSE,10,elitize_generation_data,180,15,0.115,NA
182,6,double-letters,ifs,FALSE,10,elitize_generation_data,181,16,0.12,NA
183,6,double-letters,ifs,FALSE,10,elitize_generation_data,182,17,0.105,NA
184,6,double-letters,ifs,FALSE,10,elitize_generation_data,183,15,0.107,NA
185,6,double-letters,ifs,FALSE,10,elitize_generation_data,184,16,0.12,NA
186,6,double-letters,ifs,FALSE,10,elitize_generation_data,185,14,0.104,NA
187,6,double-letters,ifs,FALSE,10,elitize_generation_data,186,15,0.118,NA
188,6,double-letters,ifs,FALSE,10,elitize_generation_data,187,19,0.112,NA
189,6,double-letters,ifs,FALSE,10,elitize_generation_data,188,15,0.12,NA
190,6,double-letters,ifs,FALSE,10,elitize_generation_data,189,13,0.117,NA
191,6,double-letters,ifs,FALSE,10,elitize_generation_data,190,16,0.129,NA
192,6,double-letters,ifs,FALSE,10,elitize_generation_data,191,18,0.109,NA
193,6,double-letters,ifs,FALSE,10,elitize_generation_data,192,17,0.12,NA
194,6,double-letters,ifs,FALSE,10,elitize_generation_data,193,14,0.125,NA
195,6,double-letters,ifs,FALSE,10,elitize_generation_data,194,14,0.103,NA
196,6,double-letters,ifs,FALSE,10,elitize_generation_data,195,13,0.105,NA
197,6,double-letters,ifs,FALSE,10,elitize_generation_data,196,17,0.101,NA
198,6,double-letters,ifs,FALSE,10,elitize_generation_data,197,16,0.111,NA
199,6,double-letters,ifs,FALSE,10,elitize_generation_data,198,14,0.114,NA
200,6,double-letters,ifs,FALSE,10,elitize_generation_data,199,14,0.098,NA
201,6,double-letters,ifs,FALSE,10,elitize_generation_data,200,16,0.113,NA
202,6,double-letters,ifs,FALSE,10,elitize_generation_data,201,12,0.115,NA
203,6,double-letters,ifs,FALSE,10,elitize_generation_data,202,18,0.106,NA
204,6,double-letters,ifs,FALSE,10,elitize_generation_data,203,13,0.119,NA
205,6,double-letters,ifs,FALSE,10,elitize_generation_data,204,16,0.117,NA
206,6,double-letters,ifs,FALSE,10,elitize_generation_data,205,14,0.118,NA
207,6,double-letters,ifs,FALSE,10,elitize_generation_data,206,14,0.11,NA
208,6,double-letters,ifs,FALSE,10,elitize_generation_data,207,14,0.106,NA
209,6,double-letters,ifs,FALSE,10,elitize_generation_data,208,14,0.098,NA
210,6,double-letters,ifs,FALSE,10,elitize_generation_data,209,16,0.098,NA
211,6,double-letters,ifs,FALSE,10,elitize_generation_data,210,17,0.116,NA
212,6,double-letters,ifs,FALSE,10,elitize_generation_data,211,15,0.122,NA
213,6,double-letters,ifs,FALSE,10,elitize_generation_data,212,11,0.115,NA
214,6,double-letters,ifs,FALSE,10,elitize_generation_data,213,17,0.101,NA
215,6,double-letters,ifs,FALSE,10,elitize_generation_data,214,16,0.116,NA
216,6,double-letters,ifs,FALSE,10,elitize_generation_data,215,14,0.102,NA
217,6,double-letters,ifs,FALSE,10,elitize_generation_data,216,14,0.102,NA
218,6,double-letters,ifs,FALSE,10,elitize_generation_data,217,15,0.112,NA
219,6,double-letters,ifs,FALSE,10,elitize_generation_data,218,16,0.119,NA
220,6,double-letters,ifs,FALSE,10,elitize_generation_data,219,17,0.113,NA
221,6,double-letters,ifs,FALSE,10,elitize_generation_data,220,15,0.117,NA
222,6,double-letters,ifs,FALSE,10,elitize_generation_data,221,16,0.09,NA
223,6,double-letters,ifs,FALSE,10,elitize_generation_data,222,15,0.123,NA
224,6,double-letters,ifs,FALSE,10,elitize_generation_data,223,15,0.114,NA
225,6,double-letters,ifs,FALSE,10,elitize_generation_data,224,15,0.142,NA
226,6,double-letters,ifs,FALSE,10,elitize_generation_data,225,18,0.17,NA
227,6,double-letters,ifs,FALSE,10,elitize_generation_data,226,17,0.167,NA
228,6,double-letters,ifs,FALSE,10,elitize_generation_data,227,18,0.186,NA
229,6,double-letters,ifs,FALSE,10,elitize_generation_data,228,17,0.198,NA
230,6,double-letters,ifs,FALSE,10,elitize_generation_data,229,17,0.197,NA
231,6,double-letters,ifs,FALSE,10,elitize_generation_data,230,15,0.189,NA
232,6,double-letters,ifs,FALSE,10,elitize_generation_data,231,18,0.199,NA
233,6,double-letters,ifs,FALSE,10,elitize_generation_data,232,19,0.178,NA
234,6,double-letters,ifs,FALSE,10,elitize_generation_data,233,20,0.189,NA
235,6,double-letters,ifs,FALSE,10,elitize_generation_data,234,18,0.171,NA
236,6,double-letters,ifs,FALSE,10,elitize_generation_data,235,18,0.192,NA
237,6,double-letters,ifs,FALSE,10,elitize_generation_data,236,16,0.156,NA
238,6,double-letters,ifs,FALSE,10,elitize_generation_data,237,15,0.17,NA
239,6,double-letters,ifs,FALSE,10,elitize_generation_data,238,20,0.186,NA
240,6,double-letters,ifs,FALSE,10,elitize_generation_data,239,15,0.177,NA
241,6,double-letters,ifs,FALSE,10,elitize_generation_data,240,17,0.186,NA
242,6,double-letters,ifs,FALSE,10,elitize_generation_data,241,20,0.203,NA
243,6,double-letters,ifs,FALSE,10,elitize_generation_data,242,19,0.206,NA
244,6,double-letters,ifs,FALSE,10,elitize_generation_data,243,20,0.2,NA
245,6,double-letters,ifs,FALSE,10,elitize_generation_data,244,22,0.198,NA
246,6,double-letters,ifs,FALSE,10,elitize_generation_data,245,18,0.202,NA
247,6,double-letters,ifs,FALSE,10,elitize_generation_data,246,20,0.207,NA
248,6,double-letters,ifs,FALSE,10,elitize_generation_data,247,18,0.208,NA
249,6,double-letters,ifs,FALSE,10,elitize_generation_data,248,17,0.201,NA
250,6,double-letters,ifs,FALSE,10,elitize_generation_data,249,18,0.188,NA
251,6,double-letters,ifs,FALSE,10,elitize_generation_data,250,15,0.158,NA
252,6,double-letters,ifs,FALSE,10,elitize_generation_data,251,20,0.206,NA
253,6,double-letters,ifs,FALSE,10,elitize_generation_data,252,17,0.186,NA
254,6,double-letters,ifs,FALSE,10,elitize_generation_data,253,19,0.198,NA
255,6,double-letters,ifs,FALSE,10,elitize_generation_data,254,19,0.196,NA
256,6,double-letters,ifs,FALSE,10,elitize_generation_data,255,19,0.196,NA
257,6,double-letters,ifs,FALSE,10,elitize_generation_data,256,17,0.205,NA
258,6,double-letters,ifs,FALSE,10,elitize_generation_data,257,18,0.228,NA
259,6,double-letters,ifs,FALSE,10,elitize_generation_data,258,18,0.213,NA
260,6,double-letters,ifs,FALSE,10,elitize_generation_data,259,17,0.199,NA
261,6,double-letters,ifs,FALSE,10,elitize_generation_data,260,16,0.228,NA
262,6,double-letters,ifs,FALSE,10,elitize_generation_data,261,17,0.194,NA
263,6,double-letters,ifs,FALSE,10,elitize_generation_data,262,18,0.189,NA
264,6,double-letters,ifs,FALSE,10,elitize_generation_data,263,25,0.193,NA
265,6,double-letters,ifs,FALSE,10,elitize_generation_data,264,23,0.205,NA
266,6,double-letters,ifs,FALSE,10,elitize_generation_data,265,18,0.191,NA
267,6,double-letters,ifs,FALSE,10,elitize_generation_data,266,20,0.197,NA
268,6,double-letters,ifs,FALSE,10,elitize_generation_data,267,16,0.171,NA
269,6,double-letters,ifs,FALSE,10,elitize_generation_data,268,17,0.207,NA
270,6,double-letters,ifs,FALSE,10,elitize_generation_data,269,19,0.212,NA
271,6,double-letters,ifs,FALSE,10,elitize_generation_data,270,19,0.202,NA
272,6,double-letters,ifs,FALSE,10,elitize_generation_data,271,19,0.182,NA
273,6,double-letters,ifs,FALSE,10,elitize_generation_data,272,18,0.211,NA
274,6,double-letters,ifs,FALSE,10,elitize_generation_data,273,23,0.196,NA
275,6,double-letters,ifs,FALSE,10,elitize_generation_data,274,21,0.211,NA
276,6,double-letters,ifs,FALSE,10,elitize_generation_data,275,19,0.227,NA
277,6,double-letters,ifs,FALSE,10,elitize_generation_data,276,18,0.209,NA
278,6,double-letters,ifs,FALSE,10,elitize_generation_data,277,20,0.188,NA
279,6,double-letters,ifs,FALSE,10,elitize_generation_data,278,18,0.209,NA
280,6,double-letters,ifs,FALSE,10,elitize_generation_data,279,19,0.199,NA
281,6,double-letters,ifs,FALSE,10,elitize_generation_data,280,17,0.187,NA
282,6,double-letters,ifs,FALSE,10,elitize_generation_data,281,22,0.185,NA
283,6,double-letters,ifs,FALSE,10,elitize_generation_data,282,23,0.201,NA
284,6,double-letters,ifs,FALSE,10,elitize_generation_data,283,21,0.194,NA
285,6,double-letters,ifs,FALSE,10,elitize_generation_data,284,22,0.198,NA
286,6,double-letters,ifs,FALSE,10,elitize_generation_data,285,21,0.199,NA
287,6,double-letters,ifs,FALSE,10,elitize_generation_data,286,23,0.196,NA
288,6,double-letters,ifs,FALSE,10,elitize_generation_data,287,17,0.19,NA
289,6,double-letters,ifs,FALSE,10,elitize_generation_data,288,23,0.196,NA
290,6,double-letters,ifs,FALSE,10,elitize_generation_data,289,15,0.199,NA
291,6,double-letters,ifs,FALSE,10,elitize_generation_data,290,21,0.19,NA
292,6,double-letters,ifs,FALSE,10,elitize_generation_data,291,21,0.214,NA
293,6,double-letters,ifs,FALSE,10,elitize_generation_data,292,20,0.195,NA
294,6,double-letters,ifs,FALSE,10,elitize_generation_data,293,22,0.199,NA
295,6,double-letters,ifs,FALSE,10,elitize_generation_data,294,22,0.191,NA
296,6,double-letters,ifs,FALSE,10,elitize_generation_data,295,20,0.213,NA
297,6,double-letters,ifs,FALSE,10,elitize_generation_data,296,20,0.2,NA
298,6,double-letters,ifs,FALSE,10,elitize_generation_data,297,23,0.191,NA
299,6,double-letters,ifs,FALSE,10,elitize_generation_data,298,17,0.188,NA
300,6,double-letters,ifs,FALSE,10,elitize_generation_data,299,22,0.186,NA
301,6,double-letters,ifs,FALSE,10,elitize_generation_data,300,19,0.215,NA
