,run.num,problem,treatment,succeeded,height,normalization.function,generation,cluster.count,error.diversity,success.generation
1,50,double-letters,ifs,FALSE,10,elitize_generation_data,0,7,0.361,NA
2,50,double-letters,ifs,FALSE,10,elitize_generation_data,1,10,0.162,NA
3,50,double-letters,ifs,FALSE,10,elitize_generation_data,2,16,0.236,NA
4,50,double-letters,ifs,FALSE,10,elitize_generation_data,3,16,0.203,NA
5,50,double-letters,ifs,FALSE,10,elitize_generation_data,4,9,0.091,NA
6,50,double-letters,ifs,FALSE,10,elitize_generation_data,5,7,0.067,NA
7,50,double-letters,ifs,FALSE,10,elitize_generation_data,6,7,0.069,NA
8,50,double-letters,ifs,FALSE,10,elitize_generation_data,7,6,0.058,NA
9,50,double-letters,ifs,FALSE,10,elitize_generation_data,8,7,0.052,NA
10,50,double-letters,ifs,FALSE,10,elitize_generation_data,9,6,0.054,NA
11,50,double-letters,ifs,FALSE,10,elitize_generation_data,10,8,0.056,NA
12,50,double-letters,ifs,FALSE,10,elitize_generation_data,11,8,0.055,NA
13,50,double-letters,ifs,FALSE,10,elitize_generation_data,12,6,0.046,NA
14,50,double-letters,ifs,FALSE,10,elitize_generation_data,13,7,0.05,NA
15,50,double-letters,ifs,FALSE,10,elitize_generation_data,14,7,0.055,NA
16,50,double-letters,ifs,FALSE,10,elitize_generation_data,15,7,0.041,NA
17,50,double-letters,ifs,FALSE,10,elitize_generation_data,16,8,0.043,NA
18,50,double-letters,ifs,FALSE,10,elitize_generation_data,17,5,0.033,NA
19,50,double-letters,ifs,FALSE,10,elitize_generation_data,18,6,0.038,NA
20,50,double-letters,ifs,FALSE,10,elitize_generation_data,19,5,0.033,NA
21,50,double-letters,ifs,FALSE,10,elitize_generation_data,20,5,0.038,NA
22,50,double-letters,ifs,FALSE,10,elitize_generation_data,21,7,0.05,NA
23,50,double-letters,ifs,FALSE,10,elitize_generation_data,22,12,0.051,NA
24,50,double-letters,ifs,FALSE,10,elitize_generation_data,23,9,0.071,NA
25,50,double-letters,ifs,FALSE,10,elitize_generation_data,24,12,0.067,NA
26,50,double-letters,ifs,FALSE,10,elitize_generation_data,25,11,0.063,NA
27,50,double-letters,ifs,FALSE,10,elitize_generation_data,26,13,0.075,NA
28,50,double-letters,ifs,FALSE,10,elitize_generation_data,27,16,0.083,NA
29,50,double-letters,ifs,FALSE,10,elitize_generation_data,28,16,0.09,NA
30,50,double-letters,ifs,FALSE,10,elitize_generation_data,29,15,0.085,NA
31,50,double-letters,ifs,FALSE,10,elitize_generation_data,30,18,0.081,NA
32,50,double-letters,ifs,FALSE,10,elitize_generation_data,31,17,0.103,NA
33,50,double-letters,ifs,FALSE,10,elitize_generation_data,32,17,0.128,NA
34,50,double-letters,ifs,FALSE,10,elitize_generation_data,33,18,0.136,NA
35,50,double-letters,ifs,FALSE,10,elitize_generation_data,34,19,0.146,NA
36,50,double-letters,ifs,FALSE,10,elitize_generation_data,35,19,0.153,NA
37,50,double-letters,ifs,FALSE,10,elitize_generation_data,36,17,0.143,NA
38,50,double-letters,ifs,FALSE,10,elitize_generation_data,37,19,0.159,NA
39,50,double-letters,ifs,FALSE,10,elitize_generation_data,38,16,0.168,NA
40,50,double-letters,ifs,FALSE,10,elitize_generation_data,39,19,0.152,NA
41,50,double-letters,ifs,FALSE,10,elitize_generation_data,40,17,0.132,NA
42,50,double-letters,ifs,FALSE,10,elitize_generation_data,41,18,0.135,NA
43,50,double-letters,ifs,FALSE,10,elitize_generation_data,42,15,0.157,NA
44,50,double-letters,ifs,FALSE,10,elitize_generation_data,43,20,0.152,NA
45,50,double-letters,ifs,FALSE,10,elitize_generation_data,44,15,0.149,NA
46,50,double-letters,ifs,FALSE,10,elitize_generation_data,45,14,0.141,NA
47,50,double-letters,ifs,FALSE,10,elitize_generation_data,46,14,0.137,NA
48,50,double-letters,ifs,FALSE,10,elitize_generation_data,47,19,0.16,NA
49,50,double-letters,ifs,FALSE,10,elitize_generation_data,48,21,0.161,NA
50,50,double-letters,ifs,FALSE,10,elitize_generation_data,49,18,0.153,NA
51,50,double-letters,ifs,FALSE,10,elitize_generation_data,50,19,0.15,NA
52,50,double-letters,ifs,FALSE,10,elitize_generation_data,51,16,0.172,NA
53,50,double-letters,ifs,FALSE,10,elitize_generation_data,52,12,0.163,NA
54,50,double-letters,ifs,FALSE,10,elitize_generation_data,53,14,0.174,NA
55,50,double-letters,ifs,FALSE,10,elitize_generation_data,54,18,0.163,NA
56,50,double-letters,ifs,FALSE,10,elitize_generation_data,55,15,0.142,NA
57,50,double-letters,ifs,FALSE,10,elitize_generation_data,56,15,0.139,NA
58,50,double-letters,ifs,FALSE,10,elitize_generation_data,57,15,0.129,NA
59,50,double-letters,ifs,FALSE,10,elitize_generation_data,58,14,0.154,NA
60,50,double-letters,ifs,FALSE,10,elitize_generation_data,59,14,0.155,NA
61,50,double-letters,ifs,FALSE,10,elitize_generation_data,60,14,0.142,NA
62,50,double-letters,ifs,FALSE,10,elitize_generation_data,61,13,0.135,NA
63,50,double-letters,ifs,FALSE,10,elitize_generation_data,62,16,0.153,NA
64,50,double-letters,ifs,FALSE,10,elitize_generation_data,63,17,0.15,NA
65,50,double-letters,ifs,FALSE,10,elitize_generation_data,64,12,0.147,NA
66,50,double-letters,ifs,FALSE,10,elitize_generation_data,65,16,0.157,NA
67,50,double-letters,ifs,FALSE,10,elitize_generation_data,66,12,0.155,NA
68,50,double-letters,ifs,FALSE,10,elitize_generation_data,67,11,0.162,NA
69,50,double-letters,ifs,FALSE,10,elitize_generation_data,68,15,0.159,NA
70,50,double-letters,ifs,FALSE,10,elitize_generation_data,69,19,0.157,NA
71,50,double-letters,ifs,FALSE,10,elitize_generation_data,70,20,0.168,NA
72,50,double-letters,ifs,FALSE,10,elitize_generation_data,71,16,0.154,NA
73,50,double-letters,ifs,FALSE,10,elitize_generation_data,72,21,0.163,NA
74,50,double-letters,ifs,FALSE,10,elitize_generation_data,73,21,0.16,NA
75,50,double-letters,ifs,FALSE,10,elitize_generation_data,74,20,0.16,NA
76,50,double-letters,ifs,FALSE,10,elitize_generation_data,75,19,0.16,NA
77,50,double-letters,ifs,FALSE,10,elitize_generation_data,76,23,0.156,NA
78,50,double-letters,ifs,FALSE,10,elitize_generation_data,77,21,0.166,NA
79,50,double-letters,ifs,FALSE,10,elitize_generation_data,78,19,0.164,NA
80,50,double-letters,ifs,FALSE,10,elitize_generation_data,79,20,0.173,NA
81,50,double-letters,ifs,FALSE,10,elitize_generation_data,80,17,0.158,NA
82,50,double-letters,ifs,FALSE,10,elitize_generation_data,81,22,0.165,NA
83,50,double-letters,ifs,FALSE,10,elitize_generation_data,82,20,0.169,NA
84,50,double-letters,ifs,FALSE,10,elitize_generation_data,83,20,0.178,NA
85,50,double-letters,ifs,FALSE,10,elitize_generation_data,84,19,0.154,NA
86,50,double-letters,ifs,FALSE,10,elitize_generation_data,85,23,0.169,NA
87,50,double-letters,ifs,FALSE,10,elitize_generation_data,86,20,0.168,NA
88,50,double-letters,ifs,FALSE,10,elitize_generation_data,87,23,0.171,NA
89,50,double-letters,ifs,FALSE,10,elitize_generation_data,88,21,0.168,NA
90,50,double-letters,ifs,FALSE,10,elitize_generation_data,89,21,0.188,NA
91,50,double-letters,ifs,FALSE,10,elitize_generation_data,90,21,0.162,NA
92,50,double-letters,ifs,FALSE,10,elitize_generation_data,91,20,0.182,NA
93,50,double-letters,ifs,FALSE,10,elitize_generation_data,92,18,0.162,NA
94,50,double-letters,ifs,FALSE,10,elitize_generation_data,93,19,0.178,NA
95,50,double-letters,ifs,FALSE,10,elitize_generation_data,94,16,0.193,NA
96,50,double-letters,ifs,FALSE,10,elitize_generation_data,95,17,0.14,NA
97,50,double-letters,ifs,FALSE,10,elitize_generation_data,96,19,0.15,NA
98,50,double-letters,ifs,FALSE,10,elitize_generation_data,97,31,0.161,NA
99,50,double-letters,ifs,FALSE,10,elitize_generation_data,98,34,0.154,NA
100,50,double-letters,ifs,FALSE,10,elitize_generation_data,99,30,0.159,NA
101,50,double-letters,ifs,FALSE,10,elitize_generation_data,100,35,0.152,NA
102,50,double-letters,ifs,FALSE,10,elitize_generation_data,101,32,0.187,NA
103,50,double-letters,ifs,FALSE,10,elitize_generation_data,102,50,0.232,NA
104,50,double-letters,ifs,FALSE,10,elitize_generation_data,103,41,0.284,NA
105,50,double-letters,ifs,FALSE,10,elitize_generation_data,104,41,0.31,NA
106,50,double-letters,ifs,FALSE,10,elitize_generation_data,105,41,0.262,NA
107,50,double-letters,ifs,FALSE,10,elitize_generation_data,106,27,0.216,NA
108,50,double-letters,ifs,FALSE,10,elitize_generation_data,107,27,0.228,NA
109,50,double-letters,ifs,FALSE,10,elitize_generation_data,108,30,0.25,NA
110,50,double-letters,ifs,FALSE,10,elitize_generation_data,109,32,0.228,NA
111,50,double-letters,ifs,FALSE,10,elitize_generation_data,110,27,0.217,NA
112,50,double-letters,ifs,FALSE,10,elitize_generation_data,111,26,0.216,NA
113,50,double-letters,ifs,FALSE,10,elitize_generation_data,112,24,0.235,NA
114,50,double-letters,ifs,FALSE,10,elitize_generation_data,113,33,0.258,NA
115,50,double-letters,ifs,FALSE,10,elitize_generation_data,114,36,0.274,NA
116,50,double-letters,ifs,FALSE,10,elitize_generation_data,115,39,0.283,NA
117,50,double-letters,ifs,FALSE,10,elitize_generation_data,116,30,0.298,NA
118,50,double-letters,ifs,FALSE,10,elitize_generation_data,117,37,0.269,NA
119,50,double-letters,ifs,FALSE,10,elitize_generation_data,118,38,0.279,NA
120,50,double-letters,ifs,FALSE,10,elitize_generation_data,119,44,0.305,NA
121,50,double-letters,ifs,FALSE,10,elitize_generation_data,120,37,0.326,NA
122,50,double-letters,ifs,FALSE,10,elitize_generation_data,121,44,0.297,NA
123,50,double-letters,ifs,FALSE,10,elitize_generation_data,122,52,0.308,NA
124,50,double-letters,ifs,FALSE,10,elitize_generation_data,123,48,0.332,NA
125,50,double-letters,ifs,FALSE,10,elitize_generation_data,124,55,0.321,NA
126,50,double-letters,ifs,FALSE,10,elitize_generation_data,125,55,0.341,NA
127,50,double-letters,ifs,FALSE,10,elitize_generation_data,126,56,0.37,NA
128,50,double-letters,ifs,FALSE,10,elitize_generation_data,127,57,0.35,NA
129,50,double-letters,ifs,FALSE,10,elitize_generation_data,128,48,0.327,NA
130,50,double-letters,ifs,FALSE,10,elitize_generation_data,129,48,0.318,NA
131,50,double-letters,ifs,FALSE,10,elitize_generation_data,130,49,0.332,NA
132,50,double-letters,ifs,FALSE,10,elitize_generation_data,131,48,0.323,NA
133,50,double-letters,ifs,FALSE,10,elitize_generation_data,132,48,0.353,NA
134,50,double-letters,ifs,FALSE,10,elitize_generation_data,133,62,0.369,NA
135,50,double-letters,ifs,FALSE,10,elitize_generation_data,134,57,0.378,NA
136,50,double-letters,ifs,FALSE,10,elitize_generation_data,135,54,0.36,NA
137,50,double-letters,ifs,FALSE,10,elitize_generation_data,136,56,0.376,NA
138,50,double-letters,ifs,FALSE,10,elitize_generation_data,137,61,0.414,NA
139,50,double-letters,ifs,FALSE,10,elitize_generation_data,138,61,0.418,NA
140,50,double-letters,ifs,FALSE,10,elitize_generation_data,139,63,0.397,NA
141,50,double-letters,ifs,FALSE,10,elitize_generation_data,140,61,0.355,NA
142,50,double-letters,ifs,FALSE,10,elitize_generation_data,141,57,0.314,NA
143,50,double-letters,ifs,FALSE,10,elitize_generation_data,142,54,0.309,NA
144,50,double-letters,ifs,FALSE,10,elitize_generation_data,143,48,0.303,NA
145,50,double-letters,ifs,FALSE,10,elitize_generation_data,144,61,0.33,NA
146,50,double-letters,ifs,FALSE,10,elitize_generation_data,145,45,0.296,NA
147,50,double-letters,ifs,FALSE,10,elitize_generation_data,146,51,0.292,NA
148,50,double-letters,ifs,FALSE,10,elitize_generation_data,147,51,0.294,NA
149,50,double-letters,ifs,FALSE,10,elitize_generation_data,148,45,0.278,NA
150,50,double-letters,ifs,FALSE,10,elitize_generation_data,149,48,0.283,NA
151,50,double-letters,ifs,FALSE,10,elitize_generation_data,150,43,0.304,NA
152,50,double-letters,ifs,FALSE,10,elitize_generation_data,151,50,0.306,NA
153,50,double-letters,ifs,FALSE,10,elitize_generation_data,152,53,0.304,NA
154,50,double-letters,ifs,FALSE,10,elitize_generation_data,153,45,0.301,NA
155,50,double-letters,ifs,FALSE,10,elitize_generation_data,154,38,0.298,NA
156,50,double-letters,ifs,FALSE,10,elitize_generation_data,155,47,0.314,NA
157,50,double-letters,ifs,FALSE,10,elitize_generation_data,156,42,0.269,NA
158,50,double-letters,ifs,FALSE,10,elitize_generation_data,157,47,0.303,NA
159,50,double-letters,ifs,FALSE,10,elitize_generation_data,158,45,0.319,NA
160,50,double-letters,ifs,FALSE,10,elitize_generation_data,159,57,0.317,NA
161,50,double-letters,ifs,FALSE,10,elitize_generation_data,160,48,0.313,NA
162,50,double-letters,ifs,FALSE,10,elitize_generation_data,161,48,0.291,NA
163,50,double-letters,ifs,FALSE,10,elitize_generation_data,162,43,0.294,NA
164,50,double-letters,ifs,FALSE,10,elitize_generation_data,163,42,0.306,NA
165,50,double-letters,ifs,FALSE,10,elitize_generation_data,164,47,0.299,NA
166,50,double-letters,ifs,FALSE,10,elitize_generation_data,165,41,0.3,NA
167,50,double-letters,ifs,FALSE,10,elitize_generation_data,166,50,0.31,NA
168,50,double-letters,ifs,FALSE,10,elitize_generation_data,167,52,0.315,NA
169,50,double-letters,ifs,FALSE,10,elitize_generation_data,168,48,0.302,NA
170,50,double-letters,ifs,FALSE,10,elitize_generation_data,169,53,0.301,NA
171,50,double-letters,ifs,FALSE,10,elitize_generation_data,170,53,0.328,NA
172,50,double-letters,ifs,FALSE,10,elitize_generation_data,171,55,0.336,NA
173,50,double-letters,ifs,FALSE,10,elitize_generation_data,172,55,0.369,NA
174,50,double-letters,ifs,FALSE,10,elitize_generation_data,173,59,0.355,NA
175,50,double-letters,ifs,FALSE,10,elitize_generation_data,174,67,0.369,NA
176,50,double-letters,ifs,FALSE,10,elitize_generation_data,175,77,0.361,NA
177,50,double-letters,ifs,FALSE,10,elitize_generation_data,176,65,0.37,NA
178,50,double-letters,ifs,FALSE,10,elitize_generation_data,177,63,0.395,NA
179,50,double-letters,ifs,FALSE,10,elitize_generation_data,178,65,0.387,NA
180,50,double-letters,ifs,FALSE,10,elitize_generation_data,179,65,0.405,NA
181,50,double-letters,ifs,FALSE,10,elitize_generation_data,180,83,0.387,NA
182,50,double-letters,ifs,FALSE,10,elitize_generation_data,181,71,0.417,NA
183,50,double-letters,ifs,FALSE,10,elitize_generation_data,182,72,0.394,NA
184,50,double-letters,ifs,FALSE,10,elitize_generation_data,183,75,0.398,NA
185,50,double-letters,ifs,FALSE,10,elitize_generation_data,184,87,0.426,NA
186,50,double-letters,ifs,FALSE,10,elitize_generation_data,185,72,0.409,NA
187,50,double-letters,ifs,FALSE,10,elitize_generation_data,186,88,0.416,NA
188,50,double-letters,ifs,FALSE,10,elitize_generation_data,187,58,0.419,NA
189,50,double-letters,ifs,FALSE,10,elitize_generation_data,188,75,0.406,NA
190,50,double-letters,ifs,FALSE,10,elitize_generation_data,189,71,0.402,NA
191,50,double-letters,ifs,FALSE,10,elitize_generation_data,190,75,0.436,NA
192,50,double-letters,ifs,FALSE,10,elitize_generation_data,191,74,0.439,NA
193,50,double-letters,ifs,FALSE,10,elitize_generation_data,192,73,0.436,NA
194,50,double-letters,ifs,FALSE,10,elitize_generation_data,193,82,0.436,NA
195,50,double-letters,ifs,FALSE,10,elitize_generation_data,194,87,0.461,NA
196,50,double-letters,ifs,FALSE,10,elitize_generation_data,195,75,0.435,NA
197,50,double-letters,ifs,FALSE,10,elitize_generation_data,196,84,0.444,NA
198,50,double-letters,ifs,FALSE,10,elitize_generation_data,197,86,0.442,NA
199,50,double-letters,ifs,FALSE,10,elitize_generation_data,198,77,0.425,NA
200,50,double-letters,ifs,FALSE,10,elitize_generation_data,199,74,0.43,NA
201,50,double-letters,ifs,FALSE,10,elitize_generation_data,200,83,0.464,NA
202,50,double-letters,ifs,FALSE,10,elitize_generation_data,201,85,0.428,NA
203,50,double-letters,ifs,FALSE,10,elitize_generation_data,202,80,0.438,NA
204,50,double-letters,ifs,FALSE,10,elitize_generation_data,203,77,0.432,NA
205,50,double-letters,ifs,FALSE,10,elitize_generation_data,204,71,0.436,NA
206,50,double-letters,ifs,FALSE,10,elitize_generation_data,205,75,0.446,NA
207,50,double-letters,ifs,FALSE,10,elitize_generation_data,206,82,0.441,NA
208,50,double-letters,ifs,FALSE,10,elitize_generation_data,207,79,0.462,NA
209,50,double-letters,ifs,FALSE,10,elitize_generation_data,208,78,0.435,NA
210,50,double-letters,ifs,FALSE,10,elitize_generation_data,209,78,0.439,NA
211,50,double-letters,ifs,FALSE,10,elitize_generation_data,210,92,0.467,NA
212,50,double-letters,ifs,FALSE,10,elitize_generation_data,211,95,0.465,NA
213,50,double-letters,ifs,FALSE,10,elitize_generation_data,212,85,0.456,NA
214,50,double-letters,ifs,FALSE,10,elitize_generation_data,213,83,0.453,NA
215,50,double-letters,ifs,FALSE,10,elitize_generation_data,214,82,0.486,NA
216,50,double-letters,ifs,FALSE,10,elitize_generation_data,215,82,0.492,NA
217,50,double-letters,ifs,FALSE,10,elitize_generation_data,216,88,0.489,NA
218,50,double-letters,ifs,FALSE,10,elitize_generation_data,217,92,0.512,NA
219,50,double-letters,ifs,FALSE,10,elitize_generation_data,218,105,0.488,NA
220,50,double-letters,ifs,FALSE,10,elitize_generation_data,219,84,0.474,NA
221,50,double-letters,ifs,FALSE,10,elitize_generation_data,220,84,0.456,NA
222,50,double-letters,ifs,FALSE,10,elitize_generation_data,221,82,0.466,NA
223,50,double-letters,ifs,FALSE,10,elitize_generation_data,222,95,0.471,NA
224,50,double-letters,ifs,FALSE,10,elitize_generation_data,223,83,0.461,NA
225,50,double-letters,ifs,FALSE,10,elitize_generation_data,224,81,0.454,NA
226,50,double-letters,ifs,FALSE,10,elitize_generation_data,225,89,0.461,NA
227,50,double-letters,ifs,FALSE,10,elitize_generation_data,226,73,0.429,NA
228,50,double-letters,ifs,FALSE,10,elitize_generation_data,227,92,0.467,NA
229,50,double-letters,ifs,FALSE,10,elitize_generation_data,228,81,0.443,NA
230,50,double-letters,ifs,FALSE,10,elitize_generation_data,229,73,0.415,NA
231,50,double-letters,ifs,FALSE,10,elitize_generation_data,230,62,0.423,NA
232,50,double-letters,ifs,FALSE,10,elitize_generation_data,231,55,0.407,NA
233,50,double-letters,ifs,FALSE,10,elitize_generation_data,232,52,0.382,NA
234,50,double-letters,ifs,FALSE,10,elitize_generation_data,233,48,0.424,NA
235,50,double-letters,ifs,FALSE,10,elitize_generation_data,234,49,0.426,NA
236,50,double-letters,ifs,FALSE,10,elitize_generation_data,235,49,0.476,NA
237,50,double-letters,ifs,FALSE,10,elitize_generation_data,236,52,0.473,NA
238,50,double-letters,ifs,FALSE,10,elitize_generation_data,237,61,0.548,NA
239,50,double-letters,ifs,FALSE,10,elitize_generation_data,238,57,0.539,NA
240,50,double-letters,ifs,FALSE,10,elitize_generation_data,239,50,0.571,NA
241,50,double-letters,ifs,FALSE,10,elitize_generation_data,240,62,0.574,NA
242,50,double-letters,ifs,FALSE,10,elitize_generation_data,241,47,0.561,NA
243,50,double-letters,ifs,FALSE,10,elitize_generation_data,242,63,0.606,NA
244,50,double-letters,ifs,FALSE,10,elitize_generation_data,243,59,0.595,NA
245,50,double-letters,ifs,FALSE,10,elitize_generation_data,244,61,0.568,NA
246,50,double-letters,ifs,FALSE,10,elitize_generation_data,245,58,0.575,NA
247,50,double-letters,ifs,FALSE,10,elitize_generation_data,246,59,0.567,NA
248,50,double-letters,ifs,FALSE,10,elitize_generation_data,247,70,0.57,NA
249,50,double-letters,ifs,FALSE,10,elitize_generation_data,248,55,0.542,NA
250,50,double-letters,ifs,FALSE,10,elitize_generation_data,249,65,0.571,NA
251,50,double-letters,ifs,FALSE,10,elitize_generation_data,250,67,0.59,NA
252,50,double-letters,ifs,FALSE,10,elitize_generation_data,251,82,0.601,NA
253,50,double-letters,ifs,FALSE,10,elitize_generation_data,252,73,0.616,NA
254,50,double-letters,ifs,FALSE,10,elitize_generation_data,253,79,0.608,NA
255,50,double-letters,ifs,FALSE,10,elitize_generation_data,254,70,0.598,NA
256,50,double-letters,ifs,FALSE,10,elitize_generation_data,255,63,0.612,NA
257,50,double-letters,ifs,FALSE,10,elitize_generation_data,256,77,0.623,NA
258,50,double-letters,ifs,FALSE,10,elitize_generation_data,257,70,0.636,NA
259,50,double-letters,ifs,FALSE,10,elitize_generation_data,258,85,0.613,NA
260,50,double-letters,ifs,FALSE,10,elitize_generation_data,259,76,0.644,NA
261,50,double-letters,ifs,FALSE,10,elitize_generation_data,260,67,0.629,NA
262,50,double-letters,ifs,FALSE,10,elitize_generation_data,261,75,0.624,NA
263,50,double-letters,ifs,FALSE,10,elitize_generation_data,262,85,0.63,NA
264,50,double-letters,ifs,FALSE,10,elitize_generation_data,263,88,0.634,NA
265,50,double-letters,ifs,FALSE,10,elitize_generation_data,264,77,0.643,NA
266,50,double-letters,ifs,FALSE,10,elitize_generation_data,265,85,0.643,NA
267,50,double-letters,ifs,FALSE,10,elitize_generation_data,266,98,0.634,NA
268,50,double-letters,ifs,FALSE,10,elitize_generation_data,267,84,0.652,NA
269,50,double-letters,ifs,FALSE,10,elitize_generation_data,268,102,0.67,NA
270,50,double-letters,ifs,FALSE,10,elitize_generation_data,269,110,0.704,NA
271,50,double-letters,ifs,FALSE,10,elitize_generation_data,270,107,0.68,NA
272,50,double-letters,ifs,FALSE,10,elitize_generation_data,271,105,0.696,NA
273,50,double-letters,ifs,FALSE,10,elitize_generation_data,272,109,0.703,NA
274,50,double-letters,ifs,FALSE,10,elitize_generation_data,273,103,0.693,NA
275,50,double-letters,ifs,FALSE,10,elitize_generation_data,274,121,0.702,NA
276,50,double-letters,ifs,FALSE,10,elitize_generation_data,275,119,0.726,NA
277,50,double-letters,ifs,FALSE,10,elitize_generation_data,276,100,0.722,NA
278,50,double-letters,ifs,FALSE,10,elitize_generation_data,277,102,0.748,NA
279,50,double-letters,ifs,FALSE,10,elitize_generation_data,278,123,0.733,NA
280,50,double-letters,ifs,FALSE,10,elitize_generation_data,279,111,0.755,NA
281,50,double-letters,ifs,FALSE,10,elitize_generation_data,280,118,0.749,NA
282,50,double-letters,ifs,FALSE,10,elitize_generation_data,281,107,0.751,NA
283,50,double-letters,ifs,FALSE,10,elitize_generation_data,282,116,0.713,NA
284,50,double-letters,ifs,FALSE,10,elitize_generation_data,283,121,0.759,NA
285,50,double-letters,ifs,FALSE,10,elitize_generation_data,284,132,0.755,NA
286,50,double-letters,ifs,FALSE,10,elitize_generation_data,285,96,0.768,NA
287,50,double-letters,ifs,FALSE,10,elitize_generation_data,286,127,0.776,NA
288,50,double-letters,ifs,FALSE,10,elitize_generation_data,287,127,0.767,NA
289,50,double-letters,ifs,FALSE,10,elitize_generation_data,288,133,0.757,NA
290,50,double-letters,ifs,FALSE,10,elitize_generation_data,289,137,0.782,NA
291,50,double-letters,ifs,FALSE,10,elitize_generation_data,290,140,0.78,NA
292,50,double-letters,ifs,FALSE,10,elitize_generation_data,291,152,0.79,NA
293,50,double-letters,ifs,FALSE,10,elitize_generation_data,292,146,0.771,NA
294,50,double-letters,ifs,FALSE,10,elitize_generation_data,293,133,0.775,NA
295,50,double-letters,ifs,FALSE,10,elitize_generation_data,294,131,0.78,NA
296,50,double-letters,ifs,FALSE,10,elitize_generation_data,295,123,0.807,NA
297,50,double-letters,ifs,FALSE,10,elitize_generation_data,296,124,0.79,NA
298,50,double-letters,ifs,FALSE,10,elitize_generation_data,297,140,0.809,NA
299,50,double-letters,ifs,FALSE,10,elitize_generation_data,298,129,0.796,NA
300,50,double-letters,ifs,FALSE,10,elitize_generation_data,299,127,0.78,NA
301,50,double-letters,ifs,FALSE,10,elitize_generation_data,300,113,0.793,NA
