,run.num,problem,treatment,succeeded,height,normalization.function,generation,cluster.count,error.diversity,success.generation
1,62,double-letters,ifs,FALSE,10,elitize_generation_data,0,5,0.383,NA
2,62,double-letters,ifs,FALSE,10,elitize_generation_data,1,5,0.144,NA
3,62,double-letters,ifs,FALSE,10,elitize_generation_data,2,7,0.205,NA
4,62,double-letters,ifs,FALSE,10,elitize_generation_data,3,7,0.24,NA
5,62,double-letters,ifs,FALSE,10,elitize_generation_data,4,7,0.064,NA
6,62,double-letters,ifs,FALSE,10,elitize_generation_data,5,6,0.032,NA
7,62,double-letters,ifs,FALSE,10,elitize_generation_data,6,7,0.033,NA
8,62,double-letters,ifs,FALSE,10,elitize_generation_data,7,7,0.038,NA
9,62,double-letters,ifs,FALSE,10,elitize_generation_data,8,6,0.021,NA
10,62,double-letters,ifs,FALSE,10,elitize_generation_data,9,7,0.034,NA
11,62,double-letters,ifs,FALSE,10,elitize_generation_data,10,7,0.025,NA
12,62,double-letters,ifs,FALSE,10,elitize_generation_data,11,5,0.027,NA
13,62,double-letters,ifs,FALSE,10,elitize_generation_data,12,7,0.032,NA
14,62,double-letters,ifs,FALSE,10,elitize_generation_data,13,6,0.023,NA
15,62,double-letters,ifs,FALSE,10,elitize_generation_data,14,5,0.044,NA
16,62,double-letters,ifs,FALSE,10,elitize_generation_data,15,6,0.049,NA
17,62,double-letters,ifs,FALSE,10,elitize_generation_data,16,7,0.042,NA
18,62,double-letters,ifs,FALSE,10,elitize_generation_data,17,5,0.039,NA
19,62,double-letters,ifs,FALSE,10,elitize_generation_data,18,5,0.041,NA
20,62,double-letters,ifs,FALSE,10,elitize_generation_data,19,6,0.039,NA
21,62,double-letters,ifs,FALSE,10,elitize_generation_data,20,5,0.054,NA
22,62,double-letters,ifs,FALSE,10,elitize_generation_data,21,6,0.034,NA
23,62,double-letters,ifs,FALSE,10,elitize_generation_data,22,7,0.044,NA
24,62,double-letters,ifs,FALSE,10,elitize_generation_data,23,5,0.034,NA
25,62,double-letters,ifs,FALSE,10,elitize_generation_data,24,7,0.046,NA
26,62,double-letters,ifs,FALSE,10,elitize_generation_data,25,7,0.047,NA
27,62,double-letters,ifs,FALSE,10,elitize_generation_data,26,6,0.052,NA
28,62,double-letters,ifs,FALSE,10,elitize_generation_data,27,5,0.045,NA
29,62,double-letters,ifs,FALSE,10,elitize_generation_data,28,6,0.049,NA
30,62,double-letters,ifs,FALSE,10,elitize_generation_data,29,6,0.059,NA
31,62,double-letters,ifs,FALSE,10,elitize_generation_data,30,7,0.06,NA
32,62,double-letters,ifs,FALSE,10,elitize_generation_data,31,5,0.052,NA
33,62,double-letters,ifs,FALSE,10,elitize_generation_data,32,5,0.04,NA
34,62,double-letters,ifs,FALSE,10,elitize_generation_data,33,6,0.038,NA
35,62,double-letters,ifs,FALSE,10,elitize_generation_data,34,5,0.045,NA
36,62,double-letters,ifs,FALSE,10,elitize_generation_data,35,7,0.053,NA
37,62,double-letters,ifs,FALSE,10,elitize_generation_data,36,5,0.054,NA
38,62,double-letters,ifs,FALSE,10,elitize_generation_data,37,7,0.046,NA
39,62,double-letters,ifs,FALSE,10,elitize_generation_data,38,7,0.045,NA
40,62,double-letters,ifs,FALSE,10,elitize_generation_data,39,6,0.045,NA
41,62,double-letters,ifs,FALSE,10,elitize_generation_data,40,7,0.052,NA
42,62,double-letters,ifs,FALSE,10,elitize_generation_data,41,5,0.075,NA
43,62,double-letters,ifs,FALSE,10,elitize_generation_data,42,12,0.109,NA
44,62,double-letters,ifs,FALSE,10,elitize_generation_data,43,7,0.095,NA
45,62,double-letters,ifs,FALSE,10,elitize_generation_data,44,9,0.09,NA
46,62,double-letters,ifs,FALSE,10,elitize_generation_data,45,9,0.107,NA
47,62,double-letters,ifs,FALSE,10,elitize_generation_data,46,9,0.118,NA
48,62,double-letters,ifs,FALSE,10,elitize_generation_data,47,8,0.118,NA
49,62,double-letters,ifs,FALSE,10,elitize_generation_data,48,8,0.105,NA
50,62,double-letters,ifs,FALSE,10,elitize_generation_data,49,8,0.126,NA
51,62,double-letters,ifs,FALSE,10,elitize_generation_data,50,8,0.142,NA
52,62,double-letters,ifs,FALSE,10,elitize_generation_data,51,10,0.128,NA
53,62,double-letters,ifs,FALSE,10,elitize_generation_data,52,10,0.15,NA
54,62,double-letters,ifs,FALSE,10,elitize_generation_data,53,10,0.133,NA
55,62,double-letters,ifs,FALSE,10,elitize_generation_data,54,10,0.147,NA
56,62,double-letters,ifs,FALSE,10,elitize_generation_data,55,8,0.149,NA
57,62,double-letters,ifs,FALSE,10,elitize_generation_data,56,7,0.18,NA
58,62,double-letters,ifs,FALSE,10,elitize_generation_data,57,8,0.144,NA
59,62,double-letters,ifs,FALSE,10,elitize_generation_data,58,9,0.163,NA
60,62,double-letters,ifs,FALSE,10,elitize_generation_data,59,10,0.14,NA
61,62,double-letters,ifs,FALSE,10,elitize_generation_data,60,13,0.155,NA
62,62,double-letters,ifs,FALSE,10,elitize_generation_data,61,7,0.164,NA
63,62,double-letters,ifs,FALSE,10,elitize_generation_data,62,8,0.149,NA
64,62,double-letters,ifs,FALSE,10,elitize_generation_data,63,9,0.172,NA
65,62,double-letters,ifs,FALSE,10,elitize_generation_data,64,8,0.157,NA
66,62,double-letters,ifs,FALSE,10,elitize_generation_data,65,13,0.169,NA
67,62,double-letters,ifs,FALSE,10,elitize_generation_data,66,8,0.154,NA
68,62,double-letters,ifs,FALSE,10,elitize_generation_data,67,9,0.168,NA
69,62,double-letters,ifs,FALSE,10,elitize_generation_data,68,7,0.162,NA
70,62,double-letters,ifs,FALSE,10,elitize_generation_data,69,10,0.163,NA
71,62,double-letters,ifs,FALSE,10,elitize_generation_data,70,9,0.173,NA
72,62,double-letters,ifs,FALSE,10,elitize_generation_data,71,9,0.159,NA
73,62,double-letters,ifs,FALSE,10,elitize_generation_data,72,9,0.165,NA
74,62,double-letters,ifs,FALSE,10,elitize_generation_data,73,11,0.168,NA
75,62,double-letters,ifs,FALSE,10,elitize_generation_data,74,6,0.165,NA
76,62,double-letters,ifs,FALSE,10,elitize_generation_data,75,8,0.174,NA
77,62,double-letters,ifs,FALSE,10,elitize_generation_data,76,11,0.175,NA
78,62,double-letters,ifs,FALSE,10,elitize_generation_data,77,12,0.176,NA
79,62,double-letters,ifs,FALSE,10,elitize_generation_data,78,10,0.149,NA
80,62,double-letters,ifs,FALSE,10,elitize_generation_data,79,9,0.164,NA
81,62,double-letters,ifs,FALSE,10,elitize_generation_data,80,9,0.164,NA
82,62,double-letters,ifs,FALSE,10,elitize_generation_data,81,9,0.175,NA
83,62,double-letters,ifs,FALSE,10,elitize_generation_data,82,7,0.166,NA
84,62,double-letters,ifs,FALSE,10,elitize_generation_data,83,7,0.162,NA
85,62,double-letters,ifs,FALSE,10,elitize_generation_data,84,7,0.186,NA
86,62,double-letters,ifs,FALSE,10,elitize_generation_data,85,8,0.186,NA
87,62,double-letters,ifs,FALSE,10,elitize_generation_data,86,11,0.201,NA
88,62,double-letters,ifs,FALSE,10,elitize_generation_data,87,8,0.234,NA
89,62,double-letters,ifs,FALSE,10,elitize_generation_data,88,10,0.314,NA
90,62,double-letters,ifs,FALSE,10,elitize_generation_data,89,12,0.322,NA
91,62,double-letters,ifs,FALSE,10,elitize_generation_data,90,12,0.338,NA
92,62,double-letters,ifs,FALSE,10,elitize_generation_data,91,15,0.344,NA
93,62,double-letters,ifs,FALSE,10,elitize_generation_data,92,15,0.33,NA
94,62,double-letters,ifs,FALSE,10,elitize_generation_data,93,17,0.302,NA
95,62,double-letters,ifs,FALSE,10,elitize_generation_data,94,13,0.301,NA
96,62,double-letters,ifs,FALSE,10,elitize_generation_data,95,15,0.322,NA
97,62,double-letters,ifs,FALSE,10,elitize_generation_data,96,19,0.322,NA
98,62,double-letters,ifs,FALSE,10,elitize_generation_data,97,15,0.358,NA
99,62,double-letters,ifs,FALSE,10,elitize_generation_data,98,24,0.344,NA
100,62,double-letters,ifs,FALSE,10,elitize_generation_data,99,22,0.321,NA
101,62,double-letters,ifs,FALSE,10,elitize_generation_data,100,18,0.377,NA
102,62,double-letters,ifs,FALSE,10,elitize_generation_data,101,26,0.364,NA
103,62,double-letters,ifs,FALSE,10,elitize_generation_data,102,23,0.333,NA
104,62,double-letters,ifs,FALSE,10,elitize_generation_data,103,25,0.339,NA
105,62,double-letters,ifs,FALSE,10,elitize_generation_data,104,21,0.314,NA
106,62,double-letters,ifs,FALSE,10,elitize_generation_data,105,20,0.343,NA
107,62,double-letters,ifs,FALSE,10,elitize_generation_data,106,27,0.352,NA
108,62,double-letters,ifs,FALSE,10,elitize_generation_data,107,23,0.347,NA
109,62,double-letters,ifs,FALSE,10,elitize_generation_data,108,27,0.342,NA
110,62,double-letters,ifs,FALSE,10,elitize_generation_data,109,27,0.345,NA
111,62,double-letters,ifs,FALSE,10,elitize_generation_data,110,24,0.344,NA
112,62,double-letters,ifs,FALSE,10,elitize_generation_data,111,18,0.342,NA
113,62,double-letters,ifs,FALSE,10,elitize_generation_data,112,24,0.331,NA
114,62,double-letters,ifs,FALSE,10,elitize_generation_data,113,29,0.37,NA
115,62,double-letters,ifs,FALSE,10,elitize_generation_data,114,26,0.315,NA
116,62,double-letters,ifs,FALSE,10,elitize_generation_data,115,24,0.36,NA
117,62,double-letters,ifs,FALSE,10,elitize_generation_data,116,24,0.363,NA
118,62,double-letters,ifs,FALSE,10,elitize_generation_data,117,19,0.367,NA
119,62,double-letters,ifs,FALSE,10,elitize_generation_data,118,23,0.339,NA
120,62,double-letters,ifs,FALSE,10,elitize_generation_data,119,26,0.345,NA
121,62,double-letters,ifs,FALSE,10,elitize_generation_data,120,24,0.348,NA
122,62,double-letters,ifs,FALSE,10,elitize_generation_data,121,28,0.363,NA
123,62,double-letters,ifs,FALSE,10,elitize_generation_data,122,23,0.377,NA
124,62,double-letters,ifs,FALSE,10,elitize_generation_data,123,27,0.409,NA
125,62,double-letters,ifs,FALSE,10,elitize_generation_data,124,21,0.372,NA
126,62,double-letters,ifs,FALSE,10,elitize_generation_data,125,25,0.315,NA
127,62,double-letters,ifs,FALSE,10,elitize_generation_data,126,21,0.333,NA
128,62,double-letters,ifs,FALSE,10,elitize_generation_data,127,25,0.315,NA
129,62,double-letters,ifs,FALSE,10,elitize_generation_data,128,21,0.307,NA
130,62,double-letters,ifs,FALSE,10,elitize_generation_data,129,22,0.323,NA
131,62,double-letters,ifs,FALSE,10,elitize_generation_data,130,20,0.315,NA
132,62,double-letters,ifs,FALSE,10,elitize_generation_data,131,23,0.34,NA
133,62,double-letters,ifs,FALSE,10,elitize_generation_data,132,26,0.322,NA
134,62,double-letters,ifs,FALSE,10,elitize_generation_data,133,21,0.351,NA
135,62,double-letters,ifs,FALSE,10,elitize_generation_data,134,20,0.34,NA
136,62,double-letters,ifs,FALSE,10,elitize_generation_data,135,20,0.332,NA
137,62,double-letters,ifs,FALSE,10,elitize_generation_data,136,20,0.348,NA
138,62,double-letters,ifs,FALSE,10,elitize_generation_data,137,22,0.335,NA
139,62,double-letters,ifs,FALSE,10,elitize_generation_data,138,21,0.328,NA
140,62,double-letters,ifs,FALSE,10,elitize_generation_data,139,21,0.339,NA
141,62,double-letters,ifs,FALSE,10,elitize_generation_data,140,23,0.324,NA
142,62,double-letters,ifs,FALSE,10,elitize_generation_data,141,23,0.341,NA
143,62,double-letters,ifs,FALSE,10,elitize_generation_data,142,23,0.342,NA
144,62,double-letters,ifs,FALSE,10,elitize_generation_data,143,23,0.363,NA
145,62,double-letters,ifs,FALSE,10,elitize_generation_data,144,23,0.348,NA
146,62,double-letters,ifs,FALSE,10,elitize_generation_data,145,18,0.338,NA
147,62,double-letters,ifs,FALSE,10,elitize_generation_data,146,20,0.351,NA
148,62,double-letters,ifs,FALSE,10,elitize_generation_data,147,21,0.356,NA
149,62,double-letters,ifs,FALSE,10,elitize_generation_data,148,24,0.352,NA
150,62,double-letters,ifs,FALSE,10,elitize_generation_data,149,23,0.327,NA
151,62,double-letters,ifs,FALSE,10,elitize_generation_data,150,23,0.351,NA
152,62,double-letters,ifs,FALSE,10,elitize_generation_data,151,23,0.326,NA
153,62,double-letters,ifs,FALSE,10,elitize_generation_data,152,23,0.345,NA
154,62,double-letters,ifs,FALSE,10,elitize_generation_data,153,20,0.362,NA
155,62,double-letters,ifs,FALSE,10,elitize_generation_data,154,19,0.362,NA
156,62,double-letters,ifs,FALSE,10,elitize_generation_data,155,21,0.361,NA
157,62,double-letters,ifs,FALSE,10,elitize_generation_data,156,19,0.368,NA
158,62,double-letters,ifs,FALSE,10,elitize_generation_data,157,21,0.367,NA
159,62,double-letters,ifs,FALSE,10,elitize_generation_data,158,21,0.355,NA
160,62,double-letters,ifs,FALSE,10,elitize_generation_data,159,21,0.349,NA
161,62,double-letters,ifs,FALSE,10,elitize_generation_data,160,18,0.361,NA
162,62,double-letters,ifs,FALSE,10,elitize_generation_data,161,20,0.345,NA
163,62,double-letters,ifs,FALSE,10,elitize_generation_data,162,18,0.369,NA
164,62,double-letters,ifs,FALSE,10,elitize_generation_data,163,17,0.328,NA
165,62,double-letters,ifs,FALSE,10,elitize_generation_data,164,26,0.363,NA
166,62,double-letters,ifs,FALSE,10,elitize_generation_data,165,26,0.366,NA
167,62,double-letters,ifs,FALSE,10,elitize_generation_data,166,19,0.342,NA
168,62,double-letters,ifs,FALSE,10,elitize_generation_data,167,26,0.372,NA
169,62,double-letters,ifs,FALSE,10,elitize_generation_data,168,19,0.338,NA
170,62,double-letters,ifs,FALSE,10,elitize_generation_data,169,23,0.335,NA
171,62,double-letters,ifs,FALSE,10,elitize_generation_data,170,26,0.366,NA
172,62,double-letters,ifs,FALSE,10,elitize_generation_data,171,21,0.356,NA
173,62,double-letters,ifs,FALSE,10,elitize_generation_data,172,23,0.379,NA
174,62,double-letters,ifs,FALSE,10,elitize_generation_data,173,27,0.371,NA
175,62,double-letters,ifs,FALSE,10,elitize_generation_data,174,20,0.338,NA
176,62,double-letters,ifs,FALSE,10,elitize_generation_data,175,24,0.375,NA
177,62,double-letters,ifs,FALSE,10,elitize_generation_data,176,24,0.393,NA
178,62,double-letters,ifs,FALSE,10,elitize_generation_data,177,21,0.362,NA
179,62,double-letters,ifs,FALSE,10,elitize_generation_data,178,21,0.36,NA
180,62,double-letters,ifs,FALSE,10,elitize_generation_data,179,23,0.354,NA
181,62,double-letters,ifs,FALSE,10,elitize_generation_data,180,21,0.358,NA
182,62,double-letters,ifs,FALSE,10,elitize_generation_data,181,20,0.352,NA
183,62,double-letters,ifs,FALSE,10,elitize_generation_data,182,21,0.379,NA
184,62,double-letters,ifs,FALSE,10,elitize_generation_data,183,22,0.374,NA
185,62,double-letters,ifs,FALSE,10,elitize_generation_data,184,21,0.373,NA
186,62,double-letters,ifs,FALSE,10,elitize_generation_data,185,18,0.373,NA
187,62,double-letters,ifs,FALSE,10,elitize_generation_data,186,26,0.374,NA
188,62,double-letters,ifs,FALSE,10,elitize_generation_data,187,22,0.366,NA
189,62,double-letters,ifs,FALSE,10,elitize_generation_data,188,21,0.366,NA
190,62,double-letters,ifs,FALSE,10,elitize_generation_data,189,24,0.377,NA
191,62,double-letters,ifs,FALSE,10,elitize_generation_data,190,24,0.383,NA
192,62,double-letters,ifs,FALSE,10,elitize_generation_data,191,22,0.359,NA
193,62,double-letters,ifs,FALSE,10,elitize_generation_data,192,22,0.364,NA
194,62,double-letters,ifs,FALSE,10,elitize_generation_data,193,23,0.374,NA
195,62,double-letters,ifs,FALSE,10,elitize_generation_data,194,25,0.378,NA
196,62,double-letters,ifs,FALSE,10,elitize_generation_data,195,20,0.386,NA
197,62,double-letters,ifs,FALSE,10,elitize_generation_data,196,22,0.387,NA
198,62,double-letters,ifs,FALSE,10,elitize_generation_data,197,18,0.366,NA
199,62,double-letters,ifs,FALSE,10,elitize_generation_data,198,25,0.384,NA
200,62,double-letters,ifs,FALSE,10,elitize_generation_data,199,22,0.35,NA
201,62,double-letters,ifs,FALSE,10,elitize_generation_data,200,20,0.355,NA
202,62,double-letters,ifs,FALSE,10,elitize_generation_data,201,22,0.389,NA
203,62,double-letters,ifs,FALSE,10,elitize_generation_data,202,18,0.343,NA
204,62,double-letters,ifs,FALSE,10,elitize_generation_data,203,24,0.359,NA
205,62,double-letters,ifs,FALSE,10,elitize_generation_data,204,22,0.385,NA
206,62,double-letters,ifs,FALSE,10,elitize_generation_data,205,24,0.381,NA
207,62,double-letters,ifs,FALSE,10,elitize_generation_data,206,21,0.358,NA
208,62,double-letters,ifs,FALSE,10,elitize_generation_data,207,27,0.329,NA
209,62,double-letters,ifs,FALSE,10,elitize_generation_data,208,23,0.359,NA
210,62,double-letters,ifs,FALSE,10,elitize_generation_data,209,24,0.367,NA
211,62,double-letters,ifs,FALSE,10,elitize_generation_data,210,22,0.37,NA
212,62,double-letters,ifs,FALSE,10,elitize_generation_data,211,23,0.356,NA
213,62,double-letters,ifs,FALSE,10,elitize_generation_data,212,28,0.351,NA
214,62,double-letters,ifs,FALSE,10,elitize_generation_data,213,26,0.384,NA
215,62,double-letters,ifs,FALSE,10,elitize_generation_data,214,24,0.373,NA
216,62,double-letters,ifs,FALSE,10,elitize_generation_data,215,22,0.357,NA
217,62,double-letters,ifs,FALSE,10,elitize_generation_data,216,22,0.391,NA
218,62,double-letters,ifs,FALSE,10,elitize_generation_data,217,19,0.374,NA
219,62,double-letters,ifs,FALSE,10,elitize_generation_data,218,27,0.342,NA
220,62,double-letters,ifs,FALSE,10,elitize_generation_data,219,20,0.376,NA
221,62,double-letters,ifs,FALSE,10,elitize_generation_data,220,20,0.351,NA
222,62,double-letters,ifs,FALSE,10,elitize_generation_data,221,21,0.361,NA
223,62,double-letters,ifs,FALSE,10,elitize_generation_data,222,23,0.35,NA
224,62,double-letters,ifs,FALSE,10,elitize_generation_data,223,23,0.353,NA
225,62,double-letters,ifs,FALSE,10,elitize_generation_data,224,25,0.376,NA
226,62,double-letters,ifs,FALSE,10,elitize_generation_data,225,24,0.377,NA
227,62,double-letters,ifs,FALSE,10,elitize_generation_data,226,24,0.36,NA
228,62,double-letters,ifs,FALSE,10,elitize_generation_data,227,24,0.363,NA
229,62,double-letters,ifs,FALSE,10,elitize_generation_data,228,21,0.345,NA
230,62,double-letters,ifs,FALSE,10,elitize_generation_data,229,26,0.369,NA
231,62,double-letters,ifs,FALSE,10,elitize_generation_data,230,21,0.362,NA
232,62,double-letters,ifs,FALSE,10,elitize_generation_data,231,19,0.324,NA
233,62,double-letters,ifs,FALSE,10,elitize_generation_data,232,27,0.344,NA
234,62,double-letters,ifs,FALSE,10,elitize_generation_data,233,26,0.338,NA
235,62,double-letters,ifs,FALSE,10,elitize_generation_data,234,23,0.323,NA
236,62,double-letters,ifs,FALSE,10,elitize_generation_data,235,21,0.351,NA
237,62,double-letters,ifs,FALSE,10,elitize_generation_data,236,23,0.343,NA
238,62,double-letters,ifs,FALSE,10,elitize_generation_data,237,22,0.34,NA
239,62,double-letters,ifs,FALSE,10,elitize_generation_data,238,23,0.344,NA
240,62,double-letters,ifs,FALSE,10,elitize_generation_data,239,22,0.333,NA
241,62,double-letters,ifs,FALSE,10,elitize_generation_data,240,25,0.358,NA
242,62,double-letters,ifs,FALSE,10,elitize_generation_data,241,23,0.355,NA
243,62,double-letters,ifs,FALSE,10,elitize_generation_data,242,23,0.32,NA
244,62,double-letters,ifs,FALSE,10,elitize_generation_data,243,21,0.282,NA
245,62,double-letters,ifs,FALSE,10,elitize_generation_data,244,23,0.272,NA
246,62,double-letters,ifs,FALSE,10,elitize_generation_data,245,22,0.293,NA
247,62,double-letters,ifs,FALSE,10,elitize_generation_data,246,21,0.283,NA
248,62,double-letters,ifs,FALSE,10,elitize_generation_data,247,21,0.302,NA
249,62,double-letters,ifs,FALSE,10,elitize_generation_data,248,21,0.301,NA
250,62,double-letters,ifs,FALSE,10,elitize_generation_data,249,21,0.293,NA
251,62,double-letters,ifs,FALSE,10,elitize_generation_data,250,21,0.285,NA
252,62,double-letters,ifs,FALSE,10,elitize_generation_data,251,27,0.292,NA
253,62,double-letters,ifs,FALSE,10,elitize_generation_data,252,22,0.309,NA
254,62,double-letters,ifs,FALSE,10,elitize_generation_data,253,22,0.295,NA
255,62,double-letters,ifs,FALSE,10,elitize_generation_data,254,19,0.307,NA
256,62,double-letters,ifs,FALSE,10,elitize_generation_data,255,23,0.319,NA
257,62,double-letters,ifs,FALSE,10,elitize_generation_data,256,19,0.291,NA
258,62,double-letters,ifs,FALSE,10,elitize_generation_data,257,22,0.315,NA
259,62,double-letters,ifs,FALSE,10,elitize_generation_data,258,27,0.337,NA
260,62,double-letters,ifs,FALSE,10,elitize_generation_data,259,24,0.306,NA
261,62,double-letters,ifs,FALSE,10,elitize_generation_data,260,20,0.297,NA
262,62,double-letters,ifs,FALSE,10,elitize_generation_data,261,28,0.337,NA
263,62,double-letters,ifs,FALSE,10,elitize_generation_data,262,23,0.337,NA
264,62,double-letters,ifs,FALSE,10,elitize_generation_data,263,24,0.334,NA
265,62,double-letters,ifs,FALSE,10,elitize_generation_data,264,21,0.324,NA
266,62,double-letters,ifs,FALSE,10,elitize_generation_data,265,21,0.316,NA
267,62,double-letters,ifs,FALSE,10,elitize_generation_data,266,24,0.317,NA
268,62,double-letters,ifs,FALSE,10,elitize_generation_data,267,20,0.308,NA
269,62,double-letters,ifs,FALSE,10,elitize_generation_data,268,27,0.311,NA
270,62,double-letters,ifs,FALSE,10,elitize_generation_data,269,24,0.323,NA
271,62,double-letters,ifs,FALSE,10,elitize_generation_data,270,22,0.31,NA
272,62,double-letters,ifs,FALSE,10,elitize_generation_data,271,22,0.332,NA
273,62,double-letters,ifs,FALSE,10,elitize_generation_data,272,18,0.325,NA
274,62,double-letters,ifs,FALSE,10,elitize_generation_data,273,22,0.309,NA
275,62,double-letters,ifs,FALSE,10,elitize_generation_data,274,19,0.325,NA
276,62,double-letters,ifs,FALSE,10,elitize_generation_data,275,28,0.317,NA
277,62,double-letters,ifs,FALSE,10,elitize_generation_data,276,18,0.329,NA
278,62,double-letters,ifs,FALSE,10,elitize_generation_data,277,20,0.304,NA
279,62,double-letters,ifs,FALSE,10,elitize_generation_data,278,25,0.341,NA
280,62,double-letters,ifs,FALSE,10,elitize_generation_data,279,22,0.312,NA
281,62,double-letters,ifs,FALSE,10,elitize_generation_data,280,27,0.341,NA
282,62,double-letters,ifs,FALSE,10,elitize_generation_data,281,24,0.351,NA
283,62,double-letters,ifs,FALSE,10,elitize_generation_data,282,24,0.306,NA
284,62,double-letters,ifs,FALSE,10,elitize_generation_data,283,27,0.33,NA
285,62,double-letters,ifs,FALSE,10,elitize_generation_data,284,17,0.328,NA
286,62,double-letters,ifs,FALSE,10,elitize_generation_data,285,25,0.302,NA
287,62,double-letters,ifs,FALSE,10,elitize_generation_data,286,22,0.317,NA
288,62,double-letters,ifs,FALSE,10,elitize_generation_data,287,21,0.315,NA
289,62,double-letters,ifs,FALSE,10,elitize_generation_data,288,23,0.333,NA
290,62,double-letters,ifs,FALSE,10,elitize_generation_data,289,20,0.332,NA
291,62,double-letters,ifs,FALSE,10,elitize_generation_data,290,20,0.317,NA
292,62,double-letters,ifs,FALSE,10,elitize_generation_data,291,24,0.324,NA
293,62,double-letters,ifs,FALSE,10,elitize_generation_data,292,23,0.312,NA
294,62,double-letters,ifs,FALSE,10,elitize_generation_data,293,22,0.329,NA
295,62,double-letters,ifs,FALSE,10,elitize_generation_data,294,22,0.318,NA
296,62,double-letters,ifs,FALSE,10,elitize_generation_data,295,21,0.303,NA
297,62,double-letters,ifs,FALSE,10,elitize_generation_data,296,17,0.34,NA
298,62,double-letters,ifs,FALSE,10,elitize_generation_data,297,24,0.351,NA
299,62,double-letters,ifs,FALSE,10,elitize_generation_data,298,21,0.33,NA
300,62,double-letters,ifs,FALSE,10,elitize_generation_data,299,25,0.346,NA
301,62,double-letters,ifs,FALSE,10,elitize_generation_data,300,23,0.329,NA
