,run.num,problem,treatment,succeeded,height,normalization.function,generation,cluster.count,error.diversity,success.generation
1,20,double-letters,ifs,FALSE,10,elitize_generation_data,0,5,0.389,NA
2,20,double-letters,ifs,FALSE,10,elitize_generation_data,1,7,0.147,NA
3,20,double-letters,ifs,FALSE,10,elitize_generation_data,2,8,0.166,NA
4,20,double-letters,ifs,FALSE,10,elitize_generation_data,3,9,0.097,NA
5,20,double-letters,ifs,FALSE,10,elitize_generation_data,4,7,0.047,NA
6,20,double-letters,ifs,FALSE,10,elitize_generation_data,5,8,0.044,NA
7,20,double-letters,ifs,FALSE,10,elitize_generation_data,6,9,0.053,NA
8,20,double-letters,ifs,FALSE,10,elitize_generation_data,7,10,0.038,NA
9,20,double-letters,ifs,FALSE,10,elitize_generation_data,8,9,0.047,NA
10,20,double-letters,ifs,FALSE,10,elitize_generation_data,9,5,0.048,NA
11,20,double-letters,ifs,FALSE,10,elitize_generation_data,10,7,0.033,NA
12,20,double-letters,ifs,FALSE,10,elitize_generation_data,11,6,0.051,NA
13,20,double-letters,ifs,FALSE,10,elitize_generation_data,12,6,0.062,NA
14,20,double-letters,ifs,FALSE,10,elitize_generation_data,13,7,0.045,NA
15,20,double-letters,ifs,FALSE,10,elitize_generation_data,14,10,0.037,NA
16,20,double-letters,ifs,FALSE,10,elitize_generation_data,15,7,0.047,NA
17,20,double-letters,ifs,FALSE,10,elitize_generation_data,16,11,0.046,NA
18,20,double-letters,ifs,FALSE,10,elitize_generation_data,17,10,0.046,NA
19,20,double-letters,ifs,FALSE,10,elitize_generation_data,18,10,0.051,NA
20,20,double-letters,ifs,FALSE,10,elitize_generation_data,19,7,0.042,NA
21,20,double-letters,ifs,FALSE,10,elitize_generation_data,20,8,0.058,NA
22,20,double-letters,ifs,FALSE,10,elitize_generation_data,21,12,0.057,NA
23,20,double-letters,ifs,FALSE,10,elitize_generation_data,22,10,0.052,NA
24,20,double-letters,ifs,FALSE,10,elitize_generation_data,23,8,0.054,NA
25,20,double-letters,ifs,FALSE,10,elitize_generation_data,24,11,0.061,NA
26,20,double-letters,ifs,FALSE,10,elitize_generation_data,25,11,0.05,NA
27,20,double-letters,ifs,FALSE,10,elitize_generation_data,26,10,0.082,NA
28,20,double-letters,ifs,FALSE,10,elitize_generation_data,27,10,0.062,NA
29,20,double-letters,ifs,FALSE,10,elitize_generation_data,28,12,0.074,NA
30,20,double-letters,ifs,FALSE,10,elitize_generation_data,29,13,0.077,NA
31,20,double-letters,ifs,FALSE,10,elitize_generation_data,30,9,0.062,NA
32,20,double-letters,ifs,FALSE,10,elitize_generation_data,31,10,0.066,NA
33,20,double-letters,ifs,FALSE,10,elitize_generation_data,32,13,0.084,NA
34,20,double-letters,ifs,FALSE,10,elitize_generation_data,33,8,0.066,NA
35,20,double-letters,ifs,FALSE,10,elitize_generation_data,34,7,0.064,NA
36,20,double-letters,ifs,FALSE,10,elitize_generation_data,35,8,0.085,NA
37,20,double-letters,ifs,FALSE,10,elitize_generation_data,36,12,0.08,NA
38,20,double-letters,ifs,FALSE,10,elitize_generation_data,37,9,0.107,NA
39,20,double-letters,ifs,FALSE,10,elitize_generation_data,38,12,0.115,NA
40,20,double-letters,ifs,FALSE,10,elitize_generation_data,39,11,0.112,NA
41,20,double-letters,ifs,FALSE,10,elitize_generation_data,40,12,0.103,NA
42,20,double-letters,ifs,FALSE,10,elitize_generation_data,41,10,0.123,NA
43,20,double-letters,ifs,FALSE,10,elitize_generation_data,42,11,0.122,NA
44,20,double-letters,ifs,FALSE,10,elitize_generation_data,43,8,0.124,NA
45,20,double-letters,ifs,FALSE,10,elitize_generation_data,44,10,0.116,NA
46,20,double-letters,ifs,FALSE,10,elitize_generation_data,45,12,0.119,NA
47,20,double-letters,ifs,FALSE,10,elitize_generation_data,46,14,0.139,NA
48,20,double-letters,ifs,FALSE,10,elitize_generation_data,47,15,0.138,NA
49,20,double-letters,ifs,FALSE,10,elitize_generation_data,48,13,0.129,NA
50,20,double-letters,ifs,FALSE,10,elitize_generation_data,49,15,0.133,NA
51,20,double-letters,ifs,FALSE,10,elitize_generation_data,50,13,0.147,NA
52,20,double-letters,ifs,FALSE,10,elitize_generation_data,51,14,0.155,NA
53,20,double-letters,ifs,FALSE,10,elitize_generation_data,52,16,0.165,NA
54,20,double-letters,ifs,FALSE,10,elitize_generation_data,53,13,0.156,NA
55,20,double-letters,ifs,FALSE,10,elitize_generation_data,54,16,0.146,NA
56,20,double-letters,ifs,FALSE,10,elitize_generation_data,55,12,0.135,NA
57,20,double-letters,ifs,FALSE,10,elitize_generation_data,56,11,0.154,NA
58,20,double-letters,ifs,FALSE,10,elitize_generation_data,57,20,0.196,NA
59,20,double-letters,ifs,FALSE,10,elitize_generation_data,58,12,0.197,NA
60,20,double-letters,ifs,FALSE,10,elitize_generation_data,59,14,0.203,NA
61,20,double-letters,ifs,FALSE,10,elitize_generation_data,60,19,0.215,NA
62,20,double-letters,ifs,FALSE,10,elitize_generation_data,61,18,0.202,NA
63,20,double-letters,ifs,FALSE,10,elitize_generation_data,62,20,0.205,NA
64,20,double-letters,ifs,FALSE,10,elitize_generation_data,63,17,0.228,NA
65,20,double-letters,ifs,FALSE,10,elitize_generation_data,64,16,0.221,NA
66,20,double-letters,ifs,FALSE,10,elitize_generation_data,65,21,0.22,NA
67,20,double-letters,ifs,FALSE,10,elitize_generation_data,66,20,0.225,NA
68,20,double-letters,ifs,FALSE,10,elitize_generation_data,67,19,0.239,NA
69,20,double-letters,ifs,FALSE,10,elitize_generation_data,68,17,0.233,NA
70,20,double-letters,ifs,FALSE,10,elitize_generation_data,69,16,0.228,NA
71,20,double-letters,ifs,FALSE,10,elitize_generation_data,70,20,0.24,NA
72,20,double-letters,ifs,FALSE,10,elitize_generation_data,71,23,0.237,NA
73,20,double-letters,ifs,FALSE,10,elitize_generation_data,72,21,0.223,NA
74,20,double-letters,ifs,FALSE,10,elitize_generation_data,73,22,0.231,NA
75,20,double-letters,ifs,FALSE,10,elitize_generation_data,74,23,0.25,NA
76,20,double-letters,ifs,FALSE,10,elitize_generation_data,75,22,0.228,NA
77,20,double-letters,ifs,FALSE,10,elitize_generation_data,76,24,0.246,NA
78,20,double-letters,ifs,FALSE,10,elitize_generation_data,77,22,0.261,NA
79,20,double-letters,ifs,FALSE,10,elitize_generation_data,78,20,0.212,NA
80,20,double-letters,ifs,FALSE,10,elitize_generation_data,79,21,0.213,NA
81,20,double-letters,ifs,FALSE,10,elitize_generation_data,80,22,0.238,NA
82,20,double-letters,ifs,FALSE,10,elitize_generation_data,81,21,0.225,NA
83,20,double-letters,ifs,FALSE,10,elitize_generation_data,82,20,0.226,NA
84,20,double-letters,ifs,FALSE,10,elitize_generation_data,83,20,0.239,NA
85,20,double-letters,ifs,FALSE,10,elitize_generation_data,84,23,0.246,NA
86,20,double-letters,ifs,FALSE,10,elitize_generation_data,85,23,0.237,NA
87,20,double-letters,ifs,FALSE,10,elitize_generation_data,86,18,0.251,NA
88,20,double-letters,ifs,FALSE,10,elitize_generation_data,87,20,0.238,NA
89,20,double-letters,ifs,FALSE,10,elitize_generation_data,88,27,0.254,NA
90,20,double-letters,ifs,FALSE,10,elitize_generation_data,89,26,0.26,NA
91,20,double-letters,ifs,FALSE,10,elitize_generation_data,90,27,0.248,NA
92,20,double-letters,ifs,FALSE,10,elitize_generation_data,91,26,0.236,NA
93,20,double-letters,ifs,FALSE,10,elitize_generation_data,92,26,0.223,NA
94,20,double-letters,ifs,FALSE,10,elitize_generation_data,93,25,0.227,NA
95,20,double-letters,ifs,FALSE,10,elitize_generation_data,94,28,0.22,NA
96,20,double-letters,ifs,FALSE,10,elitize_generation_data,95,19,0.22,NA
97,20,double-letters,ifs,FALSE,10,elitize_generation_data,96,23,0.191,NA
98,20,double-letters,ifs,FALSE,10,elitize_generation_data,97,24,0.225,NA
99,20,double-letters,ifs,FALSE,10,elitize_generation_data,98,26,0.198,NA
100,20,double-letters,ifs,FALSE,10,elitize_generation_data,99,25,0.228,NA
101,20,double-letters,ifs,FALSE,10,elitize_generation_data,100,22,0.211,NA
102,20,double-letters,ifs,FALSE,10,elitize_generation_data,101,24,0.213,NA
103,20,double-letters,ifs,FALSE,10,elitize_generation_data,102,20,0.221,NA
104,20,double-letters,ifs,FALSE,10,elitize_generation_data,103,23,0.239,NA
105,20,double-letters,ifs,FALSE,10,elitize_generation_data,104,28,0.21,NA
106,20,double-letters,ifs,FALSE,10,elitize_generation_data,105,23,0.229,NA
107,20,double-letters,ifs,FALSE,10,elitize_generation_data,106,25,0.214,NA
108,20,double-letters,ifs,FALSE,10,elitize_generation_data,107,22,0.201,NA
109,20,double-letters,ifs,FALSE,10,elitize_generation_data,108,19,0.202,NA
110,20,double-letters,ifs,FALSE,10,elitize_generation_data,109,24,0.202,NA
111,20,double-letters,ifs,FALSE,10,elitize_generation_data,110,23,0.195,NA
112,20,double-letters,ifs,FALSE,10,elitize_generation_data,111,19,0.198,NA
113,20,double-letters,ifs,FALSE,10,elitize_generation_data,112,24,0.211,NA
114,20,double-letters,ifs,FALSE,10,elitize_generation_data,113,26,0.221,NA
115,20,double-letters,ifs,FALSE,10,elitize_generation_data,114,17,0.224,NA
116,20,double-letters,ifs,FALSE,10,elitize_generation_data,115,26,0.214,NA
117,20,double-letters,ifs,FALSE,10,elitize_generation_data,116,23,0.204,NA
118,20,double-letters,ifs,FALSE,10,elitize_generation_data,117,19,0.204,NA
119,20,double-letters,ifs,FALSE,10,elitize_generation_data,118,25,0.203,NA
120,20,double-letters,ifs,FALSE,10,elitize_generation_data,119,23,0.199,NA
121,20,double-letters,ifs,FALSE,10,elitize_generation_data,120,22,0.215,NA
122,20,double-letters,ifs,FALSE,10,elitize_generation_data,121,27,0.202,NA
123,20,double-letters,ifs,FALSE,10,elitize_generation_data,122,22,0.211,NA
124,20,double-letters,ifs,FALSE,10,elitize_generation_data,123,26,0.215,NA
125,20,double-letters,ifs,FALSE,10,elitize_generation_data,124,24,0.223,NA
126,20,double-letters,ifs,FALSE,10,elitize_generation_data,125,26,0.225,NA
127,20,double-letters,ifs,FALSE,10,elitize_generation_data,126,21,0.21,NA
128,20,double-letters,ifs,FALSE,10,elitize_generation_data,127,28,0.211,NA
129,20,double-letters,ifs,FALSE,10,elitize_generation_data,128,23,0.216,NA
130,20,double-letters,ifs,FALSE,10,elitize_generation_data,129,24,0.21,NA
131,20,double-letters,ifs,FALSE,10,elitize_generation_data,130,24,0.196,NA
132,20,double-letters,ifs,FALSE,10,elitize_generation_data,131,28,0.214,NA
133,20,double-letters,ifs,FALSE,10,elitize_generation_data,132,23,0.208,NA
134,20,double-letters,ifs,FALSE,10,elitize_generation_data,133,25,0.223,NA
135,20,double-letters,ifs,FALSE,10,elitize_generation_data,134,26,0.215,NA
136,20,double-letters,ifs,FALSE,10,elitize_generation_data,135,25,0.219,NA
137,20,double-letters,ifs,FALSE,10,elitize_generation_data,136,23,0.212,NA
138,20,double-letters,ifs,FALSE,10,elitize_generation_data,137,27,0.222,NA
139,20,double-letters,ifs,FALSE,10,elitize_generation_data,138,28,0.205,NA
140,20,double-letters,ifs,FALSE,10,elitize_generation_data,139,25,0.212,NA
141,20,double-letters,ifs,FALSE,10,elitize_generation_data,140,24,0.218,NA
142,20,double-letters,ifs,FALSE,10,elitize_generation_data,141,23,0.211,NA
143,20,double-letters,ifs,FALSE,10,elitize_generation_data,142,23,0.211,NA
144,20,double-letters,ifs,FALSE,10,elitize_generation_data,143,24,0.229,NA
145,20,double-letters,ifs,FALSE,10,elitize_generation_data,144,28,0.216,NA
146,20,double-letters,ifs,FALSE,10,elitize_generation_data,145,26,0.219,NA
147,20,double-letters,ifs,FALSE,10,elitize_generation_data,146,25,0.245,NA
148,20,double-letters,ifs,FALSE,10,elitize_generation_data,147,25,0.232,NA
149,20,double-letters,ifs,FALSE,10,elitize_generation_data,148,28,0.239,NA
150,20,double-letters,ifs,FALSE,10,elitize_generation_data,149,29,0.259,NA
151,20,double-letters,ifs,FALSE,10,elitize_generation_data,150,31,0.222,NA
152,20,double-letters,ifs,FALSE,10,elitize_generation_data,151,23,0.235,NA
153,20,double-letters,ifs,FALSE,10,elitize_generation_data,152,28,0.244,NA
154,20,double-letters,ifs,FALSE,10,elitize_generation_data,153,26,0.217,NA
155,20,double-letters,ifs,FALSE,10,elitize_generation_data,154,23,0.212,NA
156,20,double-letters,ifs,FALSE,10,elitize_generation_data,155,24,0.221,NA
157,20,double-letters,ifs,FALSE,10,elitize_generation_data,156,30,0.23,NA
158,20,double-letters,ifs,FALSE,10,elitize_generation_data,157,23,0.223,NA
159,20,double-letters,ifs,FALSE,10,elitize_generation_data,158,28,0.203,NA
160,20,double-letters,ifs,FALSE,10,elitize_generation_data,159,30,0.231,NA
161,20,double-letters,ifs,FALSE,10,elitize_generation_data,160,26,0.213,NA
162,20,double-letters,ifs,FALSE,10,elitize_generation_data,161,29,0.212,NA
163,20,double-letters,ifs,FALSE,10,elitize_generation_data,162,23,0.228,NA
164,20,double-letters,ifs,FALSE,10,elitize_generation_data,163,22,0.204,NA
165,20,double-letters,ifs,FALSE,10,elitize_generation_data,164,22,0.206,NA
166,20,double-letters,ifs,FALSE,10,elitize_generation_data,165,22,0.193,NA
167,20,double-letters,ifs,FALSE,10,elitize_generation_data,166,30,0.211,NA
168,20,double-letters,ifs,FALSE,10,elitize_generation_data,167,25,0.193,NA
169,20,double-letters,ifs,FALSE,10,elitize_generation_data,168,21,0.19,NA
170,20,double-letters,ifs,FALSE,10,elitize_generation_data,169,22,0.202,NA
171,20,double-letters,ifs,FALSE,10,elitize_generation_data,170,27,0.222,NA
172,20,double-letters,ifs,FALSE,10,elitize_generation_data,171,27,0.217,NA
173,20,double-letters,ifs,FALSE,10,elitize_generation_data,172,24,0.207,NA
174,20,double-letters,ifs,FALSE,10,elitize_generation_data,173,25,0.194,NA
175,20,double-letters,ifs,FALSE,10,elitize_generation_data,174,28,0.214,NA
176,20,double-letters,ifs,FALSE,10,elitize_generation_data,175,25,0.214,NA
177,20,double-letters,ifs,FALSE,10,elitize_generation_data,176,24,0.215,NA
178,20,double-letters,ifs,FALSE,10,elitize_generation_data,177,28,0.215,NA
179,20,double-letters,ifs,FALSE,10,elitize_generation_data,178,27,0.208,NA
180,20,double-letters,ifs,FALSE,10,elitize_generation_data,179,26,0.19,NA
181,20,double-letters,ifs,FALSE,10,elitize_generation_data,180,25,0.2,NA
182,20,double-letters,ifs,FALSE,10,elitize_generation_data,181,23,0.215,NA
183,20,double-letters,ifs,FALSE,10,elitize_generation_data,182,26,0.234,NA
184,20,double-letters,ifs,FALSE,10,elitize_generation_data,183,28,0.237,NA
185,20,double-letters,ifs,FALSE,10,elitize_generation_data,184,25,0.254,NA
186,20,double-letters,ifs,FALSE,10,elitize_generation_data,185,32,0.297,NA
187,20,double-letters,ifs,FALSE,10,elitize_generation_data,186,24,0.311,NA
188,20,double-letters,ifs,FALSE,10,elitize_generation_data,187,26,0.357,NA
189,20,double-letters,ifs,FALSE,10,elitize_generation_data,188,29,0.348,NA
190,20,double-letters,ifs,FALSE,10,elitize_generation_data,189,33,0.35,NA
191,20,double-letters,ifs,FALSE,10,elitize_generation_data,190,30,0.344,NA
192,20,double-letters,ifs,FALSE,10,elitize_generation_data,191,27,0.326,NA
193,20,double-letters,ifs,FALSE,10,elitize_generation_data,192,27,0.345,NA
194,20,double-letters,ifs,FALSE,10,elitize_generation_data,193,34,0.348,NA
195,20,double-letters,ifs,FALSE,10,elitize_generation_data,194,28,0.334,NA
196,20,double-letters,ifs,FALSE,10,elitize_generation_data,195,34,0.363,NA
197,20,double-letters,ifs,FALSE,10,elitize_generation_data,196,30,0.323,NA
198,20,double-letters,ifs,FALSE,10,elitize_generation_data,197,27,0.337,NA
199,20,double-letters,ifs,FALSE,10,elitize_generation_data,198,30,0.34,NA
200,20,double-letters,ifs,FALSE,10,elitize_generation_data,199,24,0.313,NA
201,20,double-letters,ifs,FALSE,10,elitize_generation_data,200,28,0.351,NA
202,20,double-letters,ifs,FALSE,10,elitize_generation_data,201,29,0.335,NA
203,20,double-letters,ifs,FALSE,10,elitize_generation_data,202,27,0.348,NA
204,20,double-letters,ifs,FALSE,10,elitize_generation_data,203,29,0.351,NA
205,20,double-letters,ifs,FALSE,10,elitize_generation_data,204,28,0.339,NA
206,20,double-letters,ifs,FALSE,10,elitize_generation_data,205,29,0.336,NA
207,20,double-letters,ifs,FALSE,10,elitize_generation_data,206,29,0.352,NA
208,20,double-letters,ifs,FALSE,10,elitize_generation_data,207,35,0.363,NA
209,20,double-letters,ifs,FALSE,10,elitize_generation_data,208,34,0.369,NA
210,20,double-letters,ifs,FALSE,10,elitize_generation_data,209,32,0.368,NA
211,20,double-letters,ifs,FALSE,10,elitize_generation_data,210,32,0.384,NA
212,20,double-letters,ifs,FALSE,10,elitize_generation_data,211,31,0.39,NA
213,20,double-letters,ifs,FALSE,10,elitize_generation_data,212,35,0.37,NA
214,20,double-letters,ifs,FALSE,10,elitize_generation_data,213,28,0.35,NA
215,20,double-letters,ifs,FALSE,10,elitize_generation_data,214,35,0.344,NA
216,20,double-letters,ifs,FALSE,10,elitize_generation_data,215,37,0.347,NA
217,20,double-letters,ifs,FALSE,10,elitize_generation_data,216,37,0.33,NA
218,20,double-letters,ifs,FALSE,10,elitize_generation_data,217,40,0.342,NA
219,20,double-letters,ifs,FALSE,10,elitize_generation_data,218,35,0.337,NA
220,20,double-letters,ifs,FALSE,10,elitize_generation_data,219,32,0.318,NA
221,20,double-letters,ifs,FALSE,10,elitize_generation_data,220,37,0.379,NA
222,20,double-letters,ifs,FALSE,10,elitize_generation_data,221,30,0.37,NA
223,20,double-letters,ifs,FALSE,10,elitize_generation_data,222,41,0.371,NA
224,20,double-letters,ifs,FALSE,10,elitize_generation_data,223,40,0.374,NA
225,20,double-letters,ifs,FALSE,10,elitize_generation_data,224,41,0.369,NA
226,20,double-letters,ifs,FALSE,10,elitize_generation_data,225,37,0.381,NA
227,20,double-letters,ifs,FALSE,10,elitize_generation_data,226,46,0.417,NA
228,20,double-letters,ifs,FALSE,10,elitize_generation_data,227,44,0.401,NA
229,20,double-letters,ifs,FALSE,10,elitize_generation_data,228,47,0.437,NA
230,20,double-letters,ifs,FALSE,10,elitize_generation_data,229,44,0.462,NA
231,20,double-letters,ifs,FALSE,10,elitize_generation_data,230,44,0.45,NA
232,20,double-letters,ifs,FALSE,10,elitize_generation_data,231,52,0.447,NA
233,20,double-letters,ifs,FALSE,10,elitize_generation_data,232,47,0.465,NA
234,20,double-letters,ifs,FALSE,10,elitize_generation_data,233,47,0.453,NA
235,20,double-letters,ifs,FALSE,10,elitize_generation_data,234,48,0.448,NA
236,20,double-letters,ifs,FALSE,10,elitize_generation_data,235,44,0.419,NA
237,20,double-letters,ifs,FALSE,10,elitize_generation_data,236,38,0.404,NA
238,20,double-letters,ifs,FALSE,10,elitize_generation_data,237,40,0.371,NA
239,20,double-letters,ifs,FALSE,10,elitize_generation_data,238,44,0.435,NA
240,20,double-letters,ifs,FALSE,10,elitize_generation_data,239,38,0.408,NA
241,20,double-letters,ifs,FALSE,10,elitize_generation_data,240,42,0.416,NA
242,20,double-letters,ifs,FALSE,10,elitize_generation_data,241,42,0.418,NA
243,20,double-letters,ifs,FALSE,10,elitize_generation_data,242,45,0.413,NA
244,20,double-letters,ifs,FALSE,10,elitize_generation_data,243,38,0.415,NA
245,20,double-letters,ifs,FALSE,10,elitize_generation_data,244,45,0.403,NA
246,20,double-letters,ifs,FALSE,10,elitize_generation_data,245,48,0.452,NA
247,20,double-letters,ifs,FALSE,10,elitize_generation_data,246,40,0.469,NA
248,20,double-letters,ifs,FALSE,10,elitize_generation_data,247,49,0.487,NA
249,20,double-letters,ifs,FALSE,10,elitize_generation_data,248,56,0.479,NA
250,20,double-letters,ifs,FALSE,10,elitize_generation_data,249,54,0.509,NA
251,20,double-letters,ifs,FALSE,10,elitize_generation_data,250,58,0.557,NA
252,20,double-letters,ifs,FALSE,10,elitize_generation_data,251,47,0.554,NA
253,20,double-letters,ifs,FALSE,10,elitize_generation_data,252,53,0.599,NA
254,20,double-letters,ifs,FALSE,10,elitize_generation_data,253,55,0.633,NA
255,20,double-letters,ifs,FALSE,10,elitize_generation_data,254,48,0.633,NA
256,20,double-letters,ifs,FALSE,10,elitize_generation_data,255,54,0.638,NA
257,20,double-letters,ifs,FALSE,10,elitize_generation_data,256,52,0.627,NA
258,20,double-letters,ifs,FALSE,10,elitize_generation_data,257,43,0.645,NA
259,20,double-letters,ifs,FALSE,10,elitize_generation_data,258,50,0.636,NA
260,20,double-letters,ifs,FALSE,10,elitize_generation_data,259,56,0.634,NA
261,20,double-letters,ifs,FALSE,10,elitize_generation_data,260,45,0.628,NA
262,20,double-letters,ifs,FALSE,10,elitize_generation_data,261,53,0.6,NA
263,20,double-letters,ifs,FALSE,10,elitize_generation_data,262,53,0.589,NA
264,20,double-letters,ifs,FALSE,10,elitize_generation_data,263,51,0.607,NA
265,20,double-letters,ifs,FALSE,10,elitize_generation_data,264,48,0.632,NA
266,20,double-letters,ifs,FALSE,10,elitize_generation_data,265,60,0.604,NA
267,20,double-letters,ifs,FALSE,10,elitize_generation_data,266,53,0.597,NA
268,20,double-letters,ifs,FALSE,10,elitize_generation_data,267,52,0.645,NA
269,20,double-letters,ifs,FALSE,10,elitize_generation_data,268,48,0.655,NA
270,20,double-letters,ifs,FALSE,10,elitize_generation_data,269,40,0.618,NA
271,20,double-letters,ifs,FALSE,10,elitize_generation_data,270,49,0.58,NA
272,20,double-letters,ifs,FALSE,10,elitize_generation_data,271,41,0.596,NA
273,20,double-letters,ifs,FALSE,10,elitize_generation_data,272,51,0.606,NA
274,20,double-letters,ifs,FALSE,10,elitize_generation_data,273,41,0.625,NA
275,20,double-letters,ifs,FALSE,10,elitize_generation_data,274,45,0.624,NA
276,20,double-letters,ifs,FALSE,10,elitize_generation_data,275,47,0.575,NA
277,20,double-letters,ifs,FALSE,10,elitize_generation_data,276,48,0.586,NA
278,20,double-letters,ifs,FALSE,10,elitize_generation_data,277,49,0.584,NA
279,20,double-letters,ifs,FALSE,10,elitize_generation_data,278,52,0.629,NA
280,20,double-letters,ifs,FALSE,10,elitize_generation_data,279,49,0.632,NA
281,20,double-letters,ifs,FALSE,10,elitize_generation_data,280,54,0.681,NA
282,20,double-letters,ifs,FALSE,10,elitize_generation_data,281,53,0.693,NA
283,20,double-letters,ifs,FALSE,10,elitize_generation_data,282,59,0.687,NA
284,20,double-letters,ifs,FALSE,10,elitize_generation_data,283,54,0.699,NA
285,20,double-letters,ifs,FALSE,10,elitize_generation_data,284,53,0.672,NA
286,20,double-letters,ifs,FALSE,10,elitize_generation_data,285,50,0.687,NA
287,20,double-letters,ifs,FALSE,10,elitize_generation_data,286,62,0.68,NA
288,20,double-letters,ifs,FALSE,10,elitize_generation_data,287,53,0.66,NA
289,20,double-letters,ifs,FALSE,10,elitize_generation_data,288,43,0.632,NA
290,20,double-letters,ifs,FALSE,10,elitize_generation_data,289,40,0.6,NA
291,20,double-letters,ifs,FALSE,10,elitize_generation_data,290,41,0.612,NA
292,20,double-letters,ifs,FALSE,10,elitize_generation_data,291,38,0.619,NA
293,20,double-letters,ifs,FALSE,10,elitize_generation_data,292,34,0.62,NA
294,20,double-letters,ifs,FALSE,10,elitize_generation_data,293,44,0.61,NA
295,20,double-letters,ifs,FALSE,10,elitize_generation_data,294,40,0.609,NA
296,20,double-letters,ifs,FALSE,10,elitize_generation_data,295,44,0.608,NA
297,20,double-letters,ifs,FALSE,10,elitize_generation_data,296,34,0.623,NA
298,20,double-letters,ifs,FALSE,10,elitize_generation_data,297,29,0.631,NA
299,20,double-letters,ifs,FALSE,10,elitize_generation_data,298,41,0.605,NA
300,20,double-letters,ifs,FALSE,10,elitize_generation_data,299,41,0.617,NA
301,20,double-letters,ifs,FALSE,10,elitize_generation_data,300,42,0.642,NA
