,run.num,problem,treatment,succeeded,height,normalization.function,generation,cluster.count,error.diversity,success.generation
1,23,double-letters,ifs,FALSE,10,elitize_generation_data,0,5,0.371,NA
2,23,double-letters,ifs,FALSE,10,elitize_generation_data,1,8,0.178,NA
3,23,double-letters,ifs,FALSE,10,elitize_generation_data,2,10,0.233,NA
4,23,double-letters,ifs,FALSE,10,elitize_generation_data,3,9,0.16,NA
5,23,double-letters,ifs,FALSE,10,elitize_generation_data,4,13,0.089,NA
6,23,double-letters,ifs,FALSE,10,elitize_generation_data,5,8,0.056,NA
7,23,double-letters,ifs,FALSE,10,elitize_generation_data,6,10,0.047,NA
8,23,double-letters,ifs,FALSE,10,elitize_generation_data,7,13,0.053,NA
9,23,double-letters,ifs,FALSE,10,elitize_generation_data,8,9,0.043,NA
10,23,double-letters,ifs,FALSE,10,elitize_generation_data,9,10,0.049,NA
11,23,double-letters,ifs,FALSE,10,elitize_generation_data,10,10,0.051,NA
12,23,double-letters,ifs,FALSE,10,elitize_generation_data,11,14,0.057,NA
13,23,double-letters,ifs,FALSE,10,elitize_generation_data,12,10,0.059,NA
14,23,double-letters,ifs,FALSE,10,elitize_generation_data,13,10,0.055,NA
15,23,double-letters,ifs,FALSE,10,elitize_generation_data,14,11,0.058,NA
16,23,double-letters,ifs,FALSE,10,elitize_generation_data,15,9,0.084,NA
17,23,double-letters,ifs,FALSE,10,elitize_generation_data,16,10,0.124,NA
18,23,double-letters,ifs,FALSE,10,elitize_generation_data,17,9,0.127,NA
19,23,double-letters,ifs,FALSE,10,elitize_generation_data,18,12,0.167,NA
20,23,double-letters,ifs,FALSE,10,elitize_generation_data,19,13,0.222,NA
21,23,double-letters,ifs,FALSE,10,elitize_generation_data,20,17,0.253,NA
22,23,double-letters,ifs,FALSE,10,elitize_generation_data,21,20,0.299,NA
23,23,double-letters,ifs,FALSE,10,elitize_generation_data,22,16,0.345,NA
24,23,double-letters,ifs,FALSE,10,elitize_generation_data,23,18,0.312,NA
25,23,double-letters,ifs,FALSE,10,elitize_generation_data,24,21,0.332,NA
26,23,double-letters,ifs,FALSE,10,elitize_generation_data,25,26,0.346,NA
27,23,double-letters,ifs,FALSE,10,elitize_generation_data,26,21,0.39,NA
28,23,double-letters,ifs,FALSE,10,elitize_generation_data,27,25,0.384,NA
29,23,double-letters,ifs,FALSE,10,elitize_generation_data,28,21,0.442,NA
30,23,double-letters,ifs,FALSE,10,elitize_generation_data,29,26,0.417,NA
31,23,double-letters,ifs,FALSE,10,elitize_generation_data,30,22,0.425,NA
32,23,double-letters,ifs,FALSE,10,elitize_generation_data,31,32,0.401,NA
33,23,double-letters,ifs,FALSE,10,elitize_generation_data,32,18,0.374,NA
34,23,double-letters,ifs,FALSE,10,elitize_generation_data,33,24,0.428,NA
35,23,double-letters,ifs,FALSE,10,elitize_generation_data,34,18,0.428,NA
36,23,double-letters,ifs,FALSE,10,elitize_generation_data,35,21,0.455,NA
37,23,double-letters,ifs,FALSE,10,elitize_generation_data,36,26,0.496,NA
38,23,double-letters,ifs,FALSE,10,elitize_generation_data,37,26,0.515,NA
39,23,double-letters,ifs,FALSE,10,elitize_generation_data,38,26,0.49,NA
40,23,double-letters,ifs,FALSE,10,elitize_generation_data,39,22,0.496,NA
41,23,double-letters,ifs,FALSE,10,elitize_generation_data,40,23,0.501,NA
42,23,double-letters,ifs,FALSE,10,elitize_generation_data,41,26,0.474,NA
43,23,double-letters,ifs,FALSE,10,elitize_generation_data,42,35,0.487,NA
44,23,double-letters,ifs,FALSE,10,elitize_generation_data,43,30,0.489,NA
45,23,double-letters,ifs,FALSE,10,elitize_generation_data,44,29,0.534,NA
46,23,double-letters,ifs,FALSE,10,elitize_generation_data,45,35,0.504,NA
47,23,double-letters,ifs,FALSE,10,elitize_generation_data,46,36,0.469,NA
48,23,double-letters,ifs,FALSE,10,elitize_generation_data,47,30,0.416,NA
49,23,double-letters,ifs,FALSE,10,elitize_generation_data,48,37,0.427,NA
50,23,double-letters,ifs,FALSE,10,elitize_generation_data,49,30,0.45,NA
51,23,double-letters,ifs,FALSE,10,elitize_generation_data,50,29,0.48,NA
52,23,double-letters,ifs,FALSE,10,elitize_generation_data,51,42,0.497,NA
53,23,double-letters,ifs,FALSE,10,elitize_generation_data,52,34,0.468,NA
54,23,double-letters,ifs,FALSE,10,elitize_generation_data,53,34,0.488,NA
55,23,double-letters,ifs,FALSE,10,elitize_generation_data,54,27,0.502,NA
56,23,double-letters,ifs,FALSE,10,elitize_generation_data,55,27,0.551,NA
57,23,double-letters,ifs,FALSE,10,elitize_generation_data,56,32,0.563,NA
58,23,double-letters,ifs,FALSE,10,elitize_generation_data,57,31,0.557,NA
59,23,double-letters,ifs,FALSE,10,elitize_generation_data,58,30,0.481,NA
60,23,double-letters,ifs,FALSE,10,elitize_generation_data,59,33,0.536,NA
61,23,double-letters,ifs,FALSE,10,elitize_generation_data,60,34,0.496,NA
62,23,double-letters,ifs,FALSE,10,elitize_generation_data,61,31,0.486,NA
63,23,double-letters,ifs,FALSE,10,elitize_generation_data,62,32,0.471,NA
64,23,double-letters,ifs,FALSE,10,elitize_generation_data,63,32,0.455,NA
65,23,double-letters,ifs,FALSE,10,elitize_generation_data,64,25,0.473,NA
66,23,double-letters,ifs,FALSE,10,elitize_generation_data,65,36,0.45,NA
67,23,double-letters,ifs,FALSE,10,elitize_generation_data,66,39,0.494,NA
68,23,double-letters,ifs,FALSE,10,elitize_generation_data,67,36,0.512,NA
69,23,double-letters,ifs,FALSE,10,elitize_generation_data,68,32,0.469,NA
70,23,double-letters,ifs,FALSE,10,elitize_generation_data,69,28,0.444,NA
71,23,double-letters,ifs,FALSE,10,elitize_generation_data,70,34,0.482,NA
72,23,double-letters,ifs,FALSE,10,elitize_generation_data,71,41,0.467,NA
73,23,double-letters,ifs,FALSE,10,elitize_generation_data,72,31,0.46,NA
74,23,double-letters,ifs,FALSE,10,elitize_generation_data,73,31,0.474,NA
75,23,double-letters,ifs,FALSE,10,elitize_generation_data,74,35,0.523,NA
76,23,double-letters,ifs,FALSE,10,elitize_generation_data,75,39,0.518,NA
77,23,double-letters,ifs,FALSE,10,elitize_generation_data,76,34,0.514,NA
78,23,double-letters,ifs,FALSE,10,elitize_generation_data,77,30,0.457,NA
79,23,double-letters,ifs,FALSE,10,elitize_generation_data,78,27,0.436,NA
80,23,double-letters,ifs,FALSE,10,elitize_generation_data,79,28,0.459,NA
81,23,double-letters,ifs,FALSE,10,elitize_generation_data,80,31,0.479,NA
82,23,double-letters,ifs,FALSE,10,elitize_generation_data,81,35,0.493,NA
83,23,double-letters,ifs,FALSE,10,elitize_generation_data,82,25,0.563,NA
84,23,double-letters,ifs,FALSE,10,elitize_generation_data,83,28,0.596,NA
85,23,double-letters,ifs,FALSE,10,elitize_generation_data,84,28,0.628,NA
86,23,double-letters,ifs,FALSE,10,elitize_generation_data,85,40,0.611,NA
87,23,double-letters,ifs,FALSE,10,elitize_generation_data,86,43,0.618,NA
88,23,double-letters,ifs,FALSE,10,elitize_generation_data,87,44,0.638,NA
89,23,double-letters,ifs,FALSE,10,elitize_generation_data,88,33,0.565,NA
90,23,double-letters,ifs,FALSE,10,elitize_generation_data,89,38,0.558,NA
91,23,double-letters,ifs,FALSE,10,elitize_generation_data,90,38,0.563,NA
92,23,double-letters,ifs,FALSE,10,elitize_generation_data,91,40,0.603,NA
93,23,double-letters,ifs,FALSE,10,elitize_generation_data,92,33,0.596,NA
94,23,double-letters,ifs,FALSE,10,elitize_generation_data,93,39,0.635,NA
95,23,double-letters,ifs,FALSE,10,elitize_generation_data,94,52,0.636,NA
96,23,double-letters,ifs,FALSE,10,elitize_generation_data,95,51,0.655,NA
97,23,double-letters,ifs,FALSE,10,elitize_generation_data,96,34,0.675,NA
98,23,double-letters,ifs,FALSE,10,elitize_generation_data,97,37,0.68,NA
99,23,double-letters,ifs,FALSE,10,elitize_generation_data,98,44,0.663,NA
100,23,double-letters,ifs,FALSE,10,elitize_generation_data,99,47,0.658,NA
101,23,double-letters,ifs,FALSE,10,elitize_generation_data,100,43,0.671,NA
102,23,double-letters,ifs,FALSE,10,elitize_generation_data,101,55,0.644,NA
103,23,double-letters,ifs,FALSE,10,elitize_generation_data,102,45,0.66,NA
104,23,double-letters,ifs,FALSE,10,elitize_generation_data,103,55,0.649,NA
105,23,double-letters,ifs,FALSE,10,elitize_generation_data,104,55,0.64,NA
106,23,double-letters,ifs,FALSE,10,elitize_generation_data,105,52,0.577,NA
107,23,double-letters,ifs,FALSE,10,elitize_generation_data,106,54,0.542,NA
108,23,double-letters,ifs,FALSE,10,elitize_generation_data,107,61,0.554,NA
109,23,double-letters,ifs,FALSE,10,elitize_generation_data,108,48,0.577,NA
110,23,double-letters,ifs,FALSE,10,elitize_generation_data,109,47,0.588,NA
111,23,double-letters,ifs,FALSE,10,elitize_generation_data,110,45,0.581,NA
112,23,double-letters,ifs,FALSE,10,elitize_generation_data,111,51,0.572,NA
113,23,double-letters,ifs,FALSE,10,elitize_generation_data,112,48,0.541,NA
114,23,double-letters,ifs,FALSE,10,elitize_generation_data,113,50,0.555,NA
115,23,double-letters,ifs,FALSE,10,elitize_generation_data,114,62,0.603,NA
116,23,double-letters,ifs,FALSE,10,elitize_generation_data,115,53,0.607,NA
117,23,double-letters,ifs,FALSE,10,elitize_generation_data,116,65,0.612,NA
118,23,double-letters,ifs,FALSE,10,elitize_generation_data,117,54,0.606,NA
119,23,double-letters,ifs,FALSE,10,elitize_generation_data,118,55,0.61,NA
120,23,double-letters,ifs,FALSE,10,elitize_generation_data,119,48,0.594,NA
121,23,double-letters,ifs,FALSE,10,elitize_generation_data,120,51,0.605,NA
122,23,double-letters,ifs,FALSE,10,elitize_generation_data,121,37,0.612,NA
123,23,double-letters,ifs,FALSE,10,elitize_generation_data,122,51,0.596,NA
124,23,double-letters,ifs,FALSE,10,elitize_generation_data,123,46,0.562,NA
125,23,double-letters,ifs,FALSE,10,elitize_generation_data,124,43,0.594,NA
126,23,double-letters,ifs,FALSE,10,elitize_generation_data,125,42,0.608,NA
127,23,double-letters,ifs,FALSE,10,elitize_generation_data,126,47,0.581,NA
128,23,double-letters,ifs,FALSE,10,elitize_generation_data,127,44,0.573,NA
129,23,double-letters,ifs,FALSE,10,elitize_generation_data,128,39,0.552,NA
130,23,double-letters,ifs,FALSE,10,elitize_generation_data,129,49,0.556,NA
131,23,double-letters,ifs,FALSE,10,elitize_generation_data,130,44,0.571,NA
132,23,double-letters,ifs,FALSE,10,elitize_generation_data,131,46,0.584,NA
133,23,double-letters,ifs,FALSE,10,elitize_generation_data,132,41,0.594,NA
134,23,double-letters,ifs,FALSE,10,elitize_generation_data,133,43,0.567,NA
135,23,double-letters,ifs,FALSE,10,elitize_generation_data,134,46,0.582,NA
136,23,double-letters,ifs,FALSE,10,elitize_generation_data,135,48,0.598,NA
137,23,double-letters,ifs,FALSE,10,elitize_generation_data,136,44,0.563,NA
138,23,double-letters,ifs,FALSE,10,elitize_generation_data,137,41,0.583,NA
139,23,double-letters,ifs,FALSE,10,elitize_generation_data,138,46,0.592,NA
140,23,double-letters,ifs,FALSE,10,elitize_generation_data,139,47,0.579,NA
141,23,double-letters,ifs,FALSE,10,elitize_generation_data,140,45,0.588,NA
142,23,double-letters,ifs,FALSE,10,elitize_generation_data,141,49,0.599,NA
143,23,double-letters,ifs,FALSE,10,elitize_generation_data,142,45,0.634,NA
144,23,double-letters,ifs,FALSE,10,elitize_generation_data,143,39,0.635,NA
145,23,double-letters,ifs,FALSE,10,elitize_generation_data,144,45,0.629,NA
146,23,double-letters,ifs,FALSE,10,elitize_generation_data,145,44,0.612,NA
147,23,double-letters,ifs,FALSE,10,elitize_generation_data,146,37,0.578,NA
148,23,double-letters,ifs,FALSE,10,elitize_generation_data,147,51,0.603,NA
149,23,double-letters,ifs,FALSE,10,elitize_generation_data,148,44,0.588,NA
150,23,double-letters,ifs,FALSE,10,elitize_generation_data,149,39,0.579,NA
151,23,double-letters,ifs,FALSE,10,elitize_generation_data,150,50,0.592,NA
152,23,double-letters,ifs,FALSE,10,elitize_generation_data,151,48,0.577,NA
153,23,double-letters,ifs,FALSE,10,elitize_generation_data,152,42,0.623,NA
154,23,double-letters,ifs,FALSE,10,elitize_generation_data,153,52,0.628,NA
155,23,double-letters,ifs,FALSE,10,elitize_generation_data,154,48,0.602,NA
156,23,double-letters,ifs,FALSE,10,elitize_generation_data,155,47,0.601,NA
157,23,double-letters,ifs,FALSE,10,elitize_generation_data,156,40,0.605,NA
158,23,double-letters,ifs,FALSE,10,elitize_generation_data,157,50,0.612,NA
159,23,double-letters,ifs,FALSE,10,elitize_generation_data,158,56,0.59,NA
160,23,double-letters,ifs,FALSE,10,elitize_generation_data,159,60,0.617,NA
161,23,double-letters,ifs,FALSE,10,elitize_generation_data,160,48,0.628,NA
162,23,double-letters,ifs,FALSE,10,elitize_generation_data,161,54,0.598,NA
163,23,double-letters,ifs,FALSE,10,elitize_generation_data,162,53,0.59,NA
164,23,double-letters,ifs,FALSE,10,elitize_generation_data,163,44,0.575,NA
165,23,double-letters,ifs,FALSE,10,elitize_generation_data,164,45,0.577,NA
166,23,double-letters,ifs,FALSE,10,elitize_generation_data,165,52,0.583,NA
167,23,double-letters,ifs,FALSE,10,elitize_generation_data,166,49,0.606,NA
168,23,double-letters,ifs,FALSE,10,elitize_generation_data,167,57,0.59,NA
169,23,double-letters,ifs,FALSE,10,elitize_generation_data,168,51,0.605,NA
170,23,double-letters,ifs,FALSE,10,elitize_generation_data,169,45,0.605,NA
171,23,double-letters,ifs,FALSE,10,elitize_generation_data,170,52,0.601,NA
172,23,double-letters,ifs,FALSE,10,elitize_generation_data,171,56,0.6,NA
173,23,double-letters,ifs,FALSE,10,elitize_generation_data,172,46,0.619,NA
174,23,double-letters,ifs,FALSE,10,elitize_generation_data,173,48,0.596,NA
175,23,double-letters,ifs,FALSE,10,elitize_generation_data,174,41,0.604,NA
176,23,double-letters,ifs,FALSE,10,elitize_generation_data,175,48,0.578,NA
177,23,double-letters,ifs,FALSE,10,elitize_generation_data,176,49,0.6,NA
178,23,double-letters,ifs,FALSE,10,elitize_generation_data,177,45,0.621,NA
179,23,double-letters,ifs,FALSE,10,elitize_generation_data,178,48,0.61,NA
180,23,double-letters,ifs,FALSE,10,elitize_generation_data,179,42,0.599,NA
181,23,double-letters,ifs,FALSE,10,elitize_generation_data,180,39,0.618,NA
182,23,double-letters,ifs,FALSE,10,elitize_generation_data,181,49,0.634,NA
183,23,double-letters,ifs,FALSE,10,elitize_generation_data,182,49,0.619,NA
184,23,double-letters,ifs,FALSE,10,elitize_generation_data,183,57,0.636,NA
185,23,double-letters,ifs,FALSE,10,elitize_generation_data,184,41,0.627,NA
186,23,double-letters,ifs,FALSE,10,elitize_generation_data,185,53,0.618,NA
187,23,double-letters,ifs,FALSE,10,elitize_generation_data,186,45,0.611,NA
188,23,double-letters,ifs,FALSE,10,elitize_generation_data,187,55,0.627,NA
189,23,double-letters,ifs,FALSE,10,elitize_generation_data,188,58,0.621,NA
190,23,double-letters,ifs,FALSE,10,elitize_generation_data,189,45,0.635,NA
191,23,double-letters,ifs,FALSE,10,elitize_generation_data,190,51,0.635,NA
192,23,double-letters,ifs,FALSE,10,elitize_generation_data,191,44,0.603,NA
193,23,double-letters,ifs,FALSE,10,elitize_generation_data,192,52,0.598,NA
194,23,double-letters,ifs,FALSE,10,elitize_generation_data,193,49,0.631,NA
195,23,double-letters,ifs,FALSE,10,elitize_generation_data,194,47,0.622,NA
196,23,double-letters,ifs,FALSE,10,elitize_generation_data,195,44,0.632,NA
197,23,double-letters,ifs,FALSE,10,elitize_generation_data,196,58,0.628,NA
198,23,double-letters,ifs,FALSE,10,elitize_generation_data,197,50,0.633,NA
199,23,double-letters,ifs,FALSE,10,elitize_generation_data,198,51,0.631,NA
200,23,double-letters,ifs,FALSE,10,elitize_generation_data,199,48,0.61,NA
201,23,double-letters,ifs,FALSE,10,elitize_generation_data,200,49,0.628,NA
202,23,double-letters,ifs,FALSE,10,elitize_generation_data,201,43,0.607,NA
203,23,double-letters,ifs,FALSE,10,elitize_generation_data,202,51,0.623,NA
204,23,double-letters,ifs,FALSE,10,elitize_generation_data,203,48,0.601,NA
205,23,double-letters,ifs,FALSE,10,elitize_generation_data,204,52,0.603,NA
206,23,double-letters,ifs,FALSE,10,elitize_generation_data,205,51,0.63,NA
207,23,double-letters,ifs,FALSE,10,elitize_generation_data,206,38,0.615,NA
208,23,double-letters,ifs,FALSE,10,elitize_generation_data,207,47,0.622,NA
209,23,double-letters,ifs,FALSE,10,elitize_generation_data,208,58,0.63,NA
210,23,double-letters,ifs,FALSE,10,elitize_generation_data,209,60,0.634,NA
211,23,double-letters,ifs,FALSE,10,elitize_generation_data,210,53,0.636,NA
212,23,double-letters,ifs,FALSE,10,elitize_generation_data,211,63,0.626,NA
213,23,double-letters,ifs,FALSE,10,elitize_generation_data,212,45,0.661,NA
214,23,double-letters,ifs,FALSE,10,elitize_generation_data,213,48,0.621,NA
215,23,double-letters,ifs,FALSE,10,elitize_generation_data,214,47,0.62,NA
216,23,double-letters,ifs,FALSE,10,elitize_generation_data,215,55,0.629,NA
217,23,double-letters,ifs,FALSE,10,elitize_generation_data,216,57,0.595,NA
218,23,double-letters,ifs,FALSE,10,elitize_generation_data,217,53,0.59,NA
219,23,double-letters,ifs,FALSE,10,elitize_generation_data,218,59,0.63,NA
220,23,double-letters,ifs,FALSE,10,elitize_generation_data,219,55,0.597,NA
221,23,double-letters,ifs,FALSE,10,elitize_generation_data,220,51,0.605,NA
222,23,double-letters,ifs,FALSE,10,elitize_generation_data,221,48,0.609,NA
223,23,double-letters,ifs,FALSE,10,elitize_generation_data,222,40,0.606,NA
224,23,double-letters,ifs,FALSE,10,elitize_generation_data,223,46,0.62,NA
225,23,double-letters,ifs,FALSE,10,elitize_generation_data,224,41,0.63,NA
226,23,double-letters,ifs,FALSE,10,elitize_generation_data,225,58,0.659,NA
227,23,double-letters,ifs,FALSE,10,elitize_generation_data,226,54,0.654,NA
228,23,double-letters,ifs,FALSE,10,elitize_generation_data,227,58,0.659,NA
229,23,double-letters,ifs,FALSE,10,elitize_generation_data,228,59,0.714,NA
230,23,double-letters,ifs,FALSE,10,elitize_generation_data,229,66,0.731,NA
231,23,double-letters,ifs,FALSE,10,elitize_generation_data,230,64,0.749,NA
232,23,double-letters,ifs,FALSE,10,elitize_generation_data,231,63,0.78,NA
233,23,double-letters,ifs,FALSE,10,elitize_generation_data,232,75,0.773,NA
234,23,double-letters,ifs,FALSE,10,elitize_generation_data,233,66,0.739,NA
235,23,double-letters,ifs,FALSE,10,elitize_generation_data,234,62,0.739,NA
236,23,double-letters,ifs,FALSE,10,elitize_generation_data,235,61,0.739,NA
237,23,double-letters,ifs,FALSE,10,elitize_generation_data,236,60,0.75,NA
238,23,double-letters,ifs,FALSE,10,elitize_generation_data,237,70,0.732,NA
239,23,double-letters,ifs,FALSE,10,elitize_generation_data,238,79,0.761,NA
240,23,double-letters,ifs,FALSE,10,elitize_generation_data,239,62,0.756,NA
241,23,double-letters,ifs,FALSE,10,elitize_generation_data,240,65,0.737,NA
242,23,double-letters,ifs,FALSE,10,elitize_generation_data,241,55,0.693,NA
243,23,double-letters,ifs,FALSE,10,elitize_generation_data,242,59,0.692,NA
244,23,double-letters,ifs,FALSE,10,elitize_generation_data,243,54,0.664,NA
245,23,double-letters,ifs,FALSE,10,elitize_generation_data,244,60,0.644,NA
246,23,double-letters,ifs,FALSE,10,elitize_generation_data,245,62,0.682,NA
247,23,double-letters,ifs,FALSE,10,elitize_generation_data,246,60,0.652,NA
248,23,double-letters,ifs,FALSE,10,elitize_generation_data,247,62,0.643,NA
249,23,double-letters,ifs,FALSE,10,elitize_generation_data,248,57,0.585,NA
250,23,double-letters,ifs,FALSE,10,elitize_generation_data,249,56,0.605,NA
251,23,double-letters,ifs,FALSE,10,elitize_generation_data,250,54,0.621,NA
252,23,double-letters,ifs,FALSE,10,elitize_generation_data,251,64,0.624,NA
253,23,double-letters,ifs,FALSE,10,elitize_generation_data,252,50,0.628,NA
254,23,double-letters,ifs,FALSE,10,elitize_generation_data,253,69,0.656,NA
255,23,double-letters,ifs,FALSE,10,elitize_generation_data,254,52,0.631,NA
256,23,double-letters,ifs,FALSE,10,elitize_generation_data,255,58,0.676,NA
257,23,double-letters,ifs,FALSE,10,elitize_generation_data,256,74,0.674,NA
258,23,double-letters,ifs,FALSE,10,elitize_generation_data,257,68,0.665,NA
259,23,double-letters,ifs,FALSE,10,elitize_generation_data,258,63,0.645,NA
260,23,double-letters,ifs,FALSE,10,elitize_generation_data,259,61,0.645,NA
261,23,double-letters,ifs,FALSE,10,elitize_generation_data,260,60,0.638,NA
262,23,double-letters,ifs,FALSE,10,elitize_generation_data,261,67,0.665,NA
263,23,double-letters,ifs,FALSE,10,elitize_generation_data,262,61,0.675,NA
264,23,double-letters,ifs,FALSE,10,elitize_generation_data,263,53,0.666,NA
265,23,double-letters,ifs,FALSE,10,elitize_generation_data,264,60,0.662,NA
266,23,double-letters,ifs,FALSE,10,elitize_generation_data,265,59,0.683,NA
267,23,double-letters,ifs,FALSE,10,elitize_generation_data,266,68,0.666,NA
268,23,double-letters,ifs,FALSE,10,elitize_generation_data,267,60,0.635,NA
269,23,double-letters,ifs,FALSE,10,elitize_generation_data,268,51,0.68,NA
270,23,double-letters,ifs,FALSE,10,elitize_generation_data,269,60,0.659,NA
271,23,double-letters,ifs,FALSE,10,elitize_generation_data,270,61,0.665,NA
272,23,double-letters,ifs,FALSE,10,elitize_generation_data,271,62,0.661,NA
273,23,double-letters,ifs,FALSE,10,elitize_generation_data,272,60,0.676,NA
274,23,double-letters,ifs,FALSE,10,elitize_generation_data,273,63,0.638,NA
275,23,double-letters,ifs,FALSE,10,elitize_generation_data,274,64,0.676,NA
276,23,double-letters,ifs,FALSE,10,elitize_generation_data,275,59,0.656,NA
277,23,double-letters,ifs,FALSE,10,elitize_generation_data,276,66,0.665,NA
278,23,double-letters,ifs,FALSE,10,elitize_generation_data,277,60,0.681,NA
279,23,double-letters,ifs,FALSE,10,elitize_generation_data,278,64,0.68,NA
280,23,double-letters,ifs,FALSE,10,elitize_generation_data,279,65,0.656,NA
281,23,double-letters,ifs,FALSE,10,elitize_generation_data,280,72,0.695,NA
282,23,double-letters,ifs,FALSE,10,elitize_generation_data,281,69,0.682,NA
283,23,double-letters,ifs,FALSE,10,elitize_generation_data,282,68,0.673,NA
284,23,double-letters,ifs,FALSE,10,elitize_generation_data,283,68,0.68,NA
285,23,double-letters,ifs,FALSE,10,elitize_generation_data,284,78,0.697,NA
286,23,double-letters,ifs,FALSE,10,elitize_generation_data,285,90,0.691,NA
287,23,double-letters,ifs,FALSE,10,elitize_generation_data,286,84,0.677,NA
288,23,double-letters,ifs,FALSE,10,elitize_generation_data,287,81,0.652,NA
289,23,double-letters,ifs,FALSE,10,elitize_generation_data,288,75,0.676,NA
290,23,double-letters,ifs,FALSE,10,elitize_generation_data,289,87,0.695,NA
291,23,double-letters,ifs,FALSE,10,elitize_generation_data,290,84,0.684,NA
292,23,double-letters,ifs,FALSE,10,elitize_generation_data,291,94,0.716,NA
293,23,double-letters,ifs,FALSE,10,elitize_generation_data,292,78,0.726,NA
294,23,double-letters,ifs,FALSE,10,elitize_generation_data,293,94,0.718,NA
295,23,double-letters,ifs,FALSE,10,elitize_generation_data,294,89,0.744,NA
296,23,double-letters,ifs,FALSE,10,elitize_generation_data,295,77,0.742,NA
297,23,double-letters,ifs,FALSE,10,elitize_generation_data,296,95,0.753,NA
298,23,double-letters,ifs,FALSE,10,elitize_generation_data,297,95,0.731,NA
299,23,double-letters,ifs,FALSE,10,elitize_generation_data,298,84,0.739,NA
300,23,double-letters,ifs,FALSE,10,elitize_generation_data,299,85,0.716,NA
301,23,double-letters,ifs,FALSE,10,elitize_generation_data,300,81,0.733,NA
