,run.num,problem,treatment,succeeded,height,normalization.function,generation,cluster.count,error.diversity,success.generation
1,54,double-letters,ifs,FALSE,10,elitize_generation_data,0,4,0.373,NA
2,54,double-letters,ifs,FALSE,10,elitize_generation_data,1,6,0.15,NA
3,54,double-letters,ifs,FALSE,10,elitize_generation_data,2,10,0.194,NA
4,54,double-letters,ifs,FALSE,10,elitize_generation_data,3,12,0.235,NA
5,54,double-letters,ifs,FALSE,10,elitize_generation_data,4,10,0.051,NA
6,54,double-letters,ifs,FALSE,10,elitize_generation_data,5,6,0.025,NA
7,54,double-letters,ifs,FALSE,10,elitize_generation_data,6,6,0.014,NA
8,54,double-letters,ifs,FALSE,10,elitize_generation_data,7,3,0.012,NA
9,54,double-letters,ifs,FALSE,10,elitize_generation_data,8,6,0.012,NA
10,54,double-letters,ifs,FALSE,10,elitize_generation_data,9,5,0.014,NA
11,54,double-letters,ifs,FALSE,10,elitize_generation_data,10,6,0.013,NA
12,54,double-letters,ifs,FALSE,10,elitize_generation_data,11,4,0.014,NA
13,54,double-letters,ifs,FALSE,10,elitize_generation_data,12,6,0.015,NA
14,54,double-letters,ifs,FALSE,10,elitize_generation_data,13,3,0.007,NA
15,54,double-letters,ifs,FALSE,10,elitize_generation_data,14,4,0.015,NA
16,54,double-letters,ifs,FALSE,10,elitize_generation_data,15,4,0.01,NA
17,54,double-letters,ifs,FALSE,10,elitize_generation_data,16,3,0.011,NA
18,54,double-letters,ifs,FALSE,10,elitize_generation_data,17,6,0.011,NA
19,54,double-letters,ifs,FALSE,10,elitize_generation_data,18,4,0.007,NA
20,54,double-letters,ifs,FALSE,10,elitize_generation_data,19,4,0.011,NA
21,54,double-letters,ifs,FALSE,10,elitize_generation_data,20,4,0.016,NA
22,54,double-letters,ifs,FALSE,10,elitize_generation_data,21,5,0.01,NA
23,54,double-letters,ifs,FALSE,10,elitize_generation_data,22,5,0.012,NA
24,54,double-letters,ifs,FALSE,10,elitize_generation_data,23,7,0.015,NA
25,54,double-letters,ifs,FALSE,10,elitize_generation_data,24,6,0.014,NA
26,54,double-letters,ifs,FALSE,10,elitize_generation_data,25,6,0.018,NA
27,54,double-letters,ifs,FALSE,10,elitize_generation_data,26,6,0.011,NA
28,54,double-letters,ifs,FALSE,10,elitize_generation_data,27,4,0.01,NA
29,54,double-letters,ifs,FALSE,10,elitize_generation_data,28,5,0.012,NA
30,54,double-letters,ifs,FALSE,10,elitize_generation_data,29,5,0.011,NA
31,54,double-letters,ifs,FALSE,10,elitize_generation_data,30,5,0.013,NA
32,54,double-letters,ifs,FALSE,10,elitize_generation_data,31,5,0.014,NA
33,54,double-letters,ifs,FALSE,10,elitize_generation_data,32,5,0.009,NA
34,54,double-letters,ifs,FALSE,10,elitize_generation_data,33,6,0.009,NA
35,54,double-letters,ifs,FALSE,10,elitize_generation_data,34,6,0.01,NA
36,54,double-letters,ifs,FALSE,10,elitize_generation_data,35,3,0.009,NA
37,54,double-letters,ifs,FALSE,10,elitize_generation_data,36,5,0.009,NA
38,54,double-letters,ifs,FALSE,10,elitize_generation_data,37,6,0.011,NA
39,54,double-letters,ifs,FALSE,10,elitize_generation_data,38,5,0.013,NA
40,54,double-letters,ifs,FALSE,10,elitize_generation_data,39,5,0.01,NA
41,54,double-letters,ifs,FALSE,10,elitize_generation_data,40,5,0.009,NA
42,54,double-letters,ifs,FALSE,10,elitize_generation_data,41,4,0.007,NA
43,54,double-letters,ifs,FALSE,10,elitize_generation_data,42,7,0.01,NA
44,54,double-letters,ifs,FALSE,10,elitize_generation_data,43,6,0.011,NA
45,54,double-letters,ifs,FALSE,10,elitize_generation_data,44,5,0.01,NA
46,54,double-letters,ifs,FALSE,10,elitize_generation_data,45,7,0.01,NA
47,54,double-letters,ifs,FALSE,10,elitize_generation_data,46,4,0.008,NA
48,54,double-letters,ifs,FALSE,10,elitize_generation_data,47,6,0.012,NA
49,54,double-letters,ifs,FALSE,10,elitize_generation_data,48,4,0.011,NA
50,54,double-letters,ifs,FALSE,10,elitize_generation_data,49,5,0.009,NA
51,54,double-letters,ifs,FALSE,10,elitize_generation_data,50,3,0.007,NA
52,54,double-letters,ifs,FALSE,10,elitize_generation_data,51,6,0.01,NA
53,54,double-letters,ifs,FALSE,10,elitize_generation_data,52,6,0.013,NA
54,54,double-letters,ifs,FALSE,10,elitize_generation_data,53,4,0.01,NA
55,54,double-letters,ifs,FALSE,10,elitize_generation_data,54,6,0.011,NA
56,54,double-letters,ifs,FALSE,10,elitize_generation_data,55,8,0.016,NA
57,54,double-letters,ifs,FALSE,10,elitize_generation_data,56,6,0.01,NA
58,54,double-letters,ifs,FALSE,10,elitize_generation_data,57,7,0.012,NA
59,54,double-letters,ifs,FALSE,10,elitize_generation_data,58,6,0.012,NA
60,54,double-letters,ifs,FALSE,10,elitize_generation_data,59,6,0.011,NA
61,54,double-letters,ifs,FALSE,10,elitize_generation_data,60,5,0.012,NA
62,54,double-letters,ifs,FALSE,10,elitize_generation_data,61,6,0.016,NA
63,54,double-letters,ifs,FALSE,10,elitize_generation_data,62,7,0.017,NA
64,54,double-letters,ifs,FALSE,10,elitize_generation_data,63,6,0.015,NA
65,54,double-letters,ifs,FALSE,10,elitize_generation_data,64,6,0.013,NA
66,54,double-letters,ifs,FALSE,10,elitize_generation_data,65,6,0.013,NA
67,54,double-letters,ifs,FALSE,10,elitize_generation_data,66,6,0.016,NA
68,54,double-letters,ifs,FALSE,10,elitize_generation_data,67,8,0.021,NA
69,54,double-letters,ifs,FALSE,10,elitize_generation_data,68,7,0.021,NA
70,54,double-letters,ifs,FALSE,10,elitize_generation_data,69,8,0.026,NA
71,54,double-letters,ifs,FALSE,10,elitize_generation_data,70,8,0.035,NA
72,54,double-letters,ifs,FALSE,10,elitize_generation_data,71,8,0.025,NA
73,54,double-letters,ifs,FALSE,10,elitize_generation_data,72,10,0.031,NA
74,54,double-letters,ifs,FALSE,10,elitize_generation_data,73,10,0.037,NA
75,54,double-letters,ifs,FALSE,10,elitize_generation_data,74,9,0.038,NA
76,54,double-letters,ifs,FALSE,10,elitize_generation_data,75,9,0.03,NA
77,54,double-letters,ifs,FALSE,10,elitize_generation_data,76,9,0.032,NA
78,54,double-letters,ifs,FALSE,10,elitize_generation_data,77,9,0.028,NA
79,54,double-letters,ifs,FALSE,10,elitize_generation_data,78,7,0.028,NA
80,54,double-letters,ifs,FALSE,10,elitize_generation_data,79,8,0.024,NA
81,54,double-letters,ifs,FALSE,10,elitize_generation_data,80,10,0.035,NA
82,54,double-letters,ifs,FALSE,10,elitize_generation_data,81,8,0.035,NA
83,54,double-letters,ifs,FALSE,10,elitize_generation_data,82,9,0.032,NA
84,54,double-letters,ifs,FALSE,10,elitize_generation_data,83,9,0.03,NA
85,54,double-letters,ifs,FALSE,10,elitize_generation_data,84,8,0.031,NA
86,54,double-letters,ifs,FALSE,10,elitize_generation_data,85,10,0.036,NA
87,54,double-letters,ifs,FALSE,10,elitize_generation_data,86,9,0.033,NA
88,54,double-letters,ifs,FALSE,10,elitize_generation_data,87,7,0.031,NA
89,54,double-letters,ifs,FALSE,10,elitize_generation_data,88,10,0.035,NA
90,54,double-letters,ifs,FALSE,10,elitize_generation_data,89,10,0.029,NA
91,54,double-letters,ifs,FALSE,10,elitize_generation_data,90,9,0.027,NA
92,54,double-letters,ifs,FALSE,10,elitize_generation_data,91,10,0.045,NA
93,54,double-letters,ifs,FALSE,10,elitize_generation_data,92,8,0.029,NA
94,54,double-letters,ifs,FALSE,10,elitize_generation_data,93,9,0.025,NA
95,54,double-letters,ifs,FALSE,10,elitize_generation_data,94,8,0.036,NA
96,54,double-letters,ifs,FALSE,10,elitize_generation_data,95,9,0.031,NA
97,54,double-letters,ifs,FALSE,10,elitize_generation_data,96,8,0.034,NA
98,54,double-letters,ifs,FALSE,10,elitize_generation_data,97,8,0.036,NA
99,54,double-letters,ifs,FALSE,10,elitize_generation_data,98,9,0.035,NA
100,54,double-letters,ifs,FALSE,10,elitize_generation_data,99,10,0.038,NA
101,54,double-letters,ifs,FALSE,10,elitize_generation_data,100,9,0.035,NA
102,54,double-letters,ifs,FALSE,10,elitize_generation_data,101,8,0.034,NA
103,54,double-letters,ifs,FALSE,10,elitize_generation_data,102,10,0.031,NA
104,54,double-letters,ifs,FALSE,10,elitize_generation_data,103,6,0.032,NA
105,54,double-letters,ifs,FALSE,10,elitize_generation_data,104,8,0.034,NA
106,54,double-letters,ifs,FALSE,10,elitize_generation_data,105,11,0.031,NA
107,54,double-letters,ifs,FALSE,10,elitize_generation_data,106,11,0.042,NA
108,54,double-letters,ifs,FALSE,10,elitize_generation_data,107,9,0.032,NA
109,54,double-letters,ifs,FALSE,10,elitize_generation_data,108,10,0.041,NA
110,54,double-letters,ifs,FALSE,10,elitize_generation_data,109,8,0.034,NA
111,54,double-letters,ifs,FALSE,10,elitize_generation_data,110,8,0.034,NA
112,54,double-letters,ifs,FALSE,10,elitize_generation_data,111,10,0.039,NA
113,54,double-letters,ifs,FALSE,10,elitize_generation_data,112,9,0.032,NA
114,54,double-letters,ifs,FALSE,10,elitize_generation_data,113,10,0.04,NA
115,54,double-letters,ifs,FALSE,10,elitize_generation_data,114,9,0.04,NA
116,54,double-letters,ifs,FALSE,10,elitize_generation_data,115,11,0.047,NA
117,54,double-letters,ifs,FALSE,10,elitize_generation_data,116,8,0.034,NA
118,54,double-letters,ifs,FALSE,10,elitize_generation_data,117,8,0.028,NA
119,54,double-letters,ifs,FALSE,10,elitize_generation_data,118,10,0.035,NA
120,54,double-letters,ifs,FALSE,10,elitize_generation_data,119,9,0.037,NA
121,54,double-letters,ifs,FALSE,10,elitize_generation_data,120,9,0.043,NA
122,54,double-letters,ifs,FALSE,10,elitize_generation_data,121,8,0.036,NA
123,54,double-letters,ifs,FALSE,10,elitize_generation_data,122,10,0.04,NA
124,54,double-letters,ifs,FALSE,10,elitize_generation_data,123,12,0.03,NA
125,54,double-letters,ifs,FALSE,10,elitize_generation_data,124,10,0.038,NA
126,54,double-letters,ifs,FALSE,10,elitize_generation_data,125,8,0.036,NA
127,54,double-letters,ifs,FALSE,10,elitize_generation_data,126,10,0.031,NA
128,54,double-letters,ifs,FALSE,10,elitize_generation_data,127,7,0.04,NA
129,54,double-letters,ifs,FALSE,10,elitize_generation_data,128,13,0.038,NA
130,54,double-letters,ifs,FALSE,10,elitize_generation_data,129,9,0.043,NA
131,54,double-letters,ifs,FALSE,10,elitize_generation_data,130,10,0.036,NA
132,54,double-letters,ifs,FALSE,10,elitize_generation_data,131,11,0.044,NA
133,54,double-letters,ifs,FALSE,10,elitize_generation_data,132,12,0.037,NA
134,54,double-letters,ifs,FALSE,10,elitize_generation_data,133,10,0.047,NA
135,54,double-letters,ifs,FALSE,10,elitize_generation_data,134,11,0.034,NA
136,54,double-letters,ifs,FALSE,10,elitize_generation_data,135,10,0.042,NA
137,54,double-letters,ifs,FALSE,10,elitize_generation_data,136,13,0.038,NA
138,54,double-letters,ifs,FALSE,10,elitize_generation_data,137,9,0.036,NA
139,54,double-letters,ifs,FALSE,10,elitize_generation_data,138,9,0.038,NA
140,54,double-letters,ifs,FALSE,10,elitize_generation_data,139,11,0.037,NA
141,54,double-letters,ifs,FALSE,10,elitize_generation_data,140,10,0.031,NA
142,54,double-letters,ifs,FALSE,10,elitize_generation_data,141,10,0.032,NA
143,54,double-letters,ifs,FALSE,10,elitize_generation_data,142,8,0.04,NA
144,54,double-letters,ifs,FALSE,10,elitize_generation_data,143,10,0.034,NA
145,54,double-letters,ifs,FALSE,10,elitize_generation_data,144,13,0.038,NA
146,54,double-letters,ifs,FALSE,10,elitize_generation_data,145,10,0.036,NA
147,54,double-letters,ifs,FALSE,10,elitize_generation_data,146,9,0.031,NA
148,54,double-letters,ifs,FALSE,10,elitize_generation_data,147,11,0.036,NA
149,54,double-letters,ifs,FALSE,10,elitize_generation_data,148,14,0.039,NA
150,54,double-letters,ifs,FALSE,10,elitize_generation_data,149,11,0.04,NA
151,54,double-letters,ifs,FALSE,10,elitize_generation_data,150,9,0.036,NA
152,54,double-letters,ifs,FALSE,10,elitize_generation_data,151,12,0.045,NA
153,54,double-letters,ifs,FALSE,10,elitize_generation_data,152,9,0.033,NA
154,54,double-letters,ifs,FALSE,10,elitize_generation_data,153,9,0.035,NA
155,54,double-letters,ifs,FALSE,10,elitize_generation_data,154,10,0.032,NA
156,54,double-letters,ifs,FALSE,10,elitize_generation_data,155,12,0.036,NA
157,54,double-letters,ifs,FALSE,10,elitize_generation_data,156,8,0.036,NA
158,54,double-letters,ifs,FALSE,10,elitize_generation_data,157,10,0.033,NA
159,54,double-letters,ifs,FALSE,10,elitize_generation_data,158,11,0.036,NA
160,54,double-letters,ifs,FALSE,10,elitize_generation_data,159,13,0.042,NA
161,54,double-letters,ifs,FALSE,10,elitize_generation_data,160,10,0.037,NA
162,54,double-letters,ifs,FALSE,10,elitize_generation_data,161,9,0.036,NA
163,54,double-letters,ifs,FALSE,10,elitize_generation_data,162,10,0.038,NA
164,54,double-letters,ifs,FALSE,10,elitize_generation_data,163,8,0.029,NA
165,54,double-letters,ifs,FALSE,10,elitize_generation_data,164,9,0.036,NA
166,54,double-letters,ifs,FALSE,10,elitize_generation_data,165,12,0.041,NA
167,54,double-letters,ifs,FALSE,10,elitize_generation_data,166,9,0.03,NA
168,54,double-letters,ifs,FALSE,10,elitize_generation_data,167,10,0.04,NA
169,54,double-letters,ifs,FALSE,10,elitize_generation_data,168,9,0.042,NA
170,54,double-letters,ifs,FALSE,10,elitize_generation_data,169,12,0.043,NA
171,54,double-letters,ifs,FALSE,10,elitize_generation_data,170,10,0.036,NA
172,54,double-letters,ifs,FALSE,10,elitize_generation_data,171,7,0.038,NA
173,54,double-letters,ifs,FALSE,10,elitize_generation_data,172,13,0.041,NA
174,54,double-letters,ifs,FALSE,10,elitize_generation_data,173,11,0.034,NA
175,54,double-letters,ifs,FALSE,10,elitize_generation_data,174,12,0.039,NA
176,54,double-letters,ifs,FALSE,10,elitize_generation_data,175,11,0.042,NA
177,54,double-letters,ifs,FALSE,10,elitize_generation_data,176,10,0.034,NA
178,54,double-letters,ifs,FALSE,10,elitize_generation_data,177,11,0.042,NA
179,54,double-letters,ifs,FALSE,10,elitize_generation_data,178,10,0.038,NA
180,54,double-letters,ifs,FALSE,10,elitize_generation_data,179,10,0.033,NA
181,54,double-letters,ifs,FALSE,10,elitize_generation_data,180,12,0.037,NA
182,54,double-letters,ifs,FALSE,10,elitize_generation_data,181,9,0.042,NA
183,54,double-letters,ifs,FALSE,10,elitize_generation_data,182,11,0.041,NA
184,54,double-letters,ifs,FALSE,10,elitize_generation_data,183,10,0.036,NA
185,54,double-letters,ifs,FALSE,10,elitize_generation_data,184,10,0.038,NA
186,54,double-letters,ifs,FALSE,10,elitize_generation_data,185,10,0.041,NA
187,54,double-letters,ifs,FALSE,10,elitize_generation_data,186,10,0.038,NA
188,54,double-letters,ifs,FALSE,10,elitize_generation_data,187,9,0.034,NA
189,54,double-letters,ifs,FALSE,10,elitize_generation_data,188,11,0.035,NA
190,54,double-letters,ifs,FALSE,10,elitize_generation_data,189,8,0.029,NA
191,54,double-letters,ifs,FALSE,10,elitize_generation_data,190,11,0.036,NA
192,54,double-letters,ifs,FALSE,10,elitize_generation_data,191,9,0.034,NA
193,54,double-letters,ifs,FALSE,10,elitize_generation_data,192,11,0.032,NA
194,54,double-letters,ifs,FALSE,10,elitize_generation_data,193,11,0.031,NA
195,54,double-letters,ifs,FALSE,10,elitize_generation_data,194,11,0.042,NA
196,54,double-letters,ifs,FALSE,10,elitize_generation_data,195,10,0.031,NA
197,54,double-letters,ifs,FALSE,10,elitize_generation_data,196,10,0.035,NA
198,54,double-letters,ifs,FALSE,10,elitize_generation_data,197,11,0.042,NA
199,54,double-letters,ifs,FALSE,10,elitize_generation_data,198,11,0.045,NA
200,54,double-letters,ifs,FALSE,10,elitize_generation_data,199,10,0.039,NA
201,54,double-letters,ifs,FALSE,10,elitize_generation_data,200,12,0.051,NA
202,54,double-letters,ifs,FALSE,10,elitize_generation_data,201,11,0.061,NA
203,54,double-letters,ifs,FALSE,10,elitize_generation_data,202,16,0.082,NA
204,54,double-letters,ifs,FALSE,10,elitize_generation_data,203,13,0.099,NA
205,54,double-letters,ifs,FALSE,10,elitize_generation_data,204,14,0.119,NA
206,54,double-letters,ifs,FALSE,10,elitize_generation_data,205,14,0.133,NA
207,54,double-letters,ifs,FALSE,10,elitize_generation_data,206,18,0.158,NA
208,54,double-letters,ifs,FALSE,10,elitize_generation_data,207,19,0.176,NA
209,54,double-letters,ifs,FALSE,10,elitize_generation_data,208,16,0.131,NA
210,54,double-letters,ifs,FALSE,10,elitize_generation_data,209,13,0.14,NA
211,54,double-letters,ifs,FALSE,10,elitize_generation_data,210,13,0.156,NA
212,54,double-letters,ifs,FALSE,10,elitize_generation_data,211,12,0.196,NA
213,54,double-letters,ifs,FALSE,10,elitize_generation_data,212,12,0.177,NA
214,54,double-letters,ifs,FALSE,10,elitize_generation_data,213,15,0.189,NA
215,54,double-letters,ifs,FALSE,10,elitize_generation_data,214,15,0.161,NA
216,54,double-letters,ifs,FALSE,10,elitize_generation_data,215,12,0.179,NA
217,54,double-letters,ifs,FALSE,10,elitize_generation_data,216,14,0.181,NA
218,54,double-letters,ifs,FALSE,10,elitize_generation_data,217,12,0.177,NA
219,54,double-letters,ifs,FALSE,10,elitize_generation_data,218,13,0.193,NA
220,54,double-letters,ifs,FALSE,10,elitize_generation_data,219,14,0.229,NA
221,54,double-letters,ifs,FALSE,10,elitize_generation_data,220,15,0.206,NA
222,54,double-letters,ifs,FALSE,10,elitize_generation_data,221,15,0.155,NA
223,54,double-letters,ifs,FALSE,10,elitize_generation_data,222,13,0.152,NA
224,54,double-letters,ifs,FALSE,10,elitize_generation_data,223,17,0.187,NA
225,54,double-letters,ifs,FALSE,10,elitize_generation_data,224,13,0.207,NA
226,54,double-letters,ifs,FALSE,10,elitize_generation_data,225,18,0.198,NA
227,54,double-letters,ifs,FALSE,10,elitize_generation_data,226,15,0.17,NA
228,54,double-letters,ifs,FALSE,10,elitize_generation_data,227,14,0.152,NA
229,54,double-letters,ifs,FALSE,10,elitize_generation_data,228,18,0.187,NA
230,54,double-letters,ifs,FALSE,10,elitize_generation_data,229,18,0.163,NA
231,54,double-letters,ifs,FALSE,10,elitize_generation_data,230,18,0.208,NA
232,54,double-letters,ifs,FALSE,10,elitize_generation_data,231,16,0.205,NA
233,54,double-letters,ifs,FALSE,10,elitize_generation_data,232,16,0.202,NA
234,54,double-letters,ifs,FALSE,10,elitize_generation_data,233,19,0.195,NA
235,54,double-letters,ifs,FALSE,10,elitize_generation_data,234,18,0.192,NA
236,54,double-letters,ifs,FALSE,10,elitize_generation_data,235,17,0.217,NA
237,54,double-letters,ifs,FALSE,10,elitize_generation_data,236,19,0.182,NA
238,54,double-letters,ifs,FALSE,10,elitize_generation_data,237,16,0.213,NA
239,54,double-letters,ifs,FALSE,10,elitize_generation_data,238,19,0.217,NA
240,54,double-letters,ifs,FALSE,10,elitize_generation_data,239,19,0.235,NA
241,54,double-letters,ifs,FALSE,10,elitize_generation_data,240,20,0.227,NA
242,54,double-letters,ifs,FALSE,10,elitize_generation_data,241,20,0.239,NA
243,54,double-letters,ifs,FALSE,10,elitize_generation_data,242,21,0.266,NA
244,54,double-letters,ifs,FALSE,10,elitize_generation_data,243,19,0.262,NA
245,54,double-letters,ifs,FALSE,10,elitize_generation_data,244,22,0.277,NA
246,54,double-letters,ifs,FALSE,10,elitize_generation_data,245,19,0.276,NA
247,54,double-letters,ifs,FALSE,10,elitize_generation_data,246,18,0.307,NA
248,54,double-letters,ifs,FALSE,10,elitize_generation_data,247,22,0.296,NA
249,54,double-letters,ifs,FALSE,10,elitize_generation_data,248,22,0.285,NA
250,54,double-letters,ifs,FALSE,10,elitize_generation_data,249,23,0.281,NA
251,54,double-letters,ifs,FALSE,10,elitize_generation_data,250,17,0.273,NA
252,54,double-letters,ifs,FALSE,10,elitize_generation_data,251,18,0.301,NA
253,54,double-letters,ifs,FALSE,10,elitize_generation_data,252,21,0.315,NA
254,54,double-letters,ifs,FALSE,10,elitize_generation_data,253,16,0.301,NA
255,54,double-letters,ifs,FALSE,10,elitize_generation_data,254,20,0.282,NA
256,54,double-letters,ifs,FALSE,10,elitize_generation_data,255,18,0.29,NA
257,54,double-letters,ifs,FALSE,10,elitize_generation_data,256,18,0.275,NA
258,54,double-letters,ifs,FALSE,10,elitize_generation_data,257,24,0.286,NA
259,54,double-letters,ifs,FALSE,10,elitize_generation_data,258,18,0.278,NA
260,54,double-letters,ifs,FALSE,10,elitize_generation_data,259,26,0.264,NA
261,54,double-letters,ifs,FALSE,10,elitize_generation_data,260,19,0.297,NA
262,54,double-letters,ifs,FALSE,10,elitize_generation_data,261,23,0.266,NA
263,54,double-letters,ifs,FALSE,10,elitize_generation_data,262,14,0.277,NA
264,54,double-letters,ifs,FALSE,10,elitize_generation_data,263,16,0.279,NA
265,54,double-letters,ifs,FALSE,10,elitize_generation_data,264,20,0.289,NA
266,54,double-letters,ifs,FALSE,10,elitize_generation_data,265,21,0.294,NA
267,54,double-letters,ifs,FALSE,10,elitize_generation_data,266,21,0.306,NA
268,54,double-letters,ifs,FALSE,10,elitize_generation_data,267,20,0.286,NA
269,54,double-letters,ifs,FALSE,10,elitize_generation_data,268,19,0.298,NA
270,54,double-letters,ifs,FALSE,10,elitize_generation_data,269,17,0.287,NA
271,54,double-letters,ifs,FALSE,10,elitize_generation_data,270,14,0.289,NA
272,54,double-letters,ifs,FALSE,10,elitize_generation_data,271,15,0.302,NA
273,54,double-letters,ifs,FALSE,10,elitize_generation_data,272,19,0.276,NA
274,54,double-letters,ifs,FALSE,10,elitize_generation_data,273,17,0.267,NA
275,54,double-letters,ifs,FALSE,10,elitize_generation_data,274,24,0.311,NA
276,54,double-letters,ifs,FALSE,10,elitize_generation_data,275,19,0.295,NA
277,54,double-letters,ifs,FALSE,10,elitize_generation_data,276,19,0.29,NA
278,54,double-letters,ifs,FALSE,10,elitize_generation_data,277,14,0.295,NA
279,54,double-letters,ifs,FALSE,10,elitize_generation_data,278,19,0.305,NA
280,54,double-letters,ifs,FALSE,10,elitize_generation_data,279,22,0.315,NA
281,54,double-letters,ifs,FALSE,10,elitize_generation_data,280,17,0.292,NA
282,54,double-letters,ifs,FALSE,10,elitize_generation_data,281,24,0.291,NA
283,54,double-letters,ifs,FALSE,10,elitize_generation_data,282,23,0.317,NA
284,54,double-letters,ifs,FALSE,10,elitize_generation_data,283,18,0.297,NA
285,54,double-letters,ifs,FALSE,10,elitize_generation_data,284,21,0.269,NA
286,54,double-letters,ifs,FALSE,10,elitize_generation_data,285,19,0.29,NA
287,54,double-letters,ifs,FALSE,10,elitize_generation_data,286,18,0.276,NA
288,54,double-letters,ifs,FALSE,10,elitize_generation_data,287,20,0.295,NA
289,54,double-letters,ifs,FALSE,10,elitize_generation_data,288,19,0.286,NA
290,54,double-letters,ifs,FALSE,10,elitize_generation_data,289,19,0.288,NA
291,54,double-letters,ifs,FALSE,10,elitize_generation_data,290,19,0.287,NA
292,54,double-letters,ifs,FALSE,10,elitize_generation_data,291,21,0.299,NA
293,54,double-letters,ifs,FALSE,10,elitize_generation_data,292,24,0.288,NA
294,54,double-letters,ifs,FALSE,10,elitize_generation_data,293,22,0.318,NA
295,54,double-letters,ifs,FALSE,10,elitize_generation_data,294,22,0.297,NA
296,54,double-letters,ifs,FALSE,10,elitize_generation_data,295,25,0.309,NA
297,54,double-letters,ifs,FALSE,10,elitize_generation_data,296,22,0.317,NA
298,54,double-letters,ifs,FALSE,10,elitize_generation_data,297,22,0.312,NA
299,54,double-letters,ifs,FALSE,10,elitize_generation_data,298,22,0.299,NA
300,54,double-letters,ifs,FALSE,10,elitize_generation_data,299,20,0.284,NA
301,54,double-letters,ifs,FALSE,10,elitize_generation_data,300,25,0.313,NA
