,run.num,problem,treatment,succeeded,height,normalization.function,generation,cluster.count,error.diversity,success.generation
1,61,double-letters,ifs,FALSE,10,elitize_generation_data,0,6,0.377,NA
2,61,double-letters,ifs,FALSE,10,elitize_generation_data,1,7,0.174,NA
3,61,double-letters,ifs,FALSE,10,elitize_generation_data,2,6,0.211,NA
4,61,double-letters,ifs,FALSE,10,elitize_generation_data,3,6,0.138,NA
5,61,double-letters,ifs,FALSE,10,elitize_generation_data,4,6,0.042,NA
6,61,double-letters,ifs,FALSE,10,elitize_generation_data,5,8,0.058,NA
7,61,double-letters,ifs,FALSE,10,elitize_generation_data,6,10,0.104,NA
8,61,double-letters,ifs,FALSE,10,elitize_generation_data,7,10,0.154,NA
9,61,double-letters,ifs,FALSE,10,elitize_generation_data,8,11,0.15,NA
10,61,double-letters,ifs,FALSE,10,elitize_generation_data,9,11,0.188,NA
11,61,double-letters,ifs,FALSE,10,elitize_generation_data,10,18,0.265,NA
12,61,double-letters,ifs,FALSE,10,elitize_generation_data,11,21,0.266,NA
13,61,double-letters,ifs,FALSE,10,elitize_generation_data,12,18,0.247,NA
14,61,double-letters,ifs,FALSE,10,elitize_generation_data,13,23,0.243,NA
15,61,double-letters,ifs,FALSE,10,elitize_generation_data,14,19,0.28,NA
16,61,double-letters,ifs,FALSE,10,elitize_generation_data,15,27,0.287,NA
17,61,double-letters,ifs,FALSE,10,elitize_generation_data,16,26,0.256,NA
18,61,double-letters,ifs,FALSE,10,elitize_generation_data,17,20,0.231,NA
19,61,double-letters,ifs,FALSE,10,elitize_generation_data,18,21,0.22,NA
20,61,double-letters,ifs,FALSE,10,elitize_generation_data,19,25,0.237,NA
21,61,double-letters,ifs,FALSE,10,elitize_generation_data,20,21,0.226,NA
22,61,double-letters,ifs,FALSE,10,elitize_generation_data,21,24,0.194,NA
23,61,double-letters,ifs,FALSE,10,elitize_generation_data,22,25,0.239,NA
24,61,double-letters,ifs,FALSE,10,elitize_generation_data,23,24,0.232,NA
25,61,double-letters,ifs,FALSE,10,elitize_generation_data,24,24,0.245,NA
26,61,double-letters,ifs,FALSE,10,elitize_generation_data,25,23,0.233,NA
27,61,double-letters,ifs,FALSE,10,elitize_generation_data,26,18,0.236,NA
28,61,double-letters,ifs,FALSE,10,elitize_generation_data,27,26,0.258,NA
29,61,double-letters,ifs,FALSE,10,elitize_generation_data,28,26,0.255,NA
30,61,double-letters,ifs,FALSE,10,elitize_generation_data,29,20,0.232,NA
31,61,double-letters,ifs,FALSE,10,elitize_generation_data,30,30,0.257,NA
32,61,double-letters,ifs,FALSE,10,elitize_generation_data,31,24,0.246,NA
33,61,double-letters,ifs,FALSE,10,elitize_generation_data,32,22,0.23,NA
34,61,double-letters,ifs,FALSE,10,elitize_generation_data,33,22,0.214,NA
35,61,double-letters,ifs,FALSE,10,elitize_generation_data,34,27,0.224,NA
36,61,double-letters,ifs,FALSE,10,elitize_generation_data,35,22,0.236,NA
37,61,double-letters,ifs,FALSE,10,elitize_generation_data,36,26,0.241,NA
38,61,double-letters,ifs,FALSE,10,elitize_generation_data,37,31,0.266,NA
39,61,double-letters,ifs,FALSE,10,elitize_generation_data,38,24,0.276,NA
40,61,double-letters,ifs,FALSE,10,elitize_generation_data,39,25,0.261,NA
41,61,double-letters,ifs,FALSE,10,elitize_generation_data,40,31,0.289,NA
42,61,double-letters,ifs,FALSE,10,elitize_generation_data,41,29,0.305,NA
43,61,double-letters,ifs,FALSE,10,elitize_generation_data,42,31,0.286,NA
44,61,double-letters,ifs,FALSE,10,elitize_generation_data,43,24,0.272,NA
45,61,double-letters,ifs,FALSE,10,elitize_generation_data,44,29,0.282,NA
46,61,double-letters,ifs,FALSE,10,elitize_generation_data,45,33,0.303,NA
47,61,double-letters,ifs,FALSE,10,elitize_generation_data,46,37,0.298,NA
48,61,double-letters,ifs,FALSE,10,elitize_generation_data,47,35,0.312,NA
49,61,double-letters,ifs,FALSE,10,elitize_generation_data,48,38,0.337,NA
50,61,double-letters,ifs,FALSE,10,elitize_generation_data,49,34,0.316,NA
51,61,double-letters,ifs,FALSE,10,elitize_generation_data,50,37,0.341,NA
52,61,double-letters,ifs,FALSE,10,elitize_generation_data,51,32,0.347,NA
53,61,double-letters,ifs,FALSE,10,elitize_generation_data,52,37,0.408,NA
54,61,double-letters,ifs,FALSE,10,elitize_generation_data,53,39,0.391,NA
55,61,double-letters,ifs,FALSE,10,elitize_generation_data,54,47,0.4,NA
56,61,double-letters,ifs,FALSE,10,elitize_generation_data,55,48,0.4,NA
57,61,double-letters,ifs,FALSE,10,elitize_generation_data,56,48,0.422,NA
58,61,double-letters,ifs,FALSE,10,elitize_generation_data,57,42,0.409,NA
59,61,double-letters,ifs,FALSE,10,elitize_generation_data,58,52,0.403,NA
60,61,double-letters,ifs,FALSE,10,elitize_generation_data,59,51,0.418,NA
61,61,double-letters,ifs,FALSE,10,elitize_generation_data,60,55,0.427,NA
62,61,double-letters,ifs,FALSE,10,elitize_generation_data,61,44,0.397,NA
63,61,double-letters,ifs,FALSE,10,elitize_generation_data,62,53,0.441,NA
64,61,double-letters,ifs,FALSE,10,elitize_generation_data,63,55,0.488,NA
65,61,double-letters,ifs,FALSE,10,elitize_generation_data,64,58,0.497,NA
66,61,double-letters,ifs,FALSE,10,elitize_generation_data,65,61,0.48,NA
67,61,double-letters,ifs,FALSE,10,elitize_generation_data,66,54,0.504,NA
68,61,double-letters,ifs,FALSE,10,elitize_generation_data,67,59,0.512,NA
69,61,double-letters,ifs,FALSE,10,elitize_generation_data,68,65,0.502,NA
70,61,double-letters,ifs,FALSE,10,elitize_generation_data,69,62,0.503,NA
71,61,double-letters,ifs,FALSE,10,elitize_generation_data,70,57,0.497,NA
72,61,double-letters,ifs,FALSE,10,elitize_generation_data,71,61,0.516,NA
73,61,double-letters,ifs,FALSE,10,elitize_generation_data,72,56,0.495,NA
74,61,double-letters,ifs,FALSE,10,elitize_generation_data,73,66,0.533,NA
75,61,double-letters,ifs,FALSE,10,elitize_generation_data,74,68,0.546,NA
76,61,double-letters,ifs,FALSE,10,elitize_generation_data,75,62,0.593,NA
77,61,double-letters,ifs,FALSE,10,elitize_generation_data,76,63,0.557,NA
78,61,double-letters,ifs,FALSE,10,elitize_generation_data,77,65,0.554,NA
79,61,double-letters,ifs,FALSE,10,elitize_generation_data,78,56,0.555,NA
80,61,double-letters,ifs,FALSE,10,elitize_generation_data,79,51,0.547,NA
81,61,double-letters,ifs,FALSE,10,elitize_generation_data,80,60,0.527,NA
82,61,double-letters,ifs,FALSE,10,elitize_generation_data,81,50,0.531,NA
83,61,double-letters,ifs,FALSE,10,elitize_generation_data,82,53,0.57,NA
84,61,double-letters,ifs,FALSE,10,elitize_generation_data,83,53,0.551,NA
85,61,double-letters,ifs,FALSE,10,elitize_generation_data,84,64,0.517,NA
86,61,double-letters,ifs,FALSE,10,elitize_generation_data,85,51,0.529,NA
87,61,double-letters,ifs,FALSE,10,elitize_generation_data,86,51,0.522,NA
88,61,double-letters,ifs,FALSE,10,elitize_generation_data,87,52,0.532,NA
89,61,double-letters,ifs,FALSE,10,elitize_generation_data,88,56,0.546,NA
90,61,double-letters,ifs,FALSE,10,elitize_generation_data,89,52,0.54,NA
91,61,double-letters,ifs,FALSE,10,elitize_generation_data,90,56,0.505,NA
92,61,double-letters,ifs,FALSE,10,elitize_generation_data,91,55,0.532,NA
93,61,double-letters,ifs,FALSE,10,elitize_generation_data,92,47,0.532,NA
94,61,double-letters,ifs,FALSE,10,elitize_generation_data,93,59,0.531,NA
95,61,double-letters,ifs,FALSE,10,elitize_generation_data,94,57,0.559,NA
96,61,double-letters,ifs,FALSE,10,elitize_generation_data,95,48,0.561,NA
97,61,double-letters,ifs,FALSE,10,elitize_generation_data,96,57,0.544,NA
98,61,double-letters,ifs,FALSE,10,elitize_generation_data,97,50,0.595,NA
99,61,double-letters,ifs,FALSE,10,elitize_generation_data,98,54,0.543,NA
100,61,double-letters,ifs,FALSE,10,elitize_generation_data,99,59,0.562,NA
101,61,double-letters,ifs,FALSE,10,elitize_generation_data,100,47,0.552,NA
102,61,double-letters,ifs,FALSE,10,elitize_generation_data,101,41,0.527,NA
103,61,double-letters,ifs,FALSE,10,elitize_generation_data,102,52,0.552,NA
104,61,double-letters,ifs,FALSE,10,elitize_generation_data,103,54,0.55,NA
105,61,double-letters,ifs,FALSE,10,elitize_generation_data,104,53,0.573,NA
106,61,double-letters,ifs,FALSE,10,elitize_generation_data,105,55,0.555,NA
107,61,double-letters,ifs,FALSE,10,elitize_generation_data,106,51,0.52,NA
108,61,double-letters,ifs,FALSE,10,elitize_generation_data,107,48,0.53,NA
109,61,double-letters,ifs,FALSE,10,elitize_generation_data,108,35,0.52,NA
110,61,double-letters,ifs,FALSE,10,elitize_generation_data,109,51,0.541,NA
111,61,double-letters,ifs,FALSE,10,elitize_generation_data,110,44,0.498,NA
112,61,double-letters,ifs,FALSE,10,elitize_generation_data,111,52,0.517,NA
113,61,double-letters,ifs,FALSE,10,elitize_generation_data,112,41,0.509,NA
114,61,double-letters,ifs,FALSE,10,elitize_generation_data,113,50,0.498,NA
115,61,double-letters,ifs,FALSE,10,elitize_generation_data,114,44,0.526,NA
116,61,double-letters,ifs,FALSE,10,elitize_generation_data,115,52,0.511,NA
117,61,double-letters,ifs,FALSE,10,elitize_generation_data,116,43,0.497,NA
118,61,double-letters,ifs,FALSE,10,elitize_generation_data,117,51,0.497,NA
119,61,double-letters,ifs,FALSE,10,elitize_generation_data,118,48,0.488,NA
120,61,double-letters,ifs,FALSE,10,elitize_generation_data,119,50,0.516,NA
121,61,double-letters,ifs,FALSE,10,elitize_generation_data,120,54,0.529,NA
122,61,double-letters,ifs,FALSE,10,elitize_generation_data,121,52,0.517,NA
123,61,double-letters,ifs,FALSE,10,elitize_generation_data,122,51,0.503,NA
124,61,double-letters,ifs,FALSE,10,elitize_generation_data,123,63,0.511,NA
125,61,double-letters,ifs,FALSE,10,elitize_generation_data,124,44,0.514,NA
126,61,double-letters,ifs,FALSE,10,elitize_generation_data,125,43,0.527,NA
127,61,double-letters,ifs,FALSE,10,elitize_generation_data,126,45,0.52,NA
128,61,double-letters,ifs,FALSE,10,elitize_generation_data,127,55,0.521,NA
129,61,double-letters,ifs,FALSE,10,elitize_generation_data,128,49,0.522,NA
130,61,double-letters,ifs,FALSE,10,elitize_generation_data,129,50,0.52,NA
131,61,double-letters,ifs,FALSE,10,elitize_generation_data,130,43,0.503,NA
132,61,double-letters,ifs,FALSE,10,elitize_generation_data,131,38,0.515,NA
133,61,double-letters,ifs,FALSE,10,elitize_generation_data,132,54,0.521,NA
134,61,double-letters,ifs,FALSE,10,elitize_generation_data,133,49,0.485,NA
135,61,double-letters,ifs,FALSE,10,elitize_generation_data,134,46,0.499,NA
136,61,double-letters,ifs,FALSE,10,elitize_generation_data,135,42,0.499,NA
137,61,double-letters,ifs,FALSE,10,elitize_generation_data,136,43,0.51,NA
138,61,double-letters,ifs,FALSE,10,elitize_generation_data,137,38,0.501,NA
139,61,double-letters,ifs,FALSE,10,elitize_generation_data,138,50,0.547,NA
140,61,double-letters,ifs,FALSE,10,elitize_generation_data,139,46,0.516,NA
141,61,double-letters,ifs,FALSE,10,elitize_generation_data,140,46,0.521,NA
142,61,double-letters,ifs,FALSE,10,elitize_generation_data,141,46,0.533,NA
143,61,double-letters,ifs,FALSE,10,elitize_generation_data,142,40,0.557,NA
144,61,double-letters,ifs,FALSE,10,elitize_generation_data,143,46,0.55,NA
145,61,double-letters,ifs,FALSE,10,elitize_generation_data,144,41,0.532,NA
146,61,double-letters,ifs,FALSE,10,elitize_generation_data,145,45,0.551,NA
147,61,double-letters,ifs,FALSE,10,elitize_generation_data,146,43,0.557,NA
148,61,double-letters,ifs,FALSE,10,elitize_generation_data,147,42,0.537,NA
149,61,double-letters,ifs,FALSE,10,elitize_generation_data,148,56,0.55,NA
150,61,double-letters,ifs,FALSE,10,elitize_generation_data,149,43,0.565,NA
151,61,double-letters,ifs,FALSE,10,elitize_generation_data,150,43,0.568,NA
152,61,double-letters,ifs,FALSE,10,elitize_generation_data,151,39,0.555,NA
153,61,double-letters,ifs,FALSE,10,elitize_generation_data,152,42,0.569,NA
154,61,double-letters,ifs,FALSE,10,elitize_generation_data,153,51,0.591,NA
155,61,double-letters,ifs,FALSE,10,elitize_generation_data,154,53,0.55,NA
156,61,double-letters,ifs,FALSE,10,elitize_generation_data,155,46,0.564,NA
157,61,double-letters,ifs,FALSE,10,elitize_generation_data,156,54,0.564,NA
158,61,double-letters,ifs,FALSE,10,elitize_generation_data,157,47,0.572,NA
159,61,double-letters,ifs,FALSE,10,elitize_generation_data,158,52,0.567,NA
160,61,double-letters,ifs,FALSE,10,elitize_generation_data,159,42,0.592,NA
161,61,double-letters,ifs,FALSE,10,elitize_generation_data,160,51,0.592,NA
162,61,double-letters,ifs,FALSE,10,elitize_generation_data,161,51,0.587,NA
163,61,double-letters,ifs,FALSE,10,elitize_generation_data,162,51,0.553,NA
164,61,double-letters,ifs,FALSE,10,elitize_generation_data,163,47,0.569,NA
165,61,double-letters,ifs,FALSE,10,elitize_generation_data,164,47,0.55,NA
166,61,double-letters,ifs,FALSE,10,elitize_generation_data,165,55,0.597,NA
167,61,double-letters,ifs,FALSE,10,elitize_generation_data,166,41,0.54,NA
168,61,double-letters,ifs,FALSE,10,elitize_generation_data,167,48,0.559,NA
169,61,double-letters,ifs,FALSE,10,elitize_generation_data,168,44,0.579,NA
170,61,double-letters,ifs,FALSE,10,elitize_generation_data,169,49,0.559,NA
171,61,double-letters,ifs,FALSE,10,elitize_generation_data,170,47,0.556,NA
172,61,double-letters,ifs,FALSE,10,elitize_generation_data,171,42,0.556,NA
173,61,double-letters,ifs,FALSE,10,elitize_generation_data,172,46,0.545,NA
174,61,double-letters,ifs,FALSE,10,elitize_generation_data,173,52,0.526,NA
175,61,double-letters,ifs,FALSE,10,elitize_generation_data,174,51,0.523,NA
176,61,double-letters,ifs,FALSE,10,elitize_generation_data,175,40,0.48,NA
177,61,double-letters,ifs,FALSE,10,elitize_generation_data,176,45,0.516,NA
178,61,double-letters,ifs,FALSE,10,elitize_generation_data,177,45,0.516,NA
179,61,double-letters,ifs,FALSE,10,elitize_generation_data,178,47,0.519,NA
180,61,double-letters,ifs,FALSE,10,elitize_generation_data,179,46,0.544,NA
181,61,double-letters,ifs,FALSE,10,elitize_generation_data,180,37,0.528,NA
182,61,double-letters,ifs,FALSE,10,elitize_generation_data,181,49,0.527,NA
183,61,double-letters,ifs,FALSE,10,elitize_generation_data,182,45,0.556,NA
184,61,double-letters,ifs,FALSE,10,elitize_generation_data,183,45,0.531,NA
185,61,double-letters,ifs,FALSE,10,elitize_generation_data,184,48,0.558,NA
186,61,double-letters,ifs,FALSE,10,elitize_generation_data,185,51,0.533,NA
187,61,double-letters,ifs,FALSE,10,elitize_generation_data,186,47,0.543,NA
188,61,double-letters,ifs,FALSE,10,elitize_generation_data,187,55,0.553,NA
189,61,double-letters,ifs,FALSE,10,elitize_generation_data,188,43,0.584,NA
190,61,double-letters,ifs,FALSE,10,elitize_generation_data,189,46,0.629,NA
191,61,double-letters,ifs,FALSE,10,elitize_generation_data,190,48,0.594,NA
192,61,double-letters,ifs,FALSE,10,elitize_generation_data,191,47,0.613,NA
193,61,double-letters,ifs,FALSE,10,elitize_generation_data,192,54,0.607,NA
194,61,double-letters,ifs,FALSE,10,elitize_generation_data,193,49,0.599,NA
195,61,double-letters,ifs,FALSE,10,elitize_generation_data,194,56,0.609,NA
196,61,double-letters,ifs,FALSE,10,elitize_generation_data,195,52,0.629,NA
197,61,double-letters,ifs,FALSE,10,elitize_generation_data,196,61,0.614,NA
198,61,double-letters,ifs,FALSE,10,elitize_generation_data,197,58,0.577,NA
199,61,double-letters,ifs,FALSE,10,elitize_generation_data,198,47,0.59,NA
200,61,double-letters,ifs,FALSE,10,elitize_generation_data,199,56,0.586,NA
201,61,double-letters,ifs,FALSE,10,elitize_generation_data,200,45,0.552,NA
202,61,double-letters,ifs,FALSE,10,elitize_generation_data,201,50,0.558,NA
203,61,double-letters,ifs,FALSE,10,elitize_generation_data,202,52,0.604,NA
204,61,double-letters,ifs,FALSE,10,elitize_generation_data,203,46,0.58,NA
205,61,double-letters,ifs,FALSE,10,elitize_generation_data,204,56,0.546,NA
206,61,double-letters,ifs,FALSE,10,elitize_generation_data,205,61,0.542,NA
207,61,double-letters,ifs,FALSE,10,elitize_generation_data,206,50,0.573,NA
208,61,double-letters,ifs,FALSE,10,elitize_generation_data,207,53,0.598,NA
209,61,double-letters,ifs,FALSE,10,elitize_generation_data,208,55,0.584,NA
210,61,double-letters,ifs,FALSE,10,elitize_generation_data,209,56,0.554,NA
211,61,double-letters,ifs,FALSE,10,elitize_generation_data,210,58,0.585,NA
212,61,double-letters,ifs,FALSE,10,elitize_generation_data,211,50,0.576,NA
213,61,double-letters,ifs,FALSE,10,elitize_generation_data,212,70,0.569,NA
214,61,double-letters,ifs,FALSE,10,elitize_generation_data,213,52,0.582,NA
215,61,double-letters,ifs,FALSE,10,elitize_generation_data,214,69,0.607,NA
216,61,double-letters,ifs,FALSE,10,elitize_generation_data,215,61,0.595,NA
217,61,double-letters,ifs,FALSE,10,elitize_generation_data,216,53,0.591,NA
218,61,double-letters,ifs,FALSE,10,elitize_generation_data,217,58,0.601,NA
219,61,double-letters,ifs,FALSE,10,elitize_generation_data,218,60,0.583,NA
220,61,double-letters,ifs,FALSE,10,elitize_generation_data,219,51,0.579,NA
221,61,double-letters,ifs,FALSE,10,elitize_generation_data,220,56,0.584,NA
222,61,double-letters,ifs,FALSE,10,elitize_generation_data,221,55,0.641,NA
223,61,double-letters,ifs,FALSE,10,elitize_generation_data,222,43,0.638,NA
224,61,double-letters,ifs,FALSE,10,elitize_generation_data,223,45,0.638,NA
225,61,double-letters,ifs,FALSE,10,elitize_generation_data,224,52,0.612,NA
226,61,double-letters,ifs,FALSE,10,elitize_generation_data,225,46,0.648,NA
227,61,double-letters,ifs,FALSE,10,elitize_generation_data,226,48,0.638,NA
228,61,double-letters,ifs,FALSE,10,elitize_generation_data,227,57,0.636,NA
229,61,double-letters,ifs,FALSE,10,elitize_generation_data,228,45,0.649,NA
230,61,double-letters,ifs,FALSE,10,elitize_generation_data,229,55,0.626,NA
231,61,double-letters,ifs,FALSE,10,elitize_generation_data,230,41,0.604,NA
232,61,double-letters,ifs,FALSE,10,elitize_generation_data,231,51,0.612,NA
233,61,double-letters,ifs,FALSE,10,elitize_generation_data,232,56,0.589,NA
234,61,double-letters,ifs,FALSE,10,elitize_generation_data,233,50,0.596,NA
235,61,double-letters,ifs,FALSE,10,elitize_generation_data,234,56,0.584,NA
236,61,double-letters,ifs,FALSE,10,elitize_generation_data,235,40,0.576,NA
237,61,double-letters,ifs,FALSE,10,elitize_generation_data,236,53,0.609,NA
238,61,double-letters,ifs,FALSE,10,elitize_generation_data,237,41,0.561,NA
239,61,double-letters,ifs,FALSE,10,elitize_generation_data,238,53,0.58,NA
240,61,double-letters,ifs,FALSE,10,elitize_generation_data,239,42,0.556,NA
241,61,double-letters,ifs,FALSE,10,elitize_generation_data,240,49,0.563,NA
242,61,double-letters,ifs,FALSE,10,elitize_generation_data,241,54,0.582,NA
243,61,double-letters,ifs,FALSE,10,elitize_generation_data,242,52,0.554,NA
244,61,double-letters,ifs,FALSE,10,elitize_generation_data,243,48,0.548,NA
245,61,double-letters,ifs,FALSE,10,elitize_generation_data,244,44,0.532,NA
246,61,double-letters,ifs,FALSE,10,elitize_generation_data,245,47,0.531,NA
247,61,double-letters,ifs,FALSE,10,elitize_generation_data,246,35,0.527,NA
248,61,double-letters,ifs,FALSE,10,elitize_generation_data,247,38,0.521,NA
249,61,double-letters,ifs,FALSE,10,elitize_generation_data,248,40,0.517,NA
250,61,double-letters,ifs,FALSE,10,elitize_generation_data,249,43,0.513,NA
251,61,double-letters,ifs,FALSE,10,elitize_generation_data,250,33,0.499,NA
252,61,double-letters,ifs,FALSE,10,elitize_generation_data,251,37,0.517,NA
253,61,double-letters,ifs,FALSE,10,elitize_generation_data,252,46,0.529,NA
254,61,double-letters,ifs,FALSE,10,elitize_generation_data,253,46,0.535,NA
255,61,double-letters,ifs,FALSE,10,elitize_generation_data,254,44,0.51,NA
256,61,double-letters,ifs,FALSE,10,elitize_generation_data,255,45,0.528,NA
257,61,double-letters,ifs,FALSE,10,elitize_generation_data,256,50,0.518,NA
258,61,double-letters,ifs,FALSE,10,elitize_generation_data,257,47,0.526,NA
259,61,double-letters,ifs,FALSE,10,elitize_generation_data,258,54,0.51,NA
260,61,double-letters,ifs,FALSE,10,elitize_generation_data,259,40,0.531,NA
261,61,double-letters,ifs,FALSE,10,elitize_generation_data,260,42,0.533,NA
262,61,double-letters,ifs,FALSE,10,elitize_generation_data,261,49,0.545,NA
263,61,double-letters,ifs,FALSE,10,elitize_generation_data,262,45,0.531,NA
264,61,double-letters,ifs,FALSE,10,elitize_generation_data,263,35,0.513,NA
265,61,double-letters,ifs,FALSE,10,elitize_generation_data,264,44,0.519,NA
266,61,double-letters,ifs,FALSE,10,elitize_generation_data,265,53,0.541,NA
267,61,double-letters,ifs,FALSE,10,elitize_generation_data,266,42,0.518,NA
268,61,double-letters,ifs,FALSE,10,elitize_generation_data,267,41,0.526,NA
269,61,double-letters,ifs,FALSE,10,elitize_generation_data,268,48,0.527,NA
270,61,double-letters,ifs,FALSE,10,elitize_generation_data,269,46,0.478,NA
271,61,double-letters,ifs,FALSE,10,elitize_generation_data,270,41,0.506,NA
272,61,double-letters,ifs,FALSE,10,elitize_generation_data,271,37,0.513,NA
273,61,double-letters,ifs,FALSE,10,elitize_generation_data,272,45,0.531,NA
274,61,double-letters,ifs,FALSE,10,elitize_generation_data,273,33,0.526,NA
275,61,double-letters,ifs,FALSE,10,elitize_generation_data,274,41,0.519,NA
276,61,double-letters,ifs,FALSE,10,elitize_generation_data,275,42,0.523,NA
277,61,double-letters,ifs,FALSE,10,elitize_generation_data,276,43,0.535,NA
278,61,double-letters,ifs,FALSE,10,elitize_generation_data,277,40,0.521,NA
279,61,double-letters,ifs,FALSE,10,elitize_generation_data,278,49,0.525,NA
280,61,double-letters,ifs,FALSE,10,elitize_generation_data,279,45,0.552,NA
281,61,double-letters,ifs,FALSE,10,elitize_generation_data,280,51,0.548,NA
282,61,double-letters,ifs,FALSE,10,elitize_generation_data,281,43,0.498,NA
283,61,double-letters,ifs,FALSE,10,elitize_generation_data,282,38,0.536,NA
284,61,double-letters,ifs,FALSE,10,elitize_generation_data,283,45,0.542,NA
285,61,double-letters,ifs,FALSE,10,elitize_generation_data,284,42,0.537,NA
286,61,double-letters,ifs,FALSE,10,elitize_generation_data,285,34,0.534,NA
287,61,double-letters,ifs,FALSE,10,elitize_generation_data,286,43,0.561,NA
288,61,double-letters,ifs,FALSE,10,elitize_generation_data,287,50,0.586,NA
289,61,double-letters,ifs,FALSE,10,elitize_generation_data,288,49,0.581,NA
290,61,double-letters,ifs,FALSE,10,elitize_generation_data,289,42,0.587,NA
291,61,double-letters,ifs,FALSE,10,elitize_generation_data,290,42,0.577,NA
292,61,double-letters,ifs,FALSE,10,elitize_generation_data,291,41,0.579,NA
293,61,double-letters,ifs,FALSE,10,elitize_generation_data,292,40,0.548,NA
294,61,double-letters,ifs,FALSE,10,elitize_generation_data,293,43,0.579,NA
295,61,double-letters,ifs,FALSE,10,elitize_generation_data,294,51,0.587,NA
296,61,double-letters,ifs,FALSE,10,elitize_generation_data,295,50,0.596,NA
297,61,double-letters,ifs,FALSE,10,elitize_generation_data,296,47,0.577,NA
298,61,double-letters,ifs,FALSE,10,elitize_generation_data,297,44,0.59,NA
299,61,double-letters,ifs,FALSE,10,elitize_generation_data,298,41,0.578,NA
300,61,double-letters,ifs,FALSE,10,elitize_generation_data,299,55,0.597,NA
301,61,double-letters,ifs,FALSE,10,elitize_generation_data,300,57,0.607,NA
