,run.num,problem,treatment,succeeded,height,normalization.function,generation,cluster.count,error.diversity,success.generation
1,11,double-letters,ifs,FALSE,10,elitize_generation_data,0,5,0.367,NA
2,11,double-letters,ifs,FALSE,10,elitize_generation_data,1,9,0.179,NA
3,11,double-letters,ifs,FALSE,10,elitize_generation_data,2,11,0.213,NA
4,11,double-letters,ifs,FALSE,10,elitize_generation_data,3,11,0.132,NA
5,11,double-letters,ifs,FALSE,10,elitize_generation_data,4,6,0.065,NA
6,11,double-letters,ifs,FALSE,10,elitize_generation_data,5,7,0.053,NA
7,11,double-letters,ifs,FALSE,10,elitize_generation_data,6,6,0.051,NA
8,11,double-letters,ifs,FALSE,10,elitize_generation_data,7,4,0.055,NA
9,11,double-letters,ifs,FALSE,10,elitize_generation_data,8,5,0.05,NA
10,11,double-letters,ifs,FALSE,10,elitize_generation_data,9,8,0.05,NA
11,11,double-letters,ifs,FALSE,10,elitize_generation_data,10,7,0.043,NA
12,11,double-letters,ifs,FALSE,10,elitize_generation_data,11,7,0.044,NA
13,11,double-letters,ifs,FALSE,10,elitize_generation_data,12,7,0.042,NA
14,11,double-letters,ifs,FALSE,10,elitize_generation_data,13,5,0.04,NA
15,11,double-letters,ifs,FALSE,10,elitize_generation_data,14,8,0.045,NA
16,11,double-letters,ifs,FALSE,10,elitize_generation_data,15,8,0.045,NA
17,11,double-letters,ifs,FALSE,10,elitize_generation_data,16,7,0.047,NA
18,11,double-letters,ifs,FALSE,10,elitize_generation_data,17,8,0.035,NA
19,11,double-letters,ifs,FALSE,10,elitize_generation_data,18,11,0.035,NA
20,11,double-letters,ifs,FALSE,10,elitize_generation_data,19,7,0.058,NA
21,11,double-letters,ifs,FALSE,10,elitize_generation_data,20,7,0.086,NA
22,11,double-letters,ifs,FALSE,10,elitize_generation_data,21,7,0.09,NA
23,11,double-letters,ifs,FALSE,10,elitize_generation_data,22,6,0.087,NA
24,11,double-letters,ifs,FALSE,10,elitize_generation_data,23,10,0.107,NA
25,11,double-letters,ifs,FALSE,10,elitize_generation_data,24,12,0.106,NA
26,11,double-letters,ifs,FALSE,10,elitize_generation_data,25,10,0.092,NA
27,11,double-letters,ifs,FALSE,10,elitize_generation_data,26,11,0.102,NA
28,11,double-letters,ifs,FALSE,10,elitize_generation_data,27,9,0.087,NA
29,11,double-letters,ifs,FALSE,10,elitize_generation_data,28,12,0.104,NA
30,11,double-letters,ifs,FALSE,10,elitize_generation_data,29,11,0.115,NA
31,11,double-letters,ifs,FALSE,10,elitize_generation_data,30,10,0.125,NA
32,11,double-letters,ifs,FALSE,10,elitize_generation_data,31,11,0.134,NA
33,11,double-letters,ifs,FALSE,10,elitize_generation_data,32,8,0.117,NA
34,11,double-letters,ifs,FALSE,10,elitize_generation_data,33,9,0.137,NA
35,11,double-letters,ifs,FALSE,10,elitize_generation_data,34,10,0.16,NA
36,11,double-letters,ifs,FALSE,10,elitize_generation_data,35,8,0.165,NA
37,11,double-letters,ifs,FALSE,10,elitize_generation_data,36,12,0.152,NA
38,11,double-letters,ifs,FALSE,10,elitize_generation_data,37,10,0.159,NA
39,11,double-letters,ifs,FALSE,10,elitize_generation_data,38,11,0.183,NA
40,11,double-letters,ifs,FALSE,10,elitize_generation_data,39,10,0.204,NA
41,11,double-letters,ifs,FALSE,10,elitize_generation_data,40,11,0.219,NA
42,11,double-letters,ifs,FALSE,10,elitize_generation_data,41,13,0.238,NA
43,11,double-letters,ifs,FALSE,10,elitize_generation_data,42,13,0.245,NA
44,11,double-letters,ifs,FALSE,10,elitize_generation_data,43,13,0.243,NA
45,11,double-letters,ifs,FALSE,10,elitize_generation_data,44,10,0.244,NA
46,11,double-letters,ifs,FALSE,10,elitize_generation_data,45,14,0.256,NA
47,11,double-letters,ifs,FALSE,10,elitize_generation_data,46,13,0.278,NA
48,11,double-letters,ifs,FALSE,10,elitize_generation_data,47,11,0.302,NA
49,11,double-letters,ifs,FALSE,10,elitize_generation_data,48,8,0.297,NA
50,11,double-letters,ifs,FALSE,10,elitize_generation_data,49,9,0.309,NA
51,11,double-letters,ifs,FALSE,10,elitize_generation_data,50,11,0.319,NA
52,11,double-letters,ifs,FALSE,10,elitize_generation_data,51,12,0.304,NA
53,11,double-letters,ifs,FALSE,10,elitize_generation_data,52,18,0.346,NA
54,11,double-letters,ifs,FALSE,10,elitize_generation_data,53,14,0.359,NA
55,11,double-letters,ifs,FALSE,10,elitize_generation_data,54,17,0.397,NA
56,11,double-letters,ifs,FALSE,10,elitize_generation_data,55,12,0.423,NA
57,11,double-letters,ifs,FALSE,10,elitize_generation_data,56,11,0.405,NA
58,11,double-letters,ifs,FALSE,10,elitize_generation_data,57,20,0.435,NA
59,11,double-letters,ifs,FALSE,10,elitize_generation_data,58,15,0.388,NA
60,11,double-letters,ifs,FALSE,10,elitize_generation_data,59,13,0.408,NA
61,11,double-letters,ifs,FALSE,10,elitize_generation_data,60,12,0.4,NA
62,11,double-letters,ifs,FALSE,10,elitize_generation_data,61,13,0.426,NA
63,11,double-letters,ifs,FALSE,10,elitize_generation_data,62,15,0.426,NA
64,11,double-letters,ifs,FALSE,10,elitize_generation_data,63,18,0.418,NA
65,11,double-letters,ifs,FALSE,10,elitize_generation_data,64,23,0.364,NA
66,11,double-letters,ifs,FALSE,10,elitize_generation_data,65,18,0.395,NA
67,11,double-letters,ifs,FALSE,10,elitize_generation_data,66,24,0.417,NA
68,11,double-letters,ifs,FALSE,10,elitize_generation_data,67,18,0.428,NA
69,11,double-letters,ifs,FALSE,10,elitize_generation_data,68,20,0.418,NA
70,11,double-letters,ifs,FALSE,10,elitize_generation_data,69,19,0.426,NA
71,11,double-letters,ifs,FALSE,10,elitize_generation_data,70,18,0.403,NA
72,11,double-letters,ifs,FALSE,10,elitize_generation_data,71,17,0.403,NA
73,11,double-letters,ifs,FALSE,10,elitize_generation_data,72,19,0.39,NA
74,11,double-letters,ifs,FALSE,10,elitize_generation_data,73,20,0.393,NA
75,11,double-letters,ifs,FALSE,10,elitize_generation_data,74,21,0.429,NA
76,11,double-letters,ifs,FALSE,10,elitize_generation_data,75,17,0.409,NA
77,11,double-letters,ifs,FALSE,10,elitize_generation_data,76,28,0.444,NA
78,11,double-letters,ifs,FALSE,10,elitize_generation_data,77,15,0.455,NA
79,11,double-letters,ifs,FALSE,10,elitize_generation_data,78,18,0.435,NA
80,11,double-letters,ifs,FALSE,10,elitize_generation_data,79,18,0.439,NA
81,11,double-letters,ifs,FALSE,10,elitize_generation_data,80,24,0.402,NA
82,11,double-letters,ifs,FALSE,10,elitize_generation_data,81,28,0.438,NA
83,11,double-letters,ifs,FALSE,10,elitize_generation_data,82,20,0.445,NA
84,11,double-letters,ifs,FALSE,10,elitize_generation_data,83,20,0.433,NA
85,11,double-letters,ifs,FALSE,10,elitize_generation_data,84,23,0.449,NA
86,11,double-letters,ifs,FALSE,10,elitize_generation_data,85,18,0.482,NA
87,11,double-letters,ifs,FALSE,10,elitize_generation_data,86,22,0.529,NA
88,11,double-letters,ifs,FALSE,10,elitize_generation_data,87,25,0.533,NA
89,11,double-letters,ifs,FALSE,10,elitize_generation_data,88,25,0.563,NA
90,11,double-letters,ifs,FALSE,10,elitize_generation_data,89,21,0.566,NA
91,11,double-letters,ifs,FALSE,10,elitize_generation_data,90,31,0.573,NA
92,11,double-letters,ifs,FALSE,10,elitize_generation_data,91,29,0.533,NA
93,11,double-letters,ifs,FALSE,10,elitize_generation_data,92,32,0.538,NA
94,11,double-letters,ifs,FALSE,10,elitize_generation_data,93,44,0.546,NA
95,11,double-letters,ifs,FALSE,10,elitize_generation_data,94,38,0.564,NA
96,11,double-letters,ifs,FALSE,10,elitize_generation_data,95,38,0.566,NA
97,11,double-letters,ifs,FALSE,10,elitize_generation_data,96,37,0.57,NA
98,11,double-letters,ifs,FALSE,10,elitize_generation_data,97,31,0.581,NA
99,11,double-letters,ifs,FALSE,10,elitize_generation_data,98,44,0.572,NA
100,11,double-letters,ifs,FALSE,10,elitize_generation_data,99,25,0.56,NA
101,11,double-letters,ifs,FALSE,10,elitize_generation_data,100,42,0.576,NA
102,11,double-letters,ifs,FALSE,10,elitize_generation_data,101,31,0.597,NA
103,11,double-letters,ifs,FALSE,10,elitize_generation_data,102,32,0.596,NA
104,11,double-letters,ifs,FALSE,10,elitize_generation_data,103,44,0.593,NA
105,11,double-letters,ifs,FALSE,10,elitize_generation_data,104,25,0.595,NA
106,11,double-letters,ifs,FALSE,10,elitize_generation_data,105,28,0.581,NA
107,11,double-letters,ifs,FALSE,10,elitize_generation_data,106,38,0.543,NA
108,11,double-letters,ifs,FALSE,10,elitize_generation_data,107,32,0.542,NA
109,11,double-letters,ifs,FALSE,10,elitize_generation_data,108,29,0.582,NA
110,11,double-letters,ifs,FALSE,10,elitize_generation_data,109,38,0.554,NA
111,11,double-letters,ifs,FALSE,10,elitize_generation_data,110,28,0.562,NA
112,11,double-letters,ifs,FALSE,10,elitize_generation_data,111,35,0.546,NA
113,11,double-letters,ifs,FALSE,10,elitize_generation_data,112,28,0.572,NA
114,11,double-letters,ifs,FALSE,10,elitize_generation_data,113,25,0.543,NA
115,11,double-letters,ifs,FALSE,10,elitize_generation_data,114,23,0.557,NA
116,11,double-letters,ifs,FALSE,10,elitize_generation_data,115,42,0.57,NA
117,11,double-letters,ifs,FALSE,10,elitize_generation_data,116,35,0.546,NA
118,11,double-letters,ifs,FALSE,10,elitize_generation_data,117,37,0.57,NA
119,11,double-letters,ifs,FALSE,10,elitize_generation_data,118,36,0.551,NA
120,11,double-letters,ifs,FALSE,10,elitize_generation_data,119,22,0.544,NA
121,11,double-letters,ifs,FALSE,10,elitize_generation_data,120,37,0.564,NA
122,11,double-letters,ifs,FALSE,10,elitize_generation_data,121,36,0.589,NA
123,11,double-letters,ifs,FALSE,10,elitize_generation_data,122,27,0.567,NA
124,11,double-letters,ifs,FALSE,10,elitize_generation_data,123,24,0.591,NA
125,11,double-letters,ifs,FALSE,10,elitize_generation_data,124,34,0.594,NA
126,11,double-letters,ifs,FALSE,10,elitize_generation_data,125,33,0.592,NA
127,11,double-letters,ifs,FALSE,10,elitize_generation_data,126,30,0.609,NA
128,11,double-letters,ifs,FALSE,10,elitize_generation_data,127,27,0.602,NA
129,11,double-letters,ifs,FALSE,10,elitize_generation_data,128,34,0.609,NA
130,11,double-letters,ifs,FALSE,10,elitize_generation_data,129,39,0.587,NA
131,11,double-letters,ifs,FALSE,10,elitize_generation_data,130,28,0.592,NA
132,11,double-letters,ifs,FALSE,10,elitize_generation_data,131,28,0.584,NA
133,11,double-letters,ifs,FALSE,10,elitize_generation_data,132,29,0.601,NA
134,11,double-letters,ifs,FALSE,10,elitize_generation_data,133,37,0.61,NA
135,11,double-letters,ifs,FALSE,10,elitize_generation_data,134,30,0.609,NA
136,11,double-letters,ifs,FALSE,10,elitize_generation_data,135,36,0.601,NA
137,11,double-letters,ifs,FALSE,10,elitize_generation_data,136,36,0.589,NA
138,11,double-letters,ifs,FALSE,10,elitize_generation_data,137,32,0.587,NA
139,11,double-letters,ifs,FALSE,10,elitize_generation_data,138,31,0.619,NA
140,11,double-letters,ifs,FALSE,10,elitize_generation_data,139,31,0.605,NA
141,11,double-letters,ifs,FALSE,10,elitize_generation_data,140,33,0.588,NA
142,11,double-letters,ifs,FALSE,10,elitize_generation_data,141,40,0.597,NA
143,11,double-letters,ifs,FALSE,10,elitize_generation_data,142,30,0.573,NA
144,11,double-letters,ifs,FALSE,10,elitize_generation_data,143,31,0.603,NA
145,11,double-letters,ifs,FALSE,10,elitize_generation_data,144,28,0.588,NA
146,11,double-letters,ifs,FALSE,10,elitize_generation_data,145,30,0.601,NA
147,11,double-letters,ifs,FALSE,10,elitize_generation_data,146,39,0.606,NA
148,11,double-letters,ifs,FALSE,10,elitize_generation_data,147,33,0.624,NA
149,11,double-letters,ifs,FALSE,10,elitize_generation_data,148,38,0.612,NA
150,11,double-letters,ifs,FALSE,10,elitize_generation_data,149,31,0.637,NA
151,11,double-letters,ifs,FALSE,10,elitize_generation_data,150,36,0.609,NA
152,11,double-letters,ifs,FALSE,10,elitize_generation_data,151,34,0.595,NA
153,11,double-letters,ifs,FALSE,10,elitize_generation_data,152,42,0.604,NA
154,11,double-letters,ifs,FALSE,10,elitize_generation_data,153,36,0.62,NA
155,11,double-letters,ifs,FALSE,10,elitize_generation_data,154,40,0.597,NA
156,11,double-letters,ifs,FALSE,10,elitize_generation_data,155,32,0.594,NA
157,11,double-letters,ifs,FALSE,10,elitize_generation_data,156,29,0.585,NA
158,11,double-letters,ifs,FALSE,10,elitize_generation_data,157,24,0.599,NA
159,11,double-letters,ifs,FALSE,10,elitize_generation_data,158,29,0.62,NA
160,11,double-letters,ifs,FALSE,10,elitize_generation_data,159,54,0.627,NA
161,11,double-letters,ifs,FALSE,10,elitize_generation_data,160,52,0.622,NA
162,11,double-letters,ifs,FALSE,10,elitize_generation_data,161,35,0.586,NA
163,11,double-letters,ifs,FALSE,10,elitize_generation_data,162,34,0.579,NA
164,11,double-letters,ifs,FALSE,10,elitize_generation_data,163,28,0.622,NA
165,11,double-letters,ifs,FALSE,10,elitize_generation_data,164,62,0.624,NA
166,11,double-letters,ifs,FALSE,10,elitize_generation_data,165,40,0.582,NA
167,11,double-letters,ifs,FALSE,10,elitize_generation_data,166,41,0.608,NA
168,11,double-letters,ifs,FALSE,10,elitize_generation_data,167,44,0.587,NA
169,11,double-letters,ifs,FALSE,10,elitize_generation_data,168,32,0.617,NA
170,11,double-letters,ifs,FALSE,10,elitize_generation_data,169,34,0.618,NA
171,11,double-letters,ifs,FALSE,10,elitize_generation_data,170,29,0.603,NA
172,11,double-letters,ifs,FALSE,10,elitize_generation_data,171,39,0.592,NA
173,11,double-letters,ifs,FALSE,10,elitize_generation_data,172,32,0.582,NA
174,11,double-letters,ifs,FALSE,10,elitize_generation_data,173,50,0.637,NA
175,11,double-letters,ifs,FALSE,10,elitize_generation_data,174,38,0.615,NA
176,11,double-letters,ifs,FALSE,10,elitize_generation_data,175,39,0.601,NA
177,11,double-letters,ifs,FALSE,10,elitize_generation_data,176,42,0.592,NA
178,11,double-letters,ifs,FALSE,10,elitize_generation_data,177,50,0.615,NA
179,11,double-letters,ifs,FALSE,10,elitize_generation_data,178,27,0.622,NA
180,11,double-letters,ifs,FALSE,10,elitize_generation_data,179,40,0.614,NA
181,11,double-letters,ifs,FALSE,10,elitize_generation_data,180,38,0.616,NA
182,11,double-letters,ifs,FALSE,10,elitize_generation_data,181,28,0.645,NA
183,11,double-letters,ifs,FALSE,10,elitize_generation_data,182,36,0.618,NA
184,11,double-letters,ifs,FALSE,10,elitize_generation_data,183,40,0.624,NA
185,11,double-letters,ifs,FALSE,10,elitize_generation_data,184,35,0.615,NA
186,11,double-letters,ifs,FALSE,10,elitize_generation_data,185,38,0.639,NA
187,11,double-letters,ifs,FALSE,10,elitize_generation_data,186,46,0.653,NA
188,11,double-letters,ifs,FALSE,10,elitize_generation_data,187,42,0.637,NA
189,11,double-letters,ifs,FALSE,10,elitize_generation_data,188,62,0.648,NA
190,11,double-letters,ifs,FALSE,10,elitize_generation_data,189,49,0.663,NA
191,11,double-letters,ifs,FALSE,10,elitize_generation_data,190,62,0.651,NA
192,11,double-letters,ifs,FALSE,10,elitize_generation_data,191,49,0.697,NA
193,11,double-letters,ifs,FALSE,10,elitize_generation_data,192,55,0.709,NA
194,11,double-letters,ifs,FALSE,10,elitize_generation_data,193,45,0.67,NA
195,11,double-letters,ifs,FALSE,10,elitize_generation_data,194,58,0.683,NA
196,11,double-letters,ifs,FALSE,10,elitize_generation_data,195,58,0.679,NA
197,11,double-letters,ifs,FALSE,10,elitize_generation_data,196,69,0.684,NA
198,11,double-letters,ifs,FALSE,10,elitize_generation_data,197,61,0.654,NA
199,11,double-letters,ifs,FALSE,10,elitize_generation_data,198,65,0.636,NA
200,11,double-letters,ifs,FALSE,10,elitize_generation_data,199,49,0.647,NA
201,11,double-letters,ifs,FALSE,10,elitize_generation_data,200,48,0.591,NA
202,11,double-letters,ifs,FALSE,10,elitize_generation_data,201,67,0.616,NA
203,11,double-letters,ifs,FALSE,10,elitize_generation_data,202,40,0.582,NA
204,11,double-letters,ifs,FALSE,10,elitize_generation_data,203,51,0.602,NA
205,11,double-letters,ifs,FALSE,10,elitize_generation_data,204,52,0.61,NA
206,11,double-letters,ifs,FALSE,10,elitize_generation_data,205,44,0.615,NA
207,11,double-letters,ifs,FALSE,10,elitize_generation_data,206,43,0.561,NA
208,11,double-letters,ifs,FALSE,10,elitize_generation_data,207,53,0.594,NA
209,11,double-letters,ifs,FALSE,10,elitize_generation_data,208,59,0.628,NA
210,11,double-letters,ifs,FALSE,10,elitize_generation_data,209,54,0.638,NA
211,11,double-letters,ifs,FALSE,10,elitize_generation_data,210,47,0.66,NA
212,11,double-letters,ifs,FALSE,10,elitize_generation_data,211,77,0.652,NA
213,11,double-letters,ifs,FALSE,10,elitize_generation_data,212,50,0.657,NA
214,11,double-letters,ifs,FALSE,10,elitize_generation_data,213,68,0.602,NA
215,11,double-letters,ifs,FALSE,10,elitize_generation_data,214,63,0.615,NA
216,11,double-letters,ifs,FALSE,10,elitize_generation_data,215,63,0.627,NA
217,11,double-letters,ifs,FALSE,10,elitize_generation_data,216,67,0.608,NA
218,11,double-letters,ifs,FALSE,10,elitize_generation_data,217,59,0.581,NA
219,11,double-letters,ifs,FALSE,10,elitize_generation_data,218,54,0.594,NA
220,11,double-letters,ifs,FALSE,10,elitize_generation_data,219,51,0.587,NA
221,11,double-letters,ifs,FALSE,10,elitize_generation_data,220,53,0.603,NA
222,11,double-letters,ifs,FALSE,10,elitize_generation_data,221,71,0.592,NA
223,11,double-letters,ifs,FALSE,10,elitize_generation_data,222,55,0.619,NA
224,11,double-letters,ifs,FALSE,10,elitize_generation_data,223,43,0.611,NA
225,11,double-letters,ifs,FALSE,10,elitize_generation_data,224,61,0.601,NA
226,11,double-letters,ifs,FALSE,10,elitize_generation_data,225,60,0.6,NA
227,11,double-letters,ifs,FALSE,10,elitize_generation_data,226,63,0.57,NA
228,11,double-letters,ifs,FALSE,10,elitize_generation_data,227,58,0.612,NA
229,11,double-letters,ifs,FALSE,10,elitize_generation_data,228,40,0.589,NA
230,11,double-letters,ifs,FALSE,10,elitize_generation_data,229,61,0.608,NA
231,11,double-letters,ifs,FALSE,10,elitize_generation_data,230,66,0.589,NA
232,11,double-letters,ifs,FALSE,10,elitize_generation_data,231,57,0.612,NA
233,11,double-letters,ifs,FALSE,10,elitize_generation_data,232,64,0.656,NA
234,11,double-letters,ifs,FALSE,10,elitize_generation_data,233,57,0.656,NA
235,11,double-letters,ifs,FALSE,10,elitize_generation_data,234,46,0.613,NA
236,11,double-letters,ifs,FALSE,10,elitize_generation_data,235,55,0.599,NA
237,11,double-letters,ifs,FALSE,10,elitize_generation_data,236,40,0.559,NA
238,11,double-letters,ifs,FALSE,10,elitize_generation_data,237,55,0.583,NA
239,11,double-letters,ifs,FALSE,10,elitize_generation_data,238,50,0.586,NA
240,11,double-letters,ifs,FALSE,10,elitize_generation_data,239,42,0.586,NA
241,11,double-letters,ifs,FALSE,10,elitize_generation_data,240,66,0.634,NA
242,11,double-letters,ifs,FALSE,10,elitize_generation_data,241,73,0.611,NA
243,11,double-letters,ifs,FALSE,10,elitize_generation_data,242,47,0.614,NA
244,11,double-letters,ifs,FALSE,10,elitize_generation_data,243,41,0.615,NA
245,11,double-letters,ifs,FALSE,10,elitize_generation_data,244,47,0.574,NA
246,11,double-letters,ifs,FALSE,10,elitize_generation_data,245,58,0.61,NA
247,11,double-letters,ifs,FALSE,10,elitize_generation_data,246,41,0.606,NA
248,11,double-letters,ifs,FALSE,10,elitize_generation_data,247,53,0.606,NA
249,11,double-letters,ifs,FALSE,10,elitize_generation_data,248,38,0.603,NA
250,11,double-letters,ifs,FALSE,10,elitize_generation_data,249,64,0.591,NA
251,11,double-letters,ifs,FALSE,10,elitize_generation_data,250,54,0.628,NA
252,11,double-letters,ifs,FALSE,10,elitize_generation_data,251,54,0.623,NA
253,11,double-letters,ifs,FALSE,10,elitize_generation_data,252,61,0.588,NA
254,11,double-letters,ifs,FALSE,10,elitize_generation_data,253,45,0.581,NA
255,11,double-letters,ifs,FALSE,10,elitize_generation_data,254,51,0.566,NA
256,11,double-letters,ifs,FALSE,10,elitize_generation_data,255,30,0.608,NA
257,11,double-letters,ifs,FALSE,10,elitize_generation_data,256,40,0.574,NA
258,11,double-letters,ifs,FALSE,10,elitize_generation_data,257,51,0.568,NA
259,11,double-letters,ifs,FALSE,10,elitize_generation_data,258,41,0.581,NA
260,11,double-letters,ifs,FALSE,10,elitize_generation_data,259,50,0.575,NA
261,11,double-letters,ifs,FALSE,10,elitize_generation_data,260,41,0.55,NA
262,11,double-letters,ifs,FALSE,10,elitize_generation_data,261,57,0.565,NA
263,11,double-letters,ifs,FALSE,10,elitize_generation_data,262,51,0.557,NA
264,11,double-letters,ifs,FALSE,10,elitize_generation_data,263,48,0.575,NA
265,11,double-letters,ifs,FALSE,10,elitize_generation_data,264,62,0.568,NA
266,11,double-letters,ifs,FALSE,10,elitize_generation_data,265,40,0.566,NA
267,11,double-letters,ifs,FALSE,10,elitize_generation_data,266,54,0.557,NA
268,11,double-letters,ifs,FALSE,10,elitize_generation_data,267,60,0.532,NA
269,11,double-letters,ifs,FALSE,10,elitize_generation_data,268,31,0.579,NA
270,11,double-letters,ifs,FALSE,10,elitize_generation_data,269,37,0.564,NA
271,11,double-letters,ifs,FALSE,10,elitize_generation_data,270,49,0.577,NA
272,11,double-letters,ifs,FALSE,10,elitize_generation_data,271,51,0.563,NA
273,11,double-letters,ifs,FALSE,10,elitize_generation_data,272,41,0.537,NA
274,11,double-letters,ifs,FALSE,10,elitize_generation_data,273,36,0.562,NA
275,11,double-letters,ifs,FALSE,10,elitize_generation_data,274,38,0.587,NA
276,11,double-letters,ifs,FALSE,10,elitize_generation_data,275,46,0.538,NA
277,11,double-letters,ifs,FALSE,10,elitize_generation_data,276,40,0.533,NA
278,11,double-letters,ifs,FALSE,10,elitize_generation_data,277,76,0.566,NA
279,11,double-letters,ifs,FALSE,10,elitize_generation_data,278,41,0.549,NA
280,11,double-letters,ifs,FALSE,10,elitize_generation_data,279,53,0.565,NA
281,11,double-letters,ifs,FALSE,10,elitize_generation_data,280,65,0.542,NA
282,11,double-letters,ifs,FALSE,10,elitize_generation_data,281,46,0.556,NA
283,11,double-letters,ifs,FALSE,10,elitize_generation_data,282,56,0.53,NA
284,11,double-letters,ifs,FALSE,10,elitize_generation_data,283,32,0.532,NA
285,11,double-letters,ifs,FALSE,10,elitize_generation_data,284,39,0.549,NA
286,11,double-letters,ifs,FALSE,10,elitize_generation_data,285,70,0.552,NA
287,11,double-letters,ifs,FALSE,10,elitize_generation_data,286,41,0.518,NA
288,11,double-letters,ifs,FALSE,10,elitize_generation_data,287,52,0.533,NA
289,11,double-letters,ifs,FALSE,10,elitize_generation_data,288,52,0.515,NA
290,11,double-letters,ifs,FALSE,10,elitize_generation_data,289,50,0.549,NA
291,11,double-letters,ifs,FALSE,10,elitize_generation_data,290,48,0.553,NA
292,11,double-letters,ifs,FALSE,10,elitize_generation_data,291,36,0.564,NA
293,11,double-letters,ifs,FALSE,10,elitize_generation_data,292,44,0.536,NA
294,11,double-letters,ifs,FALSE,10,elitize_generation_data,293,48,0.547,NA
295,11,double-letters,ifs,FALSE,10,elitize_generation_data,294,51,0.546,NA
296,11,double-letters,ifs,FALSE,10,elitize_generation_data,295,53,0.564,NA
297,11,double-letters,ifs,FALSE,10,elitize_generation_data,296,40,0.491,NA
298,11,double-letters,ifs,FALSE,10,elitize_generation_data,297,45,0.51,NA
299,11,double-letters,ifs,FALSE,10,elitize_generation_data,298,51,0.543,NA
300,11,double-letters,ifs,FALSE,10,elitize_generation_data,299,47,0.534,NA
301,11,double-letters,ifs,FALSE,10,elitize_generation_data,300,46,0.548,NA
