,run.num,problem,treatment,succeeded,height,normalization.function,generation,cluster.count,error.diversity,success.generation
1,71,double-letters,ifs,FALSE,10,elitize_generation_data,0,4,0.382,NA
2,71,double-letters,ifs,FALSE,10,elitize_generation_data,1,7,0.152,NA
3,71,double-letters,ifs,FALSE,10,elitize_generation_data,2,7,0.232,NA
4,71,double-letters,ifs,FALSE,10,elitize_generation_data,3,5,0.282,NA
5,71,double-letters,ifs,FALSE,10,elitize_generation_data,4,5,0.09,NA
6,71,double-letters,ifs,FALSE,10,elitize_generation_data,5,7,0.067,NA
7,71,double-letters,ifs,FALSE,10,elitize_generation_data,6,6,0.051,NA
8,71,double-letters,ifs,FALSE,10,elitize_generation_data,7,9,0.088,NA
9,71,double-letters,ifs,FALSE,10,elitize_generation_data,8,13,0.13,NA
10,71,double-letters,ifs,FALSE,10,elitize_generation_data,9,11,0.114,NA
11,71,double-letters,ifs,FALSE,10,elitize_generation_data,10,9,0.105,NA
12,71,double-letters,ifs,FALSE,10,elitize_generation_data,11,10,0.103,NA
13,71,double-letters,ifs,FALSE,10,elitize_generation_data,12,11,0.106,NA
14,71,double-letters,ifs,FALSE,10,elitize_generation_data,13,10,0.112,NA
15,71,double-letters,ifs,FALSE,10,elitize_generation_data,14,14,0.09,NA
16,71,double-letters,ifs,FALSE,10,elitize_generation_data,15,10,0.102,NA
17,71,double-letters,ifs,FALSE,10,elitize_generation_data,16,12,0.106,NA
18,71,double-letters,ifs,FALSE,10,elitize_generation_data,17,14,0.104,NA
19,71,double-letters,ifs,FALSE,10,elitize_generation_data,18,20,0.111,NA
20,71,double-letters,ifs,FALSE,10,elitize_generation_data,19,21,0.108,NA
21,71,double-letters,ifs,FALSE,10,elitize_generation_data,20,17,0.11,NA
22,71,double-letters,ifs,FALSE,10,elitize_generation_data,21,22,0.124,NA
23,71,double-letters,ifs,FALSE,10,elitize_generation_data,22,26,0.135,NA
24,71,double-letters,ifs,FALSE,10,elitize_generation_data,23,28,0.164,NA
25,71,double-letters,ifs,FALSE,10,elitize_generation_data,24,31,0.169,NA
26,71,double-letters,ifs,FALSE,10,elitize_generation_data,25,24,0.153,NA
27,71,double-letters,ifs,FALSE,10,elitize_generation_data,26,29,0.152,NA
28,71,double-letters,ifs,FALSE,10,elitize_generation_data,27,29,0.138,NA
29,71,double-letters,ifs,FALSE,10,elitize_generation_data,28,31,0.148,NA
30,71,double-letters,ifs,FALSE,10,elitize_generation_data,29,30,0.156,NA
31,71,double-letters,ifs,FALSE,10,elitize_generation_data,30,37,0.163,NA
32,71,double-letters,ifs,FALSE,10,elitize_generation_data,31,19,0.145,NA
33,71,double-letters,ifs,FALSE,10,elitize_generation_data,32,32,0.154,NA
34,71,double-letters,ifs,FALSE,10,elitize_generation_data,33,30,0.17,NA
35,71,double-letters,ifs,FALSE,10,elitize_generation_data,34,25,0.162,NA
36,71,double-letters,ifs,FALSE,10,elitize_generation_data,35,29,0.152,NA
37,71,double-letters,ifs,FALSE,10,elitize_generation_data,36,21,0.141,NA
38,71,double-letters,ifs,FALSE,10,elitize_generation_data,37,22,0.151,NA
39,71,double-letters,ifs,FALSE,10,elitize_generation_data,38,18,0.141,NA
40,71,double-letters,ifs,FALSE,10,elitize_generation_data,39,18,0.135,NA
41,71,double-letters,ifs,FALSE,10,elitize_generation_data,40,22,0.147,NA
42,71,double-letters,ifs,FALSE,10,elitize_generation_data,41,21,0.145,NA
43,71,double-letters,ifs,FALSE,10,elitize_generation_data,42,14,0.119,NA
44,71,double-letters,ifs,FALSE,10,elitize_generation_data,43,20,0.158,NA
45,71,double-letters,ifs,FALSE,10,elitize_generation_data,44,23,0.15,NA
46,71,double-letters,ifs,FALSE,10,elitize_generation_data,45,17,0.168,NA
47,71,double-letters,ifs,FALSE,10,elitize_generation_data,46,15,0.166,NA
48,71,double-letters,ifs,FALSE,10,elitize_generation_data,47,20,0.155,NA
49,71,double-letters,ifs,FALSE,10,elitize_generation_data,48,21,0.194,NA
50,71,double-letters,ifs,FALSE,10,elitize_generation_data,49,23,0.264,NA
51,71,double-letters,ifs,FALSE,10,elitize_generation_data,50,20,0.26,NA
52,71,double-letters,ifs,FALSE,10,elitize_generation_data,51,25,0.304,NA
53,71,double-letters,ifs,FALSE,10,elitize_generation_data,52,18,0.29,NA
54,71,double-letters,ifs,FALSE,10,elitize_generation_data,53,17,0.256,NA
55,71,double-letters,ifs,FALSE,10,elitize_generation_data,54,17,0.25,NA
56,71,double-letters,ifs,FALSE,10,elitize_generation_data,55,19,0.254,NA
57,71,double-letters,ifs,FALSE,10,elitize_generation_data,56,20,0.282,NA
58,71,double-letters,ifs,FALSE,10,elitize_generation_data,57,15,0.238,NA
59,71,double-letters,ifs,FALSE,10,elitize_generation_data,58,19,0.293,NA
60,71,double-letters,ifs,FALSE,10,elitize_generation_data,59,23,0.323,NA
61,71,double-letters,ifs,FALSE,10,elitize_generation_data,60,24,0.374,NA
62,71,double-letters,ifs,FALSE,10,elitize_generation_data,61,23,0.397,NA
63,71,double-letters,ifs,FALSE,10,elitize_generation_data,62,27,0.395,NA
64,71,double-letters,ifs,FALSE,10,elitize_generation_data,63,21,0.435,NA
65,71,double-letters,ifs,FALSE,10,elitize_generation_data,64,33,0.496,NA
66,71,double-letters,ifs,FALSE,10,elitize_generation_data,65,44,0.487,NA
67,71,double-letters,ifs,FALSE,10,elitize_generation_data,66,46,0.396,NA
68,71,double-letters,ifs,FALSE,10,elitize_generation_data,67,47,0.369,NA
69,71,double-letters,ifs,FALSE,10,elitize_generation_data,68,39,0.396,NA
70,71,double-letters,ifs,FALSE,10,elitize_generation_data,69,38,0.437,NA
71,71,double-letters,ifs,FALSE,10,elitize_generation_data,70,29,0.415,NA
72,71,double-letters,ifs,FALSE,10,elitize_generation_data,71,44,0.413,NA
73,71,double-letters,ifs,FALSE,10,elitize_generation_data,72,34,0.396,NA
74,71,double-letters,ifs,FALSE,10,elitize_generation_data,73,37,0.402,NA
75,71,double-letters,ifs,FALSE,10,elitize_generation_data,74,34,0.417,NA
76,71,double-letters,ifs,FALSE,10,elitize_generation_data,75,44,0.411,NA
77,71,double-letters,ifs,FALSE,10,elitize_generation_data,76,43,0.42,NA
78,71,double-letters,ifs,FALSE,10,elitize_generation_data,77,43,0.411,NA
79,71,double-letters,ifs,FALSE,10,elitize_generation_data,78,38,0.37,NA
80,71,double-letters,ifs,FALSE,10,elitize_generation_data,79,41,0.377,NA
81,71,double-letters,ifs,FALSE,10,elitize_generation_data,80,44,0.394,NA
82,71,double-letters,ifs,FALSE,10,elitize_generation_data,81,49,0.418,NA
83,71,double-letters,ifs,FALSE,10,elitize_generation_data,82,50,0.441,NA
84,71,double-letters,ifs,FALSE,10,elitize_generation_data,83,49,0.487,NA
85,71,double-letters,ifs,FALSE,10,elitize_generation_data,84,41,0.548,NA
86,71,double-letters,ifs,FALSE,10,elitize_generation_data,85,41,0.526,NA
87,71,double-letters,ifs,FALSE,10,elitize_generation_data,86,49,0.522,NA
88,71,double-letters,ifs,FALSE,10,elitize_generation_data,87,45,0.511,NA
89,71,double-letters,ifs,FALSE,10,elitize_generation_data,88,47,0.549,NA
90,71,double-letters,ifs,FALSE,10,elitize_generation_data,89,44,0.558,NA
91,71,double-letters,ifs,FALSE,10,elitize_generation_data,90,50,0.575,NA
92,71,double-letters,ifs,FALSE,10,elitize_generation_data,91,51,0.559,NA
93,71,double-letters,ifs,FALSE,10,elitize_generation_data,92,47,0.564,NA
94,71,double-letters,ifs,FALSE,10,elitize_generation_data,93,51,0.544,NA
95,71,double-letters,ifs,FALSE,10,elitize_generation_data,94,33,0.523,NA
96,71,double-letters,ifs,FALSE,10,elitize_generation_data,95,45,0.563,NA
97,71,double-letters,ifs,FALSE,10,elitize_generation_data,96,32,0.534,NA
98,71,double-letters,ifs,FALSE,10,elitize_generation_data,97,34,0.516,NA
99,71,double-letters,ifs,FALSE,10,elitize_generation_data,98,39,0.529,NA
100,71,double-letters,ifs,FALSE,10,elitize_generation_data,99,44,0.514,NA
101,71,double-letters,ifs,FALSE,10,elitize_generation_data,100,53,0.514,NA
102,71,double-letters,ifs,FALSE,10,elitize_generation_data,101,18,0.515,NA
103,71,double-letters,ifs,FALSE,10,elitize_generation_data,102,15,0.486,NA
104,71,double-letters,ifs,FALSE,10,elitize_generation_data,103,11,0.471,NA
105,71,double-letters,ifs,FALSE,10,elitize_generation_data,104,13,0.477,NA
106,71,double-letters,ifs,FALSE,10,elitize_generation_data,105,12,0.474,NA
107,71,double-letters,ifs,FALSE,10,elitize_generation_data,106,15,0.38,NA
108,71,double-letters,ifs,FALSE,10,elitize_generation_data,107,10,0.234,NA
109,71,double-letters,ifs,FALSE,10,elitize_generation_data,108,13,0.209,NA
110,71,double-letters,ifs,FALSE,10,elitize_generation_data,109,12,0.265,NA
111,71,double-letters,ifs,FALSE,10,elitize_generation_data,110,12,0.265,NA
112,71,double-letters,ifs,FALSE,10,elitize_generation_data,111,12,0.26,NA
113,71,double-letters,ifs,FALSE,10,elitize_generation_data,112,9,0.205,NA
114,71,double-letters,ifs,FALSE,10,elitize_generation_data,113,9,0.219,NA
115,71,double-letters,ifs,FALSE,10,elitize_generation_data,114,14,0.224,NA
116,71,double-letters,ifs,FALSE,10,elitize_generation_data,115,14,0.307,NA
117,71,double-letters,ifs,FALSE,10,elitize_generation_data,116,11,0.298,NA
118,71,double-letters,ifs,FALSE,10,elitize_generation_data,117,12,0.231,NA
119,71,double-letters,ifs,FALSE,10,elitize_generation_data,118,12,0.188,NA
120,71,double-letters,ifs,FALSE,10,elitize_generation_data,119,9,0.184,NA
121,71,double-letters,ifs,FALSE,10,elitize_generation_data,120,11,0.213,NA
122,71,double-letters,ifs,FALSE,10,elitize_generation_data,121,13,0.16,NA
123,71,double-letters,ifs,FALSE,10,elitize_generation_data,122,8,0.149,NA
124,71,double-letters,ifs,FALSE,10,elitize_generation_data,123,10,0.157,NA
125,71,double-letters,ifs,FALSE,10,elitize_generation_data,124,12,0.149,NA
126,71,double-letters,ifs,FALSE,10,elitize_generation_data,125,10,0.159,NA
127,71,double-letters,ifs,FALSE,10,elitize_generation_data,126,13,0.134,NA
128,71,double-letters,ifs,FALSE,10,elitize_generation_data,127,14,0.127,NA
129,71,double-letters,ifs,FALSE,10,elitize_generation_data,128,16,0.129,NA
130,71,double-letters,ifs,FALSE,10,elitize_generation_data,129,14,0.118,NA
131,71,double-letters,ifs,FALSE,10,elitize_generation_data,130,16,0.128,NA
132,71,double-letters,ifs,FALSE,10,elitize_generation_data,131,15,0.135,NA
133,71,double-letters,ifs,FALSE,10,elitize_generation_data,132,13,0.139,NA
134,71,double-letters,ifs,FALSE,10,elitize_generation_data,133,14,0.15,NA
135,71,double-letters,ifs,FALSE,10,elitize_generation_data,134,11,0.135,NA
136,71,double-letters,ifs,FALSE,10,elitize_generation_data,135,15,0.134,NA
137,71,double-letters,ifs,FALSE,10,elitize_generation_data,136,15,0.144,NA
138,71,double-letters,ifs,FALSE,10,elitize_generation_data,137,11,0.156,NA
139,71,double-letters,ifs,FALSE,10,elitize_generation_data,138,19,0.132,NA
140,71,double-letters,ifs,FALSE,10,elitize_generation_data,139,14,0.14,NA
141,71,double-letters,ifs,FALSE,10,elitize_generation_data,140,15,0.132,NA
142,71,double-letters,ifs,FALSE,10,elitize_generation_data,141,16,0.139,NA
143,71,double-letters,ifs,FALSE,10,elitize_generation_data,142,13,0.144,NA
144,71,double-letters,ifs,FALSE,10,elitize_generation_data,143,12,0.153,NA
145,71,double-letters,ifs,FALSE,10,elitize_generation_data,144,17,0.135,NA
146,71,double-letters,ifs,FALSE,10,elitize_generation_data,145,13,0.158,NA
147,71,double-letters,ifs,FALSE,10,elitize_generation_data,146,15,0.131,NA
148,71,double-letters,ifs,FALSE,10,elitize_generation_data,147,16,0.147,NA
149,71,double-letters,ifs,FALSE,10,elitize_generation_data,148,14,0.143,NA
150,71,double-letters,ifs,FALSE,10,elitize_generation_data,149,17,0.129,NA
151,71,double-letters,ifs,FALSE,10,elitize_generation_data,150,17,0.137,NA
152,71,double-letters,ifs,FALSE,10,elitize_generation_data,151,14,0.136,NA
153,71,double-letters,ifs,FALSE,10,elitize_generation_data,152,14,0.139,NA
154,71,double-letters,ifs,FALSE,10,elitize_generation_data,153,14,0.126,NA
155,71,double-letters,ifs,FALSE,10,elitize_generation_data,154,13,0.135,NA
156,71,double-letters,ifs,FALSE,10,elitize_generation_data,155,17,0.137,NA
157,71,double-letters,ifs,FALSE,10,elitize_generation_data,156,17,0.141,NA
158,71,double-letters,ifs,FALSE,10,elitize_generation_data,157,18,0.125,NA
159,71,double-letters,ifs,FALSE,10,elitize_generation_data,158,16,0.139,NA
160,71,double-letters,ifs,FALSE,10,elitize_generation_data,159,15,0.145,NA
161,71,double-letters,ifs,FALSE,10,elitize_generation_data,160,15,0.121,NA
162,71,double-letters,ifs,FALSE,10,elitize_generation_data,161,17,0.147,NA
163,71,double-letters,ifs,FALSE,10,elitize_generation_data,162,13,0.118,NA
164,71,double-letters,ifs,FALSE,10,elitize_generation_data,163,13,0.104,NA
165,71,double-letters,ifs,FALSE,10,elitize_generation_data,164,15,0.1,NA
166,71,double-letters,ifs,FALSE,10,elitize_generation_data,165,15,0.117,NA
167,71,double-letters,ifs,FALSE,10,elitize_generation_data,166,16,0.116,NA
168,71,double-letters,ifs,FALSE,10,elitize_generation_data,167,14,0.117,NA
169,71,double-letters,ifs,FALSE,10,elitize_generation_data,168,15,0.119,NA
170,71,double-letters,ifs,FALSE,10,elitize_generation_data,169,16,0.127,NA
171,71,double-letters,ifs,FALSE,10,elitize_generation_data,170,13,0.113,NA
172,71,double-letters,ifs,FALSE,10,elitize_generation_data,171,12,0.113,NA
173,71,double-letters,ifs,FALSE,10,elitize_generation_data,172,15,0.138,NA
174,71,double-letters,ifs,FALSE,10,elitize_generation_data,173,13,0.136,NA
175,71,double-letters,ifs,FALSE,10,elitize_generation_data,174,16,0.114,NA
176,71,double-letters,ifs,FALSE,10,elitize_generation_data,175,13,0.12,NA
177,71,double-letters,ifs,FALSE,10,elitize_generation_data,176,13,0.13,NA
178,71,double-letters,ifs,FALSE,10,elitize_generation_data,177,12,0.121,NA
179,71,double-letters,ifs,FALSE,10,elitize_generation_data,178,14,0.128,NA
180,71,double-letters,ifs,FALSE,10,elitize_generation_data,179,13,0.134,NA
181,71,double-letters,ifs,FALSE,10,elitize_generation_data,180,10,0.128,NA
182,71,double-letters,ifs,FALSE,10,elitize_generation_data,181,13,0.114,NA
183,71,double-letters,ifs,FALSE,10,elitize_generation_data,182,14,0.125,NA
184,71,double-letters,ifs,FALSE,10,elitize_generation_data,183,15,0.131,NA
185,71,double-letters,ifs,FALSE,10,elitize_generation_data,184,13,0.122,NA
186,71,double-letters,ifs,FALSE,10,elitize_generation_data,185,15,0.134,NA
187,71,double-letters,ifs,FALSE,10,elitize_generation_data,186,14,0.122,NA
188,71,double-letters,ifs,FALSE,10,elitize_generation_data,187,12,0.124,NA
189,71,double-letters,ifs,FALSE,10,elitize_generation_data,188,11,0.117,NA
190,71,double-letters,ifs,FALSE,10,elitize_generation_data,189,13,0.128,NA
191,71,double-letters,ifs,FALSE,10,elitize_generation_data,190,11,0.124,NA
192,71,double-letters,ifs,FALSE,10,elitize_generation_data,191,16,0.129,NA
193,71,double-letters,ifs,FALSE,10,elitize_generation_data,192,13,0.137,NA
194,71,double-letters,ifs,FALSE,10,elitize_generation_data,193,14,0.131,NA
195,71,double-letters,ifs,FALSE,10,elitize_generation_data,194,12,0.119,NA
196,71,double-letters,ifs,FALSE,10,elitize_generation_data,195,12,0.12,NA
197,71,double-letters,ifs,FALSE,10,elitize_generation_data,196,16,0.141,NA
198,71,double-letters,ifs,FALSE,10,elitize_generation_data,197,17,0.129,NA
199,71,double-letters,ifs,FALSE,10,elitize_generation_data,198,17,0.132,NA
200,71,double-letters,ifs,FALSE,10,elitize_generation_data,199,13,0.129,NA
201,71,double-letters,ifs,FALSE,10,elitize_generation_data,200,16,0.135,NA
202,71,double-letters,ifs,FALSE,10,elitize_generation_data,201,12,0.123,NA
203,71,double-letters,ifs,FALSE,10,elitize_generation_data,202,14,0.117,NA
204,71,double-letters,ifs,FALSE,10,elitize_generation_data,203,14,0.116,NA
205,71,double-letters,ifs,FALSE,10,elitize_generation_data,204,14,0.125,NA
206,71,double-letters,ifs,FALSE,10,elitize_generation_data,205,14,0.121,NA
207,71,double-letters,ifs,FALSE,10,elitize_generation_data,206,14,0.112,NA
208,71,double-letters,ifs,FALSE,10,elitize_generation_data,207,12,0.12,NA
209,71,double-letters,ifs,FALSE,10,elitize_generation_data,208,14,0.119,NA
210,71,double-letters,ifs,FALSE,10,elitize_generation_data,209,12,0.108,NA
211,71,double-letters,ifs,FALSE,10,elitize_generation_data,210,18,0.118,NA
212,71,double-letters,ifs,FALSE,10,elitize_generation_data,211,12,0.118,NA
213,71,double-letters,ifs,FALSE,10,elitize_generation_data,212,14,0.125,NA
214,71,double-letters,ifs,FALSE,10,elitize_generation_data,213,14,0.109,NA
215,71,double-letters,ifs,FALSE,10,elitize_generation_data,214,14,0.117,NA
216,71,double-letters,ifs,FALSE,10,elitize_generation_data,215,14,0.102,NA
217,71,double-letters,ifs,FALSE,10,elitize_generation_data,216,12,0.113,NA
218,71,double-letters,ifs,FALSE,10,elitize_generation_data,217,15,0.099,NA
219,71,double-letters,ifs,FALSE,10,elitize_generation_data,218,16,0.104,NA
220,71,double-letters,ifs,FALSE,10,elitize_generation_data,219,13,0.09,NA
221,71,double-letters,ifs,FALSE,10,elitize_generation_data,220,11,0.114,NA
222,71,double-letters,ifs,FALSE,10,elitize_generation_data,221,14,0.105,NA
223,71,double-letters,ifs,FALSE,10,elitize_generation_data,222,11,0.095,NA
224,71,double-letters,ifs,FALSE,10,elitize_generation_data,223,13,0.083,NA
225,71,double-letters,ifs,FALSE,10,elitize_generation_data,224,12,0.093,NA
226,71,double-letters,ifs,FALSE,10,elitize_generation_data,225,14,0.109,NA
227,71,double-letters,ifs,FALSE,10,elitize_generation_data,226,13,0.087,NA
228,71,double-letters,ifs,FALSE,10,elitize_generation_data,227,15,0.099,NA
229,71,double-letters,ifs,FALSE,10,elitize_generation_data,228,13,0.1,NA
230,71,double-letters,ifs,FALSE,10,elitize_generation_data,229,14,0.089,NA
231,71,double-letters,ifs,FALSE,10,elitize_generation_data,230,15,0.101,NA
232,71,double-letters,ifs,FALSE,10,elitize_generation_data,231,12,0.09,NA
233,71,double-letters,ifs,FALSE,10,elitize_generation_data,232,13,0.078,NA
234,71,double-letters,ifs,FALSE,10,elitize_generation_data,233,16,0.086,NA
235,71,double-letters,ifs,FALSE,10,elitize_generation_data,234,9,0.079,NA
236,71,double-letters,ifs,FALSE,10,elitize_generation_data,235,15,0.096,NA
237,71,double-letters,ifs,FALSE,10,elitize_generation_data,236,14,0.077,NA
238,71,double-letters,ifs,FALSE,10,elitize_generation_data,237,14,0.095,NA
239,71,double-letters,ifs,FALSE,10,elitize_generation_data,238,10,0.087,NA
240,71,double-letters,ifs,FALSE,10,elitize_generation_data,239,11,0.075,NA
241,71,double-letters,ifs,FALSE,10,elitize_generation_data,240,13,0.083,NA
242,71,double-letters,ifs,FALSE,10,elitize_generation_data,241,11,0.077,NA
243,71,double-letters,ifs,FALSE,10,elitize_generation_data,242,12,0.087,NA
244,71,double-letters,ifs,FALSE,10,elitize_generation_data,243,12,0.082,NA
245,71,double-letters,ifs,FALSE,10,elitize_generation_data,244,15,0.075,NA
246,71,double-letters,ifs,FALSE,10,elitize_generation_data,245,12,0.079,NA
247,71,double-letters,ifs,FALSE,10,elitize_generation_data,246,11,0.075,NA
248,71,double-letters,ifs,FALSE,10,elitize_generation_data,247,12,0.087,NA
249,71,double-letters,ifs,FALSE,10,elitize_generation_data,248,16,0.081,NA
250,71,double-letters,ifs,FALSE,10,elitize_generation_data,249,12,0.097,NA
251,71,double-letters,ifs,FALSE,10,elitize_generation_data,250,14,0.076,NA
252,71,double-letters,ifs,FALSE,10,elitize_generation_data,251,12,0.079,NA
253,71,double-letters,ifs,FALSE,10,elitize_generation_data,252,12,0.086,NA
254,71,double-letters,ifs,FALSE,10,elitize_generation_data,253,16,0.09,NA
255,71,double-letters,ifs,FALSE,10,elitize_generation_data,254,17,0.087,NA
256,71,double-letters,ifs,FALSE,10,elitize_generation_data,255,16,0.09,NA
257,71,double-letters,ifs,FALSE,10,elitize_generation_data,256,15,0.083,NA
258,71,double-letters,ifs,FALSE,10,elitize_generation_data,257,11,0.081,NA
259,71,double-letters,ifs,FALSE,10,elitize_generation_data,258,12,0.077,NA
260,71,double-letters,ifs,FALSE,10,elitize_generation_data,259,12,0.078,NA
261,71,double-letters,ifs,FALSE,10,elitize_generation_data,260,15,0.096,NA
262,71,double-letters,ifs,FALSE,10,elitize_generation_data,261,10,0.069,NA
263,71,double-letters,ifs,FALSE,10,elitize_generation_data,262,11,0.079,NA
264,71,double-letters,ifs,FALSE,10,elitize_generation_data,263,12,0.085,NA
265,71,double-letters,ifs,FALSE,10,elitize_generation_data,264,11,0.07,NA
266,71,double-letters,ifs,FALSE,10,elitize_generation_data,265,14,0.076,NA
267,71,double-letters,ifs,FALSE,10,elitize_generation_data,266,13,0.079,NA
268,71,double-letters,ifs,FALSE,10,elitize_generation_data,267,11,0.083,NA
269,71,double-letters,ifs,FALSE,10,elitize_generation_data,268,10,0.076,NA
270,71,double-letters,ifs,FALSE,10,elitize_generation_data,269,10,0.093,NA
271,71,double-letters,ifs,FALSE,10,elitize_generation_data,270,13,0.085,NA
272,71,double-letters,ifs,FALSE,10,elitize_generation_data,271,12,0.076,NA
273,71,double-letters,ifs,FALSE,10,elitize_generation_data,272,12,0.077,NA
274,71,double-letters,ifs,FALSE,10,elitize_generation_data,273,14,0.084,NA
275,71,double-letters,ifs,FALSE,10,elitize_generation_data,274,12,0.072,NA
276,71,double-letters,ifs,FALSE,10,elitize_generation_data,275,14,0.09,NA
277,71,double-letters,ifs,FALSE,10,elitize_generation_data,276,14,0.064,NA
278,71,double-letters,ifs,FALSE,10,elitize_generation_data,277,12,0.085,NA
279,71,double-letters,ifs,FALSE,10,elitize_generation_data,278,13,0.089,NA
280,71,double-letters,ifs,FALSE,10,elitize_generation_data,279,12,0.071,NA
281,71,double-letters,ifs,FALSE,10,elitize_generation_data,280,11,0.082,NA
282,71,double-letters,ifs,FALSE,10,elitize_generation_data,281,13,0.082,NA
283,71,double-letters,ifs,FALSE,10,elitize_generation_data,282,12,0.071,NA
284,71,double-letters,ifs,FALSE,10,elitize_generation_data,283,11,0.066,NA
285,71,double-letters,ifs,FALSE,10,elitize_generation_data,284,13,0.086,NA
286,71,double-letters,ifs,FALSE,10,elitize_generation_data,285,13,0.069,NA
287,71,double-letters,ifs,FALSE,10,elitize_generation_data,286,17,0.078,NA
288,71,double-letters,ifs,FALSE,10,elitize_generation_data,287,13,0.089,NA
289,71,double-letters,ifs,FALSE,10,elitize_generation_data,288,9,0.093,NA
290,71,double-letters,ifs,FALSE,10,elitize_generation_data,289,14,0.095,NA
291,71,double-letters,ifs,FALSE,10,elitize_generation_data,290,16,0.088,NA
292,71,double-letters,ifs,FALSE,10,elitize_generation_data,291,13,0.082,NA
293,71,double-letters,ifs,FALSE,10,elitize_generation_data,292,16,0.074,NA
294,71,double-letters,ifs,FALSE,10,elitize_generation_data,293,13,0.069,NA
295,71,double-letters,ifs,FALSE,10,elitize_generation_data,294,12,0.08,NA
296,71,double-letters,ifs,FALSE,10,elitize_generation_data,295,11,0.083,NA
297,71,double-letters,ifs,FALSE,10,elitize_generation_data,296,13,0.077,NA
298,71,double-letters,ifs,FALSE,10,elitize_generation_data,297,16,0.08,NA
299,71,double-letters,ifs,FALSE,10,elitize_generation_data,298,16,0.087,NA
300,71,double-letters,ifs,FALSE,10,elitize_generation_data,299,16,0.077,NA
301,71,double-letters,ifs,FALSE,10,elitize_generation_data,300,12,0.08,NA
