,run.num,problem,treatment,succeeded,height,normalization.function,generation,cluster.count,error.diversity,success.generation
1,68,double-letters,ifs,FALSE,10,elitize_generation_data,0,3,0.372,NA
2,68,double-letters,ifs,FALSE,10,elitize_generation_data,1,4,0.19,NA
3,68,double-letters,ifs,FALSE,10,elitize_generation_data,2,5,0.23,NA
4,68,double-letters,ifs,FALSE,10,elitize_generation_data,3,6,0.167,NA
5,68,double-letters,ifs,FALSE,10,elitize_generation_data,4,5,0.053,NA
6,68,double-letters,ifs,FALSE,10,elitize_generation_data,5,6,0.072,NA
7,68,double-letters,ifs,FALSE,10,elitize_generation_data,6,7,0.108,NA
8,68,double-letters,ifs,FALSE,10,elitize_generation_data,7,7,0.111,NA
9,68,double-letters,ifs,FALSE,10,elitize_generation_data,8,9,0.11,NA
10,68,double-letters,ifs,FALSE,10,elitize_generation_data,9,11,0.123,NA
11,68,double-letters,ifs,FALSE,10,elitize_generation_data,10,13,0.158,NA
12,68,double-letters,ifs,FALSE,10,elitize_generation_data,11,13,0.124,NA
13,68,double-letters,ifs,FALSE,10,elitize_generation_data,12,11,0.106,NA
14,68,double-letters,ifs,FALSE,10,elitize_generation_data,13,11,0.116,NA
15,68,double-letters,ifs,FALSE,10,elitize_generation_data,14,12,0.11,NA
16,68,double-letters,ifs,FALSE,10,elitize_generation_data,15,13,0.12,NA
17,68,double-letters,ifs,FALSE,10,elitize_generation_data,16,11,0.13,NA
18,68,double-letters,ifs,FALSE,10,elitize_generation_data,17,15,0.127,NA
19,68,double-letters,ifs,FALSE,10,elitize_generation_data,18,13,0.115,NA
20,68,double-letters,ifs,FALSE,10,elitize_generation_data,19,13,0.128,NA
21,68,double-letters,ifs,FALSE,10,elitize_generation_data,20,13,0.135,NA
22,68,double-letters,ifs,FALSE,10,elitize_generation_data,21,17,0.137,NA
23,68,double-letters,ifs,FALSE,10,elitize_generation_data,22,14,0.13,NA
24,68,double-letters,ifs,FALSE,10,elitize_generation_data,23,11,0.128,NA
25,68,double-letters,ifs,FALSE,10,elitize_generation_data,24,13,0.131,NA
26,68,double-letters,ifs,FALSE,10,elitize_generation_data,25,15,0.133,NA
27,68,double-letters,ifs,FALSE,10,elitize_generation_data,26,12,0.135,NA
28,68,double-letters,ifs,FALSE,10,elitize_generation_data,27,12,0.144,NA
29,68,double-letters,ifs,FALSE,10,elitize_generation_data,28,15,0.141,NA
30,68,double-letters,ifs,FALSE,10,elitize_generation_data,29,18,0.146,NA
31,68,double-letters,ifs,FALSE,10,elitize_generation_data,30,14,0.146,NA
32,68,double-letters,ifs,FALSE,10,elitize_generation_data,31,12,0.133,NA
33,68,double-letters,ifs,FALSE,10,elitize_generation_data,32,21,0.147,NA
34,68,double-letters,ifs,FALSE,10,elitize_generation_data,33,14,0.129,NA
35,68,double-letters,ifs,FALSE,10,elitize_generation_data,34,16,0.139,NA
36,68,double-letters,ifs,FALSE,10,elitize_generation_data,35,13,0.149,NA
37,68,double-letters,ifs,FALSE,10,elitize_generation_data,36,17,0.171,NA
38,68,double-letters,ifs,FALSE,10,elitize_generation_data,37,14,0.177,NA
39,68,double-letters,ifs,FALSE,10,elitize_generation_data,38,16,0.175,NA
40,68,double-letters,ifs,FALSE,10,elitize_generation_data,39,12,0.17,NA
41,68,double-letters,ifs,FALSE,10,elitize_generation_data,40,21,0.193,NA
42,68,double-letters,ifs,FALSE,10,elitize_generation_data,41,11,0.206,NA
43,68,double-letters,ifs,FALSE,10,elitize_generation_data,42,9,0.205,NA
44,68,double-letters,ifs,FALSE,10,elitize_generation_data,43,8,0.211,NA
45,68,double-letters,ifs,FALSE,10,elitize_generation_data,44,10,0.206,NA
46,68,double-letters,ifs,FALSE,10,elitize_generation_data,45,16,0.236,NA
47,68,double-letters,ifs,FALSE,10,elitize_generation_data,46,19,0.33,NA
48,68,double-letters,ifs,FALSE,10,elitize_generation_data,47,18,0.34,NA
49,68,double-letters,ifs,FALSE,10,elitize_generation_data,48,16,0.32,NA
50,68,double-letters,ifs,FALSE,10,elitize_generation_data,49,16,0.32,NA
51,68,double-letters,ifs,FALSE,10,elitize_generation_data,50,19,0.332,NA
52,68,double-letters,ifs,FALSE,10,elitize_generation_data,51,16,0.329,NA
53,68,double-letters,ifs,FALSE,10,elitize_generation_data,52,15,0.314,NA
54,68,double-letters,ifs,FALSE,10,elitize_generation_data,53,20,0.32,NA
55,68,double-letters,ifs,FALSE,10,elitize_generation_data,54,16,0.341,NA
56,68,double-letters,ifs,FALSE,10,elitize_generation_data,55,20,0.335,NA
57,68,double-letters,ifs,FALSE,10,elitize_generation_data,56,19,0.332,NA
58,68,double-letters,ifs,FALSE,10,elitize_generation_data,57,23,0.316,NA
59,68,double-letters,ifs,FALSE,10,elitize_generation_data,58,15,0.276,NA
60,68,double-letters,ifs,FALSE,10,elitize_generation_data,59,19,0.307,NA
61,68,double-letters,ifs,FALSE,10,elitize_generation_data,60,23,0.307,NA
62,68,double-letters,ifs,FALSE,10,elitize_generation_data,61,15,0.313,NA
63,68,double-letters,ifs,FALSE,10,elitize_generation_data,62,28,0.322,NA
64,68,double-letters,ifs,FALSE,10,elitize_generation_data,63,24,0.334,NA
65,68,double-letters,ifs,FALSE,10,elitize_generation_data,64,23,0.338,NA
66,68,double-letters,ifs,FALSE,10,elitize_generation_data,65,21,0.308,NA
67,68,double-letters,ifs,FALSE,10,elitize_generation_data,66,20,0.319,NA
68,68,double-letters,ifs,FALSE,10,elitize_generation_data,67,20,0.324,NA
69,68,double-letters,ifs,FALSE,10,elitize_generation_data,68,21,0.302,NA
70,68,double-letters,ifs,FALSE,10,elitize_generation_data,69,22,0.312,NA
71,68,double-letters,ifs,FALSE,10,elitize_generation_data,70,22,0.312,NA
72,68,double-letters,ifs,FALSE,10,elitize_generation_data,71,28,0.349,NA
73,68,double-letters,ifs,FALSE,10,elitize_generation_data,72,24,0.317,NA
74,68,double-letters,ifs,FALSE,10,elitize_generation_data,73,24,0.321,NA
75,68,double-letters,ifs,FALSE,10,elitize_generation_data,74,27,0.334,NA
76,68,double-letters,ifs,FALSE,10,elitize_generation_data,75,20,0.325,NA
77,68,double-letters,ifs,FALSE,10,elitize_generation_data,76,25,0.35,NA
78,68,double-letters,ifs,FALSE,10,elitize_generation_data,77,20,0.341,NA
79,68,double-letters,ifs,FALSE,10,elitize_generation_data,78,20,0.365,NA
80,68,double-letters,ifs,FALSE,10,elitize_generation_data,79,24,0.32,NA
81,68,double-letters,ifs,FALSE,10,elitize_generation_data,80,22,0.368,NA
82,68,double-letters,ifs,FALSE,10,elitize_generation_data,81,26,0.366,NA
83,68,double-letters,ifs,FALSE,10,elitize_generation_data,82,26,0.355,NA
84,68,double-letters,ifs,FALSE,10,elitize_generation_data,83,20,0.324,NA
85,68,double-letters,ifs,FALSE,10,elitize_generation_data,84,22,0.36,NA
86,68,double-letters,ifs,FALSE,10,elitize_generation_data,85,22,0.346,NA
87,68,double-letters,ifs,FALSE,10,elitize_generation_data,86,22,0.329,NA
88,68,double-letters,ifs,FALSE,10,elitize_generation_data,87,21,0.361,NA
89,68,double-letters,ifs,FALSE,10,elitize_generation_data,88,21,0.38,NA
90,68,double-letters,ifs,FALSE,10,elitize_generation_data,89,20,0.361,NA
91,68,double-letters,ifs,FALSE,10,elitize_generation_data,90,14,0.402,NA
92,68,double-letters,ifs,FALSE,10,elitize_generation_data,91,20,0.392,NA
93,68,double-letters,ifs,FALSE,10,elitize_generation_data,92,24,0.425,NA
94,68,double-letters,ifs,FALSE,10,elitize_generation_data,93,17,0.452,NA
95,68,double-letters,ifs,FALSE,10,elitize_generation_data,94,18,0.452,NA
96,68,double-letters,ifs,FALSE,10,elitize_generation_data,95,28,0.448,NA
97,68,double-letters,ifs,FALSE,10,elitize_generation_data,96,23,0.45,NA
98,68,double-letters,ifs,FALSE,10,elitize_generation_data,97,25,0.508,NA
99,68,double-letters,ifs,FALSE,10,elitize_generation_data,98,18,0.473,NA
100,68,double-letters,ifs,FALSE,10,elitize_generation_data,99,25,0.483,NA
101,68,double-letters,ifs,FALSE,10,elitize_generation_data,100,26,0.507,NA
102,68,double-letters,ifs,FALSE,10,elitize_generation_data,101,29,0.485,NA
103,68,double-letters,ifs,FALSE,10,elitize_generation_data,102,35,0.464,NA
104,68,double-letters,ifs,FALSE,10,elitize_generation_data,103,26,0.468,NA
105,68,double-letters,ifs,FALSE,10,elitize_generation_data,104,30,0.461,NA
106,68,double-letters,ifs,FALSE,10,elitize_generation_data,105,32,0.48,NA
107,68,double-letters,ifs,FALSE,10,elitize_generation_data,106,29,0.471,NA
108,68,double-letters,ifs,FALSE,10,elitize_generation_data,107,33,0.484,NA
109,68,double-letters,ifs,FALSE,10,elitize_generation_data,108,44,0.477,NA
110,68,double-letters,ifs,FALSE,10,elitize_generation_data,109,36,0.481,NA
111,68,double-letters,ifs,FALSE,10,elitize_generation_data,110,34,0.48,NA
112,68,double-letters,ifs,FALSE,10,elitize_generation_data,111,37,0.507,NA
113,68,double-letters,ifs,FALSE,10,elitize_generation_data,112,38,0.54,NA
114,68,double-letters,ifs,FALSE,10,elitize_generation_data,113,34,0.538,NA
115,68,double-letters,ifs,FALSE,10,elitize_generation_data,114,46,0.519,NA
116,68,double-letters,ifs,FALSE,10,elitize_generation_data,115,52,0.581,NA
117,68,double-letters,ifs,FALSE,10,elitize_generation_data,116,44,0.623,NA
118,68,double-letters,ifs,FALSE,10,elitize_generation_data,117,44,0.647,NA
119,68,double-letters,ifs,FALSE,10,elitize_generation_data,118,47,0.632,NA
120,68,double-letters,ifs,FALSE,10,elitize_generation_data,119,34,0.612,NA
121,68,double-letters,ifs,FALSE,10,elitize_generation_data,120,34,0.612,NA
122,68,double-letters,ifs,FALSE,10,elitize_generation_data,121,46,0.634,NA
123,68,double-letters,ifs,FALSE,10,elitize_generation_data,122,36,0.647,NA
124,68,double-letters,ifs,FALSE,10,elitize_generation_data,123,44,0.704,NA
125,68,double-letters,ifs,FALSE,10,elitize_generation_data,124,51,0.702,NA
126,68,double-letters,ifs,FALSE,10,elitize_generation_data,125,40,0.679,NA
127,68,double-letters,ifs,FALSE,10,elitize_generation_data,126,35,0.716,NA
128,68,double-letters,ifs,FALSE,10,elitize_generation_data,127,45,0.701,NA
129,68,double-letters,ifs,FALSE,10,elitize_generation_data,128,62,0.738,NA
130,68,double-letters,ifs,FALSE,10,elitize_generation_data,129,49,0.703,NA
131,68,double-letters,ifs,FALSE,10,elitize_generation_data,130,53,0.749,NA
132,68,double-letters,ifs,FALSE,10,elitize_generation_data,131,59,0.732,NA
133,68,double-letters,ifs,FALSE,10,elitize_generation_data,132,54,0.775,NA
134,68,double-letters,ifs,FALSE,10,elitize_generation_data,133,52,0.77,NA
135,68,double-letters,ifs,FALSE,10,elitize_generation_data,134,69,0.743,NA
136,68,double-letters,ifs,FALSE,10,elitize_generation_data,135,57,0.751,NA
137,68,double-letters,ifs,FALSE,10,elitize_generation_data,136,55,0.701,NA
138,68,double-letters,ifs,FALSE,10,elitize_generation_data,137,53,0.739,NA
139,68,double-letters,ifs,FALSE,10,elitize_generation_data,138,60,0.735,NA
140,68,double-letters,ifs,FALSE,10,elitize_generation_data,139,60,0.724,NA
141,68,double-letters,ifs,FALSE,10,elitize_generation_data,140,58,0.739,NA
142,68,double-letters,ifs,FALSE,10,elitize_generation_data,141,54,0.715,NA
143,68,double-letters,ifs,FALSE,10,elitize_generation_data,142,63,0.713,NA
144,68,double-letters,ifs,FALSE,10,elitize_generation_data,143,53,0.705,NA
145,68,double-letters,ifs,FALSE,10,elitize_generation_data,144,56,0.682,NA
146,68,double-letters,ifs,FALSE,10,elitize_generation_data,145,52,0.69,NA
147,68,double-letters,ifs,FALSE,10,elitize_generation_data,146,50,0.682,NA
148,68,double-letters,ifs,FALSE,10,elitize_generation_data,147,61,0.682,NA
149,68,double-letters,ifs,FALSE,10,elitize_generation_data,148,53,0.667,NA
150,68,double-letters,ifs,FALSE,10,elitize_generation_data,149,54,0.666,NA
151,68,double-letters,ifs,FALSE,10,elitize_generation_data,150,65,0.672,NA
152,68,double-letters,ifs,FALSE,10,elitize_generation_data,151,54,0.656,NA
153,68,double-letters,ifs,FALSE,10,elitize_generation_data,152,49,0.645,NA
154,68,double-letters,ifs,FALSE,10,elitize_generation_data,153,47,0.657,NA
155,68,double-letters,ifs,FALSE,10,elitize_generation_data,154,44,0.626,NA
156,68,double-letters,ifs,FALSE,10,elitize_generation_data,155,39,0.655,NA
157,68,double-letters,ifs,FALSE,10,elitize_generation_data,156,43,0.639,NA
158,68,double-letters,ifs,FALSE,10,elitize_generation_data,157,40,0.617,NA
159,68,double-letters,ifs,FALSE,10,elitize_generation_data,158,40,0.623,NA
160,68,double-letters,ifs,FALSE,10,elitize_generation_data,159,46,0.628,NA
161,68,double-letters,ifs,FALSE,10,elitize_generation_data,160,39,0.628,NA
162,68,double-letters,ifs,FALSE,10,elitize_generation_data,161,46,0.645,NA
163,68,double-letters,ifs,FALSE,10,elitize_generation_data,162,55,0.624,NA
164,68,double-letters,ifs,FALSE,10,elitize_generation_data,163,42,0.598,NA
165,68,double-letters,ifs,FALSE,10,elitize_generation_data,164,46,0.588,NA
166,68,double-letters,ifs,FALSE,10,elitize_generation_data,165,44,0.637,NA
167,68,double-letters,ifs,FALSE,10,elitize_generation_data,166,47,0.593,NA
168,68,double-letters,ifs,FALSE,10,elitize_generation_data,167,44,0.594,NA
169,68,double-letters,ifs,FALSE,10,elitize_generation_data,168,38,0.603,NA
170,68,double-letters,ifs,FALSE,10,elitize_generation_data,169,31,0.62,NA
171,68,double-letters,ifs,FALSE,10,elitize_generation_data,170,40,0.621,NA
172,68,double-letters,ifs,FALSE,10,elitize_generation_data,171,38,0.624,NA
173,68,double-letters,ifs,FALSE,10,elitize_generation_data,172,36,0.631,NA
174,68,double-letters,ifs,FALSE,10,elitize_generation_data,173,32,0.587,NA
175,68,double-letters,ifs,FALSE,10,elitize_generation_data,174,31,0.628,NA
176,68,double-letters,ifs,FALSE,10,elitize_generation_data,175,31,0.626,NA
177,68,double-letters,ifs,FALSE,10,elitize_generation_data,176,35,0.612,NA
178,68,double-letters,ifs,FALSE,10,elitize_generation_data,177,34,0.629,NA
179,68,double-letters,ifs,FALSE,10,elitize_generation_data,178,33,0.62,NA
180,68,double-letters,ifs,FALSE,10,elitize_generation_data,179,32,0.624,NA
181,68,double-letters,ifs,FALSE,10,elitize_generation_data,180,35,0.613,NA
182,68,double-letters,ifs,FALSE,10,elitize_generation_data,181,30,0.642,NA
183,68,double-letters,ifs,FALSE,10,elitize_generation_data,182,30,0.659,NA
184,68,double-letters,ifs,FALSE,10,elitize_generation_data,183,33,0.644,NA
185,68,double-letters,ifs,FALSE,10,elitize_generation_data,184,26,0.664,NA
186,68,double-letters,ifs,FALSE,10,elitize_generation_data,185,31,0.681,NA
187,68,double-letters,ifs,FALSE,10,elitize_generation_data,186,35,0.697,NA
188,68,double-letters,ifs,FALSE,10,elitize_generation_data,187,35,0.705,NA
189,68,double-letters,ifs,FALSE,10,elitize_generation_data,188,40,0.709,NA
190,68,double-letters,ifs,FALSE,10,elitize_generation_data,189,41,0.711,NA
191,68,double-letters,ifs,FALSE,10,elitize_generation_data,190,36,0.697,NA
192,68,double-letters,ifs,FALSE,10,elitize_generation_data,191,36,0.689,NA
193,68,double-letters,ifs,FALSE,10,elitize_generation_data,192,37,0.708,NA
194,68,double-letters,ifs,FALSE,10,elitize_generation_data,193,45,0.728,NA
195,68,double-letters,ifs,FALSE,10,elitize_generation_data,194,38,0.723,NA
196,68,double-letters,ifs,FALSE,10,elitize_generation_data,195,38,0.708,NA
197,68,double-letters,ifs,FALSE,10,elitize_generation_data,196,42,0.712,NA
198,68,double-letters,ifs,FALSE,10,elitize_generation_data,197,31,0.708,NA
199,68,double-letters,ifs,FALSE,10,elitize_generation_data,198,39,0.696,NA
200,68,double-letters,ifs,FALSE,10,elitize_generation_data,199,32,0.676,NA
201,68,double-letters,ifs,FALSE,10,elitize_generation_data,200,39,0.717,NA
202,68,double-letters,ifs,FALSE,10,elitize_generation_data,201,41,0.678,NA
203,68,double-letters,ifs,FALSE,10,elitize_generation_data,202,31,0.692,NA
204,68,double-letters,ifs,FALSE,10,elitize_generation_data,203,35,0.681,NA
205,68,double-letters,ifs,FALSE,10,elitize_generation_data,204,41,0.662,NA
206,68,double-letters,ifs,FALSE,10,elitize_generation_data,205,38,0.678,NA
207,68,double-letters,ifs,FALSE,10,elitize_generation_data,206,38,0.68,NA
208,68,double-letters,ifs,FALSE,10,elitize_generation_data,207,42,0.669,NA
209,68,double-letters,ifs,FALSE,10,elitize_generation_data,208,38,0.695,NA
210,68,double-letters,ifs,FALSE,10,elitize_generation_data,209,34,0.671,NA
211,68,double-letters,ifs,FALSE,10,elitize_generation_data,210,48,0.674,NA
212,68,double-letters,ifs,FALSE,10,elitize_generation_data,211,44,0.696,NA
213,68,double-letters,ifs,FALSE,10,elitize_generation_data,212,43,0.65,NA
214,68,double-letters,ifs,FALSE,10,elitize_generation_data,213,38,0.641,NA
215,68,double-letters,ifs,FALSE,10,elitize_generation_data,214,39,0.654,NA
216,68,double-letters,ifs,FALSE,10,elitize_generation_data,215,30,0.65,NA
217,68,double-letters,ifs,FALSE,10,elitize_generation_data,216,41,0.664,NA
218,68,double-letters,ifs,FALSE,10,elitize_generation_data,217,44,0.645,NA
219,68,double-letters,ifs,FALSE,10,elitize_generation_data,218,47,0.647,NA
220,68,double-letters,ifs,FALSE,10,elitize_generation_data,219,30,0.644,NA
221,68,double-letters,ifs,FALSE,10,elitize_generation_data,220,32,0.612,NA
222,68,double-letters,ifs,FALSE,10,elitize_generation_data,221,43,0.625,NA
223,68,double-letters,ifs,FALSE,10,elitize_generation_data,222,38,0.639,NA
224,68,double-letters,ifs,FALSE,10,elitize_generation_data,223,38,0.647,NA
225,68,double-letters,ifs,FALSE,10,elitize_generation_data,224,40,0.653,NA
226,68,double-letters,ifs,FALSE,10,elitize_generation_data,225,51,0.663,NA
227,68,double-letters,ifs,FALSE,10,elitize_generation_data,226,43,0.662,NA
228,68,double-letters,ifs,FALSE,10,elitize_generation_data,227,34,0.649,NA
229,68,double-letters,ifs,FALSE,10,elitize_generation_data,228,37,0.611,NA
230,68,double-letters,ifs,FALSE,10,elitize_generation_data,229,39,0.592,NA
231,68,double-letters,ifs,FALSE,10,elitize_generation_data,230,40,0.615,NA
232,68,double-letters,ifs,FALSE,10,elitize_generation_data,231,36,0.6,NA
233,68,double-letters,ifs,FALSE,10,elitize_generation_data,232,41,0.658,NA
234,68,double-letters,ifs,FALSE,10,elitize_generation_data,233,36,0.621,NA
235,68,double-letters,ifs,FALSE,10,elitize_generation_data,234,39,0.66,NA
236,68,double-letters,ifs,FALSE,10,elitize_generation_data,235,37,0.622,NA
237,68,double-letters,ifs,FALSE,10,elitize_generation_data,236,40,0.652,NA
238,68,double-letters,ifs,FALSE,10,elitize_generation_data,237,38,0.634,NA
239,68,double-letters,ifs,FALSE,10,elitize_generation_data,238,53,0.66,NA
240,68,double-letters,ifs,FALSE,10,elitize_generation_data,239,43,0.689,NA
241,68,double-letters,ifs,FALSE,10,elitize_generation_data,240,42,0.705,NA
242,68,double-letters,ifs,FALSE,10,elitize_generation_data,241,43,0.659,NA
243,68,double-letters,ifs,FALSE,10,elitize_generation_data,242,47,0.689,NA
244,68,double-letters,ifs,FALSE,10,elitize_generation_data,243,50,0.67,NA
245,68,double-letters,ifs,FALSE,10,elitize_generation_data,244,42,0.677,NA
246,68,double-letters,ifs,FALSE,10,elitize_generation_data,245,54,0.672,NA
247,68,double-letters,ifs,FALSE,10,elitize_generation_data,246,41,0.686,NA
248,68,double-letters,ifs,FALSE,10,elitize_generation_data,247,47,0.667,NA
249,68,double-letters,ifs,FALSE,10,elitize_generation_data,248,48,0.709,NA
250,68,double-letters,ifs,FALSE,10,elitize_generation_data,249,39,0.682,NA
251,68,double-letters,ifs,FALSE,10,elitize_generation_data,250,43,0.68,NA
252,68,double-letters,ifs,FALSE,10,elitize_generation_data,251,43,0.7,NA
253,68,double-letters,ifs,FALSE,10,elitize_generation_data,252,37,0.682,NA
254,68,double-letters,ifs,FALSE,10,elitize_generation_data,253,41,0.687,NA
255,68,double-letters,ifs,FALSE,10,elitize_generation_data,254,45,0.679,NA
256,68,double-letters,ifs,FALSE,10,elitize_generation_data,255,43,0.692,NA
257,68,double-letters,ifs,FALSE,10,elitize_generation_data,256,38,0.701,NA
258,68,double-letters,ifs,FALSE,10,elitize_generation_data,257,34,0.693,NA
259,68,double-letters,ifs,FALSE,10,elitize_generation_data,258,42,0.694,NA
260,68,double-letters,ifs,FALSE,10,elitize_generation_data,259,42,0.676,NA
261,68,double-letters,ifs,FALSE,10,elitize_generation_data,260,35,0.651,NA
262,68,double-letters,ifs,FALSE,10,elitize_generation_data,261,36,0.653,NA
263,68,double-letters,ifs,FALSE,10,elitize_generation_data,262,31,0.632,NA
264,68,double-letters,ifs,FALSE,10,elitize_generation_data,263,36,0.667,NA
265,68,double-letters,ifs,FALSE,10,elitize_generation_data,264,30,0.642,NA
266,68,double-letters,ifs,FALSE,10,elitize_generation_data,265,26,0.659,NA
267,68,double-letters,ifs,FALSE,10,elitize_generation_data,266,38,0.644,NA
268,68,double-letters,ifs,FALSE,10,elitize_generation_data,267,36,0.669,NA
269,68,double-letters,ifs,FALSE,10,elitize_generation_data,268,35,0.651,NA
270,68,double-letters,ifs,FALSE,10,elitize_generation_data,269,25,0.649,NA
271,68,double-letters,ifs,FALSE,10,elitize_generation_data,270,39,0.664,NA
272,68,double-letters,ifs,FALSE,10,elitize_generation_data,271,31,0.677,NA
273,68,double-letters,ifs,FALSE,10,elitize_generation_data,272,29,0.695,NA
274,68,double-letters,ifs,FALSE,10,elitize_generation_data,273,30,0.689,NA
275,68,double-letters,ifs,FALSE,10,elitize_generation_data,274,41,0.706,NA
276,68,double-letters,ifs,FALSE,10,elitize_generation_data,275,32,0.681,NA
277,68,double-letters,ifs,FALSE,10,elitize_generation_data,276,36,0.703,NA
278,68,double-letters,ifs,FALSE,10,elitize_generation_data,277,35,0.731,NA
279,68,double-letters,ifs,FALSE,10,elitize_generation_data,278,33,0.715,NA
280,68,double-letters,ifs,FALSE,10,elitize_generation_data,279,32,0.711,NA
281,68,double-letters,ifs,FALSE,10,elitize_generation_data,280,23,0.707,NA
282,68,double-letters,ifs,FALSE,10,elitize_generation_data,281,32,0.731,NA
283,68,double-letters,ifs,FALSE,10,elitize_generation_data,282,34,0.736,NA
284,68,double-letters,ifs,FALSE,10,elitize_generation_data,283,30,0.715,NA
285,68,double-letters,ifs,FALSE,10,elitize_generation_data,284,37,0.737,NA
286,68,double-letters,ifs,FALSE,10,elitize_generation_data,285,25,0.716,NA
287,68,double-letters,ifs,FALSE,10,elitize_generation_data,286,27,0.7,NA
288,68,double-letters,ifs,FALSE,10,elitize_generation_data,287,30,0.711,NA
289,68,double-letters,ifs,FALSE,10,elitize_generation_data,288,24,0.711,NA
290,68,double-letters,ifs,FALSE,10,elitize_generation_data,289,35,0.705,NA
291,68,double-letters,ifs,FALSE,10,elitize_generation_data,290,34,0.733,NA
292,68,double-letters,ifs,FALSE,10,elitize_generation_data,291,34,0.707,NA
293,68,double-letters,ifs,FALSE,10,elitize_generation_data,292,33,0.716,NA
294,68,double-letters,ifs,FALSE,10,elitize_generation_data,293,25,0.713,NA
295,68,double-letters,ifs,FALSE,10,elitize_generation_data,294,39,0.702,NA
296,68,double-letters,ifs,FALSE,10,elitize_generation_data,295,24,0.721,NA
297,68,double-letters,ifs,FALSE,10,elitize_generation_data,296,29,0.718,NA
298,68,double-letters,ifs,FALSE,10,elitize_generation_data,297,30,0.749,NA
299,68,double-letters,ifs,FALSE,10,elitize_generation_data,298,33,0.728,NA
300,68,double-letters,ifs,FALSE,10,elitize_generation_data,299,31,0.744,NA
301,68,double-letters,ifs,FALSE,10,elitize_generation_data,300,24,0.732,NA
