,run.num,problem,treatment,succeeded,height,normalization.function,generation,cluster.count,error.diversity,success.generation
1,82,negative-to-zero,tourney,FALSE,20,elitize_generation_data,0,11,0.041,NA
2,82,negative-to-zero,tourney,FALSE,20,elitize_generation_data,1,12,0.065,NA
3,82,negative-to-zero,tourney,FALSE,20,elitize_generation_data,2,9,0.038,NA
4,82,negative-to-zero,tourney,FALSE,20,elitize_generation_data,3,10,0.023,NA
5,82,negative-to-zero,tourney,FALSE,20,elitize_generation_data,4,6,0.021,NA
6,82,negative-to-zero,tourney,FALSE,20,elitize_generation_data,5,7,0.02,NA
7,82,negative-to-zero,tourney,FALSE,20,elitize_generation_data,6,8,0.02,NA
8,82,negative-to-zero,tourney,FALSE,20,elitize_generation_data,7,4,0.021,NA
9,82,negative-to-zero,tourney,FALSE,20,elitize_generation_data,8,15,0.029,NA
10,82,negative-to-zero,tourney,FALSE,20,elitize_generation_data,9,27,0.037,NA
11,82,negative-to-zero,tourney,FALSE,20,elitize_generation_data,10,65,0.08,NA
12,82,negative-to-zero,tourney,FALSE,20,elitize_generation_data,11,83,0.1,NA
13,82,negative-to-zero,tourney,FALSE,20,elitize_generation_data,12,90,0.109,NA
14,82,negative-to-zero,tourney,FALSE,20,elitize_generation_data,13,91,0.111,NA
15,82,negative-to-zero,tourney,FALSE,20,elitize_generation_data,14,83,0.103,NA
16,82,negative-to-zero,tourney,FALSE,20,elitize_generation_data,15,60,0.076,NA
17,82,negative-to-zero,tourney,FALSE,20,elitize_generation_data,16,50,0.057,NA
18,82,negative-to-zero,tourney,FALSE,20,elitize_generation_data,17,39,0.054,NA
19,82,negative-to-zero,tourney,FALSE,20,elitize_generation_data,18,41,0.057,NA
20,82,negative-to-zero,tourney,FALSE,20,elitize_generation_data,19,9,0.06,NA
21,82,negative-to-zero,tourney,FALSE,20,elitize_generation_data,20,13,0.07,NA
22,82,negative-to-zero,tourney,FALSE,20,elitize_generation_data,21,28,0.087,NA
23,82,negative-to-zero,tourney,FALSE,20,elitize_generation_data,22,8,0.118,NA
24,82,negative-to-zero,tourney,FALSE,20,elitize_generation_data,23,9,0.118,NA
25,82,negative-to-zero,tourney,FALSE,20,elitize_generation_data,24,9,0.134,NA
26,82,negative-to-zero,tourney,FALSE,20,elitize_generation_data,25,10,0.131,NA
27,82,negative-to-zero,tourney,FALSE,20,elitize_generation_data,26,6,0.194,NA
28,82,negative-to-zero,tourney,FALSE,20,elitize_generation_data,27,6,0.256,NA
29,82,negative-to-zero,tourney,FALSE,20,elitize_generation_data,28,4,0.32,NA
30,82,negative-to-zero,tourney,FALSE,20,elitize_generation_data,29,5,0.37,NA
31,82,negative-to-zero,tourney,FALSE,20,elitize_generation_data,30,4,0.445,NA
32,82,negative-to-zero,tourney,FALSE,20,elitize_generation_data,31,5,0.509,NA
33,82,negative-to-zero,tourney,FALSE,20,elitize_generation_data,32,4,0.545,NA
34,82,negative-to-zero,tourney,FALSE,20,elitize_generation_data,33,5,0.575,NA
35,82,negative-to-zero,tourney,FALSE,20,elitize_generation_data,34,3,0.549,NA
36,82,negative-to-zero,tourney,FALSE,20,elitize_generation_data,35,3,0.543,NA
37,82,negative-to-zero,tourney,FALSE,20,elitize_generation_data,36,3,0.524,NA
38,82,negative-to-zero,tourney,FALSE,20,elitize_generation_data,37,3,0.481,NA
39,82,negative-to-zero,tourney,FALSE,20,elitize_generation_data,38,2,0.447,NA
40,82,negative-to-zero,tourney,FALSE,20,elitize_generation_data,39,2,0.406,NA
41,82,negative-to-zero,tourney,FALSE,20,elitize_generation_data,40,3,0.394,NA
42,82,negative-to-zero,tourney,FALSE,20,elitize_generation_data,41,3,0.498,NA
43,82,negative-to-zero,tourney,FALSE,20,elitize_generation_data,42,3,0.625,NA
44,82,negative-to-zero,tourney,FALSE,20,elitize_generation_data,43,2,0.697,NA
45,82,negative-to-zero,tourney,FALSE,20,elitize_generation_data,44,2,0.735,NA
46,82,negative-to-zero,tourney,FALSE,20,elitize_generation_data,45,3,0.739,NA
47,82,negative-to-zero,tourney,FALSE,20,elitize_generation_data,46,3,0.768,NA
48,82,negative-to-zero,tourney,FALSE,20,elitize_generation_data,47,3,0.767,NA
49,82,negative-to-zero,tourney,FALSE,20,elitize_generation_data,48,5,0.781,NA
50,82,negative-to-zero,tourney,FALSE,20,elitize_generation_data,49,4,0.778,NA
51,82,negative-to-zero,tourney,FALSE,20,elitize_generation_data,50,3,0.78,NA
52,82,negative-to-zero,tourney,FALSE,20,elitize_generation_data,51,5,0.77,NA
53,82,negative-to-zero,tourney,FALSE,20,elitize_generation_data,52,5,0.746,NA
54,82,negative-to-zero,tourney,FALSE,20,elitize_generation_data,53,5,0.734,NA
55,82,negative-to-zero,tourney,FALSE,20,elitize_generation_data,54,3,0.663,NA
56,82,negative-to-zero,tourney,FALSE,20,elitize_generation_data,55,6,0.605,NA
57,82,negative-to-zero,tourney,FALSE,20,elitize_generation_data,56,10,0.62,NA
58,82,negative-to-zero,tourney,FALSE,20,elitize_generation_data,57,8,0.592,NA
59,82,negative-to-zero,tourney,FALSE,20,elitize_generation_data,58,10,0.614,NA
60,82,negative-to-zero,tourney,FALSE,20,elitize_generation_data,59,12,0.618,NA
61,82,negative-to-zero,tourney,FALSE,20,elitize_generation_data,60,11,0.588,NA
62,82,negative-to-zero,tourney,FALSE,20,elitize_generation_data,61,12,0.596,NA
63,82,negative-to-zero,tourney,FALSE,20,elitize_generation_data,62,14,0.559,NA
64,82,negative-to-zero,tourney,FALSE,20,elitize_generation_data,63,10,0.558,NA
65,82,negative-to-zero,tourney,FALSE,20,elitize_generation_data,64,13,0.535,NA
66,82,negative-to-zero,tourney,FALSE,20,elitize_generation_data,65,13,0.531,NA
67,82,negative-to-zero,tourney,FALSE,20,elitize_generation_data,66,8,0.514,NA
68,82,negative-to-zero,tourney,FALSE,20,elitize_generation_data,67,9,0.536,NA
69,82,negative-to-zero,tourney,FALSE,20,elitize_generation_data,68,14,0.565,NA
70,82,negative-to-zero,tourney,FALSE,20,elitize_generation_data,69,15,0.541,NA
71,82,negative-to-zero,tourney,FALSE,20,elitize_generation_data,70,14,0.562,NA
72,82,negative-to-zero,tourney,FALSE,20,elitize_generation_data,71,18,0.547,NA
73,82,negative-to-zero,tourney,FALSE,20,elitize_generation_data,72,22,0.548,NA
74,82,negative-to-zero,tourney,FALSE,20,elitize_generation_data,73,32,0.531,NA
75,82,negative-to-zero,tourney,FALSE,20,elitize_generation_data,74,24,0.512,NA
76,82,negative-to-zero,tourney,FALSE,20,elitize_generation_data,75,25,0.561,NA
77,82,negative-to-zero,tourney,FALSE,20,elitize_generation_data,76,20,0.548,NA
78,82,negative-to-zero,tourney,FALSE,20,elitize_generation_data,77,34,0.495,NA
79,82,negative-to-zero,tourney,FALSE,20,elitize_generation_data,78,26,0.476,NA
80,82,negative-to-zero,tourney,FALSE,20,elitize_generation_data,79,34,0.471,NA
81,82,negative-to-zero,tourney,FALSE,20,elitize_generation_data,80,38,0.451,NA
82,82,negative-to-zero,tourney,FALSE,20,elitize_generation_data,81,34,0.44,NA
83,82,negative-to-zero,tourney,FALSE,20,elitize_generation_data,82,42,0.439,NA
84,82,negative-to-zero,tourney,FALSE,20,elitize_generation_data,83,67,0.447,NA
85,82,negative-to-zero,tourney,FALSE,20,elitize_generation_data,84,91,0.513,NA
86,82,negative-to-zero,tourney,FALSE,20,elitize_generation_data,85,53,0.513,NA
87,82,negative-to-zero,tourney,FALSE,20,elitize_generation_data,86,58,0.531,NA
88,82,negative-to-zero,tourney,FALSE,20,elitize_generation_data,87,53,0.493,NA
89,82,negative-to-zero,tourney,FALSE,20,elitize_generation_data,88,28,0.481,NA
90,82,negative-to-zero,tourney,FALSE,20,elitize_generation_data,89,36,0.471,NA
91,82,negative-to-zero,tourney,FALSE,20,elitize_generation_data,90,34,0.48,NA
92,82,negative-to-zero,tourney,FALSE,20,elitize_generation_data,91,27,0.491,NA
93,82,negative-to-zero,tourney,FALSE,20,elitize_generation_data,92,20,0.486,NA
94,82,negative-to-zero,tourney,FALSE,20,elitize_generation_data,93,29,0.525,NA
95,82,negative-to-zero,tourney,FALSE,20,elitize_generation_data,94,14,0.5,NA
96,82,negative-to-zero,tourney,FALSE,20,elitize_generation_data,95,40,0.482,NA
97,82,negative-to-zero,tourney,FALSE,20,elitize_generation_data,96,16,0.47,NA
98,82,negative-to-zero,tourney,FALSE,20,elitize_generation_data,97,29,0.499,NA
99,82,negative-to-zero,tourney,FALSE,20,elitize_generation_data,98,20,0.523,NA
100,82,negative-to-zero,tourney,FALSE,20,elitize_generation_data,99,20,0.508,NA
101,82,negative-to-zero,tourney,FALSE,20,elitize_generation_data,100,35,0.514,NA
102,82,negative-to-zero,tourney,FALSE,20,elitize_generation_data,101,17,0.458,NA
103,82,negative-to-zero,tourney,FALSE,20,elitize_generation_data,102,43,0.47,NA
104,82,negative-to-zero,tourney,FALSE,20,elitize_generation_data,103,34,0.464,NA
105,82,negative-to-zero,tourney,FALSE,20,elitize_generation_data,104,29,0.459,NA
106,82,negative-to-zero,tourney,FALSE,20,elitize_generation_data,105,18,0.491,NA
107,82,negative-to-zero,tourney,FALSE,20,elitize_generation_data,106,25,0.466,NA
108,82,negative-to-zero,tourney,FALSE,20,elitize_generation_data,107,28,0.462,NA
109,82,negative-to-zero,tourney,FALSE,20,elitize_generation_data,108,34,0.457,NA
110,82,negative-to-zero,tourney,FALSE,20,elitize_generation_data,109,29,0.486,NA
111,82,negative-to-zero,tourney,FALSE,20,elitize_generation_data,110,23,0.462,NA
112,82,negative-to-zero,tourney,FALSE,20,elitize_generation_data,111,21,0.455,NA
113,82,negative-to-zero,tourney,FALSE,20,elitize_generation_data,112,15,0.413,NA
114,82,negative-to-zero,tourney,FALSE,20,elitize_generation_data,113,26,0.447,NA
115,82,negative-to-zero,tourney,FALSE,20,elitize_generation_data,114,19,0.449,NA
116,82,negative-to-zero,tourney,FALSE,20,elitize_generation_data,115,26,0.439,NA
117,82,negative-to-zero,tourney,FALSE,20,elitize_generation_data,116,21,0.438,NA
118,82,negative-to-zero,tourney,FALSE,20,elitize_generation_data,117,27,0.425,NA
119,82,negative-to-zero,tourney,FALSE,20,elitize_generation_data,118,22,0.382,NA
120,82,negative-to-zero,tourney,FALSE,20,elitize_generation_data,119,21,0.447,NA
121,82,negative-to-zero,tourney,FALSE,20,elitize_generation_data,120,21,0.466,NA
122,82,negative-to-zero,tourney,FALSE,20,elitize_generation_data,121,18,0.463,NA
123,82,negative-to-zero,tourney,FALSE,20,elitize_generation_data,122,18,0.433,NA
124,82,negative-to-zero,tourney,FALSE,20,elitize_generation_data,123,26,0.439,NA
125,82,negative-to-zero,tourney,FALSE,20,elitize_generation_data,124,25,0.445,NA
126,82,negative-to-zero,tourney,FALSE,20,elitize_generation_data,125,18,0.459,NA
127,82,negative-to-zero,tourney,FALSE,20,elitize_generation_data,126,19,0.484,NA
128,82,negative-to-zero,tourney,FALSE,20,elitize_generation_data,127,33,0.499,NA
129,82,negative-to-zero,tourney,FALSE,20,elitize_generation_data,128,38,0.448,NA
130,82,negative-to-zero,tourney,FALSE,20,elitize_generation_data,129,17,0.444,NA
131,82,negative-to-zero,tourney,FALSE,20,elitize_generation_data,130,39,0.416,NA
132,82,negative-to-zero,tourney,FALSE,20,elitize_generation_data,131,25,0.404,NA
133,82,negative-to-zero,tourney,FALSE,20,elitize_generation_data,132,31,0.406,NA
134,82,negative-to-zero,tourney,FALSE,20,elitize_generation_data,133,31,0.399,NA
135,82,negative-to-zero,tourney,FALSE,20,elitize_generation_data,134,42,0.394,NA
136,82,negative-to-zero,tourney,FALSE,20,elitize_generation_data,135,24,0.405,NA
137,82,negative-to-zero,tourney,FALSE,20,elitize_generation_data,136,32,0.4,NA
138,82,negative-to-zero,tourney,FALSE,20,elitize_generation_data,137,25,0.408,NA
139,82,negative-to-zero,tourney,FALSE,20,elitize_generation_data,138,28,0.4,NA
140,82,negative-to-zero,tourney,FALSE,20,elitize_generation_data,139,24,0.403,NA
141,82,negative-to-zero,tourney,FALSE,20,elitize_generation_data,140,26,0.431,NA
142,82,negative-to-zero,tourney,FALSE,20,elitize_generation_data,141,20,0.421,NA
143,82,negative-to-zero,tourney,FALSE,20,elitize_generation_data,142,39,0.431,NA
144,82,negative-to-zero,tourney,FALSE,20,elitize_generation_data,143,54,0.41,NA
145,82,negative-to-zero,tourney,FALSE,20,elitize_generation_data,144,38,0.436,NA
146,82,negative-to-zero,tourney,FALSE,20,elitize_generation_data,145,39,0.418,NA
147,82,negative-to-zero,tourney,FALSE,20,elitize_generation_data,146,23,0.406,NA
148,82,negative-to-zero,tourney,FALSE,20,elitize_generation_data,147,41,0.427,NA
149,82,negative-to-zero,tourney,FALSE,20,elitize_generation_data,148,33,0.418,NA
150,82,negative-to-zero,tourney,FALSE,20,elitize_generation_data,149,28,0.446,NA
151,82,negative-to-zero,tourney,FALSE,20,elitize_generation_data,150,33,0.425,NA
152,82,negative-to-zero,tourney,FALSE,20,elitize_generation_data,151,26,0.43,NA
153,82,negative-to-zero,tourney,FALSE,20,elitize_generation_data,152,51,0.42,NA
154,82,negative-to-zero,tourney,FALSE,20,elitize_generation_data,153,46,0.402,NA
155,82,negative-to-zero,tourney,FALSE,20,elitize_generation_data,154,29,0.433,NA
156,82,negative-to-zero,tourney,FALSE,20,elitize_generation_data,155,34,0.432,NA
157,82,negative-to-zero,tourney,FALSE,20,elitize_generation_data,156,23,0.421,NA
158,82,negative-to-zero,tourney,FALSE,20,elitize_generation_data,157,30,0.43,NA
159,82,negative-to-zero,tourney,FALSE,20,elitize_generation_data,158,30,0.442,NA
160,82,negative-to-zero,tourney,FALSE,20,elitize_generation_data,159,36,0.436,NA
161,82,negative-to-zero,tourney,FALSE,20,elitize_generation_data,160,34,0.466,NA
162,82,negative-to-zero,tourney,FALSE,20,elitize_generation_data,161,33,0.446,NA
163,82,negative-to-zero,tourney,FALSE,20,elitize_generation_data,162,42,0.42,NA
164,82,negative-to-zero,tourney,FALSE,20,elitize_generation_data,163,29,0.411,NA
165,82,negative-to-zero,tourney,FALSE,20,elitize_generation_data,164,36,0.419,NA
166,82,negative-to-zero,tourney,FALSE,20,elitize_generation_data,165,44,0.401,NA
167,82,negative-to-zero,tourney,FALSE,20,elitize_generation_data,166,64,0.42,NA
168,82,negative-to-zero,tourney,FALSE,20,elitize_generation_data,167,48,0.424,NA
169,82,negative-to-zero,tourney,FALSE,20,elitize_generation_data,168,40,0.444,NA
170,82,negative-to-zero,tourney,FALSE,20,elitize_generation_data,169,32,0.443,NA
171,82,negative-to-zero,tourney,FALSE,20,elitize_generation_data,170,37,0.426,NA
172,82,negative-to-zero,tourney,FALSE,20,elitize_generation_data,171,50,0.448,NA
173,82,negative-to-zero,tourney,FALSE,20,elitize_generation_data,172,68,0.387,NA
174,82,negative-to-zero,tourney,FALSE,20,elitize_generation_data,173,20,0.421,NA
175,82,negative-to-zero,tourney,FALSE,20,elitize_generation_data,174,24,0.416,NA
176,82,negative-to-zero,tourney,FALSE,20,elitize_generation_data,175,40,0.396,NA
177,82,negative-to-zero,tourney,FALSE,20,elitize_generation_data,176,46,0.382,NA
178,82,negative-to-zero,tourney,FALSE,20,elitize_generation_data,177,18,0.369,NA
179,82,negative-to-zero,tourney,FALSE,20,elitize_generation_data,178,25,0.377,NA
180,82,negative-to-zero,tourney,FALSE,20,elitize_generation_data,179,35,0.383,NA
181,82,negative-to-zero,tourney,FALSE,20,elitize_generation_data,180,31,0.389,NA
182,82,negative-to-zero,tourney,FALSE,20,elitize_generation_data,181,76,0.394,NA
183,82,negative-to-zero,tourney,FALSE,20,elitize_generation_data,182,39,0.395,NA
184,82,negative-to-zero,tourney,FALSE,20,elitize_generation_data,183,48,0.391,NA
185,82,negative-to-zero,tourney,FALSE,20,elitize_generation_data,184,49,0.372,NA
186,82,negative-to-zero,tourney,FALSE,20,elitize_generation_data,185,29,0.391,NA
187,82,negative-to-zero,tourney,FALSE,20,elitize_generation_data,186,56,0.401,NA
188,82,negative-to-zero,tourney,FALSE,20,elitize_generation_data,187,53,0.404,NA
189,82,negative-to-zero,tourney,FALSE,20,elitize_generation_data,188,53,0.408,NA
190,82,negative-to-zero,tourney,FALSE,20,elitize_generation_data,189,37,0.394,NA
191,82,negative-to-zero,tourney,FALSE,20,elitize_generation_data,190,42,0.385,NA
192,82,negative-to-zero,tourney,FALSE,20,elitize_generation_data,191,44,0.397,NA
193,82,negative-to-zero,tourney,FALSE,20,elitize_generation_data,192,36,0.393,NA
194,82,negative-to-zero,tourney,FALSE,20,elitize_generation_data,193,25,0.395,NA
195,82,negative-to-zero,tourney,FALSE,20,elitize_generation_data,194,52,0.403,NA
196,82,negative-to-zero,tourney,FALSE,20,elitize_generation_data,195,22,0.39,NA
197,82,negative-to-zero,tourney,FALSE,20,elitize_generation_data,196,30,0.395,NA
198,82,negative-to-zero,tourney,FALSE,20,elitize_generation_data,197,33,0.374,NA
199,82,negative-to-zero,tourney,FALSE,20,elitize_generation_data,198,50,0.368,NA
200,82,negative-to-zero,tourney,FALSE,20,elitize_generation_data,199,39,0.388,NA
201,82,negative-to-zero,tourney,FALSE,20,elitize_generation_data,200,38,0.404,NA
202,82,negative-to-zero,tourney,FALSE,20,elitize_generation_data,201,33,0.392,NA
203,82,negative-to-zero,tourney,FALSE,20,elitize_generation_data,202,44,0.38,NA
204,82,negative-to-zero,tourney,FALSE,20,elitize_generation_data,203,34,0.391,NA
205,82,negative-to-zero,tourney,FALSE,20,elitize_generation_data,204,29,0.369,NA
206,82,negative-to-zero,tourney,FALSE,20,elitize_generation_data,205,22,0.387,NA
207,82,negative-to-zero,tourney,FALSE,20,elitize_generation_data,206,29,0.378,NA
208,82,negative-to-zero,tourney,FALSE,20,elitize_generation_data,207,59,0.409,NA
209,82,negative-to-zero,tourney,FALSE,20,elitize_generation_data,208,42,0.398,NA
210,82,negative-to-zero,tourney,FALSE,20,elitize_generation_data,209,38,0.404,NA
211,82,negative-to-zero,tourney,FALSE,20,elitize_generation_data,210,30,0.378,NA
212,82,negative-to-zero,tourney,FALSE,20,elitize_generation_data,211,42,0.397,NA
213,82,negative-to-zero,tourney,FALSE,20,elitize_generation_data,212,31,0.379,NA
214,82,negative-to-zero,tourney,FALSE,20,elitize_generation_data,213,33,0.356,NA
215,82,negative-to-zero,tourney,FALSE,20,elitize_generation_data,214,31,0.397,NA
216,82,negative-to-zero,tourney,FALSE,20,elitize_generation_data,215,20,0.4,NA
217,82,negative-to-zero,tourney,FALSE,20,elitize_generation_data,216,34,0.419,NA
218,82,negative-to-zero,tourney,FALSE,20,elitize_generation_data,217,41,0.406,NA
219,82,negative-to-zero,tourney,FALSE,20,elitize_generation_data,218,38,0.405,NA
220,82,negative-to-zero,tourney,FALSE,20,elitize_generation_data,219,20,0.395,NA
221,82,negative-to-zero,tourney,FALSE,20,elitize_generation_data,220,30,0.391,NA
222,82,negative-to-zero,tourney,FALSE,20,elitize_generation_data,221,28,0.427,NA
223,82,negative-to-zero,tourney,FALSE,20,elitize_generation_data,222,42,0.412,NA
224,82,negative-to-zero,tourney,FALSE,20,elitize_generation_data,223,32,0.412,NA
225,82,negative-to-zero,tourney,FALSE,20,elitize_generation_data,224,33,0.416,NA
226,82,negative-to-zero,tourney,FALSE,20,elitize_generation_data,225,32,0.402,NA
227,82,negative-to-zero,tourney,FALSE,20,elitize_generation_data,226,33,0.416,NA
228,82,negative-to-zero,tourney,FALSE,20,elitize_generation_data,227,36,0.434,NA
229,82,negative-to-zero,tourney,FALSE,20,elitize_generation_data,228,37,0.419,NA
230,82,negative-to-zero,tourney,FALSE,20,elitize_generation_data,229,58,0.41,NA
231,82,negative-to-zero,tourney,FALSE,20,elitize_generation_data,230,42,0.412,NA
232,82,negative-to-zero,tourney,FALSE,20,elitize_generation_data,231,31,0.405,NA
233,82,negative-to-zero,tourney,FALSE,20,elitize_generation_data,232,57,0.413,NA
234,82,negative-to-zero,tourney,FALSE,20,elitize_generation_data,233,28,0.392,NA
235,82,negative-to-zero,tourney,FALSE,20,elitize_generation_data,234,40,0.418,NA
236,82,negative-to-zero,tourney,FALSE,20,elitize_generation_data,235,33,0.418,NA
237,82,negative-to-zero,tourney,FALSE,20,elitize_generation_data,236,23,0.413,NA
238,82,negative-to-zero,tourney,FALSE,20,elitize_generation_data,237,23,0.419,NA
239,82,negative-to-zero,tourney,FALSE,20,elitize_generation_data,238,35,0.399,NA
240,82,negative-to-zero,tourney,FALSE,20,elitize_generation_data,239,37,0.384,NA
241,82,negative-to-zero,tourney,FALSE,20,elitize_generation_data,240,59,0.404,NA
242,82,negative-to-zero,tourney,FALSE,20,elitize_generation_data,241,33,0.407,NA
243,82,negative-to-zero,tourney,FALSE,20,elitize_generation_data,242,55,0.374,NA
244,82,negative-to-zero,tourney,FALSE,20,elitize_generation_data,243,49,0.395,NA
245,82,negative-to-zero,tourney,FALSE,20,elitize_generation_data,244,36,0.404,NA
246,82,negative-to-zero,tourney,FALSE,20,elitize_generation_data,245,38,0.384,NA
247,82,negative-to-zero,tourney,FALSE,20,elitize_generation_data,246,51,0.396,NA
248,82,negative-to-zero,tourney,FALSE,20,elitize_generation_data,247,73,0.404,NA
249,82,negative-to-zero,tourney,FALSE,20,elitize_generation_data,248,65,0.416,NA
250,82,negative-to-zero,tourney,FALSE,20,elitize_generation_data,249,49,0.438,NA
251,82,negative-to-zero,tourney,FALSE,20,elitize_generation_data,250,46,0.429,NA
252,82,negative-to-zero,tourney,FALSE,20,elitize_generation_data,251,87,0.469,NA
253,82,negative-to-zero,tourney,FALSE,20,elitize_generation_data,252,89,0.443,NA
254,82,negative-to-zero,tourney,FALSE,20,elitize_generation_data,253,64,0.428,NA
255,82,negative-to-zero,tourney,FALSE,20,elitize_generation_data,254,64,0.425,NA
256,82,negative-to-zero,tourney,FALSE,20,elitize_generation_data,255,71,0.421,NA
257,82,negative-to-zero,tourney,FALSE,20,elitize_generation_data,256,48,0.407,NA
258,82,negative-to-zero,tourney,FALSE,20,elitize_generation_data,257,64,0.432,NA
259,82,negative-to-zero,tourney,FALSE,20,elitize_generation_data,258,58,0.418,NA
260,82,negative-to-zero,tourney,FALSE,20,elitize_generation_data,259,67,0.414,NA
261,82,negative-to-zero,tourney,FALSE,20,elitize_generation_data,260,51,0.42,NA
262,82,negative-to-zero,tourney,FALSE,20,elitize_generation_data,261,53,0.392,NA
263,82,negative-to-zero,tourney,FALSE,20,elitize_generation_data,262,56,0.412,NA
264,82,negative-to-zero,tourney,FALSE,20,elitize_generation_data,263,53,0.415,NA
265,82,negative-to-zero,tourney,FALSE,20,elitize_generation_data,264,69,0.377,NA
266,82,negative-to-zero,tourney,FALSE,20,elitize_generation_data,265,51,0.414,NA
267,82,negative-to-zero,tourney,FALSE,20,elitize_generation_data,266,66,0.443,NA
268,82,negative-to-zero,tourney,FALSE,20,elitize_generation_data,267,63,0.441,NA
269,82,negative-to-zero,tourney,FALSE,20,elitize_generation_data,268,55,0.438,NA
270,82,negative-to-zero,tourney,FALSE,20,elitize_generation_data,269,52,0.415,NA
271,82,negative-to-zero,tourney,FALSE,20,elitize_generation_data,270,56,0.415,NA
272,82,negative-to-zero,tourney,FALSE,20,elitize_generation_data,271,78,0.444,NA
273,82,negative-to-zero,tourney,FALSE,20,elitize_generation_data,272,72,0.433,NA
274,82,negative-to-zero,tourney,FALSE,20,elitize_generation_data,273,59,0.452,NA
275,82,negative-to-zero,tourney,FALSE,20,elitize_generation_data,274,73,0.421,NA
276,82,negative-to-zero,tourney,FALSE,20,elitize_generation_data,275,82,0.425,NA
277,82,negative-to-zero,tourney,FALSE,20,elitize_generation_data,276,63,0.369,NA
278,82,negative-to-zero,tourney,FALSE,20,elitize_generation_data,277,71,0.391,NA
279,82,negative-to-zero,tourney,FALSE,20,elitize_generation_data,278,64,0.378,NA
280,82,negative-to-zero,tourney,FALSE,20,elitize_generation_data,279,74,0.383,NA
281,82,negative-to-zero,tourney,FALSE,20,elitize_generation_data,280,76,0.378,NA
282,82,negative-to-zero,tourney,FALSE,20,elitize_generation_data,281,69,0.397,NA
283,82,negative-to-zero,tourney,FALSE,20,elitize_generation_data,282,63,0.393,NA
284,82,negative-to-zero,tourney,FALSE,20,elitize_generation_data,283,83,0.396,NA
285,82,negative-to-zero,tourney,FALSE,20,elitize_generation_data,284,73,0.399,NA
286,82,negative-to-zero,tourney,FALSE,20,elitize_generation_data,285,69,0.389,NA
287,82,negative-to-zero,tourney,FALSE,20,elitize_generation_data,286,66,0.413,NA
288,82,negative-to-zero,tourney,FALSE,20,elitize_generation_data,287,65,0.403,NA
289,82,negative-to-zero,tourney,FALSE,20,elitize_generation_data,288,64,0.379,NA
290,82,negative-to-zero,tourney,FALSE,20,elitize_generation_data,289,73,0.367,NA
291,82,negative-to-zero,tourney,FALSE,20,elitize_generation_data,290,63,0.384,NA
292,82,negative-to-zero,tourney,FALSE,20,elitize_generation_data,291,68,0.394,NA
293,82,negative-to-zero,tourney,FALSE,20,elitize_generation_data,292,70,0.39,NA
294,82,negative-to-zero,tourney,FALSE,20,elitize_generation_data,293,54,0.366,NA
295,82,negative-to-zero,tourney,FALSE,20,elitize_generation_data,294,49,0.386,NA
296,82,negative-to-zero,tourney,FALSE,20,elitize_generation_data,295,55,0.389,NA
297,82,negative-to-zero,tourney,FALSE,20,elitize_generation_data,296,69,0.39,NA
298,82,negative-to-zero,tourney,FALSE,20,elitize_generation_data,297,62,0.409,NA
299,82,negative-to-zero,tourney,FALSE,20,elitize_generation_data,298,81,0.378,NA
300,82,negative-to-zero,tourney,FALSE,20,elitize_generation_data,299,76,0.392,NA
301,82,negative-to-zero,tourney,FALSE,20,elitize_generation_data,300,73,0.388,NA
