,run.num,problem,treatment,succeeded,height,normalization.function,generation,cluster.count,error.diversity,success.generation
1,97,negative-to-zero,tourney,FALSE,20,elitize_generation_data,0,17,0.039,NA
2,97,negative-to-zero,tourney,FALSE,20,elitize_generation_data,1,23,0.055,NA
3,97,negative-to-zero,tourney,FALSE,20,elitize_generation_data,2,9,0.027,NA
4,97,negative-to-zero,tourney,FALSE,20,elitize_generation_data,3,7,0.022,NA
5,97,negative-to-zero,tourney,FALSE,20,elitize_generation_data,4,10,0.024,NA
6,97,negative-to-zero,tourney,FALSE,20,elitize_generation_data,5,9,0.017,NA
7,97,negative-to-zero,tourney,FALSE,20,elitize_generation_data,6,9,0.029,NA
8,97,negative-to-zero,tourney,FALSE,20,elitize_generation_data,7,7,0.016,NA
9,97,negative-to-zero,tourney,FALSE,20,elitize_generation_data,8,4,0.015,NA
10,97,negative-to-zero,tourney,FALSE,20,elitize_generation_data,9,5,0.014,NA
11,97,negative-to-zero,tourney,FALSE,20,elitize_generation_data,10,6,0.017,NA
12,97,negative-to-zero,tourney,FALSE,20,elitize_generation_data,11,6,0.024,NA
13,97,negative-to-zero,tourney,FALSE,20,elitize_generation_data,12,8,0.021,NA
14,97,negative-to-zero,tourney,FALSE,20,elitize_generation_data,13,7,0.029,NA
15,97,negative-to-zero,tourney,FALSE,20,elitize_generation_data,14,11,0.033,NA
16,97,negative-to-zero,tourney,FALSE,20,elitize_generation_data,15,11,0.044,NA
17,97,negative-to-zero,tourney,FALSE,20,elitize_generation_data,16,10,0.039,NA
18,97,negative-to-zero,tourney,FALSE,20,elitize_generation_data,17,9,0.054,NA
19,97,negative-to-zero,tourney,FALSE,20,elitize_generation_data,18,9,0.046,NA
20,97,negative-to-zero,tourney,FALSE,20,elitize_generation_data,19,9,0.048,NA
21,97,negative-to-zero,tourney,FALSE,20,elitize_generation_data,20,8,0.057,NA
22,97,negative-to-zero,tourney,FALSE,20,elitize_generation_data,21,11,0.051,NA
23,97,negative-to-zero,tourney,FALSE,20,elitize_generation_data,22,8,0.047,NA
24,97,negative-to-zero,tourney,FALSE,20,elitize_generation_data,23,10,0.045,NA
25,97,negative-to-zero,tourney,FALSE,20,elitize_generation_data,24,9,0.056,NA
26,97,negative-to-zero,tourney,FALSE,20,elitize_generation_data,25,9,0.057,NA
27,97,negative-to-zero,tourney,FALSE,20,elitize_generation_data,26,6,0.066,NA
28,97,negative-to-zero,tourney,FALSE,20,elitize_generation_data,27,5,0.08,NA
29,97,negative-to-zero,tourney,FALSE,20,elitize_generation_data,28,6,0.085,NA
30,97,negative-to-zero,tourney,FALSE,20,elitize_generation_data,29,8,0.091,NA
31,97,negative-to-zero,tourney,FALSE,20,elitize_generation_data,30,8,0.108,NA
32,97,negative-to-zero,tourney,FALSE,20,elitize_generation_data,31,7,0.137,NA
33,97,negative-to-zero,tourney,FALSE,20,elitize_generation_data,32,7,0.187,NA
34,97,negative-to-zero,tourney,FALSE,20,elitize_generation_data,33,5,0.223,NA
35,97,negative-to-zero,tourney,FALSE,20,elitize_generation_data,34,7,0.282,NA
36,97,negative-to-zero,tourney,FALSE,20,elitize_generation_data,35,5,0.299,NA
37,97,negative-to-zero,tourney,FALSE,20,elitize_generation_data,36,5,0.268,NA
38,97,negative-to-zero,tourney,FALSE,20,elitize_generation_data,37,6,0.207,NA
39,97,negative-to-zero,tourney,FALSE,20,elitize_generation_data,38,5,0.207,NA
40,97,negative-to-zero,tourney,FALSE,20,elitize_generation_data,39,6,0.245,NA
41,97,negative-to-zero,tourney,FALSE,20,elitize_generation_data,40,6,0.328,NA
42,97,negative-to-zero,tourney,FALSE,20,elitize_generation_data,41,5,0.331,NA
43,97,negative-to-zero,tourney,FALSE,20,elitize_generation_data,42,7,0.316,NA
44,97,negative-to-zero,tourney,FALSE,20,elitize_generation_data,43,6,0.259,NA
45,97,negative-to-zero,tourney,FALSE,20,elitize_generation_data,44,6,0.31,NA
46,97,negative-to-zero,tourney,FALSE,20,elitize_generation_data,45,5,0.301,NA
47,97,negative-to-zero,tourney,FALSE,20,elitize_generation_data,46,5,0.32,NA
48,97,negative-to-zero,tourney,FALSE,20,elitize_generation_data,47,6,0.298,NA
49,97,negative-to-zero,tourney,FALSE,20,elitize_generation_data,48,7,0.294,NA
50,97,negative-to-zero,tourney,FALSE,20,elitize_generation_data,49,7,0.319,NA
51,97,negative-to-zero,tourney,FALSE,20,elitize_generation_data,50,8,0.309,NA
52,97,negative-to-zero,tourney,FALSE,20,elitize_generation_data,51,6,0.318,NA
53,97,negative-to-zero,tourney,FALSE,20,elitize_generation_data,52,6,0.288,NA
54,97,negative-to-zero,tourney,FALSE,20,elitize_generation_data,53,6,0.305,NA
55,97,negative-to-zero,tourney,FALSE,20,elitize_generation_data,54,5,0.284,NA
56,97,negative-to-zero,tourney,FALSE,20,elitize_generation_data,55,5,0.283,NA
57,97,negative-to-zero,tourney,FALSE,20,elitize_generation_data,56,6,0.29,NA
58,97,negative-to-zero,tourney,FALSE,20,elitize_generation_data,57,6,0.304,NA
59,97,negative-to-zero,tourney,FALSE,20,elitize_generation_data,58,4,0.295,NA
60,97,negative-to-zero,tourney,FALSE,20,elitize_generation_data,59,5,0.322,NA
61,97,negative-to-zero,tourney,FALSE,20,elitize_generation_data,60,6,0.287,NA
62,97,negative-to-zero,tourney,FALSE,20,elitize_generation_data,61,6,0.292,NA
63,97,negative-to-zero,tourney,FALSE,20,elitize_generation_data,62,5,0.294,NA
64,97,negative-to-zero,tourney,FALSE,20,elitize_generation_data,63,7,0.308,NA
65,97,negative-to-zero,tourney,FALSE,20,elitize_generation_data,64,6,0.29,NA
66,97,negative-to-zero,tourney,FALSE,20,elitize_generation_data,65,6,0.283,NA
67,97,negative-to-zero,tourney,FALSE,20,elitize_generation_data,66,6,0.285,NA
68,97,negative-to-zero,tourney,FALSE,20,elitize_generation_data,67,7,0.265,NA
69,97,negative-to-zero,tourney,FALSE,20,elitize_generation_data,68,6,0.275,NA
70,97,negative-to-zero,tourney,FALSE,20,elitize_generation_data,69,6,0.292,NA
71,97,negative-to-zero,tourney,FALSE,20,elitize_generation_data,70,6,0.302,NA
72,97,negative-to-zero,tourney,FALSE,20,elitize_generation_data,71,7,0.295,NA
73,97,negative-to-zero,tourney,FALSE,20,elitize_generation_data,72,6,0.285,NA
74,97,negative-to-zero,tourney,FALSE,20,elitize_generation_data,73,6,0.299,NA
75,97,negative-to-zero,tourney,FALSE,20,elitize_generation_data,74,6,0.291,NA
76,97,negative-to-zero,tourney,FALSE,20,elitize_generation_data,75,7,0.326,NA
77,97,negative-to-zero,tourney,FALSE,20,elitize_generation_data,76,6,0.31,NA
78,97,negative-to-zero,tourney,FALSE,20,elitize_generation_data,77,4,0.287,NA
79,97,negative-to-zero,tourney,FALSE,20,elitize_generation_data,78,5,0.314,NA
80,97,negative-to-zero,tourney,FALSE,20,elitize_generation_data,79,6,0.305,NA
81,97,negative-to-zero,tourney,FALSE,20,elitize_generation_data,80,6,0.314,NA
82,97,negative-to-zero,tourney,FALSE,20,elitize_generation_data,81,6,0.324,NA
83,97,negative-to-zero,tourney,FALSE,20,elitize_generation_data,82,6,0.308,NA
84,97,negative-to-zero,tourney,FALSE,20,elitize_generation_data,83,6,0.296,NA
85,97,negative-to-zero,tourney,FALSE,20,elitize_generation_data,84,5,0.258,NA
86,97,negative-to-zero,tourney,FALSE,20,elitize_generation_data,85,9,0.285,NA
87,97,negative-to-zero,tourney,FALSE,20,elitize_generation_data,86,7,0.287,NA
88,97,negative-to-zero,tourney,FALSE,20,elitize_generation_data,87,5,0.28,NA
89,97,negative-to-zero,tourney,FALSE,20,elitize_generation_data,88,6,0.292,NA
90,97,negative-to-zero,tourney,FALSE,20,elitize_generation_data,89,6,0.282,NA
91,97,negative-to-zero,tourney,FALSE,20,elitize_generation_data,90,5,0.272,NA
92,97,negative-to-zero,tourney,FALSE,20,elitize_generation_data,91,8,0.291,NA
93,97,negative-to-zero,tourney,FALSE,20,elitize_generation_data,92,7,0.283,NA
94,97,negative-to-zero,tourney,FALSE,20,elitize_generation_data,93,6,0.277,NA
95,97,negative-to-zero,tourney,FALSE,20,elitize_generation_data,94,7,0.28,NA
96,97,negative-to-zero,tourney,FALSE,20,elitize_generation_data,95,4,0.27,NA
97,97,negative-to-zero,tourney,FALSE,20,elitize_generation_data,96,6,0.282,NA
98,97,negative-to-zero,tourney,FALSE,20,elitize_generation_data,97,5,0.291,NA
99,97,negative-to-zero,tourney,FALSE,20,elitize_generation_data,98,7,0.276,NA
100,97,negative-to-zero,tourney,FALSE,20,elitize_generation_data,99,5,0.256,NA
101,97,negative-to-zero,tourney,FALSE,20,elitize_generation_data,100,6,0.28,NA
102,97,negative-to-zero,tourney,FALSE,20,elitize_generation_data,101,6,0.252,NA
103,97,negative-to-zero,tourney,FALSE,20,elitize_generation_data,102,6,0.29,NA
104,97,negative-to-zero,tourney,FALSE,20,elitize_generation_data,103,7,0.269,NA
105,97,negative-to-zero,tourney,FALSE,20,elitize_generation_data,104,5,0.281,NA
106,97,negative-to-zero,tourney,FALSE,20,elitize_generation_data,105,5,0.263,NA
107,97,negative-to-zero,tourney,FALSE,20,elitize_generation_data,106,6,0.27,NA
108,97,negative-to-zero,tourney,FALSE,20,elitize_generation_data,107,7,0.259,NA
109,97,negative-to-zero,tourney,FALSE,20,elitize_generation_data,108,6,0.272,NA
110,97,negative-to-zero,tourney,FALSE,20,elitize_generation_data,109,6,0.266,NA
111,97,negative-to-zero,tourney,FALSE,20,elitize_generation_data,110,6,0.254,NA
112,97,negative-to-zero,tourney,FALSE,20,elitize_generation_data,111,4,0.262,NA
113,97,negative-to-zero,tourney,FALSE,20,elitize_generation_data,112,6,0.265,NA
114,97,negative-to-zero,tourney,FALSE,20,elitize_generation_data,113,6,0.274,NA
115,97,negative-to-zero,tourney,FALSE,20,elitize_generation_data,114,7,0.274,NA
116,97,negative-to-zero,tourney,FALSE,20,elitize_generation_data,115,6,0.259,NA
117,97,negative-to-zero,tourney,FALSE,20,elitize_generation_data,116,6,0.259,NA
118,97,negative-to-zero,tourney,FALSE,20,elitize_generation_data,117,5,0.262,NA
119,97,negative-to-zero,tourney,FALSE,20,elitize_generation_data,118,7,0.275,NA
120,97,negative-to-zero,tourney,FALSE,20,elitize_generation_data,119,6,0.254,NA
121,97,negative-to-zero,tourney,FALSE,20,elitize_generation_data,120,8,0.273,NA
122,97,negative-to-zero,tourney,FALSE,20,elitize_generation_data,121,7,0.263,NA
123,97,negative-to-zero,tourney,FALSE,20,elitize_generation_data,122,6,0.26,NA
124,97,negative-to-zero,tourney,FALSE,20,elitize_generation_data,123,5,0.269,NA
125,97,negative-to-zero,tourney,FALSE,20,elitize_generation_data,124,6,0.26,NA
126,97,negative-to-zero,tourney,FALSE,20,elitize_generation_data,125,8,0.257,NA
127,97,negative-to-zero,tourney,FALSE,20,elitize_generation_data,126,5,0.265,NA
128,97,negative-to-zero,tourney,FALSE,20,elitize_generation_data,127,5,0.249,NA
129,97,negative-to-zero,tourney,FALSE,20,elitize_generation_data,128,5,0.275,NA
130,97,negative-to-zero,tourney,FALSE,20,elitize_generation_data,129,6,0.261,NA
131,97,negative-to-zero,tourney,FALSE,20,elitize_generation_data,130,7,0.27,NA
132,97,negative-to-zero,tourney,FALSE,20,elitize_generation_data,131,6,0.266,NA
133,97,negative-to-zero,tourney,FALSE,20,elitize_generation_data,132,6,0.279,NA
134,97,negative-to-zero,tourney,FALSE,20,elitize_generation_data,133,8,0.273,NA
135,97,negative-to-zero,tourney,FALSE,20,elitize_generation_data,134,5,0.26,NA
136,97,negative-to-zero,tourney,FALSE,20,elitize_generation_data,135,5,0.251,NA
137,97,negative-to-zero,tourney,FALSE,20,elitize_generation_data,136,5,0.265,NA
138,97,negative-to-zero,tourney,FALSE,20,elitize_generation_data,137,7,0.251,NA
139,97,negative-to-zero,tourney,FALSE,20,elitize_generation_data,138,6,0.275,NA
140,97,negative-to-zero,tourney,FALSE,20,elitize_generation_data,139,5,0.28,NA
141,97,negative-to-zero,tourney,FALSE,20,elitize_generation_data,140,6,0.26,NA
142,97,negative-to-zero,tourney,FALSE,20,elitize_generation_data,141,5,0.264,NA
143,97,negative-to-zero,tourney,FALSE,20,elitize_generation_data,142,6,0.281,NA
144,97,negative-to-zero,tourney,FALSE,20,elitize_generation_data,143,8,0.243,NA
145,97,negative-to-zero,tourney,FALSE,20,elitize_generation_data,144,7,0.248,NA
146,97,negative-to-zero,tourney,FALSE,20,elitize_generation_data,145,5,0.268,NA
147,97,negative-to-zero,tourney,FALSE,20,elitize_generation_data,146,7,0.253,NA
148,97,negative-to-zero,tourney,FALSE,20,elitize_generation_data,147,6,0.245,NA
149,97,negative-to-zero,tourney,FALSE,20,elitize_generation_data,148,6,0.238,NA
150,97,negative-to-zero,tourney,FALSE,20,elitize_generation_data,149,7,0.249,NA
151,97,negative-to-zero,tourney,FALSE,20,elitize_generation_data,150,5,0.261,NA
152,97,negative-to-zero,tourney,FALSE,20,elitize_generation_data,151,6,0.249,NA
153,97,negative-to-zero,tourney,FALSE,20,elitize_generation_data,152,5,0.247,NA
154,97,negative-to-zero,tourney,FALSE,20,elitize_generation_data,153,6,0.264,NA
155,97,negative-to-zero,tourney,FALSE,20,elitize_generation_data,154,5,0.251,NA
156,97,negative-to-zero,tourney,FALSE,20,elitize_generation_data,155,7,0.274,NA
157,97,negative-to-zero,tourney,FALSE,20,elitize_generation_data,156,6,0.256,NA
158,97,negative-to-zero,tourney,FALSE,20,elitize_generation_data,157,5,0.237,NA
159,97,negative-to-zero,tourney,FALSE,20,elitize_generation_data,158,7,0.262,NA
160,97,negative-to-zero,tourney,FALSE,20,elitize_generation_data,159,6,0.26,NA
161,97,negative-to-zero,tourney,FALSE,20,elitize_generation_data,160,8,0.243,NA
162,97,negative-to-zero,tourney,FALSE,20,elitize_generation_data,161,6,0.242,NA
163,97,negative-to-zero,tourney,FALSE,20,elitize_generation_data,162,7,0.231,NA
164,97,negative-to-zero,tourney,FALSE,20,elitize_generation_data,163,5,0.247,NA
165,97,negative-to-zero,tourney,FALSE,20,elitize_generation_data,164,7,0.254,NA
166,97,negative-to-zero,tourney,FALSE,20,elitize_generation_data,165,5,0.264,NA
167,97,negative-to-zero,tourney,FALSE,20,elitize_generation_data,166,6,0.262,NA
168,97,negative-to-zero,tourney,FALSE,20,elitize_generation_data,167,6,0.259,NA
169,97,negative-to-zero,tourney,FALSE,20,elitize_generation_data,168,5,0.256,NA
170,97,negative-to-zero,tourney,FALSE,20,elitize_generation_data,169,6,0.236,NA
171,97,negative-to-zero,tourney,FALSE,20,elitize_generation_data,170,6,0.244,NA
172,97,negative-to-zero,tourney,FALSE,20,elitize_generation_data,171,8,0.245,NA
173,97,negative-to-zero,tourney,FALSE,20,elitize_generation_data,172,6,0.243,NA
174,97,negative-to-zero,tourney,FALSE,20,elitize_generation_data,173,6,0.243,NA
175,97,negative-to-zero,tourney,FALSE,20,elitize_generation_data,174,7,0.252,NA
176,97,negative-to-zero,tourney,FALSE,20,elitize_generation_data,175,8,0.239,NA
177,97,negative-to-zero,tourney,FALSE,20,elitize_generation_data,176,7,0.266,NA
178,97,negative-to-zero,tourney,FALSE,20,elitize_generation_data,177,8,0.259,NA
179,97,negative-to-zero,tourney,FALSE,20,elitize_generation_data,178,8,0.26,NA
180,97,negative-to-zero,tourney,FALSE,20,elitize_generation_data,179,6,0.244,NA
181,97,negative-to-zero,tourney,FALSE,20,elitize_generation_data,180,4,0.263,NA
182,97,negative-to-zero,tourney,FALSE,20,elitize_generation_data,181,5,0.251,NA
183,97,negative-to-zero,tourney,FALSE,20,elitize_generation_data,182,8,0.261,NA
184,97,negative-to-zero,tourney,FALSE,20,elitize_generation_data,183,8,0.271,NA
185,97,negative-to-zero,tourney,FALSE,20,elitize_generation_data,184,6,0.312,NA
186,97,negative-to-zero,tourney,FALSE,20,elitize_generation_data,185,7,0.289,NA
187,97,negative-to-zero,tourney,FALSE,20,elitize_generation_data,186,7,0.271,NA
188,97,negative-to-zero,tourney,FALSE,20,elitize_generation_data,187,7,0.292,NA
189,97,negative-to-zero,tourney,FALSE,20,elitize_generation_data,188,9,0.277,NA
190,97,negative-to-zero,tourney,FALSE,20,elitize_generation_data,189,8,0.287,NA
191,97,negative-to-zero,tourney,FALSE,20,elitize_generation_data,190,6,0.293,NA
192,97,negative-to-zero,tourney,FALSE,20,elitize_generation_data,191,10,0.313,NA
193,97,negative-to-zero,tourney,FALSE,20,elitize_generation_data,192,7,0.305,NA
194,97,negative-to-zero,tourney,FALSE,20,elitize_generation_data,193,7,0.31,NA
195,97,negative-to-zero,tourney,FALSE,20,elitize_generation_data,194,8,0.31,NA
196,97,negative-to-zero,tourney,FALSE,20,elitize_generation_data,195,7,0.29,NA
197,97,negative-to-zero,tourney,FALSE,20,elitize_generation_data,196,6,0.285,NA
198,97,negative-to-zero,tourney,FALSE,20,elitize_generation_data,197,9,0.302,NA
199,97,negative-to-zero,tourney,FALSE,20,elitize_generation_data,198,8,0.298,NA
200,97,negative-to-zero,tourney,FALSE,20,elitize_generation_data,199,8,0.271,NA
201,97,negative-to-zero,tourney,FALSE,20,elitize_generation_data,200,7,0.306,NA
202,97,negative-to-zero,tourney,FALSE,20,elitize_generation_data,201,9,0.278,NA
203,97,negative-to-zero,tourney,FALSE,20,elitize_generation_data,202,9,0.285,NA
204,97,negative-to-zero,tourney,FALSE,20,elitize_generation_data,203,9,0.3,NA
205,97,negative-to-zero,tourney,FALSE,20,elitize_generation_data,204,9,0.328,NA
206,97,negative-to-zero,tourney,FALSE,20,elitize_generation_data,205,9,0.301,NA
207,97,negative-to-zero,tourney,FALSE,20,elitize_generation_data,206,10,0.352,NA
208,97,negative-to-zero,tourney,FALSE,20,elitize_generation_data,207,9,0.379,NA
209,97,negative-to-zero,tourney,FALSE,20,elitize_generation_data,208,10,0.385,NA
210,97,negative-to-zero,tourney,FALSE,20,elitize_generation_data,209,8,0.431,NA
211,97,negative-to-zero,tourney,FALSE,20,elitize_generation_data,210,7,0.412,NA
212,97,negative-to-zero,tourney,FALSE,20,elitize_generation_data,211,7,0.405,NA
213,97,negative-to-zero,tourney,FALSE,20,elitize_generation_data,212,9,0.329,NA
214,97,negative-to-zero,tourney,FALSE,20,elitize_generation_data,213,8,0.261,NA
215,97,negative-to-zero,tourney,FALSE,20,elitize_generation_data,214,10,0.238,NA
216,97,negative-to-zero,tourney,FALSE,20,elitize_generation_data,215,8,0.211,NA
217,97,negative-to-zero,tourney,FALSE,20,elitize_generation_data,216,9,0.2,NA
218,97,negative-to-zero,tourney,FALSE,20,elitize_generation_data,217,10,0.23,NA
219,97,negative-to-zero,tourney,FALSE,20,elitize_generation_data,218,11,0.204,NA
220,97,negative-to-zero,tourney,FALSE,20,elitize_generation_data,219,9,0.225,NA
221,97,negative-to-zero,tourney,FALSE,20,elitize_generation_data,220,12,0.212,NA
222,97,negative-to-zero,tourney,FALSE,20,elitize_generation_data,221,12,0.209,NA
223,97,negative-to-zero,tourney,FALSE,20,elitize_generation_data,222,10,0.211,NA
224,97,negative-to-zero,tourney,FALSE,20,elitize_generation_data,223,14,0.197,NA
225,97,negative-to-zero,tourney,FALSE,20,elitize_generation_data,224,12,0.182,NA
226,97,negative-to-zero,tourney,FALSE,20,elitize_generation_data,225,11,0.218,NA
227,97,negative-to-zero,tourney,FALSE,20,elitize_generation_data,226,11,0.196,NA
228,97,negative-to-zero,tourney,FALSE,20,elitize_generation_data,227,11,0.205,NA
229,97,negative-to-zero,tourney,FALSE,20,elitize_generation_data,228,8,0.207,NA
230,97,negative-to-zero,tourney,FALSE,20,elitize_generation_data,229,12,0.201,NA
231,97,negative-to-zero,tourney,FALSE,20,elitize_generation_data,230,10,0.192,NA
232,97,negative-to-zero,tourney,FALSE,20,elitize_generation_data,231,14,0.197,NA
233,97,negative-to-zero,tourney,FALSE,20,elitize_generation_data,232,11,0.211,NA
234,97,negative-to-zero,tourney,FALSE,20,elitize_generation_data,233,8,0.186,NA
235,97,negative-to-zero,tourney,FALSE,20,elitize_generation_data,234,9,0.202,NA
236,97,negative-to-zero,tourney,FALSE,20,elitize_generation_data,235,11,0.219,NA
237,97,negative-to-zero,tourney,FALSE,20,elitize_generation_data,236,10,0.211,NA
238,97,negative-to-zero,tourney,FALSE,20,elitize_generation_data,237,10,0.226,NA
239,97,negative-to-zero,tourney,FALSE,20,elitize_generation_data,238,10,0.233,NA
240,97,negative-to-zero,tourney,FALSE,20,elitize_generation_data,239,10,0.228,NA
241,97,negative-to-zero,tourney,FALSE,20,elitize_generation_data,240,10,0.235,NA
242,97,negative-to-zero,tourney,FALSE,20,elitize_generation_data,241,13,0.219,NA
243,97,negative-to-zero,tourney,FALSE,20,elitize_generation_data,242,13,0.214,NA
244,97,negative-to-zero,tourney,FALSE,20,elitize_generation_data,243,11,0.215,NA
245,97,negative-to-zero,tourney,FALSE,20,elitize_generation_data,244,8,0.232,NA
246,97,negative-to-zero,tourney,FALSE,20,elitize_generation_data,245,13,0.236,NA
247,97,negative-to-zero,tourney,FALSE,20,elitize_generation_data,246,12,0.24,NA
248,97,negative-to-zero,tourney,FALSE,20,elitize_generation_data,247,13,0.231,NA
249,97,negative-to-zero,tourney,FALSE,20,elitize_generation_data,248,11,0.225,NA
250,97,negative-to-zero,tourney,FALSE,20,elitize_generation_data,249,11,0.215,NA
251,97,negative-to-zero,tourney,FALSE,20,elitize_generation_data,250,13,0.219,NA
252,97,negative-to-zero,tourney,FALSE,20,elitize_generation_data,251,12,0.227,NA
253,97,negative-to-zero,tourney,FALSE,20,elitize_generation_data,252,11,0.214,NA
254,97,negative-to-zero,tourney,FALSE,20,elitize_generation_data,253,9,0.23,NA
255,97,negative-to-zero,tourney,FALSE,20,elitize_generation_data,254,11,0.223,NA
256,97,negative-to-zero,tourney,FALSE,20,elitize_generation_data,255,9,0.234,NA
257,97,negative-to-zero,tourney,FALSE,20,elitize_generation_data,256,9,0.244,NA
258,97,negative-to-zero,tourney,FALSE,20,elitize_generation_data,257,9,0.228,NA
259,97,negative-to-zero,tourney,FALSE,20,elitize_generation_data,258,9,0.234,NA
260,97,negative-to-zero,tourney,FALSE,20,elitize_generation_data,259,11,0.232,NA
261,97,negative-to-zero,tourney,FALSE,20,elitize_generation_data,260,11,0.253,NA
262,97,negative-to-zero,tourney,FALSE,20,elitize_generation_data,261,9,0.259,NA
263,97,negative-to-zero,tourney,FALSE,20,elitize_generation_data,262,12,0.26,NA
264,97,negative-to-zero,tourney,FALSE,20,elitize_generation_data,263,10,0.23,NA
265,97,negative-to-zero,tourney,FALSE,20,elitize_generation_data,264,9,0.28,NA
266,97,negative-to-zero,tourney,FALSE,20,elitize_generation_data,265,11,0.27,NA
267,97,negative-to-zero,tourney,FALSE,20,elitize_generation_data,266,11,0.244,NA
268,97,negative-to-zero,tourney,FALSE,20,elitize_generation_data,267,10,0.247,NA
269,97,negative-to-zero,tourney,FALSE,20,elitize_generation_data,268,9,0.261,NA
270,97,negative-to-zero,tourney,FALSE,20,elitize_generation_data,269,11,0.256,NA
271,97,negative-to-zero,tourney,FALSE,20,elitize_generation_data,270,10,0.261,NA
272,97,negative-to-zero,tourney,FALSE,20,elitize_generation_data,271,9,0.248,NA
273,97,negative-to-zero,tourney,FALSE,20,elitize_generation_data,272,9,0.264,NA
274,97,negative-to-zero,tourney,FALSE,20,elitize_generation_data,273,7,0.275,NA
275,97,negative-to-zero,tourney,FALSE,20,elitize_generation_data,274,7,0.278,NA
276,97,negative-to-zero,tourney,FALSE,20,elitize_generation_data,275,9,0.272,NA
277,97,negative-to-zero,tourney,FALSE,20,elitize_generation_data,276,9,0.271,NA
278,97,negative-to-zero,tourney,FALSE,20,elitize_generation_data,277,10,0.257,NA
279,97,negative-to-zero,tourney,FALSE,20,elitize_generation_data,278,11,0.252,NA
280,97,negative-to-zero,tourney,FALSE,20,elitize_generation_data,279,9,0.234,NA
281,97,negative-to-zero,tourney,FALSE,20,elitize_generation_data,280,9,0.262,NA
282,97,negative-to-zero,tourney,FALSE,20,elitize_generation_data,281,9,0.266,NA
283,97,negative-to-zero,tourney,FALSE,20,elitize_generation_data,282,8,0.258,NA
284,97,negative-to-zero,tourney,FALSE,20,elitize_generation_data,283,11,0.256,NA
285,97,negative-to-zero,tourney,FALSE,20,elitize_generation_data,284,9,0.243,NA
286,97,negative-to-zero,tourney,FALSE,20,elitize_generation_data,285,9,0.258,NA
287,97,negative-to-zero,tourney,FALSE,20,elitize_generation_data,286,12,0.256,NA
288,97,negative-to-zero,tourney,FALSE,20,elitize_generation_data,287,9,0.258,NA
289,97,negative-to-zero,tourney,FALSE,20,elitize_generation_data,288,9,0.261,NA
290,97,negative-to-zero,tourney,FALSE,20,elitize_generation_data,289,10,0.262,NA
291,97,negative-to-zero,tourney,FALSE,20,elitize_generation_data,290,10,0.256,NA
292,97,negative-to-zero,tourney,FALSE,20,elitize_generation_data,291,9,0.254,NA
293,97,negative-to-zero,tourney,FALSE,20,elitize_generation_data,292,9,0.249,NA
294,97,negative-to-zero,tourney,FALSE,20,elitize_generation_data,293,9,0.25,NA
295,97,negative-to-zero,tourney,FALSE,20,elitize_generation_data,294,10,0.26,NA
296,97,negative-to-zero,tourney,FALSE,20,elitize_generation_data,295,7,0.252,NA
297,97,negative-to-zero,tourney,FALSE,20,elitize_generation_data,296,8,0.261,NA
298,97,negative-to-zero,tourney,FALSE,20,elitize_generation_data,297,8,0.249,NA
299,97,negative-to-zero,tourney,FALSE,20,elitize_generation_data,298,9,0.254,NA
300,97,negative-to-zero,tourney,FALSE,20,elitize_generation_data,299,10,0.238,NA
301,97,negative-to-zero,tourney,FALSE,20,elitize_generation_data,300,8,0.24,NA
