,run.num,problem,treatment,succeeded,height,normalization.function,generation,cluster.count,error.diversity,success.generation
1,94,negative-to-zero,tourney,FALSE,20,elitize_generation_data,0,10,0.042,NA
2,94,negative-to-zero,tourney,FALSE,20,elitize_generation_data,1,11,0.061,NA
3,94,negative-to-zero,tourney,FALSE,20,elitize_generation_data,2,6,0.035,NA
4,94,negative-to-zero,tourney,FALSE,20,elitize_generation_data,3,11,0.025,NA
5,94,negative-to-zero,tourney,FALSE,20,elitize_generation_data,4,8,0.024,NA
6,94,negative-to-zero,tourney,FALSE,20,elitize_generation_data,5,8,0.018,NA
7,94,negative-to-zero,tourney,FALSE,20,elitize_generation_data,6,8,0.015,NA
8,94,negative-to-zero,tourney,FALSE,20,elitize_generation_data,7,6,0.012,NA
9,94,negative-to-zero,tourney,FALSE,20,elitize_generation_data,8,7,0.013,NA
10,94,negative-to-zero,tourney,FALSE,20,elitize_generation_data,9,8,0.016,NA
11,94,negative-to-zero,tourney,FALSE,20,elitize_generation_data,10,8,0.015,NA
12,94,negative-to-zero,tourney,FALSE,20,elitize_generation_data,11,7,0.01,NA
13,94,negative-to-zero,tourney,FALSE,20,elitize_generation_data,12,7,0.012,NA
14,94,negative-to-zero,tourney,FALSE,20,elitize_generation_data,13,5,0.012,NA
15,94,negative-to-zero,tourney,FALSE,20,elitize_generation_data,14,4,0.012,NA
16,94,negative-to-zero,tourney,FALSE,20,elitize_generation_data,15,7,0.013,NA
17,94,negative-to-zero,tourney,FALSE,20,elitize_generation_data,16,7,0.015,NA
18,94,negative-to-zero,tourney,FALSE,20,elitize_generation_data,17,6,0.014,NA
19,94,negative-to-zero,tourney,FALSE,20,elitize_generation_data,18,4,0.01,NA
20,94,negative-to-zero,tourney,FALSE,20,elitize_generation_data,19,5,0.013,NA
21,94,negative-to-zero,tourney,FALSE,20,elitize_generation_data,20,7,0.012,NA
22,94,negative-to-zero,tourney,FALSE,20,elitize_generation_data,21,5,0.013,NA
23,94,negative-to-zero,tourney,FALSE,20,elitize_generation_data,22,4,0.007,NA
24,94,negative-to-zero,tourney,FALSE,20,elitize_generation_data,23,7,0.013,NA
25,94,negative-to-zero,tourney,FALSE,20,elitize_generation_data,24,5,0.006,NA
26,94,negative-to-zero,tourney,FALSE,20,elitize_generation_data,25,5,0.01,NA
27,94,negative-to-zero,tourney,FALSE,20,elitize_generation_data,26,6,0.012,NA
28,94,negative-to-zero,tourney,FALSE,20,elitize_generation_data,27,6,0.01,NA
29,94,negative-to-zero,tourney,FALSE,20,elitize_generation_data,28,5,0.012,NA
30,94,negative-to-zero,tourney,FALSE,20,elitize_generation_data,29,7,0.012,NA
31,94,negative-to-zero,tourney,FALSE,20,elitize_generation_data,30,5,0.009,NA
32,94,negative-to-zero,tourney,FALSE,20,elitize_generation_data,31,5,0.01,NA
33,94,negative-to-zero,tourney,FALSE,20,elitize_generation_data,32,4,0.005,NA
34,94,negative-to-zero,tourney,FALSE,20,elitize_generation_data,33,5,0.01,NA
35,94,negative-to-zero,tourney,FALSE,20,elitize_generation_data,34,5,0.009,NA
36,94,negative-to-zero,tourney,FALSE,20,elitize_generation_data,35,5,0.01,NA
37,94,negative-to-zero,tourney,FALSE,20,elitize_generation_data,36,5,0.008,NA
38,94,negative-to-zero,tourney,FALSE,20,elitize_generation_data,37,3,0.005,NA
39,94,negative-to-zero,tourney,FALSE,20,elitize_generation_data,38,4,0.012,NA
40,94,negative-to-zero,tourney,FALSE,20,elitize_generation_data,39,4,0.007,NA
41,94,negative-to-zero,tourney,FALSE,20,elitize_generation_data,40,4,0.01,NA
42,94,negative-to-zero,tourney,FALSE,20,elitize_generation_data,41,3,0.006,NA
43,94,negative-to-zero,tourney,FALSE,20,elitize_generation_data,42,5,0.01,NA
44,94,negative-to-zero,tourney,FALSE,20,elitize_generation_data,43,4,0.006,NA
45,94,negative-to-zero,tourney,FALSE,20,elitize_generation_data,44,5,0.01,NA
46,94,negative-to-zero,tourney,FALSE,20,elitize_generation_data,45,6,0.009,NA
47,94,negative-to-zero,tourney,FALSE,20,elitize_generation_data,46,5,0.007,NA
48,94,negative-to-zero,tourney,FALSE,20,elitize_generation_data,47,4,0.005,NA
49,94,negative-to-zero,tourney,FALSE,20,elitize_generation_data,48,5,0.007,NA
50,94,negative-to-zero,tourney,FALSE,20,elitize_generation_data,49,6,0.009,NA
51,94,negative-to-zero,tourney,FALSE,20,elitize_generation_data,50,3,0.006,NA
52,94,negative-to-zero,tourney,FALSE,20,elitize_generation_data,51,6,0.01,NA
53,94,negative-to-zero,tourney,FALSE,20,elitize_generation_data,52,6,0.01,NA
54,94,negative-to-zero,tourney,FALSE,20,elitize_generation_data,53,5,0.009,NA
55,94,negative-to-zero,tourney,FALSE,20,elitize_generation_data,54,6,0.009,NA
56,94,negative-to-zero,tourney,FALSE,20,elitize_generation_data,55,5,0.01,NA
57,94,negative-to-zero,tourney,FALSE,20,elitize_generation_data,56,5,0.007,NA
58,94,negative-to-zero,tourney,FALSE,20,elitize_generation_data,57,3,0.004,NA
59,94,negative-to-zero,tourney,FALSE,20,elitize_generation_data,58,4,0.007,NA
60,94,negative-to-zero,tourney,FALSE,20,elitize_generation_data,59,5,0.006,NA
61,94,negative-to-zero,tourney,FALSE,20,elitize_generation_data,60,4,0.006,NA
62,94,negative-to-zero,tourney,FALSE,20,elitize_generation_data,61,6,0.009,NA
63,94,negative-to-zero,tourney,FALSE,20,elitize_generation_data,62,6,0.009,NA
64,94,negative-to-zero,tourney,FALSE,20,elitize_generation_data,63,5,0.007,NA
65,94,negative-to-zero,tourney,FALSE,20,elitize_generation_data,64,5,0.007,NA
66,94,negative-to-zero,tourney,FALSE,20,elitize_generation_data,65,5,0.01,NA
67,94,negative-to-zero,tourney,FALSE,20,elitize_generation_data,66,4,0.007,NA
68,94,negative-to-zero,tourney,FALSE,20,elitize_generation_data,67,8,0.011,NA
69,94,negative-to-zero,tourney,FALSE,20,elitize_generation_data,68,5,0.012,NA
70,94,negative-to-zero,tourney,FALSE,20,elitize_generation_data,69,4,0.009,NA
71,94,negative-to-zero,tourney,FALSE,20,elitize_generation_data,70,4,0.007,NA
72,94,negative-to-zero,tourney,FALSE,20,elitize_generation_data,71,4,0.008,NA
73,94,negative-to-zero,tourney,FALSE,20,elitize_generation_data,72,4,0.01,NA
74,94,negative-to-zero,tourney,FALSE,20,elitize_generation_data,73,3,0.007,NA
75,94,negative-to-zero,tourney,FALSE,20,elitize_generation_data,74,5,0.007,NA
76,94,negative-to-zero,tourney,FALSE,20,elitize_generation_data,75,5,0.008,NA
77,94,negative-to-zero,tourney,FALSE,20,elitize_generation_data,76,6,0.008,NA
78,94,negative-to-zero,tourney,FALSE,20,elitize_generation_data,77,6,0.008,NA
79,94,negative-to-zero,tourney,FALSE,20,elitize_generation_data,78,4,0.008,NA
80,94,negative-to-zero,tourney,FALSE,20,elitize_generation_data,79,5,0.007,NA
81,94,negative-to-zero,tourney,FALSE,20,elitize_generation_data,80,4,0.008,NA
82,94,negative-to-zero,tourney,FALSE,20,elitize_generation_data,81,4,0.008,NA
83,94,negative-to-zero,tourney,FALSE,20,elitize_generation_data,82,4,0.008,NA
84,94,negative-to-zero,tourney,FALSE,20,elitize_generation_data,83,3,0.006,NA
85,94,negative-to-zero,tourney,FALSE,20,elitize_generation_data,84,4,0.005,NA
86,94,negative-to-zero,tourney,FALSE,20,elitize_generation_data,85,2,0.005,NA
87,94,negative-to-zero,tourney,FALSE,20,elitize_generation_data,86,3,0.006,NA
88,94,negative-to-zero,tourney,FALSE,20,elitize_generation_data,87,5,0.009,NA
89,94,negative-to-zero,tourney,FALSE,20,elitize_generation_data,88,3,0.005,NA
90,94,negative-to-zero,tourney,FALSE,20,elitize_generation_data,89,4,0.008,NA
91,94,negative-to-zero,tourney,FALSE,20,elitize_generation_data,90,5,0.006,NA
92,94,negative-to-zero,tourney,FALSE,20,elitize_generation_data,91,3,0.004,NA
93,94,negative-to-zero,tourney,FALSE,20,elitize_generation_data,92,3,0.004,NA
94,94,negative-to-zero,tourney,FALSE,20,elitize_generation_data,93,3,0.005,NA
95,94,negative-to-zero,tourney,FALSE,20,elitize_generation_data,94,4,0.007,NA
96,94,negative-to-zero,tourney,FALSE,20,elitize_generation_data,95,3,0.007,NA
97,94,negative-to-zero,tourney,FALSE,20,elitize_generation_data,96,3,0.006,NA
98,94,negative-to-zero,tourney,FALSE,20,elitize_generation_data,97,4,0.005,NA
99,94,negative-to-zero,tourney,FALSE,20,elitize_generation_data,98,4,0.006,NA
100,94,negative-to-zero,tourney,FALSE,20,elitize_generation_data,99,4,0.006,NA
101,94,negative-to-zero,tourney,FALSE,20,elitize_generation_data,100,3,0.004,NA
102,94,negative-to-zero,tourney,FALSE,20,elitize_generation_data,101,2,0.004,NA
103,94,negative-to-zero,tourney,FALSE,20,elitize_generation_data,102,4,0.006,NA
104,94,negative-to-zero,tourney,FALSE,20,elitize_generation_data,103,3,0.007,NA
105,94,negative-to-zero,tourney,FALSE,20,elitize_generation_data,104,3,0.007,NA
106,94,negative-to-zero,tourney,FALSE,20,elitize_generation_data,105,2,0.005,NA
107,94,negative-to-zero,tourney,FALSE,20,elitize_generation_data,106,2,0.005,NA
108,94,negative-to-zero,tourney,FALSE,20,elitize_generation_data,107,2,0.003,NA
109,94,negative-to-zero,tourney,FALSE,20,elitize_generation_data,108,3,0.004,NA
110,94,negative-to-zero,tourney,FALSE,20,elitize_generation_data,109,6,0.008,NA
111,94,negative-to-zero,tourney,FALSE,20,elitize_generation_data,110,4,0.006,NA
112,94,negative-to-zero,tourney,FALSE,20,elitize_generation_data,111,4,0.007,NA
113,94,negative-to-zero,tourney,FALSE,20,elitize_generation_data,112,4,0.007,NA
114,94,negative-to-zero,tourney,FALSE,20,elitize_generation_data,113,4,0.007,NA
115,94,negative-to-zero,tourney,FALSE,20,elitize_generation_data,114,5,0.007,NA
116,94,negative-to-zero,tourney,FALSE,20,elitize_generation_data,115,3,0.005,NA
117,94,negative-to-zero,tourney,FALSE,20,elitize_generation_data,116,4,0.009,NA
118,94,negative-to-zero,tourney,FALSE,20,elitize_generation_data,117,6,0.018,NA
119,94,negative-to-zero,tourney,FALSE,20,elitize_generation_data,118,6,0.014,NA
120,94,negative-to-zero,tourney,FALSE,20,elitize_generation_data,119,7,0.019,NA
121,94,negative-to-zero,tourney,FALSE,20,elitize_generation_data,120,7,0.017,NA
122,94,negative-to-zero,tourney,FALSE,20,elitize_generation_data,121,6,0.017,NA
123,94,negative-to-zero,tourney,FALSE,20,elitize_generation_data,122,5,0.017,NA
124,94,negative-to-zero,tourney,FALSE,20,elitize_generation_data,123,7,0.014,NA
125,94,negative-to-zero,tourney,FALSE,20,elitize_generation_data,124,7,0.024,NA
126,94,negative-to-zero,tourney,FALSE,20,elitize_generation_data,125,7,0.015,NA
127,94,negative-to-zero,tourney,FALSE,20,elitize_generation_data,126,7,0.02,NA
128,94,negative-to-zero,tourney,FALSE,20,elitize_generation_data,127,6,0.017,NA
129,94,negative-to-zero,tourney,FALSE,20,elitize_generation_data,128,6,0.018,NA
130,94,negative-to-zero,tourney,FALSE,20,elitize_generation_data,129,7,0.019,NA
131,94,negative-to-zero,tourney,FALSE,20,elitize_generation_data,130,7,0.02,NA
132,94,negative-to-zero,tourney,FALSE,20,elitize_generation_data,131,6,0.017,NA
133,94,negative-to-zero,tourney,FALSE,20,elitize_generation_data,132,7,0.017,NA
134,94,negative-to-zero,tourney,FALSE,20,elitize_generation_data,133,7,0.016,NA
135,94,negative-to-zero,tourney,FALSE,20,elitize_generation_data,134,6,0.02,NA
136,94,negative-to-zero,tourney,FALSE,20,elitize_generation_data,135,9,0.024,NA
137,94,negative-to-zero,tourney,FALSE,20,elitize_generation_data,136,6,0.02,NA
138,94,negative-to-zero,tourney,FALSE,20,elitize_generation_data,137,5,0.015,NA
139,94,negative-to-zero,tourney,FALSE,20,elitize_generation_data,138,7,0.018,NA
140,94,negative-to-zero,tourney,FALSE,20,elitize_generation_data,139,6,0.016,NA
141,94,negative-to-zero,tourney,FALSE,20,elitize_generation_data,140,5,0.017,NA
142,94,negative-to-zero,tourney,FALSE,20,elitize_generation_data,141,6,0.014,NA
143,94,negative-to-zero,tourney,FALSE,20,elitize_generation_data,142,5,0.016,NA
144,94,negative-to-zero,tourney,FALSE,20,elitize_generation_data,143,6,0.015,NA
145,94,negative-to-zero,tourney,FALSE,20,elitize_generation_data,144,7,0.021,NA
146,94,negative-to-zero,tourney,FALSE,20,elitize_generation_data,145,6,0.016,NA
147,94,negative-to-zero,tourney,FALSE,20,elitize_generation_data,146,7,0.024,NA
148,94,negative-to-zero,tourney,FALSE,20,elitize_generation_data,147,5,0.014,NA
149,94,negative-to-zero,tourney,FALSE,20,elitize_generation_data,148,5,0.016,NA
150,94,negative-to-zero,tourney,FALSE,20,elitize_generation_data,149,6,0.017,NA
151,94,negative-to-zero,tourney,FALSE,20,elitize_generation_data,150,8,0.021,NA
152,94,negative-to-zero,tourney,FALSE,20,elitize_generation_data,151,5,0.014,NA
153,94,negative-to-zero,tourney,FALSE,20,elitize_generation_data,152,7,0.018,NA
154,94,negative-to-zero,tourney,FALSE,20,elitize_generation_data,153,6,0.022,NA
155,94,negative-to-zero,tourney,FALSE,20,elitize_generation_data,154,6,0.017,NA
156,94,negative-to-zero,tourney,FALSE,20,elitize_generation_data,155,6,0.019,NA
157,94,negative-to-zero,tourney,FALSE,20,elitize_generation_data,156,4,0.018,NA
158,94,negative-to-zero,tourney,FALSE,20,elitize_generation_data,157,5,0.013,NA
159,94,negative-to-zero,tourney,FALSE,20,elitize_generation_data,158,6,0.018,NA
160,94,negative-to-zero,tourney,FALSE,20,elitize_generation_data,159,9,0.023,NA
161,94,negative-to-zero,tourney,FALSE,20,elitize_generation_data,160,6,0.018,NA
162,94,negative-to-zero,tourney,FALSE,20,elitize_generation_data,161,8,0.028,NA
163,94,negative-to-zero,tourney,FALSE,20,elitize_generation_data,162,9,0.046,NA
164,94,negative-to-zero,tourney,FALSE,20,elitize_generation_data,163,9,0.038,NA
165,94,negative-to-zero,tourney,FALSE,20,elitize_generation_data,164,9,0.046,NA
166,94,negative-to-zero,tourney,FALSE,20,elitize_generation_data,165,10,0.047,NA
167,94,negative-to-zero,tourney,FALSE,20,elitize_generation_data,166,9,0.049,NA
168,94,negative-to-zero,tourney,FALSE,20,elitize_generation_data,167,7,0.047,NA
169,94,negative-to-zero,tourney,FALSE,20,elitize_generation_data,168,6,0.042,NA
170,94,negative-to-zero,tourney,FALSE,20,elitize_generation_data,169,9,0.046,NA
171,94,negative-to-zero,tourney,FALSE,20,elitize_generation_data,170,10,0.054,NA
172,94,negative-to-zero,tourney,FALSE,20,elitize_generation_data,171,9,0.045,NA
173,94,negative-to-zero,tourney,FALSE,20,elitize_generation_data,172,9,0.043,NA
174,94,negative-to-zero,tourney,FALSE,20,elitize_generation_data,173,10,0.059,NA
175,94,negative-to-zero,tourney,FALSE,20,elitize_generation_data,174,9,0.053,NA
176,94,negative-to-zero,tourney,FALSE,20,elitize_generation_data,175,8,0.045,NA
177,94,negative-to-zero,tourney,FALSE,20,elitize_generation_data,176,11,0.046,NA
178,94,negative-to-zero,tourney,FALSE,20,elitize_generation_data,177,13,0.054,NA
179,94,negative-to-zero,tourney,FALSE,20,elitize_generation_data,178,16,0.063,NA
180,94,negative-to-zero,tourney,FALSE,20,elitize_generation_data,179,20,0.088,NA
181,94,negative-to-zero,tourney,FALSE,20,elitize_generation_data,180,17,0.075,NA
182,94,negative-to-zero,tourney,FALSE,20,elitize_generation_data,181,20,0.059,NA
183,94,negative-to-zero,tourney,FALSE,20,elitize_generation_data,182,20,0.068,NA
184,94,negative-to-zero,tourney,FALSE,20,elitize_generation_data,183,26,0.065,NA
185,94,negative-to-zero,tourney,FALSE,20,elitize_generation_data,184,20,0.07,NA
186,94,negative-to-zero,tourney,FALSE,20,elitize_generation_data,185,18,0.063,NA
187,94,negative-to-zero,tourney,FALSE,20,elitize_generation_data,186,14,0.07,NA
188,94,negative-to-zero,tourney,FALSE,20,elitize_generation_data,187,18,0.062,NA
189,94,negative-to-zero,tourney,FALSE,20,elitize_generation_data,188,15,0.058,NA
190,94,negative-to-zero,tourney,FALSE,20,elitize_generation_data,189,18,0.066,NA
191,94,negative-to-zero,tourney,FALSE,20,elitize_generation_data,190,16,0.072,NA
192,94,negative-to-zero,tourney,FALSE,20,elitize_generation_data,191,16,0.072,NA
193,94,negative-to-zero,tourney,FALSE,20,elitize_generation_data,192,15,0.053,NA
194,94,negative-to-zero,tourney,FALSE,20,elitize_generation_data,193,12,0.049,NA
195,94,negative-to-zero,tourney,FALSE,20,elitize_generation_data,194,14,0.052,NA
196,94,negative-to-zero,tourney,FALSE,20,elitize_generation_data,195,9,0.052,NA
197,94,negative-to-zero,tourney,FALSE,20,elitize_generation_data,196,9,0.049,NA
198,94,negative-to-zero,tourney,FALSE,20,elitize_generation_data,197,13,0.051,NA
199,94,negative-to-zero,tourney,FALSE,20,elitize_generation_data,198,13,0.058,NA
200,94,negative-to-zero,tourney,FALSE,20,elitize_generation_data,199,11,0.049,NA
201,94,negative-to-zero,tourney,FALSE,20,elitize_generation_data,200,13,0.044,NA
202,94,negative-to-zero,tourney,FALSE,20,elitize_generation_data,201,11,0.066,NA
203,94,negative-to-zero,tourney,FALSE,20,elitize_generation_data,202,11,0.053,NA
204,94,negative-to-zero,tourney,FALSE,20,elitize_generation_data,203,10,0.055,NA
205,94,negative-to-zero,tourney,FALSE,20,elitize_generation_data,204,11,0.048,NA
206,94,negative-to-zero,tourney,FALSE,20,elitize_generation_data,205,11,0.049,NA
207,94,negative-to-zero,tourney,FALSE,20,elitize_generation_data,206,14,0.052,NA
208,94,negative-to-zero,tourney,FALSE,20,elitize_generation_data,207,14,0.055,NA
209,94,negative-to-zero,tourney,FALSE,20,elitize_generation_data,208,13,0.068,NA
210,94,negative-to-zero,tourney,FALSE,20,elitize_generation_data,209,10,0.048,NA
211,94,negative-to-zero,tourney,FALSE,20,elitize_generation_data,210,10,0.049,NA
212,94,negative-to-zero,tourney,FALSE,20,elitize_generation_data,211,16,0.053,NA
213,94,negative-to-zero,tourney,FALSE,20,elitize_generation_data,212,14,0.052,NA
214,94,negative-to-zero,tourney,FALSE,20,elitize_generation_data,213,17,0.053,NA
215,94,negative-to-zero,tourney,FALSE,20,elitize_generation_data,214,11,0.051,NA
216,94,negative-to-zero,tourney,FALSE,20,elitize_generation_data,215,12,0.044,NA
217,94,negative-to-zero,tourney,FALSE,20,elitize_generation_data,216,14,0.051,NA
218,94,negative-to-zero,tourney,FALSE,20,elitize_generation_data,217,10,0.061,NA
219,94,negative-to-zero,tourney,FALSE,20,elitize_generation_data,218,15,0.06,NA
220,94,negative-to-zero,tourney,FALSE,20,elitize_generation_data,219,15,0.064,NA
221,94,negative-to-zero,tourney,FALSE,20,elitize_generation_data,220,14,0.046,NA
222,94,negative-to-zero,tourney,FALSE,20,elitize_generation_data,221,9,0.06,NA
223,94,negative-to-zero,tourney,FALSE,20,elitize_generation_data,222,13,0.046,NA
224,94,negative-to-zero,tourney,FALSE,20,elitize_generation_data,223,13,0.068,NA
225,94,negative-to-zero,tourney,FALSE,20,elitize_generation_data,224,9,0.055,NA
226,94,negative-to-zero,tourney,FALSE,20,elitize_generation_data,225,11,0.057,NA
227,94,negative-to-zero,tourney,FALSE,20,elitize_generation_data,226,11,0.053,NA
228,94,negative-to-zero,tourney,FALSE,20,elitize_generation_data,227,13,0.054,NA
229,94,negative-to-zero,tourney,FALSE,20,elitize_generation_data,228,10,0.052,NA
230,94,negative-to-zero,tourney,FALSE,20,elitize_generation_data,229,15,0.051,NA
231,94,negative-to-zero,tourney,FALSE,20,elitize_generation_data,230,15,0.051,NA
232,94,negative-to-zero,tourney,FALSE,20,elitize_generation_data,231,12,0.052,NA
233,94,negative-to-zero,tourney,FALSE,20,elitize_generation_data,232,12,0.056,NA
234,94,negative-to-zero,tourney,FALSE,20,elitize_generation_data,233,10,0.056,NA
235,94,negative-to-zero,tourney,FALSE,20,elitize_generation_data,234,12,0.052,NA
236,94,negative-to-zero,tourney,FALSE,20,elitize_generation_data,235,16,0.053,NA
237,94,negative-to-zero,tourney,FALSE,20,elitize_generation_data,236,8,0.053,NA
238,94,negative-to-zero,tourney,FALSE,20,elitize_generation_data,237,12,0.048,NA
239,94,negative-to-zero,tourney,FALSE,20,elitize_generation_data,238,16,0.048,NA
240,94,negative-to-zero,tourney,FALSE,20,elitize_generation_data,239,10,0.047,NA
241,94,negative-to-zero,tourney,FALSE,20,elitize_generation_data,240,10,0.053,NA
242,94,negative-to-zero,tourney,FALSE,20,elitize_generation_data,241,11,0.062,NA
243,94,negative-to-zero,tourney,FALSE,20,elitize_generation_data,242,13,0.044,NA
244,94,negative-to-zero,tourney,FALSE,20,elitize_generation_data,243,12,0.051,NA
245,94,negative-to-zero,tourney,FALSE,20,elitize_generation_data,244,12,0.06,NA
246,94,negative-to-zero,tourney,FALSE,20,elitize_generation_data,245,11,0.056,NA
247,94,negative-to-zero,tourney,FALSE,20,elitize_generation_data,246,13,0.043,NA
248,94,negative-to-zero,tourney,FALSE,20,elitize_generation_data,247,15,0.054,NA
249,94,negative-to-zero,tourney,FALSE,20,elitize_generation_data,248,9,0.056,NA
250,94,negative-to-zero,tourney,FALSE,20,elitize_generation_data,249,11,0.054,NA
251,94,negative-to-zero,tourney,FALSE,20,elitize_generation_data,250,9,0.053,NA
252,94,negative-to-zero,tourney,FALSE,20,elitize_generation_data,251,13,0.052,NA
253,94,negative-to-zero,tourney,FALSE,20,elitize_generation_data,252,12,0.056,NA
254,94,negative-to-zero,tourney,FALSE,20,elitize_generation_data,253,14,0.049,NA
255,94,negative-to-zero,tourney,FALSE,20,elitize_generation_data,254,13,0.051,NA
256,94,negative-to-zero,tourney,FALSE,20,elitize_generation_data,255,12,0.048,NA
257,94,negative-to-zero,tourney,FALSE,20,elitize_generation_data,256,12,0.055,NA
258,94,negative-to-zero,tourney,FALSE,20,elitize_generation_data,257,8,0.071,NA
259,94,negative-to-zero,tourney,FALSE,20,elitize_generation_data,258,11,0.047,NA
260,94,negative-to-zero,tourney,FALSE,20,elitize_generation_data,259,9,0.039,NA
261,94,negative-to-zero,tourney,FALSE,20,elitize_generation_data,260,13,0.058,NA
262,94,negative-to-zero,tourney,FALSE,20,elitize_generation_data,261,11,0.051,NA
263,94,negative-to-zero,tourney,FALSE,20,elitize_generation_data,262,11,0.046,NA
264,94,negative-to-zero,tourney,FALSE,20,elitize_generation_data,263,14,0.059,NA
265,94,negative-to-zero,tourney,FALSE,20,elitize_generation_data,264,13,0.052,NA
266,94,negative-to-zero,tourney,FALSE,20,elitize_generation_data,265,12,0.052,NA
267,94,negative-to-zero,tourney,FALSE,20,elitize_generation_data,266,11,0.046,NA
268,94,negative-to-zero,tourney,FALSE,20,elitize_generation_data,267,11,0.054,NA
269,94,negative-to-zero,tourney,FALSE,20,elitize_generation_data,268,13,0.061,NA
270,94,negative-to-zero,tourney,FALSE,20,elitize_generation_data,269,16,0.059,NA
271,94,negative-to-zero,tourney,FALSE,20,elitize_generation_data,270,12,0.046,NA
272,94,negative-to-zero,tourney,FALSE,20,elitize_generation_data,271,11,0.048,NA
273,94,negative-to-zero,tourney,FALSE,20,elitize_generation_data,272,14,0.049,NA
274,94,negative-to-zero,tourney,FALSE,20,elitize_generation_data,273,8,0.047,NA
275,94,negative-to-zero,tourney,FALSE,20,elitize_generation_data,274,10,0.061,NA
276,94,negative-to-zero,tourney,FALSE,20,elitize_generation_data,275,11,0.056,NA
277,94,negative-to-zero,tourney,FALSE,20,elitize_generation_data,276,12,0.056,NA
278,94,negative-to-zero,tourney,FALSE,20,elitize_generation_data,277,12,0.049,NA
279,94,negative-to-zero,tourney,FALSE,20,elitize_generation_data,278,10,0.048,NA
280,94,negative-to-zero,tourney,FALSE,20,elitize_generation_data,279,11,0.046,NA
281,94,negative-to-zero,tourney,FALSE,20,elitize_generation_data,280,11,0.043,NA
282,94,negative-to-zero,tourney,FALSE,20,elitize_generation_data,281,12,0.047,NA
283,94,negative-to-zero,tourney,FALSE,20,elitize_generation_data,282,9,0.047,NA
284,94,negative-to-zero,tourney,FALSE,20,elitize_generation_data,283,16,0.046,NA
285,94,negative-to-zero,tourney,FALSE,20,elitize_generation_data,284,10,0.051,NA
286,94,negative-to-zero,tourney,FALSE,20,elitize_generation_data,285,16,0.059,NA
287,94,negative-to-zero,tourney,FALSE,20,elitize_generation_data,286,11,0.057,NA
288,94,negative-to-zero,tourney,FALSE,20,elitize_generation_data,287,11,0.052,NA
289,94,negative-to-zero,tourney,FALSE,20,elitize_generation_data,288,11,0.046,NA
290,94,negative-to-zero,tourney,FALSE,20,elitize_generation_data,289,13,0.051,NA
291,94,negative-to-zero,tourney,FALSE,20,elitize_generation_data,290,12,0.062,NA
292,94,negative-to-zero,tourney,FALSE,20,elitize_generation_data,291,10,0.053,NA
293,94,negative-to-zero,tourney,FALSE,20,elitize_generation_data,292,15,0.062,NA
294,94,negative-to-zero,tourney,FALSE,20,elitize_generation_data,293,18,0.061,NA
295,94,negative-to-zero,tourney,FALSE,20,elitize_generation_data,294,12,0.042,NA
296,94,negative-to-zero,tourney,FALSE,20,elitize_generation_data,295,12,0.05,NA
297,94,negative-to-zero,tourney,FALSE,20,elitize_generation_data,296,13,0.049,NA
298,94,negative-to-zero,tourney,FALSE,20,elitize_generation_data,297,13,0.049,NA
299,94,negative-to-zero,tourney,FALSE,20,elitize_generation_data,298,13,0.059,NA
300,94,negative-to-zero,tourney,FALSE,20,elitize_generation_data,299,10,0.054,NA
301,94,negative-to-zero,tourney,FALSE,20,elitize_generation_data,300,13,0.055,NA
