,run.num,problem,treatment,succeeded,height,normalization.function,generation,cluster.count,error.diversity,success.generation
1,64,negative-to-zero,tourney,FALSE,20,elitize_generation_data,0,12,0.04,NA
2,64,negative-to-zero,tourney,FALSE,20,elitize_generation_data,1,15,0.068,NA
3,64,negative-to-zero,tourney,FALSE,20,elitize_generation_data,2,7,0.034,NA
4,64,negative-to-zero,tourney,FALSE,20,elitize_generation_data,3,10,0.021,NA
5,64,negative-to-zero,tourney,FALSE,20,elitize_generation_data,4,11,0.026,NA
6,64,negative-to-zero,tourney,FALSE,20,elitize_generation_data,5,11,0.022,NA
7,64,negative-to-zero,tourney,FALSE,20,elitize_generation_data,6,8,0.02,NA
8,64,negative-to-zero,tourney,FALSE,20,elitize_generation_data,7,9,0.025,NA
9,64,negative-to-zero,tourney,FALSE,20,elitize_generation_data,8,5,0.012,NA
10,64,negative-to-zero,tourney,FALSE,20,elitize_generation_data,9,9,0.019,NA
11,64,negative-to-zero,tourney,FALSE,20,elitize_generation_data,10,6,0.011,NA
12,64,negative-to-zero,tourney,FALSE,20,elitize_generation_data,11,8,0.015,NA
13,64,negative-to-zero,tourney,FALSE,20,elitize_generation_data,12,4,0.011,NA
14,64,negative-to-zero,tourney,FALSE,20,elitize_generation_data,13,5,0.013,NA
15,64,negative-to-zero,tourney,FALSE,20,elitize_generation_data,14,5,0.009,NA
16,64,negative-to-zero,tourney,FALSE,20,elitize_generation_data,15,4,0.012,NA
17,64,negative-to-zero,tourney,FALSE,20,elitize_generation_data,16,5,0.014,NA
18,64,negative-to-zero,tourney,FALSE,20,elitize_generation_data,17,5,0.009,NA
19,64,negative-to-zero,tourney,FALSE,20,elitize_generation_data,18,7,0.014,NA
20,64,negative-to-zero,tourney,FALSE,20,elitize_generation_data,19,5,0.01,NA
21,64,negative-to-zero,tourney,FALSE,20,elitize_generation_data,20,6,0.007,NA
22,64,negative-to-zero,tourney,FALSE,20,elitize_generation_data,21,7,0.014,NA
23,64,negative-to-zero,tourney,FALSE,20,elitize_generation_data,22,6,0.007,NA
24,64,negative-to-zero,tourney,FALSE,20,elitize_generation_data,23,5,0.011,NA
25,64,negative-to-zero,tourney,FALSE,20,elitize_generation_data,24,6,0.01,NA
26,64,negative-to-zero,tourney,FALSE,20,elitize_generation_data,25,8,0.011,NA
27,64,negative-to-zero,tourney,FALSE,20,elitize_generation_data,26,4,0.01,NA
28,64,negative-to-zero,tourney,FALSE,20,elitize_generation_data,27,4,0.008,NA
29,64,negative-to-zero,tourney,FALSE,20,elitize_generation_data,28,5,0.013,NA
30,64,negative-to-zero,tourney,FALSE,20,elitize_generation_data,29,7,0.013,NA
31,64,negative-to-zero,tourney,FALSE,20,elitize_generation_data,30,4,0.011,NA
32,64,negative-to-zero,tourney,FALSE,20,elitize_generation_data,31,5,0.012,NA
33,64,negative-to-zero,tourney,FALSE,20,elitize_generation_data,32,3,0.007,NA
34,64,negative-to-zero,tourney,FALSE,20,elitize_generation_data,33,4,0.011,NA
35,64,negative-to-zero,tourney,FALSE,20,elitize_generation_data,34,5,0.008,NA
36,64,negative-to-zero,tourney,FALSE,20,elitize_generation_data,35,4,0.01,NA
37,64,negative-to-zero,tourney,FALSE,20,elitize_generation_data,36,5,0.008,NA
38,64,negative-to-zero,tourney,FALSE,20,elitize_generation_data,37,4,0.008,NA
39,64,negative-to-zero,tourney,FALSE,20,elitize_generation_data,38,6,0.011,NA
40,64,negative-to-zero,tourney,FALSE,20,elitize_generation_data,39,5,0.009,NA
41,64,negative-to-zero,tourney,FALSE,20,elitize_generation_data,40,3,0.005,NA
42,64,negative-to-zero,tourney,FALSE,20,elitize_generation_data,41,6,0.009,NA
43,64,negative-to-zero,tourney,FALSE,20,elitize_generation_data,42,6,0.01,NA
44,64,negative-to-zero,tourney,FALSE,20,elitize_generation_data,43,4,0.006,NA
45,64,negative-to-zero,tourney,FALSE,20,elitize_generation_data,44,6,0.009,NA
46,64,negative-to-zero,tourney,FALSE,20,elitize_generation_data,45,6,0.008,NA
47,64,negative-to-zero,tourney,FALSE,20,elitize_generation_data,46,5,0.009,NA
48,64,negative-to-zero,tourney,FALSE,20,elitize_generation_data,47,5,0.011,NA
49,64,negative-to-zero,tourney,FALSE,20,elitize_generation_data,48,5,0.008,NA
50,64,negative-to-zero,tourney,FALSE,20,elitize_generation_data,49,6,0.01,NA
51,64,negative-to-zero,tourney,FALSE,20,elitize_generation_data,50,4,0.007,NA
52,64,negative-to-zero,tourney,FALSE,20,elitize_generation_data,51,5,0.007,NA
53,64,negative-to-zero,tourney,FALSE,20,elitize_generation_data,52,4,0.006,NA
54,64,negative-to-zero,tourney,FALSE,20,elitize_generation_data,53,6,0.01,NA
55,64,negative-to-zero,tourney,FALSE,20,elitize_generation_data,54,6,0.009,NA
56,64,negative-to-zero,tourney,FALSE,20,elitize_generation_data,55,4,0.008,NA
57,64,negative-to-zero,tourney,FALSE,20,elitize_generation_data,56,5,0.009,NA
58,64,negative-to-zero,tourney,FALSE,20,elitize_generation_data,57,7,0.011,NA
59,64,negative-to-zero,tourney,FALSE,20,elitize_generation_data,58,4,0.007,NA
60,64,negative-to-zero,tourney,FALSE,20,elitize_generation_data,59,5,0.013,NA
61,64,negative-to-zero,tourney,FALSE,20,elitize_generation_data,60,5,0.01,NA
62,64,negative-to-zero,tourney,FALSE,20,elitize_generation_data,61,6,0.008,NA
63,64,negative-to-zero,tourney,FALSE,20,elitize_generation_data,62,4,0.005,NA
64,64,negative-to-zero,tourney,FALSE,20,elitize_generation_data,63,4,0.008,NA
65,64,negative-to-zero,tourney,FALSE,20,elitize_generation_data,64,6,0.014,NA
66,64,negative-to-zero,tourney,FALSE,20,elitize_generation_data,65,4,0.009,NA
67,64,negative-to-zero,tourney,FALSE,20,elitize_generation_data,66,4,0.007,NA
68,64,negative-to-zero,tourney,FALSE,20,elitize_generation_data,67,6,0.008,NA
69,64,negative-to-zero,tourney,FALSE,20,elitize_generation_data,68,5,0.007,NA
70,64,negative-to-zero,tourney,FALSE,20,elitize_generation_data,69,7,0.01,NA
71,64,negative-to-zero,tourney,FALSE,20,elitize_generation_data,70,3,0.007,NA
72,64,negative-to-zero,tourney,FALSE,20,elitize_generation_data,71,6,0.008,NA
73,64,negative-to-zero,tourney,FALSE,20,elitize_generation_data,72,4,0.008,NA
74,64,negative-to-zero,tourney,FALSE,20,elitize_generation_data,73,4,0.007,NA
75,64,negative-to-zero,tourney,FALSE,20,elitize_generation_data,74,5,0.01,NA
76,64,negative-to-zero,tourney,FALSE,20,elitize_generation_data,75,6,0.01,NA
77,64,negative-to-zero,tourney,FALSE,20,elitize_generation_data,76,3,0.006,NA
78,64,negative-to-zero,tourney,FALSE,20,elitize_generation_data,77,5,0.008,NA
79,64,negative-to-zero,tourney,FALSE,20,elitize_generation_data,78,4,0.005,NA
80,64,negative-to-zero,tourney,FALSE,20,elitize_generation_data,79,4,0.01,NA
81,64,negative-to-zero,tourney,FALSE,20,elitize_generation_data,80,6,0.008,NA
82,64,negative-to-zero,tourney,FALSE,20,elitize_generation_data,81,4,0.006,NA
83,64,negative-to-zero,tourney,FALSE,20,elitize_generation_data,82,4,0.009,NA
84,64,negative-to-zero,tourney,FALSE,20,elitize_generation_data,83,4,0.008,NA
85,64,negative-to-zero,tourney,FALSE,20,elitize_generation_data,84,4,0.007,NA
86,64,negative-to-zero,tourney,FALSE,20,elitize_generation_data,85,4,0.006,NA
87,64,negative-to-zero,tourney,FALSE,20,elitize_generation_data,86,5,0.007,NA
88,64,negative-to-zero,tourney,FALSE,20,elitize_generation_data,87,4,0.007,NA
89,64,negative-to-zero,tourney,FALSE,20,elitize_generation_data,88,4,0.008,NA
90,64,negative-to-zero,tourney,FALSE,20,elitize_generation_data,89,4,0.007,NA
91,64,negative-to-zero,tourney,FALSE,20,elitize_generation_data,90,5,0.007,NA
92,64,negative-to-zero,tourney,FALSE,20,elitize_generation_data,91,5,0.007,NA
93,64,negative-to-zero,tourney,FALSE,20,elitize_generation_data,92,6,0.008,NA
94,64,negative-to-zero,tourney,FALSE,20,elitize_generation_data,93,5,0.008,NA
95,64,negative-to-zero,tourney,FALSE,20,elitize_generation_data,94,3,0.004,NA
96,64,negative-to-zero,tourney,FALSE,20,elitize_generation_data,95,4,0.007,NA
97,64,negative-to-zero,tourney,FALSE,20,elitize_generation_data,96,6,0.008,NA
98,64,negative-to-zero,tourney,FALSE,20,elitize_generation_data,97,2,0.004,NA
99,64,negative-to-zero,tourney,FALSE,20,elitize_generation_data,98,4,0.005,NA
100,64,negative-to-zero,tourney,FALSE,20,elitize_generation_data,99,3,0.004,NA
101,64,negative-to-zero,tourney,FALSE,20,elitize_generation_data,100,4,0.005,NA
102,64,negative-to-zero,tourney,FALSE,20,elitize_generation_data,101,5,0.009,NA
103,64,negative-to-zero,tourney,FALSE,20,elitize_generation_data,102,5,0.006,NA
104,64,negative-to-zero,tourney,FALSE,20,elitize_generation_data,103,3,0.005,NA
105,64,negative-to-zero,tourney,FALSE,20,elitize_generation_data,104,4,0.006,NA
106,64,negative-to-zero,tourney,FALSE,20,elitize_generation_data,105,4,0.005,NA
107,64,negative-to-zero,tourney,FALSE,20,elitize_generation_data,106,3,0.004,NA
108,64,negative-to-zero,tourney,FALSE,20,elitize_generation_data,107,4,0.004,NA
109,64,negative-to-zero,tourney,FALSE,20,elitize_generation_data,108,5,0.007,NA
110,64,negative-to-zero,tourney,FALSE,20,elitize_generation_data,109,3,0.003,NA
111,64,negative-to-zero,tourney,FALSE,20,elitize_generation_data,110,3,0.005,NA
112,64,negative-to-zero,tourney,FALSE,20,elitize_generation_data,111,3,0.004,NA
113,64,negative-to-zero,tourney,FALSE,20,elitize_generation_data,112,3,0.004,NA
114,64,negative-to-zero,tourney,FALSE,20,elitize_generation_data,113,5,0.008,NA
115,64,negative-to-zero,tourney,FALSE,20,elitize_generation_data,114,3,0.004,NA
116,64,negative-to-zero,tourney,FALSE,20,elitize_generation_data,115,6,0.007,NA
117,64,negative-to-zero,tourney,FALSE,20,elitize_generation_data,116,3,0.005,NA
118,64,negative-to-zero,tourney,FALSE,20,elitize_generation_data,117,4,0.006,NA
119,64,negative-to-zero,tourney,FALSE,20,elitize_generation_data,118,3,0.004,NA
120,64,negative-to-zero,tourney,FALSE,20,elitize_generation_data,119,3,0.004,NA
121,64,negative-to-zero,tourney,FALSE,20,elitize_generation_data,120,3,0.006,NA
122,64,negative-to-zero,tourney,FALSE,20,elitize_generation_data,121,4,0.005,NA
123,64,negative-to-zero,tourney,FALSE,20,elitize_generation_data,122,3,0.004,NA
124,64,negative-to-zero,tourney,FALSE,20,elitize_generation_data,123,4,0.004,NA
125,64,negative-to-zero,tourney,FALSE,20,elitize_generation_data,124,5,0.006,NA
126,64,negative-to-zero,tourney,FALSE,20,elitize_generation_data,125,3,0.003,NA
127,64,negative-to-zero,tourney,FALSE,20,elitize_generation_data,126,3,0.004,NA
128,64,negative-to-zero,tourney,FALSE,20,elitize_generation_data,127,4,0.004,NA
129,64,negative-to-zero,tourney,FALSE,20,elitize_generation_data,128,4,0.005,NA
130,64,negative-to-zero,tourney,FALSE,20,elitize_generation_data,129,3,0.004,NA
131,64,negative-to-zero,tourney,FALSE,20,elitize_generation_data,130,3,0.004,NA
132,64,negative-to-zero,tourney,FALSE,20,elitize_generation_data,131,3,0.003,NA
133,64,negative-to-zero,tourney,FALSE,20,elitize_generation_data,132,4,0.004,NA
134,64,negative-to-zero,tourney,FALSE,20,elitize_generation_data,133,4,0.007,NA
135,64,negative-to-zero,tourney,FALSE,20,elitize_generation_data,134,4,0.006,NA
136,64,negative-to-zero,tourney,FALSE,20,elitize_generation_data,135,4,0.005,NA
137,64,negative-to-zero,tourney,FALSE,20,elitize_generation_data,136,5,0.005,NA
138,64,negative-to-zero,tourney,FALSE,20,elitize_generation_data,137,5,0.005,NA
139,64,negative-to-zero,tourney,FALSE,20,elitize_generation_data,138,2,0.002,NA
140,64,negative-to-zero,tourney,FALSE,20,elitize_generation_data,139,3,0.003,NA
141,64,negative-to-zero,tourney,FALSE,20,elitize_generation_data,140,3,0.004,NA
142,64,negative-to-zero,tourney,FALSE,20,elitize_generation_data,141,4,0.004,NA
143,64,negative-to-zero,tourney,FALSE,20,elitize_generation_data,142,4,0.004,NA
144,64,negative-to-zero,tourney,FALSE,20,elitize_generation_data,143,4,0.005,NA
145,64,negative-to-zero,tourney,FALSE,20,elitize_generation_data,144,2,0.004,NA
146,64,negative-to-zero,tourney,FALSE,20,elitize_generation_data,145,3,0.004,NA
147,64,negative-to-zero,tourney,FALSE,20,elitize_generation_data,146,3,0.003,NA
148,64,negative-to-zero,tourney,FALSE,20,elitize_generation_data,147,2,0.003,NA
149,64,negative-to-zero,tourney,FALSE,20,elitize_generation_data,148,2,0.003,NA
150,64,negative-to-zero,tourney,FALSE,20,elitize_generation_data,149,3,0.004,NA
151,64,negative-to-zero,tourney,FALSE,20,elitize_generation_data,150,2,0.003,NA
152,64,negative-to-zero,tourney,FALSE,20,elitize_generation_data,151,3,0.004,NA
153,64,negative-to-zero,tourney,FALSE,20,elitize_generation_data,152,3,0.005,NA
154,64,negative-to-zero,tourney,FALSE,20,elitize_generation_data,153,3,0.003,NA
155,64,negative-to-zero,tourney,FALSE,20,elitize_generation_data,154,2,0.003,NA
156,64,negative-to-zero,tourney,FALSE,20,elitize_generation_data,155,5,0.006,NA
157,64,negative-to-zero,tourney,FALSE,20,elitize_generation_data,156,3,0.003,NA
158,64,negative-to-zero,tourney,FALSE,20,elitize_generation_data,157,5,0.006,NA
159,64,negative-to-zero,tourney,FALSE,20,elitize_generation_data,158,4,0.004,NA
160,64,negative-to-zero,tourney,FALSE,20,elitize_generation_data,159,3,0.004,NA
161,64,negative-to-zero,tourney,FALSE,20,elitize_generation_data,160,5,0.006,NA
162,64,negative-to-zero,tourney,FALSE,20,elitize_generation_data,161,3,0.003,NA
163,64,negative-to-zero,tourney,FALSE,20,elitize_generation_data,162,2,0.003,NA
164,64,negative-to-zero,tourney,FALSE,20,elitize_generation_data,163,2,0.002,NA
165,64,negative-to-zero,tourney,FALSE,20,elitize_generation_data,164,3,0.003,NA
166,64,negative-to-zero,tourney,FALSE,20,elitize_generation_data,165,3,0.004,NA
167,64,negative-to-zero,tourney,FALSE,20,elitize_generation_data,166,3,0.006,NA
168,64,negative-to-zero,tourney,FALSE,20,elitize_generation_data,167,3,0.004,NA
169,64,negative-to-zero,tourney,FALSE,20,elitize_generation_data,168,2,0.003,NA
170,64,negative-to-zero,tourney,FALSE,20,elitize_generation_data,169,2,0.002,NA
171,64,negative-to-zero,tourney,FALSE,20,elitize_generation_data,170,3,0.005,NA
172,64,negative-to-zero,tourney,FALSE,20,elitize_generation_data,171,3,0.004,NA
173,64,negative-to-zero,tourney,FALSE,20,elitize_generation_data,172,2,0.003,NA
174,64,negative-to-zero,tourney,FALSE,20,elitize_generation_data,173,3,0.003,NA
175,64,negative-to-zero,tourney,FALSE,20,elitize_generation_data,174,4,0.004,NA
176,64,negative-to-zero,tourney,FALSE,20,elitize_generation_data,175,2,0.002,NA
177,64,negative-to-zero,tourney,FALSE,20,elitize_generation_data,176,5,0.005,NA
178,64,negative-to-zero,tourney,FALSE,20,elitize_generation_data,177,3,0.003,NA
179,64,negative-to-zero,tourney,FALSE,20,elitize_generation_data,178,3,0.004,NA
180,64,negative-to-zero,tourney,FALSE,20,elitize_generation_data,179,2,0.003,NA
181,64,negative-to-zero,tourney,FALSE,20,elitize_generation_data,180,4,0.004,NA
182,64,negative-to-zero,tourney,FALSE,20,elitize_generation_data,181,3,0.004,NA
183,64,negative-to-zero,tourney,FALSE,20,elitize_generation_data,182,2,0.002,NA
184,64,negative-to-zero,tourney,FALSE,20,elitize_generation_data,183,3,0.004,NA
185,64,negative-to-zero,tourney,FALSE,20,elitize_generation_data,184,2,0.003,NA
186,64,negative-to-zero,tourney,FALSE,20,elitize_generation_data,185,2,0.003,NA
187,64,negative-to-zero,tourney,FALSE,20,elitize_generation_data,186,2,0.003,NA
188,64,negative-to-zero,tourney,FALSE,20,elitize_generation_data,187,2,0.004,NA
189,64,negative-to-zero,tourney,FALSE,20,elitize_generation_data,188,2,0.004,NA
190,64,negative-to-zero,tourney,FALSE,20,elitize_generation_data,189,4,0.005,NA
191,64,negative-to-zero,tourney,FALSE,20,elitize_generation_data,190,3,0.005,NA
192,64,negative-to-zero,tourney,FALSE,20,elitize_generation_data,191,2,0.002,NA
193,64,negative-to-zero,tourney,FALSE,20,elitize_generation_data,192,3,0.004,NA
194,64,negative-to-zero,tourney,FALSE,20,elitize_generation_data,193,2,0.003,NA
195,64,negative-to-zero,tourney,FALSE,20,elitize_generation_data,194,2,0.003,NA
196,64,negative-to-zero,tourney,FALSE,20,elitize_generation_data,195,3,0.003,NA
197,64,negative-to-zero,tourney,FALSE,20,elitize_generation_data,196,2,0.003,NA
198,64,negative-to-zero,tourney,FALSE,20,elitize_generation_data,197,3,0.004,NA
199,64,negative-to-zero,tourney,FALSE,20,elitize_generation_data,198,4,0.006,NA
200,64,negative-to-zero,tourney,FALSE,20,elitize_generation_data,199,3,0.003,NA
201,64,negative-to-zero,tourney,FALSE,20,elitize_generation_data,200,2,0.003,NA
202,64,negative-to-zero,tourney,FALSE,20,elitize_generation_data,201,2,0.003,NA
203,64,negative-to-zero,tourney,FALSE,20,elitize_generation_data,202,2,0.003,NA
204,64,negative-to-zero,tourney,FALSE,20,elitize_generation_data,203,2,0.002,NA
205,64,negative-to-zero,tourney,FALSE,20,elitize_generation_data,204,4,0.005,NA
206,64,negative-to-zero,tourney,FALSE,20,elitize_generation_data,205,3,0.003,NA
207,64,negative-to-zero,tourney,FALSE,20,elitize_generation_data,206,2,0.002,NA
208,64,negative-to-zero,tourney,FALSE,20,elitize_generation_data,207,3,0.003,NA
209,64,negative-to-zero,tourney,FALSE,20,elitize_generation_data,208,4,0.004,NA
210,64,negative-to-zero,tourney,FALSE,20,elitize_generation_data,209,3,0.004,NA
211,64,negative-to-zero,tourney,FALSE,20,elitize_generation_data,210,3,0.003,NA
212,64,negative-to-zero,tourney,FALSE,20,elitize_generation_data,211,4,0.005,NA
213,64,negative-to-zero,tourney,FALSE,20,elitize_generation_data,212,3,0.003,NA
214,64,negative-to-zero,tourney,FALSE,20,elitize_generation_data,213,2,0.002,NA
215,64,negative-to-zero,tourney,FALSE,20,elitize_generation_data,214,3,0.004,NA
216,64,negative-to-zero,tourney,FALSE,20,elitize_generation_data,215,2,0.002,NA
217,64,negative-to-zero,tourney,FALSE,20,elitize_generation_data,216,2,0.003,NA
218,64,negative-to-zero,tourney,FALSE,20,elitize_generation_data,217,2,0.002,NA
219,64,negative-to-zero,tourney,FALSE,20,elitize_generation_data,218,2,0.004,NA
220,64,negative-to-zero,tourney,FALSE,20,elitize_generation_data,219,3,0.004,NA
221,64,negative-to-zero,tourney,FALSE,20,elitize_generation_data,220,3,0.004,NA
222,64,negative-to-zero,tourney,FALSE,20,elitize_generation_data,221,3,0.003,NA
223,64,negative-to-zero,tourney,FALSE,20,elitize_generation_data,222,4,0.004,NA
224,64,negative-to-zero,tourney,FALSE,20,elitize_generation_data,223,3,0.005,NA
225,64,negative-to-zero,tourney,FALSE,20,elitize_generation_data,224,3,0.003,NA
226,64,negative-to-zero,tourney,FALSE,20,elitize_generation_data,225,3,0.003,NA
227,64,negative-to-zero,tourney,FALSE,20,elitize_generation_data,226,5,0.005,NA
228,64,negative-to-zero,tourney,FALSE,20,elitize_generation_data,227,4,0.005,NA
229,64,negative-to-zero,tourney,FALSE,20,elitize_generation_data,228,4,0.004,NA
230,64,negative-to-zero,tourney,FALSE,20,elitize_generation_data,229,3,0.004,NA
231,64,negative-to-zero,tourney,FALSE,20,elitize_generation_data,230,3,0.004,NA
232,64,negative-to-zero,tourney,FALSE,20,elitize_generation_data,231,4,0.004,NA
233,64,negative-to-zero,tourney,FALSE,20,elitize_generation_data,232,3,0.004,NA
234,64,negative-to-zero,tourney,FALSE,20,elitize_generation_data,233,3,0.003,NA
235,64,negative-to-zero,tourney,FALSE,20,elitize_generation_data,234,2,0.004,NA
236,64,negative-to-zero,tourney,FALSE,20,elitize_generation_data,235,4,0.005,NA
237,64,negative-to-zero,tourney,FALSE,20,elitize_generation_data,236,2,0.002,NA
238,64,negative-to-zero,tourney,FALSE,20,elitize_generation_data,237,3,0.004,NA
239,64,negative-to-zero,tourney,FALSE,20,elitize_generation_data,238,3,0.003,NA
240,64,negative-to-zero,tourney,FALSE,20,elitize_generation_data,239,3,0.003,NA
241,64,negative-to-zero,tourney,FALSE,20,elitize_generation_data,240,3,0.003,NA
242,64,negative-to-zero,tourney,FALSE,20,elitize_generation_data,241,2,0.002,NA
243,64,negative-to-zero,tourney,FALSE,20,elitize_generation_data,242,3,0.005,NA
244,64,negative-to-zero,tourney,FALSE,20,elitize_generation_data,243,4,0.004,NA
245,64,negative-to-zero,tourney,FALSE,20,elitize_generation_data,244,2,0.002,NA
246,64,negative-to-zero,tourney,FALSE,20,elitize_generation_data,245,4,0.004,NA
247,64,negative-to-zero,tourney,FALSE,20,elitize_generation_data,246,3,0.003,NA
248,64,negative-to-zero,tourney,FALSE,20,elitize_generation_data,247,2,0.003,NA
249,64,negative-to-zero,tourney,FALSE,20,elitize_generation_data,248,2,0.002,NA
250,64,negative-to-zero,tourney,FALSE,20,elitize_generation_data,249,2,0.002,NA
251,64,negative-to-zero,tourney,FALSE,20,elitize_generation_data,250,2,0.002,NA
252,64,negative-to-zero,tourney,FALSE,20,elitize_generation_data,251,2,0.002,NA
253,64,negative-to-zero,tourney,FALSE,20,elitize_generation_data,252,2,0.002,NA
254,64,negative-to-zero,tourney,FALSE,20,elitize_generation_data,253,2,0.003,NA
255,64,negative-to-zero,tourney,FALSE,20,elitize_generation_data,254,2,0.002,NA
256,64,negative-to-zero,tourney,FALSE,20,elitize_generation_data,255,3,0.003,NA
257,64,negative-to-zero,tourney,FALSE,20,elitize_generation_data,256,2,0.002,NA
258,64,negative-to-zero,tourney,FALSE,20,elitize_generation_data,257,2,0.002,NA
259,64,negative-to-zero,tourney,FALSE,20,elitize_generation_data,258,3,0.003,NA
260,64,negative-to-zero,tourney,FALSE,20,elitize_generation_data,259,2,0.004,NA
261,64,negative-to-zero,tourney,FALSE,20,elitize_generation_data,260,2,0.002,NA
262,64,negative-to-zero,tourney,FALSE,20,elitize_generation_data,261,2,0.002,NA
263,64,negative-to-zero,tourney,FALSE,20,elitize_generation_data,262,2,0.003,NA
264,64,negative-to-zero,tourney,FALSE,20,elitize_generation_data,263,3,0.003,NA
265,64,negative-to-zero,tourney,FALSE,20,elitize_generation_data,264,2,0.002,NA
266,64,negative-to-zero,tourney,FALSE,20,elitize_generation_data,265,2,0.002,NA
267,64,negative-to-zero,tourney,FALSE,20,elitize_generation_data,266,2,0.002,NA
268,64,negative-to-zero,tourney,FALSE,20,elitize_generation_data,267,2,0.002,NA
269,64,negative-to-zero,tourney,FALSE,20,elitize_generation_data,268,3,0.004,NA
270,64,negative-to-zero,tourney,FALSE,20,elitize_generation_data,269,3,0.003,NA
271,64,negative-to-zero,tourney,FALSE,20,elitize_generation_data,270,2,0.002,NA
272,64,negative-to-zero,tourney,FALSE,20,elitize_generation_data,271,2,0.002,NA
273,64,negative-to-zero,tourney,FALSE,20,elitize_generation_data,272,3,0.003,NA
274,64,negative-to-zero,tourney,FALSE,20,elitize_generation_data,273,3,0.003,NA
275,64,negative-to-zero,tourney,FALSE,20,elitize_generation_data,274,2,0.002,NA
276,64,negative-to-zero,tourney,FALSE,20,elitize_generation_data,275,2,0.002,NA
277,64,negative-to-zero,tourney,FALSE,20,elitize_generation_data,276,2,0.002,NA
278,64,negative-to-zero,tourney,FALSE,20,elitize_generation_data,277,4,0.004,NA
279,64,negative-to-zero,tourney,FALSE,20,elitize_generation_data,278,3,0.003,NA
280,64,negative-to-zero,tourney,FALSE,20,elitize_generation_data,279,2,0.004,NA
281,64,negative-to-zero,tourney,FALSE,20,elitize_generation_data,280,2,0.003,NA
282,64,negative-to-zero,tourney,FALSE,20,elitize_generation_data,281,2,0.002,NA
283,64,negative-to-zero,tourney,FALSE,20,elitize_generation_data,282,2,0.004,NA
284,64,negative-to-zero,tourney,FALSE,20,elitize_generation_data,283,3,0.003,NA
285,64,negative-to-zero,tourney,FALSE,20,elitize_generation_data,284,4,0.004,NA
286,64,negative-to-zero,tourney,FALSE,20,elitize_generation_data,285,2,0.002,NA
287,64,negative-to-zero,tourney,FALSE,20,elitize_generation_data,286,2,0.002,NA
288,64,negative-to-zero,tourney,FALSE,20,elitize_generation_data,287,2,0.002,NA
289,64,negative-to-zero,tourney,FALSE,20,elitize_generation_data,288,2,0.002,NA
290,64,negative-to-zero,tourney,FALSE,20,elitize_generation_data,289,2,0.002,NA
291,64,negative-to-zero,tourney,FALSE,20,elitize_generation_data,290,3,0.003,NA
292,64,negative-to-zero,tourney,FALSE,20,elitize_generation_data,291,3,0.003,NA
293,64,negative-to-zero,tourney,FALSE,20,elitize_generation_data,292,2,0.002,NA
294,64,negative-to-zero,tourney,FALSE,20,elitize_generation_data,293,2,0.002,NA
295,64,negative-to-zero,tourney,FALSE,20,elitize_generation_data,294,4,0.004,NA
296,64,negative-to-zero,tourney,FALSE,20,elitize_generation_data,295,2,0.002,NA
297,64,negative-to-zero,tourney,FALSE,20,elitize_generation_data,296,3,0.004,NA
298,64,negative-to-zero,tourney,FALSE,20,elitize_generation_data,297,2,0.003,NA
299,64,negative-to-zero,tourney,FALSE,20,elitize_generation_data,298,3,0.003,NA
300,64,negative-to-zero,tourney,FALSE,20,elitize_generation_data,299,4,0.005,NA
301,64,negative-to-zero,tourney,FALSE,20,elitize_generation_data,300,2,0.002,NA
