,run.num,problem,treatment,succeeded,height,normalization.function,generation,cluster.count,error.diversity,success.generation
1,81,negative-to-zero,tourney,FALSE,20,elitize_generation_data,0,15,0.049,NA
2,81,negative-to-zero,tourney,FALSE,20,elitize_generation_data,1,20,0.083,NA
3,81,negative-to-zero,tourney,FALSE,20,elitize_generation_data,2,12,0.035,NA
4,81,negative-to-zero,tourney,FALSE,20,elitize_generation_data,3,10,0.02,NA
5,81,negative-to-zero,tourney,FALSE,20,elitize_generation_data,4,8,0.022,NA
6,81,negative-to-zero,tourney,FALSE,20,elitize_generation_data,5,10,0.022,NA
7,81,negative-to-zero,tourney,FALSE,20,elitize_generation_data,6,6,0.018,NA
8,81,negative-to-zero,tourney,FALSE,20,elitize_generation_data,7,8,0.016,NA
9,81,negative-to-zero,tourney,FALSE,20,elitize_generation_data,8,9,0.012,NA
10,81,negative-to-zero,tourney,FALSE,20,elitize_generation_data,9,9,0.014,NA
11,81,negative-to-zero,tourney,FALSE,20,elitize_generation_data,10,9,0.014,NA
12,81,negative-to-zero,tourney,FALSE,20,elitize_generation_data,11,6,0.014,NA
13,81,negative-to-zero,tourney,FALSE,20,elitize_generation_data,12,10,0.018,NA
14,81,negative-to-zero,tourney,FALSE,20,elitize_generation_data,13,10,0.02,NA
15,81,negative-to-zero,tourney,FALSE,20,elitize_generation_data,14,9,0.018,NA
16,81,negative-to-zero,tourney,FALSE,20,elitize_generation_data,15,7,0.012,NA
17,81,negative-to-zero,tourney,FALSE,20,elitize_generation_data,16,6,0.011,NA
18,81,negative-to-zero,tourney,FALSE,20,elitize_generation_data,17,5,0.013,NA
19,81,negative-to-zero,tourney,FALSE,20,elitize_generation_data,18,5,0.012,NA
20,81,negative-to-zero,tourney,FALSE,20,elitize_generation_data,19,9,0.016,NA
21,81,negative-to-zero,tourney,FALSE,20,elitize_generation_data,20,7,0.013,NA
22,81,negative-to-zero,tourney,FALSE,20,elitize_generation_data,21,7,0.011,NA
23,81,negative-to-zero,tourney,FALSE,20,elitize_generation_data,22,7,0.01,NA
24,81,negative-to-zero,tourney,FALSE,20,elitize_generation_data,23,4,0.007,NA
25,81,negative-to-zero,tourney,FALSE,20,elitize_generation_data,24,5,0.009,NA
26,81,negative-to-zero,tourney,FALSE,20,elitize_generation_data,25,5,0.007,NA
27,81,negative-to-zero,tourney,FALSE,20,elitize_generation_data,26,5,0.01,NA
28,81,negative-to-zero,tourney,FALSE,20,elitize_generation_data,27,9,0.014,NA
29,81,negative-to-zero,tourney,FALSE,20,elitize_generation_data,28,4,0.007,NA
30,81,negative-to-zero,tourney,FALSE,20,elitize_generation_data,29,4,0.007,NA
31,81,negative-to-zero,tourney,FALSE,20,elitize_generation_data,30,5,0.007,NA
32,81,negative-to-zero,tourney,FALSE,20,elitize_generation_data,31,5,0.008,NA
33,81,negative-to-zero,tourney,FALSE,20,elitize_generation_data,32,9,0.012,NA
34,81,negative-to-zero,tourney,FALSE,20,elitize_generation_data,33,4,0.006,NA
35,81,negative-to-zero,tourney,FALSE,20,elitize_generation_data,34,4,0.007,NA
36,81,negative-to-zero,tourney,FALSE,20,elitize_generation_data,35,4,0.009,NA
37,81,negative-to-zero,tourney,FALSE,20,elitize_generation_data,36,7,0.009,NA
38,81,negative-to-zero,tourney,FALSE,20,elitize_generation_data,37,5,0.01,NA
39,81,negative-to-zero,tourney,FALSE,20,elitize_generation_data,38,6,0.01,NA
40,81,negative-to-zero,tourney,FALSE,20,elitize_generation_data,39,8,0.009,NA
41,81,negative-to-zero,tourney,FALSE,20,elitize_generation_data,40,7,0.01,NA
42,81,negative-to-zero,tourney,FALSE,20,elitize_generation_data,41,5,0.007,NA
43,81,negative-to-zero,tourney,FALSE,20,elitize_generation_data,42,3,0.004,NA
44,81,negative-to-zero,tourney,FALSE,20,elitize_generation_data,43,7,0.011,NA
45,81,negative-to-zero,tourney,FALSE,20,elitize_generation_data,44,5,0.009,NA
46,81,negative-to-zero,tourney,FALSE,20,elitize_generation_data,45,5,0.007,NA
47,81,negative-to-zero,tourney,FALSE,20,elitize_generation_data,46,5,0.007,NA
48,81,negative-to-zero,tourney,FALSE,20,elitize_generation_data,47,6,0.009,NA
49,81,negative-to-zero,tourney,FALSE,20,elitize_generation_data,48,4,0.007,NA
50,81,negative-to-zero,tourney,FALSE,20,elitize_generation_data,49,3,0.006,NA
51,81,negative-to-zero,tourney,FALSE,20,elitize_generation_data,50,4,0.007,NA
52,81,negative-to-zero,tourney,FALSE,20,elitize_generation_data,51,4,0.009,NA
53,81,negative-to-zero,tourney,FALSE,20,elitize_generation_data,52,5,0.012,NA
54,81,negative-to-zero,tourney,FALSE,20,elitize_generation_data,53,4,0.007,NA
55,81,negative-to-zero,tourney,FALSE,20,elitize_generation_data,54,4,0.007,NA
56,81,negative-to-zero,tourney,FALSE,20,elitize_generation_data,55,7,0.009,NA
57,81,negative-to-zero,tourney,FALSE,20,elitize_generation_data,56,4,0.007,NA
58,81,negative-to-zero,tourney,FALSE,20,elitize_generation_data,57,4,0.008,NA
59,81,negative-to-zero,tourney,FALSE,20,elitize_generation_data,58,4,0.006,NA
60,81,negative-to-zero,tourney,FALSE,20,elitize_generation_data,59,4,0.007,NA
61,81,negative-to-zero,tourney,FALSE,20,elitize_generation_data,60,6,0.01,NA
62,81,negative-to-zero,tourney,FALSE,20,elitize_generation_data,61,3,0.005,NA
63,81,negative-to-zero,tourney,FALSE,20,elitize_generation_data,62,3,0.005,NA
64,81,negative-to-zero,tourney,FALSE,20,elitize_generation_data,63,3,0.005,NA
65,81,negative-to-zero,tourney,FALSE,20,elitize_generation_data,64,3,0.004,NA
66,81,negative-to-zero,tourney,FALSE,20,elitize_generation_data,65,5,0.009,NA
67,81,negative-to-zero,tourney,FALSE,20,elitize_generation_data,66,3,0.006,NA
68,81,negative-to-zero,tourney,FALSE,20,elitize_generation_data,67,2,0.004,NA
69,81,negative-to-zero,tourney,FALSE,20,elitize_generation_data,68,4,0.006,NA
70,81,negative-to-zero,tourney,FALSE,20,elitize_generation_data,69,4,0.005,NA
71,81,negative-to-zero,tourney,FALSE,20,elitize_generation_data,70,6,0.008,NA
72,81,negative-to-zero,tourney,FALSE,20,elitize_generation_data,71,4,0.008,NA
73,81,negative-to-zero,tourney,FALSE,20,elitize_generation_data,72,4,0.007,NA
74,81,negative-to-zero,tourney,FALSE,20,elitize_generation_data,73,4,0.007,NA
75,81,negative-to-zero,tourney,FALSE,20,elitize_generation_data,74,3,0.007,NA
76,81,negative-to-zero,tourney,FALSE,20,elitize_generation_data,75,4,0.005,NA
77,81,negative-to-zero,tourney,FALSE,20,elitize_generation_data,76,4,0.005,NA
78,81,negative-to-zero,tourney,FALSE,20,elitize_generation_data,77,3,0.005,NA
79,81,negative-to-zero,tourney,FALSE,20,elitize_generation_data,78,3,0.003,NA
80,81,negative-to-zero,tourney,FALSE,20,elitize_generation_data,79,6,0.009,NA
81,81,negative-to-zero,tourney,FALSE,20,elitize_generation_data,80,4,0.004,NA
82,81,negative-to-zero,tourney,FALSE,20,elitize_generation_data,81,6,0.007,NA
83,81,negative-to-zero,tourney,FALSE,20,elitize_generation_data,82,4,0.005,NA
84,81,negative-to-zero,tourney,FALSE,20,elitize_generation_data,83,4,0.007,NA
85,81,negative-to-zero,tourney,FALSE,20,elitize_generation_data,84,4,0.005,NA
86,81,negative-to-zero,tourney,FALSE,20,elitize_generation_data,85,4,0.006,NA
87,81,negative-to-zero,tourney,FALSE,20,elitize_generation_data,86,4,0.005,NA
88,81,negative-to-zero,tourney,FALSE,20,elitize_generation_data,87,4,0.005,NA
89,81,negative-to-zero,tourney,FALSE,20,elitize_generation_data,88,3,0.004,NA
90,81,negative-to-zero,tourney,FALSE,20,elitize_generation_data,89,3,0.004,NA
91,81,negative-to-zero,tourney,FALSE,20,elitize_generation_data,90,2,0.003,NA
92,81,negative-to-zero,tourney,FALSE,20,elitize_generation_data,91,4,0.005,NA
93,81,negative-to-zero,tourney,FALSE,20,elitize_generation_data,92,3,0.004,NA
94,81,negative-to-zero,tourney,FALSE,20,elitize_generation_data,93,4,0.007,NA
95,81,negative-to-zero,tourney,FALSE,20,elitize_generation_data,94,4,0.005,NA
96,81,negative-to-zero,tourney,FALSE,20,elitize_generation_data,95,4,0.005,NA
97,81,negative-to-zero,tourney,FALSE,20,elitize_generation_data,96,4,0.005,NA
98,81,negative-to-zero,tourney,FALSE,20,elitize_generation_data,97,3,0.004,NA
99,81,negative-to-zero,tourney,FALSE,20,elitize_generation_data,98,5,0.007,NA
100,81,negative-to-zero,tourney,FALSE,20,elitize_generation_data,99,5,0.005,NA
101,81,negative-to-zero,tourney,FALSE,20,elitize_generation_data,100,5,0.006,NA
102,81,negative-to-zero,tourney,FALSE,20,elitize_generation_data,101,3,0.003,NA
103,81,negative-to-zero,tourney,FALSE,20,elitize_generation_data,102,2,0.002,NA
104,81,negative-to-zero,tourney,FALSE,20,elitize_generation_data,103,3,0.004,NA
105,81,negative-to-zero,tourney,FALSE,20,elitize_generation_data,104,2,0.004,NA
106,81,negative-to-zero,tourney,FALSE,20,elitize_generation_data,105,2,0.003,NA
107,81,negative-to-zero,tourney,FALSE,20,elitize_generation_data,106,4,0.004,NA
108,81,negative-to-zero,tourney,FALSE,20,elitize_generation_data,107,3,0.003,NA
109,81,negative-to-zero,tourney,FALSE,20,elitize_generation_data,108,4,0.005,NA
110,81,negative-to-zero,tourney,FALSE,20,elitize_generation_data,109,4,0.004,NA
111,81,negative-to-zero,tourney,FALSE,20,elitize_generation_data,110,3,0.003,NA
112,81,negative-to-zero,tourney,FALSE,20,elitize_generation_data,111,4,0.004,NA
113,81,negative-to-zero,tourney,FALSE,20,elitize_generation_data,112,2,0.002,NA
114,81,negative-to-zero,tourney,FALSE,20,elitize_generation_data,113,5,0.007,NA
115,81,negative-to-zero,tourney,FALSE,20,elitize_generation_data,114,3,0.005,NA
116,81,negative-to-zero,tourney,FALSE,20,elitize_generation_data,115,3,0.003,NA
117,81,negative-to-zero,tourney,FALSE,20,elitize_generation_data,116,3,0.006,NA
118,81,negative-to-zero,tourney,FALSE,20,elitize_generation_data,117,3,0.004,NA
119,81,negative-to-zero,tourney,FALSE,20,elitize_generation_data,118,3,0.003,NA
120,81,negative-to-zero,tourney,FALSE,20,elitize_generation_data,119,3,0.003,NA
121,81,negative-to-zero,tourney,FALSE,20,elitize_generation_data,120,4,0.004,NA
122,81,negative-to-zero,tourney,FALSE,20,elitize_generation_data,121,2,0.003,NA
123,81,negative-to-zero,tourney,FALSE,20,elitize_generation_data,122,4,0.005,NA
124,81,negative-to-zero,tourney,FALSE,20,elitize_generation_data,123,3,0.003,NA
125,81,negative-to-zero,tourney,FALSE,20,elitize_generation_data,124,2,0.002,NA
126,81,negative-to-zero,tourney,FALSE,20,elitize_generation_data,125,2,0.003,NA
127,81,negative-to-zero,tourney,FALSE,20,elitize_generation_data,126,4,0.005,NA
128,81,negative-to-zero,tourney,FALSE,20,elitize_generation_data,127,2,0.003,NA
129,81,negative-to-zero,tourney,FALSE,20,elitize_generation_data,128,2,0.003,NA
130,81,negative-to-zero,tourney,FALSE,20,elitize_generation_data,129,2,0.002,NA
131,81,negative-to-zero,tourney,FALSE,20,elitize_generation_data,130,3,0.004,NA
132,81,negative-to-zero,tourney,FALSE,20,elitize_generation_data,131,2,0.002,NA
133,81,negative-to-zero,tourney,FALSE,20,elitize_generation_data,132,2,0.002,NA
134,81,negative-to-zero,tourney,FALSE,20,elitize_generation_data,133,4,0.005,NA
135,81,negative-to-zero,tourney,FALSE,20,elitize_generation_data,134,4,0.004,NA
136,81,negative-to-zero,tourney,FALSE,20,elitize_generation_data,135,3,0.003,NA
137,81,negative-to-zero,tourney,FALSE,20,elitize_generation_data,136,3,0.004,NA
138,81,negative-to-zero,tourney,FALSE,20,elitize_generation_data,137,2,0.002,NA
139,81,negative-to-zero,tourney,FALSE,20,elitize_generation_data,138,4,0.005,NA
140,81,negative-to-zero,tourney,FALSE,20,elitize_generation_data,139,4,0.004,NA
141,81,negative-to-zero,tourney,FALSE,20,elitize_generation_data,140,3,0.004,NA
142,81,negative-to-zero,tourney,FALSE,20,elitize_generation_data,141,2,0.003,NA
143,81,negative-to-zero,tourney,FALSE,20,elitize_generation_data,142,2,0.002,NA
144,81,negative-to-zero,tourney,FALSE,20,elitize_generation_data,143,3,0.003,NA
145,81,negative-to-zero,tourney,FALSE,20,elitize_generation_data,144,2,0.003,NA
146,81,negative-to-zero,tourney,FALSE,20,elitize_generation_data,145,3,0.004,NA
147,81,negative-to-zero,tourney,FALSE,20,elitize_generation_data,146,3,0.003,NA
148,81,negative-to-zero,tourney,FALSE,20,elitize_generation_data,147,4,0.004,NA
149,81,negative-to-zero,tourney,FALSE,20,elitize_generation_data,148,3,0.003,NA
150,81,negative-to-zero,tourney,FALSE,20,elitize_generation_data,149,2,0.002,NA
151,81,negative-to-zero,tourney,FALSE,20,elitize_generation_data,150,3,0.003,NA
152,81,negative-to-zero,tourney,FALSE,20,elitize_generation_data,151,3,0.004,NA
153,81,negative-to-zero,tourney,FALSE,20,elitize_generation_data,152,2,0.002,NA
154,81,negative-to-zero,tourney,FALSE,20,elitize_generation_data,153,4,0.004,NA
155,81,negative-to-zero,tourney,FALSE,20,elitize_generation_data,154,4,0.005,NA
156,81,negative-to-zero,tourney,FALSE,20,elitize_generation_data,155,2,0.002,NA
157,81,negative-to-zero,tourney,FALSE,20,elitize_generation_data,156,4,0.005,NA
158,81,negative-to-zero,tourney,FALSE,20,elitize_generation_data,157,2,0.002,NA
159,81,negative-to-zero,tourney,FALSE,20,elitize_generation_data,158,2,0.003,NA
160,81,negative-to-zero,tourney,FALSE,20,elitize_generation_data,159,2,0.002,NA
161,81,negative-to-zero,tourney,FALSE,20,elitize_generation_data,160,2,0.002,NA
162,81,negative-to-zero,tourney,FALSE,20,elitize_generation_data,161,2,0.002,NA
163,81,negative-to-zero,tourney,FALSE,20,elitize_generation_data,162,2,0.002,NA
164,81,negative-to-zero,tourney,FALSE,20,elitize_generation_data,163,4,0.004,NA
165,81,negative-to-zero,tourney,FALSE,20,elitize_generation_data,164,2,0.002,NA
166,81,negative-to-zero,tourney,FALSE,20,elitize_generation_data,165,2,0.002,NA
167,81,negative-to-zero,tourney,FALSE,20,elitize_generation_data,166,2,0.002,NA
168,81,negative-to-zero,tourney,FALSE,20,elitize_generation_data,167,3,0.003,NA
169,81,negative-to-zero,tourney,FALSE,20,elitize_generation_data,168,3,0.003,NA
170,81,negative-to-zero,tourney,FALSE,20,elitize_generation_data,169,4,0.004,NA
171,81,negative-to-zero,tourney,FALSE,20,elitize_generation_data,170,3,0.004,NA
172,81,negative-to-zero,tourney,FALSE,20,elitize_generation_data,171,2,0.002,NA
173,81,negative-to-zero,tourney,FALSE,20,elitize_generation_data,172,2,0.002,NA
174,81,negative-to-zero,tourney,FALSE,20,elitize_generation_data,173,4,0.005,NA
175,81,negative-to-zero,tourney,FALSE,20,elitize_generation_data,174,3,0.003,NA
176,81,negative-to-zero,tourney,FALSE,20,elitize_generation_data,175,2,0.002,NA
177,81,negative-to-zero,tourney,FALSE,20,elitize_generation_data,176,2,0.002,NA
178,81,negative-to-zero,tourney,FALSE,20,elitize_generation_data,177,2,0.002,NA
179,81,negative-to-zero,tourney,FALSE,20,elitize_generation_data,178,2,0.002,NA
180,81,negative-to-zero,tourney,FALSE,20,elitize_generation_data,179,2,0.003,NA
181,81,negative-to-zero,tourney,FALSE,20,elitize_generation_data,180,2,0.002,NA
182,81,negative-to-zero,tourney,FALSE,20,elitize_generation_data,181,2,0.003,NA
183,81,negative-to-zero,tourney,FALSE,20,elitize_generation_data,182,3,0.003,NA
184,81,negative-to-zero,tourney,FALSE,20,elitize_generation_data,183,3,0.005,NA
185,81,negative-to-zero,tourney,FALSE,20,elitize_generation_data,184,2,0.002,NA
186,81,negative-to-zero,tourney,FALSE,20,elitize_generation_data,185,2,0.002,NA
187,81,negative-to-zero,tourney,FALSE,20,elitize_generation_data,186,2,0.002,NA
188,81,negative-to-zero,tourney,FALSE,20,elitize_generation_data,187,3,0.003,NA
189,81,negative-to-zero,tourney,FALSE,20,elitize_generation_data,188,2,0.003,NA
190,81,negative-to-zero,tourney,FALSE,20,elitize_generation_data,189,3,0.003,NA
191,81,negative-to-zero,tourney,FALSE,20,elitize_generation_data,190,2,0.002,NA
192,81,negative-to-zero,tourney,FALSE,20,elitize_generation_data,191,2,0.002,NA
193,81,negative-to-zero,tourney,FALSE,20,elitize_generation_data,192,3,0.004,NA
194,81,negative-to-zero,tourney,FALSE,20,elitize_generation_data,193,2,0.002,NA
195,81,negative-to-zero,tourney,FALSE,20,elitize_generation_data,194,2,0.002,NA
196,81,negative-to-zero,tourney,FALSE,20,elitize_generation_data,195,3,0.003,NA
197,81,negative-to-zero,tourney,FALSE,20,elitize_generation_data,196,3,0.004,NA
198,81,negative-to-zero,tourney,FALSE,20,elitize_generation_data,197,2,0.002,NA
199,81,negative-to-zero,tourney,FALSE,20,elitize_generation_data,198,2,0.002,NA
200,81,negative-to-zero,tourney,FALSE,20,elitize_generation_data,199,3,0.003,NA
201,81,negative-to-zero,tourney,FALSE,20,elitize_generation_data,200,2,0.002,NA
202,81,negative-to-zero,tourney,FALSE,20,elitize_generation_data,201,3,0.003,NA
203,81,negative-to-zero,tourney,FALSE,20,elitize_generation_data,202,2,0.002,NA
204,81,negative-to-zero,tourney,FALSE,20,elitize_generation_data,203,2,0.002,NA
205,81,negative-to-zero,tourney,FALSE,20,elitize_generation_data,204,2,0.002,NA
206,81,negative-to-zero,tourney,FALSE,20,elitize_generation_data,205,2,0.002,NA
207,81,negative-to-zero,tourney,FALSE,20,elitize_generation_data,206,4,0.004,NA
208,81,negative-to-zero,tourney,FALSE,20,elitize_generation_data,207,2,0.002,NA
209,81,negative-to-zero,tourney,FALSE,20,elitize_generation_data,208,2,0.002,NA
210,81,negative-to-zero,tourney,FALSE,20,elitize_generation_data,209,2,0.002,NA
211,81,negative-to-zero,tourney,FALSE,20,elitize_generation_data,210,3,0.003,NA
212,81,negative-to-zero,tourney,FALSE,20,elitize_generation_data,211,2,0.003,NA
213,81,negative-to-zero,tourney,FALSE,20,elitize_generation_data,212,4,0.004,NA
214,81,negative-to-zero,tourney,FALSE,20,elitize_generation_data,213,2,0.002,NA
215,81,negative-to-zero,tourney,FALSE,20,elitize_generation_data,214,3,0.003,NA
216,81,negative-to-zero,tourney,FALSE,20,elitize_generation_data,215,4,0.004,NA
217,81,negative-to-zero,tourney,FALSE,20,elitize_generation_data,216,2,0.002,NA
218,81,negative-to-zero,tourney,FALSE,20,elitize_generation_data,217,4,0.004,NA
219,81,negative-to-zero,tourney,FALSE,20,elitize_generation_data,218,2,0.002,NA
220,81,negative-to-zero,tourney,FALSE,20,elitize_generation_data,219,2,0.002,NA
221,81,negative-to-zero,tourney,FALSE,20,elitize_generation_data,220,2,0.003,NA
222,81,negative-to-zero,tourney,FALSE,20,elitize_generation_data,221,3,0.004,NA
223,81,negative-to-zero,tourney,FALSE,20,elitize_generation_data,222,3,0.003,NA
224,81,negative-to-zero,tourney,FALSE,20,elitize_generation_data,223,3,0.004,NA
225,81,negative-to-zero,tourney,FALSE,20,elitize_generation_data,224,2,0.002,NA
226,81,negative-to-zero,tourney,FALSE,20,elitize_generation_data,225,2,0.003,NA
227,81,negative-to-zero,tourney,FALSE,20,elitize_generation_data,226,3,0.004,NA
228,81,negative-to-zero,tourney,FALSE,20,elitize_generation_data,227,2,0.002,NA
229,81,negative-to-zero,tourney,FALSE,20,elitize_generation_data,228,2,0.002,NA
230,81,negative-to-zero,tourney,FALSE,20,elitize_generation_data,229,3,0.004,NA
231,81,negative-to-zero,tourney,FALSE,20,elitize_generation_data,230,2,0.002,NA
232,81,negative-to-zero,tourney,FALSE,20,elitize_generation_data,231,3,0.003,NA
233,81,negative-to-zero,tourney,FALSE,20,elitize_generation_data,232,2,0.002,NA
234,81,negative-to-zero,tourney,FALSE,20,elitize_generation_data,233,3,0.003,NA
235,81,negative-to-zero,tourney,FALSE,20,elitize_generation_data,234,2,0.003,NA
236,81,negative-to-zero,tourney,FALSE,20,elitize_generation_data,235,2,0.002,NA
237,81,negative-to-zero,tourney,FALSE,20,elitize_generation_data,236,2,0.003,NA
238,81,negative-to-zero,tourney,FALSE,20,elitize_generation_data,237,5,0.005,NA
239,81,negative-to-zero,tourney,FALSE,20,elitize_generation_data,238,3,0.003,NA
240,81,negative-to-zero,tourney,FALSE,20,elitize_generation_data,239,2,0.002,NA
241,81,negative-to-zero,tourney,FALSE,20,elitize_generation_data,240,2,0.002,NA
242,81,negative-to-zero,tourney,FALSE,20,elitize_generation_data,241,3,0.003,NA
243,81,negative-to-zero,tourney,FALSE,20,elitize_generation_data,242,2,0.002,NA
244,81,negative-to-zero,tourney,FALSE,20,elitize_generation_data,243,4,0.004,NA
245,81,negative-to-zero,tourney,FALSE,20,elitize_generation_data,244,2,0.002,NA
246,81,negative-to-zero,tourney,FALSE,20,elitize_generation_data,245,3,0.003,NA
247,81,negative-to-zero,tourney,FALSE,20,elitize_generation_data,246,3,0.003,NA
248,81,negative-to-zero,tourney,FALSE,20,elitize_generation_data,247,3,0.004,NA
249,81,negative-to-zero,tourney,FALSE,20,elitize_generation_data,248,3,0.003,NA
250,81,negative-to-zero,tourney,FALSE,20,elitize_generation_data,249,2,0.002,NA
251,81,negative-to-zero,tourney,FALSE,20,elitize_generation_data,250,3,0.003,NA
252,81,negative-to-zero,tourney,FALSE,20,elitize_generation_data,251,3,0.003,NA
253,81,negative-to-zero,tourney,FALSE,20,elitize_generation_data,252,3,0.003,NA
254,81,negative-to-zero,tourney,FALSE,20,elitize_generation_data,253,3,0.003,NA
255,81,negative-to-zero,tourney,FALSE,20,elitize_generation_data,254,2,0.002,NA
256,81,negative-to-zero,tourney,FALSE,20,elitize_generation_data,255,2,0.002,NA
257,81,negative-to-zero,tourney,FALSE,20,elitize_generation_data,256,3,0.003,NA
258,81,negative-to-zero,tourney,FALSE,20,elitize_generation_data,257,2,0.002,NA
259,81,negative-to-zero,tourney,FALSE,20,elitize_generation_data,258,3,0.003,NA
260,81,negative-to-zero,tourney,FALSE,20,elitize_generation_data,259,2,0.002,NA
261,81,negative-to-zero,tourney,FALSE,20,elitize_generation_data,260,2,0.002,NA
262,81,negative-to-zero,tourney,FALSE,20,elitize_generation_data,261,3,0.003,NA
263,81,negative-to-zero,tourney,FALSE,20,elitize_generation_data,262,3,0.003,NA
264,81,negative-to-zero,tourney,FALSE,20,elitize_generation_data,263,3,0.003,NA
265,81,negative-to-zero,tourney,FALSE,20,elitize_generation_data,264,2,0.002,NA
266,81,negative-to-zero,tourney,FALSE,20,elitize_generation_data,265,2,0.003,NA
267,81,negative-to-zero,tourney,FALSE,20,elitize_generation_data,266,2,0.002,NA
268,81,negative-to-zero,tourney,FALSE,20,elitize_generation_data,267,2,0.003,NA
269,81,negative-to-zero,tourney,FALSE,20,elitize_generation_data,268,4,0.004,NA
270,81,negative-to-zero,tourney,FALSE,20,elitize_generation_data,269,2,0.002,NA
271,81,negative-to-zero,tourney,FALSE,20,elitize_generation_data,270,2,0.002,NA
272,81,negative-to-zero,tourney,FALSE,20,elitize_generation_data,271,2,0.002,NA
273,81,negative-to-zero,tourney,FALSE,20,elitize_generation_data,272,3,0.003,NA
274,81,negative-to-zero,tourney,FALSE,20,elitize_generation_data,273,3,0.003,NA
275,81,negative-to-zero,tourney,FALSE,20,elitize_generation_data,274,2,0.002,NA
276,81,negative-to-zero,tourney,FALSE,20,elitize_generation_data,275,3,0.004,NA
277,81,negative-to-zero,tourney,FALSE,20,elitize_generation_data,276,3,0.003,NA
278,81,negative-to-zero,tourney,FALSE,20,elitize_generation_data,277,2,0.002,NA
279,81,negative-to-zero,tourney,FALSE,20,elitize_generation_data,278,3,0.003,NA
280,81,negative-to-zero,tourney,FALSE,20,elitize_generation_data,279,3,0.003,NA
281,81,negative-to-zero,tourney,FALSE,20,elitize_generation_data,280,3,0.003,NA
282,81,negative-to-zero,tourney,FALSE,20,elitize_generation_data,281,2,0.002,NA
283,81,negative-to-zero,tourney,FALSE,20,elitize_generation_data,282,2,0.002,NA
284,81,negative-to-zero,tourney,FALSE,20,elitize_generation_data,283,2,0.002,NA
285,81,negative-to-zero,tourney,FALSE,20,elitize_generation_data,284,3,0.003,NA
286,81,negative-to-zero,tourney,FALSE,20,elitize_generation_data,285,2,0.002,NA
287,81,negative-to-zero,tourney,FALSE,20,elitize_generation_data,286,3,0.003,NA
288,81,negative-to-zero,tourney,FALSE,20,elitize_generation_data,287,3,0.003,NA
289,81,negative-to-zero,tourney,FALSE,20,elitize_generation_data,288,2,0.002,NA
290,81,negative-to-zero,tourney,FALSE,20,elitize_generation_data,289,2,0.002,NA
291,81,negative-to-zero,tourney,FALSE,20,elitize_generation_data,290,2,0.002,NA
292,81,negative-to-zero,tourney,FALSE,20,elitize_generation_data,291,2,0.003,NA
293,81,negative-to-zero,tourney,FALSE,20,elitize_generation_data,292,2,0.002,NA
294,81,negative-to-zero,tourney,FALSE,20,elitize_generation_data,293,3,0.003,NA
295,81,negative-to-zero,tourney,FALSE,20,elitize_generation_data,294,2,0.002,NA
296,81,negative-to-zero,tourney,FALSE,20,elitize_generation_data,295,2,0.002,NA
297,81,negative-to-zero,tourney,FALSE,20,elitize_generation_data,296,3,0.003,NA
298,81,negative-to-zero,tourney,FALSE,20,elitize_generation_data,297,3,0.003,NA
299,81,negative-to-zero,tourney,FALSE,20,elitize_generation_data,298,2,0.002,NA
300,81,negative-to-zero,tourney,FALSE,20,elitize_generation_data,299,3,0.003,NA
301,81,negative-to-zero,tourney,FALSE,20,elitize_generation_data,300,2,0.002,NA
