,run.num,problem,treatment,succeeded,height,normalization.function,generation,cluster.count,error.diversity,success.generation
1,95,negative-to-zero,tourney,FALSE,20,elitize_generation_data,0,7,0.037,NA
2,95,negative-to-zero,tourney,FALSE,20,elitize_generation_data,1,15,0.061,NA
3,95,negative-to-zero,tourney,FALSE,20,elitize_generation_data,2,13,0.03,NA
4,95,negative-to-zero,tourney,FALSE,20,elitize_generation_data,3,4,0.016,NA
5,95,negative-to-zero,tourney,FALSE,20,elitize_generation_data,4,6,0.022,NA
6,95,negative-to-zero,tourney,FALSE,20,elitize_generation_data,5,6,0.026,NA
7,95,negative-to-zero,tourney,FALSE,20,elitize_generation_data,6,8,0.032,NA
8,95,negative-to-zero,tourney,FALSE,20,elitize_generation_data,7,7,0.031,NA
9,95,negative-to-zero,tourney,FALSE,20,elitize_generation_data,8,11,0.036,NA
10,95,negative-to-zero,tourney,FALSE,20,elitize_generation_data,9,8,0.048,NA
11,95,negative-to-zero,tourney,FALSE,20,elitize_generation_data,10,8,0.053,NA
12,95,negative-to-zero,tourney,FALSE,20,elitize_generation_data,11,11,0.108,NA
13,95,negative-to-zero,tourney,FALSE,20,elitize_generation_data,12,17,0.141,NA
14,95,negative-to-zero,tourney,FALSE,20,elitize_generation_data,13,24,0.18,NA
15,95,negative-to-zero,tourney,FALSE,20,elitize_generation_data,14,19,0.227,NA
16,95,negative-to-zero,tourney,FALSE,20,elitize_generation_data,15,17,0.222,NA
17,95,negative-to-zero,tourney,FALSE,20,elitize_generation_data,16,24,0.253,NA
18,95,negative-to-zero,tourney,FALSE,20,elitize_generation_data,17,23,0.257,NA
19,95,negative-to-zero,tourney,FALSE,20,elitize_generation_data,18,23,0.258,NA
20,95,negative-to-zero,tourney,FALSE,20,elitize_generation_data,19,16,0.231,NA
21,95,negative-to-zero,tourney,FALSE,20,elitize_generation_data,20,14,0.22,NA
22,95,negative-to-zero,tourney,FALSE,20,elitize_generation_data,21,11,0.22,NA
23,95,negative-to-zero,tourney,FALSE,20,elitize_generation_data,22,9,0.216,NA
24,95,negative-to-zero,tourney,FALSE,20,elitize_generation_data,23,10,0.229,NA
25,95,negative-to-zero,tourney,FALSE,20,elitize_generation_data,24,9,0.23,NA
26,95,negative-to-zero,tourney,FALSE,20,elitize_generation_data,25,10,0.231,NA
27,95,negative-to-zero,tourney,FALSE,20,elitize_generation_data,26,13,0.201,NA
28,95,negative-to-zero,tourney,FALSE,20,elitize_generation_data,27,13,0.209,NA
29,95,negative-to-zero,tourney,FALSE,20,elitize_generation_data,28,12,0.229,NA
30,95,negative-to-zero,tourney,FALSE,20,elitize_generation_data,29,8,0.198,NA
31,95,negative-to-zero,tourney,FALSE,20,elitize_generation_data,30,11,0.238,NA
32,95,negative-to-zero,tourney,FALSE,20,elitize_generation_data,31,15,0.205,NA
33,95,negative-to-zero,tourney,FALSE,20,elitize_generation_data,32,11,0.195,NA
34,95,negative-to-zero,tourney,FALSE,20,elitize_generation_data,33,12,0.223,NA
35,95,negative-to-zero,tourney,FALSE,20,elitize_generation_data,34,12,0.219,NA
36,95,negative-to-zero,tourney,FALSE,20,elitize_generation_data,35,8,0.236,NA
37,95,negative-to-zero,tourney,FALSE,20,elitize_generation_data,36,13,0.226,NA
38,95,negative-to-zero,tourney,FALSE,20,elitize_generation_data,37,16,0.251,NA
39,95,negative-to-zero,tourney,FALSE,20,elitize_generation_data,38,11,0.215,NA
40,95,negative-to-zero,tourney,FALSE,20,elitize_generation_data,39,13,0.236,NA
41,95,negative-to-zero,tourney,FALSE,20,elitize_generation_data,40,13,0.207,NA
42,95,negative-to-zero,tourney,FALSE,20,elitize_generation_data,41,8,0.23,NA
43,95,negative-to-zero,tourney,FALSE,20,elitize_generation_data,42,8,0.217,NA
44,95,negative-to-zero,tourney,FALSE,20,elitize_generation_data,43,13,0.227,NA
45,95,negative-to-zero,tourney,FALSE,20,elitize_generation_data,44,14,0.223,NA
46,95,negative-to-zero,tourney,FALSE,20,elitize_generation_data,45,11,0.198,NA
47,95,negative-to-zero,tourney,FALSE,20,elitize_generation_data,46,18,0.229,NA
48,95,negative-to-zero,tourney,FALSE,20,elitize_generation_data,47,15,0.22,NA
49,95,negative-to-zero,tourney,FALSE,20,elitize_generation_data,48,13,0.231,NA
50,95,negative-to-zero,tourney,FALSE,20,elitize_generation_data,49,13,0.229,NA
51,95,negative-to-zero,tourney,FALSE,20,elitize_generation_data,50,13,0.209,NA
52,95,negative-to-zero,tourney,FALSE,20,elitize_generation_data,51,17,0.226,NA
53,95,negative-to-zero,tourney,FALSE,20,elitize_generation_data,52,16,0.227,NA
54,95,negative-to-zero,tourney,FALSE,20,elitize_generation_data,53,15,0.239,NA
55,95,negative-to-zero,tourney,FALSE,20,elitize_generation_data,54,16,0.238,NA
56,95,negative-to-zero,tourney,FALSE,20,elitize_generation_data,55,15,0.232,NA
57,95,negative-to-zero,tourney,FALSE,20,elitize_generation_data,56,17,0.222,NA
58,95,negative-to-zero,tourney,FALSE,20,elitize_generation_data,57,20,0.242,NA
59,95,negative-to-zero,tourney,FALSE,20,elitize_generation_data,58,20,0.223,NA
60,95,negative-to-zero,tourney,FALSE,20,elitize_generation_data,59,19,0.218,NA
61,95,negative-to-zero,tourney,FALSE,20,elitize_generation_data,60,15,0.204,NA
62,95,negative-to-zero,tourney,FALSE,20,elitize_generation_data,61,18,0.196,NA
63,95,negative-to-zero,tourney,FALSE,20,elitize_generation_data,62,12,0.209,NA
64,95,negative-to-zero,tourney,FALSE,20,elitize_generation_data,63,16,0.211,NA
65,95,negative-to-zero,tourney,FALSE,20,elitize_generation_data,64,19,0.198,NA
66,95,negative-to-zero,tourney,FALSE,20,elitize_generation_data,65,21,0.214,NA
67,95,negative-to-zero,tourney,FALSE,20,elitize_generation_data,66,16,0.199,NA
68,95,negative-to-zero,tourney,FALSE,20,elitize_generation_data,67,21,0.192,NA
69,95,negative-to-zero,tourney,FALSE,20,elitize_generation_data,68,16,0.196,NA
70,95,negative-to-zero,tourney,FALSE,20,elitize_generation_data,69,13,0.177,NA
71,95,negative-to-zero,tourney,FALSE,20,elitize_generation_data,70,17,0.176,NA
72,95,negative-to-zero,tourney,FALSE,20,elitize_generation_data,71,17,0.181,NA
73,95,negative-to-zero,tourney,FALSE,20,elitize_generation_data,72,17,0.201,NA
74,95,negative-to-zero,tourney,FALSE,20,elitize_generation_data,73,17,0.196,NA
75,95,negative-to-zero,tourney,FALSE,20,elitize_generation_data,74,21,0.254,NA
76,95,negative-to-zero,tourney,FALSE,20,elitize_generation_data,75,21,0.341,NA
77,95,negative-to-zero,tourney,FALSE,20,elitize_generation_data,76,18,0.393,NA
78,95,negative-to-zero,tourney,FALSE,20,elitize_generation_data,77,35,0.443,NA
79,95,negative-to-zero,tourney,FALSE,20,elitize_generation_data,78,34,0.483,NA
80,95,negative-to-zero,tourney,FALSE,20,elitize_generation_data,79,47,0.518,NA
81,95,negative-to-zero,tourney,FALSE,20,elitize_generation_data,80,37,0.494,NA
82,95,negative-to-zero,tourney,FALSE,20,elitize_generation_data,81,34,0.523,NA
83,95,negative-to-zero,tourney,FALSE,20,elitize_generation_data,82,40,0.52,NA
84,95,negative-to-zero,tourney,FALSE,20,elitize_generation_data,83,34,0.53,NA
85,95,negative-to-zero,tourney,FALSE,20,elitize_generation_data,84,29,0.49,NA
86,95,negative-to-zero,tourney,FALSE,20,elitize_generation_data,85,35,0.447,NA
87,95,negative-to-zero,tourney,FALSE,20,elitize_generation_data,86,30,0.44,NA
88,95,negative-to-zero,tourney,FALSE,20,elitize_generation_data,87,28,0.412,NA
89,95,negative-to-zero,tourney,FALSE,20,elitize_generation_data,88,34,0.386,NA
90,95,negative-to-zero,tourney,FALSE,20,elitize_generation_data,89,39,0.391,NA
91,95,negative-to-zero,tourney,FALSE,20,elitize_generation_data,90,24,0.342,NA
92,95,negative-to-zero,tourney,FALSE,20,elitize_generation_data,91,26,0.356,NA
93,95,negative-to-zero,tourney,FALSE,20,elitize_generation_data,92,27,0.337,NA
94,95,negative-to-zero,tourney,FALSE,20,elitize_generation_data,93,36,0.33,NA
95,95,negative-to-zero,tourney,FALSE,20,elitize_generation_data,94,25,0.345,NA
96,95,negative-to-zero,tourney,FALSE,20,elitize_generation_data,95,32,0.346,NA
97,95,negative-to-zero,tourney,FALSE,20,elitize_generation_data,96,32,0.347,NA
98,95,negative-to-zero,tourney,FALSE,20,elitize_generation_data,97,23,0.317,NA
99,95,negative-to-zero,tourney,FALSE,20,elitize_generation_data,98,26,0.354,NA
100,95,negative-to-zero,tourney,FALSE,20,elitize_generation_data,99,30,0.333,NA
101,95,negative-to-zero,tourney,FALSE,20,elitize_generation_data,100,24,0.324,NA
102,95,negative-to-zero,tourney,FALSE,20,elitize_generation_data,101,23,0.353,NA
103,95,negative-to-zero,tourney,FALSE,20,elitize_generation_data,102,26,0.344,NA
104,95,negative-to-zero,tourney,FALSE,20,elitize_generation_data,103,32,0.336,NA
105,95,negative-to-zero,tourney,FALSE,20,elitize_generation_data,104,33,0.324,NA
106,95,negative-to-zero,tourney,FALSE,20,elitize_generation_data,105,25,0.353,NA
107,95,negative-to-zero,tourney,FALSE,20,elitize_generation_data,106,21,0.33,NA
108,95,negative-to-zero,tourney,FALSE,20,elitize_generation_data,107,36,0.349,NA
109,95,negative-to-zero,tourney,FALSE,20,elitize_generation_data,108,36,0.346,NA
110,95,negative-to-zero,tourney,FALSE,20,elitize_generation_data,109,39,0.341,NA
111,95,negative-to-zero,tourney,FALSE,20,elitize_generation_data,110,29,0.325,NA
112,95,negative-to-zero,tourney,FALSE,20,elitize_generation_data,111,19,0.324,NA
113,95,negative-to-zero,tourney,FALSE,20,elitize_generation_data,112,18,0.341,NA
114,95,negative-to-zero,tourney,FALSE,20,elitize_generation_data,113,20,0.33,NA
115,95,negative-to-zero,tourney,FALSE,20,elitize_generation_data,114,38,0.363,NA
116,95,negative-to-zero,tourney,FALSE,20,elitize_generation_data,115,37,0.362,NA
117,95,negative-to-zero,tourney,FALSE,20,elitize_generation_data,116,34,0.374,NA
118,95,negative-to-zero,tourney,FALSE,20,elitize_generation_data,117,37,0.397,NA
119,95,negative-to-zero,tourney,FALSE,20,elitize_generation_data,118,34,0.398,NA
120,95,negative-to-zero,tourney,FALSE,20,elitize_generation_data,119,23,0.387,NA
121,95,negative-to-zero,tourney,FALSE,20,elitize_generation_data,120,25,0.339,NA
122,95,negative-to-zero,tourney,FALSE,20,elitize_generation_data,121,19,0.384,NA
123,95,negative-to-zero,tourney,FALSE,20,elitize_generation_data,122,14,0.37,NA
124,95,negative-to-zero,tourney,FALSE,20,elitize_generation_data,123,30,0.391,NA
125,95,negative-to-zero,tourney,FALSE,20,elitize_generation_data,124,18,0.437,NA
126,95,negative-to-zero,tourney,FALSE,20,elitize_generation_data,125,19,0.449,NA
127,95,negative-to-zero,tourney,FALSE,20,elitize_generation_data,126,19,0.47,NA
128,95,negative-to-zero,tourney,FALSE,20,elitize_generation_data,127,19,0.432,NA
129,95,negative-to-zero,tourney,FALSE,20,elitize_generation_data,128,21,0.442,NA
130,95,negative-to-zero,tourney,FALSE,20,elitize_generation_data,129,16,0.452,NA
131,95,negative-to-zero,tourney,FALSE,20,elitize_generation_data,130,20,0.455,NA
132,95,negative-to-zero,tourney,FALSE,20,elitize_generation_data,131,18,0.456,NA
133,95,negative-to-zero,tourney,FALSE,20,elitize_generation_data,132,24,0.464,NA
134,95,negative-to-zero,tourney,FALSE,20,elitize_generation_data,133,16,0.474,NA
135,95,negative-to-zero,tourney,FALSE,20,elitize_generation_data,134,17,0.473,NA
136,95,negative-to-zero,tourney,FALSE,20,elitize_generation_data,135,21,0.485,NA
137,95,negative-to-zero,tourney,FALSE,20,elitize_generation_data,136,21,0.472,NA
138,95,negative-to-zero,tourney,FALSE,20,elitize_generation_data,137,21,0.482,NA
139,95,negative-to-zero,tourney,FALSE,20,elitize_generation_data,138,27,0.487,NA
140,95,negative-to-zero,tourney,FALSE,20,elitize_generation_data,139,18,0.479,NA
141,95,negative-to-zero,tourney,FALSE,20,elitize_generation_data,140,27,0.459,NA
142,95,negative-to-zero,tourney,FALSE,20,elitize_generation_data,141,20,0.455,NA
143,95,negative-to-zero,tourney,FALSE,20,elitize_generation_data,142,24,0.473,NA
144,95,negative-to-zero,tourney,FALSE,20,elitize_generation_data,143,27,0.483,NA
145,95,negative-to-zero,tourney,FALSE,20,elitize_generation_data,144,26,0.506,NA
146,95,negative-to-zero,tourney,FALSE,20,elitize_generation_data,145,27,0.528,NA
147,95,negative-to-zero,tourney,FALSE,20,elitize_generation_data,146,37,0.517,NA
148,95,negative-to-zero,tourney,FALSE,20,elitize_generation_data,147,24,0.524,NA
149,95,negative-to-zero,tourney,FALSE,20,elitize_generation_data,148,29,0.556,NA
150,95,negative-to-zero,tourney,FALSE,20,elitize_generation_data,149,31,0.536,NA
151,95,negative-to-zero,tourney,FALSE,20,elitize_generation_data,150,25,0.546,NA
152,95,negative-to-zero,tourney,FALSE,20,elitize_generation_data,151,29,0.548,NA
153,95,negative-to-zero,tourney,FALSE,20,elitize_generation_data,152,26,0.536,NA
154,95,negative-to-zero,tourney,FALSE,20,elitize_generation_data,153,26,0.525,NA
155,95,negative-to-zero,tourney,FALSE,20,elitize_generation_data,154,27,0.529,NA
156,95,negative-to-zero,tourney,FALSE,20,elitize_generation_data,155,25,0.538,NA
157,95,negative-to-zero,tourney,FALSE,20,elitize_generation_data,156,29,0.515,NA
158,95,negative-to-zero,tourney,FALSE,20,elitize_generation_data,157,22,0.517,NA
159,95,negative-to-zero,tourney,FALSE,20,elitize_generation_data,158,28,0.529,NA
160,95,negative-to-zero,tourney,FALSE,20,elitize_generation_data,159,26,0.56,NA
161,95,negative-to-zero,tourney,FALSE,20,elitize_generation_data,160,29,0.562,NA
162,95,negative-to-zero,tourney,FALSE,20,elitize_generation_data,161,25,0.561,NA
163,95,negative-to-zero,tourney,FALSE,20,elitize_generation_data,162,29,0.56,NA
164,95,negative-to-zero,tourney,FALSE,20,elitize_generation_data,163,27,0.547,NA
165,95,negative-to-zero,tourney,FALSE,20,elitize_generation_data,164,32,0.55,NA
166,95,negative-to-zero,tourney,FALSE,20,elitize_generation_data,165,29,0.56,NA
167,95,negative-to-zero,tourney,FALSE,20,elitize_generation_data,166,30,0.556,NA
168,95,negative-to-zero,tourney,FALSE,20,elitize_generation_data,167,29,0.518,NA
169,95,negative-to-zero,tourney,FALSE,20,elitize_generation_data,168,34,0.52,NA
170,95,negative-to-zero,tourney,FALSE,20,elitize_generation_data,169,30,0.52,NA
171,95,negative-to-zero,tourney,FALSE,20,elitize_generation_data,170,28,0.482,NA
172,95,negative-to-zero,tourney,FALSE,20,elitize_generation_data,171,37,0.513,NA
173,95,negative-to-zero,tourney,FALSE,20,elitize_generation_data,172,39,0.537,NA
174,95,negative-to-zero,tourney,FALSE,20,elitize_generation_data,173,32,0.517,NA
175,95,negative-to-zero,tourney,FALSE,20,elitize_generation_data,174,37,0.513,NA
176,95,negative-to-zero,tourney,FALSE,20,elitize_generation_data,175,26,0.499,NA
177,95,negative-to-zero,tourney,FALSE,20,elitize_generation_data,176,39,0.524,NA
178,95,negative-to-zero,tourney,FALSE,20,elitize_generation_data,177,33,0.512,NA
179,95,negative-to-zero,tourney,FALSE,20,elitize_generation_data,178,36,0.514,NA
180,95,negative-to-zero,tourney,FALSE,20,elitize_generation_data,179,35,0.499,NA
181,95,negative-to-zero,tourney,FALSE,20,elitize_generation_data,180,29,0.518,NA
182,95,negative-to-zero,tourney,FALSE,20,elitize_generation_data,181,25,0.51,NA
183,95,negative-to-zero,tourney,FALSE,20,elitize_generation_data,182,30,0.488,NA
184,95,negative-to-zero,tourney,FALSE,20,elitize_generation_data,183,32,0.526,NA
185,95,negative-to-zero,tourney,FALSE,20,elitize_generation_data,184,31,0.521,NA
186,95,negative-to-zero,tourney,FALSE,20,elitize_generation_data,185,37,0.513,NA
187,95,negative-to-zero,tourney,FALSE,20,elitize_generation_data,186,37,0.501,NA
188,95,negative-to-zero,tourney,FALSE,20,elitize_generation_data,187,42,0.49,NA
189,95,negative-to-zero,tourney,FALSE,20,elitize_generation_data,188,28,0.489,NA
190,95,negative-to-zero,tourney,FALSE,20,elitize_generation_data,189,26,0.467,NA
191,95,negative-to-zero,tourney,FALSE,20,elitize_generation_data,190,31,0.495,NA
192,95,negative-to-zero,tourney,FALSE,20,elitize_generation_data,191,36,0.512,NA
193,95,negative-to-zero,tourney,FALSE,20,elitize_generation_data,192,28,0.505,NA
194,95,negative-to-zero,tourney,FALSE,20,elitize_generation_data,193,32,0.518,NA
195,95,negative-to-zero,tourney,FALSE,20,elitize_generation_data,194,33,0.509,NA
196,95,negative-to-zero,tourney,FALSE,20,elitize_generation_data,195,33,0.506,NA
197,95,negative-to-zero,tourney,FALSE,20,elitize_generation_data,196,30,0.528,NA
198,95,negative-to-zero,tourney,FALSE,20,elitize_generation_data,197,30,0.511,NA
199,95,negative-to-zero,tourney,FALSE,20,elitize_generation_data,198,34,0.505,NA
200,95,negative-to-zero,tourney,FALSE,20,elitize_generation_data,199,32,0.528,NA
201,95,negative-to-zero,tourney,FALSE,20,elitize_generation_data,200,35,0.474,NA
202,95,negative-to-zero,tourney,FALSE,20,elitize_generation_data,201,23,0.501,NA
203,95,negative-to-zero,tourney,FALSE,20,elitize_generation_data,202,33,0.515,NA
204,95,negative-to-zero,tourney,FALSE,20,elitize_generation_data,203,35,0.506,NA
205,95,negative-to-zero,tourney,FALSE,20,elitize_generation_data,204,38,0.529,NA
206,95,negative-to-zero,tourney,FALSE,20,elitize_generation_data,205,32,0.516,NA
207,95,negative-to-zero,tourney,FALSE,20,elitize_generation_data,206,26,0.513,NA
208,95,negative-to-zero,tourney,FALSE,20,elitize_generation_data,207,29,0.5,NA
209,95,negative-to-zero,tourney,FALSE,20,elitize_generation_data,208,27,0.499,NA
210,95,negative-to-zero,tourney,FALSE,20,elitize_generation_data,209,29,0.523,NA
211,95,negative-to-zero,tourney,FALSE,20,elitize_generation_data,210,30,0.523,NA
212,95,negative-to-zero,tourney,FALSE,20,elitize_generation_data,211,28,0.475,NA
213,95,negative-to-zero,tourney,FALSE,20,elitize_generation_data,212,32,0.521,NA
214,95,negative-to-zero,tourney,FALSE,20,elitize_generation_data,213,27,0.516,NA
215,95,negative-to-zero,tourney,FALSE,20,elitize_generation_data,214,30,0.51,NA
216,95,negative-to-zero,tourney,FALSE,20,elitize_generation_data,215,21,0.521,NA
217,95,negative-to-zero,tourney,FALSE,20,elitize_generation_data,216,35,0.507,NA
218,95,negative-to-zero,tourney,FALSE,20,elitize_generation_data,217,27,0.532,NA
219,95,negative-to-zero,tourney,FALSE,20,elitize_generation_data,218,33,0.517,NA
220,95,negative-to-zero,tourney,FALSE,20,elitize_generation_data,219,30,0.514,NA
221,95,negative-to-zero,tourney,FALSE,20,elitize_generation_data,220,31,0.517,NA
222,95,negative-to-zero,tourney,FALSE,20,elitize_generation_data,221,33,0.494,NA
223,95,negative-to-zero,tourney,FALSE,20,elitize_generation_data,222,28,0.516,NA
224,95,negative-to-zero,tourney,FALSE,20,elitize_generation_data,223,29,0.5,NA
225,95,negative-to-zero,tourney,FALSE,20,elitize_generation_data,224,30,0.492,NA
226,95,negative-to-zero,tourney,FALSE,20,elitize_generation_data,225,34,0.484,NA
227,95,negative-to-zero,tourney,FALSE,20,elitize_generation_data,226,30,0.491,NA
228,95,negative-to-zero,tourney,FALSE,20,elitize_generation_data,227,32,0.498,NA
229,95,negative-to-zero,tourney,FALSE,20,elitize_generation_data,228,29,0.535,NA
230,95,negative-to-zero,tourney,FALSE,20,elitize_generation_data,229,31,0.474,NA
231,95,negative-to-zero,tourney,FALSE,20,elitize_generation_data,230,24,0.459,NA
232,95,negative-to-zero,tourney,FALSE,20,elitize_generation_data,231,24,0.515,NA
233,95,negative-to-zero,tourney,FALSE,20,elitize_generation_data,232,30,0.533,NA
234,95,negative-to-zero,tourney,FALSE,20,elitize_generation_data,233,25,0.486,NA
235,95,negative-to-zero,tourney,FALSE,20,elitize_generation_data,234,27,0.495,NA
236,95,negative-to-zero,tourney,FALSE,20,elitize_generation_data,235,21,0.512,NA
237,95,negative-to-zero,tourney,FALSE,20,elitize_generation_data,236,32,0.538,NA
238,95,negative-to-zero,tourney,FALSE,20,elitize_generation_data,237,32,0.496,NA
239,95,negative-to-zero,tourney,FALSE,20,elitize_generation_data,238,31,0.511,NA
240,95,negative-to-zero,tourney,FALSE,20,elitize_generation_data,239,28,0.499,NA
241,95,negative-to-zero,tourney,FALSE,20,elitize_generation_data,240,33,0.521,NA
242,95,negative-to-zero,tourney,FALSE,20,elitize_generation_data,241,24,0.517,NA
243,95,negative-to-zero,tourney,FALSE,20,elitize_generation_data,242,27,0.497,NA
244,95,negative-to-zero,tourney,FALSE,20,elitize_generation_data,243,25,0.488,NA
245,95,negative-to-zero,tourney,FALSE,20,elitize_generation_data,244,30,0.488,NA
246,95,negative-to-zero,tourney,FALSE,20,elitize_generation_data,245,29,0.49,NA
247,95,negative-to-zero,tourney,FALSE,20,elitize_generation_data,246,35,0.497,NA
248,95,negative-to-zero,tourney,FALSE,20,elitize_generation_data,247,28,0.501,NA
249,95,negative-to-zero,tourney,FALSE,20,elitize_generation_data,248,32,0.522,NA
250,95,negative-to-zero,tourney,FALSE,20,elitize_generation_data,249,27,0.524,NA
251,95,negative-to-zero,tourney,FALSE,20,elitize_generation_data,250,25,0.507,NA
252,95,negative-to-zero,tourney,FALSE,20,elitize_generation_data,251,36,0.533,NA
253,95,negative-to-zero,tourney,FALSE,20,elitize_generation_data,252,32,0.495,NA
254,95,negative-to-zero,tourney,FALSE,20,elitize_generation_data,253,25,0.514,NA
255,95,negative-to-zero,tourney,FALSE,20,elitize_generation_data,254,37,0.519,NA
256,95,negative-to-zero,tourney,FALSE,20,elitize_generation_data,255,36,0.531,NA
257,95,negative-to-zero,tourney,FALSE,20,elitize_generation_data,256,26,0.528,NA
258,95,negative-to-zero,tourney,FALSE,20,elitize_generation_data,257,24,0.518,NA
259,95,negative-to-zero,tourney,FALSE,20,elitize_generation_data,258,35,0.53,NA
260,95,negative-to-zero,tourney,FALSE,20,elitize_generation_data,259,24,0.518,NA
261,95,negative-to-zero,tourney,FALSE,20,elitize_generation_data,260,30,0.543,NA
262,95,negative-to-zero,tourney,FALSE,20,elitize_generation_data,261,31,0.54,NA
263,95,negative-to-zero,tourney,FALSE,20,elitize_generation_data,262,24,0.556,NA
264,95,negative-to-zero,tourney,FALSE,20,elitize_generation_data,263,29,0.543,NA
265,95,negative-to-zero,tourney,FALSE,20,elitize_generation_data,264,26,0.547,NA
266,95,negative-to-zero,tourney,FALSE,20,elitize_generation_data,265,25,0.55,NA
267,95,negative-to-zero,tourney,FALSE,20,elitize_generation_data,266,31,0.592,NA
268,95,negative-to-zero,tourney,FALSE,20,elitize_generation_data,267,29,0.558,NA
269,95,negative-to-zero,tourney,FALSE,20,elitize_generation_data,268,28,0.546,NA
270,95,negative-to-zero,tourney,FALSE,20,elitize_generation_data,269,27,0.57,NA
271,95,negative-to-zero,tourney,FALSE,20,elitize_generation_data,270,29,0.57,NA
272,95,negative-to-zero,tourney,FALSE,20,elitize_generation_data,271,23,0.574,NA
273,95,negative-to-zero,tourney,FALSE,20,elitize_generation_data,272,26,0.562,NA
274,95,negative-to-zero,tourney,FALSE,20,elitize_generation_data,273,24,0.582,NA
275,95,negative-to-zero,tourney,FALSE,20,elitize_generation_data,274,19,0.585,NA
276,95,negative-to-zero,tourney,FALSE,20,elitize_generation_data,275,28,0.597,NA
277,95,negative-to-zero,tourney,FALSE,20,elitize_generation_data,276,29,0.583,NA
278,95,negative-to-zero,tourney,FALSE,20,elitize_generation_data,277,28,0.586,NA
279,95,negative-to-zero,tourney,FALSE,20,elitize_generation_data,278,29,0.59,NA
280,95,negative-to-zero,tourney,FALSE,20,elitize_generation_data,279,26,0.588,NA
281,95,negative-to-zero,tourney,FALSE,20,elitize_generation_data,280,24,0.575,NA
282,95,negative-to-zero,tourney,FALSE,20,elitize_generation_data,281,22,0.543,NA
283,95,negative-to-zero,tourney,FALSE,20,elitize_generation_data,282,29,0.587,NA
284,95,negative-to-zero,tourney,FALSE,20,elitize_generation_data,283,26,0.571,NA
285,95,negative-to-zero,tourney,FALSE,20,elitize_generation_data,284,22,0.583,NA
286,95,negative-to-zero,tourney,FALSE,20,elitize_generation_data,285,23,0.577,NA
287,95,negative-to-zero,tourney,FALSE,20,elitize_generation_data,286,24,0.573,NA
288,95,negative-to-zero,tourney,FALSE,20,elitize_generation_data,287,25,0.548,NA
289,95,negative-to-zero,tourney,FALSE,20,elitize_generation_data,288,23,0.579,NA
290,95,negative-to-zero,tourney,FALSE,20,elitize_generation_data,289,25,0.553,NA
291,95,negative-to-zero,tourney,FALSE,20,elitize_generation_data,290,29,0.602,NA
292,95,negative-to-zero,tourney,FALSE,20,elitize_generation_data,291,27,0.584,NA
293,95,negative-to-zero,tourney,FALSE,20,elitize_generation_data,292,28,0.588,NA
294,95,negative-to-zero,tourney,FALSE,20,elitize_generation_data,293,38,0.565,NA
295,95,negative-to-zero,tourney,FALSE,20,elitize_generation_data,294,35,0.575,NA
296,95,negative-to-zero,tourney,FALSE,20,elitize_generation_data,295,29,0.568,NA
297,95,negative-to-zero,tourney,FALSE,20,elitize_generation_data,296,30,0.583,NA
298,95,negative-to-zero,tourney,FALSE,20,elitize_generation_data,297,30,0.57,NA
299,95,negative-to-zero,tourney,FALSE,20,elitize_generation_data,298,38,0.584,NA
300,95,negative-to-zero,tourney,FALSE,20,elitize_generation_data,299,27,0.559,NA
301,95,negative-to-zero,tourney,FALSE,20,elitize_generation_data,300,22,0.563,NA
