,run.num,problem,treatment,succeeded,height,normalization.function,generation,cluster.count,error.diversity,success.generation
1,68,negative-to-zero,tourney,FALSE,20,elitize_generation_data,0,12,0.036,NA
2,68,negative-to-zero,tourney,FALSE,20,elitize_generation_data,1,17,0.05,NA
3,68,negative-to-zero,tourney,FALSE,20,elitize_generation_data,2,9,0.037,NA
4,68,negative-to-zero,tourney,FALSE,20,elitize_generation_data,3,12,0.025,NA
5,68,negative-to-zero,tourney,FALSE,20,elitize_generation_data,4,7,0.021,NA
6,68,negative-to-zero,tourney,FALSE,20,elitize_generation_data,5,7,0.017,NA
7,68,negative-to-zero,tourney,FALSE,20,elitize_generation_data,6,8,0.014,NA
8,68,negative-to-zero,tourney,FALSE,20,elitize_generation_data,7,7,0.018,NA
9,68,negative-to-zero,tourney,FALSE,20,elitize_generation_data,8,7,0.013,NA
10,68,negative-to-zero,tourney,FALSE,20,elitize_generation_data,9,8,0.012,NA
11,68,negative-to-zero,tourney,FALSE,20,elitize_generation_data,10,7,0.014,NA
12,68,negative-to-zero,tourney,FALSE,20,elitize_generation_data,11,5,0.01,NA
13,68,negative-to-zero,tourney,FALSE,20,elitize_generation_data,12,6,0.009,NA
14,68,negative-to-zero,tourney,FALSE,20,elitize_generation_data,13,11,0.015,NA
15,68,negative-to-zero,tourney,FALSE,20,elitize_generation_data,14,6,0.008,NA
16,68,negative-to-zero,tourney,FALSE,20,elitize_generation_data,15,3,0.006,NA
17,68,negative-to-zero,tourney,FALSE,20,elitize_generation_data,16,7,0.013,NA
18,68,negative-to-zero,tourney,FALSE,20,elitize_generation_data,17,4,0.005,NA
19,68,negative-to-zero,tourney,FALSE,20,elitize_generation_data,18,5,0.01,NA
20,68,negative-to-zero,tourney,FALSE,20,elitize_generation_data,19,5,0.008,NA
21,68,negative-to-zero,tourney,FALSE,20,elitize_generation_data,20,5,0.01,NA
22,68,negative-to-zero,tourney,FALSE,20,elitize_generation_data,21,5,0.014,NA
23,68,negative-to-zero,tourney,FALSE,20,elitize_generation_data,22,5,0.01,NA
24,68,negative-to-zero,tourney,FALSE,20,elitize_generation_data,23,4,0.008,NA
25,68,negative-to-zero,tourney,FALSE,20,elitize_generation_data,24,8,0.01,NA
26,68,negative-to-zero,tourney,FALSE,20,elitize_generation_data,25,5,0.006,NA
27,68,negative-to-zero,tourney,FALSE,20,elitize_generation_data,26,4,0.006,NA
28,68,negative-to-zero,tourney,FALSE,20,elitize_generation_data,27,5,0.007,NA
29,68,negative-to-zero,tourney,FALSE,20,elitize_generation_data,28,4,0.005,NA
30,68,negative-to-zero,tourney,FALSE,20,elitize_generation_data,29,4,0.005,NA
31,68,negative-to-zero,tourney,FALSE,20,elitize_generation_data,30,5,0.008,NA
32,68,negative-to-zero,tourney,FALSE,20,elitize_generation_data,31,4,0.006,NA
33,68,negative-to-zero,tourney,FALSE,20,elitize_generation_data,32,3,0.003,NA
34,68,negative-to-zero,tourney,FALSE,20,elitize_generation_data,33,6,0.007,NA
35,68,negative-to-zero,tourney,FALSE,20,elitize_generation_data,34,4,0.007,NA
36,68,negative-to-zero,tourney,FALSE,20,elitize_generation_data,35,3,0.004,NA
37,68,negative-to-zero,tourney,FALSE,20,elitize_generation_data,36,5,0.007,NA
38,68,negative-to-zero,tourney,FALSE,20,elitize_generation_data,37,4,0.005,NA
39,68,negative-to-zero,tourney,FALSE,20,elitize_generation_data,38,3,0.004,NA
40,68,negative-to-zero,tourney,FALSE,20,elitize_generation_data,39,2,0.003,NA
41,68,negative-to-zero,tourney,FALSE,20,elitize_generation_data,40,5,0.007,NA
42,68,negative-to-zero,tourney,FALSE,20,elitize_generation_data,41,5,0.006,NA
43,68,negative-to-zero,tourney,FALSE,20,elitize_generation_data,42,4,0.005,NA
44,68,negative-to-zero,tourney,FALSE,20,elitize_generation_data,43,6,0.007,NA
45,68,negative-to-zero,tourney,FALSE,20,elitize_generation_data,44,3,0.005,NA
46,68,negative-to-zero,tourney,FALSE,20,elitize_generation_data,45,3,0.004,NA
47,68,negative-to-zero,tourney,FALSE,20,elitize_generation_data,46,3,0.005,NA
48,68,negative-to-zero,tourney,FALSE,20,elitize_generation_data,47,3,0.006,NA
49,68,negative-to-zero,tourney,FALSE,20,elitize_generation_data,48,4,0.006,NA
50,68,negative-to-zero,tourney,FALSE,20,elitize_generation_data,49,5,0.012,NA
51,68,negative-to-zero,tourney,FALSE,20,elitize_generation_data,50,5,0.012,NA
52,68,negative-to-zero,tourney,FALSE,20,elitize_generation_data,51,7,0.019,NA
53,68,negative-to-zero,tourney,FALSE,20,elitize_generation_data,52,7,0.02,NA
54,68,negative-to-zero,tourney,FALSE,20,elitize_generation_data,53,5,0.014,NA
55,68,negative-to-zero,tourney,FALSE,20,elitize_generation_data,54,6,0.016,NA
56,68,negative-to-zero,tourney,FALSE,20,elitize_generation_data,55,6,0.014,NA
57,68,negative-to-zero,tourney,FALSE,20,elitize_generation_data,56,7,0.018,NA
58,68,negative-to-zero,tourney,FALSE,20,elitize_generation_data,57,7,0.017,NA
59,68,negative-to-zero,tourney,FALSE,20,elitize_generation_data,58,6,0.014,NA
60,68,negative-to-zero,tourney,FALSE,20,elitize_generation_data,59,5,0.014,NA
61,68,negative-to-zero,tourney,FALSE,20,elitize_generation_data,60,7,0.017,NA
62,68,negative-to-zero,tourney,FALSE,20,elitize_generation_data,61,9,0.018,NA
63,68,negative-to-zero,tourney,FALSE,20,elitize_generation_data,62,8,0.018,NA
64,68,negative-to-zero,tourney,FALSE,20,elitize_generation_data,63,9,0.021,NA
65,68,negative-to-zero,tourney,FALSE,20,elitize_generation_data,64,9,0.017,NA
66,68,negative-to-zero,tourney,FALSE,20,elitize_generation_data,65,8,0.017,NA
67,68,negative-to-zero,tourney,FALSE,20,elitize_generation_data,66,9,0.018,NA
68,68,negative-to-zero,tourney,FALSE,20,elitize_generation_data,67,8,0.019,NA
69,68,negative-to-zero,tourney,FALSE,20,elitize_generation_data,68,9,0.024,NA
70,68,negative-to-zero,tourney,FALSE,20,elitize_generation_data,69,9,0.02,NA
71,68,negative-to-zero,tourney,FALSE,20,elitize_generation_data,70,8,0.028,NA
72,68,negative-to-zero,tourney,FALSE,20,elitize_generation_data,71,9,0.028,NA
73,68,negative-to-zero,tourney,FALSE,20,elitize_generation_data,72,12,0.029,NA
74,68,negative-to-zero,tourney,FALSE,20,elitize_generation_data,73,11,0.027,NA
75,68,negative-to-zero,tourney,FALSE,20,elitize_generation_data,74,14,0.036,NA
76,68,negative-to-zero,tourney,FALSE,20,elitize_generation_data,75,26,0.063,NA
77,68,negative-to-zero,tourney,FALSE,20,elitize_generation_data,76,9,0.105,NA
78,68,negative-to-zero,tourney,FALSE,20,elitize_generation_data,77,9,0.128,NA
79,68,negative-to-zero,tourney,FALSE,20,elitize_generation_data,78,16,0.105,NA
80,68,negative-to-zero,tourney,FALSE,20,elitize_generation_data,79,7,0.12,NA
81,68,negative-to-zero,tourney,FALSE,20,elitize_generation_data,80,15,0.129,NA
82,68,negative-to-zero,tourney,FALSE,20,elitize_generation_data,81,5,0.1,NA
83,68,negative-to-zero,tourney,FALSE,20,elitize_generation_data,82,6,0.097,NA
84,68,negative-to-zero,tourney,FALSE,20,elitize_generation_data,83,7,0.101,NA
85,68,negative-to-zero,tourney,FALSE,20,elitize_generation_data,84,8,0.107,NA
86,68,negative-to-zero,tourney,FALSE,20,elitize_generation_data,85,14,0.141,NA
87,68,negative-to-zero,tourney,FALSE,20,elitize_generation_data,86,5,0.157,NA
88,68,negative-to-zero,tourney,FALSE,20,elitize_generation_data,87,4,0.132,NA
89,68,negative-to-zero,tourney,FALSE,20,elitize_generation_data,88,4,0.141,NA
90,68,negative-to-zero,tourney,FALSE,20,elitize_generation_data,89,8,0.156,NA
91,68,negative-to-zero,tourney,FALSE,20,elitize_generation_data,90,6,0.167,NA
92,68,negative-to-zero,tourney,FALSE,20,elitize_generation_data,91,6,0.178,NA
93,68,negative-to-zero,tourney,FALSE,20,elitize_generation_data,92,21,0.171,NA
94,68,negative-to-zero,tourney,FALSE,20,elitize_generation_data,93,7,0.172,NA
95,68,negative-to-zero,tourney,FALSE,20,elitize_generation_data,94,8,0.181,NA
96,68,negative-to-zero,tourney,FALSE,20,elitize_generation_data,95,8,0.169,NA
97,68,negative-to-zero,tourney,FALSE,20,elitize_generation_data,96,10,0.178,NA
98,68,negative-to-zero,tourney,FALSE,20,elitize_generation_data,97,4,0.192,NA
99,68,negative-to-zero,tourney,FALSE,20,elitize_generation_data,98,7,0.171,NA
100,68,negative-to-zero,tourney,FALSE,20,elitize_generation_data,99,9,0.171,NA
101,68,negative-to-zero,tourney,FALSE,20,elitize_generation_data,100,9,0.196,NA
102,68,negative-to-zero,tourney,FALSE,20,elitize_generation_data,101,15,0.226,NA
103,68,negative-to-zero,tourney,FALSE,20,elitize_generation_data,102,6,0.225,NA
104,68,negative-to-zero,tourney,FALSE,20,elitize_generation_data,103,17,0.235,NA
105,68,negative-to-zero,tourney,FALSE,20,elitize_generation_data,104,4,0.238,NA
106,68,negative-to-zero,tourney,FALSE,20,elitize_generation_data,105,7,0.245,NA
107,68,negative-to-zero,tourney,FALSE,20,elitize_generation_data,106,6,0.268,NA
108,68,negative-to-zero,tourney,FALSE,20,elitize_generation_data,107,6,0.28,NA
109,68,negative-to-zero,tourney,FALSE,20,elitize_generation_data,108,6,0.295,NA
110,68,negative-to-zero,tourney,FALSE,20,elitize_generation_data,109,6,0.305,NA
111,68,negative-to-zero,tourney,FALSE,20,elitize_generation_data,110,7,0.278,NA
112,68,negative-to-zero,tourney,FALSE,20,elitize_generation_data,111,5,0.285,NA
113,68,negative-to-zero,tourney,FALSE,20,elitize_generation_data,112,7,0.283,NA
114,68,negative-to-zero,tourney,FALSE,20,elitize_generation_data,113,4,0.355,NA
115,68,negative-to-zero,tourney,FALSE,20,elitize_generation_data,114,5,0.415,NA
116,68,negative-to-zero,tourney,FALSE,20,elitize_generation_data,115,3,0.467,NA
117,68,negative-to-zero,tourney,FALSE,20,elitize_generation_data,116,4,0.473,NA
118,68,negative-to-zero,tourney,FALSE,20,elitize_generation_data,117,5,0.457,NA
119,68,negative-to-zero,tourney,FALSE,20,elitize_generation_data,118,6,0.441,NA
120,68,negative-to-zero,tourney,FALSE,20,elitize_generation_data,119,4,0.361,NA
121,68,negative-to-zero,tourney,FALSE,20,elitize_generation_data,120,4,0.309,NA
122,68,negative-to-zero,tourney,FALSE,20,elitize_generation_data,121,4,0.295,NA
123,68,negative-to-zero,tourney,FALSE,20,elitize_generation_data,122,3,0.31,NA
124,68,negative-to-zero,tourney,FALSE,20,elitize_generation_data,123,5,0.358,NA
125,68,negative-to-zero,tourney,FALSE,20,elitize_generation_data,124,3,0.403,NA
126,68,negative-to-zero,tourney,FALSE,20,elitize_generation_data,125,4,0.438,NA
127,68,negative-to-zero,tourney,FALSE,20,elitize_generation_data,126,3,0.465,NA
128,68,negative-to-zero,tourney,FALSE,20,elitize_generation_data,127,4,0.479,NA
129,68,negative-to-zero,tourney,FALSE,20,elitize_generation_data,128,3,0.48,NA
130,68,negative-to-zero,tourney,FALSE,20,elitize_generation_data,129,3,0.475,NA
131,68,negative-to-zero,tourney,FALSE,20,elitize_generation_data,130,3,0.451,NA
132,68,negative-to-zero,tourney,FALSE,20,elitize_generation_data,131,4,0.455,NA
133,68,negative-to-zero,tourney,FALSE,20,elitize_generation_data,132,3,0.475,NA
134,68,negative-to-zero,tourney,FALSE,20,elitize_generation_data,133,3,0.513,NA
135,68,negative-to-zero,tourney,FALSE,20,elitize_generation_data,134,3,0.512,NA
136,68,negative-to-zero,tourney,FALSE,20,elitize_generation_data,135,4,0.526,NA
137,68,negative-to-zero,tourney,FALSE,20,elitize_generation_data,136,2,0.556,NA
138,68,negative-to-zero,tourney,FALSE,20,elitize_generation_data,137,3,0.508,NA
139,68,negative-to-zero,tourney,FALSE,20,elitize_generation_data,138,2,0.535,NA
140,68,negative-to-zero,tourney,FALSE,20,elitize_generation_data,139,3,0.549,NA
141,68,negative-to-zero,tourney,FALSE,20,elitize_generation_data,140,3,0.545,NA
142,68,negative-to-zero,tourney,FALSE,20,elitize_generation_data,141,3,0.545,NA
143,68,negative-to-zero,tourney,FALSE,20,elitize_generation_data,142,3,0.547,NA
144,68,negative-to-zero,tourney,FALSE,20,elitize_generation_data,143,3,0.566,NA
145,68,negative-to-zero,tourney,FALSE,20,elitize_generation_data,144,3,0.577,NA
146,68,negative-to-zero,tourney,FALSE,20,elitize_generation_data,145,2,0.599,NA
147,68,negative-to-zero,tourney,FALSE,20,elitize_generation_data,146,2,0.545,NA
148,68,negative-to-zero,tourney,FALSE,20,elitize_generation_data,147,2,0.538,NA
149,68,negative-to-zero,tourney,FALSE,20,elitize_generation_data,148,2,0.549,NA
150,68,negative-to-zero,tourney,FALSE,20,elitize_generation_data,149,4,0.562,NA
151,68,negative-to-zero,tourney,FALSE,20,elitize_generation_data,150,6,0.574,NA
152,68,negative-to-zero,tourney,FALSE,20,elitize_generation_data,151,2,0.562,NA
153,68,negative-to-zero,tourney,FALSE,20,elitize_generation_data,152,2,0.591,NA
154,68,negative-to-zero,tourney,FALSE,20,elitize_generation_data,153,2,0.595,NA
155,68,negative-to-zero,tourney,FALSE,20,elitize_generation_data,154,2,0.628,NA
156,68,negative-to-zero,tourney,FALSE,20,elitize_generation_data,155,2,0.597,NA
157,68,negative-to-zero,tourney,FALSE,20,elitize_generation_data,156,3,0.641,NA
158,68,negative-to-zero,tourney,FALSE,20,elitize_generation_data,157,2,0.638,NA
159,68,negative-to-zero,tourney,FALSE,20,elitize_generation_data,158,2,0.666,NA
160,68,negative-to-zero,tourney,FALSE,20,elitize_generation_data,159,2,0.659,NA
161,68,negative-to-zero,tourney,FALSE,20,elitize_generation_data,160,2,0.668,NA
162,68,negative-to-zero,tourney,FALSE,20,elitize_generation_data,161,2,0.654,NA
163,68,negative-to-zero,tourney,FALSE,20,elitize_generation_data,162,4,0.678,NA
164,68,negative-to-zero,tourney,FALSE,20,elitize_generation_data,163,3,0.747,NA
165,68,negative-to-zero,tourney,FALSE,20,elitize_generation_data,164,5,0.795,NA
166,68,negative-to-zero,tourney,FALSE,20,elitize_generation_data,165,6,0.83,NA
167,68,negative-to-zero,tourney,FALSE,20,elitize_generation_data,166,5,0.854,NA
168,68,negative-to-zero,tourney,FALSE,20,elitize_generation_data,167,4,0.858,NA
169,68,negative-to-zero,tourney,FALSE,20,elitize_generation_data,168,6,0.862,NA
170,68,negative-to-zero,tourney,FALSE,20,elitize_generation_data,169,6,0.848,NA
171,68,negative-to-zero,tourney,FALSE,20,elitize_generation_data,170,4,0.87,NA
172,68,negative-to-zero,tourney,FALSE,20,elitize_generation_data,171,6,0.842,NA
173,68,negative-to-zero,tourney,FALSE,20,elitize_generation_data,172,5,0.848,NA
174,68,negative-to-zero,tourney,FALSE,20,elitize_generation_data,173,6,0.821,NA
175,68,negative-to-zero,tourney,FALSE,20,elitize_generation_data,174,6,0.827,NA
176,68,negative-to-zero,tourney,FALSE,20,elitize_generation_data,175,6,0.803,NA
177,68,negative-to-zero,tourney,FALSE,20,elitize_generation_data,176,7,0.825,NA
178,68,negative-to-zero,tourney,FALSE,20,elitize_generation_data,177,6,0.826,NA
179,68,negative-to-zero,tourney,FALSE,20,elitize_generation_data,178,6,0.813,NA
180,68,negative-to-zero,tourney,FALSE,20,elitize_generation_data,179,5,0.833,NA
181,68,negative-to-zero,tourney,FALSE,20,elitize_generation_data,180,8,0.832,NA
182,68,negative-to-zero,tourney,FALSE,20,elitize_generation_data,181,8,0.811,NA
183,68,negative-to-zero,tourney,FALSE,20,elitize_generation_data,182,8,0.809,NA
184,68,negative-to-zero,tourney,FALSE,20,elitize_generation_data,183,6,0.821,NA
185,68,negative-to-zero,tourney,FALSE,20,elitize_generation_data,184,6,0.806,NA
186,68,negative-to-zero,tourney,FALSE,20,elitize_generation_data,185,6,0.795,NA
187,68,negative-to-zero,tourney,FALSE,20,elitize_generation_data,186,4,0.801,NA
188,68,negative-to-zero,tourney,FALSE,20,elitize_generation_data,187,5,0.789,NA
189,68,negative-to-zero,tourney,FALSE,20,elitize_generation_data,188,8,0.786,NA
190,68,negative-to-zero,tourney,FALSE,20,elitize_generation_data,189,7,0.819,NA
191,68,negative-to-zero,tourney,FALSE,20,elitize_generation_data,190,3,0.798,NA
192,68,negative-to-zero,tourney,FALSE,20,elitize_generation_data,191,7,0.813,NA
193,68,negative-to-zero,tourney,FALSE,20,elitize_generation_data,192,4,0.815,NA
194,68,negative-to-zero,tourney,FALSE,20,elitize_generation_data,193,7,0.834,NA
195,68,negative-to-zero,tourney,FALSE,20,elitize_generation_data,194,11,0.829,NA
196,68,negative-to-zero,tourney,FALSE,20,elitize_generation_data,195,7,0.807,NA
197,68,negative-to-zero,tourney,FALSE,20,elitize_generation_data,196,5,0.811,NA
198,68,negative-to-zero,tourney,FALSE,20,elitize_generation_data,197,7,0.808,NA
199,68,negative-to-zero,tourney,FALSE,20,elitize_generation_data,198,7,0.799,NA
200,68,negative-to-zero,tourney,FALSE,20,elitize_generation_data,199,6,0.775,NA
201,68,negative-to-zero,tourney,FALSE,20,elitize_generation_data,200,10,0.813,NA
202,68,negative-to-zero,tourney,FALSE,20,elitize_generation_data,201,9,0.798,NA
203,68,negative-to-zero,tourney,FALSE,20,elitize_generation_data,202,7,0.808,NA
204,68,negative-to-zero,tourney,FALSE,20,elitize_generation_data,203,10,0.814,NA
205,68,negative-to-zero,tourney,FALSE,20,elitize_generation_data,204,7,0.832,NA
206,68,negative-to-zero,tourney,FALSE,20,elitize_generation_data,205,10,0.83,NA
207,68,negative-to-zero,tourney,FALSE,20,elitize_generation_data,206,17,0.815,NA
208,68,negative-to-zero,tourney,FALSE,20,elitize_generation_data,207,13,0.742,NA
209,68,negative-to-zero,tourney,FALSE,20,elitize_generation_data,208,20,0.513,NA
210,68,negative-to-zero,tourney,FALSE,20,elitize_generation_data,209,22,0.338,NA
211,68,negative-to-zero,tourney,FALSE,20,elitize_generation_data,210,18,0.337,NA
212,68,negative-to-zero,tourney,FALSE,20,elitize_generation_data,211,21,0.324,NA
213,68,negative-to-zero,tourney,FALSE,20,elitize_generation_data,212,25,0.317,NA
214,68,negative-to-zero,tourney,FALSE,20,elitize_generation_data,213,28,0.317,NA
215,68,negative-to-zero,tourney,FALSE,20,elitize_generation_data,214,24,0.299,NA
216,68,negative-to-zero,tourney,FALSE,20,elitize_generation_data,215,27,0.287,NA
217,68,negative-to-zero,tourney,FALSE,20,elitize_generation_data,216,21,0.29,NA
218,68,negative-to-zero,tourney,FALSE,20,elitize_generation_data,217,24,0.302,NA
219,68,negative-to-zero,tourney,FALSE,20,elitize_generation_data,218,23,0.318,NA
220,68,negative-to-zero,tourney,FALSE,20,elitize_generation_data,219,25,0.332,NA
221,68,negative-to-zero,tourney,FALSE,20,elitize_generation_data,220,23,0.308,NA
222,68,negative-to-zero,tourney,FALSE,20,elitize_generation_data,221,27,0.305,NA
223,68,negative-to-zero,tourney,FALSE,20,elitize_generation_data,222,21,0.326,NA
224,68,negative-to-zero,tourney,FALSE,20,elitize_generation_data,223,17,0.314,NA
225,68,negative-to-zero,tourney,FALSE,20,elitize_generation_data,224,26,0.338,NA
226,68,negative-to-zero,tourney,FALSE,20,elitize_generation_data,225,23,0.292,NA
227,68,negative-to-zero,tourney,FALSE,20,elitize_generation_data,226,31,0.298,NA
228,68,negative-to-zero,tourney,FALSE,20,elitize_generation_data,227,24,0.283,NA
229,68,negative-to-zero,tourney,FALSE,20,elitize_generation_data,228,28,0.303,NA
230,68,negative-to-zero,tourney,FALSE,20,elitize_generation_data,229,20,0.289,NA
231,68,negative-to-zero,tourney,FALSE,20,elitize_generation_data,230,17,0.296,NA
232,68,negative-to-zero,tourney,FALSE,20,elitize_generation_data,231,25,0.272,NA
233,68,negative-to-zero,tourney,FALSE,20,elitize_generation_data,232,21,0.288,NA
234,68,negative-to-zero,tourney,FALSE,20,elitize_generation_data,233,28,0.289,NA
235,68,negative-to-zero,tourney,FALSE,20,elitize_generation_data,234,24,0.283,NA
236,68,negative-to-zero,tourney,FALSE,20,elitize_generation_data,235,22,0.314,NA
237,68,negative-to-zero,tourney,FALSE,20,elitize_generation_data,236,23,0.287,NA
238,68,negative-to-zero,tourney,FALSE,20,elitize_generation_data,237,20,0.318,NA
239,68,negative-to-zero,tourney,FALSE,20,elitize_generation_data,238,30,0.328,NA
240,68,negative-to-zero,tourney,FALSE,20,elitize_generation_data,239,27,0.312,NA
241,68,negative-to-zero,tourney,FALSE,20,elitize_generation_data,240,32,0.35,NA
242,68,negative-to-zero,tourney,FALSE,20,elitize_generation_data,241,19,0.317,NA
243,68,negative-to-zero,tourney,FALSE,20,elitize_generation_data,242,35,0.334,NA
244,68,negative-to-zero,tourney,FALSE,20,elitize_generation_data,243,19,0.321,NA
245,68,negative-to-zero,tourney,FALSE,20,elitize_generation_data,244,24,0.3,NA
246,68,negative-to-zero,tourney,FALSE,20,elitize_generation_data,245,20,0.304,NA
247,68,negative-to-zero,tourney,FALSE,20,elitize_generation_data,246,28,0.372,NA
248,68,negative-to-zero,tourney,FALSE,20,elitize_generation_data,247,30,0.338,NA
249,68,negative-to-zero,tourney,FALSE,20,elitize_generation_data,248,28,0.332,NA
250,68,negative-to-zero,tourney,FALSE,20,elitize_generation_data,249,24,0.349,NA
251,68,negative-to-zero,tourney,FALSE,20,elitize_generation_data,250,26,0.307,NA
252,68,negative-to-zero,tourney,FALSE,20,elitize_generation_data,251,26,0.327,NA
253,68,negative-to-zero,tourney,FALSE,20,elitize_generation_data,252,17,0.323,NA
254,68,negative-to-zero,tourney,FALSE,20,elitize_generation_data,253,25,0.322,NA
255,68,negative-to-zero,tourney,FALSE,20,elitize_generation_data,254,28,0.332,NA
256,68,negative-to-zero,tourney,FALSE,20,elitize_generation_data,255,25,0.307,NA
257,68,negative-to-zero,tourney,FALSE,20,elitize_generation_data,256,22,0.334,NA
258,68,negative-to-zero,tourney,FALSE,20,elitize_generation_data,257,21,0.339,NA
259,68,negative-to-zero,tourney,FALSE,20,elitize_generation_data,258,26,0.326,NA
260,68,negative-to-zero,tourney,FALSE,20,elitize_generation_data,259,29,0.369,NA
261,68,negative-to-zero,tourney,FALSE,20,elitize_generation_data,260,25,0.347,NA
262,68,negative-to-zero,tourney,FALSE,20,elitize_generation_data,261,25,0.339,NA
263,68,negative-to-zero,tourney,FALSE,20,elitize_generation_data,262,27,0.345,NA
264,68,negative-to-zero,tourney,FALSE,20,elitize_generation_data,263,35,0.357,NA
265,68,negative-to-zero,tourney,FALSE,20,elitize_generation_data,264,27,0.359,NA
266,68,negative-to-zero,tourney,FALSE,20,elitize_generation_data,265,34,0.348,NA
267,68,negative-to-zero,tourney,FALSE,20,elitize_generation_data,266,29,0.361,NA
268,68,negative-to-zero,tourney,FALSE,20,elitize_generation_data,267,17,0.35,NA
269,68,negative-to-zero,tourney,FALSE,20,elitize_generation_data,268,27,0.358,NA
270,68,negative-to-zero,tourney,FALSE,20,elitize_generation_data,269,26,0.344,NA
271,68,negative-to-zero,tourney,FALSE,20,elitize_generation_data,270,27,0.361,NA
272,68,negative-to-zero,tourney,FALSE,20,elitize_generation_data,271,30,0.356,NA
273,68,negative-to-zero,tourney,FALSE,20,elitize_generation_data,272,31,0.367,NA
274,68,negative-to-zero,tourney,FALSE,20,elitize_generation_data,273,24,0.373,NA
275,68,negative-to-zero,tourney,FALSE,20,elitize_generation_data,274,34,0.377,NA
276,68,negative-to-zero,tourney,FALSE,20,elitize_generation_data,275,39,0.361,NA
277,68,negative-to-zero,tourney,FALSE,20,elitize_generation_data,276,31,0.338,NA
278,68,negative-to-zero,tourney,FALSE,20,elitize_generation_data,277,33,0.311,NA
279,68,negative-to-zero,tourney,FALSE,20,elitize_generation_data,278,27,0.332,NA
280,68,negative-to-zero,tourney,FALSE,20,elitize_generation_data,279,33,0.331,NA
281,68,negative-to-zero,tourney,FALSE,20,elitize_generation_data,280,34,0.332,NA
282,68,negative-to-zero,tourney,FALSE,20,elitize_generation_data,281,29,0.322,NA
283,68,negative-to-zero,tourney,FALSE,20,elitize_generation_data,282,28,0.35,NA
284,68,negative-to-zero,tourney,FALSE,20,elitize_generation_data,283,38,0.349,NA
285,68,negative-to-zero,tourney,FALSE,20,elitize_generation_data,284,37,0.333,NA
286,68,negative-to-zero,tourney,FALSE,20,elitize_generation_data,285,30,0.318,NA
287,68,negative-to-zero,tourney,FALSE,20,elitize_generation_data,286,29,0.313,NA
288,68,negative-to-zero,tourney,FALSE,20,elitize_generation_data,287,34,0.348,NA
289,68,negative-to-zero,tourney,FALSE,20,elitize_generation_data,288,32,0.341,NA
290,68,negative-to-zero,tourney,FALSE,20,elitize_generation_data,289,29,0.348,NA
291,68,negative-to-zero,tourney,FALSE,20,elitize_generation_data,290,26,0.343,NA
292,68,negative-to-zero,tourney,FALSE,20,elitize_generation_data,291,30,0.329,NA
293,68,negative-to-zero,tourney,FALSE,20,elitize_generation_data,292,27,0.32,NA
294,68,negative-to-zero,tourney,FALSE,20,elitize_generation_data,293,24,0.342,NA
295,68,negative-to-zero,tourney,FALSE,20,elitize_generation_data,294,30,0.364,NA
296,68,negative-to-zero,tourney,FALSE,20,elitize_generation_data,295,33,0.337,NA
297,68,negative-to-zero,tourney,FALSE,20,elitize_generation_data,296,28,0.359,NA
298,68,negative-to-zero,tourney,FALSE,20,elitize_generation_data,297,26,0.329,NA
299,68,negative-to-zero,tourney,FALSE,20,elitize_generation_data,298,30,0.346,NA
300,68,negative-to-zero,tourney,FALSE,20,elitize_generation_data,299,31,0.368,NA
301,68,negative-to-zero,tourney,FALSE,20,elitize_generation_data,300,27,0.383,NA
