,run.num,problem,treatment,succeeded,height,normalization.function,generation,cluster.count,error.diversity,success.generation
1,31,negative-to-zero,tourney,TRUE,20,elitize_generation_data,0,13,0.038,136
2,31,negative-to-zero,tourney,TRUE,20,elitize_generation_data,1,15,0.059,136
3,31,negative-to-zero,tourney,TRUE,20,elitize_generation_data,2,17,0.049,136
4,31,negative-to-zero,tourney,TRUE,20,elitize_generation_data,3,10,0.027,136
5,31,negative-to-zero,tourney,TRUE,20,elitize_generation_data,4,8,0.024,136
6,31,negative-to-zero,tourney,TRUE,20,elitize_generation_data,5,6,0.017,136
7,31,negative-to-zero,tourney,TRUE,20,elitize_generation_data,6,12,0.025,136
8,31,negative-to-zero,tourney,TRUE,20,elitize_generation_data,7,9,0.017,136
9,31,negative-to-zero,tourney,TRUE,20,elitize_generation_data,8,10,0.023,136
10,31,negative-to-zero,tourney,TRUE,20,elitize_generation_data,9,8,0.02,136
11,31,negative-to-zero,tourney,TRUE,20,elitize_generation_data,10,7,0.012,136
12,31,negative-to-zero,tourney,TRUE,20,elitize_generation_data,11,5,0.011,136
13,31,negative-to-zero,tourney,TRUE,20,elitize_generation_data,12,5,0.015,136
14,31,negative-to-zero,tourney,TRUE,20,elitize_generation_data,13,7,0.018,136
15,31,negative-to-zero,tourney,TRUE,20,elitize_generation_data,14,8,0.016,136
16,31,negative-to-zero,tourney,TRUE,20,elitize_generation_data,15,6,0.012,136
17,31,negative-to-zero,tourney,TRUE,20,elitize_generation_data,16,8,0.015,136
18,31,negative-to-zero,tourney,TRUE,20,elitize_generation_data,17,5,0.009,136
19,31,negative-to-zero,tourney,TRUE,20,elitize_generation_data,18,6,0.012,136
20,31,negative-to-zero,tourney,TRUE,20,elitize_generation_data,19,8,0.014,136
21,31,negative-to-zero,tourney,TRUE,20,elitize_generation_data,20,7,0.016,136
22,31,negative-to-zero,tourney,TRUE,20,elitize_generation_data,21,9,0.016,136
23,31,negative-to-zero,tourney,TRUE,20,elitize_generation_data,22,5,0.008,136
24,31,negative-to-zero,tourney,TRUE,20,elitize_generation_data,23,8,0.014,136
25,31,negative-to-zero,tourney,TRUE,20,elitize_generation_data,24,5,0.01,136
26,31,negative-to-zero,tourney,TRUE,20,elitize_generation_data,25,5,0.013,136
27,31,negative-to-zero,tourney,TRUE,20,elitize_generation_data,26,5,0.013,136
28,31,negative-to-zero,tourney,TRUE,20,elitize_generation_data,27,7,0.015,136
29,31,negative-to-zero,tourney,TRUE,20,elitize_generation_data,28,6,0.021,136
30,31,negative-to-zero,tourney,TRUE,20,elitize_generation_data,29,6,0.026,136
31,31,negative-to-zero,tourney,TRUE,20,elitize_generation_data,30,9,0.032,136
32,31,negative-to-zero,tourney,TRUE,20,elitize_generation_data,31,8,0.033,136
33,31,negative-to-zero,tourney,TRUE,20,elitize_generation_data,32,9,0.048,136
34,31,negative-to-zero,tourney,TRUE,20,elitize_generation_data,33,10,0.079,136
35,31,negative-to-zero,tourney,TRUE,20,elitize_generation_data,34,9,0.113,136
36,31,negative-to-zero,tourney,TRUE,20,elitize_generation_data,35,8,0.139,136
37,31,negative-to-zero,tourney,TRUE,20,elitize_generation_data,36,8,0.095,136
38,31,negative-to-zero,tourney,TRUE,20,elitize_generation_data,37,12,0.101,136
39,31,negative-to-zero,tourney,TRUE,20,elitize_generation_data,38,9,0.132,136
40,31,negative-to-zero,tourney,TRUE,20,elitize_generation_data,39,14,0.169,136
41,31,negative-to-zero,tourney,TRUE,20,elitize_generation_data,40,11,0.199,136
42,31,negative-to-zero,tourney,TRUE,20,elitize_generation_data,41,12,0.192,136
43,31,negative-to-zero,tourney,TRUE,20,elitize_generation_data,42,11,0.219,136
44,31,negative-to-zero,tourney,TRUE,20,elitize_generation_data,43,17,0.26,136
45,31,negative-to-zero,tourney,TRUE,20,elitize_generation_data,44,17,0.285,136
46,31,negative-to-zero,tourney,TRUE,20,elitize_generation_data,45,11,0.278,136
47,31,negative-to-zero,tourney,TRUE,20,elitize_generation_data,46,17,0.26,136
48,31,negative-to-zero,tourney,TRUE,20,elitize_generation_data,47,15,0.282,136
49,31,negative-to-zero,tourney,TRUE,20,elitize_generation_data,48,11,0.236,136
50,31,negative-to-zero,tourney,TRUE,20,elitize_generation_data,49,17,0.182,136
51,31,negative-to-zero,tourney,TRUE,20,elitize_generation_data,50,18,0.157,136
52,31,negative-to-zero,tourney,TRUE,20,elitize_generation_data,51,12,0.12,136
53,31,negative-to-zero,tourney,TRUE,20,elitize_generation_data,52,15,0.12,136
54,31,negative-to-zero,tourney,TRUE,20,elitize_generation_data,53,16,0.134,136
55,31,negative-to-zero,tourney,TRUE,20,elitize_generation_data,54,17,0.131,136
56,31,negative-to-zero,tourney,TRUE,20,elitize_generation_data,55,17,0.15,136
57,31,negative-to-zero,tourney,TRUE,20,elitize_generation_data,56,17,0.14,136
58,31,negative-to-zero,tourney,TRUE,20,elitize_generation_data,57,12,0.175,136
59,31,negative-to-zero,tourney,TRUE,20,elitize_generation_data,58,12,0.185,136
60,31,negative-to-zero,tourney,TRUE,20,elitize_generation_data,59,12,0.228,136
61,31,negative-to-zero,tourney,TRUE,20,elitize_generation_data,60,13,0.249,136
62,31,negative-to-zero,tourney,TRUE,20,elitize_generation_data,61,10,0.301,136
63,31,negative-to-zero,tourney,TRUE,20,elitize_generation_data,62,11,0.323,136
64,31,negative-to-zero,tourney,TRUE,20,elitize_generation_data,63,11,0.363,136
65,31,negative-to-zero,tourney,TRUE,20,elitize_generation_data,64,19,0.376,136
66,31,negative-to-zero,tourney,TRUE,20,elitize_generation_data,65,15,0.408,136
67,31,negative-to-zero,tourney,TRUE,20,elitize_generation_data,66,16,0.427,136
68,31,negative-to-zero,tourney,TRUE,20,elitize_generation_data,67,16,0.376,136
69,31,negative-to-zero,tourney,TRUE,20,elitize_generation_data,68,15,0.412,136
70,31,negative-to-zero,tourney,TRUE,20,elitize_generation_data,69,19,0.422,136
71,31,negative-to-zero,tourney,TRUE,20,elitize_generation_data,70,24,0.416,136
72,31,negative-to-zero,tourney,TRUE,20,elitize_generation_data,71,19,0.431,136
73,31,negative-to-zero,tourney,TRUE,20,elitize_generation_data,72,24,0.452,136
74,31,negative-to-zero,tourney,TRUE,20,elitize_generation_data,73,28,0.458,136
75,31,negative-to-zero,tourney,TRUE,20,elitize_generation_data,74,25,0.446,136
76,31,negative-to-zero,tourney,TRUE,20,elitize_generation_data,75,30,0.462,136
77,31,negative-to-zero,tourney,TRUE,20,elitize_generation_data,76,26,0.555,136
78,31,negative-to-zero,tourney,TRUE,20,elitize_generation_data,77,23,0.558,136
79,31,negative-to-zero,tourney,TRUE,20,elitize_generation_data,78,33,0.611,136
80,31,negative-to-zero,tourney,TRUE,20,elitize_generation_data,79,28,0.601,136
81,31,negative-to-zero,tourney,TRUE,20,elitize_generation_data,80,23,0.583,136
82,31,negative-to-zero,tourney,TRUE,20,elitize_generation_data,81,28,0.552,136
83,31,negative-to-zero,tourney,TRUE,20,elitize_generation_data,82,35,0.573,136
84,31,negative-to-zero,tourney,TRUE,20,elitize_generation_data,83,33,0.566,136
85,31,negative-to-zero,tourney,TRUE,20,elitize_generation_data,84,29,0.544,136
86,31,negative-to-zero,tourney,TRUE,20,elitize_generation_data,85,23,0.576,136
87,31,negative-to-zero,tourney,TRUE,20,elitize_generation_data,86,26,0.602,136
88,31,negative-to-zero,tourney,TRUE,20,elitize_generation_data,87,19,0.59,136
89,31,negative-to-zero,tourney,TRUE,20,elitize_generation_data,88,32,0.623,136
90,31,negative-to-zero,tourney,TRUE,20,elitize_generation_data,89,29,0.634,136
91,31,negative-to-zero,tourney,TRUE,20,elitize_generation_data,90,30,0.645,136
92,31,negative-to-zero,tourney,TRUE,20,elitize_generation_data,91,33,0.616,136
93,31,negative-to-zero,tourney,TRUE,20,elitize_generation_data,92,28,0.604,136
94,31,negative-to-zero,tourney,TRUE,20,elitize_generation_data,93,30,0.591,136
95,31,negative-to-zero,tourney,TRUE,20,elitize_generation_data,94,33,0.581,136
96,31,negative-to-zero,tourney,TRUE,20,elitize_generation_data,95,29,0.606,136
97,31,negative-to-zero,tourney,TRUE,20,elitize_generation_data,96,31,0.583,136
98,31,negative-to-zero,tourney,TRUE,20,elitize_generation_data,97,29,0.598,136
99,31,negative-to-zero,tourney,TRUE,20,elitize_generation_data,98,27,0.587,136
100,31,negative-to-zero,tourney,TRUE,20,elitize_generation_data,99,29,0.59,136
101,31,negative-to-zero,tourney,TRUE,20,elitize_generation_data,100,24,0.6,136
102,31,negative-to-zero,tourney,TRUE,20,elitize_generation_data,101,33,0.66,136
103,31,negative-to-zero,tourney,TRUE,20,elitize_generation_data,102,25,0.662,136
104,31,negative-to-zero,tourney,TRUE,20,elitize_generation_data,103,31,0.675,136
105,31,negative-to-zero,tourney,TRUE,20,elitize_generation_data,104,23,0.64,136
106,31,negative-to-zero,tourney,TRUE,20,elitize_generation_data,105,27,0.66,136
107,31,negative-to-zero,tourney,TRUE,20,elitize_generation_data,106,20,0.678,136
108,31,negative-to-zero,tourney,TRUE,20,elitize_generation_data,107,23,0.665,136
109,31,negative-to-zero,tourney,TRUE,20,elitize_generation_data,108,25,0.646,136
110,31,negative-to-zero,tourney,TRUE,20,elitize_generation_data,109,22,0.607,136
111,31,negative-to-zero,tourney,TRUE,20,elitize_generation_data,110,22,0.595,136
112,31,negative-to-zero,tourney,TRUE,20,elitize_generation_data,111,14,0.601,136
113,31,negative-to-zero,tourney,TRUE,20,elitize_generation_data,112,33,0.609,136
114,31,negative-to-zero,tourney,TRUE,20,elitize_generation_data,113,26,0.607,136
115,31,negative-to-zero,tourney,TRUE,20,elitize_generation_data,114,24,0.609,136
116,31,negative-to-zero,tourney,TRUE,20,elitize_generation_data,115,27,0.616,136
117,31,negative-to-zero,tourney,TRUE,20,elitize_generation_data,116,21,0.613,136
118,31,negative-to-zero,tourney,TRUE,20,elitize_generation_data,117,24,0.578,136
119,31,negative-to-zero,tourney,TRUE,20,elitize_generation_data,118,29,0.586,136
120,31,negative-to-zero,tourney,TRUE,20,elitize_generation_data,119,27,0.588,136
121,31,negative-to-zero,tourney,TRUE,20,elitize_generation_data,120,33,0.597,136
122,31,negative-to-zero,tourney,TRUE,20,elitize_generation_data,121,19,0.573,136
123,31,negative-to-zero,tourney,TRUE,20,elitize_generation_data,122,26,0.579,136
124,31,negative-to-zero,tourney,TRUE,20,elitize_generation_data,123,20,0.61,136
125,31,negative-to-zero,tourney,TRUE,20,elitize_generation_data,124,22,0.63,136
126,31,negative-to-zero,tourney,TRUE,20,elitize_generation_data,125,24,0.629,136
127,31,negative-to-zero,tourney,TRUE,20,elitize_generation_data,126,29,0.632,136
128,31,negative-to-zero,tourney,TRUE,20,elitize_generation_data,127,32,0.603,136
129,31,negative-to-zero,tourney,TRUE,20,elitize_generation_data,128,30,0.6,136
130,31,negative-to-zero,tourney,TRUE,20,elitize_generation_data,129,24,0.596,136
131,31,negative-to-zero,tourney,TRUE,20,elitize_generation_data,130,26,0.591,136
132,31,negative-to-zero,tourney,TRUE,20,elitize_generation_data,131,29,0.572,136
133,31,negative-to-zero,tourney,TRUE,20,elitize_generation_data,132,21,0.587,136
134,31,negative-to-zero,tourney,TRUE,20,elitize_generation_data,133,13,0.588,136
135,31,negative-to-zero,tourney,TRUE,20,elitize_generation_data,134,15,0.584,136
136,31,negative-to-zero,tourney,TRUE,20,elitize_generation_data,135,15,0.59,136
137,31,negative-to-zero,tourney,TRUE,20,elitize_generation_data,136,9,0.58,136
