,run.num,problem,treatment,succeeded,height,normalization.function,generation,cluster.count,error.diversity,success.generation
1,90,negative-to-zero,tourney,FALSE,20,elitize_generation_data,0,8,0.037,NA
2,90,negative-to-zero,tourney,FALSE,20,elitize_generation_data,1,12,0.047,NA
3,90,negative-to-zero,tourney,FALSE,20,elitize_generation_data,2,6,0.03,NA
4,90,negative-to-zero,tourney,FALSE,20,elitize_generation_data,3,5,0.019,NA
5,90,negative-to-zero,tourney,FALSE,20,elitize_generation_data,4,5,0.018,NA
6,90,negative-to-zero,tourney,FALSE,20,elitize_generation_data,5,6,0.016,NA
7,90,negative-to-zero,tourney,FALSE,20,elitize_generation_data,6,5,0.017,NA
8,90,negative-to-zero,tourney,FALSE,20,elitize_generation_data,7,5,0.027,NA
9,90,negative-to-zero,tourney,FALSE,20,elitize_generation_data,8,5,0.021,NA
10,90,negative-to-zero,tourney,FALSE,20,elitize_generation_data,9,6,0.02,NA
11,90,negative-to-zero,tourney,FALSE,20,elitize_generation_data,10,9,0.031,NA
12,90,negative-to-zero,tourney,FALSE,20,elitize_generation_data,11,11,0.048,NA
13,90,negative-to-zero,tourney,FALSE,20,elitize_generation_data,12,12,0.06,NA
14,90,negative-to-zero,tourney,FALSE,20,elitize_generation_data,13,12,0.075,NA
15,90,negative-to-zero,tourney,FALSE,20,elitize_generation_data,14,9,0.063,NA
16,90,negative-to-zero,tourney,FALSE,20,elitize_generation_data,15,14,0.067,NA
17,90,negative-to-zero,tourney,FALSE,20,elitize_generation_data,16,13,0.1,NA
18,90,negative-to-zero,tourney,FALSE,20,elitize_generation_data,17,12,0.088,NA
19,90,negative-to-zero,tourney,FALSE,20,elitize_generation_data,18,11,0.125,NA
20,90,negative-to-zero,tourney,FALSE,20,elitize_generation_data,19,13,0.142,NA
21,90,negative-to-zero,tourney,FALSE,20,elitize_generation_data,20,14,0.154,NA
22,90,negative-to-zero,tourney,FALSE,20,elitize_generation_data,21,13,0.174,NA
23,90,negative-to-zero,tourney,FALSE,20,elitize_generation_data,22,17,0.166,NA
24,90,negative-to-zero,tourney,FALSE,20,elitize_generation_data,23,18,0.156,NA
25,90,negative-to-zero,tourney,FALSE,20,elitize_generation_data,24,20,0.155,NA
26,90,negative-to-zero,tourney,FALSE,20,elitize_generation_data,25,16,0.148,NA
27,90,negative-to-zero,tourney,FALSE,20,elitize_generation_data,26,18,0.147,NA
28,90,negative-to-zero,tourney,FALSE,20,elitize_generation_data,27,18,0.135,NA
29,90,negative-to-zero,tourney,FALSE,20,elitize_generation_data,28,11,0.134,NA
30,90,negative-to-zero,tourney,FALSE,20,elitize_generation_data,29,11,0.124,NA
31,90,negative-to-zero,tourney,FALSE,20,elitize_generation_data,30,19,0.132,NA
32,90,negative-to-zero,tourney,FALSE,20,elitize_generation_data,31,14,0.134,NA
33,90,negative-to-zero,tourney,FALSE,20,elitize_generation_data,32,12,0.128,NA
34,90,negative-to-zero,tourney,FALSE,20,elitize_generation_data,33,11,0.15,NA
35,90,negative-to-zero,tourney,FALSE,20,elitize_generation_data,34,18,0.121,NA
36,90,negative-to-zero,tourney,FALSE,20,elitize_generation_data,35,12,0.133,NA
37,90,negative-to-zero,tourney,FALSE,20,elitize_generation_data,36,12,0.149,NA
38,90,negative-to-zero,tourney,FALSE,20,elitize_generation_data,37,13,0.122,NA
39,90,negative-to-zero,tourney,FALSE,20,elitize_generation_data,38,13,0.165,NA
40,90,negative-to-zero,tourney,FALSE,20,elitize_generation_data,39,23,0.17,NA
41,90,negative-to-zero,tourney,FALSE,20,elitize_generation_data,40,16,0.156,NA
42,90,negative-to-zero,tourney,FALSE,20,elitize_generation_data,41,13,0.176,NA
43,90,negative-to-zero,tourney,FALSE,20,elitize_generation_data,42,13,0.166,NA
44,90,negative-to-zero,tourney,FALSE,20,elitize_generation_data,43,17,0.187,NA
45,90,negative-to-zero,tourney,FALSE,20,elitize_generation_data,44,25,0.192,NA
46,90,negative-to-zero,tourney,FALSE,20,elitize_generation_data,45,19,0.185,NA
47,90,negative-to-zero,tourney,FALSE,20,elitize_generation_data,46,18,0.185,NA
48,90,negative-to-zero,tourney,FALSE,20,elitize_generation_data,47,20,0.19,NA
49,90,negative-to-zero,tourney,FALSE,20,elitize_generation_data,48,32,0.215,NA
50,90,negative-to-zero,tourney,FALSE,20,elitize_generation_data,49,25,0.207,NA
51,90,negative-to-zero,tourney,FALSE,20,elitize_generation_data,50,26,0.21,NA
52,90,negative-to-zero,tourney,FALSE,20,elitize_generation_data,51,19,0.184,NA
53,90,negative-to-zero,tourney,FALSE,20,elitize_generation_data,52,22,0.152,NA
54,90,negative-to-zero,tourney,FALSE,20,elitize_generation_data,53,21,0.155,NA
55,90,negative-to-zero,tourney,FALSE,20,elitize_generation_data,54,27,0.152,NA
56,90,negative-to-zero,tourney,FALSE,20,elitize_generation_data,55,15,0.151,NA
57,90,negative-to-zero,tourney,FALSE,20,elitize_generation_data,56,22,0.165,NA
58,90,negative-to-zero,tourney,FALSE,20,elitize_generation_data,57,15,0.169,NA
59,90,negative-to-zero,tourney,FALSE,20,elitize_generation_data,58,15,0.151,NA
60,90,negative-to-zero,tourney,FALSE,20,elitize_generation_data,59,25,0.176,NA
61,90,negative-to-zero,tourney,FALSE,20,elitize_generation_data,60,20,0.173,NA
62,90,negative-to-zero,tourney,FALSE,20,elitize_generation_data,61,16,0.186,NA
63,90,negative-to-zero,tourney,FALSE,20,elitize_generation_data,62,19,0.192,NA
64,90,negative-to-zero,tourney,FALSE,20,elitize_generation_data,63,25,0.21,NA
65,90,negative-to-zero,tourney,FALSE,20,elitize_generation_data,64,24,0.183,NA
66,90,negative-to-zero,tourney,FALSE,20,elitize_generation_data,65,22,0.194,NA
67,90,negative-to-zero,tourney,FALSE,20,elitize_generation_data,66,35,0.217,NA
68,90,negative-to-zero,tourney,FALSE,20,elitize_generation_data,67,30,0.216,NA
69,90,negative-to-zero,tourney,FALSE,20,elitize_generation_data,68,35,0.209,NA
70,90,negative-to-zero,tourney,FALSE,20,elitize_generation_data,69,31,0.21,NA
71,90,negative-to-zero,tourney,FALSE,20,elitize_generation_data,70,30,0.198,NA
72,90,negative-to-zero,tourney,FALSE,20,elitize_generation_data,71,29,0.185,NA
73,90,negative-to-zero,tourney,FALSE,20,elitize_generation_data,72,37,0.18,NA
74,90,negative-to-zero,tourney,FALSE,20,elitize_generation_data,73,33,0.206,NA
75,90,negative-to-zero,tourney,FALSE,20,elitize_generation_data,74,33,0.193,NA
76,90,negative-to-zero,tourney,FALSE,20,elitize_generation_data,75,35,0.216,NA
77,90,negative-to-zero,tourney,FALSE,20,elitize_generation_data,76,29,0.207,NA
78,90,negative-to-zero,tourney,FALSE,20,elitize_generation_data,77,33,0.212,NA
79,90,negative-to-zero,tourney,FALSE,20,elitize_generation_data,78,35,0.234,NA
80,90,negative-to-zero,tourney,FALSE,20,elitize_generation_data,79,36,0.224,NA
81,90,negative-to-zero,tourney,FALSE,20,elitize_generation_data,80,29,0.194,NA
82,90,negative-to-zero,tourney,FALSE,20,elitize_generation_data,81,28,0.206,NA
83,90,negative-to-zero,tourney,FALSE,20,elitize_generation_data,82,26,0.202,NA
84,90,negative-to-zero,tourney,FALSE,20,elitize_generation_data,83,32,0.22,NA
85,90,negative-to-zero,tourney,FALSE,20,elitize_generation_data,84,25,0.198,NA
86,90,negative-to-zero,tourney,FALSE,20,elitize_generation_data,85,29,0.201,NA
87,90,negative-to-zero,tourney,FALSE,20,elitize_generation_data,86,27,0.186,NA
88,90,negative-to-zero,tourney,FALSE,20,elitize_generation_data,87,28,0.187,NA
89,90,negative-to-zero,tourney,FALSE,20,elitize_generation_data,88,27,0.209,NA
90,90,negative-to-zero,tourney,FALSE,20,elitize_generation_data,89,35,0.201,NA
91,90,negative-to-zero,tourney,FALSE,20,elitize_generation_data,90,22,0.192,NA
92,90,negative-to-zero,tourney,FALSE,20,elitize_generation_data,91,28,0.204,NA
93,90,negative-to-zero,tourney,FALSE,20,elitize_generation_data,92,30,0.222,NA
94,90,negative-to-zero,tourney,FALSE,20,elitize_generation_data,93,29,0.206,NA
95,90,negative-to-zero,tourney,FALSE,20,elitize_generation_data,94,25,0.192,NA
96,90,negative-to-zero,tourney,FALSE,20,elitize_generation_data,95,23,0.205,NA
97,90,negative-to-zero,tourney,FALSE,20,elitize_generation_data,96,27,0.218,NA
98,90,negative-to-zero,tourney,FALSE,20,elitize_generation_data,97,24,0.206,NA
99,90,negative-to-zero,tourney,FALSE,20,elitize_generation_data,98,23,0.183,NA
100,90,negative-to-zero,tourney,FALSE,20,elitize_generation_data,99,28,0.207,NA
101,90,negative-to-zero,tourney,FALSE,20,elitize_generation_data,100,26,0.214,NA
102,90,negative-to-zero,tourney,FALSE,20,elitize_generation_data,101,31,0.217,NA
103,90,negative-to-zero,tourney,FALSE,20,elitize_generation_data,102,29,0.198,NA
104,90,negative-to-zero,tourney,FALSE,20,elitize_generation_data,103,30,0.209,NA
105,90,negative-to-zero,tourney,FALSE,20,elitize_generation_data,104,30,0.192,NA
106,90,negative-to-zero,tourney,FALSE,20,elitize_generation_data,105,29,0.197,NA
107,90,negative-to-zero,tourney,FALSE,20,elitize_generation_data,106,25,0.199,NA
108,90,negative-to-zero,tourney,FALSE,20,elitize_generation_data,107,28,0.18,NA
109,90,negative-to-zero,tourney,FALSE,20,elitize_generation_data,108,29,0.188,NA
110,90,negative-to-zero,tourney,FALSE,20,elitize_generation_data,109,28,0.203,NA
111,90,negative-to-zero,tourney,FALSE,20,elitize_generation_data,110,27,0.188,NA
112,90,negative-to-zero,tourney,FALSE,20,elitize_generation_data,111,36,0.197,NA
113,90,negative-to-zero,tourney,FALSE,20,elitize_generation_data,112,32,0.182,NA
114,90,negative-to-zero,tourney,FALSE,20,elitize_generation_data,113,30,0.218,NA
115,90,negative-to-zero,tourney,FALSE,20,elitize_generation_data,114,40,0.231,NA
116,90,negative-to-zero,tourney,FALSE,20,elitize_generation_data,115,30,0.238,NA
117,90,negative-to-zero,tourney,FALSE,20,elitize_generation_data,116,32,0.246,NA
118,90,negative-to-zero,tourney,FALSE,20,elitize_generation_data,117,36,0.274,NA
119,90,negative-to-zero,tourney,FALSE,20,elitize_generation_data,118,26,0.274,NA
120,90,negative-to-zero,tourney,FALSE,20,elitize_generation_data,119,36,0.288,NA
121,90,negative-to-zero,tourney,FALSE,20,elitize_generation_data,120,31,0.26,NA
122,90,negative-to-zero,tourney,FALSE,20,elitize_generation_data,121,34,0.262,NA
123,90,negative-to-zero,tourney,FALSE,20,elitize_generation_data,122,38,0.266,NA
124,90,negative-to-zero,tourney,FALSE,20,elitize_generation_data,123,36,0.305,NA
125,90,negative-to-zero,tourney,FALSE,20,elitize_generation_data,124,31,0.283,NA
126,90,negative-to-zero,tourney,FALSE,20,elitize_generation_data,125,39,0.278,NA
127,90,negative-to-zero,tourney,FALSE,20,elitize_generation_data,126,32,0.277,NA
128,90,negative-to-zero,tourney,FALSE,20,elitize_generation_data,127,37,0.3,NA
129,90,negative-to-zero,tourney,FALSE,20,elitize_generation_data,128,30,0.278,NA
130,90,negative-to-zero,tourney,FALSE,20,elitize_generation_data,129,26,0.284,NA
131,90,negative-to-zero,tourney,FALSE,20,elitize_generation_data,130,34,0.281,NA
132,90,negative-to-zero,tourney,FALSE,20,elitize_generation_data,131,40,0.291,NA
133,90,negative-to-zero,tourney,FALSE,20,elitize_generation_data,132,46,0.281,NA
134,90,negative-to-zero,tourney,FALSE,20,elitize_generation_data,133,44,0.296,NA
135,90,negative-to-zero,tourney,FALSE,20,elitize_generation_data,134,48,0.302,NA
136,90,negative-to-zero,tourney,FALSE,20,elitize_generation_data,135,55,0.353,NA
137,90,negative-to-zero,tourney,FALSE,20,elitize_generation_data,136,50,0.37,NA
138,90,negative-to-zero,tourney,FALSE,20,elitize_generation_data,137,67,0.365,NA
139,90,negative-to-zero,tourney,FALSE,20,elitize_generation_data,138,68,0.41,NA
140,90,negative-to-zero,tourney,FALSE,20,elitize_generation_data,139,60,0.416,NA
141,90,negative-to-zero,tourney,FALSE,20,elitize_generation_data,140,65,0.384,NA
142,90,negative-to-zero,tourney,FALSE,20,elitize_generation_data,141,70,0.416,NA
143,90,negative-to-zero,tourney,FALSE,20,elitize_generation_data,142,74,0.41,NA
144,90,negative-to-zero,tourney,FALSE,20,elitize_generation_data,143,73,0.402,NA
145,90,negative-to-zero,tourney,FALSE,20,elitize_generation_data,144,59,0.413,NA
146,90,negative-to-zero,tourney,FALSE,20,elitize_generation_data,145,71,0.412,NA
147,90,negative-to-zero,tourney,FALSE,20,elitize_generation_data,146,87,0.409,NA
148,90,negative-to-zero,tourney,FALSE,20,elitize_generation_data,147,87,0.441,NA
149,90,negative-to-zero,tourney,FALSE,20,elitize_generation_data,148,72,0.432,NA
150,90,negative-to-zero,tourney,FALSE,20,elitize_generation_data,149,87,0.471,NA
151,90,negative-to-zero,tourney,FALSE,20,elitize_generation_data,150,86,0.472,NA
152,90,negative-to-zero,tourney,FALSE,20,elitize_generation_data,151,86,0.465,NA
153,90,negative-to-zero,tourney,FALSE,20,elitize_generation_data,152,67,0.49,NA
154,90,negative-to-zero,tourney,FALSE,20,elitize_generation_data,153,75,0.463,NA
155,90,negative-to-zero,tourney,FALSE,20,elitize_generation_data,154,87,0.482,NA
156,90,negative-to-zero,tourney,FALSE,20,elitize_generation_data,155,80,0.451,NA
157,90,negative-to-zero,tourney,FALSE,20,elitize_generation_data,156,94,0.455,NA
158,90,negative-to-zero,tourney,FALSE,20,elitize_generation_data,157,80,0.461,NA
159,90,negative-to-zero,tourney,FALSE,20,elitize_generation_data,158,84,0.426,NA
160,90,negative-to-zero,tourney,FALSE,20,elitize_generation_data,159,79,0.446,NA
161,90,negative-to-zero,tourney,FALSE,20,elitize_generation_data,160,83,0.441,NA
162,90,negative-to-zero,tourney,FALSE,20,elitize_generation_data,161,69,0.466,NA
163,90,negative-to-zero,tourney,FALSE,20,elitize_generation_data,162,78,0.446,NA
164,90,negative-to-zero,tourney,FALSE,20,elitize_generation_data,163,84,0.469,NA
165,90,negative-to-zero,tourney,FALSE,20,elitize_generation_data,164,77,0.448,NA
166,90,negative-to-zero,tourney,FALSE,20,elitize_generation_data,165,80,0.448,NA
167,90,negative-to-zero,tourney,FALSE,20,elitize_generation_data,166,82,0.444,NA
168,90,negative-to-zero,tourney,FALSE,20,elitize_generation_data,167,62,0.419,NA
169,90,negative-to-zero,tourney,FALSE,20,elitize_generation_data,168,68,0.429,NA
170,90,negative-to-zero,tourney,FALSE,20,elitize_generation_data,169,69,0.423,NA
171,90,negative-to-zero,tourney,FALSE,20,elitize_generation_data,170,90,0.447,NA
172,90,negative-to-zero,tourney,FALSE,20,elitize_generation_data,171,80,0.43,NA
173,90,negative-to-zero,tourney,FALSE,20,elitize_generation_data,172,79,0.41,NA
174,90,negative-to-zero,tourney,FALSE,20,elitize_generation_data,173,74,0.44,NA
175,90,negative-to-zero,tourney,FALSE,20,elitize_generation_data,174,80,0.428,NA
176,90,negative-to-zero,tourney,FALSE,20,elitize_generation_data,175,65,0.418,NA
177,90,negative-to-zero,tourney,FALSE,20,elitize_generation_data,176,69,0.406,NA
178,90,negative-to-zero,tourney,FALSE,20,elitize_generation_data,177,74,0.443,NA
179,90,negative-to-zero,tourney,FALSE,20,elitize_generation_data,178,68,0.44,NA
180,90,negative-to-zero,tourney,FALSE,20,elitize_generation_data,179,70,0.411,NA
181,90,negative-to-zero,tourney,FALSE,20,elitize_generation_data,180,33,0.444,NA
182,90,negative-to-zero,tourney,FALSE,20,elitize_generation_data,181,66,0.455,NA
183,90,negative-to-zero,tourney,FALSE,20,elitize_generation_data,182,77,0.461,NA
184,90,negative-to-zero,tourney,FALSE,20,elitize_generation_data,183,72,0.45,NA
185,90,negative-to-zero,tourney,FALSE,20,elitize_generation_data,184,84,0.46,NA
186,90,negative-to-zero,tourney,FALSE,20,elitize_generation_data,185,82,0.535,NA
187,90,negative-to-zero,tourney,FALSE,20,elitize_generation_data,186,104,0.519,NA
188,90,negative-to-zero,tourney,FALSE,20,elitize_generation_data,187,102,0.532,NA
189,90,negative-to-zero,tourney,FALSE,20,elitize_generation_data,188,86,0.526,NA
190,90,negative-to-zero,tourney,FALSE,20,elitize_generation_data,189,113,0.53,NA
191,90,negative-to-zero,tourney,FALSE,20,elitize_generation_data,190,107,0.515,NA
192,90,negative-to-zero,tourney,FALSE,20,elitize_generation_data,191,95,0.535,NA
193,90,negative-to-zero,tourney,FALSE,20,elitize_generation_data,192,100,0.483,NA
194,90,negative-to-zero,tourney,FALSE,20,elitize_generation_data,193,80,0.502,NA
195,90,negative-to-zero,tourney,FALSE,20,elitize_generation_data,194,102,0.534,NA
196,90,negative-to-zero,tourney,FALSE,20,elitize_generation_data,195,115,0.53,NA
197,90,negative-to-zero,tourney,FALSE,20,elitize_generation_data,196,109,0.549,NA
198,90,negative-to-zero,tourney,FALSE,20,elitize_generation_data,197,115,0.558,NA
199,90,negative-to-zero,tourney,FALSE,20,elitize_generation_data,198,130,0.578,NA
200,90,negative-to-zero,tourney,FALSE,20,elitize_generation_data,199,112,0.569,NA
201,90,negative-to-zero,tourney,FALSE,20,elitize_generation_data,200,139,0.584,NA
202,90,negative-to-zero,tourney,FALSE,20,elitize_generation_data,201,128,0.587,NA
203,90,negative-to-zero,tourney,FALSE,20,elitize_generation_data,202,107,0.591,NA
204,90,negative-to-zero,tourney,FALSE,20,elitize_generation_data,203,132,0.61,NA
205,90,negative-to-zero,tourney,FALSE,20,elitize_generation_data,204,114,0.592,NA
206,90,negative-to-zero,tourney,FALSE,20,elitize_generation_data,205,126,0.588,NA
207,90,negative-to-zero,tourney,FALSE,20,elitize_generation_data,206,156,0.57,NA
208,90,negative-to-zero,tourney,FALSE,20,elitize_generation_data,207,83,0.567,NA
209,90,negative-to-zero,tourney,FALSE,20,elitize_generation_data,208,116,0.585,NA
210,90,negative-to-zero,tourney,FALSE,20,elitize_generation_data,209,111,0.566,NA
211,90,negative-to-zero,tourney,FALSE,20,elitize_generation_data,210,74,0.584,NA
212,90,negative-to-zero,tourney,FALSE,20,elitize_generation_data,211,115,0.589,NA
213,90,negative-to-zero,tourney,FALSE,20,elitize_generation_data,212,103,0.56,NA
214,90,negative-to-zero,tourney,FALSE,20,elitize_generation_data,213,114,0.587,NA
215,90,negative-to-zero,tourney,FALSE,20,elitize_generation_data,214,96,0.572,NA
216,90,negative-to-zero,tourney,FALSE,20,elitize_generation_data,215,121,0.57,NA
217,90,negative-to-zero,tourney,FALSE,20,elitize_generation_data,216,129,0.586,NA
218,90,negative-to-zero,tourney,FALSE,20,elitize_generation_data,217,123,0.599,NA
219,90,negative-to-zero,tourney,FALSE,20,elitize_generation_data,218,132,0.592,NA
220,90,negative-to-zero,tourney,FALSE,20,elitize_generation_data,219,122,0.586,NA
221,90,negative-to-zero,tourney,FALSE,20,elitize_generation_data,220,137,0.571,NA
222,90,negative-to-zero,tourney,FALSE,20,elitize_generation_data,221,115,0.595,NA
223,90,negative-to-zero,tourney,FALSE,20,elitize_generation_data,222,117,0.582,NA
224,90,negative-to-zero,tourney,FALSE,20,elitize_generation_data,223,117,0.572,NA
225,90,negative-to-zero,tourney,FALSE,20,elitize_generation_data,224,124,0.606,NA
226,90,negative-to-zero,tourney,FALSE,20,elitize_generation_data,225,58,0.599,NA
227,90,negative-to-zero,tourney,FALSE,20,elitize_generation_data,226,124,0.612,NA
228,90,negative-to-zero,tourney,FALSE,20,elitize_generation_data,227,148,0.58,NA
229,90,negative-to-zero,tourney,FALSE,20,elitize_generation_data,228,125,0.59,NA
230,90,negative-to-zero,tourney,FALSE,20,elitize_generation_data,229,159,0.597,NA
231,90,negative-to-zero,tourney,FALSE,20,elitize_generation_data,230,139,0.606,NA
232,90,negative-to-zero,tourney,FALSE,20,elitize_generation_data,231,132,0.572,NA
233,90,negative-to-zero,tourney,FALSE,20,elitize_generation_data,232,119,0.594,NA
234,90,negative-to-zero,tourney,FALSE,20,elitize_generation_data,233,133,0.594,NA
235,90,negative-to-zero,tourney,FALSE,20,elitize_generation_data,234,138,0.588,NA
236,90,negative-to-zero,tourney,FALSE,20,elitize_generation_data,235,122,0.608,NA
237,90,negative-to-zero,tourney,FALSE,20,elitize_generation_data,236,150,0.606,NA
238,90,negative-to-zero,tourney,FALSE,20,elitize_generation_data,237,123,0.587,NA
239,90,negative-to-zero,tourney,FALSE,20,elitize_generation_data,238,139,0.578,NA
240,90,negative-to-zero,tourney,FALSE,20,elitize_generation_data,239,120,0.594,NA
241,90,negative-to-zero,tourney,FALSE,20,elitize_generation_data,240,117,0.588,NA
242,90,negative-to-zero,tourney,FALSE,20,elitize_generation_data,241,121,0.586,NA
243,90,negative-to-zero,tourney,FALSE,20,elitize_generation_data,242,118,0.584,NA
244,90,negative-to-zero,tourney,FALSE,20,elitize_generation_data,243,132,0.581,NA
245,90,negative-to-zero,tourney,FALSE,20,elitize_generation_data,244,126,0.608,NA
246,90,negative-to-zero,tourney,FALSE,20,elitize_generation_data,245,135,0.596,NA
247,90,negative-to-zero,tourney,FALSE,20,elitize_generation_data,246,134,0.604,NA
248,90,negative-to-zero,tourney,FALSE,20,elitize_generation_data,247,120,0.598,NA
249,90,negative-to-zero,tourney,FALSE,20,elitize_generation_data,248,111,0.603,NA
250,90,negative-to-zero,tourney,FALSE,20,elitize_generation_data,249,49,0.596,NA
251,90,negative-to-zero,tourney,FALSE,20,elitize_generation_data,250,40,0.589,NA
252,90,negative-to-zero,tourney,FALSE,20,elitize_generation_data,251,47,0.596,NA
253,90,negative-to-zero,tourney,FALSE,20,elitize_generation_data,252,32,0.606,NA
254,90,negative-to-zero,tourney,FALSE,20,elitize_generation_data,253,45,0.598,NA
255,90,negative-to-zero,tourney,FALSE,20,elitize_generation_data,254,41,0.609,NA
256,90,negative-to-zero,tourney,FALSE,20,elitize_generation_data,255,46,0.6,NA
257,90,negative-to-zero,tourney,FALSE,20,elitize_generation_data,256,48,0.608,NA
258,90,negative-to-zero,tourney,FALSE,20,elitize_generation_data,257,43,0.593,NA
259,90,negative-to-zero,tourney,FALSE,20,elitize_generation_data,258,57,0.603,NA
260,90,negative-to-zero,tourney,FALSE,20,elitize_generation_data,259,53,0.61,NA
261,90,negative-to-zero,tourney,FALSE,20,elitize_generation_data,260,57,0.616,NA
262,90,negative-to-zero,tourney,FALSE,20,elitize_generation_data,261,55,0.643,NA
263,90,negative-to-zero,tourney,FALSE,20,elitize_generation_data,262,81,0.644,NA
264,90,negative-to-zero,tourney,FALSE,20,elitize_generation_data,263,74,0.651,NA
265,90,negative-to-zero,tourney,FALSE,20,elitize_generation_data,264,72,0.658,NA
266,90,negative-to-zero,tourney,FALSE,20,elitize_generation_data,265,76,0.644,NA
267,90,negative-to-zero,tourney,FALSE,20,elitize_generation_data,266,73,0.666,NA
268,90,negative-to-zero,tourney,FALSE,20,elitize_generation_data,267,79,0.63,NA
269,90,negative-to-zero,tourney,FALSE,20,elitize_generation_data,268,77,0.661,NA
270,90,negative-to-zero,tourney,FALSE,20,elitize_generation_data,269,69,0.645,NA
271,90,negative-to-zero,tourney,FALSE,20,elitize_generation_data,270,84,0.655,NA
272,90,negative-to-zero,tourney,FALSE,20,elitize_generation_data,271,90,0.629,NA
273,90,negative-to-zero,tourney,FALSE,20,elitize_generation_data,272,86,0.642,NA
274,90,negative-to-zero,tourney,FALSE,20,elitize_generation_data,273,93,0.643,NA
275,90,negative-to-zero,tourney,FALSE,20,elitize_generation_data,274,89,0.652,NA
276,90,negative-to-zero,tourney,FALSE,20,elitize_generation_data,275,112,0.653,NA
277,90,negative-to-zero,tourney,FALSE,20,elitize_generation_data,276,91,0.637,NA
278,90,negative-to-zero,tourney,FALSE,20,elitize_generation_data,277,86,0.611,NA
279,90,negative-to-zero,tourney,FALSE,20,elitize_generation_data,278,96,0.626,NA
280,90,negative-to-zero,tourney,FALSE,20,elitize_generation_data,279,80,0.595,NA
281,90,negative-to-zero,tourney,FALSE,20,elitize_generation_data,280,81,0.632,NA
282,90,negative-to-zero,tourney,FALSE,20,elitize_generation_data,281,87,0.633,NA
283,90,negative-to-zero,tourney,FALSE,20,elitize_generation_data,282,110,0.614,NA
284,90,negative-to-zero,tourney,FALSE,20,elitize_generation_data,283,87,0.601,NA
285,90,negative-to-zero,tourney,FALSE,20,elitize_generation_data,284,112,0.609,NA
286,90,negative-to-zero,tourney,FALSE,20,elitize_generation_data,285,90,0.619,NA
287,90,negative-to-zero,tourney,FALSE,20,elitize_generation_data,286,88,0.618,NA
288,90,negative-to-zero,tourney,FALSE,20,elitize_generation_data,287,92,0.636,NA
289,90,negative-to-zero,tourney,FALSE,20,elitize_generation_data,288,92,0.627,NA
290,90,negative-to-zero,tourney,FALSE,20,elitize_generation_data,289,108,0.615,NA
291,90,negative-to-zero,tourney,FALSE,20,elitize_generation_data,290,103,0.605,NA
292,90,negative-to-zero,tourney,FALSE,20,elitize_generation_data,291,91,0.604,NA
293,90,negative-to-zero,tourney,FALSE,20,elitize_generation_data,292,90,0.616,NA
294,90,negative-to-zero,tourney,FALSE,20,elitize_generation_data,293,75,0.614,NA
295,90,negative-to-zero,tourney,FALSE,20,elitize_generation_data,294,91,0.626,NA
296,90,negative-to-zero,tourney,FALSE,20,elitize_generation_data,295,94,0.61,NA
297,90,negative-to-zero,tourney,FALSE,20,elitize_generation_data,296,92,0.615,NA
298,90,negative-to-zero,tourney,FALSE,20,elitize_generation_data,297,82,0.604,NA
299,90,negative-to-zero,tourney,FALSE,20,elitize_generation_data,298,84,0.564,NA
300,90,negative-to-zero,tourney,FALSE,20,elitize_generation_data,299,74,0.572,NA
301,90,negative-to-zero,tourney,FALSE,20,elitize_generation_data,300,77,0.578,NA
