,run.num,problem,treatment,succeeded,height,normalization.function,generation,cluster.count,error.diversity,success.generation
1,2,negative-to-zero,tourney,FALSE,20,elitize_generation_data,0,14,0.044,NA
2,2,negative-to-zero,tourney,FALSE,20,elitize_generation_data,1,18,0.065,NA
3,2,negative-to-zero,tourney,FALSE,20,elitize_generation_data,2,12,0.045,NA
4,2,negative-to-zero,tourney,FALSE,20,elitize_generation_data,3,14,0.032,NA
5,2,negative-to-zero,tourney,FALSE,20,elitize_generation_data,4,14,0.023,NA
6,2,negative-to-zero,tourney,FALSE,20,elitize_generation_data,5,5,0.02,NA
7,2,negative-to-zero,tourney,FALSE,20,elitize_generation_data,6,9,0.021,NA
8,2,negative-to-zero,tourney,FALSE,20,elitize_generation_data,7,6,0.012,NA
9,2,negative-to-zero,tourney,FALSE,20,elitize_generation_data,8,6,0.012,NA
10,2,negative-to-zero,tourney,FALSE,20,elitize_generation_data,9,4,0.015,NA
11,2,negative-to-zero,tourney,FALSE,20,elitize_generation_data,10,5,0.015,NA
12,2,negative-to-zero,tourney,FALSE,20,elitize_generation_data,11,7,0.018,NA
13,2,negative-to-zero,tourney,FALSE,20,elitize_generation_data,12,4,0.016,NA
14,2,negative-to-zero,tourney,FALSE,20,elitize_generation_data,13,5,0.012,NA
15,2,negative-to-zero,tourney,FALSE,20,elitize_generation_data,14,5,0.013,NA
16,2,negative-to-zero,tourney,FALSE,20,elitize_generation_data,15,5,0.008,NA
17,2,negative-to-zero,tourney,FALSE,20,elitize_generation_data,16,4,0.01,NA
18,2,negative-to-zero,tourney,FALSE,20,elitize_generation_data,17,6,0.014,NA
19,2,negative-to-zero,tourney,FALSE,20,elitize_generation_data,18,5,0.013,NA
20,2,negative-to-zero,tourney,FALSE,20,elitize_generation_data,19,5,0.013,NA
21,2,negative-to-zero,tourney,FALSE,20,elitize_generation_data,20,7,0.017,NA
22,2,negative-to-zero,tourney,FALSE,20,elitize_generation_data,21,6,0.024,NA
23,2,negative-to-zero,tourney,FALSE,20,elitize_generation_data,22,7,0.024,NA
24,2,negative-to-zero,tourney,FALSE,20,elitize_generation_data,23,7,0.033,NA
25,2,negative-to-zero,tourney,FALSE,20,elitize_generation_data,24,8,0.041,NA
26,2,negative-to-zero,tourney,FALSE,20,elitize_generation_data,25,9,0.047,NA
27,2,negative-to-zero,tourney,FALSE,20,elitize_generation_data,26,10,0.043,NA
28,2,negative-to-zero,tourney,FALSE,20,elitize_generation_data,27,8,0.048,NA
29,2,negative-to-zero,tourney,FALSE,20,elitize_generation_data,28,6,0.046,NA
30,2,negative-to-zero,tourney,FALSE,20,elitize_generation_data,29,7,0.032,NA
31,2,negative-to-zero,tourney,FALSE,20,elitize_generation_data,30,9,0.03,NA
32,2,negative-to-zero,tourney,FALSE,20,elitize_generation_data,31,10,0.042,NA
33,2,negative-to-zero,tourney,FALSE,20,elitize_generation_data,32,8,0.04,NA
34,2,negative-to-zero,tourney,FALSE,20,elitize_generation_data,33,7,0.035,NA
35,2,negative-to-zero,tourney,FALSE,20,elitize_generation_data,34,8,0.046,NA
36,2,negative-to-zero,tourney,FALSE,20,elitize_generation_data,35,8,0.045,NA
37,2,negative-to-zero,tourney,FALSE,20,elitize_generation_data,36,12,0.037,NA
38,2,negative-to-zero,tourney,FALSE,20,elitize_generation_data,37,6,0.046,NA
39,2,negative-to-zero,tourney,FALSE,20,elitize_generation_data,38,9,0.045,NA
40,2,negative-to-zero,tourney,FALSE,20,elitize_generation_data,39,7,0.045,NA
41,2,negative-to-zero,tourney,FALSE,20,elitize_generation_data,40,8,0.043,NA
42,2,negative-to-zero,tourney,FALSE,20,elitize_generation_data,41,7,0.044,NA
43,2,negative-to-zero,tourney,FALSE,20,elitize_generation_data,42,7,0.044,NA
44,2,negative-to-zero,tourney,FALSE,20,elitize_generation_data,43,9,0.039,NA
45,2,negative-to-zero,tourney,FALSE,20,elitize_generation_data,44,6,0.038,NA
46,2,negative-to-zero,tourney,FALSE,20,elitize_generation_data,45,9,0.044,NA
47,2,negative-to-zero,tourney,FALSE,20,elitize_generation_data,46,8,0.037,NA
48,2,negative-to-zero,tourney,FALSE,20,elitize_generation_data,47,9,0.048,NA
49,2,negative-to-zero,tourney,FALSE,20,elitize_generation_data,48,12,0.04,NA
50,2,negative-to-zero,tourney,FALSE,20,elitize_generation_data,49,12,0.055,NA
51,2,negative-to-zero,tourney,FALSE,20,elitize_generation_data,50,10,0.073,NA
52,2,negative-to-zero,tourney,FALSE,20,elitize_generation_data,51,11,0.058,NA
53,2,negative-to-zero,tourney,FALSE,20,elitize_generation_data,52,10,0.062,NA
54,2,negative-to-zero,tourney,FALSE,20,elitize_generation_data,53,8,0.069,NA
55,2,negative-to-zero,tourney,FALSE,20,elitize_generation_data,54,6,0.075,NA
56,2,negative-to-zero,tourney,FALSE,20,elitize_generation_data,55,5,0.08,NA
57,2,negative-to-zero,tourney,FALSE,20,elitize_generation_data,56,4,0.126,NA
58,2,negative-to-zero,tourney,FALSE,20,elitize_generation_data,57,4,0.137,NA
59,2,negative-to-zero,tourney,FALSE,20,elitize_generation_data,58,4,0.156,NA
60,2,negative-to-zero,tourney,FALSE,20,elitize_generation_data,59,3,0.16,NA
61,2,negative-to-zero,tourney,FALSE,20,elitize_generation_data,60,4,0.154,NA
62,2,negative-to-zero,tourney,FALSE,20,elitize_generation_data,61,4,0.173,NA
63,2,negative-to-zero,tourney,FALSE,20,elitize_generation_data,62,5,0.16,NA
64,2,negative-to-zero,tourney,FALSE,20,elitize_generation_data,63,5,0.148,NA
65,2,negative-to-zero,tourney,FALSE,20,elitize_generation_data,64,3,0.132,NA
66,2,negative-to-zero,tourney,FALSE,20,elitize_generation_data,65,3,0.183,NA
67,2,negative-to-zero,tourney,FALSE,20,elitize_generation_data,66,5,0.189,NA
68,2,negative-to-zero,tourney,FALSE,20,elitize_generation_data,67,4,0.174,NA
69,2,negative-to-zero,tourney,FALSE,20,elitize_generation_data,68,6,0.19,NA
70,2,negative-to-zero,tourney,FALSE,20,elitize_generation_data,69,4,0.173,NA
71,2,negative-to-zero,tourney,FALSE,20,elitize_generation_data,70,3,0.183,NA
72,2,negative-to-zero,tourney,FALSE,20,elitize_generation_data,71,4,0.164,NA
73,2,negative-to-zero,tourney,FALSE,20,elitize_generation_data,72,5,0.175,NA
74,2,negative-to-zero,tourney,FALSE,20,elitize_generation_data,73,6,0.197,NA
75,2,negative-to-zero,tourney,FALSE,20,elitize_generation_data,74,6,0.203,NA
76,2,negative-to-zero,tourney,FALSE,20,elitize_generation_data,75,3,0.199,NA
77,2,negative-to-zero,tourney,FALSE,20,elitize_generation_data,76,5,0.202,NA
78,2,negative-to-zero,tourney,FALSE,20,elitize_generation_data,77,4,0.221,NA
79,2,negative-to-zero,tourney,FALSE,20,elitize_generation_data,78,4,0.226,NA
80,2,negative-to-zero,tourney,FALSE,20,elitize_generation_data,79,3,0.21,NA
81,2,negative-to-zero,tourney,FALSE,20,elitize_generation_data,80,3,0.203,NA
82,2,negative-to-zero,tourney,FALSE,20,elitize_generation_data,81,3,0.198,NA
83,2,negative-to-zero,tourney,FALSE,20,elitize_generation_data,82,4,0.2,NA
84,2,negative-to-zero,tourney,FALSE,20,elitize_generation_data,83,4,0.204,NA
85,2,negative-to-zero,tourney,FALSE,20,elitize_generation_data,84,5,0.205,NA
86,2,negative-to-zero,tourney,FALSE,20,elitize_generation_data,85,3,0.202,NA
87,2,negative-to-zero,tourney,FALSE,20,elitize_generation_data,86,4,0.219,NA
88,2,negative-to-zero,tourney,FALSE,20,elitize_generation_data,87,4,0.208,NA
89,2,negative-to-zero,tourney,FALSE,20,elitize_generation_data,88,4,0.233,NA
90,2,negative-to-zero,tourney,FALSE,20,elitize_generation_data,89,3,0.224,NA
91,2,negative-to-zero,tourney,FALSE,20,elitize_generation_data,90,4,0.215,NA
92,2,negative-to-zero,tourney,FALSE,20,elitize_generation_data,91,4,0.215,NA
93,2,negative-to-zero,tourney,FALSE,20,elitize_generation_data,92,4,0.226,NA
94,2,negative-to-zero,tourney,FALSE,20,elitize_generation_data,93,5,0.24,NA
95,2,negative-to-zero,tourney,FALSE,20,elitize_generation_data,94,3,0.215,NA
96,2,negative-to-zero,tourney,FALSE,20,elitize_generation_data,95,5,0.205,NA
97,2,negative-to-zero,tourney,FALSE,20,elitize_generation_data,96,5,0.215,NA
98,2,negative-to-zero,tourney,FALSE,20,elitize_generation_data,97,3,0.221,NA
99,2,negative-to-zero,tourney,FALSE,20,elitize_generation_data,98,5,0.236,NA
100,2,negative-to-zero,tourney,FALSE,20,elitize_generation_data,99,5,0.224,NA
101,2,negative-to-zero,tourney,FALSE,20,elitize_generation_data,100,4,0.208,NA
102,2,negative-to-zero,tourney,FALSE,20,elitize_generation_data,101,4,0.229,NA
103,2,negative-to-zero,tourney,FALSE,20,elitize_generation_data,102,5,0.219,NA
104,2,negative-to-zero,tourney,FALSE,20,elitize_generation_data,103,3,0.23,NA
105,2,negative-to-zero,tourney,FALSE,20,elitize_generation_data,104,3,0.226,NA
106,2,negative-to-zero,tourney,FALSE,20,elitize_generation_data,105,3,0.214,NA
107,2,negative-to-zero,tourney,FALSE,20,elitize_generation_data,106,3,0.223,NA
108,2,negative-to-zero,tourney,FALSE,20,elitize_generation_data,107,6,0.219,NA
109,2,negative-to-zero,tourney,FALSE,20,elitize_generation_data,108,6,0.229,NA
110,2,negative-to-zero,tourney,FALSE,20,elitize_generation_data,109,3,0.234,NA
111,2,negative-to-zero,tourney,FALSE,20,elitize_generation_data,110,4,0.226,NA
112,2,negative-to-zero,tourney,FALSE,20,elitize_generation_data,111,6,0.232,NA
113,2,negative-to-zero,tourney,FALSE,20,elitize_generation_data,112,6,0.247,NA
114,2,negative-to-zero,tourney,FALSE,20,elitize_generation_data,113,8,0.256,NA
115,2,negative-to-zero,tourney,FALSE,20,elitize_generation_data,114,8,0.292,NA
116,2,negative-to-zero,tourney,FALSE,20,elitize_generation_data,115,10,0.303,NA
117,2,negative-to-zero,tourney,FALSE,20,elitize_generation_data,116,8,0.25,NA
118,2,negative-to-zero,tourney,FALSE,20,elitize_generation_data,117,9,0.23,NA
119,2,negative-to-zero,tourney,FALSE,20,elitize_generation_data,118,15,0.233,NA
120,2,negative-to-zero,tourney,FALSE,20,elitize_generation_data,119,14,0.228,NA
121,2,negative-to-zero,tourney,FALSE,20,elitize_generation_data,120,17,0.233,NA
122,2,negative-to-zero,tourney,FALSE,20,elitize_generation_data,121,13,0.231,NA
123,2,negative-to-zero,tourney,FALSE,20,elitize_generation_data,122,13,0.252,NA
124,2,negative-to-zero,tourney,FALSE,20,elitize_generation_data,123,13,0.233,NA
125,2,negative-to-zero,tourney,FALSE,20,elitize_generation_data,124,13,0.25,NA
126,2,negative-to-zero,tourney,FALSE,20,elitize_generation_data,125,12,0.235,NA
127,2,negative-to-zero,tourney,FALSE,20,elitize_generation_data,126,15,0.231,NA
128,2,negative-to-zero,tourney,FALSE,20,elitize_generation_data,127,11,0.2,NA
129,2,negative-to-zero,tourney,FALSE,20,elitize_generation_data,128,12,0.213,NA
130,2,negative-to-zero,tourney,FALSE,20,elitize_generation_data,129,13,0.224,NA
131,2,negative-to-zero,tourney,FALSE,20,elitize_generation_data,130,13,0.246,NA
132,2,negative-to-zero,tourney,FALSE,20,elitize_generation_data,131,13,0.223,NA
133,2,negative-to-zero,tourney,FALSE,20,elitize_generation_data,132,13,0.209,NA
134,2,negative-to-zero,tourney,FALSE,20,elitize_generation_data,133,11,0.23,NA
135,2,negative-to-zero,tourney,FALSE,20,elitize_generation_data,134,10,0.24,NA
136,2,negative-to-zero,tourney,FALSE,20,elitize_generation_data,135,12,0.257,NA
137,2,negative-to-zero,tourney,FALSE,20,elitize_generation_data,136,14,0.217,NA
138,2,negative-to-zero,tourney,FALSE,20,elitize_generation_data,137,14,0.203,NA
139,2,negative-to-zero,tourney,FALSE,20,elitize_generation_data,138,12,0.212,NA
140,2,negative-to-zero,tourney,FALSE,20,elitize_generation_data,139,13,0.223,NA
141,2,negative-to-zero,tourney,FALSE,20,elitize_generation_data,140,10,0.224,NA
142,2,negative-to-zero,tourney,FALSE,20,elitize_generation_data,141,8,0.217,NA
143,2,negative-to-zero,tourney,FALSE,20,elitize_generation_data,142,10,0.221,NA
144,2,negative-to-zero,tourney,FALSE,20,elitize_generation_data,143,11,0.211,NA
145,2,negative-to-zero,tourney,FALSE,20,elitize_generation_data,144,11,0.199,NA
146,2,negative-to-zero,tourney,FALSE,20,elitize_generation_data,145,10,0.216,NA
147,2,negative-to-zero,tourney,FALSE,20,elitize_generation_data,146,10,0.238,NA
148,2,negative-to-zero,tourney,FALSE,20,elitize_generation_data,147,9,0.232,NA
149,2,negative-to-zero,tourney,FALSE,20,elitize_generation_data,148,10,0.249,NA
150,2,negative-to-zero,tourney,FALSE,20,elitize_generation_data,149,14,0.211,NA
151,2,negative-to-zero,tourney,FALSE,20,elitize_generation_data,150,13,0.212,NA
152,2,negative-to-zero,tourney,FALSE,20,elitize_generation_data,151,12,0.204,NA
153,2,negative-to-zero,tourney,FALSE,20,elitize_generation_data,152,13,0.195,NA
154,2,negative-to-zero,tourney,FALSE,20,elitize_generation_data,153,12,0.216,NA
155,2,negative-to-zero,tourney,FALSE,20,elitize_generation_data,154,11,0.216,NA
156,2,negative-to-zero,tourney,FALSE,20,elitize_generation_data,155,10,0.225,NA
157,2,negative-to-zero,tourney,FALSE,20,elitize_generation_data,156,14,0.251,NA
158,2,negative-to-zero,tourney,FALSE,20,elitize_generation_data,157,11,0.241,NA
159,2,negative-to-zero,tourney,FALSE,20,elitize_generation_data,158,10,0.229,NA
160,2,negative-to-zero,tourney,FALSE,20,elitize_generation_data,159,11,0.251,NA
161,2,negative-to-zero,tourney,FALSE,20,elitize_generation_data,160,10,0.238,NA
162,2,negative-to-zero,tourney,FALSE,20,elitize_generation_data,161,10,0.229,NA
163,2,negative-to-zero,tourney,FALSE,20,elitize_generation_data,162,9,0.257,NA
164,2,negative-to-zero,tourney,FALSE,20,elitize_generation_data,163,10,0.218,NA
165,2,negative-to-zero,tourney,FALSE,20,elitize_generation_data,164,11,0.233,NA
166,2,negative-to-zero,tourney,FALSE,20,elitize_generation_data,165,8,0.252,NA
167,2,negative-to-zero,tourney,FALSE,20,elitize_generation_data,166,11,0.229,NA
168,2,negative-to-zero,tourney,FALSE,20,elitize_generation_data,167,11,0.257,NA
169,2,negative-to-zero,tourney,FALSE,20,elitize_generation_data,168,10,0.262,NA
170,2,negative-to-zero,tourney,FALSE,20,elitize_generation_data,169,13,0.249,NA
171,2,negative-to-zero,tourney,FALSE,20,elitize_generation_data,170,11,0.288,NA
172,2,negative-to-zero,tourney,FALSE,20,elitize_generation_data,171,9,0.267,NA
173,2,negative-to-zero,tourney,FALSE,20,elitize_generation_data,172,9,0.282,NA
174,2,negative-to-zero,tourney,FALSE,20,elitize_generation_data,173,10,0.278,NA
175,2,negative-to-zero,tourney,FALSE,20,elitize_generation_data,174,11,0.29,NA
176,2,negative-to-zero,tourney,FALSE,20,elitize_generation_data,175,9,0.286,NA
177,2,negative-to-zero,tourney,FALSE,20,elitize_generation_data,176,9,0.309,NA
178,2,negative-to-zero,tourney,FALSE,20,elitize_generation_data,177,7,0.314,NA
179,2,negative-to-zero,tourney,FALSE,20,elitize_generation_data,178,11,0.315,NA
180,2,negative-to-zero,tourney,FALSE,20,elitize_generation_data,179,9,0.302,NA
181,2,negative-to-zero,tourney,FALSE,20,elitize_generation_data,180,12,0.352,NA
182,2,negative-to-zero,tourney,FALSE,20,elitize_generation_data,181,13,0.376,NA
183,2,negative-to-zero,tourney,FALSE,20,elitize_generation_data,182,12,0.477,NA
184,2,negative-to-zero,tourney,FALSE,20,elitize_generation_data,183,16,0.592,NA
185,2,negative-to-zero,tourney,FALSE,20,elitize_generation_data,184,19,0.642,NA
186,2,negative-to-zero,tourney,FALSE,20,elitize_generation_data,185,18,0.648,NA
187,2,negative-to-zero,tourney,FALSE,20,elitize_generation_data,186,18,0.6,NA
188,2,negative-to-zero,tourney,FALSE,20,elitize_generation_data,187,20,0.577,NA
189,2,negative-to-zero,tourney,FALSE,20,elitize_generation_data,188,22,0.537,NA
190,2,negative-to-zero,tourney,FALSE,20,elitize_generation_data,189,20,0.511,NA
191,2,negative-to-zero,tourney,FALSE,20,elitize_generation_data,190,26,0.54,NA
192,2,negative-to-zero,tourney,FALSE,20,elitize_generation_data,191,18,0.561,NA
193,2,negative-to-zero,tourney,FALSE,20,elitize_generation_data,192,27,0.538,NA
194,2,negative-to-zero,tourney,FALSE,20,elitize_generation_data,193,23,0.542,NA
195,2,negative-to-zero,tourney,FALSE,20,elitize_generation_data,194,26,0.5,NA
196,2,negative-to-zero,tourney,FALSE,20,elitize_generation_data,195,17,0.493,NA
197,2,negative-to-zero,tourney,FALSE,20,elitize_generation_data,196,17,0.525,NA
198,2,negative-to-zero,tourney,FALSE,20,elitize_generation_data,197,28,0.543,NA
199,2,negative-to-zero,tourney,FALSE,20,elitize_generation_data,198,27,0.604,NA
200,2,negative-to-zero,tourney,FALSE,20,elitize_generation_data,199,23,0.649,NA
201,2,negative-to-zero,tourney,FALSE,20,elitize_generation_data,200,23,0.635,NA
202,2,negative-to-zero,tourney,FALSE,20,elitize_generation_data,201,20,0.649,NA
203,2,negative-to-zero,tourney,FALSE,20,elitize_generation_data,202,23,0.627,NA
204,2,negative-to-zero,tourney,FALSE,20,elitize_generation_data,203,23,0.615,NA
205,2,negative-to-zero,tourney,FALSE,20,elitize_generation_data,204,14,0.627,NA
206,2,negative-to-zero,tourney,FALSE,20,elitize_generation_data,205,27,0.618,NA
207,2,negative-to-zero,tourney,FALSE,20,elitize_generation_data,206,21,0.619,NA
208,2,negative-to-zero,tourney,FALSE,20,elitize_generation_data,207,21,0.565,NA
209,2,negative-to-zero,tourney,FALSE,20,elitize_generation_data,208,21,0.546,NA
210,2,negative-to-zero,tourney,FALSE,20,elitize_generation_data,209,17,0.462,NA
211,2,negative-to-zero,tourney,FALSE,20,elitize_generation_data,210,18,0.436,NA
212,2,negative-to-zero,tourney,FALSE,20,elitize_generation_data,211,17,0.421,NA
213,2,negative-to-zero,tourney,FALSE,20,elitize_generation_data,212,19,0.417,NA
214,2,negative-to-zero,tourney,FALSE,20,elitize_generation_data,213,16,0.42,NA
215,2,negative-to-zero,tourney,FALSE,20,elitize_generation_data,214,14,0.403,NA
216,2,negative-to-zero,tourney,FALSE,20,elitize_generation_data,215,18,0.405,NA
217,2,negative-to-zero,tourney,FALSE,20,elitize_generation_data,216,20,0.435,NA
218,2,negative-to-zero,tourney,FALSE,20,elitize_generation_data,217,13,0.483,NA
219,2,negative-to-zero,tourney,FALSE,20,elitize_generation_data,218,15,0.487,NA
220,2,negative-to-zero,tourney,FALSE,20,elitize_generation_data,219,14,0.481,NA
221,2,negative-to-zero,tourney,FALSE,20,elitize_generation_data,220,17,0.472,NA
222,2,negative-to-zero,tourney,FALSE,20,elitize_generation_data,221,20,0.466,NA
223,2,negative-to-zero,tourney,FALSE,20,elitize_generation_data,222,14,0.508,NA
224,2,negative-to-zero,tourney,FALSE,20,elitize_generation_data,223,16,0.531,NA
225,2,negative-to-zero,tourney,FALSE,20,elitize_generation_data,224,20,0.558,NA
226,2,negative-to-zero,tourney,FALSE,20,elitize_generation_data,225,20,0.545,NA
227,2,negative-to-zero,tourney,FALSE,20,elitize_generation_data,226,20,0.524,NA
228,2,negative-to-zero,tourney,FALSE,20,elitize_generation_data,227,13,0.539,NA
229,2,negative-to-zero,tourney,FALSE,20,elitize_generation_data,228,17,0.554,NA
230,2,negative-to-zero,tourney,FALSE,20,elitize_generation_data,229,15,0.519,NA
231,2,negative-to-zero,tourney,FALSE,20,elitize_generation_data,230,24,0.542,NA
232,2,negative-to-zero,tourney,FALSE,20,elitize_generation_data,231,21,0.537,NA
233,2,negative-to-zero,tourney,FALSE,20,elitize_generation_data,232,17,0.592,NA
234,2,negative-to-zero,tourney,FALSE,20,elitize_generation_data,233,19,0.569,NA
235,2,negative-to-zero,tourney,FALSE,20,elitize_generation_data,234,17,0.584,NA
236,2,negative-to-zero,tourney,FALSE,20,elitize_generation_data,235,21,0.582,NA
237,2,negative-to-zero,tourney,FALSE,20,elitize_generation_data,236,24,0.592,NA
238,2,negative-to-zero,tourney,FALSE,20,elitize_generation_data,237,19,0.601,NA
239,2,negative-to-zero,tourney,FALSE,20,elitize_generation_data,238,18,0.586,NA
240,2,negative-to-zero,tourney,FALSE,20,elitize_generation_data,239,22,0.603,NA
241,2,negative-to-zero,tourney,FALSE,20,elitize_generation_data,240,23,0.62,NA
242,2,negative-to-zero,tourney,FALSE,20,elitize_generation_data,241,14,0.604,NA
243,2,negative-to-zero,tourney,FALSE,20,elitize_generation_data,242,23,0.63,NA
244,2,negative-to-zero,tourney,FALSE,20,elitize_generation_data,243,22,0.631,NA
245,2,negative-to-zero,tourney,FALSE,20,elitize_generation_data,244,20,0.607,NA
246,2,negative-to-zero,tourney,FALSE,20,elitize_generation_data,245,18,0.619,NA
247,2,negative-to-zero,tourney,FALSE,20,elitize_generation_data,246,21,0.644,NA
248,2,negative-to-zero,tourney,FALSE,20,elitize_generation_data,247,19,0.63,NA
249,2,negative-to-zero,tourney,FALSE,20,elitize_generation_data,248,18,0.587,NA
250,2,negative-to-zero,tourney,FALSE,20,elitize_generation_data,249,26,0.627,NA
251,2,negative-to-zero,tourney,FALSE,20,elitize_generation_data,250,16,0.606,NA
252,2,negative-to-zero,tourney,FALSE,20,elitize_generation_data,251,17,0.603,NA
253,2,negative-to-zero,tourney,FALSE,20,elitize_generation_data,252,22,0.594,NA
254,2,negative-to-zero,tourney,FALSE,20,elitize_generation_data,253,19,0.553,NA
255,2,negative-to-zero,tourney,FALSE,20,elitize_generation_data,254,15,0.589,NA
256,2,negative-to-zero,tourney,FALSE,20,elitize_generation_data,255,21,0.567,NA
257,2,negative-to-zero,tourney,FALSE,20,elitize_generation_data,256,21,0.552,NA
258,2,negative-to-zero,tourney,FALSE,20,elitize_generation_data,257,16,0.596,NA
259,2,negative-to-zero,tourney,FALSE,20,elitize_generation_data,258,17,0.606,NA
260,2,negative-to-zero,tourney,FALSE,20,elitize_generation_data,259,20,0.576,NA
261,2,negative-to-zero,tourney,FALSE,20,elitize_generation_data,260,11,0.595,NA
262,2,negative-to-zero,tourney,FALSE,20,elitize_generation_data,261,18,0.598,NA
263,2,negative-to-zero,tourney,FALSE,20,elitize_generation_data,262,18,0.624,NA
264,2,negative-to-zero,tourney,FALSE,20,elitize_generation_data,263,18,0.637,NA
265,2,negative-to-zero,tourney,FALSE,20,elitize_generation_data,264,23,0.652,NA
266,2,negative-to-zero,tourney,FALSE,20,elitize_generation_data,265,18,0.652,NA
267,2,negative-to-zero,tourney,FALSE,20,elitize_generation_data,266,18,0.65,NA
268,2,negative-to-zero,tourney,FALSE,20,elitize_generation_data,267,14,0.644,NA
269,2,negative-to-zero,tourney,FALSE,20,elitize_generation_data,268,19,0.616,NA
270,2,negative-to-zero,tourney,FALSE,20,elitize_generation_data,269,20,0.596,NA
271,2,negative-to-zero,tourney,FALSE,20,elitize_generation_data,270,13,0.622,NA
272,2,negative-to-zero,tourney,FALSE,20,elitize_generation_data,271,11,0.611,NA
273,2,negative-to-zero,tourney,FALSE,20,elitize_generation_data,272,16,0.591,NA
274,2,negative-to-zero,tourney,FALSE,20,elitize_generation_data,273,12,0.584,NA
275,2,negative-to-zero,tourney,FALSE,20,elitize_generation_data,274,17,0.572,NA
276,2,negative-to-zero,tourney,FALSE,20,elitize_generation_data,275,17,0.596,NA
277,2,negative-to-zero,tourney,FALSE,20,elitize_generation_data,276,14,0.626,NA
278,2,negative-to-zero,tourney,FALSE,20,elitize_generation_data,277,12,0.612,NA
279,2,negative-to-zero,tourney,FALSE,20,elitize_generation_data,278,14,0.616,NA
280,2,negative-to-zero,tourney,FALSE,20,elitize_generation_data,279,13,0.622,NA
281,2,negative-to-zero,tourney,FALSE,20,elitize_generation_data,280,15,0.612,NA
282,2,negative-to-zero,tourney,FALSE,20,elitize_generation_data,281,17,0.572,NA
283,2,negative-to-zero,tourney,FALSE,20,elitize_generation_data,282,18,0.607,NA
284,2,negative-to-zero,tourney,FALSE,20,elitize_generation_data,283,15,0.611,NA
285,2,negative-to-zero,tourney,FALSE,20,elitize_generation_data,284,17,0.604,NA
286,2,negative-to-zero,tourney,FALSE,20,elitize_generation_data,285,13,0.591,NA
287,2,negative-to-zero,tourney,FALSE,20,elitize_generation_data,286,9,0.611,NA
288,2,negative-to-zero,tourney,FALSE,20,elitize_generation_data,287,14,0.596,NA
289,2,negative-to-zero,tourney,FALSE,20,elitize_generation_data,288,15,0.623,NA
290,2,negative-to-zero,tourney,FALSE,20,elitize_generation_data,289,15,0.608,NA
291,2,negative-to-zero,tourney,FALSE,20,elitize_generation_data,290,17,0.63,NA
292,2,negative-to-zero,tourney,FALSE,20,elitize_generation_data,291,20,0.634,NA
293,2,negative-to-zero,tourney,FALSE,20,elitize_generation_data,292,18,0.635,NA
294,2,negative-to-zero,tourney,FALSE,20,elitize_generation_data,293,15,0.638,NA
295,2,negative-to-zero,tourney,FALSE,20,elitize_generation_data,294,15,0.617,NA
296,2,negative-to-zero,tourney,FALSE,20,elitize_generation_data,295,17,0.62,NA
297,2,negative-to-zero,tourney,FALSE,20,elitize_generation_data,296,12,0.623,NA
298,2,negative-to-zero,tourney,FALSE,20,elitize_generation_data,297,20,0.623,NA
299,2,negative-to-zero,tourney,FALSE,20,elitize_generation_data,298,19,0.608,NA
300,2,negative-to-zero,tourney,FALSE,20,elitize_generation_data,299,18,0.599,NA
301,2,negative-to-zero,tourney,FALSE,20,elitize_generation_data,300,17,0.615,NA
