,run.num,problem,treatment,succeeded,height,normalization.function,generation,cluster.count,error.diversity,success.generation
1,84,negative-to-zero,tourney,FALSE,20,elitize_generation_data,0,10,0.037,NA
2,84,negative-to-zero,tourney,FALSE,20,elitize_generation_data,1,15,0.056,NA
3,84,negative-to-zero,tourney,FALSE,20,elitize_generation_data,2,16,0.036,NA
4,84,negative-to-zero,tourney,FALSE,20,elitize_generation_data,3,12,0.035,NA
5,84,negative-to-zero,tourney,FALSE,20,elitize_generation_data,4,9,0.022,NA
6,84,negative-to-zero,tourney,FALSE,20,elitize_generation_data,5,9,0.029,NA
7,84,negative-to-zero,tourney,FALSE,20,elitize_generation_data,6,8,0.021,NA
8,84,negative-to-zero,tourney,FALSE,20,elitize_generation_data,7,9,0.018,NA
9,84,negative-to-zero,tourney,FALSE,20,elitize_generation_data,8,6,0.022,NA
10,84,negative-to-zero,tourney,FALSE,20,elitize_generation_data,9,5,0.019,NA
11,84,negative-to-zero,tourney,FALSE,20,elitize_generation_data,10,9,0.019,NA
12,84,negative-to-zero,tourney,FALSE,20,elitize_generation_data,11,7,0.016,NA
13,84,negative-to-zero,tourney,FALSE,20,elitize_generation_data,12,6,0.016,NA
14,84,negative-to-zero,tourney,FALSE,20,elitize_generation_data,13,8,0.015,NA
15,84,negative-to-zero,tourney,FALSE,20,elitize_generation_data,14,8,0.014,NA
16,84,negative-to-zero,tourney,FALSE,20,elitize_generation_data,15,9,0.018,NA
17,84,negative-to-zero,tourney,FALSE,20,elitize_generation_data,16,6,0.012,NA
18,84,negative-to-zero,tourney,FALSE,20,elitize_generation_data,17,7,0.016,NA
19,84,negative-to-zero,tourney,FALSE,20,elitize_generation_data,18,5,0.011,NA
20,84,negative-to-zero,tourney,FALSE,20,elitize_generation_data,19,5,0.014,NA
21,84,negative-to-zero,tourney,FALSE,20,elitize_generation_data,20,3,0.013,NA
22,84,negative-to-zero,tourney,FALSE,20,elitize_generation_data,21,4,0.011,NA
23,84,negative-to-zero,tourney,FALSE,20,elitize_generation_data,22,8,0.021,NA
24,84,negative-to-zero,tourney,FALSE,20,elitize_generation_data,23,7,0.021,NA
25,84,negative-to-zero,tourney,FALSE,20,elitize_generation_data,24,8,0.018,NA
26,84,negative-to-zero,tourney,FALSE,20,elitize_generation_data,25,9,0.021,NA
27,84,negative-to-zero,tourney,FALSE,20,elitize_generation_data,26,10,0.03,NA
28,84,negative-to-zero,tourney,FALSE,20,elitize_generation_data,27,6,0.035,NA
29,84,negative-to-zero,tourney,FALSE,20,elitize_generation_data,28,8,0.037,NA
30,84,negative-to-zero,tourney,FALSE,20,elitize_generation_data,29,5,0.055,NA
31,84,negative-to-zero,tourney,FALSE,20,elitize_generation_data,30,3,0.063,NA
32,84,negative-to-zero,tourney,FALSE,20,elitize_generation_data,31,4,0.038,NA
33,84,negative-to-zero,tourney,FALSE,20,elitize_generation_data,32,7,0.022,NA
34,84,negative-to-zero,tourney,FALSE,20,elitize_generation_data,33,7,0.019,NA
35,84,negative-to-zero,tourney,FALSE,20,elitize_generation_data,34,8,0.017,NA
36,84,negative-to-zero,tourney,FALSE,20,elitize_generation_data,35,9,0.024,NA
37,84,negative-to-zero,tourney,FALSE,20,elitize_generation_data,36,8,0.026,NA
38,84,negative-to-zero,tourney,FALSE,20,elitize_generation_data,37,8,0.024,NA
39,84,negative-to-zero,tourney,FALSE,20,elitize_generation_data,38,7,0.026,NA
40,84,negative-to-zero,tourney,FALSE,20,elitize_generation_data,39,7,0.022,NA
41,84,negative-to-zero,tourney,FALSE,20,elitize_generation_data,40,7,0.024,NA
42,84,negative-to-zero,tourney,FALSE,20,elitize_generation_data,41,8,0.023,NA
43,84,negative-to-zero,tourney,FALSE,20,elitize_generation_data,42,9,0.028,NA
44,84,negative-to-zero,tourney,FALSE,20,elitize_generation_data,43,7,0.022,NA
45,84,negative-to-zero,tourney,FALSE,20,elitize_generation_data,44,6,0.024,NA
46,84,negative-to-zero,tourney,FALSE,20,elitize_generation_data,45,7,0.029,NA
47,84,negative-to-zero,tourney,FALSE,20,elitize_generation_data,46,8,0.026,NA
48,84,negative-to-zero,tourney,FALSE,20,elitize_generation_data,47,7,0.034,NA
49,84,negative-to-zero,tourney,FALSE,20,elitize_generation_data,48,8,0.03,NA
50,84,negative-to-zero,tourney,FALSE,20,elitize_generation_data,49,8,0.029,NA
51,84,negative-to-zero,tourney,FALSE,20,elitize_generation_data,50,7,0.033,NA
52,84,negative-to-zero,tourney,FALSE,20,elitize_generation_data,51,8,0.026,NA
53,84,negative-to-zero,tourney,FALSE,20,elitize_generation_data,52,7,0.029,NA
54,84,negative-to-zero,tourney,FALSE,20,elitize_generation_data,53,8,0.027,NA
55,84,negative-to-zero,tourney,FALSE,20,elitize_generation_data,54,9,0.026,NA
56,84,negative-to-zero,tourney,FALSE,20,elitize_generation_data,55,8,0.028,NA
57,84,negative-to-zero,tourney,FALSE,20,elitize_generation_data,56,7,0.025,NA
58,84,negative-to-zero,tourney,FALSE,20,elitize_generation_data,57,8,0.029,NA
59,84,negative-to-zero,tourney,FALSE,20,elitize_generation_data,58,12,0.028,NA
60,84,negative-to-zero,tourney,FALSE,20,elitize_generation_data,59,9,0.034,NA
61,84,negative-to-zero,tourney,FALSE,20,elitize_generation_data,60,9,0.026,NA
62,84,negative-to-zero,tourney,FALSE,20,elitize_generation_data,61,11,0.06,NA
63,84,negative-to-zero,tourney,FALSE,20,elitize_generation_data,62,15,0.114,NA
64,84,negative-to-zero,tourney,FALSE,20,elitize_generation_data,63,16,0.145,NA
65,84,negative-to-zero,tourney,FALSE,20,elitize_generation_data,64,15,0.228,NA
66,84,negative-to-zero,tourney,FALSE,20,elitize_generation_data,65,14,0.184,NA
67,84,negative-to-zero,tourney,FALSE,20,elitize_generation_data,66,15,0.203,NA
68,84,negative-to-zero,tourney,FALSE,20,elitize_generation_data,67,12,0.136,NA
69,84,negative-to-zero,tourney,FALSE,20,elitize_generation_data,68,11,0.075,NA
70,84,negative-to-zero,tourney,FALSE,20,elitize_generation_data,69,11,0.084,NA
71,84,negative-to-zero,tourney,FALSE,20,elitize_generation_data,70,10,0.063,NA
72,84,negative-to-zero,tourney,FALSE,20,elitize_generation_data,71,13,0.096,NA
73,84,negative-to-zero,tourney,FALSE,20,elitize_generation_data,72,10,0.083,NA
74,84,negative-to-zero,tourney,FALSE,20,elitize_generation_data,73,10,0.08,NA
75,84,negative-to-zero,tourney,FALSE,20,elitize_generation_data,74,13,0.084,NA
76,84,negative-to-zero,tourney,FALSE,20,elitize_generation_data,75,10,0.083,NA
77,84,negative-to-zero,tourney,FALSE,20,elitize_generation_data,76,9,0.083,NA
78,84,negative-to-zero,tourney,FALSE,20,elitize_generation_data,77,11,0.093,NA
79,84,negative-to-zero,tourney,FALSE,20,elitize_generation_data,78,8,0.091,NA
80,84,negative-to-zero,tourney,FALSE,20,elitize_generation_data,79,10,0.092,NA
81,84,negative-to-zero,tourney,FALSE,20,elitize_generation_data,80,11,0.096,NA
82,84,negative-to-zero,tourney,FALSE,20,elitize_generation_data,81,9,0.109,NA
83,84,negative-to-zero,tourney,FALSE,20,elitize_generation_data,82,12,0.118,NA
84,84,negative-to-zero,tourney,FALSE,20,elitize_generation_data,83,14,0.115,NA
85,84,negative-to-zero,tourney,FALSE,20,elitize_generation_data,84,14,0.121,NA
86,84,negative-to-zero,tourney,FALSE,20,elitize_generation_data,85,12,0.138,NA
87,84,negative-to-zero,tourney,FALSE,20,elitize_generation_data,86,13,0.142,NA
88,84,negative-to-zero,tourney,FALSE,20,elitize_generation_data,87,8,0.156,NA
89,84,negative-to-zero,tourney,FALSE,20,elitize_generation_data,88,13,0.189,NA
90,84,negative-to-zero,tourney,FALSE,20,elitize_generation_data,89,11,0.153,NA
91,84,negative-to-zero,tourney,FALSE,20,elitize_generation_data,90,8,0.173,NA
92,84,negative-to-zero,tourney,FALSE,20,elitize_generation_data,91,12,0.177,NA
93,84,negative-to-zero,tourney,FALSE,20,elitize_generation_data,92,14,0.176,NA
94,84,negative-to-zero,tourney,FALSE,20,elitize_generation_data,93,12,0.165,NA
95,84,negative-to-zero,tourney,FALSE,20,elitize_generation_data,94,9,0.174,NA
96,84,negative-to-zero,tourney,FALSE,20,elitize_generation_data,95,9,0.184,NA
97,84,negative-to-zero,tourney,FALSE,20,elitize_generation_data,96,10,0.188,NA
98,84,negative-to-zero,tourney,FALSE,20,elitize_generation_data,97,9,0.183,NA
99,84,negative-to-zero,tourney,FALSE,20,elitize_generation_data,98,14,0.186,NA
100,84,negative-to-zero,tourney,FALSE,20,elitize_generation_data,99,15,0.151,NA
101,84,negative-to-zero,tourney,FALSE,20,elitize_generation_data,100,15,0.167,NA
102,84,negative-to-zero,tourney,FALSE,20,elitize_generation_data,101,14,0.153,NA
103,84,negative-to-zero,tourney,FALSE,20,elitize_generation_data,102,12,0.172,NA
104,84,negative-to-zero,tourney,FALSE,20,elitize_generation_data,103,12,0.182,NA
105,84,negative-to-zero,tourney,FALSE,20,elitize_generation_data,104,8,0.212,NA
106,84,negative-to-zero,tourney,FALSE,20,elitize_generation_data,105,11,0.209,NA
107,84,negative-to-zero,tourney,FALSE,20,elitize_generation_data,106,14,0.227,NA
108,84,negative-to-zero,tourney,FALSE,20,elitize_generation_data,107,12,0.235,NA
109,84,negative-to-zero,tourney,FALSE,20,elitize_generation_data,108,9,0.207,NA
110,84,negative-to-zero,tourney,FALSE,20,elitize_generation_data,109,12,0.239,NA
111,84,negative-to-zero,tourney,FALSE,20,elitize_generation_data,110,10,0.23,NA
112,84,negative-to-zero,tourney,FALSE,20,elitize_generation_data,111,13,0.236,NA
113,84,negative-to-zero,tourney,FALSE,20,elitize_generation_data,112,13,0.234,NA
114,84,negative-to-zero,tourney,FALSE,20,elitize_generation_data,113,11,0.228,NA
115,84,negative-to-zero,tourney,FALSE,20,elitize_generation_data,114,11,0.221,NA
116,84,negative-to-zero,tourney,FALSE,20,elitize_generation_data,115,9,0.215,NA
117,84,negative-to-zero,tourney,FALSE,20,elitize_generation_data,116,19,0.23,NA
118,84,negative-to-zero,tourney,FALSE,20,elitize_generation_data,117,11,0.25,NA
119,84,negative-to-zero,tourney,FALSE,20,elitize_generation_data,118,13,0.272,NA
120,84,negative-to-zero,tourney,FALSE,20,elitize_generation_data,119,14,0.33,NA
121,84,negative-to-zero,tourney,FALSE,20,elitize_generation_data,120,11,0.324,NA
122,84,negative-to-zero,tourney,FALSE,20,elitize_generation_data,121,11,0.301,NA
123,84,negative-to-zero,tourney,FALSE,20,elitize_generation_data,122,15,0.282,NA
124,84,negative-to-zero,tourney,FALSE,20,elitize_generation_data,123,13,0.306,NA
125,84,negative-to-zero,tourney,FALSE,20,elitize_generation_data,124,10,0.291,NA
126,84,negative-to-zero,tourney,FALSE,20,elitize_generation_data,125,13,0.296,NA
127,84,negative-to-zero,tourney,FALSE,20,elitize_generation_data,126,13,0.288,NA
128,84,negative-to-zero,tourney,FALSE,20,elitize_generation_data,127,10,0.31,NA
129,84,negative-to-zero,tourney,FALSE,20,elitize_generation_data,128,10,0.287,NA
130,84,negative-to-zero,tourney,FALSE,20,elitize_generation_data,129,13,0.298,NA
131,84,negative-to-zero,tourney,FALSE,20,elitize_generation_data,130,12,0.253,NA
132,84,negative-to-zero,tourney,FALSE,20,elitize_generation_data,131,14,0.265,NA
133,84,negative-to-zero,tourney,FALSE,20,elitize_generation_data,132,11,0.256,NA
134,84,negative-to-zero,tourney,FALSE,20,elitize_generation_data,133,13,0.234,NA
135,84,negative-to-zero,tourney,FALSE,20,elitize_generation_data,134,9,0.254,NA
136,84,negative-to-zero,tourney,FALSE,20,elitize_generation_data,135,13,0.269,NA
137,84,negative-to-zero,tourney,FALSE,20,elitize_generation_data,136,16,0.28,NA
138,84,negative-to-zero,tourney,FALSE,20,elitize_generation_data,137,14,0.316,NA
139,84,negative-to-zero,tourney,FALSE,20,elitize_generation_data,138,13,0.371,NA
140,84,negative-to-zero,tourney,FALSE,20,elitize_generation_data,139,16,0.347,NA
141,84,negative-to-zero,tourney,FALSE,20,elitize_generation_data,140,14,0.325,NA
142,84,negative-to-zero,tourney,FALSE,20,elitize_generation_data,141,14,0.307,NA
143,84,negative-to-zero,tourney,FALSE,20,elitize_generation_data,142,11,0.317,NA
144,84,negative-to-zero,tourney,FALSE,20,elitize_generation_data,143,15,0.333,NA
145,84,negative-to-zero,tourney,FALSE,20,elitize_generation_data,144,13,0.343,NA
146,84,negative-to-zero,tourney,FALSE,20,elitize_generation_data,145,14,0.361,NA
147,84,negative-to-zero,tourney,FALSE,20,elitize_generation_data,146,12,0.343,NA
148,84,negative-to-zero,tourney,FALSE,20,elitize_generation_data,147,13,0.352,NA
149,84,negative-to-zero,tourney,FALSE,20,elitize_generation_data,148,14,0.353,NA
150,84,negative-to-zero,tourney,FALSE,20,elitize_generation_data,149,11,0.372,NA
151,84,negative-to-zero,tourney,FALSE,20,elitize_generation_data,150,10,0.361,NA
152,84,negative-to-zero,tourney,FALSE,20,elitize_generation_data,151,14,0.323,NA
153,84,negative-to-zero,tourney,FALSE,20,elitize_generation_data,152,12,0.294,NA
154,84,negative-to-zero,tourney,FALSE,20,elitize_generation_data,153,13,0.342,NA
155,84,negative-to-zero,tourney,FALSE,20,elitize_generation_data,154,17,0.342,NA
156,84,negative-to-zero,tourney,FALSE,20,elitize_generation_data,155,11,0.335,NA
157,84,negative-to-zero,tourney,FALSE,20,elitize_generation_data,156,13,0.323,NA
158,84,negative-to-zero,tourney,FALSE,20,elitize_generation_data,157,14,0.308,NA
159,84,negative-to-zero,tourney,FALSE,20,elitize_generation_data,158,16,0.325,NA
160,84,negative-to-zero,tourney,FALSE,20,elitize_generation_data,159,11,0.293,NA
161,84,negative-to-zero,tourney,FALSE,20,elitize_generation_data,160,17,0.329,NA
162,84,negative-to-zero,tourney,FALSE,20,elitize_generation_data,161,10,0.316,NA
163,84,negative-to-zero,tourney,FALSE,20,elitize_generation_data,162,14,0.336,NA
164,84,negative-to-zero,tourney,FALSE,20,elitize_generation_data,163,12,0.328,NA
165,84,negative-to-zero,tourney,FALSE,20,elitize_generation_data,164,17,0.32,NA
166,84,negative-to-zero,tourney,FALSE,20,elitize_generation_data,165,15,0.306,NA
167,84,negative-to-zero,tourney,FALSE,20,elitize_generation_data,166,14,0.33,NA
168,84,negative-to-zero,tourney,FALSE,20,elitize_generation_data,167,12,0.331,NA
169,84,negative-to-zero,tourney,FALSE,20,elitize_generation_data,168,13,0.36,NA
170,84,negative-to-zero,tourney,FALSE,20,elitize_generation_data,169,17,0.355,NA
171,84,negative-to-zero,tourney,FALSE,20,elitize_generation_data,170,11,0.381,NA
172,84,negative-to-zero,tourney,FALSE,20,elitize_generation_data,171,13,0.397,NA
173,84,negative-to-zero,tourney,FALSE,20,elitize_generation_data,172,11,0.409,NA
174,84,negative-to-zero,tourney,FALSE,20,elitize_generation_data,173,14,0.404,NA
175,84,negative-to-zero,tourney,FALSE,20,elitize_generation_data,174,16,0.389,NA
176,84,negative-to-zero,tourney,FALSE,20,elitize_generation_data,175,14,0.399,NA
177,84,negative-to-zero,tourney,FALSE,20,elitize_generation_data,176,15,0.398,NA
178,84,negative-to-zero,tourney,FALSE,20,elitize_generation_data,177,14,0.422,NA
179,84,negative-to-zero,tourney,FALSE,20,elitize_generation_data,178,14,0.405,NA
180,84,negative-to-zero,tourney,FALSE,20,elitize_generation_data,179,15,0.419,NA
181,84,negative-to-zero,tourney,FALSE,20,elitize_generation_data,180,14,0.387,NA
182,84,negative-to-zero,tourney,FALSE,20,elitize_generation_data,181,15,0.405,NA
183,84,negative-to-zero,tourney,FALSE,20,elitize_generation_data,182,13,0.408,NA
184,84,negative-to-zero,tourney,FALSE,20,elitize_generation_data,183,14,0.42,NA
185,84,negative-to-zero,tourney,FALSE,20,elitize_generation_data,184,13,0.386,NA
186,84,negative-to-zero,tourney,FALSE,20,elitize_generation_data,185,19,0.427,NA
187,84,negative-to-zero,tourney,FALSE,20,elitize_generation_data,186,20,0.416,NA
188,84,negative-to-zero,tourney,FALSE,20,elitize_generation_data,187,14,0.435,NA
189,84,negative-to-zero,tourney,FALSE,20,elitize_generation_data,188,16,0.431,NA
190,84,negative-to-zero,tourney,FALSE,20,elitize_generation_data,189,16,0.415,NA
191,84,negative-to-zero,tourney,FALSE,20,elitize_generation_data,190,15,0.427,NA
192,84,negative-to-zero,tourney,FALSE,20,elitize_generation_data,191,14,0.442,NA
193,84,negative-to-zero,tourney,FALSE,20,elitize_generation_data,192,16,0.419,NA
194,84,negative-to-zero,tourney,FALSE,20,elitize_generation_data,193,14,0.427,NA
195,84,negative-to-zero,tourney,FALSE,20,elitize_generation_data,194,13,0.449,NA
196,84,negative-to-zero,tourney,FALSE,20,elitize_generation_data,195,17,0.457,NA
197,84,negative-to-zero,tourney,FALSE,20,elitize_generation_data,196,11,0.413,NA
198,84,negative-to-zero,tourney,FALSE,20,elitize_generation_data,197,14,0.425,NA
199,84,negative-to-zero,tourney,FALSE,20,elitize_generation_data,198,22,0.428,NA
200,84,negative-to-zero,tourney,FALSE,20,elitize_generation_data,199,16,0.436,NA
201,84,negative-to-zero,tourney,FALSE,20,elitize_generation_data,200,16,0.421,NA
202,84,negative-to-zero,tourney,FALSE,20,elitize_generation_data,201,15,0.415,NA
203,84,negative-to-zero,tourney,FALSE,20,elitize_generation_data,202,15,0.421,NA
204,84,negative-to-zero,tourney,FALSE,20,elitize_generation_data,203,15,0.421,NA
205,84,negative-to-zero,tourney,FALSE,20,elitize_generation_data,204,13,0.441,NA
206,84,negative-to-zero,tourney,FALSE,20,elitize_generation_data,205,17,0.424,NA
207,84,negative-to-zero,tourney,FALSE,20,elitize_generation_data,206,19,0.43,NA
208,84,negative-to-zero,tourney,FALSE,20,elitize_generation_data,207,15,0.432,NA
209,84,negative-to-zero,tourney,FALSE,20,elitize_generation_data,208,13,0.438,NA
210,84,negative-to-zero,tourney,FALSE,20,elitize_generation_data,209,16,0.42,NA
211,84,negative-to-zero,tourney,FALSE,20,elitize_generation_data,210,16,0.425,NA
212,84,negative-to-zero,tourney,FALSE,20,elitize_generation_data,211,15,0.428,NA
213,84,negative-to-zero,tourney,FALSE,20,elitize_generation_data,212,17,0.438,NA
214,84,negative-to-zero,tourney,FALSE,20,elitize_generation_data,213,17,0.43,NA
215,84,negative-to-zero,tourney,FALSE,20,elitize_generation_data,214,18,0.446,NA
216,84,negative-to-zero,tourney,FALSE,20,elitize_generation_data,215,16,0.436,NA
217,84,negative-to-zero,tourney,FALSE,20,elitize_generation_data,216,12,0.426,NA
218,84,negative-to-zero,tourney,FALSE,20,elitize_generation_data,217,12,0.437,NA
219,84,negative-to-zero,tourney,FALSE,20,elitize_generation_data,218,16,0.449,NA
220,84,negative-to-zero,tourney,FALSE,20,elitize_generation_data,219,17,0.472,NA
221,84,negative-to-zero,tourney,FALSE,20,elitize_generation_data,220,15,0.433,NA
222,84,negative-to-zero,tourney,FALSE,20,elitize_generation_data,221,15,0.461,NA
223,84,negative-to-zero,tourney,FALSE,20,elitize_generation_data,222,19,0.421,NA
224,84,negative-to-zero,tourney,FALSE,20,elitize_generation_data,223,18,0.416,NA
225,84,negative-to-zero,tourney,FALSE,20,elitize_generation_data,224,17,0.422,NA
226,84,negative-to-zero,tourney,FALSE,20,elitize_generation_data,225,12,0.448,NA
227,84,negative-to-zero,tourney,FALSE,20,elitize_generation_data,226,17,0.448,NA
228,84,negative-to-zero,tourney,FALSE,20,elitize_generation_data,227,12,0.414,NA
229,84,negative-to-zero,tourney,FALSE,20,elitize_generation_data,228,16,0.421,NA
230,84,negative-to-zero,tourney,FALSE,20,elitize_generation_data,229,13,0.413,NA
231,84,negative-to-zero,tourney,FALSE,20,elitize_generation_data,230,13,0.424,NA
232,84,negative-to-zero,tourney,FALSE,20,elitize_generation_data,231,15,0.419,NA
233,84,negative-to-zero,tourney,FALSE,20,elitize_generation_data,232,12,0.406,NA
234,84,negative-to-zero,tourney,FALSE,20,elitize_generation_data,233,17,0.431,NA
235,84,negative-to-zero,tourney,FALSE,20,elitize_generation_data,234,15,0.436,NA
236,84,negative-to-zero,tourney,FALSE,20,elitize_generation_data,235,12,0.427,NA
237,84,negative-to-zero,tourney,FALSE,20,elitize_generation_data,236,19,0.464,NA
238,84,negative-to-zero,tourney,FALSE,20,elitize_generation_data,237,17,0.462,NA
239,84,negative-to-zero,tourney,FALSE,20,elitize_generation_data,238,15,0.434,NA
240,84,negative-to-zero,tourney,FALSE,20,elitize_generation_data,239,17,0.443,NA
241,84,negative-to-zero,tourney,FALSE,20,elitize_generation_data,240,16,0.413,NA
242,84,negative-to-zero,tourney,FALSE,20,elitize_generation_data,241,12,0.443,NA
243,84,negative-to-zero,tourney,FALSE,20,elitize_generation_data,242,15,0.441,NA
244,84,negative-to-zero,tourney,FALSE,20,elitize_generation_data,243,17,0.395,NA
245,84,negative-to-zero,tourney,FALSE,20,elitize_generation_data,244,17,0.378,NA
246,84,negative-to-zero,tourney,FALSE,20,elitize_generation_data,245,13,0.377,NA
247,84,negative-to-zero,tourney,FALSE,20,elitize_generation_data,246,18,0.376,NA
248,84,negative-to-zero,tourney,FALSE,20,elitize_generation_data,247,12,0.356,NA
249,84,negative-to-zero,tourney,FALSE,20,elitize_generation_data,248,13,0.36,NA
250,84,negative-to-zero,tourney,FALSE,20,elitize_generation_data,249,16,0.36,NA
251,84,negative-to-zero,tourney,FALSE,20,elitize_generation_data,250,16,0.367,NA
252,84,negative-to-zero,tourney,FALSE,20,elitize_generation_data,251,16,0.368,NA
253,84,negative-to-zero,tourney,FALSE,20,elitize_generation_data,252,15,0.379,NA
254,84,negative-to-zero,tourney,FALSE,20,elitize_generation_data,253,12,0.368,NA
255,84,negative-to-zero,tourney,FALSE,20,elitize_generation_data,254,17,0.374,NA
256,84,negative-to-zero,tourney,FALSE,20,elitize_generation_data,255,14,0.361,NA
257,84,negative-to-zero,tourney,FALSE,20,elitize_generation_data,256,13,0.363,NA
258,84,negative-to-zero,tourney,FALSE,20,elitize_generation_data,257,15,0.362,NA
259,84,negative-to-zero,tourney,FALSE,20,elitize_generation_data,258,12,0.337,NA
260,84,negative-to-zero,tourney,FALSE,20,elitize_generation_data,259,15,0.351,NA
261,84,negative-to-zero,tourney,FALSE,20,elitize_generation_data,260,15,0.391,NA
262,84,negative-to-zero,tourney,FALSE,20,elitize_generation_data,261,15,0.374,NA
263,84,negative-to-zero,tourney,FALSE,20,elitize_generation_data,262,17,0.389,NA
264,84,negative-to-zero,tourney,FALSE,20,elitize_generation_data,263,13,0.376,NA
265,84,negative-to-zero,tourney,FALSE,20,elitize_generation_data,264,13,0.372,NA
266,84,negative-to-zero,tourney,FALSE,20,elitize_generation_data,265,14,0.36,NA
267,84,negative-to-zero,tourney,FALSE,20,elitize_generation_data,266,12,0.385,NA
268,84,negative-to-zero,tourney,FALSE,20,elitize_generation_data,267,15,0.379,NA
269,84,negative-to-zero,tourney,FALSE,20,elitize_generation_data,268,15,0.354,NA
270,84,negative-to-zero,tourney,FALSE,20,elitize_generation_data,269,14,0.38,NA
271,84,negative-to-zero,tourney,FALSE,20,elitize_generation_data,270,14,0.375,NA
272,84,negative-to-zero,tourney,FALSE,20,elitize_generation_data,271,13,0.366,NA
273,84,negative-to-zero,tourney,FALSE,20,elitize_generation_data,272,19,0.379,NA
274,84,negative-to-zero,tourney,FALSE,20,elitize_generation_data,273,19,0.372,NA
275,84,negative-to-zero,tourney,FALSE,20,elitize_generation_data,274,19,0.367,NA
276,84,negative-to-zero,tourney,FALSE,20,elitize_generation_data,275,14,0.353,NA
277,84,negative-to-zero,tourney,FALSE,20,elitize_generation_data,276,16,0.368,NA
278,84,negative-to-zero,tourney,FALSE,20,elitize_generation_data,277,14,0.408,NA
279,84,negative-to-zero,tourney,FALSE,20,elitize_generation_data,278,18,0.38,NA
280,84,negative-to-zero,tourney,FALSE,20,elitize_generation_data,279,17,0.375,NA
281,84,negative-to-zero,tourney,FALSE,20,elitize_generation_data,280,14,0.387,NA
282,84,negative-to-zero,tourney,FALSE,20,elitize_generation_data,281,16,0.371,NA
283,84,negative-to-zero,tourney,FALSE,20,elitize_generation_data,282,17,0.352,NA
284,84,negative-to-zero,tourney,FALSE,20,elitize_generation_data,283,14,0.331,NA
285,84,negative-to-zero,tourney,FALSE,20,elitize_generation_data,284,13,0.362,NA
286,84,negative-to-zero,tourney,FALSE,20,elitize_generation_data,285,13,0.349,NA
287,84,negative-to-zero,tourney,FALSE,20,elitize_generation_data,286,14,0.37,NA
288,84,negative-to-zero,tourney,FALSE,20,elitize_generation_data,287,13,0.376,NA
289,84,negative-to-zero,tourney,FALSE,20,elitize_generation_data,288,13,0.35,NA
290,84,negative-to-zero,tourney,FALSE,20,elitize_generation_data,289,15,0.352,NA
291,84,negative-to-zero,tourney,FALSE,20,elitize_generation_data,290,16,0.383,NA
292,84,negative-to-zero,tourney,FALSE,20,elitize_generation_data,291,14,0.363,NA
293,84,negative-to-zero,tourney,FALSE,20,elitize_generation_data,292,17,0.362,NA
294,84,negative-to-zero,tourney,FALSE,20,elitize_generation_data,293,14,0.336,NA
295,84,negative-to-zero,tourney,FALSE,20,elitize_generation_data,294,16,0.393,NA
296,84,negative-to-zero,tourney,FALSE,20,elitize_generation_data,295,18,0.359,NA
297,84,negative-to-zero,tourney,FALSE,20,elitize_generation_data,296,13,0.357,NA
298,84,negative-to-zero,tourney,FALSE,20,elitize_generation_data,297,13,0.367,NA
299,84,negative-to-zero,tourney,FALSE,20,elitize_generation_data,298,12,0.353,NA
300,84,negative-to-zero,tourney,FALSE,20,elitize_generation_data,299,14,0.364,NA
301,84,negative-to-zero,tourney,FALSE,20,elitize_generation_data,300,18,0.386,NA
