,run.num,problem,treatment,succeeded,height,normalization.function,generation,cluster.count,error.diversity,success.generation
1,70,negative-to-zero,tourney,TRUE,20,elitize_generation_data,0,11,0.038,246
2,70,negative-to-zero,tourney,TRUE,20,elitize_generation_data,1,18,0.068,246
3,70,negative-to-zero,tourney,TRUE,20,elitize_generation_data,2,12,0.036,246
4,70,negative-to-zero,tourney,TRUE,20,elitize_generation_data,3,14,0.027,246
5,70,negative-to-zero,tourney,TRUE,20,elitize_generation_data,4,11,0.032,246
6,70,negative-to-zero,tourney,TRUE,20,elitize_generation_data,5,7,0.024,246
7,70,negative-to-zero,tourney,TRUE,20,elitize_generation_data,6,10,0.028,246
8,70,negative-to-zero,tourney,TRUE,20,elitize_generation_data,7,10,0.028,246
9,70,negative-to-zero,tourney,TRUE,20,elitize_generation_data,8,6,0.016,246
10,70,negative-to-zero,tourney,TRUE,20,elitize_generation_data,9,6,0.018,246
11,70,negative-to-zero,tourney,TRUE,20,elitize_generation_data,10,5,0.016,246
12,70,negative-to-zero,tourney,TRUE,20,elitize_generation_data,11,5,0.021,246
13,70,negative-to-zero,tourney,TRUE,20,elitize_generation_data,12,5,0.018,246
14,70,negative-to-zero,tourney,TRUE,20,elitize_generation_data,13,8,0.019,246
15,70,negative-to-zero,tourney,TRUE,20,elitize_generation_data,14,6,0.023,246
16,70,negative-to-zero,tourney,TRUE,20,elitize_generation_data,15,6,0.016,246
17,70,negative-to-zero,tourney,TRUE,20,elitize_generation_data,16,7,0.018,246
18,70,negative-to-zero,tourney,TRUE,20,elitize_generation_data,17,10,0.032,246
19,70,negative-to-zero,tourney,TRUE,20,elitize_generation_data,18,7,0.096,246
20,70,negative-to-zero,tourney,TRUE,20,elitize_generation_data,19,6,0.148,246
21,70,negative-to-zero,tourney,TRUE,20,elitize_generation_data,20,7,0.186,246
22,70,negative-to-zero,tourney,TRUE,20,elitize_generation_data,21,10,0.187,246
23,70,negative-to-zero,tourney,TRUE,20,elitize_generation_data,22,7,0.206,246
24,70,negative-to-zero,tourney,TRUE,20,elitize_generation_data,23,10,0.243,246
25,70,negative-to-zero,tourney,TRUE,20,elitize_generation_data,24,8,0.169,246
26,70,negative-to-zero,tourney,TRUE,20,elitize_generation_data,25,9,0.159,246
27,70,negative-to-zero,tourney,TRUE,20,elitize_generation_data,26,8,0.19,246
28,70,negative-to-zero,tourney,TRUE,20,elitize_generation_data,27,11,0.151,246
29,70,negative-to-zero,tourney,TRUE,20,elitize_generation_data,28,18,0.146,246
30,70,negative-to-zero,tourney,TRUE,20,elitize_generation_data,29,12,0.141,246
31,70,negative-to-zero,tourney,TRUE,20,elitize_generation_data,30,16,0.124,246
32,70,negative-to-zero,tourney,TRUE,20,elitize_generation_data,31,19,0.16,246
33,70,negative-to-zero,tourney,TRUE,20,elitize_generation_data,32,14,0.187,246
34,70,negative-to-zero,tourney,TRUE,20,elitize_generation_data,33,11,0.233,246
35,70,negative-to-zero,tourney,TRUE,20,elitize_generation_data,34,15,0.25,246
36,70,negative-to-zero,tourney,TRUE,20,elitize_generation_data,35,13,0.234,246
37,70,negative-to-zero,tourney,TRUE,20,elitize_generation_data,36,19,0.228,246
38,70,negative-to-zero,tourney,TRUE,20,elitize_generation_data,37,16,0.24,246
39,70,negative-to-zero,tourney,TRUE,20,elitize_generation_data,38,14,0.212,246
40,70,negative-to-zero,tourney,TRUE,20,elitize_generation_data,39,14,0.254,246
41,70,negative-to-zero,tourney,TRUE,20,elitize_generation_data,40,17,0.305,246
42,70,negative-to-zero,tourney,TRUE,20,elitize_generation_data,41,16,0.256,246
43,70,negative-to-zero,tourney,TRUE,20,elitize_generation_data,42,13,0.158,246
44,70,negative-to-zero,tourney,TRUE,20,elitize_generation_data,43,21,0.198,246
45,70,negative-to-zero,tourney,TRUE,20,elitize_generation_data,44,30,0.273,246
46,70,negative-to-zero,tourney,TRUE,20,elitize_generation_data,45,32,0.259,246
47,70,negative-to-zero,tourney,TRUE,20,elitize_generation_data,46,19,0.262,246
48,70,negative-to-zero,tourney,TRUE,20,elitize_generation_data,47,22,0.304,246
49,70,negative-to-zero,tourney,TRUE,20,elitize_generation_data,48,30,0.341,246
50,70,negative-to-zero,tourney,TRUE,20,elitize_generation_data,49,27,0.294,246
51,70,negative-to-zero,tourney,TRUE,20,elitize_generation_data,50,20,0.277,246
52,70,negative-to-zero,tourney,TRUE,20,elitize_generation_data,51,25,0.302,246
53,70,negative-to-zero,tourney,TRUE,20,elitize_generation_data,52,23,0.343,246
54,70,negative-to-zero,tourney,TRUE,20,elitize_generation_data,53,24,0.354,246
55,70,negative-to-zero,tourney,TRUE,20,elitize_generation_data,54,25,0.351,246
56,70,negative-to-zero,tourney,TRUE,20,elitize_generation_data,55,23,0.373,246
57,70,negative-to-zero,tourney,TRUE,20,elitize_generation_data,56,22,0.429,246
58,70,negative-to-zero,tourney,TRUE,20,elitize_generation_data,57,30,0.442,246
59,70,negative-to-zero,tourney,TRUE,20,elitize_generation_data,58,27,0.517,246
60,70,negative-to-zero,tourney,TRUE,20,elitize_generation_data,59,26,0.492,246
61,70,negative-to-zero,tourney,TRUE,20,elitize_generation_data,60,33,0.494,246
62,70,negative-to-zero,tourney,TRUE,20,elitize_generation_data,61,21,0.503,246
63,70,negative-to-zero,tourney,TRUE,20,elitize_generation_data,62,28,0.508,246
64,70,negative-to-zero,tourney,TRUE,20,elitize_generation_data,63,26,0.469,246
65,70,negative-to-zero,tourney,TRUE,20,elitize_generation_data,64,30,0.472,246
66,70,negative-to-zero,tourney,TRUE,20,elitize_generation_data,65,33,0.505,246
67,70,negative-to-zero,tourney,TRUE,20,elitize_generation_data,66,26,0.492,246
68,70,negative-to-zero,tourney,TRUE,20,elitize_generation_data,67,25,0.54,246
69,70,negative-to-zero,tourney,TRUE,20,elitize_generation_data,68,28,0.536,246
70,70,negative-to-zero,tourney,TRUE,20,elitize_generation_data,69,25,0.515,246
71,70,negative-to-zero,tourney,TRUE,20,elitize_generation_data,70,23,0.507,246
72,70,negative-to-zero,tourney,TRUE,20,elitize_generation_data,71,28,0.487,246
73,70,negative-to-zero,tourney,TRUE,20,elitize_generation_data,72,27,0.532,246
74,70,negative-to-zero,tourney,TRUE,20,elitize_generation_data,73,33,0.522,246
75,70,negative-to-zero,tourney,TRUE,20,elitize_generation_data,74,30,0.513,246
76,70,negative-to-zero,tourney,TRUE,20,elitize_generation_data,75,27,0.519,246
77,70,negative-to-zero,tourney,TRUE,20,elitize_generation_data,76,22,0.507,246
78,70,negative-to-zero,tourney,TRUE,20,elitize_generation_data,77,25,0.504,246
79,70,negative-to-zero,tourney,TRUE,20,elitize_generation_data,78,20,0.509,246
80,70,negative-to-zero,tourney,TRUE,20,elitize_generation_data,79,21,0.5,246
81,70,negative-to-zero,tourney,TRUE,20,elitize_generation_data,80,28,0.477,246
82,70,negative-to-zero,tourney,TRUE,20,elitize_generation_data,81,24,0.499,246
83,70,negative-to-zero,tourney,TRUE,20,elitize_generation_data,82,31,0.491,246
84,70,negative-to-zero,tourney,TRUE,20,elitize_generation_data,83,26,0.513,246
85,70,negative-to-zero,tourney,TRUE,20,elitize_generation_data,84,29,0.484,246
86,70,negative-to-zero,tourney,TRUE,20,elitize_generation_data,85,27,0.482,246
87,70,negative-to-zero,tourney,TRUE,20,elitize_generation_data,86,22,0.471,246
88,70,negative-to-zero,tourney,TRUE,20,elitize_generation_data,87,29,0.489,246
89,70,negative-to-zero,tourney,TRUE,20,elitize_generation_data,88,25,0.502,246
90,70,negative-to-zero,tourney,TRUE,20,elitize_generation_data,89,30,0.501,246
91,70,negative-to-zero,tourney,TRUE,20,elitize_generation_data,90,25,0.495,246
92,70,negative-to-zero,tourney,TRUE,20,elitize_generation_data,91,24,0.483,246
93,70,negative-to-zero,tourney,TRUE,20,elitize_generation_data,92,26,0.471,246
94,70,negative-to-zero,tourney,TRUE,20,elitize_generation_data,93,30,0.511,246
95,70,negative-to-zero,tourney,TRUE,20,elitize_generation_data,94,22,0.511,246
96,70,negative-to-zero,tourney,TRUE,20,elitize_generation_data,95,28,0.523,246
97,70,negative-to-zero,tourney,TRUE,20,elitize_generation_data,96,25,0.51,246
98,70,negative-to-zero,tourney,TRUE,20,elitize_generation_data,97,38,0.495,246
99,70,negative-to-zero,tourney,TRUE,20,elitize_generation_data,98,30,0.498,246
100,70,negative-to-zero,tourney,TRUE,20,elitize_generation_data,99,26,0.527,246
101,70,negative-to-zero,tourney,TRUE,20,elitize_generation_data,100,32,0.525,246
102,70,negative-to-zero,tourney,TRUE,20,elitize_generation_data,101,32,0.516,246
103,70,negative-to-zero,tourney,TRUE,20,elitize_generation_data,102,22,0.52,246
104,70,negative-to-zero,tourney,TRUE,20,elitize_generation_data,103,26,0.514,246
105,70,negative-to-zero,tourney,TRUE,20,elitize_generation_data,104,26,0.537,246
106,70,negative-to-zero,tourney,TRUE,20,elitize_generation_data,105,22,0.563,246
107,70,negative-to-zero,tourney,TRUE,20,elitize_generation_data,106,31,0.564,246
108,70,negative-to-zero,tourney,TRUE,20,elitize_generation_data,107,25,0.501,246
109,70,negative-to-zero,tourney,TRUE,20,elitize_generation_data,108,27,0.523,246
110,70,negative-to-zero,tourney,TRUE,20,elitize_generation_data,109,26,0.513,246
111,70,negative-to-zero,tourney,TRUE,20,elitize_generation_data,110,25,0.495,246
112,70,negative-to-zero,tourney,TRUE,20,elitize_generation_data,111,31,0.492,246
113,70,negative-to-zero,tourney,TRUE,20,elitize_generation_data,112,25,0.51,246
114,70,negative-to-zero,tourney,TRUE,20,elitize_generation_data,113,20,0.518,246
115,70,negative-to-zero,tourney,TRUE,20,elitize_generation_data,114,27,0.488,246
116,70,negative-to-zero,tourney,TRUE,20,elitize_generation_data,115,25,0.517,246
117,70,negative-to-zero,tourney,TRUE,20,elitize_generation_data,116,29,0.505,246
118,70,negative-to-zero,tourney,TRUE,20,elitize_generation_data,117,25,0.52,246
119,70,negative-to-zero,tourney,TRUE,20,elitize_generation_data,118,29,0.489,246
120,70,negative-to-zero,tourney,TRUE,20,elitize_generation_data,119,35,0.51,246
121,70,negative-to-zero,tourney,TRUE,20,elitize_generation_data,120,29,0.528,246
122,70,negative-to-zero,tourney,TRUE,20,elitize_generation_data,121,30,0.536,246
123,70,negative-to-zero,tourney,TRUE,20,elitize_generation_data,122,31,0.549,246
124,70,negative-to-zero,tourney,TRUE,20,elitize_generation_data,123,26,0.522,246
125,70,negative-to-zero,tourney,TRUE,20,elitize_generation_data,124,29,0.575,246
126,70,negative-to-zero,tourney,TRUE,20,elitize_generation_data,125,28,0.549,246
127,70,negative-to-zero,tourney,TRUE,20,elitize_generation_data,126,22,0.59,246
128,70,negative-to-zero,tourney,TRUE,20,elitize_generation_data,127,29,0.558,246
129,70,negative-to-zero,tourney,TRUE,20,elitize_generation_data,128,27,0.576,246
130,70,negative-to-zero,tourney,TRUE,20,elitize_generation_data,129,30,0.563,246
131,70,negative-to-zero,tourney,TRUE,20,elitize_generation_data,130,31,0.576,246
132,70,negative-to-zero,tourney,TRUE,20,elitize_generation_data,131,30,0.577,246
133,70,negative-to-zero,tourney,TRUE,20,elitize_generation_data,132,26,0.575,246
134,70,negative-to-zero,tourney,TRUE,20,elitize_generation_data,133,33,0.603,246
135,70,negative-to-zero,tourney,TRUE,20,elitize_generation_data,134,31,0.6,246
136,70,negative-to-zero,tourney,TRUE,20,elitize_generation_data,135,34,0.614,246
137,70,negative-to-zero,tourney,TRUE,20,elitize_generation_data,136,32,0.553,246
138,70,negative-to-zero,tourney,TRUE,20,elitize_generation_data,137,30,0.547,246
139,70,negative-to-zero,tourney,TRUE,20,elitize_generation_data,138,38,0.54,246
140,70,negative-to-zero,tourney,TRUE,20,elitize_generation_data,139,36,0.538,246
141,70,negative-to-zero,tourney,TRUE,20,elitize_generation_data,140,34,0.539,246
142,70,negative-to-zero,tourney,TRUE,20,elitize_generation_data,141,31,0.541,246
143,70,negative-to-zero,tourney,TRUE,20,elitize_generation_data,142,33,0.556,246
144,70,negative-to-zero,tourney,TRUE,20,elitize_generation_data,143,29,0.519,246
145,70,negative-to-zero,tourney,TRUE,20,elitize_generation_data,144,30,0.538,246
146,70,negative-to-zero,tourney,TRUE,20,elitize_generation_data,145,46,0.567,246
147,70,negative-to-zero,tourney,TRUE,20,elitize_generation_data,146,49,0.627,246
148,70,negative-to-zero,tourney,TRUE,20,elitize_generation_data,147,46,0.634,246
149,70,negative-to-zero,tourney,TRUE,20,elitize_generation_data,148,47,0.614,246
150,70,negative-to-zero,tourney,TRUE,20,elitize_generation_data,149,51,0.605,246
151,70,negative-to-zero,tourney,TRUE,20,elitize_generation_data,150,47,0.623,246
152,70,negative-to-zero,tourney,TRUE,20,elitize_generation_data,151,51,0.64,246
153,70,negative-to-zero,tourney,TRUE,20,elitize_generation_data,152,41,0.651,246
154,70,negative-to-zero,tourney,TRUE,20,elitize_generation_data,153,47,0.633,246
155,70,negative-to-zero,tourney,TRUE,20,elitize_generation_data,154,39,0.659,246
156,70,negative-to-zero,tourney,TRUE,20,elitize_generation_data,155,37,0.656,246
157,70,negative-to-zero,tourney,TRUE,20,elitize_generation_data,156,48,0.624,246
158,70,negative-to-zero,tourney,TRUE,20,elitize_generation_data,157,31,0.605,246
159,70,negative-to-zero,tourney,TRUE,20,elitize_generation_data,158,45,0.628,246
160,70,negative-to-zero,tourney,TRUE,20,elitize_generation_data,159,50,0.609,246
161,70,negative-to-zero,tourney,TRUE,20,elitize_generation_data,160,40,0.604,246
162,70,negative-to-zero,tourney,TRUE,20,elitize_generation_data,161,43,0.597,246
163,70,negative-to-zero,tourney,TRUE,20,elitize_generation_data,162,46,0.609,246
164,70,negative-to-zero,tourney,TRUE,20,elitize_generation_data,163,33,0.601,246
165,70,negative-to-zero,tourney,TRUE,20,elitize_generation_data,164,44,0.584,246
166,70,negative-to-zero,tourney,TRUE,20,elitize_generation_data,165,39,0.574,246
167,70,negative-to-zero,tourney,TRUE,20,elitize_generation_data,166,40,0.556,246
168,70,negative-to-zero,tourney,TRUE,20,elitize_generation_data,167,29,0.56,246
169,70,negative-to-zero,tourney,TRUE,20,elitize_generation_data,168,38,0.553,246
170,70,negative-to-zero,tourney,TRUE,20,elitize_generation_data,169,41,0.576,246
171,70,negative-to-zero,tourney,TRUE,20,elitize_generation_data,170,35,0.577,246
172,70,negative-to-zero,tourney,TRUE,20,elitize_generation_data,171,47,0.6,246
173,70,negative-to-zero,tourney,TRUE,20,elitize_generation_data,172,44,0.586,246
174,70,negative-to-zero,tourney,TRUE,20,elitize_generation_data,173,42,0.553,246
175,70,negative-to-zero,tourney,TRUE,20,elitize_generation_data,174,39,0.58,246
176,70,negative-to-zero,tourney,TRUE,20,elitize_generation_data,175,50,0.589,246
177,70,negative-to-zero,tourney,TRUE,20,elitize_generation_data,176,43,0.553,246
178,70,negative-to-zero,tourney,TRUE,20,elitize_generation_data,177,43,0.587,246
179,70,negative-to-zero,tourney,TRUE,20,elitize_generation_data,178,54,0.595,246
180,70,negative-to-zero,tourney,TRUE,20,elitize_generation_data,179,44,0.591,246
181,70,negative-to-zero,tourney,TRUE,20,elitize_generation_data,180,38,0.563,246
182,70,negative-to-zero,tourney,TRUE,20,elitize_generation_data,181,43,0.6,246
183,70,negative-to-zero,tourney,TRUE,20,elitize_generation_data,182,41,0.574,246
184,70,negative-to-zero,tourney,TRUE,20,elitize_generation_data,183,39,0.588,246
185,70,negative-to-zero,tourney,TRUE,20,elitize_generation_data,184,49,0.6,246
186,70,negative-to-zero,tourney,TRUE,20,elitize_generation_data,185,46,0.626,246
187,70,negative-to-zero,tourney,TRUE,20,elitize_generation_data,186,40,0.64,246
188,70,negative-to-zero,tourney,TRUE,20,elitize_generation_data,187,54,0.674,246
189,70,negative-to-zero,tourney,TRUE,20,elitize_generation_data,188,41,0.708,246
190,70,negative-to-zero,tourney,TRUE,20,elitize_generation_data,189,21,0.703,246
191,70,negative-to-zero,tourney,TRUE,20,elitize_generation_data,190,44,0.711,246
192,70,negative-to-zero,tourney,TRUE,20,elitize_generation_data,191,50,0.715,246
193,70,negative-to-zero,tourney,TRUE,20,elitize_generation_data,192,45,0.679,246
194,70,negative-to-zero,tourney,TRUE,20,elitize_generation_data,193,38,0.688,246
195,70,negative-to-zero,tourney,TRUE,20,elitize_generation_data,194,29,0.699,246
196,70,negative-to-zero,tourney,TRUE,20,elitize_generation_data,195,40,0.676,246
197,70,negative-to-zero,tourney,TRUE,20,elitize_generation_data,196,42,0.685,246
198,70,negative-to-zero,tourney,TRUE,20,elitize_generation_data,197,48,0.682,246
199,70,negative-to-zero,tourney,TRUE,20,elitize_generation_data,198,49,0.691,246
200,70,negative-to-zero,tourney,TRUE,20,elitize_generation_data,199,29,0.718,246
201,70,negative-to-zero,tourney,TRUE,20,elitize_generation_data,200,42,0.706,246
202,70,negative-to-zero,tourney,TRUE,20,elitize_generation_data,201,53,0.737,246
203,70,negative-to-zero,tourney,TRUE,20,elitize_generation_data,202,55,0.706,246
204,70,negative-to-zero,tourney,TRUE,20,elitize_generation_data,203,46,0.74,246
205,70,negative-to-zero,tourney,TRUE,20,elitize_generation_data,204,49,0.725,246
206,70,negative-to-zero,tourney,TRUE,20,elitize_generation_data,205,28,0.699,246
207,70,negative-to-zero,tourney,TRUE,20,elitize_generation_data,206,39,0.712,246
208,70,negative-to-zero,tourney,TRUE,20,elitize_generation_data,207,63,0.683,246
209,70,negative-to-zero,tourney,TRUE,20,elitize_generation_data,208,52,0.658,246
210,70,negative-to-zero,tourney,TRUE,20,elitize_generation_data,209,56,0.653,246
211,70,negative-to-zero,tourney,TRUE,20,elitize_generation_data,210,46,0.646,246
212,70,negative-to-zero,tourney,TRUE,20,elitize_generation_data,211,45,0.641,246
213,70,negative-to-zero,tourney,TRUE,20,elitize_generation_data,212,49,0.617,246
214,70,negative-to-zero,tourney,TRUE,20,elitize_generation_data,213,25,0.638,246
215,70,negative-to-zero,tourney,TRUE,20,elitize_generation_data,214,16,0.651,246
216,70,negative-to-zero,tourney,TRUE,20,elitize_generation_data,215,16,0.653,246
217,70,negative-to-zero,tourney,TRUE,20,elitize_generation_data,216,14,0.639,246
218,70,negative-to-zero,tourney,TRUE,20,elitize_generation_data,217,16,0.647,246
219,70,negative-to-zero,tourney,TRUE,20,elitize_generation_data,218,16,0.614,246
220,70,negative-to-zero,tourney,TRUE,20,elitize_generation_data,219,13,0.547,246
221,70,negative-to-zero,tourney,TRUE,20,elitize_generation_data,220,15,0.496,246
222,70,negative-to-zero,tourney,TRUE,20,elitize_generation_data,221,12,0.555,246
223,70,negative-to-zero,tourney,TRUE,20,elitize_generation_data,222,17,0.575,246
224,70,negative-to-zero,tourney,TRUE,20,elitize_generation_data,223,18,0.533,246
225,70,negative-to-zero,tourney,TRUE,20,elitize_generation_data,224,17,0.508,246
226,70,negative-to-zero,tourney,TRUE,20,elitize_generation_data,225,21,0.53,246
227,70,negative-to-zero,tourney,TRUE,20,elitize_generation_data,226,21,0.521,246
228,70,negative-to-zero,tourney,TRUE,20,elitize_generation_data,227,14,0.478,246
229,70,negative-to-zero,tourney,TRUE,20,elitize_generation_data,228,16,0.447,246
230,70,negative-to-zero,tourney,TRUE,20,elitize_generation_data,229,25,0.498,246
231,70,negative-to-zero,tourney,TRUE,20,elitize_generation_data,230,23,0.5,246
232,70,negative-to-zero,tourney,TRUE,20,elitize_generation_data,231,22,0.516,246
233,70,negative-to-zero,tourney,TRUE,20,elitize_generation_data,232,33,0.524,246
234,70,negative-to-zero,tourney,TRUE,20,elitize_generation_data,233,28,0.512,246
235,70,negative-to-zero,tourney,TRUE,20,elitize_generation_data,234,35,0.48,246
236,70,negative-to-zero,tourney,TRUE,20,elitize_generation_data,235,44,0.515,246
237,70,negative-to-zero,tourney,TRUE,20,elitize_generation_data,236,50,0.577,246
238,70,negative-to-zero,tourney,TRUE,20,elitize_generation_data,237,50,0.541,246
239,70,negative-to-zero,tourney,TRUE,20,elitize_generation_data,238,41,0.513,246
240,70,negative-to-zero,tourney,TRUE,20,elitize_generation_data,239,52,0.574,246
241,70,negative-to-zero,tourney,TRUE,20,elitize_generation_data,240,58,0.612,246
242,70,negative-to-zero,tourney,TRUE,20,elitize_generation_data,241,82,0.644,246
243,70,negative-to-zero,tourney,TRUE,20,elitize_generation_data,242,82,0.62,246
244,70,negative-to-zero,tourney,TRUE,20,elitize_generation_data,243,82,0.557,246
245,70,negative-to-zero,tourney,TRUE,20,elitize_generation_data,244,73,0.426,246
246,70,negative-to-zero,tourney,TRUE,20,elitize_generation_data,245,60,0.396,246
247,70,negative-to-zero,tourney,TRUE,20,elitize_generation_data,246,63,0.423,246
