,run.num,problem,treatment,succeeded,height,normalization.function,generation,cluster.count,error.diversity,success.generation
1,46,negative-to-zero,tourney,FALSE,20,elitize_generation_data,0,10,0.041,NA
2,46,negative-to-zero,tourney,FALSE,20,elitize_generation_data,1,21,0.072,NA
3,46,negative-to-zero,tourney,FALSE,20,elitize_generation_data,2,13,0.037,NA
4,46,negative-to-zero,tourney,FALSE,20,elitize_generation_data,3,8,0.017,NA
5,46,negative-to-zero,tourney,FALSE,20,elitize_generation_data,4,8,0.02,NA
6,46,negative-to-zero,tourney,FALSE,20,elitize_generation_data,5,8,0.015,NA
7,46,negative-to-zero,tourney,FALSE,20,elitize_generation_data,6,6,0.016,NA
8,46,negative-to-zero,tourney,FALSE,20,elitize_generation_data,7,5,0.014,NA
9,46,negative-to-zero,tourney,FALSE,20,elitize_generation_data,8,7,0.015,NA
10,46,negative-to-zero,tourney,FALSE,20,elitize_generation_data,9,9,0.018,NA
11,46,negative-to-zero,tourney,FALSE,20,elitize_generation_data,10,6,0.015,NA
12,46,negative-to-zero,tourney,FALSE,20,elitize_generation_data,11,7,0.014,NA
13,46,negative-to-zero,tourney,FALSE,20,elitize_generation_data,12,9,0.014,NA
14,46,negative-to-zero,tourney,FALSE,20,elitize_generation_data,13,9,0.015,NA
15,46,negative-to-zero,tourney,FALSE,20,elitize_generation_data,14,4,0.011,NA
16,46,negative-to-zero,tourney,FALSE,20,elitize_generation_data,15,4,0.006,NA
17,46,negative-to-zero,tourney,FALSE,20,elitize_generation_data,16,5,0.009,NA
18,46,negative-to-zero,tourney,FALSE,20,elitize_generation_data,17,5,0.011,NA
19,46,negative-to-zero,tourney,FALSE,20,elitize_generation_data,18,6,0.014,NA
20,46,negative-to-zero,tourney,FALSE,20,elitize_generation_data,19,5,0.01,NA
21,46,negative-to-zero,tourney,FALSE,20,elitize_generation_data,20,6,0.009,NA
22,46,negative-to-zero,tourney,FALSE,20,elitize_generation_data,21,5,0.006,NA
23,46,negative-to-zero,tourney,FALSE,20,elitize_generation_data,22,4,0.005,NA
24,46,negative-to-zero,tourney,FALSE,20,elitize_generation_data,23,4,0.008,NA
25,46,negative-to-zero,tourney,FALSE,20,elitize_generation_data,24,5,0.012,NA
26,46,negative-to-zero,tourney,FALSE,20,elitize_generation_data,25,5,0.009,NA
27,46,negative-to-zero,tourney,FALSE,20,elitize_generation_data,26,5,0.01,NA
28,46,negative-to-zero,tourney,FALSE,20,elitize_generation_data,27,6,0.009,NA
29,46,negative-to-zero,tourney,FALSE,20,elitize_generation_data,28,7,0.01,NA
30,46,negative-to-zero,tourney,FALSE,20,elitize_generation_data,29,5,0.008,NA
31,46,negative-to-zero,tourney,FALSE,20,elitize_generation_data,30,6,0.009,NA
32,46,negative-to-zero,tourney,FALSE,20,elitize_generation_data,31,6,0.009,NA
33,46,negative-to-zero,tourney,FALSE,20,elitize_generation_data,32,6,0.008,NA
34,46,negative-to-zero,tourney,FALSE,20,elitize_generation_data,33,7,0.012,NA
35,46,negative-to-zero,tourney,FALSE,20,elitize_generation_data,34,5,0.009,NA
36,46,negative-to-zero,tourney,FALSE,20,elitize_generation_data,35,4,0.007,NA
37,46,negative-to-zero,tourney,FALSE,20,elitize_generation_data,36,5,0.01,NA
38,46,negative-to-zero,tourney,FALSE,20,elitize_generation_data,37,5,0.01,NA
39,46,negative-to-zero,tourney,FALSE,20,elitize_generation_data,38,4,0.01,NA
40,46,negative-to-zero,tourney,FALSE,20,elitize_generation_data,39,3,0.006,NA
41,46,negative-to-zero,tourney,FALSE,20,elitize_generation_data,40,4,0.005,NA
42,46,negative-to-zero,tourney,FALSE,20,elitize_generation_data,41,3,0.004,NA
43,46,negative-to-zero,tourney,FALSE,20,elitize_generation_data,42,7,0.011,NA
44,46,negative-to-zero,tourney,FALSE,20,elitize_generation_data,43,5,0.007,NA
45,46,negative-to-zero,tourney,FALSE,20,elitize_generation_data,44,4,0.005,NA
46,46,negative-to-zero,tourney,FALSE,20,elitize_generation_data,45,4,0.006,NA
47,46,negative-to-zero,tourney,FALSE,20,elitize_generation_data,46,5,0.007,NA
48,46,negative-to-zero,tourney,FALSE,20,elitize_generation_data,47,5,0.006,NA
49,46,negative-to-zero,tourney,FALSE,20,elitize_generation_data,48,5,0.006,NA
50,46,negative-to-zero,tourney,FALSE,20,elitize_generation_data,49,4,0.004,NA
51,46,negative-to-zero,tourney,FALSE,20,elitize_generation_data,50,4,0.004,NA
52,46,negative-to-zero,tourney,FALSE,20,elitize_generation_data,51,5,0.009,NA
53,46,negative-to-zero,tourney,FALSE,20,elitize_generation_data,52,4,0.005,NA
54,46,negative-to-zero,tourney,FALSE,20,elitize_generation_data,53,3,0.003,NA
55,46,negative-to-zero,tourney,FALSE,20,elitize_generation_data,54,5,0.008,NA
56,46,negative-to-zero,tourney,FALSE,20,elitize_generation_data,55,3,0.005,NA
57,46,negative-to-zero,tourney,FALSE,20,elitize_generation_data,56,6,0.009,NA
58,46,negative-to-zero,tourney,FALSE,20,elitize_generation_data,57,4,0.008,NA
59,46,negative-to-zero,tourney,FALSE,20,elitize_generation_data,58,5,0.01,NA
60,46,negative-to-zero,tourney,FALSE,20,elitize_generation_data,59,5,0.008,NA
61,46,negative-to-zero,tourney,FALSE,20,elitize_generation_data,60,4,0.006,NA
62,46,negative-to-zero,tourney,FALSE,20,elitize_generation_data,61,5,0.006,NA
63,46,negative-to-zero,tourney,FALSE,20,elitize_generation_data,62,4,0.008,NA
64,46,negative-to-zero,tourney,FALSE,20,elitize_generation_data,63,6,0.008,NA
65,46,negative-to-zero,tourney,FALSE,20,elitize_generation_data,64,5,0.008,NA
66,46,negative-to-zero,tourney,FALSE,20,elitize_generation_data,65,5,0.006,NA
67,46,negative-to-zero,tourney,FALSE,20,elitize_generation_data,66,5,0.006,NA
68,46,negative-to-zero,tourney,FALSE,20,elitize_generation_data,67,5,0.007,NA
69,46,negative-to-zero,tourney,FALSE,20,elitize_generation_data,68,5,0.009,NA
70,46,negative-to-zero,tourney,FALSE,20,elitize_generation_data,69,4,0.006,NA
71,46,negative-to-zero,tourney,FALSE,20,elitize_generation_data,70,4,0.004,NA
72,46,negative-to-zero,tourney,FALSE,20,elitize_generation_data,71,6,0.009,NA
73,46,negative-to-zero,tourney,FALSE,20,elitize_generation_data,72,4,0.006,NA
74,46,negative-to-zero,tourney,FALSE,20,elitize_generation_data,73,5,0.007,NA
75,46,negative-to-zero,tourney,FALSE,20,elitize_generation_data,74,5,0.005,NA
76,46,negative-to-zero,tourney,FALSE,20,elitize_generation_data,75,4,0.004,NA
77,46,negative-to-zero,tourney,FALSE,20,elitize_generation_data,76,4,0.009,NA
78,46,negative-to-zero,tourney,FALSE,20,elitize_generation_data,77,6,0.009,NA
79,46,negative-to-zero,tourney,FALSE,20,elitize_generation_data,78,3,0.008,NA
80,46,negative-to-zero,tourney,FALSE,20,elitize_generation_data,79,5,0.006,NA
81,46,negative-to-zero,tourney,FALSE,20,elitize_generation_data,80,4,0.006,NA
82,46,negative-to-zero,tourney,FALSE,20,elitize_generation_data,81,6,0.006,NA
83,46,negative-to-zero,tourney,FALSE,20,elitize_generation_data,82,5,0.007,NA
84,46,negative-to-zero,tourney,FALSE,20,elitize_generation_data,83,5,0.006,NA
85,46,negative-to-zero,tourney,FALSE,20,elitize_generation_data,84,4,0.005,NA
86,46,negative-to-zero,tourney,FALSE,20,elitize_generation_data,85,3,0.004,NA
87,46,negative-to-zero,tourney,FALSE,20,elitize_generation_data,86,4,0.004,NA
88,46,negative-to-zero,tourney,FALSE,20,elitize_generation_data,87,3,0.004,NA
89,46,negative-to-zero,tourney,FALSE,20,elitize_generation_data,88,2,0.002,NA
90,46,negative-to-zero,tourney,FALSE,20,elitize_generation_data,89,4,0.005,NA
91,46,negative-to-zero,tourney,FALSE,20,elitize_generation_data,90,4,0.008,NA
92,46,negative-to-zero,tourney,FALSE,20,elitize_generation_data,91,3,0.006,NA
93,46,negative-to-zero,tourney,FALSE,20,elitize_generation_data,92,7,0.007,NA
94,46,negative-to-zero,tourney,FALSE,20,elitize_generation_data,93,4,0.009,NA
95,46,negative-to-zero,tourney,FALSE,20,elitize_generation_data,94,4,0.006,NA
96,46,negative-to-zero,tourney,FALSE,20,elitize_generation_data,95,3,0.003,NA
97,46,negative-to-zero,tourney,FALSE,20,elitize_generation_data,96,4,0.006,NA
98,46,negative-to-zero,tourney,FALSE,20,elitize_generation_data,97,4,0.005,NA
99,46,negative-to-zero,tourney,FALSE,20,elitize_generation_data,98,5,0.005,NA
100,46,negative-to-zero,tourney,FALSE,20,elitize_generation_data,99,4,0.006,NA
101,46,negative-to-zero,tourney,FALSE,20,elitize_generation_data,100,4,0.004,NA
102,46,negative-to-zero,tourney,FALSE,20,elitize_generation_data,101,3,0.006,NA
103,46,negative-to-zero,tourney,FALSE,20,elitize_generation_data,102,6,0.008,NA
104,46,negative-to-zero,tourney,FALSE,20,elitize_generation_data,103,3,0.003,NA
105,46,negative-to-zero,tourney,FALSE,20,elitize_generation_data,104,4,0.004,NA
106,46,negative-to-zero,tourney,FALSE,20,elitize_generation_data,105,5,0.009,NA
107,46,negative-to-zero,tourney,FALSE,20,elitize_generation_data,106,4,0.007,NA
108,46,negative-to-zero,tourney,FALSE,20,elitize_generation_data,107,3,0.004,NA
109,46,negative-to-zero,tourney,FALSE,20,elitize_generation_data,108,5,0.009,NA
110,46,negative-to-zero,tourney,FALSE,20,elitize_generation_data,109,4,0.006,NA
111,46,negative-to-zero,tourney,FALSE,20,elitize_generation_data,110,3,0.005,NA
112,46,negative-to-zero,tourney,FALSE,20,elitize_generation_data,111,5,0.007,NA
113,46,negative-to-zero,tourney,FALSE,20,elitize_generation_data,112,6,0.01,NA
114,46,negative-to-zero,tourney,FALSE,20,elitize_generation_data,113,5,0.008,NA
115,46,negative-to-zero,tourney,FALSE,20,elitize_generation_data,114,7,0.01,NA
116,46,negative-to-zero,tourney,FALSE,20,elitize_generation_data,115,7,0.009,NA
117,46,negative-to-zero,tourney,FALSE,20,elitize_generation_data,116,4,0.007,NA
118,46,negative-to-zero,tourney,FALSE,20,elitize_generation_data,117,4,0.008,NA
119,46,negative-to-zero,tourney,FALSE,20,elitize_generation_data,118,3,0.004,NA
120,46,negative-to-zero,tourney,FALSE,20,elitize_generation_data,119,4,0.005,NA
121,46,negative-to-zero,tourney,FALSE,20,elitize_generation_data,120,5,0.007,NA
122,46,negative-to-zero,tourney,FALSE,20,elitize_generation_data,121,3,0.004,NA
123,46,negative-to-zero,tourney,FALSE,20,elitize_generation_data,122,3,0.005,NA
124,46,negative-to-zero,tourney,FALSE,20,elitize_generation_data,123,5,0.006,NA
125,46,negative-to-zero,tourney,FALSE,20,elitize_generation_data,124,4,0.005,NA
126,46,negative-to-zero,tourney,FALSE,20,elitize_generation_data,125,4,0.006,NA
127,46,negative-to-zero,tourney,FALSE,20,elitize_generation_data,126,4,0.005,NA
128,46,negative-to-zero,tourney,FALSE,20,elitize_generation_data,127,5,0.009,NA
129,46,negative-to-zero,tourney,FALSE,20,elitize_generation_data,128,4,0.008,NA
130,46,negative-to-zero,tourney,FALSE,20,elitize_generation_data,129,4,0.004,NA
131,46,negative-to-zero,tourney,FALSE,20,elitize_generation_data,130,6,0.007,NA
132,46,negative-to-zero,tourney,FALSE,20,elitize_generation_data,131,3,0.004,NA
133,46,negative-to-zero,tourney,FALSE,20,elitize_generation_data,132,5,0.006,NA
134,46,negative-to-zero,tourney,FALSE,20,elitize_generation_data,133,5,0.007,NA
135,46,negative-to-zero,tourney,FALSE,20,elitize_generation_data,134,4,0.006,NA
136,46,negative-to-zero,tourney,FALSE,20,elitize_generation_data,135,5,0.008,NA
137,46,negative-to-zero,tourney,FALSE,20,elitize_generation_data,136,3,0.003,NA
138,46,negative-to-zero,tourney,FALSE,20,elitize_generation_data,137,4,0.007,NA
139,46,negative-to-zero,tourney,FALSE,20,elitize_generation_data,138,2,0.003,NA
140,46,negative-to-zero,tourney,FALSE,20,elitize_generation_data,139,3,0.003,NA
141,46,negative-to-zero,tourney,FALSE,20,elitize_generation_data,140,2,0.003,NA
142,46,negative-to-zero,tourney,FALSE,20,elitize_generation_data,141,3,0.003,NA
143,46,negative-to-zero,tourney,FALSE,20,elitize_generation_data,142,3,0.003,NA
144,46,negative-to-zero,tourney,FALSE,20,elitize_generation_data,143,2,0.003,NA
145,46,negative-to-zero,tourney,FALSE,20,elitize_generation_data,144,3,0.004,NA
146,46,negative-to-zero,tourney,FALSE,20,elitize_generation_data,145,3,0.005,NA
147,46,negative-to-zero,tourney,FALSE,20,elitize_generation_data,146,2,0.003,NA
148,46,negative-to-zero,tourney,FALSE,20,elitize_generation_data,147,4,0.005,NA
149,46,negative-to-zero,tourney,FALSE,20,elitize_generation_data,148,4,0.005,NA
150,46,negative-to-zero,tourney,FALSE,20,elitize_generation_data,149,5,0.007,NA
151,46,negative-to-zero,tourney,FALSE,20,elitize_generation_data,150,3,0.007,NA
152,46,negative-to-zero,tourney,FALSE,20,elitize_generation_data,151,2,0.003,NA
153,46,negative-to-zero,tourney,FALSE,20,elitize_generation_data,152,4,0.005,NA
154,46,negative-to-zero,tourney,FALSE,20,elitize_generation_data,153,3,0.006,NA
155,46,negative-to-zero,tourney,FALSE,20,elitize_generation_data,154,3,0.004,NA
156,46,negative-to-zero,tourney,FALSE,20,elitize_generation_data,155,2,0.003,NA
157,46,negative-to-zero,tourney,FALSE,20,elitize_generation_data,156,5,0.008,NA
158,46,negative-to-zero,tourney,FALSE,20,elitize_generation_data,157,5,0.008,NA
159,46,negative-to-zero,tourney,FALSE,20,elitize_generation_data,158,6,0.008,NA
160,46,negative-to-zero,tourney,FALSE,20,elitize_generation_data,159,4,0.005,NA
161,46,negative-to-zero,tourney,FALSE,20,elitize_generation_data,160,4,0.005,NA
162,46,negative-to-zero,tourney,FALSE,20,elitize_generation_data,161,3,0.004,NA
163,46,negative-to-zero,tourney,FALSE,20,elitize_generation_data,162,3,0.005,NA
164,46,negative-to-zero,tourney,FALSE,20,elitize_generation_data,163,4,0.006,NA
165,46,negative-to-zero,tourney,FALSE,20,elitize_generation_data,164,3,0.005,NA
166,46,negative-to-zero,tourney,FALSE,20,elitize_generation_data,165,5,0.01,NA
167,46,negative-to-zero,tourney,FALSE,20,elitize_generation_data,166,5,0.011,NA
168,46,negative-to-zero,tourney,FALSE,20,elitize_generation_data,167,5,0.01,NA
169,46,negative-to-zero,tourney,FALSE,20,elitize_generation_data,168,6,0.013,NA
170,46,negative-to-zero,tourney,FALSE,20,elitize_generation_data,169,7,0.012,NA
171,46,negative-to-zero,tourney,FALSE,20,elitize_generation_data,170,7,0.013,NA
172,46,negative-to-zero,tourney,FALSE,20,elitize_generation_data,171,7,0.013,NA
173,46,negative-to-zero,tourney,FALSE,20,elitize_generation_data,172,7,0.015,NA
174,46,negative-to-zero,tourney,FALSE,20,elitize_generation_data,173,8,0.017,NA
175,46,negative-to-zero,tourney,FALSE,20,elitize_generation_data,174,9,0.016,NA
176,46,negative-to-zero,tourney,FALSE,20,elitize_generation_data,175,11,0.028,NA
177,46,negative-to-zero,tourney,FALSE,20,elitize_generation_data,176,9,0.022,NA
178,46,negative-to-zero,tourney,FALSE,20,elitize_generation_data,177,10,0.023,NA
179,46,negative-to-zero,tourney,FALSE,20,elitize_generation_data,178,11,0.028,NA
180,46,negative-to-zero,tourney,FALSE,20,elitize_generation_data,179,10,0.024,NA
181,46,negative-to-zero,tourney,FALSE,20,elitize_generation_data,180,10,0.021,NA
182,46,negative-to-zero,tourney,FALSE,20,elitize_generation_data,181,11,0.025,NA
183,46,negative-to-zero,tourney,FALSE,20,elitize_generation_data,182,11,0.033,NA
184,46,negative-to-zero,tourney,FALSE,20,elitize_generation_data,183,9,0.025,NA
185,46,negative-to-zero,tourney,FALSE,20,elitize_generation_data,184,10,0.033,NA
186,46,negative-to-zero,tourney,FALSE,20,elitize_generation_data,185,10,0.035,NA
187,46,negative-to-zero,tourney,FALSE,20,elitize_generation_data,186,10,0.051,NA
188,46,negative-to-zero,tourney,FALSE,20,elitize_generation_data,187,12,0.044,NA
189,46,negative-to-zero,tourney,FALSE,20,elitize_generation_data,188,12,0.043,NA
190,46,negative-to-zero,tourney,FALSE,20,elitize_generation_data,189,14,0.051,NA
191,46,negative-to-zero,tourney,FALSE,20,elitize_generation_data,190,13,0.042,NA
192,46,negative-to-zero,tourney,FALSE,20,elitize_generation_data,191,11,0.048,NA
193,46,negative-to-zero,tourney,FALSE,20,elitize_generation_data,192,12,0.045,NA
194,46,negative-to-zero,tourney,FALSE,20,elitize_generation_data,193,10,0.054,NA
195,46,negative-to-zero,tourney,FALSE,20,elitize_generation_data,194,8,0.048,NA
196,46,negative-to-zero,tourney,FALSE,20,elitize_generation_data,195,9,0.049,NA
197,46,negative-to-zero,tourney,FALSE,20,elitize_generation_data,196,8,0.046,NA
198,46,negative-to-zero,tourney,FALSE,20,elitize_generation_data,197,7,0.052,NA
199,46,negative-to-zero,tourney,FALSE,20,elitize_generation_data,198,9,0.065,NA
200,46,negative-to-zero,tourney,FALSE,20,elitize_generation_data,199,6,0.075,NA
201,46,negative-to-zero,tourney,FALSE,20,elitize_generation_data,200,8,0.082,NA
202,46,negative-to-zero,tourney,FALSE,20,elitize_generation_data,201,5,0.069,NA
203,46,negative-to-zero,tourney,FALSE,20,elitize_generation_data,202,6,0.069,NA
204,46,negative-to-zero,tourney,FALSE,20,elitize_generation_data,203,4,0.087,NA
205,46,negative-to-zero,tourney,FALSE,20,elitize_generation_data,204,5,0.086,NA
206,46,negative-to-zero,tourney,FALSE,20,elitize_generation_data,205,5,0.075,NA
207,46,negative-to-zero,tourney,FALSE,20,elitize_generation_data,206,6,0.088,NA
208,46,negative-to-zero,tourney,FALSE,20,elitize_generation_data,207,8,0.08,NA
209,46,negative-to-zero,tourney,FALSE,20,elitize_generation_data,208,8,0.092,NA
210,46,negative-to-zero,tourney,FALSE,20,elitize_generation_data,209,5,0.095,NA
211,46,negative-to-zero,tourney,FALSE,20,elitize_generation_data,210,8,0.115,NA
212,46,negative-to-zero,tourney,FALSE,20,elitize_generation_data,211,5,0.126,NA
213,46,negative-to-zero,tourney,FALSE,20,elitize_generation_data,212,4,0.162,NA
214,46,negative-to-zero,tourney,FALSE,20,elitize_generation_data,213,6,0.192,NA
215,46,negative-to-zero,tourney,FALSE,20,elitize_generation_data,214,6,0.206,NA
216,46,negative-to-zero,tourney,FALSE,20,elitize_generation_data,215,5,0.192,NA
217,46,negative-to-zero,tourney,FALSE,20,elitize_generation_data,216,5,0.157,NA
218,46,negative-to-zero,tourney,FALSE,20,elitize_generation_data,217,6,0.164,NA
219,46,negative-to-zero,tourney,FALSE,20,elitize_generation_data,218,6,0.182,NA
220,46,negative-to-zero,tourney,FALSE,20,elitize_generation_data,219,6,0.223,NA
221,46,negative-to-zero,tourney,FALSE,20,elitize_generation_data,220,3,0.253,NA
222,46,negative-to-zero,tourney,FALSE,20,elitize_generation_data,221,7,0.258,NA
223,46,negative-to-zero,tourney,FALSE,20,elitize_generation_data,222,6,0.246,NA
224,46,negative-to-zero,tourney,FALSE,20,elitize_generation_data,223,6,0.255,NA
225,46,negative-to-zero,tourney,FALSE,20,elitize_generation_data,224,7,0.281,NA
226,46,negative-to-zero,tourney,FALSE,20,elitize_generation_data,225,6,0.299,NA
227,46,negative-to-zero,tourney,FALSE,20,elitize_generation_data,226,4,0.273,NA
228,46,negative-to-zero,tourney,FALSE,20,elitize_generation_data,227,5,0.292,NA
229,46,negative-to-zero,tourney,FALSE,20,elitize_generation_data,228,4,0.3,NA
230,46,negative-to-zero,tourney,FALSE,20,elitize_generation_data,229,7,0.265,NA
231,46,negative-to-zero,tourney,FALSE,20,elitize_generation_data,230,7,0.262,NA
232,46,negative-to-zero,tourney,FALSE,20,elitize_generation_data,231,7,0.233,NA
233,46,negative-to-zero,tourney,FALSE,20,elitize_generation_data,232,6,0.149,NA
234,46,negative-to-zero,tourney,FALSE,20,elitize_generation_data,233,9,0.17,NA
235,46,negative-to-zero,tourney,FALSE,20,elitize_generation_data,234,11,0.2,NA
236,46,negative-to-zero,tourney,FALSE,20,elitize_generation_data,235,10,0.206,NA
237,46,negative-to-zero,tourney,FALSE,20,elitize_generation_data,236,11,0.201,NA
238,46,negative-to-zero,tourney,FALSE,20,elitize_generation_data,237,10,0.202,NA
239,46,negative-to-zero,tourney,FALSE,20,elitize_generation_data,238,8,0.213,NA
240,46,negative-to-zero,tourney,FALSE,20,elitize_generation_data,239,9,0.261,NA
241,46,negative-to-zero,tourney,FALSE,20,elitize_generation_data,240,12,0.283,NA
242,46,negative-to-zero,tourney,FALSE,20,elitize_generation_data,241,9,0.313,NA
243,46,negative-to-zero,tourney,FALSE,20,elitize_generation_data,242,12,0.331,NA
244,46,negative-to-zero,tourney,FALSE,20,elitize_generation_data,243,16,0.333,NA
245,46,negative-to-zero,tourney,FALSE,20,elitize_generation_data,244,10,0.33,NA
246,46,negative-to-zero,tourney,FALSE,20,elitize_generation_data,245,12,0.295,NA
247,46,negative-to-zero,tourney,FALSE,20,elitize_generation_data,246,16,0.292,NA
248,46,negative-to-zero,tourney,FALSE,20,elitize_generation_data,247,15,0.293,NA
249,46,negative-to-zero,tourney,FALSE,20,elitize_generation_data,248,16,0.275,NA
250,46,negative-to-zero,tourney,FALSE,20,elitize_generation_data,249,12,0.268,NA
251,46,negative-to-zero,tourney,FALSE,20,elitize_generation_data,250,13,0.286,NA
252,46,negative-to-zero,tourney,FALSE,20,elitize_generation_data,251,11,0.321,NA
253,46,negative-to-zero,tourney,FALSE,20,elitize_generation_data,252,15,0.345,NA
254,46,negative-to-zero,tourney,FALSE,20,elitize_generation_data,253,15,0.391,NA
255,46,negative-to-zero,tourney,FALSE,20,elitize_generation_data,254,9,0.387,NA
256,46,negative-to-zero,tourney,FALSE,20,elitize_generation_data,255,15,0.377,NA
257,46,negative-to-zero,tourney,FALSE,20,elitize_generation_data,256,10,0.396,NA
258,46,negative-to-zero,tourney,FALSE,20,elitize_generation_data,257,8,0.441,NA
259,46,negative-to-zero,tourney,FALSE,20,elitize_generation_data,258,14,0.421,NA
260,46,negative-to-zero,tourney,FALSE,20,elitize_generation_data,259,10,0.423,NA
261,46,negative-to-zero,tourney,FALSE,20,elitize_generation_data,260,8,0.434,NA
262,46,negative-to-zero,tourney,FALSE,20,elitize_generation_data,261,7,0.413,NA
263,46,negative-to-zero,tourney,FALSE,20,elitize_generation_data,262,9,0.415,NA
264,46,negative-to-zero,tourney,FALSE,20,elitize_generation_data,263,12,0.38,NA
265,46,negative-to-zero,tourney,FALSE,20,elitize_generation_data,264,9,0.377,NA
266,46,negative-to-zero,tourney,FALSE,20,elitize_generation_data,265,11,0.382,NA
267,46,negative-to-zero,tourney,FALSE,20,elitize_generation_data,266,14,0.41,NA
268,46,negative-to-zero,tourney,FALSE,20,elitize_generation_data,267,13,0.423,NA
269,46,negative-to-zero,tourney,FALSE,20,elitize_generation_data,268,11,0.418,NA
270,46,negative-to-zero,tourney,FALSE,20,elitize_generation_data,269,15,0.415,NA
271,46,negative-to-zero,tourney,FALSE,20,elitize_generation_data,270,16,0.454,NA
272,46,negative-to-zero,tourney,FALSE,20,elitize_generation_data,271,18,0.472,NA
273,46,negative-to-zero,tourney,FALSE,20,elitize_generation_data,272,17,0.505,NA
274,46,negative-to-zero,tourney,FALSE,20,elitize_generation_data,273,16,0.516,NA
275,46,negative-to-zero,tourney,FALSE,20,elitize_generation_data,274,18,0.503,NA
276,46,negative-to-zero,tourney,FALSE,20,elitize_generation_data,275,17,0.499,NA
277,46,negative-to-zero,tourney,FALSE,20,elitize_generation_data,276,15,0.499,NA
278,46,negative-to-zero,tourney,FALSE,20,elitize_generation_data,277,17,0.451,NA
279,46,negative-to-zero,tourney,FALSE,20,elitize_generation_data,278,17,0.384,NA
280,46,negative-to-zero,tourney,FALSE,20,elitize_generation_data,279,15,0.362,NA
281,46,negative-to-zero,tourney,FALSE,20,elitize_generation_data,280,22,0.343,NA
282,46,negative-to-zero,tourney,FALSE,20,elitize_generation_data,281,9,0.36,NA
283,46,negative-to-zero,tourney,FALSE,20,elitize_generation_data,282,15,0.356,NA
284,46,negative-to-zero,tourney,FALSE,20,elitize_generation_data,283,14,0.356,NA
285,46,negative-to-zero,tourney,FALSE,20,elitize_generation_data,284,16,0.354,NA
286,46,negative-to-zero,tourney,FALSE,20,elitize_generation_data,285,17,0.373,NA
287,46,negative-to-zero,tourney,FALSE,20,elitize_generation_data,286,14,0.354,NA
288,46,negative-to-zero,tourney,FALSE,20,elitize_generation_data,287,22,0.373,NA
289,46,negative-to-zero,tourney,FALSE,20,elitize_generation_data,288,11,0.393,NA
290,46,negative-to-zero,tourney,FALSE,20,elitize_generation_data,289,14,0.381,NA
291,46,negative-to-zero,tourney,FALSE,20,elitize_generation_data,290,24,0.357,NA
292,46,negative-to-zero,tourney,FALSE,20,elitize_generation_data,291,16,0.365,NA
293,46,negative-to-zero,tourney,FALSE,20,elitize_generation_data,292,15,0.378,NA
294,46,negative-to-zero,tourney,FALSE,20,elitize_generation_data,293,19,0.362,NA
295,46,negative-to-zero,tourney,FALSE,20,elitize_generation_data,294,15,0.362,NA
296,46,negative-to-zero,tourney,FALSE,20,elitize_generation_data,295,15,0.335,NA
297,46,negative-to-zero,tourney,FALSE,20,elitize_generation_data,296,21,0.338,NA
298,46,negative-to-zero,tourney,FALSE,20,elitize_generation_data,297,19,0.337,NA
299,46,negative-to-zero,tourney,FALSE,20,elitize_generation_data,298,18,0.378,NA
300,46,negative-to-zero,tourney,FALSE,20,elitize_generation_data,299,14,0.384,NA
301,46,negative-to-zero,tourney,FALSE,20,elitize_generation_data,300,17,0.392,NA
