,run.num,problem,treatment,succeeded,height,normalization.function,generation,cluster.count,error.diversity,success.generation
1,13,negative-to-zero,tourney,FALSE,20,elitize_generation_data,0,11,0.037,NA
2,13,negative-to-zero,tourney,FALSE,20,elitize_generation_data,1,9,0.05,NA
3,13,negative-to-zero,tourney,FALSE,20,elitize_generation_data,2,6,0.033,NA
4,13,negative-to-zero,tourney,FALSE,20,elitize_generation_data,3,6,0.015,NA
5,13,negative-to-zero,tourney,FALSE,20,elitize_generation_data,4,7,0.017,NA
6,13,negative-to-zero,tourney,FALSE,20,elitize_generation_data,5,5,0.011,NA
7,13,negative-to-zero,tourney,FALSE,20,elitize_generation_data,6,6,0.014,NA
8,13,negative-to-zero,tourney,FALSE,20,elitize_generation_data,7,7,0.017,NA
9,13,negative-to-zero,tourney,FALSE,20,elitize_generation_data,8,5,0.011,NA
10,13,negative-to-zero,tourney,FALSE,20,elitize_generation_data,9,7,0.012,NA
11,13,negative-to-zero,tourney,FALSE,20,elitize_generation_data,10,7,0.013,NA
12,13,negative-to-zero,tourney,FALSE,20,elitize_generation_data,11,5,0.01,NA
13,13,negative-to-zero,tourney,FALSE,20,elitize_generation_data,12,5,0.009,NA
14,13,negative-to-zero,tourney,FALSE,20,elitize_generation_data,13,5,0.009,NA
15,13,negative-to-zero,tourney,FALSE,20,elitize_generation_data,14,7,0.013,NA
16,13,negative-to-zero,tourney,FALSE,20,elitize_generation_data,15,7,0.01,NA
17,13,negative-to-zero,tourney,FALSE,20,elitize_generation_data,16,9,0.014,NA
18,13,negative-to-zero,tourney,FALSE,20,elitize_generation_data,17,4,0.011,NA
19,13,negative-to-zero,tourney,FALSE,20,elitize_generation_data,18,6,0.011,NA
20,13,negative-to-zero,tourney,FALSE,20,elitize_generation_data,19,4,0.008,NA
21,13,negative-to-zero,tourney,FALSE,20,elitize_generation_data,20,5,0.01,NA
22,13,negative-to-zero,tourney,FALSE,20,elitize_generation_data,21,4,0.006,NA
23,13,negative-to-zero,tourney,FALSE,20,elitize_generation_data,22,4,0.009,NA
24,13,negative-to-zero,tourney,FALSE,20,elitize_generation_data,23,3,0.007,NA
25,13,negative-to-zero,tourney,FALSE,20,elitize_generation_data,24,4,0.007,NA
26,13,negative-to-zero,tourney,FALSE,20,elitize_generation_data,25,3,0.004,NA
27,13,negative-to-zero,tourney,FALSE,20,elitize_generation_data,26,4,0.006,NA
28,13,negative-to-zero,tourney,FALSE,20,elitize_generation_data,27,7,0.009,NA
29,13,negative-to-zero,tourney,FALSE,20,elitize_generation_data,28,4,0.008,NA
30,13,negative-to-zero,tourney,FALSE,20,elitize_generation_data,29,4,0.006,NA
31,13,negative-to-zero,tourney,FALSE,20,elitize_generation_data,30,5,0.009,NA
32,13,negative-to-zero,tourney,FALSE,20,elitize_generation_data,31,4,0.006,NA
33,13,negative-to-zero,tourney,FALSE,20,elitize_generation_data,32,6,0.01,NA
34,13,negative-to-zero,tourney,FALSE,20,elitize_generation_data,33,4,0.006,NA
35,13,negative-to-zero,tourney,FALSE,20,elitize_generation_data,34,2,0.005,NA
36,13,negative-to-zero,tourney,FALSE,20,elitize_generation_data,35,3,0.007,NA
37,13,negative-to-zero,tourney,FALSE,20,elitize_generation_data,36,5,0.009,NA
38,13,negative-to-zero,tourney,FALSE,20,elitize_generation_data,37,4,0.007,NA
39,13,negative-to-zero,tourney,FALSE,20,elitize_generation_data,38,3,0.005,NA
40,13,negative-to-zero,tourney,FALSE,20,elitize_generation_data,39,5,0.007,NA
41,13,negative-to-zero,tourney,FALSE,20,elitize_generation_data,40,3,0.003,NA
42,13,negative-to-zero,tourney,FALSE,20,elitize_generation_data,41,4,0.007,NA
43,13,negative-to-zero,tourney,FALSE,20,elitize_generation_data,42,4,0.005,NA
44,13,negative-to-zero,tourney,FALSE,20,elitize_generation_data,43,3,0.006,NA
45,13,negative-to-zero,tourney,FALSE,20,elitize_generation_data,44,3,0.006,NA
46,13,negative-to-zero,tourney,FALSE,20,elitize_generation_data,45,2,0.003,NA
47,13,negative-to-zero,tourney,FALSE,20,elitize_generation_data,46,4,0.005,NA
48,13,negative-to-zero,tourney,FALSE,20,elitize_generation_data,47,2,0.004,NA
49,13,negative-to-zero,tourney,FALSE,20,elitize_generation_data,48,3,0.005,NA
50,13,negative-to-zero,tourney,FALSE,20,elitize_generation_data,49,4,0.006,NA
51,13,negative-to-zero,tourney,FALSE,20,elitize_generation_data,50,3,0.004,NA
52,13,negative-to-zero,tourney,FALSE,20,elitize_generation_data,51,3,0.005,NA
53,13,negative-to-zero,tourney,FALSE,20,elitize_generation_data,52,4,0.004,NA
54,13,negative-to-zero,tourney,FALSE,20,elitize_generation_data,53,3,0.005,NA
55,13,negative-to-zero,tourney,FALSE,20,elitize_generation_data,54,4,0.004,NA
56,13,negative-to-zero,tourney,FALSE,20,elitize_generation_data,55,2,0.002,NA
57,13,negative-to-zero,tourney,FALSE,20,elitize_generation_data,56,3,0.003,NA
58,13,negative-to-zero,tourney,FALSE,20,elitize_generation_data,57,4,0.005,NA
59,13,negative-to-zero,tourney,FALSE,20,elitize_generation_data,58,3,0.005,NA
60,13,negative-to-zero,tourney,FALSE,20,elitize_generation_data,59,4,0.005,NA
61,13,negative-to-zero,tourney,FALSE,20,elitize_generation_data,60,4,0.006,NA
62,13,negative-to-zero,tourney,FALSE,20,elitize_generation_data,61,3,0.004,NA
63,13,negative-to-zero,tourney,FALSE,20,elitize_generation_data,62,3,0.006,NA
64,13,negative-to-zero,tourney,FALSE,20,elitize_generation_data,63,3,0.006,NA
65,13,negative-to-zero,tourney,FALSE,20,elitize_generation_data,64,3,0.004,NA
66,13,negative-to-zero,tourney,FALSE,20,elitize_generation_data,65,3,0.006,NA
67,13,negative-to-zero,tourney,FALSE,20,elitize_generation_data,66,2,0.003,NA
68,13,negative-to-zero,tourney,FALSE,20,elitize_generation_data,67,4,0.004,NA
69,13,negative-to-zero,tourney,FALSE,20,elitize_generation_data,68,4,0.005,NA
70,13,negative-to-zero,tourney,FALSE,20,elitize_generation_data,69,4,0.006,NA
71,13,negative-to-zero,tourney,FALSE,20,elitize_generation_data,70,5,0.005,NA
72,13,negative-to-zero,tourney,FALSE,20,elitize_generation_data,71,2,0.003,NA
73,13,negative-to-zero,tourney,FALSE,20,elitize_generation_data,72,5,0.007,NA
74,13,negative-to-zero,tourney,FALSE,20,elitize_generation_data,73,3,0.003,NA
75,13,negative-to-zero,tourney,FALSE,20,elitize_generation_data,74,3,0.006,NA
76,13,negative-to-zero,tourney,FALSE,20,elitize_generation_data,75,4,0.007,NA
77,13,negative-to-zero,tourney,FALSE,20,elitize_generation_data,76,4,0.005,NA
78,13,negative-to-zero,tourney,FALSE,20,elitize_generation_data,77,2,0.002,NA
79,13,negative-to-zero,tourney,FALSE,20,elitize_generation_data,78,4,0.005,NA
80,13,negative-to-zero,tourney,FALSE,20,elitize_generation_data,79,3,0.004,NA
81,13,negative-to-zero,tourney,FALSE,20,elitize_generation_data,80,4,0.005,NA
82,13,negative-to-zero,tourney,FALSE,20,elitize_generation_data,81,4,0.006,NA
83,13,negative-to-zero,tourney,FALSE,20,elitize_generation_data,82,2,0.003,NA
84,13,negative-to-zero,tourney,FALSE,20,elitize_generation_data,83,4,0.005,NA
85,13,negative-to-zero,tourney,FALSE,20,elitize_generation_data,84,4,0.005,NA
86,13,negative-to-zero,tourney,FALSE,20,elitize_generation_data,85,3,0.003,NA
87,13,negative-to-zero,tourney,FALSE,20,elitize_generation_data,86,3,0.003,NA
88,13,negative-to-zero,tourney,FALSE,20,elitize_generation_data,87,3,0.005,NA
89,13,negative-to-zero,tourney,FALSE,20,elitize_generation_data,88,3,0.005,NA
90,13,negative-to-zero,tourney,FALSE,20,elitize_generation_data,89,4,0.005,NA
91,13,negative-to-zero,tourney,FALSE,20,elitize_generation_data,90,5,0.005,NA
92,13,negative-to-zero,tourney,FALSE,20,elitize_generation_data,91,3,0.007,NA
93,13,negative-to-zero,tourney,FALSE,20,elitize_generation_data,92,4,0.006,NA
94,13,negative-to-zero,tourney,FALSE,20,elitize_generation_data,93,4,0.004,NA
95,13,negative-to-zero,tourney,FALSE,20,elitize_generation_data,94,3,0.004,NA
96,13,negative-to-zero,tourney,FALSE,20,elitize_generation_data,95,4,0.005,NA
97,13,negative-to-zero,tourney,FALSE,20,elitize_generation_data,96,3,0.004,NA
98,13,negative-to-zero,tourney,FALSE,20,elitize_generation_data,97,4,0.004,NA
99,13,negative-to-zero,tourney,FALSE,20,elitize_generation_data,98,4,0.004,NA
100,13,negative-to-zero,tourney,FALSE,20,elitize_generation_data,99,3,0.005,NA
101,13,negative-to-zero,tourney,FALSE,20,elitize_generation_data,100,3,0.004,NA
102,13,negative-to-zero,tourney,FALSE,20,elitize_generation_data,101,2,0.004,NA
103,13,negative-to-zero,tourney,FALSE,20,elitize_generation_data,102,3,0.003,NA
104,13,negative-to-zero,tourney,FALSE,20,elitize_generation_data,103,4,0.006,NA
105,13,negative-to-zero,tourney,FALSE,20,elitize_generation_data,104,4,0.004,NA
106,13,negative-to-zero,tourney,FALSE,20,elitize_generation_data,105,4,0.005,NA
107,13,negative-to-zero,tourney,FALSE,20,elitize_generation_data,106,3,0.004,NA
108,13,negative-to-zero,tourney,FALSE,20,elitize_generation_data,107,3,0.003,NA
109,13,negative-to-zero,tourney,FALSE,20,elitize_generation_data,108,4,0.004,NA
110,13,negative-to-zero,tourney,FALSE,20,elitize_generation_data,109,3,0.003,NA
111,13,negative-to-zero,tourney,FALSE,20,elitize_generation_data,110,4,0.005,NA
112,13,negative-to-zero,tourney,FALSE,20,elitize_generation_data,111,3,0.003,NA
113,13,negative-to-zero,tourney,FALSE,20,elitize_generation_data,112,3,0.004,NA
114,13,negative-to-zero,tourney,FALSE,20,elitize_generation_data,113,5,0.005,NA
115,13,negative-to-zero,tourney,FALSE,20,elitize_generation_data,114,3,0.003,NA
116,13,negative-to-zero,tourney,FALSE,20,elitize_generation_data,115,3,0.004,NA
117,13,negative-to-zero,tourney,FALSE,20,elitize_generation_data,116,2,0.004,NA
118,13,negative-to-zero,tourney,FALSE,20,elitize_generation_data,117,2,0.003,NA
119,13,negative-to-zero,tourney,FALSE,20,elitize_generation_data,118,4,0.004,NA
120,13,negative-to-zero,tourney,FALSE,20,elitize_generation_data,119,3,0.004,NA
121,13,negative-to-zero,tourney,FALSE,20,elitize_generation_data,120,3,0.003,NA
122,13,negative-to-zero,tourney,FALSE,20,elitize_generation_data,121,3,0.003,NA
123,13,negative-to-zero,tourney,FALSE,20,elitize_generation_data,122,3,0.004,NA
124,13,negative-to-zero,tourney,FALSE,20,elitize_generation_data,123,4,0.005,NA
125,13,negative-to-zero,tourney,FALSE,20,elitize_generation_data,124,3,0.004,NA
126,13,negative-to-zero,tourney,FALSE,20,elitize_generation_data,125,2,0.003,NA
127,13,negative-to-zero,tourney,FALSE,20,elitize_generation_data,126,3,0.003,NA
128,13,negative-to-zero,tourney,FALSE,20,elitize_generation_data,127,3,0.003,NA
129,13,negative-to-zero,tourney,FALSE,20,elitize_generation_data,128,4,0.005,NA
130,13,negative-to-zero,tourney,FALSE,20,elitize_generation_data,129,3,0.004,NA
131,13,negative-to-zero,tourney,FALSE,20,elitize_generation_data,130,3,0.005,NA
132,13,negative-to-zero,tourney,FALSE,20,elitize_generation_data,131,4,0.005,NA
133,13,negative-to-zero,tourney,FALSE,20,elitize_generation_data,132,3,0.004,NA
134,13,negative-to-zero,tourney,FALSE,20,elitize_generation_data,133,2,0.004,NA
135,13,negative-to-zero,tourney,FALSE,20,elitize_generation_data,134,2,0.004,NA
136,13,negative-to-zero,tourney,FALSE,20,elitize_generation_data,135,4,0.006,NA
137,13,negative-to-zero,tourney,FALSE,20,elitize_generation_data,136,3,0.003,NA
138,13,negative-to-zero,tourney,FALSE,20,elitize_generation_data,137,3,0.004,NA
139,13,negative-to-zero,tourney,FALSE,20,elitize_generation_data,138,5,0.005,NA
140,13,negative-to-zero,tourney,FALSE,20,elitize_generation_data,139,5,0.005,NA
141,13,negative-to-zero,tourney,FALSE,20,elitize_generation_data,140,2,0.003,NA
142,13,negative-to-zero,tourney,FALSE,20,elitize_generation_data,141,2,0.002,NA
143,13,negative-to-zero,tourney,FALSE,20,elitize_generation_data,142,2,0.004,NA
144,13,negative-to-zero,tourney,FALSE,20,elitize_generation_data,143,5,0.006,NA
145,13,negative-to-zero,tourney,FALSE,20,elitize_generation_data,144,3,0.003,NA
146,13,negative-to-zero,tourney,FALSE,20,elitize_generation_data,145,5,0.007,NA
147,13,negative-to-zero,tourney,FALSE,20,elitize_generation_data,146,3,0.005,NA
148,13,negative-to-zero,tourney,FALSE,20,elitize_generation_data,147,2,0.002,NA
149,13,negative-to-zero,tourney,FALSE,20,elitize_generation_data,148,2,0.002,NA
150,13,negative-to-zero,tourney,FALSE,20,elitize_generation_data,149,3,0.004,NA
151,13,negative-to-zero,tourney,FALSE,20,elitize_generation_data,150,4,0.004,NA
152,13,negative-to-zero,tourney,FALSE,20,elitize_generation_data,151,4,0.006,NA
153,13,negative-to-zero,tourney,FALSE,20,elitize_generation_data,152,3,0.006,NA
154,13,negative-to-zero,tourney,FALSE,20,elitize_generation_data,153,3,0.003,NA
155,13,negative-to-zero,tourney,FALSE,20,elitize_generation_data,154,3,0.003,NA
156,13,negative-to-zero,tourney,FALSE,20,elitize_generation_data,155,3,0.003,NA
157,13,negative-to-zero,tourney,FALSE,20,elitize_generation_data,156,3,0.004,NA
158,13,negative-to-zero,tourney,FALSE,20,elitize_generation_data,157,3,0.003,NA
159,13,negative-to-zero,tourney,FALSE,20,elitize_generation_data,158,2,0.002,NA
160,13,negative-to-zero,tourney,FALSE,20,elitize_generation_data,159,3,0.003,NA
161,13,negative-to-zero,tourney,FALSE,20,elitize_generation_data,160,4,0.004,NA
162,13,negative-to-zero,tourney,FALSE,20,elitize_generation_data,161,3,0.004,NA
163,13,negative-to-zero,tourney,FALSE,20,elitize_generation_data,162,2,0.002,NA
164,13,negative-to-zero,tourney,FALSE,20,elitize_generation_data,163,3,0.003,NA
165,13,negative-to-zero,tourney,FALSE,20,elitize_generation_data,164,2,0.002,NA
166,13,negative-to-zero,tourney,FALSE,20,elitize_generation_data,165,3,0.004,NA
167,13,negative-to-zero,tourney,FALSE,20,elitize_generation_data,166,2,0.002,NA
168,13,negative-to-zero,tourney,FALSE,20,elitize_generation_data,167,4,0.005,NA
169,13,negative-to-zero,tourney,FALSE,20,elitize_generation_data,168,2,0.002,NA
170,13,negative-to-zero,tourney,FALSE,20,elitize_generation_data,169,3,0.003,NA
171,13,negative-to-zero,tourney,FALSE,20,elitize_generation_data,170,3,0.003,NA
172,13,negative-to-zero,tourney,FALSE,20,elitize_generation_data,171,3,0.003,NA
173,13,negative-to-zero,tourney,FALSE,20,elitize_generation_data,172,3,0.004,NA
174,13,negative-to-zero,tourney,FALSE,20,elitize_generation_data,173,5,0.005,NA
175,13,negative-to-zero,tourney,FALSE,20,elitize_generation_data,174,3,0.003,NA
176,13,negative-to-zero,tourney,FALSE,20,elitize_generation_data,175,3,0.005,NA
177,13,negative-to-zero,tourney,FALSE,20,elitize_generation_data,176,2,0.002,NA
178,13,negative-to-zero,tourney,FALSE,20,elitize_generation_data,177,4,0.004,NA
179,13,negative-to-zero,tourney,FALSE,20,elitize_generation_data,178,4,0.004,NA
180,13,negative-to-zero,tourney,FALSE,20,elitize_generation_data,179,3,0.004,NA
181,13,negative-to-zero,tourney,FALSE,20,elitize_generation_data,180,3,0.003,NA
182,13,negative-to-zero,tourney,FALSE,20,elitize_generation_data,181,3,0.003,NA
183,13,negative-to-zero,tourney,FALSE,20,elitize_generation_data,182,2,0.003,NA
184,13,negative-to-zero,tourney,FALSE,20,elitize_generation_data,183,3,0.003,NA
185,13,negative-to-zero,tourney,FALSE,20,elitize_generation_data,184,3,0.004,NA
186,13,negative-to-zero,tourney,FALSE,20,elitize_generation_data,185,2,0.003,NA
187,13,negative-to-zero,tourney,FALSE,20,elitize_generation_data,186,2,0.003,NA
188,13,negative-to-zero,tourney,FALSE,20,elitize_generation_data,187,3,0.003,NA
189,13,negative-to-zero,tourney,FALSE,20,elitize_generation_data,188,2,0.003,NA
190,13,negative-to-zero,tourney,FALSE,20,elitize_generation_data,189,3,0.003,NA
191,13,negative-to-zero,tourney,FALSE,20,elitize_generation_data,190,2,0.002,NA
192,13,negative-to-zero,tourney,FALSE,20,elitize_generation_data,191,3,0.003,NA
193,13,negative-to-zero,tourney,FALSE,20,elitize_generation_data,192,2,0.002,NA
194,13,negative-to-zero,tourney,FALSE,20,elitize_generation_data,193,3,0.003,NA
195,13,negative-to-zero,tourney,FALSE,20,elitize_generation_data,194,2,0.002,NA
196,13,negative-to-zero,tourney,FALSE,20,elitize_generation_data,195,2,0.002,NA
197,13,negative-to-zero,tourney,FALSE,20,elitize_generation_data,196,3,0.003,NA
198,13,negative-to-zero,tourney,FALSE,20,elitize_generation_data,197,4,0.005,NA
199,13,negative-to-zero,tourney,FALSE,20,elitize_generation_data,198,3,0.003,NA
200,13,negative-to-zero,tourney,FALSE,20,elitize_generation_data,199,5,0.006,NA
201,13,negative-to-zero,tourney,FALSE,20,elitize_generation_data,200,4,0.004,NA
202,13,negative-to-zero,tourney,FALSE,20,elitize_generation_data,201,2,0.002,NA
203,13,negative-to-zero,tourney,FALSE,20,elitize_generation_data,202,3,0.004,NA
204,13,negative-to-zero,tourney,FALSE,20,elitize_generation_data,203,3,0.003,NA
205,13,negative-to-zero,tourney,FALSE,20,elitize_generation_data,204,2,0.002,NA
206,13,negative-to-zero,tourney,FALSE,20,elitize_generation_data,205,3,0.004,NA
207,13,negative-to-zero,tourney,FALSE,20,elitize_generation_data,206,3,0.003,NA
208,13,negative-to-zero,tourney,FALSE,20,elitize_generation_data,207,3,0.003,NA
209,13,negative-to-zero,tourney,FALSE,20,elitize_generation_data,208,3,0.004,NA
210,13,negative-to-zero,tourney,FALSE,20,elitize_generation_data,209,3,0.003,NA
211,13,negative-to-zero,tourney,FALSE,20,elitize_generation_data,210,2,0.002,NA
212,13,negative-to-zero,tourney,FALSE,20,elitize_generation_data,211,2,0.002,NA
213,13,negative-to-zero,tourney,FALSE,20,elitize_generation_data,212,2,0.003,NA
214,13,negative-to-zero,tourney,FALSE,20,elitize_generation_data,213,3,0.003,NA
215,13,negative-to-zero,tourney,FALSE,20,elitize_generation_data,214,2,0.002,NA
216,13,negative-to-zero,tourney,FALSE,20,elitize_generation_data,215,2,0.002,NA
217,13,negative-to-zero,tourney,FALSE,20,elitize_generation_data,216,2,0.003,NA
218,13,negative-to-zero,tourney,FALSE,20,elitize_generation_data,217,2,0.004,NA
219,13,negative-to-zero,tourney,FALSE,20,elitize_generation_data,218,3,0.003,NA
220,13,negative-to-zero,tourney,FALSE,20,elitize_generation_data,219,3,0.003,NA
221,13,negative-to-zero,tourney,FALSE,20,elitize_generation_data,220,4,0.004,NA
222,13,negative-to-zero,tourney,FALSE,20,elitize_generation_data,221,2,0.002,NA
223,13,negative-to-zero,tourney,FALSE,20,elitize_generation_data,222,2,0.002,NA
224,13,negative-to-zero,tourney,FALSE,20,elitize_generation_data,223,3,0.003,NA
225,13,negative-to-zero,tourney,FALSE,20,elitize_generation_data,224,2,0.002,NA
226,13,negative-to-zero,tourney,FALSE,20,elitize_generation_data,225,3,0.003,NA
227,13,negative-to-zero,tourney,FALSE,20,elitize_generation_data,226,2,0.002,NA
228,13,negative-to-zero,tourney,FALSE,20,elitize_generation_data,227,2,0.002,NA
229,13,negative-to-zero,tourney,FALSE,20,elitize_generation_data,228,2,0.002,NA
230,13,negative-to-zero,tourney,FALSE,20,elitize_generation_data,229,2,0.002,NA
231,13,negative-to-zero,tourney,FALSE,20,elitize_generation_data,230,3,0.003,NA
232,13,negative-to-zero,tourney,FALSE,20,elitize_generation_data,231,2,0.002,NA
233,13,negative-to-zero,tourney,FALSE,20,elitize_generation_data,232,2,0.002,NA
234,13,negative-to-zero,tourney,FALSE,20,elitize_generation_data,233,2,0.002,NA
235,13,negative-to-zero,tourney,FALSE,20,elitize_generation_data,234,2,0.002,NA
236,13,negative-to-zero,tourney,FALSE,20,elitize_generation_data,235,3,0.003,NA
237,13,negative-to-zero,tourney,FALSE,20,elitize_generation_data,236,3,0.003,NA
238,13,negative-to-zero,tourney,FALSE,20,elitize_generation_data,237,3,0.003,NA
239,13,negative-to-zero,tourney,FALSE,20,elitize_generation_data,238,2,0.002,NA
240,13,negative-to-zero,tourney,FALSE,20,elitize_generation_data,239,2,0.002,NA
241,13,negative-to-zero,tourney,FALSE,20,elitize_generation_data,240,2,0.002,NA
242,13,negative-to-zero,tourney,FALSE,20,elitize_generation_data,241,3,0.003,NA
243,13,negative-to-zero,tourney,FALSE,20,elitize_generation_data,242,2,0.002,NA
244,13,negative-to-zero,tourney,FALSE,20,elitize_generation_data,243,3,0.003,NA
245,13,negative-to-zero,tourney,FALSE,20,elitize_generation_data,244,2,0.002,NA
246,13,negative-to-zero,tourney,FALSE,20,elitize_generation_data,245,2,0.002,NA
247,13,negative-to-zero,tourney,FALSE,20,elitize_generation_data,246,2,0.002,NA
248,13,negative-to-zero,tourney,FALSE,20,elitize_generation_data,247,2,0.003,NA
249,13,negative-to-zero,tourney,FALSE,20,elitize_generation_data,248,2,0.002,NA
250,13,negative-to-zero,tourney,FALSE,20,elitize_generation_data,249,3,0.004,NA
251,13,negative-to-zero,tourney,FALSE,20,elitize_generation_data,250,2,0.002,NA
252,13,negative-to-zero,tourney,FALSE,20,elitize_generation_data,251,2,0.002,NA
253,13,negative-to-zero,tourney,FALSE,20,elitize_generation_data,252,2,0.002,NA
254,13,negative-to-zero,tourney,FALSE,20,elitize_generation_data,253,2,0.002,NA
255,13,negative-to-zero,tourney,FALSE,20,elitize_generation_data,254,2,0.003,NA
256,13,negative-to-zero,tourney,FALSE,20,elitize_generation_data,255,2,0.002,NA
257,13,negative-to-zero,tourney,FALSE,20,elitize_generation_data,256,2,0.002,NA
258,13,negative-to-zero,tourney,FALSE,20,elitize_generation_data,257,2,0.002,NA
259,13,negative-to-zero,tourney,FALSE,20,elitize_generation_data,258,2,0.002,NA
260,13,negative-to-zero,tourney,FALSE,20,elitize_generation_data,259,2,0.002,NA
261,13,negative-to-zero,tourney,FALSE,20,elitize_generation_data,260,2,0.002,NA
262,13,negative-to-zero,tourney,FALSE,20,elitize_generation_data,261,2,0.002,NA
263,13,negative-to-zero,tourney,FALSE,20,elitize_generation_data,262,2,0.002,NA
264,13,negative-to-zero,tourney,FALSE,20,elitize_generation_data,263,2,0.002,NA
265,13,negative-to-zero,tourney,FALSE,20,elitize_generation_data,264,3,0.003,NA
266,13,negative-to-zero,tourney,FALSE,20,elitize_generation_data,265,3,0.003,NA
267,13,negative-to-zero,tourney,FALSE,20,elitize_generation_data,266,3,0.003,NA
268,13,negative-to-zero,tourney,FALSE,20,elitize_generation_data,267,3,0.003,NA
269,13,negative-to-zero,tourney,FALSE,20,elitize_generation_data,268,2,0.003,NA
270,13,negative-to-zero,tourney,FALSE,20,elitize_generation_data,269,3,0.003,NA
271,13,negative-to-zero,tourney,FALSE,20,elitize_generation_data,270,2,0.002,NA
272,13,negative-to-zero,tourney,FALSE,20,elitize_generation_data,271,2,0.002,NA
273,13,negative-to-zero,tourney,FALSE,20,elitize_generation_data,272,3,0.003,NA
274,13,negative-to-zero,tourney,FALSE,20,elitize_generation_data,273,2,0.002,NA
275,13,negative-to-zero,tourney,FALSE,20,elitize_generation_data,274,2,0.002,NA
276,13,negative-to-zero,tourney,FALSE,20,elitize_generation_data,275,2,0.002,NA
277,13,negative-to-zero,tourney,FALSE,20,elitize_generation_data,276,3,0.003,NA
278,13,negative-to-zero,tourney,FALSE,20,elitize_generation_data,277,2,0.002,NA
279,13,negative-to-zero,tourney,FALSE,20,elitize_generation_data,278,2,0.002,NA
280,13,negative-to-zero,tourney,FALSE,20,elitize_generation_data,279,2,0.002,NA
281,13,negative-to-zero,tourney,FALSE,20,elitize_generation_data,280,2,0.002,NA
282,13,negative-to-zero,tourney,FALSE,20,elitize_generation_data,281,2,0.002,NA
283,13,negative-to-zero,tourney,FALSE,20,elitize_generation_data,282,2,0.002,NA
284,13,negative-to-zero,tourney,FALSE,20,elitize_generation_data,283,3,0.003,NA
285,13,negative-to-zero,tourney,FALSE,20,elitize_generation_data,284,2,0.002,NA
286,13,negative-to-zero,tourney,FALSE,20,elitize_generation_data,285,2,0.002,NA
287,13,negative-to-zero,tourney,FALSE,20,elitize_generation_data,286,3,0.003,NA
288,13,negative-to-zero,tourney,FALSE,20,elitize_generation_data,287,2,0.002,NA
289,13,negative-to-zero,tourney,FALSE,20,elitize_generation_data,288,3,0.003,NA
290,13,negative-to-zero,tourney,FALSE,20,elitize_generation_data,289,2,0.002,NA
291,13,negative-to-zero,tourney,FALSE,20,elitize_generation_data,290,2,0.002,NA
292,13,negative-to-zero,tourney,FALSE,20,elitize_generation_data,291,2,0.002,NA
293,13,negative-to-zero,tourney,FALSE,20,elitize_generation_data,292,2,0.002,NA
294,13,negative-to-zero,tourney,FALSE,20,elitize_generation_data,293,2,0.003,NA
295,13,negative-to-zero,tourney,FALSE,20,elitize_generation_data,294,3,0.003,NA
296,13,negative-to-zero,tourney,FALSE,20,elitize_generation_data,295,2,0.002,NA
297,13,negative-to-zero,tourney,FALSE,20,elitize_generation_data,296,2,0.002,NA
298,13,negative-to-zero,tourney,FALSE,20,elitize_generation_data,297,2,0.002,NA
299,13,negative-to-zero,tourney,FALSE,20,elitize_generation_data,298,2,0.002,NA
300,13,negative-to-zero,tourney,FALSE,20,elitize_generation_data,299,3,0.004,NA
301,13,negative-to-zero,tourney,FALSE,20,elitize_generation_data,300,2,0.002,NA
