,run.num,problem,treatment,succeeded,height,normalization.function,generation,cluster.count,error.diversity,success.generation
1,62,negative-to-zero,tourney,TRUE,20,elitize_generation_data,0,14,0.049,254
2,62,negative-to-zero,tourney,TRUE,20,elitize_generation_data,1,18,0.077,254
3,62,negative-to-zero,tourney,TRUE,20,elitize_generation_data,2,10,0.042,254
4,62,negative-to-zero,tourney,TRUE,20,elitize_generation_data,3,13,0.028,254
5,62,negative-to-zero,tourney,TRUE,20,elitize_generation_data,4,6,0.028,254
6,62,negative-to-zero,tourney,TRUE,20,elitize_generation_data,5,12,0.026,254
7,62,negative-to-zero,tourney,TRUE,20,elitize_generation_data,6,10,0.024,254
8,62,negative-to-zero,tourney,TRUE,20,elitize_generation_data,7,11,0.034,254
9,62,negative-to-zero,tourney,TRUE,20,elitize_generation_data,8,11,0.031,254
10,62,negative-to-zero,tourney,TRUE,20,elitize_generation_data,9,9,0.044,254
11,62,negative-to-zero,tourney,TRUE,20,elitize_generation_data,10,6,0.04,254
12,62,negative-to-zero,tourney,TRUE,20,elitize_generation_data,11,8,0.05,254
13,62,negative-to-zero,tourney,TRUE,20,elitize_generation_data,12,10,0.051,254
14,62,negative-to-zero,tourney,TRUE,20,elitize_generation_data,13,14,0.055,254
15,62,negative-to-zero,tourney,TRUE,20,elitize_generation_data,14,11,0.044,254
16,62,negative-to-zero,tourney,TRUE,20,elitize_generation_data,15,8,0.043,254
17,62,negative-to-zero,tourney,TRUE,20,elitize_generation_data,16,10,0.053,254
18,62,negative-to-zero,tourney,TRUE,20,elitize_generation_data,17,13,0.057,254
19,62,negative-to-zero,tourney,TRUE,20,elitize_generation_data,18,16,0.062,254
20,62,negative-to-zero,tourney,TRUE,20,elitize_generation_data,19,15,0.058,254
21,62,negative-to-zero,tourney,TRUE,20,elitize_generation_data,20,22,0.087,254
22,62,negative-to-zero,tourney,TRUE,20,elitize_generation_data,21,38,0.134,254
23,62,negative-to-zero,tourney,TRUE,20,elitize_generation_data,22,56,0.171,254
24,62,negative-to-zero,tourney,TRUE,20,elitize_generation_data,23,54,0.196,254
25,62,negative-to-zero,tourney,TRUE,20,elitize_generation_data,24,57,0.197,254
26,62,negative-to-zero,tourney,TRUE,20,elitize_generation_data,25,41,0.214,254
27,62,negative-to-zero,tourney,TRUE,20,elitize_generation_data,26,46,0.236,254
28,62,negative-to-zero,tourney,TRUE,20,elitize_generation_data,27,57,0.183,254
29,62,negative-to-zero,tourney,TRUE,20,elitize_generation_data,28,53,0.18,254
30,62,negative-to-zero,tourney,TRUE,20,elitize_generation_data,29,45,0.155,254
31,62,negative-to-zero,tourney,TRUE,20,elitize_generation_data,30,28,0.095,254
32,62,negative-to-zero,tourney,TRUE,20,elitize_generation_data,31,27,0.087,254
33,62,negative-to-zero,tourney,TRUE,20,elitize_generation_data,32,25,0.087,254
34,62,negative-to-zero,tourney,TRUE,20,elitize_generation_data,33,28,0.093,254
35,62,negative-to-zero,tourney,TRUE,20,elitize_generation_data,34,34,0.097,254
36,62,negative-to-zero,tourney,TRUE,20,elitize_generation_data,35,24,0.089,254
37,62,negative-to-zero,tourney,TRUE,20,elitize_generation_data,36,24,0.098,254
38,62,negative-to-zero,tourney,TRUE,20,elitize_generation_data,37,25,0.115,254
39,62,negative-to-zero,tourney,TRUE,20,elitize_generation_data,38,43,0.126,254
40,62,negative-to-zero,tourney,TRUE,20,elitize_generation_data,39,37,0.129,254
41,62,negative-to-zero,tourney,TRUE,20,elitize_generation_data,40,46,0.15,254
42,62,negative-to-zero,tourney,TRUE,20,elitize_generation_data,41,44,0.163,254
43,62,negative-to-zero,tourney,TRUE,20,elitize_generation_data,42,35,0.15,254
44,62,negative-to-zero,tourney,TRUE,20,elitize_generation_data,43,42,0.133,254
45,62,negative-to-zero,tourney,TRUE,20,elitize_generation_data,44,35,0.137,254
46,62,negative-to-zero,tourney,TRUE,20,elitize_generation_data,45,37,0.16,254
47,62,negative-to-zero,tourney,TRUE,20,elitize_generation_data,46,33,0.139,254
48,62,negative-to-zero,tourney,TRUE,20,elitize_generation_data,47,46,0.138,254
49,62,negative-to-zero,tourney,TRUE,20,elitize_generation_data,48,37,0.125,254
50,62,negative-to-zero,tourney,TRUE,20,elitize_generation_data,49,27,0.138,254
51,62,negative-to-zero,tourney,TRUE,20,elitize_generation_data,50,17,0.125,254
52,62,negative-to-zero,tourney,TRUE,20,elitize_generation_data,51,24,0.124,254
53,62,negative-to-zero,tourney,TRUE,20,elitize_generation_data,52,29,0.115,254
54,62,negative-to-zero,tourney,TRUE,20,elitize_generation_data,53,33,0.12,254
55,62,negative-to-zero,tourney,TRUE,20,elitize_generation_data,54,28,0.111,254
56,62,negative-to-zero,tourney,TRUE,20,elitize_generation_data,55,14,0.119,254
57,62,negative-to-zero,tourney,TRUE,20,elitize_generation_data,56,11,0.116,254
58,62,negative-to-zero,tourney,TRUE,20,elitize_generation_data,57,11,0.127,254
59,62,negative-to-zero,tourney,TRUE,20,elitize_generation_data,58,17,0.149,254
60,62,negative-to-zero,tourney,TRUE,20,elitize_generation_data,59,16,0.124,254
61,62,negative-to-zero,tourney,TRUE,20,elitize_generation_data,60,17,0.118,254
62,62,negative-to-zero,tourney,TRUE,20,elitize_generation_data,61,13,0.121,254
63,62,negative-to-zero,tourney,TRUE,20,elitize_generation_data,62,12,0.131,254
64,62,negative-to-zero,tourney,TRUE,20,elitize_generation_data,63,14,0.139,254
65,62,negative-to-zero,tourney,TRUE,20,elitize_generation_data,64,11,0.156,254
66,62,negative-to-zero,tourney,TRUE,20,elitize_generation_data,65,12,0.143,254
67,62,negative-to-zero,tourney,TRUE,20,elitize_generation_data,66,10,0.175,254
68,62,negative-to-zero,tourney,TRUE,20,elitize_generation_data,67,8,0.194,254
69,62,negative-to-zero,tourney,TRUE,20,elitize_generation_data,68,9,0.181,254
70,62,negative-to-zero,tourney,TRUE,20,elitize_generation_data,69,9,0.184,254
71,62,negative-to-zero,tourney,TRUE,20,elitize_generation_data,70,12,0.217,254
72,62,negative-to-zero,tourney,TRUE,20,elitize_generation_data,71,10,0.201,254
73,62,negative-to-zero,tourney,TRUE,20,elitize_generation_data,72,14,0.207,254
74,62,negative-to-zero,tourney,TRUE,20,elitize_generation_data,73,21,0.225,254
75,62,negative-to-zero,tourney,TRUE,20,elitize_generation_data,74,26,0.215,254
76,62,negative-to-zero,tourney,TRUE,20,elitize_generation_data,75,13,0.211,254
77,62,negative-to-zero,tourney,TRUE,20,elitize_generation_data,76,12,0.2,254
78,62,negative-to-zero,tourney,TRUE,20,elitize_generation_data,77,14,0.213,254
79,62,negative-to-zero,tourney,TRUE,20,elitize_generation_data,78,9,0.206,254
80,62,negative-to-zero,tourney,TRUE,20,elitize_generation_data,79,12,0.24,254
81,62,negative-to-zero,tourney,TRUE,20,elitize_generation_data,80,12,0.245,254
82,62,negative-to-zero,tourney,TRUE,20,elitize_generation_data,81,11,0.262,254
83,62,negative-to-zero,tourney,TRUE,20,elitize_generation_data,82,8,0.243,254
84,62,negative-to-zero,tourney,TRUE,20,elitize_generation_data,83,11,0.295,254
85,62,negative-to-zero,tourney,TRUE,20,elitize_generation_data,84,13,0.273,254
86,62,negative-to-zero,tourney,TRUE,20,elitize_generation_data,85,13,0.277,254
87,62,negative-to-zero,tourney,TRUE,20,elitize_generation_data,86,13,0.297,254
88,62,negative-to-zero,tourney,TRUE,20,elitize_generation_data,87,12,0.31,254
89,62,negative-to-zero,tourney,TRUE,20,elitize_generation_data,88,13,0.298,254
90,62,negative-to-zero,tourney,TRUE,20,elitize_generation_data,89,10,0.293,254
91,62,negative-to-zero,tourney,TRUE,20,elitize_generation_data,90,8,0.3,254
92,62,negative-to-zero,tourney,TRUE,20,elitize_generation_data,91,10,0.271,254
93,62,negative-to-zero,tourney,TRUE,20,elitize_generation_data,92,8,0.295,254
94,62,negative-to-zero,tourney,TRUE,20,elitize_generation_data,93,9,0.286,254
95,62,negative-to-zero,tourney,TRUE,20,elitize_generation_data,94,7,0.289,254
96,62,negative-to-zero,tourney,TRUE,20,elitize_generation_data,95,7,0.281,254
97,62,negative-to-zero,tourney,TRUE,20,elitize_generation_data,96,9,0.282,254
98,62,negative-to-zero,tourney,TRUE,20,elitize_generation_data,97,5,0.272,254
99,62,negative-to-zero,tourney,TRUE,20,elitize_generation_data,98,9,0.261,254
100,62,negative-to-zero,tourney,TRUE,20,elitize_generation_data,99,9,0.265,254
101,62,negative-to-zero,tourney,TRUE,20,elitize_generation_data,100,8,0.26,254
102,62,negative-to-zero,tourney,TRUE,20,elitize_generation_data,101,8,0.247,254
103,62,negative-to-zero,tourney,TRUE,20,elitize_generation_data,102,13,0.244,254
104,62,negative-to-zero,tourney,TRUE,20,elitize_generation_data,103,10,0.238,254
105,62,negative-to-zero,tourney,TRUE,20,elitize_generation_data,104,14,0.249,254
106,62,negative-to-zero,tourney,TRUE,20,elitize_generation_data,105,7,0.247,254
107,62,negative-to-zero,tourney,TRUE,20,elitize_generation_data,106,9,0.277,254
108,62,negative-to-zero,tourney,TRUE,20,elitize_generation_data,107,9,0.297,254
109,62,negative-to-zero,tourney,TRUE,20,elitize_generation_data,108,10,0.288,254
110,62,negative-to-zero,tourney,TRUE,20,elitize_generation_data,109,9,0.292,254
111,62,negative-to-zero,tourney,TRUE,20,elitize_generation_data,110,12,0.29,254
112,62,negative-to-zero,tourney,TRUE,20,elitize_generation_data,111,11,0.303,254
113,62,negative-to-zero,tourney,TRUE,20,elitize_generation_data,112,13,0.299,254
114,62,negative-to-zero,tourney,TRUE,20,elitize_generation_data,113,14,0.301,254
115,62,negative-to-zero,tourney,TRUE,20,elitize_generation_data,114,14,0.319,254
116,62,negative-to-zero,tourney,TRUE,20,elitize_generation_data,115,8,0.292,254
117,62,negative-to-zero,tourney,TRUE,20,elitize_generation_data,116,11,0.306,254
118,62,negative-to-zero,tourney,TRUE,20,elitize_generation_data,117,10,0.313,254
119,62,negative-to-zero,tourney,TRUE,20,elitize_generation_data,118,14,0.303,254
120,62,negative-to-zero,tourney,TRUE,20,elitize_generation_data,119,9,0.299,254
121,62,negative-to-zero,tourney,TRUE,20,elitize_generation_data,120,10,0.271,254
122,62,negative-to-zero,tourney,TRUE,20,elitize_generation_data,121,8,0.299,254
123,62,negative-to-zero,tourney,TRUE,20,elitize_generation_data,122,8,0.325,254
124,62,negative-to-zero,tourney,TRUE,20,elitize_generation_data,123,7,0.317,254
125,62,negative-to-zero,tourney,TRUE,20,elitize_generation_data,124,10,0.308,254
126,62,negative-to-zero,tourney,TRUE,20,elitize_generation_data,125,8,0.307,254
127,62,negative-to-zero,tourney,TRUE,20,elitize_generation_data,126,9,0.299,254
128,62,negative-to-zero,tourney,TRUE,20,elitize_generation_data,127,10,0.298,254
129,62,negative-to-zero,tourney,TRUE,20,elitize_generation_data,128,8,0.307,254
130,62,negative-to-zero,tourney,TRUE,20,elitize_generation_data,129,10,0.308,254
131,62,negative-to-zero,tourney,TRUE,20,elitize_generation_data,130,10,0.31,254
132,62,negative-to-zero,tourney,TRUE,20,elitize_generation_data,131,8,0.326,254
133,62,negative-to-zero,tourney,TRUE,20,elitize_generation_data,132,7,0.323,254
134,62,negative-to-zero,tourney,TRUE,20,elitize_generation_data,133,6,0.307,254
135,62,negative-to-zero,tourney,TRUE,20,elitize_generation_data,134,8,0.318,254
136,62,negative-to-zero,tourney,TRUE,20,elitize_generation_data,135,11,0.317,254
137,62,negative-to-zero,tourney,TRUE,20,elitize_generation_data,136,11,0.342,254
138,62,negative-to-zero,tourney,TRUE,20,elitize_generation_data,137,11,0.337,254
139,62,negative-to-zero,tourney,TRUE,20,elitize_generation_data,138,10,0.331,254
140,62,negative-to-zero,tourney,TRUE,20,elitize_generation_data,139,14,0.339,254
141,62,negative-to-zero,tourney,TRUE,20,elitize_generation_data,140,11,0.346,254
142,62,negative-to-zero,tourney,TRUE,20,elitize_generation_data,141,11,0.372,254
143,62,negative-to-zero,tourney,TRUE,20,elitize_generation_data,142,11,0.375,254
144,62,negative-to-zero,tourney,TRUE,20,elitize_generation_data,143,11,0.397,254
145,62,negative-to-zero,tourney,TRUE,20,elitize_generation_data,144,10,0.415,254
146,62,negative-to-zero,tourney,TRUE,20,elitize_generation_data,145,11,0.413,254
147,62,negative-to-zero,tourney,TRUE,20,elitize_generation_data,146,11,0.446,254
148,62,negative-to-zero,tourney,TRUE,20,elitize_generation_data,147,10,0.459,254
149,62,negative-to-zero,tourney,TRUE,20,elitize_generation_data,148,10,0.476,254
150,62,negative-to-zero,tourney,TRUE,20,elitize_generation_data,149,10,0.542,254
151,62,negative-to-zero,tourney,TRUE,20,elitize_generation_data,150,10,0.537,254
152,62,negative-to-zero,tourney,TRUE,20,elitize_generation_data,151,9,0.534,254
153,62,negative-to-zero,tourney,TRUE,20,elitize_generation_data,152,7,0.548,254
154,62,negative-to-zero,tourney,TRUE,20,elitize_generation_data,153,8,0.548,254
155,62,negative-to-zero,tourney,TRUE,20,elitize_generation_data,154,6,0.528,254
156,62,negative-to-zero,tourney,TRUE,20,elitize_generation_data,155,7,0.531,254
157,62,negative-to-zero,tourney,TRUE,20,elitize_generation_data,156,5,0.536,254
158,62,negative-to-zero,tourney,TRUE,20,elitize_generation_data,157,9,0.536,254
159,62,negative-to-zero,tourney,TRUE,20,elitize_generation_data,158,7,0.534,254
160,62,negative-to-zero,tourney,TRUE,20,elitize_generation_data,159,7,0.586,254
161,62,negative-to-zero,tourney,TRUE,20,elitize_generation_data,160,7,0.547,254
162,62,negative-to-zero,tourney,TRUE,20,elitize_generation_data,161,9,0.516,254
163,62,negative-to-zero,tourney,TRUE,20,elitize_generation_data,162,6,0.552,254
164,62,negative-to-zero,tourney,TRUE,20,elitize_generation_data,163,8,0.533,254
165,62,negative-to-zero,tourney,TRUE,20,elitize_generation_data,164,9,0.549,254
166,62,negative-to-zero,tourney,TRUE,20,elitize_generation_data,165,9,0.545,254
167,62,negative-to-zero,tourney,TRUE,20,elitize_generation_data,166,9,0.569,254
168,62,negative-to-zero,tourney,TRUE,20,elitize_generation_data,167,9,0.582,254
169,62,negative-to-zero,tourney,TRUE,20,elitize_generation_data,168,6,0.563,254
170,62,negative-to-zero,tourney,TRUE,20,elitize_generation_data,169,6,0.597,254
171,62,negative-to-zero,tourney,TRUE,20,elitize_generation_data,170,8,0.61,254
172,62,negative-to-zero,tourney,TRUE,20,elitize_generation_data,171,10,0.581,254
173,62,negative-to-zero,tourney,TRUE,20,elitize_generation_data,172,12,0.565,254
174,62,negative-to-zero,tourney,TRUE,20,elitize_generation_data,173,12,0.595,254
175,62,negative-to-zero,tourney,TRUE,20,elitize_generation_data,174,10,0.631,254
176,62,negative-to-zero,tourney,TRUE,20,elitize_generation_data,175,9,0.607,254
177,62,negative-to-zero,tourney,TRUE,20,elitize_generation_data,176,10,0.64,254
178,62,negative-to-zero,tourney,TRUE,20,elitize_generation_data,177,10,0.624,254
179,62,negative-to-zero,tourney,TRUE,20,elitize_generation_data,178,8,0.62,254
180,62,negative-to-zero,tourney,TRUE,20,elitize_generation_data,179,13,0.645,254
181,62,negative-to-zero,tourney,TRUE,20,elitize_generation_data,180,14,0.637,254
182,62,negative-to-zero,tourney,TRUE,20,elitize_generation_data,181,13,0.638,254
183,62,negative-to-zero,tourney,TRUE,20,elitize_generation_data,182,10,0.623,254
184,62,negative-to-zero,tourney,TRUE,20,elitize_generation_data,183,8,0.634,254
185,62,negative-to-zero,tourney,TRUE,20,elitize_generation_data,184,9,0.618,254
186,62,negative-to-zero,tourney,TRUE,20,elitize_generation_data,185,12,0.63,254
187,62,negative-to-zero,tourney,TRUE,20,elitize_generation_data,186,9,0.634,254
188,62,negative-to-zero,tourney,TRUE,20,elitize_generation_data,187,10,0.677,254
189,62,negative-to-zero,tourney,TRUE,20,elitize_generation_data,188,10,0.678,254
190,62,negative-to-zero,tourney,TRUE,20,elitize_generation_data,189,16,0.713,254
191,62,negative-to-zero,tourney,TRUE,20,elitize_generation_data,190,11,0.711,254
192,62,negative-to-zero,tourney,TRUE,20,elitize_generation_data,191,11,0.733,254
193,62,negative-to-zero,tourney,TRUE,20,elitize_generation_data,192,11,0.746,254
194,62,negative-to-zero,tourney,TRUE,20,elitize_generation_data,193,10,0.761,254
195,62,negative-to-zero,tourney,TRUE,20,elitize_generation_data,194,11,0.728,254
196,62,negative-to-zero,tourney,TRUE,20,elitize_generation_data,195,13,0.697,254
197,62,negative-to-zero,tourney,TRUE,20,elitize_generation_data,196,17,0.71,254
198,62,negative-to-zero,tourney,TRUE,20,elitize_generation_data,197,23,0.739,254
199,62,negative-to-zero,tourney,TRUE,20,elitize_generation_data,198,32,0.732,254
200,62,negative-to-zero,tourney,TRUE,20,elitize_generation_data,199,39,0.695,254
201,62,negative-to-zero,tourney,TRUE,20,elitize_generation_data,200,59,0.641,254
202,62,negative-to-zero,tourney,TRUE,20,elitize_generation_data,201,63,0.565,254
203,62,negative-to-zero,tourney,TRUE,20,elitize_generation_data,202,63,0.496,254
204,62,negative-to-zero,tourney,TRUE,20,elitize_generation_data,203,65,0.453,254
205,62,negative-to-zero,tourney,TRUE,20,elitize_generation_data,204,55,0.358,254
206,62,negative-to-zero,tourney,TRUE,20,elitize_generation_data,205,47,0.326,254
207,62,negative-to-zero,tourney,TRUE,20,elitize_generation_data,206,35,0.303,254
208,62,negative-to-zero,tourney,TRUE,20,elitize_generation_data,207,30,0.313,254
209,62,negative-to-zero,tourney,TRUE,20,elitize_generation_data,208,27,0.295,254
210,62,negative-to-zero,tourney,TRUE,20,elitize_generation_data,209,28,0.255,254
211,62,negative-to-zero,tourney,TRUE,20,elitize_generation_data,210,27,0.225,254
212,62,negative-to-zero,tourney,TRUE,20,elitize_generation_data,211,25,0.195,254
213,62,negative-to-zero,tourney,TRUE,20,elitize_generation_data,212,26,0.188,254
214,62,negative-to-zero,tourney,TRUE,20,elitize_generation_data,213,30,0.167,254
215,62,negative-to-zero,tourney,TRUE,20,elitize_generation_data,214,29,0.165,254
216,62,negative-to-zero,tourney,TRUE,20,elitize_generation_data,215,27,0.175,254
217,62,negative-to-zero,tourney,TRUE,20,elitize_generation_data,216,20,0.156,254
218,62,negative-to-zero,tourney,TRUE,20,elitize_generation_data,217,20,0.141,254
219,62,negative-to-zero,tourney,TRUE,20,elitize_generation_data,218,25,0.154,254
220,62,negative-to-zero,tourney,TRUE,20,elitize_generation_data,219,23,0.145,254
221,62,negative-to-zero,tourney,TRUE,20,elitize_generation_data,220,19,0.151,254
222,62,negative-to-zero,tourney,TRUE,20,elitize_generation_data,221,17,0.15,254
223,62,negative-to-zero,tourney,TRUE,20,elitize_generation_data,222,17,0.134,254
224,62,negative-to-zero,tourney,TRUE,20,elitize_generation_data,223,18,0.13,254
225,62,negative-to-zero,tourney,TRUE,20,elitize_generation_data,224,15,0.133,254
226,62,negative-to-zero,tourney,TRUE,20,elitize_generation_data,225,29,0.155,254
227,62,negative-to-zero,tourney,TRUE,20,elitize_generation_data,226,18,0.131,254
228,62,negative-to-zero,tourney,TRUE,20,elitize_generation_data,227,24,0.148,254
229,62,negative-to-zero,tourney,TRUE,20,elitize_generation_data,228,22,0.154,254
230,62,negative-to-zero,tourney,TRUE,20,elitize_generation_data,229,20,0.146,254
231,62,negative-to-zero,tourney,TRUE,20,elitize_generation_data,230,20,0.139,254
232,62,negative-to-zero,tourney,TRUE,20,elitize_generation_data,231,24,0.163,254
233,62,negative-to-zero,tourney,TRUE,20,elitize_generation_data,232,23,0.155,254
234,62,negative-to-zero,tourney,TRUE,20,elitize_generation_data,233,21,0.163,254
235,62,negative-to-zero,tourney,TRUE,20,elitize_generation_data,234,18,0.15,254
236,62,negative-to-zero,tourney,TRUE,20,elitize_generation_data,235,25,0.163,254
237,62,negative-to-zero,tourney,TRUE,20,elitize_generation_data,236,23,0.134,254
238,62,negative-to-zero,tourney,TRUE,20,elitize_generation_data,237,17,0.121,254
239,62,negative-to-zero,tourney,TRUE,20,elitize_generation_data,238,18,0.154,254
240,62,negative-to-zero,tourney,TRUE,20,elitize_generation_data,239,21,0.155,254
241,62,negative-to-zero,tourney,TRUE,20,elitize_generation_data,240,15,0.146,254
242,62,negative-to-zero,tourney,TRUE,20,elitize_generation_data,241,25,0.156,254
243,62,negative-to-zero,tourney,TRUE,20,elitize_generation_data,242,24,0.164,254
244,62,negative-to-zero,tourney,TRUE,20,elitize_generation_data,243,17,0.181,254
245,62,negative-to-zero,tourney,TRUE,20,elitize_generation_data,244,19,0.148,254
246,62,negative-to-zero,tourney,TRUE,20,elitize_generation_data,245,21,0.162,254
247,62,negative-to-zero,tourney,TRUE,20,elitize_generation_data,246,18,0.163,254
248,62,negative-to-zero,tourney,TRUE,20,elitize_generation_data,247,12,0.141,254
249,62,negative-to-zero,tourney,TRUE,20,elitize_generation_data,248,14,0.131,254
250,62,negative-to-zero,tourney,TRUE,20,elitize_generation_data,249,13,0.143,254
251,62,negative-to-zero,tourney,TRUE,20,elitize_generation_data,250,16,0.161,254
252,62,negative-to-zero,tourney,TRUE,20,elitize_generation_data,251,18,0.15,254
253,62,negative-to-zero,tourney,TRUE,20,elitize_generation_data,252,19,0.133,254
254,62,negative-to-zero,tourney,TRUE,20,elitize_generation_data,253,16,0.164,254
255,62,negative-to-zero,tourney,TRUE,20,elitize_generation_data,254,14,0.149,254
