,run.num,problem,treatment,succeeded,height,normalization.function,generation,cluster.count,error.diversity,success.generation
1,56,negative-to-zero,tourney,FALSE,20,elitize_generation_data,0,10,0.047,NA
2,56,negative-to-zero,tourney,FALSE,20,elitize_generation_data,1,11,0.058,NA
3,56,negative-to-zero,tourney,FALSE,20,elitize_generation_data,2,6,0.029,NA
4,56,negative-to-zero,tourney,FALSE,20,elitize_generation_data,3,6,0.025,NA
5,56,negative-to-zero,tourney,FALSE,20,elitize_generation_data,4,9,0.02,NA
6,56,negative-to-zero,tourney,FALSE,20,elitize_generation_data,5,8,0.025,NA
7,56,negative-to-zero,tourney,FALSE,20,elitize_generation_data,6,9,0.022,NA
8,56,negative-to-zero,tourney,FALSE,20,elitize_generation_data,7,6,0.016,NA
9,56,negative-to-zero,tourney,FALSE,20,elitize_generation_data,8,7,0.019,NA
10,56,negative-to-zero,tourney,FALSE,20,elitize_generation_data,9,6,0.014,NA
11,56,negative-to-zero,tourney,FALSE,20,elitize_generation_data,10,6,0.012,NA
12,56,negative-to-zero,tourney,FALSE,20,elitize_generation_data,11,5,0.013,NA
13,56,negative-to-zero,tourney,FALSE,20,elitize_generation_data,12,6,0.014,NA
14,56,negative-to-zero,tourney,FALSE,20,elitize_generation_data,13,4,0.01,NA
15,56,negative-to-zero,tourney,FALSE,20,elitize_generation_data,14,6,0.013,NA
16,56,negative-to-zero,tourney,FALSE,20,elitize_generation_data,15,6,0.011,NA
17,56,negative-to-zero,tourney,FALSE,20,elitize_generation_data,16,6,0.01,NA
18,56,negative-to-zero,tourney,FALSE,20,elitize_generation_data,17,6,0.012,NA
19,56,negative-to-zero,tourney,FALSE,20,elitize_generation_data,18,6,0.011,NA
20,56,negative-to-zero,tourney,FALSE,20,elitize_generation_data,19,5,0.012,NA
21,56,negative-to-zero,tourney,FALSE,20,elitize_generation_data,20,6,0.01,NA
22,56,negative-to-zero,tourney,FALSE,20,elitize_generation_data,21,9,0.011,NA
23,56,negative-to-zero,tourney,FALSE,20,elitize_generation_data,22,5,0.01,NA
24,56,negative-to-zero,tourney,FALSE,20,elitize_generation_data,23,5,0.008,NA
25,56,negative-to-zero,tourney,FALSE,20,elitize_generation_data,24,5,0.01,NA
26,56,negative-to-zero,tourney,FALSE,20,elitize_generation_data,25,5,0.009,NA
27,56,negative-to-zero,tourney,FALSE,20,elitize_generation_data,26,3,0.009,NA
28,56,negative-to-zero,tourney,FALSE,20,elitize_generation_data,27,7,0.012,NA
29,56,negative-to-zero,tourney,FALSE,20,elitize_generation_data,28,7,0.014,NA
30,56,negative-to-zero,tourney,FALSE,20,elitize_generation_data,29,5,0.01,NA
31,56,negative-to-zero,tourney,FALSE,20,elitize_generation_data,30,8,0.011,NA
32,56,negative-to-zero,tourney,FALSE,20,elitize_generation_data,31,3,0.005,NA
33,56,negative-to-zero,tourney,FALSE,20,elitize_generation_data,32,4,0.009,NA
34,56,negative-to-zero,tourney,FALSE,20,elitize_generation_data,33,6,0.01,NA
35,56,negative-to-zero,tourney,FALSE,20,elitize_generation_data,34,3,0.004,NA
36,56,negative-to-zero,tourney,FALSE,20,elitize_generation_data,35,5,0.01,NA
37,56,negative-to-zero,tourney,FALSE,20,elitize_generation_data,36,4,0.009,NA
38,56,negative-to-zero,tourney,FALSE,20,elitize_generation_data,37,5,0.012,NA
39,56,negative-to-zero,tourney,FALSE,20,elitize_generation_data,38,4,0.01,NA
40,56,negative-to-zero,tourney,FALSE,20,elitize_generation_data,39,5,0.008,NA
41,56,negative-to-zero,tourney,FALSE,20,elitize_generation_data,40,4,0.007,NA
42,56,negative-to-zero,tourney,FALSE,20,elitize_generation_data,41,4,0.009,NA
43,56,negative-to-zero,tourney,FALSE,20,elitize_generation_data,42,6,0.01,NA
44,56,negative-to-zero,tourney,FALSE,20,elitize_generation_data,43,5,0.009,NA
45,56,negative-to-zero,tourney,FALSE,20,elitize_generation_data,44,5,0.009,NA
46,56,negative-to-zero,tourney,FALSE,20,elitize_generation_data,45,4,0.01,NA
47,56,negative-to-zero,tourney,FALSE,20,elitize_generation_data,46,4,0.008,NA
48,56,negative-to-zero,tourney,FALSE,20,elitize_generation_data,47,4,0.01,NA
49,56,negative-to-zero,tourney,FALSE,20,elitize_generation_data,48,5,0.007,NA
50,56,negative-to-zero,tourney,FALSE,20,elitize_generation_data,49,4,0.007,NA
51,56,negative-to-zero,tourney,FALSE,20,elitize_generation_data,50,3,0.005,NA
52,56,negative-to-zero,tourney,FALSE,20,elitize_generation_data,51,5,0.007,NA
53,56,negative-to-zero,tourney,FALSE,20,elitize_generation_data,52,4,0.007,NA
54,56,negative-to-zero,tourney,FALSE,20,elitize_generation_data,53,4,0.007,NA
55,56,negative-to-zero,tourney,FALSE,20,elitize_generation_data,54,4,0.009,NA
56,56,negative-to-zero,tourney,FALSE,20,elitize_generation_data,55,6,0.011,NA
57,56,negative-to-zero,tourney,FALSE,20,elitize_generation_data,56,5,0.008,NA
58,56,negative-to-zero,tourney,FALSE,20,elitize_generation_data,57,4,0.007,NA
59,56,negative-to-zero,tourney,FALSE,20,elitize_generation_data,58,3,0.006,NA
60,56,negative-to-zero,tourney,FALSE,20,elitize_generation_data,59,4,0.008,NA
61,56,negative-to-zero,tourney,FALSE,20,elitize_generation_data,60,4,0.005,NA
62,56,negative-to-zero,tourney,FALSE,20,elitize_generation_data,61,4,0.005,NA
63,56,negative-to-zero,tourney,FALSE,20,elitize_generation_data,62,3,0.005,NA
64,56,negative-to-zero,tourney,FALSE,20,elitize_generation_data,63,7,0.009,NA
65,56,negative-to-zero,tourney,FALSE,20,elitize_generation_data,64,4,0.006,NA
66,56,negative-to-zero,tourney,FALSE,20,elitize_generation_data,65,5,0.005,NA
67,56,negative-to-zero,tourney,FALSE,20,elitize_generation_data,66,3,0.006,NA
68,56,negative-to-zero,tourney,FALSE,20,elitize_generation_data,67,5,0.006,NA
69,56,negative-to-zero,tourney,FALSE,20,elitize_generation_data,68,4,0.007,NA
70,56,negative-to-zero,tourney,FALSE,20,elitize_generation_data,69,5,0.008,NA
71,56,negative-to-zero,tourney,FALSE,20,elitize_generation_data,70,3,0.004,NA
72,56,negative-to-zero,tourney,FALSE,20,elitize_generation_data,71,4,0.006,NA
73,56,negative-to-zero,tourney,FALSE,20,elitize_generation_data,72,4,0.006,NA
74,56,negative-to-zero,tourney,FALSE,20,elitize_generation_data,73,3,0.007,NA
75,56,negative-to-zero,tourney,FALSE,20,elitize_generation_data,74,4,0.006,NA
76,56,negative-to-zero,tourney,FALSE,20,elitize_generation_data,75,4,0.005,NA
77,56,negative-to-zero,tourney,FALSE,20,elitize_generation_data,76,3,0.005,NA
78,56,negative-to-zero,tourney,FALSE,20,elitize_generation_data,77,3,0.005,NA
79,56,negative-to-zero,tourney,FALSE,20,elitize_generation_data,78,3,0.004,NA
80,56,negative-to-zero,tourney,FALSE,20,elitize_generation_data,79,3,0.004,NA
81,56,negative-to-zero,tourney,FALSE,20,elitize_generation_data,80,3,0.006,NA
82,56,negative-to-zero,tourney,FALSE,20,elitize_generation_data,81,2,0.004,NA
83,56,negative-to-zero,tourney,FALSE,20,elitize_generation_data,82,4,0.005,NA
84,56,negative-to-zero,tourney,FALSE,20,elitize_generation_data,83,3,0.004,NA
85,56,negative-to-zero,tourney,FALSE,20,elitize_generation_data,84,4,0.006,NA
86,56,negative-to-zero,tourney,FALSE,20,elitize_generation_data,85,4,0.005,NA
87,56,negative-to-zero,tourney,FALSE,20,elitize_generation_data,86,4,0.007,NA
88,56,negative-to-zero,tourney,FALSE,20,elitize_generation_data,87,4,0.006,NA
89,56,negative-to-zero,tourney,FALSE,20,elitize_generation_data,88,3,0.004,NA
90,56,negative-to-zero,tourney,FALSE,20,elitize_generation_data,89,2,0.002,NA
91,56,negative-to-zero,tourney,FALSE,20,elitize_generation_data,90,3,0.003,NA
92,56,negative-to-zero,tourney,FALSE,20,elitize_generation_data,91,4,0.006,NA
93,56,negative-to-zero,tourney,FALSE,20,elitize_generation_data,92,3,0.005,NA
94,56,negative-to-zero,tourney,FALSE,20,elitize_generation_data,93,4,0.005,NA
95,56,negative-to-zero,tourney,FALSE,20,elitize_generation_data,94,5,0.005,NA
96,56,negative-to-zero,tourney,FALSE,20,elitize_generation_data,95,2,0.003,NA
97,56,negative-to-zero,tourney,FALSE,20,elitize_generation_data,96,5,0.005,NA
98,56,negative-to-zero,tourney,FALSE,20,elitize_generation_data,97,4,0.006,NA
99,56,negative-to-zero,tourney,FALSE,20,elitize_generation_data,98,3,0.004,NA
100,56,negative-to-zero,tourney,FALSE,20,elitize_generation_data,99,4,0.004,NA
101,56,negative-to-zero,tourney,FALSE,20,elitize_generation_data,100,3,0.003,NA
102,56,negative-to-zero,tourney,FALSE,20,elitize_generation_data,101,3,0.005,NA
103,56,negative-to-zero,tourney,FALSE,20,elitize_generation_data,102,3,0.004,NA
104,56,negative-to-zero,tourney,FALSE,20,elitize_generation_data,103,2,0.002,NA
105,56,negative-to-zero,tourney,FALSE,20,elitize_generation_data,104,2,0.002,NA
106,56,negative-to-zero,tourney,FALSE,20,elitize_generation_data,105,5,0.005,NA
107,56,negative-to-zero,tourney,FALSE,20,elitize_generation_data,106,4,0.005,NA
108,56,negative-to-zero,tourney,FALSE,20,elitize_generation_data,107,2,0.002,NA
109,56,negative-to-zero,tourney,FALSE,20,elitize_generation_data,108,3,0.003,NA
110,56,negative-to-zero,tourney,FALSE,20,elitize_generation_data,109,4,0.005,NA
111,56,negative-to-zero,tourney,FALSE,20,elitize_generation_data,110,2,0.003,NA
112,56,negative-to-zero,tourney,FALSE,20,elitize_generation_data,111,3,0.003,NA
113,56,negative-to-zero,tourney,FALSE,20,elitize_generation_data,112,3,0.004,NA
114,56,negative-to-zero,tourney,FALSE,20,elitize_generation_data,113,3,0.003,NA
115,56,negative-to-zero,tourney,FALSE,20,elitize_generation_data,114,3,0.004,NA
116,56,negative-to-zero,tourney,FALSE,20,elitize_generation_data,115,3,0.005,NA
117,56,negative-to-zero,tourney,FALSE,20,elitize_generation_data,116,3,0.003,NA
118,56,negative-to-zero,tourney,FALSE,20,elitize_generation_data,117,3,0.004,NA
119,56,negative-to-zero,tourney,FALSE,20,elitize_generation_data,118,4,0.004,NA
120,56,negative-to-zero,tourney,FALSE,20,elitize_generation_data,119,3,0.003,NA
121,56,negative-to-zero,tourney,FALSE,20,elitize_generation_data,120,3,0.004,NA
122,56,negative-to-zero,tourney,FALSE,20,elitize_generation_data,121,2,0.002,NA
123,56,negative-to-zero,tourney,FALSE,20,elitize_generation_data,122,4,0.005,NA
124,56,negative-to-zero,tourney,FALSE,20,elitize_generation_data,123,4,0.004,NA
125,56,negative-to-zero,tourney,FALSE,20,elitize_generation_data,124,3,0.003,NA
126,56,negative-to-zero,tourney,FALSE,20,elitize_generation_data,125,4,0.004,NA
127,56,negative-to-zero,tourney,FALSE,20,elitize_generation_data,126,3,0.004,NA
128,56,negative-to-zero,tourney,FALSE,20,elitize_generation_data,127,3,0.003,NA
129,56,negative-to-zero,tourney,FALSE,20,elitize_generation_data,128,4,0.004,NA
130,56,negative-to-zero,tourney,FALSE,20,elitize_generation_data,129,3,0.003,NA
131,56,negative-to-zero,tourney,FALSE,20,elitize_generation_data,130,4,0.006,NA
132,56,negative-to-zero,tourney,FALSE,20,elitize_generation_data,131,3,0.003,NA
133,56,negative-to-zero,tourney,FALSE,20,elitize_generation_data,132,2,0.002,NA
134,56,negative-to-zero,tourney,FALSE,20,elitize_generation_data,133,3,0.003,NA
135,56,negative-to-zero,tourney,FALSE,20,elitize_generation_data,134,2,0.002,NA
136,56,negative-to-zero,tourney,FALSE,20,elitize_generation_data,135,2,0.002,NA
137,56,negative-to-zero,tourney,FALSE,20,elitize_generation_data,136,3,0.003,NA
138,56,negative-to-zero,tourney,FALSE,20,elitize_generation_data,137,3,0.004,NA
139,56,negative-to-zero,tourney,FALSE,20,elitize_generation_data,138,2,0.002,NA
140,56,negative-to-zero,tourney,FALSE,20,elitize_generation_data,139,2,0.003,NA
141,56,negative-to-zero,tourney,FALSE,20,elitize_generation_data,140,3,0.003,NA
142,56,negative-to-zero,tourney,FALSE,20,elitize_generation_data,141,3,0.003,NA
143,56,negative-to-zero,tourney,FALSE,20,elitize_generation_data,142,2,0.002,NA
144,56,negative-to-zero,tourney,FALSE,20,elitize_generation_data,143,3,0.003,NA
145,56,negative-to-zero,tourney,FALSE,20,elitize_generation_data,144,3,0.004,NA
146,56,negative-to-zero,tourney,FALSE,20,elitize_generation_data,145,2,0.003,NA
147,56,negative-to-zero,tourney,FALSE,20,elitize_generation_data,146,3,0.003,NA
148,56,negative-to-zero,tourney,FALSE,20,elitize_generation_data,147,3,0.004,NA
149,56,negative-to-zero,tourney,FALSE,20,elitize_generation_data,148,3,0.004,NA
150,56,negative-to-zero,tourney,FALSE,20,elitize_generation_data,149,5,0.005,NA
151,56,negative-to-zero,tourney,FALSE,20,elitize_generation_data,150,2,0.002,NA
152,56,negative-to-zero,tourney,FALSE,20,elitize_generation_data,151,3,0.003,NA
153,56,negative-to-zero,tourney,FALSE,20,elitize_generation_data,152,3,0.003,NA
154,56,negative-to-zero,tourney,FALSE,20,elitize_generation_data,153,3,0.003,NA
155,56,negative-to-zero,tourney,FALSE,20,elitize_generation_data,154,5,0.006,NA
156,56,negative-to-zero,tourney,FALSE,20,elitize_generation_data,155,3,0.003,NA
157,56,negative-to-zero,tourney,FALSE,20,elitize_generation_data,156,3,0.003,NA
158,56,negative-to-zero,tourney,FALSE,20,elitize_generation_data,157,2,0.002,NA
159,56,negative-to-zero,tourney,FALSE,20,elitize_generation_data,158,2,0.002,NA
160,56,negative-to-zero,tourney,FALSE,20,elitize_generation_data,159,2,0.002,NA
161,56,negative-to-zero,tourney,FALSE,20,elitize_generation_data,160,2,0.002,NA
162,56,negative-to-zero,tourney,FALSE,20,elitize_generation_data,161,2,0.002,NA
163,56,negative-to-zero,tourney,FALSE,20,elitize_generation_data,162,2,0.002,NA
164,56,negative-to-zero,tourney,FALSE,20,elitize_generation_data,163,2,0.002,NA
165,56,negative-to-zero,tourney,FALSE,20,elitize_generation_data,164,2,0.002,NA
166,56,negative-to-zero,tourney,FALSE,20,elitize_generation_data,165,4,0.004,NA
167,56,negative-to-zero,tourney,FALSE,20,elitize_generation_data,166,2,0.002,NA
168,56,negative-to-zero,tourney,FALSE,20,elitize_generation_data,167,4,0.004,NA
169,56,negative-to-zero,tourney,FALSE,20,elitize_generation_data,168,2,0.002,NA
170,56,negative-to-zero,tourney,FALSE,20,elitize_generation_data,169,4,0.006,NA
171,56,negative-to-zero,tourney,FALSE,20,elitize_generation_data,170,5,0.005,NA
172,56,negative-to-zero,tourney,FALSE,20,elitize_generation_data,171,2,0.003,NA
173,56,negative-to-zero,tourney,FALSE,20,elitize_generation_data,172,2,0.002,NA
174,56,negative-to-zero,tourney,FALSE,20,elitize_generation_data,173,2,0.002,NA
175,56,negative-to-zero,tourney,FALSE,20,elitize_generation_data,174,3,0.003,NA
176,56,negative-to-zero,tourney,FALSE,20,elitize_generation_data,175,3,0.003,NA
177,56,negative-to-zero,tourney,FALSE,20,elitize_generation_data,176,2,0.002,NA
178,56,negative-to-zero,tourney,FALSE,20,elitize_generation_data,177,2,0.002,NA
179,56,negative-to-zero,tourney,FALSE,20,elitize_generation_data,178,5,0.005,NA
180,56,negative-to-zero,tourney,FALSE,20,elitize_generation_data,179,2,0.002,NA
181,56,negative-to-zero,tourney,FALSE,20,elitize_generation_data,180,4,0.004,NA
182,56,negative-to-zero,tourney,FALSE,20,elitize_generation_data,181,2,0.002,NA
183,56,negative-to-zero,tourney,FALSE,20,elitize_generation_data,182,3,0.003,NA
184,56,negative-to-zero,tourney,FALSE,20,elitize_generation_data,183,3,0.003,NA
185,56,negative-to-zero,tourney,FALSE,20,elitize_generation_data,184,2,0.002,NA
186,56,negative-to-zero,tourney,FALSE,20,elitize_generation_data,185,3,0.003,NA
187,56,negative-to-zero,tourney,FALSE,20,elitize_generation_data,186,3,0.003,NA
188,56,negative-to-zero,tourney,FALSE,20,elitize_generation_data,187,2,0.002,NA
189,56,negative-to-zero,tourney,FALSE,20,elitize_generation_data,188,4,0.004,NA
190,56,negative-to-zero,tourney,FALSE,20,elitize_generation_data,189,4,0.005,NA
191,56,negative-to-zero,tourney,FALSE,20,elitize_generation_data,190,2,0.002,NA
192,56,negative-to-zero,tourney,FALSE,20,elitize_generation_data,191,3,0.003,NA
193,56,negative-to-zero,tourney,FALSE,20,elitize_generation_data,192,2,0.002,NA
194,56,negative-to-zero,tourney,FALSE,20,elitize_generation_data,193,3,0.004,NA
195,56,negative-to-zero,tourney,FALSE,20,elitize_generation_data,194,3,0.003,NA
196,56,negative-to-zero,tourney,FALSE,20,elitize_generation_data,195,2,0.002,NA
197,56,negative-to-zero,tourney,FALSE,20,elitize_generation_data,196,3,0.003,NA
198,56,negative-to-zero,tourney,FALSE,20,elitize_generation_data,197,2,0.002,NA
199,56,negative-to-zero,tourney,FALSE,20,elitize_generation_data,198,3,0.004,NA
200,56,negative-to-zero,tourney,FALSE,20,elitize_generation_data,199,3,0.003,NA
201,56,negative-to-zero,tourney,FALSE,20,elitize_generation_data,200,3,0.003,NA
202,56,negative-to-zero,tourney,FALSE,20,elitize_generation_data,201,4,0.004,NA
203,56,negative-to-zero,tourney,FALSE,20,elitize_generation_data,202,3,0.003,NA
204,56,negative-to-zero,tourney,FALSE,20,elitize_generation_data,203,3,0.003,NA
205,56,negative-to-zero,tourney,FALSE,20,elitize_generation_data,204,3,0.003,NA
206,56,negative-to-zero,tourney,FALSE,20,elitize_generation_data,205,3,0.003,NA
207,56,negative-to-zero,tourney,FALSE,20,elitize_generation_data,206,2,0.002,NA
208,56,negative-to-zero,tourney,FALSE,20,elitize_generation_data,207,4,0.004,NA
209,56,negative-to-zero,tourney,FALSE,20,elitize_generation_data,208,3,0.003,NA
210,56,negative-to-zero,tourney,FALSE,20,elitize_generation_data,209,2,0.002,NA
211,56,negative-to-zero,tourney,FALSE,20,elitize_generation_data,210,3,0.003,NA
212,56,negative-to-zero,tourney,FALSE,20,elitize_generation_data,211,3,0.003,NA
213,56,negative-to-zero,tourney,FALSE,20,elitize_generation_data,212,3,0.003,NA
214,56,negative-to-zero,tourney,FALSE,20,elitize_generation_data,213,3,0.003,NA
215,56,negative-to-zero,tourney,FALSE,20,elitize_generation_data,214,3,0.004,NA
216,56,negative-to-zero,tourney,FALSE,20,elitize_generation_data,215,2,0.003,NA
217,56,negative-to-zero,tourney,FALSE,20,elitize_generation_data,216,3,0.003,NA
218,56,negative-to-zero,tourney,FALSE,20,elitize_generation_data,217,3,0.003,NA
219,56,negative-to-zero,tourney,FALSE,20,elitize_generation_data,218,3,0.003,NA
220,56,negative-to-zero,tourney,FALSE,20,elitize_generation_data,219,3,0.003,NA
221,56,negative-to-zero,tourney,FALSE,20,elitize_generation_data,220,3,0.003,NA
222,56,negative-to-zero,tourney,FALSE,20,elitize_generation_data,221,2,0.002,NA
223,56,negative-to-zero,tourney,FALSE,20,elitize_generation_data,222,3,0.003,NA
224,56,negative-to-zero,tourney,FALSE,20,elitize_generation_data,223,2,0.002,NA
225,56,negative-to-zero,tourney,FALSE,20,elitize_generation_data,224,2,0.002,NA
226,56,negative-to-zero,tourney,FALSE,20,elitize_generation_data,225,2,0.002,NA
227,56,negative-to-zero,tourney,FALSE,20,elitize_generation_data,226,3,0.003,NA
228,56,negative-to-zero,tourney,FALSE,20,elitize_generation_data,227,3,0.003,NA
229,56,negative-to-zero,tourney,FALSE,20,elitize_generation_data,228,3,0.003,NA
230,56,negative-to-zero,tourney,FALSE,20,elitize_generation_data,229,2,0.002,NA
231,56,negative-to-zero,tourney,FALSE,20,elitize_generation_data,230,2,0.002,NA
232,56,negative-to-zero,tourney,FALSE,20,elitize_generation_data,231,2,0.002,NA
233,56,negative-to-zero,tourney,FALSE,20,elitize_generation_data,232,2,0.002,NA
234,56,negative-to-zero,tourney,FALSE,20,elitize_generation_data,233,2,0.002,NA
235,56,negative-to-zero,tourney,FALSE,20,elitize_generation_data,234,3,0.004,NA
236,56,negative-to-zero,tourney,FALSE,20,elitize_generation_data,235,3,0.003,NA
237,56,negative-to-zero,tourney,FALSE,20,elitize_generation_data,236,2,0.002,NA
238,56,negative-to-zero,tourney,FALSE,20,elitize_generation_data,237,2,0.002,NA
239,56,negative-to-zero,tourney,FALSE,20,elitize_generation_data,238,3,0.003,NA
240,56,negative-to-zero,tourney,FALSE,20,elitize_generation_data,239,2,0.002,NA
241,56,negative-to-zero,tourney,FALSE,20,elitize_generation_data,240,2,0.002,NA
242,56,negative-to-zero,tourney,FALSE,20,elitize_generation_data,241,2,0.002,NA
243,56,negative-to-zero,tourney,FALSE,20,elitize_generation_data,242,3,0.003,NA
244,56,negative-to-zero,tourney,FALSE,20,elitize_generation_data,243,3,0.003,NA
245,56,negative-to-zero,tourney,FALSE,20,elitize_generation_data,244,2,0.002,NA
246,56,negative-to-zero,tourney,FALSE,20,elitize_generation_data,245,2,0.002,NA
247,56,negative-to-zero,tourney,FALSE,20,elitize_generation_data,246,3,0.003,NA
248,56,negative-to-zero,tourney,FALSE,20,elitize_generation_data,247,2,0.002,NA
249,56,negative-to-zero,tourney,FALSE,20,elitize_generation_data,248,2,0.002,NA
250,56,negative-to-zero,tourney,FALSE,20,elitize_generation_data,249,3,0.004,NA
251,56,negative-to-zero,tourney,FALSE,20,elitize_generation_data,250,2,0.002,NA
252,56,negative-to-zero,tourney,FALSE,20,elitize_generation_data,251,2,0.002,NA
253,56,negative-to-zero,tourney,FALSE,20,elitize_generation_data,252,3,0.005,NA
254,56,negative-to-zero,tourney,FALSE,20,elitize_generation_data,253,3,0.004,NA
255,56,negative-to-zero,tourney,FALSE,20,elitize_generation_data,254,3,0.004,NA
256,56,negative-to-zero,tourney,FALSE,20,elitize_generation_data,255,3,0.003,NA
257,56,negative-to-zero,tourney,FALSE,20,elitize_generation_data,256,2,0.002,NA
258,56,negative-to-zero,tourney,FALSE,20,elitize_generation_data,257,3,0.004,NA
259,56,negative-to-zero,tourney,FALSE,20,elitize_generation_data,258,2,0.002,NA
260,56,negative-to-zero,tourney,FALSE,20,elitize_generation_data,259,2,0.002,NA
261,56,negative-to-zero,tourney,FALSE,20,elitize_generation_data,260,3,0.003,NA
262,56,negative-to-zero,tourney,FALSE,20,elitize_generation_data,261,2,0.002,NA
263,56,negative-to-zero,tourney,FALSE,20,elitize_generation_data,262,2,0.002,NA
264,56,negative-to-zero,tourney,FALSE,20,elitize_generation_data,263,2,0.002,NA
265,56,negative-to-zero,tourney,FALSE,20,elitize_generation_data,264,3,0.003,NA
266,56,negative-to-zero,tourney,FALSE,20,elitize_generation_data,265,2,0.003,NA
267,56,negative-to-zero,tourney,FALSE,20,elitize_generation_data,266,2,0.002,NA
268,56,negative-to-zero,tourney,FALSE,20,elitize_generation_data,267,2,0.002,NA
269,56,negative-to-zero,tourney,FALSE,20,elitize_generation_data,268,2,0.002,NA
270,56,negative-to-zero,tourney,FALSE,20,elitize_generation_data,269,2,0.003,NA
271,56,negative-to-zero,tourney,FALSE,20,elitize_generation_data,270,2,0.002,NA
272,56,negative-to-zero,tourney,FALSE,20,elitize_generation_data,271,2,0.003,NA
273,56,negative-to-zero,tourney,FALSE,20,elitize_generation_data,272,2,0.003,NA
274,56,negative-to-zero,tourney,FALSE,20,elitize_generation_data,273,3,0.004,NA
275,56,negative-to-zero,tourney,FALSE,20,elitize_generation_data,274,2,0.002,NA
276,56,negative-to-zero,tourney,FALSE,20,elitize_generation_data,275,2,0.002,NA
277,56,negative-to-zero,tourney,FALSE,20,elitize_generation_data,276,2,0.002,NA
278,56,negative-to-zero,tourney,FALSE,20,elitize_generation_data,277,2,0.002,NA
279,56,negative-to-zero,tourney,FALSE,20,elitize_generation_data,278,2,0.002,NA
280,56,negative-to-zero,tourney,FALSE,20,elitize_generation_data,279,3,0.003,NA
281,56,negative-to-zero,tourney,FALSE,20,elitize_generation_data,280,2,0.002,NA
282,56,negative-to-zero,tourney,FALSE,20,elitize_generation_data,281,2,0.002,NA
283,56,negative-to-zero,tourney,FALSE,20,elitize_generation_data,282,3,0.003,NA
284,56,negative-to-zero,tourney,FALSE,20,elitize_generation_data,283,2,0.002,NA
285,56,negative-to-zero,tourney,FALSE,20,elitize_generation_data,284,2,0.002,NA
286,56,negative-to-zero,tourney,FALSE,20,elitize_generation_data,285,2,0.002,NA
287,56,negative-to-zero,tourney,FALSE,20,elitize_generation_data,286,2,0.002,NA
288,56,negative-to-zero,tourney,FALSE,20,elitize_generation_data,287,2,0.002,NA
289,56,negative-to-zero,tourney,FALSE,20,elitize_generation_data,288,2,0.002,NA
290,56,negative-to-zero,tourney,FALSE,20,elitize_generation_data,289,2,0.002,NA
291,56,negative-to-zero,tourney,FALSE,20,elitize_generation_data,290,2,0.002,NA
292,56,negative-to-zero,tourney,FALSE,20,elitize_generation_data,291,2,0.002,NA
293,56,negative-to-zero,tourney,FALSE,20,elitize_generation_data,292,2,0.003,NA
294,56,negative-to-zero,tourney,FALSE,20,elitize_generation_data,293,2,0.002,NA
295,56,negative-to-zero,tourney,FALSE,20,elitize_generation_data,294,2,0.002,NA
296,56,negative-to-zero,tourney,FALSE,20,elitize_generation_data,295,2,0.002,NA
297,56,negative-to-zero,tourney,FALSE,20,elitize_generation_data,296,4,0.004,NA
298,56,negative-to-zero,tourney,FALSE,20,elitize_generation_data,297,2,0.002,NA
299,56,negative-to-zero,tourney,FALSE,20,elitize_generation_data,298,2,0.003,NA
300,56,negative-to-zero,tourney,FALSE,20,elitize_generation_data,299,2,0.003,NA
301,56,negative-to-zero,tourney,FALSE,20,elitize_generation_data,300,3,0.003,NA
