,run.num,problem,treatment,succeeded,height,normalization.function,generation,cluster.count,error.diversity,success.generation
1,16,replace-space-with-newline,tourney,FALSE,20,elitize_generation_data,0,3,0.465,NA
2,16,replace-space-with-newline,tourney,FALSE,20,elitize_generation_data,1,4,0.291,NA
3,16,replace-space-with-newline,tourney,FALSE,20,elitize_generation_data,2,5,0.192,NA
4,16,replace-space-with-newline,tourney,FALSE,20,elitize_generation_data,3,7,0.179,NA
5,16,replace-space-with-newline,tourney,FALSE,20,elitize_generation_data,4,10,0.086,NA
6,16,replace-space-with-newline,tourney,FALSE,20,elitize_generation_data,5,8,0.128,NA
7,16,replace-space-with-newline,tourney,FALSE,20,elitize_generation_data,6,9,0.136,NA
8,16,replace-space-with-newline,tourney,FALSE,20,elitize_generation_data,7,8,0.101,NA
9,16,replace-space-with-newline,tourney,FALSE,20,elitize_generation_data,8,8,0.091,NA
10,16,replace-space-with-newline,tourney,FALSE,20,elitize_generation_data,9,6,0.07,NA
11,16,replace-space-with-newline,tourney,FALSE,20,elitize_generation_data,10,9,0.092,NA
12,16,replace-space-with-newline,tourney,FALSE,20,elitize_generation_data,11,13,0.084,NA
13,16,replace-space-with-newline,tourney,FALSE,20,elitize_generation_data,12,13,0.093,NA
14,16,replace-space-with-newline,tourney,FALSE,20,elitize_generation_data,13,11,0.101,NA
15,16,replace-space-with-newline,tourney,FALSE,20,elitize_generation_data,14,15,0.124,NA
16,16,replace-space-with-newline,tourney,FALSE,20,elitize_generation_data,15,13,0.11,NA
17,16,replace-space-with-newline,tourney,FALSE,20,elitize_generation_data,16,15,0.108,NA
18,16,replace-space-with-newline,tourney,FALSE,20,elitize_generation_data,17,12,0.099,NA
19,16,replace-space-with-newline,tourney,FALSE,20,elitize_generation_data,18,13,0.109,NA
20,16,replace-space-with-newline,tourney,FALSE,20,elitize_generation_data,19,10,0.103,NA
21,16,replace-space-with-newline,tourney,FALSE,20,elitize_generation_data,20,13,0.116,NA
22,16,replace-space-with-newline,tourney,FALSE,20,elitize_generation_data,21,11,0.108,NA
23,16,replace-space-with-newline,tourney,FALSE,20,elitize_generation_data,22,12,0.108,NA
24,16,replace-space-with-newline,tourney,FALSE,20,elitize_generation_data,23,13,0.108,NA
25,16,replace-space-with-newline,tourney,FALSE,20,elitize_generation_data,24,12,0.116,NA
26,16,replace-space-with-newline,tourney,FALSE,20,elitize_generation_data,25,14,0.095,NA
27,16,replace-space-with-newline,tourney,FALSE,20,elitize_generation_data,26,12,0.094,NA
28,16,replace-space-with-newline,tourney,FALSE,20,elitize_generation_data,27,14,0.107,NA
29,16,replace-space-with-newline,tourney,FALSE,20,elitize_generation_data,28,12,0.113,NA
30,16,replace-space-with-newline,tourney,FALSE,20,elitize_generation_data,29,10,0.107,NA
31,16,replace-space-with-newline,tourney,FALSE,20,elitize_generation_data,30,15,0.105,NA
32,16,replace-space-with-newline,tourney,FALSE,20,elitize_generation_data,31,15,0.104,NA
33,16,replace-space-with-newline,tourney,FALSE,20,elitize_generation_data,32,14,0.103,NA
34,16,replace-space-with-newline,tourney,FALSE,20,elitize_generation_data,33,13,0.094,NA
35,16,replace-space-with-newline,tourney,FALSE,20,elitize_generation_data,34,15,0.109,NA
36,16,replace-space-with-newline,tourney,FALSE,20,elitize_generation_data,35,14,0.099,NA
37,16,replace-space-with-newline,tourney,FALSE,20,elitize_generation_data,36,16,0.101,NA
38,16,replace-space-with-newline,tourney,FALSE,20,elitize_generation_data,37,15,0.092,NA
39,16,replace-space-with-newline,tourney,FALSE,20,elitize_generation_data,38,13,0.109,NA
40,16,replace-space-with-newline,tourney,FALSE,20,elitize_generation_data,39,12,0.09,NA
41,16,replace-space-with-newline,tourney,FALSE,20,elitize_generation_data,40,17,0.089,NA
42,16,replace-space-with-newline,tourney,FALSE,20,elitize_generation_data,41,12,0.084,NA
43,16,replace-space-with-newline,tourney,FALSE,20,elitize_generation_data,42,12,0.091,NA
44,16,replace-space-with-newline,tourney,FALSE,20,elitize_generation_data,43,15,0.085,NA
45,16,replace-space-with-newline,tourney,FALSE,20,elitize_generation_data,44,15,0.099,NA
46,16,replace-space-with-newline,tourney,FALSE,20,elitize_generation_data,45,13,0.09,NA
47,16,replace-space-with-newline,tourney,FALSE,20,elitize_generation_data,46,14,0.097,NA
48,16,replace-space-with-newline,tourney,FALSE,20,elitize_generation_data,47,15,0.096,NA
49,16,replace-space-with-newline,tourney,FALSE,20,elitize_generation_data,48,16,0.094,NA
50,16,replace-space-with-newline,tourney,FALSE,20,elitize_generation_data,49,14,0.086,NA
51,16,replace-space-with-newline,tourney,FALSE,20,elitize_generation_data,50,11,0.104,NA
52,16,replace-space-with-newline,tourney,FALSE,20,elitize_generation_data,51,14,0.102,NA
53,16,replace-space-with-newline,tourney,FALSE,20,elitize_generation_data,52,16,0.094,NA
54,16,replace-space-with-newline,tourney,FALSE,20,elitize_generation_data,53,13,0.085,NA
55,16,replace-space-with-newline,tourney,FALSE,20,elitize_generation_data,54,20,0.091,NA
56,16,replace-space-with-newline,tourney,FALSE,20,elitize_generation_data,55,19,0.104,NA
57,16,replace-space-with-newline,tourney,FALSE,20,elitize_generation_data,56,14,0.084,NA
58,16,replace-space-with-newline,tourney,FALSE,20,elitize_generation_data,57,15,0.072,NA
59,16,replace-space-with-newline,tourney,FALSE,20,elitize_generation_data,58,12,0.067,NA
60,16,replace-space-with-newline,tourney,FALSE,20,elitize_generation_data,59,13,0.063,NA
61,16,replace-space-with-newline,tourney,FALSE,20,elitize_generation_data,60,13,0.054,NA
62,16,replace-space-with-newline,tourney,FALSE,20,elitize_generation_data,61,11,0.068,NA
63,16,replace-space-with-newline,tourney,FALSE,20,elitize_generation_data,62,13,0.076,NA
64,16,replace-space-with-newline,tourney,FALSE,20,elitize_generation_data,63,11,0.066,NA
65,16,replace-space-with-newline,tourney,FALSE,20,elitize_generation_data,64,12,0.072,NA
66,16,replace-space-with-newline,tourney,FALSE,20,elitize_generation_data,65,15,0.08,NA
67,16,replace-space-with-newline,tourney,FALSE,20,elitize_generation_data,66,17,0.088,NA
68,16,replace-space-with-newline,tourney,FALSE,20,elitize_generation_data,67,17,0.092,NA
69,16,replace-space-with-newline,tourney,FALSE,20,elitize_generation_data,68,12,0.072,NA
70,16,replace-space-with-newline,tourney,FALSE,20,elitize_generation_data,69,9,0.064,NA
71,16,replace-space-with-newline,tourney,FALSE,20,elitize_generation_data,70,9,0.072,NA
72,16,replace-space-with-newline,tourney,FALSE,20,elitize_generation_data,71,11,0.072,NA
73,16,replace-space-with-newline,tourney,FALSE,20,elitize_generation_data,72,12,0.087,NA
74,16,replace-space-with-newline,tourney,FALSE,20,elitize_generation_data,73,14,0.071,NA
75,16,replace-space-with-newline,tourney,FALSE,20,elitize_generation_data,74,10,0.07,NA
76,16,replace-space-with-newline,tourney,FALSE,20,elitize_generation_data,75,9,0.075,NA
77,16,replace-space-with-newline,tourney,FALSE,20,elitize_generation_data,76,10,0.071,NA
78,16,replace-space-with-newline,tourney,FALSE,20,elitize_generation_data,77,16,0.077,NA
79,16,replace-space-with-newline,tourney,FALSE,20,elitize_generation_data,78,11,0.066,NA
80,16,replace-space-with-newline,tourney,FALSE,20,elitize_generation_data,79,15,0.081,NA
81,16,replace-space-with-newline,tourney,FALSE,20,elitize_generation_data,80,10,0.086,NA
82,16,replace-space-with-newline,tourney,FALSE,20,elitize_generation_data,81,11,0.085,NA
83,16,replace-space-with-newline,tourney,FALSE,20,elitize_generation_data,82,14,0.076,NA
84,16,replace-space-with-newline,tourney,FALSE,20,elitize_generation_data,83,15,0.085,NA
85,16,replace-space-with-newline,tourney,FALSE,20,elitize_generation_data,84,12,0.081,NA
86,16,replace-space-with-newline,tourney,FALSE,20,elitize_generation_data,85,15,0.1,NA
87,16,replace-space-with-newline,tourney,FALSE,20,elitize_generation_data,86,15,0.079,NA
88,16,replace-space-with-newline,tourney,FALSE,20,elitize_generation_data,87,13,0.073,NA
89,16,replace-space-with-newline,tourney,FALSE,20,elitize_generation_data,88,15,0.078,NA
90,16,replace-space-with-newline,tourney,FALSE,20,elitize_generation_data,89,16,0.088,NA
91,16,replace-space-with-newline,tourney,FALSE,20,elitize_generation_data,90,14,0.084,NA
92,16,replace-space-with-newline,tourney,FALSE,20,elitize_generation_data,91,17,0.092,NA
93,16,replace-space-with-newline,tourney,FALSE,20,elitize_generation_data,92,12,0.077,NA
94,16,replace-space-with-newline,tourney,FALSE,20,elitize_generation_data,93,19,0.078,NA
95,16,replace-space-with-newline,tourney,FALSE,20,elitize_generation_data,94,13,0.097,NA
96,16,replace-space-with-newline,tourney,FALSE,20,elitize_generation_data,95,11,0.084,NA
97,16,replace-space-with-newline,tourney,FALSE,20,elitize_generation_data,96,14,0.095,NA
98,16,replace-space-with-newline,tourney,FALSE,20,elitize_generation_data,97,13,0.09,NA
99,16,replace-space-with-newline,tourney,FALSE,20,elitize_generation_data,98,13,0.089,NA
100,16,replace-space-with-newline,tourney,FALSE,20,elitize_generation_data,99,11,0.073,NA
101,16,replace-space-with-newline,tourney,FALSE,20,elitize_generation_data,100,11,0.09,NA
102,16,replace-space-with-newline,tourney,FALSE,20,elitize_generation_data,101,12,0.098,NA
103,16,replace-space-with-newline,tourney,FALSE,20,elitize_generation_data,102,10,0.082,NA
104,16,replace-space-with-newline,tourney,FALSE,20,elitize_generation_data,103,13,0.096,NA
105,16,replace-space-with-newline,tourney,FALSE,20,elitize_generation_data,104,16,0.098,NA
106,16,replace-space-with-newline,tourney,FALSE,20,elitize_generation_data,105,16,0.093,NA
107,16,replace-space-with-newline,tourney,FALSE,20,elitize_generation_data,106,15,0.085,NA
108,16,replace-space-with-newline,tourney,FALSE,20,elitize_generation_data,107,11,0.084,NA
109,16,replace-space-with-newline,tourney,FALSE,20,elitize_generation_data,108,11,0.067,NA
110,16,replace-space-with-newline,tourney,FALSE,20,elitize_generation_data,109,13,0.088,NA
111,16,replace-space-with-newline,tourney,FALSE,20,elitize_generation_data,110,12,0.094,NA
112,16,replace-space-with-newline,tourney,FALSE,20,elitize_generation_data,111,15,0.082,NA
113,16,replace-space-with-newline,tourney,FALSE,20,elitize_generation_data,112,13,0.078,NA
114,16,replace-space-with-newline,tourney,FALSE,20,elitize_generation_data,113,13,0.079,NA
115,16,replace-space-with-newline,tourney,FALSE,20,elitize_generation_data,114,10,0.074,NA
116,16,replace-space-with-newline,tourney,FALSE,20,elitize_generation_data,115,13,0.081,NA
117,16,replace-space-with-newline,tourney,FALSE,20,elitize_generation_data,116,15,0.08,NA
118,16,replace-space-with-newline,tourney,FALSE,20,elitize_generation_data,117,14,0.09,NA
119,16,replace-space-with-newline,tourney,FALSE,20,elitize_generation_data,118,13,0.072,NA
120,16,replace-space-with-newline,tourney,FALSE,20,elitize_generation_data,119,15,0.073,NA
121,16,replace-space-with-newline,tourney,FALSE,20,elitize_generation_data,120,11,0.07,NA
122,16,replace-space-with-newline,tourney,FALSE,20,elitize_generation_data,121,10,0.065,NA
123,16,replace-space-with-newline,tourney,FALSE,20,elitize_generation_data,122,14,0.071,NA
124,16,replace-space-with-newline,tourney,FALSE,20,elitize_generation_data,123,16,0.068,NA
125,16,replace-space-with-newline,tourney,FALSE,20,elitize_generation_data,124,10,0.054,NA
126,16,replace-space-with-newline,tourney,FALSE,20,elitize_generation_data,125,11,0.065,NA
127,16,replace-space-with-newline,tourney,FALSE,20,elitize_generation_data,126,12,0.058,NA
128,16,replace-space-with-newline,tourney,FALSE,20,elitize_generation_data,127,10,0.066,NA
129,16,replace-space-with-newline,tourney,FALSE,20,elitize_generation_data,128,17,0.064,NA
130,16,replace-space-with-newline,tourney,FALSE,20,elitize_generation_data,129,13,0.068,NA
131,16,replace-space-with-newline,tourney,FALSE,20,elitize_generation_data,130,15,0.077,NA
132,16,replace-space-with-newline,tourney,FALSE,20,elitize_generation_data,131,10,0.065,NA
133,16,replace-space-with-newline,tourney,FALSE,20,elitize_generation_data,132,10,0.064,NA
134,16,replace-space-with-newline,tourney,FALSE,20,elitize_generation_data,133,10,0.058,NA
135,16,replace-space-with-newline,tourney,FALSE,20,elitize_generation_data,134,11,0.057,NA
136,16,replace-space-with-newline,tourney,FALSE,20,elitize_generation_data,135,7,0.059,NA
137,16,replace-space-with-newline,tourney,FALSE,20,elitize_generation_data,136,12,0.051,NA
138,16,replace-space-with-newline,tourney,FALSE,20,elitize_generation_data,137,10,0.068,NA
139,16,replace-space-with-newline,tourney,FALSE,20,elitize_generation_data,138,10,0.053,NA
140,16,replace-space-with-newline,tourney,FALSE,20,elitize_generation_data,139,12,0.056,NA
141,16,replace-space-with-newline,tourney,FALSE,20,elitize_generation_data,140,10,0.058,NA
142,16,replace-space-with-newline,tourney,FALSE,20,elitize_generation_data,141,12,0.06,NA
143,16,replace-space-with-newline,tourney,FALSE,20,elitize_generation_data,142,9,0.056,NA
144,16,replace-space-with-newline,tourney,FALSE,20,elitize_generation_data,143,8,0.047,NA
145,16,replace-space-with-newline,tourney,FALSE,20,elitize_generation_data,144,12,0.051,NA
146,16,replace-space-with-newline,tourney,FALSE,20,elitize_generation_data,145,10,0.063,NA
147,16,replace-space-with-newline,tourney,FALSE,20,elitize_generation_data,146,9,0.062,NA
148,16,replace-space-with-newline,tourney,FALSE,20,elitize_generation_data,147,9,0.053,NA
149,16,replace-space-with-newline,tourney,FALSE,20,elitize_generation_data,148,10,0.054,NA
150,16,replace-space-with-newline,tourney,FALSE,20,elitize_generation_data,149,13,0.054,NA
151,16,replace-space-with-newline,tourney,FALSE,20,elitize_generation_data,150,12,0.054,NA
152,16,replace-space-with-newline,tourney,FALSE,20,elitize_generation_data,151,12,0.062,NA
153,16,replace-space-with-newline,tourney,FALSE,20,elitize_generation_data,152,12,0.056,NA
154,16,replace-space-with-newline,tourney,FALSE,20,elitize_generation_data,153,13,0.055,NA
155,16,replace-space-with-newline,tourney,FALSE,20,elitize_generation_data,154,13,0.061,NA
156,16,replace-space-with-newline,tourney,FALSE,20,elitize_generation_data,155,9,0.055,NA
157,16,replace-space-with-newline,tourney,FALSE,20,elitize_generation_data,156,10,0.047,NA
158,16,replace-space-with-newline,tourney,FALSE,20,elitize_generation_data,157,11,0.057,NA
159,16,replace-space-with-newline,tourney,FALSE,20,elitize_generation_data,158,13,0.058,NA
160,16,replace-space-with-newline,tourney,FALSE,20,elitize_generation_data,159,10,0.04,NA
161,16,replace-space-with-newline,tourney,FALSE,20,elitize_generation_data,160,9,0.052,NA
162,16,replace-space-with-newline,tourney,FALSE,20,elitize_generation_data,161,12,0.051,NA
163,16,replace-space-with-newline,tourney,FALSE,20,elitize_generation_data,162,10,0.046,NA
164,16,replace-space-with-newline,tourney,FALSE,20,elitize_generation_data,163,9,0.055,NA
165,16,replace-space-with-newline,tourney,FALSE,20,elitize_generation_data,164,11,0.055,NA
166,16,replace-space-with-newline,tourney,FALSE,20,elitize_generation_data,165,10,0.048,NA
167,16,replace-space-with-newline,tourney,FALSE,20,elitize_generation_data,166,10,0.054,NA
168,16,replace-space-with-newline,tourney,FALSE,20,elitize_generation_data,167,7,0.046,NA
169,16,replace-space-with-newline,tourney,FALSE,20,elitize_generation_data,168,11,0.048,NA
170,16,replace-space-with-newline,tourney,FALSE,20,elitize_generation_data,169,11,0.05,NA
171,16,replace-space-with-newline,tourney,FALSE,20,elitize_generation_data,170,10,0.052,NA
172,16,replace-space-with-newline,tourney,FALSE,20,elitize_generation_data,171,9,0.051,NA
173,16,replace-space-with-newline,tourney,FALSE,20,elitize_generation_data,172,10,0.051,NA
174,16,replace-space-with-newline,tourney,FALSE,20,elitize_generation_data,173,9,0.044,NA
175,16,replace-space-with-newline,tourney,FALSE,20,elitize_generation_data,174,12,0.045,NA
176,16,replace-space-with-newline,tourney,FALSE,20,elitize_generation_data,175,9,0.046,NA
177,16,replace-space-with-newline,tourney,FALSE,20,elitize_generation_data,176,9,0.042,NA
178,16,replace-space-with-newline,tourney,FALSE,20,elitize_generation_data,177,6,0.046,NA
179,16,replace-space-with-newline,tourney,FALSE,20,elitize_generation_data,178,9,0.049,NA
180,16,replace-space-with-newline,tourney,FALSE,20,elitize_generation_data,179,8,0.05,NA
181,16,replace-space-with-newline,tourney,FALSE,20,elitize_generation_data,180,5,0.041,NA
182,16,replace-space-with-newline,tourney,FALSE,20,elitize_generation_data,181,9,0.05,NA
183,16,replace-space-with-newline,tourney,FALSE,20,elitize_generation_data,182,9,0.057,NA
184,16,replace-space-with-newline,tourney,FALSE,20,elitize_generation_data,183,8,0.051,NA
185,16,replace-space-with-newline,tourney,FALSE,20,elitize_generation_data,184,10,0.046,NA
186,16,replace-space-with-newline,tourney,FALSE,20,elitize_generation_data,185,7,0.041,NA
187,16,replace-space-with-newline,tourney,FALSE,20,elitize_generation_data,186,10,0.042,NA
188,16,replace-space-with-newline,tourney,FALSE,20,elitize_generation_data,187,9,0.051,NA
189,16,replace-space-with-newline,tourney,FALSE,20,elitize_generation_data,188,10,0.044,NA
190,16,replace-space-with-newline,tourney,FALSE,20,elitize_generation_data,189,10,0.056,NA
191,16,replace-space-with-newline,tourney,FALSE,20,elitize_generation_data,190,9,0.047,NA
192,16,replace-space-with-newline,tourney,FALSE,20,elitize_generation_data,191,8,0.049,NA
193,16,replace-space-with-newline,tourney,FALSE,20,elitize_generation_data,192,10,0.048,NA
194,16,replace-space-with-newline,tourney,FALSE,20,elitize_generation_data,193,7,0.039,NA
195,16,replace-space-with-newline,tourney,FALSE,20,elitize_generation_data,194,6,0.046,NA
196,16,replace-space-with-newline,tourney,FALSE,20,elitize_generation_data,195,10,0.045,NA
197,16,replace-space-with-newline,tourney,FALSE,20,elitize_generation_data,196,7,0.043,NA
198,16,replace-space-with-newline,tourney,FALSE,20,elitize_generation_data,197,8,0.049,NA
199,16,replace-space-with-newline,tourney,FALSE,20,elitize_generation_data,198,5,0.038,NA
200,16,replace-space-with-newline,tourney,FALSE,20,elitize_generation_data,199,7,0.045,NA
201,16,replace-space-with-newline,tourney,FALSE,20,elitize_generation_data,200,9,0.053,NA
202,16,replace-space-with-newline,tourney,FALSE,20,elitize_generation_data,201,8,0.036,NA
203,16,replace-space-with-newline,tourney,FALSE,20,elitize_generation_data,202,7,0.048,NA
204,16,replace-space-with-newline,tourney,FALSE,20,elitize_generation_data,203,7,0.037,NA
205,16,replace-space-with-newline,tourney,FALSE,20,elitize_generation_data,204,12,0.043,NA
206,16,replace-space-with-newline,tourney,FALSE,20,elitize_generation_data,205,11,0.046,NA
207,16,replace-space-with-newline,tourney,FALSE,20,elitize_generation_data,206,10,0.042,NA
208,16,replace-space-with-newline,tourney,FALSE,20,elitize_generation_data,207,9,0.043,NA
209,16,replace-space-with-newline,tourney,FALSE,20,elitize_generation_data,208,7,0.042,NA
210,16,replace-space-with-newline,tourney,FALSE,20,elitize_generation_data,209,8,0.039,NA
211,16,replace-space-with-newline,tourney,FALSE,20,elitize_generation_data,210,9,0.058,NA
212,16,replace-space-with-newline,tourney,FALSE,20,elitize_generation_data,211,10,0.046,NA
213,16,replace-space-with-newline,tourney,FALSE,20,elitize_generation_data,212,12,0.051,NA
214,16,replace-space-with-newline,tourney,FALSE,20,elitize_generation_data,213,7,0.046,NA
215,16,replace-space-with-newline,tourney,FALSE,20,elitize_generation_data,214,10,0.06,NA
216,16,replace-space-with-newline,tourney,FALSE,20,elitize_generation_data,215,9,0.043,NA
217,16,replace-space-with-newline,tourney,FALSE,20,elitize_generation_data,216,11,0.045,NA
218,16,replace-space-with-newline,tourney,FALSE,20,elitize_generation_data,217,7,0.049,NA
219,16,replace-space-with-newline,tourney,FALSE,20,elitize_generation_data,218,6,0.04,NA
220,16,replace-space-with-newline,tourney,FALSE,20,elitize_generation_data,219,10,0.05,NA
221,16,replace-space-with-newline,tourney,FALSE,20,elitize_generation_data,220,9,0.045,NA
222,16,replace-space-with-newline,tourney,FALSE,20,elitize_generation_data,221,11,0.045,NA
223,16,replace-space-with-newline,tourney,FALSE,20,elitize_generation_data,222,10,0.05,NA
224,16,replace-space-with-newline,tourney,FALSE,20,elitize_generation_data,223,10,0.042,NA
225,16,replace-space-with-newline,tourney,FALSE,20,elitize_generation_data,224,8,0.051,NA
226,16,replace-space-with-newline,tourney,FALSE,20,elitize_generation_data,225,9,0.044,NA
227,16,replace-space-with-newline,tourney,FALSE,20,elitize_generation_data,226,9,0.042,NA
228,16,replace-space-with-newline,tourney,FALSE,20,elitize_generation_data,227,9,0.049,NA
229,16,replace-space-with-newline,tourney,FALSE,20,elitize_generation_data,228,9,0.044,NA
230,16,replace-space-with-newline,tourney,FALSE,20,elitize_generation_data,229,8,0.045,NA
231,16,replace-space-with-newline,tourney,FALSE,20,elitize_generation_data,230,8,0.056,NA
232,16,replace-space-with-newline,tourney,FALSE,20,elitize_generation_data,231,9,0.051,NA
233,16,replace-space-with-newline,tourney,FALSE,20,elitize_generation_data,232,12,0.042,NA
234,16,replace-space-with-newline,tourney,FALSE,20,elitize_generation_data,233,10,0.042,NA
235,16,replace-space-with-newline,tourney,FALSE,20,elitize_generation_data,234,10,0.043,NA
236,16,replace-space-with-newline,tourney,FALSE,20,elitize_generation_data,235,9,0.039,NA
237,16,replace-space-with-newline,tourney,FALSE,20,elitize_generation_data,236,7,0.041,NA
238,16,replace-space-with-newline,tourney,FALSE,20,elitize_generation_data,237,8,0.039,NA
239,16,replace-space-with-newline,tourney,FALSE,20,elitize_generation_data,238,8,0.041,NA
240,16,replace-space-with-newline,tourney,FALSE,20,elitize_generation_data,239,6,0.036,NA
241,16,replace-space-with-newline,tourney,FALSE,20,elitize_generation_data,240,9,0.037,NA
242,16,replace-space-with-newline,tourney,FALSE,20,elitize_generation_data,241,6,0.033,NA
243,16,replace-space-with-newline,tourney,FALSE,20,elitize_generation_data,242,8,0.035,NA
244,16,replace-space-with-newline,tourney,FALSE,20,elitize_generation_data,243,8,0.032,NA
245,16,replace-space-with-newline,tourney,FALSE,20,elitize_generation_data,244,12,0.044,NA
246,16,replace-space-with-newline,tourney,FALSE,20,elitize_generation_data,245,8,0.034,NA
247,16,replace-space-with-newline,tourney,FALSE,20,elitize_generation_data,246,5,0.034,NA
248,16,replace-space-with-newline,tourney,FALSE,20,elitize_generation_data,247,10,0.043,NA
249,16,replace-space-with-newline,tourney,FALSE,20,elitize_generation_data,248,14,0.048,NA
250,16,replace-space-with-newline,tourney,FALSE,20,elitize_generation_data,249,14,0.048,NA
251,16,replace-space-with-newline,tourney,FALSE,20,elitize_generation_data,250,11,0.038,NA
252,16,replace-space-with-newline,tourney,FALSE,20,elitize_generation_data,251,10,0.046,NA
253,16,replace-space-with-newline,tourney,FALSE,20,elitize_generation_data,252,8,0.041,NA
254,16,replace-space-with-newline,tourney,FALSE,20,elitize_generation_data,253,10,0.033,NA
255,16,replace-space-with-newline,tourney,FALSE,20,elitize_generation_data,254,10,0.04,NA
256,16,replace-space-with-newline,tourney,FALSE,20,elitize_generation_data,255,10,0.034,NA
257,16,replace-space-with-newline,tourney,FALSE,20,elitize_generation_data,256,9,0.04,NA
258,16,replace-space-with-newline,tourney,FALSE,20,elitize_generation_data,257,10,0.037,NA
259,16,replace-space-with-newline,tourney,FALSE,20,elitize_generation_data,258,10,0.043,NA
260,16,replace-space-with-newline,tourney,FALSE,20,elitize_generation_data,259,12,0.038,NA
261,16,replace-space-with-newline,tourney,FALSE,20,elitize_generation_data,260,7,0.037,NA
262,16,replace-space-with-newline,tourney,FALSE,20,elitize_generation_data,261,9,0.034,NA
263,16,replace-space-with-newline,tourney,FALSE,20,elitize_generation_data,262,8,0.036,NA
264,16,replace-space-with-newline,tourney,FALSE,20,elitize_generation_data,263,6,0.039,NA
265,16,replace-space-with-newline,tourney,FALSE,20,elitize_generation_data,264,8,0.03,NA
266,16,replace-space-with-newline,tourney,FALSE,20,elitize_generation_data,265,7,0.039,NA
267,16,replace-space-with-newline,tourney,FALSE,20,elitize_generation_data,266,8,0.032,NA
268,16,replace-space-with-newline,tourney,FALSE,20,elitize_generation_data,267,9,0.031,NA
269,16,replace-space-with-newline,tourney,FALSE,20,elitize_generation_data,268,9,0.032,NA
270,16,replace-space-with-newline,tourney,FALSE,20,elitize_generation_data,269,14,0.034,NA
271,16,replace-space-with-newline,tourney,FALSE,20,elitize_generation_data,270,11,0.037,NA
272,16,replace-space-with-newline,tourney,FALSE,20,elitize_generation_data,271,11,0.038,NA
273,16,replace-space-with-newline,tourney,FALSE,20,elitize_generation_data,272,7,0.024,NA
274,16,replace-space-with-newline,tourney,FALSE,20,elitize_generation_data,273,10,0.037,NA
275,16,replace-space-with-newline,tourney,FALSE,20,elitize_generation_data,274,8,0.021,NA
276,16,replace-space-with-newline,tourney,FALSE,20,elitize_generation_data,275,7,0.032,NA
277,16,replace-space-with-newline,tourney,FALSE,20,elitize_generation_data,276,6,0.027,NA
278,16,replace-space-with-newline,tourney,FALSE,20,elitize_generation_data,277,9,0.027,NA
279,16,replace-space-with-newline,tourney,FALSE,20,elitize_generation_data,278,9,0.03,NA
280,16,replace-space-with-newline,tourney,FALSE,20,elitize_generation_data,279,7,0.025,NA
281,16,replace-space-with-newline,tourney,FALSE,20,elitize_generation_data,280,6,0.025,NA
282,16,replace-space-with-newline,tourney,FALSE,20,elitize_generation_data,281,7,0.031,NA
283,16,replace-space-with-newline,tourney,FALSE,20,elitize_generation_data,282,8,0.025,NA
284,16,replace-space-with-newline,tourney,FALSE,20,elitize_generation_data,283,9,0.033,NA
285,16,replace-space-with-newline,tourney,FALSE,20,elitize_generation_data,284,8,0.031,NA
286,16,replace-space-with-newline,tourney,FALSE,20,elitize_generation_data,285,6,0.025,NA
287,16,replace-space-with-newline,tourney,FALSE,20,elitize_generation_data,286,6,0.028,NA
288,16,replace-space-with-newline,tourney,FALSE,20,elitize_generation_data,287,6,0.03,NA
289,16,replace-space-with-newline,tourney,FALSE,20,elitize_generation_data,288,6,0.024,NA
290,16,replace-space-with-newline,tourney,FALSE,20,elitize_generation_data,289,7,0.031,NA
291,16,replace-space-with-newline,tourney,FALSE,20,elitize_generation_data,290,8,0.032,NA
292,16,replace-space-with-newline,tourney,FALSE,20,elitize_generation_data,291,6,0.024,NA
293,16,replace-space-with-newline,tourney,FALSE,20,elitize_generation_data,292,9,0.03,NA
294,16,replace-space-with-newline,tourney,FALSE,20,elitize_generation_data,293,7,0.03,NA
295,16,replace-space-with-newline,tourney,FALSE,20,elitize_generation_data,294,8,0.04,NA
296,16,replace-space-with-newline,tourney,FALSE,20,elitize_generation_data,295,6,0.031,NA
297,16,replace-space-with-newline,tourney,FALSE,20,elitize_generation_data,296,6,0.029,NA
298,16,replace-space-with-newline,tourney,FALSE,20,elitize_generation_data,297,6,0.029,NA
299,16,replace-space-with-newline,tourney,FALSE,20,elitize_generation_data,298,6,0.026,NA
300,16,replace-space-with-newline,tourney,FALSE,20,elitize_generation_data,299,5,0.027,NA
301,16,replace-space-with-newline,tourney,FALSE,20,elitize_generation_data,300,8,0.025,NA
