,run.num,problem,treatment,succeeded,height,normalization.function,generation,cluster.count,error.diversity,success.generation
1,83,replace-space-with-newline,tourney,FALSE,20,elitize_generation_data,0,4,0.474,NA
2,83,replace-space-with-newline,tourney,FALSE,20,elitize_generation_data,1,5,0.34,NA
3,83,replace-space-with-newline,tourney,FALSE,20,elitize_generation_data,2,6,0.276,NA
4,83,replace-space-with-newline,tourney,FALSE,20,elitize_generation_data,3,9,0.28,NA
5,83,replace-space-with-newline,tourney,FALSE,20,elitize_generation_data,4,12,0.186,NA
6,83,replace-space-with-newline,tourney,FALSE,20,elitize_generation_data,5,13,0.165,NA
7,83,replace-space-with-newline,tourney,FALSE,20,elitize_generation_data,6,11,0.167,NA
8,83,replace-space-with-newline,tourney,FALSE,20,elitize_generation_data,7,17,0.195,NA
9,83,replace-space-with-newline,tourney,FALSE,20,elitize_generation_data,8,21,0.252,NA
10,83,replace-space-with-newline,tourney,FALSE,20,elitize_generation_data,9,22,0.249,NA
11,83,replace-space-with-newline,tourney,FALSE,20,elitize_generation_data,10,19,0.238,NA
12,83,replace-space-with-newline,tourney,FALSE,20,elitize_generation_data,11,25,0.263,NA
13,83,replace-space-with-newline,tourney,FALSE,20,elitize_generation_data,12,19,0.276,NA
14,83,replace-space-with-newline,tourney,FALSE,20,elitize_generation_data,13,24,0.274,NA
15,83,replace-space-with-newline,tourney,FALSE,20,elitize_generation_data,14,27,0.311,NA
16,83,replace-space-with-newline,tourney,FALSE,20,elitize_generation_data,15,30,0.39,NA
17,83,replace-space-with-newline,tourney,FALSE,20,elitize_generation_data,16,27,0.396,NA
18,83,replace-space-with-newline,tourney,FALSE,20,elitize_generation_data,17,19,0.363,NA
19,83,replace-space-with-newline,tourney,FALSE,20,elitize_generation_data,18,19,0.263,NA
20,83,replace-space-with-newline,tourney,FALSE,20,elitize_generation_data,19,15,0.297,NA
21,83,replace-space-with-newline,tourney,FALSE,20,elitize_generation_data,20,20,0.31,NA
22,83,replace-space-with-newline,tourney,FALSE,20,elitize_generation_data,21,20,0.315,NA
23,83,replace-space-with-newline,tourney,FALSE,20,elitize_generation_data,22,23,0.315,NA
24,83,replace-space-with-newline,tourney,FALSE,20,elitize_generation_data,23,26,0.338,NA
25,83,replace-space-with-newline,tourney,FALSE,20,elitize_generation_data,24,21,0.346,NA
26,83,replace-space-with-newline,tourney,FALSE,20,elitize_generation_data,25,24,0.358,NA
27,83,replace-space-with-newline,tourney,FALSE,20,elitize_generation_data,26,27,0.325,NA
28,83,replace-space-with-newline,tourney,FALSE,20,elitize_generation_data,27,25,0.336,NA
29,83,replace-space-with-newline,tourney,FALSE,20,elitize_generation_data,28,29,0.337,NA
30,83,replace-space-with-newline,tourney,FALSE,20,elitize_generation_data,29,25,0.308,NA
31,83,replace-space-with-newline,tourney,FALSE,20,elitize_generation_data,30,20,0.246,NA
32,83,replace-space-with-newline,tourney,FALSE,20,elitize_generation_data,31,18,0.232,NA
33,83,replace-space-with-newline,tourney,FALSE,20,elitize_generation_data,32,26,0.223,NA
34,83,replace-space-with-newline,tourney,FALSE,20,elitize_generation_data,33,23,0.234,NA
35,83,replace-space-with-newline,tourney,FALSE,20,elitize_generation_data,34,22,0.271,NA
36,83,replace-space-with-newline,tourney,FALSE,20,elitize_generation_data,35,19,0.262,NA
37,83,replace-space-with-newline,tourney,FALSE,20,elitize_generation_data,36,26,0.304,NA
38,83,replace-space-with-newline,tourney,FALSE,20,elitize_generation_data,37,29,0.287,NA
39,83,replace-space-with-newline,tourney,FALSE,20,elitize_generation_data,38,25,0.293,NA
40,83,replace-space-with-newline,tourney,FALSE,20,elitize_generation_data,39,30,0.307,NA
41,83,replace-space-with-newline,tourney,FALSE,20,elitize_generation_data,40,22,0.322,NA
42,83,replace-space-with-newline,tourney,FALSE,20,elitize_generation_data,41,25,0.337,NA
43,83,replace-space-with-newline,tourney,FALSE,20,elitize_generation_data,42,25,0.369,NA
44,83,replace-space-with-newline,tourney,FALSE,20,elitize_generation_data,43,25,0.335,NA
45,83,replace-space-with-newline,tourney,FALSE,20,elitize_generation_data,44,22,0.332,NA
46,83,replace-space-with-newline,tourney,FALSE,20,elitize_generation_data,45,25,0.347,NA
47,83,replace-space-with-newline,tourney,FALSE,20,elitize_generation_data,46,27,0.329,NA
48,83,replace-space-with-newline,tourney,FALSE,20,elitize_generation_data,47,32,0.359,NA
49,83,replace-space-with-newline,tourney,FALSE,20,elitize_generation_data,48,31,0.38,NA
50,83,replace-space-with-newline,tourney,FALSE,20,elitize_generation_data,49,30,0.408,NA
51,83,replace-space-with-newline,tourney,FALSE,20,elitize_generation_data,50,33,0.423,NA
52,83,replace-space-with-newline,tourney,FALSE,20,elitize_generation_data,51,41,0.474,NA
53,83,replace-space-with-newline,tourney,FALSE,20,elitize_generation_data,52,42,0.487,NA
54,83,replace-space-with-newline,tourney,FALSE,20,elitize_generation_data,53,38,0.481,NA
55,83,replace-space-with-newline,tourney,FALSE,20,elitize_generation_data,54,41,0.481,NA
56,83,replace-space-with-newline,tourney,FALSE,20,elitize_generation_data,55,39,0.464,NA
57,83,replace-space-with-newline,tourney,FALSE,20,elitize_generation_data,56,38,0.493,NA
58,83,replace-space-with-newline,tourney,FALSE,20,elitize_generation_data,57,41,0.505,NA
59,83,replace-space-with-newline,tourney,FALSE,20,elitize_generation_data,58,38,0.569,NA
60,83,replace-space-with-newline,tourney,FALSE,20,elitize_generation_data,59,39,0.544,NA
61,83,replace-space-with-newline,tourney,FALSE,20,elitize_generation_data,60,39,0.493,NA
62,83,replace-space-with-newline,tourney,FALSE,20,elitize_generation_data,61,27,0.427,NA
63,83,replace-space-with-newline,tourney,FALSE,20,elitize_generation_data,62,21,0.37,NA
64,83,replace-space-with-newline,tourney,FALSE,20,elitize_generation_data,63,21,0.364,NA
65,83,replace-space-with-newline,tourney,FALSE,20,elitize_generation_data,64,26,0.357,NA
66,83,replace-space-with-newline,tourney,FALSE,20,elitize_generation_data,65,22,0.36,NA
67,83,replace-space-with-newline,tourney,FALSE,20,elitize_generation_data,66,21,0.303,NA
68,83,replace-space-with-newline,tourney,FALSE,20,elitize_generation_data,67,21,0.294,NA
69,83,replace-space-with-newline,tourney,FALSE,20,elitize_generation_data,68,18,0.233,NA
70,83,replace-space-with-newline,tourney,FALSE,20,elitize_generation_data,69,19,0.216,NA
71,83,replace-space-with-newline,tourney,FALSE,20,elitize_generation_data,70,20,0.191,NA
72,83,replace-space-with-newline,tourney,FALSE,20,elitize_generation_data,71,18,0.184,NA
73,83,replace-space-with-newline,tourney,FALSE,20,elitize_generation_data,72,19,0.171,NA
74,83,replace-space-with-newline,tourney,FALSE,20,elitize_generation_data,73,15,0.179,NA
75,83,replace-space-with-newline,tourney,FALSE,20,elitize_generation_data,74,22,0.193,NA
76,83,replace-space-with-newline,tourney,FALSE,20,elitize_generation_data,75,16,0.187,NA
77,83,replace-space-with-newline,tourney,FALSE,20,elitize_generation_data,76,19,0.192,NA
78,83,replace-space-with-newline,tourney,FALSE,20,elitize_generation_data,77,19,0.181,NA
79,83,replace-space-with-newline,tourney,FALSE,20,elitize_generation_data,78,24,0.189,NA
80,83,replace-space-with-newline,tourney,FALSE,20,elitize_generation_data,79,18,0.18,NA
81,83,replace-space-with-newline,tourney,FALSE,20,elitize_generation_data,80,19,0.18,NA
82,83,replace-space-with-newline,tourney,FALSE,20,elitize_generation_data,81,14,0.184,NA
83,83,replace-space-with-newline,tourney,FALSE,20,elitize_generation_data,82,21,0.168,NA
84,83,replace-space-with-newline,tourney,FALSE,20,elitize_generation_data,83,19,0.174,NA
85,83,replace-space-with-newline,tourney,FALSE,20,elitize_generation_data,84,18,0.172,NA
86,83,replace-space-with-newline,tourney,FALSE,20,elitize_generation_data,85,22,0.159,NA
87,83,replace-space-with-newline,tourney,FALSE,20,elitize_generation_data,86,15,0.14,NA
88,83,replace-space-with-newline,tourney,FALSE,20,elitize_generation_data,87,18,0.166,NA
89,83,replace-space-with-newline,tourney,FALSE,20,elitize_generation_data,88,16,0.149,NA
90,83,replace-space-with-newline,tourney,FALSE,20,elitize_generation_data,89,18,0.137,NA
91,83,replace-space-with-newline,tourney,FALSE,20,elitize_generation_data,90,15,0.163,NA
92,83,replace-space-with-newline,tourney,FALSE,20,elitize_generation_data,91,19,0.151,NA
93,83,replace-space-with-newline,tourney,FALSE,20,elitize_generation_data,92,20,0.148,NA
94,83,replace-space-with-newline,tourney,FALSE,20,elitize_generation_data,93,12,0.137,NA
95,83,replace-space-with-newline,tourney,FALSE,20,elitize_generation_data,94,11,0.14,NA
96,83,replace-space-with-newline,tourney,FALSE,20,elitize_generation_data,95,19,0.166,NA
97,83,replace-space-with-newline,tourney,FALSE,20,elitize_generation_data,96,17,0.159,NA
98,83,replace-space-with-newline,tourney,FALSE,20,elitize_generation_data,97,17,0.137,NA
99,83,replace-space-with-newline,tourney,FALSE,20,elitize_generation_data,98,15,0.12,NA
100,83,replace-space-with-newline,tourney,FALSE,20,elitize_generation_data,99,17,0.123,NA
101,83,replace-space-with-newline,tourney,FALSE,20,elitize_generation_data,100,17,0.135,NA
102,83,replace-space-with-newline,tourney,FALSE,20,elitize_generation_data,101,13,0.118,NA
103,83,replace-space-with-newline,tourney,FALSE,20,elitize_generation_data,102,15,0.121,NA
104,83,replace-space-with-newline,tourney,FALSE,20,elitize_generation_data,103,14,0.115,NA
105,83,replace-space-with-newline,tourney,FALSE,20,elitize_generation_data,104,13,0.121,NA
106,83,replace-space-with-newline,tourney,FALSE,20,elitize_generation_data,105,14,0.128,NA
107,83,replace-space-with-newline,tourney,FALSE,20,elitize_generation_data,106,15,0.129,NA
108,83,replace-space-with-newline,tourney,FALSE,20,elitize_generation_data,107,14,0.129,NA
109,83,replace-space-with-newline,tourney,FALSE,20,elitize_generation_data,108,13,0.123,NA
110,83,replace-space-with-newline,tourney,FALSE,20,elitize_generation_data,109,11,0.095,NA
111,83,replace-space-with-newline,tourney,FALSE,20,elitize_generation_data,110,16,0.099,NA
112,83,replace-space-with-newline,tourney,FALSE,20,elitize_generation_data,111,13,0.107,NA
113,83,replace-space-with-newline,tourney,FALSE,20,elitize_generation_data,112,11,0.109,NA
114,83,replace-space-with-newline,tourney,FALSE,20,elitize_generation_data,113,12,0.099,NA
115,83,replace-space-with-newline,tourney,FALSE,20,elitize_generation_data,114,15,0.103,NA
116,83,replace-space-with-newline,tourney,FALSE,20,elitize_generation_data,115,14,0.106,NA
117,83,replace-space-with-newline,tourney,FALSE,20,elitize_generation_data,116,15,0.097,NA
118,83,replace-space-with-newline,tourney,FALSE,20,elitize_generation_data,117,15,0.098,NA
119,83,replace-space-with-newline,tourney,FALSE,20,elitize_generation_data,118,13,0.089,NA
120,83,replace-space-with-newline,tourney,FALSE,20,elitize_generation_data,119,14,0.098,NA
121,83,replace-space-with-newline,tourney,FALSE,20,elitize_generation_data,120,15,0.1,NA
122,83,replace-space-with-newline,tourney,FALSE,20,elitize_generation_data,121,14,0.095,NA
123,83,replace-space-with-newline,tourney,FALSE,20,elitize_generation_data,122,12,0.076,NA
124,83,replace-space-with-newline,tourney,FALSE,20,elitize_generation_data,123,13,0.101,NA
125,83,replace-space-with-newline,tourney,FALSE,20,elitize_generation_data,124,10,0.079,NA
126,83,replace-space-with-newline,tourney,FALSE,20,elitize_generation_data,125,9,0.067,NA
127,83,replace-space-with-newline,tourney,FALSE,20,elitize_generation_data,126,12,0.082,NA
128,83,replace-space-with-newline,tourney,FALSE,20,elitize_generation_data,127,12,0.091,NA
129,83,replace-space-with-newline,tourney,FALSE,20,elitize_generation_data,128,13,0.084,NA
130,83,replace-space-with-newline,tourney,FALSE,20,elitize_generation_data,129,10,0.079,NA
131,83,replace-space-with-newline,tourney,FALSE,20,elitize_generation_data,130,12,0.098,NA
132,83,replace-space-with-newline,tourney,FALSE,20,elitize_generation_data,131,15,0.092,NA
133,83,replace-space-with-newline,tourney,FALSE,20,elitize_generation_data,132,14,0.085,NA
134,83,replace-space-with-newline,tourney,FALSE,20,elitize_generation_data,133,10,0.091,NA
135,83,replace-space-with-newline,tourney,FALSE,20,elitize_generation_data,134,14,0.092,NA
136,83,replace-space-with-newline,tourney,FALSE,20,elitize_generation_data,135,15,0.084,NA
137,83,replace-space-with-newline,tourney,FALSE,20,elitize_generation_data,136,8,0.076,NA
138,83,replace-space-with-newline,tourney,FALSE,20,elitize_generation_data,137,10,0.081,NA
139,83,replace-space-with-newline,tourney,FALSE,20,elitize_generation_data,138,13,0.084,NA
140,83,replace-space-with-newline,tourney,FALSE,20,elitize_generation_data,139,10,0.089,NA
141,83,replace-space-with-newline,tourney,FALSE,20,elitize_generation_data,140,15,0.082,NA
142,83,replace-space-with-newline,tourney,FALSE,20,elitize_generation_data,141,10,0.069,NA
143,83,replace-space-with-newline,tourney,FALSE,20,elitize_generation_data,142,11,0.071,NA
144,83,replace-space-with-newline,tourney,FALSE,20,elitize_generation_data,143,10,0.084,NA
145,83,replace-space-with-newline,tourney,FALSE,20,elitize_generation_data,144,13,0.074,NA
146,83,replace-space-with-newline,tourney,FALSE,20,elitize_generation_data,145,12,0.078,NA
147,83,replace-space-with-newline,tourney,FALSE,20,elitize_generation_data,146,16,0.079,NA
148,83,replace-space-with-newline,tourney,FALSE,20,elitize_generation_data,147,17,0.08,NA
149,83,replace-space-with-newline,tourney,FALSE,20,elitize_generation_data,148,12,0.099,NA
150,83,replace-space-with-newline,tourney,FALSE,20,elitize_generation_data,149,15,0.076,NA
151,83,replace-space-with-newline,tourney,FALSE,20,elitize_generation_data,150,12,0.076,NA
152,83,replace-space-with-newline,tourney,FALSE,20,elitize_generation_data,151,16,0.076,NA
153,83,replace-space-with-newline,tourney,FALSE,20,elitize_generation_data,152,12,0.08,NA
154,83,replace-space-with-newline,tourney,FALSE,20,elitize_generation_data,153,11,0.086,NA
155,83,replace-space-with-newline,tourney,FALSE,20,elitize_generation_data,154,12,0.08,NA
156,83,replace-space-with-newline,tourney,FALSE,20,elitize_generation_data,155,11,0.072,NA
157,83,replace-space-with-newline,tourney,FALSE,20,elitize_generation_data,156,10,0.071,NA
158,83,replace-space-with-newline,tourney,FALSE,20,elitize_generation_data,157,10,0.079,NA
159,83,replace-space-with-newline,tourney,FALSE,20,elitize_generation_data,158,16,0.078,NA
160,83,replace-space-with-newline,tourney,FALSE,20,elitize_generation_data,159,12,0.084,NA
161,83,replace-space-with-newline,tourney,FALSE,20,elitize_generation_data,160,15,0.084,NA
162,83,replace-space-with-newline,tourney,FALSE,20,elitize_generation_data,161,11,0.076,NA
163,83,replace-space-with-newline,tourney,FALSE,20,elitize_generation_data,162,11,0.07,NA
164,83,replace-space-with-newline,tourney,FALSE,20,elitize_generation_data,163,16,0.079,NA
165,83,replace-space-with-newline,tourney,FALSE,20,elitize_generation_data,164,15,0.07,NA
166,83,replace-space-with-newline,tourney,FALSE,20,elitize_generation_data,165,11,0.076,NA
167,83,replace-space-with-newline,tourney,FALSE,20,elitize_generation_data,166,14,0.076,NA
168,83,replace-space-with-newline,tourney,FALSE,20,elitize_generation_data,167,14,0.073,NA
169,83,replace-space-with-newline,tourney,FALSE,20,elitize_generation_data,168,11,0.071,NA
170,83,replace-space-with-newline,tourney,FALSE,20,elitize_generation_data,169,8,0.076,NA
171,83,replace-space-with-newline,tourney,FALSE,20,elitize_generation_data,170,11,0.077,NA
172,83,replace-space-with-newline,tourney,FALSE,20,elitize_generation_data,171,13,0.062,NA
173,83,replace-space-with-newline,tourney,FALSE,20,elitize_generation_data,172,10,0.077,NA
174,83,replace-space-with-newline,tourney,FALSE,20,elitize_generation_data,173,14,0.086,NA
175,83,replace-space-with-newline,tourney,FALSE,20,elitize_generation_data,174,10,0.067,NA
176,83,replace-space-with-newline,tourney,FALSE,20,elitize_generation_data,175,14,0.078,NA
177,83,replace-space-with-newline,tourney,FALSE,20,elitize_generation_data,176,13,0.073,NA
178,83,replace-space-with-newline,tourney,FALSE,20,elitize_generation_data,177,13,0.07,NA
179,83,replace-space-with-newline,tourney,FALSE,20,elitize_generation_data,178,13,0.085,NA
180,83,replace-space-with-newline,tourney,FALSE,20,elitize_generation_data,179,17,0.082,NA
181,83,replace-space-with-newline,tourney,FALSE,20,elitize_generation_data,180,13,0.068,NA
182,83,replace-space-with-newline,tourney,FALSE,20,elitize_generation_data,181,12,0.066,NA
183,83,replace-space-with-newline,tourney,FALSE,20,elitize_generation_data,182,11,0.063,NA
184,83,replace-space-with-newline,tourney,FALSE,20,elitize_generation_data,183,14,0.078,NA
185,83,replace-space-with-newline,tourney,FALSE,20,elitize_generation_data,184,12,0.065,NA
186,83,replace-space-with-newline,tourney,FALSE,20,elitize_generation_data,185,10,0.066,NA
187,83,replace-space-with-newline,tourney,FALSE,20,elitize_generation_data,186,12,0.079,NA
188,83,replace-space-with-newline,tourney,FALSE,20,elitize_generation_data,187,7,0.069,NA
189,83,replace-space-with-newline,tourney,FALSE,20,elitize_generation_data,188,12,0.059,NA
190,83,replace-space-with-newline,tourney,FALSE,20,elitize_generation_data,189,8,0.06,NA
191,83,replace-space-with-newline,tourney,FALSE,20,elitize_generation_data,190,9,0.068,NA
192,83,replace-space-with-newline,tourney,FALSE,20,elitize_generation_data,191,14,0.065,NA
193,83,replace-space-with-newline,tourney,FALSE,20,elitize_generation_data,192,11,0.066,NA
194,83,replace-space-with-newline,tourney,FALSE,20,elitize_generation_data,193,10,0.072,NA
195,83,replace-space-with-newline,tourney,FALSE,20,elitize_generation_data,194,14,0.082,NA
196,83,replace-space-with-newline,tourney,FALSE,20,elitize_generation_data,195,11,0.07,NA
197,83,replace-space-with-newline,tourney,FALSE,20,elitize_generation_data,196,11,0.063,NA
198,83,replace-space-with-newline,tourney,FALSE,20,elitize_generation_data,197,10,0.071,NA
199,83,replace-space-with-newline,tourney,FALSE,20,elitize_generation_data,198,11,0.064,NA
200,83,replace-space-with-newline,tourney,FALSE,20,elitize_generation_data,199,8,0.074,NA
201,83,replace-space-with-newline,tourney,FALSE,20,elitize_generation_data,200,13,0.081,NA
202,83,replace-space-with-newline,tourney,FALSE,20,elitize_generation_data,201,12,0.076,NA
203,83,replace-space-with-newline,tourney,FALSE,20,elitize_generation_data,202,12,0.068,NA
204,83,replace-space-with-newline,tourney,FALSE,20,elitize_generation_data,203,11,0.066,NA
205,83,replace-space-with-newline,tourney,FALSE,20,elitize_generation_data,204,8,0.07,NA
206,83,replace-space-with-newline,tourney,FALSE,20,elitize_generation_data,205,10,0.06,NA
207,83,replace-space-with-newline,tourney,FALSE,20,elitize_generation_data,206,6,0.064,NA
208,83,replace-space-with-newline,tourney,FALSE,20,elitize_generation_data,207,12,0.07,NA
209,83,replace-space-with-newline,tourney,FALSE,20,elitize_generation_data,208,12,0.069,NA
210,83,replace-space-with-newline,tourney,FALSE,20,elitize_generation_data,209,11,0.064,NA
211,83,replace-space-with-newline,tourney,FALSE,20,elitize_generation_data,210,13,0.056,NA
212,83,replace-space-with-newline,tourney,FALSE,20,elitize_generation_data,211,11,0.055,NA
213,83,replace-space-with-newline,tourney,FALSE,20,elitize_generation_data,212,11,0.059,NA
214,83,replace-space-with-newline,tourney,FALSE,20,elitize_generation_data,213,11,0.074,NA
215,83,replace-space-with-newline,tourney,FALSE,20,elitize_generation_data,214,12,0.059,NA
216,83,replace-space-with-newline,tourney,FALSE,20,elitize_generation_data,215,13,0.068,NA
217,83,replace-space-with-newline,tourney,FALSE,20,elitize_generation_data,216,15,0.067,NA
218,83,replace-space-with-newline,tourney,FALSE,20,elitize_generation_data,217,17,0.061,NA
219,83,replace-space-with-newline,tourney,FALSE,20,elitize_generation_data,218,13,0.072,NA
220,83,replace-space-with-newline,tourney,FALSE,20,elitize_generation_data,219,12,0.065,NA
221,83,replace-space-with-newline,tourney,FALSE,20,elitize_generation_data,220,11,0.053,NA
222,83,replace-space-with-newline,tourney,FALSE,20,elitize_generation_data,221,12,0.057,NA
223,83,replace-space-with-newline,tourney,FALSE,20,elitize_generation_data,222,9,0.059,NA
224,83,replace-space-with-newline,tourney,FALSE,20,elitize_generation_data,223,10,0.061,NA
225,83,replace-space-with-newline,tourney,FALSE,20,elitize_generation_data,224,14,0.075,NA
226,83,replace-space-with-newline,tourney,FALSE,20,elitize_generation_data,225,11,0.052,NA
227,83,replace-space-with-newline,tourney,FALSE,20,elitize_generation_data,226,7,0.06,NA
228,83,replace-space-with-newline,tourney,FALSE,20,elitize_generation_data,227,10,0.04,NA
229,83,replace-space-with-newline,tourney,FALSE,20,elitize_generation_data,228,9,0.057,NA
230,83,replace-space-with-newline,tourney,FALSE,20,elitize_generation_data,229,11,0.046,NA
231,83,replace-space-with-newline,tourney,FALSE,20,elitize_generation_data,230,10,0.046,NA
232,83,replace-space-with-newline,tourney,FALSE,20,elitize_generation_data,231,11,0.05,NA
233,83,replace-space-with-newline,tourney,FALSE,20,elitize_generation_data,232,13,0.06,NA
234,83,replace-space-with-newline,tourney,FALSE,20,elitize_generation_data,233,8,0.05,NA
235,83,replace-space-with-newline,tourney,FALSE,20,elitize_generation_data,234,9,0.055,NA
236,83,replace-space-with-newline,tourney,FALSE,20,elitize_generation_data,235,12,0.05,NA
237,83,replace-space-with-newline,tourney,FALSE,20,elitize_generation_data,236,10,0.046,NA
238,83,replace-space-with-newline,tourney,FALSE,20,elitize_generation_data,237,10,0.052,NA
239,83,replace-space-with-newline,tourney,FALSE,20,elitize_generation_data,238,12,0.045,NA
240,83,replace-space-with-newline,tourney,FALSE,20,elitize_generation_data,239,7,0.06,NA
241,83,replace-space-with-newline,tourney,FALSE,20,elitize_generation_data,240,12,0.059,NA
242,83,replace-space-with-newline,tourney,FALSE,20,elitize_generation_data,241,12,0.055,NA
243,83,replace-space-with-newline,tourney,FALSE,20,elitize_generation_data,242,12,0.049,NA
244,83,replace-space-with-newline,tourney,FALSE,20,elitize_generation_data,243,10,0.052,NA
245,83,replace-space-with-newline,tourney,FALSE,20,elitize_generation_data,244,9,0.055,NA
246,83,replace-space-with-newline,tourney,FALSE,20,elitize_generation_data,245,11,0.059,NA
247,83,replace-space-with-newline,tourney,FALSE,20,elitize_generation_data,246,12,0.051,NA
248,83,replace-space-with-newline,tourney,FALSE,20,elitize_generation_data,247,10,0.039,NA
249,83,replace-space-with-newline,tourney,FALSE,20,elitize_generation_data,248,11,0.052,NA
250,83,replace-space-with-newline,tourney,FALSE,20,elitize_generation_data,249,14,0.061,NA
251,83,replace-space-with-newline,tourney,FALSE,20,elitize_generation_data,250,13,0.054,NA
252,83,replace-space-with-newline,tourney,FALSE,20,elitize_generation_data,251,13,0.056,NA
253,83,replace-space-with-newline,tourney,FALSE,20,elitize_generation_data,252,9,0.055,NA
254,83,replace-space-with-newline,tourney,FALSE,20,elitize_generation_data,253,12,0.049,NA
255,83,replace-space-with-newline,tourney,FALSE,20,elitize_generation_data,254,11,0.055,NA
256,83,replace-space-with-newline,tourney,FALSE,20,elitize_generation_data,255,12,0.046,NA
257,83,replace-space-with-newline,tourney,FALSE,20,elitize_generation_data,256,11,0.05,NA
258,83,replace-space-with-newline,tourney,FALSE,20,elitize_generation_data,257,12,0.051,NA
259,83,replace-space-with-newline,tourney,FALSE,20,elitize_generation_data,258,14,0.064,NA
260,83,replace-space-with-newline,tourney,FALSE,20,elitize_generation_data,259,11,0.051,NA
261,83,replace-space-with-newline,tourney,FALSE,20,elitize_generation_data,260,12,0.041,NA
262,83,replace-space-with-newline,tourney,FALSE,20,elitize_generation_data,261,12,0.042,NA
263,83,replace-space-with-newline,tourney,FALSE,20,elitize_generation_data,262,8,0.049,NA
264,83,replace-space-with-newline,tourney,FALSE,20,elitize_generation_data,263,12,0.054,NA
265,83,replace-space-with-newline,tourney,FALSE,20,elitize_generation_data,264,8,0.045,NA
266,83,replace-space-with-newline,tourney,FALSE,20,elitize_generation_data,265,7,0.047,NA
267,83,replace-space-with-newline,tourney,FALSE,20,elitize_generation_data,266,14,0.051,NA
268,83,replace-space-with-newline,tourney,FALSE,20,elitize_generation_data,267,13,0.045,NA
269,83,replace-space-with-newline,tourney,FALSE,20,elitize_generation_data,268,11,0.05,NA
270,83,replace-space-with-newline,tourney,FALSE,20,elitize_generation_data,269,14,0.047,NA
271,83,replace-space-with-newline,tourney,FALSE,20,elitize_generation_data,270,8,0.044,NA
272,83,replace-space-with-newline,tourney,FALSE,20,elitize_generation_data,271,9,0.052,NA
273,83,replace-space-with-newline,tourney,FALSE,20,elitize_generation_data,272,6,0.043,NA
274,83,replace-space-with-newline,tourney,FALSE,20,elitize_generation_data,273,12,0.046,NA
275,83,replace-space-with-newline,tourney,FALSE,20,elitize_generation_data,274,9,0.045,NA
276,83,replace-space-with-newline,tourney,FALSE,20,elitize_generation_data,275,7,0.042,NA
277,83,replace-space-with-newline,tourney,FALSE,20,elitize_generation_data,276,11,0.047,NA
278,83,replace-space-with-newline,tourney,FALSE,20,elitize_generation_data,277,8,0.037,NA
279,83,replace-space-with-newline,tourney,FALSE,20,elitize_generation_data,278,11,0.041,NA
280,83,replace-space-with-newline,tourney,FALSE,20,elitize_generation_data,279,9,0.041,NA
281,83,replace-space-with-newline,tourney,FALSE,20,elitize_generation_data,280,10,0.049,NA
282,83,replace-space-with-newline,tourney,FALSE,20,elitize_generation_data,281,11,0.05,NA
283,83,replace-space-with-newline,tourney,FALSE,20,elitize_generation_data,282,12,0.046,NA
284,83,replace-space-with-newline,tourney,FALSE,20,elitize_generation_data,283,8,0.042,NA
285,83,replace-space-with-newline,tourney,FALSE,20,elitize_generation_data,284,12,0.04,NA
286,83,replace-space-with-newline,tourney,FALSE,20,elitize_generation_data,285,8,0.033,NA
287,83,replace-space-with-newline,tourney,FALSE,20,elitize_generation_data,286,8,0.048,NA
288,83,replace-space-with-newline,tourney,FALSE,20,elitize_generation_data,287,9,0.045,NA
289,83,replace-space-with-newline,tourney,FALSE,20,elitize_generation_data,288,9,0.042,NA
290,83,replace-space-with-newline,tourney,FALSE,20,elitize_generation_data,289,13,0.037,NA
291,83,replace-space-with-newline,tourney,FALSE,20,elitize_generation_data,290,12,0.041,NA
292,83,replace-space-with-newline,tourney,FALSE,20,elitize_generation_data,291,9,0.043,NA
293,83,replace-space-with-newline,tourney,FALSE,20,elitize_generation_data,292,10,0.051,NA
294,83,replace-space-with-newline,tourney,FALSE,20,elitize_generation_data,293,8,0.043,NA
295,83,replace-space-with-newline,tourney,FALSE,20,elitize_generation_data,294,9,0.042,NA
296,83,replace-space-with-newline,tourney,FALSE,20,elitize_generation_data,295,10,0.043,NA
297,83,replace-space-with-newline,tourney,FALSE,20,elitize_generation_data,296,8,0.045,NA
298,83,replace-space-with-newline,tourney,FALSE,20,elitize_generation_data,297,10,0.041,NA
299,83,replace-space-with-newline,tourney,FALSE,20,elitize_generation_data,298,8,0.042,NA
300,83,replace-space-with-newline,tourney,FALSE,20,elitize_generation_data,299,14,0.051,NA
301,83,replace-space-with-newline,tourney,FALSE,20,elitize_generation_data,300,15,0.048,NA
