,run.num,problem,treatment,succeeded,height,normalization.function,generation,cluster.count,error.diversity,success.generation
1,64,replace-space-with-newline,tourney,TRUE,20,elitize_generation_data,0,5,0.503,228
2,64,replace-space-with-newline,tourney,TRUE,20,elitize_generation_data,1,5,0.377,228
3,64,replace-space-with-newline,tourney,TRUE,20,elitize_generation_data,2,6,0.234,228
4,64,replace-space-with-newline,tourney,TRUE,20,elitize_generation_data,3,5,0.195,228
5,64,replace-space-with-newline,tourney,TRUE,20,elitize_generation_data,4,7,0.168,228
6,64,replace-space-with-newline,tourney,TRUE,20,elitize_generation_data,5,7,0.169,228
7,64,replace-space-with-newline,tourney,TRUE,20,elitize_generation_data,6,8,0.165,228
8,64,replace-space-with-newline,tourney,TRUE,20,elitize_generation_data,7,6,0.13,228
9,64,replace-space-with-newline,tourney,TRUE,20,elitize_generation_data,8,6,0.072,228
10,64,replace-space-with-newline,tourney,TRUE,20,elitize_generation_data,9,6,0.057,228
11,64,replace-space-with-newline,tourney,TRUE,20,elitize_generation_data,10,5,0.074,228
12,64,replace-space-with-newline,tourney,TRUE,20,elitize_generation_data,11,5,0.063,228
13,64,replace-space-with-newline,tourney,TRUE,20,elitize_generation_data,12,6,0.063,228
14,64,replace-space-with-newline,tourney,TRUE,20,elitize_generation_data,13,8,0.073,228
15,64,replace-space-with-newline,tourney,TRUE,20,elitize_generation_data,14,8,0.076,228
16,64,replace-space-with-newline,tourney,TRUE,20,elitize_generation_data,15,6,0.064,228
17,64,replace-space-with-newline,tourney,TRUE,20,elitize_generation_data,16,8,0.101,228
18,64,replace-space-with-newline,tourney,TRUE,20,elitize_generation_data,17,7,0.109,228
19,64,replace-space-with-newline,tourney,TRUE,20,elitize_generation_data,18,9,0.1,228
20,64,replace-space-with-newline,tourney,TRUE,20,elitize_generation_data,19,7,0.085,228
21,64,replace-space-with-newline,tourney,TRUE,20,elitize_generation_data,20,10,0.065,228
22,64,replace-space-with-newline,tourney,TRUE,20,elitize_generation_data,21,10,0.073,228
23,64,replace-space-with-newline,tourney,TRUE,20,elitize_generation_data,22,9,0.082,228
24,64,replace-space-with-newline,tourney,TRUE,20,elitize_generation_data,23,14,0.089,228
25,64,replace-space-with-newline,tourney,TRUE,20,elitize_generation_data,24,13,0.095,228
26,64,replace-space-with-newline,tourney,TRUE,20,elitize_generation_data,25,19,0.095,228
27,64,replace-space-with-newline,tourney,TRUE,20,elitize_generation_data,26,13,0.096,228
28,64,replace-space-with-newline,tourney,TRUE,20,elitize_generation_data,27,15,0.09,228
29,64,replace-space-with-newline,tourney,TRUE,20,elitize_generation_data,28,14,0.104,228
30,64,replace-space-with-newline,tourney,TRUE,20,elitize_generation_data,29,15,0.097,228
31,64,replace-space-with-newline,tourney,TRUE,20,elitize_generation_data,30,16,0.096,228
32,64,replace-space-with-newline,tourney,TRUE,20,elitize_generation_data,31,19,0.109,228
33,64,replace-space-with-newline,tourney,TRUE,20,elitize_generation_data,32,15,0.12,228
34,64,replace-space-with-newline,tourney,TRUE,20,elitize_generation_data,33,16,0.121,228
35,64,replace-space-with-newline,tourney,TRUE,20,elitize_generation_data,34,14,0.109,228
36,64,replace-space-with-newline,tourney,TRUE,20,elitize_generation_data,35,13,0.108,228
37,64,replace-space-with-newline,tourney,TRUE,20,elitize_generation_data,36,12,0.101,228
38,64,replace-space-with-newline,tourney,TRUE,20,elitize_generation_data,37,14,0.094,228
39,64,replace-space-with-newline,tourney,TRUE,20,elitize_generation_data,38,14,0.104,228
40,64,replace-space-with-newline,tourney,TRUE,20,elitize_generation_data,39,16,0.107,228
41,64,replace-space-with-newline,tourney,TRUE,20,elitize_generation_data,40,11,0.105,228
42,64,replace-space-with-newline,tourney,TRUE,20,elitize_generation_data,41,13,0.101,228
43,64,replace-space-with-newline,tourney,TRUE,20,elitize_generation_data,42,12,0.103,228
44,64,replace-space-with-newline,tourney,TRUE,20,elitize_generation_data,43,12,0.104,228
45,64,replace-space-with-newline,tourney,TRUE,20,elitize_generation_data,44,13,0.097,228
46,64,replace-space-with-newline,tourney,TRUE,20,elitize_generation_data,45,14,0.129,228
47,64,replace-space-with-newline,tourney,TRUE,20,elitize_generation_data,46,11,0.108,228
48,64,replace-space-with-newline,tourney,TRUE,20,elitize_generation_data,47,13,0.099,228
49,64,replace-space-with-newline,tourney,TRUE,20,elitize_generation_data,48,16,0.111,228
50,64,replace-space-with-newline,tourney,TRUE,20,elitize_generation_data,49,15,0.099,228
51,64,replace-space-with-newline,tourney,TRUE,20,elitize_generation_data,50,13,0.102,228
52,64,replace-space-with-newline,tourney,TRUE,20,elitize_generation_data,51,14,0.1,228
53,64,replace-space-with-newline,tourney,TRUE,20,elitize_generation_data,52,15,0.113,228
54,64,replace-space-with-newline,tourney,TRUE,20,elitize_generation_data,53,14,0.129,228
55,64,replace-space-with-newline,tourney,TRUE,20,elitize_generation_data,54,15,0.117,228
56,64,replace-space-with-newline,tourney,TRUE,20,elitize_generation_data,55,17,0.133,228
57,64,replace-space-with-newline,tourney,TRUE,20,elitize_generation_data,56,16,0.105,228
58,64,replace-space-with-newline,tourney,TRUE,20,elitize_generation_data,57,17,0.122,228
59,64,replace-space-with-newline,tourney,TRUE,20,elitize_generation_data,58,17,0.124,228
60,64,replace-space-with-newline,tourney,TRUE,20,elitize_generation_data,59,15,0.107,228
61,64,replace-space-with-newline,tourney,TRUE,20,elitize_generation_data,60,16,0.109,228
62,64,replace-space-with-newline,tourney,TRUE,20,elitize_generation_data,61,16,0.11,228
63,64,replace-space-with-newline,tourney,TRUE,20,elitize_generation_data,62,14,0.118,228
64,64,replace-space-with-newline,tourney,TRUE,20,elitize_generation_data,63,15,0.108,228
65,64,replace-space-with-newline,tourney,TRUE,20,elitize_generation_data,64,15,0.111,228
66,64,replace-space-with-newline,tourney,TRUE,20,elitize_generation_data,65,15,0.117,228
67,64,replace-space-with-newline,tourney,TRUE,20,elitize_generation_data,66,16,0.113,228
68,64,replace-space-with-newline,tourney,TRUE,20,elitize_generation_data,67,18,0.112,228
69,64,replace-space-with-newline,tourney,TRUE,20,elitize_generation_data,68,19,0.122,228
70,64,replace-space-with-newline,tourney,TRUE,20,elitize_generation_data,69,14,0.108,228
71,64,replace-space-with-newline,tourney,TRUE,20,elitize_generation_data,70,15,0.117,228
72,64,replace-space-with-newline,tourney,TRUE,20,elitize_generation_data,71,16,0.132,228
73,64,replace-space-with-newline,tourney,TRUE,20,elitize_generation_data,72,15,0.129,228
74,64,replace-space-with-newline,tourney,TRUE,20,elitize_generation_data,73,21,0.133,228
75,64,replace-space-with-newline,tourney,TRUE,20,elitize_generation_data,74,20,0.14,228
76,64,replace-space-with-newline,tourney,TRUE,20,elitize_generation_data,75,21,0.15,228
77,64,replace-space-with-newline,tourney,TRUE,20,elitize_generation_data,76,22,0.166,228
78,64,replace-space-with-newline,tourney,TRUE,20,elitize_generation_data,77,14,0.117,228
79,64,replace-space-with-newline,tourney,TRUE,20,elitize_generation_data,78,21,0.141,228
80,64,replace-space-with-newline,tourney,TRUE,20,elitize_generation_data,79,21,0.156,228
81,64,replace-space-with-newline,tourney,TRUE,20,elitize_generation_data,80,22,0.152,228
82,64,replace-space-with-newline,tourney,TRUE,20,elitize_generation_data,81,20,0.147,228
83,64,replace-space-with-newline,tourney,TRUE,20,elitize_generation_data,82,22,0.143,228
84,64,replace-space-with-newline,tourney,TRUE,20,elitize_generation_data,83,22,0.159,228
85,64,replace-space-with-newline,tourney,TRUE,20,elitize_generation_data,84,21,0.166,228
86,64,replace-space-with-newline,tourney,TRUE,20,elitize_generation_data,85,22,0.164,228
87,64,replace-space-with-newline,tourney,TRUE,20,elitize_generation_data,86,21,0.149,228
88,64,replace-space-with-newline,tourney,TRUE,20,elitize_generation_data,87,24,0.175,228
89,64,replace-space-with-newline,tourney,TRUE,20,elitize_generation_data,88,28,0.213,228
90,64,replace-space-with-newline,tourney,TRUE,20,elitize_generation_data,89,28,0.225,228
91,64,replace-space-with-newline,tourney,TRUE,20,elitize_generation_data,90,25,0.207,228
92,64,replace-space-with-newline,tourney,TRUE,20,elitize_generation_data,91,36,0.239,228
93,64,replace-space-with-newline,tourney,TRUE,20,elitize_generation_data,92,33,0.25,228
94,64,replace-space-with-newline,tourney,TRUE,20,elitize_generation_data,93,30,0.244,228
95,64,replace-space-with-newline,tourney,TRUE,20,elitize_generation_data,94,28,0.238,228
96,64,replace-space-with-newline,tourney,TRUE,20,elitize_generation_data,95,26,0.243,228
97,64,replace-space-with-newline,tourney,TRUE,20,elitize_generation_data,96,26,0.25,228
98,64,replace-space-with-newline,tourney,TRUE,20,elitize_generation_data,97,23,0.249,228
99,64,replace-space-with-newline,tourney,TRUE,20,elitize_generation_data,98,34,0.299,228
100,64,replace-space-with-newline,tourney,TRUE,20,elitize_generation_data,99,34,0.295,228
101,64,replace-space-with-newline,tourney,TRUE,20,elitize_generation_data,100,30,0.302,228
102,64,replace-space-with-newline,tourney,TRUE,20,elitize_generation_data,101,40,0.309,228
103,64,replace-space-with-newline,tourney,TRUE,20,elitize_generation_data,102,28,0.29,228
104,64,replace-space-with-newline,tourney,TRUE,20,elitize_generation_data,103,27,0.277,228
105,64,replace-space-with-newline,tourney,TRUE,20,elitize_generation_data,104,32,0.273,228
106,64,replace-space-with-newline,tourney,TRUE,20,elitize_generation_data,105,30,0.266,228
107,64,replace-space-with-newline,tourney,TRUE,20,elitize_generation_data,106,35,0.261,228
108,64,replace-space-with-newline,tourney,TRUE,20,elitize_generation_data,107,27,0.248,228
109,64,replace-space-with-newline,tourney,TRUE,20,elitize_generation_data,108,32,0.279,228
110,64,replace-space-with-newline,tourney,TRUE,20,elitize_generation_data,109,28,0.256,228
111,64,replace-space-with-newline,tourney,TRUE,20,elitize_generation_data,110,22,0.286,228
112,64,replace-space-with-newline,tourney,TRUE,20,elitize_generation_data,111,32,0.273,228
113,64,replace-space-with-newline,tourney,TRUE,20,elitize_generation_data,112,14,0.28,228
114,64,replace-space-with-newline,tourney,TRUE,20,elitize_generation_data,113,36,0.263,228
115,64,replace-space-with-newline,tourney,TRUE,20,elitize_generation_data,114,34,0.252,228
116,64,replace-space-with-newline,tourney,TRUE,20,elitize_generation_data,115,32,0.273,228
117,64,replace-space-with-newline,tourney,TRUE,20,elitize_generation_data,116,32,0.266,228
118,64,replace-space-with-newline,tourney,TRUE,20,elitize_generation_data,117,33,0.272,228
119,64,replace-space-with-newline,tourney,TRUE,20,elitize_generation_data,118,30,0.244,228
120,64,replace-space-with-newline,tourney,TRUE,20,elitize_generation_data,119,36,0.236,228
121,64,replace-space-with-newline,tourney,TRUE,20,elitize_generation_data,120,29,0.262,228
122,64,replace-space-with-newline,tourney,TRUE,20,elitize_generation_data,121,36,0.276,228
123,64,replace-space-with-newline,tourney,TRUE,20,elitize_generation_data,122,37,0.274,228
124,64,replace-space-with-newline,tourney,TRUE,20,elitize_generation_data,123,44,0.253,228
125,64,replace-space-with-newline,tourney,TRUE,20,elitize_generation_data,124,34,0.206,228
126,64,replace-space-with-newline,tourney,TRUE,20,elitize_generation_data,125,34,0.195,228
127,64,replace-space-with-newline,tourney,TRUE,20,elitize_generation_data,126,27,0.169,228
128,64,replace-space-with-newline,tourney,TRUE,20,elitize_generation_data,127,21,0.157,228
129,64,replace-space-with-newline,tourney,TRUE,20,elitize_generation_data,128,30,0.161,228
130,64,replace-space-with-newline,tourney,TRUE,20,elitize_generation_data,129,31,0.17,228
131,64,replace-space-with-newline,tourney,TRUE,20,elitize_generation_data,130,23,0.14,228
132,64,replace-space-with-newline,tourney,TRUE,20,elitize_generation_data,131,29,0.158,228
133,64,replace-space-with-newline,tourney,TRUE,20,elitize_generation_data,132,28,0.142,228
134,64,replace-space-with-newline,tourney,TRUE,20,elitize_generation_data,133,24,0.149,228
135,64,replace-space-with-newline,tourney,TRUE,20,elitize_generation_data,134,30,0.167,228
136,64,replace-space-with-newline,tourney,TRUE,20,elitize_generation_data,135,31,0.151,228
137,64,replace-space-with-newline,tourney,TRUE,20,elitize_generation_data,136,21,0.133,228
138,64,replace-space-with-newline,tourney,TRUE,20,elitize_generation_data,137,29,0.157,228
139,64,replace-space-with-newline,tourney,TRUE,20,elitize_generation_data,138,27,0.141,228
140,64,replace-space-with-newline,tourney,TRUE,20,elitize_generation_data,139,22,0.14,228
141,64,replace-space-with-newline,tourney,TRUE,20,elitize_generation_data,140,21,0.149,228
142,64,replace-space-with-newline,tourney,TRUE,20,elitize_generation_data,141,20,0.13,228
143,64,replace-space-with-newline,tourney,TRUE,20,elitize_generation_data,142,22,0.126,228
144,64,replace-space-with-newline,tourney,TRUE,20,elitize_generation_data,143,17,0.127,228
145,64,replace-space-with-newline,tourney,TRUE,20,elitize_generation_data,144,23,0.143,228
146,64,replace-space-with-newline,tourney,TRUE,20,elitize_generation_data,145,29,0.134,228
147,64,replace-space-with-newline,tourney,TRUE,20,elitize_generation_data,146,19,0.117,228
148,64,replace-space-with-newline,tourney,TRUE,20,elitize_generation_data,147,22,0.121,228
149,64,replace-space-with-newline,tourney,TRUE,20,elitize_generation_data,148,20,0.117,228
150,64,replace-space-with-newline,tourney,TRUE,20,elitize_generation_data,149,29,0.122,228
151,64,replace-space-with-newline,tourney,TRUE,20,elitize_generation_data,150,23,0.133,228
152,64,replace-space-with-newline,tourney,TRUE,20,elitize_generation_data,151,18,0.122,228
153,64,replace-space-with-newline,tourney,TRUE,20,elitize_generation_data,152,22,0.126,228
154,64,replace-space-with-newline,tourney,TRUE,20,elitize_generation_data,153,19,0.123,228
155,64,replace-space-with-newline,tourney,TRUE,20,elitize_generation_data,154,22,0.135,228
156,64,replace-space-with-newline,tourney,TRUE,20,elitize_generation_data,155,22,0.123,228
157,64,replace-space-with-newline,tourney,TRUE,20,elitize_generation_data,156,26,0.125,228
158,64,replace-space-with-newline,tourney,TRUE,20,elitize_generation_data,157,23,0.137,228
159,64,replace-space-with-newline,tourney,TRUE,20,elitize_generation_data,158,19,0.115,228
160,64,replace-space-with-newline,tourney,TRUE,20,elitize_generation_data,159,18,0.116,228
161,64,replace-space-with-newline,tourney,TRUE,20,elitize_generation_data,160,20,0.118,228
162,64,replace-space-with-newline,tourney,TRUE,20,elitize_generation_data,161,24,0.119,228
163,64,replace-space-with-newline,tourney,TRUE,20,elitize_generation_data,162,22,0.14,228
164,64,replace-space-with-newline,tourney,TRUE,20,elitize_generation_data,163,22,0.109,228
165,64,replace-space-with-newline,tourney,TRUE,20,elitize_generation_data,164,17,0.122,228
166,64,replace-space-with-newline,tourney,TRUE,20,elitize_generation_data,165,27,0.129,228
167,64,replace-space-with-newline,tourney,TRUE,20,elitize_generation_data,166,19,0.124,228
168,64,replace-space-with-newline,tourney,TRUE,20,elitize_generation_data,167,22,0.136,228
169,64,replace-space-with-newline,tourney,TRUE,20,elitize_generation_data,168,18,0.11,228
170,64,replace-space-with-newline,tourney,TRUE,20,elitize_generation_data,169,18,0.105,228
171,64,replace-space-with-newline,tourney,TRUE,20,elitize_generation_data,170,18,0.111,228
172,64,replace-space-with-newline,tourney,TRUE,20,elitize_generation_data,171,17,0.103,228
173,64,replace-space-with-newline,tourney,TRUE,20,elitize_generation_data,172,24,0.113,228
174,64,replace-space-with-newline,tourney,TRUE,20,elitize_generation_data,173,18,0.099,228
175,64,replace-space-with-newline,tourney,TRUE,20,elitize_generation_data,174,17,0.11,228
176,64,replace-space-with-newline,tourney,TRUE,20,elitize_generation_data,175,22,0.128,228
177,64,replace-space-with-newline,tourney,TRUE,20,elitize_generation_data,176,19,0.103,228
178,64,replace-space-with-newline,tourney,TRUE,20,elitize_generation_data,177,19,0.1,228
179,64,replace-space-with-newline,tourney,TRUE,20,elitize_generation_data,178,23,0.098,228
180,64,replace-space-with-newline,tourney,TRUE,20,elitize_generation_data,179,22,0.108,228
181,64,replace-space-with-newline,tourney,TRUE,20,elitize_generation_data,180,13,0.085,228
182,64,replace-space-with-newline,tourney,TRUE,20,elitize_generation_data,181,16,0.079,228
183,64,replace-space-with-newline,tourney,TRUE,20,elitize_generation_data,182,14,0.108,228
184,64,replace-space-with-newline,tourney,TRUE,20,elitize_generation_data,183,18,0.093,228
185,64,replace-space-with-newline,tourney,TRUE,20,elitize_generation_data,184,14,0.101,228
186,64,replace-space-with-newline,tourney,TRUE,20,elitize_generation_data,185,19,0.094,228
187,64,replace-space-with-newline,tourney,TRUE,20,elitize_generation_data,186,21,0.096,228
188,64,replace-space-with-newline,tourney,TRUE,20,elitize_generation_data,187,13,0.075,228
189,64,replace-space-with-newline,tourney,TRUE,20,elitize_generation_data,188,25,0.097,228
190,64,replace-space-with-newline,tourney,TRUE,20,elitize_generation_data,189,16,0.098,228
191,64,replace-space-with-newline,tourney,TRUE,20,elitize_generation_data,190,14,0.093,228
192,64,replace-space-with-newline,tourney,TRUE,20,elitize_generation_data,191,14,0.095,228
193,64,replace-space-with-newline,tourney,TRUE,20,elitize_generation_data,192,11,0.092,228
194,64,replace-space-with-newline,tourney,TRUE,20,elitize_generation_data,193,17,0.085,228
195,64,replace-space-with-newline,tourney,TRUE,20,elitize_generation_data,194,13,0.089,228
196,64,replace-space-with-newline,tourney,TRUE,20,elitize_generation_data,195,12,0.082,228
197,64,replace-space-with-newline,tourney,TRUE,20,elitize_generation_data,196,14,0.094,228
198,64,replace-space-with-newline,tourney,TRUE,20,elitize_generation_data,197,18,0.081,228
199,64,replace-space-with-newline,tourney,TRUE,20,elitize_generation_data,198,12,0.079,228
200,64,replace-space-with-newline,tourney,TRUE,20,elitize_generation_data,199,14,0.07,228
201,64,replace-space-with-newline,tourney,TRUE,20,elitize_generation_data,200,15,0.088,228
202,64,replace-space-with-newline,tourney,TRUE,20,elitize_generation_data,201,12,0.096,228
203,64,replace-space-with-newline,tourney,TRUE,20,elitize_generation_data,202,19,0.07,228
204,64,replace-space-with-newline,tourney,TRUE,20,elitize_generation_data,203,15,0.064,228
205,64,replace-space-with-newline,tourney,TRUE,20,elitize_generation_data,204,19,0.077,228
206,64,replace-space-with-newline,tourney,TRUE,20,elitize_generation_data,205,12,0.065,228
207,64,replace-space-with-newline,tourney,TRUE,20,elitize_generation_data,206,16,0.074,228
208,64,replace-space-with-newline,tourney,TRUE,20,elitize_generation_data,207,15,0.065,228
209,64,replace-space-with-newline,tourney,TRUE,20,elitize_generation_data,208,15,0.07,228
210,64,replace-space-with-newline,tourney,TRUE,20,elitize_generation_data,209,16,0.063,228
211,64,replace-space-with-newline,tourney,TRUE,20,elitize_generation_data,210,14,0.066,228
212,64,replace-space-with-newline,tourney,TRUE,20,elitize_generation_data,211,11,0.069,228
213,64,replace-space-with-newline,tourney,TRUE,20,elitize_generation_data,212,12,0.055,228
214,64,replace-space-with-newline,tourney,TRUE,20,elitize_generation_data,213,14,0.059,228
215,64,replace-space-with-newline,tourney,TRUE,20,elitize_generation_data,214,16,0.071,228
216,64,replace-space-with-newline,tourney,TRUE,20,elitize_generation_data,215,16,0.077,228
217,64,replace-space-with-newline,tourney,TRUE,20,elitize_generation_data,216,14,0.072,228
218,64,replace-space-with-newline,tourney,TRUE,20,elitize_generation_data,217,16,0.06,228
219,64,replace-space-with-newline,tourney,TRUE,20,elitize_generation_data,218,10,0.054,228
220,64,replace-space-with-newline,tourney,TRUE,20,elitize_generation_data,219,14,0.058,228
221,64,replace-space-with-newline,tourney,TRUE,20,elitize_generation_data,220,12,0.06,228
222,64,replace-space-with-newline,tourney,TRUE,20,elitize_generation_data,221,11,0.065,228
223,64,replace-space-with-newline,tourney,TRUE,20,elitize_generation_data,222,12,0.069,228
224,64,replace-space-with-newline,tourney,TRUE,20,elitize_generation_data,223,18,0.059,228
225,64,replace-space-with-newline,tourney,TRUE,20,elitize_generation_data,224,15,0.06,228
226,64,replace-space-with-newline,tourney,TRUE,20,elitize_generation_data,225,13,0.064,228
227,64,replace-space-with-newline,tourney,TRUE,20,elitize_generation_data,226,16,0.059,228
228,64,replace-space-with-newline,tourney,TRUE,20,elitize_generation_data,227,14,0.053,228
229,64,replace-space-with-newline,tourney,TRUE,20,elitize_generation_data,228,12,0.058,228
