,run.num,problem,treatment,succeeded,height,normalization.function,generation,cluster.count,error.diversity,success.generation
1,28,replace-space-with-newline,tourney,FALSE,20,elitize_generation_data,0,6,0.454,NA
2,28,replace-space-with-newline,tourney,FALSE,20,elitize_generation_data,1,6,0.359,NA
3,28,replace-space-with-newline,tourney,FALSE,20,elitize_generation_data,2,7,0.254,NA
4,28,replace-space-with-newline,tourney,FALSE,20,elitize_generation_data,3,9,0.297,NA
5,28,replace-space-with-newline,tourney,FALSE,20,elitize_generation_data,4,9,0.347,NA
6,28,replace-space-with-newline,tourney,FALSE,20,elitize_generation_data,5,12,0.276,NA
7,28,replace-space-with-newline,tourney,FALSE,20,elitize_generation_data,6,13,0.262,NA
8,28,replace-space-with-newline,tourney,FALSE,20,elitize_generation_data,7,18,0.197,NA
9,28,replace-space-with-newline,tourney,FALSE,20,elitize_generation_data,8,27,0.167,NA
10,28,replace-space-with-newline,tourney,FALSE,20,elitize_generation_data,9,21,0.192,NA
11,28,replace-space-with-newline,tourney,FALSE,20,elitize_generation_data,10,20,0.146,NA
12,28,replace-space-with-newline,tourney,FALSE,20,elitize_generation_data,11,20,0.125,NA
13,28,replace-space-with-newline,tourney,FALSE,20,elitize_generation_data,12,15,0.127,NA
14,28,replace-space-with-newline,tourney,FALSE,20,elitize_generation_data,13,17,0.117,NA
15,28,replace-space-with-newline,tourney,FALSE,20,elitize_generation_data,14,19,0.148,NA
16,28,replace-space-with-newline,tourney,FALSE,20,elitize_generation_data,15,15,0.142,NA
17,28,replace-space-with-newline,tourney,FALSE,20,elitize_generation_data,16,24,0.178,NA
18,28,replace-space-with-newline,tourney,FALSE,20,elitize_generation_data,17,19,0.144,NA
19,28,replace-space-with-newline,tourney,FALSE,20,elitize_generation_data,18,20,0.146,NA
20,28,replace-space-with-newline,tourney,FALSE,20,elitize_generation_data,19,23,0.149,NA
21,28,replace-space-with-newline,tourney,FALSE,20,elitize_generation_data,20,22,0.147,NA
22,28,replace-space-with-newline,tourney,FALSE,20,elitize_generation_data,21,22,0.151,NA
23,28,replace-space-with-newline,tourney,FALSE,20,elitize_generation_data,22,25,0.167,NA
24,28,replace-space-with-newline,tourney,FALSE,20,elitize_generation_data,23,32,0.195,NA
25,28,replace-space-with-newline,tourney,FALSE,20,elitize_generation_data,24,34,0.208,NA
26,28,replace-space-with-newline,tourney,FALSE,20,elitize_generation_data,25,28,0.233,NA
27,28,replace-space-with-newline,tourney,FALSE,20,elitize_generation_data,26,31,0.243,NA
28,28,replace-space-with-newline,tourney,FALSE,20,elitize_generation_data,27,31,0.201,NA
29,28,replace-space-with-newline,tourney,FALSE,20,elitize_generation_data,28,28,0.146,NA
30,28,replace-space-with-newline,tourney,FALSE,20,elitize_generation_data,29,23,0.142,NA
31,28,replace-space-with-newline,tourney,FALSE,20,elitize_generation_data,30,27,0.152,NA
32,28,replace-space-with-newline,tourney,FALSE,20,elitize_generation_data,31,34,0.193,NA
33,28,replace-space-with-newline,tourney,FALSE,20,elitize_generation_data,32,33,0.144,NA
34,28,replace-space-with-newline,tourney,FALSE,20,elitize_generation_data,33,27,0.157,NA
35,28,replace-space-with-newline,tourney,FALSE,20,elitize_generation_data,34,39,0.192,NA
36,28,replace-space-with-newline,tourney,FALSE,20,elitize_generation_data,35,37,0.24,NA
37,28,replace-space-with-newline,tourney,FALSE,20,elitize_generation_data,36,36,0.195,NA
38,28,replace-space-with-newline,tourney,FALSE,20,elitize_generation_data,37,44,0.218,NA
39,28,replace-space-with-newline,tourney,FALSE,20,elitize_generation_data,38,38,0.192,NA
40,28,replace-space-with-newline,tourney,FALSE,20,elitize_generation_data,39,44,0.217,NA
41,28,replace-space-with-newline,tourney,FALSE,20,elitize_generation_data,40,45,0.235,NA
42,28,replace-space-with-newline,tourney,FALSE,20,elitize_generation_data,41,45,0.212,NA
43,28,replace-space-with-newline,tourney,FALSE,20,elitize_generation_data,42,47,0.213,NA
44,28,replace-space-with-newline,tourney,FALSE,20,elitize_generation_data,43,51,0.245,NA
45,28,replace-space-with-newline,tourney,FALSE,20,elitize_generation_data,44,59,0.26,NA
46,28,replace-space-with-newline,tourney,FALSE,20,elitize_generation_data,45,59,0.257,NA
47,28,replace-space-with-newline,tourney,FALSE,20,elitize_generation_data,46,57,0.281,NA
48,28,replace-space-with-newline,tourney,FALSE,20,elitize_generation_data,47,51,0.292,NA
49,28,replace-space-with-newline,tourney,FALSE,20,elitize_generation_data,48,56,0.303,NA
50,28,replace-space-with-newline,tourney,FALSE,20,elitize_generation_data,49,53,0.302,NA
51,28,replace-space-with-newline,tourney,FALSE,20,elitize_generation_data,50,50,0.309,NA
52,28,replace-space-with-newline,tourney,FALSE,20,elitize_generation_data,51,64,0.338,NA
53,28,replace-space-with-newline,tourney,FALSE,20,elitize_generation_data,52,48,0.329,NA
54,28,replace-space-with-newline,tourney,FALSE,20,elitize_generation_data,53,47,0.326,NA
55,28,replace-space-with-newline,tourney,FALSE,20,elitize_generation_data,54,48,0.291,NA
56,28,replace-space-with-newline,tourney,FALSE,20,elitize_generation_data,55,46,0.289,NA
57,28,replace-space-with-newline,tourney,FALSE,20,elitize_generation_data,56,47,0.296,NA
58,28,replace-space-with-newline,tourney,FALSE,20,elitize_generation_data,57,45,0.329,NA
59,28,replace-space-with-newline,tourney,FALSE,20,elitize_generation_data,58,43,0.333,NA
60,28,replace-space-with-newline,tourney,FALSE,20,elitize_generation_data,59,47,0.33,NA
61,28,replace-space-with-newline,tourney,FALSE,20,elitize_generation_data,60,54,0.366,NA
62,28,replace-space-with-newline,tourney,FALSE,20,elitize_generation_data,61,53,0.365,NA
63,28,replace-space-with-newline,tourney,FALSE,20,elitize_generation_data,62,50,0.343,NA
64,28,replace-space-with-newline,tourney,FALSE,20,elitize_generation_data,63,49,0.346,NA
65,28,replace-space-with-newline,tourney,FALSE,20,elitize_generation_data,64,51,0.332,NA
66,28,replace-space-with-newline,tourney,FALSE,20,elitize_generation_data,65,49,0.333,NA
67,28,replace-space-with-newline,tourney,FALSE,20,elitize_generation_data,66,56,0.341,NA
68,28,replace-space-with-newline,tourney,FALSE,20,elitize_generation_data,67,62,0.344,NA
69,28,replace-space-with-newline,tourney,FALSE,20,elitize_generation_data,68,55,0.35,NA
70,28,replace-space-with-newline,tourney,FALSE,20,elitize_generation_data,69,50,0.368,NA
71,28,replace-space-with-newline,tourney,FALSE,20,elitize_generation_data,70,55,0.393,NA
72,28,replace-space-with-newline,tourney,FALSE,20,elitize_generation_data,71,46,0.356,NA
73,28,replace-space-with-newline,tourney,FALSE,20,elitize_generation_data,72,56,0.36,NA
74,28,replace-space-with-newline,tourney,FALSE,20,elitize_generation_data,73,42,0.374,NA
75,28,replace-space-with-newline,tourney,FALSE,20,elitize_generation_data,74,50,0.371,NA
76,28,replace-space-with-newline,tourney,FALSE,20,elitize_generation_data,75,43,0.353,NA
77,28,replace-space-with-newline,tourney,FALSE,20,elitize_generation_data,76,56,0.371,NA
78,28,replace-space-with-newline,tourney,FALSE,20,elitize_generation_data,77,61,0.347,NA
79,28,replace-space-with-newline,tourney,FALSE,20,elitize_generation_data,78,57,0.35,NA
80,28,replace-space-with-newline,tourney,FALSE,20,elitize_generation_data,79,64,0.354,NA
81,28,replace-space-with-newline,tourney,FALSE,20,elitize_generation_data,80,58,0.368,NA
82,28,replace-space-with-newline,tourney,FALSE,20,elitize_generation_data,81,49,0.37,NA
83,28,replace-space-with-newline,tourney,FALSE,20,elitize_generation_data,82,52,0.353,NA
84,28,replace-space-with-newline,tourney,FALSE,20,elitize_generation_data,83,68,0.413,NA
85,28,replace-space-with-newline,tourney,FALSE,20,elitize_generation_data,84,71,0.42,NA
86,28,replace-space-with-newline,tourney,FALSE,20,elitize_generation_data,85,66,0.404,NA
87,28,replace-space-with-newline,tourney,FALSE,20,elitize_generation_data,86,56,0.359,NA
88,28,replace-space-with-newline,tourney,FALSE,20,elitize_generation_data,87,50,0.37,NA
89,28,replace-space-with-newline,tourney,FALSE,20,elitize_generation_data,88,59,0.38,NA
90,28,replace-space-with-newline,tourney,FALSE,20,elitize_generation_data,89,56,0.358,NA
91,28,replace-space-with-newline,tourney,FALSE,20,elitize_generation_data,90,62,0.363,NA
92,28,replace-space-with-newline,tourney,FALSE,20,elitize_generation_data,91,59,0.392,NA
93,28,replace-space-with-newline,tourney,FALSE,20,elitize_generation_data,92,55,0.385,NA
94,28,replace-space-with-newline,tourney,FALSE,20,elitize_generation_data,93,58,0.381,NA
95,28,replace-space-with-newline,tourney,FALSE,20,elitize_generation_data,94,53,0.379,NA
96,28,replace-space-with-newline,tourney,FALSE,20,elitize_generation_data,95,61,0.379,NA
97,28,replace-space-with-newline,tourney,FALSE,20,elitize_generation_data,96,62,0.354,NA
98,28,replace-space-with-newline,tourney,FALSE,20,elitize_generation_data,97,54,0.366,NA
99,28,replace-space-with-newline,tourney,FALSE,20,elitize_generation_data,98,50,0.368,NA
100,28,replace-space-with-newline,tourney,FALSE,20,elitize_generation_data,99,70,0.378,NA
101,28,replace-space-with-newline,tourney,FALSE,20,elitize_generation_data,100,61,0.364,NA
102,28,replace-space-with-newline,tourney,FALSE,20,elitize_generation_data,101,61,0.39,NA
103,28,replace-space-with-newline,tourney,FALSE,20,elitize_generation_data,102,57,0.402,NA
104,28,replace-space-with-newline,tourney,FALSE,20,elitize_generation_data,103,54,0.38,NA
105,28,replace-space-with-newline,tourney,FALSE,20,elitize_generation_data,104,65,0.385,NA
106,28,replace-space-with-newline,tourney,FALSE,20,elitize_generation_data,105,57,0.374,NA
107,28,replace-space-with-newline,tourney,FALSE,20,elitize_generation_data,106,64,0.387,NA
108,28,replace-space-with-newline,tourney,FALSE,20,elitize_generation_data,107,55,0.38,NA
109,28,replace-space-with-newline,tourney,FALSE,20,elitize_generation_data,108,62,0.387,NA
110,28,replace-space-with-newline,tourney,FALSE,20,elitize_generation_data,109,61,0.367,NA
111,28,replace-space-with-newline,tourney,FALSE,20,elitize_generation_data,110,58,0.362,NA
112,28,replace-space-with-newline,tourney,FALSE,20,elitize_generation_data,111,55,0.392,NA
113,28,replace-space-with-newline,tourney,FALSE,20,elitize_generation_data,112,54,0.377,NA
114,28,replace-space-with-newline,tourney,FALSE,20,elitize_generation_data,113,58,0.365,NA
115,28,replace-space-with-newline,tourney,FALSE,20,elitize_generation_data,114,62,0.388,NA
116,28,replace-space-with-newline,tourney,FALSE,20,elitize_generation_data,115,48,0.357,NA
117,28,replace-space-with-newline,tourney,FALSE,20,elitize_generation_data,116,58,0.389,NA
118,28,replace-space-with-newline,tourney,FALSE,20,elitize_generation_data,117,54,0.373,NA
119,28,replace-space-with-newline,tourney,FALSE,20,elitize_generation_data,118,62,0.386,NA
120,28,replace-space-with-newline,tourney,FALSE,20,elitize_generation_data,119,66,0.402,NA
121,28,replace-space-with-newline,tourney,FALSE,20,elitize_generation_data,120,66,0.377,NA
122,28,replace-space-with-newline,tourney,FALSE,20,elitize_generation_data,121,59,0.378,NA
123,28,replace-space-with-newline,tourney,FALSE,20,elitize_generation_data,122,58,0.384,NA
124,28,replace-space-with-newline,tourney,FALSE,20,elitize_generation_data,123,71,0.378,NA
125,28,replace-space-with-newline,tourney,FALSE,20,elitize_generation_data,124,62,0.393,NA
126,28,replace-space-with-newline,tourney,FALSE,20,elitize_generation_data,125,54,0.378,NA
127,28,replace-space-with-newline,tourney,FALSE,20,elitize_generation_data,126,62,0.393,NA
128,28,replace-space-with-newline,tourney,FALSE,20,elitize_generation_data,127,65,0.398,NA
129,28,replace-space-with-newline,tourney,FALSE,20,elitize_generation_data,128,59,0.377,NA
130,28,replace-space-with-newline,tourney,FALSE,20,elitize_generation_data,129,72,0.395,NA
131,28,replace-space-with-newline,tourney,FALSE,20,elitize_generation_data,130,68,0.391,NA
132,28,replace-space-with-newline,tourney,FALSE,20,elitize_generation_data,131,68,0.442,NA
133,28,replace-space-with-newline,tourney,FALSE,20,elitize_generation_data,132,61,0.375,NA
134,28,replace-space-with-newline,tourney,FALSE,20,elitize_generation_data,133,67,0.408,NA
135,28,replace-space-with-newline,tourney,FALSE,20,elitize_generation_data,134,47,0.372,NA
136,28,replace-space-with-newline,tourney,FALSE,20,elitize_generation_data,135,62,0.394,NA
137,28,replace-space-with-newline,tourney,FALSE,20,elitize_generation_data,136,63,0.395,NA
138,28,replace-space-with-newline,tourney,FALSE,20,elitize_generation_data,137,70,0.393,NA
139,28,replace-space-with-newline,tourney,FALSE,20,elitize_generation_data,138,59,0.408,NA
140,28,replace-space-with-newline,tourney,FALSE,20,elitize_generation_data,139,62,0.401,NA
141,28,replace-space-with-newline,tourney,FALSE,20,elitize_generation_data,140,56,0.4,NA
142,28,replace-space-with-newline,tourney,FALSE,20,elitize_generation_data,141,63,0.389,NA
143,28,replace-space-with-newline,tourney,FALSE,20,elitize_generation_data,142,57,0.368,NA
144,28,replace-space-with-newline,tourney,FALSE,20,elitize_generation_data,143,60,0.4,NA
145,28,replace-space-with-newline,tourney,FALSE,20,elitize_generation_data,144,68,0.385,NA
146,28,replace-space-with-newline,tourney,FALSE,20,elitize_generation_data,145,65,0.387,NA
147,28,replace-space-with-newline,tourney,FALSE,20,elitize_generation_data,146,58,0.406,NA
148,28,replace-space-with-newline,tourney,FALSE,20,elitize_generation_data,147,57,0.398,NA
149,28,replace-space-with-newline,tourney,FALSE,20,elitize_generation_data,148,61,0.385,NA
150,28,replace-space-with-newline,tourney,FALSE,20,elitize_generation_data,149,62,0.408,NA
151,28,replace-space-with-newline,tourney,FALSE,20,elitize_generation_data,150,55,0.408,NA
152,28,replace-space-with-newline,tourney,FALSE,20,elitize_generation_data,151,63,0.391,NA
153,28,replace-space-with-newline,tourney,FALSE,20,elitize_generation_data,152,55,0.42,NA
154,28,replace-space-with-newline,tourney,FALSE,20,elitize_generation_data,153,63,0.439,NA
155,28,replace-space-with-newline,tourney,FALSE,20,elitize_generation_data,154,61,0.422,NA
156,28,replace-space-with-newline,tourney,FALSE,20,elitize_generation_data,155,66,0.393,NA
157,28,replace-space-with-newline,tourney,FALSE,20,elitize_generation_data,156,60,0.431,NA
158,28,replace-space-with-newline,tourney,FALSE,20,elitize_generation_data,157,60,0.384,NA
159,28,replace-space-with-newline,tourney,FALSE,20,elitize_generation_data,158,64,0.388,NA
160,28,replace-space-with-newline,tourney,FALSE,20,elitize_generation_data,159,74,0.404,NA
161,28,replace-space-with-newline,tourney,FALSE,20,elitize_generation_data,160,66,0.411,NA
162,28,replace-space-with-newline,tourney,FALSE,20,elitize_generation_data,161,70,0.426,NA
163,28,replace-space-with-newline,tourney,FALSE,20,elitize_generation_data,162,72,0.422,NA
164,28,replace-space-with-newline,tourney,FALSE,20,elitize_generation_data,163,55,0.394,NA
165,28,replace-space-with-newline,tourney,FALSE,20,elitize_generation_data,164,68,0.397,NA
166,28,replace-space-with-newline,tourney,FALSE,20,elitize_generation_data,165,60,0.409,NA
167,28,replace-space-with-newline,tourney,FALSE,20,elitize_generation_data,166,69,0.385,NA
168,28,replace-space-with-newline,tourney,FALSE,20,elitize_generation_data,167,66,0.386,NA
169,28,replace-space-with-newline,tourney,FALSE,20,elitize_generation_data,168,62,0.38,NA
170,28,replace-space-with-newline,tourney,FALSE,20,elitize_generation_data,169,55,0.411,NA
171,28,replace-space-with-newline,tourney,FALSE,20,elitize_generation_data,170,64,0.389,NA
172,28,replace-space-with-newline,tourney,FALSE,20,elitize_generation_data,171,50,0.39,NA
173,28,replace-space-with-newline,tourney,FALSE,20,elitize_generation_data,172,61,0.382,NA
174,28,replace-space-with-newline,tourney,FALSE,20,elitize_generation_data,173,65,0.41,NA
175,28,replace-space-with-newline,tourney,FALSE,20,elitize_generation_data,174,50,0.416,NA
176,28,replace-space-with-newline,tourney,FALSE,20,elitize_generation_data,175,63,0.391,NA
177,28,replace-space-with-newline,tourney,FALSE,20,elitize_generation_data,176,63,0.415,NA
178,28,replace-space-with-newline,tourney,FALSE,20,elitize_generation_data,177,53,0.394,NA
179,28,replace-space-with-newline,tourney,FALSE,20,elitize_generation_data,178,65,0.408,NA
180,28,replace-space-with-newline,tourney,FALSE,20,elitize_generation_data,179,61,0.441,NA
181,28,replace-space-with-newline,tourney,FALSE,20,elitize_generation_data,180,54,0.387,NA
182,28,replace-space-with-newline,tourney,FALSE,20,elitize_generation_data,181,71,0.44,NA
183,28,replace-space-with-newline,tourney,FALSE,20,elitize_generation_data,182,60,0.392,NA
184,28,replace-space-with-newline,tourney,FALSE,20,elitize_generation_data,183,62,0.405,NA
185,28,replace-space-with-newline,tourney,FALSE,20,elitize_generation_data,184,62,0.391,NA
186,28,replace-space-with-newline,tourney,FALSE,20,elitize_generation_data,185,66,0.418,NA
187,28,replace-space-with-newline,tourney,FALSE,20,elitize_generation_data,186,53,0.409,NA
188,28,replace-space-with-newline,tourney,FALSE,20,elitize_generation_data,187,54,0.421,NA
189,28,replace-space-with-newline,tourney,FALSE,20,elitize_generation_data,188,57,0.386,NA
190,28,replace-space-with-newline,tourney,FALSE,20,elitize_generation_data,189,68,0.424,NA
191,28,replace-space-with-newline,tourney,FALSE,20,elitize_generation_data,190,65,0.404,NA
192,28,replace-space-with-newline,tourney,FALSE,20,elitize_generation_data,191,52,0.402,NA
193,28,replace-space-with-newline,tourney,FALSE,20,elitize_generation_data,192,59,0.395,NA
194,28,replace-space-with-newline,tourney,FALSE,20,elitize_generation_data,193,62,0.429,NA
195,28,replace-space-with-newline,tourney,FALSE,20,elitize_generation_data,194,67,0.419,NA
196,28,replace-space-with-newline,tourney,FALSE,20,elitize_generation_data,195,68,0.409,NA
197,28,replace-space-with-newline,tourney,FALSE,20,elitize_generation_data,196,52,0.416,NA
198,28,replace-space-with-newline,tourney,FALSE,20,elitize_generation_data,197,57,0.422,NA
199,28,replace-space-with-newline,tourney,FALSE,20,elitize_generation_data,198,57,0.416,NA
200,28,replace-space-with-newline,tourney,FALSE,20,elitize_generation_data,199,57,0.402,NA
201,28,replace-space-with-newline,tourney,FALSE,20,elitize_generation_data,200,59,0.427,NA
202,28,replace-space-with-newline,tourney,FALSE,20,elitize_generation_data,201,65,0.427,NA
203,28,replace-space-with-newline,tourney,FALSE,20,elitize_generation_data,202,62,0.4,NA
204,28,replace-space-with-newline,tourney,FALSE,20,elitize_generation_data,203,59,0.408,NA
205,28,replace-space-with-newline,tourney,FALSE,20,elitize_generation_data,204,63,0.423,NA
206,28,replace-space-with-newline,tourney,FALSE,20,elitize_generation_data,205,65,0.423,NA
207,28,replace-space-with-newline,tourney,FALSE,20,elitize_generation_data,206,54,0.392,NA
208,28,replace-space-with-newline,tourney,FALSE,20,elitize_generation_data,207,62,0.39,NA
209,28,replace-space-with-newline,tourney,FALSE,20,elitize_generation_data,208,55,0.371,NA
210,28,replace-space-with-newline,tourney,FALSE,20,elitize_generation_data,209,63,0.414,NA
211,28,replace-space-with-newline,tourney,FALSE,20,elitize_generation_data,210,61,0.399,NA
212,28,replace-space-with-newline,tourney,FALSE,20,elitize_generation_data,211,53,0.394,NA
213,28,replace-space-with-newline,tourney,FALSE,20,elitize_generation_data,212,61,0.413,NA
214,28,replace-space-with-newline,tourney,FALSE,20,elitize_generation_data,213,60,0.409,NA
215,28,replace-space-with-newline,tourney,FALSE,20,elitize_generation_data,214,60,0.424,NA
216,28,replace-space-with-newline,tourney,FALSE,20,elitize_generation_data,215,68,0.424,NA
217,28,replace-space-with-newline,tourney,FALSE,20,elitize_generation_data,216,61,0.415,NA
218,28,replace-space-with-newline,tourney,FALSE,20,elitize_generation_data,217,61,0.422,NA
219,28,replace-space-with-newline,tourney,FALSE,20,elitize_generation_data,218,55,0.485,NA
220,28,replace-space-with-newline,tourney,FALSE,20,elitize_generation_data,219,68,0.459,NA
221,28,replace-space-with-newline,tourney,FALSE,20,elitize_generation_data,220,73,0.512,NA
222,28,replace-space-with-newline,tourney,FALSE,20,elitize_generation_data,221,56,0.507,NA
223,28,replace-space-with-newline,tourney,FALSE,20,elitize_generation_data,222,59,0.497,NA
224,28,replace-space-with-newline,tourney,FALSE,20,elitize_generation_data,223,58,0.513,NA
225,28,replace-space-with-newline,tourney,FALSE,20,elitize_generation_data,224,64,0.489,NA
226,28,replace-space-with-newline,tourney,FALSE,20,elitize_generation_data,225,63,0.505,NA
227,28,replace-space-with-newline,tourney,FALSE,20,elitize_generation_data,226,66,0.505,NA
228,28,replace-space-with-newline,tourney,FALSE,20,elitize_generation_data,227,60,0.463,NA
229,28,replace-space-with-newline,tourney,FALSE,20,elitize_generation_data,228,70,0.464,NA
230,28,replace-space-with-newline,tourney,FALSE,20,elitize_generation_data,229,60,0.476,NA
231,28,replace-space-with-newline,tourney,FALSE,20,elitize_generation_data,230,61,0.484,NA
232,28,replace-space-with-newline,tourney,FALSE,20,elitize_generation_data,231,66,0.485,NA
233,28,replace-space-with-newline,tourney,FALSE,20,elitize_generation_data,232,58,0.474,NA
234,28,replace-space-with-newline,tourney,FALSE,20,elitize_generation_data,233,69,0.503,NA
235,28,replace-space-with-newline,tourney,FALSE,20,elitize_generation_data,234,68,0.474,NA
236,28,replace-space-with-newline,tourney,FALSE,20,elitize_generation_data,235,71,0.5,NA
237,28,replace-space-with-newline,tourney,FALSE,20,elitize_generation_data,236,63,0.485,NA
238,28,replace-space-with-newline,tourney,FALSE,20,elitize_generation_data,237,60,0.501,NA
239,28,replace-space-with-newline,tourney,FALSE,20,elitize_generation_data,238,59,0.476,NA
240,28,replace-space-with-newline,tourney,FALSE,20,elitize_generation_data,239,59,0.475,NA
241,28,replace-space-with-newline,tourney,FALSE,20,elitize_generation_data,240,62,0.482,NA
242,28,replace-space-with-newline,tourney,FALSE,20,elitize_generation_data,241,65,0.481,NA
243,28,replace-space-with-newline,tourney,FALSE,20,elitize_generation_data,242,63,0.48,NA
244,28,replace-space-with-newline,tourney,FALSE,20,elitize_generation_data,243,60,0.474,NA
245,28,replace-space-with-newline,tourney,FALSE,20,elitize_generation_data,244,62,0.46,NA
246,28,replace-space-with-newline,tourney,FALSE,20,elitize_generation_data,245,55,0.467,NA
247,28,replace-space-with-newline,tourney,FALSE,20,elitize_generation_data,246,66,0.481,NA
248,28,replace-space-with-newline,tourney,FALSE,20,elitize_generation_data,247,61,0.485,NA
249,28,replace-space-with-newline,tourney,FALSE,20,elitize_generation_data,248,63,0.471,NA
250,28,replace-space-with-newline,tourney,FALSE,20,elitize_generation_data,249,57,0.477,NA
251,28,replace-space-with-newline,tourney,FALSE,20,elitize_generation_data,250,57,0.472,NA
252,28,replace-space-with-newline,tourney,FALSE,20,elitize_generation_data,251,63,0.478,NA
253,28,replace-space-with-newline,tourney,FALSE,20,elitize_generation_data,252,66,0.512,NA
254,28,replace-space-with-newline,tourney,FALSE,20,elitize_generation_data,253,73,0.494,NA
255,28,replace-space-with-newline,tourney,FALSE,20,elitize_generation_data,254,71,0.463,NA
256,28,replace-space-with-newline,tourney,FALSE,20,elitize_generation_data,255,71,0.487,NA
257,28,replace-space-with-newline,tourney,FALSE,20,elitize_generation_data,256,62,0.503,NA
258,28,replace-space-with-newline,tourney,FALSE,20,elitize_generation_data,257,61,0.504,NA
259,28,replace-space-with-newline,tourney,FALSE,20,elitize_generation_data,258,65,0.464,NA
260,28,replace-space-with-newline,tourney,FALSE,20,elitize_generation_data,259,78,0.477,NA
261,28,replace-space-with-newline,tourney,FALSE,20,elitize_generation_data,260,64,0.447,NA
262,28,replace-space-with-newline,tourney,FALSE,20,elitize_generation_data,261,67,0.496,NA
263,28,replace-space-with-newline,tourney,FALSE,20,elitize_generation_data,262,63,0.474,NA
264,28,replace-space-with-newline,tourney,FALSE,20,elitize_generation_data,263,71,0.468,NA
265,28,replace-space-with-newline,tourney,FALSE,20,elitize_generation_data,264,58,0.45,NA
266,28,replace-space-with-newline,tourney,FALSE,20,elitize_generation_data,265,70,0.438,NA
267,28,replace-space-with-newline,tourney,FALSE,20,elitize_generation_data,266,70,0.472,NA
268,28,replace-space-with-newline,tourney,FALSE,20,elitize_generation_data,267,65,0.489,NA
269,28,replace-space-with-newline,tourney,FALSE,20,elitize_generation_data,268,60,0.473,NA
270,28,replace-space-with-newline,tourney,FALSE,20,elitize_generation_data,269,68,0.497,NA
271,28,replace-space-with-newline,tourney,FALSE,20,elitize_generation_data,270,76,0.473,NA
272,28,replace-space-with-newline,tourney,FALSE,20,elitize_generation_data,271,64,0.464,NA
273,28,replace-space-with-newline,tourney,FALSE,20,elitize_generation_data,272,65,0.457,NA
274,28,replace-space-with-newline,tourney,FALSE,20,elitize_generation_data,273,64,0.466,NA
275,28,replace-space-with-newline,tourney,FALSE,20,elitize_generation_data,274,59,0.478,NA
276,28,replace-space-with-newline,tourney,FALSE,20,elitize_generation_data,275,66,0.479,NA
277,28,replace-space-with-newline,tourney,FALSE,20,elitize_generation_data,276,64,0.45,NA
278,28,replace-space-with-newline,tourney,FALSE,20,elitize_generation_data,277,53,0.469,NA
279,28,replace-space-with-newline,tourney,FALSE,20,elitize_generation_data,278,60,0.431,NA
280,28,replace-space-with-newline,tourney,FALSE,20,elitize_generation_data,279,64,0.41,NA
281,28,replace-space-with-newline,tourney,FALSE,20,elitize_generation_data,280,62,0.408,NA
282,28,replace-space-with-newline,tourney,FALSE,20,elitize_generation_data,281,63,0.444,NA
283,28,replace-space-with-newline,tourney,FALSE,20,elitize_generation_data,282,69,0.429,NA
284,28,replace-space-with-newline,tourney,FALSE,20,elitize_generation_data,283,64,0.413,NA
285,28,replace-space-with-newline,tourney,FALSE,20,elitize_generation_data,284,60,0.436,NA
286,28,replace-space-with-newline,tourney,FALSE,20,elitize_generation_data,285,72,0.434,NA
287,28,replace-space-with-newline,tourney,FALSE,20,elitize_generation_data,286,67,0.443,NA
288,28,replace-space-with-newline,tourney,FALSE,20,elitize_generation_data,287,68,0.439,NA
289,28,replace-space-with-newline,tourney,FALSE,20,elitize_generation_data,288,77,0.447,NA
290,28,replace-space-with-newline,tourney,FALSE,20,elitize_generation_data,289,66,0.425,NA
291,28,replace-space-with-newline,tourney,FALSE,20,elitize_generation_data,290,65,0.411,NA
292,28,replace-space-with-newline,tourney,FALSE,20,elitize_generation_data,291,66,0.434,NA
293,28,replace-space-with-newline,tourney,FALSE,20,elitize_generation_data,292,69,0.437,NA
294,28,replace-space-with-newline,tourney,FALSE,20,elitize_generation_data,293,68,0.433,NA
295,28,replace-space-with-newline,tourney,FALSE,20,elitize_generation_data,294,69,0.463,NA
296,28,replace-space-with-newline,tourney,FALSE,20,elitize_generation_data,295,67,0.412,NA
297,28,replace-space-with-newline,tourney,FALSE,20,elitize_generation_data,296,69,0.441,NA
298,28,replace-space-with-newline,tourney,FALSE,20,elitize_generation_data,297,71,0.421,NA
299,28,replace-space-with-newline,tourney,FALSE,20,elitize_generation_data,298,74,0.462,NA
300,28,replace-space-with-newline,tourney,FALSE,20,elitize_generation_data,299,55,0.433,NA
301,28,replace-space-with-newline,tourney,FALSE,20,elitize_generation_data,300,65,0.435,NA
