,run.num,problem,treatment,succeeded,height,normalization.function,generation,cluster.count,error.diversity,success.generation
1,70,replace-space-with-newline,tourney,FALSE,20,elitize_generation_data,0,5,0.479,NA
2,70,replace-space-with-newline,tourney,FALSE,20,elitize_generation_data,1,5,0.321,NA
3,70,replace-space-with-newline,tourney,FALSE,20,elitize_generation_data,2,6,0.239,NA
4,70,replace-space-with-newline,tourney,FALSE,20,elitize_generation_data,3,8,0.209,NA
5,70,replace-space-with-newline,tourney,FALSE,20,elitize_generation_data,4,11,0.122,NA
6,70,replace-space-with-newline,tourney,FALSE,20,elitize_generation_data,5,12,0.137,NA
7,70,replace-space-with-newline,tourney,FALSE,20,elitize_generation_data,6,16,0.157,NA
8,70,replace-space-with-newline,tourney,FALSE,20,elitize_generation_data,7,12,0.086,NA
9,70,replace-space-with-newline,tourney,FALSE,20,elitize_generation_data,8,9,0.067,NA
10,70,replace-space-with-newline,tourney,FALSE,20,elitize_generation_data,9,12,0.081,NA
11,70,replace-space-with-newline,tourney,FALSE,20,elitize_generation_data,10,9,0.076,NA
12,70,replace-space-with-newline,tourney,FALSE,20,elitize_generation_data,11,12,0.104,NA
13,70,replace-space-with-newline,tourney,FALSE,20,elitize_generation_data,12,11,0.107,NA
14,70,replace-space-with-newline,tourney,FALSE,20,elitize_generation_data,13,12,0.081,NA
15,70,replace-space-with-newline,tourney,FALSE,20,elitize_generation_data,14,12,0.094,NA
16,70,replace-space-with-newline,tourney,FALSE,20,elitize_generation_data,15,13,0.095,NA
17,70,replace-space-with-newline,tourney,FALSE,20,elitize_generation_data,16,12,0.095,NA
18,70,replace-space-with-newline,tourney,FALSE,20,elitize_generation_data,17,12,0.083,NA
19,70,replace-space-with-newline,tourney,FALSE,20,elitize_generation_data,18,12,0.102,NA
20,70,replace-space-with-newline,tourney,FALSE,20,elitize_generation_data,19,9,0.103,NA
21,70,replace-space-with-newline,tourney,FALSE,20,elitize_generation_data,20,10,0.087,NA
22,70,replace-space-with-newline,tourney,FALSE,20,elitize_generation_data,21,11,0.102,NA
23,70,replace-space-with-newline,tourney,FALSE,20,elitize_generation_data,22,12,0.094,NA
24,70,replace-space-with-newline,tourney,FALSE,20,elitize_generation_data,23,10,0.106,NA
25,70,replace-space-with-newline,tourney,FALSE,20,elitize_generation_data,24,9,0.093,NA
26,70,replace-space-with-newline,tourney,FALSE,20,elitize_generation_data,25,10,0.124,NA
27,70,replace-space-with-newline,tourney,FALSE,20,elitize_generation_data,26,13,0.155,NA
28,70,replace-space-with-newline,tourney,FALSE,20,elitize_generation_data,27,12,0.172,NA
29,70,replace-space-with-newline,tourney,FALSE,20,elitize_generation_data,28,12,0.187,NA
30,70,replace-space-with-newline,tourney,FALSE,20,elitize_generation_data,29,14,0.187,NA
31,70,replace-space-with-newline,tourney,FALSE,20,elitize_generation_data,30,9,0.201,NA
32,70,replace-space-with-newline,tourney,FALSE,20,elitize_generation_data,31,13,0.252,NA
33,70,replace-space-with-newline,tourney,FALSE,20,elitize_generation_data,32,11,0.289,NA
34,70,replace-space-with-newline,tourney,FALSE,20,elitize_generation_data,33,15,0.338,NA
35,70,replace-space-with-newline,tourney,FALSE,20,elitize_generation_data,34,13,0.299,NA
36,70,replace-space-with-newline,tourney,FALSE,20,elitize_generation_data,35,12,0.293,NA
37,70,replace-space-with-newline,tourney,FALSE,20,elitize_generation_data,36,13,0.306,NA
38,70,replace-space-with-newline,tourney,FALSE,20,elitize_generation_data,37,16,0.299,NA
39,70,replace-space-with-newline,tourney,FALSE,20,elitize_generation_data,38,15,0.339,NA
40,70,replace-space-with-newline,tourney,FALSE,20,elitize_generation_data,39,13,0.339,NA
41,70,replace-space-with-newline,tourney,FALSE,20,elitize_generation_data,40,13,0.311,NA
42,70,replace-space-with-newline,tourney,FALSE,20,elitize_generation_data,41,11,0.257,NA
43,70,replace-space-with-newline,tourney,FALSE,20,elitize_generation_data,42,19,0.219,NA
44,70,replace-space-with-newline,tourney,FALSE,20,elitize_generation_data,43,16,0.184,NA
45,70,replace-space-with-newline,tourney,FALSE,20,elitize_generation_data,44,17,0.175,NA
46,70,replace-space-with-newline,tourney,FALSE,20,elitize_generation_data,45,20,0.184,NA
47,70,replace-space-with-newline,tourney,FALSE,20,elitize_generation_data,46,20,0.171,NA
48,70,replace-space-with-newline,tourney,FALSE,20,elitize_generation_data,47,19,0.189,NA
49,70,replace-space-with-newline,tourney,FALSE,20,elitize_generation_data,48,21,0.18,NA
50,70,replace-space-with-newline,tourney,FALSE,20,elitize_generation_data,49,23,0.18,NA
51,70,replace-space-with-newline,tourney,FALSE,20,elitize_generation_data,50,21,0.178,NA
52,70,replace-space-with-newline,tourney,FALSE,20,elitize_generation_data,51,21,0.167,NA
53,70,replace-space-with-newline,tourney,FALSE,20,elitize_generation_data,52,18,0.181,NA
54,70,replace-space-with-newline,tourney,FALSE,20,elitize_generation_data,53,25,0.163,NA
55,70,replace-space-with-newline,tourney,FALSE,20,elitize_generation_data,54,22,0.18,NA
56,70,replace-space-with-newline,tourney,FALSE,20,elitize_generation_data,55,23,0.182,NA
57,70,replace-space-with-newline,tourney,FALSE,20,elitize_generation_data,56,21,0.181,NA
58,70,replace-space-with-newline,tourney,FALSE,20,elitize_generation_data,57,22,0.174,NA
59,70,replace-space-with-newline,tourney,FALSE,20,elitize_generation_data,58,23,0.188,NA
60,70,replace-space-with-newline,tourney,FALSE,20,elitize_generation_data,59,23,0.174,NA
61,70,replace-space-with-newline,tourney,FALSE,20,elitize_generation_data,60,19,0.177,NA
62,70,replace-space-with-newline,tourney,FALSE,20,elitize_generation_data,61,19,0.163,NA
63,70,replace-space-with-newline,tourney,FALSE,20,elitize_generation_data,62,17,0.168,NA
64,70,replace-space-with-newline,tourney,FALSE,20,elitize_generation_data,63,16,0.158,NA
65,70,replace-space-with-newline,tourney,FALSE,20,elitize_generation_data,64,24,0.176,NA
66,70,replace-space-with-newline,tourney,FALSE,20,elitize_generation_data,65,18,0.162,NA
67,70,replace-space-with-newline,tourney,FALSE,20,elitize_generation_data,66,18,0.172,NA
68,70,replace-space-with-newline,tourney,FALSE,20,elitize_generation_data,67,18,0.178,NA
69,70,replace-space-with-newline,tourney,FALSE,20,elitize_generation_data,68,25,0.162,NA
70,70,replace-space-with-newline,tourney,FALSE,20,elitize_generation_data,69,16,0.163,NA
71,70,replace-space-with-newline,tourney,FALSE,20,elitize_generation_data,70,27,0.176,NA
72,70,replace-space-with-newline,tourney,FALSE,20,elitize_generation_data,71,31,0.172,NA
73,70,replace-space-with-newline,tourney,FALSE,20,elitize_generation_data,72,20,0.17,NA
74,70,replace-space-with-newline,tourney,FALSE,20,elitize_generation_data,73,21,0.169,NA
75,70,replace-space-with-newline,tourney,FALSE,20,elitize_generation_data,74,28,0.183,NA
76,70,replace-space-with-newline,tourney,FALSE,20,elitize_generation_data,75,20,0.151,NA
77,70,replace-space-with-newline,tourney,FALSE,20,elitize_generation_data,76,25,0.168,NA
78,70,replace-space-with-newline,tourney,FALSE,20,elitize_generation_data,77,23,0.154,NA
79,70,replace-space-with-newline,tourney,FALSE,20,elitize_generation_data,78,23,0.142,NA
80,70,replace-space-with-newline,tourney,FALSE,20,elitize_generation_data,79,20,0.175,NA
81,70,replace-space-with-newline,tourney,FALSE,20,elitize_generation_data,80,23,0.167,NA
82,70,replace-space-with-newline,tourney,FALSE,20,elitize_generation_data,81,24,0.176,NA
83,70,replace-space-with-newline,tourney,FALSE,20,elitize_generation_data,82,18,0.156,NA
84,70,replace-space-with-newline,tourney,FALSE,20,elitize_generation_data,83,26,0.183,NA
85,70,replace-space-with-newline,tourney,FALSE,20,elitize_generation_data,84,22,0.169,NA
86,70,replace-space-with-newline,tourney,FALSE,20,elitize_generation_data,85,22,0.167,NA
87,70,replace-space-with-newline,tourney,FALSE,20,elitize_generation_data,86,23,0.145,NA
88,70,replace-space-with-newline,tourney,FALSE,20,elitize_generation_data,87,25,0.17,NA
89,70,replace-space-with-newline,tourney,FALSE,20,elitize_generation_data,88,21,0.165,NA
90,70,replace-space-with-newline,tourney,FALSE,20,elitize_generation_data,89,21,0.161,NA
91,70,replace-space-with-newline,tourney,FALSE,20,elitize_generation_data,90,22,0.171,NA
92,70,replace-space-with-newline,tourney,FALSE,20,elitize_generation_data,91,18,0.153,NA
93,70,replace-space-with-newline,tourney,FALSE,20,elitize_generation_data,92,20,0.145,NA
94,70,replace-space-with-newline,tourney,FALSE,20,elitize_generation_data,93,24,0.156,NA
95,70,replace-space-with-newline,tourney,FALSE,20,elitize_generation_data,94,20,0.147,NA
96,70,replace-space-with-newline,tourney,FALSE,20,elitize_generation_data,95,17,0.159,NA
97,70,replace-space-with-newline,tourney,FALSE,20,elitize_generation_data,96,26,0.152,NA
98,70,replace-space-with-newline,tourney,FALSE,20,elitize_generation_data,97,21,0.14,NA
99,70,replace-space-with-newline,tourney,FALSE,20,elitize_generation_data,98,18,0.124,NA
100,70,replace-space-with-newline,tourney,FALSE,20,elitize_generation_data,99,23,0.133,NA
101,70,replace-space-with-newline,tourney,FALSE,20,elitize_generation_data,100,20,0.134,NA
102,70,replace-space-with-newline,tourney,FALSE,20,elitize_generation_data,101,19,0.109,NA
103,70,replace-space-with-newline,tourney,FALSE,20,elitize_generation_data,102,18,0.115,NA
104,70,replace-space-with-newline,tourney,FALSE,20,elitize_generation_data,103,14,0.122,NA
105,70,replace-space-with-newline,tourney,FALSE,20,elitize_generation_data,104,13,0.102,NA
106,70,replace-space-with-newline,tourney,FALSE,20,elitize_generation_data,105,17,0.113,NA
107,70,replace-space-with-newline,tourney,FALSE,20,elitize_generation_data,106,17,0.097,NA
108,70,replace-space-with-newline,tourney,FALSE,20,elitize_generation_data,107,16,0.095,NA
109,70,replace-space-with-newline,tourney,FALSE,20,elitize_generation_data,108,16,0.087,NA
110,70,replace-space-with-newline,tourney,FALSE,20,elitize_generation_data,109,17,0.079,NA
111,70,replace-space-with-newline,tourney,FALSE,20,elitize_generation_data,110,16,0.078,NA
112,70,replace-space-with-newline,tourney,FALSE,20,elitize_generation_data,111,18,0.091,NA
113,70,replace-space-with-newline,tourney,FALSE,20,elitize_generation_data,112,17,0.083,NA
114,70,replace-space-with-newline,tourney,FALSE,20,elitize_generation_data,113,14,0.085,NA
115,70,replace-space-with-newline,tourney,FALSE,20,elitize_generation_data,114,14,0.08,NA
116,70,replace-space-with-newline,tourney,FALSE,20,elitize_generation_data,115,15,0.082,NA
117,70,replace-space-with-newline,tourney,FALSE,20,elitize_generation_data,116,15,0.072,NA
118,70,replace-space-with-newline,tourney,FALSE,20,elitize_generation_data,117,16,0.071,NA
119,70,replace-space-with-newline,tourney,FALSE,20,elitize_generation_data,118,16,0.083,NA
120,70,replace-space-with-newline,tourney,FALSE,20,elitize_generation_data,119,14,0.07,NA
121,70,replace-space-with-newline,tourney,FALSE,20,elitize_generation_data,120,18,0.059,NA
122,70,replace-space-with-newline,tourney,FALSE,20,elitize_generation_data,121,17,0.07,NA
123,70,replace-space-with-newline,tourney,FALSE,20,elitize_generation_data,122,15,0.073,NA
124,70,replace-space-with-newline,tourney,FALSE,20,elitize_generation_data,123,15,0.077,NA
125,70,replace-space-with-newline,tourney,FALSE,20,elitize_generation_data,124,19,0.072,NA
126,70,replace-space-with-newline,tourney,FALSE,20,elitize_generation_data,125,11,0.06,NA
127,70,replace-space-with-newline,tourney,FALSE,20,elitize_generation_data,126,18,0.07,NA
128,70,replace-space-with-newline,tourney,FALSE,20,elitize_generation_data,127,14,0.068,NA
129,70,replace-space-with-newline,tourney,FALSE,20,elitize_generation_data,128,17,0.057,NA
130,70,replace-space-with-newline,tourney,FALSE,20,elitize_generation_data,129,17,0.075,NA
131,70,replace-space-with-newline,tourney,FALSE,20,elitize_generation_data,130,16,0.059,NA
132,70,replace-space-with-newline,tourney,FALSE,20,elitize_generation_data,131,17,0.076,NA
133,70,replace-space-with-newline,tourney,FALSE,20,elitize_generation_data,132,17,0.06,NA
134,70,replace-space-with-newline,tourney,FALSE,20,elitize_generation_data,133,15,0.071,NA
135,70,replace-space-with-newline,tourney,FALSE,20,elitize_generation_data,134,15,0.065,NA
136,70,replace-space-with-newline,tourney,FALSE,20,elitize_generation_data,135,12,0.054,NA
137,70,replace-space-with-newline,tourney,FALSE,20,elitize_generation_data,136,15,0.074,NA
138,70,replace-space-with-newline,tourney,FALSE,20,elitize_generation_data,137,19,0.063,NA
139,70,replace-space-with-newline,tourney,FALSE,20,elitize_generation_data,138,15,0.065,NA
140,70,replace-space-with-newline,tourney,FALSE,20,elitize_generation_data,139,18,0.066,NA
141,70,replace-space-with-newline,tourney,FALSE,20,elitize_generation_data,140,18,0.06,NA
142,70,replace-space-with-newline,tourney,FALSE,20,elitize_generation_data,141,13,0.057,NA
143,70,replace-space-with-newline,tourney,FALSE,20,elitize_generation_data,142,12,0.064,NA
144,70,replace-space-with-newline,tourney,FALSE,20,elitize_generation_data,143,16,0.047,NA
145,70,replace-space-with-newline,tourney,FALSE,20,elitize_generation_data,144,14,0.059,NA
146,70,replace-space-with-newline,tourney,FALSE,20,elitize_generation_data,145,16,0.065,NA
147,70,replace-space-with-newline,tourney,FALSE,20,elitize_generation_data,146,19,0.056,NA
148,70,replace-space-with-newline,tourney,FALSE,20,elitize_generation_data,147,10,0.053,NA
149,70,replace-space-with-newline,tourney,FALSE,20,elitize_generation_data,148,16,0.069,NA
150,70,replace-space-with-newline,tourney,FALSE,20,elitize_generation_data,149,13,0.056,NA
151,70,replace-space-with-newline,tourney,FALSE,20,elitize_generation_data,150,18,0.076,NA
152,70,replace-space-with-newline,tourney,FALSE,20,elitize_generation_data,151,15,0.056,NA
153,70,replace-space-with-newline,tourney,FALSE,20,elitize_generation_data,152,13,0.045,NA
154,70,replace-space-with-newline,tourney,FALSE,20,elitize_generation_data,153,14,0.063,NA
155,70,replace-space-with-newline,tourney,FALSE,20,elitize_generation_data,154,17,0.059,NA
156,70,replace-space-with-newline,tourney,FALSE,20,elitize_generation_data,155,15,0.055,NA
157,70,replace-space-with-newline,tourney,FALSE,20,elitize_generation_data,156,14,0.047,NA
158,70,replace-space-with-newline,tourney,FALSE,20,elitize_generation_data,157,10,0.048,NA
159,70,replace-space-with-newline,tourney,FALSE,20,elitize_generation_data,158,16,0.051,NA
160,70,replace-space-with-newline,tourney,FALSE,20,elitize_generation_data,159,17,0.061,NA
161,70,replace-space-with-newline,tourney,FALSE,20,elitize_generation_data,160,18,0.057,NA
162,70,replace-space-with-newline,tourney,FALSE,20,elitize_generation_data,161,16,0.057,NA
163,70,replace-space-with-newline,tourney,FALSE,20,elitize_generation_data,162,14,0.056,NA
164,70,replace-space-with-newline,tourney,FALSE,20,elitize_generation_data,163,18,0.051,NA
165,70,replace-space-with-newline,tourney,FALSE,20,elitize_generation_data,164,14,0.06,NA
166,70,replace-space-with-newline,tourney,FALSE,20,elitize_generation_data,165,19,0.061,NA
167,70,replace-space-with-newline,tourney,FALSE,20,elitize_generation_data,166,19,0.057,NA
168,70,replace-space-with-newline,tourney,FALSE,20,elitize_generation_data,167,18,0.053,NA
169,70,replace-space-with-newline,tourney,FALSE,20,elitize_generation_data,168,18,0.056,NA
170,70,replace-space-with-newline,tourney,FALSE,20,elitize_generation_data,169,12,0.046,NA
171,70,replace-space-with-newline,tourney,FALSE,20,elitize_generation_data,170,14,0.053,NA
172,70,replace-space-with-newline,tourney,FALSE,20,elitize_generation_data,171,17,0.057,NA
173,70,replace-space-with-newline,tourney,FALSE,20,elitize_generation_data,172,16,0.046,NA
174,70,replace-space-with-newline,tourney,FALSE,20,elitize_generation_data,173,20,0.054,NA
175,70,replace-space-with-newline,tourney,FALSE,20,elitize_generation_data,174,15,0.053,NA
176,70,replace-space-with-newline,tourney,FALSE,20,elitize_generation_data,175,15,0.043,NA
177,70,replace-space-with-newline,tourney,FALSE,20,elitize_generation_data,176,12,0.058,NA
178,70,replace-space-with-newline,tourney,FALSE,20,elitize_generation_data,177,13,0.047,NA
179,70,replace-space-with-newline,tourney,FALSE,20,elitize_generation_data,178,14,0.05,NA
180,70,replace-space-with-newline,tourney,FALSE,20,elitize_generation_data,179,19,0.052,NA
181,70,replace-space-with-newline,tourney,FALSE,20,elitize_generation_data,180,17,0.057,NA
182,70,replace-space-with-newline,tourney,FALSE,20,elitize_generation_data,181,14,0.058,NA
183,70,replace-space-with-newline,tourney,FALSE,20,elitize_generation_data,182,15,0.047,NA
184,70,replace-space-with-newline,tourney,FALSE,20,elitize_generation_data,183,15,0.065,NA
185,70,replace-space-with-newline,tourney,FALSE,20,elitize_generation_data,184,15,0.05,NA
186,70,replace-space-with-newline,tourney,FALSE,20,elitize_generation_data,185,18,0.046,NA
187,70,replace-space-with-newline,tourney,FALSE,20,elitize_generation_data,186,13,0.052,NA
188,70,replace-space-with-newline,tourney,FALSE,20,elitize_generation_data,187,18,0.07,NA
189,70,replace-space-with-newline,tourney,FALSE,20,elitize_generation_data,188,16,0.051,NA
190,70,replace-space-with-newline,tourney,FALSE,20,elitize_generation_data,189,17,0.046,NA
191,70,replace-space-with-newline,tourney,FALSE,20,elitize_generation_data,190,16,0.044,NA
192,70,replace-space-with-newline,tourney,FALSE,20,elitize_generation_data,191,10,0.04,NA
193,70,replace-space-with-newline,tourney,FALSE,20,elitize_generation_data,192,21,0.048,NA
194,70,replace-space-with-newline,tourney,FALSE,20,elitize_generation_data,193,14,0.044,NA
195,70,replace-space-with-newline,tourney,FALSE,20,elitize_generation_data,194,13,0.036,NA
196,70,replace-space-with-newline,tourney,FALSE,20,elitize_generation_data,195,12,0.039,NA
197,70,replace-space-with-newline,tourney,FALSE,20,elitize_generation_data,196,14,0.046,NA
198,70,replace-space-with-newline,tourney,FALSE,20,elitize_generation_data,197,17,0.044,NA
199,70,replace-space-with-newline,tourney,FALSE,20,elitize_generation_data,198,15,0.054,NA
200,70,replace-space-with-newline,tourney,FALSE,20,elitize_generation_data,199,16,0.047,NA
201,70,replace-space-with-newline,tourney,FALSE,20,elitize_generation_data,200,15,0.038,NA
202,70,replace-space-with-newline,tourney,FALSE,20,elitize_generation_data,201,11,0.037,NA
203,70,replace-space-with-newline,tourney,FALSE,20,elitize_generation_data,202,14,0.044,NA
204,70,replace-space-with-newline,tourney,FALSE,20,elitize_generation_data,203,15,0.043,NA
205,70,replace-space-with-newline,tourney,FALSE,20,elitize_generation_data,204,12,0.044,NA
206,70,replace-space-with-newline,tourney,FALSE,20,elitize_generation_data,205,14,0.043,NA
207,70,replace-space-with-newline,tourney,FALSE,20,elitize_generation_data,206,14,0.037,NA
208,70,replace-space-with-newline,tourney,FALSE,20,elitize_generation_data,207,15,0.038,NA
209,70,replace-space-with-newline,tourney,FALSE,20,elitize_generation_data,208,12,0.037,NA
210,70,replace-space-with-newline,tourney,FALSE,20,elitize_generation_data,209,15,0.039,NA
211,70,replace-space-with-newline,tourney,FALSE,20,elitize_generation_data,210,16,0.04,NA
212,70,replace-space-with-newline,tourney,FALSE,20,elitize_generation_data,211,13,0.035,NA
213,70,replace-space-with-newline,tourney,FALSE,20,elitize_generation_data,212,11,0.031,NA
214,70,replace-space-with-newline,tourney,FALSE,20,elitize_generation_data,213,16,0.042,NA
215,70,replace-space-with-newline,tourney,FALSE,20,elitize_generation_data,214,12,0.032,NA
216,70,replace-space-with-newline,tourney,FALSE,20,elitize_generation_data,215,11,0.038,NA
217,70,replace-space-with-newline,tourney,FALSE,20,elitize_generation_data,216,11,0.034,NA
218,70,replace-space-with-newline,tourney,FALSE,20,elitize_generation_data,217,18,0.041,NA
219,70,replace-space-with-newline,tourney,FALSE,20,elitize_generation_data,218,9,0.03,NA
220,70,replace-space-with-newline,tourney,FALSE,20,elitize_generation_data,219,13,0.041,NA
221,70,replace-space-with-newline,tourney,FALSE,20,elitize_generation_data,220,15,0.043,NA
222,70,replace-space-with-newline,tourney,FALSE,20,elitize_generation_data,221,11,0.031,NA
223,70,replace-space-with-newline,tourney,FALSE,20,elitize_generation_data,222,12,0.044,NA
224,70,replace-space-with-newline,tourney,FALSE,20,elitize_generation_data,223,11,0.036,NA
225,70,replace-space-with-newline,tourney,FALSE,20,elitize_generation_data,224,10,0.035,NA
226,70,replace-space-with-newline,tourney,FALSE,20,elitize_generation_data,225,13,0.042,NA
227,70,replace-space-with-newline,tourney,FALSE,20,elitize_generation_data,226,11,0.033,NA
228,70,replace-space-with-newline,tourney,FALSE,20,elitize_generation_data,227,12,0.039,NA
229,70,replace-space-with-newline,tourney,FALSE,20,elitize_generation_data,228,11,0.037,NA
230,70,replace-space-with-newline,tourney,FALSE,20,elitize_generation_data,229,14,0.036,NA
231,70,replace-space-with-newline,tourney,FALSE,20,elitize_generation_data,230,13,0.03,NA
232,70,replace-space-with-newline,tourney,FALSE,20,elitize_generation_data,231,12,0.04,NA
233,70,replace-space-with-newline,tourney,FALSE,20,elitize_generation_data,232,12,0.025,NA
234,70,replace-space-with-newline,tourney,FALSE,20,elitize_generation_data,233,10,0.038,NA
235,70,replace-space-with-newline,tourney,FALSE,20,elitize_generation_data,234,11,0.029,NA
236,70,replace-space-with-newline,tourney,FALSE,20,elitize_generation_data,235,12,0.033,NA
237,70,replace-space-with-newline,tourney,FALSE,20,elitize_generation_data,236,10,0.04,NA
238,70,replace-space-with-newline,tourney,FALSE,20,elitize_generation_data,237,10,0.037,NA
239,70,replace-space-with-newline,tourney,FALSE,20,elitize_generation_data,238,12,0.028,NA
240,70,replace-space-with-newline,tourney,FALSE,20,elitize_generation_data,239,12,0.035,NA
241,70,replace-space-with-newline,tourney,FALSE,20,elitize_generation_data,240,12,0.034,NA
242,70,replace-space-with-newline,tourney,FALSE,20,elitize_generation_data,241,9,0.025,NA
243,70,replace-space-with-newline,tourney,FALSE,20,elitize_generation_data,242,10,0.028,NA
244,70,replace-space-with-newline,tourney,FALSE,20,elitize_generation_data,243,13,0.036,NA
245,70,replace-space-with-newline,tourney,FALSE,20,elitize_generation_data,244,9,0.025,NA
246,70,replace-space-with-newline,tourney,FALSE,20,elitize_generation_data,245,10,0.033,NA
247,70,replace-space-with-newline,tourney,FALSE,20,elitize_generation_data,246,7,0.027,NA
248,70,replace-space-with-newline,tourney,FALSE,20,elitize_generation_data,247,10,0.032,NA
249,70,replace-space-with-newline,tourney,FALSE,20,elitize_generation_data,248,10,0.022,NA
250,70,replace-space-with-newline,tourney,FALSE,20,elitize_generation_data,249,14,0.035,NA
251,70,replace-space-with-newline,tourney,FALSE,20,elitize_generation_data,250,11,0.031,NA
252,70,replace-space-with-newline,tourney,FALSE,20,elitize_generation_data,251,9,0.028,NA
253,70,replace-space-with-newline,tourney,FALSE,20,elitize_generation_data,252,9,0.03,NA
254,70,replace-space-with-newline,tourney,FALSE,20,elitize_generation_data,253,10,0.04,NA
255,70,replace-space-with-newline,tourney,FALSE,20,elitize_generation_data,254,11,0.024,NA
256,70,replace-space-with-newline,tourney,FALSE,20,elitize_generation_data,255,10,0.027,NA
257,70,replace-space-with-newline,tourney,FALSE,20,elitize_generation_data,256,9,0.027,NA
258,70,replace-space-with-newline,tourney,FALSE,20,elitize_generation_data,257,9,0.028,NA
259,70,replace-space-with-newline,tourney,FALSE,20,elitize_generation_data,258,12,0.034,NA
260,70,replace-space-with-newline,tourney,FALSE,20,elitize_generation_data,259,12,0.031,NA
261,70,replace-space-with-newline,tourney,FALSE,20,elitize_generation_data,260,11,0.028,NA
262,70,replace-space-with-newline,tourney,FALSE,20,elitize_generation_data,261,10,0.029,NA
263,70,replace-space-with-newline,tourney,FALSE,20,elitize_generation_data,262,11,0.026,NA
264,70,replace-space-with-newline,tourney,FALSE,20,elitize_generation_data,263,11,0.028,NA
265,70,replace-space-with-newline,tourney,FALSE,20,elitize_generation_data,264,13,0.039,NA
266,70,replace-space-with-newline,tourney,FALSE,20,elitize_generation_data,265,14,0.04,NA
267,70,replace-space-with-newline,tourney,FALSE,20,elitize_generation_data,266,11,0.038,NA
268,70,replace-space-with-newline,tourney,FALSE,20,elitize_generation_data,267,9,0.022,NA
269,70,replace-space-with-newline,tourney,FALSE,20,elitize_generation_data,268,11,0.029,NA
270,70,replace-space-with-newline,tourney,FALSE,20,elitize_generation_data,269,10,0.028,NA
271,70,replace-space-with-newline,tourney,FALSE,20,elitize_generation_data,270,10,0.032,NA
272,70,replace-space-with-newline,tourney,FALSE,20,elitize_generation_data,271,10,0.027,NA
273,70,replace-space-with-newline,tourney,FALSE,20,elitize_generation_data,272,11,0.021,NA
274,70,replace-space-with-newline,tourney,FALSE,20,elitize_generation_data,273,11,0.032,NA
275,70,replace-space-with-newline,tourney,FALSE,20,elitize_generation_data,274,10,0.028,NA
276,70,replace-space-with-newline,tourney,FALSE,20,elitize_generation_data,275,13,0.029,NA
277,70,replace-space-with-newline,tourney,FALSE,20,elitize_generation_data,276,12,0.031,NA
278,70,replace-space-with-newline,tourney,FALSE,20,elitize_generation_data,277,11,0.03,NA
279,70,replace-space-with-newline,tourney,FALSE,20,elitize_generation_data,278,9,0.026,NA
280,70,replace-space-with-newline,tourney,FALSE,20,elitize_generation_data,279,9,0.029,NA
281,70,replace-space-with-newline,tourney,FALSE,20,elitize_generation_data,280,12,0.025,NA
282,70,replace-space-with-newline,tourney,FALSE,20,elitize_generation_data,281,13,0.034,NA
283,70,replace-space-with-newline,tourney,FALSE,20,elitize_generation_data,282,15,0.035,NA
284,70,replace-space-with-newline,tourney,FALSE,20,elitize_generation_data,283,13,0.032,NA
285,70,replace-space-with-newline,tourney,FALSE,20,elitize_generation_data,284,11,0.024,NA
286,70,replace-space-with-newline,tourney,FALSE,20,elitize_generation_data,285,9,0.028,NA
287,70,replace-space-with-newline,tourney,FALSE,20,elitize_generation_data,286,12,0.032,NA
288,70,replace-space-with-newline,tourney,FALSE,20,elitize_generation_data,287,8,0.025,NA
289,70,replace-space-with-newline,tourney,FALSE,20,elitize_generation_data,288,12,0.026,NA
290,70,replace-space-with-newline,tourney,FALSE,20,elitize_generation_data,289,10,0.027,NA
291,70,replace-space-with-newline,tourney,FALSE,20,elitize_generation_data,290,10,0.028,NA
292,70,replace-space-with-newline,tourney,FALSE,20,elitize_generation_data,291,10,0.024,NA
293,70,replace-space-with-newline,tourney,FALSE,20,elitize_generation_data,292,9,0.03,NA
294,70,replace-space-with-newline,tourney,FALSE,20,elitize_generation_data,293,13,0.034,NA
295,70,replace-space-with-newline,tourney,FALSE,20,elitize_generation_data,294,12,0.027,NA
296,70,replace-space-with-newline,tourney,FALSE,20,elitize_generation_data,295,11,0.024,NA
297,70,replace-space-with-newline,tourney,FALSE,20,elitize_generation_data,296,13,0.03,NA
298,70,replace-space-with-newline,tourney,FALSE,20,elitize_generation_data,297,11,0.032,NA
299,70,replace-space-with-newline,tourney,FALSE,20,elitize_generation_data,298,8,0.027,NA
300,70,replace-space-with-newline,tourney,FALSE,20,elitize_generation_data,299,9,0.028,NA
301,70,replace-space-with-newline,tourney,FALSE,20,elitize_generation_data,300,8,0.02,NA
