,run.num,problem,treatment,succeeded,height,normalization.function,generation,cluster.count,error.diversity,success.generation
1,20,replace-space-with-newline,tourney,FALSE,20,elitize_generation_data,0,5,0.47,NA
2,20,replace-space-with-newline,tourney,FALSE,20,elitize_generation_data,1,3,0.345,NA
3,20,replace-space-with-newline,tourney,FALSE,20,elitize_generation_data,2,5,0.229,NA
4,20,replace-space-with-newline,tourney,FALSE,20,elitize_generation_data,3,6,0.205,NA
5,20,replace-space-with-newline,tourney,FALSE,20,elitize_generation_data,4,6,0.148,NA
6,20,replace-space-with-newline,tourney,FALSE,20,elitize_generation_data,5,5,0.097,NA
7,20,replace-space-with-newline,tourney,FALSE,20,elitize_generation_data,6,6,0.096,NA
8,20,replace-space-with-newline,tourney,FALSE,20,elitize_generation_data,7,6,0.096,NA
9,20,replace-space-with-newline,tourney,FALSE,20,elitize_generation_data,8,6,0.126,NA
10,20,replace-space-with-newline,tourney,FALSE,20,elitize_generation_data,9,8,0.137,NA
11,20,replace-space-with-newline,tourney,FALSE,20,elitize_generation_data,10,10,0.086,NA
12,20,replace-space-with-newline,tourney,FALSE,20,elitize_generation_data,11,13,0.086,NA
13,20,replace-space-with-newline,tourney,FALSE,20,elitize_generation_data,12,11,0.084,NA
14,20,replace-space-with-newline,tourney,FALSE,20,elitize_generation_data,13,16,0.1,NA
15,20,replace-space-with-newline,tourney,FALSE,20,elitize_generation_data,14,14,0.11,NA
16,20,replace-space-with-newline,tourney,FALSE,20,elitize_generation_data,15,13,0.102,NA
17,20,replace-space-with-newline,tourney,FALSE,20,elitize_generation_data,16,11,0.093,NA
18,20,replace-space-with-newline,tourney,FALSE,20,elitize_generation_data,17,11,0.078,NA
19,20,replace-space-with-newline,tourney,FALSE,20,elitize_generation_data,18,11,0.076,NA
20,20,replace-space-with-newline,tourney,FALSE,20,elitize_generation_data,19,13,0.079,NA
21,20,replace-space-with-newline,tourney,FALSE,20,elitize_generation_data,20,13,0.081,NA
22,20,replace-space-with-newline,tourney,FALSE,20,elitize_generation_data,21,8,0.084,NA
23,20,replace-space-with-newline,tourney,FALSE,20,elitize_generation_data,22,9,0.075,NA
24,20,replace-space-with-newline,tourney,FALSE,20,elitize_generation_data,23,10,0.072,NA
25,20,replace-space-with-newline,tourney,FALSE,20,elitize_generation_data,24,8,0.077,NA
26,20,replace-space-with-newline,tourney,FALSE,20,elitize_generation_data,25,13,0.073,NA
27,20,replace-space-with-newline,tourney,FALSE,20,elitize_generation_data,26,12,0.082,NA
28,20,replace-space-with-newline,tourney,FALSE,20,elitize_generation_data,27,12,0.076,NA
29,20,replace-space-with-newline,tourney,FALSE,20,elitize_generation_data,28,9,0.076,NA
30,20,replace-space-with-newline,tourney,FALSE,20,elitize_generation_data,29,13,0.1,NA
31,20,replace-space-with-newline,tourney,FALSE,20,elitize_generation_data,30,12,0.085,NA
32,20,replace-space-with-newline,tourney,FALSE,20,elitize_generation_data,31,11,0.088,NA
33,20,replace-space-with-newline,tourney,FALSE,20,elitize_generation_data,32,10,0.074,NA
34,20,replace-space-with-newline,tourney,FALSE,20,elitize_generation_data,33,12,0.068,NA
35,20,replace-space-with-newline,tourney,FALSE,20,elitize_generation_data,34,9,0.079,NA
36,20,replace-space-with-newline,tourney,FALSE,20,elitize_generation_data,35,10,0.082,NA
37,20,replace-space-with-newline,tourney,FALSE,20,elitize_generation_data,36,10,0.069,NA
38,20,replace-space-with-newline,tourney,FALSE,20,elitize_generation_data,37,11,0.067,NA
39,20,replace-space-with-newline,tourney,FALSE,20,elitize_generation_data,38,10,0.082,NA
40,20,replace-space-with-newline,tourney,FALSE,20,elitize_generation_data,39,9,0.084,NA
41,20,replace-space-with-newline,tourney,FALSE,20,elitize_generation_data,40,10,0.09,NA
42,20,replace-space-with-newline,tourney,FALSE,20,elitize_generation_data,41,10,0.073,NA
43,20,replace-space-with-newline,tourney,FALSE,20,elitize_generation_data,42,11,0.058,NA
44,20,replace-space-with-newline,tourney,FALSE,20,elitize_generation_data,43,12,0.063,NA
45,20,replace-space-with-newline,tourney,FALSE,20,elitize_generation_data,44,10,0.066,NA
46,20,replace-space-with-newline,tourney,FALSE,20,elitize_generation_data,45,9,0.062,NA
47,20,replace-space-with-newline,tourney,FALSE,20,elitize_generation_data,46,9,0.067,NA
48,20,replace-space-with-newline,tourney,FALSE,20,elitize_generation_data,47,12,0.077,NA
49,20,replace-space-with-newline,tourney,FALSE,20,elitize_generation_data,48,10,0.07,NA
50,20,replace-space-with-newline,tourney,FALSE,20,elitize_generation_data,49,11,0.101,NA
51,20,replace-space-with-newline,tourney,FALSE,20,elitize_generation_data,50,11,0.107,NA
52,20,replace-space-with-newline,tourney,FALSE,20,elitize_generation_data,51,11,0.107,NA
53,20,replace-space-with-newline,tourney,FALSE,20,elitize_generation_data,52,13,0.11,NA
54,20,replace-space-with-newline,tourney,FALSE,20,elitize_generation_data,53,12,0.119,NA
55,20,replace-space-with-newline,tourney,FALSE,20,elitize_generation_data,54,14,0.145,NA
56,20,replace-space-with-newline,tourney,FALSE,20,elitize_generation_data,55,14,0.124,NA
57,20,replace-space-with-newline,tourney,FALSE,20,elitize_generation_data,56,14,0.15,NA
58,20,replace-space-with-newline,tourney,FALSE,20,elitize_generation_data,57,12,0.171,NA
59,20,replace-space-with-newline,tourney,FALSE,20,elitize_generation_data,58,12,0.171,NA
60,20,replace-space-with-newline,tourney,FALSE,20,elitize_generation_data,59,15,0.174,NA
61,20,replace-space-with-newline,tourney,FALSE,20,elitize_generation_data,60,10,0.158,NA
62,20,replace-space-with-newline,tourney,FALSE,20,elitize_generation_data,61,11,0.185,NA
63,20,replace-space-with-newline,tourney,FALSE,20,elitize_generation_data,62,12,0.194,NA
64,20,replace-space-with-newline,tourney,FALSE,20,elitize_generation_data,63,11,0.165,NA
65,20,replace-space-with-newline,tourney,FALSE,20,elitize_generation_data,64,11,0.167,NA
66,20,replace-space-with-newline,tourney,FALSE,20,elitize_generation_data,65,10,0.134,NA
67,20,replace-space-with-newline,tourney,FALSE,20,elitize_generation_data,66,10,0.149,NA
68,20,replace-space-with-newline,tourney,FALSE,20,elitize_generation_data,67,14,0.153,NA
69,20,replace-space-with-newline,tourney,FALSE,20,elitize_generation_data,68,14,0.147,NA
70,20,replace-space-with-newline,tourney,FALSE,20,elitize_generation_data,69,11,0.158,NA
71,20,replace-space-with-newline,tourney,FALSE,20,elitize_generation_data,70,12,0.165,NA
72,20,replace-space-with-newline,tourney,FALSE,20,elitize_generation_data,71,8,0.163,NA
73,20,replace-space-with-newline,tourney,FALSE,20,elitize_generation_data,72,11,0.161,NA
74,20,replace-space-with-newline,tourney,FALSE,20,elitize_generation_data,73,11,0.163,NA
75,20,replace-space-with-newline,tourney,FALSE,20,elitize_generation_data,74,11,0.158,NA
76,20,replace-space-with-newline,tourney,FALSE,20,elitize_generation_data,75,14,0.163,NA
77,20,replace-space-with-newline,tourney,FALSE,20,elitize_generation_data,76,13,0.18,NA
78,20,replace-space-with-newline,tourney,FALSE,20,elitize_generation_data,77,14,0.172,NA
79,20,replace-space-with-newline,tourney,FALSE,20,elitize_generation_data,78,13,0.169,NA
80,20,replace-space-with-newline,tourney,FALSE,20,elitize_generation_data,79,12,0.162,NA
81,20,replace-space-with-newline,tourney,FALSE,20,elitize_generation_data,80,11,0.183,NA
82,20,replace-space-with-newline,tourney,FALSE,20,elitize_generation_data,81,13,0.166,NA
83,20,replace-space-with-newline,tourney,FALSE,20,elitize_generation_data,82,11,0.165,NA
84,20,replace-space-with-newline,tourney,FALSE,20,elitize_generation_data,83,12,0.151,NA
85,20,replace-space-with-newline,tourney,FALSE,20,elitize_generation_data,84,11,0.158,NA
86,20,replace-space-with-newline,tourney,FALSE,20,elitize_generation_data,85,11,0.161,NA
87,20,replace-space-with-newline,tourney,FALSE,20,elitize_generation_data,86,16,0.184,NA
88,20,replace-space-with-newline,tourney,FALSE,20,elitize_generation_data,87,14,0.168,NA
89,20,replace-space-with-newline,tourney,FALSE,20,elitize_generation_data,88,10,0.177,NA
90,20,replace-space-with-newline,tourney,FALSE,20,elitize_generation_data,89,12,0.17,NA
91,20,replace-space-with-newline,tourney,FALSE,20,elitize_generation_data,90,12,0.157,NA
92,20,replace-space-with-newline,tourney,FALSE,20,elitize_generation_data,91,10,0.159,NA
93,20,replace-space-with-newline,tourney,FALSE,20,elitize_generation_data,92,9,0.15,NA
94,20,replace-space-with-newline,tourney,FALSE,20,elitize_generation_data,93,10,0.167,NA
95,20,replace-space-with-newline,tourney,FALSE,20,elitize_generation_data,94,8,0.158,NA
96,20,replace-space-with-newline,tourney,FALSE,20,elitize_generation_data,95,13,0.157,NA
97,20,replace-space-with-newline,tourney,FALSE,20,elitize_generation_data,96,9,0.162,NA
98,20,replace-space-with-newline,tourney,FALSE,20,elitize_generation_data,97,14,0.165,NA
99,20,replace-space-with-newline,tourney,FALSE,20,elitize_generation_data,98,11,0.182,NA
100,20,replace-space-with-newline,tourney,FALSE,20,elitize_generation_data,99,9,0.159,NA
101,20,replace-space-with-newline,tourney,FALSE,20,elitize_generation_data,100,12,0.153,NA
102,20,replace-space-with-newline,tourney,FALSE,20,elitize_generation_data,101,13,0.161,NA
103,20,replace-space-with-newline,tourney,FALSE,20,elitize_generation_data,102,14,0.182,NA
104,20,replace-space-with-newline,tourney,FALSE,20,elitize_generation_data,103,13,0.161,NA
105,20,replace-space-with-newline,tourney,FALSE,20,elitize_generation_data,104,12,0.167,NA
106,20,replace-space-with-newline,tourney,FALSE,20,elitize_generation_data,105,11,0.167,NA
107,20,replace-space-with-newline,tourney,FALSE,20,elitize_generation_data,106,10,0.166,NA
108,20,replace-space-with-newline,tourney,FALSE,20,elitize_generation_data,107,12,0.183,NA
109,20,replace-space-with-newline,tourney,FALSE,20,elitize_generation_data,108,10,0.162,NA
110,20,replace-space-with-newline,tourney,FALSE,20,elitize_generation_data,109,12,0.159,NA
111,20,replace-space-with-newline,tourney,FALSE,20,elitize_generation_data,110,11,0.156,NA
112,20,replace-space-with-newline,tourney,FALSE,20,elitize_generation_data,111,9,0.145,NA
113,20,replace-space-with-newline,tourney,FALSE,20,elitize_generation_data,112,13,0.148,NA
114,20,replace-space-with-newline,tourney,FALSE,20,elitize_generation_data,113,10,0.146,NA
115,20,replace-space-with-newline,tourney,FALSE,20,elitize_generation_data,114,10,0.147,NA
116,20,replace-space-with-newline,tourney,FALSE,20,elitize_generation_data,115,10,0.144,NA
117,20,replace-space-with-newline,tourney,FALSE,20,elitize_generation_data,116,13,0.147,NA
118,20,replace-space-with-newline,tourney,FALSE,20,elitize_generation_data,117,12,0.142,NA
119,20,replace-space-with-newline,tourney,FALSE,20,elitize_generation_data,118,12,0.161,NA
120,20,replace-space-with-newline,tourney,FALSE,20,elitize_generation_data,119,9,0.138,NA
121,20,replace-space-with-newline,tourney,FALSE,20,elitize_generation_data,120,13,0.16,NA
122,20,replace-space-with-newline,tourney,FALSE,20,elitize_generation_data,121,12,0.154,NA
123,20,replace-space-with-newline,tourney,FALSE,20,elitize_generation_data,122,12,0.144,NA
124,20,replace-space-with-newline,tourney,FALSE,20,elitize_generation_data,123,14,0.145,NA
125,20,replace-space-with-newline,tourney,FALSE,20,elitize_generation_data,124,11,0.152,NA
126,20,replace-space-with-newline,tourney,FALSE,20,elitize_generation_data,125,14,0.148,NA
127,20,replace-space-with-newline,tourney,FALSE,20,elitize_generation_data,126,13,0.16,NA
128,20,replace-space-with-newline,tourney,FALSE,20,elitize_generation_data,127,8,0.161,NA
129,20,replace-space-with-newline,tourney,FALSE,20,elitize_generation_data,128,14,0.154,NA
130,20,replace-space-with-newline,tourney,FALSE,20,elitize_generation_data,129,11,0.144,NA
131,20,replace-space-with-newline,tourney,FALSE,20,elitize_generation_data,130,10,0.156,NA
132,20,replace-space-with-newline,tourney,FALSE,20,elitize_generation_data,131,8,0.157,NA
133,20,replace-space-with-newline,tourney,FALSE,20,elitize_generation_data,132,16,0.166,NA
134,20,replace-space-with-newline,tourney,FALSE,20,elitize_generation_data,133,12,0.163,NA
135,20,replace-space-with-newline,tourney,FALSE,20,elitize_generation_data,134,9,0.145,NA
136,20,replace-space-with-newline,tourney,FALSE,20,elitize_generation_data,135,12,0.166,NA
137,20,replace-space-with-newline,tourney,FALSE,20,elitize_generation_data,136,14,0.16,NA
138,20,replace-space-with-newline,tourney,FALSE,20,elitize_generation_data,137,12,0.169,NA
139,20,replace-space-with-newline,tourney,FALSE,20,elitize_generation_data,138,12,0.17,NA
140,20,replace-space-with-newline,tourney,FALSE,20,elitize_generation_data,139,10,0.149,NA
141,20,replace-space-with-newline,tourney,FALSE,20,elitize_generation_data,140,12,0.162,NA
142,20,replace-space-with-newline,tourney,FALSE,20,elitize_generation_data,141,11,0.17,NA
143,20,replace-space-with-newline,tourney,FALSE,20,elitize_generation_data,142,10,0.172,NA
144,20,replace-space-with-newline,tourney,FALSE,20,elitize_generation_data,143,17,0.168,NA
145,20,replace-space-with-newline,tourney,FALSE,20,elitize_generation_data,144,12,0.158,NA
146,20,replace-space-with-newline,tourney,FALSE,20,elitize_generation_data,145,13,0.17,NA
147,20,replace-space-with-newline,tourney,FALSE,20,elitize_generation_data,146,15,0.165,NA
148,20,replace-space-with-newline,tourney,FALSE,20,elitize_generation_data,147,12,0.16,NA
149,20,replace-space-with-newline,tourney,FALSE,20,elitize_generation_data,148,15,0.16,NA
150,20,replace-space-with-newline,tourney,FALSE,20,elitize_generation_data,149,11,0.147,NA
151,20,replace-space-with-newline,tourney,FALSE,20,elitize_generation_data,150,16,0.151,NA
152,20,replace-space-with-newline,tourney,FALSE,20,elitize_generation_data,151,13,0.164,NA
153,20,replace-space-with-newline,tourney,FALSE,20,elitize_generation_data,152,13,0.165,NA
154,20,replace-space-with-newline,tourney,FALSE,20,elitize_generation_data,153,10,0.142,NA
155,20,replace-space-with-newline,tourney,FALSE,20,elitize_generation_data,154,17,0.156,NA
156,20,replace-space-with-newline,tourney,FALSE,20,elitize_generation_data,155,15,0.174,NA
157,20,replace-space-with-newline,tourney,FALSE,20,elitize_generation_data,156,14,0.209,NA
158,20,replace-space-with-newline,tourney,FALSE,20,elitize_generation_data,157,16,0.253,NA
159,20,replace-space-with-newline,tourney,FALSE,20,elitize_generation_data,158,16,0.252,NA
160,20,replace-space-with-newline,tourney,FALSE,20,elitize_generation_data,159,17,0.268,NA
161,20,replace-space-with-newline,tourney,FALSE,20,elitize_generation_data,160,19,0.246,NA
162,20,replace-space-with-newline,tourney,FALSE,20,elitize_generation_data,161,16,0.266,NA
163,20,replace-space-with-newline,tourney,FALSE,20,elitize_generation_data,162,14,0.23,NA
164,20,replace-space-with-newline,tourney,FALSE,20,elitize_generation_data,163,11,0.212,NA
165,20,replace-space-with-newline,tourney,FALSE,20,elitize_generation_data,164,15,0.22,NA
166,20,replace-space-with-newline,tourney,FALSE,20,elitize_generation_data,165,12,0.226,NA
167,20,replace-space-with-newline,tourney,FALSE,20,elitize_generation_data,166,13,0.221,NA
168,20,replace-space-with-newline,tourney,FALSE,20,elitize_generation_data,167,17,0.236,NA
169,20,replace-space-with-newline,tourney,FALSE,20,elitize_generation_data,168,12,0.226,NA
170,20,replace-space-with-newline,tourney,FALSE,20,elitize_generation_data,169,16,0.211,NA
171,20,replace-space-with-newline,tourney,FALSE,20,elitize_generation_data,170,15,0.203,NA
172,20,replace-space-with-newline,tourney,FALSE,20,elitize_generation_data,171,18,0.166,NA
173,20,replace-space-with-newline,tourney,FALSE,20,elitize_generation_data,172,13,0.185,NA
174,20,replace-space-with-newline,tourney,FALSE,20,elitize_generation_data,173,14,0.186,NA
175,20,replace-space-with-newline,tourney,FALSE,20,elitize_generation_data,174,14,0.172,NA
176,20,replace-space-with-newline,tourney,FALSE,20,elitize_generation_data,175,16,0.184,NA
177,20,replace-space-with-newline,tourney,FALSE,20,elitize_generation_data,176,17,0.173,NA
178,20,replace-space-with-newline,tourney,FALSE,20,elitize_generation_data,177,16,0.178,NA
179,20,replace-space-with-newline,tourney,FALSE,20,elitize_generation_data,178,16,0.184,NA
180,20,replace-space-with-newline,tourney,FALSE,20,elitize_generation_data,179,14,0.189,NA
181,20,replace-space-with-newline,tourney,FALSE,20,elitize_generation_data,180,15,0.19,NA
182,20,replace-space-with-newline,tourney,FALSE,20,elitize_generation_data,181,14,0.185,NA
183,20,replace-space-with-newline,tourney,FALSE,20,elitize_generation_data,182,13,0.19,NA
184,20,replace-space-with-newline,tourney,FALSE,20,elitize_generation_data,183,11,0.181,NA
185,20,replace-space-with-newline,tourney,FALSE,20,elitize_generation_data,184,17,0.173,NA
186,20,replace-space-with-newline,tourney,FALSE,20,elitize_generation_data,185,18,0.19,NA
187,20,replace-space-with-newline,tourney,FALSE,20,elitize_generation_data,186,14,0.168,NA
188,20,replace-space-with-newline,tourney,FALSE,20,elitize_generation_data,187,13,0.197,NA
189,20,replace-space-with-newline,tourney,FALSE,20,elitize_generation_data,188,13,0.18,NA
190,20,replace-space-with-newline,tourney,FALSE,20,elitize_generation_data,189,16,0.193,NA
191,20,replace-space-with-newline,tourney,FALSE,20,elitize_generation_data,190,18,0.187,NA
192,20,replace-space-with-newline,tourney,FALSE,20,elitize_generation_data,191,18,0.173,NA
193,20,replace-space-with-newline,tourney,FALSE,20,elitize_generation_data,192,18,0.184,NA
194,20,replace-space-with-newline,tourney,FALSE,20,elitize_generation_data,193,15,0.193,NA
195,20,replace-space-with-newline,tourney,FALSE,20,elitize_generation_data,194,18,0.193,NA
196,20,replace-space-with-newline,tourney,FALSE,20,elitize_generation_data,195,17,0.193,NA
197,20,replace-space-with-newline,tourney,FALSE,20,elitize_generation_data,196,15,0.191,NA
198,20,replace-space-with-newline,tourney,FALSE,20,elitize_generation_data,197,14,0.207,NA
199,20,replace-space-with-newline,tourney,FALSE,20,elitize_generation_data,198,15,0.19,NA
200,20,replace-space-with-newline,tourney,FALSE,20,elitize_generation_data,199,16,0.199,NA
201,20,replace-space-with-newline,tourney,FALSE,20,elitize_generation_data,200,18,0.187,NA
202,20,replace-space-with-newline,tourney,FALSE,20,elitize_generation_data,201,13,0.178,NA
203,20,replace-space-with-newline,tourney,FALSE,20,elitize_generation_data,202,16,0.198,NA
204,20,replace-space-with-newline,tourney,FALSE,20,elitize_generation_data,203,14,0.176,NA
205,20,replace-space-with-newline,tourney,FALSE,20,elitize_generation_data,204,12,0.189,NA
206,20,replace-space-with-newline,tourney,FALSE,20,elitize_generation_data,205,15,0.189,NA
207,20,replace-space-with-newline,tourney,FALSE,20,elitize_generation_data,206,15,0.179,NA
208,20,replace-space-with-newline,tourney,FALSE,20,elitize_generation_data,207,15,0.189,NA
209,20,replace-space-with-newline,tourney,FALSE,20,elitize_generation_data,208,16,0.187,NA
210,20,replace-space-with-newline,tourney,FALSE,20,elitize_generation_data,209,13,0.185,NA
211,20,replace-space-with-newline,tourney,FALSE,20,elitize_generation_data,210,17,0.188,NA
212,20,replace-space-with-newline,tourney,FALSE,20,elitize_generation_data,211,20,0.183,NA
213,20,replace-space-with-newline,tourney,FALSE,20,elitize_generation_data,212,13,0.19,NA
214,20,replace-space-with-newline,tourney,FALSE,20,elitize_generation_data,213,13,0.191,NA
215,20,replace-space-with-newline,tourney,FALSE,20,elitize_generation_data,214,17,0.199,NA
216,20,replace-space-with-newline,tourney,FALSE,20,elitize_generation_data,215,18,0.201,NA
217,20,replace-space-with-newline,tourney,FALSE,20,elitize_generation_data,216,17,0.19,NA
218,20,replace-space-with-newline,tourney,FALSE,20,elitize_generation_data,217,18,0.185,NA
219,20,replace-space-with-newline,tourney,FALSE,20,elitize_generation_data,218,15,0.184,NA
220,20,replace-space-with-newline,tourney,FALSE,20,elitize_generation_data,219,16,0.205,NA
221,20,replace-space-with-newline,tourney,FALSE,20,elitize_generation_data,220,12,0.184,NA
222,20,replace-space-with-newline,tourney,FALSE,20,elitize_generation_data,221,17,0.193,NA
223,20,replace-space-with-newline,tourney,FALSE,20,elitize_generation_data,222,17,0.207,NA
224,20,replace-space-with-newline,tourney,FALSE,20,elitize_generation_data,223,14,0.196,NA
225,20,replace-space-with-newline,tourney,FALSE,20,elitize_generation_data,224,19,0.202,NA
226,20,replace-space-with-newline,tourney,FALSE,20,elitize_generation_data,225,17,0.191,NA
227,20,replace-space-with-newline,tourney,FALSE,20,elitize_generation_data,226,20,0.195,NA
228,20,replace-space-with-newline,tourney,FALSE,20,elitize_generation_data,227,14,0.211,NA
229,20,replace-space-with-newline,tourney,FALSE,20,elitize_generation_data,228,13,0.197,NA
230,20,replace-space-with-newline,tourney,FALSE,20,elitize_generation_data,229,15,0.189,NA
231,20,replace-space-with-newline,tourney,FALSE,20,elitize_generation_data,230,18,0.17,NA
232,20,replace-space-with-newline,tourney,FALSE,20,elitize_generation_data,231,13,0.194,NA
233,20,replace-space-with-newline,tourney,FALSE,20,elitize_generation_data,232,14,0.183,NA
234,20,replace-space-with-newline,tourney,FALSE,20,elitize_generation_data,233,17,0.194,NA
235,20,replace-space-with-newline,tourney,FALSE,20,elitize_generation_data,234,16,0.204,NA
236,20,replace-space-with-newline,tourney,FALSE,20,elitize_generation_data,235,15,0.21,NA
237,20,replace-space-with-newline,tourney,FALSE,20,elitize_generation_data,236,16,0.197,NA
238,20,replace-space-with-newline,tourney,FALSE,20,elitize_generation_data,237,20,0.184,NA
239,20,replace-space-with-newline,tourney,FALSE,20,elitize_generation_data,238,16,0.177,NA
240,20,replace-space-with-newline,tourney,FALSE,20,elitize_generation_data,239,19,0.196,NA
241,20,replace-space-with-newline,tourney,FALSE,20,elitize_generation_data,240,17,0.193,NA
242,20,replace-space-with-newline,tourney,FALSE,20,elitize_generation_data,241,16,0.192,NA
243,20,replace-space-with-newline,tourney,FALSE,20,elitize_generation_data,242,11,0.206,NA
244,20,replace-space-with-newline,tourney,FALSE,20,elitize_generation_data,243,14,0.18,NA
245,20,replace-space-with-newline,tourney,FALSE,20,elitize_generation_data,244,16,0.18,NA
246,20,replace-space-with-newline,tourney,FALSE,20,elitize_generation_data,245,16,0.184,NA
247,20,replace-space-with-newline,tourney,FALSE,20,elitize_generation_data,246,11,0.185,NA
248,20,replace-space-with-newline,tourney,FALSE,20,elitize_generation_data,247,15,0.187,NA
249,20,replace-space-with-newline,tourney,FALSE,20,elitize_generation_data,248,15,0.18,NA
250,20,replace-space-with-newline,tourney,FALSE,20,elitize_generation_data,249,15,0.185,NA
251,20,replace-space-with-newline,tourney,FALSE,20,elitize_generation_data,250,16,0.17,NA
252,20,replace-space-with-newline,tourney,FALSE,20,elitize_generation_data,251,17,0.184,NA
253,20,replace-space-with-newline,tourney,FALSE,20,elitize_generation_data,252,18,0.189,NA
254,20,replace-space-with-newline,tourney,FALSE,20,elitize_generation_data,253,15,0.189,NA
255,20,replace-space-with-newline,tourney,FALSE,20,elitize_generation_data,254,16,0.21,NA
256,20,replace-space-with-newline,tourney,FALSE,20,elitize_generation_data,255,12,0.171,NA
257,20,replace-space-with-newline,tourney,FALSE,20,elitize_generation_data,256,18,0.176,NA
258,20,replace-space-with-newline,tourney,FALSE,20,elitize_generation_data,257,14,0.198,NA
259,20,replace-space-with-newline,tourney,FALSE,20,elitize_generation_data,258,16,0.201,NA
260,20,replace-space-with-newline,tourney,FALSE,20,elitize_generation_data,259,15,0.205,NA
261,20,replace-space-with-newline,tourney,FALSE,20,elitize_generation_data,260,11,0.192,NA
262,20,replace-space-with-newline,tourney,FALSE,20,elitize_generation_data,261,14,0.193,NA
263,20,replace-space-with-newline,tourney,FALSE,20,elitize_generation_data,262,17,0.177,NA
264,20,replace-space-with-newline,tourney,FALSE,20,elitize_generation_data,263,17,0.191,NA
265,20,replace-space-with-newline,tourney,FALSE,20,elitize_generation_data,264,15,0.209,NA
266,20,replace-space-with-newline,tourney,FALSE,20,elitize_generation_data,265,16,0.179,NA
267,20,replace-space-with-newline,tourney,FALSE,20,elitize_generation_data,266,15,0.181,NA
268,20,replace-space-with-newline,tourney,FALSE,20,elitize_generation_data,267,17,0.197,NA
269,20,replace-space-with-newline,tourney,FALSE,20,elitize_generation_data,268,12,0.184,NA
270,20,replace-space-with-newline,tourney,FALSE,20,elitize_generation_data,269,17,0.191,NA
271,20,replace-space-with-newline,tourney,FALSE,20,elitize_generation_data,270,15,0.175,NA
272,20,replace-space-with-newline,tourney,FALSE,20,elitize_generation_data,271,17,0.207,NA
273,20,replace-space-with-newline,tourney,FALSE,20,elitize_generation_data,272,14,0.186,NA
274,20,replace-space-with-newline,tourney,FALSE,20,elitize_generation_data,273,18,0.208,NA
275,20,replace-space-with-newline,tourney,FALSE,20,elitize_generation_data,274,14,0.187,NA
276,20,replace-space-with-newline,tourney,FALSE,20,elitize_generation_data,275,16,0.182,NA
277,20,replace-space-with-newline,tourney,FALSE,20,elitize_generation_data,276,16,0.169,NA
278,20,replace-space-with-newline,tourney,FALSE,20,elitize_generation_data,277,16,0.195,NA
279,20,replace-space-with-newline,tourney,FALSE,20,elitize_generation_data,278,20,0.173,NA
280,20,replace-space-with-newline,tourney,FALSE,20,elitize_generation_data,279,16,0.194,NA
281,20,replace-space-with-newline,tourney,FALSE,20,elitize_generation_data,280,18,0.202,NA
282,20,replace-space-with-newline,tourney,FALSE,20,elitize_generation_data,281,15,0.175,NA
283,20,replace-space-with-newline,tourney,FALSE,20,elitize_generation_data,282,13,0.169,NA
284,20,replace-space-with-newline,tourney,FALSE,20,elitize_generation_data,283,16,0.173,NA
285,20,replace-space-with-newline,tourney,FALSE,20,elitize_generation_data,284,16,0.2,NA
286,20,replace-space-with-newline,tourney,FALSE,20,elitize_generation_data,285,21,0.186,NA
287,20,replace-space-with-newline,tourney,FALSE,20,elitize_generation_data,286,16,0.177,NA
288,20,replace-space-with-newline,tourney,FALSE,20,elitize_generation_data,287,14,0.183,NA
289,20,replace-space-with-newline,tourney,FALSE,20,elitize_generation_data,288,19,0.196,NA
290,20,replace-space-with-newline,tourney,FALSE,20,elitize_generation_data,289,13,0.167,NA
291,20,replace-space-with-newline,tourney,FALSE,20,elitize_generation_data,290,12,0.165,NA
292,20,replace-space-with-newline,tourney,FALSE,20,elitize_generation_data,291,19,0.187,NA
293,20,replace-space-with-newline,tourney,FALSE,20,elitize_generation_data,292,16,0.174,NA
294,20,replace-space-with-newline,tourney,FALSE,20,elitize_generation_data,293,18,0.183,NA
295,20,replace-space-with-newline,tourney,FALSE,20,elitize_generation_data,294,19,0.186,NA
296,20,replace-space-with-newline,tourney,FALSE,20,elitize_generation_data,295,15,0.183,NA
297,20,replace-space-with-newline,tourney,FALSE,20,elitize_generation_data,296,20,0.196,NA
298,20,replace-space-with-newline,tourney,FALSE,20,elitize_generation_data,297,16,0.191,NA
299,20,replace-space-with-newline,tourney,FALSE,20,elitize_generation_data,298,18,0.182,NA
300,20,replace-space-with-newline,tourney,FALSE,20,elitize_generation_data,299,18,0.172,NA
301,20,replace-space-with-newline,tourney,FALSE,20,elitize_generation_data,300,18,0.189,NA
