,run.num,problem,treatment,succeeded,height,normalization.function,generation,cluster.count,error.diversity,success.generation
1,72,replace-space-with-newline,tourney,FALSE,20,elitize_generation_data,0,3,0.446,NA
2,72,replace-space-with-newline,tourney,FALSE,20,elitize_generation_data,1,8,0.362,NA
3,72,replace-space-with-newline,tourney,FALSE,20,elitize_generation_data,2,8,0.24,NA
4,72,replace-space-with-newline,tourney,FALSE,20,elitize_generation_data,3,9,0.227,NA
5,72,replace-space-with-newline,tourney,FALSE,20,elitize_generation_data,4,13,0.212,NA
6,72,replace-space-with-newline,tourney,FALSE,20,elitize_generation_data,5,19,0.213,NA
7,72,replace-space-with-newline,tourney,FALSE,20,elitize_generation_data,6,17,0.208,NA
8,72,replace-space-with-newline,tourney,FALSE,20,elitize_generation_data,7,16,0.15,NA
9,72,replace-space-with-newline,tourney,FALSE,20,elitize_generation_data,8,19,0.167,NA
10,72,replace-space-with-newline,tourney,FALSE,20,elitize_generation_data,9,20,0.158,NA
11,72,replace-space-with-newline,tourney,FALSE,20,elitize_generation_data,10,26,0.186,NA
12,72,replace-space-with-newline,tourney,FALSE,20,elitize_generation_data,11,21,0.208,NA
13,72,replace-space-with-newline,tourney,FALSE,20,elitize_generation_data,12,25,0.186,NA
14,72,replace-space-with-newline,tourney,FALSE,20,elitize_generation_data,13,14,0.172,NA
15,72,replace-space-with-newline,tourney,FALSE,20,elitize_generation_data,14,20,0.145,NA
16,72,replace-space-with-newline,tourney,FALSE,20,elitize_generation_data,15,26,0.162,NA
17,72,replace-space-with-newline,tourney,FALSE,20,elitize_generation_data,16,24,0.155,NA
18,72,replace-space-with-newline,tourney,FALSE,20,elitize_generation_data,17,20,0.166,NA
19,72,replace-space-with-newline,tourney,FALSE,20,elitize_generation_data,18,21,0.175,NA
20,72,replace-space-with-newline,tourney,FALSE,20,elitize_generation_data,19,15,0.16,NA
21,72,replace-space-with-newline,tourney,FALSE,20,elitize_generation_data,20,10,0.154,NA
22,72,replace-space-with-newline,tourney,FALSE,20,elitize_generation_data,21,21,0.16,NA
23,72,replace-space-with-newline,tourney,FALSE,20,elitize_generation_data,22,15,0.145,NA
24,72,replace-space-with-newline,tourney,FALSE,20,elitize_generation_data,23,21,0.168,NA
25,72,replace-space-with-newline,tourney,FALSE,20,elitize_generation_data,24,10,0.156,NA
26,72,replace-space-with-newline,tourney,FALSE,20,elitize_generation_data,25,16,0.157,NA
27,72,replace-space-with-newline,tourney,FALSE,20,elitize_generation_data,26,18,0.148,NA
28,72,replace-space-with-newline,tourney,FALSE,20,elitize_generation_data,27,16,0.164,NA
29,72,replace-space-with-newline,tourney,FALSE,20,elitize_generation_data,28,15,0.137,NA
30,72,replace-space-with-newline,tourney,FALSE,20,elitize_generation_data,29,24,0.138,NA
31,72,replace-space-with-newline,tourney,FALSE,20,elitize_generation_data,30,22,0.142,NA
32,72,replace-space-with-newline,tourney,FALSE,20,elitize_generation_data,31,15,0.127,NA
33,72,replace-space-with-newline,tourney,FALSE,20,elitize_generation_data,32,18,0.12,NA
34,72,replace-space-with-newline,tourney,FALSE,20,elitize_generation_data,33,10,0.116,NA
35,72,replace-space-with-newline,tourney,FALSE,20,elitize_generation_data,34,11,0.101,NA
36,72,replace-space-with-newline,tourney,FALSE,20,elitize_generation_data,35,13,0.101,NA
37,72,replace-space-with-newline,tourney,FALSE,20,elitize_generation_data,36,15,0.115,NA
38,72,replace-space-with-newline,tourney,FALSE,20,elitize_generation_data,37,12,0.115,NA
39,72,replace-space-with-newline,tourney,FALSE,20,elitize_generation_data,38,15,0.093,NA
40,72,replace-space-with-newline,tourney,FALSE,20,elitize_generation_data,39,18,0.09,NA
41,72,replace-space-with-newline,tourney,FALSE,20,elitize_generation_data,40,20,0.121,NA
42,72,replace-space-with-newline,tourney,FALSE,20,elitize_generation_data,41,14,0.106,NA
43,72,replace-space-with-newline,tourney,FALSE,20,elitize_generation_data,42,8,0.089,NA
44,72,replace-space-with-newline,tourney,FALSE,20,elitize_generation_data,43,12,0.1,NA
45,72,replace-space-with-newline,tourney,FALSE,20,elitize_generation_data,44,15,0.095,NA
46,72,replace-space-with-newline,tourney,FALSE,20,elitize_generation_data,45,14,0.09,NA
47,72,replace-space-with-newline,tourney,FALSE,20,elitize_generation_data,46,15,0.084,NA
48,72,replace-space-with-newline,tourney,FALSE,20,elitize_generation_data,47,15,0.081,NA
49,72,replace-space-with-newline,tourney,FALSE,20,elitize_generation_data,48,13,0.064,NA
50,72,replace-space-with-newline,tourney,FALSE,20,elitize_generation_data,49,10,0.056,NA
51,72,replace-space-with-newline,tourney,FALSE,20,elitize_generation_data,50,14,0.069,NA
52,72,replace-space-with-newline,tourney,FALSE,20,elitize_generation_data,51,15,0.089,NA
53,72,replace-space-with-newline,tourney,FALSE,20,elitize_generation_data,52,9,0.067,NA
54,72,replace-space-with-newline,tourney,FALSE,20,elitize_generation_data,53,11,0.077,NA
55,72,replace-space-with-newline,tourney,FALSE,20,elitize_generation_data,54,9,0.092,NA
56,72,replace-space-with-newline,tourney,FALSE,20,elitize_generation_data,55,13,0.078,NA
57,72,replace-space-with-newline,tourney,FALSE,20,elitize_generation_data,56,12,0.062,NA
58,72,replace-space-with-newline,tourney,FALSE,20,elitize_generation_data,57,11,0.083,NA
59,72,replace-space-with-newline,tourney,FALSE,20,elitize_generation_data,58,13,0.061,NA
60,72,replace-space-with-newline,tourney,FALSE,20,elitize_generation_data,59,13,0.063,NA
61,72,replace-space-with-newline,tourney,FALSE,20,elitize_generation_data,60,16,0.073,NA
62,72,replace-space-with-newline,tourney,FALSE,20,elitize_generation_data,61,12,0.062,NA
63,72,replace-space-with-newline,tourney,FALSE,20,elitize_generation_data,62,14,0.075,NA
64,72,replace-space-with-newline,tourney,FALSE,20,elitize_generation_data,63,10,0.055,NA
65,72,replace-space-with-newline,tourney,FALSE,20,elitize_generation_data,64,8,0.076,NA
66,72,replace-space-with-newline,tourney,FALSE,20,elitize_generation_data,65,13,0.083,NA
67,72,replace-space-with-newline,tourney,FALSE,20,elitize_generation_data,66,7,0.062,NA
68,72,replace-space-with-newline,tourney,FALSE,20,elitize_generation_data,67,10,0.072,NA
69,72,replace-space-with-newline,tourney,FALSE,20,elitize_generation_data,68,12,0.089,NA
70,72,replace-space-with-newline,tourney,FALSE,20,elitize_generation_data,69,12,0.085,NA
71,72,replace-space-with-newline,tourney,FALSE,20,elitize_generation_data,70,11,0.088,NA
72,72,replace-space-with-newline,tourney,FALSE,20,elitize_generation_data,71,10,0.099,NA
73,72,replace-space-with-newline,tourney,FALSE,20,elitize_generation_data,72,11,0.083,NA
74,72,replace-space-with-newline,tourney,FALSE,20,elitize_generation_data,73,11,0.107,NA
75,72,replace-space-with-newline,tourney,FALSE,20,elitize_generation_data,74,12,0.108,NA
76,72,replace-space-with-newline,tourney,FALSE,20,elitize_generation_data,75,12,0.112,NA
77,72,replace-space-with-newline,tourney,FALSE,20,elitize_generation_data,76,10,0.115,NA
78,72,replace-space-with-newline,tourney,FALSE,20,elitize_generation_data,77,10,0.129,NA
79,72,replace-space-with-newline,tourney,FALSE,20,elitize_generation_data,78,11,0.143,NA
80,72,replace-space-with-newline,tourney,FALSE,20,elitize_generation_data,79,11,0.155,NA
81,72,replace-space-with-newline,tourney,FALSE,20,elitize_generation_data,80,11,0.156,NA
82,72,replace-space-with-newline,tourney,FALSE,20,elitize_generation_data,81,14,0.171,NA
83,72,replace-space-with-newline,tourney,FALSE,20,elitize_generation_data,82,15,0.177,NA
84,72,replace-space-with-newline,tourney,FALSE,20,elitize_generation_data,83,10,0.172,NA
85,72,replace-space-with-newline,tourney,FALSE,20,elitize_generation_data,84,11,0.179,NA
86,72,replace-space-with-newline,tourney,FALSE,20,elitize_generation_data,85,14,0.199,NA
87,72,replace-space-with-newline,tourney,FALSE,20,elitize_generation_data,86,17,0.187,NA
88,72,replace-space-with-newline,tourney,FALSE,20,elitize_generation_data,87,20,0.194,NA
89,72,replace-space-with-newline,tourney,FALSE,20,elitize_generation_data,88,14,0.176,NA
90,72,replace-space-with-newline,tourney,FALSE,20,elitize_generation_data,89,13,0.19,NA
91,72,replace-space-with-newline,tourney,FALSE,20,elitize_generation_data,90,20,0.179,NA
92,72,replace-space-with-newline,tourney,FALSE,20,elitize_generation_data,91,16,0.204,NA
93,72,replace-space-with-newline,tourney,FALSE,20,elitize_generation_data,92,15,0.208,NA
94,72,replace-space-with-newline,tourney,FALSE,20,elitize_generation_data,93,25,0.24,NA
95,72,replace-space-with-newline,tourney,FALSE,20,elitize_generation_data,94,22,0.301,NA
96,72,replace-space-with-newline,tourney,FALSE,20,elitize_generation_data,95,23,0.378,NA
97,72,replace-space-with-newline,tourney,FALSE,20,elitize_generation_data,96,28,0.379,NA
98,72,replace-space-with-newline,tourney,FALSE,20,elitize_generation_data,97,37,0.426,NA
99,72,replace-space-with-newline,tourney,FALSE,20,elitize_generation_data,98,31,0.417,NA
100,72,replace-space-with-newline,tourney,FALSE,20,elitize_generation_data,99,31,0.393,NA
101,72,replace-space-with-newline,tourney,FALSE,20,elitize_generation_data,100,21,0.369,NA
102,72,replace-space-with-newline,tourney,FALSE,20,elitize_generation_data,101,27,0.348,NA
103,72,replace-space-with-newline,tourney,FALSE,20,elitize_generation_data,102,25,0.333,NA
104,72,replace-space-with-newline,tourney,FALSE,20,elitize_generation_data,103,25,0.339,NA
105,72,replace-space-with-newline,tourney,FALSE,20,elitize_generation_data,104,25,0.342,NA
106,72,replace-space-with-newline,tourney,FALSE,20,elitize_generation_data,105,32,0.361,NA
107,72,replace-space-with-newline,tourney,FALSE,20,elitize_generation_data,106,41,0.348,NA
108,72,replace-space-with-newline,tourney,FALSE,20,elitize_generation_data,107,46,0.332,NA
109,72,replace-space-with-newline,tourney,FALSE,20,elitize_generation_data,108,31,0.352,NA
110,72,replace-space-with-newline,tourney,FALSE,20,elitize_generation_data,109,39,0.355,NA
111,72,replace-space-with-newline,tourney,FALSE,20,elitize_generation_data,110,39,0.383,NA
112,72,replace-space-with-newline,tourney,FALSE,20,elitize_generation_data,111,34,0.375,NA
113,72,replace-space-with-newline,tourney,FALSE,20,elitize_generation_data,112,42,0.351,NA
114,72,replace-space-with-newline,tourney,FALSE,20,elitize_generation_data,113,45,0.392,NA
115,72,replace-space-with-newline,tourney,FALSE,20,elitize_generation_data,114,41,0.394,NA
116,72,replace-space-with-newline,tourney,FALSE,20,elitize_generation_data,115,42,0.408,NA
117,72,replace-space-with-newline,tourney,FALSE,20,elitize_generation_data,116,37,0.419,NA
118,72,replace-space-with-newline,tourney,FALSE,20,elitize_generation_data,117,46,0.429,NA
119,72,replace-space-with-newline,tourney,FALSE,20,elitize_generation_data,118,47,0.436,NA
120,72,replace-space-with-newline,tourney,FALSE,20,elitize_generation_data,119,42,0.397,NA
121,72,replace-space-with-newline,tourney,FALSE,20,elitize_generation_data,120,43,0.397,NA
122,72,replace-space-with-newline,tourney,FALSE,20,elitize_generation_data,121,46,0.401,NA
123,72,replace-space-with-newline,tourney,FALSE,20,elitize_generation_data,122,55,0.457,NA
124,72,replace-space-with-newline,tourney,FALSE,20,elitize_generation_data,123,50,0.464,NA
125,72,replace-space-with-newline,tourney,FALSE,20,elitize_generation_data,124,54,0.471,NA
126,72,replace-space-with-newline,tourney,FALSE,20,elitize_generation_data,125,48,0.481,NA
127,72,replace-space-with-newline,tourney,FALSE,20,elitize_generation_data,126,46,0.386,NA
128,72,replace-space-with-newline,tourney,FALSE,20,elitize_generation_data,127,40,0.316,NA
129,72,replace-space-with-newline,tourney,FALSE,20,elitize_generation_data,128,42,0.32,NA
130,72,replace-space-with-newline,tourney,FALSE,20,elitize_generation_data,129,38,0.317,NA
131,72,replace-space-with-newline,tourney,FALSE,20,elitize_generation_data,130,46,0.345,NA
132,72,replace-space-with-newline,tourney,FALSE,20,elitize_generation_data,131,43,0.346,NA
133,72,replace-space-with-newline,tourney,FALSE,20,elitize_generation_data,132,40,0.327,NA
134,72,replace-space-with-newline,tourney,FALSE,20,elitize_generation_data,133,32,0.306,NA
135,72,replace-space-with-newline,tourney,FALSE,20,elitize_generation_data,134,38,0.35,NA
136,72,replace-space-with-newline,tourney,FALSE,20,elitize_generation_data,135,41,0.345,NA
137,72,replace-space-with-newline,tourney,FALSE,20,elitize_generation_data,136,40,0.347,NA
138,72,replace-space-with-newline,tourney,FALSE,20,elitize_generation_data,137,37,0.352,NA
139,72,replace-space-with-newline,tourney,FALSE,20,elitize_generation_data,138,38,0.337,NA
140,72,replace-space-with-newline,tourney,FALSE,20,elitize_generation_data,139,44,0.34,NA
141,72,replace-space-with-newline,tourney,FALSE,20,elitize_generation_data,140,42,0.351,NA
142,72,replace-space-with-newline,tourney,FALSE,20,elitize_generation_data,141,49,0.381,NA
143,72,replace-space-with-newline,tourney,FALSE,20,elitize_generation_data,142,55,0.362,NA
144,72,replace-space-with-newline,tourney,FALSE,20,elitize_generation_data,143,58,0.371,NA
145,72,replace-space-with-newline,tourney,FALSE,20,elitize_generation_data,144,56,0.361,NA
146,72,replace-space-with-newline,tourney,FALSE,20,elitize_generation_data,145,55,0.387,NA
147,72,replace-space-with-newline,tourney,FALSE,20,elitize_generation_data,146,51,0.394,NA
148,72,replace-space-with-newline,tourney,FALSE,20,elitize_generation_data,147,48,0.396,NA
149,72,replace-space-with-newline,tourney,FALSE,20,elitize_generation_data,148,47,0.397,NA
150,72,replace-space-with-newline,tourney,FALSE,20,elitize_generation_data,149,48,0.392,NA
151,72,replace-space-with-newline,tourney,FALSE,20,elitize_generation_data,150,43,0.374,NA
152,72,replace-space-with-newline,tourney,FALSE,20,elitize_generation_data,151,52,0.389,NA
153,72,replace-space-with-newline,tourney,FALSE,20,elitize_generation_data,152,41,0.36,NA
154,72,replace-space-with-newline,tourney,FALSE,20,elitize_generation_data,153,49,0.348,NA
155,72,replace-space-with-newline,tourney,FALSE,20,elitize_generation_data,154,48,0.363,NA
156,72,replace-space-with-newline,tourney,FALSE,20,elitize_generation_data,155,43,0.323,NA
157,72,replace-space-with-newline,tourney,FALSE,20,elitize_generation_data,156,47,0.344,NA
158,72,replace-space-with-newline,tourney,FALSE,20,elitize_generation_data,157,45,0.351,NA
159,72,replace-space-with-newline,tourney,FALSE,20,elitize_generation_data,158,45,0.341,NA
160,72,replace-space-with-newline,tourney,FALSE,20,elitize_generation_data,159,44,0.356,NA
161,72,replace-space-with-newline,tourney,FALSE,20,elitize_generation_data,160,51,0.354,NA
162,72,replace-space-with-newline,tourney,FALSE,20,elitize_generation_data,161,40,0.361,NA
163,72,replace-space-with-newline,tourney,FALSE,20,elitize_generation_data,162,40,0.342,NA
164,72,replace-space-with-newline,tourney,FALSE,20,elitize_generation_data,163,39,0.367,NA
165,72,replace-space-with-newline,tourney,FALSE,20,elitize_generation_data,164,49,0.376,NA
166,72,replace-space-with-newline,tourney,FALSE,20,elitize_generation_data,165,43,0.363,NA
167,72,replace-space-with-newline,tourney,FALSE,20,elitize_generation_data,166,44,0.365,NA
168,72,replace-space-with-newline,tourney,FALSE,20,elitize_generation_data,167,40,0.381,NA
169,72,replace-space-with-newline,tourney,FALSE,20,elitize_generation_data,168,31,0.389,NA
170,72,replace-space-with-newline,tourney,FALSE,20,elitize_generation_data,169,29,0.392,NA
171,72,replace-space-with-newline,tourney,FALSE,20,elitize_generation_data,170,24,0.371,NA
172,72,replace-space-with-newline,tourney,FALSE,20,elitize_generation_data,171,32,0.375,NA
173,72,replace-space-with-newline,tourney,FALSE,20,elitize_generation_data,172,28,0.37,NA
174,72,replace-space-with-newline,tourney,FALSE,20,elitize_generation_data,173,25,0.395,NA
175,72,replace-space-with-newline,tourney,FALSE,20,elitize_generation_data,174,25,0.399,NA
176,72,replace-space-with-newline,tourney,FALSE,20,elitize_generation_data,175,20,0.4,NA
177,72,replace-space-with-newline,tourney,FALSE,20,elitize_generation_data,176,22,0.367,NA
178,72,replace-space-with-newline,tourney,FALSE,20,elitize_generation_data,177,27,0.386,NA
179,72,replace-space-with-newline,tourney,FALSE,20,elitize_generation_data,178,30,0.376,NA
180,72,replace-space-with-newline,tourney,FALSE,20,elitize_generation_data,179,25,0.383,NA
181,72,replace-space-with-newline,tourney,FALSE,20,elitize_generation_data,180,30,0.365,NA
182,72,replace-space-with-newline,tourney,FALSE,20,elitize_generation_data,181,27,0.401,NA
183,72,replace-space-with-newline,tourney,FALSE,20,elitize_generation_data,182,26,0.399,NA
184,72,replace-space-with-newline,tourney,FALSE,20,elitize_generation_data,183,29,0.382,NA
185,72,replace-space-with-newline,tourney,FALSE,20,elitize_generation_data,184,26,0.388,NA
186,72,replace-space-with-newline,tourney,FALSE,20,elitize_generation_data,185,22,0.375,NA
187,72,replace-space-with-newline,tourney,FALSE,20,elitize_generation_data,186,32,0.387,NA
188,72,replace-space-with-newline,tourney,FALSE,20,elitize_generation_data,187,27,0.4,NA
189,72,replace-space-with-newline,tourney,FALSE,20,elitize_generation_data,188,29,0.373,NA
190,72,replace-space-with-newline,tourney,FALSE,20,elitize_generation_data,189,21,0.346,NA
191,72,replace-space-with-newline,tourney,FALSE,20,elitize_generation_data,190,31,0.357,NA
192,72,replace-space-with-newline,tourney,FALSE,20,elitize_generation_data,191,30,0.361,NA
193,72,replace-space-with-newline,tourney,FALSE,20,elitize_generation_data,192,30,0.336,NA
194,72,replace-space-with-newline,tourney,FALSE,20,elitize_generation_data,193,32,0.38,NA
195,72,replace-space-with-newline,tourney,FALSE,20,elitize_generation_data,194,28,0.386,NA
196,72,replace-space-with-newline,tourney,FALSE,20,elitize_generation_data,195,29,0.339,NA
197,72,replace-space-with-newline,tourney,FALSE,20,elitize_generation_data,196,27,0.343,NA
198,72,replace-space-with-newline,tourney,FALSE,20,elitize_generation_data,197,30,0.364,NA
199,72,replace-space-with-newline,tourney,FALSE,20,elitize_generation_data,198,33,0.394,NA
200,72,replace-space-with-newline,tourney,FALSE,20,elitize_generation_data,199,34,0.37,NA
201,72,replace-space-with-newline,tourney,FALSE,20,elitize_generation_data,200,27,0.37,NA
202,72,replace-space-with-newline,tourney,FALSE,20,elitize_generation_data,201,33,0.331,NA
203,72,replace-space-with-newline,tourney,FALSE,20,elitize_generation_data,202,27,0.347,NA
204,72,replace-space-with-newline,tourney,FALSE,20,elitize_generation_data,203,34,0.35,NA
205,72,replace-space-with-newline,tourney,FALSE,20,elitize_generation_data,204,26,0.321,NA
206,72,replace-space-with-newline,tourney,FALSE,20,elitize_generation_data,205,33,0.335,NA
207,72,replace-space-with-newline,tourney,FALSE,20,elitize_generation_data,206,29,0.327,NA
208,72,replace-space-with-newline,tourney,FALSE,20,elitize_generation_data,207,24,0.341,NA
209,72,replace-space-with-newline,tourney,FALSE,20,elitize_generation_data,208,34,0.306,NA
210,72,replace-space-with-newline,tourney,FALSE,20,elitize_generation_data,209,27,0.308,NA
211,72,replace-space-with-newline,tourney,FALSE,20,elitize_generation_data,210,36,0.355,NA
212,72,replace-space-with-newline,tourney,FALSE,20,elitize_generation_data,211,30,0.349,NA
213,72,replace-space-with-newline,tourney,FALSE,20,elitize_generation_data,212,29,0.368,NA
214,72,replace-space-with-newline,tourney,FALSE,20,elitize_generation_data,213,25,0.335,NA
215,72,replace-space-with-newline,tourney,FALSE,20,elitize_generation_data,214,20,0.336,NA
216,72,replace-space-with-newline,tourney,FALSE,20,elitize_generation_data,215,27,0.346,NA
217,72,replace-space-with-newline,tourney,FALSE,20,elitize_generation_data,216,26,0.337,NA
218,72,replace-space-with-newline,tourney,FALSE,20,elitize_generation_data,217,29,0.359,NA
219,72,replace-space-with-newline,tourney,FALSE,20,elitize_generation_data,218,30,0.357,NA
220,72,replace-space-with-newline,tourney,FALSE,20,elitize_generation_data,219,29,0.351,NA
221,72,replace-space-with-newline,tourney,FALSE,20,elitize_generation_data,220,32,0.382,NA
222,72,replace-space-with-newline,tourney,FALSE,20,elitize_generation_data,221,29,0.372,NA
223,72,replace-space-with-newline,tourney,FALSE,20,elitize_generation_data,222,24,0.404,NA
224,72,replace-space-with-newline,tourney,FALSE,20,elitize_generation_data,223,30,0.387,NA
225,72,replace-space-with-newline,tourney,FALSE,20,elitize_generation_data,224,29,0.399,NA
226,72,replace-space-with-newline,tourney,FALSE,20,elitize_generation_data,225,28,0.374,NA
227,72,replace-space-with-newline,tourney,FALSE,20,elitize_generation_data,226,20,0.386,NA
228,72,replace-space-with-newline,tourney,FALSE,20,elitize_generation_data,227,24,0.404,NA
229,72,replace-space-with-newline,tourney,FALSE,20,elitize_generation_data,228,36,0.379,NA
230,72,replace-space-with-newline,tourney,FALSE,20,elitize_generation_data,229,29,0.381,NA
231,72,replace-space-with-newline,tourney,FALSE,20,elitize_generation_data,230,24,0.358,NA
232,72,replace-space-with-newline,tourney,FALSE,20,elitize_generation_data,231,30,0.41,NA
233,72,replace-space-with-newline,tourney,FALSE,20,elitize_generation_data,232,30,0.389,NA
234,72,replace-space-with-newline,tourney,FALSE,20,elitize_generation_data,233,25,0.411,NA
235,72,replace-space-with-newline,tourney,FALSE,20,elitize_generation_data,234,33,0.408,NA
236,72,replace-space-with-newline,tourney,FALSE,20,elitize_generation_data,235,29,0.406,NA
237,72,replace-space-with-newline,tourney,FALSE,20,elitize_generation_data,236,25,0.388,NA
238,72,replace-space-with-newline,tourney,FALSE,20,elitize_generation_data,237,27,0.383,NA
239,72,replace-space-with-newline,tourney,FALSE,20,elitize_generation_data,238,28,0.388,NA
240,72,replace-space-with-newline,tourney,FALSE,20,elitize_generation_data,239,30,0.393,NA
241,72,replace-space-with-newline,tourney,FALSE,20,elitize_generation_data,240,32,0.393,NA
242,72,replace-space-with-newline,tourney,FALSE,20,elitize_generation_data,241,36,0.374,NA
243,72,replace-space-with-newline,tourney,FALSE,20,elitize_generation_data,242,27,0.381,NA
244,72,replace-space-with-newline,tourney,FALSE,20,elitize_generation_data,243,22,0.386,NA
245,72,replace-space-with-newline,tourney,FALSE,20,elitize_generation_data,244,28,0.365,NA
246,72,replace-space-with-newline,tourney,FALSE,20,elitize_generation_data,245,28,0.388,NA
247,72,replace-space-with-newline,tourney,FALSE,20,elitize_generation_data,246,32,0.379,NA
248,72,replace-space-with-newline,tourney,FALSE,20,elitize_generation_data,247,26,0.37,NA
249,72,replace-space-with-newline,tourney,FALSE,20,elitize_generation_data,248,29,0.388,NA
250,72,replace-space-with-newline,tourney,FALSE,20,elitize_generation_data,249,32,0.396,NA
251,72,replace-space-with-newline,tourney,FALSE,20,elitize_generation_data,250,28,0.401,NA
252,72,replace-space-with-newline,tourney,FALSE,20,elitize_generation_data,251,30,0.383,NA
253,72,replace-space-with-newline,tourney,FALSE,20,elitize_generation_data,252,29,0.371,NA
254,72,replace-space-with-newline,tourney,FALSE,20,elitize_generation_data,253,31,0.374,NA
255,72,replace-space-with-newline,tourney,FALSE,20,elitize_generation_data,254,36,0.396,NA
256,72,replace-space-with-newline,tourney,FALSE,20,elitize_generation_data,255,32,0.39,NA
257,72,replace-space-with-newline,tourney,FALSE,20,elitize_generation_data,256,29,0.383,NA
258,72,replace-space-with-newline,tourney,FALSE,20,elitize_generation_data,257,35,0.399,NA
259,72,replace-space-with-newline,tourney,FALSE,20,elitize_generation_data,258,30,0.426,NA
260,72,replace-space-with-newline,tourney,FALSE,20,elitize_generation_data,259,27,0.397,NA
261,72,replace-space-with-newline,tourney,FALSE,20,elitize_generation_data,260,32,0.409,NA
262,72,replace-space-with-newline,tourney,FALSE,20,elitize_generation_data,261,29,0.381,NA
263,72,replace-space-with-newline,tourney,FALSE,20,elitize_generation_data,262,35,0.415,NA
264,72,replace-space-with-newline,tourney,FALSE,20,elitize_generation_data,263,36,0.427,NA
265,72,replace-space-with-newline,tourney,FALSE,20,elitize_generation_data,264,30,0.402,NA
266,72,replace-space-with-newline,tourney,FALSE,20,elitize_generation_data,265,22,0.418,NA
267,72,replace-space-with-newline,tourney,FALSE,20,elitize_generation_data,266,32,0.421,NA
268,72,replace-space-with-newline,tourney,FALSE,20,elitize_generation_data,267,39,0.414,NA
269,72,replace-space-with-newline,tourney,FALSE,20,elitize_generation_data,268,33,0.426,NA
270,72,replace-space-with-newline,tourney,FALSE,20,elitize_generation_data,269,30,0.415,NA
271,72,replace-space-with-newline,tourney,FALSE,20,elitize_generation_data,270,29,0.387,NA
272,72,replace-space-with-newline,tourney,FALSE,20,elitize_generation_data,271,36,0.412,NA
273,72,replace-space-with-newline,tourney,FALSE,20,elitize_generation_data,272,35,0.453,NA
274,72,replace-space-with-newline,tourney,FALSE,20,elitize_generation_data,273,32,0.417,NA
275,72,replace-space-with-newline,tourney,FALSE,20,elitize_generation_data,274,32,0.424,NA
276,72,replace-space-with-newline,tourney,FALSE,20,elitize_generation_data,275,38,0.425,NA
277,72,replace-space-with-newline,tourney,FALSE,20,elitize_generation_data,276,25,0.443,NA
278,72,replace-space-with-newline,tourney,FALSE,20,elitize_generation_data,277,31,0.401,NA
279,72,replace-space-with-newline,tourney,FALSE,20,elitize_generation_data,278,35,0.418,NA
280,72,replace-space-with-newline,tourney,FALSE,20,elitize_generation_data,279,32,0.406,NA
281,72,replace-space-with-newline,tourney,FALSE,20,elitize_generation_data,280,25,0.416,NA
282,72,replace-space-with-newline,tourney,FALSE,20,elitize_generation_data,281,25,0.45,NA
283,72,replace-space-with-newline,tourney,FALSE,20,elitize_generation_data,282,36,0.423,NA
284,72,replace-space-with-newline,tourney,FALSE,20,elitize_generation_data,283,38,0.441,NA
285,72,replace-space-with-newline,tourney,FALSE,20,elitize_generation_data,284,34,0.45,NA
286,72,replace-space-with-newline,tourney,FALSE,20,elitize_generation_data,285,41,0.46,NA
287,72,replace-space-with-newline,tourney,FALSE,20,elitize_generation_data,286,31,0.436,NA
288,72,replace-space-with-newline,tourney,FALSE,20,elitize_generation_data,287,31,0.41,NA
289,72,replace-space-with-newline,tourney,FALSE,20,elitize_generation_data,288,37,0.411,NA
290,72,replace-space-with-newline,tourney,FALSE,20,elitize_generation_data,289,32,0.439,NA
291,72,replace-space-with-newline,tourney,FALSE,20,elitize_generation_data,290,24,0.441,NA
292,72,replace-space-with-newline,tourney,FALSE,20,elitize_generation_data,291,32,0.427,NA
293,72,replace-space-with-newline,tourney,FALSE,20,elitize_generation_data,292,34,0.435,NA
294,72,replace-space-with-newline,tourney,FALSE,20,elitize_generation_data,293,33,0.411,NA
295,72,replace-space-with-newline,tourney,FALSE,20,elitize_generation_data,294,26,0.438,NA
296,72,replace-space-with-newline,tourney,FALSE,20,elitize_generation_data,295,30,0.464,NA
297,72,replace-space-with-newline,tourney,FALSE,20,elitize_generation_data,296,26,0.446,NA
298,72,replace-space-with-newline,tourney,FALSE,20,elitize_generation_data,297,34,0.443,NA
299,72,replace-space-with-newline,tourney,FALSE,20,elitize_generation_data,298,28,0.43,NA
300,72,replace-space-with-newline,tourney,FALSE,20,elitize_generation_data,299,24,0.448,NA
301,72,replace-space-with-newline,tourney,FALSE,20,elitize_generation_data,300,36,0.448,NA
