,run.num,problem,treatment,succeeded,height,normalization.function,generation,cluster.count,error.diversity,success.generation
1,32,replace-space-with-newline,tourney,FALSE,20,elitize_generation_data,0,4,0.518,NA
2,32,replace-space-with-newline,tourney,FALSE,20,elitize_generation_data,1,4,0.353,NA
3,32,replace-space-with-newline,tourney,FALSE,20,elitize_generation_data,2,5,0.255,NA
4,32,replace-space-with-newline,tourney,FALSE,20,elitize_generation_data,3,8,0.218,NA
5,32,replace-space-with-newline,tourney,FALSE,20,elitize_generation_data,4,8,0.127,NA
6,32,replace-space-with-newline,tourney,FALSE,20,elitize_generation_data,5,7,0.12,NA
7,32,replace-space-with-newline,tourney,FALSE,20,elitize_generation_data,6,9,0.145,NA
8,32,replace-space-with-newline,tourney,FALSE,20,elitize_generation_data,7,8,0.109,NA
9,32,replace-space-with-newline,tourney,FALSE,20,elitize_generation_data,8,11,0.071,NA
10,32,replace-space-with-newline,tourney,FALSE,20,elitize_generation_data,9,10,0.057,NA
11,32,replace-space-with-newline,tourney,FALSE,20,elitize_generation_data,10,13,0.074,NA
12,32,replace-space-with-newline,tourney,FALSE,20,elitize_generation_data,11,10,0.072,NA
13,32,replace-space-with-newline,tourney,FALSE,20,elitize_generation_data,12,13,0.075,NA
14,32,replace-space-with-newline,tourney,FALSE,20,elitize_generation_data,13,11,0.084,NA
15,32,replace-space-with-newline,tourney,FALSE,20,elitize_generation_data,14,11,0.079,NA
16,32,replace-space-with-newline,tourney,FALSE,20,elitize_generation_data,15,14,0.083,NA
17,32,replace-space-with-newline,tourney,FALSE,20,elitize_generation_data,16,13,0.065,NA
18,32,replace-space-with-newline,tourney,FALSE,20,elitize_generation_data,17,14,0.086,NA
19,32,replace-space-with-newline,tourney,FALSE,20,elitize_generation_data,18,18,0.085,NA
20,32,replace-space-with-newline,tourney,FALSE,20,elitize_generation_data,19,15,0.087,NA
21,32,replace-space-with-newline,tourney,FALSE,20,elitize_generation_data,20,21,0.091,NA
22,32,replace-space-with-newline,tourney,FALSE,20,elitize_generation_data,21,23,0.096,NA
23,32,replace-space-with-newline,tourney,FALSE,20,elitize_generation_data,22,22,0.097,NA
24,32,replace-space-with-newline,tourney,FALSE,20,elitize_generation_data,23,23,0.096,NA
25,32,replace-space-with-newline,tourney,FALSE,20,elitize_generation_data,24,20,0.094,NA
26,32,replace-space-with-newline,tourney,FALSE,20,elitize_generation_data,25,18,0.095,NA
27,32,replace-space-with-newline,tourney,FALSE,20,elitize_generation_data,26,21,0.087,NA
28,32,replace-space-with-newline,tourney,FALSE,20,elitize_generation_data,27,20,0.078,NA
29,32,replace-space-with-newline,tourney,FALSE,20,elitize_generation_data,28,19,0.083,NA
30,32,replace-space-with-newline,tourney,FALSE,20,elitize_generation_data,29,20,0.099,NA
31,32,replace-space-with-newline,tourney,FALSE,20,elitize_generation_data,30,21,0.091,NA
32,32,replace-space-with-newline,tourney,FALSE,20,elitize_generation_data,31,16,0.081,NA
33,32,replace-space-with-newline,tourney,FALSE,20,elitize_generation_data,32,22,0.084,NA
34,32,replace-space-with-newline,tourney,FALSE,20,elitize_generation_data,33,18,0.095,NA
35,32,replace-space-with-newline,tourney,FALSE,20,elitize_generation_data,34,17,0.085,NA
36,32,replace-space-with-newline,tourney,FALSE,20,elitize_generation_data,35,18,0.104,NA
37,32,replace-space-with-newline,tourney,FALSE,20,elitize_generation_data,36,20,0.097,NA
38,32,replace-space-with-newline,tourney,FALSE,20,elitize_generation_data,37,19,0.085,NA
39,32,replace-space-with-newline,tourney,FALSE,20,elitize_generation_data,38,20,0.083,NA
40,32,replace-space-with-newline,tourney,FALSE,20,elitize_generation_data,39,17,0.096,NA
41,32,replace-space-with-newline,tourney,FALSE,20,elitize_generation_data,40,21,0.097,NA
42,32,replace-space-with-newline,tourney,FALSE,20,elitize_generation_data,41,18,0.082,NA
43,32,replace-space-with-newline,tourney,FALSE,20,elitize_generation_data,42,18,0.087,NA
44,32,replace-space-with-newline,tourney,FALSE,20,elitize_generation_data,43,17,0.082,NA
45,32,replace-space-with-newline,tourney,FALSE,20,elitize_generation_data,44,16,0.086,NA
46,32,replace-space-with-newline,tourney,FALSE,20,elitize_generation_data,45,18,0.074,NA
47,32,replace-space-with-newline,tourney,FALSE,20,elitize_generation_data,46,15,0.089,NA
48,32,replace-space-with-newline,tourney,FALSE,20,elitize_generation_data,47,16,0.091,NA
49,32,replace-space-with-newline,tourney,FALSE,20,elitize_generation_data,48,17,0.092,NA
50,32,replace-space-with-newline,tourney,FALSE,20,elitize_generation_data,49,21,0.104,NA
51,32,replace-space-with-newline,tourney,FALSE,20,elitize_generation_data,50,17,0.086,NA
52,32,replace-space-with-newline,tourney,FALSE,20,elitize_generation_data,51,20,0.093,NA
53,32,replace-space-with-newline,tourney,FALSE,20,elitize_generation_data,52,17,0.079,NA
54,32,replace-space-with-newline,tourney,FALSE,20,elitize_generation_data,53,19,0.082,NA
55,32,replace-space-with-newline,tourney,FALSE,20,elitize_generation_data,54,16,0.085,NA
56,32,replace-space-with-newline,tourney,FALSE,20,elitize_generation_data,55,12,0.083,NA
57,32,replace-space-with-newline,tourney,FALSE,20,elitize_generation_data,56,16,0.077,NA
58,32,replace-space-with-newline,tourney,FALSE,20,elitize_generation_data,57,12,0.073,NA
59,32,replace-space-with-newline,tourney,FALSE,20,elitize_generation_data,58,12,0.082,NA
60,32,replace-space-with-newline,tourney,FALSE,20,elitize_generation_data,59,16,0.072,NA
61,32,replace-space-with-newline,tourney,FALSE,20,elitize_generation_data,60,16,0.08,NA
62,32,replace-space-with-newline,tourney,FALSE,20,elitize_generation_data,61,13,0.06,NA
63,32,replace-space-with-newline,tourney,FALSE,20,elitize_generation_data,62,15,0.07,NA
64,32,replace-space-with-newline,tourney,FALSE,20,elitize_generation_data,63,12,0.065,NA
65,32,replace-space-with-newline,tourney,FALSE,20,elitize_generation_data,64,13,0.067,NA
66,32,replace-space-with-newline,tourney,FALSE,20,elitize_generation_data,65,17,0.07,NA
67,32,replace-space-with-newline,tourney,FALSE,20,elitize_generation_data,66,13,0.073,NA
68,32,replace-space-with-newline,tourney,FALSE,20,elitize_generation_data,67,12,0.077,NA
69,32,replace-space-with-newline,tourney,FALSE,20,elitize_generation_data,68,17,0.084,NA
70,32,replace-space-with-newline,tourney,FALSE,20,elitize_generation_data,69,13,0.064,NA
71,32,replace-space-with-newline,tourney,FALSE,20,elitize_generation_data,70,15,0.076,NA
72,32,replace-space-with-newline,tourney,FALSE,20,elitize_generation_data,71,14,0.068,NA
73,32,replace-space-with-newline,tourney,FALSE,20,elitize_generation_data,72,12,0.071,NA
74,32,replace-space-with-newline,tourney,FALSE,20,elitize_generation_data,73,13,0.061,NA
75,32,replace-space-with-newline,tourney,FALSE,20,elitize_generation_data,74,14,0.074,NA
76,32,replace-space-with-newline,tourney,FALSE,20,elitize_generation_data,75,13,0.062,NA
77,32,replace-space-with-newline,tourney,FALSE,20,elitize_generation_data,76,13,0.052,NA
78,32,replace-space-with-newline,tourney,FALSE,20,elitize_generation_data,77,13,0.06,NA
79,32,replace-space-with-newline,tourney,FALSE,20,elitize_generation_data,78,12,0.063,NA
80,32,replace-space-with-newline,tourney,FALSE,20,elitize_generation_data,79,14,0.054,NA
81,32,replace-space-with-newline,tourney,FALSE,20,elitize_generation_data,80,14,0.061,NA
82,32,replace-space-with-newline,tourney,FALSE,20,elitize_generation_data,81,12,0.057,NA
83,32,replace-space-with-newline,tourney,FALSE,20,elitize_generation_data,82,14,0.053,NA
84,32,replace-space-with-newline,tourney,FALSE,20,elitize_generation_data,83,13,0.046,NA
85,32,replace-space-with-newline,tourney,FALSE,20,elitize_generation_data,84,13,0.051,NA
86,32,replace-space-with-newline,tourney,FALSE,20,elitize_generation_data,85,18,0.056,NA
87,32,replace-space-with-newline,tourney,FALSE,20,elitize_generation_data,86,10,0.047,NA
88,32,replace-space-with-newline,tourney,FALSE,20,elitize_generation_data,87,10,0.049,NA
89,32,replace-space-with-newline,tourney,FALSE,20,elitize_generation_data,88,10,0.052,NA
90,32,replace-space-with-newline,tourney,FALSE,20,elitize_generation_data,89,12,0.036,NA
91,32,replace-space-with-newline,tourney,FALSE,20,elitize_generation_data,90,15,0.052,NA
92,32,replace-space-with-newline,tourney,FALSE,20,elitize_generation_data,91,11,0.044,NA
93,32,replace-space-with-newline,tourney,FALSE,20,elitize_generation_data,92,13,0.05,NA
94,32,replace-space-with-newline,tourney,FALSE,20,elitize_generation_data,93,13,0.051,NA
95,32,replace-space-with-newline,tourney,FALSE,20,elitize_generation_data,94,11,0.055,NA
96,32,replace-space-with-newline,tourney,FALSE,20,elitize_generation_data,95,11,0.049,NA
97,32,replace-space-with-newline,tourney,FALSE,20,elitize_generation_data,96,11,0.045,NA
98,32,replace-space-with-newline,tourney,FALSE,20,elitize_generation_data,97,11,0.047,NA
99,32,replace-space-with-newline,tourney,FALSE,20,elitize_generation_data,98,13,0.039,NA
100,32,replace-space-with-newline,tourney,FALSE,20,elitize_generation_data,99,12,0.039,NA
101,32,replace-space-with-newline,tourney,FALSE,20,elitize_generation_data,100,11,0.043,NA
102,32,replace-space-with-newline,tourney,FALSE,20,elitize_generation_data,101,9,0.045,NA
103,32,replace-space-with-newline,tourney,FALSE,20,elitize_generation_data,102,10,0.038,NA
104,32,replace-space-with-newline,tourney,FALSE,20,elitize_generation_data,103,10,0.047,NA
105,32,replace-space-with-newline,tourney,FALSE,20,elitize_generation_data,104,11,0.035,NA
106,32,replace-space-with-newline,tourney,FALSE,20,elitize_generation_data,105,15,0.049,NA
107,32,replace-space-with-newline,tourney,FALSE,20,elitize_generation_data,106,13,0.043,NA
108,32,replace-space-with-newline,tourney,FALSE,20,elitize_generation_data,107,12,0.044,NA
109,32,replace-space-with-newline,tourney,FALSE,20,elitize_generation_data,108,11,0.048,NA
110,32,replace-space-with-newline,tourney,FALSE,20,elitize_generation_data,109,14,0.045,NA
111,32,replace-space-with-newline,tourney,FALSE,20,elitize_generation_data,110,12,0.046,NA
112,32,replace-space-with-newline,tourney,FALSE,20,elitize_generation_data,111,13,0.04,NA
113,32,replace-space-with-newline,tourney,FALSE,20,elitize_generation_data,112,8,0.039,NA
114,32,replace-space-with-newline,tourney,FALSE,20,elitize_generation_data,113,10,0.042,NA
115,32,replace-space-with-newline,tourney,FALSE,20,elitize_generation_data,114,11,0.036,NA
116,32,replace-space-with-newline,tourney,FALSE,20,elitize_generation_data,115,9,0.042,NA
117,32,replace-space-with-newline,tourney,FALSE,20,elitize_generation_data,116,9,0.037,NA
118,32,replace-space-with-newline,tourney,FALSE,20,elitize_generation_data,117,10,0.044,NA
119,32,replace-space-with-newline,tourney,FALSE,20,elitize_generation_data,118,8,0.035,NA
120,32,replace-space-with-newline,tourney,FALSE,20,elitize_generation_data,119,10,0.041,NA
121,32,replace-space-with-newline,tourney,FALSE,20,elitize_generation_data,120,11,0.041,NA
122,32,replace-space-with-newline,tourney,FALSE,20,elitize_generation_data,121,13,0.046,NA
123,32,replace-space-with-newline,tourney,FALSE,20,elitize_generation_data,122,10,0.039,NA
124,32,replace-space-with-newline,tourney,FALSE,20,elitize_generation_data,123,10,0.033,NA
125,32,replace-space-with-newline,tourney,FALSE,20,elitize_generation_data,124,10,0.043,NA
126,32,replace-space-with-newline,tourney,FALSE,20,elitize_generation_data,125,10,0.045,NA
127,32,replace-space-with-newline,tourney,FALSE,20,elitize_generation_data,126,8,0.039,NA
128,32,replace-space-with-newline,tourney,FALSE,20,elitize_generation_data,127,13,0.045,NA
129,32,replace-space-with-newline,tourney,FALSE,20,elitize_generation_data,128,11,0.049,NA
130,32,replace-space-with-newline,tourney,FALSE,20,elitize_generation_data,129,10,0.046,NA
131,32,replace-space-with-newline,tourney,FALSE,20,elitize_generation_data,130,8,0.035,NA
132,32,replace-space-with-newline,tourney,FALSE,20,elitize_generation_data,131,13,0.042,NA
133,32,replace-space-with-newline,tourney,FALSE,20,elitize_generation_data,132,11,0.045,NA
134,32,replace-space-with-newline,tourney,FALSE,20,elitize_generation_data,133,12,0.041,NA
135,32,replace-space-with-newline,tourney,FALSE,20,elitize_generation_data,134,14,0.04,NA
136,32,replace-space-with-newline,tourney,FALSE,20,elitize_generation_data,135,11,0.041,NA
137,32,replace-space-with-newline,tourney,FALSE,20,elitize_generation_data,136,11,0.04,NA
138,32,replace-space-with-newline,tourney,FALSE,20,elitize_generation_data,137,10,0.026,NA
139,32,replace-space-with-newline,tourney,FALSE,20,elitize_generation_data,138,12,0.033,NA
140,32,replace-space-with-newline,tourney,FALSE,20,elitize_generation_data,139,10,0.031,NA
141,32,replace-space-with-newline,tourney,FALSE,20,elitize_generation_data,140,10,0.039,NA
142,32,replace-space-with-newline,tourney,FALSE,20,elitize_generation_data,141,9,0.036,NA
143,32,replace-space-with-newline,tourney,FALSE,20,elitize_generation_data,142,8,0.029,NA
144,32,replace-space-with-newline,tourney,FALSE,20,elitize_generation_data,143,13,0.038,NA
145,32,replace-space-with-newline,tourney,FALSE,20,elitize_generation_data,144,9,0.026,NA
146,32,replace-space-with-newline,tourney,FALSE,20,elitize_generation_data,145,10,0.037,NA
147,32,replace-space-with-newline,tourney,FALSE,20,elitize_generation_data,146,11,0.037,NA
148,32,replace-space-with-newline,tourney,FALSE,20,elitize_generation_data,147,7,0.029,NA
149,32,replace-space-with-newline,tourney,FALSE,20,elitize_generation_data,148,13,0.043,NA
150,32,replace-space-with-newline,tourney,FALSE,20,elitize_generation_data,149,10,0.037,NA
151,32,replace-space-with-newline,tourney,FALSE,20,elitize_generation_data,150,10,0.034,NA
152,32,replace-space-with-newline,tourney,FALSE,20,elitize_generation_data,151,12,0.031,NA
153,32,replace-space-with-newline,tourney,FALSE,20,elitize_generation_data,152,10,0.041,NA
154,32,replace-space-with-newline,tourney,FALSE,20,elitize_generation_data,153,8,0.026,NA
155,32,replace-space-with-newline,tourney,FALSE,20,elitize_generation_data,154,10,0.038,NA
156,32,replace-space-with-newline,tourney,FALSE,20,elitize_generation_data,155,11,0.029,NA
157,32,replace-space-with-newline,tourney,FALSE,20,elitize_generation_data,156,10,0.04,NA
158,32,replace-space-with-newline,tourney,FALSE,20,elitize_generation_data,157,8,0.033,NA
159,32,replace-space-with-newline,tourney,FALSE,20,elitize_generation_data,158,10,0.034,NA
160,32,replace-space-with-newline,tourney,FALSE,20,elitize_generation_data,159,8,0.029,NA
161,32,replace-space-with-newline,tourney,FALSE,20,elitize_generation_data,160,9,0.036,NA
162,32,replace-space-with-newline,tourney,FALSE,20,elitize_generation_data,161,11,0.032,NA
163,32,replace-space-with-newline,tourney,FALSE,20,elitize_generation_data,162,10,0.036,NA
164,32,replace-space-with-newline,tourney,FALSE,20,elitize_generation_data,163,11,0.035,NA
165,32,replace-space-with-newline,tourney,FALSE,20,elitize_generation_data,164,9,0.035,NA
166,32,replace-space-with-newline,tourney,FALSE,20,elitize_generation_data,165,10,0.036,NA
167,32,replace-space-with-newline,tourney,FALSE,20,elitize_generation_data,166,12,0.038,NA
168,32,replace-space-with-newline,tourney,FALSE,20,elitize_generation_data,167,9,0.032,NA
169,32,replace-space-with-newline,tourney,FALSE,20,elitize_generation_data,168,10,0.031,NA
170,32,replace-space-with-newline,tourney,FALSE,20,elitize_generation_data,169,10,0.032,NA
171,32,replace-space-with-newline,tourney,FALSE,20,elitize_generation_data,170,11,0.04,NA
172,32,replace-space-with-newline,tourney,FALSE,20,elitize_generation_data,171,9,0.035,NA
173,32,replace-space-with-newline,tourney,FALSE,20,elitize_generation_data,172,8,0.025,NA
174,32,replace-space-with-newline,tourney,FALSE,20,elitize_generation_data,173,9,0.031,NA
175,32,replace-space-with-newline,tourney,FALSE,20,elitize_generation_data,174,9,0.036,NA
176,32,replace-space-with-newline,tourney,FALSE,20,elitize_generation_data,175,9,0.044,NA
177,32,replace-space-with-newline,tourney,FALSE,20,elitize_generation_data,176,10,0.034,NA
178,32,replace-space-with-newline,tourney,FALSE,20,elitize_generation_data,177,9,0.032,NA
179,32,replace-space-with-newline,tourney,FALSE,20,elitize_generation_data,178,8,0.035,NA
180,32,replace-space-with-newline,tourney,FALSE,20,elitize_generation_data,179,11,0.041,NA
181,32,replace-space-with-newline,tourney,FALSE,20,elitize_generation_data,180,12,0.034,NA
182,32,replace-space-with-newline,tourney,FALSE,20,elitize_generation_data,181,9,0.035,NA
183,32,replace-space-with-newline,tourney,FALSE,20,elitize_generation_data,182,8,0.035,NA
184,32,replace-space-with-newline,tourney,FALSE,20,elitize_generation_data,183,10,0.034,NA
185,32,replace-space-with-newline,tourney,FALSE,20,elitize_generation_data,184,11,0.034,NA
186,32,replace-space-with-newline,tourney,FALSE,20,elitize_generation_data,185,10,0.034,NA
187,32,replace-space-with-newline,tourney,FALSE,20,elitize_generation_data,186,9,0.035,NA
188,32,replace-space-with-newline,tourney,FALSE,20,elitize_generation_data,187,8,0.028,NA
189,32,replace-space-with-newline,tourney,FALSE,20,elitize_generation_data,188,11,0.035,NA
190,32,replace-space-with-newline,tourney,FALSE,20,elitize_generation_data,189,9,0.028,NA
191,32,replace-space-with-newline,tourney,FALSE,20,elitize_generation_data,190,8,0.032,NA
192,32,replace-space-with-newline,tourney,FALSE,20,elitize_generation_data,191,10,0.033,NA
193,32,replace-space-with-newline,tourney,FALSE,20,elitize_generation_data,192,7,0.032,NA
194,32,replace-space-with-newline,tourney,FALSE,20,elitize_generation_data,193,8,0.032,NA
195,32,replace-space-with-newline,tourney,FALSE,20,elitize_generation_data,194,9,0.039,NA
196,32,replace-space-with-newline,tourney,FALSE,20,elitize_generation_data,195,11,0.031,NA
197,32,replace-space-with-newline,tourney,FALSE,20,elitize_generation_data,196,6,0.031,NA
198,32,replace-space-with-newline,tourney,FALSE,20,elitize_generation_data,197,10,0.033,NA
199,32,replace-space-with-newline,tourney,FALSE,20,elitize_generation_data,198,10,0.034,NA
200,32,replace-space-with-newline,tourney,FALSE,20,elitize_generation_data,199,10,0.037,NA
201,32,replace-space-with-newline,tourney,FALSE,20,elitize_generation_data,200,12,0.033,NA
202,32,replace-space-with-newline,tourney,FALSE,20,elitize_generation_data,201,10,0.037,NA
203,32,replace-space-with-newline,tourney,FALSE,20,elitize_generation_data,202,9,0.035,NA
204,32,replace-space-with-newline,tourney,FALSE,20,elitize_generation_data,203,9,0.03,NA
205,32,replace-space-with-newline,tourney,FALSE,20,elitize_generation_data,204,11,0.024,NA
206,32,replace-space-with-newline,tourney,FALSE,20,elitize_generation_data,205,8,0.03,NA
207,32,replace-space-with-newline,tourney,FALSE,20,elitize_generation_data,206,10,0.03,NA
208,32,replace-space-with-newline,tourney,FALSE,20,elitize_generation_data,207,11,0.034,NA
209,32,replace-space-with-newline,tourney,FALSE,20,elitize_generation_data,208,10,0.035,NA
210,32,replace-space-with-newline,tourney,FALSE,20,elitize_generation_data,209,10,0.037,NA
211,32,replace-space-with-newline,tourney,FALSE,20,elitize_generation_data,210,8,0.027,NA
212,32,replace-space-with-newline,tourney,FALSE,20,elitize_generation_data,211,7,0.032,NA
213,32,replace-space-with-newline,tourney,FALSE,20,elitize_generation_data,212,10,0.025,NA
214,32,replace-space-with-newline,tourney,FALSE,20,elitize_generation_data,213,6,0.021,NA
215,32,replace-space-with-newline,tourney,FALSE,20,elitize_generation_data,214,10,0.03,NA
216,32,replace-space-with-newline,tourney,FALSE,20,elitize_generation_data,215,10,0.034,NA
217,32,replace-space-with-newline,tourney,FALSE,20,elitize_generation_data,216,7,0.027,NA
218,32,replace-space-with-newline,tourney,FALSE,20,elitize_generation_data,217,6,0.026,NA
219,32,replace-space-with-newline,tourney,FALSE,20,elitize_generation_data,218,7,0.031,NA
220,32,replace-space-with-newline,tourney,FALSE,20,elitize_generation_data,219,8,0.024,NA
221,32,replace-space-with-newline,tourney,FALSE,20,elitize_generation_data,220,9,0.022,NA
222,32,replace-space-with-newline,tourney,FALSE,20,elitize_generation_data,221,9,0.024,NA
223,32,replace-space-with-newline,tourney,FALSE,20,elitize_generation_data,222,8,0.034,NA
224,32,replace-space-with-newline,tourney,FALSE,20,elitize_generation_data,223,7,0.031,NA
225,32,replace-space-with-newline,tourney,FALSE,20,elitize_generation_data,224,9,0.03,NA
226,32,replace-space-with-newline,tourney,FALSE,20,elitize_generation_data,225,11,0.033,NA
227,32,replace-space-with-newline,tourney,FALSE,20,elitize_generation_data,226,8,0.024,NA
228,32,replace-space-with-newline,tourney,FALSE,20,elitize_generation_data,227,9,0.026,NA
229,32,replace-space-with-newline,tourney,FALSE,20,elitize_generation_data,228,9,0.028,NA
230,32,replace-space-with-newline,tourney,FALSE,20,elitize_generation_data,229,7,0.017,NA
231,32,replace-space-with-newline,tourney,FALSE,20,elitize_generation_data,230,8,0.026,NA
232,32,replace-space-with-newline,tourney,FALSE,20,elitize_generation_data,231,7,0.025,NA
233,32,replace-space-with-newline,tourney,FALSE,20,elitize_generation_data,232,9,0.037,NA
234,32,replace-space-with-newline,tourney,FALSE,20,elitize_generation_data,233,6,0.026,NA
235,32,replace-space-with-newline,tourney,FALSE,20,elitize_generation_data,234,7,0.023,NA
236,32,replace-space-with-newline,tourney,FALSE,20,elitize_generation_data,235,8,0.025,NA
237,32,replace-space-with-newline,tourney,FALSE,20,elitize_generation_data,236,9,0.03,NA
238,32,replace-space-with-newline,tourney,FALSE,20,elitize_generation_data,237,11,0.032,NA
239,32,replace-space-with-newline,tourney,FALSE,20,elitize_generation_data,238,8,0.029,NA
240,32,replace-space-with-newline,tourney,FALSE,20,elitize_generation_data,239,9,0.026,NA
241,32,replace-space-with-newline,tourney,FALSE,20,elitize_generation_data,240,8,0.022,NA
242,32,replace-space-with-newline,tourney,FALSE,20,elitize_generation_data,241,6,0.023,NA
243,32,replace-space-with-newline,tourney,FALSE,20,elitize_generation_data,242,7,0.025,NA
244,32,replace-space-with-newline,tourney,FALSE,20,elitize_generation_data,243,8,0.021,NA
245,32,replace-space-with-newline,tourney,FALSE,20,elitize_generation_data,244,9,0.023,NA
246,32,replace-space-with-newline,tourney,FALSE,20,elitize_generation_data,245,8,0.023,NA
247,32,replace-space-with-newline,tourney,FALSE,20,elitize_generation_data,246,11,0.03,NA
248,32,replace-space-with-newline,tourney,FALSE,20,elitize_generation_data,247,9,0.025,NA
249,32,replace-space-with-newline,tourney,FALSE,20,elitize_generation_data,248,8,0.023,NA
250,32,replace-space-with-newline,tourney,FALSE,20,elitize_generation_data,249,7,0.021,NA
251,32,replace-space-with-newline,tourney,FALSE,20,elitize_generation_data,250,8,0.023,NA
252,32,replace-space-with-newline,tourney,FALSE,20,elitize_generation_data,251,9,0.025,NA
253,32,replace-space-with-newline,tourney,FALSE,20,elitize_generation_data,252,7,0.026,NA
254,32,replace-space-with-newline,tourney,FALSE,20,elitize_generation_data,253,10,0.032,NA
255,32,replace-space-with-newline,tourney,FALSE,20,elitize_generation_data,254,9,0.025,NA
256,32,replace-space-with-newline,tourney,FALSE,20,elitize_generation_data,255,8,0.021,NA
257,32,replace-space-with-newline,tourney,FALSE,20,elitize_generation_data,256,9,0.023,NA
258,32,replace-space-with-newline,tourney,FALSE,20,elitize_generation_data,257,8,0.026,NA
259,32,replace-space-with-newline,tourney,FALSE,20,elitize_generation_data,258,6,0.026,NA
260,32,replace-space-with-newline,tourney,FALSE,20,elitize_generation_data,259,6,0.027,NA
261,32,replace-space-with-newline,tourney,FALSE,20,elitize_generation_data,260,9,0.024,NA
262,32,replace-space-with-newline,tourney,FALSE,20,elitize_generation_data,261,8,0.025,NA
263,32,replace-space-with-newline,tourney,FALSE,20,elitize_generation_data,262,6,0.021,NA
264,32,replace-space-with-newline,tourney,FALSE,20,elitize_generation_data,263,9,0.031,NA
265,32,replace-space-with-newline,tourney,FALSE,20,elitize_generation_data,264,6,0.026,NA
266,32,replace-space-with-newline,tourney,FALSE,20,elitize_generation_data,265,8,0.022,NA
267,32,replace-space-with-newline,tourney,FALSE,20,elitize_generation_data,266,7,0.026,NA
268,32,replace-space-with-newline,tourney,FALSE,20,elitize_generation_data,267,7,0.024,NA
269,32,replace-space-with-newline,tourney,FALSE,20,elitize_generation_data,268,7,0.025,NA
270,32,replace-space-with-newline,tourney,FALSE,20,elitize_generation_data,269,10,0.023,NA
271,32,replace-space-with-newline,tourney,FALSE,20,elitize_generation_data,270,9,0.029,NA
272,32,replace-space-with-newline,tourney,FALSE,20,elitize_generation_data,271,10,0.024,NA
273,32,replace-space-with-newline,tourney,FALSE,20,elitize_generation_data,272,6,0.023,NA
274,32,replace-space-with-newline,tourney,FALSE,20,elitize_generation_data,273,7,0.025,NA
275,32,replace-space-with-newline,tourney,FALSE,20,elitize_generation_data,274,7,0.022,NA
276,32,replace-space-with-newline,tourney,FALSE,20,elitize_generation_data,275,7,0.024,NA
277,32,replace-space-with-newline,tourney,FALSE,20,elitize_generation_data,276,7,0.02,NA
278,32,replace-space-with-newline,tourney,FALSE,20,elitize_generation_data,277,7,0.02,NA
279,32,replace-space-with-newline,tourney,FALSE,20,elitize_generation_data,278,6,0.027,NA
280,32,replace-space-with-newline,tourney,FALSE,20,elitize_generation_data,279,9,0.024,NA
281,32,replace-space-with-newline,tourney,FALSE,20,elitize_generation_data,280,7,0.019,NA
282,32,replace-space-with-newline,tourney,FALSE,20,elitize_generation_data,281,13,0.031,NA
283,32,replace-space-with-newline,tourney,FALSE,20,elitize_generation_data,282,9,0.018,NA
284,32,replace-space-with-newline,tourney,FALSE,20,elitize_generation_data,283,7,0.022,NA
285,32,replace-space-with-newline,tourney,FALSE,20,elitize_generation_data,284,8,0.023,NA
286,32,replace-space-with-newline,tourney,FALSE,20,elitize_generation_data,285,6,0.025,NA
287,32,replace-space-with-newline,tourney,FALSE,20,elitize_generation_data,286,7,0.025,NA
288,32,replace-space-with-newline,tourney,FALSE,20,elitize_generation_data,287,9,0.028,NA
289,32,replace-space-with-newline,tourney,FALSE,20,elitize_generation_data,288,7,0.03,NA
290,32,replace-space-with-newline,tourney,FALSE,20,elitize_generation_data,289,9,0.026,NA
291,32,replace-space-with-newline,tourney,FALSE,20,elitize_generation_data,290,7,0.026,NA
292,32,replace-space-with-newline,tourney,FALSE,20,elitize_generation_data,291,7,0.022,NA
293,32,replace-space-with-newline,tourney,FALSE,20,elitize_generation_data,292,7,0.021,NA
294,32,replace-space-with-newline,tourney,FALSE,20,elitize_generation_data,293,7,0.019,NA
295,32,replace-space-with-newline,tourney,FALSE,20,elitize_generation_data,294,12,0.027,NA
296,32,replace-space-with-newline,tourney,FALSE,20,elitize_generation_data,295,10,0.031,NA
297,32,replace-space-with-newline,tourney,FALSE,20,elitize_generation_data,296,6,0.021,NA
298,32,replace-space-with-newline,tourney,FALSE,20,elitize_generation_data,297,7,0.024,NA
299,32,replace-space-with-newline,tourney,FALSE,20,elitize_generation_data,298,8,0.024,NA
300,32,replace-space-with-newline,tourney,FALSE,20,elitize_generation_data,299,8,0.027,NA
301,32,replace-space-with-newline,tourney,FALSE,20,elitize_generation_data,300,10,0.024,NA
