,run.num,problem,treatment,succeeded,height,normalization.function,generation,cluster.count,error.diversity,success.generation
1,21,replace-space-with-newline,tourney,FALSE,20,elitize_generation_data,0,4,0.455,NA
2,21,replace-space-with-newline,tourney,FALSE,20,elitize_generation_data,1,6,0.36,NA
3,21,replace-space-with-newline,tourney,FALSE,20,elitize_generation_data,2,7,0.227,NA
4,21,replace-space-with-newline,tourney,FALSE,20,elitize_generation_data,3,7,0.18,NA
5,21,replace-space-with-newline,tourney,FALSE,20,elitize_generation_data,4,13,0.134,NA
6,21,replace-space-with-newline,tourney,FALSE,20,elitize_generation_data,5,15,0.143,NA
7,21,replace-space-with-newline,tourney,FALSE,20,elitize_generation_data,6,22,0.163,NA
8,21,replace-space-with-newline,tourney,FALSE,20,elitize_generation_data,7,17,0.113,NA
9,21,replace-space-with-newline,tourney,FALSE,20,elitize_generation_data,8,19,0.098,NA
10,21,replace-space-with-newline,tourney,FALSE,20,elitize_generation_data,9,18,0.122,NA
11,21,replace-space-with-newline,tourney,FALSE,20,elitize_generation_data,10,26,0.151,NA
12,21,replace-space-with-newline,tourney,FALSE,20,elitize_generation_data,11,35,0.161,NA
13,21,replace-space-with-newline,tourney,FALSE,20,elitize_generation_data,12,33,0.19,NA
14,21,replace-space-with-newline,tourney,FALSE,20,elitize_generation_data,13,32,0.152,NA
15,21,replace-space-with-newline,tourney,FALSE,20,elitize_generation_data,14,28,0.125,NA
16,21,replace-space-with-newline,tourney,FALSE,20,elitize_generation_data,15,23,0.15,NA
17,21,replace-space-with-newline,tourney,FALSE,20,elitize_generation_data,16,30,0.124,NA
18,21,replace-space-with-newline,tourney,FALSE,20,elitize_generation_data,17,25,0.135,NA
19,21,replace-space-with-newline,tourney,FALSE,20,elitize_generation_data,18,42,0.183,NA
20,21,replace-space-with-newline,tourney,FALSE,20,elitize_generation_data,19,51,0.195,NA
21,21,replace-space-with-newline,tourney,FALSE,20,elitize_generation_data,20,48,0.217,NA
22,21,replace-space-with-newline,tourney,FALSE,20,elitize_generation_data,21,44,0.22,NA
23,21,replace-space-with-newline,tourney,FALSE,20,elitize_generation_data,22,37,0.205,NA
24,21,replace-space-with-newline,tourney,FALSE,20,elitize_generation_data,23,40,0.187,NA
25,21,replace-space-with-newline,tourney,FALSE,20,elitize_generation_data,24,33,0.177,NA
26,21,replace-space-with-newline,tourney,FALSE,20,elitize_generation_data,25,41,0.177,NA
27,21,replace-space-with-newline,tourney,FALSE,20,elitize_generation_data,26,43,0.186,NA
28,21,replace-space-with-newline,tourney,FALSE,20,elitize_generation_data,27,41,0.205,NA
29,21,replace-space-with-newline,tourney,FALSE,20,elitize_generation_data,28,41,0.208,NA
30,21,replace-space-with-newline,tourney,FALSE,20,elitize_generation_data,29,40,0.202,NA
31,21,replace-space-with-newline,tourney,FALSE,20,elitize_generation_data,30,36,0.181,NA
32,21,replace-space-with-newline,tourney,FALSE,20,elitize_generation_data,31,31,0.186,NA
33,21,replace-space-with-newline,tourney,FALSE,20,elitize_generation_data,32,39,0.195,NA
34,21,replace-space-with-newline,tourney,FALSE,20,elitize_generation_data,33,34,0.203,NA
35,21,replace-space-with-newline,tourney,FALSE,20,elitize_generation_data,34,46,0.227,NA
36,21,replace-space-with-newline,tourney,FALSE,20,elitize_generation_data,35,29,0.195,NA
37,21,replace-space-with-newline,tourney,FALSE,20,elitize_generation_data,36,29,0.198,NA
38,21,replace-space-with-newline,tourney,FALSE,20,elitize_generation_data,37,26,0.175,NA
39,21,replace-space-with-newline,tourney,FALSE,20,elitize_generation_data,38,28,0.192,NA
40,21,replace-space-with-newline,tourney,FALSE,20,elitize_generation_data,39,30,0.192,NA
41,21,replace-space-with-newline,tourney,FALSE,20,elitize_generation_data,40,33,0.194,NA
42,21,replace-space-with-newline,tourney,FALSE,20,elitize_generation_data,41,39,0.194,NA
43,21,replace-space-with-newline,tourney,FALSE,20,elitize_generation_data,42,30,0.189,NA
44,21,replace-space-with-newline,tourney,FALSE,20,elitize_generation_data,43,34,0.179,NA
45,21,replace-space-with-newline,tourney,FALSE,20,elitize_generation_data,44,38,0.199,NA
46,21,replace-space-with-newline,tourney,FALSE,20,elitize_generation_data,45,32,0.212,NA
47,21,replace-space-with-newline,tourney,FALSE,20,elitize_generation_data,46,43,0.207,NA
48,21,replace-space-with-newline,tourney,FALSE,20,elitize_generation_data,47,33,0.188,NA
49,21,replace-space-with-newline,tourney,FALSE,20,elitize_generation_data,48,35,0.171,NA
50,21,replace-space-with-newline,tourney,FALSE,20,elitize_generation_data,49,25,0.197,NA
51,21,replace-space-with-newline,tourney,FALSE,20,elitize_generation_data,50,34,0.183,NA
52,21,replace-space-with-newline,tourney,FALSE,20,elitize_generation_data,51,27,0.193,NA
53,21,replace-space-with-newline,tourney,FALSE,20,elitize_generation_data,52,32,0.199,NA
54,21,replace-space-with-newline,tourney,FALSE,20,elitize_generation_data,53,32,0.2,NA
55,21,replace-space-with-newline,tourney,FALSE,20,elitize_generation_data,54,29,0.185,NA
56,21,replace-space-with-newline,tourney,FALSE,20,elitize_generation_data,55,35,0.195,NA
57,21,replace-space-with-newline,tourney,FALSE,20,elitize_generation_data,56,35,0.191,NA
58,21,replace-space-with-newline,tourney,FALSE,20,elitize_generation_data,57,35,0.178,NA
59,21,replace-space-with-newline,tourney,FALSE,20,elitize_generation_data,58,29,0.181,NA
60,21,replace-space-with-newline,tourney,FALSE,20,elitize_generation_data,59,35,0.201,NA
61,21,replace-space-with-newline,tourney,FALSE,20,elitize_generation_data,60,37,0.201,NA
62,21,replace-space-with-newline,tourney,FALSE,20,elitize_generation_data,61,32,0.203,NA
63,21,replace-space-with-newline,tourney,FALSE,20,elitize_generation_data,62,32,0.2,NA
64,21,replace-space-with-newline,tourney,FALSE,20,elitize_generation_data,63,31,0.185,NA
65,21,replace-space-with-newline,tourney,FALSE,20,elitize_generation_data,64,40,0.212,NA
66,21,replace-space-with-newline,tourney,FALSE,20,elitize_generation_data,65,37,0.214,NA
67,21,replace-space-with-newline,tourney,FALSE,20,elitize_generation_data,66,30,0.196,NA
68,21,replace-space-with-newline,tourney,FALSE,20,elitize_generation_data,67,40,0.205,NA
69,21,replace-space-with-newline,tourney,FALSE,20,elitize_generation_data,68,36,0.181,NA
70,21,replace-space-with-newline,tourney,FALSE,20,elitize_generation_data,69,32,0.18,NA
71,21,replace-space-with-newline,tourney,FALSE,20,elitize_generation_data,70,33,0.195,NA
72,21,replace-space-with-newline,tourney,FALSE,20,elitize_generation_data,71,33,0.202,NA
73,21,replace-space-with-newline,tourney,FALSE,20,elitize_generation_data,72,36,0.202,NA
74,21,replace-space-with-newline,tourney,FALSE,20,elitize_generation_data,73,37,0.221,NA
75,21,replace-space-with-newline,tourney,FALSE,20,elitize_generation_data,74,32,0.191,NA
76,21,replace-space-with-newline,tourney,FALSE,20,elitize_generation_data,75,31,0.195,NA
77,21,replace-space-with-newline,tourney,FALSE,20,elitize_generation_data,76,39,0.203,NA
78,21,replace-space-with-newline,tourney,FALSE,20,elitize_generation_data,77,36,0.212,NA
79,21,replace-space-with-newline,tourney,FALSE,20,elitize_generation_data,78,32,0.201,NA
80,21,replace-space-with-newline,tourney,FALSE,20,elitize_generation_data,79,29,0.198,NA
81,21,replace-space-with-newline,tourney,FALSE,20,elitize_generation_data,80,32,0.211,NA
82,21,replace-space-with-newline,tourney,FALSE,20,elitize_generation_data,81,34,0.221,NA
83,21,replace-space-with-newline,tourney,FALSE,20,elitize_generation_data,82,30,0.199,NA
84,21,replace-space-with-newline,tourney,FALSE,20,elitize_generation_data,83,33,0.206,NA
85,21,replace-space-with-newline,tourney,FALSE,20,elitize_generation_data,84,34,0.197,NA
86,21,replace-space-with-newline,tourney,FALSE,20,elitize_generation_data,85,39,0.195,NA
87,21,replace-space-with-newline,tourney,FALSE,20,elitize_generation_data,86,34,0.204,NA
88,21,replace-space-with-newline,tourney,FALSE,20,elitize_generation_data,87,41,0.204,NA
89,21,replace-space-with-newline,tourney,FALSE,20,elitize_generation_data,88,33,0.196,NA
90,21,replace-space-with-newline,tourney,FALSE,20,elitize_generation_data,89,30,0.184,NA
91,21,replace-space-with-newline,tourney,FALSE,20,elitize_generation_data,90,35,0.21,NA
92,21,replace-space-with-newline,tourney,FALSE,20,elitize_generation_data,91,34,0.207,NA
93,21,replace-space-with-newline,tourney,FALSE,20,elitize_generation_data,92,42,0.227,NA
94,21,replace-space-with-newline,tourney,FALSE,20,elitize_generation_data,93,32,0.205,NA
95,21,replace-space-with-newline,tourney,FALSE,20,elitize_generation_data,94,45,0.21,NA
96,21,replace-space-with-newline,tourney,FALSE,20,elitize_generation_data,95,37,0.194,NA
97,21,replace-space-with-newline,tourney,FALSE,20,elitize_generation_data,96,47,0.225,NA
98,21,replace-space-with-newline,tourney,FALSE,20,elitize_generation_data,97,47,0.259,NA
99,21,replace-space-with-newline,tourney,FALSE,20,elitize_generation_data,98,42,0.218,NA
100,21,replace-space-with-newline,tourney,FALSE,20,elitize_generation_data,99,42,0.222,NA
101,21,replace-space-with-newline,tourney,FALSE,20,elitize_generation_data,100,43,0.208,NA
102,21,replace-space-with-newline,tourney,FALSE,20,elitize_generation_data,101,37,0.224,NA
103,21,replace-space-with-newline,tourney,FALSE,20,elitize_generation_data,102,38,0.231,NA
104,21,replace-space-with-newline,tourney,FALSE,20,elitize_generation_data,103,38,0.227,NA
105,21,replace-space-with-newline,tourney,FALSE,20,elitize_generation_data,104,35,0.234,NA
106,21,replace-space-with-newline,tourney,FALSE,20,elitize_generation_data,105,37,0.208,NA
107,21,replace-space-with-newline,tourney,FALSE,20,elitize_generation_data,106,34,0.216,NA
108,21,replace-space-with-newline,tourney,FALSE,20,elitize_generation_data,107,37,0.218,NA
109,21,replace-space-with-newline,tourney,FALSE,20,elitize_generation_data,108,32,0.214,NA
110,21,replace-space-with-newline,tourney,FALSE,20,elitize_generation_data,109,41,0.236,NA
111,21,replace-space-with-newline,tourney,FALSE,20,elitize_generation_data,110,44,0.24,NA
112,21,replace-space-with-newline,tourney,FALSE,20,elitize_generation_data,111,45,0.237,NA
113,21,replace-space-with-newline,tourney,FALSE,20,elitize_generation_data,112,45,0.219,NA
114,21,replace-space-with-newline,tourney,FALSE,20,elitize_generation_data,113,41,0.229,NA
115,21,replace-space-with-newline,tourney,FALSE,20,elitize_generation_data,114,40,0.23,NA
116,21,replace-space-with-newline,tourney,FALSE,20,elitize_generation_data,115,40,0.218,NA
117,21,replace-space-with-newline,tourney,FALSE,20,elitize_generation_data,116,35,0.201,NA
118,21,replace-space-with-newline,tourney,FALSE,20,elitize_generation_data,117,36,0.223,NA
119,21,replace-space-with-newline,tourney,FALSE,20,elitize_generation_data,118,45,0.194,NA
120,21,replace-space-with-newline,tourney,FALSE,20,elitize_generation_data,119,36,0.211,NA
121,21,replace-space-with-newline,tourney,FALSE,20,elitize_generation_data,120,35,0.218,NA
122,21,replace-space-with-newline,tourney,FALSE,20,elitize_generation_data,121,32,0.205,NA
123,21,replace-space-with-newline,tourney,FALSE,20,elitize_generation_data,122,38,0.216,NA
124,21,replace-space-with-newline,tourney,FALSE,20,elitize_generation_data,123,43,0.209,NA
125,21,replace-space-with-newline,tourney,FALSE,20,elitize_generation_data,124,40,0.223,NA
126,21,replace-space-with-newline,tourney,FALSE,20,elitize_generation_data,125,43,0.236,NA
127,21,replace-space-with-newline,tourney,FALSE,20,elitize_generation_data,126,45,0.22,NA
128,21,replace-space-with-newline,tourney,FALSE,20,elitize_generation_data,127,42,0.219,NA
129,21,replace-space-with-newline,tourney,FALSE,20,elitize_generation_data,128,36,0.215,NA
130,21,replace-space-with-newline,tourney,FALSE,20,elitize_generation_data,129,38,0.203,NA
131,21,replace-space-with-newline,tourney,FALSE,20,elitize_generation_data,130,38,0.228,NA
132,21,replace-space-with-newline,tourney,FALSE,20,elitize_generation_data,131,38,0.216,NA
133,21,replace-space-with-newline,tourney,FALSE,20,elitize_generation_data,132,43,0.229,NA
134,21,replace-space-with-newline,tourney,FALSE,20,elitize_generation_data,133,38,0.231,NA
135,21,replace-space-with-newline,tourney,FALSE,20,elitize_generation_data,134,32,0.211,NA
136,21,replace-space-with-newline,tourney,FALSE,20,elitize_generation_data,135,46,0.221,NA
137,21,replace-space-with-newline,tourney,FALSE,20,elitize_generation_data,136,36,0.23,NA
138,21,replace-space-with-newline,tourney,FALSE,20,elitize_generation_data,137,34,0.221,NA
139,21,replace-space-with-newline,tourney,FALSE,20,elitize_generation_data,138,34,0.233,NA
140,21,replace-space-with-newline,tourney,FALSE,20,elitize_generation_data,139,40,0.218,NA
141,21,replace-space-with-newline,tourney,FALSE,20,elitize_generation_data,140,37,0.213,NA
142,21,replace-space-with-newline,tourney,FALSE,20,elitize_generation_data,141,33,0.229,NA
143,21,replace-space-with-newline,tourney,FALSE,20,elitize_generation_data,142,38,0.241,NA
144,21,replace-space-with-newline,tourney,FALSE,20,elitize_generation_data,143,43,0.235,NA
145,21,replace-space-with-newline,tourney,FALSE,20,elitize_generation_data,144,43,0.241,NA
146,21,replace-space-with-newline,tourney,FALSE,20,elitize_generation_data,145,40,0.235,NA
147,21,replace-space-with-newline,tourney,FALSE,20,elitize_generation_data,146,41,0.241,NA
148,21,replace-space-with-newline,tourney,FALSE,20,elitize_generation_data,147,47,0.219,NA
149,21,replace-space-with-newline,tourney,FALSE,20,elitize_generation_data,148,38,0.213,NA
150,21,replace-space-with-newline,tourney,FALSE,20,elitize_generation_data,149,37,0.223,NA
151,21,replace-space-with-newline,tourney,FALSE,20,elitize_generation_data,150,39,0.217,NA
152,21,replace-space-with-newline,tourney,FALSE,20,elitize_generation_data,151,45,0.248,NA
153,21,replace-space-with-newline,tourney,FALSE,20,elitize_generation_data,152,45,0.237,NA
154,21,replace-space-with-newline,tourney,FALSE,20,elitize_generation_data,153,48,0.224,NA
155,21,replace-space-with-newline,tourney,FALSE,20,elitize_generation_data,154,37,0.218,NA
156,21,replace-space-with-newline,tourney,FALSE,20,elitize_generation_data,155,40,0.214,NA
157,21,replace-space-with-newline,tourney,FALSE,20,elitize_generation_data,156,37,0.243,NA
158,21,replace-space-with-newline,tourney,FALSE,20,elitize_generation_data,157,43,0.22,NA
159,21,replace-space-with-newline,tourney,FALSE,20,elitize_generation_data,158,33,0.218,NA
160,21,replace-space-with-newline,tourney,FALSE,20,elitize_generation_data,159,40,0.239,NA
161,21,replace-space-with-newline,tourney,FALSE,20,elitize_generation_data,160,51,0.23,NA
162,21,replace-space-with-newline,tourney,FALSE,20,elitize_generation_data,161,37,0.208,NA
163,21,replace-space-with-newline,tourney,FALSE,20,elitize_generation_data,162,39,0.222,NA
164,21,replace-space-with-newline,tourney,FALSE,20,elitize_generation_data,163,42,0.231,NA
165,21,replace-space-with-newline,tourney,FALSE,20,elitize_generation_data,164,33,0.225,NA
166,21,replace-space-with-newline,tourney,FALSE,20,elitize_generation_data,165,40,0.224,NA
167,21,replace-space-with-newline,tourney,FALSE,20,elitize_generation_data,166,39,0.233,NA
168,21,replace-space-with-newline,tourney,FALSE,20,elitize_generation_data,167,39,0.208,NA
169,21,replace-space-with-newline,tourney,FALSE,20,elitize_generation_data,168,40,0.231,NA
170,21,replace-space-with-newline,tourney,FALSE,20,elitize_generation_data,169,36,0.211,NA
171,21,replace-space-with-newline,tourney,FALSE,20,elitize_generation_data,170,39,0.239,NA
172,21,replace-space-with-newline,tourney,FALSE,20,elitize_generation_data,171,42,0.216,NA
173,21,replace-space-with-newline,tourney,FALSE,20,elitize_generation_data,172,36,0.221,NA
174,21,replace-space-with-newline,tourney,FALSE,20,elitize_generation_data,173,46,0.221,NA
175,21,replace-space-with-newline,tourney,FALSE,20,elitize_generation_data,174,43,0.227,NA
176,21,replace-space-with-newline,tourney,FALSE,20,elitize_generation_data,175,40,0.236,NA
177,21,replace-space-with-newline,tourney,FALSE,20,elitize_generation_data,176,37,0.213,NA
178,21,replace-space-with-newline,tourney,FALSE,20,elitize_generation_data,177,41,0.231,NA
179,21,replace-space-with-newline,tourney,FALSE,20,elitize_generation_data,178,39,0.254,NA
180,21,replace-space-with-newline,tourney,FALSE,20,elitize_generation_data,179,43,0.224,NA
181,21,replace-space-with-newline,tourney,FALSE,20,elitize_generation_data,180,34,0.235,NA
182,21,replace-space-with-newline,tourney,FALSE,20,elitize_generation_data,181,42,0.234,NA
183,21,replace-space-with-newline,tourney,FALSE,20,elitize_generation_data,182,39,0.228,NA
184,21,replace-space-with-newline,tourney,FALSE,20,elitize_generation_data,183,43,0.238,NA
185,21,replace-space-with-newline,tourney,FALSE,20,elitize_generation_data,184,44,0.241,NA
186,21,replace-space-with-newline,tourney,FALSE,20,elitize_generation_data,185,38,0.22,NA
187,21,replace-space-with-newline,tourney,FALSE,20,elitize_generation_data,186,42,0.218,NA
188,21,replace-space-with-newline,tourney,FALSE,20,elitize_generation_data,187,41,0.25,NA
189,21,replace-space-with-newline,tourney,FALSE,20,elitize_generation_data,188,44,0.241,NA
190,21,replace-space-with-newline,tourney,FALSE,20,elitize_generation_data,189,34,0.258,NA
191,21,replace-space-with-newline,tourney,FALSE,20,elitize_generation_data,190,40,0.226,NA
192,21,replace-space-with-newline,tourney,FALSE,20,elitize_generation_data,191,43,0.218,NA
193,21,replace-space-with-newline,tourney,FALSE,20,elitize_generation_data,192,37,0.226,NA
194,21,replace-space-with-newline,tourney,FALSE,20,elitize_generation_data,193,38,0.22,NA
195,21,replace-space-with-newline,tourney,FALSE,20,elitize_generation_data,194,34,0.221,NA
196,21,replace-space-with-newline,tourney,FALSE,20,elitize_generation_data,195,48,0.22,NA
197,21,replace-space-with-newline,tourney,FALSE,20,elitize_generation_data,196,40,0.237,NA
198,21,replace-space-with-newline,tourney,FALSE,20,elitize_generation_data,197,43,0.258,NA
199,21,replace-space-with-newline,tourney,FALSE,20,elitize_generation_data,198,45,0.246,NA
200,21,replace-space-with-newline,tourney,FALSE,20,elitize_generation_data,199,44,0.24,NA
201,21,replace-space-with-newline,tourney,FALSE,20,elitize_generation_data,200,40,0.224,NA
202,21,replace-space-with-newline,tourney,FALSE,20,elitize_generation_data,201,42,0.229,NA
203,21,replace-space-with-newline,tourney,FALSE,20,elitize_generation_data,202,45,0.262,NA
204,21,replace-space-with-newline,tourney,FALSE,20,elitize_generation_data,203,48,0.226,NA
205,21,replace-space-with-newline,tourney,FALSE,20,elitize_generation_data,204,35,0.217,NA
206,21,replace-space-with-newline,tourney,FALSE,20,elitize_generation_data,205,42,0.234,NA
207,21,replace-space-with-newline,tourney,FALSE,20,elitize_generation_data,206,38,0.211,NA
208,21,replace-space-with-newline,tourney,FALSE,20,elitize_generation_data,207,40,0.238,NA
209,21,replace-space-with-newline,tourney,FALSE,20,elitize_generation_data,208,44,0.224,NA
210,21,replace-space-with-newline,tourney,FALSE,20,elitize_generation_data,209,51,0.244,NA
211,21,replace-space-with-newline,tourney,FALSE,20,elitize_generation_data,210,42,0.228,NA
212,21,replace-space-with-newline,tourney,FALSE,20,elitize_generation_data,211,39,0.228,NA
213,21,replace-space-with-newline,tourney,FALSE,20,elitize_generation_data,212,41,0.247,NA
214,21,replace-space-with-newline,tourney,FALSE,20,elitize_generation_data,213,36,0.217,NA
215,21,replace-space-with-newline,tourney,FALSE,20,elitize_generation_data,214,47,0.24,NA
216,21,replace-space-with-newline,tourney,FALSE,20,elitize_generation_data,215,50,0.256,NA
217,21,replace-space-with-newline,tourney,FALSE,20,elitize_generation_data,216,41,0.216,NA
218,21,replace-space-with-newline,tourney,FALSE,20,elitize_generation_data,217,36,0.238,NA
219,21,replace-space-with-newline,tourney,FALSE,20,elitize_generation_data,218,42,0.236,NA
220,21,replace-space-with-newline,tourney,FALSE,20,elitize_generation_data,219,34,0.232,NA
221,21,replace-space-with-newline,tourney,FALSE,20,elitize_generation_data,220,41,0.226,NA
222,21,replace-space-with-newline,tourney,FALSE,20,elitize_generation_data,221,44,0.245,NA
223,21,replace-space-with-newline,tourney,FALSE,20,elitize_generation_data,222,44,0.246,NA
224,21,replace-space-with-newline,tourney,FALSE,20,elitize_generation_data,223,42,0.233,NA
225,21,replace-space-with-newline,tourney,FALSE,20,elitize_generation_data,224,31,0.231,NA
226,21,replace-space-with-newline,tourney,FALSE,20,elitize_generation_data,225,42,0.239,NA
227,21,replace-space-with-newline,tourney,FALSE,20,elitize_generation_data,226,47,0.237,NA
228,21,replace-space-with-newline,tourney,FALSE,20,elitize_generation_data,227,35,0.226,NA
229,21,replace-space-with-newline,tourney,FALSE,20,elitize_generation_data,228,46,0.235,NA
230,21,replace-space-with-newline,tourney,FALSE,20,elitize_generation_data,229,41,0.213,NA
231,21,replace-space-with-newline,tourney,FALSE,20,elitize_generation_data,230,40,0.232,NA
232,21,replace-space-with-newline,tourney,FALSE,20,elitize_generation_data,231,37,0.211,NA
233,21,replace-space-with-newline,tourney,FALSE,20,elitize_generation_data,232,36,0.24,NA
234,21,replace-space-with-newline,tourney,FALSE,20,elitize_generation_data,233,42,0.218,NA
235,21,replace-space-with-newline,tourney,FALSE,20,elitize_generation_data,234,40,0.232,NA
236,21,replace-space-with-newline,tourney,FALSE,20,elitize_generation_data,235,37,0.211,NA
237,21,replace-space-with-newline,tourney,FALSE,20,elitize_generation_data,236,40,0.232,NA
238,21,replace-space-with-newline,tourney,FALSE,20,elitize_generation_data,237,40,0.234,NA
239,21,replace-space-with-newline,tourney,FALSE,20,elitize_generation_data,238,37,0.244,NA
240,21,replace-space-with-newline,tourney,FALSE,20,elitize_generation_data,239,41,0.233,NA
241,21,replace-space-with-newline,tourney,FALSE,20,elitize_generation_data,240,41,0.24,NA
242,21,replace-space-with-newline,tourney,FALSE,20,elitize_generation_data,241,41,0.25,NA
243,21,replace-space-with-newline,tourney,FALSE,20,elitize_generation_data,242,37,0.226,NA
244,21,replace-space-with-newline,tourney,FALSE,20,elitize_generation_data,243,35,0.234,NA
245,21,replace-space-with-newline,tourney,FALSE,20,elitize_generation_data,244,38,0.23,NA
246,21,replace-space-with-newline,tourney,FALSE,20,elitize_generation_data,245,40,0.211,NA
247,21,replace-space-with-newline,tourney,FALSE,20,elitize_generation_data,246,39,0.226,NA
248,21,replace-space-with-newline,tourney,FALSE,20,elitize_generation_data,247,37,0.226,NA
249,21,replace-space-with-newline,tourney,FALSE,20,elitize_generation_data,248,36,0.217,NA
250,21,replace-space-with-newline,tourney,FALSE,20,elitize_generation_data,249,41,0.225,NA
251,21,replace-space-with-newline,tourney,FALSE,20,elitize_generation_data,250,33,0.233,NA
252,21,replace-space-with-newline,tourney,FALSE,20,elitize_generation_data,251,44,0.25,NA
253,21,replace-space-with-newline,tourney,FALSE,20,elitize_generation_data,252,41,0.231,NA
254,21,replace-space-with-newline,tourney,FALSE,20,elitize_generation_data,253,42,0.252,NA
255,21,replace-space-with-newline,tourney,FALSE,20,elitize_generation_data,254,37,0.228,NA
256,21,replace-space-with-newline,tourney,FALSE,20,elitize_generation_data,255,39,0.215,NA
257,21,replace-space-with-newline,tourney,FALSE,20,elitize_generation_data,256,39,0.239,NA
258,21,replace-space-with-newline,tourney,FALSE,20,elitize_generation_data,257,47,0.24,NA
259,21,replace-space-with-newline,tourney,FALSE,20,elitize_generation_data,258,45,0.235,NA
260,21,replace-space-with-newline,tourney,FALSE,20,elitize_generation_data,259,38,0.224,NA
261,21,replace-space-with-newline,tourney,FALSE,20,elitize_generation_data,260,49,0.255,NA
262,21,replace-space-with-newline,tourney,FALSE,20,elitize_generation_data,261,38,0.23,NA
263,21,replace-space-with-newline,tourney,FALSE,20,elitize_generation_data,262,35,0.245,NA
264,21,replace-space-with-newline,tourney,FALSE,20,elitize_generation_data,263,35,0.222,NA
265,21,replace-space-with-newline,tourney,FALSE,20,elitize_generation_data,264,40,0.213,NA
266,21,replace-space-with-newline,tourney,FALSE,20,elitize_generation_data,265,41,0.243,NA
267,21,replace-space-with-newline,tourney,FALSE,20,elitize_generation_data,266,43,0.236,NA
268,21,replace-space-with-newline,tourney,FALSE,20,elitize_generation_data,267,42,0.24,NA
269,21,replace-space-with-newline,tourney,FALSE,20,elitize_generation_data,268,36,0.238,NA
270,21,replace-space-with-newline,tourney,FALSE,20,elitize_generation_data,269,44,0.243,NA
271,21,replace-space-with-newline,tourney,FALSE,20,elitize_generation_data,270,38,0.233,NA
272,21,replace-space-with-newline,tourney,FALSE,20,elitize_generation_data,271,38,0.224,NA
273,21,replace-space-with-newline,tourney,FALSE,20,elitize_generation_data,272,46,0.236,NA
274,21,replace-space-with-newline,tourney,FALSE,20,elitize_generation_data,273,43,0.259,NA
275,21,replace-space-with-newline,tourney,FALSE,20,elitize_generation_data,274,40,0.233,NA
276,21,replace-space-with-newline,tourney,FALSE,20,elitize_generation_data,275,43,0.224,NA
277,21,replace-space-with-newline,tourney,FALSE,20,elitize_generation_data,276,32,0.21,NA
278,21,replace-space-with-newline,tourney,FALSE,20,elitize_generation_data,277,39,0.225,NA
279,21,replace-space-with-newline,tourney,FALSE,20,elitize_generation_data,278,41,0.235,NA
280,21,replace-space-with-newline,tourney,FALSE,20,elitize_generation_data,279,42,0.245,NA
281,21,replace-space-with-newline,tourney,FALSE,20,elitize_generation_data,280,42,0.226,NA
282,21,replace-space-with-newline,tourney,FALSE,20,elitize_generation_data,281,43,0.246,NA
283,21,replace-space-with-newline,tourney,FALSE,20,elitize_generation_data,282,41,0.214,NA
284,21,replace-space-with-newline,tourney,FALSE,20,elitize_generation_data,283,38,0.22,NA
285,21,replace-space-with-newline,tourney,FALSE,20,elitize_generation_data,284,46,0.234,NA
286,21,replace-space-with-newline,tourney,FALSE,20,elitize_generation_data,285,41,0.227,NA
287,21,replace-space-with-newline,tourney,FALSE,20,elitize_generation_data,286,41,0.237,NA
288,21,replace-space-with-newline,tourney,FALSE,20,elitize_generation_data,287,40,0.229,NA
289,21,replace-space-with-newline,tourney,FALSE,20,elitize_generation_data,288,38,0.213,NA
290,21,replace-space-with-newline,tourney,FALSE,20,elitize_generation_data,289,39,0.226,NA
291,21,replace-space-with-newline,tourney,FALSE,20,elitize_generation_data,290,46,0.274,NA
292,21,replace-space-with-newline,tourney,FALSE,20,elitize_generation_data,291,37,0.234,NA
293,21,replace-space-with-newline,tourney,FALSE,20,elitize_generation_data,292,44,0.229,NA
294,21,replace-space-with-newline,tourney,FALSE,20,elitize_generation_data,293,43,0.221,NA
295,21,replace-space-with-newline,tourney,FALSE,20,elitize_generation_data,294,41,0.226,NA
296,21,replace-space-with-newline,tourney,FALSE,20,elitize_generation_data,295,47,0.236,NA
297,21,replace-space-with-newline,tourney,FALSE,20,elitize_generation_data,296,39,0.219,NA
298,21,replace-space-with-newline,tourney,FALSE,20,elitize_generation_data,297,39,0.236,NA
299,21,replace-space-with-newline,tourney,FALSE,20,elitize_generation_data,298,40,0.247,NA
300,21,replace-space-with-newline,tourney,FALSE,20,elitize_generation_data,299,43,0.234,NA
301,21,replace-space-with-newline,tourney,FALSE,20,elitize_generation_data,300,40,0.225,NA
