,run.num,problem,treatment,succeeded,height,normalization.function,generation,cluster.count,error.diversity,success.generation
1,84,replace-space-with-newline,tourney,FALSE,20,elitize_generation_data,0,4,0.508,NA
2,84,replace-space-with-newline,tourney,FALSE,20,elitize_generation_data,1,4,0.349,NA
3,84,replace-space-with-newline,tourney,FALSE,20,elitize_generation_data,2,4,0.224,NA
4,84,replace-space-with-newline,tourney,FALSE,20,elitize_generation_data,3,5,0.22,NA
5,84,replace-space-with-newline,tourney,FALSE,20,elitize_generation_data,4,11,0.224,NA
6,84,replace-space-with-newline,tourney,FALSE,20,elitize_generation_data,5,12,0.234,NA
7,84,replace-space-with-newline,tourney,FALSE,20,elitize_generation_data,6,12,0.207,NA
8,84,replace-space-with-newline,tourney,FALSE,20,elitize_generation_data,7,14,0.143,NA
9,84,replace-space-with-newline,tourney,FALSE,20,elitize_generation_data,8,13,0.16,NA
10,84,replace-space-with-newline,tourney,FALSE,20,elitize_generation_data,9,14,0.212,NA
11,84,replace-space-with-newline,tourney,FALSE,20,elitize_generation_data,10,19,0.223,NA
12,84,replace-space-with-newline,tourney,FALSE,20,elitize_generation_data,11,20,0.182,NA
13,84,replace-space-with-newline,tourney,FALSE,20,elitize_generation_data,12,13,0.156,NA
14,84,replace-space-with-newline,tourney,FALSE,20,elitize_generation_data,13,10,0.136,NA
15,84,replace-space-with-newline,tourney,FALSE,20,elitize_generation_data,14,14,0.117,NA
16,84,replace-space-with-newline,tourney,FALSE,20,elitize_generation_data,15,10,0.134,NA
17,84,replace-space-with-newline,tourney,FALSE,20,elitize_generation_data,16,13,0.124,NA
18,84,replace-space-with-newline,tourney,FALSE,20,elitize_generation_data,17,14,0.108,NA
19,84,replace-space-with-newline,tourney,FALSE,20,elitize_generation_data,18,14,0.117,NA
20,84,replace-space-with-newline,tourney,FALSE,20,elitize_generation_data,19,11,0.113,NA
21,84,replace-space-with-newline,tourney,FALSE,20,elitize_generation_data,20,14,0.124,NA
22,84,replace-space-with-newline,tourney,FALSE,20,elitize_generation_data,21,12,0.133,NA
23,84,replace-space-with-newline,tourney,FALSE,20,elitize_generation_data,22,13,0.121,NA
24,84,replace-space-with-newline,tourney,FALSE,20,elitize_generation_data,23,10,0.121,NA
25,84,replace-space-with-newline,tourney,FALSE,20,elitize_generation_data,24,13,0.131,NA
26,84,replace-space-with-newline,tourney,FALSE,20,elitize_generation_data,25,15,0.12,NA
27,84,replace-space-with-newline,tourney,FALSE,20,elitize_generation_data,26,12,0.116,NA
28,84,replace-space-with-newline,tourney,FALSE,20,elitize_generation_data,27,12,0.112,NA
29,84,replace-space-with-newline,tourney,FALSE,20,elitize_generation_data,28,12,0.116,NA
30,84,replace-space-with-newline,tourney,FALSE,20,elitize_generation_data,29,13,0.115,NA
31,84,replace-space-with-newline,tourney,FALSE,20,elitize_generation_data,30,11,0.107,NA
32,84,replace-space-with-newline,tourney,FALSE,20,elitize_generation_data,31,9,0.115,NA
33,84,replace-space-with-newline,tourney,FALSE,20,elitize_generation_data,32,10,0.12,NA
34,84,replace-space-with-newline,tourney,FALSE,20,elitize_generation_data,33,10,0.102,NA
35,84,replace-space-with-newline,tourney,FALSE,20,elitize_generation_data,34,12,0.109,NA
36,84,replace-space-with-newline,tourney,FALSE,20,elitize_generation_data,35,12,0.097,NA
37,84,replace-space-with-newline,tourney,FALSE,20,elitize_generation_data,36,11,0.113,NA
38,84,replace-space-with-newline,tourney,FALSE,20,elitize_generation_data,37,15,0.104,NA
39,84,replace-space-with-newline,tourney,FALSE,20,elitize_generation_data,38,11,0.12,NA
40,84,replace-space-with-newline,tourney,FALSE,20,elitize_generation_data,39,13,0.102,NA
41,84,replace-space-with-newline,tourney,FALSE,20,elitize_generation_data,40,15,0.106,NA
42,84,replace-space-with-newline,tourney,FALSE,20,elitize_generation_data,41,11,0.093,NA
43,84,replace-space-with-newline,tourney,FALSE,20,elitize_generation_data,42,13,0.092,NA
44,84,replace-space-with-newline,tourney,FALSE,20,elitize_generation_data,43,13,0.094,NA
45,84,replace-space-with-newline,tourney,FALSE,20,elitize_generation_data,44,13,0.099,NA
46,84,replace-space-with-newline,tourney,FALSE,20,elitize_generation_data,45,13,0.088,NA
47,84,replace-space-with-newline,tourney,FALSE,20,elitize_generation_data,46,8,0.089,NA
48,84,replace-space-with-newline,tourney,FALSE,20,elitize_generation_data,47,10,0.106,NA
49,84,replace-space-with-newline,tourney,FALSE,20,elitize_generation_data,48,12,0.102,NA
50,84,replace-space-with-newline,tourney,FALSE,20,elitize_generation_data,49,12,0.105,NA
51,84,replace-space-with-newline,tourney,FALSE,20,elitize_generation_data,50,11,0.086,NA
52,84,replace-space-with-newline,tourney,FALSE,20,elitize_generation_data,51,13,0.078,NA
53,84,replace-space-with-newline,tourney,FALSE,20,elitize_generation_data,52,10,0.082,NA
54,84,replace-space-with-newline,tourney,FALSE,20,elitize_generation_data,53,16,0.067,NA
55,84,replace-space-with-newline,tourney,FALSE,20,elitize_generation_data,54,15,0.078,NA
56,84,replace-space-with-newline,tourney,FALSE,20,elitize_generation_data,55,13,0.077,NA
57,84,replace-space-with-newline,tourney,FALSE,20,elitize_generation_data,56,12,0.059,NA
58,84,replace-space-with-newline,tourney,FALSE,20,elitize_generation_data,57,12,0.073,NA
59,84,replace-space-with-newline,tourney,FALSE,20,elitize_generation_data,58,15,0.063,NA
60,84,replace-space-with-newline,tourney,FALSE,20,elitize_generation_data,59,14,0.069,NA
61,84,replace-space-with-newline,tourney,FALSE,20,elitize_generation_data,60,10,0.072,NA
62,84,replace-space-with-newline,tourney,FALSE,20,elitize_generation_data,61,12,0.068,NA
63,84,replace-space-with-newline,tourney,FALSE,20,elitize_generation_data,62,12,0.069,NA
64,84,replace-space-with-newline,tourney,FALSE,20,elitize_generation_data,63,13,0.066,NA
65,84,replace-space-with-newline,tourney,FALSE,20,elitize_generation_data,64,10,0.06,NA
66,84,replace-space-with-newline,tourney,FALSE,20,elitize_generation_data,65,11,0.066,NA
67,84,replace-space-with-newline,tourney,FALSE,20,elitize_generation_data,66,10,0.064,NA
68,84,replace-space-with-newline,tourney,FALSE,20,elitize_generation_data,67,12,0.059,NA
69,84,replace-space-with-newline,tourney,FALSE,20,elitize_generation_data,68,10,0.063,NA
70,84,replace-space-with-newline,tourney,FALSE,20,elitize_generation_data,69,10,0.057,NA
71,84,replace-space-with-newline,tourney,FALSE,20,elitize_generation_data,70,12,0.07,NA
72,84,replace-space-with-newline,tourney,FALSE,20,elitize_generation_data,71,11,0.068,NA
73,84,replace-space-with-newline,tourney,FALSE,20,elitize_generation_data,72,11,0.063,NA
74,84,replace-space-with-newline,tourney,FALSE,20,elitize_generation_data,73,11,0.056,NA
75,84,replace-space-with-newline,tourney,FALSE,20,elitize_generation_data,74,11,0.052,NA
76,84,replace-space-with-newline,tourney,FALSE,20,elitize_generation_data,75,12,0.06,NA
77,84,replace-space-with-newline,tourney,FALSE,20,elitize_generation_data,76,12,0.053,NA
78,84,replace-space-with-newline,tourney,FALSE,20,elitize_generation_data,77,11,0.057,NA
79,84,replace-space-with-newline,tourney,FALSE,20,elitize_generation_data,78,18,0.06,NA
80,84,replace-space-with-newline,tourney,FALSE,20,elitize_generation_data,79,15,0.062,NA
81,84,replace-space-with-newline,tourney,FALSE,20,elitize_generation_data,80,14,0.062,NA
82,84,replace-space-with-newline,tourney,FALSE,20,elitize_generation_data,81,9,0.054,NA
83,84,replace-space-with-newline,tourney,FALSE,20,elitize_generation_data,82,14,0.071,NA
84,84,replace-space-with-newline,tourney,FALSE,20,elitize_generation_data,83,14,0.069,NA
85,84,replace-space-with-newline,tourney,FALSE,20,elitize_generation_data,84,10,0.057,NA
86,84,replace-space-with-newline,tourney,FALSE,20,elitize_generation_data,85,7,0.053,NA
87,84,replace-space-with-newline,tourney,FALSE,20,elitize_generation_data,86,12,0.055,NA
88,84,replace-space-with-newline,tourney,FALSE,20,elitize_generation_data,87,11,0.061,NA
89,84,replace-space-with-newline,tourney,FALSE,20,elitize_generation_data,88,11,0.058,NA
90,84,replace-space-with-newline,tourney,FALSE,20,elitize_generation_data,89,11,0.052,NA
91,84,replace-space-with-newline,tourney,FALSE,20,elitize_generation_data,90,12,0.042,NA
92,84,replace-space-with-newline,tourney,FALSE,20,elitize_generation_data,91,9,0.05,NA
93,84,replace-space-with-newline,tourney,FALSE,20,elitize_generation_data,92,10,0.049,NA
94,84,replace-space-with-newline,tourney,FALSE,20,elitize_generation_data,93,8,0.039,NA
95,84,replace-space-with-newline,tourney,FALSE,20,elitize_generation_data,94,7,0.042,NA
96,84,replace-space-with-newline,tourney,FALSE,20,elitize_generation_data,95,9,0.046,NA
97,84,replace-space-with-newline,tourney,FALSE,20,elitize_generation_data,96,10,0.05,NA
98,84,replace-space-with-newline,tourney,FALSE,20,elitize_generation_data,97,8,0.051,NA
99,84,replace-space-with-newline,tourney,FALSE,20,elitize_generation_data,98,12,0.041,NA
100,84,replace-space-with-newline,tourney,FALSE,20,elitize_generation_data,99,12,0.049,NA
101,84,replace-space-with-newline,tourney,FALSE,20,elitize_generation_data,100,9,0.042,NA
102,84,replace-space-with-newline,tourney,FALSE,20,elitize_generation_data,101,11,0.049,NA
103,84,replace-space-with-newline,tourney,FALSE,20,elitize_generation_data,102,11,0.049,NA
104,84,replace-space-with-newline,tourney,FALSE,20,elitize_generation_data,103,10,0.044,NA
105,84,replace-space-with-newline,tourney,FALSE,20,elitize_generation_data,104,13,0.057,NA
106,84,replace-space-with-newline,tourney,FALSE,20,elitize_generation_data,105,8,0.051,NA
107,84,replace-space-with-newline,tourney,FALSE,20,elitize_generation_data,106,11,0.054,NA
108,84,replace-space-with-newline,tourney,FALSE,20,elitize_generation_data,107,9,0.046,NA
109,84,replace-space-with-newline,tourney,FALSE,20,elitize_generation_data,108,14,0.047,NA
110,84,replace-space-with-newline,tourney,FALSE,20,elitize_generation_data,109,15,0.057,NA
111,84,replace-space-with-newline,tourney,FALSE,20,elitize_generation_data,110,11,0.045,NA
112,84,replace-space-with-newline,tourney,FALSE,20,elitize_generation_data,111,10,0.043,NA
113,84,replace-space-with-newline,tourney,FALSE,20,elitize_generation_data,112,8,0.046,NA
114,84,replace-space-with-newline,tourney,FALSE,20,elitize_generation_data,113,9,0.05,NA
115,84,replace-space-with-newline,tourney,FALSE,20,elitize_generation_data,114,8,0.037,NA
116,84,replace-space-with-newline,tourney,FALSE,20,elitize_generation_data,115,10,0.045,NA
117,84,replace-space-with-newline,tourney,FALSE,20,elitize_generation_data,116,11,0.046,NA
118,84,replace-space-with-newline,tourney,FALSE,20,elitize_generation_data,117,10,0.046,NA
119,84,replace-space-with-newline,tourney,FALSE,20,elitize_generation_data,118,13,0.053,NA
120,84,replace-space-with-newline,tourney,FALSE,20,elitize_generation_data,119,13,0.055,NA
121,84,replace-space-with-newline,tourney,FALSE,20,elitize_generation_data,120,8,0.04,NA
122,84,replace-space-with-newline,tourney,FALSE,20,elitize_generation_data,121,12,0.045,NA
123,84,replace-space-with-newline,tourney,FALSE,20,elitize_generation_data,122,9,0.038,NA
124,84,replace-space-with-newline,tourney,FALSE,20,elitize_generation_data,123,8,0.042,NA
125,84,replace-space-with-newline,tourney,FALSE,20,elitize_generation_data,124,11,0.038,NA
126,84,replace-space-with-newline,tourney,FALSE,20,elitize_generation_data,125,10,0.04,NA
127,84,replace-space-with-newline,tourney,FALSE,20,elitize_generation_data,126,7,0.033,NA
128,84,replace-space-with-newline,tourney,FALSE,20,elitize_generation_data,127,7,0.038,NA
129,84,replace-space-with-newline,tourney,FALSE,20,elitize_generation_data,128,10,0.039,NA
130,84,replace-space-with-newline,tourney,FALSE,20,elitize_generation_data,129,13,0.05,NA
131,84,replace-space-with-newline,tourney,FALSE,20,elitize_generation_data,130,10,0.038,NA
132,84,replace-space-with-newline,tourney,FALSE,20,elitize_generation_data,131,12,0.042,NA
133,84,replace-space-with-newline,tourney,FALSE,20,elitize_generation_data,132,11,0.046,NA
134,84,replace-space-with-newline,tourney,FALSE,20,elitize_generation_data,133,10,0.043,NA
135,84,replace-space-with-newline,tourney,FALSE,20,elitize_generation_data,134,9,0.044,NA
136,84,replace-space-with-newline,tourney,FALSE,20,elitize_generation_data,135,9,0.034,NA
137,84,replace-space-with-newline,tourney,FALSE,20,elitize_generation_data,136,7,0.037,NA
138,84,replace-space-with-newline,tourney,FALSE,20,elitize_generation_data,137,11,0.042,NA
139,84,replace-space-with-newline,tourney,FALSE,20,elitize_generation_data,138,11,0.039,NA
140,84,replace-space-with-newline,tourney,FALSE,20,elitize_generation_data,139,11,0.041,NA
141,84,replace-space-with-newline,tourney,FALSE,20,elitize_generation_data,140,11,0.045,NA
142,84,replace-space-with-newline,tourney,FALSE,20,elitize_generation_data,141,13,0.045,NA
143,84,replace-space-with-newline,tourney,FALSE,20,elitize_generation_data,142,11,0.043,NA
144,84,replace-space-with-newline,tourney,FALSE,20,elitize_generation_data,143,14,0.042,NA
145,84,replace-space-with-newline,tourney,FALSE,20,elitize_generation_data,144,9,0.039,NA
146,84,replace-space-with-newline,tourney,FALSE,20,elitize_generation_data,145,13,0.041,NA
147,84,replace-space-with-newline,tourney,FALSE,20,elitize_generation_data,146,8,0.036,NA
148,84,replace-space-with-newline,tourney,FALSE,20,elitize_generation_data,147,10,0.034,NA
149,84,replace-space-with-newline,tourney,FALSE,20,elitize_generation_data,148,8,0.037,NA
150,84,replace-space-with-newline,tourney,FALSE,20,elitize_generation_data,149,8,0.037,NA
151,84,replace-space-with-newline,tourney,FALSE,20,elitize_generation_data,150,12,0.035,NA
152,84,replace-space-with-newline,tourney,FALSE,20,elitize_generation_data,151,11,0.033,NA
153,84,replace-space-with-newline,tourney,FALSE,20,elitize_generation_data,152,9,0.038,NA
154,84,replace-space-with-newline,tourney,FALSE,20,elitize_generation_data,153,10,0.044,NA
155,84,replace-space-with-newline,tourney,FALSE,20,elitize_generation_data,154,9,0.032,NA
156,84,replace-space-with-newline,tourney,FALSE,20,elitize_generation_data,155,9,0.037,NA
157,84,replace-space-with-newline,tourney,FALSE,20,elitize_generation_data,156,9,0.039,NA
158,84,replace-space-with-newline,tourney,FALSE,20,elitize_generation_data,157,8,0.03,NA
159,84,replace-space-with-newline,tourney,FALSE,20,elitize_generation_data,158,8,0.03,NA
160,84,replace-space-with-newline,tourney,FALSE,20,elitize_generation_data,159,9,0.038,NA
161,84,replace-space-with-newline,tourney,FALSE,20,elitize_generation_data,160,10,0.041,NA
162,84,replace-space-with-newline,tourney,FALSE,20,elitize_generation_data,161,10,0.045,NA
163,84,replace-space-with-newline,tourney,FALSE,20,elitize_generation_data,162,9,0.036,NA
164,84,replace-space-with-newline,tourney,FALSE,20,elitize_generation_data,163,14,0.044,NA
165,84,replace-space-with-newline,tourney,FALSE,20,elitize_generation_data,164,11,0.051,NA
166,84,replace-space-with-newline,tourney,FALSE,20,elitize_generation_data,165,11,0.034,NA
167,84,replace-space-with-newline,tourney,FALSE,20,elitize_generation_data,166,13,0.034,NA
168,84,replace-space-with-newline,tourney,FALSE,20,elitize_generation_data,167,9,0.032,NA
169,84,replace-space-with-newline,tourney,FALSE,20,elitize_generation_data,168,11,0.034,NA
170,84,replace-space-with-newline,tourney,FALSE,20,elitize_generation_data,169,9,0.031,NA
171,84,replace-space-with-newline,tourney,FALSE,20,elitize_generation_data,170,9,0.04,NA
172,84,replace-space-with-newline,tourney,FALSE,20,elitize_generation_data,171,12,0.038,NA
173,84,replace-space-with-newline,tourney,FALSE,20,elitize_generation_data,172,7,0.028,NA
174,84,replace-space-with-newline,tourney,FALSE,20,elitize_generation_data,173,10,0.038,NA
175,84,replace-space-with-newline,tourney,FALSE,20,elitize_generation_data,174,7,0.028,NA
176,84,replace-space-with-newline,tourney,FALSE,20,elitize_generation_data,175,9,0.041,NA
177,84,replace-space-with-newline,tourney,FALSE,20,elitize_generation_data,176,11,0.03,NA
178,84,replace-space-with-newline,tourney,FALSE,20,elitize_generation_data,177,11,0.037,NA
179,84,replace-space-with-newline,tourney,FALSE,20,elitize_generation_data,178,13,0.03,NA
180,84,replace-space-with-newline,tourney,FALSE,20,elitize_generation_data,179,11,0.035,NA
181,84,replace-space-with-newline,tourney,FALSE,20,elitize_generation_data,180,8,0.03,NA
182,84,replace-space-with-newline,tourney,FALSE,20,elitize_generation_data,181,9,0.035,NA
183,84,replace-space-with-newline,tourney,FALSE,20,elitize_generation_data,182,9,0.034,NA
184,84,replace-space-with-newline,tourney,FALSE,20,elitize_generation_data,183,9,0.029,NA
185,84,replace-space-with-newline,tourney,FALSE,20,elitize_generation_data,184,10,0.028,NA
186,84,replace-space-with-newline,tourney,FALSE,20,elitize_generation_data,185,11,0.038,NA
187,84,replace-space-with-newline,tourney,FALSE,20,elitize_generation_data,186,12,0.031,NA
188,84,replace-space-with-newline,tourney,FALSE,20,elitize_generation_data,187,14,0.03,NA
189,84,replace-space-with-newline,tourney,FALSE,20,elitize_generation_data,188,9,0.027,NA
190,84,replace-space-with-newline,tourney,FALSE,20,elitize_generation_data,189,11,0.035,NA
191,84,replace-space-with-newline,tourney,FALSE,20,elitize_generation_data,190,11,0.031,NA
192,84,replace-space-with-newline,tourney,FALSE,20,elitize_generation_data,191,11,0.035,NA
193,84,replace-space-with-newline,tourney,FALSE,20,elitize_generation_data,192,10,0.033,NA
194,84,replace-space-with-newline,tourney,FALSE,20,elitize_generation_data,193,8,0.027,NA
195,84,replace-space-with-newline,tourney,FALSE,20,elitize_generation_data,194,11,0.039,NA
196,84,replace-space-with-newline,tourney,FALSE,20,elitize_generation_data,195,8,0.031,NA
197,84,replace-space-with-newline,tourney,FALSE,20,elitize_generation_data,196,7,0.032,NA
198,84,replace-space-with-newline,tourney,FALSE,20,elitize_generation_data,197,9,0.026,NA
199,84,replace-space-with-newline,tourney,FALSE,20,elitize_generation_data,198,11,0.03,NA
200,84,replace-space-with-newline,tourney,FALSE,20,elitize_generation_data,199,8,0.028,NA
201,84,replace-space-with-newline,tourney,FALSE,20,elitize_generation_data,200,8,0.031,NA
202,84,replace-space-with-newline,tourney,FALSE,20,elitize_generation_data,201,10,0.027,NA
203,84,replace-space-with-newline,tourney,FALSE,20,elitize_generation_data,202,9,0.029,NA
204,84,replace-space-with-newline,tourney,FALSE,20,elitize_generation_data,203,10,0.03,NA
205,84,replace-space-with-newline,tourney,FALSE,20,elitize_generation_data,204,11,0.027,NA
206,84,replace-space-with-newline,tourney,FALSE,20,elitize_generation_data,205,9,0.028,NA
207,84,replace-space-with-newline,tourney,FALSE,20,elitize_generation_data,206,9,0.026,NA
208,84,replace-space-with-newline,tourney,FALSE,20,elitize_generation_data,207,9,0.036,NA
209,84,replace-space-with-newline,tourney,FALSE,20,elitize_generation_data,208,9,0.031,NA
210,84,replace-space-with-newline,tourney,FALSE,20,elitize_generation_data,209,13,0.029,NA
211,84,replace-space-with-newline,tourney,FALSE,20,elitize_generation_data,210,8,0.024,NA
212,84,replace-space-with-newline,tourney,FALSE,20,elitize_generation_data,211,10,0.022,NA
213,84,replace-space-with-newline,tourney,FALSE,20,elitize_generation_data,212,10,0.029,NA
214,84,replace-space-with-newline,tourney,FALSE,20,elitize_generation_data,213,9,0.032,NA
215,84,replace-space-with-newline,tourney,FALSE,20,elitize_generation_data,214,9,0.025,NA
216,84,replace-space-with-newline,tourney,FALSE,20,elitize_generation_data,215,8,0.029,NA
217,84,replace-space-with-newline,tourney,FALSE,20,elitize_generation_data,216,9,0.022,NA
218,84,replace-space-with-newline,tourney,FALSE,20,elitize_generation_data,217,9,0.03,NA
219,84,replace-space-with-newline,tourney,FALSE,20,elitize_generation_data,218,8,0.03,NA
220,84,replace-space-with-newline,tourney,FALSE,20,elitize_generation_data,219,9,0.025,NA
221,84,replace-space-with-newline,tourney,FALSE,20,elitize_generation_data,220,8,0.032,NA
222,84,replace-space-with-newline,tourney,FALSE,20,elitize_generation_data,221,8,0.019,NA
223,84,replace-space-with-newline,tourney,FALSE,20,elitize_generation_data,222,8,0.029,NA
224,84,replace-space-with-newline,tourney,FALSE,20,elitize_generation_data,223,8,0.029,NA
225,84,replace-space-with-newline,tourney,FALSE,20,elitize_generation_data,224,7,0.026,NA
226,84,replace-space-with-newline,tourney,FALSE,20,elitize_generation_data,225,8,0.025,NA
227,84,replace-space-with-newline,tourney,FALSE,20,elitize_generation_data,226,9,0.023,NA
228,84,replace-space-with-newline,tourney,FALSE,20,elitize_generation_data,227,7,0.026,NA
229,84,replace-space-with-newline,tourney,FALSE,20,elitize_generation_data,228,7,0.026,NA
230,84,replace-space-with-newline,tourney,FALSE,20,elitize_generation_data,229,7,0.025,NA
231,84,replace-space-with-newline,tourney,FALSE,20,elitize_generation_data,230,8,0.031,NA
232,84,replace-space-with-newline,tourney,FALSE,20,elitize_generation_data,231,6,0.021,NA
233,84,replace-space-with-newline,tourney,FALSE,20,elitize_generation_data,232,8,0.023,NA
234,84,replace-space-with-newline,tourney,FALSE,20,elitize_generation_data,233,8,0.023,NA
235,84,replace-space-with-newline,tourney,FALSE,20,elitize_generation_data,234,6,0.021,NA
236,84,replace-space-with-newline,tourney,FALSE,20,elitize_generation_data,235,6,0.025,NA
237,84,replace-space-with-newline,tourney,FALSE,20,elitize_generation_data,236,5,0.024,NA
238,84,replace-space-with-newline,tourney,FALSE,20,elitize_generation_data,237,5,0.022,NA
239,84,replace-space-with-newline,tourney,FALSE,20,elitize_generation_data,238,7,0.025,NA
240,84,replace-space-with-newline,tourney,FALSE,20,elitize_generation_data,239,7,0.023,NA
241,84,replace-space-with-newline,tourney,FALSE,20,elitize_generation_data,240,9,0.023,NA
242,84,replace-space-with-newline,tourney,FALSE,20,elitize_generation_data,241,7,0.024,NA
243,84,replace-space-with-newline,tourney,FALSE,20,elitize_generation_data,242,7,0.02,NA
244,84,replace-space-with-newline,tourney,FALSE,20,elitize_generation_data,243,7,0.019,NA
245,84,replace-space-with-newline,tourney,FALSE,20,elitize_generation_data,244,7,0.024,NA
246,84,replace-space-with-newline,tourney,FALSE,20,elitize_generation_data,245,7,0.022,NA
247,84,replace-space-with-newline,tourney,FALSE,20,elitize_generation_data,246,8,0.021,NA
248,84,replace-space-with-newline,tourney,FALSE,20,elitize_generation_data,247,6,0.021,NA
249,84,replace-space-with-newline,tourney,FALSE,20,elitize_generation_data,248,6,0.021,NA
250,84,replace-space-with-newline,tourney,FALSE,20,elitize_generation_data,249,6,0.022,NA
251,84,replace-space-with-newline,tourney,FALSE,20,elitize_generation_data,250,5,0.018,NA
252,84,replace-space-with-newline,tourney,FALSE,20,elitize_generation_data,251,8,0.019,NA
253,84,replace-space-with-newline,tourney,FALSE,20,elitize_generation_data,252,7,0.017,NA
254,84,replace-space-with-newline,tourney,FALSE,20,elitize_generation_data,253,7,0.022,NA
255,84,replace-space-with-newline,tourney,FALSE,20,elitize_generation_data,254,5,0.023,NA
256,84,replace-space-with-newline,tourney,FALSE,20,elitize_generation_data,255,6,0.022,NA
257,84,replace-space-with-newline,tourney,FALSE,20,elitize_generation_data,256,5,0.022,NA
258,84,replace-space-with-newline,tourney,FALSE,20,elitize_generation_data,257,8,0.021,NA
259,84,replace-space-with-newline,tourney,FALSE,20,elitize_generation_data,258,7,0.023,NA
260,84,replace-space-with-newline,tourney,FALSE,20,elitize_generation_data,259,8,0.016,NA
261,84,replace-space-with-newline,tourney,FALSE,20,elitize_generation_data,260,5,0.014,NA
262,84,replace-space-with-newline,tourney,FALSE,20,elitize_generation_data,261,7,0.022,NA
263,84,replace-space-with-newline,tourney,FALSE,20,elitize_generation_data,262,6,0.02,NA
264,84,replace-space-with-newline,tourney,FALSE,20,elitize_generation_data,263,8,0.02,NA
265,84,replace-space-with-newline,tourney,FALSE,20,elitize_generation_data,264,8,0.018,NA
266,84,replace-space-with-newline,tourney,FALSE,20,elitize_generation_data,265,7,0.021,NA
267,84,replace-space-with-newline,tourney,FALSE,20,elitize_generation_data,266,10,0.024,NA
268,84,replace-space-with-newline,tourney,FALSE,20,elitize_generation_data,267,7,0.025,NA
269,84,replace-space-with-newline,tourney,FALSE,20,elitize_generation_data,268,6,0.021,NA
270,84,replace-space-with-newline,tourney,FALSE,20,elitize_generation_data,269,7,0.02,NA
271,84,replace-space-with-newline,tourney,FALSE,20,elitize_generation_data,270,7,0.024,NA
272,84,replace-space-with-newline,tourney,FALSE,20,elitize_generation_data,271,7,0.021,NA
273,84,replace-space-with-newline,tourney,FALSE,20,elitize_generation_data,272,7,0.02,NA
274,84,replace-space-with-newline,tourney,FALSE,20,elitize_generation_data,273,5,0.015,NA
275,84,replace-space-with-newline,tourney,FALSE,20,elitize_generation_data,274,5,0.017,NA
276,84,replace-space-with-newline,tourney,FALSE,20,elitize_generation_data,275,6,0.019,NA
277,84,replace-space-with-newline,tourney,FALSE,20,elitize_generation_data,276,7,0.02,NA
278,84,replace-space-with-newline,tourney,FALSE,20,elitize_generation_data,277,5,0.016,NA
279,84,replace-space-with-newline,tourney,FALSE,20,elitize_generation_data,278,8,0.021,NA
280,84,replace-space-with-newline,tourney,FALSE,20,elitize_generation_data,279,7,0.019,NA
281,84,replace-space-with-newline,tourney,FALSE,20,elitize_generation_data,280,7,0.017,NA
282,84,replace-space-with-newline,tourney,FALSE,20,elitize_generation_data,281,5,0.013,NA
283,84,replace-space-with-newline,tourney,FALSE,20,elitize_generation_data,282,5,0.011,NA
284,84,replace-space-with-newline,tourney,FALSE,20,elitize_generation_data,283,6,0.022,NA
285,84,replace-space-with-newline,tourney,FALSE,20,elitize_generation_data,284,8,0.02,NA
286,84,replace-space-with-newline,tourney,FALSE,20,elitize_generation_data,285,7,0.02,NA
287,84,replace-space-with-newline,tourney,FALSE,20,elitize_generation_data,286,6,0.018,NA
288,84,replace-space-with-newline,tourney,FALSE,20,elitize_generation_data,287,8,0.023,NA
289,84,replace-space-with-newline,tourney,FALSE,20,elitize_generation_data,288,5,0.016,NA
290,84,replace-space-with-newline,tourney,FALSE,20,elitize_generation_data,289,6,0.016,NA
291,84,replace-space-with-newline,tourney,FALSE,20,elitize_generation_data,290,10,0.024,NA
292,84,replace-space-with-newline,tourney,FALSE,20,elitize_generation_data,291,7,0.016,NA
293,84,replace-space-with-newline,tourney,FALSE,20,elitize_generation_data,292,6,0.018,NA
294,84,replace-space-with-newline,tourney,FALSE,20,elitize_generation_data,293,6,0.019,NA
295,84,replace-space-with-newline,tourney,FALSE,20,elitize_generation_data,294,10,0.028,NA
296,84,replace-space-with-newline,tourney,FALSE,20,elitize_generation_data,295,7,0.019,NA
297,84,replace-space-with-newline,tourney,FALSE,20,elitize_generation_data,296,5,0.021,NA
298,84,replace-space-with-newline,tourney,FALSE,20,elitize_generation_data,297,6,0.021,NA
299,84,replace-space-with-newline,tourney,FALSE,20,elitize_generation_data,298,7,0.018,NA
300,84,replace-space-with-newline,tourney,FALSE,20,elitize_generation_data,299,7,0.024,NA
301,84,replace-space-with-newline,tourney,FALSE,20,elitize_generation_data,300,7,0.019,NA
