,run.num,problem,treatment,succeeded,height,normalization.function,generation,cluster.count,error.diversity,success.generation
1,67,replace-space-with-newline,tourney,FALSE,20,elitize_generation_data,0,5,0.471,NA
2,67,replace-space-with-newline,tourney,FALSE,20,elitize_generation_data,1,7,0.329,NA
3,67,replace-space-with-newline,tourney,FALSE,20,elitize_generation_data,2,9,0.211,NA
4,67,replace-space-with-newline,tourney,FALSE,20,elitize_generation_data,3,13,0.196,NA
5,67,replace-space-with-newline,tourney,FALSE,20,elitize_generation_data,4,12,0.152,NA
6,67,replace-space-with-newline,tourney,FALSE,20,elitize_generation_data,5,14,0.133,NA
7,67,replace-space-with-newline,tourney,FALSE,20,elitize_generation_data,6,17,0.116,NA
8,67,replace-space-with-newline,tourney,FALSE,20,elitize_generation_data,7,18,0.116,NA
9,67,replace-space-with-newline,tourney,FALSE,20,elitize_generation_data,8,14,0.106,NA
10,67,replace-space-with-newline,tourney,FALSE,20,elitize_generation_data,9,18,0.112,NA
11,67,replace-space-with-newline,tourney,FALSE,20,elitize_generation_data,10,15,0.133,NA
12,67,replace-space-with-newline,tourney,FALSE,20,elitize_generation_data,11,24,0.161,NA
13,67,replace-space-with-newline,tourney,FALSE,20,elitize_generation_data,12,19,0.151,NA
14,67,replace-space-with-newline,tourney,FALSE,20,elitize_generation_data,13,19,0.155,NA
15,67,replace-space-with-newline,tourney,FALSE,20,elitize_generation_data,14,21,0.151,NA
16,67,replace-space-with-newline,tourney,FALSE,20,elitize_generation_data,15,20,0.177,NA
17,67,replace-space-with-newline,tourney,FALSE,20,elitize_generation_data,16,22,0.181,NA
18,67,replace-space-with-newline,tourney,FALSE,20,elitize_generation_data,17,18,0.178,NA
19,67,replace-space-with-newline,tourney,FALSE,20,elitize_generation_data,18,18,0.167,NA
20,67,replace-space-with-newline,tourney,FALSE,20,elitize_generation_data,19,19,0.183,NA
21,67,replace-space-with-newline,tourney,FALSE,20,elitize_generation_data,20,18,0.185,NA
22,67,replace-space-with-newline,tourney,FALSE,20,elitize_generation_data,21,18,0.172,NA
23,67,replace-space-with-newline,tourney,FALSE,20,elitize_generation_data,22,18,0.143,NA
24,67,replace-space-with-newline,tourney,FALSE,20,elitize_generation_data,23,20,0.165,NA
25,67,replace-space-with-newline,tourney,FALSE,20,elitize_generation_data,24,17,0.185,NA
26,67,replace-space-with-newline,tourney,FALSE,20,elitize_generation_data,25,20,0.178,NA
27,67,replace-space-with-newline,tourney,FALSE,20,elitize_generation_data,26,16,0.179,NA
28,67,replace-space-with-newline,tourney,FALSE,20,elitize_generation_data,27,17,0.193,NA
29,67,replace-space-with-newline,tourney,FALSE,20,elitize_generation_data,28,21,0.19,NA
30,67,replace-space-with-newline,tourney,FALSE,20,elitize_generation_data,29,20,0.203,NA
31,67,replace-space-with-newline,tourney,FALSE,20,elitize_generation_data,30,21,0.219,NA
32,67,replace-space-with-newline,tourney,FALSE,20,elitize_generation_data,31,19,0.273,NA
33,67,replace-space-with-newline,tourney,FALSE,20,elitize_generation_data,32,30,0.313,NA
34,67,replace-space-with-newline,tourney,FALSE,20,elitize_generation_data,33,28,0.324,NA
35,67,replace-space-with-newline,tourney,FALSE,20,elitize_generation_data,34,30,0.294,NA
36,67,replace-space-with-newline,tourney,FALSE,20,elitize_generation_data,35,26,0.306,NA
37,67,replace-space-with-newline,tourney,FALSE,20,elitize_generation_data,36,36,0.361,NA
38,67,replace-space-with-newline,tourney,FALSE,20,elitize_generation_data,37,41,0.357,NA
39,67,replace-space-with-newline,tourney,FALSE,20,elitize_generation_data,38,42,0.456,NA
40,67,replace-space-with-newline,tourney,FALSE,20,elitize_generation_data,39,44,0.43,NA
41,67,replace-space-with-newline,tourney,FALSE,20,elitize_generation_data,40,44,0.433,NA
42,67,replace-space-with-newline,tourney,FALSE,20,elitize_generation_data,41,45,0.451,NA
43,67,replace-space-with-newline,tourney,FALSE,20,elitize_generation_data,42,50,0.507,NA
44,67,replace-space-with-newline,tourney,FALSE,20,elitize_generation_data,43,53,0.506,NA
45,67,replace-space-with-newline,tourney,FALSE,20,elitize_generation_data,44,54,0.507,NA
46,67,replace-space-with-newline,tourney,FALSE,20,elitize_generation_data,45,47,0.516,NA
47,67,replace-space-with-newline,tourney,FALSE,20,elitize_generation_data,46,55,0.531,NA
48,67,replace-space-with-newline,tourney,FALSE,20,elitize_generation_data,47,61,0.534,NA
49,67,replace-space-with-newline,tourney,FALSE,20,elitize_generation_data,48,45,0.528,NA
50,67,replace-space-with-newline,tourney,FALSE,20,elitize_generation_data,49,42,0.56,NA
51,67,replace-space-with-newline,tourney,FALSE,20,elitize_generation_data,50,48,0.554,NA
52,67,replace-space-with-newline,tourney,FALSE,20,elitize_generation_data,51,68,0.553,NA
53,67,replace-space-with-newline,tourney,FALSE,20,elitize_generation_data,52,56,0.566,NA
54,67,replace-space-with-newline,tourney,FALSE,20,elitize_generation_data,53,48,0.535,NA
55,67,replace-space-with-newline,tourney,FALSE,20,elitize_generation_data,54,49,0.544,NA
56,67,replace-space-with-newline,tourney,FALSE,20,elitize_generation_data,55,61,0.572,NA
57,67,replace-space-with-newline,tourney,FALSE,20,elitize_generation_data,56,69,0.624,NA
58,67,replace-space-with-newline,tourney,FALSE,20,elitize_generation_data,57,68,0.595,NA
59,67,replace-space-with-newline,tourney,FALSE,20,elitize_generation_data,58,64,0.566,NA
60,67,replace-space-with-newline,tourney,FALSE,20,elitize_generation_data,59,63,0.566,NA
61,67,replace-space-with-newline,tourney,FALSE,20,elitize_generation_data,60,55,0.569,NA
62,67,replace-space-with-newline,tourney,FALSE,20,elitize_generation_data,61,62,0.572,NA
63,67,replace-space-with-newline,tourney,FALSE,20,elitize_generation_data,62,61,0.585,NA
64,67,replace-space-with-newline,tourney,FALSE,20,elitize_generation_data,63,66,0.631,NA
65,67,replace-space-with-newline,tourney,FALSE,20,elitize_generation_data,64,60,0.644,NA
66,67,replace-space-with-newline,tourney,FALSE,20,elitize_generation_data,65,61,0.653,NA
67,67,replace-space-with-newline,tourney,FALSE,20,elitize_generation_data,66,74,0.691,NA
68,67,replace-space-with-newline,tourney,FALSE,20,elitize_generation_data,67,77,0.698,NA
69,67,replace-space-with-newline,tourney,FALSE,20,elitize_generation_data,68,61,0.715,NA
70,67,replace-space-with-newline,tourney,FALSE,20,elitize_generation_data,69,62,0.738,NA
71,67,replace-space-with-newline,tourney,FALSE,20,elitize_generation_data,70,58,0.738,NA
72,67,replace-space-with-newline,tourney,FALSE,20,elitize_generation_data,71,61,0.76,NA
73,67,replace-space-with-newline,tourney,FALSE,20,elitize_generation_data,72,64,0.726,NA
74,67,replace-space-with-newline,tourney,FALSE,20,elitize_generation_data,73,52,0.711,NA
75,67,replace-space-with-newline,tourney,FALSE,20,elitize_generation_data,74,59,0.692,NA
76,67,replace-space-with-newline,tourney,FALSE,20,elitize_generation_data,75,52,0.706,NA
77,67,replace-space-with-newline,tourney,FALSE,20,elitize_generation_data,76,67,0.718,NA
78,67,replace-space-with-newline,tourney,FALSE,20,elitize_generation_data,77,74,0.73,NA
79,67,replace-space-with-newline,tourney,FALSE,20,elitize_generation_data,78,59,0.73,NA
80,67,replace-space-with-newline,tourney,FALSE,20,elitize_generation_data,79,86,0.752,NA
81,67,replace-space-with-newline,tourney,FALSE,20,elitize_generation_data,80,59,0.754,NA
82,67,replace-space-with-newline,tourney,FALSE,20,elitize_generation_data,81,60,0.728,NA
83,67,replace-space-with-newline,tourney,FALSE,20,elitize_generation_data,82,60,0.763,NA
84,67,replace-space-with-newline,tourney,FALSE,20,elitize_generation_data,83,56,0.743,NA
85,67,replace-space-with-newline,tourney,FALSE,20,elitize_generation_data,84,65,0.756,NA
86,67,replace-space-with-newline,tourney,FALSE,20,elitize_generation_data,85,59,0.733,NA
87,67,replace-space-with-newline,tourney,FALSE,20,elitize_generation_data,86,64,0.728,NA
88,67,replace-space-with-newline,tourney,FALSE,20,elitize_generation_data,87,45,0.734,NA
89,67,replace-space-with-newline,tourney,FALSE,20,elitize_generation_data,88,66,0.757,NA
90,67,replace-space-with-newline,tourney,FALSE,20,elitize_generation_data,89,68,0.797,NA
91,67,replace-space-with-newline,tourney,FALSE,20,elitize_generation_data,90,56,0.783,NA
92,67,replace-space-with-newline,tourney,FALSE,20,elitize_generation_data,91,69,0.78,NA
93,67,replace-space-with-newline,tourney,FALSE,20,elitize_generation_data,92,58,0.772,NA
94,67,replace-space-with-newline,tourney,FALSE,20,elitize_generation_data,93,61,0.769,NA
95,67,replace-space-with-newline,tourney,FALSE,20,elitize_generation_data,94,64,0.721,NA
96,67,replace-space-with-newline,tourney,FALSE,20,elitize_generation_data,95,76,0.739,NA
97,67,replace-space-with-newline,tourney,FALSE,20,elitize_generation_data,96,69,0.729,NA
98,67,replace-space-with-newline,tourney,FALSE,20,elitize_generation_data,97,64,0.748,NA
99,67,replace-space-with-newline,tourney,FALSE,20,elitize_generation_data,98,60,0.751,NA
100,67,replace-space-with-newline,tourney,FALSE,20,elitize_generation_data,99,55,0.734,NA
101,67,replace-space-with-newline,tourney,FALSE,20,elitize_generation_data,100,57,0.76,NA
102,67,replace-space-with-newline,tourney,FALSE,20,elitize_generation_data,101,54,0.741,NA
103,67,replace-space-with-newline,tourney,FALSE,20,elitize_generation_data,102,64,0.736,NA
104,67,replace-space-with-newline,tourney,FALSE,20,elitize_generation_data,103,62,0.767,NA
105,67,replace-space-with-newline,tourney,FALSE,20,elitize_generation_data,104,61,0.778,NA
106,67,replace-space-with-newline,tourney,FALSE,20,elitize_generation_data,105,76,0.783,NA
107,67,replace-space-with-newline,tourney,FALSE,20,elitize_generation_data,106,62,0.78,NA
108,67,replace-space-with-newline,tourney,FALSE,20,elitize_generation_data,107,73,0.771,NA
109,67,replace-space-with-newline,tourney,FALSE,20,elitize_generation_data,108,66,0.781,NA
110,67,replace-space-with-newline,tourney,FALSE,20,elitize_generation_data,109,64,0.774,NA
111,67,replace-space-with-newline,tourney,FALSE,20,elitize_generation_data,110,60,0.737,NA
112,67,replace-space-with-newline,tourney,FALSE,20,elitize_generation_data,111,64,0.725,NA
113,67,replace-space-with-newline,tourney,FALSE,20,elitize_generation_data,112,66,0.734,NA
114,67,replace-space-with-newline,tourney,FALSE,20,elitize_generation_data,113,61,0.733,NA
115,67,replace-space-with-newline,tourney,FALSE,20,elitize_generation_data,114,65,0.728,NA
116,67,replace-space-with-newline,tourney,FALSE,20,elitize_generation_data,115,68,0.729,NA
117,67,replace-space-with-newline,tourney,FALSE,20,elitize_generation_data,116,71,0.72,NA
118,67,replace-space-with-newline,tourney,FALSE,20,elitize_generation_data,117,58,0.699,NA
119,67,replace-space-with-newline,tourney,FALSE,20,elitize_generation_data,118,63,0.719,NA
120,67,replace-space-with-newline,tourney,FALSE,20,elitize_generation_data,119,64,0.713,NA
121,67,replace-space-with-newline,tourney,FALSE,20,elitize_generation_data,120,64,0.729,NA
122,67,replace-space-with-newline,tourney,FALSE,20,elitize_generation_data,121,58,0.719,NA
123,67,replace-space-with-newline,tourney,FALSE,20,elitize_generation_data,122,62,0.725,NA
124,67,replace-space-with-newline,tourney,FALSE,20,elitize_generation_data,123,52,0.729,NA
125,67,replace-space-with-newline,tourney,FALSE,20,elitize_generation_data,124,69,0.745,NA
126,67,replace-space-with-newline,tourney,FALSE,20,elitize_generation_data,125,67,0.706,NA
127,67,replace-space-with-newline,tourney,FALSE,20,elitize_generation_data,126,56,0.683,NA
128,67,replace-space-with-newline,tourney,FALSE,20,elitize_generation_data,127,49,0.716,NA
129,67,replace-space-with-newline,tourney,FALSE,20,elitize_generation_data,128,56,0.699,NA
130,67,replace-space-with-newline,tourney,FALSE,20,elitize_generation_data,129,51,0.724,NA
131,67,replace-space-with-newline,tourney,FALSE,20,elitize_generation_data,130,58,0.719,NA
132,67,replace-space-with-newline,tourney,FALSE,20,elitize_generation_data,131,61,0.73,NA
133,67,replace-space-with-newline,tourney,FALSE,20,elitize_generation_data,132,59,0.724,NA
134,67,replace-space-with-newline,tourney,FALSE,20,elitize_generation_data,133,70,0.749,NA
135,67,replace-space-with-newline,tourney,FALSE,20,elitize_generation_data,134,56,0.76,NA
136,67,replace-space-with-newline,tourney,FALSE,20,elitize_generation_data,135,63,0.744,NA
137,67,replace-space-with-newline,tourney,FALSE,20,elitize_generation_data,136,57,0.716,NA
138,67,replace-space-with-newline,tourney,FALSE,20,elitize_generation_data,137,59,0.736,NA
139,67,replace-space-with-newline,tourney,FALSE,20,elitize_generation_data,138,52,0.729,NA
140,67,replace-space-with-newline,tourney,FALSE,20,elitize_generation_data,139,49,0.731,NA
141,67,replace-space-with-newline,tourney,FALSE,20,elitize_generation_data,140,53,0.719,NA
142,67,replace-space-with-newline,tourney,FALSE,20,elitize_generation_data,141,50,0.725,NA
143,67,replace-space-with-newline,tourney,FALSE,20,elitize_generation_data,142,61,0.726,NA
144,67,replace-space-with-newline,tourney,FALSE,20,elitize_generation_data,143,60,0.726,NA
145,67,replace-space-with-newline,tourney,FALSE,20,elitize_generation_data,144,61,0.733,NA
146,67,replace-space-with-newline,tourney,FALSE,20,elitize_generation_data,145,64,0.722,NA
147,67,replace-space-with-newline,tourney,FALSE,20,elitize_generation_data,146,51,0.699,NA
148,67,replace-space-with-newline,tourney,FALSE,20,elitize_generation_data,147,50,0.737,NA
149,67,replace-space-with-newline,tourney,FALSE,20,elitize_generation_data,148,46,0.728,NA
150,67,replace-space-with-newline,tourney,FALSE,20,elitize_generation_data,149,63,0.738,NA
151,67,replace-space-with-newline,tourney,FALSE,20,elitize_generation_data,150,63,0.754,NA
152,67,replace-space-with-newline,tourney,FALSE,20,elitize_generation_data,151,64,0.764,NA
153,67,replace-space-with-newline,tourney,FALSE,20,elitize_generation_data,152,67,0.733,NA
154,67,replace-space-with-newline,tourney,FALSE,20,elitize_generation_data,153,59,0.728,NA
155,67,replace-space-with-newline,tourney,FALSE,20,elitize_generation_data,154,62,0.754,NA
156,67,replace-space-with-newline,tourney,FALSE,20,elitize_generation_data,155,55,0.73,NA
157,67,replace-space-with-newline,tourney,FALSE,20,elitize_generation_data,156,45,0.732,NA
158,67,replace-space-with-newline,tourney,FALSE,20,elitize_generation_data,157,46,0.754,NA
159,67,replace-space-with-newline,tourney,FALSE,20,elitize_generation_data,158,58,0.726,NA
160,67,replace-space-with-newline,tourney,FALSE,20,elitize_generation_data,159,44,0.702,NA
161,67,replace-space-with-newline,tourney,FALSE,20,elitize_generation_data,160,66,0.718,NA
162,67,replace-space-with-newline,tourney,FALSE,20,elitize_generation_data,161,55,0.705,NA
163,67,replace-space-with-newline,tourney,FALSE,20,elitize_generation_data,162,58,0.68,NA
164,67,replace-space-with-newline,tourney,FALSE,20,elitize_generation_data,163,46,0.695,NA
165,67,replace-space-with-newline,tourney,FALSE,20,elitize_generation_data,164,50,0.67,NA
166,67,replace-space-with-newline,tourney,FALSE,20,elitize_generation_data,165,57,0.687,NA
167,67,replace-space-with-newline,tourney,FALSE,20,elitize_generation_data,166,54,0.68,NA
168,67,replace-space-with-newline,tourney,FALSE,20,elitize_generation_data,167,52,0.686,NA
169,67,replace-space-with-newline,tourney,FALSE,20,elitize_generation_data,168,54,0.68,NA
170,67,replace-space-with-newline,tourney,FALSE,20,elitize_generation_data,169,48,0.702,NA
171,67,replace-space-with-newline,tourney,FALSE,20,elitize_generation_data,170,61,0.726,NA
172,67,replace-space-with-newline,tourney,FALSE,20,elitize_generation_data,171,54,0.72,NA
173,67,replace-space-with-newline,tourney,FALSE,20,elitize_generation_data,172,47,0.726,NA
174,67,replace-space-with-newline,tourney,FALSE,20,elitize_generation_data,173,48,0.72,NA
175,67,replace-space-with-newline,tourney,FALSE,20,elitize_generation_data,174,56,0.708,NA
176,67,replace-space-with-newline,tourney,FALSE,20,elitize_generation_data,175,60,0.714,NA
177,67,replace-space-with-newline,tourney,FALSE,20,elitize_generation_data,176,47,0.724,NA
178,67,replace-space-with-newline,tourney,FALSE,20,elitize_generation_data,177,66,0.747,NA
179,67,replace-space-with-newline,tourney,FALSE,20,elitize_generation_data,178,50,0.711,NA
180,67,replace-space-with-newline,tourney,FALSE,20,elitize_generation_data,179,51,0.752,NA
181,67,replace-space-with-newline,tourney,FALSE,20,elitize_generation_data,180,56,0.728,NA
182,67,replace-space-with-newline,tourney,FALSE,20,elitize_generation_data,181,56,0.728,NA
183,67,replace-space-with-newline,tourney,FALSE,20,elitize_generation_data,182,49,0.75,NA
184,67,replace-space-with-newline,tourney,FALSE,20,elitize_generation_data,183,50,0.693,NA
185,67,replace-space-with-newline,tourney,FALSE,20,elitize_generation_data,184,57,0.717,NA
186,67,replace-space-with-newline,tourney,FALSE,20,elitize_generation_data,185,54,0.722,NA
187,67,replace-space-with-newline,tourney,FALSE,20,elitize_generation_data,186,62,0.74,NA
188,67,replace-space-with-newline,tourney,FALSE,20,elitize_generation_data,187,47,0.728,NA
189,67,replace-space-with-newline,tourney,FALSE,20,elitize_generation_data,188,58,0.736,NA
190,67,replace-space-with-newline,tourney,FALSE,20,elitize_generation_data,189,51,0.742,NA
191,67,replace-space-with-newline,tourney,FALSE,20,elitize_generation_data,190,45,0.728,NA
192,67,replace-space-with-newline,tourney,FALSE,20,elitize_generation_data,191,60,0.752,NA
193,67,replace-space-with-newline,tourney,FALSE,20,elitize_generation_data,192,65,0.726,NA
194,67,replace-space-with-newline,tourney,FALSE,20,elitize_generation_data,193,47,0.728,NA
195,67,replace-space-with-newline,tourney,FALSE,20,elitize_generation_data,194,62,0.741,NA
196,67,replace-space-with-newline,tourney,FALSE,20,elitize_generation_data,195,54,0.754,NA
197,67,replace-space-with-newline,tourney,FALSE,20,elitize_generation_data,196,61,0.75,NA
198,67,replace-space-with-newline,tourney,FALSE,20,elitize_generation_data,197,50,0.722,NA
199,67,replace-space-with-newline,tourney,FALSE,20,elitize_generation_data,198,53,0.726,NA
200,67,replace-space-with-newline,tourney,FALSE,20,elitize_generation_data,199,50,0.723,NA
201,67,replace-space-with-newline,tourney,FALSE,20,elitize_generation_data,200,51,0.717,NA
202,67,replace-space-with-newline,tourney,FALSE,20,elitize_generation_data,201,50,0.716,NA
203,67,replace-space-with-newline,tourney,FALSE,20,elitize_generation_data,202,67,0.714,NA
204,67,replace-space-with-newline,tourney,FALSE,20,elitize_generation_data,203,53,0.706,NA
205,67,replace-space-with-newline,tourney,FALSE,20,elitize_generation_data,204,60,0.708,NA
206,67,replace-space-with-newline,tourney,FALSE,20,elitize_generation_data,205,49,0.709,NA
207,67,replace-space-with-newline,tourney,FALSE,20,elitize_generation_data,206,55,0.717,NA
208,67,replace-space-with-newline,tourney,FALSE,20,elitize_generation_data,207,52,0.706,NA
209,67,replace-space-with-newline,tourney,FALSE,20,elitize_generation_data,208,60,0.749,NA
210,67,replace-space-with-newline,tourney,FALSE,20,elitize_generation_data,209,54,0.722,NA
211,67,replace-space-with-newline,tourney,FALSE,20,elitize_generation_data,210,51,0.731,NA
212,67,replace-space-with-newline,tourney,FALSE,20,elitize_generation_data,211,55,0.752,NA
213,67,replace-space-with-newline,tourney,FALSE,20,elitize_generation_data,212,54,0.753,NA
214,67,replace-space-with-newline,tourney,FALSE,20,elitize_generation_data,213,46,0.73,NA
215,67,replace-space-with-newline,tourney,FALSE,20,elitize_generation_data,214,61,0.748,NA
216,67,replace-space-with-newline,tourney,FALSE,20,elitize_generation_data,215,47,0.73,NA
217,67,replace-space-with-newline,tourney,FALSE,20,elitize_generation_data,216,63,0.723,NA
218,67,replace-space-with-newline,tourney,FALSE,20,elitize_generation_data,217,51,0.721,NA
219,67,replace-space-with-newline,tourney,FALSE,20,elitize_generation_data,218,60,0.726,NA
220,67,replace-space-with-newline,tourney,FALSE,20,elitize_generation_data,219,43,0.717,NA
221,67,replace-space-with-newline,tourney,FALSE,20,elitize_generation_data,220,52,0.736,NA
222,67,replace-space-with-newline,tourney,FALSE,20,elitize_generation_data,221,52,0.742,NA
223,67,replace-space-with-newline,tourney,FALSE,20,elitize_generation_data,222,60,0.713,NA
224,67,replace-space-with-newline,tourney,FALSE,20,elitize_generation_data,223,48,0.731,NA
225,67,replace-space-with-newline,tourney,FALSE,20,elitize_generation_data,224,52,0.708,NA
226,67,replace-space-with-newline,tourney,FALSE,20,elitize_generation_data,225,55,0.725,NA
227,67,replace-space-with-newline,tourney,FALSE,20,elitize_generation_data,226,54,0.69,NA
228,67,replace-space-with-newline,tourney,FALSE,20,elitize_generation_data,227,46,0.676,NA
229,67,replace-space-with-newline,tourney,FALSE,20,elitize_generation_data,228,44,0.701,NA
230,67,replace-space-with-newline,tourney,FALSE,20,elitize_generation_data,229,56,0.71,NA
231,67,replace-space-with-newline,tourney,FALSE,20,elitize_generation_data,230,51,0.708,NA
232,67,replace-space-with-newline,tourney,FALSE,20,elitize_generation_data,231,50,0.712,NA
233,67,replace-space-with-newline,tourney,FALSE,20,elitize_generation_data,232,53,0.718,NA
234,67,replace-space-with-newline,tourney,FALSE,20,elitize_generation_data,233,43,0.71,NA
235,67,replace-space-with-newline,tourney,FALSE,20,elitize_generation_data,234,52,0.727,NA
236,67,replace-space-with-newline,tourney,FALSE,20,elitize_generation_data,235,52,0.722,NA
237,67,replace-space-with-newline,tourney,FALSE,20,elitize_generation_data,236,63,0.712,NA
238,67,replace-space-with-newline,tourney,FALSE,20,elitize_generation_data,237,47,0.744,NA
239,67,replace-space-with-newline,tourney,FALSE,20,elitize_generation_data,238,55,0.739,NA
240,67,replace-space-with-newline,tourney,FALSE,20,elitize_generation_data,239,57,0.723,NA
241,67,replace-space-with-newline,tourney,FALSE,20,elitize_generation_data,240,50,0.746,NA
242,67,replace-space-with-newline,tourney,FALSE,20,elitize_generation_data,241,57,0.753,NA
243,67,replace-space-with-newline,tourney,FALSE,20,elitize_generation_data,242,69,0.779,NA
244,67,replace-space-with-newline,tourney,FALSE,20,elitize_generation_data,243,54,0.783,NA
245,67,replace-space-with-newline,tourney,FALSE,20,elitize_generation_data,244,58,0.763,NA
246,67,replace-space-with-newline,tourney,FALSE,20,elitize_generation_data,245,61,0.743,NA
247,67,replace-space-with-newline,tourney,FALSE,20,elitize_generation_data,246,58,0.738,NA
248,67,replace-space-with-newline,tourney,FALSE,20,elitize_generation_data,247,55,0.729,NA
249,67,replace-space-with-newline,tourney,FALSE,20,elitize_generation_data,248,43,0.726,NA
250,67,replace-space-with-newline,tourney,FALSE,20,elitize_generation_data,249,60,0.736,NA
251,67,replace-space-with-newline,tourney,FALSE,20,elitize_generation_data,250,49,0.704,NA
252,67,replace-space-with-newline,tourney,FALSE,20,elitize_generation_data,251,43,0.739,NA
253,67,replace-space-with-newline,tourney,FALSE,20,elitize_generation_data,252,51,0.726,NA
254,67,replace-space-with-newline,tourney,FALSE,20,elitize_generation_data,253,52,0.709,NA
255,67,replace-space-with-newline,tourney,FALSE,20,elitize_generation_data,254,52,0.702,NA
256,67,replace-space-with-newline,tourney,FALSE,20,elitize_generation_data,255,57,0.72,NA
257,67,replace-space-with-newline,tourney,FALSE,20,elitize_generation_data,256,56,0.719,NA
258,67,replace-space-with-newline,tourney,FALSE,20,elitize_generation_data,257,53,0.745,NA
259,67,replace-space-with-newline,tourney,FALSE,20,elitize_generation_data,258,58,0.76,NA
260,67,replace-space-with-newline,tourney,FALSE,20,elitize_generation_data,259,58,0.735,NA
261,67,replace-space-with-newline,tourney,FALSE,20,elitize_generation_data,260,50,0.725,NA
262,67,replace-space-with-newline,tourney,FALSE,20,elitize_generation_data,261,52,0.705,NA
263,67,replace-space-with-newline,tourney,FALSE,20,elitize_generation_data,262,60,0.711,NA
264,67,replace-space-with-newline,tourney,FALSE,20,elitize_generation_data,263,57,0.733,NA
265,67,replace-space-with-newline,tourney,FALSE,20,elitize_generation_data,264,64,0.73,NA
266,67,replace-space-with-newline,tourney,FALSE,20,elitize_generation_data,265,55,0.73,NA
267,67,replace-space-with-newline,tourney,FALSE,20,elitize_generation_data,266,54,0.732,NA
268,67,replace-space-with-newline,tourney,FALSE,20,elitize_generation_data,267,66,0.751,NA
269,67,replace-space-with-newline,tourney,FALSE,20,elitize_generation_data,268,46,0.757,NA
270,67,replace-space-with-newline,tourney,FALSE,20,elitize_generation_data,269,50,0.746,NA
271,67,replace-space-with-newline,tourney,FALSE,20,elitize_generation_data,270,61,0.762,NA
272,67,replace-space-with-newline,tourney,FALSE,20,elitize_generation_data,271,58,0.746,NA
273,67,replace-space-with-newline,tourney,FALSE,20,elitize_generation_data,272,51,0.748,NA
274,67,replace-space-with-newline,tourney,FALSE,20,elitize_generation_data,273,56,0.753,NA
275,67,replace-space-with-newline,tourney,FALSE,20,elitize_generation_data,274,55,0.731,NA
276,67,replace-space-with-newline,tourney,FALSE,20,elitize_generation_data,275,45,0.746,NA
277,67,replace-space-with-newline,tourney,FALSE,20,elitize_generation_data,276,54,0.746,NA
278,67,replace-space-with-newline,tourney,FALSE,20,elitize_generation_data,277,61,0.738,NA
279,67,replace-space-with-newline,tourney,FALSE,20,elitize_generation_data,278,50,0.705,NA
280,67,replace-space-with-newline,tourney,FALSE,20,elitize_generation_data,279,48,0.731,NA
281,67,replace-space-with-newline,tourney,FALSE,20,elitize_generation_data,280,62,0.724,NA
282,67,replace-space-with-newline,tourney,FALSE,20,elitize_generation_data,281,62,0.753,NA
283,67,replace-space-with-newline,tourney,FALSE,20,elitize_generation_data,282,64,0.746,NA
284,67,replace-space-with-newline,tourney,FALSE,20,elitize_generation_data,283,51,0.727,NA
285,67,replace-space-with-newline,tourney,FALSE,20,elitize_generation_data,284,47,0.715,NA
286,67,replace-space-with-newline,tourney,FALSE,20,elitize_generation_data,285,53,0.75,NA
287,67,replace-space-with-newline,tourney,FALSE,20,elitize_generation_data,286,55,0.733,NA
288,67,replace-space-with-newline,tourney,FALSE,20,elitize_generation_data,287,57,0.716,NA
289,67,replace-space-with-newline,tourney,FALSE,20,elitize_generation_data,288,53,0.703,NA
290,67,replace-space-with-newline,tourney,FALSE,20,elitize_generation_data,289,55,0.73,NA
291,67,replace-space-with-newline,tourney,FALSE,20,elitize_generation_data,290,58,0.722,NA
292,67,replace-space-with-newline,tourney,FALSE,20,elitize_generation_data,291,55,0.725,NA
293,67,replace-space-with-newline,tourney,FALSE,20,elitize_generation_data,292,62,0.735,NA
294,67,replace-space-with-newline,tourney,FALSE,20,elitize_generation_data,293,52,0.726,NA
295,67,replace-space-with-newline,tourney,FALSE,20,elitize_generation_data,294,58,0.722,NA
296,67,replace-space-with-newline,tourney,FALSE,20,elitize_generation_data,295,43,0.753,NA
297,67,replace-space-with-newline,tourney,FALSE,20,elitize_generation_data,296,57,0.715,NA
298,67,replace-space-with-newline,tourney,FALSE,20,elitize_generation_data,297,51,0.718,NA
299,67,replace-space-with-newline,tourney,FALSE,20,elitize_generation_data,298,56,0.729,NA
300,67,replace-space-with-newline,tourney,FALSE,20,elitize_generation_data,299,46,0.706,NA
301,67,replace-space-with-newline,tourney,FALSE,20,elitize_generation_data,300,53,0.708,NA
