,run.num,problem,treatment,succeeded,height,normalization.function,generation,cluster.count,error.diversity,success.generation
1,62,replace-space-with-newline,tourney,TRUE,20,elitize_generation_data,0,4,0.483,110
2,62,replace-space-with-newline,tourney,TRUE,20,elitize_generation_data,1,7,0.357,110
3,62,replace-space-with-newline,tourney,TRUE,20,elitize_generation_data,2,7,0.226,110
4,62,replace-space-with-newline,tourney,TRUE,20,elitize_generation_data,3,8,0.247,110
5,62,replace-space-with-newline,tourney,TRUE,20,elitize_generation_data,4,7,0.196,110
6,62,replace-space-with-newline,tourney,TRUE,20,elitize_generation_data,5,8,0.23,110
7,62,replace-space-with-newline,tourney,TRUE,20,elitize_generation_data,6,11,0.265,110
8,62,replace-space-with-newline,tourney,TRUE,20,elitize_generation_data,7,15,0.362,110
9,62,replace-space-with-newline,tourney,TRUE,20,elitize_generation_data,8,17,0.339,110
10,62,replace-space-with-newline,tourney,TRUE,20,elitize_generation_data,9,19,0.322,110
11,62,replace-space-with-newline,tourney,TRUE,20,elitize_generation_data,10,20,0.341,110
12,62,replace-space-with-newline,tourney,TRUE,20,elitize_generation_data,11,26,0.351,110
13,62,replace-space-with-newline,tourney,TRUE,20,elitize_generation_data,12,24,0.329,110
14,62,replace-space-with-newline,tourney,TRUE,20,elitize_generation_data,13,21,0.298,110
15,62,replace-space-with-newline,tourney,TRUE,20,elitize_generation_data,14,20,0.242,110
16,62,replace-space-with-newline,tourney,TRUE,20,elitize_generation_data,15,25,0.151,110
17,62,replace-space-with-newline,tourney,TRUE,20,elitize_generation_data,16,22,0.151,110
18,62,replace-space-with-newline,tourney,TRUE,20,elitize_generation_data,17,18,0.138,110
19,62,replace-space-with-newline,tourney,TRUE,20,elitize_generation_data,18,23,0.144,110
20,62,replace-space-with-newline,tourney,TRUE,20,elitize_generation_data,19,20,0.135,110
21,62,replace-space-with-newline,tourney,TRUE,20,elitize_generation_data,20,18,0.159,110
22,62,replace-space-with-newline,tourney,TRUE,20,elitize_generation_data,21,24,0.189,110
23,62,replace-space-with-newline,tourney,TRUE,20,elitize_generation_data,22,24,0.219,110
24,62,replace-space-with-newline,tourney,TRUE,20,elitize_generation_data,23,28,0.256,110
25,62,replace-space-with-newline,tourney,TRUE,20,elitize_generation_data,24,25,0.218,110
26,62,replace-space-with-newline,tourney,TRUE,20,elitize_generation_data,25,22,0.169,110
27,62,replace-space-with-newline,tourney,TRUE,20,elitize_generation_data,26,21,0.19,110
28,62,replace-space-with-newline,tourney,TRUE,20,elitize_generation_data,27,23,0.204,110
29,62,replace-space-with-newline,tourney,TRUE,20,elitize_generation_data,28,23,0.217,110
30,62,replace-space-with-newline,tourney,TRUE,20,elitize_generation_data,29,32,0.217,110
31,62,replace-space-with-newline,tourney,TRUE,20,elitize_generation_data,30,26,0.19,110
32,62,replace-space-with-newline,tourney,TRUE,20,elitize_generation_data,31,22,0.205,110
33,62,replace-space-with-newline,tourney,TRUE,20,elitize_generation_data,32,23,0.208,110
34,62,replace-space-with-newline,tourney,TRUE,20,elitize_generation_data,33,26,0.191,110
35,62,replace-space-with-newline,tourney,TRUE,20,elitize_generation_data,34,27,0.204,110
36,62,replace-space-with-newline,tourney,TRUE,20,elitize_generation_data,35,26,0.207,110
37,62,replace-space-with-newline,tourney,TRUE,20,elitize_generation_data,36,22,0.195,110
38,62,replace-space-with-newline,tourney,TRUE,20,elitize_generation_data,37,27,0.199,110
39,62,replace-space-with-newline,tourney,TRUE,20,elitize_generation_data,38,25,0.198,110
40,62,replace-space-with-newline,tourney,TRUE,20,elitize_generation_data,39,28,0.191,110
41,62,replace-space-with-newline,tourney,TRUE,20,elitize_generation_data,40,24,0.24,110
42,62,replace-space-with-newline,tourney,TRUE,20,elitize_generation_data,41,26,0.196,110
43,62,replace-space-with-newline,tourney,TRUE,20,elitize_generation_data,42,24,0.217,110
44,62,replace-space-with-newline,tourney,TRUE,20,elitize_generation_data,43,29,0.228,110
45,62,replace-space-with-newline,tourney,TRUE,20,elitize_generation_data,44,34,0.209,110
46,62,replace-space-with-newline,tourney,TRUE,20,elitize_generation_data,45,27,0.212,110
47,62,replace-space-with-newline,tourney,TRUE,20,elitize_generation_data,46,28,0.214,110
48,62,replace-space-with-newline,tourney,TRUE,20,elitize_generation_data,47,25,0.212,110
49,62,replace-space-with-newline,tourney,TRUE,20,elitize_generation_data,48,28,0.212,110
50,62,replace-space-with-newline,tourney,TRUE,20,elitize_generation_data,49,34,0.227,110
51,62,replace-space-with-newline,tourney,TRUE,20,elitize_generation_data,50,25,0.232,110
52,62,replace-space-with-newline,tourney,TRUE,20,elitize_generation_data,51,31,0.222,110
53,62,replace-space-with-newline,tourney,TRUE,20,elitize_generation_data,52,32,0.239,110
54,62,replace-space-with-newline,tourney,TRUE,20,elitize_generation_data,53,30,0.235,110
55,62,replace-space-with-newline,tourney,TRUE,20,elitize_generation_data,54,30,0.193,110
56,62,replace-space-with-newline,tourney,TRUE,20,elitize_generation_data,55,26,0.206,110
57,62,replace-space-with-newline,tourney,TRUE,20,elitize_generation_data,56,24,0.181,110
58,62,replace-space-with-newline,tourney,TRUE,20,elitize_generation_data,57,28,0.229,110
59,62,replace-space-with-newline,tourney,TRUE,20,elitize_generation_data,58,29,0.221,110
60,62,replace-space-with-newline,tourney,TRUE,20,elitize_generation_data,59,31,0.202,110
61,62,replace-space-with-newline,tourney,TRUE,20,elitize_generation_data,60,25,0.244,110
62,62,replace-space-with-newline,tourney,TRUE,20,elitize_generation_data,61,33,0.25,110
63,62,replace-space-with-newline,tourney,TRUE,20,elitize_generation_data,62,31,0.265,110
64,62,replace-space-with-newline,tourney,TRUE,20,elitize_generation_data,63,25,0.26,110
65,62,replace-space-with-newline,tourney,TRUE,20,elitize_generation_data,64,28,0.266,110
66,62,replace-space-with-newline,tourney,TRUE,20,elitize_generation_data,65,31,0.278,110
67,62,replace-space-with-newline,tourney,TRUE,20,elitize_generation_data,66,30,0.288,110
68,62,replace-space-with-newline,tourney,TRUE,20,elitize_generation_data,67,33,0.303,110
69,62,replace-space-with-newline,tourney,TRUE,20,elitize_generation_data,68,27,0.298,110
70,62,replace-space-with-newline,tourney,TRUE,20,elitize_generation_data,69,29,0.292,110
71,62,replace-space-with-newline,tourney,TRUE,20,elitize_generation_data,70,32,0.3,110
72,62,replace-space-with-newline,tourney,TRUE,20,elitize_generation_data,71,35,0.306,110
73,62,replace-space-with-newline,tourney,TRUE,20,elitize_generation_data,72,31,0.316,110
74,62,replace-space-with-newline,tourney,TRUE,20,elitize_generation_data,73,30,0.314,110
75,62,replace-space-with-newline,tourney,TRUE,20,elitize_generation_data,74,36,0.341,110
76,62,replace-space-with-newline,tourney,TRUE,20,elitize_generation_data,75,31,0.299,110
77,62,replace-space-with-newline,tourney,TRUE,20,elitize_generation_data,76,36,0.279,110
78,62,replace-space-with-newline,tourney,TRUE,20,elitize_generation_data,77,33,0.265,110
79,62,replace-space-with-newline,tourney,TRUE,20,elitize_generation_data,78,31,0.292,110
80,62,replace-space-with-newline,tourney,TRUE,20,elitize_generation_data,79,32,0.286,110
81,62,replace-space-with-newline,tourney,TRUE,20,elitize_generation_data,80,33,0.275,110
82,62,replace-space-with-newline,tourney,TRUE,20,elitize_generation_data,81,32,0.316,110
83,62,replace-space-with-newline,tourney,TRUE,20,elitize_generation_data,82,35,0.337,110
84,62,replace-space-with-newline,tourney,TRUE,20,elitize_generation_data,83,39,0.331,110
85,62,replace-space-with-newline,tourney,TRUE,20,elitize_generation_data,84,38,0.3,110
86,62,replace-space-with-newline,tourney,TRUE,20,elitize_generation_data,85,29,0.268,110
87,62,replace-space-with-newline,tourney,TRUE,20,elitize_generation_data,86,40,0.29,110
88,62,replace-space-with-newline,tourney,TRUE,20,elitize_generation_data,87,28,0.294,110
89,62,replace-space-with-newline,tourney,TRUE,20,elitize_generation_data,88,35,0.302,110
90,62,replace-space-with-newline,tourney,TRUE,20,elitize_generation_data,89,30,0.336,110
91,62,replace-space-with-newline,tourney,TRUE,20,elitize_generation_data,90,34,0.327,110
92,62,replace-space-with-newline,tourney,TRUE,20,elitize_generation_data,91,36,0.293,110
93,62,replace-space-with-newline,tourney,TRUE,20,elitize_generation_data,92,44,0.353,110
94,62,replace-space-with-newline,tourney,TRUE,20,elitize_generation_data,93,48,0.344,110
95,62,replace-space-with-newline,tourney,TRUE,20,elitize_generation_data,94,25,0.224,110
96,62,replace-space-with-newline,tourney,TRUE,20,elitize_generation_data,95,29,0.201,110
97,62,replace-space-with-newline,tourney,TRUE,20,elitize_generation_data,96,26,0.187,110
98,62,replace-space-with-newline,tourney,TRUE,20,elitize_generation_data,97,22,0.153,110
99,62,replace-space-with-newline,tourney,TRUE,20,elitize_generation_data,98,14,0.126,110
100,62,replace-space-with-newline,tourney,TRUE,20,elitize_generation_data,99,15,0.107,110
101,62,replace-space-with-newline,tourney,TRUE,20,elitize_generation_data,100,10,0.097,110
102,62,replace-space-with-newline,tourney,TRUE,20,elitize_generation_data,101,12,0.116,110
103,62,replace-space-with-newline,tourney,TRUE,20,elitize_generation_data,102,6,0.099,110
104,62,replace-space-with-newline,tourney,TRUE,20,elitize_generation_data,103,7,0.091,110
105,62,replace-space-with-newline,tourney,TRUE,20,elitize_generation_data,104,8,0.11,110
106,62,replace-space-with-newline,tourney,TRUE,20,elitize_generation_data,105,8,0.115,110
107,62,replace-space-with-newline,tourney,TRUE,20,elitize_generation_data,106,10,0.124,110
108,62,replace-space-with-newline,tourney,TRUE,20,elitize_generation_data,107,12,0.101,110
109,62,replace-space-with-newline,tourney,TRUE,20,elitize_generation_data,108,8,0.105,110
110,62,replace-space-with-newline,tourney,TRUE,20,elitize_generation_data,109,8,0.1,110
111,62,replace-space-with-newline,tourney,TRUE,20,elitize_generation_data,110,7,0.122,110
