,run.num,problem,treatment,succeeded,height,normalization.function,generation,cluster.count,error.diversity,success.generation
1,73,replace-space-with-newline,tourney,FALSE,20,elitize_generation_data,0,6,0.473,NA
2,73,replace-space-with-newline,tourney,FALSE,20,elitize_generation_data,1,6,0.366,NA
3,73,replace-space-with-newline,tourney,FALSE,20,elitize_generation_data,2,9,0.277,NA
4,73,replace-space-with-newline,tourney,FALSE,20,elitize_generation_data,3,9,0.328,NA
5,73,replace-space-with-newline,tourney,FALSE,20,elitize_generation_data,4,11,0.361,NA
6,73,replace-space-with-newline,tourney,FALSE,20,elitize_generation_data,5,12,0.296,NA
7,73,replace-space-with-newline,tourney,FALSE,20,elitize_generation_data,6,15,0.224,NA
8,73,replace-space-with-newline,tourney,FALSE,20,elitize_generation_data,7,13,0.219,NA
9,73,replace-space-with-newline,tourney,FALSE,20,elitize_generation_data,8,18,0.141,NA
10,73,replace-space-with-newline,tourney,FALSE,20,elitize_generation_data,9,20,0.139,NA
11,73,replace-space-with-newline,tourney,FALSE,20,elitize_generation_data,10,22,0.191,NA
12,73,replace-space-with-newline,tourney,FALSE,20,elitize_generation_data,11,20,0.2,NA
13,73,replace-space-with-newline,tourney,FALSE,20,elitize_generation_data,12,22,0.209,NA
14,73,replace-space-with-newline,tourney,FALSE,20,elitize_generation_data,13,18,0.198,NA
15,73,replace-space-with-newline,tourney,FALSE,20,elitize_generation_data,14,23,0.217,NA
16,73,replace-space-with-newline,tourney,FALSE,20,elitize_generation_data,15,17,0.234,NA
17,73,replace-space-with-newline,tourney,FALSE,20,elitize_generation_data,16,22,0.22,NA
18,73,replace-space-with-newline,tourney,FALSE,20,elitize_generation_data,17,22,0.231,NA
19,73,replace-space-with-newline,tourney,FALSE,20,elitize_generation_data,18,24,0.248,NA
20,73,replace-space-with-newline,tourney,FALSE,20,elitize_generation_data,19,28,0.255,NA
21,73,replace-space-with-newline,tourney,FALSE,20,elitize_generation_data,20,22,0.27,NA
22,73,replace-space-with-newline,tourney,FALSE,20,elitize_generation_data,21,27,0.277,NA
23,73,replace-space-with-newline,tourney,FALSE,20,elitize_generation_data,22,25,0.278,NA
24,73,replace-space-with-newline,tourney,FALSE,20,elitize_generation_data,23,21,0.295,NA
25,73,replace-space-with-newline,tourney,FALSE,20,elitize_generation_data,24,30,0.328,NA
26,73,replace-space-with-newline,tourney,FALSE,20,elitize_generation_data,25,28,0.345,NA
27,73,replace-space-with-newline,tourney,FALSE,20,elitize_generation_data,26,24,0.332,NA
28,73,replace-space-with-newline,tourney,FALSE,20,elitize_generation_data,27,37,0.384,NA
29,73,replace-space-with-newline,tourney,FALSE,20,elitize_generation_data,28,33,0.375,NA
30,73,replace-space-with-newline,tourney,FALSE,20,elitize_generation_data,29,36,0.392,NA
31,73,replace-space-with-newline,tourney,FALSE,20,elitize_generation_data,30,39,0.394,NA
32,73,replace-space-with-newline,tourney,FALSE,20,elitize_generation_data,31,36,0.362,NA
33,73,replace-space-with-newline,tourney,FALSE,20,elitize_generation_data,32,32,0.413,NA
34,73,replace-space-with-newline,tourney,FALSE,20,elitize_generation_data,33,37,0.45,NA
35,73,replace-space-with-newline,tourney,FALSE,20,elitize_generation_data,34,41,0.484,NA
36,73,replace-space-with-newline,tourney,FALSE,20,elitize_generation_data,35,39,0.505,NA
37,73,replace-space-with-newline,tourney,FALSE,20,elitize_generation_data,36,50,0.538,NA
38,73,replace-space-with-newline,tourney,FALSE,20,elitize_generation_data,37,37,0.583,NA
39,73,replace-space-with-newline,tourney,FALSE,20,elitize_generation_data,38,41,0.559,NA
40,73,replace-space-with-newline,tourney,FALSE,20,elitize_generation_data,39,49,0.576,NA
41,73,replace-space-with-newline,tourney,FALSE,20,elitize_generation_data,40,36,0.572,NA
42,73,replace-space-with-newline,tourney,FALSE,20,elitize_generation_data,41,34,0.581,NA
43,73,replace-space-with-newline,tourney,FALSE,20,elitize_generation_data,42,34,0.557,NA
44,73,replace-space-with-newline,tourney,FALSE,20,elitize_generation_data,43,31,0.595,NA
45,73,replace-space-with-newline,tourney,FALSE,20,elitize_generation_data,44,41,0.58,NA
46,73,replace-space-with-newline,tourney,FALSE,20,elitize_generation_data,45,35,0.498,NA
47,73,replace-space-with-newline,tourney,FALSE,20,elitize_generation_data,46,37,0.454,NA
48,73,replace-space-with-newline,tourney,FALSE,20,elitize_generation_data,47,33,0.348,NA
49,73,replace-space-with-newline,tourney,FALSE,20,elitize_generation_data,48,23,0.267,NA
50,73,replace-space-with-newline,tourney,FALSE,20,elitize_generation_data,49,31,0.232,NA
51,73,replace-space-with-newline,tourney,FALSE,20,elitize_generation_data,50,27,0.218,NA
52,73,replace-space-with-newline,tourney,FALSE,20,elitize_generation_data,51,30,0.225,NA
53,73,replace-space-with-newline,tourney,FALSE,20,elitize_generation_data,52,25,0.272,NA
54,73,replace-space-with-newline,tourney,FALSE,20,elitize_generation_data,53,22,0.252,NA
55,73,replace-space-with-newline,tourney,FALSE,20,elitize_generation_data,54,18,0.228,NA
56,73,replace-space-with-newline,tourney,FALSE,20,elitize_generation_data,55,19,0.218,NA
57,73,replace-space-with-newline,tourney,FALSE,20,elitize_generation_data,56,16,0.189,NA
58,73,replace-space-with-newline,tourney,FALSE,20,elitize_generation_data,57,19,0.236,NA
59,73,replace-space-with-newline,tourney,FALSE,20,elitize_generation_data,58,19,0.217,NA
60,73,replace-space-with-newline,tourney,FALSE,20,elitize_generation_data,59,21,0.199,NA
61,73,replace-space-with-newline,tourney,FALSE,20,elitize_generation_data,60,20,0.209,NA
62,73,replace-space-with-newline,tourney,FALSE,20,elitize_generation_data,61,21,0.222,NA
63,73,replace-space-with-newline,tourney,FALSE,20,elitize_generation_data,62,22,0.233,NA
64,73,replace-space-with-newline,tourney,FALSE,20,elitize_generation_data,63,20,0.228,NA
65,73,replace-space-with-newline,tourney,FALSE,20,elitize_generation_data,64,18,0.237,NA
66,73,replace-space-with-newline,tourney,FALSE,20,elitize_generation_data,65,22,0.243,NA
67,73,replace-space-with-newline,tourney,FALSE,20,elitize_generation_data,66,18,0.218,NA
68,73,replace-space-with-newline,tourney,FALSE,20,elitize_generation_data,67,17,0.208,NA
69,73,replace-space-with-newline,tourney,FALSE,20,elitize_generation_data,68,15,0.202,NA
70,73,replace-space-with-newline,tourney,FALSE,20,elitize_generation_data,69,22,0.235,NA
71,73,replace-space-with-newline,tourney,FALSE,20,elitize_generation_data,70,21,0.231,NA
72,73,replace-space-with-newline,tourney,FALSE,20,elitize_generation_data,71,20,0.204,NA
73,73,replace-space-with-newline,tourney,FALSE,20,elitize_generation_data,72,15,0.209,NA
74,73,replace-space-with-newline,tourney,FALSE,20,elitize_generation_data,73,20,0.215,NA
75,73,replace-space-with-newline,tourney,FALSE,20,elitize_generation_data,74,23,0.235,NA
76,73,replace-space-with-newline,tourney,FALSE,20,elitize_generation_data,75,23,0.21,NA
77,73,replace-space-with-newline,tourney,FALSE,20,elitize_generation_data,76,19,0.218,NA
78,73,replace-space-with-newline,tourney,FALSE,20,elitize_generation_data,77,21,0.211,NA
79,73,replace-space-with-newline,tourney,FALSE,20,elitize_generation_data,78,21,0.221,NA
80,73,replace-space-with-newline,tourney,FALSE,20,elitize_generation_data,79,22,0.221,NA
81,73,replace-space-with-newline,tourney,FALSE,20,elitize_generation_data,80,23,0.218,NA
82,73,replace-space-with-newline,tourney,FALSE,20,elitize_generation_data,81,19,0.225,NA
83,73,replace-space-with-newline,tourney,FALSE,20,elitize_generation_data,82,20,0.22,NA
84,73,replace-space-with-newline,tourney,FALSE,20,elitize_generation_data,83,19,0.233,NA
85,73,replace-space-with-newline,tourney,FALSE,20,elitize_generation_data,84,20,0.232,NA
86,73,replace-space-with-newline,tourney,FALSE,20,elitize_generation_data,85,21,0.226,NA
87,73,replace-space-with-newline,tourney,FALSE,20,elitize_generation_data,86,23,0.207,NA
88,73,replace-space-with-newline,tourney,FALSE,20,elitize_generation_data,87,22,0.207,NA
89,73,replace-space-with-newline,tourney,FALSE,20,elitize_generation_data,88,20,0.19,NA
90,73,replace-space-with-newline,tourney,FALSE,20,elitize_generation_data,89,23,0.215,NA
91,73,replace-space-with-newline,tourney,FALSE,20,elitize_generation_data,90,20,0.222,NA
92,73,replace-space-with-newline,tourney,FALSE,20,elitize_generation_data,91,18,0.211,NA
93,73,replace-space-with-newline,tourney,FALSE,20,elitize_generation_data,92,20,0.232,NA
94,73,replace-space-with-newline,tourney,FALSE,20,elitize_generation_data,93,19,0.22,NA
95,73,replace-space-with-newline,tourney,FALSE,20,elitize_generation_data,94,19,0.238,NA
96,73,replace-space-with-newline,tourney,FALSE,20,elitize_generation_data,95,17,0.215,NA
97,73,replace-space-with-newline,tourney,FALSE,20,elitize_generation_data,96,23,0.228,NA
98,73,replace-space-with-newline,tourney,FALSE,20,elitize_generation_data,97,25,0.215,NA
99,73,replace-space-with-newline,tourney,FALSE,20,elitize_generation_data,98,22,0.218,NA
100,73,replace-space-with-newline,tourney,FALSE,20,elitize_generation_data,99,20,0.213,NA
101,73,replace-space-with-newline,tourney,FALSE,20,elitize_generation_data,100,19,0.237,NA
102,73,replace-space-with-newline,tourney,FALSE,20,elitize_generation_data,101,21,0.206,NA
103,73,replace-space-with-newline,tourney,FALSE,20,elitize_generation_data,102,23,0.218,NA
104,73,replace-space-with-newline,tourney,FALSE,20,elitize_generation_data,103,25,0.248,NA
105,73,replace-space-with-newline,tourney,FALSE,20,elitize_generation_data,104,19,0.185,NA
106,73,replace-space-with-newline,tourney,FALSE,20,elitize_generation_data,105,23,0.226,NA
107,73,replace-space-with-newline,tourney,FALSE,20,elitize_generation_data,106,26,0.241,NA
108,73,replace-space-with-newline,tourney,FALSE,20,elitize_generation_data,107,24,0.196,NA
109,73,replace-space-with-newline,tourney,FALSE,20,elitize_generation_data,108,24,0.211,NA
110,73,replace-space-with-newline,tourney,FALSE,20,elitize_generation_data,109,20,0.199,NA
111,73,replace-space-with-newline,tourney,FALSE,20,elitize_generation_data,110,21,0.211,NA
112,73,replace-space-with-newline,tourney,FALSE,20,elitize_generation_data,111,22,0.199,NA
113,73,replace-space-with-newline,tourney,FALSE,20,elitize_generation_data,112,16,0.198,NA
114,73,replace-space-with-newline,tourney,FALSE,20,elitize_generation_data,113,17,0.213,NA
115,73,replace-space-with-newline,tourney,FALSE,20,elitize_generation_data,114,23,0.188,NA
116,73,replace-space-with-newline,tourney,FALSE,20,elitize_generation_data,115,19,0.193,NA
117,73,replace-space-with-newline,tourney,FALSE,20,elitize_generation_data,116,21,0.191,NA
118,73,replace-space-with-newline,tourney,FALSE,20,elitize_generation_data,117,19,0.198,NA
119,73,replace-space-with-newline,tourney,FALSE,20,elitize_generation_data,118,24,0.203,NA
120,73,replace-space-with-newline,tourney,FALSE,20,elitize_generation_data,119,17,0.172,NA
121,73,replace-space-with-newline,tourney,FALSE,20,elitize_generation_data,120,20,0.196,NA
122,73,replace-space-with-newline,tourney,FALSE,20,elitize_generation_data,121,19,0.195,NA
123,73,replace-space-with-newline,tourney,FALSE,20,elitize_generation_data,122,22,0.186,NA
124,73,replace-space-with-newline,tourney,FALSE,20,elitize_generation_data,123,19,0.212,NA
125,73,replace-space-with-newline,tourney,FALSE,20,elitize_generation_data,124,25,0.214,NA
126,73,replace-space-with-newline,tourney,FALSE,20,elitize_generation_data,125,25,0.197,NA
127,73,replace-space-with-newline,tourney,FALSE,20,elitize_generation_data,126,17,0.185,NA
128,73,replace-space-with-newline,tourney,FALSE,20,elitize_generation_data,127,20,0.183,NA
129,73,replace-space-with-newline,tourney,FALSE,20,elitize_generation_data,128,21,0.187,NA
130,73,replace-space-with-newline,tourney,FALSE,20,elitize_generation_data,129,19,0.176,NA
131,73,replace-space-with-newline,tourney,FALSE,20,elitize_generation_data,130,16,0.177,NA
132,73,replace-space-with-newline,tourney,FALSE,20,elitize_generation_data,131,19,0.186,NA
133,73,replace-space-with-newline,tourney,FALSE,20,elitize_generation_data,132,25,0.196,NA
134,73,replace-space-with-newline,tourney,FALSE,20,elitize_generation_data,133,21,0.178,NA
135,73,replace-space-with-newline,tourney,FALSE,20,elitize_generation_data,134,21,0.175,NA
136,73,replace-space-with-newline,tourney,FALSE,20,elitize_generation_data,135,16,0.165,NA
137,73,replace-space-with-newline,tourney,FALSE,20,elitize_generation_data,136,23,0.186,NA
138,73,replace-space-with-newline,tourney,FALSE,20,elitize_generation_data,137,19,0.174,NA
139,73,replace-space-with-newline,tourney,FALSE,20,elitize_generation_data,138,16,0.169,NA
140,73,replace-space-with-newline,tourney,FALSE,20,elitize_generation_data,139,24,0.21,NA
141,73,replace-space-with-newline,tourney,FALSE,20,elitize_generation_data,140,21,0.189,NA
142,73,replace-space-with-newline,tourney,FALSE,20,elitize_generation_data,141,17,0.172,NA
143,73,replace-space-with-newline,tourney,FALSE,20,elitize_generation_data,142,19,0.174,NA
144,73,replace-space-with-newline,tourney,FALSE,20,elitize_generation_data,143,16,0.17,NA
145,73,replace-space-with-newline,tourney,FALSE,20,elitize_generation_data,144,17,0.17,NA
146,73,replace-space-with-newline,tourney,FALSE,20,elitize_generation_data,145,18,0.193,NA
147,73,replace-space-with-newline,tourney,FALSE,20,elitize_generation_data,146,16,0.167,NA
148,73,replace-space-with-newline,tourney,FALSE,20,elitize_generation_data,147,21,0.174,NA
149,73,replace-space-with-newline,tourney,FALSE,20,elitize_generation_data,148,23,0.173,NA
150,73,replace-space-with-newline,tourney,FALSE,20,elitize_generation_data,149,20,0.191,NA
151,73,replace-space-with-newline,tourney,FALSE,20,elitize_generation_data,150,18,0.164,NA
152,73,replace-space-with-newline,tourney,FALSE,20,elitize_generation_data,151,15,0.198,NA
153,73,replace-space-with-newline,tourney,FALSE,20,elitize_generation_data,152,18,0.164,NA
154,73,replace-space-with-newline,tourney,FALSE,20,elitize_generation_data,153,16,0.174,NA
155,73,replace-space-with-newline,tourney,FALSE,20,elitize_generation_data,154,17,0.175,NA
156,73,replace-space-with-newline,tourney,FALSE,20,elitize_generation_data,155,21,0.194,NA
157,73,replace-space-with-newline,tourney,FALSE,20,elitize_generation_data,156,19,0.198,NA
158,73,replace-space-with-newline,tourney,FALSE,20,elitize_generation_data,157,21,0.167,NA
159,73,replace-space-with-newline,tourney,FALSE,20,elitize_generation_data,158,17,0.185,NA
160,73,replace-space-with-newline,tourney,FALSE,20,elitize_generation_data,159,15,0.164,NA
161,73,replace-space-with-newline,tourney,FALSE,20,elitize_generation_data,160,19,0.167,NA
162,73,replace-space-with-newline,tourney,FALSE,20,elitize_generation_data,161,20,0.175,NA
163,73,replace-space-with-newline,tourney,FALSE,20,elitize_generation_data,162,18,0.169,NA
164,73,replace-space-with-newline,tourney,FALSE,20,elitize_generation_data,163,16,0.185,NA
165,73,replace-space-with-newline,tourney,FALSE,20,elitize_generation_data,164,18,0.177,NA
166,73,replace-space-with-newline,tourney,FALSE,20,elitize_generation_data,165,16,0.169,NA
167,73,replace-space-with-newline,tourney,FALSE,20,elitize_generation_data,166,16,0.177,NA
168,73,replace-space-with-newline,tourney,FALSE,20,elitize_generation_data,167,14,0.196,NA
169,73,replace-space-with-newline,tourney,FALSE,20,elitize_generation_data,168,16,0.17,NA
170,73,replace-space-with-newline,tourney,FALSE,20,elitize_generation_data,169,20,0.16,NA
171,73,replace-space-with-newline,tourney,FALSE,20,elitize_generation_data,170,13,0.177,NA
172,73,replace-space-with-newline,tourney,FALSE,20,elitize_generation_data,171,16,0.162,NA
173,73,replace-space-with-newline,tourney,FALSE,20,elitize_generation_data,172,23,0.162,NA
174,73,replace-space-with-newline,tourney,FALSE,20,elitize_generation_data,173,22,0.173,NA
175,73,replace-space-with-newline,tourney,FALSE,20,elitize_generation_data,174,16,0.164,NA
176,73,replace-space-with-newline,tourney,FALSE,20,elitize_generation_data,175,14,0.175,NA
177,73,replace-space-with-newline,tourney,FALSE,20,elitize_generation_data,176,19,0.166,NA
178,73,replace-space-with-newline,tourney,FALSE,20,elitize_generation_data,177,15,0.168,NA
179,73,replace-space-with-newline,tourney,FALSE,20,elitize_generation_data,178,12,0.158,NA
180,73,replace-space-with-newline,tourney,FALSE,20,elitize_generation_data,179,17,0.152,NA
181,73,replace-space-with-newline,tourney,FALSE,20,elitize_generation_data,180,17,0.166,NA
182,73,replace-space-with-newline,tourney,FALSE,20,elitize_generation_data,181,15,0.158,NA
183,73,replace-space-with-newline,tourney,FALSE,20,elitize_generation_data,182,19,0.163,NA
184,73,replace-space-with-newline,tourney,FALSE,20,elitize_generation_data,183,13,0.158,NA
185,73,replace-space-with-newline,tourney,FALSE,20,elitize_generation_data,184,18,0.172,NA
186,73,replace-space-with-newline,tourney,FALSE,20,elitize_generation_data,185,17,0.154,NA
187,73,replace-space-with-newline,tourney,FALSE,20,elitize_generation_data,186,19,0.177,NA
188,73,replace-space-with-newline,tourney,FALSE,20,elitize_generation_data,187,18,0.156,NA
189,73,replace-space-with-newline,tourney,FALSE,20,elitize_generation_data,188,16,0.161,NA
190,73,replace-space-with-newline,tourney,FALSE,20,elitize_generation_data,189,16,0.16,NA
191,73,replace-space-with-newline,tourney,FALSE,20,elitize_generation_data,190,17,0.15,NA
192,73,replace-space-with-newline,tourney,FALSE,20,elitize_generation_data,191,19,0.156,NA
193,73,replace-space-with-newline,tourney,FALSE,20,elitize_generation_data,192,21,0.158,NA
194,73,replace-space-with-newline,tourney,FALSE,20,elitize_generation_data,193,14,0.155,NA
195,73,replace-space-with-newline,tourney,FALSE,20,elitize_generation_data,194,18,0.144,NA
196,73,replace-space-with-newline,tourney,FALSE,20,elitize_generation_data,195,13,0.131,NA
197,73,replace-space-with-newline,tourney,FALSE,20,elitize_generation_data,196,17,0.139,NA
198,73,replace-space-with-newline,tourney,FALSE,20,elitize_generation_data,197,15,0.14,NA
199,73,replace-space-with-newline,tourney,FALSE,20,elitize_generation_data,198,16,0.139,NA
200,73,replace-space-with-newline,tourney,FALSE,20,elitize_generation_data,199,14,0.142,NA
201,73,replace-space-with-newline,tourney,FALSE,20,elitize_generation_data,200,18,0.147,NA
202,73,replace-space-with-newline,tourney,FALSE,20,elitize_generation_data,201,16,0.148,NA
203,73,replace-space-with-newline,tourney,FALSE,20,elitize_generation_data,202,16,0.159,NA
204,73,replace-space-with-newline,tourney,FALSE,20,elitize_generation_data,203,11,0.162,NA
205,73,replace-space-with-newline,tourney,FALSE,20,elitize_generation_data,204,14,0.156,NA
206,73,replace-space-with-newline,tourney,FALSE,20,elitize_generation_data,205,13,0.158,NA
207,73,replace-space-with-newline,tourney,FALSE,20,elitize_generation_data,206,13,0.156,NA
208,73,replace-space-with-newline,tourney,FALSE,20,elitize_generation_data,207,12,0.141,NA
209,73,replace-space-with-newline,tourney,FALSE,20,elitize_generation_data,208,18,0.146,NA
210,73,replace-space-with-newline,tourney,FALSE,20,elitize_generation_data,209,11,0.171,NA
211,73,replace-space-with-newline,tourney,FALSE,20,elitize_generation_data,210,12,0.161,NA
212,73,replace-space-with-newline,tourney,FALSE,20,elitize_generation_data,211,12,0.147,NA
213,73,replace-space-with-newline,tourney,FALSE,20,elitize_generation_data,212,14,0.143,NA
214,73,replace-space-with-newline,tourney,FALSE,20,elitize_generation_data,213,14,0.15,NA
215,73,replace-space-with-newline,tourney,FALSE,20,elitize_generation_data,214,16,0.137,NA
216,73,replace-space-with-newline,tourney,FALSE,20,elitize_generation_data,215,15,0.139,NA
217,73,replace-space-with-newline,tourney,FALSE,20,elitize_generation_data,216,17,0.132,NA
218,73,replace-space-with-newline,tourney,FALSE,20,elitize_generation_data,217,13,0.13,NA
219,73,replace-space-with-newline,tourney,FALSE,20,elitize_generation_data,218,13,0.127,NA
220,73,replace-space-with-newline,tourney,FALSE,20,elitize_generation_data,219,14,0.131,NA
221,73,replace-space-with-newline,tourney,FALSE,20,elitize_generation_data,220,7,0.115,NA
222,73,replace-space-with-newline,tourney,FALSE,20,elitize_generation_data,221,13,0.138,NA
223,73,replace-space-with-newline,tourney,FALSE,20,elitize_generation_data,222,14,0.14,NA
224,73,replace-space-with-newline,tourney,FALSE,20,elitize_generation_data,223,16,0.145,NA
225,73,replace-space-with-newline,tourney,FALSE,20,elitize_generation_data,224,13,0.125,NA
226,73,replace-space-with-newline,tourney,FALSE,20,elitize_generation_data,225,15,0.147,NA
227,73,replace-space-with-newline,tourney,FALSE,20,elitize_generation_data,226,11,0.143,NA
228,73,replace-space-with-newline,tourney,FALSE,20,elitize_generation_data,227,15,0.132,NA
229,73,replace-space-with-newline,tourney,FALSE,20,elitize_generation_data,228,14,0.123,NA
230,73,replace-space-with-newline,tourney,FALSE,20,elitize_generation_data,229,13,0.137,NA
231,73,replace-space-with-newline,tourney,FALSE,20,elitize_generation_data,230,14,0.136,NA
232,73,replace-space-with-newline,tourney,FALSE,20,elitize_generation_data,231,13,0.111,NA
233,73,replace-space-with-newline,tourney,FALSE,20,elitize_generation_data,232,16,0.122,NA
234,73,replace-space-with-newline,tourney,FALSE,20,elitize_generation_data,233,10,0.117,NA
235,73,replace-space-with-newline,tourney,FALSE,20,elitize_generation_data,234,16,0.124,NA
236,73,replace-space-with-newline,tourney,FALSE,20,elitize_generation_data,235,14,0.126,NA
237,73,replace-space-with-newline,tourney,FALSE,20,elitize_generation_data,236,10,0.114,NA
238,73,replace-space-with-newline,tourney,FALSE,20,elitize_generation_data,237,10,0.117,NA
239,73,replace-space-with-newline,tourney,FALSE,20,elitize_generation_data,238,15,0.112,NA
240,73,replace-space-with-newline,tourney,FALSE,20,elitize_generation_data,239,14,0.113,NA
241,73,replace-space-with-newline,tourney,FALSE,20,elitize_generation_data,240,14,0.115,NA
242,73,replace-space-with-newline,tourney,FALSE,20,elitize_generation_data,241,15,0.115,NA
243,73,replace-space-with-newline,tourney,FALSE,20,elitize_generation_data,242,9,0.136,NA
244,73,replace-space-with-newline,tourney,FALSE,20,elitize_generation_data,243,12,0.12,NA
245,73,replace-space-with-newline,tourney,FALSE,20,elitize_generation_data,244,11,0.104,NA
246,73,replace-space-with-newline,tourney,FALSE,20,elitize_generation_data,245,11,0.128,NA
247,73,replace-space-with-newline,tourney,FALSE,20,elitize_generation_data,246,11,0.121,NA
248,73,replace-space-with-newline,tourney,FALSE,20,elitize_generation_data,247,15,0.114,NA
249,73,replace-space-with-newline,tourney,FALSE,20,elitize_generation_data,248,11,0.123,NA
250,73,replace-space-with-newline,tourney,FALSE,20,elitize_generation_data,249,11,0.111,NA
251,73,replace-space-with-newline,tourney,FALSE,20,elitize_generation_data,250,11,0.116,NA
252,73,replace-space-with-newline,tourney,FALSE,20,elitize_generation_data,251,12,0.108,NA
253,73,replace-space-with-newline,tourney,FALSE,20,elitize_generation_data,252,11,0.11,NA
254,73,replace-space-with-newline,tourney,FALSE,20,elitize_generation_data,253,18,0.132,NA
255,73,replace-space-with-newline,tourney,FALSE,20,elitize_generation_data,254,15,0.093,NA
256,73,replace-space-with-newline,tourney,FALSE,20,elitize_generation_data,255,10,0.113,NA
257,73,replace-space-with-newline,tourney,FALSE,20,elitize_generation_data,256,12,0.108,NA
258,73,replace-space-with-newline,tourney,FALSE,20,elitize_generation_data,257,12,0.108,NA
259,73,replace-space-with-newline,tourney,FALSE,20,elitize_generation_data,258,11,0.114,NA
260,73,replace-space-with-newline,tourney,FALSE,20,elitize_generation_data,259,9,0.1,NA
261,73,replace-space-with-newline,tourney,FALSE,20,elitize_generation_data,260,9,0.1,NA
262,73,replace-space-with-newline,tourney,FALSE,20,elitize_generation_data,261,11,0.126,NA
263,73,replace-space-with-newline,tourney,FALSE,20,elitize_generation_data,262,11,0.101,NA
264,73,replace-space-with-newline,tourney,FALSE,20,elitize_generation_data,263,11,0.122,NA
265,73,replace-space-with-newline,tourney,FALSE,20,elitize_generation_data,264,12,0.106,NA
266,73,replace-space-with-newline,tourney,FALSE,20,elitize_generation_data,265,11,0.113,NA
267,73,replace-space-with-newline,tourney,FALSE,20,elitize_generation_data,266,11,0.094,NA
268,73,replace-space-with-newline,tourney,FALSE,20,elitize_generation_data,267,13,0.122,NA
269,73,replace-space-with-newline,tourney,FALSE,20,elitize_generation_data,268,14,0.098,NA
270,73,replace-space-with-newline,tourney,FALSE,20,elitize_generation_data,269,10,0.11,NA
271,73,replace-space-with-newline,tourney,FALSE,20,elitize_generation_data,270,11,0.114,NA
272,73,replace-space-with-newline,tourney,FALSE,20,elitize_generation_data,271,12,0.104,NA
273,73,replace-space-with-newline,tourney,FALSE,20,elitize_generation_data,272,13,0.1,NA
274,73,replace-space-with-newline,tourney,FALSE,20,elitize_generation_data,273,9,0.111,NA
275,73,replace-space-with-newline,tourney,FALSE,20,elitize_generation_data,274,9,0.099,NA
276,73,replace-space-with-newline,tourney,FALSE,20,elitize_generation_data,275,9,0.11,NA
277,73,replace-space-with-newline,tourney,FALSE,20,elitize_generation_data,276,13,0.102,NA
278,73,replace-space-with-newline,tourney,FALSE,20,elitize_generation_data,277,10,0.125,NA
279,73,replace-space-with-newline,tourney,FALSE,20,elitize_generation_data,278,10,0.113,NA
280,73,replace-space-with-newline,tourney,FALSE,20,elitize_generation_data,279,10,0.097,NA
281,73,replace-space-with-newline,tourney,FALSE,20,elitize_generation_data,280,9,0.132,NA
282,73,replace-space-with-newline,tourney,FALSE,20,elitize_generation_data,281,10,0.098,NA
283,73,replace-space-with-newline,tourney,FALSE,20,elitize_generation_data,282,9,0.118,NA
284,73,replace-space-with-newline,tourney,FALSE,20,elitize_generation_data,283,14,0.105,NA
285,73,replace-space-with-newline,tourney,FALSE,20,elitize_generation_data,284,12,0.095,NA
286,73,replace-space-with-newline,tourney,FALSE,20,elitize_generation_data,285,10,0.106,NA
287,73,replace-space-with-newline,tourney,FALSE,20,elitize_generation_data,286,12,0.112,NA
288,73,replace-space-with-newline,tourney,FALSE,20,elitize_generation_data,287,12,0.098,NA
289,73,replace-space-with-newline,tourney,FALSE,20,elitize_generation_data,288,11,0.111,NA
290,73,replace-space-with-newline,tourney,FALSE,20,elitize_generation_data,289,12,0.118,NA
291,73,replace-space-with-newline,tourney,FALSE,20,elitize_generation_data,290,13,0.115,NA
292,73,replace-space-with-newline,tourney,FALSE,20,elitize_generation_data,291,8,0.106,NA
293,73,replace-space-with-newline,tourney,FALSE,20,elitize_generation_data,292,10,0.104,NA
294,73,replace-space-with-newline,tourney,FALSE,20,elitize_generation_data,293,10,0.104,NA
295,73,replace-space-with-newline,tourney,FALSE,20,elitize_generation_data,294,9,0.105,NA
296,73,replace-space-with-newline,tourney,FALSE,20,elitize_generation_data,295,11,0.107,NA
297,73,replace-space-with-newline,tourney,FALSE,20,elitize_generation_data,296,9,0.106,NA
298,73,replace-space-with-newline,tourney,FALSE,20,elitize_generation_data,297,12,0.101,NA
299,73,replace-space-with-newline,tourney,FALSE,20,elitize_generation_data,298,10,0.106,NA
300,73,replace-space-with-newline,tourney,FALSE,20,elitize_generation_data,299,9,0.1,NA
301,73,replace-space-with-newline,tourney,FALSE,20,elitize_generation_data,300,13,0.099,NA
