,run.num,problem,treatment,succeeded,height,normalization.function,generation,cluster.count,error.diversity,success.generation
1,25,replace-space-with-newline,tourney,FALSE,20,elitize_generation_data,0,4,0.465,NA
2,25,replace-space-with-newline,tourney,FALSE,20,elitize_generation_data,1,5,0.338,NA
3,25,replace-space-with-newline,tourney,FALSE,20,elitize_generation_data,2,6,0.191,NA
4,25,replace-space-with-newline,tourney,FALSE,20,elitize_generation_data,3,7,0.214,NA
5,25,replace-space-with-newline,tourney,FALSE,20,elitize_generation_data,4,7,0.258,NA
6,25,replace-space-with-newline,tourney,FALSE,20,elitize_generation_data,5,10,0.189,NA
7,25,replace-space-with-newline,tourney,FALSE,20,elitize_generation_data,6,10,0.179,NA
8,25,replace-space-with-newline,tourney,FALSE,20,elitize_generation_data,7,13,0.234,NA
9,25,replace-space-with-newline,tourney,FALSE,20,elitize_generation_data,8,15,0.218,NA
10,25,replace-space-with-newline,tourney,FALSE,20,elitize_generation_data,9,17,0.184,NA
11,25,replace-space-with-newline,tourney,FALSE,20,elitize_generation_data,10,18,0.191,NA
12,25,replace-space-with-newline,tourney,FALSE,20,elitize_generation_data,11,15,0.163,NA
13,25,replace-space-with-newline,tourney,FALSE,20,elitize_generation_data,12,16,0.161,NA
14,25,replace-space-with-newline,tourney,FALSE,20,elitize_generation_data,13,14,0.125,NA
15,25,replace-space-with-newline,tourney,FALSE,20,elitize_generation_data,14,12,0.111,NA
16,25,replace-space-with-newline,tourney,FALSE,20,elitize_generation_data,15,12,0.124,NA
17,25,replace-space-with-newline,tourney,FALSE,20,elitize_generation_data,16,12,0.099,NA
18,25,replace-space-with-newline,tourney,FALSE,20,elitize_generation_data,17,14,0.1,NA
19,25,replace-space-with-newline,tourney,FALSE,20,elitize_generation_data,18,9,0.076,NA
20,25,replace-space-with-newline,tourney,FALSE,20,elitize_generation_data,19,14,0.097,NA
21,25,replace-space-with-newline,tourney,FALSE,20,elitize_generation_data,20,17,0.099,NA
22,25,replace-space-with-newline,tourney,FALSE,20,elitize_generation_data,21,13,0.102,NA
23,25,replace-space-with-newline,tourney,FALSE,20,elitize_generation_data,22,13,0.118,NA
24,25,replace-space-with-newline,tourney,FALSE,20,elitize_generation_data,23,16,0.156,NA
25,25,replace-space-with-newline,tourney,FALSE,20,elitize_generation_data,24,12,0.165,NA
26,25,replace-space-with-newline,tourney,FALSE,20,elitize_generation_data,25,13,0.201,NA
27,25,replace-space-with-newline,tourney,FALSE,20,elitize_generation_data,26,14,0.24,NA
28,25,replace-space-with-newline,tourney,FALSE,20,elitize_generation_data,27,11,0.205,NA
29,25,replace-space-with-newline,tourney,FALSE,20,elitize_generation_data,28,17,0.187,NA
30,25,replace-space-with-newline,tourney,FALSE,20,elitize_generation_data,29,15,0.199,NA
31,25,replace-space-with-newline,tourney,FALSE,20,elitize_generation_data,30,12,0.231,NA
32,25,replace-space-with-newline,tourney,FALSE,20,elitize_generation_data,31,14,0.259,NA
33,25,replace-space-with-newline,tourney,FALSE,20,elitize_generation_data,32,16,0.271,NA
34,25,replace-space-with-newline,tourney,FALSE,20,elitize_generation_data,33,17,0.276,NA
35,25,replace-space-with-newline,tourney,FALSE,20,elitize_generation_data,34,16,0.249,NA
36,25,replace-space-with-newline,tourney,FALSE,20,elitize_generation_data,35,15,0.26,NA
37,25,replace-space-with-newline,tourney,FALSE,20,elitize_generation_data,36,14,0.243,NA
38,25,replace-space-with-newline,tourney,FALSE,20,elitize_generation_data,37,11,0.235,NA
39,25,replace-space-with-newline,tourney,FALSE,20,elitize_generation_data,38,21,0.231,NA
40,25,replace-space-with-newline,tourney,FALSE,20,elitize_generation_data,39,11,0.275,NA
41,25,replace-space-with-newline,tourney,FALSE,20,elitize_generation_data,40,11,0.27,NA
42,25,replace-space-with-newline,tourney,FALSE,20,elitize_generation_data,41,18,0.347,NA
43,25,replace-space-with-newline,tourney,FALSE,20,elitize_generation_data,42,15,0.364,NA
44,25,replace-space-with-newline,tourney,FALSE,20,elitize_generation_data,43,16,0.399,NA
45,25,replace-space-with-newline,tourney,FALSE,20,elitize_generation_data,44,16,0.399,NA
46,25,replace-space-with-newline,tourney,FALSE,20,elitize_generation_data,45,19,0.384,NA
47,25,replace-space-with-newline,tourney,FALSE,20,elitize_generation_data,46,18,0.431,NA
48,25,replace-space-with-newline,tourney,FALSE,20,elitize_generation_data,47,19,0.446,NA
49,25,replace-space-with-newline,tourney,FALSE,20,elitize_generation_data,48,22,0.494,NA
50,25,replace-space-with-newline,tourney,FALSE,20,elitize_generation_data,49,24,0.485,NA
51,25,replace-space-with-newline,tourney,FALSE,20,elitize_generation_data,50,22,0.466,NA
52,25,replace-space-with-newline,tourney,FALSE,20,elitize_generation_data,51,27,0.469,NA
53,25,replace-space-with-newline,tourney,FALSE,20,elitize_generation_data,52,29,0.353,NA
54,25,replace-space-with-newline,tourney,FALSE,20,elitize_generation_data,53,26,0.296,NA
55,25,replace-space-with-newline,tourney,FALSE,20,elitize_generation_data,54,38,0.293,NA
56,25,replace-space-with-newline,tourney,FALSE,20,elitize_generation_data,55,33,0.238,NA
57,25,replace-space-with-newline,tourney,FALSE,20,elitize_generation_data,56,29,0.228,NA
58,25,replace-space-with-newline,tourney,FALSE,20,elitize_generation_data,57,30,0.206,NA
59,25,replace-space-with-newline,tourney,FALSE,20,elitize_generation_data,58,30,0.242,NA
60,25,replace-space-with-newline,tourney,FALSE,20,elitize_generation_data,59,32,0.225,NA
61,25,replace-space-with-newline,tourney,FALSE,20,elitize_generation_data,60,27,0.224,NA
62,25,replace-space-with-newline,tourney,FALSE,20,elitize_generation_data,61,29,0.224,NA
63,25,replace-space-with-newline,tourney,FALSE,20,elitize_generation_data,62,26,0.221,NA
64,25,replace-space-with-newline,tourney,FALSE,20,elitize_generation_data,63,32,0.221,NA
65,25,replace-space-with-newline,tourney,FALSE,20,elitize_generation_data,64,24,0.218,NA
66,25,replace-space-with-newline,tourney,FALSE,20,elitize_generation_data,65,27,0.228,NA
67,25,replace-space-with-newline,tourney,FALSE,20,elitize_generation_data,66,28,0.216,NA
68,25,replace-space-with-newline,tourney,FALSE,20,elitize_generation_data,67,25,0.19,NA
69,25,replace-space-with-newline,tourney,FALSE,20,elitize_generation_data,68,30,0.21,NA
70,25,replace-space-with-newline,tourney,FALSE,20,elitize_generation_data,69,38,0.236,NA
71,25,replace-space-with-newline,tourney,FALSE,20,elitize_generation_data,70,27,0.226,NA
72,25,replace-space-with-newline,tourney,FALSE,20,elitize_generation_data,71,36,0.218,NA
73,25,replace-space-with-newline,tourney,FALSE,20,elitize_generation_data,72,32,0.214,NA
74,25,replace-space-with-newline,tourney,FALSE,20,elitize_generation_data,73,40,0.257,NA
75,25,replace-space-with-newline,tourney,FALSE,20,elitize_generation_data,74,35,0.255,NA
76,25,replace-space-with-newline,tourney,FALSE,20,elitize_generation_data,75,36,0.305,NA
77,25,replace-space-with-newline,tourney,FALSE,20,elitize_generation_data,76,38,0.307,NA
78,25,replace-space-with-newline,tourney,FALSE,20,elitize_generation_data,77,42,0.303,NA
79,25,replace-space-with-newline,tourney,FALSE,20,elitize_generation_data,78,46,0.308,NA
80,25,replace-space-with-newline,tourney,FALSE,20,elitize_generation_data,79,48,0.299,NA
81,25,replace-space-with-newline,tourney,FALSE,20,elitize_generation_data,80,44,0.34,NA
82,25,replace-space-with-newline,tourney,FALSE,20,elitize_generation_data,81,51,0.349,NA
83,25,replace-space-with-newline,tourney,FALSE,20,elitize_generation_data,82,41,0.372,NA
84,25,replace-space-with-newline,tourney,FALSE,20,elitize_generation_data,83,42,0.347,NA
85,25,replace-space-with-newline,tourney,FALSE,20,elitize_generation_data,84,40,0.326,NA
86,25,replace-space-with-newline,tourney,FALSE,20,elitize_generation_data,85,43,0.329,NA
87,25,replace-space-with-newline,tourney,FALSE,20,elitize_generation_data,86,42,0.326,NA
88,25,replace-space-with-newline,tourney,FALSE,20,elitize_generation_data,87,39,0.328,NA
89,25,replace-space-with-newline,tourney,FALSE,20,elitize_generation_data,88,39,0.352,NA
90,25,replace-space-with-newline,tourney,FALSE,20,elitize_generation_data,89,46,0.331,NA
91,25,replace-space-with-newline,tourney,FALSE,20,elitize_generation_data,90,43,0.348,NA
92,25,replace-space-with-newline,tourney,FALSE,20,elitize_generation_data,91,48,0.336,NA
93,25,replace-space-with-newline,tourney,FALSE,20,elitize_generation_data,92,42,0.327,NA
94,25,replace-space-with-newline,tourney,FALSE,20,elitize_generation_data,93,42,0.361,NA
95,25,replace-space-with-newline,tourney,FALSE,20,elitize_generation_data,94,47,0.361,NA
96,25,replace-space-with-newline,tourney,FALSE,20,elitize_generation_data,95,35,0.351,NA
97,25,replace-space-with-newline,tourney,FALSE,20,elitize_generation_data,96,43,0.357,NA
98,25,replace-space-with-newline,tourney,FALSE,20,elitize_generation_data,97,47,0.338,NA
99,25,replace-space-with-newline,tourney,FALSE,20,elitize_generation_data,98,34,0.313,NA
100,25,replace-space-with-newline,tourney,FALSE,20,elitize_generation_data,99,35,0.315,NA
101,25,replace-space-with-newline,tourney,FALSE,20,elitize_generation_data,100,28,0.312,NA
102,25,replace-space-with-newline,tourney,FALSE,20,elitize_generation_data,101,31,0.322,NA
103,25,replace-space-with-newline,tourney,FALSE,20,elitize_generation_data,102,35,0.309,NA
104,25,replace-space-with-newline,tourney,FALSE,20,elitize_generation_data,103,36,0.349,NA
105,25,replace-space-with-newline,tourney,FALSE,20,elitize_generation_data,104,49,0.34,NA
106,25,replace-space-with-newline,tourney,FALSE,20,elitize_generation_data,105,34,0.291,NA
107,25,replace-space-with-newline,tourney,FALSE,20,elitize_generation_data,106,25,0.308,NA
108,25,replace-space-with-newline,tourney,FALSE,20,elitize_generation_data,107,36,0.317,NA
109,25,replace-space-with-newline,tourney,FALSE,20,elitize_generation_data,108,32,0.316,NA
110,25,replace-space-with-newline,tourney,FALSE,20,elitize_generation_data,109,28,0.292,NA
111,25,replace-space-with-newline,tourney,FALSE,20,elitize_generation_data,110,37,0.325,NA
112,25,replace-space-with-newline,tourney,FALSE,20,elitize_generation_data,111,40,0.313,NA
113,25,replace-space-with-newline,tourney,FALSE,20,elitize_generation_data,112,35,0.313,NA
114,25,replace-space-with-newline,tourney,FALSE,20,elitize_generation_data,113,27,0.294,NA
115,25,replace-space-with-newline,tourney,FALSE,20,elitize_generation_data,114,37,0.286,NA
116,25,replace-space-with-newline,tourney,FALSE,20,elitize_generation_data,115,39,0.286,NA
117,25,replace-space-with-newline,tourney,FALSE,20,elitize_generation_data,116,28,0.306,NA
118,25,replace-space-with-newline,tourney,FALSE,20,elitize_generation_data,117,32,0.301,NA
119,25,replace-space-with-newline,tourney,FALSE,20,elitize_generation_data,118,33,0.272,NA
120,25,replace-space-with-newline,tourney,FALSE,20,elitize_generation_data,119,36,0.28,NA
121,25,replace-space-with-newline,tourney,FALSE,20,elitize_generation_data,120,36,0.259,NA
122,25,replace-space-with-newline,tourney,FALSE,20,elitize_generation_data,121,34,0.265,NA
123,25,replace-space-with-newline,tourney,FALSE,20,elitize_generation_data,122,37,0.273,NA
124,25,replace-space-with-newline,tourney,FALSE,20,elitize_generation_data,123,36,0.251,NA
125,25,replace-space-with-newline,tourney,FALSE,20,elitize_generation_data,124,26,0.249,NA
126,25,replace-space-with-newline,tourney,FALSE,20,elitize_generation_data,125,27,0.24,NA
127,25,replace-space-with-newline,tourney,FALSE,20,elitize_generation_data,126,32,0.234,NA
128,25,replace-space-with-newline,tourney,FALSE,20,elitize_generation_data,127,27,0.232,NA
129,25,replace-space-with-newline,tourney,FALSE,20,elitize_generation_data,128,22,0.215,NA
130,25,replace-space-with-newline,tourney,FALSE,20,elitize_generation_data,129,29,0.216,NA
131,25,replace-space-with-newline,tourney,FALSE,20,elitize_generation_data,130,29,0.232,NA
132,25,replace-space-with-newline,tourney,FALSE,20,elitize_generation_data,131,38,0.222,NA
133,25,replace-space-with-newline,tourney,FALSE,20,elitize_generation_data,132,23,0.225,NA
134,25,replace-space-with-newline,tourney,FALSE,20,elitize_generation_data,133,21,0.222,NA
135,25,replace-space-with-newline,tourney,FALSE,20,elitize_generation_data,134,36,0.211,NA
136,25,replace-space-with-newline,tourney,FALSE,20,elitize_generation_data,135,27,0.187,NA
137,25,replace-space-with-newline,tourney,FALSE,20,elitize_generation_data,136,29,0.194,NA
138,25,replace-space-with-newline,tourney,FALSE,20,elitize_generation_data,137,27,0.193,NA
139,25,replace-space-with-newline,tourney,FALSE,20,elitize_generation_data,138,29,0.186,NA
140,25,replace-space-with-newline,tourney,FALSE,20,elitize_generation_data,139,25,0.187,NA
141,25,replace-space-with-newline,tourney,FALSE,20,elitize_generation_data,140,20,0.19,NA
142,25,replace-space-with-newline,tourney,FALSE,20,elitize_generation_data,141,23,0.181,NA
143,25,replace-space-with-newline,tourney,FALSE,20,elitize_generation_data,142,21,0.187,NA
144,25,replace-space-with-newline,tourney,FALSE,20,elitize_generation_data,143,18,0.166,NA
145,25,replace-space-with-newline,tourney,FALSE,20,elitize_generation_data,144,19,0.172,NA
146,25,replace-space-with-newline,tourney,FALSE,20,elitize_generation_data,145,25,0.179,NA
147,25,replace-space-with-newline,tourney,FALSE,20,elitize_generation_data,146,25,0.159,NA
148,25,replace-space-with-newline,tourney,FALSE,20,elitize_generation_data,147,20,0.143,NA
149,25,replace-space-with-newline,tourney,FALSE,20,elitize_generation_data,148,22,0.149,NA
150,25,replace-space-with-newline,tourney,FALSE,20,elitize_generation_data,149,20,0.142,NA
151,25,replace-space-with-newline,tourney,FALSE,20,elitize_generation_data,150,21,0.144,NA
152,25,replace-space-with-newline,tourney,FALSE,20,elitize_generation_data,151,14,0.121,NA
153,25,replace-space-with-newline,tourney,FALSE,20,elitize_generation_data,152,21,0.137,NA
154,25,replace-space-with-newline,tourney,FALSE,20,elitize_generation_data,153,11,0.125,NA
155,25,replace-space-with-newline,tourney,FALSE,20,elitize_generation_data,154,19,0.133,NA
156,25,replace-space-with-newline,tourney,FALSE,20,elitize_generation_data,155,17,0.13,NA
157,25,replace-space-with-newline,tourney,FALSE,20,elitize_generation_data,156,13,0.134,NA
158,25,replace-space-with-newline,tourney,FALSE,20,elitize_generation_data,157,16,0.122,NA
159,25,replace-space-with-newline,tourney,FALSE,20,elitize_generation_data,158,13,0.118,NA
160,25,replace-space-with-newline,tourney,FALSE,20,elitize_generation_data,159,22,0.12,NA
161,25,replace-space-with-newline,tourney,FALSE,20,elitize_generation_data,160,17,0.114,NA
162,25,replace-space-with-newline,tourney,FALSE,20,elitize_generation_data,161,19,0.128,NA
163,25,replace-space-with-newline,tourney,FALSE,20,elitize_generation_data,162,16,0.13,NA
164,25,replace-space-with-newline,tourney,FALSE,20,elitize_generation_data,163,18,0.109,NA
165,25,replace-space-with-newline,tourney,FALSE,20,elitize_generation_data,164,13,0.112,NA
166,25,replace-space-with-newline,tourney,FALSE,20,elitize_generation_data,165,16,0.12,NA
167,25,replace-space-with-newline,tourney,FALSE,20,elitize_generation_data,166,15,0.141,NA
168,25,replace-space-with-newline,tourney,FALSE,20,elitize_generation_data,167,16,0.119,NA
169,25,replace-space-with-newline,tourney,FALSE,20,elitize_generation_data,168,14,0.118,NA
170,25,replace-space-with-newline,tourney,FALSE,20,elitize_generation_data,169,14,0.131,NA
171,25,replace-space-with-newline,tourney,FALSE,20,elitize_generation_data,170,12,0.13,NA
172,25,replace-space-with-newline,tourney,FALSE,20,elitize_generation_data,171,12,0.11,NA
173,25,replace-space-with-newline,tourney,FALSE,20,elitize_generation_data,172,12,0.125,NA
174,25,replace-space-with-newline,tourney,FALSE,20,elitize_generation_data,173,12,0.103,NA
175,25,replace-space-with-newline,tourney,FALSE,20,elitize_generation_data,174,15,0.104,NA
176,25,replace-space-with-newline,tourney,FALSE,20,elitize_generation_data,175,14,0.105,NA
177,25,replace-space-with-newline,tourney,FALSE,20,elitize_generation_data,176,20,0.113,NA
178,25,replace-space-with-newline,tourney,FALSE,20,elitize_generation_data,177,15,0.117,NA
179,25,replace-space-with-newline,tourney,FALSE,20,elitize_generation_data,178,16,0.101,NA
180,25,replace-space-with-newline,tourney,FALSE,20,elitize_generation_data,179,14,0.101,NA
181,25,replace-space-with-newline,tourney,FALSE,20,elitize_generation_data,180,19,0.107,NA
182,25,replace-space-with-newline,tourney,FALSE,20,elitize_generation_data,181,14,0.119,NA
183,25,replace-space-with-newline,tourney,FALSE,20,elitize_generation_data,182,14,0.104,NA
184,25,replace-space-with-newline,tourney,FALSE,20,elitize_generation_data,183,15,0.132,NA
185,25,replace-space-with-newline,tourney,FALSE,20,elitize_generation_data,184,16,0.113,NA
186,25,replace-space-with-newline,tourney,FALSE,20,elitize_generation_data,185,11,0.112,NA
187,25,replace-space-with-newline,tourney,FALSE,20,elitize_generation_data,186,12,0.098,NA
188,25,replace-space-with-newline,tourney,FALSE,20,elitize_generation_data,187,19,0.118,NA
189,25,replace-space-with-newline,tourney,FALSE,20,elitize_generation_data,188,9,0.096,NA
190,25,replace-space-with-newline,tourney,FALSE,20,elitize_generation_data,189,17,0.1,NA
191,25,replace-space-with-newline,tourney,FALSE,20,elitize_generation_data,190,14,0.105,NA
192,25,replace-space-with-newline,tourney,FALSE,20,elitize_generation_data,191,16,0.108,NA
193,25,replace-space-with-newline,tourney,FALSE,20,elitize_generation_data,192,13,0.102,NA
194,25,replace-space-with-newline,tourney,FALSE,20,elitize_generation_data,193,14,0.099,NA
195,25,replace-space-with-newline,tourney,FALSE,20,elitize_generation_data,194,13,0.111,NA
196,25,replace-space-with-newline,tourney,FALSE,20,elitize_generation_data,195,12,0.108,NA
197,25,replace-space-with-newline,tourney,FALSE,20,elitize_generation_data,196,14,0.111,NA
198,25,replace-space-with-newline,tourney,FALSE,20,elitize_generation_data,197,11,0.108,NA
199,25,replace-space-with-newline,tourney,FALSE,20,elitize_generation_data,198,13,0.102,NA
200,25,replace-space-with-newline,tourney,FALSE,20,elitize_generation_data,199,17,0.11,NA
201,25,replace-space-with-newline,tourney,FALSE,20,elitize_generation_data,200,9,0.106,NA
202,25,replace-space-with-newline,tourney,FALSE,20,elitize_generation_data,201,18,0.119,NA
203,25,replace-space-with-newline,tourney,FALSE,20,elitize_generation_data,202,13,0.092,NA
204,25,replace-space-with-newline,tourney,FALSE,20,elitize_generation_data,203,10,0.088,NA
205,25,replace-space-with-newline,tourney,FALSE,20,elitize_generation_data,204,14,0.094,NA
206,25,replace-space-with-newline,tourney,FALSE,20,elitize_generation_data,205,11,0.099,NA
207,25,replace-space-with-newline,tourney,FALSE,20,elitize_generation_data,206,18,0.109,NA
208,25,replace-space-with-newline,tourney,FALSE,20,elitize_generation_data,207,11,0.107,NA
209,25,replace-space-with-newline,tourney,FALSE,20,elitize_generation_data,208,12,0.086,NA
210,25,replace-space-with-newline,tourney,FALSE,20,elitize_generation_data,209,16,0.092,NA
211,25,replace-space-with-newline,tourney,FALSE,20,elitize_generation_data,210,12,0.096,NA
212,25,replace-space-with-newline,tourney,FALSE,20,elitize_generation_data,211,15,0.092,NA
213,25,replace-space-with-newline,tourney,FALSE,20,elitize_generation_data,212,15,0.105,NA
214,25,replace-space-with-newline,tourney,FALSE,20,elitize_generation_data,213,10,0.108,NA
215,25,replace-space-with-newline,tourney,FALSE,20,elitize_generation_data,214,11,0.105,NA
216,25,replace-space-with-newline,tourney,FALSE,20,elitize_generation_data,215,15,0.074,NA
217,25,replace-space-with-newline,tourney,FALSE,20,elitize_generation_data,216,12,0.091,NA
218,25,replace-space-with-newline,tourney,FALSE,20,elitize_generation_data,217,10,0.09,NA
219,25,replace-space-with-newline,tourney,FALSE,20,elitize_generation_data,218,10,0.094,NA
220,25,replace-space-with-newline,tourney,FALSE,20,elitize_generation_data,219,14,0.105,NA
221,25,replace-space-with-newline,tourney,FALSE,20,elitize_generation_data,220,13,0.093,NA
222,25,replace-space-with-newline,tourney,FALSE,20,elitize_generation_data,221,14,0.092,NA
223,25,replace-space-with-newline,tourney,FALSE,20,elitize_generation_data,222,14,0.095,NA
224,25,replace-space-with-newline,tourney,FALSE,20,elitize_generation_data,223,14,0.108,NA
225,25,replace-space-with-newline,tourney,FALSE,20,elitize_generation_data,224,14,0.087,NA
226,25,replace-space-with-newline,tourney,FALSE,20,elitize_generation_data,225,15,0.099,NA
227,25,replace-space-with-newline,tourney,FALSE,20,elitize_generation_data,226,14,0.089,NA
228,25,replace-space-with-newline,tourney,FALSE,20,elitize_generation_data,227,12,0.082,NA
229,25,replace-space-with-newline,tourney,FALSE,20,elitize_generation_data,228,12,0.097,NA
230,25,replace-space-with-newline,tourney,FALSE,20,elitize_generation_data,229,14,0.092,NA
231,25,replace-space-with-newline,tourney,FALSE,20,elitize_generation_data,230,12,0.086,NA
232,25,replace-space-with-newline,tourney,FALSE,20,elitize_generation_data,231,11,0.096,NA
233,25,replace-space-with-newline,tourney,FALSE,20,elitize_generation_data,232,14,0.09,NA
234,25,replace-space-with-newline,tourney,FALSE,20,elitize_generation_data,233,11,0.081,NA
235,25,replace-space-with-newline,tourney,FALSE,20,elitize_generation_data,234,13,0.083,NA
236,25,replace-space-with-newline,tourney,FALSE,20,elitize_generation_data,235,21,0.091,NA
237,25,replace-space-with-newline,tourney,FALSE,20,elitize_generation_data,236,11,0.09,NA
238,25,replace-space-with-newline,tourney,FALSE,20,elitize_generation_data,237,10,0.096,NA
239,25,replace-space-with-newline,tourney,FALSE,20,elitize_generation_data,238,14,0.1,NA
240,25,replace-space-with-newline,tourney,FALSE,20,elitize_generation_data,239,13,0.102,NA
241,25,replace-space-with-newline,tourney,FALSE,20,elitize_generation_data,240,14,0.107,NA
242,25,replace-space-with-newline,tourney,FALSE,20,elitize_generation_data,241,14,0.103,NA
243,25,replace-space-with-newline,tourney,FALSE,20,elitize_generation_data,242,14,0.108,NA
244,25,replace-space-with-newline,tourney,FALSE,20,elitize_generation_data,243,16,0.106,NA
245,25,replace-space-with-newline,tourney,FALSE,20,elitize_generation_data,244,15,0.091,NA
246,25,replace-space-with-newline,tourney,FALSE,20,elitize_generation_data,245,11,0.09,NA
247,25,replace-space-with-newline,tourney,FALSE,20,elitize_generation_data,246,12,0.106,NA
248,25,replace-space-with-newline,tourney,FALSE,20,elitize_generation_data,247,14,0.086,NA
249,25,replace-space-with-newline,tourney,FALSE,20,elitize_generation_data,248,15,0.092,NA
250,25,replace-space-with-newline,tourney,FALSE,20,elitize_generation_data,249,10,0.082,NA
251,25,replace-space-with-newline,tourney,FALSE,20,elitize_generation_data,250,14,0.09,NA
252,25,replace-space-with-newline,tourney,FALSE,20,elitize_generation_data,251,13,0.095,NA
253,25,replace-space-with-newline,tourney,FALSE,20,elitize_generation_data,252,12,0.09,NA
254,25,replace-space-with-newline,tourney,FALSE,20,elitize_generation_data,253,14,0.092,NA
255,25,replace-space-with-newline,tourney,FALSE,20,elitize_generation_data,254,9,0.094,NA
256,25,replace-space-with-newline,tourney,FALSE,20,elitize_generation_data,255,12,0.083,NA
257,25,replace-space-with-newline,tourney,FALSE,20,elitize_generation_data,256,15,0.085,NA
258,25,replace-space-with-newline,tourney,FALSE,20,elitize_generation_data,257,9,0.09,NA
259,25,replace-space-with-newline,tourney,FALSE,20,elitize_generation_data,258,11,0.075,NA
260,25,replace-space-with-newline,tourney,FALSE,20,elitize_generation_data,259,16,0.099,NA
261,25,replace-space-with-newline,tourney,FALSE,20,elitize_generation_data,260,14,0.103,NA
262,25,replace-space-with-newline,tourney,FALSE,20,elitize_generation_data,261,12,0.096,NA
263,25,replace-space-with-newline,tourney,FALSE,20,elitize_generation_data,262,16,0.099,NA
264,25,replace-space-with-newline,tourney,FALSE,20,elitize_generation_data,263,12,0.084,NA
265,25,replace-space-with-newline,tourney,FALSE,20,elitize_generation_data,264,11,0.106,NA
266,25,replace-space-with-newline,tourney,FALSE,20,elitize_generation_data,265,10,0.094,NA
267,25,replace-space-with-newline,tourney,FALSE,20,elitize_generation_data,266,11,0.091,NA
268,25,replace-space-with-newline,tourney,FALSE,20,elitize_generation_data,267,16,0.09,NA
269,25,replace-space-with-newline,tourney,FALSE,20,elitize_generation_data,268,16,0.1,NA
270,25,replace-space-with-newline,tourney,FALSE,20,elitize_generation_data,269,12,0.089,NA
271,25,replace-space-with-newline,tourney,FALSE,20,elitize_generation_data,270,12,0.084,NA
272,25,replace-space-with-newline,tourney,FALSE,20,elitize_generation_data,271,17,0.097,NA
273,25,replace-space-with-newline,tourney,FALSE,20,elitize_generation_data,272,12,0.085,NA
274,25,replace-space-with-newline,tourney,FALSE,20,elitize_generation_data,273,12,0.085,NA
275,25,replace-space-with-newline,tourney,FALSE,20,elitize_generation_data,274,18,0.095,NA
276,25,replace-space-with-newline,tourney,FALSE,20,elitize_generation_data,275,14,0.092,NA
277,25,replace-space-with-newline,tourney,FALSE,20,elitize_generation_data,276,11,0.073,NA
278,25,replace-space-with-newline,tourney,FALSE,20,elitize_generation_data,277,11,0.093,NA
279,25,replace-space-with-newline,tourney,FALSE,20,elitize_generation_data,278,12,0.089,NA
280,25,replace-space-with-newline,tourney,FALSE,20,elitize_generation_data,279,9,0.094,NA
281,25,replace-space-with-newline,tourney,FALSE,20,elitize_generation_data,280,9,0.091,NA
282,25,replace-space-with-newline,tourney,FALSE,20,elitize_generation_data,281,13,0.097,NA
283,25,replace-space-with-newline,tourney,FALSE,20,elitize_generation_data,282,11,0.092,NA
284,25,replace-space-with-newline,tourney,FALSE,20,elitize_generation_data,283,16,0.086,NA
285,25,replace-space-with-newline,tourney,FALSE,20,elitize_generation_data,284,11,0.089,NA
286,25,replace-space-with-newline,tourney,FALSE,20,elitize_generation_data,285,13,0.086,NA
287,25,replace-space-with-newline,tourney,FALSE,20,elitize_generation_data,286,12,0.096,NA
288,25,replace-space-with-newline,tourney,FALSE,20,elitize_generation_data,287,13,0.085,NA
289,25,replace-space-with-newline,tourney,FALSE,20,elitize_generation_data,288,11,0.079,NA
290,25,replace-space-with-newline,tourney,FALSE,20,elitize_generation_data,289,13,0.084,NA
291,25,replace-space-with-newline,tourney,FALSE,20,elitize_generation_data,290,13,0.082,NA
292,25,replace-space-with-newline,tourney,FALSE,20,elitize_generation_data,291,10,0.086,NA
293,25,replace-space-with-newline,tourney,FALSE,20,elitize_generation_data,292,11,0.086,NA
294,25,replace-space-with-newline,tourney,FALSE,20,elitize_generation_data,293,9,0.081,NA
295,25,replace-space-with-newline,tourney,FALSE,20,elitize_generation_data,294,12,0.083,NA
296,25,replace-space-with-newline,tourney,FALSE,20,elitize_generation_data,295,12,0.091,NA
297,25,replace-space-with-newline,tourney,FALSE,20,elitize_generation_data,296,13,0.089,NA
298,25,replace-space-with-newline,tourney,FALSE,20,elitize_generation_data,297,11,0.083,NA
299,25,replace-space-with-newline,tourney,FALSE,20,elitize_generation_data,298,13,0.09,NA
300,25,replace-space-with-newline,tourney,FALSE,20,elitize_generation_data,299,12,0.087,NA
301,25,replace-space-with-newline,tourney,FALSE,20,elitize_generation_data,300,11,0.082,NA
