,run.num,problem,treatment,succeeded,height,normalization.function,generation,cluster.count,error.diversity,success.generation
1,77,replace-space-with-newline,tourney,FALSE,20,elitize_generation_data,0,7,0.498,NA
2,77,replace-space-with-newline,tourney,FALSE,20,elitize_generation_data,1,6,0.346,NA
3,77,replace-space-with-newline,tourney,FALSE,20,elitize_generation_data,2,9,0.249,NA
4,77,replace-space-with-newline,tourney,FALSE,20,elitize_generation_data,3,10,0.245,NA
5,77,replace-space-with-newline,tourney,FALSE,20,elitize_generation_data,4,11,0.188,NA
6,77,replace-space-with-newline,tourney,FALSE,20,elitize_generation_data,5,13,0.12,NA
7,77,replace-space-with-newline,tourney,FALSE,20,elitize_generation_data,6,11,0.123,NA
8,77,replace-space-with-newline,tourney,FALSE,20,elitize_generation_data,7,13,0.111,NA
9,77,replace-space-with-newline,tourney,FALSE,20,elitize_generation_data,8,13,0.113,NA
10,77,replace-space-with-newline,tourney,FALSE,20,elitize_generation_data,9,14,0.13,NA
11,77,replace-space-with-newline,tourney,FALSE,20,elitize_generation_data,10,17,0.154,NA
12,77,replace-space-with-newline,tourney,FALSE,20,elitize_generation_data,11,17,0.123,NA
13,77,replace-space-with-newline,tourney,FALSE,20,elitize_generation_data,12,14,0.131,NA
14,77,replace-space-with-newline,tourney,FALSE,20,elitize_generation_data,13,13,0.13,NA
15,77,replace-space-with-newline,tourney,FALSE,20,elitize_generation_data,14,17,0.153,NA
16,77,replace-space-with-newline,tourney,FALSE,20,elitize_generation_data,15,18,0.158,NA
17,77,replace-space-with-newline,tourney,FALSE,20,elitize_generation_data,16,21,0.173,NA
18,77,replace-space-with-newline,tourney,FALSE,20,elitize_generation_data,17,22,0.161,NA
19,77,replace-space-with-newline,tourney,FALSE,20,elitize_generation_data,18,26,0.152,NA
20,77,replace-space-with-newline,tourney,FALSE,20,elitize_generation_data,19,24,0.186,NA
21,77,replace-space-with-newline,tourney,FALSE,20,elitize_generation_data,20,23,0.196,NA
22,77,replace-space-with-newline,tourney,FALSE,20,elitize_generation_data,21,22,0.184,NA
23,77,replace-space-with-newline,tourney,FALSE,20,elitize_generation_data,22,17,0.174,NA
24,77,replace-space-with-newline,tourney,FALSE,20,elitize_generation_data,23,17,0.153,NA
25,77,replace-space-with-newline,tourney,FALSE,20,elitize_generation_data,24,20,0.175,NA
26,77,replace-space-with-newline,tourney,FALSE,20,elitize_generation_data,25,17,0.179,NA
27,77,replace-space-with-newline,tourney,FALSE,20,elitize_generation_data,26,17,0.198,NA
28,77,replace-space-with-newline,tourney,FALSE,20,elitize_generation_data,27,16,0.19,NA
29,77,replace-space-with-newline,tourney,FALSE,20,elitize_generation_data,28,16,0.186,NA
30,77,replace-space-with-newline,tourney,FALSE,20,elitize_generation_data,29,17,0.181,NA
31,77,replace-space-with-newline,tourney,FALSE,20,elitize_generation_data,30,15,0.165,NA
32,77,replace-space-with-newline,tourney,FALSE,20,elitize_generation_data,31,17,0.211,NA
33,77,replace-space-with-newline,tourney,FALSE,20,elitize_generation_data,32,15,0.185,NA
34,77,replace-space-with-newline,tourney,FALSE,20,elitize_generation_data,33,16,0.188,NA
35,77,replace-space-with-newline,tourney,FALSE,20,elitize_generation_data,34,16,0.169,NA
36,77,replace-space-with-newline,tourney,FALSE,20,elitize_generation_data,35,11,0.175,NA
37,77,replace-space-with-newline,tourney,FALSE,20,elitize_generation_data,36,13,0.185,NA
38,77,replace-space-with-newline,tourney,FALSE,20,elitize_generation_data,37,16,0.172,NA
39,77,replace-space-with-newline,tourney,FALSE,20,elitize_generation_data,38,14,0.181,NA
40,77,replace-space-with-newline,tourney,FALSE,20,elitize_generation_data,39,14,0.194,NA
41,77,replace-space-with-newline,tourney,FALSE,20,elitize_generation_data,40,17,0.197,NA
42,77,replace-space-with-newline,tourney,FALSE,20,elitize_generation_data,41,18,0.204,NA
43,77,replace-space-with-newline,tourney,FALSE,20,elitize_generation_data,42,15,0.199,NA
44,77,replace-space-with-newline,tourney,FALSE,20,elitize_generation_data,43,24,0.206,NA
45,77,replace-space-with-newline,tourney,FALSE,20,elitize_generation_data,44,16,0.181,NA
46,77,replace-space-with-newline,tourney,FALSE,20,elitize_generation_data,45,18,0.209,NA
47,77,replace-space-with-newline,tourney,FALSE,20,elitize_generation_data,46,14,0.213,NA
48,77,replace-space-with-newline,tourney,FALSE,20,elitize_generation_data,47,18,0.197,NA
49,77,replace-space-with-newline,tourney,FALSE,20,elitize_generation_data,48,15,0.192,NA
50,77,replace-space-with-newline,tourney,FALSE,20,elitize_generation_data,49,15,0.171,NA
51,77,replace-space-with-newline,tourney,FALSE,20,elitize_generation_data,50,15,0.174,NA
52,77,replace-space-with-newline,tourney,FALSE,20,elitize_generation_data,51,16,0.199,NA
53,77,replace-space-with-newline,tourney,FALSE,20,elitize_generation_data,52,18,0.195,NA
54,77,replace-space-with-newline,tourney,FALSE,20,elitize_generation_data,53,15,0.195,NA
55,77,replace-space-with-newline,tourney,FALSE,20,elitize_generation_data,54,18,0.205,NA
56,77,replace-space-with-newline,tourney,FALSE,20,elitize_generation_data,55,16,0.214,NA
57,77,replace-space-with-newline,tourney,FALSE,20,elitize_generation_data,56,19,0.234,NA
58,77,replace-space-with-newline,tourney,FALSE,20,elitize_generation_data,57,24,0.236,NA
59,77,replace-space-with-newline,tourney,FALSE,20,elitize_generation_data,58,22,0.234,NA
60,77,replace-space-with-newline,tourney,FALSE,20,elitize_generation_data,59,23,0.266,NA
61,77,replace-space-with-newline,tourney,FALSE,20,elitize_generation_data,60,24,0.225,NA
62,77,replace-space-with-newline,tourney,FALSE,20,elitize_generation_data,61,17,0.221,NA
63,77,replace-space-with-newline,tourney,FALSE,20,elitize_generation_data,62,19,0.216,NA
64,77,replace-space-with-newline,tourney,FALSE,20,elitize_generation_data,63,24,0.213,NA
65,77,replace-space-with-newline,tourney,FALSE,20,elitize_generation_data,64,19,0.214,NA
66,77,replace-space-with-newline,tourney,FALSE,20,elitize_generation_data,65,21,0.237,NA
67,77,replace-space-with-newline,tourney,FALSE,20,elitize_generation_data,66,24,0.274,NA
68,77,replace-space-with-newline,tourney,FALSE,20,elitize_generation_data,67,20,0.248,NA
69,77,replace-space-with-newline,tourney,FALSE,20,elitize_generation_data,68,23,0.277,NA
70,77,replace-space-with-newline,tourney,FALSE,20,elitize_generation_data,69,23,0.303,NA
71,77,replace-space-with-newline,tourney,FALSE,20,elitize_generation_data,70,22,0.336,NA
72,77,replace-space-with-newline,tourney,FALSE,20,elitize_generation_data,71,17,0.319,NA
73,77,replace-space-with-newline,tourney,FALSE,20,elitize_generation_data,72,20,0.301,NA
74,77,replace-space-with-newline,tourney,FALSE,20,elitize_generation_data,73,14,0.301,NA
75,77,replace-space-with-newline,tourney,FALSE,20,elitize_generation_data,74,20,0.335,NA
76,77,replace-space-with-newline,tourney,FALSE,20,elitize_generation_data,75,17,0.321,NA
77,77,replace-space-with-newline,tourney,FALSE,20,elitize_generation_data,76,17,0.329,NA
78,77,replace-space-with-newline,tourney,FALSE,20,elitize_generation_data,77,21,0.32,NA
79,77,replace-space-with-newline,tourney,FALSE,20,elitize_generation_data,78,21,0.302,NA
80,77,replace-space-with-newline,tourney,FALSE,20,elitize_generation_data,79,18,0.312,NA
81,77,replace-space-with-newline,tourney,FALSE,20,elitize_generation_data,80,19,0.285,NA
82,77,replace-space-with-newline,tourney,FALSE,20,elitize_generation_data,81,19,0.297,NA
83,77,replace-space-with-newline,tourney,FALSE,20,elitize_generation_data,82,20,0.29,NA
84,77,replace-space-with-newline,tourney,FALSE,20,elitize_generation_data,83,17,0.294,NA
85,77,replace-space-with-newline,tourney,FALSE,20,elitize_generation_data,84,19,0.32,NA
86,77,replace-space-with-newline,tourney,FALSE,20,elitize_generation_data,85,21,0.305,NA
87,77,replace-space-with-newline,tourney,FALSE,20,elitize_generation_data,86,20,0.317,NA
88,77,replace-space-with-newline,tourney,FALSE,20,elitize_generation_data,87,27,0.357,NA
89,77,replace-space-with-newline,tourney,FALSE,20,elitize_generation_data,88,28,0.351,NA
90,77,replace-space-with-newline,tourney,FALSE,20,elitize_generation_data,89,26,0.311,NA
91,77,replace-space-with-newline,tourney,FALSE,20,elitize_generation_data,90,18,0.287,NA
92,77,replace-space-with-newline,tourney,FALSE,20,elitize_generation_data,91,22,0.298,NA
93,77,replace-space-with-newline,tourney,FALSE,20,elitize_generation_data,92,18,0.326,NA
94,77,replace-space-with-newline,tourney,FALSE,20,elitize_generation_data,93,18,0.333,NA
95,77,replace-space-with-newline,tourney,FALSE,20,elitize_generation_data,94,20,0.347,NA
96,77,replace-space-with-newline,tourney,FALSE,20,elitize_generation_data,95,25,0.351,NA
97,77,replace-space-with-newline,tourney,FALSE,20,elitize_generation_data,96,15,0.322,NA
98,77,replace-space-with-newline,tourney,FALSE,20,elitize_generation_data,97,21,0.313,NA
99,77,replace-space-with-newline,tourney,FALSE,20,elitize_generation_data,98,16,0.337,NA
100,77,replace-space-with-newline,tourney,FALSE,20,elitize_generation_data,99,17,0.376,NA
101,77,replace-space-with-newline,tourney,FALSE,20,elitize_generation_data,100,21,0.365,NA
102,77,replace-space-with-newline,tourney,FALSE,20,elitize_generation_data,101,16,0.409,NA
103,77,replace-space-with-newline,tourney,FALSE,20,elitize_generation_data,102,16,0.409,NA
104,77,replace-space-with-newline,tourney,FALSE,20,elitize_generation_data,103,13,0.374,NA
105,77,replace-space-with-newline,tourney,FALSE,20,elitize_generation_data,104,18,0.408,NA
106,77,replace-space-with-newline,tourney,FALSE,20,elitize_generation_data,105,18,0.414,NA
107,77,replace-space-with-newline,tourney,FALSE,20,elitize_generation_data,106,15,0.438,NA
108,77,replace-space-with-newline,tourney,FALSE,20,elitize_generation_data,107,22,0.424,NA
109,77,replace-space-with-newline,tourney,FALSE,20,elitize_generation_data,108,18,0.402,NA
110,77,replace-space-with-newline,tourney,FALSE,20,elitize_generation_data,109,16,0.365,NA
111,77,replace-space-with-newline,tourney,FALSE,20,elitize_generation_data,110,18,0.414,NA
112,77,replace-space-with-newline,tourney,FALSE,20,elitize_generation_data,111,17,0.423,NA
113,77,replace-space-with-newline,tourney,FALSE,20,elitize_generation_data,112,14,0.445,NA
114,77,replace-space-with-newline,tourney,FALSE,20,elitize_generation_data,113,14,0.434,NA
115,77,replace-space-with-newline,tourney,FALSE,20,elitize_generation_data,114,14,0.406,NA
116,77,replace-space-with-newline,tourney,FALSE,20,elitize_generation_data,115,15,0.379,NA
117,77,replace-space-with-newline,tourney,FALSE,20,elitize_generation_data,116,21,0.391,NA
118,77,replace-space-with-newline,tourney,FALSE,20,elitize_generation_data,117,24,0.387,NA
119,77,replace-space-with-newline,tourney,FALSE,20,elitize_generation_data,118,18,0.371,NA
120,77,replace-space-with-newline,tourney,FALSE,20,elitize_generation_data,119,14,0.361,NA
121,77,replace-space-with-newline,tourney,FALSE,20,elitize_generation_data,120,20,0.35,NA
122,77,replace-space-with-newline,tourney,FALSE,20,elitize_generation_data,121,18,0.36,NA
123,77,replace-space-with-newline,tourney,FALSE,20,elitize_generation_data,122,23,0.325,NA
124,77,replace-space-with-newline,tourney,FALSE,20,elitize_generation_data,123,18,0.321,NA
125,77,replace-space-with-newline,tourney,FALSE,20,elitize_generation_data,124,20,0.318,NA
126,77,replace-space-with-newline,tourney,FALSE,20,elitize_generation_data,125,19,0.349,NA
127,77,replace-space-with-newline,tourney,FALSE,20,elitize_generation_data,126,15,0.327,NA
128,77,replace-space-with-newline,tourney,FALSE,20,elitize_generation_data,127,16,0.317,NA
129,77,replace-space-with-newline,tourney,FALSE,20,elitize_generation_data,128,13,0.312,NA
130,77,replace-space-with-newline,tourney,FALSE,20,elitize_generation_data,129,22,0.322,NA
131,77,replace-space-with-newline,tourney,FALSE,20,elitize_generation_data,130,23,0.294,NA
132,77,replace-space-with-newline,tourney,FALSE,20,elitize_generation_data,131,22,0.331,NA
133,77,replace-space-with-newline,tourney,FALSE,20,elitize_generation_data,132,20,0.301,NA
134,77,replace-space-with-newline,tourney,FALSE,20,elitize_generation_data,133,20,0.298,NA
135,77,replace-space-with-newline,tourney,FALSE,20,elitize_generation_data,134,19,0.282,NA
136,77,replace-space-with-newline,tourney,FALSE,20,elitize_generation_data,135,24,0.282,NA
137,77,replace-space-with-newline,tourney,FALSE,20,elitize_generation_data,136,18,0.282,NA
138,77,replace-space-with-newline,tourney,FALSE,20,elitize_generation_data,137,23,0.289,NA
139,77,replace-space-with-newline,tourney,FALSE,20,elitize_generation_data,138,19,0.27,NA
140,77,replace-space-with-newline,tourney,FALSE,20,elitize_generation_data,139,18,0.277,NA
141,77,replace-space-with-newline,tourney,FALSE,20,elitize_generation_data,140,16,0.28,NA
142,77,replace-space-with-newline,tourney,FALSE,20,elitize_generation_data,141,24,0.301,NA
143,77,replace-space-with-newline,tourney,FALSE,20,elitize_generation_data,142,19,0.294,NA
144,77,replace-space-with-newline,tourney,FALSE,20,elitize_generation_data,143,21,0.303,NA
145,77,replace-space-with-newline,tourney,FALSE,20,elitize_generation_data,144,21,0.287,NA
146,77,replace-space-with-newline,tourney,FALSE,20,elitize_generation_data,145,24,0.302,NA
147,77,replace-space-with-newline,tourney,FALSE,20,elitize_generation_data,146,21,0.285,NA
148,77,replace-space-with-newline,tourney,FALSE,20,elitize_generation_data,147,20,0.276,NA
149,77,replace-space-with-newline,tourney,FALSE,20,elitize_generation_data,148,26,0.307,NA
150,77,replace-space-with-newline,tourney,FALSE,20,elitize_generation_data,149,21,0.304,NA
151,77,replace-space-with-newline,tourney,FALSE,20,elitize_generation_data,150,20,0.277,NA
152,77,replace-space-with-newline,tourney,FALSE,20,elitize_generation_data,151,22,0.293,NA
153,77,replace-space-with-newline,tourney,FALSE,20,elitize_generation_data,152,19,0.289,NA
154,77,replace-space-with-newline,tourney,FALSE,20,elitize_generation_data,153,22,0.273,NA
155,77,replace-space-with-newline,tourney,FALSE,20,elitize_generation_data,154,26,0.294,NA
156,77,replace-space-with-newline,tourney,FALSE,20,elitize_generation_data,155,20,0.305,NA
157,77,replace-space-with-newline,tourney,FALSE,20,elitize_generation_data,156,20,0.279,NA
158,77,replace-space-with-newline,tourney,FALSE,20,elitize_generation_data,157,20,0.296,NA
159,77,replace-space-with-newline,tourney,FALSE,20,elitize_generation_data,158,21,0.276,NA
160,77,replace-space-with-newline,tourney,FALSE,20,elitize_generation_data,159,18,0.289,NA
161,77,replace-space-with-newline,tourney,FALSE,20,elitize_generation_data,160,20,0.286,NA
162,77,replace-space-with-newline,tourney,FALSE,20,elitize_generation_data,161,18,0.292,NA
163,77,replace-space-with-newline,tourney,FALSE,20,elitize_generation_data,162,20,0.295,NA
164,77,replace-space-with-newline,tourney,FALSE,20,elitize_generation_data,163,25,0.278,NA
165,77,replace-space-with-newline,tourney,FALSE,20,elitize_generation_data,164,21,0.301,NA
166,77,replace-space-with-newline,tourney,FALSE,20,elitize_generation_data,165,22,0.286,NA
167,77,replace-space-with-newline,tourney,FALSE,20,elitize_generation_data,166,20,0.276,NA
168,77,replace-space-with-newline,tourney,FALSE,20,elitize_generation_data,167,23,0.282,NA
169,77,replace-space-with-newline,tourney,FALSE,20,elitize_generation_data,168,16,0.272,NA
170,77,replace-space-with-newline,tourney,FALSE,20,elitize_generation_data,169,20,0.265,NA
171,77,replace-space-with-newline,tourney,FALSE,20,elitize_generation_data,170,15,0.28,NA
172,77,replace-space-with-newline,tourney,FALSE,20,elitize_generation_data,171,17,0.264,NA
173,77,replace-space-with-newline,tourney,FALSE,20,elitize_generation_data,172,20,0.284,NA
174,77,replace-space-with-newline,tourney,FALSE,20,elitize_generation_data,173,19,0.28,NA
175,77,replace-space-with-newline,tourney,FALSE,20,elitize_generation_data,174,18,0.289,NA
176,77,replace-space-with-newline,tourney,FALSE,20,elitize_generation_data,175,24,0.262,NA
177,77,replace-space-with-newline,tourney,FALSE,20,elitize_generation_data,176,24,0.276,NA
178,77,replace-space-with-newline,tourney,FALSE,20,elitize_generation_data,177,19,0.292,NA
179,77,replace-space-with-newline,tourney,FALSE,20,elitize_generation_data,178,17,0.255,NA
180,77,replace-space-with-newline,tourney,FALSE,20,elitize_generation_data,179,19,0.278,NA
181,77,replace-space-with-newline,tourney,FALSE,20,elitize_generation_data,180,16,0.27,NA
182,77,replace-space-with-newline,tourney,FALSE,20,elitize_generation_data,181,22,0.269,NA
183,77,replace-space-with-newline,tourney,FALSE,20,elitize_generation_data,182,17,0.262,NA
184,77,replace-space-with-newline,tourney,FALSE,20,elitize_generation_data,183,22,0.281,NA
185,77,replace-space-with-newline,tourney,FALSE,20,elitize_generation_data,184,20,0.251,NA
186,77,replace-space-with-newline,tourney,FALSE,20,elitize_generation_data,185,19,0.244,NA
187,77,replace-space-with-newline,tourney,FALSE,20,elitize_generation_data,186,14,0.259,NA
188,77,replace-space-with-newline,tourney,FALSE,20,elitize_generation_data,187,21,0.258,NA
189,77,replace-space-with-newline,tourney,FALSE,20,elitize_generation_data,188,19,0.245,NA
190,77,replace-space-with-newline,tourney,FALSE,20,elitize_generation_data,189,16,0.255,NA
191,77,replace-space-with-newline,tourney,FALSE,20,elitize_generation_data,190,22,0.232,NA
192,77,replace-space-with-newline,tourney,FALSE,20,elitize_generation_data,191,18,0.255,NA
193,77,replace-space-with-newline,tourney,FALSE,20,elitize_generation_data,192,20,0.262,NA
194,77,replace-space-with-newline,tourney,FALSE,20,elitize_generation_data,193,21,0.233,NA
195,77,replace-space-with-newline,tourney,FALSE,20,elitize_generation_data,194,21,0.272,NA
196,77,replace-space-with-newline,tourney,FALSE,20,elitize_generation_data,195,17,0.254,NA
197,77,replace-space-with-newline,tourney,FALSE,20,elitize_generation_data,196,18,0.244,NA
198,77,replace-space-with-newline,tourney,FALSE,20,elitize_generation_data,197,14,0.211,NA
199,77,replace-space-with-newline,tourney,FALSE,20,elitize_generation_data,198,17,0.236,NA
200,77,replace-space-with-newline,tourney,FALSE,20,elitize_generation_data,199,20,0.235,NA
201,77,replace-space-with-newline,tourney,FALSE,20,elitize_generation_data,200,14,0.245,NA
202,77,replace-space-with-newline,tourney,FALSE,20,elitize_generation_data,201,13,0.212,NA
203,77,replace-space-with-newline,tourney,FALSE,20,elitize_generation_data,202,12,0.221,NA
204,77,replace-space-with-newline,tourney,FALSE,20,elitize_generation_data,203,11,0.214,NA
205,77,replace-space-with-newline,tourney,FALSE,20,elitize_generation_data,204,16,0.229,NA
206,77,replace-space-with-newline,tourney,FALSE,20,elitize_generation_data,205,22,0.244,NA
207,77,replace-space-with-newline,tourney,FALSE,20,elitize_generation_data,206,18,0.252,NA
208,77,replace-space-with-newline,tourney,FALSE,20,elitize_generation_data,207,19,0.211,NA
209,77,replace-space-with-newline,tourney,FALSE,20,elitize_generation_data,208,17,0.233,NA
210,77,replace-space-with-newline,tourney,FALSE,20,elitize_generation_data,209,17,0.21,NA
211,77,replace-space-with-newline,tourney,FALSE,20,elitize_generation_data,210,18,0.215,NA
212,77,replace-space-with-newline,tourney,FALSE,20,elitize_generation_data,211,16,0.219,NA
213,77,replace-space-with-newline,tourney,FALSE,20,elitize_generation_data,212,15,0.214,NA
214,77,replace-space-with-newline,tourney,FALSE,20,elitize_generation_data,213,16,0.219,NA
215,77,replace-space-with-newline,tourney,FALSE,20,elitize_generation_data,214,11,0.207,NA
216,77,replace-space-with-newline,tourney,FALSE,20,elitize_generation_data,215,15,0.21,NA
217,77,replace-space-with-newline,tourney,FALSE,20,elitize_generation_data,216,16,0.223,NA
218,77,replace-space-with-newline,tourney,FALSE,20,elitize_generation_data,217,16,0.217,NA
219,77,replace-space-with-newline,tourney,FALSE,20,elitize_generation_data,218,16,0.221,NA
220,77,replace-space-with-newline,tourney,FALSE,20,elitize_generation_data,219,15,0.222,NA
221,77,replace-space-with-newline,tourney,FALSE,20,elitize_generation_data,220,15,0.193,NA
222,77,replace-space-with-newline,tourney,FALSE,20,elitize_generation_data,221,12,0.203,NA
223,77,replace-space-with-newline,tourney,FALSE,20,elitize_generation_data,222,17,0.214,NA
224,77,replace-space-with-newline,tourney,FALSE,20,elitize_generation_data,223,15,0.22,NA
225,77,replace-space-with-newline,tourney,FALSE,20,elitize_generation_data,224,16,0.198,NA
226,77,replace-space-with-newline,tourney,FALSE,20,elitize_generation_data,225,16,0.211,NA
227,77,replace-space-with-newline,tourney,FALSE,20,elitize_generation_data,226,18,0.247,NA
228,77,replace-space-with-newline,tourney,FALSE,20,elitize_generation_data,227,15,0.213,NA
229,77,replace-space-with-newline,tourney,FALSE,20,elitize_generation_data,228,17,0.206,NA
230,77,replace-space-with-newline,tourney,FALSE,20,elitize_generation_data,229,13,0.198,NA
231,77,replace-space-with-newline,tourney,FALSE,20,elitize_generation_data,230,18,0.21,NA
232,77,replace-space-with-newline,tourney,FALSE,20,elitize_generation_data,231,12,0.224,NA
233,77,replace-space-with-newline,tourney,FALSE,20,elitize_generation_data,232,15,0.203,NA
234,77,replace-space-with-newline,tourney,FALSE,20,elitize_generation_data,233,15,0.21,NA
235,77,replace-space-with-newline,tourney,FALSE,20,elitize_generation_data,234,18,0.209,NA
236,77,replace-space-with-newline,tourney,FALSE,20,elitize_generation_data,235,10,0.215,NA
237,77,replace-space-with-newline,tourney,FALSE,20,elitize_generation_data,236,19,0.215,NA
238,77,replace-space-with-newline,tourney,FALSE,20,elitize_generation_data,237,15,0.21,NA
239,77,replace-space-with-newline,tourney,FALSE,20,elitize_generation_data,238,17,0.212,NA
240,77,replace-space-with-newline,tourney,FALSE,20,elitize_generation_data,239,14,0.196,NA
241,77,replace-space-with-newline,tourney,FALSE,20,elitize_generation_data,240,18,0.205,NA
242,77,replace-space-with-newline,tourney,FALSE,20,elitize_generation_data,241,17,0.213,NA
243,77,replace-space-with-newline,tourney,FALSE,20,elitize_generation_data,242,13,0.179,NA
244,77,replace-space-with-newline,tourney,FALSE,20,elitize_generation_data,243,15,0.181,NA
245,77,replace-space-with-newline,tourney,FALSE,20,elitize_generation_data,244,15,0.206,NA
246,77,replace-space-with-newline,tourney,FALSE,20,elitize_generation_data,245,14,0.219,NA
247,77,replace-space-with-newline,tourney,FALSE,20,elitize_generation_data,246,12,0.19,NA
248,77,replace-space-with-newline,tourney,FALSE,20,elitize_generation_data,247,15,0.207,NA
249,77,replace-space-with-newline,tourney,FALSE,20,elitize_generation_data,248,13,0.217,NA
250,77,replace-space-with-newline,tourney,FALSE,20,elitize_generation_data,249,16,0.214,NA
251,77,replace-space-with-newline,tourney,FALSE,20,elitize_generation_data,250,18,0.216,NA
252,77,replace-space-with-newline,tourney,FALSE,20,elitize_generation_data,251,14,0.203,NA
253,77,replace-space-with-newline,tourney,FALSE,20,elitize_generation_data,252,15,0.212,NA
254,77,replace-space-with-newline,tourney,FALSE,20,elitize_generation_data,253,11,0.177,NA
255,77,replace-space-with-newline,tourney,FALSE,20,elitize_generation_data,254,17,0.201,NA
256,77,replace-space-with-newline,tourney,FALSE,20,elitize_generation_data,255,13,0.206,NA
257,77,replace-space-with-newline,tourney,FALSE,20,elitize_generation_data,256,18,0.192,NA
258,77,replace-space-with-newline,tourney,FALSE,20,elitize_generation_data,257,17,0.199,NA
259,77,replace-space-with-newline,tourney,FALSE,20,elitize_generation_data,258,22,0.207,NA
260,77,replace-space-with-newline,tourney,FALSE,20,elitize_generation_data,259,15,0.188,NA
261,77,replace-space-with-newline,tourney,FALSE,20,elitize_generation_data,260,14,0.199,NA
262,77,replace-space-with-newline,tourney,FALSE,20,elitize_generation_data,261,17,0.192,NA
263,77,replace-space-with-newline,tourney,FALSE,20,elitize_generation_data,262,18,0.214,NA
264,77,replace-space-with-newline,tourney,FALSE,20,elitize_generation_data,263,16,0.189,NA
265,77,replace-space-with-newline,tourney,FALSE,20,elitize_generation_data,264,14,0.19,NA
266,77,replace-space-with-newline,tourney,FALSE,20,elitize_generation_data,265,13,0.173,NA
267,77,replace-space-with-newline,tourney,FALSE,20,elitize_generation_data,266,14,0.207,NA
268,77,replace-space-with-newline,tourney,FALSE,20,elitize_generation_data,267,10,0.201,NA
269,77,replace-space-with-newline,tourney,FALSE,20,elitize_generation_data,268,14,0.189,NA
270,77,replace-space-with-newline,tourney,FALSE,20,elitize_generation_data,269,16,0.188,NA
271,77,replace-space-with-newline,tourney,FALSE,20,elitize_generation_data,270,15,0.191,NA
272,77,replace-space-with-newline,tourney,FALSE,20,elitize_generation_data,271,16,0.179,NA
273,77,replace-space-with-newline,tourney,FALSE,20,elitize_generation_data,272,15,0.187,NA
274,77,replace-space-with-newline,tourney,FALSE,20,elitize_generation_data,273,13,0.186,NA
275,77,replace-space-with-newline,tourney,FALSE,20,elitize_generation_data,274,16,0.174,NA
276,77,replace-space-with-newline,tourney,FALSE,20,elitize_generation_data,275,14,0.188,NA
277,77,replace-space-with-newline,tourney,FALSE,20,elitize_generation_data,276,15,0.203,NA
278,77,replace-space-with-newline,tourney,FALSE,20,elitize_generation_data,277,16,0.211,NA
279,77,replace-space-with-newline,tourney,FALSE,20,elitize_generation_data,278,14,0.175,NA
280,77,replace-space-with-newline,tourney,FALSE,20,elitize_generation_data,279,11,0.192,NA
281,77,replace-space-with-newline,tourney,FALSE,20,elitize_generation_data,280,12,0.184,NA
282,77,replace-space-with-newline,tourney,FALSE,20,elitize_generation_data,281,13,0.149,NA
283,77,replace-space-with-newline,tourney,FALSE,20,elitize_generation_data,282,14,0.157,NA
284,77,replace-space-with-newline,tourney,FALSE,20,elitize_generation_data,283,14,0.178,NA
285,77,replace-space-with-newline,tourney,FALSE,20,elitize_generation_data,284,14,0.178,NA
286,77,replace-space-with-newline,tourney,FALSE,20,elitize_generation_data,285,12,0.163,NA
287,77,replace-space-with-newline,tourney,FALSE,20,elitize_generation_data,286,13,0.183,NA
288,77,replace-space-with-newline,tourney,FALSE,20,elitize_generation_data,287,16,0.181,NA
289,77,replace-space-with-newline,tourney,FALSE,20,elitize_generation_data,288,14,0.188,NA
290,77,replace-space-with-newline,tourney,FALSE,20,elitize_generation_data,289,10,0.166,NA
291,77,replace-space-with-newline,tourney,FALSE,20,elitize_generation_data,290,10,0.169,NA
292,77,replace-space-with-newline,tourney,FALSE,20,elitize_generation_data,291,15,0.177,NA
293,77,replace-space-with-newline,tourney,FALSE,20,elitize_generation_data,292,16,0.16,NA
294,77,replace-space-with-newline,tourney,FALSE,20,elitize_generation_data,293,16,0.187,NA
295,77,replace-space-with-newline,tourney,FALSE,20,elitize_generation_data,294,10,0.172,NA
296,77,replace-space-with-newline,tourney,FALSE,20,elitize_generation_data,295,13,0.15,NA
297,77,replace-space-with-newline,tourney,FALSE,20,elitize_generation_data,296,14,0.147,NA
298,77,replace-space-with-newline,tourney,FALSE,20,elitize_generation_data,297,15,0.163,NA
299,77,replace-space-with-newline,tourney,FALSE,20,elitize_generation_data,298,17,0.161,NA
300,77,replace-space-with-newline,tourney,FALSE,20,elitize_generation_data,299,13,0.165,NA
301,77,replace-space-with-newline,tourney,FALSE,20,elitize_generation_data,300,20,0.165,NA
