,run.num,problem,treatment,succeeded,height,normalization.function,generation,cluster.count,error.diversity,success.generation
1,86,replace-space-with-newline,tourney,FALSE,20,elitize_generation_data,0,6,0.462,NA
2,86,replace-space-with-newline,tourney,FALSE,20,elitize_generation_data,1,8,0.362,NA
3,86,replace-space-with-newline,tourney,FALSE,20,elitize_generation_data,2,6,0.268,NA
4,86,replace-space-with-newline,tourney,FALSE,20,elitize_generation_data,3,8,0.158,NA
5,86,replace-space-with-newline,tourney,FALSE,20,elitize_generation_data,4,10,0.061,NA
6,86,replace-space-with-newline,tourney,FALSE,20,elitize_generation_data,5,9,0.091,NA
7,86,replace-space-with-newline,tourney,FALSE,20,elitize_generation_data,6,9,0.106,NA
8,86,replace-space-with-newline,tourney,FALSE,20,elitize_generation_data,7,8,0.051,NA
9,86,replace-space-with-newline,tourney,FALSE,20,elitize_generation_data,8,8,0.047,NA
10,86,replace-space-with-newline,tourney,FALSE,20,elitize_generation_data,9,10,0.066,NA
11,86,replace-space-with-newline,tourney,FALSE,20,elitize_generation_data,10,13,0.11,NA
12,86,replace-space-with-newline,tourney,FALSE,20,elitize_generation_data,11,14,0.101,NA
13,86,replace-space-with-newline,tourney,FALSE,20,elitize_generation_data,12,13,0.132,NA
14,86,replace-space-with-newline,tourney,FALSE,20,elitize_generation_data,13,16,0.207,NA
15,86,replace-space-with-newline,tourney,FALSE,20,elitize_generation_data,14,16,0.222,NA
16,86,replace-space-with-newline,tourney,FALSE,20,elitize_generation_data,15,16,0.202,NA
17,86,replace-space-with-newline,tourney,FALSE,20,elitize_generation_data,16,20,0.187,NA
18,86,replace-space-with-newline,tourney,FALSE,20,elitize_generation_data,17,17,0.183,NA
19,86,replace-space-with-newline,tourney,FALSE,20,elitize_generation_data,18,18,0.184,NA
20,86,replace-space-with-newline,tourney,FALSE,20,elitize_generation_data,19,13,0.148,NA
21,86,replace-space-with-newline,tourney,FALSE,20,elitize_generation_data,20,13,0.135,NA
22,86,replace-space-with-newline,tourney,FALSE,20,elitize_generation_data,21,14,0.147,NA
23,86,replace-space-with-newline,tourney,FALSE,20,elitize_generation_data,22,13,0.148,NA
24,86,replace-space-with-newline,tourney,FALSE,20,elitize_generation_data,23,11,0.154,NA
25,86,replace-space-with-newline,tourney,FALSE,20,elitize_generation_data,24,13,0.141,NA
26,86,replace-space-with-newline,tourney,FALSE,20,elitize_generation_data,25,13,0.144,NA
27,86,replace-space-with-newline,tourney,FALSE,20,elitize_generation_data,26,14,0.153,NA
28,86,replace-space-with-newline,tourney,FALSE,20,elitize_generation_data,27,12,0.137,NA
29,86,replace-space-with-newline,tourney,FALSE,20,elitize_generation_data,28,12,0.152,NA
30,86,replace-space-with-newline,tourney,FALSE,20,elitize_generation_data,29,13,0.127,NA
31,86,replace-space-with-newline,tourney,FALSE,20,elitize_generation_data,30,15,0.139,NA
32,86,replace-space-with-newline,tourney,FALSE,20,elitize_generation_data,31,16,0.134,NA
33,86,replace-space-with-newline,tourney,FALSE,20,elitize_generation_data,32,17,0.137,NA
34,86,replace-space-with-newline,tourney,FALSE,20,elitize_generation_data,33,12,0.149,NA
35,86,replace-space-with-newline,tourney,FALSE,20,elitize_generation_data,34,13,0.154,NA
36,86,replace-space-with-newline,tourney,FALSE,20,elitize_generation_data,35,14,0.144,NA
37,86,replace-space-with-newline,tourney,FALSE,20,elitize_generation_data,36,12,0.148,NA
38,86,replace-space-with-newline,tourney,FALSE,20,elitize_generation_data,37,14,0.141,NA
39,86,replace-space-with-newline,tourney,FALSE,20,elitize_generation_data,38,12,0.13,NA
40,86,replace-space-with-newline,tourney,FALSE,20,elitize_generation_data,39,14,0.13,NA
41,86,replace-space-with-newline,tourney,FALSE,20,elitize_generation_data,40,11,0.126,NA
42,86,replace-space-with-newline,tourney,FALSE,20,elitize_generation_data,41,14,0.148,NA
43,86,replace-space-with-newline,tourney,FALSE,20,elitize_generation_data,42,15,0.144,NA
44,86,replace-space-with-newline,tourney,FALSE,20,elitize_generation_data,43,13,0.122,NA
45,86,replace-space-with-newline,tourney,FALSE,20,elitize_generation_data,44,9,0.133,NA
46,86,replace-space-with-newline,tourney,FALSE,20,elitize_generation_data,45,10,0.143,NA
47,86,replace-space-with-newline,tourney,FALSE,20,elitize_generation_data,46,13,0.138,NA
48,86,replace-space-with-newline,tourney,FALSE,20,elitize_generation_data,47,17,0.125,NA
49,86,replace-space-with-newline,tourney,FALSE,20,elitize_generation_data,48,15,0.116,NA
50,86,replace-space-with-newline,tourney,FALSE,20,elitize_generation_data,49,12,0.137,NA
51,86,replace-space-with-newline,tourney,FALSE,20,elitize_generation_data,50,20,0.132,NA
52,86,replace-space-with-newline,tourney,FALSE,20,elitize_generation_data,51,12,0.116,NA
53,86,replace-space-with-newline,tourney,FALSE,20,elitize_generation_data,52,14,0.109,NA
54,86,replace-space-with-newline,tourney,FALSE,20,elitize_generation_data,53,17,0.13,NA
55,86,replace-space-with-newline,tourney,FALSE,20,elitize_generation_data,54,16,0.145,NA
56,86,replace-space-with-newline,tourney,FALSE,20,elitize_generation_data,55,18,0.131,NA
57,86,replace-space-with-newline,tourney,FALSE,20,elitize_generation_data,56,15,0.124,NA
58,86,replace-space-with-newline,tourney,FALSE,20,elitize_generation_data,57,14,0.122,NA
59,86,replace-space-with-newline,tourney,FALSE,20,elitize_generation_data,58,12,0.131,NA
60,86,replace-space-with-newline,tourney,FALSE,20,elitize_generation_data,59,15,0.132,NA
61,86,replace-space-with-newline,tourney,FALSE,20,elitize_generation_data,60,17,0.131,NA
62,86,replace-space-with-newline,tourney,FALSE,20,elitize_generation_data,61,16,0.138,NA
63,86,replace-space-with-newline,tourney,FALSE,20,elitize_generation_data,62,15,0.146,NA
64,86,replace-space-with-newline,tourney,FALSE,20,elitize_generation_data,63,21,0.139,NA
65,86,replace-space-with-newline,tourney,FALSE,20,elitize_generation_data,64,16,0.148,NA
66,86,replace-space-with-newline,tourney,FALSE,20,elitize_generation_data,65,15,0.131,NA
67,86,replace-space-with-newline,tourney,FALSE,20,elitize_generation_data,66,15,0.127,NA
68,86,replace-space-with-newline,tourney,FALSE,20,elitize_generation_data,67,17,0.135,NA
69,86,replace-space-with-newline,tourney,FALSE,20,elitize_generation_data,68,9,0.131,NA
70,86,replace-space-with-newline,tourney,FALSE,20,elitize_generation_data,69,14,0.133,NA
71,86,replace-space-with-newline,tourney,FALSE,20,elitize_generation_data,70,17,0.144,NA
72,86,replace-space-with-newline,tourney,FALSE,20,elitize_generation_data,71,18,0.117,NA
73,86,replace-space-with-newline,tourney,FALSE,20,elitize_generation_data,72,16,0.144,NA
74,86,replace-space-with-newline,tourney,FALSE,20,elitize_generation_data,73,19,0.139,NA
75,86,replace-space-with-newline,tourney,FALSE,20,elitize_generation_data,74,13,0.133,NA
76,86,replace-space-with-newline,tourney,FALSE,20,elitize_generation_data,75,14,0.108,NA
77,86,replace-space-with-newline,tourney,FALSE,20,elitize_generation_data,76,18,0.137,NA
78,86,replace-space-with-newline,tourney,FALSE,20,elitize_generation_data,77,10,0.106,NA
79,86,replace-space-with-newline,tourney,FALSE,20,elitize_generation_data,78,11,0.127,NA
80,86,replace-space-with-newline,tourney,FALSE,20,elitize_generation_data,79,12,0.122,NA
81,86,replace-space-with-newline,tourney,FALSE,20,elitize_generation_data,80,15,0.141,NA
82,86,replace-space-with-newline,tourney,FALSE,20,elitize_generation_data,81,19,0.133,NA
83,86,replace-space-with-newline,tourney,FALSE,20,elitize_generation_data,82,15,0.119,NA
84,86,replace-space-with-newline,tourney,FALSE,20,elitize_generation_data,83,12,0.117,NA
85,86,replace-space-with-newline,tourney,FALSE,20,elitize_generation_data,84,15,0.133,NA
86,86,replace-space-with-newline,tourney,FALSE,20,elitize_generation_data,85,18,0.136,NA
87,86,replace-space-with-newline,tourney,FALSE,20,elitize_generation_data,86,16,0.142,NA
88,86,replace-space-with-newline,tourney,FALSE,20,elitize_generation_data,87,14,0.116,NA
89,86,replace-space-with-newline,tourney,FALSE,20,elitize_generation_data,88,17,0.132,NA
90,86,replace-space-with-newline,tourney,FALSE,20,elitize_generation_data,89,14,0.113,NA
91,86,replace-space-with-newline,tourney,FALSE,20,elitize_generation_data,90,12,0.13,NA
92,86,replace-space-with-newline,tourney,FALSE,20,elitize_generation_data,91,12,0.126,NA
93,86,replace-space-with-newline,tourney,FALSE,20,elitize_generation_data,92,17,0.123,NA
94,86,replace-space-with-newline,tourney,FALSE,20,elitize_generation_data,93,18,0.118,NA
95,86,replace-space-with-newline,tourney,FALSE,20,elitize_generation_data,94,17,0.104,NA
96,86,replace-space-with-newline,tourney,FALSE,20,elitize_generation_data,95,13,0.113,NA
97,86,replace-space-with-newline,tourney,FALSE,20,elitize_generation_data,96,15,0.118,NA
98,86,replace-space-with-newline,tourney,FALSE,20,elitize_generation_data,97,12,0.127,NA
99,86,replace-space-with-newline,tourney,FALSE,20,elitize_generation_data,98,19,0.122,NA
100,86,replace-space-with-newline,tourney,FALSE,20,elitize_generation_data,99,12,0.106,NA
101,86,replace-space-with-newline,tourney,FALSE,20,elitize_generation_data,100,16,0.11,NA
102,86,replace-space-with-newline,tourney,FALSE,20,elitize_generation_data,101,15,0.116,NA
103,86,replace-space-with-newline,tourney,FALSE,20,elitize_generation_data,102,13,0.106,NA
104,86,replace-space-with-newline,tourney,FALSE,20,elitize_generation_data,103,18,0.101,NA
105,86,replace-space-with-newline,tourney,FALSE,20,elitize_generation_data,104,12,0.098,NA
106,86,replace-space-with-newline,tourney,FALSE,20,elitize_generation_data,105,16,0.117,NA
107,86,replace-space-with-newline,tourney,FALSE,20,elitize_generation_data,106,9,0.102,NA
108,86,replace-space-with-newline,tourney,FALSE,20,elitize_generation_data,107,14,0.111,NA
109,86,replace-space-with-newline,tourney,FALSE,20,elitize_generation_data,108,12,0.092,NA
110,86,replace-space-with-newline,tourney,FALSE,20,elitize_generation_data,109,10,0.087,NA
111,86,replace-space-with-newline,tourney,FALSE,20,elitize_generation_data,110,11,0.096,NA
112,86,replace-space-with-newline,tourney,FALSE,20,elitize_generation_data,111,13,0.088,NA
113,86,replace-space-with-newline,tourney,FALSE,20,elitize_generation_data,112,12,0.099,NA
114,86,replace-space-with-newline,tourney,FALSE,20,elitize_generation_data,113,12,0.095,NA
115,86,replace-space-with-newline,tourney,FALSE,20,elitize_generation_data,114,16,0.099,NA
116,86,replace-space-with-newline,tourney,FALSE,20,elitize_generation_data,115,14,0.084,NA
117,86,replace-space-with-newline,tourney,FALSE,20,elitize_generation_data,116,13,0.103,NA
118,86,replace-space-with-newline,tourney,FALSE,20,elitize_generation_data,117,14,0.093,NA
119,86,replace-space-with-newline,tourney,FALSE,20,elitize_generation_data,118,11,0.085,NA
120,86,replace-space-with-newline,tourney,FALSE,20,elitize_generation_data,119,10,0.082,NA
121,86,replace-space-with-newline,tourney,FALSE,20,elitize_generation_data,120,16,0.091,NA
122,86,replace-space-with-newline,tourney,FALSE,20,elitize_generation_data,121,12,0.089,NA
123,86,replace-space-with-newline,tourney,FALSE,20,elitize_generation_data,122,17,0.092,NA
124,86,replace-space-with-newline,tourney,FALSE,20,elitize_generation_data,123,9,0.085,NA
125,86,replace-space-with-newline,tourney,FALSE,20,elitize_generation_data,124,14,0.085,NA
126,86,replace-space-with-newline,tourney,FALSE,20,elitize_generation_data,125,14,0.086,NA
127,86,replace-space-with-newline,tourney,FALSE,20,elitize_generation_data,126,11,0.092,NA
128,86,replace-space-with-newline,tourney,FALSE,20,elitize_generation_data,127,14,0.085,NA
129,86,replace-space-with-newline,tourney,FALSE,20,elitize_generation_data,128,15,0.098,NA
130,86,replace-space-with-newline,tourney,FALSE,20,elitize_generation_data,129,12,0.086,NA
131,86,replace-space-with-newline,tourney,FALSE,20,elitize_generation_data,130,13,0.089,NA
132,86,replace-space-with-newline,tourney,FALSE,20,elitize_generation_data,131,13,0.097,NA
133,86,replace-space-with-newline,tourney,FALSE,20,elitize_generation_data,132,13,0.084,NA
134,86,replace-space-with-newline,tourney,FALSE,20,elitize_generation_data,133,10,0.079,NA
135,86,replace-space-with-newline,tourney,FALSE,20,elitize_generation_data,134,13,0.073,NA
136,86,replace-space-with-newline,tourney,FALSE,20,elitize_generation_data,135,10,0.083,NA
137,86,replace-space-with-newline,tourney,FALSE,20,elitize_generation_data,136,11,0.094,NA
138,86,replace-space-with-newline,tourney,FALSE,20,elitize_generation_data,137,9,0.086,NA
139,86,replace-space-with-newline,tourney,FALSE,20,elitize_generation_data,138,10,0.075,NA
140,86,replace-space-with-newline,tourney,FALSE,20,elitize_generation_data,139,12,0.086,NA
141,86,replace-space-with-newline,tourney,FALSE,20,elitize_generation_data,140,14,0.081,NA
142,86,replace-space-with-newline,tourney,FALSE,20,elitize_generation_data,141,8,0.08,NA
143,86,replace-space-with-newline,tourney,FALSE,20,elitize_generation_data,142,10,0.093,NA
144,86,replace-space-with-newline,tourney,FALSE,20,elitize_generation_data,143,10,0.086,NA
145,86,replace-space-with-newline,tourney,FALSE,20,elitize_generation_data,144,11,0.084,NA
146,86,replace-space-with-newline,tourney,FALSE,20,elitize_generation_data,145,10,0.078,NA
147,86,replace-space-with-newline,tourney,FALSE,20,elitize_generation_data,146,11,0.068,NA
148,86,replace-space-with-newline,tourney,FALSE,20,elitize_generation_data,147,13,0.081,NA
149,86,replace-space-with-newline,tourney,FALSE,20,elitize_generation_data,148,8,0.07,NA
150,86,replace-space-with-newline,tourney,FALSE,20,elitize_generation_data,149,11,0.081,NA
151,86,replace-space-with-newline,tourney,FALSE,20,elitize_generation_data,150,12,0.08,NA
152,86,replace-space-with-newline,tourney,FALSE,20,elitize_generation_data,151,13,0.075,NA
153,86,replace-space-with-newline,tourney,FALSE,20,elitize_generation_data,152,13,0.076,NA
154,86,replace-space-with-newline,tourney,FALSE,20,elitize_generation_data,153,9,0.091,NA
155,86,replace-space-with-newline,tourney,FALSE,20,elitize_generation_data,154,12,0.077,NA
156,86,replace-space-with-newline,tourney,FALSE,20,elitize_generation_data,155,13,0.087,NA
157,86,replace-space-with-newline,tourney,FALSE,20,elitize_generation_data,156,11,0.079,NA
158,86,replace-space-with-newline,tourney,FALSE,20,elitize_generation_data,157,9,0.073,NA
159,86,replace-space-with-newline,tourney,FALSE,20,elitize_generation_data,158,9,0.079,NA
160,86,replace-space-with-newline,tourney,FALSE,20,elitize_generation_data,159,14,0.088,NA
161,86,replace-space-with-newline,tourney,FALSE,20,elitize_generation_data,160,10,0.084,NA
162,86,replace-space-with-newline,tourney,FALSE,20,elitize_generation_data,161,11,0.066,NA
163,86,replace-space-with-newline,tourney,FALSE,20,elitize_generation_data,162,11,0.077,NA
164,86,replace-space-with-newline,tourney,FALSE,20,elitize_generation_data,163,6,0.071,NA
165,86,replace-space-with-newline,tourney,FALSE,20,elitize_generation_data,164,11,0.08,NA
166,86,replace-space-with-newline,tourney,FALSE,20,elitize_generation_data,165,9,0.07,NA
167,86,replace-space-with-newline,tourney,FALSE,20,elitize_generation_data,166,10,0.077,NA
168,86,replace-space-with-newline,tourney,FALSE,20,elitize_generation_data,167,13,0.075,NA
169,86,replace-space-with-newline,tourney,FALSE,20,elitize_generation_data,168,14,0.081,NA
170,86,replace-space-with-newline,tourney,FALSE,20,elitize_generation_data,169,9,0.082,NA
171,86,replace-space-with-newline,tourney,FALSE,20,elitize_generation_data,170,7,0.07,NA
172,86,replace-space-with-newline,tourney,FALSE,20,elitize_generation_data,171,11,0.076,NA
173,86,replace-space-with-newline,tourney,FALSE,20,elitize_generation_data,172,7,0.07,NA
174,86,replace-space-with-newline,tourney,FALSE,20,elitize_generation_data,173,9,0.066,NA
175,86,replace-space-with-newline,tourney,FALSE,20,elitize_generation_data,174,8,0.077,NA
176,86,replace-space-with-newline,tourney,FALSE,20,elitize_generation_data,175,8,0.072,NA
177,86,replace-space-with-newline,tourney,FALSE,20,elitize_generation_data,176,15,0.07,NA
178,86,replace-space-with-newline,tourney,FALSE,20,elitize_generation_data,177,13,0.069,NA
179,86,replace-space-with-newline,tourney,FALSE,20,elitize_generation_data,178,8,0.07,NA
180,86,replace-space-with-newline,tourney,FALSE,20,elitize_generation_data,179,10,0.072,NA
181,86,replace-space-with-newline,tourney,FALSE,20,elitize_generation_data,180,12,0.068,NA
182,86,replace-space-with-newline,tourney,FALSE,20,elitize_generation_data,181,12,0.084,NA
183,86,replace-space-with-newline,tourney,FALSE,20,elitize_generation_data,182,9,0.07,NA
184,86,replace-space-with-newline,tourney,FALSE,20,elitize_generation_data,183,12,0.075,NA
185,86,replace-space-with-newline,tourney,FALSE,20,elitize_generation_data,184,12,0.072,NA
186,86,replace-space-with-newline,tourney,FALSE,20,elitize_generation_data,185,12,0.069,NA
187,86,replace-space-with-newline,tourney,FALSE,20,elitize_generation_data,186,13,0.073,NA
188,86,replace-space-with-newline,tourney,FALSE,20,elitize_generation_data,187,9,0.078,NA
189,86,replace-space-with-newline,tourney,FALSE,20,elitize_generation_data,188,10,0.078,NA
190,86,replace-space-with-newline,tourney,FALSE,20,elitize_generation_data,189,9,0.074,NA
191,86,replace-space-with-newline,tourney,FALSE,20,elitize_generation_data,190,15,0.077,NA
192,86,replace-space-with-newline,tourney,FALSE,20,elitize_generation_data,191,13,0.074,NA
193,86,replace-space-with-newline,tourney,FALSE,20,elitize_generation_data,192,11,0.082,NA
194,86,replace-space-with-newline,tourney,FALSE,20,elitize_generation_data,193,7,0.06,NA
195,86,replace-space-with-newline,tourney,FALSE,20,elitize_generation_data,194,12,0.067,NA
196,86,replace-space-with-newline,tourney,FALSE,20,elitize_generation_data,195,9,0.083,NA
197,86,replace-space-with-newline,tourney,FALSE,20,elitize_generation_data,196,10,0.071,NA
198,86,replace-space-with-newline,tourney,FALSE,20,elitize_generation_data,197,7,0.077,NA
199,86,replace-space-with-newline,tourney,FALSE,20,elitize_generation_data,198,11,0.072,NA
200,86,replace-space-with-newline,tourney,FALSE,20,elitize_generation_data,199,9,0.075,NA
201,86,replace-space-with-newline,tourney,FALSE,20,elitize_generation_data,200,11,0.067,NA
202,86,replace-space-with-newline,tourney,FALSE,20,elitize_generation_data,201,8,0.068,NA
203,86,replace-space-with-newline,tourney,FALSE,20,elitize_generation_data,202,9,0.072,NA
204,86,replace-space-with-newline,tourney,FALSE,20,elitize_generation_data,203,9,0.064,NA
205,86,replace-space-with-newline,tourney,FALSE,20,elitize_generation_data,204,9,0.077,NA
206,86,replace-space-with-newline,tourney,FALSE,20,elitize_generation_data,205,13,0.086,NA
207,86,replace-space-with-newline,tourney,FALSE,20,elitize_generation_data,206,12,0.066,NA
208,86,replace-space-with-newline,tourney,FALSE,20,elitize_generation_data,207,11,0.069,NA
209,86,replace-space-with-newline,tourney,FALSE,20,elitize_generation_data,208,10,0.081,NA
210,86,replace-space-with-newline,tourney,FALSE,20,elitize_generation_data,209,11,0.068,NA
211,86,replace-space-with-newline,tourney,FALSE,20,elitize_generation_data,210,13,0.082,NA
212,86,replace-space-with-newline,tourney,FALSE,20,elitize_generation_data,211,14,0.074,NA
213,86,replace-space-with-newline,tourney,FALSE,20,elitize_generation_data,212,6,0.06,NA
214,86,replace-space-with-newline,tourney,FALSE,20,elitize_generation_data,213,10,0.047,NA
215,86,replace-space-with-newline,tourney,FALSE,20,elitize_generation_data,214,12,0.054,NA
216,86,replace-space-with-newline,tourney,FALSE,20,elitize_generation_data,215,11,0.057,NA
217,86,replace-space-with-newline,tourney,FALSE,20,elitize_generation_data,216,11,0.063,NA
218,86,replace-space-with-newline,tourney,FALSE,20,elitize_generation_data,217,11,0.057,NA
219,86,replace-space-with-newline,tourney,FALSE,20,elitize_generation_data,218,11,0.072,NA
220,86,replace-space-with-newline,tourney,FALSE,20,elitize_generation_data,219,8,0.065,NA
221,86,replace-space-with-newline,tourney,FALSE,20,elitize_generation_data,220,8,0.073,NA
222,86,replace-space-with-newline,tourney,FALSE,20,elitize_generation_data,221,9,0.059,NA
223,86,replace-space-with-newline,tourney,FALSE,20,elitize_generation_data,222,12,0.064,NA
224,86,replace-space-with-newline,tourney,FALSE,20,elitize_generation_data,223,7,0.055,NA
225,86,replace-space-with-newline,tourney,FALSE,20,elitize_generation_data,224,8,0.064,NA
226,86,replace-space-with-newline,tourney,FALSE,20,elitize_generation_data,225,13,0.058,NA
227,86,replace-space-with-newline,tourney,FALSE,20,elitize_generation_data,226,8,0.053,NA
228,86,replace-space-with-newline,tourney,FALSE,20,elitize_generation_data,227,12,0.07,NA
229,86,replace-space-with-newline,tourney,FALSE,20,elitize_generation_data,228,12,0.056,NA
230,86,replace-space-with-newline,tourney,FALSE,20,elitize_generation_data,229,11,0.062,NA
231,86,replace-space-with-newline,tourney,FALSE,20,elitize_generation_data,230,9,0.068,NA
232,86,replace-space-with-newline,tourney,FALSE,20,elitize_generation_data,231,12,0.08,NA
233,86,replace-space-with-newline,tourney,FALSE,20,elitize_generation_data,232,11,0.069,NA
234,86,replace-space-with-newline,tourney,FALSE,20,elitize_generation_data,233,7,0.06,NA
235,86,replace-space-with-newline,tourney,FALSE,20,elitize_generation_data,234,9,0.065,NA
236,86,replace-space-with-newline,tourney,FALSE,20,elitize_generation_data,235,16,0.075,NA
237,86,replace-space-with-newline,tourney,FALSE,20,elitize_generation_data,236,7,0.065,NA
238,86,replace-space-with-newline,tourney,FALSE,20,elitize_generation_data,237,7,0.062,NA
239,86,replace-space-with-newline,tourney,FALSE,20,elitize_generation_data,238,9,0.062,NA
240,86,replace-space-with-newline,tourney,FALSE,20,elitize_generation_data,239,8,0.061,NA
241,86,replace-space-with-newline,tourney,FALSE,20,elitize_generation_data,240,8,0.063,NA
242,86,replace-space-with-newline,tourney,FALSE,20,elitize_generation_data,241,8,0.056,NA
243,86,replace-space-with-newline,tourney,FALSE,20,elitize_generation_data,242,11,0.064,NA
244,86,replace-space-with-newline,tourney,FALSE,20,elitize_generation_data,243,9,0.07,NA
245,86,replace-space-with-newline,tourney,FALSE,20,elitize_generation_data,244,8,0.063,NA
246,86,replace-space-with-newline,tourney,FALSE,20,elitize_generation_data,245,13,0.076,NA
247,86,replace-space-with-newline,tourney,FALSE,20,elitize_generation_data,246,11,0.065,NA
248,86,replace-space-with-newline,tourney,FALSE,20,elitize_generation_data,247,13,0.074,NA
249,86,replace-space-with-newline,tourney,FALSE,20,elitize_generation_data,248,9,0.065,NA
250,86,replace-space-with-newline,tourney,FALSE,20,elitize_generation_data,249,10,0.056,NA
251,86,replace-space-with-newline,tourney,FALSE,20,elitize_generation_data,250,13,0.075,NA
252,86,replace-space-with-newline,tourney,FALSE,20,elitize_generation_data,251,10,0.069,NA
253,86,replace-space-with-newline,tourney,FALSE,20,elitize_generation_data,252,10,0.063,NA
254,86,replace-space-with-newline,tourney,FALSE,20,elitize_generation_data,253,7,0.047,NA
255,86,replace-space-with-newline,tourney,FALSE,20,elitize_generation_data,254,11,0.067,NA
256,86,replace-space-with-newline,tourney,FALSE,20,elitize_generation_data,255,9,0.05,NA
257,86,replace-space-with-newline,tourney,FALSE,20,elitize_generation_data,256,8,0.069,NA
258,86,replace-space-with-newline,tourney,FALSE,20,elitize_generation_data,257,9,0.056,NA
259,86,replace-space-with-newline,tourney,FALSE,20,elitize_generation_data,258,6,0.058,NA
260,86,replace-space-with-newline,tourney,FALSE,20,elitize_generation_data,259,11,0.059,NA
261,86,replace-space-with-newline,tourney,FALSE,20,elitize_generation_data,260,9,0.064,NA
262,86,replace-space-with-newline,tourney,FALSE,20,elitize_generation_data,261,10,0.055,NA
263,86,replace-space-with-newline,tourney,FALSE,20,elitize_generation_data,262,11,0.066,NA
264,86,replace-space-with-newline,tourney,FALSE,20,elitize_generation_data,263,11,0.051,NA
265,86,replace-space-with-newline,tourney,FALSE,20,elitize_generation_data,264,11,0.064,NA
266,86,replace-space-with-newline,tourney,FALSE,20,elitize_generation_data,265,5,0.052,NA
267,86,replace-space-with-newline,tourney,FALSE,20,elitize_generation_data,266,8,0.053,NA
268,86,replace-space-with-newline,tourney,FALSE,20,elitize_generation_data,267,12,0.058,NA
269,86,replace-space-with-newline,tourney,FALSE,20,elitize_generation_data,268,12,0.065,NA
270,86,replace-space-with-newline,tourney,FALSE,20,elitize_generation_data,269,9,0.056,NA
271,86,replace-space-with-newline,tourney,FALSE,20,elitize_generation_data,270,9,0.06,NA
272,86,replace-space-with-newline,tourney,FALSE,20,elitize_generation_data,271,7,0.059,NA
273,86,replace-space-with-newline,tourney,FALSE,20,elitize_generation_data,272,8,0.058,NA
274,86,replace-space-with-newline,tourney,FALSE,20,elitize_generation_data,273,11,0.061,NA
275,86,replace-space-with-newline,tourney,FALSE,20,elitize_generation_data,274,9,0.053,NA
276,86,replace-space-with-newline,tourney,FALSE,20,elitize_generation_data,275,10,0.059,NA
277,86,replace-space-with-newline,tourney,FALSE,20,elitize_generation_data,276,12,0.06,NA
278,86,replace-space-with-newline,tourney,FALSE,20,elitize_generation_data,277,8,0.053,NA
279,86,replace-space-with-newline,tourney,FALSE,20,elitize_generation_data,278,10,0.053,NA
280,86,replace-space-with-newline,tourney,FALSE,20,elitize_generation_data,279,8,0.059,NA
281,86,replace-space-with-newline,tourney,FALSE,20,elitize_generation_data,280,11,0.061,NA
282,86,replace-space-with-newline,tourney,FALSE,20,elitize_generation_data,281,11,0.069,NA
283,86,replace-space-with-newline,tourney,FALSE,20,elitize_generation_data,282,12,0.067,NA
284,86,replace-space-with-newline,tourney,FALSE,20,elitize_generation_data,283,10,0.057,NA
285,86,replace-space-with-newline,tourney,FALSE,20,elitize_generation_data,284,10,0.054,NA
286,86,replace-space-with-newline,tourney,FALSE,20,elitize_generation_data,285,7,0.05,NA
287,86,replace-space-with-newline,tourney,FALSE,20,elitize_generation_data,286,8,0.057,NA
288,86,replace-space-with-newline,tourney,FALSE,20,elitize_generation_data,287,9,0.064,NA
289,86,replace-space-with-newline,tourney,FALSE,20,elitize_generation_data,288,10,0.05,NA
290,86,replace-space-with-newline,tourney,FALSE,20,elitize_generation_data,289,12,0.062,NA
291,86,replace-space-with-newline,tourney,FALSE,20,elitize_generation_data,290,10,0.067,NA
292,86,replace-space-with-newline,tourney,FALSE,20,elitize_generation_data,291,10,0.071,NA
293,86,replace-space-with-newline,tourney,FALSE,20,elitize_generation_data,292,10,0.053,NA
294,86,replace-space-with-newline,tourney,FALSE,20,elitize_generation_data,293,9,0.065,NA
295,86,replace-space-with-newline,tourney,FALSE,20,elitize_generation_data,294,6,0.064,NA
296,86,replace-space-with-newline,tourney,FALSE,20,elitize_generation_data,295,7,0.06,NA
297,86,replace-space-with-newline,tourney,FALSE,20,elitize_generation_data,296,12,0.053,NA
298,86,replace-space-with-newline,tourney,FALSE,20,elitize_generation_data,297,9,0.062,NA
299,86,replace-space-with-newline,tourney,FALSE,20,elitize_generation_data,298,9,0.061,NA
300,86,replace-space-with-newline,tourney,FALSE,20,elitize_generation_data,299,9,0.066,NA
301,86,replace-space-with-newline,tourney,FALSE,20,elitize_generation_data,300,9,0.066,NA
