,run.num,problem,treatment,succeeded,height,normalization.function,generation,cluster.count,error.diversity,success.generation
1,9,replace-space-with-newline,tourney,FALSE,20,elitize_generation_data,0,6,0.444,NA
2,9,replace-space-with-newline,tourney,FALSE,20,elitize_generation_data,1,7,0.328,NA
3,9,replace-space-with-newline,tourney,FALSE,20,elitize_generation_data,2,10,0.245,NA
4,9,replace-space-with-newline,tourney,FALSE,20,elitize_generation_data,3,9,0.259,NA
5,9,replace-space-with-newline,tourney,FALSE,20,elitize_generation_data,4,10,0.233,NA
6,9,replace-space-with-newline,tourney,FALSE,20,elitize_generation_data,5,13,0.221,NA
7,9,replace-space-with-newline,tourney,FALSE,20,elitize_generation_data,6,13,0.339,NA
8,9,replace-space-with-newline,tourney,FALSE,20,elitize_generation_data,7,23,0.406,NA
9,9,replace-space-with-newline,tourney,FALSE,20,elitize_generation_data,8,22,0.407,NA
10,9,replace-space-with-newline,tourney,FALSE,20,elitize_generation_data,9,31,0.402,NA
11,9,replace-space-with-newline,tourney,FALSE,20,elitize_generation_data,10,22,0.344,NA
12,9,replace-space-with-newline,tourney,FALSE,20,elitize_generation_data,11,26,0.294,NA
13,9,replace-space-with-newline,tourney,FALSE,20,elitize_generation_data,12,22,0.322,NA
14,9,replace-space-with-newline,tourney,FALSE,20,elitize_generation_data,13,24,0.41,NA
15,9,replace-space-with-newline,tourney,FALSE,20,elitize_generation_data,14,22,0.42,NA
16,9,replace-space-with-newline,tourney,FALSE,20,elitize_generation_data,15,26,0.402,NA
17,9,replace-space-with-newline,tourney,FALSE,20,elitize_generation_data,16,29,0.397,NA
18,9,replace-space-with-newline,tourney,FALSE,20,elitize_generation_data,17,25,0.418,NA
19,9,replace-space-with-newline,tourney,FALSE,20,elitize_generation_data,18,28,0.394,NA
20,9,replace-space-with-newline,tourney,FALSE,20,elitize_generation_data,19,29,0.396,NA
21,9,replace-space-with-newline,tourney,FALSE,20,elitize_generation_data,20,26,0.398,NA
22,9,replace-space-with-newline,tourney,FALSE,20,elitize_generation_data,21,27,0.376,NA
23,9,replace-space-with-newline,tourney,FALSE,20,elitize_generation_data,22,29,0.329,NA
24,9,replace-space-with-newline,tourney,FALSE,20,elitize_generation_data,23,25,0.338,NA
25,9,replace-space-with-newline,tourney,FALSE,20,elitize_generation_data,24,31,0.331,NA
26,9,replace-space-with-newline,tourney,FALSE,20,elitize_generation_data,25,30,0.324,NA
27,9,replace-space-with-newline,tourney,FALSE,20,elitize_generation_data,26,26,0.334,NA
28,9,replace-space-with-newline,tourney,FALSE,20,elitize_generation_data,27,31,0.363,NA
29,9,replace-space-with-newline,tourney,FALSE,20,elitize_generation_data,28,36,0.404,NA
30,9,replace-space-with-newline,tourney,FALSE,20,elitize_generation_data,29,38,0.409,NA
31,9,replace-space-with-newline,tourney,FALSE,20,elitize_generation_data,30,42,0.393,NA
32,9,replace-space-with-newline,tourney,FALSE,20,elitize_generation_data,31,34,0.349,NA
33,9,replace-space-with-newline,tourney,FALSE,20,elitize_generation_data,32,36,0.39,NA
34,9,replace-space-with-newline,tourney,FALSE,20,elitize_generation_data,33,40,0.431,NA
35,9,replace-space-with-newline,tourney,FALSE,20,elitize_generation_data,34,45,0.434,NA
36,9,replace-space-with-newline,tourney,FALSE,20,elitize_generation_data,35,46,0.427,NA
37,9,replace-space-with-newline,tourney,FALSE,20,elitize_generation_data,36,39,0.418,NA
38,9,replace-space-with-newline,tourney,FALSE,20,elitize_generation_data,37,27,0.414,NA
39,9,replace-space-with-newline,tourney,FALSE,20,elitize_generation_data,38,27,0.418,NA
40,9,replace-space-with-newline,tourney,FALSE,20,elitize_generation_data,39,38,0.417,NA
41,9,replace-space-with-newline,tourney,FALSE,20,elitize_generation_data,40,33,0.457,NA
42,9,replace-space-with-newline,tourney,FALSE,20,elitize_generation_data,41,43,0.467,NA
43,9,replace-space-with-newline,tourney,FALSE,20,elitize_generation_data,42,39,0.467,NA
44,9,replace-space-with-newline,tourney,FALSE,20,elitize_generation_data,43,47,0.504,NA
45,9,replace-space-with-newline,tourney,FALSE,20,elitize_generation_data,44,46,0.522,NA
46,9,replace-space-with-newline,tourney,FALSE,20,elitize_generation_data,45,39,0.487,NA
47,9,replace-space-with-newline,tourney,FALSE,20,elitize_generation_data,46,37,0.471,NA
48,9,replace-space-with-newline,tourney,FALSE,20,elitize_generation_data,47,39,0.468,NA
49,9,replace-space-with-newline,tourney,FALSE,20,elitize_generation_data,48,47,0.521,NA
50,9,replace-space-with-newline,tourney,FALSE,20,elitize_generation_data,49,39,0.573,NA
51,9,replace-space-with-newline,tourney,FALSE,20,elitize_generation_data,50,44,0.563,NA
52,9,replace-space-with-newline,tourney,FALSE,20,elitize_generation_data,51,36,0.524,NA
53,9,replace-space-with-newline,tourney,FALSE,20,elitize_generation_data,52,44,0.49,NA
54,9,replace-space-with-newline,tourney,FALSE,20,elitize_generation_data,53,39,0.472,NA
55,9,replace-space-with-newline,tourney,FALSE,20,elitize_generation_data,54,36,0.528,NA
56,9,replace-space-with-newline,tourney,FALSE,20,elitize_generation_data,55,44,0.54,NA
57,9,replace-space-with-newline,tourney,FALSE,20,elitize_generation_data,56,45,0.548,NA
58,9,replace-space-with-newline,tourney,FALSE,20,elitize_generation_data,57,44,0.588,NA
59,9,replace-space-with-newline,tourney,FALSE,20,elitize_generation_data,58,47,0.596,NA
60,9,replace-space-with-newline,tourney,FALSE,20,elitize_generation_data,59,45,0.617,NA
61,9,replace-space-with-newline,tourney,FALSE,20,elitize_generation_data,60,40,0.619,NA
62,9,replace-space-with-newline,tourney,FALSE,20,elitize_generation_data,61,35,0.62,NA
63,9,replace-space-with-newline,tourney,FALSE,20,elitize_generation_data,62,40,0.633,NA
64,9,replace-space-with-newline,tourney,FALSE,20,elitize_generation_data,63,40,0.657,NA
65,9,replace-space-with-newline,tourney,FALSE,20,elitize_generation_data,64,39,0.653,NA
66,9,replace-space-with-newline,tourney,FALSE,20,elitize_generation_data,65,45,0.659,NA
67,9,replace-space-with-newline,tourney,FALSE,20,elitize_generation_data,66,44,0.649,NA
68,9,replace-space-with-newline,tourney,FALSE,20,elitize_generation_data,67,49,0.639,NA
69,9,replace-space-with-newline,tourney,FALSE,20,elitize_generation_data,68,49,0.624,NA
70,9,replace-space-with-newline,tourney,FALSE,20,elitize_generation_data,69,43,0.648,NA
71,9,replace-space-with-newline,tourney,FALSE,20,elitize_generation_data,70,47,0.682,NA
72,9,replace-space-with-newline,tourney,FALSE,20,elitize_generation_data,71,39,0.69,NA
73,9,replace-space-with-newline,tourney,FALSE,20,elitize_generation_data,72,40,0.681,NA
74,9,replace-space-with-newline,tourney,FALSE,20,elitize_generation_data,73,44,0.656,NA
75,9,replace-space-with-newline,tourney,FALSE,20,elitize_generation_data,74,41,0.652,NA
76,9,replace-space-with-newline,tourney,FALSE,20,elitize_generation_data,75,38,0.622,NA
77,9,replace-space-with-newline,tourney,FALSE,20,elitize_generation_data,76,41,0.641,NA
78,9,replace-space-with-newline,tourney,FALSE,20,elitize_generation_data,77,45,0.658,NA
79,9,replace-space-with-newline,tourney,FALSE,20,elitize_generation_data,78,45,0.636,NA
80,9,replace-space-with-newline,tourney,FALSE,20,elitize_generation_data,79,49,0.611,NA
81,9,replace-space-with-newline,tourney,FALSE,20,elitize_generation_data,80,47,0.659,NA
82,9,replace-space-with-newline,tourney,FALSE,20,elitize_generation_data,81,49,0.664,NA
83,9,replace-space-with-newline,tourney,FALSE,20,elitize_generation_data,82,64,0.674,NA
84,9,replace-space-with-newline,tourney,FALSE,20,elitize_generation_data,83,50,0.657,NA
85,9,replace-space-with-newline,tourney,FALSE,20,elitize_generation_data,84,49,0.652,NA
86,9,replace-space-with-newline,tourney,FALSE,20,elitize_generation_data,85,56,0.686,NA
87,9,replace-space-with-newline,tourney,FALSE,20,elitize_generation_data,86,56,0.704,NA
88,9,replace-space-with-newline,tourney,FALSE,20,elitize_generation_data,87,63,0.751,NA
89,9,replace-space-with-newline,tourney,FALSE,20,elitize_generation_data,88,63,0.75,NA
90,9,replace-space-with-newline,tourney,FALSE,20,elitize_generation_data,89,62,0.72,NA
91,9,replace-space-with-newline,tourney,FALSE,20,elitize_generation_data,90,65,0.747,NA
92,9,replace-space-with-newline,tourney,FALSE,20,elitize_generation_data,91,52,0.735,NA
93,9,replace-space-with-newline,tourney,FALSE,20,elitize_generation_data,92,63,0.735,NA
94,9,replace-space-with-newline,tourney,FALSE,20,elitize_generation_data,93,61,0.733,NA
95,9,replace-space-with-newline,tourney,FALSE,20,elitize_generation_data,94,54,0.757,NA
96,9,replace-space-with-newline,tourney,FALSE,20,elitize_generation_data,95,58,0.718,NA
97,9,replace-space-with-newline,tourney,FALSE,20,elitize_generation_data,96,54,0.739,NA
98,9,replace-space-with-newline,tourney,FALSE,20,elitize_generation_data,97,63,0.718,NA
99,9,replace-space-with-newline,tourney,FALSE,20,elitize_generation_data,98,67,0.695,NA
100,9,replace-space-with-newline,tourney,FALSE,20,elitize_generation_data,99,53,0.71,NA
101,9,replace-space-with-newline,tourney,FALSE,20,elitize_generation_data,100,62,0.722,NA
102,9,replace-space-with-newline,tourney,FALSE,20,elitize_generation_data,101,56,0.737,NA
103,9,replace-space-with-newline,tourney,FALSE,20,elitize_generation_data,102,53,0.744,NA
104,9,replace-space-with-newline,tourney,FALSE,20,elitize_generation_data,103,70,0.784,NA
105,9,replace-space-with-newline,tourney,FALSE,20,elitize_generation_data,104,62,0.777,NA
106,9,replace-space-with-newline,tourney,FALSE,20,elitize_generation_data,105,57,0.797,NA
107,9,replace-space-with-newline,tourney,FALSE,20,elitize_generation_data,106,60,0.799,NA
108,9,replace-space-with-newline,tourney,FALSE,20,elitize_generation_data,107,65,0.77,NA
109,9,replace-space-with-newline,tourney,FALSE,20,elitize_generation_data,108,71,0.765,NA
110,9,replace-space-with-newline,tourney,FALSE,20,elitize_generation_data,109,63,0.77,NA
111,9,replace-space-with-newline,tourney,FALSE,20,elitize_generation_data,110,73,0.765,NA
112,9,replace-space-with-newline,tourney,FALSE,20,elitize_generation_data,111,77,0.759,NA
113,9,replace-space-with-newline,tourney,FALSE,20,elitize_generation_data,112,66,0.775,NA
114,9,replace-space-with-newline,tourney,FALSE,20,elitize_generation_data,113,67,0.727,NA
115,9,replace-space-with-newline,tourney,FALSE,20,elitize_generation_data,114,69,0.73,NA
116,9,replace-space-with-newline,tourney,FALSE,20,elitize_generation_data,115,61,0.706,NA
117,9,replace-space-with-newline,tourney,FALSE,20,elitize_generation_data,116,54,0.704,NA
118,9,replace-space-with-newline,tourney,FALSE,20,elitize_generation_data,117,75,0.714,NA
119,9,replace-space-with-newline,tourney,FALSE,20,elitize_generation_data,118,55,0.66,NA
120,9,replace-space-with-newline,tourney,FALSE,20,elitize_generation_data,119,62,0.646,NA
121,9,replace-space-with-newline,tourney,FALSE,20,elitize_generation_data,120,71,0.627,NA
122,9,replace-space-with-newline,tourney,FALSE,20,elitize_generation_data,121,49,0.646,NA
123,9,replace-space-with-newline,tourney,FALSE,20,elitize_generation_data,122,50,0.625,NA
124,9,replace-space-with-newline,tourney,FALSE,20,elitize_generation_data,123,67,0.63,NA
125,9,replace-space-with-newline,tourney,FALSE,20,elitize_generation_data,124,60,0.643,NA
126,9,replace-space-with-newline,tourney,FALSE,20,elitize_generation_data,125,66,0.641,NA
127,9,replace-space-with-newline,tourney,FALSE,20,elitize_generation_data,126,57,0.652,NA
128,9,replace-space-with-newline,tourney,FALSE,20,elitize_generation_data,127,63,0.658,NA
129,9,replace-space-with-newline,tourney,FALSE,20,elitize_generation_data,128,64,0.632,NA
130,9,replace-space-with-newline,tourney,FALSE,20,elitize_generation_data,129,62,0.652,NA
131,9,replace-space-with-newline,tourney,FALSE,20,elitize_generation_data,130,56,0.675,NA
132,9,replace-space-with-newline,tourney,FALSE,20,elitize_generation_data,131,73,0.672,NA
133,9,replace-space-with-newline,tourney,FALSE,20,elitize_generation_data,132,68,0.695,NA
134,9,replace-space-with-newline,tourney,FALSE,20,elitize_generation_data,133,49,0.677,NA
135,9,replace-space-with-newline,tourney,FALSE,20,elitize_generation_data,134,57,0.638,NA
136,9,replace-space-with-newline,tourney,FALSE,20,elitize_generation_data,135,55,0.632,NA
137,9,replace-space-with-newline,tourney,FALSE,20,elitize_generation_data,136,63,0.648,NA
138,9,replace-space-with-newline,tourney,FALSE,20,elitize_generation_data,137,59,0.659,NA
139,9,replace-space-with-newline,tourney,FALSE,20,elitize_generation_data,138,60,0.651,NA
140,9,replace-space-with-newline,tourney,FALSE,20,elitize_generation_data,139,60,0.638,NA
141,9,replace-space-with-newline,tourney,FALSE,20,elitize_generation_data,140,49,0.605,NA
142,9,replace-space-with-newline,tourney,FALSE,20,elitize_generation_data,141,55,0.63,NA
143,9,replace-space-with-newline,tourney,FALSE,20,elitize_generation_data,142,55,0.627,NA
144,9,replace-space-with-newline,tourney,FALSE,20,elitize_generation_data,143,62,0.651,NA
145,9,replace-space-with-newline,tourney,FALSE,20,elitize_generation_data,144,65,0.665,NA
146,9,replace-space-with-newline,tourney,FALSE,20,elitize_generation_data,145,60,0.673,NA
147,9,replace-space-with-newline,tourney,FALSE,20,elitize_generation_data,146,64,0.664,NA
148,9,replace-space-with-newline,tourney,FALSE,20,elitize_generation_data,147,50,0.635,NA
149,9,replace-space-with-newline,tourney,FALSE,20,elitize_generation_data,148,64,0.66,NA
150,9,replace-space-with-newline,tourney,FALSE,20,elitize_generation_data,149,61,0.662,NA
151,9,replace-space-with-newline,tourney,FALSE,20,elitize_generation_data,150,67,0.652,NA
152,9,replace-space-with-newline,tourney,FALSE,20,elitize_generation_data,151,73,0.646,NA
153,9,replace-space-with-newline,tourney,FALSE,20,elitize_generation_data,152,69,0.616,NA
154,9,replace-space-with-newline,tourney,FALSE,20,elitize_generation_data,153,64,0.647,NA
155,9,replace-space-with-newline,tourney,FALSE,20,elitize_generation_data,154,67,0.598,NA
156,9,replace-space-with-newline,tourney,FALSE,20,elitize_generation_data,155,57,0.595,NA
157,9,replace-space-with-newline,tourney,FALSE,20,elitize_generation_data,156,55,0.63,NA
158,9,replace-space-with-newline,tourney,FALSE,20,elitize_generation_data,157,68,0.625,NA
159,9,replace-space-with-newline,tourney,FALSE,20,elitize_generation_data,158,54,0.642,NA
160,9,replace-space-with-newline,tourney,FALSE,20,elitize_generation_data,159,60,0.62,NA
161,9,replace-space-with-newline,tourney,FALSE,20,elitize_generation_data,160,64,0.595,NA
162,9,replace-space-with-newline,tourney,FALSE,20,elitize_generation_data,161,60,0.608,NA
163,9,replace-space-with-newline,tourney,FALSE,20,elitize_generation_data,162,64,0.626,NA
164,9,replace-space-with-newline,tourney,FALSE,20,elitize_generation_data,163,64,0.633,NA
165,9,replace-space-with-newline,tourney,FALSE,20,elitize_generation_data,164,65,0.632,NA
166,9,replace-space-with-newline,tourney,FALSE,20,elitize_generation_data,165,72,0.656,NA
167,9,replace-space-with-newline,tourney,FALSE,20,elitize_generation_data,166,69,0.645,NA
168,9,replace-space-with-newline,tourney,FALSE,20,elitize_generation_data,167,69,0.639,NA
169,9,replace-space-with-newline,tourney,FALSE,20,elitize_generation_data,168,58,0.638,NA
170,9,replace-space-with-newline,tourney,FALSE,20,elitize_generation_data,169,65,0.626,NA
171,9,replace-space-with-newline,tourney,FALSE,20,elitize_generation_data,170,49,0.625,NA
172,9,replace-space-with-newline,tourney,FALSE,20,elitize_generation_data,171,54,0.647,NA
173,9,replace-space-with-newline,tourney,FALSE,20,elitize_generation_data,172,71,0.61,NA
174,9,replace-space-with-newline,tourney,FALSE,20,elitize_generation_data,173,45,0.634,NA
175,9,replace-space-with-newline,tourney,FALSE,20,elitize_generation_data,174,55,0.645,NA
176,9,replace-space-with-newline,tourney,FALSE,20,elitize_generation_data,175,66,0.624,NA
177,9,replace-space-with-newline,tourney,FALSE,20,elitize_generation_data,176,58,0.656,NA
178,9,replace-space-with-newline,tourney,FALSE,20,elitize_generation_data,177,56,0.633,NA
179,9,replace-space-with-newline,tourney,FALSE,20,elitize_generation_data,178,48,0.619,NA
180,9,replace-space-with-newline,tourney,FALSE,20,elitize_generation_data,179,54,0.603,NA
181,9,replace-space-with-newline,tourney,FALSE,20,elitize_generation_data,180,58,0.624,NA
182,9,replace-space-with-newline,tourney,FALSE,20,elitize_generation_data,181,62,0.644,NA
183,9,replace-space-with-newline,tourney,FALSE,20,elitize_generation_data,182,54,0.637,NA
184,9,replace-space-with-newline,tourney,FALSE,20,elitize_generation_data,183,55,0.631,NA
185,9,replace-space-with-newline,tourney,FALSE,20,elitize_generation_data,184,63,0.632,NA
186,9,replace-space-with-newline,tourney,FALSE,20,elitize_generation_data,185,53,0.656,NA
187,9,replace-space-with-newline,tourney,FALSE,20,elitize_generation_data,186,61,0.615,NA
188,9,replace-space-with-newline,tourney,FALSE,20,elitize_generation_data,187,62,0.611,NA
189,9,replace-space-with-newline,tourney,FALSE,20,elitize_generation_data,188,56,0.61,NA
190,9,replace-space-with-newline,tourney,FALSE,20,elitize_generation_data,189,63,0.61,NA
191,9,replace-space-with-newline,tourney,FALSE,20,elitize_generation_data,190,56,0.608,NA
192,9,replace-space-with-newline,tourney,FALSE,20,elitize_generation_data,191,66,0.623,NA
193,9,replace-space-with-newline,tourney,FALSE,20,elitize_generation_data,192,71,0.601,NA
194,9,replace-space-with-newline,tourney,FALSE,20,elitize_generation_data,193,62,0.594,NA
195,9,replace-space-with-newline,tourney,FALSE,20,elitize_generation_data,194,60,0.62,NA
196,9,replace-space-with-newline,tourney,FALSE,20,elitize_generation_data,195,53,0.634,NA
197,9,replace-space-with-newline,tourney,FALSE,20,elitize_generation_data,196,56,0.633,NA
198,9,replace-space-with-newline,tourney,FALSE,20,elitize_generation_data,197,70,0.592,NA
199,9,replace-space-with-newline,tourney,FALSE,20,elitize_generation_data,198,50,0.593,NA
200,9,replace-space-with-newline,tourney,FALSE,20,elitize_generation_data,199,53,0.593,NA
201,9,replace-space-with-newline,tourney,FALSE,20,elitize_generation_data,200,56,0.623,NA
202,9,replace-space-with-newline,tourney,FALSE,20,elitize_generation_data,201,56,0.652,NA
203,9,replace-space-with-newline,tourney,FALSE,20,elitize_generation_data,202,63,0.65,NA
204,9,replace-space-with-newline,tourney,FALSE,20,elitize_generation_data,203,69,0.635,NA
205,9,replace-space-with-newline,tourney,FALSE,20,elitize_generation_data,204,61,0.609,NA
206,9,replace-space-with-newline,tourney,FALSE,20,elitize_generation_data,205,55,0.605,NA
207,9,replace-space-with-newline,tourney,FALSE,20,elitize_generation_data,206,63,0.624,NA
208,9,replace-space-with-newline,tourney,FALSE,20,elitize_generation_data,207,67,0.634,NA
209,9,replace-space-with-newline,tourney,FALSE,20,elitize_generation_data,208,54,0.642,NA
210,9,replace-space-with-newline,tourney,FALSE,20,elitize_generation_data,209,66,0.628,NA
211,9,replace-space-with-newline,tourney,FALSE,20,elitize_generation_data,210,61,0.643,NA
212,9,replace-space-with-newline,tourney,FALSE,20,elitize_generation_data,211,62,0.631,NA
213,9,replace-space-with-newline,tourney,FALSE,20,elitize_generation_data,212,74,0.635,NA
214,9,replace-space-with-newline,tourney,FALSE,20,elitize_generation_data,213,55,0.619,NA
215,9,replace-space-with-newline,tourney,FALSE,20,elitize_generation_data,214,47,0.614,NA
216,9,replace-space-with-newline,tourney,FALSE,20,elitize_generation_data,215,49,0.598,NA
217,9,replace-space-with-newline,tourney,FALSE,20,elitize_generation_data,216,57,0.56,NA
218,9,replace-space-with-newline,tourney,FALSE,20,elitize_generation_data,217,63,0.608,NA
219,9,replace-space-with-newline,tourney,FALSE,20,elitize_generation_data,218,63,0.609,NA
220,9,replace-space-with-newline,tourney,FALSE,20,elitize_generation_data,219,54,0.601,NA
221,9,replace-space-with-newline,tourney,FALSE,20,elitize_generation_data,220,60,0.593,NA
222,9,replace-space-with-newline,tourney,FALSE,20,elitize_generation_data,221,52,0.609,NA
223,9,replace-space-with-newline,tourney,FALSE,20,elitize_generation_data,222,68,0.614,NA
224,9,replace-space-with-newline,tourney,FALSE,20,elitize_generation_data,223,53,0.597,NA
225,9,replace-space-with-newline,tourney,FALSE,20,elitize_generation_data,224,60,0.619,NA
226,9,replace-space-with-newline,tourney,FALSE,20,elitize_generation_data,225,76,0.624,NA
227,9,replace-space-with-newline,tourney,FALSE,20,elitize_generation_data,226,57,0.598,NA
228,9,replace-space-with-newline,tourney,FALSE,20,elitize_generation_data,227,56,0.597,NA
229,9,replace-space-with-newline,tourney,FALSE,20,elitize_generation_data,228,63,0.628,NA
230,9,replace-space-with-newline,tourney,FALSE,20,elitize_generation_data,229,57,0.631,NA
231,9,replace-space-with-newline,tourney,FALSE,20,elitize_generation_data,230,58,0.619,NA
232,9,replace-space-with-newline,tourney,FALSE,20,elitize_generation_data,231,55,0.625,NA
233,9,replace-space-with-newline,tourney,FALSE,20,elitize_generation_data,232,55,0.603,NA
234,9,replace-space-with-newline,tourney,FALSE,20,elitize_generation_data,233,67,0.608,NA
235,9,replace-space-with-newline,tourney,FALSE,20,elitize_generation_data,234,62,0.601,NA
236,9,replace-space-with-newline,tourney,FALSE,20,elitize_generation_data,235,67,0.599,NA
237,9,replace-space-with-newline,tourney,FALSE,20,elitize_generation_data,236,63,0.593,NA
238,9,replace-space-with-newline,tourney,FALSE,20,elitize_generation_data,237,56,0.59,NA
239,9,replace-space-with-newline,tourney,FALSE,20,elitize_generation_data,238,57,0.606,NA
240,9,replace-space-with-newline,tourney,FALSE,20,elitize_generation_data,239,61,0.6,NA
241,9,replace-space-with-newline,tourney,FALSE,20,elitize_generation_data,240,55,0.608,NA
242,9,replace-space-with-newline,tourney,FALSE,20,elitize_generation_data,241,68,0.612,NA
243,9,replace-space-with-newline,tourney,FALSE,20,elitize_generation_data,242,65,0.621,NA
244,9,replace-space-with-newline,tourney,FALSE,20,elitize_generation_data,243,56,0.628,NA
245,9,replace-space-with-newline,tourney,FALSE,20,elitize_generation_data,244,70,0.595,NA
246,9,replace-space-with-newline,tourney,FALSE,20,elitize_generation_data,245,59,0.613,NA
247,9,replace-space-with-newline,tourney,FALSE,20,elitize_generation_data,246,71,0.621,NA
248,9,replace-space-with-newline,tourney,FALSE,20,elitize_generation_data,247,70,0.625,NA
249,9,replace-space-with-newline,tourney,FALSE,20,elitize_generation_data,248,53,0.584,NA
250,9,replace-space-with-newline,tourney,FALSE,20,elitize_generation_data,249,65,0.612,NA
251,9,replace-space-with-newline,tourney,FALSE,20,elitize_generation_data,250,63,0.627,NA
252,9,replace-space-with-newline,tourney,FALSE,20,elitize_generation_data,251,66,0.627,NA
253,9,replace-space-with-newline,tourney,FALSE,20,elitize_generation_data,252,62,0.601,NA
254,9,replace-space-with-newline,tourney,FALSE,20,elitize_generation_data,253,63,0.614,NA
255,9,replace-space-with-newline,tourney,FALSE,20,elitize_generation_data,254,66,0.617,NA
256,9,replace-space-with-newline,tourney,FALSE,20,elitize_generation_data,255,65,0.634,NA
257,9,replace-space-with-newline,tourney,FALSE,20,elitize_generation_data,256,71,0.594,NA
258,9,replace-space-with-newline,tourney,FALSE,20,elitize_generation_data,257,64,0.619,NA
259,9,replace-space-with-newline,tourney,FALSE,20,elitize_generation_data,258,62,0.615,NA
260,9,replace-space-with-newline,tourney,FALSE,20,elitize_generation_data,259,67,0.625,NA
261,9,replace-space-with-newline,tourney,FALSE,20,elitize_generation_data,260,86,0.655,NA
262,9,replace-space-with-newline,tourney,FALSE,20,elitize_generation_data,261,79,0.648,NA
263,9,replace-space-with-newline,tourney,FALSE,20,elitize_generation_data,262,78,0.665,NA
264,9,replace-space-with-newline,tourney,FALSE,20,elitize_generation_data,263,79,0.674,NA
265,9,replace-space-with-newline,tourney,FALSE,20,elitize_generation_data,264,94,0.69,NA
266,9,replace-space-with-newline,tourney,FALSE,20,elitize_generation_data,265,83,0.723,NA
267,9,replace-space-with-newline,tourney,FALSE,20,elitize_generation_data,266,75,0.714,NA
268,9,replace-space-with-newline,tourney,FALSE,20,elitize_generation_data,267,79,0.736,NA
269,9,replace-space-with-newline,tourney,FALSE,20,elitize_generation_data,268,76,0.755,NA
270,9,replace-space-with-newline,tourney,FALSE,20,elitize_generation_data,269,76,0.765,NA
271,9,replace-space-with-newline,tourney,FALSE,20,elitize_generation_data,270,85,0.755,NA
272,9,replace-space-with-newline,tourney,FALSE,20,elitize_generation_data,271,78,0.768,NA
273,9,replace-space-with-newline,tourney,FALSE,20,elitize_generation_data,272,84,0.759,NA
274,9,replace-space-with-newline,tourney,FALSE,20,elitize_generation_data,273,74,0.757,NA
275,9,replace-space-with-newline,tourney,FALSE,20,elitize_generation_data,274,85,0.757,NA
276,9,replace-space-with-newline,tourney,FALSE,20,elitize_generation_data,275,91,0.765,NA
277,9,replace-space-with-newline,tourney,FALSE,20,elitize_generation_data,276,70,0.787,NA
278,9,replace-space-with-newline,tourney,FALSE,20,elitize_generation_data,277,91,0.782,NA
279,9,replace-space-with-newline,tourney,FALSE,20,elitize_generation_data,278,87,0.783,NA
280,9,replace-space-with-newline,tourney,FALSE,20,elitize_generation_data,279,91,0.771,NA
281,9,replace-space-with-newline,tourney,FALSE,20,elitize_generation_data,280,76,0.757,NA
282,9,replace-space-with-newline,tourney,FALSE,20,elitize_generation_data,281,72,0.753,NA
283,9,replace-space-with-newline,tourney,FALSE,20,elitize_generation_data,282,90,0.779,NA
284,9,replace-space-with-newline,tourney,FALSE,20,elitize_generation_data,283,81,0.785,NA
285,9,replace-space-with-newline,tourney,FALSE,20,elitize_generation_data,284,92,0.771,NA
286,9,replace-space-with-newline,tourney,FALSE,20,elitize_generation_data,285,104,0.793,NA
287,9,replace-space-with-newline,tourney,FALSE,20,elitize_generation_data,286,98,0.815,NA
288,9,replace-space-with-newline,tourney,FALSE,20,elitize_generation_data,287,101,0.817,NA
289,9,replace-space-with-newline,tourney,FALSE,20,elitize_generation_data,288,112,0.84,NA
290,9,replace-space-with-newline,tourney,FALSE,20,elitize_generation_data,289,114,0.831,NA
291,9,replace-space-with-newline,tourney,FALSE,20,elitize_generation_data,290,143,0.838,NA
292,9,replace-space-with-newline,tourney,FALSE,20,elitize_generation_data,291,143,0.849,NA
293,9,replace-space-with-newline,tourney,FALSE,20,elitize_generation_data,292,119,0.829,NA
294,9,replace-space-with-newline,tourney,FALSE,20,elitize_generation_data,293,125,0.836,NA
295,9,replace-space-with-newline,tourney,FALSE,20,elitize_generation_data,294,131,0.849,NA
296,9,replace-space-with-newline,tourney,FALSE,20,elitize_generation_data,295,121,0.845,NA
297,9,replace-space-with-newline,tourney,FALSE,20,elitize_generation_data,296,134,0.859,NA
298,9,replace-space-with-newline,tourney,FALSE,20,elitize_generation_data,297,109,0.844,NA
299,9,replace-space-with-newline,tourney,FALSE,20,elitize_generation_data,298,108,0.835,NA
300,9,replace-space-with-newline,tourney,FALSE,20,elitize_generation_data,299,116,0.838,NA
301,9,replace-space-with-newline,tourney,FALSE,20,elitize_generation_data,300,110,0.822,NA
