,run.num,problem,treatment,succeeded,height,normalization.function,generation,cluster.count,error.diversity,success.generation
1,4,replace-space-with-newline,tourney,FALSE,20,elitize_generation_data,0,6,0.489,NA
2,4,replace-space-with-newline,tourney,FALSE,20,elitize_generation_data,1,5,0.347,NA
3,4,replace-space-with-newline,tourney,FALSE,20,elitize_generation_data,2,7,0.249,NA
4,4,replace-space-with-newline,tourney,FALSE,20,elitize_generation_data,3,8,0.214,NA
5,4,replace-space-with-newline,tourney,FALSE,20,elitize_generation_data,4,11,0.113,NA
6,4,replace-space-with-newline,tourney,FALSE,20,elitize_generation_data,5,6,0.093,NA
7,4,replace-space-with-newline,tourney,FALSE,20,elitize_generation_data,6,5,0.113,NA
8,4,replace-space-with-newline,tourney,FALSE,20,elitize_generation_data,7,8,0.123,NA
9,4,replace-space-with-newline,tourney,FALSE,20,elitize_generation_data,8,7,0.122,NA
10,4,replace-space-with-newline,tourney,FALSE,20,elitize_generation_data,9,9,0.148,NA
11,4,replace-space-with-newline,tourney,FALSE,20,elitize_generation_data,10,9,0.195,NA
12,4,replace-space-with-newline,tourney,FALSE,20,elitize_generation_data,11,13,0.157,NA
13,4,replace-space-with-newline,tourney,FALSE,20,elitize_generation_data,12,12,0.158,NA
14,4,replace-space-with-newline,tourney,FALSE,20,elitize_generation_data,13,15,0.117,NA
15,4,replace-space-with-newline,tourney,FALSE,20,elitize_generation_data,14,14,0.091,NA
16,4,replace-space-with-newline,tourney,FALSE,20,elitize_generation_data,15,13,0.055,NA
17,4,replace-space-with-newline,tourney,FALSE,20,elitize_generation_data,16,13,0.07,NA
18,4,replace-space-with-newline,tourney,FALSE,20,elitize_generation_data,17,15,0.069,NA
19,4,replace-space-with-newline,tourney,FALSE,20,elitize_generation_data,18,10,0.065,NA
20,4,replace-space-with-newline,tourney,FALSE,20,elitize_generation_data,19,14,0.07,NA
21,4,replace-space-with-newline,tourney,FALSE,20,elitize_generation_data,20,13,0.072,NA
22,4,replace-space-with-newline,tourney,FALSE,20,elitize_generation_data,21,13,0.073,NA
23,4,replace-space-with-newline,tourney,FALSE,20,elitize_generation_data,22,12,0.071,NA
24,4,replace-space-with-newline,tourney,FALSE,20,elitize_generation_data,23,16,0.079,NA
25,4,replace-space-with-newline,tourney,FALSE,20,elitize_generation_data,24,14,0.078,NA
26,4,replace-space-with-newline,tourney,FALSE,20,elitize_generation_data,25,15,0.075,NA
27,4,replace-space-with-newline,tourney,FALSE,20,elitize_generation_data,26,10,0.076,NA
28,4,replace-space-with-newline,tourney,FALSE,20,elitize_generation_data,27,12,0.085,NA
29,4,replace-space-with-newline,tourney,FALSE,20,elitize_generation_data,28,15,0.092,NA
30,4,replace-space-with-newline,tourney,FALSE,20,elitize_generation_data,29,13,0.115,NA
31,4,replace-space-with-newline,tourney,FALSE,20,elitize_generation_data,30,13,0.112,NA
32,4,replace-space-with-newline,tourney,FALSE,20,elitize_generation_data,31,11,0.121,NA
33,4,replace-space-with-newline,tourney,FALSE,20,elitize_generation_data,32,14,0.123,NA
34,4,replace-space-with-newline,tourney,FALSE,20,elitize_generation_data,33,15,0.133,NA
35,4,replace-space-with-newline,tourney,FALSE,20,elitize_generation_data,34,15,0.145,NA
36,4,replace-space-with-newline,tourney,FALSE,20,elitize_generation_data,35,15,0.164,NA
37,4,replace-space-with-newline,tourney,FALSE,20,elitize_generation_data,36,18,0.153,NA
38,4,replace-space-with-newline,tourney,FALSE,20,elitize_generation_data,37,15,0.15,NA
39,4,replace-space-with-newline,tourney,FALSE,20,elitize_generation_data,38,19,0.155,NA
40,4,replace-space-with-newline,tourney,FALSE,20,elitize_generation_data,39,23,0.177,NA
41,4,replace-space-with-newline,tourney,FALSE,20,elitize_generation_data,40,21,0.188,NA
42,4,replace-space-with-newline,tourney,FALSE,20,elitize_generation_data,41,25,0.185,NA
43,4,replace-space-with-newline,tourney,FALSE,20,elitize_generation_data,42,21,0.173,NA
44,4,replace-space-with-newline,tourney,FALSE,20,elitize_generation_data,43,20,0.205,NA
45,4,replace-space-with-newline,tourney,FALSE,20,elitize_generation_data,44,26,0.214,NA
46,4,replace-space-with-newline,tourney,FALSE,20,elitize_generation_data,45,26,0.228,NA
47,4,replace-space-with-newline,tourney,FALSE,20,elitize_generation_data,46,26,0.249,NA
48,4,replace-space-with-newline,tourney,FALSE,20,elitize_generation_data,47,26,0.23,NA
49,4,replace-space-with-newline,tourney,FALSE,20,elitize_generation_data,48,29,0.194,NA
50,4,replace-space-with-newline,tourney,FALSE,20,elitize_generation_data,49,28,0.154,NA
51,4,replace-space-with-newline,tourney,FALSE,20,elitize_generation_data,50,23,0.134,NA
52,4,replace-space-with-newline,tourney,FALSE,20,elitize_generation_data,51,29,0.135,NA
53,4,replace-space-with-newline,tourney,FALSE,20,elitize_generation_data,52,22,0.145,NA
54,4,replace-space-with-newline,tourney,FALSE,20,elitize_generation_data,53,26,0.139,NA
55,4,replace-space-with-newline,tourney,FALSE,20,elitize_generation_data,54,21,0.126,NA
56,4,replace-space-with-newline,tourney,FALSE,20,elitize_generation_data,55,21,0.127,NA
57,4,replace-space-with-newline,tourney,FALSE,20,elitize_generation_data,56,22,0.134,NA
58,4,replace-space-with-newline,tourney,FALSE,20,elitize_generation_data,57,26,0.137,NA
59,4,replace-space-with-newline,tourney,FALSE,20,elitize_generation_data,58,25,0.127,NA
60,4,replace-space-with-newline,tourney,FALSE,20,elitize_generation_data,59,18,0.108,NA
61,4,replace-space-with-newline,tourney,FALSE,20,elitize_generation_data,60,23,0.13,NA
62,4,replace-space-with-newline,tourney,FALSE,20,elitize_generation_data,61,22,0.122,NA
63,4,replace-space-with-newline,tourney,FALSE,20,elitize_generation_data,62,26,0.122,NA
64,4,replace-space-with-newline,tourney,FALSE,20,elitize_generation_data,63,18,0.107,NA
65,4,replace-space-with-newline,tourney,FALSE,20,elitize_generation_data,64,19,0.109,NA
66,4,replace-space-with-newline,tourney,FALSE,20,elitize_generation_data,65,20,0.113,NA
67,4,replace-space-with-newline,tourney,FALSE,20,elitize_generation_data,66,18,0.115,NA
68,4,replace-space-with-newline,tourney,FALSE,20,elitize_generation_data,67,23,0.118,NA
69,4,replace-space-with-newline,tourney,FALSE,20,elitize_generation_data,68,18,0.11,NA
70,4,replace-space-with-newline,tourney,FALSE,20,elitize_generation_data,69,18,0.096,NA
71,4,replace-space-with-newline,tourney,FALSE,20,elitize_generation_data,70,14,0.098,NA
72,4,replace-space-with-newline,tourney,FALSE,20,elitize_generation_data,71,19,0.121,NA
73,4,replace-space-with-newline,tourney,FALSE,20,elitize_generation_data,72,21,0.099,NA
74,4,replace-space-with-newline,tourney,FALSE,20,elitize_generation_data,73,19,0.103,NA
75,4,replace-space-with-newline,tourney,FALSE,20,elitize_generation_data,74,22,0.097,NA
76,4,replace-space-with-newline,tourney,FALSE,20,elitize_generation_data,75,23,0.1,NA
77,4,replace-space-with-newline,tourney,FALSE,20,elitize_generation_data,76,17,0.094,NA
78,4,replace-space-with-newline,tourney,FALSE,20,elitize_generation_data,77,15,0.107,NA
79,4,replace-space-with-newline,tourney,FALSE,20,elitize_generation_data,78,16,0.08,NA
80,4,replace-space-with-newline,tourney,FALSE,20,elitize_generation_data,79,21,0.091,NA
81,4,replace-space-with-newline,tourney,FALSE,20,elitize_generation_data,80,15,0.095,NA
82,4,replace-space-with-newline,tourney,FALSE,20,elitize_generation_data,81,15,0.086,NA
83,4,replace-space-with-newline,tourney,FALSE,20,elitize_generation_data,82,18,0.096,NA
84,4,replace-space-with-newline,tourney,FALSE,20,elitize_generation_data,83,16,0.099,NA
85,4,replace-space-with-newline,tourney,FALSE,20,elitize_generation_data,84,16,0.097,NA
86,4,replace-space-with-newline,tourney,FALSE,20,elitize_generation_data,85,16,0.073,NA
87,4,replace-space-with-newline,tourney,FALSE,20,elitize_generation_data,86,16,0.081,NA
88,4,replace-space-with-newline,tourney,FALSE,20,elitize_generation_data,87,19,0.085,NA
89,4,replace-space-with-newline,tourney,FALSE,20,elitize_generation_data,88,18,0.068,NA
90,4,replace-space-with-newline,tourney,FALSE,20,elitize_generation_data,89,11,0.067,NA
91,4,replace-space-with-newline,tourney,FALSE,20,elitize_generation_data,90,17,0.084,NA
92,4,replace-space-with-newline,tourney,FALSE,20,elitize_generation_data,91,15,0.072,NA
93,4,replace-space-with-newline,tourney,FALSE,20,elitize_generation_data,92,19,0.086,NA
94,4,replace-space-with-newline,tourney,FALSE,20,elitize_generation_data,93,20,0.075,NA
95,4,replace-space-with-newline,tourney,FALSE,20,elitize_generation_data,94,17,0.083,NA
96,4,replace-space-with-newline,tourney,FALSE,20,elitize_generation_data,95,12,0.075,NA
97,4,replace-space-with-newline,tourney,FALSE,20,elitize_generation_data,96,14,0.082,NA
98,4,replace-space-with-newline,tourney,FALSE,20,elitize_generation_data,97,13,0.076,NA
99,4,replace-space-with-newline,tourney,FALSE,20,elitize_generation_data,98,16,0.068,NA
100,4,replace-space-with-newline,tourney,FALSE,20,elitize_generation_data,99,13,0.066,NA
101,4,replace-space-with-newline,tourney,FALSE,20,elitize_generation_data,100,15,0.084,NA
102,4,replace-space-with-newline,tourney,FALSE,20,elitize_generation_data,101,10,0.07,NA
103,4,replace-space-with-newline,tourney,FALSE,20,elitize_generation_data,102,14,0.081,NA
104,4,replace-space-with-newline,tourney,FALSE,20,elitize_generation_data,103,15,0.083,NA
105,4,replace-space-with-newline,tourney,FALSE,20,elitize_generation_data,104,15,0.066,NA
106,4,replace-space-with-newline,tourney,FALSE,20,elitize_generation_data,105,13,0.068,NA
107,4,replace-space-with-newline,tourney,FALSE,20,elitize_generation_data,106,13,0.084,NA
108,4,replace-space-with-newline,tourney,FALSE,20,elitize_generation_data,107,14,0.067,NA
109,4,replace-space-with-newline,tourney,FALSE,20,elitize_generation_data,108,12,0.059,NA
110,4,replace-space-with-newline,tourney,FALSE,20,elitize_generation_data,109,16,0.08,NA
111,4,replace-space-with-newline,tourney,FALSE,20,elitize_generation_data,110,11,0.085,NA
112,4,replace-space-with-newline,tourney,FALSE,20,elitize_generation_data,111,15,0.078,NA
113,4,replace-space-with-newline,tourney,FALSE,20,elitize_generation_data,112,18,0.072,NA
114,4,replace-space-with-newline,tourney,FALSE,20,elitize_generation_data,113,13,0.074,NA
115,4,replace-space-with-newline,tourney,FALSE,20,elitize_generation_data,114,12,0.06,NA
116,4,replace-space-with-newline,tourney,FALSE,20,elitize_generation_data,115,13,0.075,NA
117,4,replace-space-with-newline,tourney,FALSE,20,elitize_generation_data,116,13,0.061,NA
118,4,replace-space-with-newline,tourney,FALSE,20,elitize_generation_data,117,17,0.07,NA
119,4,replace-space-with-newline,tourney,FALSE,20,elitize_generation_data,118,12,0.065,NA
120,4,replace-space-with-newline,tourney,FALSE,20,elitize_generation_data,119,14,0.074,NA
121,4,replace-space-with-newline,tourney,FALSE,20,elitize_generation_data,120,13,0.064,NA
122,4,replace-space-with-newline,tourney,FALSE,20,elitize_generation_data,121,12,0.06,NA
123,4,replace-space-with-newline,tourney,FALSE,20,elitize_generation_data,122,12,0.064,NA
124,4,replace-space-with-newline,tourney,FALSE,20,elitize_generation_data,123,12,0.067,NA
125,4,replace-space-with-newline,tourney,FALSE,20,elitize_generation_data,124,11,0.073,NA
126,4,replace-space-with-newline,tourney,FALSE,20,elitize_generation_data,125,13,0.072,NA
127,4,replace-space-with-newline,tourney,FALSE,20,elitize_generation_data,126,14,0.072,NA
128,4,replace-space-with-newline,tourney,FALSE,20,elitize_generation_data,127,12,0.065,NA
129,4,replace-space-with-newline,tourney,FALSE,20,elitize_generation_data,128,14,0.072,NA
130,4,replace-space-with-newline,tourney,FALSE,20,elitize_generation_data,129,15,0.073,NA
131,4,replace-space-with-newline,tourney,FALSE,20,elitize_generation_data,130,15,0.079,NA
132,4,replace-space-with-newline,tourney,FALSE,20,elitize_generation_data,131,14,0.07,NA
133,4,replace-space-with-newline,tourney,FALSE,20,elitize_generation_data,132,12,0.054,NA
134,4,replace-space-with-newline,tourney,FALSE,20,elitize_generation_data,133,15,0.063,NA
135,4,replace-space-with-newline,tourney,FALSE,20,elitize_generation_data,134,16,0.071,NA
136,4,replace-space-with-newline,tourney,FALSE,20,elitize_generation_data,135,16,0.058,NA
137,4,replace-space-with-newline,tourney,FALSE,20,elitize_generation_data,136,15,0.07,NA
138,4,replace-space-with-newline,tourney,FALSE,20,elitize_generation_data,137,11,0.061,NA
139,4,replace-space-with-newline,tourney,FALSE,20,elitize_generation_data,138,12,0.063,NA
140,4,replace-space-with-newline,tourney,FALSE,20,elitize_generation_data,139,13,0.054,NA
141,4,replace-space-with-newline,tourney,FALSE,20,elitize_generation_data,140,13,0.066,NA
142,4,replace-space-with-newline,tourney,FALSE,20,elitize_generation_data,141,13,0.06,NA
143,4,replace-space-with-newline,tourney,FALSE,20,elitize_generation_data,142,14,0.06,NA
144,4,replace-space-with-newline,tourney,FALSE,20,elitize_generation_data,143,11,0.065,NA
145,4,replace-space-with-newline,tourney,FALSE,20,elitize_generation_data,144,14,0.072,NA
146,4,replace-space-with-newline,tourney,FALSE,20,elitize_generation_data,145,12,0.064,NA
147,4,replace-space-with-newline,tourney,FALSE,20,elitize_generation_data,146,11,0.059,NA
148,4,replace-space-with-newline,tourney,FALSE,20,elitize_generation_data,147,10,0.05,NA
149,4,replace-space-with-newline,tourney,FALSE,20,elitize_generation_data,148,11,0.059,NA
150,4,replace-space-with-newline,tourney,FALSE,20,elitize_generation_data,149,10,0.051,NA
151,4,replace-space-with-newline,tourney,FALSE,20,elitize_generation_data,150,11,0.068,NA
152,4,replace-space-with-newline,tourney,FALSE,20,elitize_generation_data,151,14,0.066,NA
153,4,replace-space-with-newline,tourney,FALSE,20,elitize_generation_data,152,10,0.056,NA
154,4,replace-space-with-newline,tourney,FALSE,20,elitize_generation_data,153,13,0.063,NA
155,4,replace-space-with-newline,tourney,FALSE,20,elitize_generation_data,154,12,0.048,NA
156,4,replace-space-with-newline,tourney,FALSE,20,elitize_generation_data,155,15,0.056,NA
157,4,replace-space-with-newline,tourney,FALSE,20,elitize_generation_data,156,15,0.059,NA
158,4,replace-space-with-newline,tourney,FALSE,20,elitize_generation_data,157,13,0.054,NA
159,4,replace-space-with-newline,tourney,FALSE,20,elitize_generation_data,158,15,0.067,NA
160,4,replace-space-with-newline,tourney,FALSE,20,elitize_generation_data,159,11,0.053,NA
161,4,replace-space-with-newline,tourney,FALSE,20,elitize_generation_data,160,10,0.05,NA
162,4,replace-space-with-newline,tourney,FALSE,20,elitize_generation_data,161,12,0.056,NA
163,4,replace-space-with-newline,tourney,FALSE,20,elitize_generation_data,162,12,0.065,NA
164,4,replace-space-with-newline,tourney,FALSE,20,elitize_generation_data,163,10,0.054,NA
165,4,replace-space-with-newline,tourney,FALSE,20,elitize_generation_data,164,9,0.05,NA
166,4,replace-space-with-newline,tourney,FALSE,20,elitize_generation_data,165,11,0.041,NA
167,4,replace-space-with-newline,tourney,FALSE,20,elitize_generation_data,166,11,0.049,NA
168,4,replace-space-with-newline,tourney,FALSE,20,elitize_generation_data,167,11,0.043,NA
169,4,replace-space-with-newline,tourney,FALSE,20,elitize_generation_data,168,9,0.047,NA
170,4,replace-space-with-newline,tourney,FALSE,20,elitize_generation_data,169,10,0.06,NA
171,4,replace-space-with-newline,tourney,FALSE,20,elitize_generation_data,170,14,0.037,NA
172,4,replace-space-with-newline,tourney,FALSE,20,elitize_generation_data,171,11,0.048,NA
173,4,replace-space-with-newline,tourney,FALSE,20,elitize_generation_data,172,12,0.056,NA
174,4,replace-space-with-newline,tourney,FALSE,20,elitize_generation_data,173,11,0.044,NA
175,4,replace-space-with-newline,tourney,FALSE,20,elitize_generation_data,174,11,0.038,NA
176,4,replace-space-with-newline,tourney,FALSE,20,elitize_generation_data,175,11,0.044,NA
177,4,replace-space-with-newline,tourney,FALSE,20,elitize_generation_data,176,9,0.035,NA
178,4,replace-space-with-newline,tourney,FALSE,20,elitize_generation_data,177,11,0.038,NA
179,4,replace-space-with-newline,tourney,FALSE,20,elitize_generation_data,178,10,0.038,NA
180,4,replace-space-with-newline,tourney,FALSE,20,elitize_generation_data,179,10,0.046,NA
181,4,replace-space-with-newline,tourney,FALSE,20,elitize_generation_data,180,11,0.036,NA
182,4,replace-space-with-newline,tourney,FALSE,20,elitize_generation_data,181,9,0.041,NA
183,4,replace-space-with-newline,tourney,FALSE,20,elitize_generation_data,182,10,0.032,NA
184,4,replace-space-with-newline,tourney,FALSE,20,elitize_generation_data,183,11,0.045,NA
185,4,replace-space-with-newline,tourney,FALSE,20,elitize_generation_data,184,9,0.034,NA
186,4,replace-space-with-newline,tourney,FALSE,20,elitize_generation_data,185,10,0.039,NA
187,4,replace-space-with-newline,tourney,FALSE,20,elitize_generation_data,186,9,0.04,NA
188,4,replace-space-with-newline,tourney,FALSE,20,elitize_generation_data,187,10,0.035,NA
189,4,replace-space-with-newline,tourney,FALSE,20,elitize_generation_data,188,8,0.038,NA
190,4,replace-space-with-newline,tourney,FALSE,20,elitize_generation_data,189,10,0.038,NA
191,4,replace-space-with-newline,tourney,FALSE,20,elitize_generation_data,190,9,0.034,NA
192,4,replace-space-with-newline,tourney,FALSE,20,elitize_generation_data,191,9,0.044,NA
193,4,replace-space-with-newline,tourney,FALSE,20,elitize_generation_data,192,11,0.033,NA
194,4,replace-space-with-newline,tourney,FALSE,20,elitize_generation_data,193,11,0.046,NA
195,4,replace-space-with-newline,tourney,FALSE,20,elitize_generation_data,194,9,0.036,NA
196,4,replace-space-with-newline,tourney,FALSE,20,elitize_generation_data,195,12,0.044,NA
197,4,replace-space-with-newline,tourney,FALSE,20,elitize_generation_data,196,7,0.038,NA
198,4,replace-space-with-newline,tourney,FALSE,20,elitize_generation_data,197,10,0.036,NA
199,4,replace-space-with-newline,tourney,FALSE,20,elitize_generation_data,198,11,0.037,NA
200,4,replace-space-with-newline,tourney,FALSE,20,elitize_generation_data,199,12,0.039,NA
201,4,replace-space-with-newline,tourney,FALSE,20,elitize_generation_data,200,10,0.031,NA
202,4,replace-space-with-newline,tourney,FALSE,20,elitize_generation_data,201,11,0.033,NA
203,4,replace-space-with-newline,tourney,FALSE,20,elitize_generation_data,202,12,0.041,NA
204,4,replace-space-with-newline,tourney,FALSE,20,elitize_generation_data,203,11,0.03,NA
205,4,replace-space-with-newline,tourney,FALSE,20,elitize_generation_data,204,8,0.034,NA
206,4,replace-space-with-newline,tourney,FALSE,20,elitize_generation_data,205,9,0.031,NA
207,4,replace-space-with-newline,tourney,FALSE,20,elitize_generation_data,206,11,0.035,NA
208,4,replace-space-with-newline,tourney,FALSE,20,elitize_generation_data,207,8,0.03,NA
209,4,replace-space-with-newline,tourney,FALSE,20,elitize_generation_data,208,9,0.034,NA
210,4,replace-space-with-newline,tourney,FALSE,20,elitize_generation_data,209,10,0.042,NA
211,4,replace-space-with-newline,tourney,FALSE,20,elitize_generation_data,210,12,0.038,NA
212,4,replace-space-with-newline,tourney,FALSE,20,elitize_generation_data,211,9,0.032,NA
213,4,replace-space-with-newline,tourney,FALSE,20,elitize_generation_data,212,11,0.031,NA
214,4,replace-space-with-newline,tourney,FALSE,20,elitize_generation_data,213,12,0.04,NA
215,4,replace-space-with-newline,tourney,FALSE,20,elitize_generation_data,214,7,0.031,NA
216,4,replace-space-with-newline,tourney,FALSE,20,elitize_generation_data,215,11,0.032,NA
217,4,replace-space-with-newline,tourney,FALSE,20,elitize_generation_data,216,8,0.029,NA
218,4,replace-space-with-newline,tourney,FALSE,20,elitize_generation_data,217,9,0.029,NA
219,4,replace-space-with-newline,tourney,FALSE,20,elitize_generation_data,218,7,0.025,NA
220,4,replace-space-with-newline,tourney,FALSE,20,elitize_generation_data,219,7,0.026,NA
221,4,replace-space-with-newline,tourney,FALSE,20,elitize_generation_data,220,9,0.028,NA
222,4,replace-space-with-newline,tourney,FALSE,20,elitize_generation_data,221,9,0.035,NA
223,4,replace-space-with-newline,tourney,FALSE,20,elitize_generation_data,222,9,0.025,NA
224,4,replace-space-with-newline,tourney,FALSE,20,elitize_generation_data,223,9,0.028,NA
225,4,replace-space-with-newline,tourney,FALSE,20,elitize_generation_data,224,10,0.032,NA
226,4,replace-space-with-newline,tourney,FALSE,20,elitize_generation_data,225,8,0.026,NA
227,4,replace-space-with-newline,tourney,FALSE,20,elitize_generation_data,226,10,0.032,NA
228,4,replace-space-with-newline,tourney,FALSE,20,elitize_generation_data,227,8,0.017,NA
229,4,replace-space-with-newline,tourney,FALSE,20,elitize_generation_data,228,10,0.031,NA
230,4,replace-space-with-newline,tourney,FALSE,20,elitize_generation_data,229,10,0.029,NA
231,4,replace-space-with-newline,tourney,FALSE,20,elitize_generation_data,230,10,0.031,NA
232,4,replace-space-with-newline,tourney,FALSE,20,elitize_generation_data,231,7,0.03,NA
233,4,replace-space-with-newline,tourney,FALSE,20,elitize_generation_data,232,10,0.029,NA
234,4,replace-space-with-newline,tourney,FALSE,20,elitize_generation_data,233,7,0.03,NA
235,4,replace-space-with-newline,tourney,FALSE,20,elitize_generation_data,234,8,0.026,NA
236,4,replace-space-with-newline,tourney,FALSE,20,elitize_generation_data,235,9,0.028,NA
237,4,replace-space-with-newline,tourney,FALSE,20,elitize_generation_data,236,10,0.027,NA
238,4,replace-space-with-newline,tourney,FALSE,20,elitize_generation_data,237,8,0.027,NA
239,4,replace-space-with-newline,tourney,FALSE,20,elitize_generation_data,238,8,0.023,NA
240,4,replace-space-with-newline,tourney,FALSE,20,elitize_generation_data,239,9,0.029,NA
241,4,replace-space-with-newline,tourney,FALSE,20,elitize_generation_data,240,7,0.025,NA
242,4,replace-space-with-newline,tourney,FALSE,20,elitize_generation_data,241,8,0.024,NA
243,4,replace-space-with-newline,tourney,FALSE,20,elitize_generation_data,242,8,0.027,NA
244,4,replace-space-with-newline,tourney,FALSE,20,elitize_generation_data,243,8,0.029,NA
245,4,replace-space-with-newline,tourney,FALSE,20,elitize_generation_data,244,9,0.026,NA
246,4,replace-space-with-newline,tourney,FALSE,20,elitize_generation_data,245,8,0.028,NA
247,4,replace-space-with-newline,tourney,FALSE,20,elitize_generation_data,246,11,0.027,NA
248,4,replace-space-with-newline,tourney,FALSE,20,elitize_generation_data,247,8,0.028,NA
249,4,replace-space-with-newline,tourney,FALSE,20,elitize_generation_data,248,7,0.029,NA
250,4,replace-space-with-newline,tourney,FALSE,20,elitize_generation_data,249,8,0.024,NA
251,4,replace-space-with-newline,tourney,FALSE,20,elitize_generation_data,250,8,0.026,NA
252,4,replace-space-with-newline,tourney,FALSE,20,elitize_generation_data,251,7,0.021,NA
253,4,replace-space-with-newline,tourney,FALSE,20,elitize_generation_data,252,7,0.033,NA
254,4,replace-space-with-newline,tourney,FALSE,20,elitize_generation_data,253,10,0.028,NA
255,4,replace-space-with-newline,tourney,FALSE,20,elitize_generation_data,254,8,0.026,NA
256,4,replace-space-with-newline,tourney,FALSE,20,elitize_generation_data,255,8,0.024,NA
257,4,replace-space-with-newline,tourney,FALSE,20,elitize_generation_data,256,11,0.034,NA
258,4,replace-space-with-newline,tourney,FALSE,20,elitize_generation_data,257,9,0.032,NA
259,4,replace-space-with-newline,tourney,FALSE,20,elitize_generation_data,258,8,0.028,NA
260,4,replace-space-with-newline,tourney,FALSE,20,elitize_generation_data,259,7,0.022,NA
261,4,replace-space-with-newline,tourney,FALSE,20,elitize_generation_data,260,8,0.025,NA
262,4,replace-space-with-newline,tourney,FALSE,20,elitize_generation_data,261,8,0.026,NA
263,4,replace-space-with-newline,tourney,FALSE,20,elitize_generation_data,262,8,0.024,NA
264,4,replace-space-with-newline,tourney,FALSE,20,elitize_generation_data,263,8,0.025,NA
265,4,replace-space-with-newline,tourney,FALSE,20,elitize_generation_data,264,9,0.038,NA
266,4,replace-space-with-newline,tourney,FALSE,20,elitize_generation_data,265,10,0.04,NA
267,4,replace-space-with-newline,tourney,FALSE,20,elitize_generation_data,266,13,0.031,NA
268,4,replace-space-with-newline,tourney,FALSE,20,elitize_generation_data,267,10,0.045,NA
269,4,replace-space-with-newline,tourney,FALSE,20,elitize_generation_data,268,7,0.02,NA
270,4,replace-space-with-newline,tourney,FALSE,20,elitize_generation_data,269,8,0.019,NA
271,4,replace-space-with-newline,tourney,FALSE,20,elitize_generation_data,270,10,0.031,NA
272,4,replace-space-with-newline,tourney,FALSE,20,elitize_generation_data,271,7,0.029,NA
273,4,replace-space-with-newline,tourney,FALSE,20,elitize_generation_data,272,8,0.022,NA
274,4,replace-space-with-newline,tourney,FALSE,20,elitize_generation_data,273,8,0.03,NA
275,4,replace-space-with-newline,tourney,FALSE,20,elitize_generation_data,274,9,0.028,NA
276,4,replace-space-with-newline,tourney,FALSE,20,elitize_generation_data,275,9,0.027,NA
277,4,replace-space-with-newline,tourney,FALSE,20,elitize_generation_data,276,9,0.03,NA
278,4,replace-space-with-newline,tourney,FALSE,20,elitize_generation_data,277,8,0.032,NA
279,4,replace-space-with-newline,tourney,FALSE,20,elitize_generation_data,278,8,0.019,NA
280,4,replace-space-with-newline,tourney,FALSE,20,elitize_generation_data,279,8,0.03,NA
281,4,replace-space-with-newline,tourney,FALSE,20,elitize_generation_data,280,10,0.024,NA
282,4,replace-space-with-newline,tourney,FALSE,20,elitize_generation_data,281,7,0.036,NA
283,4,replace-space-with-newline,tourney,FALSE,20,elitize_generation_data,282,7,0.025,NA
284,4,replace-space-with-newline,tourney,FALSE,20,elitize_generation_data,283,6,0.028,NA
285,4,replace-space-with-newline,tourney,FALSE,20,elitize_generation_data,284,9,0.032,NA
286,4,replace-space-with-newline,tourney,FALSE,20,elitize_generation_data,285,6,0.019,NA
287,4,replace-space-with-newline,tourney,FALSE,20,elitize_generation_data,286,7,0.027,NA
288,4,replace-space-with-newline,tourney,FALSE,20,elitize_generation_data,287,8,0.027,NA
289,4,replace-space-with-newline,tourney,FALSE,20,elitize_generation_data,288,9,0.021,NA
290,4,replace-space-with-newline,tourney,FALSE,20,elitize_generation_data,289,8,0.022,NA
291,4,replace-space-with-newline,tourney,FALSE,20,elitize_generation_data,290,8,0.022,NA
292,4,replace-space-with-newline,tourney,FALSE,20,elitize_generation_data,291,9,0.026,NA
293,4,replace-space-with-newline,tourney,FALSE,20,elitize_generation_data,292,7,0.024,NA
294,4,replace-space-with-newline,tourney,FALSE,20,elitize_generation_data,293,6,0.023,NA
295,4,replace-space-with-newline,tourney,FALSE,20,elitize_generation_data,294,7,0.02,NA
296,4,replace-space-with-newline,tourney,FALSE,20,elitize_generation_data,295,8,0.017,NA
297,4,replace-space-with-newline,tourney,FALSE,20,elitize_generation_data,296,8,0.027,NA
298,4,replace-space-with-newline,tourney,FALSE,20,elitize_generation_data,297,8,0.025,NA
299,4,replace-space-with-newline,tourney,FALSE,20,elitize_generation_data,298,7,0.021,NA
300,4,replace-space-with-newline,tourney,FALSE,20,elitize_generation_data,299,8,0.022,NA
301,4,replace-space-with-newline,tourney,FALSE,20,elitize_generation_data,300,9,0.023,NA
