,run.num,problem,treatment,succeeded,height,normalization.function,generation,cluster.count,error.diversity,success.generation
1,26,replace-space-with-newline,tourney,FALSE,20,elitize_generation_data,0,6,0.494,NA
2,26,replace-space-with-newline,tourney,FALSE,20,elitize_generation_data,1,7,0.357,NA
3,26,replace-space-with-newline,tourney,FALSE,20,elitize_generation_data,2,7,0.267,NA
4,26,replace-space-with-newline,tourney,FALSE,20,elitize_generation_data,3,9,0.265,NA
5,26,replace-space-with-newline,tourney,FALSE,20,elitize_generation_data,4,9,0.209,NA
6,26,replace-space-with-newline,tourney,FALSE,20,elitize_generation_data,5,10,0.21,NA
7,26,replace-space-with-newline,tourney,FALSE,20,elitize_generation_data,6,8,0.198,NA
8,26,replace-space-with-newline,tourney,FALSE,20,elitize_generation_data,7,13,0.144,NA
9,26,replace-space-with-newline,tourney,FALSE,20,elitize_generation_data,8,11,0.107,NA
10,26,replace-space-with-newline,tourney,FALSE,20,elitize_generation_data,9,11,0.104,NA
11,26,replace-space-with-newline,tourney,FALSE,20,elitize_generation_data,10,9,0.105,NA
12,26,replace-space-with-newline,tourney,FALSE,20,elitize_generation_data,11,13,0.126,NA
13,26,replace-space-with-newline,tourney,FALSE,20,elitize_generation_data,12,16,0.127,NA
14,26,replace-space-with-newline,tourney,FALSE,20,elitize_generation_data,13,15,0.108,NA
15,26,replace-space-with-newline,tourney,FALSE,20,elitize_generation_data,14,15,0.097,NA
16,26,replace-space-with-newline,tourney,FALSE,20,elitize_generation_data,15,16,0.144,NA
17,26,replace-space-with-newline,tourney,FALSE,20,elitize_generation_data,16,16,0.139,NA
18,26,replace-space-with-newline,tourney,FALSE,20,elitize_generation_data,17,20,0.137,NA
19,26,replace-space-with-newline,tourney,FALSE,20,elitize_generation_data,18,16,0.147,NA
20,26,replace-space-with-newline,tourney,FALSE,20,elitize_generation_data,19,18,0.138,NA
21,26,replace-space-with-newline,tourney,FALSE,20,elitize_generation_data,20,16,0.136,NA
22,26,replace-space-with-newline,tourney,FALSE,20,elitize_generation_data,21,16,0.127,NA
23,26,replace-space-with-newline,tourney,FALSE,20,elitize_generation_data,22,19,0.12,NA
24,26,replace-space-with-newline,tourney,FALSE,20,elitize_generation_data,23,22,0.135,NA
25,26,replace-space-with-newline,tourney,FALSE,20,elitize_generation_data,24,17,0.138,NA
26,26,replace-space-with-newline,tourney,FALSE,20,elitize_generation_data,25,14,0.133,NA
27,26,replace-space-with-newline,tourney,FALSE,20,elitize_generation_data,26,22,0.132,NA
28,26,replace-space-with-newline,tourney,FALSE,20,elitize_generation_data,27,15,0.128,NA
29,26,replace-space-with-newline,tourney,FALSE,20,elitize_generation_data,28,13,0.144,NA
30,26,replace-space-with-newline,tourney,FALSE,20,elitize_generation_data,29,18,0.12,NA
31,26,replace-space-with-newline,tourney,FALSE,20,elitize_generation_data,30,18,0.111,NA
32,26,replace-space-with-newline,tourney,FALSE,20,elitize_generation_data,31,20,0.152,NA
33,26,replace-space-with-newline,tourney,FALSE,20,elitize_generation_data,32,21,0.14,NA
34,26,replace-space-with-newline,tourney,FALSE,20,elitize_generation_data,33,18,0.117,NA
35,26,replace-space-with-newline,tourney,FALSE,20,elitize_generation_data,34,20,0.137,NA
36,26,replace-space-with-newline,tourney,FALSE,20,elitize_generation_data,35,15,0.124,NA
37,26,replace-space-with-newline,tourney,FALSE,20,elitize_generation_data,36,19,0.123,NA
38,26,replace-space-with-newline,tourney,FALSE,20,elitize_generation_data,37,17,0.126,NA
39,26,replace-space-with-newline,tourney,FALSE,20,elitize_generation_data,38,11,0.113,NA
40,26,replace-space-with-newline,tourney,FALSE,20,elitize_generation_data,39,12,0.121,NA
41,26,replace-space-with-newline,tourney,FALSE,20,elitize_generation_data,40,17,0.129,NA
42,26,replace-space-with-newline,tourney,FALSE,20,elitize_generation_data,41,15,0.118,NA
43,26,replace-space-with-newline,tourney,FALSE,20,elitize_generation_data,42,16,0.127,NA
44,26,replace-space-with-newline,tourney,FALSE,20,elitize_generation_data,43,14,0.115,NA
45,26,replace-space-with-newline,tourney,FALSE,20,elitize_generation_data,44,18,0.115,NA
46,26,replace-space-with-newline,tourney,FALSE,20,elitize_generation_data,45,15,0.116,NA
47,26,replace-space-with-newline,tourney,FALSE,20,elitize_generation_data,46,19,0.123,NA
48,26,replace-space-with-newline,tourney,FALSE,20,elitize_generation_data,47,13,0.104,NA
49,26,replace-space-with-newline,tourney,FALSE,20,elitize_generation_data,48,10,0.113,NA
50,26,replace-space-with-newline,tourney,FALSE,20,elitize_generation_data,49,14,0.1,NA
51,26,replace-space-with-newline,tourney,FALSE,20,elitize_generation_data,50,17,0.119,NA
52,26,replace-space-with-newline,tourney,FALSE,20,elitize_generation_data,51,19,0.092,NA
53,26,replace-space-with-newline,tourney,FALSE,20,elitize_generation_data,52,15,0.11,NA
54,26,replace-space-with-newline,tourney,FALSE,20,elitize_generation_data,53,14,0.098,NA
55,26,replace-space-with-newline,tourney,FALSE,20,elitize_generation_data,54,13,0.089,NA
56,26,replace-space-with-newline,tourney,FALSE,20,elitize_generation_data,55,16,0.094,NA
57,26,replace-space-with-newline,tourney,FALSE,20,elitize_generation_data,56,13,0.09,NA
58,26,replace-space-with-newline,tourney,FALSE,20,elitize_generation_data,57,10,0.098,NA
59,26,replace-space-with-newline,tourney,FALSE,20,elitize_generation_data,58,18,0.099,NA
60,26,replace-space-with-newline,tourney,FALSE,20,elitize_generation_data,59,13,0.091,NA
61,26,replace-space-with-newline,tourney,FALSE,20,elitize_generation_data,60,13,0.089,NA
62,26,replace-space-with-newline,tourney,FALSE,20,elitize_generation_data,61,13,0.088,NA
63,26,replace-space-with-newline,tourney,FALSE,20,elitize_generation_data,62,15,0.097,NA
64,26,replace-space-with-newline,tourney,FALSE,20,elitize_generation_data,63,15,0.098,NA
65,26,replace-space-with-newline,tourney,FALSE,20,elitize_generation_data,64,13,0.095,NA
66,26,replace-space-with-newline,tourney,FALSE,20,elitize_generation_data,65,11,0.094,NA
67,26,replace-space-with-newline,tourney,FALSE,20,elitize_generation_data,66,14,0.085,NA
68,26,replace-space-with-newline,tourney,FALSE,20,elitize_generation_data,67,20,0.088,NA
69,26,replace-space-with-newline,tourney,FALSE,20,elitize_generation_data,68,14,0.077,NA
70,26,replace-space-with-newline,tourney,FALSE,20,elitize_generation_data,69,16,0.081,NA
71,26,replace-space-with-newline,tourney,FALSE,20,elitize_generation_data,70,17,0.093,NA
72,26,replace-space-with-newline,tourney,FALSE,20,elitize_generation_data,71,19,0.098,NA
73,26,replace-space-with-newline,tourney,FALSE,20,elitize_generation_data,72,10,0.079,NA
74,26,replace-space-with-newline,tourney,FALSE,20,elitize_generation_data,73,12,0.086,NA
75,26,replace-space-with-newline,tourney,FALSE,20,elitize_generation_data,74,19,0.085,NA
76,26,replace-space-with-newline,tourney,FALSE,20,elitize_generation_data,75,12,0.086,NA
77,26,replace-space-with-newline,tourney,FALSE,20,elitize_generation_data,76,16,0.098,NA
78,26,replace-space-with-newline,tourney,FALSE,20,elitize_generation_data,77,17,0.081,NA
79,26,replace-space-with-newline,tourney,FALSE,20,elitize_generation_data,78,12,0.086,NA
80,26,replace-space-with-newline,tourney,FALSE,20,elitize_generation_data,79,14,0.078,NA
81,26,replace-space-with-newline,tourney,FALSE,20,elitize_generation_data,80,18,0.08,NA
82,26,replace-space-with-newline,tourney,FALSE,20,elitize_generation_data,81,14,0.086,NA
83,26,replace-space-with-newline,tourney,FALSE,20,elitize_generation_data,82,13,0.076,NA
84,26,replace-space-with-newline,tourney,FALSE,20,elitize_generation_data,83,14,0.073,NA
85,26,replace-space-with-newline,tourney,FALSE,20,elitize_generation_data,84,16,0.077,NA
86,26,replace-space-with-newline,tourney,FALSE,20,elitize_generation_data,85,12,0.101,NA
87,26,replace-space-with-newline,tourney,FALSE,20,elitize_generation_data,86,13,0.072,NA
88,26,replace-space-with-newline,tourney,FALSE,20,elitize_generation_data,87,10,0.077,NA
89,26,replace-space-with-newline,tourney,FALSE,20,elitize_generation_data,88,21,0.07,NA
90,26,replace-space-with-newline,tourney,FALSE,20,elitize_generation_data,89,18,0.082,NA
91,26,replace-space-with-newline,tourney,FALSE,20,elitize_generation_data,90,11,0.079,NA
92,26,replace-space-with-newline,tourney,FALSE,20,elitize_generation_data,91,14,0.068,NA
93,26,replace-space-with-newline,tourney,FALSE,20,elitize_generation_data,92,15,0.078,NA
94,26,replace-space-with-newline,tourney,FALSE,20,elitize_generation_data,93,18,0.076,NA
95,26,replace-space-with-newline,tourney,FALSE,20,elitize_generation_data,94,11,0.085,NA
96,26,replace-space-with-newline,tourney,FALSE,20,elitize_generation_data,95,15,0.081,NA
97,26,replace-space-with-newline,tourney,FALSE,20,elitize_generation_data,96,12,0.076,NA
98,26,replace-space-with-newline,tourney,FALSE,20,elitize_generation_data,97,14,0.069,NA
99,26,replace-space-with-newline,tourney,FALSE,20,elitize_generation_data,98,17,0.081,NA
100,26,replace-space-with-newline,tourney,FALSE,20,elitize_generation_data,99,14,0.078,NA
101,26,replace-space-with-newline,tourney,FALSE,20,elitize_generation_data,100,14,0.079,NA
102,26,replace-space-with-newline,tourney,FALSE,20,elitize_generation_data,101,15,0.078,NA
103,26,replace-space-with-newline,tourney,FALSE,20,elitize_generation_data,102,14,0.068,NA
104,26,replace-space-with-newline,tourney,FALSE,20,elitize_generation_data,103,14,0.077,NA
105,26,replace-space-with-newline,tourney,FALSE,20,elitize_generation_data,104,18,0.079,NA
106,26,replace-space-with-newline,tourney,FALSE,20,elitize_generation_data,105,14,0.064,NA
107,26,replace-space-with-newline,tourney,FALSE,20,elitize_generation_data,106,13,0.071,NA
108,26,replace-space-with-newline,tourney,FALSE,20,elitize_generation_data,107,17,0.085,NA
109,26,replace-space-with-newline,tourney,FALSE,20,elitize_generation_data,108,17,0.074,NA
110,26,replace-space-with-newline,tourney,FALSE,20,elitize_generation_data,109,18,0.065,NA
111,26,replace-space-with-newline,tourney,FALSE,20,elitize_generation_data,110,10,0.064,NA
112,26,replace-space-with-newline,tourney,FALSE,20,elitize_generation_data,111,15,0.072,NA
113,26,replace-space-with-newline,tourney,FALSE,20,elitize_generation_data,112,10,0.062,NA
114,26,replace-space-with-newline,tourney,FALSE,20,elitize_generation_data,113,14,0.084,NA
115,26,replace-space-with-newline,tourney,FALSE,20,elitize_generation_data,114,11,0.055,NA
116,26,replace-space-with-newline,tourney,FALSE,20,elitize_generation_data,115,12,0.063,NA
117,26,replace-space-with-newline,tourney,FALSE,20,elitize_generation_data,116,11,0.069,NA
118,26,replace-space-with-newline,tourney,FALSE,20,elitize_generation_data,117,17,0.076,NA
119,26,replace-space-with-newline,tourney,FALSE,20,elitize_generation_data,118,15,0.072,NA
120,26,replace-space-with-newline,tourney,FALSE,20,elitize_generation_data,119,12,0.062,NA
121,26,replace-space-with-newline,tourney,FALSE,20,elitize_generation_data,120,14,0.063,NA
122,26,replace-space-with-newline,tourney,FALSE,20,elitize_generation_data,121,13,0.069,NA
123,26,replace-space-with-newline,tourney,FALSE,20,elitize_generation_data,122,14,0.075,NA
124,26,replace-space-with-newline,tourney,FALSE,20,elitize_generation_data,123,16,0.065,NA
125,26,replace-space-with-newline,tourney,FALSE,20,elitize_generation_data,124,17,0.069,NA
126,26,replace-space-with-newline,tourney,FALSE,20,elitize_generation_data,125,12,0.077,NA
127,26,replace-space-with-newline,tourney,FALSE,20,elitize_generation_data,126,17,0.062,NA
128,26,replace-space-with-newline,tourney,FALSE,20,elitize_generation_data,127,16,0.059,NA
129,26,replace-space-with-newline,tourney,FALSE,20,elitize_generation_data,128,11,0.064,NA
130,26,replace-space-with-newline,tourney,FALSE,20,elitize_generation_data,129,19,0.063,NA
131,26,replace-space-with-newline,tourney,FALSE,20,elitize_generation_data,130,14,0.06,NA
132,26,replace-space-with-newline,tourney,FALSE,20,elitize_generation_data,131,13,0.08,NA
133,26,replace-space-with-newline,tourney,FALSE,20,elitize_generation_data,132,10,0.057,NA
134,26,replace-space-with-newline,tourney,FALSE,20,elitize_generation_data,133,11,0.067,NA
135,26,replace-space-with-newline,tourney,FALSE,20,elitize_generation_data,134,11,0.067,NA
136,26,replace-space-with-newline,tourney,FALSE,20,elitize_generation_data,135,19,0.072,NA
137,26,replace-space-with-newline,tourney,FALSE,20,elitize_generation_data,136,13,0.069,NA
138,26,replace-space-with-newline,tourney,FALSE,20,elitize_generation_data,137,22,0.08,NA
139,26,replace-space-with-newline,tourney,FALSE,20,elitize_generation_data,138,14,0.067,NA
140,26,replace-space-with-newline,tourney,FALSE,20,elitize_generation_data,139,10,0.062,NA
141,26,replace-space-with-newline,tourney,FALSE,20,elitize_generation_data,140,12,0.073,NA
142,26,replace-space-with-newline,tourney,FALSE,20,elitize_generation_data,141,14,0.071,NA
143,26,replace-space-with-newline,tourney,FALSE,20,elitize_generation_data,142,17,0.074,NA
144,26,replace-space-with-newline,tourney,FALSE,20,elitize_generation_data,143,14,0.075,NA
145,26,replace-space-with-newline,tourney,FALSE,20,elitize_generation_data,144,11,0.053,NA
146,26,replace-space-with-newline,tourney,FALSE,20,elitize_generation_data,145,18,0.076,NA
147,26,replace-space-with-newline,tourney,FALSE,20,elitize_generation_data,146,14,0.075,NA
148,26,replace-space-with-newline,tourney,FALSE,20,elitize_generation_data,147,12,0.069,NA
149,26,replace-space-with-newline,tourney,FALSE,20,elitize_generation_data,148,11,0.069,NA
150,26,replace-space-with-newline,tourney,FALSE,20,elitize_generation_data,149,11,0.056,NA
151,26,replace-space-with-newline,tourney,FALSE,20,elitize_generation_data,150,10,0.064,NA
152,26,replace-space-with-newline,tourney,FALSE,20,elitize_generation_data,151,12,0.053,NA
153,26,replace-space-with-newline,tourney,FALSE,20,elitize_generation_data,152,10,0.054,NA
154,26,replace-space-with-newline,tourney,FALSE,20,elitize_generation_data,153,13,0.064,NA
155,26,replace-space-with-newline,tourney,FALSE,20,elitize_generation_data,154,10,0.062,NA
156,26,replace-space-with-newline,tourney,FALSE,20,elitize_generation_data,155,14,0.064,NA
157,26,replace-space-with-newline,tourney,FALSE,20,elitize_generation_data,156,11,0.054,NA
158,26,replace-space-with-newline,tourney,FALSE,20,elitize_generation_data,157,13,0.055,NA
159,26,replace-space-with-newline,tourney,FALSE,20,elitize_generation_data,158,15,0.049,NA
160,26,replace-space-with-newline,tourney,FALSE,20,elitize_generation_data,159,9,0.064,NA
161,26,replace-space-with-newline,tourney,FALSE,20,elitize_generation_data,160,12,0.058,NA
162,26,replace-space-with-newline,tourney,FALSE,20,elitize_generation_data,161,12,0.064,NA
163,26,replace-space-with-newline,tourney,FALSE,20,elitize_generation_data,162,13,0.054,NA
164,26,replace-space-with-newline,tourney,FALSE,20,elitize_generation_data,163,10,0.051,NA
165,26,replace-space-with-newline,tourney,FALSE,20,elitize_generation_data,164,12,0.062,NA
166,26,replace-space-with-newline,tourney,FALSE,20,elitize_generation_data,165,15,0.059,NA
167,26,replace-space-with-newline,tourney,FALSE,20,elitize_generation_data,166,11,0.058,NA
168,26,replace-space-with-newline,tourney,FALSE,20,elitize_generation_data,167,9,0.064,NA
169,26,replace-space-with-newline,tourney,FALSE,20,elitize_generation_data,168,15,0.057,NA
170,26,replace-space-with-newline,tourney,FALSE,20,elitize_generation_data,169,9,0.056,NA
171,26,replace-space-with-newline,tourney,FALSE,20,elitize_generation_data,170,18,0.067,NA
172,26,replace-space-with-newline,tourney,FALSE,20,elitize_generation_data,171,15,0.054,NA
173,26,replace-space-with-newline,tourney,FALSE,20,elitize_generation_data,172,13,0.057,NA
174,26,replace-space-with-newline,tourney,FALSE,20,elitize_generation_data,173,17,0.054,NA
175,26,replace-space-with-newline,tourney,FALSE,20,elitize_generation_data,174,12,0.05,NA
176,26,replace-space-with-newline,tourney,FALSE,20,elitize_generation_data,175,13,0.045,NA
177,26,replace-space-with-newline,tourney,FALSE,20,elitize_generation_data,176,15,0.051,NA
178,26,replace-space-with-newline,tourney,FALSE,20,elitize_generation_data,177,11,0.06,NA
179,26,replace-space-with-newline,tourney,FALSE,20,elitize_generation_data,178,10,0.062,NA
180,26,replace-space-with-newline,tourney,FALSE,20,elitize_generation_data,179,16,0.047,NA
181,26,replace-space-with-newline,tourney,FALSE,20,elitize_generation_data,180,11,0.053,NA
182,26,replace-space-with-newline,tourney,FALSE,20,elitize_generation_data,181,12,0.05,NA
183,26,replace-space-with-newline,tourney,FALSE,20,elitize_generation_data,182,17,0.066,NA
184,26,replace-space-with-newline,tourney,FALSE,20,elitize_generation_data,183,13,0.062,NA
185,26,replace-space-with-newline,tourney,FALSE,20,elitize_generation_data,184,8,0.059,NA
186,26,replace-space-with-newline,tourney,FALSE,20,elitize_generation_data,185,13,0.055,NA
187,26,replace-space-with-newline,tourney,FALSE,20,elitize_generation_data,186,13,0.048,NA
188,26,replace-space-with-newline,tourney,FALSE,20,elitize_generation_data,187,14,0.06,NA
189,26,replace-space-with-newline,tourney,FALSE,20,elitize_generation_data,188,14,0.049,NA
190,26,replace-space-with-newline,tourney,FALSE,20,elitize_generation_data,189,13,0.051,NA
191,26,replace-space-with-newline,tourney,FALSE,20,elitize_generation_data,190,13,0.053,NA
192,26,replace-space-with-newline,tourney,FALSE,20,elitize_generation_data,191,10,0.05,NA
193,26,replace-space-with-newline,tourney,FALSE,20,elitize_generation_data,192,12,0.055,NA
194,26,replace-space-with-newline,tourney,FALSE,20,elitize_generation_data,193,19,0.061,NA
195,26,replace-space-with-newline,tourney,FALSE,20,elitize_generation_data,194,16,0.056,NA
196,26,replace-space-with-newline,tourney,FALSE,20,elitize_generation_data,195,16,0.049,NA
197,26,replace-space-with-newline,tourney,FALSE,20,elitize_generation_data,196,12,0.043,NA
198,26,replace-space-with-newline,tourney,FALSE,20,elitize_generation_data,197,9,0.049,NA
199,26,replace-space-with-newline,tourney,FALSE,20,elitize_generation_data,198,12,0.051,NA
200,26,replace-space-with-newline,tourney,FALSE,20,elitize_generation_data,199,15,0.043,NA
201,26,replace-space-with-newline,tourney,FALSE,20,elitize_generation_data,200,15,0.046,NA
202,26,replace-space-with-newline,tourney,FALSE,20,elitize_generation_data,201,15,0.047,NA
203,26,replace-space-with-newline,tourney,FALSE,20,elitize_generation_data,202,13,0.051,NA
204,26,replace-space-with-newline,tourney,FALSE,20,elitize_generation_data,203,12,0.05,NA
205,26,replace-space-with-newline,tourney,FALSE,20,elitize_generation_data,204,11,0.047,NA
206,26,replace-space-with-newline,tourney,FALSE,20,elitize_generation_data,205,13,0.052,NA
207,26,replace-space-with-newline,tourney,FALSE,20,elitize_generation_data,206,13,0.044,NA
208,26,replace-space-with-newline,tourney,FALSE,20,elitize_generation_data,207,12,0.045,NA
209,26,replace-space-with-newline,tourney,FALSE,20,elitize_generation_data,208,11,0.046,NA
210,26,replace-space-with-newline,tourney,FALSE,20,elitize_generation_data,209,9,0.044,NA
211,26,replace-space-with-newline,tourney,FALSE,20,elitize_generation_data,210,11,0.048,NA
212,26,replace-space-with-newline,tourney,FALSE,20,elitize_generation_data,211,11,0.048,NA
213,26,replace-space-with-newline,tourney,FALSE,20,elitize_generation_data,212,11,0.035,NA
214,26,replace-space-with-newline,tourney,FALSE,20,elitize_generation_data,213,13,0.046,NA
215,26,replace-space-with-newline,tourney,FALSE,20,elitize_generation_data,214,13,0.04,NA
216,26,replace-space-with-newline,tourney,FALSE,20,elitize_generation_data,215,15,0.046,NA
217,26,replace-space-with-newline,tourney,FALSE,20,elitize_generation_data,216,10,0.046,NA
218,26,replace-space-with-newline,tourney,FALSE,20,elitize_generation_data,217,7,0.04,NA
219,26,replace-space-with-newline,tourney,FALSE,20,elitize_generation_data,218,11,0.053,NA
220,26,replace-space-with-newline,tourney,FALSE,20,elitize_generation_data,219,11,0.049,NA
221,26,replace-space-with-newline,tourney,FALSE,20,elitize_generation_data,220,12,0.039,NA
222,26,replace-space-with-newline,tourney,FALSE,20,elitize_generation_data,221,12,0.046,NA
223,26,replace-space-with-newline,tourney,FALSE,20,elitize_generation_data,222,10,0.055,NA
224,26,replace-space-with-newline,tourney,FALSE,20,elitize_generation_data,223,17,0.044,NA
225,26,replace-space-with-newline,tourney,FALSE,20,elitize_generation_data,224,15,0.043,NA
226,26,replace-space-with-newline,tourney,FALSE,20,elitize_generation_data,225,10,0.038,NA
227,26,replace-space-with-newline,tourney,FALSE,20,elitize_generation_data,226,10,0.045,NA
228,26,replace-space-with-newline,tourney,FALSE,20,elitize_generation_data,227,11,0.054,NA
229,26,replace-space-with-newline,tourney,FALSE,20,elitize_generation_data,228,12,0.05,NA
230,26,replace-space-with-newline,tourney,FALSE,20,elitize_generation_data,229,11,0.05,NA
231,26,replace-space-with-newline,tourney,FALSE,20,elitize_generation_data,230,11,0.052,NA
232,26,replace-space-with-newline,tourney,FALSE,20,elitize_generation_data,231,6,0.042,NA
233,26,replace-space-with-newline,tourney,FALSE,20,elitize_generation_data,232,14,0.049,NA
234,26,replace-space-with-newline,tourney,FALSE,20,elitize_generation_data,233,11,0.046,NA
235,26,replace-space-with-newline,tourney,FALSE,20,elitize_generation_data,234,10,0.046,NA
236,26,replace-space-with-newline,tourney,FALSE,20,elitize_generation_data,235,12,0.05,NA
237,26,replace-space-with-newline,tourney,FALSE,20,elitize_generation_data,236,12,0.036,NA
238,26,replace-space-with-newline,tourney,FALSE,20,elitize_generation_data,237,11,0.043,NA
239,26,replace-space-with-newline,tourney,FALSE,20,elitize_generation_data,238,13,0.048,NA
240,26,replace-space-with-newline,tourney,FALSE,20,elitize_generation_data,239,12,0.054,NA
241,26,replace-space-with-newline,tourney,FALSE,20,elitize_generation_data,240,17,0.047,NA
242,26,replace-space-with-newline,tourney,FALSE,20,elitize_generation_data,241,15,0.052,NA
243,26,replace-space-with-newline,tourney,FALSE,20,elitize_generation_data,242,9,0.046,NA
244,26,replace-space-with-newline,tourney,FALSE,20,elitize_generation_data,243,11,0.044,NA
245,26,replace-space-with-newline,tourney,FALSE,20,elitize_generation_data,244,11,0.044,NA
246,26,replace-space-with-newline,tourney,FALSE,20,elitize_generation_data,245,12,0.043,NA
247,26,replace-space-with-newline,tourney,FALSE,20,elitize_generation_data,246,11,0.047,NA
248,26,replace-space-with-newline,tourney,FALSE,20,elitize_generation_data,247,18,0.042,NA
249,26,replace-space-with-newline,tourney,FALSE,20,elitize_generation_data,248,12,0.054,NA
250,26,replace-space-with-newline,tourney,FALSE,20,elitize_generation_data,249,11,0.048,NA
251,26,replace-space-with-newline,tourney,FALSE,20,elitize_generation_data,250,10,0.039,NA
252,26,replace-space-with-newline,tourney,FALSE,20,elitize_generation_data,251,10,0.049,NA
253,26,replace-space-with-newline,tourney,FALSE,20,elitize_generation_data,252,9,0.042,NA
254,26,replace-space-with-newline,tourney,FALSE,20,elitize_generation_data,253,13,0.047,NA
255,26,replace-space-with-newline,tourney,FALSE,20,elitize_generation_data,254,10,0.044,NA
256,26,replace-space-with-newline,tourney,FALSE,20,elitize_generation_data,255,14,0.04,NA
257,26,replace-space-with-newline,tourney,FALSE,20,elitize_generation_data,256,9,0.04,NA
258,26,replace-space-with-newline,tourney,FALSE,20,elitize_generation_data,257,8,0.031,NA
259,26,replace-space-with-newline,tourney,FALSE,20,elitize_generation_data,258,10,0.04,NA
260,26,replace-space-with-newline,tourney,FALSE,20,elitize_generation_data,259,12,0.038,NA
261,26,replace-space-with-newline,tourney,FALSE,20,elitize_generation_data,260,10,0.038,NA
262,26,replace-space-with-newline,tourney,FALSE,20,elitize_generation_data,261,10,0.037,NA
263,26,replace-space-with-newline,tourney,FALSE,20,elitize_generation_data,262,8,0.035,NA
264,26,replace-space-with-newline,tourney,FALSE,20,elitize_generation_data,263,16,0.048,NA
265,26,replace-space-with-newline,tourney,FALSE,20,elitize_generation_data,264,8,0.039,NA
266,26,replace-space-with-newline,tourney,FALSE,20,elitize_generation_data,265,14,0.045,NA
267,26,replace-space-with-newline,tourney,FALSE,20,elitize_generation_data,266,9,0.037,NA
268,26,replace-space-with-newline,tourney,FALSE,20,elitize_generation_data,267,10,0.04,NA
269,26,replace-space-with-newline,tourney,FALSE,20,elitize_generation_data,268,12,0.043,NA
270,26,replace-space-with-newline,tourney,FALSE,20,elitize_generation_data,269,11,0.039,NA
271,26,replace-space-with-newline,tourney,FALSE,20,elitize_generation_data,270,9,0.04,NA
272,26,replace-space-with-newline,tourney,FALSE,20,elitize_generation_data,271,12,0.039,NA
273,26,replace-space-with-newline,tourney,FALSE,20,elitize_generation_data,272,10,0.05,NA
274,26,replace-space-with-newline,tourney,FALSE,20,elitize_generation_data,273,8,0.028,NA
275,26,replace-space-with-newline,tourney,FALSE,20,elitize_generation_data,274,11,0.044,NA
276,26,replace-space-with-newline,tourney,FALSE,20,elitize_generation_data,275,11,0.042,NA
277,26,replace-space-with-newline,tourney,FALSE,20,elitize_generation_data,276,9,0.04,NA
278,26,replace-space-with-newline,tourney,FALSE,20,elitize_generation_data,277,12,0.046,NA
279,26,replace-space-with-newline,tourney,FALSE,20,elitize_generation_data,278,12,0.045,NA
280,26,replace-space-with-newline,tourney,FALSE,20,elitize_generation_data,279,10,0.037,NA
281,26,replace-space-with-newline,tourney,FALSE,20,elitize_generation_data,280,12,0.045,NA
282,26,replace-space-with-newline,tourney,FALSE,20,elitize_generation_data,281,11,0.042,NA
283,26,replace-space-with-newline,tourney,FALSE,20,elitize_generation_data,282,9,0.042,NA
284,26,replace-space-with-newline,tourney,FALSE,20,elitize_generation_data,283,10,0.048,NA
285,26,replace-space-with-newline,tourney,FALSE,20,elitize_generation_data,284,10,0.035,NA
286,26,replace-space-with-newline,tourney,FALSE,20,elitize_generation_data,285,13,0.043,NA
287,26,replace-space-with-newline,tourney,FALSE,20,elitize_generation_data,286,10,0.032,NA
288,26,replace-space-with-newline,tourney,FALSE,20,elitize_generation_data,287,8,0.033,NA
289,26,replace-space-with-newline,tourney,FALSE,20,elitize_generation_data,288,10,0.045,NA
290,26,replace-space-with-newline,tourney,FALSE,20,elitize_generation_data,289,10,0.047,NA
291,26,replace-space-with-newline,tourney,FALSE,20,elitize_generation_data,290,11,0.042,NA
292,26,replace-space-with-newline,tourney,FALSE,20,elitize_generation_data,291,10,0.043,NA
293,26,replace-space-with-newline,tourney,FALSE,20,elitize_generation_data,292,11,0.036,NA
294,26,replace-space-with-newline,tourney,FALSE,20,elitize_generation_data,293,7,0.033,NA
295,26,replace-space-with-newline,tourney,FALSE,20,elitize_generation_data,294,8,0.033,NA
296,26,replace-space-with-newline,tourney,FALSE,20,elitize_generation_data,295,12,0.036,NA
297,26,replace-space-with-newline,tourney,FALSE,20,elitize_generation_data,296,8,0.032,NA
298,26,replace-space-with-newline,tourney,FALSE,20,elitize_generation_data,297,10,0.034,NA
299,26,replace-space-with-newline,tourney,FALSE,20,elitize_generation_data,298,11,0.035,NA
300,26,replace-space-with-newline,tourney,FALSE,20,elitize_generation_data,299,7,0.046,NA
301,26,replace-space-with-newline,tourney,FALSE,20,elitize_generation_data,300,9,0.035,NA
