,run.num,problem,treatment,succeeded,height,normalization.function,generation,cluster.count,error.diversity,success.generation
1,98,string-lengths-backwards,lexicase,TRUE,10,elitize_generation_data,0,4,0.264,87
2,98,string-lengths-backwards,lexicase,TRUE,10,elitize_generation_data,1,9,0.095,87
3,98,string-lengths-backwards,lexicase,TRUE,10,elitize_generation_data,2,4,0.138,87
4,98,string-lengths-backwards,lexicase,TRUE,10,elitize_generation_data,3,4,0.216,87
5,98,string-lengths-backwards,lexicase,TRUE,10,elitize_generation_data,4,4,0.282,87
6,98,string-lengths-backwards,lexicase,TRUE,10,elitize_generation_data,5,3,0.304,87
7,98,string-lengths-backwards,lexicase,TRUE,10,elitize_generation_data,6,3,0.354,87
8,98,string-lengths-backwards,lexicase,TRUE,10,elitize_generation_data,7,1,0.414,87
9,98,string-lengths-backwards,lexicase,TRUE,10,elitize_generation_data,8,1,0.449,87
10,98,string-lengths-backwards,lexicase,TRUE,10,elitize_generation_data,9,1,0.475,87
11,98,string-lengths-backwards,lexicase,TRUE,10,elitize_generation_data,10,1,0.492,87
12,98,string-lengths-backwards,lexicase,TRUE,10,elitize_generation_data,11,1,0.503,87
13,98,string-lengths-backwards,lexicase,TRUE,10,elitize_generation_data,12,1,0.538,87
14,98,string-lengths-backwards,lexicase,TRUE,10,elitize_generation_data,13,1,0.558,87
15,98,string-lengths-backwards,lexicase,TRUE,10,elitize_generation_data,14,1,0.561,87
16,98,string-lengths-backwards,lexicase,TRUE,10,elitize_generation_data,15,1,0.531,87
17,98,string-lengths-backwards,lexicase,TRUE,10,elitize_generation_data,16,1,0.551,87
18,98,string-lengths-backwards,lexicase,TRUE,10,elitize_generation_data,17,1,0.533,87
19,98,string-lengths-backwards,lexicase,TRUE,10,elitize_generation_data,18,1,0.559,87
20,98,string-lengths-backwards,lexicase,TRUE,10,elitize_generation_data,19,1,0.588,87
21,98,string-lengths-backwards,lexicase,TRUE,10,elitize_generation_data,20,1,0.57,87
22,98,string-lengths-backwards,lexicase,TRUE,10,elitize_generation_data,21,1,0.581,87
23,98,string-lengths-backwards,lexicase,TRUE,10,elitize_generation_data,22,1,0.561,87
24,98,string-lengths-backwards,lexicase,TRUE,10,elitize_generation_data,23,1,0.58,87
25,98,string-lengths-backwards,lexicase,TRUE,10,elitize_generation_data,24,1,0.583,87
26,98,string-lengths-backwards,lexicase,TRUE,10,elitize_generation_data,25,1,0.583,87
27,98,string-lengths-backwards,lexicase,TRUE,10,elitize_generation_data,26,1,0.585,87
28,98,string-lengths-backwards,lexicase,TRUE,10,elitize_generation_data,27,1,0.604,87
29,98,string-lengths-backwards,lexicase,TRUE,10,elitize_generation_data,28,1,0.586,87
30,98,string-lengths-backwards,lexicase,TRUE,10,elitize_generation_data,29,1,0.612,87
31,98,string-lengths-backwards,lexicase,TRUE,10,elitize_generation_data,30,1,0.601,87
32,98,string-lengths-backwards,lexicase,TRUE,10,elitize_generation_data,31,1,0.613,87
33,98,string-lengths-backwards,lexicase,TRUE,10,elitize_generation_data,32,1,0.607,87
34,98,string-lengths-backwards,lexicase,TRUE,10,elitize_generation_data,33,1,0.625,87
35,98,string-lengths-backwards,lexicase,TRUE,10,elitize_generation_data,34,1,0.608,87
36,98,string-lengths-backwards,lexicase,TRUE,10,elitize_generation_data,35,1,0.588,87
37,98,string-lengths-backwards,lexicase,TRUE,10,elitize_generation_data,36,1,0.604,87
38,98,string-lengths-backwards,lexicase,TRUE,10,elitize_generation_data,37,2,0.598,87
39,98,string-lengths-backwards,lexicase,TRUE,10,elitize_generation_data,38,4,0.244,87
40,98,string-lengths-backwards,lexicase,TRUE,10,elitize_generation_data,39,4,0.174,87
41,98,string-lengths-backwards,lexicase,TRUE,10,elitize_generation_data,40,6,0.245,87
42,98,string-lengths-backwards,lexicase,TRUE,10,elitize_generation_data,41,7,0.293,87
43,98,string-lengths-backwards,lexicase,TRUE,10,elitize_generation_data,42,5,0.34,87
44,98,string-lengths-backwards,lexicase,TRUE,10,elitize_generation_data,43,3,0.401,87
45,98,string-lengths-backwards,lexicase,TRUE,10,elitize_generation_data,44,2,0.435,87
46,98,string-lengths-backwards,lexicase,TRUE,10,elitize_generation_data,45,2,0.414,87
47,98,string-lengths-backwards,lexicase,TRUE,10,elitize_generation_data,46,2,0.464,87
48,98,string-lengths-backwards,lexicase,TRUE,10,elitize_generation_data,47,1,0.454,87
49,98,string-lengths-backwards,lexicase,TRUE,10,elitize_generation_data,48,1,0.441,87
50,98,string-lengths-backwards,lexicase,TRUE,10,elitize_generation_data,49,1,0.439,87
51,98,string-lengths-backwards,lexicase,TRUE,10,elitize_generation_data,50,1,0.469,87
52,98,string-lengths-backwards,lexicase,TRUE,10,elitize_generation_data,51,2,0.472,87
53,98,string-lengths-backwards,lexicase,TRUE,10,elitize_generation_data,52,2,0.507,87
54,98,string-lengths-backwards,lexicase,TRUE,10,elitize_generation_data,53,2,0.502,87
55,98,string-lengths-backwards,lexicase,TRUE,10,elitize_generation_data,54,2,0.476,87
56,98,string-lengths-backwards,lexicase,TRUE,10,elitize_generation_data,55,2,0.468,87
57,98,string-lengths-backwards,lexicase,TRUE,10,elitize_generation_data,56,2,0.442,87
58,98,string-lengths-backwards,lexicase,TRUE,10,elitize_generation_data,57,2,0.456,87
59,98,string-lengths-backwards,lexicase,TRUE,10,elitize_generation_data,58,2,0.454,87
60,98,string-lengths-backwards,lexicase,TRUE,10,elitize_generation_data,59,1,0.43,87
61,98,string-lengths-backwards,lexicase,TRUE,10,elitize_generation_data,60,1,0.446,87
62,98,string-lengths-backwards,lexicase,TRUE,10,elitize_generation_data,61,1,0.459,87
63,98,string-lengths-backwards,lexicase,TRUE,10,elitize_generation_data,62,1,0.497,87
64,98,string-lengths-backwards,lexicase,TRUE,10,elitize_generation_data,63,1,0.486,87
65,98,string-lengths-backwards,lexicase,TRUE,10,elitize_generation_data,64,1,0.491,87
66,98,string-lengths-backwards,lexicase,TRUE,10,elitize_generation_data,65,1,0.473,87
67,98,string-lengths-backwards,lexicase,TRUE,10,elitize_generation_data,66,1,0.483,87
68,98,string-lengths-backwards,lexicase,TRUE,10,elitize_generation_data,67,1,0.515,87
69,98,string-lengths-backwards,lexicase,TRUE,10,elitize_generation_data,68,1,0.525,87
70,98,string-lengths-backwards,lexicase,TRUE,10,elitize_generation_data,69,1,0.479,87
71,98,string-lengths-backwards,lexicase,TRUE,10,elitize_generation_data,70,1,0.511,87
72,98,string-lengths-backwards,lexicase,TRUE,10,elitize_generation_data,71,1,0.505,87
73,98,string-lengths-backwards,lexicase,TRUE,10,elitize_generation_data,72,1,0.517,87
74,98,string-lengths-backwards,lexicase,TRUE,10,elitize_generation_data,73,1,0.522,87
75,98,string-lengths-backwards,lexicase,TRUE,10,elitize_generation_data,74,1,0.521,87
76,98,string-lengths-backwards,lexicase,TRUE,10,elitize_generation_data,75,1,0.522,87
77,98,string-lengths-backwards,lexicase,TRUE,10,elitize_generation_data,76,1,0.539,87
78,98,string-lengths-backwards,lexicase,TRUE,10,elitize_generation_data,77,1,0.537,87
79,98,string-lengths-backwards,lexicase,TRUE,10,elitize_generation_data,78,1,0.542,87
80,98,string-lengths-backwards,lexicase,TRUE,10,elitize_generation_data,79,1,0.516,87
81,98,string-lengths-backwards,lexicase,TRUE,10,elitize_generation_data,80,2,0.499,87
82,98,string-lengths-backwards,lexicase,TRUE,10,elitize_generation_data,81,4,0.48,87
83,98,string-lengths-backwards,lexicase,TRUE,10,elitize_generation_data,82,4,0.448,87
84,98,string-lengths-backwards,lexicase,TRUE,10,elitize_generation_data,83,7,0.378,87
85,98,string-lengths-backwards,lexicase,TRUE,10,elitize_generation_data,84,5,0.301,87
86,98,string-lengths-backwards,lexicase,TRUE,10,elitize_generation_data,85,4,0.175,87
87,98,string-lengths-backwards,lexicase,TRUE,10,elitize_generation_data,86,6,0.187,87
88,98,string-lengths-backwards,lexicase,TRUE,10,elitize_generation_data,87,6,0.156,87
