,run.num,problem,treatment,succeeded,height,normalization.function,generation,cluster.count,error.diversity,success.generation
1,46,string-lengths-backwards,lexicase,TRUE,10,elitize_generation_data,0,6,0.249,86
2,46,string-lengths-backwards,lexicase,TRUE,10,elitize_generation_data,1,7,0.101,86
3,46,string-lengths-backwards,lexicase,TRUE,10,elitize_generation_data,2,4,0.187,86
4,46,string-lengths-backwards,lexicase,TRUE,10,elitize_generation_data,3,2,0.291,86
5,46,string-lengths-backwards,lexicase,TRUE,10,elitize_generation_data,4,1,0.391,86
6,46,string-lengths-backwards,lexicase,TRUE,10,elitize_generation_data,5,1,0.44,86
7,46,string-lengths-backwards,lexicase,TRUE,10,elitize_generation_data,6,1,0.501,86
8,46,string-lengths-backwards,lexicase,TRUE,10,elitize_generation_data,7,1,0.494,86
9,46,string-lengths-backwards,lexicase,TRUE,10,elitize_generation_data,8,1,0.516,86
10,46,string-lengths-backwards,lexicase,TRUE,10,elitize_generation_data,9,1,0.529,86
11,46,string-lengths-backwards,lexicase,TRUE,10,elitize_generation_data,10,1,0.524,86
12,46,string-lengths-backwards,lexicase,TRUE,10,elitize_generation_data,11,1,0.547,86
13,46,string-lengths-backwards,lexicase,TRUE,10,elitize_generation_data,12,1,0.528,86
14,46,string-lengths-backwards,lexicase,TRUE,10,elitize_generation_data,13,1,0.531,86
15,46,string-lengths-backwards,lexicase,TRUE,10,elitize_generation_data,14,1,0.568,86
16,46,string-lengths-backwards,lexicase,TRUE,10,elitize_generation_data,15,1,0.558,86
17,46,string-lengths-backwards,lexicase,TRUE,10,elitize_generation_data,16,1,0.561,86
18,46,string-lengths-backwards,lexicase,TRUE,10,elitize_generation_data,17,1,0.593,86
19,46,string-lengths-backwards,lexicase,TRUE,10,elitize_generation_data,18,1,0.594,86
20,46,string-lengths-backwards,lexicase,TRUE,10,elitize_generation_data,19,1,0.589,86
21,46,string-lengths-backwards,lexicase,TRUE,10,elitize_generation_data,20,1,0.616,86
22,46,string-lengths-backwards,lexicase,TRUE,10,elitize_generation_data,21,1,0.615,86
23,46,string-lengths-backwards,lexicase,TRUE,10,elitize_generation_data,22,1,0.616,86
24,46,string-lengths-backwards,lexicase,TRUE,10,elitize_generation_data,23,1,0.604,86
25,46,string-lengths-backwards,lexicase,TRUE,10,elitize_generation_data,24,1,0.621,86
26,46,string-lengths-backwards,lexicase,TRUE,10,elitize_generation_data,25,1,0.626,86
27,46,string-lengths-backwards,lexicase,TRUE,10,elitize_generation_data,26,1,0.612,86
28,46,string-lengths-backwards,lexicase,TRUE,10,elitize_generation_data,27,1,0.637,86
29,46,string-lengths-backwards,lexicase,TRUE,10,elitize_generation_data,28,1,0.641,86
30,46,string-lengths-backwards,lexicase,TRUE,10,elitize_generation_data,29,1,0.613,86
31,46,string-lengths-backwards,lexicase,TRUE,10,elitize_generation_data,30,1,0.614,86
32,46,string-lengths-backwards,lexicase,TRUE,10,elitize_generation_data,31,1,0.637,86
33,46,string-lengths-backwards,lexicase,TRUE,10,elitize_generation_data,32,1,0.624,86
34,46,string-lengths-backwards,lexicase,TRUE,10,elitize_generation_data,33,1,0.602,86
35,46,string-lengths-backwards,lexicase,TRUE,10,elitize_generation_data,34,1,0.624,86
36,46,string-lengths-backwards,lexicase,TRUE,10,elitize_generation_data,35,1,0.608,86
37,46,string-lengths-backwards,lexicase,TRUE,10,elitize_generation_data,36,1,0.635,86
38,46,string-lengths-backwards,lexicase,TRUE,10,elitize_generation_data,37,1,0.635,86
39,46,string-lengths-backwards,lexicase,TRUE,10,elitize_generation_data,38,1,0.657,86
40,46,string-lengths-backwards,lexicase,TRUE,10,elitize_generation_data,39,1,0.635,86
41,46,string-lengths-backwards,lexicase,TRUE,10,elitize_generation_data,40,1,0.639,86
42,46,string-lengths-backwards,lexicase,TRUE,10,elitize_generation_data,41,1,0.613,86
43,46,string-lengths-backwards,lexicase,TRUE,10,elitize_generation_data,42,1,0.627,86
44,46,string-lengths-backwards,lexicase,TRUE,10,elitize_generation_data,43,1,0.611,86
45,46,string-lengths-backwards,lexicase,TRUE,10,elitize_generation_data,44,1,0.623,86
46,46,string-lengths-backwards,lexicase,TRUE,10,elitize_generation_data,45,1,0.635,86
47,46,string-lengths-backwards,lexicase,TRUE,10,elitize_generation_data,46,1,0.654,86
48,46,string-lengths-backwards,lexicase,TRUE,10,elitize_generation_data,47,2,0.632,86
49,46,string-lengths-backwards,lexicase,TRUE,10,elitize_generation_data,48,2,0.64,86
50,46,string-lengths-backwards,lexicase,TRUE,10,elitize_generation_data,49,2,0.629,86
51,46,string-lengths-backwards,lexicase,TRUE,10,elitize_generation_data,50,2,0.612,86
52,46,string-lengths-backwards,lexicase,TRUE,10,elitize_generation_data,51,2,0.627,86
53,46,string-lengths-backwards,lexicase,TRUE,10,elitize_generation_data,52,2,0.65,86
54,46,string-lengths-backwards,lexicase,TRUE,10,elitize_generation_data,53,2,0.62,86
55,46,string-lengths-backwards,lexicase,TRUE,10,elitize_generation_data,54,2,0.619,86
56,46,string-lengths-backwards,lexicase,TRUE,10,elitize_generation_data,55,2,0.607,86
57,46,string-lengths-backwards,lexicase,TRUE,10,elitize_generation_data,56,2,0.619,86
58,46,string-lengths-backwards,lexicase,TRUE,10,elitize_generation_data,57,4,0.621,86
59,46,string-lengths-backwards,lexicase,TRUE,10,elitize_generation_data,58,4,0.636,86
60,46,string-lengths-backwards,lexicase,TRUE,10,elitize_generation_data,59,4,0.606,86
61,46,string-lengths-backwards,lexicase,TRUE,10,elitize_generation_data,60,4,0.631,86
62,46,string-lengths-backwards,lexicase,TRUE,10,elitize_generation_data,61,4,0.609,86
63,46,string-lengths-backwards,lexicase,TRUE,10,elitize_generation_data,62,4,0.612,86
64,46,string-lengths-backwards,lexicase,TRUE,10,elitize_generation_data,63,3,0.579,86
65,46,string-lengths-backwards,lexicase,TRUE,10,elitize_generation_data,64,4,0.606,86
66,46,string-lengths-backwards,lexicase,TRUE,10,elitize_generation_data,65,4,0.59,86
67,46,string-lengths-backwards,lexicase,TRUE,10,elitize_generation_data,66,2,0.613,86
68,46,string-lengths-backwards,lexicase,TRUE,10,elitize_generation_data,67,3,0.607,86
69,46,string-lengths-backwards,lexicase,TRUE,10,elitize_generation_data,68,3,0.593,86
70,46,string-lengths-backwards,lexicase,TRUE,10,elitize_generation_data,69,2,0.619,86
71,46,string-lengths-backwards,lexicase,TRUE,10,elitize_generation_data,70,3,0.587,86
72,46,string-lengths-backwards,lexicase,TRUE,10,elitize_generation_data,71,2,0.595,86
73,46,string-lengths-backwards,lexicase,TRUE,10,elitize_generation_data,72,3,0.296,86
74,46,string-lengths-backwards,lexicase,TRUE,10,elitize_generation_data,73,7,0.327,86
75,46,string-lengths-backwards,lexicase,TRUE,10,elitize_generation_data,74,10,0.256,86
76,46,string-lengths-backwards,lexicase,TRUE,10,elitize_generation_data,75,18,0.305,86
77,46,string-lengths-backwards,lexicase,TRUE,10,elitize_generation_data,76,17,0.412,86
78,46,string-lengths-backwards,lexicase,TRUE,10,elitize_generation_data,77,20,0.464,86
79,46,string-lengths-backwards,lexicase,TRUE,10,elitize_generation_data,78,22,0.453,86
80,46,string-lengths-backwards,lexicase,TRUE,10,elitize_generation_data,79,21,0.466,86
81,46,string-lengths-backwards,lexicase,TRUE,10,elitize_generation_data,80,5,0.454,86
82,46,string-lengths-backwards,lexicase,TRUE,10,elitize_generation_data,81,4,0.251,86
83,46,string-lengths-backwards,lexicase,TRUE,10,elitize_generation_data,82,4,0.224,86
84,46,string-lengths-backwards,lexicase,TRUE,10,elitize_generation_data,83,6,0.215,86
85,46,string-lengths-backwards,lexicase,TRUE,10,elitize_generation_data,84,6,0.158,86
86,46,string-lengths-backwards,lexicase,TRUE,10,elitize_generation_data,85,6,0.157,86
87,46,string-lengths-backwards,lexicase,TRUE,10,elitize_generation_data,86,6,0.173,86
