,run.num,problem,treatment,succeeded,height,normalization.function,generation,cluster.count,error.diversity,success.generation
1,95,string-lengths-backwards,lexicase,FALSE,10,elitize_generation_data,0,6,0.272,NA
2,95,string-lengths-backwards,lexicase,FALSE,10,elitize_generation_data,1,6,0.206,NA
3,95,string-lengths-backwards,lexicase,FALSE,10,elitize_generation_data,2,3,0.395,NA
4,95,string-lengths-backwards,lexicase,FALSE,10,elitize_generation_data,3,3,0.495,NA
5,95,string-lengths-backwards,lexicase,FALSE,10,elitize_generation_data,4,2,0.494,NA
6,95,string-lengths-backwards,lexicase,FALSE,10,elitize_generation_data,5,1,0.565,NA
7,95,string-lengths-backwards,lexicase,FALSE,10,elitize_generation_data,6,7,0.608,NA
8,95,string-lengths-backwards,lexicase,FALSE,10,elitize_generation_data,7,5,0.183,NA
9,95,string-lengths-backwards,lexicase,FALSE,10,elitize_generation_data,8,3,0.222,NA
10,95,string-lengths-backwards,lexicase,FALSE,10,elitize_generation_data,9,3,0.176,NA
11,95,string-lengths-backwards,lexicase,FALSE,10,elitize_generation_data,10,6,0.156,NA
12,95,string-lengths-backwards,lexicase,FALSE,10,elitize_generation_data,11,3,0.181,NA
13,95,string-lengths-backwards,lexicase,FALSE,10,elitize_generation_data,12,3,0.148,NA
14,95,string-lengths-backwards,lexicase,FALSE,10,elitize_generation_data,13,6,0.133,NA
15,95,string-lengths-backwards,lexicase,FALSE,10,elitize_generation_data,14,6,0.125,NA
16,95,string-lengths-backwards,lexicase,FALSE,10,elitize_generation_data,15,7,0.124,NA
17,95,string-lengths-backwards,lexicase,FALSE,10,elitize_generation_data,16,5,0.14,NA
18,95,string-lengths-backwards,lexicase,FALSE,10,elitize_generation_data,17,7,0.133,NA
19,95,string-lengths-backwards,lexicase,FALSE,10,elitize_generation_data,18,6,0.133,NA
20,95,string-lengths-backwards,lexicase,FALSE,10,elitize_generation_data,19,5,0.129,NA
21,95,string-lengths-backwards,lexicase,FALSE,10,elitize_generation_data,20,5,0.127,NA
22,95,string-lengths-backwards,lexicase,FALSE,10,elitize_generation_data,21,7,0.141,NA
23,95,string-lengths-backwards,lexicase,FALSE,10,elitize_generation_data,22,5,0.122,NA
24,95,string-lengths-backwards,lexicase,FALSE,10,elitize_generation_data,23,5,0.122,NA
25,95,string-lengths-backwards,lexicase,FALSE,10,elitize_generation_data,24,6,0.126,NA
26,95,string-lengths-backwards,lexicase,FALSE,10,elitize_generation_data,25,5,0.115,NA
27,95,string-lengths-backwards,lexicase,FALSE,10,elitize_generation_data,26,6,0.129,NA
28,95,string-lengths-backwards,lexicase,FALSE,10,elitize_generation_data,27,8,0.147,NA
29,95,string-lengths-backwards,lexicase,FALSE,10,elitize_generation_data,28,6,0.121,NA
30,95,string-lengths-backwards,lexicase,FALSE,10,elitize_generation_data,29,6,0.112,NA
31,95,string-lengths-backwards,lexicase,FALSE,10,elitize_generation_data,30,8,0.107,NA
32,95,string-lengths-backwards,lexicase,FALSE,10,elitize_generation_data,31,5,0.121,NA
33,95,string-lengths-backwards,lexicase,FALSE,10,elitize_generation_data,32,5,0.131,NA
34,95,string-lengths-backwards,lexicase,FALSE,10,elitize_generation_data,33,6,0.12,NA
35,95,string-lengths-backwards,lexicase,FALSE,10,elitize_generation_data,34,7,0.138,NA
36,95,string-lengths-backwards,lexicase,FALSE,10,elitize_generation_data,35,9,0.135,NA
37,95,string-lengths-backwards,lexicase,FALSE,10,elitize_generation_data,36,6,0.129,NA
38,95,string-lengths-backwards,lexicase,FALSE,10,elitize_generation_data,37,6,0.117,NA
39,95,string-lengths-backwards,lexicase,FALSE,10,elitize_generation_data,38,6,0.122,NA
40,95,string-lengths-backwards,lexicase,FALSE,10,elitize_generation_data,39,5,0.109,NA
41,95,string-lengths-backwards,lexicase,FALSE,10,elitize_generation_data,40,5,0.107,NA
42,95,string-lengths-backwards,lexicase,FALSE,10,elitize_generation_data,41,8,0.106,NA
43,95,string-lengths-backwards,lexicase,FALSE,10,elitize_generation_data,42,4,0.105,NA
44,95,string-lengths-backwards,lexicase,FALSE,10,elitize_generation_data,43,5,0.096,NA
45,95,string-lengths-backwards,lexicase,FALSE,10,elitize_generation_data,44,6,0.13,NA
46,95,string-lengths-backwards,lexicase,FALSE,10,elitize_generation_data,45,6,0.114,NA
47,95,string-lengths-backwards,lexicase,FALSE,10,elitize_generation_data,46,6,0.124,NA
48,95,string-lengths-backwards,lexicase,FALSE,10,elitize_generation_data,47,5,0.131,NA
49,95,string-lengths-backwards,lexicase,FALSE,10,elitize_generation_data,48,4,0.139,NA
50,95,string-lengths-backwards,lexicase,FALSE,10,elitize_generation_data,49,5,0.103,NA
51,95,string-lengths-backwards,lexicase,FALSE,10,elitize_generation_data,50,5,0.123,NA
52,95,string-lengths-backwards,lexicase,FALSE,10,elitize_generation_data,51,7,0.124,NA
53,95,string-lengths-backwards,lexicase,FALSE,10,elitize_generation_data,52,5,0.1,NA
54,95,string-lengths-backwards,lexicase,FALSE,10,elitize_generation_data,53,6,0.119,NA
55,95,string-lengths-backwards,lexicase,FALSE,10,elitize_generation_data,54,6,0.108,NA
56,95,string-lengths-backwards,lexicase,FALSE,10,elitize_generation_data,55,5,0.12,NA
57,95,string-lengths-backwards,lexicase,FALSE,10,elitize_generation_data,56,5,0.11,NA
58,95,string-lengths-backwards,lexicase,FALSE,10,elitize_generation_data,57,6,0.097,NA
59,95,string-lengths-backwards,lexicase,FALSE,10,elitize_generation_data,58,5,0.098,NA
60,95,string-lengths-backwards,lexicase,FALSE,10,elitize_generation_data,59,7,0.105,NA
61,95,string-lengths-backwards,lexicase,FALSE,10,elitize_generation_data,60,5,0.109,NA
62,95,string-lengths-backwards,lexicase,FALSE,10,elitize_generation_data,61,5,0.121,NA
63,95,string-lengths-backwards,lexicase,FALSE,10,elitize_generation_data,62,6,0.104,NA
64,95,string-lengths-backwards,lexicase,FALSE,10,elitize_generation_data,63,6,0.112,NA
65,95,string-lengths-backwards,lexicase,FALSE,10,elitize_generation_data,64,5,0.109,NA
66,95,string-lengths-backwards,lexicase,FALSE,10,elitize_generation_data,65,3,0.091,NA
67,95,string-lengths-backwards,lexicase,FALSE,10,elitize_generation_data,66,5,0.121,NA
68,95,string-lengths-backwards,lexicase,FALSE,10,elitize_generation_data,67,6,0.094,NA
69,95,string-lengths-backwards,lexicase,FALSE,10,elitize_generation_data,68,3,0.106,NA
70,95,string-lengths-backwards,lexicase,FALSE,10,elitize_generation_data,69,6,0.112,NA
71,95,string-lengths-backwards,lexicase,FALSE,10,elitize_generation_data,70,6,0.101,NA
72,95,string-lengths-backwards,lexicase,FALSE,10,elitize_generation_data,71,4,0.098,NA
73,95,string-lengths-backwards,lexicase,FALSE,10,elitize_generation_data,72,6,0.116,NA
74,95,string-lengths-backwards,lexicase,FALSE,10,elitize_generation_data,73,5,0.118,NA
75,95,string-lengths-backwards,lexicase,FALSE,10,elitize_generation_data,74,6,0.119,NA
76,95,string-lengths-backwards,lexicase,FALSE,10,elitize_generation_data,75,3,0.121,NA
77,95,string-lengths-backwards,lexicase,FALSE,10,elitize_generation_data,76,6,0.117,NA
78,95,string-lengths-backwards,lexicase,FALSE,10,elitize_generation_data,77,6,0.119,NA
79,95,string-lengths-backwards,lexicase,FALSE,10,elitize_generation_data,78,5,0.123,NA
80,95,string-lengths-backwards,lexicase,FALSE,10,elitize_generation_data,79,2,0.104,NA
81,95,string-lengths-backwards,lexicase,FALSE,10,elitize_generation_data,80,5,0.114,NA
82,95,string-lengths-backwards,lexicase,FALSE,10,elitize_generation_data,81,5,0.119,NA
83,95,string-lengths-backwards,lexicase,FALSE,10,elitize_generation_data,82,6,0.118,NA
84,95,string-lengths-backwards,lexicase,FALSE,10,elitize_generation_data,83,6,0.114,NA
85,95,string-lengths-backwards,lexicase,FALSE,10,elitize_generation_data,84,5,0.124,NA
86,95,string-lengths-backwards,lexicase,FALSE,10,elitize_generation_data,85,4,0.106,NA
87,95,string-lengths-backwards,lexicase,FALSE,10,elitize_generation_data,86,3,0.116,NA
88,95,string-lengths-backwards,lexicase,FALSE,10,elitize_generation_data,87,4,0.12,NA
89,95,string-lengths-backwards,lexicase,FALSE,10,elitize_generation_data,88,4,0.104,NA
90,95,string-lengths-backwards,lexicase,FALSE,10,elitize_generation_data,89,6,0.111,NA
91,95,string-lengths-backwards,lexicase,FALSE,10,elitize_generation_data,90,6,0.105,NA
92,95,string-lengths-backwards,lexicase,FALSE,10,elitize_generation_data,91,5,0.096,NA
93,95,string-lengths-backwards,lexicase,FALSE,10,elitize_generation_data,92,5,0.102,NA
94,95,string-lengths-backwards,lexicase,FALSE,10,elitize_generation_data,93,5,0.098,NA
95,95,string-lengths-backwards,lexicase,FALSE,10,elitize_generation_data,94,4,0.087,NA
96,95,string-lengths-backwards,lexicase,FALSE,10,elitize_generation_data,95,3,0.096,NA
97,95,string-lengths-backwards,lexicase,FALSE,10,elitize_generation_data,96,4,0.095,NA
98,95,string-lengths-backwards,lexicase,FALSE,10,elitize_generation_data,97,4,0.097,NA
99,95,string-lengths-backwards,lexicase,FALSE,10,elitize_generation_data,98,5,0.1,NA
100,95,string-lengths-backwards,lexicase,FALSE,10,elitize_generation_data,99,4,0.099,NA
101,95,string-lengths-backwards,lexicase,FALSE,10,elitize_generation_data,100,6,0.092,NA
102,95,string-lengths-backwards,lexicase,FALSE,10,elitize_generation_data,101,4,0.091,NA
103,95,string-lengths-backwards,lexicase,FALSE,10,elitize_generation_data,102,6,0.089,NA
104,95,string-lengths-backwards,lexicase,FALSE,10,elitize_generation_data,103,5,0.098,NA
105,95,string-lengths-backwards,lexicase,FALSE,10,elitize_generation_data,104,5,0.093,NA
106,95,string-lengths-backwards,lexicase,FALSE,10,elitize_generation_data,105,6,0.081,NA
107,95,string-lengths-backwards,lexicase,FALSE,10,elitize_generation_data,106,3,0.086,NA
108,95,string-lengths-backwards,lexicase,FALSE,10,elitize_generation_data,107,5,0.093,NA
109,95,string-lengths-backwards,lexicase,FALSE,10,elitize_generation_data,108,5,0.092,NA
110,95,string-lengths-backwards,lexicase,FALSE,10,elitize_generation_data,109,5,0.102,NA
111,95,string-lengths-backwards,lexicase,FALSE,10,elitize_generation_data,110,6,0.123,NA
112,95,string-lengths-backwards,lexicase,FALSE,10,elitize_generation_data,111,6,0.123,NA
113,95,string-lengths-backwards,lexicase,FALSE,10,elitize_generation_data,112,5,0.138,NA
114,95,string-lengths-backwards,lexicase,FALSE,10,elitize_generation_data,113,5,0.149,NA
115,95,string-lengths-backwards,lexicase,FALSE,10,elitize_generation_data,114,6,0.157,NA
116,95,string-lengths-backwards,lexicase,FALSE,10,elitize_generation_data,115,4,0.156,NA
117,95,string-lengths-backwards,lexicase,FALSE,10,elitize_generation_data,116,4,0.195,NA
118,95,string-lengths-backwards,lexicase,FALSE,10,elitize_generation_data,117,4,0.196,NA
119,95,string-lengths-backwards,lexicase,FALSE,10,elitize_generation_data,118,3,0.156,NA
120,95,string-lengths-backwards,lexicase,FALSE,10,elitize_generation_data,119,3,0.165,NA
121,95,string-lengths-backwards,lexicase,FALSE,10,elitize_generation_data,120,3,0.186,NA
122,95,string-lengths-backwards,lexicase,FALSE,10,elitize_generation_data,121,3,0.194,NA
123,95,string-lengths-backwards,lexicase,FALSE,10,elitize_generation_data,122,4,0.192,NA
124,95,string-lengths-backwards,lexicase,FALSE,10,elitize_generation_data,123,4,0.185,NA
125,95,string-lengths-backwards,lexicase,FALSE,10,elitize_generation_data,124,3,0.189,NA
126,95,string-lengths-backwards,lexicase,FALSE,10,elitize_generation_data,125,3,0.2,NA
127,95,string-lengths-backwards,lexicase,FALSE,10,elitize_generation_data,126,3,0.227,NA
128,95,string-lengths-backwards,lexicase,FALSE,10,elitize_generation_data,127,2,0.218,NA
129,95,string-lengths-backwards,lexicase,FALSE,10,elitize_generation_data,128,1,0.211,NA
130,95,string-lengths-backwards,lexicase,FALSE,10,elitize_generation_data,129,2,0.233,NA
131,95,string-lengths-backwards,lexicase,FALSE,10,elitize_generation_data,130,2,0.239,NA
132,95,string-lengths-backwards,lexicase,FALSE,10,elitize_generation_data,131,2,0.258,NA
133,95,string-lengths-backwards,lexicase,FALSE,10,elitize_generation_data,132,2,0.269,NA
134,95,string-lengths-backwards,lexicase,FALSE,10,elitize_generation_data,133,2,0.292,NA
135,95,string-lengths-backwards,lexicase,FALSE,10,elitize_generation_data,134,2,0.279,NA
136,95,string-lengths-backwards,lexicase,FALSE,10,elitize_generation_data,135,2,0.312,NA
137,95,string-lengths-backwards,lexicase,FALSE,10,elitize_generation_data,136,2,0.314,NA
138,95,string-lengths-backwards,lexicase,FALSE,10,elitize_generation_data,137,1,0.317,NA
139,95,string-lengths-backwards,lexicase,FALSE,10,elitize_generation_data,138,2,0.332,NA
140,95,string-lengths-backwards,lexicase,FALSE,10,elitize_generation_data,139,4,0.358,NA
141,95,string-lengths-backwards,lexicase,FALSE,10,elitize_generation_data,140,4,0.416,NA
142,95,string-lengths-backwards,lexicase,FALSE,10,elitize_generation_data,141,5,0.447,NA
143,95,string-lengths-backwards,lexicase,FALSE,10,elitize_generation_data,142,5,0.482,NA
144,95,string-lengths-backwards,lexicase,FALSE,10,elitize_generation_data,143,7,0.49,NA
145,95,string-lengths-backwards,lexicase,FALSE,10,elitize_generation_data,144,7,0.521,NA
146,95,string-lengths-backwards,lexicase,FALSE,10,elitize_generation_data,145,8,0.573,NA
147,95,string-lengths-backwards,lexicase,FALSE,10,elitize_generation_data,146,10,0.583,NA
148,95,string-lengths-backwards,lexicase,FALSE,10,elitize_generation_data,147,9,0.551,NA
149,95,string-lengths-backwards,lexicase,FALSE,10,elitize_generation_data,148,10,0.543,NA
150,95,string-lengths-backwards,lexicase,FALSE,10,elitize_generation_data,149,16,0.556,NA
151,95,string-lengths-backwards,lexicase,FALSE,10,elitize_generation_data,150,26,0.537,NA
152,95,string-lengths-backwards,lexicase,FALSE,10,elitize_generation_data,151,32,0.546,NA
153,95,string-lengths-backwards,lexicase,FALSE,10,elitize_generation_data,152,44,0.538,NA
154,95,string-lengths-backwards,lexicase,FALSE,10,elitize_generation_data,153,47,0.551,NA
155,95,string-lengths-backwards,lexicase,FALSE,10,elitize_generation_data,154,50,0.559,NA
156,95,string-lengths-backwards,lexicase,FALSE,10,elitize_generation_data,155,49,0.557,NA
157,95,string-lengths-backwards,lexicase,FALSE,10,elitize_generation_data,156,58,0.546,NA
158,95,string-lengths-backwards,lexicase,FALSE,10,elitize_generation_data,157,61,0.585,NA
159,95,string-lengths-backwards,lexicase,FALSE,10,elitize_generation_data,158,58,0.596,NA
160,95,string-lengths-backwards,lexicase,FALSE,10,elitize_generation_data,159,54,0.589,NA
161,95,string-lengths-backwards,lexicase,FALSE,10,elitize_generation_data,160,62,0.578,NA
162,95,string-lengths-backwards,lexicase,FALSE,10,elitize_generation_data,161,55,0.603,NA
163,95,string-lengths-backwards,lexicase,FALSE,10,elitize_generation_data,162,69,0.59,NA
164,95,string-lengths-backwards,lexicase,FALSE,10,elitize_generation_data,163,63,0.582,NA
165,95,string-lengths-backwards,lexicase,FALSE,10,elitize_generation_data,164,73,0.571,NA
166,95,string-lengths-backwards,lexicase,FALSE,10,elitize_generation_data,165,76,0.586,NA
167,95,string-lengths-backwards,lexicase,FALSE,10,elitize_generation_data,166,73,0.579,NA
168,95,string-lengths-backwards,lexicase,FALSE,10,elitize_generation_data,167,79,0.588,NA
169,95,string-lengths-backwards,lexicase,FALSE,10,elitize_generation_data,168,68,0.577,NA
170,95,string-lengths-backwards,lexicase,FALSE,10,elitize_generation_data,169,72,0.569,NA
171,95,string-lengths-backwards,lexicase,FALSE,10,elitize_generation_data,170,82,0.572,NA
172,95,string-lengths-backwards,lexicase,FALSE,10,elitize_generation_data,171,70,0.606,NA
173,95,string-lengths-backwards,lexicase,FALSE,10,elitize_generation_data,172,75,0.589,NA
174,95,string-lengths-backwards,lexicase,FALSE,10,elitize_generation_data,173,81,0.588,NA
175,95,string-lengths-backwards,lexicase,FALSE,10,elitize_generation_data,174,71,0.571,NA
176,95,string-lengths-backwards,lexicase,FALSE,10,elitize_generation_data,175,55,0.485,NA
177,95,string-lengths-backwards,lexicase,FALSE,10,elitize_generation_data,176,48,0.431,NA
178,95,string-lengths-backwards,lexicase,FALSE,10,elitize_generation_data,177,45,0.436,NA
179,95,string-lengths-backwards,lexicase,FALSE,10,elitize_generation_data,178,29,0.406,NA
180,95,string-lengths-backwards,lexicase,FALSE,10,elitize_generation_data,179,21,0.363,NA
181,95,string-lengths-backwards,lexicase,FALSE,10,elitize_generation_data,180,21,0.327,NA
182,95,string-lengths-backwards,lexicase,FALSE,10,elitize_generation_data,181,16,0.379,NA
183,95,string-lengths-backwards,lexicase,FALSE,10,elitize_generation_data,182,8,0.368,NA
184,95,string-lengths-backwards,lexicase,FALSE,10,elitize_generation_data,183,17,0.376,NA
185,95,string-lengths-backwards,lexicase,FALSE,10,elitize_generation_data,184,12,0.322,NA
186,95,string-lengths-backwards,lexicase,FALSE,10,elitize_generation_data,185,13,0.32,NA
187,95,string-lengths-backwards,lexicase,FALSE,10,elitize_generation_data,186,12,0.316,NA
188,95,string-lengths-backwards,lexicase,FALSE,10,elitize_generation_data,187,15,0.314,NA
189,95,string-lengths-backwards,lexicase,FALSE,10,elitize_generation_data,188,10,0.342,NA
190,95,string-lengths-backwards,lexicase,FALSE,10,elitize_generation_data,189,10,0.315,NA
191,95,string-lengths-backwards,lexicase,FALSE,10,elitize_generation_data,190,15,0.317,NA
192,95,string-lengths-backwards,lexicase,FALSE,10,elitize_generation_data,191,10,0.334,NA
193,95,string-lengths-backwards,lexicase,FALSE,10,elitize_generation_data,192,11,0.335,NA
194,95,string-lengths-backwards,lexicase,FALSE,10,elitize_generation_data,193,15,0.357,NA
195,95,string-lengths-backwards,lexicase,FALSE,10,elitize_generation_data,194,11,0.345,NA
196,95,string-lengths-backwards,lexicase,FALSE,10,elitize_generation_data,195,13,0.361,NA
197,95,string-lengths-backwards,lexicase,FALSE,10,elitize_generation_data,196,13,0.334,NA
198,95,string-lengths-backwards,lexicase,FALSE,10,elitize_generation_data,197,18,0.357,NA
199,95,string-lengths-backwards,lexicase,FALSE,10,elitize_generation_data,198,17,0.339,NA
200,95,string-lengths-backwards,lexicase,FALSE,10,elitize_generation_data,199,10,0.361,NA
201,95,string-lengths-backwards,lexicase,FALSE,10,elitize_generation_data,200,14,0.353,NA
202,95,string-lengths-backwards,lexicase,FALSE,10,elitize_generation_data,201,13,0.371,NA
203,95,string-lengths-backwards,lexicase,FALSE,10,elitize_generation_data,202,18,0.406,NA
204,95,string-lengths-backwards,lexicase,FALSE,10,elitize_generation_data,203,11,0.373,NA
205,95,string-lengths-backwards,lexicase,FALSE,10,elitize_generation_data,204,11,0.373,NA
206,95,string-lengths-backwards,lexicase,FALSE,10,elitize_generation_data,205,11,0.358,NA
207,95,string-lengths-backwards,lexicase,FALSE,10,elitize_generation_data,206,16,0.314,NA
208,95,string-lengths-backwards,lexicase,FALSE,10,elitize_generation_data,207,12,0.317,NA
209,95,string-lengths-backwards,lexicase,FALSE,10,elitize_generation_data,208,8,0.304,NA
210,95,string-lengths-backwards,lexicase,FALSE,10,elitize_generation_data,209,9,0.3,NA
211,95,string-lengths-backwards,lexicase,FALSE,10,elitize_generation_data,210,11,0.301,NA
212,95,string-lengths-backwards,lexicase,FALSE,10,elitize_generation_data,211,16,0.327,NA
213,95,string-lengths-backwards,lexicase,FALSE,10,elitize_generation_data,212,9,0.307,NA
214,95,string-lengths-backwards,lexicase,FALSE,10,elitize_generation_data,213,12,0.338,NA
215,95,string-lengths-backwards,lexicase,FALSE,10,elitize_generation_data,214,10,0.309,NA
216,95,string-lengths-backwards,lexicase,FALSE,10,elitize_generation_data,215,17,0.324,NA
217,95,string-lengths-backwards,lexicase,FALSE,10,elitize_generation_data,216,14,0.296,NA
218,95,string-lengths-backwards,lexicase,FALSE,10,elitize_generation_data,217,16,0.342,NA
219,95,string-lengths-backwards,lexicase,FALSE,10,elitize_generation_data,218,14,0.352,NA
220,95,string-lengths-backwards,lexicase,FALSE,10,elitize_generation_data,219,14,0.312,NA
221,95,string-lengths-backwards,lexicase,FALSE,10,elitize_generation_data,220,14,0.323,NA
222,95,string-lengths-backwards,lexicase,FALSE,10,elitize_generation_data,221,14,0.339,NA
223,95,string-lengths-backwards,lexicase,FALSE,10,elitize_generation_data,222,21,0.343,NA
224,95,string-lengths-backwards,lexicase,FALSE,10,elitize_generation_data,223,10,0.31,NA
225,95,string-lengths-backwards,lexicase,FALSE,10,elitize_generation_data,224,12,0.303,NA
226,95,string-lengths-backwards,lexicase,FALSE,10,elitize_generation_data,225,15,0.336,NA
227,95,string-lengths-backwards,lexicase,FALSE,10,elitize_generation_data,226,12,0.334,NA
228,95,string-lengths-backwards,lexicase,FALSE,10,elitize_generation_data,227,15,0.317,NA
229,95,string-lengths-backwards,lexicase,FALSE,10,elitize_generation_data,228,16,0.369,NA
230,95,string-lengths-backwards,lexicase,FALSE,10,elitize_generation_data,229,12,0.339,NA
231,95,string-lengths-backwards,lexicase,FALSE,10,elitize_generation_data,230,16,0.321,NA
232,95,string-lengths-backwards,lexicase,FALSE,10,elitize_generation_data,231,16,0.331,NA
233,95,string-lengths-backwards,lexicase,FALSE,10,elitize_generation_data,232,17,0.307,NA
234,95,string-lengths-backwards,lexicase,FALSE,10,elitize_generation_data,233,16,0.345,NA
235,95,string-lengths-backwards,lexicase,FALSE,10,elitize_generation_data,234,14,0.344,NA
236,95,string-lengths-backwards,lexicase,FALSE,10,elitize_generation_data,235,15,0.351,NA
237,95,string-lengths-backwards,lexicase,FALSE,10,elitize_generation_data,236,14,0.32,NA
238,95,string-lengths-backwards,lexicase,FALSE,10,elitize_generation_data,237,14,0.335,NA
239,95,string-lengths-backwards,lexicase,FALSE,10,elitize_generation_data,238,12,0.354,NA
240,95,string-lengths-backwards,lexicase,FALSE,10,elitize_generation_data,239,15,0.349,NA
241,95,string-lengths-backwards,lexicase,FALSE,10,elitize_generation_data,240,14,0.346,NA
242,95,string-lengths-backwards,lexicase,FALSE,10,elitize_generation_data,241,19,0.361,NA
243,95,string-lengths-backwards,lexicase,FALSE,10,elitize_generation_data,242,18,0.354,NA
244,95,string-lengths-backwards,lexicase,FALSE,10,elitize_generation_data,243,15,0.341,NA
245,95,string-lengths-backwards,lexicase,FALSE,10,elitize_generation_data,244,14,0.346,NA
246,95,string-lengths-backwards,lexicase,FALSE,10,elitize_generation_data,245,14,0.348,NA
247,95,string-lengths-backwards,lexicase,FALSE,10,elitize_generation_data,246,12,0.35,NA
248,95,string-lengths-backwards,lexicase,FALSE,10,elitize_generation_data,247,15,0.326,NA
249,95,string-lengths-backwards,lexicase,FALSE,10,elitize_generation_data,248,17,0.346,NA
250,95,string-lengths-backwards,lexicase,FALSE,10,elitize_generation_data,249,19,0.343,NA
251,95,string-lengths-backwards,lexicase,FALSE,10,elitize_generation_data,250,13,0.353,NA
252,95,string-lengths-backwards,lexicase,FALSE,10,elitize_generation_data,251,10,0.356,NA
253,95,string-lengths-backwards,lexicase,FALSE,10,elitize_generation_data,252,13,0.335,NA
254,95,string-lengths-backwards,lexicase,FALSE,10,elitize_generation_data,253,18,0.356,NA
255,95,string-lengths-backwards,lexicase,FALSE,10,elitize_generation_data,254,17,0.393,NA
256,95,string-lengths-backwards,lexicase,FALSE,10,elitize_generation_data,255,15,0.334,NA
257,95,string-lengths-backwards,lexicase,FALSE,10,elitize_generation_data,256,14,0.348,NA
258,95,string-lengths-backwards,lexicase,FALSE,10,elitize_generation_data,257,18,0.345,NA
259,95,string-lengths-backwards,lexicase,FALSE,10,elitize_generation_data,258,13,0.36,NA
260,95,string-lengths-backwards,lexicase,FALSE,10,elitize_generation_data,259,16,0.355,NA
261,95,string-lengths-backwards,lexicase,FALSE,10,elitize_generation_data,260,14,0.325,NA
262,95,string-lengths-backwards,lexicase,FALSE,10,elitize_generation_data,261,12,0.36,NA
263,95,string-lengths-backwards,lexicase,FALSE,10,elitize_generation_data,262,15,0.343,NA
264,95,string-lengths-backwards,lexicase,FALSE,10,elitize_generation_data,263,12,0.335,NA
265,95,string-lengths-backwards,lexicase,FALSE,10,elitize_generation_data,264,15,0.368,NA
266,95,string-lengths-backwards,lexicase,FALSE,10,elitize_generation_data,265,12,0.336,NA
267,95,string-lengths-backwards,lexicase,FALSE,10,elitize_generation_data,266,13,0.338,NA
268,95,string-lengths-backwards,lexicase,FALSE,10,elitize_generation_data,267,18,0.329,NA
269,95,string-lengths-backwards,lexicase,FALSE,10,elitize_generation_data,268,12,0.329,NA
270,95,string-lengths-backwards,lexicase,FALSE,10,elitize_generation_data,269,9,0.35,NA
271,95,string-lengths-backwards,lexicase,FALSE,10,elitize_generation_data,270,18,0.339,NA
272,95,string-lengths-backwards,lexicase,FALSE,10,elitize_generation_data,271,13,0.352,NA
273,95,string-lengths-backwards,lexicase,FALSE,10,elitize_generation_data,272,18,0.343,NA
274,95,string-lengths-backwards,lexicase,FALSE,10,elitize_generation_data,273,19,0.343,NA
275,95,string-lengths-backwards,lexicase,FALSE,10,elitize_generation_data,274,17,0.354,NA
276,95,string-lengths-backwards,lexicase,FALSE,10,elitize_generation_data,275,15,0.352,NA
277,95,string-lengths-backwards,lexicase,FALSE,10,elitize_generation_data,276,20,0.382,NA
278,95,string-lengths-backwards,lexicase,FALSE,10,elitize_generation_data,277,15,0.336,NA
279,95,string-lengths-backwards,lexicase,FALSE,10,elitize_generation_data,278,15,0.35,NA
280,95,string-lengths-backwards,lexicase,FALSE,10,elitize_generation_data,279,19,0.322,NA
281,95,string-lengths-backwards,lexicase,FALSE,10,elitize_generation_data,280,18,0.338,NA
282,95,string-lengths-backwards,lexicase,FALSE,10,elitize_generation_data,281,15,0.356,NA
283,95,string-lengths-backwards,lexicase,FALSE,10,elitize_generation_data,282,11,0.341,NA
284,95,string-lengths-backwards,lexicase,FALSE,10,elitize_generation_data,283,13,0.351,NA
285,95,string-lengths-backwards,lexicase,FALSE,10,elitize_generation_data,284,21,0.344,NA
286,95,string-lengths-backwards,lexicase,FALSE,10,elitize_generation_data,285,12,0.353,NA
287,95,string-lengths-backwards,lexicase,FALSE,10,elitize_generation_data,286,13,0.353,NA
288,95,string-lengths-backwards,lexicase,FALSE,10,elitize_generation_data,287,18,0.356,NA
289,95,string-lengths-backwards,lexicase,FALSE,10,elitize_generation_data,288,16,0.358,NA
290,95,string-lengths-backwards,lexicase,FALSE,10,elitize_generation_data,289,15,0.368,NA
291,95,string-lengths-backwards,lexicase,FALSE,10,elitize_generation_data,290,17,0.345,NA
292,95,string-lengths-backwards,lexicase,FALSE,10,elitize_generation_data,291,18,0.356,NA
293,95,string-lengths-backwards,lexicase,FALSE,10,elitize_generation_data,292,14,0.328,NA
294,95,string-lengths-backwards,lexicase,FALSE,10,elitize_generation_data,293,12,0.337,NA
295,95,string-lengths-backwards,lexicase,FALSE,10,elitize_generation_data,294,15,0.338,NA
296,95,string-lengths-backwards,lexicase,FALSE,10,elitize_generation_data,295,9,0.31,NA
297,95,string-lengths-backwards,lexicase,FALSE,10,elitize_generation_data,296,11,0.342,NA
298,95,string-lengths-backwards,lexicase,FALSE,10,elitize_generation_data,297,12,0.373,NA
299,95,string-lengths-backwards,lexicase,FALSE,10,elitize_generation_data,298,11,0.333,NA
300,95,string-lengths-backwards,lexicase,FALSE,10,elitize_generation_data,299,12,0.323,NA
301,95,string-lengths-backwards,lexicase,FALSE,10,elitize_generation_data,300,13,0.355,NA
