,run.num,problem,treatment,succeeded,height,normalization.function,generation,cluster.count,error.diversity,success.generation
1,87,string-lengths-backwards,lexicase,TRUE,10,elitize_generation_data,0,5,0.268,62
2,87,string-lengths-backwards,lexicase,TRUE,10,elitize_generation_data,1,8,0.135,62
3,87,string-lengths-backwards,lexicase,TRUE,10,elitize_generation_data,2,9,0.153,62
4,87,string-lengths-backwards,lexicase,TRUE,10,elitize_generation_data,3,11,0.231,62
5,87,string-lengths-backwards,lexicase,TRUE,10,elitize_generation_data,4,7,0.306,62
6,87,string-lengths-backwards,lexicase,TRUE,10,elitize_generation_data,5,3,0.4,62
7,87,string-lengths-backwards,lexicase,TRUE,10,elitize_generation_data,6,1,0.446,62
8,87,string-lengths-backwards,lexicase,TRUE,10,elitize_generation_data,7,2,0.484,62
9,87,string-lengths-backwards,lexicase,TRUE,10,elitize_generation_data,8,4,0.594,62
10,87,string-lengths-backwards,lexicase,TRUE,10,elitize_generation_data,9,9,0.617,62
11,87,string-lengths-backwards,lexicase,TRUE,10,elitize_generation_data,10,5,0.63,62
12,87,string-lengths-backwards,lexicase,TRUE,10,elitize_generation_data,11,9,0.428,62
13,87,string-lengths-backwards,lexicase,TRUE,10,elitize_generation_data,12,12,0.378,62
14,87,string-lengths-backwards,lexicase,TRUE,10,elitize_generation_data,13,5,0.343,62
15,87,string-lengths-backwards,lexicase,TRUE,10,elitize_generation_data,14,7,0.527,62
16,87,string-lengths-backwards,lexicase,TRUE,10,elitize_generation_data,15,4,0.335,62
17,87,string-lengths-backwards,lexicase,TRUE,10,elitize_generation_data,16,9,0.479,62
18,87,string-lengths-backwards,lexicase,TRUE,10,elitize_generation_data,17,7,0.469,62
19,87,string-lengths-backwards,lexicase,TRUE,10,elitize_generation_data,18,7,0.61,62
20,87,string-lengths-backwards,lexicase,TRUE,10,elitize_generation_data,19,4,0.428,62
21,87,string-lengths-backwards,lexicase,TRUE,10,elitize_generation_data,20,8,0.438,62
22,87,string-lengths-backwards,lexicase,TRUE,10,elitize_generation_data,21,4,0.468,62
23,87,string-lengths-backwards,lexicase,TRUE,10,elitize_generation_data,22,5,0.48,62
24,87,string-lengths-backwards,lexicase,TRUE,10,elitize_generation_data,23,4,0.495,62
25,87,string-lengths-backwards,lexicase,TRUE,10,elitize_generation_data,24,4,0.435,62
26,87,string-lengths-backwards,lexicase,TRUE,10,elitize_generation_data,25,4,0.499,62
27,87,string-lengths-backwards,lexicase,TRUE,10,elitize_generation_data,26,4,0.468,62
28,87,string-lengths-backwards,lexicase,TRUE,10,elitize_generation_data,27,5,0.464,62
29,87,string-lengths-backwards,lexicase,TRUE,10,elitize_generation_data,28,5,0.495,62
30,87,string-lengths-backwards,lexicase,TRUE,10,elitize_generation_data,29,3,0.474,62
31,87,string-lengths-backwards,lexicase,TRUE,10,elitize_generation_data,30,5,0.51,62
32,87,string-lengths-backwards,lexicase,TRUE,10,elitize_generation_data,31,7,0.522,62
33,87,string-lengths-backwards,lexicase,TRUE,10,elitize_generation_data,32,6,0.53,62
34,87,string-lengths-backwards,lexicase,TRUE,10,elitize_generation_data,33,6,0.497,62
35,87,string-lengths-backwards,lexicase,TRUE,10,elitize_generation_data,34,6,0.521,62
36,87,string-lengths-backwards,lexicase,TRUE,10,elitize_generation_data,35,7,0.503,62
37,87,string-lengths-backwards,lexicase,TRUE,10,elitize_generation_data,36,8,0.486,62
38,87,string-lengths-backwards,lexicase,TRUE,10,elitize_generation_data,37,6,0.478,62
39,87,string-lengths-backwards,lexicase,TRUE,10,elitize_generation_data,38,6,0.52,62
40,87,string-lengths-backwards,lexicase,TRUE,10,elitize_generation_data,39,5,0.5,62
41,87,string-lengths-backwards,lexicase,TRUE,10,elitize_generation_data,40,4,0.516,62
42,87,string-lengths-backwards,lexicase,TRUE,10,elitize_generation_data,41,4,0.569,62
43,87,string-lengths-backwards,lexicase,TRUE,10,elitize_generation_data,42,4,0.522,62
44,87,string-lengths-backwards,lexicase,TRUE,10,elitize_generation_data,43,4,0.506,62
45,87,string-lengths-backwards,lexicase,TRUE,10,elitize_generation_data,44,3,0.526,62
46,87,string-lengths-backwards,lexicase,TRUE,10,elitize_generation_data,45,3,0.533,62
47,87,string-lengths-backwards,lexicase,TRUE,10,elitize_generation_data,46,4,0.516,62
48,87,string-lengths-backwards,lexicase,TRUE,10,elitize_generation_data,47,2,0.534,62
49,87,string-lengths-backwards,lexicase,TRUE,10,elitize_generation_data,48,3,0.544,62
50,87,string-lengths-backwards,lexicase,TRUE,10,elitize_generation_data,49,3,0.543,62
51,87,string-lengths-backwards,lexicase,TRUE,10,elitize_generation_data,50,3,0.535,62
52,87,string-lengths-backwards,lexicase,TRUE,10,elitize_generation_data,51,3,0.519,62
53,87,string-lengths-backwards,lexicase,TRUE,10,elitize_generation_data,52,3,0.534,62
54,87,string-lengths-backwards,lexicase,TRUE,10,elitize_generation_data,53,2,0.566,62
55,87,string-lengths-backwards,lexicase,TRUE,10,elitize_generation_data,54,3,0.526,62
56,87,string-lengths-backwards,lexicase,TRUE,10,elitize_generation_data,55,3,0.542,62
57,87,string-lengths-backwards,lexicase,TRUE,10,elitize_generation_data,56,3,0.578,62
58,87,string-lengths-backwards,lexicase,TRUE,10,elitize_generation_data,57,2,0.571,62
59,87,string-lengths-backwards,lexicase,TRUE,10,elitize_generation_data,58,2,0.503,62
60,87,string-lengths-backwards,lexicase,TRUE,10,elitize_generation_data,59,3,0.549,62
61,87,string-lengths-backwards,lexicase,TRUE,10,elitize_generation_data,60,2,0.539,62
62,87,string-lengths-backwards,lexicase,TRUE,10,elitize_generation_data,61,4,0.548,62
63,87,string-lengths-backwards,lexicase,TRUE,10,elitize_generation_data,62,4,0.269,62
