,run.num,problem,treatment,succeeded,height,normalization.function,generation,cluster.count,error.diversity,success.generation
1,75,string-lengths-backwards,lexicase,TRUE,10,elitize_generation_data,0,5,0.262,167
2,75,string-lengths-backwards,lexicase,TRUE,10,elitize_generation_data,1,7,0.112,167
3,75,string-lengths-backwards,lexicase,TRUE,10,elitize_generation_data,2,6,0.25,167
4,75,string-lengths-backwards,lexicase,TRUE,10,elitize_generation_data,3,2,0.258,167
5,75,string-lengths-backwards,lexicase,TRUE,10,elitize_generation_data,4,2,0.345,167
6,75,string-lengths-backwards,lexicase,TRUE,10,elitize_generation_data,5,2,0.375,167
7,75,string-lengths-backwards,lexicase,TRUE,10,elitize_generation_data,6,1,0.447,167
8,75,string-lengths-backwards,lexicase,TRUE,10,elitize_generation_data,7,1,0.464,167
9,75,string-lengths-backwards,lexicase,TRUE,10,elitize_generation_data,8,1,0.487,167
10,75,string-lengths-backwards,lexicase,TRUE,10,elitize_generation_data,9,1,0.537,167
11,75,string-lengths-backwards,lexicase,TRUE,10,elitize_generation_data,10,1,0.557,167
12,75,string-lengths-backwards,lexicase,TRUE,10,elitize_generation_data,11,1,0.603,167
13,75,string-lengths-backwards,lexicase,TRUE,10,elitize_generation_data,12,1,0.583,167
14,75,string-lengths-backwards,lexicase,TRUE,10,elitize_generation_data,13,1,0.635,167
15,75,string-lengths-backwards,lexicase,TRUE,10,elitize_generation_data,14,1,0.629,167
16,75,string-lengths-backwards,lexicase,TRUE,10,elitize_generation_data,15,1,0.619,167
17,75,string-lengths-backwards,lexicase,TRUE,10,elitize_generation_data,16,1,0.593,167
18,75,string-lengths-backwards,lexicase,TRUE,10,elitize_generation_data,17,1,0.622,167
19,75,string-lengths-backwards,lexicase,TRUE,10,elitize_generation_data,18,1,0.608,167
20,75,string-lengths-backwards,lexicase,TRUE,10,elitize_generation_data,19,1,0.625,167
21,75,string-lengths-backwards,lexicase,TRUE,10,elitize_generation_data,20,1,0.628,167
22,75,string-lengths-backwards,lexicase,TRUE,10,elitize_generation_data,21,1,0.595,167
23,75,string-lengths-backwards,lexicase,TRUE,10,elitize_generation_data,22,1,0.604,167
24,75,string-lengths-backwards,lexicase,TRUE,10,elitize_generation_data,23,1,0.599,167
25,75,string-lengths-backwards,lexicase,TRUE,10,elitize_generation_data,24,1,0.623,167
26,75,string-lengths-backwards,lexicase,TRUE,10,elitize_generation_data,25,1,0.642,167
27,75,string-lengths-backwards,lexicase,TRUE,10,elitize_generation_data,26,1,0.646,167
28,75,string-lengths-backwards,lexicase,TRUE,10,elitize_generation_data,27,1,0.613,167
29,75,string-lengths-backwards,lexicase,TRUE,10,elitize_generation_data,28,1,0.611,167
30,75,string-lengths-backwards,lexicase,TRUE,10,elitize_generation_data,29,1,0.643,167
31,75,string-lengths-backwards,lexicase,TRUE,10,elitize_generation_data,30,1,0.637,167
32,75,string-lengths-backwards,lexicase,TRUE,10,elitize_generation_data,31,1,0.626,167
33,75,string-lengths-backwards,lexicase,TRUE,10,elitize_generation_data,32,1,0.608,167
34,75,string-lengths-backwards,lexicase,TRUE,10,elitize_generation_data,33,1,0.626,167
35,75,string-lengths-backwards,lexicase,TRUE,10,elitize_generation_data,34,1,0.587,167
36,75,string-lengths-backwards,lexicase,TRUE,10,elitize_generation_data,35,1,0.649,167
37,75,string-lengths-backwards,lexicase,TRUE,10,elitize_generation_data,36,1,0.63,167
38,75,string-lengths-backwards,lexicase,TRUE,10,elitize_generation_data,37,1,0.654,167
39,75,string-lengths-backwards,lexicase,TRUE,10,elitize_generation_data,38,1,0.641,167
40,75,string-lengths-backwards,lexicase,TRUE,10,elitize_generation_data,39,1,0.669,167
41,75,string-lengths-backwards,lexicase,TRUE,10,elitize_generation_data,40,1,0.635,167
42,75,string-lengths-backwards,lexicase,TRUE,10,elitize_generation_data,41,1,0.635,167
43,75,string-lengths-backwards,lexicase,TRUE,10,elitize_generation_data,42,1,0.645,167
44,75,string-lengths-backwards,lexicase,TRUE,10,elitize_generation_data,43,1,0.662,167
45,75,string-lengths-backwards,lexicase,TRUE,10,elitize_generation_data,44,1,0.665,167
46,75,string-lengths-backwards,lexicase,TRUE,10,elitize_generation_data,45,1,0.67,167
47,75,string-lengths-backwards,lexicase,TRUE,10,elitize_generation_data,46,1,0.646,167
48,75,string-lengths-backwards,lexicase,TRUE,10,elitize_generation_data,47,1,0.631,167
49,75,string-lengths-backwards,lexicase,TRUE,10,elitize_generation_data,48,1,0.669,167
50,75,string-lengths-backwards,lexicase,TRUE,10,elitize_generation_data,49,1,0.645,167
51,75,string-lengths-backwards,lexicase,TRUE,10,elitize_generation_data,50,1,0.657,167
52,75,string-lengths-backwards,lexicase,TRUE,10,elitize_generation_data,51,1,0.662,167
53,75,string-lengths-backwards,lexicase,TRUE,10,elitize_generation_data,52,1,0.665,167
54,75,string-lengths-backwards,lexicase,TRUE,10,elitize_generation_data,53,1,0.655,167
55,75,string-lengths-backwards,lexicase,TRUE,10,elitize_generation_data,54,1,0.653,167
56,75,string-lengths-backwards,lexicase,TRUE,10,elitize_generation_data,55,1,0.659,167
57,75,string-lengths-backwards,lexicase,TRUE,10,elitize_generation_data,56,1,0.645,167
58,75,string-lengths-backwards,lexicase,TRUE,10,elitize_generation_data,57,1,0.642,167
59,75,string-lengths-backwards,lexicase,TRUE,10,elitize_generation_data,58,1,0.661,167
60,75,string-lengths-backwards,lexicase,TRUE,10,elitize_generation_data,59,1,0.655,167
61,75,string-lengths-backwards,lexicase,TRUE,10,elitize_generation_data,60,1,0.659,167
62,75,string-lengths-backwards,lexicase,TRUE,10,elitize_generation_data,61,1,0.636,167
63,75,string-lengths-backwards,lexicase,TRUE,10,elitize_generation_data,62,3,0.637,167
64,75,string-lengths-backwards,lexicase,TRUE,10,elitize_generation_data,63,1,0.574,167
65,75,string-lengths-backwards,lexicase,TRUE,10,elitize_generation_data,64,3,0.577,167
66,75,string-lengths-backwards,lexicase,TRUE,10,elitize_generation_data,65,3,0.55,167
67,75,string-lengths-backwards,lexicase,TRUE,10,elitize_generation_data,66,4,0.527,167
68,75,string-lengths-backwards,lexicase,TRUE,10,elitize_generation_data,67,5,0.398,167
69,75,string-lengths-backwards,lexicase,TRUE,10,elitize_generation_data,68,4,0.412,167
70,75,string-lengths-backwards,lexicase,TRUE,10,elitize_generation_data,69,3,0.408,167
71,75,string-lengths-backwards,lexicase,TRUE,10,elitize_generation_data,70,4,0.389,167
72,75,string-lengths-backwards,lexicase,TRUE,10,elitize_generation_data,71,2,0.377,167
73,75,string-lengths-backwards,lexicase,TRUE,10,elitize_generation_data,72,2,0.348,167
74,75,string-lengths-backwards,lexicase,TRUE,10,elitize_generation_data,73,2,0.398,167
75,75,string-lengths-backwards,lexicase,TRUE,10,elitize_generation_data,74,2,0.413,167
76,75,string-lengths-backwards,lexicase,TRUE,10,elitize_generation_data,75,1,0.422,167
77,75,string-lengths-backwards,lexicase,TRUE,10,elitize_generation_data,76,1,0.433,167
78,75,string-lengths-backwards,lexicase,TRUE,10,elitize_generation_data,77,1,0.453,167
79,75,string-lengths-backwards,lexicase,TRUE,10,elitize_generation_data,78,1,0.457,167
80,75,string-lengths-backwards,lexicase,TRUE,10,elitize_generation_data,79,1,0.443,167
81,75,string-lengths-backwards,lexicase,TRUE,10,elitize_generation_data,80,1,0.45,167
82,75,string-lengths-backwards,lexicase,TRUE,10,elitize_generation_data,81,1,0.435,167
83,75,string-lengths-backwards,lexicase,TRUE,10,elitize_generation_data,82,1,0.471,167
84,75,string-lengths-backwards,lexicase,TRUE,10,elitize_generation_data,83,1,0.454,167
85,75,string-lengths-backwards,lexicase,TRUE,10,elitize_generation_data,84,1,0.447,167
86,75,string-lengths-backwards,lexicase,TRUE,10,elitize_generation_data,85,1,0.449,167
87,75,string-lengths-backwards,lexicase,TRUE,10,elitize_generation_data,86,1,0.474,167
88,75,string-lengths-backwards,lexicase,TRUE,10,elitize_generation_data,87,1,0.447,167
89,75,string-lengths-backwards,lexicase,TRUE,10,elitize_generation_data,88,1,0.464,167
90,75,string-lengths-backwards,lexicase,TRUE,10,elitize_generation_data,89,2,0.512,167
91,75,string-lengths-backwards,lexicase,TRUE,10,elitize_generation_data,90,3,0.433,167
92,75,string-lengths-backwards,lexicase,TRUE,10,elitize_generation_data,91,3,0.447,167
93,75,string-lengths-backwards,lexicase,TRUE,10,elitize_generation_data,92,4,0.444,167
94,75,string-lengths-backwards,lexicase,TRUE,10,elitize_generation_data,93,4,0.448,167
95,75,string-lengths-backwards,lexicase,TRUE,10,elitize_generation_data,94,5,0.48,167
96,75,string-lengths-backwards,lexicase,TRUE,10,elitize_generation_data,95,6,0.465,167
97,75,string-lengths-backwards,lexicase,TRUE,10,elitize_generation_data,96,6,0.478,167
98,75,string-lengths-backwards,lexicase,TRUE,10,elitize_generation_data,97,6,0.485,167
99,75,string-lengths-backwards,lexicase,TRUE,10,elitize_generation_data,98,7,0.447,167
100,75,string-lengths-backwards,lexicase,TRUE,10,elitize_generation_data,99,8,0.484,167
101,75,string-lengths-backwards,lexicase,TRUE,10,elitize_generation_data,100,7,0.505,167
102,75,string-lengths-backwards,lexicase,TRUE,10,elitize_generation_data,101,10,0.549,167
103,75,string-lengths-backwards,lexicase,TRUE,10,elitize_generation_data,102,16,0.567,167
104,75,string-lengths-backwards,lexicase,TRUE,10,elitize_generation_data,103,30,0.561,167
105,75,string-lengths-backwards,lexicase,TRUE,10,elitize_generation_data,104,34,0.507,167
106,75,string-lengths-backwards,lexicase,TRUE,10,elitize_generation_data,105,42,0.481,167
107,75,string-lengths-backwards,lexicase,TRUE,10,elitize_generation_data,106,29,0.392,167
108,75,string-lengths-backwards,lexicase,TRUE,10,elitize_generation_data,107,20,0.349,167
109,75,string-lengths-backwards,lexicase,TRUE,10,elitize_generation_data,108,14,0.312,167
110,75,string-lengths-backwards,lexicase,TRUE,10,elitize_generation_data,109,14,0.345,167
111,75,string-lengths-backwards,lexicase,TRUE,10,elitize_generation_data,110,11,0.287,167
112,75,string-lengths-backwards,lexicase,TRUE,10,elitize_generation_data,111,13,0.312,167
113,75,string-lengths-backwards,lexicase,TRUE,10,elitize_generation_data,112,12,0.256,167
114,75,string-lengths-backwards,lexicase,TRUE,10,elitize_generation_data,113,13,0.242,167
115,75,string-lengths-backwards,lexicase,TRUE,10,elitize_generation_data,114,13,0.301,167
116,75,string-lengths-backwards,lexicase,TRUE,10,elitize_generation_data,115,12,0.241,167
117,75,string-lengths-backwards,lexicase,TRUE,10,elitize_generation_data,116,15,0.236,167
118,75,string-lengths-backwards,lexicase,TRUE,10,elitize_generation_data,117,13,0.217,167
119,75,string-lengths-backwards,lexicase,TRUE,10,elitize_generation_data,118,15,0.239,167
120,75,string-lengths-backwards,lexicase,TRUE,10,elitize_generation_data,119,13,0.279,167
121,75,string-lengths-backwards,lexicase,TRUE,10,elitize_generation_data,120,13,0.268,167
122,75,string-lengths-backwards,lexicase,TRUE,10,elitize_generation_data,121,17,0.282,167
123,75,string-lengths-backwards,lexicase,TRUE,10,elitize_generation_data,122,17,0.282,167
124,75,string-lengths-backwards,lexicase,TRUE,10,elitize_generation_data,123,16,0.291,167
125,75,string-lengths-backwards,lexicase,TRUE,10,elitize_generation_data,124,15,0.285,167
126,75,string-lengths-backwards,lexicase,TRUE,10,elitize_generation_data,125,16,0.287,167
127,75,string-lengths-backwards,lexicase,TRUE,10,elitize_generation_data,126,11,0.272,167
128,75,string-lengths-backwards,lexicase,TRUE,10,elitize_generation_data,127,13,0.336,167
129,75,string-lengths-backwards,lexicase,TRUE,10,elitize_generation_data,128,14,0.352,167
130,75,string-lengths-backwards,lexicase,TRUE,10,elitize_generation_data,129,12,0.344,167
131,75,string-lengths-backwards,lexicase,TRUE,10,elitize_generation_data,130,17,0.347,167
132,75,string-lengths-backwards,lexicase,TRUE,10,elitize_generation_data,131,13,0.363,167
133,75,string-lengths-backwards,lexicase,TRUE,10,elitize_generation_data,132,12,0.341,167
134,75,string-lengths-backwards,lexicase,TRUE,10,elitize_generation_data,133,13,0.357,167
135,75,string-lengths-backwards,lexicase,TRUE,10,elitize_generation_data,134,12,0.348,167
136,75,string-lengths-backwards,lexicase,TRUE,10,elitize_generation_data,135,14,0.338,167
137,75,string-lengths-backwards,lexicase,TRUE,10,elitize_generation_data,136,14,0.347,167
138,75,string-lengths-backwards,lexicase,TRUE,10,elitize_generation_data,137,15,0.388,167
139,75,string-lengths-backwards,lexicase,TRUE,10,elitize_generation_data,138,13,0.423,167
140,75,string-lengths-backwards,lexicase,TRUE,10,elitize_generation_data,139,12,0.421,167
141,75,string-lengths-backwards,lexicase,TRUE,10,elitize_generation_data,140,14,0.417,167
142,75,string-lengths-backwards,lexicase,TRUE,10,elitize_generation_data,141,13,0.42,167
143,75,string-lengths-backwards,lexicase,TRUE,10,elitize_generation_data,142,14,0.45,167
144,75,string-lengths-backwards,lexicase,TRUE,10,elitize_generation_data,143,13,0.445,167
145,75,string-lengths-backwards,lexicase,TRUE,10,elitize_generation_data,144,12,0.514,167
146,75,string-lengths-backwards,lexicase,TRUE,10,elitize_generation_data,145,11,0.513,167
147,75,string-lengths-backwards,lexicase,TRUE,10,elitize_generation_data,146,16,0.541,167
148,75,string-lengths-backwards,lexicase,TRUE,10,elitize_generation_data,147,17,0.564,167
149,75,string-lengths-backwards,lexicase,TRUE,10,elitize_generation_data,148,15,0.577,167
150,75,string-lengths-backwards,lexicase,TRUE,10,elitize_generation_data,149,17,0.558,167
151,75,string-lengths-backwards,lexicase,TRUE,10,elitize_generation_data,150,19,0.598,167
152,75,string-lengths-backwards,lexicase,TRUE,10,elitize_generation_data,151,17,0.603,167
153,75,string-lengths-backwards,lexicase,TRUE,10,elitize_generation_data,152,26,0.599,167
154,75,string-lengths-backwards,lexicase,TRUE,10,elitize_generation_data,153,19,0.613,167
155,75,string-lengths-backwards,lexicase,TRUE,10,elitize_generation_data,154,23,0.612,167
156,75,string-lengths-backwards,lexicase,TRUE,10,elitize_generation_data,155,21,0.631,167
157,75,string-lengths-backwards,lexicase,TRUE,10,elitize_generation_data,156,22,0.621,167
158,75,string-lengths-backwards,lexicase,TRUE,10,elitize_generation_data,157,25,0.625,167
159,75,string-lengths-backwards,lexicase,TRUE,10,elitize_generation_data,158,22,0.638,167
160,75,string-lengths-backwards,lexicase,TRUE,10,elitize_generation_data,159,26,0.637,167
161,75,string-lengths-backwards,lexicase,TRUE,10,elitize_generation_data,160,23,0.652,167
162,75,string-lengths-backwards,lexicase,TRUE,10,elitize_generation_data,161,19,0.642,167
163,75,string-lengths-backwards,lexicase,TRUE,10,elitize_generation_data,162,28,0.663,167
164,75,string-lengths-backwards,lexicase,TRUE,10,elitize_generation_data,163,25,0.646,167
165,75,string-lengths-backwards,lexicase,TRUE,10,elitize_generation_data,164,24,0.665,167
166,75,string-lengths-backwards,lexicase,TRUE,10,elitize_generation_data,165,23,0.63,167
167,75,string-lengths-backwards,lexicase,TRUE,10,elitize_generation_data,166,15,0.423,167
168,75,string-lengths-backwards,lexicase,TRUE,10,elitize_generation_data,167,7,0.324,167
