,run.num,problem,treatment,succeeded,height,normalization.function,generation,cluster.count,error.diversity,success.generation
1,37,string-lengths-backwards,lexicase,TRUE,10,elitize_generation_data,0,5,0.24,168
2,37,string-lengths-backwards,lexicase,TRUE,10,elitize_generation_data,1,7,0.124,168
3,37,string-lengths-backwards,lexicase,TRUE,10,elitize_generation_data,2,4,0.235,168
4,37,string-lengths-backwards,lexicase,TRUE,10,elitize_generation_data,3,3,0.338,168
5,37,string-lengths-backwards,lexicase,TRUE,10,elitize_generation_data,4,2,0.437,168
6,37,string-lengths-backwards,lexicase,TRUE,10,elitize_generation_data,5,2,0.476,168
7,37,string-lengths-backwards,lexicase,TRUE,10,elitize_generation_data,6,1,0.489,168
8,37,string-lengths-backwards,lexicase,TRUE,10,elitize_generation_data,7,1,0.552,168
9,37,string-lengths-backwards,lexicase,TRUE,10,elitize_generation_data,8,1,0.568,168
10,37,string-lengths-backwards,lexicase,TRUE,10,elitize_generation_data,9,1,0.561,168
11,37,string-lengths-backwards,lexicase,TRUE,10,elitize_generation_data,10,1,0.573,168
12,37,string-lengths-backwards,lexicase,TRUE,10,elitize_generation_data,11,1,0.624,168
13,37,string-lengths-backwards,lexicase,TRUE,10,elitize_generation_data,12,1,0.584,168
14,37,string-lengths-backwards,lexicase,TRUE,10,elitize_generation_data,13,1,0.581,168
15,37,string-lengths-backwards,lexicase,TRUE,10,elitize_generation_data,14,1,0.614,168
16,37,string-lengths-backwards,lexicase,TRUE,10,elitize_generation_data,15,1,0.621,168
17,37,string-lengths-backwards,lexicase,TRUE,10,elitize_generation_data,16,1,0.59,168
18,37,string-lengths-backwards,lexicase,TRUE,10,elitize_generation_data,17,1,0.601,168
19,37,string-lengths-backwards,lexicase,TRUE,10,elitize_generation_data,18,1,0.591,168
20,37,string-lengths-backwards,lexicase,TRUE,10,elitize_generation_data,19,1,0.618,168
21,37,string-lengths-backwards,lexicase,TRUE,10,elitize_generation_data,20,1,0.606,168
22,37,string-lengths-backwards,lexicase,TRUE,10,elitize_generation_data,21,1,0.627,168
23,37,string-lengths-backwards,lexicase,TRUE,10,elitize_generation_data,22,1,0.647,168
24,37,string-lengths-backwards,lexicase,TRUE,10,elitize_generation_data,23,1,0.637,168
25,37,string-lengths-backwards,lexicase,TRUE,10,elitize_generation_data,24,1,0.602,168
26,37,string-lengths-backwards,lexicase,TRUE,10,elitize_generation_data,25,1,0.589,168
27,37,string-lengths-backwards,lexicase,TRUE,10,elitize_generation_data,26,1,0.629,168
28,37,string-lengths-backwards,lexicase,TRUE,10,elitize_generation_data,27,1,0.606,168
29,37,string-lengths-backwards,lexicase,TRUE,10,elitize_generation_data,28,1,0.618,168
30,37,string-lengths-backwards,lexicase,TRUE,10,elitize_generation_data,29,1,0.591,168
31,37,string-lengths-backwards,lexicase,TRUE,10,elitize_generation_data,30,1,0.628,168
32,37,string-lengths-backwards,lexicase,TRUE,10,elitize_generation_data,31,1,0.62,168
33,37,string-lengths-backwards,lexicase,TRUE,10,elitize_generation_data,32,1,0.628,168
34,37,string-lengths-backwards,lexicase,TRUE,10,elitize_generation_data,33,1,0.577,168
35,37,string-lengths-backwards,lexicase,TRUE,10,elitize_generation_data,34,1,0.61,168
36,37,string-lengths-backwards,lexicase,TRUE,10,elitize_generation_data,35,1,0.62,168
37,37,string-lengths-backwards,lexicase,TRUE,10,elitize_generation_data,36,1,0.596,168
38,37,string-lengths-backwards,lexicase,TRUE,10,elitize_generation_data,37,1,0.616,168
39,37,string-lengths-backwards,lexicase,TRUE,10,elitize_generation_data,38,1,0.648,168
40,37,string-lengths-backwards,lexicase,TRUE,10,elitize_generation_data,39,1,0.616,168
41,37,string-lengths-backwards,lexicase,TRUE,10,elitize_generation_data,40,1,0.624,168
42,37,string-lengths-backwards,lexicase,TRUE,10,elitize_generation_data,41,1,0.607,168
43,37,string-lengths-backwards,lexicase,TRUE,10,elitize_generation_data,42,1,0.649,168
44,37,string-lengths-backwards,lexicase,TRUE,10,elitize_generation_data,43,1,0.649,168
45,37,string-lengths-backwards,lexicase,TRUE,10,elitize_generation_data,44,1,0.641,168
46,37,string-lengths-backwards,lexicase,TRUE,10,elitize_generation_data,45,1,0.677,168
47,37,string-lengths-backwards,lexicase,TRUE,10,elitize_generation_data,46,1,0.655,168
48,37,string-lengths-backwards,lexicase,TRUE,10,elitize_generation_data,47,1,0.676,168
49,37,string-lengths-backwards,lexicase,TRUE,10,elitize_generation_data,48,1,0.64,168
50,37,string-lengths-backwards,lexicase,TRUE,10,elitize_generation_data,49,1,0.633,168
51,37,string-lengths-backwards,lexicase,TRUE,10,elitize_generation_data,50,1,0.636,168
52,37,string-lengths-backwards,lexicase,TRUE,10,elitize_generation_data,51,1,0.642,168
53,37,string-lengths-backwards,lexicase,TRUE,10,elitize_generation_data,52,2,0.67,168
54,37,string-lengths-backwards,lexicase,TRUE,10,elitize_generation_data,53,3,0.475,168
55,37,string-lengths-backwards,lexicase,TRUE,10,elitize_generation_data,54,5,0.475,168
56,37,string-lengths-backwards,lexicase,TRUE,10,elitize_generation_data,55,3,0.419,168
57,37,string-lengths-backwards,lexicase,TRUE,10,elitize_generation_data,56,3,0.386,168
58,37,string-lengths-backwards,lexicase,TRUE,10,elitize_generation_data,57,2,0.357,168
59,37,string-lengths-backwards,lexicase,TRUE,10,elitize_generation_data,58,4,0.362,168
60,37,string-lengths-backwards,lexicase,TRUE,10,elitize_generation_data,59,5,0.155,168
61,37,string-lengths-backwards,lexicase,TRUE,10,elitize_generation_data,60,5,0.21,168
62,37,string-lengths-backwards,lexicase,TRUE,10,elitize_generation_data,61,4,0.229,168
63,37,string-lengths-backwards,lexicase,TRUE,10,elitize_generation_data,62,5,0.284,168
64,37,string-lengths-backwards,lexicase,TRUE,10,elitize_generation_data,63,2,0.352,168
65,37,string-lengths-backwards,lexicase,TRUE,10,elitize_generation_data,64,1,0.392,168
66,37,string-lengths-backwards,lexicase,TRUE,10,elitize_generation_data,65,1,0.385,168
67,37,string-lengths-backwards,lexicase,TRUE,10,elitize_generation_data,66,1,0.346,168
68,37,string-lengths-backwards,lexicase,TRUE,10,elitize_generation_data,67,1,0.38,168
69,37,string-lengths-backwards,lexicase,TRUE,10,elitize_generation_data,68,1,0.38,168
70,37,string-lengths-backwards,lexicase,TRUE,10,elitize_generation_data,69,1,0.371,168
71,37,string-lengths-backwards,lexicase,TRUE,10,elitize_generation_data,70,2,0.376,168
72,37,string-lengths-backwards,lexicase,TRUE,10,elitize_generation_data,71,2,0.401,168
73,37,string-lengths-backwards,lexicase,TRUE,10,elitize_generation_data,72,2,0.386,168
74,37,string-lengths-backwards,lexicase,TRUE,10,elitize_generation_data,73,2,0.355,168
75,37,string-lengths-backwards,lexicase,TRUE,10,elitize_generation_data,74,1,0.384,168
76,37,string-lengths-backwards,lexicase,TRUE,10,elitize_generation_data,75,1,0.353,168
77,37,string-lengths-backwards,lexicase,TRUE,10,elitize_generation_data,76,1,0.367,168
78,37,string-lengths-backwards,lexicase,TRUE,10,elitize_generation_data,77,1,0.39,168
79,37,string-lengths-backwards,lexicase,TRUE,10,elitize_generation_data,78,1,0.35,168
80,37,string-lengths-backwards,lexicase,TRUE,10,elitize_generation_data,79,1,0.359,168
81,37,string-lengths-backwards,lexicase,TRUE,10,elitize_generation_data,80,1,0.37,168
82,37,string-lengths-backwards,lexicase,TRUE,10,elitize_generation_data,81,1,0.371,168
83,37,string-lengths-backwards,lexicase,TRUE,10,elitize_generation_data,82,1,0.36,168
84,37,string-lengths-backwards,lexicase,TRUE,10,elitize_generation_data,83,1,0.365,168
85,37,string-lengths-backwards,lexicase,TRUE,10,elitize_generation_data,84,1,0.393,168
86,37,string-lengths-backwards,lexicase,TRUE,10,elitize_generation_data,85,1,0.388,168
87,37,string-lengths-backwards,lexicase,TRUE,10,elitize_generation_data,86,1,0.373,168
88,37,string-lengths-backwards,lexicase,TRUE,10,elitize_generation_data,87,1,0.397,168
89,37,string-lengths-backwards,lexicase,TRUE,10,elitize_generation_data,88,1,0.374,168
90,37,string-lengths-backwards,lexicase,TRUE,10,elitize_generation_data,89,1,0.381,168
91,37,string-lengths-backwards,lexicase,TRUE,10,elitize_generation_data,90,1,0.406,168
92,37,string-lengths-backwards,lexicase,TRUE,10,elitize_generation_data,91,1,0.384,168
93,37,string-lengths-backwards,lexicase,TRUE,10,elitize_generation_data,92,1,0.376,168
94,37,string-lengths-backwards,lexicase,TRUE,10,elitize_generation_data,93,1,0.375,168
95,37,string-lengths-backwards,lexicase,TRUE,10,elitize_generation_data,94,1,0.38,168
96,37,string-lengths-backwards,lexicase,TRUE,10,elitize_generation_data,95,1,0.357,168
97,37,string-lengths-backwards,lexicase,TRUE,10,elitize_generation_data,96,1,0.381,168
98,37,string-lengths-backwards,lexicase,TRUE,10,elitize_generation_data,97,1,0.369,168
99,37,string-lengths-backwards,lexicase,TRUE,10,elitize_generation_data,98,1,0.363,168
100,37,string-lengths-backwards,lexicase,TRUE,10,elitize_generation_data,99,1,0.347,168
101,37,string-lengths-backwards,lexicase,TRUE,10,elitize_generation_data,100,1,0.374,168
102,37,string-lengths-backwards,lexicase,TRUE,10,elitize_generation_data,101,1,0.398,168
103,37,string-lengths-backwards,lexicase,TRUE,10,elitize_generation_data,102,1,0.387,168
104,37,string-lengths-backwards,lexicase,TRUE,10,elitize_generation_data,103,1,0.392,168
105,37,string-lengths-backwards,lexicase,TRUE,10,elitize_generation_data,104,1,0.402,168
106,37,string-lengths-backwards,lexicase,TRUE,10,elitize_generation_data,105,1,0.388,168
107,37,string-lengths-backwards,lexicase,TRUE,10,elitize_generation_data,106,1,0.401,168
108,37,string-lengths-backwards,lexicase,TRUE,10,elitize_generation_data,107,1,0.411,168
109,37,string-lengths-backwards,lexicase,TRUE,10,elitize_generation_data,108,2,0.419,168
110,37,string-lengths-backwards,lexicase,TRUE,10,elitize_generation_data,109,6,0.42,168
111,37,string-lengths-backwards,lexicase,TRUE,10,elitize_generation_data,110,9,0.381,168
112,37,string-lengths-backwards,lexicase,TRUE,10,elitize_generation_data,111,17,0.413,168
113,37,string-lengths-backwards,lexicase,TRUE,10,elitize_generation_data,112,19,0.408,168
114,37,string-lengths-backwards,lexicase,TRUE,10,elitize_generation_data,113,18,0.433,168
115,37,string-lengths-backwards,lexicase,TRUE,10,elitize_generation_data,114,19,0.397,168
116,37,string-lengths-backwards,lexicase,TRUE,10,elitize_generation_data,115,20,0.419,168
117,37,string-lengths-backwards,lexicase,TRUE,10,elitize_generation_data,116,23,0.423,168
118,37,string-lengths-backwards,lexicase,TRUE,10,elitize_generation_data,117,25,0.431,168
119,37,string-lengths-backwards,lexicase,TRUE,10,elitize_generation_data,118,23,0.407,168
120,37,string-lengths-backwards,lexicase,TRUE,10,elitize_generation_data,119,23,0.393,168
121,37,string-lengths-backwards,lexicase,TRUE,10,elitize_generation_data,120,24,0.418,168
122,37,string-lengths-backwards,lexicase,TRUE,10,elitize_generation_data,121,27,0.4,168
123,37,string-lengths-backwards,lexicase,TRUE,10,elitize_generation_data,122,24,0.403,168
124,37,string-lengths-backwards,lexicase,TRUE,10,elitize_generation_data,123,23,0.373,168
125,37,string-lengths-backwards,lexicase,TRUE,10,elitize_generation_data,124,27,0.387,168
126,37,string-lengths-backwards,lexicase,TRUE,10,elitize_generation_data,125,30,0.37,168
127,37,string-lengths-backwards,lexicase,TRUE,10,elitize_generation_data,126,28,0.369,168
128,37,string-lengths-backwards,lexicase,TRUE,10,elitize_generation_data,127,30,0.38,168
129,37,string-lengths-backwards,lexicase,TRUE,10,elitize_generation_data,128,32,0.381,168
130,37,string-lengths-backwards,lexicase,TRUE,10,elitize_generation_data,129,29,0.381,168
131,37,string-lengths-backwards,lexicase,TRUE,10,elitize_generation_data,130,27,0.348,168
132,37,string-lengths-backwards,lexicase,TRUE,10,elitize_generation_data,131,30,0.342,168
133,37,string-lengths-backwards,lexicase,TRUE,10,elitize_generation_data,132,24,0.301,168
134,37,string-lengths-backwards,lexicase,TRUE,10,elitize_generation_data,133,24,0.241,168
135,37,string-lengths-backwards,lexicase,TRUE,10,elitize_generation_data,134,26,0.273,168
136,37,string-lengths-backwards,lexicase,TRUE,10,elitize_generation_data,135,23,0.257,168
137,37,string-lengths-backwards,lexicase,TRUE,10,elitize_generation_data,136,23,0.24,168
138,37,string-lengths-backwards,lexicase,TRUE,10,elitize_generation_data,137,22,0.251,168
139,37,string-lengths-backwards,lexicase,TRUE,10,elitize_generation_data,138,24,0.244,168
140,37,string-lengths-backwards,lexicase,TRUE,10,elitize_generation_data,139,18,0.25,168
141,37,string-lengths-backwards,lexicase,TRUE,10,elitize_generation_data,140,19,0.235,168
142,37,string-lengths-backwards,lexicase,TRUE,10,elitize_generation_data,141,19,0.252,168
143,37,string-lengths-backwards,lexicase,TRUE,10,elitize_generation_data,142,17,0.238,168
144,37,string-lengths-backwards,lexicase,TRUE,10,elitize_generation_data,143,16,0.241,168
145,37,string-lengths-backwards,lexicase,TRUE,10,elitize_generation_data,144,18,0.227,168
146,37,string-lengths-backwards,lexicase,TRUE,10,elitize_generation_data,145,18,0.233,168
147,37,string-lengths-backwards,lexicase,TRUE,10,elitize_generation_data,146,17,0.229,168
148,37,string-lengths-backwards,lexicase,TRUE,10,elitize_generation_data,147,15,0.241,168
149,37,string-lengths-backwards,lexicase,TRUE,10,elitize_generation_data,148,18,0.259,168
150,37,string-lengths-backwards,lexicase,TRUE,10,elitize_generation_data,149,16,0.235,168
151,37,string-lengths-backwards,lexicase,TRUE,10,elitize_generation_data,150,15,0.235,168
152,37,string-lengths-backwards,lexicase,TRUE,10,elitize_generation_data,151,16,0.189,168
153,37,string-lengths-backwards,lexicase,TRUE,10,elitize_generation_data,152,11,0.139,168
154,37,string-lengths-backwards,lexicase,TRUE,10,elitize_generation_data,153,13,0.143,168
155,37,string-lengths-backwards,lexicase,TRUE,10,elitize_generation_data,154,11,0.147,168
156,37,string-lengths-backwards,lexicase,TRUE,10,elitize_generation_data,155,13,0.14,168
157,37,string-lengths-backwards,lexicase,TRUE,10,elitize_generation_data,156,11,0.147,168
158,37,string-lengths-backwards,lexicase,TRUE,10,elitize_generation_data,157,12,0.125,168
159,37,string-lengths-backwards,lexicase,TRUE,10,elitize_generation_data,158,7,0.115,168
160,37,string-lengths-backwards,lexicase,TRUE,10,elitize_generation_data,159,7,0.112,168
161,37,string-lengths-backwards,lexicase,TRUE,10,elitize_generation_data,160,8,0.109,168
162,37,string-lengths-backwards,lexicase,TRUE,10,elitize_generation_data,161,8,0.127,168
163,37,string-lengths-backwards,lexicase,TRUE,10,elitize_generation_data,162,9,0.119,168
164,37,string-lengths-backwards,lexicase,TRUE,10,elitize_generation_data,163,9,0.119,168
165,37,string-lengths-backwards,lexicase,TRUE,10,elitize_generation_data,164,7,0.118,168
166,37,string-lengths-backwards,lexicase,TRUE,10,elitize_generation_data,165,7,0.114,168
167,37,string-lengths-backwards,lexicase,TRUE,10,elitize_generation_data,166,7,0.123,168
168,37,string-lengths-backwards,lexicase,TRUE,10,elitize_generation_data,167,8,0.112,168
169,37,string-lengths-backwards,lexicase,TRUE,10,elitize_generation_data,168,6,0.115,168
