,run.num,problem,treatment,succeeded,height,normalization.function,generation,cluster.count,error.diversity,success.generation
1,25,string-lengths-backwards,lexicase,FALSE,10,elitize_generation_data,0,6,0.269,NA
2,25,string-lengths-backwards,lexicase,FALSE,10,elitize_generation_data,1,8,0.146,NA
3,25,string-lengths-backwards,lexicase,FALSE,10,elitize_generation_data,2,6,0.248,NA
4,25,string-lengths-backwards,lexicase,FALSE,10,elitize_generation_data,3,5,0.37,NA
5,25,string-lengths-backwards,lexicase,FALSE,10,elitize_generation_data,4,2,0.448,NA
6,25,string-lengths-backwards,lexicase,FALSE,10,elitize_generation_data,5,1,0.462,NA
7,25,string-lengths-backwards,lexicase,FALSE,10,elitize_generation_data,6,1,0.479,NA
8,25,string-lengths-backwards,lexicase,FALSE,10,elitize_generation_data,7,1,0.536,NA
9,25,string-lengths-backwards,lexicase,FALSE,10,elitize_generation_data,8,1,0.54,NA
10,25,string-lengths-backwards,lexicase,FALSE,10,elitize_generation_data,9,1,0.525,NA
11,25,string-lengths-backwards,lexicase,FALSE,10,elitize_generation_data,10,1,0.553,NA
12,25,string-lengths-backwards,lexicase,FALSE,10,elitize_generation_data,11,1,0.583,NA
13,25,string-lengths-backwards,lexicase,FALSE,10,elitize_generation_data,12,1,0.567,NA
14,25,string-lengths-backwards,lexicase,FALSE,10,elitize_generation_data,13,1,0.565,NA
15,25,string-lengths-backwards,lexicase,FALSE,10,elitize_generation_data,14,1,0.56,NA
16,25,string-lengths-backwards,lexicase,FALSE,10,elitize_generation_data,15,1,0.529,NA
17,25,string-lengths-backwards,lexicase,FALSE,10,elitize_generation_data,16,1,0.542,NA
18,25,string-lengths-backwards,lexicase,FALSE,10,elitize_generation_data,17,1,0.577,NA
19,25,string-lengths-backwards,lexicase,FALSE,10,elitize_generation_data,18,1,0.598,NA
20,25,string-lengths-backwards,lexicase,FALSE,10,elitize_generation_data,19,1,0.629,NA
21,25,string-lengths-backwards,lexicase,FALSE,10,elitize_generation_data,20,1,0.644,NA
22,25,string-lengths-backwards,lexicase,FALSE,10,elitize_generation_data,21,1,0.605,NA
23,25,string-lengths-backwards,lexicase,FALSE,10,elitize_generation_data,22,1,0.622,NA
24,25,string-lengths-backwards,lexicase,FALSE,10,elitize_generation_data,23,1,0.644,NA
25,25,string-lengths-backwards,lexicase,FALSE,10,elitize_generation_data,24,1,0.622,NA
26,25,string-lengths-backwards,lexicase,FALSE,10,elitize_generation_data,25,1,0.683,NA
27,25,string-lengths-backwards,lexicase,FALSE,10,elitize_generation_data,26,1,0.651,NA
28,25,string-lengths-backwards,lexicase,FALSE,10,elitize_generation_data,27,1,0.657,NA
29,25,string-lengths-backwards,lexicase,FALSE,10,elitize_generation_data,28,1,0.681,NA
30,25,string-lengths-backwards,lexicase,FALSE,10,elitize_generation_data,29,1,0.677,NA
31,25,string-lengths-backwards,lexicase,FALSE,10,elitize_generation_data,30,1,0.652,NA
32,25,string-lengths-backwards,lexicase,FALSE,10,elitize_generation_data,31,1,0.674,NA
33,25,string-lengths-backwards,lexicase,FALSE,10,elitize_generation_data,32,1,0.681,NA
34,25,string-lengths-backwards,lexicase,FALSE,10,elitize_generation_data,33,1,0.661,NA
35,25,string-lengths-backwards,lexicase,FALSE,10,elitize_generation_data,34,1,0.667,NA
36,25,string-lengths-backwards,lexicase,FALSE,10,elitize_generation_data,35,1,0.653,NA
37,25,string-lengths-backwards,lexicase,FALSE,10,elitize_generation_data,36,1,0.671,NA
38,25,string-lengths-backwards,lexicase,FALSE,10,elitize_generation_data,37,1,0.651,NA
39,25,string-lengths-backwards,lexicase,FALSE,10,elitize_generation_data,38,1,0.647,NA
40,25,string-lengths-backwards,lexicase,FALSE,10,elitize_generation_data,39,1,0.645,NA
41,25,string-lengths-backwards,lexicase,FALSE,10,elitize_generation_data,40,1,0.625,NA
42,25,string-lengths-backwards,lexicase,FALSE,10,elitize_generation_data,41,1,0.62,NA
43,25,string-lengths-backwards,lexicase,FALSE,10,elitize_generation_data,42,2,0.624,NA
44,25,string-lengths-backwards,lexicase,FALSE,10,elitize_generation_data,43,5,0.147,NA
45,25,string-lengths-backwards,lexicase,FALSE,10,elitize_generation_data,44,6,0.135,NA
46,25,string-lengths-backwards,lexicase,FALSE,10,elitize_generation_data,45,5,0.149,NA
47,25,string-lengths-backwards,lexicase,FALSE,10,elitize_generation_data,46,5,0.152,NA
48,25,string-lengths-backwards,lexicase,FALSE,10,elitize_generation_data,47,5,0.145,NA
49,25,string-lengths-backwards,lexicase,FALSE,10,elitize_generation_data,48,5,0.153,NA
50,25,string-lengths-backwards,lexicase,FALSE,10,elitize_generation_data,49,4,0.16,NA
51,25,string-lengths-backwards,lexicase,FALSE,10,elitize_generation_data,50,5,0.159,NA
52,25,string-lengths-backwards,lexicase,FALSE,10,elitize_generation_data,51,6,0.156,NA
53,25,string-lengths-backwards,lexicase,FALSE,10,elitize_generation_data,52,6,0.175,NA
54,25,string-lengths-backwards,lexicase,FALSE,10,elitize_generation_data,53,6,0.187,NA
55,25,string-lengths-backwards,lexicase,FALSE,10,elitize_generation_data,54,8,0.192,NA
56,25,string-lengths-backwards,lexicase,FALSE,10,elitize_generation_data,55,7,0.185,NA
57,25,string-lengths-backwards,lexicase,FALSE,10,elitize_generation_data,56,7,0.216,NA
58,25,string-lengths-backwards,lexicase,FALSE,10,elitize_generation_data,57,6,0.212,NA
59,25,string-lengths-backwards,lexicase,FALSE,10,elitize_generation_data,58,4,0.223,NA
60,25,string-lengths-backwards,lexicase,FALSE,10,elitize_generation_data,59,4,0.259,NA
61,25,string-lengths-backwards,lexicase,FALSE,10,elitize_generation_data,60,6,0.249,NA
62,25,string-lengths-backwards,lexicase,FALSE,10,elitize_generation_data,61,4,0.235,NA
63,25,string-lengths-backwards,lexicase,FALSE,10,elitize_generation_data,62,5,0.267,NA
64,25,string-lengths-backwards,lexicase,FALSE,10,elitize_generation_data,63,6,0.283,NA
65,25,string-lengths-backwards,lexicase,FALSE,10,elitize_generation_data,64,4,0.263,NA
66,25,string-lengths-backwards,lexicase,FALSE,10,elitize_generation_data,65,3,0.276,NA
67,25,string-lengths-backwards,lexicase,FALSE,10,elitize_generation_data,66,3,0.275,NA
68,25,string-lengths-backwards,lexicase,FALSE,10,elitize_generation_data,67,2,0.259,NA
69,25,string-lengths-backwards,lexicase,FALSE,10,elitize_generation_data,68,2,0.279,NA
70,25,string-lengths-backwards,lexicase,FALSE,10,elitize_generation_data,69,3,0.267,NA
71,25,string-lengths-backwards,lexicase,FALSE,10,elitize_generation_data,70,2,0.257,NA
72,25,string-lengths-backwards,lexicase,FALSE,10,elitize_generation_data,71,2,0.264,NA
73,25,string-lengths-backwards,lexicase,FALSE,10,elitize_generation_data,72,3,0.245,NA
74,25,string-lengths-backwards,lexicase,FALSE,10,elitize_generation_data,73,2,0.256,NA
75,25,string-lengths-backwards,lexicase,FALSE,10,elitize_generation_data,74,2,0.268,NA
76,25,string-lengths-backwards,lexicase,FALSE,10,elitize_generation_data,75,2,0.266,NA
77,25,string-lengths-backwards,lexicase,FALSE,10,elitize_generation_data,76,2,0.282,NA
78,25,string-lengths-backwards,lexicase,FALSE,10,elitize_generation_data,77,2,0.26,NA
79,25,string-lengths-backwards,lexicase,FALSE,10,elitize_generation_data,78,2,0.281,NA
80,25,string-lengths-backwards,lexicase,FALSE,10,elitize_generation_data,79,2,0.239,NA
81,25,string-lengths-backwards,lexicase,FALSE,10,elitize_generation_data,80,2,0.265,NA
82,25,string-lengths-backwards,lexicase,FALSE,10,elitize_generation_data,81,2,0.263,NA
83,25,string-lengths-backwards,lexicase,FALSE,10,elitize_generation_data,82,2,0.25,NA
84,25,string-lengths-backwards,lexicase,FALSE,10,elitize_generation_data,83,3,0.243,NA
85,25,string-lengths-backwards,lexicase,FALSE,10,elitize_generation_data,84,2,0.257,NA
86,25,string-lengths-backwards,lexicase,FALSE,10,elitize_generation_data,85,3,0.268,NA
87,25,string-lengths-backwards,lexicase,FALSE,10,elitize_generation_data,86,3,0.232,NA
88,25,string-lengths-backwards,lexicase,FALSE,10,elitize_generation_data,87,3,0.246,NA
89,25,string-lengths-backwards,lexicase,FALSE,10,elitize_generation_data,88,2,0.243,NA
90,25,string-lengths-backwards,lexicase,FALSE,10,elitize_generation_data,89,2,0.249,NA
91,25,string-lengths-backwards,lexicase,FALSE,10,elitize_generation_data,90,2,0.262,NA
92,25,string-lengths-backwards,lexicase,FALSE,10,elitize_generation_data,91,2,0.24,NA
93,25,string-lengths-backwards,lexicase,FALSE,10,elitize_generation_data,92,2,0.29,NA
94,25,string-lengths-backwards,lexicase,FALSE,10,elitize_generation_data,93,2,0.272,NA
95,25,string-lengths-backwards,lexicase,FALSE,10,elitize_generation_data,94,2,0.249,NA
96,25,string-lengths-backwards,lexicase,FALSE,10,elitize_generation_data,95,2,0.253,NA
97,25,string-lengths-backwards,lexicase,FALSE,10,elitize_generation_data,96,2,0.264,NA
98,25,string-lengths-backwards,lexicase,FALSE,10,elitize_generation_data,97,2,0.256,NA
99,25,string-lengths-backwards,lexicase,FALSE,10,elitize_generation_data,98,2,0.279,NA
100,25,string-lengths-backwards,lexicase,FALSE,10,elitize_generation_data,99,2,0.262,NA
101,25,string-lengths-backwards,lexicase,FALSE,10,elitize_generation_data,100,2,0.283,NA
102,25,string-lengths-backwards,lexicase,FALSE,10,elitize_generation_data,101,2,0.271,NA
103,25,string-lengths-backwards,lexicase,FALSE,10,elitize_generation_data,102,2,0.273,NA
104,25,string-lengths-backwards,lexicase,FALSE,10,elitize_generation_data,103,2,0.252,NA
105,25,string-lengths-backwards,lexicase,FALSE,10,elitize_generation_data,104,2,0.284,NA
106,25,string-lengths-backwards,lexicase,FALSE,10,elitize_generation_data,105,2,0.261,NA
107,25,string-lengths-backwards,lexicase,FALSE,10,elitize_generation_data,106,2,0.286,NA
108,25,string-lengths-backwards,lexicase,FALSE,10,elitize_generation_data,107,2,0.251,NA
109,25,string-lengths-backwards,lexicase,FALSE,10,elitize_generation_data,108,2,0.276,NA
110,25,string-lengths-backwards,lexicase,FALSE,10,elitize_generation_data,109,2,0.268,NA
111,25,string-lengths-backwards,lexicase,FALSE,10,elitize_generation_data,110,2,0.252,NA
112,25,string-lengths-backwards,lexicase,FALSE,10,elitize_generation_data,111,2,0.262,NA
113,25,string-lengths-backwards,lexicase,FALSE,10,elitize_generation_data,112,2,0.269,NA
114,25,string-lengths-backwards,lexicase,FALSE,10,elitize_generation_data,113,2,0.264,NA
115,25,string-lengths-backwards,lexicase,FALSE,10,elitize_generation_data,114,2,0.284,NA
116,25,string-lengths-backwards,lexicase,FALSE,10,elitize_generation_data,115,2,0.281,NA
117,25,string-lengths-backwards,lexicase,FALSE,10,elitize_generation_data,116,2,0.267,NA
118,25,string-lengths-backwards,lexicase,FALSE,10,elitize_generation_data,117,2,0.291,NA
119,25,string-lengths-backwards,lexicase,FALSE,10,elitize_generation_data,118,2,0.274,NA
120,25,string-lengths-backwards,lexicase,FALSE,10,elitize_generation_data,119,2,0.282,NA
121,25,string-lengths-backwards,lexicase,FALSE,10,elitize_generation_data,120,2,0.29,NA
122,25,string-lengths-backwards,lexicase,FALSE,10,elitize_generation_data,121,2,0.286,NA
123,25,string-lengths-backwards,lexicase,FALSE,10,elitize_generation_data,122,2,0.286,NA
124,25,string-lengths-backwards,lexicase,FALSE,10,elitize_generation_data,123,2,0.29,NA
125,25,string-lengths-backwards,lexicase,FALSE,10,elitize_generation_data,124,2,0.295,NA
126,25,string-lengths-backwards,lexicase,FALSE,10,elitize_generation_data,125,2,0.295,NA
127,25,string-lengths-backwards,lexicase,FALSE,10,elitize_generation_data,126,2,0.319,NA
128,25,string-lengths-backwards,lexicase,FALSE,10,elitize_generation_data,127,2,0.322,NA
129,25,string-lengths-backwards,lexicase,FALSE,10,elitize_generation_data,128,2,0.294,NA
130,25,string-lengths-backwards,lexicase,FALSE,10,elitize_generation_data,129,2,0.321,NA
131,25,string-lengths-backwards,lexicase,FALSE,10,elitize_generation_data,130,2,0.312,NA
132,25,string-lengths-backwards,lexicase,FALSE,10,elitize_generation_data,131,2,0.312,NA
133,25,string-lengths-backwards,lexicase,FALSE,10,elitize_generation_data,132,2,0.333,NA
134,25,string-lengths-backwards,lexicase,FALSE,10,elitize_generation_data,133,1,0.326,NA
135,25,string-lengths-backwards,lexicase,FALSE,10,elitize_generation_data,134,1,0.35,NA
136,25,string-lengths-backwards,lexicase,FALSE,10,elitize_generation_data,135,1,0.352,NA
137,25,string-lengths-backwards,lexicase,FALSE,10,elitize_generation_data,136,1,0.322,NA
138,25,string-lengths-backwards,lexicase,FALSE,10,elitize_generation_data,137,2,0.317,NA
139,25,string-lengths-backwards,lexicase,FALSE,10,elitize_generation_data,138,1,0.331,NA
140,25,string-lengths-backwards,lexicase,FALSE,10,elitize_generation_data,139,1,0.338,NA
141,25,string-lengths-backwards,lexicase,FALSE,10,elitize_generation_data,140,1,0.324,NA
142,25,string-lengths-backwards,lexicase,FALSE,10,elitize_generation_data,141,1,0.311,NA
143,25,string-lengths-backwards,lexicase,FALSE,10,elitize_generation_data,142,1,0.313,NA
144,25,string-lengths-backwards,lexicase,FALSE,10,elitize_generation_data,143,1,0.307,NA
145,25,string-lengths-backwards,lexicase,FALSE,10,elitize_generation_data,144,1,0.321,NA
146,25,string-lengths-backwards,lexicase,FALSE,10,elitize_generation_data,145,1,0.325,NA
147,25,string-lengths-backwards,lexicase,FALSE,10,elitize_generation_data,146,1,0.33,NA
148,25,string-lengths-backwards,lexicase,FALSE,10,elitize_generation_data,147,1,0.312,NA
149,25,string-lengths-backwards,lexicase,FALSE,10,elitize_generation_data,148,1,0.318,NA
150,25,string-lengths-backwards,lexicase,FALSE,10,elitize_generation_data,149,1,0.338,NA
151,25,string-lengths-backwards,lexicase,FALSE,10,elitize_generation_data,150,1,0.297,NA
152,25,string-lengths-backwards,lexicase,FALSE,10,elitize_generation_data,151,1,0.309,NA
153,25,string-lengths-backwards,lexicase,FALSE,10,elitize_generation_data,152,1,0.327,NA
154,25,string-lengths-backwards,lexicase,FALSE,10,elitize_generation_data,153,1,0.317,NA
155,25,string-lengths-backwards,lexicase,FALSE,10,elitize_generation_data,154,1,0.318,NA
156,25,string-lengths-backwards,lexicase,FALSE,10,elitize_generation_data,155,1,0.325,NA
157,25,string-lengths-backwards,lexicase,FALSE,10,elitize_generation_data,156,1,0.329,NA
158,25,string-lengths-backwards,lexicase,FALSE,10,elitize_generation_data,157,1,0.349,NA
159,25,string-lengths-backwards,lexicase,FALSE,10,elitize_generation_data,158,1,0.324,NA
160,25,string-lengths-backwards,lexicase,FALSE,10,elitize_generation_data,159,1,0.352,NA
161,25,string-lengths-backwards,lexicase,FALSE,10,elitize_generation_data,160,1,0.345,NA
162,25,string-lengths-backwards,lexicase,FALSE,10,elitize_generation_data,161,1,0.322,NA
163,25,string-lengths-backwards,lexicase,FALSE,10,elitize_generation_data,162,1,0.341,NA
164,25,string-lengths-backwards,lexicase,FALSE,10,elitize_generation_data,163,1,0.325,NA
165,25,string-lengths-backwards,lexicase,FALSE,10,elitize_generation_data,164,1,0.348,NA
166,25,string-lengths-backwards,lexicase,FALSE,10,elitize_generation_data,165,1,0.335,NA
167,25,string-lengths-backwards,lexicase,FALSE,10,elitize_generation_data,166,1,0.322,NA
168,25,string-lengths-backwards,lexicase,FALSE,10,elitize_generation_data,167,1,0.339,NA
169,25,string-lengths-backwards,lexicase,FALSE,10,elitize_generation_data,168,1,0.307,NA
170,25,string-lengths-backwards,lexicase,FALSE,10,elitize_generation_data,169,1,0.337,NA
171,25,string-lengths-backwards,lexicase,FALSE,10,elitize_generation_data,170,1,0.327,NA
172,25,string-lengths-backwards,lexicase,FALSE,10,elitize_generation_data,171,1,0.331,NA
173,25,string-lengths-backwards,lexicase,FALSE,10,elitize_generation_data,172,1,0.357,NA
174,25,string-lengths-backwards,lexicase,FALSE,10,elitize_generation_data,173,1,0.342,NA
175,25,string-lengths-backwards,lexicase,FALSE,10,elitize_generation_data,174,1,0.346,NA
176,25,string-lengths-backwards,lexicase,FALSE,10,elitize_generation_data,175,1,0.348,NA
177,25,string-lengths-backwards,lexicase,FALSE,10,elitize_generation_data,176,1,0.357,NA
178,25,string-lengths-backwards,lexicase,FALSE,10,elitize_generation_data,177,1,0.359,NA
179,25,string-lengths-backwards,lexicase,FALSE,10,elitize_generation_data,178,1,0.358,NA
180,25,string-lengths-backwards,lexicase,FALSE,10,elitize_generation_data,179,1,0.358,NA
181,25,string-lengths-backwards,lexicase,FALSE,10,elitize_generation_data,180,1,0.355,NA
182,25,string-lengths-backwards,lexicase,FALSE,10,elitize_generation_data,181,1,0.408,NA
183,25,string-lengths-backwards,lexicase,FALSE,10,elitize_generation_data,182,1,0.347,NA
184,25,string-lengths-backwards,lexicase,FALSE,10,elitize_generation_data,183,1,0.38,NA
185,25,string-lengths-backwards,lexicase,FALSE,10,elitize_generation_data,184,1,0.369,NA
186,25,string-lengths-backwards,lexicase,FALSE,10,elitize_generation_data,185,1,0.382,NA
187,25,string-lengths-backwards,lexicase,FALSE,10,elitize_generation_data,186,1,0.384,NA
188,25,string-lengths-backwards,lexicase,FALSE,10,elitize_generation_data,187,1,0.358,NA
189,25,string-lengths-backwards,lexicase,FALSE,10,elitize_generation_data,188,1,0.391,NA
190,25,string-lengths-backwards,lexicase,FALSE,10,elitize_generation_data,189,1,0.363,NA
191,25,string-lengths-backwards,lexicase,FALSE,10,elitize_generation_data,190,1,0.376,NA
192,25,string-lengths-backwards,lexicase,FALSE,10,elitize_generation_data,191,2,0.38,NA
193,25,string-lengths-backwards,lexicase,FALSE,10,elitize_generation_data,192,2,0.366,NA
194,25,string-lengths-backwards,lexicase,FALSE,10,elitize_generation_data,193,3,0.361,NA
195,25,string-lengths-backwards,lexicase,FALSE,10,elitize_generation_data,194,3,0.366,NA
196,25,string-lengths-backwards,lexicase,FALSE,10,elitize_generation_data,195,4,0.39,NA
197,25,string-lengths-backwards,lexicase,FALSE,10,elitize_generation_data,196,5,0.375,NA
198,25,string-lengths-backwards,lexicase,FALSE,10,elitize_generation_data,197,7,0.388,NA
199,25,string-lengths-backwards,lexicase,FALSE,10,elitize_generation_data,198,10,0.301,NA
200,25,string-lengths-backwards,lexicase,FALSE,10,elitize_generation_data,199,7,0.266,NA
201,25,string-lengths-backwards,lexicase,FALSE,10,elitize_generation_data,200,8,0.253,NA
202,25,string-lengths-backwards,lexicase,FALSE,10,elitize_generation_data,201,7,0.221,NA
203,25,string-lengths-backwards,lexicase,FALSE,10,elitize_generation_data,202,5,0.211,NA
204,25,string-lengths-backwards,lexicase,FALSE,10,elitize_generation_data,203,6,0.215,NA
205,25,string-lengths-backwards,lexicase,FALSE,10,elitize_generation_data,204,6,0.185,NA
206,25,string-lengths-backwards,lexicase,FALSE,10,elitize_generation_data,205,7,0.164,NA
207,25,string-lengths-backwards,lexicase,FALSE,10,elitize_generation_data,206,4,0.159,NA
208,25,string-lengths-backwards,lexicase,FALSE,10,elitize_generation_data,207,7,0.159,NA
209,25,string-lengths-backwards,lexicase,FALSE,10,elitize_generation_data,208,4,0.139,NA
210,25,string-lengths-backwards,lexicase,FALSE,10,elitize_generation_data,209,7,0.122,NA
211,25,string-lengths-backwards,lexicase,FALSE,10,elitize_generation_data,210,4,0.134,NA
212,25,string-lengths-backwards,lexicase,FALSE,10,elitize_generation_data,211,6,0.104,NA
213,25,string-lengths-backwards,lexicase,FALSE,10,elitize_generation_data,212,3,0.107,NA
214,25,string-lengths-backwards,lexicase,FALSE,10,elitize_generation_data,213,2,0.1,NA
215,25,string-lengths-backwards,lexicase,FALSE,10,elitize_generation_data,214,3,0.092,NA
216,25,string-lengths-backwards,lexicase,FALSE,10,elitize_generation_data,215,3,0.101,NA
217,25,string-lengths-backwards,lexicase,FALSE,10,elitize_generation_data,216,3,0.104,NA
218,25,string-lengths-backwards,lexicase,FALSE,10,elitize_generation_data,217,2,0.097,NA
219,25,string-lengths-backwards,lexicase,FALSE,10,elitize_generation_data,218,2,0.096,NA
220,25,string-lengths-backwards,lexicase,FALSE,10,elitize_generation_data,219,3,0.086,NA
221,25,string-lengths-backwards,lexicase,FALSE,10,elitize_generation_data,220,2,0.099,NA
222,25,string-lengths-backwards,lexicase,FALSE,10,elitize_generation_data,221,2,0.095,NA
223,25,string-lengths-backwards,lexicase,FALSE,10,elitize_generation_data,222,4,0.101,NA
224,25,string-lengths-backwards,lexicase,FALSE,10,elitize_generation_data,223,3,0.081,NA
225,25,string-lengths-backwards,lexicase,FALSE,10,elitize_generation_data,224,3,0.076,NA
226,25,string-lengths-backwards,lexicase,FALSE,10,elitize_generation_data,225,4,0.104,NA
227,25,string-lengths-backwards,lexicase,FALSE,10,elitize_generation_data,226,3,0.084,NA
228,25,string-lengths-backwards,lexicase,FALSE,10,elitize_generation_data,227,3,0.1,NA
229,25,string-lengths-backwards,lexicase,FALSE,10,elitize_generation_data,228,4,0.07,NA
230,25,string-lengths-backwards,lexicase,FALSE,10,elitize_generation_data,229,2,0.063,NA
231,25,string-lengths-backwards,lexicase,FALSE,10,elitize_generation_data,230,2,0.055,NA
232,25,string-lengths-backwards,lexicase,FALSE,10,elitize_generation_data,231,2,0.06,NA
233,25,string-lengths-backwards,lexicase,FALSE,10,elitize_generation_data,232,2,0.063,NA
234,25,string-lengths-backwards,lexicase,FALSE,10,elitize_generation_data,233,2,0.057,NA
235,25,string-lengths-backwards,lexicase,FALSE,10,elitize_generation_data,234,2,0.054,NA
236,25,string-lengths-backwards,lexicase,FALSE,10,elitize_generation_data,235,2,0.062,NA
237,25,string-lengths-backwards,lexicase,FALSE,10,elitize_generation_data,236,3,0.067,NA
238,25,string-lengths-backwards,lexicase,FALSE,10,elitize_generation_data,237,2,0.06,NA
239,25,string-lengths-backwards,lexicase,FALSE,10,elitize_generation_data,238,2,0.053,NA
240,25,string-lengths-backwards,lexicase,FALSE,10,elitize_generation_data,239,3,0.062,NA
241,25,string-lengths-backwards,lexicase,FALSE,10,elitize_generation_data,240,2,0.056,NA
242,25,string-lengths-backwards,lexicase,FALSE,10,elitize_generation_data,241,2,0.06,NA
243,25,string-lengths-backwards,lexicase,FALSE,10,elitize_generation_data,242,3,0.063,NA
244,25,string-lengths-backwards,lexicase,FALSE,10,elitize_generation_data,243,3,0.048,NA
245,25,string-lengths-backwards,lexicase,FALSE,10,elitize_generation_data,244,3,0.063,NA
246,25,string-lengths-backwards,lexicase,FALSE,10,elitize_generation_data,245,3,0.068,NA
247,25,string-lengths-backwards,lexicase,FALSE,10,elitize_generation_data,246,2,0.055,NA
248,25,string-lengths-backwards,lexicase,FALSE,10,elitize_generation_data,247,3,0.067,NA
249,25,string-lengths-backwards,lexicase,FALSE,10,elitize_generation_data,248,3,0.065,NA
250,25,string-lengths-backwards,lexicase,FALSE,10,elitize_generation_data,249,3,0.065,NA
251,25,string-lengths-backwards,lexicase,FALSE,10,elitize_generation_data,250,2,0.059,NA
252,25,string-lengths-backwards,lexicase,FALSE,10,elitize_generation_data,251,2,0.063,NA
253,25,string-lengths-backwards,lexicase,FALSE,10,elitize_generation_data,252,2,0.063,NA
254,25,string-lengths-backwards,lexicase,FALSE,10,elitize_generation_data,253,2,0.056,NA
255,25,string-lengths-backwards,lexicase,FALSE,10,elitize_generation_data,254,2,0.066,NA
256,25,string-lengths-backwards,lexicase,FALSE,10,elitize_generation_data,255,2,0.064,NA
257,25,string-lengths-backwards,lexicase,FALSE,10,elitize_generation_data,256,2,0.059,NA
258,25,string-lengths-backwards,lexicase,FALSE,10,elitize_generation_data,257,3,0.053,NA
259,25,string-lengths-backwards,lexicase,FALSE,10,elitize_generation_data,258,2,0.066,NA
260,25,string-lengths-backwards,lexicase,FALSE,10,elitize_generation_data,259,3,0.069,NA
261,25,string-lengths-backwards,lexicase,FALSE,10,elitize_generation_data,260,3,0.065,NA
262,25,string-lengths-backwards,lexicase,FALSE,10,elitize_generation_data,261,2,0.062,NA
263,25,string-lengths-backwards,lexicase,FALSE,10,elitize_generation_data,262,3,0.066,NA
264,25,string-lengths-backwards,lexicase,FALSE,10,elitize_generation_data,263,3,0.059,NA
265,25,string-lengths-backwards,lexicase,FALSE,10,elitize_generation_data,264,2,0.062,NA
266,25,string-lengths-backwards,lexicase,FALSE,10,elitize_generation_data,265,2,0.067,NA
267,25,string-lengths-backwards,lexicase,FALSE,10,elitize_generation_data,266,2,0.061,NA
268,25,string-lengths-backwards,lexicase,FALSE,10,elitize_generation_data,267,2,0.064,NA
269,25,string-lengths-backwards,lexicase,FALSE,10,elitize_generation_data,268,3,0.067,NA
270,25,string-lengths-backwards,lexicase,FALSE,10,elitize_generation_data,269,2,0.063,NA
271,25,string-lengths-backwards,lexicase,FALSE,10,elitize_generation_data,270,2,0.067,NA
272,25,string-lengths-backwards,lexicase,FALSE,10,elitize_generation_data,271,2,0.059,NA
273,25,string-lengths-backwards,lexicase,FALSE,10,elitize_generation_data,272,2,0.061,NA
274,25,string-lengths-backwards,lexicase,FALSE,10,elitize_generation_data,273,3,0.062,NA
275,25,string-lengths-backwards,lexicase,FALSE,10,elitize_generation_data,274,2,0.067,NA
276,25,string-lengths-backwards,lexicase,FALSE,10,elitize_generation_data,275,2,0.078,NA
277,25,string-lengths-backwards,lexicase,FALSE,10,elitize_generation_data,276,2,0.054,NA
278,25,string-lengths-backwards,lexicase,FALSE,10,elitize_generation_data,277,2,0.065,NA
279,25,string-lengths-backwards,lexicase,FALSE,10,elitize_generation_data,278,2,0.073,NA
280,25,string-lengths-backwards,lexicase,FALSE,10,elitize_generation_data,279,2,0.061,NA
281,25,string-lengths-backwards,lexicase,FALSE,10,elitize_generation_data,280,2,0.063,NA
282,25,string-lengths-backwards,lexicase,FALSE,10,elitize_generation_data,281,2,0.068,NA
283,25,string-lengths-backwards,lexicase,FALSE,10,elitize_generation_data,282,2,0.065,NA
284,25,string-lengths-backwards,lexicase,FALSE,10,elitize_generation_data,283,3,0.065,NA
285,25,string-lengths-backwards,lexicase,FALSE,10,elitize_generation_data,284,3,0.061,NA
286,25,string-lengths-backwards,lexicase,FALSE,10,elitize_generation_data,285,2,0.07,NA
287,25,string-lengths-backwards,lexicase,FALSE,10,elitize_generation_data,286,2,0.067,NA
288,25,string-lengths-backwards,lexicase,FALSE,10,elitize_generation_data,287,2,0.058,NA
289,25,string-lengths-backwards,lexicase,FALSE,10,elitize_generation_data,288,2,0.057,NA
290,25,string-lengths-backwards,lexicase,FALSE,10,elitize_generation_data,289,2,0.061,NA
291,25,string-lengths-backwards,lexicase,FALSE,10,elitize_generation_data,290,2,0.059,NA
292,25,string-lengths-backwards,lexicase,FALSE,10,elitize_generation_data,291,2,0.054,NA
293,25,string-lengths-backwards,lexicase,FALSE,10,elitize_generation_data,292,2,0.059,NA
294,25,string-lengths-backwards,lexicase,FALSE,10,elitize_generation_data,293,3,0.061,NA
295,25,string-lengths-backwards,lexicase,FALSE,10,elitize_generation_data,294,2,0.064,NA
296,25,string-lengths-backwards,lexicase,FALSE,10,elitize_generation_data,295,2,0.079,NA
297,25,string-lengths-backwards,lexicase,FALSE,10,elitize_generation_data,296,3,0.057,NA
298,25,string-lengths-backwards,lexicase,FALSE,10,elitize_generation_data,297,2,0.061,NA
299,25,string-lengths-backwards,lexicase,FALSE,10,elitize_generation_data,298,2,0.064,NA
300,25,string-lengths-backwards,lexicase,FALSE,10,elitize_generation_data,299,3,0.082,NA
301,25,string-lengths-backwards,lexicase,FALSE,10,elitize_generation_data,300,2,0.069,NA
