,run.num,problem,treatment,succeeded,height,normalization.function,generation,cluster.count,error.diversity,success.generation
1,83,string-lengths-backwards,lexicase,TRUE,10,elitize_generation_data,0,7,0.279,90
2,83,string-lengths-backwards,lexicase,TRUE,10,elitize_generation_data,1,7,0.139,90
3,83,string-lengths-backwards,lexicase,TRUE,10,elitize_generation_data,2,5,0.232,90
4,83,string-lengths-backwards,lexicase,TRUE,10,elitize_generation_data,3,7,0.352,90
5,83,string-lengths-backwards,lexicase,TRUE,10,elitize_generation_data,4,6,0.455,90
6,83,string-lengths-backwards,lexicase,TRUE,10,elitize_generation_data,5,5,0.519,90
7,83,string-lengths-backwards,lexicase,TRUE,10,elitize_generation_data,6,4,0.499,90
8,83,string-lengths-backwards,lexicase,TRUE,10,elitize_generation_data,7,5,0.569,90
9,83,string-lengths-backwards,lexicase,TRUE,10,elitize_generation_data,8,2,0.56,90
10,83,string-lengths-backwards,lexicase,TRUE,10,elitize_generation_data,9,4,0.59,90
11,83,string-lengths-backwards,lexicase,TRUE,10,elitize_generation_data,10,3,0.638,90
12,83,string-lengths-backwards,lexicase,TRUE,10,elitize_generation_data,11,3,0.439,90
13,83,string-lengths-backwards,lexicase,TRUE,10,elitize_generation_data,12,7,0.503,90
14,83,string-lengths-backwards,lexicase,TRUE,10,elitize_generation_data,13,14,0.435,90
15,83,string-lengths-backwards,lexicase,TRUE,10,elitize_generation_data,14,16,0.452,90
16,83,string-lengths-backwards,lexicase,TRUE,10,elitize_generation_data,15,14,0.338,90
17,83,string-lengths-backwards,lexicase,TRUE,10,elitize_generation_data,16,12,0.294,90
18,83,string-lengths-backwards,lexicase,TRUE,10,elitize_generation_data,17,16,0.311,90
19,83,string-lengths-backwards,lexicase,TRUE,10,elitize_generation_data,18,14,0.299,90
20,83,string-lengths-backwards,lexicase,TRUE,10,elitize_generation_data,19,15,0.32,90
21,83,string-lengths-backwards,lexicase,TRUE,10,elitize_generation_data,20,14,0.352,90
22,83,string-lengths-backwards,lexicase,TRUE,10,elitize_generation_data,21,18,0.342,90
23,83,string-lengths-backwards,lexicase,TRUE,10,elitize_generation_data,22,24,0.343,90
24,83,string-lengths-backwards,lexicase,TRUE,10,elitize_generation_data,23,19,0.355,90
25,83,string-lengths-backwards,lexicase,TRUE,10,elitize_generation_data,24,19,0.334,90
26,83,string-lengths-backwards,lexicase,TRUE,10,elitize_generation_data,25,24,0.333,90
27,83,string-lengths-backwards,lexicase,TRUE,10,elitize_generation_data,26,19,0.355,90
28,83,string-lengths-backwards,lexicase,TRUE,10,elitize_generation_data,27,20,0.361,90
29,83,string-lengths-backwards,lexicase,TRUE,10,elitize_generation_data,28,19,0.363,90
30,83,string-lengths-backwards,lexicase,TRUE,10,elitize_generation_data,29,19,0.338,90
31,83,string-lengths-backwards,lexicase,TRUE,10,elitize_generation_data,30,20,0.381,90
32,83,string-lengths-backwards,lexicase,TRUE,10,elitize_generation_data,31,18,0.351,90
33,83,string-lengths-backwards,lexicase,TRUE,10,elitize_generation_data,32,23,0.358,90
34,83,string-lengths-backwards,lexicase,TRUE,10,elitize_generation_data,33,25,0.356,90
35,83,string-lengths-backwards,lexicase,TRUE,10,elitize_generation_data,34,22,0.356,90
36,83,string-lengths-backwards,lexicase,TRUE,10,elitize_generation_data,35,24,0.348,90
37,83,string-lengths-backwards,lexicase,TRUE,10,elitize_generation_data,36,25,0.381,90
38,83,string-lengths-backwards,lexicase,TRUE,10,elitize_generation_data,37,22,0.36,90
39,83,string-lengths-backwards,lexicase,TRUE,10,elitize_generation_data,38,19,0.341,90
40,83,string-lengths-backwards,lexicase,TRUE,10,elitize_generation_data,39,18,0.355,90
41,83,string-lengths-backwards,lexicase,TRUE,10,elitize_generation_data,40,21,0.371,90
42,83,string-lengths-backwards,lexicase,TRUE,10,elitize_generation_data,41,18,0.374,90
43,83,string-lengths-backwards,lexicase,TRUE,10,elitize_generation_data,42,20,0.384,90
44,83,string-lengths-backwards,lexicase,TRUE,10,elitize_generation_data,43,17,0.378,90
45,83,string-lengths-backwards,lexicase,TRUE,10,elitize_generation_data,44,13,0.39,90
46,83,string-lengths-backwards,lexicase,TRUE,10,elitize_generation_data,45,8,0.415,90
47,83,string-lengths-backwards,lexicase,TRUE,10,elitize_generation_data,46,11,0.406,90
48,83,string-lengths-backwards,lexicase,TRUE,10,elitize_generation_data,47,10,0.429,90
49,83,string-lengths-backwards,lexicase,TRUE,10,elitize_generation_data,48,8,0.408,90
50,83,string-lengths-backwards,lexicase,TRUE,10,elitize_generation_data,49,5,0.395,90
51,83,string-lengths-backwards,lexicase,TRUE,10,elitize_generation_data,50,3,0.453,90
52,83,string-lengths-backwards,lexicase,TRUE,10,elitize_generation_data,51,4,0.404,90
53,83,string-lengths-backwards,lexicase,TRUE,10,elitize_generation_data,52,2,0.399,90
54,83,string-lengths-backwards,lexicase,TRUE,10,elitize_generation_data,53,1,0.397,90
55,83,string-lengths-backwards,lexicase,TRUE,10,elitize_generation_data,54,1,0.402,90
56,83,string-lengths-backwards,lexicase,TRUE,10,elitize_generation_data,55,1,0.388,90
57,83,string-lengths-backwards,lexicase,TRUE,10,elitize_generation_data,56,1,0.391,90
58,83,string-lengths-backwards,lexicase,TRUE,10,elitize_generation_data,57,1,0.393,90
59,83,string-lengths-backwards,lexicase,TRUE,10,elitize_generation_data,58,1,0.364,90
60,83,string-lengths-backwards,lexicase,TRUE,10,elitize_generation_data,59,1,0.356,90
61,83,string-lengths-backwards,lexicase,TRUE,10,elitize_generation_data,60,1,0.377,90
62,83,string-lengths-backwards,lexicase,TRUE,10,elitize_generation_data,61,1,0.359,90
63,83,string-lengths-backwards,lexicase,TRUE,10,elitize_generation_data,62,1,0.365,90
64,83,string-lengths-backwards,lexicase,TRUE,10,elitize_generation_data,63,1,0.364,90
65,83,string-lengths-backwards,lexicase,TRUE,10,elitize_generation_data,64,1,0.364,90
66,83,string-lengths-backwards,lexicase,TRUE,10,elitize_generation_data,65,1,0.381,90
67,83,string-lengths-backwards,lexicase,TRUE,10,elitize_generation_data,66,1,0.373,90
68,83,string-lengths-backwards,lexicase,TRUE,10,elitize_generation_data,67,1,0.367,90
69,83,string-lengths-backwards,lexicase,TRUE,10,elitize_generation_data,68,1,0.369,90
70,83,string-lengths-backwards,lexicase,TRUE,10,elitize_generation_data,69,1,0.387,90
71,83,string-lengths-backwards,lexicase,TRUE,10,elitize_generation_data,70,1,0.385,90
72,83,string-lengths-backwards,lexicase,TRUE,10,elitize_generation_data,71,1,0.439,90
73,83,string-lengths-backwards,lexicase,TRUE,10,elitize_generation_data,72,1,0.423,90
74,83,string-lengths-backwards,lexicase,TRUE,10,elitize_generation_data,73,1,0.436,90
75,83,string-lengths-backwards,lexicase,TRUE,10,elitize_generation_data,74,1,0.454,90
76,83,string-lengths-backwards,lexicase,TRUE,10,elitize_generation_data,75,1,0.46,90
77,83,string-lengths-backwards,lexicase,TRUE,10,elitize_generation_data,76,1,0.492,90
78,83,string-lengths-backwards,lexicase,TRUE,10,elitize_generation_data,77,1,0.495,90
79,83,string-lengths-backwards,lexicase,TRUE,10,elitize_generation_data,78,2,0.506,90
80,83,string-lengths-backwards,lexicase,TRUE,10,elitize_generation_data,79,2,0.518,90
81,83,string-lengths-backwards,lexicase,TRUE,10,elitize_generation_data,80,2,0.52,90
82,83,string-lengths-backwards,lexicase,TRUE,10,elitize_generation_data,81,3,0.556,90
83,83,string-lengths-backwards,lexicase,TRUE,10,elitize_generation_data,82,7,0.574,90
84,83,string-lengths-backwards,lexicase,TRUE,10,elitize_generation_data,83,14,0.534,90
85,83,string-lengths-backwards,lexicase,TRUE,10,elitize_generation_data,84,11,0.44,90
86,83,string-lengths-backwards,lexicase,TRUE,10,elitize_generation_data,85,8,0.355,90
87,83,string-lengths-backwards,lexicase,TRUE,10,elitize_generation_data,86,7,0.316,90
88,83,string-lengths-backwards,lexicase,TRUE,10,elitize_generation_data,87,6,0.283,90
89,83,string-lengths-backwards,lexicase,TRUE,10,elitize_generation_data,88,6,0.223,90
90,83,string-lengths-backwards,lexicase,TRUE,10,elitize_generation_data,89,6,0.167,90
91,83,string-lengths-backwards,lexicase,TRUE,10,elitize_generation_data,90,8,0.148,90
