,run.num,problem,treatment,succeeded,height,normalization.function,generation,cluster.count,error.diversity,success.generation
1,22,string-lengths-backwards,lexicase,TRUE,10,elitize_generation_data,0,6,0.254,157
2,22,string-lengths-backwards,lexicase,TRUE,10,elitize_generation_data,1,8,0.108,157
3,22,string-lengths-backwards,lexicase,TRUE,10,elitize_generation_data,2,6,0.197,157
4,22,string-lengths-backwards,lexicase,TRUE,10,elitize_generation_data,3,6,0.256,157
5,22,string-lengths-backwards,lexicase,TRUE,10,elitize_generation_data,4,2,0.31,157
6,22,string-lengths-backwards,lexicase,TRUE,10,elitize_generation_data,5,2,0.345,157
7,22,string-lengths-backwards,lexicase,TRUE,10,elitize_generation_data,6,2,0.362,157
8,22,string-lengths-backwards,lexicase,TRUE,10,elitize_generation_data,7,3,0.422,157
9,22,string-lengths-backwards,lexicase,TRUE,10,elitize_generation_data,8,3,0.381,157
10,22,string-lengths-backwards,lexicase,TRUE,10,elitize_generation_data,9,3,0.391,157
11,22,string-lengths-backwards,lexicase,TRUE,10,elitize_generation_data,10,2,0.426,157
12,22,string-lengths-backwards,lexicase,TRUE,10,elitize_generation_data,11,1,0.475,157
13,22,string-lengths-backwards,lexicase,TRUE,10,elitize_generation_data,12,2,0.465,157
14,22,string-lengths-backwards,lexicase,TRUE,10,elitize_generation_data,13,1,0.505,157
15,22,string-lengths-backwards,lexicase,TRUE,10,elitize_generation_data,14,2,0.542,157
16,22,string-lengths-backwards,lexicase,TRUE,10,elitize_generation_data,15,5,0.116,157
17,22,string-lengths-backwards,lexicase,TRUE,10,elitize_generation_data,16,6,0.093,157
18,22,string-lengths-backwards,lexicase,TRUE,10,elitize_generation_data,17,5,0.09,157
19,22,string-lengths-backwards,lexicase,TRUE,10,elitize_generation_data,18,6,0.112,157
20,22,string-lengths-backwards,lexicase,TRUE,10,elitize_generation_data,19,6,0.123,157
21,22,string-lengths-backwards,lexicase,TRUE,10,elitize_generation_data,20,5,0.152,157
22,22,string-lengths-backwards,lexicase,TRUE,10,elitize_generation_data,21,4,0.159,157
23,22,string-lengths-backwards,lexicase,TRUE,10,elitize_generation_data,22,5,0.19,157
24,22,string-lengths-backwards,lexicase,TRUE,10,elitize_generation_data,23,3,0.18,157
25,22,string-lengths-backwards,lexicase,TRUE,10,elitize_generation_data,24,4,0.201,157
26,22,string-lengths-backwards,lexicase,TRUE,10,elitize_generation_data,25,3,0.194,157
27,22,string-lengths-backwards,lexicase,TRUE,10,elitize_generation_data,26,3,0.184,157
28,22,string-lengths-backwards,lexicase,TRUE,10,elitize_generation_data,27,3,0.188,157
29,22,string-lengths-backwards,lexicase,TRUE,10,elitize_generation_data,28,3,0.199,157
30,22,string-lengths-backwards,lexicase,TRUE,10,elitize_generation_data,29,2,0.209,157
31,22,string-lengths-backwards,lexicase,TRUE,10,elitize_generation_data,30,2,0.224,157
32,22,string-lengths-backwards,lexicase,TRUE,10,elitize_generation_data,31,2,0.228,157
33,22,string-lengths-backwards,lexicase,TRUE,10,elitize_generation_data,32,2,0.236,157
34,22,string-lengths-backwards,lexicase,TRUE,10,elitize_generation_data,33,2,0.23,157
35,22,string-lengths-backwards,lexicase,TRUE,10,elitize_generation_data,34,2,0.242,157
36,22,string-lengths-backwards,lexicase,TRUE,10,elitize_generation_data,35,2,0.242,157
37,22,string-lengths-backwards,lexicase,TRUE,10,elitize_generation_data,36,2,0.238,157
38,22,string-lengths-backwards,lexicase,TRUE,10,elitize_generation_data,37,2,0.213,157
39,22,string-lengths-backwards,lexicase,TRUE,10,elitize_generation_data,38,2,0.23,157
40,22,string-lengths-backwards,lexicase,TRUE,10,elitize_generation_data,39,2,0.24,157
41,22,string-lengths-backwards,lexicase,TRUE,10,elitize_generation_data,40,2,0.23,157
42,22,string-lengths-backwards,lexicase,TRUE,10,elitize_generation_data,41,2,0.23,157
43,22,string-lengths-backwards,lexicase,TRUE,10,elitize_generation_data,42,2,0.236,157
44,22,string-lengths-backwards,lexicase,TRUE,10,elitize_generation_data,43,1,0.248,157
45,22,string-lengths-backwards,lexicase,TRUE,10,elitize_generation_data,44,1,0.263,157
46,22,string-lengths-backwards,lexicase,TRUE,10,elitize_generation_data,45,1,0.261,157
47,22,string-lengths-backwards,lexicase,TRUE,10,elitize_generation_data,46,1,0.253,157
48,22,string-lengths-backwards,lexicase,TRUE,10,elitize_generation_data,47,1,0.248,157
49,22,string-lengths-backwards,lexicase,TRUE,10,elitize_generation_data,48,1,0.276,157
50,22,string-lengths-backwards,lexicase,TRUE,10,elitize_generation_data,49,1,0.245,157
51,22,string-lengths-backwards,lexicase,TRUE,10,elitize_generation_data,50,1,0.255,157
52,22,string-lengths-backwards,lexicase,TRUE,10,elitize_generation_data,51,1,0.252,157
53,22,string-lengths-backwards,lexicase,TRUE,10,elitize_generation_data,52,1,0.262,157
54,22,string-lengths-backwards,lexicase,TRUE,10,elitize_generation_data,53,1,0.259,157
55,22,string-lengths-backwards,lexicase,TRUE,10,elitize_generation_data,54,1,0.253,157
56,22,string-lengths-backwards,lexicase,TRUE,10,elitize_generation_data,55,1,0.244,157
57,22,string-lengths-backwards,lexicase,TRUE,10,elitize_generation_data,56,1,0.263,157
58,22,string-lengths-backwards,lexicase,TRUE,10,elitize_generation_data,57,1,0.236,157
59,22,string-lengths-backwards,lexicase,TRUE,10,elitize_generation_data,58,1,0.242,157
60,22,string-lengths-backwards,lexicase,TRUE,10,elitize_generation_data,59,1,0.243,157
61,22,string-lengths-backwards,lexicase,TRUE,10,elitize_generation_data,60,1,0.249,157
62,22,string-lengths-backwards,lexicase,TRUE,10,elitize_generation_data,61,1,0.276,157
63,22,string-lengths-backwards,lexicase,TRUE,10,elitize_generation_data,62,1,0.278,157
64,22,string-lengths-backwards,lexicase,TRUE,10,elitize_generation_data,63,1,0.273,157
65,22,string-lengths-backwards,lexicase,TRUE,10,elitize_generation_data,64,1,0.259,157
66,22,string-lengths-backwards,lexicase,TRUE,10,elitize_generation_data,65,1,0.277,157
67,22,string-lengths-backwards,lexicase,TRUE,10,elitize_generation_data,66,1,0.294,157
68,22,string-lengths-backwards,lexicase,TRUE,10,elitize_generation_data,67,1,0.297,157
69,22,string-lengths-backwards,lexicase,TRUE,10,elitize_generation_data,68,1,0.291,157
70,22,string-lengths-backwards,lexicase,TRUE,10,elitize_generation_data,69,1,0.304,157
71,22,string-lengths-backwards,lexicase,TRUE,10,elitize_generation_data,70,1,0.284,157
72,22,string-lengths-backwards,lexicase,TRUE,10,elitize_generation_data,71,2,0.316,157
73,22,string-lengths-backwards,lexicase,TRUE,10,elitize_generation_data,72,3,0.307,157
74,22,string-lengths-backwards,lexicase,TRUE,10,elitize_generation_data,73,2,0.337,157
75,22,string-lengths-backwards,lexicase,TRUE,10,elitize_generation_data,74,1,0.347,157
76,22,string-lengths-backwards,lexicase,TRUE,10,elitize_generation_data,75,2,0.337,157
77,22,string-lengths-backwards,lexicase,TRUE,10,elitize_generation_data,76,2,0.352,157
78,22,string-lengths-backwards,lexicase,TRUE,10,elitize_generation_data,77,1,0.385,157
79,22,string-lengths-backwards,lexicase,TRUE,10,elitize_generation_data,78,3,0.351,157
80,22,string-lengths-backwards,lexicase,TRUE,10,elitize_generation_data,79,4,0.391,157
81,22,string-lengths-backwards,lexicase,TRUE,10,elitize_generation_data,80,3,0.404,157
82,22,string-lengths-backwards,lexicase,TRUE,10,elitize_generation_data,81,4,0.387,157
83,22,string-lengths-backwards,lexicase,TRUE,10,elitize_generation_data,82,5,0.413,157
84,22,string-lengths-backwards,lexicase,TRUE,10,elitize_generation_data,83,6,0.397,157
85,22,string-lengths-backwards,lexicase,TRUE,10,elitize_generation_data,84,7,0.394,157
86,22,string-lengths-backwards,lexicase,TRUE,10,elitize_generation_data,85,7,0.391,157
87,22,string-lengths-backwards,lexicase,TRUE,10,elitize_generation_data,86,6,0.409,157
88,22,string-lengths-backwards,lexicase,TRUE,10,elitize_generation_data,87,7,0.402,157
89,22,string-lengths-backwards,lexicase,TRUE,10,elitize_generation_data,88,7,0.422,157
90,22,string-lengths-backwards,lexicase,TRUE,10,elitize_generation_data,89,8,0.429,157
91,22,string-lengths-backwards,lexicase,TRUE,10,elitize_generation_data,90,9,0.411,157
92,22,string-lengths-backwards,lexicase,TRUE,10,elitize_generation_data,91,8,0.444,157
93,22,string-lengths-backwards,lexicase,TRUE,10,elitize_generation_data,92,8,0.429,157
94,22,string-lengths-backwards,lexicase,TRUE,10,elitize_generation_data,93,7,0.424,157
95,22,string-lengths-backwards,lexicase,TRUE,10,elitize_generation_data,94,9,0.423,157
96,22,string-lengths-backwards,lexicase,TRUE,10,elitize_generation_data,95,10,0.418,157
97,22,string-lengths-backwards,lexicase,TRUE,10,elitize_generation_data,96,11,0.418,157
98,22,string-lengths-backwards,lexicase,TRUE,10,elitize_generation_data,97,11,0.43,157
99,22,string-lengths-backwards,lexicase,TRUE,10,elitize_generation_data,98,15,0.425,157
100,22,string-lengths-backwards,lexicase,TRUE,10,elitize_generation_data,99,17,0.39,157
101,22,string-lengths-backwards,lexicase,TRUE,10,elitize_generation_data,100,16,0.377,157
102,22,string-lengths-backwards,lexicase,TRUE,10,elitize_generation_data,101,14,0.385,157
103,22,string-lengths-backwards,lexicase,TRUE,10,elitize_generation_data,102,13,0.397,157
104,22,string-lengths-backwards,lexicase,TRUE,10,elitize_generation_data,103,14,0.378,157
105,22,string-lengths-backwards,lexicase,TRUE,10,elitize_generation_data,104,12,0.406,157
106,22,string-lengths-backwards,lexicase,TRUE,10,elitize_generation_data,105,9,0.345,157
107,22,string-lengths-backwards,lexicase,TRUE,10,elitize_generation_data,106,10,0.321,157
108,22,string-lengths-backwards,lexicase,TRUE,10,elitize_generation_data,107,13,0.313,157
109,22,string-lengths-backwards,lexicase,TRUE,10,elitize_generation_data,108,12,0.317,157
110,22,string-lengths-backwards,lexicase,TRUE,10,elitize_generation_data,109,12,0.341,157
111,22,string-lengths-backwards,lexicase,TRUE,10,elitize_generation_data,110,10,0.31,157
112,22,string-lengths-backwards,lexicase,TRUE,10,elitize_generation_data,111,11,0.315,157
113,22,string-lengths-backwards,lexicase,TRUE,10,elitize_generation_data,112,13,0.33,157
114,22,string-lengths-backwards,lexicase,TRUE,10,elitize_generation_data,113,14,0.331,157
115,22,string-lengths-backwards,lexicase,TRUE,10,elitize_generation_data,114,10,0.3,157
116,22,string-lengths-backwards,lexicase,TRUE,10,elitize_generation_data,115,10,0.302,157
117,22,string-lengths-backwards,lexicase,TRUE,10,elitize_generation_data,116,14,0.31,157
118,22,string-lengths-backwards,lexicase,TRUE,10,elitize_generation_data,117,10,0.266,157
119,22,string-lengths-backwards,lexicase,TRUE,10,elitize_generation_data,118,11,0.264,157
120,22,string-lengths-backwards,lexicase,TRUE,10,elitize_generation_data,119,8,0.282,157
121,22,string-lengths-backwards,lexicase,TRUE,10,elitize_generation_data,120,12,0.269,157
122,22,string-lengths-backwards,lexicase,TRUE,10,elitize_generation_data,121,10,0.265,157
123,22,string-lengths-backwards,lexicase,TRUE,10,elitize_generation_data,122,13,0.274,157
124,22,string-lengths-backwards,lexicase,TRUE,10,elitize_generation_data,123,12,0.219,157
125,22,string-lengths-backwards,lexicase,TRUE,10,elitize_generation_data,124,17,0.251,157
126,22,string-lengths-backwards,lexicase,TRUE,10,elitize_generation_data,125,14,0.226,157
127,22,string-lengths-backwards,lexicase,TRUE,10,elitize_generation_data,126,12,0.22,157
128,22,string-lengths-backwards,lexicase,TRUE,10,elitize_generation_data,127,18,0.244,157
129,22,string-lengths-backwards,lexicase,TRUE,10,elitize_generation_data,128,15,0.245,157
130,22,string-lengths-backwards,lexicase,TRUE,10,elitize_generation_data,129,13,0.226,157
131,22,string-lengths-backwards,lexicase,TRUE,10,elitize_generation_data,130,15,0.253,157
132,22,string-lengths-backwards,lexicase,TRUE,10,elitize_generation_data,131,15,0.216,157
133,22,string-lengths-backwards,lexicase,TRUE,10,elitize_generation_data,132,12,0.184,157
134,22,string-lengths-backwards,lexicase,TRUE,10,elitize_generation_data,133,13,0.2,157
135,22,string-lengths-backwards,lexicase,TRUE,10,elitize_generation_data,134,14,0.205,157
136,22,string-lengths-backwards,lexicase,TRUE,10,elitize_generation_data,135,15,0.179,157
137,22,string-lengths-backwards,lexicase,TRUE,10,elitize_generation_data,136,13,0.193,157
138,22,string-lengths-backwards,lexicase,TRUE,10,elitize_generation_data,137,14,0.18,157
139,22,string-lengths-backwards,lexicase,TRUE,10,elitize_generation_data,138,12,0.19,157
140,22,string-lengths-backwards,lexicase,TRUE,10,elitize_generation_data,139,11,0.193,157
141,22,string-lengths-backwards,lexicase,TRUE,10,elitize_generation_data,140,14,0.207,157
142,22,string-lengths-backwards,lexicase,TRUE,10,elitize_generation_data,141,13,0.194,157
143,22,string-lengths-backwards,lexicase,TRUE,10,elitize_generation_data,142,13,0.189,157
144,22,string-lengths-backwards,lexicase,TRUE,10,elitize_generation_data,143,13,0.21,157
145,22,string-lengths-backwards,lexicase,TRUE,10,elitize_generation_data,144,13,0.193,157
146,22,string-lengths-backwards,lexicase,TRUE,10,elitize_generation_data,145,15,0.201,157
147,22,string-lengths-backwards,lexicase,TRUE,10,elitize_generation_data,146,15,0.193,157
148,22,string-lengths-backwards,lexicase,TRUE,10,elitize_generation_data,147,15,0.19,157
149,22,string-lengths-backwards,lexicase,TRUE,10,elitize_generation_data,148,14,0.171,157
150,22,string-lengths-backwards,lexicase,TRUE,10,elitize_generation_data,149,15,0.188,157
151,22,string-lengths-backwards,lexicase,TRUE,10,elitize_generation_data,150,14,0.177,157
152,22,string-lengths-backwards,lexicase,TRUE,10,elitize_generation_data,151,15,0.191,157
153,22,string-lengths-backwards,lexicase,TRUE,10,elitize_generation_data,152,10,0.188,157
154,22,string-lengths-backwards,lexicase,TRUE,10,elitize_generation_data,153,9,0.172,157
155,22,string-lengths-backwards,lexicase,TRUE,10,elitize_generation_data,154,6,0.155,157
156,22,string-lengths-backwards,lexicase,TRUE,10,elitize_generation_data,155,8,0.145,157
157,22,string-lengths-backwards,lexicase,TRUE,10,elitize_generation_data,156,6,0.141,157
158,22,string-lengths-backwards,lexicase,TRUE,10,elitize_generation_data,157,7,0.121,157
