,run.num,problem,treatment,succeeded,height,normalization.function,generation,cluster.count,error.diversity,success.generation
1,4,string-lengths-backwards,lexicase,TRUE,10,elitize_generation_data,0,4,0.278,187
2,4,string-lengths-backwards,lexicase,TRUE,10,elitize_generation_data,1,9,0.252,187
3,4,string-lengths-backwards,lexicase,TRUE,10,elitize_generation_data,2,10,0.402,187
4,4,string-lengths-backwards,lexicase,TRUE,10,elitize_generation_data,3,5,0.527,187
5,4,string-lengths-backwards,lexicase,TRUE,10,elitize_generation_data,4,1,0.515,187
6,4,string-lengths-backwards,lexicase,TRUE,10,elitize_generation_data,5,1,0.596,187
7,4,string-lengths-backwards,lexicase,TRUE,10,elitize_generation_data,6,1,0.625,187
8,4,string-lengths-backwards,lexicase,TRUE,10,elitize_generation_data,7,1,0.651,187
9,4,string-lengths-backwards,lexicase,TRUE,10,elitize_generation_data,8,1,0.671,187
10,4,string-lengths-backwards,lexicase,TRUE,10,elitize_generation_data,9,1,0.699,187
11,4,string-lengths-backwards,lexicase,TRUE,10,elitize_generation_data,10,1,0.679,187
12,4,string-lengths-backwards,lexicase,TRUE,10,elitize_generation_data,11,1,0.693,187
13,4,string-lengths-backwards,lexicase,TRUE,10,elitize_generation_data,12,1,0.694,187
14,4,string-lengths-backwards,lexicase,TRUE,10,elitize_generation_data,13,1,0.701,187
15,4,string-lengths-backwards,lexicase,TRUE,10,elitize_generation_data,14,1,0.694,187
16,4,string-lengths-backwards,lexicase,TRUE,10,elitize_generation_data,15,1,0.721,187
17,4,string-lengths-backwards,lexicase,TRUE,10,elitize_generation_data,16,1,0.695,187
18,4,string-lengths-backwards,lexicase,TRUE,10,elitize_generation_data,17,1,0.71,187
19,4,string-lengths-backwards,lexicase,TRUE,10,elitize_generation_data,18,1,0.745,187
20,4,string-lengths-backwards,lexicase,TRUE,10,elitize_generation_data,19,1,0.709,187
21,4,string-lengths-backwards,lexicase,TRUE,10,elitize_generation_data,20,1,0.749,187
22,4,string-lengths-backwards,lexicase,TRUE,10,elitize_generation_data,21,1,0.739,187
23,4,string-lengths-backwards,lexicase,TRUE,10,elitize_generation_data,22,1,0.694,187
24,4,string-lengths-backwards,lexicase,TRUE,10,elitize_generation_data,23,1,0.742,187
25,4,string-lengths-backwards,lexicase,TRUE,10,elitize_generation_data,24,1,0.73,187
26,4,string-lengths-backwards,lexicase,TRUE,10,elitize_generation_data,25,1,0.748,187
27,4,string-lengths-backwards,lexicase,TRUE,10,elitize_generation_data,26,1,0.734,187
28,4,string-lengths-backwards,lexicase,TRUE,10,elitize_generation_data,27,1,0.761,187
29,4,string-lengths-backwards,lexicase,TRUE,10,elitize_generation_data,28,1,0.736,187
30,4,string-lengths-backwards,lexicase,TRUE,10,elitize_generation_data,29,1,0.722,187
31,4,string-lengths-backwards,lexicase,TRUE,10,elitize_generation_data,30,1,0.738,187
32,4,string-lengths-backwards,lexicase,TRUE,10,elitize_generation_data,31,1,0.728,187
33,4,string-lengths-backwards,lexicase,TRUE,10,elitize_generation_data,32,1,0.75,187
34,4,string-lengths-backwards,lexicase,TRUE,10,elitize_generation_data,33,1,0.722,187
35,4,string-lengths-backwards,lexicase,TRUE,10,elitize_generation_data,34,1,0.765,187
36,4,string-lengths-backwards,lexicase,TRUE,10,elitize_generation_data,35,1,0.781,187
37,4,string-lengths-backwards,lexicase,TRUE,10,elitize_generation_data,36,1,0.777,187
38,4,string-lengths-backwards,lexicase,TRUE,10,elitize_generation_data,37,1,0.766,187
39,4,string-lengths-backwards,lexicase,TRUE,10,elitize_generation_data,38,1,0.792,187
40,4,string-lengths-backwards,lexicase,TRUE,10,elitize_generation_data,39,1,0.758,187
41,4,string-lengths-backwards,lexicase,TRUE,10,elitize_generation_data,40,1,0.776,187
42,4,string-lengths-backwards,lexicase,TRUE,10,elitize_generation_data,41,1,0.765,187
43,4,string-lengths-backwards,lexicase,TRUE,10,elitize_generation_data,42,1,0.785,187
44,4,string-lengths-backwards,lexicase,TRUE,10,elitize_generation_data,43,1,0.772,187
45,4,string-lengths-backwards,lexicase,TRUE,10,elitize_generation_data,44,1,0.788,187
46,4,string-lengths-backwards,lexicase,TRUE,10,elitize_generation_data,45,1,0.766,187
47,4,string-lengths-backwards,lexicase,TRUE,10,elitize_generation_data,46,1,0.786,187
48,4,string-lengths-backwards,lexicase,TRUE,10,elitize_generation_data,47,1,0.777,187
49,4,string-lengths-backwards,lexicase,TRUE,10,elitize_generation_data,48,1,0.768,187
50,4,string-lengths-backwards,lexicase,TRUE,10,elitize_generation_data,49,1,0.778,187
51,4,string-lengths-backwards,lexicase,TRUE,10,elitize_generation_data,50,1,0.793,187
52,4,string-lengths-backwards,lexicase,TRUE,10,elitize_generation_data,51,1,0.783,187
53,4,string-lengths-backwards,lexicase,TRUE,10,elitize_generation_data,52,1,0.762,187
54,4,string-lengths-backwards,lexicase,TRUE,10,elitize_generation_data,53,1,0.798,187
55,4,string-lengths-backwards,lexicase,TRUE,10,elitize_generation_data,54,1,0.774,187
56,4,string-lengths-backwards,lexicase,TRUE,10,elitize_generation_data,55,1,0.811,187
57,4,string-lengths-backwards,lexicase,TRUE,10,elitize_generation_data,56,1,0.761,187
58,4,string-lengths-backwards,lexicase,TRUE,10,elitize_generation_data,57,1,0.766,187
59,4,string-lengths-backwards,lexicase,TRUE,10,elitize_generation_data,58,1,0.784,187
60,4,string-lengths-backwards,lexicase,TRUE,10,elitize_generation_data,59,1,0.781,187
61,4,string-lengths-backwards,lexicase,TRUE,10,elitize_generation_data,60,1,0.809,187
62,4,string-lengths-backwards,lexicase,TRUE,10,elitize_generation_data,61,1,0.787,187
63,4,string-lengths-backwards,lexicase,TRUE,10,elitize_generation_data,62,1,0.768,187
64,4,string-lengths-backwards,lexicase,TRUE,10,elitize_generation_data,63,1,0.786,187
65,4,string-lengths-backwards,lexicase,TRUE,10,elitize_generation_data,64,1,0.774,187
66,4,string-lengths-backwards,lexicase,TRUE,10,elitize_generation_data,65,1,0.772,187
67,4,string-lengths-backwards,lexicase,TRUE,10,elitize_generation_data,66,1,0.777,187
68,4,string-lengths-backwards,lexicase,TRUE,10,elitize_generation_data,67,1,0.788,187
69,4,string-lengths-backwards,lexicase,TRUE,10,elitize_generation_data,68,1,0.774,187
70,4,string-lengths-backwards,lexicase,TRUE,10,elitize_generation_data,69,1,0.791,187
71,4,string-lengths-backwards,lexicase,TRUE,10,elitize_generation_data,70,1,0.762,187
72,4,string-lengths-backwards,lexicase,TRUE,10,elitize_generation_data,71,1,0.794,187
73,4,string-lengths-backwards,lexicase,TRUE,10,elitize_generation_data,72,1,0.768,187
74,4,string-lengths-backwards,lexicase,TRUE,10,elitize_generation_data,73,1,0.728,187
75,4,string-lengths-backwards,lexicase,TRUE,10,elitize_generation_data,74,1,0.769,187
76,4,string-lengths-backwards,lexicase,TRUE,10,elitize_generation_data,75,1,0.784,187
77,4,string-lengths-backwards,lexicase,TRUE,10,elitize_generation_data,76,1,0.779,187
78,4,string-lengths-backwards,lexicase,TRUE,10,elitize_generation_data,77,1,0.78,187
79,4,string-lengths-backwards,lexicase,TRUE,10,elitize_generation_data,78,1,0.766,187
80,4,string-lengths-backwards,lexicase,TRUE,10,elitize_generation_data,79,1,0.787,187
81,4,string-lengths-backwards,lexicase,TRUE,10,elitize_generation_data,80,1,0.757,187
82,4,string-lengths-backwards,lexicase,TRUE,10,elitize_generation_data,81,1,0.748,187
83,4,string-lengths-backwards,lexicase,TRUE,10,elitize_generation_data,82,1,0.765,187
84,4,string-lengths-backwards,lexicase,TRUE,10,elitize_generation_data,83,1,0.751,187
85,4,string-lengths-backwards,lexicase,TRUE,10,elitize_generation_data,84,1,0.749,187
86,4,string-lengths-backwards,lexicase,TRUE,10,elitize_generation_data,85,1,0.739,187
87,4,string-lengths-backwards,lexicase,TRUE,10,elitize_generation_data,86,1,0.748,187
88,4,string-lengths-backwards,lexicase,TRUE,10,elitize_generation_data,87,1,0.746,187
89,4,string-lengths-backwards,lexicase,TRUE,10,elitize_generation_data,88,1,0.73,187
90,4,string-lengths-backwards,lexicase,TRUE,10,elitize_generation_data,89,1,0.742,187
91,4,string-lengths-backwards,lexicase,TRUE,10,elitize_generation_data,90,1,0.744,187
92,4,string-lengths-backwards,lexicase,TRUE,10,elitize_generation_data,91,1,0.776,187
93,4,string-lengths-backwards,lexicase,TRUE,10,elitize_generation_data,92,1,0.763,187
94,4,string-lengths-backwards,lexicase,TRUE,10,elitize_generation_data,93,1,0.747,187
95,4,string-lengths-backwards,lexicase,TRUE,10,elitize_generation_data,94,1,0.774,187
96,4,string-lengths-backwards,lexicase,TRUE,10,elitize_generation_data,95,1,0.761,187
97,4,string-lengths-backwards,lexicase,TRUE,10,elitize_generation_data,96,1,0.757,187
98,4,string-lengths-backwards,lexicase,TRUE,10,elitize_generation_data,97,1,0.743,187
99,4,string-lengths-backwards,lexicase,TRUE,10,elitize_generation_data,98,1,0.783,187
100,4,string-lengths-backwards,lexicase,TRUE,10,elitize_generation_data,99,1,0.78,187
101,4,string-lengths-backwards,lexicase,TRUE,10,elitize_generation_data,100,1,0.777,187
102,4,string-lengths-backwards,lexicase,TRUE,10,elitize_generation_data,101,1,0.753,187
103,4,string-lengths-backwards,lexicase,TRUE,10,elitize_generation_data,102,1,0.777,187
104,4,string-lengths-backwards,lexicase,TRUE,10,elitize_generation_data,103,1,0.755,187
105,4,string-lengths-backwards,lexicase,TRUE,10,elitize_generation_data,104,1,0.78,187
106,4,string-lengths-backwards,lexicase,TRUE,10,elitize_generation_data,105,1,0.749,187
107,4,string-lengths-backwards,lexicase,TRUE,10,elitize_generation_data,106,1,0.774,187
108,4,string-lengths-backwards,lexicase,TRUE,10,elitize_generation_data,107,1,0.741,187
109,4,string-lengths-backwards,lexicase,TRUE,10,elitize_generation_data,108,1,0.765,187
110,4,string-lengths-backwards,lexicase,TRUE,10,elitize_generation_data,109,1,0.772,187
111,4,string-lengths-backwards,lexicase,TRUE,10,elitize_generation_data,110,1,0.762,187
112,4,string-lengths-backwards,lexicase,TRUE,10,elitize_generation_data,111,1,0.774,187
113,4,string-lengths-backwards,lexicase,TRUE,10,elitize_generation_data,112,1,0.751,187
114,4,string-lengths-backwards,lexicase,TRUE,10,elitize_generation_data,113,1,0.732,187
115,4,string-lengths-backwards,lexicase,TRUE,10,elitize_generation_data,114,1,0.785,187
116,4,string-lengths-backwards,lexicase,TRUE,10,elitize_generation_data,115,1,0.758,187
117,4,string-lengths-backwards,lexicase,TRUE,10,elitize_generation_data,116,1,0.757,187
118,4,string-lengths-backwards,lexicase,TRUE,10,elitize_generation_data,117,1,0.745,187
119,4,string-lengths-backwards,lexicase,TRUE,10,elitize_generation_data,118,1,0.736,187
120,4,string-lengths-backwards,lexicase,TRUE,10,elitize_generation_data,119,1,0.766,187
121,4,string-lengths-backwards,lexicase,TRUE,10,elitize_generation_data,120,1,0.772,187
122,4,string-lengths-backwards,lexicase,TRUE,10,elitize_generation_data,121,1,0.776,187
123,4,string-lengths-backwards,lexicase,TRUE,10,elitize_generation_data,122,1,0.761,187
124,4,string-lengths-backwards,lexicase,TRUE,10,elitize_generation_data,123,1,0.765,187
125,4,string-lengths-backwards,lexicase,TRUE,10,elitize_generation_data,124,1,0.784,187
126,4,string-lengths-backwards,lexicase,TRUE,10,elitize_generation_data,125,1,0.777,187
127,4,string-lengths-backwards,lexicase,TRUE,10,elitize_generation_data,126,1,0.742,187
128,4,string-lengths-backwards,lexicase,TRUE,10,elitize_generation_data,127,1,0.718,187
129,4,string-lengths-backwards,lexicase,TRUE,10,elitize_generation_data,128,1,0.766,187
130,4,string-lengths-backwards,lexicase,TRUE,10,elitize_generation_data,129,1,0.762,187
131,4,string-lengths-backwards,lexicase,TRUE,10,elitize_generation_data,130,1,0.774,187
132,4,string-lengths-backwards,lexicase,TRUE,10,elitize_generation_data,131,1,0.749,187
133,4,string-lengths-backwards,lexicase,TRUE,10,elitize_generation_data,132,2,0.784,187
134,4,string-lengths-backwards,lexicase,TRUE,10,elitize_generation_data,133,5,0.657,187
135,4,string-lengths-backwards,lexicase,TRUE,10,elitize_generation_data,134,6,0.518,187
136,4,string-lengths-backwards,lexicase,TRUE,10,elitize_generation_data,135,6,0.314,187
137,4,string-lengths-backwards,lexicase,TRUE,10,elitize_generation_data,136,7,0.25,187
138,4,string-lengths-backwards,lexicase,TRUE,10,elitize_generation_data,137,8,0.227,187
139,4,string-lengths-backwards,lexicase,TRUE,10,elitize_generation_data,138,8,0.177,187
140,4,string-lengths-backwards,lexicase,TRUE,10,elitize_generation_data,139,10,0.208,187
141,4,string-lengths-backwards,lexicase,TRUE,10,elitize_generation_data,140,10,0.204,187
142,4,string-lengths-backwards,lexicase,TRUE,10,elitize_generation_data,141,11,0.213,187
143,4,string-lengths-backwards,lexicase,TRUE,10,elitize_generation_data,142,13,0.192,187
144,4,string-lengths-backwards,lexicase,TRUE,10,elitize_generation_data,143,15,0.208,187
145,4,string-lengths-backwards,lexicase,TRUE,10,elitize_generation_data,144,9,0.239,187
146,4,string-lengths-backwards,lexicase,TRUE,10,elitize_generation_data,145,11,0.26,187
147,4,string-lengths-backwards,lexicase,TRUE,10,elitize_generation_data,146,10,0.243,187
148,4,string-lengths-backwards,lexicase,TRUE,10,elitize_generation_data,147,8,0.247,187
149,4,string-lengths-backwards,lexicase,TRUE,10,elitize_generation_data,148,8,0.295,187
150,4,string-lengths-backwards,lexicase,TRUE,10,elitize_generation_data,149,9,0.286,187
151,4,string-lengths-backwards,lexicase,TRUE,10,elitize_generation_data,150,9,0.284,187
152,4,string-lengths-backwards,lexicase,TRUE,10,elitize_generation_data,151,9,0.276,187
153,4,string-lengths-backwards,lexicase,TRUE,10,elitize_generation_data,152,10,0.295,187
154,4,string-lengths-backwards,lexicase,TRUE,10,elitize_generation_data,153,8,0.312,187
155,4,string-lengths-backwards,lexicase,TRUE,10,elitize_generation_data,154,7,0.339,187
156,4,string-lengths-backwards,lexicase,TRUE,10,elitize_generation_data,155,7,0.386,187
157,4,string-lengths-backwards,lexicase,TRUE,10,elitize_generation_data,156,6,0.365,187
158,4,string-lengths-backwards,lexicase,TRUE,10,elitize_generation_data,157,5,0.408,187
159,4,string-lengths-backwards,lexicase,TRUE,10,elitize_generation_data,158,7,0.268,187
160,4,string-lengths-backwards,lexicase,TRUE,10,elitize_generation_data,159,7,0.224,187
161,4,string-lengths-backwards,lexicase,TRUE,10,elitize_generation_data,160,6,0.16,187
162,4,string-lengths-backwards,lexicase,TRUE,10,elitize_generation_data,161,4,0.176,187
163,4,string-lengths-backwards,lexicase,TRUE,10,elitize_generation_data,162,4,0.178,187
164,4,string-lengths-backwards,lexicase,TRUE,10,elitize_generation_data,163,6,0.181,187
165,4,string-lengths-backwards,lexicase,TRUE,10,elitize_generation_data,164,3,0.168,187
166,4,string-lengths-backwards,lexicase,TRUE,10,elitize_generation_data,165,2,0.174,187
167,4,string-lengths-backwards,lexicase,TRUE,10,elitize_generation_data,166,3,0.173,187
168,4,string-lengths-backwards,lexicase,TRUE,10,elitize_generation_data,167,4,0.134,187
169,4,string-lengths-backwards,lexicase,TRUE,10,elitize_generation_data,168,4,0.155,187
170,4,string-lengths-backwards,lexicase,TRUE,10,elitize_generation_data,169,4,0.158,187
171,4,string-lengths-backwards,lexicase,TRUE,10,elitize_generation_data,170,5,0.17,187
172,4,string-lengths-backwards,lexicase,TRUE,10,elitize_generation_data,171,4,0.162,187
173,4,string-lengths-backwards,lexicase,TRUE,10,elitize_generation_data,172,6,0.151,187
174,4,string-lengths-backwards,lexicase,TRUE,10,elitize_generation_data,173,3,0.155,187
175,4,string-lengths-backwards,lexicase,TRUE,10,elitize_generation_data,174,4,0.164,187
176,4,string-lengths-backwards,lexicase,TRUE,10,elitize_generation_data,175,3,0.169,187
177,4,string-lengths-backwards,lexicase,TRUE,10,elitize_generation_data,176,6,0.188,187
178,4,string-lengths-backwards,lexicase,TRUE,10,elitize_generation_data,177,4,0.154,187
179,4,string-lengths-backwards,lexicase,TRUE,10,elitize_generation_data,178,4,0.16,187
180,4,string-lengths-backwards,lexicase,TRUE,10,elitize_generation_data,179,3,0.156,187
181,4,string-lengths-backwards,lexicase,TRUE,10,elitize_generation_data,180,5,0.177,187
182,4,string-lengths-backwards,lexicase,TRUE,10,elitize_generation_data,181,6,0.165,187
183,4,string-lengths-backwards,lexicase,TRUE,10,elitize_generation_data,182,4,0.179,187
184,4,string-lengths-backwards,lexicase,TRUE,10,elitize_generation_data,183,4,0.157,187
185,4,string-lengths-backwards,lexicase,TRUE,10,elitize_generation_data,184,5,0.164,187
186,4,string-lengths-backwards,lexicase,TRUE,10,elitize_generation_data,185,4,0.153,187
187,4,string-lengths-backwards,lexicase,TRUE,10,elitize_generation_data,186,5,0.182,187
188,4,string-lengths-backwards,lexicase,TRUE,10,elitize_generation_data,187,5,0.165,187
