,run.num,problem,treatment,succeeded,height,normalization.function,generation,cluster.count,error.diversity,success.generation
1,57,string-lengths-backwards,lexicase,TRUE,10,elitize_generation_data,0,3,0.242,27
2,57,string-lengths-backwards,lexicase,TRUE,10,elitize_generation_data,1,5,0.16,27
3,57,string-lengths-backwards,lexicase,TRUE,10,elitize_generation_data,2,7,0.214,27
4,57,string-lengths-backwards,lexicase,TRUE,10,elitize_generation_data,3,7,0.249,27
5,57,string-lengths-backwards,lexicase,TRUE,10,elitize_generation_data,4,5,0.274,27
6,57,string-lengths-backwards,lexicase,TRUE,10,elitize_generation_data,5,6,0.273,27
7,57,string-lengths-backwards,lexicase,TRUE,10,elitize_generation_data,6,3,0.3,27
8,57,string-lengths-backwards,lexicase,TRUE,10,elitize_generation_data,7,3,0.342,27
9,57,string-lengths-backwards,lexicase,TRUE,10,elitize_generation_data,8,2,0.384,27
10,57,string-lengths-backwards,lexicase,TRUE,10,elitize_generation_data,9,7,0.123,27
11,57,string-lengths-backwards,lexicase,TRUE,10,elitize_generation_data,10,5,0.084,27
12,57,string-lengths-backwards,lexicase,TRUE,10,elitize_generation_data,11,5,0.079,27
13,57,string-lengths-backwards,lexicase,TRUE,10,elitize_generation_data,12,4,0.076,27
14,57,string-lengths-backwards,lexicase,TRUE,10,elitize_generation_data,13,5,0.071,27
15,57,string-lengths-backwards,lexicase,TRUE,10,elitize_generation_data,14,5,0.087,27
16,57,string-lengths-backwards,lexicase,TRUE,10,elitize_generation_data,15,7,0.083,27
17,57,string-lengths-backwards,lexicase,TRUE,10,elitize_generation_data,16,6,0.08,27
18,57,string-lengths-backwards,lexicase,TRUE,10,elitize_generation_data,17,5,0.079,27
19,57,string-lengths-backwards,lexicase,TRUE,10,elitize_generation_data,18,6,0.082,27
20,57,string-lengths-backwards,lexicase,TRUE,10,elitize_generation_data,19,6,0.085,27
21,57,string-lengths-backwards,lexicase,TRUE,10,elitize_generation_data,20,8,0.086,27
22,57,string-lengths-backwards,lexicase,TRUE,10,elitize_generation_data,21,5,0.097,27
23,57,string-lengths-backwards,lexicase,TRUE,10,elitize_generation_data,22,6,0.088,27
24,57,string-lengths-backwards,lexicase,TRUE,10,elitize_generation_data,23,5,0.09,27
25,57,string-lengths-backwards,lexicase,TRUE,10,elitize_generation_data,24,5,0.09,27
26,57,string-lengths-backwards,lexicase,TRUE,10,elitize_generation_data,25,5,0.089,27
27,57,string-lengths-backwards,lexicase,TRUE,10,elitize_generation_data,26,6,0.104,27
28,57,string-lengths-backwards,lexicase,TRUE,10,elitize_generation_data,27,2,0.085,27
