,run.num,problem,treatment,succeeded,height,normalization.function,generation,cluster.count,error.diversity,success.generation
1,16,string-lengths-backwards,lexicase,TRUE,10,elitize_generation_data,0,5,0.273,228
2,16,string-lengths-backwards,lexicase,TRUE,10,elitize_generation_data,1,13,0.153,228
3,16,string-lengths-backwards,lexicase,TRUE,10,elitize_generation_data,2,16,0.226,228
4,16,string-lengths-backwards,lexicase,TRUE,10,elitize_generation_data,3,3,0.245,228
5,16,string-lengths-backwards,lexicase,TRUE,10,elitize_generation_data,4,3,0.413,228
6,16,string-lengths-backwards,lexicase,TRUE,10,elitize_generation_data,5,2,0.513,228
7,16,string-lengths-backwards,lexicase,TRUE,10,elitize_generation_data,6,1,0.63,228
8,16,string-lengths-backwards,lexicase,TRUE,10,elitize_generation_data,7,1,0.621,228
9,16,string-lengths-backwards,lexicase,TRUE,10,elitize_generation_data,8,1,0.629,228
10,16,string-lengths-backwards,lexicase,TRUE,10,elitize_generation_data,9,1,0.658,228
11,16,string-lengths-backwards,lexicase,TRUE,10,elitize_generation_data,10,1,0.678,228
12,16,string-lengths-backwards,lexicase,TRUE,10,elitize_generation_data,11,1,0.67,228
13,16,string-lengths-backwards,lexicase,TRUE,10,elitize_generation_data,12,1,0.675,228
14,16,string-lengths-backwards,lexicase,TRUE,10,elitize_generation_data,13,1,0.657,228
15,16,string-lengths-backwards,lexicase,TRUE,10,elitize_generation_data,14,1,0.662,228
16,16,string-lengths-backwards,lexicase,TRUE,10,elitize_generation_data,15,1,0.703,228
17,16,string-lengths-backwards,lexicase,TRUE,10,elitize_generation_data,16,1,0.685,228
18,16,string-lengths-backwards,lexicase,TRUE,10,elitize_generation_data,17,1,0.722,228
19,16,string-lengths-backwards,lexicase,TRUE,10,elitize_generation_data,18,1,0.696,228
20,16,string-lengths-backwards,lexicase,TRUE,10,elitize_generation_data,19,1,0.694,228
21,16,string-lengths-backwards,lexicase,TRUE,10,elitize_generation_data,20,1,0.702,228
22,16,string-lengths-backwards,lexicase,TRUE,10,elitize_generation_data,21,1,0.719,228
23,16,string-lengths-backwards,lexicase,TRUE,10,elitize_generation_data,22,1,0.698,228
24,16,string-lengths-backwards,lexicase,TRUE,10,elitize_generation_data,23,1,0.714,228
25,16,string-lengths-backwards,lexicase,TRUE,10,elitize_generation_data,24,1,0.738,228
26,16,string-lengths-backwards,lexicase,TRUE,10,elitize_generation_data,25,1,0.705,228
27,16,string-lengths-backwards,lexicase,TRUE,10,elitize_generation_data,26,1,0.705,228
28,16,string-lengths-backwards,lexicase,TRUE,10,elitize_generation_data,27,1,0.699,228
29,16,string-lengths-backwards,lexicase,TRUE,10,elitize_generation_data,28,1,0.71,228
30,16,string-lengths-backwards,lexicase,TRUE,10,elitize_generation_data,29,1,0.699,228
31,16,string-lengths-backwards,lexicase,TRUE,10,elitize_generation_data,30,1,0.713,228
32,16,string-lengths-backwards,lexicase,TRUE,10,elitize_generation_data,31,1,0.708,228
33,16,string-lengths-backwards,lexicase,TRUE,10,elitize_generation_data,32,1,0.704,228
34,16,string-lengths-backwards,lexicase,TRUE,10,elitize_generation_data,33,1,0.716,228
35,16,string-lengths-backwards,lexicase,TRUE,10,elitize_generation_data,34,1,0.737,228
36,16,string-lengths-backwards,lexicase,TRUE,10,elitize_generation_data,35,1,0.725,228
37,16,string-lengths-backwards,lexicase,TRUE,10,elitize_generation_data,36,1,0.706,228
38,16,string-lengths-backwards,lexicase,TRUE,10,elitize_generation_data,37,1,0.683,228
39,16,string-lengths-backwards,lexicase,TRUE,10,elitize_generation_data,38,1,0.689,228
40,16,string-lengths-backwards,lexicase,TRUE,10,elitize_generation_data,39,1,0.708,228
41,16,string-lengths-backwards,lexicase,TRUE,10,elitize_generation_data,40,1,0.715,228
42,16,string-lengths-backwards,lexicase,TRUE,10,elitize_generation_data,41,1,0.695,228
43,16,string-lengths-backwards,lexicase,TRUE,10,elitize_generation_data,42,1,0.742,228
44,16,string-lengths-backwards,lexicase,TRUE,10,elitize_generation_data,43,1,0.712,228
45,16,string-lengths-backwards,lexicase,TRUE,10,elitize_generation_data,44,1,0.733,228
46,16,string-lengths-backwards,lexicase,TRUE,10,elitize_generation_data,45,1,0.705,228
47,16,string-lengths-backwards,lexicase,TRUE,10,elitize_generation_data,46,1,0.713,228
48,16,string-lengths-backwards,lexicase,TRUE,10,elitize_generation_data,47,1,0.713,228
49,16,string-lengths-backwards,lexicase,TRUE,10,elitize_generation_data,48,1,0.728,228
50,16,string-lengths-backwards,lexicase,TRUE,10,elitize_generation_data,49,1,0.721,228
51,16,string-lengths-backwards,lexicase,TRUE,10,elitize_generation_data,50,1,0.705,228
52,16,string-lengths-backwards,lexicase,TRUE,10,elitize_generation_data,51,1,0.691,228
53,16,string-lengths-backwards,lexicase,TRUE,10,elitize_generation_data,52,1,0.71,228
54,16,string-lengths-backwards,lexicase,TRUE,10,elitize_generation_data,53,1,0.713,228
55,16,string-lengths-backwards,lexicase,TRUE,10,elitize_generation_data,54,1,0.726,228
56,16,string-lengths-backwards,lexicase,TRUE,10,elitize_generation_data,55,1,0.703,228
57,16,string-lengths-backwards,lexicase,TRUE,10,elitize_generation_data,56,1,0.695,228
58,16,string-lengths-backwards,lexicase,TRUE,10,elitize_generation_data,57,1,0.714,228
59,16,string-lengths-backwards,lexicase,TRUE,10,elitize_generation_data,58,1,0.71,228
60,16,string-lengths-backwards,lexicase,TRUE,10,elitize_generation_data,59,1,0.703,228
61,16,string-lengths-backwards,lexicase,TRUE,10,elitize_generation_data,60,1,0.69,228
62,16,string-lengths-backwards,lexicase,TRUE,10,elitize_generation_data,61,1,0.697,228
63,16,string-lengths-backwards,lexicase,TRUE,10,elitize_generation_data,62,1,0.677,228
64,16,string-lengths-backwards,lexicase,TRUE,10,elitize_generation_data,63,1,0.697,228
65,16,string-lengths-backwards,lexicase,TRUE,10,elitize_generation_data,64,1,0.717,228
66,16,string-lengths-backwards,lexicase,TRUE,10,elitize_generation_data,65,1,0.717,228
67,16,string-lengths-backwards,lexicase,TRUE,10,elitize_generation_data,66,1,0.703,228
68,16,string-lengths-backwards,lexicase,TRUE,10,elitize_generation_data,67,1,0.702,228
69,16,string-lengths-backwards,lexicase,TRUE,10,elitize_generation_data,68,1,0.696,228
70,16,string-lengths-backwards,lexicase,TRUE,10,elitize_generation_data,69,1,0.716,228
71,16,string-lengths-backwards,lexicase,TRUE,10,elitize_generation_data,70,1,0.708,228
72,16,string-lengths-backwards,lexicase,TRUE,10,elitize_generation_data,71,1,0.691,228
73,16,string-lengths-backwards,lexicase,TRUE,10,elitize_generation_data,72,1,0.707,228
74,16,string-lengths-backwards,lexicase,TRUE,10,elitize_generation_data,73,1,0.686,228
75,16,string-lengths-backwards,lexicase,TRUE,10,elitize_generation_data,74,1,0.701,228
76,16,string-lengths-backwards,lexicase,TRUE,10,elitize_generation_data,75,1,0.7,228
77,16,string-lengths-backwards,lexicase,TRUE,10,elitize_generation_data,76,1,0.693,228
78,16,string-lengths-backwards,lexicase,TRUE,10,elitize_generation_data,77,1,0.682,228
79,16,string-lengths-backwards,lexicase,TRUE,10,elitize_generation_data,78,1,0.67,228
80,16,string-lengths-backwards,lexicase,TRUE,10,elitize_generation_data,79,1,0.726,228
81,16,string-lengths-backwards,lexicase,TRUE,10,elitize_generation_data,80,1,0.724,228
82,16,string-lengths-backwards,lexicase,TRUE,10,elitize_generation_data,81,1,0.721,228
83,16,string-lengths-backwards,lexicase,TRUE,10,elitize_generation_data,82,1,0.746,228
84,16,string-lengths-backwards,lexicase,TRUE,10,elitize_generation_data,83,1,0.709,228
85,16,string-lengths-backwards,lexicase,TRUE,10,elitize_generation_data,84,1,0.709,228
86,16,string-lengths-backwards,lexicase,TRUE,10,elitize_generation_data,85,1,0.719,228
87,16,string-lengths-backwards,lexicase,TRUE,10,elitize_generation_data,86,1,0.7,228
88,16,string-lengths-backwards,lexicase,TRUE,10,elitize_generation_data,87,1,0.716,228
89,16,string-lengths-backwards,lexicase,TRUE,10,elitize_generation_data,88,1,0.699,228
90,16,string-lengths-backwards,lexicase,TRUE,10,elitize_generation_data,89,1,0.729,228
91,16,string-lengths-backwards,lexicase,TRUE,10,elitize_generation_data,90,1,0.734,228
92,16,string-lengths-backwards,lexicase,TRUE,10,elitize_generation_data,91,1,0.717,228
93,16,string-lengths-backwards,lexicase,TRUE,10,elitize_generation_data,92,1,0.748,228
94,16,string-lengths-backwards,lexicase,TRUE,10,elitize_generation_data,93,1,0.733,228
95,16,string-lengths-backwards,lexicase,TRUE,10,elitize_generation_data,94,1,0.715,228
96,16,string-lengths-backwards,lexicase,TRUE,10,elitize_generation_data,95,1,0.706,228
97,16,string-lengths-backwards,lexicase,TRUE,10,elitize_generation_data,96,1,0.704,228
98,16,string-lengths-backwards,lexicase,TRUE,10,elitize_generation_data,97,1,0.709,228
99,16,string-lengths-backwards,lexicase,TRUE,10,elitize_generation_data,98,1,0.728,228
100,16,string-lengths-backwards,lexicase,TRUE,10,elitize_generation_data,99,1,0.725,228
101,16,string-lengths-backwards,lexicase,TRUE,10,elitize_generation_data,100,1,0.69,228
102,16,string-lengths-backwards,lexicase,TRUE,10,elitize_generation_data,101,1,0.705,228
103,16,string-lengths-backwards,lexicase,TRUE,10,elitize_generation_data,102,1,0.678,228
104,16,string-lengths-backwards,lexicase,TRUE,10,elitize_generation_data,103,1,0.7,228
105,16,string-lengths-backwards,lexicase,TRUE,10,elitize_generation_data,104,1,0.727,228
106,16,string-lengths-backwards,lexicase,TRUE,10,elitize_generation_data,105,1,0.724,228
107,16,string-lengths-backwards,lexicase,TRUE,10,elitize_generation_data,106,1,0.677,228
108,16,string-lengths-backwards,lexicase,TRUE,10,elitize_generation_data,107,1,0.74,228
109,16,string-lengths-backwards,lexicase,TRUE,10,elitize_generation_data,108,1,0.696,228
110,16,string-lengths-backwards,lexicase,TRUE,10,elitize_generation_data,109,1,0.711,228
111,16,string-lengths-backwards,lexicase,TRUE,10,elitize_generation_data,110,1,0.676,228
112,16,string-lengths-backwards,lexicase,TRUE,10,elitize_generation_data,111,1,0.705,228
113,16,string-lengths-backwards,lexicase,TRUE,10,elitize_generation_data,112,1,0.703,228
114,16,string-lengths-backwards,lexicase,TRUE,10,elitize_generation_data,113,1,0.704,228
115,16,string-lengths-backwards,lexicase,TRUE,10,elitize_generation_data,114,1,0.7,228
116,16,string-lengths-backwards,lexicase,TRUE,10,elitize_generation_data,115,1,0.746,228
117,16,string-lengths-backwards,lexicase,TRUE,10,elitize_generation_data,116,1,0.724,228
118,16,string-lengths-backwards,lexicase,TRUE,10,elitize_generation_data,117,1,0.694,228
119,16,string-lengths-backwards,lexicase,TRUE,10,elitize_generation_data,118,1,0.723,228
120,16,string-lengths-backwards,lexicase,TRUE,10,elitize_generation_data,119,1,0.728,228
121,16,string-lengths-backwards,lexicase,TRUE,10,elitize_generation_data,120,1,0.7,228
122,16,string-lengths-backwards,lexicase,TRUE,10,elitize_generation_data,121,1,0.705,228
123,16,string-lengths-backwards,lexicase,TRUE,10,elitize_generation_data,122,1,0.716,228
124,16,string-lengths-backwards,lexicase,TRUE,10,elitize_generation_data,123,1,0.716,228
125,16,string-lengths-backwards,lexicase,TRUE,10,elitize_generation_data,124,1,0.728,228
126,16,string-lengths-backwards,lexicase,TRUE,10,elitize_generation_data,125,1,0.745,228
127,16,string-lengths-backwards,lexicase,TRUE,10,elitize_generation_data,126,1,0.723,228
128,16,string-lengths-backwards,lexicase,TRUE,10,elitize_generation_data,127,1,0.726,228
129,16,string-lengths-backwards,lexicase,TRUE,10,elitize_generation_data,128,1,0.718,228
130,16,string-lengths-backwards,lexicase,TRUE,10,elitize_generation_data,129,1,0.708,228
131,16,string-lengths-backwards,lexicase,TRUE,10,elitize_generation_data,130,1,0.714,228
132,16,string-lengths-backwards,lexicase,TRUE,10,elitize_generation_data,131,1,0.726,228
133,16,string-lengths-backwards,lexicase,TRUE,10,elitize_generation_data,132,1,0.75,228
134,16,string-lengths-backwards,lexicase,TRUE,10,elitize_generation_data,133,1,0.726,228
135,16,string-lengths-backwards,lexicase,TRUE,10,elitize_generation_data,134,1,0.714,228
136,16,string-lengths-backwards,lexicase,TRUE,10,elitize_generation_data,135,1,0.727,228
137,16,string-lengths-backwards,lexicase,TRUE,10,elitize_generation_data,136,1,0.697,228
138,16,string-lengths-backwards,lexicase,TRUE,10,elitize_generation_data,137,1,0.707,228
139,16,string-lengths-backwards,lexicase,TRUE,10,elitize_generation_data,138,1,0.73,228
140,16,string-lengths-backwards,lexicase,TRUE,10,elitize_generation_data,139,1,0.737,228
141,16,string-lengths-backwards,lexicase,TRUE,10,elitize_generation_data,140,1,0.698,228
142,16,string-lengths-backwards,lexicase,TRUE,10,elitize_generation_data,141,1,0.704,228
143,16,string-lengths-backwards,lexicase,TRUE,10,elitize_generation_data,142,1,0.725,228
144,16,string-lengths-backwards,lexicase,TRUE,10,elitize_generation_data,143,3,0.711,228
145,16,string-lengths-backwards,lexicase,TRUE,10,elitize_generation_data,144,5,0.506,228
146,16,string-lengths-backwards,lexicase,TRUE,10,elitize_generation_data,145,4,0.491,228
147,16,string-lengths-backwards,lexicase,TRUE,10,elitize_generation_data,146,5,0.426,228
148,16,string-lengths-backwards,lexicase,TRUE,10,elitize_generation_data,147,8,0.321,228
149,16,string-lengths-backwards,lexicase,TRUE,10,elitize_generation_data,148,5,0.281,228
150,16,string-lengths-backwards,lexicase,TRUE,10,elitize_generation_data,149,6,0.243,228
151,16,string-lengths-backwards,lexicase,TRUE,10,elitize_generation_data,150,7,0.235,228
152,16,string-lengths-backwards,lexicase,TRUE,10,elitize_generation_data,151,8,0.239,228
153,16,string-lengths-backwards,lexicase,TRUE,10,elitize_generation_data,152,7,0.246,228
154,16,string-lengths-backwards,lexicase,TRUE,10,elitize_generation_data,153,9,0.239,228
155,16,string-lengths-backwards,lexicase,TRUE,10,elitize_generation_data,154,10,0.242,228
156,16,string-lengths-backwards,lexicase,TRUE,10,elitize_generation_data,155,12,0.248,228
157,16,string-lengths-backwards,lexicase,TRUE,10,elitize_generation_data,156,10,0.257,228
158,16,string-lengths-backwards,lexicase,TRUE,10,elitize_generation_data,157,14,0.26,228
159,16,string-lengths-backwards,lexicase,TRUE,10,elitize_generation_data,158,13,0.237,228
160,16,string-lengths-backwards,lexicase,TRUE,10,elitize_generation_data,159,14,0.261,228
161,16,string-lengths-backwards,lexicase,TRUE,10,elitize_generation_data,160,17,0.277,228
162,16,string-lengths-backwards,lexicase,TRUE,10,elitize_generation_data,161,18,0.292,228
163,16,string-lengths-backwards,lexicase,TRUE,10,elitize_generation_data,162,14,0.266,228
164,16,string-lengths-backwards,lexicase,TRUE,10,elitize_generation_data,163,15,0.323,228
165,16,string-lengths-backwards,lexicase,TRUE,10,elitize_generation_data,164,18,0.319,228
166,16,string-lengths-backwards,lexicase,TRUE,10,elitize_generation_data,165,16,0.308,228
167,16,string-lengths-backwards,lexicase,TRUE,10,elitize_generation_data,166,14,0.372,228
168,16,string-lengths-backwards,lexicase,TRUE,10,elitize_generation_data,167,12,0.388,228
169,16,string-lengths-backwards,lexicase,TRUE,10,elitize_generation_data,168,11,0.404,228
170,16,string-lengths-backwards,lexicase,TRUE,10,elitize_generation_data,169,12,0.403,228
171,16,string-lengths-backwards,lexicase,TRUE,10,elitize_generation_data,170,10,0.415,228
172,16,string-lengths-backwards,lexicase,TRUE,10,elitize_generation_data,171,8,0.458,228
173,16,string-lengths-backwards,lexicase,TRUE,10,elitize_generation_data,172,9,0.426,228
174,16,string-lengths-backwards,lexicase,TRUE,10,elitize_generation_data,173,8,0.425,228
175,16,string-lengths-backwards,lexicase,TRUE,10,elitize_generation_data,174,8,0.44,228
176,16,string-lengths-backwards,lexicase,TRUE,10,elitize_generation_data,175,5,0.434,228
177,16,string-lengths-backwards,lexicase,TRUE,10,elitize_generation_data,176,3,0.458,228
178,16,string-lengths-backwards,lexicase,TRUE,10,elitize_generation_data,177,3,0.459,228
179,16,string-lengths-backwards,lexicase,TRUE,10,elitize_generation_data,178,2,0.468,228
180,16,string-lengths-backwards,lexicase,TRUE,10,elitize_generation_data,179,2,0.474,228
181,16,string-lengths-backwards,lexicase,TRUE,10,elitize_generation_data,180,2,0.486,228
182,16,string-lengths-backwards,lexicase,TRUE,10,elitize_generation_data,181,2,0.508,228
183,16,string-lengths-backwards,lexicase,TRUE,10,elitize_generation_data,182,2,0.489,228
184,16,string-lengths-backwards,lexicase,TRUE,10,elitize_generation_data,183,2,0.473,228
185,16,string-lengths-backwards,lexicase,TRUE,10,elitize_generation_data,184,2,0.482,228
186,16,string-lengths-backwards,lexicase,TRUE,10,elitize_generation_data,185,1,0.524,228
187,16,string-lengths-backwards,lexicase,TRUE,10,elitize_generation_data,186,1,0.542,228
188,16,string-lengths-backwards,lexicase,TRUE,10,elitize_generation_data,187,1,0.55,228
189,16,string-lengths-backwards,lexicase,TRUE,10,elitize_generation_data,188,1,0.528,228
190,16,string-lengths-backwards,lexicase,TRUE,10,elitize_generation_data,189,1,0.538,228
191,16,string-lengths-backwards,lexicase,TRUE,10,elitize_generation_data,190,1,0.532,228
192,16,string-lengths-backwards,lexicase,TRUE,10,elitize_generation_data,191,1,0.561,228
193,16,string-lengths-backwards,lexicase,TRUE,10,elitize_generation_data,192,1,0.589,228
194,16,string-lengths-backwards,lexicase,TRUE,10,elitize_generation_data,193,1,0.603,228
195,16,string-lengths-backwards,lexicase,TRUE,10,elitize_generation_data,194,1,0.563,228
196,16,string-lengths-backwards,lexicase,TRUE,10,elitize_generation_data,195,1,0.57,228
197,16,string-lengths-backwards,lexicase,TRUE,10,elitize_generation_data,196,1,0.58,228
198,16,string-lengths-backwards,lexicase,TRUE,10,elitize_generation_data,197,1,0.597,228
199,16,string-lengths-backwards,lexicase,TRUE,10,elitize_generation_data,198,1,0.552,228
200,16,string-lengths-backwards,lexicase,TRUE,10,elitize_generation_data,199,1,0.584,228
201,16,string-lengths-backwards,lexicase,TRUE,10,elitize_generation_data,200,1,0.583,228
202,16,string-lengths-backwards,lexicase,TRUE,10,elitize_generation_data,201,1,0.598,228
203,16,string-lengths-backwards,lexicase,TRUE,10,elitize_generation_data,202,1,0.64,228
204,16,string-lengths-backwards,lexicase,TRUE,10,elitize_generation_data,203,1,0.603,228
205,16,string-lengths-backwards,lexicase,TRUE,10,elitize_generation_data,204,1,0.635,228
206,16,string-lengths-backwards,lexicase,TRUE,10,elitize_generation_data,205,1,0.618,228
207,16,string-lengths-backwards,lexicase,TRUE,10,elitize_generation_data,206,1,0.614,228
208,16,string-lengths-backwards,lexicase,TRUE,10,elitize_generation_data,207,2,0.621,228
209,16,string-lengths-backwards,lexicase,TRUE,10,elitize_generation_data,208,2,0.645,228
210,16,string-lengths-backwards,lexicase,TRUE,10,elitize_generation_data,209,2,0.652,228
211,16,string-lengths-backwards,lexicase,TRUE,10,elitize_generation_data,210,2,0.611,228
212,16,string-lengths-backwards,lexicase,TRUE,10,elitize_generation_data,211,3,0.639,228
213,16,string-lengths-backwards,lexicase,TRUE,10,elitize_generation_data,212,3,0.658,228
214,16,string-lengths-backwards,lexicase,TRUE,10,elitize_generation_data,213,3,0.689,228
215,16,string-lengths-backwards,lexicase,TRUE,10,elitize_generation_data,214,3,0.683,228
216,16,string-lengths-backwards,lexicase,TRUE,10,elitize_generation_data,215,3,0.676,228
217,16,string-lengths-backwards,lexicase,TRUE,10,elitize_generation_data,216,3,0.661,228
218,16,string-lengths-backwards,lexicase,TRUE,10,elitize_generation_data,217,3,0.661,228
219,16,string-lengths-backwards,lexicase,TRUE,10,elitize_generation_data,218,4,0.679,228
220,16,string-lengths-backwards,lexicase,TRUE,10,elitize_generation_data,219,5,0.494,228
221,16,string-lengths-backwards,lexicase,TRUE,10,elitize_generation_data,220,8,0.467,228
222,16,string-lengths-backwards,lexicase,TRUE,10,elitize_generation_data,221,3,0.455,228
223,16,string-lengths-backwards,lexicase,TRUE,10,elitize_generation_data,222,7,0.446,228
224,16,string-lengths-backwards,lexicase,TRUE,10,elitize_generation_data,223,6,0.358,228
225,16,string-lengths-backwards,lexicase,TRUE,10,elitize_generation_data,224,5,0.361,228
226,16,string-lengths-backwards,lexicase,TRUE,10,elitize_generation_data,225,5,0.342,228
227,16,string-lengths-backwards,lexicase,TRUE,10,elitize_generation_data,226,7,0.306,228
228,16,string-lengths-backwards,lexicase,TRUE,10,elitize_generation_data,227,8,0.3,228
229,16,string-lengths-backwards,lexicase,TRUE,10,elitize_generation_data,228,5,0.198,228
