,run.num,problem,treatment,succeeded,height,normalization.function,generation,cluster.count,error.diversity,success.generation
1,59,string-lengths-backwards,lexicase,TRUE,10,elitize_generation_data,0,8,0.26,107
2,59,string-lengths-backwards,lexicase,TRUE,10,elitize_generation_data,1,20,0.245,107
3,59,string-lengths-backwards,lexicase,TRUE,10,elitize_generation_data,2,6,0.272,107
4,59,string-lengths-backwards,lexicase,TRUE,10,elitize_generation_data,3,6,0.426,107
5,59,string-lengths-backwards,lexicase,TRUE,10,elitize_generation_data,4,11,0.38,107
6,59,string-lengths-backwards,lexicase,TRUE,10,elitize_generation_data,5,5,0.458,107
7,59,string-lengths-backwards,lexicase,TRUE,10,elitize_generation_data,6,8,0.328,107
8,59,string-lengths-backwards,lexicase,TRUE,10,elitize_generation_data,7,4,0.413,107
9,59,string-lengths-backwards,lexicase,TRUE,10,elitize_generation_data,8,4,0.432,107
10,59,string-lengths-backwards,lexicase,TRUE,10,elitize_generation_data,9,4,0.411,107
11,59,string-lengths-backwards,lexicase,TRUE,10,elitize_generation_data,10,3,0.415,107
12,59,string-lengths-backwards,lexicase,TRUE,10,elitize_generation_data,11,3,0.465,107
13,59,string-lengths-backwards,lexicase,TRUE,10,elitize_generation_data,12,4,0.471,107
14,59,string-lengths-backwards,lexicase,TRUE,10,elitize_generation_data,13,2,0.538,107
15,59,string-lengths-backwards,lexicase,TRUE,10,elitize_generation_data,14,5,0.468,107
16,59,string-lengths-backwards,lexicase,TRUE,10,elitize_generation_data,15,4,0.517,107
17,59,string-lengths-backwards,lexicase,TRUE,10,elitize_generation_data,16,3,0.471,107
18,59,string-lengths-backwards,lexicase,TRUE,10,elitize_generation_data,17,2,0.424,107
19,59,string-lengths-backwards,lexicase,TRUE,10,elitize_generation_data,18,3,0.431,107
20,59,string-lengths-backwards,lexicase,TRUE,10,elitize_generation_data,19,1,0.453,107
21,59,string-lengths-backwards,lexicase,TRUE,10,elitize_generation_data,20,1,0.458,107
22,59,string-lengths-backwards,lexicase,TRUE,10,elitize_generation_data,21,1,0.485,107
23,59,string-lengths-backwards,lexicase,TRUE,10,elitize_generation_data,22,1,0.451,107
24,59,string-lengths-backwards,lexicase,TRUE,10,elitize_generation_data,23,1,0.508,107
25,59,string-lengths-backwards,lexicase,TRUE,10,elitize_generation_data,24,1,0.551,107
26,59,string-lengths-backwards,lexicase,TRUE,10,elitize_generation_data,25,1,0.606,107
27,59,string-lengths-backwards,lexicase,TRUE,10,elitize_generation_data,26,1,0.615,107
28,59,string-lengths-backwards,lexicase,TRUE,10,elitize_generation_data,27,1,0.588,107
29,59,string-lengths-backwards,lexicase,TRUE,10,elitize_generation_data,28,1,0.613,107
30,59,string-lengths-backwards,lexicase,TRUE,10,elitize_generation_data,29,1,0.607,107
31,59,string-lengths-backwards,lexicase,TRUE,10,elitize_generation_data,30,1,0.628,107
32,59,string-lengths-backwards,lexicase,TRUE,10,elitize_generation_data,31,2,0.656,107
33,59,string-lengths-backwards,lexicase,TRUE,10,elitize_generation_data,32,3,0.613,107
34,59,string-lengths-backwards,lexicase,TRUE,10,elitize_generation_data,33,6,0.439,107
35,59,string-lengths-backwards,lexicase,TRUE,10,elitize_generation_data,34,6,0.432,107
36,59,string-lengths-backwards,lexicase,TRUE,10,elitize_generation_data,35,6,0.377,107
37,59,string-lengths-backwards,lexicase,TRUE,10,elitize_generation_data,36,5,0.394,107
38,59,string-lengths-backwards,lexicase,TRUE,10,elitize_generation_data,37,3,0.366,107
39,59,string-lengths-backwards,lexicase,TRUE,10,elitize_generation_data,38,3,0.351,107
40,59,string-lengths-backwards,lexicase,TRUE,10,elitize_generation_data,39,5,0.37,107
41,59,string-lengths-backwards,lexicase,TRUE,10,elitize_generation_data,40,3,0.405,107
42,59,string-lengths-backwards,lexicase,TRUE,10,elitize_generation_data,41,2,0.427,107
43,59,string-lengths-backwards,lexicase,TRUE,10,elitize_generation_data,42,2,0.439,107
44,59,string-lengths-backwards,lexicase,TRUE,10,elitize_generation_data,43,2,0.469,107
45,59,string-lengths-backwards,lexicase,TRUE,10,elitize_generation_data,44,2,0.463,107
46,59,string-lengths-backwards,lexicase,TRUE,10,elitize_generation_data,45,1,0.473,107
47,59,string-lengths-backwards,lexicase,TRUE,10,elitize_generation_data,46,1,0.5,107
48,59,string-lengths-backwards,lexicase,TRUE,10,elitize_generation_data,47,1,0.469,107
49,59,string-lengths-backwards,lexicase,TRUE,10,elitize_generation_data,48,1,0.486,107
50,59,string-lengths-backwards,lexicase,TRUE,10,elitize_generation_data,49,1,0.509,107
51,59,string-lengths-backwards,lexicase,TRUE,10,elitize_generation_data,50,1,0.493,107
52,59,string-lengths-backwards,lexicase,TRUE,10,elitize_generation_data,51,1,0.483,107
53,59,string-lengths-backwards,lexicase,TRUE,10,elitize_generation_data,52,1,0.513,107
54,59,string-lengths-backwards,lexicase,TRUE,10,elitize_generation_data,53,1,0.53,107
55,59,string-lengths-backwards,lexicase,TRUE,10,elitize_generation_data,54,1,0.529,107
56,59,string-lengths-backwards,lexicase,TRUE,10,elitize_generation_data,55,1,0.557,107
57,59,string-lengths-backwards,lexicase,TRUE,10,elitize_generation_data,56,1,0.561,107
58,59,string-lengths-backwards,lexicase,TRUE,10,elitize_generation_data,57,1,0.595,107
59,59,string-lengths-backwards,lexicase,TRUE,10,elitize_generation_data,58,1,0.575,107
60,59,string-lengths-backwards,lexicase,TRUE,10,elitize_generation_data,59,1,0.601,107
61,59,string-lengths-backwards,lexicase,TRUE,10,elitize_generation_data,60,1,0.59,107
62,59,string-lengths-backwards,lexicase,TRUE,10,elitize_generation_data,61,1,0.592,107
63,59,string-lengths-backwards,lexicase,TRUE,10,elitize_generation_data,62,1,0.565,107
64,59,string-lengths-backwards,lexicase,TRUE,10,elitize_generation_data,63,1,0.56,107
65,59,string-lengths-backwards,lexicase,TRUE,10,elitize_generation_data,64,1,0.567,107
66,59,string-lengths-backwards,lexicase,TRUE,10,elitize_generation_data,65,1,0.6,107
67,59,string-lengths-backwards,lexicase,TRUE,10,elitize_generation_data,66,1,0.603,107
68,59,string-lengths-backwards,lexicase,TRUE,10,elitize_generation_data,67,1,0.574,107
69,59,string-lengths-backwards,lexicase,TRUE,10,elitize_generation_data,68,1,0.616,107
70,59,string-lengths-backwards,lexicase,TRUE,10,elitize_generation_data,69,1,0.612,107
71,59,string-lengths-backwards,lexicase,TRUE,10,elitize_generation_data,70,1,0.587,107
72,59,string-lengths-backwards,lexicase,TRUE,10,elitize_generation_data,71,1,0.599,107
73,59,string-lengths-backwards,lexicase,TRUE,10,elitize_generation_data,72,1,0.559,107
74,59,string-lengths-backwards,lexicase,TRUE,10,elitize_generation_data,73,1,0.554,107
75,59,string-lengths-backwards,lexicase,TRUE,10,elitize_generation_data,74,2,0.554,107
76,59,string-lengths-backwards,lexicase,TRUE,10,elitize_generation_data,75,2,0.519,107
77,59,string-lengths-backwards,lexicase,TRUE,10,elitize_generation_data,76,2,0.543,107
78,59,string-lengths-backwards,lexicase,TRUE,10,elitize_generation_data,77,2,0.5,107
79,59,string-lengths-backwards,lexicase,TRUE,10,elitize_generation_data,78,3,0.475,107
80,59,string-lengths-backwards,lexicase,TRUE,10,elitize_generation_data,79,2,0.444,107
81,59,string-lengths-backwards,lexicase,TRUE,10,elitize_generation_data,80,3,0.485,107
82,59,string-lengths-backwards,lexicase,TRUE,10,elitize_generation_data,81,2,0.433,107
83,59,string-lengths-backwards,lexicase,TRUE,10,elitize_generation_data,82,3,0.454,107
84,59,string-lengths-backwards,lexicase,TRUE,10,elitize_generation_data,83,2,0.425,107
85,59,string-lengths-backwards,lexicase,TRUE,10,elitize_generation_data,84,2,0.393,107
86,59,string-lengths-backwards,lexicase,TRUE,10,elitize_generation_data,85,3,0.385,107
87,59,string-lengths-backwards,lexicase,TRUE,10,elitize_generation_data,86,3,0.344,107
88,59,string-lengths-backwards,lexicase,TRUE,10,elitize_generation_data,87,4,0.312,107
89,59,string-lengths-backwards,lexicase,TRUE,10,elitize_generation_data,88,4,0.306,107
90,59,string-lengths-backwards,lexicase,TRUE,10,elitize_generation_data,89,4,0.31,107
91,59,string-lengths-backwards,lexicase,TRUE,10,elitize_generation_data,90,4,0.304,107
92,59,string-lengths-backwards,lexicase,TRUE,10,elitize_generation_data,91,4,0.275,107
93,59,string-lengths-backwards,lexicase,TRUE,10,elitize_generation_data,92,3,0.155,107
94,59,string-lengths-backwards,lexicase,TRUE,10,elitize_generation_data,93,5,0.115,107
95,59,string-lengths-backwards,lexicase,TRUE,10,elitize_generation_data,94,3,0.126,107
96,59,string-lengths-backwards,lexicase,TRUE,10,elitize_generation_data,95,4,0.128,107
97,59,string-lengths-backwards,lexicase,TRUE,10,elitize_generation_data,96,3,0.114,107
98,59,string-lengths-backwards,lexicase,TRUE,10,elitize_generation_data,97,4,0.109,107
99,59,string-lengths-backwards,lexicase,TRUE,10,elitize_generation_data,98,3,0.107,107
100,59,string-lengths-backwards,lexicase,TRUE,10,elitize_generation_data,99,4,0.111,107
101,59,string-lengths-backwards,lexicase,TRUE,10,elitize_generation_data,100,4,0.109,107
102,59,string-lengths-backwards,lexicase,TRUE,10,elitize_generation_data,101,4,0.108,107
103,59,string-lengths-backwards,lexicase,TRUE,10,elitize_generation_data,102,5,0.119,107
104,59,string-lengths-backwards,lexicase,TRUE,10,elitize_generation_data,103,3,0.121,107
105,59,string-lengths-backwards,lexicase,TRUE,10,elitize_generation_data,104,3,0.116,107
106,59,string-lengths-backwards,lexicase,TRUE,10,elitize_generation_data,105,3,0.113,107
107,59,string-lengths-backwards,lexicase,TRUE,10,elitize_generation_data,106,2,0.132,107
108,59,string-lengths-backwards,lexicase,TRUE,10,elitize_generation_data,107,4,0.136,107
