,run.num,problem,treatment,succeeded,height,normalization.function,generation,cluster.count,error.diversity,success.generation
1,96,string-lengths-backwards,lexicase,TRUE,10,elitize_generation_data,0,7,0.277,215
2,96,string-lengths-backwards,lexicase,TRUE,10,elitize_generation_data,1,7,0.079,215
3,96,string-lengths-backwards,lexicase,TRUE,10,elitize_generation_data,2,2,0.209,215
4,96,string-lengths-backwards,lexicase,TRUE,10,elitize_generation_data,3,1,0.34,215
5,96,string-lengths-backwards,lexicase,TRUE,10,elitize_generation_data,4,1,0.406,215
6,96,string-lengths-backwards,lexicase,TRUE,10,elitize_generation_data,5,1,0.451,215
7,96,string-lengths-backwards,lexicase,TRUE,10,elitize_generation_data,6,1,0.468,215
8,96,string-lengths-backwards,lexicase,TRUE,10,elitize_generation_data,7,1,0.467,215
9,96,string-lengths-backwards,lexicase,TRUE,10,elitize_generation_data,8,1,0.5,215
10,96,string-lengths-backwards,lexicase,TRUE,10,elitize_generation_data,9,1,0.49,215
11,96,string-lengths-backwards,lexicase,TRUE,10,elitize_generation_data,10,1,0.499,215
12,96,string-lengths-backwards,lexicase,TRUE,10,elitize_generation_data,11,1,0.519,215
13,96,string-lengths-backwards,lexicase,TRUE,10,elitize_generation_data,12,1,0.542,215
14,96,string-lengths-backwards,lexicase,TRUE,10,elitize_generation_data,13,1,0.526,215
15,96,string-lengths-backwards,lexicase,TRUE,10,elitize_generation_data,14,1,0.522,215
16,96,string-lengths-backwards,lexicase,TRUE,10,elitize_generation_data,15,1,0.528,215
17,96,string-lengths-backwards,lexicase,TRUE,10,elitize_generation_data,16,1,0.543,215
18,96,string-lengths-backwards,lexicase,TRUE,10,elitize_generation_data,17,1,0.58,215
19,96,string-lengths-backwards,lexicase,TRUE,10,elitize_generation_data,18,1,0.597,215
20,96,string-lengths-backwards,lexicase,TRUE,10,elitize_generation_data,19,1,0.575,215
21,96,string-lengths-backwards,lexicase,TRUE,10,elitize_generation_data,20,1,0.573,215
22,96,string-lengths-backwards,lexicase,TRUE,10,elitize_generation_data,21,1,0.612,215
23,96,string-lengths-backwards,lexicase,TRUE,10,elitize_generation_data,22,1,0.593,215
24,96,string-lengths-backwards,lexicase,TRUE,10,elitize_generation_data,23,1,0.588,215
25,96,string-lengths-backwards,lexicase,TRUE,10,elitize_generation_data,24,1,0.608,215
26,96,string-lengths-backwards,lexicase,TRUE,10,elitize_generation_data,25,1,0.63,215
27,96,string-lengths-backwards,lexicase,TRUE,10,elitize_generation_data,26,1,0.614,215
28,96,string-lengths-backwards,lexicase,TRUE,10,elitize_generation_data,27,1,0.637,215
29,96,string-lengths-backwards,lexicase,TRUE,10,elitize_generation_data,28,1,0.644,215
30,96,string-lengths-backwards,lexicase,TRUE,10,elitize_generation_data,29,1,0.653,215
31,96,string-lengths-backwards,lexicase,TRUE,10,elitize_generation_data,30,1,0.65,215
32,96,string-lengths-backwards,lexicase,TRUE,10,elitize_generation_data,31,1,0.646,215
33,96,string-lengths-backwards,lexicase,TRUE,10,elitize_generation_data,32,1,0.641,215
34,96,string-lengths-backwards,lexicase,TRUE,10,elitize_generation_data,33,1,0.663,215
35,96,string-lengths-backwards,lexicase,TRUE,10,elitize_generation_data,34,1,0.657,215
36,96,string-lengths-backwards,lexicase,TRUE,10,elitize_generation_data,35,1,0.66,215
37,96,string-lengths-backwards,lexicase,TRUE,10,elitize_generation_data,36,1,0.65,215
38,96,string-lengths-backwards,lexicase,TRUE,10,elitize_generation_data,37,1,0.665,215
39,96,string-lengths-backwards,lexicase,TRUE,10,elitize_generation_data,38,1,0.707,215
40,96,string-lengths-backwards,lexicase,TRUE,10,elitize_generation_data,39,1,0.68,215
41,96,string-lengths-backwards,lexicase,TRUE,10,elitize_generation_data,40,1,0.676,215
42,96,string-lengths-backwards,lexicase,TRUE,10,elitize_generation_data,41,1,0.674,215
43,96,string-lengths-backwards,lexicase,TRUE,10,elitize_generation_data,42,1,0.66,215
44,96,string-lengths-backwards,lexicase,TRUE,10,elitize_generation_data,43,1,0.662,215
45,96,string-lengths-backwards,lexicase,TRUE,10,elitize_generation_data,44,1,0.668,215
46,96,string-lengths-backwards,lexicase,TRUE,10,elitize_generation_data,45,1,0.674,215
47,96,string-lengths-backwards,lexicase,TRUE,10,elitize_generation_data,46,1,0.711,215
48,96,string-lengths-backwards,lexicase,TRUE,10,elitize_generation_data,47,1,0.72,215
49,96,string-lengths-backwards,lexicase,TRUE,10,elitize_generation_data,48,1,0.663,215
50,96,string-lengths-backwards,lexicase,TRUE,10,elitize_generation_data,49,1,0.698,215
51,96,string-lengths-backwards,lexicase,TRUE,10,elitize_generation_data,50,1,0.713,215
52,96,string-lengths-backwards,lexicase,TRUE,10,elitize_generation_data,51,1,0.69,215
53,96,string-lengths-backwards,lexicase,TRUE,10,elitize_generation_data,52,1,0.688,215
54,96,string-lengths-backwards,lexicase,TRUE,10,elitize_generation_data,53,1,0.688,215
55,96,string-lengths-backwards,lexicase,TRUE,10,elitize_generation_data,54,1,0.674,215
56,96,string-lengths-backwards,lexicase,TRUE,10,elitize_generation_data,55,1,0.704,215
57,96,string-lengths-backwards,lexicase,TRUE,10,elitize_generation_data,56,1,0.706,215
58,96,string-lengths-backwards,lexicase,TRUE,10,elitize_generation_data,57,1,0.68,215
59,96,string-lengths-backwards,lexicase,TRUE,10,elitize_generation_data,58,1,0.714,215
60,96,string-lengths-backwards,lexicase,TRUE,10,elitize_generation_data,59,1,0.669,215
61,96,string-lengths-backwards,lexicase,TRUE,10,elitize_generation_data,60,1,0.687,215
62,96,string-lengths-backwards,lexicase,TRUE,10,elitize_generation_data,61,1,0.694,215
63,96,string-lengths-backwards,lexicase,TRUE,10,elitize_generation_data,62,1,0.694,215
64,96,string-lengths-backwards,lexicase,TRUE,10,elitize_generation_data,63,1,0.725,215
65,96,string-lengths-backwards,lexicase,TRUE,10,elitize_generation_data,64,1,0.701,215
66,96,string-lengths-backwards,lexicase,TRUE,10,elitize_generation_data,65,1,0.696,215
67,96,string-lengths-backwards,lexicase,TRUE,10,elitize_generation_data,66,1,0.681,215
68,96,string-lengths-backwards,lexicase,TRUE,10,elitize_generation_data,67,1,0.701,215
69,96,string-lengths-backwards,lexicase,TRUE,10,elitize_generation_data,68,1,0.691,215
70,96,string-lengths-backwards,lexicase,TRUE,10,elitize_generation_data,69,1,0.696,215
71,96,string-lengths-backwards,lexicase,TRUE,10,elitize_generation_data,70,2,0.678,215
72,96,string-lengths-backwards,lexicase,TRUE,10,elitize_generation_data,71,4,0.596,215
73,96,string-lengths-backwards,lexicase,TRUE,10,elitize_generation_data,72,5,0.535,215
74,96,string-lengths-backwards,lexicase,TRUE,10,elitize_generation_data,73,4,0.534,215
75,96,string-lengths-backwards,lexicase,TRUE,10,elitize_generation_data,74,6,0.513,215
76,96,string-lengths-backwards,lexicase,TRUE,10,elitize_generation_data,75,6,0.527,215
77,96,string-lengths-backwards,lexicase,TRUE,10,elitize_generation_data,76,6,0.487,215
78,96,string-lengths-backwards,lexicase,TRUE,10,elitize_generation_data,77,3,0.453,215
79,96,string-lengths-backwards,lexicase,TRUE,10,elitize_generation_data,78,4,0.38,215
80,96,string-lengths-backwards,lexicase,TRUE,10,elitize_generation_data,79,5,0.442,215
81,96,string-lengths-backwards,lexicase,TRUE,10,elitize_generation_data,80,4,0.454,215
82,96,string-lengths-backwards,lexicase,TRUE,10,elitize_generation_data,81,3,0.453,215
83,96,string-lengths-backwards,lexicase,TRUE,10,elitize_generation_data,82,3,0.422,215
84,96,string-lengths-backwards,lexicase,TRUE,10,elitize_generation_data,83,3,0.412,215
85,96,string-lengths-backwards,lexicase,TRUE,10,elitize_generation_data,84,3,0.455,215
86,96,string-lengths-backwards,lexicase,TRUE,10,elitize_generation_data,85,4,0.476,215
87,96,string-lengths-backwards,lexicase,TRUE,10,elitize_generation_data,86,3,0.424,215
88,96,string-lengths-backwards,lexicase,TRUE,10,elitize_generation_data,87,4,0.457,215
89,96,string-lengths-backwards,lexicase,TRUE,10,elitize_generation_data,88,3,0.464,215
90,96,string-lengths-backwards,lexicase,TRUE,10,elitize_generation_data,89,3,0.461,215
91,96,string-lengths-backwards,lexicase,TRUE,10,elitize_generation_data,90,2,0.47,215
92,96,string-lengths-backwards,lexicase,TRUE,10,elitize_generation_data,91,3,0.445,215
93,96,string-lengths-backwards,lexicase,TRUE,10,elitize_generation_data,92,4,0.436,215
94,96,string-lengths-backwards,lexicase,TRUE,10,elitize_generation_data,93,4,0.454,215
95,96,string-lengths-backwards,lexicase,TRUE,10,elitize_generation_data,94,4,0.438,215
96,96,string-lengths-backwards,lexicase,TRUE,10,elitize_generation_data,95,4,0.461,215
97,96,string-lengths-backwards,lexicase,TRUE,10,elitize_generation_data,96,5,0.433,215
98,96,string-lengths-backwards,lexicase,TRUE,10,elitize_generation_data,97,4,0.475,215
99,96,string-lengths-backwards,lexicase,TRUE,10,elitize_generation_data,98,6,0.449,215
100,96,string-lengths-backwards,lexicase,TRUE,10,elitize_generation_data,99,8,0.476,215
101,96,string-lengths-backwards,lexicase,TRUE,10,elitize_generation_data,100,15,0.468,215
102,96,string-lengths-backwards,lexicase,TRUE,10,elitize_generation_data,101,20,0.453,215
103,96,string-lengths-backwards,lexicase,TRUE,10,elitize_generation_data,102,27,0.459,215
104,96,string-lengths-backwards,lexicase,TRUE,10,elitize_generation_data,103,24,0.535,215
105,96,string-lengths-backwards,lexicase,TRUE,10,elitize_generation_data,104,30,0.515,215
106,96,string-lengths-backwards,lexicase,TRUE,10,elitize_generation_data,105,31,0.522,215
107,96,string-lengths-backwards,lexicase,TRUE,10,elitize_generation_data,106,33,0.541,215
108,96,string-lengths-backwards,lexicase,TRUE,10,elitize_generation_data,107,34,0.516,215
109,96,string-lengths-backwards,lexicase,TRUE,10,elitize_generation_data,108,39,0.56,215
110,96,string-lengths-backwards,lexicase,TRUE,10,elitize_generation_data,109,38,0.561,215
111,96,string-lengths-backwards,lexicase,TRUE,10,elitize_generation_data,110,42,0.527,215
112,96,string-lengths-backwards,lexicase,TRUE,10,elitize_generation_data,111,45,0.484,215
113,96,string-lengths-backwards,lexicase,TRUE,10,elitize_generation_data,112,50,0.49,215
114,96,string-lengths-backwards,lexicase,TRUE,10,elitize_generation_data,113,45,0.511,215
115,96,string-lengths-backwards,lexicase,TRUE,10,elitize_generation_data,114,46,0.518,215
116,96,string-lengths-backwards,lexicase,TRUE,10,elitize_generation_data,115,54,0.534,215
117,96,string-lengths-backwards,lexicase,TRUE,10,elitize_generation_data,116,55,0.505,215
118,96,string-lengths-backwards,lexicase,TRUE,10,elitize_generation_data,117,54,0.491,215
119,96,string-lengths-backwards,lexicase,TRUE,10,elitize_generation_data,118,64,0.534,215
120,96,string-lengths-backwards,lexicase,TRUE,10,elitize_generation_data,119,66,0.534,215
121,96,string-lengths-backwards,lexicase,TRUE,10,elitize_generation_data,120,69,0.567,215
122,96,string-lengths-backwards,lexicase,TRUE,10,elitize_generation_data,121,75,0.563,215
123,96,string-lengths-backwards,lexicase,TRUE,10,elitize_generation_data,122,83,0.559,215
124,96,string-lengths-backwards,lexicase,TRUE,10,elitize_generation_data,123,84,0.569,215
125,96,string-lengths-backwards,lexicase,TRUE,10,elitize_generation_data,124,85,0.6,215
126,96,string-lengths-backwards,lexicase,TRUE,10,elitize_generation_data,125,100,0.588,215
127,96,string-lengths-backwards,lexicase,TRUE,10,elitize_generation_data,126,101,0.606,215
128,96,string-lengths-backwards,lexicase,TRUE,10,elitize_generation_data,127,96,0.623,215
129,96,string-lengths-backwards,lexicase,TRUE,10,elitize_generation_data,128,113,0.633,215
130,96,string-lengths-backwards,lexicase,TRUE,10,elitize_generation_data,129,112,0.619,215
131,96,string-lengths-backwards,lexicase,TRUE,10,elitize_generation_data,130,109,0.625,215
132,96,string-lengths-backwards,lexicase,TRUE,10,elitize_generation_data,131,107,0.642,215
133,96,string-lengths-backwards,lexicase,TRUE,10,elitize_generation_data,132,109,0.637,215
134,96,string-lengths-backwards,lexicase,TRUE,10,elitize_generation_data,133,114,0.634,215
135,96,string-lengths-backwards,lexicase,TRUE,10,elitize_generation_data,134,115,0.606,215
136,96,string-lengths-backwards,lexicase,TRUE,10,elitize_generation_data,135,118,0.629,215
137,96,string-lengths-backwards,lexicase,TRUE,10,elitize_generation_data,136,126,0.643,215
138,96,string-lengths-backwards,lexicase,TRUE,10,elitize_generation_data,137,117,0.62,215
139,96,string-lengths-backwards,lexicase,TRUE,10,elitize_generation_data,138,119,0.667,215
140,96,string-lengths-backwards,lexicase,TRUE,10,elitize_generation_data,139,121,0.644,215
141,96,string-lengths-backwards,lexicase,TRUE,10,elitize_generation_data,140,124,0.646,215
142,96,string-lengths-backwards,lexicase,TRUE,10,elitize_generation_data,141,146,0.656,215
143,96,string-lengths-backwards,lexicase,TRUE,10,elitize_generation_data,142,145,0.683,215
144,96,string-lengths-backwards,lexicase,TRUE,10,elitize_generation_data,143,130,0.665,215
145,96,string-lengths-backwards,lexicase,TRUE,10,elitize_generation_data,144,138,0.668,215
146,96,string-lengths-backwards,lexicase,TRUE,10,elitize_generation_data,145,139,0.693,215
147,96,string-lengths-backwards,lexicase,TRUE,10,elitize_generation_data,146,139,0.698,215
148,96,string-lengths-backwards,lexicase,TRUE,10,elitize_generation_data,147,146,0.696,215
149,96,string-lengths-backwards,lexicase,TRUE,10,elitize_generation_data,148,145,0.71,215
150,96,string-lengths-backwards,lexicase,TRUE,10,elitize_generation_data,149,160,0.694,215
151,96,string-lengths-backwards,lexicase,TRUE,10,elitize_generation_data,150,136,0.695,215
152,96,string-lengths-backwards,lexicase,TRUE,10,elitize_generation_data,151,145,0.696,215
153,96,string-lengths-backwards,lexicase,TRUE,10,elitize_generation_data,152,144,0.667,215
154,96,string-lengths-backwards,lexicase,TRUE,10,elitize_generation_data,153,146,0.689,215
155,96,string-lengths-backwards,lexicase,TRUE,10,elitize_generation_data,154,145,0.714,215
156,96,string-lengths-backwards,lexicase,TRUE,10,elitize_generation_data,155,149,0.728,215
157,96,string-lengths-backwards,lexicase,TRUE,10,elitize_generation_data,156,137,0.67,215
158,96,string-lengths-backwards,lexicase,TRUE,10,elitize_generation_data,157,145,0.686,215
159,96,string-lengths-backwards,lexicase,TRUE,10,elitize_generation_data,158,141,0.697,215
160,96,string-lengths-backwards,lexicase,TRUE,10,elitize_generation_data,159,150,0.718,215
161,96,string-lengths-backwards,lexicase,TRUE,10,elitize_generation_data,160,146,0.701,215
162,96,string-lengths-backwards,lexicase,TRUE,10,elitize_generation_data,161,140,0.689,215
163,96,string-lengths-backwards,lexicase,TRUE,10,elitize_generation_data,162,151,0.728,215
164,96,string-lengths-backwards,lexicase,TRUE,10,elitize_generation_data,163,144,0.74,215
165,96,string-lengths-backwards,lexicase,TRUE,10,elitize_generation_data,164,144,0.695,215
166,96,string-lengths-backwards,lexicase,TRUE,10,elitize_generation_data,165,143,0.702,215
167,96,string-lengths-backwards,lexicase,TRUE,10,elitize_generation_data,166,155,0.726,215
168,96,string-lengths-backwards,lexicase,TRUE,10,elitize_generation_data,167,140,0.734,215
169,96,string-lengths-backwards,lexicase,TRUE,10,elitize_generation_data,168,135,0.705,215
170,96,string-lengths-backwards,lexicase,TRUE,10,elitize_generation_data,169,144,0.705,215
171,96,string-lengths-backwards,lexicase,TRUE,10,elitize_generation_data,170,161,0.711,215
172,96,string-lengths-backwards,lexicase,TRUE,10,elitize_generation_data,171,147,0.725,215
173,96,string-lengths-backwards,lexicase,TRUE,10,elitize_generation_data,172,149,0.718,215
174,96,string-lengths-backwards,lexicase,TRUE,10,elitize_generation_data,173,144,0.713,215
175,96,string-lengths-backwards,lexicase,TRUE,10,elitize_generation_data,174,144,0.707,215
176,96,string-lengths-backwards,lexicase,TRUE,10,elitize_generation_data,175,120,0.709,215
177,96,string-lengths-backwards,lexicase,TRUE,10,elitize_generation_data,176,130,0.728,215
178,96,string-lengths-backwards,lexicase,TRUE,10,elitize_generation_data,177,135,0.7,215
179,96,string-lengths-backwards,lexicase,TRUE,10,elitize_generation_data,178,143,0.728,215
180,96,string-lengths-backwards,lexicase,TRUE,10,elitize_generation_data,179,137,0.708,215
181,96,string-lengths-backwards,lexicase,TRUE,10,elitize_generation_data,180,125,0.686,215
182,96,string-lengths-backwards,lexicase,TRUE,10,elitize_generation_data,181,142,0.735,215
183,96,string-lengths-backwards,lexicase,TRUE,10,elitize_generation_data,182,133,0.725,215
184,96,string-lengths-backwards,lexicase,TRUE,10,elitize_generation_data,183,135,0.708,215
185,96,string-lengths-backwards,lexicase,TRUE,10,elitize_generation_data,184,133,0.7,215
186,96,string-lengths-backwards,lexicase,TRUE,10,elitize_generation_data,185,128,0.719,215
187,96,string-lengths-backwards,lexicase,TRUE,10,elitize_generation_data,186,132,0.694,215
188,96,string-lengths-backwards,lexicase,TRUE,10,elitize_generation_data,187,136,0.735,215
189,96,string-lengths-backwards,lexicase,TRUE,10,elitize_generation_data,188,141,0.754,215
190,96,string-lengths-backwards,lexicase,TRUE,10,elitize_generation_data,189,146,0.719,215
191,96,string-lengths-backwards,lexicase,TRUE,10,elitize_generation_data,190,140,0.719,215
192,96,string-lengths-backwards,lexicase,TRUE,10,elitize_generation_data,191,150,0.739,215
193,96,string-lengths-backwards,lexicase,TRUE,10,elitize_generation_data,192,165,0.729,215
194,96,string-lengths-backwards,lexicase,TRUE,10,elitize_generation_data,193,172,0.735,215
195,96,string-lengths-backwards,lexicase,TRUE,10,elitize_generation_data,194,162,0.693,215
196,96,string-lengths-backwards,lexicase,TRUE,10,elitize_generation_data,195,167,0.705,215
197,96,string-lengths-backwards,lexicase,TRUE,10,elitize_generation_data,196,156,0.648,215
198,96,string-lengths-backwards,lexicase,TRUE,10,elitize_generation_data,197,152,0.661,215
199,96,string-lengths-backwards,lexicase,TRUE,10,elitize_generation_data,198,157,0.653,215
200,96,string-lengths-backwards,lexicase,TRUE,10,elitize_generation_data,199,139,0.627,215
201,96,string-lengths-backwards,lexicase,TRUE,10,elitize_generation_data,200,137,0.614,215
202,96,string-lengths-backwards,lexicase,TRUE,10,elitize_generation_data,201,117,0.626,215
203,96,string-lengths-backwards,lexicase,TRUE,10,elitize_generation_data,202,124,0.635,215
204,96,string-lengths-backwards,lexicase,TRUE,10,elitize_generation_data,203,135,0.65,215
205,96,string-lengths-backwards,lexicase,TRUE,10,elitize_generation_data,204,113,0.64,215
206,96,string-lengths-backwards,lexicase,TRUE,10,elitize_generation_data,205,106,0.659,215
207,96,string-lengths-backwards,lexicase,TRUE,10,elitize_generation_data,206,130,0.676,215
208,96,string-lengths-backwards,lexicase,TRUE,10,elitize_generation_data,207,107,0.715,215
209,96,string-lengths-backwards,lexicase,TRUE,10,elitize_generation_data,208,104,0.707,215
210,96,string-lengths-backwards,lexicase,TRUE,10,elitize_generation_data,209,100,0.718,215
211,96,string-lengths-backwards,lexicase,TRUE,10,elitize_generation_data,210,99,0.684,215
212,96,string-lengths-backwards,lexicase,TRUE,10,elitize_generation_data,211,103,0.715,215
213,96,string-lengths-backwards,lexicase,TRUE,10,elitize_generation_data,212,101,0.727,215
214,96,string-lengths-backwards,lexicase,TRUE,10,elitize_generation_data,213,87,0.678,215
215,96,string-lengths-backwards,lexicase,TRUE,10,elitize_generation_data,214,88,0.64,215
216,96,string-lengths-backwards,lexicase,TRUE,10,elitize_generation_data,215,82,0.663,215
