,run.num,problem,treatment,succeeded,height,normalization.function,generation,cluster.count,error.diversity,success.generation
1,9,string-lengths-backwards,lexicase,TRUE,10,elitize_generation_data,0,7,0.267,224
2,9,string-lengths-backwards,lexicase,TRUE,10,elitize_generation_data,1,11,0.11,224
3,9,string-lengths-backwards,lexicase,TRUE,10,elitize_generation_data,2,10,0.132,224
4,9,string-lengths-backwards,lexicase,TRUE,10,elitize_generation_data,3,5,0.275,224
5,9,string-lengths-backwards,lexicase,TRUE,10,elitize_generation_data,4,3,0.385,224
6,9,string-lengths-backwards,lexicase,TRUE,10,elitize_generation_data,5,4,0.388,224
7,9,string-lengths-backwards,lexicase,TRUE,10,elitize_generation_data,6,4,0.394,224
8,9,string-lengths-backwards,lexicase,TRUE,10,elitize_generation_data,7,3,0.409,224
9,9,string-lengths-backwards,lexicase,TRUE,10,elitize_generation_data,8,2,0.438,224
10,9,string-lengths-backwards,lexicase,TRUE,10,elitize_generation_data,9,2,0.444,224
11,9,string-lengths-backwards,lexicase,TRUE,10,elitize_generation_data,10,2,0.48,224
12,9,string-lengths-backwards,lexicase,TRUE,10,elitize_generation_data,11,2,0.502,224
13,9,string-lengths-backwards,lexicase,TRUE,10,elitize_generation_data,12,1,0.536,224
14,9,string-lengths-backwards,lexicase,TRUE,10,elitize_generation_data,13,1,0.559,224
15,9,string-lengths-backwards,lexicase,TRUE,10,elitize_generation_data,14,1,0.589,224
16,9,string-lengths-backwards,lexicase,TRUE,10,elitize_generation_data,15,1,0.561,224
17,9,string-lengths-backwards,lexicase,TRUE,10,elitize_generation_data,16,1,0.577,224
18,9,string-lengths-backwards,lexicase,TRUE,10,elitize_generation_data,17,1,0.585,224
19,9,string-lengths-backwards,lexicase,TRUE,10,elitize_generation_data,18,2,0.606,224
20,9,string-lengths-backwards,lexicase,TRUE,10,elitize_generation_data,19,1,0.604,224
21,9,string-lengths-backwards,lexicase,TRUE,10,elitize_generation_data,20,1,0.601,224
22,9,string-lengths-backwards,lexicase,TRUE,10,elitize_generation_data,21,1,0.607,224
23,9,string-lengths-backwards,lexicase,TRUE,10,elitize_generation_data,22,1,0.618,224
24,9,string-lengths-backwards,lexicase,TRUE,10,elitize_generation_data,23,1,0.654,224
25,9,string-lengths-backwards,lexicase,TRUE,10,elitize_generation_data,24,1,0.687,224
26,9,string-lengths-backwards,lexicase,TRUE,10,elitize_generation_data,25,1,0.681,224
27,9,string-lengths-backwards,lexicase,TRUE,10,elitize_generation_data,26,1,0.685,224
28,9,string-lengths-backwards,lexicase,TRUE,10,elitize_generation_data,27,1,0.711,224
29,9,string-lengths-backwards,lexicase,TRUE,10,elitize_generation_data,28,1,0.692,224
30,9,string-lengths-backwards,lexicase,TRUE,10,elitize_generation_data,29,1,0.688,224
31,9,string-lengths-backwards,lexicase,TRUE,10,elitize_generation_data,30,1,0.696,224
32,9,string-lengths-backwards,lexicase,TRUE,10,elitize_generation_data,31,2,0.696,224
33,9,string-lengths-backwards,lexicase,TRUE,10,elitize_generation_data,32,4,0.679,224
34,9,string-lengths-backwards,lexicase,TRUE,10,elitize_generation_data,33,5,0.558,224
35,9,string-lengths-backwards,lexicase,TRUE,10,elitize_generation_data,34,3,0.441,224
36,9,string-lengths-backwards,lexicase,TRUE,10,elitize_generation_data,35,4,0.477,224
37,9,string-lengths-backwards,lexicase,TRUE,10,elitize_generation_data,36,4,0.438,224
38,9,string-lengths-backwards,lexicase,TRUE,10,elitize_generation_data,37,4,0.413,224
39,9,string-lengths-backwards,lexicase,TRUE,10,elitize_generation_data,38,5,0.429,224
40,9,string-lengths-backwards,lexicase,TRUE,10,elitize_generation_data,39,4,0.418,224
41,9,string-lengths-backwards,lexicase,TRUE,10,elitize_generation_data,40,3,0.422,224
42,9,string-lengths-backwards,lexicase,TRUE,10,elitize_generation_data,41,3,0.408,224
43,9,string-lengths-backwards,lexicase,TRUE,10,elitize_generation_data,42,3,0.401,224
44,9,string-lengths-backwards,lexicase,TRUE,10,elitize_generation_data,43,4,0.411,224
45,9,string-lengths-backwards,lexicase,TRUE,10,elitize_generation_data,44,3,0.405,224
46,9,string-lengths-backwards,lexicase,TRUE,10,elitize_generation_data,45,3,0.387,224
47,9,string-lengths-backwards,lexicase,TRUE,10,elitize_generation_data,46,3,0.418,224
48,9,string-lengths-backwards,lexicase,TRUE,10,elitize_generation_data,47,3,0.444,224
49,9,string-lengths-backwards,lexicase,TRUE,10,elitize_generation_data,48,4,0.43,224
50,9,string-lengths-backwards,lexicase,TRUE,10,elitize_generation_data,49,4,0.421,224
51,9,string-lengths-backwards,lexicase,TRUE,10,elitize_generation_data,50,3,0.413,224
52,9,string-lengths-backwards,lexicase,TRUE,10,elitize_generation_data,51,3,0.42,224
53,9,string-lengths-backwards,lexicase,TRUE,10,elitize_generation_data,52,3,0.419,224
54,9,string-lengths-backwards,lexicase,TRUE,10,elitize_generation_data,53,3,0.408,224
55,9,string-lengths-backwards,lexicase,TRUE,10,elitize_generation_data,54,3,0.407,224
56,9,string-lengths-backwards,lexicase,TRUE,10,elitize_generation_data,55,3,0.42,224
57,9,string-lengths-backwards,lexicase,TRUE,10,elitize_generation_data,56,2,0.431,224
58,9,string-lengths-backwards,lexicase,TRUE,10,elitize_generation_data,57,2,0.421,224
59,9,string-lengths-backwards,lexicase,TRUE,10,elitize_generation_data,58,2,0.438,224
60,9,string-lengths-backwards,lexicase,TRUE,10,elitize_generation_data,59,2,0.445,224
61,9,string-lengths-backwards,lexicase,TRUE,10,elitize_generation_data,60,2,0.431,224
62,9,string-lengths-backwards,lexicase,TRUE,10,elitize_generation_data,61,2,0.426,224
63,9,string-lengths-backwards,lexicase,TRUE,10,elitize_generation_data,62,2,0.436,224
64,9,string-lengths-backwards,lexicase,TRUE,10,elitize_generation_data,63,2,0.427,224
65,9,string-lengths-backwards,lexicase,TRUE,10,elitize_generation_data,64,2,0.426,224
66,9,string-lengths-backwards,lexicase,TRUE,10,elitize_generation_data,65,2,0.418,224
67,9,string-lengths-backwards,lexicase,TRUE,10,elitize_generation_data,66,2,0.464,224
68,9,string-lengths-backwards,lexicase,TRUE,10,elitize_generation_data,67,2,0.427,224
69,9,string-lengths-backwards,lexicase,TRUE,10,elitize_generation_data,68,2,0.431,224
70,9,string-lengths-backwards,lexicase,TRUE,10,elitize_generation_data,69,2,0.438,224
71,9,string-lengths-backwards,lexicase,TRUE,10,elitize_generation_data,70,2,0.427,224
72,9,string-lengths-backwards,lexicase,TRUE,10,elitize_generation_data,71,2,0.464,224
73,9,string-lengths-backwards,lexicase,TRUE,10,elitize_generation_data,72,2,0.462,224
74,9,string-lengths-backwards,lexicase,TRUE,10,elitize_generation_data,73,2,0.44,224
75,9,string-lengths-backwards,lexicase,TRUE,10,elitize_generation_data,74,2,0.423,224
76,9,string-lengths-backwards,lexicase,TRUE,10,elitize_generation_data,75,2,0.456,224
77,9,string-lengths-backwards,lexicase,TRUE,10,elitize_generation_data,76,2,0.464,224
78,9,string-lengths-backwards,lexicase,TRUE,10,elitize_generation_data,77,2,0.444,224
79,9,string-lengths-backwards,lexicase,TRUE,10,elitize_generation_data,78,2,0.437,224
80,9,string-lengths-backwards,lexicase,TRUE,10,elitize_generation_data,79,2,0.482,224
81,9,string-lengths-backwards,lexicase,TRUE,10,elitize_generation_data,80,2,0.458,224
82,9,string-lengths-backwards,lexicase,TRUE,10,elitize_generation_data,81,2,0.476,224
83,9,string-lengths-backwards,lexicase,TRUE,10,elitize_generation_data,82,2,0.452,224
84,9,string-lengths-backwards,lexicase,TRUE,10,elitize_generation_data,83,2,0.456,224
85,9,string-lengths-backwards,lexicase,TRUE,10,elitize_generation_data,84,2,0.447,224
86,9,string-lengths-backwards,lexicase,TRUE,10,elitize_generation_data,85,2,0.492,224
87,9,string-lengths-backwards,lexicase,TRUE,10,elitize_generation_data,86,2,0.472,224
88,9,string-lengths-backwards,lexicase,TRUE,10,elitize_generation_data,87,2,0.518,224
89,9,string-lengths-backwards,lexicase,TRUE,10,elitize_generation_data,88,2,0.516,224
90,9,string-lengths-backwards,lexicase,TRUE,10,elitize_generation_data,89,2,0.505,224
91,9,string-lengths-backwards,lexicase,TRUE,10,elitize_generation_data,90,2,0.499,224
92,9,string-lengths-backwards,lexicase,TRUE,10,elitize_generation_data,91,3,0.516,224
93,9,string-lengths-backwards,lexicase,TRUE,10,elitize_generation_data,92,2,0.52,224
94,9,string-lengths-backwards,lexicase,TRUE,10,elitize_generation_data,93,2,0.528,224
95,9,string-lengths-backwards,lexicase,TRUE,10,elitize_generation_data,94,2,0.549,224
96,9,string-lengths-backwards,lexicase,TRUE,10,elitize_generation_data,95,2,0.54,224
97,9,string-lengths-backwards,lexicase,TRUE,10,elitize_generation_data,96,2,0.54,224
98,9,string-lengths-backwards,lexicase,TRUE,10,elitize_generation_data,97,2,0.558,224
99,9,string-lengths-backwards,lexicase,TRUE,10,elitize_generation_data,98,2,0.56,224
100,9,string-lengths-backwards,lexicase,TRUE,10,elitize_generation_data,99,2,0.575,224
101,9,string-lengths-backwards,lexicase,TRUE,10,elitize_generation_data,100,2,0.55,224
102,9,string-lengths-backwards,lexicase,TRUE,10,elitize_generation_data,101,2,0.557,224
103,9,string-lengths-backwards,lexicase,TRUE,10,elitize_generation_data,102,2,0.566,224
104,9,string-lengths-backwards,lexicase,TRUE,10,elitize_generation_data,103,2,0.554,224
105,9,string-lengths-backwards,lexicase,TRUE,10,elitize_generation_data,104,3,0.562,224
106,9,string-lengths-backwards,lexicase,TRUE,10,elitize_generation_data,105,3,0.553,224
107,9,string-lengths-backwards,lexicase,TRUE,10,elitize_generation_data,106,3,0.551,224
108,9,string-lengths-backwards,lexicase,TRUE,10,elitize_generation_data,107,3,0.595,224
109,9,string-lengths-backwards,lexicase,TRUE,10,elitize_generation_data,108,3,0.593,224
110,9,string-lengths-backwards,lexicase,TRUE,10,elitize_generation_data,109,3,0.59,224
111,9,string-lengths-backwards,lexicase,TRUE,10,elitize_generation_data,110,4,0.614,224
112,9,string-lengths-backwards,lexicase,TRUE,10,elitize_generation_data,111,4,0.652,224
113,9,string-lengths-backwards,lexicase,TRUE,10,elitize_generation_data,112,4,0.65,224
114,9,string-lengths-backwards,lexicase,TRUE,10,elitize_generation_data,113,4,0.65,224
115,9,string-lengths-backwards,lexicase,TRUE,10,elitize_generation_data,114,4,0.639,224
116,9,string-lengths-backwards,lexicase,TRUE,10,elitize_generation_data,115,4,0.641,224
117,9,string-lengths-backwards,lexicase,TRUE,10,elitize_generation_data,116,4,0.649,224
118,9,string-lengths-backwards,lexicase,TRUE,10,elitize_generation_data,117,4,0.658,224
119,9,string-lengths-backwards,lexicase,TRUE,10,elitize_generation_data,118,3,0.676,224
120,9,string-lengths-backwards,lexicase,TRUE,10,elitize_generation_data,119,4,0.622,224
121,9,string-lengths-backwards,lexicase,TRUE,10,elitize_generation_data,120,4,0.643,224
122,9,string-lengths-backwards,lexicase,TRUE,10,elitize_generation_data,121,4,0.633,224
123,9,string-lengths-backwards,lexicase,TRUE,10,elitize_generation_data,122,4,0.627,224
124,9,string-lengths-backwards,lexicase,TRUE,10,elitize_generation_data,123,3,0.635,224
125,9,string-lengths-backwards,lexicase,TRUE,10,elitize_generation_data,124,5,0.615,224
126,9,string-lengths-backwards,lexicase,TRUE,10,elitize_generation_data,125,5,0.663,224
127,9,string-lengths-backwards,lexicase,TRUE,10,elitize_generation_data,126,4,0.667,224
128,9,string-lengths-backwards,lexicase,TRUE,10,elitize_generation_data,127,4,0.659,224
129,9,string-lengths-backwards,lexicase,TRUE,10,elitize_generation_data,128,5,0.682,224
130,9,string-lengths-backwards,lexicase,TRUE,10,elitize_generation_data,129,5,0.682,224
131,9,string-lengths-backwards,lexicase,TRUE,10,elitize_generation_data,130,5,0.691,224
132,9,string-lengths-backwards,lexicase,TRUE,10,elitize_generation_data,131,5,0.683,224
133,9,string-lengths-backwards,lexicase,TRUE,10,elitize_generation_data,132,5,0.702,224
134,9,string-lengths-backwards,lexicase,TRUE,10,elitize_generation_data,133,5,0.703,224
135,9,string-lengths-backwards,lexicase,TRUE,10,elitize_generation_data,134,5,0.674,224
136,9,string-lengths-backwards,lexicase,TRUE,10,elitize_generation_data,135,5,0.685,224
137,9,string-lengths-backwards,lexicase,TRUE,10,elitize_generation_data,136,5,0.714,224
138,9,string-lengths-backwards,lexicase,TRUE,10,elitize_generation_data,137,5,0.665,224
139,9,string-lengths-backwards,lexicase,TRUE,10,elitize_generation_data,138,6,0.711,224
140,9,string-lengths-backwards,lexicase,TRUE,10,elitize_generation_data,139,8,0.68,224
141,9,string-lengths-backwards,lexicase,TRUE,10,elitize_generation_data,140,9,0.627,224
142,9,string-lengths-backwards,lexicase,TRUE,10,elitize_generation_data,141,10,0.6,224
143,9,string-lengths-backwards,lexicase,TRUE,10,elitize_generation_data,142,9,0.584,224
144,9,string-lengths-backwards,lexicase,TRUE,10,elitize_generation_data,143,12,0.572,224
145,9,string-lengths-backwards,lexicase,TRUE,10,elitize_generation_data,144,14,0.605,224
146,9,string-lengths-backwards,lexicase,TRUE,10,elitize_generation_data,145,21,0.63,224
147,9,string-lengths-backwards,lexicase,TRUE,10,elitize_generation_data,146,22,0.637,224
148,9,string-lengths-backwards,lexicase,TRUE,10,elitize_generation_data,147,27,0.608,224
149,9,string-lengths-backwards,lexicase,TRUE,10,elitize_generation_data,148,26,0.588,224
150,9,string-lengths-backwards,lexicase,TRUE,10,elitize_generation_data,149,29,0.63,224
151,9,string-lengths-backwards,lexicase,TRUE,10,elitize_generation_data,150,36,0.591,224
152,9,string-lengths-backwards,lexicase,TRUE,10,elitize_generation_data,151,37,0.605,224
153,9,string-lengths-backwards,lexicase,TRUE,10,elitize_generation_data,152,41,0.589,224
154,9,string-lengths-backwards,lexicase,TRUE,10,elitize_generation_data,153,42,0.595,224
155,9,string-lengths-backwards,lexicase,TRUE,10,elitize_generation_data,154,47,0.608,224
156,9,string-lengths-backwards,lexicase,TRUE,10,elitize_generation_data,155,46,0.613,224
157,9,string-lengths-backwards,lexicase,TRUE,10,elitize_generation_data,156,51,0.574,224
158,9,string-lengths-backwards,lexicase,TRUE,10,elitize_generation_data,157,45,0.61,224
159,9,string-lengths-backwards,lexicase,TRUE,10,elitize_generation_data,158,53,0.619,224
160,9,string-lengths-backwards,lexicase,TRUE,10,elitize_generation_data,159,54,0.627,224
161,9,string-lengths-backwards,lexicase,TRUE,10,elitize_generation_data,160,65,0.655,224
162,9,string-lengths-backwards,lexicase,TRUE,10,elitize_generation_data,161,60,0.643,224
163,9,string-lengths-backwards,lexicase,TRUE,10,elitize_generation_data,162,50,0.609,224
164,9,string-lengths-backwards,lexicase,TRUE,10,elitize_generation_data,163,51,0.63,224
165,9,string-lengths-backwards,lexicase,TRUE,10,elitize_generation_data,164,40,0.652,224
166,9,string-lengths-backwards,lexicase,TRUE,10,elitize_generation_data,165,43,0.669,224
167,9,string-lengths-backwards,lexicase,TRUE,10,elitize_generation_data,166,43,0.649,224
168,9,string-lengths-backwards,lexicase,TRUE,10,elitize_generation_data,167,51,0.631,224
169,9,string-lengths-backwards,lexicase,TRUE,10,elitize_generation_data,168,49,0.618,224
170,9,string-lengths-backwards,lexicase,TRUE,10,elitize_generation_data,169,57,0.662,224
171,9,string-lengths-backwards,lexicase,TRUE,10,elitize_generation_data,170,55,0.626,224
172,9,string-lengths-backwards,lexicase,TRUE,10,elitize_generation_data,171,56,0.638,224
173,9,string-lengths-backwards,lexicase,TRUE,10,elitize_generation_data,172,61,0.643,224
174,9,string-lengths-backwards,lexicase,TRUE,10,elitize_generation_data,173,61,0.668,224
175,9,string-lengths-backwards,lexicase,TRUE,10,elitize_generation_data,174,59,0.657,224
176,9,string-lengths-backwards,lexicase,TRUE,10,elitize_generation_data,175,53,0.643,224
177,9,string-lengths-backwards,lexicase,TRUE,10,elitize_generation_data,176,64,0.657,224
178,9,string-lengths-backwards,lexicase,TRUE,10,elitize_generation_data,177,63,0.657,224
179,9,string-lengths-backwards,lexicase,TRUE,10,elitize_generation_data,178,61,0.633,224
180,9,string-lengths-backwards,lexicase,TRUE,10,elitize_generation_data,179,65,0.649,224
181,9,string-lengths-backwards,lexicase,TRUE,10,elitize_generation_data,180,64,0.647,224
182,9,string-lengths-backwards,lexicase,TRUE,10,elitize_generation_data,181,62,0.645,224
183,9,string-lengths-backwards,lexicase,TRUE,10,elitize_generation_data,182,62,0.635,224
184,9,string-lengths-backwards,lexicase,TRUE,10,elitize_generation_data,183,60,0.637,224
185,9,string-lengths-backwards,lexicase,TRUE,10,elitize_generation_data,184,54,0.597,224
186,9,string-lengths-backwards,lexicase,TRUE,10,elitize_generation_data,185,65,0.653,224
187,9,string-lengths-backwards,lexicase,TRUE,10,elitize_generation_data,186,64,0.657,224
188,9,string-lengths-backwards,lexicase,TRUE,10,elitize_generation_data,187,62,0.669,224
189,9,string-lengths-backwards,lexicase,TRUE,10,elitize_generation_data,188,61,0.62,224
190,9,string-lengths-backwards,lexicase,TRUE,10,elitize_generation_data,189,57,0.64,224
191,9,string-lengths-backwards,lexicase,TRUE,10,elitize_generation_data,190,56,0.591,224
192,9,string-lengths-backwards,lexicase,TRUE,10,elitize_generation_data,191,65,0.602,224
193,9,string-lengths-backwards,lexicase,TRUE,10,elitize_generation_data,192,73,0.623,224
194,9,string-lengths-backwards,lexicase,TRUE,10,elitize_generation_data,193,71,0.639,224
195,9,string-lengths-backwards,lexicase,TRUE,10,elitize_generation_data,194,83,0.612,224
196,9,string-lengths-backwards,lexicase,TRUE,10,elitize_generation_data,195,79,0.61,224
197,9,string-lengths-backwards,lexicase,TRUE,10,elitize_generation_data,196,102,0.65,224
198,9,string-lengths-backwards,lexicase,TRUE,10,elitize_generation_data,197,102,0.65,224
199,9,string-lengths-backwards,lexicase,TRUE,10,elitize_generation_data,198,118,0.647,224
200,9,string-lengths-backwards,lexicase,TRUE,10,elitize_generation_data,199,112,0.587,224
201,9,string-lengths-backwards,lexicase,TRUE,10,elitize_generation_data,200,118,0.634,224
202,9,string-lengths-backwards,lexicase,TRUE,10,elitize_generation_data,201,117,0.652,224
203,9,string-lengths-backwards,lexicase,TRUE,10,elitize_generation_data,202,120,0.636,224
204,9,string-lengths-backwards,lexicase,TRUE,10,elitize_generation_data,203,117,0.638,224
205,9,string-lengths-backwards,lexicase,TRUE,10,elitize_generation_data,204,119,0.618,224
206,9,string-lengths-backwards,lexicase,TRUE,10,elitize_generation_data,205,147,0.63,224
207,9,string-lengths-backwards,lexicase,TRUE,10,elitize_generation_data,206,132,0.645,224
208,9,string-lengths-backwards,lexicase,TRUE,10,elitize_generation_data,207,141,0.641,224
209,9,string-lengths-backwards,lexicase,TRUE,10,elitize_generation_data,208,130,0.64,224
210,9,string-lengths-backwards,lexicase,TRUE,10,elitize_generation_data,209,134,0.664,224
211,9,string-lengths-backwards,lexicase,TRUE,10,elitize_generation_data,210,138,0.659,224
212,9,string-lengths-backwards,lexicase,TRUE,10,elitize_generation_data,211,114,0.686,224
213,9,string-lengths-backwards,lexicase,TRUE,10,elitize_generation_data,212,122,0.653,224
214,9,string-lengths-backwards,lexicase,TRUE,10,elitize_generation_data,213,124,0.665,224
215,9,string-lengths-backwards,lexicase,TRUE,10,elitize_generation_data,214,126,0.688,224
216,9,string-lengths-backwards,lexicase,TRUE,10,elitize_generation_data,215,113,0.649,224
217,9,string-lengths-backwards,lexicase,TRUE,10,elitize_generation_data,216,137,0.672,224
218,9,string-lengths-backwards,lexicase,TRUE,10,elitize_generation_data,217,127,0.679,224
219,9,string-lengths-backwards,lexicase,TRUE,10,elitize_generation_data,218,115,0.65,224
220,9,string-lengths-backwards,lexicase,TRUE,10,elitize_generation_data,219,113,0.669,224
221,9,string-lengths-backwards,lexicase,TRUE,10,elitize_generation_data,220,121,0.674,224
222,9,string-lengths-backwards,lexicase,TRUE,10,elitize_generation_data,221,134,0.685,224
223,9,string-lengths-backwards,lexicase,TRUE,10,elitize_generation_data,222,122,0.679,224
224,9,string-lengths-backwards,lexicase,TRUE,10,elitize_generation_data,223,126,0.677,224
225,9,string-lengths-backwards,lexicase,TRUE,10,elitize_generation_data,224,124,0.667,224
