,run.num,problem,treatment,succeeded,height,normalization.function,generation,cluster.count,error.diversity,success.generation
1,84,string-lengths-backwards,lexicase,TRUE,10,elitize_generation_data,0,6,0.277,112
2,84,string-lengths-backwards,lexicase,TRUE,10,elitize_generation_data,1,12,0.142,112
3,84,string-lengths-backwards,lexicase,TRUE,10,elitize_generation_data,2,9,0.167,112
4,84,string-lengths-backwards,lexicase,TRUE,10,elitize_generation_data,3,7,0.247,112
5,84,string-lengths-backwards,lexicase,TRUE,10,elitize_generation_data,4,2,0.413,112
6,84,string-lengths-backwards,lexicase,TRUE,10,elitize_generation_data,5,5,0.39,112
7,84,string-lengths-backwards,lexicase,TRUE,10,elitize_generation_data,6,3,0.458,112
8,84,string-lengths-backwards,lexicase,TRUE,10,elitize_generation_data,7,2,0.473,112
9,84,string-lengths-backwards,lexicase,TRUE,10,elitize_generation_data,8,2,0.527,112
10,84,string-lengths-backwards,lexicase,TRUE,10,elitize_generation_data,9,1,0.562,112
11,84,string-lengths-backwards,lexicase,TRUE,10,elitize_generation_data,10,1,0.56,112
12,84,string-lengths-backwards,lexicase,TRUE,10,elitize_generation_data,11,1,0.596,112
13,84,string-lengths-backwards,lexicase,TRUE,10,elitize_generation_data,12,1,0.611,112
14,84,string-lengths-backwards,lexicase,TRUE,10,elitize_generation_data,13,1,0.599,112
15,84,string-lengths-backwards,lexicase,TRUE,10,elitize_generation_data,14,1,0.586,112
16,84,string-lengths-backwards,lexicase,TRUE,10,elitize_generation_data,15,1,0.593,112
17,84,string-lengths-backwards,lexicase,TRUE,10,elitize_generation_data,16,1,0.617,112
18,84,string-lengths-backwards,lexicase,TRUE,10,elitize_generation_data,17,1,0.629,112
19,84,string-lengths-backwards,lexicase,TRUE,10,elitize_generation_data,18,1,0.614,112
20,84,string-lengths-backwards,lexicase,TRUE,10,elitize_generation_data,19,1,0.622,112
21,84,string-lengths-backwards,lexicase,TRUE,10,elitize_generation_data,20,1,0.619,112
22,84,string-lengths-backwards,lexicase,TRUE,10,elitize_generation_data,21,1,0.63,112
23,84,string-lengths-backwards,lexicase,TRUE,10,elitize_generation_data,22,1,0.63,112
24,84,string-lengths-backwards,lexicase,TRUE,10,elitize_generation_data,23,1,0.628,112
25,84,string-lengths-backwards,lexicase,TRUE,10,elitize_generation_data,24,1,0.65,112
26,84,string-lengths-backwards,lexicase,TRUE,10,elitize_generation_data,25,1,0.642,112
27,84,string-lengths-backwards,lexicase,TRUE,10,elitize_generation_data,26,1,0.617,112
28,84,string-lengths-backwards,lexicase,TRUE,10,elitize_generation_data,27,1,0.589,112
29,84,string-lengths-backwards,lexicase,TRUE,10,elitize_generation_data,28,1,0.642,112
30,84,string-lengths-backwards,lexicase,TRUE,10,elitize_generation_data,29,1,0.614,112
31,84,string-lengths-backwards,lexicase,TRUE,10,elitize_generation_data,30,1,0.598,112
32,84,string-lengths-backwards,lexicase,TRUE,10,elitize_generation_data,31,1,0.6,112
33,84,string-lengths-backwards,lexicase,TRUE,10,elitize_generation_data,32,1,0.586,112
34,84,string-lengths-backwards,lexicase,TRUE,10,elitize_generation_data,33,1,0.597,112
35,84,string-lengths-backwards,lexicase,TRUE,10,elitize_generation_data,34,1,0.62,112
36,84,string-lengths-backwards,lexicase,TRUE,10,elitize_generation_data,35,1,0.595,112
37,84,string-lengths-backwards,lexicase,TRUE,10,elitize_generation_data,36,1,0.617,112
38,84,string-lengths-backwards,lexicase,TRUE,10,elitize_generation_data,37,1,0.626,112
39,84,string-lengths-backwards,lexicase,TRUE,10,elitize_generation_data,38,1,0.655,112
40,84,string-lengths-backwards,lexicase,TRUE,10,elitize_generation_data,39,1,0.672,112
41,84,string-lengths-backwards,lexicase,TRUE,10,elitize_generation_data,40,1,0.646,112
42,84,string-lengths-backwards,lexicase,TRUE,10,elitize_generation_data,41,1,0.657,112
43,84,string-lengths-backwards,lexicase,TRUE,10,elitize_generation_data,42,1,0.669,112
44,84,string-lengths-backwards,lexicase,TRUE,10,elitize_generation_data,43,1,0.648,112
45,84,string-lengths-backwards,lexicase,TRUE,10,elitize_generation_data,44,1,0.674,112
46,84,string-lengths-backwards,lexicase,TRUE,10,elitize_generation_data,45,1,0.657,112
47,84,string-lengths-backwards,lexicase,TRUE,10,elitize_generation_data,46,1,0.67,112
48,84,string-lengths-backwards,lexicase,TRUE,10,elitize_generation_data,47,1,0.663,112
49,84,string-lengths-backwards,lexicase,TRUE,10,elitize_generation_data,48,1,0.67,112
50,84,string-lengths-backwards,lexicase,TRUE,10,elitize_generation_data,49,1,0.66,112
51,84,string-lengths-backwards,lexicase,TRUE,10,elitize_generation_data,50,1,0.677,112
52,84,string-lengths-backwards,lexicase,TRUE,10,elitize_generation_data,51,1,0.664,112
53,84,string-lengths-backwards,lexicase,TRUE,10,elitize_generation_data,52,1,0.671,112
54,84,string-lengths-backwards,lexicase,TRUE,10,elitize_generation_data,53,1,0.68,112
55,84,string-lengths-backwards,lexicase,TRUE,10,elitize_generation_data,54,1,0.696,112
56,84,string-lengths-backwards,lexicase,TRUE,10,elitize_generation_data,55,1,0.695,112
57,84,string-lengths-backwards,lexicase,TRUE,10,elitize_generation_data,56,1,0.697,112
58,84,string-lengths-backwards,lexicase,TRUE,10,elitize_generation_data,57,1,0.708,112
59,84,string-lengths-backwards,lexicase,TRUE,10,elitize_generation_data,58,1,0.685,112
60,84,string-lengths-backwards,lexicase,TRUE,10,elitize_generation_data,59,1,0.695,112
61,84,string-lengths-backwards,lexicase,TRUE,10,elitize_generation_data,60,1,0.688,112
62,84,string-lengths-backwards,lexicase,TRUE,10,elitize_generation_data,61,1,0.649,112
63,84,string-lengths-backwards,lexicase,TRUE,10,elitize_generation_data,62,1,0.671,112
64,84,string-lengths-backwards,lexicase,TRUE,10,elitize_generation_data,63,1,0.677,112
65,84,string-lengths-backwards,lexicase,TRUE,10,elitize_generation_data,64,1,0.686,112
66,84,string-lengths-backwards,lexicase,TRUE,10,elitize_generation_data,65,1,0.69,112
67,84,string-lengths-backwards,lexicase,TRUE,10,elitize_generation_data,66,1,0.666,112
68,84,string-lengths-backwards,lexicase,TRUE,10,elitize_generation_data,67,1,0.681,112
69,84,string-lengths-backwards,lexicase,TRUE,10,elitize_generation_data,68,2,0.688,112
70,84,string-lengths-backwards,lexicase,TRUE,10,elitize_generation_data,69,3,0.56,112
71,84,string-lengths-backwards,lexicase,TRUE,10,elitize_generation_data,70,3,0.491,112
72,84,string-lengths-backwards,lexicase,TRUE,10,elitize_generation_data,71,3,0.456,112
73,84,string-lengths-backwards,lexicase,TRUE,10,elitize_generation_data,72,4,0.461,112
74,84,string-lengths-backwards,lexicase,TRUE,10,elitize_generation_data,73,5,0.446,112
75,84,string-lengths-backwards,lexicase,TRUE,10,elitize_generation_data,74,4,0.246,112
76,84,string-lengths-backwards,lexicase,TRUE,10,elitize_generation_data,75,6,0.253,112
77,84,string-lengths-backwards,lexicase,TRUE,10,elitize_generation_data,76,5,0.3,112
78,84,string-lengths-backwards,lexicase,TRUE,10,elitize_generation_data,77,4,0.278,112
79,84,string-lengths-backwards,lexicase,TRUE,10,elitize_generation_data,78,3,0.346,112
80,84,string-lengths-backwards,lexicase,TRUE,10,elitize_generation_data,79,3,0.256,112
81,84,string-lengths-backwards,lexicase,TRUE,10,elitize_generation_data,80,4,0.249,112
82,84,string-lengths-backwards,lexicase,TRUE,10,elitize_generation_data,81,7,0.254,112
83,84,string-lengths-backwards,lexicase,TRUE,10,elitize_generation_data,82,7,0.176,112
84,84,string-lengths-backwards,lexicase,TRUE,10,elitize_generation_data,83,8,0.179,112
85,84,string-lengths-backwards,lexicase,TRUE,10,elitize_generation_data,84,9,0.195,112
86,84,string-lengths-backwards,lexicase,TRUE,10,elitize_generation_data,85,9,0.176,112
87,84,string-lengths-backwards,lexicase,TRUE,10,elitize_generation_data,86,8,0.167,112
88,84,string-lengths-backwards,lexicase,TRUE,10,elitize_generation_data,87,12,0.189,112
89,84,string-lengths-backwards,lexicase,TRUE,10,elitize_generation_data,88,9,0.209,112
90,84,string-lengths-backwards,lexicase,TRUE,10,elitize_generation_data,89,9,0.185,112
91,84,string-lengths-backwards,lexicase,TRUE,10,elitize_generation_data,90,9,0.181,112
92,84,string-lengths-backwards,lexicase,TRUE,10,elitize_generation_data,91,9,0.186,112
93,84,string-lengths-backwards,lexicase,TRUE,10,elitize_generation_data,92,10,0.191,112
94,84,string-lengths-backwards,lexicase,TRUE,10,elitize_generation_data,93,10,0.195,112
95,84,string-lengths-backwards,lexicase,TRUE,10,elitize_generation_data,94,12,0.206,112
96,84,string-lengths-backwards,lexicase,TRUE,10,elitize_generation_data,95,13,0.204,112
97,84,string-lengths-backwards,lexicase,TRUE,10,elitize_generation_data,96,11,0.202,112
98,84,string-lengths-backwards,lexicase,TRUE,10,elitize_generation_data,97,9,0.225,112
99,84,string-lengths-backwards,lexicase,TRUE,10,elitize_generation_data,98,11,0.24,112
100,84,string-lengths-backwards,lexicase,TRUE,10,elitize_generation_data,99,12,0.251,112
101,84,string-lengths-backwards,lexicase,TRUE,10,elitize_generation_data,100,10,0.233,112
102,84,string-lengths-backwards,lexicase,TRUE,10,elitize_generation_data,101,10,0.252,112
103,84,string-lengths-backwards,lexicase,TRUE,10,elitize_generation_data,102,9,0.277,112
104,84,string-lengths-backwards,lexicase,TRUE,10,elitize_generation_data,103,11,0.261,112
105,84,string-lengths-backwards,lexicase,TRUE,10,elitize_generation_data,104,11,0.286,112
106,84,string-lengths-backwards,lexicase,TRUE,10,elitize_generation_data,105,9,0.292,112
107,84,string-lengths-backwards,lexicase,TRUE,10,elitize_generation_data,106,9,0.284,112
108,84,string-lengths-backwards,lexicase,TRUE,10,elitize_generation_data,107,10,0.295,112
109,84,string-lengths-backwards,lexicase,TRUE,10,elitize_generation_data,108,9,0.284,112
110,84,string-lengths-backwards,lexicase,TRUE,10,elitize_generation_data,109,9,0.308,112
111,84,string-lengths-backwards,lexicase,TRUE,10,elitize_generation_data,110,9,0.283,112
112,84,string-lengths-backwards,lexicase,TRUE,10,elitize_generation_data,111,2,0.313,112
113,84,string-lengths-backwards,lexicase,TRUE,10,elitize_generation_data,112,5,0.172,112
