,run.num,problem,treatment,succeeded,height,normalization.function,generation,cluster.count,error.diversity,success.generation
1,67,string-lengths-backwards,lexicase,TRUE,10,elitize_generation_data,0,6,0.266,87
2,67,string-lengths-backwards,lexicase,TRUE,10,elitize_generation_data,1,15,0.152,87
3,67,string-lengths-backwards,lexicase,TRUE,10,elitize_generation_data,2,15,0.254,87
4,67,string-lengths-backwards,lexicase,TRUE,10,elitize_generation_data,3,21,0.364,87
5,67,string-lengths-backwards,lexicase,TRUE,10,elitize_generation_data,4,17,0.492,87
6,67,string-lengths-backwards,lexicase,TRUE,10,elitize_generation_data,5,8,0.524,87
7,67,string-lengths-backwards,lexicase,TRUE,10,elitize_generation_data,6,10,0.595,87
8,67,string-lengths-backwards,lexicase,TRUE,10,elitize_generation_data,7,4,0.663,87
9,67,string-lengths-backwards,lexicase,TRUE,10,elitize_generation_data,8,3,0.709,87
10,67,string-lengths-backwards,lexicase,TRUE,10,elitize_generation_data,9,5,0.624,87
11,67,string-lengths-backwards,lexicase,TRUE,10,elitize_generation_data,10,3,0.604,87
12,67,string-lengths-backwards,lexicase,TRUE,10,elitize_generation_data,11,3,0.638,87
13,67,string-lengths-backwards,lexicase,TRUE,10,elitize_generation_data,12,4,0.624,87
14,67,string-lengths-backwards,lexicase,TRUE,10,elitize_generation_data,13,5,0.661,87
15,67,string-lengths-backwards,lexicase,TRUE,10,elitize_generation_data,14,3,0.621,87
16,67,string-lengths-backwards,lexicase,TRUE,10,elitize_generation_data,15,1,0.669,87
17,67,string-lengths-backwards,lexicase,TRUE,10,elitize_generation_data,16,1,0.686,87
18,67,string-lengths-backwards,lexicase,TRUE,10,elitize_generation_data,17,1,0.734,87
19,67,string-lengths-backwards,lexicase,TRUE,10,elitize_generation_data,18,1,0.708,87
20,67,string-lengths-backwards,lexicase,TRUE,10,elitize_generation_data,19,1,0.719,87
21,67,string-lengths-backwards,lexicase,TRUE,10,elitize_generation_data,20,1,0.715,87
22,67,string-lengths-backwards,lexicase,TRUE,10,elitize_generation_data,21,1,0.707,87
23,67,string-lengths-backwards,lexicase,TRUE,10,elitize_generation_data,22,1,0.716,87
24,67,string-lengths-backwards,lexicase,TRUE,10,elitize_generation_data,23,1,0.702,87
25,67,string-lengths-backwards,lexicase,TRUE,10,elitize_generation_data,24,1,0.72,87
26,67,string-lengths-backwards,lexicase,TRUE,10,elitize_generation_data,25,1,0.693,87
27,67,string-lengths-backwards,lexicase,TRUE,10,elitize_generation_data,26,1,0.7,87
28,67,string-lengths-backwards,lexicase,TRUE,10,elitize_generation_data,27,1,0.725,87
29,67,string-lengths-backwards,lexicase,TRUE,10,elitize_generation_data,28,1,0.744,87
30,67,string-lengths-backwards,lexicase,TRUE,10,elitize_generation_data,29,1,0.744,87
31,67,string-lengths-backwards,lexicase,TRUE,10,elitize_generation_data,30,1,0.759,87
32,67,string-lengths-backwards,lexicase,TRUE,10,elitize_generation_data,31,1,0.753,87
33,67,string-lengths-backwards,lexicase,TRUE,10,elitize_generation_data,32,1,0.743,87
34,67,string-lengths-backwards,lexicase,TRUE,10,elitize_generation_data,33,1,0.733,87
35,67,string-lengths-backwards,lexicase,TRUE,10,elitize_generation_data,34,1,0.721,87
36,67,string-lengths-backwards,lexicase,TRUE,10,elitize_generation_data,35,1,0.747,87
37,67,string-lengths-backwards,lexicase,TRUE,10,elitize_generation_data,36,1,0.711,87
38,67,string-lengths-backwards,lexicase,TRUE,10,elitize_generation_data,37,1,0.743,87
39,67,string-lengths-backwards,lexicase,TRUE,10,elitize_generation_data,38,1,0.706,87
40,67,string-lengths-backwards,lexicase,TRUE,10,elitize_generation_data,39,1,0.745,87
41,67,string-lengths-backwards,lexicase,TRUE,10,elitize_generation_data,40,1,0.736,87
42,67,string-lengths-backwards,lexicase,TRUE,10,elitize_generation_data,41,1,0.725,87
43,67,string-lengths-backwards,lexicase,TRUE,10,elitize_generation_data,42,1,0.736,87
44,67,string-lengths-backwards,lexicase,TRUE,10,elitize_generation_data,43,1,0.733,87
45,67,string-lengths-backwards,lexicase,TRUE,10,elitize_generation_data,44,1,0.76,87
46,67,string-lengths-backwards,lexicase,TRUE,10,elitize_generation_data,45,1,0.726,87
47,67,string-lengths-backwards,lexicase,TRUE,10,elitize_generation_data,46,1,0.728,87
48,67,string-lengths-backwards,lexicase,TRUE,10,elitize_generation_data,47,1,0.754,87
49,67,string-lengths-backwards,lexicase,TRUE,10,elitize_generation_data,48,1,0.724,87
50,67,string-lengths-backwards,lexicase,TRUE,10,elitize_generation_data,49,1,0.724,87
51,67,string-lengths-backwards,lexicase,TRUE,10,elitize_generation_data,50,1,0.744,87
52,67,string-lengths-backwards,lexicase,TRUE,10,elitize_generation_data,51,1,0.727,87
53,67,string-lengths-backwards,lexicase,TRUE,10,elitize_generation_data,52,1,0.776,87
54,67,string-lengths-backwards,lexicase,TRUE,10,elitize_generation_data,53,1,0.738,87
55,67,string-lengths-backwards,lexicase,TRUE,10,elitize_generation_data,54,1,0.745,87
56,67,string-lengths-backwards,lexicase,TRUE,10,elitize_generation_data,55,1,0.72,87
57,67,string-lengths-backwards,lexicase,TRUE,10,elitize_generation_data,56,1,0.752,87
58,67,string-lengths-backwards,lexicase,TRUE,10,elitize_generation_data,57,1,0.711,87
59,67,string-lengths-backwards,lexicase,TRUE,10,elitize_generation_data,58,1,0.726,87
60,67,string-lengths-backwards,lexicase,TRUE,10,elitize_generation_data,59,1,0.723,87
61,67,string-lengths-backwards,lexicase,TRUE,10,elitize_generation_data,60,1,0.746,87
62,67,string-lengths-backwards,lexicase,TRUE,10,elitize_generation_data,61,1,0.752,87
63,67,string-lengths-backwards,lexicase,TRUE,10,elitize_generation_data,62,1,0.741,87
64,67,string-lengths-backwards,lexicase,TRUE,10,elitize_generation_data,63,1,0.75,87
65,67,string-lengths-backwards,lexicase,TRUE,10,elitize_generation_data,64,1,0.741,87
66,67,string-lengths-backwards,lexicase,TRUE,10,elitize_generation_data,65,1,0.751,87
67,67,string-lengths-backwards,lexicase,TRUE,10,elitize_generation_data,66,1,0.729,87
68,67,string-lengths-backwards,lexicase,TRUE,10,elitize_generation_data,67,1,0.74,87
69,67,string-lengths-backwards,lexicase,TRUE,10,elitize_generation_data,68,1,0.726,87
70,67,string-lengths-backwards,lexicase,TRUE,10,elitize_generation_data,69,2,0.731,87
71,67,string-lengths-backwards,lexicase,TRUE,10,elitize_generation_data,70,3,0.672,87
72,67,string-lengths-backwards,lexicase,TRUE,10,elitize_generation_data,71,3,0.702,87
73,67,string-lengths-backwards,lexicase,TRUE,10,elitize_generation_data,72,4,0.641,87
74,67,string-lengths-backwards,lexicase,TRUE,10,elitize_generation_data,73,4,0.599,87
75,67,string-lengths-backwards,lexicase,TRUE,10,elitize_generation_data,74,4,0.508,87
76,67,string-lengths-backwards,lexicase,TRUE,10,elitize_generation_data,75,6,0.397,87
77,67,string-lengths-backwards,lexicase,TRUE,10,elitize_generation_data,76,7,0.294,87
78,67,string-lengths-backwards,lexicase,TRUE,10,elitize_generation_data,77,7,0.185,87
79,67,string-lengths-backwards,lexicase,TRUE,10,elitize_generation_data,78,6,0.184,87
80,67,string-lengths-backwards,lexicase,TRUE,10,elitize_generation_data,79,7,0.211,87
81,67,string-lengths-backwards,lexicase,TRUE,10,elitize_generation_data,80,5,0.142,87
82,67,string-lengths-backwards,lexicase,TRUE,10,elitize_generation_data,81,6,0.119,87
83,67,string-lengths-backwards,lexicase,TRUE,10,elitize_generation_data,82,7,0.126,87
84,67,string-lengths-backwards,lexicase,TRUE,10,elitize_generation_data,83,7,0.094,87
85,67,string-lengths-backwards,lexicase,TRUE,10,elitize_generation_data,84,7,0.094,87
86,67,string-lengths-backwards,lexicase,TRUE,10,elitize_generation_data,85,2,0.117,87
87,67,string-lengths-backwards,lexicase,TRUE,10,elitize_generation_data,86,5,0.161,87
88,67,string-lengths-backwards,lexicase,TRUE,10,elitize_generation_data,87,4,0.128,87
