,run.num,problem,treatment,succeeded,height,normalization.function,generation,cluster.count,error.diversity,success.generation
1,74,replace-space-with-newline,lexicase,TRUE,20,elitize_generation_data,0,3,0.499,104
2,74,replace-space-with-newline,lexicase,TRUE,20,elitize_generation_data,1,9,0.3,104
3,74,replace-space-with-newline,lexicase,TRUE,20,elitize_generation_data,2,11,0.324,104
4,74,replace-space-with-newline,lexicase,TRUE,20,elitize_generation_data,3,11,0.4,104
5,74,replace-space-with-newline,lexicase,TRUE,20,elitize_generation_data,4,24,0.391,104
6,74,replace-space-with-newline,lexicase,TRUE,20,elitize_generation_data,5,29,0.425,104
7,74,replace-space-with-newline,lexicase,TRUE,20,elitize_generation_data,6,37,0.415,104
8,74,replace-space-with-newline,lexicase,TRUE,20,elitize_generation_data,7,47,0.439,104
9,74,replace-space-with-newline,lexicase,TRUE,20,elitize_generation_data,8,57,0.477,104
10,74,replace-space-with-newline,lexicase,TRUE,20,elitize_generation_data,9,62,0.469,104
11,74,replace-space-with-newline,lexicase,TRUE,20,elitize_generation_data,10,65,0.51,104
12,74,replace-space-with-newline,lexicase,TRUE,20,elitize_generation_data,11,91,0.563,104
13,74,replace-space-with-newline,lexicase,TRUE,20,elitize_generation_data,12,124,0.638,104
14,74,replace-space-with-newline,lexicase,TRUE,20,elitize_generation_data,13,169,0.647,104
15,74,replace-space-with-newline,lexicase,TRUE,20,elitize_generation_data,14,175,0.664,104
16,74,replace-space-with-newline,lexicase,TRUE,20,elitize_generation_data,15,196,0.667,104
17,74,replace-space-with-newline,lexicase,TRUE,20,elitize_generation_data,16,219,0.684,104
18,74,replace-space-with-newline,lexicase,TRUE,20,elitize_generation_data,17,213,0.708,104
19,74,replace-space-with-newline,lexicase,TRUE,20,elitize_generation_data,18,235,0.701,104
20,74,replace-space-with-newline,lexicase,TRUE,20,elitize_generation_data,19,240,0.743,104
21,74,replace-space-with-newline,lexicase,TRUE,20,elitize_generation_data,20,257,0.731,104
22,74,replace-space-with-newline,lexicase,TRUE,20,elitize_generation_data,21,267,0.734,104
23,74,replace-space-with-newline,lexicase,TRUE,20,elitize_generation_data,22,288,0.757,104
24,74,replace-space-with-newline,lexicase,TRUE,20,elitize_generation_data,23,292,0.771,104
25,74,replace-space-with-newline,lexicase,TRUE,20,elitize_generation_data,24,274,0.755,104
26,74,replace-space-with-newline,lexicase,TRUE,20,elitize_generation_data,25,280,0.737,104
27,74,replace-space-with-newline,lexicase,TRUE,20,elitize_generation_data,26,277,0.687,104
28,74,replace-space-with-newline,lexicase,TRUE,20,elitize_generation_data,27,209,0.62,104
29,74,replace-space-with-newline,lexicase,TRUE,20,elitize_generation_data,28,229,0.634,104
30,74,replace-space-with-newline,lexicase,TRUE,20,elitize_generation_data,29,178,0.592,104
31,74,replace-space-with-newline,lexicase,TRUE,20,elitize_generation_data,30,162,0.567,104
32,74,replace-space-with-newline,lexicase,TRUE,20,elitize_generation_data,31,184,0.615,104
33,74,replace-space-with-newline,lexicase,TRUE,20,elitize_generation_data,32,159,0.595,104
34,74,replace-space-with-newline,lexicase,TRUE,20,elitize_generation_data,33,151,0.607,104
35,74,replace-space-with-newline,lexicase,TRUE,20,elitize_generation_data,34,146,0.6,104
36,74,replace-space-with-newline,lexicase,TRUE,20,elitize_generation_data,35,153,0.61,104
37,74,replace-space-with-newline,lexicase,TRUE,20,elitize_generation_data,36,145,0.563,104
38,74,replace-space-with-newline,lexicase,TRUE,20,elitize_generation_data,37,135,0.609,104
39,74,replace-space-with-newline,lexicase,TRUE,20,elitize_generation_data,38,143,0.609,104
40,74,replace-space-with-newline,lexicase,TRUE,20,elitize_generation_data,39,150,0.644,104
41,74,replace-space-with-newline,lexicase,TRUE,20,elitize_generation_data,40,143,0.64,104
42,74,replace-space-with-newline,lexicase,TRUE,20,elitize_generation_data,41,143,0.618,104
43,74,replace-space-with-newline,lexicase,TRUE,20,elitize_generation_data,42,143,0.645,104
44,74,replace-space-with-newline,lexicase,TRUE,20,elitize_generation_data,43,122,0.625,104
45,74,replace-space-with-newline,lexicase,TRUE,20,elitize_generation_data,44,143,0.623,104
46,74,replace-space-with-newline,lexicase,TRUE,20,elitize_generation_data,45,114,0.619,104
47,74,replace-space-with-newline,lexicase,TRUE,20,elitize_generation_data,46,121,0.627,104
48,74,replace-space-with-newline,lexicase,TRUE,20,elitize_generation_data,47,133,0.59,104
49,74,replace-space-with-newline,lexicase,TRUE,20,elitize_generation_data,48,138,0.618,104
50,74,replace-space-with-newline,lexicase,TRUE,20,elitize_generation_data,49,115,0.591,104
51,74,replace-space-with-newline,lexicase,TRUE,20,elitize_generation_data,50,130,0.633,104
52,74,replace-space-with-newline,lexicase,TRUE,20,elitize_generation_data,51,117,0.631,104
53,74,replace-space-with-newline,lexicase,TRUE,20,elitize_generation_data,52,126,0.607,104
54,74,replace-space-with-newline,lexicase,TRUE,20,elitize_generation_data,53,139,0.67,104
55,74,replace-space-with-newline,lexicase,TRUE,20,elitize_generation_data,54,113,0.642,104
56,74,replace-space-with-newline,lexicase,TRUE,20,elitize_generation_data,55,131,0.639,104
57,74,replace-space-with-newline,lexicase,TRUE,20,elitize_generation_data,56,130,0.623,104
58,74,replace-space-with-newline,lexicase,TRUE,20,elitize_generation_data,57,133,0.671,104
59,74,replace-space-with-newline,lexicase,TRUE,20,elitize_generation_data,58,136,0.649,104
60,74,replace-space-with-newline,lexicase,TRUE,20,elitize_generation_data,59,133,0.642,104
61,74,replace-space-with-newline,lexicase,TRUE,20,elitize_generation_data,60,133,0.627,104
62,74,replace-space-with-newline,lexicase,TRUE,20,elitize_generation_data,61,128,0.634,104
63,74,replace-space-with-newline,lexicase,TRUE,20,elitize_generation_data,62,120,0.651,104
64,74,replace-space-with-newline,lexicase,TRUE,20,elitize_generation_data,63,115,0.628,104
65,74,replace-space-with-newline,lexicase,TRUE,20,elitize_generation_data,64,127,0.624,104
66,74,replace-space-with-newline,lexicase,TRUE,20,elitize_generation_data,65,135,0.665,104
67,74,replace-space-with-newline,lexicase,TRUE,20,elitize_generation_data,66,122,0.645,104
68,74,replace-space-with-newline,lexicase,TRUE,20,elitize_generation_data,67,140,0.607,104
69,74,replace-space-with-newline,lexicase,TRUE,20,elitize_generation_data,68,115,0.604,104
70,74,replace-space-with-newline,lexicase,TRUE,20,elitize_generation_data,69,137,0.644,104
71,74,replace-space-with-newline,lexicase,TRUE,20,elitize_generation_data,70,128,0.62,104
72,74,replace-space-with-newline,lexicase,TRUE,20,elitize_generation_data,71,124,0.61,104
73,74,replace-space-with-newline,lexicase,TRUE,20,elitize_generation_data,72,129,0.665,104
74,74,replace-space-with-newline,lexicase,TRUE,20,elitize_generation_data,73,123,0.613,104
75,74,replace-space-with-newline,lexicase,TRUE,20,elitize_generation_data,74,140,0.65,104
76,74,replace-space-with-newline,lexicase,TRUE,20,elitize_generation_data,75,146,0.644,104
77,74,replace-space-with-newline,lexicase,TRUE,20,elitize_generation_data,76,134,0.617,104
78,74,replace-space-with-newline,lexicase,TRUE,20,elitize_generation_data,77,145,0.658,104
79,74,replace-space-with-newline,lexicase,TRUE,20,elitize_generation_data,78,132,0.658,104
80,74,replace-space-with-newline,lexicase,TRUE,20,elitize_generation_data,79,136,0.632,104
81,74,replace-space-with-newline,lexicase,TRUE,20,elitize_generation_data,80,145,0.638,104
82,74,replace-space-with-newline,lexicase,TRUE,20,elitize_generation_data,81,136,0.644,104
83,74,replace-space-with-newline,lexicase,TRUE,20,elitize_generation_data,82,141,0.643,104
84,74,replace-space-with-newline,lexicase,TRUE,20,elitize_generation_data,83,138,0.636,104
85,74,replace-space-with-newline,lexicase,TRUE,20,elitize_generation_data,84,128,0.65,104
86,74,replace-space-with-newline,lexicase,TRUE,20,elitize_generation_data,85,130,0.658,104
87,74,replace-space-with-newline,lexicase,TRUE,20,elitize_generation_data,86,127,0.646,104
88,74,replace-space-with-newline,lexicase,TRUE,20,elitize_generation_data,87,142,0.656,104
89,74,replace-space-with-newline,lexicase,TRUE,20,elitize_generation_data,88,133,0.676,104
90,74,replace-space-with-newline,lexicase,TRUE,20,elitize_generation_data,89,135,0.673,104
91,74,replace-space-with-newline,lexicase,TRUE,20,elitize_generation_data,90,140,0.639,104
92,74,replace-space-with-newline,lexicase,TRUE,20,elitize_generation_data,91,147,0.664,104
93,74,replace-space-with-newline,lexicase,TRUE,20,elitize_generation_data,92,147,0.667,104
94,74,replace-space-with-newline,lexicase,TRUE,20,elitize_generation_data,93,151,0.666,104
95,74,replace-space-with-newline,lexicase,TRUE,20,elitize_generation_data,94,161,0.65,104
96,74,replace-space-with-newline,lexicase,TRUE,20,elitize_generation_data,95,170,0.67,104
97,74,replace-space-with-newline,lexicase,TRUE,20,elitize_generation_data,96,137,0.67,104
98,74,replace-space-with-newline,lexicase,TRUE,20,elitize_generation_data,97,136,0.659,104
99,74,replace-space-with-newline,lexicase,TRUE,20,elitize_generation_data,98,164,0.656,104
100,74,replace-space-with-newline,lexicase,TRUE,20,elitize_generation_data,99,136,0.654,104
101,74,replace-space-with-newline,lexicase,TRUE,20,elitize_generation_data,100,171,0.673,104
102,74,replace-space-with-newline,lexicase,TRUE,20,elitize_generation_data,101,168,0.697,104
103,74,replace-space-with-newline,lexicase,TRUE,20,elitize_generation_data,102,174,0.687,104
104,74,replace-space-with-newline,lexicase,TRUE,20,elitize_generation_data,103,176,0.699,104
105,74,replace-space-with-newline,lexicase,TRUE,20,elitize_generation_data,104,173,0.65,104
