,run.num,problem,treatment,succeeded,height,normalization.function,generation,cluster.count,error.diversity,success.generation
1,61,replace-space-with-newline,lexicase,FALSE,20,elitize_generation_data,0,5,0.487,NA
2,61,replace-space-with-newline,lexicase,FALSE,20,elitize_generation_data,1,7,0.224,NA
3,61,replace-space-with-newline,lexicase,FALSE,20,elitize_generation_data,2,11,0.227,NA
4,61,replace-space-with-newline,lexicase,FALSE,20,elitize_generation_data,3,14,0.233,NA
5,61,replace-space-with-newline,lexicase,FALSE,20,elitize_generation_data,4,12,0.238,NA
6,61,replace-space-with-newline,lexicase,FALSE,20,elitize_generation_data,5,15,0.244,NA
7,61,replace-space-with-newline,lexicase,FALSE,20,elitize_generation_data,6,13,0.263,NA
8,61,replace-space-with-newline,lexicase,FALSE,20,elitize_generation_data,7,16,0.32,NA
9,61,replace-space-with-newline,lexicase,FALSE,20,elitize_generation_data,8,22,0.382,NA
10,61,replace-space-with-newline,lexicase,FALSE,20,elitize_generation_data,9,27,0.445,NA
11,61,replace-space-with-newline,lexicase,FALSE,20,elitize_generation_data,10,25,0.484,NA
12,61,replace-space-with-newline,lexicase,FALSE,20,elitize_generation_data,11,25,0.542,NA
13,61,replace-space-with-newline,lexicase,FALSE,20,elitize_generation_data,12,28,0.523,NA
14,61,replace-space-with-newline,lexicase,FALSE,20,elitize_generation_data,13,32,0.588,NA
15,61,replace-space-with-newline,lexicase,FALSE,20,elitize_generation_data,14,34,0.581,NA
16,61,replace-space-with-newline,lexicase,FALSE,20,elitize_generation_data,15,35,0.598,NA
17,61,replace-space-with-newline,lexicase,FALSE,20,elitize_generation_data,16,38,0.616,NA
18,61,replace-space-with-newline,lexicase,FALSE,20,elitize_generation_data,17,39,0.612,NA
19,61,replace-space-with-newline,lexicase,FALSE,20,elitize_generation_data,18,37,0.61,NA
20,61,replace-space-with-newline,lexicase,FALSE,20,elitize_generation_data,19,38,0.62,NA
21,61,replace-space-with-newline,lexicase,FALSE,20,elitize_generation_data,20,34,0.652,NA
22,61,replace-space-with-newline,lexicase,FALSE,20,elitize_generation_data,21,34,0.675,NA
23,61,replace-space-with-newline,lexicase,FALSE,20,elitize_generation_data,22,32,0.651,NA
24,61,replace-space-with-newline,lexicase,FALSE,20,elitize_generation_data,23,31,0.689,NA
25,61,replace-space-with-newline,lexicase,FALSE,20,elitize_generation_data,24,30,0.69,NA
26,61,replace-space-with-newline,lexicase,FALSE,20,elitize_generation_data,25,32,0.695,NA
27,61,replace-space-with-newline,lexicase,FALSE,20,elitize_generation_data,26,31,0.724,NA
28,61,replace-space-with-newline,lexicase,FALSE,20,elitize_generation_data,27,33,0.691,NA
29,61,replace-space-with-newline,lexicase,FALSE,20,elitize_generation_data,28,37,0.71,NA
30,61,replace-space-with-newline,lexicase,FALSE,20,elitize_generation_data,29,35,0.705,NA
31,61,replace-space-with-newline,lexicase,FALSE,20,elitize_generation_data,30,38,0.752,NA
32,61,replace-space-with-newline,lexicase,FALSE,20,elitize_generation_data,31,35,0.768,NA
33,61,replace-space-with-newline,lexicase,FALSE,20,elitize_generation_data,32,37,0.729,NA
34,61,replace-space-with-newline,lexicase,FALSE,20,elitize_generation_data,33,36,0.727,NA
35,61,replace-space-with-newline,lexicase,FALSE,20,elitize_generation_data,34,34,0.74,NA
36,61,replace-space-with-newline,lexicase,FALSE,20,elitize_generation_data,35,38,0.739,NA
37,61,replace-space-with-newline,lexicase,FALSE,20,elitize_generation_data,36,39,0.75,NA
38,61,replace-space-with-newline,lexicase,FALSE,20,elitize_generation_data,37,37,0.787,NA
39,61,replace-space-with-newline,lexicase,FALSE,20,elitize_generation_data,38,32,0.767,NA
40,61,replace-space-with-newline,lexicase,FALSE,20,elitize_generation_data,39,42,0.779,NA
41,61,replace-space-with-newline,lexicase,FALSE,20,elitize_generation_data,40,36,0.776,NA
42,61,replace-space-with-newline,lexicase,FALSE,20,elitize_generation_data,41,40,0.792,NA
43,61,replace-space-with-newline,lexicase,FALSE,20,elitize_generation_data,42,41,0.799,NA
44,61,replace-space-with-newline,lexicase,FALSE,20,elitize_generation_data,43,38,0.82,NA
45,61,replace-space-with-newline,lexicase,FALSE,20,elitize_generation_data,44,41,0.81,NA
46,61,replace-space-with-newline,lexicase,FALSE,20,elitize_generation_data,45,45,0.824,NA
47,61,replace-space-with-newline,lexicase,FALSE,20,elitize_generation_data,46,51,0.827,NA
48,61,replace-space-with-newline,lexicase,FALSE,20,elitize_generation_data,47,53,0.836,NA
49,61,replace-space-with-newline,lexicase,FALSE,20,elitize_generation_data,48,54,0.804,NA
50,61,replace-space-with-newline,lexicase,FALSE,20,elitize_generation_data,49,49,0.814,NA
51,61,replace-space-with-newline,lexicase,FALSE,20,elitize_generation_data,50,54,0.781,NA
52,61,replace-space-with-newline,lexicase,FALSE,20,elitize_generation_data,51,54,0.846,NA
53,61,replace-space-with-newline,lexicase,FALSE,20,elitize_generation_data,52,62,0.811,NA
54,61,replace-space-with-newline,lexicase,FALSE,20,elitize_generation_data,53,54,0.815,NA
55,61,replace-space-with-newline,lexicase,FALSE,20,elitize_generation_data,54,62,0.824,NA
56,61,replace-space-with-newline,lexicase,FALSE,20,elitize_generation_data,55,69,0.821,NA
57,61,replace-space-with-newline,lexicase,FALSE,20,elitize_generation_data,56,62,0.818,NA
58,61,replace-space-with-newline,lexicase,FALSE,20,elitize_generation_data,57,68,0.831,NA
59,61,replace-space-with-newline,lexicase,FALSE,20,elitize_generation_data,58,64,0.85,NA
60,61,replace-space-with-newline,lexicase,FALSE,20,elitize_generation_data,59,68,0.837,NA
61,61,replace-space-with-newline,lexicase,FALSE,20,elitize_generation_data,60,64,0.85,NA
62,61,replace-space-with-newline,lexicase,FALSE,20,elitize_generation_data,61,72,0.843,NA
63,61,replace-space-with-newline,lexicase,FALSE,20,elitize_generation_data,62,68,0.864,NA
64,61,replace-space-with-newline,lexicase,FALSE,20,elitize_generation_data,63,71,0.881,NA
65,61,replace-space-with-newline,lexicase,FALSE,20,elitize_generation_data,64,80,0.873,NA
66,61,replace-space-with-newline,lexicase,FALSE,20,elitize_generation_data,65,76,0.861,NA
67,61,replace-space-with-newline,lexicase,FALSE,20,elitize_generation_data,66,72,0.854,NA
68,61,replace-space-with-newline,lexicase,FALSE,20,elitize_generation_data,67,72,0.876,NA
69,61,replace-space-with-newline,lexicase,FALSE,20,elitize_generation_data,68,78,0.849,NA
70,61,replace-space-with-newline,lexicase,FALSE,20,elitize_generation_data,69,83,0.873,NA
71,61,replace-space-with-newline,lexicase,FALSE,20,elitize_generation_data,70,64,0.852,NA
72,61,replace-space-with-newline,lexicase,FALSE,20,elitize_generation_data,71,68,0.872,NA
73,61,replace-space-with-newline,lexicase,FALSE,20,elitize_generation_data,72,78,0.884,NA
74,61,replace-space-with-newline,lexicase,FALSE,20,elitize_generation_data,73,75,0.884,NA
75,61,replace-space-with-newline,lexicase,FALSE,20,elitize_generation_data,74,78,0.883,NA
76,61,replace-space-with-newline,lexicase,FALSE,20,elitize_generation_data,75,75,0.88,NA
77,61,replace-space-with-newline,lexicase,FALSE,20,elitize_generation_data,76,76,0.891,NA
78,61,replace-space-with-newline,lexicase,FALSE,20,elitize_generation_data,77,83,0.885,NA
79,61,replace-space-with-newline,lexicase,FALSE,20,elitize_generation_data,78,71,0.887,NA
80,61,replace-space-with-newline,lexicase,FALSE,20,elitize_generation_data,79,84,0.884,NA
81,61,replace-space-with-newline,lexicase,FALSE,20,elitize_generation_data,80,82,0.89,NA
82,61,replace-space-with-newline,lexicase,FALSE,20,elitize_generation_data,81,80,0.887,NA
83,61,replace-space-with-newline,lexicase,FALSE,20,elitize_generation_data,82,79,0.874,NA
84,61,replace-space-with-newline,lexicase,FALSE,20,elitize_generation_data,83,79,0.864,NA
85,61,replace-space-with-newline,lexicase,FALSE,20,elitize_generation_data,84,79,0.865,NA
86,61,replace-space-with-newline,lexicase,FALSE,20,elitize_generation_data,85,81,0.865,NA
87,61,replace-space-with-newline,lexicase,FALSE,20,elitize_generation_data,86,72,0.859,NA
88,61,replace-space-with-newline,lexicase,FALSE,20,elitize_generation_data,87,76,0.899,NA
89,61,replace-space-with-newline,lexicase,FALSE,20,elitize_generation_data,88,81,0.882,NA
90,61,replace-space-with-newline,lexicase,FALSE,20,elitize_generation_data,89,75,0.886,NA
91,61,replace-space-with-newline,lexicase,FALSE,20,elitize_generation_data,90,81,0.879,NA
92,61,replace-space-with-newline,lexicase,FALSE,20,elitize_generation_data,91,79,0.901,NA
93,61,replace-space-with-newline,lexicase,FALSE,20,elitize_generation_data,92,70,0.9,NA
94,61,replace-space-with-newline,lexicase,FALSE,20,elitize_generation_data,93,80,0.904,NA
95,61,replace-space-with-newline,lexicase,FALSE,20,elitize_generation_data,94,65,0.9,NA
96,61,replace-space-with-newline,lexicase,FALSE,20,elitize_generation_data,95,72,0.898,NA
97,61,replace-space-with-newline,lexicase,FALSE,20,elitize_generation_data,96,69,0.917,NA
98,61,replace-space-with-newline,lexicase,FALSE,20,elitize_generation_data,97,77,0.91,NA
99,61,replace-space-with-newline,lexicase,FALSE,20,elitize_generation_data,98,79,0.91,NA
100,61,replace-space-with-newline,lexicase,FALSE,20,elitize_generation_data,99,71,0.91,NA
101,61,replace-space-with-newline,lexicase,FALSE,20,elitize_generation_data,100,78,0.902,NA
102,61,replace-space-with-newline,lexicase,FALSE,20,elitize_generation_data,101,69,0.912,NA
103,61,replace-space-with-newline,lexicase,FALSE,20,elitize_generation_data,102,60,0.892,NA
104,61,replace-space-with-newline,lexicase,FALSE,20,elitize_generation_data,103,90,0.903,NA
105,61,replace-space-with-newline,lexicase,FALSE,20,elitize_generation_data,104,66,0.904,NA
106,61,replace-space-with-newline,lexicase,FALSE,20,elitize_generation_data,105,68,0.898,NA
107,61,replace-space-with-newline,lexicase,FALSE,20,elitize_generation_data,106,82,0.893,NA
108,61,replace-space-with-newline,lexicase,FALSE,20,elitize_generation_data,107,74,0.908,NA
109,61,replace-space-with-newline,lexicase,FALSE,20,elitize_generation_data,108,78,0.925,NA
110,61,replace-space-with-newline,lexicase,FALSE,20,elitize_generation_data,109,76,0.905,NA
111,61,replace-space-with-newline,lexicase,FALSE,20,elitize_generation_data,110,76,0.898,NA
112,61,replace-space-with-newline,lexicase,FALSE,20,elitize_generation_data,111,75,0.9,NA
113,61,replace-space-with-newline,lexicase,FALSE,20,elitize_generation_data,112,80,0.903,NA
114,61,replace-space-with-newline,lexicase,FALSE,20,elitize_generation_data,113,78,0.902,NA
115,61,replace-space-with-newline,lexicase,FALSE,20,elitize_generation_data,114,70,0.9,NA
116,61,replace-space-with-newline,lexicase,FALSE,20,elitize_generation_data,115,62,0.881,NA
117,61,replace-space-with-newline,lexicase,FALSE,20,elitize_generation_data,116,83,0.91,NA
118,61,replace-space-with-newline,lexicase,FALSE,20,elitize_generation_data,117,80,0.895,NA
119,61,replace-space-with-newline,lexicase,FALSE,20,elitize_generation_data,118,85,0.919,NA
120,61,replace-space-with-newline,lexicase,FALSE,20,elitize_generation_data,119,84,0.9,NA
121,61,replace-space-with-newline,lexicase,FALSE,20,elitize_generation_data,120,68,0.913,NA
122,61,replace-space-with-newline,lexicase,FALSE,20,elitize_generation_data,121,73,0.9,NA
123,61,replace-space-with-newline,lexicase,FALSE,20,elitize_generation_data,122,80,0.9,NA
124,61,replace-space-with-newline,lexicase,FALSE,20,elitize_generation_data,123,83,0.888,NA
125,61,replace-space-with-newline,lexicase,FALSE,20,elitize_generation_data,124,77,0.893,NA
126,61,replace-space-with-newline,lexicase,FALSE,20,elitize_generation_data,125,76,0.876,NA
127,61,replace-space-with-newline,lexicase,FALSE,20,elitize_generation_data,126,74,0.872,NA
128,61,replace-space-with-newline,lexicase,FALSE,20,elitize_generation_data,127,78,0.899,NA
129,61,replace-space-with-newline,lexicase,FALSE,20,elitize_generation_data,128,73,0.881,NA
130,61,replace-space-with-newline,lexicase,FALSE,20,elitize_generation_data,129,86,0.888,NA
131,61,replace-space-with-newline,lexicase,FALSE,20,elitize_generation_data,130,72,0.896,NA
132,61,replace-space-with-newline,lexicase,FALSE,20,elitize_generation_data,131,80,0.901,NA
133,61,replace-space-with-newline,lexicase,FALSE,20,elitize_generation_data,132,72,0.903,NA
134,61,replace-space-with-newline,lexicase,FALSE,20,elitize_generation_data,133,71,0.895,NA
135,61,replace-space-with-newline,lexicase,FALSE,20,elitize_generation_data,134,82,0.916,NA
136,61,replace-space-with-newline,lexicase,FALSE,20,elitize_generation_data,135,70,0.893,NA
137,61,replace-space-with-newline,lexicase,FALSE,20,elitize_generation_data,136,81,0.908,NA
138,61,replace-space-with-newline,lexicase,FALSE,20,elitize_generation_data,137,88,0.9,NA
139,61,replace-space-with-newline,lexicase,FALSE,20,elitize_generation_data,138,68,0.917,NA
140,61,replace-space-with-newline,lexicase,FALSE,20,elitize_generation_data,139,78,0.905,NA
141,61,replace-space-with-newline,lexicase,FALSE,20,elitize_generation_data,140,72,0.897,NA
142,61,replace-space-with-newline,lexicase,FALSE,20,elitize_generation_data,141,75,0.887,NA
143,61,replace-space-with-newline,lexicase,FALSE,20,elitize_generation_data,142,86,0.912,NA
144,61,replace-space-with-newline,lexicase,FALSE,20,elitize_generation_data,143,74,0.894,NA
145,61,replace-space-with-newline,lexicase,FALSE,20,elitize_generation_data,144,82,0.873,NA
146,61,replace-space-with-newline,lexicase,FALSE,20,elitize_generation_data,145,88,0.906,NA
147,61,replace-space-with-newline,lexicase,FALSE,20,elitize_generation_data,146,79,0.878,NA
148,61,replace-space-with-newline,lexicase,FALSE,20,elitize_generation_data,147,82,0.896,NA
149,61,replace-space-with-newline,lexicase,FALSE,20,elitize_generation_data,148,72,0.89,NA
150,61,replace-space-with-newline,lexicase,FALSE,20,elitize_generation_data,149,79,0.919,NA
151,61,replace-space-with-newline,lexicase,FALSE,20,elitize_generation_data,150,71,0.87,NA
152,61,replace-space-with-newline,lexicase,FALSE,20,elitize_generation_data,151,71,0.89,NA
153,61,replace-space-with-newline,lexicase,FALSE,20,elitize_generation_data,152,64,0.899,NA
154,61,replace-space-with-newline,lexicase,FALSE,20,elitize_generation_data,153,85,0.901,NA
155,61,replace-space-with-newline,lexicase,FALSE,20,elitize_generation_data,154,84,0.917,NA
156,61,replace-space-with-newline,lexicase,FALSE,20,elitize_generation_data,155,74,0.879,NA
157,61,replace-space-with-newline,lexicase,FALSE,20,elitize_generation_data,156,76,0.882,NA
158,61,replace-space-with-newline,lexicase,FALSE,20,elitize_generation_data,157,70,0.876,NA
159,61,replace-space-with-newline,lexicase,FALSE,20,elitize_generation_data,158,72,0.875,NA
160,61,replace-space-with-newline,lexicase,FALSE,20,elitize_generation_data,159,75,0.894,NA
161,61,replace-space-with-newline,lexicase,FALSE,20,elitize_generation_data,160,74,0.89,NA
162,61,replace-space-with-newline,lexicase,FALSE,20,elitize_generation_data,161,69,0.878,NA
163,61,replace-space-with-newline,lexicase,FALSE,20,elitize_generation_data,162,64,0.888,NA
164,61,replace-space-with-newline,lexicase,FALSE,20,elitize_generation_data,163,81,0.868,NA
165,61,replace-space-with-newline,lexicase,FALSE,20,elitize_generation_data,164,78,0.875,NA
166,61,replace-space-with-newline,lexicase,FALSE,20,elitize_generation_data,165,78,0.887,NA
167,61,replace-space-with-newline,lexicase,FALSE,20,elitize_generation_data,166,75,0.87,NA
168,61,replace-space-with-newline,lexicase,FALSE,20,elitize_generation_data,167,74,0.874,NA
169,61,replace-space-with-newline,lexicase,FALSE,20,elitize_generation_data,168,70,0.884,NA
170,61,replace-space-with-newline,lexicase,FALSE,20,elitize_generation_data,169,74,0.884,NA
171,61,replace-space-with-newline,lexicase,FALSE,20,elitize_generation_data,170,80,0.896,NA
172,61,replace-space-with-newline,lexicase,FALSE,20,elitize_generation_data,171,63,0.901,NA
173,61,replace-space-with-newline,lexicase,FALSE,20,elitize_generation_data,172,79,0.886,NA
174,61,replace-space-with-newline,lexicase,FALSE,20,elitize_generation_data,173,80,0.869,NA
175,61,replace-space-with-newline,lexicase,FALSE,20,elitize_generation_data,174,68,0.872,NA
176,61,replace-space-with-newline,lexicase,FALSE,20,elitize_generation_data,175,67,0.891,NA
177,61,replace-space-with-newline,lexicase,FALSE,20,elitize_generation_data,176,69,0.879,NA
178,61,replace-space-with-newline,lexicase,FALSE,20,elitize_generation_data,177,68,0.846,NA
179,61,replace-space-with-newline,lexicase,FALSE,20,elitize_generation_data,178,68,0.877,NA
180,61,replace-space-with-newline,lexicase,FALSE,20,elitize_generation_data,179,68,0.9,NA
181,61,replace-space-with-newline,lexicase,FALSE,20,elitize_generation_data,180,72,0.87,NA
182,61,replace-space-with-newline,lexicase,FALSE,20,elitize_generation_data,181,73,0.892,NA
183,61,replace-space-with-newline,lexicase,FALSE,20,elitize_generation_data,182,75,0.881,NA
184,61,replace-space-with-newline,lexicase,FALSE,20,elitize_generation_data,183,74,0.89,NA
185,61,replace-space-with-newline,lexicase,FALSE,20,elitize_generation_data,184,66,0.896,NA
186,61,replace-space-with-newline,lexicase,FALSE,20,elitize_generation_data,185,74,0.894,NA
187,61,replace-space-with-newline,lexicase,FALSE,20,elitize_generation_data,186,74,0.884,NA
188,61,replace-space-with-newline,lexicase,FALSE,20,elitize_generation_data,187,80,0.883,NA
189,61,replace-space-with-newline,lexicase,FALSE,20,elitize_generation_data,188,79,0.904,NA
190,61,replace-space-with-newline,lexicase,FALSE,20,elitize_generation_data,189,77,0.872,NA
191,61,replace-space-with-newline,lexicase,FALSE,20,elitize_generation_data,190,79,0.904,NA
192,61,replace-space-with-newline,lexicase,FALSE,20,elitize_generation_data,191,69,0.882,NA
193,61,replace-space-with-newline,lexicase,FALSE,20,elitize_generation_data,192,72,0.9,NA
194,61,replace-space-with-newline,lexicase,FALSE,20,elitize_generation_data,193,64,0.895,NA
195,61,replace-space-with-newline,lexicase,FALSE,20,elitize_generation_data,194,72,0.88,NA
196,61,replace-space-with-newline,lexicase,FALSE,20,elitize_generation_data,195,68,0.876,NA
197,61,replace-space-with-newline,lexicase,FALSE,20,elitize_generation_data,196,80,0.885,NA
198,61,replace-space-with-newline,lexicase,FALSE,20,elitize_generation_data,197,76,0.867,NA
199,61,replace-space-with-newline,lexicase,FALSE,20,elitize_generation_data,198,68,0.865,NA
200,61,replace-space-with-newline,lexicase,FALSE,20,elitize_generation_data,199,77,0.863,NA
201,61,replace-space-with-newline,lexicase,FALSE,20,elitize_generation_data,200,68,0.888,NA
202,61,replace-space-with-newline,lexicase,FALSE,20,elitize_generation_data,201,67,0.885,NA
203,61,replace-space-with-newline,lexicase,FALSE,20,elitize_generation_data,202,70,0.882,NA
204,61,replace-space-with-newline,lexicase,FALSE,20,elitize_generation_data,203,69,0.891,NA
205,61,replace-space-with-newline,lexicase,FALSE,20,elitize_generation_data,204,74,0.87,NA
206,61,replace-space-with-newline,lexicase,FALSE,20,elitize_generation_data,205,75,0.878,NA
207,61,replace-space-with-newline,lexicase,FALSE,20,elitize_generation_data,206,67,0.883,NA
208,61,replace-space-with-newline,lexicase,FALSE,20,elitize_generation_data,207,77,0.857,NA
209,61,replace-space-with-newline,lexicase,FALSE,20,elitize_generation_data,208,66,0.847,NA
210,61,replace-space-with-newline,lexicase,FALSE,20,elitize_generation_data,209,76,0.855,NA
211,61,replace-space-with-newline,lexicase,FALSE,20,elitize_generation_data,210,62,0.857,NA
212,61,replace-space-with-newline,lexicase,FALSE,20,elitize_generation_data,211,68,0.86,NA
213,61,replace-space-with-newline,lexicase,FALSE,20,elitize_generation_data,212,60,0.86,NA
214,61,replace-space-with-newline,lexicase,FALSE,20,elitize_generation_data,213,69,0.867,NA
215,61,replace-space-with-newline,lexicase,FALSE,20,elitize_generation_data,214,70,0.863,NA
216,61,replace-space-with-newline,lexicase,FALSE,20,elitize_generation_data,215,72,0.889,NA
217,61,replace-space-with-newline,lexicase,FALSE,20,elitize_generation_data,216,71,0.853,NA
218,61,replace-space-with-newline,lexicase,FALSE,20,elitize_generation_data,217,64,0.863,NA
219,61,replace-space-with-newline,lexicase,FALSE,20,elitize_generation_data,218,67,0.864,NA
220,61,replace-space-with-newline,lexicase,FALSE,20,elitize_generation_data,219,67,0.862,NA
221,61,replace-space-with-newline,lexicase,FALSE,20,elitize_generation_data,220,70,0.849,NA
222,61,replace-space-with-newline,lexicase,FALSE,20,elitize_generation_data,221,72,0.851,NA
223,61,replace-space-with-newline,lexicase,FALSE,20,elitize_generation_data,222,68,0.869,NA
224,61,replace-space-with-newline,lexicase,FALSE,20,elitize_generation_data,223,68,0.855,NA
225,61,replace-space-with-newline,lexicase,FALSE,20,elitize_generation_data,224,70,0.869,NA
226,61,replace-space-with-newline,lexicase,FALSE,20,elitize_generation_data,225,67,0.846,NA
227,61,replace-space-with-newline,lexicase,FALSE,20,elitize_generation_data,226,76,0.877,NA
228,61,replace-space-with-newline,lexicase,FALSE,20,elitize_generation_data,227,73,0.883,NA
229,61,replace-space-with-newline,lexicase,FALSE,20,elitize_generation_data,228,63,0.845,NA
230,61,replace-space-with-newline,lexicase,FALSE,20,elitize_generation_data,229,78,0.868,NA
231,61,replace-space-with-newline,lexicase,FALSE,20,elitize_generation_data,230,67,0.859,NA
232,61,replace-space-with-newline,lexicase,FALSE,20,elitize_generation_data,231,72,0.857,NA
233,61,replace-space-with-newline,lexicase,FALSE,20,elitize_generation_data,232,59,0.859,NA
234,61,replace-space-with-newline,lexicase,FALSE,20,elitize_generation_data,233,50,0.857,NA
235,61,replace-space-with-newline,lexicase,FALSE,20,elitize_generation_data,234,72,0.877,NA
236,61,replace-space-with-newline,lexicase,FALSE,20,elitize_generation_data,235,61,0.859,NA
237,61,replace-space-with-newline,lexicase,FALSE,20,elitize_generation_data,236,62,0.87,NA
238,61,replace-space-with-newline,lexicase,FALSE,20,elitize_generation_data,237,71,0.866,NA
239,61,replace-space-with-newline,lexicase,FALSE,20,elitize_generation_data,238,77,0.856,NA
240,61,replace-space-with-newline,lexicase,FALSE,20,elitize_generation_data,239,73,0.845,NA
241,61,replace-space-with-newline,lexicase,FALSE,20,elitize_generation_data,240,66,0.842,NA
242,61,replace-space-with-newline,lexicase,FALSE,20,elitize_generation_data,241,81,0.854,NA
243,61,replace-space-with-newline,lexicase,FALSE,20,elitize_generation_data,242,97,0.864,NA
244,61,replace-space-with-newline,lexicase,FALSE,20,elitize_generation_data,243,91,0.857,NA
245,61,replace-space-with-newline,lexicase,FALSE,20,elitize_generation_data,244,95,0.885,NA
246,61,replace-space-with-newline,lexicase,FALSE,20,elitize_generation_data,245,89,0.847,NA
247,61,replace-space-with-newline,lexicase,FALSE,20,elitize_generation_data,246,84,0.871,NA
248,61,replace-space-with-newline,lexicase,FALSE,20,elitize_generation_data,247,90,0.861,NA
249,61,replace-space-with-newline,lexicase,FALSE,20,elitize_generation_data,248,84,0.865,NA
250,61,replace-space-with-newline,lexicase,FALSE,20,elitize_generation_data,249,86,0.859,NA
251,61,replace-space-with-newline,lexicase,FALSE,20,elitize_generation_data,250,90,0.861,NA
252,61,replace-space-with-newline,lexicase,FALSE,20,elitize_generation_data,251,98,0.849,NA
253,61,replace-space-with-newline,lexicase,FALSE,20,elitize_generation_data,252,88,0.841,NA
254,61,replace-space-with-newline,lexicase,FALSE,20,elitize_generation_data,253,88,0.854,NA
255,61,replace-space-with-newline,lexicase,FALSE,20,elitize_generation_data,254,79,0.848,NA
256,61,replace-space-with-newline,lexicase,FALSE,20,elitize_generation_data,255,92,0.858,NA
257,61,replace-space-with-newline,lexicase,FALSE,20,elitize_generation_data,256,94,0.874,NA
258,61,replace-space-with-newline,lexicase,FALSE,20,elitize_generation_data,257,85,0.842,NA
259,61,replace-space-with-newline,lexicase,FALSE,20,elitize_generation_data,258,86,0.834,NA
260,61,replace-space-with-newline,lexicase,FALSE,20,elitize_generation_data,259,87,0.871,NA
261,61,replace-space-with-newline,lexicase,FALSE,20,elitize_generation_data,260,86,0.874,NA
262,61,replace-space-with-newline,lexicase,FALSE,20,elitize_generation_data,261,87,0.869,NA
263,61,replace-space-with-newline,lexicase,FALSE,20,elitize_generation_data,262,90,0.858,NA
264,61,replace-space-with-newline,lexicase,FALSE,20,elitize_generation_data,263,94,0.863,NA
265,61,replace-space-with-newline,lexicase,FALSE,20,elitize_generation_data,264,76,0.867,NA
266,61,replace-space-with-newline,lexicase,FALSE,20,elitize_generation_data,265,97,0.872,NA
267,61,replace-space-with-newline,lexicase,FALSE,20,elitize_generation_data,266,92,0.848,NA
268,61,replace-space-with-newline,lexicase,FALSE,20,elitize_generation_data,267,99,0.863,NA
269,61,replace-space-with-newline,lexicase,FALSE,20,elitize_generation_data,268,86,0.857,NA
270,61,replace-space-with-newline,lexicase,FALSE,20,elitize_generation_data,269,93,0.878,NA
271,61,replace-space-with-newline,lexicase,FALSE,20,elitize_generation_data,270,93,0.874,NA
272,61,replace-space-with-newline,lexicase,FALSE,20,elitize_generation_data,271,85,0.846,NA
273,61,replace-space-with-newline,lexicase,FALSE,20,elitize_generation_data,272,94,0.876,NA
274,61,replace-space-with-newline,lexicase,FALSE,20,elitize_generation_data,273,98,0.856,NA
275,61,replace-space-with-newline,lexicase,FALSE,20,elitize_generation_data,274,88,0.855,NA
276,61,replace-space-with-newline,lexicase,FALSE,20,elitize_generation_data,275,92,0.879,NA
277,61,replace-space-with-newline,lexicase,FALSE,20,elitize_generation_data,276,88,0.85,NA
278,61,replace-space-with-newline,lexicase,FALSE,20,elitize_generation_data,277,92,0.846,NA
279,61,replace-space-with-newline,lexicase,FALSE,20,elitize_generation_data,278,97,0.875,NA
280,61,replace-space-with-newline,lexicase,FALSE,20,elitize_generation_data,279,88,0.866,NA
281,61,replace-space-with-newline,lexicase,FALSE,20,elitize_generation_data,280,89,0.866,NA
282,61,replace-space-with-newline,lexicase,FALSE,20,elitize_generation_data,281,102,0.858,NA
283,61,replace-space-with-newline,lexicase,FALSE,20,elitize_generation_data,282,92,0.855,NA
284,61,replace-space-with-newline,lexicase,FALSE,20,elitize_generation_data,283,85,0.872,NA
285,61,replace-space-with-newline,lexicase,FALSE,20,elitize_generation_data,284,90,0.863,NA
286,61,replace-space-with-newline,lexicase,FALSE,20,elitize_generation_data,285,94,0.873,NA
287,61,replace-space-with-newline,lexicase,FALSE,20,elitize_generation_data,286,95,0.846,NA
288,61,replace-space-with-newline,lexicase,FALSE,20,elitize_generation_data,287,99,0.872,NA
289,61,replace-space-with-newline,lexicase,FALSE,20,elitize_generation_data,288,91,0.841,NA
290,61,replace-space-with-newline,lexicase,FALSE,20,elitize_generation_data,289,98,0.87,NA
291,61,replace-space-with-newline,lexicase,FALSE,20,elitize_generation_data,290,97,0.85,NA
292,61,replace-space-with-newline,lexicase,FALSE,20,elitize_generation_data,291,100,0.856,NA
293,61,replace-space-with-newline,lexicase,FALSE,20,elitize_generation_data,292,96,0.863,NA
294,61,replace-space-with-newline,lexicase,FALSE,20,elitize_generation_data,293,90,0.863,NA
295,61,replace-space-with-newline,lexicase,FALSE,20,elitize_generation_data,294,99,0.881,NA
296,61,replace-space-with-newline,lexicase,FALSE,20,elitize_generation_data,295,106,0.868,NA
297,61,replace-space-with-newline,lexicase,FALSE,20,elitize_generation_data,296,97,0.859,NA
298,61,replace-space-with-newline,lexicase,FALSE,20,elitize_generation_data,297,95,0.862,NA
299,61,replace-space-with-newline,lexicase,FALSE,20,elitize_generation_data,298,95,0.877,NA
300,61,replace-space-with-newline,lexicase,FALSE,20,elitize_generation_data,299,93,0.852,NA
301,61,replace-space-with-newline,lexicase,FALSE,20,elitize_generation_data,300,105,0.85,NA
