,run.num,problem,treatment,succeeded,height,normalization.function,generation,cluster.count,error.diversity,success.generation
1,70,replace-space-with-newline,lexicase,FALSE,20,elitize_generation_data,0,6,0.476,NA
2,70,replace-space-with-newline,lexicase,FALSE,20,elitize_generation_data,1,9,0.324,NA
3,70,replace-space-with-newline,lexicase,FALSE,20,elitize_generation_data,2,12,0.475,NA
4,70,replace-space-with-newline,lexicase,FALSE,20,elitize_generation_data,3,15,0.476,NA
5,70,replace-space-with-newline,lexicase,FALSE,20,elitize_generation_data,4,14,0.528,NA
6,70,replace-space-with-newline,lexicase,FALSE,20,elitize_generation_data,5,20,0.591,NA
7,70,replace-space-with-newline,lexicase,FALSE,20,elitize_generation_data,6,21,0.635,NA
8,70,replace-space-with-newline,lexicase,FALSE,20,elitize_generation_data,7,33,0.618,NA
9,70,replace-space-with-newline,lexicase,FALSE,20,elitize_generation_data,8,37,0.688,NA
10,70,replace-space-with-newline,lexicase,FALSE,20,elitize_generation_data,9,42,0.707,NA
11,70,replace-space-with-newline,lexicase,FALSE,20,elitize_generation_data,10,40,0.744,NA
12,70,replace-space-with-newline,lexicase,FALSE,20,elitize_generation_data,11,49,0.7,NA
13,70,replace-space-with-newline,lexicase,FALSE,20,elitize_generation_data,12,55,0.709,NA
14,70,replace-space-with-newline,lexicase,FALSE,20,elitize_generation_data,13,54,0.708,NA
15,70,replace-space-with-newline,lexicase,FALSE,20,elitize_generation_data,14,61,0.723,NA
16,70,replace-space-with-newline,lexicase,FALSE,20,elitize_generation_data,15,65,0.72,NA
17,70,replace-space-with-newline,lexicase,FALSE,20,elitize_generation_data,16,63,0.743,NA
18,70,replace-space-with-newline,lexicase,FALSE,20,elitize_generation_data,17,62,0.751,NA
19,70,replace-space-with-newline,lexicase,FALSE,20,elitize_generation_data,18,79,0.783,NA
20,70,replace-space-with-newline,lexicase,FALSE,20,elitize_generation_data,19,83,0.776,NA
21,70,replace-space-with-newline,lexicase,FALSE,20,elitize_generation_data,20,88,0.749,NA
22,70,replace-space-with-newline,lexicase,FALSE,20,elitize_generation_data,21,95,0.746,NA
23,70,replace-space-with-newline,lexicase,FALSE,20,elitize_generation_data,22,102,0.781,NA
24,70,replace-space-with-newline,lexicase,FALSE,20,elitize_generation_data,23,90,0.809,NA
25,70,replace-space-with-newline,lexicase,FALSE,20,elitize_generation_data,24,109,0.815,NA
26,70,replace-space-with-newline,lexicase,FALSE,20,elitize_generation_data,25,113,0.79,NA
27,70,replace-space-with-newline,lexicase,FALSE,20,elitize_generation_data,26,106,0.791,NA
28,70,replace-space-with-newline,lexicase,FALSE,20,elitize_generation_data,27,103,0.784,NA
29,70,replace-space-with-newline,lexicase,FALSE,20,elitize_generation_data,28,106,0.794,NA
30,70,replace-space-with-newline,lexicase,FALSE,20,elitize_generation_data,29,107,0.801,NA
31,70,replace-space-with-newline,lexicase,FALSE,20,elitize_generation_data,30,109,0.773,NA
32,70,replace-space-with-newline,lexicase,FALSE,20,elitize_generation_data,31,115,0.797,NA
33,70,replace-space-with-newline,lexicase,FALSE,20,elitize_generation_data,32,121,0.8,NA
34,70,replace-space-with-newline,lexicase,FALSE,20,elitize_generation_data,33,112,0.804,NA
35,70,replace-space-with-newline,lexicase,FALSE,20,elitize_generation_data,34,134,0.802,NA
36,70,replace-space-with-newline,lexicase,FALSE,20,elitize_generation_data,35,130,0.813,NA
37,70,replace-space-with-newline,lexicase,FALSE,20,elitize_generation_data,36,132,0.808,NA
38,70,replace-space-with-newline,lexicase,FALSE,20,elitize_generation_data,37,130,0.822,NA
39,70,replace-space-with-newline,lexicase,FALSE,20,elitize_generation_data,38,144,0.784,NA
40,70,replace-space-with-newline,lexicase,FALSE,20,elitize_generation_data,39,131,0.777,NA
41,70,replace-space-with-newline,lexicase,FALSE,20,elitize_generation_data,40,136,0.781,NA
42,70,replace-space-with-newline,lexicase,FALSE,20,elitize_generation_data,41,138,0.762,NA
43,70,replace-space-with-newline,lexicase,FALSE,20,elitize_generation_data,42,143,0.643,NA
44,70,replace-space-with-newline,lexicase,FALSE,20,elitize_generation_data,43,80,0.407,NA
45,70,replace-space-with-newline,lexicase,FALSE,20,elitize_generation_data,44,78,0.423,NA
46,70,replace-space-with-newline,lexicase,FALSE,20,elitize_generation_data,45,73,0.395,NA
47,70,replace-space-with-newline,lexicase,FALSE,20,elitize_generation_data,46,61,0.333,NA
48,70,replace-space-with-newline,lexicase,FALSE,20,elitize_generation_data,47,51,0.35,NA
49,70,replace-space-with-newline,lexicase,FALSE,20,elitize_generation_data,48,55,0.367,NA
50,70,replace-space-with-newline,lexicase,FALSE,20,elitize_generation_data,49,58,0.388,NA
51,70,replace-space-with-newline,lexicase,FALSE,20,elitize_generation_data,50,52,0.367,NA
52,70,replace-space-with-newline,lexicase,FALSE,20,elitize_generation_data,51,54,0.403,NA
53,70,replace-space-with-newline,lexicase,FALSE,20,elitize_generation_data,52,44,0.386,NA
54,70,replace-space-with-newline,lexicase,FALSE,20,elitize_generation_data,53,51,0.384,NA
55,70,replace-space-with-newline,lexicase,FALSE,20,elitize_generation_data,54,58,0.421,NA
56,70,replace-space-with-newline,lexicase,FALSE,20,elitize_generation_data,55,51,0.392,NA
57,70,replace-space-with-newline,lexicase,FALSE,20,elitize_generation_data,56,58,0.42,NA
58,70,replace-space-with-newline,lexicase,FALSE,20,elitize_generation_data,57,50,0.452,NA
59,70,replace-space-with-newline,lexicase,FALSE,20,elitize_generation_data,58,37,0.456,NA
60,70,replace-space-with-newline,lexicase,FALSE,20,elitize_generation_data,59,43,0.449,NA
61,70,replace-space-with-newline,lexicase,FALSE,20,elitize_generation_data,60,33,0.51,NA
62,70,replace-space-with-newline,lexicase,FALSE,20,elitize_generation_data,61,34,0.5,NA
63,70,replace-space-with-newline,lexicase,FALSE,20,elitize_generation_data,62,44,0.538,NA
64,70,replace-space-with-newline,lexicase,FALSE,20,elitize_generation_data,63,34,0.535,NA
65,70,replace-space-with-newline,lexicase,FALSE,20,elitize_generation_data,64,39,0.518,NA
66,70,replace-space-with-newline,lexicase,FALSE,20,elitize_generation_data,65,32,0.516,NA
67,70,replace-space-with-newline,lexicase,FALSE,20,elitize_generation_data,66,32,0.532,NA
68,70,replace-space-with-newline,lexicase,FALSE,20,elitize_generation_data,67,46,0.546,NA
69,70,replace-space-with-newline,lexicase,FALSE,20,elitize_generation_data,68,44,0.558,NA
70,70,replace-space-with-newline,lexicase,FALSE,20,elitize_generation_data,69,42,0.552,NA
71,70,replace-space-with-newline,lexicase,FALSE,20,elitize_generation_data,70,39,0.548,NA
72,70,replace-space-with-newline,lexicase,FALSE,20,elitize_generation_data,71,37,0.569,NA
73,70,replace-space-with-newline,lexicase,FALSE,20,elitize_generation_data,72,36,0.558,NA
74,70,replace-space-with-newline,lexicase,FALSE,20,elitize_generation_data,73,35,0.613,NA
75,70,replace-space-with-newline,lexicase,FALSE,20,elitize_generation_data,74,39,0.579,NA
76,70,replace-space-with-newline,lexicase,FALSE,20,elitize_generation_data,75,27,0.594,NA
77,70,replace-space-with-newline,lexicase,FALSE,20,elitize_generation_data,76,45,0.599,NA
78,70,replace-space-with-newline,lexicase,FALSE,20,elitize_generation_data,77,39,0.663,NA
79,70,replace-space-with-newline,lexicase,FALSE,20,elitize_generation_data,78,38,0.638,NA
80,70,replace-space-with-newline,lexicase,FALSE,20,elitize_generation_data,79,39,0.64,NA
81,70,replace-space-with-newline,lexicase,FALSE,20,elitize_generation_data,80,37,0.667,NA
82,70,replace-space-with-newline,lexicase,FALSE,20,elitize_generation_data,81,43,0.706,NA
83,70,replace-space-with-newline,lexicase,FALSE,20,elitize_generation_data,82,44,0.693,NA
84,70,replace-space-with-newline,lexicase,FALSE,20,elitize_generation_data,83,48,0.734,NA
85,70,replace-space-with-newline,lexicase,FALSE,20,elitize_generation_data,84,50,0.754,NA
86,70,replace-space-with-newline,lexicase,FALSE,20,elitize_generation_data,85,51,0.744,NA
87,70,replace-space-with-newline,lexicase,FALSE,20,elitize_generation_data,86,66,0.761,NA
88,70,replace-space-with-newline,lexicase,FALSE,20,elitize_generation_data,87,53,0.777,NA
89,70,replace-space-with-newline,lexicase,FALSE,20,elitize_generation_data,88,40,0.766,NA
90,70,replace-space-with-newline,lexicase,FALSE,20,elitize_generation_data,89,56,0.756,NA
91,70,replace-space-with-newline,lexicase,FALSE,20,elitize_generation_data,90,42,0.805,NA
92,70,replace-space-with-newline,lexicase,FALSE,20,elitize_generation_data,91,54,0.785,NA
93,70,replace-space-with-newline,lexicase,FALSE,20,elitize_generation_data,92,62,0.797,NA
94,70,replace-space-with-newline,lexicase,FALSE,20,elitize_generation_data,93,57,0.8,NA
95,70,replace-space-with-newline,lexicase,FALSE,20,elitize_generation_data,94,65,0.804,NA
96,70,replace-space-with-newline,lexicase,FALSE,20,elitize_generation_data,95,56,0.826,NA
97,70,replace-space-with-newline,lexicase,FALSE,20,elitize_generation_data,96,55,0.811,NA
98,70,replace-space-with-newline,lexicase,FALSE,20,elitize_generation_data,97,57,0.796,NA
99,70,replace-space-with-newline,lexicase,FALSE,20,elitize_generation_data,98,66,0.846,NA
100,70,replace-space-with-newline,lexicase,FALSE,20,elitize_generation_data,99,60,0.818,NA
101,70,replace-space-with-newline,lexicase,FALSE,20,elitize_generation_data,100,58,0.833,NA
102,70,replace-space-with-newline,lexicase,FALSE,20,elitize_generation_data,101,57,0.799,NA
103,70,replace-space-with-newline,lexicase,FALSE,20,elitize_generation_data,102,55,0.76,NA
104,70,replace-space-with-newline,lexicase,FALSE,20,elitize_generation_data,103,71,0.784,NA
105,70,replace-space-with-newline,lexicase,FALSE,20,elitize_generation_data,104,69,0.754,NA
106,70,replace-space-with-newline,lexicase,FALSE,20,elitize_generation_data,105,70,0.766,NA
107,70,replace-space-with-newline,lexicase,FALSE,20,elitize_generation_data,106,84,0.752,NA
108,70,replace-space-with-newline,lexicase,FALSE,20,elitize_generation_data,107,73,0.726,NA
109,70,replace-space-with-newline,lexicase,FALSE,20,elitize_generation_data,108,85,0.749,NA
110,70,replace-space-with-newline,lexicase,FALSE,20,elitize_generation_data,109,98,0.79,NA
111,70,replace-space-with-newline,lexicase,FALSE,20,elitize_generation_data,110,107,0.809,NA
112,70,replace-space-with-newline,lexicase,FALSE,20,elitize_generation_data,111,98,0.803,NA
113,70,replace-space-with-newline,lexicase,FALSE,20,elitize_generation_data,112,103,0.821,NA
114,70,replace-space-with-newline,lexicase,FALSE,20,elitize_generation_data,113,110,0.831,NA
115,70,replace-space-with-newline,lexicase,FALSE,20,elitize_generation_data,114,90,0.821,NA
116,70,replace-space-with-newline,lexicase,FALSE,20,elitize_generation_data,115,100,0.81,NA
117,70,replace-space-with-newline,lexicase,FALSE,20,elitize_generation_data,116,102,0.822,NA
118,70,replace-space-with-newline,lexicase,FALSE,20,elitize_generation_data,117,102,0.823,NA
119,70,replace-space-with-newline,lexicase,FALSE,20,elitize_generation_data,118,101,0.854,NA
120,70,replace-space-with-newline,lexicase,FALSE,20,elitize_generation_data,119,102,0.869,NA
121,70,replace-space-with-newline,lexicase,FALSE,20,elitize_generation_data,120,129,0.869,NA
122,70,replace-space-with-newline,lexicase,FALSE,20,elitize_generation_data,121,117,0.87,NA
123,70,replace-space-with-newline,lexicase,FALSE,20,elitize_generation_data,122,123,0.852,NA
124,70,replace-space-with-newline,lexicase,FALSE,20,elitize_generation_data,123,123,0.865,NA
125,70,replace-space-with-newline,lexicase,FALSE,20,elitize_generation_data,124,106,0.865,NA
126,70,replace-space-with-newline,lexicase,FALSE,20,elitize_generation_data,125,125,0.879,NA
127,70,replace-space-with-newline,lexicase,FALSE,20,elitize_generation_data,126,112,0.87,NA
128,70,replace-space-with-newline,lexicase,FALSE,20,elitize_generation_data,127,111,0.869,NA
129,70,replace-space-with-newline,lexicase,FALSE,20,elitize_generation_data,128,115,0.882,NA
130,70,replace-space-with-newline,lexicase,FALSE,20,elitize_generation_data,129,115,0.88,NA
131,70,replace-space-with-newline,lexicase,FALSE,20,elitize_generation_data,130,105,0.893,NA
132,70,replace-space-with-newline,lexicase,FALSE,20,elitize_generation_data,131,109,0.885,NA
133,70,replace-space-with-newline,lexicase,FALSE,20,elitize_generation_data,132,114,0.902,NA
134,70,replace-space-with-newline,lexicase,FALSE,20,elitize_generation_data,133,112,0.888,NA
135,70,replace-space-with-newline,lexicase,FALSE,20,elitize_generation_data,134,117,0.887,NA
136,70,replace-space-with-newline,lexicase,FALSE,20,elitize_generation_data,135,108,0.897,NA
137,70,replace-space-with-newline,lexicase,FALSE,20,elitize_generation_data,136,115,0.901,NA
138,70,replace-space-with-newline,lexicase,FALSE,20,elitize_generation_data,137,119,0.907,NA
139,70,replace-space-with-newline,lexicase,FALSE,20,elitize_generation_data,138,114,0.899,NA
140,70,replace-space-with-newline,lexicase,FALSE,20,elitize_generation_data,139,119,0.901,NA
141,70,replace-space-with-newline,lexicase,FALSE,20,elitize_generation_data,140,113,0.916,NA
142,70,replace-space-with-newline,lexicase,FALSE,20,elitize_generation_data,141,104,0.881,NA
143,70,replace-space-with-newline,lexicase,FALSE,20,elitize_generation_data,142,116,0.884,NA
144,70,replace-space-with-newline,lexicase,FALSE,20,elitize_generation_data,143,103,0.886,NA
145,70,replace-space-with-newline,lexicase,FALSE,20,elitize_generation_data,144,104,0.907,NA
146,70,replace-space-with-newline,lexicase,FALSE,20,elitize_generation_data,145,109,0.889,NA
147,70,replace-space-with-newline,lexicase,FALSE,20,elitize_generation_data,146,89,0.92,NA
148,70,replace-space-with-newline,lexicase,FALSE,20,elitize_generation_data,147,92,0.896,NA
149,70,replace-space-with-newline,lexicase,FALSE,20,elitize_generation_data,148,84,0.895,NA
150,70,replace-space-with-newline,lexicase,FALSE,20,elitize_generation_data,149,95,0.909,NA
151,70,replace-space-with-newline,lexicase,FALSE,20,elitize_generation_data,150,83,0.909,NA
152,70,replace-space-with-newline,lexicase,FALSE,20,elitize_generation_data,151,84,0.899,NA
153,70,replace-space-with-newline,lexicase,FALSE,20,elitize_generation_data,152,86,0.901,NA
154,70,replace-space-with-newline,lexicase,FALSE,20,elitize_generation_data,153,82,0.907,NA
155,70,replace-space-with-newline,lexicase,FALSE,20,elitize_generation_data,154,82,0.896,NA
156,70,replace-space-with-newline,lexicase,FALSE,20,elitize_generation_data,155,75,0.904,NA
157,70,replace-space-with-newline,lexicase,FALSE,20,elitize_generation_data,156,83,0.907,NA
158,70,replace-space-with-newline,lexicase,FALSE,20,elitize_generation_data,157,68,0.916,NA
159,70,replace-space-with-newline,lexicase,FALSE,20,elitize_generation_data,158,91,0.895,NA
160,70,replace-space-with-newline,lexicase,FALSE,20,elitize_generation_data,159,71,0.93,NA
161,70,replace-space-with-newline,lexicase,FALSE,20,elitize_generation_data,160,81,0.923,NA
162,70,replace-space-with-newline,lexicase,FALSE,20,elitize_generation_data,161,72,0.905,NA
163,70,replace-space-with-newline,lexicase,FALSE,20,elitize_generation_data,162,86,0.923,NA
164,70,replace-space-with-newline,lexicase,FALSE,20,elitize_generation_data,163,85,0.896,NA
165,70,replace-space-with-newline,lexicase,FALSE,20,elitize_generation_data,164,76,0.916,NA
166,70,replace-space-with-newline,lexicase,FALSE,20,elitize_generation_data,165,80,0.92,NA
167,70,replace-space-with-newline,lexicase,FALSE,20,elitize_generation_data,166,72,0.924,NA
168,70,replace-space-with-newline,lexicase,FALSE,20,elitize_generation_data,167,78,0.911,NA
169,70,replace-space-with-newline,lexicase,FALSE,20,elitize_generation_data,168,77,0.918,NA
170,70,replace-space-with-newline,lexicase,FALSE,20,elitize_generation_data,169,70,0.917,NA
171,70,replace-space-with-newline,lexicase,FALSE,20,elitize_generation_data,170,99,0.907,NA
172,70,replace-space-with-newline,lexicase,FALSE,20,elitize_generation_data,171,80,0.924,NA
173,70,replace-space-with-newline,lexicase,FALSE,20,elitize_generation_data,172,90,0.929,NA
174,70,replace-space-with-newline,lexicase,FALSE,20,elitize_generation_data,173,80,0.936,NA
175,70,replace-space-with-newline,lexicase,FALSE,20,elitize_generation_data,174,87,0.916,NA
176,70,replace-space-with-newline,lexicase,FALSE,20,elitize_generation_data,175,82,0.933,NA
177,70,replace-space-with-newline,lexicase,FALSE,20,elitize_generation_data,176,91,0.929,NA
178,70,replace-space-with-newline,lexicase,FALSE,20,elitize_generation_data,177,79,0.926,NA
179,70,replace-space-with-newline,lexicase,FALSE,20,elitize_generation_data,178,77,0.925,NA
180,70,replace-space-with-newline,lexicase,FALSE,20,elitize_generation_data,179,94,0.917,NA
181,70,replace-space-with-newline,lexicase,FALSE,20,elitize_generation_data,180,89,0.932,NA
182,70,replace-space-with-newline,lexicase,FALSE,20,elitize_generation_data,181,86,0.919,NA
183,70,replace-space-with-newline,lexicase,FALSE,20,elitize_generation_data,182,88,0.921,NA
184,70,replace-space-with-newline,lexicase,FALSE,20,elitize_generation_data,183,94,0.913,NA
185,70,replace-space-with-newline,lexicase,FALSE,20,elitize_generation_data,184,79,0.896,NA
186,70,replace-space-with-newline,lexicase,FALSE,20,elitize_generation_data,185,87,0.905,NA
187,70,replace-space-with-newline,lexicase,FALSE,20,elitize_generation_data,186,78,0.905,NA
188,70,replace-space-with-newline,lexicase,FALSE,20,elitize_generation_data,187,77,0.912,NA
189,70,replace-space-with-newline,lexicase,FALSE,20,elitize_generation_data,188,77,0.927,NA
190,70,replace-space-with-newline,lexicase,FALSE,20,elitize_generation_data,189,77,0.919,NA
191,70,replace-space-with-newline,lexicase,FALSE,20,elitize_generation_data,190,78,0.897,NA
192,70,replace-space-with-newline,lexicase,FALSE,20,elitize_generation_data,191,81,0.926,NA
193,70,replace-space-with-newline,lexicase,FALSE,20,elitize_generation_data,192,77,0.906,NA
194,70,replace-space-with-newline,lexicase,FALSE,20,elitize_generation_data,193,82,0.922,NA
195,70,replace-space-with-newline,lexicase,FALSE,20,elitize_generation_data,194,80,0.883,NA
196,70,replace-space-with-newline,lexicase,FALSE,20,elitize_generation_data,195,86,0.895,NA
197,70,replace-space-with-newline,lexicase,FALSE,20,elitize_generation_data,196,91,0.92,NA
198,70,replace-space-with-newline,lexicase,FALSE,20,elitize_generation_data,197,86,0.926,NA
199,70,replace-space-with-newline,lexicase,FALSE,20,elitize_generation_data,198,88,0.905,NA
200,70,replace-space-with-newline,lexicase,FALSE,20,elitize_generation_data,199,86,0.91,NA
201,70,replace-space-with-newline,lexicase,FALSE,20,elitize_generation_data,200,77,0.904,NA
202,70,replace-space-with-newline,lexicase,FALSE,20,elitize_generation_data,201,82,0.922,NA
203,70,replace-space-with-newline,lexicase,FALSE,20,elitize_generation_data,202,70,0.915,NA
204,70,replace-space-with-newline,lexicase,FALSE,20,elitize_generation_data,203,82,0.934,NA
205,70,replace-space-with-newline,lexicase,FALSE,20,elitize_generation_data,204,81,0.914,NA
206,70,replace-space-with-newline,lexicase,FALSE,20,elitize_generation_data,205,74,0.904,NA
207,70,replace-space-with-newline,lexicase,FALSE,20,elitize_generation_data,206,75,0.93,NA
208,70,replace-space-with-newline,lexicase,FALSE,20,elitize_generation_data,207,67,0.947,NA
209,70,replace-space-with-newline,lexicase,FALSE,20,elitize_generation_data,208,85,0.939,NA
210,70,replace-space-with-newline,lexicase,FALSE,20,elitize_generation_data,209,77,0.919,NA
211,70,replace-space-with-newline,lexicase,FALSE,20,elitize_generation_data,210,74,0.939,NA
212,70,replace-space-with-newline,lexicase,FALSE,20,elitize_generation_data,211,76,0.916,NA
213,70,replace-space-with-newline,lexicase,FALSE,20,elitize_generation_data,212,86,0.935,NA
214,70,replace-space-with-newline,lexicase,FALSE,20,elitize_generation_data,213,80,0.922,NA
215,70,replace-space-with-newline,lexicase,FALSE,20,elitize_generation_data,214,87,0.917,NA
216,70,replace-space-with-newline,lexicase,FALSE,20,elitize_generation_data,215,90,0.936,NA
217,70,replace-space-with-newline,lexicase,FALSE,20,elitize_generation_data,216,85,0.904,NA
218,70,replace-space-with-newline,lexicase,FALSE,20,elitize_generation_data,217,77,0.919,NA
219,70,replace-space-with-newline,lexicase,FALSE,20,elitize_generation_data,218,88,0.93,NA
220,70,replace-space-with-newline,lexicase,FALSE,20,elitize_generation_data,219,103,0.929,NA
221,70,replace-space-with-newline,lexicase,FALSE,20,elitize_generation_data,220,96,0.941,NA
222,70,replace-space-with-newline,lexicase,FALSE,20,elitize_generation_data,221,101,0.942,NA
223,70,replace-space-with-newline,lexicase,FALSE,20,elitize_generation_data,222,89,0.93,NA
224,70,replace-space-with-newline,lexicase,FALSE,20,elitize_generation_data,223,94,0.925,NA
225,70,replace-space-with-newline,lexicase,FALSE,20,elitize_generation_data,224,98,0.948,NA
226,70,replace-space-with-newline,lexicase,FALSE,20,elitize_generation_data,225,77,0.944,NA
227,70,replace-space-with-newline,lexicase,FALSE,20,elitize_generation_data,226,94,0.957,NA
228,70,replace-space-with-newline,lexicase,FALSE,20,elitize_generation_data,227,85,0.929,NA
229,70,replace-space-with-newline,lexicase,FALSE,20,elitize_generation_data,228,102,0.944,NA
230,70,replace-space-with-newline,lexicase,FALSE,20,elitize_generation_data,229,81,0.944,NA
231,70,replace-space-with-newline,lexicase,FALSE,20,elitize_generation_data,230,96,0.946,NA
232,70,replace-space-with-newline,lexicase,FALSE,20,elitize_generation_data,231,79,0.949,NA
233,70,replace-space-with-newline,lexicase,FALSE,20,elitize_generation_data,232,97,0.927,NA
234,70,replace-space-with-newline,lexicase,FALSE,20,elitize_generation_data,233,99,0.936,NA
235,70,replace-space-with-newline,lexicase,FALSE,20,elitize_generation_data,234,94,0.943,NA
236,70,replace-space-with-newline,lexicase,FALSE,20,elitize_generation_data,235,98,0.952,NA
237,70,replace-space-with-newline,lexicase,FALSE,20,elitize_generation_data,236,99,0.94,NA
238,70,replace-space-with-newline,lexicase,FALSE,20,elitize_generation_data,237,119,0.95,NA
239,70,replace-space-with-newline,lexicase,FALSE,20,elitize_generation_data,238,104,0.936,NA
240,70,replace-space-with-newline,lexicase,FALSE,20,elitize_generation_data,239,105,0.93,NA
241,70,replace-space-with-newline,lexicase,FALSE,20,elitize_generation_data,240,118,0.941,NA
242,70,replace-space-with-newline,lexicase,FALSE,20,elitize_generation_data,241,124,0.923,NA
243,70,replace-space-with-newline,lexicase,FALSE,20,elitize_generation_data,242,99,0.914,NA
244,70,replace-space-with-newline,lexicase,FALSE,20,elitize_generation_data,243,98,0.954,NA
245,70,replace-space-with-newline,lexicase,FALSE,20,elitize_generation_data,244,113,0.94,NA
246,70,replace-space-with-newline,lexicase,FALSE,20,elitize_generation_data,245,98,0.945,NA
247,70,replace-space-with-newline,lexicase,FALSE,20,elitize_generation_data,246,88,0.937,NA
248,70,replace-space-with-newline,lexicase,FALSE,20,elitize_generation_data,247,105,0.937,NA
249,70,replace-space-with-newline,lexicase,FALSE,20,elitize_generation_data,248,104,0.94,NA
250,70,replace-space-with-newline,lexicase,FALSE,20,elitize_generation_data,249,111,0.931,NA
251,70,replace-space-with-newline,lexicase,FALSE,20,elitize_generation_data,250,99,0.935,NA
252,70,replace-space-with-newline,lexicase,FALSE,20,elitize_generation_data,251,102,0.918,NA
253,70,replace-space-with-newline,lexicase,FALSE,20,elitize_generation_data,252,109,0.932,NA
254,70,replace-space-with-newline,lexicase,FALSE,20,elitize_generation_data,253,106,0.926,NA
255,70,replace-space-with-newline,lexicase,FALSE,20,elitize_generation_data,254,113,0.935,NA
256,70,replace-space-with-newline,lexicase,FALSE,20,elitize_generation_data,255,120,0.924,NA
257,70,replace-space-with-newline,lexicase,FALSE,20,elitize_generation_data,256,112,0.937,NA
258,70,replace-space-with-newline,lexicase,FALSE,20,elitize_generation_data,257,116,0.944,NA
259,70,replace-space-with-newline,lexicase,FALSE,20,elitize_generation_data,258,119,0.936,NA
260,70,replace-space-with-newline,lexicase,FALSE,20,elitize_generation_data,259,111,0.953,NA
261,70,replace-space-with-newline,lexicase,FALSE,20,elitize_generation_data,260,93,0.927,NA
262,70,replace-space-with-newline,lexicase,FALSE,20,elitize_generation_data,261,106,0.922,NA
263,70,replace-space-with-newline,lexicase,FALSE,20,elitize_generation_data,262,100,0.955,NA
264,70,replace-space-with-newline,lexicase,FALSE,20,elitize_generation_data,263,105,0.942,NA
265,70,replace-space-with-newline,lexicase,FALSE,20,elitize_generation_data,264,117,0.942,NA
266,70,replace-space-with-newline,lexicase,FALSE,20,elitize_generation_data,265,116,0.945,NA
267,70,replace-space-with-newline,lexicase,FALSE,20,elitize_generation_data,266,103,0.941,NA
268,70,replace-space-with-newline,lexicase,FALSE,20,elitize_generation_data,267,132,0.949,NA
269,70,replace-space-with-newline,lexicase,FALSE,20,elitize_generation_data,268,107,0.938,NA
270,70,replace-space-with-newline,lexicase,FALSE,20,elitize_generation_data,269,114,0.94,NA
271,70,replace-space-with-newline,lexicase,FALSE,20,elitize_generation_data,270,104,0.936,NA
272,70,replace-space-with-newline,lexicase,FALSE,20,elitize_generation_data,271,111,0.923,NA
273,70,replace-space-with-newline,lexicase,FALSE,20,elitize_generation_data,272,109,0.934,NA
274,70,replace-space-with-newline,lexicase,FALSE,20,elitize_generation_data,273,100,0.931,NA
275,70,replace-space-with-newline,lexicase,FALSE,20,elitize_generation_data,274,128,0.938,NA
276,70,replace-space-with-newline,lexicase,FALSE,20,elitize_generation_data,275,115,0.946,NA
277,70,replace-space-with-newline,lexicase,FALSE,20,elitize_generation_data,276,120,0.948,NA
278,70,replace-space-with-newline,lexicase,FALSE,20,elitize_generation_data,277,118,0.934,NA
279,70,replace-space-with-newline,lexicase,FALSE,20,elitize_generation_data,278,93,0.946,NA
280,70,replace-space-with-newline,lexicase,FALSE,20,elitize_generation_data,279,103,0.939,NA
281,70,replace-space-with-newline,lexicase,FALSE,20,elitize_generation_data,280,113,0.951,NA
282,70,replace-space-with-newline,lexicase,FALSE,20,elitize_generation_data,281,134,0.93,NA
283,70,replace-space-with-newline,lexicase,FALSE,20,elitize_generation_data,282,128,0.949,NA
284,70,replace-space-with-newline,lexicase,FALSE,20,elitize_generation_data,283,114,0.939,NA
285,70,replace-space-with-newline,lexicase,FALSE,20,elitize_generation_data,284,122,0.937,NA
286,70,replace-space-with-newline,lexicase,FALSE,20,elitize_generation_data,285,105,0.947,NA
287,70,replace-space-with-newline,lexicase,FALSE,20,elitize_generation_data,286,110,0.944,NA
288,70,replace-space-with-newline,lexicase,FALSE,20,elitize_generation_data,287,107,0.951,NA
289,70,replace-space-with-newline,lexicase,FALSE,20,elitize_generation_data,288,100,0.948,NA
290,70,replace-space-with-newline,lexicase,FALSE,20,elitize_generation_data,289,109,0.94,NA
291,70,replace-space-with-newline,lexicase,FALSE,20,elitize_generation_data,290,116,0.942,NA
292,70,replace-space-with-newline,lexicase,FALSE,20,elitize_generation_data,291,101,0.951,NA
293,70,replace-space-with-newline,lexicase,FALSE,20,elitize_generation_data,292,99,0.941,NA
294,70,replace-space-with-newline,lexicase,FALSE,20,elitize_generation_data,293,88,0.95,NA
295,70,replace-space-with-newline,lexicase,FALSE,20,elitize_generation_data,294,125,0.955,NA
296,70,replace-space-with-newline,lexicase,FALSE,20,elitize_generation_data,295,121,0.946,NA
297,70,replace-space-with-newline,lexicase,FALSE,20,elitize_generation_data,296,109,0.952,NA
298,70,replace-space-with-newline,lexicase,FALSE,20,elitize_generation_data,297,112,0.946,NA
299,70,replace-space-with-newline,lexicase,FALSE,20,elitize_generation_data,298,113,0.948,NA
300,70,replace-space-with-newline,lexicase,FALSE,20,elitize_generation_data,299,121,0.944,NA
301,70,replace-space-with-newline,lexicase,FALSE,20,elitize_generation_data,300,98,0.927,NA
