,run.num,problem,treatment,succeeded,height,normalization.function,generation,cluster.count,error.diversity,success.generation
1,1,replace-space-with-newline,lexicase,TRUE,20,elitize_generation_data,0,5,0.478,129
2,1,replace-space-with-newline,lexicase,TRUE,20,elitize_generation_data,1,7,0.272,129
3,1,replace-space-with-newline,lexicase,TRUE,20,elitize_generation_data,2,11,0.287,129
4,1,replace-space-with-newline,lexicase,TRUE,20,elitize_generation_data,3,11,0.274,129
5,1,replace-space-with-newline,lexicase,TRUE,20,elitize_generation_data,4,11,0.288,129
6,1,replace-space-with-newline,lexicase,TRUE,20,elitize_generation_data,5,13,0.31,129
7,1,replace-space-with-newline,lexicase,TRUE,20,elitize_generation_data,6,15,0.363,129
8,1,replace-space-with-newline,lexicase,TRUE,20,elitize_generation_data,7,15,0.43,129
9,1,replace-space-with-newline,lexicase,TRUE,20,elitize_generation_data,8,27,0.529,129
10,1,replace-space-with-newline,lexicase,TRUE,20,elitize_generation_data,9,29,0.543,129
11,1,replace-space-with-newline,lexicase,TRUE,20,elitize_generation_data,10,42,0.56,129
12,1,replace-space-with-newline,lexicase,TRUE,20,elitize_generation_data,11,41,0.597,129
13,1,replace-space-with-newline,lexicase,TRUE,20,elitize_generation_data,12,40,0.632,129
14,1,replace-space-with-newline,lexicase,TRUE,20,elitize_generation_data,13,49,0.624,129
15,1,replace-space-with-newline,lexicase,TRUE,20,elitize_generation_data,14,46,0.613,129
16,1,replace-space-with-newline,lexicase,TRUE,20,elitize_generation_data,15,33,0.532,129
17,1,replace-space-with-newline,lexicase,TRUE,20,elitize_generation_data,16,28,0.537,129
18,1,replace-space-with-newline,lexicase,TRUE,20,elitize_generation_data,17,31,0.593,129
19,1,replace-space-with-newline,lexicase,TRUE,20,elitize_generation_data,18,34,0.605,129
20,1,replace-space-with-newline,lexicase,TRUE,20,elitize_generation_data,19,31,0.57,129
21,1,replace-space-with-newline,lexicase,TRUE,20,elitize_generation_data,20,27,0.589,129
22,1,replace-space-with-newline,lexicase,TRUE,20,elitize_generation_data,21,30,0.589,129
23,1,replace-space-with-newline,lexicase,TRUE,20,elitize_generation_data,22,31,0.566,129
24,1,replace-space-with-newline,lexicase,TRUE,20,elitize_generation_data,23,31,0.563,129
25,1,replace-space-with-newline,lexicase,TRUE,20,elitize_generation_data,24,27,0.575,129
26,1,replace-space-with-newline,lexicase,TRUE,20,elitize_generation_data,25,23,0.541,129
27,1,replace-space-with-newline,lexicase,TRUE,20,elitize_generation_data,26,20,0.511,129
28,1,replace-space-with-newline,lexicase,TRUE,20,elitize_generation_data,27,27,0.51,129
29,1,replace-space-with-newline,lexicase,TRUE,20,elitize_generation_data,28,24,0.513,129
30,1,replace-space-with-newline,lexicase,TRUE,20,elitize_generation_data,29,29,0.505,129
31,1,replace-space-with-newline,lexicase,TRUE,20,elitize_generation_data,30,20,0.513,129
32,1,replace-space-with-newline,lexicase,TRUE,20,elitize_generation_data,31,21,0.496,129
33,1,replace-space-with-newline,lexicase,TRUE,20,elitize_generation_data,32,26,0.509,129
34,1,replace-space-with-newline,lexicase,TRUE,20,elitize_generation_data,33,23,0.475,129
35,1,replace-space-with-newline,lexicase,TRUE,20,elitize_generation_data,34,23,0.449,129
36,1,replace-space-with-newline,lexicase,TRUE,20,elitize_generation_data,35,22,0.486,129
37,1,replace-space-with-newline,lexicase,TRUE,20,elitize_generation_data,36,23,0.474,129
38,1,replace-space-with-newline,lexicase,TRUE,20,elitize_generation_data,37,21,0.468,129
39,1,replace-space-with-newline,lexicase,TRUE,20,elitize_generation_data,38,20,0.463,129
40,1,replace-space-with-newline,lexicase,TRUE,20,elitize_generation_data,39,29,0.46,129
41,1,replace-space-with-newline,lexicase,TRUE,20,elitize_generation_data,40,23,0.448,129
42,1,replace-space-with-newline,lexicase,TRUE,20,elitize_generation_data,41,21,0.471,129
43,1,replace-space-with-newline,lexicase,TRUE,20,elitize_generation_data,42,17,0.457,129
44,1,replace-space-with-newline,lexicase,TRUE,20,elitize_generation_data,43,20,0.447,129
45,1,replace-space-with-newline,lexicase,TRUE,20,elitize_generation_data,44,25,0.449,129
46,1,replace-space-with-newline,lexicase,TRUE,20,elitize_generation_data,45,23,0.461,129
47,1,replace-space-with-newline,lexicase,TRUE,20,elitize_generation_data,46,24,0.435,129
48,1,replace-space-with-newline,lexicase,TRUE,20,elitize_generation_data,47,23,0.451,129
49,1,replace-space-with-newline,lexicase,TRUE,20,elitize_generation_data,48,27,0.457,129
50,1,replace-space-with-newline,lexicase,TRUE,20,elitize_generation_data,49,24,0.46,129
51,1,replace-space-with-newline,lexicase,TRUE,20,elitize_generation_data,50,16,0.437,129
52,1,replace-space-with-newline,lexicase,TRUE,20,elitize_generation_data,51,27,0.438,129
53,1,replace-space-with-newline,lexicase,TRUE,20,elitize_generation_data,52,22,0.436,129
54,1,replace-space-with-newline,lexicase,TRUE,20,elitize_generation_data,53,25,0.456,129
55,1,replace-space-with-newline,lexicase,TRUE,20,elitize_generation_data,54,19,0.443,129
56,1,replace-space-with-newline,lexicase,TRUE,20,elitize_generation_data,55,22,0.477,129
57,1,replace-space-with-newline,lexicase,TRUE,20,elitize_generation_data,56,28,0.459,129
58,1,replace-space-with-newline,lexicase,TRUE,20,elitize_generation_data,57,20,0.439,129
59,1,replace-space-with-newline,lexicase,TRUE,20,elitize_generation_data,58,23,0.462,129
60,1,replace-space-with-newline,lexicase,TRUE,20,elitize_generation_data,59,22,0.447,129
61,1,replace-space-with-newline,lexicase,TRUE,20,elitize_generation_data,60,22,0.438,129
62,1,replace-space-with-newline,lexicase,TRUE,20,elitize_generation_data,61,22,0.458,129
63,1,replace-space-with-newline,lexicase,TRUE,20,elitize_generation_data,62,23,0.448,129
64,1,replace-space-with-newline,lexicase,TRUE,20,elitize_generation_data,63,20,0.445,129
65,1,replace-space-with-newline,lexicase,TRUE,20,elitize_generation_data,64,23,0.428,129
66,1,replace-space-with-newline,lexicase,TRUE,20,elitize_generation_data,65,27,0.448,129
67,1,replace-space-with-newline,lexicase,TRUE,20,elitize_generation_data,66,25,0.479,129
68,1,replace-space-with-newline,lexicase,TRUE,20,elitize_generation_data,67,25,0.481,129
69,1,replace-space-with-newline,lexicase,TRUE,20,elitize_generation_data,68,23,0.522,129
70,1,replace-space-with-newline,lexicase,TRUE,20,elitize_generation_data,69,26,0.536,129
71,1,replace-space-with-newline,lexicase,TRUE,20,elitize_generation_data,70,19,0.535,129
72,1,replace-space-with-newline,lexicase,TRUE,20,elitize_generation_data,71,28,0.622,129
73,1,replace-space-with-newline,lexicase,TRUE,20,elitize_generation_data,72,24,0.64,129
74,1,replace-space-with-newline,lexicase,TRUE,20,elitize_generation_data,73,23,0.645,129
75,1,replace-space-with-newline,lexicase,TRUE,20,elitize_generation_data,74,29,0.675,129
76,1,replace-space-with-newline,lexicase,TRUE,20,elitize_generation_data,75,24,0.704,129
77,1,replace-space-with-newline,lexicase,TRUE,20,elitize_generation_data,76,22,0.71,129
78,1,replace-space-with-newline,lexicase,TRUE,20,elitize_generation_data,77,25,0.718,129
79,1,replace-space-with-newline,lexicase,TRUE,20,elitize_generation_data,78,21,0.738,129
80,1,replace-space-with-newline,lexicase,TRUE,20,elitize_generation_data,79,21,0.752,129
81,1,replace-space-with-newline,lexicase,TRUE,20,elitize_generation_data,80,18,0.749,129
82,1,replace-space-with-newline,lexicase,TRUE,20,elitize_generation_data,81,21,0.747,129
83,1,replace-space-with-newline,lexicase,TRUE,20,elitize_generation_data,82,20,0.763,129
84,1,replace-space-with-newline,lexicase,TRUE,20,elitize_generation_data,83,23,0.758,129
85,1,replace-space-with-newline,lexicase,TRUE,20,elitize_generation_data,84,21,0.758,129
86,1,replace-space-with-newline,lexicase,TRUE,20,elitize_generation_data,85,20,0.775,129
87,1,replace-space-with-newline,lexicase,TRUE,20,elitize_generation_data,86,23,0.772,129
88,1,replace-space-with-newline,lexicase,TRUE,20,elitize_generation_data,87,22,0.725,129
89,1,replace-space-with-newline,lexicase,TRUE,20,elitize_generation_data,88,24,0.681,129
90,1,replace-space-with-newline,lexicase,TRUE,20,elitize_generation_data,89,28,0.662,129
91,1,replace-space-with-newline,lexicase,TRUE,20,elitize_generation_data,90,34,0.694,129
92,1,replace-space-with-newline,lexicase,TRUE,20,elitize_generation_data,91,28,0.672,129
93,1,replace-space-with-newline,lexicase,TRUE,20,elitize_generation_data,92,27,0.665,129
94,1,replace-space-with-newline,lexicase,TRUE,20,elitize_generation_data,93,25,0.668,129
95,1,replace-space-with-newline,lexicase,TRUE,20,elitize_generation_data,94,29,0.684,129
96,1,replace-space-with-newline,lexicase,TRUE,20,elitize_generation_data,95,26,0.645,129
97,1,replace-space-with-newline,lexicase,TRUE,20,elitize_generation_data,96,26,0.679,129
98,1,replace-space-with-newline,lexicase,TRUE,20,elitize_generation_data,97,20,0.664,129
99,1,replace-space-with-newline,lexicase,TRUE,20,elitize_generation_data,98,23,0.682,129
100,1,replace-space-with-newline,lexicase,TRUE,20,elitize_generation_data,99,25,0.686,129
101,1,replace-space-with-newline,lexicase,TRUE,20,elitize_generation_data,100,28,0.682,129
102,1,replace-space-with-newline,lexicase,TRUE,20,elitize_generation_data,101,25,0.648,129
103,1,replace-space-with-newline,lexicase,TRUE,20,elitize_generation_data,102,30,0.666,129
104,1,replace-space-with-newline,lexicase,TRUE,20,elitize_generation_data,103,26,0.653,129
105,1,replace-space-with-newline,lexicase,TRUE,20,elitize_generation_data,104,23,0.65,129
106,1,replace-space-with-newline,lexicase,TRUE,20,elitize_generation_data,105,26,0.656,129
107,1,replace-space-with-newline,lexicase,TRUE,20,elitize_generation_data,106,34,0.663,129
108,1,replace-space-with-newline,lexicase,TRUE,20,elitize_generation_data,107,29,0.626,129
109,1,replace-space-with-newline,lexicase,TRUE,20,elitize_generation_data,108,25,0.67,129
110,1,replace-space-with-newline,lexicase,TRUE,20,elitize_generation_data,109,21,0.648,129
111,1,replace-space-with-newline,lexicase,TRUE,20,elitize_generation_data,110,29,0.649,129
112,1,replace-space-with-newline,lexicase,TRUE,20,elitize_generation_data,111,29,0.66,129
113,1,replace-space-with-newline,lexicase,TRUE,20,elitize_generation_data,112,25,0.678,129
114,1,replace-space-with-newline,lexicase,TRUE,20,elitize_generation_data,113,30,0.678,129
115,1,replace-space-with-newline,lexicase,TRUE,20,elitize_generation_data,114,31,0.642,129
116,1,replace-space-with-newline,lexicase,TRUE,20,elitize_generation_data,115,22,0.631,129
117,1,replace-space-with-newline,lexicase,TRUE,20,elitize_generation_data,116,39,0.672,129
118,1,replace-space-with-newline,lexicase,TRUE,20,elitize_generation_data,117,34,0.671,129
119,1,replace-space-with-newline,lexicase,TRUE,20,elitize_generation_data,118,33,0.669,129
120,1,replace-space-with-newline,lexicase,TRUE,20,elitize_generation_data,119,35,0.657,129
121,1,replace-space-with-newline,lexicase,TRUE,20,elitize_generation_data,120,30,0.665,129
122,1,replace-space-with-newline,lexicase,TRUE,20,elitize_generation_data,121,27,0.659,129
123,1,replace-space-with-newline,lexicase,TRUE,20,elitize_generation_data,122,23,0.658,129
124,1,replace-space-with-newline,lexicase,TRUE,20,elitize_generation_data,123,18,0.679,129
125,1,replace-space-with-newline,lexicase,TRUE,20,elitize_generation_data,124,29,0.696,129
126,1,replace-space-with-newline,lexicase,TRUE,20,elitize_generation_data,125,27,0.706,129
127,1,replace-space-with-newline,lexicase,TRUE,20,elitize_generation_data,126,24,0.589,129
128,1,replace-space-with-newline,lexicase,TRUE,20,elitize_generation_data,127,26,0.454,129
129,1,replace-space-with-newline,lexicase,TRUE,20,elitize_generation_data,128,22,0.382,129
130,1,replace-space-with-newline,lexicase,TRUE,20,elitize_generation_data,129,17,0.207,129
