,run.num,problem,treatment,succeeded,height,normalization.function,generation,cluster.count,error.diversity,success.generation
1,23,replace-space-with-newline,lexicase,FALSE,20,elitize_generation_data,0,5,0.49,NA
2,23,replace-space-with-newline,lexicase,FALSE,20,elitize_generation_data,1,5,0.281,NA
3,23,replace-space-with-newline,lexicase,FALSE,20,elitize_generation_data,2,4,0.286,NA
4,23,replace-space-with-newline,lexicase,FALSE,20,elitize_generation_data,3,7,0.244,NA
5,23,replace-space-with-newline,lexicase,FALSE,20,elitize_generation_data,4,9,0.25,NA
6,23,replace-space-with-newline,lexicase,FALSE,20,elitize_generation_data,5,13,0.241,NA
7,23,replace-space-with-newline,lexicase,FALSE,20,elitize_generation_data,6,18,0.254,NA
8,23,replace-space-with-newline,lexicase,FALSE,20,elitize_generation_data,7,18,0.28,NA
9,23,replace-space-with-newline,lexicase,FALSE,20,elitize_generation_data,8,28,0.294,NA
10,23,replace-space-with-newline,lexicase,FALSE,20,elitize_generation_data,9,31,0.192,NA
11,23,replace-space-with-newline,lexicase,FALSE,20,elitize_generation_data,10,32,0.22,NA
12,23,replace-space-with-newline,lexicase,FALSE,20,elitize_generation_data,11,23,0.217,NA
13,23,replace-space-with-newline,lexicase,FALSE,20,elitize_generation_data,12,30,0.21,NA
14,23,replace-space-with-newline,lexicase,FALSE,20,elitize_generation_data,13,30,0.226,NA
15,23,replace-space-with-newline,lexicase,FALSE,20,elitize_generation_data,14,31,0.226,NA
16,23,replace-space-with-newline,lexicase,FALSE,20,elitize_generation_data,15,34,0.235,NA
17,23,replace-space-with-newline,lexicase,FALSE,20,elitize_generation_data,16,35,0.222,NA
18,23,replace-space-with-newline,lexicase,FALSE,20,elitize_generation_data,17,37,0.241,NA
19,23,replace-space-with-newline,lexicase,FALSE,20,elitize_generation_data,18,34,0.255,NA
20,23,replace-space-with-newline,lexicase,FALSE,20,elitize_generation_data,19,32,0.272,NA
21,23,replace-space-with-newline,lexicase,FALSE,20,elitize_generation_data,20,45,0.272,NA
22,23,replace-space-with-newline,lexicase,FALSE,20,elitize_generation_data,21,38,0.26,NA
23,23,replace-space-with-newline,lexicase,FALSE,20,elitize_generation_data,22,47,0.295,NA
24,23,replace-space-with-newline,lexicase,FALSE,20,elitize_generation_data,23,29,0.273,NA
25,23,replace-space-with-newline,lexicase,FALSE,20,elitize_generation_data,24,32,0.334,NA
26,23,replace-space-with-newline,lexicase,FALSE,20,elitize_generation_data,25,31,0.441,NA
27,23,replace-space-with-newline,lexicase,FALSE,20,elitize_generation_data,26,28,0.453,NA
28,23,replace-space-with-newline,lexicase,FALSE,20,elitize_generation_data,27,28,0.461,NA
29,23,replace-space-with-newline,lexicase,FALSE,20,elitize_generation_data,28,24,0.447,NA
30,23,replace-space-with-newline,lexicase,FALSE,20,elitize_generation_data,29,23,0.439,NA
31,23,replace-space-with-newline,lexicase,FALSE,20,elitize_generation_data,30,21,0.404,NA
32,23,replace-space-with-newline,lexicase,FALSE,20,elitize_generation_data,31,22,0.448,NA
33,23,replace-space-with-newline,lexicase,FALSE,20,elitize_generation_data,32,23,0.428,NA
34,23,replace-space-with-newline,lexicase,FALSE,20,elitize_generation_data,33,26,0.452,NA
35,23,replace-space-with-newline,lexicase,FALSE,20,elitize_generation_data,34,22,0.461,NA
36,23,replace-space-with-newline,lexicase,FALSE,20,elitize_generation_data,35,21,0.455,NA
37,23,replace-space-with-newline,lexicase,FALSE,20,elitize_generation_data,36,18,0.445,NA
38,23,replace-space-with-newline,lexicase,FALSE,20,elitize_generation_data,37,16,0.444,NA
39,23,replace-space-with-newline,lexicase,FALSE,20,elitize_generation_data,38,15,0.463,NA
40,23,replace-space-with-newline,lexicase,FALSE,20,elitize_generation_data,39,18,0.445,NA
41,23,replace-space-with-newline,lexicase,FALSE,20,elitize_generation_data,40,16,0.428,NA
42,23,replace-space-with-newline,lexicase,FALSE,20,elitize_generation_data,41,13,0.426,NA
43,23,replace-space-with-newline,lexicase,FALSE,20,elitize_generation_data,42,20,0.471,NA
44,23,replace-space-with-newline,lexicase,FALSE,20,elitize_generation_data,43,15,0.44,NA
45,23,replace-space-with-newline,lexicase,FALSE,20,elitize_generation_data,44,15,0.414,NA
46,23,replace-space-with-newline,lexicase,FALSE,20,elitize_generation_data,45,13,0.446,NA
47,23,replace-space-with-newline,lexicase,FALSE,20,elitize_generation_data,46,13,0.452,NA
48,23,replace-space-with-newline,lexicase,FALSE,20,elitize_generation_data,47,16,0.467,NA
49,23,replace-space-with-newline,lexicase,FALSE,20,elitize_generation_data,48,11,0.432,NA
50,23,replace-space-with-newline,lexicase,FALSE,20,elitize_generation_data,49,15,0.441,NA
51,23,replace-space-with-newline,lexicase,FALSE,20,elitize_generation_data,50,13,0.444,NA
52,23,replace-space-with-newline,lexicase,FALSE,20,elitize_generation_data,51,18,0.425,NA
53,23,replace-space-with-newline,lexicase,FALSE,20,elitize_generation_data,52,12,0.439,NA
54,23,replace-space-with-newline,lexicase,FALSE,20,elitize_generation_data,53,15,0.422,NA
55,23,replace-space-with-newline,lexicase,FALSE,20,elitize_generation_data,54,15,0.434,NA
56,23,replace-space-with-newline,lexicase,FALSE,20,elitize_generation_data,55,19,0.437,NA
57,23,replace-space-with-newline,lexicase,FALSE,20,elitize_generation_data,56,14,0.419,NA
58,23,replace-space-with-newline,lexicase,FALSE,20,elitize_generation_data,57,15,0.418,NA
59,23,replace-space-with-newline,lexicase,FALSE,20,elitize_generation_data,58,14,0.422,NA
60,23,replace-space-with-newline,lexicase,FALSE,20,elitize_generation_data,59,13,0.401,NA
61,23,replace-space-with-newline,lexicase,FALSE,20,elitize_generation_data,60,14,0.454,NA
62,23,replace-space-with-newline,lexicase,FALSE,20,elitize_generation_data,61,14,0.425,NA
63,23,replace-space-with-newline,lexicase,FALSE,20,elitize_generation_data,62,16,0.421,NA
64,23,replace-space-with-newline,lexicase,FALSE,20,elitize_generation_data,63,14,0.408,NA
65,23,replace-space-with-newline,lexicase,FALSE,20,elitize_generation_data,64,17,0.411,NA
66,23,replace-space-with-newline,lexicase,FALSE,20,elitize_generation_data,65,13,0.426,NA
67,23,replace-space-with-newline,lexicase,FALSE,20,elitize_generation_data,66,14,0.416,NA
68,23,replace-space-with-newline,lexicase,FALSE,20,elitize_generation_data,67,14,0.404,NA
69,23,replace-space-with-newline,lexicase,FALSE,20,elitize_generation_data,68,17,0.423,NA
70,23,replace-space-with-newline,lexicase,FALSE,20,elitize_generation_data,69,14,0.411,NA
71,23,replace-space-with-newline,lexicase,FALSE,20,elitize_generation_data,70,17,0.457,NA
72,23,replace-space-with-newline,lexicase,FALSE,20,elitize_generation_data,71,19,0.457,NA
73,23,replace-space-with-newline,lexicase,FALSE,20,elitize_generation_data,72,18,0.437,NA
74,23,replace-space-with-newline,lexicase,FALSE,20,elitize_generation_data,73,18,0.43,NA
75,23,replace-space-with-newline,lexicase,FALSE,20,elitize_generation_data,74,18,0.414,NA
76,23,replace-space-with-newline,lexicase,FALSE,20,elitize_generation_data,75,17,0.438,NA
77,23,replace-space-with-newline,lexicase,FALSE,20,elitize_generation_data,76,14,0.427,NA
78,23,replace-space-with-newline,lexicase,FALSE,20,elitize_generation_data,77,20,0.467,NA
79,23,replace-space-with-newline,lexicase,FALSE,20,elitize_generation_data,78,16,0.518,NA
80,23,replace-space-with-newline,lexicase,FALSE,20,elitize_generation_data,79,20,0.525,NA
81,23,replace-space-with-newline,lexicase,FALSE,20,elitize_generation_data,80,19,0.554,NA
82,23,replace-space-with-newline,lexicase,FALSE,20,elitize_generation_data,81,24,0.54,NA
83,23,replace-space-with-newline,lexicase,FALSE,20,elitize_generation_data,82,26,0.531,NA
84,23,replace-space-with-newline,lexicase,FALSE,20,elitize_generation_data,83,30,0.56,NA
85,23,replace-space-with-newline,lexicase,FALSE,20,elitize_generation_data,84,31,0.561,NA
86,23,replace-space-with-newline,lexicase,FALSE,20,elitize_generation_data,85,28,0.582,NA
87,23,replace-space-with-newline,lexicase,FALSE,20,elitize_generation_data,86,33,0.581,NA
88,23,replace-space-with-newline,lexicase,FALSE,20,elitize_generation_data,87,35,0.633,NA
89,23,replace-space-with-newline,lexicase,FALSE,20,elitize_generation_data,88,35,0.666,NA
90,23,replace-space-with-newline,lexicase,FALSE,20,elitize_generation_data,89,34,0.636,NA
91,23,replace-space-with-newline,lexicase,FALSE,20,elitize_generation_data,90,36,0.652,NA
92,23,replace-space-with-newline,lexicase,FALSE,20,elitize_generation_data,91,31,0.665,NA
93,23,replace-space-with-newline,lexicase,FALSE,20,elitize_generation_data,92,34,0.663,NA
94,23,replace-space-with-newline,lexicase,FALSE,20,elitize_generation_data,93,32,0.649,NA
95,23,replace-space-with-newline,lexicase,FALSE,20,elitize_generation_data,94,36,0.688,NA
96,23,replace-space-with-newline,lexicase,FALSE,20,elitize_generation_data,95,35,0.722,NA
97,23,replace-space-with-newline,lexicase,FALSE,20,elitize_generation_data,96,34,0.773,NA
98,23,replace-space-with-newline,lexicase,FALSE,20,elitize_generation_data,97,38,0.775,NA
99,23,replace-space-with-newline,lexicase,FALSE,20,elitize_generation_data,98,33,0.815,NA
100,23,replace-space-with-newline,lexicase,FALSE,20,elitize_generation_data,99,32,0.804,NA
101,23,replace-space-with-newline,lexicase,FALSE,20,elitize_generation_data,100,37,0.808,NA
102,23,replace-space-with-newline,lexicase,FALSE,20,elitize_generation_data,101,30,0.83,NA
103,23,replace-space-with-newline,lexicase,FALSE,20,elitize_generation_data,102,31,0.818,NA
104,23,replace-space-with-newline,lexicase,FALSE,20,elitize_generation_data,103,29,0.817,NA
105,23,replace-space-with-newline,lexicase,FALSE,20,elitize_generation_data,104,34,0.845,NA
106,23,replace-space-with-newline,lexicase,FALSE,20,elitize_generation_data,105,29,0.828,NA
107,23,replace-space-with-newline,lexicase,FALSE,20,elitize_generation_data,106,31,0.846,NA
108,23,replace-space-with-newline,lexicase,FALSE,20,elitize_generation_data,107,28,0.862,NA
109,23,replace-space-with-newline,lexicase,FALSE,20,elitize_generation_data,108,36,0.871,NA
110,23,replace-space-with-newline,lexicase,FALSE,20,elitize_generation_data,109,29,0.844,NA
111,23,replace-space-with-newline,lexicase,FALSE,20,elitize_generation_data,110,32,0.823,NA
112,23,replace-space-with-newline,lexicase,FALSE,20,elitize_generation_data,111,29,0.858,NA
113,23,replace-space-with-newline,lexicase,FALSE,20,elitize_generation_data,112,33,0.87,NA
114,23,replace-space-with-newline,lexicase,FALSE,20,elitize_generation_data,113,34,0.861,NA
115,23,replace-space-with-newline,lexicase,FALSE,20,elitize_generation_data,114,29,0.868,NA
116,23,replace-space-with-newline,lexicase,FALSE,20,elitize_generation_data,115,33,0.892,NA
117,23,replace-space-with-newline,lexicase,FALSE,20,elitize_generation_data,116,38,0.887,NA
118,23,replace-space-with-newline,lexicase,FALSE,20,elitize_generation_data,117,39,0.881,NA
119,23,replace-space-with-newline,lexicase,FALSE,20,elitize_generation_data,118,42,0.884,NA
120,23,replace-space-with-newline,lexicase,FALSE,20,elitize_generation_data,119,41,0.858,NA
121,23,replace-space-with-newline,lexicase,FALSE,20,elitize_generation_data,120,32,0.885,NA
122,23,replace-space-with-newline,lexicase,FALSE,20,elitize_generation_data,121,39,0.906,NA
123,23,replace-space-with-newline,lexicase,FALSE,20,elitize_generation_data,122,35,0.904,NA
124,23,replace-space-with-newline,lexicase,FALSE,20,elitize_generation_data,123,44,0.903,NA
125,23,replace-space-with-newline,lexicase,FALSE,20,elitize_generation_data,124,50,0.878,NA
126,23,replace-space-with-newline,lexicase,FALSE,20,elitize_generation_data,125,39,0.888,NA
127,23,replace-space-with-newline,lexicase,FALSE,20,elitize_generation_data,126,46,0.92,NA
128,23,replace-space-with-newline,lexicase,FALSE,20,elitize_generation_data,127,51,0.893,NA
129,23,replace-space-with-newline,lexicase,FALSE,20,elitize_generation_data,128,45,0.906,NA
130,23,replace-space-with-newline,lexicase,FALSE,20,elitize_generation_data,129,52,0.889,NA
131,23,replace-space-with-newline,lexicase,FALSE,20,elitize_generation_data,130,53,0.913,NA
132,23,replace-space-with-newline,lexicase,FALSE,20,elitize_generation_data,131,56,0.916,NA
133,23,replace-space-with-newline,lexicase,FALSE,20,elitize_generation_data,132,67,0.918,NA
134,23,replace-space-with-newline,lexicase,FALSE,20,elitize_generation_data,133,50,0.917,NA
135,23,replace-space-with-newline,lexicase,FALSE,20,elitize_generation_data,134,48,0.931,NA
136,23,replace-space-with-newline,lexicase,FALSE,20,elitize_generation_data,135,49,0.924,NA
137,23,replace-space-with-newline,lexicase,FALSE,20,elitize_generation_data,136,45,0.935,NA
138,23,replace-space-with-newline,lexicase,FALSE,20,elitize_generation_data,137,46,0.914,NA
139,23,replace-space-with-newline,lexicase,FALSE,20,elitize_generation_data,138,44,0.928,NA
140,23,replace-space-with-newline,lexicase,FALSE,20,elitize_generation_data,139,45,0.887,NA
141,23,replace-space-with-newline,lexicase,FALSE,20,elitize_generation_data,140,50,0.922,NA
142,23,replace-space-with-newline,lexicase,FALSE,20,elitize_generation_data,141,51,0.91,NA
143,23,replace-space-with-newline,lexicase,FALSE,20,elitize_generation_data,142,60,0.921,NA
144,23,replace-space-with-newline,lexicase,FALSE,20,elitize_generation_data,143,56,0.932,NA
145,23,replace-space-with-newline,lexicase,FALSE,20,elitize_generation_data,144,52,0.924,NA
146,23,replace-space-with-newline,lexicase,FALSE,20,elitize_generation_data,145,53,0.925,NA
147,23,replace-space-with-newline,lexicase,FALSE,20,elitize_generation_data,146,55,0.924,NA
148,23,replace-space-with-newline,lexicase,FALSE,20,elitize_generation_data,147,63,0.925,NA
149,23,replace-space-with-newline,lexicase,FALSE,20,elitize_generation_data,148,51,0.927,NA
150,23,replace-space-with-newline,lexicase,FALSE,20,elitize_generation_data,149,49,0.937,NA
151,23,replace-space-with-newline,lexicase,FALSE,20,elitize_generation_data,150,58,0.928,NA
152,23,replace-space-with-newline,lexicase,FALSE,20,elitize_generation_data,151,57,0.945,NA
153,23,replace-space-with-newline,lexicase,FALSE,20,elitize_generation_data,152,60,0.944,NA
154,23,replace-space-with-newline,lexicase,FALSE,20,elitize_generation_data,153,62,0.921,NA
155,23,replace-space-with-newline,lexicase,FALSE,20,elitize_generation_data,154,56,0.93,NA
156,23,replace-space-with-newline,lexicase,FALSE,20,elitize_generation_data,155,57,0.925,NA
157,23,replace-space-with-newline,lexicase,FALSE,20,elitize_generation_data,156,53,0.947,NA
158,23,replace-space-with-newline,lexicase,FALSE,20,elitize_generation_data,157,55,0.941,NA
159,23,replace-space-with-newline,lexicase,FALSE,20,elitize_generation_data,158,55,0.939,NA
160,23,replace-space-with-newline,lexicase,FALSE,20,elitize_generation_data,159,57,0.935,NA
161,23,replace-space-with-newline,lexicase,FALSE,20,elitize_generation_data,160,62,0.94,NA
162,23,replace-space-with-newline,lexicase,FALSE,20,elitize_generation_data,161,61,0.932,NA
163,23,replace-space-with-newline,lexicase,FALSE,20,elitize_generation_data,162,71,0.936,NA
164,23,replace-space-with-newline,lexicase,FALSE,20,elitize_generation_data,163,64,0.944,NA
165,23,replace-space-with-newline,lexicase,FALSE,20,elitize_generation_data,164,70,0.95,NA
166,23,replace-space-with-newline,lexicase,FALSE,20,elitize_generation_data,165,67,0.956,NA
167,23,replace-space-with-newline,lexicase,FALSE,20,elitize_generation_data,166,68,0.951,NA
168,23,replace-space-with-newline,lexicase,FALSE,20,elitize_generation_data,167,80,0.949,NA
169,23,replace-space-with-newline,lexicase,FALSE,20,elitize_generation_data,168,70,0.929,NA
170,23,replace-space-with-newline,lexicase,FALSE,20,elitize_generation_data,169,62,0.944,NA
171,23,replace-space-with-newline,lexicase,FALSE,20,elitize_generation_data,170,71,0.946,NA
172,23,replace-space-with-newline,lexicase,FALSE,20,elitize_generation_data,171,67,0.943,NA
173,23,replace-space-with-newline,lexicase,FALSE,20,elitize_generation_data,172,65,0.943,NA
174,23,replace-space-with-newline,lexicase,FALSE,20,elitize_generation_data,173,69,0.943,NA
175,23,replace-space-with-newline,lexicase,FALSE,20,elitize_generation_data,174,69,0.953,NA
176,23,replace-space-with-newline,lexicase,FALSE,20,elitize_generation_data,175,80,0.948,NA
177,23,replace-space-with-newline,lexicase,FALSE,20,elitize_generation_data,176,76,0.957,NA
178,23,replace-space-with-newline,lexicase,FALSE,20,elitize_generation_data,177,76,0.937,NA
179,23,replace-space-with-newline,lexicase,FALSE,20,elitize_generation_data,178,68,0.938,NA
180,23,replace-space-with-newline,lexicase,FALSE,20,elitize_generation_data,179,75,0.943,NA
181,23,replace-space-with-newline,lexicase,FALSE,20,elitize_generation_data,180,68,0.946,NA
182,23,replace-space-with-newline,lexicase,FALSE,20,elitize_generation_data,181,64,0.941,NA
183,23,replace-space-with-newline,lexicase,FALSE,20,elitize_generation_data,182,68,0.932,NA
184,23,replace-space-with-newline,lexicase,FALSE,20,elitize_generation_data,183,73,0.929,NA
185,23,replace-space-with-newline,lexicase,FALSE,20,elitize_generation_data,184,52,0.936,NA
186,23,replace-space-with-newline,lexicase,FALSE,20,elitize_generation_data,185,65,0.933,NA
187,23,replace-space-with-newline,lexicase,FALSE,20,elitize_generation_data,186,53,0.916,NA
188,23,replace-space-with-newline,lexicase,FALSE,20,elitize_generation_data,187,62,0.934,NA
189,23,replace-space-with-newline,lexicase,FALSE,20,elitize_generation_data,188,66,0.906,NA
190,23,replace-space-with-newline,lexicase,FALSE,20,elitize_generation_data,189,66,0.936,NA
191,23,replace-space-with-newline,lexicase,FALSE,20,elitize_generation_data,190,62,0.932,NA
192,23,replace-space-with-newline,lexicase,FALSE,20,elitize_generation_data,191,69,0.931,NA
193,23,replace-space-with-newline,lexicase,FALSE,20,elitize_generation_data,192,75,0.931,NA
194,23,replace-space-with-newline,lexicase,FALSE,20,elitize_generation_data,193,75,0.937,NA
195,23,replace-space-with-newline,lexicase,FALSE,20,elitize_generation_data,194,66,0.933,NA
196,23,replace-space-with-newline,lexicase,FALSE,20,elitize_generation_data,195,71,0.932,NA
197,23,replace-space-with-newline,lexicase,FALSE,20,elitize_generation_data,196,76,0.934,NA
198,23,replace-space-with-newline,lexicase,FALSE,20,elitize_generation_data,197,80,0.921,NA
199,23,replace-space-with-newline,lexicase,FALSE,20,elitize_generation_data,198,67,0.915,NA
200,23,replace-space-with-newline,lexicase,FALSE,20,elitize_generation_data,199,83,0.944,NA
201,23,replace-space-with-newline,lexicase,FALSE,20,elitize_generation_data,200,76,0.917,NA
202,23,replace-space-with-newline,lexicase,FALSE,20,elitize_generation_data,201,81,0.916,NA
203,23,replace-space-with-newline,lexicase,FALSE,20,elitize_generation_data,202,87,0.931,NA
204,23,replace-space-with-newline,lexicase,FALSE,20,elitize_generation_data,203,88,0.935,NA
205,23,replace-space-with-newline,lexicase,FALSE,20,elitize_generation_data,204,85,0.93,NA
206,23,replace-space-with-newline,lexicase,FALSE,20,elitize_generation_data,205,87,0.947,NA
207,23,replace-space-with-newline,lexicase,FALSE,20,elitize_generation_data,206,82,0.931,NA
208,23,replace-space-with-newline,lexicase,FALSE,20,elitize_generation_data,207,80,0.937,NA
209,23,replace-space-with-newline,lexicase,FALSE,20,elitize_generation_data,208,90,0.926,NA
210,23,replace-space-with-newline,lexicase,FALSE,20,elitize_generation_data,209,74,0.92,NA
211,23,replace-space-with-newline,lexicase,FALSE,20,elitize_generation_data,210,79,0.943,NA
212,23,replace-space-with-newline,lexicase,FALSE,20,elitize_generation_data,211,75,0.935,NA
213,23,replace-space-with-newline,lexicase,FALSE,20,elitize_generation_data,212,84,0.925,NA
214,23,replace-space-with-newline,lexicase,FALSE,20,elitize_generation_data,213,82,0.938,NA
215,23,replace-space-with-newline,lexicase,FALSE,20,elitize_generation_data,214,90,0.936,NA
216,23,replace-space-with-newline,lexicase,FALSE,20,elitize_generation_data,215,79,0.924,NA
217,23,replace-space-with-newline,lexicase,FALSE,20,elitize_generation_data,216,87,0.926,NA
218,23,replace-space-with-newline,lexicase,FALSE,20,elitize_generation_data,217,70,0.927,NA
219,23,replace-space-with-newline,lexicase,FALSE,20,elitize_generation_data,218,76,0.953,NA
220,23,replace-space-with-newline,lexicase,FALSE,20,elitize_generation_data,219,91,0.932,NA
221,23,replace-space-with-newline,lexicase,FALSE,20,elitize_generation_data,220,78,0.923,NA
222,23,replace-space-with-newline,lexicase,FALSE,20,elitize_generation_data,221,72,0.938,NA
223,23,replace-space-with-newline,lexicase,FALSE,20,elitize_generation_data,222,88,0.941,NA
224,23,replace-space-with-newline,lexicase,FALSE,20,elitize_generation_data,223,98,0.932,NA
225,23,replace-space-with-newline,lexicase,FALSE,20,elitize_generation_data,224,95,0.93,NA
226,23,replace-space-with-newline,lexicase,FALSE,20,elitize_generation_data,225,89,0.933,NA
227,23,replace-space-with-newline,lexicase,FALSE,20,elitize_generation_data,226,88,0.93,NA
228,23,replace-space-with-newline,lexicase,FALSE,20,elitize_generation_data,227,89,0.927,NA
229,23,replace-space-with-newline,lexicase,FALSE,20,elitize_generation_data,228,86,0.924,NA
230,23,replace-space-with-newline,lexicase,FALSE,20,elitize_generation_data,229,81,0.933,NA
231,23,replace-space-with-newline,lexicase,FALSE,20,elitize_generation_data,230,83,0.929,NA
232,23,replace-space-with-newline,lexicase,FALSE,20,elitize_generation_data,231,80,0.934,NA
233,23,replace-space-with-newline,lexicase,FALSE,20,elitize_generation_data,232,86,0.933,NA
234,23,replace-space-with-newline,lexicase,FALSE,20,elitize_generation_data,233,103,0.936,NA
235,23,replace-space-with-newline,lexicase,FALSE,20,elitize_generation_data,234,95,0.93,NA
236,23,replace-space-with-newline,lexicase,FALSE,20,elitize_generation_data,235,90,0.941,NA
237,23,replace-space-with-newline,lexicase,FALSE,20,elitize_generation_data,236,79,0.949,NA
238,23,replace-space-with-newline,lexicase,FALSE,20,elitize_generation_data,237,70,0.938,NA
239,23,replace-space-with-newline,lexicase,FALSE,20,elitize_generation_data,238,80,0.944,NA
240,23,replace-space-with-newline,lexicase,FALSE,20,elitize_generation_data,239,83,0.926,NA
241,23,replace-space-with-newline,lexicase,FALSE,20,elitize_generation_data,240,71,0.944,NA
242,23,replace-space-with-newline,lexicase,FALSE,20,elitize_generation_data,241,77,0.93,NA
243,23,replace-space-with-newline,lexicase,FALSE,20,elitize_generation_data,242,76,0.934,NA
244,23,replace-space-with-newline,lexicase,FALSE,20,elitize_generation_data,243,86,0.939,NA
245,23,replace-space-with-newline,lexicase,FALSE,20,elitize_generation_data,244,81,0.944,NA
246,23,replace-space-with-newline,lexicase,FALSE,20,elitize_generation_data,245,74,0.936,NA
247,23,replace-space-with-newline,lexicase,FALSE,20,elitize_generation_data,246,82,0.941,NA
248,23,replace-space-with-newline,lexicase,FALSE,20,elitize_generation_data,247,80,0.944,NA
249,23,replace-space-with-newline,lexicase,FALSE,20,elitize_generation_data,248,70,0.936,NA
250,23,replace-space-with-newline,lexicase,FALSE,20,elitize_generation_data,249,87,0.932,NA
251,23,replace-space-with-newline,lexicase,FALSE,20,elitize_generation_data,250,92,0.962,NA
252,23,replace-space-with-newline,lexicase,FALSE,20,elitize_generation_data,251,74,0.941,NA
253,23,replace-space-with-newline,lexicase,FALSE,20,elitize_generation_data,252,82,0.945,NA
254,23,replace-space-with-newline,lexicase,FALSE,20,elitize_generation_data,253,78,0.94,NA
255,23,replace-space-with-newline,lexicase,FALSE,20,elitize_generation_data,254,77,0.928,NA
256,23,replace-space-with-newline,lexicase,FALSE,20,elitize_generation_data,255,65,0.941,NA
257,23,replace-space-with-newline,lexicase,FALSE,20,elitize_generation_data,256,74,0.949,NA
258,23,replace-space-with-newline,lexicase,FALSE,20,elitize_generation_data,257,71,0.923,NA
259,23,replace-space-with-newline,lexicase,FALSE,20,elitize_generation_data,258,76,0.928,NA
260,23,replace-space-with-newline,lexicase,FALSE,20,elitize_generation_data,259,70,0.942,NA
261,23,replace-space-with-newline,lexicase,FALSE,20,elitize_generation_data,260,76,0.94,NA
262,23,replace-space-with-newline,lexicase,FALSE,20,elitize_generation_data,261,66,0.939,NA
263,23,replace-space-with-newline,lexicase,FALSE,20,elitize_generation_data,262,67,0.942,NA
264,23,replace-space-with-newline,lexicase,FALSE,20,elitize_generation_data,263,79,0.942,NA
265,23,replace-space-with-newline,lexicase,FALSE,20,elitize_generation_data,264,61,0.928,NA
266,23,replace-space-with-newline,lexicase,FALSE,20,elitize_generation_data,265,72,0.941,NA
267,23,replace-space-with-newline,lexicase,FALSE,20,elitize_generation_data,266,77,0.935,NA
268,23,replace-space-with-newline,lexicase,FALSE,20,elitize_generation_data,267,71,0.942,NA
269,23,replace-space-with-newline,lexicase,FALSE,20,elitize_generation_data,268,74,0.925,NA
270,23,replace-space-with-newline,lexicase,FALSE,20,elitize_generation_data,269,77,0.941,NA
271,23,replace-space-with-newline,lexicase,FALSE,20,elitize_generation_data,270,75,0.94,NA
272,23,replace-space-with-newline,lexicase,FALSE,20,elitize_generation_data,271,88,0.95,NA
273,23,replace-space-with-newline,lexicase,FALSE,20,elitize_generation_data,272,86,0.94,NA
274,23,replace-space-with-newline,lexicase,FALSE,20,elitize_generation_data,273,83,0.947,NA
275,23,replace-space-with-newline,lexicase,FALSE,20,elitize_generation_data,274,63,0.952,NA
276,23,replace-space-with-newline,lexicase,FALSE,20,elitize_generation_data,275,73,0.958,NA
277,23,replace-space-with-newline,lexicase,FALSE,20,elitize_generation_data,276,75,0.956,NA
278,23,replace-space-with-newline,lexicase,FALSE,20,elitize_generation_data,277,76,0.95,NA
279,23,replace-space-with-newline,lexicase,FALSE,20,elitize_generation_data,278,68,0.951,NA
280,23,replace-space-with-newline,lexicase,FALSE,20,elitize_generation_data,279,72,0.94,NA
281,23,replace-space-with-newline,lexicase,FALSE,20,elitize_generation_data,280,69,0.943,NA
282,23,replace-space-with-newline,lexicase,FALSE,20,elitize_generation_data,281,79,0.937,NA
283,23,replace-space-with-newline,lexicase,FALSE,20,elitize_generation_data,282,75,0.953,NA
284,23,replace-space-with-newline,lexicase,FALSE,20,elitize_generation_data,283,69,0.959,NA
285,23,replace-space-with-newline,lexicase,FALSE,20,elitize_generation_data,284,59,0.946,NA
286,23,replace-space-with-newline,lexicase,FALSE,20,elitize_generation_data,285,55,0.948,NA
287,23,replace-space-with-newline,lexicase,FALSE,20,elitize_generation_data,286,64,0.948,NA
288,23,replace-space-with-newline,lexicase,FALSE,20,elitize_generation_data,287,56,0.928,NA
289,23,replace-space-with-newline,lexicase,FALSE,20,elitize_generation_data,288,60,0.951,NA
290,23,replace-space-with-newline,lexicase,FALSE,20,elitize_generation_data,289,58,0.968,NA
291,23,replace-space-with-newline,lexicase,FALSE,20,elitize_generation_data,290,69,0.959,NA
292,23,replace-space-with-newline,lexicase,FALSE,20,elitize_generation_data,291,66,0.958,NA
293,23,replace-space-with-newline,lexicase,FALSE,20,elitize_generation_data,292,72,0.951,NA
294,23,replace-space-with-newline,lexicase,FALSE,20,elitize_generation_data,293,65,0.946,NA
295,23,replace-space-with-newline,lexicase,FALSE,20,elitize_generation_data,294,75,0.963,NA
296,23,replace-space-with-newline,lexicase,FALSE,20,elitize_generation_data,295,68,0.961,NA
297,23,replace-space-with-newline,lexicase,FALSE,20,elitize_generation_data,296,70,0.961,NA
298,23,replace-space-with-newline,lexicase,FALSE,20,elitize_generation_data,297,87,0.953,NA
299,23,replace-space-with-newline,lexicase,FALSE,20,elitize_generation_data,298,79,0.961,NA
300,23,replace-space-with-newline,lexicase,FALSE,20,elitize_generation_data,299,69,0.936,NA
301,23,replace-space-with-newline,lexicase,FALSE,20,elitize_generation_data,300,79,0.935,NA
