,run.num,problem,treatment,succeeded,height,normalization.function,generation,cluster.count,error.diversity,success.generation
1,63,replace-space-with-newline,lexicase,TRUE,20,elitize_generation_data,0,5,0.479,296
2,63,replace-space-with-newline,lexicase,TRUE,20,elitize_generation_data,1,6,0.276,296
3,63,replace-space-with-newline,lexicase,TRUE,20,elitize_generation_data,2,13,0.314,296
4,63,replace-space-with-newline,lexicase,TRUE,20,elitize_generation_data,3,19,0.297,296
5,63,replace-space-with-newline,lexicase,TRUE,20,elitize_generation_data,4,33,0.317,296
6,63,replace-space-with-newline,lexicase,TRUE,20,elitize_generation_data,5,35,0.37,296
7,63,replace-space-with-newline,lexicase,TRUE,20,elitize_generation_data,6,41,0.301,296
8,63,replace-space-with-newline,lexicase,TRUE,20,elitize_generation_data,7,13,0.154,296
9,63,replace-space-with-newline,lexicase,TRUE,20,elitize_generation_data,8,16,0.146,296
10,63,replace-space-with-newline,lexicase,TRUE,20,elitize_generation_data,9,19,0.144,296
11,63,replace-space-with-newline,lexicase,TRUE,20,elitize_generation_data,10,21,0.153,296
12,63,replace-space-with-newline,lexicase,TRUE,20,elitize_generation_data,11,14,0.153,296
13,63,replace-space-with-newline,lexicase,TRUE,20,elitize_generation_data,12,15,0.176,296
14,63,replace-space-with-newline,lexicase,TRUE,20,elitize_generation_data,13,20,0.163,296
15,63,replace-space-with-newline,lexicase,TRUE,20,elitize_generation_data,14,24,0.161,296
16,63,replace-space-with-newline,lexicase,TRUE,20,elitize_generation_data,15,18,0.148,296
17,63,replace-space-with-newline,lexicase,TRUE,20,elitize_generation_data,16,20,0.186,296
18,63,replace-space-with-newline,lexicase,TRUE,20,elitize_generation_data,17,26,0.196,296
19,63,replace-space-with-newline,lexicase,TRUE,20,elitize_generation_data,18,28,0.176,296
20,63,replace-space-with-newline,lexicase,TRUE,20,elitize_generation_data,19,24,0.181,296
21,63,replace-space-with-newline,lexicase,TRUE,20,elitize_generation_data,20,28,0.183,296
22,63,replace-space-with-newline,lexicase,TRUE,20,elitize_generation_data,21,26,0.178,296
23,63,replace-space-with-newline,lexicase,TRUE,20,elitize_generation_data,22,21,0.177,296
24,63,replace-space-with-newline,lexicase,TRUE,20,elitize_generation_data,23,26,0.201,296
25,63,replace-space-with-newline,lexicase,TRUE,20,elitize_generation_data,24,24,0.212,296
26,63,replace-space-with-newline,lexicase,TRUE,20,elitize_generation_data,25,32,0.235,296
27,63,replace-space-with-newline,lexicase,TRUE,20,elitize_generation_data,26,29,0.248,296
28,63,replace-space-with-newline,lexicase,TRUE,20,elitize_generation_data,27,33,0.261,296
29,63,replace-space-with-newline,lexicase,TRUE,20,elitize_generation_data,28,31,0.265,296
30,63,replace-space-with-newline,lexicase,TRUE,20,elitize_generation_data,29,25,0.247,296
31,63,replace-space-with-newline,lexicase,TRUE,20,elitize_generation_data,30,27,0.279,296
32,63,replace-space-with-newline,lexicase,TRUE,20,elitize_generation_data,31,30,0.256,296
33,63,replace-space-with-newline,lexicase,TRUE,20,elitize_generation_data,32,31,0.272,296
34,63,replace-space-with-newline,lexicase,TRUE,20,elitize_generation_data,33,33,0.279,296
35,63,replace-space-with-newline,lexicase,TRUE,20,elitize_generation_data,34,29,0.27,296
36,63,replace-space-with-newline,lexicase,TRUE,20,elitize_generation_data,35,32,0.277,296
37,63,replace-space-with-newline,lexicase,TRUE,20,elitize_generation_data,36,28,0.299,296
38,63,replace-space-with-newline,lexicase,TRUE,20,elitize_generation_data,37,30,0.291,296
39,63,replace-space-with-newline,lexicase,TRUE,20,elitize_generation_data,38,30,0.316,296
40,63,replace-space-with-newline,lexicase,TRUE,20,elitize_generation_data,39,34,0.309,296
41,63,replace-space-with-newline,lexicase,TRUE,20,elitize_generation_data,40,36,0.326,296
42,63,replace-space-with-newline,lexicase,TRUE,20,elitize_generation_data,41,28,0.326,296
43,63,replace-space-with-newline,lexicase,TRUE,20,elitize_generation_data,42,34,0.328,296
44,63,replace-space-with-newline,lexicase,TRUE,20,elitize_generation_data,43,39,0.334,296
45,63,replace-space-with-newline,lexicase,TRUE,20,elitize_generation_data,44,27,0.332,296
46,63,replace-space-with-newline,lexicase,TRUE,20,elitize_generation_data,45,30,0.345,296
47,63,replace-space-with-newline,lexicase,TRUE,20,elitize_generation_data,46,40,0.357,296
48,63,replace-space-with-newline,lexicase,TRUE,20,elitize_generation_data,47,33,0.387,296
49,63,replace-space-with-newline,lexicase,TRUE,20,elitize_generation_data,48,37,0.391,296
50,63,replace-space-with-newline,lexicase,TRUE,20,elitize_generation_data,49,34,0.384,296
51,63,replace-space-with-newline,lexicase,TRUE,20,elitize_generation_data,50,40,0.397,296
52,63,replace-space-with-newline,lexicase,TRUE,20,elitize_generation_data,51,34,0.406,296
53,63,replace-space-with-newline,lexicase,TRUE,20,elitize_generation_data,52,32,0.429,296
54,63,replace-space-with-newline,lexicase,TRUE,20,elitize_generation_data,53,24,0.469,296
55,63,replace-space-with-newline,lexicase,TRUE,20,elitize_generation_data,54,21,0.437,296
56,63,replace-space-with-newline,lexicase,TRUE,20,elitize_generation_data,55,19,0.461,296
57,63,replace-space-with-newline,lexicase,TRUE,20,elitize_generation_data,56,19,0.46,296
58,63,replace-space-with-newline,lexicase,TRUE,20,elitize_generation_data,57,21,0.495,296
59,63,replace-space-with-newline,lexicase,TRUE,20,elitize_generation_data,58,18,0.469,296
60,63,replace-space-with-newline,lexicase,TRUE,20,elitize_generation_data,59,18,0.564,296
61,63,replace-space-with-newline,lexicase,TRUE,20,elitize_generation_data,60,21,0.647,296
62,63,replace-space-with-newline,lexicase,TRUE,20,elitize_generation_data,61,21,0.663,296
63,63,replace-space-with-newline,lexicase,TRUE,20,elitize_generation_data,62,18,0.685,296
64,63,replace-space-with-newline,lexicase,TRUE,20,elitize_generation_data,63,26,0.693,296
65,63,replace-space-with-newline,lexicase,TRUE,20,elitize_generation_data,64,21,0.754,296
66,63,replace-space-with-newline,lexicase,TRUE,20,elitize_generation_data,65,17,0.733,296
67,63,replace-space-with-newline,lexicase,TRUE,20,elitize_generation_data,66,22,0.757,296
68,63,replace-space-with-newline,lexicase,TRUE,20,elitize_generation_data,67,27,0.788,296
69,63,replace-space-with-newline,lexicase,TRUE,20,elitize_generation_data,68,28,0.801,296
70,63,replace-space-with-newline,lexicase,TRUE,20,elitize_generation_data,69,24,0.76,296
71,63,replace-space-with-newline,lexicase,TRUE,20,elitize_generation_data,70,23,0.806,296
72,63,replace-space-with-newline,lexicase,TRUE,20,elitize_generation_data,71,27,0.802,296
73,63,replace-space-with-newline,lexicase,TRUE,20,elitize_generation_data,72,22,0.837,296
74,63,replace-space-with-newline,lexicase,TRUE,20,elitize_generation_data,73,18,0.781,296
75,63,replace-space-with-newline,lexicase,TRUE,20,elitize_generation_data,74,21,0.819,296
76,63,replace-space-with-newline,lexicase,TRUE,20,elitize_generation_data,75,16,0.812,296
77,63,replace-space-with-newline,lexicase,TRUE,20,elitize_generation_data,76,23,0.817,296
78,63,replace-space-with-newline,lexicase,TRUE,20,elitize_generation_data,77,26,0.821,296
79,63,replace-space-with-newline,lexicase,TRUE,20,elitize_generation_data,78,20,0.828,296
80,63,replace-space-with-newline,lexicase,TRUE,20,elitize_generation_data,79,27,0.824,296
81,63,replace-space-with-newline,lexicase,TRUE,20,elitize_generation_data,80,29,0.817,296
82,63,replace-space-with-newline,lexicase,TRUE,20,elitize_generation_data,81,29,0.81,296
83,63,replace-space-with-newline,lexicase,TRUE,20,elitize_generation_data,82,21,0.814,296
84,63,replace-space-with-newline,lexicase,TRUE,20,elitize_generation_data,83,26,0.831,296
85,63,replace-space-with-newline,lexicase,TRUE,20,elitize_generation_data,84,20,0.81,296
86,63,replace-space-with-newline,lexicase,TRUE,20,elitize_generation_data,85,23,0.831,296
87,63,replace-space-with-newline,lexicase,TRUE,20,elitize_generation_data,86,30,0.841,296
88,63,replace-space-with-newline,lexicase,TRUE,20,elitize_generation_data,87,29,0.831,296
89,63,replace-space-with-newline,lexicase,TRUE,20,elitize_generation_data,88,29,0.83,296
90,63,replace-space-with-newline,lexicase,TRUE,20,elitize_generation_data,89,26,0.825,296
91,63,replace-space-with-newline,lexicase,TRUE,20,elitize_generation_data,90,27,0.839,296
92,63,replace-space-with-newline,lexicase,TRUE,20,elitize_generation_data,91,21,0.859,296
93,63,replace-space-with-newline,lexicase,TRUE,20,elitize_generation_data,92,25,0.842,296
94,63,replace-space-with-newline,lexicase,TRUE,20,elitize_generation_data,93,26,0.848,296
95,63,replace-space-with-newline,lexicase,TRUE,20,elitize_generation_data,94,21,0.845,296
96,63,replace-space-with-newline,lexicase,TRUE,20,elitize_generation_data,95,22,0.847,296
97,63,replace-space-with-newline,lexicase,TRUE,20,elitize_generation_data,96,30,0.865,296
98,63,replace-space-with-newline,lexicase,TRUE,20,elitize_generation_data,97,26,0.845,296
99,63,replace-space-with-newline,lexicase,TRUE,20,elitize_generation_data,98,27,0.849,296
100,63,replace-space-with-newline,lexicase,TRUE,20,elitize_generation_data,99,24,0.835,296
101,63,replace-space-with-newline,lexicase,TRUE,20,elitize_generation_data,100,28,0.869,296
102,63,replace-space-with-newline,lexicase,TRUE,20,elitize_generation_data,101,28,0.856,296
103,63,replace-space-with-newline,lexicase,TRUE,20,elitize_generation_data,102,32,0.884,296
104,63,replace-space-with-newline,lexicase,TRUE,20,elitize_generation_data,103,33,0.871,296
105,63,replace-space-with-newline,lexicase,TRUE,20,elitize_generation_data,104,30,0.871,296
106,63,replace-space-with-newline,lexicase,TRUE,20,elitize_generation_data,105,31,0.889,296
107,63,replace-space-with-newline,lexicase,TRUE,20,elitize_generation_data,106,33,0.882,296
108,63,replace-space-with-newline,lexicase,TRUE,20,elitize_generation_data,107,25,0.874,296
109,63,replace-space-with-newline,lexicase,TRUE,20,elitize_generation_data,108,32,0.874,296
110,63,replace-space-with-newline,lexicase,TRUE,20,elitize_generation_data,109,32,0.882,296
111,63,replace-space-with-newline,lexicase,TRUE,20,elitize_generation_data,110,33,0.873,296
112,63,replace-space-with-newline,lexicase,TRUE,20,elitize_generation_data,111,27,0.88,296
113,63,replace-space-with-newline,lexicase,TRUE,20,elitize_generation_data,112,30,0.877,296
114,63,replace-space-with-newline,lexicase,TRUE,20,elitize_generation_data,113,31,0.898,296
115,63,replace-space-with-newline,lexicase,TRUE,20,elitize_generation_data,114,33,0.871,296
116,63,replace-space-with-newline,lexicase,TRUE,20,elitize_generation_data,115,26,0.888,296
117,63,replace-space-with-newline,lexicase,TRUE,20,elitize_generation_data,116,27,0.855,296
118,63,replace-space-with-newline,lexicase,TRUE,20,elitize_generation_data,117,37,0.899,296
119,63,replace-space-with-newline,lexicase,TRUE,20,elitize_generation_data,118,39,0.898,296
120,63,replace-space-with-newline,lexicase,TRUE,20,elitize_generation_data,119,29,0.899,296
121,63,replace-space-with-newline,lexicase,TRUE,20,elitize_generation_data,120,26,0.884,296
122,63,replace-space-with-newline,lexicase,TRUE,20,elitize_generation_data,121,26,0.892,296
123,63,replace-space-with-newline,lexicase,TRUE,20,elitize_generation_data,122,31,0.91,296
124,63,replace-space-with-newline,lexicase,TRUE,20,elitize_generation_data,123,28,0.886,296
125,63,replace-space-with-newline,lexicase,TRUE,20,elitize_generation_data,124,27,0.903,296
126,63,replace-space-with-newline,lexicase,TRUE,20,elitize_generation_data,125,29,0.898,296
127,63,replace-space-with-newline,lexicase,TRUE,20,elitize_generation_data,126,27,0.922,296
128,63,replace-space-with-newline,lexicase,TRUE,20,elitize_generation_data,127,31,0.919,296
129,63,replace-space-with-newline,lexicase,TRUE,20,elitize_generation_data,128,33,0.923,296
130,63,replace-space-with-newline,lexicase,TRUE,20,elitize_generation_data,129,30,0.916,296
131,63,replace-space-with-newline,lexicase,TRUE,20,elitize_generation_data,130,31,0.922,296
132,63,replace-space-with-newline,lexicase,TRUE,20,elitize_generation_data,131,24,0.924,296
133,63,replace-space-with-newline,lexicase,TRUE,20,elitize_generation_data,132,23,0.906,296
134,63,replace-space-with-newline,lexicase,TRUE,20,elitize_generation_data,133,31,0.923,296
135,63,replace-space-with-newline,lexicase,TRUE,20,elitize_generation_data,134,33,0.906,296
136,63,replace-space-with-newline,lexicase,TRUE,20,elitize_generation_data,135,26,0.916,296
137,63,replace-space-with-newline,lexicase,TRUE,20,elitize_generation_data,136,28,0.902,296
138,63,replace-space-with-newline,lexicase,TRUE,20,elitize_generation_data,137,26,0.916,296
139,63,replace-space-with-newline,lexicase,TRUE,20,elitize_generation_data,138,36,0.941,296
140,63,replace-space-with-newline,lexicase,TRUE,20,elitize_generation_data,139,31,0.937,296
141,63,replace-space-with-newline,lexicase,TRUE,20,elitize_generation_data,140,30,0.914,296
142,63,replace-space-with-newline,lexicase,TRUE,20,elitize_generation_data,141,36,0.922,296
143,63,replace-space-with-newline,lexicase,TRUE,20,elitize_generation_data,142,31,0.924,296
144,63,replace-space-with-newline,lexicase,TRUE,20,elitize_generation_data,143,26,0.901,296
145,63,replace-space-with-newline,lexicase,TRUE,20,elitize_generation_data,144,23,0.932,296
146,63,replace-space-with-newline,lexicase,TRUE,20,elitize_generation_data,145,37,0.916,296
147,63,replace-space-with-newline,lexicase,TRUE,20,elitize_generation_data,146,37,0.908,296
148,63,replace-space-with-newline,lexicase,TRUE,20,elitize_generation_data,147,41,0.921,296
149,63,replace-space-with-newline,lexicase,TRUE,20,elitize_generation_data,148,37,0.916,296
150,63,replace-space-with-newline,lexicase,TRUE,20,elitize_generation_data,149,38,0.925,296
151,63,replace-space-with-newline,lexicase,TRUE,20,elitize_generation_data,150,32,0.907,296
152,63,replace-space-with-newline,lexicase,TRUE,20,elitize_generation_data,151,27,0.903,296
153,63,replace-space-with-newline,lexicase,TRUE,20,elitize_generation_data,152,28,0.929,296
154,63,replace-space-with-newline,lexicase,TRUE,20,elitize_generation_data,153,30,0.903,296
155,63,replace-space-with-newline,lexicase,TRUE,20,elitize_generation_data,154,28,0.924,296
156,63,replace-space-with-newline,lexicase,TRUE,20,elitize_generation_data,155,34,0.919,296
157,63,replace-space-with-newline,lexicase,TRUE,20,elitize_generation_data,156,32,0.903,296
158,63,replace-space-with-newline,lexicase,TRUE,20,elitize_generation_data,157,30,0.901,296
159,63,replace-space-with-newline,lexicase,TRUE,20,elitize_generation_data,158,33,0.924,296
160,63,replace-space-with-newline,lexicase,TRUE,20,elitize_generation_data,159,39,0.92,296
161,63,replace-space-with-newline,lexicase,TRUE,20,elitize_generation_data,160,31,0.945,296
162,63,replace-space-with-newline,lexicase,TRUE,20,elitize_generation_data,161,36,0.919,296
163,63,replace-space-with-newline,lexicase,TRUE,20,elitize_generation_data,162,37,0.926,296
164,63,replace-space-with-newline,lexicase,TRUE,20,elitize_generation_data,163,29,0.91,296
165,63,replace-space-with-newline,lexicase,TRUE,20,elitize_generation_data,164,36,0.928,296
166,63,replace-space-with-newline,lexicase,TRUE,20,elitize_generation_data,165,32,0.915,296
167,63,replace-space-with-newline,lexicase,TRUE,20,elitize_generation_data,166,34,0.912,296
168,63,replace-space-with-newline,lexicase,TRUE,20,elitize_generation_data,167,38,0.921,296
169,63,replace-space-with-newline,lexicase,TRUE,20,elitize_generation_data,168,38,0.935,296
170,63,replace-space-with-newline,lexicase,TRUE,20,elitize_generation_data,169,39,0.915,296
171,63,replace-space-with-newline,lexicase,TRUE,20,elitize_generation_data,170,32,0.914,296
172,63,replace-space-with-newline,lexicase,TRUE,20,elitize_generation_data,171,46,0.905,296
173,63,replace-space-with-newline,lexicase,TRUE,20,elitize_generation_data,172,33,0.922,296
174,63,replace-space-with-newline,lexicase,TRUE,20,elitize_generation_data,173,36,0.901,296
175,63,replace-space-with-newline,lexicase,TRUE,20,elitize_generation_data,174,36,0.917,296
176,63,replace-space-with-newline,lexicase,TRUE,20,elitize_generation_data,175,30,0.907,296
177,63,replace-space-with-newline,lexicase,TRUE,20,elitize_generation_data,176,36,0.927,296
178,63,replace-space-with-newline,lexicase,TRUE,20,elitize_generation_data,177,30,0.905,296
179,63,replace-space-with-newline,lexicase,TRUE,20,elitize_generation_data,178,39,0.922,296
180,63,replace-space-with-newline,lexicase,TRUE,20,elitize_generation_data,179,34,0.92,296
181,63,replace-space-with-newline,lexicase,TRUE,20,elitize_generation_data,180,31,0.929,296
182,63,replace-space-with-newline,lexicase,TRUE,20,elitize_generation_data,181,31,0.917,296
183,63,replace-space-with-newline,lexicase,TRUE,20,elitize_generation_data,182,42,0.921,296
184,63,replace-space-with-newline,lexicase,TRUE,20,elitize_generation_data,183,39,0.918,296
185,63,replace-space-with-newline,lexicase,TRUE,20,elitize_generation_data,184,35,0.93,296
186,63,replace-space-with-newline,lexicase,TRUE,20,elitize_generation_data,185,32,0.912,296
187,63,replace-space-with-newline,lexicase,TRUE,20,elitize_generation_data,186,28,0.918,296
188,63,replace-space-with-newline,lexicase,TRUE,20,elitize_generation_data,187,35,0.91,296
189,63,replace-space-with-newline,lexicase,TRUE,20,elitize_generation_data,188,35,0.89,296
190,63,replace-space-with-newline,lexicase,TRUE,20,elitize_generation_data,189,41,0.898,296
191,63,replace-space-with-newline,lexicase,TRUE,20,elitize_generation_data,190,39,0.922,296
192,63,replace-space-with-newline,lexicase,TRUE,20,elitize_generation_data,191,36,0.916,296
193,63,replace-space-with-newline,lexicase,TRUE,20,elitize_generation_data,192,33,0.903,296
194,63,replace-space-with-newline,lexicase,TRUE,20,elitize_generation_data,193,36,0.913,296
195,63,replace-space-with-newline,lexicase,TRUE,20,elitize_generation_data,194,30,0.916,296
196,63,replace-space-with-newline,lexicase,TRUE,20,elitize_generation_data,195,31,0.908,296
197,63,replace-space-with-newline,lexicase,TRUE,20,elitize_generation_data,196,30,0.92,296
198,63,replace-space-with-newline,lexicase,TRUE,20,elitize_generation_data,197,39,0.918,296
199,63,replace-space-with-newline,lexicase,TRUE,20,elitize_generation_data,198,34,0.916,296
200,63,replace-space-with-newline,lexicase,TRUE,20,elitize_generation_data,199,41,0.902,296
201,63,replace-space-with-newline,lexicase,TRUE,20,elitize_generation_data,200,38,0.897,296
202,63,replace-space-with-newline,lexicase,TRUE,20,elitize_generation_data,201,42,0.898,296
203,63,replace-space-with-newline,lexicase,TRUE,20,elitize_generation_data,202,36,0.896,296
204,63,replace-space-with-newline,lexicase,TRUE,20,elitize_generation_data,203,30,0.925,296
205,63,replace-space-with-newline,lexicase,TRUE,20,elitize_generation_data,204,24,0.911,296
206,63,replace-space-with-newline,lexicase,TRUE,20,elitize_generation_data,205,26,0.895,296
207,63,replace-space-with-newline,lexicase,TRUE,20,elitize_generation_data,206,27,0.909,296
208,63,replace-space-with-newline,lexicase,TRUE,20,elitize_generation_data,207,31,0.896,296
209,63,replace-space-with-newline,lexicase,TRUE,20,elitize_generation_data,208,34,0.899,296
210,63,replace-space-with-newline,lexicase,TRUE,20,elitize_generation_data,209,40,0.907,296
211,63,replace-space-with-newline,lexicase,TRUE,20,elitize_generation_data,210,32,0.901,296
212,63,replace-space-with-newline,lexicase,TRUE,20,elitize_generation_data,211,34,0.92,296
213,63,replace-space-with-newline,lexicase,TRUE,20,elitize_generation_data,212,36,0.91,296
214,63,replace-space-with-newline,lexicase,TRUE,20,elitize_generation_data,213,41,0.911,296
215,63,replace-space-with-newline,lexicase,TRUE,20,elitize_generation_data,214,37,0.922,296
216,63,replace-space-with-newline,lexicase,TRUE,20,elitize_generation_data,215,37,0.893,296
217,63,replace-space-with-newline,lexicase,TRUE,20,elitize_generation_data,216,38,0.889,296
218,63,replace-space-with-newline,lexicase,TRUE,20,elitize_generation_data,217,40,0.907,296
219,63,replace-space-with-newline,lexicase,TRUE,20,elitize_generation_data,218,33,0.899,296
220,63,replace-space-with-newline,lexicase,TRUE,20,elitize_generation_data,219,42,0.9,296
221,63,replace-space-with-newline,lexicase,TRUE,20,elitize_generation_data,220,47,0.913,296
222,63,replace-space-with-newline,lexicase,TRUE,20,elitize_generation_data,221,39,0.898,296
223,63,replace-space-with-newline,lexicase,TRUE,20,elitize_generation_data,222,40,0.905,296
224,63,replace-space-with-newline,lexicase,TRUE,20,elitize_generation_data,223,42,0.9,296
225,63,replace-space-with-newline,lexicase,TRUE,20,elitize_generation_data,224,42,0.908,296
226,63,replace-space-with-newline,lexicase,TRUE,20,elitize_generation_data,225,39,0.902,296
227,63,replace-space-with-newline,lexicase,TRUE,20,elitize_generation_data,226,36,0.913,296
228,63,replace-space-with-newline,lexicase,TRUE,20,elitize_generation_data,227,45,0.919,296
229,63,replace-space-with-newline,lexicase,TRUE,20,elitize_generation_data,228,43,0.915,296
230,63,replace-space-with-newline,lexicase,TRUE,20,elitize_generation_data,229,41,0.917,296
231,63,replace-space-with-newline,lexicase,TRUE,20,elitize_generation_data,230,44,0.893,296
232,63,replace-space-with-newline,lexicase,TRUE,20,elitize_generation_data,231,31,0.921,296
233,63,replace-space-with-newline,lexicase,TRUE,20,elitize_generation_data,232,49,0.921,296
234,63,replace-space-with-newline,lexicase,TRUE,20,elitize_generation_data,233,42,0.918,296
235,63,replace-space-with-newline,lexicase,TRUE,20,elitize_generation_data,234,40,0.924,296
236,63,replace-space-with-newline,lexicase,TRUE,20,elitize_generation_data,235,37,0.912,296
237,63,replace-space-with-newline,lexicase,TRUE,20,elitize_generation_data,236,44,0.926,296
238,63,replace-space-with-newline,lexicase,TRUE,20,elitize_generation_data,237,35,0.919,296
239,63,replace-space-with-newline,lexicase,TRUE,20,elitize_generation_data,238,41,0.915,296
240,63,replace-space-with-newline,lexicase,TRUE,20,elitize_generation_data,239,49,0.936,296
241,63,replace-space-with-newline,lexicase,TRUE,20,elitize_generation_data,240,56,0.943,296
242,63,replace-space-with-newline,lexicase,TRUE,20,elitize_generation_data,241,48,0.937,296
243,63,replace-space-with-newline,lexicase,TRUE,20,elitize_generation_data,242,51,0.949,296
244,63,replace-space-with-newline,lexicase,TRUE,20,elitize_generation_data,243,47,0.952,296
245,63,replace-space-with-newline,lexicase,TRUE,20,elitize_generation_data,244,43,0.943,296
246,63,replace-space-with-newline,lexicase,TRUE,20,elitize_generation_data,245,44,0.928,296
247,63,replace-space-with-newline,lexicase,TRUE,20,elitize_generation_data,246,41,0.943,296
248,63,replace-space-with-newline,lexicase,TRUE,20,elitize_generation_data,247,64,0.956,296
249,63,replace-space-with-newline,lexicase,TRUE,20,elitize_generation_data,248,45,0.96,296
250,63,replace-space-with-newline,lexicase,TRUE,20,elitize_generation_data,249,46,0.942,296
251,63,replace-space-with-newline,lexicase,TRUE,20,elitize_generation_data,250,49,0.948,296
252,63,replace-space-with-newline,lexicase,TRUE,20,elitize_generation_data,251,50,0.929,296
253,63,replace-space-with-newline,lexicase,TRUE,20,elitize_generation_data,252,45,0.954,296
254,63,replace-space-with-newline,lexicase,TRUE,20,elitize_generation_data,253,52,0.956,296
255,63,replace-space-with-newline,lexicase,TRUE,20,elitize_generation_data,254,48,0.954,296
256,63,replace-space-with-newline,lexicase,TRUE,20,elitize_generation_data,255,48,0.95,296
257,63,replace-space-with-newline,lexicase,TRUE,20,elitize_generation_data,256,48,0.932,296
258,63,replace-space-with-newline,lexicase,TRUE,20,elitize_generation_data,257,42,0.923,296
259,63,replace-space-with-newline,lexicase,TRUE,20,elitize_generation_data,258,47,0.916,296
260,63,replace-space-with-newline,lexicase,TRUE,20,elitize_generation_data,259,44,0.924,296
261,63,replace-space-with-newline,lexicase,TRUE,20,elitize_generation_data,260,40,0.936,296
262,63,replace-space-with-newline,lexicase,TRUE,20,elitize_generation_data,261,35,0.933,296
263,63,replace-space-with-newline,lexicase,TRUE,20,elitize_generation_data,262,39,0.932,296
264,63,replace-space-with-newline,lexicase,TRUE,20,elitize_generation_data,263,39,0.931,296
265,63,replace-space-with-newline,lexicase,TRUE,20,elitize_generation_data,264,42,0.92,296
266,63,replace-space-with-newline,lexicase,TRUE,20,elitize_generation_data,265,41,0.919,296
267,63,replace-space-with-newline,lexicase,TRUE,20,elitize_generation_data,266,42,0.927,296
268,63,replace-space-with-newline,lexicase,TRUE,20,elitize_generation_data,267,43,0.921,296
269,63,replace-space-with-newline,lexicase,TRUE,20,elitize_generation_data,268,49,0.924,296
270,63,replace-space-with-newline,lexicase,TRUE,20,elitize_generation_data,269,46,0.93,296
271,63,replace-space-with-newline,lexicase,TRUE,20,elitize_generation_data,270,49,0.941,296
272,63,replace-space-with-newline,lexicase,TRUE,20,elitize_generation_data,271,51,0.932,296
273,63,replace-space-with-newline,lexicase,TRUE,20,elitize_generation_data,272,45,0.929,296
274,63,replace-space-with-newline,lexicase,TRUE,20,elitize_generation_data,273,53,0.933,296
275,63,replace-space-with-newline,lexicase,TRUE,20,elitize_generation_data,274,39,0.93,296
276,63,replace-space-with-newline,lexicase,TRUE,20,elitize_generation_data,275,47,0.929,296
277,63,replace-space-with-newline,lexicase,TRUE,20,elitize_generation_data,276,44,0.937,296
278,63,replace-space-with-newline,lexicase,TRUE,20,elitize_generation_data,277,38,0.928,296
279,63,replace-space-with-newline,lexicase,TRUE,20,elitize_generation_data,278,47,0.942,296
280,63,replace-space-with-newline,lexicase,TRUE,20,elitize_generation_data,279,48,0.936,296
281,63,replace-space-with-newline,lexicase,TRUE,20,elitize_generation_data,280,52,0.944,296
282,63,replace-space-with-newline,lexicase,TRUE,20,elitize_generation_data,281,51,0.939,296
283,63,replace-space-with-newline,lexicase,TRUE,20,elitize_generation_data,282,54,0.934,296
284,63,replace-space-with-newline,lexicase,TRUE,20,elitize_generation_data,283,59,0.93,296
285,63,replace-space-with-newline,lexicase,TRUE,20,elitize_generation_data,284,62,0.927,296
286,63,replace-space-with-newline,lexicase,TRUE,20,elitize_generation_data,285,49,0.942,296
287,63,replace-space-with-newline,lexicase,TRUE,20,elitize_generation_data,286,53,0.927,296
288,63,replace-space-with-newline,lexicase,TRUE,20,elitize_generation_data,287,60,0.932,296
289,63,replace-space-with-newline,lexicase,TRUE,20,elitize_generation_data,288,74,0.925,296
290,63,replace-space-with-newline,lexicase,TRUE,20,elitize_generation_data,289,65,0.919,296
291,63,replace-space-with-newline,lexicase,TRUE,20,elitize_generation_data,290,72,0.94,296
292,63,replace-space-with-newline,lexicase,TRUE,20,elitize_generation_data,291,90,0.906,296
293,63,replace-space-with-newline,lexicase,TRUE,20,elitize_generation_data,292,77,0.911,296
294,63,replace-space-with-newline,lexicase,TRUE,20,elitize_generation_data,293,82,0.919,296
295,63,replace-space-with-newline,lexicase,TRUE,20,elitize_generation_data,294,101,0.921,296
296,63,replace-space-with-newline,lexicase,TRUE,20,elitize_generation_data,295,56,0.65,296
297,63,replace-space-with-newline,lexicase,TRUE,20,elitize_generation_data,296,35,0.428,296
