,run.num,problem,treatment,succeeded,height,normalization.function,generation,cluster.count,error.diversity,success.generation
1,45,replace-space-with-newline,lexicase,TRUE,20,elitize_generation_data,0,6,0.504,300
2,45,replace-space-with-newline,lexicase,TRUE,20,elitize_generation_data,1,10,0.29,300
3,45,replace-space-with-newline,lexicase,TRUE,20,elitize_generation_data,2,15,0.334,300
4,45,replace-space-with-newline,lexicase,TRUE,20,elitize_generation_data,3,24,0.487,300
5,45,replace-space-with-newline,lexicase,TRUE,20,elitize_generation_data,4,36,0.617,300
6,45,replace-space-with-newline,lexicase,TRUE,20,elitize_generation_data,5,42,0.656,300
7,45,replace-space-with-newline,lexicase,TRUE,20,elitize_generation_data,6,45,0.671,300
8,45,replace-space-with-newline,lexicase,TRUE,20,elitize_generation_data,7,46,0.647,300
9,45,replace-space-with-newline,lexicase,TRUE,20,elitize_generation_data,8,51,0.654,300
10,45,replace-space-with-newline,lexicase,TRUE,20,elitize_generation_data,9,41,0.692,300
11,45,replace-space-with-newline,lexicase,TRUE,20,elitize_generation_data,10,47,0.711,300
12,45,replace-space-with-newline,lexicase,TRUE,20,elitize_generation_data,11,60,0.738,300
13,45,replace-space-with-newline,lexicase,TRUE,20,elitize_generation_data,12,68,0.738,300
14,45,replace-space-with-newline,lexicase,TRUE,20,elitize_generation_data,13,79,0.777,300
15,45,replace-space-with-newline,lexicase,TRUE,20,elitize_generation_data,14,88,0.799,300
16,45,replace-space-with-newline,lexicase,TRUE,20,elitize_generation_data,15,96,0.73,300
17,45,replace-space-with-newline,lexicase,TRUE,20,elitize_generation_data,16,46,0.555,300
18,45,replace-space-with-newline,lexicase,TRUE,20,elitize_generation_data,17,34,0.552,300
19,45,replace-space-with-newline,lexicase,TRUE,20,elitize_generation_data,18,46,0.599,300
20,45,replace-space-with-newline,lexicase,TRUE,20,elitize_generation_data,19,42,0.606,300
21,45,replace-space-with-newline,lexicase,TRUE,20,elitize_generation_data,20,43,0.628,300
22,45,replace-space-with-newline,lexicase,TRUE,20,elitize_generation_data,21,35,0.632,300
23,45,replace-space-with-newline,lexicase,TRUE,20,elitize_generation_data,22,33,0.62,300
24,45,replace-space-with-newline,lexicase,TRUE,20,elitize_generation_data,23,42,0.626,300
25,45,replace-space-with-newline,lexicase,TRUE,20,elitize_generation_data,24,38,0.625,300
26,45,replace-space-with-newline,lexicase,TRUE,20,elitize_generation_data,25,35,0.623,300
27,45,replace-space-with-newline,lexicase,TRUE,20,elitize_generation_data,26,38,0.601,300
28,45,replace-space-with-newline,lexicase,TRUE,20,elitize_generation_data,27,32,0.577,300
29,45,replace-space-with-newline,lexicase,TRUE,20,elitize_generation_data,28,34,0.555,300
30,45,replace-space-with-newline,lexicase,TRUE,20,elitize_generation_data,29,32,0.562,300
31,45,replace-space-with-newline,lexicase,TRUE,20,elitize_generation_data,30,35,0.586,300
32,45,replace-space-with-newline,lexicase,TRUE,20,elitize_generation_data,31,28,0.562,300
33,45,replace-space-with-newline,lexicase,TRUE,20,elitize_generation_data,32,26,0.586,300
34,45,replace-space-with-newline,lexicase,TRUE,20,elitize_generation_data,33,27,0.567,300
35,45,replace-space-with-newline,lexicase,TRUE,20,elitize_generation_data,34,33,0.581,300
36,45,replace-space-with-newline,lexicase,TRUE,20,elitize_generation_data,35,26,0.608,300
37,45,replace-space-with-newline,lexicase,TRUE,20,elitize_generation_data,36,30,0.607,300
38,45,replace-space-with-newline,lexicase,TRUE,20,elitize_generation_data,37,24,0.6,300
39,45,replace-space-with-newline,lexicase,TRUE,20,elitize_generation_data,38,26,0.603,300
40,45,replace-space-with-newline,lexicase,TRUE,20,elitize_generation_data,39,20,0.623,300
41,45,replace-space-with-newline,lexicase,TRUE,20,elitize_generation_data,40,31,0.611,300
42,45,replace-space-with-newline,lexicase,TRUE,20,elitize_generation_data,41,37,0.637,300
43,45,replace-space-with-newline,lexicase,TRUE,20,elitize_generation_data,42,31,0.644,300
44,45,replace-space-with-newline,lexicase,TRUE,20,elitize_generation_data,43,27,0.654,300
45,45,replace-space-with-newline,lexicase,TRUE,20,elitize_generation_data,44,30,0.654,300
46,45,replace-space-with-newline,lexicase,TRUE,20,elitize_generation_data,45,36,0.677,300
47,45,replace-space-with-newline,lexicase,TRUE,20,elitize_generation_data,46,38,0.668,300
48,45,replace-space-with-newline,lexicase,TRUE,20,elitize_generation_data,47,31,0.68,300
49,45,replace-space-with-newline,lexicase,TRUE,20,elitize_generation_data,48,34,0.659,300
50,45,replace-space-with-newline,lexicase,TRUE,20,elitize_generation_data,49,26,0.645,300
51,45,replace-space-with-newline,lexicase,TRUE,20,elitize_generation_data,50,26,0.646,300
52,45,replace-space-with-newline,lexicase,TRUE,20,elitize_generation_data,51,32,0.653,300
53,45,replace-space-with-newline,lexicase,TRUE,20,elitize_generation_data,52,30,0.654,300
54,45,replace-space-with-newline,lexicase,TRUE,20,elitize_generation_data,53,29,0.622,300
55,45,replace-space-with-newline,lexicase,TRUE,20,elitize_generation_data,54,31,0.65,300
56,45,replace-space-with-newline,lexicase,TRUE,20,elitize_generation_data,55,29,0.631,300
57,45,replace-space-with-newline,lexicase,TRUE,20,elitize_generation_data,56,31,0.625,300
58,45,replace-space-with-newline,lexicase,TRUE,20,elitize_generation_data,57,28,0.622,300
59,45,replace-space-with-newline,lexicase,TRUE,20,elitize_generation_data,58,30,0.616,300
60,45,replace-space-with-newline,lexicase,TRUE,20,elitize_generation_data,59,29,0.61,300
61,45,replace-space-with-newline,lexicase,TRUE,20,elitize_generation_data,60,30,0.651,300
62,45,replace-space-with-newline,lexicase,TRUE,20,elitize_generation_data,61,32,0.693,300
63,45,replace-space-with-newline,lexicase,TRUE,20,elitize_generation_data,62,45,0.724,300
64,45,replace-space-with-newline,lexicase,TRUE,20,elitize_generation_data,63,53,0.754,300
65,45,replace-space-with-newline,lexicase,TRUE,20,elitize_generation_data,64,56,0.767,300
66,45,replace-space-with-newline,lexicase,TRUE,20,elitize_generation_data,65,60,0.772,300
67,45,replace-space-with-newline,lexicase,TRUE,20,elitize_generation_data,66,57,0.762,300
68,45,replace-space-with-newline,lexicase,TRUE,20,elitize_generation_data,67,52,0.775,300
69,45,replace-space-with-newline,lexicase,TRUE,20,elitize_generation_data,68,50,0.812,300
70,45,replace-space-with-newline,lexicase,TRUE,20,elitize_generation_data,69,61,0.802,300
71,45,replace-space-with-newline,lexicase,TRUE,20,elitize_generation_data,70,67,0.819,300
72,45,replace-space-with-newline,lexicase,TRUE,20,elitize_generation_data,71,67,0.818,300
73,45,replace-space-with-newline,lexicase,TRUE,20,elitize_generation_data,72,54,0.766,300
74,45,replace-space-with-newline,lexicase,TRUE,20,elitize_generation_data,73,69,0.792,300
75,45,replace-space-with-newline,lexicase,TRUE,20,elitize_generation_data,74,62,0.793,300
76,45,replace-space-with-newline,lexicase,TRUE,20,elitize_generation_data,75,62,0.816,300
77,45,replace-space-with-newline,lexicase,TRUE,20,elitize_generation_data,76,77,0.821,300
78,45,replace-space-with-newline,lexicase,TRUE,20,elitize_generation_data,77,64,0.845,300
79,45,replace-space-with-newline,lexicase,TRUE,20,elitize_generation_data,78,63,0.833,300
80,45,replace-space-with-newline,lexicase,TRUE,20,elitize_generation_data,79,90,0.833,300
81,45,replace-space-with-newline,lexicase,TRUE,20,elitize_generation_data,80,92,0.788,300
82,45,replace-space-with-newline,lexicase,TRUE,20,elitize_generation_data,81,81,0.783,300
83,45,replace-space-with-newline,lexicase,TRUE,20,elitize_generation_data,82,78,0.788,300
84,45,replace-space-with-newline,lexicase,TRUE,20,elitize_generation_data,83,80,0.823,300
85,45,replace-space-with-newline,lexicase,TRUE,20,elitize_generation_data,84,88,0.814,300
86,45,replace-space-with-newline,lexicase,TRUE,20,elitize_generation_data,85,85,0.823,300
87,45,replace-space-with-newline,lexicase,TRUE,20,elitize_generation_data,86,92,0.81,300
88,45,replace-space-with-newline,lexicase,TRUE,20,elitize_generation_data,87,98,0.837,300
89,45,replace-space-with-newline,lexicase,TRUE,20,elitize_generation_data,88,84,0.832,300
90,45,replace-space-with-newline,lexicase,TRUE,20,elitize_generation_data,89,91,0.835,300
91,45,replace-space-with-newline,lexicase,TRUE,20,elitize_generation_data,90,95,0.819,300
92,45,replace-space-with-newline,lexicase,TRUE,20,elitize_generation_data,91,94,0.808,300
93,45,replace-space-with-newline,lexicase,TRUE,20,elitize_generation_data,92,105,0.833,300
94,45,replace-space-with-newline,lexicase,TRUE,20,elitize_generation_data,93,105,0.814,300
95,45,replace-space-with-newline,lexicase,TRUE,20,elitize_generation_data,94,95,0.817,300
96,45,replace-space-with-newline,lexicase,TRUE,20,elitize_generation_data,95,98,0.846,300
97,45,replace-space-with-newline,lexicase,TRUE,20,elitize_generation_data,96,97,0.835,300
98,45,replace-space-with-newline,lexicase,TRUE,20,elitize_generation_data,97,106,0.84,300
99,45,replace-space-with-newline,lexicase,TRUE,20,elitize_generation_data,98,95,0.836,300
100,45,replace-space-with-newline,lexicase,TRUE,20,elitize_generation_data,99,95,0.828,300
101,45,replace-space-with-newline,lexicase,TRUE,20,elitize_generation_data,100,102,0.836,300
102,45,replace-space-with-newline,lexicase,TRUE,20,elitize_generation_data,101,79,0.826,300
103,45,replace-space-with-newline,lexicase,TRUE,20,elitize_generation_data,102,99,0.835,300
104,45,replace-space-with-newline,lexicase,TRUE,20,elitize_generation_data,103,114,0.821,300
105,45,replace-space-with-newline,lexicase,TRUE,20,elitize_generation_data,104,98,0.832,300
106,45,replace-space-with-newline,lexicase,TRUE,20,elitize_generation_data,105,80,0.79,300
107,45,replace-space-with-newline,lexicase,TRUE,20,elitize_generation_data,106,92,0.832,300
108,45,replace-space-with-newline,lexicase,TRUE,20,elitize_generation_data,107,85,0.812,300
109,45,replace-space-with-newline,lexicase,TRUE,20,elitize_generation_data,108,80,0.813,300
110,45,replace-space-with-newline,lexicase,TRUE,20,elitize_generation_data,109,59,0.817,300
111,45,replace-space-with-newline,lexicase,TRUE,20,elitize_generation_data,110,73,0.81,300
112,45,replace-space-with-newline,lexicase,TRUE,20,elitize_generation_data,111,64,0.809,300
113,45,replace-space-with-newline,lexicase,TRUE,20,elitize_generation_data,112,59,0.815,300
114,45,replace-space-with-newline,lexicase,TRUE,20,elitize_generation_data,113,52,0.789,300
115,45,replace-space-with-newline,lexicase,TRUE,20,elitize_generation_data,114,63,0.798,300
116,45,replace-space-with-newline,lexicase,TRUE,20,elitize_generation_data,115,65,0.782,300
117,45,replace-space-with-newline,lexicase,TRUE,20,elitize_generation_data,116,61,0.812,300
118,45,replace-space-with-newline,lexicase,TRUE,20,elitize_generation_data,117,64,0.811,300
119,45,replace-space-with-newline,lexicase,TRUE,20,elitize_generation_data,118,67,0.799,300
120,45,replace-space-with-newline,lexicase,TRUE,20,elitize_generation_data,119,69,0.803,300
121,45,replace-space-with-newline,lexicase,TRUE,20,elitize_generation_data,120,53,0.827,300
122,45,replace-space-with-newline,lexicase,TRUE,20,elitize_generation_data,121,52,0.798,300
123,45,replace-space-with-newline,lexicase,TRUE,20,elitize_generation_data,122,44,0.795,300
124,45,replace-space-with-newline,lexicase,TRUE,20,elitize_generation_data,123,55,0.804,300
125,45,replace-space-with-newline,lexicase,TRUE,20,elitize_generation_data,124,50,0.776,300
126,45,replace-space-with-newline,lexicase,TRUE,20,elitize_generation_data,125,58,0.78,300
127,45,replace-space-with-newline,lexicase,TRUE,20,elitize_generation_data,126,52,0.792,300
128,45,replace-space-with-newline,lexicase,TRUE,20,elitize_generation_data,127,53,0.793,300
129,45,replace-space-with-newline,lexicase,TRUE,20,elitize_generation_data,128,46,0.792,300
130,45,replace-space-with-newline,lexicase,TRUE,20,elitize_generation_data,129,44,0.76,300
131,45,replace-space-with-newline,lexicase,TRUE,20,elitize_generation_data,130,43,0.786,300
132,45,replace-space-with-newline,lexicase,TRUE,20,elitize_generation_data,131,42,0.764,300
133,45,replace-space-with-newline,lexicase,TRUE,20,elitize_generation_data,132,36,0.744,300
134,45,replace-space-with-newline,lexicase,TRUE,20,elitize_generation_data,133,35,0.777,300
135,45,replace-space-with-newline,lexicase,TRUE,20,elitize_generation_data,134,40,0.786,300
136,45,replace-space-with-newline,lexicase,TRUE,20,elitize_generation_data,135,44,0.773,300
137,45,replace-space-with-newline,lexicase,TRUE,20,elitize_generation_data,136,42,0.775,300
138,45,replace-space-with-newline,lexicase,TRUE,20,elitize_generation_data,137,41,0.769,300
139,45,replace-space-with-newline,lexicase,TRUE,20,elitize_generation_data,138,35,0.765,300
140,45,replace-space-with-newline,lexicase,TRUE,20,elitize_generation_data,139,39,0.773,300
141,45,replace-space-with-newline,lexicase,TRUE,20,elitize_generation_data,140,41,0.759,300
142,45,replace-space-with-newline,lexicase,TRUE,20,elitize_generation_data,141,39,0.75,300
143,45,replace-space-with-newline,lexicase,TRUE,20,elitize_generation_data,142,45,0.743,300
144,45,replace-space-with-newline,lexicase,TRUE,20,elitize_generation_data,143,40,0.728,300
145,45,replace-space-with-newline,lexicase,TRUE,20,elitize_generation_data,144,41,0.738,300
146,45,replace-space-with-newline,lexicase,TRUE,20,elitize_generation_data,145,42,0.763,300
147,45,replace-space-with-newline,lexicase,TRUE,20,elitize_generation_data,146,48,0.759,300
148,45,replace-space-with-newline,lexicase,TRUE,20,elitize_generation_data,147,43,0.745,300
149,45,replace-space-with-newline,lexicase,TRUE,20,elitize_generation_data,148,38,0.724,300
150,45,replace-space-with-newline,lexicase,TRUE,20,elitize_generation_data,149,35,0.76,300
151,45,replace-space-with-newline,lexicase,TRUE,20,elitize_generation_data,150,43,0.733,300
152,45,replace-space-with-newline,lexicase,TRUE,20,elitize_generation_data,151,41,0.746,300
153,45,replace-space-with-newline,lexicase,TRUE,20,elitize_generation_data,152,39,0.744,300
154,45,replace-space-with-newline,lexicase,TRUE,20,elitize_generation_data,153,41,0.772,300
155,45,replace-space-with-newline,lexicase,TRUE,20,elitize_generation_data,154,49,0.773,300
156,45,replace-space-with-newline,lexicase,TRUE,20,elitize_generation_data,155,48,0.782,300
157,45,replace-space-with-newline,lexicase,TRUE,20,elitize_generation_data,156,48,0.761,300
158,45,replace-space-with-newline,lexicase,TRUE,20,elitize_generation_data,157,41,0.769,300
159,45,replace-space-with-newline,lexicase,TRUE,20,elitize_generation_data,158,39,0.761,300
160,45,replace-space-with-newline,lexicase,TRUE,20,elitize_generation_data,159,41,0.78,300
161,45,replace-space-with-newline,lexicase,TRUE,20,elitize_generation_data,160,38,0.797,300
162,45,replace-space-with-newline,lexicase,TRUE,20,elitize_generation_data,161,40,0.795,300
163,45,replace-space-with-newline,lexicase,TRUE,20,elitize_generation_data,162,37,0.765,300
164,45,replace-space-with-newline,lexicase,TRUE,20,elitize_generation_data,163,41,0.781,300
165,45,replace-space-with-newline,lexicase,TRUE,20,elitize_generation_data,164,43,0.775,300
166,45,replace-space-with-newline,lexicase,TRUE,20,elitize_generation_data,165,46,0.784,300
167,45,replace-space-with-newline,lexicase,TRUE,20,elitize_generation_data,166,45,0.782,300
168,45,replace-space-with-newline,lexicase,TRUE,20,elitize_generation_data,167,42,0.76,300
169,45,replace-space-with-newline,lexicase,TRUE,20,elitize_generation_data,168,42,0.772,300
170,45,replace-space-with-newline,lexicase,TRUE,20,elitize_generation_data,169,38,0.765,300
171,45,replace-space-with-newline,lexicase,TRUE,20,elitize_generation_data,170,36,0.755,300
172,45,replace-space-with-newline,lexicase,TRUE,20,elitize_generation_data,171,51,0.769,300
173,45,replace-space-with-newline,lexicase,TRUE,20,elitize_generation_data,172,49,0.749,300
174,45,replace-space-with-newline,lexicase,TRUE,20,elitize_generation_data,173,51,0.776,300
175,45,replace-space-with-newline,lexicase,TRUE,20,elitize_generation_data,174,55,0.798,300
176,45,replace-space-with-newline,lexicase,TRUE,20,elitize_generation_data,175,52,0.791,300
177,45,replace-space-with-newline,lexicase,TRUE,20,elitize_generation_data,176,44,0.765,300
178,45,replace-space-with-newline,lexicase,TRUE,20,elitize_generation_data,177,54,0.804,300
179,45,replace-space-with-newline,lexicase,TRUE,20,elitize_generation_data,178,58,0.797,300
180,45,replace-space-with-newline,lexicase,TRUE,20,elitize_generation_data,179,58,0.806,300
181,45,replace-space-with-newline,lexicase,TRUE,20,elitize_generation_data,180,62,0.806,300
182,45,replace-space-with-newline,lexicase,TRUE,20,elitize_generation_data,181,55,0.791,300
183,45,replace-space-with-newline,lexicase,TRUE,20,elitize_generation_data,182,58,0.774,300
184,45,replace-space-with-newline,lexicase,TRUE,20,elitize_generation_data,183,60,0.779,300
185,45,replace-space-with-newline,lexicase,TRUE,20,elitize_generation_data,184,52,0.773,300
186,45,replace-space-with-newline,lexicase,TRUE,20,elitize_generation_data,185,57,0.782,300
187,45,replace-space-with-newline,lexicase,TRUE,20,elitize_generation_data,186,53,0.775,300
188,45,replace-space-with-newline,lexicase,TRUE,20,elitize_generation_data,187,57,0.787,300
189,45,replace-space-with-newline,lexicase,TRUE,20,elitize_generation_data,188,43,0.766,300
190,45,replace-space-with-newline,lexicase,TRUE,20,elitize_generation_data,189,55,0.758,300
191,45,replace-space-with-newline,lexicase,TRUE,20,elitize_generation_data,190,52,0.781,300
192,45,replace-space-with-newline,lexicase,TRUE,20,elitize_generation_data,191,62,0.786,300
193,45,replace-space-with-newline,lexicase,TRUE,20,elitize_generation_data,192,53,0.772,300
194,45,replace-space-with-newline,lexicase,TRUE,20,elitize_generation_data,193,51,0.766,300
195,45,replace-space-with-newline,lexicase,TRUE,20,elitize_generation_data,194,60,0.779,300
196,45,replace-space-with-newline,lexicase,TRUE,20,elitize_generation_data,195,58,0.776,300
197,45,replace-space-with-newline,lexicase,TRUE,20,elitize_generation_data,196,54,0.735,300
198,45,replace-space-with-newline,lexicase,TRUE,20,elitize_generation_data,197,47,0.749,300
199,45,replace-space-with-newline,lexicase,TRUE,20,elitize_generation_data,198,58,0.751,300
200,45,replace-space-with-newline,lexicase,TRUE,20,elitize_generation_data,199,43,0.761,300
201,45,replace-space-with-newline,lexicase,TRUE,20,elitize_generation_data,200,43,0.765,300
202,45,replace-space-with-newline,lexicase,TRUE,20,elitize_generation_data,201,49,0.775,300
203,45,replace-space-with-newline,lexicase,TRUE,20,elitize_generation_data,202,48,0.746,300
204,45,replace-space-with-newline,lexicase,TRUE,20,elitize_generation_data,203,59,0.771,300
205,45,replace-space-with-newline,lexicase,TRUE,20,elitize_generation_data,204,47,0.77,300
206,45,replace-space-with-newline,lexicase,TRUE,20,elitize_generation_data,205,51,0.743,300
207,45,replace-space-with-newline,lexicase,TRUE,20,elitize_generation_data,206,48,0.735,300
208,45,replace-space-with-newline,lexicase,TRUE,20,elitize_generation_data,207,57,0.75,300
209,45,replace-space-with-newline,lexicase,TRUE,20,elitize_generation_data,208,47,0.761,300
210,45,replace-space-with-newline,lexicase,TRUE,20,elitize_generation_data,209,59,0.771,300
211,45,replace-space-with-newline,lexicase,TRUE,20,elitize_generation_data,210,52,0.749,300
212,45,replace-space-with-newline,lexicase,TRUE,20,elitize_generation_data,211,56,0.751,300
213,45,replace-space-with-newline,lexicase,TRUE,20,elitize_generation_data,212,50,0.754,300
214,45,replace-space-with-newline,lexicase,TRUE,20,elitize_generation_data,213,56,0.764,300
215,45,replace-space-with-newline,lexicase,TRUE,20,elitize_generation_data,214,57,0.767,300
216,45,replace-space-with-newline,lexicase,TRUE,20,elitize_generation_data,215,48,0.739,300
217,45,replace-space-with-newline,lexicase,TRUE,20,elitize_generation_data,216,54,0.779,300
218,45,replace-space-with-newline,lexicase,TRUE,20,elitize_generation_data,217,41,0.759,300
219,45,replace-space-with-newline,lexicase,TRUE,20,elitize_generation_data,218,45,0.763,300
220,45,replace-space-with-newline,lexicase,TRUE,20,elitize_generation_data,219,49,0.787,300
221,45,replace-space-with-newline,lexicase,TRUE,20,elitize_generation_data,220,48,0.766,300
222,45,replace-space-with-newline,lexicase,TRUE,20,elitize_generation_data,221,50,0.775,300
223,45,replace-space-with-newline,lexicase,TRUE,20,elitize_generation_data,222,58,0.771,300
224,45,replace-space-with-newline,lexicase,TRUE,20,elitize_generation_data,223,59,0.771,300
225,45,replace-space-with-newline,lexicase,TRUE,20,elitize_generation_data,224,57,0.766,300
226,45,replace-space-with-newline,lexicase,TRUE,20,elitize_generation_data,225,52,0.774,300
227,45,replace-space-with-newline,lexicase,TRUE,20,elitize_generation_data,226,51,0.755,300
228,45,replace-space-with-newline,lexicase,TRUE,20,elitize_generation_data,227,49,0.766,300
229,45,replace-space-with-newline,lexicase,TRUE,20,elitize_generation_data,228,54,0.738,300
230,45,replace-space-with-newline,lexicase,TRUE,20,elitize_generation_data,229,51,0.776,300
231,45,replace-space-with-newline,lexicase,TRUE,20,elitize_generation_data,230,48,0.768,300
232,45,replace-space-with-newline,lexicase,TRUE,20,elitize_generation_data,231,63,0.759,300
233,45,replace-space-with-newline,lexicase,TRUE,20,elitize_generation_data,232,58,0.755,300
234,45,replace-space-with-newline,lexicase,TRUE,20,elitize_generation_data,233,55,0.759,300
235,45,replace-space-with-newline,lexicase,TRUE,20,elitize_generation_data,234,49,0.776,300
236,45,replace-space-with-newline,lexicase,TRUE,20,elitize_generation_data,235,57,0.791,300
237,45,replace-space-with-newline,lexicase,TRUE,20,elitize_generation_data,236,61,0.779,300
238,45,replace-space-with-newline,lexicase,TRUE,20,elitize_generation_data,237,47,0.753,300
239,45,replace-space-with-newline,lexicase,TRUE,20,elitize_generation_data,238,54,0.78,300
240,45,replace-space-with-newline,lexicase,TRUE,20,elitize_generation_data,239,46,0.768,300
241,45,replace-space-with-newline,lexicase,TRUE,20,elitize_generation_data,240,50,0.768,300
242,45,replace-space-with-newline,lexicase,TRUE,20,elitize_generation_data,241,59,0.738,300
243,45,replace-space-with-newline,lexicase,TRUE,20,elitize_generation_data,242,55,0.763,300
244,45,replace-space-with-newline,lexicase,TRUE,20,elitize_generation_data,243,48,0.768,300
245,45,replace-space-with-newline,lexicase,TRUE,20,elitize_generation_data,244,47,0.763,300
246,45,replace-space-with-newline,lexicase,TRUE,20,elitize_generation_data,245,50,0.775,300
247,45,replace-space-with-newline,lexicase,TRUE,20,elitize_generation_data,246,44,0.76,300
248,45,replace-space-with-newline,lexicase,TRUE,20,elitize_generation_data,247,48,0.803,300
249,45,replace-space-with-newline,lexicase,TRUE,20,elitize_generation_data,248,47,0.755,300
250,45,replace-space-with-newline,lexicase,TRUE,20,elitize_generation_data,249,56,0.777,300
251,45,replace-space-with-newline,lexicase,TRUE,20,elitize_generation_data,250,51,0.764,300
252,45,replace-space-with-newline,lexicase,TRUE,20,elitize_generation_data,251,58,0.751,300
253,45,replace-space-with-newline,lexicase,TRUE,20,elitize_generation_data,252,61,0.795,300
254,45,replace-space-with-newline,lexicase,TRUE,20,elitize_generation_data,253,54,0.799,300
255,45,replace-space-with-newline,lexicase,TRUE,20,elitize_generation_data,254,57,0.762,300
256,45,replace-space-with-newline,lexicase,TRUE,20,elitize_generation_data,255,48,0.76,300
257,45,replace-space-with-newline,lexicase,TRUE,20,elitize_generation_data,256,49,0.783,300
258,45,replace-space-with-newline,lexicase,TRUE,20,elitize_generation_data,257,55,0.785,300
259,45,replace-space-with-newline,lexicase,TRUE,20,elitize_generation_data,258,59,0.778,300
260,45,replace-space-with-newline,lexicase,TRUE,20,elitize_generation_data,259,65,0.794,300
261,45,replace-space-with-newline,lexicase,TRUE,20,elitize_generation_data,260,60,0.817,300
262,45,replace-space-with-newline,lexicase,TRUE,20,elitize_generation_data,261,61,0.772,300
263,45,replace-space-with-newline,lexicase,TRUE,20,elitize_generation_data,262,52,0.795,300
264,45,replace-space-with-newline,lexicase,TRUE,20,elitize_generation_data,263,66,0.784,300
265,45,replace-space-with-newline,lexicase,TRUE,20,elitize_generation_data,264,55,0.773,300
266,45,replace-space-with-newline,lexicase,TRUE,20,elitize_generation_data,265,57,0.79,300
267,45,replace-space-with-newline,lexicase,TRUE,20,elitize_generation_data,266,55,0.783,300
268,45,replace-space-with-newline,lexicase,TRUE,20,elitize_generation_data,267,57,0.776,300
269,45,replace-space-with-newline,lexicase,TRUE,20,elitize_generation_data,268,50,0.781,300
270,45,replace-space-with-newline,lexicase,TRUE,20,elitize_generation_data,269,58,0.788,300
271,45,replace-space-with-newline,lexicase,TRUE,20,elitize_generation_data,270,63,0.799,300
272,45,replace-space-with-newline,lexicase,TRUE,20,elitize_generation_data,271,57,0.772,300
273,45,replace-space-with-newline,lexicase,TRUE,20,elitize_generation_data,272,61,0.769,300
274,45,replace-space-with-newline,lexicase,TRUE,20,elitize_generation_data,273,55,0.779,300
275,45,replace-space-with-newline,lexicase,TRUE,20,elitize_generation_data,274,62,0.795,300
276,45,replace-space-with-newline,lexicase,TRUE,20,elitize_generation_data,275,60,0.767,300
277,45,replace-space-with-newline,lexicase,TRUE,20,elitize_generation_data,276,66,0.794,300
278,45,replace-space-with-newline,lexicase,TRUE,20,elitize_generation_data,277,59,0.775,300
279,45,replace-space-with-newline,lexicase,TRUE,20,elitize_generation_data,278,54,0.795,300
280,45,replace-space-with-newline,lexicase,TRUE,20,elitize_generation_data,279,52,0.799,300
281,45,replace-space-with-newline,lexicase,TRUE,20,elitize_generation_data,280,67,0.784,300
282,45,replace-space-with-newline,lexicase,TRUE,20,elitize_generation_data,281,58,0.756,300
283,45,replace-space-with-newline,lexicase,TRUE,20,elitize_generation_data,282,54,0.793,300
284,45,replace-space-with-newline,lexicase,TRUE,20,elitize_generation_data,283,62,0.768,300
285,45,replace-space-with-newline,lexicase,TRUE,20,elitize_generation_data,284,53,0.779,300
286,45,replace-space-with-newline,lexicase,TRUE,20,elitize_generation_data,285,63,0.773,300
287,45,replace-space-with-newline,lexicase,TRUE,20,elitize_generation_data,286,51,0.76,300
288,45,replace-space-with-newline,lexicase,TRUE,20,elitize_generation_data,287,46,0.774,300
289,45,replace-space-with-newline,lexicase,TRUE,20,elitize_generation_data,288,53,0.793,300
290,45,replace-space-with-newline,lexicase,TRUE,20,elitize_generation_data,289,53,0.781,300
291,45,replace-space-with-newline,lexicase,TRUE,20,elitize_generation_data,290,47,0.76,300
292,45,replace-space-with-newline,lexicase,TRUE,20,elitize_generation_data,291,61,0.766,300
293,45,replace-space-with-newline,lexicase,TRUE,20,elitize_generation_data,292,57,0.765,300
294,45,replace-space-with-newline,lexicase,TRUE,20,elitize_generation_data,293,53,0.758,300
295,45,replace-space-with-newline,lexicase,TRUE,20,elitize_generation_data,294,61,0.8,300
296,45,replace-space-with-newline,lexicase,TRUE,20,elitize_generation_data,295,62,0.808,300
297,45,replace-space-with-newline,lexicase,TRUE,20,elitize_generation_data,296,55,0.804,300
298,45,replace-space-with-newline,lexicase,TRUE,20,elitize_generation_data,297,63,0.783,300
299,45,replace-space-with-newline,lexicase,TRUE,20,elitize_generation_data,298,66,0.735,300
300,45,replace-space-with-newline,lexicase,TRUE,20,elitize_generation_data,299,73,0.77,300
301,45,replace-space-with-newline,lexicase,TRUE,20,elitize_generation_data,300,74,0.723,300
