,run.num,problem,treatment,succeeded,height,normalization.function,generation,cluster.count,error.diversity,success.generation
1,16,replace-space-with-newline,lexicase,TRUE,20,elitize_generation_data,0,5,0.486,124
2,16,replace-space-with-newline,lexicase,TRUE,20,elitize_generation_data,1,11,0.239,124
3,16,replace-space-with-newline,lexicase,TRUE,20,elitize_generation_data,2,16,0.355,124
4,16,replace-space-with-newline,lexicase,TRUE,20,elitize_generation_data,3,23,0.409,124
5,16,replace-space-with-newline,lexicase,TRUE,20,elitize_generation_data,4,27,0.44,124
6,16,replace-space-with-newline,lexicase,TRUE,20,elitize_generation_data,5,30,0.491,124
7,16,replace-space-with-newline,lexicase,TRUE,20,elitize_generation_data,6,44,0.569,124
8,16,replace-space-with-newline,lexicase,TRUE,20,elitize_generation_data,7,53,0.598,124
9,16,replace-space-with-newline,lexicase,TRUE,20,elitize_generation_data,8,74,0.638,124
10,16,replace-space-with-newline,lexicase,TRUE,20,elitize_generation_data,9,85,0.686,124
11,16,replace-space-with-newline,lexicase,TRUE,20,elitize_generation_data,10,117,0.698,124
12,16,replace-space-with-newline,lexicase,TRUE,20,elitize_generation_data,11,125,0.715,124
13,16,replace-space-with-newline,lexicase,TRUE,20,elitize_generation_data,12,149,0.734,124
14,16,replace-space-with-newline,lexicase,TRUE,20,elitize_generation_data,13,128,0.718,124
15,16,replace-space-with-newline,lexicase,TRUE,20,elitize_generation_data,14,104,0.72,124
16,16,replace-space-with-newline,lexicase,TRUE,20,elitize_generation_data,15,107,0.7,124
17,16,replace-space-with-newline,lexicase,TRUE,20,elitize_generation_data,16,93,0.731,124
18,16,replace-space-with-newline,lexicase,TRUE,20,elitize_generation_data,17,95,0.73,124
19,16,replace-space-with-newline,lexicase,TRUE,20,elitize_generation_data,18,96,0.702,124
20,16,replace-space-with-newline,lexicase,TRUE,20,elitize_generation_data,19,88,0.739,124
21,16,replace-space-with-newline,lexicase,TRUE,20,elitize_generation_data,20,95,0.718,124
22,16,replace-space-with-newline,lexicase,TRUE,20,elitize_generation_data,21,95,0.708,124
23,16,replace-space-with-newline,lexicase,TRUE,20,elitize_generation_data,22,97,0.71,124
24,16,replace-space-with-newline,lexicase,TRUE,20,elitize_generation_data,23,97,0.728,124
25,16,replace-space-with-newline,lexicase,TRUE,20,elitize_generation_data,24,94,0.709,124
26,16,replace-space-with-newline,lexicase,TRUE,20,elitize_generation_data,25,81,0.725,124
27,16,replace-space-with-newline,lexicase,TRUE,20,elitize_generation_data,26,89,0.723,124
28,16,replace-space-with-newline,lexicase,TRUE,20,elitize_generation_data,27,91,0.731,124
29,16,replace-space-with-newline,lexicase,TRUE,20,elitize_generation_data,28,89,0.706,124
30,16,replace-space-with-newline,lexicase,TRUE,20,elitize_generation_data,29,88,0.711,124
31,16,replace-space-with-newline,lexicase,TRUE,20,elitize_generation_data,30,96,0.751,124
32,16,replace-space-with-newline,lexicase,TRUE,20,elitize_generation_data,31,87,0.716,124
33,16,replace-space-with-newline,lexicase,TRUE,20,elitize_generation_data,32,81,0.734,124
34,16,replace-space-with-newline,lexicase,TRUE,20,elitize_generation_data,33,79,0.729,124
35,16,replace-space-with-newline,lexicase,TRUE,20,elitize_generation_data,34,80,0.741,124
36,16,replace-space-with-newline,lexicase,TRUE,20,elitize_generation_data,35,70,0.745,124
37,16,replace-space-with-newline,lexicase,TRUE,20,elitize_generation_data,36,74,0.719,124
38,16,replace-space-with-newline,lexicase,TRUE,20,elitize_generation_data,37,81,0.739,124
39,16,replace-space-with-newline,lexicase,TRUE,20,elitize_generation_data,38,86,0.73,124
40,16,replace-space-with-newline,lexicase,TRUE,20,elitize_generation_data,39,72,0.723,124
41,16,replace-space-with-newline,lexicase,TRUE,20,elitize_generation_data,40,81,0.736,124
42,16,replace-space-with-newline,lexicase,TRUE,20,elitize_generation_data,41,85,0.739,124
43,16,replace-space-with-newline,lexicase,TRUE,20,elitize_generation_data,42,79,0.757,124
44,16,replace-space-with-newline,lexicase,TRUE,20,elitize_generation_data,43,74,0.746,124
45,16,replace-space-with-newline,lexicase,TRUE,20,elitize_generation_data,44,86,0.747,124
46,16,replace-space-with-newline,lexicase,TRUE,20,elitize_generation_data,45,91,0.757,124
47,16,replace-space-with-newline,lexicase,TRUE,20,elitize_generation_data,46,92,0.742,124
48,16,replace-space-with-newline,lexicase,TRUE,20,elitize_generation_data,47,71,0.673,124
49,16,replace-space-with-newline,lexicase,TRUE,20,elitize_generation_data,48,71,0.706,124
50,16,replace-space-with-newline,lexicase,TRUE,20,elitize_generation_data,49,57,0.702,124
51,16,replace-space-with-newline,lexicase,TRUE,20,elitize_generation_data,50,54,0.682,124
52,16,replace-space-with-newline,lexicase,TRUE,20,elitize_generation_data,51,46,0.685,124
53,16,replace-space-with-newline,lexicase,TRUE,20,elitize_generation_data,52,47,0.739,124
54,16,replace-space-with-newline,lexicase,TRUE,20,elitize_generation_data,53,39,0.703,124
55,16,replace-space-with-newline,lexicase,TRUE,20,elitize_generation_data,54,42,0.722,124
56,16,replace-space-with-newline,lexicase,TRUE,20,elitize_generation_data,55,37,0.752,124
57,16,replace-space-with-newline,lexicase,TRUE,20,elitize_generation_data,56,33,0.744,124
58,16,replace-space-with-newline,lexicase,TRUE,20,elitize_generation_data,57,34,0.744,124
59,16,replace-space-with-newline,lexicase,TRUE,20,elitize_generation_data,58,37,0.725,124
60,16,replace-space-with-newline,lexicase,TRUE,20,elitize_generation_data,59,29,0.736,124
61,16,replace-space-with-newline,lexicase,TRUE,20,elitize_generation_data,60,25,0.717,124
62,16,replace-space-with-newline,lexicase,TRUE,20,elitize_generation_data,61,30,0.72,124
63,16,replace-space-with-newline,lexicase,TRUE,20,elitize_generation_data,62,32,0.73,124
64,16,replace-space-with-newline,lexicase,TRUE,20,elitize_generation_data,63,32,0.742,124
65,16,replace-space-with-newline,lexicase,TRUE,20,elitize_generation_data,64,39,0.754,124
66,16,replace-space-with-newline,lexicase,TRUE,20,elitize_generation_data,65,35,0.767,124
67,16,replace-space-with-newline,lexicase,TRUE,20,elitize_generation_data,66,33,0.775,124
68,16,replace-space-with-newline,lexicase,TRUE,20,elitize_generation_data,67,35,0.796,124
69,16,replace-space-with-newline,lexicase,TRUE,20,elitize_generation_data,68,39,0.782,124
70,16,replace-space-with-newline,lexicase,TRUE,20,elitize_generation_data,69,37,0.787,124
71,16,replace-space-with-newline,lexicase,TRUE,20,elitize_generation_data,70,40,0.809,124
72,16,replace-space-with-newline,lexicase,TRUE,20,elitize_generation_data,71,40,0.805,124
73,16,replace-space-with-newline,lexicase,TRUE,20,elitize_generation_data,72,42,0.832,124
74,16,replace-space-with-newline,lexicase,TRUE,20,elitize_generation_data,73,40,0.816,124
75,16,replace-space-with-newline,lexicase,TRUE,20,elitize_generation_data,74,38,0.817,124
76,16,replace-space-with-newline,lexicase,TRUE,20,elitize_generation_data,75,39,0.822,124
77,16,replace-space-with-newline,lexicase,TRUE,20,elitize_generation_data,76,40,0.828,124
78,16,replace-space-with-newline,lexicase,TRUE,20,elitize_generation_data,77,38,0.809,124
79,16,replace-space-with-newline,lexicase,TRUE,20,elitize_generation_data,78,42,0.822,124
80,16,replace-space-with-newline,lexicase,TRUE,20,elitize_generation_data,79,43,0.803,124
81,16,replace-space-with-newline,lexicase,TRUE,20,elitize_generation_data,80,32,0.838,124
82,16,replace-space-with-newline,lexicase,TRUE,20,elitize_generation_data,81,47,0.821,124
83,16,replace-space-with-newline,lexicase,TRUE,20,elitize_generation_data,82,41,0.797,124
84,16,replace-space-with-newline,lexicase,TRUE,20,elitize_generation_data,83,37,0.839,124
85,16,replace-space-with-newline,lexicase,TRUE,20,elitize_generation_data,84,38,0.849,124
86,16,replace-space-with-newline,lexicase,TRUE,20,elitize_generation_data,85,42,0.848,124
87,16,replace-space-with-newline,lexicase,TRUE,20,elitize_generation_data,86,42,0.846,124
88,16,replace-space-with-newline,lexicase,TRUE,20,elitize_generation_data,87,38,0.817,124
89,16,replace-space-with-newline,lexicase,TRUE,20,elitize_generation_data,88,40,0.838,124
90,16,replace-space-with-newline,lexicase,TRUE,20,elitize_generation_data,89,50,0.829,124
91,16,replace-space-with-newline,lexicase,TRUE,20,elitize_generation_data,90,47,0.817,124
92,16,replace-space-with-newline,lexicase,TRUE,20,elitize_generation_data,91,52,0.849,124
93,16,replace-space-with-newline,lexicase,TRUE,20,elitize_generation_data,92,46,0.829,124
94,16,replace-space-with-newline,lexicase,TRUE,20,elitize_generation_data,93,41,0.845,124
95,16,replace-space-with-newline,lexicase,TRUE,20,elitize_generation_data,94,46,0.821,124
96,16,replace-space-with-newline,lexicase,TRUE,20,elitize_generation_data,95,52,0.848,124
97,16,replace-space-with-newline,lexicase,TRUE,20,elitize_generation_data,96,48,0.854,124
98,16,replace-space-with-newline,lexicase,TRUE,20,elitize_generation_data,97,54,0.859,124
99,16,replace-space-with-newline,lexicase,TRUE,20,elitize_generation_data,98,46,0.875,124
100,16,replace-space-with-newline,lexicase,TRUE,20,elitize_generation_data,99,46,0.865,124
101,16,replace-space-with-newline,lexicase,TRUE,20,elitize_generation_data,100,56,0.881,124
102,16,replace-space-with-newline,lexicase,TRUE,20,elitize_generation_data,101,46,0.886,124
103,16,replace-space-with-newline,lexicase,TRUE,20,elitize_generation_data,102,54,0.875,124
104,16,replace-space-with-newline,lexicase,TRUE,20,elitize_generation_data,103,54,0.856,124
105,16,replace-space-with-newline,lexicase,TRUE,20,elitize_generation_data,104,41,0.855,124
106,16,replace-space-with-newline,lexicase,TRUE,20,elitize_generation_data,105,54,0.859,124
107,16,replace-space-with-newline,lexicase,TRUE,20,elitize_generation_data,106,56,0.9,124
108,16,replace-space-with-newline,lexicase,TRUE,20,elitize_generation_data,107,47,0.868,124
109,16,replace-space-with-newline,lexicase,TRUE,20,elitize_generation_data,108,46,0.906,124
110,16,replace-space-with-newline,lexicase,TRUE,20,elitize_generation_data,109,46,0.878,124
111,16,replace-space-with-newline,lexicase,TRUE,20,elitize_generation_data,110,34,0.879,124
112,16,replace-space-with-newline,lexicase,TRUE,20,elitize_generation_data,111,46,0.879,124
113,16,replace-space-with-newline,lexicase,TRUE,20,elitize_generation_data,112,47,0.9,124
114,16,replace-space-with-newline,lexicase,TRUE,20,elitize_generation_data,113,40,0.889,124
115,16,replace-space-with-newline,lexicase,TRUE,20,elitize_generation_data,114,41,0.899,124
116,16,replace-space-with-newline,lexicase,TRUE,20,elitize_generation_data,115,48,0.87,124
117,16,replace-space-with-newline,lexicase,TRUE,20,elitize_generation_data,116,44,0.891,124
118,16,replace-space-with-newline,lexicase,TRUE,20,elitize_generation_data,117,40,0.892,124
119,16,replace-space-with-newline,lexicase,TRUE,20,elitize_generation_data,118,44,0.907,124
120,16,replace-space-with-newline,lexicase,TRUE,20,elitize_generation_data,119,47,0.869,124
121,16,replace-space-with-newline,lexicase,TRUE,20,elitize_generation_data,120,62,0.906,124
122,16,replace-space-with-newline,lexicase,TRUE,20,elitize_generation_data,121,54,0.898,124
123,16,replace-space-with-newline,lexicase,TRUE,20,elitize_generation_data,122,61,0.891,124
124,16,replace-space-with-newline,lexicase,TRUE,20,elitize_generation_data,123,59,0.855,124
125,16,replace-space-with-newline,lexicase,TRUE,20,elitize_generation_data,124,63,0.868,124
