,run.num,problem,treatment,succeeded,height,normalization.function,generation,cluster.count,error.diversity,success.generation
1,67,replace-space-with-newline,lexicase,TRUE,20,elitize_generation_data,0,5,0.48,265
2,67,replace-space-with-newline,lexicase,TRUE,20,elitize_generation_data,1,9,0.222,265
3,67,replace-space-with-newline,lexicase,TRUE,20,elitize_generation_data,2,9,0.238,265
4,67,replace-space-with-newline,lexicase,TRUE,20,elitize_generation_data,3,17,0.274,265
5,67,replace-space-with-newline,lexicase,TRUE,20,elitize_generation_data,4,24,0.302,265
6,67,replace-space-with-newline,lexicase,TRUE,20,elitize_generation_data,5,26,0.342,265
7,67,replace-space-with-newline,lexicase,TRUE,20,elitize_generation_data,6,29,0.329,265
8,67,replace-space-with-newline,lexicase,TRUE,20,elitize_generation_data,7,29,0.273,265
9,67,replace-space-with-newline,lexicase,TRUE,20,elitize_generation_data,8,29,0.226,265
10,67,replace-space-with-newline,lexicase,TRUE,20,elitize_generation_data,9,28,0.227,265
11,67,replace-space-with-newline,lexicase,TRUE,20,elitize_generation_data,10,30,0.209,265
12,67,replace-space-with-newline,lexicase,TRUE,20,elitize_generation_data,11,28,0.238,265
13,67,replace-space-with-newline,lexicase,TRUE,20,elitize_generation_data,12,31,0.241,265
14,67,replace-space-with-newline,lexicase,TRUE,20,elitize_generation_data,13,27,0.228,265
15,67,replace-space-with-newline,lexicase,TRUE,20,elitize_generation_data,14,28,0.191,265
16,67,replace-space-with-newline,lexicase,TRUE,20,elitize_generation_data,15,25,0.213,265
17,67,replace-space-with-newline,lexicase,TRUE,20,elitize_generation_data,16,17,0.169,265
18,67,replace-space-with-newline,lexicase,TRUE,20,elitize_generation_data,17,20,0.179,265
19,67,replace-space-with-newline,lexicase,TRUE,20,elitize_generation_data,18,20,0.173,265
20,67,replace-space-with-newline,lexicase,TRUE,20,elitize_generation_data,19,27,0.185,265
21,67,replace-space-with-newline,lexicase,TRUE,20,elitize_generation_data,20,22,0.209,265
22,67,replace-space-with-newline,lexicase,TRUE,20,elitize_generation_data,21,23,0.187,265
23,67,replace-space-with-newline,lexicase,TRUE,20,elitize_generation_data,22,26,0.189,265
24,67,replace-space-with-newline,lexicase,TRUE,20,elitize_generation_data,23,24,0.169,265
25,67,replace-space-with-newline,lexicase,TRUE,20,elitize_generation_data,24,20,0.168,265
26,67,replace-space-with-newline,lexicase,TRUE,20,elitize_generation_data,25,20,0.161,265
27,67,replace-space-with-newline,lexicase,TRUE,20,elitize_generation_data,26,22,0.16,265
28,67,replace-space-with-newline,lexicase,TRUE,20,elitize_generation_data,27,23,0.171,265
29,67,replace-space-with-newline,lexicase,TRUE,20,elitize_generation_data,28,21,0.199,265
30,67,replace-space-with-newline,lexicase,TRUE,20,elitize_generation_data,29,16,0.189,265
31,67,replace-space-with-newline,lexicase,TRUE,20,elitize_generation_data,30,20,0.208,265
32,67,replace-space-with-newline,lexicase,TRUE,20,elitize_generation_data,31,20,0.199,265
33,67,replace-space-with-newline,lexicase,TRUE,20,elitize_generation_data,32,16,0.202,265
34,67,replace-space-with-newline,lexicase,TRUE,20,elitize_generation_data,33,17,0.214,265
35,67,replace-space-with-newline,lexicase,TRUE,20,elitize_generation_data,34,19,0.222,265
36,67,replace-space-with-newline,lexicase,TRUE,20,elitize_generation_data,35,16,0.215,265
37,67,replace-space-with-newline,lexicase,TRUE,20,elitize_generation_data,36,19,0.241,265
38,67,replace-space-with-newline,lexicase,TRUE,20,elitize_generation_data,37,18,0.28,265
39,67,replace-space-with-newline,lexicase,TRUE,20,elitize_generation_data,38,19,0.328,265
40,67,replace-space-with-newline,lexicase,TRUE,20,elitize_generation_data,39,16,0.347,265
41,67,replace-space-with-newline,lexicase,TRUE,20,elitize_generation_data,40,16,0.346,265
42,67,replace-space-with-newline,lexicase,TRUE,20,elitize_generation_data,41,19,0.364,265
43,67,replace-space-with-newline,lexicase,TRUE,20,elitize_generation_data,42,21,0.34,265
44,67,replace-space-with-newline,lexicase,TRUE,20,elitize_generation_data,43,19,0.357,265
45,67,replace-space-with-newline,lexicase,TRUE,20,elitize_generation_data,44,20,0.272,265
46,67,replace-space-with-newline,lexicase,TRUE,20,elitize_generation_data,45,17,0.29,265
47,67,replace-space-with-newline,lexicase,TRUE,20,elitize_generation_data,46,17,0.266,265
48,67,replace-space-with-newline,lexicase,TRUE,20,elitize_generation_data,47,21,0.286,265
49,67,replace-space-with-newline,lexicase,TRUE,20,elitize_generation_data,48,21,0.3,265
50,67,replace-space-with-newline,lexicase,TRUE,20,elitize_generation_data,49,17,0.281,265
51,67,replace-space-with-newline,lexicase,TRUE,20,elitize_generation_data,50,18,0.304,265
52,67,replace-space-with-newline,lexicase,TRUE,20,elitize_generation_data,51,21,0.284,265
53,67,replace-space-with-newline,lexicase,TRUE,20,elitize_generation_data,52,27,0.347,265
54,67,replace-space-with-newline,lexicase,TRUE,20,elitize_generation_data,53,27,0.366,265
55,67,replace-space-with-newline,lexicase,TRUE,20,elitize_generation_data,54,27,0.402,265
56,67,replace-space-with-newline,lexicase,TRUE,20,elitize_generation_data,55,34,0.39,265
57,67,replace-space-with-newline,lexicase,TRUE,20,elitize_generation_data,56,31,0.399,265
58,67,replace-space-with-newline,lexicase,TRUE,20,elitize_generation_data,57,26,0.41,265
59,67,replace-space-with-newline,lexicase,TRUE,20,elitize_generation_data,58,35,0.48,265
60,67,replace-space-with-newline,lexicase,TRUE,20,elitize_generation_data,59,30,0.509,265
61,67,replace-space-with-newline,lexicase,TRUE,20,elitize_generation_data,60,36,0.544,265
62,67,replace-space-with-newline,lexicase,TRUE,20,elitize_generation_data,61,32,0.575,265
63,67,replace-space-with-newline,lexicase,TRUE,20,elitize_generation_data,62,36,0.56,265
64,67,replace-space-with-newline,lexicase,TRUE,20,elitize_generation_data,63,30,0.57,265
65,67,replace-space-with-newline,lexicase,TRUE,20,elitize_generation_data,64,42,0.596,265
66,67,replace-space-with-newline,lexicase,TRUE,20,elitize_generation_data,65,45,0.607,265
67,67,replace-space-with-newline,lexicase,TRUE,20,elitize_generation_data,66,50,0.648,265
68,67,replace-space-with-newline,lexicase,TRUE,20,elitize_generation_data,67,42,0.653,265
69,67,replace-space-with-newline,lexicase,TRUE,20,elitize_generation_data,68,55,0.71,265
70,67,replace-space-with-newline,lexicase,TRUE,20,elitize_generation_data,69,64,0.691,265
71,67,replace-space-with-newline,lexicase,TRUE,20,elitize_generation_data,70,57,0.681,265
72,67,replace-space-with-newline,lexicase,TRUE,20,elitize_generation_data,71,53,0.691,265
73,67,replace-space-with-newline,lexicase,TRUE,20,elitize_generation_data,72,53,0.694,265
74,67,replace-space-with-newline,lexicase,TRUE,20,elitize_generation_data,73,62,0.703,265
75,67,replace-space-with-newline,lexicase,TRUE,20,elitize_generation_data,74,52,0.728,265
76,67,replace-space-with-newline,lexicase,TRUE,20,elitize_generation_data,75,56,0.714,265
77,67,replace-space-with-newline,lexicase,TRUE,20,elitize_generation_data,76,59,0.738,265
78,67,replace-space-with-newline,lexicase,TRUE,20,elitize_generation_data,77,53,0.726,265
79,67,replace-space-with-newline,lexicase,TRUE,20,elitize_generation_data,78,47,0.747,265
80,67,replace-space-with-newline,lexicase,TRUE,20,elitize_generation_data,79,49,0.746,265
81,67,replace-space-with-newline,lexicase,TRUE,20,elitize_generation_data,80,48,0.725,265
82,67,replace-space-with-newline,lexicase,TRUE,20,elitize_generation_data,81,64,0.724,265
83,67,replace-space-with-newline,lexicase,TRUE,20,elitize_generation_data,82,56,0.738,265
84,67,replace-space-with-newline,lexicase,TRUE,20,elitize_generation_data,83,57,0.716,265
85,67,replace-space-with-newline,lexicase,TRUE,20,elitize_generation_data,84,57,0.737,265
86,67,replace-space-with-newline,lexicase,TRUE,20,elitize_generation_data,85,60,0.766,265
87,67,replace-space-with-newline,lexicase,TRUE,20,elitize_generation_data,86,54,0.783,265
88,67,replace-space-with-newline,lexicase,TRUE,20,elitize_generation_data,87,53,0.742,265
89,67,replace-space-with-newline,lexicase,TRUE,20,elitize_generation_data,88,60,0.775,265
90,67,replace-space-with-newline,lexicase,TRUE,20,elitize_generation_data,89,52,0.762,265
91,67,replace-space-with-newline,lexicase,TRUE,20,elitize_generation_data,90,56,0.771,265
92,67,replace-space-with-newline,lexicase,TRUE,20,elitize_generation_data,91,50,0.77,265
93,67,replace-space-with-newline,lexicase,TRUE,20,elitize_generation_data,92,60,0.777,265
94,67,replace-space-with-newline,lexicase,TRUE,20,elitize_generation_data,93,52,0.781,265
95,67,replace-space-with-newline,lexicase,TRUE,20,elitize_generation_data,94,43,0.773,265
96,67,replace-space-with-newline,lexicase,TRUE,20,elitize_generation_data,95,49,0.777,265
97,67,replace-space-with-newline,lexicase,TRUE,20,elitize_generation_data,96,62,0.805,265
98,67,replace-space-with-newline,lexicase,TRUE,20,elitize_generation_data,97,62,0.811,265
99,67,replace-space-with-newline,lexicase,TRUE,20,elitize_generation_data,98,64,0.818,265
100,67,replace-space-with-newline,lexicase,TRUE,20,elitize_generation_data,99,49,0.785,265
101,67,replace-space-with-newline,lexicase,TRUE,20,elitize_generation_data,100,51,0.788,265
102,67,replace-space-with-newline,lexicase,TRUE,20,elitize_generation_data,101,65,0.781,265
103,67,replace-space-with-newline,lexicase,TRUE,20,elitize_generation_data,102,60,0.827,265
104,67,replace-space-with-newline,lexicase,TRUE,20,elitize_generation_data,103,66,0.81,265
105,67,replace-space-with-newline,lexicase,TRUE,20,elitize_generation_data,104,65,0.825,265
106,67,replace-space-with-newline,lexicase,TRUE,20,elitize_generation_data,105,64,0.825,265
107,67,replace-space-with-newline,lexicase,TRUE,20,elitize_generation_data,106,66,0.816,265
108,67,replace-space-with-newline,lexicase,TRUE,20,elitize_generation_data,107,64,0.831,265
109,67,replace-space-with-newline,lexicase,TRUE,20,elitize_generation_data,108,61,0.845,265
110,67,replace-space-with-newline,lexicase,TRUE,20,elitize_generation_data,109,67,0.884,265
111,67,replace-space-with-newline,lexicase,TRUE,20,elitize_generation_data,110,67,0.818,265
112,67,replace-space-with-newline,lexicase,TRUE,20,elitize_generation_data,111,60,0.846,265
113,67,replace-space-with-newline,lexicase,TRUE,20,elitize_generation_data,112,63,0.859,265
114,67,replace-space-with-newline,lexicase,TRUE,20,elitize_generation_data,113,65,0.864,265
115,67,replace-space-with-newline,lexicase,TRUE,20,elitize_generation_data,114,66,0.866,265
116,67,replace-space-with-newline,lexicase,TRUE,20,elitize_generation_data,115,77,0.849,265
117,67,replace-space-with-newline,lexicase,TRUE,20,elitize_generation_data,116,79,0.859,265
118,67,replace-space-with-newline,lexicase,TRUE,20,elitize_generation_data,117,82,0.857,265
119,67,replace-space-with-newline,lexicase,TRUE,20,elitize_generation_data,118,91,0.878,265
120,67,replace-space-with-newline,lexicase,TRUE,20,elitize_generation_data,119,93,0.888,265
121,67,replace-space-with-newline,lexicase,TRUE,20,elitize_generation_data,120,90,0.867,265
122,67,replace-space-with-newline,lexicase,TRUE,20,elitize_generation_data,121,91,0.869,265
123,67,replace-space-with-newline,lexicase,TRUE,20,elitize_generation_data,122,102,0.875,265
124,67,replace-space-with-newline,lexicase,TRUE,20,elitize_generation_data,123,100,0.889,265
125,67,replace-space-with-newline,lexicase,TRUE,20,elitize_generation_data,124,95,0.884,265
126,67,replace-space-with-newline,lexicase,TRUE,20,elitize_generation_data,125,113,0.896,265
127,67,replace-space-with-newline,lexicase,TRUE,20,elitize_generation_data,126,107,0.896,265
128,67,replace-space-with-newline,lexicase,TRUE,20,elitize_generation_data,127,121,0.867,265
129,67,replace-space-with-newline,lexicase,TRUE,20,elitize_generation_data,128,102,0.88,265
130,67,replace-space-with-newline,lexicase,TRUE,20,elitize_generation_data,129,94,0.901,265
131,67,replace-space-with-newline,lexicase,TRUE,20,elitize_generation_data,130,112,0.881,265
132,67,replace-space-with-newline,lexicase,TRUE,20,elitize_generation_data,131,110,0.894,265
133,67,replace-space-with-newline,lexicase,TRUE,20,elitize_generation_data,132,106,0.896,265
134,67,replace-space-with-newline,lexicase,TRUE,20,elitize_generation_data,133,116,0.91,265
135,67,replace-space-with-newline,lexicase,TRUE,20,elitize_generation_data,134,124,0.897,265
136,67,replace-space-with-newline,lexicase,TRUE,20,elitize_generation_data,135,115,0.9,265
137,67,replace-space-with-newline,lexicase,TRUE,20,elitize_generation_data,136,109,0.899,265
138,67,replace-space-with-newline,lexicase,TRUE,20,elitize_generation_data,137,113,0.876,265
139,67,replace-space-with-newline,lexicase,TRUE,20,elitize_generation_data,138,121,0.888,265
140,67,replace-space-with-newline,lexicase,TRUE,20,elitize_generation_data,139,113,0.897,265
141,67,replace-space-with-newline,lexicase,TRUE,20,elitize_generation_data,140,112,0.886,265
142,67,replace-space-with-newline,lexicase,TRUE,20,elitize_generation_data,141,107,0.894,265
143,67,replace-space-with-newline,lexicase,TRUE,20,elitize_generation_data,142,117,0.884,265
144,67,replace-space-with-newline,lexicase,TRUE,20,elitize_generation_data,143,125,0.874,265
145,67,replace-space-with-newline,lexicase,TRUE,20,elitize_generation_data,144,116,0.892,265
146,67,replace-space-with-newline,lexicase,TRUE,20,elitize_generation_data,145,100,0.894,265
147,67,replace-space-with-newline,lexicase,TRUE,20,elitize_generation_data,146,121,0.872,265
148,67,replace-space-with-newline,lexicase,TRUE,20,elitize_generation_data,147,120,0.894,265
149,67,replace-space-with-newline,lexicase,TRUE,20,elitize_generation_data,148,121,0.899,265
150,67,replace-space-with-newline,lexicase,TRUE,20,elitize_generation_data,149,115,0.88,265
151,67,replace-space-with-newline,lexicase,TRUE,20,elitize_generation_data,150,113,0.897,265
152,67,replace-space-with-newline,lexicase,TRUE,20,elitize_generation_data,151,116,0.879,265
153,67,replace-space-with-newline,lexicase,TRUE,20,elitize_generation_data,152,121,0.885,265
154,67,replace-space-with-newline,lexicase,TRUE,20,elitize_generation_data,153,115,0.904,265
155,67,replace-space-with-newline,lexicase,TRUE,20,elitize_generation_data,154,131,0.913,265
156,67,replace-space-with-newline,lexicase,TRUE,20,elitize_generation_data,155,124,0.887,265
157,67,replace-space-with-newline,lexicase,TRUE,20,elitize_generation_data,156,104,0.9,265
158,67,replace-space-with-newline,lexicase,TRUE,20,elitize_generation_data,157,116,0.907,265
159,67,replace-space-with-newline,lexicase,TRUE,20,elitize_generation_data,158,118,0.866,265
160,67,replace-space-with-newline,lexicase,TRUE,20,elitize_generation_data,159,111,0.899,265
161,67,replace-space-with-newline,lexicase,TRUE,20,elitize_generation_data,160,126,0.897,265
162,67,replace-space-with-newline,lexicase,TRUE,20,elitize_generation_data,161,108,0.886,265
163,67,replace-space-with-newline,lexicase,TRUE,20,elitize_generation_data,162,109,0.885,265
164,67,replace-space-with-newline,lexicase,TRUE,20,elitize_generation_data,163,123,0.883,265
165,67,replace-space-with-newline,lexicase,TRUE,20,elitize_generation_data,164,116,0.878,265
166,67,replace-space-with-newline,lexicase,TRUE,20,elitize_generation_data,165,118,0.883,265
167,67,replace-space-with-newline,lexicase,TRUE,20,elitize_generation_data,166,106,0.894,265
168,67,replace-space-with-newline,lexicase,TRUE,20,elitize_generation_data,167,115,0.918,265
169,67,replace-space-with-newline,lexicase,TRUE,20,elitize_generation_data,168,125,0.908,265
170,67,replace-space-with-newline,lexicase,TRUE,20,elitize_generation_data,169,119,0.908,265
171,67,replace-space-with-newline,lexicase,TRUE,20,elitize_generation_data,170,95,0.878,265
172,67,replace-space-with-newline,lexicase,TRUE,20,elitize_generation_data,171,108,0.883,265
173,67,replace-space-with-newline,lexicase,TRUE,20,elitize_generation_data,172,116,0.893,265
174,67,replace-space-with-newline,lexicase,TRUE,20,elitize_generation_data,173,121,0.895,265
175,67,replace-space-with-newline,lexicase,TRUE,20,elitize_generation_data,174,105,0.887,265
176,67,replace-space-with-newline,lexicase,TRUE,20,elitize_generation_data,175,92,0.903,265
177,67,replace-space-with-newline,lexicase,TRUE,20,elitize_generation_data,176,113,0.898,265
178,67,replace-space-with-newline,lexicase,TRUE,20,elitize_generation_data,177,109,0.894,265
179,67,replace-space-with-newline,lexicase,TRUE,20,elitize_generation_data,178,101,0.9,265
180,67,replace-space-with-newline,lexicase,TRUE,20,elitize_generation_data,179,100,0.882,265
181,67,replace-space-with-newline,lexicase,TRUE,20,elitize_generation_data,180,101,0.906,265
182,67,replace-space-with-newline,lexicase,TRUE,20,elitize_generation_data,181,102,0.89,265
183,67,replace-space-with-newline,lexicase,TRUE,20,elitize_generation_data,182,97,0.889,265
184,67,replace-space-with-newline,lexicase,TRUE,20,elitize_generation_data,183,117,0.902,265
185,67,replace-space-with-newline,lexicase,TRUE,20,elitize_generation_data,184,98,0.883,265
186,67,replace-space-with-newline,lexicase,TRUE,20,elitize_generation_data,185,101,0.89,265
187,67,replace-space-with-newline,lexicase,TRUE,20,elitize_generation_data,186,100,0.898,265
188,67,replace-space-with-newline,lexicase,TRUE,20,elitize_generation_data,187,97,0.911,265
189,67,replace-space-with-newline,lexicase,TRUE,20,elitize_generation_data,188,112,0.907,265
190,67,replace-space-with-newline,lexicase,TRUE,20,elitize_generation_data,189,94,0.887,265
191,67,replace-space-with-newline,lexicase,TRUE,20,elitize_generation_data,190,103,0.88,265
192,67,replace-space-with-newline,lexicase,TRUE,20,elitize_generation_data,191,111,0.888,265
193,67,replace-space-with-newline,lexicase,TRUE,20,elitize_generation_data,192,117,0.909,265
194,67,replace-space-with-newline,lexicase,TRUE,20,elitize_generation_data,193,104,0.885,265
195,67,replace-space-with-newline,lexicase,TRUE,20,elitize_generation_data,194,108,0.898,265
196,67,replace-space-with-newline,lexicase,TRUE,20,elitize_generation_data,195,87,0.881,265
197,67,replace-space-with-newline,lexicase,TRUE,20,elitize_generation_data,196,89,0.881,265
198,67,replace-space-with-newline,lexicase,TRUE,20,elitize_generation_data,197,109,0.898,265
199,67,replace-space-with-newline,lexicase,TRUE,20,elitize_generation_data,198,104,0.892,265
200,67,replace-space-with-newline,lexicase,TRUE,20,elitize_generation_data,199,112,0.871,265
201,67,replace-space-with-newline,lexicase,TRUE,20,elitize_generation_data,200,115,0.876,265
202,67,replace-space-with-newline,lexicase,TRUE,20,elitize_generation_data,201,115,0.894,265
203,67,replace-space-with-newline,lexicase,TRUE,20,elitize_generation_data,202,114,0.884,265
204,67,replace-space-with-newline,lexicase,TRUE,20,elitize_generation_data,203,106,0.906,265
205,67,replace-space-with-newline,lexicase,TRUE,20,elitize_generation_data,204,116,0.918,265
206,67,replace-space-with-newline,lexicase,TRUE,20,elitize_generation_data,205,111,0.903,265
207,67,replace-space-with-newline,lexicase,TRUE,20,elitize_generation_data,206,106,0.888,265
208,67,replace-space-with-newline,lexicase,TRUE,20,elitize_generation_data,207,122,0.903,265
209,67,replace-space-with-newline,lexicase,TRUE,20,elitize_generation_data,208,117,0.885,265
210,67,replace-space-with-newline,lexicase,TRUE,20,elitize_generation_data,209,127,0.898,265
211,67,replace-space-with-newline,lexicase,TRUE,20,elitize_generation_data,210,107,0.888,265
212,67,replace-space-with-newline,lexicase,TRUE,20,elitize_generation_data,211,136,0.897,265
213,67,replace-space-with-newline,lexicase,TRUE,20,elitize_generation_data,212,125,0.881,265
214,67,replace-space-with-newline,lexicase,TRUE,20,elitize_generation_data,213,143,0.894,265
215,67,replace-space-with-newline,lexicase,TRUE,20,elitize_generation_data,214,135,0.895,265
216,67,replace-space-with-newline,lexicase,TRUE,20,elitize_generation_data,215,151,0.886,265
217,67,replace-space-with-newline,lexicase,TRUE,20,elitize_generation_data,216,149,0.911,265
218,67,replace-space-with-newline,lexicase,TRUE,20,elitize_generation_data,217,140,0.899,265
219,67,replace-space-with-newline,lexicase,TRUE,20,elitize_generation_data,218,139,0.897,265
220,67,replace-space-with-newline,lexicase,TRUE,20,elitize_generation_data,219,145,0.919,265
221,67,replace-space-with-newline,lexicase,TRUE,20,elitize_generation_data,220,139,0.907,265
222,67,replace-space-with-newline,lexicase,TRUE,20,elitize_generation_data,221,136,0.921,265
223,67,replace-space-with-newline,lexicase,TRUE,20,elitize_generation_data,222,121,0.901,265
224,67,replace-space-with-newline,lexicase,TRUE,20,elitize_generation_data,223,132,0.916,265
225,67,replace-space-with-newline,lexicase,TRUE,20,elitize_generation_data,224,123,0.927,265
226,67,replace-space-with-newline,lexicase,TRUE,20,elitize_generation_data,225,125,0.934,265
227,67,replace-space-with-newline,lexicase,TRUE,20,elitize_generation_data,226,123,0.935,265
228,67,replace-space-with-newline,lexicase,TRUE,20,elitize_generation_data,227,112,0.953,265
229,67,replace-space-with-newline,lexicase,TRUE,20,elitize_generation_data,228,122,0.945,265
230,67,replace-space-with-newline,lexicase,TRUE,20,elitize_generation_data,229,111,0.942,265
231,67,replace-space-with-newline,lexicase,TRUE,20,elitize_generation_data,230,117,0.925,265
232,67,replace-space-with-newline,lexicase,TRUE,20,elitize_generation_data,231,122,0.931,265
233,67,replace-space-with-newline,lexicase,TRUE,20,elitize_generation_data,232,127,0.94,265
234,67,replace-space-with-newline,lexicase,TRUE,20,elitize_generation_data,233,144,0.943,265
235,67,replace-space-with-newline,lexicase,TRUE,20,elitize_generation_data,234,140,0.926,265
236,67,replace-space-with-newline,lexicase,TRUE,20,elitize_generation_data,235,137,0.938,265
237,67,replace-space-with-newline,lexicase,TRUE,20,elitize_generation_data,236,132,0.96,265
238,67,replace-space-with-newline,lexicase,TRUE,20,elitize_generation_data,237,148,0.959,265
239,67,replace-space-with-newline,lexicase,TRUE,20,elitize_generation_data,238,166,0.939,265
240,67,replace-space-with-newline,lexicase,TRUE,20,elitize_generation_data,239,148,0.958,265
241,67,replace-space-with-newline,lexicase,TRUE,20,elitize_generation_data,240,135,0.95,265
242,67,replace-space-with-newline,lexicase,TRUE,20,elitize_generation_data,241,155,0.936,265
243,67,replace-space-with-newline,lexicase,TRUE,20,elitize_generation_data,242,158,0.927,265
244,67,replace-space-with-newline,lexicase,TRUE,20,elitize_generation_data,243,150,0.925,265
245,67,replace-space-with-newline,lexicase,TRUE,20,elitize_generation_data,244,163,0.942,265
246,67,replace-space-with-newline,lexicase,TRUE,20,elitize_generation_data,245,159,0.924,265
247,67,replace-space-with-newline,lexicase,TRUE,20,elitize_generation_data,246,161,0.941,265
248,67,replace-space-with-newline,lexicase,TRUE,20,elitize_generation_data,247,156,0.92,265
249,67,replace-space-with-newline,lexicase,TRUE,20,elitize_generation_data,248,187,0.945,265
250,67,replace-space-with-newline,lexicase,TRUE,20,elitize_generation_data,249,140,0.92,265
251,67,replace-space-with-newline,lexicase,TRUE,20,elitize_generation_data,250,155,0.926,265
252,67,replace-space-with-newline,lexicase,TRUE,20,elitize_generation_data,251,150,0.934,265
253,67,replace-space-with-newline,lexicase,TRUE,20,elitize_generation_data,252,139,0.929,265
254,67,replace-space-with-newline,lexicase,TRUE,20,elitize_generation_data,253,145,0.94,265
255,67,replace-space-with-newline,lexicase,TRUE,20,elitize_generation_data,254,162,0.925,265
256,67,replace-space-with-newline,lexicase,TRUE,20,elitize_generation_data,255,152,0.946,265
257,67,replace-space-with-newline,lexicase,TRUE,20,elitize_generation_data,256,147,0.912,265
258,67,replace-space-with-newline,lexicase,TRUE,20,elitize_generation_data,257,156,0.908,265
259,67,replace-space-with-newline,lexicase,TRUE,20,elitize_generation_data,258,154,0.92,265
260,67,replace-space-with-newline,lexicase,TRUE,20,elitize_generation_data,259,136,0.902,265
261,67,replace-space-with-newline,lexicase,TRUE,20,elitize_generation_data,260,156,0.879,265
262,67,replace-space-with-newline,lexicase,TRUE,20,elitize_generation_data,261,136,0.879,265
263,67,replace-space-with-newline,lexicase,TRUE,20,elitize_generation_data,262,150,0.908,265
264,67,replace-space-with-newline,lexicase,TRUE,20,elitize_generation_data,263,164,0.884,265
265,67,replace-space-with-newline,lexicase,TRUE,20,elitize_generation_data,264,157,0.886,265
266,67,replace-space-with-newline,lexicase,TRUE,20,elitize_generation_data,265,151,0.881,265
