,run.num,problem,treatment,succeeded,height,normalization.function,generation,cluster.count,error.diversity,success.generation
1,2,replace-space-with-newline,lexicase,FALSE,20,elitize_generation_data,0,5,0.489,NA
2,2,replace-space-with-newline,lexicase,FALSE,20,elitize_generation_data,1,13,0.249,NA
3,2,replace-space-with-newline,lexicase,FALSE,20,elitize_generation_data,2,24,0.365,NA
4,2,replace-space-with-newline,lexicase,FALSE,20,elitize_generation_data,3,26,0.395,NA
5,2,replace-space-with-newline,lexicase,FALSE,20,elitize_generation_data,4,51,0.475,NA
6,2,replace-space-with-newline,lexicase,FALSE,20,elitize_generation_data,5,70,0.524,NA
7,2,replace-space-with-newline,lexicase,FALSE,20,elitize_generation_data,6,83,0.546,NA
8,2,replace-space-with-newline,lexicase,FALSE,20,elitize_generation_data,7,92,0.585,NA
9,2,replace-space-with-newline,lexicase,FALSE,20,elitize_generation_data,8,95,0.597,NA
10,2,replace-space-with-newline,lexicase,FALSE,20,elitize_generation_data,9,91,0.601,NA
11,2,replace-space-with-newline,lexicase,FALSE,20,elitize_generation_data,10,102,0.625,NA
12,2,replace-space-with-newline,lexicase,FALSE,20,elitize_generation_data,11,120,0.633,NA
13,2,replace-space-with-newline,lexicase,FALSE,20,elitize_generation_data,12,131,0.704,NA
14,2,replace-space-with-newline,lexicase,FALSE,20,elitize_generation_data,13,149,0.712,NA
15,2,replace-space-with-newline,lexicase,FALSE,20,elitize_generation_data,14,157,0.739,NA
16,2,replace-space-with-newline,lexicase,FALSE,20,elitize_generation_data,15,131,0.716,NA
17,2,replace-space-with-newline,lexicase,FALSE,20,elitize_generation_data,16,81,0.731,NA
18,2,replace-space-with-newline,lexicase,FALSE,20,elitize_generation_data,17,58,0.739,NA
19,2,replace-space-with-newline,lexicase,FALSE,20,elitize_generation_data,18,47,0.766,NA
20,2,replace-space-with-newline,lexicase,FALSE,20,elitize_generation_data,19,48,0.755,NA
21,2,replace-space-with-newline,lexicase,FALSE,20,elitize_generation_data,20,43,0.768,NA
22,2,replace-space-with-newline,lexicase,FALSE,20,elitize_generation_data,21,44,0.786,NA
23,2,replace-space-with-newline,lexicase,FALSE,20,elitize_generation_data,22,45,0.767,NA
24,2,replace-space-with-newline,lexicase,FALSE,20,elitize_generation_data,23,44,0.772,NA
25,2,replace-space-with-newline,lexicase,FALSE,20,elitize_generation_data,24,40,0.765,NA
26,2,replace-space-with-newline,lexicase,FALSE,20,elitize_generation_data,25,49,0.763,NA
27,2,replace-space-with-newline,lexicase,FALSE,20,elitize_generation_data,26,47,0.762,NA
28,2,replace-space-with-newline,lexicase,FALSE,20,elitize_generation_data,27,40,0.776,NA
29,2,replace-space-with-newline,lexicase,FALSE,20,elitize_generation_data,28,50,0.731,NA
30,2,replace-space-with-newline,lexicase,FALSE,20,elitize_generation_data,29,49,0.743,NA
31,2,replace-space-with-newline,lexicase,FALSE,20,elitize_generation_data,30,48,0.729,NA
32,2,replace-space-with-newline,lexicase,FALSE,20,elitize_generation_data,31,49,0.747,NA
33,2,replace-space-with-newline,lexicase,FALSE,20,elitize_generation_data,32,46,0.765,NA
34,2,replace-space-with-newline,lexicase,FALSE,20,elitize_generation_data,33,45,0.746,NA
35,2,replace-space-with-newline,lexicase,FALSE,20,elitize_generation_data,34,44,0.76,NA
36,2,replace-space-with-newline,lexicase,FALSE,20,elitize_generation_data,35,47,0.772,NA
37,2,replace-space-with-newline,lexicase,FALSE,20,elitize_generation_data,36,53,0.757,NA
38,2,replace-space-with-newline,lexicase,FALSE,20,elitize_generation_data,37,48,0.743,NA
39,2,replace-space-with-newline,lexicase,FALSE,20,elitize_generation_data,38,47,0.748,NA
40,2,replace-space-with-newline,lexicase,FALSE,20,elitize_generation_data,39,49,0.76,NA
41,2,replace-space-with-newline,lexicase,FALSE,20,elitize_generation_data,40,52,0.728,NA
42,2,replace-space-with-newline,lexicase,FALSE,20,elitize_generation_data,41,46,0.755,NA
43,2,replace-space-with-newline,lexicase,FALSE,20,elitize_generation_data,42,46,0.741,NA
44,2,replace-space-with-newline,lexicase,FALSE,20,elitize_generation_data,43,49,0.759,NA
45,2,replace-space-with-newline,lexicase,FALSE,20,elitize_generation_data,44,54,0.772,NA
46,2,replace-space-with-newline,lexicase,FALSE,20,elitize_generation_data,45,57,0.751,NA
47,2,replace-space-with-newline,lexicase,FALSE,20,elitize_generation_data,46,44,0.74,NA
48,2,replace-space-with-newline,lexicase,FALSE,20,elitize_generation_data,47,53,0.738,NA
49,2,replace-space-with-newline,lexicase,FALSE,20,elitize_generation_data,48,55,0.725,NA
50,2,replace-space-with-newline,lexicase,FALSE,20,elitize_generation_data,49,53,0.753,NA
51,2,replace-space-with-newline,lexicase,FALSE,20,elitize_generation_data,50,56,0.754,NA
52,2,replace-space-with-newline,lexicase,FALSE,20,elitize_generation_data,51,53,0.74,NA
53,2,replace-space-with-newline,lexicase,FALSE,20,elitize_generation_data,52,61,0.727,NA
54,2,replace-space-with-newline,lexicase,FALSE,20,elitize_generation_data,53,57,0.755,NA
55,2,replace-space-with-newline,lexicase,FALSE,20,elitize_generation_data,54,74,0.726,NA
56,2,replace-space-with-newline,lexicase,FALSE,20,elitize_generation_data,55,72,0.724,NA
57,2,replace-space-with-newline,lexicase,FALSE,20,elitize_generation_data,56,74,0.748,NA
58,2,replace-space-with-newline,lexicase,FALSE,20,elitize_generation_data,57,88,0.754,NA
59,2,replace-space-with-newline,lexicase,FALSE,20,elitize_generation_data,58,86,0.745,NA
60,2,replace-space-with-newline,lexicase,FALSE,20,elitize_generation_data,59,92,0.773,NA
61,2,replace-space-with-newline,lexicase,FALSE,20,elitize_generation_data,60,104,0.795,NA
62,2,replace-space-with-newline,lexicase,FALSE,20,elitize_generation_data,61,98,0.793,NA
63,2,replace-space-with-newline,lexicase,FALSE,20,elitize_generation_data,62,98,0.789,NA
64,2,replace-space-with-newline,lexicase,FALSE,20,elitize_generation_data,63,90,0.772,NA
65,2,replace-space-with-newline,lexicase,FALSE,20,elitize_generation_data,64,88,0.769,NA
66,2,replace-space-with-newline,lexicase,FALSE,20,elitize_generation_data,65,106,0.789,NA
67,2,replace-space-with-newline,lexicase,FALSE,20,elitize_generation_data,66,95,0.791,NA
68,2,replace-space-with-newline,lexicase,FALSE,20,elitize_generation_data,67,104,0.789,NA
69,2,replace-space-with-newline,lexicase,FALSE,20,elitize_generation_data,68,102,0.786,NA
70,2,replace-space-with-newline,lexicase,FALSE,20,elitize_generation_data,69,105,0.793,NA
71,2,replace-space-with-newline,lexicase,FALSE,20,elitize_generation_data,70,100,0.768,NA
72,2,replace-space-with-newline,lexicase,FALSE,20,elitize_generation_data,71,94,0.779,NA
73,2,replace-space-with-newline,lexicase,FALSE,20,elitize_generation_data,72,113,0.807,NA
74,2,replace-space-with-newline,lexicase,FALSE,20,elitize_generation_data,73,104,0.796,NA
75,2,replace-space-with-newline,lexicase,FALSE,20,elitize_generation_data,74,121,0.777,NA
76,2,replace-space-with-newline,lexicase,FALSE,20,elitize_generation_data,75,102,0.791,NA
77,2,replace-space-with-newline,lexicase,FALSE,20,elitize_generation_data,76,107,0.782,NA
78,2,replace-space-with-newline,lexicase,FALSE,20,elitize_generation_data,77,105,0.792,NA
79,2,replace-space-with-newline,lexicase,FALSE,20,elitize_generation_data,78,101,0.763,NA
80,2,replace-space-with-newline,lexicase,FALSE,20,elitize_generation_data,79,115,0.791,NA
81,2,replace-space-with-newline,lexicase,FALSE,20,elitize_generation_data,80,103,0.778,NA
82,2,replace-space-with-newline,lexicase,FALSE,20,elitize_generation_data,81,114,0.818,NA
83,2,replace-space-with-newline,lexicase,FALSE,20,elitize_generation_data,82,104,0.793,NA
84,2,replace-space-with-newline,lexicase,FALSE,20,elitize_generation_data,83,105,0.782,NA
85,2,replace-space-with-newline,lexicase,FALSE,20,elitize_generation_data,84,96,0.807,NA
86,2,replace-space-with-newline,lexicase,FALSE,20,elitize_generation_data,85,94,0.801,NA
87,2,replace-space-with-newline,lexicase,FALSE,20,elitize_generation_data,86,101,0.807,NA
88,2,replace-space-with-newline,lexicase,FALSE,20,elitize_generation_data,87,94,0.777,NA
89,2,replace-space-with-newline,lexicase,FALSE,20,elitize_generation_data,88,102,0.779,NA
90,2,replace-space-with-newline,lexicase,FALSE,20,elitize_generation_data,89,110,0.786,NA
91,2,replace-space-with-newline,lexicase,FALSE,20,elitize_generation_data,90,105,0.785,NA
92,2,replace-space-with-newline,lexicase,FALSE,20,elitize_generation_data,91,101,0.791,NA
93,2,replace-space-with-newline,lexicase,FALSE,20,elitize_generation_data,92,100,0.771,NA
94,2,replace-space-with-newline,lexicase,FALSE,20,elitize_generation_data,93,96,0.776,NA
95,2,replace-space-with-newline,lexicase,FALSE,20,elitize_generation_data,94,98,0.796,NA
96,2,replace-space-with-newline,lexicase,FALSE,20,elitize_generation_data,95,101,0.784,NA
97,2,replace-space-with-newline,lexicase,FALSE,20,elitize_generation_data,96,99,0.789,NA
98,2,replace-space-with-newline,lexicase,FALSE,20,elitize_generation_data,97,99,0.798,NA
99,2,replace-space-with-newline,lexicase,FALSE,20,elitize_generation_data,98,105,0.777,NA
100,2,replace-space-with-newline,lexicase,FALSE,20,elitize_generation_data,99,108,0.791,NA
101,2,replace-space-with-newline,lexicase,FALSE,20,elitize_generation_data,100,111,0.787,NA
102,2,replace-space-with-newline,lexicase,FALSE,20,elitize_generation_data,101,105,0.775,NA
103,2,replace-space-with-newline,lexicase,FALSE,20,elitize_generation_data,102,98,0.791,NA
104,2,replace-space-with-newline,lexicase,FALSE,20,elitize_generation_data,103,100,0.772,NA
105,2,replace-space-with-newline,lexicase,FALSE,20,elitize_generation_data,104,101,0.786,NA
106,2,replace-space-with-newline,lexicase,FALSE,20,elitize_generation_data,105,106,0.777,NA
107,2,replace-space-with-newline,lexicase,FALSE,20,elitize_generation_data,106,89,0.784,NA
108,2,replace-space-with-newline,lexicase,FALSE,20,elitize_generation_data,107,109,0.771,NA
109,2,replace-space-with-newline,lexicase,FALSE,20,elitize_generation_data,108,110,0.794,NA
110,2,replace-space-with-newline,lexicase,FALSE,20,elitize_generation_data,109,111,0.8,NA
111,2,replace-space-with-newline,lexicase,FALSE,20,elitize_generation_data,110,111,0.793,NA
112,2,replace-space-with-newline,lexicase,FALSE,20,elitize_generation_data,111,114,0.781,NA
113,2,replace-space-with-newline,lexicase,FALSE,20,elitize_generation_data,112,131,0.817,NA
114,2,replace-space-with-newline,lexicase,FALSE,20,elitize_generation_data,113,117,0.786,NA
115,2,replace-space-with-newline,lexicase,FALSE,20,elitize_generation_data,114,129,0.8,NA
116,2,replace-space-with-newline,lexicase,FALSE,20,elitize_generation_data,115,113,0.759,NA
117,2,replace-space-with-newline,lexicase,FALSE,20,elitize_generation_data,116,100,0.8,NA
118,2,replace-space-with-newline,lexicase,FALSE,20,elitize_generation_data,117,106,0.799,NA
119,2,replace-space-with-newline,lexicase,FALSE,20,elitize_generation_data,118,116,0.782,NA
120,2,replace-space-with-newline,lexicase,FALSE,20,elitize_generation_data,119,116,0.779,NA
121,2,replace-space-with-newline,lexicase,FALSE,20,elitize_generation_data,120,115,0.799,NA
122,2,replace-space-with-newline,lexicase,FALSE,20,elitize_generation_data,121,123,0.809,NA
123,2,replace-space-with-newline,lexicase,FALSE,20,elitize_generation_data,122,121,0.803,NA
124,2,replace-space-with-newline,lexicase,FALSE,20,elitize_generation_data,123,130,0.79,NA
125,2,replace-space-with-newline,lexicase,FALSE,20,elitize_generation_data,124,123,0.831,NA
126,2,replace-space-with-newline,lexicase,FALSE,20,elitize_generation_data,125,115,0.771,NA
127,2,replace-space-with-newline,lexicase,FALSE,20,elitize_generation_data,126,119,0.769,NA
128,2,replace-space-with-newline,lexicase,FALSE,20,elitize_generation_data,127,118,0.799,NA
129,2,replace-space-with-newline,lexicase,FALSE,20,elitize_generation_data,128,120,0.776,NA
130,2,replace-space-with-newline,lexicase,FALSE,20,elitize_generation_data,129,117,0.781,NA
131,2,replace-space-with-newline,lexicase,FALSE,20,elitize_generation_data,130,128,0.778,NA
132,2,replace-space-with-newline,lexicase,FALSE,20,elitize_generation_data,131,139,0.795,NA
133,2,replace-space-with-newline,lexicase,FALSE,20,elitize_generation_data,132,128,0.793,NA
134,2,replace-space-with-newline,lexicase,FALSE,20,elitize_generation_data,133,125,0.822,NA
135,2,replace-space-with-newline,lexicase,FALSE,20,elitize_generation_data,134,129,0.791,NA
136,2,replace-space-with-newline,lexicase,FALSE,20,elitize_generation_data,135,127,0.798,NA
137,2,replace-space-with-newline,lexicase,FALSE,20,elitize_generation_data,136,124,0.816,NA
138,2,replace-space-with-newline,lexicase,FALSE,20,elitize_generation_data,137,122,0.791,NA
139,2,replace-space-with-newline,lexicase,FALSE,20,elitize_generation_data,138,130,0.79,NA
140,2,replace-space-with-newline,lexicase,FALSE,20,elitize_generation_data,139,128,0.842,NA
141,2,replace-space-with-newline,lexicase,FALSE,20,elitize_generation_data,140,138,0.828,NA
142,2,replace-space-with-newline,lexicase,FALSE,20,elitize_generation_data,141,127,0.782,NA
143,2,replace-space-with-newline,lexicase,FALSE,20,elitize_generation_data,142,134,0.815,NA
144,2,replace-space-with-newline,lexicase,FALSE,20,elitize_generation_data,143,136,0.796,NA
145,2,replace-space-with-newline,lexicase,FALSE,20,elitize_generation_data,144,131,0.802,NA
146,2,replace-space-with-newline,lexicase,FALSE,20,elitize_generation_data,145,134,0.77,NA
147,2,replace-space-with-newline,lexicase,FALSE,20,elitize_generation_data,146,150,0.781,NA
148,2,replace-space-with-newline,lexicase,FALSE,20,elitize_generation_data,147,157,0.816,NA
149,2,replace-space-with-newline,lexicase,FALSE,20,elitize_generation_data,148,145,0.799,NA
150,2,replace-space-with-newline,lexicase,FALSE,20,elitize_generation_data,149,130,0.814,NA
151,2,replace-space-with-newline,lexicase,FALSE,20,elitize_generation_data,150,138,0.812,NA
152,2,replace-space-with-newline,lexicase,FALSE,20,elitize_generation_data,151,131,0.81,NA
153,2,replace-space-with-newline,lexicase,FALSE,20,elitize_generation_data,152,138,0.756,NA
154,2,replace-space-with-newline,lexicase,FALSE,20,elitize_generation_data,153,131,0.79,NA
155,2,replace-space-with-newline,lexicase,FALSE,20,elitize_generation_data,154,120,0.789,NA
156,2,replace-space-with-newline,lexicase,FALSE,20,elitize_generation_data,155,141,0.785,NA
157,2,replace-space-with-newline,lexicase,FALSE,20,elitize_generation_data,156,139,0.804,NA
158,2,replace-space-with-newline,lexicase,FALSE,20,elitize_generation_data,157,126,0.78,NA
159,2,replace-space-with-newline,lexicase,FALSE,20,elitize_generation_data,158,136,0.795,NA
160,2,replace-space-with-newline,lexicase,FALSE,20,elitize_generation_data,159,129,0.774,NA
161,2,replace-space-with-newline,lexicase,FALSE,20,elitize_generation_data,160,142,0.811,NA
162,2,replace-space-with-newline,lexicase,FALSE,20,elitize_generation_data,161,132,0.785,NA
163,2,replace-space-with-newline,lexicase,FALSE,20,elitize_generation_data,162,142,0.827,NA
164,2,replace-space-with-newline,lexicase,FALSE,20,elitize_generation_data,163,144,0.81,NA
165,2,replace-space-with-newline,lexicase,FALSE,20,elitize_generation_data,164,141,0.815,NA
166,2,replace-space-with-newline,lexicase,FALSE,20,elitize_generation_data,165,140,0.824,NA
167,2,replace-space-with-newline,lexicase,FALSE,20,elitize_generation_data,166,134,0.809,NA
168,2,replace-space-with-newline,lexicase,FALSE,20,elitize_generation_data,167,155,0.809,NA
169,2,replace-space-with-newline,lexicase,FALSE,20,elitize_generation_data,168,138,0.783,NA
170,2,replace-space-with-newline,lexicase,FALSE,20,elitize_generation_data,169,144,0.795,NA
171,2,replace-space-with-newline,lexicase,FALSE,20,elitize_generation_data,170,135,0.761,NA
172,2,replace-space-with-newline,lexicase,FALSE,20,elitize_generation_data,171,148,0.812,NA
173,2,replace-space-with-newline,lexicase,FALSE,20,elitize_generation_data,172,150,0.799,NA
174,2,replace-space-with-newline,lexicase,FALSE,20,elitize_generation_data,173,143,0.807,NA
175,2,replace-space-with-newline,lexicase,FALSE,20,elitize_generation_data,174,146,0.778,NA
176,2,replace-space-with-newline,lexicase,FALSE,20,elitize_generation_data,175,134,0.778,NA
177,2,replace-space-with-newline,lexicase,FALSE,20,elitize_generation_data,176,126,0.773,NA
178,2,replace-space-with-newline,lexicase,FALSE,20,elitize_generation_data,177,139,0.801,NA
179,2,replace-space-with-newline,lexicase,FALSE,20,elitize_generation_data,178,122,0.76,NA
180,2,replace-space-with-newline,lexicase,FALSE,20,elitize_generation_data,179,143,0.789,NA
181,2,replace-space-with-newline,lexicase,FALSE,20,elitize_generation_data,180,142,0.808,NA
182,2,replace-space-with-newline,lexicase,FALSE,20,elitize_generation_data,181,138,0.792,NA
183,2,replace-space-with-newline,lexicase,FALSE,20,elitize_generation_data,182,144,0.792,NA
184,2,replace-space-with-newline,lexicase,FALSE,20,elitize_generation_data,183,138,0.801,NA
185,2,replace-space-with-newline,lexicase,FALSE,20,elitize_generation_data,184,133,0.801,NA
186,2,replace-space-with-newline,lexicase,FALSE,20,elitize_generation_data,185,137,0.786,NA
187,2,replace-space-with-newline,lexicase,FALSE,20,elitize_generation_data,186,146,0.818,NA
188,2,replace-space-with-newline,lexicase,FALSE,20,elitize_generation_data,187,149,0.77,NA
189,2,replace-space-with-newline,lexicase,FALSE,20,elitize_generation_data,188,133,0.772,NA
190,2,replace-space-with-newline,lexicase,FALSE,20,elitize_generation_data,189,121,0.781,NA
191,2,replace-space-with-newline,lexicase,FALSE,20,elitize_generation_data,190,133,0.784,NA
192,2,replace-space-with-newline,lexicase,FALSE,20,elitize_generation_data,191,134,0.811,NA
193,2,replace-space-with-newline,lexicase,FALSE,20,elitize_generation_data,192,124,0.796,NA
194,2,replace-space-with-newline,lexicase,FALSE,20,elitize_generation_data,193,140,0.761,NA
195,2,replace-space-with-newline,lexicase,FALSE,20,elitize_generation_data,194,137,0.791,NA
196,2,replace-space-with-newline,lexicase,FALSE,20,elitize_generation_data,195,143,0.798,NA
197,2,replace-space-with-newline,lexicase,FALSE,20,elitize_generation_data,196,134,0.79,NA
198,2,replace-space-with-newline,lexicase,FALSE,20,elitize_generation_data,197,131,0.802,NA
199,2,replace-space-with-newline,lexicase,FALSE,20,elitize_generation_data,198,134,0.789,NA
200,2,replace-space-with-newline,lexicase,FALSE,20,elitize_generation_data,199,138,0.808,NA
201,2,replace-space-with-newline,lexicase,FALSE,20,elitize_generation_data,200,150,0.799,NA
202,2,replace-space-with-newline,lexicase,FALSE,20,elitize_generation_data,201,151,0.775,NA
203,2,replace-space-with-newline,lexicase,FALSE,20,elitize_generation_data,202,149,0.798,NA
204,2,replace-space-with-newline,lexicase,FALSE,20,elitize_generation_data,203,154,0.802,NA
205,2,replace-space-with-newline,lexicase,FALSE,20,elitize_generation_data,204,137,0.785,NA
206,2,replace-space-with-newline,lexicase,FALSE,20,elitize_generation_data,205,131,0.802,NA
207,2,replace-space-with-newline,lexicase,FALSE,20,elitize_generation_data,206,132,0.791,NA
208,2,replace-space-with-newline,lexicase,FALSE,20,elitize_generation_data,207,156,0.845,NA
209,2,replace-space-with-newline,lexicase,FALSE,20,elitize_generation_data,208,148,0.792,NA
210,2,replace-space-with-newline,lexicase,FALSE,20,elitize_generation_data,209,143,0.783,NA
211,2,replace-space-with-newline,lexicase,FALSE,20,elitize_generation_data,210,142,0.802,NA
212,2,replace-space-with-newline,lexicase,FALSE,20,elitize_generation_data,211,143,0.8,NA
213,2,replace-space-with-newline,lexicase,FALSE,20,elitize_generation_data,212,146,0.788,NA
214,2,replace-space-with-newline,lexicase,FALSE,20,elitize_generation_data,213,148,0.802,NA
215,2,replace-space-with-newline,lexicase,FALSE,20,elitize_generation_data,214,138,0.803,NA
216,2,replace-space-with-newline,lexicase,FALSE,20,elitize_generation_data,215,142,0.811,NA
217,2,replace-space-with-newline,lexicase,FALSE,20,elitize_generation_data,216,144,0.781,NA
218,2,replace-space-with-newline,lexicase,FALSE,20,elitize_generation_data,217,142,0.792,NA
219,2,replace-space-with-newline,lexicase,FALSE,20,elitize_generation_data,218,152,0.808,NA
220,2,replace-space-with-newline,lexicase,FALSE,20,elitize_generation_data,219,150,0.794,NA
221,2,replace-space-with-newline,lexicase,FALSE,20,elitize_generation_data,220,144,0.808,NA
222,2,replace-space-with-newline,lexicase,FALSE,20,elitize_generation_data,221,143,0.78,NA
223,2,replace-space-with-newline,lexicase,FALSE,20,elitize_generation_data,222,139,0.81,NA
224,2,replace-space-with-newline,lexicase,FALSE,20,elitize_generation_data,223,128,0.775,NA
225,2,replace-space-with-newline,lexicase,FALSE,20,elitize_generation_data,224,135,0.811,NA
226,2,replace-space-with-newline,lexicase,FALSE,20,elitize_generation_data,225,139,0.818,NA
227,2,replace-space-with-newline,lexicase,FALSE,20,elitize_generation_data,226,142,0.816,NA
228,2,replace-space-with-newline,lexicase,FALSE,20,elitize_generation_data,227,136,0.796,NA
229,2,replace-space-with-newline,lexicase,FALSE,20,elitize_generation_data,228,138,0.807,NA
230,2,replace-space-with-newline,lexicase,FALSE,20,elitize_generation_data,229,148,0.798,NA
231,2,replace-space-with-newline,lexicase,FALSE,20,elitize_generation_data,230,138,0.808,NA
232,2,replace-space-with-newline,lexicase,FALSE,20,elitize_generation_data,231,142,0.811,NA
233,2,replace-space-with-newline,lexicase,FALSE,20,elitize_generation_data,232,142,0.786,NA
234,2,replace-space-with-newline,lexicase,FALSE,20,elitize_generation_data,233,155,0.814,NA
235,2,replace-space-with-newline,lexicase,FALSE,20,elitize_generation_data,234,151,0.788,NA
236,2,replace-space-with-newline,lexicase,FALSE,20,elitize_generation_data,235,136,0.791,NA
237,2,replace-space-with-newline,lexicase,FALSE,20,elitize_generation_data,236,152,0.798,NA
238,2,replace-space-with-newline,lexicase,FALSE,20,elitize_generation_data,237,149,0.79,NA
239,2,replace-space-with-newline,lexicase,FALSE,20,elitize_generation_data,238,150,0.815,NA
240,2,replace-space-with-newline,lexicase,FALSE,20,elitize_generation_data,239,146,0.796,NA
241,2,replace-space-with-newline,lexicase,FALSE,20,elitize_generation_data,240,143,0.774,NA
242,2,replace-space-with-newline,lexicase,FALSE,20,elitize_generation_data,241,143,0.773,NA
243,2,replace-space-with-newline,lexicase,FALSE,20,elitize_generation_data,242,138,0.792,NA
244,2,replace-space-with-newline,lexicase,FALSE,20,elitize_generation_data,243,144,0.792,NA
245,2,replace-space-with-newline,lexicase,FALSE,20,elitize_generation_data,244,149,0.79,NA
246,2,replace-space-with-newline,lexicase,FALSE,20,elitize_generation_data,245,125,0.794,NA
247,2,replace-space-with-newline,lexicase,FALSE,20,elitize_generation_data,246,135,0.795,NA
248,2,replace-space-with-newline,lexicase,FALSE,20,elitize_generation_data,247,145,0.783,NA
249,2,replace-space-with-newline,lexicase,FALSE,20,elitize_generation_data,248,151,0.81,NA
250,2,replace-space-with-newline,lexicase,FALSE,20,elitize_generation_data,249,154,0.797,NA
251,2,replace-space-with-newline,lexicase,FALSE,20,elitize_generation_data,250,139,0.78,NA
252,2,replace-space-with-newline,lexicase,FALSE,20,elitize_generation_data,251,139,0.786,NA
253,2,replace-space-with-newline,lexicase,FALSE,20,elitize_generation_data,252,133,0.787,NA
254,2,replace-space-with-newline,lexicase,FALSE,20,elitize_generation_data,253,131,0.805,NA
255,2,replace-space-with-newline,lexicase,FALSE,20,elitize_generation_data,254,130,0.804,NA
256,2,replace-space-with-newline,lexicase,FALSE,20,elitize_generation_data,255,139,0.794,NA
257,2,replace-space-with-newline,lexicase,FALSE,20,elitize_generation_data,256,124,0.813,NA
258,2,replace-space-with-newline,lexicase,FALSE,20,elitize_generation_data,257,130,0.791,NA
259,2,replace-space-with-newline,lexicase,FALSE,20,elitize_generation_data,258,142,0.799,NA
260,2,replace-space-with-newline,lexicase,FALSE,20,elitize_generation_data,259,130,0.802,NA
261,2,replace-space-with-newline,lexicase,FALSE,20,elitize_generation_data,260,137,0.796,NA
262,2,replace-space-with-newline,lexicase,FALSE,20,elitize_generation_data,261,133,0.772,NA
263,2,replace-space-with-newline,lexicase,FALSE,20,elitize_generation_data,262,116,0.779,NA
264,2,replace-space-with-newline,lexicase,FALSE,20,elitize_generation_data,263,122,0.786,NA
265,2,replace-space-with-newline,lexicase,FALSE,20,elitize_generation_data,264,127,0.798,NA
266,2,replace-space-with-newline,lexicase,FALSE,20,elitize_generation_data,265,123,0.795,NA
267,2,replace-space-with-newline,lexicase,FALSE,20,elitize_generation_data,266,134,0.765,NA
268,2,replace-space-with-newline,lexicase,FALSE,20,elitize_generation_data,267,141,0.809,NA
269,2,replace-space-with-newline,lexicase,FALSE,20,elitize_generation_data,268,133,0.826,NA
270,2,replace-space-with-newline,lexicase,FALSE,20,elitize_generation_data,269,145,0.809,NA
271,2,replace-space-with-newline,lexicase,FALSE,20,elitize_generation_data,270,134,0.802,NA
272,2,replace-space-with-newline,lexicase,FALSE,20,elitize_generation_data,271,149,0.793,NA
273,2,replace-space-with-newline,lexicase,FALSE,20,elitize_generation_data,272,142,0.799,NA
274,2,replace-space-with-newline,lexicase,FALSE,20,elitize_generation_data,273,122,0.811,NA
275,2,replace-space-with-newline,lexicase,FALSE,20,elitize_generation_data,274,121,0.805,NA
276,2,replace-space-with-newline,lexicase,FALSE,20,elitize_generation_data,275,119,0.78,NA
277,2,replace-space-with-newline,lexicase,FALSE,20,elitize_generation_data,276,126,0.803,NA
278,2,replace-space-with-newline,lexicase,FALSE,20,elitize_generation_data,277,130,0.823,NA
279,2,replace-space-with-newline,lexicase,FALSE,20,elitize_generation_data,278,136,0.809,NA
280,2,replace-space-with-newline,lexicase,FALSE,20,elitize_generation_data,279,132,0.816,NA
281,2,replace-space-with-newline,lexicase,FALSE,20,elitize_generation_data,280,127,0.808,NA
282,2,replace-space-with-newline,lexicase,FALSE,20,elitize_generation_data,281,131,0.796,NA
283,2,replace-space-with-newline,lexicase,FALSE,20,elitize_generation_data,282,132,0.802,NA
284,2,replace-space-with-newline,lexicase,FALSE,20,elitize_generation_data,283,132,0.798,NA
285,2,replace-space-with-newline,lexicase,FALSE,20,elitize_generation_data,284,137,0.81,NA
286,2,replace-space-with-newline,lexicase,FALSE,20,elitize_generation_data,285,137,0.818,NA
287,2,replace-space-with-newline,lexicase,FALSE,20,elitize_generation_data,286,142,0.797,NA
288,2,replace-space-with-newline,lexicase,FALSE,20,elitize_generation_data,287,136,0.774,NA
289,2,replace-space-with-newline,lexicase,FALSE,20,elitize_generation_data,288,145,0.807,NA
290,2,replace-space-with-newline,lexicase,FALSE,20,elitize_generation_data,289,131,0.808,NA
291,2,replace-space-with-newline,lexicase,FALSE,20,elitize_generation_data,290,141,0.795,NA
292,2,replace-space-with-newline,lexicase,FALSE,20,elitize_generation_data,291,140,0.818,NA
293,2,replace-space-with-newline,lexicase,FALSE,20,elitize_generation_data,292,129,0.819,NA
294,2,replace-space-with-newline,lexicase,FALSE,20,elitize_generation_data,293,133,0.824,NA
295,2,replace-space-with-newline,lexicase,FALSE,20,elitize_generation_data,294,151,0.827,NA
296,2,replace-space-with-newline,lexicase,FALSE,20,elitize_generation_data,295,135,0.825,NA
297,2,replace-space-with-newline,lexicase,FALSE,20,elitize_generation_data,296,129,0.819,NA
298,2,replace-space-with-newline,lexicase,FALSE,20,elitize_generation_data,297,124,0.805,NA
299,2,replace-space-with-newline,lexicase,FALSE,20,elitize_generation_data,298,120,0.787,NA
300,2,replace-space-with-newline,lexicase,FALSE,20,elitize_generation_data,299,137,0.822,NA
301,2,replace-space-with-newline,lexicase,FALSE,20,elitize_generation_data,300,135,0.797,NA
