,run.num,problem,treatment,succeeded,height,normalization.function,generation,cluster.count,error.diversity,success.generation
1,49,replace-space-with-newline,lexicase,TRUE,20,elitize_generation_data,0,6,0.478,49
2,49,replace-space-with-newline,lexicase,TRUE,20,elitize_generation_data,1,8,0.261,49
3,49,replace-space-with-newline,lexicase,TRUE,20,elitize_generation_data,2,13,0.309,49
4,49,replace-space-with-newline,lexicase,TRUE,20,elitize_generation_data,3,15,0.358,49
5,49,replace-space-with-newline,lexicase,TRUE,20,elitize_generation_data,4,16,0.387,49
6,49,replace-space-with-newline,lexicase,TRUE,20,elitize_generation_data,5,30,0.432,49
7,49,replace-space-with-newline,lexicase,TRUE,20,elitize_generation_data,6,35,0.447,49
8,49,replace-space-with-newline,lexicase,TRUE,20,elitize_generation_data,7,39,0.45,49
9,49,replace-space-with-newline,lexicase,TRUE,20,elitize_generation_data,8,40,0.438,49
10,49,replace-space-with-newline,lexicase,TRUE,20,elitize_generation_data,9,33,0.411,49
11,49,replace-space-with-newline,lexicase,TRUE,20,elitize_generation_data,10,42,0.409,49
12,49,replace-space-with-newline,lexicase,TRUE,20,elitize_generation_data,11,44,0.41,49
13,49,replace-space-with-newline,lexicase,TRUE,20,elitize_generation_data,12,43,0.362,49
14,49,replace-space-with-newline,lexicase,TRUE,20,elitize_generation_data,13,53,0.36,49
15,49,replace-space-with-newline,lexicase,TRUE,20,elitize_generation_data,14,41,0.39,49
16,49,replace-space-with-newline,lexicase,TRUE,20,elitize_generation_data,15,39,0.413,49
17,49,replace-space-with-newline,lexicase,TRUE,20,elitize_generation_data,16,40,0.413,49
18,49,replace-space-with-newline,lexicase,TRUE,20,elitize_generation_data,17,40,0.45,49
19,49,replace-space-with-newline,lexicase,TRUE,20,elitize_generation_data,18,43,0.467,49
20,49,replace-space-with-newline,lexicase,TRUE,20,elitize_generation_data,19,47,0.454,49
21,49,replace-space-with-newline,lexicase,TRUE,20,elitize_generation_data,20,53,0.519,49
22,49,replace-space-with-newline,lexicase,TRUE,20,elitize_generation_data,21,48,0.475,49
23,49,replace-space-with-newline,lexicase,TRUE,20,elitize_generation_data,22,48,0.51,49
24,49,replace-space-with-newline,lexicase,TRUE,20,elitize_generation_data,23,45,0.522,49
25,49,replace-space-with-newline,lexicase,TRUE,20,elitize_generation_data,24,37,0.491,49
26,49,replace-space-with-newline,lexicase,TRUE,20,elitize_generation_data,25,47,0.529,49
27,49,replace-space-with-newline,lexicase,TRUE,20,elitize_generation_data,26,36,0.518,49
28,49,replace-space-with-newline,lexicase,TRUE,20,elitize_generation_data,27,37,0.52,49
29,49,replace-space-with-newline,lexicase,TRUE,20,elitize_generation_data,28,34,0.535,49
30,49,replace-space-with-newline,lexicase,TRUE,20,elitize_generation_data,29,40,0.566,49
31,49,replace-space-with-newline,lexicase,TRUE,20,elitize_generation_data,30,44,0.607,49
32,49,replace-space-with-newline,lexicase,TRUE,20,elitize_generation_data,31,39,0.584,49
33,49,replace-space-with-newline,lexicase,TRUE,20,elitize_generation_data,32,43,0.582,49
34,49,replace-space-with-newline,lexicase,TRUE,20,elitize_generation_data,33,42,0.582,49
35,49,replace-space-with-newline,lexicase,TRUE,20,elitize_generation_data,34,35,0.571,49
36,49,replace-space-with-newline,lexicase,TRUE,20,elitize_generation_data,35,40,0.598,49
37,49,replace-space-with-newline,lexicase,TRUE,20,elitize_generation_data,36,45,0.626,49
38,49,replace-space-with-newline,lexicase,TRUE,20,elitize_generation_data,37,38,0.616,49
39,49,replace-space-with-newline,lexicase,TRUE,20,elitize_generation_data,38,37,0.609,49
40,49,replace-space-with-newline,lexicase,TRUE,20,elitize_generation_data,39,29,0.608,49
41,49,replace-space-with-newline,lexicase,TRUE,20,elitize_generation_data,40,34,0.639,49
42,49,replace-space-with-newline,lexicase,TRUE,20,elitize_generation_data,41,38,0.639,49
43,49,replace-space-with-newline,lexicase,TRUE,20,elitize_generation_data,42,37,0.639,49
44,49,replace-space-with-newline,lexicase,TRUE,20,elitize_generation_data,43,40,0.669,49
45,49,replace-space-with-newline,lexicase,TRUE,20,elitize_generation_data,44,43,0.649,49
46,49,replace-space-with-newline,lexicase,TRUE,20,elitize_generation_data,45,40,0.657,49
47,49,replace-space-with-newline,lexicase,TRUE,20,elitize_generation_data,46,47,0.65,49
48,49,replace-space-with-newline,lexicase,TRUE,20,elitize_generation_data,47,46,0.607,49
49,49,replace-space-with-newline,lexicase,TRUE,20,elitize_generation_data,48,52,0.586,49
50,49,replace-space-with-newline,lexicase,TRUE,20,elitize_generation_data,49,48,0.567,49
