,run.num,problem,treatment,succeeded,height,normalization.function,generation,cluster.count,error.diversity,success.generation
1,39,replace-space-with-newline,lexicase,TRUE,20,elitize_generation_data,0,5,0.466,166
2,39,replace-space-with-newline,lexicase,TRUE,20,elitize_generation_data,1,10,0.261,166
3,39,replace-space-with-newline,lexicase,TRUE,20,elitize_generation_data,2,13,0.318,166
4,39,replace-space-with-newline,lexicase,TRUE,20,elitize_generation_data,3,16,0.352,166
5,39,replace-space-with-newline,lexicase,TRUE,20,elitize_generation_data,4,23,0.34,166
6,39,replace-space-with-newline,lexicase,TRUE,20,elitize_generation_data,5,26,0.357,166
7,39,replace-space-with-newline,lexicase,TRUE,20,elitize_generation_data,6,25,0.382,166
8,39,replace-space-with-newline,lexicase,TRUE,20,elitize_generation_data,7,21,0.423,166
9,39,replace-space-with-newline,lexicase,TRUE,20,elitize_generation_data,8,29,0.503,166
10,39,replace-space-with-newline,lexicase,TRUE,20,elitize_generation_data,9,25,0.562,166
11,39,replace-space-with-newline,lexicase,TRUE,20,elitize_generation_data,10,32,0.643,166
12,39,replace-space-with-newline,lexicase,TRUE,20,elitize_generation_data,11,50,0.708,166
13,39,replace-space-with-newline,lexicase,TRUE,20,elitize_generation_data,12,60,0.759,166
14,39,replace-space-with-newline,lexicase,TRUE,20,elitize_generation_data,13,47,0.629,166
15,39,replace-space-with-newline,lexicase,TRUE,20,elitize_generation_data,14,53,0.648,166
16,39,replace-space-with-newline,lexicase,TRUE,20,elitize_generation_data,15,65,0.659,166
17,39,replace-space-with-newline,lexicase,TRUE,20,elitize_generation_data,16,61,0.645,166
18,39,replace-space-with-newline,lexicase,TRUE,20,elitize_generation_data,17,66,0.685,166
19,39,replace-space-with-newline,lexicase,TRUE,20,elitize_generation_data,18,62,0.712,166
20,39,replace-space-with-newline,lexicase,TRUE,20,elitize_generation_data,19,56,0.702,166
21,39,replace-space-with-newline,lexicase,TRUE,20,elitize_generation_data,20,50,0.685,166
22,39,replace-space-with-newline,lexicase,TRUE,20,elitize_generation_data,21,54,0.684,166
23,39,replace-space-with-newline,lexicase,TRUE,20,elitize_generation_data,22,55,0.687,166
24,39,replace-space-with-newline,lexicase,TRUE,20,elitize_generation_data,23,58,0.685,166
25,39,replace-space-with-newline,lexicase,TRUE,20,elitize_generation_data,24,55,0.674,166
26,39,replace-space-with-newline,lexicase,TRUE,20,elitize_generation_data,25,52,0.706,166
27,39,replace-space-with-newline,lexicase,TRUE,20,elitize_generation_data,26,62,0.692,166
28,39,replace-space-with-newline,lexicase,TRUE,20,elitize_generation_data,27,63,0.685,166
29,39,replace-space-with-newline,lexicase,TRUE,20,elitize_generation_data,28,54,0.678,166
30,39,replace-space-with-newline,lexicase,TRUE,20,elitize_generation_data,29,38,0.698,166
31,39,replace-space-with-newline,lexicase,TRUE,20,elitize_generation_data,30,33,0.708,166
32,39,replace-space-with-newline,lexicase,TRUE,20,elitize_generation_data,31,33,0.727,166
33,39,replace-space-with-newline,lexicase,TRUE,20,elitize_generation_data,32,32,0.715,166
34,39,replace-space-with-newline,lexicase,TRUE,20,elitize_generation_data,33,22,0.791,166
35,39,replace-space-with-newline,lexicase,TRUE,20,elitize_generation_data,34,26,0.792,166
36,39,replace-space-with-newline,lexicase,TRUE,20,elitize_generation_data,35,31,0.813,166
37,39,replace-space-with-newline,lexicase,TRUE,20,elitize_generation_data,36,26,0.792,166
38,39,replace-space-with-newline,lexicase,TRUE,20,elitize_generation_data,37,25,0.833,166
39,39,replace-space-with-newline,lexicase,TRUE,20,elitize_generation_data,38,21,0.862,166
40,39,replace-space-with-newline,lexicase,TRUE,20,elitize_generation_data,39,26,0.844,166
41,39,replace-space-with-newline,lexicase,TRUE,20,elitize_generation_data,40,24,0.834,166
42,39,replace-space-with-newline,lexicase,TRUE,20,elitize_generation_data,41,23,0.862,166
43,39,replace-space-with-newline,lexicase,TRUE,20,elitize_generation_data,42,26,0.901,166
44,39,replace-space-with-newline,lexicase,TRUE,20,elitize_generation_data,43,25,0.864,166
45,39,replace-space-with-newline,lexicase,TRUE,20,elitize_generation_data,44,26,0.876,166
46,39,replace-space-with-newline,lexicase,TRUE,20,elitize_generation_data,45,34,0.894,166
47,39,replace-space-with-newline,lexicase,TRUE,20,elitize_generation_data,46,37,0.862,166
48,39,replace-space-with-newline,lexicase,TRUE,20,elitize_generation_data,47,39,0.871,166
49,39,replace-space-with-newline,lexicase,TRUE,20,elitize_generation_data,48,41,0.893,166
50,39,replace-space-with-newline,lexicase,TRUE,20,elitize_generation_data,49,40,0.899,166
51,39,replace-space-with-newline,lexicase,TRUE,20,elitize_generation_data,50,33,0.876,166
52,39,replace-space-with-newline,lexicase,TRUE,20,elitize_generation_data,51,48,0.916,166
53,39,replace-space-with-newline,lexicase,TRUE,20,elitize_generation_data,52,49,0.881,166
54,39,replace-space-with-newline,lexicase,TRUE,20,elitize_generation_data,53,41,0.868,166
55,39,replace-space-with-newline,lexicase,TRUE,20,elitize_generation_data,54,39,0.888,166
56,39,replace-space-with-newline,lexicase,TRUE,20,elitize_generation_data,55,36,0.886,166
57,39,replace-space-with-newline,lexicase,TRUE,20,elitize_generation_data,56,38,0.887,166
58,39,replace-space-with-newline,lexicase,TRUE,20,elitize_generation_data,57,41,0.871,166
59,39,replace-space-with-newline,lexicase,TRUE,20,elitize_generation_data,58,38,0.862,166
60,39,replace-space-with-newline,lexicase,TRUE,20,elitize_generation_data,59,45,0.87,166
61,39,replace-space-with-newline,lexicase,TRUE,20,elitize_generation_data,60,39,0.883,166
62,39,replace-space-with-newline,lexicase,TRUE,20,elitize_generation_data,61,44,0.879,166
63,39,replace-space-with-newline,lexicase,TRUE,20,elitize_generation_data,62,41,0.873,166
64,39,replace-space-with-newline,lexicase,TRUE,20,elitize_generation_data,63,39,0.876,166
65,39,replace-space-with-newline,lexicase,TRUE,20,elitize_generation_data,64,41,0.875,166
66,39,replace-space-with-newline,lexicase,TRUE,20,elitize_generation_data,65,40,0.862,166
67,39,replace-space-with-newline,lexicase,TRUE,20,elitize_generation_data,66,32,0.876,166
68,39,replace-space-with-newline,lexicase,TRUE,20,elitize_generation_data,67,39,0.876,166
69,39,replace-space-with-newline,lexicase,TRUE,20,elitize_generation_data,68,43,0.864,166
70,39,replace-space-with-newline,lexicase,TRUE,20,elitize_generation_data,69,35,0.885,166
71,39,replace-space-with-newline,lexicase,TRUE,20,elitize_generation_data,70,36,0.875,166
72,39,replace-space-with-newline,lexicase,TRUE,20,elitize_generation_data,71,34,0.855,166
73,39,replace-space-with-newline,lexicase,TRUE,20,elitize_generation_data,72,34,0.877,166
74,39,replace-space-with-newline,lexicase,TRUE,20,elitize_generation_data,73,38,0.862,166
75,39,replace-space-with-newline,lexicase,TRUE,20,elitize_generation_data,74,38,0.883,166
76,39,replace-space-with-newline,lexicase,TRUE,20,elitize_generation_data,75,36,0.852,166
77,39,replace-space-with-newline,lexicase,TRUE,20,elitize_generation_data,76,31,0.799,166
78,39,replace-space-with-newline,lexicase,TRUE,20,elitize_generation_data,77,37,0.826,166
79,39,replace-space-with-newline,lexicase,TRUE,20,elitize_generation_data,78,33,0.789,166
80,39,replace-space-with-newline,lexicase,TRUE,20,elitize_generation_data,79,27,0.784,166
81,39,replace-space-with-newline,lexicase,TRUE,20,elitize_generation_data,80,30,0.816,166
82,39,replace-space-with-newline,lexicase,TRUE,20,elitize_generation_data,81,39,0.814,166
83,39,replace-space-with-newline,lexicase,TRUE,20,elitize_generation_data,82,32,0.797,166
84,39,replace-space-with-newline,lexicase,TRUE,20,elitize_generation_data,83,26,0.82,166
85,39,replace-space-with-newline,lexicase,TRUE,20,elitize_generation_data,84,30,0.795,166
86,39,replace-space-with-newline,lexicase,TRUE,20,elitize_generation_data,85,30,0.814,166
87,39,replace-space-with-newline,lexicase,TRUE,20,elitize_generation_data,86,28,0.811,166
88,39,replace-space-with-newline,lexicase,TRUE,20,elitize_generation_data,87,28,0.797,166
89,39,replace-space-with-newline,lexicase,TRUE,20,elitize_generation_data,88,32,0.809,166
90,39,replace-space-with-newline,lexicase,TRUE,20,elitize_generation_data,89,28,0.783,166
91,39,replace-space-with-newline,lexicase,TRUE,20,elitize_generation_data,90,31,0.815,166
92,39,replace-space-with-newline,lexicase,TRUE,20,elitize_generation_data,91,35,0.786,166
93,39,replace-space-with-newline,lexicase,TRUE,20,elitize_generation_data,92,33,0.824,166
94,39,replace-space-with-newline,lexicase,TRUE,20,elitize_generation_data,93,31,0.789,166
95,39,replace-space-with-newline,lexicase,TRUE,20,elitize_generation_data,94,34,0.807,166
96,39,replace-space-with-newline,lexicase,TRUE,20,elitize_generation_data,95,34,0.824,166
97,39,replace-space-with-newline,lexicase,TRUE,20,elitize_generation_data,96,31,0.807,166
98,39,replace-space-with-newline,lexicase,TRUE,20,elitize_generation_data,97,32,0.823,166
99,39,replace-space-with-newline,lexicase,TRUE,20,elitize_generation_data,98,32,0.827,166
100,39,replace-space-with-newline,lexicase,TRUE,20,elitize_generation_data,99,44,0.809,166
101,39,replace-space-with-newline,lexicase,TRUE,20,elitize_generation_data,100,32,0.84,166
102,39,replace-space-with-newline,lexicase,TRUE,20,elitize_generation_data,101,35,0.796,166
103,39,replace-space-with-newline,lexicase,TRUE,20,elitize_generation_data,102,33,0.803,166
104,39,replace-space-with-newline,lexicase,TRUE,20,elitize_generation_data,103,31,0.829,166
105,39,replace-space-with-newline,lexicase,TRUE,20,elitize_generation_data,104,34,0.816,166
106,39,replace-space-with-newline,lexicase,TRUE,20,elitize_generation_data,105,28,0.829,166
107,39,replace-space-with-newline,lexicase,TRUE,20,elitize_generation_data,106,32,0.831,166
108,39,replace-space-with-newline,lexicase,TRUE,20,elitize_generation_data,107,37,0.828,166
109,39,replace-space-with-newline,lexicase,TRUE,20,elitize_generation_data,108,33,0.812,166
110,39,replace-space-with-newline,lexicase,TRUE,20,elitize_generation_data,109,39,0.804,166
111,39,replace-space-with-newline,lexicase,TRUE,20,elitize_generation_data,110,39,0.781,166
112,39,replace-space-with-newline,lexicase,TRUE,20,elitize_generation_data,111,50,0.779,166
113,39,replace-space-with-newline,lexicase,TRUE,20,elitize_generation_data,112,43,0.786,166
114,39,replace-space-with-newline,lexicase,TRUE,20,elitize_generation_data,113,35,0.806,166
115,39,replace-space-with-newline,lexicase,TRUE,20,elitize_generation_data,114,45,0.779,166
116,39,replace-space-with-newline,lexicase,TRUE,20,elitize_generation_data,115,35,0.73,166
117,39,replace-space-with-newline,lexicase,TRUE,20,elitize_generation_data,116,46,0.726,166
118,39,replace-space-with-newline,lexicase,TRUE,20,elitize_generation_data,117,49,0.733,166
119,39,replace-space-with-newline,lexicase,TRUE,20,elitize_generation_data,118,45,0.744,166
120,39,replace-space-with-newline,lexicase,TRUE,20,elitize_generation_data,119,42,0.742,166
121,39,replace-space-with-newline,lexicase,TRUE,20,elitize_generation_data,120,45,0.764,166
122,39,replace-space-with-newline,lexicase,TRUE,20,elitize_generation_data,121,43,0.769,166
123,39,replace-space-with-newline,lexicase,TRUE,20,elitize_generation_data,122,43,0.769,166
124,39,replace-space-with-newline,lexicase,TRUE,20,elitize_generation_data,123,42,0.807,166
125,39,replace-space-with-newline,lexicase,TRUE,20,elitize_generation_data,124,45,0.748,166
126,39,replace-space-with-newline,lexicase,TRUE,20,elitize_generation_data,125,37,0.765,166
127,39,replace-space-with-newline,lexicase,TRUE,20,elitize_generation_data,126,43,0.784,166
128,39,replace-space-with-newline,lexicase,TRUE,20,elitize_generation_data,127,44,0.756,166
129,39,replace-space-with-newline,lexicase,TRUE,20,elitize_generation_data,128,36,0.763,166
130,39,replace-space-with-newline,lexicase,TRUE,20,elitize_generation_data,129,44,0.776,166
131,39,replace-space-with-newline,lexicase,TRUE,20,elitize_generation_data,130,42,0.769,166
132,39,replace-space-with-newline,lexicase,TRUE,20,elitize_generation_data,131,46,0.765,166
133,39,replace-space-with-newline,lexicase,TRUE,20,elitize_generation_data,132,40,0.808,166
134,39,replace-space-with-newline,lexicase,TRUE,20,elitize_generation_data,133,48,0.812,166
135,39,replace-space-with-newline,lexicase,TRUE,20,elitize_generation_data,134,45,0.78,166
136,39,replace-space-with-newline,lexicase,TRUE,20,elitize_generation_data,135,46,0.771,166
137,39,replace-space-with-newline,lexicase,TRUE,20,elitize_generation_data,136,50,0.781,166
138,39,replace-space-with-newline,lexicase,TRUE,20,elitize_generation_data,137,44,0.754,166
139,39,replace-space-with-newline,lexicase,TRUE,20,elitize_generation_data,138,38,0.791,166
140,39,replace-space-with-newline,lexicase,TRUE,20,elitize_generation_data,139,54,0.795,166
141,39,replace-space-with-newline,lexicase,TRUE,20,elitize_generation_data,140,56,0.816,166
142,39,replace-space-with-newline,lexicase,TRUE,20,elitize_generation_data,141,51,0.793,166
143,39,replace-space-with-newline,lexicase,TRUE,20,elitize_generation_data,142,56,0.798,166
144,39,replace-space-with-newline,lexicase,TRUE,20,elitize_generation_data,143,50,0.804,166
145,39,replace-space-with-newline,lexicase,TRUE,20,elitize_generation_data,144,45,0.802,166
146,39,replace-space-with-newline,lexicase,TRUE,20,elitize_generation_data,145,44,0.791,166
147,39,replace-space-with-newline,lexicase,TRUE,20,elitize_generation_data,146,45,0.798,166
148,39,replace-space-with-newline,lexicase,TRUE,20,elitize_generation_data,147,48,0.77,166
149,39,replace-space-with-newline,lexicase,TRUE,20,elitize_generation_data,148,43,0.781,166
150,39,replace-space-with-newline,lexicase,TRUE,20,elitize_generation_data,149,47,0.804,166
151,39,replace-space-with-newline,lexicase,TRUE,20,elitize_generation_data,150,58,0.806,166
152,39,replace-space-with-newline,lexicase,TRUE,20,elitize_generation_data,151,54,0.788,166
153,39,replace-space-with-newline,lexicase,TRUE,20,elitize_generation_data,152,53,0.809,166
154,39,replace-space-with-newline,lexicase,TRUE,20,elitize_generation_data,153,49,0.822,166
155,39,replace-space-with-newline,lexicase,TRUE,20,elitize_generation_data,154,52,0.857,166
156,39,replace-space-with-newline,lexicase,TRUE,20,elitize_generation_data,155,45,0.829,166
157,39,replace-space-with-newline,lexicase,TRUE,20,elitize_generation_data,156,47,0.802,166
158,39,replace-space-with-newline,lexicase,TRUE,20,elitize_generation_data,157,43,0.833,166
159,39,replace-space-with-newline,lexicase,TRUE,20,elitize_generation_data,158,53,0.828,166
160,39,replace-space-with-newline,lexicase,TRUE,20,elitize_generation_data,159,52,0.761,166
161,39,replace-space-with-newline,lexicase,TRUE,20,elitize_generation_data,160,49,0.814,166
162,39,replace-space-with-newline,lexicase,TRUE,20,elitize_generation_data,161,57,0.826,166
163,39,replace-space-with-newline,lexicase,TRUE,20,elitize_generation_data,162,63,0.833,166
164,39,replace-space-with-newline,lexicase,TRUE,20,elitize_generation_data,163,94,0.854,166
165,39,replace-space-with-newline,lexicase,TRUE,20,elitize_generation_data,164,114,0.88,166
166,39,replace-space-with-newline,lexicase,TRUE,20,elitize_generation_data,165,130,0.878,166
167,39,replace-space-with-newline,lexicase,TRUE,20,elitize_generation_data,166,167,0.832,166
