,run.num,problem,treatment,succeeded,height,normalization.function,generation,cluster.count,error.diversity,success.generation
1,30,replace-space-with-newline,lexicase,FALSE,20,elitize_generation_data,0,7,0.488,NA
2,30,replace-space-with-newline,lexicase,FALSE,20,elitize_generation_data,1,10,0.287,NA
3,30,replace-space-with-newline,lexicase,FALSE,20,elitize_generation_data,2,10,0.278,NA
4,30,replace-space-with-newline,lexicase,FALSE,20,elitize_generation_data,3,11,0.34,NA
5,30,replace-space-with-newline,lexicase,FALSE,20,elitize_generation_data,4,12,0.379,NA
6,30,replace-space-with-newline,lexicase,FALSE,20,elitize_generation_data,5,13,0.405,NA
7,30,replace-space-with-newline,lexicase,FALSE,20,elitize_generation_data,6,11,0.465,NA
8,30,replace-space-with-newline,lexicase,FALSE,20,elitize_generation_data,7,16,0.521,NA
9,30,replace-space-with-newline,lexicase,FALSE,20,elitize_generation_data,8,17,0.465,NA
10,30,replace-space-with-newline,lexicase,FALSE,20,elitize_generation_data,9,23,0.407,NA
11,30,replace-space-with-newline,lexicase,FALSE,20,elitize_generation_data,10,24,0.429,NA
12,30,replace-space-with-newline,lexicase,FALSE,20,elitize_generation_data,11,32,0.448,NA
13,30,replace-space-with-newline,lexicase,FALSE,20,elitize_generation_data,12,33,0.48,NA
14,30,replace-space-with-newline,lexicase,FALSE,20,elitize_generation_data,13,36,0.553,NA
15,30,replace-space-with-newline,lexicase,FALSE,20,elitize_generation_data,14,37,0.564,NA
16,30,replace-space-with-newline,lexicase,FALSE,20,elitize_generation_data,15,48,0.581,NA
17,30,replace-space-with-newline,lexicase,FALSE,20,elitize_generation_data,16,42,0.605,NA
18,30,replace-space-with-newline,lexicase,FALSE,20,elitize_generation_data,17,48,0.615,NA
19,30,replace-space-with-newline,lexicase,FALSE,20,elitize_generation_data,18,58,0.58,NA
20,30,replace-space-with-newline,lexicase,FALSE,20,elitize_generation_data,19,38,0.348,NA
21,30,replace-space-with-newline,lexicase,FALSE,20,elitize_generation_data,20,15,0.234,NA
22,30,replace-space-with-newline,lexicase,FALSE,20,elitize_generation_data,21,13,0.237,NA
23,30,replace-space-with-newline,lexicase,FALSE,20,elitize_generation_data,22,18,0.267,NA
24,30,replace-space-with-newline,lexicase,FALSE,20,elitize_generation_data,23,15,0.254,NA
25,30,replace-space-with-newline,lexicase,FALSE,20,elitize_generation_data,24,19,0.264,NA
26,30,replace-space-with-newline,lexicase,FALSE,20,elitize_generation_data,25,18,0.233,NA
27,30,replace-space-with-newline,lexicase,FALSE,20,elitize_generation_data,26,22,0.267,NA
28,30,replace-space-with-newline,lexicase,FALSE,20,elitize_generation_data,27,17,0.27,NA
29,30,replace-space-with-newline,lexicase,FALSE,20,elitize_generation_data,28,14,0.274,NA
30,30,replace-space-with-newline,lexicase,FALSE,20,elitize_generation_data,29,15,0.263,NA
31,30,replace-space-with-newline,lexicase,FALSE,20,elitize_generation_data,30,19,0.254,NA
32,30,replace-space-with-newline,lexicase,FALSE,20,elitize_generation_data,31,23,0.288,NA
33,30,replace-space-with-newline,lexicase,FALSE,20,elitize_generation_data,32,17,0.302,NA
34,30,replace-space-with-newline,lexicase,FALSE,20,elitize_generation_data,33,18,0.326,NA
35,30,replace-space-with-newline,lexicase,FALSE,20,elitize_generation_data,34,20,0.318,NA
36,30,replace-space-with-newline,lexicase,FALSE,20,elitize_generation_data,35,21,0.311,NA
37,30,replace-space-with-newline,lexicase,FALSE,20,elitize_generation_data,36,19,0.301,NA
38,30,replace-space-with-newline,lexicase,FALSE,20,elitize_generation_data,37,22,0.339,NA
39,30,replace-space-with-newline,lexicase,FALSE,20,elitize_generation_data,38,25,0.361,NA
40,30,replace-space-with-newline,lexicase,FALSE,20,elitize_generation_data,39,20,0.371,NA
41,30,replace-space-with-newline,lexicase,FALSE,20,elitize_generation_data,40,26,0.403,NA
42,30,replace-space-with-newline,lexicase,FALSE,20,elitize_generation_data,41,26,0.43,NA
43,30,replace-space-with-newline,lexicase,FALSE,20,elitize_generation_data,42,26,0.456,NA
44,30,replace-space-with-newline,lexicase,FALSE,20,elitize_generation_data,43,22,0.462,NA
45,30,replace-space-with-newline,lexicase,FALSE,20,elitize_generation_data,44,26,0.469,NA
46,30,replace-space-with-newline,lexicase,FALSE,20,elitize_generation_data,45,25,0.463,NA
47,30,replace-space-with-newline,lexicase,FALSE,20,elitize_generation_data,46,19,0.496,NA
48,30,replace-space-with-newline,lexicase,FALSE,20,elitize_generation_data,47,24,0.5,NA
49,30,replace-space-with-newline,lexicase,FALSE,20,elitize_generation_data,48,30,0.492,NA
50,30,replace-space-with-newline,lexicase,FALSE,20,elitize_generation_data,49,32,0.495,NA
51,30,replace-space-with-newline,lexicase,FALSE,20,elitize_generation_data,50,27,0.489,NA
52,30,replace-space-with-newline,lexicase,FALSE,20,elitize_generation_data,51,41,0.541,NA
53,30,replace-space-with-newline,lexicase,FALSE,20,elitize_generation_data,52,36,0.549,NA
54,30,replace-space-with-newline,lexicase,FALSE,20,elitize_generation_data,53,37,0.55,NA
55,30,replace-space-with-newline,lexicase,FALSE,20,elitize_generation_data,54,34,0.528,NA
56,30,replace-space-with-newline,lexicase,FALSE,20,elitize_generation_data,55,31,0.57,NA
57,30,replace-space-with-newline,lexicase,FALSE,20,elitize_generation_data,56,34,0.61,NA
58,30,replace-space-with-newline,lexicase,FALSE,20,elitize_generation_data,57,40,0.575,NA
59,30,replace-space-with-newline,lexicase,FALSE,20,elitize_generation_data,58,35,0.639,NA
60,30,replace-space-with-newline,lexicase,FALSE,20,elitize_generation_data,59,36,0.67,NA
61,30,replace-space-with-newline,lexicase,FALSE,20,elitize_generation_data,60,42,0.67,NA
62,30,replace-space-with-newline,lexicase,FALSE,20,elitize_generation_data,61,38,0.649,NA
63,30,replace-space-with-newline,lexicase,FALSE,20,elitize_generation_data,62,39,0.674,NA
64,30,replace-space-with-newline,lexicase,FALSE,20,elitize_generation_data,63,42,0.703,NA
65,30,replace-space-with-newline,lexicase,FALSE,20,elitize_generation_data,64,36,0.674,NA
66,30,replace-space-with-newline,lexicase,FALSE,20,elitize_generation_data,65,33,0.68,NA
67,30,replace-space-with-newline,lexicase,FALSE,20,elitize_generation_data,66,33,0.709,NA
68,30,replace-space-with-newline,lexicase,FALSE,20,elitize_generation_data,67,35,0.764,NA
69,30,replace-space-with-newline,lexicase,FALSE,20,elitize_generation_data,68,28,0.779,NA
70,30,replace-space-with-newline,lexicase,FALSE,20,elitize_generation_data,69,27,0.796,NA
71,30,replace-space-with-newline,lexicase,FALSE,20,elitize_generation_data,70,30,0.821,NA
72,30,replace-space-with-newline,lexicase,FALSE,20,elitize_generation_data,71,31,0.809,NA
73,30,replace-space-with-newline,lexicase,FALSE,20,elitize_generation_data,72,26,0.816,NA
74,30,replace-space-with-newline,lexicase,FALSE,20,elitize_generation_data,73,29,0.837,NA
75,30,replace-space-with-newline,lexicase,FALSE,20,elitize_generation_data,74,32,0.816,NA
76,30,replace-space-with-newline,lexicase,FALSE,20,elitize_generation_data,75,38,0.825,NA
77,30,replace-space-with-newline,lexicase,FALSE,20,elitize_generation_data,76,43,0.825,NA
78,30,replace-space-with-newline,lexicase,FALSE,20,elitize_generation_data,77,38,0.84,NA
79,30,replace-space-with-newline,lexicase,FALSE,20,elitize_generation_data,78,47,0.823,NA
80,30,replace-space-with-newline,lexicase,FALSE,20,elitize_generation_data,79,44,0.813,NA
81,30,replace-space-with-newline,lexicase,FALSE,20,elitize_generation_data,80,52,0.848,NA
82,30,replace-space-with-newline,lexicase,FALSE,20,elitize_generation_data,81,50,0.859,NA
83,30,replace-space-with-newline,lexicase,FALSE,20,elitize_generation_data,82,57,0.858,NA
84,30,replace-space-with-newline,lexicase,FALSE,20,elitize_generation_data,83,51,0.865,NA
85,30,replace-space-with-newline,lexicase,FALSE,20,elitize_generation_data,84,56,0.881,NA
86,30,replace-space-with-newline,lexicase,FALSE,20,elitize_generation_data,85,53,0.849,NA
87,30,replace-space-with-newline,lexicase,FALSE,20,elitize_generation_data,86,63,0.868,NA
88,30,replace-space-with-newline,lexicase,FALSE,20,elitize_generation_data,87,50,0.871,NA
89,30,replace-space-with-newline,lexicase,FALSE,20,elitize_generation_data,88,47,0.87,NA
90,30,replace-space-with-newline,lexicase,FALSE,20,elitize_generation_data,89,63,0.872,NA
91,30,replace-space-with-newline,lexicase,FALSE,20,elitize_generation_data,90,58,0.902,NA
92,30,replace-space-with-newline,lexicase,FALSE,20,elitize_generation_data,91,54,0.892,NA
93,30,replace-space-with-newline,lexicase,FALSE,20,elitize_generation_data,92,60,0.879,NA
94,30,replace-space-with-newline,lexicase,FALSE,20,elitize_generation_data,93,48,0.899,NA
95,30,replace-space-with-newline,lexicase,FALSE,20,elitize_generation_data,94,48,0.901,NA
96,30,replace-space-with-newline,lexicase,FALSE,20,elitize_generation_data,95,49,0.895,NA
97,30,replace-space-with-newline,lexicase,FALSE,20,elitize_generation_data,96,54,0.892,NA
98,30,replace-space-with-newline,lexicase,FALSE,20,elitize_generation_data,97,62,0.908,NA
99,30,replace-space-with-newline,lexicase,FALSE,20,elitize_generation_data,98,60,0.886,NA
100,30,replace-space-with-newline,lexicase,FALSE,20,elitize_generation_data,99,50,0.896,NA
101,30,replace-space-with-newline,lexicase,FALSE,20,elitize_generation_data,100,57,0.901,NA
102,30,replace-space-with-newline,lexicase,FALSE,20,elitize_generation_data,101,58,0.905,NA
103,30,replace-space-with-newline,lexicase,FALSE,20,elitize_generation_data,102,59,0.898,NA
104,30,replace-space-with-newline,lexicase,FALSE,20,elitize_generation_data,103,61,0.899,NA
105,30,replace-space-with-newline,lexicase,FALSE,20,elitize_generation_data,104,63,0.924,NA
106,30,replace-space-with-newline,lexicase,FALSE,20,elitize_generation_data,105,62,0.909,NA
107,30,replace-space-with-newline,lexicase,FALSE,20,elitize_generation_data,106,62,0.898,NA
108,30,replace-space-with-newline,lexicase,FALSE,20,elitize_generation_data,107,55,0.909,NA
109,30,replace-space-with-newline,lexicase,FALSE,20,elitize_generation_data,108,58,0.877,NA
110,30,replace-space-with-newline,lexicase,FALSE,20,elitize_generation_data,109,59,0.906,NA
111,30,replace-space-with-newline,lexicase,FALSE,20,elitize_generation_data,110,56,0.888,NA
112,30,replace-space-with-newline,lexicase,FALSE,20,elitize_generation_data,111,62,0.903,NA
113,30,replace-space-with-newline,lexicase,FALSE,20,elitize_generation_data,112,64,0.883,NA
114,30,replace-space-with-newline,lexicase,FALSE,20,elitize_generation_data,113,67,0.912,NA
115,30,replace-space-with-newline,lexicase,FALSE,20,elitize_generation_data,114,61,0.911,NA
116,30,replace-space-with-newline,lexicase,FALSE,20,elitize_generation_data,115,75,0.912,NA
117,30,replace-space-with-newline,lexicase,FALSE,20,elitize_generation_data,116,71,0.895,NA
118,30,replace-space-with-newline,lexicase,FALSE,20,elitize_generation_data,117,70,0.885,NA
119,30,replace-space-with-newline,lexicase,FALSE,20,elitize_generation_data,118,65,0.871,NA
120,30,replace-space-with-newline,lexicase,FALSE,20,elitize_generation_data,119,69,0.889,NA
121,30,replace-space-with-newline,lexicase,FALSE,20,elitize_generation_data,120,66,0.868,NA
122,30,replace-space-with-newline,lexicase,FALSE,20,elitize_generation_data,121,63,0.863,NA
123,30,replace-space-with-newline,lexicase,FALSE,20,elitize_generation_data,122,62,0.889,NA
124,30,replace-space-with-newline,lexicase,FALSE,20,elitize_generation_data,123,59,0.881,NA
125,30,replace-space-with-newline,lexicase,FALSE,20,elitize_generation_data,124,64,0.892,NA
126,30,replace-space-with-newline,lexicase,FALSE,20,elitize_generation_data,125,71,0.887,NA
127,30,replace-space-with-newline,lexicase,FALSE,20,elitize_generation_data,126,54,0.886,NA
128,30,replace-space-with-newline,lexicase,FALSE,20,elitize_generation_data,127,64,0.848,NA
129,30,replace-space-with-newline,lexicase,FALSE,20,elitize_generation_data,128,68,0.835,NA
130,30,replace-space-with-newline,lexicase,FALSE,20,elitize_generation_data,129,65,0.841,NA
131,30,replace-space-with-newline,lexicase,FALSE,20,elitize_generation_data,130,59,0.853,NA
132,30,replace-space-with-newline,lexicase,FALSE,20,elitize_generation_data,131,52,0.84,NA
133,30,replace-space-with-newline,lexicase,FALSE,20,elitize_generation_data,132,60,0.838,NA
134,30,replace-space-with-newline,lexicase,FALSE,20,elitize_generation_data,133,65,0.851,NA
135,30,replace-space-with-newline,lexicase,FALSE,20,elitize_generation_data,134,59,0.842,NA
136,30,replace-space-with-newline,lexicase,FALSE,20,elitize_generation_data,135,57,0.855,NA
137,30,replace-space-with-newline,lexicase,FALSE,20,elitize_generation_data,136,73,0.853,NA
138,30,replace-space-with-newline,lexicase,FALSE,20,elitize_generation_data,137,54,0.826,NA
139,30,replace-space-with-newline,lexicase,FALSE,20,elitize_generation_data,138,60,0.835,NA
140,30,replace-space-with-newline,lexicase,FALSE,20,elitize_generation_data,139,71,0.831,NA
141,30,replace-space-with-newline,lexicase,FALSE,20,elitize_generation_data,140,67,0.843,NA
142,30,replace-space-with-newline,lexicase,FALSE,20,elitize_generation_data,141,61,0.841,NA
143,30,replace-space-with-newline,lexicase,FALSE,20,elitize_generation_data,142,61,0.839,NA
144,30,replace-space-with-newline,lexicase,FALSE,20,elitize_generation_data,143,65,0.859,NA
145,30,replace-space-with-newline,lexicase,FALSE,20,elitize_generation_data,144,64,0.828,NA
146,30,replace-space-with-newline,lexicase,FALSE,20,elitize_generation_data,145,61,0.841,NA
147,30,replace-space-with-newline,lexicase,FALSE,20,elitize_generation_data,146,65,0.865,NA
148,30,replace-space-with-newline,lexicase,FALSE,20,elitize_generation_data,147,65,0.826,NA
149,30,replace-space-with-newline,lexicase,FALSE,20,elitize_generation_data,148,65,0.848,NA
150,30,replace-space-with-newline,lexicase,FALSE,20,elitize_generation_data,149,75,0.858,NA
151,30,replace-space-with-newline,lexicase,FALSE,20,elitize_generation_data,150,72,0.843,NA
152,30,replace-space-with-newline,lexicase,FALSE,20,elitize_generation_data,151,58,0.834,NA
153,30,replace-space-with-newline,lexicase,FALSE,20,elitize_generation_data,152,65,0.857,NA
154,30,replace-space-with-newline,lexicase,FALSE,20,elitize_generation_data,153,58,0.844,NA
155,30,replace-space-with-newline,lexicase,FALSE,20,elitize_generation_data,154,56,0.836,NA
156,30,replace-space-with-newline,lexicase,FALSE,20,elitize_generation_data,155,54,0.824,NA
157,30,replace-space-with-newline,lexicase,FALSE,20,elitize_generation_data,156,45,0.835,NA
158,30,replace-space-with-newline,lexicase,FALSE,20,elitize_generation_data,157,66,0.848,NA
159,30,replace-space-with-newline,lexicase,FALSE,20,elitize_generation_data,158,59,0.828,NA
160,30,replace-space-with-newline,lexicase,FALSE,20,elitize_generation_data,159,61,0.847,NA
161,30,replace-space-with-newline,lexicase,FALSE,20,elitize_generation_data,160,56,0.838,NA
162,30,replace-space-with-newline,lexicase,FALSE,20,elitize_generation_data,161,58,0.825,NA
163,30,replace-space-with-newline,lexicase,FALSE,20,elitize_generation_data,162,57,0.864,NA
164,30,replace-space-with-newline,lexicase,FALSE,20,elitize_generation_data,163,59,0.858,NA
165,30,replace-space-with-newline,lexicase,FALSE,20,elitize_generation_data,164,50,0.868,NA
166,30,replace-space-with-newline,lexicase,FALSE,20,elitize_generation_data,165,54,0.867,NA
167,30,replace-space-with-newline,lexicase,FALSE,20,elitize_generation_data,166,59,0.86,NA
168,30,replace-space-with-newline,lexicase,FALSE,20,elitize_generation_data,167,66,0.863,NA
169,30,replace-space-with-newline,lexicase,FALSE,20,elitize_generation_data,168,71,0.862,NA
170,30,replace-space-with-newline,lexicase,FALSE,20,elitize_generation_data,169,69,0.853,NA
171,30,replace-space-with-newline,lexicase,FALSE,20,elitize_generation_data,170,59,0.854,NA
172,30,replace-space-with-newline,lexicase,FALSE,20,elitize_generation_data,171,47,0.85,NA
173,30,replace-space-with-newline,lexicase,FALSE,20,elitize_generation_data,172,66,0.852,NA
174,30,replace-space-with-newline,lexicase,FALSE,20,elitize_generation_data,173,48,0.83,NA
175,30,replace-space-with-newline,lexicase,FALSE,20,elitize_generation_data,174,52,0.855,NA
176,30,replace-space-with-newline,lexicase,FALSE,20,elitize_generation_data,175,65,0.846,NA
177,30,replace-space-with-newline,lexicase,FALSE,20,elitize_generation_data,176,64,0.863,NA
178,30,replace-space-with-newline,lexicase,FALSE,20,elitize_generation_data,177,72,0.861,NA
179,30,replace-space-with-newline,lexicase,FALSE,20,elitize_generation_data,178,63,0.869,NA
180,30,replace-space-with-newline,lexicase,FALSE,20,elitize_generation_data,179,58,0.861,NA
181,30,replace-space-with-newline,lexicase,FALSE,20,elitize_generation_data,180,62,0.874,NA
182,30,replace-space-with-newline,lexicase,FALSE,20,elitize_generation_data,181,59,0.876,NA
183,30,replace-space-with-newline,lexicase,FALSE,20,elitize_generation_data,182,61,0.87,NA
184,30,replace-space-with-newline,lexicase,FALSE,20,elitize_generation_data,183,58,0.897,NA
185,30,replace-space-with-newline,lexicase,FALSE,20,elitize_generation_data,184,62,0.881,NA
186,30,replace-space-with-newline,lexicase,FALSE,20,elitize_generation_data,185,60,0.879,NA
187,30,replace-space-with-newline,lexicase,FALSE,20,elitize_generation_data,186,53,0.892,NA
188,30,replace-space-with-newline,lexicase,FALSE,20,elitize_generation_data,187,61,0.898,NA
189,30,replace-space-with-newline,lexicase,FALSE,20,elitize_generation_data,188,49,0.888,NA
190,30,replace-space-with-newline,lexicase,FALSE,20,elitize_generation_data,189,45,0.886,NA
191,30,replace-space-with-newline,lexicase,FALSE,20,elitize_generation_data,190,64,0.877,NA
192,30,replace-space-with-newline,lexicase,FALSE,20,elitize_generation_data,191,57,0.889,NA
193,30,replace-space-with-newline,lexicase,FALSE,20,elitize_generation_data,192,63,0.885,NA
194,30,replace-space-with-newline,lexicase,FALSE,20,elitize_generation_data,193,61,0.88,NA
195,30,replace-space-with-newline,lexicase,FALSE,20,elitize_generation_data,194,65,0.895,NA
196,30,replace-space-with-newline,lexicase,FALSE,20,elitize_generation_data,195,68,0.909,NA
197,30,replace-space-with-newline,lexicase,FALSE,20,elitize_generation_data,196,72,0.912,NA
198,30,replace-space-with-newline,lexicase,FALSE,20,elitize_generation_data,197,69,0.888,NA
199,30,replace-space-with-newline,lexicase,FALSE,20,elitize_generation_data,198,65,0.891,NA
200,30,replace-space-with-newline,lexicase,FALSE,20,elitize_generation_data,199,73,0.905,NA
201,30,replace-space-with-newline,lexicase,FALSE,20,elitize_generation_data,200,64,0.907,NA
202,30,replace-space-with-newline,lexicase,FALSE,20,elitize_generation_data,201,60,0.916,NA
203,30,replace-space-with-newline,lexicase,FALSE,20,elitize_generation_data,202,67,0.915,NA
204,30,replace-space-with-newline,lexicase,FALSE,20,elitize_generation_data,203,69,0.922,NA
205,30,replace-space-with-newline,lexicase,FALSE,20,elitize_generation_data,204,71,0.909,NA
206,30,replace-space-with-newline,lexicase,FALSE,20,elitize_generation_data,205,54,0.906,NA
207,30,replace-space-with-newline,lexicase,FALSE,20,elitize_generation_data,206,64,0.92,NA
208,30,replace-space-with-newline,lexicase,FALSE,20,elitize_generation_data,207,59,0.91,NA
209,30,replace-space-with-newline,lexicase,FALSE,20,elitize_generation_data,208,66,0.885,NA
210,30,replace-space-with-newline,lexicase,FALSE,20,elitize_generation_data,209,69,0.905,NA
211,30,replace-space-with-newline,lexicase,FALSE,20,elitize_generation_data,210,66,0.885,NA
212,30,replace-space-with-newline,lexicase,FALSE,20,elitize_generation_data,211,71,0.877,NA
213,30,replace-space-with-newline,lexicase,FALSE,20,elitize_generation_data,212,69,0.902,NA
214,30,replace-space-with-newline,lexicase,FALSE,20,elitize_generation_data,213,81,0.902,NA
215,30,replace-space-with-newline,lexicase,FALSE,20,elitize_generation_data,214,67,0.882,NA
216,30,replace-space-with-newline,lexicase,FALSE,20,elitize_generation_data,215,63,0.88,NA
217,30,replace-space-with-newline,lexicase,FALSE,20,elitize_generation_data,216,77,0.893,NA
218,30,replace-space-with-newline,lexicase,FALSE,20,elitize_generation_data,217,67,0.9,NA
219,30,replace-space-with-newline,lexicase,FALSE,20,elitize_generation_data,218,76,0.877,NA
220,30,replace-space-with-newline,lexicase,FALSE,20,elitize_generation_data,219,68,0.896,NA
221,30,replace-space-with-newline,lexicase,FALSE,20,elitize_generation_data,220,68,0.912,NA
222,30,replace-space-with-newline,lexicase,FALSE,20,elitize_generation_data,221,61,0.902,NA
223,30,replace-space-with-newline,lexicase,FALSE,20,elitize_generation_data,222,69,0.906,NA
224,30,replace-space-with-newline,lexicase,FALSE,20,elitize_generation_data,223,61,0.905,NA
225,30,replace-space-with-newline,lexicase,FALSE,20,elitize_generation_data,224,67,0.894,NA
226,30,replace-space-with-newline,lexicase,FALSE,20,elitize_generation_data,225,75,0.901,NA
227,30,replace-space-with-newline,lexicase,FALSE,20,elitize_generation_data,226,59,0.905,NA
228,30,replace-space-with-newline,lexicase,FALSE,20,elitize_generation_data,227,77,0.892,NA
229,30,replace-space-with-newline,lexicase,FALSE,20,elitize_generation_data,228,83,0.891,NA
230,30,replace-space-with-newline,lexicase,FALSE,20,elitize_generation_data,229,78,0.899,NA
231,30,replace-space-with-newline,lexicase,FALSE,20,elitize_generation_data,230,85,0.903,NA
232,30,replace-space-with-newline,lexicase,FALSE,20,elitize_generation_data,231,76,0.898,NA
233,30,replace-space-with-newline,lexicase,FALSE,20,elitize_generation_data,232,73,0.917,NA
234,30,replace-space-with-newline,lexicase,FALSE,20,elitize_generation_data,233,72,0.906,NA
235,30,replace-space-with-newline,lexicase,FALSE,20,elitize_generation_data,234,76,0.905,NA
236,30,replace-space-with-newline,lexicase,FALSE,20,elitize_generation_data,235,88,0.899,NA
237,30,replace-space-with-newline,lexicase,FALSE,20,elitize_generation_data,236,92,0.933,NA
238,30,replace-space-with-newline,lexicase,FALSE,20,elitize_generation_data,237,86,0.92,NA
239,30,replace-space-with-newline,lexicase,FALSE,20,elitize_generation_data,238,85,0.902,NA
240,30,replace-space-with-newline,lexicase,FALSE,20,elitize_generation_data,239,87,0.923,NA
241,30,replace-space-with-newline,lexicase,FALSE,20,elitize_generation_data,240,99,0.917,NA
242,30,replace-space-with-newline,lexicase,FALSE,20,elitize_generation_data,241,105,0.915,NA
243,30,replace-space-with-newline,lexicase,FALSE,20,elitize_generation_data,242,104,0.9,NA
244,30,replace-space-with-newline,lexicase,FALSE,20,elitize_generation_data,243,79,0.891,NA
245,30,replace-space-with-newline,lexicase,FALSE,20,elitize_generation_data,244,94,0.901,NA
246,30,replace-space-with-newline,lexicase,FALSE,20,elitize_generation_data,245,104,0.904,NA
247,30,replace-space-with-newline,lexicase,FALSE,20,elitize_generation_data,246,88,0.907,NA
248,30,replace-space-with-newline,lexicase,FALSE,20,elitize_generation_data,247,103,0.914,NA
249,30,replace-space-with-newline,lexicase,FALSE,20,elitize_generation_data,248,112,0.914,NA
250,30,replace-space-with-newline,lexicase,FALSE,20,elitize_generation_data,249,107,0.898,NA
251,30,replace-space-with-newline,lexicase,FALSE,20,elitize_generation_data,250,88,0.922,NA
252,30,replace-space-with-newline,lexicase,FALSE,20,elitize_generation_data,251,92,0.919,NA
253,30,replace-space-with-newline,lexicase,FALSE,20,elitize_generation_data,252,85,0.926,NA
254,30,replace-space-with-newline,lexicase,FALSE,20,elitize_generation_data,253,85,0.917,NA
255,30,replace-space-with-newline,lexicase,FALSE,20,elitize_generation_data,254,84,0.911,NA
256,30,replace-space-with-newline,lexicase,FALSE,20,elitize_generation_data,255,106,0.924,NA
257,30,replace-space-with-newline,lexicase,FALSE,20,elitize_generation_data,256,77,0.92,NA
258,30,replace-space-with-newline,lexicase,FALSE,20,elitize_generation_data,257,82,0.909,NA
259,30,replace-space-with-newline,lexicase,FALSE,20,elitize_generation_data,258,104,0.92,NA
260,30,replace-space-with-newline,lexicase,FALSE,20,elitize_generation_data,259,91,0.899,NA
261,30,replace-space-with-newline,lexicase,FALSE,20,elitize_generation_data,260,93,0.903,NA
262,30,replace-space-with-newline,lexicase,FALSE,20,elitize_generation_data,261,75,0.906,NA
263,30,replace-space-with-newline,lexicase,FALSE,20,elitize_generation_data,262,89,0.901,NA
264,30,replace-space-with-newline,lexicase,FALSE,20,elitize_generation_data,263,85,0.925,NA
265,30,replace-space-with-newline,lexicase,FALSE,20,elitize_generation_data,264,101,0.901,NA
266,30,replace-space-with-newline,lexicase,FALSE,20,elitize_generation_data,265,83,0.909,NA
267,30,replace-space-with-newline,lexicase,FALSE,20,elitize_generation_data,266,93,0.889,NA
268,30,replace-space-with-newline,lexicase,FALSE,20,elitize_generation_data,267,84,0.895,NA
269,30,replace-space-with-newline,lexicase,FALSE,20,elitize_generation_data,268,89,0.901,NA
270,30,replace-space-with-newline,lexicase,FALSE,20,elitize_generation_data,269,93,0.892,NA
271,30,replace-space-with-newline,lexicase,FALSE,20,elitize_generation_data,270,84,0.898,NA
272,30,replace-space-with-newline,lexicase,FALSE,20,elitize_generation_data,271,89,0.917,NA
273,30,replace-space-with-newline,lexicase,FALSE,20,elitize_generation_data,272,92,0.902,NA
274,30,replace-space-with-newline,lexicase,FALSE,20,elitize_generation_data,273,88,0.883,NA
275,30,replace-space-with-newline,lexicase,FALSE,20,elitize_generation_data,274,91,0.878,NA
276,30,replace-space-with-newline,lexicase,FALSE,20,elitize_generation_data,275,77,0.894,NA
277,30,replace-space-with-newline,lexicase,FALSE,20,elitize_generation_data,276,88,0.881,NA
278,30,replace-space-with-newline,lexicase,FALSE,20,elitize_generation_data,277,93,0.923,NA
279,30,replace-space-with-newline,lexicase,FALSE,20,elitize_generation_data,278,99,0.896,NA
280,30,replace-space-with-newline,lexicase,FALSE,20,elitize_generation_data,279,94,0.902,NA
281,30,replace-space-with-newline,lexicase,FALSE,20,elitize_generation_data,280,84,0.885,NA
282,30,replace-space-with-newline,lexicase,FALSE,20,elitize_generation_data,281,94,0.894,NA
283,30,replace-space-with-newline,lexicase,FALSE,20,elitize_generation_data,282,87,0.91,NA
284,30,replace-space-with-newline,lexicase,FALSE,20,elitize_generation_data,283,95,0.897,NA
285,30,replace-space-with-newline,lexicase,FALSE,20,elitize_generation_data,284,102,0.9,NA
286,30,replace-space-with-newline,lexicase,FALSE,20,elitize_generation_data,285,92,0.896,NA
287,30,replace-space-with-newline,lexicase,FALSE,20,elitize_generation_data,286,85,0.906,NA
288,30,replace-space-with-newline,lexicase,FALSE,20,elitize_generation_data,287,89,0.897,NA
289,30,replace-space-with-newline,lexicase,FALSE,20,elitize_generation_data,288,92,0.907,NA
290,30,replace-space-with-newline,lexicase,FALSE,20,elitize_generation_data,289,104,0.911,NA
291,30,replace-space-with-newline,lexicase,FALSE,20,elitize_generation_data,290,95,0.889,NA
292,30,replace-space-with-newline,lexicase,FALSE,20,elitize_generation_data,291,93,0.898,NA
293,30,replace-space-with-newline,lexicase,FALSE,20,elitize_generation_data,292,102,0.903,NA
294,30,replace-space-with-newline,lexicase,FALSE,20,elitize_generation_data,293,100,0.876,NA
295,30,replace-space-with-newline,lexicase,FALSE,20,elitize_generation_data,294,88,0.877,NA
296,30,replace-space-with-newline,lexicase,FALSE,20,elitize_generation_data,295,84,0.881,NA
297,30,replace-space-with-newline,lexicase,FALSE,20,elitize_generation_data,296,93,0.908,NA
298,30,replace-space-with-newline,lexicase,FALSE,20,elitize_generation_data,297,96,0.881,NA
299,30,replace-space-with-newline,lexicase,FALSE,20,elitize_generation_data,298,84,0.892,NA
300,30,replace-space-with-newline,lexicase,FALSE,20,elitize_generation_data,299,75,0.893,NA
301,30,replace-space-with-newline,lexicase,FALSE,20,elitize_generation_data,300,89,0.895,NA
