,run.num,problem,treatment,succeeded,height,normalization.function,generation,cluster.count,error.diversity,success.generation
1,8,replace-space-with-newline,lexicase,TRUE,20,elitize_generation_data,0,3,0.509,297
2,8,replace-space-with-newline,lexicase,TRUE,20,elitize_generation_data,1,5,0.213,297
3,8,replace-space-with-newline,lexicase,TRUE,20,elitize_generation_data,2,6,0.262,297
4,8,replace-space-with-newline,lexicase,TRUE,20,elitize_generation_data,3,10,0.298,297
5,8,replace-space-with-newline,lexicase,TRUE,20,elitize_generation_data,4,10,0.325,297
6,8,replace-space-with-newline,lexicase,TRUE,20,elitize_generation_data,5,14,0.298,297
7,8,replace-space-with-newline,lexicase,TRUE,20,elitize_generation_data,6,21,0.328,297
8,8,replace-space-with-newline,lexicase,TRUE,20,elitize_generation_data,7,29,0.335,297
9,8,replace-space-with-newline,lexicase,TRUE,20,elitize_generation_data,8,34,0.313,297
10,8,replace-space-with-newline,lexicase,TRUE,20,elitize_generation_data,9,16,0.183,297
11,8,replace-space-with-newline,lexicase,TRUE,20,elitize_generation_data,10,18,0.173,297
12,8,replace-space-with-newline,lexicase,TRUE,20,elitize_generation_data,11,21,0.184,297
13,8,replace-space-with-newline,lexicase,TRUE,20,elitize_generation_data,12,22,0.206,297
14,8,replace-space-with-newline,lexicase,TRUE,20,elitize_generation_data,13,14,0.195,297
15,8,replace-space-with-newline,lexicase,TRUE,20,elitize_generation_data,14,17,0.176,297
16,8,replace-space-with-newline,lexicase,TRUE,20,elitize_generation_data,15,18,0.199,297
17,8,replace-space-with-newline,lexicase,TRUE,20,elitize_generation_data,16,18,0.176,297
18,8,replace-space-with-newline,lexicase,TRUE,20,elitize_generation_data,17,17,0.203,297
19,8,replace-space-with-newline,lexicase,TRUE,20,elitize_generation_data,18,19,0.208,297
20,8,replace-space-with-newline,lexicase,TRUE,20,elitize_generation_data,19,18,0.185,297
21,8,replace-space-with-newline,lexicase,TRUE,20,elitize_generation_data,20,18,0.203,297
22,8,replace-space-with-newline,lexicase,TRUE,20,elitize_generation_data,21,24,0.208,297
23,8,replace-space-with-newline,lexicase,TRUE,20,elitize_generation_data,22,18,0.193,297
24,8,replace-space-with-newline,lexicase,TRUE,20,elitize_generation_data,23,19,0.211,297
25,8,replace-space-with-newline,lexicase,TRUE,20,elitize_generation_data,24,18,0.206,297
26,8,replace-space-with-newline,lexicase,TRUE,20,elitize_generation_data,25,17,0.194,297
27,8,replace-space-with-newline,lexicase,TRUE,20,elitize_generation_data,26,21,0.202,297
28,8,replace-space-with-newline,lexicase,TRUE,20,elitize_generation_data,27,18,0.188,297
29,8,replace-space-with-newline,lexicase,TRUE,20,elitize_generation_data,28,23,0.213,297
30,8,replace-space-with-newline,lexicase,TRUE,20,elitize_generation_data,29,18,0.192,297
31,8,replace-space-with-newline,lexicase,TRUE,20,elitize_generation_data,30,22,0.194,297
32,8,replace-space-with-newline,lexicase,TRUE,20,elitize_generation_data,31,21,0.193,297
33,8,replace-space-with-newline,lexicase,TRUE,20,elitize_generation_data,32,18,0.168,297
34,8,replace-space-with-newline,lexicase,TRUE,20,elitize_generation_data,33,16,0.179,297
35,8,replace-space-with-newline,lexicase,TRUE,20,elitize_generation_data,34,19,0.205,297
36,8,replace-space-with-newline,lexicase,TRUE,20,elitize_generation_data,35,18,0.169,297
37,8,replace-space-with-newline,lexicase,TRUE,20,elitize_generation_data,36,19,0.202,297
38,8,replace-space-with-newline,lexicase,TRUE,20,elitize_generation_data,37,19,0.193,297
39,8,replace-space-with-newline,lexicase,TRUE,20,elitize_generation_data,38,20,0.179,297
40,8,replace-space-with-newline,lexicase,TRUE,20,elitize_generation_data,39,19,0.172,297
41,8,replace-space-with-newline,lexicase,TRUE,20,elitize_generation_data,40,22,0.173,297
42,8,replace-space-with-newline,lexicase,TRUE,20,elitize_generation_data,41,17,0.159,297
43,8,replace-space-with-newline,lexicase,TRUE,20,elitize_generation_data,42,16,0.153,297
44,8,replace-space-with-newline,lexicase,TRUE,20,elitize_generation_data,43,16,0.147,297
45,8,replace-space-with-newline,lexicase,TRUE,20,elitize_generation_data,44,19,0.157,297
46,8,replace-space-with-newline,lexicase,TRUE,20,elitize_generation_data,45,18,0.152,297
47,8,replace-space-with-newline,lexicase,TRUE,20,elitize_generation_data,46,15,0.139,297
48,8,replace-space-with-newline,lexicase,TRUE,20,elitize_generation_data,47,19,0.153,297
49,8,replace-space-with-newline,lexicase,TRUE,20,elitize_generation_data,48,23,0.164,297
50,8,replace-space-with-newline,lexicase,TRUE,20,elitize_generation_data,49,23,0.15,297
51,8,replace-space-with-newline,lexicase,TRUE,20,elitize_generation_data,50,24,0.168,297
52,8,replace-space-with-newline,lexicase,TRUE,20,elitize_generation_data,51,21,0.154,297
53,8,replace-space-with-newline,lexicase,TRUE,20,elitize_generation_data,52,24,0.162,297
54,8,replace-space-with-newline,lexicase,TRUE,20,elitize_generation_data,53,27,0.176,297
55,8,replace-space-with-newline,lexicase,TRUE,20,elitize_generation_data,54,24,0.171,297
56,8,replace-space-with-newline,lexicase,TRUE,20,elitize_generation_data,55,28,0.177,297
57,8,replace-space-with-newline,lexicase,TRUE,20,elitize_generation_data,56,28,0.191,297
58,8,replace-space-with-newline,lexicase,TRUE,20,elitize_generation_data,57,25,0.178,297
59,8,replace-space-with-newline,lexicase,TRUE,20,elitize_generation_data,58,27,0.183,297
60,8,replace-space-with-newline,lexicase,TRUE,20,elitize_generation_data,59,26,0.192,297
61,8,replace-space-with-newline,lexicase,TRUE,20,elitize_generation_data,60,22,0.178,297
62,8,replace-space-with-newline,lexicase,TRUE,20,elitize_generation_data,61,24,0.195,297
63,8,replace-space-with-newline,lexicase,TRUE,20,elitize_generation_data,62,22,0.19,297
64,8,replace-space-with-newline,lexicase,TRUE,20,elitize_generation_data,63,28,0.181,297
65,8,replace-space-with-newline,lexicase,TRUE,20,elitize_generation_data,64,26,0.187,297
66,8,replace-space-with-newline,lexicase,TRUE,20,elitize_generation_data,65,24,0.171,297
67,8,replace-space-with-newline,lexicase,TRUE,20,elitize_generation_data,66,24,0.172,297
68,8,replace-space-with-newline,lexicase,TRUE,20,elitize_generation_data,67,25,0.18,297
69,8,replace-space-with-newline,lexicase,TRUE,20,elitize_generation_data,68,29,0.181,297
70,8,replace-space-with-newline,lexicase,TRUE,20,elitize_generation_data,69,24,0.2,297
71,8,replace-space-with-newline,lexicase,TRUE,20,elitize_generation_data,70,27,0.196,297
72,8,replace-space-with-newline,lexicase,TRUE,20,elitize_generation_data,71,24,0.183,297
73,8,replace-space-with-newline,lexicase,TRUE,20,elitize_generation_data,72,19,0.188,297
74,8,replace-space-with-newline,lexicase,TRUE,20,elitize_generation_data,73,20,0.188,297
75,8,replace-space-with-newline,lexicase,TRUE,20,elitize_generation_data,74,23,0.169,297
76,8,replace-space-with-newline,lexicase,TRUE,20,elitize_generation_data,75,22,0.178,297
77,8,replace-space-with-newline,lexicase,TRUE,20,elitize_generation_data,76,24,0.193,297
78,8,replace-space-with-newline,lexicase,TRUE,20,elitize_generation_data,77,23,0.199,297
79,8,replace-space-with-newline,lexicase,TRUE,20,elitize_generation_data,78,20,0.189,297
80,8,replace-space-with-newline,lexicase,TRUE,20,elitize_generation_data,79,23,0.191,297
81,8,replace-space-with-newline,lexicase,TRUE,20,elitize_generation_data,80,22,0.177,297
82,8,replace-space-with-newline,lexicase,TRUE,20,elitize_generation_data,81,22,0.183,297
83,8,replace-space-with-newline,lexicase,TRUE,20,elitize_generation_data,82,24,0.183,297
84,8,replace-space-with-newline,lexicase,TRUE,20,elitize_generation_data,83,22,0.16,297
85,8,replace-space-with-newline,lexicase,TRUE,20,elitize_generation_data,84,20,0.158,297
86,8,replace-space-with-newline,lexicase,TRUE,20,elitize_generation_data,85,20,0.176,297
87,8,replace-space-with-newline,lexicase,TRUE,20,elitize_generation_data,86,23,0.192,297
88,8,replace-space-with-newline,lexicase,TRUE,20,elitize_generation_data,87,25,0.188,297
89,8,replace-space-with-newline,lexicase,TRUE,20,elitize_generation_data,88,23,0.185,297
90,8,replace-space-with-newline,lexicase,TRUE,20,elitize_generation_data,89,22,0.198,297
91,8,replace-space-with-newline,lexicase,TRUE,20,elitize_generation_data,90,23,0.173,297
92,8,replace-space-with-newline,lexicase,TRUE,20,elitize_generation_data,91,25,0.184,297
93,8,replace-space-with-newline,lexicase,TRUE,20,elitize_generation_data,92,25,0.175,297
94,8,replace-space-with-newline,lexicase,TRUE,20,elitize_generation_data,93,22,0.165,297
95,8,replace-space-with-newline,lexicase,TRUE,20,elitize_generation_data,94,21,0.196,297
96,8,replace-space-with-newline,lexicase,TRUE,20,elitize_generation_data,95,16,0.173,297
97,8,replace-space-with-newline,lexicase,TRUE,20,elitize_generation_data,96,19,0.21,297
98,8,replace-space-with-newline,lexicase,TRUE,20,elitize_generation_data,97,22,0.196,297
99,8,replace-space-with-newline,lexicase,TRUE,20,elitize_generation_data,98,17,0.184,297
100,8,replace-space-with-newline,lexicase,TRUE,20,elitize_generation_data,99,18,0.197,297
101,8,replace-space-with-newline,lexicase,TRUE,20,elitize_generation_data,100,21,0.18,297
102,8,replace-space-with-newline,lexicase,TRUE,20,elitize_generation_data,101,19,0.178,297
103,8,replace-space-with-newline,lexicase,TRUE,20,elitize_generation_data,102,22,0.185,297
104,8,replace-space-with-newline,lexicase,TRUE,20,elitize_generation_data,103,25,0.175,297
105,8,replace-space-with-newline,lexicase,TRUE,20,elitize_generation_data,104,22,0.181,297
106,8,replace-space-with-newline,lexicase,TRUE,20,elitize_generation_data,105,19,0.175,297
107,8,replace-space-with-newline,lexicase,TRUE,20,elitize_generation_data,106,20,0.172,297
108,8,replace-space-with-newline,lexicase,TRUE,20,elitize_generation_data,107,19,0.17,297
109,8,replace-space-with-newline,lexicase,TRUE,20,elitize_generation_data,108,24,0.18,297
110,8,replace-space-with-newline,lexicase,TRUE,20,elitize_generation_data,109,18,0.16,297
111,8,replace-space-with-newline,lexicase,TRUE,20,elitize_generation_data,110,21,0.158,297
112,8,replace-space-with-newline,lexicase,TRUE,20,elitize_generation_data,111,12,0.16,297
113,8,replace-space-with-newline,lexicase,TRUE,20,elitize_generation_data,112,18,0.158,297
114,8,replace-space-with-newline,lexicase,TRUE,20,elitize_generation_data,113,16,0.155,297
115,8,replace-space-with-newline,lexicase,TRUE,20,elitize_generation_data,114,19,0.18,297
116,8,replace-space-with-newline,lexicase,TRUE,20,elitize_generation_data,115,24,0.174,297
117,8,replace-space-with-newline,lexicase,TRUE,20,elitize_generation_data,116,22,0.167,297
118,8,replace-space-with-newline,lexicase,TRUE,20,elitize_generation_data,117,18,0.183,297
119,8,replace-space-with-newline,lexicase,TRUE,20,elitize_generation_data,118,15,0.162,297
120,8,replace-space-with-newline,lexicase,TRUE,20,elitize_generation_data,119,16,0.161,297
121,8,replace-space-with-newline,lexicase,TRUE,20,elitize_generation_data,120,18,0.175,297
122,8,replace-space-with-newline,lexicase,TRUE,20,elitize_generation_data,121,17,0.181,297
123,8,replace-space-with-newline,lexicase,TRUE,20,elitize_generation_data,122,18,0.171,297
124,8,replace-space-with-newline,lexicase,TRUE,20,elitize_generation_data,123,21,0.164,297
125,8,replace-space-with-newline,lexicase,TRUE,20,elitize_generation_data,124,18,0.162,297
126,8,replace-space-with-newline,lexicase,TRUE,20,elitize_generation_data,125,17,0.179,297
127,8,replace-space-with-newline,lexicase,TRUE,20,elitize_generation_data,126,19,0.163,297
128,8,replace-space-with-newline,lexicase,TRUE,20,elitize_generation_data,127,19,0.176,297
129,8,replace-space-with-newline,lexicase,TRUE,20,elitize_generation_data,128,17,0.166,297
130,8,replace-space-with-newline,lexicase,TRUE,20,elitize_generation_data,129,21,0.154,297
131,8,replace-space-with-newline,lexicase,TRUE,20,elitize_generation_data,130,18,0.143,297
132,8,replace-space-with-newline,lexicase,TRUE,20,elitize_generation_data,131,20,0.149,297
133,8,replace-space-with-newline,lexicase,TRUE,20,elitize_generation_data,132,19,0.169,297
134,8,replace-space-with-newline,lexicase,TRUE,20,elitize_generation_data,133,16,0.156,297
135,8,replace-space-with-newline,lexicase,TRUE,20,elitize_generation_data,134,19,0.147,297
136,8,replace-space-with-newline,lexicase,TRUE,20,elitize_generation_data,135,13,0.158,297
137,8,replace-space-with-newline,lexicase,TRUE,20,elitize_generation_data,136,19,0.175,297
138,8,replace-space-with-newline,lexicase,TRUE,20,elitize_generation_data,137,23,0.173,297
139,8,replace-space-with-newline,lexicase,TRUE,20,elitize_generation_data,138,21,0.163,297
140,8,replace-space-with-newline,lexicase,TRUE,20,elitize_generation_data,139,19,0.171,297
141,8,replace-space-with-newline,lexicase,TRUE,20,elitize_generation_data,140,23,0.154,297
142,8,replace-space-with-newline,lexicase,TRUE,20,elitize_generation_data,141,21,0.152,297
143,8,replace-space-with-newline,lexicase,TRUE,20,elitize_generation_data,142,22,0.161,297
144,8,replace-space-with-newline,lexicase,TRUE,20,elitize_generation_data,143,23,0.171,297
145,8,replace-space-with-newline,lexicase,TRUE,20,elitize_generation_data,144,22,0.163,297
146,8,replace-space-with-newline,lexicase,TRUE,20,elitize_generation_data,145,22,0.16,297
147,8,replace-space-with-newline,lexicase,TRUE,20,elitize_generation_data,146,20,0.151,297
148,8,replace-space-with-newline,lexicase,TRUE,20,elitize_generation_data,147,19,0.151,297
149,8,replace-space-with-newline,lexicase,TRUE,20,elitize_generation_data,148,22,0.168,297
150,8,replace-space-with-newline,lexicase,TRUE,20,elitize_generation_data,149,20,0.165,297
151,8,replace-space-with-newline,lexicase,TRUE,20,elitize_generation_data,150,19,0.148,297
152,8,replace-space-with-newline,lexicase,TRUE,20,elitize_generation_data,151,20,0.159,297
153,8,replace-space-with-newline,lexicase,TRUE,20,elitize_generation_data,152,24,0.168,297
154,8,replace-space-with-newline,lexicase,TRUE,20,elitize_generation_data,153,21,0.17,297
155,8,replace-space-with-newline,lexicase,TRUE,20,elitize_generation_data,154,21,0.158,297
156,8,replace-space-with-newline,lexicase,TRUE,20,elitize_generation_data,155,23,0.166,297
157,8,replace-space-with-newline,lexicase,TRUE,20,elitize_generation_data,156,19,0.137,297
158,8,replace-space-with-newline,lexicase,TRUE,20,elitize_generation_data,157,20,0.144,297
159,8,replace-space-with-newline,lexicase,TRUE,20,elitize_generation_data,158,19,0.148,297
160,8,replace-space-with-newline,lexicase,TRUE,20,elitize_generation_data,159,17,0.142,297
161,8,replace-space-with-newline,lexicase,TRUE,20,elitize_generation_data,160,17,0.145,297
162,8,replace-space-with-newline,lexicase,TRUE,20,elitize_generation_data,161,20,0.133,297
163,8,replace-space-with-newline,lexicase,TRUE,20,elitize_generation_data,162,17,0.14,297
164,8,replace-space-with-newline,lexicase,TRUE,20,elitize_generation_data,163,22,0.157,297
165,8,replace-space-with-newline,lexicase,TRUE,20,elitize_generation_data,164,16,0.156,297
166,8,replace-space-with-newline,lexicase,TRUE,20,elitize_generation_data,165,21,0.162,297
167,8,replace-space-with-newline,lexicase,TRUE,20,elitize_generation_data,166,27,0.164,297
168,8,replace-space-with-newline,lexicase,TRUE,20,elitize_generation_data,167,22,0.169,297
169,8,replace-space-with-newline,lexicase,TRUE,20,elitize_generation_data,168,20,0.15,297
170,8,replace-space-with-newline,lexicase,TRUE,20,elitize_generation_data,169,23,0.142,297
171,8,replace-space-with-newline,lexicase,TRUE,20,elitize_generation_data,170,21,0.134,297
172,8,replace-space-with-newline,lexicase,TRUE,20,elitize_generation_data,171,20,0.162,297
173,8,replace-space-with-newline,lexicase,TRUE,20,elitize_generation_data,172,18,0.162,297
174,8,replace-space-with-newline,lexicase,TRUE,20,elitize_generation_data,173,16,0.15,297
175,8,replace-space-with-newline,lexicase,TRUE,20,elitize_generation_data,174,16,0.143,297
176,8,replace-space-with-newline,lexicase,TRUE,20,elitize_generation_data,175,19,0.146,297
177,8,replace-space-with-newline,lexicase,TRUE,20,elitize_generation_data,176,14,0.162,297
178,8,replace-space-with-newline,lexicase,TRUE,20,elitize_generation_data,177,20,0.152,297
179,8,replace-space-with-newline,lexicase,TRUE,20,elitize_generation_data,178,17,0.147,297
180,8,replace-space-with-newline,lexicase,TRUE,20,elitize_generation_data,179,18,0.153,297
181,8,replace-space-with-newline,lexicase,TRUE,20,elitize_generation_data,180,16,0.152,297
182,8,replace-space-with-newline,lexicase,TRUE,20,elitize_generation_data,181,16,0.148,297
183,8,replace-space-with-newline,lexicase,TRUE,20,elitize_generation_data,182,19,0.144,297
184,8,replace-space-with-newline,lexicase,TRUE,20,elitize_generation_data,183,17,0.158,297
185,8,replace-space-with-newline,lexicase,TRUE,20,elitize_generation_data,184,18,0.154,297
186,8,replace-space-with-newline,lexicase,TRUE,20,elitize_generation_data,185,20,0.156,297
187,8,replace-space-with-newline,lexicase,TRUE,20,elitize_generation_data,186,20,0.157,297
188,8,replace-space-with-newline,lexicase,TRUE,20,elitize_generation_data,187,20,0.158,297
189,8,replace-space-with-newline,lexicase,TRUE,20,elitize_generation_data,188,22,0.167,297
190,8,replace-space-with-newline,lexicase,TRUE,20,elitize_generation_data,189,18,0.162,297
191,8,replace-space-with-newline,lexicase,TRUE,20,elitize_generation_data,190,23,0.149,297
192,8,replace-space-with-newline,lexicase,TRUE,20,elitize_generation_data,191,16,0.15,297
193,8,replace-space-with-newline,lexicase,TRUE,20,elitize_generation_data,192,16,0.149,297
194,8,replace-space-with-newline,lexicase,TRUE,20,elitize_generation_data,193,19,0.152,297
195,8,replace-space-with-newline,lexicase,TRUE,20,elitize_generation_data,194,19,0.168,297
196,8,replace-space-with-newline,lexicase,TRUE,20,elitize_generation_data,195,16,0.155,297
197,8,replace-space-with-newline,lexicase,TRUE,20,elitize_generation_data,196,16,0.171,297
198,8,replace-space-with-newline,lexicase,TRUE,20,elitize_generation_data,197,17,0.172,297
199,8,replace-space-with-newline,lexicase,TRUE,20,elitize_generation_data,198,19,0.153,297
200,8,replace-space-with-newline,lexicase,TRUE,20,elitize_generation_data,199,16,0.177,297
201,8,replace-space-with-newline,lexicase,TRUE,20,elitize_generation_data,200,19,0.151,297
202,8,replace-space-with-newline,lexicase,TRUE,20,elitize_generation_data,201,16,0.17,297
203,8,replace-space-with-newline,lexicase,TRUE,20,elitize_generation_data,202,18,0.165,297
204,8,replace-space-with-newline,lexicase,TRUE,20,elitize_generation_data,203,24,0.169,297
205,8,replace-space-with-newline,lexicase,TRUE,20,elitize_generation_data,204,20,0.164,297
206,8,replace-space-with-newline,lexicase,TRUE,20,elitize_generation_data,205,15,0.158,297
207,8,replace-space-with-newline,lexicase,TRUE,20,elitize_generation_data,206,21,0.181,297
208,8,replace-space-with-newline,lexicase,TRUE,20,elitize_generation_data,207,26,0.18,297
209,8,replace-space-with-newline,lexicase,TRUE,20,elitize_generation_data,208,20,0.178,297
210,8,replace-space-with-newline,lexicase,TRUE,20,elitize_generation_data,209,19,0.177,297
211,8,replace-space-with-newline,lexicase,TRUE,20,elitize_generation_data,210,21,0.171,297
212,8,replace-space-with-newline,lexicase,TRUE,20,elitize_generation_data,211,25,0.197,297
213,8,replace-space-with-newline,lexicase,TRUE,20,elitize_generation_data,212,23,0.169,297
214,8,replace-space-with-newline,lexicase,TRUE,20,elitize_generation_data,213,24,0.206,297
215,8,replace-space-with-newline,lexicase,TRUE,20,elitize_generation_data,214,23,0.19,297
216,8,replace-space-with-newline,lexicase,TRUE,20,elitize_generation_data,215,20,0.183,297
217,8,replace-space-with-newline,lexicase,TRUE,20,elitize_generation_data,216,22,0.18,297
218,8,replace-space-with-newline,lexicase,TRUE,20,elitize_generation_data,217,23,0.163,297
219,8,replace-space-with-newline,lexicase,TRUE,20,elitize_generation_data,218,21,0.185,297
220,8,replace-space-with-newline,lexicase,TRUE,20,elitize_generation_data,219,21,0.194,297
221,8,replace-space-with-newline,lexicase,TRUE,20,elitize_generation_data,220,20,0.197,297
222,8,replace-space-with-newline,lexicase,TRUE,20,elitize_generation_data,221,23,0.194,297
223,8,replace-space-with-newline,lexicase,TRUE,20,elitize_generation_data,222,26,0.189,297
224,8,replace-space-with-newline,lexicase,TRUE,20,elitize_generation_data,223,21,0.186,297
225,8,replace-space-with-newline,lexicase,TRUE,20,elitize_generation_data,224,20,0.192,297
226,8,replace-space-with-newline,lexicase,TRUE,20,elitize_generation_data,225,22,0.193,297
227,8,replace-space-with-newline,lexicase,TRUE,20,elitize_generation_data,226,20,0.18,297
228,8,replace-space-with-newline,lexicase,TRUE,20,elitize_generation_data,227,26,0.239,297
229,8,replace-space-with-newline,lexicase,TRUE,20,elitize_generation_data,228,24,0.247,297
230,8,replace-space-with-newline,lexicase,TRUE,20,elitize_generation_data,229,25,0.266,297
231,8,replace-space-with-newline,lexicase,TRUE,20,elitize_generation_data,230,31,0.377,297
232,8,replace-space-with-newline,lexicase,TRUE,20,elitize_generation_data,231,39,0.445,297
233,8,replace-space-with-newline,lexicase,TRUE,20,elitize_generation_data,232,40,0.463,297
234,8,replace-space-with-newline,lexicase,TRUE,20,elitize_generation_data,233,41,0.424,297
235,8,replace-space-with-newline,lexicase,TRUE,20,elitize_generation_data,234,36,0.448,297
236,8,replace-space-with-newline,lexicase,TRUE,20,elitize_generation_data,235,32,0.425,297
237,8,replace-space-with-newline,lexicase,TRUE,20,elitize_generation_data,236,44,0.467,297
238,8,replace-space-with-newline,lexicase,TRUE,20,elitize_generation_data,237,44,0.505,297
239,8,replace-space-with-newline,lexicase,TRUE,20,elitize_generation_data,238,40,0.485,297
240,8,replace-space-with-newline,lexicase,TRUE,20,elitize_generation_data,239,39,0.482,297
241,8,replace-space-with-newline,lexicase,TRUE,20,elitize_generation_data,240,39,0.527,297
242,8,replace-space-with-newline,lexicase,TRUE,20,elitize_generation_data,241,44,0.52,297
243,8,replace-space-with-newline,lexicase,TRUE,20,elitize_generation_data,242,45,0.517,297
244,8,replace-space-with-newline,lexicase,TRUE,20,elitize_generation_data,243,28,0.532,297
245,8,replace-space-with-newline,lexicase,TRUE,20,elitize_generation_data,244,41,0.556,297
246,8,replace-space-with-newline,lexicase,TRUE,20,elitize_generation_data,245,40,0.552,297
247,8,replace-space-with-newline,lexicase,TRUE,20,elitize_generation_data,246,39,0.539,297
248,8,replace-space-with-newline,lexicase,TRUE,20,elitize_generation_data,247,45,0.557,297
249,8,replace-space-with-newline,lexicase,TRUE,20,elitize_generation_data,248,52,0.573,297
250,8,replace-space-with-newline,lexicase,TRUE,20,elitize_generation_data,249,48,0.535,297
251,8,replace-space-with-newline,lexicase,TRUE,20,elitize_generation_data,250,45,0.546,297
252,8,replace-space-with-newline,lexicase,TRUE,20,elitize_generation_data,251,46,0.559,297
253,8,replace-space-with-newline,lexicase,TRUE,20,elitize_generation_data,252,56,0.576,297
254,8,replace-space-with-newline,lexicase,TRUE,20,elitize_generation_data,253,55,0.582,297
255,8,replace-space-with-newline,lexicase,TRUE,20,elitize_generation_data,254,50,0.586,297
256,8,replace-space-with-newline,lexicase,TRUE,20,elitize_generation_data,255,58,0.556,297
257,8,replace-space-with-newline,lexicase,TRUE,20,elitize_generation_data,256,49,0.6,297
258,8,replace-space-with-newline,lexicase,TRUE,20,elitize_generation_data,257,44,0.589,297
259,8,replace-space-with-newline,lexicase,TRUE,20,elitize_generation_data,258,52,0.596,297
260,8,replace-space-with-newline,lexicase,TRUE,20,elitize_generation_data,259,51,0.6,297
261,8,replace-space-with-newline,lexicase,TRUE,20,elitize_generation_data,260,47,0.621,297
262,8,replace-space-with-newline,lexicase,TRUE,20,elitize_generation_data,261,59,0.624,297
263,8,replace-space-with-newline,lexicase,TRUE,20,elitize_generation_data,262,56,0.641,297
264,8,replace-space-with-newline,lexicase,TRUE,20,elitize_generation_data,263,57,0.648,297
265,8,replace-space-with-newline,lexicase,TRUE,20,elitize_generation_data,264,44,0.651,297
266,8,replace-space-with-newline,lexicase,TRUE,20,elitize_generation_data,265,48,0.664,297
267,8,replace-space-with-newline,lexicase,TRUE,20,elitize_generation_data,266,47,0.675,297
268,8,replace-space-with-newline,lexicase,TRUE,20,elitize_generation_data,267,42,0.667,297
269,8,replace-space-with-newline,lexicase,TRUE,20,elitize_generation_data,268,46,0.686,297
270,8,replace-space-with-newline,lexicase,TRUE,20,elitize_generation_data,269,49,0.714,297
271,8,replace-space-with-newline,lexicase,TRUE,20,elitize_generation_data,270,47,0.703,297
272,8,replace-space-with-newline,lexicase,TRUE,20,elitize_generation_data,271,41,0.701,297
273,8,replace-space-with-newline,lexicase,TRUE,20,elitize_generation_data,272,43,0.707,297
274,8,replace-space-with-newline,lexicase,TRUE,20,elitize_generation_data,273,44,0.711,297
275,8,replace-space-with-newline,lexicase,TRUE,20,elitize_generation_data,274,44,0.708,297
276,8,replace-space-with-newline,lexicase,TRUE,20,elitize_generation_data,275,43,0.727,297
277,8,replace-space-with-newline,lexicase,TRUE,20,elitize_generation_data,276,49,0.744,297
278,8,replace-space-with-newline,lexicase,TRUE,20,elitize_generation_data,277,49,0.739,297
279,8,replace-space-with-newline,lexicase,TRUE,20,elitize_generation_data,278,46,0.721,297
280,8,replace-space-with-newline,lexicase,TRUE,20,elitize_generation_data,279,45,0.749,297
281,8,replace-space-with-newline,lexicase,TRUE,20,elitize_generation_data,280,46,0.745,297
282,8,replace-space-with-newline,lexicase,TRUE,20,elitize_generation_data,281,36,0.737,297
283,8,replace-space-with-newline,lexicase,TRUE,20,elitize_generation_data,282,38,0.717,297
284,8,replace-space-with-newline,lexicase,TRUE,20,elitize_generation_data,283,44,0.755,297
285,8,replace-space-with-newline,lexicase,TRUE,20,elitize_generation_data,284,46,0.758,297
286,8,replace-space-with-newline,lexicase,TRUE,20,elitize_generation_data,285,48,0.739,297
287,8,replace-space-with-newline,lexicase,TRUE,20,elitize_generation_data,286,49,0.749,297
288,8,replace-space-with-newline,lexicase,TRUE,20,elitize_generation_data,287,55,0.78,297
289,8,replace-space-with-newline,lexicase,TRUE,20,elitize_generation_data,288,57,0.771,297
290,8,replace-space-with-newline,lexicase,TRUE,20,elitize_generation_data,289,56,0.777,297
291,8,replace-space-with-newline,lexicase,TRUE,20,elitize_generation_data,290,45,0.749,297
292,8,replace-space-with-newline,lexicase,TRUE,20,elitize_generation_data,291,39,0.754,297
293,8,replace-space-with-newline,lexicase,TRUE,20,elitize_generation_data,292,35,0.738,297
294,8,replace-space-with-newline,lexicase,TRUE,20,elitize_generation_data,293,44,0.754,297
295,8,replace-space-with-newline,lexicase,TRUE,20,elitize_generation_data,294,38,0.709,297
296,8,replace-space-with-newline,lexicase,TRUE,20,elitize_generation_data,295,40,0.68,297
297,8,replace-space-with-newline,lexicase,TRUE,20,elitize_generation_data,296,36,0.67,297
298,8,replace-space-with-newline,lexicase,TRUE,20,elitize_generation_data,297,26,0.472,297
