,run.num,problem,treatment,succeeded,height,normalization.function,generation,cluster.count,error.diversity,success.generation
1,26,replace-space-with-newline,lexicase,TRUE,20,elitize_generation_data,0,4,0.464,40
2,26,replace-space-with-newline,lexicase,TRUE,20,elitize_generation_data,1,13,0.342,40
3,26,replace-space-with-newline,lexicase,TRUE,20,elitize_generation_data,2,24,0.305,40
4,26,replace-space-with-newline,lexicase,TRUE,20,elitize_generation_data,3,25,0.281,40
5,26,replace-space-with-newline,lexicase,TRUE,20,elitize_generation_data,4,35,0.29,40
6,26,replace-space-with-newline,lexicase,TRUE,20,elitize_generation_data,5,22,0.157,40
7,26,replace-space-with-newline,lexicase,TRUE,20,elitize_generation_data,6,20,0.163,40
8,26,replace-space-with-newline,lexicase,TRUE,20,elitize_generation_data,7,21,0.161,40
9,26,replace-space-with-newline,lexicase,TRUE,20,elitize_generation_data,8,25,0.172,40
10,26,replace-space-with-newline,lexicase,TRUE,20,elitize_generation_data,9,22,0.176,40
11,26,replace-space-with-newline,lexicase,TRUE,20,elitize_generation_data,10,29,0.187,40
12,26,replace-space-with-newline,lexicase,TRUE,20,elitize_generation_data,11,27,0.173,40
13,26,replace-space-with-newline,lexicase,TRUE,20,elitize_generation_data,12,25,0.181,40
14,26,replace-space-with-newline,lexicase,TRUE,20,elitize_generation_data,13,31,0.196,40
15,26,replace-space-with-newline,lexicase,TRUE,20,elitize_generation_data,14,30,0.163,40
16,26,replace-space-with-newline,lexicase,TRUE,20,elitize_generation_data,15,27,0.161,40
17,26,replace-space-with-newline,lexicase,TRUE,20,elitize_generation_data,16,26,0.179,40
18,26,replace-space-with-newline,lexicase,TRUE,20,elitize_generation_data,17,21,0.179,40
19,26,replace-space-with-newline,lexicase,TRUE,20,elitize_generation_data,18,24,0.175,40
20,26,replace-space-with-newline,lexicase,TRUE,20,elitize_generation_data,19,28,0.185,40
21,26,replace-space-with-newline,lexicase,TRUE,20,elitize_generation_data,20,32,0.172,40
22,26,replace-space-with-newline,lexicase,TRUE,20,elitize_generation_data,21,71,0.273,40
23,26,replace-space-with-newline,lexicase,TRUE,20,elitize_generation_data,22,79,0.312,40
24,26,replace-space-with-newline,lexicase,TRUE,20,elitize_generation_data,23,65,0.32,40
25,26,replace-space-with-newline,lexicase,TRUE,20,elitize_generation_data,24,72,0.315,40
26,26,replace-space-with-newline,lexicase,TRUE,20,elitize_generation_data,25,78,0.364,40
27,26,replace-space-with-newline,lexicase,TRUE,20,elitize_generation_data,26,45,0.34,40
28,26,replace-space-with-newline,lexicase,TRUE,20,elitize_generation_data,27,28,0.37,40
29,26,replace-space-with-newline,lexicase,TRUE,20,elitize_generation_data,28,48,0.434,40
30,26,replace-space-with-newline,lexicase,TRUE,20,elitize_generation_data,29,68,0.402,40
31,26,replace-space-with-newline,lexicase,TRUE,20,elitize_generation_data,30,53,0.37,40
32,26,replace-space-with-newline,lexicase,TRUE,20,elitize_generation_data,31,61,0.384,40
33,26,replace-space-with-newline,lexicase,TRUE,20,elitize_generation_data,32,62,0.375,40
34,26,replace-space-with-newline,lexicase,TRUE,20,elitize_generation_data,33,57,0.397,40
35,26,replace-space-with-newline,lexicase,TRUE,20,elitize_generation_data,34,61,0.382,40
36,26,replace-space-with-newline,lexicase,TRUE,20,elitize_generation_data,35,49,0.417,40
37,26,replace-space-with-newline,lexicase,TRUE,20,elitize_generation_data,36,55,0.438,40
38,26,replace-space-with-newline,lexicase,TRUE,20,elitize_generation_data,37,44,0.41,40
39,26,replace-space-with-newline,lexicase,TRUE,20,elitize_generation_data,38,44,0.462,40
40,26,replace-space-with-newline,lexicase,TRUE,20,elitize_generation_data,39,35,0.449,40
41,26,replace-space-with-newline,lexicase,TRUE,20,elitize_generation_data,40,42,0.399,40
