,run.num,problem,treatment,succeeded,height,normalization.function,generation,cluster.count,error.diversity,success.generation
1,64,replace-space-with-newline,lexicase,TRUE,20,elitize_generation_data,0,5,0.457,20
2,64,replace-space-with-newline,lexicase,TRUE,20,elitize_generation_data,1,8,0.279,20
3,64,replace-space-with-newline,lexicase,TRUE,20,elitize_generation_data,2,9,0.285,20
4,64,replace-space-with-newline,lexicase,TRUE,20,elitize_generation_data,3,13,0.298,20
5,64,replace-space-with-newline,lexicase,TRUE,20,elitize_generation_data,4,20,0.347,20
6,64,replace-space-with-newline,lexicase,TRUE,20,elitize_generation_data,5,24,0.352,20
7,64,replace-space-with-newline,lexicase,TRUE,20,elitize_generation_data,6,26,0.373,20
8,64,replace-space-with-newline,lexicase,TRUE,20,elitize_generation_data,7,33,0.423,20
9,64,replace-space-with-newline,lexicase,TRUE,20,elitize_generation_data,8,30,0.421,20
10,64,replace-space-with-newline,lexicase,TRUE,20,elitize_generation_data,9,20,0.277,20
11,64,replace-space-with-newline,lexicase,TRUE,20,elitize_generation_data,10,20,0.3,20
12,64,replace-space-with-newline,lexicase,TRUE,20,elitize_generation_data,11,21,0.258,20
13,64,replace-space-with-newline,lexicase,TRUE,20,elitize_generation_data,12,21,0.275,20
14,64,replace-space-with-newline,lexicase,TRUE,20,elitize_generation_data,13,23,0.3,20
15,64,replace-space-with-newline,lexicase,TRUE,20,elitize_generation_data,14,27,0.342,20
16,64,replace-space-with-newline,lexicase,TRUE,20,elitize_generation_data,15,33,0.36,20
17,64,replace-space-with-newline,lexicase,TRUE,20,elitize_generation_data,16,23,0.321,20
18,64,replace-space-with-newline,lexicase,TRUE,20,elitize_generation_data,17,33,0.383,20
19,64,replace-space-with-newline,lexicase,TRUE,20,elitize_generation_data,18,22,0.278,20
20,64,replace-space-with-newline,lexicase,TRUE,20,elitize_generation_data,19,24,0.243,20
21,64,replace-space-with-newline,lexicase,TRUE,20,elitize_generation_data,20,28,0.254,20
