,run.num,problem,treatment,succeeded,height,normalization.function,generation,cluster.count,error.diversity,success.generation
1,80,replace-space-with-newline,lexicase,TRUE,20,elitize_generation_data,0,3,0.453,92
2,80,replace-space-with-newline,lexicase,TRUE,20,elitize_generation_data,1,8,0.252,92
3,80,replace-space-with-newline,lexicase,TRUE,20,elitize_generation_data,2,8,0.263,92
4,80,replace-space-with-newline,lexicase,TRUE,20,elitize_generation_data,3,18,0.279,92
5,80,replace-space-with-newline,lexicase,TRUE,20,elitize_generation_data,4,22,0.285,92
6,80,replace-space-with-newline,lexicase,TRUE,20,elitize_generation_data,5,39,0.383,92
7,80,replace-space-with-newline,lexicase,TRUE,20,elitize_generation_data,6,58,0.527,92
8,80,replace-space-with-newline,lexicase,TRUE,20,elitize_generation_data,7,60,0.558,92
9,80,replace-space-with-newline,lexicase,TRUE,20,elitize_generation_data,8,65,0.609,92
10,80,replace-space-with-newline,lexicase,TRUE,20,elitize_generation_data,9,66,0.59,92
11,80,replace-space-with-newline,lexicase,TRUE,20,elitize_generation_data,10,71,0.625,92
12,80,replace-space-with-newline,lexicase,TRUE,20,elitize_generation_data,11,89,0.685,92
13,80,replace-space-with-newline,lexicase,TRUE,20,elitize_generation_data,12,114,0.715,92
14,80,replace-space-with-newline,lexicase,TRUE,20,elitize_generation_data,13,129,0.742,92
15,80,replace-space-with-newline,lexicase,TRUE,20,elitize_generation_data,14,155,0.755,92
16,80,replace-space-with-newline,lexicase,TRUE,20,elitize_generation_data,15,158,0.764,92
17,80,replace-space-with-newline,lexicase,TRUE,20,elitize_generation_data,16,107,0.483,92
18,80,replace-space-with-newline,lexicase,TRUE,20,elitize_generation_data,17,119,0.496,92
19,80,replace-space-with-newline,lexicase,TRUE,20,elitize_generation_data,18,110,0.472,92
20,80,replace-space-with-newline,lexicase,TRUE,20,elitize_generation_data,19,104,0.449,92
21,80,replace-space-with-newline,lexicase,TRUE,20,elitize_generation_data,20,106,0.446,92
22,80,replace-space-with-newline,lexicase,TRUE,20,elitize_generation_data,21,114,0.471,92
23,80,replace-space-with-newline,lexicase,TRUE,20,elitize_generation_data,22,99,0.399,92
24,80,replace-space-with-newline,lexicase,TRUE,20,elitize_generation_data,23,93,0.433,92
25,80,replace-space-with-newline,lexicase,TRUE,20,elitize_generation_data,24,100,0.447,92
26,80,replace-space-with-newline,lexicase,TRUE,20,elitize_generation_data,25,98,0.432,92
27,80,replace-space-with-newline,lexicase,TRUE,20,elitize_generation_data,26,99,0.442,92
28,80,replace-space-with-newline,lexicase,TRUE,20,elitize_generation_data,27,103,0.459,92
29,80,replace-space-with-newline,lexicase,TRUE,20,elitize_generation_data,28,92,0.455,92
30,80,replace-space-with-newline,lexicase,TRUE,20,elitize_generation_data,29,95,0.452,92
31,80,replace-space-with-newline,lexicase,TRUE,20,elitize_generation_data,30,106,0.437,92
32,80,replace-space-with-newline,lexicase,TRUE,20,elitize_generation_data,31,102,0.445,92
33,80,replace-space-with-newline,lexicase,TRUE,20,elitize_generation_data,32,103,0.499,92
34,80,replace-space-with-newline,lexicase,TRUE,20,elitize_generation_data,33,92,0.437,92
35,80,replace-space-with-newline,lexicase,TRUE,20,elitize_generation_data,34,96,0.439,92
36,80,replace-space-with-newline,lexicase,TRUE,20,elitize_generation_data,35,91,0.449,92
37,80,replace-space-with-newline,lexicase,TRUE,20,elitize_generation_data,36,100,0.486,92
38,80,replace-space-with-newline,lexicase,TRUE,20,elitize_generation_data,37,87,0.497,92
39,80,replace-space-with-newline,lexicase,TRUE,20,elitize_generation_data,38,83,0.478,92
40,80,replace-space-with-newline,lexicase,TRUE,20,elitize_generation_data,39,89,0.511,92
41,80,replace-space-with-newline,lexicase,TRUE,20,elitize_generation_data,40,82,0.514,92
42,80,replace-space-with-newline,lexicase,TRUE,20,elitize_generation_data,41,85,0.487,92
43,80,replace-space-with-newline,lexicase,TRUE,20,elitize_generation_data,42,72,0.526,92
44,80,replace-space-with-newline,lexicase,TRUE,20,elitize_generation_data,43,69,0.498,92
45,80,replace-space-with-newline,lexicase,TRUE,20,elitize_generation_data,44,69,0.499,92
46,80,replace-space-with-newline,lexicase,TRUE,20,elitize_generation_data,45,56,0.553,92
47,80,replace-space-with-newline,lexicase,TRUE,20,elitize_generation_data,46,54,0.513,92
48,80,replace-space-with-newline,lexicase,TRUE,20,elitize_generation_data,47,57,0.549,92
49,80,replace-space-with-newline,lexicase,TRUE,20,elitize_generation_data,48,53,0.524,92
50,80,replace-space-with-newline,lexicase,TRUE,20,elitize_generation_data,49,46,0.566,92
51,80,replace-space-with-newline,lexicase,TRUE,20,elitize_generation_data,50,47,0.57,92
52,80,replace-space-with-newline,lexicase,TRUE,20,elitize_generation_data,51,43,0.582,92
53,80,replace-space-with-newline,lexicase,TRUE,20,elitize_generation_data,52,40,0.544,92
54,80,replace-space-with-newline,lexicase,TRUE,20,elitize_generation_data,53,31,0.593,92
55,80,replace-space-with-newline,lexicase,TRUE,20,elitize_generation_data,54,28,0.584,92
56,80,replace-space-with-newline,lexicase,TRUE,20,elitize_generation_data,55,34,0.574,92
57,80,replace-space-with-newline,lexicase,TRUE,20,elitize_generation_data,56,40,0.593,92
58,80,replace-space-with-newline,lexicase,TRUE,20,elitize_generation_data,57,39,0.614,92
59,80,replace-space-with-newline,lexicase,TRUE,20,elitize_generation_data,58,34,0.572,92
60,80,replace-space-with-newline,lexicase,TRUE,20,elitize_generation_data,59,39,0.618,92
61,80,replace-space-with-newline,lexicase,TRUE,20,elitize_generation_data,60,44,0.62,92
62,80,replace-space-with-newline,lexicase,TRUE,20,elitize_generation_data,61,41,0.624,92
63,80,replace-space-with-newline,lexicase,TRUE,20,elitize_generation_data,62,40,0.624,92
64,80,replace-space-with-newline,lexicase,TRUE,20,elitize_generation_data,63,43,0.615,92
65,80,replace-space-with-newline,lexicase,TRUE,20,elitize_generation_data,64,52,0.645,92
66,80,replace-space-with-newline,lexicase,TRUE,20,elitize_generation_data,65,49,0.627,92
67,80,replace-space-with-newline,lexicase,TRUE,20,elitize_generation_data,66,54,0.648,92
68,80,replace-space-with-newline,lexicase,TRUE,20,elitize_generation_data,67,48,0.633,92
69,80,replace-space-with-newline,lexicase,TRUE,20,elitize_generation_data,68,52,0.613,92
70,80,replace-space-with-newline,lexicase,TRUE,20,elitize_generation_data,69,47,0.6,92
71,80,replace-space-with-newline,lexicase,TRUE,20,elitize_generation_data,70,52,0.652,92
72,80,replace-space-with-newline,lexicase,TRUE,20,elitize_generation_data,71,53,0.644,92
73,80,replace-space-with-newline,lexicase,TRUE,20,elitize_generation_data,72,52,0.641,92
74,80,replace-space-with-newline,lexicase,TRUE,20,elitize_generation_data,73,57,0.648,92
75,80,replace-space-with-newline,lexicase,TRUE,20,elitize_generation_data,74,60,0.634,92
76,80,replace-space-with-newline,lexicase,TRUE,20,elitize_generation_data,75,57,0.622,92
77,80,replace-space-with-newline,lexicase,TRUE,20,elitize_generation_data,76,53,0.637,92
78,80,replace-space-with-newline,lexicase,TRUE,20,elitize_generation_data,77,40,0.618,92
79,80,replace-space-with-newline,lexicase,TRUE,20,elitize_generation_data,78,45,0.628,92
80,80,replace-space-with-newline,lexicase,TRUE,20,elitize_generation_data,79,52,0.653,92
81,80,replace-space-with-newline,lexicase,TRUE,20,elitize_generation_data,80,47,0.663,92
82,80,replace-space-with-newline,lexicase,TRUE,20,elitize_generation_data,81,48,0.678,92
83,80,replace-space-with-newline,lexicase,TRUE,20,elitize_generation_data,82,36,0.664,92
84,80,replace-space-with-newline,lexicase,TRUE,20,elitize_generation_data,83,48,0.683,92
85,80,replace-space-with-newline,lexicase,TRUE,20,elitize_generation_data,84,45,0.698,92
86,80,replace-space-with-newline,lexicase,TRUE,20,elitize_generation_data,85,44,0.671,92
87,80,replace-space-with-newline,lexicase,TRUE,20,elitize_generation_data,86,40,0.687,92
88,80,replace-space-with-newline,lexicase,TRUE,20,elitize_generation_data,87,42,0.695,92
89,80,replace-space-with-newline,lexicase,TRUE,20,elitize_generation_data,88,47,0.713,92
90,80,replace-space-with-newline,lexicase,TRUE,20,elitize_generation_data,89,52,0.746,92
91,80,replace-space-with-newline,lexicase,TRUE,20,elitize_generation_data,90,45,0.68,92
92,80,replace-space-with-newline,lexicase,TRUE,20,elitize_generation_data,91,26,0.679,92
93,80,replace-space-with-newline,lexicase,TRUE,20,elitize_generation_data,92,41,0.396,92
