,run.num,problem,treatment,succeeded,height,normalization.function,generation,cluster.count,error.diversity,success.generation
1,12,replace-space-with-newline,lexicase,FALSE,20,elitize_generation_data,0,2,0.442,NA
2,12,replace-space-with-newline,lexicase,FALSE,20,elitize_generation_data,1,6,0.258,NA
3,12,replace-space-with-newline,lexicase,FALSE,20,elitize_generation_data,2,7,0.309,NA
4,12,replace-space-with-newline,lexicase,FALSE,20,elitize_generation_data,3,7,0.315,NA
5,12,replace-space-with-newline,lexicase,FALSE,20,elitize_generation_data,4,16,0.322,NA
6,12,replace-space-with-newline,lexicase,FALSE,20,elitize_generation_data,5,20,0.343,NA
7,12,replace-space-with-newline,lexicase,FALSE,20,elitize_generation_data,6,23,0.41,NA
8,12,replace-space-with-newline,lexicase,FALSE,20,elitize_generation_data,7,28,0.39,NA
9,12,replace-space-with-newline,lexicase,FALSE,20,elitize_generation_data,8,38,0.459,NA
10,12,replace-space-with-newline,lexicase,FALSE,20,elitize_generation_data,9,48,0.505,NA
11,12,replace-space-with-newline,lexicase,FALSE,20,elitize_generation_data,10,56,0.57,NA
12,12,replace-space-with-newline,lexicase,FALSE,20,elitize_generation_data,11,74,0.656,NA
13,12,replace-space-with-newline,lexicase,FALSE,20,elitize_generation_data,12,87,0.667,NA
14,12,replace-space-with-newline,lexicase,FALSE,20,elitize_generation_data,13,92,0.688,NA
15,12,replace-space-with-newline,lexicase,FALSE,20,elitize_generation_data,14,63,0.425,NA
16,12,replace-space-with-newline,lexicase,FALSE,20,elitize_generation_data,15,69,0.478,NA
17,12,replace-space-with-newline,lexicase,FALSE,20,elitize_generation_data,16,84,0.506,NA
18,12,replace-space-with-newline,lexicase,FALSE,20,elitize_generation_data,17,84,0.511,NA
19,12,replace-space-with-newline,lexicase,FALSE,20,elitize_generation_data,18,67,0.446,NA
20,12,replace-space-with-newline,lexicase,FALSE,20,elitize_generation_data,19,74,0.433,NA
21,12,replace-space-with-newline,lexicase,FALSE,20,elitize_generation_data,20,80,0.49,NA
22,12,replace-space-with-newline,lexicase,FALSE,20,elitize_generation_data,21,64,0.433,NA
23,12,replace-space-with-newline,lexicase,FALSE,20,elitize_generation_data,22,55,0.446,NA
24,12,replace-space-with-newline,lexicase,FALSE,20,elitize_generation_data,23,63,0.465,NA
25,12,replace-space-with-newline,lexicase,FALSE,20,elitize_generation_data,24,66,0.472,NA
26,12,replace-space-with-newline,lexicase,FALSE,20,elitize_generation_data,25,66,0.48,NA
27,12,replace-space-with-newline,lexicase,FALSE,20,elitize_generation_data,26,61,0.443,NA
28,12,replace-space-with-newline,lexicase,FALSE,20,elitize_generation_data,27,68,0.46,NA
29,12,replace-space-with-newline,lexicase,FALSE,20,elitize_generation_data,28,59,0.456,NA
30,12,replace-space-with-newline,lexicase,FALSE,20,elitize_generation_data,29,62,0.451,NA
31,12,replace-space-with-newline,lexicase,FALSE,20,elitize_generation_data,30,57,0.463,NA
32,12,replace-space-with-newline,lexicase,FALSE,20,elitize_generation_data,31,59,0.456,NA
33,12,replace-space-with-newline,lexicase,FALSE,20,elitize_generation_data,32,61,0.441,NA
34,12,replace-space-with-newline,lexicase,FALSE,20,elitize_generation_data,33,57,0.456,NA
35,12,replace-space-with-newline,lexicase,FALSE,20,elitize_generation_data,34,46,0.454,NA
36,12,replace-space-with-newline,lexicase,FALSE,20,elitize_generation_data,35,58,0.472,NA
37,12,replace-space-with-newline,lexicase,FALSE,20,elitize_generation_data,36,59,0.444,NA
38,12,replace-space-with-newline,lexicase,FALSE,20,elitize_generation_data,37,63,0.462,NA
39,12,replace-space-with-newline,lexicase,FALSE,20,elitize_generation_data,38,56,0.464,NA
40,12,replace-space-with-newline,lexicase,FALSE,20,elitize_generation_data,39,58,0.457,NA
41,12,replace-space-with-newline,lexicase,FALSE,20,elitize_generation_data,40,50,0.459,NA
42,12,replace-space-with-newline,lexicase,FALSE,20,elitize_generation_data,41,57,0.495,NA
43,12,replace-space-with-newline,lexicase,FALSE,20,elitize_generation_data,42,62,0.518,NA
44,12,replace-space-with-newline,lexicase,FALSE,20,elitize_generation_data,43,67,0.524,NA
45,12,replace-space-with-newline,lexicase,FALSE,20,elitize_generation_data,44,68,0.514,NA
46,12,replace-space-with-newline,lexicase,FALSE,20,elitize_generation_data,45,81,0.56,NA
47,12,replace-space-with-newline,lexicase,FALSE,20,elitize_generation_data,46,64,0.554,NA
48,12,replace-space-with-newline,lexicase,FALSE,20,elitize_generation_data,47,75,0.54,NA
49,12,replace-space-with-newline,lexicase,FALSE,20,elitize_generation_data,48,60,0.544,NA
50,12,replace-space-with-newline,lexicase,FALSE,20,elitize_generation_data,49,70,0.56,NA
51,12,replace-space-with-newline,lexicase,FALSE,20,elitize_generation_data,50,71,0.564,NA
52,12,replace-space-with-newline,lexicase,FALSE,20,elitize_generation_data,51,63,0.563,NA
53,12,replace-space-with-newline,lexicase,FALSE,20,elitize_generation_data,52,69,0.626,NA
54,12,replace-space-with-newline,lexicase,FALSE,20,elitize_generation_data,53,70,0.663,NA
55,12,replace-space-with-newline,lexicase,FALSE,20,elitize_generation_data,54,55,0.638,NA
56,12,replace-space-with-newline,lexicase,FALSE,20,elitize_generation_data,55,58,0.617,NA
57,12,replace-space-with-newline,lexicase,FALSE,20,elitize_generation_data,56,61,0.6,NA
58,12,replace-space-with-newline,lexicase,FALSE,20,elitize_generation_data,57,59,0.676,NA
59,12,replace-space-with-newline,lexicase,FALSE,20,elitize_generation_data,58,51,0.668,NA
60,12,replace-space-with-newline,lexicase,FALSE,20,elitize_generation_data,59,47,0.656,NA
61,12,replace-space-with-newline,lexicase,FALSE,20,elitize_generation_data,60,45,0.647,NA
62,12,replace-space-with-newline,lexicase,FALSE,20,elitize_generation_data,61,45,0.659,NA
63,12,replace-space-with-newline,lexicase,FALSE,20,elitize_generation_data,62,46,0.648,NA
64,12,replace-space-with-newline,lexicase,FALSE,20,elitize_generation_data,63,47,0.677,NA
65,12,replace-space-with-newline,lexicase,FALSE,20,elitize_generation_data,64,51,0.66,NA
66,12,replace-space-with-newline,lexicase,FALSE,20,elitize_generation_data,65,40,0.653,NA
67,12,replace-space-with-newline,lexicase,FALSE,20,elitize_generation_data,66,41,0.681,NA
68,12,replace-space-with-newline,lexicase,FALSE,20,elitize_generation_data,67,51,0.698,NA
69,12,replace-space-with-newline,lexicase,FALSE,20,elitize_generation_data,68,55,0.689,NA
70,12,replace-space-with-newline,lexicase,FALSE,20,elitize_generation_data,69,45,0.687,NA
71,12,replace-space-with-newline,lexicase,FALSE,20,elitize_generation_data,70,43,0.682,NA
72,12,replace-space-with-newline,lexicase,FALSE,20,elitize_generation_data,71,49,0.67,NA
73,12,replace-space-with-newline,lexicase,FALSE,20,elitize_generation_data,72,47,0.673,NA
74,12,replace-space-with-newline,lexicase,FALSE,20,elitize_generation_data,73,43,0.691,NA
75,12,replace-space-with-newline,lexicase,FALSE,20,elitize_generation_data,74,52,0.698,NA
76,12,replace-space-with-newline,lexicase,FALSE,20,elitize_generation_data,75,44,0.711,NA
77,12,replace-space-with-newline,lexicase,FALSE,20,elitize_generation_data,76,43,0.71,NA
78,12,replace-space-with-newline,lexicase,FALSE,20,elitize_generation_data,77,46,0.702,NA
79,12,replace-space-with-newline,lexicase,FALSE,20,elitize_generation_data,78,48,0.703,NA
80,12,replace-space-with-newline,lexicase,FALSE,20,elitize_generation_data,79,51,0.708,NA
81,12,replace-space-with-newline,lexicase,FALSE,20,elitize_generation_data,80,56,0.731,NA
82,12,replace-space-with-newline,lexicase,FALSE,20,elitize_generation_data,81,48,0.703,NA
83,12,replace-space-with-newline,lexicase,FALSE,20,elitize_generation_data,82,40,0.686,NA
84,12,replace-space-with-newline,lexicase,FALSE,20,elitize_generation_data,83,38,0.686,NA
85,12,replace-space-with-newline,lexicase,FALSE,20,elitize_generation_data,84,36,0.67,NA
86,12,replace-space-with-newline,lexicase,FALSE,20,elitize_generation_data,85,39,0.676,NA
87,12,replace-space-with-newline,lexicase,FALSE,20,elitize_generation_data,86,48,0.686,NA
88,12,replace-space-with-newline,lexicase,FALSE,20,elitize_generation_data,87,40,0.722,NA
89,12,replace-space-with-newline,lexicase,FALSE,20,elitize_generation_data,88,47,0.742,NA
90,12,replace-space-with-newline,lexicase,FALSE,20,elitize_generation_data,89,45,0.736,NA
91,12,replace-space-with-newline,lexicase,FALSE,20,elitize_generation_data,90,44,0.731,NA
92,12,replace-space-with-newline,lexicase,FALSE,20,elitize_generation_data,91,46,0.752,NA
93,12,replace-space-with-newline,lexicase,FALSE,20,elitize_generation_data,92,46,0.763,NA
94,12,replace-space-with-newline,lexicase,FALSE,20,elitize_generation_data,93,53,0.791,NA
95,12,replace-space-with-newline,lexicase,FALSE,20,elitize_generation_data,94,49,0.828,NA
96,12,replace-space-with-newline,lexicase,FALSE,20,elitize_generation_data,95,52,0.84,NA
97,12,replace-space-with-newline,lexicase,FALSE,20,elitize_generation_data,96,49,0.869,NA
98,12,replace-space-with-newline,lexicase,FALSE,20,elitize_generation_data,97,46,0.847,NA
99,12,replace-space-with-newline,lexicase,FALSE,20,elitize_generation_data,98,54,0.876,NA
100,12,replace-space-with-newline,lexicase,FALSE,20,elitize_generation_data,99,58,0.885,NA
101,12,replace-space-with-newline,lexicase,FALSE,20,elitize_generation_data,100,62,0.871,NA
102,12,replace-space-with-newline,lexicase,FALSE,20,elitize_generation_data,101,60,0.86,NA
103,12,replace-space-with-newline,lexicase,FALSE,20,elitize_generation_data,102,64,0.898,NA
104,12,replace-space-with-newline,lexicase,FALSE,20,elitize_generation_data,103,58,0.899,NA
105,12,replace-space-with-newline,lexicase,FALSE,20,elitize_generation_data,104,54,0.901,NA
106,12,replace-space-with-newline,lexicase,FALSE,20,elitize_generation_data,105,67,0.874,NA
107,12,replace-space-with-newline,lexicase,FALSE,20,elitize_generation_data,106,57,0.903,NA
108,12,replace-space-with-newline,lexicase,FALSE,20,elitize_generation_data,107,59,0.884,NA
109,12,replace-space-with-newline,lexicase,FALSE,20,elitize_generation_data,108,61,0.887,NA
110,12,replace-space-with-newline,lexicase,FALSE,20,elitize_generation_data,109,56,0.91,NA
111,12,replace-space-with-newline,lexicase,FALSE,20,elitize_generation_data,110,52,0.916,NA
112,12,replace-space-with-newline,lexicase,FALSE,20,elitize_generation_data,111,60,0.905,NA
113,12,replace-space-with-newline,lexicase,FALSE,20,elitize_generation_data,112,62,0.902,NA
114,12,replace-space-with-newline,lexicase,FALSE,20,elitize_generation_data,113,51,0.905,NA
115,12,replace-space-with-newline,lexicase,FALSE,20,elitize_generation_data,114,60,0.906,NA
116,12,replace-space-with-newline,lexicase,FALSE,20,elitize_generation_data,115,60,0.878,NA
117,12,replace-space-with-newline,lexicase,FALSE,20,elitize_generation_data,116,58,0.86,NA
118,12,replace-space-with-newline,lexicase,FALSE,20,elitize_generation_data,117,60,0.905,NA
119,12,replace-space-with-newline,lexicase,FALSE,20,elitize_generation_data,118,58,0.903,NA
120,12,replace-space-with-newline,lexicase,FALSE,20,elitize_generation_data,119,63,0.905,NA
121,12,replace-space-with-newline,lexicase,FALSE,20,elitize_generation_data,120,48,0.882,NA
122,12,replace-space-with-newline,lexicase,FALSE,20,elitize_generation_data,121,58,0.887,NA
123,12,replace-space-with-newline,lexicase,FALSE,20,elitize_generation_data,122,61,0.881,NA
124,12,replace-space-with-newline,lexicase,FALSE,20,elitize_generation_data,123,58,0.899,NA
125,12,replace-space-with-newline,lexicase,FALSE,20,elitize_generation_data,124,51,0.891,NA
126,12,replace-space-with-newline,lexicase,FALSE,20,elitize_generation_data,125,64,0.874,NA
127,12,replace-space-with-newline,lexicase,FALSE,20,elitize_generation_data,126,62,0.875,NA
128,12,replace-space-with-newline,lexicase,FALSE,20,elitize_generation_data,127,59,0.866,NA
129,12,replace-space-with-newline,lexicase,FALSE,20,elitize_generation_data,128,64,0.886,NA
130,12,replace-space-with-newline,lexicase,FALSE,20,elitize_generation_data,129,68,0.872,NA
131,12,replace-space-with-newline,lexicase,FALSE,20,elitize_generation_data,130,62,0.862,NA
132,12,replace-space-with-newline,lexicase,FALSE,20,elitize_generation_data,131,60,0.857,NA
133,12,replace-space-with-newline,lexicase,FALSE,20,elitize_generation_data,132,67,0.865,NA
134,12,replace-space-with-newline,lexicase,FALSE,20,elitize_generation_data,133,65,0.876,NA
135,12,replace-space-with-newline,lexicase,FALSE,20,elitize_generation_data,134,60,0.872,NA
136,12,replace-space-with-newline,lexicase,FALSE,20,elitize_generation_data,135,64,0.862,NA
137,12,replace-space-with-newline,lexicase,FALSE,20,elitize_generation_data,136,65,0.874,NA
138,12,replace-space-with-newline,lexicase,FALSE,20,elitize_generation_data,137,65,0.878,NA
139,12,replace-space-with-newline,lexicase,FALSE,20,elitize_generation_data,138,61,0.873,NA
140,12,replace-space-with-newline,lexicase,FALSE,20,elitize_generation_data,139,56,0.863,NA
141,12,replace-space-with-newline,lexicase,FALSE,20,elitize_generation_data,140,57,0.888,NA
142,12,replace-space-with-newline,lexicase,FALSE,20,elitize_generation_data,141,64,0.868,NA
143,12,replace-space-with-newline,lexicase,FALSE,20,elitize_generation_data,142,55,0.895,NA
144,12,replace-space-with-newline,lexicase,FALSE,20,elitize_generation_data,143,67,0.872,NA
145,12,replace-space-with-newline,lexicase,FALSE,20,elitize_generation_data,144,55,0.841,NA
146,12,replace-space-with-newline,lexicase,FALSE,20,elitize_generation_data,145,61,0.873,NA
147,12,replace-space-with-newline,lexicase,FALSE,20,elitize_generation_data,146,76,0.849,NA
148,12,replace-space-with-newline,lexicase,FALSE,20,elitize_generation_data,147,54,0.874,NA
149,12,replace-space-with-newline,lexicase,FALSE,20,elitize_generation_data,148,63,0.883,NA
150,12,replace-space-with-newline,lexicase,FALSE,20,elitize_generation_data,149,55,0.864,NA
151,12,replace-space-with-newline,lexicase,FALSE,20,elitize_generation_data,150,49,0.873,NA
152,12,replace-space-with-newline,lexicase,FALSE,20,elitize_generation_data,151,57,0.853,NA
153,12,replace-space-with-newline,lexicase,FALSE,20,elitize_generation_data,152,55,0.878,NA
154,12,replace-space-with-newline,lexicase,FALSE,20,elitize_generation_data,153,61,0.869,NA
155,12,replace-space-with-newline,lexicase,FALSE,20,elitize_generation_data,154,56,0.897,NA
156,12,replace-space-with-newline,lexicase,FALSE,20,elitize_generation_data,155,70,0.878,NA
157,12,replace-space-with-newline,lexicase,FALSE,20,elitize_generation_data,156,62,0.863,NA
158,12,replace-space-with-newline,lexicase,FALSE,20,elitize_generation_data,157,67,0.867,NA
159,12,replace-space-with-newline,lexicase,FALSE,20,elitize_generation_data,158,62,0.899,NA
160,12,replace-space-with-newline,lexicase,FALSE,20,elitize_generation_data,159,55,0.875,NA
161,12,replace-space-with-newline,lexicase,FALSE,20,elitize_generation_data,160,66,0.881,NA
162,12,replace-space-with-newline,lexicase,FALSE,20,elitize_generation_data,161,59,0.88,NA
163,12,replace-space-with-newline,lexicase,FALSE,20,elitize_generation_data,162,58,0.885,NA
164,12,replace-space-with-newline,lexicase,FALSE,20,elitize_generation_data,163,53,0.878,NA
165,12,replace-space-with-newline,lexicase,FALSE,20,elitize_generation_data,164,49,0.89,NA
166,12,replace-space-with-newline,lexicase,FALSE,20,elitize_generation_data,165,52,0.876,NA
167,12,replace-space-with-newline,lexicase,FALSE,20,elitize_generation_data,166,54,0.89,NA
168,12,replace-space-with-newline,lexicase,FALSE,20,elitize_generation_data,167,56,0.883,NA
169,12,replace-space-with-newline,lexicase,FALSE,20,elitize_generation_data,168,58,0.9,NA
170,12,replace-space-with-newline,lexicase,FALSE,20,elitize_generation_data,169,59,0.876,NA
171,12,replace-space-with-newline,lexicase,FALSE,20,elitize_generation_data,170,50,0.875,NA
172,12,replace-space-with-newline,lexicase,FALSE,20,elitize_generation_data,171,52,0.901,NA
173,12,replace-space-with-newline,lexicase,FALSE,20,elitize_generation_data,172,50,0.886,NA
174,12,replace-space-with-newline,lexicase,FALSE,20,elitize_generation_data,173,43,0.881,NA
175,12,replace-space-with-newline,lexicase,FALSE,20,elitize_generation_data,174,45,0.863,NA
176,12,replace-space-with-newline,lexicase,FALSE,20,elitize_generation_data,175,46,0.889,NA
177,12,replace-space-with-newline,lexicase,FALSE,20,elitize_generation_data,176,49,0.889,NA
178,12,replace-space-with-newline,lexicase,FALSE,20,elitize_generation_data,177,50,0.875,NA
179,12,replace-space-with-newline,lexicase,FALSE,20,elitize_generation_data,178,51,0.866,NA
180,12,replace-space-with-newline,lexicase,FALSE,20,elitize_generation_data,179,55,0.888,NA
181,12,replace-space-with-newline,lexicase,FALSE,20,elitize_generation_data,180,54,0.9,NA
182,12,replace-space-with-newline,lexicase,FALSE,20,elitize_generation_data,181,47,0.902,NA
183,12,replace-space-with-newline,lexicase,FALSE,20,elitize_generation_data,182,53,0.896,NA
184,12,replace-space-with-newline,lexicase,FALSE,20,elitize_generation_data,183,44,0.9,NA
185,12,replace-space-with-newline,lexicase,FALSE,20,elitize_generation_data,184,53,0.88,NA
186,12,replace-space-with-newline,lexicase,FALSE,20,elitize_generation_data,185,38,0.878,NA
187,12,replace-space-with-newline,lexicase,FALSE,20,elitize_generation_data,186,51,0.898,NA
188,12,replace-space-with-newline,lexicase,FALSE,20,elitize_generation_data,187,45,0.876,NA
189,12,replace-space-with-newline,lexicase,FALSE,20,elitize_generation_data,188,55,0.903,NA
190,12,replace-space-with-newline,lexicase,FALSE,20,elitize_generation_data,189,49,0.876,NA
191,12,replace-space-with-newline,lexicase,FALSE,20,elitize_generation_data,190,49,0.884,NA
192,12,replace-space-with-newline,lexicase,FALSE,20,elitize_generation_data,191,57,0.89,NA
193,12,replace-space-with-newline,lexicase,FALSE,20,elitize_generation_data,192,49,0.879,NA
194,12,replace-space-with-newline,lexicase,FALSE,20,elitize_generation_data,193,55,0.905,NA
195,12,replace-space-with-newline,lexicase,FALSE,20,elitize_generation_data,194,56,0.88,NA
196,12,replace-space-with-newline,lexicase,FALSE,20,elitize_generation_data,195,54,0.876,NA
197,12,replace-space-with-newline,lexicase,FALSE,20,elitize_generation_data,196,60,0.892,NA
198,12,replace-space-with-newline,lexicase,FALSE,20,elitize_generation_data,197,58,0.847,NA
199,12,replace-space-with-newline,lexicase,FALSE,20,elitize_generation_data,198,52,0.867,NA
200,12,replace-space-with-newline,lexicase,FALSE,20,elitize_generation_data,199,43,0.877,NA
201,12,replace-space-with-newline,lexicase,FALSE,20,elitize_generation_data,200,66,0.901,NA
202,12,replace-space-with-newline,lexicase,FALSE,20,elitize_generation_data,201,46,0.855,NA
203,12,replace-space-with-newline,lexicase,FALSE,20,elitize_generation_data,202,55,0.887,NA
204,12,replace-space-with-newline,lexicase,FALSE,20,elitize_generation_data,203,57,0.883,NA
205,12,replace-space-with-newline,lexicase,FALSE,20,elitize_generation_data,204,50,0.877,NA
206,12,replace-space-with-newline,lexicase,FALSE,20,elitize_generation_data,205,60,0.879,NA
207,12,replace-space-with-newline,lexicase,FALSE,20,elitize_generation_data,206,47,0.891,NA
208,12,replace-space-with-newline,lexicase,FALSE,20,elitize_generation_data,207,44,0.874,NA
209,12,replace-space-with-newline,lexicase,FALSE,20,elitize_generation_data,208,56,0.881,NA
210,12,replace-space-with-newline,lexicase,FALSE,20,elitize_generation_data,209,52,0.891,NA
211,12,replace-space-with-newline,lexicase,FALSE,20,elitize_generation_data,210,47,0.861,NA
212,12,replace-space-with-newline,lexicase,FALSE,20,elitize_generation_data,211,54,0.879,NA
213,12,replace-space-with-newline,lexicase,FALSE,20,elitize_generation_data,212,49,0.856,NA
214,12,replace-space-with-newline,lexicase,FALSE,20,elitize_generation_data,213,58,0.879,NA
215,12,replace-space-with-newline,lexicase,FALSE,20,elitize_generation_data,214,52,0.842,NA
216,12,replace-space-with-newline,lexicase,FALSE,20,elitize_generation_data,215,56,0.872,NA
217,12,replace-space-with-newline,lexicase,FALSE,20,elitize_generation_data,216,63,0.894,NA
218,12,replace-space-with-newline,lexicase,FALSE,20,elitize_generation_data,217,57,0.873,NA
219,12,replace-space-with-newline,lexicase,FALSE,20,elitize_generation_data,218,70,0.873,NA
220,12,replace-space-with-newline,lexicase,FALSE,20,elitize_generation_data,219,66,0.867,NA
221,12,replace-space-with-newline,lexicase,FALSE,20,elitize_generation_data,220,73,0.882,NA
222,12,replace-space-with-newline,lexicase,FALSE,20,elitize_generation_data,221,71,0.862,NA
223,12,replace-space-with-newline,lexicase,FALSE,20,elitize_generation_data,222,62,0.887,NA
224,12,replace-space-with-newline,lexicase,FALSE,20,elitize_generation_data,223,68,0.862,NA
225,12,replace-space-with-newline,lexicase,FALSE,20,elitize_generation_data,224,71,0.909,NA
226,12,replace-space-with-newline,lexicase,FALSE,20,elitize_generation_data,225,76,0.893,NA
227,12,replace-space-with-newline,lexicase,FALSE,20,elitize_generation_data,226,57,0.88,NA
228,12,replace-space-with-newline,lexicase,FALSE,20,elitize_generation_data,227,74,0.901,NA
229,12,replace-space-with-newline,lexicase,FALSE,20,elitize_generation_data,228,68,0.882,NA
230,12,replace-space-with-newline,lexicase,FALSE,20,elitize_generation_data,229,64,0.894,NA
231,12,replace-space-with-newline,lexicase,FALSE,20,elitize_generation_data,230,75,0.905,NA
232,12,replace-space-with-newline,lexicase,FALSE,20,elitize_generation_data,231,69,0.908,NA
233,12,replace-space-with-newline,lexicase,FALSE,20,elitize_generation_data,232,60,0.894,NA
234,12,replace-space-with-newline,lexicase,FALSE,20,elitize_generation_data,233,49,0.908,NA
235,12,replace-space-with-newline,lexicase,FALSE,20,elitize_generation_data,234,51,0.904,NA
236,12,replace-space-with-newline,lexicase,FALSE,20,elitize_generation_data,235,63,0.915,NA
237,12,replace-space-with-newline,lexicase,FALSE,20,elitize_generation_data,236,55,0.911,NA
238,12,replace-space-with-newline,lexicase,FALSE,20,elitize_generation_data,237,52,0.915,NA
239,12,replace-space-with-newline,lexicase,FALSE,20,elitize_generation_data,238,61,0.923,NA
240,12,replace-space-with-newline,lexicase,FALSE,20,elitize_generation_data,239,63,0.914,NA
241,12,replace-space-with-newline,lexicase,FALSE,20,elitize_generation_data,240,62,0.902,NA
242,12,replace-space-with-newline,lexicase,FALSE,20,elitize_generation_data,241,57,0.886,NA
243,12,replace-space-with-newline,lexicase,FALSE,20,elitize_generation_data,242,58,0.899,NA
244,12,replace-space-with-newline,lexicase,FALSE,20,elitize_generation_data,243,63,0.916,NA
245,12,replace-space-with-newline,lexicase,FALSE,20,elitize_generation_data,244,54,0.908,NA
246,12,replace-space-with-newline,lexicase,FALSE,20,elitize_generation_data,245,63,0.91,NA
247,12,replace-space-with-newline,lexicase,FALSE,20,elitize_generation_data,246,59,0.913,NA
248,12,replace-space-with-newline,lexicase,FALSE,20,elitize_generation_data,247,66,0.925,NA
249,12,replace-space-with-newline,lexicase,FALSE,20,elitize_generation_data,248,61,0.921,NA
250,12,replace-space-with-newline,lexicase,FALSE,20,elitize_generation_data,249,66,0.917,NA
251,12,replace-space-with-newline,lexicase,FALSE,20,elitize_generation_data,250,59,0.937,NA
252,12,replace-space-with-newline,lexicase,FALSE,20,elitize_generation_data,251,55,0.932,NA
253,12,replace-space-with-newline,lexicase,FALSE,20,elitize_generation_data,252,61,0.926,NA
254,12,replace-space-with-newline,lexicase,FALSE,20,elitize_generation_data,253,56,0.897,NA
255,12,replace-space-with-newline,lexicase,FALSE,20,elitize_generation_data,254,53,0.929,NA
256,12,replace-space-with-newline,lexicase,FALSE,20,elitize_generation_data,255,63,0.929,NA
257,12,replace-space-with-newline,lexicase,FALSE,20,elitize_generation_data,256,58,0.919,NA
258,12,replace-space-with-newline,lexicase,FALSE,20,elitize_generation_data,257,57,0.922,NA
259,12,replace-space-with-newline,lexicase,FALSE,20,elitize_generation_data,258,57,0.914,NA
260,12,replace-space-with-newline,lexicase,FALSE,20,elitize_generation_data,259,52,0.922,NA
261,12,replace-space-with-newline,lexicase,FALSE,20,elitize_generation_data,260,59,0.922,NA
262,12,replace-space-with-newline,lexicase,FALSE,20,elitize_generation_data,261,62,0.93,NA
263,12,replace-space-with-newline,lexicase,FALSE,20,elitize_generation_data,262,66,0.916,NA
264,12,replace-space-with-newline,lexicase,FALSE,20,elitize_generation_data,263,64,0.933,NA
265,12,replace-space-with-newline,lexicase,FALSE,20,elitize_generation_data,264,55,0.916,NA
266,12,replace-space-with-newline,lexicase,FALSE,20,elitize_generation_data,265,63,0.925,NA
267,12,replace-space-with-newline,lexicase,FALSE,20,elitize_generation_data,266,57,0.939,NA
268,12,replace-space-with-newline,lexicase,FALSE,20,elitize_generation_data,267,56,0.914,NA
269,12,replace-space-with-newline,lexicase,FALSE,20,elitize_generation_data,268,50,0.923,NA
270,12,replace-space-with-newline,lexicase,FALSE,20,elitize_generation_data,269,53,0.913,NA
271,12,replace-space-with-newline,lexicase,FALSE,20,elitize_generation_data,270,50,0.921,NA
272,12,replace-space-with-newline,lexicase,FALSE,20,elitize_generation_data,271,54,0.936,NA
273,12,replace-space-with-newline,lexicase,FALSE,20,elitize_generation_data,272,55,0.928,NA
274,12,replace-space-with-newline,lexicase,FALSE,20,elitize_generation_data,273,52,0.929,NA
275,12,replace-space-with-newline,lexicase,FALSE,20,elitize_generation_data,274,63,0.929,NA
276,12,replace-space-with-newline,lexicase,FALSE,20,elitize_generation_data,275,53,0.941,NA
277,12,replace-space-with-newline,lexicase,FALSE,20,elitize_generation_data,276,46,0.942,NA
278,12,replace-space-with-newline,lexicase,FALSE,20,elitize_generation_data,277,53,0.909,NA
279,12,replace-space-with-newline,lexicase,FALSE,20,elitize_generation_data,278,53,0.919,NA
280,12,replace-space-with-newline,lexicase,FALSE,20,elitize_generation_data,279,61,0.91,NA
281,12,replace-space-with-newline,lexicase,FALSE,20,elitize_generation_data,280,53,0.921,NA
282,12,replace-space-with-newline,lexicase,FALSE,20,elitize_generation_data,281,47,0.927,NA
283,12,replace-space-with-newline,lexicase,FALSE,20,elitize_generation_data,282,52,0.911,NA
284,12,replace-space-with-newline,lexicase,FALSE,20,elitize_generation_data,283,53,0.93,NA
285,12,replace-space-with-newline,lexicase,FALSE,20,elitize_generation_data,284,52,0.931,NA
286,12,replace-space-with-newline,lexicase,FALSE,20,elitize_generation_data,285,53,0.909,NA
287,12,replace-space-with-newline,lexicase,FALSE,20,elitize_generation_data,286,51,0.915,NA
288,12,replace-space-with-newline,lexicase,FALSE,20,elitize_generation_data,287,50,0.915,NA
289,12,replace-space-with-newline,lexicase,FALSE,20,elitize_generation_data,288,57,0.926,NA
290,12,replace-space-with-newline,lexicase,FALSE,20,elitize_generation_data,289,53,0.907,NA
291,12,replace-space-with-newline,lexicase,FALSE,20,elitize_generation_data,290,54,0.913,NA
292,12,replace-space-with-newline,lexicase,FALSE,20,elitize_generation_data,291,54,0.91,NA
293,12,replace-space-with-newline,lexicase,FALSE,20,elitize_generation_data,292,53,0.925,NA
294,12,replace-space-with-newline,lexicase,FALSE,20,elitize_generation_data,293,61,0.889,NA
295,12,replace-space-with-newline,lexicase,FALSE,20,elitize_generation_data,294,55,0.908,NA
296,12,replace-space-with-newline,lexicase,FALSE,20,elitize_generation_data,295,53,0.909,NA
297,12,replace-space-with-newline,lexicase,FALSE,20,elitize_generation_data,296,50,0.917,NA
298,12,replace-space-with-newline,lexicase,FALSE,20,elitize_generation_data,297,58,0.901,NA
299,12,replace-space-with-newline,lexicase,FALSE,20,elitize_generation_data,298,52,0.911,NA
300,12,replace-space-with-newline,lexicase,FALSE,20,elitize_generation_data,299,50,0.893,NA
301,12,replace-space-with-newline,lexicase,FALSE,20,elitize_generation_data,300,48,0.895,NA
